t,finish1,finish2,finish3,release1,release2,release3,start1,start2,start3
0.000000,0,0,0,1,0,1,1,0,1
0.014959,1,0,0,0,1,0,0,0,0
0.019504,0,0,0,0,0,0,0,1,0
0.039943,0,1,1,0,0,0,0,0,0
0.046215,0,0,0,0,0,1,0,0,0
0.051913,0,0,0,1,0,0,0,0,1
0.082659,0,0,1,0,0,0,0,0,0
0.096345,0,0,0,0,0,1,1,0,1
0.100808,0,0,0,1,0,0,0,0,0
0.110617,1,0,0,0,1,0,0,1,0
0.128666,0,0,1,0,0,0,1,0,0
0.135019,0,1,0,0,0,0,0,0,0
0.146167,1,0,0,0,1,1,0,1,0
0.151155,0,0,0,1,0,0,0,0,1
0.174509,0,1,0,0,0,0,0,0,0
0.177692,0,0,0,0,0,0,1,0,0
0.183151,0,0,1,0,0,0,0,0,0
0.197282,1,0,0,0,1,1,0,1,1
0.201431,0,0,0,1,0,0,0,0,0
0.223751,0,1,0,0,0,0,0,0,0
0.232213,0,0,1,0,0,0,0,0,0
0.246369,0,0,0,0,0,1,0,0,0
0.249396,0,0,0,1,0,0,1,0,0
0.267447,1,0,0,0,0,0,0,0,1
0.301619,0,0,1,1,1,1,1,0,0
0.309213,0,0,0,0,0,0,1,0,1
0.310493,0,0,0,0,0,0,0,1,0
0.316750,1,0,0,0,0,0,0,0,0
0.324295,1,0,0,0,1,0,0,0,0
0.339643,0,1,1,0,1,0,0,1,0
0.350797,0,0,0,1,0,1,0,0,0
0.354460,0,0,0,0,0,0,0,1,0
0.355480,0,0,0,0,0,0,0,0,1
0.363180,0,1,0,0,0,0,1,0,0
0.381315,1,1,0,0,1,0,0,0,0
0.386971,0,0,1,0,0,0,0,0,0
0.400798,0,0,0,1,0,1,0,1,0
0.430424,0,1,0,0,0,0,0,0,0
0.446380,0,0,0,0,0,1,0,0,1
0.447284,0,0,0,0,0,0,1,0,1
0.450394,0,0,0,1,0,0,0,0,0
0.458123,1,0,0,0,0,0,1,0,0
0.476388,1,0,1,0,0,0,0,0,0
0.484637,0,0,1,0,0,0,0,0,0
0.496244,0,0,0,0,1,1,0,1,0
0.497232,0,0,0,0,1,0,0,0,1
0.497616,0,0,0,0,0,0,0,1,0
0.501532,0,0,0,1,0,0,1,0,0
0.512569,1,0,0,0,0,0,0,0,0
0.518826,0,1,0,0,1,0,0,1,0
0.527305,0,1,1,0,0,0,0,0,0
0.548132,0,1,0,1,0,1,1,0,0
0.565208,1,0,0,0,1,0,0,1,0
0.595096,0,1,0,0,0,0,0,0,0
0.595548,0,0,0,0,0,0,0,0,1
0.596424,0,0,0,0,0,1,0,0,1
0.600117,0,0,0,1,0,0,1,0,0
0.613604,1,0,0,0,1,0,0,0,0
0.634981,0,0,1,0,0,0,0,1,0
0.636305,0,0,1,0,0,0,0,0,0
0.650416,0,0,0,1,0,1,0,0,0
0.653179,0,0,0,0,0,0,1,0,1
0.664032,1,1,0,0,1,0,0,0,0
0.671194,0,0,0,0,0,0,0,1,0
0.686013,0,0,1,0,0,0,0,0,0
0.700021,0,1,0,1,0,1,1,0,1
0.718910,1,0,0,0,0,0,0,0,0
0.722947,0,0,0,0,1,0,0,0,0
0.733160,0,0,1,0,0,0,0,1,0
0.746009,0,0,0,0,0,1,0,0,1
0.750866,0,0,0,1,0,0,0,0,0
0.759900,0,1,0,0,0,0,0,0,0
0.761503,0,0,0,0,0,0,1,0,0
0.778408,1,0,1,0,1,0,0,1,0
0.796557,0,0,0,0,0,1,0,0,1
0.799009,0,1,0,1,0,0,0,0,0
0.800783,0,0,0,0,0,0,1,0,0
0.815000,1,0,0,0,1,0,0,1,0
0.829177,0,0,1,0,0,0,0,0,0
0.839742,0,1,0,0,0,0,0,0,0
0.851967,0,0,0,1,0,1,0,0,1
0.884501,0,0,1,0,0,0,0,0,0
0.901481,0,0,0,1,0,1,0,0,0
0.951097,0,0,0,1,0,1,1,0,1
0.962799,1,0,0,0,1,0,0,1,1
0.969232,0,0,0,0,0,0,1,0,0
0.981705,1,0,1,0,1,0,0,1,0
0.992799,0,1,1,0,0,0,0,0,0
0.996713,0,0,0,0,0,1,0,0,0
0.999524,0,0,0,1,0,0,0,0,0
1.010996,0,1,0,0,0,0,0,0,1
1.049739,0,0,1,1,0,1,0,0,0
1.101071,0,0,0,1,0,1,1,0,1
1.118968,1,0,0,0,1,0,1,0,1
1.130026,1,0,0,0,1,0,1,1,0
1.140640,1,0,1,0,1,0,1,0,0
1.150896,1,1,1,1,1,1,0,1,0
1.173854,0,1,0,0,0,0,0,0,1
1.196438,0,0,0,0,0,1,1,1,1
1.201950,0,0,0,1,0,0,0,0,0
1.213442,1,0,1,0,0,0,0,1,0
1.214979,0,0,0,0,1,0,1,0,0
1.225070,1,1,0,0,0,0,0,1,0
1.225672,0,0,0,0,1,0,0,1,0
1.227048,0,0,1,0,0,0,0,0,0
1.241204,0,1,0,0,0,0,0,0,0
1.245238,0,1,0,0,0,0,0,0,0
1.250776,0,1,0,1,0,1,0,0,1
1.265881,0,0,0,0,0,0,1,0,0
1.284923,1,0,1,0,0,0,0,0,0
1.299113,0,0,0,1,1,1,1,1,0
1.319113,1,1,0,0,1,0,0,0,0
1.346721,0,0,0,0,0,1,0,0,1
1.348570,0,0,0,1,0,0,1,1,1
1.362778,1,0,0,0,1,0,0,1,0
1.370282,0,1,0,0,0,0,0,0,0
1.381483,0,0,1,0,0,0,0,0,0
1.385944,0,1,1,0,0,0,0,0,0
1.401421,0,0,0,1,0,1,0,0,1
1.440826,0,0,1,0,0,0,0,0,0
1.446727,0,0,0,0,0,1,0,0,0
1.447158,0,0,0,0,0,0,1,0,0
1.447579,0,0,0,0,0,0,0,0,1
1.449333,0,0,0,1,0,0,1,0,0
1.458304,1,0,0,0,0,0,0,0,0
1.464590,1,0,0,0,0,0,0,0,0
1.481980,0,0,1,0,0,0,0,0,0
1.500542,0,0,0,1,1,1,1,1,1
1.511518,1,0,0,0,0,0,0,0,0
1.518985,0,0,0,0,1,0,0,0,0
1.522239,0,1,0,0,0,0,0,1,0
1.533148,0,0,1,0,0,0,0,0,0
1.550344,0,1,0,1,1,1,0,0,0
1.598137,0,0,0,1,0,1,0,1,1
1.599700,0,0,0,0,0,0,1,0,0
1.618759,1,1,0,0,1,0,1,1,1
1.628360,0,0,1,0,0,0,0,0,0
1.636985,1,0,0,0,1,0,0,0,0
1.646935,0,1,0,0,0,1,0,0,1
1.648337,0,0,0,1,0,0,0,0,0
1.650047,0,0,1,0,0,0,0,0,0
1.674819,0,0,0,0,0,0,1,1,0
1.686326,1,0,1,0,1,0,0,1,0
1.696959,0,1,0,0,0,1,0,0,0
1.699761,0,0,0,1,0,0,1,0,0
1.712048,1,1,0,0,1,0,0,1,0
1.725928,0,0,0,0,0,0,0,0,1
1.734204,0,1,0,0,0,0,0,0,0
1.750240,0,0,0,1,0,1,1,0,0
1.762758,1,0,1,0,1,0,0,1,1
1.792758,0,1,1,0,0,0,0,0,0
1.800392,0,0,0,1,0,1,1,0,0
1.812683,1,0,0,0,0,0,0,0,0
1.846050,0,0,0,0,1,1,0,1,1
1.849835,0,0,0,1,0,0,1,0,1
1.869624,1,1,0,0,0,0,0,0,0
1.876050,0,0,1,0,1,0,0,1,0
1.888393,0,0,1,0,0,0,0,0,0
1.896002,0,0,0,0,0,1,0,0,1
1.900249,0,1,0,1,0,0,0,0,0
1.932053,0,0,1,0,0,0,0,0,0
1.946311,0,0,0,0,0,1,0,0,1
1.950073,0,0,0,1,0,0,0,0,0
1.983935,0,0,1,0,0,0,0,0,0
1.996273,0,0,0,0,0,1,1,0,1
1.998263,0,0,0,1,0,0,0,0,0
2.011760,1,0,0,0,0,0,1,0,0
2.026301,1,0,1,0,1,0,1,1,0
2.046094,1,0,0,0,0,1,0,0,1
2.050604,0,1,0,1,1,0,1,1,0
2.065544,1,0,0,0,0,0,0,0,0
2.071838,0,1,0,0,0,0,0,0,0
2.074029,0,0,0,0,1,0,0,0,0
2.085439,0,0,1,0,1,0,0,0,0
2.098923,0,0,0,1,0,1,1,1,0
2.118923,1,1,0,0,1,0,0,1,0
2.148642,0,1,0,1,0,1,0,1,1
2.172542,0,1,0,0,0,0,1,0,1
2.182792,1,0,1,0,1,0,0,0,0
2.196568,0,0,0,0,0,1,0,1,1
2.201549,0,0,0,1,0,0,1,0,0
2.211560,1,0,1,0,1,0,0,0,0
2.226568,0,1,1,0,0,0,0,0,0
2.250476,0,0,0,1,0,1,1,0,0
2.261653,1,0,0,0,1,0,0,0,1
2.300134,0,0,1,1,0,1,1,0,1
2.314696,1,0,0,0,0,0,0,0,0
2.334513,0,0,1,0,1,0,0,1,0
2.346400,0,0,0,0,0,1,0,1,0
2.349949,0,0,0,1,0,0,0,0,0
2.360820,0,1,0,0,0,0,0,0,1
2.371619,0,1,0,0,0,0,0,0,0
2.400300,0,0,1,1,0,1,0,0,0
2.451783,0,0,0,1,0,1,0,0,1
2.465205,0,0,0,0,0,0,1,1,1
2.477659,1,0,0,0,1,0,1,0,0
2.480426,0,0,0,0,0,0,1,1,0
2.491568,1,1,1,0,1,0,0,1,0
2.496449,1,0,1,0,1,1,0,1,1
2.499164,0,0,0,1,0,0,0,0,0
2.501474,0,1,0,0,0,0,0,0,0
2.506536,0,0,0,0,0,0,1,0,0
2.518080,1,1,0,0,0,0,0,0,0
2.525151,0,1,0,0,1,0,0,0,0
2.526025,0,0,0,0,0,0,0,1,0
2.531914,0,0,1,0,0,0,0,0,0
2.550891,0,1,0,1,0,1,0,0,1
2.583336,0,0,1,0,0,0,0,0,0
2.596381,0,0,0,0,0,1,0,0,1
2.597100,0,0,0,0,0,0,1,0,0
2.598136,0,0,0,1,0,0,1,0,0
2.613808,1,0,0,0,1,0,0,1,0
2.617743,1,0,0,0,1,0,0,0,0
2.632627,0,0,1,0,0,0,0,0,0
2.633221,0,0,0,0,0,0,0,1,0
2.634364,0,1,0,0,0,0,0,0,0
2.649467,0,0,0,1,0,1,1,0,1
2.654120,0,1,0,0,0,0,0,0,0
2.663831,1,0,0,0,0,0,0,0,0
2.666733,0,0,0,0,1,0,0,1,0
2.684524,0,0,1,0,0,0,0,0,0
2.696088,0,1,0,0,0,1,0,0,0
2.699659,0,0,0,1,0,0,0,0,0
2.746227,0,0,0,0,0,1,0,0,0
2.748096,0,0,0,1,0,0,0,0,1
2.769216,0,0,0,0,0,0,1,0,0
2.784089,1,0,1,0,1,0,0,0,1
2.785774,0,0,0,0,0,0,1,0,0
2.799707,1,0,0,1,1,1,1,1,0
2.811585,1,0,0,0,1,0,0,0,0
2.820403,0,1,1,0,0,0,0,1,1
2.833906,0,0,0,0,0,0,0,1,0
2.850403,0,1,1,1,0,1,1,0,0
2.856795,0,1,0,0,0,0,0,0,1
2.870230,1,0,0,0,1,0,0,1,0
2.896281,0,1,1,0,0,1,0,0,1
2.898325,0,0,0,1,0,0,1,0,0
2.911120,1,0,0,0,1,0,0,0,0
2.935969,0,0,1,0,0,0,0,0,0
2.950192,0,0,0,1,0,1,0,0,1
2.983526,0,0,1,0,0,0,1,0,0
2.999064,1,0,0,1,0,1,0,1,1
3.026955,0,1,0,0,1,0,0,1,0
3.029743,0,0,1,0,0,0,0,0,0
3.046130,0,0,0,0,0,1,1,0,1
3.049518,0,1,0,1,0,0,0,0,0
3.061433,1,0,0,0,0,0,1,0,0
3.079135,1,0,1,0,0,0,0,0,0
3.089276,0,0,0,0,1,0,0,0,0
3.098705,0,0,0,1,1,1,0,0,0
3.143993,0,0,0,0,0,0,0,1,0
3.146893,0,0,0,0,0,1,1,0,1
3.147024,0,0,0,0,0,0,0,0,1
3.148325,0,0,0,1,0,0,1,1,0
3.165899,1,1,0,0,1,0,0,0,0
3.168325,1,1,0,0,1,0,0,1,0
3.175678,0,0,0,0,0,0,0,1,0
3.185191,0,0,1,0,0,0,0,0,0
3.186258,0,0,1,0,0,0,0,0,0
3.198003,0,1,0,1,0,1,1,0,0
3.200312,0,1,0,0,0,0,0,0,1
3.213029,1,0,0,0,1,0,0,1,0
3.239540,0,1,1,0,0,0,0,0,0
3.248714,0,0,0,1,0,1,0,0,0
3.268512,0,0,0,0,0,0,1,0,0
3.282916,1,0,0,0,0,0,0,0,1
3.296227,0,0,0,0,0,1,0,0,0
3.298000,0,0,0,1,1,0,1,1,1
3.308000,1,0,0,0,1,0,0,1,0
3.322407,0,1,1,0,0,0,0,0,0
3.329351,0,1,1,0,0,0,0,0,0
3.350332,0,0,0,1,0,1,0,0,0
3.396480,0,0,0,0,0,1,0,0,0
3.397006,0,0,0,0,0,0,0,0,1
3.398432,0,0,0,1,0,0,0,0,0
3.430473,0,0,1,0,0,0,0,0,1
3.446810,0,0,0,0,0,1,1,0,1
3.449542,0,0,0,1,0,0,1,0,0
3.462230,1,0,1,0,1,0,0,1,0
3.466022,1,0,0,0,1,0,1,0,0
3.477855,1,0,1,0,1,0,0,1,0
3.489946,0,1,0,0,0,0,0,1,0
3.497891,0,1,0,0,0,1,0,0,0
3.500656,0,0,0,1,0,0,1,0,0
3.519017,1,1,0,0,0,0,0,0,0
3.550325,0,0,0,1,1,1,1,0,1
3.555731,0,0,0,0,0,0,0,1,1
3.565384,1,0,0,0,1,0,0,1,0
3.576813,0,1,0,0,0,0,0,0,0
3.586929,0,1,1,0,0,0,0,0,0
3.593580,0,0,1,0,0,0,0,0,0
3.601600,0,0,0,1,0,1,1,0,0
3.618403,1,0,0,0,1,0,0,1,0
3.648158,0,1,0,1,0,1,0,0,0
3.699842,0,0,0,1,0,1,0,0,1
3.705879,0,0,0,0,0,0,1,0,0
3.722273,1,0,0,0,1,0,0,1,1
3.724453,0,0,0,0,0,0,1,0,0
3.732035,0,0,1,0,0,0,0,0,0
3.742279,1,1,0,0,1,0,0,1,1
3.751108,0,0,0,1,0,1,1,0,0
3.761925,1,0,1,0,1,0,0,0,1
3.769527,0,1,0,0,0,0,0,0,0
3.770745,0,0,0,0,0,0,0,1,0
3.781585,0,0,1,0,0,0,0,0,0
3.799445,0,1,1,1,0,1,1,0,1
3.818163,1,0,0,0,1,0,0,0,0
3.834064,0,0,1,0,0,0,0,1,0
3.850007,0,0,0,1,0,1,1,0,1
3.860558,1,1,0,0,1,0,0,1,0
3.883090,0,1,1,0,0,0,0,0,0
3.896607,0,0,0,0,0,1,0,0,0
3.897054,0,0,0,0,0,0,0,0,1
3.901782,0,0,0,1,0,0,0,0,0
3.927179,0,0,1,0,0,0,1,0,0
3.939208,1,0,0,0,1,0,0,1,0
3.951571,0,0,0,1,0,1,0,0,0
3.954457,0,0,0,0,0,0,1,0,0
3.968767,1,1,0,0,1,0,0,1,0
3.990635,0,1,0,0,0,0,0,0,1
3.996897,0,0,0,0,0,1,0,0,0
3.999043,0,0,0,1,0,0,0,0,0
4.008920,0,0,0,0,0,0,1,0,1
4.019478,1,0,0,0,1,0,0,1,0
4.024573,0,0,1,0,0,0,0,0,0
4.048811,0,1,1,1,0,1,0,0,1
4.079905,0,0,1,0,0,0,1,0,0
4.098892,1,0,0,1,1,1,1,1,1
4.118892,1,1,0,0,1,0,0,0,0
4.121733,0,0,0,0,0,0,0,1,0
4.132963,0,0,1,0,0,0,0,0,0
4.146036,0,1,0,0,0,1,0,0,1
4.148687,0,0,0,1,0,0,0,0,0
4.164666,0,0,0,0,0,0,1,0,0
4.177388,1,0,1,0,1,0,0,0,0
4.201081,0,0,0,1,0,1,1,1,1
4.221081,1,1,0,0,1,0,0,0,0
4.240602,0,0,1,0,0,0,0,1,0
4.246311,0,0,0,0,0,1,0,0,0
4.251528,0,0,0,1,0,0,1,0,0
4.267283,1,1,0,0,0,0,0,0,0
4.298354,0,0,0,1,1,1,0,0,1
4.312129,0,0,0,0,0,0,0,1,0
4.328882,0,0,1,0,0,0,1,0,0
4.339261,1,1,0,0,1,0,0,0,0
4.346109,0,0,0,0,0,1,0,0,1
4.351127,0,0,0,1,0,0,0,0,0
4.376189,0,0,1,0,0,0,0,1,0
4.396822,0,1,0,0,0,1,0,0,1
4.401737,0,0,0,1,0,0,1,0,0
4.420968,1,0,0,0,1,0,1,1,0
4.431990,1,0,1,0,1,0,0,1,1
4.449529,0,1,0,1,0,1,1,0,0
4.461990,1,1,1,0,1,0,0,0,0
4.498732,0,0,0,1,0,1,1,1,0
4.509842,1,0,0,0,0,0,0,0,1
4.528555,0,1,0,0,1,0,0,0,0
4.542085,0,0,1,0,0,0,0,1,0
4.546071,0,0,0,0,0,1,0,0,0
4.550957,0,0,0,1,0,0,1,0,0
4.561027,1,0,0,0,1,0,0,1,1
4.562934,0,1,0,0,0,0,0,0,0
4.591027,0,1,1,0,0,0,0,0,1
4.599250,0,0,0,1,0,1,1,0,0
4.614080,1,0,0,0,1,0,0,0,1
4.621545,0,0,1,0,0,0,0,0,0
4.644918,0,0,1,0,0,0,0,0,0
4.646207,0,0,0,0,0,1,0,1,1
4.650897,0,0,0,1,0,0,0,0,0
4.670921,0,1,0,0,0,0,1,0,0
4.678462,0,0,1,0,0,0,0,0,0
4.685173,1,0,0,0,1,0,0,0,0
4.696648,0,0,0,0,0,1,0,0,1
4.698882,0,0,0,1,0,0,1,0,0
4.716904,1,0,0,0,0,0,0,1,0
4.732698,0,0,1,0,1,0,0,1,0
4.743281,0,1,0,0,0,0,0,0,0
4.746823,0,0,0,0,0,1,0,0,0
4.751390,0,0,0,1,0,0,0,0,0
4.752251,0,0,0,0,0,0,1,0,0
4.762340,1,1,0,0,1,0,0,0,0
4.796236,0,0,0,0,0,1,0,1,1
4.800901,0,0,0,1,0,0,1,0,1
4.818561,1,1,0,0,1,0,0,0,0
4.829050,0,0,1,0,0,0,0,0,0
4.829980,0,0,0,0,0,0,0,1,0
4.838042,0,0,1,0,0,0,0,0,0
4.848361,0,0,0,1,0,1,0,0,0
4.857305,0,1,0,0,0,0,0,0,0
4.875464,0,0,0,0,0,0,0,0,1
4.896342,0,0,0,0,0,1,1,0,0
4.898040,0,0,0,1,0,0,1,0,0
4.905696,0,0,1,0,0,0,0,0,1
4.910557,1,0,0,0,1,0,0,1,0
4.917415,1,0,0,0,0,0,0,0,0
4.938491,0,1,1,0,0,0,0,0,0
4.950758,0,0,0,1,1,1,1,1,1
4.961011,1,0,0,0,0,0,0,0,0
4.973750,0,1,0,0,1,0,0,1,0
4.981680,0,0,1,0,0,0,0,0,0
4.996243,0,1,0,0,0,1,0,0,1
5.001260,0,0,0,1,0,0,0,0,0
5.017022,0,0,0,0,0,0,1,0,0
5.031060,1,0,1,0,1,0,0,0,0
5.046401,0,0,0,0,0,1,0,0,0
5.050345,0,0,0,1,0,0,0,1,0
5.075775,0,1,0,0,0,0,1,0,0
5.094293,1,0,0,0,0,0,0,0,1
5.098876,0,0,0,1,1,1,0,1,1
5.121056,0,1,0,0,0,0,0,0,0
5.129936,0,0,1,0,0,0,1,0,0
5.138103,0,0,1,0,0,0,0,0,0
5.149787,1,0,0,1,1,1,1,1,1
5.159787,1,0,0,0,1,0,0,1,0
5.179787,0,1,1,0,0,0,0,0,0
5.182423,0,1,0,0,0,0,0,0,0
5.200036,0,0,0,1,0,1,1,0,1
5.215793,1,0,0,0,0,0,0,0,0
5.230237,0,0,1,0,0,0,0,0,0
5.251595,0,0,0,1,0,1,1,0,1
5.254524,0,0,0,0,1,0,0,0,0
5.266351,1,0,0,0,1,0,0,1,0
5.282682,0,0,1,0,0,0,0,1,0
5.296298,0,1,0,0,0,1,0,0,0
5.297114,0,0,0,0,0,0,0,0,1
5.298526,0,0,0,1,0,0,0,0,0
5.309984,0,1,0,0,0,0,1,0,0
5.328965,1,0,1,0,1,0,0,1,0
5.349034,0,1,0,1,0,1,1,0,1
5.363431,1,0,0,0,1,0,0,1,0
5.388945,0,1,1,0,0,0,0,0,0
5.396640,0,0,0,0,0,1,0,0,0
5.398671,0,0,0,1,0,0,0,0,1
5.438094,0,0,1,0,0,0,1,0,0
5.449510,1,0,0,1,0,1,0,0,0
5.500407,0,0,0,1,0,1,1,0,1
5.517484,1,0,0,0,0,0,1,0,1
5.528509,1,0,0,0,1,0,0,1,0
5.529477,0,0,0,0,1,0,0,0,0
5.536607,0,0,1,0,1,0,0,1,0
5.548241,0,0,1,1,0,1,1,0,1
5.558374,1,1,0,0,0,0,0,1,0
5.559666,0,1,0,0,1,0,0,1,0
5.587793,0,1,1,0,0,0,0,0,0
5.589126,0,1,0,0,0,0,0,0,0
5.601498,0,0,0,1,0,1,0,0,1
5.631510,0,0,1,0,0,0,0,0,0
5.648983,0,0,0,1,0,1,1,0,0
5.657575,0,0,0,0,0,0,1,0,0
5.668810,1,0,0,0,1,0,0,0,1
5.673540,1,0,0,0,0,0,0,1,0
5.699340,0,1,1,1,0,1,1,0,0
5.701785,0,0,0,0,0,0,0,0,1
5.710737,1,0,0,0,1,0,0,1,0
5.730765,0,1,0,0,1,0,0,0,0
5.731158,0,0,0,0,0,0,0,1,0
5.734413,0,0,1,0,0,0,0,0,0
5.746401,0,0,0,0,0,1,0,0,1
5.751514,0,1,0,1,0,0,1,0,0
5.770993,1,0,0,0,0,0,0,0,0
5.773611,0,0,0,0,1,0,0,1,0
5.781401,0,0,1,0,0,0,0,0,0
5.796384,0,1,0,0,0,1,0,0,1
5.800506,0,0,0,1,0,0,0,0,0
5.834677,0,0,1,0,0,0,0,0,0
5.846025,0,0,0,0,0,1,1,0,1
5.849245,0,0,0,1,0,0,0,0,0
5.860274,1,0,0,0,0,0,0,0,0
5.869472,0,0,0,0,0,0,1,0,0
5.870544,0,0,0,0,1,0,0,1,0
5.884504,1,0,1,0,1,0,0,0,0
5.898295,0,1,0,1,0,1,0,1,1
5.928295,0,1,1,0,0,0,0,0,0
5.951246,0,0,0,1,0,1,0,0,0
5.971989,0,0,0,0,0,0,1,0,0
5.989612,1,0,0,0,1,0,1,1,0
6.001749,1,0,0,1,0,1,1,0,1
6.014359,1,1,0,0,0,0,0,0,0
6.033057,0,0,1,0,0,0,0,0,1
6.048694,0,0,0,1,0,1,1,0,0
6.054227,0,0,0,0,1,0,0,1,0
6.063739,1,0,1,0,0,0,0,0,0
6.078321,0,1,0,0,1,0,0,1,0
6.096642,0,0,0,0,0,1,0,0,1
6.101650,0,1,0,1,0,0,1,0,0
6.110128,0,0,0,0,1,0,0,1,1
6.114910,1,0,0,0,0,0,0,0,0
6.131758,0,1,1,0,0,0,0,0,0
6.148680,0,0,1,1,1,1,1,1,0
6.159809,1,0,0,0,1,0,0,0,1
6.169629,0,1,0,0,0,0,0,0,0
6.196178,0,0,1,0,0,1,0,1,1
6.199264,0,0,0,1,0,0,0,0,0
6.226178,0,1,1,0,0,0,0,0,0
6.246943,0,0,0,0,0,1,0,0,1
6.247204,0,0,0,0,0,0,1,0,0
6.249911,0,0,0,1,0,0,0,0,0
6.260775,1,0,0,0,1,0,1,0,0
6.275446,1,0,0,0,0,0,0,0,0
6.277143,0,0,1,0,0,0,0,1,0
6.296130,0,0,0,0,1,1,0,0,1
6.296199,0,0,0,0,0,0,0,1,0
6.301011,0,1,0,1,0,0,1,0,0
6.319746,1,1,0,0,1,0,0,1,0
6.335722,0,0,1,0,0,0,0,0,0
6.341746,0,1,0,0,0,0,0,0,0
6.350273,0,0,0,1,0,1,0,0,0
6.401262,0,0,0,1,0,1,0,0,0
6.446009,0,0,0,0,0,1,1,0,0
6.449518,0,0,0,1,0,0,0,0,1
6.459819,1,0,0,0,1,0,1,1,0
6.479642,1,0,1,0,0,0,0,0,0
6.479730,0,0,0,0,1,0,1,1,0
6.479775,0,0,0,0,0,0,0,0,1
6.489791,1,1,0,0,1,0,0,0,1
6.498544,0,0,0,1,0,1,1,0,1
6.501816,0,1,0,0,0,0,0,1,0
6.508641,1,0,0,0,1,0,0,1,0
6.514469,0,0,1,0,0,0,0,0,0
6.520687,0,0,1,0,0,0,0,0,0
6.529859,0,1,1,0,0,0,0,0,0
6.533372,0,1,0,0,0,0,0,0,0
6.546417,0,0,0,0,0,1,0,0,1
6.550807,0,0,0,1,0,0,1,0,0
6.566407,1,0,0,0,1,0,0,1,0
6.586411,0,1,1,0,0,0,0,0,0
6.601000,0,0,0,1,0,1,1,0,0
6.620465,1,0,0,0,0,0,0,0,0
6.646476,0,0,0,0,1,1,0,1,0
6.648471,0,0,0,1,0,0,1,0,1
6.667715,1,1,0,0,1,0,0,0,0
6.676389,0,0,0,0,0,0,0,0,1
6.680484,0,0,1,0,0,0,0,1,0
6.698983,0,0,0,1,0,1,1,0,0
6.709464,1,1,1,0,1,0,0,1,1
6.729545,0,1,0,0,0,0,0,0,0
6.748530,0,0,1,1,0,1,0,0,1
6.779577,0,0,1,0,0,0,1,0,0
6.793090,1,0,0,0,1,0,0,0,0
6.801378,0,0,0,1,0,1,0,1,0
6.812789,0,0,0,0,0,0,0,0,1
6.824579,0,1,0,0,0,0,0,0,0
6.844345,0,0,1,0,0,0,1,0,0
6.849165,0,0,0,1,0,1,1,0,0
6.854978,1,0,0,0,0,0,0,0,1
6.856171,0,0,0,0,1,0,0,1,0
6.868439,1,0,0,0,1,0,0,1,0
6.877586,0,1,0,0,0,0,0,0,0
6.886166,0,0,1,0,0,0,0,0,0
6.890245,0,1,0,0,0,0,0,0,0
6.896888,0,0,0,0,0,1,0,0,1
6.899353,0,0,0,1,0,0,1,0,0
6.911043,1,0,0,0,0,0,0,0,0
6.927722,0,0,1,0,1,0,0,1,0
6.951479,0,1,0,1,0,1,0,0,0
6.980421,0,0,0,0,0,0,1,0,1
6.998474,1,0,0,1,1,1,1,0,0
7.004425,0,0,0,0,0,0,0,1,1
7.017477,1,0,1,0,1,0,0,0,0
7.034425,0,1,1,0,0,0,0,0,0
7.051318,0,0,0,1,0,1,1,0,1
7.058318,0,0,0,0,0,0,0,1,0
7.062092,1,0,0,0,0,0,0,0,0
7.078776,0,1,0,0,0,0,0,0,0
7.087911,0,0,1,0,0,0,0,0,0
7.098657,0,0,0,1,0,1,1,0,1
7.108740,1,0,0,0,1,0,0,0,0
7.112085,0,0,0,0,1,0,0,0,0
7.130657,0,0,1,0,0,0,0,0,0
7.149346,0,0,0,1,0,1,1,0,1
7.165079,1,0,0,0,1,0,0,1,0
7.169966,0,0,0,0,0,0,0,1,0
7.188594,0,1,1,0,0,0,0,0,0
7.194320,0,1,0,0,0,0,0,0,0
7.196921,0,0,0,0,0,1,0,1,1
7.198669,0,0,0,1,0,0,1,0,0
7.217646,1,1,0,0,1,0,0,0,0
7.235212,0,0,1,0,0,0,0,0,0
7.251332,0,0,0,1,0,1,0,0,1
7.285775,0,0,1,0,0,0,0,0,0
7.300177,0,0,0,1,0,1,1,0,0
7.317206,1,0,0,0,1,0,0,1,0
7.319093,0,0,0,0,0,0,0,1,1
7.338269,0,1,0,0,0,0,1,0,0
7.349093,1,1,1,1,0,1,0,0,0
7.396979,0,0,0,0,1,1,1,0,1
7.397724,0,0,0,0,0,0,0,1,1
7.400562,0,0,0,1,0,0,1,0,0
7.413673,1,0,0,0,1,0,0,0,0
7.416324,1,0,0,0,1,0,0,0,0
7.427298,0,1,1,0,0,0,0,1,0
7.430573,0,0,1,0,0,0,0,0,0
7.441470,0,0,0,0,0,0,0,1,0
7.451224,0,1,0,1,0,1,0,0,0
7.457007,0,0,0,0,0,0,1,0,0
7.470773,1,1,0,0,0,0,0,0,0
7.501216,0,0,0,1,0,1,0,0,1
7.519518,0,0,0,0,1,0,0,1,1
7.537906,0,0,1,0,0,0,0,0,0
7.538563,0,0,0,0,0,0,1,0,0
7.549518,1,1,1,1,1,1,1,1,0
7.551348,0,0,0,0,0,0,0,0,1
7.563936,1,0,0,0,1,0,0,1,0
7.576020,0,1,0,0,0,0,0,0,0
7.585794,0,1,1,0,0,0,0,0,0
7.596092,0,0,0,0,0,1,0,0,0
7.599401,0,0,0,1,0,0,0,0,0
7.651080,0,0,0,1,0,1,0,0,0
7.696152,0,0,0,0,0,1,0,0,1
7.697060,0,0,0,0,0,0,0,0,1
7.698182,0,0,0,1,0,0,0,0,1
7.712553,0,0,0,0,0,0,1,0,0
7.724286,1,0,0,0,1,0,1,0,0
7.727649,0,0,1,0,0,0,1,1,0
7.731547,0,0,1,0,0,0,0,0,0
7.736248,1,0,1,0,0,0,0,0,0
7.747649,1,1,0,0,1,1,0,1,0
7.750016,0,0,0,1,1,0,0,1,0
7.768447,0,1,0,0,0,0,1,0,1
7.778706,1,1,0,0,1,0,0,1,0
7.800417,0,1,1,1,0,1,1,0,0
7.819263,1,0,0,0,0,0,0,0,0
7.849651,0,0,0,1,1,1,1,1,0
7.864624,1,0,0,0,1,0,0,0,1
7.865962,0,0,0,0,0,0,0,0,1
7.867214,0,0,0,0,0,0,0,1,0
7.879474,0,1,0,0,0,0,0,0,0
7.897030,0,1,1,0,0,1,0,0,1
7.901094,0,0,1,1,0,0,0,0,0
7.930027,0,0,1,0,0,0,1,0,0
7.948936,1,0,0,1,0,1,1,0,1
7.952377,0,0,0,0,1,0,0,1,0
7.960209,1,0,0,0,1,0,0,1,0
7.981094,0,1,1,0,0,0,0,0,0
7.982381,0,1,0,0,0,0,0,0,0
7.996655,0,0,0,0,0,1,0,0,1
7.998058,0,0,0,1,0,0,0,0,0
8.016776,0,0,0,0,0,0,1,0,0
8.026714,0,0,1,0,0,0,0,0,0
8.029640,1,0,0,0,1,0,0,1,0
8.048584,0,0,0,1,0,1,1,0,0
8.053694,0,1,0,0,0,0,0,0,0
8.055510,0,0,0,0,0,0,0,0,1
8.062087,1,0,0,0,0,0,0,0,0
8.086093,0,0,1,0,0,0,0,0,0
8.096667,0,0,0,0,0,1,0,0,0
8.097565,0,0,0,0,1,0,0,1,1
8.098689,0,0,0,1,0,0,0,0,0
8.114718,0,0,0,0,0,0,1,0,0
8.127565,1,1,1,0,1,0,0,1,0
8.149432,0,1,0,1,0,1,0,0,1
8.171395,0,0,0,0,0,0,1,0,0
8.181975,1,0,1,0,1,0,0,0,0
8.199500,0,0,0,1,0,1,1,0,0
8.213484,1,0,0,0,1,0,0,0,0
8.251274,0,0,0,1,0,1,1,1,1
8.271274,1,1,0,0,1,0,0,1,0
8.291274,0,1,1,0,0,0,0,1,1
8.296462,0,0,0,0,0,1,0,0,1
8.298774,0,0,0,1,0,0,1,0,0
8.310263,1,0,0,0,1,0,0,0,0
8.321274,0,1,1,0,0,0,0,0,0
8.330260,0,0,1,0,0,0,0,1,0
8.348941,0,0,0,1,0,1,0,0,1
8.353980,0,1,0,0,0,0,0,0,0
8.373423,0,0,0,0,0,0,1,0,0
8.380969,0,0,1,0,0,0,0,0,0
8.391008,1,0,0,0,0,0,0,0,0
8.392064,0,0,0,0,1,0,0,1,0
8.396934,0,0,0,0,0,1,0,0,0
8.401727,0,0,0,1,0,0,1,0,1
8.413928,1,1,0,0,1,0,0,1,0
8.432833,0,0,1,0,0,0,0,0,0
8.439456,0,1,0,0,0,0,0,0,0
8.446595,0,0,0,0,0,1,0,0,0
8.451249,0,0,0,1,0,0,0,0,0
8.500607,0,0,0,1,0,1,1,0,0
8.519489,1,0,0,0,0,0,0,0,1
8.549585,0,0,1,1,1,1,1,1,1
8.569585,1,1,0,0,0,0,0,0,1
8.576147,0,0,0,0,1,0,1,1,0
8.588661,1,0,1,0,1,0,0,1,0
8.598544,0,1,0,1,0,1,0,0,1
8.602224,0,0,1,0,0,0,1,0,0
8.613530,1,1,0,0,1,0,0,0,0
8.630900,0,0,1,0,0,0,0,0,0
8.649032,0,0,0,1,0,1,0,0,1
8.683575,0,0,1,0,0,0,0,0,0
8.701333,0,0,0,1,0,1,1,0,0
8.712009,1,0,0,0,0,0,0,1,1
8.736073,0,1,0,0,0,0,0,0,0
8.746742,0,0,1,0,1,1,0,1,0
8.748539,0,0,0,1,0,0,1,0,1
8.766870,1,1,0,0,1,0,1,0,0
8.786205,1,0,1,0,0,0,0,1,0
8.801749,0,0,0,1,1,1,1,1,1
8.815670,1,1,0,0,1,0,0,1,0
8.827710,0,1,0,0,0,0,0,0,0
8.834304,0,0,1,0,0,0,0,0,0
8.842926,0,1,0,0,0,0,0,0,0
8.850336,0,0,0,1,0,1,1,0,1
8.861928,1,0,0,0,1,0,0,0,0
8.868851,0,0,0,0,0,0,0,1,0
8.881715,0,0,1,0,0,0,0,0,0
8.898675,0,1,0,1,0,1,0,0,1
8.933876,0,0,1,0,0,0,1,0,0
8.944752,1,0,0,0,1,0,0,1,0
8.950539,0,0,0,1,0,1,1,0,1
8.965363,1,1,0,0,0,0,0,0,0
8.990208,0,0,1,0,1,0,0,1,0
9.000897,0,0,0,1,0,1,1,0,0
9.016228,1,1,0,0,1,0,0,0,0
9.037139,0,0,0,0,0,0,0,0,1
9.046828,0,0,0,0,0,1,0,1,1
9.051923,0,0,0,1,0,0,0,0,0
9.070913,0,1,1,0,0,0,1,0,0
9.084418,1,0,1,0,1,0,0,1,0
9.099022,0,0,0,1,0,1,0,0,1
9.108937,0,1,0,0,0,0,1,0,0
9.123962,1,0,0,0,1,0,0,0,0
9.125268,0,0,0,0,0,0,0,1,0
9.129055,0,0,1,0,0,0,0,0,0
9.146136,0,1,0,0,0,1,0,0,1
9.149520,0,0,0,1,0,0,0,0,0
9.183120,0,0,1,0,0,0,0,0,0
9.196329,0,0,0,0,0,1,1,0,0
9.198851,0,0,0,1,0,0,1,0,0
9.213194,1,0,0,0,1,0,0,0,0
9.215125,1,0,0,0,0,0,0,0,0
9.249962,0,0,0,1,1,1,1,1,0
9.263207,1,0,0,0,1,0,0,1,1
9.267070,0,0,0,0,0,0,0,1,0
9.271501,0,1,0,0,0,0,0,0,1
9.293207,0,1,1,0,0,0,0,0,0
9.296237,0,1,0,0,0,1,0,0,0
9.297073,0,0,0,0,0,0,0,0,1
9.301813,0,0,1,1,0,0,0,0,0
9.325104,0,0,0,0,0,0,1,0,0
9.336766,1,0,1,0,1,0,0,0,0
9.346741,0,0,0,0,0,1,0,1,1
9.348308,0,0,0,1,0,0,1,0,0
9.367262,1,1,0,0,1,0,0,0,0
9.379521,0,0,1,0,0,0,0,1,0
9.398347,0,0,0,1,0,1,0,0,0
9.399276,0,0,0,0,0,0,1,0,1
9.402693,0,1,0,0,0,0,0,0,0
9.414041,1,0,0,0,1,0,0,0,0
9.438565,0,0,1,0,0,0,0,1,0
9.446907,0,0,0,0,0,1,0,0,1
9.450175,0,0,0,1,0,0,0,0,0
9.455881,0,0,0,0,0,0,1,0,0
9.466881,1,1,0,0,1,0,0,1,0
9.482061,0,0,1,0,0,0,0,0,0
9.496670,0,1,0,0,0,1,0,0,1
9.501574,0,0,0,1,0,0,0,0,0
9.529879,0,0,1,0,0,0,0,0,0
9.546565,0,0,0,0,0,1,1,0,1
9.551174,0,0,0,1,0,0,0,0,0
9.565908,1,0,0,0,1,0,1,0,0
9.576111,1,0,0,0,1,0,0,1,0
9.578857,0,0,1,0,0,0,0,1,0
9.601759,0,1,0,1,0,1,1,0,1
9.603465,0,1,0,0,0,0,0,0,0
9.614575,1,0,0,0,1,0,0,0,0
9.640101,0,0,1,0,0,0,0,0,0
9.651790,0,0,0,1,0,1,1,0,0
9.671088,1,0,0,0,1,0,0,1,1
9.698832,0,1,0,1,0,1,1,0,0
9.706558,0,0,1,0,0,0,0,0,0
9.712651,1,0,0,0,0,0,0,0,1
9.716705,0,0,0,0,1,0,0,1,0
9.725580,0,0,0,0,0,0,0,1,0
9.736732,0,1,0,0,0,0,0,0,0
9.748055,0,1,1,1,0,1,0,0,1
9.784667,0,0,1,0,0,0,0,0,0
9.799349,0,0,0,1,0,1,0,0,0
9.849242,0,0,0,1,0,1,0,0,0
9.896486,0,0,0,0,0,1,1,0,1
9.897337,0,0,0,0,0,0,0,0,1
9.898324,0,0,0,1,0,0,1,0,1
9.910731,1,0,0,0,1,0,1,0,0
9.916870,1,0,0,0,0,0,0,1,0
9.924293,1,0,0,0,0,0,0,0,0
9.925449,0,0,0,0,1,0,0,1,0
9.926370,0,0,0,0,1,0,0,1,0
9.928769,0,0,1,0,0,0,1,0,0
9.931587,0,0,1,0,0,0,0,0,0
9.934449,0,0,1,0,0,0,0,0,0
9.946742,1,1,0,0,0,1,0,0,1
9.951145,0,1,0,1,0,0,0,0,0
9.952189,0,1,0,0,1,0,0,0,0
9.986672,0,0,1,0,0,0,0,0,0
10.001222,0,0,0,1,0,1,0,0,1
10.033345,0,0,1,0,0,0,0,0,0
10.051114,0,0,0,1,0,1,1,1,0
10.052854,0,0,0,0,0,0,1,0,0
10.071114,1,1,0,0,1,0,0,1,1
10.072796,1,0,0,0,1,0,1,1,0
10.089591,1,0,0,0,1,0,0,1,0
10.098928,0,1,0,1,0,1,0,0,0
10.100101,0,1,0,0,0,0,0,0,0
10.100484,0,0,0,0,0,0,1,0,0
10.105911,0,0,1,0,0,0,0,0,1
10.110723,1,1,0,0,0,0,0,0,0
10.139813,0,0,1,0,1,0,0,1,0
10.151310,0,0,0,1,0,1,1,0,0
10.165935,1,1,0,0,1,0,0,0,0
10.200169,0,0,0,1,0,1,0,0,0
10.249153,0,0,0,1,0,1,1,0,0
10.260722,1,0,0,0,0,0,1,1,0
10.280722,1,1,0,0,0,0,0,0,0
10.300635,0,0,0,1,1,1,1,0,1
10.302590,0,0,0,0,1,0,0,1,1
10.318501,1,0,0,0,0,0,0,0,1
10.325404,0,1,0,0,1,0,0,0,1
10.338548,0,0,1,0,0,0,0,1,0
10.341141,0,0,1,0,0,0,0,1,0
10.348597,0,0,1,1,0,1,1,0,0
10.364056,1,1,1,0,1,0,0,1,0
10.365345,0,1,0,0,0,0,0,0,0
10.393641,0,1,0,0,0,0,0,0,1
10.400559,0,0,0,1,0,1,1,0,0
10.417714,1,0,0,0,1,0,0,1,1
10.432909,0,0,1,0,0,0,0,0,0
10.447714,0,1,1,0,0,1,0,0,1
10.449841,0,0,0,1,0,0,0,0,0
10.458964,0,0,0,0,0,0,1,0,0
10.469329,1,0,0,0,1,0,0,0,0
10.485438,0,0,1,0,0,0,0,0,0
10.496854,0,0,0,0,0,1,0,1,1
10.498951,0,0,0,1,0,0,0,0,0
10.515540,0,0,0,0,0,0,1,0,0
10.525613,1,1,0,0,1,0,0,1,0
10.529220,0,0,1,0,0,0,0,0,0
10.551368,0,1,0,1,0,1,0,0,0
10.596506,0,0,0,0,0,1,0,0,1
10.598566,0,0,0,1,0,0,1,0,0
10.608802,1,0,0,0,0,0,0,0,0
10.626624,0,0,1,0,0,0,0,0,1
10.651732,0,0,0,1,0,1,0,0,0
10.657828,0,0,1,0,1,0,1,1,1
10.672544,1,0,0,0,1,0,1,1,0
10.684866,1,1,0,0,1,0,0,1,0
10.697568,0,1,1,0,0,1,0,0,0
10.700259,0,0,0,1,0,0,0,0,1
10.708231,0,1,0,0,0,0,1,0,0
10.727970,1,0,0,0,1,0,0,0,0
10.729177,0,0,0,0,0,0,0,1,0
10.734634,0,0,1,0,0,0,0,0,0
10.746842,0,0,0,0,0,1,0,0,0
10.748126,0,0,0,1,0,0,1,0,1
10.758238,1,1,0,0,0,0,0,0,0
10.778329,0,0,1,0,0,0,0,0,0
10.800380,0,0,0,1,1,1,0,1,0
10.803122,0,0,0,0,0,0,0,0,1
10.824468,0,1,0,0,0,0,0,0,0
10.825510,0,0,0,0,0,0,1,0,0
10.842803,1,0,1,0,1,0,0,1,0
10.849895,0,0,0,1,0,1,1,0,0
10.858629,0,0,0,0,0,0,0,0,1
10.860160,1,0,0,0,1,0,0,1,0
10.865983,0,1,0,0,0,0,0,0,0
10.887495,0,1,0,0,0,0,0,0,0
10.896678,0,0,1,0,0,1,0,0,0
10.897382,0,0,0,0,0,0,0,0,1
10.901650,0,0,0,1,0,0,0,0,0
10.929507,0,0,1,0,0,0,0,0,0
10.936163,0,0,0,0,0,0,1,0,0
10.946472,1,0,0,0,1,1,0,0,1
10.947112,0,0,0,0,0,0,0,1,0
10.951246,0,0,0,1,0,0,0,0,0
10.968541,0,1,0,0,0,0,0,0,0
10.973184,0,0,0,0,0,0,1,0,0
10.980015,0,0,1,0,0,0,0,0,0
10.990631,1,0,0,0,1,0,0,1,0
11.000152,0,0,0,1,0,1,0,0,0
11.018006,0,1,0,0,0,0,0,0,0
11.048496,0,0,0,1,0,1,0,0,0
11.099179,0,0,0,1,0,1,0,0,0
11.146183,0,0,0,0,0,1,0,0,0
11.147142,0,0,0,0,0,0,1,0,0
11.150890,0,0,0,1,0,0,0,0,1
11.160115,1,0,0,0,0,0,0,0,1
11.181838,0,0,1,0,0,0,1,0,1
11.183246,0,0,0,0,1,0,1,1,1
11.196484,1,0,1,0,1,1,0,1,1
11.197323,1,0,0,0,1,0,1,0,0
11.198876,0,0,0,1,0,0,0,0,0
11.212887,1,1,1,0,1,0,0,1,0
11.215111,0,0,1,0,0,0,1,1,0
11.226484,1,1,1,0,0,0,0,0,0
11.233396,0,1,0,0,1,0,0,0,0
11.234244,0,0,0,0,0,0,0,1,0
11.244196,0,1,0,0,0,0,0,0,0
11.246786,0,0,0,0,0,1,0,0,0
11.247749,0,0,0,0,0,0,0,0,1
11.251549,0,0,0,1,0,0,1,0,0
11.261748,1,1,0,0,0,0,0,0,0
11.284560,0,0,1,0,1,0,0,1,0
11.296815,0,0,0,0,0,1,0,0,1
11.300154,0,0,0,1,0,0,1,0,0
11.311017,1,1,0,0,1,0,0,0,0
11.321975,0,0,0,0,0,0,0,1,0
11.329034,0,0,1,0,0,0,0,0,0
11.346970,0,1,0,0,0,1,0,0,0
11.348879,0,0,0,1,0,0,0,0,1
11.352467,0,0,0,0,0,0,1,0,0
11.366995,1,0,0,0,1,0,0,0,0
11.385839,0,0,1,0,0,0,0,0,0
11.396113,0,0,0,0,0,1,0,0,0
11.398326,0,0,0,1,0,0,1,1,0
11.418326,1,1,0,0,0,0,0,0,0
11.446955,0,0,0,0,1,1,0,0,1
11.450912,0,0,0,1,0,0,0,1,1
11.475924,0,1,0,0,0,0,0,0,0
11.476593,0,0,0,0,0,0,1,0,0
11.486729,1,0,1,0,1,0,0,0,0
11.490240,0,0,1,0,0,0,0,0,0
11.499098,0,0,0,1,0,1,0,0,0
11.546736,0,0,0,0,0,1,1,0,1
11.548125,0,0,0,1,0,0,0,1,1
11.554528,0,0,0,0,0,0,1,0,0
11.563170,1,0,0,0,1,0,0,0,0
11.571138,1,1,0,0,1,0,0,1,0
11.585428,0,0,1,0,0,0,0,0,0
11.587883,0,0,1,0,0,0,0,1,0
11.600898,0,1,0,1,0,1,0,0,1
11.608945,0,1,0,0,0,0,1,0,0
11.622927,1,0,0,0,0,0,0,0,0
11.639790,0,0,1,0,0,0,0,0,0
11.646190,0,0,0,0,1,1,0,1,1
11.651701,0,0,0,1,0,0,1,0,0
11.664560,1,0,0,0,0,0,0,0,0
11.674661,0,1,0,0,0,0,0,0,0
11.678178,0,0,1,0,0,0,0,0,0
11.699902,0,0,0,1,0,1,1,0,1
11.715318,1,0,0,0,1,0,0,1,0
11.717462,0,0,0,0,1,0,0,1,0
11.732941,0,0,1,0,0,0,0,0,0
11.737189,0,1,0,0,0,0,0,0,0
11.742713,0,1,0,0,0,0,0,0,0
11.748000,0,0,0,1,0,1,1,0,1
11.767310,1,0,0,0,1,0,0,1,0
11.787731,0,1,1,0,0,0,0,0,0
11.799135,0,0,0,1,0,1,0,0,0
11.850380,0,0,0,1,0,1,0,0,1
11.880739,0,0,1,0,0,0,0,0,0
11.896449,0,0,0,0,0,1,1,0,1
11.897412,0,0,0,0,0,0,1,0,1
11.899000,0,0,0,1,0,0,0,0,0
11.910418,1,0,0,0,0,0,1,0,0
11.913496,1,0,0,0,1,0,0,1,0
11.916227,0,0,0,0,1,0,0,0,0
11.928514,1,0,1,0,1,0,0,0,0
11.931682,0,0,1,0,0,0,0,1,0
11.932653,0,0,0,0,0,0,0,1,0
11.934545,0,1,0,0,0,0,0,0,0
11.948975,0,0,0,1,0,1,0,0,0
11.952924,0,1,0,0,0,0,1,0,0
11.959571,0,1,0,0,0,0,0,0,0
11.966961,1,0,0,0,0,0,0,0,0
11.999012,0,0,0,1,0,1,0,0,0
12.048795,0,0,0,1,1,1,0,0,0
12.099783,0,0,0,1,0,1,1,1,0
12.119783,1,1,0,0,0,0,1,0,1
12.134016,1,0,0,0,0,0,1,0,1
12.144098,1,0,0,0,1,0,0,0,1
12.150186,0,0,1,1,0,1,1,1,1
12.170186,1,1,1,0,1,0,0,0,1
12.179675,0,0,1,0,0,0,0,0,0
12.184883,0,0,1,0,1,0,0,1,0
12.201121,0,0,1,1,0,1,0,1,1
12.203258,0,0,0,0,1,0,1,1,0
12.213897,1,1,0,0,0,0,0,0,0
12.225218,0,1,0,0,1,0,0,0,0
12.228177,0,1,0,0,0,0,0,1,0
12.239350,0,0,1,0,0,0,0,0,0
12.250007,0,1,0,1,0,1,1,0,1
12.266952,1,0,0,0,0,0,0,0,0
12.272440,0,0,0,0,1,0,0,0,0
12.288957,0,0,1,0,0,0,0,1,0
12.301733,0,0,0,1,0,1,1,0,1
12.309207,0,1,0,0,0,0,0,0,0
12.314642,1,0,0,0,1,0,0,1,0
12.333545,0,0,1,0,0,0,0,0,0
12.343853,0,1,0,0,0,0,0,0,0
12.348745,0,0,0,1,0,1,1,0,0
12.364161,1,0,0,0,1,0,0,0,0
12.375560,0,0,0,0,0,0,0,1,1
12.395714,0,1,0,0,0,0,0,0,0
12.400558,0,0,0,1,0,1,0,0,1
12.414033,0,0,1,0,0,0,0,0,0
12.430911,0,0,1,0,0,0,0,0,0
12.450697,0,0,0,1,0,1,1,0,1
12.460697,1,0,0,0,1,0,1,1,0
12.478022,1,0,0,0,0,0,0,0,0
12.480722,0,1,1,0,1,0,0,1,0
12.501506,0,1,0,1,0,1,1,0,1
12.513228,1,0,0,0,1,0,0,1,0
12.531946,0,0,1,0,0,0,0,0,0
12.538868,0,1,0,0,0,0,0,0,0
12.551429,0,0,0,1,0,1,0,0,1
12.587857,0,0,1,0,0,0,0,0,0
12.596485,0,0,0,0,0,1,0,0,1
12.599550,0,0,0,1,0,0,1,0,0
12.615339,1,0,0,0,0,0,0,0,0
12.622505,0,0,0,0,1,0,1,0,0
12.634871,1,0,1,0,1,0,0,0,0
12.646942,0,0,0,0,0,1,0,0,0
12.650466,0,0,0,1,0,0,0,1,1
12.680466,0,1,1,0,0,0,0,0,0
12.696050,0,0,0,0,0,1,1,0,0
12.697014,0,0,0,0,0,0,0,1,0
12.701920,0,0,0,1,0,0,1,0,1
12.709022,1,0,0,0,1,0,0,0,0
12.719294,1,1,0,0,1,0,0,1,0
12.734103,0,0,1,0,0,0,0,1,0
12.746205,0,1,0,0,0,1,0,0,1
12.750125,0,0,0,1,0,0,1,0,0
12.760692,1,1,0,0,1,0,0,1,0
12.778907,0,0,1,0,0,0,0,0,0
12.788396,0,1,0,0,0,0,0,0,0
12.796358,0,0,0,0,0,1,0,0,0
12.800122,0,0,0,1,0,0,1,0,0
12.819997,1,0,0,0,1,0,0,1,0
12.830920,0,0,0,0,0,0,0,0,1
12.846122,0,1,0,0,0,1,0,0,1
12.849741,0,0,0,1,0,0,0,0,0
12.857718,0,0,0,0,0,0,1,0,0
12.870572,1,0,1,0,1,0,0,1,0
12.883481,0,0,1,0,0,0,0,0,0
12.896158,0,1,0,0,0,1,0,0,0
12.897140,0,0,0,0,0,0,0,0,1
12.899201,0,0,0,1,0,0,0,0,0
12.904180,0,0,0,0,0,0,1,0,0
12.919947,1,0,0,0,0,0,0,0,0
12.924456,0,0,0,0,1,0,0,1,0
12.928251,0,0,1,0,0,0,0,0,0
12.946053,0,1,0,0,0,1,0,0,0
12.947011,0,0,0,0,0,0,0,0,1
12.949845,0,0,0,1,0,0,0,0,0
12.985693,0,0,1,0,0,0,1,0,0
13.001297,1,0,0,1,1,1,1,0,1
13.016066,1,0,0,0,1,0,0,1,0
13.031664,0,0,1,0,0,0,0,0,0
13.046047,0,1,0,0,0,1,0,0,1
13.051500,0,0,0,1,0,0,0,0,0
13.058649,0,0,0,0,0,0,0,1,0
13.081178,0,1,1,0,0,0,1,0,0
13.096157,1,0,0,0,1,1,0,0,0
13.097020,0,0,0,0,0,0,0,0,1
13.100709,0,0,0,1,0,0,1,0,0
13.116841,1,0,0,0,1,0,0,0,0
13.125625,0,0,0,0,0,0,0,1,0
13.130748,0,0,1,0,0,0,0,1,0
13.149619,0,1,0,1,0,1,1,0,1
13.156605,0,1,0,0,0,0,0,0,0
13.162909,1,0,0,0,1,0,0,0,0
13.175497,0,0,0,0,0,0,0,1,0
13.183455,0,0,1,0,0,0,0,0,0
13.196604,0,1,0,0,0,1,0,0,1
13.199028,0,0,0,1,0,0,1,0,0
13.216906,1,0,0,0,0,0,0,0,0
13.223315,0,0,0,0,1,0,0,0,0
13.227673,0,0,1,0,0,0,0,1,0
13.251754,0,1,0,1,0,1,0,0,0
13.296181,0,0,0,0,0,1,1,0,0
13.300079,0,0,0,1,0,0,0,0,0
13.313260,1,0,0,0,0,0,1,0,0
13.329994,1,0,0,0,0,0,0,0,0
13.346889,0,0,0,0,1,1,0,1,1
13.349994,0,0,0,1,1,0,0,1,0
13.367924,0,1,0,0,0,0,0,0,1
13.379227,0,1,1,0,0,0,1,0,0
13.396211,1,0,0,0,1,1,0,1,1
13.398024,0,0,1,1,0,0,1,0,0
13.411638,1,0,0,0,1,0,0,1,1
13.426211,0,1,1,0,0,0,0,0,0
13.441638,0,1,1,0,0,0,0,0,0
13.448667,0,0,0,1,0,1,0,0,1
13.471715,0,0,0,0,0,0,1,0,0
13.486353,1,0,1,0,0,0,0,0,0
13.489670,0,0,0,0,1,0,0,0,0
13.496767,0,0,0,0,0,1,0,1,0
13.499060,0,0,0,1,0,0,1,0,0
13.512610,1,0,0,0,0,0,0,0,1
13.515113,0,0,0,0,1,0,0,1,0
13.525481,0,1,0,0,0,0,0,0,0
13.542626,0,1,1,0,0,0,0,0,0
13.551733,0,0,0,1,0,1,1,0,0
13.570515,1,0,0,0,1,0,0,1,0
13.598285,0,1,0,1,0,1,0,0,0
13.633627,0,0,0,0,0,0,1,0,0
13.644763,1,0,0,0,0,0,0,0,1
13.651088,0,0,0,1,0,1,1,0,0
13.663927,1,0,0,0,1,0,0,1,1
13.684443,0,1,1,0,1,0,0,0,0
13.687774,0,0,0,0,0,0,0,1,1
13.699782,0,0,1,1,0,1,1,0,0
13.717774,1,1,1,0,0,0,0,0,0
13.746927,0,0,0,0,0,1,0,0,0
13.748959,0,0,0,1,1,0,1,1,0
13.768959,1,1,0,0,1,0,0,0,1
13.796896,0,0,0,0,0,1,0,1,1
13.800917,0,0,1,1,0,0,0,0,0
13.804104,0,0,0,0,0,0,1,0,0
13.821355,1,1,0,0,1,0,0,0,0
13.822762,0,0,0,0,0,0,0,0,1
13.825239,0,0,0,0,0,0,0,1,0
13.831253,0,0,1,0,0,0,0,0,0
13.848000,0,1,0,1,0,1,0,0,0
13.856002,0,0,1,0,0,0,1,0,1
13.869234,1,0,0,0,1,0,0,0,0
13.890155,0,0,1,0,0,0,0,1,0
13.900529,0,0,0,1,0,1,1,0,0
13.914506,1,1,0,0,1,0,0,0,0
13.946679,0,0,0,0,0,1,0,1,1
13.947071,0,0,0,0,0,0,0,0,1
13.950083,0,0,0,1,0,0,0,0,0
13.968326,0,1,0,0,0,0,1,0,0
13.983544,1,0,1,0,1,0,0,0,0
13.985012,0,0,1,0,0,0,0,1,0
13.996617,0,0,0,0,0,1,0,0,0
13.999676,0,0,0,1,0,0,0,0,1
14.009881,0,1,0,0,0,0,1,0,0
14.029776,1,0,1,0,0,0,0,0,0
14.051553,0,0,0,1,1,1,1,0,0
14.053151,0,0,0,0,0,0,0,1,0
14.062941,1,0,0,0,0,0,0,0,1
14.064840,0,0,0,0,1,0,0,0,0
14.081808,0,1,0,0,0,0,0,0,0
14.099944,0,0,1,1,0,1,0,1,0
14.128487,0,1,0,0,0,0,0,0,0
14.149365,0,0,0,1,0,1,1,0,0
14.166448,1,0,0,0,1,0,0,0,1
14.196583,0,0,1,0,0,1,0,0,0
14.200118,0,0,0,1,0,0,0,1,1
14.225546,0,1,0,0,0,0,0,0,1
14.233322,0,0,1,0,0,0,1,0,0
14.246221,1,0,0,0,1,1,1,0,0
14.249844,0,0,0,1,0,0,1,1,1
14.256886,1,0,1,0,0,0,0,0,0
14.266615,1,0,0,0,0,0,0,0,0
14.276026,0,1,0,0,0,0,0,0,0
14.284844,0,0,1,0,0,0,0,0,0
14.298267,0,0,0,1,0,1,0,0,0
14.350061,0,0,0,1,1,1,0,1,0
14.367600,0,0,0,0,1,0,0,1,1
14.369038,0,0,0,0,0,0,1,0,1
14.379316,1,1,0,0,1,0,0,1,0
14.397600,0,1,1,0,0,1,1,0,1
14.399040,0,0,1,1,0,0,0,0,0
14.407910,1,1,0,0,1,0,0,0,0
14.414918,0,0,0,0,0,0,1,1,0
14.434918,1,1,1,0,1,0,0,0,0
14.446618,0,0,0,0,0,1,0,1,0
14.450837,0,0,0,1,0,0,0,0,1
14.471080,0,1,0,0,0,0,0,0,0
14.475083,0,0,0,0,0,0,1,0,0
14.487671,1,0,1,0,1,0,0,0,0
14.496622,0,0,0,0,0,1,0,1,1
14.501480,0,0,0,1,0,0,0,0,0
14.526622,0,1,1,0,0,0,0,0,0
14.529716,0,0,0,0,0,0,1,0,0
14.548526,1,0,0,1,1,1,1,1,1
14.562805,1,0,0,0,0,0,0,0,0
14.578526,0,1,1,0,1,0,0,1,0
14.596822,0,0,0,0,0,1,0,0,1
14.598084,0,0,0,1,0,0,0,0,0
14.602295,0,1,0,0,0,0,0,0,0
14.633713,0,0,1,0,0,0,0,0,0
14.648362,0,0,0,1,0,1,1,0,1
14.654314,0,0,0,0,0,0,1,0,0
14.664682,1,0,0,0,0,0,0,0,0
14.669753,1,0,0,0,1,0,0,1,0
14.679334,0,0,1,0,1,0,0,1,0
14.691013,0,1,0,0,0,0,0,0,0
14.696244,0,0,0,0,0,1,0,0,0
14.701751,0,1,0,1,0,0,1,0,0
14.712252,1,0,0,0,1,0,0,0,0
14.749709,0,0,0,1,0,1,1,1,1
14.769709,1,1,0,0,0,0,0,0,1
14.779780,0,0,1,0,0,0,0,0,0
14.796128,0,0,0,0,0,1,0,0,1
14.800319,0,0,1,1,0,0,1,0,0
14.810466,1,0,0,0,0,0,0,0,0
14.831324,0,0,1,0,1,0,0,0,0
14.850085,0,0,0,1,0,1,1,1,0
14.870085,1,1,0,0,1,0,0,0,0
14.881613,0,0,0,0,1,0,0,1,1
14.898188,0,0,0,1,0,1,0,1,0
14.911613,0,1,1,0,0,0,1,0,1
14.919743,0,1,0,0,0,0,0,0,0
14.930871,1,0,0,0,0,0,0,0,0
14.949379,0,0,1,1,0,1,0,0,1
14.984893,0,0,1,0,1,0,0,0,0
14.991197,0,0,0,0,0,0,0,1,0
15.001164,0,0,0,1,0,1,0,0,1
15.008126,0,0,0,0,0,0,1,0,0
15.019178,1,1,0,0,1,0,0,0,0
15.040201,0,0,1,0,0,0,1,1,0
15.050655,1,0,0,1,1,1,0,1,1
15.068279,0,1,0,0,0,0,0,0,0
15.069450,0,0,0,0,0,0,1,0,0
15.073965,0,1,0,0,0,0,0,0,0
15.079503,1,0,0,0,0,0,0,0,0
15.086544,0,0,1,0,1,0,0,0,0
15.096132,0,0,0,0,0,1,0,1,0
15.100206,0,0,0,1,0,0,1,0,0
15.116866,1,1,0,0,1,0,0,1,0
15.146131,0,1,0,0,0,1,0,0,0
15.151428,0,0,0,1,0,0,1,0,1
15.169075,1,0,0,0,1,0,0,1,1
15.190964,0,1,1,0,0,0,0,0,0
15.198026,0,0,0,1,0,1,0,0,1
15.203653,0,0,1,0,0,0,1,0,0
15.215877,1,0,0,0,1,0,0,1,0
15.236285,0,1,1,0,0,0,0,0,0
15.249988,0,0,0,1,0,1,0,0,0
15.301080,0,0,0,1,0,1,1,0,0
15.314380,1,0,0,0,0,0,1,0,0
15.321151,0,0,0,0,1,0,0,0,0
15.326925,1,0,0,0,0,0,0,1,1
15.350839,0,1,0,1,1,1,0,1,1
15.355853,0,0,0,0,0,0,1,0,0
15.361039,0,0,1,0,0,0,0,0,0
15.373211,1,1,0,0,1,0,0,0,1
15.385197,0,0,1,0,0,0,0,0,0
15.400203,0,0,0,1,0,1,0,1,0
15.403211,0,0,1,0,0,0,1,0,1
15.418658,1,0,0,0,1,0,0,0,0
15.424908,0,1,0,0,0,0,0,1,0
15.433651,0,0,1,0,0,0,0,0,0
15.446845,0,1,0,0,0,1,0,0,0
15.449502,0,0,0,1,0,0,0,0,0
15.456733,0,0,0,0,0,0,1,0,0
15.474613,1,0,0,0,0,0,0,0,0
15.496393,0,0,0,0,0,1,0,0,1
15.499632,0,0,0,1,1,0,1,0,1
15.514043,1,0,0,0,0,0,0,1,0
15.519602,0,0,0,0,1,0,0,1,0
15.527910,0,0,1,0,0,0,0,0,0
15.530788,0,0,1,0,0,0,0,0,0
15.541953,0,1,0,0,0,0,0,0,0
15.549405,0,1,0,1,0,1,0,0,0
15.596000,0,0,0,0,0,1,1,0,0
15.601258,0,0,0,1,0,0,0,0,0
15.608493,1,0,0,0,0,0,0,0,1
15.632246,0,0,0,0,0,0,1,0,0
15.648448,1,0,1,1,0,1,0,0,1
15.669732,0,0,0,0,1,0,1,0,0
15.673966,0,0,0,0,1,0,0,0,0
15.678535,0,0,1,0,0,0,0,1,1
15.682516,1,0,0,0,1,0,0,0,0
15.699412,0,1,0,1,0,1,1,1,1
15.700768,0,0,0,0,0,0,0,1,0
15.712330,1,0,1,0,1,0,0,1,0
15.729412,0,1,1,0,0,0,0,0,0
15.730521,0,1,0,0,0,0,0,0,0
15.739480,0,1,0,0,0,0,0,0,0
15.750857,0,0,0,1,0,1,1,0,1
15.768307,1,0,0,0,0,0,0,0,0
15.788046,0,0,1,0,0,0,0,0,0
15.796965,0,0,0,0,1,1,0,0,1
15.798764,0,0,0,1,0,0,1,1,0
15.810050,1,0,0,0,1,0,0,0,0
15.813855,0,0,0,0,0,0,0,1,0
15.828038,0,1,1,0,0,0,0,0,0
15.838400,0,1,0,0,0,0,0,0,0
15.846568,0,0,0,0,0,1,0,0,0
15.848945,0,0,0,1,0,0,1,0,1
15.861025,1,0,0,0,1,0,0,1,0
15.886644,0,1,1,0,0,0,0,0,0
15.901762,0,0,0,1,0,1,0,0,1
15.936704,0,0,1,0,0,0,0,0,0
15.946413,0,0,0,0,0,1,1,0,0
15.951471,0,0,0,1,0,0,0,0,1
15.954513,0,0,0,0,0,0,1,0,0
15.965330,1,0,0,0,1,0,0,0,0
15.974104,1,0,0,0,1,0,0,0,0
15.982117,0,0,1,0,0,0,0,0,0
15.996484,0,0,0,0,0,1,0,0,1
15.998875,0,0,0,1,0,0,1,0,0
16.018142,1,0,0,0,1,0,0,0,0
16.032754,0,0,1,0,0,0,0,0,0
16.046745,0,0,0,0,0,1,0,1,0
16.049208,0,0,0,1,0,0,1,0,1
16.067099,1,1,0,0,1,0,0,0,0
16.088244,0,0,1,0,0,0,0,0,0
16.099293,0,0,0,1,0,1,1,0,0
16.115755,1,0,0,0,1,0,0,1,0
16.125440,0,0,0,0,0,0,0,0,1
16.129523,0,0,0,0,0,0,0,1,0
16.136165,0,1,0,0,0,0,0,0,0
16.151440,0,1,0,1,0,1,1,1,0
16.159307,0,0,1,0,0,0,0,0,0
16.171440,1,1,0,0,1,0,0,0,0
16.201489,0,0,0,1,0,1,1,1,1
16.221489,1,1,0,0,0,0,0,1,0
16.241489,0,1,1,0,0,0,0,0,0
16.251988,0,0,0,1,1,1,0,0,0
16.300067,0,0,0,1,0,1,1,1,1
16.304377,0,0,0,0,0,0,0,0,1
16.308562,0,0,0,0,0,0,1,0,0
16.317450,1,0,0,0,1,0,0,0,0
16.318920,1,0,0,0,0,0,0,0,0
16.330067,0,1,1,0,1,0,0,0,1
16.343871,0,0,1,0,0,0,0,0,0
16.348987,0,0,0,1,0,1,1,1,0
16.360622,1,0,1,0,0,0,0,0,1
16.370438,0,1,0,0,0,0,0,1,0
16.377203,0,0,0,0,1,0,0,1,0
16.399617,0,1,1,1,0,1,0,0,1
16.403422,0,1,0,0,0,0,0,0,0
16.435396,0,0,1,0,0,0,1,0,0
16.446524,1,0,0,0,1,1,0,1,1
16.451451,0,0,0,1,0,0,0,0,0
16.472427,0,1,0,0,0,0,0,0,0
16.477844,0,0,1,0,0,0,0,0,0
16.499959,0,0,0,1,0,1,1,0,1
16.517556,1,0,0,0,0,0,0,0,0
16.538779,0,0,1,0,1,0,1,1,0
16.549435,1,0,0,1,1,1,0,0,0
16.563779,0,1,0,0,0,0,1,1,0
16.576024,1,0,0,0,0,0,0,0,1
16.581189,0,0,0,0,1,0,0,0,0
16.586584,0,1,0,0,0,0,0,0,0
16.596615,0,0,0,0,0,1,0,1,0
16.599486,0,0,0,1,0,0,0,0,0
16.608218,0,0,1,0,0,0,0,0,1
16.621332,0,1,0,0,0,0,1,0,0
16.640920,1,0,1,0,0,0,0,0,0
16.649981,0,0,0,1,1,1,1,0,1
16.654167,0,0,0,0,0,0,0,1,0
16.663807,1,0,0,0,0,0,0,0,0
16.676950,0,1,0,0,1,0,0,1,0
16.684031,0,0,1,0,0,0,0,0,0
16.698013,0,1,0,1,0,1,1,0,0
16.711780,1,0,0,0,1,0,0,1,1
16.738768,0,1,0,0,0,0,0,0,0
16.749252,0,0,1,1,0,1,0,0,0
16.799706,0,0,0,1,0,1,0,0,1
16.831322,0,0,1,0,0,0,0,0,0
16.837259,0,0,0,0,0,0,1,0,1
16.847497,1,0,0,0,0,1,1,0,1
16.848172,0,0,0,1,1,0,0,1,0
16.862161,1,0,0,0,1,0,1,1,0
16.877151,1,1,1,0,0,0,0,0,0
16.879480,0,0,1,0,0,0,0,0,0
16.882600,0,1,0,0,1,0,0,1,0
16.896468,0,0,0,0,0,1,0,0,1
16.898980,0,0,0,1,0,0,0,0,0
16.908915,0,1,0,0,0,0,0,0,0
16.934157,0,0,1,0,0,0,0,0,0
16.948297,0,0,0,1,0,1,1,0,1
16.968138,1,0,0,0,1,0,1,0,0
16.978154,1,0,0,0,0,0,0,0,0
16.986788,0,0,1,0,0,0,0,0,0
16.996327,0,0,0,0,1,1,0,0,0
17.000640,0,0,0,1,0,0,0,1,1
17.030640,0,1,1,0,0,0,0,0,0
17.050894,0,0,0,1,0,1,1,1,1
17.062374,1,0,0,0,0,0,0,0,0
17.064496,0,0,0,0,0,0,1,0,0
17.079582,1,1,0,0,0,0,0,0,0
17.080224,0,0,0,0,1,0,0,1,0
17.080559,0,0,0,0,1,0,0,0,0
17.080727,0,0,0,0,0,0,0,1,0
17.086250,0,0,1,0,0,0,0,0,0
17.100702,0,1,0,1,0,1,0,0,1
17.102154,0,1,0,0,0,0,0,0,0
17.131946,0,0,1,0,0,0,0,0,0
17.138103,0,0,0,0,0,0,1,0,0
17.148506,1,0,0,1,1,1,1,1,0
17.166363,1,0,0,0,0,0,0,0,1
17.175859,0,1,0,0,1,0,0,1,0
17.196141,0,1,0,0,0,1,0,0,0
17.196565,0,0,1,0,0,0,0,0,1
17.199117,0,0,0,1,0,0,1,0,0
17.218428,1,0,0,0,1,0,0,0,0
17.230755,0,0,1,0,0,0,0,1,0
17.251543,0,1,0,1,0,1,0,0,0
17.301697,0,0,0,1,0,1,1,0,0
17.303163,0,0,0,0,0,0,0,0,1
17.306909,0,0,0,0,0,0,1,0,1
17.318557,1,0,0,0,1,0,0,0,0
17.320196,1,0,0,0,0,0,0,1,0
17.335577,0,0,1,0,1,0,0,0,0
17.344298,0,1,1,0,0,0,0,1,0
17.350786,0,0,0,1,0,1,1,0,1
17.361030,1,0,0,0,1,0,0,1,0
17.368983,0,1,0,0,0,0,0,0,0
17.380868,0,0,1,0,0,0,0,0,0
17.382769,0,1,0,0,0,0,0,0,0
17.400946,0,0,0,1,0,1,0,0,0
17.446497,0,0,0,0,0,1,1,0,1
17.449367,0,0,0,1,0,0,1,0,1
17.462497,1,0,0,0,0,0,0,0,0
17.465107,1,0,0,0,0,0,0,0,0
17.470583,0,0,0,0,1,0,0,1,0
17.481291,0,0,1,0,1,0,0,1,0
17.482713,0,0,1,0,0,0,0,0,0
17.499681,0,1,0,1,0,1,0,0,0
17.507749,0,1,0,0,0,0,0,0,1
17.546000,0,0,1,0,0,1,1,0,1
17.548000,0,0,0,1,0,0,0,0,0
17.565302,1,0,0,0,1,0,1,1,0
17.585302,1,1,1,0,0,0,0,0,0
17.600624,0,0,0,1,1,1,1,1,0
17.613053,1,0,0,0,0,0,0,0,1
17.614327,0,0,0,0,1,0,0,1,0
17.629534,0,1,0,0,0,0,0,0,0
17.634890,0,1,0,0,0,0,0,0,0
17.650203,0,0,1,1,0,1,1,0,0
17.663714,1,0,0,0,1,0,0,0,0
17.696857,0,0,0,0,0,1,0,0,1
17.697449,0,0,0,0,0,0,0,1,0
17.701201,0,0,0,1,0,0,0,0,0
17.726937,0,1,1,0,0,0,0,0,1
17.746986,0,0,0,0,0,1,0,0,0
17.749870,0,0,0,1,0,0,1,0,0
17.761925,1,0,1,0,1,0,1,1,1
17.781925,1,1,0,0,1,0,0,0,0
17.796718,0,0,1,0,0,1,0,0,0
17.799811,0,0,0,1,0,0,1,0,0
17.816193,1,0,0,0,1,0,0,0,1
17.851516,0,0,1,1,0,1,1,1,1
17.862820,1,0,0,0,1,0,0,1,0
17.875293,0,1,0,0,0,0,0,0,0
17.889972,0,1,1,0,0,0,0,1,0
17.899882,0,0,0,1,0,1,1,0,0
17.908592,0,0,0,0,0,0,0,0,1
17.909889,1,0,0,0,0,0,0,0,0
17.909931,0,0,0,0,1,0,0,0,0
17.909952,0,0,0,0,0,0,0,1,0
17.913572,0,1,0,0,0,0,0,0,0
17.938875,0,1,1,0,0,0,0,0,0
17.950945,0,0,0,1,0,1,0,0,1
17.989488,0,0,1,0,0,0,1,0,0
17.999870,1,0,0,1,1,1,0,0,0
18.024461,0,0,0,0,0,0,1,0,0
18.042579,1,0,0,0,1,0,0,0,1
18.051863,0,0,0,1,0,1,1,0,1
18.066592,1,0,0,0,1,0,0,1,0
18.069899,0,0,0,0,0,0,0,1,0
18.077925,0,0,1,0,0,0,0,0,0
18.082566,0,0,1,0,0,0,0,0,0
18.088592,0,1,0,0,0,0,0,1,0
18.099061,0,1,0,1,0,1,1,0,1
18.108733,0,1,0,0,0,0,0,0,0
18.113006,1,0,0,0,1,0,0,0,0
18.121874,0,0,0,0,0,0,0,1,0
18.129329,0,0,1,0,0,0,0,0,0
18.146562,0,1,0,0,0,1,0,0,1
18.150790,0,0,0,1,0,0,1,0,0
18.169025,1,0,0,0,1,0,0,0,0
18.173316,0,0,0,0,0,0,0,1,0
18.182421,0,0,1,0,0,0,0,0,0
18.201268,0,1,0,1,0,1,0,0,0
18.246779,0,0,0,0,0,1,0,0,1
18.249350,0,0,0,1,0,0,0,0,0
18.258827,0,0,0,0,0,0,1,0,1
18.275416,1,0,0,0,1,0,1,1,0
18.285494,1,0,1,0,0,0,0,0,0
18.296576,0,1,1,0,1,1,0,1,0
18.297499,0,0,0,0,0,0,0,0,1
18.300560,0,0,0,1,0,0,0,0,0
18.323081,0,1,0,0,0,0,1,0,0
18.333314,1,0,1,0,1,0,0,1,0
18.349396,0,0,0,1,0,1,0,0,1
18.350892,0,0,0,0,0,0,1,0,0
18.357074,0,1,0,0,0,0,0,0,0
18.366119,1,0,0,0,0,0,0,0,0
18.385068,0,0,1,0,1,0,0,1,0
18.399756,0,0,0,1,0,1,1,0,0
18.409756,1,1,0,0,1,0,0,0,1
18.449596,0,0,1,1,0,1,1,0,0
18.466823,1,0,0,0,0,0,0,1,1
18.496823,0,1,1,0,1,1,0,0,0
18.497222,0,0,0,0,0,0,0,0,1
18.497611,0,0,0,0,0,0,0,1,0
18.498362,0,0,0,1,0,0,1,0,0
18.517729,1,1,0,0,1,0,0,1,0
18.527376,0,0,1,0,0,0,0,0,0
18.542611,0,1,0,0,0,0,0,0,0
18.546905,0,0,0,0,0,1,0,0,1
18.549948,0,0,0,1,0,0,0,0,0
18.584676,0,0,1,0,0,0,1,0,0
18.596626,1,0,0,0,1,1,0,0,0
18.597078,0,0,0,0,0,0,0,1,1
18.599525,0,0,0,1,0,0,1,0,0
18.618429,1,1,0,0,1,0,0,1,0
18.630690,0,0,1,0,0,0,0,0,0
18.646972,0,1,0,0,0,1,0,0,0
18.648326,0,0,0,1,0,0,0,0,1
18.683161,0,0,1,0,0,0,1,0,0
18.700869,1,0,0,1,0,1,1,0,0
18.714484,1,0,0,0,0,0,0,0,0
18.750765,0,0,0,1,1,1,0,0,1
18.782730,0,0,1,0,0,0,1,1,1
18.796401,1,0,0,0,0,1,0,0,0
18.801204,0,0,0,1,1,0,0,0,0
18.810931,0,1,0,0,1,0,0,0,1
18.811775,0,0,0,0,0,0,1,1,0
18.822222,1,0,1,0,1,0,0,0,0
18.841015,0,1,1,0,0,0,0,0,0
18.846957,0,0,0,0,0,1,0,1,0
18.848383,0,0,0,1,0,0,0,0,1
18.862291,0,0,0,0,0,0,0,1,0
18.864602,0,0,0,0,0,0,1,0,0
18.874914,1,1,0,0,0,0,0,0,0
18.879891,0,0,1,0,0,0,0,0,0
18.881229,0,0,0,0,1,0,0,0,0
18.882127,0,0,0,0,0,0,0,1,0
18.883825,0,1,0,0,0,0,0,0,0
18.898466,0,0,0,1,0,1,0,0,1
18.907314,0,1,0,0,0,0,1,0,0
18.926007,1,0,0,0,1,0,0,1,0
18.938181,0,0,1,0,0,0,0,0,0
18.946003,0,0,0,0,0,1,0,0,0
18.949239,0,1,0,1,0,0,1,0,1
18.969033,1,0,0,0,1,0,0,1,0
18.980188,0,0,1,0,0,0,0,0,0
18.998878,0,1,0,1,0,1,0,0,1
19.038649,0,0,1,0,0,0,1,0,0
19.050999,1,0,0,1,0,1,0,0,0
19.096749,0,0,0,0,1,1,1,1,0
19.099187,0,0,0,1,0,0,1,0,1
19.109638,1,0,0,0,1,0,0,1,1
19.117791,1,1,0,0,0,0,0,0,0
19.129319,0,0,1,0,1,0,0,1,0
19.139638,0,1,1,0,0,0,0,0,0
19.148206,0,0,0,1,0,1,1,0,1
19.151956,0,1,0,0,0,0,0,0,0
19.164306,1,0,0,0,1,0,0,0,0
19.174741,0,0,0,0,0,0,0,1,0
19.182684,0,0,1,0,0,0,0,0,0
19.194978,0,1,0,0,0,0,0,0,0
19.196750,0,0,0,0,0,1,0,0,0
19.198352,0,0,0,1,0,0,0,0,0
19.246208,0,0,0,0,0,1,1,0,1
19.250316,0,0,0,1,0,0,1,0,1
19.261985,1,0,0,0,0,0,0,0,0
19.267835,1,0,0,0,1,0,0,0,0
19.269986,0,0,0,0,0,0,0,1,0
19.273533,0,0,0,0,1,0,0,1,0
19.278991,0,0,1,0,0,0,0,0,0
19.287937,0,0,1,0,0,0,0,0,0
19.298950,0,1,0,1,0,1,1,0,0
19.303017,0,1,0,0,0,0,0,0,1
19.316154,1,0,0,0,0,0,0,0,0
19.337488,0,0,1,0,1,0,0,1,0
19.348992,0,0,0,1,0,1,1,0,0
19.362448,1,1,0,0,1,0,0,1,0
19.392188,0,1,0,0,0,0,0,0,0
19.398233,0,0,0,1,0,1,0,0,1
19.410922,0,0,0,0,0,0,1,0,0
19.430186,1,0,1,0,0,0,0,0,0
19.449333,0,0,0,1,1,1,1,0,0
19.461114,1,0,0,0,0,0,0,1,0
19.472069,0,0,0,0,1,0,0,0,0
19.474278,0,0,0,0,0,0,0,1,1
19.478012,0,0,0,0,0,0,0,0,1
19.488083,0,1,0,0,0,0,0,0,0
19.498255,0,1,0,1,0,1,0,0,1
19.507429,0,0,1,0,0,0,0,0,0
19.508191,0,0,1,0,0,0,1,0,0
19.526710,1,0,0,0,0,0,0,0,0
19.527335,0,0,0,0,1,0,0,0,0
19.535594,0,0,1,0,0,0,0,0,0
19.551622,0,0,0,1,0,1,0,0,1
19.587466,0,0,1,0,0,0,0,0,0
19.593119,0,0,0,0,0,0,0,1,0
19.596816,0,0,0,0,0,1,0,0,0
19.598176,0,0,0,1,0,0,0,0,1
19.613286,0,1,0,0,0,0,0,0,0
19.632455,0,0,1,0,0,0,1,0,0
19.641369,0,0,0,0,0,0,1,0,0
19.649307,1,0,0,1,1,1,1,1,1
19.654570,1,0,0,0,1,0,0,1,0
19.669307,1,1,0,0,0,0,0,0,0
19.675700,0,1,0,0,1,0,0,1,0
19.680557,0,0,1,0,0,0,0,0,0
19.696024,0,1,0,0,0,1,0,0,0
19.697008,0,0,0,0,0,0,0,0,1
19.699330,0,0,0,1,0,0,0,0,0
19.734886,0,0,1,0,0,0,1,0,0
19.744897,1,0,0,0,0,0,0,0,0
19.746904,0,0,0,0,1,1,0,1,0
19.748392,0,0,0,1,0,0,1,0,1
19.760270,1,0,0,0,0,0,0,0,0
19.773219,0,1,0,0,0,0,0,0,0
19.783136,0,0,1,0,1,0,0,1,0
19.801085,0,0,0,1,0,1,0,0,0
19.811963,0,1,0,0,0,0,1,0,0
19.818616,0,0,0,0,0,0,0,0,1
19.828245,1,0,0,0,0,0,0,0,0
19.849544,0,0,1,1,1,1,1,0,1
19.859934,1,0,0,0,1,0,0,1,0
19.886084,0,1,1,0,0,0,0,0,0
19.896121,0,0,0,0,0,1,0,0,1
19.898693,0,0,0,1,0,0,1,0,0
19.909877,1,0,0,0,1,0,0,1,0
19.927616,0,0,1,0,0,0,0,0,0
19.933384,0,1,0,0,0,0,0,1,0
19.948373,0,0,0,1,0,1,1,0,1
19.963141,1,1,0,0,1,0,0,1,0
19.984181,0,1,1,0,0,0,0,0,0
19.996350,0,0,0,0,0,1,0,0,1
20.000452,0,0,0,1,0,0,0,0,0
20.034546,0,0,1,0,0,0,0,0,0
20.051541,0,0,0,1,0,1,0,0,1
20.086464,0,0,1,0,0,0,1,0,0
20.096527,1,0,0,0,1,1,1,0,1
20.100432,0,0,0,1,0,0,0,0,0
20.105316,0,0,0,0,0,0,0,1,0
20.107374,1,0,0,0,1,0,0,1,0
20.121554,0,0,0,0,0,0,1,0,0
20.127214,0,1,1,0,0,0,0,0,0
20.130512,0,1,0,0,0,0,0,0,0
20.133313,1,0,0,0,1,0,0,1,0
20.149595,0,0,0,1,0,1,0,0,0
20.161203,0,1,0,0,0,0,0,0,1
20.193142,0,0,1,0,0,0,1,0,0
20.201973,0,0,0,1,0,1,0,0,0
20.211745,1,0,0,0,1,0,0,1,1
20.239426,0,1,0,0,0,0,0,0,0
20.240495,0,0,0,0,0,0,1,0,0
20.250861,1,0,1,1,0,1,0,0,1
20.287524,0,0,1,0,0,0,1,0,0
20.296344,0,0,0,0,1,1,0,0,1
20.301890,1,0,0,1,1,0,0,0,0
20.303047,0,0,0,0,0,0,1,0,0
20.313204,1,0,0,0,1,0,0,0,0
20.321397,0,0,0,0,0,0,0,1,0
20.334926,0,0,1,0,0,0,0,1,0
20.349354,0,1,0,1,0,1,0,1,0
20.351885,0,0,0,0,0,0,1,0,1
20.363034,1,1,0,0,1,0,0,0,0
20.364965,0,0,0,0,0,0,0,1,0
20.374198,0,1,0,0,0,0,0,0,0
20.388492,0,1,1,0,0,0,0,0,0
20.399615,0,0,0,1,0,1,1,0,1
20.413525,1,0,0,0,0,0,0,0,0
20.417584,0,0,0,0,1,0,0,1,0
20.433278,0,0,1,0,0,0,0,0,0
20.438106,0,1,0,0,0,0,0,0,0
20.451733,0,0,0,1,0,1,0,0,0
20.498468,0,0,0,1,0,1,0,0,0
20.546908,0,0,0,0,0,1,0,0,1
20.549000,0,0,0,1,0,0,0,0,1
20.561864,0,0,0,0,0,0,0,0,1
20.568612,0,0,0,0,0,0,1,0,0
20.586455,1,0,1,0,0,0,1,0,0
20.587847,0,0,1,0,0,0,0,0,0
20.596215,0,0,1,0,0,1,1,0,0
20.600692,1,0,0,1,1,0,0,0,1
20.611747,1,0,0,0,1,0,0,0,0
20.614469,0,0,0,0,1,0,0,0,0
20.616546,0,0,0,0,0,0,1,1,0
20.633887,1,0,1,0,1,0,0,0,0
20.646475,0,1,0,0,0,1,0,0,1
20.647369,0,0,0,0,0,0,0,1,0
20.648521,0,0,0,1,0,0,1,0,0
20.667760,1,1,0,0,1,0,0,1,0
20.680965,0,0,1,0,0,0,0,0,0
20.694814,0,1,0,0,0,0,0,1,0
20.701017,0,0,0,1,0,1,0,0,1
20.704119,0,0,0,0,0,0,1,1,0
20.714345,1,0,0,0,1,0,0,0,0
20.717848,0,1,0,0,0,0,0,1,0
20.726351,0,1,0,0,0,0,0,0,0
20.738583,0,1,1,0,0,0,0,0,0
20.746068,0,0,0,0,0,1,0,0,0
20.750573,0,0,0,1,0,0,1,0,0
20.765478,1,0,0,0,1,0,0,0,0
20.798655,0,0,0,1,0,1,0,0,1
20.817963,0,0,0,0,0,0,1,1,0
20.827977,1,0,0,0,1,0,0,0,0
20.834974,0,0,1,0,0,0,0,1,0
20.846353,0,1,0,0,0,1,0,0,0
20.850751,0,0,0,1,0,0,1,0,1
20.852015,0,0,0,0,0,0,0,0,1
20.863073,1,1,0,0,1,0,0,0,0
20.890467,0,0,1,0,0,0,0,0,0
20.891737,0,0,1,0,0,0,0,1,0
20.901819,0,0,0,1,0,1,0,0,0
20.920832,0,1,0,0,0,0,1,0,0
20.938296,1,0,0,0,0,0,0,0,1
20.949065,0,0,0,1,1,1,1,1,1
20.968355,1,0,1,0,1,0,0,0,0
20.968710,0,0,0,0,0,0,0,1,0
20.979065,0,1,1,0,0,0,0,0,0
20.998628,0,1,0,1,0,1,0,0,0
21.013867,0,0,0,0,0,0,0,0,1
21.048385,0,0,1,1,0,1,0,0,0
21.096892,0,0,0,0,0,1,1,0,0
21.097285,0,0,0,0,0,0,0,0,1
21.098602,0,0,0,1,0,0,0,0,0
21.107205,1,0,0,0,1,0,0,1,0
21.130342,0,1,1,0,0,0,0,0,0
21.131342,0,0,0,0,0,0,1,0,1
21.148686,1,0,0,1,1,1,0,1,0
21.169069,0,1,1,0,0,0,1,0,0
21.186738,1,0,0,0,0,0,0,0,0
21.196431,0,0,0,0,1,1,1,0,1
21.197287,0,0,0,0,0,0,0,1,1
21.201568,0,0,0,1,0,0,1,0,0
21.206740,1,0,0,0,1,0,0,1,0
21.212375,1,0,0,0,0,0,0,0,0
21.222145,0,1,0,0,1,0,0,0,0
21.226542,0,0,1,0,0,0,0,1,0
21.230452,0,1,1,0,0,0,0,0,0
21.246108,0,0,0,0,0,1,0,0,0
21.246682,0,1,0,0,0,0,0,0,1
21.249834,0,0,0,1,0,0,1,0,0
21.262598,1,0,0,0,0,0,0,0,0
21.273248,0,0,0,0,1,0,0,0,0
21.278762,0,0,1,0,0,0,0,0,0
21.298113,0,0,0,1,0,1,1,1,0
21.318113,1,1,0,0,0,0,0,0,1
21.348016,0,0,0,1,1,1,1,0,1
21.348065,0,0,0,0,0,0,0,1,0
21.358028,1,0,1,0,0,0,0,0,0
21.378027,0,1,1,0,0,0,0,0,0
21.399883,0,0,0,1,1,1,1,0,1
21.417035,1,0,0,0,1,0,0,1,0
21.431421,0,0,1,0,0,0,0,0,0
21.446231,0,1,0,0,0,1,0,1,1
21.448387,0,0,0,1,0,0,0,0,0
21.476231,0,1,1,0,0,0,1,0,0
21.496027,1,0,0,0,0,1,0,0,0
21.501520,0,0,0,1,0,0,1,0,1
21.514239,1,0,0,0,0,0,0,0,0
21.520210,0,0,0,0,1,0,0,0,0
21.533214,0,0,1,0,0,0,0,1,0
21.546390,0,0,0,0,1,1,0,0,1
21.549315,0,0,0,1,0,0,1,0,0
21.561095,1,1,0,0,1,0,0,0,0
21.584674,0,0,1,0,0,0,0,0,0
21.601436,0,0,0,1,0,1,1,0,1
21.615260,1,0,0,0,0,0,0,0,0
21.629996,0,0,0,0,1,0,0,0,0
21.630934,0,0,0,0,0,0,0,1,0
21.631185,0,0,0,0,0,0,0,1,0
21.632654,0,0,1,0,0,0,0,1,0
21.646483,0,0,0,0,0,1,0,0,1
21.651979,0,1,0,1,0,0,1,0,0
21.656531,0,1,0,0,0,0,0,0,0
21.662631,1,1,0,0,1,0,0,0,0
21.672045,0,0,0,0,0,0,0,1,0
21.682404,0,0,1,0,0,0,0,0,0
21.699292,0,1,0,1,0,1,1,0,1
21.718117,1,0,0,0,1,0,0,0,0
21.735625,0,0,1,0,0,0,0,1,0
21.751132,0,0,0,1,0,1,1,0,1
21.759942,0,1,0,0,0,0,0,0,0
21.768168,1,0,0,0,1,0,0,1,0
21.789156,0,1,1,0,0,0,0,0,0
21.796773,0,0,0,0,0,1,0,0,0
21.797110,0,0,0,0,0,0,0,0,1
21.801515,0,0,0,1,0,0,1,0,0
21.819803,1,0,0,0,0,0,0,0,0
21.825838,0,0,0,0,1,0,0,0,0
21.826816,0,0,0,0,0,0,0,1,0
21.835444,0,0,1,0,0,0,0,0,0
21.849584,0,1,0,1,0,1,0,0,0
21.863985,0,0,0,0,0,0,1,0,1
21.880681,1,0,0,0,0,0,0,0,0
21.899230,0,0,1,1,1,1,0,1,0
21.915468,0,0,0,0,0,0,1,0,0
21.928147,1,1,0,0,0,0,0,0,1
21.946904,0,0,0,0,0,1,0,0,0
21.948766,0,0,0,1,1,0,0,0,1
21.961258,0,0,1,0,0,0,0,0,0
21.988146,0,0,1,0,0,0,1,0,0
21.998055,0,0,0,1,0,1,1,1,0
22.003342,1,0,0,0,0,0,0,0,0
22.018055,1,1,0,0,1,0,0,0,1
22.046836,0,0,0,0,0,1,0,1,1
22.048229,0,0,1,1,1,0,1,0,0
22.067085,1,1,0,0,1,0,0,0,0
22.083600,0,0,1,0,0,0,0,0,0
22.098631,0,0,0,1,0,1,0,1,1
22.124797,0,1,0,0,0,0,0,1,0
22.135435,0,0,1,0,0,0,1,0,0
22.145474,1,1,0,0,1,0,0,1,0
22.149212,0,0,0,1,0,1,0,0,0
22.154135,0,0,0,0,0,0,1,0,1
22.169351,1,1,0,0,0,0,0,0,0
22.176104,0,0,0,0,1,0,0,1,0
22.191920,0,0,1,0,0,0,0,0,0
22.196025,0,0,0,0,0,1,0,0,1
22.196871,0,1,0,0,0,0,0,0,0
22.198369,0,0,0,1,0,0,0,0,0
22.232308,0,0,1,0,0,0,0,0,0
22.250962,0,0,0,1,0,1,0,0,0
22.296314,0,0,0,0,0,1,0,0,1
22.297217,0,0,0,0,0,0,1,0,0
22.300774,0,0,0,1,0,0,0,0,1
22.308070,1,0,0,0,0,0,1,0,0
22.326732,1,0,1,0,0,0,0,0,0
22.338897,0,0,1,0,0,0,0,0,0
22.346286,0,0,0,0,1,1,0,0,1
22.351339,0,0,0,1,0,0,0,0,0
22.373723,0,0,0,0,0,0,0,1,0
22.374908,0,0,0,0,1,0,0,1,0
22.385339,0,0,1,0,0,0,0,0,0
22.396605,0,1,0,0,0,1,0,0,0
22.397158,0,1,0,0,0,0,1,0,0
22.397579,0,0,0,0,0,0,1,0,1
22.399966,0,0,0,1,0,0,1,0,0
22.409020,1,0,0,0,1,0,0,0,0
22.415638,1,0,0,0,1,0,0,0,0
22.418422,1,0,0,0,1,0,0,0,0
22.436183,0,0,1,0,0,0,0,1,0
22.446169,0,0,0,0,0,1,0,1,1
22.449041,0,0,0,1,0,0,0,0,0
22.450490,0,0,0,0,0,0,1,1,0
22.465103,1,1,0,0,1,0,0,1,0
22.471015,0,1,0,0,0,0,0,0,0
22.479166,0,1,1,0,0,0,0,0,0
22.487653,0,1,0,0,0,0,0,0,0
22.498228,0,0,0,1,0,1,0,0,1
22.531810,0,0,1,0,0,0,1,0,0
22.546715,1,0,0,0,1,1,0,0,1
22.551403,0,0,0,1,0,0,1,0,0
22.558276,0,0,0,0,0,0,0,1,0
22.563559,1,0,0,0,0,0,0,0,0
22.577035,0,0,1,0,0,0,0,0,0
22.577911,0,0,0,0,1,0,0,1,0
22.585144,0,1,0,0,0,0,0,0,0
22.599405,0,1,0,1,0,1,1,0,0
22.618857,1,0,0,0,1,0,0,0,0
22.648986,0,0,0,1,0,1,1,0,0
22.660904,1,0,0,0,1,0,0,1,1
22.689747,0,1,0,0,0,0,0,1,0
22.690336,0,0,0,0,0,0,0,0,1
22.700366,0,0,1,1,0,1,1,0,0
22.714889,1,1,0,0,1,0,0,0,1
22.725454,0,0,1,0,0,0,0,0,0
22.750703,0,0,1,1,0,1,1,0,1
22.769678,1,0,0,0,0,0,0,0,0
22.773355,0,0,0,0,0,0,0,1,0
22.778935,0,0,0,0,1,0,0,0,0
22.779720,0,0,0,0,0,0,0,1,0
22.782394,0,0,1,0,0,0,0,0,0
22.796919,0,1,0,0,0,1,0,0,1
22.801621,0,1,0,1,0,0,1,0,0
22.812421,1,0,0,0,1,0,0,1,0
22.830085,0,0,1,0,0,0,0,0,0
22.834239,0,1,0,0,0,0,0,0,0
22.846820,0,0,0,0,0,1,0,0,0
22.848334,0,0,0,1,0,0,1,0,0
22.852725,0,0,0,0,0,0,0,0,1
22.867712,1,0,0,0,1,0,0,1,0
22.885937,0,0,1,0,0,0,0,0,0
22.892611,0,1,0,0,0,0,0,0,0
22.898818,0,0,0,1,0,1,1,0,1
22.911675,1,0,0,0,1,0,0,1,0
22.935780,0,1,1,0,0,0,0,0,0
22.949346,0,0,0,1,0,1,1,0,1
22.964031,1,0,0,0,0,0,0,0,0
22.987637,0,0,1,0,1,0,0,1,0
22.996222,0,0,0,0,0,1,0,0,0
22.998537,0,0,0,1,0,0,0,0,1
23.016409,0,1,0,0,0,0,1,0,0
23.034160,1,0,1,0,0,0,0,0,0
23.051730,0,0,0,1,1,1,1,0,1
23.067952,1,0,0,0,1,0,0,0,0
23.089339,0,0,1,0,0,0,0,1,0
23.101000,0,0,0,1,0,1,1,0,0
23.103308,0,0,0,0,0,0,0,0,1
23.109443,0,1,0,0,0,0,0,0,0
23.120832,1,0,0,0,0,0,0,1,0
23.136032,0,0,1,0,1,0,0,0,0
23.150025,0,1,0,1,0,1,1,0,1
23.163216,1,0,0,0,1,0,0,0,0
23.174063,0,0,0,0,0,0,0,1,0
23.178399,0,0,0,0,0,0,0,1,0
23.180614,0,0,1,0,0,0,0,0,0
23.198442,0,1,0,1,0,1,0,0,1
23.199442,0,1,0,0,0,0,0,0,0
23.236758,0,0,1,0,0,0,1,0,0
23.251490,1,0,0,1,0,1,1,0,1
23.270788,1,0,0,0,1,0,0,0,0
23.282570,0,0,1,0,0,0,0,1,0
23.301036,0,0,0,1,0,1,0,0,0
23.310893,0,1,0,0,1,0,0,0,1
23.329577,0,0,0,0,0,0,0,1,0
23.348414,0,0,1,1,0,1,0,0,1
23.354691,0,1,0,0,0,0,1,0,0
23.361648,0,0,0,0,0,0,1,0,0
23.365539,1,0,0,0,1,0,0,0,0
23.371929,1,0,0,0,0,0,0,1,0
23.374428,0,0,0,0,1,0,0,0,0
23.383975,0,0,1,0,0,0,0,1,0
23.391994,0,1,0,0,0,0,0,0,0
23.396163,0,0,0,0,0,1,0,0,1
23.399420,0,0,0,1,0,0,1,0,0
23.411273,1,1,0,0,1,0,0,1,0
23.434306,0,1,1,0,0,0,0,0,0
23.451708,0,0,0,1,0,1,0,0,0
23.498591,0,0,0,1,0,1,0,0,0
23.551880,0,0,0,1,0,1,1,0,0
23.563945,1,0,0,0,1,0,0,0,1
23.596369,0,0,1,0,0,1,0,0,1
23.597125,0,0,0,0,0,0,0,1,1
23.601046,0,0,0,1,0,0,1,0,1
23.617555,1,1,0,0,1,0,1,1,0
23.629044,1,0,1,0,1,0,1,0,0
23.635223,0,0,1,0,0,0,0,1,0
23.639044,1,1,1,0,1,0,0,1,0
23.646805,0,0,0,0,0,1,0,0,1
23.649851,0,0,0,1,0,0,0,0,0
23.658987,0,1,0,0,0,0,0,0,0
23.659016,0,0,0,0,0,0,1,0,0
23.669037,1,1,0,0,1,0,0,0,0
23.682677,0,0,1,0,0,0,0,1,0
23.696475,0,0,0,0,0,1,0,0,1
23.698047,0,0,0,1,0,0,1,0,0
23.703356,0,1,0,0,0,0,0,0,0
23.710104,1,0,0,0,1,0,0,1,0
23.728456,0,0,1,0,0,0,0,0,0
23.730734,0,1,0,0,0,0,0,0,0
23.750608,0,0,0,1,0,1,0,0,1
23.789493,0,0,1,0,0,0,0,0,0
23.792890,0,0,0,0,0,0,1,0,0
23.798224,0,0,0,1,0,1,1,0,1
23.807255,1,0,0,0,1,0,0,0,0
23.814458,1,0,0,0,1,0,0,0,0
23.836188,0,0,1,0,0,0,0,1,0
23.848326,0,0,0,1,0,1,1,1,1
23.864472,1,1,0,0,1,0,0,1,0
23.869424,0,1,0,0,0,0,0,0,0
23.882613,0,0,1,0,0,0,0,0,0
23.889472,0,1,0,0,0,0,0,0,0
23.896584,0,0,0,0,0,1,0,0,1
23.901857,0,0,0,1,0,0,1,0,0
23.915265,1,0,0,0,1,0,0,1,0
23.929816,0,0,1,0,0,0,0,0,0
23.937241,0,1,0,0,0,0,0,0,0
23.946000,0,0,0,0,0,1,0,0,0
23.948690,0,0,0,1,0,0,1,0,1
23.967970,1,0,0,0,1,0,0,0,0
23.976819,0,0,0,0,0,0,0,1,0
23.982251,0,0,1,0,0,0,0,0,0
24.001673,0,1,0,1,0,1,1,0,1
24.015051,1,0,0,0,0,0,0,0,0
24.016181,0,0,0,0,1,0,0,0,0
24.031673,0,0,1,0,0,0,0,1,0
24.049113,0,0,0,1,0,1,0,0,1
24.061001,0,1,0,0,0,0,1,0,0
24.073165,1,0,0,0,1,0,0,0,0
24.080156,0,0,1,0,0,0,0,0,0
24.100671,0,0,0,1,0,1,1,0,0
24.119497,1,0,0,0,1,0,0,1,1
24.148065,0,1,0,1,0,1,0,0,1
24.149768,0,0,1,0,0,0,0,1,0
24.171332,0,1,0,0,0,0,0,0,0
24.187084,0,0,1,0,0,0,1,0,0
24.197295,1,0,0,0,1,1,0,1,0
24.197647,0,0,0,0,0,0,0,0,1
24.201252,0,0,0,1,0,0,1,0,0
24.215235,1,0,0,0,1,0,0,1,0
24.223067,0,1,0,0,0,0,0,0,0
24.235983,0,1,1,0,0,0,0,0,0
24.250550,0,0,0,1,0,1,0,0,0
24.299159,0,0,0,1,0,1,1,0,1
24.300159,0,0,0,0,0,0,1,0,0
24.311446,1,0,0,0,1,0,0,1,1
24.315291,1,0,0,0,0,0,0,0,0
24.321088,0,0,0,0,1,0,0,1,0
24.336458,0,1,1,0,0,0,0,0,0
24.349795,0,1,1,1,0,1,0,0,0
24.401283,0,0,0,1,0,1,1,0,0
24.414083,1,0,0,0,0,0,1,0,0
24.426886,1,0,0,0,0,0,0,0,0
24.446327,0,0,0,0,0,1,0,0,0
24.451170,0,0,0,1,1,0,1,0,0
24.458778,0,0,0,0,0,0,0,0,1
24.460072,0,0,0,0,1,0,0,1,1
24.465630,1,0,0,0,0,0,0,0,1
24.472545,0,0,0,0,0,0,0,1,0
24.473909,0,0,0,0,1,0,0,1,0
24.484550,0,1,0,0,0,0,0,0,0
24.498634,0,1,1,1,0,1,1,0,1
24.499895,0,1,1,0,0,0,0,0,0
24.505114,0,0,1,0,0,0,0,0,0
24.515201,1,0,0,0,0,0,0,0,0
24.534190,0,0,1,0,1,0,0,1,0
24.551687,0,0,0,1,0,1,0,0,1
24.552966,0,0,0,0,0,0,1,0,0
24.563583,1,1,0,0,1,0,0,0,0
24.579697,0,0,0,0,0,0,0,1,0
24.582983,0,0,1,0,0,0,0,0,0
24.600337,0,1,0,1,0,1,0,0,1
24.637480,0,0,1,0,0,0,0,0,0
24.641991,0,0,0,0,0,0,1,0,0
24.651995,1,0,0,1,1,1,0,1,1
24.674760,0,1,0,0,0,0,1,0,0
24.682036,0,0,1,0,0,0,0,0,0
24.691052,1,0,0,0,1,0,0,0,0
24.694770,0,0,0,0,0,0,0,1,0
24.699664,0,0,0,1,0,1,0,0,0
24.712656,0,0,0,0,0,0,1,0,1
24.720455,0,1,0,0,0,0,0,0,0
24.725400,1,0,0,0,0,0,0,0,0
24.746878,0,0,1,0,0,1,0,0,1
24.748305,0,0,0,1,1,0,1,0,0
24.758779,1,0,0,0,1,0,0,0,0
24.772658,0,0,0,0,0,0,0,1,0
24.786295,0,0,1,0,0,0,0,1,0
24.799835,0,1,0,1,0,1,0,0,0
24.804205,0,0,0,0,0,0,1,0,1
24.815335,1,1,0,0,1,0,0,1,0
24.834317,0,0,1,0,0,0,0,0,0
24.839428,0,1,0,0,0,0,0,0,0
24.848307,0,0,0,1,0,1,1,0,0
24.862981,1,0,0,0,1,0,0,0,1
24.896323,0,0,1,0,0,1,0,1,0
24.899635,0,0,0,1,0,0,0,0,1
24.921596,0,1,0,0,0,0,1,0,0
24.937161,1,0,1,0,1,0,0,1,0
24.950004,0,0,0,1,0,1,1,0,0
24.965407,1,1,0,0,1,0,0,0,1
24.995443,0,0,1,0,0,0,0,1,0
25.001919,0,0,0,1,0,1,1,0,0
25.020513,1,1,0,0,1,0,0,1,1
25.050513,0,1,1,1,0,1,1,0,0
25.065168,1,0,0,0,1,0,0,0,0
25.073924,0,0,0,0,0,0,0,1,0
25.100846,0,1,0,1,0,1,1,0,1
25.111035,1,0,0,0,1,0,0,0,0
25.139495,0,0,1,0,0,0,0,1,1
25.149552,0,0,0,1,0,1,0,0,0
25.155760,0,0,0,0,0,0,1,0,0
25.161220,0,1,0,0,0,0,0,0,0
25.173743,1,0,1,0,1,0,0,1,0
25.185385,0,0,0,0,0,0,0,0,1
25.198988,0,1,0,1,0,1,1,0,0
25.214101,1,0,0,0,1,0,0,0,0
25.216006,0,0,1,0,0,0,0,1,1
25.236450,0,1,0,0,0,0,0,0,0
25.251966,0,0,1,1,0,1,1,0,1
25.264322,1,0,0,0,0,0,0,0,0
25.275823,0,0,0,0,1,0,0,1,0
25.289458,0,0,1,0,0,0,0,0,0
25.298245,0,1,0,1,0,1,1,0,0
25.315692,1,0,0,0,1,0,0,0,1
25.349821,0,0,1,1,0,1,1,0,0
25.356726,0,0,0,0,0,0,0,0,1
25.358168,0,0,0,0,0,0,0,1,0
25.361006,1,0,0,0,1,0,0,1,0
25.387443,0,1,1,0,0,0,0,0,0
25.388459,0,1,0,0,0,0,0,0,0
25.401308,0,0,0,1,0,1,0,0,1
25.435221,0,0,1,0,0,0,1,0,0
25.448039,1,0,0,1,1,1,0,1,1
25.456498,0,0,0,0,0,0,1,0,0
25.473610,1,1,0,0,1,0,0,1,0
25.487834,0,0,1,0,0,0,0,0,0
25.496035,0,1,0,0,0,1,0,0,0
25.498552,0,0,0,1,0,0,1,0,0
25.512703,1,0,0,0,1,0,0,1,0
25.535203,0,1,0,0,0,0,0,0,1
25.551375,0,0,0,1,0,1,1,0,1
25.562036,1,0,0,0,1,0,0,0,0
25.563764,0,0,0,0,0,0,0,1,0
25.569940,0,0,1,0,0,0,0,0,0
25.587447,0,1,1,0,0,0,0,0,0
25.596985,0,0,0,0,0,1,0,0,0
25.597781,0,0,0,0,0,0,0,0,1
25.599014,0,0,0,1,0,0,0,0,0
25.625628,0,0,0,0,0,0,1,0,0
25.636114,1,0,1,0,1,0,0,0,0
25.648961,0,0,0,1,0,1,1,0,1
25.660879,1,0,0,0,0,0,0,0,0
25.683343,0,0,1,0,1,0,0,0,0
25.701309,0,0,0,1,0,1,0,1,0
25.708755,0,0,0,0,0,0,1,1,0
25.725343,1,1,0,0,1,0,0,0,1
25.738416,0,1,0,0,0,0,0,0,0
25.748013,0,0,0,1,0,1,1,1,1
25.760263,1,0,1,0,1,0,0,1,0
25.772148,0,1,0,0,0,0,0,0,0
25.787427,0,1,1,0,0,0,0,0,0
25.801567,0,0,0,1,0,1,1,0,0
25.816164,1,0,0,0,0,0,0,0,1
25.850053,0,0,1,1,0,1,1,0,1
25.851468,0,0,0,0,1,0,0,1,0
25.866007,1,0,0,0,1,0,0,1,0
25.873568,0,1,0,0,0,0,0,0,0
25.887521,0,1,1,0,0,0,0,0,0
25.900352,0,0,0,1,0,1,0,0,1
25.940036,0,0,1,0,0,0,1,0,0
25.948051,0,0,0,1,0,1,1,0,1
25.952216,1,0,0,0,0,0,0,0,0
25.965882,1,0,0,0,1,0,0,1,0
25.983146,0,0,1,0,0,0,0,0,0
25.988633,0,1,0,0,1,0,0,1,0
25.998743,0,0,0,1,0,1,0,0,1
26.010325,0,1,0,0,0,0,0,0,0
26.015641,0,0,0,0,0,0,1,0,0
26.029166,1,0,1,0,1,0,0,0,0
26.037358,0,0,0,0,0,0,0,1,0
26.051479,0,0,0,1,0,1,0,0,1
26.054866,0,0,0,0,0,0,1,0,0
26.063745,0,1,0,0,0,0,0,0,0
26.073690,1,0,0,0,1,0,0,1,0
26.083822,0,0,1,0,0,0,0,0,0
26.099170,0,1,0,1,0,1,1,0,1
26.113753,1,0,0,0,1,0,0,1,0
26.139086,0,1,1,0,0,0,0,0,0
26.148038,0,0,0,1,0,1,0,0,1
26.179296,0,0,1,0,0,0,0,0,0
26.183655,0,0,0,0,0,0,1,0,0
26.194456,1,0,0,0,0,0,0,0,0
26.198259,0,0,0,1,0,1,0,0,1
26.229553,0,0,1,0,1,0,1,1,0
26.249553,1,1,0,1,1,1,1,0,0
26.255044,0,0,0,0,0,0,0,1,0
26.261079,1,0,0,0,0,0,0,0,1
26.262470,0,0,0,0,1,0,0,1,0
26.283501,0,1,0,0,0,0,0,0,0
26.289662,0,1,0,0,0,0,0,0,0
26.296949,0,0,1,0,0,1,0,0,0
26.300130,0,0,0,1,0,0,0,0,0
26.346000,0,0,0,0,0,1,0,0,1
26.347000,0,0,0,0,0,0,1,0,1
26.349778,0,0,0,1,0,0,1,0,0
26.366258,1,0,0,0,0,0,0,0,0
26.369568,1,0,0,0,0,0,0,0,0
26.381341,0,0,1,0,0,0,0,0,0
26.382993,0,0,1,0,1,0,0,0,0
26.400012,0,0,0,1,0,1,0,0,1
26.435525,0,0,1,0,1,0,0,0,0
26.437594,0,0,0,0,0,0,1,1,0
26.450270,1,0,0,1,1,1,1,0,0
26.454301,0,0,0,0,0,0,0,1,1
26.464163,1,1,0,0,1,0,0,0,0
26.467722,0,0,0,0,0,0,0,1,0
26.476166,0,1,0,0,0,0,0,1,0
26.492435,0,1,1,0,0,0,0,0,0
26.496813,0,1,0,0,0,1,0,0,0
26.501230,0,0,0,1,0,0,0,0,1
26.503685,0,0,0,0,0,0,1,0,0
26.521928,1,0,0,0,1,0,0,0,0
26.540278,0,0,1,0,0,0,0,0,0
26.551157,0,0,0,1,0,1,0,0,1
26.586840,0,0,1,0,0,0,1,1,0
26.598450,1,0,0,1,1,1,0,0,1
26.603311,0,0,0,0,0,0,1,1,0
26.614210,1,1,0,0,0,0,0,0,0
26.615878,0,0,0,0,1,0,0,1,0
26.628584,0,1,1,0,0,0,0,0,0
26.641040,0,1,0,0,0,0,0,0,0
26.646724,0,0,0,0,0,1,0,0,1
26.649818,0,0,0,1,0,0,0,0,0
26.684858,0,0,1,0,0,0,1,0,0
26.696783,1,0,0,0,0,1,0,0,1
26.697738,0,0,0,0,1,0,0,1,0
26.699536,0,0,0,1,0,0,1,0,0
26.718418,1,1,0,0,1,0,0,1,0
26.731581,0,0,1,0,0,0,0,0,0
26.748023,0,1,0,1,0,1,1,0,0
26.759392,1,0,0,0,1,0,0,1,1
26.789392,0,1,1,0,0,0,0,0,0
26.801357,0,0,0,1,0,1,0,0,0
26.846895,0,0,0,0,0,1,1,0,1
26.847422,0,0,0,0,0,0,0,0,1
26.850423,0,0,0,1,0,0,1,0,0
26.857658,1,0,0,0,1,0,0,0,0
26.864468,1,0,0,0,0,0,0,0,0
26.878851,0,0,1,0,0,0,0,1,0
26.887301,0,0,1,0,1,0,0,0,0
26.900454,0,1,0,1,0,1,1,0,0
26.906612,0,0,0,0,0,0,0,0,1
26.913822,1,0,0,0,1,0,0,1,0
26.917277,0,0,0,0,0,0,0,1,0
26.940629,0,1,1,0,0,0,0,0,0
26.947034,0,1,0,0,0,1,0,0,0
26.951844,0,0,0,1,0,0,0,0,1
26.965381,0,0,0,0,0,0,1,0,0
26.979776,1,0,0,0,1,0,0,0,0
26.982967,0,0,1,0,0,0,0,0,0
26.999572,0,0,0,1,0,1,1,0,1
27.018465,1,0,0,0,1,0,0,0,0
27.039000,0,0,1,0,0,0,0,1,0
27.051959,0,0,0,1,0,1,0,0,1
27.066163,0,1,0,0,0,0,0,1,0
27.083625,0,0,1,0,0,0,0,0,0
27.096031,0,1,0,0,0,1,1,0,1
27.098667,0,0,0,1,0,0,1,0,0
27.114481,1,0,0,0,0,0,0,0,0
27.117412,1,0,0,0,1,0,0,0,0
27.119023,0,0,0,0,0,0,0,1,0
27.133339,0,0,1,0,1,0,0,0,0
27.148751,0,1,0,1,0,1,1,0,0
27.167587,1,0,0,0,1,0,0,0,0
27.196630,0,0,0,0,0,1,0,1,1
27.197517,0,0,0,0,0,0,0,1,0
27.198488,0,0,0,1,0,0,0,0,0
27.226630,0,1,1,0,0,0,1,0,1
27.227302,0,1,0,0,0,0,0,0,0
27.246574,1,0,0,0,1,1,0,0,1
27.247173,0,0,0,0,0,0,0,1,0
27.248306,0,0,0,1,0,0,0,0,0
27.251699,0,0,0,0,0,0,1,0,0
27.257805,0,0,1,0,0,0,0,0,0
27.265559,1,0,0,0,1,0,0,1,0
27.276891,0,1,1,0,0,0,0,0,0
27.295246,0,1,0,0,0,0,0,0,0
27.300619,0,0,0,1,0,1,0,0,0
27.340599,0,0,0,0,0,0,1,0,0
27.348323,0,0,0,1,0,1,1,0,1
27.358851,1,0,0,0,1,0,0,1,1
27.364949,1,0,0,0,1,0,0,0,0
27.379838,0,1,1,0,0,0,0,1,0
27.398224,0,0,1,1,0,1,1,0,1
27.409082,1,1,0,0,1,0,0,0,0
27.430773,0,0,1,0,0,0,0,0,0
27.450874,0,0,0,1,0,1,1,1,1
27.470874,1,1,0,0,1,0,0,0,0
27.483791,0,0,1,0,0,0,0,1,0
27.496708,0,0,0,0,0,1,0,0,1
27.499680,0,0,0,1,0,0,0,0,0
27.510382,0,1,0,0,0,0,1,0,0
27.522550,1,0,0,0,0,0,0,0,0
27.529348,0,0,1,0,1,0,0,1,0
27.546902,0,0,0,0,0,1,0,0,1
27.549391,0,1,0,1,0,0,0,0,0
27.584257,0,0,1,0,0,0,1,0,0
27.594928,1,0,0,0,1,0,0,0,0
27.596316,0,0,0,0,0,1,0,0,0
27.601472,0,0,0,1,0,0,0,1,0
27.622739,0,1,0,0,0,0,0,0,1
27.646719,0,0,0,0,0,1,1,0,1
27.648854,0,0,0,1,0,0,0,0,0
27.652982,0,0,1,0,0,0,0,0,0
27.655072,0,0,0,0,0,0,1,0,0
27.664464,1,0,0,0,0,0,0,0,0
27.667756,1,0,0,0,1,0,0,1,0
27.677672,0,0,1,0,1,0,0,0,0
27.689115,0,1,0,0,0,0,0,0,0
27.696291,0,0,0,0,0,1,0,0,1
27.701967,0,0,0,1,0,0,1,1,0
27.721967,1,1,0,0,0,0,0,0,0
27.733779,0,0,1,0,1,0,0,1,0
27.746651,0,0,0,0,0,1,0,0,0
27.747322,0,0,0,0,0,0,0,0,1
27.751683,0,0,0,1,0,0,1,0,0
27.756473,0,1,0,0,0,0,0,0,0
27.763194,1,0,0,0,1,0,0,0,0
27.777606,0,0,1,0,0,0,0,1,0
27.796419,0,0,0,0,0,1,0,0,0
27.797699,0,1,0,0,0,0,0,0,0
27.800235,0,0,0,1,0,0,0,0,1
27.819547,0,0,0,0,0,0,1,0,0
27.829728,1,0,0,0,1,0,0,0,0
27.829981,0,0,0,0,0,0,0,1,0
27.834881,0,0,1,0,0,0,0,0,0
27.848236,0,0,0,1,0,1,1,0,0
27.859345,1,1,0,0,1,0,0,0,0
27.899431,0,0,0,1,0,1,1,0,0
27.915939,1,0,0,0,1,0,0,0,0
27.950140,0,0,0,1,0,1,0,1,1
27.967877,0,0,0,0,0,0,0,1,0
27.969062,0,0,0,0,0,0,0,0,1
27.977161,0,1,0,0,0,0,0,0,0
27.984518,0,0,1,0,0,0,0,0,0
27.986081,0,0,0,0,0,0,1,0,1
27.996003,0,1,0,0,0,1,0,0,0
27.998050,1,0,0,1,1,0,0,0,1
27.998970,0,0,0,0,0,0,1,1,0
28.008995,1,0,1,0,0,0,0,0,0
28.019213,0,1,1,0,1,0,0,0,0
28.021690,0,0,0,0,0,0,0,1,0
28.028268,0,0,1,0,0,0,0,0,0
28.050330,0,1,0,1,0,1,0,0,1
28.072882,0,0,0,0,0,0,1,0,0
28.084578,1,0,1,0,1,0,0,1,0
28.096173,0,0,0,0,0,1,0,0,1
28.100298,0,0,0,1,0,0,1,0,0
28.112866,1,1,0,0,1,0,0,1,0
28.132972,0,1,1,0,0,0,0,0,0
28.149824,0,0,0,1,0,1,0,0,1
28.163974,0,0,0,0,0,0,1,0,0
28.177887,1,0,0,0,1,0,0,1,0
28.186840,0,0,1,0,0,0,0,0,0
28.199013,0,1,0,1,0,1,0,0,0
28.236372,0,0,0,0,0,0,0,0,1
28.250705,0,0,0,1,0,1,1,0,1
28.261643,1,0,0,0,0,0,0,0,0
28.266372,0,0,1,0,1,0,1,0,0
28.278756,1,0,0,0,1,0,0,1,0
28.285182,0,0,1,0,0,0,0,1,0
28.301858,0,1,0,1,0,1,0,0,1
28.306234,0,1,0,0,0,0,0,0,0
28.336394,0,0,1,0,0,0,1,0,0
28.346548,1,0,0,0,0,1,0,0,0
28.351912,0,0,0,1,0,0,0,0,1
28.387859,0,0,1,0,0,0,1,0,0
28.398028,1,0,0,1,0,1,1,0,1
28.405956,0,0,0,0,1,0,0,1,0
28.407010,0,0,0,0,1,0,0,1,0
28.417876,1,0,0,0,1,0,0,0,0
28.431213,0,1,1,0,0,0,0,1,0
28.432715,0,1,0,0,0,0,0,0,0
28.449168,0,0,0,1,0,1,0,0,0
28.452035,0,1,0,0,0,0,1,0,1
28.467674,1,0,0,0,0,0,0,0,0
28.475410,0,0,0,0,1,0,0,1,0
28.484596,0,0,1,0,0,0,0,0,0
28.499578,0,1,0,1,0,1,0,0,0
28.526079,0,0,0,0,0,0,1,0,1
28.546068,1,0,0,0,1,1,0,0,0
28.547037,0,0,0,0,0,0,0,1,1
28.551594,0,0,0,1,0,0,1,0,0
28.561855,1,0,1,0,0,0,0,0,0
28.565097,0,0,0,0,1,0,0,1,0
28.573317,0,1,0,0,0,0,0,0,0
28.586318,0,1,1,0,0,0,0,0,0
28.600283,0,0,0,1,0,1,1,0,1
28.616857,1,0,0,0,1,0,0,0,0
28.626117,0,0,0,0,0,0,0,1,0
28.635617,0,0,1,0,0,0,0,0,0
28.646334,0,1,0,0,0,1,0,0,0
28.649100,0,0,0,1,0,0,1,0,1
28.659853,1,0,0,0,1,0,0,1,0
28.679416,0,0,1,0,0,0,0,0,0
28.689753,0,1,0,0,0,0,0,0,0
28.698952,0,0,0,1,0,1,0,0,0
28.746058,0,0,0,0,0,1,0,0,0
28.747003,0,0,0,0,0,0,0,0,1
28.747501,0,0,0,0,0,0,1,0,0
28.751283,0,0,0,1,0,0,1,0,1
28.761437,1,0,0,0,1,0,0,1,0
28.764216,1,0,0,0,1,0,0,0,0
28.766197,0,0,0,0,0,0,0,1,0
28.779792,0,0,1,0,0,0,0,0,0
28.781346,0,0,1,0,0,0,0,0,0
28.790892,0,1,0,0,0,0,0,0,0
28.794585,0,1,0,0,0,0,0,0,0
28.796995,0,0,0,0,0,1,0,0,0
28.800222,0,0,0,1,0,0,1,0,0
28.810222,1,0,0,0,0,0,0,0,0
28.851139,0,0,0,1,0,1,0,0,1
28.884409,0,0,1,0,1,0,0,0,1
28.901711,0,0,0,1,0,1,1,1,1
28.919313,1,0,1,0,1,0,1,1,0
28.931711,1,1,1,0,1,0,0,1,0
28.949268,0,1,0,1,0,1,0,0,0
28.952778,0,1,0,0,0,0,1,0,0
28.971621,1,0,0,0,0,0,0,0,0
28.999512,0,0,0,1,1,1,1,1,1
29.019512,1,1,0,0,1,0,0,1,1
29.039512,0,1,1,0,0,0,0,0,0
29.050533,0,0,1,1,0,1,0,0,1
29.086069,0,0,1,0,0,0,0,0,0
29.099265,0,0,0,1,0,1,1,0,1
29.118815,1,0,0,0,0,0,0,0,0
29.125150,0,0,0,0,1,0,0,0,0
29.128160,0,0,0,0,0,0,1,1,0
29.138958,1,0,1,0,1,0,0,1,0
29.146778,0,0,0,0,0,1,0,0,0
29.148034,0,0,0,1,0,0,0,0,0
29.148097,0,0,0,0,0,0,0,0,1
29.155958,0,1,0,0,0,0,1,0,0
29.159896,0,1,0,0,0,0,0,0,0
29.167463,1,0,0,0,0,0,0,0,0
29.187250,0,0,1,0,1,0,0,0,0
29.198000,0,0,0,1,0,1,1,0,0
29.212118,1,0,0,0,1,0,0,1,0
29.227480,0,0,0,0,0,0,0,1,0
29.237897,0,1,0,0,0,0,0,0,0
29.246260,0,0,0,0,0,1,0,0,1
29.246766,0,0,0,0,0,0,0,0,1
29.251749,0,1,0,1,0,0,0,0,0
29.278904,0,0,1,0,0,0,0,0,0
29.282877,0,0,1,0,0,0,1,0,0
29.299077,1,0,0,1,1,1,0,1,0
29.326664,0,1,0,0,0,0,0,0,0
29.332253,0,0,0,0,0,0,1,0,0
29.348000,1,0,0,1,0,1,0,0,1
29.386959,0,0,1,0,1,0,1,1,1
29.401161,1,0,0,1,0,1,1,0,0
29.412788,1,1,0,0,1,0,0,1,1
29.414003,0,0,0,0,1,0,0,1,0
29.419476,0,0,1,0,0,0,0,0,0
29.442788,0,1,1,0,0,0,0,0,0
29.443855,0,1,0,0,0,0,0,0,0
29.446471,0,0,0,0,0,1,0,0,0
29.448172,0,0,0,1,0,0,0,0,0
29.496350,0,0,0,0,0,1,1,0,1
29.501479,0,0,0,1,0,0,1,0,1
29.513929,1,0,0,0,1,0,0,1,0
29.519603,1,0,0,0,1,0,0,0,0
29.521952,0,0,0,0,0,0,0,1,0
29.535911,0,1,1,0,0,0,0,0,0
29.537291,0,0,1,0,0,0,0,0,0
29.546530,0,1,0,0,0,1,0,0,0
29.549839,0,0,0,1,0,0,1,0,1
29.565025,1,0,0,0,1,0,0,1,0
29.586063,0,1,1,0,0,0,0,0,0
29.599982,0,0,0,1,0,1,1,0,0
29.616940,1,0,0,0,1,0,0,1,0
29.646358,0,1,0,0,0,1,0,0,1
29.648331,0,0,0,1,0,0,1,0,1
29.661891,1,0,0,0,0,0,0,0,0
29.663157,0,0,0,0,1,0,0,0,0
29.682583,0,0,1,0,0,0,0,0,0
29.687660,0,0,1,0,0,0,0,1,0
29.701459,0,0,0,1,0,1,1,0,0
29.704920,0,0,0,0,0,0,0,0,1
29.714529,1,1,0,0,0,0,0,0,0
29.717682,0,0,0,0,1,0,0,0,0
29.735512,0,0,1,0,0,0,0,1,0
29.748584,0,0,0,1,0,1,1,0,1
29.762835,1,1,0,0,1,0,0,0,0
29.770709,0,0,0,0,0,0,0,1,0
29.781408,0,0,1,0,0,0,0,0,0
29.791426,0,1,0,0,0,0,0,0,0
29.801902,0,0,0,1,0,1,0,0,1
29.836650,0,0,1,0,0,0,0,0,0
29.846839,0,0,0,0,0,1,1,0,0
29.848110,0,0,0,1,0,0,0,0,1
29.864415,1,0,0,0,1,0,1,1,0
29.881709,1,0,1,0,0,0,0,0,0
29.883394,0,0,0,0,1,0,0,1,0
29.892813,0,1,0,0,0,0,0,0,0
29.901951,0,0,0,1,0,1,0,0,1
29.902723,0,0,0,0,0,0,1,0,0
29.912933,1,1,0,0,1,0,0,0,0
29.941661,0,0,1,0,0,0,0,1,0
29.946061,0,0,0,0,0,1,0,0,1
29.948380,0,0,0,1,0,0,1,0,0
29.961661,1,1,0,0,1,0,0,0,0
29.978628,0,0,1,0,0,0,0,1,0
29.996250,0,0,0,0,0,1,0,0,1
29.998042,0,0,0,1,0,0,1,0,0
30.008432,1,1,0,0,0,0,0,0,0
30.012367,0,0,0,0,1,0,0,0,0
30.031182,0,0,1,0,0,0,0,0,0
30.036455,0,0,0,0,0,0,0,1,0
30.046992,0,0,0,0,0,1,0,0,1
30.048169,0,0,0,1,0,0,0,0,0
30.063343,0,1,0,0,0,0,0,0,0
30.077931,0,0,1,0,0,0,1,0,0
30.091619,1,0,0,0,1,0,0,1,0
30.098480,0,0,0,1,0,1,0,0,1
30.110414,0,0,0,0,0,0,1,0,0
30.113885,0,1,0,0,0,0,0,0,0
30.128937,1,0,1,0,1,0,0,0,0
30.150187,0,0,0,1,0,1,1,1,1
30.164470,1,0,0,0,0,0,0,0,0
30.176696,0,1,0,0,1,0,0,1,0
30.183309,0,0,1,0,0,0,0,0,0
30.200401,0,1,0,1,0,1,0,0,1
30.233133,0,0,1,0,0,0,1,0,0
30.251021,1,0,0,1,1,1,0,1,1
30.281021,0,1,1,0,0,0,0,0,0
30.288112,0,0,0,0,0,0,1,0,0
30.299681,1,0,0,1,1,1,0,1,1
30.305998,0,0,0,0,0,0,1,0,0
30.321432,1,1,0,0,1,0,0,1,0
30.339579,0,0,1,0,0,0,0,0,0
30.346574,0,1,0,0,0,1,0,0,0
30.351307,0,0,0,1,0,0,0,0,0
30.379061,0,0,0,0,0,0,1,0,0
30.394461,1,0,0,0,0,0,0,0,0
30.400819,0,0,0,1,1,1,1,1,0
30.414888,1,0,0,0,1,0,0,1,0
30.428106,0,1,0,0,0,0,0,0,0
30.443234,0,1,0,0,0,0,0,0,0
30.448965,0,0,0,1,0,1,1,0,0
30.460588,1,0,0,0,0,0,0,0,0
30.491429,0,0,0,0,0,0,0,0,1
30.501789,0,0,0,1,0,1,1,0,1
30.504349,0,0,0,0,1,0,0,1,0
30.521471,1,0,1,0,1,0,0,1,0
30.522680,0,0,0,0,0,0,0,0,1
30.532505,0,1,1,0,0,0,0,0,0
30.533863,0,0,0,0,0,0,0,0,1
30.551433,0,1,0,1,0,1,0,0,0
30.561047,0,0,1,0,0,0,1,0,1
30.571368,1,0,1,0,1,0,0,0,0
30.596656,0,0,1,0,0,1,0,0,0
30.598732,0,0,0,1,0,0,0,1,0
30.614111,0,0,0,0,0,0,0,0,1
30.615647,0,0,0,0,0,0,1,0,0
30.618920,0,1,0,0,0,0,0,0,0
30.627312,1,0,0,0,0,0,0,0,0
30.651872,0,0,1,1,1,1,1,1,0
30.670618,1,0,0,0,1,0,0,1,1
30.676457,0,1,0,0,0,0,0,0,0
30.696718,0,1,0,0,0,1,0,0,0
30.698702,0,0,0,1,0,0,0,0,1
30.702803,0,0,1,0,0,0,0,0,0
30.734446,0,0,1,0,0,0,1,0,0
30.750105,1,0,0,1,1,1,1,0,0
30.752193,0,0,0,0,0,0,0,0,1
30.757263,0,0,0,0,0,0,0,1,0
30.762366,1,0,0,0,1,0,0,0,0
30.783128,0,1,1,0,0,0,0,0,0
30.798947,0,0,0,1,0,1,0,0,1
30.817226,0,0,0,0,0,0,1,1,0
30.827504,1,0,0,0,1,0,0,1,0
30.830455,0,0,1,0,0,0,0,0,0
30.843271,0,1,0,0,0,0,0,0,0
30.847596,0,1,0,0,0,1,0,0,0
30.848222,0,0,0,1,0,0,0,0,0
30.899289,0,0,0,1,0,1,1,0,0
30.906953,0,0,0,0,0,0,1,0,1
30.908211,0,0,0,0,0,0,0,0,1
30.914674,1,0,0,0,1,0,0,0,0
30.921740,1,0,0,0,1,0,0,0,0
30.929693,0,0,0,0,0,0,0,1,0
30.941807,0,0,1,0,0,0,0,0,0
30.943166,0,0,1,0,0,0,0,0,0
30.946735,0,0,0,0,0,1,0,0,0
30.950592,0,1,0,1,0,0,1,1,0
30.970592,1,1,0,0,1,0,0,1,1
30.998175,0,1,0,1,0,1,0,0,1
31.002028,0,0,1,0,0,0,0,0,0
31.033937,0,0,1,0,0,0,0,0,0
31.046446,0,0,0,0,0,1,0,0,0
31.048410,0,0,0,1,0,0,1,0,0
31.056696,0,0,0,0,0,0,1,0,0
31.060048,1,0,0,0,0,0,0,0,0
31.067437,1,0,0,0,1,0,0,0,0
31.096178,0,0,0,0,0,1,0,0,0
31.098859,0,0,0,1,1,0,1,1,0
31.116074,1,0,0,0,0,0,0,1,0
31.125848,0,1,0,0,1,0,0,1,1
31.138578,0,1,0,0,0,0,0,0,1
31.150312,0,1,0,1,0,1,0,0,0
31.154270,0,0,0,0,0,0,0,0,1
31.155151,0,0,0,0,0,0,1,0,0
31.156288,0,0,1,0,0,0,0,0,0
31.167490,1,0,0,0,1,0,0,0,0
31.168285,0,0,0,0,0,0,0,1,0
31.173482,0,0,1,0,0,0,0,0,0
31.193025,0,1,1,0,0,0,0,0,0
31.200690,0,0,0,1,0,1,0,0,0
31.250625,0,0,0,1,0,1,1,0,1
31.262204,1,0,0,0,0,0,0,0,1
31.287326,0,0,1,0,1,0,0,0,0
31.301148,0,0,1,1,0,1,0,0,0
31.348147,0,0,0,1,0,1,0,1,1
31.378147,0,1,1,0,0,0,1,0,1
31.396240,1,0,0,0,0,1,0,0,0
31.397092,0,0,0,0,1,0,1,0,1
31.399264,0,0,0,1,0,0,0,0,0
31.407112,1,0,0,0,0,0,1,0,0
31.413993,0,0,1,0,0,0,1,1,0
31.415529,0,0,0,0,1,0,0,1,0
31.421643,1,0,0,0,1,0,0,0,0
31.431742,1,0,1,0,0,0,0,0,0
31.437084,0,1,0,0,1,0,0,0,0
31.439809,0,1,0,0,0,0,0,1,0
31.446720,0,0,0,0,0,1,0,0,1
31.447013,0,0,0,0,0,0,0,1,0
31.450545,0,0,0,1,0,0,0,0,0
31.460802,0,1,0,0,0,0,1,0,0
31.476985,1,1,1,0,0,0,0,0,0
31.498519,0,0,0,1,1,1,1,1,0
31.513165,1,0,0,0,1,0,0,0,0
31.516418,0,0,0,0,0,0,0,1,1
31.526269,0,1,0,0,0,0,0,0,0
31.546418,0,1,1,0,0,1,0,0,0
31.550635,0,0,0,1,0,0,0,0,1
31.587988,0,0,1,0,0,0,1,0,0
31.597992,1,0,0,0,1,1,0,0,1
31.601613,0,0,0,1,0,0,1,1,0
31.621613,1,1,0,0,1,0,0,0,0
31.635209,0,0,1,0,0,0,0,0,0
31.650472,0,0,0,1,0,1,1,0,1
31.666284,1,0,0,0,1,0,0,1,0
31.686419,0,1,1,0,0,0,0,0,0
31.688033,0,0,0,0,0,0,0,1,0
31.696498,0,0,0,0,0,1,0,0,1
31.700855,0,0,0,1,0,0,1,0,0
31.715620,1,1,0,0,0,0,0,0,0
31.721706,0,0,0,0,1,0,0,0,0
31.735234,0,0,1,0,0,0,0,0,0
31.750407,0,0,0,1,0,1,0,0,1
31.784606,0,0,1,0,0,0,1,0,0
31.796831,1,0,0,0,0,1,0,1,0
31.797703,0,0,0,0,1,0,0,0,1
31.800050,0,0,0,1,0,0,0,0,0
31.817744,0,1,0,0,0,0,0,0,0
31.835178,0,0,1,0,0,0,0,1,0
31.851245,0,0,0,1,0,1,0,0,1
31.855321,0,1,0,0,0,0,1,0,0
31.869257,1,0,0,0,1,0,0,1,0
31.889709,0,1,1,0,0,0,0,0,0
31.896539,0,0,0,0,0,1,0,0,1
31.898588,0,0,0,1,0,0,0,0,0
31.904069,0,0,0,0,0,0,1,0,0
31.910102,0,0,0,0,0,0,1,0,0
31.923596,1,0,0,0,0,0,0,0,0
31.924776,1,0,0,0,1,0,0,1,0
31.925737,0,0,0,0,1,0,0,0,0
31.926138,0,0,0,0,0,0,0,1,0
31.927689,0,0,1,0,0,0,0,0,0
31.944808,0,1,0,0,0,0,0,0,0
31.946034,0,0,0,0,0,1,0,0,1
31.948981,0,1,0,1,0,0,1,0,0
31.959808,1,0,0,0,1,0,0,0,0
31.976764,0,0,1,0,0,0,0,1,0
31.996334,0,0,0,0,0,1,0,0,1
31.996967,0,1,0,0,0,0,0,0,0
32.001788,0,0,0,1,0,0,1,0,0
32.012548,1,0,0,0,1,0,0,1,0
32.033730,0,1,1,0,0,0,0,0,0
32.048579,0,0,0,1,0,1,1,0,0
32.068542,1,0,0,0,0,0,0,0,1
32.099344,0,0,1,1,1,1,0,0,1
32.139235,0,0,1,0,0,0,1,1,0
32.146417,0,0,0,0,0,1,0,0,0
32.150307,1,0,0,1,0,0,1,0,0
32.165302,1,1,0,0,0,0,0,0,1
32.199746,0,0,1,1,1,1,1,1,0
32.210954,1,0,0,0,0,0,0,0,1
32.217796,0,0,0,0,1,0,0,1,0
32.219959,0,1,0,0,1,0,0,1,0
32.246508,0,1,1,0,0,1,0,0,1
32.248437,0,1,0,1,0,0,1,0,0
32.267810,1,0,0,0,0,0,0,0,0
32.273048,0,0,0,0,1,0,0,0,0
32.274592,0,0,0,0,0,0,0,1,0
32.282138,0,0,1,0,0,0,0,0,0
32.299902,0,1,0,1,0,1,1,0,0
32.302117,0,0,0,0,0,0,0,0,1
32.310251,1,0,0,0,1,0,0,1,0
32.330712,0,1,0,0,0,0,0,0,0
32.338348,0,0,1,0,0,0,0,0,0
32.346366,0,0,0,0,0,1,0,0,0
32.347214,0,0,0,0,0,0,0,0,1
32.349791,0,0,0,1,0,0,1,0,0
32.362076,1,0,0,0,1,0,0,1,0
32.377491,0,0,1,0,0,0,0,0,0
32.389162,0,1,0,0,0,0,0,0,0
32.398313,0,0,0,1,0,1,1,0,0
32.412520,1,0,0,0,1,0,0,0,0
32.446702,0,0,0,0,0,1,0,0,0
32.450190,0,0,0,1,0,0,1,0,0
32.451552,0,0,0,0,0,0,0,1,1
32.465808,1,0,0,0,1,0,0,1,1
32.481552,0,1,1,0,0,0,0,0,0
32.490308,0,1,0,0,0,0,0,0,0
32.498309,0,0,1,1,0,1,1,0,1
32.508785,1,0,0,0,0,0,0,0,0
32.536518,0,0,1,0,1,0,0,0,0
32.546286,0,0,0,0,0,1,0,1,0
32.551896,0,0,0,1,0,0,0,0,1
32.564272,0,0,0,0,0,0,1,0,0
32.574346,1,1,0,0,1,0,0,1,0
32.583644,0,0,1,0,0,0,0,0,0
32.596869,0,1,0,0,0,1,0,0,0
32.598967,0,0,0,1,0,0,1,0,1
32.616693,1,0,0,0,1,0,0,0,0
32.632374,0,0,1,0,0,0,0,1,0
32.646277,0,0,0,0,0,1,0,0,1
32.648532,0,0,0,1,0,0,1,0,0
32.661356,1,1,0,0,0,0,0,0,0
32.671443,0,0,0,0,1,0,0,0,0
32.673584,0,0,0,0,0,0,0,1,0
32.677178,0,0,1,0,0,0,0,0,0
32.699930,0,1,0,1,0,1,0,0,0
32.750992,0,0,0,1,0,1,1,0,1
32.765010,1,0,0,0,1,0,0,1,1
32.789391,0,1,1,0,0,0,1,0,0
32.798206,0,0,1,1,0,1,0,0,1
32.802506,1,0,0,0,1,0,0,0,0
32.830315,0,0,1,0,0,0,1,0,0
32.846845,1,0,0,0,1,1,0,0,0
32.849920,0,0,0,1,0,0,1,0,0
32.851370,0,0,0,0,0,0,0,1,1
32.855814,0,0,0,0,0,0,0,1,0
32.868971,1,0,0,0,1,0,0,1,0
32.877867,0,1,0,0,0,0,0,0,0
32.884242,0,1,1,0,0,0,0,0,0
32.898485,0,1,0,1,0,1,0,0,1
32.937200,0,0,1,0,0,0,1,0,0
32.947321,1,0,0,0,0,1,0,0,1
32.948721,0,0,0,1,0,0,0,0,0
32.952728,0,0,0,0,1,0,0,0,0
32.968741,0,0,0,0,0,0,0,1,0
32.985677,0,0,1,0,0,0,0,0,0
32.991870,0,1,0,0,0,0,0,0,0
32.994252,0,0,0,0,0,0,1,0,0
32.996831,0,0,0,0,0,1,0,0,1
32.998033,0,0,0,1,0,0,0,0,0
33.002053,0,0,0,0,0,0,1,0,0
33.011808,1,0,0,0,1,0,0,1,0
33.017286,1,0,0,0,1,0,0,1,0
33.035811,0,1,1,0,0,0,0,0,0
33.046756,0,1,0,0,0,1,0,0,0
33.049078,0,0,0,1,0,0,1,0,1
33.063039,1,0,0,0,1,0,0,0,0
33.085664,0,0,1,0,0,0,0,0,0
33.098320,0,0,0,1,0,1,1,0,0
33.115185,1,0,0,0,1,0,0,1,1
33.135472,0,1,0,0,0,0,0,0,0
33.151905,0,0,1,1,0,1,1,1,0
33.163517,1,0,0,0,1,0,0,0,0
33.174364,0,1,0,0,0,0,0,0,0
33.200562,0,0,0,1,0,1,1,0,0
33.202138,0,0,0,0,0,0,0,0,1
33.211687,1,0,0,0,1,0,0,1,0
33.231866,0,1,0,0,0,0,0,1,0
33.241545,0,0,1,0,0,0,0,0,0
33.251933,0,1,0,1,0,1,0,0,0
33.296463,0,0,0,0,0,1,1,0,0
33.297082,0,0,0,0,0,0,0,0,1
33.297541,0,0,0,0,0,0,0,0,1
33.301752,0,0,0,1,0,0,1,0,0
33.311645,1,0,0,0,0,0,0,0,1
33.313591,1,0,0,0,1,0,0,0,0
33.334012,0,0,1,0,1,0,0,0,0
33.336940,0,0,1,0,0,0,0,1,0
33.349858,0,0,1,1,0,1,0,1,0
33.354269,0,0,0,0,0,0,1,0,1
33.357857,0,1,0,0,0,0,0,0,0
33.372103,1,1,0,0,1,0,0,1,0
33.392321,0,1,1,0,0,0,0,0,0
33.398793,0,0,0,1,0,1,0,0,0
33.446791,0,0,0,0,0,1,0,0,0
33.449151,0,0,0,1,0,0,0,0,0
33.454615,0,0,0,0,0,0,1,0,0
33.466821,1,0,0,0,0,0,0,0,1
33.496827,0,0,1,0,1,1,1,0,1
33.501564,0,0,0,1,0,0,1,1,0
33.507475,1,0,0,0,0,0,0,0,1
33.510258,0,0,0,0,1,0,0,1,0
33.521564,1,1,0,0,1,0,0,0,0
33.531937,0,1,1,0,0,0,0,1,0
33.546826,0,0,1,0,0,1,0,0,1
33.551943,0,1,0,1,0,0,1,0,0
33.570178,1,0,0,0,1,0,0,1,0
33.585006,0,0,1,0,0,0,0,0,0
33.591083,0,1,0,0,0,0,0,0,0
33.596435,0,0,0,0,0,1,0,0,1
33.598812,0,0,0,1,0,0,1,0,0
33.609284,1,0,0,0,1,0,0,1,0
33.627526,0,0,1,0,0,0,0,0,0
33.631284,0,1,0,0,0,0,0,0,0
33.651667,0,0,0,1,0,1,1,0,0
33.668149,1,0,0,0,1,0,0,1,1
33.698001,0,1,0,1,0,1,0,0,1
33.707292,0,0,1,0,0,0,1,0,0
33.720780,1,0,0,0,0,0,0,0,0
33.733045,0,0,1,0,1,0,0,0,0
33.748571,0,0,0,1,0,1,1,1,0
33.766813,1,0,0,0,0,0,0,0,0
33.767728,0,0,0,0,0,0,0,0,1
33.775916,0,1,0,0,0,0,0,0,0
33.796646,0,0,0,0,0,1,0,0,0
33.801623,0,0,1,1,0,0,0,0,1
33.824853,0,0,0,0,1,0,0,1,0
33.832266,0,0,1,0,0,0,0,0,0
33.848970,0,1,0,1,0,1,0,0,0
33.896216,0,0,0,0,0,1,0,0,0
33.900210,0,0,0,1,0,0,1,0,1
33.914267,1,0,0,0,1,0,1,0,0
33.928082,1,0,0,0,0,0,1,0,0
33.929184,0,0,0,0,0,0,0,1,1
33.938558,1,0,1,0,0,0,0,0,0
33.940397,0,0,0,0,1,0,0,0,0
33.946627,0,0,0,0,0,1,0,0,0
33.949583,0,1,0,1,0,0,1,0,0
33.959193,0,0,1,0,1,0,0,1,0
33.967639,1,0,0,0,0,0,0,1,0
33.974057,0,0,0,0,0,0,0,0,1
33.980190,0,1,0,0,1,0,0,1,0
33.989690,0,1,0,0,0,0,0,0,0
34.000256,0,1,0,1,0,1,1,0,1
34.013077,1,0,1,0,0,0,0,0,0
34.034641,0,0,1,0,1,0,0,0,0
34.046252,0,0,0,0,0,1,0,1,1
34.048156,0,0,0,1,0,0,0,0,0
34.074751,0,1,0,0,0,0,1,0,0
34.076399,0,0,1,0,0,0,0,0,0
34.087801,1,0,0,0,1,0,0,0,0
34.096652,0,0,0,0,0,1,0,1,0
34.098385,0,0,0,1,0,0,0,0,1
34.122195,0,1,0,0,0,0,0,0,0
34.130019,0,0,1,0,0,0,1,0,0
34.140431,1,0,0,0,1,0,0,0,0
34.148000,0,0,0,1,0,1,1,1,0
34.168000,1,1,0,0,1,0,0,1,1
34.198000,0,1,1,1,0,1,1,0,0
34.212500,1,0,0,0,1,0,0,0,0
34.246290,0,0,0,0,0,1,0,0,0
34.248327,0,0,0,1,0,0,1,1,1
34.262436,1,0,0,0,1,0,0,0,1
34.278327,0,1,1,0,0,0,0,0,0
34.294723,0,0,1,0,0,0,0,1,0
34.296974,0,0,0,0,0,1,0,0,1
34.301290,0,0,0,1,0,0,1,0,0
34.318335,1,1,0,0,1,0,0,0,0
34.324777,0,0,0,0,0,0,0,1,0
34.334474,0,0,1,0,0,0,0,0,0
34.346736,0,1,0,0,0,1,0,0,0
34.350885,0,0,0,1,0,0,1,0,0
34.356788,0,0,0,0,0,0,0,0,1
34.361175,1,0,0,0,1,0,0,0,0
34.369087,0,0,0,0,0,0,0,1,0
34.386969,0,0,1,0,0,0,0,0,0
34.398081,0,1,0,1,0,1,1,0,0
34.416367,1,0,0,0,1,0,0,1,0
34.446103,0,1,0,0,0,1,0,0,0
34.451984,0,0,0,1,0,0,0,0,1
34.489663,0,0,1,0,0,0,1,0,1
34.501973,1,0,0,1,1,1,0,1,0
34.522026,0,1,1,0,0,0,0,0,1
34.549769,0,0,0,1,0,1,1,0,0
34.560882,1,0,1,0,0,0,1,0,0
34.575882,1,0,0,0,0,0,0,0,0
34.596138,0,0,0,0,0,1,0,0,0
34.599405,0,0,0,1,1,0,1,1,0
34.609533,1,0,0,0,0,0,0,0,1
34.614685,0,0,0,0,1,0,0,1,1
34.621926,0,1,0,0,0,0,0,0,0
34.643579,0,1,1,0,1,0,0,1,0
34.646694,0,0,1,0,0,1,0,0,0
34.647033,0,0,0,0,0,0,0,0,1
34.650193,0,0,0,1,0,0,0,0,0
34.655163,0,0,0,0,0,0,1,0,0
34.673052,1,1,0,0,0,0,0,0,0
34.674868,0,0,0,0,1,0,0,0,0
34.675881,0,0,0,0,0,0,0,1,0
34.678837,0,0,1,0,0,0,0,0,0
34.696721,0,1,0,0,0,1,0,0,0
34.699269,0,0,0,1,0,0,0,0,0
34.751138,0,0,0,1,0,1,1,0,1
34.756663,0,0,0,0,0,0,1,0,1
34.766318,1,0,0,0,1,0,0,0,0
34.771769,1,0,0,0,0,0,0,1,0
34.781779,0,0,1,0,0,0,0,0,0
34.796400,0,1,1,0,1,1,0,1,1
34.801388,0,0,0,1,0,0,1,0,0
34.812824,1,0,0,0,1,0,0,1,0
34.819051,0,1,0,0,0,0,0,0,0
34.831112,0,0,1,0,0,0,0,0,0
34.841165,0,1,0,0,0,0,0,0,0
34.846211,0,0,0,0,0,1,0,0,0
34.848291,0,0,0,1,0,0,0,0,0
34.896872,0,0,0,0,0,1,1,0,0
34.898356,0,0,0,1,0,0,0,0,1
34.915949,1,0,0,0,1,0,0,1,1
34.936731,0,1,1,0,0,0,1,0,0
34.950400,1,0,1,1,1,1,0,0,0
35.001284,0,0,0,1,0,1,1,1,1
35.021284,1,1,0,0,1,0,0,1,1
35.029571,0,0,0,0,0,0,1,0,0
35.036255,0,0,1,0,0,0,0,0,0
35.048319,1,1,0,1,1,1,0,1,0
35.050192,0,0,0,0,0,0,1,0,0
35.061165,1,0,1,0,1,0,0,0,0
35.072140,0,1,0,0,0,0,0,1,0
35.098426,0,1,0,1,0,1,1,0,0
35.112100,1,0,0,0,1,0,0,1,1
35.142100,0,1,1,0,0,0,0,0,1
35.146431,0,0,0,0,0,1,0,0,0
35.150029,0,0,0,1,0,0,1,0,0
35.169126,1,0,0,0,1,0,0,0,0
35.176764,0,0,1,0,0,0,0,1,0
35.191449,0,0,0,0,0,0,0,0,1
35.199119,0,1,0,1,0,1,1,0,1
35.209119,1,0,0,0,1,0,0,1,0
35.223927,0,0,1,0,0,0,0,0,0
35.234872,0,1,1,0,0,0,0,0,0
35.249750,0,0,0,1,0,1,0,0,1
35.285487,0,0,1,0,0,0,0,0,0
35.296527,0,0,0,0,0,1,1,0,0
35.300897,0,0,0,1,0,0,0,0,0
35.310568,1,0,0,0,1,0,1,1,0
35.330568,1,1,0,0,1,0,0,1,1
35.350918,0,1,0,1,0,1,0,0,1
35.368954,0,0,1,0,0,0,0,0,0
35.384567,0,0,1,0,0,0,1,0,0
35.394667,1,0,0,0,0,0,0,0,0
35.399978,0,0,0,1,1,1,1,0,1
35.414697,1,0,0,0,1,0,0,1,0
35.437078,0,1,1,0,0,0,0,1,0
35.451797,0,0,0,1,0,1,0,0,1
35.453324,0,0,0,0,0,0,1,0,0
35.457467,0,1,0,0,0,0,0,0,0
35.469003,1,0,0,0,1,0,0,1,0
35.491722,0,1,1,0,0,0,0,0,0
35.500307,0,0,0,1,0,1,0,0,0
35.549439,0,0,0,1,0,1,1,0,0
35.568422,1,0,0,0,1,0,0,1,1
35.596243,0,1,0,0,0,1,1,0,0
35.600449,0,0,1,1,0,0,0,0,1
35.609607,1,0,0,0,1,0,1,1,0
35.629607,1,1,0,0,1,0,0,0,1
35.632949,0,0,1,0,0,0,0,1,0
35.649686,0,0,0,1,0,1,1,0,1
35.659609,0,1,1,0,0,0,0,0,0
35.664576,1,0,0,0,1,0,0,0,0
35.668100,0,0,0,0,0,0,0,1,0
35.682239,0,0,1,0,0,0,0,0,0
35.698081,0,1,0,1,0,1,1,0,1
35.710791,1,0,0,0,0,0,0,0,0
35.731431,0,0,1,0,0,0,0,0,0
35.748594,0,0,0,1,0,1,0,0,0
35.760685,0,0,0,0,1,0,1,0,1
35.776554,1,0,0,0,0,0,0,1,0
35.796271,0,0,1,0,1,1,0,1,1
35.800752,0,1,0,1,0,0,1,0,0
35.813409,1,0,0,0,0,0,0,0,0
35.818219,0,1,0,0,0,0,0,0,0
35.822571,0,0,0,0,1,0,0,0,0
35.831810,0,0,1,0,0,0,0,0,0
35.846256,0,0,0,0,0,1,0,0,0
35.848354,0,0,0,1,0,0,0,0,0
35.896008,0,0,0,0,0,1,1,1,0
35.898273,0,0,0,1,0,0,1,0,1
35.914479,1,0,0,0,1,0,0,0,0
35.915178,1,0,0,0,1,0,0,1,0
35.922545,0,1,0,0,0,0,0,1,1
35.937722,0,1,1,0,0,0,0,0,0
35.948064,0,1,0,1,0,1,0,0,0
35.960237,0,0,1,0,0,0,1,0,1
35.970237,1,0,0,0,1,0,0,0,0
35.975515,0,0,0,0,0,0,0,1,0
35.995579,0,1,1,0,0,0,0,0,0
36.000827,0,0,0,1,0,1,1,0,1
36.013499,1,0,0,0,1,0,0,1,0
36.032154,0,0,1,0,0,0,0,0,0
36.033661,0,1,0,0,0,0,0,0,0
36.046463,0,0,0,0,0,1,0,0,1
36.051333,0,0,0,1,0,0,0,0,0
36.082159,0,0,1,0,0,0,1,0,0
36.092278,1,0,0,0,1,0,0,0,0
36.101636,0,0,0,1,0,1,1,1,0
36.121636,1,1,0,0,1,0,0,1,0
36.146661,0,1,0,0,0,1,0,0,0
36.151333,0,0,0,1,0,0,1,0,0
36.164785,1,0,0,0,0,0,0,0,0
36.194907,0,0,0,0,1,0,0,1,0
36.201838,0,0,0,1,0,1,1,0,1
36.217616,1,1,0,0,1,0,0,0,0
36.239109,0,0,1,0,0,0,0,0,1
36.248431,0,0,0,1,0,1,0,0,1
36.273142,0,0,1,0,0,0,0,0,0
36.281594,0,0,1,0,0,0,0,1,0
36.301924,0,1,0,1,0,1,0,0,1
36.335956,0,0,1,0,0,0,0,0,1
36.346818,0,0,0,0,0,1,0,0,1
36.350188,0,0,0,1,0,0,1,0,0
36.368671,1,0,1,0,1,0,0,1,0
36.386088,0,0,1,0,0,0,0,0,0
36.398312,0,1,0,1,0,1,1,0,0
36.411378,1,0,0,0,1,0,1,0,1
36.420182,0,0,0,0,0,0,1,1,0
36.428045,1,0,0,0,0,0,0,0,0
36.436288,1,0,0,0,1,0,0,1,0
36.440214,0,1,0,0,1,0,0,0,0
36.448097,0,0,1,1,0,1,0,0,0
36.464816,0,1,0,0,0,0,1,0,1
36.483165,1,0,0,0,0,0,0,1,0
36.496601,0,0,1,0,1,1,0,1,1
36.501966,0,0,0,1,0,0,0,0,0
36.504150,0,1,0,0,0,0,1,0,0
36.522195,1,1,0,0,1,0,0,1,0
36.527485,0,0,1,0,0,0,0,0,0
36.550107,0,1,0,1,0,1,0,0,1
36.559501,0,0,0,0,0,0,1,0,0
36.574906,1,0,0,0,1,0,0,1,0
36.582337,0,0,1,0,0,0,0,0,0
36.594976,0,1,0,0,0,0,0,0,0
36.596000,0,0,0,0,0,1,0,0,1
36.601579,0,0,0,1,0,0,1,0,0
36.617105,1,0,0,0,1,0,0,0,0
36.632967,0,0,1,0,0,0,0,1,0
36.646745,0,0,0,0,0,1,0,0,1
36.649660,0,0,0,1,0,0,1,0,0
36.656214,0,1,0,0,0,0,0,0,0
36.668863,1,0,0,0,0,0,0,0,0
36.684123,0,0,1,0,1,0,0,0,0
36.699604,0,0,0,1,0,1,1,1,1
36.715169,1,0,0,0,1,0,0,0,0
36.722468,0,1,0,0,0,0,0,0,0
36.738559,0,0,1,0,0,0,0,1,0
36.750828,0,0,0,1,0,1,1,0,0
36.766816,1,1,0,0,1,0,0,0,1
36.796864,0,0,1,0,0,1,0,1,0
36.800729,0,0,0,1,0,0,0,0,0
36.802260,0,0,0,0,0,0,1,0,0
36.819088,1,1,0,0,1,0,0,1,0
36.846788,0,1,0,0,0,1,0,0,1
36.851483,0,0,0,1,0,0,0,0,1
36.886070,0,0,1,0,0,0,0,0,0
36.890494,0,0,1,0,0,0,0,0,0
36.898772,0,0,0,1,0,1,1,0,0
36.918227,1,0,0,0,0,0,1,0,1
36.923864,0,0,0,0,1,0,0,1,0
36.933626,1,0,0,0,1,0,0,0,0
36.951674,0,1,1,1,0,1,0,1,1
36.981674,0,1,1,0,0,0,0,0,0
37.001077,0,0,0,1,0,1,0,0,1
37.039077,0,0,1,0,0,0,1,0,0
37.051866,1,0,0,1,1,1,1,1,1
37.066366,1,0,0,0,0,0,1,0,0
37.070818,0,0,0,0,1,0,0,0,0
37.078297,1,1,0,0,0,0,0,0,0
37.080057,0,0,0,0,1,0,0,1,0
37.085222,0,0,1,0,0,0,0,0,0
37.098482,0,0,0,1,0,1,0,0,0
37.099298,0,0,0,0,0,0,1,1,0
37.109839,1,1,0,0,1,0,0,1,1
37.123757,0,1,0,0,0,0,0,0,0
37.139839,0,1,1,0,0,0,0,0,0
37.151676,0,0,0,1,0,1,1,0,0
37.166890,1,0,0,0,1,0,0,1,0
37.190167,0,1,0,0,0,0,0,0,1
37.198299,0,0,0,1,0,1,0,0,1
37.223149,0,0,1,0,0,0,1,0,0
37.235754,1,0,1,0,1,0,0,1,0
37.246495,0,0,0,0,0,1,0,0,1
37.251506,0,0,0,1,0,0,0,0,0
37.254590,0,0,0,0,0,0,1,0,0
37.262441,0,1,0,0,0,0,0,0,0
37.271662,1,0,0,0,0,0,0,0,0
37.275007,0,0,0,0,1,0,0,0,0
37.278513,0,0,1,0,0,0,0,0,0
37.299078,0,0,0,1,0,1,0,0,0
37.350804,0,0,0,1,0,1,0,0,1
37.375069,0,0,0,0,0,0,1,0,1
37.387411,1,0,1,0,1,0,0,0,0
37.400079,0,0,0,1,0,1,0,0,1
37.403889,0,0,0,0,0,0,1,1,0
37.413967,1,0,1,0,1,0,1,1,0
37.431463,1,1,1,0,0,0,0,0,0
37.432747,0,0,0,0,1,0,0,1,0
37.436697,0,1,0,0,0,0,0,0,0
37.446759,0,0,0,0,0,1,0,0,0
37.450675,0,0,0,1,0,0,1,0,0
37.459389,0,1,0,0,0,0,0,1,0
37.464883,1,0,0,0,1,0,0,1,0
37.488349,0,1,0,0,0,0,0,0,1
37.492336,0,1,0,0,0,0,0,0,0
37.501975,0,0,0,1,0,1,0,0,1
37.522884,0,0,1,0,0,0,0,0,0
37.538548,0,0,1,0,0,0,0,0,0
37.546965,0,0,0,0,0,1,0,0,1
37.547365,0,0,0,0,0,0,1,0,0
37.550036,0,0,0,1,0,0,1,0,0
37.563203,1,0,0,0,1,0,0,1,0
37.565560,1,0,0,0,1,0,0,0,0
37.584804,0,1,1,0,0,0,0,1,0
37.596826,0,0,0,0,0,1,0,0,1
37.601289,0,0,0,1,0,0,1,0,0
37.611310,1,1,0,0,1,0,0,1,0
37.629368,0,0,1,0,0,0,0,0,0
37.633428,0,1,0,0,0,0,0,0,0
37.646296,0,0,0,0,0,1,0,0,0
37.647036,0,0,0,0,0,0,0,0,1
37.650490,0,0,0,1,0,0,1,0,0
37.666666,1,0,0,0,1,0,0,0,0
37.667822,0,0,0,0,0,0,0,1,0
37.685305,0,0,1,0,0,0,0,0,0
37.697671,0,1,0,0,0,1,0,0,0
37.699783,0,0,0,1,0,0,1,0,0
37.715977,1,0,0,0,1,0,0,0,1
37.748957,0,0,1,1,0,1,1,1,0
37.760912,1,0,0,0,1,0,0,1,0
37.765838,0,0,0,0,0,0,0,0,1
37.769741,0,1,0,0,0,0,0,0,0
37.781411,0,1,0,0,0,0,0,0,0
37.801263,0,0,1,1,0,1,1,0,0
37.812916,1,0,0,0,1,0,0,1,1
37.840028,0,1,0,0,0,0,0,0,0
37.849743,0,0,1,1,0,1,1,0,1
37.861487,1,0,0,0,0,0,0,0,0
37.874654,0,0,0,0,1,0,0,1,0
37.889000,0,0,1,0,0,0,0,0,0
37.894806,0,1,0,0,0,0,0,0,0
37.896862,0,0,0,0,0,1,0,0,0
37.898957,0,0,0,1,0,0,0,0,1
37.934307,0,0,1,0,0,0,1,0,0
37.950588,1,0,0,1,0,1,0,0,1
37.975639,0,0,0,0,0,0,1,0,0
37.984583,0,0,1,0,1,0,0,0,0
37.990916,1,0,0,0,0,0,0,0,0
37.996109,0,0,0,0,0,1,0,0,1
37.997046,0,0,0,0,1,0,0,1,0
38.001593,0,0,0,1,0,0,0,0,0
38.026931,0,1,1,0,0,0,1,0,0
38.046410,1,0,0,0,1,1,0,0,0
38.047102,0,0,0,0,0,0,0,1,0
38.047551,0,0,0,0,0,0,0,1,1
38.050489,0,0,0,1,0,0,0,0,0
38.063044,0,0,0,0,0,0,1,0,0
38.070253,0,1,0,0,0,0,0,0,0
38.073797,1,1,0,0,1,0,0,0,0
38.075160,0,0,0,0,0,0,0,1,0
38.081317,0,0,1,0,0,0,0,0,0
38.098759,0,1,0,1,0,1,0,0,1
38.117609,0,0,0,0,0,0,1,0,0
38.127629,1,0,0,0,1,0,0,1,0
38.131518,0,0,1,0,0,0,0,0,0
38.148000,0,1,0,1,0,1,0,0,1
38.184306,0,0,1,0,0,0,0,0,0
38.201625,0,0,0,1,0,1,1,0,1
38.218388,1,0,0,0,1,0,0,0,0
38.222056,0,0,0,0,0,0,1,0,0
38.236186,1,0,1,0,0,0,0,1,0
38.251941,0,0,0,1,1,1,1,0,0
38.265642,1,1,0,0,0,0,0,0,0
38.301325,0,0,0,1,0,1,1,1,1
38.321325,1,1,0,0,1,0,0,1,1
38.329936,0,0,0,0,1,0,0,1,0
38.341325,0,1,1,0,0,0,0,0,0
38.350195,0,1,0,1,0,1,1,0,0
38.355092,0,0,1,0,0,0,0,0,1
38.360409,1,0,0,0,0,0,0,0,0
38.379981,0,0,0,0,1,0,0,1,0
38.393271,0,0,1,0,0,0,0,0,0
38.398127,0,0,0,1,0,1,0,0,1
38.399092,0,0,0,0,0,0,1,0,0
38.406933,0,1,0,0,0,0,0,0,0
38.418740,1,0,0,0,1,0,0,0,0
38.420185,0,0,0,0,0,0,0,1,0
38.437811,0,0,1,0,0,0,0,0,0
38.449337,0,1,0,1,0,1,1,0,0
38.464982,1,0,0,0,1,0,0,0,0
38.496936,0,0,0,0,0,1,0,0,1
38.498987,0,0,0,1,0,0,0,1,0
38.528709,0,1,1,0,0,0,1,0,0
38.546326,1,0,0,0,1,1,0,0,1
38.547141,0,0,0,0,0,0,0,0,1
38.549455,0,0,0,1,0,0,1,1,0
38.569455,1,1,0,0,0,0,0,0,0
38.579397,0,0,1,0,0,0,0,0,0
38.582302,0,0,1,0,0,0,0,0,0
38.601339,0,0,0,1,0,1,1,0,0
38.618711,1,0,0,0,1,0,0,0,1
38.648038,0,0,0,1,1,1,1,0,0
38.648375,0,0,0,0,0,0,0,0,1
38.658269,1,0,1,0,1,0,0,0,0
38.683045,0,0,1,0,0,0,0,0,0
38.698668,0,0,0,1,0,1,0,1,1
38.728668,0,1,1,0,0,0,1,1,0
38.748668,1,1,0,1,1,1,1,0,1
38.753833,0,0,0,0,0,0,0,1,0
38.765725,1,0,0,0,1,0,0,0,0
38.783625,0,1,1,0,0,0,0,0,0
38.799549,0,0,0,1,0,1,0,0,1
38.813512,0,0,0,0,0,0,0,1,0
38.814676,0,0,0,0,0,0,1,0,0
38.826210,1,0,0,0,1,0,0,1,0
38.827666,0,0,0,0,0,0,0,1,0
38.835651,0,1,1,0,0,0,0,0,0
38.848303,0,1,0,1,0,1,1,0,0
38.855287,0,1,0,0,0,0,0,0,1
38.861415,1,0,0,0,1,0,0,0,0
38.878612,0,0,0,0,0,0,0,1,0
38.891287,0,0,1,0,0,0,0,0,0
38.898272,0,0,0,1,0,1,1,0,0
38.908298,1,1,0,0,1,0,0,1,1
38.934135,0,1,0,0,0,0,0,0,0
38.946021,0,0,1,0,0,1,0,0,1
38.948090,0,0,0,1,0,0,1,0,0
38.965282,1,0,0,0,1,0,0,1,0
38.982753,0,0,1,0,0,0,0,0,0
38.992511,0,1,0,0,0,0,0,0,0
38.999782,0,0,0,1,0,1,1,0,1
39.015156,1,0,0,0,1,0,0,0,0
39.037021,0,0,1,0,0,0,0,0,0
39.046018,0,0,0,0,0,1,0,0,0
39.047005,0,0,0,0,0,0,0,0,1
39.051810,0,0,0,1,0,0,1,0,0
39.054410,0,0,0,0,0,0,0,1,0
39.071608,1,0,0,0,1,0,0,0,0
39.075080,0,1,0,0,0,0,0,0,0
39.076056,0,0,0,0,0,0,0,1,0
39.078719,0,0,1,0,0,0,0,0,0
39.096957,0,1,0,0,0,1,0,0,1
39.098733,0,0,0,1,0,0,1,0,0
39.113616,1,0,0,0,1,0,0,1,0
39.129705,0,0,1,0,0,0,0,0,0
39.136919,0,1,0,0,0,0,0,0,0
39.148091,0,0,0,1,0,1,0,0,1
39.168804,0,0,0,0,0,0,1,0,0
39.182828,1,0,1,0,0,0,0,0,0
39.196275,0,0,0,0,1,1,0,0,1
39.199741,0,0,0,1,0,0,1,0,0
39.214800,1,0,0,0,1,0,0,1,0
39.231453,0,0,1,0,0,0,0,1,0
39.242357,0,1,0,0,0,0,0,0,0
39.248564,0,0,0,1,0,1,0,0,0
39.250015,0,0,0,0,0,0,1,0,1
39.256645,0,1,0,0,0,0,0,0,0
39.264248,1,0,0,0,1,0,0,0,0
39.289443,0,0,1,0,0,0,0,0,0
39.300414,0,0,0,1,0,1,0,1,1
39.330414,0,1,1,0,0,0,0,0,0
39.346849,0,0,0,0,0,1,0,0,0
39.347471,0,0,0,0,0,0,0,0,1
39.347736,0,0,0,0,0,0,1,0,0
39.349009,0,0,0,1,0,0,0,0,0
39.361380,1,0,0,0,1,0,1,1,0
39.381380,1,1,1,0,1,0,0,0,0
39.396346,0,0,0,0,0,1,0,1,1
39.401971,0,0,0,1,0,0,0,0,0
39.426346,0,1,1,0,0,0,1,0,0
39.444296,1,0,0,0,1,0,0,0,0
39.449869,0,0,0,1,0,1,1,0,0
39.451196,0,0,0,0,0,0,0,1,0
39.463165,1,0,0,0,0,0,0,0,0
39.465399,0,0,0,0,1,0,0,1,1
39.480598,0,1,0,0,0,0,0,0,0
39.495399,0,1,1,0,0,0,0,0,0
39.498374,0,0,0,1,0,1,1,0,0
39.512954,1,0,0,0,1,0,0,1,0
39.516651,0,0,0,0,0,0,0,0,1
39.533873,0,1,0,0,0,0,0,0,0
39.549613,0,0,1,1,0,1,0,0,0
39.584980,0,0,0,0,0,0,0,0,1
39.598805,0,0,0,1,0,1,0,0,0
39.606843,0,0,0,0,0,0,0,0,1
39.611460,0,0,0,0,0,0,1,0,0
39.622052,1,0,1,0,0,0,0,0,0
39.642790,0,0,1,0,1,0,1,0,0
39.648982,0,0,0,1,0,1,1,1,1
39.657891,1,0,0,0,0,0,0,0,0
39.658826,0,0,0,0,1,0,0,0,0
39.668982,1,1,0,0,0,0,0,0,0
39.672111,0,0,0,0,0,0,0,1,0
39.677681,0,0,0,0,1,0,0,0,0
39.681467,0,0,1,0,0,0,0,0,0
39.694618,0,1,0,0,0,0,0,0,0
39.696318,0,0,0,0,0,1,0,0,1
39.700992,0,0,0,1,0,0,1,0,0
39.711446,1,0,0,0,0,0,0,0,0
39.720690,0,0,0,0,1,0,0,0,0
39.728587,0,0,1,0,0,0,0,0,0
39.748801,0,0,0,1,0,1,0,0,0
39.796951,0,0,0,0,0,1,0,1,1
39.798966,0,0,0,1,0,0,0,0,0
39.803687,0,0,0,0,0,0,1,1,1
39.821537,1,1,0,0,1,0,1,0,0
39.833207,1,1,1,0,1,0,0,0,0
39.838277,0,0,1,0,0,0,0,0,0
39.851248,0,0,0,1,0,1,0,0,0
39.881846,0,0,0,0,0,0,1,1,0
39.901846,1,1,0,1,0,1,1,0,1
39.914943,1,0,0,0,1,0,0,0,0
39.932601,0,0,1,0,1,0,0,1,1
39.951720,0,0,0,1,0,1,1,1,0
39.962156,1,1,0,0,0,0,0,1,1
39.962379,0,0,0,0,1,0,0,0,0
39.970402,0,0,1,0,0,0,0,1,0
39.978500,0,1,0,0,0,0,0,0,0
39.992156,0,1,1,0,0,0,0,0,0
39.998271,0,1,0,1,0,1,1,0,1
40.016184,1,0,0,0,1,0,0,0,0
40.035414,0,0,1,0,0,0,0,0,0
40.048218,0,0,0,1,0,1,0,0,1
40.055413,0,0,0,0,0,0,1,1,0
40.069649,1,0,0,0,1,0,0,0,0
40.070726,0,0,0,0,0,0,0,1,0
40.079305,0,1,1,0,0,0,0,0,0
40.098517,0,1,0,1,0,1,1,0,0
40.111501,1,0,0,0,0,0,0,0,1
40.146716,0,0,1,0,1,1,0,0,1
40.148368,0,0,0,1,0,0,0,1,0
40.177195,0,1,1,0,0,0,0,0,0
40.201650,0,0,0,1,0,1,0,0,0
40.210975,0,0,0,0,0,0,1,0,0
40.228696,1,0,0,0,1,0,0,1,1
40.248026,0,0,0,1,0,1,0,0,1
40.256860,0,1,0,0,0,0,0,0,0
40.263314,0,0,1,0,0,0,0,0,0
40.283536,0,0,1,0,0,0,0,0,0
40.300059,0,0,0,1,0,1,0,0,0
40.318173,0,0,0,0,0,0,1,0,1
40.332953,1,0,0,0,1,0,0,1,0
40.349876,0,0,1,1,0,1,1,0,1
40.353682,0,1,0,0,0,0,0,0,0
40.369663,1,0,0,0,0,0,1,0,0
40.379675,1,0,0,0,1,0,0,0,0
40.379775,0,0,0,0,0,0,1,1,0
40.388088,0,0,1,0,1,0,0,0,0
40.399775,1,1,0,1,1,1,0,0,0
40.446537,0,0,0,0,0,1,0,1,0
40.450105,0,0,0,1,0,0,1,0,1
40.462635,1,0,0,0,0,0,1,0,1
40.475568,1,1,0,0,0,0,0,1,0
40.479046,0,0,0,0,1,0,0,1,0
40.479792,0,0,0,0,1,0,0,0,0
40.484440,0,0,1,0,0,0,0,0,0
40.496898,0,1,1,0,0,1,0,0,1
40.500652,0,1,0,1,0,0,0,0,0
40.536517,0,0,1,0,0,0,0,0,0
40.548143,0,0,0,1,0,1,0,1,1
40.578143,0,1,1,0,0,0,1,0,0
40.596144,1,0,0,0,1,1,0,1,1
40.600961,0,0,0,1,0,0,0,0,0
40.604707,0,0,0,0,0,0,1,0,0
40.616703,1,1,0,0,0,0,0,0,0
40.631270,0,0,1,0,1,0,1,0,0
40.649779,1,0,0,1,0,1,0,0,0
40.659605,0,0,0,0,0,0,1,0,1
40.676493,1,0,0,0,1,0,0,0,0
40.696123,0,0,1,0,0,1,0,0,0
40.698381,0,0,0,1,0,0,0,1,1
40.723560,0,1,0,0,0,0,1,0,0
40.736641,1,0,1,0,0,0,0,0,0
40.748168,0,0,0,1,1,1,0,1,1
40.764789,0,0,0,0,1,0,0,1,0
40.778168,0,1,1,0,0,0,1,1,0
40.793009,1,1,0,0,0,0,0,0,0
40.799229,0,1,0,1,1,1,1,0,1
40.809932,1,0,0,0,0,0,0,1,0
40.829247,0,0,1,0,0,0,0,0,0
40.829590,0,0,0,0,1,0,0,1,0
40.838474,0,1,0,0,0,0,0,0,0
40.850200,0,1,0,1,0,1,1,0,1
40.864407,1,0,0,0,1,0,0,1,0
40.880351,0,0,1,0,0,0,0,0,0
40.890266,0,1,0,0,0,0,0,0,0
40.896868,0,0,0,0,0,1,0,0,1
40.901868,0,0,0,1,0,0,0,0,0
40.913080,0,0,0,0,0,0,1,0,0
40.924812,1,0,0,0,0,0,0,0,0
40.925847,0,0,0,0,1,0,0,0,0
40.935549,0,0,1,0,0,0,0,0,0
40.946254,0,0,0,0,0,1,0,0,0
40.950730,0,0,0,1,0,0,0,0,0
40.979116,0,0,0,0,0,0,1,0,0
40.998194,1,0,0,1,0,1,0,0,1
41.035485,0,0,1,0,1,0,0,0,0
41.046298,0,0,0,0,0,1,1,1,1
41.049429,0,0,0,1,0,0,0,0,1
41.050459,0,0,0,0,0,0,1,0,0
41.066298,1,1,0,0,1,0,0,0,0
41.069790,1,0,0,0,1,0,0,1,0
41.073413,0,0,0,0,0,0,0,1,0
41.076927,0,0,1,0,0,0,0,0,0
41.081266,0,0,1,0,0,0,0,1,0
41.093765,0,1,0,0,0,0,0,0,0
41.101708,0,1,0,1,0,1,1,0,0
41.111015,0,1,0,0,0,0,0,0,1
41.116623,1,0,0,0,1,0,0,1,0
41.146276,0,1,1,0,0,1,0,0,0
41.148723,0,0,0,1,0,0,0,0,0
41.152405,0,0,0,0,0,0,0,0,1
41.186982,0,0,1,0,0,0,0,0,0
41.194664,0,0,0,0,0,0,1,0,0
41.196333,0,0,0,0,0,1,0,0,1
41.201802,0,0,0,1,0,0,1,0,0
41.208239,1,0,0,0,0,0,0,0,0
41.219488,1,0,0,0,1,0,0,1,0
41.223226,0,0,0,0,1,0,0,1,0
41.231748,0,0,1,0,0,0,0,0,0
41.248378,0,1,0,1,0,1,1,0,0
41.249482,0,1,0,0,0,0,0,0,0
41.264797,1,0,0,0,0,0,0,0,1
41.299050,0,0,1,1,0,1,0,0,0
41.346135,0,0,0,0,0,1,0,0,0
41.350382,0,0,0,1,0,0,0,0,0
41.396751,0,0,0,0,1,1,1,0,1
41.397626,0,0,0,0,0,0,0,1,1
41.400277,0,0,0,1,0,0,1,0,1
41.402679,0,0,0,0,0,0,1,0,0
41.414720,1,0,0,0,1,0,0,0,0
41.415724,1,0,0,0,0,0,0,0,0
41.421537,1,1,0,0,0,0,0,0,0
41.424582,0,0,0,0,1,0,0,1,0
41.427137,0,0,1,0,0,0,0,0,0
41.427382,0,0,0,0,0,0,0,1,0
41.428182,0,0,1,0,1,0,0,1,0
41.438035,0,0,1,0,0,0,0,0,0
41.446126,0,1,0,0,0,1,0,0,0
41.448826,0,1,0,1,0,0,0,0,1
41.458052,0,1,0,0,0,0,1,0,0
41.471323,1,0,0,0,0,0,0,0,0
41.488484,0,0,1,0,1,0,0,0,0
41.500698,0,0,0,1,0,1,1,1,0
41.516885,1,0,0,0,1,0,0,1,1
41.530227,0,1,0,0,0,0,0,0,0
41.546885,0,1,1,0,0,1,0,0,1
41.548756,0,0,0,1,0,0,0,0,0
41.582231,0,0,1,0,0,0,1,0,0
41.593938,1,0,0,0,0,0,0,0,0
41.600000,0,0,0,1,1,1,1,1,0
41.611800,1,0,0,0,0,0,0,0,1
41.617042,0,0,0,0,1,0,0,0,0
41.618885,0,0,0,0,0,0,0,1,0
41.622229,0,1,0,0,0,0,0,0,0
41.648575,0,1,1,1,0,1,1,0,1
41.658841,1,0,0,0,1,0,0,1,0
41.681875,0,1,1,0,0,0,0,0,0
41.701626,0,0,0,1,0,1,1,0,0
41.719389,1,0,0,0,1,0,0,0,1
41.750236,0,0,1,1,0,1,0,0,0
41.777747,0,0,0,0,0,0,1,0,1
41.796078,1,0,0,0,1,1,0,0,1
41.801454,0,0,0,1,0,0,0,0,0
41.804946,0,0,0,0,0,0,0,1,0
41.816319,0,0,1,0,0,0,0,0,0
41.825059,0,1,0,0,0,0,0,1,0
41.835048,0,0,1,0,0,0,1,0,0
41.846970,1,1,0,0,1,1,0,1,0
41.847834,0,0,0,0,0,0,0,0,1
41.850291,0,0,0,1,0,0,0,0,0
41.868986,0,1,0,0,0,0,1,0,0
41.880393,1,0,1,0,1,0,0,1,0
41.898481,0,0,0,1,0,1,1,0,1
41.909861,1,1,0,0,1,0,0,0,0
41.915939,0,0,0,0,0,0,0,1,0
41.931701,0,0,1,0,0,0,0,0,0
41.936439,0,1,0,0,0,0,0,0,0
41.946846,0,0,0,0,0,1,0,0,0
41.951896,0,0,0,1,0,0,0,0,1
41.982193,0,0,1,0,0,0,0,0,0
41.986519,0,0,0,0,0,0,1,0,0
41.996687,1,0,0,0,0,1,0,0,0
41.999894,0,0,0,1,0,0,0,0,1
42.020609,0,0,0,0,1,0,0,1,0
42.039261,0,0,1,0,0,0,1,0,0
42.046126,0,1,0,0,0,1,0,0,1
42.048075,0,0,0,1,0,0,0,0,0
42.058716,1,0,0,0,1,0,0,0,0
42.071895,0,0,0,0,0,0,1,1,0
42.085160,1,0,1,0,1,0,0,1,0
42.096112,0,1,0,0,0,1,0,0,0
42.101688,0,0,0,1,0,0,1,0,0
42.115081,1,1,0,0,1,0,0,0,1
42.145085,0,0,1,0,0,0,0,1,0
42.146543,0,0,0,0,0,1,0,0,1
42.150283,0,0,0,1,0,0,1,0,0
42.169492,1,1,0,0,1,0,0,0,0
42.179273,0,0,1,0,0,0,0,1,0
42.201665,0,1,0,1,0,1,1,0,0
42.208092,0,0,0,0,0,0,0,0,1
42.219536,1,0,0,0,0,0,0,0,0
42.246388,0,0,1,0,0,1,0,0,0
42.249382,0,0,0,1,0,0,0,0,1
42.259646,0,0,0,0,1,0,1,0,0
42.279561,1,0,1,0,1,0,0,1,0
42.299777,0,1,0,1,0,1,1,1,0
42.318187,1,0,0,0,1,0,0,0,1
42.319131,0,0,0,0,0,0,0,1,0
42.327777,0,1,0,0,0,0,0,0,0
42.346200,0,1,0,0,0,1,0,0,0
42.349259,0,0,1,1,0,0,0,0,0
42.396287,0,0,0,0,0,1,1,0,0
42.400824,0,0,0,1,0,0,1,0,0
42.408703,1,0,0,0,0,0,0,0,0
42.409721,0,0,0,0,1,0,0,1,1
42.416591,1,0,0,0,1,0,0,0,1
42.419274,0,0,0,0,0,0,0,1,0
42.435346,0,1,0,0,0,0,0,0,0
42.448255,0,1,1,1,0,1,1,0,1
42.454867,0,0,1,0,0,0,0,0,0
42.463409,1,0,0,0,1,0,0,1,0
42.485838,0,1,1,0,0,0,0,0,0
42.501863,0,0,0,1,0,1,0,0,1
42.532122,0,0,1,0,0,0,1,0,0
42.550526,1,0,0,1,1,1,0,0,0
42.577390,0,0,0,0,0,0,1,0,1
42.596845,1,0,0,0,1,1,0,0,1
42.600501,0,0,0,1,0,0,0,0,0
42.604203,0,0,0,0,0,0,0,1,0
42.605331,0,0,0,0,0,0,1,0,0
42.606350,0,0,0,0,0,0,0,1,0
42.615934,1,0,1,0,0,0,0,0,0
42.630905,0,1,1,0,1,0,0,1,0
42.633962,0,1,0,0,0,0,0,0,0
42.648452,0,0,0,1,0,1,0,0,0
42.649603,0,0,0,0,0,0,1,0,1
42.660247,1,1,0,0,1,0,0,1,0
42.679610,0,0,1,0,0,0,0,0,0
42.689273,0,1,0,0,0,0,0,0,0
42.696752,0,0,0,0,0,1,0,0,0
42.697092,0,0,0,0,0,0,0,0,1
42.699311,0,0,0,1,0,0,1,0,0
42.714840,1,0,0,0,0,0,0,0,0
42.730324,0,0,1,0,0,0,0,0,0
42.750008,0,0,0,1,1,1,0,0,0
42.798208,0,0,0,1,0,1,1,1,0
42.818208,1,1,0,0,0,0,1,0,1
42.819273,0,0,0,0,1,0,0,1,0
42.837164,1,0,0,0,1,0,0,0,0
42.848431,0,1,1,1,0,1,1,0,0
42.867083,1,0,0,0,1,0,0,1,1
42.897083,0,1,1,0,0,1,0,1,1
42.899187,0,0,0,1,0,0,0,0,1
42.921042,0,1,0,0,0,0,0,0,0
42.924768,0,0,0,0,0,0,1,0,0
42.935653,1,0,1,0,1,0,0,1,0
42.936969,0,0,1,0,0,0,0,0,0
42.948143,0,0,0,1,0,1,0,0,0
42.952359,0,0,0,0,0,0,0,0,1
42.965272,0,1,0,0,0,0,1,0,0
42.976680,1,0,0,0,1,0,0,0,0
42.978311,0,0,0,0,0,0,0,1,0
42.984377,0,0,1,0,0,0,0,0,0
42.998030,0,0,0,1,0,1,1,0,1
43.008122,1,1,0,0,0,0,0,0,0
43.033339,0,0,1,0,0,0,0,0,0
43.040629,0,0,0,0,1,0,0,0,0
43.051161,0,0,0,1,0,1,1,0,0
43.069840,1,0,0,0,0,0,0,1,1
43.098148,0,1,0,1,1,1,1,1,0
43.108815,1,0,1,0,1,0,0,0,0
43.113697,0,0,0,0,0,0,0,1,1
43.128039,0,1,0,0,0,0,0,0,0
43.142065,0,1,0,0,0,0,0,0,0
43.148932,0,0,1,1,0,1,1,0,1
43.164432,1,0,0,0,1,0,0,1,0
43.180615,0,0,1,0,0,0,0,0,0
43.192540,0,1,0,0,0,0,0,0,0
43.201240,0,0,0,1,0,1,1,0,1
43.215967,1,0,0,0,1,0,0,1,0
43.240822,0,1,1,0,0,0,0,0,0
43.246775,0,0,0,0,0,1,0,0,1
43.249513,0,0,0,1,0,0,0,0,0
43.277058,0,0,1,0,0,0,1,0,0
43.296016,1,0,0,0,0,1,0,0,0
43.299352,0,0,0,1,1,0,0,1,1
43.324977,0,1,0,0,0,0,0,0,0
43.339214,0,0,1,0,0,0,0,0,0
43.346443,0,0,0,0,0,1,0,0,1
43.348875,0,0,0,1,0,0,0,0,0
43.368424,0,0,0,0,0,0,1,0,0
43.377026,0,0,1,0,0,0,1,0,0
43.380424,1,0,0,0,1,0,0,1,0
43.396684,1,0,0,0,1,1,0,1,1
43.400964,0,1,0,1,0,0,1,0,0
43.412421,1,0,0,0,0,0,0,0,0
43.426684,0,1,1,0,1,0,0,1,0
43.448116,0,1,0,1,0,1,1,0,0
43.463059,1,0,0,0,1,0,0,1,1
43.493059,0,1,1,0,0,0,0,0,0
43.498638,0,0,0,1,0,1,0,0,0
43.551253,0,0,0,1,0,1,1,0,0
43.564143,1,0,0,0,1,0,0,1,0
43.589361,0,1,0,0,0,0,0,0,0
43.601009,0,0,0,1,0,1,0,0,0
43.651131,0,0,0,1,0,1,0,0,0
43.696529,0,0,0,0,0,1,0,0,0
43.697331,0,0,0,0,0,0,1,0,0
43.700381,0,0,0,1,0,0,1,0,0
43.714878,1,0,0,0,1,0,0,1,0
43.719833,1,0,0,0,1,0,0,1,0
43.739270,0,1,0,0,0,0,0,0,1
43.739551,0,0,0,0,0,0,1,0,0
43.743471,0,1,0,0,0,0,1,0,1
43.749848,1,0,0,1,1,1,1,0,1
43.761706,1,0,0,0,1,0,0,0,1
43.769830,1,0,1,0,1,0,0,0,0
43.772144,0,0,0,0,0,0,0,0,1
43.777898,0,0,1,0,0,0,0,0,0
43.786768,0,0,1,0,0,0,0,0,0
43.794457,0,0,1,0,0,0,0,1,0
43.798879,0,0,0,1,0,1,1,0,1
43.803039,0,0,1,0,0,0,0,0,0
43.811771,1,0,0,0,1,0,0,1,1
43.813270,0,0,0,0,0,0,0,1,0
43.818284,0,1,0,0,0,0,0,1,0
43.829629,0,0,1,0,0,0,0,0,0
43.841771,0,1,1,0,0,0,0,0,0
43.842811,0,1,0,0,0,0,0,0,0
43.846668,0,1,0,0,0,1,0,0,0
43.849296,0,0,0,1,0,0,0,0,0
43.899877,0,0,0,1,0,1,1,0,1
43.910184,1,0,0,0,1,0,0,0,1
43.913653,0,0,0,0,0,0,1,1,0
43.928345,1,0,0,0,1,0,0,0,0
43.929027,0,0,0,0,0,0,0,1,0
43.939189,0,1,1,0,0,0,0,0,0
43.949391,0,1,1,1,0,1,1,0,1
43.960676,1,0,0,0,1,0,0,1,0
43.979480,0,0,1,0,0,0,0,0,0
43.986054,0,1,0,0,0,0,0,0,0
44.000250,0,0,0,1,0,1,0,0,1
44.031500,0,0,1,0,0,0,1,0,0
44.051231,1,0,0,1,0,1,1,0,1
44.066906,1,0,0,0,0,0,0,0,0
44.086136,0,0,1,0,0,0,0,0,0
44.099906,0,0,0,1,0,1,1,0,0
44.108013,0,0,0,0,1,0,0,1,0
44.108979,0,0,0,0,0,0,0,0,1
44.109442,0,0,0,0,1,0,0,1,0
44.113955,1,0,0,0,1,0,0,1,0
44.137052,0,1,0,0,0,0,0,0,0
44.138050,0,1,0,0,0,0,0,0,0
44.138514,0,1,0,0,0,0,0,0,0
44.148138,0,0,1,1,0,1,0,0,1
44.184226,0,0,1,0,0,0,1,0,0
44.194641,1,0,0,0,1,0,0,1,0
44.196763,0,0,0,0,0,1,0,0,0
44.200857,0,0,0,1,0,0,0,0,1
44.223883,0,1,0,0,0,0,0,0,0
44.237303,0,0,1,0,0,0,0,0,0
44.246423,0,0,0,0,0,1,1,0,0
44.251727,0,0,0,1,0,0,0,0,1
44.260450,1,0,0,0,0,0,0,0,0
44.291292,0,0,1,0,1,0,0,1,0
44.300304,0,0,0,1,0,1,1,0,0
44.310577,1,0,0,0,1,0,0,1,0
44.321101,0,1,0,0,0,0,1,0,0
44.339606,1,1,0,0,1,0,0,0,1
44.346767,0,0,0,0,0,1,0,0,0
44.349279,0,0,0,1,0,0,1,1,0
44.362279,1,0,0,0,1,0,0,1,0
44.369359,0,1,0,0,0,0,0,0,1
44.378430,0,0,1,0,0,0,0,0,0
44.391744,0,1,0,0,0,0,0,0,0
44.398303,0,0,0,1,0,1,1,0,1
44.405472,0,0,1,0,0,0,0,0,0
44.408703,1,0,0,0,1,0,0,0,0
44.434881,0,0,1,0,0,0,0,0,0
44.451044,0,0,0,1,0,1,1,1,0
44.471044,1,1,0,0,1,0,0,0,0
44.490367,0,0,0,0,0,0,0,0,1
44.500536,0,0,0,1,0,1,1,1,0
44.520429,1,0,1,0,1,0,0,1,0
44.520483,0,0,0,0,0,0,0,0,1
44.525061,0,1,0,0,0,0,0,0,0
44.549243,0,1,0,1,0,1,1,0,0
44.560270,1,0,1,0,1,0,0,1,0
44.583521,0,1,0,0,0,0,0,0,1
44.601714,0,0,0,1,0,1,0,0,0
44.614080,0,0,1,0,0,0,1,0,1
44.628974,1,0,0,0,0,0,0,0,0
44.650486,0,0,1,1,1,1,1,1,1
44.662682,1,0,0,0,0,0,0,0,0
44.672582,0,1,0,0,1,0,0,0,0
44.683575,0,0,1,0,0,0,0,0,0
44.698398,0,0,0,1,0,1,0,0,1
44.729531,0,0,1,0,0,0,1,1,0
44.741743,1,0,0,0,0,0,0,0,0
44.748055,0,0,0,1,1,1,1,1,1
44.754681,0,1,0,0,0,0,0,0,0
44.760443,1,0,0,0,0,0,0,0,0
44.778055,0,1,1,0,0,0,0,0,0
44.793224,0,0,0,0,1,0,0,0,0
44.796651,0,0,0,0,0,1,0,0,1
44.798386,0,0,0,1,0,0,1,1,0
44.816128,1,0,0,0,1,0,0,0,0
44.817355,0,0,0,0,0,0,0,1,0
44.828262,0,1,1,0,0,0,0,0,0
44.838839,0,1,0,0,0,0,0,0,0
44.849212,0,0,0,1,0,1,1,0,1
44.859889,1,0,0,0,1,0,0,0,0
44.885374,0,0,1,0,0,0,0,0,0
44.898585,0,0,0,1,0,1,0,0,0
44.936239,0,0,0,0,0,0,0,0,1
44.950859,0,0,0,1,0,1,0,1,1
44.972341,0,1,1,0,0,0,0,0,0
44.985682,0,0,1,0,0,0,0,0,0
44.996549,0,0,0,0,0,1,0,0,1
44.998286,0,0,0,1,0,0,1,0,0
45.015187,1,0,0,0,0,0,0,0,0
45.035511,0,0,1,0,1,0,0,1,0
45.051532,0,0,0,1,0,1,1,0,1
45.052601,0,0,0,0,0,0,1,0,0
45.054168,0,0,0,0,0,0,1,0,0
45.057206,0,1,0,0,0,0,0,0,0
45.064903,1,0,0,0,1,0,0,1,0
45.069078,1,0,0,0,0,0,0,0,0
45.073948,1,0,0,0,1,0,0,0,0
45.080066,0,0,0,0,0,0,0,1,0
45.091024,0,1,1,0,1,0,0,1,0
45.098239,0,0,0,1,0,1,1,0,0
45.108505,1,1,0,0,1,0,0,1,1
45.114958,0,1,0,0,0,0,0,0,0
45.133411,0,1,0,0,0,0,0,0,0
45.141362,0,0,1,0,0,0,0,0,0
45.151208,0,0,0,1,0,1,0,0,0
45.165927,0,0,0,0,0,0,1,0,0
45.177397,1,0,0,0,1,0,0,0,0
45.182261,0,0,0,0,0,0,0,1,0
45.201899,0,0,0,1,0,1,1,0,1
45.212060,1,1,0,0,1,0,0,1,0
45.233700,0,1,1,0,0,0,0,0,0
45.240377,0,0,0,0,0,0,0,0,1
45.248252,0,0,0,1,0,1,0,0,1
45.260642,0,0,0,0,0,0,1,0,0
45.270487,0,0,1,0,0,0,0,0,0
45.273852,1,0,0,0,1,0,0,0,0
45.286362,0,0,1,0,0,0,0,0,0
45.301680,0,0,0,1,0,1,1,0,0
45.317058,1,0,0,0,1,0,0,1,1
45.347058,0,1,1,0,0,1,0,1,0
45.349847,0,0,0,1,0,0,0,0,1
45.370392,0,1,0,0,0,0,0,0,0
45.375082,0,0,0,0,0,0,1,0,0
45.388462,1,0,1,0,0,0,0,0,0
45.392558,0,0,0,0,1,0,0,1,0
45.396033,0,0,0,0,0,1,0,0,0
45.401375,0,0,0,1,0,0,0,0,0
45.402594,0,0,0,0,0,0,1,0,0
45.405005,0,0,0,0,0,0,0,0,1
45.412567,0,1,0,0,0,0,0,0,0
45.421550,1,0,0,0,1,0,0,0,0
45.438154,0,0,1,0,0,0,0,0,0
45.446979,0,0,0,0,0,1,0,1,1
45.451726,0,0,0,1,0,0,0,0,0
45.476979,0,1,1,0,0,0,1,0,0
45.496799,1,0,0,0,1,1,0,1,1
45.498327,0,0,0,1,0,0,0,0,0
45.526799,0,1,1,0,0,0,0,0,0
45.546489,0,0,0,0,0,1,1,0,0
45.551843,0,0,0,1,0,0,1,0,1
45.563503,1,0,0,0,1,0,0,0,0
45.565997,1,0,0,0,1,0,0,1,0
45.576675,0,0,0,0,0,0,0,1,0
45.589750,0,1,1,0,0,0,0,0,0
45.596752,0,1,0,0,0,1,0,0,1
45.601439,0,0,0,1,0,0,1,0,0
45.619947,1,0,0,0,1,0,0,0,0
45.632161,0,0,1,0,0,0,0,0,0
45.648554,0,0,0,1,0,1,1,1,0
45.668554,1,1,0,0,1,0,0,0,1
45.698677,0,0,1,1,0,1,0,1,0
45.719263,0,1,0,0,0,0,0,0,0
45.746859,0,0,0,0,0,1,0,0,0
45.749984,0,0,0,1,0,0,0,0,1
45.772835,0,0,0,0,0,0,0,0,1
45.784907,0,0,1,0,0,0,0,0,0
45.796161,0,0,0,0,0,1,0,0,1
45.798800,0,0,0,1,0,0,1,0,0
45.812612,1,0,1,0,1,0,0,0,0
45.814565,0,0,0,0,0,0,1,0,0
45.824614,1,0,0,0,1,0,0,0,0
45.834965,0,0,1,0,0,0,0,1,0
45.844058,0,0,0,0,0,0,1,1,0
45.846200,0,0,0,0,0,1,0,0,1
45.849182,0,0,0,1,0,0,0,0,0
45.858914,1,1,0,0,1,0,1,0,0
45.872001,1,1,0,0,1,0,0,0,0
45.875014,0,0,0,0,0,0,0,1,0
45.875653,0,0,0,0,0,0,0,1,0
45.876200,0,0,1,0,0,0,0,0,0
45.896246,0,1,0,0,0,1,0,0,0
45.897137,0,1,0,0,0,0,0,0,0
45.901768,0,0,0,1,0,0,1,0,0
45.920644,1,0,0,0,1,0,0,1,0
45.946678,0,1,0,0,0,1,0,0,0
45.950979,0,0,0,1,0,0,0,0,1
45.984821,0,0,1,0,0,0,0,0,1
45.996989,0,0,0,0,0,1,0,0,1
45.998920,0,0,0,1,0,0,0,0,0
46.019256,0,0,1,0,0,0,0,0,0
46.035113,0,0,1,0,0,0,1,0,0
46.046565,1,0,0,0,1,1,1,1,1
46.048681,0,0,0,1,0,0,0,0,0
46.066565,1,1,0,0,1,0,0,0,0
46.069992,0,0,0,0,0,0,1,0,0
46.071831,0,0,0,0,0,0,0,1,0
46.084820,1,0,1,0,1,0,0,0,0
46.099379,0,1,0,1,0,1,0,0,1
46.137534,0,0,1,0,0,0,1,1,0
46.151856,1,0,0,1,1,1,1,0,0
46.157683,0,1,0,0,0,0,0,0,1
46.170658,1,0,0,0,1,0,0,1,0
46.192714,0,1,1,0,0,0,0,1,0
46.198259,0,0,0,1,0,1,1,0,0
46.213296,1,1,0,0,0,0,0,0,0
46.251728,0,0,0,1,1,1,1,0,1
46.266046,1,0,0,0,1,0,0,0,1
46.285532,0,0,1,0,0,0,0,0,0
46.300076,0,0,1,1,0,1,1,0,0
46.314578,1,0,0,0,0,0,0,0,1
46.350925,0,0,1,1,1,1,1,0,0
46.354178,0,0,0,0,0,0,0,1,1
46.362925,1,0,0,0,1,0,0,1,0
46.382746,0,1,0,0,0,0,0,1,0
46.382998,0,1,0,0,0,0,0,1,0
46.391157,0,0,1,0,0,0,0,0,0
46.396000,0,0,0,0,0,1,0,0,0
46.401655,0,0,0,1,0,0,0,0,1
46.403630,0,1,0,0,0,0,0,0,0
46.409507,0,1,0,0,0,0,1,0,0
46.429234,1,0,0,0,1,0,0,1,0
46.441022,0,0,1,0,0,0,0,0,0
46.451308,0,1,0,1,0,1,0,0,0
46.478784,0,0,0,0,0,0,1,0,0
46.496353,1,0,0,0,0,1,0,0,0
46.497124,0,0,0,0,1,0,0,1,0
46.498062,0,0,0,1,0,0,1,0,1
46.502970,0,0,0,0,0,0,0,0,1
46.517984,1,1,0,0,1,0,0,1,0
46.535554,0,0,1,0,0,0,0,0,0
46.539346,0,1,1,0,0,0,0,0,0
46.548557,0,0,0,1,0,1,1,0,1
46.564403,1,0,0,0,0,0,0,0,0
46.569662,0,0,0,0,1,0,0,1,0
46.587079,0,0,1,0,0,0,0,0,0
46.598979,0,1,0,1,0,1,1,0,0
46.618177,1,0,0,0,1,0,0,1,1
46.648087,0,1,0,1,0,1,1,0,1
46.658123,1,0,1,0,1,0,0,0,0
46.687771,0,0,1,0,0,0,0,0,0
46.696754,0,0,0,0,0,1,0,1,0
46.699538,0,0,0,1,0,0,1,0,0
46.714463,1,0,0,0,1,0,0,1,1
46.720191,0,1,0,0,0,0,0,0,0
46.738522,0,1,0,0,0,0,0,0,0
46.749491,0,0,1,1,0,1,1,0,0
46.762149,1,0,0,0,1,0,0,0,0
46.796379,0,0,0,0,0,1,0,1,0
46.799043,0,0,0,1,0,0,1,0,0
46.809115,1,0,0,0,1,0,0,1,1
46.813200,0,0,0,0,0,0,0,0,1
46.818526,0,1,0,0,0,0,0,0,0
46.833322,0,1,0,0,0,0,0,0,0
46.849073,0,0,1,1,0,1,1,0,1
46.851764,0,0,1,0,0,0,0,0,0
46.865265,1,0,0,0,0,0,0,0,0
46.876656,0,0,0,0,1,0,0,1,0
46.884978,0,0,1,0,0,0,0,0,0
46.900452,0,1,0,1,0,1,1,0,0
46.912777,1,0,0,0,1,0,0,1,1
46.942777,0,1,1,0,0,0,0,0,0
46.946270,0,0,0,0,0,1,0,0,1
46.950975,0,0,0,1,0,0,0,0,0
46.983571,0,0,1,0,0,0,0,0,0
47.000200,0,0,0,1,0,1,0,0,1
47.030831,0,0,1,0,0,0,1,0,0
47.043663,1,0,0,0,1,0,1,1,0
47.049987,0,0,0,1,0,1,0,0,1
47.063663,1,1,0,0,0,0,1,0,0
47.069863,0,0,0,0,1,0,0,0,0
47.070885,0,0,0,0,0,0,0,1,0
47.082486,1,0,1,0,1,0,0,0,0
47.092175,0,1,0,0,0,0,0,0,0
47.101367,0,0,0,1,0,1,0,1,0
47.112105,0,0,0,0,0,0,0,0,1
47.123464,0,1,0,0,0,0,1,0,0
47.142529,1,0,1,0,1,0,0,1,0
47.151855,0,0,0,1,0,1,1,0,1
47.162175,1,0,0,0,0,0,0,0,0
47.167773,0,1,0,0,0,0,0,0,0
47.177640,0,0,0,0,1,0,0,0,0
47.179343,0,0,0,0,0,0,0,1,0
47.189216,0,0,1,0,0,0,0,0,0
47.200511,0,1,0,1,0,1,1,0,1
47.217603,1,0,0,0,0,0,0,0,0
47.229131,0,0,0,0,1,0,0,0,0
47.233930,0,0,1,0,0,0,0,0,0
47.251552,0,0,0,1,0,1,1,1,1
47.265744,1,0,0,0,1,0,0,0,0
47.275717,0,1,0,0,0,0,0,1,0
47.290702,0,0,1,0,0,0,0,0,0
47.299322,0,1,0,1,0,1,1,0,0
47.310898,1,0,0,0,0,0,0,0,1
47.343436,0,0,1,0,1,0,0,0,0
47.346685,0,0,0,0,0,1,0,1,0
47.350941,0,0,0,1,0,0,1,0,0
47.363958,1,0,0,0,0,0,0,0,0
47.365680,0,0,0,0,1,0,0,1,0
47.367818,0,1,0,0,0,0,0,0,0
47.377396,0,0,0,0,0,0,0,0,1
47.391235,0,1,0,0,0,0,0,0,0
47.396756,0,0,0,0,0,1,0,0,1
47.398831,0,0,0,1,0,0,1,0,0
47.416816,1,0,1,0,0,0,0,0,0
47.435217,0,0,1,0,1,0,0,1,0
47.449481,0,0,0,1,0,1,1,0,0
47.464047,1,1,0,0,0,0,0,0,0
47.499592,0,0,0,1,1,1,1,0,0
47.512784,1,0,0,0,1,0,0,1,0
47.536359,0,1,0,0,0,0,0,0,0
47.542257,0,0,0,0,0,0,0,1,0
47.550152,0,0,0,1,0,1,0,0,1
47.570918,0,1,0,0,0,0,0,0,0
47.581755,0,0,1,0,0,0,1,0,1
47.598909,1,0,0,1,1,1,1,1,1
47.616044,1,0,1,0,1,0,0,0,1
47.628909,0,1,1,0,0,0,0,1,0
47.646022,0,0,0,0,0,1,0,0,0
47.648955,0,1,1,1,0,0,0,0,1
47.657004,0,0,0,0,0,0,1,0,0
47.669354,1,0,0,0,1,0,0,0,0
47.671884,0,0,0,0,0,0,0,1,0
47.679776,0,0,1,0,0,0,0,0,0
47.700216,0,1,0,1,0,1,1,0,0
47.715067,1,0,0,0,0,0,0,0,0
47.721571,0,0,0,0,1,0,0,0,1
47.748296,0,0,0,1,0,1,1,0,0
47.759544,1,0,1,0,0,0,0,0,1
47.798280,0,0,1,1,1,1,0,0,0
47.848138,0,0,0,1,0,1,0,1,0
47.852519,0,0,0,0,0,0,1,0,1
47.865803,1,0,0,0,0,0,0,1,0
47.866889,0,0,0,0,1,0,1,0,1
47.877975,1,1,0,0,1,0,0,0,0
47.884295,0,0,1,0,0,0,0,0,0
47.887176,0,1,0,0,0,0,0,0,0
47.898597,0,0,1,1,0,1,1,1,0
47.915023,1,0,0,0,1,0,0,0,1
47.916450,0,0,0,0,0,0,0,1,0
47.921272,0,1,0,0,0,0,0,0,0
47.946228,0,1,1,0,0,1,0,0,1
47.951593,0,0,0,1,0,0,0,0,0
47.986173,0,0,1,0,0,0,0,0,0
47.996810,0,0,0,0,0,1,0,0,0
47.997343,0,0,0,0,0,0,0,1,0
47.997671,0,0,0,0,0,0,1,0,0
47.997836,0,0,0,0,0,0,0,0,1
47.999733,0,0,0,1,0,0,0,0,0
48.017530,1,1,0,0,1,0,1,1,0
48.037530,1,1,1,0,0,0,0,0,0
48.046103,0,0,0,0,1,1,0,1,0
48.050041,0,0,0,1,0,0,1,0,0
48.061921,1,0,0,0,1,0,0,0,0
48.066782,0,1,0,0,0,0,0,1,1
48.096215,0,1,0,0,0,1,0,0,1
48.096896,0,0,1,0,0,0,0,0,0
48.099397,0,0,0,1,0,0,1,0,0
48.119267,1,0,0,0,1,0,0,0,0
48.130089,0,0,1,0,0,0,0,1,0
48.146189,0,0,0,0,0,1,0,0,1
48.150146,0,1,0,1,0,0,1,0,0
48.160718,1,0,0,0,0,0,0,0,0
48.181195,0,0,1,0,1,0,0,0,0
48.198654,0,0,0,1,0,1,1,1,0
48.203840,0,0,0,0,0,0,0,0,1
48.210827,1,0,0,0,0,0,0,0,0
48.212180,0,0,0,0,1,0,0,0,0
48.225358,0,1,0,0,0,0,0,1,0
48.238885,0,0,1,0,0,0,0,0,0
48.246563,0,1,0,0,0,1,0,0,0
48.249102,0,0,0,1,0,0,1,0,1
48.267824,1,0,0,0,1,0,0,0,0
48.281494,0,0,1,0,0,0,0,0,0
48.299514,0,0,0,1,0,1,0,1,1
48.324158,0,1,0,0,0,0,0,0,0
48.334514,0,0,1,0,0,0,1,0,0
48.349633,1,0,0,1,1,1,0,1,1
48.355651,0,0,0,0,0,0,1,0,0
48.366123,1,0,0,0,1,0,0,0,0
48.379633,0,1,1,0,0,0,0,0,0
48.398163,0,0,0,1,0,1,0,0,0
48.446219,0,0,0,0,0,1,1,1,1
48.450048,0,0,0,1,0,0,0,0,0
48.466219,1,1,0,0,0,0,0,0,1
48.477067,0,0,1,0,1,0,1,0,0
48.496073,1,0,0,0,0,1,0,0,0
48.496340,0,0,1,0,0,0,0,1,0
48.499224,0,0,0,1,0,0,1,0,0
48.517051,1,1,0,0,0,0,0,0,1
48.551929,0,0,1,1,1,1,0,0,0
48.570728,0,0,0,0,1,0,1,1,1
48.590728,1,1,0,0,1,0,0,1,0
48.599689,0,0,0,1,0,1,0,0,1
48.610728,0,1,1,0,0,0,1,0,0
48.620818,1,0,0,0,1,0,0,1,0
48.631689,0,0,1,0,0,0,0,1,0
48.650088,0,1,0,1,0,1,1,0,1
48.661268,1,1,0,0,0,0,0,0,0
48.664705,0,0,0,0,1,0,0,0,0
48.677275,0,0,0,0,0,0,0,1,0
48.684315,0,0,1,0,0,0,0,0,0
48.698475,0,1,0,1,0,1,0,0,0
48.746546,0,0,0,0,0,1,0,0,1
48.747353,0,0,0,0,0,0,1,0,1
48.750511,0,0,0,1,0,0,0,0,0
48.766686,1,0,0,0,1,0,0,1,0
48.778855,0,0,1,0,0,0,1,0,0
48.784187,0,0,1,0,0,0,0,0,0
48.796092,1,1,0,0,1,1,0,1,1
48.801767,0,0,0,1,0,0,1,0,0
48.812927,1,0,0,0,1,0,0,0,0
48.826092,0,1,1,0,0,0,0,1,0
48.849111,0,1,0,1,0,1,1,0,1
48.860259,1,0,0,0,1,0,0,0,0
48.880150,0,0,1,0,0,0,0,1,0
48.898780,0,0,0,1,0,1,0,0,1
48.906083,0,1,0,0,0,0,1,0,0
48.918621,1,0,0,0,1,0,0,1,0
48.932040,0,0,1,0,0,0,0,0,0
48.948093,0,1,0,1,0,1,0,0,1
48.975202,0,0,0,0,0,0,1,0,0
48.986889,1,0,1,0,0,0,0,0,0
48.999724,0,0,0,1,1,1,1,1,1
49.011079,1,0,0,0,1,0,0,1,0
49.029724,0,1,1,0,0,0,0,0,0
49.038172,0,1,0,0,0,0,0,0,0
49.050088,0,0,0,1,0,1,1,0,1
49.066888,1,0,0,0,1,0,0,0,0
49.089401,0,0,1,0,0,0,0,1,0
49.098609,0,0,0,1,0,1,1,0,1
49.113800,1,1,0,0,1,0,0,1,0
49.128684,0,0,1,0,0,0,0,0,0
49.140578,0,1,0,0,0,0,0,0,0
49.151412,0,0,0,1,0,1,0,0,0
49.201158,0,0,0,1,0,1,1,0,0
49.208992,0,0,0,0,0,0,1,0,0
49.213838,1,0,0,0,0,0,0,0,1
49.216271,0,0,0,0,1,0,0,1,0
49.217806,0,0,0,0,0,0,0,0,1
49.222588,1,0,0,0,1,0,0,1,0
49.246069,0,1,1,0,0,1,0,0,1
49.251172,0,1,1,1,0,0,1,0,0
49.266855,1,0,0,0,1,0,0,1,0
49.285812,0,0,1,0,0,0,0,0,0
49.296280,0,1,0,0,0,1,0,0,1
49.300785,0,0,0,1,0,0,1,0,0
49.313863,1,0,0,0,1,0,0,1,0
49.336129,0,1,1,0,0,0,0,0,0
49.349926,0,0,0,1,0,1,1,0,1
49.365113,1,0,0,0,1,0,0,0,0
49.386685,0,0,1,0,0,0,0,1,0
49.400158,0,0,0,1,0,1,0,0,1
49.408795,0,1,0,0,0,0,1,0,0
49.425744,1,0,0,0,1,0,0,1,0
49.434568,0,0,1,0,0,0,0,0,0
49.448538,0,1,0,1,0,1,1,0,1
49.463098,1,0,0,0,1,0,0,1,0
49.479167,0,0,1,0,0,0,0,0,0
49.492504,0,1,0,0,0,0,0,0,0
49.501588,0,0,0,1,0,1,0,0,1
49.537970,0,0,1,0,0,0,1,0,0
49.547976,1,0,0,0,1,1,0,1,0
49.548741,0,0,0,1,0,0,0,0,1
49.573038,0,1,0,0,0,0,1,0,0
49.586815,1,0,1,0,0,0,0,0,0
49.590591,0,0,0,0,1,0,0,1,0
49.596713,0,0,0,0,0,1,0,0,1
49.600193,0,0,0,1,0,0,0,0,0
49.616417,0,1,0,0,0,0,0,0,0
49.617574,0,0,0,0,0,0,1,0,0
49.632077,1,0,1,0,0,0,0,0,0
49.646136,0,0,0,0,1,1,0,0,1
49.648246,0,0,0,1,0,0,1,1,0
49.664582,1,0,0,0,0,0,0,0,0
49.666639,0,0,0,0,1,0,0,1,0
49.678220,0,1,1,0,0,0,0,0,0
49.688404,0,1,0,0,0,0,0,0,0
49.700991,0,0,0,1,0,1,1,0,1
49.715889,1,0,0,0,0,0,0,0,0
49.739776,0,0,1,0,1,0,0,1,0
49.746729,0,0,0,0,0,1,0,0,0
49.751067,0,0,0,1,0,0,0,0,1
49.766256,0,1,0,0,0,0,0,0,0
49.784417,0,0,1,0,0,0,1,0,0
49.800681,1,0,0,1,1,1,1,1,0
49.808286,0,0,0,0,0,0,0,0,1
49.820681,1,1,0,0,0,0,0,0,0
49.846309,0,0,1,0,0,1,0,0,1
49.848400,0,0,0,1,1,0,1,0,0
49.851643,0,0,0,0,0,0,0,1,0
49.860794,1,0,0,0,1,0,0,1,0
49.872100,0,1,0,0,0,0,0,0,0
49.882473,0,1,1,0,0,0,0,0,0
49.898106,0,0,0,1,0,1,0,0,1
49.930606,0,0,1,0,0,0,0,0,0
49.950567,0,0,0,1,0,1,1,0,1
49.967901,1,0,0,0,1,0,1,1,0
49.981794,1,0,1,0,1,0,0,0,0
49.997073,0,1,0,0,0,1,0,1,0
49.998027,0,0,0,1,0,0,1,0,1
50.014924,1,0,0,0,1,0,0,0,0
50.020251,0,1,0,0,0,0,0,0,0
50.028991,0,0,1,0,0,0,0,0,0
50.046605,0,0,0,0,0,1,0,1,0
50.050286,0,0,0,1,0,0,0,0,1
50.057482,0,0,0,0,0,0,1,0,0
50.074389,1,1,0,0,1,0,0,1,0
50.086157,0,0,1,0,0,0,0,0,0
50.096236,0,1,0,0,0,1,0,0,0
50.099052,0,0,0,1,0,0,0,0,1
50.131889,0,0,1,0,0,0,0,0,0
50.150634,0,0,0,1,0,1,0,0,0
50.199946,0,0,0,1,0,1,0,0,1
50.202584,0,0,0,0,0,0,0,0,1
50.205718,0,0,0,0,0,0,1,0,0
50.218088,1,0,0,0,0,0,1,0,0
50.228739,1,0,0,0,1,0,1,1,0
50.239262,1,0,1,0,1,0,0,0,0
50.241755,0,0,1,0,1,0,0,0,0
50.248325,0,0,0,1,0,1,0,1,1
50.258308,0,1,0,0,0,0,1,1,0
50.277621,1,1,0,0,0,0,0,0,0
50.284023,0,1,1,0,1,0,0,1,0
50.301755,0,0,0,1,0,1,0,0,0
50.309314,0,1,0,0,0,0,0,0,1
50.346812,0,0,1,0,0,1,0,0,0
50.350258,0,0,0,1,0,0,0,0,0
50.401596,0,0,0,1,0,1,0,0,0
50.450000,0,0,0,1,0,1,0,0,0
50.493700,0,0,0,0,0,0,1,0,1
50.496682,0,0,0,0,0,1,1,0,1
50.498319,0,0,0,1,0,0,0,0,1
50.512897,1,0,0,0,1,0,1,1,1
50.516417,1,0,0,0,1,0,0,0,0
50.523162,1,0,0,0,0,0,0,0,0
50.523431,0,0,0,0,0,0,1,0,0
50.532934,0,1,1,0,1,0,0,1,0
50.533183,0,0,1,0,0,0,0,0,0
50.533307,0,0,1,0,0,0,0,1,0
50.533431,1,0,0,0,1,0,0,1,0
50.550918,0,0,1,1,0,1,1,0,0
50.562707,1,1,0,0,1,0,1,1,1
50.563299,0,1,0,0,0,0,0,0,0
50.563404,0,1,0,0,0,0,0,0,0
50.582707,1,1,0,0,1,0,0,0,0
50.600652,0,0,1,1,0,1,0,1,0
50.629767,0,1,0,0,0,0,0,0,0
50.633720,0,0,0,0,0,0,1,0,0
50.649085,1,0,0,1,1,1,1,0,1
50.664239,1,0,0,0,1,0,0,1,0
50.686093,0,1,1,0,0,0,0,1,1
50.698316,0,0,0,1,0,1,1,0,1
50.716093,1,1,1,0,1,0,0,0,0
50.724654,0,0,0,0,0,0,0,1,0
50.730802,0,0,1,0,0,0,0,0,0
50.746123,0,1,0,0,0,1,0,0,1
50.751096,0,0,0,1,0,0,1,0,0
50.762509,1,0,0,0,1,0,0,0,0
50.776340,0,0,1,0,0,0,0,1,0
50.798870,0,1,0,1,0,1,0,0,0
50.848781,0,0,0,1,0,1,0,0,1
50.888483,0,0,1,0,0,0,1,0,0
50.901771,1,0,0,1,1,1,0,0,0
50.948828,0,0,0,1,0,1,0,0,1
50.981360,0,0,1,0,0,0,0,1,0
50.999597,0,0,0,1,0,1,0,0,0
51.000529,0,0,0,0,0,0,0,0,1
51.002836,0,1,0,0,0,0,0,0,0
51.034916,0,0,1,0,0,0,0,0,0
51.046993,0,0,0,0,0,1,1,0,0
51.051200,0,0,0,1,0,0,1,0,1
51.055908,0,0,0,0,0,0,1,0,0
51.056049,0,0,0,0,0,0,1,0,1
51.061435,1,0,0,0,1,0,1,0,0
51.068270,1,0,0,0,0,0,0,1,1
51.075319,1,0,0,0,1,0,0,1,0
51.076019,1,0,0,0,0,0,0,0,0
51.079903,1,0,0,0,0,0,0,0,0
51.090739,0,1,1,0,1,0,0,0,0
51.096039,0,1,1,0,1,1,0,1,1
51.097026,0,0,0,0,0,0,0,1,0
51.098080,0,0,0,1,1,0,0,0,0
51.102671,0,0,1,0,0,0,1,1,0
51.112729,1,0,0,0,1,0,0,0,0
51.119906,0,1,0,0,0,0,0,1,0
51.121104,0,1,0,0,0,0,0,0,0
51.124516,0,1,0,0,0,0,0,0,0
51.126966,0,0,1,0,0,0,0,0,0
51.149305,0,1,0,1,0,1,0,0,0
51.196194,0,0,0,0,0,1,1,0,0
51.201834,0,0,0,1,0,0,1,0,0
51.204360,0,0,0,0,0,0,0,0,1
51.205311,0,0,0,0,0,0,0,0,1
51.212480,1,0,0,0,1,0,0,1,0
51.215689,1,0,0,0,1,0,0,1,0
51.235309,0,1,1,0,0,0,0,0,0
51.240352,0,1,1,0,0,0,0,0,0
51.246883,0,0,0,0,0,1,0,0,1
51.248678,0,0,0,1,0,0,1,0,0
51.267011,1,0,0,0,1,0,0,0,0
51.278864,0,0,1,0,0,0,0,0,0
51.298394,0,0,0,1,0,1,1,0,1
51.311407,1,0,0,0,0,0,0,1,0
51.328599,0,0,1,0,1,0,0,1,0
51.336197,0,1,0,0,0,0,0,0,0
51.348118,0,0,0,1,0,1,0,0,1
51.348359,0,0,0,0,0,0,1,0,0
51.358466,1,1,0,0,1,0,0,0,0
51.383448,0,0,1,0,0,0,0,1,0
51.401520,0,0,0,1,0,1,0,0,1
51.404420,0,1,0,0,0,0,0,0,0
51.439868,0,0,1,0,0,0,1,0,0
51.448224,0,0,0,1,0,1,0,0,1
51.450494,1,0,0,0,1,0,1,1,0
51.466494,1,0,0,0,0,0,0,0,0
51.473464,0,1,0,0,1,0,0,0,0
51.480456,0,0,1,0,0,0,0,0,0
51.496093,0,0,0,0,0,1,0,1,0
51.501481,0,0,0,1,0,0,1,0,0
51.521195,1,1,0,0,1,0,0,1,1
51.549465,0,1,0,1,0,1,0,0,1
51.554053,0,0,1,0,0,0,0,0,0
51.577944,0,0,0,0,0,0,1,0,0
51.583115,0,0,1,0,0,0,0,0,0
51.596554,1,0,0,0,0,1,0,0,1
51.598965,0,0,0,1,1,0,0,1,0
51.628008,0,1,1,0,0,0,1,0,0
51.648004,1,0,0,1,1,1,0,0,0
51.657911,0,0,0,0,0,0,0,0,1
51.669044,0,0,0,0,0,0,1,1,0
51.689044,1,1,1,0,1,0,0,1,0
51.696920,0,0,0,0,0,1,0,0,0
51.701080,0,0,0,1,0,0,0,0,1
51.711947,0,1,0,0,0,0,1,0,0
51.731148,1,0,1,0,1,0,0,1,0
51.746384,0,0,0,0,0,1,0,0,1
51.748403,0,0,0,1,0,0,0,0,0
51.756148,0,1,0,0,0,0,1,0,0
51.768891,1,0,0,0,0,0,0,0,0
51.784400,0,0,1,0,1,0,0,1,0
51.799150,0,0,0,1,0,1,0,0,1
51.801793,0,0,0,0,0,0,1,0,0
51.812945,1,1,0,0,1,0,0,1,0
51.829820,0,0,1,0,0,0,0,0,0
51.838225,0,1,0,0,0,0,0,0,0
51.851775,0,0,0,1,0,1,1,0,1
51.867338,1,0,0,0,0,0,0,0,0
51.884798,0,0,1,0,0,0,0,0,0
51.901741,0,0,0,1,1,1,0,0,0
51.946560,0,0,0,0,0,1,1,1,1
51.947281,0,0,0,0,0,0,0,0,1
51.951849,0,0,0,1,0,0,1,0,0
51.966560,1,1,0,0,1,0,0,1,0
51.967584,1,0,0,0,0,0,0,0,0
51.975439,0,0,0,0,1,0,0,1,0
51.984840,0,0,1,0,0,0,0,0,0
51.986964,0,1,1,0,0,0,0,0,0
51.996033,0,1,0,0,0,1,0,0,0
51.997022,0,0,0,0,0,0,0,0,1
51.998580,0,0,0,1,0,0,1,0,0
52.009603,1,0,0,0,1,0,0,1,0
52.027549,0,0,1,0,0,0,0,0,0
52.032047,0,1,0,0,0,0,0,0,0
52.049311,0,0,0,1,0,1,1,0,0
52.051966,0,0,0,0,0,0,0,0,1
52.066108,1,0,0,0,0,0,0,0,0
52.077662,0,0,0,0,1,0,0,1,0
52.091353,0,0,1,0,0,0,0,0,0
52.096421,0,0,0,0,0,1,0,0,0
52.097241,0,0,0,0,0,0,0,0,1
52.097815,0,1,0,0,0,0,0,0,0
52.098418,0,0,0,1,0,0,0,0,0
52.104351,0,0,0,0,0,0,1,0,0
52.120778,1,0,0,0,0,0,0,0,0
52.134285,0,0,1,0,1,0,0,0,0
52.137550,0,0,0,0,0,0,0,1,0
52.146584,0,0,0,0,0,1,0,0,0
52.149335,0,0,0,1,0,0,1,0,1
52.162788,1,1,0,0,0,0,0,0,0
52.185191,0,0,1,0,1,0,0,1,0
52.196161,0,0,0,0,0,1,0,0,0
52.200569,0,0,0,1,0,0,1,0,0
52.214851,1,1,0,0,0,0,0,0,0
52.217041,0,0,0,0,1,0,0,0,0
52.248476,0,0,0,1,0,1,1,1,1
52.266736,1,0,0,0,0,0,0,0,0
52.278476,0,1,1,0,1,0,0,1,0
52.296538,0,0,0,0,0,1,0,0,1
52.300153,0,1,0,1,0,0,1,0,0
52.303495,0,0,0,0,0,0,0,0,1
52.313189,1,0,0,0,1,0,0,0,0
52.335160,0,0,1,0,0,0,0,0,0
52.340371,0,0,1,0,0,0,0,0,0
52.351112,0,0,0,1,0,1,0,1,1
52.381112,0,1,1,0,0,0,1,0,0
52.400498,1,0,0,1,1,1,0,1,1
52.430498,0,1,1,0,0,0,1,0,0
52.444822,1,0,0,0,1,0,0,0,0
52.448745,0,0,0,1,0,1,0,1,1
52.478745,0,1,1,0,0,0,1,0,0
52.496264,1,0,0,0,1,1,0,1,1
52.498340,0,0,0,1,0,0,1,0,0
52.518118,1,1,0,0,1,0,0,1,0
52.527501,0,0,1,0,0,0,0,0,0
52.546607,0,1,0,0,0,1,0,0,1
52.551210,0,0,0,1,0,0,1,0,0
52.568097,1,0,0,0,0,0,0,0,0
52.576863,0,0,1,0,0,0,0,0,0
52.599873,0,0,0,1,0,1,1,0,1
52.618742,1,0,0,0,1,0,0,1,0
52.619848,0,0,0,0,1,0,0,0,0
52.636576,0,0,1,0,0,0,0,1,0
52.648324,0,1,0,1,0,1,1,0,0
52.666130,1,1,0,0,1,0,0,1,0
52.693382,0,1,0,0,0,0,0,0,1
52.698133,0,0,0,1,0,1,1,0,1
52.711174,1,0,0,0,1,0,0,1,0
52.724394,0,0,1,0,0,0,0,0,0
52.728763,0,0,1,0,0,0,0,0,0
52.736675,0,1,0,0,0,0,0,0,0
52.746306,0,0,0,0,0,1,0,0,1
52.751805,0,0,0,1,0,0,0,0,0
52.754803,0,0,0,0,0,0,1,0,0
52.766164,1,0,0,0,1,0,0,1,0
52.778617,0,0,1,0,0,0,0,0,0
52.787280,0,1,0,0,0,0,0,0,0
52.801232,0,0,0,1,0,1,0,0,0
52.849776,0,0,0,1,0,1,1,0,1
52.853451,0,0,0,0,0,0,1,0,1
52.862182,1,0,0,0,1,0,0,0,0
52.869657,1,0,0,0,1,0,0,1,0
52.884478,0,0,1,0,0,0,0,1,0
52.892522,0,1,1,0,0,0,0,0,0
52.898672,0,0,0,1,0,1,1,0,0
52.906440,0,1,0,0,0,0,0,0,0
52.917278,1,0,0,0,1,0,0,1,0
52.930829,0,0,0,0,0,0,0,0,1
52.940351,0,1,0,0,0,0,0,0,0
52.948394,0,0,0,1,0,1,1,0,1
52.959731,1,0,0,0,1,0,0,0,0
52.963802,0,0,1,0,0,0,0,0,0
52.979418,0,0,1,0,0,0,0,0,0
53.001246,0,0,0,1,0,1,1,0,0
53.009121,0,0,0,0,0,0,0,1,0
53.021064,1,0,0,0,1,0,0,1,1
53.034121,0,1,0,0,0,0,0,0,0
53.048928,0,1,0,1,0,1,0,0,1
53.058246,0,0,1,0,0,0,0,0,0
53.078928,0,0,1,0,0,0,1,0,0
53.098762,1,0,0,1,1,1,0,0,0
53.146496,0,0,0,0,0,1,1,1,1
53.147442,0,0,0,0,0,0,0,0,1
53.149725,0,0,0,1,0,0,1,0,0
53.157770,1,0,0,0,0,0,0,0,0
53.168490,1,1,0,0,1,0,0,1,0
53.172357,0,0,0,0,1,0,0,0,0
53.174709,0,0,0,0,0,0,0,1,0
53.183858,0,0,1,0,0,0,0,0,0
53.186411,0,0,1,0,0,0,0,0,0
53.198438,0,1,0,1,0,1,1,0,1
53.203730,0,1,0,0,0,0,0,0,0
53.214970,1,0,0,0,1,0,0,0,0
53.233268,0,0,1,0,0,0,0,0,0
53.251065,0,0,0,1,0,1,1,1,1
53.270030,1,0,0,0,1,0,0,0,0
53.279465,0,1,0,0,0,0,0,1,0
53.284322,0,0,1,0,0,0,0,0,0
53.296481,0,0,0,0,0,1,0,0,1
53.300979,0,1,0,1,0,0,0,0,0
53.332425,0,0,1,0,0,0,1,0,0
53.351038,1,0,0,1,1,1,1,0,1
53.362759,1,0,0,0,0,0,0,0,0
53.387991,0,0,1,0,0,0,0,1,0
53.398826,0,0,0,1,1,1,0,1,0
53.413780,0,1,0,0,0,0,1,0,1
53.419521,0,1,0,0,0,0,0,0,0
53.425559,1,0,0,0,1,0,0,1,0
53.451653,0,1,1,1,0,1,1,0,0
53.471216,1,0,0,0,1,0,0,1,0
53.498340,0,1,0,1,0,1,1,0,1
53.512969,1,0,0,0,1,0,0,0,1
53.531438,0,0,1,0,0,0,0,1,0
53.549784,0,0,1,1,0,1,0,0,0
53.560818,0,1,0,0,0,0,1,0,0
53.573348,1,0,0,0,1,0,0,1,0
53.594655,0,1,0,0,0,0,0,0,1
53.596908,0,0,0,0,0,1,0,0,0
53.598533,0,0,0,1,0,0,1,0,1
53.616809,1,0,0,0,1,0,0,1,0
53.626680,0,0,1,0,0,0,0,0,0
53.637067,0,1,1,0,0,0,0,0,0
53.648524,0,0,0,1,0,1,1,0,1
53.660999,1,0,0,0,0,0,0,0,0
53.684313,0,0,1,0,1,0,0,1,0
53.698193,0,0,0,1,0,1,1,0,1
53.706736,0,1,0,0,0,0,0,0,0
53.709191,1,0,0,0,1,0,0,1,0
53.728407,0,0,1,0,0,0,0,0,0
53.735787,0,1,0,0,0,0,0,0,0
53.746548,0,0,0,0,0,1,0,0,0
53.750734,0,0,0,1,0,0,0,0,0
53.798778,0,0,0,1,0,1,0,0,1
53.831309,0,0,1,0,0,0,1,0,1
53.848276,1,0,0,1,1,1,1,0,1
53.862527,1,0,1,0,0,0,1,1,0
53.881449,1,0,1,0,0,0,0,0,0
53.891329,0,1,0,0,1,0,0,1,0
53.894211,0,0,0,0,1,0,0,0,0
53.900683,0,0,0,1,0,1,1,1,0
53.914221,1,1,0,0,1,0,0,1,1
53.928744,0,1,0,0,0,0,0,0,0
53.941759,0,1,0,0,0,0,0,0,0
53.950241,0,0,1,1,0,1,1,0,1
53.964908,1,0,0,0,0,0,0,0,0
53.980964,0,0,1,0,1,0,0,0,0
53.998620,0,0,0,1,0,1,1,0,1
54.012421,1,0,0,0,0,0,0,1,0
54.031062,0,0,1,0,0,0,0,0,0
54.035416,0,1,0,0,0,0,0,0,0
54.050463,0,0,0,1,0,1,0,0,0
54.096892,0,0,0,0,1,1,0,0,1
54.098339,0,0,0,1,0,0,0,0,0
54.110297,0,0,0,0,0,0,1,1,0
54.128358,1,0,1,0,1,0,0,0,0
54.132598,0,1,0,0,0,0,0,1,1
54.146410,0,0,0,0,0,1,0,0,0
54.149339,0,0,0,1,0,0,1,0,0
54.159598,1,1,0,0,0,0,0,0,0
54.162817,0,0,1,0,1,0,0,1,1
54.192817,0,1,1,0,0,0,1,0,0
54.198000,0,0,0,1,0,1,0,0,1
54.199325,0,0,0,0,0,0,1,0,0
54.211253,1,0,0,0,0,0,0,0,0
54.215976,1,0,0,0,1,0,0,0,0
54.232567,0,0,1,0,1,0,0,1,0
54.236587,0,0,0,0,0,0,0,1,0
54.246133,0,0,0,0,0,1,0,0,0
54.248859,0,0,0,1,0,0,1,0,0
54.259234,1,1,0,0,1,0,0,0,1
54.263823,0,1,0,0,0,0,0,0,0
54.298265,0,0,1,1,0,1,1,1,0
54.306200,0,0,0,0,0,0,0,0,1
54.315751,1,0,0,0,0,0,0,0,0
54.320341,0,1,0,0,0,0,0,0,0
54.346056,0,0,1,0,1,1,0,1,0
54.347027,0,0,0,0,0,0,0,0,1
54.348742,0,0,0,1,0,0,0,0,0
54.373556,0,1,0,0,0,0,1,0,0
54.385547,1,0,1,0,1,0,0,0,0
54.396000,0,0,0,0,0,1,0,0,0
54.397000,0,0,0,0,0,0,0,1,0
54.400171,0,0,0,1,0,0,0,0,0
54.419229,0,1,0,0,0,0,1,0,0
54.431842,1,0,0,0,0,0,0,0,0
54.440947,0,0,0,0,1,0,0,0,0
54.450465,0,0,0,1,0,1,0,0,1
54.481631,0,0,1,0,0,0,1,0,0
54.498202,1,0,0,1,0,1,1,0,0
54.504668,0,0,0,0,1,0,0,0,0
54.512541,1,0,0,0,1,0,0,1,0
54.515289,0,0,0,0,0,0,0,1,1
54.537950,0,1,0,0,0,0,0,1,0
54.543510,0,1,0,0,0,0,0,0,1
54.551385,0,0,1,1,0,1,1,0,1
54.564071,1,1,0,0,0,0,0,0,0
54.568600,0,0,0,0,1,0,0,1,0
54.574310,0,0,1,0,0,0,0,0,0
54.585658,0,0,1,0,0,0,0,0,0
54.596102,0,1,0,0,0,1,0,0,0
54.598271,0,0,0,1,0,0,0,0,0
54.623635,0,0,0,0,0,0,1,0,1
54.634653,1,0,0,0,0,0,0,0,0
54.649517,0,0,0,1,0,1,1,0,1
54.653783,0,0,1,0,1,0,0,0,0
54.662163,1,0,0,0,1,0,0,1,0
54.685616,0,1,1,0,0,0,0,1,0
54.701503,0,0,0,1,0,1,0,0,1
54.708657,0,1,0,0,0,0,0,0,0
54.736938,0,0,1,0,0,0,1,0,0
54.751581,1,0,0,1,1,1,1,0,1
54.762512,1,0,0,0,1,0,0,0,0
54.783789,0,0,1,0,0,0,0,1,0
54.798976,0,0,0,1,0,1,0,1,1
54.808180,0,1,0,0,0,0,1,0,0
54.823128,1,1,0,0,1,0,0,1,0
54.829456,0,0,1,0,0,0,0,0,0
54.849588,0,1,0,1,0,1,1,0,0
54.859924,1,0,0,0,0,0,0,0,0
54.861771,0,0,0,0,1,0,0,0,1
54.866771,0,0,0,0,0,0,0,1,0
54.894436,0,1,1,0,0,0,0,0,0
54.900392,0,0,0,1,0,1,1,0,1
54.916225,1,0,0,0,1,0,0,0,0
54.933246,0,0,1,0,0,0,0,0,0
54.938612,0,0,0,0,0,0,0,1,0
54.948984,0,0,0,1,0,1,0,0,0
54.953005,0,0,0,0,0,0,1,0,1
54.966315,1,1,0,0,1,0,0,1,0
54.984314,0,0,1,0,0,0,0,0,0
54.992026,0,1,0,0,0,0,0,0,0
55.001304,0,0,0,1,0,1,0,0,0
55.051779,0,0,0,1,0,1,1,0,0
55.065828,1,0,0,0,1,0,1,0,1
55.070397,0,0,0,0,0,0,0,0,1
55.073630,0,0,0,0,0,0,0,1,0
55.081375,1,0,0,0,1,0,0,1,0
55.095911,0,1,1,0,0,0,0,0,0
55.096811,0,0,0,0,0,1,0,0,1
55.100767,0,0,1,1,0,0,1,0,0
55.110928,1,1,0,0,1,0,0,1,0
55.127000,0,0,1,0,0,0,0,0,0
55.130971,0,1,0,0,0,0,0,0,0
55.146978,0,0,0,0,0,1,0,0,1
55.149882,0,0,0,1,0,0,0,0,0
55.183684,0,0,1,0,0,0,1,0,0
55.196507,1,0,0,0,1,1,0,0,0
55.199590,0,0,0,1,0,0,0,0,1
55.232805,0,0,1,0,0,0,1,1,0
55.251603,1,0,0,1,0,1,1,0,0
55.252443,0,0,0,0,1,0,0,0,0
55.261845,1,1,0,0,0,0,0,0,1
55.293541,0,0,1,0,0,0,0,0,0
55.301765,0,0,0,1,0,1,0,1,1
55.331765,0,1,1,0,1,0,1,1,0
55.351765,1,1,0,1,1,1,1,1,0
55.371765,1,1,0,0,1,0,0,1,1
55.401765,0,1,1,1,0,1,0,0,1
55.417670,0,0,0,0,0,0,1,0,0
55.428277,1,0,0,0,0,0,0,0,0
55.429406,0,0,0,0,1,0,0,0,0
55.430760,0,0,0,0,0,0,0,1,0
55.434869,0,0,1,0,0,0,0,0,0
55.446839,0,0,0,0,0,1,0,0,1
55.448468,0,0,0,1,0,0,0,0,0
55.449620,0,0,0,0,0,0,1,0,0
55.460352,1,1,0,0,1,0,0,0,0
55.469803,0,0,0,0,0,0,0,1,0
55.486212,0,0,1,0,0,0,0,0,0
55.496000,0,1,0,0,0,1,0,0,0
55.501829,0,0,0,1,0,0,0,0,0
55.533316,0,0,0,0,0,0,0,0,1
55.546860,0,0,0,0,0,1,0,0,0
55.550303,0,0,0,1,0,0,1,0,0
55.557397,0,0,0,0,0,0,1,0,0
55.561939,1,0,0,0,0,0,0,0,1
55.562381,0,0,0,0,1,0,0,0,0
55.570196,1,0,1,0,0,0,0,0,0
55.596741,0,0,1,0,1,1,0,0,1
55.598334,0,0,0,1,0,0,0,0,0
55.602709,0,0,0,0,0,0,1,0,0
55.614376,1,0,0,0,0,0,0,1,0
55.635022,0,1,1,0,0,0,0,0,0
55.649067,0,0,0,1,0,1,1,1,1
55.654852,0,0,0,0,1,0,0,1,0
55.669067,1,1,0,0,0,0,0,0,0
55.682665,0,1,1,0,1,0,0,0,0
55.698102,0,0,0,1,0,1,0,1,0
55.719843,0,1,0,0,0,0,1,0,0
55.732762,1,0,0,0,1,0,0,1,0
55.749534,0,0,0,1,0,1,1,0,1
55.751135,0,0,0,0,0,0,0,0,1
55.758341,0,1,0,0,0,0,0,0,0
55.763034,1,0,0,0,1,0,0,1,0
55.788667,0,1,1,0,0,0,0,0,0
55.791007,0,0,1,0,0,0,0,0,0
55.801202,0,0,0,1,0,1,1,0,1
55.815327,1,0,0,0,1,0,0,1,0
55.833273,0,0,1,0,0,0,0,0,0
55.839478,0,1,0,0,0,0,0,0,0
55.848459,0,0,0,1,0,1,1,0,0
55.864529,1,0,0,0,1,0,0,0,0
55.901066,0,0,0,1,0,1,0,1,1
55.931066,0,1,1,0,0,0,1,0,0
55.943538,1,0,0,0,0,0,0,0,0
55.951635,0,0,0,1,1,1,0,1,0
55.972901,0,1,0,0,0,0,0,0,0
55.987967,0,0,0,0,0,0,1,0,0
56.000400,1,0,0,1,1,1,1,0,1
56.016496,1,0,0,0,0,0,0,0,1
56.036233,0,0,1,0,1,0,0,0,1
56.046578,0,0,1,0,0,1,0,0,0
56.047169,0,0,0,0,0,0,0,1,0
56.050372,0,0,0,1,0,0,0,0,0
56.066355,0,0,1,0,0,0,1,0,1
56.067664,0,1,0,0,0,0,0,0,0
56.078639,1,0,0,0,0,0,0,1,0
56.100468,0,1,1,1,1,1,1,0,1
56.115864,1,0,0,0,1,0,0,1,0
56.139617,0,1,1,0,0,0,0,0,0
56.148868,0,0,0,1,0,1,0,1,0
56.173458,0,1,0,0,0,0,1,0,1
56.188204,1,0,0,0,1,0,0,0,0
56.196372,0,0,0,0,0,1,0,0,1
56.198589,0,0,0,1,0,0,0,0,0
56.210908,0,0,1,0,0,0,0,0,0
56.222841,0,0,0,0,0,0,1,1,0
56.230215,0,0,1,0,0,0,0,0,0
56.241128,1,0,0,0,0,0,0,0,0
56.250286,0,1,0,1,0,1,1,0,0
56.262162,1,0,0,0,0,0,0,0,1
56.266881,0,0,0,0,1,0,0,0,0
56.293247,0,0,1,0,1,0,0,0,0
56.298365,0,0,0,1,0,1,0,1,1
56.312808,0,0,0,0,0,0,1,1,0
56.326614,1,1,0,0,1,0,0,0,0
56.329801,0,0,1,0,0,0,0,1,0
56.338922,0,1,0,0,0,0,0,0,0
56.350999,0,1,0,1,0,1,1,0,1
56.365540,1,0,0,0,1,0,0,1,0
56.384398,0,0,1,0,0,0,0,0,0
56.387865,0,1,0,0,0,0,0,0,0
56.400328,0,0,0,1,0,1,0,0,0
56.450207,0,0,0,1,0,1,0,0,0
56.496498,0,0,0,0,0,1,1,0,0
56.500231,0,0,0,1,0,0,0,0,1
56.502406,0,0,0,0,0,0,1,0,1
56.511246,1,0,0,0,0,0,1,0,0
56.512241,0,0,0,0,0,0,0,0,1
56.519311,1,0,0,0,1,0,0,0,0
56.520260,0,0,0,0,1,0,0,1,0
56.530810,1,0,1,0,0,0,0,1,0
56.542155,0,1,1,0,1,0,0,0,0
56.551183,0,1,1,1,0,1,0,1,0
56.572466,0,1,0,0,0,0,0,0,1
56.599304,0,0,0,1,0,1,0,0,1
56.600682,0,0,0,0,0,0,1,0,0
56.601599,0,0,0,0,0,0,1,0,0
56.611866,1,0,1,0,1,0,0,0,0
56.616676,1,0,0,0,1,0,0,1,0
56.637158,0,1,1,0,0,0,0,0,0
56.646756,0,0,0,0,0,1,0,0,0
56.647426,0,0,0,0,0,0,0,0,1
56.647713,0,0,0,0,0,0,0,1,0
56.648181,0,0,0,1,0,0,0,0,0
56.667929,0,1,0,0,0,0,1,0,0
56.683966,1,0,1,0,1,0,0,1,0
56.700083,0,0,0,1,0,1,0,0,1
56.709034,0,1,0,0,0,0,1,0,0
56.721391,1,0,0,0,1,0,0,1,0
56.734504,0,0,1,0,0,0,0,0,0
56.749729,0,1,0,1,0,1,1,0,1
56.764852,1,0,0,0,0,0,0,0,0
56.772613,0,0,0,0,1,0,0,0,0
56.787544,0,0,1,0,0,0,0,1,0
56.799337,0,0,0,1,0,1,0,0,0
56.806506,0,0,0,0,0,0,0,0,1
56.806671,0,0,0,0,0,0,1,0,0
56.808186,0,1,0,0,0,0,0,0,0
56.820147,1,0,0,0,1,0,0,0,0
56.846405,0,0,1,0,0,1,0,1,0
56.848520,0,0,0,1,0,0,0,0,1
56.872281,0,1,0,0,0,0,0,0,0
56.885234,0,0,1,0,0,0,0,0,0
56.896576,0,0,0,0,0,1,1,0,1
56.898855,0,0,0,1,0,0,1,0,0
56.907836,1,0,0,0,0,0,0,0,0
56.908086,0,0,0,0,1,0,0,1,0
56.917660,1,0,0,0,1,0,0,1,0
56.934250,0,1,1,0,0,0,0,0,0
56.946242,0,1,0,0,0,1,0,0,1
56.949169,0,0,0,1,0,0,0,0,0
56.979851,0,0,1,0,0,0,0,0,0
56.996231,0,0,0,0,0,1,0,0,1
56.998254,0,0,0,1,0,0,0,0,0
57.023894,0,0,0,0,0,0,1,0,0
57.035025,1,0,1,0,1,0,1,1,0
57.046398,1,0,0,0,0,1,0,0,1
57.048237,0,0,0,1,1,0,1,1,0
57.055512,0,1,0,0,0,0,0,0,0
57.068237,1,1,0,0,1,0,0,0,0
57.074541,0,0,0,0,0,0,0,1,0
57.081061,0,0,1,0,0,0,0,0,0
57.096250,0,1,0,0,0,1,0,0,1
57.099649,0,0,0,1,0,0,0,0,0
57.130543,0,0,1,0,0,0,1,0,0
57.144395,1,0,0,0,1,0,0,0,0
57.150261,0,0,0,1,0,1,1,1,0
57.167964,1,0,0,0,0,0,0,0,0
57.177217,0,1,0,0,0,0,0,0,0
57.191983,0,0,0,0,1,0,0,0,1
57.200182,0,0,0,1,0,1,1,1,1
57.220182,1,1,0,0,1,0,0,0,0
57.221002,0,0,0,0,0,0,0,1,0
57.228976,0,0,1,0,0,0,0,0,0
57.231340,0,0,1,0,0,0,0,0,0
57.242930,0,1,0,0,0,0,0,0,0
57.251924,0,0,0,1,0,1,0,0,1
57.287977,0,0,1,0,0,0,1,0,0
57.297980,1,0,0,0,1,1,0,0,0
57.300160,0,0,0,1,0,0,0,0,0
57.342341,0,0,0,0,0,0,1,0,1
57.346050,0,0,0,0,0,1,0,0,1
57.351376,0,0,0,1,0,0,1,1,0
57.360275,1,0,0,0,0,0,0,0,0
57.361188,0,0,0,0,1,0,0,0,0
57.371376,1,1,0,0,1,0,0,1,0
57.371859,0,0,0,0,0,0,0,1,0
57.373668,0,0,1,0,0,0,0,0,0
57.377179,0,0,1,0,0,0,0,0,0
57.400454,0,1,0,1,0,1,1,0,0
57.401588,0,1,0,0,0,0,0,0,0
57.413710,1,0,0,0,1,0,0,1,0
57.424083,0,0,0,0,0,0,0,0,1
57.442923,0,1,0,0,0,0,0,0,0
57.448701,0,0,0,1,0,1,0,0,1
57.459947,0,0,1,0,0,0,0,0,0
57.482422,0,0,1,0,0,0,0,0,0
57.496878,0,0,0,0,0,1,0,0,1
57.497035,0,0,0,0,0,0,1,0,0
57.499796,0,0,0,1,0,0,0,0,0
57.511214,1,0,0,0,1,0,1,1,0
57.524472,1,0,0,0,1,0,0,0,0
57.525507,0,0,0,0,0,0,0,1,0
57.534448,0,1,1,0,0,0,0,0,0
57.546047,0,1,0,0,0,1,0,0,1
57.548759,0,0,0,1,0,0,1,0,0
57.560677,1,0,0,0,0,0,0,0,0
57.581699,0,0,1,0,1,0,0,0,0
57.599551,0,0,0,1,0,1,1,0,0
57.610288,1,0,0,0,1,0,0,0,0
57.651352,0,0,0,1,0,1,0,0,1
57.666871,0,0,0,0,0,0,1,1,1
57.686871,1,1,1,0,1,0,0,1,0
57.699625,0,0,1,1,0,1,1,0,1
57.711636,1,1,0,0,0,0,0,1,0
57.729831,0,0,1,0,1,0,0,1,0
57.741052,0,1,0,0,0,0,0,0,0
57.748531,0,0,0,1,0,1,0,0,0
57.749124,0,0,0,0,0,0,0,0,1
57.752979,0,1,0,0,0,0,0,0,0
57.779937,0,0,1,0,0,0,0,0,0
57.796758,0,0,0,0,0,1,1,0,1
57.800853,0,0,0,1,0,0,1,0,0
57.813101,1,0,0,0,1,0,0,0,0
57.816613,1,0,0,0,0,0,0,0,0
57.836730,0,0,1,0,1,0,0,1,0
57.848124,0,0,0,1,0,1,0,1,0
57.851299,0,0,0,0,0,0,0,0,1
57.866577,0,1,0,0,0,0,1,0,0
57.877735,1,1,0,0,0,0,0,0,0
57.879324,0,0,0,0,1,0,0,1,0
57.890634,0,0,1,0,0,0,0,0,0
57.898075,0,0,0,1,0,1,1,0,1
57.899351,0,1,0,0,0,0,0,0,0
57.910181,1,0,0,0,1,0,0,1,0
57.933623,0,1,1,0,0,0,0,0,0
57.949671,0,0,0,1,0,1,1,0,0
57.963632,1,0,0,0,0,0,0,0,1
57.994690,0,0,1,0,0,0,0,0,0
57.995690,0,0,0,0,1,0,0,1,0
57.996687,0,0,0,0,0,1,0,0,1
58.001650,0,0,0,1,0,0,1,0,0
58.018173,1,1,0,0,0,0,0,0,0
58.032937,0,0,1,0,0,0,0,0,0
58.042542,0,0,0,0,1,0,0,0,0
58.046145,0,0,0,0,0,1,0,1,0
58.047077,0,0,0,0,0,0,0,0,1
58.048667,0,0,0,1,0,0,0,0,0
58.075200,0,1,0,0,0,0,1,0,0
58.086426,1,0,1,0,1,0,0,1,0
58.096863,0,0,0,0,0,1,0,0,0
58.099429,0,0,0,1,0,0,1,0,1
58.113329,1,1,0,0,0,0,0,0,0
58.116214,0,0,0,0,1,0,0,1,0
58.129657,0,0,1,0,0,0,0,0,0
58.146088,0,1,0,0,0,1,0,0,0
58.149877,0,0,0,1,0,0,1,0,0
58.162884,1,0,0,0,0,0,0,0,1
58.198356,0,0,1,1,0,1,1,0,1
58.217097,1,0,0,0,1,0,0,1,0
58.234231,0,0,1,0,0,0,0,0,0
58.242273,0,1,0,0,0,0,0,0,0
58.249140,0,0,0,1,1,1,0,0,0
58.282903,0,0,0,0,0,0,0,0,1
58.287958,0,0,0,0,0,0,1,0,0
58.298663,1,0,0,1,1,1,0,1,0
58.320207,0,1,1,0,0,0,1,1,1
58.340207,1,1,0,0,0,0,0,0,0
58.343716,0,0,0,0,1,0,0,0,0
58.351940,0,0,1,1,0,1,1,0,1
58.362653,1,0,0,0,0,0,0,0,0
58.384251,0,0,1,0,1,0,0,0,0
58.396129,0,0,0,0,0,1,0,1,1
58.398986,0,0,0,1,0,0,1,0,0
58.413661,1,0,0,0,0,0,0,0,0
58.423282,0,1,0,0,0,0,0,1,0
58.424761,0,0,0,0,1,0,0,1,0
58.435584,0,0,1,0,0,0,0,0,0
58.443444,0,1,0,0,0,0,0,0,0
58.444800,0,1,0,0,0,0,0,0,0
58.451969,0,0,0,1,0,1,1,0,1
58.467177,1,0,0,0,1,0,0,0,0
58.485620,0,0,1,0,0,0,0,1,0
58.496524,0,0,0,0,0,1,0,0,0
58.498220,0,0,0,1,0,0,0,0,1
58.505959,0,1,0,0,0,0,1,0,0
58.525233,1,0,0,0,1,0,0,0,0
58.526461,0,0,0,0,0,0,0,1,0
58.529357,0,0,1,0,0,0,0,0,0
58.548798,0,1,0,1,0,1,0,0,0
58.596677,0,0,0,0,0,1,1,0,0
58.597545,0,0,0,0,0,0,0,0,1
58.601420,0,0,0,1,0,0,0,0,0
58.608247,1,0,0,0,1,0,1,1,1
58.628247,1,1,1,0,0,0,0,0,0
58.648055,0,0,1,1,1,1,0,1,0
58.666695,0,0,0,0,0,0,0,0,1
58.673236,0,1,0,0,0,0,0,0,0
58.698744,0,0,1,1,0,1,0,0,1
58.737163,0,0,1,0,0,0,0,0,0
58.746725,0,0,0,0,0,1,0,0,0
58.747678,0,0,0,0,0,0,1,0,0
58.750889,0,0,0,1,0,0,0,0,1
58.759722,1,0,0,0,1,0,1,1,0
58.762645,0,0,0,0,0,0,1,0,0
58.779722,1,1,0,0,1,0,0,1,0
58.780493,1,0,0,0,0,0,0,0,0
58.782944,0,0,1,0,1,0,0,1,0
58.796857,0,0,0,0,0,1,0,0,0
58.798258,0,0,0,1,0,0,1,0,1
58.808294,1,1,0,0,1,0,0,0,0
58.810542,0,1,0,0,0,0,0,0,0
58.837811,0,0,1,0,0,0,0,1,0
58.846330,0,0,0,0,0,1,0,0,0
58.851837,0,0,0,1,0,0,0,0,1
58.853518,0,0,0,0,0,0,1,0,0
58.860343,0,1,0,0,0,0,0,0,0
58.867718,1,0,0,0,1,0,0,1,0
58.890973,0,1,1,0,0,0,0,0,0
58.896154,0,0,0,0,0,1,0,0,1
58.898340,0,0,0,1,0,0,0,0,0
58.904503,0,0,0,0,0,0,1,0,0
58.918253,1,0,0,0,1,0,0,0,0
58.923791,0,0,0,0,0,0,0,1,0
58.936017,0,0,1,0,0,0,0,0,0
58.951288,0,1,0,1,0,1,0,0,1
58.983937,0,0,1,0,0,0,0,0,0
58.998809,0,0,0,1,0,1,0,0,1
59.006562,0,0,0,0,0,0,1,0,0
59.021146,1,0,0,0,1,0,1,1,0
59.033169,1,0,1,0,1,0,0,0,0
59.051042,0,1,0,1,0,1,0,0,0
59.096000,0,0,0,0,0,1,1,0,1
59.099718,0,0,0,1,0,0,0,0,0
59.112313,1,0,0,0,0,0,1,0,1
59.129142,1,0,1,0,0,0,0,1,0
59.151365,0,1,1,1,1,1,0,0,1
59.190714,0,0,1,0,0,0,0,1,0
59.201651,0,0,0,1,1,1,1,1,1
59.215145,1,1,0,0,1,0,0,0,0
59.231651,0,1,1,0,0,0,1,0,0
59.246731,1,0,0,0,1,1,0,1,1
59.248778,0,0,0,1,0,0,1,0,0
59.266814,1,1,0,0,0,0,0,0,0
59.282731,0,0,1,0,0,0,0,0,0
59.299383,0,0,0,1,1,1,0,1,0
59.326515,0,1,0,0,0,0,0,1,0
59.346738,0,1,0,0,0,1,1,0,0
59.349159,0,0,0,1,0,0,1,0,0
59.362858,1,0,0,0,1,0,0,0,0
59.365678,1,0,0,0,0,0,0,1,0
59.374867,0,0,0,0,0,0,0,0,1
59.377187,0,0,0,0,1,0,0,0,0
59.380720,0,0,0,0,0,0,0,1,0
59.382441,0,0,0,0,0,0,0,0,1
59.387087,0,1,0,0,0,0,0,0,0
59.401798,0,1,0,1,0,1,0,0,0
59.403513,0,0,0,0,0,0,1,0,1
59.414780,1,0,1,0,1,0,0,1,0
59.417555,0,0,1,0,0,0,0,0,0
59.437192,0,1,1,0,0,0,0,0,0
59.448547,0,0,0,1,0,1,0,0,0
59.500484,0,0,0,1,0,1,1,0,0
59.520394,1,0,0,0,1,0,0,0,0
59.540406,0,0,0,0,0,0,0,1,1
59.546841,0,0,0,0,0,1,0,0,1
59.549452,0,0,0,1,0,0,0,0,0
59.570406,0,1,1,0,0,0,0,0,1
59.582062,0,0,1,0,0,0,0,0,0
59.601374,0,0,1,1,0,1,0,0,0
59.646561,0,0,0,0,0,1,1,0,0
59.650000,0,0,0,1,0,0,1,0,0
59.651190,0,0,0,0,0,0,1,0,1
59.663240,1,0,0,0,0,0,1,0,1
59.667046,1,0,0,0,0,0,0,0,0
59.668774,1,0,0,0,0,0,0,0,0
59.675545,1,0,0,0,0,0,0,0,0
59.676779,0,0,0,0,1,0,0,1,0
59.687878,0,0,1,0,1,0,0,0,0
59.698206,0,1,1,1,1,1,1,1,1
59.718206,1,1,0,0,1,0,0,1,0
59.734288,0,0,1,0,1,0,0,1,0
59.748112,0,1,0,1,0,1,1,1,1
59.763869,1,1,0,0,1,0,0,0,0
59.778112,0,1,1,0,0,0,0,0,0
59.788063,0,0,0,0,0,0,0,1,0
59.796737,0,0,0,0,0,1,0,0,1
59.799467,0,0,0,1,0,0,1,0,0
59.816593,1,1,0,0,1,0,0,1,0
59.826750,0,0,1,0,0,0,0,0,0
59.846471,0,1,0,0,0,1,0,0,0
59.848707,0,0,0,1,0,0,1,0,0
59.860432,1,0,0,0,0,0,0,0,0
59.896394,0,0,0,0,1,1,0,0,1
59.897221,0,0,0,0,0,0,0,1,1
59.900353,0,0,0,1,0,0,0,0,0
59.902379,0,0,0,0,0,0,1,0,0
59.921836,1,1,0,0,1,0,0,1,0
59.928694,0,0,1,0,0,0,0,0,0
59.932760,0,0,1,0,0,0,0,0,0
59.946990,0,1,0,0,0,1,0,0,1
59.951622,0,0,0,1,0,0,1,0,0
59.968469,1,0,0,0,1,0,0,0,0
59.981041,0,0,1,0,0,0,0,0,0
59.996514,0,0,0,0,0,1,0,1,1
60.000602,0,0,0,1,0,0,1,0,0
60.017929,1,1,0,0,0,0,0,0,0
60.029061,0,0,1,0,0,0,0,0,0
60.051378,0,0,0,1,0,1,0,0,1
60.062847,0,0,0,0,1,0,0,1,0
60.081606,0,0,1,0,0,0,0,0,0
60.088426,0,1,0,0,0,0,1,0,0
60.098484,1,0,0,1,1,1,1,1,1
60.114309,1,0,0,0,1,0,0,1,0
60.128484,0,1,1,0,0,0,0,0,0
60.141290,0,1,0,0,0,0,0,0,0
60.146004,0,0,0,0,0,1,0,0,1
60.150352,0,0,0,1,0,0,1,0,0
60.160855,1,0,0,0,1,0,0,0,0
60.185031,0,0,1,0,0,0,0,1,0
60.200015,0,0,0,1,0,1,1,0,0
60.214712,1,1,0,0,1,0,0,1,1
60.244712,0,1,1,0,0,0,0,0,0
60.246806,0,0,0,0,0,1,0,0,0
60.247325,0,0,0,0,0,0,0,0,1
60.249330,0,0,0,1,0,0,0,0,0
60.282103,0,0,1,0,0,0,0,0,0
60.296153,0,0,0,0,0,1,1,0,0
60.297144,0,0,0,0,0,0,0,0,1
60.300094,0,0,0,1,0,0,1,0,0
60.306469,1,0,0,0,1,0,0,1,0
60.312983,1,0,0,0,1,0,0,1,0
60.327144,0,1,1,0,0,0,0,0,0
60.339824,0,1,0,0,0,0,0,0,0
60.346454,0,0,0,0,0,1,0,0,1
60.351609,0,0,0,1,0,0,0,0,0
60.372868,0,0,0,0,0,0,1,0,0
60.378567,0,0,1,0,0,0,0,0,0
60.388048,1,0,0,0,1,0,0,1,0
60.398795,0,0,0,1,0,1,0,0,1
60.410387,0,1,0,0,0,0,0,0,0
60.413556,0,0,0,0,0,0,1,0,0
60.425737,1,0,0,0,1,0,0,0,0
60.429640,0,0,1,0,0,0,0,0,0
60.451247,0,0,0,1,0,1,0,0,0
60.499224,0,0,0,1,0,1,0,1,1
60.503364,0,0,0,0,0,0,1,0,1
60.520766,1,1,0,0,1,0,1,0,0
60.531997,1,0,1,0,1,0,0,0,0
60.532876,0,0,0,0,0,0,0,1,0
60.533120,0,0,0,0,0,0,0,1,0
60.534195,0,0,1,0,0,0,0,0,0
60.546798,0,0,0,0,0,1,0,0,0
60.548505,0,0,0,1,0,0,0,0,0
60.560154,0,1,0,0,0,0,0,0,1
60.561458,0,1,0,0,0,0,0,0,0
60.596831,0,0,1,0,0,1,0,0,1
60.598660,0,0,0,1,0,0,1,0,0
60.612645,1,0,0,0,0,0,0,0,0
60.633815,0,0,1,0,0,0,0,0,0
60.651223,0,0,0,1,0,1,1,0,1
60.657370,0,0,0,0,1,0,0,0,0
60.664860,1,0,0,0,0,0,1,1,0
60.684860,1,1,1,0,1,0,0,0,0
60.698385,0,0,0,1,0,1,0,1,1
60.728385,0,1,1,0,1,0,1,1,0
60.748385,1,1,0,1,1,1,1,1,1
60.764289,1,0,0,0,1,0,0,1,0
60.778385,0,1,1,0,0,0,0,0,0
60.784792,0,1,0,0,0,0,0,0,0
60.800849,0,0,0,1,0,1,0,0,1
60.839689,0,0,1,0,0,0,1,0,0
60.849940,1,0,0,1,1,1,0,1,0
60.858654,0,0,0,0,0,0,0,0,1
60.870357,0,1,0,0,0,0,1,0,0
60.885241,1,0,0,0,1,0,0,1,0
60.889172,0,0,1,0,0,0,0,0,0
60.900769,0,0,0,1,0,1,1,0,0
60.913510,1,1,0,0,1,0,0,0,1
60.943841,0,0,1,0,0,0,0,1,0
60.946335,0,0,0,0,0,1,0,0,0
60.951639,0,0,0,1,0,0,1,0,0
60.961779,1,0,0,0,1,0,0,1,0
60.962797,0,0,0,0,0,0,0,0,1
60.966371,0,1,0,0,0,0,0,0,0
60.991393,0,1,0,0,0,0,0,0,0
60.996526,0,0,1,0,0,1,0,0,1
61.001182,0,0,0,1,0,0,1,0,0
61.016693,1,0,0,0,1,0,0,0,0
61.031217,0,0,1,0,0,0,0,0,0
61.049127,0,0,0,1,0,1,1,0,1
61.065325,1,0,0,0,0,0,0,1,0
61.069143,0,0,0,0,1,0,0,1,0
61.087265,0,1,1,0,0,0,0,0,0
61.091537,0,1,0,0,0,0,0,0,0
61.099099,0,0,0,1,0,1,0,0,0
61.106619,0,0,0,0,0,0,0,0,1
61.146565,0,0,1,0,0,1,0,0,1
61.151417,0,0,0,1,0,0,1,0,0
61.164089,1,0,0,0,0,0,0,0,0
61.185631,0,0,1,0,1,0,0,1,0
61.196969,0,0,0,0,0,1,0,0,0
61.201239,0,0,0,1,0,0,0,0,1
61.205978,0,1,0,0,0,0,1,0,0
61.225145,1,0,0,0,1,0,1,0,0
61.232734,0,0,1,0,0,0,0,1,0
61.237438,1,0,0,0,0,0,0,0,0
61.250500,0,0,0,1,0,1,0,0,0
61.251633,0,0,0,0,1,0,0,0,0
61.254682,0,1,0,0,0,0,0,0,0
61.299801,0,0,0,1,0,1,1,0,1
61.313919,1,0,0,0,1,0,1,1,0
61.333919,1,1,1,0,1,0,0,1,1
61.346064,0,0,0,0,0,1,0,0,0
61.347033,0,0,0,0,0,0,0,1,0
61.351332,0,0,0,1,0,0,0,0,0
61.356017,0,1,0,0,0,0,1,0,1
61.366027,1,0,1,0,1,0,0,0,0
61.375630,0,1,0,0,0,0,0,0,0
61.393920,0,0,1,0,0,0,0,1,0
61.396539,0,0,0,0,0,1,0,0,0
61.400853,0,0,0,1,0,0,1,0,1
61.411300,1,0,0,0,0,0,0,0,0
61.412616,0,0,0,0,1,0,0,0,0
61.419421,0,1,0,0,0,0,0,0,0
61.434041,0,0,1,0,0,0,0,1,0
61.446029,0,0,0,0,0,1,0,0,1
61.448181,0,0,0,1,0,0,1,0,0
61.461716,1,1,0,0,1,0,0,0,0
61.481596,0,0,1,0,0,0,0,0,0
61.496506,0,0,0,0,0,1,0,0,1
61.501940,0,0,0,1,0,0,0,1,0
61.515336,0,0,0,0,0,0,1,0,0
61.531415,1,1,1,0,1,0,0,0,0
61.546288,0,0,0,0,0,1,0,0,0
61.551838,0,0,0,1,0,0,0,0,0
61.596738,0,0,0,0,0,1,1,0,1
61.599797,0,0,0,1,0,0,0,0,0
61.605245,0,0,0,0,0,0,0,1,0
61.609278,1,0,0,0,1,0,1,1,0
61.624185,1,0,0,0,0,0,0,0,0
61.631605,0,1,1,0,0,0,0,0,0
61.638873,0,1,0,0,1,0,0,0,1
61.650809,0,0,0,1,0,1,0,1,0
61.662399,0,0,0,0,0,0,1,0,1
61.672649,1,1,1,0,1,0,0,0,0
61.696989,0,0,1,0,0,1,0,0,1
61.697278,0,0,0,0,0,0,0,1,0
61.699184,0,0,0,1,0,0,0,0,0
61.727163,0,1,1,0,0,0,0,0,0
61.751980,0,0,0,1,0,1,1,0,0
61.767234,1,0,0,0,1,0,0,1,1
61.797234,0,1,1,0,0,1,1,0,1
61.800410,0,0,0,1,0,0,1,0,0
61.811794,1,0,0,0,1,0,0,0,0
61.816499,1,0,0,0,1,0,0,1,0
61.832918,0,0,1,0,0,0,0,0,0
61.846258,0,1,0,0,0,1,0,1,0
61.849321,0,0,0,1,0,0,1,0,1
61.868272,1,1,0,0,1,0,0,0,0
61.885326,0,0,1,0,0,0,0,0,0
61.901597,0,0,0,1,0,1,0,1,0
61.911913,0,0,0,0,0,0,1,0,1
61.926013,1,1,0,0,1,0,0,1,0
61.946686,0,1,1,0,0,1,0,0,0
61.948818,0,0,0,1,0,0,0,0,0
61.996116,0,0,0,0,0,1,0,0,1
61.999365,0,0,0,1,0,0,0,0,0
62.000365,0,0,0,0,0,0,0,0,1
62.019587,0,0,0,0,0,0,1,0,0
62.027967,0,0,1,0,0,0,1,0,0
62.029617,1,0,0,0,1,0,0,1,0
62.038628,1,0,1,0,1,0,0,0,0
62.050791,0,1,0,1,0,1,1,0,0
62.064582,1,0,0,0,1,0,0,0,0
62.078168,0,0,0,0,0,0,0,1,1
62.098060,0,0,0,1,0,1,1,0,0
62.108096,1,1,0,0,1,0,0,1,1
62.111979,0,0,1,0,0,0,0,1,0
62.138096,0,1,1,0,0,0,0,0,0
62.139635,0,1,0,0,0,0,0,0,0
62.148733,0,0,0,1,0,1,1,0,1
62.163784,1,0,0,0,0,0,0,0,0
62.187245,0,0,1,0,1,0,0,1,0
62.198000,0,0,0,1,0,1,1,0,1
62.215186,1,1,0,0,1,0,0,1,0
62.237215,0,1,1,0,0,0,0,0,0
62.249600,0,0,0,1,0,1,1,0,1
62.266395,1,0,0,0,1,0,0,0,0
62.273931,0,0,0,0,0,0,0,1,0
62.283593,0,0,1,0,0,0,0,0,0
62.299210,0,1,0,1,0,1,0,0,1
62.338523,0,0,1,0,0,0,1,0,0
62.348564,1,0,0,1,1,1,1,0,0
62.363712,1,0,0,0,1,0,0,1,0
62.391602,0,1,0,0,0,0,0,1,1
62.400741,0,0,0,1,0,1,1,0,1
62.415701,1,1,0,0,0,0,0,0,0
62.422606,0,0,1,0,0,0,0,0,0
62.424741,0,0,0,0,1,0,0,0,0
62.431611,0,0,1,0,0,0,0,1,0
62.446659,0,0,0,0,0,1,0,0,1
62.450357,0,0,0,1,0,0,0,0,0
62.458167,0,1,0,0,0,0,1,0,0
62.472809,1,0,0,0,0,0,0,0,0
62.480728,0,0,1,0,0,0,0,0,0
62.500467,0,0,0,1,1,1,1,0,0
62.505528,0,0,0,0,0,0,0,1,1
62.512231,1,0,0,0,1,0,0,0,0
62.532008,0,1,0,0,0,0,0,0,0
62.533316,0,0,0,0,0,0,0,1,0
62.540445,0,0,1,0,0,0,0,0,0
62.548771,0,0,0,1,0,1,0,0,0
62.559008,0,1,0,0,0,0,1,0,1
62.572606,1,0,0,0,1,0,0,0,0
62.598775,0,0,1,1,0,1,1,1,1
62.611198,1,0,0,0,0,0,0,0,0
62.612378,0,0,0,0,1,0,0,1,0
62.628775,0,1,1,0,0,0,0,0,0
62.632680,0,1,0,0,0,0,0,0,0
62.650527,0,0,0,1,0,1,1,0,0
62.654003,0,0,0,0,0,0,0,0,1
62.664520,1,0,0,0,1,0,0,1,0
62.684003,0,0,1,0,0,0,0,0,0
62.692335,0,1,0,0,0,0,0,0,0
62.699734,0,0,0,1,0,1,1,0,1
62.712729,1,0,0,0,1,0,0,0,0
62.737856,0,0,1,0,0,0,0,0,0
62.748682,0,0,0,1,0,1,1,0,1
62.760211,1,0,0,0,0,0,0,0,0
62.780828,0,0,1,0,0,0,0,1,0
62.801792,0,1,0,1,0,1,0,0,0
62.846537,0,0,0,0,1,1,1,1,1
62.847381,0,0,0,0,0,0,0,0,1
62.850383,0,0,0,1,0,0,1,0,0
62.857589,1,0,0,0,1,0,0,1,0
62.868252,1,1,0,0,0,0,0,0,0
62.885142,0,1,1,0,0,0,0,0,0
62.887370,0,0,1,0,1,0,0,1,0
62.900284,0,0,0,1,0,1,1,0,0
62.916676,1,1,0,0,0,0,0,0,0
62.946189,0,0,0,0,1,1,0,1,0
62.951768,0,0,0,1,0,0,1,0,0
62.964615,1,0,0,0,1,0,0,1,1
62.968993,0,1,0,0,0,0,0,0,1
62.991847,0,1,0,0,0,0,0,0,0
63.001419,0,0,1,1,0,1,1,0,0
63.005154,0,0,1,0,0,0,0,0,0
63.014763,1,0,0,0,0,0,0,0,1
63.050839,0,0,1,1,1,1,1,1,0
63.062408,1,0,0,0,0,0,0,0,0
63.076104,0,1,0,0,0,0,0,0,0
63.096688,0,0,0,0,0,1,0,0,1
63.099980,0,0,0,1,1,0,1,1,0
63.108318,0,0,0,0,0,0,0,0,1
63.111001,1,0,0,0,0,0,0,0,0
63.125076,0,1,0,0,1,0,0,1,0
63.127016,0,0,1,0,0,0,0,0,0
63.148248,0,1,1,1,0,1,1,0,1
63.162278,1,0,0,0,1,0,0,0,0
63.173432,0,0,0,0,0,0,0,1,0
63.183012,0,0,1,0,0,0,0,0,0
63.201177,0,1,0,1,0,1,0,0,1
63.202933,0,0,0,0,0,0,1,0,0
63.216896,1,0,0,0,1,0,0,1,0
63.235733,0,0,1,0,0,0,0,0,0
63.246778,0,1,0,0,0,1,0,0,1
63.249935,0,0,0,1,0,0,0,0,0
63.281767,0,0,1,0,0,0,1,0,0
63.301278,1,0,0,1,1,1,0,0,0
63.350654,0,0,0,1,0,1,0,1,1
63.369467,0,0,0,0,0,0,1,0,0
63.379537,1,1,0,0,1,0,0,0,1
63.379857,0,0,0,0,0,0,1,0,0
63.390216,1,0,1,0,0,0,0,1,0
63.399279,0,0,0,1,1,1,0,0,0
63.416860,0,1,1,0,0,0,0,0,1
63.446980,0,0,1,0,0,1,0,1,1
63.447293,0,0,0,0,0,0,1,0,0
63.449970,0,0,0,1,0,0,0,0,0
63.458554,1,0,0,0,0,0,0,0,0
63.476980,0,1,1,0,1,0,1,0,0
63.490654,1,0,0,0,1,0,0,0,0
63.501321,0,0,0,1,0,1,0,1,0
63.529522,0,1,0,0,0,0,0,0,1
63.549045,0,0,0,1,0,1,1,0,0
63.559116,1,0,0,0,1,0,1,0,1
63.569333,1,0,1,0,0,0,0,1,0
63.598775,0,1,1,1,1,1,1,0,0
63.605941,0,0,0,0,0,0,0,1,1
63.617090,1,0,0,0,0,0,0,1,0
63.631396,0,1,0,0,1,0,0,0,0
63.635944,0,0,1,0,0,0,0,0,0
63.646876,0,1,0,0,0,1,0,0,1
63.649584,0,0,0,1,0,0,1,0,0
63.667463,1,0,0,0,1,0,0,1,0
63.673627,0,0,0,0,0,0,0,1,0
63.679236,0,0,1,0,0,0,0,0,0
63.697382,0,1,0,0,0,1,0,0,0
63.700951,0,1,0,1,0,0,1,0,1
63.720622,1,0,0,0,1,0,0,0,0
63.735651,0,0,1,0,0,0,0,1,0
63.750800,0,0,0,1,0,1,0,0,0
63.758667,0,1,0,0,0,0,1,0,0
63.769995,1,0,0,0,1,0,0,0,1
63.796165,0,0,0,0,0,1,0,0,0
63.798499,0,0,0,1,0,0,0,1,0
63.801151,0,0,1,0,0,0,0,0,0
63.803546,0,0,0,0,0,0,0,0,1
63.827184,0,1,0,0,0,0,0,0,0
63.842059,0,0,1,0,0,0,1,0,0
63.848569,0,0,0,1,0,1,0,0,0
63.850208,0,0,0,0,0,0,0,0,1
63.854925,1,0,0,0,0,0,0,0,0
63.888974,0,0,1,0,1,0,0,1,0
63.896080,0,0,0,0,0,1,0,0,0
63.897032,0,0,0,0,0,0,0,0,1
63.897516,0,0,0,0,0,0,1,0,0
63.900114,0,0,0,1,0,0,1,0,0
63.909424,1,1,0,0,1,0,0,0,0
63.918114,1,0,0,0,0,0,0,1,0
63.919534,0,0,0,0,1,0,0,0,0
63.923158,0,0,0,0,0,0,0,1,0
63.935918,0,0,1,0,0,0,0,0,0
63.948031,0,1,0,1,0,1,0,0,1
63.950729,0,1,0,0,0,0,1,0,0
63.964438,1,0,0,0,1,0,0,1,0
63.983225,0,0,1,0,0,0,0,0,0
63.992409,0,1,0,0,0,0,0,0,0
63.999915,0,0,0,1,0,1,0,0,1
64.032372,0,0,1,0,0,0,0,0,0
64.046982,0,0,0,0,0,1,1,0,0
64.051978,0,0,0,1,0,0,1,0,0
64.053420,0,0,0,0,0,0,0,0,1
64.062737,1,0,0,0,1,0,0,0,0
64.069093,1,0,0,0,1,0,0,0,0
64.079294,0,0,0,0,0,0,0,1,0
64.085903,0,0,1,0,0,0,0,1,0
64.098133,0,0,0,1,0,1,0,0,0
64.101561,0,1,0,0,0,0,1,0,0
64.114941,1,1,0,0,0,0,0,0,0
64.150304,0,0,0,1,0,1,1,0,1
64.151838,0,0,0,0,1,0,0,1,0
64.163541,1,0,0,0,1,0,0,0,1
64.164911,0,0,0,0,0,0,0,1,0
64.181637,0,1,1,0,0,0,0,0,0
64.186946,0,1,0,0,0,0,0,0,0
64.201568,0,0,1,1,0,1,1,0,1
64.216688,1,0,0,0,0,0,0,0,0
64.220233,0,0,0,0,1,0,0,1,0
64.240688,0,1,1,0,0,0,0,0,0
64.249583,0,0,0,1,0,1,0,0,0
64.298712,0,0,0,1,0,1,1,0,1
64.308912,1,0,0,0,0,0,0,0,0
64.329950,0,0,1,0,0,0,1,0,0
64.349789,1,0,0,1,1,1,1,1,0
64.365875,1,0,0,0,1,0,0,0,0
64.367675,0,0,0,0,1,0,0,0,0
64.368720,0,0,0,0,0,0,0,0,1
64.378953,0,1,0,0,0,0,0,0,1
64.401462,0,0,1,1,0,1,1,1,1
64.409044,0,0,1,0,0,0,0,1,0
64.414185,1,0,0,0,1,0,0,0,0
64.423907,0,1,0,0,0,0,0,1,0
64.438361,0,1,1,0,0,0,0,0,0
64.446056,0,1,0,0,0,1,0,0,1
64.451737,0,0,0,1,0,0,1,0,0
64.467058,1,0,0,0,0,0,0,0,0
64.480056,0,0,1,0,1,0,0,0,0
64.494004,0,0,0,0,0,0,0,1,0
64.500657,0,0,0,1,0,1,1,0,0
64.516302,1,1,0,0,1,0,0,1,0
64.525330,0,0,0,0,0,0,0,0,1
64.537765,0,1,0,0,0,0,0,0,0
64.546654,0,0,0,0,0,1,0,0,0
64.551280,0,0,0,1,0,0,0,0,0
64.561449,0,0,1,0,0,0,0,0,1
64.599166,0,0,1,1,0,1,0,0,0
64.649677,0,0,0,1,0,1,1,0,1
64.660513,1,0,0,0,1,0,1,1,0
64.680513,1,1,1,0,1,0,0,1,1
64.696520,0,0,0,0,0,1,1,0,0
64.701421,0,1,0,1,0,0,1,0,1
64.713356,1,0,1,0,1,0,0,1,0
64.721061,1,0,0,0,0,0,0,0,0
64.732354,0,0,1,0,1,0,0,0,0
64.741241,0,1,0,0,0,0,0,1,0
64.746581,0,0,0,0,0,1,0,0,0
64.747263,0,0,0,0,0,0,0,0,1
64.749997,0,0,0,1,0,0,0,0,0
64.764269,0,1,0,0,0,0,1,0,0
64.776105,1,0,0,0,1,0,0,0,0
64.785715,0,0,1,0,0,0,0,1,0
64.798653,0,0,0,1,0,1,1,0,0
64.810223,1,1,0,0,0,0,0,0,0
64.849476,0,0,0,1,1,1,0,1,0
64.852553,0,0,0,0,0,0,1,0,0
64.869996,1,1,0,0,0,0,0,0,0
64.901386,0,0,0,1,1,1,0,1,0
64.912031,0,0,0,0,0,0,1,0,0
64.930189,1,1,0,0,1,0,0,0,0
64.946316,0,0,0,0,0,1,0,0,0
64.947106,0,0,0,0,0,0,0,1,0
64.949175,0,0,0,1,0,0,1,0,1
64.969044,1,1,0,0,1,0,0,0,0
64.971162,0,0,0,0,0,0,0,1,0
64.979983,0,0,1,0,0,0,0,0,1
64.993003,0,1,0,0,0,0,0,0,1
64.996246,0,0,0,0,0,1,0,0,0
65.000115,0,0,0,1,0,0,0,0,1
65.012136,0,0,1,0,0,0,1,0,0
65.022265,1,0,0,0,1,0,0,0,0
65.022634,0,0,0,0,0,0,0,0,1
65.031304,0,0,1,0,0,0,0,0,0
65.037712,0,0,1,0,0,0,0,1,0
65.048974,0,0,0,1,0,1,0,0,1
65.056074,0,0,1,0,0,0,0,0,0
65.061933,0,1,0,0,0,0,1,0,0
65.075228,1,0,0,0,1,0,0,1,0
65.086011,0,0,1,0,0,0,0,0,0
65.098093,0,1,0,1,0,1,1,0,0
65.117415,1,0,0,0,1,0,0,1,1
65.147415,0,1,1,0,0,1,0,0,1
65.151924,0,0,0,1,0,0,1,0,0
65.164182,1,0,0,0,1,0,0,1,0
65.187106,0,1,1,0,0,0,0,0,0
65.198382,0,0,0,1,0,1,1,0,0
65.217198,1,0,0,0,1,0,0,1,1
65.246027,0,1,0,0,0,1,0,0,1
65.251505,0,0,1,1,0,0,0,0,0
65.280210,0,0,1,0,0,0,1,0,0
65.296861,1,0,0,0,1,1,0,1,1
65.299195,0,0,0,1,0,0,0,0,0
65.326861,0,1,1,0,0,0,0,0,0
65.346161,0,0,0,0,0,1,1,0,1
65.348004,0,0,0,1,0,0,1,0,0
65.365467,1,0,0,0,1,0,0,1,0
65.366832,1,0,0,0,1,0,0,0,0
65.385614,0,1,1,0,0,0,0,0,0
65.400759,0,0,0,1,0,1,0,0,0
65.441397,0,0,0,0,0,0,1,1,1
65.448179,0,0,0,1,0,1,1,0,0
65.458626,1,0,0,0,1,0,0,0,1
65.459806,1,0,0,0,1,0,0,0,0
65.471397,0,1,1,0,0,0,0,0,0
65.498104,0,0,1,1,0,1,1,1,0
65.518104,1,1,0,0,1,0,0,0,0
65.546022,0,0,0,0,0,1,0,0,0
65.547011,0,0,0,0,0,0,0,1,0
65.547506,0,0,0,0,0,0,0,0,1
65.549070,0,0,0,1,0,0,1,1,1
65.567062,1,1,0,0,1,0,0,1,0
65.578132,0,1,1,0,0,0,0,0,0
65.584140,0,0,1,0,0,0,0,0,0
65.596678,0,1,0,0,0,1,0,0,1
65.599361,0,0,0,1,0,0,0,0,0
65.609604,0,0,0,0,0,0,1,0,0
65.628443,1,0,1,0,1,0,0,1,0
65.649495,0,1,0,1,0,1,1,0,0
65.652884,0,0,0,0,0,0,0,0,1
65.668050,1,0,0,0,0,0,0,0,0
65.687533,0,0,1,0,1,0,0,1,0
65.701240,0,0,0,1,0,1,0,0,0
65.703976,0,0,0,0,0,0,1,0,1
65.713976,1,1,0,0,0,0,0,0,0
65.715301,0,0,0,0,1,0,0,1,0
65.734030,0,0,1,0,0,0,0,0,0
65.738409,0,1,0,0,0,0,0,0,0
65.746957,0,0,0,0,0,1,0,0,1
65.748546,0,0,0,1,0,0,1,0,0
65.765717,1,0,0,0,1,0,0,0,0
65.775869,0,0,0,0,0,0,0,1,0
65.778522,0,0,1,0,0,0,0,0,0
65.799860,0,1,0,1,0,1,1,0,1
65.815869,1,0,0,0,0,0,0,0,0
65.825300,0,0,0,0,1,0,0,0,0
65.827035,0,0,0,0,0,0,0,1,0
65.836526,0,0,1,0,0,0,0,0,0
65.847434,0,1,0,0,0,1,0,0,0
65.851343,0,0,0,1,0,0,1,0,1
65.868821,1,0,0,0,0,0,0,0,0
65.872806,0,0,0,0,1,0,0,0,0
65.877456,0,0,0,0,0,0,0,1,0
65.887688,0,0,1,0,0,0,0,0,0
65.901923,0,1,0,1,0,1,0,0,1
65.904216,0,0,0,0,0,0,1,0,0
65.915466,1,0,0,0,1,0,0,0,0
65.932674,0,0,1,0,0,0,0,1,0
65.951452,0,0,0,1,0,1,1,0,1
65.955618,0,1,0,0,0,0,0,0,0
65.968081,1,0,0,0,1,0,0,1,0
65.988710,0,1,1,0,0,0,0,0,0
65.999551,0,0,0,1,0,1,0,0,0
66.019919,0,0,0,0,0,0,0,0,1
66.050989,0,0,1,1,0,1,0,0,1
66.079677,0,0,0,0,0,0,1,0,0
66.086516,0,0,1,0,0,0,0,0,0
66.096245,1,0,0,0,1,1,1,0,1
66.099765,0,0,0,1,0,0,1,1,0
66.109016,1,0,0,0,0,0,0,0,0
66.109390,0,0,0,0,1,0,0,1,0
66.112325,1,0,0,0,1,0,0,0,0
66.117412,0,0,0,0,0,0,0,1,0
66.123061,0,1,0,0,0,0,0,0,0
66.127930,0,0,1,0,0,0,0,0,0
66.135268,0,1,0,0,0,0,0,0,0
66.146810,0,1,0,0,0,1,0,0,0
66.151167,0,0,0,1,0,0,1,0,1
66.166631,1,0,0,0,0,0,0,0,0
66.186917,0,0,1,0,0,0,0,0,0
66.198617,0,0,0,1,0,1,1,0,1
66.214466,1,0,0,0,0,0,0,0,0
66.228617,0,0,1,0,0,0,0,0,0
66.249306,0,0,0,1,1,1,1,1,1
66.260264,1,0,0,0,1,0,0,0,0
66.270945,0,1,0,0,1,0,0,0,0
66.287220,0,0,1,0,0,0,0,0,0
66.296445,0,0,0,0,0,1,0,0,1
66.301666,0,0,0,1,0,0,1,0,0
66.305763,0,0,0,0,0,0,0,1,0
66.317231,1,0,0,0,0,0,0,1,0
66.319711,0,0,0,0,1,0,0,0,0
66.330958,0,1,1,0,0,0,0,1,0
66.344598,0,1,0,0,0,0,0,0,0
66.348140,0,0,0,1,0,1,1,0,0
66.360383,1,1,0,0,0,0,0,0,0
66.399508,0,0,0,1,1,1,0,0,0
66.441104,0,0,0,0,0,0,1,1,1
66.451713,1,0,0,1,0,1,0,0,1
66.462591,0,1,0,0,1,0,0,0,0
66.471810,0,0,1,0,0,0,1,1,1
66.484219,1,0,1,0,1,0,0,1,0
66.496712,0,1,0,0,0,1,0,0,0
66.497692,0,0,0,0,0,0,0,0,1
66.500500,0,0,0,1,0,0,1,0,0
66.502876,0,0,1,0,0,0,0,0,0
66.513565,1,1,0,0,1,0,0,1,0
66.530215,0,0,1,0,0,0,0,0,0
66.539438,0,1,0,0,0,0,0,0,0
66.551669,0,0,0,1,0,1,1,0,1
66.569346,1,0,0,0,1,0,0,1,0
66.585484,0,0,1,0,0,0,0,0,0
66.596974,0,1,0,0,0,1,0,0,0
66.600101,0,0,0,1,0,0,1,0,1
66.617445,1,0,0,0,0,0,0,0,0
66.632659,0,0,1,0,1,0,0,1,0
66.651533,0,0,0,1,0,1,1,0,1
66.662465,1,1,0,0,1,0,0,0,0
66.683810,0,0,1,0,0,0,0,1,0
66.696979,0,0,0,0,0,1,0,0,1
66.698782,0,0,0,1,0,0,0,0,0
66.699822,0,0,0,0,0,0,1,0,0
66.713338,1,1,0,0,0,0,0,0,0
66.725772,0,0,0,0,1,0,0,0,0
66.734475,0,0,1,0,0,0,0,0,0
66.750757,0,0,0,1,0,1,0,1,0
66.754703,0,0,0,0,0,0,0,0,1
66.758618,0,0,0,0,0,0,1,0,0
66.769304,1,0,0,0,1,0,0,0,0
66.776237,0,1,0,0,0,0,0,1,0
66.785777,0,0,1,0,0,0,0,0,0
66.800572,0,1,0,1,0,1,1,0,1
66.811035,1,0,0,0,1,0,0,1,0
66.830734,0,0,1,0,0,0,0,0,0
66.834190,0,1,0,0,0,0,0,0,0
66.850798,0,0,0,1,0,1,1,0,0
66.859105,0,0,0,0,0,0,0,0,1
66.866892,1,0,0,0,1,0,0,0,0
66.899077,0,0,1,1,0,1,0,0,1
66.929988,0,0,1,0,0,0,1,1,0
66.949988,1,1,0,1,1,1,1,1,1
66.969988,1,1,0,0,1,0,0,1,0
66.985942,0,0,1,0,0,0,0,0,0
66.998982,0,1,0,1,0,1,0,0,0
67.050073,0,0,0,1,0,1,0,0,1
67.087864,0,0,1,0,0,0,1,0,0
67.096643,0,0,0,0,0,1,1,0,0
67.100377,1,0,0,1,0,0,1,0,0
67.116535,1,0,0,0,1,0,0,0,0
67.118824,1,0,0,0,1,0,0,1,1
67.133238,0,0,0,0,0,0,0,0,1
67.148824,0,1,1,1,1,1,1,1,0
67.168824,1,1,1,0,1,0,0,0,1
67.198068,0,0,0,1,0,1,1,0,0
67.208767,1,0,1,0,1,0,0,0,1
67.248241,0,0,1,1,0,1,1,1,1
67.265820,1,0,0,0,1,0,0,1,0
67.276100,0,1,0,0,0,0,0,0,0
67.287030,0,1,1,0,0,0,0,1,0
67.294343,0,0,0,0,0,0,0,1,0
67.296649,0,0,0,0,0,1,0,0,1
67.301884,0,0,0,1,0,0,0,0,0
67.316300,0,1,0,0,0,0,0,0,0
67.318485,0,1,0,0,0,0,1,0,0
67.328539,1,0,1,0,1,0,0,1,0
67.348059,0,0,0,1,0,1,1,0,1
67.358273,1,1,0,0,0,0,0,0,0
67.380675,0,0,1,0,1,0,0,0,0
67.396980,0,0,0,0,0,1,0,0,1
67.399650,0,0,0,1,0,0,1,0,0
67.410468,1,0,0,0,1,0,0,0,0
67.435556,0,0,1,0,0,0,0,0,0
67.449229,0,0,0,1,0,1,1,0,0
67.451895,0,0,0,0,0,0,0,1,0
67.467411,1,0,0,0,0,0,0,0,0
67.471906,0,1,0,0,0,0,0,1,0
67.492132,0,1,0,0,1,0,0,0,0
67.496812,0,0,0,0,0,1,0,0,1
67.499143,0,0,0,1,0,0,0,0,0
67.534598,0,0,1,0,0,0,1,1,0
67.550414,1,0,0,1,0,1,1,0,1
67.561901,1,1,0,0,1,0,0,1,1
67.580867,0,0,1,0,0,0,0,0,0
67.591901,0,1,1,0,1,0,0,1,0
67.599884,0,0,0,1,0,1,1,0,0
67.617770,1,1,0,0,1,0,0,0,1
67.649218,0,0,1,1,0,1,1,0,1
67.663066,1,0,0,0,0,0,0,0,0
67.679314,0,0,1,0,1,0,0,1,0
67.699953,0,1,0,1,0,1,0,1,0
67.725426,0,1,0,0,0,0,1,0,0
67.741110,1,0,0,0,0,0,0,0,1
67.751016,0,0,0,1,1,1,1,0,1
67.761016,1,0,0,0,0,0,0,0,0
67.762896,0,0,0,0,1,0,0,1,0
67.775739,0,0,1,0,0,0,0,0,0
67.788614,0,1,1,0,0,0,0,0,0
67.799394,0,0,0,1,0,1,1,1,0
67.819394,1,1,0,0,1,0,0,1,1
67.846755,0,1,0,0,0,1,0,0,1
67.850171,0,0,1,1,0,0,0,0,0
67.878154,0,0,1,0,0,0,1,0,0
67.898126,1,0,0,1,1,1,0,0,0
67.950440,0,0,0,1,0,1,0,0,1
67.989640,0,0,1,0,0,0,1,0,0
68.001716,1,0,0,1,1,1,1,1,0
68.021716,1,1,0,0,0,0,1,1,1
68.041716,1,1,0,0,1,0,0,0,0
68.048818,0,0,0,1,0,1,1,1,1
68.059993,1,0,1,0,1,0,0,1,0
68.078818,0,1,1,0,0,0,0,0,1
68.079553,0,0,0,0,1,0,0,1,0
68.086739,0,1,0,0,0,0,0,0,0
68.096831,0,0,0,0,0,1,0,0,0
68.098418,0,0,0,1,0,0,0,0,1
68.108881,0,1,1,0,0,0,1,0,0
68.128722,1,0,1,0,0,0,0,0,0
68.148903,0,0,0,1,0,1,1,0,0
68.161271,1,0,0,0,1,0,0,0,0
68.196209,0,0,0,0,1,1,0,1,1
68.199641,0,0,0,1,0,0,1,1,0
68.213595,1,0,0,0,0,0,0,0,1
68.215203,0,0,0,0,1,0,0,1,0
68.216287,0,1,0,0,0,0,0,0,0
68.223438,0,1,0,0,0,0,0,0,0
68.235612,0,1,1,0,0,0,0,0,0
68.246902,0,0,1,0,0,1,0,0,0
68.249365,0,0,0,1,0,0,1,0,0
68.253961,0,0,0,0,0,0,0,0,1
68.261806,1,0,0,0,1,0,0,0,0
68.290379,0,0,1,0,0,0,0,1,0
68.300712,0,0,0,1,0,1,1,0,0
68.310516,0,1,0,0,0,0,0,0,1
68.319198,1,0,0,0,1,0,0,0,0
68.328140,0,0,0,0,0,0,0,1,0
68.344522,0,0,1,0,0,0,0,0,0
68.348007,0,0,0,1,0,1,0,0,0
68.354485,0,1,0,0,0,0,1,0,0
68.371997,1,0,0,0,0,0,0,0,1
68.398300,0,0,0,1,0,1,0,0,1
68.409961,0,0,1,0,1,0,1,0,0
68.421102,1,0,0,0,0,0,0,0,0
68.435259,0,0,1,0,0,0,0,0,0
68.449416,0,0,0,1,0,1,1,1,1
68.454004,0,0,0,0,1,0,0,0,0
68.466036,1,0,0,0,0,0,0,1,0
68.467833,0,0,0,0,1,0,0,1,0
68.477766,0,1,0,0,0,0,0,0,0
68.483844,0,0,1,0,0,0,0,0,0
68.496028,0,1,0,0,0,1,0,0,0
68.497742,0,1,0,0,0,0,0,0,0
68.498826,0,0,0,1,0,0,1,0,0
68.517636,1,0,0,0,1,0,0,1,0
68.542919,0,1,0,0,0,0,0,0,0
68.544035,0,0,0,0,0,0,0,0,1
68.550551,0,0,0,1,0,1,0,0,0
68.578650,0,0,1,0,0,0,0,0,1
68.596250,0,0,0,0,0,1,0,0,1
68.601573,0,0,0,1,0,0,0,0,0
68.617173,0,0,1,0,0,0,1,0,0
68.618709,0,0,0,0,0,0,1,0,0
68.632174,1,0,1,0,0,0,0,0,0
68.637751,1,0,0,0,0,0,0,0,0
68.651432,0,0,0,1,1,1,1,0,1
68.654355,0,0,0,0,0,0,0,1,0
68.666840,1,0,0,0,1,0,0,0,0
68.684028,0,1,1,0,1,0,0,0,0
68.696284,0,0,0,0,0,1,0,1,0
68.701202,0,0,0,1,0,0,1,0,1
68.717894,1,1,0,0,1,0,0,0,0
68.725152,0,0,0,0,0,0,0,1,0
68.734101,0,0,1,0,0,0,0,1,0
68.746131,0,1,0,0,0,1,0,0,1
68.749297,0,0,0,1,0,0,0,0,0
68.755919,0,1,0,0,0,0,1,0,0
68.774434,1,0,0,0,1,0,0,1,0
68.784513,0,0,1,0,0,0,0,0,0
68.796763,0,1,0,0,0,1,0,0,1
68.800207,0,0,0,1,0,0,1,0,0
68.816168,1,0,0,0,1,0,0,1,0
68.836442,0,1,1,0,0,0,0,0,0
68.848326,0,0,0,1,0,1,0,0,0
68.896412,0,0,0,0,0,1,1,0,1
68.899071,0,0,0,1,0,0,0,0,0
68.911640,1,0,0,0,1,0,0,0,0
68.923286,0,0,0,0,0,0,1,0,1
68.931225,0,0,1,0,0,0,0,0,0
68.942491,1,0,0,0,1,0,0,1,0
68.950128,0,0,0,1,0,1,0,1,1
68.963285,0,1,1,0,0,0,0,0,0
68.978296,0,1,0,0,0,0,1,0,0
68.989603,1,0,1,0,1,0,0,0,0
69.000034,0,0,0,1,0,1,0,0,1
69.038959,0,0,1,0,0,0,0,1,0
69.048872,0,0,0,1,0,1,1,0,1
69.058888,1,0,0,0,1,0,1,0,0
69.061613,0,1,0,0,0,0,0,0,0
69.078875,1,0,1,0,0,0,0,1,0
69.098076,0,0,0,1,0,1,1,0,1
69.102163,0,1,0,0,1,0,0,0,0
69.110588,1,0,0,0,1,0,0,1,0
69.128497,0,0,1,0,0,0,0,1,0
69.132630,0,1,0,0,0,0,0,0,0
69.150309,0,1,0,1,0,1,1,0,1
69.169328,1,0,0,0,0,0,0,0,0
69.179062,0,0,0,0,1,0,0,1,0
69.189159,0,0,1,0,0,0,0,0,0
69.196389,0,0,0,0,0,1,0,0,0
69.200726,0,1,0,1,0,0,1,0,0
69.214067,1,0,0,0,1,0,0,1,0
69.231333,0,0,0,0,0,0,0,0,1
69.240420,0,1,0,0,0,0,0,0,0
69.248414,0,0,0,1,0,1,1,0,1
69.259693,1,0,0,0,0,0,0,0,0
69.268814,0,0,1,0,1,0,0,0,0
69.282038,0,0,1,0,0,0,0,0,0
69.299440,0,0,0,1,0,1,0,0,1
69.330263,0,0,1,0,0,0,0,0,0
69.348670,0,0,0,1,0,1,1,0,1
69.356004,0,0,0,0,0,0,1,1,0
69.365604,1,0,0,0,1,0,0,0,0
69.373504,1,0,0,0,0,0,0,0,0
69.374709,0,0,0,0,1,0,0,0,0
69.378860,0,1,1,0,0,0,0,0,0
69.401372,0,0,0,1,0,1,1,0,1
69.403348,0,0,0,0,0,0,0,1,0
69.417982,1,0,0,0,1,0,0,0,0
69.424940,0,1,0,0,0,0,0,1,0
69.439011,0,0,1,0,0,0,0,1,0
69.444945,0,1,0,0,0,0,0,0,0
69.448541,0,0,0,1,0,1,1,0,1
69.458632,1,0,0,0,1,0,0,0,0
69.458822,0,0,0,0,0,0,0,1,0
69.464743,0,1,0,0,0,0,0,0,0
69.478612,0,0,1,0,0,0,0,0,0
69.486907,0,1,0,0,0,0,0,0,0
69.498276,0,0,0,1,0,1,1,0,0
69.513471,1,0,0,0,1,0,0,1,1
69.543471,0,1,1,0,0,0,0,0,0
69.551507,0,0,0,1,0,1,1,0,0
69.567594,1,0,0,0,1,0,0,1,0
69.589755,0,1,0,0,0,0,0,0,1
69.601895,0,0,0,1,0,1,1,0,1
69.621437,1,0,1,0,0,0,0,0,0
69.638782,0,0,1,0,1,0,0,1,0
69.650933,0,0,0,1,0,1,1,0,0
69.652716,0,0,0,0,0,0,0,0,1
69.659697,0,1,0,0,0,0,0,0,0
69.667022,1,0,0,0,1,0,0,0,0
69.692190,0,0,1,0,0,0,0,0,0
69.694082,0,0,0,0,0,0,0,1,0
69.700293,0,0,0,1,0,1,1,0,1
69.718925,1,1,0,0,0,0,0,0,0
69.732948,0,0,1,0,1,0,0,0,0
69.746017,0,0,0,0,0,1,0,1,1
69.749203,0,0,0,1,0,0,0,0,0
69.750602,0,0,0,0,0,0,1,0,0
69.767214,1,1,0,0,0,0,0,0,0
69.779764,0,0,1,0,1,0,0,1,0
69.798370,0,0,0,1,0,1,1,0,0
69.808620,1,1,0,0,1,0,0,0,1
69.846189,0,0,1,0,0,1,0,1,0
69.850924,0,0,0,1,0,0,1,0,0
69.866545,1,1,0,0,1,0,0,1,0
69.896183,0,1,0,0,0,1,0,0,0
69.899455,0,0,0,1,0,0,1,0,0
69.912553,1,0,0,0,0,0,0,0,1
69.950334,0,0,1,1,0,1,1,0,0
69.953787,0,0,0,0,1,0,0,1,0
69.969731,1,0,0,0,1,0,0,1,0
69.972680,0,0,0,0,0,0,0,0,1
69.973518,0,0,0,0,0,0,0,0,1
69.981544,0,1,0,0,0,0,0,0,0
69.998121,0,1,0,1,0,1,0,0,0
70.000508,0,0,0,0,0,0,1,0,1
70.012352,1,0,1,0,1,0,0,1,0
70.013417,0,0,1,0,0,0,0,0,0
70.038312,0,1,1,0,0,0,0,0,0
70.049263,0,0,0,1,0,1,1,0,1
70.064715,1,0,0,0,1,0,0,0,0
70.079653,0,0,1,0,0,0,0,1,0
70.096128,0,0,0,0,0,1,0,0,0
70.101169,0,1,0,1,0,0,0,0,1
70.132940,0,0,1,0,0,0,0,0,0
70.150608,0,0,0,1,0,1,1,0,0
70.168339,1,0,0,0,1,0,0,1,0
70.178928,0,0,0,0,0,0,1,0,0
70.198111,1,1,0,1,1,1,1,0,1
70.210622,1,0,0,0,1,0,0,0,0
70.213074,0,0,0,0,0,0,0,1,1
70.233719,0,1,1,0,0,0,0,1,0
70.250744,0,0,1,1,0,1,1,0,0
70.262576,1,1,0,0,0,0,0,0,0
70.299926,0,0,0,1,1,1,0,1,0
70.304081,0,0,0,0,0,0,1,0,1
70.321675,1,1,0,0,1,0,0,0,1
70.325894,0,0,0,0,0,0,0,1,0
70.340961,0,0,1,0,0,0,0,0,0
70.348591,0,1,0,1,0,1,1,0,0
70.361087,1,0,1,0,1,0,0,0,1
70.399290,0,0,1,1,0,1,0,0,0
70.450032,0,0,0,1,0,1,1,0,1
70.464300,1,0,0,0,1,0,1,1,1
70.478432,1,0,0,0,0,0,0,0,0
70.486548,0,1,1,0,1,0,0,1,0
70.498328,0,0,1,1,0,1,0,1,0
70.500858,0,0,0,0,0,0,0,0,1
70.502241,0,0,0,0,0,0,1,0,0
70.516522,1,1,0,0,0,0,0,0,0
70.523165,0,1,0,0,1,0,0,1,0
70.539854,0,0,1,0,0,0,0,0,0
70.546385,0,1,0,0,0,1,0,0,1
70.551551,0,0,0,1,0,0,1,0,0
70.569889,1,0,0,0,1,0,0,0,0
70.573543,0,0,0,0,0,0,0,1,0
70.580829,0,0,1,0,0,0,0,0,0
70.601846,0,1,0,1,0,1,1,0,1
70.621530,1,0,0,0,1,0,0,1,0
70.641845,0,1,1,0,0,0,0,0,0
70.648637,0,0,0,1,0,1,1,0,1
70.666181,1,0,0,0,1,0,0,1,0
70.682296,0,0,1,0,0,0,0,0,0
70.688478,0,1,0,0,0,0,0,0,0
70.699031,0,0,0,1,0,1,0,0,1
70.729105,0,0,1,0,0,0,1,0,0
70.746063,1,0,0,0,1,1,0,1,0
70.750480,0,0,0,1,0,0,0,0,1
70.771764,0,1,0,0,0,0,0,0,0
70.775533,0,0,0,0,0,0,1,0,0
70.783426,0,0,1,0,0,0,0,0,0
70.786253,1,0,0,0,1,0,0,0,0
70.801120,0,0,0,1,0,1,0,0,1
70.836400,0,0,1,0,0,0,0,1,0
70.846222,0,0,0,0,0,1,1,0,0
70.847169,0,0,0,0,0,0,0,0,1
70.850859,0,0,0,1,0,0,0,0,0
70.856262,1,0,0,0,1,0,1,0,0
70.856331,0,0,0,0,0,0,0,1,0
70.866331,1,1,0,0,0,0,0,0,0
70.876381,0,1,0,0,0,0,0,0,0
70.885959,0,0,1,0,1,0,0,1,0
70.900343,0,0,0,1,0,1,1,0,1
70.915442,1,1,0,0,1,0,0,0,0
70.926426,0,0,0,0,0,0,0,1,0
70.935425,0,0,1,0,0,0,0,0,0
70.946873,0,1,0,0,0,1,0,0,0
70.951124,0,0,0,1,0,0,1,0,1
70.968922,1,0,0,0,1,0,0,1,0
70.986480,0,0,1,0,0,0,0,0,0
70.990491,0,1,0,0,0,0,0,0,0
70.996309,0,0,0,0,0,1,0,0,1
71.000921,0,0,0,1,0,0,0,0,0
71.033384,0,0,1,0,0,0,0,0,0
71.049128,0,0,0,1,0,1,0,0,0
71.096385,0,0,0,0,0,1,1,0,1
71.097072,0,0,0,0,0,0,0,0,1
71.099204,0,0,0,1,0,0,0,0,0
71.106865,1,0,0,0,1,0,1,1,0
71.123911,1,0,0,0,1,0,1,0,0
71.126606,0,0,1,0,0,0,0,1,0
71.126960,0,1,0,0,0,0,0,0,0
71.134540,1,0,1,0,1,0,0,0,0
71.146820,0,1,0,0,0,1,0,1,0
71.151296,0,0,0,1,0,0,1,0,1
71.165562,1,0,0,0,1,0,0,1,0
71.171401,0,1,0,0,0,0,0,0,0
71.182836,0,0,1,0,0,0,0,0,0
71.189093,0,1,0,0,0,0,0,0,0
71.198702,0,0,0,1,0,1,0,0,0
71.249574,0,0,0,1,0,1,0,0,0
71.300031,0,0,0,1,0,1,0,0,0
71.346825,0,0,0,0,0,1,0,0,1
71.351140,0,0,0,1,0,0,0,0,0
71.383628,0,0,1,0,0,0,1,0,0
71.401742,1,0,0,1,0,1,0,0,1
71.404413,0,0,0,0,1,0,1,0,0
71.419451,1,0,0,0,0,0,0,0,0
71.428342,0,0,0,0,1,0,0,1,1
71.430255,0,0,0,0,0,0,0,1,1
71.438552,0,0,1,0,0,0,0,0,1
71.448079,0,0,0,1,0,1,0,0,0
71.448211,0,0,0,0,0,0,1,0,0
71.454756,0,1,0,0,0,0,1,0,1
71.458518,1,1,1,0,1,0,1,0,0
71.463030,0,0,1,0,0,0,0,1,0
71.465115,1,0,0,0,0,0,1,0,0
71.477930,1,0,1,0,1,0,0,0,0
71.481642,1,0,0,0,0,0,0,0,0
71.483440,0,1,0,0,0,0,0,0,0
71.494048,0,0,1,0,0,0,0,1,0
71.501295,0,0,0,1,1,1,0,1,1
71.523361,0,1,0,0,1,0,0,1,0
71.530010,0,1,0,0,0,0,0,0,0
71.540312,0,0,1,0,0,0,1,0,0
71.549062,0,1,0,1,0,1,0,0,0
71.557133,1,0,0,0,1,0,0,0,0
71.600881,0,0,0,1,0,1,0,0,1
71.638888,0,0,1,0,0,0,0,1,0
71.643152,0,0,0,0,0,0,0,0,1
71.650154,0,0,0,1,0,1,1,0,0
71.666050,1,1,0,0,0,0,0,0,0
71.671227,0,0,0,0,1,0,1,1,0
71.682881,1,0,1,0,1,0,0,1,0
71.696680,0,1,0,0,0,1,0,0,0
71.699488,0,0,0,1,0,0,1,0,1
71.711496,1,1,0,0,1,0,1,1,1
71.730001,1,0,1,0,0,0,0,0,0
71.740026,0,1,0,0,1,0,0,0,0
71.746097,0,0,1,0,0,1,0,1,1
71.750423,0,0,0,1,0,0,1,0,0
71.767268,1,1,0,0,1,0,0,0,0
71.776183,0,0,1,0,0,0,0,0,0
71.799442,0,0,0,1,0,1,1,0,0
71.810766,1,0,0,0,1,0,0,1,1
71.840766,0,1,1,0,0,0,0,0,0
71.850780,0,0,0,1,0,1,1,1,0
71.870780,1,1,0,0,0,0,0,0,1
71.901675,0,0,1,1,0,1,1,0,0
71.916675,1,0,0,0,0,0,0,0,1
71.950965,0,0,1,1,0,1,0,0,1
71.989266,0,0,1,0,1,0,0,0,0
71.996533,0,0,0,0,0,1,1,1,1
71.997302,0,0,0,0,1,0,0,1,0
71.999515,0,0,0,1,0,0,1,0,0
72.007522,1,0,0,0,1,0,0,1,0
72.012635,1,0,0,0,0,0,0,0,0
72.019922,0,1,0,0,1,0,0,0,0
72.025479,0,1,0,0,0,0,0,1,0
72.026584,0,0,1,0,0,0,0,0,0
72.027921,0,1,0,0,0,0,0,0,0
72.049919,0,1,0,1,0,1,1,0,1
72.060993,1,0,0,0,1,0,0,1,0
72.081723,0,1,1,0,0,0,0,0,0
72.100156,0,0,0,1,0,1,1,0,0
72.114168,1,0,0,0,1,0,0,0,0
72.151472,0,0,0,1,0,1,0,1,1
72.176952,0,1,0,0,0,0,0,0,1
72.177952,0,0,0,0,0,0,1,0,0
72.189765,1,0,1,0,1,0,0,0,0
72.200769,0,0,0,1,0,1,1,0,0
72.207451,0,0,1,0,0,0,0,0,0
72.218182,1,0,0,0,1,0,0,0,0
72.249005,0,0,0,1,0,1,1,0,1
72.268525,1,0,0,0,0,0,0,0,0
72.275620,0,0,0,0,0,0,0,1,0
72.279167,0,0,1,0,0,0,0,1,1
72.296529,0,1,0,0,1,1,0,0,1
72.298047,0,0,0,1,0,0,1,1,0
72.306343,0,1,0,0,0,0,0,0,0
72.308094,1,0,0,0,1,0,0,1,0
72.318439,0,1,1,0,0,0,0,0,0
72.334329,0,1,1,0,0,0,0,0,0
72.346426,0,0,0,0,0,1,0,0,1
72.348461,0,0,0,1,0,0,0,0,0
72.383624,0,0,1,0,0,0,1,0,0
72.399910,1,0,0,1,0,1,1,0,0
72.419290,1,0,0,0,1,0,0,0,0
72.446051,0,0,0,0,1,1,0,0,0
72.447008,0,0,0,0,0,0,0,1,0
72.447504,0,0,0,0,0,0,0,1,0
72.447752,0,0,0,0,0,0,0,0,1
72.449692,0,0,0,1,0,0,0,0,1
72.469148,0,1,0,0,0,0,0,0,0
72.470701,0,1,0,0,0,0,1,0,0
72.483022,1,0,1,0,0,0,0,0,0
72.488968,0,0,1,0,0,0,0,0,0
72.496881,0,0,0,0,0,1,0,0,1
72.500301,0,0,0,1,1,0,1,1,0
72.520301,1,1,0,0,0,0,0,0,0
72.536037,0,0,1,0,1,0,0,1,0
72.546989,0,0,0,0,0,1,0,0,1
72.548163,0,0,0,1,0,0,0,0,0
72.559853,0,1,0,0,0,0,1,0,0
72.574979,1,0,0,0,0,0,0,0,0
72.585361,0,0,1,0,0,0,0,0,0
72.599263,0,0,0,1,1,1,0,1,1
72.629263,0,1,1,0,0,0,1,0,0
72.648783,1,0,0,1,0,1,0,0,0
72.696383,0,0,0,0,1,1,0,1,1
72.699661,0,0,0,1,0,0,1,0,1
72.717617,1,1,0,0,1,0,1,1,0
72.732420,1,0,1,0,1,0,0,0,0
72.738540,0,1,1,0,0,0,0,1,0
72.751317,0,0,0,1,0,1,1,0,1
72.765699,1,1,0,0,1,0,0,0,0
72.783817,0,0,1,0,0,0,0,1,0
72.800526,0,0,0,1,0,1,0,0,0
72.812917,0,1,0,0,0,0,0,0,0
72.846266,0,0,0,0,0,1,0,0,0
72.847177,0,0,0,0,0,0,1,0,0
72.849926,0,0,0,1,0,0,1,0,0
72.865948,1,0,0,0,1,0,0,1,1
72.867977,1,0,0,0,0,0,0,0,1
72.877653,0,0,0,0,1,0,0,1,0
72.895948,0,1,1,0,0,0,0,0,0
72.897672,0,1,0,0,0,1,0,0,1
72.901365,0,0,1,1,0,0,1,0,0
72.913985,1,0,0,0,0,0,0,0,0
72.934652,0,0,1,0,0,0,0,0,0
72.946407,0,0,0,0,1,1,0,0,0
72.949159,0,0,0,1,0,0,1,1,0
72.969159,1,1,0,0,1,0,0,0,1
73.001024,0,0,1,1,0,1,1,1,1
73.012227,1,0,0,0,1,0,0,1,0
73.031024,0,1,1,0,0,0,0,0,0
73.041457,0,1,0,0,0,0,0,0,0
73.049279,0,0,0,1,0,1,1,0,1
73.064785,1,0,0,0,1,0,0,1,0
73.080470,0,0,1,0,0,0,0,0,0
73.090810,0,1,0,0,0,0,0,0,0
73.101304,0,0,0,1,0,1,1,0,1
73.115891,1,0,0,0,1,0,0,0,0
73.137441,0,0,1,0,0,0,0,1,0
73.150658,0,0,0,1,0,1,1,0,0
73.161688,1,1,0,0,1,0,0,1,0
73.191305,0,1,0,0,0,0,0,0,0
73.196867,0,0,0,0,0,1,0,0,0
73.197245,0,0,0,0,0,0,0,0,1
73.197622,0,0,0,0,0,0,0,0,1
73.199943,0,0,0,1,0,0,1,0,0
73.218138,1,0,0,0,1,0,0,1,0
73.234783,0,0,1,0,0,0,0,0,0
73.236729,0,0,1,0,0,0,0,0,0
73.248037,0,1,0,1,0,1,1,0,0
73.258294,1,0,0,0,1,0,0,0,0
73.296326,0,0,0,0,0,1,0,1,0
73.298072,0,0,0,1,0,0,1,0,1
73.317198,1,1,0,0,1,0,0,1,1
73.337497,0,1,1,0,0,0,0,0,0
73.351721,0,0,1,1,0,1,1,0,0
73.358324,0,0,0,0,0,0,0,0,1
73.363513,1,0,0,0,1,0,0,0,0
73.396533,0,0,1,0,0,1,0,1,0
73.400481,0,0,0,1,0,0,0,0,1
73.421063,0,1,0,0,0,0,0,0,0
73.435829,0,0,1,0,0,0,0,0,0
73.446580,0,0,0,0,0,1,1,0,0
73.450230,0,0,0,1,0,0,0,0,0
73.464852,1,0,0,0,1,0,1,1,1
73.484852,1,1,0,0,0,0,0,0,0
73.500746,0,0,1,1,0,1,1,0,1
73.519777,1,0,0,0,1,0,0,1,0
73.537339,0,0,1,0,1,0,0,1,0
73.548788,0,1,0,1,0,1,1,0,1
73.560498,1,1,0,0,1,0,0,0,0
73.563112,0,0,0,0,0,0,0,1,0
73.581102,0,0,1,0,0,0,0,0,0
73.585751,0,1,0,0,0,0,0,0,0
73.601510,0,0,0,1,0,1,1,0,0
73.616915,1,0,0,0,1,0,0,0,0
73.646332,0,0,0,0,0,1,0,0,1
73.649752,0,0,0,1,0,0,0,1,0
73.673526,0,1,0,0,0,0,0,0,0
73.677280,0,0,1,0,0,0,0,0,0
73.696243,0,0,0,0,0,1,0,0,0
73.700037,0,0,0,1,0,0,1,0,0
73.710550,1,0,0,0,1,0,1,1,1
73.728703,1,0,0,0,1,0,0,0,1
73.740550,0,1,1,0,0,0,0,1,0
73.751163,0,0,0,1,0,1,0,0,0
73.755707,0,0,0,0,0,0,1,0,1
73.766521,1,1,1,0,1,0,0,1,0
73.785946,0,0,1,0,0,0,0,0,0
73.796150,0,1,0,0,0,1,0,0,1
73.801505,0,0,0,1,0,0,0,0,0
73.830746,0,0,1,0,0,0,1,0,0
73.850384,1,0,0,1,1,1,0,0,1
73.862098,0,0,0,0,0,0,1,1,0
73.874772,1,0,0,0,1,0,0,1,0
73.886945,0,1,1,0,0,0,0,0,0
73.898222,0,1,0,1,0,1,0,0,1
73.910578,0,0,0,0,0,0,1,0,0
73.930301,1,0,1,0,1,0,0,1,0
73.950454,0,1,0,1,0,1,1,0,1
73.970052,1,0,0,0,1,0,0,0,0
73.984491,0,0,1,0,0,0,0,1,0
73.996833,0,0,0,0,0,1,0,0,1
73.998167,0,0,0,1,0,0,0,0,0
74.013771,0,1,0,0,0,0,0,0,0
74.029219,0,0,1,0,0,0,1,0,0
74.048970,1,0,0,1,1,1,1,1,1
74.068970,1,1,0,0,0,0,0,0,0
74.071332,0,0,0,0,1,0,0,0,0
74.084778,0,0,1,0,0,0,0,0,0
74.096662,0,0,0,0,0,1,0,0,1
74.098062,0,0,0,1,0,0,1,0,0
74.102484,0,0,0,0,0,0,0,1,0
74.110049,1,0,0,0,1,0,0,0,0
74.129335,0,1,1,0,0,0,0,1,0
74.148271,0,0,0,1,0,1,1,0,0
74.148450,0,0,0,0,0,0,0,0,1
74.158944,1,1,0,0,1,0,0,0,0
74.187116,0,0,1,0,0,0,0,0,0
74.201643,0,0,0,1,0,1,0,0,1
74.235872,0,0,1,0,0,0,0,1,0
74.246739,0,0,0,0,0,1,0,0,1
74.247601,0,0,0,0,0,0,1,0,0
74.250859,0,0,0,1,0,0,1,0,0
74.260685,1,1,0,0,1,0,0,1,0
74.270487,1,0,0,0,1,0,0,1,0
74.285045,0,1,1,0,0,0,0,0,0
74.300280,0,1,0,1,0,1,1,0,1
74.315944,1,0,0,0,1,0,0,1,0
74.332249,0,0,1,0,0,0,0,0,0
74.336672,0,1,0,0,0,0,0,0,0
74.346514,0,0,0,0,0,1,0,0,0
74.350732,0,0,0,1,0,0,0,0,1
74.357160,0,0,0,0,0,0,1,0,0
74.369390,1,0,0,0,1,0,0,0,0
74.381921,0,0,1,0,0,0,0,1,0
74.396868,0,0,0,0,0,1,0,0,1
74.401929,0,1,0,1,0,0,1,0,0
74.420561,1,0,0,0,0,0,0,0,0
74.422115,0,0,0,0,1,0,0,0,0
74.429927,0,0,1,0,0,0,0,1,0
74.446304,0,0,0,0,0,1,0,0,1
74.448640,0,0,0,1,0,0,0,0,0
74.448951,0,0,0,0,0,0,1,0,0
74.452802,0,1,0,0,0,0,0,0,0
74.461601,1,0,0,0,1,0,0,0,0
74.476426,0,0,1,0,0,0,0,0,0
74.498851,0,0,0,1,0,1,0,1,1
74.528851,0,1,1,0,0,0,0,0,0
74.535621,0,0,0,0,0,0,1,0,0
74.550761,1,0,0,1,0,1,0,0,0
74.600632,0,0,0,1,1,1,0,0,1
74.639688,0,0,1,0,0,0,0,1,0
74.649034,0,0,0,1,0,1,1,0,1
74.659143,1,0,0,0,0,0,1,0,1
74.669408,1,1,0,0,1,0,0,0,0
74.675486,0,0,0,0,1,0,1,0,0
74.685633,1,0,1,0,0,0,0,1,0
74.696736,0,0,1,0,0,1,0,0,0
74.700401,0,0,0,1,1,0,0,1,1
74.703900,0,0,0,0,0,0,0,1,0
74.713095,0,1,0,0,0,0,1,0,0
74.730401,1,1,1,0,0,0,0,0,0
74.733551,0,1,0,0,1,0,0,1,0
74.750966,0,0,0,1,0,1,1,0,1
74.762334,1,1,0,0,1,0,0,0,0
74.787308,0,0,1,0,0,0,0,0,0
74.801907,0,0,0,1,0,1,0,0,1
74.840037,0,0,1,0,0,0,0,1,0
74.843672,0,0,0,0,0,0,1,0,0
74.848542,0,0,0,1,0,1,0,0,0
74.862058,1,1,0,0,1,0,0,1,1
74.892058,0,1,1,0,0,0,1,0,0
74.899108,0,0,0,1,0,1,0,0,0
74.903808,1,0,0,0,1,0,1,1,1
74.922225,1,0,0,0,1,0,0,1,0
74.927642,0,1,0,0,0,0,0,0,0
74.942880,0,1,1,0,0,0,0,0,0
74.949333,0,0,0,1,0,1,1,0,0
74.965924,1,0,0,0,0,0,0,0,1
74.998214,0,0,1,1,1,1,0,1,1
75.001303,0,0,0,0,0,0,1,0,0
75.012860,1,0,0,0,0,0,0,0,0
75.028214,0,1,1,0,1,0,0,0,0
75.046253,0,0,0,0,0,1,0,1,0
75.048861,0,0,0,1,0,0,1,0,0
75.068533,1,1,0,0,1,0,0,1,1
75.098533,0,1,1,1,0,1,1,0,1
75.109102,1,0,0,0,1,0,0,1,0
75.128616,0,0,1,0,0,0,0,0,0
75.137066,0,1,0,0,0,0,0,0,0
75.150970,0,0,0,1,0,1,1,0,1
75.162609,1,0,0,0,1,0,0,0,0
75.181299,0,0,1,0,0,0,0,0,0
75.198794,0,0,0,1,0,1,1,0,1
75.217655,1,0,0,0,1,0,0,0,0
75.231381,0,0,1,0,0,0,0,1,0
75.251572,0,1,0,1,0,1,1,1,1
75.270242,1,0,0,0,0,0,0,0,0
75.281572,0,1,1,0,1,0,0,1,0
75.300480,0,0,0,1,0,1,1,0,0
75.310848,1,1,0,0,1,0,0,1,1
75.334104,0,1,0,0,0,0,0,0,0
75.349539,0,0,1,1,0,1,0,0,0
75.399042,0,0,0,1,0,1,0,0,0
75.446175,0,0,0,0,0,1,0,0,0
75.447134,0,0,0,0,0,0,1,0,1
75.450497,0,0,0,1,0,0,0,0,0
75.465134,1,0,0,0,1,0,1,1,0
75.485134,1,1,1,0,1,0,0,1,0
75.499246,0,0,0,1,0,1,1,0,1
75.514697,1,1,0,0,0,0,0,0,1
75.522275,0,0,0,0,1,0,0,0,0
75.527896,0,0,0,0,0,0,0,0,1
75.530621,0,0,1,0,0,0,1,1,0
75.544817,1,0,1,0,0,0,0,0,0
75.550740,0,1,0,1,0,1,0,0,0
75.558111,0,0,1,0,1,0,0,0,1
75.589095,0,0,1,0,0,0,0,0,0
75.599180,0,0,0,1,0,1,0,1,0
75.627925,0,1,0,0,0,0,1,0,0
75.643886,1,0,0,0,0,0,0,0,1
75.648311,0,0,0,1,1,1,0,1,0
75.671843,0,1,0,0,0,0,0,0,0
75.682143,0,0,1,0,0,0,1,0,0
75.696495,1,0,0,0,1,1,1,0,0
75.697204,0,0,0,0,0,0,0,0,1
75.697602,0,0,0,0,0,0,0,0,1
75.697801,0,0,0,0,0,0,0,1,0
75.699964,0,0,0,1,0,0,1,0,0
75.713828,1,0,0,0,0,0,0,0,0
75.719808,1,1,0,0,1,0,0,1,0
75.728142,0,0,1,0,1,0,0,1,0
75.737156,0,0,1,0,0,0,0,0,0
75.746010,0,1,0,0,0,1,0,0,0
75.748031,0,0,0,1,0,0,0,0,1
75.749663,0,1,0,0,0,0,1,0,0
75.768598,1,0,0,0,1,0,0,0,0
75.780640,0,0,1,0,0,0,0,1,0
75.796552,0,0,0,0,0,1,0,0,0
75.798395,0,0,0,1,0,0,0,0,1
75.807694,0,1,0,0,0,0,1,0,0
75.825812,1,0,0,0,0,0,0,0,0
75.827055,0,0,0,0,1,0,0,1,0
75.832543,0,0,1,0,0,0,0,0,0
75.850074,0,1,0,1,0,1,0,0,1
75.889191,0,0,1,0,0,0,1,0,0
75.901699,1,0,0,1,1,1,0,1,1
75.931699,0,1,1,0,0,0,0,0,0
75.949196,0,0,0,1,0,1,0,0,0
75.996991,0,0,0,0,0,1,0,0,0
75.997506,0,0,0,0,0,0,1,0,1
75.997753,0,0,0,0,0,0,1,0,0
76.000619,0,0,0,1,0,0,0,0,1
76.015358,1,0,0,0,0,0,0,0,0
76.016524,1,0,0,0,1,0,1,1,0
76.026531,1,0,0,0,0,0,0,0,0
76.027018,0,0,0,0,1,0,0,1,0
76.036840,0,1,1,0,1,0,0,0,0
76.039436,0,0,1,0,0,0,0,1,0
76.047451,0,1,0,0,0,1,0,0,0
76.051327,0,0,0,1,0,0,1,0,1
76.059678,0,1,0,0,0,0,0,0,0
76.067827,1,0,0,0,1,0,0,0,0
76.088424,0,0,1,0,0,0,0,0,0
76.098734,0,0,0,1,0,1,0,0,1
76.135767,0,0,1,0,0,0,1,0,0
76.151958,1,0,0,1,1,1,0,1,0
76.158848,0,0,0,0,0,0,1,0,0
76.170465,1,0,0,0,1,0,0,1,1
76.175694,0,1,0,0,0,0,0,0,0
76.196753,0,1,0,0,0,1,0,0,0
76.198751,0,0,0,1,0,0,0,1,0
76.199505,0,0,0,0,0,0,1,0,1
76.206758,0,0,1,0,0,0,0,0,0
76.219221,1,1,0,0,1,0,0,0,0
76.237971,0,0,1,0,0,0,0,0,0
76.242972,0,0,0,0,0,0,0,1,0
76.248092,0,0,0,1,0,1,0,0,1
76.254914,0,0,0,0,0,0,1,0,0
76.272918,1,1,0,0,1,0,0,0,0
76.278805,0,0,1,0,0,0,0,1,0
76.300774,0,1,0,1,0,1,0,0,0
76.346430,0,0,0,0,0,1,1,0,1
76.350968,0,0,0,1,0,0,1,0,1
76.361683,1,0,0,0,1,0,0,0,0
76.367348,1,0,0,0,1,0,0,0,0
76.378635,0,0,1,0,0,0,0,0,0
76.382155,0,0,1,0,0,0,0,1,0
76.399748,0,0,0,1,0,1,0,1,0
76.405083,0,1,0,0,0,0,1,0,1
76.417864,1,0,0,0,1,0,0,0,0
76.425010,0,1,0,0,0,0,0,1,0
76.445048,0,1,1,0,0,0,0,0,0
76.446257,0,0,0,0,0,1,0,0,1
76.450148,0,0,0,1,0,0,1,0,0
76.469976,1,0,0,0,1,0,0,0,0
76.481977,0,0,1,0,0,0,0,1,0
76.501989,0,1,0,1,0,1,0,0,1
76.513202,0,0,0,0,0,0,1,0,0
76.532139,1,0,1,0,1,0,0,1,0
76.551227,0,0,0,1,0,1,1,0,1
76.561278,1,1,0,0,0,0,0,0,0
76.582970,0,0,1,0,1,0,0,1,0
76.596172,0,0,0,0,0,1,0,0,0
76.600567,0,0,0,1,0,0,0,0,0
76.601698,0,0,0,0,0,0,1,0,1
76.612398,1,1,0,0,1,0,0,0,0
76.619379,0,0,0,0,0,0,0,1,0
76.632807,0,0,1,0,0,0,0,0,0
76.640757,0,1,0,0,0,0,0,0,0
76.646090,0,0,0,0,0,1,0,0,1
76.649903,0,0,0,1,0,0,0,0,0
76.677701,0,0,1,0,0,0,1,0,0
76.697335,1,0,0,0,1,1,0,0,1
76.698977,0,0,0,1,0,0,0,0,0
76.735998,0,0,1,0,0,0,0,0,0
76.750420,0,0,0,1,0,1,0,0,0
76.796297,0,0,0,0,0,1,0,1,1
76.800738,0,0,0,1,0,0,1,0,1
76.819257,1,1,0,0,0,0,1,0,0
76.822345,0,0,0,0,1,0,0,0,0
76.829510,1,0,1,0,0,0,1,1,0
76.830352,0,0,0,0,1,0,0,0,0
76.832309,0,0,1,0,0,0,0,0,0
76.848207,1,0,0,1,1,1,0,0,1
76.848972,0,0,0,0,0,0,1,1,0
76.859106,1,1,0,0,0,0,0,1,0
76.863515,0,0,0,0,1,0,0,1,0
76.873089,0,1,0,0,0,0,0,0,0
76.880992,0,1,1,0,0,0,0,0,0
76.887994,0,1,0,0,0,0,0,0,0
76.898013,0,0,0,1,0,1,1,0,1
76.912150,1,0,0,0,1,0,0,1,0
76.929963,0,0,1,0,0,0,0,0,0
76.937341,0,1,0,0,0,0,0,0,0
76.948022,0,0,0,1,0,1,0,0,1
76.979746,0,0,1,0,0,0,1,0,0
76.996733,1,0,0,0,1,1,0,1,0
76.999777,0,0,0,1,0,0,1,0,1
77.017163,1,1,0,0,1,0,0,1,0
77.038315,0,1,1,0,0,0,0,0,0
77.050594,0,0,0,1,0,1,0,0,0
77.096479,0,0,0,0,0,1,0,0,0
77.101900,0,0,0,1,0,0,1,0,1
77.108100,0,0,0,0,0,0,0,0,1
77.118400,1,0,0,0,1,0,0,1,0
77.141015,0,1,1,0,0,0,1,0,0
77.148028,0,0,1,1,0,1,1,0,0
77.149924,0,0,0,0,0,0,0,0,1
77.160677,1,0,0,0,0,0,0,0,0
77.162080,1,0,0,0,1,0,0,1,0
77.187636,0,1,1,0,0,0,0,0,0
77.196652,0,0,0,0,1,1,0,1,1
77.198354,0,0,0,1,0,0,0,0,0
77.221422,0,1,0,0,0,0,1,0,0
77.236528,1,0,1,0,0,0,0,0,0
77.243217,0,0,0,0,1,0,0,0,0
77.246509,0,0,0,0,0,1,0,0,1
77.250478,0,0,0,1,0,0,1,0,0
77.265323,1,0,0,0,1,0,0,0,0
77.286277,0,0,1,0,0,0,0,1,0
77.296846,0,0,0,0,0,1,0,1,1
77.301648,0,0,0,1,0,0,0,0,0
77.304988,0,0,0,0,0,0,1,0,0
77.315157,1,1,0,0,0,0,0,0,0
77.319802,0,1,0,0,1,0,0,1,0
77.335669,0,0,1,0,0,0,0,0,0
77.349201,0,1,0,1,0,1,0,0,0
77.396438,0,0,0,0,0,1,0,0,0
77.399790,0,0,0,1,0,0,0,0,0
77.400962,0,0,0,0,0,0,1,0,0
77.415005,1,0,0,0,1,0,0,0,1
77.445328,0,0,1,0,0,0,1,0,0
77.450386,0,0,0,1,0,1,1,1,1
77.452159,0,0,0,0,0,0,0,0,1
77.456429,1,0,0,0,0,0,0,0,0
77.470386,1,1,0,0,1,0,0,0,0
77.477839,0,0,0,0,1,0,0,0,0
77.479155,0,0,0,0,0,0,0,1,0
77.479954,0,0,0,0,0,0,0,1,0
77.485017,0,0,1,0,0,0,0,0,0
77.486783,0,0,1,0,0,0,0,0,0
77.498117,0,0,0,1,0,1,1,0,0
77.508204,1,1,0,0,1,0,0,0,1
77.509419,0,1,0,0,0,0,0,0,0
77.548096,0,0,1,1,0,1,1,0,1
77.566257,1,0,0,0,1,0,0,0,0
77.571613,0,0,0,0,0,0,0,1,0
77.588080,0,0,1,0,0,0,0,0,0
77.598682,0,1,0,1,0,1,1,1,0
77.618682,1,1,0,0,1,0,0,1,0
77.643262,0,1,0,0,0,0,0,0,0
77.649745,0,0,0,1,0,1,0,0,1
77.681447,0,0,1,0,0,0,1,0,1
77.700533,1,0,0,1,0,1,0,0,1
77.707496,0,0,0,0,1,0,1,1,0
77.714724,0,0,1,0,0,0,0,0,0
77.727496,1,1,0,0,0,0,0,0,0
77.738355,0,0,1,0,1,0,0,0,0
77.746785,0,0,0,0,0,1,0,0,0
77.751278,0,0,0,1,0,0,1,0,0
77.768470,1,0,0,0,0,0,0,1,0
77.769597,0,0,0,0,0,0,0,0,1
77.796220,0,1,0,0,1,1,0,0,1
77.798478,0,0,0,1,0,0,1,0,0
77.805050,0,0,1,0,0,0,0,1,0
77.809791,1,0,0,0,1,0,0,1,0
77.825183,0,1,0,0,0,0,0,0,0
77.826334,0,0,1,0,0,0,0,0,0
77.835090,0,1,0,0,0,0,0,0,0
77.849628,0,0,0,1,0,1,0,0,1
77.884671,0,0,1,0,0,0,1,0,0
77.896733,1,0,0,0,0,1,0,0,1
77.899389,0,0,0,1,1,0,1,0,0
77.912294,1,0,0,0,0,0,0,1,0
77.923907,0,0,0,0,1,0,0,0,0
77.935169,0,1,1,0,0,0,0,0,0
77.946134,0,0,0,0,0,1,0,1,0
77.947127,0,0,0,0,0,0,0,0,1
77.949908,0,0,0,1,0,0,1,0,0
77.964947,1,0,0,0,1,0,0,0,0
77.972601,0,1,0,0,0,0,0,0,0
77.984754,0,0,1,0,0,0,0,0,0
77.998573,0,0,0,1,0,1,0,1,0
78.025621,0,1,0,0,0,0,1,0,1
78.038250,1,0,0,0,1,0,0,0,0
78.046374,0,0,0,0,0,1,0,0,1
78.050261,0,0,0,1,0,0,0,1,0
78.053731,0,0,0,0,0,0,1,0,0
78.059848,0,0,1,0,0,0,0,0,0
78.071194,1,1,0,0,1,0,0,0,0
78.085809,0,0,1,0,0,0,0,0,0
78.092044,0,0,0,0,0,0,0,1,0
78.101681,0,0,0,1,0,1,1,0,1
78.111687,1,0,0,0,1,0,0,1,0
78.115155,0,1,0,0,0,0,0,0,0
78.131681,0,0,1,0,0,0,0,0,0
78.134265,0,1,0,0,0,0,0,0,0
78.146811,0,0,0,0,0,1,0,0,0
78.148542,0,0,0,1,0,0,1,0,0
78.159043,1,0,0,0,0,0,0,0,1
78.198470,0,0,1,1,0,1,0,0,1
78.236841,0,0,1,0,1,0,0,0,0
78.249890,0,0,0,1,0,1,1,1,1
78.269890,1,1,0,0,1,0,1,0,0
78.279977,1,0,1,0,1,0,0,1,0
78.300197,0,1,0,1,0,1,1,0,0
78.315454,1,0,0,0,0,0,0,1,0
78.336377,0,1,0,0,0,0,0,0,1
78.348676,0,0,0,1,1,1,0,0,0
78.350533,0,0,0,0,0,0,0,1,0
78.369212,0,0,1,0,0,0,0,0,1
78.376455,0,1,0,0,0,0,1,0,0
78.391455,1,0,0,0,1,0,0,0,0
78.398173,0,0,0,1,0,1,0,1,0
78.408070,0,0,1,0,0,0,1,0,1
78.418107,1,0,0,0,0,0,0,0,0
78.421104,0,1,0,0,1,0,0,1,0
78.448011,0,1,1,1,0,1,1,0,1
78.458811,1,0,0,0,0,0,0,0,0
78.473846,0,0,0,0,1,0,0,1,0
78.486372,0,0,1,0,0,0,0,0,0
78.498308,0,1,0,1,0,1,0,0,0
78.507241,0,0,0,0,0,0,1,0,0
78.526966,1,0,0,0,1,0,0,1,1
78.549641,0,1,0,1,0,1,1,0,0
78.560503,1,0,1,0,1,0,0,1,0
78.578233,0,0,0,0,0,0,0,0,1
78.588648,0,1,0,0,0,0,0,0,0
78.596698,0,0,0,0,0,1,0,0,1
78.598133,0,0,0,1,0,0,1,0,0
78.608160,1,0,0,0,1,0,0,0,0
78.608196,0,0,0,0,0,0,0,1,0
78.617160,0,0,1,0,0,0,0,0,0
78.626884,0,0,1,0,0,0,0,0,0
78.628425,0,1,0,0,0,0,0,0,0
78.651449,0,0,0,1,0,1,0,0,1
78.655258,0,0,0,0,0,0,1,0,0
78.669462,1,0,0,0,0,0,0,0,0
78.690157,0,0,1,0,1,0,0,1,0
78.696633,0,0,0,0,0,1,0,0,0
78.699777,0,0,0,1,0,0,1,0,0
78.717485,1,1,0,0,1,0,0,0,0
78.748842,0,0,0,1,0,1,1,0,0
78.760700,1,0,0,0,1,0,0,0,1
78.800508,0,0,1,1,0,1,1,0,0
78.806014,0,0,0,0,0,0,0,1,1
78.813225,1,0,0,0,1,0,0,0,0
78.836014,0,1,1,0,0,0,0,0,1
78.846305,0,0,0,0,0,1,0,1,1
78.849534,0,0,0,1,0,0,1,0,0
78.866696,1,1,1,0,0,0,0,0,0
78.874459,0,0,0,0,1,0,0,1,0
78.882448,0,0,1,0,0,0,0,1,0
78.896289,0,1,0,0,0,1,0,0,1
78.899123,0,0,0,1,0,0,0,0,0
78.901323,0,0,0,0,0,0,1,0,0
78.911835,1,1,0,0,0,0,0,0,0
78.932303,0,0,1,0,1,0,0,1,0
78.946659,0,0,0,0,0,1,0,0,1
78.951442,0,0,0,1,0,0,1,0,0
78.961459,1,1,0,0,0,0,0,0,0
78.975381,0,0,0,0,1,0,0,0,0
78.981628,0,0,1,0,0,0,0,1,0
79.000161,0,0,0,1,0,1,1,0,1
79.010617,1,1,0,0,0,0,0,0,0
79.031059,0,0,1,0,0,0,0,0,0
79.051070,0,0,0,1,1,1,0,1,0
79.061888,0,0,0,0,0,0,1,0,1
79.071364,0,1,0,0,0,0,0,0,0
79.081647,1,0,0,0,0,0,0,0,0
79.100664,0,0,1,1,0,1,1,0,1
79.117093,1,0,0,0,0,0,0,0,0
79.138579,0,0,1,0,1,0,0,0,0
79.143125,0,0,0,0,1,0,0,1,0
79.148190,0,0,0,1,0,1,1,0,0
79.161289,1,0,0,0,1,0,0,0,0
79.173016,0,1,0,0,0,0,0,0,0
79.189882,0,0,0,0,0,0,0,0,1
79.198956,0,0,0,1,0,1,0,1,0
79.219348,0,1,0,0,0,0,1,1,1
79.229769,1,0,1,0,0,0,0,0,0
79.249348,0,1,1,1,1,1,1,1,1
79.269348,1,1,0,0,1,0,0,1,0
79.289348,0,1,1,0,0,0,0,0,0
79.301399,0,0,0,1,0,1,1,0,1
79.314462,1,0,0,0,1,0,0,1,0
79.331964,0,0,1,0,0,0,0,0,0
79.334617,0,1,0,0,0,0,0,0,0
79.350817,0,0,0,1,0,1,0,0,1
79.386817,0,0,1,0,0,0,1,0,0
79.396917,1,0,0,0,0,1,0,0,1
79.399124,0,0,0,1,1,0,0,1,0
79.420576,0,1,0,0,0,0,1,0,0
79.432661,1,0,1,0,1,0,0,1,0
79.446033,0,0,0,0,0,1,0,0,1
79.449188,0,0,0,1,0,0,0,0,0
79.457575,0,1,0,0,0,0,1,0,0
79.476787,1,0,1,0,0,0,0,0,0
79.496021,0,0,0,0,1,1,0,0,1
79.501952,0,0,0,1,0,0,1,0,0
79.520294,1,0,0,0,1,0,0,0,0
79.521688,0,0,0,0,0,0,0,1,0
79.523725,0,0,0,0,0,0,0,1,0
79.530234,0,0,1,0,0,0,0,0,0
79.550103,0,1,0,1,0,1,0,0,0
79.552372,0,1,0,0,0,0,1,0,0
79.569759,1,0,0,0,0,0,0,0,0
79.599913,0,0,0,1,0,1,1,0,1
79.615703,1,0,0,0,1,0,0,1,0
79.639055,0,1,1,0,0,0,0,0,0
79.646222,0,0,0,0,1,1,0,1,1
79.648237,0,0,0,1,0,0,1,0,0
79.667106,1,1,0,0,1,0,0,0,0
79.670419,0,0,0,0,0,0,0,1,0
79.681489,0,0,1,0,0,0,0,0,0
79.690887,0,1,0,0,0,0,0,0,1
79.698272,0,0,0,1,0,1,0,0,0
79.725929,0,0,1,0,0,0,1,0,0
79.728996,0,0,0,0,0,0,0,0,1
79.739075,1,0,0,0,1,0,0,0,0
79.748961,0,0,0,1,0,1,0,0,0
79.754457,0,0,0,0,0,0,0,1,1
79.761486,0,0,1,0,0,0,0,0,0
79.784457,0,1,1,0,0,0,0,0,0
79.796566,0,0,0,0,0,1,1,0,0
79.798725,0,0,0,1,0,0,1,0,1
79.807144,1,0,0,0,1,0,0,1,0
79.810914,1,0,0,0,0,0,0,0,0
79.817606,0,0,0,0,1,0,0,1,0
79.836781,0,1,1,0,0,0,0,0,0
79.840036,0,1,0,0,0,0,0,0,0
79.846358,0,0,0,0,0,1,0,0,0
79.847023,0,0,0,0,0,0,0,0,1
79.848911,0,0,0,1,0,0,1,0,0
79.861092,1,0,0,0,1,0,0,1,0
79.877880,0,0,1,0,0,0,0,0,0
79.885934,0,1,0,0,0,0,0,0,0
79.900784,0,0,0,1,0,1,1,0,1
79.918884,1,0,0,0,0,0,0,0,0
79.924841,0,0,0,0,1,0,0,0,0
79.926858,0,0,0,0,0,0,0,1,0
79.937360,0,0,1,0,0,0,0,0,0
79.946929,0,1,0,0,0,1,0,0,1
79.951042,0,0,0,1,0,0,1,0,0
79.966398,1,0,0,0,1,0,0,0,0
79.974576,0,0,0,0,0,0,0,1,0
79.984137,0,0,1,0,0,0,0,0,0
79.998450,0,1,0,1,0,1,0,0,1
80.035612,0,0,1,0,0,0,1,0,0
80.050342,1,0,0,1,0,1,0,0,0
80.101728,0,0,0,1,0,1,0,0,1
80.137513,0,0,1,0,1,0,1,1,1
80.151019,1,0,0,1,1,1,1,0,1
80.159961,0,1,0,0,0,0,1,0,0
80.169266,1,0,1,0,1,0,0,0,0
80.169613,0,0,0,0,0,0,0,1,0
80.175762,1,0,0,0,1,0,0,0,0
80.190065,0,1,1,0,0,0,0,1,0
80.191561,0,0,0,0,0,0,0,1,0
80.198506,0,0,0,1,0,1,1,0,1
80.209057,1,0,0,0,1,0,0,0,0
80.209162,0,0,0,0,0,0,0,1,0
80.213408,0,1,0,0,0,0,0,0,0
80.217784,0,1,0,0,0,0,0,0,0
80.228788,0,0,1,0,0,0,0,0,0
80.237221,0,1,0,0,0,0,0,0,0
80.250432,0,0,0,1,0,1,1,0,0
80.269694,1,0,0,0,1,0,0,1,1
80.296823,0,1,0,0,0,1,0,0,1
80.300673,0,0,1,1,0,0,1,0,0
80.314747,1,0,0,0,0,0,0,0,0
80.331284,0,0,1,0,1,0,0,0,0
80.346919,0,0,0,0,0,1,0,1,0
80.351564,0,0,0,1,0,0,0,0,0
80.376435,0,1,0,0,0,0,0,0,1
80.396287,0,0,0,0,0,1,1,0,0
80.401407,0,0,0,1,0,0,0,0,1
80.415395,1,0,1,0,1,0,1,1,0
80.433738,1,0,1,0,0,0,0,0,0
80.437101,0,1,0,0,1,0,0,1,0
80.446409,0,0,0,0,0,1,0,0,1
80.449873,0,0,0,1,0,0,1,0,0
80.461372,1,1,0,0,1,0,0,0,0
80.479507,0,0,1,0,0,0,0,1,0
80.498359,0,0,0,1,0,1,1,0,0
80.508623,1,1,0,0,1,0,0,0,0
80.546834,0,0,0,0,0,1,0,0,1
80.548112,0,0,0,1,0,0,0,1,0
80.569738,0,1,0,0,0,0,1,0,1
80.580691,1,0,1,0,0,0,0,0,0
80.598221,0,0,0,1,1,1,0,1,0
80.609339,0,0,1,0,0,0,1,0,1
80.619552,1,1,0,0,1,0,0,1,0
80.646531,0,1,1,0,0,1,0,0,1
80.650713,0,0,0,1,0,0,0,0,0
80.683614,0,0,1,0,0,0,0,0,0
80.696182,0,0,0,0,0,1,1,0,1
80.700238,0,0,0,1,0,0,0,0,0
80.706657,1,0,0,0,0,0,1,0,0
80.723117,1,0,0,0,1,0,0,0,0
80.724580,0,0,0,0,1,0,0,0,0
80.733167,0,0,1,0,0,0,0,0,0
80.749000,0,0,0,1,0,1,0,1,0
80.770831,0,1,0,0,0,0,0,1,1
80.792082,0,1,0,0,0,0,0,0,0
80.796347,0,0,0,0,0,1,0,0,0
80.801884,0,0,1,1,0,0,0,0,1
80.835733,0,0,1,0,0,0,0,0,0
80.850141,0,0,0,1,0,1,0,0,1
80.864357,0,0,0,0,0,0,1,0,0
80.882303,1,0,1,0,0,0,1,0,0
80.896929,1,0,0,0,0,1,0,0,1
80.897634,0,0,0,0,1,0,1,1,0
80.899314,0,0,0,1,1,0,0,1,0
80.917634,1,1,0,0,1,0,0,1,0
80.918634,0,0,0,0,0,0,1,0,0
80.929216,1,1,1,0,1,0,0,0,0
80.946569,0,1,0,0,0,1,0,1,0
80.947483,0,0,0,0,0,0,0,0,1
80.951961,0,0,0,1,0,0,0,0,0
80.973164,0,1,0,0,0,0,1,0,0
80.985888,1,0,1,0,0,0,0,0,0
80.999902,0,0,0,1,1,1,1,0,0
81.013605,1,0,0,0,0,0,0,0,1
81.046267,0,0,1,0,0,1,0,1,0
81.047215,0,0,0,0,1,0,0,0,1
81.050599,0,0,0,1,0,0,0,0,0
81.071308,0,1,0,0,0,0,1,1,0
81.077215,0,0,1,0,0,0,0,0,0
81.089772,1,0,0,0,0,0,0,0,0
81.096257,0,1,0,0,1,1,0,1,0
81.101704,0,0,0,1,0,0,1,0,0
81.119413,1,1,0,0,1,0,0,0,1
81.150794,0,0,1,1,0,1,1,1,1
81.170794,1,1,0,0,1,0,0,0,0
81.178972,0,0,0,0,0,0,0,1,0
81.187280,0,0,1,0,0,0,0,0,0
81.198278,0,0,0,1,0,1,1,0,1
81.205946,0,1,0,0,0,0,0,0,0
81.212743,1,0,0,0,1,0,0,0,0
81.232422,0,0,1,0,0,0,0,0,0
81.239269,0,0,0,0,0,0,0,1,0
81.249301,0,0,0,1,0,1,0,0,1
81.256225,0,0,0,0,0,0,1,0,0
81.267473,1,1,0,0,1,0,0,0,0
81.285179,0,0,1,0,0,0,0,1,0
81.296243,0,0,0,0,0,1,0,0,0
81.297099,0,0,0,0,0,0,0,0,1
81.299785,0,0,0,1,0,0,0,0,0
81.306179,0,1,0,0,0,0,1,0,0
81.319716,1,0,0,0,1,0,0,0,0
81.335148,0,0,1,0,0,0,0,1,0
81.349113,0,0,0,1,0,1,1,0,1
81.360106,1,1,0,0,1,0,0,1,0
81.379534,0,0,1,0,0,0,0,0,0
81.382867,0,1,0,0,0,0,0,0,0
81.400407,0,0,0,1,0,1,1,0,1
81.411528,1,0,0,0,1,0,0,0,0
81.430813,0,0,1,0,0,0,0,1,0
81.446471,0,0,0,0,0,1,0,0,1
81.448921,0,0,0,1,0,0,0,0,0
81.449843,0,0,0,0,0,0,1,0,0
81.460350,1,1,0,0,0,0,0,0,0
81.461455,0,0,0,0,1,0,0,0,0
81.477290,0,0,1,0,0,0,0,1,0
81.496251,0,0,0,0,0,1,0,0,0
81.499261,0,1,0,1,0,0,1,0,0
81.514702,1,0,0,0,1,0,0,0,0
81.546741,0,0,0,0,0,1,0,0,1
81.548954,0,0,0,1,0,0,1,0,0
81.562125,1,0,0,0,0,0,0,0,0
81.583701,0,0,1,0,0,0,0,1,1
81.600692,0,0,0,1,1,1,0,0,1
81.602684,0,0,0,0,0,0,1,0,0
81.613701,1,1,1,0,0,0,0,1,0
81.631273,0,0,1,0,1,0,0,1,0
81.640785,0,1,0,0,0,0,0,0,0
81.651932,0,1,0,1,0,1,1,0,0
81.662416,1,0,0,0,0,0,0,0,0
81.698439,0,0,0,1,0,1,0,0,0
81.746980,0,0,0,0,0,1,0,0,0
81.748710,0,0,0,1,1,0,0,1,0
81.768869,0,1,0,0,0,0,1,0,1
81.787441,1,0,0,0,0,0,0,0,0
81.790524,0,0,0,0,1,0,0,0,0
81.798038,0,0,0,1,0,1,1,1,1
81.808491,1,0,1,0,1,0,0,0,1
81.811692,0,0,0,0,0,0,1,1,0
81.825702,1,1,0,0,0,0,0,0,1
81.828562,0,0,1,0,0,0,0,0,0
81.840375,0,1,1,0,1,0,0,1,0
81.846232,0,0,0,0,0,1,0,0,0
81.848973,0,0,0,1,0,0,1,0,0
81.859176,1,0,1,0,0,0,0,0,1
81.868419,0,1,0,0,0,0,0,0,0
81.896928,0,0,1,0,1,1,0,0,1
81.898396,0,0,0,1,0,0,1,0,0
81.917471,1,0,0,0,1,0,0,0,0
81.923312,0,0,0,0,0,0,0,1,0
81.930253,0,0,1,0,0,0,0,0,0
81.946106,0,1,0,0,0,1,0,1,0
81.949466,0,0,0,1,0,0,1,0,0
81.960342,1,0,0,0,1,0,0,1,1
81.968318,0,1,0,0,0,0,0,0,0
81.990342,0,1,1,0,0,0,0,0,0
82.001224,0,0,0,1,0,1,1,0,1
82.017951,1,0,0,0,1,0,0,1,0
82.038138,0,1,1,0,0,0,0,0,0
82.046020,0,0,0,0,0,1,0,0,1
82.050857,0,0,0,1,0,0,1,0,0
82.066700,1,0,0,0,0,0,0,0,0
82.074954,0,0,0,0,1,0,0,0,0
82.083374,0,0,1,0,0,0,0,1,0
82.098735,0,0,0,1,0,1,0,0,0
82.112021,0,1,0,0,0,0,0,0,1
82.146333,0,0,1,0,0,1,0,0,1
82.151991,0,0,0,1,0,0,1,0,0
82.169964,1,0,0,0,0,0,0,0,0
82.170964,0,0,0,0,1,0,0,1,0
82.172245,0,0,0,0,0,0,1,0,0
82.182621,1,0,1,0,1,0,0,0,0
82.184678,0,0,0,0,0,0,0,1,0
82.199375,0,1,0,1,0,1,0,0,0
82.205167,0,1,0,0,0,0,0,0,0
82.246376,0,0,0,0,0,1,1,0,0
82.250418,0,0,0,1,0,0,0,0,0
82.258107,1,0,0,0,1,0,1,1,0
82.278107,1,1,0,0,1,0,0,1,1
82.299424,0,1,0,1,0,1,1,0,1
82.308298,0,0,1,0,0,0,0,0,0
82.318936,1,0,0,0,1,0,0,1,1
82.333715,0,0,1,0,0,0,0,0,0
82.348936,0,1,1,1,0,1,0,0,1
82.372199,0,0,0,0,0,0,1,0,0
82.380125,0,0,1,0,0,0,0,0,0
82.388199,1,0,0,0,1,0,0,1,0
82.401900,0,0,0,1,0,1,1,0,0
82.412549,1,1,0,0,1,0,0,0,0
82.448949,0,0,0,1,0,1,0,0,1
82.488520,0,0,1,0,0,0,1,0,0
82.498857,1,0,0,1,0,1,1,1,0
82.509933,1,0,0,0,1,0,0,0,0
82.524018,0,1,0,0,0,0,0,1,1
82.544797,0,1,0,0,1,0,0,1,1
82.549109,0,0,0,1,0,1,1,0,0
82.563300,1,0,1,0,1,0,0,1,1
82.571135,0,1,0,0,0,0,0,0,0
82.584746,0,1,1,0,0,0,0,0,0
82.601594,0,0,1,1,0,1,0,0,0
82.629734,0,0,0,0,0,0,1,0,1
82.646666,1,0,0,0,1,1,0,0,0
82.647125,0,0,0,0,0,0,0,0,1
82.647563,0,0,0,0,0,0,0,1,0
82.650327,0,0,0,1,0,0,1,0,0
82.669628,1,1,1,0,1,0,0,0,0
82.683792,0,0,1,0,0,0,0,0,0
82.696560,0,0,0,0,0,1,0,0,1
82.699387,0,0,0,1,0,0,0,1,0
82.726766,0,1,1,0,0,0,0,0,0
82.746744,0,0,0,0,0,1,0,0,0
82.750130,0,0,0,1,0,0,1,0,0
82.760690,1,0,0,0,0,0,1,0,1
82.763841,0,0,0,0,1,0,0,1,0
82.779738,1,0,0,0,0,0,0,0,0
82.780786,0,0,0,0,1,0,0,0,0
82.784406,0,1,0,0,0,0,0,0,0
82.798890,0,0,1,1,0,1,0,1,1
82.819372,0,1,0,0,0,0,1,0,0
82.834266,1,0,1,0,1,0,0,0,0
82.846907,0,0,0,0,0,1,0,0,0
82.848463,0,0,0,1,0,0,1,1,1
82.866475,1,0,0,0,1,0,0,1,0
82.878463,0,1,1,0,0,0,0,0,0
82.896039,0,1,0,0,0,1,0,0,1
82.899637,0,0,0,1,0,0,1,0,0
82.918326,1,0,0,0,0,0,0,0,0
82.926228,0,0,1,0,1,0,0,0,0
82.951574,0,0,0,1,0,1,1,1,0
82.971574,1,1,0,0,1,0,0,1,1
83.000153,0,1,0,1,0,1,0,0,1
83.000941,0,0,0,0,0,0,1,0,0
83.011566,1,0,1,0,1,0,0,0,0
83.016884,0,0,0,0,0,0,0,1,0
83.037888,0,1,1,0,0,0,0,0,0
83.048302,0,0,0,1,0,1,1,0,1
83.066440,1,0,0,0,1,0,0,1,0
83.082501,0,0,1,0,0,0,0,0,0
83.096113,0,1,0,0,0,1,0,0,1
83.101033,0,0,0,1,0,0,0,0,0
83.126136,0,0,1,0,0,0,0,0,0
83.146302,0,0,0,0,0,1,1,0,1
83.151453,0,0,0,1,0,0,0,0,0
83.158404,1,0,0,0,1,0,1,1,0
83.170159,1,0,0,0,1,0,0,1,0
83.176671,0,0,1,0,0,0,0,0,0
83.184319,0,1,0,0,0,0,0,0,0
83.198193,0,1,0,1,0,1,0,0,0
83.207470,0,0,0,0,0,0,1,0,0
83.221444,1,0,0,0,1,0,0,0,1
83.251863,0,0,1,1,0,1,1,1,0
83.271863,1,1,0,0,1,0,0,1,1
83.298248,0,1,0,1,0,1,0,0,0
83.299248,0,0,0,0,0,0,1,0,0
83.309781,1,0,1,0,0,0,0,0,1
83.349723,0,0,1,1,0,1,1,0,0
83.363639,1,0,0,0,1,0,0,0,0
83.401509,0,0,0,1,1,1,1,1,1
83.421509,1,1,0,0,1,0,0,0,1
83.428509,0,0,0,0,0,0,0,1,0
83.441326,0,0,1,0,0,0,0,0,0
83.448146,0,0,0,1,0,1,1,0,1
83.449961,0,1,0,0,0,0,0,1,0
83.452404,0,0,1,0,0,0,0,0,0
83.466357,1,0,0,0,1,0,0,0,0
83.477052,0,1,0,0,0,0,0,1,0
83.484299,0,0,1,0,0,0,0,0,0
83.497131,0,1,0,0,0,1,0,0,0
83.497566,0,0,0,0,0,0,0,0,1
83.498535,0,0,0,1,0,0,1,0,0
83.511477,1,0,0,0,0,0,0,0,0
83.521189,0,0,0,0,1,0,0,0,0
83.533430,0,0,1,0,0,0,0,1,0
83.550612,0,0,0,1,0,1,0,0,1
83.562422,0,1,0,0,0,0,1,0,0
83.576100,1,0,0,0,0,0,0,0,0
83.587490,0,0,1,0,1,0,0,1,0
83.601114,0,0,0,1,0,1,1,0,0
83.608863,0,1,0,0,0,0,0,0,0
83.619202,1,0,0,0,1,0,0,1,1
83.649202,0,1,1,1,0,1,0,0,1
83.684184,0,0,1,0,0,0,0,0,0
83.696924,0,0,0,0,0,1,0,0,1
83.699891,0,0,0,1,0,0,0,0,0
83.736378,0,0,1,0,0,0,0,0,0
83.749532,0,0,0,1,0,1,0,0,0
83.801990,0,0,0,1,0,1,0,0,0
83.846391,0,0,0,0,0,1,1,0,1
83.847268,0,0,0,0,0,0,1,0,0
83.847634,0,0,0,0,0,0,1,0,0
83.849535,0,0,0,1,0,0,1,0,0
83.857523,1,0,0,0,1,0,0,1,1
83.862321,1,0,0,0,1,0,1,1,0
83.866487,1,0,0,0,0,0,0,0,0
83.869124,1,0,0,0,1,0,0,1,1
83.876474,1,0,1,0,1,0,0,0,0
83.886059,0,1,0,0,0,0,0,0,0
83.886789,0,1,0,0,0,0,0,1,0
83.892586,0,1,1,0,0,0,0,0,0
83.899753,0,0,1,1,1,1,0,0,1
83.912388,0,1,0,0,0,0,0,1,0
83.930428,0,0,1,0,0,0,0,0,0
83.937969,0,1,0,0,0,0,1,0,0
83.951654,1,0,0,1,1,1,0,0,0
84.000200,0,0,0,1,0,1,0,1,0
84.028085,0,1,0,0,0,0,0,0,0
84.048984,0,0,0,1,0,1,0,0,1
84.069375,0,0,0,0,0,0,0,0,1
84.085134,0,0,1,0,0,0,0,0,0
84.086352,0,0,0,0,0,0,1,0,0
84.098352,1,0,0,1,1,1,0,0,0
84.108787,0,0,1,0,0,0,1,0,0
84.116889,0,0,0,0,0,0,0,0,1
84.117877,0,0,0,0,0,0,1,1,0
84.118332,0,0,0,0,0,0,1,0,0
84.122930,1,0,0,0,0,0,0,0,1
84.124242,0,0,0,0,1,0,0,1,0
84.128816,1,0,0,0,0,0,0,0,0
84.135659,1,0,0,0,0,0,0,0,0
84.142362,0,1,0,0,1,0,0,1,0
84.146071,0,1,0,0,1,1,0,1,0
84.148444,0,0,1,1,0,0,1,0,0
84.149629,0,0,0,0,0,0,0,0,1
84.162819,1,1,1,0,0,0,0,0,0
84.175601,0,1,0,0,1,0,0,1,0
84.182382,0,0,1,0,0,0,0,0,0
84.196512,0,1,0,0,0,1,0,0,1
84.201780,0,0,0,1,0,0,1,0,0
84.213189,1,0,0,0,1,0,0,1,0
84.228200,0,0,1,0,0,0,0,0,0
84.238561,0,1,0,0,0,0,0,0,0
84.246136,0,0,0,0,0,1,0,0,1
84.251913,0,0,0,1,0,0,1,0,0
84.269210,1,0,0,0,1,0,0,1,0
84.277519,0,0,1,0,0,0,0,0,0
84.296011,0,1,0,0,0,1,0,0,1
84.301163,0,0,0,1,0,0,0,0,0
84.326828,0,0,1,0,0,0,1,0,0
84.341557,1,0,0,0,1,0,0,1,0
84.346631,0,0,0,0,0,1,0,0,1
84.348536,0,0,0,1,0,0,0,0,0
84.365724,0,1,0,0,0,0,1,0,0
84.375730,1,0,0,0,1,0,0,0,0
84.376181,0,0,0,0,0,0,0,1,0
84.383968,0,0,1,0,0,0,0,0,0
84.396010,0,0,0,0,0,1,0,0,0
84.398069,0,1,0,1,0,0,1,0,1
84.413069,1,0,0,0,1,0,0,1,0
84.435697,0,1,1,0,0,0,0,0,0
84.450708,0,0,0,1,0,1,0,0,1
84.484925,0,0,1,0,0,0,0,0,0
84.496114,0,0,0,0,0,1,1,0,1
84.501231,0,0,0,1,0,0,1,0,0
84.506503,1,0,0,0,1,0,0,0,0
84.514096,1,0,0,0,1,0,0,0,0
84.518848,0,0,0,0,0,0,0,1,0
84.521067,0,0,0,0,0,0,0,1,0
84.534753,0,0,1,0,0,0,0,0,0
84.540613,0,1,0,0,0,0,0,0,0
84.543592,0,1,0,0,0,0,0,0,0
84.546309,0,0,0,0,0,1,0,0,0
84.549626,0,0,0,1,0,0,0,0,0
84.600199,0,0,0,1,0,1,1,0,1
84.605539,0,0,0,0,0,0,0,0,1
84.614239,1,0,0,0,1,0,0,1,0
84.632254,0,0,1,0,0,0,1,0,0
84.634465,0,1,0,0,0,0,0,0,0
84.644255,1,0,1,0,0,0,0,0,0
84.650488,0,0,0,1,1,1,1,0,0
84.654981,0,0,0,0,0,0,0,1,0
84.663280,1,0,0,0,1,0,0,1,0
84.677109,0,1,0,0,0,0,0,0,1
84.688713,0,1,0,0,0,0,0,0,0
84.696445,0,0,0,0,0,1,0,0,1
84.701115,0,0,0,1,0,0,1,0,0
84.716264,1,0,1,0,1,0,0,0,0
84.718476,0,0,0,0,0,0,0,1,0
84.728595,0,0,1,0,0,0,0,0,0
84.748064,0,1,0,1,0,1,1,0,0
84.767882,1,0,0,0,1,0,0,0,1
84.799505,0,0,1,1,0,1,1,1,0
84.811678,1,0,0,0,0,0,0,0,0
84.815140,0,0,0,0,1,0,0,0,1
84.823611,0,1,0,0,0,0,0,1,0
84.843705,0,1,0,0,0,0,0,0,0
84.845299,0,0,1,0,0,0,0,0,0
84.850909,0,0,0,1,0,1,1,0,1
84.867405,1,0,0,0,1,0,0,0,0
84.882120,0,0,1,0,0,0,0,0,0
84.899698,0,0,0,1,0,1,1,1,1
84.919698,1,1,0,0,1,0,0,1,0
84.935856,0,0,1,0,0,0,0,0,0
84.949606,0,1,0,1,0,1,1,0,1
84.966553,1,0,0,0,1,0,0,0,0
84.987036,0,0,1,0,0,0,0,0,0
85.001717,0,0,0,1,0,1,1,1,0
85.019340,1,0,0,0,0,0,0,0,1
85.024198,0,1,0,0,1,0,0,1,0
85.049770,0,1,1,1,0,1,1,0,0
85.069062,1,0,0,0,1,0,0,1,1
85.096081,0,1,0,0,0,1,0,0,0
85.101500,0,0,1,1,0,0,0,0,0
85.138221,0,0,0,0,0,0,1,0,0
85.150059,1,0,0,1,1,1,0,0,0
85.196589,0,0,0,0,0,1,0,0,0
85.197153,0,0,0,0,0,0,0,1,0
85.200930,0,0,0,1,0,0,0,0,0
85.217654,0,1,0,0,0,0,1,0,0
85.236831,1,0,0,0,1,0,0,1,1
85.249147,0,0,0,1,0,1,0,0,1
85.261004,0,1,0,0,0,0,1,0,0
85.273595,1,0,1,0,1,0,0,1,0
85.275277,0,0,0,0,0,0,1,0,0
85.288795,1,0,1,0,0,0,0,0,0
85.293595,0,1,0,0,0,0,0,0,1
85.296500,0,0,0,0,1,1,0,1,1
85.300928,0,0,0,1,0,0,1,0,0
85.313339,1,0,0,0,1,0,0,1,1
85.316558,0,1,0,0,0,0,0,0,0
85.330958,0,0,1,0,0,0,0,0,0
85.332091,0,0,1,0,0,0,0,0,0
85.338113,0,1,0,0,0,0,0,0,0
85.349564,0,0,1,1,0,1,1,0,1
85.364858,1,0,0,0,1,0,0,1,0
85.386901,0,1,1,0,0,0,0,0,0
85.396694,0,0,0,0,0,1,0,0,0
85.397014,0,0,0,0,0,0,0,0,1
85.400520,0,0,0,1,0,0,0,0,0
85.431084,0,0,1,0,0,0,0,0,0
85.450799,0,0,0,1,0,1,1,0,0
85.454695,0,0,0,0,0,0,1,0,0
85.467732,1,0,0,0,0,0,0,0,0
85.469693,1,0,0,0,1,0,0,0,0
85.471880,0,0,0,0,1,0,0,1,1
85.499814,0,1,0,1,0,1,0,1,0
85.500840,0,0,0,0,0,0,1,0,1
85.508196,0,0,1,0,0,0,0,0,0
85.514964,1,0,0,0,1,0,0,1,0
85.525539,0,1,0,0,0,0,0,0,0
85.532236,0,0,1,0,0,0,0,0,0
85.538608,0,1,0,0,0,0,0,0,0
85.546058,0,0,0,0,0,1,0,0,0
85.551702,0,0,0,1,0,0,0,0,1
85.589839,0,0,1,0,0,0,1,0,0
85.598733,0,0,0,1,0,1,1,0,0
85.600406,1,0,0,0,1,0,0,0,1
85.611953,1,0,0,0,1,0,0,0,0
85.634076,0,0,1,0,0,0,0,1,0
85.642139,0,0,0,0,0,0,0,1,0
85.650671,0,0,0,1,0,1,0,0,0
85.652284,0,0,0,0,0,0,1,0,1
85.663228,1,1,0,0,1,0,0,0,0
85.668559,0,1,0,0,0,0,0,1,0
85.683935,0,0,1,0,0,0,0,0,0
85.693740,0,1,0,0,0,0,0,0,0
85.696745,0,0,0,0,0,1,0,0,0
85.698400,0,0,0,1,0,0,1,0,0
85.710295,1,0,0,0,1,0,0,0,0
85.746875,0,0,0,0,0,1,0,1,1
85.747814,0,0,0,0,0,0,0,0,1
85.748679,0,0,0,1,0,0,0,0,0
85.776875,0,1,1,0,0,0,0,0,0
85.781090,0,0,1,0,0,0,1,0,0
85.798980,1,0,0,1,1,1,1,1,1
85.817282,1,0,0,0,1,0,0,0,0
85.827334,0,1,0,0,0,0,0,0,0
85.832483,0,0,1,0,0,0,0,0,0
85.846347,0,0,0,0,0,1,0,0,1
85.848658,0,0,0,1,0,0,1,0,0
85.860019,1,0,0,0,0,0,0,1,0
85.878973,0,0,1,0,1,0,0,1,0
85.887889,0,1,0,0,0,0,0,0,0
85.896872,0,0,0,0,0,1,0,0,1
85.900649,0,1,0,1,0,0,0,0,0
85.935584,0,0,1,0,0,0,0,0,0
85.950723,0,0,0,1,0,1,0,0,1
85.978330,0,0,0,0,0,0,1,0,0
85.989996,1,0,1,0,1,0,1,0,0
86.001290,1,0,0,1,1,1,1,0,1
86.015118,1,0,0,0,0,0,0,0,0
86.027058,0,0,0,0,1,0,0,0,0
86.036338,0,0,1,0,0,0,0,1,0
86.048622,0,0,0,1,0,1,0,1,1
86.066156,0,1,0,0,0,0,0,1,0
86.078622,0,1,1,0,0,0,1,0,0
86.096106,1,1,0,0,1,1,0,1,1
86.099431,0,0,0,1,0,0,0,0,0
86.126106,0,1,1,0,0,0,1,0,0
86.146049,1,0,0,0,1,1,0,1,1
86.148028,0,0,0,1,0,0,1,0,0
86.159264,1,0,0,0,1,0,0,0,0
86.176049,0,1,1,0,0,0,0,1,0
86.196576,0,1,0,0,0,1,0,0,1
86.201236,0,0,0,1,0,0,0,0,0
86.229440,0,0,1,0,0,0,0,0,0
86.246278,0,0,0,0,0,1,0,0,0
86.249495,0,0,0,1,0,0,1,0,1
86.262670,1,0,0,0,0,0,1,0,0
86.279573,1,0,1,0,1,0,0,0,0
86.282874,0,0,0,0,0,0,0,1,0
86.296423,0,0,0,0,0,1,0,0,1
86.299921,0,0,0,1,1,0,1,1,0
86.311832,1,1,0,0,1,0,0,1,0
86.321371,0,1,0,0,0,0,0,0,0
86.336153,0,1,1,0,0,0,0,0,0
86.348587,0,0,0,1,0,1,0,0,0
86.399324,0,0,0,1,0,1,1,0,0
86.415787,1,0,0,0,0,0,1,0,0
86.420743,0,0,0,0,1,0,0,0,1
86.431074,1,0,0,0,1,0,0,0,1
86.446164,0,0,0,0,0,1,0,0,1
86.447141,0,0,0,0,0,0,0,1,0
86.451565,0,0,1,1,0,0,1,0,0
86.469760,1,1,1,0,0,0,0,0,0
86.483403,0,0,1,0,0,0,0,0,0
86.501552,0,0,0,1,0,1,0,0,0
86.548020,0,0,0,1,0,1,1,1,0
86.565484,1,0,0,0,1,0,0,1,1
86.566959,0,0,0,0,1,0,1,0,1
86.577983,1,1,0,0,0,0,0,0,0
86.588665,0,1,0,0,1,0,0,0,0
86.598567,0,0,1,1,0,1,0,0,0
86.602448,0,0,1,0,0,0,0,0,0
86.624099,0,0,0,0,0,0,1,0,0
86.631976,0,0,0,0,0,0,0,1,0
86.633047,0,0,0,0,0,0,0,1,0
86.633568,0,0,0,0,0,0,0,0,1
86.639140,1,0,0,0,1,0,0,1,0
86.651983,0,1,0,1,0,1,1,0,1
86.662880,1,1,0,0,1,0,0,1,0
86.663885,0,1,1,0,0,0,0,0,0
86.682381,0,0,1,0,0,0,0,0,0
86.686669,0,1,0,0,0,0,0,0,0
86.696672,0,0,0,0,0,1,0,0,1
86.700319,0,0,0,1,0,0,1,0,0
86.716287,1,0,0,0,1,0,0,0,0
86.717722,0,0,0,0,0,0,0,1,0
86.726866,0,0,1,0,0,0,0,0,0
86.747292,0,1,0,0,0,1,0,0,1
86.750383,0,0,0,1,0,0,1,0,0
86.762593,1,0,0,0,1,0,0,1,0
86.786524,0,1,1,0,0,0,0,0,0
86.796191,0,0,0,0,0,1,0,0,0
86.801243,0,0,0,1,0,0,0,0,0
86.850493,0,0,0,1,0,1,1,0,0
86.861008,1,0,0,0,0,0,1,0,1
86.867084,0,0,0,0,1,0,0,1,0
86.876577,1,0,0,0,1,0,0,0,1
86.896788,0,1,1,0,0,1,0,1,1
86.898753,0,0,0,1,0,0,1,0,0
86.907418,0,0,1,0,0,0,0,0,0
86.918500,1,1,0,0,1,0,0,1,0
86.932808,0,0,1,0,0,0,0,0,0
86.943050,0,1,0,0,0,0,0,0,0
86.951508,0,0,0,1,0,1,1,0,0
86.967625,1,0,0,0,0,0,0,0,1
86.999880,0,0,1,1,0,1,0,0,0
87.046631,0,0,0,0,1,1,0,0,1
87.047149,0,0,0,0,0,0,1,0,1
87.049910,0,0,0,1,0,0,1,0,0
87.067116,1,0,0,0,1,0,0,1,0
87.068339,1,0,0,0,0,0,0,0,0
87.083255,0,0,1,0,0,0,0,1,0
87.087130,0,1,1,0,1,0,0,0,0
87.099250,0,0,0,1,0,1,0,0,1
87.101020,0,0,0,0,0,0,0,1,0
87.109075,0,1,0,0,0,0,0,0,0
87.123665,0,1,0,0,0,0,0,0,0
87.134250,0,0,1,0,0,0,0,0,0
87.148650,0,0,0,1,0,1,1,0,1
87.164994,1,0,0,0,1,0,0,0,0
87.183191,0,0,1,0,0,0,1,0,0
87.193891,1,0,0,0,1,0,0,1,0
87.200990,0,0,0,1,0,1,1,1,0
87.211497,1,0,0,0,1,0,0,0,1
87.215419,0,1,0,0,0,0,0,1,0
87.230255,0,1,0,0,0,0,0,0,0
87.244224,0,1,1,0,0,0,0,0,0
87.250000,0,0,0,1,0,1,1,0,1
87.263467,1,0,0,0,0,0,0,0,0
87.281183,0,0,1,0,0,0,0,0,0
87.298714,0,0,0,1,1,1,0,0,1
87.321590,0,0,0,0,0,0,0,1,0
87.329148,0,0,1,0,0,0,0,0,0
87.350154,0,1,0,1,0,1,0,0,0
87.399589,0,0,0,1,0,1,1,0,1
87.413447,1,0,0,0,1,0,0,1,1
87.418536,0,0,0,0,0,0,1,0,0
87.437560,1,1,1,0,0,0,0,0,0
87.446352,0,0,1,0,1,1,1,1,0
87.447070,0,0,0,0,0,0,0,0,1
87.449530,0,0,0,1,0,0,1,0,0
87.466352,1,1,0,0,0,0,0,0,0
87.468356,1,0,0,0,0,0,0,0,0
87.473889,0,0,0,0,1,0,0,1,0
87.478432,0,0,1,0,1,0,0,1,0
87.500737,0,1,0,1,0,1,1,0,1
87.507891,0,1,0,0,0,0,0,0,0
87.516094,1,0,0,0,0,0,0,0,0
87.530886,0,0,1,0,1,0,0,0,0
87.546272,0,0,0,0,0,1,0,1,0
87.550737,0,0,0,1,0,0,0,0,0
87.562378,0,0,0,0,0,0,1,0,0
87.576012,1,1,0,0,0,0,0,0,1
87.596416,0,0,0,0,1,1,0,0,0
87.599717,0,0,0,1,0,0,0,1,0
87.613952,0,0,1,0,0,0,0,0,0
87.616714,0,0,0,0,0,0,1,0,0
87.628006,1,1,0,0,1,0,0,1,1
87.648002,0,0,0,1,0,1,0,0,1
87.658006,0,1,1,0,0,0,0,0,0
87.685612,0,0,1,0,0,0,0,0,0
87.696664,0,0,0,0,0,1,0,0,0
87.697267,0,0,0,0,0,0,0,0,1
87.697634,0,0,0,0,0,0,1,0,0
87.700904,0,0,0,1,0,0,0,0,0
87.708095,1,0,0,0,0,0,0,0,0
87.731682,0,0,1,0,1,0,1,0,0
87.746657,1,0,0,0,1,1,0,1,0
87.749965,0,0,0,1,0,0,1,0,1
87.769827,1,1,0,0,0,0,0,1,0
87.781222,0,0,1,0,0,0,0,0,0
87.796132,0,1,0,0,1,1,0,1,0
87.800328,0,0,0,1,0,0,1,0,1
87.816481,1,1,0,0,1,0,0,0,0
87.839110,0,0,1,0,0,0,0,0,0
87.846713,0,0,0,0,0,1,0,0,1
87.848609,0,0,0,1,0,0,0,0,0
87.858062,0,0,0,0,0,0,1,1,0
87.878062,1,1,1,0,1,0,0,1,0
87.899745,0,1,0,1,0,1,0,0,0
87.946383,0,0,0,0,0,1,1,0,1
87.951550,0,0,0,1,0,0,1,0,0
87.965778,1,0,0,0,0,0,0,0,1
87.969248,1,0,0,0,0,0,0,0,0
87.974886,0,0,0,0,1,0,0,1,0
87.981525,0,0,1,0,1,0,0,1,0
87.996114,0,1,1,0,0,1,0,0,0
87.999840,0,0,0,1,0,0,0,0,0
88.006710,0,1,0,0,0,0,1,0,0
88.024321,1,0,0,0,1,0,0,0,1
88.051104,0,0,0,1,0,1,0,0,1
88.052494,0,0,0,0,0,0,1,0,0
88.054668,0,0,1,0,0,0,0,1,0
88.064318,1,0,0,0,1,0,0,0,0
88.081624,0,1,1,0,0,0,0,0,0
88.100207,0,0,0,1,0,1,0,1,1
88.128053,0,1,0,0,0,0,0,0,0
88.137756,0,0,1,0,0,0,1,0,0
88.151062,1,0,0,1,1,1,0,1,1
88.181062,0,1,1,0,0,0,0,0,0
88.196401,0,0,0,0,0,1,0,0,1
88.197285,0,0,0,0,0,0,1,0,0
88.200255,0,0,0,1,0,0,0,0,0
88.216216,1,0,0,0,1,0,1,1,0
88.231081,1,0,1,0,0,0,0,0,0
88.246033,0,1,0,0,0,1,0,0,0
88.247028,0,0,0,0,1,0,0,1,1
88.251710,0,0,0,1,0,0,1,0,0
88.264780,1,0,0,0,1,0,0,1,0
88.270628,0,1,0,0,0,0,0,0,0
88.285654,0,1,1,0,0,0,0,0,0
88.300471,0,0,0,1,0,1,1,0,1
88.313482,1,0,0,0,0,0,0,0,0
88.323595,0,0,0,0,1,0,0,0,0
88.335059,0,0,1,0,0,0,0,1,0
88.351541,0,0,0,1,0,1,1,0,0
88.363593,1,1,0,0,0,0,0,0,0
88.396321,0,0,0,0,0,1,0,0,1
88.397066,0,0,0,0,1,0,0,1,1
88.399018,0,0,0,1,0,0,0,0,0
88.419710,0,1,0,0,0,0,0,0,0
88.429311,0,0,1,0,0,0,0,0,0
88.431377,0,0,1,0,0,0,1,0,0
88.448025,1,0,0,1,1,1,1,0,0
88.464633,1,0,0,0,1,0,0,0,0
88.496172,0,0,0,0,0,1,0,1,1
88.499497,0,0,0,1,0,0,0,1,1
88.522399,0,1,0,0,0,0,0,0,0
88.523509,0,1,0,0,0,0,0,0,0
88.534398,0,0,1,0,0,0,1,0,0
88.535550,0,0,1,0,0,0,0,0,0
88.548484,1,0,0,1,1,1,1,0,1
88.566609,1,0,0,0,0,0,0,1,0
88.587680,0,1,1,0,0,0,0,0,0
88.600554,0,0,0,1,1,1,0,0,0
88.609348,0,0,0,0,0,0,1,0,0
88.623785,1,0,0,0,0,0,0,0,0
88.643091,0,0,0,0,1,0,0,0,0
88.644223,0,0,0,0,0,0,0,0,1
88.646973,0,0,0,0,0,1,0,0,1
88.651596,0,0,0,1,0,0,0,0,0
88.674521,0,0,1,0,0,0,1,0,0
88.681004,0,0,1,0,0,0,0,1,0
88.683359,0,0,0,0,0,0,0,1,0
88.686617,1,0,0,0,1,0,0,0,0
88.701898,0,1,0,1,0,1,0,0,0
88.712281,0,1,0,0,0,0,0,0,0
88.748639,0,0,0,1,0,1,1,0,1
88.761287,1,0,0,0,0,0,0,0,0
88.779061,0,0,1,0,1,0,0,1,1
88.799323,0,1,0,1,0,1,1,1,1
88.809110,0,0,1,0,0,0,1,0,0
88.819323,1,1,0,0,0,0,0,0,0
88.828124,1,0,0,0,0,0,0,0,0
88.833856,0,0,1,0,1,0,0,0,0
88.841942,0,0,0,0,1,0,0,1,0
88.848388,0,0,0,1,0,1,0,1,0
88.866739,0,1,0,0,0,0,1,0,0
88.877697,1,1,0,0,1,0,0,1,0
88.897715,0,1,0,0,0,1,0,0,0
88.898000,0,0,0,1,0,0,1,0,0
88.913430,1,0,0,0,0,0,0,0,0
88.946248,0,0,0,0,0,1,0,0,1
88.948375,0,0,0,1,1,0,1,1,1
88.961603,1,0,0,0,1,0,0,1,1
88.973766,0,1,0,0,0,0,0,0,0
88.978287,0,0,1,0,0,0,0,0,0
88.985908,0,1,1,0,0,0,0,0,0
88.994723,0,0,1,0,0,0,0,0,0
89.001948,0,0,0,1,0,1,1,0,0
89.006813,0,0,0,0,0,0,0,0,1
89.019659,1,0,0,0,1,0,0,1,0
89.046325,0,1,1,0,0,1,0,0,0
89.047221,0,0,0,0,0,0,0,0,1
89.050308,0,0,0,1,0,0,1,0,0
89.061494,1,0,0,0,1,0,0,1,0
89.084996,0,1,1,0,0,0,0,0,0
89.096520,0,0,0,0,0,1,0,0,0
89.100528,0,0,0,1,0,0,1,0,1
89.117388,1,0,0,0,1,0,0,1,0
89.130706,0,0,1,0,0,0,0,0,0
89.146434,0,1,0,0,0,1,0,0,1
89.150214,0,0,0,1,0,0,0,0,0
89.177791,0,0,1,0,0,0,1,0,0
89.197296,1,0,0,0,1,1,0,0,0
89.201623,0,0,0,1,0,0,1,0,0
89.213061,1,0,0,0,0,0,0,0,1
89.249847,0,0,1,1,0,1,0,1,0
89.259122,0,0,0,0,1,0,0,1,1
89.270628,0,1,0,0,0,0,0,0,0
89.289122,0,1,1,0,0,0,1,0,0
89.301397,1,0,0,1,0,1,1,0,0
89.314103,1,0,0,0,1,0,0,1,1
89.334533,0,1,0,0,0,0,0,0,0
89.350218,0,0,1,1,1,1,1,0,1
89.361403,1,0,0,0,1,0,0,1,0
89.380228,0,0,1,0,0,0,0,1,0
89.390106,0,1,0,0,0,0,0,0,0
89.398694,0,0,0,1,0,1,1,0,0
89.399670,0,0,0,0,0,0,0,0,1
89.409228,1,1,0,0,1,0,0,1,0
89.435758,0,1,1,0,0,0,0,0,0
89.446052,0,0,0,0,0,1,0,0,0
89.447015,0,0,0,0,0,0,0,0,1
89.450667,0,0,0,1,0,0,0,0,0
89.455043,0,0,0,0,0,0,1,0,0
89.465043,1,0,0,0,0,0,0,0,0
89.482410,0,0,1,0,0,0,0,0,0
89.501791,0,0,0,1,0,1,0,0,1
89.539410,0,0,1,0,1,0,1,1,0
89.548091,0,0,0,1,0,1,0,0,1
89.549708,1,0,0,0,0,0,0,0,0
89.550708,0,0,0,0,1,0,0,0,0
89.556363,0,0,0,0,0,0,1,0,0
89.568562,1,1,0,0,0,0,0,1,0
89.573820,0,0,0,0,1,0,0,0,0
89.582594,0,0,1,0,0,0,0,0,0
89.589192,0,1,0,0,0,0,0,0,0
89.598693,0,0,0,1,0,1,1,0,1
89.612819,1,0,0,0,1,0,0,0,0
89.630579,0,0,1,0,0,0,0,1,0
89.646375,0,0,0,0,0,1,0,0,1
89.648411,0,0,0,1,0,0,1,1,0
89.658570,1,1,0,0,1,0,0,0,0
89.664883,0,0,0,0,0,0,0,1,0
89.674209,0,1,0,0,0,0,0,0,0
89.685897,0,1,1,0,0,0,0,0,0
89.696627,0,0,0,0,0,1,0,0,0
89.697514,0,0,0,0,0,0,0,0,1
89.698894,0,0,0,1,0,0,1,0,0
89.710812,1,0,0,0,1,0,0,1,0
89.729579,0,0,1,0,0,0,0,0,0
89.731798,0,1,0,0,0,0,0,0,0
89.750298,0,0,0,1,0,1,1,0,0
89.761313,1,0,0,0,1,0,0,1,0
89.790025,0,1,0,0,0,0,0,0,0
89.799015,0,0,0,1,0,1,1,0,1
89.810293,1,0,0,0,0,0,0,0,0
89.814190,0,0,0,0,1,0,0,0,0
89.830799,0,0,1,0,0,0,0,0,0
89.840549,0,0,0,0,0,0,0,0,1
89.849301,0,0,0,1,0,1,1,1,1
89.869301,1,1,0,0,1,0,0,0,0
89.869552,0,0,0,0,0,0,0,1,0
89.873929,0,0,1,0,0,0,0,0,0
89.883043,0,0,1,0,0,0,0,0,0
89.899239,0,1,0,1,0,1,1,0,0
89.916607,1,0,0,0,1,0,0,0,0
89.950024,0,0,0,1,0,1,1,0,1
89.968220,1,0,0,0,1,0,0,1,0
89.978854,0,0,0,0,0,0,0,1,1
89.988609,0,1,1,0,0,0,0,0,0
89.998235,0,0,0,1,0,1,0,0,1
90.008854,0,1,1,0,0,0,0,0,0
90.036857,0,0,1,0,0,0,0,0,0
90.049737,0,0,0,1,0,1,0,0,0
90.096093,0,0,0,0,0,1,1,0,0
90.101925,0,0,0,1,0,0,1,0,0
90.113162,1,0,0,0,0,0,0,0,1
90.118337,1,0,0,0,0,0,0,0,1
90.144752,0,0,1,0,0,0,1,0,0
90.148119,0,0,0,1,1,1,1,1,1
90.148228,0,0,0,0,1,0,0,1,0
90.151084,0,0,1,0,0,0,0,0,0
90.157323,1,0,0,0,1,0,0,1,0
90.160843,1,0,0,0,1,0,0,0,0
90.178119,0,1,1,0,0,0,0,0,0
90.178192,0,1,0,0,0,0,0,1,0
90.183810,0,1,0,0,0,0,0,0,0
90.198041,0,0,0,1,0,1,1,0,1
90.201699,0,1,0,0,0,0,0,0,0
90.213656,1,0,0,0,1,0,0,0,0
90.218534,0,0,0,0,0,0,0,1,0
90.235870,0,0,1,0,0,0,0,0,0
90.248425,0,1,0,1,0,1,1,0,1
90.259943,1,0,0,0,1,0,0,1,0
90.278832,0,0,1,0,0,0,0,0,0
90.282512,0,1,0,0,0,0,0,0,0
90.298100,0,0,0,1,0,1,0,0,1
90.337947,0,0,1,0,0,0,1,0,0
90.347953,1,0,0,0,0,1,0,0,1
90.349071,0,0,0,1,1,0,1,0,0
90.366690,1,0,0,0,1,0,0,0,0
90.387856,0,0,1,0,0,0,0,0,0
90.396060,0,0,0,0,0,1,0,1,1
90.397040,0,0,0,0,0,0,0,1,0
90.399038,0,0,0,1,0,0,1,0,0
90.416282,1,1,0,0,1,0,0,0,0
90.421557,0,1,0,0,0,0,0,1,0
90.432628,0,0,1,0,0,0,0,0,0
90.450247,0,1,0,1,0,1,0,0,0
90.501858,0,0,0,1,0,1,1,0,1
90.512197,1,0,0,0,1,0,1,0,0
90.532121,1,0,1,0,1,0,0,0,1
90.548702,0,0,0,1,0,1,0,1,0
90.568844,0,1,1,0,0,0,1,0,0
90.585887,1,0,0,0,1,0,0,0,0
90.599643,0,0,0,1,0,1,1,1,0
90.619643,1,1,0,0,1,0,0,1,1
90.649643,0,1,1,1,0,1,0,1,1
90.679643,0,1,1,0,0,0,1,0,0
90.699264,1,0,0,1,1,1,1,1,1
90.719264,1,1,0,0,0,0,0,0,1
90.734121,0,0,1,0,1,0,0,0,0
90.748199,0,0,0,1,0,1,0,0,1
90.748808,0,0,0,0,0,0,1,0,0
90.755094,0,0,1,0,0,0,0,0,0
90.760096,1,0,0,0,0,0,0,0,0
90.774340,0,0,0,0,1,0,0,1,0
90.776665,0,0,0,0,0,0,0,1,0
90.785394,0,0,1,0,0,0,0,0,0
90.796426,0,1,0,0,0,1,0,0,1
90.796905,0,1,0,0,0,0,0,0,0
90.801338,0,0,0,1,0,0,1,0,0
90.811604,1,0,0,0,1,0,0,1,0
90.829434,0,0,1,0,0,0,0,0,0
90.839066,0,1,0,0,0,0,0,0,0
90.851273,0,0,0,1,0,1,1,0,0
90.870366,1,0,0,0,1,0,0,0,1
90.900445,0,0,1,1,0,1,1,1,0
90.911030,1,0,0,0,1,0,0,1,1
90.922956,0,1,0,0,0,0,0,0,0
90.941030,0,1,1,0,0,0,0,0,0
90.951440,0,0,0,1,0,1,1,0,0
90.970564,1,0,0,0,1,0,0,1,0
90.975449,0,0,0,0,0,0,0,0,1
90.992937,0,1,0,0,0,0,0,0,0
91.001251,0,0,0,1,0,1,1,0,1
91.013110,1,0,1,0,1,0,0,1,0
91.031256,0,0,1,0,0,0,0,0,0
91.041954,0,1,0,0,0,0,0,0,0
91.046631,0,0,0,0,0,1,0,0,1
91.050694,0,0,0,1,0,0,0,0,0
91.083753,0,0,1,0,0,0,0,0,0
91.096932,0,0,0,0,0,1,1,0,0
91.098103,0,0,0,1,0,0,0,0,1
91.108169,1,0,0,0,0,0,0,0,0
91.123080,0,0,0,0,1,0,1,1,0
91.133598,1,0,1,0,1,0,0,1,0
91.151332,0,1,0,1,0,1,0,0,0
91.158598,0,1,0,0,0,0,0,0,1
91.198370,0,0,1,1,0,1,0,0,0
91.250180,0,0,0,1,0,1,1,0,1
91.252894,0,0,0,0,0,0,0,0,1
91.254390,0,0,0,0,0,0,1,0,0
91.260481,1,0,0,0,0,0,0,0,0
91.261702,0,0,0,0,1,0,0,1,0
91.266106,1,0,0,0,1,0,0,0,0
91.280221,0,0,1,0,0,0,0,1,0
91.280911,0,0,0,0,0,0,1,0,0
91.291589,1,1,1,0,0,0,0,0,0
91.296825,0,0,0,0,0,1,0,0,1
91.300658,0,1,0,1,1,0,0,1,0
91.330175,0,1,1,0,0,0,1,0,0
91.348868,1,0,0,1,1,1,1,1,0
91.359136,1,0,0,0,1,0,0,0,1
91.375246,0,1,0,0,0,0,0,0,0
91.396516,0,0,1,0,0,1,0,1,0
91.399584,0,0,0,1,0,0,0,0,0
91.419560,0,1,0,0,0,0,0,0,1
91.422118,0,0,0,0,0,0,1,0,0
91.435885,1,0,0,0,1,0,0,0,0
91.450798,0,0,1,1,0,1,1,0,1
91.470429,1,0,0,0,0,0,0,0,0
91.486709,0,0,1,0,1,0,0,0,0
91.499279,0,0,0,1,0,1,0,0,1
91.533358,0,0,1,0,0,0,1,1,0
91.543576,1,0,0,0,1,0,0,0,0
91.549979,0,0,0,1,0,1,0,0,0
91.551449,0,0,0,0,0,0,1,0,0
91.562033,1,1,0,0,0,0,0,0,0
91.593072,0,0,0,0,1,0,0,0,0
91.594130,0,0,0,0,0,0,0,1,1
91.596345,0,0,0,0,0,1,0,1,0
91.600578,0,0,0,1,0,0,0,0,0
91.608363,0,0,0,0,0,0,0,1,1
91.624130,0,1,1,0,0,0,1,0,0
91.626141,0,1,0,0,0,0,0,0,0
91.631787,0,1,0,0,0,0,0,0,0
91.639520,1,0,1,0,0,0,0,0,0
91.648339,0,0,0,1,0,1,0,0,0
91.699900,0,0,0,1,1,1,0,1,1
91.721820,0,1,0,0,0,0,1,0,0
91.726584,0,0,0,0,0,0,0,0,1
91.737379,1,0,1,0,1,0,1,1,0
91.747616,1,0,0,0,1,1,0,1,0
91.749665,0,0,0,1,0,0,0,0,0
91.761952,0,1,1,0,0,0,1,0,0
91.773975,1,1,0,0,0,0,0,0,0
91.800619,0,0,0,1,1,1,1,0,1
91.815738,1,0,0,0,0,0,0,1,0
91.832713,0,0,1,0,1,0,0,0,0
91.845536,0,1,0,0,0,0,0,0,1
91.845768,0,0,0,0,0,0,0,1,0
91.850600,0,0,0,1,0,1,0,0,0
91.875575,0,1,1,0,0,0,1,0,1
91.891855,1,0,0,0,1,0,0,1,0
91.899937,0,0,0,1,0,1,1,0,0
91.910312,1,0,1,0,0,0,0,0,0
91.911275,0,0,0,0,1,0,0,1,0
91.920427,0,1,0,0,0,0,0,0,0
91.939181,0,1,0,0,0,0,0,0,1
91.951763,0,0,0,1,0,1,0,0,1
91.971155,0,0,1,0,0,0,0,0,0
91.974955,0,0,0,0,0,0,1,0,0
91.986967,1,0,1,0,1,0,0,0,0
92.001697,0,0,0,1,0,1,0,0,1
92.035193,0,0,1,0,0,0,0,1,0
92.048529,0,0,0,1,0,1,1,0,0
92.062630,1,1,0,0,0,0,0,0,0
92.101614,0,0,0,1,1,1,1,1,0
92.121614,1,1,0,0,0,0,1,0,1
92.140801,1,0,0,0,1,0,0,1,0
92.149046,0,0,0,1,1,1,0,1,0
92.160861,0,1,1,0,0,0,1,0,1
92.169091,0,1,0,0,0,0,0,0,0
92.179221,1,0,0,0,1,0,0,1,0
92.196585,0,0,1,0,0,1,0,0,0
92.201927,0,1,0,1,0,0,1,0,0
92.220700,1,0,0,0,1,0,0,1,0
92.248058,0,1,0,1,0,1,0,0,1
92.284308,0,0,1,0,0,0,0,0,0
92.296742,0,0,0,0,0,1,0,0,0
92.299283,0,0,0,1,0,0,1,0,0
92.315855,1,0,0,0,1,0,0,0,0
92.348299,0,0,0,1,0,1,1,0,1
92.368046,1,0,0,0,1,0,1,1,0
92.378145,1,0,0,0,0,0,0,1,1
92.388073,0,1,1,0,1,0,0,1,1
92.398047,0,0,0,1,0,1,1,0,0
92.398096,0,0,0,0,0,0,0,0,1
92.403449,0,1,0,0,0,0,0,0,1
92.410322,1,1,1,0,1,0,0,1,0
92.418929,0,0,1,0,0,0,0,0,0
92.428434,0,0,1,0,0,0,0,0,0
92.439256,0,1,1,0,0,0,0,0,0
92.451663,0,0,0,1,0,1,0,0,1
92.489485,0,0,1,0,0,0,0,0,0
92.496051,0,0,0,0,0,1,1,0,1
92.499180,0,0,0,1,0,0,0,0,0
92.507873,1,0,0,0,1,0,0,0,0
92.528087,0,0,1,0,0,0,0,0,0
92.546874,0,0,0,0,0,1,1,1,1
92.548743,0,0,0,1,0,0,0,0,0
92.565365,1,0,0,0,0,0,1,0,0
92.575393,1,1,0,0,0,0,0,0,0
92.578903,0,0,1,0,1,0,0,1,0
92.598090,0,0,0,1,1,1,1,0,1
92.598497,0,0,0,0,0,0,0,1,0
92.608679,1,1,0,0,1,0,0,1,0
92.625385,0,1,0,0,0,0,0,0,0
92.636851,0,1,1,0,0,0,0,0,0
92.650965,0,0,0,1,0,1,1,0,1
92.664823,1,0,0,0,0,0,0,0,0
92.684639,0,0,1,0,1,0,0,1,0
92.698732,0,0,0,1,0,1,0,0,0
92.708967,0,1,0,0,0,0,1,0,1
92.719367,1,0,0,0,1,0,0,0,0
92.748750,0,0,1,1,0,1,1,0,0
92.756409,0,0,0,0,0,0,0,1,0
92.757542,0,0,0,0,0,0,0,0,1
92.765844,1,0,0,0,1,0,0,1,0
92.781035,0,1,0,0,0,0,0,0,0
92.786297,0,1,0,0,0,0,0,0,0
92.797307,0,0,1,0,0,1,0,0,0
92.800587,0,0,0,1,0,0,1,0,1
92.812481,1,0,0,0,0,0,0,0,0
92.824430,0,0,0,0,1,0,0,1,0
92.832764,0,0,1,0,0,0,0,0,0
92.850471,0,1,0,1,0,1,1,0,1
92.869035,1,0,0,0,0,0,0,0,0
92.889370,0,0,1,0,1,0,0,1,0
92.898121,0,0,0,1,0,1,1,0,1
92.910300,1,1,0,0,0,0,0,0,0
92.929855,0,0,1,0,0,0,0,0,0
92.951387,0,0,0,1,1,1,0,1,1
92.981387,0,1,1,0,0,0,1,0,0
93.000003,1,0,0,1,0,1,0,0,0
93.050875,0,0,0,1,1,1,0,1,1
93.065120,0,0,0,0,0,0,1,0,1
93.066302,0,0,0,0,0,0,1,0,0
93.077666,1,1,0,0,0,0,0,0,0
93.084017,1,0,1,0,1,0,0,1,0
93.090224,0,0,0,0,1,0,0,0,0
93.096748,0,0,1,0,0,1,0,1,1
93.101461,0,0,0,1,0,0,0,0,0
93.109439,0,1,0,0,0,0,1,0,0
93.120068,1,1,0,0,1,0,0,1,0
93.132120,0,0,1,0,0,0,0,0,0
93.146679,0,1,0,0,0,1,0,0,0
93.149577,0,0,0,1,0,0,1,0,1
93.164577,1,0,0,0,1,0,0,0,0
93.179608,0,0,1,0,0,0,0,1,0
93.201767,0,1,0,1,0,1,0,0,1
93.214365,0,0,0,0,0,0,1,0,0
93.230494,1,0,0,0,1,0,0,1,0
93.239647,0,0,1,0,0,0,0,0,0
93.246309,0,0,0,0,0,1,0,0,0
93.248012,0,0,0,1,0,0,1,0,0
93.258065,1,1,0,0,0,0,0,0,1
93.298033,0,0,1,1,1,1,1,1,0
93.318033,1,1,0,0,1,0,0,1,1
93.348033,0,1,1,1,0,1,0,0,0
93.396244,0,0,0,0,0,1,1,0,1
93.397156,0,0,0,0,0,0,0,0,1
93.398368,0,0,0,1,0,0,1,0,0
93.411867,1,0,0,0,0,0,0,0,0
93.417678,1,0,0,0,1,0,0,0,0
93.435726,0,0,1,0,1,0,0,0,0
93.436975,0,0,1,0,0,0,0,1,0
93.449972,0,0,0,1,0,1,1,0,1
93.463401,1,1,0,0,0,0,0,0,0
93.489434,0,0,1,0,0,0,0,0,0
93.499011,0,0,0,1,0,1,1,1,0
93.509726,1,0,0,0,1,0,0,0,0
93.524106,0,1,0,0,0,0,0,0,0
93.548927,0,0,0,1,1,1,1,1,0
93.568927,1,1,0,0,0,0,0,1,1
93.598199,0,1,0,1,1,1,0,1,0
93.598563,0,0,0,0,0,0,1,0,1
93.600366,0,0,1,0,0,0,0,0,1
93.618305,1,1,0,0,1,0,0,0,0
93.626768,0,0,0,0,0,0,0,1,0
93.634743,0,0,1,0,0,0,0,0,0
93.639741,0,0,1,0,0,0,0,0,0
93.646948,0,1,0,0,0,1,0,0,1
93.648500,0,0,0,1,0,0,0,0,0
93.677041,0,0,1,0,0,0,0,0,0
93.693705,0,0,0,0,0,0,1,0,0
93.698799,0,0,0,1,0,1,1,0,1
93.711327,1,0,0,0,0,0,0,0,0
93.717088,1,0,0,0,0,0,0,0,0
93.733392,0,0,1,0,1,0,0,1,0
93.749680,0,0,0,1,1,1,0,1,0
93.759276,0,1,0,0,0,0,0,0,1
93.779200,0,1,0,0,0,0,0,0,0
93.796825,0,0,1,0,0,1,0,0,1
93.797630,0,0,0,0,0,0,1,0,0
93.800255,0,0,0,1,0,0,0,0,0
93.813842,1,0,0,0,0,0,1,0,0
93.825078,1,0,0,0,0,0,0,0,0
93.827925,0,0,1,0,1,0,0,0,0
93.851161,0,0,0,1,1,1,0,1,1
93.881161,0,1,1,0,0,0,0,0,0
93.896922,0,0,0,0,0,1,1,0,1
93.899324,0,0,0,1,0,0,0,1,0
93.905611,0,0,0,0,0,0,1,0,0
93.915766,1,0,0,0,1,0,0,0,0
93.924365,1,1,0,0,0,0,0,1,0
93.925536,0,0,0,0,1,0,0,1,0
93.934490,0,0,1,0,0,0,0,0,0
93.946214,0,1,0,0,0,1,0,0,1
93.947073,0,1,0,0,0,0,0,0,0
93.950652,0,0,0,1,0,0,0,0,0
93.978902,0,0,1,0,0,0,1,0,0
93.998283,1,0,0,1,0,1,0,0,0
94.046262,0,0,0,0,1,1,0,1,1
94.047256,0,0,0,0,0,0,1,0,1
94.050879,0,0,0,1,0,0,1,0,0
94.066292,1,1,0,0,0,0,0,0,0
94.069404,1,0,0,0,0,0,0,0,0
94.072185,0,0,0,0,1,0,0,1,0
94.073231,0,0,0,0,1,0,0,0,0
94.075113,0,0,0,0,0,0,0,1,0
94.079667,0,0,1,0,0,0,0,0,0
94.081568,0,0,1,0,0,0,0,0,0
94.099421,0,1,0,1,0,1,0,0,1
94.100684,0,1,0,0,0,0,0,0,0
94.132633,0,0,1,0,0,0,1,0,0
94.148562,1,0,0,1,1,1,0,0,0
94.180957,0,0,0,0,0,0,0,0,1
94.199421,0,0,0,1,0,1,0,1,0
94.209689,0,0,0,0,0,0,1,0,0
94.219505,0,1,1,0,0,0,0,0,1
94.219597,0,0,0,0,0,0,1,0,0
94.227550,1,0,0,0,1,0,0,0,0
94.231312,1,0,0,0,1,0,0,0,0
94.251279,0,0,1,1,0,1,1,1,0
94.271279,1,1,0,0,0,0,0,0,1
94.291280,0,0,0,0,0,0,0,1,0
94.301364,0,0,1,1,1,1,0,0,0
94.319405,0,1,0,0,0,0,1,0,0
94.337796,1,0,0,0,0,0,0,0,0
94.350518,0,0,0,1,0,1,1,0,1
94.369690,1,0,0,0,1,0,0,1,0
94.374966,0,0,0,0,0,0,0,1,1
94.385467,0,0,1,0,0,0,0,0,0
94.399397,0,1,0,1,1,1,1,1,1
94.404966,0,1,1,0,0,0,0,0,0
94.414725,1,0,0,0,1,0,0,0,0
94.423321,0,1,0,0,0,0,0,1,0
94.435112,0,0,1,0,0,0,0,0,0
94.450431,0,1,0,1,0,1,1,0,1
94.469090,1,0,0,0,0,0,0,0,0
94.487420,0,0,1,0,1,0,0,0,0
94.499995,0,0,0,1,0,1,0,0,1
94.538518,0,0,1,0,0,0,1,0,0
94.546078,0,0,0,0,0,1,0,1,0
94.550753,1,0,0,1,1,0,1,1,1
94.563919,1,0,0,0,1,0,0,1,0
94.575222,0,1,0,0,0,0,0,0,0
94.578341,0,1,0,0,0,0,0,0,0
94.581685,0,0,1,0,0,0,0,0,0
94.592877,0,1,0,0,0,0,0,0,0
94.599589,0,0,0,1,0,1,0,0,1
94.634436,0,0,1,0,0,0,0,0,0
94.646575,0,0,0,0,0,1,1,0,1
94.649407,0,0,0,1,0,0,1,0,0
94.657612,1,0,0,0,1,0,0,0,0
94.663913,1,0,0,0,0,0,0,0,0
94.669355,0,0,0,0,1,0,0,0,0
94.678984,0,0,1,0,0,0,0,0,0
94.698816,0,0,0,1,0,1,1,1,1
94.703309,0,0,0,0,0,0,0,1,0
94.717044,1,0,0,0,1,0,0,1,0
94.728816,0,1,1,0,0,0,0,0,0
94.732428,0,1,0,0,0,0,0,0,0
94.744413,0,1,0,0,0,0,0,0,0
94.746222,0,0,0,0,0,1,0,0,1
94.748107,0,0,0,1,0,0,0,0,0
94.780528,0,0,1,0,0,0,1,0,0
94.799643,1,0,0,1,1,1,1,1,0
94.814374,1,0,0,0,1,0,0,1,0
94.817585,0,0,0,0,0,0,0,0,1
94.825419,0,1,0,0,0,0,0,0,0
94.834827,0,1,0,0,0,0,0,0,0
94.850623,0,0,1,1,0,1,1,0,1
94.860683,1,0,0,0,1,0,0,0,0
94.889657,0,0,1,0,0,0,0,0,0
94.893311,0,0,0,0,0,0,0,1,0
94.896303,0,0,0,0,0,1,0,0,1
94.899277,0,0,0,1,0,0,0,0,0
94.921361,0,1,0,0,0,0,1,0,0
94.931514,1,0,1,0,0,0,0,0,0
94.948812,0,0,0,1,0,1,1,0,0
94.950992,0,0,0,0,1,0,0,0,1
94.966907,1,0,0,0,1,0,0,1,0
94.982830,0,0,1,0,0,0,0,0,0
94.990747,0,1,0,0,0,0,0,1,0
94.999134,0,0,0,1,0,1,1,0,0
95.012027,1,1,0,0,1,0,0,1,1
95.042027,0,1,1,0,0,0,0,0,0
95.048611,0,0,0,1,0,1,0,0,1
95.079027,0,0,1,0,0,0,0,0,0
95.096261,0,0,0,0,0,1,1,0,0
95.097016,0,0,0,0,0,0,0,0,1
95.098795,0,0,0,1,0,0,1,0,0
95.111321,1,0,0,0,1,0,0,1,0
95.115782,1,0,0,0,1,0,0,0,0
95.136113,0,1,1,0,0,0,0,1,0
95.150965,0,0,0,1,0,1,1,0,0
95.154902,0,0,0,0,0,0,0,0,1
95.158885,0,1,0,0,0,0,0,0,0
95.167008,1,0,0,0,0,0,0,0,0
95.187542,0,0,1,0,0,0,0,0,0
95.196440,0,0,0,0,1,1,0,1,0
95.198885,0,0,0,1,0,0,0,0,1
95.211949,0,0,0,0,0,0,1,0,0
95.225692,1,1,0,0,1,0,0,1,0
95.234264,0,0,1,0,0,0,0,0,0
95.246166,0,1,0,0,0,1,0,0,1
95.251434,0,0,0,1,0,0,0,0,0
95.280576,0,0,1,0,0,0,1,0,0
95.298680,1,0,0,1,0,1,0,0,0
95.348787,0,0,0,1,1,1,0,0,0
95.398720,0,0,0,1,0,1,0,1,1
95.428720,0,1,1,0,0,0,0,0,1
95.432833,0,0,0,0,0,0,1,0,0
95.443879,1,0,0,0,1,0,1,1,0
95.448624,0,0,0,1,0,1,0,0,1
95.457307,1,0,0,0,1,0,1,0,1
95.462610,0,0,1,0,0,0,1,0,0
95.463567,0,0,0,0,0,0,0,1,0
95.469086,1,1,0,0,1,0,0,1,0
95.481478,1,0,1,0,1,0,0,1,0
95.484527,0,1,0,0,0,0,0,0,0
95.497230,0,1,1,0,0,1,0,0,0
95.498091,0,0,0,1,0,0,0,0,0
95.509474,0,1,0,0,0,0,1,0,0
95.519758,1,0,0,0,1,0,0,1,0
95.536242,0,0,0,0,0,0,0,0,1
95.548639,0,1,0,1,0,1,1,0,0
95.558729,1,0,0,0,1,0,0,1,0
95.569527,0,0,1,0,0,0,0,0,0
95.577184,0,0,0,0,0,0,0,0,1
95.587709,0,1,0,0,0,0,0,0,0
95.596148,0,0,0,0,0,1,0,0,0
95.597077,0,0,0,0,0,0,0,0,1
95.601116,0,0,0,1,0,0,1,0,0
95.612965,1,0,1,0,1,0,0,1,0
95.634366,0,1,1,0,0,0,0,0,0
95.648356,0,0,0,1,0,1,0,0,1
95.682641,0,0,1,0,0,0,1,0,0
95.694800,1,0,0,0,1,0,0,1,0
95.700092,0,0,0,1,0,1,1,0,0
95.719082,1,1,0,0,1,0,0,1,1
95.746911,0,1,0,0,0,1,0,0,0
95.748011,0,0,0,1,0,0,0,0,0
95.754993,0,0,1,0,0,0,1,0,1
95.771104,1,0,0,0,0,0,0,0,0
95.789392,0,0,1,0,0,0,0,0,0
95.796110,0,0,0,0,1,1,0,1,0
95.800692,0,0,0,1,0,0,0,0,1
95.811797,0,0,0,0,0,0,1,0,0
95.822700,1,1,0,0,0,0,0,0,0
95.824398,0,0,0,0,1,0,0,0,0
95.837359,0,0,1,0,0,0,0,1,0
95.846208,0,0,0,0,0,1,0,0,0
95.849292,0,0,0,1,0,0,0,0,0
95.862240,0,1,0,0,0,0,0,0,1
95.896965,0,0,1,0,0,1,1,0,1
95.898203,0,0,0,1,0,0,0,0,0
95.910513,1,0,0,0,0,0,1,0,0
95.929515,1,0,1,0,0,0,0,0,0
95.948409,0,0,0,1,0,1,0,0,1
95.986773,0,0,1,0,1,0,1,0,0
95.998508,1,0,0,1,1,1,0,1,1
96.028508,0,1,1,0,0,0,1,0,0
96.048055,1,0,0,1,1,1,1,1,0
96.049962,0,0,0,0,0,0,0,1,0
96.059114,1,0,0,0,1,0,0,1,0
96.062769,0,0,0,0,0,0,0,0,1
96.070297,0,1,0,0,0,0,0,0,0
96.076023,0,1,0,0,1,0,0,1,0
96.079998,0,1,0,0,0,0,0,0,0
96.096106,0,1,1,0,0,1,0,0,1
96.100405,0,0,0,1,0,0,1,0,0
96.113921,1,0,0,0,1,0,0,0,0
96.116396,0,0,0,0,0,0,0,1,0
96.134463,0,0,1,0,0,0,0,0,0
96.146278,0,1,0,0,0,1,0,0,1
96.150038,0,0,0,1,0,0,0,0,0
96.176447,0,0,1,0,0,0,1,0,0
96.196180,1,0,0,0,0,1,0,0,1
96.199322,0,0,0,1,1,0,1,0,0
96.211409,1,0,0,0,0,0,0,1,0
96.218865,0,0,0,0,1,0,0,1,0
96.232999,0,1,1,0,0,0,0,0,0
96.246430,0,1,0,0,0,1,0,0,0
96.247125,0,0,0,0,0,0,0,0,1
96.248494,0,0,0,1,0,0,0,0,0
96.277125,0,0,1,0,0,0,1,0,0
96.297112,1,0,0,0,1,1,0,0,0
96.298251,0,0,0,1,0,0,1,0,1
96.313975,1,0,0,0,0,0,0,0,0
96.325532,0,0,0,0,1,0,0,1,0
96.329701,0,0,1,0,0,0,0,0,0
96.346333,0,1,0,0,0,1,0,0,1
96.347268,0,0,0,0,0,0,0,1,0
96.348703,0,0,0,1,0,0,0,0,0
96.371872,0,1,0,0,0,0,0,0,0
96.374622,0,0,0,0,0,0,1,0,0
96.376592,0,0,1,0,0,0,0,0,0
96.386586,1,0,0,0,0,0,0,0,0
96.399098,0,0,0,1,0,1,0,0,1
96.433171,0,0,1,0,1,0,1,0,0
96.448581,1,0,0,1,1,1,0,1,1
96.474541,0,1,0,0,0,0,0,1,0
96.476802,0,0,0,0,0,0,1,0,0
96.487587,1,0,1,0,1,0,0,1,0
96.498934,0,1,0,1,0,1,0,0,1
96.517320,0,1,0,0,0,0,0,0,0
96.538490,0,0,1,0,0,0,1,0,0
96.548059,0,0,0,1,0,1,1,0,1
96.558140,1,0,0,0,1,0,0,1,0
96.561709,1,0,0,0,1,0,0,0,0
96.578062,0,0,1,0,0,0,0,0,0
96.578101,0,0,0,0,0,0,0,1,0
96.586995,0,1,0,0,0,0,0,0,0
96.596236,0,0,0,0,0,1,0,0,0
96.598024,0,0,0,1,0,0,0,0,1
96.598151,0,1,0,0,0,0,0,0,0
96.629194,0,0,1,0,0,0,1,0,0
96.646485,1,0,0,0,1,1,0,0,1
96.647059,0,0,0,0,0,0,0,1,0
96.649044,0,0,0,1,0,0,1,0,0
96.667662,1,1,0,0,0,0,0,0,0
96.669595,0,0,0,0,1,0,0,0,0
96.674412,0,0,0,0,0,0,0,1,0
96.686191,0,0,1,0,0,0,0,0,0
96.699620,0,1,0,1,0,1,0,0,1
96.731848,0,0,1,0,0,0,1,0,0
96.746862,1,0,0,0,1,1,0,0,1
96.750818,0,0,0,1,0,0,1,0,0
96.767039,1,0,0,0,1,0,0,0,0
96.785399,0,0,1,0,0,0,0,0,0
96.799886,0,0,0,1,0,1,1,0,1
96.815902,1,0,0,0,1,0,0,0,0
96.825456,0,0,0,0,0,0,0,1,0
96.830458,0,0,1,0,0,0,0,0,0
96.849160,0,1,0,1,0,1,1,0,0
96.850673,0,0,0,0,0,0,0,1,1
96.860070,1,0,0,0,1,0,0,0,0
96.869303,0,0,0,0,0,0,0,1,0
96.880673,0,1,1,0,0,0,0,0,0
96.898405,0,1,0,1,0,1,0,0,1
96.907491,0,0,0,0,0,0,1,0,0
96.917790,1,0,0,0,1,0,0,1,0
96.938261,0,1,1,0,0,0,0,1,0
96.946711,0,0,0,0,0,1,0,0,0
96.951156,0,0,0,1,0,0,0,0,0
96.952303,0,0,0,0,0,0,1,0,1
96.966699,1,1,0,0,0,0,0,0,0
96.988232,0,0,1,0,1,0,0,0,0
96.998777,0,0,0,1,0,1,0,0,0
97.002315,0,0,0,0,0,0,1,0,0
97.013631,1,0,0,0,1,0,0,1,1
97.039263,0,1,0,0,0,0,0,0,0
97.050217,0,0,1,1,0,1,0,0,1
97.087891,0,0,1,0,0,0,1,0,0
97.097931,1,0,0,0,0,1,0,0,0
97.101493,0,0,0,1,0,0,1,1,0
97.121493,1,1,0,0,1,0,0,0,0
97.122643,0,0,0,0,1,0,0,1,0
97.146180,0,1,0,0,0,1,0,1,0
97.150182,0,0,0,1,0,0,0,0,0
97.163349,0,0,0,0,0,0,0,0,1
97.164544,0,0,0,0,0,0,1,0,0
97.175494,1,1,0,0,1,0,0,0,1
97.194365,0,0,1,0,0,0,0,1,0
97.199370,0,0,0,1,0,1,1,0,1
97.206322,0,0,1,0,0,0,0,0,0
97.211009,1,0,0,0,1,0,0,0,0
97.212297,0,0,0,0,0,0,0,1,0
97.218325,0,1,0,0,0,0,0,0,0
97.230752,0,0,1,0,0,0,0,0,0
97.238705,0,1,0,0,0,0,0,0,0
97.250965,0,0,0,1,0,1,0,0,1
97.262686,0,0,0,0,0,0,1,0,0
97.281799,1,0,1,0,0,0,0,0,0
97.296778,0,0,0,0,1,1,0,0,0
97.301165,0,0,0,1,0,0,0,1,0
97.327142,0,1,0,0,0,0,1,0,1
97.346831,1,0,0,0,0,1,0,0,0
97.347218,0,0,0,0,1,0,0,0,0
97.351165,0,0,0,1,0,0,1,1,1
97.367105,1,0,1,0,1,0,0,1,0
97.372662,0,1,0,0,0,0,0,0,0
97.388646,0,1,1,0,0,0,0,0,0
97.398788,0,0,0,1,0,1,0,0,1
97.433334,0,0,1,0,0,0,0,0,0
97.446796,0,0,0,0,0,1,1,0,0
97.448576,0,0,0,1,0,0,1,0,0
97.455068,0,0,0,0,0,0,0,0,1
97.461499,1,0,0,0,0,0,0,0,0
97.464356,1,0,0,0,1,0,0,0,0
97.494001,0,0,1,0,1,0,0,0,0
97.498128,0,0,0,1,0,1,1,0,1
97.516816,1,0,0,0,1,0,0,0,0
97.518430,0,0,0,0,0,0,0,1,0
97.524409,0,0,0,0,0,0,0,1,0
97.529858,0,0,1,0,0,0,0,0,0
97.548008,0,1,0,1,0,1,1,0,0
97.549651,0,1,0,0,0,0,0,1,1
97.562411,1,0,0,0,0,0,0,0,0
97.579651,0,1,1,0,0,0,0,0,0
97.596282,0,0,0,0,0,1,0,0,1
97.598000,0,0,0,1,1,0,1,0,0
97.609454,1,0,0,0,1,0,0,0,0
97.630723,0,0,1,0,0,0,0,1,0
97.648000,0,0,0,1,0,1,1,1,0
97.649514,0,0,0,0,0,0,0,0,1
97.658564,1,1,0,0,0,0,0,0,0
97.670928,0,1,0,0,1,0,0,1,0
97.684377,0,0,1,0,0,0,0,0,0
97.694054,0,1,0,0,0,0,0,0,0
97.700370,0,0,0,1,0,1,1,0,1
97.712437,1,0,0,0,0,0,0,0,0
97.732125,0,0,1,0,1,0,0,1,0
97.746903,0,0,0,0,0,1,0,0,0
97.750878,0,0,0,1,0,0,1,0,0
97.754709,0,1,0,0,0,0,0,0,0
97.764374,1,0,0,0,0,0,0,0,0
97.796824,0,0,0,0,1,1,0,0,1
97.798374,0,0,0,1,0,0,1,1,0
97.805656,0,0,0,0,0,0,0,0,1
97.818374,1,1,0,0,1,0,0,0,0
97.820781,0,0,0,0,0,0,0,1,0
97.835321,0,0,1,0,0,0,0,0,0
97.839577,0,0,1,0,0,0,0,0,0
97.848216,0,1,0,1,0,1,0,0,0
97.896202,0,0,0,0,0,1,0,0,0
97.897158,0,0,0,0,0,0,1,0,1
97.897579,0,0,0,0,0,0,0,0,1
97.899577,0,0,0,1,0,0,1,0,0
97.914851,1,0,0,0,0,0,0,0,0
97.918564,1,0,0,0,1,0,0,0,0
97.935487,0,0,1,0,1,0,0,0,0
97.937342,0,0,1,0,0,0,0,1,0
97.946256,0,0,0,0,0,1,0,0,0
97.949945,0,0,0,1,0,0,1,1,0
97.963062,1,1,0,0,1,0,0,0,1
97.964520,0,0,0,0,0,0,0,1,0
97.977633,0,1,0,0,0,0,0,0,0
97.993791,0,1,1,0,0,0,0,0,0
97.996723,0,0,0,0,0,1,0,0,1
98.000667,0,0,0,1,0,0,1,0,0
98.020486,1,0,0,0,0,0,0,0,0
98.022211,0,0,0,0,1,0,0,1,0
98.027902,0,0,1,0,0,0,0,0,0
98.050441,0,1,0,1,0,1,0,0,1
98.083890,0,0,1,0,0,0,1,0,0
98.100775,1,0,0,1,0,1,1,0,0
98.116633,1,0,0,0,1,0,0,1,0
98.146440,0,1,0,0,1,1,0,0,0
98.150501,0,0,0,1,0,0,0,1,0
98.158117,0,0,0,0,0,0,1,0,0
98.168280,1,0,0,0,1,0,0,0,1
98.179800,0,1,0,0,0,0,0,0,1
98.196258,0,0,0,0,0,1,0,1,1
98.198039,0,0,0,1,0,0,0,0,0
98.198160,0,0,0,0,0,0,1,0,0
98.208165,1,0,1,0,1,0,0,1,0
98.212081,0,0,1,0,0,0,0,0,0
98.226258,0,1,1,0,0,0,0,0,0
98.232463,0,1,0,0,0,0,0,0,0
98.249860,0,0,0,1,0,1,1,0,1
98.266823,1,0,0,0,1,0,0,0,0
98.284668,0,0,1,0,0,0,0,0,0
98.298675,0,0,0,1,0,1,1,0,1
98.315586,1,0,0,0,1,0,0,1,0
98.329831,0,0,1,0,0,0,0,1,0
98.341670,0,1,0,0,0,0,0,0,0
98.348492,0,0,0,1,0,1,0,0,1
98.356586,0,1,0,0,0,0,0,0,0
98.376781,0,0,0,0,0,0,1,0,0
98.387900,1,0,1,0,1,0,0,1,0
98.396577,0,0,0,0,0,1,0,0,0
98.397539,0,0,0,0,0,0,0,0,1
98.398553,0,0,0,1,0,0,0,0,0
98.409684,0,1,0,0,0,0,0,0,0
98.430697,0,0,1,0,0,0,1,0,0
98.450103,1,0,0,1,0,1,0,0,1
98.482133,0,0,1,0,1,0,0,1,0
98.496428,0,0,0,0,0,1,0,0,1
98.500830,0,0,0,1,0,0,0,0,0
98.507794,0,1,0,0,0,0,0,0,0
98.534959,0,0,1,0,0,0,0,0,0
98.546602,0,0,0,0,0,1,1,0,1
98.549015,0,0,0,1,0,0,0,0,0
98.550810,0,0,0,0,0,0,1,0,0
98.557988,1,0,0,0,1,0,0,0,0
98.569577,1,0,0,0,0,0,0,1,0
98.582080,0,0,1,0,0,0,0,0,0
98.598405,0,1,0,1,1,1,1,0,0
98.618249,1,0,0,0,0,0,1,1,1
98.626729,0,0,0,0,1,0,0,1,0
98.638249,1,1,0,0,1,0,0,1,0
98.646813,0,1,0,0,0,1,0,0,1
98.648041,0,0,0,1,0,0,0,0,0
98.648145,0,0,0,0,0,0,1,0,0
98.658189,1,0,1,0,1,0,0,1,0
98.661092,0,1,0,0,0,0,0,0,0
98.678634,0,1,1,0,0,0,0,0,0
98.699484,0,0,0,1,0,1,0,0,1
98.723154,0,0,0,0,0,0,1,0,0
98.738170,1,0,1,0,1,0,0,1,0
98.750406,0,0,0,1,0,1,0,0,0
98.762455,0,1,0,0,0,0,0,0,0
98.779907,0,0,0,0,0,0,0,0,1
98.801927,0,0,0,1,0,1,0,0,0
98.807743,0,0,0,0,0,0,1,0,0
98.813939,0,0,1,0,0,0,1,0,1
98.822168,1,0,0,0,1,0,0,0,0
98.832103,1,0,0,0,0,0,0,1,0
98.850956,0,0,1,1,1,1,0,0,0
98.861450,0,1,0,0,0,0,1,0,0
98.873291,1,0,0,0,0,0,0,1,1
98.896335,0,1,0,0,1,1,0,1,0
98.897304,0,0,0,0,0,0,0,0,1
98.900663,0,0,0,1,0,0,0,0,0
98.902108,0,0,0,0,0,0,1,0,0
98.912234,1,0,1,0,1,0,0,0,0
98.913376,0,0,0,0,0,0,0,1,0
98.917928,0,1,0,0,0,0,0,0,0
98.930143,0,0,1,0,0,0,0,0,0
98.933989,0,1,0,0,0,0,0,0,0
98.946655,0,0,0,0,0,1,0,0,0
98.950254,0,0,0,1,0,0,0,0,1
98.969629,0,0,0,0,0,0,1,0,0
98.979663,1,0,0,0,1,0,0,0,0
98.987782,0,0,1,0,0,0,0,1,0
98.999400,0,0,0,1,0,1,0,0,0
99.016182,0,1,0,0,0,0,0,0,1
99.046443,0,0,1,0,0,1,1,0,1
99.048908,0,0,0,1,0,0,1,0,0
99.059982,1,0,0,0,0,0,0,0,0
99.065797,1,0,0,0,0,0,0,0,0
99.084248,0,0,1,0,1,0,0,1,0
99.093992,0,0,0,0,1,0,0,0,0
99.100835,0,0,0,1,0,1,0,1,1
99.104865,0,1,0,0,0,0,0,0,0
99.114643,0,0,0,0,0,0,1,0,0
99.129546,1,1,0,0,1,0,0,0,0
99.135943,0,0,1,0,0,0,0,1,0
99.148367,0,0,0,1,0,1,0,0,1
99.159968,0,1,0,0,0,0,0,0,0
99.187520,0,0,1,0,0,0,0,0,0
99.196693,0,0,0,0,0,1,0,0,0
99.197086,0,0,0,0,0,0,1,0,0
99.201041,0,0,0,1,0,0,0,0,0
99.211108,1,0,0,0,0,0,0,0,0
99.230236,0,0,0,0,1,0,1,0,1
99.248475,1,0,0,1,1,1,1,0,1
99.258837,1,0,0,0,0,0,0,0,0
99.259805,0,0,0,0,1,0,0,0,0
99.265573,0,0,1,0,0,0,0,0,0
99.279725,0,0,1,0,0,0,0,1,0
99.296231,0,0,0,0,0,1,0,1,1
99.301582,0,1,0,1,0,0,0,0,0
99.318802,0,1,0,0,0,0,1,1,0
99.327022,0,0,1,0,0,0,0,0,0
99.332608,1,0,0,0,0,0,0,0,0
99.348236,0,1,0,1,0,1,0,0,0
99.398737,0,0,0,1,1,1,1,1,0
99.410707,1,0,0,0,0,0,1,0,1
99.416174,0,0,0,0,1,0,0,0,0
99.420707,1,1,0,0,0,0,0,1,0
99.446897,0,1,1,0,1,1,0,0,1
99.450312,0,0,0,1,0,0,0,1,1
99.477906,0,1,1,0,0,0,1,0,0
99.484488,0,0,1,0,0,0,0,0,0
99.491654,1,0,0,0,1,0,0,0,0
99.499033,0,0,0,1,0,1,1,1,0
99.519033,1,1,0,0,0,0,0,0,0
99.548707,0,0,0,1,1,1,0,0,0
99.591394,0,0,0,0,0,0,1,0,1
99.596773,0,0,0,0,0,1,0,1,0
99.601939,1,0,0,1,1,0,1,1,0
99.612743,1,0,0,0,1,0,0,1,0
99.618316,0,1,0,0,0,0,0,0,1
99.627327,0,1,1,0,0,0,0,0,0
99.630752,0,0,0,0,0,0,0,0,1
99.637072,0,1,0,0,0,0,0,0,0
99.648055,0,0,0,1,0,1,1,0,1
99.658272,1,0,1,0,1,0,0,0,0
99.670322,0,0,1,0,0,0,0,1,0
99.685312,0,0,1,0,0,0,0,0,0
99.696945,0,1,0,0,0,1,0,0,0
99.697283,0,0,0,0,0,0,0,0,1
99.700676,0,0,0,1,0,0,0,0,0
99.733089,0,0,1,0,0,0,0,0,0
99.746598,0,0,0,0,0,1,1,0,1
99.749303,0,0,0,1,0,0,1,0,0
99.758805,1,0,0,0,1,0,0,1,0
99.764536,1,0,0,0,0,0,0,0,0
99.783547,0,1,1,0,0,0,0,0,0
99.792842,0,0,0,0,1,0,0,1,0
99.801506,0,0,0,1,0,1,0,0,0
99.818902,0,1,0,0,0,0,0,0,0
99.846655,0,0,0,0,0,1,0,0,1
99.847400,0,0,0,0,0,0,1,0,0
99.847700,0,0,0,0,0,0,0,0,1
99.851761,0,0,0,1,0,0,1,0,0
99.867143,1,0,0,0,1,0,0,1,0
99.868676,1,0,0,0,0,0,0,0,0
99.881065,0,0,1,0,1,0,0,1,0
99.885725,0,0,1,0,0,0,0,0,0
99.896458,0,1,0,0,0,1,0,0,1
99.901811,0,1,0,1,0,0,0,0,0
99.916764,0,0,0,0,0,0,1,0,0
99.928533,1,0,1,0,0,0,0,0,0
99.946091,0,0,0,0,1,1,0,1,0
99.948412,0,0,0,1,0,0,1,0,1
99.967814,1,1,0,0,1,0,0,1,0
99.982148,0,0,1,0,0,0,0,0,0
99.994811,0,1,0,0,0,0,0,0,0
99.996610,0,0,0,0,0,1,0,0,0
99.997560,0,0,0,0,0,0,0,0,1
100.001969,0,0,0,1,0,0,1,0,0
100.017561,1,0,0,0,1,0,0,0,0
100.029815,0,0,1,0,0,0,0,1,0
100.050638,0,1,0,1,0,1,1,0,0
100.062624,1,0,0,0,1,0,0,1,1
100.090120,0,1,0,0,0,0,0,0,0
100.093436,0,0,1,0,0,0,0,0,0
100.096501,0,0,0,0,0,1,0,0,1
100.098563,0,0,0,1,0,0,1,0,0
100.113068,1,0,0,0,1,0,0,0,0
100.122876,0,0,0,0,0,0,0,1,0
100.128632,0,0,1,0,0,0,0,0,0
100.151677,0,1,0,1,0,1,1,0,1
100.161855,1,0,0,0,1,0,0,0,0
100.189378,0,0,1,0,0,0,0,1,0
100.198925,0,0,0,1,0,1,1,0,0
100.216205,1,1,0,0,1,0,0,1,0
100.246189,0,1,0,0,0,1,0,0,0
100.248174,0,0,0,1,0,0,0,0,1
100.284762,0,0,1,0,0,0,1,0,1
100.301417,1,0,0,1,1,1,0,0,0
100.308065,0,0,0,0,0,0,0,1,0
100.320410,0,0,1,0,0,0,0,0,1
100.322071,0,0,0,0,0,0,1,0,0
100.329049,0,1,0,0,0,0,0,0,0
100.337434,1,0,0,0,0,0,0,0,0
100.341380,0,0,0,0,1,0,0,1,0
100.348129,0,0,0,1,0,1,0,0,0
100.354860,0,0,1,0,0,0,1,0,0
100.359897,0,0,0,0,0,0,0,0,1
100.362636,0,1,0,0,0,0,0,0,0
100.365124,1,0,0,0,1,0,0,1,0
100.387168,0,1,0,0,0,0,0,0,0
100.399730,0,0,1,1,0,1,1,0,1
100.412824,1,0,0,0,0,0,0,0,0
100.429805,0,0,1,0,1,0,0,1,0
100.450003,0,1,0,1,0,1,0,0,0
100.501349,0,0,0,1,0,1,0,0,0
100.537257,0,0,0,0,0,0,1,0,1
100.547375,1,0,0,0,0,1,0,0,0
100.547688,0,0,0,0,0,0,1,0,0
100.551218,0,0,0,1,0,0,0,0,0
100.567411,1,0,1,0,1,0,0,1,1
100.596044,0,1,0,0,1,1,0,1,0
100.600086,0,0,1,1,0,0,1,0,0
100.612396,1,0,0,0,0,0,0,0,1
100.614172,0,0,0,0,1,0,0,1,0
100.616120,0,1,0,0,0,0,0,0,1
100.640723,0,1,0,0,0,0,0,0,0
100.641489,0,0,0,0,0,0,1,0,0
100.644834,0,0,1,0,0,0,0,0,0
100.651489,1,0,1,1,0,1,1,0,1
100.671461,1,0,0,0,1,0,0,1,0
100.674990,0,0,0,0,1,0,0,1,0
100.691482,0,1,1,0,0,0,0,0,0
100.694994,0,1,0,0,0,0,0,0,0
100.696978,0,0,0,0,0,1,0,0,1
100.699714,0,0,0,1,0,0,0,0,0
100.731656,0,0,1,0,0,0,0,0,0
100.746759,0,0,0,0,0,1,0,0,1
100.747271,0,0,0,0,0,0,1,0,0
100.749826,0,0,0,1,0,0,1,0,0
100.761263,1,0,0,0,0,0,0,0,0
100.763567,1,0,0,0,0,0,0,0,0
100.783798,0,0,1,0,1,0,0,0,0
100.796745,0,0,0,0,1,1,0,0,0
100.798046,0,0,0,1,0,0,0,1,0
100.819368,0,1,0,0,0,0,1,1,1
100.833150,1,0,0,0,0,0,0,0,0
100.848212,0,1,0,1,1,1,1,0,0
100.858226,1,0,1,0,0,0,0,0,1
100.898181,0,0,1,1,0,1,1,0,1
100.916911,1,0,0,0,1,0,0,0,0
100.919523,0,0,0,0,1,0,0,1,0
100.934385,0,0,1,0,0,0,0,1,0
100.939703,0,1,0,0,0,0,0,1,0
100.948549,0,0,0,1,0,1,0,0,0
100.960809,0,1,0,0,0,0,1,0,0
100.965668,0,1,0,0,0,0,0,0,0
100.977894,1,0,0,0,1,0,0,1,0
100.998983,0,1,0,1,0,1,1,0,1
101.018209,1,0,0,0,1,0,0,1,0
101.036286,0,0,1,0,0,0,0,0,1
101.046038,0,1,0,0,0,1,0,0,0
101.051792,0,0,0,1,0,0,0,0,1
101.071239,0,0,1,0,0,0,0,0,0
101.085486,0,0,1,0,0,0,1,0,0
101.098786,1,0,0,1,1,1,0,1,1
101.128786,0,1,1,0,0,0,0,0,0
101.146814,0,0,0,0,0,1,0,0,0
101.150730,0,0,0,1,0,0,0,0,0
101.199744,0,0,0,1,0,1,1,0,0
101.210703,1,0,0,0,1,0,1,0,1
101.223367,1,0,0,0,1,0,0,0,1
101.242564,0,0,1,0,0,0,0,0,0
101.250742,0,0,0,1,0,1,0,0,1
101.255920,0,0,1,0,0,0,1,0,0
101.267176,1,0,0,0,1,0,0,0,0
101.269923,0,0,0,0,0,0,0,1,0
101.274297,0,0,0,0,0,0,1,0,0
101.287997,1,0,1,0,1,0,0,1,0
101.290300,0,1,0,0,0,0,0,0,0
101.301102,0,0,0,1,0,1,0,1,0
101.306146,0,0,0,0,0,0,0,1,1
101.307045,0,0,0,0,0,0,1,0,0
101.317799,1,1,0,0,1,0,0,0,0
101.323856,0,1,0,0,0,0,0,1,0
101.328434,0,1,0,0,0,0,0,0,0
101.344715,0,1,1,0,0,0,0,0,0
101.348400,0,0,0,1,0,1,1,0,1
101.363153,1,0,0,0,1,0,0,1,0
101.379338,0,0,1,0,0,0,0,0,0
101.383411,0,1,0,0,0,0,0,0,0
101.400942,0,0,0,1,0,1,0,0,0
101.448443,0,0,0,1,0,1,1,0,0
101.464526,1,0,0,0,1,0,0,0,1
101.496691,0,0,1,0,0,1,1,1,0
101.497005,0,0,0,0,0,0,0,0,1
101.498907,0,0,0,1,0,0,0,0,1
101.507079,1,0,0,0,0,0,0,0,0
101.511785,0,0,0,0,1,0,1,0,0
101.524537,1,1,0,0,0,0,0,1,0
101.533963,0,0,1,0,0,0,0,0,0
101.536644,0,0,1,0,0,0,0,0,0
101.549898,0,1,0,1,1,1,0,0,0
101.601025,0,0,0,1,0,1,0,1,1
101.629039,0,1,0,0,0,0,1,0,0
101.639352,1,0,1,0,0,0,1,0,1
101.650276,1,0,0,1,0,1,0,0,0
101.675596,0,0,1,0,1,0,0,1,1
101.690505,0,0,0,0,1,0,0,1,0
101.698219,0,1,0,1,0,1,1,0,0
101.713221,1,1,1,0,0,0,0,0,1
101.746918,0,0,1,0,1,1,1,0,0
101.750467,0,0,0,1,0,0,0,0,0
101.761186,1,0,0,0,0,0,0,0,1
101.796857,0,0,1,0,1,1,0,1,0
101.801294,0,0,0,1,0,0,0,0,1
101.806660,0,0,0,0,0,0,0,1,0
101.824487,0,1,0,0,0,0,0,0,0
101.825640,0,0,0,0,0,0,1,0,0
101.828104,0,1,0,0,0,0,1,0,0
101.832992,0,0,1,0,0,0,0,0,0
101.843031,1,0,0,0,1,0,0,1,0
101.846513,1,0,0,0,0,1,0,0,1
101.850860,0,0,0,1,1,0,1,0,0
101.868686,1,1,0,0,0,0,0,1,0
101.882572,0,0,1,0,0,0,0,0,0
101.885331,0,0,0,0,1,0,0,0,0
101.898562,0,1,0,1,0,1,1,0,0
101.915994,1,0,0,0,0,0,0,1,1
101.939380,0,1,0,0,1,0,0,1,0
101.951595,0,0,1,1,0,1,1,0,0
101.959685,0,1,0,0,0,0,0,0,1
101.965881,1,0,0,0,1,0,0,0,0
101.990663,0,0,1,0,0,0,0,1,0
102.000038,0,0,0,1,0,1,0,0,0
102.019142,0,1,0,0,0,0,0,0,1
102.048004,0,0,0,1,0,1,1,0,0
102.048902,0,0,0,0,0,0,1,0,1
102.058884,1,0,1,0,1,0,0,1,0
102.065898,1,0,0,0,1,0,0,0,0
102.078890,0,1,0,0,0,0,0,1,0
102.086488,0,0,1,0,0,0,0,0,0
102.100056,0,1,0,1,0,1,1,0,1
102.114675,1,0,0,0,1,0,0,1,0
102.137475,0,1,1,0,0,0,0,0,0
102.146787,0,0,0,0,0,1,0,0,0
102.148489,0,0,0,1,0,0,0,0,0
102.175809,0,0,0,0,0,0,1,0,0
102.177578,0,0,0,0,0,0,0,0,1
102.193861,1,0,0,0,1,0,0,1,0
102.199898,0,0,0,1,0,1,1,0,1
102.216210,1,1,1,0,1,0,0,1,0
102.229999,0,0,1,0,0,0,0,0,0
102.246208,0,1,0,0,0,1,0,0,0
102.249437,0,0,0,1,0,0,1,0,1
102.260313,1,0,0,0,1,0,0,1,0
102.287245,0,1,1,0,0,0,0,0,0
102.296338,0,0,0,0,0,1,0,0,0
102.300951,0,0,0,1,0,0,1,0,1
102.320481,1,0,0,0,0,0,0,0,0
102.326074,0,0,0,0,1,0,0,1,0
102.337038,0,0,1,0,0,0,0,0,0
102.351835,0,1,0,1,0,1,1,0,0
102.364345,1,0,0,0,0,0,0,0,1
102.400579,0,0,1,1,0,1,0,0,0
102.446688,0,0,0,0,1,1,1,0,1
102.449285,0,0,0,1,0,0,0,1,0
102.460770,1,0,0,0,0,0,0,0,1
102.465266,0,0,0,0,0,0,1,0,0
102.475367,1,1,0,0,1,0,0,1,0
102.482303,0,0,1,0,1,0,0,1,0
102.500671,0,1,1,1,0,1,1,0,1
102.509038,0,1,0,0,0,0,0,0,0
102.519798,1,0,0,0,1,0,0,1,0
102.537390,0,0,1,0,0,0,0,0,0
102.546156,0,1,0,0,0,1,0,0,0
102.548418,0,0,0,1,0,0,1,0,0
102.553622,0,0,0,0,0,0,0,0,1
102.562704,1,0,0,0,0,0,0,0,0
102.590194,0,0,1,0,1,0,0,1,0
102.600529,0,0,0,1,0,1,0,0,1
102.614075,0,1,0,0,0,0,0,0,0
102.635745,0,0,1,0,0,0,0,0,0
102.637677,0,0,0,0,0,0,1,0,0
102.647793,1,0,0,0,1,1,0,0,0
102.647897,0,0,0,0,0,0,0,0,1
102.647948,0,0,0,0,0,0,0,1,0
102.651534,0,0,0,1,0,0,1,0,0
102.665943,1,0,0,0,0,0,0,0,0
102.677946,0,1,1,0,0,0,0,0,0
102.699257,0,0,0,1,0,1,0,0,0
102.730354,0,0,0,0,1,0,1,0,1
102.748905,1,0,0,1,1,1,0,1,0
102.769487,0,1,1,0,0,0,1,1,0
102.789487,1,1,0,0,0,0,0,0,0
102.801225,0,0,0,1,1,1,0,0,0
102.848366,0,0,0,1,0,1,0,1,0
102.875502,0,1,0,0,0,0,1,0,1
102.888522,1,0,0,0,1,0,1,1,0
102.896049,0,0,0,0,0,1,0,0,1
102.897026,0,0,0,0,0,0,0,0,1
102.898085,0,0,0,1,0,0,0,0,1
102.902118,1,0,0,0,1,0,0,1,0
102.905819,0,0,1,0,0,0,1,0,0
102.911967,0,1,0,0,0,0,0,0,0
102.924028,1,1,0,0,1,0,0,0,0
102.925029,0,0,0,0,0,0,0,1,0
102.932200,0,0,1,0,0,0,0,0,0
102.934375,0,0,1,0,0,0,0,0,0
102.936632,0,0,1,0,0,0,0,0,0
102.950994,0,1,0,1,0,1,0,0,1
102.957511,0,0,0,0,0,0,1,0,0
102.976488,1,0,0,0,1,0,0,0,0
102.981186,0,0,1,0,0,0,0,1,0
102.996028,0,0,0,0,0,1,0,0,0
103.001505,0,1,0,1,0,0,0,0,0
103.046704,0,0,0,0,0,1,0,0,1
103.047563,0,0,0,0,0,0,1,0,0
103.051165,0,0,0,1,0,0,0,0,0
103.066427,1,0,0,0,0,0,1,0,1
103.071836,0,0,0,0,1,0,0,1,0
103.076543,1,0,0,0,0,0,0,0,0
103.085162,0,0,1,0,1,0,0,0,0
103.096477,0,1,1,0,0,1,0,0,0
103.098806,0,0,0,1,0,0,0,1,0
103.111806,0,0,0,0,0,0,0,0,1
103.113977,0,0,0,0,0,0,1,0,0
103.124920,1,1,0,0,1,0,0,1,0
103.150414,0,1,1,1,0,1,1,0,0
103.166978,1,0,0,0,1,0,0,1,0
103.196024,0,1,0,0,0,1,0,0,1
103.197018,0,0,0,0,0,0,0,0,1
103.199529,0,0,0,1,0,0,0,0,0
103.231142,0,0,1,0,0,0,1,0,0
103.233638,0,0,1,0,0,0,0,0,0
103.250543,1,0,0,1,1,1,0,1,1
103.280543,0,1,1,0,0,0,1,0,0
103.299338,1,0,0,1,0,1,0,0,0
103.346085,0,0,0,0,0,1,0,0,1
103.350855,0,0,0,1,1,0,1,0,1
103.365061,1,0,0,0,1,0,0,1,0
103.370649,0,0,0,0,0,0,1,1,0
103.385072,1,1,1,0,1,0,0,1,0
103.388416,0,0,1,0,0,0,0,0,0
103.398283,0,1,0,1,0,1,0,0,0
103.408406,0,1,0,0,0,0,1,0,0
103.426934,1,0,0,0,1,0,0,1,0
103.446214,0,0,0,0,0,1,0,0,1
103.446956,0,1,0,0,0,0,0,0,1
103.448719,0,0,0,1,0,0,1,0,0
103.466771,1,0,0,0,1,0,0,1,0
103.485423,0,0,1,0,0,0,0,0,0
103.486257,0,0,1,0,0,0,0,0,0
103.496715,0,1,0,0,0,1,0,0,0
103.497139,0,0,0,0,0,0,0,0,1
103.498540,0,0,0,1,0,0,0,0,0
103.533856,0,0,1,0,0,0,0,0,0
103.546012,0,0,0,0,0,1,1,0,1
103.551034,0,0,0,1,0,0,0,0,0
103.557297,1,0,0,0,0,0,1,0,0
103.569869,1,0,0,0,1,0,0,0,0
103.578001,0,0,1,0,0,0,0,1,0
103.600667,0,1,0,1,1,1,0,0,0
103.651529,0,0,0,1,0,1,0,1,1
103.657002,0,0,0,0,0,0,0,0,1
103.661114,0,0,0,0,0,0,1,0,0
103.679453,1,1,0,0,1,0,0,0,0
103.680525,0,0,0,0,0,0,1,1,0
103.683659,0,0,1,0,0,0,0,0,0
103.696629,1,0,1,0,0,1,0,0,1
103.700587,0,1,0,1,1,0,1,1,0
103.711242,1,0,0,0,1,0,0,0,0
103.729337,0,1,1,0,0,0,0,0,0
103.749394,0,0,0,1,0,1,0,0,0
103.786144,0,0,0,0,0,0,0,1,0
103.788508,0,0,0,0,0,0,0,0,1
103.796019,0,0,0,0,0,1,1,0,0
103.797015,0,0,0,0,0,0,0,0,1
103.799319,0,0,0,1,0,0,0,0,0
103.807242,1,1,0,0,1,0,0,0,0
103.809775,0,0,0,0,0,0,1,1,0
103.820600,1,0,1,0,1,0,0,1,0
103.827431,0,0,1,0,0,0,0,0,0
103.834907,0,1,0,0,0,0,0,0,0
103.848132,0,1,0,1,0,1,1,0,1
103.860549,1,0,0,0,1,0,0,1,0
103.879052,0,0,1,0,0,0,0,0,0
103.883954,0,1,0,0,0,0,0,0,0
103.901319,0,0,0,1,0,1,0,0,0
103.924129,0,0,0,0,0,0,1,0,0
103.942821,1,0,0,0,1,0,0,1,1
103.951568,0,0,0,1,0,1,1,0,0
103.970001,1,1,0,0,0,0,0,0,0
103.976523,0,0,1,0,0,0,0,0,0
104.000862,0,0,0,1,1,1,1,0,0
104.012387,1,0,0,0,1,0,0,1,0
104.036209,0,1,0,0,0,0,0,1,1
104.046260,0,0,0,0,0,1,0,0,1
104.048167,0,0,0,1,0,0,0,0,0
104.049310,0,0,0,0,0,0,1,0,1
104.060719,1,1,0,0,1,0,0,1,0
104.071805,0,0,1,0,0,0,0,0,0
104.084759,0,1,1,0,0,0,0,0,0
104.087169,0,0,1,0,0,0,0,0,0
104.099676,0,0,0,1,0,1,1,0,1
104.119655,1,0,0,0,1,0,0,1,0
104.137600,0,0,1,0,0,0,0,0,0
104.144040,0,1,0,0,0,0,0,0,0
104.149009,0,0,0,1,0,1,0,0,1
104.159550,0,0,0,0,0,0,1,0,0
104.179241,1,0,1,0,1,0,0,0,0
104.198084,0,0,0,1,0,1,0,0,1
104.199959,0,0,0,0,0,0,1,1,0
104.219959,1,1,0,0,0,0,0,0,0
104.231811,0,0,1,0,0,0,0,0,0
104.246759,0,0,0,0,0,1,0,0,0
104.248111,0,0,0,1,0,0,1,0,0
104.265078,1,0,0,0,1,0,0,0,0
104.301004,0,0,0,1,1,1,0,1,1
104.307542,0,0,0,0,0,0,1,0,1
104.319601,1,0,0,0,1,0,0,1,0
104.328746,0,1,0,0,0,0,0,1,0
104.340445,0,1,1,0,0,0,0,0,0
104.346060,0,0,1,0,0,1,0,0,1
104.348093,0,0,0,1,0,0,0,0,0
104.358548,0,1,0,0,0,0,1,0,0
104.376628,1,0,1,0,1,0,0,0,0
104.399100,0,0,0,1,0,1,0,1,0
104.410976,0,0,0,0,0,0,0,0,1
104.424740,0,1,0,0,0,0,0,0,0
104.443276,0,0,1,0,0,0,1,0,0
104.450091,0,0,0,1,0,1,1,0,0
104.454259,1,0,0,0,1,0,0,1,0
104.458572,0,0,0,0,0,0,0,0,1
104.464955,1,0,0,0,1,0,0,0,0
104.474930,0,1,0,0,0,0,0,1,0
104.494933,0,1,1,0,0,0,0,0,0
104.500061,0,0,0,1,0,1,1,0,1
104.517229,1,0,0,0,1,0,0,0,0
104.526521,0,0,0,0,0,0,0,1,0
104.536401,0,0,1,0,0,0,0,0,0
104.546168,0,0,0,0,0,1,0,0,1
104.546785,0,1,0,0,0,0,0,0,0
104.549090,0,0,0,1,0,0,0,0,0
104.555009,0,0,0,0,0,0,1,0,0
104.572349,1,0,0,0,1,0,0,0,0
104.576300,0,0,1,0,0,0,0,1,0
104.596538,0,1,0,0,0,1,0,0,0
104.601411,0,0,0,1,0,0,1,0,0
104.619194,1,0,0,0,1,0,0,0,0
104.649662,0,0,0,1,0,1,1,0,1
104.662485,1,0,0,0,0,0,0,1,0
104.688789,0,1,1,0,1,0,0,1,0
104.700222,0,0,0,1,0,1,0,0,0
104.713691,0,1,0,0,0,0,0,0,1
104.746356,0,0,1,0,0,1,0,0,1
104.750146,0,0,0,1,0,0,0,0,0
104.779031,0,0,1,0,0,0,0,0,1
104.796783,0,0,0,0,0,1,1,0,0
104.797250,0,0,0,0,0,0,1,0,0
104.799275,0,0,0,1,0,0,1,0,1
104.806827,1,0,0,0,1,0,0,1,0
104.815520,1,0,1,0,1,0,0,0,0
104.818750,1,0,0,0,0,0,0,0,0
104.826986,0,1,0,0,1,0,0,1,0
104.831076,0,0,1,0,0,0,0,1,0
104.849397,0,1,0,1,0,1,1,0,0
104.860216,1,1,0,0,1,0,0,1,0
104.880548,0,1,0,0,0,0,0,0,0
104.896997,0,0,0,0,0,1,0,0,1
104.899987,0,0,0,1,0,0,1,0,0
104.907324,0,0,0,0,0,0,0,0,1
104.911150,1,0,0,0,1,0,0,1,0
104.928423,0,0,1,0,0,0,0,0,0
104.932360,0,1,0,0,0,0,0,0,0
104.947174,0,0,1,0,0,1,0,0,1
104.951250,0,0,0,1,0,0,1,0,0
104.967693,1,0,0,0,1,0,0,0,0
104.983519,0,0,1,0,0,0,0,0,0
105.000324,0,0,0,1,0,1,1,0,0
105.008349,0,0,0,0,0,0,0,1,1
105.018936,1,0,0,0,1,0,0,1,0
105.038349,0,1,1,0,0,0,0,0,0
105.048695,0,1,0,1,0,1,0,0,0
105.080134,0,0,0,0,0,0,1,0,1
105.093871,1,0,0,0,0,0,0,0,0
105.100703,0,0,0,1,1,1,0,0,1
105.116050,0,0,1,0,0,0,1,1,0
105.134631,1,0,1,0,0,0,0,0,0
105.140181,0,1,0,0,1,0,0,1,0
105.146207,0,0,0,0,0,1,0,0,0
105.147165,0,0,0,0,0,0,0,0,1
105.151325,0,0,0,1,0,0,1,0,0
105.164813,1,1,0,0,1,0,0,0,0
105.174871,0,0,0,0,0,0,0,1,0
105.182910,0,0,1,0,0,0,0,0,0
105.199642,0,1,0,1,0,1,1,0,1
105.216757,1,0,0,0,1,0,0,0,0
105.237615,0,0,1,0,0,0,0,1,0
105.246946,0,0,0,0,0,1,0,0,1
105.250935,0,0,0,1,0,0,1,0,0
105.263812,1,1,0,0,1,0,0,0,0
105.282002,0,0,1,0,0,0,0,0,0
105.299684,0,0,0,1,0,1,0,0,1
105.317322,0,0,0,0,0,0,0,1,0
105.339561,0,1,1,0,0,0,0,0,0
105.346364,0,0,0,0,0,1,0,0,1
105.351781,0,0,0,1,0,0,1,0,0
105.365322,1,0,0,0,1,0,1,0,0
105.383642,1,0,1,0,1,0,0,1,0
105.401731,0,0,0,1,0,1,0,0,0
105.402685,0,0,0,0,0,0,0,1,0
105.405453,0,1,0,0,0,0,0,0,0
105.424510,0,1,0,0,0,0,1,0,0
105.439642,1,0,0,0,0,0,0,0,0
105.446835,0,0,0,0,0,1,0,0,0
105.447487,0,0,0,0,1,0,0,0,0
105.451262,0,0,0,1,0,0,1,1,1
105.471262,1,1,0,0,1,0,0,0,1
105.491148,0,0,1,0,0,0,0,0,0
105.499904,0,0,0,1,0,1,0,1,0
105.500412,0,0,0,0,0,0,1,0,1
105.510837,1,0,1,0,0,0,0,0,0
105.514319,0,0,0,0,1,0,0,1,0
105.527404,0,1,0,0,0,0,0,0,0
105.537968,0,1,1,0,0,0,0,0,0
105.546186,0,0,0,0,0,1,0,0,1
105.551121,0,0,0,1,0,0,1,0,0
105.563301,1,0,0,0,0,0,0,0,0
105.577834,0,0,1,0,0,0,0,0,0
105.583741,0,0,0,0,1,0,0,1,0
105.599853,0,0,0,1,0,1,1,0,0
105.605298,0,1,0,0,0,0,0,0,0
105.611772,1,0,0,0,1,0,0,0,0
105.646731,0,0,0,0,0,1,0,0,1
105.649313,0,0,0,1,0,0,1,0,1
105.662370,1,0,0,0,0,0,0,0,0
105.672031,0,0,0,0,1,0,0,1,0
105.675644,0,0,0,0,0,0,0,1,0
105.678753,0,0,1,0,0,0,0,0,0
105.680446,0,0,1,0,0,0,0,0,0
105.701200,0,1,0,1,0,1,1,0,1
105.704723,0,1,0,0,0,0,0,0,0
105.716200,1,0,0,0,0,0,0,0,0
105.724202,0,0,0,0,1,0,0,0,0
105.734785,0,0,1,0,0,0,0,1,0
105.746416,0,0,0,0,0,1,0,0,0
105.751858,0,0,0,1,0,0,1,0,1
105.762008,1,1,0,0,1,0,0,1,0
105.781899,0,0,1,0,0,0,0,0,0
105.786356,0,1,0,0,0,0,0,0,0
105.800698,0,0,0,1,0,1,0,0,1
105.834156,0,0,1,0,0,0,1,0,0
105.846024,1,0,0,0,0,1,0,0,0
105.848928,0,0,0,1,1,0,0,1,0
105.878036,0,1,0,0,0,0,1,0,0
105.896833,1,0,0,0,0,1,0,0,0
105.899126,0,0,0,1,0,0,1,0,1
105.909461,1,0,0,0,1,0,0,0,0
105.934255,0,0,1,0,0,0,0,0,1
105.950630,0,0,0,1,0,1,1,1,0
105.965245,1,0,1,0,0,0,0,0,1
105.978108,0,1,0,0,1,0,0,1,0
105.996417,0,0,1,0,1,1,0,1,0
105.998027,0,0,0,1,0,0,0,0,0
106.005659,0,1,0,0,0,0,1,0,1
106.015725,1,0,0,0,0,0,0,0,0
106.020212,0,1,0,0,1,0,0,0,0
106.027345,0,0,0,0,0,0,0,1,0
106.036012,0,0,1,0,0,0,0,0,0
106.051006,0,1,0,1,0,1,1,0,1
106.061883,1,0,0,0,0,0,0,0,0
106.072612,0,0,0,0,1,0,0,1,0
106.082038,0,0,1,0,0,0,0,0,0
106.100067,0,1,0,1,0,1,0,0,0
106.149877,0,0,0,1,0,1,1,0,0
106.153457,0,0,0,0,0,0,1,0,1
106.167599,1,0,0,0,0,0,0,0,1
106.168828,1,0,0,0,0,0,0,0,0
106.172927,0,0,0,0,1,0,0,0,0
106.183892,0,0,1,0,0,0,0,1,0
106.199217,0,0,1,1,1,1,1,0,0
106.206938,0,1,0,0,0,0,0,1,0
106.214818,1,0,0,0,1,0,0,0,0
106.220901,0,0,0,0,0,0,0,1,1
106.234878,0,1,0,0,0,0,0,0,0
106.246921,0,1,0,0,0,1,0,0,1
106.248079,0,0,0,1,0,0,0,0,0
106.257141,0,0,1,0,0,0,0,0,0
106.279956,0,0,1,0,0,0,0,0,0
106.283445,0,0,0,0,0,0,1,0,0
106.296220,1,0,0,0,0,1,0,0,1
106.300402,0,0,0,1,0,0,1,0,0
106.316873,1,0,0,0,1,0,0,0,0
106.329462,0,0,1,0,0,0,0,1,0
106.350077,0,1,0,1,0,1,0,0,1
106.382077,0,0,1,0,0,0,1,0,0
106.394398,1,0,0,0,1,0,0,1,0
106.398360,0,0,0,1,1,1,1,1,0
106.408419,1,0,0,0,1,0,0,1,0
106.410506,0,0,0,0,0,0,0,0,1
106.416948,0,1,0,0,0,0,0,0,0
106.421498,0,1,0,0,0,0,0,0,0
106.434289,0,1,0,0,0,0,0,0,0
106.449159,0,0,1,1,0,1,1,0,0
106.462367,1,0,0,0,1,0,0,0,0
106.501607,0,0,0,1,0,1,1,1,1
106.521607,1,1,0,0,1,0,0,1,0
106.534222,0,0,1,0,0,0,0,0,0
106.549386,0,1,0,1,0,1,1,0,0
106.562701,1,0,0,0,1,0,0,1,1
106.567076,0,0,0,0,0,0,0,0,1
106.590931,0,1,0,0,0,0,0,0,0
106.600308,0,0,1,1,0,1,1,0,0
106.606115,0,0,1,0,0,0,0,0,1
106.614290,1,0,0,0,0,0,0,0,0
106.646096,0,0,1,0,1,1,0,1,1
106.650645,0,0,0,1,0,0,0,0,0
106.659083,0,0,0,0,0,0,1,0,0
106.676096,1,1,1,0,0,0,0,0,0
106.700986,0,0,0,1,0,1,1,0,0
106.718136,1,0,0,0,1,0,0,0,0
106.725098,0,0,0,0,1,0,0,1,0
106.739363,0,0,0,0,0,0,0,1,0
106.745161,0,1,0,0,0,0,0,0,0
106.750944,0,0,0,1,0,1,1,0,1
106.755711,0,0,0,0,0,0,0,0,1
106.761015,1,1,0,0,1,0,0,0,0
106.774029,0,0,0,0,0,0,0,1,0
106.781361,0,0,1,0,0,0,0,0,0
106.792505,0,0,1,0,0,0,0,0,0
106.794522,0,1,0,0,0,0,0,0,0
106.796719,0,0,0,0,0,1,0,0,0
106.801937,0,0,0,1,0,0,1,0,1
106.816586,1,0,0,0,1,0,0,0,0
106.837070,0,0,1,0,0,0,0,1,0
106.848714,0,0,0,1,0,1,1,0,0
106.862940,1,1,0,0,1,0,0,1,0
106.890706,0,1,0,0,0,0,0,0,0
106.900367,0,0,0,1,0,1,1,0,0
106.918357,1,0,0,0,1,0,0,0,0
106.944301,0,0,0,0,0,0,0,1,1
106.946277,0,0,0,0,0,1,0,0,1
106.951698,0,0,0,1,0,0,0,0,0
106.974301,0,1,1,0,0,0,1,0,0
106.984768,1,0,1,0,0,0,0,0,0
106.996093,0,0,0,0,0,1,0,0,1
107.001546,0,0,0,1,1,0,1,0,0
107.019618,1,0,0,0,0,0,0,0,1
107.024919,0,0,0,0,0,0,0,1,0
107.025599,0,0,0,0,1,0,0,1,0
107.033960,0,0,1,0,0,0,0,0,0
107.051445,0,1,1,1,0,1,0,0,0
107.054258,0,1,0,0,0,0,1,0,0
107.068294,1,0,0,0,0,0,0,0,0
107.069650,0,0,0,0,1,0,0,0,1
107.098447,0,0,0,1,0,1,1,1,1
107.109519,1,0,1,0,1,0,0,1,0
107.128447,0,1,1,0,0,0,0,0,0
107.135288,0,1,0,0,0,0,0,0,0
107.146270,0,0,0,0,0,1,0,0,0
107.151828,0,0,0,1,0,0,1,0,1
107.170728,1,0,0,0,1,0,0,0,0
107.190451,0,0,1,0,0,0,0,1,0
107.198945,0,0,0,1,0,1,0,0,0
107.201346,0,0,0,0,0,0,1,0,0
107.218490,1,1,0,0,1,0,0,0,1
107.246436,0,0,0,0,0,1,0,1,0
107.251308,0,0,1,1,0,0,1,0,0
107.268152,1,1,0,0,1,0,0,0,0
107.301111,0,0,0,1,0,1,1,0,0
107.307880,0,0,0,0,0,0,0,1,0
107.315004,1,0,0,0,1,0,0,0,0
107.326192,0,0,0,0,0,0,0,1,0
107.337045,0,1,0,0,0,0,0,0,0
107.346085,0,0,0,0,0,1,0,0,0
107.351200,0,1,0,1,0,0,1,0,0
107.358974,0,0,0,0,0,0,0,0,1
107.365473,1,0,0,0,1,0,0,0,0
107.398028,0,0,1,1,0,1,0,1,1
107.428028,0,1,1,0,0,0,1,0,0
107.448006,1,0,0,1,1,1,1,0,1
107.467135,1,0,0,0,1,0,0,0,1
107.483504,0,0,1,0,0,0,0,1,1
107.497493,0,0,1,0,0,1,0,0,1
107.498519,0,0,0,1,0,0,1,0,0
107.508708,1,1,0,0,1,0,0,1,0
107.512202,0,0,0,0,0,0,0,1,0
107.522783,0,0,1,0,0,0,0,0,0
107.530965,0,1,1,0,0,0,0,0,0
107.539675,0,1,0,0,0,0,0,0,0
107.548185,0,0,0,1,0,1,1,0,0
107.561909,1,0,0,0,1,0,0,0,1
107.592369,0,0,1,0,0,0,0,0,0
107.601821,0,0,0,1,0,1,0,1,1
107.626016,0,1,0,0,0,0,1,0,0
107.639412,1,0,1,0,0,0,0,0,0
107.651268,0,0,0,1,1,1,0,0,1
107.659306,0,0,0,0,0,0,0,1,0
107.679747,0,1,0,0,0,0,0,0,0
107.684475,0,0,1,0,0,0,1,0,0
107.696046,1,0,0,0,1,1,0,1,0
107.699906,0,0,0,1,0,0,1,0,0
107.714958,1,0,0,0,0,0,0,0,0
107.720253,0,1,0,0,1,0,0,1,0
107.746732,0,1,0,0,0,1,0,0,0
107.751837,0,0,0,1,0,0,0,0,0
107.798595,0,0,0,1,0,1,1,0,0
107.816766,1,0,0,0,0,0,0,0,0
107.820612,0,0,0,0,1,0,1,1,1
107.830648,1,0,0,0,1,0,0,1,1
107.846516,0,1,0,0,0,1,0,0,1
107.849056,0,0,0,1,0,0,0,0,0
107.853748,0,1,1,0,0,0,0,0,1
107.855528,0,0,0,0,0,0,1,0,0
107.869269,1,0,1,0,1,0,0,1,0
107.886128,0,0,1,0,0,0,0,0,0
107.888190,0,0,1,0,0,0,0,0,0
107.898715,0,1,0,1,0,1,0,0,0
107.951046,0,0,0,1,0,1,0,0,0
107.996060,0,0,0,0,0,1,0,0,1
108.001509,0,0,0,1,0,0,1,0,1
108.014552,1,0,0,0,1,0,1,0,0
108.022939,0,0,0,0,0,0,1,1,0
108.026750,1,0,1,0,1,0,0,0,0
108.033598,1,0,1,0,1,0,0,0,0
108.051023,0,1,0,1,0,1,0,0,0
108.096221,0,0,0,0,0,1,1,1,1
108.101083,0,0,0,1,0,0,0,0,1
108.112324,1,0,0,0,0,0,0,0,0
108.126221,0,1,1,0,1,0,0,1,1
108.127396,0,0,0,0,0,0,0,1,0
108.140698,0,0,1,0,0,0,0,0,0
108.146715,0,1,0,0,0,1,1,0,0
108.147663,0,1,0,0,0,0,0,0,0
108.151307,0,0,0,1,0,0,0,0,1
108.159147,1,0,1,0,0,0,0,0,0
108.184461,0,0,1,0,1,0,1,0,0
108.196434,1,0,0,0,0,1,0,0,0
108.201594,0,0,0,1,1,0,1,0,0
108.220353,1,0,0,0,1,0,0,1,1
108.244221,0,1,0,0,0,0,0,0,0
108.250902,0,0,1,1,0,1,0,1,1
108.267078,0,0,0,0,0,0,0,1,0
108.280902,0,1,1,0,0,0,0,0,0
108.285927,0,0,0,0,0,0,1,0,0
108.296129,1,1,0,0,0,1,0,0,0
108.297005,0,0,0,0,1,0,0,0,0
108.298566,0,0,0,1,0,0,1,1,0
108.318566,1,1,0,0,1,0,0,1,0
108.348276,0,1,0,1,0,1,1,0,0
108.356220,0,0,0,0,0,0,0,0,1
108.357221,0,0,0,0,0,0,0,0,1
108.358807,1,0,0,0,1,0,0,0,0
108.386909,0,0,1,0,0,0,0,0,0
108.393101,0,0,1,0,0,0,0,0,0
108.396922,0,0,0,0,0,1,0,1,1
108.400561,0,0,0,1,0,0,1,0,0
108.412832,1,0,0,0,0,0,0,0,0
108.414533,0,0,0,0,1,0,0,1,0
108.417101,0,1,0,0,0,0,0,0,0
108.428128,0,0,1,0,0,0,0,0,0
108.442146,0,1,0,0,0,0,0,0,0
108.446199,0,0,0,0,0,1,0,0,0
108.449785,0,0,0,1,0,0,1,0,1
108.463510,1,0,0,0,1,0,0,0,0
108.487004,0,0,1,0,0,0,0,1,0
108.500598,0,0,0,1,0,1,0,0,1
108.504809,0,0,0,0,0,0,1,0,0
108.514988,1,1,0,0,1,0,0,1,0
108.540088,0,1,1,0,0,0,0,0,0
108.550554,0,0,0,1,0,1,0,0,1
108.588559,0,0,1,0,0,0,0,0,0
108.596846,0,0,0,0,0,1,0,0,1
108.598800,0,0,0,1,0,0,0,0,0
108.619650,0,0,0,0,0,0,1,0,0
108.632199,1,0,1,0,1,0,1,0,0
108.646324,1,0,0,0,1,1,0,1,0
108.651252,0,0,0,1,0,0,1,0,1
108.669627,1,1,0,0,0,0,0,0,0
108.689231,0,0,1,0,1,0,0,1,0
108.698870,0,0,0,1,0,1,0,0,1
108.715567,0,1,0,0,0,0,0,0,0
108.725986,0,0,0,0,0,0,1,0,0
108.737203,1,0,1,0,1,0,0,1,0
108.746691,0,0,0,0,0,1,0,1,1
108.751313,0,0,0,1,0,0,0,0,0
108.766870,0,1,0,0,0,0,1,0,0
108.776691,0,1,1,0,0,0,0,0,0
108.780791,1,0,0,0,0,0,0,0,0
108.796163,0,0,0,0,1,1,0,1,1
108.801052,0,0,0,1,0,0,0,0,0
108.813375,0,0,0,0,0,0,1,0,0
108.824177,1,1,0,0,1,0,0,1,0
108.827286,0,0,1,0,0,0,0,0,0
108.846278,0,1,0,0,0,1,0,0,1
108.851333,0,0,0,1,0,0,0,0,0
108.883735,0,0,1,0,0,0,1,0,0
108.894459,1,0,0,0,1,0,0,1,0
108.900695,0,0,0,1,0,1,1,0,0
108.912982,1,0,0,0,1,0,0,1,0
108.913893,0,0,0,0,0,0,0,0,1
108.923876,0,1,0,0,0,0,0,0,0
108.940091,0,1,0,0,0,0,0,0,0
108.950984,0,0,1,1,0,1,0,0,1
108.977773,0,0,0,0,0,0,1,0,0
108.990089,1,0,1,0,1,0,0,0,0
108.999568,0,0,0,1,0,1,1,0,1
109.017641,1,0,0,0,0,0,0,0,0
109.032851,0,0,1,0,0,0,0,0,0
109.050342,0,0,0,1,1,1,1,0,0
109.058181,0,0,0,0,0,0,0,0,1
109.070241,1,0,0,0,0,0,0,0,0
109.096116,0,0,1,0,0,1,0,0,1
109.097015,0,0,0,0,1,0,0,1,0
109.098941,0,0,0,1,0,0,0,1,0
109.124565,0,1,0,0,0,0,1,1,0
109.127458,0,1,1,0,0,0,0,0,0
109.144565,1,1,0,0,0,0,0,0,0
109.150349,0,0,0,1,0,1,0,0,0
109.171442,0,0,0,0,1,0,0,1,1
109.192279,0,1,0,0,0,0,0,0,0
109.201952,0,0,1,1,0,1,0,0,0
109.246670,0,0,0,0,0,1,1,0,0
109.247570,0,0,0,0,0,0,1,0,1
109.250086,0,0,0,1,0,0,1,0,1
109.257129,1,0,0,0,0,0,0,0,0
109.257350,0,0,0,0,1,0,0,1,0
109.259602,1,0,0,0,1,0,0,1,0
109.266371,1,0,0,0,1,0,0,0,0
109.279481,0,1,1,0,0,0,0,1,0
109.287654,0,1,1,0,0,0,0,0,0
109.298099,0,0,0,1,0,1,1,0,0
109.298703,0,0,0,0,0,0,0,0,1
109.302521,0,1,0,0,0,0,0,0,0
109.314410,1,0,0,0,0,0,0,0,0
109.329978,0,0,1,0,1,0,0,0,0
109.351782,0,0,0,1,0,1,0,1,0
109.379634,0,1,0,0,0,0,1,0,0
109.394734,1,0,0,0,1,0,0,1,1
109.398076,0,0,0,1,0,1,1,0,1
109.415963,1,1,0,0,1,0,0,1,0
109.430734,0,0,1,0,0,0,0,0,0
109.434200,0,0,1,0,0,0,0,0,0
109.441468,0,1,0,0,0,0,0,0,0
109.449698,0,0,0,1,0,1,0,0,1
109.485735,0,0,1,0,0,0,1,0,0
109.496446,1,0,0,0,1,1,0,1,1
109.498673,0,0,0,1,0,0,1,0,0
109.517421,1,1,0,0,1,0,0,0,0
109.535860,0,0,1,0,0,0,0,0,0
109.546888,0,0,0,0,0,1,0,1,1
109.550675,0,0,0,1,0,0,0,0,0
109.576888,0,1,1,0,0,0,0,0,0
109.600777,0,0,0,1,0,1,0,0,1
109.632941,0,0,1,0,0,0,0,0,0
109.646963,0,0,0,0,0,1,0,0,0
109.650269,0,0,0,1,0,0,1,0,1
109.669120,1,0,0,0,0,0,1,0,0
109.683328,1,0,1,0,1,0,0,0,0
109.696667,0,0,0,0,1,1,1,1,1
109.701712,0,0,0,1,0,0,0,0,0
109.702940,0,0,0,0,0,0,1,1,0
109.716667,1,1,0,0,0,0,0,0,0
109.721903,1,0,0,0,0,0,0,0,0
109.722321,0,0,0,0,1,0,0,0,0
109.732120,0,1,1,0,1,0,0,0,0
109.734319,0,0,0,0,0,0,0,1,0
109.750184,0,0,0,1,0,1,1,1,1
109.763371,1,1,0,0,1,0,0,1,0
109.770269,0,1,0,0,0,0,0,0,0
109.780323,0,0,1,0,0,0,0,0,0
109.787834,0,1,0,0,0,0,0,0,0
109.796977,0,0,0,0,0,1,0,0,1
109.801033,0,0,0,1,0,0,0,0,0
109.829147,0,0,1,0,0,0,0,0,0
109.846834,0,0,0,0,0,1,0,0,1
109.848560,0,0,0,1,0,0,0,0,0
109.877631,0,0,1,0,0,0,1,0,0
109.887763,1,0,0,0,0,0,1,0,0
109.898584,1,0,0,1,1,1,0,0,0
109.941041,0,0,0,0,0,0,0,1,1
109.950880,0,0,0,1,1,1,1,0,0
109.960932,1,0,0,0,1,0,0,0,1
109.971041,0,1,1,0,0,0,0,0,0
109.999242,0,0,1,1,0,1,1,0,0
110.018372,1,0,0,0,0,0,1,0,1
110.024048,0,0,0,0,1,0,0,0,0
110.037150,1,0,0,0,0,0,0,1,0
110.049345,0,0,1,1,1,1,1,1,0
110.062817,1,1,0,0,0,0,0,1,1
110.074400,0,1,0,0,0,0,0,1,0
110.077614,0,0,0,0,1,0,0,1,0
110.084317,0,1,0,0,0,0,0,0,0
110.093248,0,0,1,0,0,0,0,0,0
110.098308,0,1,0,1,0,1,1,0,0
110.099308,0,1,0,0,0,0,0,0,0
110.113872,1,0,0,0,1,0,0,0,1
110.150552,0,0,1,1,0,1,0,1,0
110.162916,0,0,0,0,0,0,1,0,0
110.171021,0,1,0,0,0,0,0,0,1
110.176870,1,0,0,0,1,0,0,0,0
110.196186,0,0,0,0,0,1,0,1,0
110.201284,0,0,1,1,0,0,0,0,1
110.211668,0,0,0,0,0,0,1,0,0
110.222976,1,1,0,0,1,0,0,0,0
110.229130,0,0,0,0,0,0,0,1,0
110.240894,0,0,1,0,0,0,0,0,0
110.246020,0,0,0,0,0,1,0,0,1
110.249522,0,1,0,1,0,0,1,0,0
110.264309,1,0,0,0,1,0,0,0,0
110.280255,0,0,1,0,0,0,0,1,0
110.296837,0,0,0,0,0,1,0,0,0
110.301181,0,1,0,1,0,0,1,0,0
110.320922,1,0,0,0,1,0,0,0,0
110.349470,0,0,0,1,0,1,1,0,1
110.366197,1,0,0,0,0,0,0,0,0
110.385597,0,0,1,0,1,0,0,0,0
110.389274,0,0,0,0,0,0,0,0,1
110.398359,0,0,0,1,0,1,0,0,1
110.422839,0,0,1,0,0,0,1,0,0
110.434451,1,0,1,0,1,0,0,1,0
110.446622,0,0,0,0,0,1,0,1,0
110.450916,0,0,0,1,0,0,0,1,0
110.457415,0,1,0,0,0,0,0,0,1
110.460677,0,0,0,0,0,0,1,0,0
110.468832,0,1,0,0,0,0,0,0,0
110.470753,1,0,0,0,1,0,0,0,0
110.472425,0,1,0,0,0,0,0,0,0
110.496470,0,0,1,0,0,1,0,1,0
110.500768,0,0,0,1,0,0,0,0,1
110.518386,0,1,0,0,0,0,0,0,0
110.526895,0,0,0,0,0,0,1,0,0
110.536958,1,0,1,0,0,0,0,0,0
110.546514,0,0,0,0,0,1,0,0,1
110.551615,0,0,0,1,1,0,0,0,0
110.568706,0,0,0,0,0,0,0,1,0
110.581064,0,0,1,0,0,0,1,0,0
110.596921,1,1,0,0,0,1,0,0,1
110.601070,0,0,0,1,1,0,0,0,0
110.630121,0,0,1,0,0,0,1,1,0
110.650121,1,1,0,1,1,1,0,0,1
110.661888,0,0,0,0,0,0,1,0,0
110.674950,1,0,0,0,0,0,0,1,0
110.680717,0,0,1,0,1,0,0,0,0
110.698304,0,1,0,1,0,1,0,1,1
110.728304,0,1,1,0,0,0,1,0,0
110.741856,1,0,0,0,0,0,0,0,0
110.746961,0,0,0,0,0,1,0,0,1
110.748591,0,0,0,1,0,0,1,0,0
110.765334,1,0,0,0,1,0,0,1,0
110.785519,0,1,1,0,1,0,0,1,0
110.801096,0,0,0,1,0,1,1,0,0
110.813881,1,1,0,0,1,0,0,0,1
110.850318,0,0,1,1,0,1,1,1,1
110.861028,1,0,0,0,0,0,0,0,0
110.878800,0,1,0,0,0,0,0,0,0
110.889010,0,0,1,0,0,0,0,0,0
110.899867,0,0,0,1,0,1,1,0,0
110.919264,1,0,0,0,0,0,0,0,0
110.951673,0,0,0,1,1,1,1,1,1
110.967857,1,0,0,0,1,0,0,1,0
110.976894,0,1,0,0,1,0,0,1,1
110.982764,0,0,1,0,0,0,0,0,0
110.997688,0,1,0,0,0,1,0,0,1
110.999282,0,1,0,1,0,0,0,0,0
111.014394,0,0,1,0,0,0,0,0,0
111.027818,0,0,1,0,0,0,1,0,0
111.039124,1,0,0,0,0,0,0,0,0
111.048732,0,0,0,1,1,1,0,0,1
111.080510,0,0,1,0,0,0,1,0,0
111.098797,1,0,0,1,0,1,1,0,0
111.115047,1,0,0,0,0,0,0,1,0
111.126656,0,0,0,0,0,0,0,0,1
111.130113,0,0,0,0,1,0,0,0,0
111.132057,0,0,0,0,1,0,0,0,0
111.140578,0,1,0,0,0,0,0,1,0
111.146079,0,0,0,0,0,1,0,1,0
111.147046,0,0,0,0,0,0,0,0,1
111.148294,0,0,0,1,0,0,1,0,0
111.159503,1,0,1,0,1,0,0,0,0
111.160209,0,0,0,0,0,0,0,1,0
111.160748,0,1,0,0,0,0,0,0,0
111.174677,0,1,0,0,0,0,0,0,0
111.178803,0,0,1,0,0,0,0,0,0
111.180331,0,1,0,0,0,0,0,0,0
111.198667,0,0,0,1,0,1,0,0,0
111.246867,0,0,0,0,0,1,1,0,0
111.249733,0,0,0,1,0,0,1,0,1
111.259518,1,0,0,0,1,0,0,0,1
111.267384,1,0,0,0,0,0,0,1,0
111.289529,0,1,1,0,1,0,0,1,0
111.298991,0,0,1,1,0,1,1,0,0
111.309135,1,0,0,0,0,0,0,0,1
111.316437,0,1,0,0,1,0,0,1,0
111.336704,0,1,0,0,0,0,0,0,0
111.348942,0,0,1,1,0,1,0,0,1
111.383531,0,0,1,0,0,0,0,0,0
111.401647,0,0,0,1,0,1,0,0,1
111.440572,0,0,1,0,0,0,0,0,0
111.450527,0,0,0,1,0,1,0,0,0
111.496222,0,0,0,0,0,1,0,0,1
111.501255,0,0,0,1,0,0,0,0,1
111.518660,0,0,0,0,0,0,1,0,0
111.531582,1,0,1,0,1,0,0,0,0
111.539466,0,0,1,0,0,0,1,0,0
111.546658,0,0,0,0,0,1,0,1,0
111.548448,0,0,0,1,0,0,1,0,1
111.552134,1,0,0,0,1,0,0,0,0
111.564373,1,0,0,0,0,0,1,1,0
111.569755,0,1,0,0,1,0,0,0,0
111.571186,0,0,0,0,0,0,1,1,0
111.580463,1,0,1,0,1,0,0,1,0
111.582889,1,0,0,0,1,0,0,1,0
111.585304,0,1,0,0,0,0,0,0,0
111.601064,0,1,0,1,0,1,1,0,0
111.607064,0,1,0,0,0,0,0,0,1
111.611820,1,1,0,0,1,0,0,1,0
111.632939,0,1,0,0,0,0,0,0,0
111.643374,0,0,1,0,0,0,0,0,0
111.646720,0,0,0,0,0,1,0,0,1
111.651055,0,0,0,1,0,0,1,0,0
111.666047,1,0,0,0,0,0,0,0,0
111.668031,0,0,0,0,1,0,0,0,0
111.678946,0,0,1,0,0,0,0,0,0
111.700667,0,0,0,1,0,1,0,1,1
111.730667,0,1,1,0,0,0,1,0,0
111.746695,1,0,0,0,1,1,0,1,1
111.750108,0,0,0,1,0,0,1,0,0
111.768046,1,1,0,0,1,0,0,0,0
111.781552,0,0,1,0,0,0,0,1,0
111.801566,0,1,0,1,0,1,0,0,0
111.850963,0,0,0,1,0,1,1,0,1
111.865895,1,0,0,0,1,0,1,0,1
111.881859,1,0,1,0,1,0,0,1,0
111.896847,0,0,1,0,0,1,0,1,0
111.901872,0,1,0,1,0,0,0,0,1
111.915025,0,0,0,0,0,0,1,0,0
111.921052,0,1,0,0,0,0,0,0,0
111.926280,1,0,0,0,0,0,0,0,0
111.936444,0,0,1,0,1,0,0,0,0
111.948365,0,0,0,1,0,1,0,1,0
111.970004,0,1,0,0,0,0,1,0,0
111.983611,1,0,0,0,1,0,0,0,0
111.998239,0,0,0,1,0,1,1,0,1
112.008295,1,0,0,0,0,0,0,0,1
112.032606,0,0,1,0,0,0,0,1,0
112.036475,0,0,0,0,1,0,0,0,0
112.037378,0,0,0,0,0,0,0,1,0
112.048080,0,0,1,1,0,1,1,0,1
112.053909,0,1,0,0,0,0,0,0,0
112.063336,1,1,0,0,1,0,0,1,0
112.085405,0,1,1,0,0,0,0,0,0
112.096112,0,0,0,0,0,1,0,0,1
112.100999,0,0,0,1,0,0,1,0,0
112.119693,1,0,0,0,1,0,0,0,0
112.132999,0,0,1,0,0,0,0,1,0
112.151532,0,0,0,1,0,1,0,0,1
112.152098,0,0,0,0,0,0,1,0,0
112.162475,1,1,0,0,1,0,0,1,0
112.189770,0,1,1,0,0,0,0,0,0
112.198428,0,0,0,1,0,1,0,0,1
112.237481,0,0,1,0,0,0,0,0,0
112.248787,0,0,0,1,0,1,1,0,1
112.263354,1,0,0,0,1,0,1,0,0
112.275907,1,0,0,0,1,0,0,0,0
112.286213,0,0,1,0,0,0,0,1,0
112.298283,0,0,0,1,0,1,1,0,1
112.307257,0,1,0,0,0,0,0,0,0
112.308372,1,0,0,0,0,0,0,1,0
112.318251,0,0,0,0,1,0,0,1,0
112.328287,0,0,1,0,0,0,0,0,0
112.333677,0,1,0,0,0,0,0,0,0
112.348138,0,1,0,1,0,1,1,0,1
112.359388,1,0,0,0,1,0,0,0,0
112.382176,0,0,1,0,0,0,0,1,0
112.396226,0,0,0,0,0,1,0,0,0
112.400462,0,0,0,1,0,0,0,0,1
112.407300,0,1,0,0,0,0,1,0,0
112.417419,1,0,0,0,1,0,0,0,0
112.418419,0,0,0,0,0,0,0,1,0
112.439397,0,1,1,0,0,0,0,0,0
112.448317,0,0,0,1,0,1,1,0,1
112.465438,1,0,0,0,1,0,0,1,0
112.482792,0,0,1,0,0,0,0,0,0
112.486545,0,1,0,0,0,0,0,0,0
112.498076,0,0,0,1,0,1,1,0,0
112.515556,1,0,0,0,1,0,0,1,0
112.539416,0,1,0,0,0,0,0,0,1
112.546390,0,0,0,0,0,1,0,0,1
112.550300,0,0,0,1,0,0,0,0,0
112.577210,0,0,1,0,0,0,1,0,0
112.583241,0,0,1,0,0,0,0,0,0
112.596000,1,0,0,0,1,1,0,1,0
112.600592,0,0,0,1,0,0,0,0,0
112.621924,0,1,0,0,0,0,1,0,0
112.626352,0,0,0,0,0,0,0,0,1
112.638611,1,0,0,0,1,0,0,1,0
112.646632,0,0,0,0,0,1,0,0,1
112.650643,0,0,0,1,0,0,1,0,0
112.666197,1,1,1,0,1,0,0,0,0
112.671055,0,0,0,0,0,0,0,1,0
112.685696,0,0,1,0,0,0,0,0,0
112.696298,0,1,0,0,0,1,0,0,1
112.699605,0,0,0,1,0,0,0,0,0
112.734609,0,0,1,0,0,0,1,0,0
112.748585,1,0,0,1,0,1,1,0,1
112.764848,1,0,0,0,1,0,0,0,0
112.787133,0,0,1,0,1,0,0,1,0
112.799693,0,0,0,1,0,1,0,0,0
112.802030,0,0,0,0,0,0,1,0,1
112.804601,0,0,0,0,0,0,0,1,0
112.809185,0,1,0,0,0,0,0,0,0
112.814107,1,0,0,0,1,0,0,1,0
112.834498,0,1,1,0,0,0,0,0,0
112.843467,0,1,0,0,0,0,0,0,0
112.849167,0,0,0,1,0,1,0,0,0
112.896497,0,0,0,0,0,1,0,0,1
112.897200,0,0,0,0,0,0,1,0,1
112.898534,0,0,0,1,0,0,1,0,0
112.907503,1,0,0,0,0,0,0,0,0
112.913614,1,0,0,0,0,0,0,0,0
112.923232,0,0,0,0,1,0,0,1,0
112.925393,0,0,0,0,1,0,0,0,0
112.934311,0,0,1,0,0,0,0,0,0
112.935439,0,0,1,0,0,0,0,0,0
112.948314,0,1,0,1,0,1,0,1,1
112.976260,0,1,0,0,0,0,1,0,0
112.987144,1,0,1,0,1,0,0,1,0
112.996471,0,0,0,0,0,1,0,0,1
112.999319,0,0,0,1,0,0,1,0,0
113.013707,1,1,0,0,1,0,0,1,0
113.036084,0,1,1,0,0,0,0,0,0
113.046139,0,0,0,0,0,1,0,0,1
113.050296,0,0,0,1,0,0,0,0,0
113.068726,0,0,0,0,0,0,1,0,0
113.083242,1,0,1,0,0,0,0,0,0
113.100430,0,0,0,1,1,1,1,0,1
113.104935,0,0,0,0,0,0,0,1,0
113.114644,1,0,0,0,0,0,0,0,0
113.118890,0,0,0,0,1,0,0,0,0
113.128353,0,1,0,0,0,0,0,0,0
113.134112,0,0,1,0,0,0,0,1,0
113.149073,0,0,0,1,0,1,1,0,1
113.154703,0,1,0,0,0,0,0,0,0
113.162030,1,0,0,0,0,0,0,0,0
113.168868,0,0,0,0,1,0,0,1,0
113.188942,0,1,1,0,0,0,0,0,0
113.198602,0,0,0,1,0,1,1,0,1
113.209522,1,0,0,0,1,0,0,0,0
113.215501,0,0,0,0,0,0,0,1,0
113.229607,0,0,1,0,0,0,0,0,0
113.239956,0,1,0,0,0,0,0,0,0
113.246565,0,0,0,0,0,1,0,0,1
113.250479,0,0,0,1,0,0,0,0,0
113.285313,0,0,1,0,0,0,1,0,0
113.296264,1,0,0,0,0,1,0,0,1
113.301116,0,0,0,1,1,0,0,1,0
113.328399,0,1,1,0,0,0,1,0,0
113.348076,1,0,0,1,0,1,1,0,0
113.364980,1,0,0,0,0,0,0,0,0
113.396507,0,0,0,0,0,1,0,0,1
113.399333,0,0,0,1,1,0,0,0,0
113.428873,0,0,1,0,0,0,1,0,1
113.448603,1,0,0,1,1,1,0,1,1
113.459239,0,0,1,0,1,0,1,0,0
113.468772,0,1,0,0,0,0,0,0,0
113.477339,1,0,0,0,0,0,0,1,0
113.477962,0,0,0,0,0,0,0,1,0
113.484500,0,0,1,0,1,0,0,1,0
113.496268,0,0,0,0,0,1,0,0,1
113.499288,0,1,0,1,0,0,1,0,0
113.500730,0,1,0,0,0,0,0,0,0
113.511793,1,1,0,0,1,0,0,1,0
113.535840,0,1,1,0,0,0,0,0,0
113.549705,0,0,0,1,0,1,0,0,0
113.596744,0,0,0,0,0,1,1,0,1
113.600701,0,0,0,1,0,0,0,0,0
113.608439,1,0,0,0,1,0,0,0,0
113.631867,0,0,1,0,0,0,1,1,0
113.643536,1,0,0,0,0,0,0,0,0
113.651902,0,1,0,1,1,1,1,0,1
113.667549,1,0,0,0,0,0,0,0,0
113.689531,0,0,1,0,1,0,0,0,1
113.700763,0,0,0,1,0,1,1,0,1
113.714045,1,0,0,0,1,0,0,1,0
113.729338,0,0,1,0,0,0,0,1,0
113.735754,0,1,1,0,0,0,0,1,0
113.748123,0,0,0,1,0,1,1,0,1
113.759139,1,1,0,0,0,0,0,0,0
113.764090,0,1,0,0,1,0,0,1,0
113.778925,0,0,1,0,0,0,0,0,0
113.787631,0,1,0,0,0,0,0,0,0
113.800226,0,0,0,1,0,1,1,0,1
113.811587,1,0,0,0,1,0,0,0,0
113.836792,0,0,1,0,0,0,0,0,0
113.850686,0,0,0,1,0,1,0,1,1
113.873586,0,1,0,0,0,0,0,0,0
113.889217,0,0,1,0,0,0,0,0,0
113.891781,0,0,0,0,0,0,1,0,0
113.901933,1,0,0,1,1,1,1,1,0
113.915765,1,0,0,0,1,0,0,1,0
113.930082,0,1,0,0,0,0,0,0,0
113.932142,0,0,0,0,0,0,0,0,1
113.935828,0,1,0,0,0,0,0,0,0
113.946449,0,0,0,0,0,1,0,0,0
113.948371,0,0,0,1,0,0,1,0,1
113.965876,1,0,1,0,1,0,0,1,0
113.987286,0,1,1,0,0,0,0,0,0
113.996294,0,0,0,0,0,1,0,0,1
114.000857,0,0,0,1,0,0,1,0,0
114.018962,1,0,0,0,0,0,0,0,0
114.034794,0,0,1,0,0,0,0,0,0
114.035841,0,0,0,0,1,0,0,1,0
114.046026,0,0,0,0,0,1,0,0,0
114.048254,0,0,0,1,0,0,0,0,1
114.061853,0,1,0,0,0,0,0,0,0
114.082801,0,0,1,0,0,0,1,0,0
114.099266,1,0,0,1,1,1,1,0,1
114.111984,1,0,0,0,0,0,0,0,0
114.120007,0,0,0,0,1,0,0,1,0
114.134441,0,0,1,0,0,0,0,0,0
114.148739,0,1,0,1,0,1,1,0,0
114.157193,0,0,0,0,0,0,0,1,1
114.166126,1,0,0,0,1,0,0,0,0
114.187193,0,1,1,0,0,0,0,0,0
114.201917,0,0,0,1,0,1,1,1,1
114.216417,1,0,0,0,0,0,0,0,0
114.223214,0,1,0,0,1,0,0,0,0
114.237449,0,0,1,0,0,0,0,0,0
114.248206,0,0,0,1,0,1,1,0,0
114.252362,0,0,0,0,0,0,0,1,0
114.265590,1,0,0,0,1,0,0,1,1
114.274886,0,1,0,0,0,0,0,0,0
114.286505,0,1,0,0,0,0,0,0,0
114.300939,0,0,1,1,0,1,1,0,1
114.316930,1,0,0,0,1,0,0,1,0
114.339068,0,1,1,0,0,0,0,0,0
114.350909,0,0,0,1,0,1,0,0,1
114.388924,0,0,1,0,0,0,0,0,0
114.399984,0,0,0,1,0,1,1,0,0
114.416378,1,0,0,0,0,0,1,0,0
114.419076,0,0,0,0,1,0,0,0,0
114.432188,1,0,0,0,0,0,0,1,0
114.451630,0,0,0,1,1,1,1,1,0
114.462181,1,1,0,0,0,0,0,0,0
114.472500,0,1,0,0,1,0,0,1,1
114.496089,0,1,0,0,0,1,0,0,0
114.500183,0,0,0,1,0,0,0,0,1
114.503055,0,0,1,0,0,0,1,0,0
114.517875,1,0,0,0,0,0,0,0,1
114.521909,0,0,0,0,1,0,0,1,0
114.539402,0,0,1,0,0,0,0,0,0
114.549213,0,1,1,1,0,1,1,0,0
114.555969,0,0,0,0,0,0,0,0,1
114.565595,1,0,0,0,0,0,0,0,0
114.592291,0,0,1,0,1,0,0,0,0
114.596175,0,0,0,0,0,1,0,0,1
114.601519,0,0,0,1,0,0,1,1,0
114.621519,1,1,0,0,1,0,0,0,0
114.624928,0,0,0,0,0,0,0,1,0
114.634345,0,0,1,0,0,0,0,0,0
114.648709,0,1,0,1,0,1,1,0,1
114.661636,1,0,0,0,0,0,0,0,0
114.680737,0,0,1,0,1,0,0,0,0
114.701008,0,0,0,1,0,1,0,1,0
114.725528,0,1,0,0,0,0,0,0,0
114.751428,0,0,0,1,0,1,0,0,0
114.789838,0,0,0,0,0,0,0,0,1
114.796902,0,0,0,0,0,1,0,0,0
114.797754,0,0,0,0,0,0,0,0,1
114.801539,0,0,0,1,0,0,1,0,0
114.820447,1,0,1,0,1,0,0,0,0
114.830303,0,0,1,0,0,0,0,1,1
114.849025,0,0,0,1,0,1,1,0,1
114.859079,1,1,0,0,1,0,0,0,0
114.859707,0,0,0,0,0,0,1,1,0
114.860005,0,0,0,0,0,0,1,0,0
114.869765,1,0,1,0,1,0,0,0,0
114.872400,1,0,0,0,1,0,0,0,0
114.879039,0,0,1,0,0,0,0,0,0
114.884105,0,1,0,0,0,0,0,0,0
114.898878,0,0,0,1,0,1,0,1,0
114.926462,0,1,0,0,0,0,1,0,0
114.946222,1,0,0,0,1,1,0,1,1
114.947043,0,0,0,0,0,0,0,1,0
114.950680,0,0,0,1,0,0,1,0,1
114.966414,1,1,0,0,1,0,0,1,0
114.967158,0,1,0,0,0,0,0,0,0
114.980330,0,0,1,0,0,0,0,0,0
114.988146,0,1,1,0,0,0,0,0,0
114.998000,0,0,0,1,0,1,1,0,1
115.010179,1,0,0,0,1,0,0,0,0
115.012489,0,0,0,0,0,0,0,1,0
115.031299,0,0,1,0,0,0,0,0,0
115.032598,0,1,0,0,0,0,0,0,0
115.051446,0,0,0,1,0,1,1,0,0
115.063405,1,0,0,0,1,0,0,1,1
115.086071,0,1,0,0,0,0,0,0,0
115.096099,0,0,1,0,0,1,0,0,0
115.098000,0,0,0,1,0,0,1,0,0
115.113854,1,0,0,0,1,0,0,0,1
115.146933,0,0,1,0,0,1,0,0,1
115.149563,0,0,0,1,0,0,1,0,0
115.160006,1,0,0,0,0,0,0,1,0
115.173258,0,0,0,0,1,0,0,0,0
115.184518,0,1,1,0,0,0,0,1,0
115.196784,0,0,0,0,0,1,0,0,0
115.201076,0,0,0,1,0,0,1,0,1
115.211713,1,1,0,0,0,0,0,0,0
115.234374,0,0,1,0,1,0,0,1,0
115.248214,0,0,0,1,0,1,1,0,0
115.260727,1,1,0,0,0,0,0,0,0
115.296000,0,0,0,0,1,1,0,1,0
115.301769,0,0,0,1,0,0,0,0,0
115.308970,0,0,0,0,0,0,1,0,0
115.310912,0,0,0,0,0,0,0,0,1
115.323158,1,1,0,0,1,0,0,1,0
115.349160,0,1,1,1,0,1,0,0,1
115.370919,0,0,0,0,0,0,1,0,1
115.385563,1,0,1,0,1,0,0,1,0
115.396582,0,0,0,0,0,1,0,0,0
115.397336,0,0,0,0,0,0,0,0,1
115.399689,0,0,0,1,0,0,0,0,0
115.407353,0,1,1,0,0,0,1,0,0
115.427352,1,0,1,0,1,0,0,0,0
115.449138,0,0,0,1,0,1,1,0,1
115.461109,1,0,0,0,0,0,0,1,0
115.484562,0,1,1,0,0,0,0,0,0
115.488148,0,0,0,0,1,0,0,1,0
115.496464,0,0,0,0,0,1,0,0,1
115.500729,0,0,0,1,0,0,1,0,0
115.516435,1,1,0,0,1,0,0,1,0
115.536453,0,1,1,0,0,0,0,0,0
115.550283,0,0,0,1,0,1,1,0,1
115.563506,1,0,0,0,1,0,0,1,0
115.585156,0,1,1,0,0,0,0,0,0
115.600758,0,0,0,1,0,1,0,0,1
115.635901,0,0,1,0,0,0,0,0,0
115.646564,0,0,0,0,0,1,0,0,0
115.648667,0,0,0,1,0,0,0,0,1
115.665022,0,0,0,0,0,0,1,0,0
115.684428,1,0,1,0,1,0,1,1,0
115.696532,1,0,0,0,1,1,0,1,1
115.700435,0,0,0,1,0,0,1,0,0
115.713472,1,1,0,0,1,0,0,1,0
115.718042,0,1,0,0,0,0,0,0,0
115.729127,0,0,1,0,0,0,0,0,0
115.738768,0,1,0,0,0,0,0,0,0
115.751621,0,0,0,1,0,1,0,0,1
115.789858,0,0,1,0,0,0,1,0,0
115.800233,1,0,0,1,0,1,1,0,1
115.805009,0,0,0,0,1,0,0,1,0
115.813227,1,0,0,0,1,0,0,0,0
115.825360,0,1,0,0,0,0,0,0,0
115.829108,0,0,0,0,0,0,0,1,0
115.835233,0,0,1,0,0,0,0,0,0
115.851523,0,1,0,1,0,1,1,0,1
115.863621,1,0,0,0,1,0,0,0,0
115.887041,0,0,1,0,0,0,0,1,0
115.898351,0,0,0,1,0,1,0,0,0
115.902215,0,0,0,0,0,0,0,0,1
115.909216,0,1,0,0,0,0,1,0,0
115.928228,1,0,0,0,1,0,0,1,0
115.938357,0,0,1,0,0,0,0,0,0
115.949248,0,1,0,1,0,1,1,0,1
115.963871,1,0,0,0,1,0,0,1,0
115.982284,0,0,1,0,0,0,0,0,0
115.991030,0,1,0,0,0,0,0,0,0
116.001806,0,0,0,1,0,1,1,0,0
116.017732,1,0,0,0,1,0,0,1,1
116.047732,0,1,1,0,0,1,0,0,0
116.051114,0,0,0,1,0,0,1,0,0
116.063151,1,0,0,0,1,0,0,0,1
116.096866,0,0,1,0,0,1,0,0,0
116.098335,0,0,0,1,0,0,1,0,1
116.099686,0,0,0,0,0,0,0,1,0
116.117398,1,0,0,0,1,0,0,1,0
116.126363,0,1,0,0,0,0,0,0,0
116.131620,0,0,1,0,0,0,0,0,0
116.146636,0,1,0,0,0,1,0,0,1
116.151546,0,0,0,1,0,0,1,0,0
116.161629,1,0,0,0,1,0,0,0,0
116.185016,0,0,1,0,0,0,0,1,0
116.200550,0,0,0,1,0,1,1,0,0
116.202332,0,0,0,0,0,0,0,0,1
116.208213,0,1,0,0,0,0,0,0,0
116.217272,1,0,0,0,1,0,0,0,0
116.240977,0,0,1,0,0,0,0,0,0
116.243222,0,0,0,0,0,0,0,1,0
116.246143,0,0,0,0,0,1,0,0,0
116.249348,0,0,0,1,0,0,0,0,0
116.272341,0,1,0,0,0,0,0,0,1
116.298185,0,0,0,1,0,1,0,0,0
116.306158,0,0,1,0,0,0,0,0,1
116.346061,0,0,1,0,0,1,0,0,1
116.351341,0,0,0,1,0,0,1,0,0
116.362481,1,0,0,0,1,0,1,0,0
116.381979,1,0,1,0,0,0,0,1,0
116.396193,0,0,0,0,1,1,0,1,1
116.400546,0,0,0,1,0,0,1,0,0
116.410916,1,1,0,0,0,0,1,0,0
116.423142,1,1,0,0,1,0,0,1,0
116.432205,0,0,1,0,1,0,0,1,0
116.451491,0,1,0,1,0,1,0,0,0
116.451848,0,0,0,0,0,0,1,0,0
116.460658,0,1,0,0,0,0,0,0,0
116.469609,1,0,0,0,0,0,0,0,0
116.501071,0,0,0,1,0,1,0,0,0
116.551019,0,0,0,1,1,1,0,0,0
116.596100,0,0,0,0,0,1,1,0,0
116.601479,0,0,0,1,0,0,0,0,1
116.607605,1,0,0,0,0,0,0,0,1
116.611914,0,0,0,0,1,0,1,0,1
116.631532,1,0,1,0,1,0,0,1,0
116.643996,0,0,1,0,0,0,1,0,0
116.645000,0,0,1,0,0,0,0,1,0
116.651544,0,1,0,1,0,1,1,1,0
116.652931,0,0,0,0,0,0,0,0,1
116.653258,0,0,0,0,0,0,0,0,1
116.658777,1,0,0,0,1,0,0,1,0
116.663002,1,0,0,0,0,0,0,0,0
116.674545,0,1,0,0,1,0,0,0,0
116.678828,0,1,0,0,0,0,0,0,0
116.681440,0,1,0,0,0,0,0,0,0
116.682026,0,0,0,0,0,0,0,1,0
116.684305,0,0,1,0,0,0,0,0,0
116.688116,0,0,1,0,0,0,0,0,0
116.700245,0,0,0,1,0,1,1,0,0
116.710609,1,1,0,0,1,0,0,0,0
116.748483,0,0,0,1,0,1,1,1,0
116.759083,1,0,0,0,1,0,0,0,0
116.774863,0,1,0,0,0,0,0,1,1
116.794956,0,1,0,0,0,0,0,0,1
116.798738,0,0,0,1,0,1,1,0,1
116.813238,1,0,1,0,1,0,0,0,0
116.823366,0,0,0,0,0,0,0,1,0
116.827968,0,0,1,0,0,0,0,0,0
116.831353,0,0,1,0,0,0,0,0,0
116.850875,0,1,0,1,0,1,1,0,1
116.868797,1,0,0,0,1,0,0,0,0
116.874111,0,0,0,0,0,0,0,1,0
116.886104,0,0,1,0,0,0,0,0,0
116.898393,0,1,0,1,0,1,1,0,1
116.913379,1,0,0,0,1,0,0,0,0
116.930098,0,0,1,0,0,0,0,0,0
116.946722,0,0,0,0,0,1,0,0,0
116.951811,0,0,0,1,0,0,1,0,0
116.965483,1,0,0,0,1,0,0,1,1
116.987029,0,1,0,0,0,0,0,0,0
117.000491,0,0,1,1,0,1,1,0,1
117.019030,1,0,0,0,0,0,0,0,0
117.035702,0,0,1,0,1,0,0,0,0
117.050633,0,0,0,1,0,1,1,1,1
117.070633,1,1,0,0,0,0,0,1,0
117.089292,0,0,1,0,0,0,0,0,0
117.096855,0,1,0,0,1,1,0,1,1
117.100166,0,0,0,1,0,0,0,0,0
117.120117,0,1,0,0,0,0,1,0,0
117.127556,0,0,1,0,0,0,0,0,0
117.134727,1,0,0,0,1,0,0,1,0
117.150461,0,0,0,1,0,1,1,0,1
117.164248,1,1,0,0,1,0,0,1,0
117.181216,0,0,1,0,0,0,0,0,0
117.193252,0,1,0,0,0,0,0,0,0
117.199427,0,0,0,1,0,1,0,0,1
117.233807,0,0,1,0,0,0,0,0,0
117.250042,0,0,0,1,0,1,1,0,1
117.265495,1,0,0,0,1,0,0,1,0
117.287019,0,1,1,0,0,0,0,0,0
117.296769,0,0,0,0,0,1,0,0,0
117.299121,0,0,0,1,0,0,1,0,1
117.317340,1,0,0,0,1,0,0,0,0
117.321900,0,0,0,0,0,0,1,0,0
117.333937,1,0,1,0,1,0,0,0,0
117.348315,0,0,0,1,0,1,1,0,1
117.365883,1,0,0,0,1,0,0,1,0
117.387215,0,1,1,0,0,0,0,1,0
117.396441,0,0,0,0,0,1,0,0,1
117.400584,0,0,0,1,0,0,1,0,0
117.416746,1,1,0,0,0,0,0,1,0
117.434855,0,0,1,0,1,0,0,1,0
117.446620,0,1,0,0,0,1,0,0,0
117.448980,0,0,0,1,0,0,0,0,0
117.451917,0,0,0,0,0,0,0,0,1
117.456561,0,1,0,0,0,0,0,0,0
117.489174,0,0,1,0,0,0,1,0,0
117.501498,1,0,0,1,0,1,0,0,1
117.507498,0,0,0,0,0,0,1,0,0
117.517644,1,0,0,0,1,0,0,1,0
117.528765,0,0,0,0,1,0,0,1,0
117.539404,0,1,1,0,0,0,0,0,0
117.546407,0,0,0,0,0,1,0,0,1
117.549644,0,1,0,1,0,0,0,0,0
117.560194,0,0,0,0,0,0,1,0,0
117.578416,1,0,1,0,1,0,0,1,0
117.596310,0,0,0,0,0,1,0,0,0
117.597265,0,0,0,0,0,0,0,0,1
117.598416,0,1,0,1,0,0,1,0,0
117.614380,1,0,0,0,1,0,0,1,0
117.636822,0,1,1,0,0,0,0,0,0
117.648812,0,0,0,1,0,1,1,0,0
117.666794,1,0,0,0,0,0,0,0,0
117.694400,0,0,0,0,1,0,0,1,1
117.700061,0,0,0,1,0,1,0,0,1
117.703327,0,0,0,0,0,0,1,0,0
117.717728,1,1,0,0,1,0,0,1,0
117.732837,0,0,1,0,0,0,0,0,0
117.739451,0,1,1,0,0,0,0,0,0
117.748288,0,0,0,1,0,1,1,0,0
117.768080,1,0,0,0,1,0,0,0,1
117.798498,0,0,1,1,0,1,1,1,0
117.818498,1,1,0,0,1,0,0,1,0
117.846782,0,1,0,0,0,1,0,0,1
117.850218,0,0,0,1,0,0,0,0,0
117.877207,0,0,1,0,0,0,0,0,0
117.896206,0,0,0,0,0,1,1,0,0
117.900336,0,0,0,1,0,0,0,0,0
117.909596,1,0,0,0,1,0,1,0,0
117.914904,0,0,0,0,0,0,0,0,1
117.916380,0,0,0,0,0,0,0,0,1
117.928440,1,0,0,0,0,0,0,0,0
117.946077,0,0,1,0,0,1,0,0,0
117.946229,0,0,0,0,0,0,0,1,1
117.946304,0,0,0,0,1,0,0,0,0
117.950762,0,0,1,1,0,0,1,0,0
117.963490,1,0,0,0,0,0,0,0,0
117.964583,0,0,0,0,1,0,0,0,0
117.965304,0,0,0,0,0,0,0,1,0
117.966389,0,1,0,0,0,0,0,0,0
117.977154,0,0,1,0,0,0,0,1,0
117.993852,0,1,0,0,0,0,0,0,0
117.996112,0,0,0,0,0,1,0,0,0
117.998263,0,1,0,1,0,0,1,0,1
118.010004,1,0,0,0,1,0,0,1,0
118.028448,0,0,1,0,0,0,0,0,0
118.030289,0,1,0,0,0,0,0,0,0
118.046302,0,0,0,0,0,1,0,0,1
118.049166,0,0,0,1,0,0,1,0,0
118.065853,1,0,0,0,1,0,0,1,0
118.082935,0,0,1,0,0,0,0,0,0
118.090319,0,1,0,0,0,0,0,0,0
118.099495,0,0,0,1,0,1,1,0,1
118.111894,1,0,0,0,1,0,0,0,0
118.115294,0,0,0,0,0,0,0,1,0
118.133825,0,0,1,0,0,0,0,0,0
118.143652,0,1,0,0,0,0,0,0,0
118.150803,0,0,0,1,0,1,1,0,0
118.164686,1,0,0,0,1,0,0,0,0
118.199994,0,0,0,1,0,1,0,1,0
118.205768,0,0,0,0,0,0,1,0,1
118.218286,1,0,0,0,0,0,0,0,0
118.219232,0,0,0,0,1,0,0,1,1
118.224625,0,1,0,0,0,0,0,0,0
118.237723,0,0,1,0,0,0,0,0,0
118.249232,0,1,1,1,0,1,0,0,1
118.252382,0,0,0,0,0,0,1,0,0
118.271425,1,0,0,0,1,0,0,1,0
118.281740,0,0,1,0,0,0,0,0,0
118.291718,0,1,0,0,0,0,0,0,0
118.299250,0,0,0,1,0,1,1,0,1
118.317796,1,0,0,0,1,0,0,1,0
118.334732,0,0,1,0,0,0,0,0,0
118.346266,0,1,0,0,0,1,0,0,1
118.350472,0,0,0,1,0,0,1,0,0
118.362057,1,0,0,0,1,0,0,1,0
118.385636,0,1,1,0,0,0,0,0,0
118.396207,0,0,0,0,0,1,0,0,0
118.401219,0,0,0,1,0,0,0,0,0
118.448563,0,0,0,1,0,1,1,0,1
118.464885,1,0,0,0,1,0,0,1,0
118.482363,0,0,1,0,0,0,1,0,0
118.494698,1,1,0,0,0,0,0,0,1
118.498942,0,0,0,1,1,1,1,0,0
118.511059,1,0,0,0,1,0,0,1,1
118.527378,0,0,1,0,0,0,0,0,0
118.541059,0,1,1,0,0,0,0,0,0
118.546494,0,0,0,0,0,1,0,0,1
118.549673,0,0,0,1,0,0,1,1,0
118.569673,1,1,0,0,1,0,0,1,0
118.578925,0,0,1,0,0,0,0,0,0
118.599055,0,1,0,1,0,1,1,0,0
118.613325,1,0,0,0,1,0,0,0,0
118.650959,0,0,0,1,0,1,1,1,0
118.662143,1,0,0,0,1,0,0,1,1
118.677768,0,1,0,0,0,0,0,0,0
118.692143,0,1,1,0,0,0,0,0,0
118.693407,0,0,0,0,0,0,0,0,1
118.701487,0,0,0,1,0,1,1,0,0
118.715468,1,0,0,0,1,0,0,1,0
118.728248,0,0,1,0,0,0,0,0,1
118.740802,0,1,0,0,0,0,0,0,0
118.746043,0,0,0,0,0,1,0,0,1
118.749000,0,0,0,1,0,0,0,0,0
118.765792,0,0,1,0,0,0,1,0,0
118.784766,1,0,1,0,1,0,0,1,0
118.799150,0,0,0,1,0,1,1,0,0
118.806308,0,1,0,0,0,0,0,0,1
118.814488,1,0,0,0,1,0,0,1,0
118.837189,0,1,1,0,0,0,0,0,0
118.849389,0,0,0,1,0,1,0,0,0
118.887862,0,0,0,0,0,0,1,0,0
118.901267,1,0,0,1,1,1,0,0,0
118.933781,0,0,0,0,0,0,0,1,0
118.946302,0,0,0,0,0,1,0,0,0
118.950786,0,0,0,1,0,0,0,0,1
118.952134,0,0,0,0,0,0,1,0,1
118.962196,1,1,0,0,0,0,1,0,1
118.970177,0,0,0,0,1,0,0,1,0
118.975859,1,0,0,0,1,0,0,0,0
118.983848,0,0,1,0,0,0,0,1,0
118.991583,0,1,1,0,0,0,0,0,0
118.993134,0,0,1,0,0,0,0,0,0
118.996565,0,0,0,0,0,1,0,0,1
119.001599,0,0,0,1,0,0,1,0,0
119.008277,0,1,0,0,0,0,0,0,0
119.018903,1,0,0,0,1,0,0,0,0
119.033597,0,0,1,0,0,0,0,1,0
119.049942,0,0,0,1,0,1,1,0,1
119.054525,0,1,0,0,0,0,0,0,0
119.060215,1,0,0,0,0,0,0,0,0
119.086629,0,0,1,0,0,0,0,0,0
119.101827,0,0,0,1,1,1,0,1,0
119.114010,0,0,0,0,0,0,1,0,0
119.127532,1,1,0,0,1,0,0,1,1
119.150607,0,1,0,1,0,1,1,0,0
119.165263,1,0,1,0,1,0,0,1,1
119.195263,0,1,1,0,0,0,0,0,0
119.196604,0,0,0,0,0,1,0,0,0
119.200492,0,0,0,1,0,0,1,0,0
119.206990,0,0,0,0,0,0,0,0,1
119.219205,1,0,0,0,1,0,0,1,0
119.246147,0,1,1,0,0,1,0,0,1
119.249855,0,0,0,1,0,0,1,0,0
119.266803,1,0,0,0,1,0,0,1,0
119.276569,0,0,1,0,0,0,0,0,0
119.296262,0,1,0,0,0,1,0,0,0
119.297260,0,0,0,0,0,0,0,0,1
119.300529,0,0,0,1,0,0,0,0,0
119.313232,0,0,0,0,0,0,1,0,0
119.325306,1,0,0,0,1,0,0,0,0
119.336100,0,0,1,0,0,0,0,0,0
119.346818,0,0,0,0,0,1,0,0,1
119.349059,0,0,0,1,0,0,0,1,0
119.377681,0,1,1,0,0,0,1,0,0
119.388276,1,0,0,0,0,0,0,0,0
119.399061,0,0,0,1,1,1,1,0,0
119.414119,1,0,0,0,1,0,0,1,0
119.442663,0,1,0,0,0,0,0,0,0
119.449077,0,0,0,1,0,1,1,1,0
119.469077,1,1,0,0,1,0,0,0,1
119.501955,0,0,1,1,0,1,0,1,1
119.524814,0,1,0,0,0,0,1,0,1
119.541534,1,0,1,0,0,0,0,0,0
119.548499,0,0,0,1,0,1,0,0,1
119.550715,0,0,0,0,1,0,0,1,0
119.557851,0,0,1,0,0,0,0,0,0
119.572514,0,1,0,0,0,0,1,0,0
119.579012,0,0,1,0,0,0,0,0,0
119.584035,1,0,0,0,1,0,0,0,0
119.599492,0,0,0,1,0,1,0,0,0
119.648063,0,0,0,1,0,1,1,0,0
119.660813,1,0,0,0,0,0,0,1,1
119.689392,0,1,0,0,1,0,0,1,1
119.696268,0,0,1,0,0,1,0,0,1
119.697061,0,0,0,0,0,0,1,0,0
119.698659,0,0,0,1,0,0,0,0,0
119.713495,1,1,0,0,0,0,1,0,0
119.721229,0,0,1,0,1,0,0,0,0
119.727007,1,0,1,0,0,0,0,0,0
119.749832,0,0,0,1,1,1,1,1,1
119.769832,1,1,0,0,1,0,0,1,0
119.777220,0,0,0,0,0,0,0,1,0
119.786742,0,0,1,0,0,0,0,0,0
119.799323,0,1,0,1,0,1,1,0,1
119.803236,0,1,0,0,0,0,0,0,0
119.812909,1,0,0,0,1,0,0,1,0
119.831487,0,0,1,0,0,0,0,0,0
119.837960,0,1,0,0,0,0,0,0,0
119.848436,0,0,0,1,0,1,0,0,0
119.898349,0,0,0,1,0,1,0,0,1
119.912984,0,0,0,0,0,0,0,0,1
119.931066,0,0,1,0,0,0,0,0,0
119.939113,0,0,0,0,0,0,1,0,0
119.949558,1,0,1,1,0,1,1,0,1
119.951208,0,0,0,0,1,0,0,0,0
119.966904,1,0,0,0,0,0,0,0,0
119.984558,0,0,1,0,0,0,1,1,0
119.991408,0,0,0,0,1,0,0,1,0
119.996125,1,0,0,0,1,1,0,1,0
120.000135,0,0,0,1,0,0,1,0,0
120.012699,1,1,0,0,0,0,0,0,1
120.019557,0,1,0,0,1,0,0,0,0
120.022891,0,1,0,0,0,0,0,0,0
120.043058,0,0,1,0,0,0,0,1,0
120.046100,0,0,0,0,0,1,0,0,0
120.051994,0,0,0,1,0,0,0,0,0
120.063058,0,1,0,0,0,0,1,0,0
120.074350,1,0,0,0,0,0,0,0,1
120.101215,0,0,0,1,1,1,0,0,0
120.110740,0,0,1,0,0,0,0,0,1
120.141654,0,0,1,0,0,0,1,0,0
120.149684,0,0,0,1,0,1,0,0,0
120.150661,0,0,0,0,0,0,0,1,0
120.153923,1,0,0,0,1,0,1,1,1
120.165715,1,0,0,0,0,0,0,0,0
120.177419,0,1,0,0,1,0,0,1,0
120.183923,0,1,1,0,0,0,0,0,0
120.196251,0,0,0,0,0,1,0,0,0
120.201750,0,1,0,1,0,0,0,0,1
120.233288,0,0,1,0,0,0,0,0,0
120.251660,0,0,0,1,0,1,1,0,1
120.254271,0,0,0,0,0,0,1,0,0
120.264751,1,0,0,0,0,0,0,0,0
120.268969,1,0,0,0,1,0,0,0,0
120.280187,0,0,0,0,1,0,0,0,0
120.287532,0,0,1,0,0,0,0,1,0
120.298336,0,0,0,1,0,1,0,0,0
120.305559,0,0,0,0,0,0,0,0,1
120.315288,0,1,0,0,0,0,0,1,0
120.335354,0,1,0,0,0,0,1,0,0
120.345365,1,0,1,0,1,0,0,1,0
120.351045,0,0,0,1,0,1,1,0,1
120.367079,1,1,0,0,1,0,0,1,0
120.385979,0,0,1,0,0,0,0,0,0
120.396090,0,1,0,0,0,1,0,0,1
120.398562,0,0,0,1,0,0,0,0,0
120.427692,0,0,1,0,0,0,0,0,0
120.446005,0,0,0,0,0,1,1,0,0
120.451103,0,0,0,1,0,0,1,0,1
120.459136,1,0,0,0,1,0,0,1,0
120.463423,1,0,0,0,1,0,0,0,0
120.485167,0,1,1,0,0,0,0,0,0
120.501607,0,0,0,1,0,1,0,0,1
120.513165,0,0,0,0,0,0,1,1,0
120.533165,1,1,1,0,1,0,0,0,0
120.550296,0,0,0,1,0,1,1,0,1
120.562473,1,0,0,0,1,0,0,0,0
120.585866,0,0,1,0,0,0,0,1,0
120.600392,0,0,0,1,0,1,1,1,0
120.607349,0,1,0,0,0,0,0,0,0
120.620392,1,1,0,0,0,0,0,0,1
120.650885,0,0,1,1,1,1,1,1,0
120.670885,1,1,0,0,0,0,0,0,0
120.676665,0,0,0,0,1,0,0,1,0
120.696744,0,1,0,0,0,1,0,0,1
120.700196,0,0,0,1,0,0,0,0,0
120.727984,0,0,1,0,0,0,1,0,1
120.740981,1,0,0,0,0,0,0,0,0
120.748996,0,0,0,1,1,1,0,0,0
120.760198,0,0,1,0,0,0,0,0,0
120.796956,0,0,0,0,0,1,0,1,1
120.800743,0,0,0,1,0,0,0,0,1
120.823929,0,1,0,0,0,0,1,0,0
120.827089,0,0,1,0,0,0,1,0,0
120.838003,1,0,1,0,0,0,0,0,0
120.844848,1,0,0,0,1,0,0,1,0
120.850651,0,0,0,1,0,1,0,0,0
120.853563,0,0,0,0,1,0,1,1,0
120.863689,1,0,0,0,1,0,0,1,0
120.869719,0,1,0,0,0,0,0,0,1
120.877249,0,1,0,0,0,0,0,0,0
120.885923,0,1,0,0,0,0,0,0,0
120.898086,0,0,0,1,0,1,0,0,0
120.898794,0,0,0,0,0,0,1,0,1
120.909186,1,0,1,0,1,0,0,0,0
120.933344,0,0,1,0,0,0,0,1,0
120.946495,0,0,0,0,0,1,0,0,0
120.951159,0,0,0,1,0,0,1,0,1
120.963181,1,1,0,0,1,0,0,1,0
120.988385,0,1,1,0,0,0,0,0,0
120.998474,0,0,0,1,0,1,1,0,1
121.015397,1,0,0,0,0,0,0,0,0
121.034171,0,0,1,0,1,0,0,1,0
121.049100,0,0,0,1,0,1,0,0,1
121.051257,0,0,0,0,0,0,1,0,0
121.063727,1,1,0,0,1,0,0,0,0
121.075364,0,0,0,0,0,0,0,1,0
121.081662,0,0,1,0,0,0,0,0,0
121.100881,0,1,0,1,0,1,0,0,0
121.148586,0,0,0,1,0,1,0,0,1
121.159676,0,0,0,0,0,0,0,0,1
121.185526,0,0,1,0,0,0,1,0,0
121.198022,1,0,1,1,1,1,1,1,1
121.212124,1,0,0,0,1,0,0,0,0
121.228022,0,1,1,0,0,0,1,0,0
121.242470,1,0,0,0,1,0,0,1,0
121.244490,0,0,0,0,0,0,0,1,0
121.250062,0,0,0,1,0,1,0,0,0
121.265886,0,1,0,0,0,0,1,0,1
121.267836,0,1,0,0,0,0,0,0,0
121.281325,1,0,0,0,0,0,0,0,0
121.284593,0,0,0,0,1,0,0,0,0
121.300510,0,0,1,1,0,1,1,0,1
121.317033,1,0,0,0,1,0,0,0,0
121.340163,0,0,1,0,0,0,0,1,0
121.346480,0,0,0,0,0,1,0,1,0
121.347281,0,0,0,0,0,0,0,0,1
121.351905,0,0,0,1,0,0,1,0,0
121.366716,1,1,0,0,1,0,0,0,0
121.373559,0,1,0,0,0,0,0,1,0
121.384556,0,0,1,0,0,0,0,0,0
121.400020,0,1,0,1,0,1,0,0,0
121.446418,0,0,0,0,0,1,1,0,0
121.447305,0,0,0,0,0,0,0,0,1
121.450733,0,0,0,1,0,0,0,0,0
121.453855,0,0,0,0,0,0,1,0,1
121.456645,1,0,0,0,0,0,0,0,0
121.472231,1,0,0,0,1,0,0,1,0
121.474396,0,0,0,0,1,0,0,0,0
121.478421,0,0,1,0,0,0,0,0,0
121.489787,0,0,1,0,0,0,0,1,0
121.501732,0,1,0,1,0,1,0,0,0
121.503445,0,0,0,0,0,0,1,0,1
121.515099,1,1,0,0,0,0,0,0,0
121.533677,0,0,1,0,1,0,0,1,0
121.546510,0,0,0,0,0,1,0,0,0
121.548322,0,0,0,1,0,0,0,0,1
121.557326,0,1,0,0,0,0,1,0,0
121.569200,1,0,0,0,1,0,0,1,0
121.585931,0,0,1,0,0,0,0,0,0
121.596935,0,1,0,0,0,1,0,0,1
121.599784,0,0,0,1,0,0,1,0,0
121.615752,1,0,0,0,1,0,0,1,0
121.636661,0,1,1,0,0,0,0,0,0
121.651039,0,0,0,1,0,1,1,0,0
121.661583,1,0,0,0,1,0,0,0,1
121.700920,0,0,1,1,0,1,0,0,1
121.739440,0,0,1,0,0,0,1,0,0
121.751792,1,0,0,1,1,1,1,0,1
121.753844,0,0,0,0,0,0,0,1,0
121.766220,1,0,0,0,0,0,0,0,0
121.776955,0,1,0,0,0,0,0,0,0
121.789950,0,0,1,0,0,0,0,1,0
121.798107,0,0,0,1,1,1,0,1,1
121.811061,0,1,0,0,0,0,1,0,0
121.826048,1,1,0,0,0,0,0,0,0
121.829489,0,0,1,0,1,0,0,0,0
121.843423,0,0,0,0,0,0,0,1,0
121.851352,0,0,0,1,0,1,0,0,1
121.869816,0,1,0,0,0,0,0,0,0
121.873829,0,0,0,0,0,0,1,0,0
121.889761,1,0,1,0,0,0,0,0,0
121.896792,0,0,0,0,1,1,0,1,1
121.899851,0,0,0,1,0,0,1,0,0
121.910371,1,0,0,0,1,0,0,0,0
121.923850,0,1,0,0,0,0,0,0,0
121.928194,0,0,1,0,0,0,0,1,0
121.948048,0,0,0,1,0,1,1,0,1
121.958151,1,1,0,0,1,0,0,0,0
121.982906,0,0,1,0,0,0,0,1,0
122.001923,0,0,0,1,0,1,1,0,1
122.012288,1,1,0,0,1,0,0,0,0
122.033704,0,0,1,0,0,0,0,0,0
122.046019,0,0,0,0,0,1,0,1,1
122.051277,0,0,0,1,0,0,1,0,0
122.063148,1,0,0,0,0,0,0,0,0
122.064240,0,0,0,0,1,0,0,1,0
122.076019,0,1,1,0,0,0,0,0,0
122.088172,0,1,0,0,0,0,0,0,0
122.101564,0,0,0,1,0,1,1,0,1
122.119132,1,0,0,0,1,0,0,0,0
122.139531,0,0,1,0,0,0,0,1,0
122.146495,0,0,0,0,0,1,0,0,0
122.151961,0,0,0,1,0,0,1,0,1
122.160181,0,1,0,0,0,0,0,0,0
122.171121,1,0,0,0,1,0,0,0,0
122.187684,0,0,1,0,0,0,0,0,0
122.199404,0,0,0,1,0,1,1,1,1
122.212835,1,0,0,0,1,0,0,1,0
122.229404,0,1,1,0,0,0,0,0,0
122.236279,0,1,0,0,0,0,0,0,0
122.249244,0,0,0,1,0,1,1,0,1
122.265220,1,0,0,0,1,0,0,1,0
122.286386,0,1,1,0,0,0,0,0,0
122.296818,0,0,0,0,0,1,0,0,1
122.298350,0,0,0,1,0,0,1,0,0
122.313061,1,0,0,0,0,0,0,0,0
122.327919,0,0,1,0,1,0,0,1,0
122.348152,0,1,0,1,0,1,1,0,1
122.365652,1,0,0,0,0,0,0,0,0
122.381811,0,0,1,0,1,0,0,1,0
122.399471,0,0,0,1,0,1,1,0,1
122.411639,1,1,0,0,1,0,0,1,0
122.432358,0,1,1,0,0,0,0,0,0
122.448410,0,0,0,1,0,1,1,0,1
122.466546,1,0,0,0,0,0,0,0,0
122.487165,0,0,1,0,0,0,0,0,0
122.496655,0,0,0,0,1,1,0,0,0
122.501384,0,0,0,1,0,0,0,1,0
122.528218,0,1,0,0,0,0,1,0,0
122.544106,1,0,0,0,1,0,0,0,0
122.548376,0,0,0,1,0,1,0,0,1
122.584617,0,0,1,0,0,0,0,1,1
122.599205,0,0,0,1,0,1,0,0,1
122.614617,0,1,1,0,0,0,0,0,0
122.638293,0,0,1,0,0,0,0,0,0
122.640895,0,0,0,0,0,0,1,0,0
122.651966,1,0,0,1,0,1,0,0,0
122.696313,0,0,0,0,1,1,1,1,1
122.699257,0,0,0,1,0,0,0,0,1
122.703601,0,0,0,0,0,0,1,0,0
122.708363,1,0,0,0,1,0,0,1,0
122.720968,1,1,0,0,0,0,0,0,0
122.731543,0,1,1,0,1,0,1,0,0
122.732660,0,0,1,0,0,0,0,1,0
122.746468,1,0,0,0,1,1,0,1,1
122.749557,0,0,0,1,0,0,0,0,0
122.760608,0,1,0,0,0,0,1,0,0
122.771750,1,1,0,0,0,0,0,0,0
122.775280,0,0,0,0,1,0,0,0,0
122.780082,0,0,1,0,0,0,0,1,0
122.799000,0,0,0,1,0,1,0,0,1
122.809368,0,1,0,0,0,0,1,0,0
122.829131,1,0,1,0,1,0,0,1,0
122.848128,0,0,0,1,0,1,0,0,0
122.848343,0,0,0,0,0,0,1,0,1
122.858695,1,1,0,0,1,0,0,1,0
122.878364,0,0,1,0,0,0,0,0,0
122.884274,0,1,0,0,0,0,0,0,0
122.899329,0,0,0,1,0,1,1,0,0
122.903663,0,0,0,0,0,0,0,0,1
122.913894,1,0,0,0,0,0,0,0,0
122.932430,0,0,0,0,1,0,0,0,0
122.933366,0,0,0,0,0,0,0,1,0
122.935618,0,0,1,0,0,0,0,0,0
122.951411,0,0,0,1,0,1,1,0,1
122.962927,1,1,0,0,0,0,0,0,0
122.991055,0,0,1,0,1,0,0,1,0
122.996500,0,0,0,0,0,1,0,0,1
123.001849,0,0,0,1,0,0,0,0,0
123.008213,0,0,0,0,0,0,1,0,0
123.012240,0,1,0,0,0,0,0,0,0
123.026655,1,0,1,0,1,0,0,0,0
123.051394,0,0,0,1,0,1,1,0,1
123.070194,1,0,0,0,0,0,0,0,0
123.077505,0,0,0,0,1,0,0,1,0
123.078580,0,0,0,0,0,0,0,1,0
123.083088,0,0,1,0,0,0,0,0,0
123.097537,0,1,0,0,0,1,0,0,0
123.098864,0,1,0,1,0,0,0,0,1
123.121388,0,0,0,0,0,0,1,0,0
123.132432,1,0,1,0,1,0,0,1,0
123.146843,0,0,0,0,0,1,0,0,1
123.149588,0,0,0,1,0,0,1,0,0
123.160569,1,1,0,0,0,0,0,0,0
123.166719,0,0,0,0,1,0,0,1,0
123.179894,0,0,1,0,0,0,0,0,0
123.196357,0,1,0,0,0,1,0,0,0
123.201887,0,0,0,1,0,0,1,0,0
123.205712,0,0,0,0,0,0,0,0,1
123.221064,1,0,0,0,0,0,0,0,0
123.229915,0,0,0,0,1,0,0,1,0
123.241512,0,0,1,0,0,0,0,0,0
123.248162,0,0,0,1,0,1,0,0,0
123.248923,0,0,0,0,0,0,1,0,1
123.259507,1,1,0,0,1,0,0,0,0
123.280173,0,0,1,0,0,0,0,1,0
123.296776,0,0,0,0,0,1,0,0,0
123.298077,0,0,0,1,0,0,1,0,0
123.308213,1,1,0,0,0,0,0,0,1
123.340371,0,0,1,0,1,0,0,1,0
123.346150,0,0,0,0,0,1,0,0,0
123.350684,0,0,0,1,0,0,1,0,0
123.362328,1,1,0,0,0,0,0,0,1
123.398622,0,0,1,1,1,1,0,1,0
123.410887,0,0,0,0,0,0,1,0,1
123.419624,0,1,0,0,0,0,0,0,0
123.421113,1,0,0,0,0,0,0,0,0
123.433666,0,0,0,0,1,0,0,1,0
123.449411,0,0,1,1,0,1,0,0,1
123.450891,0,0,0,0,0,0,1,0,0
123.462813,1,1,0,0,1,0,0,0,0
123.472225,0,0,0,0,0,0,0,1,0
123.484628,0,0,1,0,0,0,0,0,0
123.496373,0,1,0,0,0,1,0,0,1
123.500082,0,0,0,1,0,0,1,0,0
123.510082,1,0,0,0,1,0,0,0,0
123.534810,0,0,1,0,0,0,0,0,0
123.546275,0,0,0,0,0,1,0,0,0
123.547002,0,0,0,0,0,0,0,0,1
123.548273,0,0,0,1,0,0,0,1,0
123.575716,0,1,0,0,0,0,1,0,0
123.583635,0,0,1,0,0,0,0,0,0
123.589030,1,0,0,0,1,0,0,0,0
123.596692,0,0,0,0,0,1,0,1,0
123.599896,0,0,0,1,0,0,1,0,0
123.611005,1,0,0,0,0,0,0,0,0
