t,finish1,finish2,finish3,release1,release2,release3,start1,start2,start3
0.000000,0,0,0,1,0,1,1,0,0
0.003981,0,0,0,0,0,0,0,0,1
0.014783,1,0,0,0,1,0,0,0,0
0.019058,0,0,0,0,0,0,0,1,0
0.040320,0,1,1,0,0,0,0,0,0
0.046138,0,0,0,0,0,1,0,0,0
0.051508,0,0,0,1,0,0,1,0,1
0.066778,1,0,0,0,0,0,0,0,0
0.078491,0,0,0,0,1,0,0,1,0
0.088651,0,0,1,0,0,0,0,0,0
0.099296,0,1,0,1,0,1,0,0,1
0.128048,0,0,0,0,0,0,1,0,0
0.139016,1,0,1,0,1,0,0,0,0
0.148985,0,0,0,1,0,1,1,1,0
0.168985,1,1,0,0,0,0,0,0,0
0.196450,0,0,0,0,1,1,0,0,1
0.200034,0,0,0,1,0,0,0,1,0
0.218857,0,0,0,0,0,0,1,0,0
0.228976,1,1,1,0,1,0,0,1,0
0.250550,0,1,0,1,0,1,1,0,1
0.262329,1,0,0,0,0,0,0,0,0
0.276423,0,0,0,0,1,0,0,1,0
0.285524,0,0,1,0,0,0,0,0,0
0.299342,0,1,0,1,0,1,1,0,0
0.317307,1,0,0,0,1,0,0,1,1
0.346128,0,1,0,0,0,1,0,0,1
0.347513,0,0,1,0,0,0,0,0,0
0.350257,0,0,0,1,0,0,0,0,0
0.373735,0,0,0,0,0,0,1,0,0
0.377280,0,0,1,0,0,0,0,0,1
0.392616,1,0,0,0,1,0,0,0,0
0.396980,0,0,0,0,0,1,0,1,0
0.401188,0,0,0,1,0,0,0,0,0
0.410987,0,0,1,0,0,0,1,0,0
0.421823,1,1,0,0,1,0,0,1,1
0.449358,0,1,0,1,0,1,1,0,1
0.460192,1,0,1,0,1,0,0,0,0
0.481553,0,0,1,0,0,0,0,1,0
0.498963,0,0,0,1,0,1,1,0,0
0.511257,1,1,0,0,1,0,0,1,0
0.532499,0,1,0,0,0,0,0,0,0
0.549015,0,0,0,1,0,1,0,0,0
0.571361,0,0,0,0,0,0,1,0,0
0.589564,1,0,0,0,1,0,0,0,0
0.594348,0,0,0,0,0,0,0,1,1
0.598000,0,0,0,1,0,1,0,0,0
0.610920,0,0,0,0,0,0,1,0,1
0.624348,1,1,1,0,1,0,0,1,0
0.642013,0,0,1,0,0,0,0,0,0
0.646036,0,1,0,0,0,1,0,0,1
0.647020,0,0,0,0,0,0,0,0,1
0.649928,0,0,0,1,0,0,0,0,0
0.679823,0,0,1,0,0,0,0,0,0
0.685471,0,0,1,0,0,0,1,0,0
0.695537,1,0,0,0,0,0,0,0,0
0.698081,0,0,0,1,1,1,1,1,1
0.708719,1,0,0,0,0,0,0,0,0
0.721081,0,1,0,0,1,0,0,0,0
0.734006,0,0,1,0,0,0,0,1,0
0.751356,0,0,0,1,0,1,0,0,0
0.759771,0,1,0,0,0,0,0,0,1
0.796450,0,0,1,0,0,1,0,0,0
0.797306,0,0,0,0,0,0,0,0,1
0.801778,0,0,0,1,0,0,0,0,0
0.832810,0,0,1,0,0,0,0,0,0
0.846305,0,0,0,0,0,1,1,0,0
0.847215,0,0,0,0,0,0,1,0,1
0.849018,0,0,0,1,0,0,1,0,0
0.856554,1,0,0,0,1,0,0,1,0
0.866980,1,0,0,0,1,0,0,1,0
0.868097,1,0,0,0,1,0,0,0,0
0.876568,0,1,0,0,0,0,0,1,0
0.887022,0,1,1,0,0,0,0,0,0
0.896153,0,0,0,0,0,1,0,0,0
0.901525,0,1,0,1,0,0,0,0,0
0.951509,0,0,0,1,0,1,0,0,1
0.971941,0,0,0,0,0,0,1,0,1
0.981615,0,0,1,0,0,0,0,0,0
0.984854,1,0,0,0,0,0,0,0,0
1.000102,0,0,0,1,1,1,1,0,0
1.001075,0,0,0,0,0,0,0,1,0
1.011929,1,0,1,0,1,0,0,1,0
1.023166,0,1,0,0,0,0,1,0,0
1.034704,1,1,0,0,1,0,0,1,0
1.038384,0,0,0,0,0,0,0,0,1
1.050203,0,0,0,1,0,1,1,0,0
1.053050,0,0,0,0,0,0,0,0,1
1.063158,1,1,0,0,1,0,0,0,0
1.067075,0,0,0,0,0,0,0,1,0
1.069343,0,0,1,0,0,0,0,0,0
1.087828,0,1,1,0,0,0,0,0,0
1.098567,0,0,0,1,0,1,1,0,0
1.102959,0,0,0,0,0,0,0,0,1
1.114218,1,0,0,0,1,0,0,1,0
1.133110,0,0,1,0,0,0,0,0,0
1.143144,0,1,0,0,0,0,0,0,0
1.151400,0,0,0,1,0,1,0,0,1
1.177097,0,0,0,0,0,0,1,0,0
1.188143,1,0,1,0,1,0,0,0,0
1.201272,0,0,0,1,0,1,0,1,0
1.204385,0,0,0,0,0,0,1,0,1
1.224318,1,1,0,0,1,0,0,0,0
1.240954,0,0,1,0,0,0,0,0,0
1.246166,0,0,0,0,0,1,0,0,0
1.249161,0,0,0,1,0,0,0,1,0
1.271614,0,1,0,0,0,0,1,0,0
1.281725,1,0,0,0,1,0,0,1,0
1.301983,0,1,0,1,0,1,1,0,1
1.315733,1,0,0,0,1,0,0,1,1
1.334494,0,0,1,0,0,0,0,0,0
1.340389,0,1,0,0,0,0,0,0,0
1.351771,0,0,1,1,0,1,1,0,1
1.369586,1,0,0,0,1,0,0,0,0
1.387798,0,0,1,0,0,0,0,1,0
1.398000,0,0,0,1,0,1,0,0,0
1.403314,0,0,0,0,0,0,0,0,1
1.414111,0,1,0,0,0,0,0,0,0
1.431042,0,0,0,0,0,0,1,0,0
1.442884,1,0,1,0,0,0,0,0,0
1.448464,0,0,0,1,1,1,0,1,0
1.476196,0,1,0,0,0,0,1,0,1
1.496196,1,0,0,0,0,1,0,0,1
1.501010,0,0,0,1,1,0,1,0,0
1.508826,0,0,1,0,0,0,0,0,0
1.509926,0,0,0,0,0,0,0,1,0
1.512079,1,0,0,0,1,0,0,1,0
1.533423,0,1,1,0,0,0,0,0,0
1.539267,0,1,0,0,0,0,0,0,0
1.549333,0,0,0,1,0,1,1,0,1
1.563833,1,0,0,0,1,0,0,0,0
1.589150,0,0,1,0,0,0,0,0,0
1.591707,0,0,0,0,0,0,0,1,0
1.599388,0,0,0,1,0,1,0,0,0
1.606568,0,0,0,0,0,0,1,0,0
1.620699,1,1,0,0,1,0,0,1,1
1.649129,0,1,0,1,0,1,0,0,1
1.649764,0,0,0,0,0,0,1,0,0
1.660310,1,0,1,0,1,0,0,0,0
1.683889,0,0,1,0,0,0,0,1,0
1.696771,0,0,0,0,0,1,0,0,0
1.701209,0,0,0,1,0,0,0,0,1
1.711977,0,1,0,0,0,0,1,0,0
1.731811,1,0,1,0,1,0,0,1,0
1.748061,0,0,0,1,0,1,0,0,1
1.749585,0,0,0,0,0,0,1,0,0
1.752847,0,1,0,0,0,0,0,0,0
1.761294,1,0,0,0,1,0,0,0,0
1.786949,0,0,1,0,0,0,0,0,0
1.799488,0,0,0,1,0,1,0,0,1
1.818508,0,0,0,0,0,0,1,1,0
1.833537,1,0,1,0,1,0,0,0,0
1.846539,0,1,0,0,0,1,0,1,0
1.851149,0,0,0,1,0,0,1,0,0
1.864158,1,0,0,0,0,0,0,0,0
1.870468,0,1,0,0,0,0,0,0,0
1.896568,0,0,0,0,0,1,0,0,1
1.897187,0,0,0,0,0,0,0,0,1
1.900865,0,0,0,1,1,0,1,0,0
1.912881,1,0,0,0,1,0,0,1,0
1.926904,0,0,1,0,0,0,0,0,0
1.927046,0,0,0,0,0,0,0,1,0
1.931298,0,0,1,0,0,0,0,0,0
1.942047,0,1,0,0,0,0,0,0,0
1.947430,0,1,0,0,0,1,0,0,1
1.950503,0,0,0,1,0,0,0,0,0
1.979576,0,0,1,0,0,0,0,0,0
1.988014,0,0,0,0,0,0,1,0,0
2.001348,1,0,0,1,1,1,1,1,0
2.016272,1,0,0,0,0,0,0,0,0
2.028578,0,1,0,0,0,0,0,0,1
2.046760,0,0,0,0,0,1,0,0,0
2.047326,0,0,0,0,1,0,0,1,0
2.051189,0,0,0,1,0,0,0,0,0
2.064411,0,0,1,0,0,0,0,0,0
2.066253,0,0,0,0,0,0,0,0,1
2.067524,0,1,0,0,0,0,0,0,0
2.096053,0,0,0,0,0,1,0,0,1
2.096753,0,0,1,0,0,0,1,0,0
2.100527,0,0,0,1,0,0,1,0,0
2.113589,1,0,0,0,1,0,0,1,0
2.120478,1,0,0,0,1,0,0,1,0
2.130688,0,0,1,0,0,0,0,0,0
2.133589,0,1,0,0,0,0,0,0,0
2.146153,0,1,0,0,0,1,0,0,1
2.149915,0,0,0,1,0,0,1,0,0
2.164652,1,0,0,0,1,0,0,1,0
2.184934,0,1,1,0,0,0,0,0,0
2.196644,0,0,0,0,0,1,0,0,0
2.201177,0,0,0,1,0,0,1,0,1
2.217280,1,0,0,0,0,0,0,0,0
2.227696,0,0,0,0,1,0,0,0,0
2.229659,0,0,0,0,0,0,0,1,0
2.240176,0,0,1,0,0,0,0,0,0
2.248058,0,0,0,1,0,1,1,0,0
2.250782,0,1,0,0,0,0,0,0,0
2.263391,1,0,0,0,1,0,0,0,0
2.299622,0,0,0,1,0,1,0,0,1
2.339238,0,0,1,0,0,0,0,1,1
2.349577,0,0,0,1,0,1,0,0,0
2.369238,0,1,1,0,0,0,1,0,0
2.379315,1,0,0,0,1,0,0,1,1
2.400941,0,1,0,1,0,1,1,0,1
2.407767,0,0,0,0,0,0,1,0,0
2.414015,1,0,1,0,1,0,0,0,0
2.423153,1,0,0,0,0,0,0,1,0
2.424259,0,0,0,0,1,0,0,0,0
2.431692,0,0,1,0,0,0,0,1,0
2.448334,0,1,0,1,0,1,1,0,0
2.454342,0,1,0,0,0,0,0,0,1
2.460575,1,0,0,0,0,0,0,0,0
2.489182,0,0,1,0,1,0,0,1,0
2.501297,0,0,0,1,0,1,1,0,1
2.509219,0,1,0,0,0,0,0,0,0
2.517174,1,0,0,0,1,0,0,0,0
2.535380,0,0,1,0,0,0,0,0,0
2.539824,0,0,0,0,0,0,0,1,0
2.546454,0,0,0,0,0,1,0,0,0
2.547120,0,0,0,0,0,0,0,0,1
2.549286,0,0,0,1,0,0,0,0,0
2.564447,0,1,0,0,0,0,1,0,0
2.575370,1,0,0,0,1,0,0,1,0
2.579162,0,0,1,0,0,0,0,0,0
2.596465,0,1,0,0,0,1,0,0,1
2.598645,0,0,0,1,0,0,1,0,0
2.613685,1,0,0,0,1,0,0,1,0
2.626714,0,0,1,0,0,0,0,0,0
2.639054,0,1,0,0,0,0,0,0,0
2.646976,0,0,0,0,0,1,0,0,0
2.650485,0,0,0,1,0,0,1,0,1
2.670333,1,0,0,0,0,0,0,0,0
2.672556,0,0,0,0,1,0,0,0,0
2.687544,0,0,1,0,0,0,0,1,0
2.699868,0,0,0,1,0,1,1,0,1
2.710227,1,1,0,0,1,0,0,1,0
2.729889,0,0,1,0,0,0,0,0,0
2.732906,0,1,0,0,0,0,0,0,0
2.746775,0,0,0,0,0,1,0,0,1
2.748377,0,0,0,1,0,0,1,0,0
2.764512,1,0,0,0,1,0,0,0,0
2.770177,0,0,0,0,0,0,0,1,0
2.778766,0,0,1,0,0,0,0,0,0
2.799976,0,1,0,1,0,1,0,0,1
2.836181,0,0,1,0,0,0,0,0,0
2.846618,0,0,0,0,0,1,0,0,0
2.851400,0,0,0,1,0,0,1,0,0
2.867028,1,0,0,0,1,0,0,1,1
2.896021,0,1,0,0,0,1,0,0,0
2.896344,0,0,0,0,0,0,1,0,1
2.901331,0,0,1,1,0,0,0,0,0
2.907659,1,0,0,0,1,0,1,1,0
2.927659,1,1,1,0,1,0,0,1,0
2.951318,0,1,0,1,0,1,0,0,1
2.982629,0,0,1,0,0,0,0,0,0
2.996752,0,0,0,0,0,1,1,0,1
2.998910,0,0,0,1,0,0,0,0,0
3.016226,1,0,0,0,1,0,1,0,0
3.026463,1,0,0,0,1,0,0,0,0
3.031733,0,0,1,0,0,0,0,0,0
3.046242,0,0,0,0,0,1,0,1,1
3.048859,0,0,0,1,0,0,0,1,0
3.070381,0,1,0,0,0,0,1,0,0
3.073615,0,1,0,0,0,0,0,0,0
3.084649,1,0,1,0,0,0,0,0,0
3.100120,0,0,0,1,0,1,1,0,0
3.113631,1,0,0,0,1,0,0,0,1
3.146565,0,0,1,0,1,1,0,1,0
3.147370,0,0,0,0,0,0,0,1,0
3.148273,0,0,0,1,0,0,0,0,0
3.164439,0,0,0,0,0,0,0,0,1
3.165491,0,0,0,0,0,0,1,0,0
3.171924,0,1,0,0,0,0,0,0,0
3.176769,1,1,0,0,0,0,0,0,0
3.201014,0,0,1,1,1,1,0,0,1
3.234593,0,0,1,0,0,0,0,0,0
3.251086,0,0,0,1,0,1,1,1,1
3.266012,1,0,0,0,1,0,0,0,0
3.273761,0,1,0,0,0,0,1,0,0
3.284763,1,0,1,0,0,0,0,1,0
3.300243,0,0,0,1,1,1,0,0,1
3.303525,0,0,0,0,0,0,1,1,0
3.313800,1,1,0,0,1,0,0,0,0
3.326122,0,1,0,0,0,0,0,1,0
3.334102,0,0,1,0,0,0,0,0,0
3.346781,0,1,0,0,0,1,0,0,0
3.348365,0,0,0,1,0,0,1,0,0
3.366311,1,0,0,0,1,0,0,1,1
3.396064,0,1,0,0,0,1,0,0,0
3.398937,0,0,1,1,0,0,1,0,0
3.410965,1,0,0,0,0,0,0,0,0
3.446628,0,0,0,0,0,1,0,0,1
3.449914,0,0,0,1,1,0,1,1,1
3.461881,1,0,0,0,1,0,0,0,0
3.479174,0,1,1,0,0,0,0,0,0
3.479544,0,0,0,0,0,0,0,1,0
3.483823,0,0,1,0,0,0,0,0,0
3.501236,0,1,0,1,0,1,1,0,1
3.512598,1,0,0,0,0,0,0,0,0
3.531937,0,0,1,0,1,0,0,0,0
3.551026,0,0,0,1,0,1,1,0,0
3.568882,1,0,0,0,0,0,0,0,0
3.598000,0,0,0,1,0,1,0,1,0
3.610914,0,0,0,0,0,0,0,0,1
3.615582,0,0,0,0,1,0,1,1,0
3.626791,1,1,0,0,1,0,0,0,1
3.641098,0,1,1,0,0,0,0,0,0
3.646870,0,0,0,0,0,1,0,1,1
3.650728,0,0,0,1,0,0,1,0,0
3.658600,0,0,1,0,0,0,0,0,0
3.663219,1,0,0,0,1,0,0,1,0
3.676870,0,1,1,0,0,0,0,0,0
3.689002,0,1,0,0,0,0,0,0,0
3.698943,0,0,0,1,0,1,1,0,1
3.714369,1,0,0,0,0,0,0,0,0
3.727646,0,0,0,0,1,0,0,1,0
3.730220,0,0,1,0,0,0,0,0,0
3.746058,0,0,0,0,0,1,0,0,1
3.749922,0,1,0,1,0,0,0,0,0
3.750922,0,0,0,0,0,0,1,0,0
3.765483,1,0,0,0,1,0,0,1,0
3.776585,0,0,1,0,0,0,0,0,0
3.787388,0,1,0,0,0,0,0,0,0
3.798067,0,0,0,1,0,1,0,0,0
3.811665,0,0,0,0,0,0,1,0,0
3.826221,1,0,0,0,1,0,0,0,1
3.846297,0,0,0,0,0,1,0,1,1
3.848841,0,0,0,1,0,0,0,0,0
3.861204,0,0,1,0,0,0,0,0,0
3.864175,0,0,0,0,0,0,1,0,0
3.870171,0,1,0,0,0,0,0,0,0
3.876818,1,0,1,0,1,0,0,1,0
3.896154,0,0,0,0,0,1,0,0,0
3.898000,0,1,0,1,0,0,0,0,0
3.946451,0,0,0,0,0,1,1,0,1
3.950182,0,0,0,1,0,0,1,0,1
3.966335,1,0,0,0,1,0,0,0,0
3.969748,1,0,0,0,0,0,0,0,0
3.986389,0,0,1,0,1,0,0,0,0
3.989389,0,0,1,0,0,0,0,0,0
3.999194,0,0,0,1,0,1,1,0,0
4.011416,1,0,0,0,0,0,0,0,1
4.046078,0,0,1,0,1,1,0,1,1
4.047058,0,0,0,0,0,0,0,1,0
4.051407,0,0,0,1,0,0,1,1,0
4.062049,1,0,0,0,0,0,0,0,0
4.064316,0,0,0,0,1,0,0,1,0
4.071226,0,1,0,0,0,0,0,0,0
4.076135,0,1,1,0,0,0,0,0,0
4.079757,0,1,0,0,0,0,0,0,0
4.086163,0,1,0,0,0,0,0,0,0
4.101639,0,0,0,1,0,1,1,0,1
4.118156,1,0,0,0,0,0,0,0,0
4.135856,0,0,1,0,1,0,0,1,0
4.146073,0,0,0,0,0,1,0,0,1
4.148447,0,0,0,1,0,0,1,0,0
4.162369,1,1,0,0,1,0,0,0,0
4.183381,0,0,1,0,0,0,0,0,0
4.201113,0,0,0,1,0,1,0,0,1
4.240856,0,0,1,0,0,0,1,1,0
4.251876,1,0,0,1,1,1,1,1,0
4.265177,1,1,0,0,1,0,0,1,0
4.281783,0,1,0,0,0,0,0,0,0
4.286782,0,1,0,0,0,0,0,0,1
4.298651,0,0,0,1,0,1,1,0,0
4.313915,1,0,0,0,1,0,0,1,0
4.323528,0,0,1,0,0,0,0,0,0
4.336765,0,1,0,0,0,0,0,0,0
4.349851,0,0,0,1,0,1,1,0,1
4.367374,1,0,0,0,1,0,0,1,0
4.386184,0,0,1,0,0,0,0,0,1
4.389965,0,1,0,0,0,0,0,0,0
4.400950,0,0,0,1,0,1,1,0,0
4.404699,0,0,0,0,0,0,0,0,1
4.414728,1,0,0,0,0,0,0,0,0
4.415374,0,0,0,0,1,0,0,1,0
4.422763,0,0,1,0,0,0,0,0,0
4.441029,0,1,1,0,0,0,0,0,0
4.449000,0,0,0,1,0,1,0,0,0
4.499525,0,0,0,1,0,1,0,0,0
4.530264,0,0,0,0,0,0,1,0,1
4.542314,1,0,0,0,1,0,0,1,1
4.544394,0,0,0,0,0,0,1,0,0
4.551374,0,0,0,1,0,1,1,0,0
4.560586,1,0,1,0,1,0,0,1,1
4.569090,1,1,0,0,0,0,0,0,0
4.574395,0,0,1,0,1,0,0,0,0
4.590586,0,1,1,0,0,0,0,1,0
4.599642,0,0,0,1,0,1,0,0,1
4.611049,0,1,0,0,0,0,0,0,0
4.628374,0,0,0,0,0,0,1,0,0
4.639560,1,0,1,0,1,0,0,1,0
4.646137,0,0,0,0,0,1,0,0,1
4.651353,0,0,0,1,0,0,0,0,0
4.660337,0,1,0,0,0,0,0,0,0
4.679022,0,0,1,0,0,0,1,0,0
4.694189,1,0,0,0,1,0,0,0,0
4.700506,0,0,0,1,0,1,0,1,0
4.723070,0,1,0,0,0,0,1,0,1
4.741436,1,0,0,0,1,0,0,0,0
4.746804,0,0,0,0,0,1,0,0,1
4.747247,0,0,0,0,0,0,0,1,0
4.751787,0,0,0,1,0,0,1,0,0
4.762848,1,0,1,0,0,0,0,0,0
4.777164,0,1,1,0,1,0,0,1,0
4.797264,0,1,0,0,0,1,0,0,1
4.801616,0,0,0,1,0,0,0,0,0
4.821680,0,0,0,0,0,0,1,0,0
4.835172,1,0,1,0,1,0,0,1,0
4.850933,0,0,0,1,0,1,0,0,0
4.853650,0,0,0,0,0,0,1,0,0
4.857042,0,1,0,0,0,0,0,0,1
4.864943,1,0,0,0,1,0,0,0,0
4.888948,0,0,1,0,0,0,0,0,0
4.899442,0,0,0,1,0,1,1,1,0
4.919442,1,1,0,0,0,0,0,0,0
4.946294,0,0,0,0,1,1,0,0,0
4.947125,0,0,0,0,0,0,0,0,1
4.948325,0,0,0,1,0,0,1,0,0
4.967163,1,0,0,0,1,0,0,1,0
4.975384,0,0,0,0,0,0,0,0,1
4.983700,0,0,1,0,0,0,0,1,0
4.996668,0,1,0,0,0,1,0,0,0
4.998552,0,0,0,1,0,0,0,0,1
5.009175,0,1,1,0,0,0,1,0,0
5.029133,1,0,1,0,1,0,0,1,0
5.046416,0,0,0,0,0,1,0,0,0
5.048058,0,0,0,1,0,0,1,0,0
5.056211,0,1,0,0,0,0,0,0,0
5.065671,1,0,0,0,1,0,0,1,1
5.095671,0,1,1,0,0,0,0,0,0
5.101913,0,0,0,1,0,1,1,0,0
5.113201,1,0,0,0,1,0,0,1,0
5.127727,0,0,0,0,0,0,0,0,1
5.133733,0,1,0,0,0,0,0,0,0
5.151534,0,0,0,1,0,1,1,0,1
5.164631,1,0,1,0,0,0,0,0,0
5.189126,0,0,1,0,0,0,0,0,0
5.196947,0,0,0,0,0,1,0,0,1
5.201010,0,0,0,1,0,0,1,0,0
5.213895,1,0,0,0,1,0,0,0,0
5.221696,0,0,0,0,1,0,0,0,0
5.232139,0,0,1,0,0,0,0,1,0
5.246962,0,0,0,0,0,1,0,1,1
5.248939,0,0,0,1,0,0,1,0,0
5.255192,0,1,0,0,0,0,0,0,0
5.263224,1,0,0,0,0,0,0,0,0
5.269242,0,1,0,0,0,0,0,0,0
5.283496,0,0,1,0,0,0,0,0,0
5.296647,0,0,0,0,1,1,0,0,0
5.300682,0,0,0,1,0,0,1,1,0
5.320682,1,1,0,0,0,0,0,0,1
5.346690,0,0,0,0,0,1,0,0,1
5.351311,0,0,1,1,1,0,1,1,0
5.371311,1,1,0,0,0,0,0,0,0
5.385547,0,0,1,0,0,0,0,0,0
5.391526,0,0,0,0,1,0,0,0,0
5.396731,0,0,0,0,0,1,0,0,1
5.400315,0,0,0,1,0,0,0,1,0
5.428164,0,1,1,0,0,0,1,0,0
5.448162,1,0,0,1,0,1,1,0,0
5.451028,0,0,0,0,1,0,0,1,1
5.458702,1,0,0,0,0,0,0,0,0
5.471952,0,1,0,0,1,0,0,1,0
5.481326,0,0,1,0,0,0,0,0,0
5.494643,0,1,0,0,0,0,0,0,0
5.498889,0,0,0,1,0,1,1,0,1
5.509071,1,0,0,0,1,0,0,0,0
5.532932,0,0,1,0,0,0,0,1,0
5.546431,0,0,0,0,0,1,0,0,1
5.551971,0,0,0,1,0,0,0,0,0
5.552452,0,0,0,0,0,0,1,0,0
5.556432,0,1,0,0,0,0,0,0,0
5.571547,1,0,0,0,1,0,0,1,0
5.580957,0,0,1,0,0,0,0,0,0
5.596383,0,1,0,0,0,1,0,0,1
5.600464,0,0,0,1,0,0,1,0,0
5.613811,1,0,0,0,1,0,0,1,0
5.636120,0,1,1,0,0,0,0,0,0
5.651938,0,0,0,1,0,1,1,0,0
5.665035,1,0,0,0,1,0,0,0,0
5.698057,0,0,0,1,0,1,0,1,0
5.723157,0,1,0,0,0,0,0,0,0
5.748446,0,0,0,1,0,1,1,0,1
5.766223,1,0,0,0,1,0,1,0,0
5.783960,1,0,1,0,0,0,0,0,0
5.800553,0,0,0,1,1,1,1,0,0
5.804220,0,0,0,0,0,0,0,1,0
5.818081,1,0,0,0,0,0,0,1,0
5.822305,0,0,0,0,1,0,0,0,0
5.833502,0,1,0,0,0,0,0,0,0
5.836369,0,0,0,0,0,0,0,1,1
5.837306,0,0,0,0,0,0,0,0,1
5.841424,0,1,0,0,0,0,0,0,0
5.848477,0,0,0,1,0,1,1,0,0
5.866369,1,1,1,0,0,0,0,0,0
5.866838,0,0,0,0,0,0,0,0,1
5.867072,0,0,0,0,1,0,0,0,1
5.867189,0,0,0,0,0,0,0,1,0
5.876518,0,0,1,0,0,0,0,0,0
5.896038,0,1,0,0,0,1,0,0,0
5.898583,0,0,1,1,0,0,1,0,0
5.900078,0,0,1,0,0,0,0,0,1
5.911629,1,0,0,0,1,0,0,0,0
5.932157,0,0,1,0,0,0,0,1,0
5.950372,0,0,0,1,0,1,1,0,1
5.960812,1,1,0,0,1,0,0,0,0
5.983310,0,0,1,0,0,0,0,0,0
5.996255,0,0,0,0,0,1,0,0,0
5.998303,0,0,0,1,0,0,0,1,0
6.024858,0,1,0,0,0,0,1,0,1
6.043449,1,0,0,0,0,0,0,0,0
6.046156,0,0,0,0,1,1,0,1,1
6.051344,0,0,0,1,0,0,0,0,0
6.053523,0,0,0,0,0,0,1,0,0
6.064227,1,0,1,0,1,0,0,1,0
6.076156,0,1,1,0,0,0,0,0,0
6.091235,0,1,0,0,0,0,0,0,0
6.101112,0,0,0,1,0,1,1,0,0
6.112368,1,0,0,0,1,0,0,0,0
6.146655,0,0,0,0,0,1,0,0,1
6.149487,0,0,0,1,0,0,1,1,1
6.169487,1,1,0,0,0,0,0,0,0
6.170804,0,0,0,0,1,0,0,1,0
6.178580,0,0,1,0,0,0,0,0,0
6.180230,0,0,1,0,0,0,0,0,0
6.191297,0,1,0,0,0,0,0,0,0
6.200592,0,0,0,1,0,1,1,0,0
6.203475,0,0,0,0,0,0,0,0,1
6.213350,1,0,0,0,1,0,0,0,0
6.222806,0,0,0,0,0,0,0,1,0
6.242858,0,1,1,0,0,0,0,0,0
6.248831,0,0,0,1,0,1,0,0,1
6.256902,0,0,0,0,0,0,1,0,0
6.268118,1,0,0,0,1,0,0,0,0
6.280220,0,0,1,0,0,0,0,1,0
6.301333,0,1,0,1,0,1,1,0,1
6.316385,1,0,0,0,1,0,0,0,0
6.321012,0,0,0,0,0,0,0,1,0
6.341013,0,1,1,0,0,0,0,0,0
6.346917,0,0,0,0,0,1,0,0,1
6.350400,0,0,0,1,0,0,0,0,0
6.363584,0,0,0,0,0,0,1,0,0
6.374697,1,0,0,0,1,0,0,0,0
6.375888,0,0,0,0,0,0,0,1,0
6.382906,0,0,1,0,0,0,0,0,0
6.399255,0,1,0,1,0,1,0,0,0
6.446059,0,0,0,0,0,1,0,0,0
6.448000,0,0,0,1,0,0,0,0,1
6.479075,0,0,1,0,0,0,1,0,0
6.496619,1,0,0,0,1,1,1,1,1
6.497115,0,0,0,0,0,0,0,0,1
6.501076,0,0,0,1,0,0,1,0,0
6.516619,1,1,0,0,0,0,0,0,0
6.518938,1,0,0,0,0,0,0,0,0
6.535208,0,0,1,0,0,0,0,0,0
6.536623,0,0,1,0,1,0,0,0,0
6.546487,0,0,0,0,1,1,0,0,0
6.547422,0,0,0,0,0,0,0,1,0
6.547711,0,0,0,0,0,0,0,1,1
6.549623,0,0,0,1,0,0,0,0,0
6.569832,0,1,0,0,0,0,0,0,0
6.577711,0,1,1,0,0,0,1,0,0
6.596219,1,0,0,0,1,1,0,0,1
6.597116,0,0,0,0,0,0,0,1,0
6.599166,0,0,0,1,0,0,0,0,0
6.618141,0,1,0,0,0,0,0,0,0
6.628056,0,0,1,0,0,0,1,0,0
6.648044,1,0,0,1,1,1,0,0,0
6.701369,0,0,0,1,0,1,1,0,0
6.715248,1,0,0,0,0,0,1,1,1
6.733854,1,0,0,0,0,0,0,0,0
6.739688,0,1,0,0,1,0,0,0,0
6.743741,0,0,0,0,1,0,0,0,0
6.744685,0,0,0,0,0,0,0,1,1
6.751434,0,0,1,1,0,1,0,1,0
6.774685,0,1,1,0,0,0,0,0,1
6.780574,0,1,0,0,0,0,0,0,0
6.801976,0,0,0,1,0,1,0,0,1
6.805917,0,0,1,0,0,0,1,0,0
6.813054,0,0,0,0,0,0,1,0,0
6.824476,1,0,0,0,0,0,0,0,0
6.832835,1,0,1,0,1,0,0,1,0
6.851934,0,0,0,1,0,1,0,0,1
6.852385,0,0,0,0,1,0,1,0,0
6.855602,0,1,0,0,0,0,0,0,0
6.862866,1,0,0,0,0,0,0,1,0
6.882383,0,0,1,0,1,0,0,0,0
6.882625,0,0,0,0,0,0,0,1,0
6.891273,0,1,0,0,0,0,0,0,0
6.900686,0,0,0,1,0,1,0,0,1
6.911229,0,1,0,0,0,0,0,0,0
6.940549,0,0,1,0,0,0,0,0,0
6.948120,0,0,0,1,0,1,0,0,0
6.992117,0,0,0,0,0,0,1,0,1
7.000714,0,0,0,1,0,1,1,0,0
7.009617,1,0,0,0,1,0,0,0,0
7.010039,0,0,0,0,0,0,1,1,0
7.015690,1,0,0,0,1,0,0,0,0
7.021065,1,0,0,0,1,0,0,1,0
7.028862,0,0,1,0,0,0,0,0,1
7.029152,0,0,0,0,0,0,0,1,0
7.031170,0,1,0,0,0,0,0,0,0
7.044215,0,1,0,0,0,0,0,0,0
7.048039,0,0,0,1,0,1,0,0,0
7.058941,0,1,1,0,0,0,1,0,1
7.072600,1,0,0,0,1,0,0,0,0
7.098184,0,0,1,1,0,1,1,0,0
7.110653,1,0,0,0,1,0,0,0,1
7.146041,0,0,1,0,0,1,0,1,1
7.150135,0,0,0,1,0,0,1,1,0
7.164744,1,0,0,0,1,0,0,0,0
7.165514,0,0,0,0,0,0,0,1,0
7.171481,0,1,0,0,0,0,0,0,0
7.179304,0,1,1,0,0,0,0,0,0
7.192732,0,1,0,0,0,0,0,0,0
7.196018,0,0,0,0,0,1,0,0,0
7.198353,0,0,0,1,0,0,1,0,0
7.209346,1,0,0,0,1,0,0,0,0
7.246563,0,0,0,0,0,1,0,0,0
7.251573,0,0,0,1,0,0,1,0,1
7.265436,1,0,0,0,1,0,0,0,1
7.284971,0,0,1,0,0,0,0,0,0
7.299333,0,0,1,1,0,1,0,1,1
7.328158,0,1,0,0,0,0,0,0,0
7.328975,0,0,0,0,0,0,1,0,0
7.333274,0,0,1,0,0,0,0,1,0
7.348781,1,0,0,1,1,1,1,0,1
7.360853,1,1,0,0,0,0,0,1,0
7.379057,0,0,1,0,1,0,0,1,0
7.382903,0,1,0,0,0,0,0,0,0
7.398020,0,0,0,1,0,1,1,0,1
7.408570,1,1,0,0,1,0,0,1,0
7.435395,0,1,1,0,0,0,0,0,0
7.451031,0,0,0,1,0,1,1,0,1
7.462857,1,0,0,0,1,0,0,0,0
7.482029,0,0,1,0,0,0,0,1,0
7.501039,0,0,0,1,0,1,0,0,0
7.506266,0,1,0,0,0,0,1,0,1
7.522013,1,0,0,0,1,0,0,1,0
7.546041,0,1,1,0,0,1,0,0,0
7.549171,0,0,0,1,0,0,1,0,0
7.560491,1,0,0,0,0,0,0,0,1
7.599296,0,0,1,1,1,1,0,1,1
7.625232,0,1,0,0,0,0,1,0,0
7.637424,1,0,1,0,1,0,0,0,0
7.644658,0,0,0,0,0,0,0,1,0
7.651901,0,0,0,1,0,1,0,0,1
7.670828,0,1,0,0,0,0,1,0,0
7.686732,1,0,1,0,1,0,0,1,0
7.698393,0,0,0,1,0,1,0,0,0
7.708391,0,1,0,0,0,0,1,0,1
7.727778,1,0,0,0,1,0,0,1,0
7.740380,0,0,1,0,0,0,0,0,0
7.747824,0,1,0,0,0,1,0,0,1
7.749503,0,0,0,1,0,0,0,0,0
7.785417,0,0,1,0,0,0,0,0,0
7.789350,0,0,0,0,0,0,1,0,0
7.799644,1,0,0,1,1,1,0,0,0
7.848298,0,0,0,1,0,1,1,0,1
7.859356,1,0,0,0,0,0,0,1,1
7.875180,0,0,0,0,1,0,1,0,0
7.878321,0,0,1,0,0,0,0,0,0
7.885615,1,1,0,0,0,0,0,0,0
7.899034,0,0,1,1,1,1,1,1,1
7.909576,1,0,0,0,0,0,0,0,0
7.929034,0,1,1,0,0,0,0,1,0
7.949634,0,1,0,1,1,1,1,1,1
7.964348,1,0,0,0,1,0,0,1,0
7.979634,0,1,1,0,0,0,0,0,0
7.993554,0,1,0,0,0,0,0,0,0
7.998427,0,0,0,1,0,1,0,0,1
8.032093,0,0,1,0,0,0,1,0,0
8.043046,1,0,0,0,1,0,0,0,0
8.048935,0,0,0,1,0,1,1,1,0
8.060819,1,0,0,0,0,0,0,0,1
8.064744,0,0,0,0,1,0,0,0,0
8.077876,0,1,0,0,0,0,0,1,0
8.098548,0,1,1,1,0,1,0,0,0
8.151860,0,0,0,1,0,1,0,0,1
8.186323,0,0,1,0,0,0,0,0,1
8.201142,0,0,0,1,0,1,1,0,1
8.216359,1,0,1,0,0,0,0,0,0
8.235300,0,0,1,0,1,0,1,1,0
8.245451,1,0,0,0,1,0,1,0,0
8.251786,0,0,0,1,0,1,1,1,1
8.259915,1,1,0,0,0,0,0,0,0
8.271786,1,1,0,0,0,0,0,0,0
8.276443,0,0,0,0,1,0,0,1,0
8.279421,0,0,0,0,1,0,0,1,0
8.288771,0,0,1,0,0,0,0,0,0
8.301259,0,1,0,1,0,1,0,0,0
8.306472,0,1,0,0,0,0,0,0,0
8.342943,0,0,0,0,0,0,1,0,1
8.346545,0,0,0,0,0,1,0,0,1
8.351596,0,0,0,1,0,0,1,0,0
8.361792,1,0,0,0,1,0,0,0,0
8.367823,1,0,0,0,1,0,0,0,0
8.371861,0,0,0,0,0,0,0,1,0
8.377598,0,0,1,0,0,0,0,1,0
8.382571,0,0,1,0,0,0,0,0,0
8.400544,0,1,0,1,0,1,1,0,1
8.402236,0,1,0,0,0,0,0,0,0
8.416538,1,0,0,0,1,0,0,0,0
8.432496,0,0,1,0,0,0,0,1,0
8.446102,0,0,0,0,0,1,0,0,1
8.448433,0,0,0,1,0,0,0,0,0
8.458003,0,1,0,0,0,0,0,0,0
8.486080,0,0,1,0,0,0,0,0,0
8.496475,0,0,0,0,0,1,1,0,1
8.501000,0,0,0,1,0,0,1,0,0
8.513365,1,0,0,0,1,0,0,1,0
8.519588,1,0,0,0,1,0,0,0,0
8.534371,0,1,1,0,0,0,0,1,0
8.546479,0,0,0,0,0,1,0,0,1
8.548580,0,0,0,1,0,0,0,0,0
8.564205,0,1,0,0,0,0,0,0,0
8.573336,0,0,0,0,0,0,1,0,0
8.578693,0,0,1,0,0,0,0,0,0
8.591171,1,0,0,0,0,0,0,0,0
8.601639,0,0,0,1,0,1,0,0,1
8.633793,0,0,1,0,1,0,1,1,0
8.649667,1,0,0,1,1,1,1,0,1
8.656258,0,1,0,0,0,0,0,0,0
8.664444,1,0,0,0,0,0,0,0,0
8.680661,0,0,1,0,0,0,0,1,0
8.696386,0,0,0,0,1,1,0,1,0
8.699309,0,0,0,1,0,0,0,0,1
8.709223,0,1,0,0,0,0,1,0,0
8.722057,1,1,0,0,0,0,0,0,0
8.737177,0,0,1,0,1,0,0,0,0
8.746052,0,0,0,0,0,1,0,1,1
8.749151,0,0,0,1,0,0,1,0,0
8.769077,1,1,0,0,1,0,0,0,0
8.781556,0,0,1,0,0,0,0,1,0
8.799164,0,0,0,1,0,1,1,0,1
8.811453,1,1,0,0,1,0,0,1,0
8.830197,0,0,1,0,0,0,0,0,0
8.835236,0,1,0,0,0,0,0,0,0
8.848435,0,0,0,1,0,1,1,0,1
8.861503,1,0,0,0,1,0,0,0,0
8.879460,0,0,1,0,0,0,0,1,0
8.898366,0,0,0,1,0,1,0,0,1
8.904240,0,1,0,0,0,0,0,0,0
8.923777,0,0,0,0,0,0,1,0,0
8.934126,1,0,1,0,0,0,0,0,0
8.951757,0,0,0,1,0,1,0,0,0
8.986725,0,0,0,0,1,0,0,0,1
8.999661,0,0,0,1,0,1,0,0,1
9.013711,0,0,0,0,0,0,1,0,0
9.026255,1,0,1,0,1,0,0,1,0
9.039594,0,0,1,0,0,0,1,0,0
9.051038,1,1,0,1,0,1,1,0,0
9.056541,0,0,0,0,0,0,0,1,1
9.057869,0,0,0,0,1,0,0,0,0
9.067245,1,0,0,0,1,0,0,0,0
9.086541,0,1,1,0,0,0,0,1,0
9.100868,0,0,0,1,0,1,1,0,1
9.113641,1,1,0,0,1,0,0,0,0
9.139137,0,0,1,0,0,0,0,0,0
9.146316,0,0,0,0,0,1,0,0,0
9.147156,0,0,0,0,0,0,0,1,0
9.149391,0,0,0,1,0,0,0,0,0
9.175612,0,1,0,0,0,0,1,1,1
9.191277,1,0,0,0,0,0,0,0,0
9.195789,0,1,0,0,1,0,0,1,0
9.201680,0,0,0,1,0,1,0,0,1
9.202917,0,0,0,0,0,0,1,0,0
9.212956,1,0,1,0,0,0,0,0,0
9.223289,0,1,0,0,0,0,0,0,0
9.234278,0,0,1,0,1,0,0,1,0
9.248161,0,0,0,1,0,1,0,0,0
9.253057,0,0,0,0,0,0,0,0,1
9.253860,0,0,0,0,0,0,1,0,0
9.264232,1,1,0,0,1,0,0,1,0
9.291610,0,1,1,0,0,0,0,0,0
9.299550,0,0,0,1,0,1,0,0,1
9.303012,0,0,0,0,0,0,1,0,0
9.320506,1,0,0,0,1,0,0,0,0
9.329663,0,0,1,0,0,0,0,1,0
9.348624,0,0,0,1,0,1,1,0,1
9.359229,1,1,0,0,1,0,0,1,0
9.378823,0,0,1,0,0,0,0,0,0
9.387179,0,1,0,0,0,0,0,0,0
9.396834,0,0,0,0,0,1,0,0,1
9.401396,0,0,0,1,0,0,1,0,0
9.417958,1,0,0,0,1,0,0,1,0
9.427299,0,0,1,0,0,0,0,0,0
9.447396,0,1,0,0,0,1,0,0,1
9.451526,0,0,0,1,0,0,0,0,0
9.486954,0,0,1,0,0,0,0,0,0
9.496424,0,0,0,0,0,1,0,0,1
9.501904,0,0,0,1,0,0,1,0,0
9.508238,0,0,0,0,0,0,1,0,0
9.520503,1,0,0,0,1,0,0,0,0
9.523777,1,0,0,0,1,0,0,1,0
9.525048,0,0,0,0,0,0,0,1,0
9.532682,0,0,1,0,0,0,0,0,0
9.549251,0,1,0,1,0,1,1,0,0
9.552221,0,1,0,0,0,0,0,0,0
9.566041,1,0,0,0,0,0,0,0,0
9.601505,0,0,0,1,1,1,1,1,0
9.621505,1,1,0,0,0,0,0,0,1
9.651897,0,0,1,1,1,1,0,1,1
9.681897,0,1,1,0,0,0,0,0,1
9.701020,0,0,0,1,0,1,1,0,1
9.711114,1,0,0,0,0,0,1,0,0
9.711506,0,0,0,0,1,0,0,1,0
9.719584,0,0,1,0,0,0,0,0,0
9.731052,1,0,1,0,1,0,0,1,0
9.733664,0,1,0,0,0,0,0,0,0
9.748580,0,0,0,1,0,1,1,0,1
9.759209,1,1,0,0,1,0,0,1,0
9.783790,0,1,1,0,0,0,0,0,0
9.796552,0,0,0,0,0,1,0,0,1
9.800714,0,0,0,1,0,0,0,0,0
9.832536,0,0,1,0,0,0,0,0,0
9.838869,0,0,0,0,0,0,1,0,0
9.849759,1,0,0,1,1,1,1,1,0
9.865632,1,0,0,0,0,0,0,0,0
9.874390,0,1,0,0,1,0,0,0,0
9.878850,0,0,0,0,0,0,0,1,1
9.898044,0,0,0,1,0,1,0,0,0
9.908850,0,1,1,0,0,0,1,0,0
9.923594,1,0,0,0,0,0,0,0,1
9.946856,0,0,0,0,1,1,0,0,0
9.948121,0,0,0,1,0,0,1,1,1
9.960946,1,0,1,0,1,0,0,0,0
9.978121,0,1,1,0,0,0,0,0,0
10.000274,0,0,0,1,0,1,1,0,1
10.011823,1,0,0,0,0,0,0,0,0
10.040236,0,0,1,0,1,0,0,1,0
10.049536,0,0,0,1,0,1,0,0,0
10.069811,0,1,0,0,0,0,1,1,0
10.080289,1,0,0,0,1,0,0,0,1
10.096013,0,1,0,0,0,1,0,1,0
10.100149,0,0,0,1,0,0,1,0,1
10.111237,1,0,1,0,1,0,0,0,0
10.112950,0,0,0,0,0,0,0,1,0
10.121982,0,1,0,0,0,0,0,0,0
10.130486,0,0,1,0,0,0,0,0,0
10.140849,0,1,0,0,0,0,0,0,0
10.146429,0,0,0,0,0,1,0,0,0
10.149516,0,0,0,1,0,0,0,0,1
10.186532,0,0,1,0,0,0,0,0,0
10.196146,0,0,0,0,0,1,0,0,1
10.197058,0,0,0,0,0,0,1,0,0
10.200439,0,0,0,1,0,0,0,0,0
10.212148,1,0,0,0,1,0,1,0,0
10.220792,0,0,0,0,0,0,0,1,0
10.231919,1,0,1,0,1,0,0,1,0
10.249982,0,1,0,1,0,1,0,0,1
10.260350,0,1,0,0,0,0,0,0,0
10.263494,0,0,0,0,0,0,1,0,0
10.278685,1,0,0,0,0,0,0,0,0
10.279128,0,0,0,0,1,0,0,1,0
10.286808,0,0,1,0,0,0,0,0,0
10.301346,0,1,0,1,0,1,0,0,0
10.349201,0,0,0,1,0,1,1,0,0
10.364904,1,0,0,0,1,0,1,0,0
10.366333,0,0,0,0,0,0,0,1,1
10.382943,1,0,0,0,1,0,0,1,1
10.396085,0,1,0,0,0,1,0,0,1
10.396912,0,0,1,0,0,0,0,0,0
10.398174,0,0,0,1,0,0,0,0,0
10.401524,0,0,0,0,0,0,1,0,0
10.411758,1,1,0,0,1,0,0,0,0
10.417689,0,0,1,0,0,0,0,1,0
10.428336,0,0,1,0,0,0,0,0,0
10.447550,0,1,0,0,0,1,0,0,0
10.449632,0,0,0,1,0,0,1,0,0
10.465032,1,0,0,0,1,0,0,1,1
10.493515,0,1,0,0,0,0,0,0,0
10.500778,0,0,1,1,0,1,1,0,0
10.518542,1,0,0,0,1,0,0,1,0
10.546832,0,1,0,0,0,1,0,0,1
10.551348,0,0,0,1,0,0,0,0,1
10.586019,0,0,1,0,0,0,0,0,0
10.590313,0,0,1,0,0,0,1,0,0
10.600908,1,0,0,1,1,1,1,0,1
10.612270,1,0,0,0,1,0,0,0,0
10.628884,0,0,0,0,0,0,0,1,0
10.636197,0,0,1,0,0,0,0,1,0
10.648010,0,0,0,1,0,1,1,0,1
10.658816,1,1,0,0,0,0,0,0,0
10.664767,0,1,0,0,0,0,0,0,0
10.683989,0,0,1,0,0,0,0,0,0
10.691383,0,0,0,0,1,0,0,0,0
10.698235,0,0,0,1,0,1,1,1,0
10.718235,1,1,0,0,1,0,0,1,1
10.748049,0,1,0,1,0,1,1,0,0
10.751778,0,0,1,0,0,0,0,0,1
10.761962,1,0,0,0,0,0,0,0,0
10.769441,0,0,0,0,1,0,0,1,0
10.787871,0,0,1,0,0,0,0,0,0
10.798041,0,1,0,1,0,1,1,0,1
10.808207,1,0,0,0,1,0,0,1,0
10.828102,0,0,1,0,0,0,0,0,0
10.830789,0,1,0,0,0,0,0,0,0
10.851046,0,0,0,1,0,1,1,0,1
10.861263,1,0,0,0,0,0,0,0,0
10.889113,0,0,1,0,1,0,0,0,0
10.893947,0,0,0,0,0,0,0,1,0
10.898847,0,0,0,1,0,1,1,0,0
10.916161,1,1,0,0,1,0,0,0,0
10.946630,0,0,0,0,0,1,0,0,0
10.949656,0,0,0,1,0,0,1,0,0
10.953013,0,0,0,0,0,0,0,1,0
10.962963,1,0,0,0,0,0,0,0,1
10.973828,0,1,0,0,0,0,0,0,1
11.001977,0,0,1,1,1,1,0,0,0
11.002927,0,0,0,0,0,0,1,1,0
11.012927,1,0,1,0,1,0,0,0,0
11.019018,0,0,0,0,0,0,0,1,0
11.025401,0,1,0,0,0,0,0,0,0
11.048000,0,1,0,1,0,1,1,0,1
11.053817,0,0,0,0,0,0,0,0,1
11.064591,1,0,0,0,1,0,0,0,0
11.081071,0,0,1,0,0,0,0,0,0
11.092801,0,0,1,0,0,0,0,0,0
11.096142,0,0,0,0,0,1,0,0,1
11.097134,0,0,0,0,0,0,0,1,0
11.099135,0,0,0,1,0,0,0,0,0
11.126993,0,1,1,0,0,0,0,0,0
11.151183,0,0,0,1,0,1,0,0,1
11.172409,0,0,0,0,0,0,1,0,0
11.177180,0,0,0,0,0,0,1,0,0
11.181184,0,0,1,0,0,0,0,0,0
11.186583,1,0,0,0,0,0,0,0,0
11.191138,1,0,0,0,0,0,0,0,0
11.200920,0,0,0,1,0,1,0,0,0
11.248649,0,0,0,1,1,1,0,0,1
11.281657,0,0,1,0,1,0,1,0,0
11.294005,1,0,0,0,0,0,1,0,0
11.295002,0,0,0,0,1,0,0,1,1
11.296615,0,0,0,0,0,1,0,1,0
11.297413,0,0,0,0,0,0,0,1,1
11.301631,0,0,0,1,0,0,0,0,0
11.307027,1,0,0,0,1,0,1,1,0
11.325002,1,1,1,0,0,0,0,0,0
11.326275,0,1,0,0,0,0,0,0,0
11.326700,0,1,0,0,1,0,0,0,0
11.327069,0,1,0,0,0,0,0,1,0
11.328706,0,0,1,0,0,0,0,0,0
11.346021,0,0,0,0,0,1,0,0,0
11.351207,0,1,0,1,0,0,1,0,0
11.364439,1,0,0,0,1,0,0,1,0
11.389486,0,1,0,0,0,0,0,0,0
11.400776,0,0,0,1,0,1,1,0,1
11.416757,1,0,0,0,1,0,0,0,0
11.419205,0,0,0,0,0,0,0,0,1
11.433829,0,0,1,0,0,0,0,0,0
11.449291,0,0,1,1,0,1,0,1,0
11.471278,0,1,0,0,0,0,0,0,0
11.479436,0,0,0,0,0,0,1,0,1
11.496391,1,0,0,0,1,1,0,0,1
11.500348,0,0,0,1,0,0,1,1,0
11.514312,1,0,1,0,1,0,0,1,0
11.527665,0,1,1,0,0,0,0,0,0
11.537823,0,1,0,0,0,0,0,0,0
11.548957,0,0,0,1,0,1,0,0,0
11.596533,0,0,0,0,0,1,1,0,0
11.597239,0,0,0,0,0,0,0,0,1
11.599160,0,0,0,1,0,0,1,0,0
11.609954,1,0,0,0,1,0,0,0,1
11.616232,1,0,0,0,0,0,0,0,0
11.620011,0,0,0,0,1,0,0,1,0
11.625405,0,0,0,0,0,0,0,1,0
11.636697,0,0,1,0,0,0,0,0,0
11.649513,0,1,1,1,0,1,1,0,1
11.650843,0,1,0,0,0,0,0,0,0
11.663366,1,0,0,0,1,0,0,1,0
11.681854,0,0,1,0,0,0,0,0,0
11.687391,0,1,0,0,0,0,0,0,0
11.696409,0,0,0,0,0,1,0,0,0
11.700217,0,0,0,1,0,0,0,0,0
11.750333,0,0,0,1,0,1,0,0,0
11.796883,0,0,0,0,0,1,0,0,1
11.797566,0,0,0,0,0,0,0,0,1
11.798519,0,0,0,1,0,0,0,0,0
11.831765,0,0,1,0,0,0,0,0,0
11.835523,0,0,1,0,0,0,0,0,1
11.849785,0,0,0,1,0,1,0,0,1
11.861864,0,0,0,0,0,0,1,0,0
11.864135,0,0,0,0,0,0,1,0,0
11.869576,0,0,1,0,0,0,1,0,0
11.874002,1,0,0,0,1,0,0,0,0
11.876140,1,0,0,0,1,0,1,1,0
11.879579,1,0,0,0,1,0,0,0,0
11.889746,1,0,1,0,1,0,0,0,0
11.900569,0,1,0,1,0,1,1,0,0
11.918855,1,0,0,0,0,0,0,1,1
11.946744,0,1,0,0,0,1,0,1,0
11.948131,0,0,0,1,0,0,1,1,1
11.953566,0,0,1,0,1,0,0,0,0
11.967990,1,1,0,0,1,0,0,0,0
11.969369,0,1,0,0,0,0,0,0,0
11.972259,0,0,0,0,0,0,0,1,0
11.979153,0,0,1,0,0,0,0,1,0
12.001260,0,1,0,1,0,1,1,0,1
12.005765,0,1,0,0,0,0,0,0,0
12.016609,1,0,0,0,1,0,0,1,0
12.038975,0,1,1,0,0,0,0,0,0
12.046325,0,0,0,0,0,1,0,0,1
12.051905,0,0,0,1,0,0,1,0,0
12.062946,1,0,0,0,1,0,0,1,0
12.079908,0,0,1,0,0,0,0,0,0
12.084613,0,1,0,0,0,0,0,0,0
12.101625,0,0,0,1,0,1,0,0,0
12.149704,0,0,0,1,0,1,0,0,0
12.196334,0,0,0,0,0,1,0,0,0
12.197195,0,0,0,0,0,0,1,0,0
12.197597,0,0,0,0,0,0,0,0,1
12.200075,0,0,0,1,0,0,1,0,0
12.205876,0,0,0,0,0,0,1,0,1
12.210460,1,0,0,0,1,0,0,0,0
12.218802,1,0,0,0,1,0,0,0,0
12.220149,1,0,0,0,0,0,0,0,0
12.234034,0,0,1,0,0,0,0,0,0
12.235020,0,0,0,0,0,0,0,1,1
12.235448,0,0,0,0,1,0,0,1,0
12.238376,0,0,1,0,0,0,0,1,0
12.246548,0,0,0,0,0,1,0,0,0
12.250392,0,0,0,1,0,0,0,0,1
12.263086,0,1,0,0,0,0,0,0,0
12.265435,0,1,1,0,0,0,0,0,0
12.266617,0,1,0,0,0,0,0,0,0
12.282892,0,0,1,0,0,0,1,0,0
12.300462,1,0,0,1,0,1,0,0,1
12.338991,0,0,1,0,0,0,0,0,0
12.346263,0,0,0,0,1,1,0,0,0
12.347079,0,0,0,0,0,0,1,0,1
12.350807,0,0,0,1,0,0,1,0,0
12.366609,1,0,0,0,1,0,0,1,0
12.370335,1,0,0,0,0,0,0,1,0
12.375800,0,0,0,0,1,0,0,0,0
12.387055,0,1,1,0,0,0,0,1,0
12.398835,0,1,0,1,0,1,1,0,1
12.407175,0,1,0,0,0,0,0,0,0
12.410466,1,0,0,0,1,0,0,1,0
12.429444,0,0,1,0,0,0,0,0,0
12.433033,0,1,0,0,0,0,0,0,0
12.446141,0,0,0,0,0,1,0,0,0
12.449148,0,0,0,1,0,0,0,0,1
12.483679,0,0,1,0,0,0,0,0,0
12.498603,0,0,0,1,0,1,1,0,0
12.510513,1,0,0,0,0,0,1,0,1
12.529984,1,0,0,0,0,0,0,0,0
12.549759,0,0,1,1,1,1,1,1,1
12.560678,1,0,0,0,1,0,0,0,0
12.575235,0,1,0,0,0,0,0,0,0
12.577122,0,0,0,0,1,0,0,0,0
12.584783,0,0,1,0,0,0,0,1,0
12.596353,0,0,0,0,0,1,0,0,1
12.601073,0,0,0,1,0,0,1,1,0
12.613145,1,1,0,0,0,0,0,0,0
12.630916,0,1,1,0,0,0,0,0,0
12.646650,0,0,0,0,1,1,0,0,1
12.648800,0,0,0,1,0,0,1,1,0
12.668800,1,1,0,0,1,0,0,1,0
12.684351,0,0,1,0,0,0,0,0,0
12.698637,0,1,0,1,0,1,0,0,0
12.729641,0,0,0,0,0,0,0,0,1
12.746326,0,0,0,0,0,1,0,0,0
12.747116,0,0,0,0,0,0,1,0,0
12.748191,0,0,0,1,0,0,0,0,1
12.758149,1,0,0,0,0,0,0,0,0
12.767365,0,0,1,0,0,0,0,0,0
12.785883,0,0,1,0,1,0,0,0,0
12.796726,0,0,0,0,0,1,1,1,0
12.800134,0,0,0,1,0,0,1,0,0
12.815506,1,0,0,0,0,0,0,0,0
12.815826,1,0,0,0,0,0,0,0,0
12.824127,0,1,0,0,0,0,0,0,1
12.849829,0,0,0,1,1,1,0,0,1
12.860783,0,0,1,0,1,0,1,0,0
12.880683,1,0,1,0,1,0,0,0,0
12.899802,0,0,0,1,0,1,1,1,0
12.908526,0,0,0,0,0,0,0,1,0
12.909250,0,0,0,0,0,0,0,1,0
12.919802,1,1,0,0,0,0,0,0,1
12.934416,0,1,0,0,1,0,0,1,0
12.937953,0,1,0,0,0,0,0,0,0
12.948383,0,0,0,1,0,1,1,0,0
12.959605,1,1,1,0,0,0,0,0,1
12.989996,0,0,1,0,0,0,0,0,0
12.993716,0,0,0,0,1,0,0,0,0
12.998993,0,0,0,1,0,1,0,1,1
13.020692,0,1,0,0,0,0,0,0,0
13.036806,0,0,1,0,0,0,1,0,0
13.046921,1,0,0,0,1,1,0,0,1
13.049549,0,0,0,1,0,0,0,0,0
13.078036,0,0,1,0,0,0,0,0,0
13.098241,0,0,0,1,0,1,0,0,1
13.114506,0,0,0,0,0,0,1,1,0
13.124745,1,0,0,0,1,0,1,1,0
13.136089,1,1,1,0,1,0,0,1,0
13.144818,0,1,0,0,0,0,0,0,0
13.146089,0,0,0,0,0,1,0,0,1
13.149912,0,0,0,1,0,0,0,0,0
13.159405,0,1,0,0,0,0,0,0,0
13.161863,0,0,0,0,0,0,1,0,0
13.174263,1,0,0,0,0,0,0,0,0
13.175100,0,0,0,0,1,0,0,0,0
13.175595,0,0,0,0,0,0,0,1,0
13.184136,0,0,1,0,0,0,0,0,0
13.198348,0,1,0,1,0,1,1,0,0
13.211630,1,0,0,0,1,0,0,0,1
13.250475,0,0,1,1,0,1,0,0,0
13.286478,0,0,0,0,0,0,0,1,1
13.296091,0,0,0,0,0,1,0,0,1
13.297003,0,0,0,0,0,0,1,0,0
13.298360,0,0,0,1,0,0,1,0,0
13.307235,1,1,0,0,1,0,0,0,0
13.312023,1,0,0,0,1,0,0,1,0
13.313996,0,0,0,0,0,0,0,1,0
13.325556,0,0,1,0,0,0,0,0,0
13.332685,0,1,1,0,0,0,0,0,0
13.340565,0,1,0,0,0,0,0,0,0
13.346976,0,0,0,0,0,1,0,0,0
13.347518,0,0,0,0,0,0,0,0,1
13.351655,0,0,0,1,0,0,1,0,0
13.367040,1,0,0,0,0,0,0,0,0
13.375667,0,0,0,0,1,0,0,1,0
13.382616,0,0,1,0,0,0,0,0,0
13.396878,0,1,0,0,0,1,0,0,1
13.399049,0,0,0,1,0,0,0,0,0
13.431545,0,0,1,0,0,0,1,0,0
13.446396,1,0,0,0,0,1,0,0,0
13.448213,0,0,0,1,1,0,1,0,1
13.464575,1,0,0,0,0,0,0,1,0
13.486934,0,1,1,0,0,0,0,0,0
13.498151,0,0,0,1,0,1,1,0,0
13.508609,1,0,0,0,0,0,0,0,0
13.527084,0,0,0,0,0,0,0,0,1
13.546859,0,0,0,0,1,1,0,0,1
13.547699,0,0,0,0,0,0,0,1,0
13.548198,0,0,0,1,0,0,1,0,0
13.554672,0,0,0,0,1,0,0,0,0
13.566924,1,0,1,0,1,0,0,0,0
13.567312,0,0,0,0,0,0,0,1,0
13.568965,0,1,0,0,0,0,0,0,0
13.581318,0,0,1,0,0,0,0,1,0
13.597267,0,1,0,0,0,1,0,0,0
13.601784,0,1,0,1,0,0,1,0,0
13.618772,1,0,0,0,0,0,0,0,1
13.648126,0,0,0,1,0,1,1,0,1
13.655647,0,0,1,0,1,0,0,0,0
13.662790,1,0,0,0,1,0,0,1,0
13.687818,0,1,1,0,0,0,0,0,0
13.698356,0,0,0,1,0,1,0,1,0
13.721911,0,1,0,0,0,0,1,0,0
13.733993,1,0,0,0,1,0,0,0,0
13.746632,0,0,0,0,0,1,0,0,0
13.748459,0,0,0,1,0,0,1,1,0
13.766361,1,0,0,0,1,0,0,1,0
13.767422,0,0,0,0,0,0,0,0,1
13.768230,0,0,0,0,0,0,0,0,1
13.772459,0,1,0,0,0,0,0,0,0
13.796226,0,1,0,0,0,1,0,0,1
13.797656,0,0,1,0,0,0,0,0,0
13.798022,0,0,0,1,0,0,1,0,0
13.808229,1,0,1,0,1,0,0,1,0
13.832175,0,1,1,0,0,0,0,0,0
13.846273,0,0,0,0,0,1,0,0,0
13.851448,0,0,0,1,0,0,0,0,1
13.882233,0,0,1,0,0,0,1,0,0
13.898641,1,0,0,1,1,1,0,1,0
13.922759,0,1,0,0,0,0,1,0,1
13.934871,1,0,0,0,1,0,0,0,0
13.946820,0,0,0,0,0,1,0,1,0
13.947506,0,0,0,0,0,0,0,0,1
13.949107,0,0,0,1,0,0,0,0,0
13.951703,0,0,0,0,0,0,1,0,0
13.954121,0,0,1,0,0,0,0,0,0
13.962359,1,0,0,0,1,0,0,1,0
13.966912,0,1,0,0,0,0,0,0,0
13.978166,0,0,1,0,0,0,0,0,0
13.985161,0,1,0,0,0,0,0,0,0
13.999325,0,0,0,1,0,1,0,0,0
14.046790,0,0,0,0,0,1,0,0,0
14.047368,0,0,0,0,0,0,1,0,1
14.049840,0,0,0,1,0,0,1,0,0
14.059837,1,0,0,0,1,0,0,0,1
14.065858,1,0,0,0,1,0,0,0,0
14.086587,0,0,1,0,0,0,0,1,0
14.099552,0,0,1,1,0,1,0,1,1
14.114508,0,1,0,0,0,0,0,0,0
14.127260,0,1,0,0,0,0,1,0,0
14.134454,0,0,1,0,0,0,0,0,0
14.146147,1,0,0,0,1,1,0,1,1
14.151403,0,0,0,1,0,0,0,0,0
14.176147,0,1,1,0,0,0,1,0,0
14.190584,1,0,0,0,1,0,0,0,0
14.194756,0,0,0,0,0,0,0,1,0
14.200186,0,0,0,1,0,1,0,0,1
14.223556,0,1,0,0,0,0,1,0,0
14.236150,1,0,1,0,1,0,0,1,0
14.246472,0,0,0,0,0,1,0,0,1
14.248992,0,0,0,1,0,0,0,0,0
14.256600,0,1,0,0,0,0,0,0,0
14.274273,0,0,0,0,0,0,1,0,0
14.282199,0,0,1,0,0,0,0,0,0
14.291870,1,0,0,0,1,0,0,0,0
14.298956,0,0,0,1,0,1,1,0,0
14.313929,1,0,0,0,1,0,0,0,1
14.350804,0,0,1,1,0,1,0,1,1
14.363716,0,0,0,0,0,0,1,0,0
14.372515,0,1,0,0,0,0,0,0,0
14.378584,1,0,0,0,0,0,0,1,0
14.383045,0,0,1,0,1,0,0,1,0
14.398032,0,0,0,1,0,1,0,0,1
14.401942,0,1,0,0,0,0,1,0,0
14.412635,1,1,0,0,1,0,0,1,0
14.431366,0,0,1,0,0,0,0,0,0
14.436114,0,1,0,0,0,0,0,0,0
14.450011,0,0,0,1,0,1,1,0,0
14.465011,1,0,0,0,0,0,0,0,0
14.500432,0,0,0,1,1,1,0,1,0
14.509661,0,0,0,0,0,0,1,0,0
14.525391,1,1,0,0,0,0,0,0,1
14.538432,0,0,0,0,1,0,0,1,1
14.548842,0,0,0,1,0,1,0,0,1
14.557170,0,0,1,0,0,0,0,0,0
14.559577,0,1,0,0,0,0,1,0,0
14.578007,1,0,1,0,1,0,0,1,0
14.580059,0,0,1,0,0,0,0,0,0
14.598002,0,0,0,1,0,1,1,0,0
14.608006,1,1,0,0,0,0,0,0,1
14.648005,0,0,1,1,0,1,0,0,0
14.649107,0,0,0,0,1,0,0,1,1
14.670329,0,1,0,0,0,0,0,0,0
14.676068,0,0,0,0,0,0,1,0,0
14.686518,1,0,1,0,1,0,0,1,0
14.701716,0,0,0,1,0,1,0,0,0
14.704662,0,0,0,0,0,0,1,0,0
14.707804,0,1,0,0,0,0,0,0,1
14.715911,1,0,0,0,0,0,0,0,0
14.719556,0,0,0,0,1,0,0,0,0
14.738168,0,0,1,0,0,0,0,0,0
14.748000,0,0,0,1,0,1,0,1,1
14.778000,0,1,1,0,0,0,0,0,0
14.796050,0,0,0,0,0,1,1,0,0
14.800284,0,0,0,1,0,0,1,0,0
14.811002,1,0,0,0,1,0,0,1,0
14.815551,1,0,0,0,1,0,0,1,1
14.839041,0,1,0,0,0,0,0,0,0
14.840443,0,1,0,0,0,0,0,0,0
14.848788,0,0,1,1,0,1,1,0,1
14.864383,1,0,0,0,1,0,0,1,0
14.882990,0,0,1,0,0,0,0,0,0
14.892555,0,1,0,0,0,0,0,0,0
14.899098,0,0,0,1,0,1,0,0,0
14.946870,0,0,0,0,0,1,1,0,0
14.949995,0,0,0,1,0,0,1,0,0
14.965526,1,0,0,0,0,0,0,0,1
14.969550,1,0,0,0,1,0,0,1,1
14.995731,0,1,1,0,0,0,0,0,0
14.996784,0,0,0,0,1,1,0,1,1
15.000523,0,0,1,1,0,0,0,0,0
15.026784,0,1,1,0,0,0,1,0,0
15.037281,1,0,0,0,1,0,0,0,0
15.046576,0,0,0,0,0,1,0,1,0
15.047512,0,0,0,0,0,0,0,0,1
15.048988,0,0,0,1,0,0,1,0,0
15.064453,1,0,0,0,0,0,0,0,0
15.068713,0,1,0,0,0,0,0,0,0
15.085187,0,0,1,0,1,0,0,1,0
15.099809,0,0,0,1,0,1,0,0,0
15.111999,0,1,0,0,0,0,1,0,1
15.131771,1,0,0,0,0,0,0,0,0
15.150254,0,0,1,1,0,1,0,0,1
15.164385,0,0,0,0,1,0,0,0,0
15.168808,0,0,0,0,0,0,1,0,0
15.178884,1,0,0,0,1,0,0,0,0
15.188437,0,0,1,0,0,0,0,0,0
15.199641,0,0,0,1,0,1,1,1,0
15.219641,1,1,0,0,0,0,0,1,1
15.223410,0,0,0,0,1,0,0,1,0
15.249641,0,1,1,1,0,1,1,0,0
15.252153,0,1,0,0,0,0,0,0,1
15.264027,1,0,0,0,0,0,0,0,0
15.274836,0,0,0,0,1,0,0,1,0
15.284052,0,0,1,0,0,0,0,0,0
15.299433,0,1,0,1,0,1,0,0,1
15.332337,0,0,1,0,0,0,0,0,0
15.348000,0,0,0,1,0,1,1,0,0
15.362747,1,0,0,0,1,0,0,1,0
15.373707,0,0,0,0,0,0,0,0,1
15.378151,0,0,0,0,0,0,1,0,0
15.391105,1,1,0,0,1,0,0,1,0
15.396600,0,0,0,0,0,1,0,0,0
15.398389,0,0,0,1,0,0,0,0,1
15.401901,0,0,0,0,0,0,1,0,0
15.408016,0,0,1,0,0,0,0,0,0
15.411394,0,1,0,0,0,0,0,0,0
15.421346,1,0,0,0,0,0,0,0,0
15.435165,0,0,1,0,1,0,0,0,0
15.446918,0,0,0,0,0,1,0,0,0
15.450606,0,0,0,1,0,0,0,1,1
15.470606,0,1,0,0,0,0,1,0,0
15.488729,1,0,1,0,1,0,0,0,0
15.499994,0,0,0,1,0,1,0,1,1
15.529994,0,1,1,0,0,0,0,0,0
15.546373,0,0,0,0,0,1,0,0,0
15.547147,0,0,0,0,0,0,1,0,1
15.550279,0,0,0,1,0,0,0,0,0
15.562760,1,0,0,0,1,0,0,1,0
15.586233,0,1,1,0,0,0,0,0,0
15.596579,0,0,0,0,0,1,1,0,1
15.600316,0,0,0,1,0,0,1,0,0
15.607500,1,0,0,0,0,0,0,0,0
15.608641,0,0,0,0,1,0,0,0,0
15.609357,0,0,0,0,0,0,0,1,0
15.616134,1,0,0,0,1,0,0,0,0
15.627473,0,0,1,0,0,0,0,1,0
15.638195,0,1,0,0,0,0,0,0,0
15.647527,0,1,0,0,0,1,0,0,0
15.647763,0,0,0,0,0,0,0,0,1
15.648885,0,0,0,1,0,0,0,0,0
15.663324,0,0,0,0,0,0,1,0,0
15.681961,1,0,1,0,1,0,0,1,0
15.701996,0,1,0,1,0,1,0,0,0
15.751599,0,0,0,1,0,1,0,0,0
15.799294,0,0,0,1,0,1,0,0,0
15.827381,0,0,0,0,0,0,1,0,1
15.844152,1,0,0,0,1,0,1,0,1
15.849725,0,0,0,1,0,1,0,0,1
15.859886,1,0,1,0,1,0,1,1,1
15.879886,1,1,1,0,0,0,1,1,0
15.882827,0,0,1,0,1,0,0,0,0
15.898648,1,0,1,1,0,1,1,1,0
15.899480,0,0,0,0,0,0,0,0,1
15.909754,1,1,0,0,1,0,0,0,0
15.911967,0,0,0,0,0,0,0,1,0
15.915612,0,0,0,0,1,0,0,1,0
15.924813,0,1,0,0,0,0,0,0,0
15.935133,0,1,1,0,0,0,0,0,0
15.941984,0,1,0,0,0,0,0,0,0
15.951025,0,0,0,1,0,1,1,0,1
15.968814,1,0,0,0,1,0,0,1,0
15.989768,0,1,1,0,0,0,0,0,0
15.999273,0,0,0,1,0,1,0,0,1
16.000499,0,0,0,0,0,0,1,0,0
16.010741,1,0,0,0,0,0,0,0,0
16.033273,0,0,1,0,1,0,0,0,0
16.051115,0,0,0,1,0,1,1,0,0
16.054550,0,0,0,0,0,0,0,1,1
16.064005,1,0,0,0,0,0,0,0,0
16.084550,0,1,1,0,1,0,0,1,0
16.101879,0,0,0,1,0,1,0,0,0
16.102958,0,0,0,0,0,0,0,0,1
16.111627,0,1,0,0,0,0,1,0,0
16.126822,1,0,0,0,0,0,0,0,0
16.129852,0,0,0,0,1,0,0,1,0
16.136780,0,0,1,0,0,0,0,0,0
16.151545,0,1,0,1,0,1,1,0,0
16.161545,1,0,0,0,0,0,0,0,1
16.198490,0,0,1,1,0,1,1,0,1
16.213298,1,0,0,0,1,0,0,0,0
16.216861,0,0,0,0,1,0,0,1,0
16.236990,0,1,1,0,0,0,0,1,0
16.248911,0,0,0,1,0,1,0,0,0
16.259942,0,1,0,0,0,0,0,0,0
16.296280,0,0,0,0,0,1,0,0,0
16.298863,0,0,0,1,0,0,0,0,0
16.346862,0,0,0,0,0,1,0,0,1
16.349459,0,0,0,1,0,0,1,0,0
16.365320,1,0,0,0,1,0,1,1,1
16.385320,1,1,1,0,1,0,1,0,1
16.398485,1,0,1,1,0,1,1,0,0
16.418191,1,0,1,0,0,0,0,1,0
16.446317,0,1,0,0,0,1,0,0,0
16.451116,0,0,0,1,0,0,1,0,1
16.465144,1,0,0,0,0,0,0,0,0
16.471636,0,0,0,0,1,0,0,0,1
16.481606,0,0,1,0,0,0,0,0,0
16.483432,0,0,0,0,1,0,0,0,0
16.499390,0,0,0,1,0,1,1,1,0
16.500594,0,0,0,0,1,0,0,0,0
16.509906,1,0,1,0,1,0,0,1,1
16.520825,0,1,0,0,0,0,0,0,0
16.537072,0,1,0,0,0,0,0,0,0
16.546124,0,0,1,0,0,1,0,0,0
16.551812,0,0,0,1,0,0,1,0,1
16.568681,1,0,0,0,1,0,0,0,0
16.591276,0,0,1,0,0,0,0,0,0
16.601269,0,0,0,1,0,1,0,0,0
16.648344,0,0,0,1,0,1,1,0,0
16.650915,0,0,0,0,0,0,0,1,1
16.664464,1,0,0,0,0,0,0,0,1
16.668119,0,0,0,0,0,0,1,1,0
16.678886,1,1,0,0,1,0,0,0,0
16.685207,0,0,1,0,1,0,0,1,0
16.698112,0,1,1,1,0,1,1,0,1
16.714243,1,1,0,0,1,0,0,0,0
16.730246,0,0,1,0,0,0,0,1,0
16.750931,0,1,0,1,0,1,1,1,1
16.768941,1,0,0,0,0,0,0,0,0
16.780931,0,1,1,0,0,0,0,1,0
16.796373,0,0,0,0,0,1,0,0,0
16.797037,0,0,0,0,0,0,0,0,1
16.799251,0,0,0,1,1,0,0,0,0
16.809138,0,1,0,0,0,0,0,0,0
16.811454,0,0,0,0,0,0,0,1,0
16.823911,0,0,0,0,0,0,1,0,0
16.827485,0,0,1,0,0,0,0,0,0
16.832296,0,1,0,0,0,0,0,0,0
16.841649,1,0,0,0,0,0,0,0,0
16.846500,0,0,0,0,1,1,0,1,0
16.848952,0,0,0,1,0,0,0,0,0
16.873167,0,1,0,0,0,0,0,0,0
16.885481,0,0,0,0,0,0,0,0,1
16.898933,0,0,0,1,0,1,0,0,1
16.903258,0,0,0,0,0,0,1,0,0
16.920283,1,0,1,0,1,0,1,1,0
16.934612,1,0,1,0,1,0,0,1,0
16.948558,0,1,0,1,0,1,0,0,0
16.951943,0,0,0,0,0,0,0,0,1
16.955453,0,1,0,0,0,0,0,0,0
16.972066,0,0,0,0,0,0,1,0,0
16.981956,0,0,1,0,0,0,0,0,0
16.989557,1,0,0,0,0,0,0,0,0
16.999608,0,0,0,1,0,1,0,0,0
17.046111,0,0,0,0,0,1,1,0,1
17.047071,0,0,0,0,1,0,0,1,1
17.050520,0,0,0,1,0,0,1,0,0
17.064715,1,0,0,0,1,0,0,0,0
17.065873,1,0,0,0,0,0,0,1,0
17.066690,0,0,0,0,1,0,0,0,0
17.073670,0,1,0,0,0,0,0,0,0
17.086036,0,1,1,0,0,0,0,0,0
17.087056,0,0,1,0,0,0,0,1,0
17.096854,0,0,0,0,0,1,0,0,0
17.100595,0,0,0,1,0,0,0,0,0
17.102509,0,0,0,0,0,0,0,0,1
17.110172,0,1,0,0,0,0,0,0,0
17.140437,0,0,1,0,0,0,1,0,0
17.150486,1,0,0,1,1,1,0,1,1
17.174000,0,1,0,0,0,0,0,0,0
17.185836,0,0,1,0,0,0,0,0,0
17.201333,0,0,0,1,0,1,0,0,1
17.233863,0,0,1,0,0,0,0,0,0
17.238696,0,0,0,0,0,0,1,0,0
17.250966,1,0,0,1,1,1,1,0,1
17.257174,0,0,0,0,0,0,1,0,0
17.264927,1,0,0,0,1,0,0,1,0
17.267284,1,0,0,0,1,0,0,0,0
17.282695,0,0,1,0,0,0,0,1,0
17.287954,0,1,0,0,0,0,0,1,0
17.296790,0,0,0,0,0,1,0,0,1
17.298216,0,0,0,1,0,0,1,0,0
17.307182,0,1,0,0,0,0,0,0,0
17.308068,0,1,0,0,0,0,0,0,0
17.314738,1,0,0,0,1,0,0,0,0
17.327093,0,0,1,0,0,0,0,0,0
17.350237,0,0,0,1,0,1,1,1,0
17.370237,1,1,0,0,1,0,0,0,0
17.396433,0,0,0,0,0,1,0,0,0
17.397433,0,0,0,0,0,0,0,1,1
17.399380,0,0,0,1,0,0,0,0,1
17.427433,0,1,1,0,0,0,1,0,0
17.437998,1,0,1,0,0,0,0,0,0
17.450583,0,0,0,1,1,1,0,0,1
17.456088,0,0,0,0,0,0,0,1,0
17.457306,0,0,0,0,0,0,1,0,0
17.471483,1,0,0,0,0,0,0,0,0
17.481824,0,1,1,0,0,0,0,0,0
17.496279,0,0,0,0,0,1,0,0,1
17.497273,0,0,0,0,1,0,0,1,0
17.499083,0,0,0,1,0,0,1,0,0
17.514184,1,0,0,0,0,0,0,0,0
17.523423,0,1,0,0,0,0,0,0,0
17.524897,0,0,0,0,1,0,0,0,0
17.525320,0,0,0,0,0,0,0,1,0
17.535556,0,0,1,0,0,0,0,0,0
17.548022,0,1,0,1,0,1,0,0,1
17.582512,0,0,1,0,0,0,1,0,0
17.601143,1,0,0,1,0,1,1,0,0
17.602269,0,0,0,0,1,0,0,0,0
17.605775,0,0,0,0,0,0,0,1,1
17.618335,1,0,0,0,1,0,0,0,0
17.635775,0,1,1,0,0,0,0,0,0
17.646491,0,0,0,0,0,1,0,1,1
17.649240,0,0,0,1,0,0,1,0,0
17.661622,1,0,0,0,0,0,0,0,0
17.671247,0,1,0,0,1,0,0,1,0
17.676954,0,0,1,0,0,0,0,0,0
17.694181,0,1,0,0,0,0,0,0,0
17.699258,0,0,0,1,0,1,1,0,0
17.703471,0,0,0,0,0,0,0,0,1
17.710026,1,0,0,0,0,0,0,0,0
17.734249,0,0,1,0,0,0,0,0,0
17.751326,0,0,0,1,0,1,0,0,1
17.786745,0,0,1,0,0,0,0,0,0
17.796283,0,0,0,0,1,1,1,1,0
17.800248,0,0,0,1,0,0,0,0,1
17.808224,1,0,0,0,1,0,1,0,0
17.818846,1,1,0,0,0,0,0,0,0
17.830862,0,0,1,0,0,0,0,1,0
17.851152,0,1,0,1,0,1,1,0,0
17.854237,0,0,0,0,1,0,0,1,1
17.868250,1,0,0,0,0,0,0,0,0
17.870754,0,0,0,0,1,0,0,1,0
17.875197,0,1,0,0,0,0,0,0,0
17.893968,0,1,1,0,0,0,0,0,0
17.896795,0,0,0,0,0,1,0,0,0
17.900645,0,0,0,1,0,0,0,0,0
17.946526,0,0,0,0,0,1,0,0,0
17.950373,0,0,0,1,0,0,1,0,1
17.966031,1,0,0,0,0,0,0,0,1
17.985727,0,0,1,0,0,0,1,0,0
18.001928,1,0,1,1,1,1,0,1,0
18.014523,0,0,0,0,1,0,1,0,0
18.029508,1,1,0,0,0,0,0,1,0
18.051529,0,1,0,1,1,1,1,1,0
18.064457,1,0,0,0,1,0,0,1,0
18.080563,0,1,0,0,0,0,0,0,0
18.093016,0,1,0,0,0,0,0,0,0
18.098851,0,0,0,1,0,1,1,0,1
18.114368,1,0,0,0,1,0,0,0,1
18.120613,0,0,0,0,0,0,0,1,0
18.137414,0,0,1,0,0,0,0,0,0
18.148454,0,1,1,1,0,1,1,0,1
18.159535,1,0,0,0,1,0,0,0,0
18.184564,0,0,1,0,0,0,0,1,0
18.198898,0,0,0,1,0,1,0,0,1
18.211029,0,1,0,0,0,0,1,0,1
18.227640,1,0,0,0,0,0,0,0,0
18.236372,0,0,1,0,1,0,0,1,0
18.244180,0,0,1,0,0,0,0,0,0
18.248479,0,0,0,1,0,1,0,0,0
18.249973,0,0,0,0,0,0,1,0,0
18.261776,1,1,0,0,1,0,0,1,1
18.291776,0,1,1,0,0,0,0,0,0
18.300882,0,0,0,1,0,1,1,0,0
18.315967,1,0,0,0,0,0,0,0,0
18.343027,0,0,0,0,1,0,0,0,0
18.350181,0,0,0,1,0,1,1,0,1
18.360938,1,0,0,0,0,0,0,0,0
18.365182,0,0,0,0,0,0,0,0,1
18.385444,0,0,1,0,1,0,0,1,0
18.400642,0,0,1,1,0,1,0,0,1
18.407115,0,1,0,0,0,0,0,0,0
18.437931,0,0,1,0,0,0,0,0,0
18.446977,0,0,0,0,0,1,0,1,0
18.449830,0,0,0,1,0,0,0,0,1
18.451262,0,0,0,0,0,0,1,0,0
18.465689,1,0,0,0,1,0,1,1,0
18.476841,1,1,0,0,1,0,0,1,0
18.482463,0,0,1,0,0,0,0,0,0
18.486296,0,1,0,0,0,0,0,0,0
18.501469,0,1,0,1,0,1,1,0,1
18.515842,1,0,0,0,1,0,0,1,0
18.541005,0,1,1,0,0,0,0,0,0
18.550175,0,0,0,1,0,1,1,0,1
18.568834,1,0,0,0,0,0,0,0,0
18.585478,0,0,1,0,0,0,0,0,0
18.598770,0,0,0,1,0,1,1,0,0
18.608908,1,0,0,0,0,0,0,0,0
18.649364,0,0,0,1,1,1,0,0,0
18.696611,0,0,0,0,0,1,1,1,0
18.699002,0,0,0,1,1,0,0,0,0
18.709657,1,0,0,0,1,0,1,1,1
18.714368,0,0,0,0,0,0,0,0,1
18.717033,0,1,0,0,0,0,0,0,1
18.729657,1,1,0,0,0,0,0,0,0
18.748710,0,0,1,1,0,1,1,1,1
18.750522,0,0,1,0,0,0,0,0,0
18.755390,0,0,1,0,1,0,0,0,0
18.756698,0,0,0,0,0,0,0,1,0
18.768710,1,1,0,0,0,0,0,0,0
18.779900,0,1,1,0,0,0,0,0,0
18.800446,0,0,0,1,1,1,0,0,0
18.851296,0,0,0,1,0,1,1,0,1
18.853232,0,0,0,0,0,0,1,1,0
18.868206,1,0,0,0,0,0,0,0,0
18.873232,1,1,0,0,1,0,0,1,1
18.880055,0,0,0,0,1,0,0,1,0
18.890176,0,0,1,0,0,0,0,0,0
18.898573,0,1,0,1,0,1,1,0,0
18.909997,1,1,1,0,0,0,0,0,1
18.943920,0,0,1,0,0,0,0,0,0
18.946779,0,0,0,0,1,1,0,0,1
18.948320,0,0,0,1,0,0,1,0,0
18.960946,1,0,0,0,1,0,0,1,0
18.983126,0,1,1,0,0,0,0,0,0
18.996226,0,0,0,0,0,1,0,1,0
18.999311,0,0,0,1,0,0,1,0,0
19.013227,1,0,0,0,1,0,0,0,0
19.014812,0,0,0,0,0,0,0,1,0
19.017936,0,1,0,0,0,0,0,0,0
19.036501,0,1,0,0,0,0,0,0,0
19.048959,0,0,0,1,0,1,1,0,1
19.068517,1,0,0,0,1,0,0,0,1
19.080303,0,0,1,0,0,0,0,1,0
19.100641,0,1,1,1,0,1,1,0,0
19.103947,0,0,0,0,0,0,0,0,1
19.116813,1,0,0,0,1,0,0,0,0
19.126272,0,0,0,0,0,0,0,1,0
19.143340,0,0,1,0,0,0,0,0,0
19.146034,0,0,0,0,0,1,0,0,1
19.148879,0,1,0,1,0,0,1,0,0
19.161609,1,0,0,0,1,0,0,1,0
19.185335,0,1,1,0,0,0,0,0,0
19.199935,0,0,0,1,0,1,1,0,0
19.217518,1,0,0,0,1,0,0,0,0
19.248821,0,0,0,1,0,1,0,0,1
19.277421,0,0,0,0,0,0,1,1,1
19.287889,1,0,1,0,1,0,0,0,0
19.299778,0,1,0,1,0,1,1,0,0
19.316264,1,0,1,0,0,0,0,1,1
19.346264,0,1,1,0,0,1,0,0,1
19.349204,0,0,0,1,0,0,1,0,0
19.362157,1,0,0,0,0,0,0,0,0
19.365406,0,0,0,0,1,0,0,0,0
19.371805,0,0,0,0,1,0,0,1,0
19.374173,0,0,0,0,0,0,0,1,0
19.382211,0,0,1,0,0,0,0,0,0
19.394462,0,1,0,0,0,0,0,0,0
19.395316,0,1,0,0,0,0,0,0,0
19.396016,0,0,0,0,0,1,0,0,0
19.400909,0,0,0,1,0,0,0,0,0
19.446298,0,0,0,0,0,1,1,0,1
19.451810,0,0,0,1,0,0,1,0,1
19.463257,1,0,0,0,0,0,0,0,0
19.465009,1,0,0,0,1,0,0,0,0
19.470255,0,0,0,0,0,0,0,1,0
19.478843,0,0,1,0,0,0,0,0,0
19.491491,0,1,1,0,0,0,0,0,0
19.498980,0,0,0,1,1,1,0,0,0
19.546134,0,0,0,0,0,1,0,1,1
19.547119,0,0,0,0,0,0,1,0,1
19.548679,0,0,0,1,0,0,1,0,0
19.567091,1,1,0,0,1,0,0,1,0
19.568172,1,0,0,0,1,0,0,1,0
19.583645,0,0,1,0,0,0,0,0,0
19.587111,0,1,1,0,0,0,0,0,0
19.596610,0,1,0,0,0,1,0,0,0
19.600220,0,0,0,1,0,0,0,0,1
19.637520,0,0,1,0,0,0,0,0,0
19.651866,0,0,0,1,0,1,1,0,1
19.658561,0,0,0,0,0,0,1,0,0
19.665277,1,0,0,0,1,0,0,0,0
19.676857,1,0,0,0,1,0,0,0,0
19.680131,0,0,0,0,0,0,0,1,0
19.681068,0,0,0,0,0,0,0,1,0
19.687866,0,0,1,0,0,0,0,0,0
19.696207,0,0,0,0,0,1,0,0,0
19.699002,0,0,0,1,0,0,0,0,1
19.708544,0,1,0,0,0,0,1,0,0
19.710145,0,1,0,0,0,0,0,0,0
19.718973,1,0,0,0,1,0,0,1,0
19.738978,0,1,1,0,0,0,0,0,0
19.746796,0,0,0,0,0,1,0,0,1
19.748992,0,0,0,1,0,0,0,0,0
19.784461,0,0,1,0,0,0,0,0,0
19.796515,0,0,0,0,0,1,0,0,0
19.797090,0,0,0,0,0,0,0,0,1
19.799273,0,0,0,1,0,0,0,0,0
19.830325,0,0,1,0,0,0,1,0,0
19.849715,1,0,0,1,0,1,1,0,0
19.850715,0,0,0,0,0,0,1,0,0
19.854142,0,0,0,0,1,0,0,0,1
19.869450,1,0,0,0,0,0,0,0,0
19.870511,1,0,0,0,1,0,0,1,0
19.891189,0,1,1,0,0,0,0,1,0
19.896458,0,0,0,0,0,1,0,0,0
19.899428,0,0,0,1,1,0,1,1,1
19.917596,1,1,0,0,1,0,0,1,0
19.919974,0,1,0,0,0,0,0,0,0
19.937659,0,1,1,0,0,0,0,0,0
19.951769,0,0,0,1,0,1,1,0,1
19.963180,1,0,0,0,1,0,0,1,0
19.987071,0,1,1,0,0,0,0,0,0
20.000839,0,0,0,1,0,1,1,0,0
20.014548,1,0,0,0,0,0,0,0,1
20.036695,0,0,0,0,1,0,0,0,0
20.048489,0,0,1,1,0,1,1,0,0
20.051027,0,0,0,0,0,0,0,1,1
20.060218,1,0,0,0,0,0,0,0,0
20.078073,0,1,0,0,1,0,0,0,0
20.084389,0,0,1,0,0,0,0,1,0
20.100805,0,0,0,1,0,1,1,0,1
20.112480,1,1,0,0,1,0,0,0,0
20.131786,0,0,1,0,0,0,0,0,0
20.137979,0,0,0,0,0,0,0,1,0
20.146889,0,0,0,0,0,1,0,0,0
20.150537,0,0,0,1,0,0,0,0,0
20.164357,0,1,0,0,0,0,1,0,0
20.175324,1,0,0,0,1,0,0,0,1
20.200723,0,0,0,1,0,1,1,1,1
20.207331,0,0,1,0,0,0,0,0,0
20.214611,1,0,0,0,0,0,0,0,0
20.220747,0,1,0,0,0,0,0,0,0
20.232124,0,0,1,0,1,0,0,1,0
20.251299,0,0,0,1,0,1,0,0,0
20.252699,0,1,0,0,0,0,0,0,1
20.285561,0,0,1,0,0,0,0,0,0
20.300824,0,0,0,1,0,1,1,0,0
20.312666,1,0,0,0,1,0,1,0,0
20.330290,1,0,0,0,0,0,0,1,1
20.348583,0,0,0,1,0,1,0,0,1
20.349310,0,0,0,0,1,0,0,0,0
20.349800,0,0,0,0,0,0,1,1,0
20.360013,1,1,0,0,0,0,0,0,0
20.369820,0,1,1,0,1,0,0,0,0
20.371176,0,0,0,0,0,0,0,1,0
20.382185,0,0,1,0,0,0,0,0,0
20.396654,0,1,0,0,0,1,0,0,1
20.399995,0,0,0,1,0,0,0,0,0
20.429511,0,0,1,0,0,0,0,0,0
20.446936,0,0,0,0,0,1,0,0,0
20.447104,0,0,0,0,0,0,1,0,0
20.448636,0,0,0,1,0,0,1,0,1
20.457161,1,0,0,0,1,0,0,1,0
20.463844,1,0,0,0,1,0,0,1,0
20.477455,0,1,0,0,0,0,0,0,0
20.486496,0,1,1,0,0,0,0,0,0
20.498979,0,0,0,1,0,1,0,0,0
20.549947,0,0,0,1,0,1,1,0,1
20.563291,1,0,0,0,1,0,1,0,1
20.581699,1,0,1,0,0,0,0,1,0
20.596245,0,0,1,0,0,1,0,0,1
20.599560,0,0,0,1,0,0,1,0,0
20.600626,0,0,0,0,1,0,0,1,0
20.607206,0,1,0,0,0,0,0,0,0
20.616975,1,0,0,0,0,0,0,0,0
20.618015,0,0,0,0,1,0,0,0,0
20.619239,0,0,0,0,0,0,0,1,0
20.626273,0,1,1,0,0,0,0,0,0
20.649027,0,1,0,1,0,1,0,0,0
20.675474,0,0,0,0,0,0,0,0,1
20.696909,0,0,0,0,0,1,1,0,1
20.701481,0,0,0,1,0,0,0,0,0
20.707249,1,0,1,0,1,0,0,0,0
20.728905,0,0,1,0,0,0,1,0,0
20.748287,1,0,0,1,0,1,0,1,1
20.778287,0,1,1,0,1,0,0,0,0
20.796388,0,0,0,0,0,1,0,0,0
20.797011,0,0,0,0,0,0,1,1,0
20.797506,0,0,0,0,0,0,0,0,1
20.798155,0,0,0,1,0,0,1,0,0
20.809332,1,0,0,0,0,0,0,0,0
20.817261,1,1,0,0,1,0,0,1,0
20.821826,0,0,0,0,1,0,0,1,0
20.837295,0,1,1,0,0,0,0,0,0
20.842580,0,1,0,0,0,0,0,0,0
20.849497,0,0,0,1,0,1,0,0,0
20.898653,0,0,0,1,0,1,1,0,0
20.911987,1,0,0,0,1,0,0,1,1
20.934038,0,1,0,0,0,0,0,0,1
20.949430,0,0,1,1,0,1,0,0,0
20.955242,0,0,0,0,0,0,0,0,1
20.965262,0,0,1,0,0,0,0,0,0
20.990700,0,0,1,0,0,0,1,0,0
21.001290,1,0,0,1,1,1,0,1,0
21.026926,0,1,0,0,0,0,0,0,1
21.046306,0,0,0,0,0,1,1,0,1
21.049761,0,0,0,1,0,0,0,0,0
21.065518,1,0,1,0,1,0,0,1,0
21.085761,0,1,1,0,0,0,1,0,0
21.100790,1,0,0,1,1,1,0,0,0
21.151640,0,0,0,1,0,1,1,1,0
21.171640,1,1,0,0,1,0,1,0,0
21.190094,1,0,0,0,1,0,0,1,1
21.196762,0,0,0,0,0,1,0,1,0
21.201953,0,0,0,1,0,0,1,0,0
21.217403,1,1,0,0,1,0,0,0,0
21.218434,0,1,0,0,0,0,0,0,1
21.219319,0,0,0,0,0,0,1,0,0
21.229456,1,0,1,0,0,0,0,0,1
21.248079,0,0,0,1,1,1,0,0,1
21.253368,0,0,1,0,0,0,1,0,0
21.264296,1,0,1,0,1,0,0,0,0
21.285728,0,0,1,0,0,0,0,1,0
21.296166,0,0,0,0,0,1,0,1,1
21.297127,0,0,0,0,0,0,0,1,0
21.299861,0,0,0,1,0,0,0,0,0
21.310728,0,1,0,0,0,0,0,0,0
21.326166,0,1,1,0,0,0,1,0,0
21.326949,0,1,0,0,0,0,0,0,0
21.346042,1,0,0,0,1,1,0,0,1
21.347031,0,0,0,0,0,0,0,1,0
21.349911,0,0,0,1,0,0,1,0,0
21.360945,1,0,0,0,1,0,0,1,0
21.367745,0,1,0,0,0,0,0,0,0
21.382507,0,1,1,0,0,0,0,0,0
21.401572,0,0,0,1,0,1,0,0,0
21.415862,0,0,0,0,0,0,1,0,0
21.433844,1,0,0,0,1,0,0,1,1
21.446343,0,0,0,0,0,1,0,0,0
21.447311,0,0,0,0,0,0,0,0,1
21.451747,0,0,0,1,0,0,0,0,0
21.454561,0,1,0,0,0,0,1,0,0
21.467483,1,0,1,0,1,0,0,1,0
21.485953,0,0,1,0,0,0,0,0,0
21.489423,0,1,0,0,0,0,0,0,0
21.501840,0,0,0,1,0,1,0,0,1
21.539064,0,0,1,0,0,0,1,0,0
21.550544,1,0,0,1,1,1,0,0,1
21.584013,0,0,1,0,0,0,0,1,0
21.596791,0,0,0,0,0,1,1,0,1
21.599215,0,0,0,1,0,0,0,0,0
21.606970,1,1,0,0,0,0,1,0,0
21.624391,1,0,0,0,1,0,0,0,0
21.636002,0,0,1,0,0,0,0,0,0
21.650873,0,0,0,1,1,1,1,1,1
21.670873,1,1,0,0,1,0,0,1,0
21.673587,0,0,0,0,0,0,0,1,0
21.690873,0,1,1,0,0,0,0,0,0
21.699720,0,1,0,1,0,1,0,0,0
21.748672,0,0,0,1,0,1,0,0,1
21.786311,0,0,1,0,0,0,1,0,0
21.792879,0,0,0,0,0,0,1,0,0
21.798483,1,0,0,1,1,1,0,0,1
21.808445,1,0,0,0,0,0,0,1,0
21.828457,0,1,0,0,0,0,0,0,1
21.833251,0,0,1,0,1,0,0,0,0
21.851302,0,0,0,1,0,1,1,0,0
21.863169,1,0,1,0,1,0,0,0,1
21.874593,0,0,0,0,0,0,0,1,0
21.901144,0,1,1,1,0,1,1,0,0
21.920001,1,0,0,0,0,0,1,0,0
21.935964,1,0,0,0,0,0,0,1,1
21.950990,0,0,0,1,1,1,1,1,0
21.961237,1,1,0,0,0,0,0,0,0
21.974731,0,1,1,0,1,0,0,1,1
21.999583,0,1,0,1,1,1,0,0,0
22.010092,0,0,1,0,0,0,1,1,1
22.030092,1,1,0,0,1,0,0,0,0
22.049589,0,0,1,1,0,1,0,1,0
22.071950,0,1,0,0,0,0,0,0,0
22.087674,0,0,0,0,0,0,1,0,0
22.099307,1,0,0,1,1,1,1,1,1
22.119307,1,1,0,0,1,0,0,1,0
22.133155,0,0,1,0,0,0,0,0,1
22.149143,0,1,0,1,0,1,0,0,1
22.170707,0,0,1,0,0,0,0,0,0
22.173642,0,0,0,0,0,0,1,0,0
22.179629,0,0,1,0,0,0,0,0,0
22.187471,1,0,0,0,1,0,0,1,0
22.196713,0,0,0,0,0,1,0,0,1
22.198839,0,0,0,1,0,0,0,0,0
22.203615,0,0,0,0,0,0,1,0,0
22.207471,0,1,0,0,0,0,0,0,0
22.218589,1,0,0,0,1,0,0,0,0
22.227051,0,0,1,0,0,0,0,0,0
22.251439,0,0,0,1,0,1,0,0,1
22.261051,0,0,0,0,0,0,1,0,0
22.262359,0,0,0,0,0,0,0,1,0
22.279274,1,0,0,0,1,0,0,0,0
22.291160,0,1,1,0,0,0,0,0,0
22.296438,0,0,0,0,0,1,0,1,0
22.300182,0,0,0,1,0,0,0,0,1
22.320517,0,1,0,0,0,0,0,0,0
22.325639,0,0,0,0,0,0,1,0,0
22.338977,1,0,1,0,1,0,0,0,0
22.351754,0,0,0,1,0,1,1,0,1
22.362541,1,0,0,0,0,0,0,0,0
22.383478,0,0,1,0,0,0,0,0,0
22.390121,0,0,0,0,1,0,0,0,0
22.398087,0,0,0,1,0,1,1,0,0
22.404887,0,0,0,0,0,0,0,1,1
22.406506,0,0,0,0,0,0,0,1,0
22.412507,1,0,0,0,1,0,0,1,0
22.426504,0,1,0,0,0,0,0,0,0
22.435878,0,1,1,0,0,0,0,0,0
22.439358,0,1,0,0,0,0,0,0,0
22.451970,0,0,0,1,0,1,0,0,1
22.485831,0,0,1,0,0,0,0,0,0
22.501903,0,0,0,1,0,1,1,0,0
22.518356,1,0,0,0,1,0,0,1,0
22.539248,0,1,0,0,0,0,0,0,1
22.548042,0,0,0,1,0,1,0,0,0
22.579093,0,0,1,0,0,0,1,0,0
22.598323,1,0,0,1,0,1,0,0,0
22.624748,0,0,0,0,1,0,0,0,0
22.636478,0,0,0,0,0,0,1,1,1
22.646508,1,0,0,0,1,1,0,0,0
22.647273,0,0,0,0,0,0,0,1,1
22.647637,0,0,0,0,0,0,0,0,1
22.651611,0,0,0,1,0,0,1,0,0
22.666478,1,1,1,0,1,0,0,0,0
22.670139,0,1,0,0,0,0,0,1,0
22.680534,0,0,1,0,0,0,1,0,0
22.682480,0,0,1,0,0,0,0,0,0
22.698402,1,1,0,1,1,1,0,1,0
22.723192,0,1,0,0,0,0,1,0,0
22.734940,1,0,0,0,0,0,0,0,1
22.746738,0,0,0,0,0,1,0,0,0
22.747604,0,0,0,0,1,0,0,1,1
22.751668,0,0,0,1,0,0,0,0,0
22.765893,0,0,1,0,0,0,0,0,0
22.776085,0,1,0,0,0,0,1,0,0
22.786382,1,0,1,0,1,0,0,1,0
22.800387,0,0,0,1,0,1,1,0,0
22.813088,1,1,0,0,1,0,0,1,1
22.839043,0,1,0,0,0,0,0,0,0
22.844268,0,0,1,0,0,0,0,0,0
22.846149,0,0,0,0,0,1,0,0,0
22.849424,0,0,0,1,0,0,1,0,0
22.866674,1,0,0,0,0,0,0,0,0
22.901455,0,0,0,1,1,1,1,1,0
22.921455,1,1,0,0,1,0,0,1,1
22.951455,0,1,1,1,0,1,1,0,1
22.963335,1,0,0,0,1,0,0,0,1
22.982400,0,0,1,0,0,0,0,0,0
23.001757,0,0,1,1,0,1,1,0,0
23.016525,1,0,0,0,0,0,0,0,1
23.049942,0,0,1,1,0,1,0,0,1
23.083025,0,0,1,0,1,0,0,1,0
23.099427,0,0,0,1,0,1,1,1,0
23.110866,1,1,0,0,0,0,1,0,0
23.120866,1,1,0,0,0,0,0,0,1
23.151472,0,0,1,1,1,1,1,0,0
23.157614,0,0,0,0,0,0,0,1,0
23.158891,0,0,0,0,1,0,0,0,0
23.168332,1,0,0,0,1,0,0,0,0
23.169955,0,0,0,0,0,0,0,1,0
23.172664,0,0,0,0,0,0,0,0,1
23.175078,0,0,0,0,0,0,0,1,0
23.182148,0,1,0,0,0,0,0,0,0
23.198547,0,1,0,1,0,1,0,0,1
23.202886,0,1,1,0,0,0,1,0,0
23.212981,1,0,0,0,1,0,0,0,0
23.230913,0,0,1,0,0,0,0,1,0
23.251933,0,1,0,1,0,1,1,0,1
23.271723,1,0,0,0,1,0,0,0,0
23.278346,0,0,0,0,0,0,0,1,0
23.284035,0,0,1,0,0,0,0,0,0
23.301673,0,1,0,1,0,1,1,0,0
23.315913,1,0,0,0,0,0,0,0,0
23.350840,0,0,0,1,0,1,0,0,1
23.373912,0,0,0,0,1,0,1,0,0
23.388980,1,0,1,0,1,0,0,1,0
23.401803,0,0,0,1,0,1,0,0,0
23.415361,0,1,0,0,0,0,1,1,0
23.435361,1,1,0,0,1,0,0,1,1
23.446832,0,0,0,0,0,1,0,0,0
23.451165,0,0,0,1,0,0,1,0,0
23.465361,1,1,1,0,0,0,0,0,1
23.498376,0,0,1,1,1,1,0,0,1
23.528638,0,0,1,0,0,0,0,0,1
23.546387,0,0,0,0,0,1,1,0,0
23.548072,0,0,0,1,0,0,0,0,0
23.556763,1,0,0,0,0,0,0,1,0
23.564407,0,0,1,0,1,0,0,1,1
23.579064,0,1,0,0,0,0,1,0,0
23.594407,1,1,1,0,0,0,0,0,0
23.596098,0,0,0,0,0,1,0,0,1
23.600141,0,0,0,1,1,0,0,1,0
23.624036,0,1,0,0,0,0,0,0,0
23.630500,0,0,1,0,0,0,0,0,0
23.646938,0,0,0,0,0,1,0,0,0
23.651733,0,0,0,1,0,0,0,0,0
23.671195,0,0,0,0,0,0,1,0,1
23.684986,1,0,0,0,1,0,0,0,0
23.701359,0,0,1,1,0,1,0,1,0
23.726868,0,1,0,0,0,0,0,0,1
23.746702,0,0,0,0,0,1,1,0,1
23.747196,0,0,0,0,0,0,1,0,0
23.748620,0,0,0,1,0,0,1,0,0
23.756739,1,0,0,0,1,0,0,1,0
23.764986,1,0,1,0,0,0,0,0,0
23.767404,1,0,0,0,1,0,0,1,0
23.776706,0,0,1,0,1,0,0,1,0
23.776739,0,1,0,0,0,0,0,0,0
23.797187,0,1,0,0,0,1,0,0,0
23.797594,0,1,0,0,0,0,0,0,0
23.797797,0,0,0,0,0,0,0,0,1
23.800783,0,0,0,1,0,0,0,0,0
23.833222,0,0,1,0,0,0,1,0,0
23.848211,1,0,0,1,0,1,1,0,1
23.862940,1,0,0,0,1,0,0,0,0
23.874175,0,0,0,0,0,0,0,1,0
23.884155,0,0,1,0,0,0,0,0,0
23.899683,0,1,0,1,1,1,1,0,0
23.916981,1,0,0,0,0,0,0,0,1
23.949545,0,0,1,1,1,1,0,0,1
23.976343,0,0,0,0,0,0,0,1,0
23.977945,0,0,0,0,0,0,0,1,0
23.984348,0,0,1,0,0,0,0,0,0
23.996841,0,1,0,0,0,1,0,0,1
23.997959,0,1,0,0,0,0,0,0,0
23.997979,0,0,0,0,0,0,1,0,0
24.000175,0,0,0,1,0,0,0,0,0
24.016446,1,0,0,0,1,0,1,0,0
24.030957,1,0,1,0,0,0,0,1,0
24.051389,0,1,0,1,1,1,1,1,0
24.071389,1,1,0,0,1,0,0,1,1
24.099698,0,1,0,1,0,1,1,0,0
24.111314,1,0,1,0,0,0,0,0,0
24.146825,0,0,0,0,0,1,0,0,0
24.147046,0,0,0,0,1,0,0,1,1
24.149297,0,0,0,1,0,0,0,0,0
24.177046,0,1,1,0,0,0,0,0,1
24.196748,0,0,0,0,0,1,0,0,1
24.198175,0,0,0,1,0,0,1,0,0
24.215134,1,0,1,0,0,0,1,0,0
24.225441,1,0,0,0,1,0,0,1,0
24.232056,0,0,1,0,1,0,0,0,0
24.250867,0,1,0,1,0,1,1,0,0
24.268887,1,0,0,0,1,0,0,1,1
24.273245,0,0,0,0,0,0,0,1,0
24.298230,0,1,0,1,0,1,0,0,0
24.299590,0,1,1,0,0,0,1,0,1
24.317765,1,0,0,0,0,0,0,0,0
24.319791,0,0,0,0,1,0,0,1,0
24.333426,0,0,1,0,0,0,0,0,0
24.346329,0,1,0,0,0,1,0,0,0
24.347174,0,0,0,0,0,0,0,0,1
24.350394,0,0,0,1,0,0,0,0,0
24.356114,0,0,0,0,0,0,1,0,0
24.373447,1,0,0,0,1,0,0,0,0
24.375354,0,0,0,0,0,0,0,1,0
24.386761,0,0,1,0,0,0,0,0,0
24.396701,0,1,0,0,0,1,0,0,0
24.400797,0,0,0,1,0,0,1,0,0
24.420291,1,0,0,0,1,0,0,1,1
24.450291,0,1,1,1,0,1,0,0,1
24.483543,0,0,1,0,0,0,0,0,0
24.498317,0,0,0,1,0,1,0,0,1
24.525170,0,0,0,0,0,0,1,0,0
24.536269,1,0,1,0,0,0,1,0,0
24.541147,0,0,0,0,1,0,0,0,0
24.548753,1,0,0,1,1,1,1,0,0
24.550876,0,0,0,0,0,0,0,0,1
24.555388,0,0,0,0,0,0,0,1,0
24.560600,1,0,0,0,1,0,0,1,0
24.577225,0,1,0,0,0,0,0,0,0
24.578291,0,0,0,0,0,0,0,1,0
24.580642,0,1,0,0,0,0,0,0,0
24.590313,0,0,1,0,0,0,0,0,0
24.598049,0,0,0,1,0,1,1,0,1
24.600977,0,1,0,0,0,0,0,0,0
24.613049,1,0,0,0,0,0,0,0,0
24.616161,0,0,0,0,1,0,0,0,0
24.620711,0,0,0,0,0,0,0,1,0
24.634455,0,0,1,0,0,0,0,0,0
24.649458,0,1,0,1,0,1,1,0,0
24.667666,1,0,0,0,1,0,0,0,0
24.696174,0,0,0,0,0,1,0,1,0
24.701338,0,0,0,1,0,0,1,0,1
24.714799,1,0,0,0,1,0,0,1,0
24.715666,0,0,0,0,0,0,0,0,1
24.721174,0,1,0,0,0,0,0,0,0
24.738681,0,1,1,0,0,0,0,0,0
24.748527,0,0,1,1,0,1,1,0,1
24.766472,1,0,0,0,0,0,0,0,0
24.773736,0,0,0,0,1,0,0,1,0
24.782500,0,0,1,0,0,0,0,0,0
24.801742,0,1,0,1,0,1,1,0,0
24.814924,1,0,0,0,1,0,0,0,1
24.849548,0,0,1,1,0,1,0,0,0
24.896159,0,0,0,0,0,1,1,0,1
24.899912,0,0,0,1,0,0,1,0,1
24.909409,1,0,0,0,0,0,0,0,0
24.909660,0,0,0,0,1,0,0,0,0
24.913460,1,0,0,0,1,0,0,0,0
24.933291,0,0,1,0,0,0,0,1,0
24.935090,0,0,1,0,0,0,0,1,0
24.948342,0,0,0,1,0,1,1,0,0
24.963170,1,1,0,0,1,0,0,0,0
24.964943,0,1,0,0,0,0,0,0,0
24.999090,0,0,0,1,0,1,0,1,1
25.019287,0,1,0,0,0,0,1,0,1
25.029117,0,0,1,0,0,0,0,0,0
25.029202,0,0,0,0,0,0,0,1,0
25.035492,1,0,0,0,1,0,0,1,0
25.051890,0,1,1,1,0,1,1,0,0
25.063788,1,1,0,0,1,0,0,1,0
25.090428,0,1,0,0,0,0,0,0,0
25.096297,0,0,0,0,0,1,0,0,1
25.101970,0,0,0,1,0,0,0,0,1
25.104715,0,0,0,0,0,0,1,0,0
25.118379,1,0,0,0,1,0,0,1,0
25.135106,0,0,1,0,0,0,0,0,0
25.141855,0,1,1,0,0,0,0,0,0
25.149609,0,0,0,1,0,1,1,0,1
25.163255,1,0,0,0,1,0,0,1,0
25.180911,0,0,1,0,0,0,0,0,0
25.183426,0,1,0,0,0,0,0,0,0
25.200000,0,0,0,1,0,1,1,0,0
25.212707,1,0,0,0,0,0,0,0,0
25.246810,0,0,0,0,1,1,0,0,0
25.251916,0,0,0,1,0,0,1,1,0
25.271916,1,1,0,0,0,0,0,0,1
25.282944,0,0,0,0,1,0,0,1,0
25.301923,0,0,1,1,0,1,1,0,1
25.312851,1,1,0,0,0,0,0,0,0
25.327851,0,0,0,0,1,0,0,1,1
25.338349,0,0,1,0,0,0,0,0,0
25.346756,0,0,0,0,0,1,0,0,1
25.349727,0,1,0,1,0,0,1,0,0
25.357977,0,0,1,0,0,0,0,0,0
25.363674,1,0,0,0,1,0,0,1,0
25.386674,0,1,1,0,0,0,0,0,0
25.399298,0,0,0,1,0,1,0,0,0
25.450281,0,0,0,1,0,1,1,0,0
25.453798,0,0,0,0,0,0,0,0,1
25.460401,1,0,0,0,1,0,1,0,1
25.479884,1,0,0,0,1,0,0,0,0
25.481492,0,0,0,0,0,0,0,1,0
25.486146,0,0,1,0,0,0,0,0,0
25.493016,0,0,1,0,0,0,0,1,0
25.500351,0,0,0,1,0,1,1,0,1
25.510675,1,1,0,0,1,0,0,0,0
25.515516,0,1,0,0,0,0,0,0,0
25.534453,0,0,1,0,0,0,0,1,0
25.549110,0,0,0,1,0,1,0,0,0
25.559815,0,1,0,0,0,0,0,0,1
25.564777,0,0,0,0,0,0,1,0,0
25.578678,1,0,0,0,1,0,0,0,0
25.599493,0,0,1,1,0,1,1,1,0
25.615870,1,0,0,0,0,0,0,0,0
25.629128,0,1,0,0,1,0,0,0,1
25.649530,0,0,0,1,0,1,1,1,0
25.668116,1,0,1,0,0,0,0,0,0
25.677870,0,1,0,0,1,0,0,1,0
25.698316,0,1,0,1,0,1,1,0,0
25.709019,1,0,0,0,0,0,0,0,0
25.719330,0,0,0,0,1,0,0,0,0
25.746687,0,0,0,0,0,1,0,0,0
25.750034,0,0,0,1,0,0,1,1,0
25.765404,1,0,0,0,1,0,0,1,0
25.771209,0,1,0,0,0,0,0,0,0
25.791946,0,1,0,0,0,0,0,0,0
25.799964,0,0,0,1,0,1,0,0,0
25.844788,0,0,0,0,0,0,1,0,1
25.848185,0,0,0,1,0,1,1,0,0
25.855745,1,0,0,0,0,0,0,0,0
25.858716,1,0,0,0,0,0,0,0,0
25.860963,0,0,0,0,1,0,0,1,1
25.868211,0,0,0,0,1,0,0,0,1
25.871934,0,0,0,0,0,0,0,1,0
25.884612,0,1,1,0,0,0,0,0,1
25.894855,0,1,1,0,0,0,0,0,0
25.901665,0,0,1,1,0,1,0,0,1
25.921335,0,0,1,0,0,0,0,0,0
25.939880,0,0,1,0,0,0,0,0,1
25.946111,0,0,0,0,0,1,0,0,0
25.947106,0,0,0,0,0,0,0,0,1
25.947553,0,0,0,0,0,0,1,0,0
25.949681,0,0,0,1,0,0,1,0,0
25.959178,1,0,0,0,0,0,0,0,0
25.959429,0,0,0,0,1,0,0,1,0
25.969357,1,0,0,0,1,0,0,0,0
25.979818,0,1,1,0,0,0,0,1,0
25.985790,0,0,1,0,0,0,0,0,0
26.000553,0,1,0,1,0,1,1,0,0
26.017553,1,0,0,0,1,0,0,0,0
26.048074,0,0,0,1,0,1,1,1,1
26.059112,1,0,0,0,1,0,0,1,0
26.074455,0,1,0,0,0,0,0,0,0
26.078084,0,0,1,0,0,0,0,0,0
26.082911,0,1,0,0,0,0,0,0,1
26.096111,0,0,0,0,0,1,0,0,1
26.100574,0,0,0,1,0,0,1,0,0
26.111775,1,0,0,0,1,0,0,0,0
26.115951,0,0,1,0,0,0,0,0,0
26.131141,0,0,1,0,0,0,0,1,0
26.151457,0,1,0,1,0,1,0,0,1
26.152457,0,0,0,0,0,0,1,0,0
26.165663,1,0,0,0,0,0,0,0,0
26.190064,0,0,1,0,1,0,0,0,0
26.201745,0,0,0,1,0,1,1,0,0
26.203372,0,0,0,0,0,0,0,1,0
26.213029,1,0,0,0,0,0,0,0,1
26.226074,0,1,0,0,1,0,0,1,0
26.246030,0,0,1,0,0,1,0,0,0
26.249010,0,1,0,1,0,0,1,0,0
26.265375,1,0,0,0,0,0,0,0,1
26.301085,0,0,1,1,0,1,0,0,1
26.313315,0,0,0,0,0,0,1,0,0
26.332864,1,0,1,0,1,0,0,1,0
26.348481,0,0,0,1,0,1,0,0,0
26.356808,0,1,0,0,0,0,0,0,0
26.396781,0,0,0,0,1,1,0,0,0
26.397227,0,0,0,0,0,0,1,0,0
26.400898,0,0,0,1,0,0,0,0,0
26.404967,0,0,0,0,0,0,1,1,1
26.415908,1,0,0,0,1,0,0,1,0
26.424967,1,1,0,0,0,0,0,0,0
26.443022,0,1,1,0,0,0,0,0,1
26.446825,0,0,0,0,1,1,0,1,0
26.448443,0,0,0,1,0,0,0,0,1
26.475147,0,1,1,0,0,0,1,0,0
26.487780,1,0,1,0,1,0,0,0,0
26.498369,0,0,0,1,0,1,1,0,1
26.518258,1,0,0,0,1,0,0,1,0
26.538319,0,1,1,0,0,0,0,0,0
26.540781,0,0,0,0,0,0,0,1,0
26.549536,0,0,0,1,0,1,1,0,0
26.565208,1,1,0,0,1,0,0,1,0
26.567046,0,0,0,0,0,0,0,0,1
26.589556,0,1,0,0,0,0,0,0,0
26.599810,0,0,1,1,0,1,1,0,0
26.616242,1,0,0,0,0,0,0,0,1
26.646035,0,0,0,0,1,1,0,1,0
26.649112,0,0,1,1,0,0,1,0,1
26.663608,1,0,0,0,0,0,0,0,0
26.664762,0,0,0,0,1,0,0,1,0
26.666752,0,1,0,0,0,0,0,0,0
26.686965,0,1,1,0,0,0,0,0,0
26.696742,0,0,0,0,0,1,0,0,1
26.700051,0,0,0,1,0,0,0,0,0
26.730543,0,0,1,0,0,0,1,0,0
26.749830,1,0,0,1,1,1,0,1,0
26.775547,0,1,0,0,0,0,1,0,1
26.795251,1,0,0,0,1,0,0,0,0
26.796169,0,0,0,0,0,1,0,1,1
26.798106,0,0,0,1,0,0,0,0,0
26.815362,0,0,1,0,0,0,1,0,0
26.826169,1,1,1,0,1,0,0,1,0
26.846681,0,1,0,0,0,1,0,0,0
26.851387,0,0,0,1,0,0,1,0,0
26.867846,1,0,0,0,1,0,0,0,1
26.898474,0,0,1,1,0,1,0,0,0
26.951879,0,0,0,1,0,1,0,1,0
26.959116,0,0,0,0,0,0,1,0,0
26.970710,1,0,0,0,0,0,1,0,1
26.971333,0,0,0,0,1,0,0,1,0
26.981143,1,1,0,0,1,0,0,0,1
27.001234,0,1,1,1,0,1,0,0,0
27.008203,0,0,0,0,0,0,0,0,1
27.020215,0,0,1,0,0,0,1,1,0
27.038623,1,0,1,0,0,0,0,0,0
27.048932,0,1,0,1,1,1,1,1,1
27.068932,1,1,0,0,0,0,0,0,0
27.074182,0,0,0,0,1,0,0,1,0
27.084746,0,0,1,0,0,0,0,0,0
27.096204,0,1,0,0,0,1,0,0,1
27.100737,0,0,0,1,0,0,0,0,0
27.110932,0,0,0,0,0,0,1,0,0
27.123214,1,0,0,0,1,0,0,0,0
27.135522,0,0,1,0,0,0,0,0,0
27.146429,0,0,0,0,0,1,0,1,0
27.150546,0,0,0,1,0,0,1,0,1
27.164632,1,0,0,0,1,0,0,0,0
27.172747,0,1,0,0,0,0,0,1,0
27.190469,0,0,1,0,0,0,0,0,0
27.199467,0,1,0,1,0,1,1,0,1
27.214990,1,0,0,0,0,0,0,0,0
27.227777,0,0,0,0,1,0,0,1,0
27.234339,0,0,1,0,0,0,0,0,0
27.249582,0,1,0,1,0,1,0,0,0
27.301624,0,0,0,1,0,1,0,0,1
27.324263,0,0,0,0,0,0,0,0,1
27.326759,0,0,0,0,0,0,1,0,0
27.334987,0,0,1,0,0,0,0,0,0
27.346516,1,0,0,0,1,1,1,1,0
27.347029,0,0,0,0,0,0,0,0,1
27.350292,0,0,0,1,0,0,1,0,0
27.354805,0,0,1,0,0,0,0,0,0
27.361201,1,0,0,0,1,0,0,0,0
27.369922,1,1,0,0,0,0,0,1,0
27.383591,0,0,1,0,0,0,0,0,0
27.396903,0,1,0,0,1,1,0,0,1
27.399883,0,0,0,1,0,0,0,0,0
27.420039,0,0,0,0,0,0,1,1,0
27.434386,1,0,1,0,0,0,0,0,0
27.446454,0,1,0,0,0,1,0,0,1
27.450611,0,0,0,1,1,0,1,1,0
27.465148,1,0,0,0,0,0,0,0,0
27.474569,0,1,0,0,0,0,0,0,0
27.475535,0,0,0,0,1,0,0,1,0
27.482922,0,0,1,0,0,0,0,0,0
27.495669,0,1,0,0,0,0,0,0,0
27.499005,0,0,0,1,0,1,1,0,0
27.513745,1,0,0,0,1,0,0,0,1
27.550625,0,0,1,1,0,1,1,0,0
27.562667,1,0,0,0,0,0,0,0,1
27.576532,0,0,0,0,0,0,0,1,0
27.596100,0,0,1,0,1,1,0,1,1
27.600400,0,1,0,1,0,0,1,0,0
27.612940,1,0,0,0,0,0,0,0,0
27.626100,0,1,1,0,1,0,0,0,0
27.650196,0,0,0,1,0,1,0,0,0
27.700468,0,0,0,1,0,1,0,1,1
27.709856,0,0,0,0,0,0,1,0,1
27.715375,0,0,0,0,0,0,1,0,0
27.723095,1,1,0,0,1,0,0,1,0
27.732595,1,0,1,0,1,0,0,1,0
27.746000,0,1,1,0,0,1,0,0,0
27.749417,0,0,0,1,0,0,0,0,1
27.751372,0,0,0,0,0,0,1,0,0
27.756705,0,1,0,0,0,0,0,0,0
27.769198,1,0,0,0,0,0,0,0,0
27.776046,0,0,0,0,1,0,0,0,0
27.785081,0,0,1,0,0,0,0,0,0
27.796910,0,0,0,0,0,1,0,0,0
27.799354,0,0,0,1,0,0,0,0,1
27.817589,0,0,0,0,0,0,1,0,0
27.833029,1,0,1,0,1,0,0,1,0
27.851010,0,0,0,1,0,1,0,1,0
27.856111,0,1,0,0,0,0,1,0,0
27.866146,1,0,0,0,1,0,0,1,1
27.875816,0,1,0,0,0,0,0,0,0
27.896048,0,1,0,0,0,1,0,0,0
27.898286,0,0,1,1,0,0,0,0,0
27.946763,0,0,0,0,0,1,1,0,1
27.947455,0,0,0,0,0,0,0,0,1
27.948598,0,0,0,1,0,0,1,0,0
27.960330,1,0,0,0,1,0,0,0,0
27.961613,1,0,0,0,1,0,0,1,0
27.978915,0,0,1,0,0,0,0,0,0
27.980579,0,0,1,0,0,0,0,1,0
27.984200,0,1,0,0,0,0,0,0,0
27.996804,0,0,0,0,0,1,0,0,1
28.001014,0,1,0,1,0,0,1,0,0
28.013791,1,0,0,0,1,0,0,0,0
28.033626,0,0,1,0,0,0,0,0,0
28.048615,0,0,0,1,0,1,1,1,0
28.051912,0,0,0,0,0,0,0,0,1
28.060477,1,0,0,0,0,0,0,0,0
28.074769,0,1,0,0,1,0,0,1,0
28.082371,0,0,1,0,0,0,0,0,0
28.098202,0,1,0,1,0,1,1,0,0
28.110368,1,0,0,0,1,0,0,1,0
28.138672,0,1,0,0,0,0,0,0,0
28.140229,0,0,0,0,0,0,0,0,1
28.148314,0,0,0,1,0,1,1,0,0
28.167048,1,0,0,0,1,0,0,0,0
28.168570,0,0,0,0,0,0,0,1,0
28.169561,0,0,0,0,0,0,0,0,1
28.175617,0,0,1,0,0,0,0,0,0
28.196411,0,1,0,0,0,1,0,0,0
28.200650,0,0,1,1,0,0,0,0,0
28.248486,0,0,0,1,0,1,0,0,1
28.284792,0,0,1,0,0,0,1,0,0
28.294827,1,0,0,0,1,0,1,0,0
28.299695,0,0,0,1,0,1,1,1,0
28.312963,1,0,0,0,1,0,0,0,1
28.315146,1,0,0,0,1,0,0,1,0
28.321917,0,1,0,0,0,0,0,0,1
28.345014,0,1,1,0,0,0,0,1,0
28.348323,0,0,0,1,0,1,0,0,1
28.361286,0,0,1,0,0,0,0,0,0
28.363286,0,0,0,0,0,0,1,0,0
28.374317,1,1,0,0,1,0,0,1,0
28.388047,0,0,1,0,0,0,0,0,0
28.400525,0,1,0,1,0,1,0,0,1
28.434628,0,0,1,0,0,0,0,0,0
28.449742,0,0,0,1,0,1,1,0,0
28.469432,1,0,0,0,1,0,0,1,1
28.498235,0,1,0,1,0,1,1,0,1
28.499210,0,0,0,0,0,0,1,0,0
28.508992,1,0,1,0,1,0,0,1,0
28.517370,1,0,0,0,0,0,0,0,0
28.533833,0,1,1,0,0,0,0,0,0
28.548433,0,0,0,1,0,1,0,0,0
28.582430,0,0,0,0,1,0,1,1,0
28.587800,0,0,0,0,0,0,0,0,1
28.599315,1,0,0,1,0,1,0,0,0
28.600433,0,0,0,0,1,0,0,1,1
28.601432,0,0,0,0,0,0,1,0,0
28.602501,0,1,0,0,0,0,0,0,0
28.614030,1,0,0,0,1,0,0,0,0
28.615044,0,0,0,0,0,0,0,1,0
28.626066,0,1,1,0,0,0,0,0,0
28.633387,0,0,1,0,0,0,0,0,0
28.641498,0,1,0,0,0,0,0,0,0
28.646889,0,0,0,0,0,1,0,0,0
28.648933,0,0,0,1,0,0,0,0,0
28.696714,0,0,0,0,0,1,0,0,0
28.701101,0,0,0,1,0,0,1,0,1
28.714353,1,0,0,0,1,0,1,0,1
28.728501,1,0,0,0,1,0,0,1,0
28.729751,0,0,0,0,0,0,0,1,0
28.736667,0,0,1,0,0,0,0,0,0
28.748607,0,1,1,1,0,1,1,0,1
28.759560,1,1,0,0,1,0,0,1,0
28.778688,0,0,1,0,0,0,0,0,0
28.781330,0,1,0,0,0,0,0,0,0
28.801955,0,0,0,1,0,1,0,0,1
28.837205,0,0,1,0,0,0,1,0,0
28.847461,1,0,0,0,0,1,0,0,0
28.847731,0,0,0,0,0,0,0,0,1
28.850680,0,0,0,1,1,0,1,0,0
28.860915,1,0,0,0,0,0,0,0,0
28.882381,0,0,1,0,0,0,0,1,0
28.901027,0,0,0,1,1,1,0,1,1
28.908757,0,1,0,0,0,0,0,0,0
28.929341,0,1,0,0,0,0,0,0,0
28.930102,0,0,0,0,0,0,1,0,0
28.933637,0,0,1,0,0,0,0,0,0
28.946746,1,0,0,0,1,1,0,1,1
28.950696,0,0,0,1,0,0,1,0,0
28.967087,1,1,0,0,1,0,0,1,0
28.981974,0,0,1,0,0,0,0,0,0
28.996568,0,1,0,0,0,1,0,0,1
28.999722,0,0,0,1,0,0,1,0,0
29.015264,1,0,0,0,1,0,0,1,0
29.036434,0,1,1,0,0,0,0,0,0
29.048766,0,0,0,1,0,1,1,0,0
29.068151,1,0,0,0,1,0,0,1,0
29.098050,0,1,0,1,0,1,0,0,0
29.149215,0,0,0,1,0,1,1,0,0
29.167976,1,0,0,0,0,0,1,0,1
29.174942,0,0,0,0,1,0,0,0,1
29.176112,0,0,0,0,0,0,0,0,1
29.185437,1,0,0,0,1,0,0,0,0
29.197985,0,0,1,0,0,1,0,0,1
29.199507,0,0,0,1,0,0,0,1,0
29.208250,0,0,1,0,0,0,0,0,0
29.215522,0,0,1,0,0,0,1,1,0
29.225726,1,1,0,0,0,0,0,0,0
29.236414,0,1,1,0,1,0,0,0,0
29.240268,0,0,0,0,0,0,0,1,0
29.250269,0,0,0,1,0,1,1,0,0
29.263700,1,1,0,0,1,0,0,0,1
29.296461,0,0,1,0,0,1,0,1,1
29.299197,0,0,0,1,0,0,1,0,0
29.316638,1,1,0,0,1,0,0,0,0
29.321597,0,0,0,0,0,0,0,1,0
29.335307,0,0,1,0,0,0,0,0,0
29.342250,0,1,0,0,0,0,0,0,0
29.351027,0,0,0,1,0,1,0,0,1
29.364203,0,0,0,0,0,0,1,0,0
29.376806,1,0,0,0,1,0,0,1,0
29.383933,0,0,1,0,0,0,0,0,0
29.399770,0,1,0,1,0,1,0,0,1
29.421490,0,0,0,0,0,0,1,0,0
29.434505,1,0,1,0,0,0,0,0,0
29.449499,0,0,0,1,0,1,1,0,0
29.464746,1,0,0,0,0,0,0,0,0
29.498070,0,0,0,1,1,1,1,0,1
29.504553,0,0,0,0,1,0,0,1,1
29.517505,1,0,0,0,0,0,0,0,0
29.524943,0,1,0,0,0,0,0,1,0
29.533424,0,0,1,0,1,0,0,1,0
29.536746,0,0,1,0,0,0,0,0,0
29.551628,0,1,0,1,0,1,0,0,1
29.552545,0,0,0,0,0,0,1,0,0
29.558681,0,1,0,0,0,0,0,0,0
29.568628,1,0,0,0,0,0,0,0,0
29.587904,0,0,1,0,1,0,0,1,0
29.601095,0,0,0,1,0,1,0,0,1
29.612124,0,1,0,0,0,0,0,0,0
29.634233,0,0,1,0,0,0,0,0,0
29.649545,0,0,0,1,0,1,0,0,1
29.680108,0,0,1,0,0,0,1,0,0
29.698900,1,0,0,1,1,1,0,0,1
29.738802,0,0,1,0,0,0,0,0,0
29.750653,0,0,0,1,0,1,0,0,0
29.796930,0,0,0,0,0,1,1,0,0
29.797767,0,0,0,0,0,0,1,1,0
29.797883,0,0,0,0,0,0,1,0,0
29.799769,0,0,0,1,0,0,0,0,0
29.810997,1,0,0,0,1,0,0,0,1
29.815558,1,0,0,0,1,0,0,1,1
29.816725,1,0,0,0,1,0,1,1,0
29.817037,0,0,0,0,0,0,0,1,0
29.826745,1,1,0,0,0,0,0,0,0
29.839722,0,1,0,0,1,0,0,1,0
29.846594,0,1,1,0,0,1,0,0,0
29.846976,0,1,1,0,0,0,0,0,1
29.849785,0,0,0,1,0,0,0,0,0
29.859757,0,1,0,0,0,0,0,0,0
29.878204,0,0,1,0,0,0,1,0,0
29.891492,1,0,0,0,1,0,0,1,0
29.901838,0,0,0,1,0,1,1,0,0
29.915777,1,1,0,0,1,0,0,1,1
29.941996,0,1,0,0,0,0,0,0,0
29.946445,0,0,1,0,0,1,0,0,0
29.951930,0,0,0,1,0,0,1,0,0
29.970025,1,0,0,0,0,0,0,0,1
29.998513,0,0,0,1,0,1,1,0,1
29.999045,0,0,0,0,1,0,0,0,0
30.003530,0,0,1,0,0,0,0,1,0
30.016891,1,0,0,0,1,0,0,1,0
30.023899,0,1,0,0,0,0,0,0,0
30.034557,0,0,1,0,0,0,0,0,0
30.046190,0,1,0,0,0,1,0,0,1
30.049824,0,0,0,1,0,0,1,0,0
30.061892,1,0,0,0,0,0,0,0,0
30.076911,0,0,1,0,1,0,0,0,0
30.098445,0,0,0,1,0,1,0,0,1
30.129551,0,0,1,0,0,0,1,1,0
30.148277,1,0,0,1,0,1,0,0,1
30.158807,0,1,0,0,1,0,0,0,0
30.180710,0,0,1,0,0,0,0,1,0
30.201672,0,1,0,1,0,1,1,0,0
30.212003,1,0,0,0,0,0,1,0,1
30.226840,1,0,0,0,0,0,0,0,0
30.246362,0,0,1,0,1,1,0,0,1
30.250008,0,0,0,1,1,0,1,0,0
30.254851,0,0,0,0,0,0,0,1,0
30.259003,0,0,0,0,0,0,0,1,0
30.264138,1,0,0,0,1,0,0,0,0
30.280956,0,1,1,0,0,0,0,0,0
30.288599,0,1,0,0,0,0,0,1,0
30.296779,0,0,0,0,0,1,0,0,1
30.300819,0,0,0,1,0,0,0,0,0
30.303794,0,0,0,0,0,0,1,0,0
30.314545,1,1,0,0,1,0,0,1,0
30.334794,0,1,1,0,0,0,0,0,0
30.348145,0,0,0,1,0,1,0,0,1
30.379313,0,0,1,0,0,0,1,0,0
30.398611,1,0,0,1,1,1,1,1,0
30.410948,1,0,0,0,0,0,0,0,1
30.414110,0,0,0,0,1,0,0,1,0
30.428313,0,1,0,0,0,0,0,0,0
30.440967,0,1,1,0,0,0,0,0,0
30.451518,0,0,0,1,0,1,0,0,1
30.488468,0,0,1,0,0,0,1,0,0
30.498740,1,0,0,1,1,1,1,1,0
30.518740,1,1,0,0,1,0,0,0,1
30.548308,0,0,0,1,0,1,1,0,0
30.553976,0,0,1,0,0,0,0,0,1
30.559001,1,0,0,0,0,0,0,0,0
30.584158,0,0,1,0,1,0,0,1,0
30.596133,0,0,0,0,0,1,0,0,1
30.598538,0,0,0,1,0,0,0,0,0
30.600591,0,0,0,0,0,0,1,0,0
30.613272,1,1,0,0,1,0,0,0,0
30.616197,0,0,0,0,0,0,0,1,0
30.617430,0,0,0,0,0,0,0,1,0
30.630447,0,0,1,0,0,0,0,0,0
30.638861,0,1,0,0,0,0,0,0,0
30.643048,0,1,0,0,0,0,0,0,0
30.646244,0,0,0,0,0,1,0,0,0
30.648328,0,0,0,1,0,0,1,0,0
30.667602,1,0,0,0,1,0,0,0,1
30.701162,0,0,1,1,0,1,1,1,0
30.721162,1,1,0,0,1,0,0,0,1
30.746174,0,0,0,0,0,1,0,0,1
30.751448,0,0,1,1,0,0,0,0,0
30.761436,0,0,0,0,0,0,0,1,0
30.782230,0,1,1,0,0,0,1,0,0
30.800474,1,0,0,1,1,1,0,1,1
30.830474,0,1,1,0,0,0,1,0,0
30.849170,1,0,0,1,1,1,1,1,1
30.869170,1,1,0,0,1,0,0,0,0
30.881884,0,0,1,0,0,0,0,0,0
30.900364,0,0,0,1,0,1,0,0,1
30.907063,0,0,0,0,0,0,1,1,0
30.920663,1,0,0,0,0,0,0,0,0
30.932501,0,1,1,0,1,0,0,0,0
30.951881,0,0,0,1,0,1,0,0,0
30.996174,0,0,0,0,0,1,0,0,0
30.997108,0,0,0,0,0,0,1,1,1
31.001934,0,0,0,1,0,0,1,0,0
31.017108,1,1,0,0,1,0,0,0,0
31.020406,1,0,0,0,1,0,0,0,1
31.021991,0,0,0,0,0,0,0,1,0
31.024009,0,0,0,0,0,0,0,1,0
31.031771,0,0,1,0,0,0,0,0,0
31.050627,0,1,1,1,0,1,1,0,1
31.053716,0,1,0,0,0,0,0,0,0
31.065899,1,0,0,0,0,0,0,0,0
31.074912,0,0,0,0,1,0,0,1,0
31.081035,0,0,1,0,0,0,0,0,0
31.100549,0,1,0,1,0,1,0,0,1
31.117776,0,0,0,0,0,0,1,0,0
31.133623,1,0,1,0,1,0,0,0,0
31.146989,0,0,0,0,0,1,0,0,0
31.151129,0,0,0,1,0,0,0,0,0
31.198977,0,0,0,1,0,1,1,1,1
31.201519,0,0,0,0,0,0,0,0,1
31.214106,1,0,0,0,1,0,1,1,0
31.228977,1,1,1,0,1,0,0,0,0
31.231942,0,0,1,0,0,0,0,1,0
31.242897,0,1,0,0,0,0,0,0,0
31.251959,0,1,0,1,0,1,0,0,0
31.296333,0,0,0,0,0,1,0,0,0
31.299517,0,0,0,1,0,0,0,0,1
31.319004,0,0,0,0,0,0,0,0,1
31.323569,0,0,0,0,0,0,1,0,0
31.336357,1,0,1,0,1,0,0,1,0
31.348002,0,0,0,1,0,1,1,0,1
31.348936,0,0,0,0,0,0,1,0,0
31.358301,1,1,1,0,0,0,0,0,0
31.361494,1,0,0,0,1,0,0,1,0
31.387029,0,1,1,0,1,0,0,0,0
31.398344,0,0,0,1,0,1,1,1,1
31.408578,1,0,0,0,1,0,0,1,0
31.428344,0,1,1,0,0,0,0,0,0
31.434975,0,1,0,0,0,0,0,0,0
31.451329,0,0,0,1,0,1,0,0,0
31.496113,0,0,0,0,0,1,0,0,1
31.497061,0,0,0,0,0,0,0,0,1
31.499860,0,0,0,1,0,0,1,0,0
31.506555,0,0,0,0,0,0,1,0,0
31.512260,1,0,0,0,0,0,0,0,0
31.514665,0,0,0,0,1,0,0,0,0
31.519391,1,0,0,0,1,0,0,1,0
31.522989,0,0,0,0,0,0,0,1,0
31.532708,0,0,1,0,0,0,0,0,0
31.534854,0,0,1,0,0,0,0,0,0
31.548321,0,1,0,1,0,1,1,0,1
31.551098,0,1,0,0,0,0,0,0,0
31.563555,1,0,0,0,1,0,0,1,0
31.582041,0,0,1,0,0,0,0,0,0
31.587230,0,1,0,0,0,0,0,0,0
31.598282,0,0,0,1,0,1,1,0,1
31.615446,1,0,0,0,0,0,0,0,0
31.638039,0,0,1,0,1,0,0,0,0
31.646459,0,0,0,0,0,1,0,0,1
31.648426,0,0,0,1,0,0,1,1,0
31.661476,1,0,0,0,0,0,0,0,0
31.677810,0,1,1,0,0,0,0,0,0
31.698699,0,0,0,1,1,1,0,0,1
31.729694,0,0,1,0,0,0,0,0,0
31.744905,0,0,0,0,0,0,1,0,0
31.748583,0,0,0,1,0,1,0,1,0
31.764508,1,0,0,0,1,0,1,0,1
31.774686,1,1,0,0,0,0,0,0,0
31.800567,0,0,1,1,0,1,0,0,1
31.837543,0,0,1,0,1,0,1,1,0
31.850137,1,0,0,1,1,1,1,0,0
31.861197,1,1,0,0,0,0,0,0,1
31.896132,0,0,1,0,0,1,0,1,0
31.898614,0,0,0,1,1,0,1,1,1
31.918555,1,1,0,0,0,0,0,0,0
31.928614,0,1,1,0,0,0,0,1,0
31.948138,0,0,0,1,0,1,1,0,1
31.954719,0,1,0,0,1,0,0,1,0
31.961303,1,0,0,0,0,0,0,0,0
31.974965,0,1,0,0,1,0,0,1,0
31.984246,0,0,1,0,0,0,0,0,0
31.994973,0,1,0,0,0,0,0,0,0
31.996021,0,0,0,0,0,1,0,0,0
32.001771,0,0,0,1,0,0,0,0,0
32.002900,0,0,0,0,0,0,0,0,1
32.022856,0,0,0,0,0,0,1,0,0
32.032872,1,0,0,0,1,0,0,1,0
32.038194,0,0,1,0,0,0,0,0,0
32.051319,0,0,0,1,0,1,1,0,0
32.062523,1,1,0,0,1,0,0,0,1
32.100000,0,0,1,1,0,1,1,1,1
32.110759,1,0,0,0,1,0,0,1,0
32.130000,0,1,1,0,0,0,0,0,0
32.137549,0,1,0,0,0,0,0,0,0
32.146503,0,0,0,0,0,1,0,0,0
32.149598,0,0,0,1,0,0,0,0,1
32.188508,0,0,1,0,0,0,1,0,0
32.199134,1,0,0,1,1,1,1,1,0
32.201173,0,0,0,0,0,0,0,0,1
32.219134,1,1,0,0,0,0,0,0,0
32.233261,0,0,1,0,1,0,0,1,0
32.246511,0,0,0,0,0,1,0,0,1
32.250495,0,0,0,1,0,0,1,0,0
32.263203,1,1,0,0,1,0,0,1,0
32.280157,0,0,1,0,0,0,0,0,0
32.292501,0,1,0,0,0,0,0,0,0
32.296439,0,0,0,0,0,1,0,0,1
32.301875,0,0,0,1,0,0,0,0,0
32.327292,0,0,1,0,0,0,1,0,0
32.346598,1,0,0,0,1,1,0,0,0
32.349336,0,0,0,1,0,0,0,0,1
32.352540,0,0,0,0,0,0,0,1,0
32.374822,0,1,0,0,0,0,0,0,0
32.386889,0,0,1,0,0,0,0,0,0
32.391197,0,0,0,0,0,0,1,0,0
32.401618,1,0,0,1,0,1,0,0,1
32.437705,0,0,1,0,1,0,1,0,0
32.448285,1,0,0,1,0,1,0,0,1
32.464133,0,0,0,0,1,0,1,1,0
32.475399,1,0,0,0,1,0,0,0,0
32.484225,0,1,1,0,0,0,0,1,0
32.496040,0,0,0,0,0,1,0,0,1
32.497020,0,0,0,0,0,0,0,1,0
32.500513,0,0,0,1,0,0,1,0,0
32.507235,0,1,0,0,0,0,0,0,0
32.518712,1,1,0,0,1,0,0,1,0
32.527008,0,0,1,0,0,0,0,0,0
32.546661,0,1,0,0,0,1,0,0,1
32.550133,0,0,0,1,0,0,0,0,0
32.583090,0,0,1,0,0,0,1,0,0
32.593529,1,0,0,0,0,0,0,0,0
32.599411,0,0,0,1,0,1,1,0,0
32.616466,1,0,0,0,1,0,0,1,0
32.626284,0,0,0,0,1,0,0,1,0
32.646101,0,1,0,0,0,1,0,0,0
32.646728,0,1,0,0,0,0,0,0,1
32.649054,0,0,0,1,0,0,0,0,0
32.680197,0,0,1,0,0,0,0,0,1
32.696564,0,0,0,0,0,1,0,0,1
32.698823,0,0,0,1,0,0,1,0,0
32.716235,1,0,1,0,1,0,1,0,0
32.726245,1,0,0,0,0,0,0,0,0
32.726405,0,0,0,0,1,0,0,0,0
32.730741,0,0,1,0,0,0,0,1,0
32.751681,0,1,0,1,0,1,1,0,1
32.755081,0,0,0,0,0,0,0,1,0
32.767255,1,0,0,0,1,0,0,1,0
32.779361,0,1,0,0,0,0,0,0,0
32.784903,0,0,1,0,0,0,0,0,0
32.797003,0,1,0,0,0,1,0,0,0
32.797501,0,0,0,0,0,0,0,0,1
32.798019,0,0,0,1,0,0,0,0,0
32.835828,0,0,1,0,0,0,0,0,0
32.851535,0,0,0,1,0,1,0,0,1
32.888626,0,0,1,0,0,0,1,0,0
32.896583,0,0,0,0,0,1,0,0,0
32.898179,0,0,0,1,0,0,0,0,0
32.906686,1,0,0,0,0,0,1,0,1
32.919571,1,0,0,0,0,0,0,0,0
32.926277,0,0,0,0,1,0,1,0,0
32.936405,1,0,0,0,0,0,0,1,0
32.939523,0,0,1,0,1,0,0,0,0
32.942156,0,0,0,0,1,0,0,1,0
32.949917,0,0,0,1,0,1,0,1,0
32.951460,0,0,0,0,0,0,1,0,0
32.965400,1,1,0,0,1,0,0,1,0
32.969462,0,1,0,0,0,0,0,0,0
32.970024,0,1,0,0,0,0,0,0,1
32.987636,0,1,0,0,0,0,0,0,0
33.001088,0,0,1,1,0,1,0,0,1
33.032059,0,0,1,0,0,0,1,0,0
33.049286,1,0,0,1,1,1,0,1,0
33.077189,0,1,0,0,0,0,1,0,1
33.096746,1,0,0,0,1,1,0,1,1
33.101922,0,0,0,1,0,0,0,0,0
33.110270,0,0,1,0,0,0,0,0,0
33.117959,0,1,0,0,0,0,1,0,0
33.135781,1,0,1,0,1,0,0,1,0
33.150703,0,0,0,1,0,1,1,0,1
33.161621,1,1,0,0,1,0,0,0,0
33.174624,0,0,0,0,0,0,0,1,0
33.190678,0,0,1,0,0,0,0,0,0
33.201100,0,1,0,1,0,1,1,0,1
33.211360,1,0,0,0,1,0,0,1,0
33.240136,0,1,1,0,0,0,0,0,0
33.248082,0,0,0,1,0,1,1,0,0
33.266141,1,0,0,0,1,0,0,1,1
33.296065,0,1,0,0,0,1,0,0,1
33.301567,0,0,1,1,0,0,1,0,0
33.314978,1,0,0,0,1,0,0,1,0
33.333687,0,0,1,0,0,0,0,0,0
33.339171,0,1,0,0,0,0,0,0,0
33.349545,0,0,0,1,0,1,1,0,0
33.365960,1,0,0,0,1,0,0,0,0
33.396239,0,0,0,0,0,1,0,0,0
33.399267,0,0,0,1,0,0,1,0,0
33.415933,1,0,0,0,1,0,0,1,1
33.425399,0,0,0,0,0,0,0,1,1
33.437213,0,1,0,0,0,0,0,0,0
33.451952,0,1,1,1,0,1,0,0,1
33.460831,0,0,1,0,0,0,1,0,0
33.479785,1,0,0,0,0,0,0,0,0
33.483626,0,0,1,0,1,0,0,0,0
33.496601,0,0,0,0,0,1,0,1,1
33.500465,0,0,0,1,0,0,0,0,0
33.526601,0,1,1,0,0,0,1,0,0
33.546243,1,0,0,0,1,1,0,1,0
33.551633,0,0,0,1,0,0,0,0,1
33.558278,0,0,0,0,0,0,1,0,0
33.568628,1,1,0,0,1,0,0,1,0
33.584004,0,0,1,0,0,0,0,0,0
33.598012,0,1,0,1,0,1,0,0,1
33.629062,0,0,1,0,0,0,0,0,0
33.646684,0,0,0,0,0,1,0,0,0
33.647422,0,0,0,0,0,0,0,0,1
33.648182,0,0,0,1,0,0,1,0,0
33.661304,1,0,0,0,1,0,1,1,0
33.679357,1,0,1,0,0,0,0,0,0
33.683190,0,1,0,0,1,0,0,1,0
33.699879,0,0,0,1,0,1,1,0,0
33.713119,1,1,0,0,0,0,0,0,0
33.737913,0,0,0,0,1,0,0,1,0
33.746287,0,0,0,0,0,1,0,0,1
33.749965,0,0,0,1,0,0,0,0,0
33.758107,0,1,0,0,0,0,0,0,1
33.771769,0,0,0,0,0,0,1,0,0
33.783570,1,0,1,0,1,0,0,1,0
33.796756,0,0,1,0,0,1,0,0,1
33.798160,0,0,0,1,0,0,0,0,0
33.800503,0,0,0,0,0,0,1,0,0
33.811388,1,1,0,0,1,0,0,0,0
33.833954,0,0,1,0,0,0,0,0,0
33.846577,0,0,0,0,0,1,0,0,0
33.851319,0,0,0,1,0,0,1,0,0
33.868291,1,0,0,0,0,0,0,0,0
33.876867,0,0,0,0,1,0,0,0,1
33.898273,0,0,0,1,0,1,0,1,0
33.910286,0,0,1,0,0,0,1,0,0
33.922149,1,1,0,0,1,0,0,1,1
33.949811,0,1,0,1,0,1,0,0,0
33.951110,0,0,0,0,0,0,0,1,1
33.951193,0,0,0,0,0,0,1,0,0
33.958737,0,0,1,0,0,0,0,0,0
33.967159,1,0,0,0,1,0,0,0,0
33.975290,0,1,0,0,0,0,0,1,0
33.989376,0,0,1,0,0,0,0,0,0
34.001744,0,1,0,1,0,1,0,0,0
34.051860,0,0,0,1,0,1,1,0,0
34.065453,1,0,0,0,1,0,0,0,1
34.099024,0,0,1,1,0,1,1,1,0
34.103819,0,0,0,0,0,0,1,0,0
34.119024,1,1,0,0,1,0,0,1,0
34.120235,1,0,0,0,1,0,0,0,1
34.146706,0,1,0,0,0,1,0,0,0
34.148899,0,0,0,1,0,0,1,1,0
34.159966,1,0,1,0,0,0,0,0,1
34.169287,0,1,0,0,0,0,0,0,0
34.198209,0,0,1,1,1,1,1,0,0
34.214423,1,0,0,0,1,0,0,0,0
34.250341,0,0,0,1,0,1,1,0,0
34.268410,1,0,0,0,0,0,0,1,0
34.298341,0,1,0,1,0,1,0,1,0
34.301407,0,0,0,0,1,0,0,0,1
34.306545,0,0,0,0,0,0,0,1,1
34.318950,0,1,0,0,0,0,1,0,0
34.330002,1,1,0,0,1,0,0,0,1
34.338907,0,0,1,0,0,0,0,0,1
34.346214,0,0,1,0,0,1,0,0,1
34.350165,0,0,0,1,0,0,1,0,0
34.367945,1,0,1,0,1,0,0,0,0
34.368426,0,0,0,0,0,0,0,1,0
34.374270,0,0,1,0,0,0,0,0,0
34.384369,0,0,1,0,0,0,0,0,0
34.396721,0,1,0,0,0,1,0,0,1
34.400554,0,0,0,1,0,0,0,0,0
34.423029,0,0,0,0,0,0,0,1,0
34.428134,0,0,1,0,0,0,0,0,0
34.451273,0,1,0,1,0,1,1,0,0
34.468735,1,0,0,0,1,0,0,1,0
34.498401,0,1,0,1,0,1,1,0,0
34.516527,1,0,0,0,0,0,0,0,1
34.546757,0,0,1,0,1,1,0,1,0
34.548452,0,0,0,1,0,0,1,0,1
34.568245,1,1,0,0,0,0,1,0,1
34.580200,1,0,1,0,0,0,0,0,0
34.598096,0,0,0,1,0,1,0,0,0
34.598170,0,0,0,0,1,0,0,0,1
34.598245,0,0,1,0,0,0,0,0,0
34.635530,0,0,1,0,1,0,0,0,0
34.646177,0,0,0,0,0,1,0,1,1
34.647004,0,0,0,0,0,0,1,0,0
34.650731,0,0,0,1,0,0,1,1,0
34.657173,1,0,0,0,1,0,0,0,0
34.666488,1,1,0,0,0,0,0,0,0
34.669539,0,0,0,0,0,0,0,1,0
34.671925,0,1,0,0,0,0,0,0,0
34.673262,0,0,0,0,1,0,0,0,0
34.680797,0,0,1,0,0,0,0,1,0
34.698205,0,1,0,1,0,1,1,0,1
34.710694,1,1,0,0,0,0,0,0,0
34.730858,0,0,1,0,0,0,0,0,0
34.751835,0,0,0,1,0,1,0,0,1
34.790764,0,0,1,0,1,0,0,1,0
34.796852,0,0,0,0,0,1,1,0,1
34.798641,0,0,0,1,0,0,0,0,0
34.813554,1,1,0,0,0,0,0,0,0
34.818290,0,0,0,0,0,0,1,0,0
34.829636,1,0,1,0,1,0,0,1,0
34.848328,0,0,0,1,0,1,1,0,0
34.855096,0,1,0,0,1,0,0,0,0
34.865008,1,0,0,0,0,0,0,1,1
34.895008,0,1,1,0,1,0,0,1,0
34.898020,0,0,0,1,0,1,1,0,1
34.917456,1,1,0,0,1,0,0,1,0
34.934851,0,0,1,0,0,0,0,0,0
34.946188,0,1,0,0,0,1,0,0,0
34.948015,0,0,0,1,0,0,1,0,0
34.965015,1,0,0,0,1,0,0,1,1
34.989818,0,1,0,0,0,0,0,0,0
34.999467,0,0,1,1,0,1,1,0,0
35.010482,1,0,0,0,1,0,0,1,1
35.039385,0,1,0,0,0,0,0,0,0
35.043969,0,0,1,0,0,0,0,0,0
35.050193,0,0,0,1,0,1,0,0,1
35.055904,0,0,0,0,0,0,1,0,0
35.066004,1,0,0,0,1,0,0,0,0
35.075144,0,0,0,0,0,0,0,1,0
35.088085,0,0,1,0,0,0,0,0,0
35.101097,0,1,0,1,0,1,0,0,0
35.146339,0,0,0,0,0,1,1,0,1
35.147211,0,0,0,0,0,0,0,0,1
35.149367,0,0,0,1,0,0,0,0,0
35.159203,1,0,0,0,0,0,0,0,0
35.165248,0,0,0,0,1,0,1,0,0
35.175294,1,0,0,0,0,0,0,1,0
35.175955,0,0,0,0,1,0,0,0,0
35.176147,0,0,0,0,0,0,0,1,0
35.183839,0,0,1,0,0,0,0,0,0
35.186890,0,0,1,0,0,0,0,0,0
35.201697,0,1,0,1,0,1,1,0,0
35.203538,0,1,0,0,0,0,0,0,1
35.216860,1,0,0,0,1,0,0,1,0
35.243096,0,1,1,0,0,0,0,0,0
35.248919,0,0,0,1,0,1,1,0,1
35.263464,1,0,0,0,1,0,0,1,0
35.281668,0,0,1,0,0,0,0,0,0
35.284448,0,1,0,0,0,0,0,0,0
35.298178,0,0,0,1,0,1,1,0,1
35.311405,1,0,0,0,1,0,0,0,0
35.337056,0,0,1,0,0,0,0,0,0
35.348205,0,0,0,1,0,1,0,0,0
35.368032,0,0,0,0,0,0,1,0,0
35.370613,0,0,0,0,0,0,0,0,1
35.387196,1,0,0,0,0,0,0,1,0
35.400915,0,0,1,1,1,1,0,1,1
35.402275,0,0,0,0,0,0,1,0,0
35.415573,1,1,0,0,1,0,0,1,0
35.430915,0,1,1,0,0,0,0,0,0
35.437696,0,1,0,0,0,0,0,0,0
35.449997,0,0,0,1,0,1,0,0,1
35.481349,0,0,1,0,0,0,1,0,0
35.499354,1,0,0,1,1,1,0,1,0
35.514656,0,0,0,0,0,0,1,0,0
35.521045,0,1,0,0,0,0,0,0,1
35.531696,1,0,0,0,0,0,0,0,0
35.551058,0,0,1,1,0,1,0,0,1
35.590790,0,0,1,0,0,0,1,0,0
35.599771,0,0,0,1,1,1,1,1,0
35.608002,1,0,0,0,1,0,0,0,1
35.619771,1,1,0,0,0,0,0,0,0
35.648000,0,0,1,1,1,1,1,0,1
35.660297,1,0,0,0,0,0,0,0,0
35.685033,0,0,1,0,0,0,0,1,0
35.699313,0,0,0,1,1,1,1,0,0
35.707021,0,1,0,0,0,0,0,1,0
35.717646,1,0,0,0,1,0,0,1,0
35.725963,0,0,0,0,0,0,0,0,1
35.734458,0,1,0,0,0,0,0,0,0
35.747550,0,1,0,0,0,1,0,1,0
35.748296,0,0,0,1,0,0,1,0,1
35.758965,1,0,1,0,0,0,0,0,0
35.763292,0,0,0,0,1,0,0,1,0
35.775285,0,1,0,0,0,0,0,0,0
35.786452,0,1,1,0,0,0,0,0,0
35.799389,0,0,0,1,0,1,1,0,0
35.807777,0,0,0,0,0,0,0,0,1
35.816868,1,0,0,0,1,0,0,0,0
35.847003,0,0,1,0,0,1,0,1,1
35.851264,0,0,0,1,0,0,0,0,0
35.877003,0,1,1,0,0,0,0,0,0
35.901086,0,0,0,1,0,1,0,0,1
35.935064,0,0,1,0,0,0,1,0,0
35.949301,1,0,0,1,1,1,1,1,1
35.969301,1,1,0,0,0,0,0,0,0
35.988537,0,0,1,0,1,0,1,1,0
35.998101,0,0,0,1,0,1,1,0,1
35.999724,1,0,0,0,1,0,0,0,0
36.008226,1,0,0,0,1,0,0,1,0
36.008381,0,0,0,0,0,0,0,1,0
36.011037,0,1,0,0,0,0,0,0,0
36.028154,0,0,1,0,0,0,0,0,0
36.029941,0,1,0,0,0,0,0,0,0
36.037122,0,1,0,0,0,0,0,0,0
36.049024,0,0,0,1,0,1,0,0,1
36.082271,0,0,1,0,0,0,1,0,0
36.094972,1,0,0,0,1,0,0,0,0
36.099145,0,0,0,1,0,1,1,0,0
36.106645,0,0,0,0,0,0,0,1,0
36.112418,1,0,0,0,1,0,0,1,1
36.129783,0,1,0,0,0,0,0,0,0
36.142418,0,1,1,0,0,0,0,0,0
36.151249,0,0,0,1,0,1,1,0,1
36.169636,1,0,0,0,0,0,0,0,0
36.177968,0,0,0,0,1,0,0,0,0
36.179517,0,0,0,0,0,0,0,1,0
36.185433,0,0,1,0,0,0,0,0,0
36.196834,0,0,0,0,0,1,0,0,0
36.198437,0,0,0,1,0,0,0,0,1
36.206083,0,1,0,0,0,0,1,0,0
36.224621,1,0,0,0,1,0,0,1,0
36.237770,0,0,1,0,0,0,0,0,0
36.251898,0,1,0,1,0,1,0,0,1
36.262231,0,0,0,0,0,0,1,0,0
36.281929,1,0,1,0,1,0,0,1,0
36.296451,0,0,0,0,0,1,0,0,0
36.298443,0,0,0,1,0,0,1,0,0
36.310730,1,1,0,0,0,0,0,0,0
36.316417,0,0,0,0,1,0,0,0,0
36.349467,0,0,0,1,0,1,1,1,1
36.360067,1,0,0,0,1,0,0,0,1
36.363111,0,0,0,0,0,0,0,1,0
36.373517,0,1,0,0,0,0,0,0,0
36.380947,0,0,1,0,0,0,0,0,0
36.388602,0,1,0,0,0,0,0,0,0
36.398822,0,0,1,1,0,1,1,0,0
36.415025,1,0,0,0,1,0,0,1,0
36.441612,0,1,0,0,0,0,0,0,1
36.449974,0,0,0,1,0,1,0,0,0
36.476112,0,0,1,0,0,0,1,0,1
36.496004,1,0,0,0,1,1,0,0,0
36.498253,0,0,0,1,0,0,1,0,0
36.514981,1,0,1,0,1,0,0,0,0
36.549120,0,0,0,1,0,1,0,0,0
36.596518,0,0,0,0,0,1,1,0,0
36.599304,0,0,0,1,0,0,1,1,1
36.607360,1,0,0,0,0,0,0,1,1
36.612919,1,0,0,0,0,0,0,0,1
36.621408,0,1,0,0,1,0,0,0,0
36.637013,0,1,1,0,0,0,0,1,0
36.647348,0,0,1,0,1,1,0,1,0
36.648378,0,0,1,1,0,0,1,0,0
36.657359,0,1,0,0,0,0,0,0,1
36.662563,1,0,0,0,1,0,0,1,0
36.668348,0,1,0,0,0,0,0,0,0
36.690874,0,1,1,0,0,0,0,0,0
36.699512,0,0,0,1,0,1,1,0,1
36.717805,1,0,0,0,1,0,0,1,0
36.738866,0,1,1,0,0,0,0,0,0
36.749268,0,0,0,1,0,1,1,0,0
36.757312,0,0,0,0,0,0,0,0,1
36.762857,1,0,0,0,1,0,0,1,0
36.790175,0,1,1,0,0,0,0,0,0
36.796090,0,0,0,0,0,1,0,0,0
36.797049,0,0,0,0,0,0,0,0,1
36.799151,0,0,0,1,0,0,1,0,0
36.814188,1,0,0,0,0,0,0,0,0
36.827674,0,0,1,0,1,0,0,0,0
36.849153,0,0,0,1,0,1,0,1,1
36.874302,0,1,0,0,0,0,0,0,0
36.875746,0,0,0,0,0,0,1,0,0
36.887671,1,0,1,0,1,0,0,0,0
36.898337,0,0,0,1,0,1,1,0,1
36.910270,1,0,0,0,0,0,0,1,0
36.929072,0,0,1,0,1,0,0,0,0
36.932318,0,1,0,0,0,0,0,1,0
36.951111,0,0,0,1,0,1,1,0,0
36.955677,0,1,0,0,0,0,0,0,1
36.963962,1,0,0,0,1,0,0,1,0
36.989275,0,1,1,0,0,0,0,0,0
37.000015,0,0,0,1,0,1,1,0,0
37.006998,0,0,0,0,0,0,0,0,1
37.019294,1,0,0,0,1,0,0,0,0
37.027386,0,0,0,0,0,0,0,1,0
37.046402,0,0,1,0,0,1,0,0,1
37.051255,0,1,0,1,0,0,0,0,0
37.057933,0,0,0,0,0,0,1,0,0
37.069407,1,0,0,0,1,0,0,1,0
37.081821,0,0,1,0,0,0,0,0,0
37.096468,0,1,0,0,0,1,0,0,0
37.100043,0,0,0,1,0,0,1,0,0
37.117695,1,0,0,0,0,0,0,0,1
37.149784,0,0,1,1,0,1,0,0,0
37.196605,0,0,0,0,0,1,0,0,0
37.197248,0,0,0,0,1,0,1,1,1
37.197624,0,0,0,0,0,0,0,0,1
37.198009,0,0,0,1,0,0,0,0,0
37.217248,1,1,0,0,0,0,1,0,0
37.227410,1,0,1,0,1,0,0,1,0
37.235548,0,0,1,0,0,0,0,0,0
37.251185,0,1,0,1,1,1,0,1,0
37.256545,0,0,0,0,0,0,1,0,1
37.266783,1,0,0,0,1,0,0,1,0
37.276708,0,1,0,0,0,0,0,0,0
37.293324,0,1,1,0,0,0,0,0,0
37.301893,0,0,0,1,0,1,0,0,0
37.346959,0,0,0,0,0,1,0,0,1
37.350207,0,0,0,1,0,0,0,0,0
37.378657,0,0,1,0,0,0,1,0,0
37.384525,0,0,0,0,0,0,1,0,1
37.398584,1,0,0,1,1,1,0,0,0
37.403529,1,0,0,0,1,0,1,0,1
37.421808,1,0,1,0,0,0,0,0,0
37.441335,0,0,1,0,1,0,0,0,0
37.446189,0,0,0,0,0,1,0,0,1
37.448000,0,0,0,1,0,0,0,0,0
37.472750,0,0,0,0,0,0,0,1,0
37.484000,0,0,1,0,0,0,0,0,0
37.499598,0,1,0,1,0,1,0,0,1
37.539380,0,0,1,0,0,0,1,1,0
37.549592,1,0,0,1,1,1,0,0,1
37.563854,0,1,0,0,0,0,1,0,0
37.579920,1,0,1,0,0,0,1,1,0
37.586578,0,0,0,0,1,0,0,1,0
37.599920,1,1,0,1,1,1,1,0,1
37.612820,1,1,0,0,1,0,0,0,0
37.632100,0,0,1,0,0,0,0,1,0
37.650113,0,0,0,1,0,1,0,1,1
37.651105,0,0,0,0,0,0,1,0,0
37.661105,1,1,0,0,1,0,0,0,0
37.680113,0,1,1,0,0,0,0,1,0
37.696439,0,0,0,0,0,1,0,0,1
37.701544,0,1,0,1,0,0,1,1,0
37.721544,1,1,0,0,0,0,0,0,0
37.725168,0,0,0,0,1,0,0,1,0
37.733939,0,0,1,0,0,0,0,0,0
37.745204,0,1,0,0,0,0,0,0,0
37.746133,0,0,0,0,0,1,0,0,0
37.751423,0,0,0,1,0,0,0,0,1
37.781847,0,0,1,0,0,0,1,0,0
37.800134,1,0,0,1,1,1,0,0,1
37.839655,0,0,1,0,0,0,1,0,0
37.846313,0,0,0,0,0,1,0,1,0
37.848088,0,0,0,1,0,0,1,0,0
37.856817,1,0,0,0,1,0,0,0,1
37.862038,1,0,0,0,0,0,0,1,0
37.871210,0,1,0,0,0,0,0,0,0
37.888016,0,1,1,0,1,0,0,1,0
37.901325,0,0,0,1,0,1,0,0,1
37.909411,0,1,0,0,0,0,0,0,0
37.932793,0,0,1,0,0,0,0,0,0
37.950555,0,0,0,1,0,1,0,0,1
37.971393,0,0,0,0,0,0,1,0,0
37.984346,1,0,1,0,1,0,1,1,0
37.996160,1,0,0,0,1,1,0,0,0
37.997068,0,0,0,0,0,0,0,1,1
38.001025,0,0,0,1,0,0,1,0,0
38.009400,0,1,0,0,0,0,0,0,0
38.020347,1,1,0,0,1,0,0,0,0
38.024866,0,0,0,0,0,0,0,1,0
38.033885,0,0,1,0,0,0,0,0,0
38.050948,0,1,0,1,0,1,1,0,0
38.064819,1,0,0,0,1,0,0,1,1
38.094819,0,1,1,0,0,0,0,0,0
38.098400,0,0,0,1,0,1,1,0,0
38.112251,1,0,0,0,1,0,0,1,0
38.123838,0,0,0,0,0,0,0,0,1
38.136012,0,1,0,0,0,0,0,0,0
38.146637,0,0,0,0,0,1,0,0,1
38.150346,0,0,0,1,0,0,0,0,0
38.160717,0,0,1,0,0,0,0,0,0
38.182573,0,0,1,0,0,0,1,0,0
38.201671,1,0,0,1,0,1,0,0,0
38.226596,0,0,0,0,1,0,1,0,1
38.246065,1,0,0,0,1,1,0,0,1
38.250049,0,0,0,1,0,0,0,0,0
38.254444,0,0,0,0,0,0,1,1,0
38.255533,0,0,0,0,0,0,0,1,0
38.266216,1,0,1,0,0,0,0,0,0
38.283258,0,1,1,0,1,0,0,0,0
38.285342,0,1,0,0,0,0,0,0,0
38.296000,0,0,0,0,0,1,0,1,1
38.301431,0,0,0,1,0,0,0,0,0
38.324354,0,1,0,0,0,0,1,0,0
38.329954,0,0,1,0,0,0,0,0,0
38.343558,1,0,0,0,0,0,0,0,0
38.346769,0,0,0,0,1,1,0,0,0
38.351899,0,0,0,1,0,0,1,1,1
38.371899,1,1,0,0,1,0,0,0,0
38.382937,0,0,1,0,0,0,0,1,0
38.400477,0,0,0,1,0,1,0,0,1
38.409921,0,1,0,0,0,0,1,0,0
38.423349,1,0,0,0,0,0,0,0,0
38.428224,0,0,0,0,1,0,0,1,0
38.437895,0,0,1,0,0,0,0,0,0
38.446917,0,0,0,0,0,1,0,0,1
38.448096,0,0,0,1,0,0,1,0,0
38.449023,0,1,0,0,0,0,0,0,0
38.460298,1,0,0,0,1,0,0,0,0
38.483597,0,0,1,0,0,0,0,1,0
38.501403,0,0,0,1,0,1,1,0,1
38.512179,1,1,0,0,1,0,0,0,0
38.538100,0,0,1,0,0,0,0,1,0
38.548939,0,0,0,1,0,1,1,0,0
38.552607,0,0,0,0,0,0,0,0,1
38.562598,1,1,0,0,0,0,0,0,0
38.584020,0,0,1,0,1,0,0,1,0
38.598063,0,0,0,1,0,1,0,0,1
38.610503,0,1,0,0,0,0,1,0,0
38.628605,1,0,1,0,1,0,0,1,0
38.649090,0,1,0,1,0,1,0,0,0
38.698371,0,0,0,1,0,1,1,0,0
38.717328,1,0,0,0,1,0,1,0,0
38.733275,1,0,0,0,1,0,0,1,0
38.751921,0,0,0,1,0,1,1,1,1
38.762643,1,1,0,0,0,0,0,0,0
38.781921,0,1,1,0,1,0,0,0,0
38.799677,0,0,0,1,0,1,1,0,1
38.811899,1,0,0,0,0,0,0,1,0
38.830394,0,0,1,0,1,0,0,1,1
38.831366,0,0,0,0,0,0,0,0,1
38.841343,0,1,0,0,0,0,0,0,0
38.851693,0,1,0,1,0,1,1,0,0
38.862322,1,0,1,0,1,0,0,1,1
38.865185,0,0,1,0,0,0,0,0,0
38.889947,0,1,0,0,0,0,0,0,0
38.898050,0,0,1,1,0,1,1,0,0
38.912560,1,0,0,0,1,0,0,1,0
38.936802,0,1,0,0,0,0,0,0,0
38.943595,0,0,0,0,0,0,0,0,1
38.946862,0,0,0,0,0,1,0,0,0
38.947529,0,0,0,0,0,0,0,0,1
38.950596,0,0,0,1,0,0,0,0,0
38.979630,0,0,1,0,0,0,1,0,0
38.981932,0,0,1,0,0,0,0,0,0
38.996351,1,0,0,0,1,1,0,0,0
38.999644,0,0,0,1,0,0,1,1,1
39.018019,1,0,0,0,0,0,0,0,0
39.020805,0,1,0,0,1,0,0,0,0
39.037568,0,0,1,0,0,0,0,1,0
39.051050,0,0,0,1,0,1,1,0,0
39.067556,1,1,0,0,1,0,0,0,0
39.096823,0,0,0,0,0,1,0,0,1
39.098021,0,0,0,1,0,0,1,0,1
39.108300,1,0,0,0,1,0,0,1,0
39.126852,0,0,1,0,0,0,0,1,0
39.137495,0,1,1,0,0,0,0,0,0
39.146045,0,0,0,0,0,1,0,0,1
39.150126,0,1,0,1,0,0,0,0,0
39.177001,0,0,1,0,0,0,0,0,0
39.199534,0,0,0,1,0,1,0,0,1
39.222934,0,0,0,0,0,0,1,0,0
39.237018,1,0,1,0,1,0,0,1,0
39.246440,0,0,0,0,0,1,1,0,1
39.250106,0,0,0,1,0,0,1,0,0
39.260642,1,1,0,0,1,0,0,0,0
39.262513,1,0,0,0,1,0,0,1,0
39.286066,0,1,1,0,0,0,0,0,0
39.296689,0,0,0,0,0,1,0,1,0
39.300948,0,0,0,1,0,0,1,0,0
39.319589,1,1,0,0,1,0,0,1,1
39.346468,0,1,0,0,0,1,0,0,1
39.351738,0,0,1,1,0,0,1,0,0
39.364791,1,0,0,0,1,0,0,0,0
39.377631,0,0,1,0,0,0,0,1,0
39.399674,0,1,0,1,0,1,1,0,0
39.415140,1,0,0,0,1,0,0,1,1
39.439277,0,1,0,0,0,0,0,0,0
39.449316,0,0,1,1,0,1,1,0,0
39.461782,1,0,0,0,0,0,0,0,0
39.498370,0,0,0,1,1,1,0,0,0
39.546821,0,0,0,0,0,1,1,0,1
39.550177,0,0,0,1,0,0,1,0,0
39.558600,1,0,0,0,0,0,0,0,0
39.568992,1,0,0,0,0,0,0,0,0
39.570001,0,0,0,0,1,0,0,1,0
39.574540,0,0,0,0,0,0,0,1,0
39.575701,0,0,0,0,1,0,0,0,1
39.582834,0,0,1,0,0,0,0,0,0
39.584663,0,0,0,0,0,0,0,1,1
39.598104,0,1,0,1,0,1,1,0,1
39.599405,0,1,0,0,0,0,0,0,0
39.613858,1,1,1,0,1,0,0,1,0
39.618583,0,0,1,0,0,0,0,0,0
39.628130,0,0,1,0,0,0,0,0,0
39.638179,0,1,0,0,0,0,0,0,0
39.651623,0,0,0,1,0,1,1,0,1
39.666469,1,0,0,0,1,0,0,1,0
39.685416,0,0,1,0,0,0,0,0,0
39.688115,0,1,0,0,0,0,0,0,0
39.696790,0,0,0,0,0,1,0,0,0
39.701056,0,0,0,1,0,0,0,0,1
39.733531,0,0,1,0,0,0,0,0,0
39.746794,0,0,0,0,0,1,0,0,1
39.749928,0,0,0,1,0,0,1,0,0
39.761289,1,0,0,0,1,0,0,0,0
39.778136,0,0,1,0,0,0,1,1,0
39.798067,1,0,0,1,0,1,0,0,0
39.807461,0,1,0,0,1,0,0,1,1
39.837461,0,1,1,0,0,0,0,0,0
39.849367,0,0,0,1,0,1,0,0,1
39.864979,0,0,0,0,0,0,1,0,0
39.880655,1,0,1,0,1,0,0,0,0
39.899560,0,0,0,1,0,1,1,1,1
39.919560,1,1,0,0,1,0,0,1,0
39.926953,0,0,0,0,0,0,1,0,0
39.934355,0,0,1,0,0,0,0,0,0
39.946287,1,1,0,0,0,1,0,0,1
39.950188,0,0,0,1,1,0,1,0,0
39.966366,1,0,0,0,0,0,0,0,0
39.982542,0,0,1,0,1,0,0,1,0
39.996612,0,0,0,0,0,1,0,0,1
39.999068,0,0,0,1,0,0,0,1,0
40.010571,0,1,0,0,0,0,1,0,0
40.027322,1,1,1,0,0,0,0,0,0
40.046549,0,0,0,0,1,1,0,0,0
40.047102,0,0,0,0,0,0,0,0,1
40.051951,0,0,0,1,0,0,1,1,0
40.069279,1,0,0,0,0,0,0,0,0
40.070613,0,0,0,0,1,0,0,0,0
40.075188,0,1,0,0,0,0,0,1,0
40.083667,0,0,1,0,0,0,0,0,0
40.095471,0,1,0,0,0,0,0,0,0
40.096864,0,0,0,0,0,1,0,0,0
40.101871,0,0,0,1,0,0,0,0,1
40.136871,0,0,1,0,0,0,1,0,0
40.146956,1,0,0,0,1,1,0,0,1
40.148663,0,0,0,1,0,0,0,0,0
40.155763,0,0,0,0,0,0,0,1,0
40.175903,0,1,0,0,0,0,1,0,0
40.186016,1,0,1,0,1,0,0,0,0
40.196578,0,0,0,0,0,1,0,1,0
40.198444,0,0,0,1,0,0,0,0,1
40.217501,0,1,0,0,0,0,0,0,0
40.235749,0,0,1,0,0,0,0,0,0
40.246629,0,0,0,0,0,1,0,0,0
40.249670,0,0,0,1,0,0,0,0,1
40.281090,0,0,1,0,0,0,0,0,0
40.296633,0,0,0,0,0,1,1,0,0
40.298118,0,0,0,1,0,0,1,0,1
40.307585,1,0,0,0,1,0,1,0,0
40.307852,0,0,0,0,0,0,0,1,0
40.311915,1,0,0,0,1,0,0,1,0
40.319364,1,0,0,0,1,0,0,1,0
40.327956,0,1,0,0,0,0,0,0,0
40.337586,0,1,1,0,0,0,0,0,0
40.342585,0,1,0,0,0,0,0,0,0
40.348434,0,0,0,1,0,1,1,0,1
40.366648,1,0,0,0,0,0,0,0,0
40.388091,0,0,1,0,0,0,0,0,0
40.401392,0,0,0,1,1,1,0,0,0
40.449522,0,0,0,1,0,1,1,1,1
40.457975,0,0,0,0,0,0,1,0,0
40.469522,1,1,0,0,1,0,0,0,1
40.474906,1,0,0,0,0,0,0,0,0
40.486685,0,0,1,0,0,0,0,0,0
40.498088,0,0,0,1,1,1,1,0,1
40.502716,0,0,1,0,0,0,0,0,0
40.508999,1,0,0,0,0,0,0,1,0
40.525163,0,0,0,0,0,0,0,1,0
40.528225,0,0,1,0,1,0,0,0,0
40.528612,0,0,0,0,0,0,0,1,0
40.536463,0,1,0,0,0,0,0,0,0
40.551416,0,1,0,1,0,1,1,0,0
40.553933,0,1,0,0,0,0,0,0,1
40.563880,1,0,0,0,0,0,0,0,0
40.593066,0,0,1,0,1,0,0,1,0
40.601025,0,0,0,1,0,1,1,0,0
40.615173,1,1,0,0,0,0,0,0,1
40.645211,0,0,1,0,1,0,0,1,0
40.649746,0,0,0,1,0,1,1,0,1
40.660681,1,0,0,0,1,0,0,1,0
40.671609,0,1,0,0,0,0,0,0,0
40.689105,0,1,1,0,0,0,0,0,0
40.700320,0,0,0,1,0,1,1,0,1
40.715479,1,0,0,0,0,0,0,0,0
40.734868,0,0,1,0,0,0,0,0,0
40.748904,0,0,0,1,1,1,0,1,0
40.770044,0,1,0,0,0,0,0,0,0
40.798531,0,0,0,1,0,1,0,0,1
40.831283,0,0,1,0,0,0,0,0,1
40.842237,0,0,0,0,0,0,1,0,0
40.846354,0,0,0,0,0,1,0,0,1
40.847302,0,0,0,0,0,0,1,0,0
40.849379,0,0,0,1,0,0,0,0,0
40.859494,1,0,0,0,1,0,0,0,0
40.866908,1,0,1,0,0,0,0,0,0
40.885513,0,0,1,0,1,0,0,1,0
40.888458,0,0,0,0,0,0,0,1,0
40.900192,0,0,0,1,0,1,0,0,0
40.902198,0,0,0,0,0,0,1,0,0
40.913190,1,1,0,0,1,0,1,0,0
40.917499,0,1,0,0,0,0,0,0,0
40.921338,0,0,0,0,0,0,0,1,1
40.931407,1,0,0,0,1,0,0,0,0
40.951338,0,1,1,1,0,1,1,1,1
40.971338,1,1,0,0,0,0,0,0,0
40.982148,0,0,1,0,1,0,0,0,0
40.996474,0,0,0,0,0,1,0,0,1
40.997309,0,0,0,0,0,0,0,1,0
41.001876,0,0,0,1,0,0,1,0,0
41.018978,1,1,0,0,1,0,0,1,0
41.032851,0,0,1,0,0,0,0,0,0
41.048633,0,1,0,1,0,1,1,0,0
41.068550,1,0,0,0,0,0,0,0,0
41.096238,0,0,0,0,1,1,0,1,1
41.100520,0,0,0,1,0,0,0,0,0
41.126238,0,1,1,0,0,0,0,0,0
41.146508,0,0,0,0,0,1,0,0,1
41.147159,0,0,0,0,0,0,1,0,1
41.151154,0,0,0,1,0,0,0,0,0
41.164310,1,0,0,0,1,0,1,1,0
41.174467,1,0,0,0,1,0,0,0,0
41.186044,0,1,1,0,0,0,0,1,0
41.187127,0,0,1,0,0,0,0,0,0
41.199322,0,0,0,1,0,1,0,0,1
41.212401,0,1,0,0,0,0,0,0,0
41.230091,0,0,1,0,0,0,1,0,0
41.246729,1,0,0,0,1,1,0,1,0
41.248896,0,0,0,1,0,0,0,0,1
41.268294,0,1,0,0,0,0,1,0,0
41.278299,1,0,0,0,0,0,0,0,0
41.280482,0,0,1,0,1,0,0,0,0
41.299979,0,0,0,1,0,1,1,1,1
41.315813,1,0,0,0,0,0,0,0,0
41.317404,0,0,0,0,1,0,0,1,0
41.320154,0,1,0,0,0,0,0,0,0
41.330504,0,0,1,0,0,0,0,0,0
41.347006,0,1,0,0,0,1,0,0,1
41.348814,0,0,0,1,0,0,0,0,0
41.379244,0,0,1,0,0,0,0,0,0
41.396351,0,0,0,0,0,1,1,0,1
41.401240,0,0,0,1,0,0,0,0,0
41.408551,1,0,0,0,1,0,0,0,0
41.430425,0,0,1,0,0,0,1,0,0
41.448447,1,0,0,1,0,1,1,1,1
41.468447,1,1,0,0,1,0,0,0,0
41.486876,0,0,1,0,1,0,0,0,0
41.496228,0,0,0,0,0,1,0,0,0
41.498394,0,0,0,1,0,0,1,0,1
41.512915,1,0,0,0,1,0,0,0,0
41.537855,0,0,1,0,0,0,0,0,0
41.548183,0,0,0,1,0,1,0,0,1
41.583212,0,0,1,0,0,0,0,1,0
41.596788,0,0,0,0,0,1,0,1,1
41.598473,0,0,0,1,0,0,0,1,0
41.599783,0,0,0,0,0,0,1,0,0
41.606561,0,1,0,0,0,0,1,0,0
41.619703,1,1,0,0,1,0,0,1,0
41.625040,1,1,0,0,1,0,0,1,0
41.632794,0,0,1,0,0,0,0,0,0
41.643040,0,1,0,0,0,0,0,0,0
41.651103,0,1,0,1,0,1,1,0,0
41.668246,1,0,0,0,1,0,0,1,1
41.698246,0,1,1,1,0,1,1,0,1
41.710512,1,0,0,0,0,0,0,0,0
41.720434,0,0,0,0,1,0,0,0,0
41.736818,0,0,1,0,0,0,0,1,0
41.750189,0,0,0,1,0,1,1,0,0
41.764781,1,1,0,0,0,0,0,0,0
41.778273,0,0,0,0,0,0,0,0,1
41.796961,0,0,0,0,1,1,0,0,1
41.797334,0,0,0,0,0,0,0,1,0
41.798131,0,0,0,1,0,0,0,0,0
41.810391,0,0,1,0,0,0,0,0,0
41.827019,0,1,1,0,0,0,0,0,0
41.828609,0,0,0,0,0,0,1,0,0
41.846924,1,0,0,0,1,1,0,1,1
41.850405,0,0,0,1,0,0,0,0,0
41.876924,0,1,1,0,0,0,0,0,0
41.879621,0,0,0,0,0,0,1,0,0
41.898753,1,0,0,1,1,1,1,0,0
41.914460,1,0,0,0,1,0,0,0,0
41.943893,0,0,0,0,0,0,0,0,1
41.948059,0,0,0,1,0,1,1,0,1
41.950635,0,0,0,0,0,0,0,1,0
41.960281,1,0,0,0,0,0,0,0,0
41.978745,0,1,1,0,0,0,0,1,0
41.984251,0,0,1,0,1,0,0,1,0
42.001924,0,1,0,1,0,1,0,0,0
42.003174,0,0,0,0,0,0,1,0,1
42.013822,1,1,0,0,0,0,0,0,0
42.041953,0,0,1,0,1,0,0,0,0
42.046928,0,0,0,0,0,1,0,1,1
42.049410,0,0,0,1,0,0,1,0,0
42.063188,1,0,0,0,0,0,0,0,0
42.076928,0,1,1,0,1,0,0,1,0
42.098382,0,1,0,1,0,1,1,0,0
42.099671,0,0,0,0,0,0,0,0,1
42.114809,1,0,0,0,1,0,0,1,0
42.132435,0,0,1,0,0,0,0,0,0
42.144254,0,1,0,0,0,0,0,0,0
42.151748,0,0,0,1,0,1,1,0,0
42.162748,1,0,0,0,1,0,0,0,1
42.183748,0,0,0,0,0,0,0,1,0
42.196441,0,0,1,0,0,1,0,0,1
42.198203,0,0,0,1,0,0,1,0,0
42.209402,1,1,0,0,1,0,0,1,0
42.234231,0,1,1,0,0,0,0,0,0
42.246055,0,0,0,0,0,1,0,0,1
42.248345,0,0,0,1,0,0,1,0,0
42.263892,1,0,0,0,1,0,0,0,0
42.265469,0,0,0,0,0,0,0,1,0
42.285800,0,1,1,0,0,0,0,0,0
42.296921,0,0,0,0,0,1,0,0,1
42.301056,0,0,0,1,0,0,0,0,0
42.332456,0,0,1,0,0,0,0,0,0
42.346393,0,0,0,0,0,1,1,0,0
42.350844,0,0,0,1,0,0,0,0,1
42.361240,1,0,0,0,1,0,0,0,0
42.372146,0,0,0,0,0,0,1,0,0
42.385335,1,0,1,0,0,0,0,1,0
42.388924,0,0,0,0,1,0,0,0,0
42.399414,0,0,0,1,0,1,0,0,1
42.400851,0,0,0,0,0,0,1,1,0
42.412471,1,1,0,0,0,0,0,0,0
42.429469,0,1,1,0,1,0,0,0,0
42.448203,0,0,0,1,0,1,1,0,1
42.467918,1,0,0,0,0,0,0,1,0
42.475637,0,0,0,0,1,0,0,1,0
42.478521,0,0,1,0,0,0,0,0,0
42.497695,0,1,0,0,0,1,0,0,1
42.500278,0,1,0,1,0,0,0,0,0
42.530726,0,0,1,0,0,0,1,0,0
42.548127,1,0,0,1,0,1,1,0,0
42.557108,0,0,0,0,1,0,0,1,1
42.561537,1,0,0,0,0,0,0,0,0
42.584202,0,1,0,0,1,0,0,0,0
42.585293,0,0,0,0,0,0,0,1,0
42.596282,0,0,1,0,0,1,0,0,1
42.598262,0,0,0,1,0,0,0,0,0
42.599601,0,0,0,0,0,0,1,0,0
42.614417,1,1,0,0,1,0,0,0,0
42.631402,0,0,1,0,0,0,0,1,0
42.651459,0,1,0,1,0,1,0,0,1
42.671723,0,0,0,0,0,0,1,0,0
42.690194,1,0,1,0,1,0,0,0,0
42.696909,0,0,0,0,0,1,0,1,0
42.700125,0,0,0,1,0,0,0,0,0
42.707129,0,0,0,0,0,0,0,0,1
42.724435,0,1,0,0,0,0,0,0,0
42.739491,0,0,1,0,0,0,1,0,0
42.750370,1,0,0,1,0,1,1,0,0
42.760534,1,0,0,0,1,0,0,0,1
42.799216,0,0,1,1,0,1,0,0,0
42.830072,0,0,0,0,0,0,1,0,1
42.848349,1,0,0,1,0,1,1,1,1
42.858445,1,0,0,0,1,0,0,0,0
42.864550,0,0,1,0,0,0,0,0,0
42.866109,0,0,0,0,0,0,0,1,0
42.878349,0,1,1,0,1,0,0,0,0
42.896013,0,1,0,0,0,1,0,0,0
42.897011,0,0,0,0,0,0,0,1,0
42.898324,0,0,0,1,1,0,1,0,1
42.917626,1,1,0,0,1,0,0,0,0
42.934616,0,0,1,0,0,0,0,1,0
42.939370,0,0,0,0,0,0,0,1,0
42.949611,0,0,0,1,0,1,1,0,0
42.961698,1,1,0,0,1,0,0,0,1
42.968172,0,1,0,0,0,0,0,0,0
42.996941,0,0,1,0,0,1,0,1,0
43.001036,0,0,0,1,0,0,1,0,0
43.011419,1,0,0,0,0,0,0,0,0
43.014808,0,0,0,0,1,0,0,0,1
43.018092,0,1,0,0,0,0,0,1,0
43.048018,0,1,1,1,0,1,1,0,0
43.061379,1,0,0,0,0,0,0,0,0
43.096004,0,0,0,0,1,1,0,1,1
43.099620,0,0,0,1,0,0,1,0,1
43.118943,1,1,0,0,0,0,0,0,0
43.134105,0,0,1,0,1,0,0,0,0
43.135161,0,0,1,0,0,0,0,0,0
43.140175,0,0,0,0,0,0,0,1,0
43.146067,0,0,0,0,0,1,0,0,0
43.150023,0,0,0,1,0,0,1,0,0
43.160043,1,0,0,0,1,0,0,1,0
43.165135,0,1,0,0,0,0,0,0,1
43.180649,0,1,0,0,0,0,0,0,0
43.196123,0,0,1,0,0,1,0,0,1
43.200886,0,0,0,1,0,0,0,0,0
43.222711,0,0,0,0,0,0,1,0,0
43.235896,1,0,1,0,1,0,0,0,0
43.250537,0,0,0,1,0,1,1,0,0
43.254330,0,0,0,0,0,0,0,1,1
43.265158,1,0,0,0,1,0,0,0,0
43.267185,0,0,0,0,0,0,0,1,0
43.282991,0,1,0,0,0,0,0,0,0
43.285590,0,0,1,0,0,0,0,0,0
43.297158,0,1,0,0,0,1,0,0,1
43.300914,0,0,0,1,0,0,1,0,0
43.311477,1,0,0,0,1,0,0,0,0
43.334505,0,0,1,0,0,0,0,0,0
43.349757,0,0,0,1,0,1,1,1,0
43.369757,1,1,0,0,1,0,0,1,0
43.390415,0,1,0,0,0,0,0,0,0
43.401615,0,0,0,1,0,1,0,0,1
43.424153,0,0,0,0,0,0,1,0,1
43.438420,1,0,1,0,0,0,0,0,0
43.448000,0,0,0,1,0,1,1,0,0
43.458243,1,0,1,0,1,0,0,1,0
43.483101,0,1,0,0,1,0,0,1,0
43.496611,0,0,0,0,0,1,0,0,0
43.497053,0,0,0,0,0,0,0,0,1
43.501088,0,0,0,1,0,0,0,0,0
43.502091,0,0,0,0,0,0,0,0,1
43.511595,0,1,0,0,0,0,1,0,0
43.531166,1,0,1,0,1,0,0,1,0
43.540478,0,0,1,0,0,0,0,0,0
43.548000,0,0,0,1,0,1,0,0,1
43.560391,0,1,0,0,0,0,1,0,0
43.578105,1,0,1,0,1,0,0,1,0
43.598048,0,0,0,1,0,1,1,0,0
43.598077,0,0,0,0,0,0,0,0,1
43.602150,0,1,0,0,0,0,0,0,0
43.613006,1,0,0,0,1,0,0,0,0
43.636258,0,0,1,0,0,0,0,0,0
43.648839,0,0,0,1,0,1,1,0,1
43.651570,0,0,0,0,0,0,0,1,0
43.668318,1,0,0,0,0,0,0,0,0
43.670146,0,0,0,0,1,0,0,0,0
43.680905,0,1,1,0,0,0,0,0,0
43.696683,0,0,0,0,0,1,0,1,0
43.699969,0,0,0,1,0,0,0,0,1
43.717275,0,1,0,0,0,0,1,0,0
43.728259,1,0,0,0,1,0,0,0,0
43.728982,0,0,0,0,0,0,0,1,0
43.735524,0,0,1,0,0,0,0,0,0
43.748199,0,0,0,1,0,1,0,0,0
43.748590,0,0,0,0,0,0,1,0,0
43.749550,0,1,0,0,0,0,0,0,0
43.766451,1,0,0,0,1,0,0,1,0
43.790796,0,1,0,0,0,0,0,0,1
43.800240,0,0,0,1,0,1,1,0,0
43.815240,1,0,0,0,1,0,0,0,0
43.819620,0,0,0,0,0,0,0,1,1
43.830118,0,0,1,0,0,0,0,0,0
43.849620,0,1,1,1,0,1,0,0,0
43.885741,0,0,0,0,0,0,0,0,1
43.900344,0,0,0,1,0,1,0,0,0
43.907751,0,0,0,0,0,0,1,0,1
43.918408,1,0,1,0,1,0,0,0,0
43.939132,0,0,1,0,0,0,1,1,0
43.948063,0,0,0,1,0,1,0,0,0
43.959132,1,1,0,0,1,0,1,0,0
43.978584,1,0,0,0,0,0,0,1,0
44.000928,0,1,0,1,1,1,0,0,0
44.050907,0,0,0,1,0,1,1,1,1
44.055117,0,0,0,0,0,0,1,0,0
44.068472,1,0,0,0,1,0,0,0,0
44.071805,1,1,0,0,1,0,0,1,0
44.085816,0,0,1,0,0,0,0,0,0
44.098847,0,1,0,1,0,1,1,1,0
44.111727,1,0,0,0,1,0,0,0,0
44.114122,0,0,0,0,0,0,0,0,1
44.120230,0,1,0,0,0,0,0,0,1
44.148609,0,0,1,1,0,1,0,1,1
44.149553,0,0,0,0,0,0,1,0,1
44.159584,1,0,1,0,1,0,0,0,0
44.176357,0,1,0,0,0,0,0,0,0
44.186237,0,0,1,0,0,0,0,0,0
44.188402,0,0,1,0,0,0,0,1,0
44.198732,0,0,0,1,0,1,1,0,0
44.216553,1,1,0,0,1,0,0,0,1
44.251676,0,0,1,1,0,1,0,1,1
44.255565,0,0,0,0,0,0,1,0,0
44.272889,1,1,0,0,1,0,0,1,0
44.284744,0,0,1,0,0,0,0,0,0
44.296667,0,1,0,0,0,1,0,0,1
44.301575,0,0,0,1,0,0,0,0,0
44.316153,0,0,0,0,0,0,1,0,0
44.326369,1,0,0,0,0,0,0,0,0
44.328858,0,0,1,0,1,0,0,1,0
44.350255,0,1,0,1,0,1,1,0,0
44.369151,1,0,0,0,0,0,0,0,0
44.398374,0,0,0,1,0,1,0,0,0
44.450075,0,0,0,1,1,1,1,1,0
44.470075,1,1,0,0,0,0,1,0,0
44.476043,0,0,0,0,0,0,0,0,1
44.478275,0,0,0,0,1,0,0,0,1
44.486222,1,0,0,0,1,0,0,0,1
44.496384,0,0,0,0,0,1,0,1,0
44.501123,0,0,0,1,0,0,1,0,0
44.512985,1,0,1,0,1,0,0,1,1
44.515254,0,0,1,0,0,0,0,0,0
44.517086,0,1,1,0,0,0,0,0,0
44.542985,0,1,1,0,0,0,0,1,0
44.548674,0,0,0,1,0,1,1,0,0
44.567697,1,1,0,0,1,0,0,1,0
44.591236,0,1,0,0,0,0,0,0,1
44.600000,0,0,0,1,0,1,0,0,0
44.627965,0,0,1,0,0,0,0,0,0
44.648153,0,0,0,1,0,1,1,0,0
44.664414,1,0,0,0,1,0,0,0,0
44.670426,0,0,0,0,0,0,0,0,1
44.675831,0,0,0,0,0,0,1,1,1
44.695831,1,1,0,0,1,0,0,1,0
44.699086,0,0,0,1,0,1,1,0,1
44.709412,1,0,1,0,0,0,0,0,0
44.712279,0,0,1,0,1,0,0,1,0
44.718308,0,1,0,0,0,0,0,0,0
44.730621,0,0,1,0,0,0,0,0,0
44.740797,0,1,0,0,0,0,0,0,0
44.751259,0,0,0,1,0,1,1,0,0
44.752432,0,0,0,0,0,0,0,0,1
44.770143,1,0,0,0,0,0,0,0,0
44.784198,0,0,1,0,1,0,0,1,0
44.800037,0,0,0,1,0,1,1,0,0
44.805235,0,1,0,0,0,0,0,0,1
44.820004,1,0,0,0,1,0,0,1,0
44.841249,0,1,1,0,0,0,0,0,0
44.848272,0,0,0,1,0,1,1,0,0
44.865621,1,0,0,0,1,0,0,1,0
44.890822,0,1,0,0,0,0,0,0,0
44.900634,0,0,0,1,0,1,0,0,0
44.950096,0,0,0,1,0,1,1,0,0
44.968129,1,0,0,0,1,0,0,0,0
44.996747,0,0,0,0,0,1,1,1,1
45.001667,0,0,0,1,0,0,1,0,1
45.011179,1,0,0,0,0,0,0,0,0
45.020071,1,1,0,0,1,0,0,0,0
45.023233,0,0,0,0,1,0,0,0,0
45.029876,0,0,1,0,0,0,0,0,1
45.036553,0,0,1,0,0,0,0,0,0
45.043377,0,0,0,0,0,0,0,1,1
45.046526,0,0,0,0,0,1,0,0,1
45.051316,0,0,0,1,0,0,1,1,0
45.060166,0,0,1,0,0,0,0,0,0
45.063418,1,1,0,0,0,0,0,0,0
45.075632,0,1,1,0,1,0,0,1,0
45.085744,0,0,1,0,0,0,0,0,0
45.098889,0,1,0,1,0,1,0,0,1
45.118347,0,0,0,0,0,0,1,0,0
45.133942,1,0,1,0,0,0,0,0,0
45.148808,0,0,0,1,1,1,1,1,1
45.168808,1,1,0,0,1,0,0,0,0
45.177244,0,0,0,0,0,0,0,1,0
45.182733,0,0,1,0,0,0,0,0,0
45.197370,0,1,0,0,0,1,0,0,1
45.200937,0,0,0,1,0,0,1,0,0
45.218803,1,0,0,0,1,0,0,1,0
45.233736,0,0,1,0,0,0,0,0,0
45.246491,0,1,0,0,0,1,0,0,1
45.248080,0,0,0,1,0,0,0,0,0
45.284035,0,0,1,0,0,0,0,0,0
45.296188,0,0,0,0,0,1,1,0,0
45.300290,0,0,0,1,0,0,1,0,1
45.312964,1,0,0,0,0,0,0,0,0
45.316804,1,0,0,0,1,0,0,1,0
45.330374,0,0,1,0,1,0,0,0,0
45.346270,0,1,0,0,0,1,0,1,0
45.348966,0,0,0,1,0,0,0,0,1
45.367932,0,1,0,0,0,0,1,0,0
45.384275,1,0,1,0,0,0,0,0,0
45.400606,0,0,0,1,0,1,1,0,1
45.408021,0,0,0,0,1,0,0,1,0
45.413106,1,0,0,0,1,0,0,1,0
45.436007,0,1,1,0,0,0,0,0,0
45.437562,0,1,0,0,0,0,0,0,0
45.446592,0,0,0,0,0,1,0,0,0
45.449450,0,0,0,1,0,0,1,0,1
45.466751,1,0,0,0,1,0,0,1,0
45.487782,0,1,1,0,0,0,0,0,0
45.496744,0,0,0,0,0,1,0,0,1
45.498063,0,0,0,1,0,0,0,0,0
45.527095,0,0,1,0,0,0,1,0,0
45.546841,1,0,0,0,1,1,0,1,0
45.547708,0,0,0,0,0,0,0,0,1
45.548563,0,0,0,1,0,0,0,0,0
45.568338,0,1,0,0,0,0,0,0,0
45.587370,0,0,1,0,0,0,1,0,0
45.596008,0,0,0,0,0,1,0,0,0
45.597476,1,0,0,0,1,0,0,1,0
45.599092,0,0,0,1,0,0,0,0,1
45.601667,0,0,0,0,0,0,1,0,0
45.612250,1,0,0,0,0,0,0,0,0
45.622286,0,1,0,0,1,0,0,1,0
45.635559,0,0,1,0,0,0,0,0,0
45.650417,0,1,0,1,0,1,1,0,0
45.657890,0,0,0,0,0,0,0,0,1
45.665036,1,0,0,0,0,0,0,0,0
45.697600,0,0,1,0,1,1,0,1,0
45.699228,0,0,0,1,0,0,1,0,1
45.718835,1,1,0,0,0,0,0,0,0
45.735990,0,0,1,0,0,0,0,0,0
45.746287,0,0,0,0,1,1,0,0,1
45.749308,0,0,0,1,0,0,0,1,0
45.773267,0,1,0,0,0,0,1,0,0
45.785308,1,0,1,0,1,0,0,0,0
45.796314,0,0,0,0,0,1,0,1,0
45.797302,0,0,0,0,0,0,0,0,1
45.801396,0,0,0,1,0,0,0,0,0
45.821268,0,1,0,0,0,0,0,0,0
45.831854,0,0,1,0,0,0,0,0,0
45.846955,0,0,0,0,0,1,1,0,0
45.850696,0,0,0,1,0,0,0,0,1
45.864558,1,0,0,0,1,0,1,1,0
45.882831,1,0,1,0,1,0,0,0,0
45.892132,0,1,0,0,0,0,0,0,0
45.900981,0,0,0,1,0,1,0,0,0
45.912408,0,0,0,0,0,0,0,0,1
45.942408,0,0,1,0,0,0,0,1,0
45.946801,0,0,0,0,0,1,0,0,1
45.949771,0,0,0,1,0,0,1,0,0
45.959956,1,0,0,0,0,0,1,0,0
45.966743,0,1,0,0,1,0,0,0,0
45.979163,1,0,1,0,0,0,0,0,0
45.996952,0,0,0,0,0,1,0,0,0
45.998081,0,0,0,1,0,0,1,0,1
46.012191,1,0,0,0,1,0,0,1,0
46.029397,0,0,1,0,0,0,0,1,0
46.030591,0,0,0,0,1,0,0,0,0
46.033347,0,1,0,0,0,0,0,0,0
46.048028,0,0,0,1,0,1,0,1,0
46.056380,0,1,0,0,0,0,1,0,0
46.075412,1,1,0,0,1,0,0,0,0
46.096600,0,0,0,0,0,1,0,0,0
46.101789,0,0,0,1,0,0,0,0,1
46.140079,0,0,1,0,0,0,1,0,0
46.151373,1,0,0,1,0,1,0,1,0
46.172813,0,1,0,0,1,0,0,1,1
46.187603,0,0,0,0,0,0,1,0,0
46.197645,1,1,0,0,0,1,0,0,0
46.201297,0,0,0,1,1,0,0,1,1
46.202011,0,0,0,0,0,0,1,0,0
46.204747,0,0,1,0,0,0,0,0,0
46.221620,1,1,0,0,0,0,0,0,1
46.238205,0,0,1,0,0,0,0,0,0
46.248816,0,0,0,1,1,1,1,1,1
46.259603,1,0,1,0,1,0,0,0,0
46.278816,0,1,1,0,0,0,0,0,0
46.300720,0,0,0,1,0,1,1,1,1
46.315641,1,0,0,0,0,0,0,0,0
46.330720,0,1,1,0,0,0,0,0,0
46.348824,0,0,0,1,1,1,0,1,1
46.358824,0,0,0,0,0,0,1,0,0
46.373013,1,1,0,0,0,0,0,0,0
46.378824,0,0,1,0,1,0,0,0,0
46.396168,0,0,0,0,0,1,0,0,0
46.397161,0,0,0,0,0,0,0,1,0
46.399326,0,0,0,1,0,0,0,0,1
46.426022,0,1,0,0,0,0,1,0,0
46.436466,1,0,1,0,1,0,0,1,0
46.446998,0,0,0,0,0,1,0,0,0
46.449920,0,0,0,1,0,0,1,0,1
46.462347,1,1,0,0,0,0,0,0,0
46.483564,0,0,1,0,0,0,0,0,0
46.500060,0,0,0,1,1,1,0,0,1
46.531710,0,0,1,0,0,0,0,0,0
46.546013,0,0,0,0,0,1,1,0,0
46.549081,0,0,0,1,0,0,1,1,0
46.561747,1,0,0,0,1,0,0,0,1
46.564454,1,0,0,0,1,0,0,0,0
46.567381,0,0,0,0,0,0,0,1,0
46.569504,0,1,0,0,0,0,0,1,0
46.590637,0,1,0,0,0,0,0,0,0
46.598326,0,1,1,1,0,1,0,0,1
46.631490,0,0,1,0,0,0,1,0,0
46.651110,1,0,0,1,0,1,1,0,1
46.657651,0,0,0,0,1,0,0,1,0
46.666110,1,0,0,0,1,0,0,1,0
46.678185,0,1,0,0,0,0,0,0,0
46.689599,0,1,1,0,0,0,0,0,0
46.701056,0,0,0,1,0,1,1,0,0
46.717737,1,0,0,0,1,0,0,0,1
46.748273,0,0,1,1,0,1,1,0,0
46.758493,1,0,0,0,0,0,0,1,1
46.767568,0,0,0,0,1,0,0,0,0
46.784813,0,1,0,0,0,0,0,1,0
46.796535,0,0,1,0,0,1,0,0,0
46.798079,0,0,0,1,0,0,1,0,1
46.806107,0,1,0,0,0,0,0,0,0
46.817710,1,0,0,0,1,0,0,0,0
46.830671,0,0,1,0,0,0,0,1,0
46.848425,0,0,0,1,0,1,1,0,1
46.860170,1,1,0,0,1,0,0,0,0
46.864912,0,0,0,0,0,0,0,1,0
46.883205,0,0,1,0,0,0,0,0,0
46.885790,0,1,0,0,0,0,0,0,0
46.899464,0,0,0,1,0,1,1,0,0
46.912981,1,0,0,0,0,0,0,0,1
46.946101,0,0,1,0,1,1,0,0,0
46.948723,0,0,0,1,0,0,0,1,0
46.971243,0,1,0,0,0,0,1,0,1
46.981637,1,0,0,0,0,0,0,0,0
47.001780,0,0,1,1,1,1,0,1,0
47.029463,0,1,0,0,0,0,1,0,0
47.043601,1,0,0,0,0,0,0,0,1
47.048616,0,0,0,1,1,1,1,0,0
47.065959,1,0,0,0,0,0,0,1,1
47.083476,0,0,1,0,1,0,0,0,0
47.088691,0,1,0,0,0,0,0,1,0
47.101291,0,0,1,1,0,1,1,0,0
47.117372,1,1,0,0,0,0,0,0,1
47.147421,0,0,1,0,0,1,0,0,0
47.150840,0,0,0,1,0,0,0,0,1
47.188288,0,0,1,0,0,0,0,0,0
47.201375,0,0,0,1,1,1,1,1,0
47.215314,1,0,0,0,1,0,1,0,0
47.230678,1,1,0,0,0,0,0,0,1
47.250427,0,0,0,1,0,1,0,0,0
47.254260,0,0,0,0,1,0,1,0,0
47.256979,0,0,0,0,0,0,0,0,1
47.264533,1,0,1,0,0,0,0,1,0
47.285108,0,1,0,0,1,0,0,0,0
47.286044,0,0,0,0,0,0,0,1,0
47.296082,0,0,1,0,0,1,0,0,1
47.299116,0,0,0,1,0,0,0,0,0
47.311525,0,1,0,0,0,0,0,1,0
47.334082,0,1,1,0,0,0,1,0,0
47.344637,1,0,0,0,0,0,0,0,0
47.346373,0,0,0,0,1,1,0,0,0
47.351544,0,0,0,1,0,0,0,0,1
47.357254,0,0,0,0,0,0,0,1,0
47.384110,0,1,1,0,0,0,1,0,0
47.396186,1,0,0,0,1,1,0,1,0
47.397032,0,0,0,0,0,0,0,0,1
47.398708,0,0,0,1,0,0,1,0,0
47.411380,1,0,0,0,0,0,0,0,0
47.413738,0,0,0,0,1,0,0,1,0
47.418641,0,1,0,0,0,0,0,0,0
47.435075,0,1,1,0,0,0,0,0,0
47.446097,0,0,0,0,0,1,0,0,0
47.449565,0,0,0,1,0,0,1,0,1
47.463565,1,0,0,0,1,0,0,1,0
47.482412,0,0,1,0,0,0,0,0,0
47.490376,0,1,0,0,0,0,0,0,0
47.498577,0,0,0,1,0,1,1,0,0
47.502718,0,0,0,0,0,0,0,0,1
47.511516,1,0,0,0,1,0,0,0,0
47.542450,0,0,1,0,0,0,0,0,0
47.550983,0,0,0,1,0,1,0,1,0
47.573079,0,1,0,0,0,0,1,0,0
47.583606,1,0,0,0,1,0,0,1,0
47.596221,0,0,0,0,0,1,0,0,1
47.601120,0,0,0,1,0,0,1,0,0
47.611278,1,1,0,0,1,0,0,0,1
47.629625,0,0,1,0,0,0,0,1,0
47.649706,0,1,1,1,0,1,1,0,1
47.664312,1,0,0,0,1,0,0,1,0
47.689010,0,1,1,0,0,0,0,0,0
47.700764,0,0,0,1,0,1,0,0,0
47.729292,0,0,0,0,0,0,1,0,1
47.748824,1,0,0,1,1,1,0,0,1
47.753824,0,0,0,0,0,0,0,1,0
47.756958,0,0,0,0,0,0,1,0,0
47.767885,1,0,1,0,1,0,0,1,0
47.776200,0,1,0,0,0,0,0,0,0
47.783242,0,0,1,0,0,0,0,0,0
47.797858,0,1,0,0,0,1,0,0,1
47.801071,0,0,0,1,0,0,1,0,0
47.818338,1,0,0,0,1,0,0,1,0
47.835126,0,0,1,0,0,0,0,0,0
47.844354,0,1,0,0,0,0,0,0,0
47.850856,0,0,0,1,0,1,0,0,1
47.869991,0,0,0,0,0,0,1,0,0
47.881027,1,0,1,0,1,0,0,1,0
47.896537,0,0,0,0,0,1,0,0,0
47.897192,0,0,0,0,0,0,0,0,1
47.901574,0,1,0,1,0,0,0,0,0
47.929531,0,0,1,0,0,0,0,0,0
47.946205,0,0,0,0,0,1,1,0,0
47.950964,0,0,0,1,0,0,1,0,0
47.962991,1,0,0,0,1,0,0,0,1
47.967075,1,0,0,0,1,0,0,1,0
47.991895,0,1,0,0,0,0,0,0,0
48.001431,0,0,1,1,0,1,1,0,0
48.020490,1,0,0,0,1,0,0,1,0
48.027134,0,0,0,0,0,0,0,1,1
48.048972,0,1,0,1,0,1,0,0,0
48.057134,0,1,1,0,0,0,0,0,0
48.078123,0,0,0,0,0,0,1,0,1
48.098046,1,0,0,1,1,1,0,0,1
48.115945,0,0,1,0,0,0,0,0,0
48.135274,0,0,1,0,0,0,1,1,0
48.146235,1,0,0,0,1,1,0,1,1
48.151891,0,0,0,1,0,0,0,0,0
48.153767,0,0,0,0,0,0,1,0,0
48.164929,1,1,0,0,0,0,0,0,0
48.165411,0,0,0,0,1,0,0,1,0
48.176235,0,1,1,0,0,0,0,0,0
48.194426,0,1,0,0,0,0,0,0,0
48.198000,0,0,0,1,0,1,0,0,0
48.248152,0,0,0,1,0,1,1,0,1
48.261378,1,0,0,0,0,0,0,0,1
48.267133,0,0,0,0,1,0,0,0,0
48.275279,0,0,0,0,0,0,1,1,0
48.287808,1,0,1,0,1,0,0,0,0
48.296417,0,1,1,0,0,1,0,0,1
48.300871,0,0,0,1,0,0,0,1,0
48.322749,0,1,0,0,0,0,0,0,0
48.329537,0,0,1,0,0,0,0,0,0
48.348494,0,0,0,1,0,1,0,0,1
48.382162,0,0,1,0,0,0,0,0,0
48.396265,0,0,0,0,0,1,1,0,1
48.401874,0,0,0,1,0,0,0,0,0
48.416067,1,0,0,0,1,0,1,1,0
48.426158,1,0,0,0,0,0,1,0,0
48.426211,0,0,0,0,1,0,0,1,0
48.436257,1,1,1,0,1,0,0,0,0
48.446025,0,0,0,0,0,1,0,1,1
48.448008,0,1,0,1,0,0,0,0,0
48.476025,0,1,1,0,0,0,0,0,0
48.496995,0,0,0,0,0,1,1,0,1
48.498227,0,0,0,1,0,0,1,0,0
48.512270,1,0,0,0,1,0,0,1,0
48.515798,1,0,0,0,0,0,0,0,0
48.524662,0,0,0,0,1,0,0,0,0
48.536550,0,1,1,0,0,0,0,0,0
48.546232,0,0,0,0,0,1,0,1,1
48.551273,0,0,0,1,0,0,0,0,0
48.576232,0,1,1,0,0,0,0,0,0
48.596398,0,0,0,0,0,1,0,0,0
48.598406,0,0,0,1,0,0,1,0,0
48.612550,1,0,0,0,1,0,1,0,1
48.624422,1,0,0,0,1,0,0,0,0
48.643352,0,0,1,0,0,0,0,0,0
48.644490,0,0,0,0,0,0,0,1,0
48.650420,0,0,0,1,0,1,0,1,0
48.657917,0,0,0,0,0,0,1,0,0
48.661936,0,0,0,0,0,0,0,0,1
48.665755,0,1,0,0,0,0,0,0,0
48.668755,1,0,0,0,1,0,0,0,0
48.676560,0,1,0,0,0,0,0,1,0
48.691993,0,0,1,0,0,0,0,0,0
48.696657,0,1,0,0,0,1,0,0,0
48.699223,0,0,0,1,0,0,0,0,1
48.738628,0,0,1,0,0,0,1,0,0
48.748721,1,0,0,1,1,1,1,0,1
48.767221,1,0,0,0,0,0,0,0,0
48.774715,0,0,0,0,1,0,0,1,0
48.776102,0,0,0,0,0,0,0,1,0
48.780339,0,0,1,0,0,0,0,0,0
48.796704,0,1,0,0,0,1,0,0,0
48.801124,0,1,0,1,0,0,0,0,1
48.837327,0,0,1,0,0,0,0,0,0
48.846056,0,0,0,0,0,1,0,0,0
48.847052,0,0,0,0,0,0,1,0,0
48.849529,0,0,0,1,0,0,1,0,1
48.857761,1,0,0,0,1,0,0,0,0
48.862786,1,0,0,0,0,0,0,0,0
48.887853,0,0,1,0,0,0,0,1,0
48.891629,0,0,0,0,1,0,0,0,0
48.892777,0,0,0,0,0,0,0,1,0
48.896165,0,0,0,0,0,1,0,0,1
48.901681,0,0,0,1,0,0,0,0,0
48.902681,0,0,0,0,0,0,1,0,0
48.913774,1,1,0,0,1,0,0,0,0
48.918371,0,1,0,0,0,0,0,0,0
48.930501,0,0,1,0,0,0,0,0,0
48.948385,0,0,0,1,0,1,1,0,1
48.964856,1,0,0,0,1,0,0,1,0
48.969631,0,0,0,0,0,0,0,1,0
48.979029,0,0,1,0,0,0,0,0,0
48.992746,0,1,0,0,0,0,0,0,0
48.996114,0,1,0,0,0,1,0,0,1
49.001305,0,0,0,1,0,0,0,0,0
49.030889,0,0,1,0,0,0,1,0,0
49.048030,1,0,0,1,0,1,1,0,0
49.059024,1,0,0,0,0,0,0,0,0
49.096731,0,0,0,0,1,1,0,1,1
49.098621,0,0,0,1,0,0,0,0,1
49.107918,0,0,0,0,1,0,1,1,0
49.124319,1,1,0,0,0,0,0,0,0
49.126769,0,0,1,0,0,0,0,0,0
49.128231,0,1,0,0,0,0,0,0,0
49.132635,0,0,1,0,1,0,0,1,0
49.148472,0,0,0,1,0,1,1,0,0
49.150248,0,0,0,0,0,0,0,0,1
49.154582,0,1,0,0,0,0,0,0,0
49.163754,1,0,0,0,1,0,0,1,0
49.182295,0,0,1,0,0,0,0,0,0
49.190941,0,1,0,0,0,0,0,0,0
49.200984,0,0,0,1,0,1,0,0,1
49.238903,0,0,1,0,0,0,1,0,0
49.249763,1,0,0,1,1,1,0,1,0
49.270477,0,1,0,0,0,0,1,0,1
49.283329,1,0,0,0,1,0,0,0,0
49.298800,0,0,0,1,0,1,1,0,1
49.308800,1,0,1,0,1,0,0,1,0
49.338179,0,1,1,0,0,0,0,1,0
49.346630,0,0,0,0,0,1,0,0,1
49.351778,0,0,0,1,0,0,1,0,0
49.364654,1,1,0,0,0,0,0,0,0
49.385878,0,0,1,0,1,0,0,1,0
49.396918,0,0,0,0,0,1,0,0,1
49.399303,0,0,0,1,0,0,0,0,0
49.403464,0,0,0,0,0,0,1,0,0
49.415230,1,1,0,0,0,0,0,0,0
49.428708,0,0,1,0,1,0,0,1,0
49.450283,0,1,0,1,0,1,0,0,1
49.486949,0,0,1,0,0,0,1,0,0
49.498705,1,0,0,1,1,1,0,0,1
49.511395,0,0,0,0,0,0,0,1,0
49.529617,0,0,1,0,0,0,0,0,0
49.539922,0,1,0,0,0,0,1,0,0
49.548192,0,0,0,1,0,1,0,0,1
49.548935,0,0,0,0,0,0,1,0,0
49.558343,1,0,0,0,0,0,0,0,0
49.568660,1,0,0,0,1,0,0,0,0
49.584827,0,0,1,0,1,0,0,1,0
49.599608,0,0,0,1,0,1,1,0,0
49.609791,1,1,0,0,1,0,0,1,0
49.620791,0,0,0,0,0,0,0,1,1
49.639291,0,1,0,0,0,0,0,0,0
49.650791,0,1,1,1,0,1,0,0,1
49.681314,0,0,1,0,0,0,1,0,0
49.696495,1,0,0,0,1,1,0,1,0
49.701737,0,0,0,1,0,0,0,0,0
49.711940,0,0,0,0,0,0,0,0,1
49.722624,0,1,0,0,0,0,1,0,0
49.740685,1,0,0,0,1,0,0,0,0
49.744734,0,0,1,0,0,0,0,0,0
49.749858,0,0,0,1,0,1,0,1,0
49.777431,0,1,0,0,0,0,0,0,0
49.796780,0,0,0,0,0,1,1,0,0
49.798860,0,0,0,1,0,0,0,0,0
49.813890,1,0,0,0,1,0,1,0,0
49.831280,1,0,0,0,1,0,0,0,1
49.849644,0,0,0,1,0,1,1,1,1
49.859801,1,0,0,0,0,0,0,1,1
49.860349,0,0,0,0,1,0,0,0,0
49.866497,0,0,1,0,0,0,0,1,0
49.879644,0,1,1,0,0,0,0,0,0
49.889801,0,1,1,0,0,0,0,0,0
49.896289,0,1,0,0,0,1,0,0,1
49.898891,0,0,0,1,0,0,0,0,0
49.926547,0,0,1,0,0,0,1,0,0
49.946215,1,0,0,0,1,1,0,1,1
49.950350,0,0,0,1,0,0,0,0,0
49.976215,0,1,1,0,0,0,1,0,0
49.996193,1,0,0,0,1,1,0,0,0
50.001387,0,0,0,1,0,0,0,1,0
50.016655,0,0,0,0,0,0,0,0,1
50.028345,0,1,0,0,0,0,1,0,0
50.048171,1,0,1,1,0,1,0,0,0
50.101502,0,0,0,1,0,1,0,0,0
50.150228,0,0,0,1,1,1,1,1,0
50.170228,1,1,0,0,1,0,1,1,0
50.190228,1,1,0,0,0,0,1,0,0
50.198234,0,0,0,1,0,1,0,0,0
50.201644,1,0,0,0,1,0,1,0,1
50.218102,1,0,0,0,0,0,0,1,1
50.231953,0,0,1,0,1,0,0,0,1
50.248023,0,1,0,1,0,1,0,1,0
50.248529,0,0,1,0,0,0,0,0,1
50.255460,0,0,0,0,0,0,1,0,1
50.266703,1,0,1,0,1,0,0,0,0
50.276390,0,1,0,0,0,0,0,0,0
50.277506,0,0,0,0,1,0,0,0,0
50.285426,0,0,1,0,0,0,0,0,0
50.285443,0,0,0,0,0,0,0,1,0
50.285451,0,0,0,0,0,0,0,1,0
50.292582,0,0,1,0,0,0,0,0,0
50.298626,0,0,0,1,0,1,0,0,0
50.304149,0,0,0,0,0,0,1,0,1
50.307552,0,1,0,0,0,0,0,0,0
50.314827,1,1,0,0,1,0,0,0,0
50.343300,0,0,1,0,0,0,0,0,0
50.346448,0,0,0,0,0,1,0,0,0
50.347019,0,0,0,0,0,0,0,1,0
50.348084,0,0,0,1,0,0,0,0,0
50.368944,0,1,0,0,0,0,0,0,0
50.400204,0,0,0,1,0,1,0,0,0
50.450029,0,0,0,1,0,1,0,0,0
50.496801,0,0,0,0,0,1,1,0,0
50.497583,0,0,0,0,0,0,1,0,1
50.497791,0,0,0,0,0,0,0,0,1
50.500967,0,0,0,1,0,0,0,0,0
50.504595,0,0,0,0,0,0,0,0,1
50.511730,1,0,0,0,1,0,1,1,1
50.514347,1,0,0,0,1,0,1,0,0
50.527724,1,0,1,0,0,0,0,1,0
50.527758,1,0,0,0,1,0,0,1,0
50.528344,0,0,1,0,1,0,0,0,0
50.532567,0,1,0,0,0,0,0,0,0
50.540924,0,0,1,0,0,0,0,0,0
50.550600,0,1,1,1,0,1,1,1,1
50.553132,0,1,0,0,0,0,0,0,0
50.561671,1,0,0,0,1,0,0,1,0
50.580600,0,1,1,0,0,0,0,0,0
50.589690,0,1,0,0,0,0,0,0,0
50.596028,0,0,0,0,0,1,0,0,1
50.598206,0,0,0,1,0,0,0,0,0
50.627921,0,0,1,0,0,0,1,0,0
50.647066,1,0,0,0,0,1,0,0,0
50.647533,0,0,0,0,1,0,0,0,1
50.649976,0,0,0,1,0,0,0,0,0
50.673330,0,0,0,0,0,0,0,1,0
50.678903,0,0,1,0,0,0,1,0,0
50.698593,1,1,0,1,1,1,1,1,0
50.710924,1,0,0,0,1,0,0,1,0
50.714536,0,0,0,0,0,0,0,0,1
50.725129,0,1,0,0,0,0,0,0,0
50.734643,0,1,0,0,0,0,0,0,0
50.744952,0,0,1,0,0,0,0,0,0
50.746840,0,0,0,0,0,1,0,0,1
50.750159,0,0,0,1,0,0,0,0,0
50.782285,0,0,1,0,0,0,1,0,0
50.796119,1,0,0,0,1,1,0,0,0
50.797093,0,0,0,0,0,0,0,1,1
50.800775,0,0,0,1,0,0,1,0,0
50.812087,1,0,0,0,0,0,0,0,0
50.814567,0,0,0,0,1,0,0,0,0
50.815991,0,0,0,0,0,0,0,1,0
50.827093,0,1,1,0,0,0,0,0,0
50.842567,0,1,0,0,0,0,0,0,0
50.846578,0,0,0,0,0,1,0,0,0
50.847412,0,0,0,0,0,0,0,0,1
50.851792,0,0,0,1,0,0,0,0,0
50.868539,0,0,0,0,0,0,1,0,0
50.883424,1,0,1,0,1,0,0,1,0
50.899923,0,0,0,1,0,1,1,0,1
50.912071,1,1,0,0,1,0,0,0,0
50.933165,0,0,1,0,0,0,0,1,0
50.951838,0,0,0,1,0,1,0,0,0
50.957768,0,1,0,0,0,0,0,0,1
50.997655,0,0,1,0,0,1,1,0,0
50.999158,0,0,0,1,0,0,0,0,0
51.010624,1,0,0,0,1,0,1,0,1
51.026754,1,0,0,0,0,0,0,0,0
51.031120,0,0,0,0,0,0,0,1,0
51.049480,0,0,1,1,0,1,0,0,0
51.056165,0,1,0,0,0,0,0,0,1
51.096006,0,0,1,0,0,1,1,0,1
51.097000,0,0,0,0,1,0,0,0,0
51.099746,0,0,0,1,0,0,1,0,0
51.108827,1,0,0,0,0,0,0,0,0
51.110931,1,0,0,0,1,0,0,1,0
51.124673,0,0,0,0,1,0,0,1,0
51.126346,0,0,1,0,0,0,0,1,0
51.139472,0,1,0,0,0,0,0,0,0
51.146349,0,1,0,0,0,1,0,0,1
51.148117,0,1,0,1,0,0,0,0,0
51.183343,0,0,1,0,0,0,0,0,0
51.199047,0,0,0,1,0,1,1,0,1
51.211656,1,0,0,0,1,0,0,0,0
51.219043,0,0,0,0,0,0,1,0,0
51.233583,1,0,1,0,1,0,0,1,0
51.234583,0,0,0,0,0,0,0,1,0
51.250416,0,0,0,1,0,1,1,0,1
51.262152,1,1,0,0,0,0,0,0,0
51.264273,0,1,0,0,1,0,0,1,0
51.280983,0,0,1,0,0,0,0,0,0
51.286015,0,1,0,0,0,0,0,0,0
51.300901,0,0,0,1,0,1,1,0,0
51.318472,1,0,0,0,1,0,0,0,1
51.351354,0,0,1,1,0,1,0,1,1
51.381354,0,1,1,0,0,0,0,0,0
51.398870,0,0,0,1,0,1,1,0,1
51.416853,1,0,0,0,0,0,1,0,0
51.427494,1,0,0,0,1,0,0,1,0
51.428475,0,0,0,0,1,0,0,1,0
51.429250,0,0,1,0,0,0,0,0,0
51.449303,0,1,0,1,0,1,1,0,0
51.455021,0,1,0,0,0,0,0,0,0
51.465854,1,0,0,0,1,0,0,0,1
51.496168,0,0,1,0,0,1,0,0,1
51.501047,0,0,0,1,0,0,1,0,0
51.513217,1,0,0,0,0,0,0,0,0
51.524455,0,0,0,0,1,0,0,0,0
51.525439,0,0,0,0,0,0,0,1,0
51.532788,0,0,1,0,0,0,0,1,0
51.550394,0,1,0,1,0,1,1,0,0
51.561566,1,1,0,0,1,0,0,0,0
51.583822,0,0,0,0,0,0,0,0,1
51.598415,0,0,0,1,0,1,0,1,0
51.601580,0,0,0,0,0,0,0,0,1
51.622380,0,1,1,0,0,0,1,0,0
51.634266,1,0,1,0,0,0,0,0,0
51.649427,0,0,0,1,1,1,0,1,0
51.676151,0,1,0,0,0,0,1,0,0
51.696088,1,0,0,0,1,1,0,1,1
51.698986,0,0,0,1,0,0,1,0,1
51.716850,1,1,0,0,1,0,0,1,0
51.731513,0,0,1,0,0,0,0,0,0
51.734800,0,0,1,0,0,0,0,0,0
51.742435,0,1,0,0,0,0,0,0,0
51.750667,0,0,0,1,0,1,0,0,1
51.783227,0,0,1,0,0,0,0,0,0
51.801011,0,0,0,1,0,1,0,0,0
51.846887,0,0,0,0,0,1,1,0,1
51.847601,0,0,0,0,0,0,0,0,1
51.851262,0,0,0,1,0,0,1,0,0
51.863984,1,0,0,0,1,0,1,0,0
51.866080,1,0,0,0,0,0,0,0,0
51.872650,0,0,0,0,1,0,0,1,0
51.873619,0,0,0,0,0,0,0,1,0
51.874002,1,0,0,0,1,0,0,1,0
51.881863,0,0,1,0,0,0,0,0,0
51.886603,0,0,1,0,0,0,0,0,0
51.900273,0,1,0,1,0,1,0,0,1
51.903590,0,1,0,0,0,0,0,0,0
51.903870,0,1,0,0,0,0,1,0,0
51.918870,1,0,0,0,1,0,0,0,0
51.935336,0,0,1,0,0,0,0,0,0
51.948041,0,0,0,1,0,1,0,1,0
51.970881,0,1,0,0,0,0,1,0,1
51.989299,1,0,0,0,0,0,0,0,0
52.001036,0,0,1,1,1,1,0,1,1
52.028869,0,1,0,0,0,0,1,0,0
52.040136,1,0,1,0,1,0,0,0,0
52.046229,0,0,0,0,0,1,0,0,1
52.047028,0,0,0,0,0,0,0,1,0
52.049646,0,0,0,1,0,0,0,0,0
52.071575,0,1,0,0,0,0,0,0,0
52.076335,0,0,1,0,0,0,0,0,0
52.096375,0,0,0,0,0,1,0,0,1
52.098852,0,0,0,1,0,0,1,0,0
52.112450,1,0,0,0,1,0,1,0,0
52.127231,1,0,1,0,1,0,0,0,0
52.146557,0,0,0,0,0,1,0,0,0
52.149396,0,0,0,1,0,0,0,0,0
52.160666,0,0,0,0,0,0,0,0,1
52.196187,0,0,1,0,0,1,1,1,1
52.197101,0,0,0,0,0,0,0,1,0
52.198800,0,0,0,1,0,0,1,0,0
52.206663,1,0,0,0,1,0,0,0,0
52.209496,1,0,0,0,0,0,0,1,0
52.218071,0,1,0,0,1,0,0,1,0
52.224992,0,1,0,0,0,0,0,0,0
52.234437,0,1,1,0,0,0,0,0,0
52.248068,0,1,0,1,0,1,0,0,1
52.256946,0,0,0,0,0,0,1,0,0
52.272257,1,0,0,0,1,0,0,1,0
52.284102,0,0,1,0,0,0,0,0,0
52.298584,0,1,0,1,0,1,1,0,1
52.311533,1,0,0,0,1,0,0,1,0
52.330406,0,0,1,0,0,0,0,0,0
52.340496,0,1,0,0,0,0,0,0,0
52.346411,0,0,0,0,0,1,0,0,1
52.349142,0,0,0,1,0,0,1,0,0
52.365856,1,0,0,0,0,0,0,0,0
52.371697,0,0,0,0,1,0,0,0,0
52.376686,0,0,1,0,0,0,0,0,0
52.401196,0,0,0,1,0,1,1,1,1
52.421196,1,1,0,0,1,0,0,0,0
52.436976,0,0,1,0,0,0,0,0,0
52.449635,0,0,0,1,0,1,1,0,1
52.465715,1,0,0,0,1,0,0,1,0
52.487381,0,1,1,0,0,0,0,0,0
52.499640,0,0,0,1,0,1,0,1,0
52.525745,0,1,0,0,0,0,1,0,0
52.540966,1,0,0,0,1,0,0,0,0
52.548679,0,0,0,1,0,1,1,0,0
52.564914,1,0,0,0,0,0,0,1,0
52.594844,0,1,0,0,1,0,0,1,1
52.598740,0,0,0,1,0,1,0,0,0
52.621944,0,1,0,0,0,0,0,0,0
52.625178,0,0,1,0,0,0,0,0,0
52.649038,0,0,0,1,0,1,1,0,1
52.657110,0,0,0,0,0,0,1,0,0
52.666456,1,0,0,0,1,0,0,1,1
52.669110,1,0,0,0,0,0,0,0,0
52.688206,0,1,1,0,0,0,0,0,0
52.699775,0,0,1,1,1,1,0,0,1
52.704535,0,0,0,0,0,0,1,1,0
52.706165,0,0,0,0,0,0,0,0,1
52.724535,1,1,0,0,1,0,0,1,0
52.736272,0,0,1,0,0,0,0,0,0
52.744667,0,1,1,0,0,0,0,0,0
52.751062,0,0,0,1,0,1,1,0,1
52.765448,1,0,0,0,1,0,0,0,0
52.790973,0,0,1,0,0,0,0,1,0
52.796387,0,0,0,0,0,1,0,0,1
52.799271,0,0,0,1,0,0,0,0,0
52.802640,0,0,0,0,0,0,1,0,0
52.819071,1,1,0,0,1,0,0,0,0
52.831548,0,0,1,0,0,0,0,1,0
52.849744,0,0,0,1,0,1,0,0,1
52.851819,0,1,0,0,0,0,0,0,0
52.887555,0,0,1,0,0,0,1,0,0
52.901239,1,0,0,1,0,1,1,0,0
52.902967,0,0,0,0,1,0,0,1,0
52.914178,1,0,0,0,1,0,0,1,0
52.929540,0,1,0,0,0,0,0,0,0
52.931713,0,0,0,0,0,0,0,0,1
52.936908,0,1,0,0,0,0,0,0,0
52.949273,0,0,0,1,0,1,0,0,0
52.959284,0,0,0,0,0,0,0,0,1
52.965306,0,0,1,0,0,0,1,0,0
52.980093,1,0,0,0,0,0,0,0,0
52.983447,0,0,0,0,1,0,0,0,0
52.996429,0,0,1,0,0,1,0,1,1
52.999204,0,0,0,1,0,0,0,0,0
53.012070,0,0,0,0,0,0,1,0,0
53.026429,1,1,1,0,1,0,0,0,0
53.029602,0,0,0,0,0,0,0,1,0
53.051624,0,1,0,1,0,1,0,0,1
53.078908,0,0,0,0,0,0,1,0,0
53.085641,0,0,1,0,0,0,0,0,0
53.098226,1,0,0,1,1,1,0,0,0
53.151755,0,0,0,1,0,1,0,0,0
53.196220,0,0,0,0,0,1,1,0,1
53.199680,0,0,0,1,0,0,0,0,0
53.202962,0,0,0,0,0,0,0,1,1
53.208708,1,0,0,0,1,0,0,0,0
53.223688,0,1,0,0,0,0,1,1,1
53.234181,1,0,1,0,0,0,0,0,0
53.241044,0,0,1,0,1,0,0,0,0
53.242307,0,0,0,0,0,0,0,1,0
53.248732,0,1,0,1,0,1,0,0,1
53.260256,0,0,1,0,0,0,0,0,0
53.261284,0,0,0,0,0,0,1,0,0
53.271726,1,1,0,0,0,0,1,0,0
53.277613,0,0,0,0,1,0,0,0,0
53.288334,1,0,1,0,1,0,0,0,0
53.298352,0,0,0,1,0,1,0,0,0
53.346665,0,0,0,0,0,1,1,1,0
53.348378,0,0,0,1,0,0,0,0,1
53.359576,1,0,0,0,0,0,1,0,0
53.373120,1,1,0,0,1,0,0,1,1
53.385025,0,0,1,0,0,0,0,0,0
53.400145,0,1,0,1,0,1,0,0,1
53.401981,0,0,0,0,1,0,0,0,0
53.403890,0,0,1,0,0,0,1,0,0
53.414479,1,0,0,0,1,0,0,0,0
53.436447,0,0,1,0,0,0,0,1,0
53.450472,0,0,0,1,0,1,1,0,1
53.458430,0,1,0,0,0,0,0,1,0
53.462463,1,0,0,0,1,0,0,0,0
53.482417,0,1,1,0,0,0,0,0,0
53.487009,0,0,0,0,0,0,0,1,0
53.498652,0,0,0,1,0,1,1,1,1
53.509833,1,1,0,0,0,0,0,0,0
53.522099,0,1,0,0,0,0,0,0,0
53.523156,0,0,0,0,1,0,0,1,0
53.532489,0,0,1,0,0,0,0,0,0
53.548992,0,1,0,1,0,1,0,0,1
53.587812,0,0,1,0,0,0,0,0,0
53.600657,0,0,0,1,0,1,0,0,1
53.625631,0,0,0,0,0,0,1,0,0
53.636115,1,0,1,0,1,0,0,1,0
53.648178,0,0,0,1,0,1,0,0,1
53.659849,0,1,0,0,0,0,0,0,0
53.681824,0,0,1,0,0,0,0,0,0
53.698567,0,0,0,1,0,1,1,0,0
53.711475,1,0,0,0,1,0,0,1,0
53.731738,0,1,0,0,0,0,1,0,0
53.751115,1,0,0,1,1,1,0,1,0
53.779339,0,1,0,0,0,0,0,0,0
53.799778,0,0,0,1,0,1,1,0,1
53.819518,1,0,0,0,1,0,0,0,0
53.838228,0,0,1,0,0,0,0,0,1
53.851827,0,0,0,1,0,1,0,1,1
53.876639,0,1,1,0,0,0,1,0,0
53.884216,0,0,1,0,0,0,1,0,1
53.890964,1,0,0,0,0,0,1,0,0
53.898237,1,0,0,1,1,1,0,1,1
53.899583,0,0,0,0,1,0,1,0,0
53.901838,1,0,0,0,1,0,0,1,0
53.915483,1,0,1,0,0,0,0,0,0
53.923776,0,1,0,0,0,0,0,1,0
53.929033,0,1,1,0,1,0,0,0,0
53.951273,0,1,0,1,0,1,1,1,1
53.971273,1,1,0,0,0,0,0,0,0
53.982817,0,0,1,0,0,0,0,0,0
53.987819,0,0,0,0,1,0,0,1,0
53.999549,0,0,0,1,0,1,1,0,0
54.016428,1,1,0,0,1,0,0,1,1
54.046090,0,1,0,0,0,1,0,0,1
54.050000,0,0,1,1,0,0,0,0,0
54.064917,0,0,0,0,0,0,1,0,0
54.074918,1,0,0,0,0,0,0,0,0
54.076706,0,0,1,0,1,0,0,0,0
54.096175,0,0,0,0,0,1,0,0,1
54.099514,0,0,0,1,0,0,1,1,0
54.119514,1,1,0,0,1,0,0,1,0
54.129104,0,0,1,0,0,0,0,0,0
54.146588,0,1,0,0,0,1,0,0,0
54.149069,0,0,0,1,0,0,1,0,1
54.164197,1,0,0,0,1,0,0,0,0
54.182247,0,0,1,0,0,0,0,0,0
54.188330,0,0,0,0,0,0,0,1,0
54.198000,0,0,0,1,0,1,1,0,0
54.209736,1,1,0,0,1,0,0,0,0
54.229079,0,0,0,0,0,0,0,1,1
54.248000,0,0,0,1,0,1,1,0,1
54.249207,0,1,0,0,0,0,0,0,0
54.261975,1,0,1,0,1,0,0,1,0
54.284492,0,1,1,0,0,0,0,0,0
54.299743,0,0,0,1,0,1,1,0,0
54.316496,1,0,0,0,0,0,0,0,0
54.348294,0,0,0,1,1,1,1,1,0
54.368294,1,1,0,0,1,0,0,1,1
54.398294,0,1,1,1,0,1,0,0,0
54.406666,0,0,0,0,0,0,1,0,0
54.419537,1,0,0,0,1,0,0,0,0
54.446624,0,0,0,0,0,1,0,1,0
54.447338,0,0,0,0,0,0,0,0,1
54.447669,0,0,0,0,0,0,0,0,1
54.448125,0,0,0,1,0,0,0,0,1
54.469477,0,1,0,0,0,0,0,0,0
54.481992,0,0,1,0,0,0,0,0,0
54.483801,0,0,1,0,0,0,0,0,0
54.486065,0,0,1,0,0,0,1,0,0
54.496332,1,0,0,0,0,1,0,0,1
54.500606,0,0,0,1,0,0,0,0,0
54.534688,0,0,1,0,1,0,0,1,0
54.546273,0,0,0,0,0,1,0,0,1
54.549377,0,0,0,1,0,0,1,0,0
54.551817,0,0,0,0,0,0,1,0,0
54.562353,1,1,0,0,1,0,0,1,0
54.568965,1,0,0,0,1,0,0,0,0
54.577460,0,0,1,0,0,0,0,1,0
54.583652,0,1,0,0,0,0,0,0,0
54.601768,0,1,0,1,0,1,1,0,1
54.618210,1,0,0,0,1,0,0,1,0
54.639190,0,1,1,0,0,0,0,0,0
54.650643,0,0,0,1,0,1,1,0,0
54.663243,1,0,0,0,0,0,0,0,0
54.665355,0,0,0,0,1,0,0,1,0
54.694008,0,1,0,0,0,0,0,0,1
54.696243,0,0,0,0,0,1,0,0,0
54.698061,0,0,0,1,0,0,0,0,1
54.731754,0,0,1,0,0,0,1,0,0
54.737468,0,0,1,0,0,0,0,0,0
54.746195,1,0,0,0,1,1,0,1,0
54.748163,0,0,0,1,0,0,1,0,1
54.762764,1,0,0,0,1,0,0,0,0
54.773796,0,1,0,0,0,0,0,1,0
54.782171,0,0,1,0,0,0,0,0,0
54.800458,0,1,0,1,0,1,0,0,0
54.811876,0,0,0,0,0,0,1,0,1
54.828352,1,0,0,0,0,0,0,0,0
54.843302,0,0,1,0,1,0,0,0,0
54.850000,0,0,0,1,0,1,0,0,1
54.881313,0,0,1,0,0,0,0,1,0
54.901652,0,1,0,1,0,1,1,0,0
54.921060,1,0,0,0,1,0,0,1,1
54.949733,0,1,0,1,0,1,1,0,0
54.959950,1,0,1,0,0,0,1,0,1
54.979794,1,0,0,0,1,0,0,0,0
54.996530,0,0,1,0,0,1,0,1,0
54.998034,0,0,0,1,1,0,1,0,1
55.001015,0,0,0,0,0,0,0,1,0
55.015271,1,0,0,0,0,0,0,0,0
55.016140,0,0,0,0,1,0,0,1,0
55.021578,0,1,0,0,0,0,0,0,0
55.029923,0,1,1,0,0,0,0,0,0
55.046119,0,1,0,0,0,1,0,0,0
55.047020,0,0,0,0,0,0,0,0,1
55.049777,0,0,0,1,0,0,0,0,0
55.085721,0,0,1,0,0,0,1,0,0
55.095780,1,0,0,0,1,0,0,1,0
55.101570,0,0,0,1,0,1,0,0,0
55.125633,0,1,0,0,0,0,1,0,1
55.138034,1,0,0,0,1,0,0,0,0
55.151594,0,0,0,1,0,1,1,0,1
55.158181,0,0,1,0,0,0,0,0,0
55.160388,0,0,0,0,0,0,0,1,0
55.168981,1,0,0,0,1,0,0,0,0
55.181594,0,1,1,0,0,0,0,0,0
55.200710,0,0,0,1,0,1,0,0,1
55.233468,0,0,1,0,0,0,0,1,0
55.248718,0,0,0,1,0,1,1,0,0
55.251620,0,0,0,0,0,0,1,0,1
55.259277,1,1,0,0,1,0,0,0,0
55.269199,1,0,0,0,1,0,0,0,0
55.274831,0,0,0,0,0,0,0,1,0
55.285851,0,0,1,0,0,0,0,1,0
55.294945,0,1,0,0,0,0,0,0,0
55.299738,0,0,0,1,0,1,0,0,0
55.314944,0,1,0,0,0,0,1,0,1
55.329401,1,0,0,0,1,0,0,0,0
55.350571,0,0,1,1,0,1,1,1,0
55.370571,1,1,0,0,1,0,0,1,1
55.393224,0,1,0,0,0,0,0,0,0
55.396604,0,0,0,0,0,1,0,0,0
55.400571,0,0,1,1,0,0,0,0,1
55.406326,0,0,0,0,0,0,1,0,0
55.425132,1,0,0,0,0,0,0,0,0
55.432602,0,0,1,0,0,0,0,0,0
55.451354,0,0,0,1,1,1,0,1,1
55.478966,0,1,0,0,0,0,0,0,0
55.489869,0,0,1,0,0,0,0,0,0
55.496663,0,0,0,0,0,1,1,0,1
55.498488,0,0,0,1,0,0,0,0,0
55.507615,1,0,0,0,0,0,1,0,0
55.515762,0,0,0,0,1,0,0,1,0
55.527595,1,0,1,0,1,0,0,1,0
55.536823,0,1,0,0,0,0,0,0,0
55.546457,0,0,0,0,0,1,0,0,1
55.548773,0,1,0,1,0,0,1,0,0
55.559329,1,0,0,0,0,0,0,0,0
55.580598,0,0,1,0,1,0,0,0,0
55.598294,0,0,0,1,0,1,1,1,0
55.618294,1,1,0,0,0,0,0,0,1
55.621587,0,0,0,0,1,0,0,0,0
55.626608,0,0,0,0,0,0,0,1,0
55.646970,0,1,0,0,0,1,0,0,1
55.648033,0,0,0,1,0,0,0,0,0
55.648163,0,0,0,0,0,0,1,0,0
55.658224,1,0,1,0,1,0,0,1,0
55.677079,0,0,1,0,0,0,0,0,0
55.679259,0,1,0,0,0,0,0,0,0
55.698714,0,0,0,1,0,1,1,0,0
55.712413,1,0,0,0,0,0,0,0,0
55.750535,0,0,0,1,0,1,1,0,0
55.764594,1,0,0,0,1,0,0,1,1
55.792994,0,1,0,0,1,0,0,0,1
55.799652,0,0,1,1,0,1,0,0,0
55.831663,0,0,1,0,0,0,1,0,1
55.848112,1,0,0,1,0,1,1,0,0
55.860045,1,0,0,0,0,0,0,1,1
55.861675,0,0,1,0,1,0,0,0,0
55.882304,0,1,0,0,0,0,0,1,0
55.896340,0,0,1,0,0,1,0,0,1
55.900085,0,0,0,1,0,0,1,0,0
55.903435,0,1,0,0,1,0,0,1,0
55.910550,1,0,0,0,1,0,0,0,0
55.924754,0,1,0,0,0,0,0,0,0
55.936180,0,0,1,0,0,0,0,0,0
55.946263,0,0,0,0,0,1,0,0,0
55.951104,0,0,0,1,0,0,0,0,1
55.982828,0,0,1,0,0,0,1,0,0
56.001220,1,0,0,1,0,1,1,1,1
56.021220,1,1,0,0,1,0,0,0,0
56.034537,0,0,1,0,1,0,0,1,0
56.049035,0,0,0,1,0,1,1,0,0
56.052284,0,0,0,0,0,0,0,1,0
56.053322,0,0,0,0,0,0,0,0,1
56.059354,1,1,0,0,0,0,0,0,0
56.069407,0,0,0,0,1,0,0,1,0
56.076878,0,1,0,0,0,0,0,0,0
56.087622,0,0,1,0,0,0,0,0,0
56.098176,0,1,0,1,0,1,1,0,1
56.113766,1,0,0,0,1,0,0,0,0
56.136113,0,0,1,0,0,0,0,1,0
56.149305,0,0,0,1,0,1,1,0,0
56.161043,1,1,0,0,0,0,0,0,1
56.198278,0,0,1,1,1,1,0,0,0
56.242074,0,0,0,0,0,0,0,0,1
56.246381,0,0,0,0,0,1,0,0,0
56.250065,0,0,0,1,0,0,1,1,0
56.266482,1,0,0,0,1,0,0,0,1
56.272491,0,1,1,0,0,0,0,1,0
56.296150,0,1,0,0,0,1,1,0,0
56.296593,0,0,1,0,0,0,0,0,0
56.298364,0,0,0,1,0,0,1,0,1
56.309259,1,0,0,0,1,0,0,1,0
56.317991,1,0,0,0,1,0,0,0,0
56.331503,0,1,1,0,0,0,0,0,0
56.349010,0,0,0,1,0,1,1,1,0
56.363224,1,0,0,0,1,0,0,1,0
56.367081,0,0,0,0,0,0,0,0,1
56.377565,0,1,0,0,0,0,0,0,0
56.386237,0,1,0,0,0,0,0,0,0
56.396007,0,0,0,0,0,1,0,0,0
56.400097,0,0,1,1,0,0,0,0,0
56.449651,0,0,0,1,0,1,0,0,1
56.482168,0,0,1,0,0,0,0,0,0
56.496395,0,0,0,0,0,1,0,0,0
56.497021,0,0,0,0,0,0,0,0,1
56.498253,0,0,0,1,0,0,0,0,1
56.532106,0,0,1,0,0,0,1,0,0
56.533471,0,0,1,0,0,0,0,0,0
56.546733,1,0,0,0,0,1,0,0,1
56.550231,0,0,0,1,0,0,1,0,0
56.563297,1,0,0,0,1,0,1,1,0
56.581679,1,0,1,0,0,0,0,0,0
56.582624,0,0,0,0,1,0,0,0,0
56.582961,0,0,0,0,1,0,0,1,0
56.588931,0,1,0,0,0,0,0,0,0
56.596681,0,0,0,0,0,1,1,0,0
56.597615,0,0,0,0,0,0,0,1,1
56.600238,0,0,0,1,0,0,0,0,0
56.604600,0,1,0,0,0,0,1,0,0
56.609261,1,0,0,0,1,0,0,0,0
56.614909,1,0,0,0,0,0,0,0,0
56.618588,0,1,0,0,1,0,0,1,0
56.625556,0,0,0,0,0,0,0,1,0
56.628665,0,0,1,0,0,0,0,0,0
56.648204,0,1,0,1,0,1,0,0,0
56.653442,0,1,0,0,0,0,0,0,1
56.689208,0,0,1,0,0,0,0,0,0
56.696525,0,0,0,0,0,1,0,0,1
56.700415,0,0,0,1,0,0,0,0,0
56.712374,0,0,0,0,0,0,1,0,0
56.727296,1,0,1,0,1,0,0,1,0
56.750000,0,1,0,1,0,1,0,0,0
56.761957,0,0,0,0,0,0,0,0,1
56.798970,0,0,1,1,0,1,1,0,1
56.816748,1,0,0,0,0,0,1,0,0
56.829665,1,0,1,0,1,0,0,0,0
56.849366,0,0,0,1,1,1,1,0,1
56.867549,1,0,0,0,0,0,0,0,0
56.875613,0,0,0,0,1,0,1,1,0
56.886864,1,0,1,0,0,0,0,1,0
56.896601,0,1,0,0,1,1,0,0,1
56.899268,0,0,0,1,0,0,0,1,0
56.908285,0,1,0,0,0,0,0,1,0
56.916834,0,0,0,0,0,0,1,0,0
56.924410,0,1,0,0,0,0,0,0,0
56.926661,0,0,1,0,0,0,0,0,0
56.931919,1,1,0,0,1,0,0,0,0
56.949621,0,0,0,1,0,1,1,0,1
56.968570,1,0,0,0,0,0,0,0,0
56.988788,0,0,1,0,1,0,0,0,0
56.996771,0,0,0,0,0,1,0,0,1
56.998822,0,0,0,1,0,0,1,0,0
57.012203,1,0,0,0,1,0,0,0,0
57.029241,0,0,1,0,0,0,0,1,0
57.050864,0,1,0,1,0,1,1,0,1
57.054063,0,0,0,0,0,0,0,1,0
57.068337,1,0,0,0,0,0,0,0,0
57.069446,0,0,0,0,1,0,0,1,0
57.082945,0,1,1,0,0,0,0,0,0
57.096066,0,1,0,0,0,1,0,1,1
57.101926,0,0,0,1,0,0,1,0,0
57.118748,1,1,0,0,0,0,0,0,0
57.121312,0,0,0,0,1,0,0,1,0
57.135526,0,0,1,0,0,0,0,0,0
57.150439,0,1,0,1,0,1,0,0,0
57.198300,0,0,0,1,0,1,1,0,1
57.212368,1,0,0,0,0,0,1,0,1
57.220285,0,0,0,0,1,0,0,1,0
57.225922,1,0,0,0,1,0,0,0,0
57.227051,0,0,0,0,0,0,0,1,0
57.236230,0,0,1,0,0,0,0,0,0
57.244886,0,1,1,0,0,0,0,0,0
57.248842,0,1,0,1,0,1,1,0,0
57.260564,1,0,0,0,0,0,0,0,0
57.299151,0,0,0,1,1,1,0,1,1
57.329151,0,1,1,0,0,0,0,0,0
57.349290,0,0,0,1,0,1,0,0,1
57.386744,0,0,1,0,0,0,1,0,1
57.396811,1,0,0,0,1,1,1,1,1
57.398882,0,0,0,1,0,0,1,0,0
57.416811,1,1,1,0,1,0,0,1,0
57.418789,1,0,0,0,0,0,0,0,0
57.429939,0,0,1,0,0,0,0,0,0
57.446437,0,1,0,0,0,1,0,0,0
57.447066,0,0,0,0,1,0,0,1,0
57.447533,0,0,0,0,0,0,0,0,1
57.448878,0,0,0,1,0,0,1,0,0
57.467547,1,1,0,0,0,0,0,0,0
57.483516,0,0,1,0,1,0,0,1,0
57.496692,0,0,0,0,0,1,0,0,1
57.501888,0,0,0,1,0,0,1,0,0
57.512159,1,1,0,0,0,0,0,0,0
57.533590,0,0,1,0,1,0,0,0,0
57.535347,0,0,0,0,0,0,0,1,0
57.551722,0,0,0,1,0,1,1,0,0
57.562537,1,1,0,0,1,0,0,1,0
57.564208,0,0,0,0,0,0,0,0,1
57.586537,0,1,0,0,0,0,0,0,0
57.596355,0,0,1,0,0,1,0,0,0
57.600205,0,0,0,1,0,0,1,0,0
57.610883,1,0,0,0,1,0,0,0,0
57.631928,0,0,0,0,0,0,0,0,1
57.650857,0,0,0,1,0,1,1,0,0
57.660882,1,0,0,0,1,0,0,1,0
57.661245,0,0,0,0,0,0,0,0,1
57.664711,0,0,1,0,0,0,0,0,0
57.686128,0,1,0,0,0,0,0,0,0
57.696242,0,0,1,0,0,1,0,0,1
57.699903,0,0,0,1,0,0,0,1,0
57.703352,0,0,0,0,0,0,1,0,0
57.720892,1,1,0,0,1,0,0,0,0
57.723151,0,0,0,0,0,0,0,1,0
57.734393,0,0,1,0,0,0,0,0,0
57.751917,0,1,0,1,0,1,0,0,0
57.800685,0,0,0,1,0,1,0,0,1
57.832896,0,0,1,0,0,0,1,0,1
57.846870,1,0,0,0,0,1,0,0,1
57.847074,0,0,0,0,1,0,1,1,0
57.850782,0,0,0,1,0,0,0,0,0
57.865674,1,0,1,0,0,0,1,0,0
57.877049,1,1,1,0,1,0,0,1,0
57.898342,0,1,0,1,1,1,0,0,0
57.950769,0,0,0,1,0,1,1,1,1
57.965501,1,0,0,0,1,0,1,1,1
57.980769,1,1,1,0,1,0,0,0,0
57.988396,0,1,0,0,0,0,0,0,0
58.000272,0,0,1,1,0,1,0,1,1
58.022016,0,1,0,0,0,0,0,0,0
58.035439,0,0,1,0,0,0,1,0,0
58.048780,1,0,0,1,1,1,0,0,1
58.086360,0,0,1,0,0,0,0,1,0
58.101495,0,0,0,1,0,1,1,0,0
58.111619,1,1,0,0,1,0,1,0,1
58.129804,1,0,0,0,0,0,0,1,0
58.148290,0,0,1,1,0,1,1,0,1
58.159160,1,1,0,0,1,0,0,1,0
58.170566,0,0,0,0,1,0,0,1,0
58.178313,0,0,1,0,0,0,0,0,0
58.181715,0,1,0,0,0,0,0,0,0
58.198513,0,1,0,1,0,1,0,0,1
58.229692,0,0,1,0,0,0,1,0,0
58.246691,1,0,0,0,1,1,0,1,1
58.250484,0,0,0,1,0,0,1,0,0
58.268134,1,1,0,0,1,0,0,0,0
58.279225,0,0,1,0,0,0,0,1,0
58.298171,0,0,0,1,0,1,1,0,0
58.302647,0,1,0,0,0,0,0,0,0
58.311338,1,0,0,0,1,0,0,1,1
58.341338,0,1,1,0,0,0,0,0,0
58.348000,0,0,0,1,0,1,0,0,0
58.399672,0,0,0,1,0,1,0,0,0
58.446079,0,0,0,0,0,1,0,0,0
58.447031,0,0,0,0,0,0,0,0,1
58.451561,0,0,0,1,0,0,0,0,0
58.480797,0,0,1,0,0,0,0,0,1
58.490276,0,0,0,0,0,0,1,0,0
58.493907,0,0,0,0,0,0,0,0,1
58.496611,0,0,0,0,0,1,1,0,1
58.500699,1,0,0,1,1,0,1,0,0
58.512116,1,0,1,0,0,0,0,0,0
58.513657,1,0,0,0,0,0,0,1,0
58.533722,0,1,1,0,1,0,1,0,0
58.536453,0,0,1,0,1,0,0,1,0
58.551096,1,0,0,1,0,1,0,0,1
58.553000,0,0,0,0,1,0,1,1,0
58.565653,1,1,0,0,0,0,0,0,0
58.579794,0,1,0,0,0,0,0,1,0
58.585148,0,0,1,0,1,0,0,0,0
58.601271,0,1,0,1,0,1,1,0,1
58.602955,0,0,0,0,0,0,0,1,0
58.618947,1,0,0,0,1,0,0,0,0
58.632829,0,1,1,0,0,0,0,1,0
58.649464,0,0,0,1,0,1,0,0,1
58.656510,0,1,0,0,0,0,1,0,0
58.674047,1,0,0,0,0,0,0,0,0
58.675923,0,0,0,0,1,0,0,1,0
58.685548,0,0,1,0,0,0,0,0,0
58.696031,0,1,0,0,0,1,0,0,0
58.697012,0,0,0,0,0,0,0,0,1
58.699930,0,0,0,1,0,0,1,0,0
58.714573,1,0,0,0,1,0,0,1,0
58.730425,0,0,1,0,0,0,0,0,0
58.734976,0,1,0,0,0,0,0,0,0
58.746435,0,0,0,0,0,1,0,0,1
58.750389,0,0,0,1,0,0,1,0,0
58.761073,1,0,0,0,0,0,0,0,0
58.779404,0,0,1,0,1,0,0,1,0
58.799469,0,1,0,1,0,1,1,0,1
58.811283,1,0,0,0,1,0,0,0,0
58.824677,0,0,0,0,0,0,0,1,0
58.838005,0,0,1,0,0,0,0,0,0
58.846783,0,1,0,0,0,1,0,0,0
58.849251,0,0,0,1,0,0,0,0,0
58.896963,0,0,0,0,0,1,0,0,1
58.897961,0,0,0,0,0,0,0,0,1
58.897980,0,0,0,0,0,0,1,0,0
58.901819,0,0,0,1,0,0,1,0,0
58.916687,1,0,0,0,1,0,0,0,0
58.918720,1,0,0,0,1,0,0,1,0
58.932253,0,0,1,0,0,0,0,0,0
58.936247,0,0,1,0,0,0,0,1,0
58.946341,0,1,0,0,0,1,0,0,0
58.949655,0,0,0,1,0,0,0,0,1
58.958767,0,1,0,0,0,0,1,0,0
58.974819,1,0,0,0,1,0,0,1,0
58.988269,0,0,1,0,0,0,0,0,0
59.000616,0,1,0,1,0,1,0,0,0
59.046440,0,0,0,0,0,1,1,0,1
59.049709,0,0,0,1,0,0,0,0,0
59.062767,1,0,0,0,0,0,0,0,0
59.080217,0,0,1,0,0,0,0,0,1
59.096722,0,0,0,0,0,1,1,0,0
59.097399,0,0,0,0,1,0,0,1,0
59.097699,0,0,0,0,0,0,0,0,1
59.101377,0,0,0,1,0,0,0,0,0
59.107725,1,0,0,0,1,0,0,1,0
59.108786,0,0,0,0,0,0,1,0,0
59.119291,1,1,1,0,0,0,0,0,0
59.137381,0,1,1,0,1,0,0,0,0
59.150992,0,0,0,1,0,1,0,0,0
59.199970,0,0,0,1,0,1,0,1,1
59.213189,0,0,0,0,0,0,0,0,1
59.226340,0,1,0,0,0,0,1,0,0
59.238261,1,0,1,0,1,0,0,0,0
59.250112,0,0,1,1,0,1,1,1,0
59.270112,1,1,0,0,0,0,1,0,0
59.289343,1,0,0,0,0,0,0,0,1
59.301756,0,0,0,1,1,1,0,0,0
59.317929,0,0,0,0,0,0,0,0,1
59.328470,0,0,1,0,0,0,0,1,0
59.348178,0,0,1,1,1,1,1,0,0
59.358266,1,1,0,0,1,0,0,0,1
59.398152,0,0,1,1,0,1,0,1,1
59.421448,0,1,0,0,0,0,1,1,0
59.431937,1,0,1,0,1,0,1,1,0
59.450621,1,1,0,1,1,1,1,0,1
59.461285,1,1,0,0,0,0,0,0,0
59.486574,0,0,1,0,1,0,0,1,0
59.499689,0,0,0,1,0,1,0,0,1
59.515457,0,1,0,0,0,0,0,0,0
59.532276,0,0,1,0,0,0,1,1,0
59.544859,1,0,0,0,1,0,0,0,0
59.550994,0,0,0,1,0,1,1,1,0
59.561653,1,1,0,0,1,0,0,1,0
59.574465,0,1,0,0,0,0,0,0,0
59.580233,0,0,0,0,0,0,0,0,1
59.584821,0,1,0,0,0,0,0,0,0
59.599455,0,0,0,1,0,1,0,0,0
59.618144,0,0,1,0,0,0,1,0,0
59.633464,1,0,0,0,1,0,0,1,0
59.646322,0,0,0,0,0,1,0,0,1
59.649808,0,0,0,1,0,0,1,0,0
59.654463,0,1,0,0,0,0,0,0,1
59.665451,1,0,0,0,1,0,0,1,0
59.685938,0,1,1,0,0,0,0,0,0
59.689318,0,0,1,0,0,0,0,0,0
59.700936,0,0,0,1,0,1,0,0,1
59.738492,0,0,1,0,0,0,1,0,0
59.749733,1,0,0,1,1,1,0,1,1
59.779733,0,1,1,0,0,0,0,0,0
59.800894,0,0,0,1,0,1,1,0,1
59.817105,1,0,0,0,1,0,1,0,0
59.832074,1,0,1,0,1,0,0,1,0
59.848568,0,0,0,1,0,1,0,1,0
59.857600,0,1,0,0,0,0,1,0,0
59.867773,1,0,0,0,1,0,0,0,1
59.870198,0,1,0,0,0,0,0,1,0
59.899250,0,1,1,1,0,1,1,0,0
59.918938,1,0,0,0,0,0,0,0,1
59.948449,0,0,0,1,1,1,0,1,1
59.952238,0,0,1,0,0,0,1,0,0
59.963005,1,0,0,0,1,0,0,1,0
59.971568,0,1,0,0,0,0,0,0,0
59.979195,0,0,1,0,0,0,0,0,0
59.983859,0,1,0,0,0,0,0,0,0
59.998127,0,0,0,1,0,1,0,0,0
60.046120,0,0,0,0,0,1,0,0,1
60.050905,0,0,0,1,0,0,0,0,1
60.054325,0,0,0,0,0,0,1,0,0
60.073458,1,0,0,0,1,0,1,1,0
60.084737,1,0,1,0,1,0,0,1,0
60.088176,0,0,1,0,0,0,0,0,0
60.101886,0,1,0,1,0,1,1,0,0
60.111936,1,1,0,0,1,0,0,1,1
60.137002,0,1,0,0,0,0,0,0,0
60.148706,0,0,1,1,0,1,0,0,1
60.181802,0,0,1,0,0,0,1,0,0
60.198647,1,0,0,1,1,1,0,1,1
60.228647,0,1,1,0,0,0,1,0,0
60.239994,1,0,0,0,1,0,0,0,0
60.248916,0,0,0,1,0,1,1,1,0
60.260047,1,0,0,0,1,0,0,1,0
60.262209,0,0,0,0,0,0,0,0,1
60.269887,0,1,0,0,0,0,0,0,0
60.282157,0,1,0,0,0,0,0,0,0
60.299452,0,0,1,1,0,1,0,0,0
60.346028,0,0,0,0,0,1,0,0,1
60.350160,0,0,0,1,0,0,0,0,1
60.376028,0,0,1,0,0,0,0,0,0
60.377644,0,0,0,0,0,0,1,0,0
60.389051,1,0,1,0,1,0,0,1,0
60.396924,0,0,0,0,0,1,0,0,0
60.397474,0,0,0,0,0,0,0,0,1
60.399677,0,0,0,1,0,0,0,0,0
60.414734,0,1,0,0,0,0,0,0,0
60.433535,0,0,1,0,0,0,1,0,0
60.446780,1,0,0,0,1,1,1,0,0
60.447180,0,0,0,0,0,0,0,1,1
60.451602,0,0,0,1,0,0,0,0,0
60.465417,1,0,0,0,1,0,0,0,0
60.466288,0,0,0,0,0,0,1,1,0
60.476683,1,1,0,0,1,0,0,0,0
60.476931,0,0,0,0,0,0,0,1,0
60.479867,0,0,1,0,0,0,0,0,0
60.487547,0,1,0,0,0,0,0,0,0
60.496316,0,0,0,0,0,1,0,0,0
60.500354,0,1,0,1,0,0,1,0,1
60.514693,1,0,0,0,1,0,0,1,0
60.532384,0,0,1,0,0,0,0,0,0
60.538184,0,1,0,0,0,0,0,0,0
60.550008,0,0,0,1,0,1,0,0,1
60.587638,0,0,1,0,0,0,0,0,0
60.596505,0,0,0,0,0,1,1,0,0
60.600084,0,0,0,1,0,0,1,0,0
60.616367,1,0,0,0,0,0,0,0,0
60.617717,1,0,0,0,1,0,0,1,0
60.640537,0,1,0,0,0,0,0,0,1
60.649657,0,0,0,1,1,1,1,1,1
60.662649,1,0,0,0,1,0,0,1,0
60.679112,0,1,1,0,0,0,0,0,0
60.680362,0,0,1,0,0,0,0,0,0
60.689616,0,1,0,0,0,0,0,0,0
60.698976,0,0,0,1,0,1,1,0,1
60.716300,1,0,0,0,1,0,0,0,0
60.733833,0,0,1,0,0,0,0,1,0
60.749894,0,0,0,1,0,1,1,0,1
60.756432,0,1,0,0,0,0,0,0,0
60.762929,1,0,0,0,0,0,0,0,0
60.783754,0,0,1,0,1,0,0,0,0
60.793218,0,0,0,0,0,0,0,1,0
60.796679,0,0,0,0,0,1,0,0,0
60.799570,0,0,0,1,0,0,1,0,0
60.810978,1,0,0,0,1,0,0,0,0
60.814513,0,1,0,0,0,0,0,0,0
60.846385,0,0,0,0,0,1,0,1,1
60.847180,0,0,0,0,0,0,0,0,1
60.851765,0,0,0,1,0,0,0,0,0
60.867505,0,1,0,0,0,0,0,0,0
60.870107,0,0,0,0,0,0,1,0,0
60.885303,1,0,1,0,1,0,0,0,0
60.886960,0,0,1,0,0,0,0,1,0
60.899815,0,0,0,1,0,1,1,0,0
60.910205,1,1,0,0,0,0,0,0,1
60.949203,0,0,1,1,0,1,0,0,0
60.996218,0,0,0,0,1,1,0,0,0
60.997129,0,0,0,0,0,0,1,1,1
60.997564,0,0,0,0,0,0,0,0,1
61.000920,0,0,0,1,0,0,1,0,0
61.017129,1,1,0,0,1,0,0,1,0
61.019881,1,0,0,0,0,0,0,0,0
61.037129,0,1,1,0,1,0,0,0,0
61.037390,0,0,1,0,0,0,0,1,0
61.046241,0,0,0,0,0,1,0,0,1
61.050400,0,0,0,1,0,0,1,0,0
61.060790,1,1,0,0,1,0,0,0,0
61.085029,0,0,1,0,0,0,0,0,0
61.091173,0,0,0,0,0,0,0,1,0
61.099448,0,0,0,1,0,1,0,0,0
61.117495,0,1,0,0,0,0,0,0,0
61.146016,0,0,0,0,0,1,0,0,1
61.147010,0,0,0,0,0,0,1,0,0
61.148040,0,0,0,1,0,0,0,0,1
61.149094,0,0,0,0,0,0,1,0,0
61.161894,1,0,0,0,1,0,0,1,0
61.165068,1,0,0,0,0,0,0,0,0
61.176762,0,0,1,0,1,0,0,1,0
61.179631,0,0,1,0,0,0,0,0,0
61.186208,0,1,0,0,0,0,0,0,0
61.196811,0,1,0,0,0,1,0,0,0
61.198407,0,0,0,1,0,0,0,0,0
61.248179,0,0,0,1,0,1,1,0,0
61.265504,1,0,0,0,1,0,1,1,1
61.285504,1,1,0,0,1,0,0,1,1
61.298135,0,0,1,1,0,1,1,0,1
61.312400,1,1,0,0,0,0,0,0,0
61.313520,0,0,0,0,1,0,0,0,0
61.319427,0,0,1,0,0,0,0,1,0
61.331101,0,0,1,0,0,0,0,0,0
61.349341,0,1,0,1,0,1,1,0,0
61.353334,0,0,0,0,0,0,0,0,1
61.362617,1,0,0,0,1,0,0,0,0
61.389225,0,0,1,0,0,0,0,1,0
61.396616,0,0,0,0,0,1,0,0,0
61.399928,0,0,0,1,0,0,0,0,1
61.413588,0,1,0,0,0,0,0,0,0
61.438261,0,0,1,0,0,0,1,0,0
61.446977,0,0,0,0,0,1,0,0,1
61.449662,1,0,0,1,1,0,1,1,0
61.464376,1,0,0,0,1,0,0,1,0
61.479564,0,1,1,0,0,0,0,0,0
61.492073,0,1,0,0,0,0,0,0,0
61.496519,0,0,0,0,0,1,0,0,0
61.501821,0,0,0,1,0,0,0,0,1
61.538071,0,0,1,0,0,0,0,0,0
61.548834,0,0,0,1,0,1,1,0,0
61.567405,1,0,0,0,1,0,0,0,1
61.587854,0,0,0,0,0,0,1,1,0
61.597894,1,0,1,0,0,1,0,0,0
61.597947,0,0,0,0,1,0,0,1,1
61.599793,0,0,0,1,0,0,1,0,0
61.616840,1,1,0,0,1,0,0,0,0
61.618947,0,1,0,0,0,0,0,1,0
61.633503,0,0,1,0,0,0,0,0,0
61.648730,0,1,0,1,0,1,0,0,1
61.680799,0,0,1,0,0,0,1,0,0
61.700432,1,0,0,1,1,1,1,1,1
61.720432,1,1,0,0,1,0,0,1,0
61.740432,0,1,1,0,0,0,0,0,0
61.746862,0,0,0,0,0,1,0,0,0
61.750080,0,0,0,1,0,0,1,0,0
61.757462,0,0,0,0,0,0,0,0,1
61.767676,1,0,0,0,1,0,0,0,0
61.796072,0,0,1,0,0,1,0,1,0
61.798014,0,0,0,1,0,0,0,0,0
61.800004,0,0,0,0,0,0,0,0,1
61.823523,0,1,0,0,0,0,0,0,0
61.824577,0,0,0,0,0,0,1,0,0
61.836569,1,0,1,0,0,0,0,0,0
61.848247,0,0,0,1,1,1,0,0,1
61.877072,0,0,0,0,0,0,1,1,0
61.887373,1,0,1,0,1,0,0,1,0
61.899455,0,1,0,1,0,1,0,0,1
61.916883,0,1,0,0,0,0,0,0,0
61.929890,0,0,1,0,0,0,0,0,0
61.946837,0,0,0,0,0,1,0,0,0
61.951631,0,0,0,1,0,0,1,0,1
61.961664,1,0,0,0,1,0,1,1,0
61.981664,1,1,1,0,1,0,0,1,0
62.001845,0,1,0,1,0,1,0,0,1
62.036845,0,0,1,0,0,0,1,0,0
62.051682,1,0,0,1,1,1,1,1,1
62.071682,1,1,0,0,1,0,0,0,0
62.088053,0,0,1,0,0,0,0,1,0
62.099714,0,0,0,1,0,1,1,0,1
62.108380,0,1,0,0,0,0,0,0,0
62.113689,1,0,0,0,1,0,0,0,0
62.130718,0,0,1,0,0,0,0,1,0
62.146189,0,0,0,0,0,1,0,0,0
62.149640,0,0,0,1,0,0,0,0,1
62.150065,0,0,0,0,0,0,1,0,0
62.160239,1,1,0,0,1,0,0,1,0
62.179666,0,0,1,0,0,0,0,0,0
62.181085,0,1,0,0,0,0,0,0,0
62.201333,0,0,0,1,0,1,0,0,0
62.246683,0,0,0,0,0,1,0,0,0
62.247162,0,0,0,0,0,0,0,0,1
62.247581,0,0,0,0,0,0,0,0,1
62.249569,0,0,0,1,0,0,0,0,0
62.278273,0,0,1,0,0,0,0,0,0
62.279407,0,0,1,0,0,0,0,0,0
62.296309,0,0,0,0,0,1,0,0,0
62.297287,0,0,0,0,0,0,1,0,1
62.297643,0,0,0,0,0,0,1,0,0
62.299898,0,0,0,1,0,0,0,0,0
62.317237,1,0,0,0,1,0,0,0,0
62.317504,1,0,0,0,1,0,1,1,0
62.329395,1,0,1,0,0,0,0,1,0
62.339861,0,1,0,0,1,0,0,1,0
62.351172,0,1,0,1,0,1,0,0,0
62.366839,0,1,0,0,0,0,1,0,1
62.379790,1,0,0,0,0,0,0,0,0
62.396918,0,0,1,0,1,1,0,1,1
62.399957,0,0,0,1,0,0,1,0,0
62.419800,1,1,0,0,1,0,0,1,0
62.429628,0,0,1,0,0,0,0,0,0
62.449043,0,1,0,1,0,1,1,0,0
62.466008,1,0,0,0,1,0,0,0,1
62.499874,0,0,1,1,0,1,1,0,0
62.514988,1,0,0,0,1,0,0,0,0
62.548298,0,0,0,1,0,1,0,1,0
62.576953,0,1,0,0,0,0,0,0,1
62.596927,0,0,0,0,0,1,0,1,1
62.600732,0,0,0,1,0,0,0,0,0
62.616936,0,1,1,0,0,0,0,0,1
62.635884,0,0,1,0,0,0,0,0,0
62.649969,0,0,1,1,0,1,0,0,0
62.696149,0,0,0,0,0,1,0,0,0
62.701182,0,0,0,1,0,0,0,0,1
62.738825,0,0,1,0,0,0,1,0,0
62.750181,1,0,0,1,1,1,0,1,1
62.768704,0,0,0,0,0,0,0,0,1
62.769602,0,0,0,0,0,0,1,0,0
62.777387,0,1,0,0,0,0,0,0,0
62.789537,1,0,1,0,0,0,1,0,0
62.801924,1,0,1,1,1,1,1,0,1
62.810341,0,0,0,0,0,0,1,0,0
62.811274,0,0,0,0,1,0,0,0,0
62.811599,0,0,0,0,0,0,0,1,0
62.812583,1,0,0,0,0,0,1,0,0
62.828436,1,0,0,0,0,0,0,1,0
62.829515,1,0,0,0,1,0,0,0,0
62.840425,0,1,1,0,0,0,0,0,0
62.848103,0,0,0,1,0,1,1,0,1
62.858401,1,1,0,0,0,0,0,0,0
62.885181,0,0,1,0,0,0,0,0,0
62.898435,0,0,0,1,0,1,0,0,1
62.913829,0,0,0,0,1,0,1,1,0
62.930307,1,0,1,0,0,0,0,0,0
62.932503,0,0,0,0,1,0,0,0,0
62.936415,0,1,0,0,0,0,0,1,0
62.948667,0,0,0,1,0,1,1,1,1
62.965597,1,1,0,0,0,0,0,0,0
62.971212,0,1,0,0,1,0,0,1,0
62.975127,0,0,0,0,1,0,0,0,0
62.983373,0,0,1,0,0,0,0,1,0
62.998332,0,1,0,1,1,1,0,1,1
63.006381,0,1,0,0,0,0,0,0,0
63.028332,0,1,1,0,0,0,0,0,0
63.037913,0,0,0,0,0,0,1,0,0
63.047922,1,0,0,0,1,1,0,0,0
63.051090,0,0,0,1,0,0,0,0,1
63.057832,0,0,0,0,0,0,1,1,0
63.077832,1,1,0,0,0,0,0,0,0
63.082658,0,0,1,0,1,0,0,1,0
63.096704,0,0,0,0,0,1,0,0,0
63.099927,0,0,0,1,0,0,0,0,1
63.106287,0,1,0,0,0,0,1,0,0
63.124016,1,0,0,0,1,0,0,0,0
63.132271,0,0,1,0,0,0,0,0,0
63.150214,0,0,0,1,0,1,1,0,0
63.163663,1,0,0,0,0,0,0,0,1
63.196701,0,0,1,0,0,1,0,0,1
63.199667,0,0,0,1,0,0,0,0,0
63.205916,0,0,0,0,0,0,1,0,0
63.208142,0,0,0,0,0,0,0,1,0
63.216432,1,0,0,0,0,0,0,0,0
63.231112,0,1,1,0,1,0,0,1,0
63.248371,0,0,0,1,1,1,0,1,1
63.249417,0,0,0,0,0,0,1,0,0
63.260772,1,1,0,0,1,0,0,0,0
63.278371,0,1,1,0,0,0,0,1,0
63.298053,0,0,0,1,0,1,0,0,1
63.298212,0,0,0,0,0,0,1,0,0
63.308284,1,1,0,0,1,0,0,1,0
63.328091,0,0,1,0,0,0,0,0,0
63.331784,0,1,0,0,0,0,0,0,0
63.349618,0,0,0,1,0,1,0,0,0
63.396890,0,0,0,0,0,1,0,0,0
63.399685,0,0,0,1,0,0,0,0,1
63.403720,0,0,0,0,0,0,1,0,0
63.405680,0,0,0,0,0,0,0,0,1
63.420875,1,0,0,0,0,0,1,0,0
63.422629,0,0,0,0,1,0,0,1,0
63.431078,1,0,1,0,1,0,0,0,0
63.445195,0,1,1,0,0,0,0,0,0
63.451282,0,0,0,1,0,1,0,0,1
63.469430,0,0,0,0,0,0,1,0,0
63.476902,0,0,0,0,0,0,0,1,0
63.479859,1,0,0,0,1,0,0,1,0
63.482350,0,0,1,0,0,0,0,0,0
63.496931,0,1,0,0,0,1,0,0,0
63.498839,0,0,0,1,0,0,1,0,0
63.500745,0,1,0,0,0,0,0,0,1
63.510031,1,0,0,0,0,0,0,0,0
63.533605,0,0,1,0,0,0,0,0,0
63.548950,0,0,0,1,1,1,1,1,1
63.563800,1,0,0,0,1,0,0,1,0
63.571963,0,1,0,0,0,0,0,0,0
63.581068,0,0,1,0,0,0,0,0,0
63.593390,0,1,0,0,0,0,0,0,0
63.598026,0,0,0,1,0,1,1,0,1
63.614226,1,0,0,0,1,0,0,1,0
63.633063,0,0,1,0,0,0,0,0,0
63.640379,0,1,0,0,0,0,0,0,0
63.646092,0,0,0,0,0,1,0,0,1
63.649088,0,0,0,1,0,0,0,0,0
63.684225,0,0,1,0,0,0,0,0,0
63.696354,0,0,0,0,0,1,0,0,0
63.697172,0,0,0,0,0,0,0,0,1
63.697586,0,0,0,0,0,0,1,0,0
63.700914,0,0,0,1,0,0,1,0,0
63.711185,1,0,0,0,1,0,0,1,0
63.718739,1,0,0,0,1,0,0,1,0
63.734375,0,1,1,0,0,0,0,0,0
63.738771,0,1,0,0,0,0,0,0,0
63.750812,0,0,0,1,0,1,1,0,1
63.763908,1,0,0,0,1,0,0,0,0
63.786699,0,0,1,0,0,0,0,0,0
63.796941,0,0,0,0,0,1,0,1,0
63.801931,0,0,0,1,0,0,0,0,1
63.820466,0,1,0,0,0,0,0,0,0
63.822878,0,0,0,0,0,0,1,0,0
63.839889,1,0,1,0,1,0,0,1,0
63.851371,0,0,0,1,0,1,0,0,0
63.854773,0,0,0,0,0,0,1,0,0
63.865991,1,1,0,0,1,0,0,0,1
63.896394,0,0,1,0,0,1,0,1,0
63.897205,0,0,0,0,0,0,0,0,1
63.899083,0,0,0,1,0,0,1,0,0
63.918939,1,1,0,0,1,0,0,0,0
63.924609,0,0,0,0,0,0,0,1,0
63.931607,0,0,1,0,0,0,0,0,0
63.946679,0,1,0,0,0,1,0,0,1
63.951504,0,0,0,1,0,0,0,0,0
63.981435,0,0,1,0,0,0,1,0,0
63.999328,1,0,0,1,0,1,1,0,1
64.012478,1,0,0,0,1,0,0,1,0
64.029626,0,0,1,0,1,0,0,0,0
64.035885,0,1,0,0,0,0,0,1,0
64.049572,0,0,0,1,0,1,0,0,0
64.053074,0,0,0,0,0,0,1,0,0
64.054770,0,0,0,0,0,0,0,0,1
64.063792,1,1,0,0,1,0,0,0,0
64.069760,0,0,0,0,0,0,0,1,0
64.085544,0,0,1,0,0,0,0,0,0
64.098646,0,1,0,1,0,1,0,0,0
64.131698,0,0,0,0,0,0,1,0,1
64.146050,1,0,0,0,1,1,0,1,0
64.150249,0,0,0,1,0,0,1,0,1
64.163139,1,0,1,0,0,0,0,0,0
64.164860,0,0,0,0,1,0,0,0,0
64.170728,0,1,0,0,0,0,0,0,0
64.184706,0,0,1,0,0,0,0,0,0
64.198039,0,0,0,1,0,1,1,0,0
64.209688,1,0,0,0,0,0,0,1,0
64.215179,0,0,0,0,0,0,0,0,1
64.234545,0,1,0,0,1,0,0,0,0
64.237419,0,0,0,0,0,0,0,1,0
64.246160,0,0,1,0,0,1,0,0,1
64.251323,0,0,0,1,0,0,1,0,0
64.264035,1,1,0,0,1,0,0,1,0
64.278452,0,0,1,0,0,0,0,0,0
64.289469,0,1,0,0,0,0,0,0,0
64.298709,0,0,0,1,0,1,0,0,0
64.346269,0,0,0,0,0,1,1,0,0
64.351621,0,0,0,1,0,0,1,0,0
64.363365,1,0,0,0,0,0,0,0,0
64.370170,1,0,0,0,0,0,0,0,0
64.396247,0,0,0,0,1,1,0,0,0
64.399968,0,0,0,1,0,0,0,1,1
64.429968,0,1,1,0,1,0,0,1,0
64.448119,0,0,0,1,0,1,0,0,0
64.449055,0,0,0,0,0,0,1,0,1
64.453694,0,1,0,0,0,0,1,0,1
64.456964,0,0,0,0,0,0,0,0,1
64.467681,1,0,0,0,1,0,0,0,0
64.472797,1,0,0,0,0,0,0,0,0
64.483893,0,0,1,0,0,0,0,1,0
64.486454,0,0,1,0,1,0,0,1,0
64.492326,0,0,1,0,0,0,0,0,0
64.496721,0,0,0,0,0,1,0,0,1
64.501949,0,0,0,1,0,0,1,0,0
64.512072,1,1,0,0,0,0,0,0,0
64.513117,0,1,0,0,0,0,0,0,0
64.535443,0,0,1,0,0,0,0,0,0
64.546701,0,0,0,0,0,1,0,0,1
64.550698,0,0,0,1,1,0,0,0,0
64.582623,0,0,1,0,0,0,0,0,0
64.596823,0,0,0,0,0,1,0,1,1
64.601126,0,0,0,1,0,0,1,0,0
64.612581,1,0,0,0,1,0,0,1,0
64.614597,0,0,0,0,0,0,1,0,0
64.625655,1,1,0,0,1,0,0,0,0
64.628622,0,0,1,0,0,0,0,1,0
64.636738,0,1,0,0,0,0,0,0,0
64.646599,0,0,0,0,0,1,0,0,0
64.648257,0,0,0,1,0,0,0,0,0
64.648440,0,0,0,0,0,0,0,0,1
64.648531,0,0,0,0,0,0,1,0,0
64.658569,1,1,0,0,1,0,0,0,0
64.670927,0,0,0,0,0,0,0,1,0
64.684796,0,0,1,0,0,0,0,0,0
64.698020,0,1,0,1,0,1,0,0,1
64.723490,0,0,0,0,0,0,1,0,0
64.733796,1,0,1,0,1,0,0,1,0
64.748814,0,0,0,1,0,1,1,0,0
64.751942,0,0,0,0,0,0,0,0,1
64.759655,1,1,0,0,1,0,0,0,0
64.790990,0,0,1,0,0,0,0,1,0
64.801562,0,0,0,1,0,1,0,0,0
64.814598,0,1,0,0,0,0,1,0,0
64.828467,1,0,0,0,1,0,0,0,0
64.846554,0,0,0,0,0,1,0,0,0
64.850570,0,0,0,1,0,0,1,1,1
64.865695,1,0,0,0,1,0,0,0,1
64.880570,0,1,1,0,0,0,0,0,0
64.901159,0,0,1,1,0,1,1,1,1
64.911428,1,0,0,0,1,0,0,1,0
64.931159,0,1,1,0,0,0,0,0,0
64.941266,0,1,0,0,0,0,0,0,0
64.951087,0,0,0,1,0,1,1,0,0
64.969786,1,0,0,0,0,0,0,0,0
65.000179,0,0,0,1,0,1,0,0,0
65.046317,0,0,0,0,1,1,1,1,0
65.048350,0,0,0,1,0,0,0,0,1
65.066317,1,1,0,0,1,0,1,1,0
65.086317,1,1,1,0,1,0,0,0,0
65.098413,0,0,0,1,0,1,1,1,1
65.113338,1,0,0,0,0,0,0,0,1
65.128413,0,1,1,0,1,0,0,0,0
65.150465,0,0,1,1,0,1,0,1,0
65.165115,0,0,0,0,0,0,0,0,1
65.171464,0,1,0,0,0,0,1,0,1
65.187906,1,0,0,0,1,0,0,1,0
65.200989,0,0,1,1,0,1,0,0,0
65.210320,0,1,1,0,0,0,1,0,0
65.221542,1,0,0,0,0,0,0,0,1
65.251718,0,0,1,1,1,1,1,1,1
65.264711,1,0,0,0,0,0,0,0,0
65.281718,0,1,1,0,1,0,0,1,0
65.301727,0,1,0,1,0,1,1,0,0
65.321472,1,0,0,0,0,0,0,0,0
65.350497,0,0,0,1,1,1,0,1,1
65.380497,0,1,1,0,0,0,1,0,0
65.394384,1,0,0,0,1,0,0,0,1
65.396018,0,0,0,0,0,1,0,0,1
65.400214,0,0,0,1,0,0,1,1,0
65.412163,1,0,0,0,0,0,0,0,0
65.413267,0,0,0,0,1,0,0,0,0
65.428160,0,1,1,0,0,0,0,1,0
65.434869,0,0,1,0,0,0,0,0,0
65.449972,0,1,0,1,0,1,1,0,0
65.464553,1,0,0,0,0,0,0,0,1
65.500380,0,0,1,1,1,1,1,0,0
65.516962,1,0,0,0,1,0,0,1,1
65.546452,0,1,0,0,0,1,0,0,0
65.546983,0,0,1,0,0,0,0,1,0
65.550801,0,0,0,1,0,0,1,0,0
65.568487,1,1,0,0,0,0,0,0,1
65.596982,0,0,0,0,1,1,0,1,1
65.598153,0,0,0,1,0,0,1,0,0
65.608379,1,0,1,0,1,0,0,1,0
65.626982,0,1,1,0,0,0,0,0,0
65.632924,0,1,0,0,0,0,0,0,0
65.651333,0,0,0,1,0,1,1,0,1
65.661356,1,0,0,0,0,0,0,0,0
65.689842,0,0,1,0,1,0,0,0,0
65.691820,0,0,0,0,0,0,0,1,0
65.696392,0,0,0,0,0,1,0,0,1
65.700611,0,0,0,1,0,0,0,0,0
65.718649,0,1,0,0,0,0,1,0,0
65.729818,1,0,1,0,1,0,0,1,0
65.748347,0,0,0,1,0,1,1,0,0
65.759127,1,1,0,0,1,0,0,1,1
65.781168,0,1,0,0,0,0,0,0,0
65.798335,0,0,1,1,0,1,1,0,0
65.818078,1,0,0,0,0,0,0,0,0
65.848301,0,0,0,1,0,1,1,0,1
65.867082,1,0,0,0,1,0,0,1,0
65.888053,0,1,1,0,0,0,0,0,0
65.901913,0,0,0,1,1,1,0,1,1
65.922416,0,1,0,0,0,0,0,0,1
65.926466,0,0,0,0,0,0,1,0,0
65.938135,1,0,1,0,0,0,0,0,0
65.943751,0,0,0,0,1,0,0,1,0
65.949455,0,0,0,1,0,1,1,0,1
65.956706,0,0,1,0,0,0,0,0,0
65.967970,1,1,0,0,1,0,0,0,0
65.971602,0,0,0,0,0,0,0,1,0
65.988231,0,0,1,0,0,0,0,0,0
65.999613,0,1,0,1,0,1,1,0,0
66.014676,1,0,0,0,1,0,0,0,0
66.034704,0,0,0,0,0,0,0,1,0
66.051258,0,0,0,1,0,1,1,0,1
66.062244,1,1,0,0,1,0,0,1,0
66.085917,0,1,1,0,0,0,0,0,0
66.101579,0,0,0,1,0,1,0,0,0
66.150863,0,0,0,1,0,1,0,0,0
66.201067,0,0,0,1,0,1,1,0,0
66.213837,1,0,0,0,1,0,0,0,0
66.250047,0,0,0,1,0,1,0,1,0
66.265514,0,0,0,0,0,0,1,0,0
66.277976,1,1,0,0,1,0,0,1,1
66.296847,0,0,0,0,0,1,0,0,1
66.300557,0,1,0,1,0,0,1,0,0
66.308686,0,0,1,0,0,0,1,0,1
66.312444,1,0,0,0,0,0,1,0,1
66.327122,1,0,1,0,0,0,0,0,0
66.331362,1,0,0,0,0,0,0,0,0
66.348133,0,0,1,1,0,1,0,0,0
66.351486,0,0,1,0,1,0,0,1,0
66.366486,0,0,0,0,1,0,1,0,0
66.372331,0,1,0,0,0,0,0,1,1
66.382511,1,0,0,0,1,0,0,0,1
66.396392,0,1,0,0,0,1,0,0,1
66.397262,0,0,0,0,0,0,0,0,1
66.399923,0,0,0,1,0,0,0,0,0
66.401081,0,0,0,0,1,0,0,1,0
66.401553,0,0,0,0,0,0,1,1,0
66.412062,1,0,1,0,1,0,0,1,0
66.414757,0,0,1,0,0,0,0,0,0
66.429412,0,1,1,0,0,0,0,0,0
66.431398,0,1,1,0,0,0,0,0,0
66.432701,0,1,0,0,0,0,0,0,0
66.446863,0,0,0,0,0,1,0,0,1
66.451379,0,0,0,1,0,0,1,0,0
66.464158,1,0,0,0,0,0,0,0,0
66.483521,0,0,1,0,1,0,0,1,0
66.501651,0,0,0,1,0,1,0,0,0
66.502600,0,0,0,0,0,0,0,0,1
66.506701,0,1,0,0,0,0,0,0,0
66.540137,0,0,1,0,0,0,0,0,0
66.551566,0,0,0,1,0,1,1,0,1
66.567390,1,0,0,0,1,0,0,1,0
66.583492,0,0,1,0,0,0,0,0,0
66.585147,0,0,0,0,0,0,1,0,0
66.597029,1,1,0,0,1,1,0,1,0
66.597514,0,0,0,0,0,0,0,0,1
66.599994,0,0,0,1,0,0,0,0,0
66.601356,0,0,0,0,0,0,1,0,0
66.615754,1,0,0,0,0,0,0,0,0
66.625050,0,1,0,0,1,0,0,0,0
66.628764,0,0,1,0,0,0,0,0,0
66.648072,0,0,0,1,0,1,0,1,0
66.662519,0,0,0,0,0,0,1,0,0
66.675163,1,1,0,0,1,0,0,0,1
66.696787,0,0,0,0,0,1,0,1,0
66.700352,0,0,0,1,0,0,0,0,0
66.712095,0,0,1,0,0,0,0,0,0
66.714843,0,0,0,0,0,0,0,0,1
66.717634,0,1,0,0,0,0,0,0,0
66.744889,0,0,1,0,0,0,0,0,0
66.746881,0,0,0,0,0,1,0,0,1
66.748200,0,0,0,1,0,0,0,0,0
66.779721,0,0,1,0,0,0,0,0,0
66.796653,0,0,0,0,0,1,0,0,1
66.801818,0,0,0,1,0,0,0,0,0
66.831360,0,0,1,0,0,0,0,0,0
66.846893,0,0,0,0,0,1,0,0,1
66.849000,0,0,0,1,0,0,0,0,0
66.853567,0,0,0,0,0,0,1,0,0
66.864195,1,0,0,0,0,0,1,0,0
66.872327,0,0,0,0,0,0,1,0,0
66.873251,0,0,0,0,0,0,1,0,0
66.873723,0,0,0,0,1,0,0,0,0
66.873959,0,0,0,0,0,0,0,1,0
66.878011,1,0,1,0,0,0,0,0,0
66.879695,0,0,0,0,1,0,0,0,0
66.881239,0,0,0,0,0,0,0,1,0
66.885067,1,0,0,0,0,0,0,0,0
66.886563,1,0,0,0,0,0,0,0,0
66.900000,0,1,0,1,1,1,1,0,1
66.908796,0,1,0,0,1,0,0,0,0
66.913236,1,0,0,0,0,0,0,0,0
66.937306,0,0,1,0,0,0,0,1,0
66.948345,0,0,0,1,1,1,1,1,0
66.954565,0,0,0,0,0,0,0,1,1
66.961191,1,1,0,0,1,0,0,0,0
66.967269,0,0,0,0,0,0,0,1,0
66.969045,0,1,0,0,0,0,0,0,0
66.984565,0,1,1,0,0,0,0,0,0
66.996137,0,1,0,0,0,1,0,0,1
67.001773,0,0,0,1,0,0,1,0,0
67.016191,1,0,0,0,0,0,0,0,0
67.017360,0,0,0,0,1,0,0,0,0
67.034435,0,0,1,0,0,0,0,0,0
67.048000,0,0,0,1,0,1,1,0,0
67.063695,1,0,0,0,0,0,0,1,0
67.088942,0,1,0,0,1,0,0,1,1
67.099216,0,0,0,1,0,1,0,0,0
67.118942,0,1,1,0,0,0,0,0,0
67.146851,0,0,0,0,0,1,1,0,1
67.148476,0,0,0,1,0,0,0,0,1
67.154722,0,0,0,0,0,0,1,0,0
67.157311,1,0,0,0,0,0,0,0,0
67.171944,1,0,0,0,1,0,0,1,0
67.175421,0,0,0,0,1,0,0,0,0
67.176305,0,0,0,0,0,0,0,1,0
67.178740,0,0,1,0,0,0,0,0,0
67.186871,0,0,1,0,0,0,0,0,0
67.199554,0,1,0,1,0,1,0,0,1
67.205853,0,1,0,0,0,0,0,0,0
67.237457,0,0,1,0,0,0,0,0,0
67.250983,0,0,0,1,0,1,1,0,0
67.269661,1,0,0,0,1,0,1,0,0
67.278547,0,0,0,0,0,0,0,0,1
67.280144,1,0,0,0,1,0,0,1,0
67.296000,0,0,0,0,0,1,0,0,0
67.300763,0,1,0,1,0,0,1,0,0
67.306552,0,0,0,0,0,0,0,1,0
67.312008,1,0,1,0,1,0,0,0,1
67.334770,0,1,0,0,0,0,0,0,0
67.350428,0,0,1,1,0,1,1,0,1
67.368947,1,0,0,0,1,0,0,1,0
67.389205,0,1,1,0,0,0,0,1,0
67.396278,0,0,0,0,0,1,0,0,0
67.399915,0,0,0,1,0,0,1,0,1
67.413090,1,1,0,0,1,0,0,0,0
67.433455,0,0,1,0,0,0,0,0,0
67.450615,0,0,0,1,0,1,0,0,1
67.488313,0,0,1,0,0,0,1,1,0
67.498718,1,0,0,1,0,1,0,0,1
67.500803,0,0,0,0,1,0,0,0,0
67.503195,0,0,0,0,0,0,1,0,0
67.511556,0,1,0,0,0,0,0,1,0
67.516477,1,0,0,0,1,0,0,1,0
67.529336,0,0,1,0,0,0,0,0,0
67.537795,0,1,0,0,0,0,0,0,0
67.540494,0,1,0,0,0,0,0,0,0
67.548597,0,0,0,1,0,1,1,0,1
67.562461,1,0,0,0,0,0,0,0,0
67.564694,0,0,0,0,1,0,0,1,0
67.585563,0,1,1,0,0,0,0,0,0
67.599227,0,0,0,1,0,1,0,0,0
67.650407,0,0,0,1,0,1,1,0,1
67.661711,1,0,0,0,1,0,1,0,0
67.680586,1,0,1,0,0,0,0,0,1
67.700625,0,0,0,1,0,1,1,1,1
67.714324,1,0,1,0,1,0,0,0,0
67.730625,0,1,1,0,0,0,0,0,0
67.751672,0,0,0,1,1,1,1,0,1
67.771588,1,0,0,0,0,0,0,0,0
67.786196,0,0,1,0,0,0,0,0,0
67.799974,0,0,0,1,1,1,1,0,0
67.810128,1,0,0,0,0,0,0,1,1
67.840128,0,1,1,0,1,0,0,0,0
67.846083,0,0,0,0,0,1,0,1,1
67.848698,0,0,0,1,0,0,0,0,0
67.876083,0,1,1,0,0,0,0,0,0
67.900034,0,0,0,1,0,1,0,1,0
67.929125,0,1,0,0,0,0,0,1,0
67.949311,0,1,0,1,0,1,1,0,0
67.959493,1,0,0,0,0,0,1,0,1
67.967395,0,0,0,0,1,0,0,1,1
67.979044,1,0,0,0,1,0,1,1,0
67.987890,0,1,0,0,0,0,0,0,0
67.996884,1,0,1,0,1,1,0,0,0
67.997139,0,0,0,0,0,0,0,1,0
68.001980,0,1,1,1,0,0,0,0,1
68.022724,0,1,0,0,0,0,0,0,0
68.037412,0,0,1,0,0,0,1,0,0
68.047675,1,0,0,0,1,1,0,1,0
68.050964,0,0,0,1,0,0,1,0,0
68.063625,1,0,0,0,0,0,0,0,1
68.075826,0,1,0,0,0,0,0,0,0
68.093792,0,0,1,0,0,0,0,0,0
68.094973,0,0,0,0,1,0,0,0,0
68.096056,0,0,0,0,0,1,0,1,1
68.098069,0,0,0,1,0,0,0,0,0
68.126056,0,1,1,0,0,0,1,0,0
68.146029,1,0,0,0,0,1,0,0,1
68.148946,0,0,0,1,1,0,0,0,0
68.160761,0,0,0,0,0,0,1,1,0
68.178305,1,0,1,0,1,0,0,1,0
68.190527,0,1,0,0,0,0,0,0,0
68.198810,0,1,0,1,0,1,1,0,0
68.211086,1,0,0,0,1,0,0,1,0
68.240005,0,1,0,0,0,0,0,0,0
68.243269,0,0,0,0,0,0,0,0,1
68.246841,0,0,0,0,0,1,0,0,0
68.247508,0,0,0,0,0,0,0,0,1
68.248394,0,0,0,1,0,0,0,0,0
68.277884,0,0,1,0,0,0,0,0,0
68.286881,0,0,1,0,0,0,1,0,0
68.300457,1,0,0,1,1,1,1,0,0
68.315123,1,0,0,0,0,0,0,1,0
68.339041,0,1,0,0,0,0,0,0,0
68.350100,0,0,0,1,0,1,0,0,1
68.378784,0,0,0,0,1,0,1,1,1
68.389498,1,0,1,0,1,0,0,0,0
68.398219,0,0,0,1,0,1,1,0,0
68.408784,1,1,1,0,0,0,0,0,0
68.450568,0,0,0,1,0,1,1,1,0
68.470568,1,1,0,0,1,0,0,1,1
68.494084,0,1,0,0,0,0,0,0,1
68.499435,0,0,0,1,1,1,0,0,0
68.501420,0,0,1,0,0,0,0,1,0
68.530961,0,1,1,0,0,0,1,0,0
68.544876,1,0,0,0,1,0,0,0,0
68.545409,0,0,0,0,0,0,0,1,1
68.550876,0,0,0,1,0,1,1,0,0
68.563147,1,0,0,0,0,0,0,0,0
68.570019,0,1,0,0,0,0,0,0,1
68.585091,0,0,1,0,1,0,0,1,0
68.596581,0,0,0,0,0,1,0,0,1
68.598676,0,0,0,1,0,0,0,0,0
68.603636,0,0,1,0,0,0,1,0,0
68.614744,1,1,0,0,0,0,0,0,0
68.632273,0,0,1,0,1,0,0,0,0
68.648516,0,0,0,1,0,1,0,0,1
68.678834,0,0,1,0,0,0,0,0,0
68.681853,0,0,0,0,0,0,1,1,0
68.696583,1,0,0,0,1,1,0,1,1
68.699965,0,0,0,1,0,0,0,0,0
68.700913,0,0,0,0,0,0,1,0,0
68.705876,0,1,0,0,0,0,0,0,0
68.714338,1,0,0,0,1,0,0,1,0
68.717122,0,1,0,0,0,0,0,0,0
68.736302,0,1,1,0,0,0,0,0,0
68.751797,0,0,0,1,0,1,1,0,0
68.770574,1,0,0,0,0,0,0,0,1
68.798356,0,0,0,1,1,1,1,1,1
68.808652,1,0,1,0,1,0,0,1,0
68.828356,0,1,1,0,0,0,0,0,0
68.834196,0,1,0,0,0,0,0,0,0
68.848203,0,0,0,1,0,1,1,0,0
68.860233,1,0,0,0,1,0,0,0,0
68.893666,0,0,0,0,0,0,0,0,1
68.896889,0,0,0,0,0,1,0,0,0
68.898818,0,0,0,1,0,0,0,1,0
68.913895,0,0,0,0,0,0,0,0,1
68.920638,0,1,0,0,0,0,1,0,0
68.932413,1,0,1,0,0,0,0,0,0
68.946198,0,0,1,0,0,1,0,0,1
68.947045,0,0,0,0,1,0,0,1,0
68.951419,0,0,0,1,0,0,0,0,0
68.955583,0,0,0,0,0,0,1,0,0
68.969489,1,1,0,0,1,0,0,1,0
68.981348,0,0,1,0,0,0,0,0,0
68.996222,0,1,0,0,0,1,0,0,1
68.998920,0,0,0,1,0,0,1,0,0
69.011132,1,0,0,0,1,0,0,1,0
69.027432,0,0,1,0,0,0,0,0,0
69.035415,0,1,0,0,0,0,0,0,0
69.046356,0,0,0,0,0,1,0,0,1
69.050132,0,0,0,1,0,0,0,0,0
69.085374,0,0,1,0,0,0,0,0,0
69.096799,0,0,0,0,0,1,1,0,1
69.100311,0,0,0,1,0,0,0,0,0
69.116133,1,0,0,0,1,0,1,0,0
69.126166,1,0,0,0,1,0,0,0,0
69.127549,0,0,1,0,0,0,0,0,0
69.146656,0,0,0,0,0,1,0,1,1
69.149684,0,0,0,1,0,0,0,0,0
69.169909,0,1,0,0,0,0,1,0,0
69.185600,1,0,1,0,1,0,0,0,0
69.201758,0,0,0,1,0,1,1,0,0
69.213826,1,0,0,0,0,0,0,1,1
69.243826,0,1,1,0,0,0,0,1,0
69.251971,0,0,0,1,1,1,0,1,1
69.257851,0,0,0,0,0,0,1,0,0
69.270147,1,1,0,0,1,0,0,0,0
69.272036,0,1,0,0,0,0,0,0,0
69.291507,0,0,1,0,0,0,0,1,0
69.296085,0,0,0,0,0,1,0,0,1
69.298015,0,0,0,1,0,0,1,0,0
69.310195,1,0,0,0,1,0,0,1,0
69.314468,0,1,0,0,0,0,0,0,0
69.332871,0,1,1,0,0,0,0,0,0
69.348658,0,0,0,1,0,1,1,0,1
69.363447,1,0,0,0,1,0,0,0,0
69.382725,0,0,1,0,0,0,0,1,0
69.396118,0,0,0,0,0,1,0,0,0
69.397056,0,0,0,0,0,0,0,0,1
69.399093,0,0,0,1,0,0,1,0,0
69.411058,1,1,0,0,0,0,0,0,0
69.436984,0,0,1,0,1,0,0,0,0
69.446341,0,0,0,0,0,1,0,1,0
69.447120,0,0,0,0,0,0,0,0,1
69.451729,0,0,0,1,0,0,1,0,0
69.463801,1,0,0,0,1,0,0,1,0
69.471448,0,1,0,0,0,0,0,0,0
69.485934,0,1,1,0,0,0,0,0,0
69.496444,0,0,0,0,0,1,0,0,0
69.497263,0,0,0,0,0,0,0,0,1
69.501118,0,0,0,1,0,0,1,0,0
69.514932,1,0,0,0,1,0,0,0,0
69.532710,0,0,1,0,0,0,0,0,0
69.546170,0,0,0,0,0,1,0,0,1
69.548268,0,0,0,1,0,0,1,0,0
69.567018,1,0,0,0,0,0,0,0,0
69.581523,0,0,1,0,1,0,0,0,0
69.590156,0,0,0,0,0,0,0,1,0
69.596311,0,0,0,0,0,1,0,0,1
69.600938,0,0,0,1,0,0,0,0,0
69.604577,0,0,0,0,0,0,1,1,0
69.618850,1,1,0,0,1,0,0,1,0
69.624976,0,1,0,0,0,0,0,0,0
69.631470,0,0,1,0,0,0,0,0,0
69.648362,0,1,0,1,0,1,0,0,0
69.699040,0,0,0,1,0,1,1,0,1
69.712496,1,0,0,0,1,0,1,0,0
69.724205,1,0,0,0,1,0,0,1,1
69.727792,0,0,0,0,0,0,0,1,0
69.732773,0,0,1,0,0,0,0,0,0
69.750181,0,1,0,1,0,1,0,0,1
69.754989,0,1,1,0,0,0,0,0,0
69.784004,0,0,1,0,0,0,1,0,0
69.800883,1,0,0,1,1,1,1,0,1
69.815067,1,0,0,0,0,0,0,1,0
69.816620,0,0,0,0,1,0,0,1,0
69.833532,0,0,1,0,0,0,0,0,0
69.836885,0,1,0,0,0,0,0,0,0
69.846298,0,1,0,0,0,1,0,0,1
69.851681,0,0,0,1,0,0,0,0,0
69.856497,0,0,0,0,0,0,1,0,0
69.876394,1,0,1,0,0,0,0,0,0
69.901330,0,0,0,1,1,1,0,0,0
69.942431,0,0,0,0,0,0,1,1,1
69.948722,0,0,0,1,0,1,0,0,1
69.954330,1,0,0,0,0,0,0,0,0
69.972431,0,1,1,0,1,0,1,1,0
69.983913,1,0,1,0,1,0,0,0,0
69.985283,0,0,0,0,0,0,0,1,0
70.001473,0,1,0,1,0,1,1,0,1
70.006106,0,1,0,0,0,0,0,0,0
70.020350,1,0,0,0,0,0,0,0,0
70.023071,0,0,0,0,1,0,0,0,0
70.030313,0,0,0,0,0,0,0,1,0
70.037773,0,0,1,0,0,0,0,0,0
70.048900,0,0,0,1,0,1,1,0,0
70.050395,0,1,0,0,0,0,0,0,1
70.064011,1,0,0,0,0,0,0,0,0
70.081914,0,0,1,0,1,0,0,1,0
70.101954,0,1,0,1,0,1,0,0,0
70.150918,0,0,0,1,0,1,1,0,1
70.164391,1,0,0,0,1,0,0,1,1
70.168091,0,0,0,0,0,0,1,0,0
70.178121,1,0,0,0,1,0,0,0,0
70.179210,0,0,0,0,0,0,0,1,0
70.187846,0,1,1,0,0,0,0,0,0
70.200627,0,1,1,1,0,1,1,0,0
70.217185,1,0,0,0,0,0,0,0,0
70.246363,0,0,0,0,0,1,0,0,1
70.248248,0,0,0,1,0,0,1,0,0
70.259899,1,0,0,0,1,0,0,0,0
70.278545,0,0,1,0,1,0,0,0,0
70.281345,0,0,0,0,0,0,0,1,1
70.296652,0,0,0,0,0,1,0,1,0
70.299023,0,0,0,1,0,0,0,0,0
70.311345,0,1,1,0,0,0,1,0,0
70.315534,0,0,0,0,0,0,0,0,1
70.323109,1,1,0,0,1,0,0,0,0
70.346925,0,0,1,0,0,1,0,1,0
70.348719,0,0,0,1,0,0,1,0,0
70.367056,1,1,0,0,1,0,0,0,1
70.399201,0,0,1,1,0,1,0,0,1
70.430675,0,0,1,0,0,0,1,0,0
70.446278,1,0,0,0,0,1,0,1,1
70.451575,0,0,0,1,1,0,1,1,0
70.461729,1,0,0,0,0,0,0,0,0
70.476278,0,1,1,0,1,0,0,1,0
70.478729,0,1,0,0,0,0,0,0,0
70.496104,0,0,0,0,0,1,0,0,0
70.498961,0,1,0,1,0,0,1,0,0
70.517090,1,0,0,0,0,0,0,0,1
70.551000,0,0,1,1,0,1,0,0,1
70.590232,0,0,1,0,0,0,1,0,0
70.596000,0,0,0,0,1,1,0,1,1
70.601606,1,0,0,1,0,0,0,0,0
70.614573,0,0,0,0,1,0,0,1,0
70.626000,0,1,1,0,0,0,1,0,0
70.644473,1,1,0,0,1,0,0,0,0
70.648789,0,0,0,1,0,1,0,1,1
70.678789,0,1,1,0,0,0,0,0,0
70.700842,0,0,0,1,0,1,1,0,0
70.705121,0,0,0,0,0,0,0,0,1
70.716074,1,0,0,0,0,0,0,0,0
70.743585,0,0,1,0,0,0,0,0,0
70.751689,0,0,0,1,1,1,0,0,1
70.786716,0,0,1,0,0,0,0,1,0
70.796006,0,0,0,0,0,1,0,0,0
70.800793,0,0,0,1,0,0,1,0,0
70.815172,1,1,0,0,1,0,0,0,1
70.845565,0,0,1,0,0,0,0,0,0
70.850414,0,0,0,1,0,1,1,1,1
70.869079,1,0,0,0,1,0,0,0,0
70.871414,0,1,0,0,0,0,1,0,0
70.883032,1,0,1,0,0,0,1,1,0
70.901684,1,0,0,1,1,1,0,0,1
70.907352,0,1,0,0,0,0,1,0,0
70.914750,0,0,0,0,0,0,0,1,0
70.922265,1,0,0,0,0,0,0,0,0
70.932368,0,0,1,0,1,0,0,0,0
70.938592,0,1,0,0,0,0,0,0,0
70.948901,0,0,0,1,0,1,1,0,0
70.965089,1,0,0,0,0,0,0,1,1
70.995089,0,1,1,0,1,0,0,0,0
70.996534,0,0,0,0,1,1,0,1,0
70.998811,0,0,0,1,0,0,0,0,1
71.014653,0,0,0,0,0,0,0,1,0
71.018503,0,1,0,0,0,0,0,0,0
71.037224,0,1,1,0,0,0,1,0,0
71.047503,1,0,0,0,0,1,0,0,1
71.047752,0,0,0,0,1,0,0,0,0
71.049144,0,0,0,1,0,0,0,1,0
71.078347,0,1,1,0,0,0,1,0,0
71.098103,1,0,0,1,1,1,1,0,1
71.103174,0,0,0,0,0,0,0,1,0
71.111980,1,0,0,0,0,0,0,0,0
71.125903,0,1,0,0,0,0,0,0,0
71.126953,0,0,0,0,1,0,0,1,0
71.131703,0,0,1,0,0,0,0,0,0
71.146961,0,1,0,0,0,1,0,0,1
71.148700,0,0,0,1,0,0,1,0,0
71.161463,1,0,0,0,1,0,0,1,0
71.186332,0,1,1,0,0,0,0,0,0
71.196269,0,0,0,0,0,1,0,0,1
71.198329,0,0,0,1,0,0,0,0,0
71.213764,0,0,0,0,0,0,1,0,0
71.224592,1,0,0,0,1,0,0,0,0
71.235583,0,0,1,0,0,0,0,0,0
71.238524,0,0,0,0,0,0,0,1,0
71.251522,0,0,0,1,0,1,0,0,1
71.258524,0,1,0,0,0,0,1,0,0
71.268839,1,0,0,0,0,0,0,0,0
71.282882,0,0,1,0,0,0,0,0,0
71.300537,0,0,0,1,1,1,1,1,0
71.315072,1,0,0,0,1,0,0,1,0
71.318762,0,0,0,0,0,0,0,0,1
71.320980,0,1,0,0,0,0,0,0,0
71.338861,0,1,0,0,0,0,0,0,0
71.349333,0,0,1,1,0,1,1,0,0
71.359333,1,0,0,0,1,0,0,1,0
71.382414,0,1,0,0,0,0,0,0,0
71.393417,0,0,0,0,0,0,0,0,1
71.396228,0,0,0,0,0,1,0,0,0
71.400860,0,0,0,1,0,0,0,0,1
71.432676,0,0,1,0,0,0,1,0,0
71.433871,0,0,1,0,0,0,0,0,0
71.444655,1,0,0,0,1,0,0,0,0
71.446939,0,0,0,0,0,1,0,0,1
71.450484,0,0,0,1,0,0,1,1,0
71.465391,1,0,0,0,1,0,0,1,0
71.471534,0,1,0,0,0,0,0,0,0
71.486112,0,1,1,0,0,0,0,0,0
71.501133,0,0,0,1,0,1,1,0,0
71.513262,1,0,0,0,0,0,0,0,1
71.549603,0,0,1,1,0,1,0,0,0
71.596759,0,0,0,0,1,1,1,1,1
71.601919,0,0,0,1,0,0,0,0,1
71.616759,1,1,0,0,0,0,1,0,0
71.630817,1,0,1,0,0,0,0,0,0
71.634090,0,0,1,0,1,0,0,0,0
71.646490,0,0,0,0,0,1,0,1,0
71.648155,0,0,0,1,1,0,0,0,1
71.654828,0,0,0,0,0,0,1,0,0
71.665310,1,0,0,0,0,0,0,0,0
71.665709,0,0,0,0,1,0,0,0,0
71.674538,0,1,0,0,0,0,0,0,0
71.687353,0,0,1,0,0,0,0,1,0
71.700960,0,0,0,1,0,1,0,1,0
71.708336,0,1,0,0,0,0,0,0,1
71.718525,0,0,0,0,0,0,1,0,0
71.730833,1,1,0,0,0,0,0,0,0
71.746917,0,0,1,0,0,1,0,0,0
71.751283,0,0,0,1,0,0,1,0,1
71.762655,1,0,0,0,1,0,0,1,0
71.781288,0,0,1,0,1,0,0,1,0
71.792043,0,1,0,0,0,0,0,0,0
71.796816,0,0,0,0,0,1,0,0,1
71.801738,0,1,0,1,0,0,0,0,0
71.802870,0,0,0,0,0,0,1,0,0
71.822475,1,0,0,0,1,0,0,0,0
71.824990,0,0,0,0,0,0,0,1,0
71.836771,0,0,1,0,0,0,0,0,0
71.851226,0,1,0,1,0,1,0,0,1
71.887300,0,0,1,0,0,0,0,0,0
71.896817,0,0,0,0,0,1,0,0,0
71.900033,0,0,0,1,0,0,0,0,1
71.938986,0,0,1,0,0,0,1,0,0
71.950322,1,0,0,1,1,1,0,1,0
71.964717,0,0,0,0,0,0,1,0,1
71.979472,1,1,0,0,1,0,0,1,0
71.999508,0,1,1,1,0,1,1,0,0
72.000734,0,0,0,0,0,0,1,0,0
72.007921,0,0,0,0,0,0,0,0,1
72.013036,1,0,0,0,1,0,0,0,0
72.020158,1,0,0,0,1,0,0,0,0
72.039049,0,0,1,0,0,0,0,1,0
72.046479,0,0,0,0,0,1,0,1,1
72.050041,0,0,0,1,0,0,0,0,0
72.062514,0,1,0,0,0,0,1,0,0
72.076479,1,1,1,0,1,0,0,1,0
72.096884,0,1,0,0,0,1,0,0,0
72.099098,0,0,0,1,0,0,0,0,1
72.113317,0,0,0,0,0,0,1,0,0
72.132422,1,0,1,0,1,0,0,0,0
72.151005,0,0,0,1,0,1,0,1,0
72.163290,0,0,0,0,0,0,1,0,1
72.176479,1,1,0,0,0,0,0,0,0
72.201607,0,0,1,1,1,1,1,0,0
72.212835,1,0,0,0,0,0,0,1,1
72.216209,0,0,0,0,1,0,0,1,0
72.240765,0,1,0,0,0,0,0,0,0
72.246189,0,1,1,0,0,1,0,0,1
72.248130,0,0,0,1,0,0,0,0,0
72.260200,0,0,0,0,0,0,1,0,0
72.278638,1,0,1,0,1,0,0,0,0
72.296391,0,0,0,0,0,1,0,0,1
72.298000,0,0,0,1,0,0,0,0,0
72.334391,0,0,1,0,0,0,1,0,0
72.350930,1,0,0,1,1,1,0,0,0
72.399685,0,0,0,1,0,1,1,0,0
72.419093,1,0,0,0,0,0,1,0,0
72.435331,1,0,0,0,0,0,0,0,1
72.446873,0,0,0,0,1,1,0,0,0
72.447055,0,0,0,0,1,0,0,1,1
72.451115,0,0,0,1,0,0,0,1,1
72.471193,0,1,1,0,0,0,0,1,0
72.472617,0,1,0,0,0,0,1,1,0
72.486755,1,0,1,0,1,0,0,1,0
72.488464,0,0,1,0,0,0,0,0,0
72.496579,0,1,0,0,0,1,0,0,1
72.497065,0,1,0,0,0,0,0,0,0
72.499888,0,0,0,1,0,0,1,0,0
72.513799,1,1,0,0,0,0,0,0,0
72.535939,0,0,1,0,1,0,0,1,0
72.546777,0,0,0,0,0,1,0,0,0
72.549822,0,0,0,1,0,0,1,0,0
72.557701,0,1,0,0,0,0,0,0,1
72.567044,1,0,0,0,1,0,0,0,0
72.569121,0,0,0,0,0,0,0,1,0
72.590663,0,1,1,0,0,0,0,0,0
72.596543,0,0,0,0,0,1,0,0,1
72.600544,0,0,0,1,0,0,1,0,0
72.615679,1,0,0,0,1,0,0,1,0
72.634236,0,0,1,0,0,0,0,0,0
72.641982,0,1,0,0,0,0,0,0,0
72.651834,0,0,0,1,0,1,1,0,1
72.668987,1,0,0,0,0,0,0,0,0
72.685027,0,0,1,0,1,0,0,0,0
72.700961,0,0,0,1,0,1,0,1,0
72.715855,0,0,0,0,0,0,1,0,1
72.726950,1,1,0,0,1,0,0,0,0
72.746982,0,0,1,0,0,1,0,0,1
72.749974,0,0,0,1,0,0,1,0,0
72.759974,1,0,0,0,1,0,0,0,0
72.784541,0,0,1,0,0,0,0,0,0
72.796599,0,0,0,0,0,1,0,1,0
72.801518,0,0,0,1,0,0,1,0,0
72.815187,1,0,0,0,1,0,0,1,0
72.820776,0,1,0,0,0,0,0,1,0
72.838779,0,1,0,0,0,0,0,0,1
72.846211,0,1,0,0,0,1,0,0,0
72.850645,0,0,0,1,0,0,0,0,1
72.866512,0,0,0,0,0,0,1,0,0
72.877140,1,0,1,0,0,0,0,0,0
72.889131,0,0,1,0,1,0,0,1,0
72.899544,0,0,0,1,0,1,1,0,0
72.912488,1,1,0,0,1,0,0,0,1
72.946504,0,0,1,0,0,1,0,1,1
72.949736,0,0,0,1,0,0,0,0,0
72.976504,0,1,1,0,0,0,0,0,0
72.996000,0,0,0,0,0,1,1,0,0
72.997000,0,0,0,0,0,0,0,0,1
72.998218,0,0,0,1,0,0,0,0,0
73.006435,1,0,0,0,1,0,1,1,0
73.020053,1,0,0,0,0,0,0,0,0
73.035431,0,1,1,0,1,0,0,1,0
73.048790,0,0,0,1,0,1,1,0,1
73.056465,0,1,0,0,0,0,0,0,0
73.061543,1,0,0,0,0,0,0,0,0
73.067924,0,0,0,0,1,0,0,0,0
73.072273,0,0,0,0,0,0,0,1,0
73.085768,0,0,1,0,0,0,0,0,0
73.096350,0,1,0,0,0,1,0,0,0
73.101024,0,0,0,1,0,0,0,0,1
73.125119,0,0,0,0,0,0,1,0,0
73.139196,1,0,1,0,1,0,0,0,0
73.150217,0,0,0,1,0,1,0,0,0
73.200563,0,0,0,1,0,1,1,1,1
73.220563,1,1,0,0,0,0,1,0,0
73.226769,0,0,0,0,1,0,0,1,0
73.238769,1,0,1,0,1,0,0,1,1
73.248492,0,1,0,1,0,1,1,0,1
73.260569,1,1,0,0,1,0,0,0,0
73.263965,0,0,0,0,0,0,0,1,0
73.272037,0,0,1,0,0,0,0,0,0
73.279270,0,0,1,0,0,0,0,0,0
73.288757,0,1,0,0,0,0,0,0,0
73.301607,0,0,0,1,0,1,0,0,0
73.303447,0,0,0,0,0,0,1,0,1
73.318906,1,0,0,0,0,0,0,0,0
73.323668,0,0,0,0,1,0,0,1,0
73.334072,0,0,1,0,0,0,0,0,0
73.350052,0,1,0,1,0,1,1,0,0
73.357225,0,0,0,0,0,0,0,0,1
73.363472,1,0,0,0,1,0,0,0,0
73.397159,0,0,1,0,0,1,0,0,0
73.399773,0,0,0,1,0,0,0,0,0
73.418237,0,0,0,0,0,0,1,1,1
73.438237,1,1,0,0,1,0,0,1,0
73.446655,0,0,0,0,0,1,0,0,0
73.449538,0,0,1,1,0,0,1,0,1
73.464049,1,1,0,0,1,0,0,0,0
73.466871,0,0,0,0,0,0,0,1,0
73.487669,0,1,1,0,0,0,0,0,0
73.501758,0,0,0,1,0,1,1,0,0
73.515297,1,0,0,0,1,0,0,0,1
73.548214,0,0,1,1,0,1,0,0,1
73.579326,0,0,1,0,0,0,0,1,0
73.601359,0,1,0,1,0,1,1,0,1
73.611479,1,0,0,0,0,0,1,0,0
73.629586,1,0,0,0,1,0,0,1,0
73.631951,0,0,1,0,1,0,0,1,0
73.648440,0,0,0,1,0,1,1,0,1
73.658911,1,1,0,0,1,0,0,0,0
73.660515,0,1,0,0,0,0,0,0,0
73.661650,0,0,0,0,0,0,0,1,0
73.678612,0,0,1,0,0,0,0,0,0
73.691061,0,1,0,0,0,0,0,0,0
73.699700,0,0,0,1,0,1,0,0,1
73.736860,0,0,1,0,0,0,1,0,0
73.751536,1,0,0,1,1,1,1,1,0
73.771536,1,1,0,0,1,0,0,1,0
73.796831,0,1,0,0,0,1,0,0,0
73.798844,0,0,0,1,0,0,1,0,1
73.810254,1,0,0,0,0,0,0,0,0
73.813685,0,0,0,0,1,0,0,0,0
73.822781,0,0,0,0,0,0,0,1,1
73.832416,0,0,1,0,0,0,0,0,0
73.849600,0,1,0,1,0,1,0,0,1
73.854463,0,0,1,0,0,0,1,0,0
73.868087,1,0,0,0,0,0,0,0,0
73.887826,0,0,1,0,1,0,0,0,0
73.901241,0,0,0,1,0,1,1,0,1
73.914828,1,0,0,0,0,0,0,0,0
73.937858,0,0,1,0,0,0,0,0,0
73.946584,0,0,0,0,0,1,0,0,1
73.949608,0,0,0,1,0,0,1,0,0
73.950682,0,0,0,0,0,0,0,1,0
73.964763,1,0,0,0,1,0,0,0,0
73.975169,0,1,0,0,1,0,0,1,0
73.976018,0,0,0,0,0,0,0,1,0
73.981412,0,0,1,0,0,0,0,0,0
73.999534,0,1,0,1,0,1,1,0,0
74.004109,0,1,0,0,0,0,0,0,1
74.014109,1,0,0,0,0,0,0,0,0
74.038565,0,0,1,0,1,0,0,0,0
74.046632,0,0,0,0,0,1,0,0,0
74.050027,0,0,0,1,0,0,0,0,0
74.096468,0,0,0,0,0,1,1,1,1
74.097207,0,0,0,0,0,0,0,0,1
74.098346,0,0,0,1,0,0,0,0,0
74.112982,1,0,0,0,1,0,1,1,0
74.123464,1,1,0,0,1,0,0,0,0
74.135038,0,1,1,0,0,0,0,0,0
74.136859,0,0,1,0,0,0,0,1,0
74.150063,0,0,0,1,0,1,0,0,0
74.151369,0,0,0,0,0,0,1,0,1
74.163304,1,1,0,0,1,0,0,0,0
74.183778,0,0,1,0,0,0,0,1,0
74.198897,0,0,0,1,0,1,1,0,0
74.211496,1,1,0,0,1,0,0,0,0
74.246374,0,0,0,0,0,1,0,1,0
74.248102,0,0,0,1,0,0,1,0,0
74.259890,1,0,0,0,1,0,0,1,1
74.272186,0,1,0,0,0,0,0,0,1
74.289890,0,1,1,0,0,0,0,0,0
74.296078,0,0,0,0,0,1,0,0,0
74.299060,0,0,0,1,0,0,1,0,1
74.311516,1,0,1,0,1,0,0,0,0
74.323228,0,0,0,0,0,0,0,1,0
74.335772,0,0,1,0,0,0,0,0,0
74.348094,0,1,0,1,0,1,1,0,0
74.359814,1,0,0,0,1,0,0,1,0
74.384910,0,1,0,0,0,0,0,0,1
74.396743,0,0,0,0,0,1,0,0,0
74.399711,0,0,0,1,0,0,1,0,0
74.411943,1,0,0,0,1,0,0,0,0
74.423853,0,0,1,0,0,0,0,1,0
74.444230,0,1,0,0,0,0,0,0,0
74.446957,0,0,0,0,0,1,0,0,1
74.451910,0,0,0,1,0,0,0,0,1
74.466220,0,0,0,0,0,0,1,0,0
74.485981,1,0,1,0,1,0,0,1,0
74.489380,0,0,1,0,0,0,0,0,0
74.500419,0,0,0,1,0,1,1,0,0
74.514631,1,1,0,0,1,0,0,1,1
74.544631,0,1,1,0,0,0,0,0,0
74.551812,0,0,0,1,0,1,0,0,1
74.582331,0,0,1,0,0,0,0,0,0
74.599164,0,0,0,1,0,1,1,0,1
74.612289,1,0,0,0,0,0,0,0,0
74.616712,0,0,0,0,1,0,1,0,0
74.626822,1,0,0,0,0,0,0,0,0
74.633699,0,0,1,0,1,0,0,0,0
74.646538,0,0,0,0,0,1,0,1,1
74.648930,0,0,0,1,0,0,1,0,0
74.668909,1,1,0,0,0,0,0,0,0
74.676944,0,0,1,0,0,0,0,1,0
74.698263,0,1,0,1,1,1,0,1,0
74.724999,0,1,0,0,0,0,0,0,0
74.748709,0,0,0,1,0,1,1,0,0
74.765899,1,0,0,0,1,0,1,0,1
74.769030,0,0,0,0,0,0,0,1,1
74.782046,1,0,0,0,0,0,0,0,0
74.798299,0,1,1,1,0,1,0,0,0
74.798665,0,0,0,0,1,0,1,1,1
74.801594,0,0,1,0,0,0,0,0,0
74.812122,1,0,0,0,0,0,0,0,0
74.814211,0,0,0,0,1,0,0,1,0
74.828665,0,1,1,0,0,0,0,0,0
74.841060,0,1,0,0,0,0,0,0,0
74.846251,0,0,0,0,0,1,0,0,0
74.849053,0,0,0,1,0,0,1,0,0
74.866187,1,0,0,0,1,0,0,1,1
74.896017,0,1,0,0,0,1,0,0,1
74.899377,0,0,1,1,0,0,0,0,0
74.929180,0,0,1,0,0,0,0,0,0
74.946054,0,0,0,0,0,1,1,0,0
74.948733,0,0,0,1,0,0,1,0,1
74.963262,1,0,0,0,0,0,0,0,0
74.966135,1,0,0,0,1,0,0,0,0
74.971310,0,0,0,0,0,0,0,1,0
74.976228,0,0,0,0,1,0,0,1,0
74.981599,0,0,1,0,0,0,0,0,0
75.001198,0,1,0,1,0,1,0,0,1
75.002889,0,1,0,0,0,0,1,0,0
75.013940,1,0,0,0,1,0,0,1,0
75.039773,0,1,1,0,0,0,0,0,0
75.046320,0,0,0,0,0,1,0,0,1
75.049610,0,0,0,1,0,0,1,0,0
75.061720,1,0,0,0,1,0,0,0,0
75.067921,0,0,0,0,0,0,0,1,0
75.079605,0,0,1,0,0,0,0,0,0
75.089413,0,1,0,0,0,0,0,0,0
75.098460,0,0,0,1,0,1,1,0,1
75.117325,1,0,0,0,1,0,0,1,0
75.137946,0,1,1,0,0,0,0,0,0
75.149151,0,0,0,1,0,1,0,0,0
75.169140,0,0,0,0,0,0,1,0,1
75.184926,1,0,0,0,0,0,0,0,0
75.201159,0,0,1,1,1,1,0,1,0
75.230857,0,1,0,0,0,0,0,0,0
75.243043,0,0,0,0,0,0,0,0,1
75.246060,0,0,0,0,0,1,0,0,0
75.251905,0,0,0,1,0,0,0,0,1
75.281562,0,0,1,0,0,0,1,0,0
75.291781,1,0,1,0,1,0,0,1,0
75.298693,0,0,0,1,0,1,0,0,1
75.321052,0,1,0,0,0,0,0,0,0
75.329206,0,0,1,0,0,0,1,0,0
75.337696,0,0,0,0,0,0,1,0,0
75.346430,1,0,0,0,1,1,0,1,0
75.350909,1,0,0,1,1,0,1,0,0
75.361984,1,0,0,0,0,0,0,1,0
75.363030,0,0,0,0,1,0,0,1,0
75.365184,0,0,0,0,0,0,0,0,1
75.367410,0,1,0,0,0,0,0,0,0
75.387990,0,1,0,0,0,0,0,0,0
75.391624,0,1,0,0,0,0,0,0,0
75.401271,0,0,1,1,0,1,1,0,1
75.413932,1,0,0,0,0,0,0,0,0
75.422065,0,0,0,0,1,0,0,0,0
75.432827,0,0,1,0,0,0,0,1,0
75.446284,0,0,0,0,0,1,0,0,0
75.448992,0,0,0,1,0,0,1,0,1
75.456126,0,1,0,0,0,0,0,0,0
75.459311,1,0,0,0,1,0,0,0,0
75.460826,0,0,0,0,0,0,0,1,0
75.479162,0,0,1,0,0,0,0,0,0
75.484610,0,1,0,0,0,0,0,0,0
75.496718,0,0,0,0,0,1,0,0,0
75.501831,0,0,0,1,0,0,0,0,0
75.551878,0,0,0,1,0,1,0,0,0
75.599668,0,0,0,1,0,1,1,0,0
75.611143,1,0,0,0,0,0,1,0,0
75.625985,1,0,0,0,0,0,0,0,0
75.646658,0,0,0,0,1,1,1,0,0
75.647317,0,0,0,0,1,0,0,0,1
75.648303,0,0,0,1,0,0,1,1,0
75.649626,0,0,0,0,0,0,0,1,0
75.664174,1,0,0,0,0,0,0,0,0
75.666310,1,0,0,0,1,0,0,0,0
75.667303,0,0,0,0,0,0,0,1,1
75.677983,0,1,1,0,1,0,0,1,0
75.679098,0,1,0,0,0,0,0,0,0
75.697303,0,1,1,0,0,1,0,0,0
75.699736,0,1,0,1,0,0,1,0,1
75.713965,1,0,0,0,0,0,0,0,1
75.719681,0,0,0,0,1,0,0,1,0
75.724658,0,0,0,0,0,0,0,0,1
75.735410,0,0,1,0,0,0,0,0,0
75.746458,0,1,1,0,0,1,0,0,0
75.748161,0,0,0,1,0,0,0,0,1
75.749345,0,0,0,0,0,0,1,0,0
75.757849,0,0,1,0,0,0,0,0,0
75.765423,1,0,0,0,0,0,0,0,0
75.776090,0,0,0,0,1,0,0,1,0
75.785594,0,0,1,0,0,0,0,0,0
75.798581,0,1,0,1,0,1,1,0,1
75.813275,1,0,0,0,1,0,0,1,0
75.835137,0,1,1,0,0,0,0,0,0
75.846653,0,0,0,0,0,1,0,0,1
75.850268,0,0,0,1,0,0,1,0,0
75.868438,1,0,0,0,1,0,0,1,0
75.877034,0,0,1,0,0,0,0,0,0
75.898132,0,1,0,1,0,1,0,0,1
75.900964,0,0,0,0,0,0,1,0,0
75.919323,1,0,0,0,1,0,0,0,0
75.920482,0,0,0,0,0,0,0,1,0
75.930466,0,0,1,0,0,0,0,0,0
75.948683,0,1,0,1,0,1,1,0,1
75.967519,1,0,0,0,1,0,0,0,0
75.982561,0,0,1,0,0,0,0,0,0
75.996432,0,0,0,0,0,1,0,0,1
75.999859,0,0,0,1,0,0,0,1,0
76.024992,0,1,0,0,0,0,1,0,0
76.035406,1,0,1,0,0,0,0,0,0
76.049477,0,0,0,1,1,1,0,0,1
76.083884,0,0,1,0,0,0,1,0,0
76.096702,1,0,0,0,0,1,0,0,0
76.098716,0,0,0,1,1,0,1,0,0
76.117529,1,0,0,0,0,0,0,0,0
76.122641,0,0,0,0,0,0,0,1,1
76.150902,0,1,0,1,1,1,1,0,1
76.161473,1,0,1,0,0,0,0,0,0
76.181672,0,0,1,0,1,0,0,1,0
76.199040,0,0,0,1,0,1,0,0,0
76.202977,0,1,0,0,0,0,1,1,0
76.219032,1,0,0,0,1,0,0,1,0
76.221639,0,0,0,0,0,0,0,1,1
76.225849,0,1,0,0,0,0,0,0,0
76.248325,0,1,0,1,0,1,0,0,1
76.251639,0,1,1,0,0,0,1,0,0
76.271545,1,0,0,0,0,0,0,0,0
76.285918,0,0,1,0,0,0,0,0,0
76.296548,0,0,0,0,0,1,0,0,0
76.299521,0,0,0,1,1,0,0,0,1
76.332516,0,0,1,0,0,0,1,1,0
76.346810,1,0,0,0,0,1,0,0,1
76.351511,0,0,0,1,1,0,0,0,0
76.353228,0,1,0,0,0,0,1,0,0
76.363409,1,0,0,0,0,0,0,1,0
76.381250,0,0,1,0,1,0,0,1,0
76.386986,0,1,0,0,0,0,0,0,0
76.398761,0,0,0,1,0,1,0,0,1
76.410107,0,1,0,0,0,0,0,0,0
76.434852,0,0,1,0,0,0,1,0,0
76.446615,1,0,0,0,1,1,0,1,0
76.449714,0,0,0,1,0,0,0,0,0
76.459875,0,0,0,0,0,0,0,0,1
76.474393,0,1,0,0,0,0,0,0,0
76.493038,0,0,1,0,0,0,1,0,0
76.498279,0,0,0,1,0,1,0,0,0
76.506265,1,0,0,0,0,0,1,0,1
76.509545,0,0,0,0,1,0,0,1,0
76.517989,1,0,0,0,0,0,0,0,0
76.538139,0,1,1,0,1,0,0,1,0
76.546041,0,0,0,0,0,1,0,0,1
76.550048,0,0,0,1,0,0,1,0,0
76.558381,0,1,0,0,0,0,0,0,0
76.567342,1,0,0,0,0,0,0,0,0
76.583346,0,0,1,0,1,0,0,1,0
76.601362,0,0,0,1,0,1,1,0,1
76.613142,1,1,0,0,1,0,0,0,0
76.620292,0,0,0,0,0,0,0,1,0
76.632128,0,0,1,0,0,0,0,0,0
76.646833,0,1,0,0,0,1,0,0,0
76.649884,0,0,0,1,0,0,0,0,1
76.686535,0,0,1,0,0,0,1,0,0
76.696633,1,0,0,0,1,1,0,1,0
76.700043,0,0,0,1,0,0,0,0,0
76.723400,0,1,0,0,0,0,0,0,0
76.750820,0,0,0,1,0,1,1,0,1
76.763650,1,0,0,0,1,0,0,0,0
76.789308,0,0,1,0,0,0,0,0,1
76.796519,0,0,0,0,0,1,0,0,0
76.801192,0,0,0,1,0,0,0,1,0
76.820160,0,0,1,0,0,0,0,0,0
76.820410,0,0,0,0,0,0,0,0,1
76.828465,0,1,0,0,0,0,1,0,0
76.839513,1,0,0,0,1,0,1,1,0
76.846522,0,0,0,0,0,1,0,0,1
76.848498,0,0,0,1,0,0,1,0,0
76.849513,1,0,0,0,1,0,0,0,0
76.859738,1,1,1,0,0,0,0,1,0
76.877902,0,0,1,0,1,0,0,1,0
76.887085,0,1,0,0,0,0,0,0,0
76.896233,0,0,0,0,0,1,0,0,1
76.897906,0,1,0,0,0,0,0,0,0
76.898059,0,0,0,1,0,0,1,0,0
76.915041,1,0,0,0,0,0,0,0,0
76.934782,0,0,1,0,1,0,0,1,0
76.946118,0,0,0,0,0,1,0,0,1
76.949684,0,0,0,1,0,0,0,0,0
76.951089,0,0,0,0,0,0,1,0,0
76.961608,1,1,0,0,0,0,0,0,0
76.982293,0,0,1,0,1,0,0,0,0
76.996817,0,0,0,0,0,1,0,0,0
77.000118,0,0,0,1,0,0,1,0,1
77.015297,1,0,0,0,1,0,0,0,0
77.038369,0,0,1,0,0,0,0,1,0
77.049067,0,0,0,1,0,1,0,0,0
77.052681,0,0,0,0,0,0,1,0,0
77.060134,0,1,0,0,0,0,0,0,0
77.069097,1,0,0,0,0,0,0,0,1
77.076505,0,0,0,0,0,0,0,1,0
77.096556,0,1,0,0,0,1,0,0,0
77.097463,0,0,0,0,1,0,0,1,0
77.099557,0,0,1,1,0,0,1,0,1
77.110734,1,0,0,0,0,0,0,0,0
77.126866,0,1,0,0,0,0,0,0,0
77.128502,0,0,0,0,1,0,0,1,0
77.132123,0,0,1,0,0,0,0,0,0
77.150399,0,1,0,1,0,1,1,0,1
77.165942,1,0,0,0,0,0,0,0,0
77.177180,0,0,0,0,1,0,0,0,0
77.185409,0,0,1,0,0,0,0,0,0
77.201634,0,0,0,1,0,1,1,1,0
77.211675,1,0,0,0,1,0,0,0,0
77.229477,0,1,0,0,0,0,0,1,1
77.251997,0,1,0,1,0,1,1,0,0
77.264651,1,0,1,0,1,0,0,1,1
77.294651,0,1,1,0,0,0,0,0,0
77.301200,0,0,0,1,0,1,1,0,1
77.320947,1,0,0,0,0,0,0,0,0
77.335204,0,0,1,0,1,0,0,1,0
77.346561,0,0,0,0,0,1,0,0,1
77.348085,0,0,0,1,0,0,1,0,0
77.360574,1,1,0,0,1,0,0,0,0
77.379096,0,0,1,0,0,0,0,1,0
77.398053,0,0,0,1,0,1,0,0,1
77.408096,0,1,0,0,0,0,1,0,0
77.423419,1,0,0,0,0,0,0,0,0
77.430549,0,0,1,0,1,0,0,1,0
77.448107,0,0,0,1,0,1,1,0,0
77.458688,1,1,0,0,1,0,0,1,0
77.488162,0,1,0,0,0,0,0,0,1
77.496528,0,0,0,0,0,1,0,0,1
77.499429,0,0,0,1,0,0,1,0,0
77.519335,1,0,1,0,1,0,0,0,0
77.533142,0,0,1,0,0,0,0,1,0
77.549596,0,0,0,1,0,1,0,0,1
77.551641,0,0,0,0,0,0,1,0,0
77.561820,1,1,0,0,1,0,0,0,0
77.588575,0,0,1,0,0,0,0,0,0
77.596227,0,0,0,0,0,1,0,0,1
77.601377,0,0,0,1,0,0,1,1,0
77.621377,1,1,0,0,0,0,0,0,0
77.624077,0,0,0,0,1,0,0,1,0
77.627589,0,0,1,0,0,0,0,0,0
77.646366,0,1,0,0,0,1,0,0,1
77.648955,0,0,0,1,0,0,0,0,0
77.672766,0,0,0,0,0,0,1,0,0
77.683236,1,0,1,0,0,0,0,0,0
77.696005,0,0,0,0,1,1,0,0,1
77.699714,0,0,0,1,0,0,1,1,0
77.718620,1,0,0,0,1,0,0,0,0
77.727430,0,1,1,0,0,0,0,1,0
77.748894,0,1,0,1,0,1,1,0,0
77.763806,1,0,0,0,0,0,0,0,1
77.794081,0,0,1,0,1,0,0,0,0
77.799982,0,0,0,1,0,1,1,1,1
77.819982,1,1,0,0,0,0,0,0,0
77.834029,0,0,1,0,1,0,0,0,0
77.846113,0,0,0,0,0,1,0,0,1
77.851205,0,0,0,1,0,0,1,1,0
77.865883,1,0,0,0,1,0,0,1,0
77.874634,0,1,0,0,0,0,0,0,0
77.877620,0,0,1,0,0,0,0,0,0
77.886290,0,1,0,0,0,0,0,0,0
77.898078,0,0,0,1,0,1,0,0,0
77.948585,0,0,0,1,0,1,0,0,0
77.996658,0,0,0,0,0,1,0,0,1
78.001321,0,0,0,1,0,0,0,0,0
78.012341,0,0,0,0,0,0,0,0,1
78.022264,0,0,0,0,0,0,1,0,1
78.035849,1,0,1,0,0,0,0,0,0
78.046897,0,0,1,0,1,1,0,1,0
78.051744,0,0,0,1,0,0,1,0,1
78.062244,1,0,1,0,0,0,1,0,0
78.070743,0,1,0,0,1,0,0,0,0
78.080635,1,0,0,0,1,0,0,1,0
78.089077,0,0,1,0,0,0,0,0,0
78.098292,0,0,0,1,0,1,1,1,0
78.110426,1,1,0,0,1,0,1,1,1
78.127638,1,1,0,0,1,0,0,0,0
78.140426,0,1,1,0,0,0,0,0,0
78.146478,0,0,0,0,0,1,0,1,1
78.149075,0,0,0,1,0,0,0,0,0
78.170993,0,1,0,0,0,0,1,0,0
78.183868,1,0,1,0,1,0,0,0,0
78.199777,0,0,0,1,0,1,1,1,0
78.212501,1,0,0,0,1,0,0,0,1
78.225282,0,1,0,0,0,0,0,0,0
78.244995,0,0,1,0,0,0,0,0,0
78.251085,0,0,0,1,0,1,0,0,1
78.265513,0,0,0,0,0,0,0,1,0
78.287056,0,1,1,0,0,0,1,0,0
78.299320,1,0,0,1,1,1,1,0,0
78.317169,1,0,0,0,0,0,0,1,1
78.347169,0,1,1,0,1,1,0,1,0
78.351209,0,0,0,1,0,0,1,0,1
78.363402,1,0,0,0,1,0,0,0,0
78.366130,0,0,0,0,0,0,0,1,0
78.372609,0,1,0,0,0,0,0,0,0
78.386612,0,1,1,0,0,0,0,0,0
78.401319,0,0,0,1,0,1,1,0,1
78.412635,1,0,0,0,0,0,0,0,0
78.420587,0,0,0,0,1,0,0,1,0
78.437637,0,0,1,0,0,0,0,0,0
78.446113,0,1,0,0,0,1,0,0,1
78.449924,0,0,0,1,0,0,0,0,0
78.482049,0,0,1,0,0,0,1,0,0
78.500469,1,0,0,1,0,1,1,0,1
78.503183,0,0,0,0,1,0,0,1,0
78.515194,1,0,0,0,1,0,0,1,0
78.528022,0,1,0,0,0,0,0,0,0
78.536637,0,1,1,0,0,0,0,0,0
78.546198,0,0,0,0,0,1,0,0,1
78.550715,0,0,0,1,0,0,1,0,0
78.560835,1,0,0,0,0,0,0,0,0
78.580265,0,0,1,0,1,0,0,0,0
78.596091,0,0,0,0,0,1,0,0,0
78.599716,0,0,0,1,0,0,1,1,0
78.619716,1,1,0,0,0,0,0,0,0
78.627597,0,0,0,0,0,0,0,0,1
78.648296,0,0,0,1,1,1,0,1,0
78.653557,0,0,0,0,0,0,1,0,1
78.663759,1,0,1,0,0,0,0,0,0
78.665716,0,0,0,0,1,0,0,1,0
78.671598,0,1,0,0,0,0,0,0,0
78.691273,0,1,1,0,0,0,0,0,0
78.698087,0,0,0,1,0,1,0,0,1
78.732770,0,0,1,0,0,0,1,0,0
78.746312,1,0,0,0,0,1,0,0,1
78.749205,0,0,0,1,0,0,0,0,0
78.763220,0,0,0,0,1,0,1,1,0
78.782026,1,0,1,0,0,0,0,0,0
78.782585,0,0,0,0,1,0,0,1,0
78.787582,0,1,0,0,0,0,0,0,0
78.800277,0,0,0,1,0,1,0,0,0
78.811432,0,1,0,0,0,0,0,0,1
78.844057,0,0,1,0,0,0,1,0,0
78.850431,0,0,0,1,0,1,1,0,0
78.855287,1,0,0,0,1,0,0,1,1
78.865981,1,0,0,0,0,0,0,0,0
78.885287,0,1,1,0,0,0,0,0,0
78.898341,0,0,0,1,0,1,0,0,1
78.932721,0,0,1,0,1,0,0,0,0
78.948998,0,0,0,1,0,1,1,1,0
78.952846,0,0,0,0,0,0,1,0,1
78.968998,1,1,0,0,1,0,0,0,0
78.972378,1,0,0,0,1,0,0,0,0
78.973693,0,0,0,0,0,0,0,1,0
78.979160,0,0,0,0,0,0,0,1,0
78.985646,0,0,1,0,0,0,0,0,0
78.994149,0,1,0,0,0,0,0,0,0
78.998041,0,0,0,1,0,1,0,0,0
79.000262,0,1,0,0,0,0,0,0,0
79.023405,0,0,0,0,0,0,1,0,0
79.037558,1,0,0,0,1,0,0,1,1
79.050676,0,0,0,1,0,1,0,0,1
79.067558,0,1,1,0,0,0,1,0,0
79.078088,1,0,0,0,1,0,0,1,0
79.082291,0,0,1,0,0,0,0,0,0
79.098632,0,1,0,1,0,1,1,0,1
79.114238,1,0,0,0,1,0,0,0,0
79.115645,0,0,0,0,0,0,0,1,0
79.135725,0,1,1,0,0,0,0,0,0
79.146877,0,0,0,0,0,1,0,0,1
79.150562,0,0,0,1,0,0,0,0,0
79.171190,0,0,0,0,0,0,1,0,0
79.179141,0,0,1,0,0,0,0,0,0
79.184590,1,0,0,0,1,0,0,1,0
79.201274,0,0,0,1,0,1,1,0,0
79.213399,1,1,0,0,1,0,0,1,0
79.237168,0,1,0,0,0,0,0,0,0
79.248165,0,0,0,1,0,1,0,0,0
79.301895,0,0,0,1,0,1,0,0,0
79.346970,0,0,0,0,0,1,0,0,0
79.351564,0,0,0,1,0,0,0,0,0
79.396025,0,0,0,0,0,1,0,0,0
79.400337,0,0,0,1,0,0,0,0,1
79.435268,0,0,1,0,0,0,0,0,0
79.440036,0,0,0,0,0,0,1,0,1
79.446935,0,0,0,0,0,1,1,0,0
79.448465,0,0,0,1,0,0,0,0,1
79.449420,0,0,0,0,0,0,1,0,1
79.458388,1,0,0,0,1,0,0,1,1
79.463162,1,0,0,0,1,0,1,1,0
79.468220,1,0,0,0,0,0,0,0,0
79.473549,1,0,1,0,1,0,1,1,0
79.482025,0,1,1,0,1,0,0,1,1
79.482443,0,0,1,0,0,0,0,0,0
79.490059,1,1,1,0,1,0,0,1,0
79.494396,0,1,0,0,0,0,0,0,0
79.498372,0,0,0,1,0,1,1,0,1
79.512025,1,1,1,0,1,0,0,0,0
79.515323,0,1,0,0,0,0,0,1,0
79.537236,0,1,1,0,0,0,0,0,0
79.549425,0,0,0,1,0,1,1,0,1
79.562740,1,0,0,0,1,0,0,0,0
79.577819,0,0,0,0,0,0,0,1,0
79.584024,0,0,1,0,0,0,0,0,0
79.597843,0,1,0,0,0,1,0,0,0
79.597922,0,0,0,0,0,0,0,0,1
79.598517,0,0,0,1,0,0,1,0,0
79.612562,1,0,0,0,0,0,0,0,0
79.633628,0,0,1,0,1,0,0,1,0
79.650173,0,0,0,1,0,1,1,0,0
79.662582,1,1,0,0,1,0,0,0,0
79.696815,0,0,0,0,0,1,0,0,1
79.701458,0,0,0,1,0,0,0,0,1
79.720815,0,0,0,0,0,0,1,1,0
79.731947,1,0,1,0,1,0,0,1,0
79.734941,0,0,1,0,0,0,0,0,0
79.749579,0,1,0,1,0,1,0,0,0
79.757944,0,1,0,0,0,0,0,0,1
79.764593,0,0,0,0,0,0,1,0,0
79.776298,1,0,0,0,0,0,0,0,0
79.797296,0,0,1,0,1,1,0,0,0
79.799327,0,0,0,1,0,0,0,1,1
79.815886,0,0,0,0,0,0,1,0,0
79.829327,1,1,1,0,1,0,0,1,0
79.850773,0,1,0,1,0,1,0,0,1
79.883174,0,0,1,0,0,0,0,0,0
79.896965,0,0,0,0,0,1,1,0,0
79.897896,0,0,0,0,0,0,0,0,1
79.898186,0,0,0,1,0,0,0,0,0
79.914147,1,0,0,0,0,0,0,0,0
79.933230,0,0,1,0,0,0,1,0,0
79.949965,1,0,0,1,0,1,0,0,1
79.965944,0,0,0,0,0,0,1,0,0
79.977230,1,0,0,0,1,0,0,1,0
79.978426,0,0,0,0,1,0,0,0,0
79.983238,0,0,1,0,0,0,0,1,0
79.999062,0,1,0,1,1,1,0,1,1
80.007922,0,1,0,0,0,0,0,0,0
80.015625,0,0,0,0,0,0,1,0,0
80.026590,1,1,0,0,1,0,0,1,0
80.035348,0,0,1,0,0,0,0,0,0
80.048571,0,1,0,1,0,1,1,0,0
80.060887,1,0,0,0,1,0,0,0,0
80.098027,0,0,0,1,0,1,1,1,1
80.109478,1,0,0,0,1,0,0,1,0
80.128027,0,1,1,0,0,0,0,0,1
80.132798,0,1,0,0,0,0,0,0,0
80.148741,0,0,0,1,0,1,0,0,0
80.152119,0,0,0,0,0,0,1,0,0
80.163409,1,0,1,0,1,0,0,0,0
80.198434,0,0,0,1,0,1,1,0,1
80.213990,1,0,0,0,1,0,0,1,1
80.217495,0,0,0,0,0,0,0,1,0
80.237205,0,1,1,0,0,0,0,0,0
80.244248,0,1,1,0,0,0,0,0,0
80.246102,0,0,0,0,0,1,0,0,0
80.251995,0,0,0,1,0,0,1,0,1
80.263128,1,0,0,0,1,0,0,0,0
80.291032,0,0,1,0,0,0,0,1,0
80.296240,0,0,0,0,0,1,0,0,1
80.299637,0,0,0,1,0,0,1,0,0
80.309871,1,0,0,0,0,0,0,0,0
80.311588,0,1,0,0,1,0,0,1,0
80.327926,0,0,1,0,0,0,0,0,0
80.338775,0,1,0,0,0,0,0,0,0
80.348022,0,0,0,1,0,1,0,0,0
80.400433,0,0,0,1,0,1,1,0,0
80.414852,1,0,0,0,1,0,0,1,1
80.423094,0,0,0,0,0,0,0,0,1
80.424094,0,0,0,0,0,0,1,0,0
80.440706,1,1,0,0,1,0,0,1,0
80.449749,0,0,1,1,0,1,1,0,1
80.456375,0,0,1,0,0,0,0,0,0
80.459915,1,0,0,0,0,0,0,0,0
80.465661,0,1,0,0,1,0,0,1,0
80.487443,0,1,1,0,0,0,0,0,0
80.498000,0,0,0,1,0,1,0,0,1
80.521700,0,0,0,0,0,0,1,0,0
80.532895,1,0,1,0,1,0,0,0,0
80.549266,0,0,0,1,0,1,1,1,1
80.561368,1,0,0,0,1,0,0,0,0
80.570673,0,1,0,0,0,0,0,1,0
80.581698,0,0,1,0,0,0,0,0,0
80.599514,0,1,0,1,0,1,0,0,0
80.648077,0,0,0,1,0,1,0,0,1
80.663027,0,0,0,0,0,0,0,0,1
80.686759,0,0,1,0,0,0,0,0,0
80.699985,0,0,1,1,0,1,0,0,0
80.741101,0,0,0,0,0,0,1,0,0
80.751360,1,0,0,1,1,1,0,1,1
80.777497,0,1,0,0,0,0,0,0,0
80.786825,0,0,1,0,0,0,1,0,1
80.796837,1,0,0,0,1,1,0,0,0
80.800193,0,0,0,1,0,0,1,1,0
80.818103,1,0,1,0,0,0,0,0,0
80.819137,0,0,0,0,0,0,1,0,0
80.819857,0,0,0,0,1,0,0,0,0
80.825409,0,1,0,0,0,0,0,0,1
80.835533,1,0,0,0,1,0,0,0,0
80.850191,0,0,0,1,0,1,0,0,1
80.856300,0,0,1,0,0,0,1,1,0
80.872579,1,0,0,0,1,0,0,1,0
80.877033,0,1,0,0,0,0,0,0,0
80.878483,0,0,0,0,0,0,0,1,0
80.881519,0,0,1,0,0,0,0,0,0
80.898729,0,1,0,1,0,1,1,0,0
80.905735,0,1,0,0,0,0,0,0,1
80.915759,1,0,0,0,1,0,1,1,0
80.935737,1,0,1,0,0,0,0,0,0
80.945282,0,1,0,0,0,0,0,0,0
80.951211,0,0,0,1,1,1,0,1,0
80.975062,0,1,0,0,0,0,1,0,0
80.990174,1,0,0,0,1,0,0,0,1
81.001207,0,0,0,1,0,1,1,0,0
81.012786,1,0,0,0,1,0,0,0,1
81.014323,0,0,0,0,0,0,0,1,0
81.024561,0,0,1,0,0,0,0,0,0
81.040141,0,1,0,0,0,0,0,0,0
81.051861,0,0,1,1,0,1,1,0,1
81.065395,1,0,0,0,0,0,0,0,0
81.087719,0,0,1,0,0,0,0,0,0
81.090831,0,0,0,0,1,0,0,0,0
81.096539,0,0,0,0,0,1,0,0,1
81.098271,0,0,0,1,0,0,0,0,0
81.103363,0,0,0,0,0,0,0,1,0
81.120425,0,0,0,0,0,0,0,1,0
81.132193,0,1,1,0,0,0,0,0,0
81.146760,0,1,0,0,0,1,1,0,0
81.148331,0,0,0,1,0,0,1,0,1
81.158299,1,0,0,0,0,0,0,0,0
81.166655,1,0,0,0,1,0,0,1,0
81.181069,0,0,1,0,1,0,0,0,0
81.192845,0,1,0,0,0,0,0,1,0
81.196240,0,0,0,0,0,1,0,0,1
81.199775,0,0,0,1,0,0,0,0,0
81.220829,0,1,0,0,0,0,0,0,0
81.228508,0,0,1,0,0,0,1,0,0
81.248172,1,0,0,1,1,1,0,1,1
81.278172,0,1,1,0,0,0,0,0,0
81.301871,0,0,0,1,0,1,0,0,0
81.346192,0,0,0,0,0,1,1,0,1
81.351238,0,0,0,1,0,0,1,0,0
81.354055,0,0,0,0,0,0,1,0,0
81.362219,1,0,0,0,0,0,0,0,0
81.368105,1,0,0,0,1,0,0,0,1
81.370212,1,0,0,0,0,0,0,1,0
81.385480,0,0,1,0,1,0,0,0,0
81.388484,0,0,0,0,1,0,0,1,0
81.398013,0,1,0,1,0,1,0,1,1
81.400851,0,0,1,0,0,0,0,0,0
81.403034,0,0,0,0,0,0,1,0,0
81.410369,0,1,0,0,0,0,0,0,0
81.413832,1,0,0,0,0,0,0,0,0
81.416947,0,0,0,0,1,0,0,0,0
81.428013,0,1,1,0,0,0,0,0,0
81.451470,0,0,0,1,0,1,0,0,0
81.475632,0,0,0,0,0,0,1,1,0
81.492038,1,0,0,0,1,0,0,0,0
81.500132,0,1,0,1,0,1,1,0,0
81.517626,1,0,0,0,1,0,0,1,1
81.546330,0,1,0,0,0,1,0,0,1
81.547789,0,0,1,0,0,0,0,1,1
81.549423,0,0,0,1,0,0,1,0,0
81.568056,1,1,0,0,0,0,0,0,0
81.577596,0,0,1,0,1,0,0,0,0
81.583591,0,0,1,0,0,0,0,1,0
81.598750,0,0,0,1,0,1,0,0,0
81.601904,0,0,0,0,0,0,0,0,1
81.606790,0,1,0,0,0,0,1,0,0
81.620179,1,0,0,0,1,0,0,1,0
81.636344,0,0,1,0,0,0,0,0,0
81.644692,0,1,0,0,0,0,0,0,0
81.648008,0,0,0,1,0,1,0,0,0
81.696931,0,0,0,0,0,1,0,0,1
81.697893,0,0,0,0,0,0,1,0,1
81.699111,0,0,0,1,0,0,1,0,0
81.711995,1,0,0,0,1,0,0,0,0
81.716490,1,0,0,0,1,0,0,0,0
81.727980,0,0,1,0,0,0,0,1,0
81.732473,0,0,1,0,0,0,0,0,0
81.750912,0,1,0,1,0,1,1,1,1
81.764604,1,0,0,0,1,0,0,1,0
81.780912,0,1,1,0,0,0,0,0,0
81.790054,0,1,0,0,0,0,0,0,0
81.798088,0,0,0,1,0,1,1,0,1
81.811966,1,0,0,0,1,0,0,1,0
81.836857,0,1,1,0,0,0,0,0,0
81.851233,0,0,0,1,0,1,0,0,1
81.887279,0,0,1,0,0,0,1,0,0
81.899200,1,0,0,1,1,1,0,0,1
81.923566,0,0,0,0,0,0,1,0,0
81.935006,1,0,1,0,1,0,0,1,0
81.951511,0,0,0,1,0,1,1,1,0
81.964885,1,1,0,0,0,0,0,0,0
81.979037,0,1,0,0,0,0,0,0,1
81.998766,0,0,0,1,0,1,1,0,0
82.008873,1,0,0,0,1,0,0,1,0
82.012841,0,0,1,0,1,0,0,1,1
82.031011,0,1,0,0,0,0,0,0,0
82.033053,0,1,0,0,0,0,0,0,0
82.048500,0,0,1,1,0,1,0,0,0
82.100930,0,0,0,1,0,1,0,0,1
82.120386,0,0,0,0,0,0,1,0,1
82.136420,1,0,1,0,1,0,0,1,0
82.150533,0,0,1,1,0,1,0,0,1
82.163651,0,1,0,0,0,0,0,0,0
82.188429,0,0,1,0,0,0,0,0,0
82.191964,0,0,0,0,0,0,1,0,0
82.199379,0,0,0,1,0,1,1,0,0
82.200645,0,0,0,0,0,0,1,0,1
82.202943,1,0,0,0,0,0,0,0,0
82.217394,1,0,0,0,1,0,0,1,0
82.219720,1,0,0,0,0,0,0,0,0
82.239536,0,1,1,0,0,0,0,0,0
82.250294,0,0,0,1,0,1,0,0,0
82.300779,0,0,0,1,1,1,0,0,1
82.339155,0,0,1,0,1,0,0,1,1
82.342486,0,0,0,0,0,0,1,0,0
82.346140,0,0,0,0,0,1,0,1,0
82.348083,0,0,0,1,0,0,0,0,1
82.360702,1,1,0,0,0,0,0,0,0
82.361925,0,0,0,0,1,0,0,0,0
82.366873,0,1,0,0,0,0,0,0,0
82.372210,0,0,1,0,0,0,0,1,0
82.376537,0,0,0,0,0,0,1,0,0
82.387630,1,0,1,0,0,0,1,0,0
82.397750,1,1,0,0,0,1,0,0,1
82.399080,0,0,0,1,1,0,1,0,0
82.409867,1,0,0,0,1,0,0,0,0
82.423450,0,0,0,0,0,0,0,1,0
82.426508,0,0,0,0,0,0,0,1,0
82.432941,0,0,1,0,1,0,0,1,0
82.449207,0,1,0,1,0,1,1,0,1
82.453561,0,1,0,0,0,0,0,0,0
82.457569,0,1,0,0,0,0,0,0,0
82.459745,1,0,0,0,1,0,0,0,0
82.475955,0,0,0,0,0,0,0,1,0
82.479687,0,0,1,0,0,0,0,0,0
82.500358,0,1,0,1,0,1,1,0,1
82.519204,1,0,0,0,1,0,0,0,0
82.533896,0,0,1,0,0,0,0,0,0
82.550022,0,0,0,1,0,1,0,0,0
82.600310,0,0,0,1,0,1,0,0,1
82.635910,0,0,1,0,0,0,0,0,1
82.650943,0,0,0,1,0,1,1,0,1
82.652277,0,0,0,0,0,0,1,0,0
82.670164,1,0,1,0,1,0,1,1,0
82.671632,1,0,0,0,0,0,0,0,0
82.680208,1,0,0,0,1,0,0,0,0
82.686081,0,0,1,0,0,0,0,1,0
82.699136,0,1,0,1,1,1,0,0,1
82.704694,0,0,0,0,0,0,1,0,0
82.715351,1,1,0,0,1,0,0,0,0
82.733045,0,0,1,0,0,0,0,1,0
82.750698,0,0,0,1,0,1,0,1,1
82.751878,0,0,0,0,0,0,0,1,0
82.755389,0,1,0,0,0,0,0,0,0
82.780698,0,1,1,0,0,0,0,0,0
82.781780,0,1,0,0,0,0,0,0,0
82.799481,0,0,0,1,0,1,0,0,0
82.846134,0,0,0,0,0,1,0,0,1
82.847100,0,0,0,0,0,0,1,0,0
82.849605,0,0,0,1,0,0,1,0,0
82.866721,1,0,0,0,0,0,0,0,1
82.867828,1,0,0,0,1,0,0,1,0
82.885519,0,0,1,0,1,0,0,0,0
82.886759,0,0,0,0,0,0,1,0,0
82.896728,0,1,1,0,0,1,0,1,1
82.901549,1,0,0,1,0,0,0,0,0
82.926728,0,1,1,0,1,0,0,1,0
82.946038,0,0,0,0,0,1,1,0,1
82.946772,0,1,0,0,0,0,0,0,0
82.949787,0,0,0,1,0,0,1,0,0
82.963443,1,0,0,0,1,0,0,1,0
82.966044,1,0,0,0,1,0,0,1,0
82.976092,0,0,1,0,0,0,0,0,0
82.989572,0,1,0,0,0,0,0,0,0
82.992908,0,1,0,0,0,0,0,0,0
83.001219,0,0,0,1,0,1,1,0,0
83.020414,1,0,0,0,1,0,0,1,1
83.048582,0,1,0,1,0,1,0,0,0
83.053449,0,0,1,0,0,0,1,0,1
83.063961,1,0,0,0,1,0,0,0,0
83.083449,0,0,1,0,0,0,0,0,0
83.098727,0,0,0,1,0,1,1,1,1
83.118727,1,1,0,0,1,0,0,0,0
83.130940,0,0,1,0,0,0,0,0,0
83.146287,0,0,0,0,0,1,0,0,0
83.147173,0,0,0,0,0,0,0,0,1
83.148866,0,0,0,1,0,0,1,0,0
83.162881,1,0,0,0,0,0,0,0,0
83.173077,0,0,0,0,1,0,0,1,0
83.186950,0,0,1,0,0,0,0,1,0
83.200214,0,1,0,1,0,1,0,0,0
83.201859,0,0,0,0,0,0,1,0,1
83.214213,1,1,0,0,0,0,0,0,0
83.226874,0,0,0,0,1,0,0,0,0
83.228912,0,0,0,0,0,0,0,1,0
83.235979,0,0,1,0,0,0,0,0,0
83.250709,0,1,0,1,0,1,0,0,1
83.273401,0,0,0,0,0,0,1,0,0
83.282153,0,0,1,0,0,0,0,0,0
83.285169,1,0,0,0,1,0,0,0,0
83.296724,0,0,0,0,0,1,0,0,0
83.300936,0,0,0,1,0,0,0,0,1
83.339992,0,0,1,0,0,0,0,1,0
83.346743,0,0,0,0,0,1,1,0,0
83.347214,0,0,0,0,0,0,0,0,1
83.348858,0,0,0,1,0,0,0,0,0
83.365466,1,1,0,0,1,0,1,0,0
83.374306,0,0,0,0,0,0,0,1,0
83.384366,1,0,1,0,1,0,0,0,0
83.394603,0,1,0,0,0,0,0,0,0
83.398522,0,0,0,1,0,1,1,0,0
83.411793,1,0,0,0,1,0,0,0,1
83.446006,0,0,1,0,0,1,0,0,0
83.450602,0,0,0,1,0,0,0,1,1
83.480602,0,1,1,0,0,0,1,0,0
83.498978,1,0,0,1,0,1,1,0,1
83.500969,0,0,0,0,1,0,0,1,0
83.515842,1,0,0,0,0,0,0,0,0
83.518871,0,0,0,0,1,0,0,1,0
83.523779,0,1,0,0,0,0,0,1,0
83.538931,0,1,1,0,0,0,0,0,0
83.546244,0,1,0,0,0,1,0,0,0
83.551107,0,0,0,1,0,0,0,0,1
83.590015,0,0,1,0,0,0,1,0,0
83.600518,1,0,0,1,1,1,1,0,0
83.613815,1,0,0,0,1,0,0,1,1
83.643815,0,1,1,0,0,0,0,0,0
83.646104,0,0,0,0,0,1,0,1,0
83.651769,0,0,0,1,0,0,1,0,1
83.671467,1,1,0,0,0,0,0,0,0
83.676750,0,0,0,0,1,0,0,0,0
83.689383,0,0,1,0,0,0,0,0,0
83.694984,0,0,0,0,0,0,0,1,0
83.696105,0,0,0,0,0,1,0,0,0
83.698811,0,0,0,1,0,0,0,0,0
83.717969,0,1,0,0,0,0,0,0,1
83.747973,0,0,1,0,0,1,0,0,0
83.750712,0,0,0,1,0,0,1,0,1
83.766519,1,0,0,0,0,0,1,0,0
83.776855,1,0,0,0,1,0,0,1,0
83.781896,0,0,1,0,1,0,0,1,0
83.798533,0,1,0,1,0,1,0,0,0
83.809338,0,1,0,0,0,0,1,0,1
83.824732,1,0,0,0,1,0,0,0,0
83.846875,0,0,1,0,0,1,0,1,0
83.850141,0,0,0,1,0,0,0,0,1
83.851141,0,0,0,0,0,0,1,0,0
83.863565,1,0,0,0,1,0,0,1,0
83.876681,0,1,0,0,0,0,0,0,0
83.887313,0,1,1,0,0,0,0,0,0
83.898548,0,0,0,1,0,1,0,0,0
83.927685,0,0,0,0,0,0,1,0,1
83.939684,1,0,0,0,0,0,0,0,0
83.950698,0,0,0,1,1,1,0,1,1
83.967301,0,0,1,0,0,0,1,0,0
83.971880,0,1,0,0,0,0,0,0,0
83.984518,1,0,1,0,1,0,0,0,0
83.996335,0,0,0,0,0,1,0,0,1
83.999861,0,0,0,1,0,0,0,1,0
84.024803,0,1,0,0,0,0,1,0,0
84.036100,1,0,1,0,0,0,0,0,0
84.048273,0,0,0,1,1,1,1,1,1
84.068273,1,1,0,0,1,0,0,0,0
84.080851,0,0,1,0,0,0,0,0,0
84.096482,0,0,0,0,0,1,0,0,0
84.101488,0,0,0,1,0,0,1,1,1
84.119981,1,0,0,0,1,0,0,1,0
84.131488,0,1,1,0,0,0,0,0,0
84.146129,0,1,0,0,0,1,0,0,1
84.150751,0,0,0,1,0,0,1,0,0
84.165037,1,0,0,0,1,0,0,0,0
84.184204,0,0,1,0,0,0,0,1,0
84.196845,0,0,0,0,0,1,0,0,1
84.199236,0,0,0,1,0,0,0,0,0
84.202449,0,0,0,0,0,0,1,0,0
84.212694,1,1,0,0,1,0,0,1,0
84.236140,0,1,1,0,0,0,0,0,0
84.246166,0,0,0,0,0,1,0,0,1
84.249552,0,0,0,1,0,0,0,0,0
84.279916,0,0,1,0,0,0,1,0,0
84.298618,1,0,0,1,0,1,1,0,1
84.300944,0,0,0,0,1,0,0,1,0
84.308922,1,0,0,0,0,0,0,0,0
84.311559,0,0,0,0,1,0,0,1,0
84.326708,0,1,0,0,0,0,0,0,0
84.330050,0,0,1,0,0,0,0,0,0
84.338988,0,1,0,0,0,0,0,0,0
84.351728,0,0,0,1,0,1,1,0,0
84.371253,1,0,0,0,1,0,0,1,1
84.401253,0,1,1,1,0,1,0,0,0
84.451281,0,0,0,1,0,1,1,0,1
84.467375,1,0,0,0,1,0,0,1,1
84.475081,0,0,0,0,0,0,1,0,0
84.488817,1,1,1,0,1,0,0,1,0
84.500297,0,0,1,1,0,1,0,0,1
84.507804,0,0,0,0,0,0,1,0,0
84.512501,0,1,0,0,0,0,0,0,0
84.519748,1,0,0,0,1,0,0,1,0
84.533933,0,0,1,0,0,0,0,0,0
84.544138,0,1,0,0,0,0,0,0,0
84.546821,0,0,0,0,0,1,0,0,0
84.551228,0,0,0,1,0,0,1,0,0
84.556623,0,0,0,0,0,0,0,0,1
84.562777,1,0,0,0,1,0,0,1,0
84.586623,0,1,1,0,0,0,0,0,0
84.600061,0,0,0,1,0,1,1,0,0
84.614088,1,0,0,0,0,0,0,0,1
84.649408,0,0,1,1,1,1,1,1,1
84.669408,1,1,0,0,1,0,0,1,0
84.686964,0,0,1,0,0,0,0,0,0
84.696597,0,1,0,0,0,1,0,0,1
84.699082,0,0,0,1,0,0,1,0,0
84.718306,1,0,0,0,1,0,0,0,0
84.729358,0,0,1,0,0,0,0,1,0
84.749890,0,1,0,1,0,1,1,0,1
84.768819,1,0,0,0,1,0,0,0,0
84.777196,0,0,0,0,0,0,0,1,0
84.781973,0,0,1,0,0,0,0,0,0
84.797537,0,1,0,0,0,1,0,0,0
84.800404,0,0,0,1,0,0,0,0,1
84.832957,0,0,1,0,0,0,0,0,0
84.849120,0,0,0,1,0,1,0,0,0
84.861177,0,0,0,0,0,0,1,0,1
84.877616,1,0,0,0,1,0,0,1,0
84.896370,0,0,1,0,0,1,1,0,0
84.897140,0,0,0,0,0,0,0,0,1
84.899535,0,1,0,1,0,0,1,0,0
84.913060,1,0,0,0,0,0,0,0,0
84.914180,1,0,0,0,1,0,0,0,0
84.929954,0,0,1,0,0,0,0,0,0
84.949203,0,0,0,1,1,1,0,1,1
84.956076,0,0,0,0,0,0,1,1,0
84.966500,1,0,0,0,0,0,0,0,0
84.967766,0,0,0,0,1,0,0,0,0
84.969891,0,1,0,0,0,0,0,1,0
84.981494,0,1,1,0,0,0,0,0,0
84.998688,0,1,0,1,0,1,0,0,0
85.014204,0,0,0,0,0,0,0,0,1
85.048062,0,0,1,1,0,1,1,0,1
85.056460,0,0,0,0,0,0,1,0,0
85.060970,1,0,0,0,1,0,0,1,0
85.071129,1,0,0,0,1,0,0,0,0
85.083428,0,1,1,0,0,0,0,1,0
85.101281,0,0,0,1,0,1,0,0,0
85.102427,0,0,0,0,0,0,0,0,1
85.107301,0,1,0,0,0,0,1,0,0
85.127267,1,0,0,0,1,0,0,0,0
85.136199,0,0,1,0,0,0,0,0,0
85.150042,0,0,0,1,0,1,1,1,1
85.165716,1,0,0,0,1,0,0,0,0
85.180042,0,1,1,0,0,0,0,0,0
85.198826,0,0,0,1,0,1,0,0,1
85.231601,0,0,1,0,0,0,0,0,0
85.246290,0,0,0,0,0,1,0,1,1
85.247194,0,0,0,0,0,0,1,0,0
85.251970,0,0,0,1,0,0,0,0,0
85.266976,1,1,0,0,1,0,1,0,0
85.277536,1,0,1,0,0,0,0,0,0
85.299938,0,0,0,1,1,1,1,1,1
85.315074,1,0,0,0,1,0,0,0,0
85.323336,0,1,0,0,0,0,0,1,0
85.330785,0,0,1,0,0,0,0,1,0
85.346981,0,1,0,0,0,1,0,0,1
85.350921,0,1,0,1,0,0,1,0,0
85.363863,1,0,0,0,1,0,0,0,0
85.370515,0,0,0,0,0,0,0,1,0
85.384062,0,0,1,0,0,0,0,0,0
85.399275,0,1,0,1,0,1,1,0,1
85.416055,1,0,0,0,1,0,0,1,0
85.433332,0,0,1,0,0,0,0,0,0
85.446027,0,1,0,0,0,1,0,0,1
85.449821,0,0,0,1,0,0,0,0,0
85.471833,0,0,0,0,0,0,1,0,0
85.485292,1,0,1,0,0,0,0,0,0
85.498035,0,0,0,1,1,1,0,0,0
85.546740,0,0,0,0,0,1,1,1,1
85.547152,0,0,0,0,0,0,0,0,1
85.548550,0,0,0,1,0,0,1,0,0
85.560740,1,0,0,0,1,0,0,0,0
85.566802,1,1,0,0,1,0,0,1,0
85.578079,0,0,1,0,0,0,0,1,0
85.585248,0,0,1,0,0,0,0,0,0
85.588966,0,1,0,0,0,0,0,0,0
85.598029,0,0,0,1,0,1,1,0,0
85.608066,1,1,0,0,0,0,0,0,1
85.648009,0,0,1,1,0,1,0,0,1
85.671264,0,0,0,0,1,0,0,0,0
85.672992,0,0,0,0,0,0,1,1,0
85.683974,1,0,1,0,1,0,0,1,0
85.696006,0,1,0,0,0,1,0,0,0
85.698390,0,0,0,1,0,0,1,0,1
85.712148,1,1,0,0,1,0,0,0,0
85.732986,0,0,1,0,0,0,0,1,0
85.746591,0,0,0,0,0,1,0,0,0
85.748496,0,0,0,1,0,0,0,0,0
85.754375,0,1,0,0,0,0,0,0,0
85.796733,0,0,0,0,0,1,1,0,1
85.799066,0,0,0,1,0,0,0,0,1
85.809120,1,0,0,0,1,0,0,0,0
85.829390,0,0,1,0,0,0,0,1,0
85.837780,0,0,1,0,0,0,0,0,0
85.846411,0,0,0,0,0,1,1,0,1
85.849652,0,1,0,1,0,0,1,0,0
85.863061,1,0,0,0,1,0,0,0,0
85.867640,1,0,0,0,0,0,0,1,0
85.871656,0,0,0,0,1,0,0,1,0
85.881237,0,0,1,0,0,0,0,0,0
85.894242,0,1,0,0,0,0,0,0,0
85.900299,0,1,0,1,0,1,1,0,0
85.917640,1,0,0,0,1,0,0,0,0
85.932773,0,0,0,0,0,0,0,1,1
85.948945,0,0,0,1,0,1,1,0,1
85.960667,1,1,0,0,0,0,0,0,0
85.961741,0,0,0,0,1,0,0,0,0
85.961977,0,0,0,0,0,0,0,1,0
85.964657,0,0,1,0,0,0,0,0,0
85.980605,0,0,1,0,0,0,0,0,0
85.987002,0,1,0,0,0,0,0,0,0
85.996892,0,0,0,0,0,1,0,0,1
85.998894,0,0,0,1,0,0,0,0,0
86.027956,0,0,1,0,0,0,1,0,0
86.046595,1,0,0,0,1,1,0,1,0
86.049077,0,0,0,1,0,0,1,0,0
86.064336,1,0,0,0,1,0,0,0,0
86.065585,0,0,0,0,0,0,0,0,1
86.075495,0,1,0,0,0,0,0,1,0
86.100169,0,1,1,1,0,1,1,0,1
86.112719,1,0,0,0,1,0,0,0,0
86.138422,0,0,1,0,0,0,0,0,0
86.150338,0,0,0,1,0,1,0,0,1
86.172664,0,0,0,0,0,0,0,1,0
86.184639,0,0,1,0,0,0,0,0,0
86.194161,0,1,0,0,0,0,0,0,0
86.196316,0,0,0,0,0,1,1,0,0
86.199312,0,0,0,1,0,0,1,0,0
86.211283,1,0,0,0,1,0,0,0,0
86.217325,1,0,0,0,0,0,0,1,1
86.246107,0,1,0,0,1,1,0,1,1
86.248348,0,0,1,1,0,0,1,0,0
86.259985,1,0,0,0,1,0,0,0,0
86.268996,0,1,0,0,0,0,0,0,0
86.276510,0,0,1,0,0,0,0,1,0
86.296071,0,0,0,0,0,1,0,0,0
86.301110,0,1,0,1,0,0,0,0,1
86.319449,0,0,0,0,0,0,1,0,0
86.329935,1,0,0,0,1,0,0,1,0
86.333816,0,0,1,0,0,0,0,0,0
86.350459,0,1,0,1,0,1,1,0,1
86.363792,1,0,0,0,1,0,0,1,0
86.389011,0,1,1,0,0,0,0,0,0
86.401825,0,0,0,1,0,1,1,0,0
86.415126,1,0,0,0,1,0,0,1,0
86.435841,0,1,0,0,0,0,0,0,0
86.446566,0,0,0,0,0,1,0,0,1
86.449544,0,0,0,1,0,0,0,0,1
86.483625,0,0,1,0,0,0,0,0,0
86.488738,0,0,1,0,0,0,0,0,0
86.501109,0,0,0,1,0,1,1,0,0
86.515724,1,0,0,0,1,0,0,1,0
86.516724,0,0,0,0,0,0,1,0,1
86.535832,1,1,0,0,1,0,0,1,0
86.548795,0,0,1,1,0,1,1,0,1
86.557408,0,1,0,0,0,0,0,0,0
86.567045,1,0,0,0,1,0,0,0,0
86.581212,0,0,1,0,0,0,0,1,0
86.599364,0,0,0,1,0,1,0,0,1
86.603414,0,1,0,0,0,0,0,0,0
86.636850,0,0,1,0,0,0,0,0,0
86.646435,0,0,0,0,0,1,0,0,1
86.651551,0,0,0,1,0,0,0,0,0
86.653034,0,0,0,0,0,0,1,0,0
86.667300,1,0,0,0,0,0,0,0,0
86.678039,0,0,1,0,0,0,1,0,0
86.698023,1,0,0,1,0,1,0,0,1
86.715298,0,0,0,0,1,0,1,1,0
86.735298,1,1,1,0,1,0,0,0,0
86.739463,0,0,0,0,0,0,0,1,0
86.751333,0,0,0,1,0,1,1,0,0
86.759501,0,1,0,0,1,0,0,1,0
86.765286,1,0,0,0,1,0,0,1,1
86.788342,0,1,0,0,0,0,0,0,0
86.795286,0,1,1,0,0,0,0,0,0
86.799749,0,0,0,1,0,1,0,0,1
86.804638,0,0,0,0,0,0,1,0,0
86.822532,1,0,0,0,0,0,0,0,0
86.836160,0,0,1,0,1,0,0,1,0
86.849366,0,0,0,1,0,1,0,0,1
86.862092,0,1,0,0,0,0,1,0,0
86.875677,1,0,0,0,1,0,0,1,0
86.883708,0,0,1,0,0,0,0,0,0
86.901733,0,1,0,1,0,1,0,0,0
86.950452,0,0,0,1,0,1,1,0,1
86.968985,1,0,0,0,1,0,1,1,1
86.979309,1,0,0,0,0,0,0,0,0
86.980036,0,0,0,0,1,0,0,0,0
86.990389,0,1,1,0,0,0,0,0,0
86.996194,0,0,0,0,0,1,0,1,0
86.999267,0,0,1,1,0,0,1,0,1
87.010810,1,0,0,0,1,0,0,1,0
87.018700,0,1,0,0,0,0,0,0,0
87.034199,0,1,1,0,0,0,0,0,0
87.051190,0,0,0,1,0,1,1,0,0
87.070423,1,0,0,0,1,0,0,0,1
87.101522,0,0,1,1,0,1,1,0,0
87.108123,0,0,0,0,0,0,0,1,0
87.113922,1,0,0,0,0,0,0,0,1
87.119663,0,0,0,0,1,0,0,0,0
87.131347,0,1,0,0,0,0,0,0,0
87.150560,0,0,1,1,0,1,1,0,1
87.153233,0,0,0,0,0,0,0,1,0
87.160881,1,0,0,0,0,0,0,0,0
87.175101,0,1,0,0,1,0,0,1,0
87.189330,0,0,1,0,0,0,0,0,0
87.196346,0,1,0,0,0,1,0,0,1
87.198356,0,0,0,1,0,0,0,0,0
87.230922,0,0,1,0,0,0,0,0,0
87.238118,0,0,0,0,0,0,1,0,0
87.248047,0,0,0,1,0,1,1,0,1
87.251718,1,0,0,0,0,0,0,0,0
87.264017,1,0,0,0,1,0,0,1,0
87.287466,0,1,1,0,1,0,0,1,0
87.296885,0,0,0,0,0,1,0,0,1
87.301180,0,0,0,1,0,0,0,0,0
87.317281,0,1,0,0,0,0,1,0,0
87.331575,1,0,1,0,0,0,0,0,0
87.350835,0,0,0,1,0,1,0,0,1
87.375157,0,0,0,0,1,0,0,1,0
87.377541,0,0,0,0,0,0,1,0,0
87.389737,1,0,1,0,1,0,0,1,0
87.398153,0,1,0,1,0,1,1,0,1
87.417225,1,1,0,0,0,0,0,0,0
87.429483,0,0,1,0,1,0,0,1,0
87.451653,0,1,0,1,0,1,0,0,0
87.464253,0,0,0,0,0,0,1,0,0
87.476987,1,0,0,0,1,0,0,1,1
87.500204,0,1,0,1,0,1,0,0,1
87.516204,0,0,1,0,0,0,1,0,0
87.526776,1,0,0,0,1,0,0,0,0
87.537846,0,0,1,0,0,0,0,1,0
87.546404,0,0,0,0,0,1,0,0,1
87.551480,0,0,0,1,0,0,0,0,0
87.553990,0,0,0,0,0,0,1,0,0
87.564686,1,1,0,0,1,0,0,1,0
87.582857,0,0,1,0,0,0,0,0,0
87.590804,0,1,0,0,0,0,0,0,0
87.596583,0,0,0,0,0,1,0,0,0
87.598289,0,0,0,1,0,0,0,0,1
87.606438,0,0,0,0,0,0,1,0,0
87.619502,1,0,0,0,0,0,0,0,0
87.632396,0,0,1,0,1,0,0,0,0
87.646657,0,0,0,0,0,1,0,1,0
87.651847,0,0,0,1,0,0,1,0,0
87.669132,1,1,0,0,1,0,0,0,0
87.689227,0,0,0,0,0,0,0,0,1
87.699000,0,0,0,1,0,1,1,0,0
87.709644,1,0,0,0,1,0,0,0,1
87.720926,0,0,1,0,0,0,0,0,0
87.742143,0,0,1,0,0,0,0,1,0
87.750272,0,0,0,1,0,1,1,0,1
87.760623,1,0,0,0,1,0,0,0,0
87.763204,0,1,0,0,0,0,0,0,0
87.783927,0,0,1,0,0,0,0,0,0
87.787871,0,0,0,0,0,0,0,1,0
87.796037,0,0,0,0,0,1,0,1,1
87.799309,0,0,0,1,0,0,1,0,0
87.811918,1,1,0,0,1,0,0,1,0
87.826037,0,1,1,0,0,0,0,0,0
87.834508,0,1,0,0,0,0,0,0,0
87.846237,0,0,0,0,0,1,0,0,0
87.851132,0,0,0,1,0,0,1,0,1
87.868989,1,0,0,0,1,0,0,0,0
87.881487,0,0,1,0,0,0,0,1,0
87.901983,0,1,0,1,0,1,1,0,0
87.916781,1,0,0,0,1,0,0,1,1
87.946781,0,1,1,0,0,1,0,0,1
87.948173,0,0,0,1,0,0,1,0,0
87.966165,1,0,0,0,0,0,0,0,0
87.980625,0,0,1,0,1,0,0,0,0
87.998081,0,0,0,1,0,1,0,0,0
88.016428,0,0,0,0,0,0,1,0,0
88.033590,1,0,0,0,1,0,0,1,0
88.049000,0,0,0,1,0,1,1,1,1
88.061362,1,1,0,0,1,0,0,1,1
88.079000,0,1,1,0,0,0,0,0,0
88.091362,0,1,1,0,0,0,0,0,0
88.101946,0,0,0,1,0,1,1,0,0
88.117679,1,0,0,0,1,0,0,1,1
88.147679,0,1,1,0,0,1,0,0,0
88.148603,0,0,0,1,0,0,1,0,0
88.166074,1,0,0,0,1,0,0,0,1
88.199825,0,0,1,1,0,1,0,1,0
88.229306,0,1,0,0,0,0,1,0,0
88.248103,1,0,0,1,1,1,0,0,0
88.284177,0,0,0,0,0,0,1,0,1
88.298000,1,0,0,1,1,1,0,1,0
88.323317,0,1,1,0,0,0,1,1,1
88.333696,1,0,0,0,1,0,0,1,1
88.349354,0,1,0,1,0,1,0,0,1
88.362503,0,1,1,0,0,0,1,0,0
88.373314,1,0,1,0,0,0,0,0,0
88.378295,0,0,0,0,1,0,0,0,0
88.384979,0,0,1,0,0,0,0,0,0
88.401520,0,0,0,1,0,1,0,1,1
88.405091,0,0,0,0,0,0,1,0,0
88.419415,1,0,0,0,0,0,0,0,0
88.428290,0,1,0,0,0,0,0,0,0
88.439392,0,0,1,0,1,0,0,0,0
88.446274,0,0,0,0,0,1,0,0,1
88.448438,0,0,0,1,0,0,0,0,0
88.485094,0,0,1,0,0,0,0,0,0
88.491265,0,0,0,0,0,0,1,1,0
88.501552,1,0,0,1,0,1,0,0,1
88.505873,0,0,0,0,1,0,0,0,0
88.518900,0,1,0,0,0,0,1,0,0
88.529623,1,0,0,0,1,0,0,0,0
88.530589,0,0,0,0,0,0,0,1,0
88.539109,0,0,1,0,0,0,0,0,0
88.548942,0,0,0,1,0,1,1,1,0
88.559204,1,1,0,0,1,0,0,1,1
88.577824,0,1,0,0,0,0,0,0,0
88.580986,0,1,0,0,0,0,0,0,0
88.598292,0,0,1,1,0,1,1,0,0
88.608742,1,0,0,0,1,0,0,0,1
88.648245,0,0,1,1,0,1,1,1,0
88.666236,1,0,0,0,1,0,0,0,1
88.671257,0,1,0,0,0,0,0,0,0
88.696470,0,0,1,0,0,1,0,0,1
88.701360,0,0,0,1,0,0,1,0,0
88.712915,1,0,0,0,0,0,0,0,0
88.735158,0,0,1,0,0,0,0,1,0
88.744954,0,0,0,0,1,0,0,0,0
88.748623,0,0,0,1,0,1,0,1,1
88.750736,0,0,0,0,0,0,1,0,0
88.763520,1,1,0,0,1,0,0,1,0
88.771287,0,1,0,0,0,0,0,0,0
88.784746,0,1,1,0,0,0,0,0,0
88.801967,0,0,0,1,0,1,0,0,1
88.835789,0,0,1,0,0,0,1,0,0
88.848759,1,0,0,1,1,1,0,0,0
88.900790,0,0,0,1,0,1,0,1,1
88.924567,0,1,0,0,0,0,1,0,1
88.940249,1,0,1,0,1,0,1,0,0
88.951097,1,0,0,1,1,1,1,1,1
88.959064,0,0,1,0,0,0,0,0,0
88.962423,1,0,0,0,0,0,0,0,0
88.969033,0,0,0,0,1,0,0,0,0
88.981097,0,1,1,0,0,0,0,1,0
89.001255,0,1,0,1,0,1,0,1,0
89.026112,0,1,0,0,0,0,0,0,1
89.049069,0,0,0,1,0,1,0,0,1
89.051304,0,0,0,0,0,0,1,0,0
89.065141,1,0,1,0,1,0,0,1,0
89.084116,0,0,1,0,0,0,0,0,0
89.089400,0,1,0,0,0,0,1,0,0
89.100534,1,0,0,1,1,1,1,0,0
89.119373,1,0,0,0,1,0,0,0,1
89.150489,0,0,1,1,0,1,0,1,0
89.155245,0,0,0,0,0,0,1,0,0
89.168553,1,0,0,0,1,0,0,1,1
89.169530,0,0,0,0,0,0,0,1,0
89.174317,0,1,0,0,0,0,0,0,0
89.190527,0,1,0,0,0,0,0,0,0
89.193183,0,1,0,0,0,0,0,0,0
89.196396,0,0,0,0,0,1,0,0,1
89.200428,0,0,1,1,0,0,0,0,0
89.221754,0,0,0,0,0,0,1,0,0
89.235171,1,0,1,0,0,0,0,0,0
89.250093,0,0,0,1,0,1,1,0,0
89.268167,1,0,0,0,1,0,0,1,1
89.296569,0,1,0,0,1,1,0,1,0
89.300916,0,0,1,1,0,0,1,0,1
89.311773,1,0,0,0,0,0,0,0,0
89.318120,0,1,0,0,1,0,0,1,0
89.339509,0,1,1,0,0,0,0,0,0
89.349291,0,0,0,1,0,1,1,0,1
89.361536,1,0,0,0,0,0,0,0,0
89.369855,0,0,0,0,1,0,0,1,0
89.386693,0,0,1,0,0,0,0,0,0
89.398211,0,1,0,1,0,1,0,0,0
89.446305,0,0,0,0,0,1,0,0,0
89.451288,0,0,0,1,0,0,1,0,1
89.468933,1,0,0,0,1,0,1,0,0
89.481623,1,0,1,0,0,0,0,1,1
89.501643,0,1,0,1,0,1,1,0,1
89.508444,0,0,0,0,1,0,0,1,0
89.515734,1,0,1,0,1,0,0,1,0
89.534841,0,1,1,0,0,0,0,0,0
89.543558,0,1,0,0,0,0,0,0,0
89.551066,0,0,0,1,0,1,0,0,0
89.572391,0,0,0,0,0,0,1,0,0
89.591975,1,0,0,0,1,0,0,0,1
89.596335,0,0,0,0,0,1,0,1,0
89.600658,0,0,0,1,0,0,1,0,1
89.614575,1,0,0,0,1,0,0,0,0
89.615343,0,0,0,0,0,0,0,1,0
89.626087,0,1,1,0,0,0,0,0,0
89.633098,0,0,1,0,0,0,0,0,0
89.641812,0,1,0,0,0,0,0,0,0
89.646733,0,0,0,0,0,1,0,0,0
89.647125,0,0,0,0,0,0,0,0,1
89.649917,0,0,0,1,0,0,0,0,0
89.685638,0,0,1,0,0,0,0,0,0
89.701520,0,0,0,1,0,1,0,0,0
89.746109,0,0,0,0,0,1,1,0,0
89.747022,0,0,0,0,0,0,1,0,1
89.749800,0,0,0,1,0,0,0,0,1
89.764358,1,0,0,0,1,0,0,1,0
89.765579,1,0,0,0,0,0,0,0,0
89.773808,0,0,0,0,1,0,1,0,0
89.784079,1,0,1,0,0,0,0,1,0
89.786467,0,1,1,0,1,0,0,0,0
89.801462,0,0,0,1,0,1,1,0,0
89.812984,1,1,0,0,1,0,0,0,0
89.849901,0,0,0,1,0,1,0,1,1
89.858312,0,0,0,0,0,0,1,0,1
89.859356,0,0,0,0,0,0,0,1,0
89.877248,1,1,0,0,1,0,0,1,0
89.883651,0,1,1,0,0,0,0,0,0
89.898232,0,1,1,1,0,1,0,0,1
89.931606,0,0,1,0,0,0,0,0,0
89.946364,0,0,0,0,0,1,0,0,0
89.947036,0,0,0,0,0,0,1,0,1
89.949577,0,0,0,1,0,0,0,0,0
89.960991,1,0,0,0,1,0,1,0,0
89.972382,1,0,0,0,0,0,0,1,0
89.978311,0,0,1,0,1,0,0,1,0
89.994222,0,1,0,0,0,0,0,0,0
89.996680,0,0,0,0,0,1,0,0,1
89.998075,0,0,0,1,0,0,1,0,0
90.008259,1,1,0,0,1,0,0,0,0
90.030684,0,0,1,0,0,0,0,0,0
90.051980,0,0,0,1,0,1,1,0,0
90.070883,1,0,0,0,0,0,0,0,1
90.101360,0,0,1,1,0,1,0,0,0
90.146153,0,0,0,0,0,1,1,1,1
90.148125,0,0,0,1,1,0,1,0,0
90.166153,1,1,0,0,1,0,0,1,0
90.167636,1,0,0,0,0,0,0,1,1
90.179513,0,0,1,0,0,0,0,0,0
90.186708,0,1,0,0,1,0,0,1,0
90.197636,0,1,1,0,0,1,0,0,1
90.199151,0,0,0,1,0,0,0,0,0
90.202233,0,0,0,0,0,0,1,0,0
90.216195,1,1,0,0,1,0,0,0,0
90.221915,0,0,0,0,0,0,0,1,0
90.235169,0,0,1,0,0,0,0,0,0
90.250200,0,1,0,1,0,1,0,0,1
90.285830,0,0,1,0,0,0,0,0,0
90.296994,0,0,0,0,0,1,0,0,0
90.299778,0,0,0,1,0,0,0,0,0
90.350029,0,0,0,1,0,1,0,0,1
90.369424,0,0,0,0,0,0,1,0,1
90.382581,1,0,1,0,0,0,0,0,0
90.396711,0,0,0,0,1,1,0,0,1
90.398192,0,0,0,1,0,0,0,1,0
90.403434,0,0,1,0,0,0,1,0,0
90.419363,1,1,0,0,1,0,1,0,0
90.436680,1,0,1,0,0,0,0,0,0
90.438955,0,0,0,0,1,0,1,0,0
90.448277,0,0,0,1,0,1,1,1,0
90.448616,0,0,0,0,0,0,0,1,0
90.457118,1,0,0,0,0,0,0,0,0
90.468277,1,1,0,0,1,0,0,1,0
90.468446,0,0,0,0,0,0,0,0,1
90.471972,0,1,0,0,1,0,0,1,0
90.498052,0,1,0,1,0,1,1,0,1
90.499444,0,1,1,0,0,0,0,0,0
90.517666,1,0,0,0,0,0,0,0,0
90.537845,0,0,1,0,1,0,0,0,0
90.546540,0,0,0,0,0,1,0,0,0
90.547484,0,0,0,0,0,0,0,0,1
90.547742,0,0,0,0,0,0,0,1,0
90.550515,0,0,0,1,0,0,1,0,0
90.569184,1,1,0,0,1,0,0,0,0
90.586732,0,0,1,0,0,0,0,0,0
90.599725,0,0,0,1,0,1,0,0,1
90.635659,0,0,1,0,0,0,1,1,0
90.646091,1,0,0,0,0,1,0,0,1
90.651728,0,0,0,1,1,0,1,1,0
90.662286,1,1,0,0,0,0,0,0,0
90.673738,0,1,0,0,0,0,0,0,0
90.674974,0,0,0,0,1,0,0,0,0
90.684322,0,0,1,0,0,0,0,0,0
90.688241,0,0,0,0,0,0,0,1,0
90.699077,0,0,0,1,0,1,1,0,0
90.712121,1,1,0,0,1,0,0,0,1
90.746373,0,0,1,0,0,1,0,0,1
90.747176,0,0,0,0,0,0,0,1,0
90.748379,0,0,0,1,0,0,0,0,0
90.776600,0,1,1,0,0,0,0,0,0
90.796146,0,0,0,0,0,1,1,0,1
90.800576,0,0,0,1,0,0,1,0,0
90.814456,1,0,0,0,0,0,0,0,0
90.816573,1,0,0,0,1,0,0,0,0
90.834718,0,0,1,0,1,0,0,1,0
90.848568,0,0,0,1,0,1,0,1,0
90.859157,0,1,0,0,0,0,1,0,1
90.874135,1,1,0,0,0,0,0,0,0
90.896232,0,0,1,0,1,1,0,1,0
90.898000,0,0,0,1,0,0,0,0,0
90.923155,0,1,0,0,0,0,0,0,1
90.948969,0,0,0,1,0,1,1,0,0
90.961841,1,0,1,0,0,0,1,0,0
90.963201,0,0,0,0,0,0,0,0,1
90.966673,0,0,0,0,1,0,0,0,0
90.968660,0,0,0,0,0,0,0,1,0
90.972505,1,0,0,0,1,0,0,0,0
90.996861,0,1,1,0,0,1,0,0,0
90.999091,0,0,0,1,0,0,0,0,0
91.048725,0,0,0,1,0,1,1,0,1
91.068345,1,0,0,0,0,0,0,0,1
91.070819,0,0,0,0,1,0,1,1,0
91.084448,1,0,1,0,0,0,0,1,0
91.099483,0,1,1,1,1,1,1,1,0
91.105907,0,1,0,0,0,0,0,0,0
91.110761,1,0,0,0,1,0,0,1,0
91.118148,0,0,0,0,0,0,0,0,1
91.128411,0,1,0,0,0,0,0,0,0
91.134995,0,1,0,0,0,0,0,0,0
91.146891,0,0,0,0,0,1,0,0,1
91.151461,0,0,1,1,0,0,0,0,0
91.182603,0,0,1,0,0,0,1,0,0
91.200824,1,0,0,1,1,1,1,1,1
91.220824,1,1,0,0,0,0,0,0,0
91.235991,0,0,1,0,1,0,0,1,0
91.250154,0,0,0,1,0,1,0,0,0
91.262733,0,1,0,0,0,0,1,0,0
91.280210,1,0,0,0,1,0,0,1,1
91.300210,0,1,0,1,0,1,1,0,0
91.318515,1,0,1,0,1,0,0,1,0
91.348000,0,1,0,1,0,1,1,0,0
91.365928,1,0,0,0,1,0,0,1,1
91.382889,0,0,0,0,0,0,0,0,1
91.393152,0,1,0,0,0,0,0,0,0
91.396042,0,0,1,0,0,1,0,0,1
91.399000,0,0,0,1,0,0,1,0,0
91.414805,1,0,1,0,1,0,0,0,0
91.430735,0,0,1,0,0,0,0,1,0
91.449522,0,0,0,1,0,1,0,0,1
91.460597,0,1,0,0,0,0,1,0,0
91.471120,1,0,0,0,0,0,0,0,0
91.482121,0,0,1,0,1,0,0,1,0
91.499194,0,0,0,1,0,1,1,0,0
91.511393,1,1,0,0,0,0,0,0,0
91.549526,0,0,0,1,1,1,1,0,1
91.553314,0,0,0,0,0,0,0,1,1
91.566874,1,0,0,0,1,0,0,1,0
91.578083,0,1,0,0,0,0,0,0,0
91.580805,0,0,1,0,0,0,0,0,0
91.587967,0,1,1,0,0,0,0,0,0
91.599565,0,0,0,1,0,1,1,0,0
91.614975,1,0,0,0,1,0,0,0,0
91.648114,0,0,0,1,0,1,0,0,1
91.680529,0,0,1,0,0,0,0,1,1
91.696499,0,0,0,0,0,1,0,0,1
91.698527,0,0,0,1,0,0,0,0,0
91.699527,0,0,0,0,0,0,1,0,0
91.703610,0,1,0,0,0,0,0,0,0
91.715504,1,0,1,0,1,0,1,1,0
91.735504,1,1,1,0,0,0,0,0,0
91.748406,0,0,0,1,1,1,1,0,0
91.753387,0,0,0,0,0,0,0,0,1
91.760001,1,0,0,0,0,0,0,1,0
91.772789,0,0,0,0,1,0,0,1,0
91.781657,0,1,0,0,0,0,0,0,0
91.792843,0,1,1,0,0,0,0,0,0
91.796981,0,0,0,0,0,1,0,0,0
91.800054,0,0,0,1,0,0,1,0,1
91.812125,1,0,0,0,1,0,0,1,0
91.839816,0,1,1,0,0,0,0,0,0
91.850519,0,0,0,1,0,1,0,0,1
91.884533,0,0,1,0,0,0,0,0,0
91.900047,0,0,0,1,0,1,0,0,1
91.932820,0,0,1,0,0,0,1,0,0
91.946316,1,0,0,0,0,1,1,0,0
91.949990,0,0,0,1,1,0,0,1,1
91.957021,1,0,0,0,1,0,0,0,0
91.979990,0,1,1,0,0,0,0,1,0
91.996581,0,0,0,0,0,1,1,0,1
92.000265,0,1,0,1,0,0,1,0,0
92.010233,1,0,0,0,1,0,0,0,0
92.010249,0,0,0,0,0,0,0,1,0
92.012434,1,0,0,0,1,0,0,0,0
92.027704,0,0,1,0,0,0,0,0,0
92.033190,0,1,0,0,0,0,0,1,0
92.050783,0,0,0,1,0,1,1,0,1
92.061251,1,1,0,0,0,0,0,0,0
92.068792,0,0,0,0,1,0,0,1,0
92.089234,0,1,1,0,0,0,0,0,0
92.100500,0,0,0,1,0,1,1,0,1
92.117629,1,0,0,0,0,0,0,0,0
92.134794,0,0,1,0,1,0,0,0,0
92.148873,0,0,0,1,0,1,0,1,1
92.178873,0,1,1,0,0,0,1,0,0
92.196381,1,0,0,0,1,1,0,1,0
92.200921,0,0,0,1,0,0,0,0,1
92.222146,0,1,0,0,0,0,1,0,0
92.234785,1,0,1,0,0,0,0,0,0
92.249155,0,0,0,1,1,1,1,1,1
92.262920,1,0,0,0,1,0,0,1,0
92.279155,0,1,1,0,0,0,0,0,0
92.283074,0,1,0,0,0,0,0,0,0
92.298756,0,0,0,1,0,1,0,0,1
92.331019,0,0,1,0,0,0,1,0,0
92.346157,1,0,0,0,1,1,0,1,0
92.347116,0,0,0,0,0,0,0,0,1
92.349330,0,0,0,1,0,0,1,0,0
92.368974,1,1,0,0,0,0,0,0,0
92.382478,0,0,1,0,1,0,0,1,0
92.401941,0,0,0,1,0,1,0,0,0
92.408522,0,1,0,0,0,0,1,0,1
92.424958,1,0,0,0,1,0,0,0,0
92.448212,0,0,1,1,0,1,0,1,1
92.478212,0,1,1,0,0,0,0,0,0
92.496812,0,0,0,0,0,1,1,0,0
92.497523,0,0,0,0,0,0,0,0,1
92.499678,0,0,0,1,0,0,0,0,0
92.507632,1,0,0,0,0,0,0,0,0
92.533403,0,0,1,0,1,0,0,0,0
92.539755,0,0,0,0,0,0,0,1,0
92.546523,0,0,0,0,0,1,0,0,0
92.549021,0,0,0,1,0,0,0,0,0
92.552223,0,0,0,0,0,0,1,0,0
92.563234,1,1,0,0,1,0,1,1,1
92.583234,1,1,0,0,1,0,0,0,0
92.593417,0,0,1,0,0,0,0,0,0
92.600054,0,0,0,1,0,1,0,0,1
92.622686,0,0,0,0,0,0,1,0,0
92.634038,1,0,1,0,1,0,0,1,0
92.646830,0,0,0,0,0,1,0,1,1
92.649481,0,0,0,1,0,0,0,0,0
92.658648,0,1,0,0,0,0,0,0,0
92.667183,0,1,0,0,0,0,1,0,0
92.686504,1,0,1,0,1,0,0,0,0
92.699032,0,0,0,1,0,1,1,1,0
92.719032,1,1,0,0,1,0,0,1,0
92.746853,0,1,0,0,0,1,0,0,1
92.748107,0,0,0,1,0,0,0,0,1
92.785756,0,0,1,0,0,0,1,0,0
92.786842,0,0,1,0,0,0,0,0,0
92.798386,1,0,0,1,1,1,1,0,0
92.811994,1,0,0,0,1,0,0,0,1
92.850198,0,0,1,1,0,1,1,0,1
92.857245,0,0,0,0,0,0,0,1,0
92.866872,1,0,0,0,0,0,0,0,0
92.875250,0,0,0,0,1,0,0,1,0
92.876246,0,0,0,0,0,0,0,1,0
92.884080,0,1,1,0,0,0,0,0,0
92.901152,0,1,0,1,0,1,1,0,1
92.904683,0,1,0,0,0,0,0,0,0
92.919254,1,0,0,0,1,0,0,0,0
92.940497,0,0,1,0,0,0,0,1,0
92.948529,0,0,0,1,0,1,1,0,0
92.951029,0,0,0,0,0,0,0,0,1
92.963861,1,1,0,0,1,0,0,1,0
92.982819,0,0,1,0,0,0,0,0,0
92.990381,0,1,0,0,0,0,0,0,0
92.996214,0,0,0,0,0,1,0,0,1
92.998818,0,0,0,1,0,0,1,0,0
93.012597,1,0,0,0,1,0,0,1,0
93.034799,0,1,1,0,0,0,0,0,0
93.050423,0,0,0,1,0,1,0,0,0
93.101435,0,0,0,1,0,1,0,0,1
93.132857,0,0,1,0,0,0,0,0,1
93.149912,0,0,0,1,0,1,0,0,1
93.166346,0,0,1,0,0,0,0,0,0
93.170684,0,0,0,0,0,0,1,0,0
93.179956,0,0,1,0,0,0,1,0,0
93.183325,1,0,0,0,1,0,0,0,0
93.196503,1,0,0,0,1,1,0,0,0
93.199978,0,0,0,1,0,0,0,0,0
93.251308,0,0,0,1,0,1,0,1,0
93.277099,0,1,0,0,0,0,0,0,0
93.283476,0,0,0,0,0,0,0,0,1
93.291106,0,0,0,0,0,0,1,1,0
93.296791,0,0,0,0,0,1,0,0,1
93.297052,0,0,0,0,0,0,0,0,1
93.299151,0,0,0,1,0,0,1,0,0
93.311106,1,1,0,0,0,0,1,0,0
93.318652,1,0,1,0,1,0,0,1,0
93.328776,1,0,1,0,0,0,1,0,0
93.330685,0,0,1,0,1,0,0,0,0
93.348556,1,1,0,1,1,1,0,1,1
93.378556,0,1,1,0,1,0,1,0,0
93.398090,1,0,0,1,0,1,0,1,0
93.407201,0,0,0,0,0,0,1,0,1
93.417523,1,0,0,0,0,0,0,0,0
93.417807,0,0,0,0,1,0,0,1,0
93.423436,0,1,0,0,0,0,0,0,0
93.437303,0,0,1,0,0,0,0,1,0
93.442757,0,1,0,0,1,0,0,1,0
93.446817,0,0,0,0,0,1,0,0,1
93.448110,0,0,0,1,0,0,0,0,0
93.464017,0,1,0,0,0,0,1,0,0
93.470338,0,1,0,0,0,0,0,0,0
93.481441,1,0,1,0,0,0,0,0,0
93.496412,0,0,0,0,0,1,0,0,0
93.499008,0,0,0,1,1,0,0,0,1
93.531841,0,0,1,0,0,0,0,1,0
93.551865,0,1,0,1,0,1,1,0,1
93.554103,0,0,0,0,0,0,1,0,0
93.570764,1,0,0,0,1,0,0,0,0
93.573854,1,0,0,0,1,0,0,1,0
93.582502,0,0,1,0,0,0,0,1,0
93.596281,0,1,0,0,0,1,0,0,0
93.598468,0,0,0,1,0,0,0,0,0
93.604151,0,1,0,0,0,0,0,0,0
93.615663,0,0,0,0,0,0,1,0,0
93.621586,0,0,0,0,0,0,0,0,1
93.626538,1,0,0,0,1,0,0,0,0
93.651786,0,0,1,1,0,1,1,1,1
93.671786,1,1,0,0,1,0,0,0,0
93.691668,0,0,1,0,0,0,0,1,0
93.699280,0,0,0,1,0,1,1,0,1
93.717567,1,1,0,0,1,0,0,0,0
93.722737,0,0,0,0,0,0,0,1,0
93.733760,0,0,1,0,0,0,0,0,0
93.748513,0,1,0,1,0,1,0,0,1
93.785972,0,0,1,0,0,0,1,0,0
93.796687,1,0,0,0,1,1,0,0,0
93.801892,0,0,0,1,0,0,0,0,0
93.818055,0,0,0,0,0,0,1,1,1
93.829170,1,0,0,0,1,0,0,0,0
93.848022,0,1,0,1,0,1,1,0,0
93.858035,1,0,1,0,0,0,0,1,1
93.880112,0,1,0,0,1,0,0,1,0
93.896385,0,0,1,0,0,1,0,0,1
93.900913,0,1,0,1,0,0,1,0,0
93.920813,1,0,0,0,1,0,0,0,0
93.931122,0,0,1,0,0,0,0,1,0
93.946654,0,0,0,0,0,1,0,0,0
93.949562,0,0,0,1,0,0,1,0,0
93.959865,1,1,0,0,1,0,0,0,0
94.000054,0,0,0,1,0,1,0,0,0
94.001626,0,0,0,0,0,0,1,1,1
94.018340,1,0,0,0,1,0,0,1,0
94.020468,0,0,0,0,0,0,0,0,1
94.025870,0,1,0,0,0,0,0,0,0
94.040390,0,1,1,0,0,0,0,0,0
94.051055,0,0,1,1,0,1,1,0,1
94.064772,1,0,0,0,1,0,0,0,0
94.083388,0,0,1,0,0,0,0,0,0
94.096129,0,0,0,0,0,1,0,0,1
94.098209,0,0,0,1,0,0,1,0,0
94.117661,1,0,0,0,1,0,0,1,0
94.129287,0,0,1,0,0,0,0,0,0
94.146654,0,1,0,0,0,1,0,0,0
94.151510,0,0,0,1,0,0,0,0,1
94.186843,0,0,1,0,0,0,0,1,0
94.196796,0,0,0,0,0,1,0,0,1
94.197131,0,0,0,0,0,0,1,0,0
94.199574,0,0,0,1,0,0,0,0,0
94.210932,1,1,0,0,1,0,1,1,0
94.228815,1,0,1,0,1,0,0,0,0
94.231399,0,1,0,0,0,0,0,0,0
94.251335,0,0,0,1,0,1,0,1,1
94.281335,0,1,1,0,0,0,1,0,0
94.292670,1,0,0,0,1,0,0,0,0
94.298717,0,0,0,1,0,1,1,1,1
94.318717,1,1,0,0,1,0,0,1,0
94.333470,0,0,1,0,0,0,0,0,0
94.348185,0,1,0,1,0,1,0,0,1
94.356010,0,0,0,0,0,0,1,0,0
94.371760,1,0,0,0,1,0,0,0,0
94.379816,0,0,1,0,0,0,0,1,0
94.398384,0,0,0,1,0,1,0,0,0
94.408162,0,1,0,0,0,0,1,0,0
94.420818,1,0,0,0,0,0,0,0,0
94.451512,0,0,0,1,1,1,0,0,0
94.501471,0,0,0,1,0,1,0,1,0
94.516971,0,0,0,0,0,0,0,0,1
94.529830,0,1,0,0,0,0,1,0,1
94.546382,1,0,0,0,0,1,1,0,1
94.548000,0,0,1,1,0,0,0,0,0
94.556545,1,0,0,0,0,0,1,0,0
94.563787,0,0,1,0,1,0,0,0,0
94.564985,0,0,0,0,0,0,0,1,1
94.565980,0,0,0,0,1,0,0,1,0
94.576530,1,0,1,0,1,0,0,0,0
94.585776,0,1,0,0,0,0,0,0,0
94.595823,0,1,1,0,0,0,0,0,0
94.596086,0,0,0,0,0,1,0,1,0
94.600524,0,0,0,1,0,0,1,0,1
94.616470,1,1,0,0,1,0,0,1,0
94.633728,0,0,1,0,0,0,0,0,0
94.646061,0,1,0,0,0,1,0,0,1
94.648060,0,0,0,1,0,0,0,0,0
94.667377,0,0,0,0,0,0,1,0,0
94.680106,1,0,1,0,1,0,0,1,0
94.700429,0,1,0,1,0,1,0,0,0
94.707225,0,0,0,0,0,0,0,0,1
94.743612,0,0,1,0,0,0,0,0,0
94.746586,0,0,0,0,0,1,1,0,1
94.751707,0,0,0,1,0,0,1,0,0
94.764406,1,0,0,0,1,0,0,1,0
94.766156,1,0,0,0,1,0,0,1,0
94.784966,0,1,1,0,0,0,0,0,0
94.789415,0,1,0,0,0,0,0,0,0
94.796400,0,0,0,0,0,1,0,0,1
94.801152,0,0,0,1,0,0,0,0,0
94.827570,0,0,1,0,0,0,0,0,0
94.846276,0,0,0,0,0,1,0,0,1
94.850811,0,0,0,1,0,0,0,0,0
94.878831,0,0,1,0,0,0,0,0,0
94.898214,0,0,0,1,0,1,0,0,1
94.933983,0,0,1,0,0,0,1,0,0
94.944122,1,0,0,0,1,0,1,1,0
94.951161,0,0,0,1,0,1,0,0,1
94.954678,1,0,0,0,1,0,0,1,0
94.956372,0,0,0,0,0,0,1,0,0
94.970739,1,1,0,0,1,0,1,1,0
94.983461,1,1,1,0,0,0,0,0,0
94.996620,0,1,0,0,1,1,0,1,1
94.998573,0,0,0,1,0,0,0,0,0
95.011378,0,0,0,0,0,0,1,0,0
95.021621,1,1,0,0,1,0,0,1,0
95.033636,0,0,1,0,0,0,0,0,0
95.043355,0,1,0,0,0,0,0,0,0
95.051983,0,0,0,1,0,1,1,0,1
95.070872,1,0,0,0,1,0,0,0,0
95.073150,0,0,0,0,0,0,0,1,0
95.085733,0,0,1,0,0,0,0,0,0
95.094609,0,1,0,0,0,0,0,0,0
95.100372,0,0,0,1,0,1,1,0,1
95.111661,1,0,0,0,1,0,0,0,0
95.117674,0,0,0,0,0,0,0,1,0
95.139442,0,1,1,0,0,0,0,0,0
95.151865,0,0,0,1,0,1,1,0,0
95.168070,1,0,0,0,1,0,0,1,1
95.198017,0,1,0,1,0,1,1,0,0
95.208025,1,0,1,0,1,0,0,1,0
95.224194,0,0,0,0,0,0,0,0,1
95.229030,0,1,0,0,0,0,0,0,0
95.246383,0,0,0,0,0,1,0,0,1
95.250056,0,0,0,1,0,0,1,0,0
95.262125,1,0,1,0,1,0,0,1,0
95.279275,0,0,1,0,0,0,0,0,0
95.290510,0,1,0,0,0,0,0,0,0
95.301190,0,0,0,1,0,1,0,0,1
95.338514,0,0,1,0,0,0,1,0,0
95.346689,0,0,0,0,0,1,0,0,0
95.348680,1,0,0,1,1,0,1,1,1
95.365072,1,0,0,0,0,0,0,0,0
95.378680,0,1,1,0,1,0,0,0,0
95.398813,0,0,0,1,0,1,0,1,0
95.423710,0,1,0,0,0,0,0,0,0
95.446443,0,0,0,0,0,1,0,0,1
95.450972,0,0,0,1,0,0,0,0,1
95.478102,0,0,1,0,0,0,1,0,0
95.489004,1,0,1,0,1,0,0,0,0
95.492301,0,0,0,0,0,0,0,1,0
95.496097,0,0,0,0,0,1,0,0,1
95.500574,0,0,0,1,0,0,1,0,0
95.510805,1,0,0,0,1,0,1,1,0
95.522134,1,1,0,0,1,0,0,1,0
95.534584,0,1,1,0,0,0,0,0,0
95.551406,0,1,0,1,0,1,0,0,1
95.584780,0,0,1,0,0,0,0,0,0
95.600526,0,0,0,1,0,1,0,0,0
95.628166,0,0,0,0,0,0,1,0,1
95.638166,1,0,0,0,1,0,0,1,0
95.650876,0,0,0,1,0,1,1,0,0
95.666639,1,1,1,0,0,0,1,0,1
95.671454,0,0,0,0,1,0,0,1,0
95.683655,1,0,0,0,1,0,0,1,0
95.696644,0,1,1,0,0,1,0,0,0
95.698812,0,0,0,1,0,0,0,0,0
95.700300,0,0,0,0,0,0,1,0,0
95.707667,0,1,0,0,0,0,0,0,0
95.719022,1,0,0,0,1,0,0,0,0
95.748129,0,0,0,1,0,1,0,1,1
95.776381,0,1,0,0,0,0,1,0,1
95.787674,1,0,1,0,0,0,0,0,0
95.801148,0,0,0,1,0,1,1,0,0
95.816354,1,0,1,0,0,0,0,0,0
95.825648,0,0,0,0,1,0,0,1,1
95.834919,0,0,0,0,1,0,0,1,0
95.849723,0,1,0,1,0,1,0,0,0
95.857557,0,1,1,0,0,0,0,0,1
95.897164,0,0,1,0,0,1,0,0,0
95.898652,0,0,0,1,0,0,0,0,1
95.929137,0,0,1,0,0,0,0,0,0
95.946094,0,0,0,0,0,1,0,0,0
95.951503,0,0,0,1,0,0,1,0,0
95.965276,1,0,0,0,0,0,1,0,0
95.981086,1,0,0,0,0,0,0,0,1
95.996783,0,0,0,0,1,1,1,0,0
95.997425,0,0,0,0,1,0,0,0,1
95.999065,0,0,0,1,0,0,0,1,0
96.014421,1,0,1,0,0,0,0,1,0
96.028320,0,1,1,0,1,0,1,0,0
96.042968,1,1,0,0,1,0,0,0,0
96.050996,0,0,0,1,0,1,1,0,1
96.064922,1,0,0,0,0,0,0,1,0
96.081897,0,0,1,0,0,0,0,0,0
96.087680,0,1,0,0,0,0,0,0,0
96.096589,0,0,0,0,1,1,0,1,1
96.099387,0,0,0,1,0,0,0,0,0
96.124715,0,1,0,0,0,0,0,0,0
96.134787,0,0,1,0,0,0,0,0,0
96.146177,0,0,0,0,0,1,0,1,0
96.150599,0,0,0,1,0,0,1,0,1
96.161212,1,0,0,0,0,0,0,0,0
96.168793,0,1,0,0,1,0,1,1,0
96.179461,1,0,0,0,0,0,0,0,0
96.185057,0,0,1,0,1,0,0,0,0
96.198032,0,1,0,1,0,1,1,0,0
96.201318,0,0,0,0,0,0,0,1,0
96.202898,0,0,0,0,0,0,0,0,1
96.210103,1,0,0,0,1,0,0,1,0
96.227507,0,1,0,0,0,0,0,0,0
96.236150,0,1,1,0,0,0,0,0,0
96.246714,0,0,0,0,0,1,0,0,0
96.250021,0,0,0,1,0,0,1,0,1
96.266887,1,0,0,0,1,0,0,1,0
96.287840,0,1,1,0,0,0,0,0,0
96.300572,0,0,0,1,0,1,1,0,0
96.318677,1,0,0,0,1,0,0,0,0
96.346607,0,0,0,0,0,1,0,0,1
96.349890,0,0,0,1,0,0,0,0,0
96.369615,0,0,0,0,0,0,0,1,0
96.384912,0,0,1,0,0,0,1,0,0
96.398905,1,1,0,1,1,1,1,1,0
96.415618,1,0,0,0,1,0,0,1,1
96.417763,0,0,0,0,0,0,0,0,1
96.426353,0,1,0,0,0,0,0,0,0
96.444364,0,1,0,0,0,0,0,0,0
96.446808,0,0,1,0,0,1,0,0,1
96.449833,0,0,1,1,0,0,1,0,0
96.463445,1,0,0,0,1,0,0,0,0
96.464709,0,0,0,0,0,0,0,1,0
96.486415,0,1,1,0,0,0,0,0,0
96.498867,0,0,0,1,0,1,1,0,1
96.515877,1,0,0,0,0,0,0,0,0
96.535729,0,0,1,0,0,0,0,0,0
96.548655,0,0,0,1,0,1,1,0,0
96.554318,0,0,0,0,0,0,0,0,1
96.561373,1,0,0,0,1,0,0,1,0
96.586543,0,1,1,0,1,0,0,0,0
96.601643,0,0,0,1,0,1,0,1,1
96.629609,0,1,0,0,0,0,1,0,0
96.635783,0,0,1,0,0,0,0,0,0
96.646095,1,0,0,0,1,1,0,0,0
96.648462,0,0,0,1,0,0,0,1,1
96.673510,0,1,0,0,0,0,0,0,0
96.680421,0,0,1,0,0,0,0,0,0
96.696331,0,0,0,0,0,1,1,0,1
96.700520,0,0,0,1,0,0,0,0,0
96.710639,1,0,0,0,0,0,1,0,0
96.729005,1,0,1,0,1,0,0,1,0
96.748002,0,0,0,1,1,1,1,0,1
96.748472,0,0,0,0,0,0,0,1,0
96.752437,0,1,0,0,0,0,0,0,0
96.762116,1,0,0,0,1,0,0,1,0
96.778385,0,1,1,0,0,0,0,0,0
96.791870,0,1,0,0,0,0,0,0,0
96.800291,0,0,0,1,0,1,1,0,1
96.810520,1,0,0,0,1,0,0,0,0
96.840023,0,0,1,0,0,0,0,1,0
96.851129,0,0,0,1,0,1,0,0,1
96.854077,0,0,0,0,0,0,1,0,0
96.866239,1,1,0,0,0,0,0,0,0
96.890116,0,0,1,0,1,0,0,0,0
96.896625,0,0,0,0,0,1,0,1,1
96.898487,0,0,0,1,0,0,1,0,0
96.917909,1,1,0,0,1,0,0,0,0
96.929851,0,0,1,0,0,0,0,1,0
96.946226,0,0,0,0,0,1,0,0,1
96.950141,0,1,0,1,0,0,1,0,0
96.966316,1,0,0,0,1,0,0,1,0
96.984384,0,0,1,0,0,0,0,0,0
96.992972,0,1,0,0,0,0,0,0,0
96.996369,0,0,0,0,0,1,0,0,0
96.997356,0,0,0,0,0,0,0,0,1
97.000548,0,0,0,1,0,0,0,0,0
97.028374,0,0,1,0,0,0,1,0,0
97.048362,1,0,0,1,1,1,1,1,0
97.063338,1,0,0,0,1,0,0,1,0
97.066884,0,0,0,0,0,0,0,0,1
97.077850,0,1,0,0,0,0,0,0,0
97.091266,0,1,0,0,0,0,0,0,0
97.096974,0,0,1,0,0,1,0,0,1
97.100781,0,0,0,1,0,0,1,0,0
97.115393,1,0,0,0,1,0,0,1,0
97.135560,0,1,1,0,0,0,0,0,0
97.151777,0,0,0,1,0,1,0,0,0
97.199577,0,0,0,1,0,1,0,0,0
97.249778,0,0,0,1,0,1,0,0,1
97.250778,0,0,0,0,0,0,0,0,1
97.269748,0,0,0,0,0,0,1,0,0
97.286627,1,0,1,0,0,0,1,0,1
97.288747,0,0,1,0,1,0,1,0,0
97.296891,1,0,0,0,0,1,0,0,0
97.297582,0,0,0,0,0,0,0,0,1
97.298040,0,0,0,1,0,0,0,1,0
97.306177,1,0,0,0,1,0,1,0,0
97.316328,1,0,0,0,1,0,0,1,0
97.322018,0,1,1,0,1,0,0,1,0
97.328355,0,0,1,0,0,0,0,1,0
97.346136,0,1,0,0,0,1,0,0,1
97.349872,0,1,0,1,0,0,1,0,0
97.357313,0,1,0,0,0,0,0,0,0
97.360141,1,0,0,0,1,0,0,1,0
97.382337,0,1,1,0,0,0,0,0,0
97.398545,0,0,0,1,0,1,0,0,1
97.434024,0,0,1,0,0,0,0,0,0
97.449627,0,0,0,1,0,1,1,0,1
97.458593,0,0,0,0,0,0,1,0,0
97.465139,1,0,0,0,0,0,0,0,0
97.467236,0,0,0,0,1,0,0,0,0
97.472474,1,0,0,0,0,0,0,0,0
97.476630,0,0,0,0,1,0,0,1,0
97.488856,0,0,1,0,0,0,0,0,0
97.496178,0,0,0,0,0,1,0,0,1
97.496404,0,0,0,0,0,0,0,1,0
97.500845,0,1,0,1,0,0,0,0,0
97.523793,0,1,0,0,0,0,1,0,0
97.529608,0,0,1,0,0,0,0,0,0
97.541525,1,0,0,0,1,0,0,1,0
97.549173,0,0,0,1,0,1,0,0,1
97.557144,0,0,0,0,0,0,1,0,0
97.563244,0,1,0,0,0,0,0,0,0
97.570163,1,0,0,0,1,0,0,0,0
97.581532,0,0,1,0,0,0,0,0,0
97.601036,0,0,0,1,0,1,1,1,1
97.616270,1,0,0,0,1,0,0,1,0
97.629764,0,1,0,0,0,0,0,0,0
97.638733,0,1,1,0,0,0,0,0,0
97.651072,0,0,0,1,0,1,0,0,1
97.686005,0,0,1,0,0,0,0,0,0
97.691711,0,0,0,0,0,0,1,0,0
97.701893,1,0,0,1,0,1,0,0,1
97.719328,0,0,0,0,1,0,1,0,0
97.738815,1,0,1,0,0,0,0,0,0
97.748263,0,0,0,1,1,1,0,1,0
97.774563,0,1,0,0,0,0,0,1,1
97.799687,0,1,0,1,0,1,1,0,0
97.806391,0,0,1,0,0,0,0,0,1
97.816147,1,0,0,0,0,0,1,0,0
97.834445,1,0,0,0,0,0,0,0,0
97.846124,0,0,1,0,1,1,0,1,1
97.850899,0,0,0,1,0,0,0,0,0
97.873667,0,1,0,0,0,0,0,0,0
97.880295,0,0,1,0,0,0,1,0,0
97.898608,1,0,0,1,1,1,1,0,0
97.912082,1,0,0,0,1,0,0,1,1
97.917122,0,0,0,0,1,0,0,0,0
97.942082,0,1,1,0,0,0,0,0,0
97.949224,0,0,0,1,0,1,1,0,0
97.961637,1,0,0,0,0,0,0,1,1
97.973145,0,0,0,0,1,0,0,1,0
97.983260,0,1,0,0,0,0,0,1,0
97.994072,0,1,1,0,0,0,0,0,0
97.996113,0,0,0,0,0,1,0,0,1
97.998507,0,0,0,1,0,0,0,0,0
98.001225,0,0,0,0,0,0,1,0,0
98.011557,1,1,0,0,1,0,0,1,0
98.028155,0,0,1,0,0,0,0,0,0
98.034823,0,1,0,0,0,0,0,0,0
98.050745,0,0,0,1,0,1,1,0,0
98.069863,1,0,0,0,0,0,0,0,0
98.096082,0,0,0,0,1,1,0,1,1
98.100605,0,0,0,1,0,0,1,0,1
98.119679,1,1,0,0,1,0,0,1,0
98.126442,0,0,1,0,0,0,0,0,0
98.139858,0,1,1,0,0,0,0,0,0
98.148714,0,0,0,1,0,1,0,0,0
98.199196,0,0,0,1,0,1,0,0,1
98.236236,0,0,1,0,0,0,1,0,0
98.246886,1,0,0,0,0,1,0,0,1
98.247651,0,0,0,0,0,0,1,0,1
98.251499,0,0,0,1,1,0,1,1,0
98.266184,1,0,0,0,0,0,0,0,0
98.271499,1,1,0,0,1,0,0,0,0
98.285703,0,0,1,0,1,0,0,0,0
98.286883,0,0,1,0,0,0,0,1,0
98.301993,0,0,0,1,0,1,0,0,1
98.307330,0,1,0,0,0,0,0,1,0
98.312375,0,0,0,0,0,0,1,0,0
98.332226,1,1,1,0,1,0,0,0,0
98.349573,0,0,0,1,0,1,1,1,0
98.369573,1,1,0,0,1,0,0,0,0
98.387408,0,0,0,0,0,0,0,0,1
98.401227,0,0,0,1,0,1,1,1,1
98.421227,1,1,1,0,1,0,0,1,0
98.441227,0,1,1,0,0,0,0,0,0
98.446055,0,0,0,0,0,1,0,0,0
98.447011,0,0,0,0,0,0,0,0,1
98.450157,0,0,0,1,0,0,1,0,0
98.464179,1,0,0,0,0,0,0,0,0
98.477642,0,0,1,0,1,0,0,1,0
98.496478,0,0,0,0,0,1,0,0,0
98.497798,0,1,0,0,0,0,0,0,0
98.497899,0,0,0,0,0,0,0,0,1
98.500746,0,0,0,1,0,0,0,0,0
98.514386,0,0,0,0,0,0,1,0,0
98.532914,1,0,1,0,1,0,0,0,0
98.550668,0,0,0,1,0,1,0,0,0
98.596224,0,0,0,0,0,1,1,0,1
98.597071,0,0,0,0,0,0,0,0,1
98.599769,0,0,0,1,0,0,0,1,0
98.612745,1,0,0,0,0,0,0,0,0
98.617024,0,0,0,0,1,0,0,0,0
98.623907,0,1,0,0,0,0,1,1,0
98.635924,1,0,1,0,1,0,0,1,0
98.637001,0,0,1,0,0,0,0,0,0
98.650193,0,1,0,1,0,1,1,0,0
98.657109,0,1,0,0,0,0,0,0,0
98.664200,1,0,0,0,1,0,0,0,0
98.696320,0,0,0,0,0,1,0,1,1
98.698605,0,0,0,1,0,0,0,0,1
98.726320,0,1,1,0,0,0,1,0,0
98.738552,1,0,1,0,1,0,0,0,0
98.741717,0,0,0,0,0,0,0,1,0
98.749527,0,0,0,1,0,1,0,0,1
98.762021,0,1,0,0,0,0,0,0,0
98.767544,0,0,0,0,0,0,1,0,0
98.778032,1,0,0,0,1,0,0,0,0
98.785385,0,0,1,0,0,0,0,1,0
98.796029,0,0,0,0,0,1,0,0,1
98.800811,0,0,0,1,0,0,1,0,0
98.815168,1,1,0,0,1,0,0,1,0
98.835503,0,1,1,0,0,0,0,0,0
98.851529,0,0,0,1,0,1,1,0,1
98.864408,1,0,0,0,1,0,0,0,0
98.891129,0,0,1,0,0,0,0,0,0
98.900750,0,0,0,1,0,1,0,1,0
98.905234,0,0,0,0,0,0,0,0,1
98.928602,0,1,0,0,0,0,1,0,0
98.944554,1,0,1,0,1,0,0,0,0
98.946475,0,0,0,0,0,1,0,1,1
98.951008,0,0,0,1,0,0,1,0,0
98.963554,1,0,0,0,0,0,0,0,0
98.967533,0,1,0,0,0,0,0,0,0
98.970365,0,0,0,0,1,0,0,1,0
98.981741,0,0,1,0,0,0,0,0,0
98.998175,0,1,0,1,0,1,1,0,1
99.011872,1,0,0,0,1,0,0,0,0
99.016899,0,0,0,0,0,0,0,1,0
99.031875,0,0,1,0,0,0,0,0,0
99.046757,0,1,0,0,0,1,0,0,1
99.048942,0,0,0,1,0,0,1,0,0
99.059919,1,0,0,0,1,0,0,1,0
99.083677,0,1,1,0,0,0,0,0,0
99.096289,0,0,0,0,0,1,0,0,1
99.098172,0,0,0,1,0,0,1,0,0
99.108410,1,0,0,0,0,0,0,0,0
99.135915,0,0,1,0,1,0,0,1,0
99.150109,0,0,0,1,0,1,1,0,0
99.163083,1,1,0,0,1,0,0,1,0
99.192870,0,1,0,0,0,0,0,0,1
99.199790,0,0,0,1,0,1,1,0,0
99.213202,1,0,0,0,1,0,0,1,0
99.214312,0,0,0,0,0,0,0,0,1
99.224125,0,0,1,0,0,0,0,0,0
99.233371,0,1,0,0,0,0,0,0,0
99.246854,0,0,1,0,0,1,0,0,0
99.247164,0,0,0,0,0,0,0,0,1
99.248023,0,0,0,1,0,0,0,0,0
99.249867,0,0,0,0,0,0,1,0,0
99.262367,1,0,0,0,1,0,0,1,0
99.283654,0,1,1,0,0,0,0,0,0
99.299705,0,0,0,1,0,1,0,0,1
99.338217,0,0,1,0,0,0,0,0,0
99.346667,0,0,0,0,0,1,0,0,0
99.351411,0,0,0,1,0,0,0,0,0
99.396125,0,0,0,0,0,1,1,0,1
99.401507,0,0,0,1,0,0,0,0,1
99.410973,1,0,0,0,1,0,1,0,0
99.429625,1,0,1,0,1,0,0,0,0
99.430543,0,0,0,0,0,0,1,0,0
99.432142,0,0,1,0,0,0,0,1,0
99.446026,1,0,0,0,0,1,0,1,1
99.447015,0,0,0,0,1,0,0,1,0
99.448660,0,0,0,1,0,0,1,0,0
99.460041,1,1,0,0,0,0,0,0,0
99.476026,0,1,1,0,1,0,0,1,0
99.476600,0,1,0,0,0,0,0,0,0
99.496000,0,0,0,0,0,1,0,0,1
99.501329,0,1,0,1,0,0,0,0,0
99.535795,0,0,1,0,0,0,1,0,0
99.551842,1,0,0,1,1,1,1,1,0
99.571842,1,1,0,0,0,0,0,0,1
99.596411,0,0,0,0,1,1,0,0,1
99.600094,0,0,0,1,0,0,0,1,0
99.606110,0,0,1,0,0,0,1,0,0
99.620350,1,1,0,0,0,0,0,0,0
99.624385,0,0,0,0,1,0,0,0,0
99.626854,0,0,1,0,0,0,0,1,0
99.650996,0,1,0,1,0,1,1,0,0
99.658555,0,0,0,0,0,0,0,0,1
99.663240,1,0,0,0,1,0,0,1,0
99.690230,0,1,1,0,0,0,0,0,0
99.700370,0,0,0,1,0,1,1,0,1
99.711450,1,0,0,0,0,0,0,0,0
99.731698,0,0,1,0,0,0,0,0,0
99.748905,0,0,0,1,1,1,1,0,0
99.762228,1,0,0,0,0,0,0,0,1
99.801648,0,0,1,1,0,1,1,1,0
99.812395,1,0,0,0,1,0,0,1,1
99.827150,0,1,0,0,1,0,0,0,0
99.842395,0,1,1,0,0,0,0,0,0
99.849295,0,0,0,1,0,1,1,1,1
99.869295,1,1,0,0,0,0,0,0,0
99.886520,0,0,1,0,1,0,0,0,0
99.898372,0,0,0,1,0,1,0,1,0
99.923168,0,1,0,0,0,0,0,0,0
99.949790,0,0,0,1,0,1,0,0,1
99.952285,0,0,0,0,0,0,1,0,0
99.964566,1,0,0,0,1,0,0,1,1
99.969656,0,0,0,0,0,0,1,0,0
99.980176,1,0,1,0,1,0,0,0,0
99.994566,0,1,1,0,0,0,0,1,0
100.001553,0,0,0,1,0,1,1,0,1
100.011824,1,0,0,0,0,0,0,0,0
100.022290,0,1,0,0,0,0,0,0,0
100.029827,0,0,0,0,1,0,0,1,0
100.033766,0,0,1,0,0,0,0,0,0
100.048669,0,0,0,1,0,1,1,0,0
100.058671,1,1,0,0,0,0,0,0,0
100.099640,0,0,0,1,1,1,0,1,0
100.120073,0,1,0,0,0,0,1,0,1
100.124553,0,0,0,0,0,0,0,0,1
100.134413,1,0,0,0,1,0,0,0,0
100.151543,0,0,1,1,0,1,1,0,0
100.164386,1,0,1,0,1,0,0,1,1
100.194386,0,1,1,0,0,0,0,0,0
100.200878,0,0,0,1,0,1,1,0,1
100.214973,1,0,0,0,1,0,0,1,0
100.233255,0,0,1,0,0,0,0,1,0
100.238137,0,1,0,0,0,0,0,0,0
100.248571,0,0,0,1,0,1,0,0,0
100.252072,0,0,0,0,0,0,1,0,0
100.262556,1,1,0,0,1,0,0,0,1
100.299117,0,0,1,1,0,1,1,1,0
100.314344,1,0,0,0,1,0,0,0,1
100.325639,0,1,0,0,0,0,0,0,0
100.351978,0,0,1,1,0,1,0,0,1
100.391690,0,0,1,0,0,0,0,0,0
100.394946,0,0,0,0,0,0,1,1,0
100.399472,0,0,0,1,0,1,0,0,0
100.401493,0,0,0,0,0,0,0,0,1
100.414946,1,1,0,0,1,0,0,1,0
100.435860,0,1,1,0,0,0,1,0,0
100.446714,1,0,0,0,0,1,0,0,0
100.447536,0,0,0,0,1,0,0,0,0
100.448568,0,0,0,1,0,0,1,1,1
100.468568,1,1,0,0,1,0,0,0,0
100.475954,0,0,0,0,0,0,0,1,0
100.482742,0,0,1,0,0,0,0,0,0
100.499414,0,1,0,1,0,1,1,0,1
100.519400,1,0,0,0,0,0,0,0,0
100.535609,0,0,1,0,1,0,0,0,0
100.548068,0,0,0,1,0,1,0,0,1
100.583907,0,0,1,0,0,0,0,1,0
100.601606,0,0,0,1,0,1,0,0,0
100.604125,0,1,0,0,0,0,1,0,1
100.619125,1,0,0,0,0,0,1,0,0
100.631382,1,0,0,0,1,0,0,0,0
100.643221,0,0,1,0,1,0,0,1,0
100.646550,0,0,0,0,0,1,0,1,0
100.649279,0,0,0,1,0,0,1,0,1
100.659663,1,0,0,0,0,0,0,0,0
100.660820,0,0,0,0,1,0,0,0,0
100.661923,0,0,0,0,0,0,0,1,0
100.663566,0,1,0,0,0,0,0,0,0
100.668419,0,1,0,0,0,0,0,0,0
100.680430,0,0,1,0,0,0,0,0,0
100.683137,0,1,0,0,0,0,0,0,0
100.701310,0,0,0,1,0,1,1,0,1
100.719984,1,0,0,0,0,0,0,0,0
100.721081,0,0,0,0,1,0,0,0,0
100.724928,0,0,0,0,0,0,0,1,0
100.736285,0,0,1,0,0,0,0,0,0
100.744955,0,1,0,0,0,0,0,0,0
100.748704,0,0,0,1,0,1,1,0,1
100.763847,1,0,0,0,1,0,0,0,0
100.780980,0,0,1,0,0,0,0,1,0
100.796863,0,0,0,0,0,1,0,0,1
100.799334,0,0,0,1,0,0,1,0,0
100.809628,1,1,0,0,1,0,0,0,0
100.835644,0,0,1,0,0,0,0,1,0
100.851331,0,0,0,1,0,1,1,0,1
100.864610,1,1,0,0,1,0,0,0,0
100.879513,0,0,0,0,0,0,0,1,0
100.887386,0,0,1,0,0,0,0,0,0
100.900285,0,1,0,1,0,1,1,0,1
100.915542,1,0,0,0,1,0,0,1,0
100.937500,0,1,1,0,0,0,0,0,0
100.946033,0,0,0,0,0,1,0,0,0
100.947007,0,0,0,0,0,0,0,0,1
100.948908,0,0,0,1,0,0,1,0,0
100.961191,1,0,0,0,1,0,0,0,0
100.967980,0,0,0,0,0,0,0,1,0
100.980589,0,0,1,0,0,0,0,0,0
100.990060,0,1,0,0,0,0,0,0,0
101.001753,0,0,0,1,0,1,1,0,1
101.020503,1,0,0,0,1,0,0,1,0
101.033777,0,0,1,0,0,0,0,0,0
101.048508,0,1,0,1,0,1,1,0,0
101.062158,1,0,0,0,1,0,0,1,0
101.087221,0,1,0,0,0,0,0,0,0
101.098595,0,0,0,1,0,1,0,0,1
101.134911,0,0,1,0,0,0,1,0,0
101.146683,1,0,0,0,1,1,0,0,1
101.149349,0,0,0,1,0,0,0,1,0
101.150349,0,0,0,0,0,0,0,0,1
101.161212,0,0,0,0,0,0,1,0,0
101.172806,1,1,0,0,1,0,0,1,0
101.182143,0,0,1,0,0,0,0,0,0
101.187333,0,0,1,0,0,0,0,0,0
101.196661,0,1,0,0,0,1,0,0,0
101.197189,0,0,0,0,0,0,0,0,1
101.199986,0,0,0,1,0,0,1,0,0
101.215081,1,0,0,0,1,0,0,1,0
101.235320,0,1,1,0,0,0,0,0,0
101.249733,0,0,0,1,0,1,0,0,1
101.282498,0,0,1,0,0,0,0,0,0
101.296108,0,0,0,0,0,1,1,0,1
101.300053,0,0,0,1,0,0,0,0,0
101.313840,1,0,0,0,1,0,0,1,0
101.330623,0,0,1,0,0,0,0,0,0
101.337808,0,1,0,0,0,0,0,0,0
101.346985,0,0,0,0,0,1,0,0,0
101.347633,0,0,0,0,0,0,1,0,0
101.350088,0,0,0,1,0,0,0,0,1
101.363512,1,0,0,0,1,0,1,1,0
101.380656,1,0,1,0,1,0,0,1,0
101.385191,0,1,0,0,0,0,0,0,0
101.396150,0,0,0,0,0,1,0,0,1
101.398385,0,0,0,1,0,0,1,0,0
101.402548,0,1,0,0,0,0,0,0,0
101.413234,1,0,0,0,1,0,0,0,0
101.432790,0,0,1,0,0,0,0,1,0
101.450816,0,0,0,1,0,1,0,0,0
101.451809,0,0,0,0,0,0,1,0,0
101.462112,1,1,0,0,0,0,0,0,0
101.496848,0,0,0,0,0,1,0,0,0
101.501612,0,0,0,1,1,0,0,0,1
101.534612,0,0,1,0,0,0,1,1,0
101.546023,1,0,0,0,1,1,0,1,0
101.551691,0,0,0,1,0,0,0,0,0
101.553059,0,0,0,0,0,0,1,0,0
101.564150,1,1,0,0,0,0,0,0,1
101.567273,0,1,0,0,1,0,0,0,0
101.601632,0,0,1,1,0,1,1,1,1
101.603349,0,0,0,0,0,0,0,0,1
101.619663,1,0,0,0,1,0,0,0,0
101.624295,0,1,0,0,0,0,0,0,0
101.634132,0,0,1,0,0,0,0,0,0
101.640129,0,0,1,0,0,0,0,0,0
101.646440,0,0,0,0,0,1,0,0,1
101.647365,0,0,0,0,0,0,0,1,0
101.648442,0,0,0,1,0,0,0,0,0
101.677002,0,1,1,0,0,0,1,0,0
101.696276,1,0,0,0,0,1,0,0,1
101.698353,0,0,0,1,0,0,0,0,0
101.736193,0,0,1,0,1,0,1,0,0
101.746678,1,0,0,0,1,1,0,1,0
101.747575,0,0,0,0,0,0,0,1,1
101.749076,0,0,0,1,0,0,0,0,0
101.764156,0,0,0,0,0,0,1,0,0
101.774576,1,1,0,0,0,0,0,0,0
101.775888,0,1,0,0,1,0,0,0,0
101.776762,0,0,0,0,0,0,0,1,0
101.786026,0,0,1,0,0,0,0,0,0
101.796788,0,1,0,0,0,1,0,0,0
101.799961,0,0,0,1,0,0,1,0,1
101.813294,1,0,0,0,1,0,0,0,0
101.827311,0,0,0,0,0,0,0,1,0
101.839171,0,0,1,0,0,0,0,0,0
101.847538,0,1,0,0,0,1,0,0,0
101.851124,0,0,0,1,0,0,1,0,0
101.868132,1,0,0,0,1,0,0,0,1
101.885802,0,0,0,0,0,0,0,1,0
101.901584,0,0,1,1,0,1,1,0,0
101.910571,0,1,0,0,0,0,0,0,1
101.915974,1,0,0,0,1,0,0,0,0
101.922417,0,0,0,0,0,0,0,1,0
101.949281,0,1,1,1,0,1,0,0,1
101.984301,0,0,1,0,0,0,1,0,0
101.994795,1,0,0,0,1,0,0,1,0
102.001487,0,0,0,1,0,1,0,0,0
102.021086,0,1,0,0,0,0,0,0,1
102.048501,0,0,0,1,0,1,0,0,0
102.052204,0,0,1,0,0,0,0,0,1
102.063550,0,0,0,0,0,0,1,0,0
102.077196,1,0,0,0,0,0,0,0,0
102.085393,0,0,1,0,1,0,1,1,0
102.098216,1,0,0,1,0,1,0,0,1
102.107860,0,1,0,0,1,0,0,1,0
102.128808,0,1,1,0,0,0,1,0,0
102.148205,1,0,0,1,0,1,0,0,0
102.196967,0,0,0,0,0,1,0,0,0
102.201286,0,0,0,1,0,0,0,0,0
102.208996,0,0,0,0,0,0,1,0,0
102.211846,0,0,0,0,0,0,1,0,0
102.213338,0,0,0,0,0,0,0,0,1
102.217046,0,0,0,0,1,0,0,1,1
102.224996,1,0,0,0,1,0,0,1,0
102.226131,1,0,0,0,0,0,0,0,0
102.234984,0,0,0,0,1,0,0,0,0
102.246859,0,1,1,0,0,1,0,1,0
102.250374,0,1,1,1,0,0,0,0,1
102.275532,0,1,0,0,0,0,1,0,0
102.286888,1,0,1,0,1,0,0,0,0
102.296631,0,0,0,0,0,1,0,1,1
102.299191,0,0,0,1,0,0,1,0,0
102.317293,1,1,0,0,1,0,0,1,0
102.332159,0,0,1,0,0,0,0,0,0
102.341359,0,1,0,0,0,0,0,0,0
102.348412,0,0,0,1,0,1,0,0,1
102.382377,0,0,1,0,0,0,1,0,0
102.398905,1,0,0,1,1,1,1,0,1
102.401877,0,0,0,0,0,0,0,1,0
102.417483,1,0,0,0,1,0,0,1,0
102.430507,0,1,1,0,0,0,0,0,0
102.438535,0,1,0,0,0,0,0,0,0
102.450661,0,0,0,1,0,1,1,0,1
102.470396,1,0,0,0,1,0,0,0,0
102.481826,0,0,1,0,0,0,0,1,0
102.496247,0,0,0,0,0,1,0,0,0
102.501966,0,1,0,1,0,0,1,0,0
102.513351,1,0,0,0,0,0,0,0,0
102.523387,0,0,0,0,0,0,0,0,1
102.550550,0,0,0,1,0,1,1,0,1
102.551978,0,0,0,0,1,0,0,1,0
102.560620,1,0,1,0,1,0,0,1,0
102.579336,0,1,0,0,0,0,0,0,0
102.586882,0,1,1,0,0,0,0,0,0
102.598822,0,0,0,1,0,1,0,0,0
102.646400,0,0,0,0,0,1,0,0,1
102.651943,0,0,0,1,0,0,0,0,0
102.679734,0,0,1,0,0,0,0,0,0
102.699100,0,0,0,1,0,1,1,0,0
102.714445,1,0,0,0,1,0,0,0,1
102.729744,0,0,0,0,0,0,1,1,1
102.746596,1,0,1,0,0,1,0,0,1
102.748419,0,0,0,1,1,0,1,0,0
102.759744,1,1,1,0,1,0,1,0,0
102.774719,1,0,0,0,0,0,0,1,0
102.775673,0,0,0,0,1,0,0,1,0
102.777320,0,0,1,0,0,0,0,0,0
102.794774,0,1,0,0,0,0,0,0,0
102.796389,0,1,0,0,0,1,0,1,0
102.799757,0,0,0,1,0,0,1,0,0
102.812148,1,0,0,0,1,0,0,1,1
102.821264,0,1,0,0,0,0,0,0,0
102.842148,0,1,1,0,0,0,0,0,0
102.850966,0,0,0,1,0,1,0,0,1
102.884128,0,0,1,0,0,0,1,0,0
102.901131,1,0,0,1,1,1,1,1,0
102.921131,1,1,0,0,1,0,0,1,0
102.946011,0,1,0,0,0,1,0,0,1
102.949372,0,0,0,1,0,0,0,0,1
102.981503,0,0,1,0,0,0,0,0,0
102.983441,0,0,1,0,0,0,0,0,0
102.996339,0,0,0,0,0,1,0,0,1
102.997320,0,0,0,0,0,0,1,0,0
102.998484,0,0,0,1,0,0,1,0,0
103.013116,1,0,0,0,0,0,0,0,0
103.015795,1,0,0,0,1,0,0,0,0
103.030885,0,0,1,0,1,0,0,1,0
103.049488,0,0,0,1,0,1,1,1,1
103.060488,1,1,0,0,1,0,0,1,0
103.069637,0,1,0,0,0,0,0,0,0
103.079791,0,0,1,0,0,0,0,0,0
103.090193,0,1,0,0,0,0,0,0,0
103.096517,0,0,0,0,0,1,0,0,1
103.099890,0,0,0,1,0,0,0,0,0
103.133089,0,0,1,0,0,0,0,0,0
103.146482,0,0,0,0,0,1,0,0,1
103.148647,0,0,0,1,0,0,1,0,0
103.165661,1,0,0,0,1,0,0,0,0
103.181706,0,0,1,0,0,0,0,0,0
103.196671,0,0,0,0,0,1,0,0,0
103.198258,0,0,0,1,0,0,0,1,1
103.228258,0,1,1,0,0,0,1,0,0
103.234748,0,0,0,0,0,0,1,0,0
103.242224,1,0,0,0,0,0,0,0,0
103.250253,1,0,0,1,1,1,0,1,1
103.271322,0,1,0,0,0,0,0,0,0
103.274262,0,0,0,0,0,0,1,0,0
103.277345,0,0,0,0,1,0,0,1,0
103.282847,0,0,1,0,0,0,0,0,0
103.285751,1,0,0,0,1,0,0,0,0
103.300733,0,1,0,1,0,1,0,1,0
103.322758,0,1,0,0,0,0,1,0,1
103.342073,1,0,0,0,1,0,0,1,0
103.346830,0,0,0,0,0,1,0,0,1
103.349786,0,0,0,1,0,0,1,0,0
103.362339,1,1,1,0,1,0,0,0,0
103.377473,0,0,1,0,0,0,0,0,0
103.399333,0,0,0,1,0,1,0,1,1
103.410116,0,0,0,0,0,0,1,0,0
103.426907,1,1,0,0,0,0,0,0,0
103.435154,0,0,1,0,1,0,0,1,0
103.451271,0,0,0,1,0,1,0,0,1
103.461593,0,1,0,0,0,0,1,0,0
103.481591,1,0,1,0,1,0,0,1,0
103.496414,0,0,0,0,0,1,0,0,1
103.498269,0,0,0,1,0,0,1,0,0
103.511328,1,1,0,0,1,0,0,0,0
103.532586,0,0,1,0,0,0,0,1,0
103.550880,0,0,0,1,0,1,0,0,1
103.562158,0,1,0,0,0,0,0,0,0
103.582887,0,0,1,0,0,0,1,0,0
103.598266,1,0,0,1,1,1,0,0,1
103.631370,0,0,1,0,0,0,0,0,0
103.638722,0,0,0,0,0,0,1,1,0
103.646457,0,0,0,0,0,1,0,0,1
103.648241,0,0,0,1,0,0,1,0,0
103.653436,1,0,0,0,1,0,0,1,0
103.667299,1,1,0,0,0,0,0,0,0
103.671279,0,0,0,0,1,0,0,1,0
103.674930,0,1,0,0,0,0,0,0,0
103.684783,0,0,1,0,0,0,0,0,0
103.698466,0,1,0,1,0,1,1,0,1
103.712254,1,0,0,0,1,0,0,0,0
103.730716,0,0,1,0,0,0,0,1,0
103.746433,0,0,0,0,0,1,0,0,0
103.748951,0,0,0,1,0,0,1,0,1
103.759597,1,1,0,0,1,0,0,1,0
103.779085,0,0,1,0,0,0,0,0,0
103.788131,0,1,0,0,0,0,0,0,0
103.798446,0,0,0,1,0,1,1,0,1
103.810487,1,0,0,0,1,0,0,0,0
103.835329,0,0,1,0,0,0,0,0,0
103.848235,0,0,0,1,0,1,0,0,1
103.885735,0,0,1,0,0,0,0,1,0
103.896696,0,0,0,0,0,1,1,0,0
103.900720,0,0,0,1,0,0,1,0,0
103.910833,1,1,0,0,1,0,0,0,0
103.917286,1,0,0,0,0,0,0,1,0
103.944659,0,1,0,0,1,0,0,1,1
103.949620,0,0,0,1,0,1,0,0,0
103.959890,0,0,0,0,0,0,1,0,1
103.971374,1,1,0,0,0,0,0,0,0
103.983626,0,0,1,0,1,0,0,0,0
103.991041,0,0,1,0,0,0,0,1,0
103.999922,0,0,0,1,0,1,1,0,1
104.009992,1,0,0,0,0,0,0,0,0
104.010590,0,0,0,0,1,0,0,0,0
104.015795,0,1,0,0,0,0,0,1,0
104.030595,0,0,1,0,0,0,0,0,0
104.042306,0,1,0,0,0,0,0,0,0
104.051868,0,0,0,1,0,1,1,0,1
104.070133,1,0,0,0,1,0,0,0,0
104.078663,0,0,0,0,0,0,0,1,0
104.084968,0,0,1,0,0,0,0,0,0
104.098299,0,0,0,1,0,1,0,0,1
104.108391,0,1,0,0,0,0,0,0,0
104.122460,0,0,0,0,0,0,1,0,0
104.136123,1,0,1,0,1,0,0,1,0
104.148255,0,0,0,1,0,1,0,0,1
104.161650,0,1,0,0,0,0,0,0,0
104.180050,0,0,1,0,0,0,0,0,0
104.198000,0,0,0,1,0,1,1,0,1
104.213270,1,0,0,0,0,0,1,0,0
104.225135,1,0,0,0,0,0,0,0,0
104.236571,0,0,1,0,0,0,0,0,0
104.251828,0,0,0,1,1,1,0,0,0
104.296165,0,0,0,0,1,1,0,1,0
104.300300,0,0,0,1,0,0,0,0,1
104.324944,0,1,0,0,0,0,0,0,1
104.332774,0,0,1,0,0,0,1,1,0
104.346886,1,0,0,0,1,1,0,0,0
104.347155,0,0,0,0,0,0,1,0,1
104.350899,0,0,0,1,0,0,1,1,0
104.358971,1,1,1,0,1,0,0,1,0
104.361308,1,0,0,0,1,0,0,1,0
104.371887,0,1,0,0,0,0,0,0,0
104.380865,0,1,1,0,0,0,0,0,0
104.387135,0,1,0,0,0,0,0,0,0
104.396528,0,0,0,0,0,1,0,0,0
104.401030,0,0,0,1,0,0,0,0,0
104.448897,0,0,0,1,0,1,0,0,1
104.479288,0,0,1,0,0,0,0,0,0
104.483155,0,0,0,0,0,0,1,0,1
104.498549,1,0,0,1,1,1,0,1,0
104.517349,0,0,1,0,0,0,1,0,0
104.519901,0,1,0,0,0,0,1,0,0
104.523681,0,0,0,0,0,0,0,0,1
104.534168,1,0,0,0,0,0,0,0,0
104.535966,1,0,0,0,1,0,0,0,0
104.550403,0,0,0,1,0,1,1,1,1
104.552025,0,0,0,0,1,0,0,0,0
104.559077,0,0,1,0,0,0,0,0,0
104.564494,1,0,0,0,1,0,0,0,0
104.574484,0,1,0,0,0,0,0,1,0
104.576791,0,0,0,0,0,0,0,1,0
104.589260,0,0,1,0,0,0,0,0,0
104.596207,0,1,0,0,0,1,0,0,0
104.596499,0,0,0,0,0,0,0,0,1
104.599779,0,1,0,1,0,0,0,0,0
104.632036,0,0,1,0,0,0,1,0,0
104.648215,1,0,0,1,1,1,1,0,1
104.651595,0,0,0,0,0,0,0,1,0
104.667357,1,0,0,0,0,0,0,0,0
104.673288,0,1,0,0,1,0,0,1,0
104.687629,0,0,1,0,0,0,0,0,0
104.699403,0,1,0,1,0,1,1,0,0
104.709680,1,0,0,0,1,0,0,1,0
104.733588,0,1,0,0,0,0,0,0,0
104.751426,0,0,0,1,0,1,1,0,1
104.758580,0,0,0,0,0,0,0,0,1
104.766593,1,0,0,0,1,0,0,0,0
104.771437,0,0,0,0,0,0,0,1,0
104.786134,0,0,1,0,0,0,0,0,0
104.796323,0,1,1,0,0,1,0,0,0
104.800678,0,0,0,1,0,0,1,0,1
104.812103,1,0,0,0,1,0,0,1,0
104.831024,0,0,1,0,0,0,0,0,0
104.840177,0,1,0,0,0,0,0,0,0
104.849181,0,0,0,1,0,1,0,0,1
104.888165,0,0,1,0,0,0,1,0,0
104.900964,1,0,0,1,1,1,0,0,0
104.946446,0,0,0,0,0,1,0,1,1
104.950053,0,0,0,1,0,0,0,0,0
104.970871,0,1,0,0,0,0,0,0,0
104.981212,0,0,1,0,0,0,1,0,1
104.996621,1,0,0,0,1,1,1,1,0
105.000326,0,0,0,1,0,0,0,0,0
105.016621,1,1,1,0,0,0,1,0,1
105.031942,1,0,0,0,0,0,0,0,0
105.048546,0,0,1,1,1,1,1,1,0
105.062357,1,0,0,0,1,0,0,1,0
105.070662,0,1,0,0,1,0,0,0,0
105.088596,0,1,0,0,0,0,0,1,0
105.096117,0,0,0,0,0,1,0,0,1
105.098449,0,0,0,1,0,0,0,0,0
105.102632,0,0,0,0,0,0,1,0,1
105.113327,1,1,0,0,0,0,0,0,0
105.131410,0,0,1,0,1,0,0,0,0
105.131984,0,0,0,0,0,0,0,1,0
105.139418,0,0,1,0,0,0,0,0,0
105.148161,0,0,0,1,0,1,0,0,1
105.161240,0,1,0,0,0,0,0,0,0
105.181732,0,0,1,0,0,0,1,0,0
105.200229,1,0,0,1,0,1,1,0,0
105.212888,1,0,0,0,0,0,0,0,1
105.222955,0,0,0,0,1,0,0,0,0
105.248657,0,0,1,1,0,1,0,0,0
105.296434,0,0,0,0,1,1,1,1,1
105.297145,0,0,0,0,0,0,0,1,1
105.298865,0,0,0,1,0,0,1,0,0
105.306934,1,0,0,0,1,0,0,0,0
105.312802,1,0,0,0,0,0,0,1,0
105.324722,0,1,0,0,0,0,0,0,0
105.326777,0,1,1,0,0,0,0,0,0
105.326961,0,0,0,0,1,0,0,1,0
105.327547,0,0,1,0,0,0,0,0,0
105.340583,0,1,0,0,0,0,0,0,0
105.346987,0,1,0,0,0,1,0,0,1
105.350994,0,0,0,1,0,0,1,0,0
105.368127,1,0,0,0,1,0,0,0,0
105.383985,0,0,1,0,0,0,0,1,0
105.400019,0,0,0,1,0,1,1,0,1
105.410141,1,1,0,0,1,0,0,0,0
105.437078,0,0,1,0,0,0,0,0,0
105.446406,0,0,0,0,0,1,0,0,1
105.449571,0,0,0,1,0,0,0,1,0
105.479402,0,1,1,0,0,0,1,0,0
105.496427,1,0,0,0,1,1,0,0,0
105.499381,0,0,0,1,0,0,1,0,0
105.508021,0,0,0,0,0,0,0,1,0
105.518933,1,0,0,0,1,0,0,1,1
105.530240,0,1,0,0,0,0,0,0,0
105.546714,0,1,0,0,0,1,0,0,1
105.550765,0,0,1,1,0,0,0,0,0
105.578359,0,0,1,0,0,0,0,0,0
105.601230,0,0,0,1,0,1,0,0,0
105.646287,0,0,0,0,0,1,0,0,1
105.648160,0,0,0,1,0,0,0,0,0
105.684528,0,0,1,0,0,0,1,0,0
105.694934,1,0,0,0,1,0,1,1,0
105.696789,0,0,0,0,0,1,1,0,0
105.701281,0,0,0,1,0,0,0,0,1
105.714934,1,1,0,0,1,0,1,1,0
105.716415,1,0,0,0,1,0,0,0,1
105.734934,1,1,1,0,0,0,0,1,0
105.748226,0,0,1,1,0,1,1,0,0
105.756080,0,1,0,0,0,0,0,0,1
105.768121,1,0,0,0,1,0,0,1,0
105.796006,0,1,1,0,1,1,0,0,1
105.797004,0,0,0,0,0,0,0,1,0
105.799472,0,0,0,1,0,0,1,0,0
105.810778,1,0,0,0,1,0,0,1,0
105.826195,0,1,1,0,0,0,0,0,0
105.834272,0,1,0,0,0,0,0,0,0
105.846720,0,0,0,0,0,1,0,0,1
105.848219,0,0,0,1,0,0,1,0,0
105.860771,1,0,0,0,1,0,0,1,0
105.883074,0,1,1,0,0,0,0,0,0
105.899328,0,0,0,1,0,1,0,0,1
105.931031,0,0,1,0,0,0,0,0,0
105.946309,0,0,0,0,0,1,0,0,1
105.950575,0,0,0,1,0,0,0,0,0
105.977129,0,0,1,0,0,0,0,0,0
105.996247,0,0,0,0,0,1,0,0,1
106.000009,0,0,0,1,0,0,0,0,0
106.030921,0,0,1,0,0,0,1,0,0
106.041193,1,0,0,0,1,0,0,0,0
106.050339,0,0,0,1,0,1,0,1,0
106.075738,0,1,0,0,0,0,1,0,1
106.090137,1,0,0,0,0,0,1,0,0
106.100137,1,0,0,1,0,1,0,0,0
106.107364,0,0,1,0,0,0,1,0,0
106.124658,1,0,0,0,1,0,0,1,1
106.146713,0,1,0,0,1,1,0,0,1
106.147029,0,0,0,0,1,0,1,0,0
106.151823,0,0,0,1,0,0,1,0,0
106.163179,1,0,1,0,0,0,0,0,0
106.166656,1,0,0,0,1,0,0,0,0
106.169251,0,0,0,0,0,0,0,1,0
106.173334,0,0,0,0,1,0,0,0,0
106.175093,0,0,0,0,0,0,0,1,0
106.181671,0,0,1,0,0,0,0,1,0
106.198686,0,1,0,1,0,1,1,1,1
106.200105,0,1,0,0,0,0,0,0,0
106.210788,1,1,0,0,0,0,0,0,0
106.217272,0,0,0,0,1,0,0,1,0
106.223398,0,1,0,0,0,0,0,0,0
106.238380,0,1,1,0,0,0,0,0,0
106.246219,0,0,0,0,0,1,0,0,0
106.251241,0,0,0,1,0,0,0,0,1
106.260641,0,0,0,0,0,0,1,0,0
106.272725,1,0,0,0,0,0,0,0,0
106.283096,0,0,1,0,1,0,0,0,0
106.300667,0,0,0,1,0,1,1,0,0
106.319225,1,0,0,0,1,0,0,1,1
106.346738,0,1,0,0,0,1,0,0,1
106.348079,0,0,0,1,0,0,0,1,0
106.355153,0,0,1,0,0,0,0,0,0
106.376857,0,1,1,0,0,0,1,0,0
106.396778,1,0,0,0,1,1,0,0,0
106.397422,0,0,0,0,0,0,0,1,0
106.398182,0,0,0,1,0,0,0,0,0
106.415750,0,0,0,0,0,0,0,0,1
106.416744,0,0,0,0,0,0,1,0,0
106.426747,1,1,0,0,1,0,0,1,0
106.449171,0,1,1,1,0,1,0,0,0
106.453691,0,0,0,0,0,0,1,0,0
106.464516,1,0,0,0,1,0,0,1,0
106.493323,0,1,0,0,0,0,0,0,1
106.500000,0,0,0,1,0,1,1,0,0
106.517724,1,0,0,0,1,0,0,0,1
106.521043,0,0,0,0,0,0,0,1,0
106.529102,0,0,1,0,0,0,0,0,0
106.550598,0,1,1,1,0,1,0,0,0
106.600036,0,0,0,1,0,1,1,0,0
106.615537,1,0,0,0,0,0,1,0,1
106.619218,0,0,0,0,1,0,0,0,1
106.620250,0,0,0,0,0,0,0,1,0
106.626297,1,0,0,0,0,0,0,0,0
106.645746,0,1,1,0,1,0,0,1,0
106.651806,0,0,1,1,0,1,1,0,1
106.666432,1,1,0,0,1,0,0,0,0
106.681806,0,0,1,0,0,0,0,1,0
106.701814,0,1,0,1,0,1,0,0,1
106.728579,0,0,0,0,0,0,1,0,0
106.741763,1,0,1,0,0,0,0,0,0
106.748000,0,0,0,1,0,1,1,0,1
106.752415,0,0,0,0,1,0,0,1,0
106.765404,1,0,0,0,0,0,0,0,0
106.776450,0,1,0,0,1,0,0,0,0
106.781333,0,0,1,0,0,0,0,0,0
106.796185,0,0,0,0,0,1,0,1,0
106.797019,0,0,0,0,0,0,0,0,1
106.800541,0,0,0,1,0,0,1,0,0
106.816292,1,1,0,0,0,0,0,0,0
106.830249,0,0,1,0,1,0,0,0,0
106.850328,0,0,0,1,0,1,0,0,1
106.883575,0,0,1,0,0,0,1,0,0
106.901257,1,0,0,1,0,1,0,0,1
106.936106,0,0,1,0,0,0,1,0,0
106.948271,1,0,0,1,0,1,0,1,1
106.952068,0,0,0,0,0,0,1,0,0
106.958006,0,0,0,0,1,0,0,1,0
106.960991,0,0,0,0,1,0,0,1,0
106.969152,1,1,0,0,1,0,0,1,0
106.978094,0,1,0,0,0,0,0,0,0
106.978755,0,0,1,0,0,0,0,0,0
106.984313,0,1,0,0,0,0,0,0,0
106.996047,0,1,0,0,0,1,0,0,0
107.001401,0,0,0,1,0,0,1,0,0
107.015478,1,0,0,0,1,0,0,1,1
107.039580,0,1,0,0,0,0,0,0,0
107.046022,0,0,1,0,0,1,0,0,1
107.051138,0,0,0,1,0,0,0,0,0
107.064147,0,0,0,0,0,0,1,0,0
107.074201,1,0,0,0,1,0,0,1,0
107.085736,0,0,1,0,0,0,0,0,0
107.100011,0,1,0,1,0,1,0,0,0
107.118014,0,0,0,0,0,0,0,0,1
107.148005,0,0,0,1,0,1,1,0,0
107.158013,1,0,1,0,1,0,1,1,1
107.171990,1,0,0,0,1,0,0,1,0
107.183210,0,1,0,0,0,0,0,0,0
107.198006,0,1,1,1,0,1,1,0,1
107.210996,1,0,0,0,1,0,0,1,0
107.237225,0,1,1,0,0,0,0,0,0
107.251275,0,0,0,1,0,1,1,0,0
107.252515,0,0,0,0,0,0,0,0,1
107.269008,1,0,0,0,1,0,0,0,0
107.287331,0,0,1,0,0,0,0,0,0
107.296654,0,0,0,0,0,1,0,0,1
107.301046,0,0,0,1,0,0,0,0,0
107.332210,0,0,1,0,0,0,0,0,0
107.346940,0,0,0,0,0,1,0,0,1
107.347910,0,0,0,0,0,0,1,0,0
107.348681,0,0,0,1,0,0,0,0,0
107.361632,1,0,0,0,1,0,0,0,0
107.375566,0,0,0,0,0,0,1,0,0
107.383023,0,0,1,0,0,0,0,1,0
107.395459,1,0,0,0,0,0,0,0,0
107.396696,0,0,0,0,1,1,0,1,0
107.399620,0,0,0,1,0,0,1,0,1
107.405122,0,1,0,0,0,0,0,1,0
107.419259,1,1,0,0,1,0,0,0,0
107.432298,0,1,1,0,0,0,0,1,0
107.448647,0,0,0,1,0,1,1,0,1
107.459998,1,1,0,0,1,0,0,0,0
107.479492,0,0,1,0,0,0,0,0,0
107.498688,0,0,0,1,0,1,0,0,0
107.546226,0,0,0,0,0,1,0,1,0
107.548456,0,0,0,1,0,0,1,0,0
107.564596,1,0,0,0,1,0,1,1,0
107.572315,0,1,0,0,0,0,0,0,1
107.577875,1,0,0,0,1,0,0,0,1
107.585274,0,1,0,0,0,0,0,1,0
107.601657,0,0,0,1,0,1,1,0,0
107.603406,0,0,1,0,0,0,0,0,1
107.612890,1,1,1,0,1,0,0,1,0
107.633100,0,1,0,0,0,0,0,0,0
107.634513,0,0,1,0,0,0,0,0,0
107.646015,0,0,0,0,0,1,0,0,1
107.650614,0,0,0,1,0,0,0,0,0
107.681351,0,0,1,0,0,0,1,0,0
107.696599,1,0,0,0,1,1,0,1,1
107.699424,0,0,0,1,0,0,0,0,0
107.726599,0,1,1,0,0,0,0,0,0
107.746361,0,0,0,0,0,1,0,0,1
107.750526,0,0,0,1,0,0,1,0,0
107.768651,1,0,0,0,1,0,0,1,0
107.777676,0,0,1,0,0,0,0,0,0
107.794862,0,1,0,0,0,0,0,0,0
107.796037,0,0,0,0,0,1,0,0,1
107.798225,0,0,0,1,0,0,0,0,0
107.822586,0,0,0,0,0,0,1,0,0
107.835573,1,0,1,0,1,0,1,0,0
107.845779,1,0,0,0,1,0,0,1,0
107.846725,0,0,0,0,0,1,0,1,0
107.847552,0,0,0,0,0,0,0,0,1
107.849439,0,0,0,1,0,0,0,0,0
107.863611,0,0,0,0,0,0,1,0,0
107.874862,1,1,0,0,1,0,0,1,0
107.876562,0,1,0,0,0,0,0,0,0
107.881838,0,0,1,0,0,0,0,0,0
107.899387,0,1,0,1,0,1,1,0,1
107.913922,1,0,0,0,1,0,0,0,0
107.933742,0,0,1,0,0,0,0,1,0
107.950422,0,0,0,1,0,1,0,0,1
107.957173,0,1,0,0,0,0,0,0,0
107.981528,0,0,1,0,0,0,1,0,0
107.998616,1,0,0,1,0,1,1,0,0
108.005800,0,0,0,0,1,0,0,1,1
108.013076,1,0,0,0,1,0,0,1,0
108.028598,0,1,0,0,0,0,0,0,0
108.042198,0,1,1,0,0,0,0,0,0
108.048636,0,0,0,1,0,1,0,0,1
108.084819,0,0,1,0,0,0,1,0,0
108.096857,1,0,0,0,1,1,0,0,0
108.098974,0,0,0,1,0,0,0,1,1
108.103072,0,0,0,0,0,0,1,0,0
108.116797,1,0,0,0,0,0,0,0,0
108.128974,0,1,1,0,1,0,0,1,0
108.146890,0,0,0,0,0,1,0,0,1
108.148297,0,0,0,1,0,0,0,0,0
108.149012,0,1,0,0,0,0,0,0,0
108.181193,0,0,1,0,0,0,0,0,0
108.196247,0,0,0,0,0,1,1,0,0
108.199195,0,0,0,1,0,0,1,0,0
108.213999,1,0,0,0,1,0,0,0,0
108.215916,1,0,0,0,1,0,0,1,0
108.220444,0,0,0,0,0,0,0,1,0
108.229178,0,0,0,0,0,0,0,0,1
108.237871,0,1,0,0,0,0,0,0,0
108.242251,0,1,0,0,0,0,0,0,0
108.246005,0,0,0,0,0,1,0,0,1
108.250947,0,0,0,1,0,0,1,0,0
108.259680,0,0,1,0,0,0,0,0,0
108.266533,1,0,0,0,1,0,0,0,0
108.268819,0,0,0,0,0,0,0,1,0
108.283538,0,0,1,0,0,0,0,0,0
108.296004,0,1,0,0,0,1,0,0,0
108.300530,0,0,0,1,0,0,0,0,1
108.337114,0,0,1,0,0,0,1,0,0
108.349490,1,0,0,1,1,1,1,1,0
108.369490,1,1,0,0,1,0,0,1,0
108.399476,0,1,0,1,0,1,0,0,1
108.407909,0,0,0,0,0,0,0,0,1
108.439424,0,0,1,0,0,0,0,0,0
108.447719,0,0,1,0,0,1,1,0,0
108.450333,0,0,0,1,0,0,1,0,1
108.462088,1,0,0,0,1,0,0,1,0
108.470075,1,0,0,0,1,0,0,1,0
108.480359,0,0,1,0,0,0,0,0,0
108.482948,0,1,0,0,0,0,0,0,0
108.499478,0,1,0,1,0,1,0,0,0
108.551461,0,0,0,1,0,1,0,0,1
108.581712,0,0,1,0,0,0,0,0,1
108.598559,0,0,0,1,0,1,1,0,1
108.608685,1,0,0,0,1,0,0,1,0
108.610180,0,0,0,0,0,0,1,0,0
108.620406,1,0,1,0,0,0,1,0,0
108.623340,0,0,0,0,1,0,0,0,0
108.634949,1,1,1,0,1,0,0,1,0
108.649028,0,0,0,1,0,1,1,0,0
108.651410,0,0,0,0,0,0,0,1,0
108.662064,1,1,0,0,0,0,0,0,0
108.680934,0,1,0,0,1,0,0,0,0
108.701079,0,0,0,1,0,1,0,0,1
108.741065,0,0,1,0,0,0,0,0,0
108.742750,0,0,0,0,0,0,1,1,0
108.750676,0,0,0,1,0,1,0,0,0
108.762750,1,1,0,0,1,0,1,1,1
108.782750,1,1,0,0,1,0,0,1,1
108.798836,0,0,1,1,0,1,0,0,0
108.800454,0,0,0,0,0,0,1,0,1
108.812750,1,1,1,0,1,0,0,1,0
108.830692,0,0,1,0,0,0,0,0,0
108.832779,0,1,0,0,0,0,0,0,0
108.850806,0,0,0,1,0,1,1,0,1
108.863051,1,0,0,0,0,0,0,0,0
108.887905,0,0,1,0,1,0,0,0,0
108.899577,0,0,0,1,0,1,1,1,1
108.914947,1,0,0,0,0,0,0,0,0
108.929577,0,1,1,0,0,0,0,0,0
108.948705,0,0,0,1,0,1,0,0,0
108.980340,0,0,0,0,1,0,0,1,1
108.998643,0,0,0,1,0,1,1,0,0
109.009000,1,1,0,0,1,0,1,0,1
109.020276,1,0,1,0,0,0,0,1,0
109.046222,0,1,1,0,0,1,0,0,1
109.050902,0,0,0,1,0,0,0,0,0
109.062812,0,0,0,0,1,0,1,0,0
109.081657,1,0,1,0,0,0,0,1,0
109.101657,0,1,0,1,1,1,0,1,0
109.126420,0,1,0,0,0,0,1,0,0
109.138708,1,0,0,0,0,0,0,0,1
109.146974,0,0,0,0,1,1,0,0,0
109.147481,0,0,0,0,0,0,0,0,1
109.150551,0,0,0,1,0,0,1,0,0
109.153418,0,0,0,0,0,0,0,1,0
109.162412,1,0,0,0,0,0,0,0,0
109.170838,0,0,1,0,1,0,0,1,0
109.181172,0,1,1,0,0,0,0,0,0
109.196124,0,1,0,0,0,1,0,0,1
109.200090,0,0,0,1,0,0,0,0,0
109.217423,0,0,0,0,0,0,1,0,0
109.226175,0,0,1,0,0,0,0,0,0
109.233435,1,0,0,0,1,0,0,0,0
109.250761,0,0,0,1,0,1,1,0,1
109.262345,1,0,0,0,1,0,0,0,0
109.288431,0,0,1,0,0,0,0,1,0
109.298152,0,0,0,1,0,1,0,0,1
109.307320,0,0,0,0,0,0,1,0,0
109.318300,1,1,0,0,0,0,0,0,0
109.322300,0,0,0,0,0,0,0,1,0
109.325832,0,0,0,0,1,0,0,1,0
109.336291,0,0,1,0,0,0,0,0,0
109.349333,0,1,0,1,0,1,1,0,1
109.350623,0,1,0,0,0,0,0,0,0
109.362755,1,0,0,0,0,0,0,0,0
109.383206,0,0,1,0,1,0,0,1,0
109.401966,0,0,0,1,0,1,1,0,1
109.412687,1,1,0,0,1,0,0,1,0
109.432287,0,0,1,0,0,0,0,0,0
109.434577,0,1,0,0,0,0,0,0,0
109.449976,0,0,0,1,0,1,0,0,0
109.458447,0,0,0,0,0,0,1,0,1
109.468795,1,0,0,0,0,0,0,0,0
109.498040,0,0,1,1,0,1,1,0,1
109.512928,1,0,0,0,1,0,0,0,0
109.535457,0,0,1,0,1,0,0,0,0
109.543680,0,0,0,0,0,0,0,1,0
109.546774,0,0,0,0,0,1,0,1,0
109.549340,0,0,0,1,0,0,0,0,0
109.566384,0,1,0,0,0,0,1,0,1
109.576390,1,1,0,0,0,0,0,0,0
109.599612,0,0,1,1,1,1,0,0,0
109.613166,0,0,0,0,0,0,1,1,1
109.633166,1,1,0,0,1,0,0,1,0
109.651153,0,0,1,1,0,1,1,0,1
109.661350,1,1,0,0,1,0,0,1,0
109.681250,0,0,1,0,0,0,0,0,0
109.685635,0,1,0,0,0,0,0,0,0
109.698449,0,0,0,1,0,1,0,0,1
109.731361,0,0,1,0,0,0,1,0,0
109.746243,1,0,0,0,1,1,0,1,0
109.747083,0,0,0,0,0,0,0,0,1
109.748665,0,0,0,1,0,0,1,0,0
109.763341,1,0,0,0,1,0,0,1,0
109.769095,0,1,0,0,0,0,0,0,0
109.779265,0,0,1,0,0,0,0,0,0
109.789716,0,1,0,0,0,0,0,0,0
109.796768,0,0,0,0,0,1,0,0,0
109.797437,0,0,0,0,0,0,0,0,1
109.800118,0,0,0,1,0,0,1,0,0
109.813621,1,0,0,0,1,0,0,1,0
109.834059,0,1,1,0,0,0,0,0,0
109.846840,0,0,0,0,0,1,0,0,1
109.850611,0,0,0,1,0,0,1,0,0
109.861002,1,0,0,0,0,0,0,0,0
109.885021,0,0,1,0,0,0,0,0,0
109.898976,0,0,0,1,0,1,1,0,1
109.906260,0,0,0,0,1,0,0,1,0
109.914758,1,0,0,0,1,0,0,1,0
109.930303,0,1,1,0,0,0,0,0,0
109.939766,0,1,0,0,0,0,0,0,0
109.949227,0,0,0,1,0,1,0,0,0
109.996302,0,0,0,0,0,1,0,0,0
109.997051,0,0,0,0,0,0,1,0,1
109.999543,0,0,0,1,0,0,1,0,1
110.011299,1,0,0,0,1,0,0,1,0
110.015559,1,0,0,0,1,0,0,0,0
110.027920,0,0,1,0,0,0,0,0,0
110.030199,0,0,1,0,0,0,0,1,0
110.034902,0,1,0,0,0,0,0,0,0
110.048286,0,0,0,1,0,1,0,0,0
110.050199,0,1,0,0,0,0,1,0,0
110.069290,1,0,0,0,0,0,0,0,1
110.096403,0,0,0,0,1,1,0,1,0
110.097161,0,0,0,0,0,0,0,0,1
110.101957,0,0,1,1,0,0,0,0,0
110.124072,0,1,0,0,0,0,1,0,0
110.136921,1,0,1,0,1,0,0,1,0
110.151398,0,0,0,1,0,1,0,0,0
110.159984,0,1,0,0,0,0,0,0,0
110.166801,0,0,0,0,0,0,0,0,1
110.196961,0,0,1,0,0,1,0,0,1
110.197103,0,0,0,0,0,0,1,0,0
110.199931,0,0,0,1,0,0,1,0,0
110.212427,1,0,0,0,1,0,0,1,0
110.216599,1,0,0,0,0,0,0,0,0
110.231058,0,0,1,0,1,0,0,1,0
110.235302,0,1,0,0,0,0,0,0,0
110.249939,0,0,0,1,0,1,1,0,0
110.254312,0,1,0,0,0,0,0,0,1
110.262102,1,0,0,0,0,0,0,0,0
110.286402,0,0,1,0,1,0,0,1,0
110.301267,0,0,0,1,0,1,0,0,1
110.304993,0,0,0,0,0,0,1,0,0
110.315031,1,1,0,0,0,0,0,0,0
110.338592,0,0,1,0,1,0,0,0,0
110.346155,0,0,0,0,0,1,0,1,0
110.348804,0,0,0,1,0,0,1,0,0
110.359687,1,0,0,0,0,0,0,0,0
110.375839,0,1,0,0,1,0,0,0,0
110.376951,0,0,0,0,0,0,0,0,1
110.396844,0,0,0,0,0,1,0,1,1
110.401579,0,0,0,1,0,0,1,0,0
110.411982,1,0,1,0,1,0,0,1,0
110.421761,0,1,0,0,0,0,0,0,0
110.433380,0,1,1,0,0,0,0,0,0
110.450886,0,0,0,1,0,1,0,0,0
110.496310,0,0,0,0,0,1,0,0,1
110.497076,0,0,0,0,0,0,0,0,1
110.497538,0,0,0,0,0,0,1,0,0
110.499047,0,0,0,1,0,0,0,0,0
110.517330,1,0,0,0,0,0,0,0,0
110.532688,0,0,1,0,1,0,1,0,0
110.536722,0,0,1,0,0,0,0,0,0
110.548991,1,0,0,1,0,1,0,0,1
110.584052,0,0,1,0,1,0,0,0,0
110.598961,0,0,0,1,0,1,0,0,1
110.637648,0,0,1,0,0,0,1,0,0
110.647694,1,0,0,0,0,1,0,0,1
110.647847,0,0,0,0,1,0,1,0,0
110.647923,0,0,0,0,0,0,0,1,0
110.647962,0,0,0,0,0,0,0,1,0
110.650890,0,0,0,1,0,0,0,0,0
110.660525,1,0,0,0,0,0,0,1,0
110.671587,0,1,0,0,1,0,0,0,0
110.675099,0,1,0,0,0,0,1,1,0
110.687472,1,1,1,0,0,0,0,0,0
110.699690,0,1,0,1,1,1,1,0,0
110.713475,1,0,0,0,0,0,0,1,0
110.742749,0,1,0,0,1,0,0,0,0
110.744692,0,0,0,0,0,0,0,0,1
110.751536,0,0,0,1,0,1,1,0,0
110.765812,1,0,0,0,1,0,0,1,0
110.776217,0,0,1,0,0,0,0,0,1
110.780528,0,0,0,0,0,0,0,1,0
110.789967,0,1,0,0,0,0,0,0,0
110.796475,0,0,0,0,0,1,0,0,0
110.798316,0,0,0,1,0,0,0,0,1
110.809474,0,1,1,0,0,0,0,0,0
110.837423,0,0,1,0,0,0,1,0,0
110.847540,1,0,0,0,1,1,0,0,0
110.851199,0,0,0,1,0,0,0,1,1
110.876435,0,1,0,0,0,0,1,0,0
110.881931,0,0,1,0,0,0,0,0,0
110.896407,1,0,0,0,0,1,0,0,1
110.900751,0,0,0,1,1,0,1,1,0
110.913506,1,0,0,0,1,0,0,1,0
110.926565,0,1,1,0,0,0,0,0,0
110.934428,0,1,0,0,0,0,0,0,0
110.951797,0,0,0,1,0,1,0,0,1
110.967585,0,0,0,0,0,0,1,0,0
110.980254,1,0,0,0,1,0,0,0,0
110.985233,0,0,1,0,0,0,0,0,0
110.994188,0,0,0,0,0,0,0,1,0
110.996967,0,0,0,0,0,1,0,0,0
111.001395,0,0,0,1,0,0,0,0,1
111.021653,0,1,0,0,0,0,0,0,0
111.033803,0,0,1,0,0,0,1,0,0
111.049290,1,0,0,1,1,1,0,0,1
111.080805,0,0,1,0,0,0,0,1,0
111.101758,0,1,0,1,0,1,1,0,0
111.115665,1,0,0,0,0,0,0,0,1
111.148617,0,0,1,1,1,1,1,0,1
111.161260,1,0,0,0,0,0,1,0,0
111.164491,0,0,0,0,1,0,0,1,0
111.165617,0,0,0,0,0,0,0,1,0
111.174342,1,0,0,0,0,0,0,0,0
111.186776,0,1,1,0,0,0,0,0,0
111.193244,0,1,0,0,1,0,0,0,0
111.200762,0,0,0,1,0,1,1,0,1
111.216177,1,0,0,0,1,0,0,1,0
111.230862,0,0,1,0,0,0,0,1,0
111.241639,0,1,0,0,0,0,0,0,0
111.248020,0,0,0,1,0,1,1,0,0
111.258508,1,1,0,0,0,0,0,0,1
111.298368,0,0,1,1,1,1,1,1,1
111.318368,1,1,0,0,1,0,0,0,0
111.324509,0,0,0,0,0,0,0,1,0
111.330084,0,0,1,0,0,0,0,0,0
111.346636,0,1,0,0,0,1,0,0,0
111.350005,0,0,0,1,0,0,1,0,0
111.352205,0,0,0,0,0,0,0,0,1
111.361904,1,0,0,0,0,0,0,0,0
111.387442,0,0,1,0,1,0,0,0,0
111.396188,0,0,0,0,0,1,0,0,0
111.399421,0,0,0,1,0,0,1,0,0
111.413509,1,0,0,0,0,0,0,1,0
111.415420,0,0,0,0,1,0,0,1,1
111.433611,0,1,0,0,0,0,0,0,0
111.445420,0,1,1,0,0,0,0,0,0
111.450924,0,0,0,1,0,1,0,0,1
111.458797,0,0,0,0,0,0,1,0,0
111.474289,1,0,0,0,1,0,0,0,0
111.489467,0,0,1,0,0,0,0,1,0
111.498072,0,0,0,1,0,1,1,0,1
111.508314,1,0,0,0,0,0,0,0,0
111.515451,0,1,0,0,1,0,0,0,0
111.532969,0,0,1,0,0,0,0,0,0
111.551719,0,0,0,1,0,1,1,0,0
111.562778,1,0,0,0,1,0,0,0,1
111.601796,0,0,1,1,0,1,1,0,1
111.616626,1,0,0,0,1,0,0,1,0
111.620071,0,0,0,0,0,0,0,1,0
111.624133,0,0,0,0,0,0,0,1,0
111.639211,0,1,1,0,0,0,0,0,0
111.646007,0,1,0,0,0,1,0,0,0
111.647006,0,1,0,0,0,0,0,0,0
111.651496,0,0,0,1,0,0,0,0,0
111.696317,0,0,0,0,0,1,1,0,1
111.697164,0,0,0,0,0,0,0,0,1
111.700522,0,0,0,1,0,0,1,0,0
111.712134,1,0,0,0,1,0,0,0,0
111.716180,1,0,0,0,1,0,0,0,0
111.728040,0,0,1,0,0,0,0,0,0
111.730238,0,0,1,0,0,0,0,1,0
111.751704,0,1,0,1,0,1,0,1,1
111.781704,0,1,1,0,0,0,1,0,0
111.792227,1,0,0,0,0,0,0,0,0
111.798469,0,0,0,1,0,1,0,0,1
111.835285,0,0,1,0,1,0,1,1,0
111.851477,1,0,0,1,0,1,0,0,0
111.862847,0,1,0,0,1,0,0,1,1
111.866439,0,0,0,0,0,0,1,0,0
111.883640,1,1,0,0,0,0,0,0,0
111.901620,0,0,1,1,1,1,1,1,0
111.918132,1,0,0,0,0,0,0,0,1
111.920230,0,0,0,0,1,0,0,1,0
111.923277,0,1,0,0,0,0,0,0,0
111.948435,0,1,1,1,0,1,0,0,1
111.971159,0,0,0,0,0,0,1,0,0
111.988400,1,0,1,0,1,0,0,0,0
112.001273,0,0,0,1,0,1,1,0,0
112.017552,1,0,0,0,0,0,0,0,0
112.046621,0,0,0,0,0,1,0,0,0
112.050042,0,0,0,1,0,0,1,1,1
112.061258,1,0,0,0,1,0,0,1,1
112.074468,0,1,0,0,1,0,0,0,0
112.080124,0,0,1,0,0,0,0,1,0
112.087026,0,1,0,0,0,0,0,0,0
112.100509,0,1,1,1,0,1,0,0,0
112.104276,0,0,0,0,0,0,1,0,1
112.118912,1,0,0,0,1,0,0,0,0
112.124367,0,0,0,0,0,0,0,1,0
112.141165,0,0,1,0,0,0,0,0,0
112.149711,0,1,0,1,0,1,0,0,1
112.160044,0,0,0,0,0,0,1,0,0
112.179841,1,0,1,0,0,0,0,0,0
112.200986,0,0,0,1,0,1,1,0,0
112.212153,1,0,0,0,1,0,0,1,0
112.241342,0,1,0,0,1,0,0,0,0
112.244499,0,0,0,0,0,0,0,0,1
112.248325,0,0,0,1,0,1,0,1,0
112.271802,0,1,0,0,0,0,0,0,0
112.275834,0,0,1,0,0,0,0,0,0
112.282397,0,0,0,0,0,0,0,0,1
112.301306,0,0,0,1,0,1,0,0,0
112.321741,0,0,1,0,0,0,1,0,0
112.334601,1,0,0,0,1,0,1,1,0
112.344715,1,0,0,0,1,0,0,0,0
112.349529,0,0,0,1,0,1,0,0,1
112.355628,0,1,0,0,0,0,1,1,1
112.371621,1,0,0,0,1,0,0,0,0
112.374465,0,0,0,0,0,0,0,1,0
112.377887,0,1,0,0,0,0,0,0,0
112.389017,0,0,1,0,0,0,0,0,0
112.392952,0,0,1,0,0,0,0,0,0
112.401949,0,1,0,1,0,1,1,0,0
112.416844,1,0,0,0,1,0,0,0,1
112.450426,0,0,1,1,0,1,1,0,1
112.459130,0,0,0,0,0,0,0,1,0
112.462294,1,0,0,0,1,0,0,1,0
112.479191,0,1,0,0,0,0,0,0,0
112.480738,0,0,1,0,0,0,0,0,0
112.483245,0,1,0,0,0,0,0,0,0
112.500715,0,0,0,1,0,1,0,0,1
112.505784,0,0,0,0,0,0,1,0,0
112.515784,1,0,0,0,1,0,0,0,0
112.522252,0,0,0,0,0,0,0,1,0
112.531714,0,0,1,0,0,0,0,0,0
112.546584,0,1,0,0,0,1,0,0,0
112.548177,0,0,0,1,0,0,1,0,1
112.564083,1,0,0,0,0,0,0,0,0
112.585898,0,0,1,0,0,0,0,0,0
112.588371,0,0,0,0,1,0,0,1,0
112.601714,0,0,0,1,0,1,0,0,0
112.612297,0,1,0,0,0,0,0,0,0
112.646704,0,0,0,0,0,1,0,0,1
112.648718,0,0,0,1,0,0,1,0,0
112.652370,0,0,0,0,0,0,1,0,0
112.659396,1,0,0,0,0,0,0,0,1
112.669720,1,0,0,0,1,0,0,1,0
112.673500,0,0,0,0,1,0,0,1,0
112.685229,0,0,1,0,0,0,0,0,0
112.698574,0,1,1,1,0,1,1,0,1
112.699678,0,1,0,0,0,0,0,0,0
112.712553,1,0,0,0,1,0,0,1,0
112.732806,0,1,1,0,0,0,0,0,0
112.748000,0,0,0,1,0,1,1,0,0
112.761219,1,0,0,0,0,0,0,0,1
112.798218,0,0,1,1,0,1,1,0,0
112.801362,0,0,0,0,0,0,0,0,1
112.802894,0,0,0,0,1,0,0,0,0
112.804249,0,0,0,0,0,0,0,1,0
112.816537,1,0,0,0,1,0,0,1,0
112.833882,0,1,1,0,0,0,0,0,0
112.846520,0,1,0,0,0,1,0,0,0
112.851061,0,0,0,1,0,0,1,0,0
112.852896,0,0,0,0,0,0,0,0,1
112.866335,1,0,0,0,1,0,0,1,0
112.883961,0,0,1,0,0,0,0,0,0
112.896144,0,1,0,0,0,1,0,0,1
112.899979,0,0,0,1,0,0,0,0,0
112.931968,0,0,1,0,0,0,0,0,0
112.946117,0,0,0,0,0,1,0,0,0
112.948730,0,0,0,1,0,0,0,0,1
112.980750,0,0,1,0,0,0,1,0,0
112.991326,1,0,0,0,1,0,0,1,0
112.996078,0,0,0,0,0,1,0,0,1
113.000767,0,0,0,1,0,0,1,0,0
113.010898,1,0,0,0,0,0,1,0,0
113.021103,1,1,0,0,1,0,0,0,0
113.031901,0,0,1,0,1,0,0,1,0
113.046189,0,0,0,0,0,1,0,1,0
113.051946,0,1,0,1,0,0,1,0,0
113.064904,1,0,0,0,1,0,0,0,0
113.065556,0,0,0,0,0,0,0,1,1
113.074926,0,1,0,0,0,0,0,0,0
113.095556,0,1,1,0,0,0,0,0,0
113.099321,0,0,0,1,0,1,0,0,1
113.138318,0,0,1,0,0,0,0,0,0
113.141491,0,0,0,0,0,0,1,0,0
113.151937,1,0,0,1,1,1,1,1,0
113.171937,1,1,0,0,1,0,0,0,1
113.178772,0,0,0,0,0,0,0,1,0
113.198312,0,0,0,1,0,1,1,0,1
113.208648,1,1,1,0,1,0,0,1,0
113.232003,0,1,1,0,0,0,0,0,0
113.251545,0,0,0,1,0,1,1,0,0
113.252803,0,0,0,0,0,0,0,0,1
113.264198,1,0,0,0,1,0,0,0,0
113.278913,0,0,0,0,0,0,0,1,0
113.287937,0,0,1,0,0,0,0,0,0
113.301400,0,1,0,1,0,1,1,0,1
113.316612,1,0,0,0,1,0,0,0,0
113.335466,0,0,1,0,0,0,0,0,0
113.349605,0,0,0,1,0,1,1,1,0
113.369605,1,1,0,0,1,0,0,1,0
113.399296,0,1,0,1,0,1,1,0,0
113.414827,1,0,0,0,0,0,0,0,0
113.451902,0,0,0,1,0,1,0,0,1
113.456838,0,0,0,0,1,0,0,0,0
113.464947,0,0,0,0,0,0,0,1,1
113.482633,0,0,1,0,0,0,1,0,0
113.493647,1,1,0,0,1,0,0,0,1
113.496333,0,0,1,0,0,1,0,1,1
113.501616,0,0,0,1,0,0,0,0,0
113.510766,0,0,0,0,0,0,1,0,0
113.521052,1,1,0,0,1,0,0,0,0
113.522067,0,0,0,0,0,0,0,1,0
113.526083,0,0,1,0,0,0,0,0,0
113.526551,0,0,1,0,0,0,0,0,0
113.549211,0,1,0,1,0,1,0,0,0
113.601095,0,0,0,1,0,1,1,0,0
113.614056,1,0,0,0,1,0,1,1,1
113.625313,1,0,0,0,0,0,0,0,0
113.637180,0,1,0,0,1,0,0,0,0
113.644675,0,0,1,0,0,0,0,1,0
113.646528,0,0,0,0,0,1,0,0,0
113.648600,0,0,0,1,0,0,1,0,1
113.666214,1,1,0,0,1,0,0,0,0
113.678600,0,0,1,0,0,0,0,0,0
113.696403,0,0,0,0,0,1,0,1,1
113.699411,0,0,0,1,0,0,1,0,1
113.718076,1,1,0,0,1,0,0,0,0
113.736281,0,0,1,0,0,0,0,0,0
113.739150,0,0,1,0,0,0,0,1,0
113.749236,0,0,0,1,0,1,1,0,1
113.767053,1,1,0,0,1,0,0,1,0
113.787922,0,1,1,0,0,0,0,0,0
113.798391,0,0,0,1,0,1,0,0,1
113.828504,0,0,1,0,0,0,0,0,0
113.846219,0,0,0,0,0,1,0,0,1
113.848500,0,0,0,1,0,0,0,0,0
113.881681,0,0,1,0,0,0,0,0,0
113.896594,0,0,0,0,0,1,0,0,1
113.899532,0,0,0,1,0,0,0,0,0
113.927349,0,0,1,0,0,0,0,0,0
113.948386,0,0,0,1,0,1,1,0,0
113.963635,1,0,0,0,0,0,0,0,1
113.996080,0,0,1,0,1,1,1,1,0
114.001706,0,0,0,1,0,0,0,0,0
114.009509,1,0,0,0,1,0,0,1,0
114.011110,0,0,0,0,0,0,1,0,1
114.017110,0,1,0,0,0,0,1,0,0
114.030235,1,1,0,0,1,0,0,1,0
114.033812,1,0,0,0,0,0,0,0,0
114.046103,0,0,1,0,1,1,1,1,0
114.051923,0,1,0,1,0,0,1,0,0
114.064720,1,0,0,0,1,0,0,1,1
114.065504,1,0,0,0,0,0,0,0,0
114.073327,0,1,0,0,0,0,0,0,0
114.094720,0,1,1,0,1,0,0,1,0
114.101163,0,0,0,1,0,1,0,0,1
114.116862,0,1,0,0,0,0,1,0,0
114.126862,1,0,0,0,1,0,0,1,0
114.137259,0,0,1,0,0,0,0,0,0
114.146139,0,0,0,0,0,1,0,0,0
114.148935,0,1,0,1,0,0,1,0,0
114.159140,1,0,0,0,0,0,0,0,1
114.196501,0,0,1,0,1,1,0,1,0
114.201822,0,0,0,1,0,0,0,0,1
114.207736,0,0,0,0,0,0,1,0,0
114.216629,0,1,0,0,0,0,0,0,0
114.227081,1,0,0,0,0,0,0,0,0
114.237572,0,0,1,0,0,0,0,0,0
114.251396,0,0,0,1,0,1,0,0,0
114.300531,0,0,0,1,0,1,1,0,0
114.301948,0,0,0,0,0,0,1,0,0
114.316627,1,0,0,0,1,0,0,1,0
114.320084,1,0,0,0,1,0,0,1,1
114.342635,0,1,0,0,1,0,0,1,0
114.350084,0,1,1,1,0,1,1,0,0
114.360256,1,0,0,0,1,0,0,1,1
114.363037,0,1,0,0,0,0,0,0,1
114.384171,0,1,0,0,0,0,0,0,0
114.396906,0,0,1,0,0,1,0,0,1
114.397471,0,0,1,0,0,0,0,0,0
114.399160,0,0,0,1,0,0,0,0,0
114.431425,0,0,1,0,0,0,0,0,0
114.446692,0,0,0,0,0,1,1,0,1
114.449630,0,0,0,1,0,0,1,0,0
114.466094,1,0,0,0,0,0,0,0,0
114.468546,1,0,0,0,1,0,0,1,0
114.485769,0,0,1,0,1,0,0,1,0
114.498006,0,1,0,1,0,1,1,0,1
114.514862,1,1,0,0,1,0,0,0,0
114.529429,0,0,1,0,0,0,0,1,0
114.550589,0,1,0,1,0,1,0,0,1
114.568675,0,0,0,0,0,0,1,0,0
114.583246,1,0,1,0,0,0,0,0,0
114.596591,0,0,0,0,1,1,0,1,1
114.598301,0,0,0,1,0,0,1,0,0
114.617097,1,1,0,0,0,0,0,0,0
114.635480,0,0,1,0,0,0,0,0,0
114.650927,0,0,0,1,1,1,1,0,1
114.665897,1,0,0,0,1,0,0,1,0
114.684180,0,0,1,0,0,0,0,1,0
114.691647,0,1,0,0,0,0,0,0,0
114.699638,0,0,0,1,0,1,0,0,0
114.701947,0,0,0,0,0,0,1,0,1
114.710135,0,1,0,0,0,0,0,0,0
114.711947,1,0,0,0,1,0,0,1,0
114.741489,0,1,1,0,0,0,0,0,0
114.748132,0,0,0,1,0,1,1,0,0
114.761672,1,0,0,0,1,0,0,1,1
114.783106,0,1,0,0,0,0,0,0,0
114.796285,0,0,1,0,0,1,0,0,1
114.801028,0,0,0,1,0,0,1,0,0
114.812391,1,0,0,0,0,0,0,0,0
114.831627,0,0,1,0,1,0,0,0,0
114.848796,0,0,0,1,0,1,0,1,1
114.855245,0,0,0,0,0,0,1,0,0
114.865602,1,0,0,0,0,0,0,0,0
114.878796,0,1,1,0,1,0,0,0,0
114.898011,0,0,0,1,0,1,1,0,1
114.914475,1,0,0,0,1,0,0,1,0
114.936628,0,1,1,0,0,0,0,1,0
114.949361,0,0,0,1,0,1,1,0,1
114.960182,1,1,0,0,1,0,0,0,0
114.969266,0,0,0,0,0,0,0,1,0
114.989303,0,1,1,0,0,0,0,0,0
114.998310,0,0,0,1,0,1,1,0,1
115.014742,1,0,0,0,0,0,0,0,0
115.024160,0,0,0,0,1,0,0,1,0
115.032719,0,0,1,0,0,0,0,0,0
115.051108,0,1,0,1,0,1,1,0,0
115.063078,1,0,0,0,0,0,0,0,1
115.096592,0,0,1,0,0,1,0,0,1
115.097299,0,0,0,0,1,0,0,1,0
115.101303,0,0,0,1,0,0,1,0,0
115.112951,1,0,0,0,0,0,0,0,0
115.126762,0,1,1,0,1,0,0,0,0
115.150382,0,0,0,1,0,1,1,1,1
115.167297,1,0,0,0,1,0,0,1,0
115.180382,0,1,1,0,0,0,0,0,0
115.196306,0,1,0,0,0,1,0,0,0
115.200622,0,0,0,1,0,0,0,0,1
115.238969,0,0,1,0,0,0,1,0,0
115.250056,1,0,0,1,1,1,0,0,0
115.296419,0,0,0,0,0,1,1,0,1
115.297402,0,0,0,0,0,0,0,0,1
115.300034,0,0,0,1,0,0,1,0,0
115.309930,1,0,0,0,1,0,0,1,0
115.315652,1,0,0,0,1,0,0,1,0
115.334159,0,1,1,0,0,0,0,0,0
115.334935,0,0,1,0,0,0,0,0,0
115.342938,0,1,0,0,0,0,0,1,0
115.349673,0,0,0,1,0,1,0,0,1
115.359156,0,0,0,0,0,0,1,0,0
115.363088,0,1,0,0,0,0,0,0,0
115.379144,1,0,0,0,1,0,0,0,0
115.379409,0,0,0,0,0,0,0,1,0
115.388243,0,0,1,0,0,0,0,0,0
115.401887,0,1,0,1,0,1,1,0,0
115.418553,1,0,0,0,0,0,0,0,1
115.448168,0,0,0,1,1,1,1,0,1
115.456306,0,0,1,0,0,0,0,0,0
115.468036,1,0,0,0,1,0,0,1,0
115.488053,0,1,1,0,0,0,0,1,0
115.500096,0,0,0,1,0,1,0,0,0
115.504706,0,0,0,0,0,0,1,0,1
115.511315,0,1,0,0,0,0,0,0,0
115.516787,1,0,0,0,1,0,0,0,0
115.539174,0,0,1,0,0,0,0,0,0
115.551269,0,0,0,1,0,1,1,1,0
115.564525,1,0,0,0,0,0,0,0,1
115.580757,0,1,0,0,1,0,0,0,0
115.592237,0,0,0,0,0,0,0,1,0
115.599622,0,0,1,1,0,1,0,0,1
115.619156,0,1,0,0,0,0,1,0,0
115.632131,1,0,1,0,1,0,0,1,0
115.646821,0,0,0,0,0,1,0,0,0
115.649934,0,0,0,1,0,0,0,0,0
115.651108,0,0,0,0,0,0,0,0,1
115.657788,0,1,0,0,0,0,1,0,0
115.673128,1,0,0,0,1,0,0,1,0
115.685767,0,0,1,0,0,0,0,0,0
115.696328,0,1,0,0,0,1,0,0,1
115.700520,0,0,0,1,0,0,0,0,0
115.715088,0,0,0,0,0,0,1,0,0
115.727213,1,0,1,0,0,0,0,0,0
115.746056,0,0,0,0,1,1,0,0,0
115.749918,0,0,0,1,0,0,1,1,1
115.769918,1,1,0,0,1,0,0,1,0
115.787441,0,0,1,0,0,0,0,0,0
115.791744,0,1,0,0,0,0,0,0,0
115.796758,0,0,0,0,0,1,0,0,0
115.800569,0,0,0,1,0,0,1,0,1
115.812659,1,0,0,0,1,0,0,0,0
115.839400,0,0,1,0,0,0,0,0,0
115.850397,0,0,0,1,0,1,1,1,0
115.870397,1,1,0,0,0,0,0,0,0
115.901454,0,0,0,1,1,1,0,1,1
115.931454,0,1,1,0,0,0,0,0,0
115.935647,0,0,0,0,0,0,1,0,1
115.949303,1,0,0,1,0,1,1,0,0
115.957537,0,0,0,0,1,0,0,1,1
115.960991,1,0,0,0,1,0,0,1,0
115.970188,0,0,1,0,0,0,0,0,0
115.979324,0,1,0,0,0,0,0,0,0
115.989917,0,1,1,0,0,0,0,0,0
115.998511,0,0,0,1,0,1,0,0,1
116.004402,0,0,0,0,0,0,1,0,0
116.022777,1,0,0,0,1,0,0,0,0
116.025624,0,0,0,0,0,0,0,1,0
116.034137,0,0,1,0,0,0,0,0,0
116.045695,0,1,0,0,0,0,0,0,0
116.046679,0,0,0,0,0,1,0,0,1
116.050705,0,0,0,1,0,0,1,0,0
116.067754,1,0,0,0,0,0,0,0,0
116.079158,0,0,1,0,1,0,0,0,0
116.100897,0,0,0,1,0,1,1,0,0
116.114468,1,0,0,0,1,0,0,0,1
116.150257,0,0,1,1,0,1,0,1,1
116.180257,0,1,1,0,0,0,0,0,0
116.196448,0,0,0,0,0,1,1,1,1
116.199488,0,0,0,1,0,0,1,0,0
116.216448,1,1,0,0,1,0,0,1,0
116.218626,1,0,0,0,0,0,0,0,0
116.236448,0,1,1,0,0,0,0,0,0
116.246102,0,0,0,0,1,1,0,0,1
116.250153,0,0,0,1,0,0,1,1,0
116.270153,1,1,0,0,0,0,0,0,0
116.272469,0,0,0,0,1,0,0,0,0
116.274396,0,0,0,0,0,0,0,1,0
116.280941,0,0,1,0,0,0,0,0,0
116.296282,0,1,0,0,0,1,0,0,0
116.298818,0,0,0,1,0,0,0,0,1
116.335647,0,0,1,0,0,0,1,0,0
116.349121,1,0,0,1,0,1,0,0,1
116.373837,0,0,0,0,1,0,0,0,0
116.388727,0,0,1,0,0,0,1,0,0
116.400769,1,0,0,1,0,1,0,1,1
116.411744,0,0,0,0,0,0,1,0,0
116.420962,0,1,0,0,1,0,0,1,0
116.423981,1,0,0,0,1,0,0,0,0
116.434827,0,0,1,0,0,0,0,0,0
116.448145,0,1,0,1,0,1,0,1,0
116.472214,0,1,0,0,0,0,1,0,1
116.487671,1,0,0,0,1,0,0,1,0
116.496286,0,0,0,0,0,1,0,0,1
116.500478,0,0,0,1,0,0,1,0,0
116.506490,0,0,1,0,0,0,0,0,0
116.514734,1,1,0,0,1,0,0,1,0
116.534893,0,1,1,0,0,0,0,0,0
116.549604,0,0,0,1,0,1,1,0,0
116.563821,1,0,0,0,1,0,0,1,0
116.570687,0,0,0,0,0,0,0,0,1
116.587376,0,1,0,0,0,0,0,0,0
116.599086,0,0,0,1,0,1,0,0,0
116.599734,0,0,0,0,0,0,1,0,0
116.600210,0,0,0,0,0,0,0,0,1
116.608119,0,0,1,0,0,0,0,0,0
116.613919,1,0,0,0,1,0,0,1,0
116.630404,0,0,1,0,0,0,0,0,0
116.637315,0,1,0,0,0,0,0,0,0
116.648577,0,0,0,1,0,1,0,0,1
116.668888,0,0,0,0,0,0,1,0,0
116.678580,0,0,1,0,0,0,0,0,0
116.682505,1,0,0,0,1,0,0,0,0
116.701989,0,0,0,1,0,1,0,0,0
116.751746,0,0,0,1,0,1,0,0,1
116.785589,0,0,1,0,0,0,1,1,1
116.795642,1,0,0,0,1,0,1,0,0
116.800724,0,0,0,1,0,1,1,0,0
116.802745,0,0,0,0,0,0,0,0,1
116.808866,1,1,0,0,1,0,0,1,0
116.816512,1,0,1,0,1,0,0,0,0
116.837006,0,1,1,0,0,0,0,0,0
116.846350,0,0,0,0,0,1,0,0,1
116.850713,0,0,0,1,0,0,1,0,0
116.862959,1,0,0,0,1,0,0,0,0
116.872678,0,0,0,0,0,0,0,1,0
116.877786,0,0,1,0,0,0,0,0,0
116.900256,0,1,0,1,0,1,0,1,0
116.926003,0,1,0,0,0,0,0,0,0
116.946842,0,0,0,0,0,1,0,0,0
116.951216,0,0,0,1,0,0,0,0,0
116.998737,0,0,0,1,0,1,1,0,1
117.006179,0,0,0,0,0,0,1,1,0
117.015880,1,0,0,0,1,0,0,0,1
117.026179,1,1,0,0,0,0,0,1,1
117.035564,0,0,1,0,1,0,0,1,0
117.046023,0,0,1,0,0,1,1,0,1
117.050707,0,1,0,1,0,0,1,0,0
117.056034,1,1,0,0,1,0,0,1,0
117.062729,1,0,1,0,1,0,0,0,0
117.076025,0,0,1,0,0,0,0,1,0
117.083758,0,1,0,0,0,0,0,0,0
117.096043,0,1,0,0,0,1,0,0,1
117.099680,0,0,0,1,0,0,1,0,0
117.117589,1,0,0,0,1,0,0,0,0
117.135073,0,0,1,0,0,0,0,1,0
117.148767,0,0,0,1,0,1,0,0,0
117.162035,0,1,0,0,0,0,0,0,1
117.200073,0,0,1,1,0,1,1,0,1
117.213778,1,0,0,0,1,0,0,0,0
117.235821,0,0,1,0,0,0,1,1,0
117.249125,1,0,0,1,0,1,1,0,1
117.265591,1,1,0,0,1,0,0,1,0
117.287358,0,1,1,0,0,0,0,0,0
117.294595,0,0,0,0,1,0,0,1,0
117.296605,0,0,0,0,0,1,0,0,0
117.298204,0,0,0,1,0,0,0,0,0
117.302734,0,0,0,0,0,0,1,0,0
117.320468,1,1,0,0,0,0,0,0,0
117.335970,0,0,0,0,0,0,0,0,1
117.341285,0,0,0,0,1,0,0,1,0
117.349097,0,0,0,1,0,1,0,0,0
117.352813,0,0,0,0,0,0,1,0,0
117.371150,1,1,1,0,1,0,0,1,0
117.398387,0,1,0,1,0,1,0,0,0
117.435670,0,0,0,0,0,0,1,0,1
117.446837,1,0,0,0,0,1,0,0,0
117.447797,0,0,0,0,1,0,0,1,0
117.451200,0,0,0,1,0,0,1,0,0
117.466171,1,0,1,0,1,0,0,1,1
117.466986,0,0,0,0,0,0,0,0,1
117.474330,0,1,0,0,0,0,0,0,0
117.487580,0,1,0,0,0,0,0,0,0
117.501845,0,0,1,1,0,1,1,0,1
117.503953,0,0,1,0,0,0,0,0,0
117.519973,1,0,0,0,1,0,0,1,0
117.541695,0,1,1,0,0,0,0,0,0
117.546771,0,0,0,0,0,1,0,0,0
117.547545,0,0,0,0,0,0,0,0,1
117.548964,0,0,0,1,0,0,0,0,0
117.580212,0,0,1,0,0,0,1,0,0
117.596247,1,0,0,0,1,1,0,1,1
117.598910,0,0,0,1,0,0,1,0,0
117.617911,1,1,0,0,1,0,0,0,0
117.628345,0,0,1,0,0,0,0,1,0
117.646796,0,0,0,0,0,1,0,0,0
117.651138,0,1,0,1,0,0,0,0,0
117.696635,0,0,0,0,0,1,0,0,1
117.700423,0,0,0,1,0,0,0,0,1
117.734375,0,0,1,0,0,0,1,0,0
117.737804,0,0,1,0,0,0,1,0,0
117.749257,1,0,0,1,0,1,0,0,1
117.753615,1,0,0,0,1,0,1,0,0
117.760381,0,0,0,0,1,0,0,1,0
117.769006,1,0,0,0,0,0,0,0,0
117.784145,0,1,1,0,0,0,0,0,0
117.792342,0,0,0,0,1,0,0,1,0
117.796888,0,0,0,0,0,1,0,0,1
117.800842,0,0,0,1,0,0,1,1,0
117.820802,1,1,0,0,1,0,0,0,0
117.821473,0,1,0,0,0,0,0,1,0
117.829121,0,0,1,0,0,0,0,0,0
117.849736,0,1,0,1,0,1,0,0,1
117.881349,0,0,1,0,0,0,0,0,0
117.896989,0,0,0,0,0,1,1,0,0
117.899994,0,0,0,1,0,0,0,0,0
117.916495,1,0,0,0,0,0,1,0,1
117.925455,0,0,0,0,1,0,0,0,0
117.932965,1,0,0,0,0,0,0,1,0
117.946201,0,0,0,0,1,1,0,0,1
117.946348,0,0,0,0,0,0,0,1,0
117.948814,0,0,1,1,0,0,0,0,0
117.950230,0,0,0,0,0,0,1,0,0
117.961025,1,1,0,0,1,0,0,1,0
117.971177,0,1,0,0,0,0,0,0,0
117.976883,0,0,1,0,0,0,0,0,0
117.985286,0,1,0,0,0,0,0,0,0
118.001655,0,0,0,1,0,1,1,0,1
118.015547,1,0,0,0,0,0,0,0,0
118.037310,0,0,1,0,1,0,0,0,0
118.049456,0,0,0,1,0,1,0,0,0
118.100507,0,0,0,1,0,1,0,1,1
118.130507,0,1,1,0,0,0,1,0,0
118.146158,1,0,0,0,0,1,0,0,1
118.147007,0,0,0,0,1,0,0,1,0
118.147504,0,0,0,0,0,0,0,0,1
118.147752,0,0,0,0,0,0,1,0,0
118.148518,0,0,0,1,0,0,0,0,0
118.167212,1,1,0,0,1,0,1,1,0
118.184543,1,0,1,0,1,0,0,0,0
118.187451,0,1,1,0,0,0,0,0,0
118.196439,0,0,0,0,0,1,0,0,1
118.199096,0,0,0,1,0,0,0,0,0
118.224425,0,0,0,0,0,0,0,1,0
118.236426,0,0,1,0,0,0,0,0,0
118.246004,0,1,0,0,0,1,0,0,0
118.248754,0,0,0,1,0,0,1,0,0
118.266309,1,0,0,0,1,0,1,1,1
118.280380,1,0,0,0,1,0,0,0,0
118.296044,0,1,0,0,0,1,0,0,1
118.296590,0,0,1,0,0,0,0,1,0
118.298589,0,0,0,1,0,0,1,0,0
118.311364,1,0,0,0,1,0,0,0,0
118.326172,0,1,1,0,0,0,0,0,0
118.348747,0,0,0,1,0,1,1,0,0
118.365978,1,0,0,0,0,0,0,0,1
118.396563,0,0,1,0,1,1,0,0,1
118.400778,0,0,0,1,0,0,0,0,0
118.434952,0,0,1,0,0,0,0,0,0
118.443530,0,0,0,0,0,0,1,1,0
118.451444,0,0,0,1,0,1,0,0,0
118.454138,1,0,0,0,0,0,1,1,1
118.465730,1,1,0,0,1,0,0,0,0
118.484138,0,1,1,0,0,0,0,1,0
118.501947,0,0,0,1,0,1,1,0,0
118.513311,1,1,0,0,0,0,0,0,1
118.544912,0,0,1,0,0,0,0,0,0
118.545758,0,0,0,0,1,0,0,1,0
118.546620,0,0,0,0,1,1,0,0,0
118.551263,0,0,0,1,0,0,0,0,1
118.553845,0,0,0,0,0,0,1,1,0
118.570734,1,1,0,0,1,0,0,0,0
118.574411,0,1,0,0,0,0,0,0,0
118.582935,0,0,1,0,0,0,0,0,0
118.596529,0,0,0,0,0,1,0,0,0
118.597529,0,0,0,0,0,0,0,1,0
118.599645,0,0,0,1,0,0,0,0,0
118.620029,0,1,0,0,0,0,1,0,1
118.632342,1,0,0,0,1,0,0,1,0
118.648445,0,0,0,1,0,1,1,0,0
118.656096,0,1,1,0,0,0,0,0,0
118.657101,0,0,0,0,0,0,0,0,1
118.660009,1,0,0,0,1,0,0,1,0
118.689585,0,1,1,0,0,0,0,0,0
118.701721,0,0,0,1,0,1,0,0,1
118.723191,0,0,0,0,0,0,1,0,0
118.738720,1,0,1,0,1,0,0,0,0
118.751153,0,0,0,1,0,1,0,1,1
118.769239,0,0,0,0,0,0,1,0,0
118.781153,1,1,1,0,1,0,0,0,0
118.796902,0,0,0,0,0,1,0,1,0
118.801654,0,0,0,1,0,0,0,0,1
118.819079,0,1,0,0,0,0,0,0,0
118.834465,0,0,1,0,0,0,1,0,0
118.850213,1,0,0,1,1,1,1,0,1
118.861090,1,0,0,0,0,0,0,0,0
118.869235,0,0,0,0,0,0,0,1,0
118.884248,0,0,1,0,1,0,0,1,0
118.899219,0,1,0,1,0,1,1,0,1
118.907925,0,1,0,0,0,0,0,0,0
118.909829,1,0,0,0,1,0,0,1,0
118.929402,0,0,1,0,0,0,0,0,0
118.930247,0,1,0,0,0,0,0,0,0
118.949063,0,0,0,1,0,1,0,0,1
118.977524,0,0,0,0,0,0,1,0,0
118.987895,1,0,1,0,1,0,0,0,0
118.999229,0,0,0,1,0,1,0,0,0
119.046106,0,0,0,0,0,1,1,0,0
119.050667,0,0,0,1,0,0,1,1,1
119.065893,1,0,0,0,1,0,0,1,0
119.068076,1,0,0,0,1,0,0,1,0
119.080667,0,1,1,0,0,0,0,0,0
119.086541,0,1,0,0,0,0,0,0,0
119.091657,0,1,0,0,0,0,0,0,1
119.096039,0,0,0,0,0,1,0,0,0
119.101662,0,0,0,1,0,0,0,0,0
119.105392,0,0,0,0,0,0,1,0,0
119.121657,1,0,1,0,1,0,0,1,0
119.146608,0,1,0,0,0,1,0,0,0
119.150807,0,0,0,1,0,0,0,0,1
119.175689,0,0,0,0,0,0,0,0,1
119.178179,0,0,0,0,0,0,1,0,0
119.189170,1,0,1,0,1,0,0,1,0
119.196853,0,0,0,0,0,1,0,0,1
119.201610,0,0,0,1,0,0,1,0,0
119.212910,1,1,1,0,1,0,0,1,0
119.235270,0,1,1,0,0,0,0,0,0
119.250236,0,0,0,1,0,1,1,0,0
119.270192,1,0,0,0,1,0,0,1,1
119.298103,0,1,0,1,0,1,1,0,0
119.300993,0,0,1,0,0,0,0,0,0
119.311017,1,0,0,0,0,0,0,0,1
119.348325,0,0,1,1,1,1,1,0,1
119.353325,0,0,0,0,0,0,0,1,0
119.363925,1,0,0,0,1,0,0,1,0
119.374934,0,1,0,0,0,0,0,0,0
119.378458,0,0,1,0,0,0,0,0,0
119.387860,0,1,0,0,0,0,0,0,0
119.400500,0,0,0,1,0,1,1,0,0
119.410732,1,0,0,0,1,0,0,1,0
119.438607,0,1,0,0,0,0,0,0,0
119.450671,0,0,0,1,0,1,0,0,1
119.489022,0,0,1,0,0,0,0,0,0
119.493939,0,0,0,0,0,0,1,0,1
119.496989,0,0,0,0,0,1,0,0,1
119.500046,0,0,0,1,0,0,1,0,0
119.513509,1,0,0,0,0,0,0,0,0
119.519986,1,0,0,0,1,0,0,1,0
119.531708,0,0,1,0,1,0,0,0,0
119.533440,0,0,1,0,0,0,0,1,0
119.548746,0,1,0,1,0,1,1,0,0
119.562192,1,1,0,0,1,0,0,1,1
119.587868,0,1,0,0,0,0,0,0,0
119.598113,0,0,1,1,0,1,0,0,1
119.615062,0,0,0,0,0,0,1,0,0
119.625525,1,0,0,0,1,0,0,0,0
119.635230,0,0,1,0,0,0,0,0,0
119.651491,0,0,0,1,0,1,0,0,1
119.685543,0,0,1,0,0,0,0,0,0
119.696837,0,0,0,0,0,1,1,0,1
119.698685,0,0,0,1,0,0,1,1,0
119.709880,1,0,0,0,1,0,0,1,0
119.718685,1,1,0,0,0,0,0,0,0
119.723107,0,0,0,0,1,0,0,0,0
119.735933,0,1,1,0,0,0,0,1,0
119.751953,0,0,0,1,0,1,1,0,0
119.764390,1,1,0,0,1,0,0,1,0
119.779155,0,0,0,0,0,0,0,0,1
119.788304,0,1,0,0,0,0,0,0,0
119.798425,0,0,0,1,0,1,0,0,1
119.809773,0,0,1,0,0,0,1,0,0
119.827359,1,0,0,0,1,0,0,1,0
119.831758,0,0,1,0,0,0,0,0,0
119.849289,0,1,0,1,0,1,1,0,1
119.860637,1,0,0,0,1,0,0,0,0
119.869541,0,0,0,0,0,0,0,1,0
119.881434,0,0,1,0,0,0,0,0,0
119.898725,0,1,0,1,0,1,0,0,0
119.943855,0,0,0,0,0,0,0,0,1
119.944908,0,0,0,0,0,0,1,0,0
119.950809,0,0,0,1,0,1,1,0,1
119.964463,1,0,0,0,1,0,0,1,0
119.968881,1,0,0,0,1,0,0,1,0
119.978214,0,0,1,0,0,0,0,0,0
119.981732,0,0,1,0,0,0,0,0,0
119.986073,0,1,0,0,0,0,0,0,0
119.996665,0,1,0,0,0,1,0,0,1
120.001704,0,0,0,1,0,0,0,0,0
120.027556,0,0,1,0,0,0,0,0,0
120.050039,0,0,0,1,0,1,1,0,1
120.051344,0,0,0,0,0,0,1,0,0
120.065219,1,0,0,0,1,0,0,0,0
120.069196,1,0,0,0,0,0,0,0,0
120.080921,0,0,1,0,1,0,0,0,0
120.101911,0,0,0,1,0,1,0,0,1
120.134370,0,0,1,0,0,0,0,0,0
120.149678,0,0,0,1,0,1,1,0,1
120.158107,0,0,0,0,0,0,1,1,0
120.159914,1,0,0,0,1,0,0,0,0
120.175222,1,0,0,0,0,0,0,1,0
120.176651,0,0,0,0,1,0,0,1,0
120.182784,0,1,1,0,0,0,0,1,0
120.196850,0,1,0,0,0,1,0,0,0
120.200460,0,1,0,1,0,0,0,0,1
120.201523,0,0,0,0,0,0,1,0,0
120.211770,1,1,0,0,0,0,0,0,0
120.228679,0,0,0,0,1,0,0,0,0
120.239315,0,0,1,0,0,0,0,0,0
120.250947,0,0,0,1,0,1,0,0,1
120.260156,0,0,0,0,0,0,1,0,0
120.275364,1,0,0,0,1,0,0,1,0
120.276364,0,0,0,0,0,0,0,1,0
120.289560,0,0,1,0,0,0,0,0,0
120.298313,0,1,0,1,0,1,1,0,1
120.305647,0,1,0,0,0,0,0,0,0
120.311307,1,0,0,0,0,0,0,0,0
120.322746,0,0,0,0,1,0,0,1,0
120.333344,0,0,1,0,0,0,0,0,0
120.346796,0,1,0,0,0,1,0,0,1
120.350325,0,0,0,1,0,0,1,0,0
120.369348,1,0,0,0,0,0,0,0,0
120.370421,0,0,0,0,1,0,0,0,0
120.371974,0,0,0,0,0,0,0,1,0
120.378248,0,0,1,0,0,0,0,0,0
120.401473,0,1,0,1,0,1,0,0,0
120.409883,0,0,0,0,0,0,1,0,0
120.425384,1,0,0,0,1,0,0,1,0
120.445586,0,1,0,0,0,0,0,0,1
120.450196,0,0,0,1,0,1,0,0,1
120.454823,0,0,0,0,0,0,1,0,0
120.468028,1,0,0,0,1,0,0,1,0
120.475892,0,0,1,0,0,0,0,0,0
120.489197,0,1,1,0,0,0,0,0,0
120.499886,0,0,0,1,0,1,0,0,0
120.550507,0,0,0,1,0,1,1,0,0
120.562355,1,0,0,0,1,0,1,1,1
120.573385,1,0,0,0,1,0,0,1,1
120.586637,0,1,0,0,0,0,0,0,0
120.601722,0,1,1,1,0,1,0,0,1
120.607954,0,0,1,0,0,0,1,0,0
120.619322,1,0,0,0,0,0,0,0,0
120.638619,0,0,1,0,1,0,0,1,0
120.649315,0,0,0,1,0,1,1,0,0
120.668511,1,1,0,0,1,0,0,1,1
120.698217,0,1,0,1,0,1,0,0,1
120.699622,0,0,1,0,0,0,1,0,0
120.710287,1,0,0,0,1,0,0,1,0
120.736511,0,1,1,0,0,0,0,0,0
120.746418,0,0,0,0,0,1,0,0,1
120.749615,0,0,0,1,0,0,0,0,0
120.781418,0,0,1,0,0,0,1,0,0
120.796562,1,0,0,0,0,1,0,0,1
120.799764,0,0,0,1,1,0,0,1,0
120.828082,0,1,1,0,0,0,0,0,0
120.831118,0,0,0,0,0,0,1,0,0
120.841118,1,0,0,0,1,0,0,0,0
120.849651,0,0,0,1,0,1,0,1,0
120.868572,0,0,0,0,0,0,1,0,1
120.877199,0,1,0,0,0,0,0,0,0
120.879281,1,0,0,0,0,0,0,0,0
120.898051,0,0,0,1,1,1,1,1,1
120.908091,1,0,1,0,1,0,0,1,0
120.928051,0,1,1,0,0,0,0,0,0
120.930185,0,1,0,0,0,0,0,0,0
120.951422,0,0,0,1,0,1,1,0,1
120.966204,1,0,0,0,1,0,0,1,0
120.988639,0,1,1,0,0,0,0,0,0
120.998380,0,0,0,1,0,1,1,0,0
121.017884,1,0,0,0,1,0,0,1,0
121.038787,0,1,0,0,0,0,0,0,1
121.046408,0,0,0,0,0,1,0,0,1
121.050313,0,0,0,1,0,0,0,0,0
121.071844,0,0,1,0,0,0,0,0,0
121.073287,0,0,0,0,0,0,1,0,0
121.084697,1,0,1,0,1,0,0,1,0
121.101917,0,0,0,1,0,1,1,0,1
121.113157,1,1,0,0,1,0,0,0,0
121.133274,0,0,1,0,0,0,0,0,0
121.149667,0,0,0,1,0,1,0,0,1
121.189348,0,0,1,0,0,0,0,1,0
121.196131,0,0,0,0,0,1,1,0,0
121.201478,0,0,0,1,0,0,0,0,1
121.213428,1,1,0,0,0,0,1,0,0
121.220918,0,0,0,0,1,0,0,1,0
121.230319,1,0,0,0,1,0,0,0,0
121.241384,0,1,1,0,0,0,0,0,0
121.246797,0,0,0,0,0,1,0,0,1
121.249364,0,0,0,1,0,0,1,1,0
121.269364,1,1,0,0,1,0,0,1,0
121.285156,0,0,1,0,0,0,0,0,0
121.298978,0,1,0,1,0,1,0,0,0
121.350239,0,0,0,1,0,1,1,0,1
121.363573,1,0,0,0,1,0,0,1,1
121.388563,0,1,1,0,0,0,0,0,0
121.396987,0,0,1,0,0,1,0,0,0
121.397585,0,0,0,0,0,0,0,0,1
121.399154,0,0,0,1,0,0,1,0,0
121.412963,1,0,0,0,1,0,1,0,0
121.424599,1,0,0,0,1,0,0,0,0
121.429097,0,0,1,0,0,0,0,1,0
121.450782,0,1,0,1,0,1,0,0,0
121.496886,0,0,0,0,0,1,1,0,1
121.497285,0,0,0,0,0,0,0,1,1
121.498532,0,0,0,1,0,0,0,0,0
121.512526,1,0,0,0,1,0,0,1,0
121.522044,0,1,0,0,0,0,1,0,0
121.529992,0,0,1,0,0,0,0,0,0
121.532259,1,0,1,0,0,0,0,0,0
121.534051,0,1,0,0,1,0,0,1,0
121.548507,0,0,0,1,0,1,0,0,1
121.552489,0,0,0,0,0,0,1,0,0
121.563421,1,1,0,0,0,0,0,0,0
121.588071,0,0,1,0,1,0,0,0,0
121.601017,0,0,0,1,0,1,1,1,1
121.618649,1,0,0,0,0,0,0,0,0
121.631017,0,1,1,0,1,0,0,0,0
121.646401,0,0,0,0,0,1,0,1,1
121.648129,0,0,0,1,0,0,1,0,0
121.667328,1,1,0,0,1,0,0,0,0
121.676722,0,0,1,0,0,0,0,0,0
121.701413,0,0,0,1,0,1,0,1,1
121.730402,0,1,0,0,0,0,1,0,0
121.741082,1,0,1,0,1,0,0,1,0
121.746879,0,0,0,0,0,1,0,0,1
121.749089,0,0,0,1,0,0,0,0,0
121.759233,0,0,0,0,0,0,1,0,0
121.769964,1,1,0,0,1,0,0,0,0
121.781206,0,0,1,0,0,0,0,0,0
121.798012,0,0,0,1,0,1,0,1,1
121.803134,0,0,0,0,0,0,1,0,0
121.814981,1,0,0,0,1,0,0,0,0
121.820545,0,1,0,0,0,0,0,0,0
121.836979,0,0,1,0,0,0,0,1,0
121.849706,0,0,0,1,0,1,0,0,1
121.860670,0,1,0,0,0,0,0,0,0
121.888465,0,0,1,0,0,0,1,0,0
121.899331,1,0,0,1,1,1,0,1,0
121.908359,0,0,0,0,0,0,0,0,1
121.910327,0,0,0,0,0,0,1,0,0
121.922606,1,1,0,0,1,0,0,1,0
121.948026,0,1,1,1,0,1,1,0,1
121.966700,1,0,0,0,1,0,0,1,0
121.985121,0,0,1,0,0,0,0,0,0
121.996342,0,1,0,0,0,1,0,0,0
121.998987,0,0,0,1,0,0,1,0,0
122.017415,1,0,0,0,1,0,0,1,1
122.046143,0,1,0,0,0,1,0,0,1
122.051315,0,0,1,1,0,0,0,0,0
122.081797,0,0,1,0,0,0,0,0,0
122.087228,0,0,0,0,0,0,1,0,0
122.100973,1,0,0,1,1,1,1,0,1
122.117879,1,0,0,0,0,0,0,0,0
122.118930,0,0,0,0,1,0,0,1,0
122.133102,0,0,1,0,0,0,0,1,0
122.146370,0,1,0,0,0,1,0,0,1
122.149493,0,0,0,1,0,0,0,0,0
122.156294,0,1,0,0,0,0,1,0,0
122.168664,1,0,0,0,1,0,0,0,0
122.171938,0,0,0,0,0,0,0,1,0
122.183553,0,0,1,0,0,0,0,0,0
122.194602,0,1,0,0,0,0,0,0,0
122.196771,0,0,0,0,0,1,0,0,1
122.200920,0,0,0,1,0,0,0,0,0
122.231344,0,0,1,0,0,0,0,0,0
122.248356,0,0,0,1,0,1,1,0,1
122.266637,1,0,0,0,0,0,1,0,0
122.278933,1,0,1,0,1,0,0,0,0
122.299918,0,0,0,1,1,1,0,0,1
122.326702,0,0,0,0,0,0,1,0,0
122.338837,1,0,1,0,0,0,0,1,0
122.346874,0,0,0,0,1,1,0,1,1
122.349667,0,0,0,1,0,0,1,0,0
122.362372,1,1,0,0,1,0,0,1,0
122.373294,0,1,0,0,0,0,0,1,0
122.386624,0,1,1,0,0,0,0,0,0
122.396285,0,1,0,0,0,1,0,0,1
122.400659,0,0,0,1,0,0,1,0,0
122.411382,1,0,0,0,1,0,0,1,0
122.434290,0,1,1,0,0,0,0,0,0
122.446850,0,0,0,0,0,1,0,0,0
122.450634,0,0,0,1,0,0,1,0,1
122.460634,1,0,0,0,1,0,0,0,0
122.488879,0,0,1,0,0,0,0,1,0
122.496085,0,0,0,0,0,1,0,0,0
122.501886,0,0,0,1,0,0,1,0,0
122.514094,1,1,0,0,1,0,0,0,1
122.548508,0,0,1,1,0,1,1,1,1
122.563478,1,0,0,0,1,0,0,1,0
122.578508,0,1,1,0,0,0,0,0,0
122.583691,0,1,0,0,0,0,0,0,0
122.600168,0,0,0,1,0,1,0,0,1
122.631578,0,0,1,0,0,0,0,0,0
122.651985,0,0,0,1,0,1,1,0,0
122.664858,1,0,0,0,1,0,0,0,1
122.699573,0,0,1,1,0,1,0,0,1
122.715313,0,0,0,0,0,0,0,1,0
122.735646,0,1,1,0,0,0,0,0,0
122.746922,0,0,0,0,0,1,1,0,1
122.750420,0,0,0,1,0,0,1,0,0
122.758982,1,0,0,0,0,0,0,0,0
122.759872,0,0,0,0,1,0,0,1,0
122.765011,1,0,0,0,1,0,0,1,0
122.777551,0,0,1,0,0,0,0,0,0
122.787383,0,1,0,0,0,0,1,0,0
122.793971,0,1,0,0,0,0,0,0,0
122.797665,1,0,0,0,1,1,0,1,0
122.798985,0,0,0,1,0,0,0,0,0
122.815919,0,0,0,0,0,0,1,0,0
122.826266,1,1,0,0,1,0,0,1,1
122.851199,0,1,0,1,0,1,1,0,1
122.862492,1,0,1,0,1,0,0,0,0
122.882870,0,0,1,0,0,0,0,0,0
122.898840,0,0,0,1,0,1,1,0,1
122.911235,1,0,0,0,1,0,0,1,0
122.914622,0,0,0,0,0,0,0,1,0
122.929456,0,0,1,0,0,0,0,0,0
122.940594,0,1,0,0,0,0,0,0,0
122.942198,0,1,0,0,0,0,0,0,0
122.946173,0,0,0,0,0,1,0,0,1
122.948809,0,0,0,1,0,0,0,0,0
122.980621,0,0,1,0,0,0,1,0,0
122.998488,1,0,0,1,1,1,0,1,1
123.015793,0,0,0,0,0,0,1,0,0
123.028488,1,1,1,0,1,0,0,1,0
123.050829,0,1,0,1,0,1,0,0,1
123.081657,0,0,1,0,0,0,1,0,0
123.093594,1,0,0,0,1,0,0,1,0
123.100802,0,0,0,1,0,1,0,0,1
123.102375,0,0,0,0,0,0,1,0,0
123.112417,1,0,0,0,1,0,0,1,0
123.123521,0,1,0,0,0,0,0,0,0
123.131074,0,0,1,0,0,0,0,0,0
123.132850,0,1,0,0,0,0,0,0,0
123.146565,0,0,0,0,0,1,0,0,0
123.147373,0,0,0,0,0,0,0,0,1
123.148000,0,0,0,1,0,0,1,0,0
123.164701,1,0,0,0,1,0,0,1,0
123.180107,0,0,1,0,0,0,0,0,0
123.190830,0,1,0,0,0,0,0,0,0
123.196854,0,0,0,0,0,1,0,0,1
123.201361,0,0,0,1,0,0,1,0,0
123.214156,1,0,0,0,0,0,0,0,0
123.223477,0,0,0,0,1,0,0,1,0
123.235968,0,0,1,0,0,0,0,0,0
123.246023,0,1,0,0,0,1,0,0,0
123.250069,0,0,0,1,0,0,0,0,1
123.280207,0,0,1,0,0,0,1,0,0
123.299294,1,0,0,1,0,1,1,0,1
123.316504,1,0,0,0,1,0,0,1,0
123.329881,0,0,1,0,1,0,0,1,0
123.346015,0,1,0,0,0,1,0,0,0
123.350440,0,1,0,1,0,0,0,0,0
123.372197,0,0,0,0,0,0,1,0,1
123.390692,1,0,0,0,1,0,0,0,0
123.401545,0,0,0,1,0,1,0,0,1
123.401871,0,0,0,0,0,0,0,1,0
123.405726,0,0,1,0,0,0,0,0,0
123.426419,0,1,0,0,0,0,1,0,0
123.431780,0,0,1,0,0,0,0,0,0
123.439191,1,0,0,0,1,0,0,1,0
123.446833,0,0,0,0,0,1,0,0,1
123.448931,0,0,0,1,0,0,0,0,0
123.451261,0,0,0,0,0,0,1,0,0
123.465829,1,1,0,0,0,0,0,0,0
123.484130,0,0,1,0,1,0,0,1,0
123.501828,0,0,0,1,0,1,1,0,1
123.507479,0,1,0,0,0,0,0,0,0
123.514509,1,0,0,0,1,0,0,1,0
123.532419,0,0,1,0,0,0,0,0,0
123.534959,0,1,0,0,0,0,0,0,0
123.549293,0,0,0,1,0,1,1,0,0
123.556293,0,0,0,0,0,0,0,0,1
123.567686,1,0,0,0,1,0,0,0,0
123.592157,0,0,1,0,0,0,0,1,0
123.596827,0,0,0,0,0,1,0,0,1
123.599672,0,0,0,1,0,0,0,0,0
123.605134,0,0,0,0,0,0,1,0,0
123.617821,1,1,0,0,0,0,0,0,0
123.623928,0,0,0,0,1,0,0,0,0
123.629340,0,0,1,0,0,0,0,0,0
123.649813,0,0,0,1,0,1,1,0,0
123.664287,1,0,0,0,1,0,0,1,0
123.689536,0,1,0,0,0,0,0,1,0
123.700444,0,0,0,1,0,1,0,0,1
123.708178,0,0,0,0,0,0,1,0,0
123.710150,0,1,0,0,0,0,0,0,0
123.718606,1,0,0,0,1,0,0,0,1
123.723062,0,0,0,0,0,0,0,1,0
123.740297,0,0,1,0,0,0,0,0,0
123.748107,0,1,0,1,0,1,1,0,0
