t,finish1,finish2,finish3,release1,release2,release3,start1,start2,start3
0.000000,0,0,0,1,0,1,1,0,1
0.010367,1,0,0,0,1,0,0,0,0
0.035692,0,0,1,0,0,0,0,1,0
0.048444,0,0,0,1,0,1,1,0,1
0.057006,0,1,0,0,0,0,0,0,0
0.060812,1,0,0,0,1,0,0,0,0
0.063164,0,0,0,0,0,0,0,1,0
0.084142,0,1,1,0,0,0,0,0,0
0.098759,0,0,0,1,0,1,1,0,0
0.107074,0,0,0,0,0,0,0,0,1
0.109863,1,0,0,0,0,0,0,0,0
0.146240,0,0,1,0,1,1,0,1,0
0.148609,0,0,0,1,0,0,0,0,0
0.164452,0,0,0,0,0,0,1,0,0
0.175506,1,1,0,0,0,0,0,0,1
0.196303,0,0,0,0,0,1,0,0,1
0.200611,0,0,0,1,1,0,1,0,0
0.201902,0,0,0,0,0,0,0,1,0
0.209397,0,0,1,0,0,0,0,0,0
0.220484,1,0,0,0,1,0,0,1,0
0.223527,0,1,0,0,0,0,0,0,0
0.234812,0,0,1,0,0,0,0,0,0
0.246741,0,1,0,0,0,1,0,0,1
0.251896,0,0,0,1,0,0,1,0,0
0.265966,1,0,0,0,1,0,0,1,0
0.285967,0,1,1,0,0,0,0,0,0
0.300994,0,0,0,1,0,1,1,0,0
0.315360,1,0,0,0,1,0,0,0,1
0.350672,0,0,1,1,0,1,0,0,0
0.396805,0,0,0,0,0,1,1,0,0
0.398200,0,0,0,1,0,0,1,1,1
0.413603,1,0,0,0,1,0,0,1,1
0.415872,1,0,0,0,1,0,0,0,0
0.428200,0,1,1,0,0,0,0,1,0
0.439217,0,1,0,0,0,0,0,0,0
0.446181,0,0,1,0,0,1,0,0,0
0.447161,0,0,0,0,0,0,0,0,1
0.448750,0,1,0,1,0,0,0,0,0
0.477897,0,0,1,0,0,0,0,0,0
0.496015,0,0,0,0,0,1,1,0,1
0.499951,0,0,0,1,0,0,1,0,0
0.509798,1,0,0,0,1,0,0,0,0
0.509875,0,0,0,0,0,0,0,1,0
0.512919,1,0,0,0,1,0,0,0,0
0.530317,0,1,1,0,0,0,0,0,0
0.546351,0,0,0,0,0,1,0,1,1
0.551132,0,0,0,1,0,0,0,0,0
0.570587,0,1,0,0,0,0,0,0,0
0.578018,0,0,1,0,0,0,0,0,0
0.596101,0,0,0,0,0,1,1,0,0
0.598908,0,0,0,1,0,0,1,0,0
0.606527,1,0,0,0,0,0,0,0,0
0.607582,0,0,0,0,0,0,0,0,1
0.614134,1,0,0,0,0,0,0,0,0
0.646512,0,0,1,0,1,1,0,0,1
0.650429,0,0,0,1,0,0,1,0,0
0.670009,1,0,0,0,0,0,0,0,0
0.673221,0,0,0,0,1,0,0,1,0
0.674327,0,0,0,0,0,0,0,1,0
0.675374,0,0,0,0,1,0,0,0,0
0.675975,0,0,0,0,0,0,0,1,0
0.678310,0,0,1,0,0,0,0,0,0
0.701301,0,1,0,1,0,1,1,0,0
0.702334,0,1,0,0,0,0,0,0,0
0.705144,0,1,0,0,0,0,0,0,0
0.719510,1,0,0,0,0,0,0,0,1
0.750458,0,0,1,1,1,1,1,0,0
0.761303,1,0,0,0,0,0,0,1,1
0.791303,0,1,1,0,0,0,0,0,0
0.796775,0,0,0,0,1,1,0,0,1
0.798000,0,0,0,1,0,0,0,0,0
0.821449,0,0,0,0,0,0,1,0,0
0.826917,0,0,1,0,0,0,0,0,0
0.828328,0,0,0,0,0,0,0,1,0
0.840577,1,0,0,0,1,0,0,0,0
0.846586,0,0,0,0,0,1,0,1,1
0.849058,0,1,0,1,0,0,0,0,0
0.876586,0,1,1,0,0,0,1,0,0
0.893496,1,0,0,0,1,0,0,0,0
0.898570,0,0,0,1,0,1,1,1,1
0.918570,1,1,0,0,1,0,0,1,0
0.938570,0,1,1,0,0,0,0,0,0
0.950306,0,0,0,1,0,1,1,0,1
0.961834,1,0,0,0,1,0,0,1,0
0.983578,0,1,1,0,0,0,0,0,0
0.998696,0,0,0,1,0,1,1,0,1
1.013493,1,0,0,0,1,0,0,0,0
1.016946,0,0,0,0,0,0,0,1,0
1.032560,0,0,1,0,0,0,0,0,0
1.046791,0,1,0,0,0,1,0,0,0
1.050769,0,0,0,1,0,0,1,0,1
1.068127,1,0,0,0,1,0,0,1,0
1.090756,0,1,1,0,0,0,0,0,0
1.099645,0,0,0,1,0,1,1,0,1
1.115685,1,0,0,0,1,0,0,1,0
1.139500,0,1,1,0,0,0,0,0,0
1.146377,0,0,0,0,0,1,0,0,0
1.147059,0,0,0,0,0,0,0,0,1
1.149415,0,0,0,1,0,0,0,0,0
1.178440,0,0,1,0,0,0,1,0,0
1.196173,1,0,0,0,0,1,0,0,1
1.199942,0,0,0,1,1,0,1,1,0
1.210083,1,0,0,0,1,0,0,0,0
1.221472,0,1,0,0,0,0,0,1,0
1.227606,0,0,1,0,0,0,0,0,0
1.246779,0,1,0,0,0,1,0,0,1
1.251215,0,0,0,1,0,0,1,0,0
1.262049,1,0,0,0,0,0,0,0,0
1.277685,0,0,1,0,1,0,0,0,0
1.300708,0,0,0,1,0,1,0,0,0
1.346183,0,0,0,0,0,1,1,1,0
1.347098,0,0,0,0,0,0,0,0,1
1.348197,0,0,0,1,0,0,1,0,0
1.366183,1,1,0,0,1,0,0,1,0
1.367270,1,0,0,0,1,0,0,0,0
1.386730,0,1,1,0,0,0,0,1,0
1.400959,0,0,0,1,0,1,1,0,0
1.411145,1,1,0,0,1,0,0,0,1
1.429529,0,0,0,0,0,0,0,1,0
1.444830,0,0,1,0,0,0,0,0,0
1.451012,0,1,0,1,0,1,1,0,0
1.466512,1,0,0,0,1,0,0,0,1
1.496158,0,0,0,0,0,1,0,1,1
1.500326,0,0,1,1,0,0,0,0,0
1.519615,0,1,0,0,0,0,1,0,1
1.526751,0,0,1,0,0,0,0,0,0
1.538322,1,0,0,0,1,0,0,1,0
1.550927,0,0,1,1,0,1,1,0,0
1.567808,1,1,0,0,1,0,0,1,1
1.596756,0,1,0,0,0,1,0,0,1
1.597901,0,0,1,0,0,0,0,0,0
1.601223,0,0,0,1,0,0,0,0,0
1.624795,0,0,0,0,0,0,1,0,0
1.636351,1,0,1,0,1,0,0,1,0
1.650815,0,0,0,1,0,1,0,0,0
1.653949,0,0,0,0,0,0,0,0,1
1.657828,0,1,0,0,0,0,0,0,0
1.687524,0,0,1,0,0,0,0,0,0
1.696500,0,0,0,0,0,1,0,0,1
1.699214,0,0,0,1,0,0,0,0,0
1.725440,0,0,0,0,0,0,1,0,0
1.730173,0,0,1,0,0,0,0,0,0
1.738127,1,0,0,0,0,0,0,0,0
1.746438,0,0,0,0,0,1,1,0,0
1.747409,0,0,0,0,1,0,0,1,0
1.747704,0,0,0,0,0,0,0,0,1
1.748226,0,0,0,1,0,0,1,0,0
1.761061,1,0,0,0,1,0,0,1,0
1.767409,1,1,0,0,1,0,0,0,0
1.777916,0,0,1,0,0,0,0,0,0
1.781958,0,1,0,0,0,0,0,1,0
1.799223,0,0,0,1,0,1,1,0,1
1.811089,1,1,0,0,0,0,0,0,0
1.829388,0,0,1,0,0,0,0,0,0
1.849428,0,0,0,1,0,1,1,0,0
1.856650,0,0,0,0,1,0,0,1,0
1.868490,1,0,0,0,0,0,0,0,1
1.873093,0,0,0,0,1,0,0,1,0
1.879306,0,1,0,0,0,0,0,0,0
1.893170,0,1,0,0,0,0,0,0,0
1.896427,0,0,0,0,0,1,0,0,1
1.900512,0,0,1,1,0,0,1,0,0
1.914888,1,0,0,0,1,0,0,1,0
1.931324,0,0,1,0,0,0,0,0,0
1.936731,0,1,0,0,0,0,0,0,0
1.949333,0,0,0,1,0,1,0,0,0
1.996210,0,0,0,0,0,1,1,0,1
1.997107,0,0,0,0,0,0,0,0,1
1.998776,0,0,0,1,0,0,0,0,0
2.006210,1,0,0,0,1,0,1,1,0
2.026210,1,1,1,0,0,0,0,0,0
2.037016,0,0,1,0,1,0,0,0,0
2.051082,0,0,0,1,0,1,1,0,0
2.057759,0,0,0,0,0,0,0,1,1
2.068012,1,0,0,0,0,0,0,0,0
2.081137,0,1,0,0,0,0,0,0,0
2.093590,0,0,1,0,1,0,0,0,0
2.100584,0,0,0,1,0,1,0,1,1
2.115909,0,0,0,0,0,0,1,0,0
2.130584,1,1,1,0,0,0,0,0,0
2.149231,0,0,0,1,1,1,1,1,1
2.161813,1,0,0,0,0,0,0,0,0
2.170591,0,1,0,0,0,0,0,0,0
2.181290,0,0,1,0,0,0,0,0,0
2.201708,0,0,0,1,1,1,1,1,1
2.221708,1,1,0,0,1,0,0,0,0
2.229371,0,0,0,0,0,0,0,1,0
2.237403,0,0,1,0,0,0,0,0,0
2.251745,0,1,0,1,0,1,0,0,0
2.296517,0,0,0,0,0,1,1,0,0
2.301286,0,0,0,1,0,0,1,0,0
2.313312,1,0,0,0,1,0,0,1,0
2.315003,1,0,0,0,0,0,0,0,1
2.335750,0,1,0,0,0,0,0,0,0
2.351140,0,0,1,1,1,1,1,1,1
2.371140,1,1,0,0,1,0,0,1,1
2.391140,0,1,1,0,0,0,0,0,0
2.401179,0,0,1,1,0,1,1,0,0
2.407944,0,0,0,0,0,0,0,0,1
2.416853,1,0,0,0,1,0,0,0,0
2.447916,0,0,1,0,0,1,0,0,1
2.448100,0,0,0,1,0,0,1,0,0
2.467898,1,0,0,0,1,0,0,0,0
2.482899,0,0,1,0,0,0,0,1,0
2.496354,0,0,0,0,0,1,0,1,0
2.501212,0,0,0,1,0,0,1,0,1
2.511663,1,1,0,0,1,0,0,1,0
2.518549,0,1,0,0,0,0,0,0,0
2.531432,0,0,1,0,0,0,0,0,0
2.539546,0,1,0,0,0,0,0,0,0
2.549459,0,0,0,1,0,1,1,0,1
2.569119,1,0,0,0,0,0,0,0,0
2.571366,0,0,0,0,1,0,0,1,0
2.585769,0,0,1,0,0,0,0,0,0
2.593913,0,1,0,0,0,0,0,0,0
2.596841,0,0,0,0,0,1,0,0,0
2.597360,0,0,0,0,0,0,0,0,1
2.600333,0,0,0,1,0,0,1,0,0
2.619333,1,0,0,0,0,0,0,0,0
2.631735,0,0,1,0,1,0,0,0,0
2.633655,0,0,0,0,0,0,0,1,0
2.646560,0,0,0,0,0,1,0,0,1
2.648500,0,0,0,1,0,0,0,0,0
2.656247,0,1,0,0,0,0,0,0,0
2.683425,0,0,1,0,0,0,0,0,0
2.696755,0,0,0,0,0,1,1,0,1
2.700498,0,0,0,1,0,0,1,0,0
2.712930,1,0,0,0,0,0,0,0,0
2.715509,1,0,0,0,1,0,0,1,0
2.719671,0,0,0,0,1,0,0,0,0
2.721000,0,0,0,0,0,0,0,1,0
2.731234,0,0,1,0,0,0,0,0,0
2.737907,0,1,0,0,0,0,0,0,0
2.748056,0,1,0,1,0,1,0,0,1
2.769362,0,0,0,0,0,0,1,0,0
2.786787,1,0,1,0,1,0,0,1,0
2.801019,0,0,0,1,0,1,1,0,0
2.809027,0,1,0,0,0,0,0,0,1
2.815417,1,0,0,0,1,0,0,1,0
2.837394,0,1,0,0,0,0,0,0,0
2.848812,0,0,1,1,0,1,0,0,0
2.884819,0,0,0,0,0,0,0,0,1
2.900817,0,0,0,1,0,1,0,0,0
2.916289,0,0,1,0,0,0,0,0,0
2.949297,0,0,0,1,0,1,0,0,1
2.980238,0,0,1,0,0,0,0,0,0
2.996582,0,0,0,0,0,1,1,0,1
2.998964,0,0,0,1,0,0,0,0,0
3.008669,1,0,0,0,1,0,0,1,1
3.032474,0,1,1,0,0,0,0,0,0
3.046379,0,0,1,0,0,1,1,0,1
3.050700,0,0,0,1,0,0,1,0,0
3.063265,1,0,0,0,1,0,0,1,0
3.066972,1,0,0,0,1,0,0,0,0
3.081405,0,0,1,0,0,0,0,1,0
3.093051,0,1,0,0,0,0,0,0,0
3.096426,0,0,0,0,0,1,1,0,1
3.099245,0,0,0,1,0,0,1,0,0
3.110864,1,1,0,0,1,0,1,0,0
3.114566,1,0,0,0,0,0,0,1,0
3.129366,1,0,1,0,1,0,0,0,0
3.138525,0,1,0,0,0,0,0,0,0
3.146650,0,0,0,0,1,1,0,1,1
3.149401,0,0,0,1,0,0,1,0,0
3.167977,1,1,0,0,1,0,0,0,0
3.175268,0,0,0,0,0,0,0,1,0
3.176047,0,0,0,0,0,0,0,1,0
3.176866,0,0,1,0,0,0,0,0,0
3.198821,0,1,0,1,0,1,1,0,1
3.201093,0,1,0,0,0,0,0,0,0
3.209910,1,0,0,0,1,0,0,0,0
3.212962,0,0,0,0,0,0,0,1,0
3.233237,0,1,1,0,0,0,0,0,0
3.246975,0,0,0,0,0,1,0,0,0
3.251500,0,0,0,1,0,0,0,0,1
3.285008,0,0,1,0,0,0,1,0,0
3.298290,1,0,0,1,0,1,1,0,1
3.309893,1,0,0,0,1,0,0,0,0
3.330234,0,0,1,0,1,0,0,0,0
3.349731,0,0,0,1,0,1,0,0,0
3.387866,0,0,0,0,0,0,1,0,0
3.396115,0,0,0,0,0,1,0,0,1
3.397871,1,0,0,0,1,0,0,1,0
3.400000,0,0,0,1,0,0,0,1,1
3.404274,0,0,0,0,0,0,1,0,0
3.415312,1,0,0,0,1,0,0,0,0
3.418380,0,1,0,0,0,0,0,1,0
3.422380,0,1,0,0,0,0,0,0,0
3.424957,0,0,0,0,0,0,0,1,0
3.435688,0,0,1,0,0,0,0,0,0
3.437052,0,0,1,0,0,0,0,0,0
3.448125,0,1,0,1,0,1,0,0,1
3.449256,0,1,0,0,0,0,0,0,0
3.484718,0,0,1,0,0,0,1,0,0
3.496382,1,0,0,0,1,1,0,1,0
3.497303,0,0,0,0,0,0,0,0,1
3.499750,0,0,0,1,0,0,0,0,0
3.519589,0,1,0,0,0,0,1,0,0
3.531573,1,0,1,0,1,0,0,0,0
3.549853,0,0,0,1,0,1,1,0,1
3.569160,1,0,0,0,1,0,0,0,0
3.573559,0,0,0,0,0,0,0,1,0
3.588885,0,0,1,0,0,0,0,1,0
3.601666,0,1,0,1,0,1,1,0,0
3.613010,1,1,0,0,0,0,0,0,1
3.646301,0,0,1,0,1,1,0,0,0
3.648834,0,0,0,1,0,0,0,1,1
3.678834,0,1,1,0,0,0,0,0,0
3.700302,0,0,0,1,0,1,1,0,0
3.712194,1,0,0,0,1,0,1,1,0
3.732194,1,1,0,0,1,0,0,1,0
3.748009,0,0,0,1,0,1,0,0,0
3.749647,0,0,0,0,0,0,1,0,1
3.761750,1,1,0,0,0,0,0,0,1
3.787578,0,0,1,0,1,0,0,1,0
3.800336,0,0,1,1,0,1,1,0,0
3.805352,0,0,0,0,0,0,0,0,1
3.817273,1,1,0,0,1,0,0,1,0
3.836198,0,0,1,0,0,0,0,0,0
3.846418,0,1,0,0,0,1,0,0,1
3.850754,0,0,0,1,0,0,0,0,0
3.880345,0,0,1,0,0,0,1,0,0
3.896765,1,0,0,0,1,1,0,1,0
3.900754,0,0,0,1,0,0,1,0,0
3.917726,1,1,0,0,0,0,0,0,1
3.928689,0,0,0,0,1,0,0,0,0
3.947845,0,0,1,0,0,1,0,1,1
3.951110,0,0,0,1,0,0,0,0,0
3.977845,0,1,1,0,0,0,0,0,0
4.000926,0,0,0,1,0,1,1,0,1
4.019218,1,0,0,0,1,0,1,1,0
4.029233,1,0,0,0,0,0,0,0,0
4.039644,0,1,1,0,1,0,0,0,0
4.048899,0,0,0,1,0,1,1,0,1
4.064531,1,0,0,0,1,0,0,1,0
4.086856,0,1,1,0,0,0,0,0,0
4.098305,0,0,0,1,0,1,0,1,0
4.106911,0,0,0,0,0,0,1,0,0
4.122252,1,1,0,0,1,0,0,0,1
4.148497,0,0,0,1,0,1,0,0,1
4.152252,0,0,1,0,0,0,1,0,0
4.154108,0,0,0,0,0,0,0,1,0
4.170034,1,0,0,0,0,0,0,0,0
4.171241,0,0,0,0,1,0,0,0,0
4.172444,0,0,0,0,0,0,0,1,0
4.179383,0,1,1,0,0,0,0,0,0
4.198864,0,1,0,1,0,1,1,0,0
4.218364,1,0,0,0,1,0,0,0,1
4.248030,0,0,0,1,0,1,1,1,1
4.258064,1,0,1,0,1,0,0,0,0
4.276932,0,1,0,0,0,0,0,0,0
4.280113,0,0,1,0,0,0,0,1,0
4.301077,0,1,0,1,0,1,0,0,0
4.346723,0,0,0,0,0,1,0,0,0
4.347474,0,0,0,0,0,0,0,0,1
4.350447,0,0,0,1,0,0,0,0,0
4.363336,0,0,0,0,0,0,1,0,0
4.373765,1,0,0,0,1,0,1,0,0
4.385257,1,0,1,0,1,0,0,0,0
4.401333,0,0,0,1,0,1,1,1,1
4.417921,1,0,0,0,1,0,0,1,1
4.425755,0,1,0,0,0,0,0,1,0
4.441305,0,1,1,0,0,0,0,0,0
4.451589,0,1,1,1,0,1,0,0,1
4.486306,0,0,1,0,0,0,1,0,0
4.501357,1,0,0,1,1,1,1,1,1
4.514312,1,0,0,0,1,0,0,1,0
4.531357,0,1,1,0,0,0,0,0,0
4.543628,0,1,0,0,0,0,0,0,0
4.546750,0,0,0,0,0,1,0,0,1
4.550169,0,0,0,1,0,0,0,0,0
4.576896,0,0,1,0,0,0,1,0,0
4.596756,1,0,0,0,1,1,0,1,1
4.600100,0,0,0,1,0,0,1,0,0
4.614318,1,0,0,0,1,0,0,0,0
4.626756,0,1,1,0,0,0,0,0,0
4.650173,0,0,0,1,0,1,0,0,0
4.670676,0,0,0,0,0,0,0,1,0
4.693870,0,1,0,0,0,0,0,0,0
4.699206,0,0,0,1,0,1,0,0,0
4.746364,0,0,0,0,0,1,1,0,0
4.747131,0,0,0,0,0,0,1,0,0
4.750300,0,0,0,1,0,0,1,0,1
4.764150,1,0,0,0,0,0,0,0,1
4.765484,1,0,0,0,1,0,0,1,0
4.769935,1,0,0,0,1,0,0,1,0
4.777778,0,0,0,0,1,0,0,1,1
4.785725,0,1,1,0,0,0,0,0,0
4.798745,0,1,1,1,0,1,1,0,0
4.807778,0,1,1,0,0,0,0,0,1
4.817506,1,0,0,0,1,0,0,1,0
4.846890,0,1,1,0,0,1,0,0,0
4.847081,0,0,0,0,0,0,0,0,1
4.849123,0,0,0,1,0,0,1,0,0
4.868689,1,0,0,0,0,0,0,0,0
4.869719,0,0,0,0,1,0,0,1,0
4.887013,0,0,1,0,0,0,0,0,0
4.898262,0,1,0,1,0,1,0,0,1
4.937855,0,0,1,0,0,0,1,0,0
4.947868,1,0,0,0,1,1,0,1,0
4.951783,0,0,0,1,0,0,0,0,0
4.975732,0,1,0,0,0,0,1,0,1
4.990764,1,0,0,0,1,0,0,0,0
4.998885,0,0,0,1,0,1,1,1,0
5.010290,1,0,1,0,1,0,0,1,1
5.023133,0,1,0,0,0,0,0,0,0
5.033202,0,1,0,0,0,0,0,0,0
5.044421,0,0,1,0,0,0,0,0,0
5.046865,0,0,0,0,0,1,0,0,1
5.051903,0,0,0,1,0,0,1,0,0
5.062570,1,0,0,0,1,0,0,0,0
5.081509,0,0,1,0,0,0,0,1,0
5.100246,0,0,0,1,0,1,1,0,0
5.110902,1,1,0,0,1,0,0,1,1
5.135115,0,1,0,0,0,0,0,0,0
5.146029,0,0,1,0,0,1,0,0,1
5.149279,0,0,0,1,0,0,0,0,0
5.177041,0,0,1,0,0,0,1,0,0
5.196406,1,0,0,0,1,1,0,1,1
5.199401,0,0,0,1,0,0,0,0,0
5.226406,0,1,1,0,0,0,1,0,0
5.243359,1,0,0,0,1,0,0,1,0
5.251845,0,0,0,1,0,1,0,0,1
5.266750,0,1,0,0,0,0,1,0,0
5.281845,1,0,1,0,1,0,0,1,0
5.301927,0,1,0,1,0,1,0,0,1
5.332275,0,0,1,0,0,0,1,0,0
5.346561,1,0,0,0,1,1,0,1,1
5.350632,0,0,0,1,0,0,1,0,0
5.362403,1,0,0,0,1,0,0,1,0
5.376561,0,1,1,0,0,0,0,0,0
5.387565,0,1,0,0,0,0,0,0,0
5.396124,0,0,0,0,0,1,0,0,1
5.401300,0,0,0,1,0,0,0,0,0
5.432854,0,0,1,0,0,0,0,0,0
5.446122,0,0,0,0,0,1,0,0,0
5.451658,0,0,0,1,0,0,0,0,0
5.501034,0,0,0,1,0,1,0,0,1
5.505128,0,0,0,0,0,0,0,0,1
5.531405,0,0,1,0,0,0,0,0,0
5.540758,0,0,1,0,0,0,0,0,0
5.548797,0,0,0,1,0,1,0,0,1
5.579266,0,0,1,0,0,0,0,0,0
5.598412,0,0,0,1,0,1,0,0,0
5.650460,0,0,0,1,0,1,1,0,0
5.668316,1,0,0,0,1,0,0,0,0
5.698706,0,0,0,1,0,1,1,1,0
5.715918,1,0,0,0,0,0,0,0,1
5.726227,0,1,0,0,1,0,1,1,0
5.745959,1,0,1,0,0,0,0,0,1
5.750133,0,1,0,1,1,1,1,0,1
5.752141,0,0,0,0,0,0,0,0,1
5.764209,1,0,0,0,0,0,0,1,0
5.770341,0,0,0,0,0,0,1,0,0
5.773319,0,0,0,0,1,0,1,1,0
5.781475,1,0,1,0,0,0,1,0,0
5.784209,1,1,1,0,0,0,1,0,0
5.787250,0,0,1,0,0,0,0,0,0
5.796776,1,1,0,0,0,1,0,0,0
5.799928,1,0,0,1,1,0,1,0,1
5.816870,1,0,0,0,0,0,0,0,0
5.821098,0,0,0,0,1,0,0,1,0
5.826919,0,0,0,0,0,0,0,1,0
5.839373,0,0,1,0,1,0,0,0,0
5.849771,0,1,0,1,0,1,0,0,1
5.856037,0,1,0,0,0,0,1,0,0
5.867790,1,0,0,0,0,0,0,1,0
5.877194,0,0,0,0,1,0,0,0,0
5.888780,0,1,1,0,0,0,0,0,0
5.899371,0,0,0,1,1,1,0,0,0
5.948394,0,0,0,1,1,1,0,0,0
5.999630,0,0,0,1,0,1,1,0,0
6.017315,1,0,0,0,1,0,1,0,0
6.021050,0,0,0,0,0,0,1,0,1
6.031283,1,0,0,0,1,0,0,1,0
6.036884,1,0,0,0,0,0,0,0,0
6.051132,0,0,1,1,1,1,1,0,0
6.051208,0,0,0,0,0,0,0,0,1
6.061279,1,1,0,0,1,0,0,1,1
6.084272,0,1,1,0,0,0,0,1,0
6.098731,0,0,1,1,0,1,1,1,0
6.112096,1,1,0,0,0,0,0,0,0
6.116705,0,0,0,0,1,0,0,0,1
6.124226,0,1,0,0,0,0,0,0,0
6.146191,0,0,0,0,0,1,0,1,0
6.146448,0,0,0,0,0,0,0,0,1
6.146956,0,0,1,0,0,0,0,0,1
6.147109,0,0,0,0,0,0,0,1,0
6.151882,0,0,0,1,0,0,0,0,0
6.154359,0,0,0,0,0,0,1,0,0
6.167785,1,1,0,0,0,0,0,1,0
6.171936,0,1,0,0,0,0,0,1,0
6.173192,0,0,0,0,1,0,0,1,0
6.179571,0,0,1,0,0,0,0,0,0
6.182784,0,0,1,0,0,0,0,0,0
6.197186,0,1,0,0,0,1,0,0,0
6.197593,0,1,0,0,0,0,0,0,1
6.197796,0,1,0,0,0,0,0,0,0
6.199879,0,0,0,1,0,0,1,0,0
6.210293,1,0,0,0,0,0,0,0,0
6.224671,0,0,0,0,1,0,0,0,0
6.232336,0,0,1,0,0,0,0,1,0
6.246935,0,0,0,0,0,1,0,0,1
6.251929,0,0,0,1,0,0,1,0,0
6.262240,1,1,0,0,1,0,0,1,0
6.277509,0,0,1,0,0,0,0,0,0
6.289634,0,1,0,0,0,0,0,0,0
6.296582,0,0,0,0,0,1,0,0,0
6.298901,0,0,0,1,0,0,1,0,0
6.312705,1,0,0,0,1,0,0,1,1
6.333914,0,1,0,0,0,0,0,0,0
6.349459,0,0,1,1,0,1,1,0,0
6.358147,0,0,0,0,0,0,0,0,1
6.364960,1,0,0,0,1,0,0,1,0
6.387037,0,1,0,0,0,0,0,0,0
6.398101,0,0,1,1,0,1,1,0,1
6.413232,1,0,0,0,0,0,0,0,0
6.415010,0,0,0,0,1,0,0,1,0
6.430434,0,0,1,0,0,0,0,0,0
6.440835,0,1,0,0,0,0,0,0,0
6.448226,0,0,0,1,0,1,0,0,1
6.480422,0,0,1,0,0,0,0,0,0
6.498033,0,0,0,1,0,1,0,0,0
6.527206,0,0,0,0,0,0,1,0,1
6.538984,1,0,0,0,1,0,0,0,0
6.542613,0,0,0,0,0,0,1,1,0
6.549839,0,0,0,1,0,1,1,0,0
6.553576,1,0,0,0,1,0,0,1,0
6.560888,1,0,1,0,0,0,0,0,1
6.561686,0,0,0,0,1,0,0,0,0
6.568774,0,1,0,0,0,0,0,1,0
6.582733,0,1,0,0,0,0,0,0,0
6.596844,0,1,1,0,0,1,0,0,0
6.598140,0,0,0,1,0,0,1,0,0
6.610161,1,0,0,0,0,0,0,0,1
6.646918,0,0,1,0,0,1,0,0,1
6.649227,0,0,0,1,1,0,1,1,0
6.663557,1,0,0,0,1,0,0,0,0
6.673902,0,1,0,0,0,0,0,0,0
6.675896,0,0,0,0,0,0,0,1,0
6.682697,0,0,1,0,0,0,0,0,0
6.700025,0,1,0,1,0,1,0,0,0
6.711944,0,0,0,0,0,0,1,0,0
6.724518,1,0,0,0,1,0,0,0,1
6.749352,0,0,0,1,0,1,1,0,0
6.761935,1,0,1,0,1,0,0,1,0
6.785546,0,1,0,0,0,0,0,0,0
6.796606,0,0,0,0,0,1,0,1,0
6.799247,0,0,0,1,0,0,0,0,1
6.801186,0,0,0,0,0,0,1,0,1
6.820045,1,1,0,0,1,0,0,0,0
6.827819,0,0,0,0,0,0,0,1,0
6.836419,0,0,1,0,0,0,0,0,0
6.838986,0,0,1,0,0,0,0,0,0
6.846350,0,0,0,0,0,1,0,0,0
6.847848,0,1,0,0,0,0,0,0,1
6.848341,0,0,0,1,0,0,0,0,0
6.867918,0,0,0,0,0,0,1,0,0
6.885617,1,0,1,0,0,0,0,0,0
6.900550,0,0,0,1,1,1,1,1,1
6.912002,1,0,0,0,0,0,0,0,0
6.930550,0,1,1,0,1,0,0,0,0
6.948685,0,0,0,1,0,1,1,0,1
6.960685,1,0,0,0,0,0,0,0,0
6.985085,0,0,1,0,0,0,0,0,0
6.996714,0,0,0,0,0,1,0,0,0
6.998654,0,0,0,1,0,0,0,0,1
7.034866,0,0,1,0,1,0,0,1,0
7.036790,0,0,0,0,0,0,0,1,0
7.051876,0,0,0,1,0,1,1,0,1
7.064555,1,1,0,0,1,0,1,1,0
7.065635,0,1,0,0,0,0,0,0,0
7.080523,1,0,0,0,1,0,0,1,0
7.084555,0,1,1,0,0,0,0,0,0
7.096840,0,0,0,0,0,1,0,0,0
7.101546,0,1,0,1,0,0,0,0,1
7.125864,0,0,0,0,0,0,1,0,0
7.139567,1,0,1,0,1,0,0,1,0
7.146908,0,0,0,0,0,1,0,0,1
7.151415,0,0,0,1,0,0,1,0,0
7.163029,1,1,0,0,1,0,0,1,0
7.181507,0,0,1,0,0,0,0,0,0
7.187960,0,1,0,0,0,0,0,0,0
7.198500,0,0,0,1,0,1,1,0,0
7.216109,1,0,0,0,0,0,0,0,0
7.238319,0,0,0,0,1,0,0,0,0
7.251307,0,0,0,1,0,1,0,1,1
7.281307,0,1,1,0,0,0,1,0,1
7.300441,1,0,0,1,1,1,0,0,0
7.318894,0,0,1,0,0,0,0,0,1
7.346707,0,0,0,0,0,1,0,1,0
7.348271,0,0,0,1,0,0,0,0,1
7.352991,0,0,1,0,0,0,1,0,0
7.366808,1,1,0,0,1,0,1,1,0
7.386808,1,1,1,0,0,0,0,0,0
7.396000,0,0,0,0,1,1,0,0,1
7.397000,0,0,0,0,0,0,0,1,0
7.399116,0,0,0,1,0,0,0,0,0
7.424882,0,1,0,0,0,0,0,0,0
7.432918,0,0,1,0,0,0,0,0,0
7.448830,0,0,0,1,0,1,1,0,0
7.463323,1,0,0,0,1,0,1,1,0
7.483323,1,1,0,0,0,0,0,0,0
7.498115,0,0,0,1,1,1,0,0,1
7.505576,0,0,0,0,0,0,0,0,1
7.533549,0,0,1,0,0,0,1,0,0
7.544171,1,0,1,0,0,0,0,0,0
7.551957,0,0,0,1,1,1,0,0,0
7.581669,0,0,0,0,0,0,0,1,0
7.596947,0,0,0,0,0,1,1,0,0
7.598053,0,0,0,1,0,0,1,1,1
7.611459,1,1,0,0,0,0,0,0,1
7.618053,1,1,0,0,1,0,0,0,0
7.633588,0,0,1,0,1,0,0,1,0
7.649934,0,0,1,1,0,1,1,1,0
7.660844,1,1,0,0,1,0,0,0,0
7.676794,0,1,0,0,0,0,0,1,0
7.701609,0,1,0,1,0,1,1,0,0
7.719034,1,0,0,0,0,0,0,0,0
7.751918,0,0,0,1,1,1,1,1,1
7.771918,1,1,0,0,0,0,0,0,0
7.779907,0,0,0,0,0,0,0,0,1
7.782933,0,0,1,0,0,0,0,0,0
7.801093,0,0,0,1,0,1,1,0,0
7.810079,0,0,1,0,1,0,0,1,1
7.814018,1,0,0,0,0,0,0,0,1
7.840079,0,1,1,0,1,0,0,0,0
7.850138,0,0,1,1,0,1,1,0,0
7.867748,1,0,0,0,1,0,0,1,0
7.896817,0,1,0,0,0,1,0,0,0
7.897274,0,0,0,0,0,0,0,1,1
7.901982,0,0,0,1,0,0,1,0,0
7.915592,1,0,0,0,0,0,0,0,0
7.921154,0,1,0,0,0,0,0,0,0
7.936587,0,0,1,0,0,0,0,0,0
7.949499,0,0,0,1,0,1,1,0,0
7.967029,1,0,0,0,1,0,0,1,1
7.979754,0,0,0,0,1,0,0,1,1
7.996008,0,1,0,0,0,1,0,0,0
7.998285,0,0,1,1,0,0,0,0,1
8.009754,0,1,1,0,0,0,0,0,0
8.012312,0,0,0,0,0,0,1,0,0
8.029901,1,0,1,0,0,0,0,0,0
8.048207,0,0,0,1,1,1,0,1,1
8.078207,0,1,1,0,0,0,1,0,0
8.096778,1,0,0,0,0,1,0,0,1
8.097536,0,0,0,0,1,0,0,1,0
8.101412,0,0,0,1,0,0,1,0,0
8.118784,1,1,0,0,1,0,0,1,0
8.131784,0,0,1,0,0,0,0,0,0
8.148177,0,1,0,1,0,1,1,0,1
8.162806,1,0,0,0,0,0,0,0,0
8.187753,0,0,1,0,1,0,0,1,0
8.196879,0,0,0,0,0,1,0,0,1
8.199024,0,0,0,1,0,0,1,0,0
8.217608,1,1,0,0,0,0,0,0,0
8.229458,0,0,1,0,1,0,0,1,0
8.248231,0,0,0,1,0,1,0,0,1
8.252022,0,1,0,0,0,0,1,0,0
8.266488,1,0,0,0,0,0,0,0,0
8.285233,0,0,1,0,1,0,0,1,0
8.299456,0,0,0,1,0,1,0,0,0
8.304182,0,0,0,0,0,0,1,0,0
8.306528,0,1,0,0,0,0,0,0,0
8.316748,1,0,0,0,0,0,0,0,1
8.346899,0,0,1,0,1,1,0,1,1
8.348169,0,0,0,1,0,0,1,0,0
8.367047,1,1,0,0,1,0,0,0,0
8.386025,0,0,1,0,0,0,0,0,0
8.401567,0,0,0,1,0,1,1,1,0
8.412253,1,0,0,0,0,0,0,0,1
8.427358,0,1,0,0,0,0,0,0,0
8.451189,0,0,1,1,1,1,1,1,0
8.471189,1,1,0,0,1,0,0,1,0
8.496008,0,1,0,0,0,1,0,0,1
8.497007,0,0,0,0,0,0,0,0,1
8.499204,0,0,0,1,0,0,1,0,0
8.514929,1,0,0,0,1,0,0,1,0
8.535391,0,1,1,0,0,0,0,0,0
8.536839,0,0,1,0,0,0,0,0,0
8.551950,0,0,0,1,0,1,0,0,1
8.587547,0,0,1,0,0,0,1,0,0
8.599512,1,0,0,1,1,1,0,0,1
8.637702,0,0,1,0,0,0,0,0,0
8.640398,0,0,0,0,0,0,0,1,0
8.646658,0,0,0,0,0,1,1,0,1
8.649153,0,0,0,1,0,0,0,0,0
8.656698,1,0,0,0,1,0,1,1,0
8.667562,1,1,0,0,1,0,0,0,0
8.676676,0,0,1,0,0,0,0,0,0
8.685470,0,1,0,0,0,0,0,0,0
8.686508,0,0,0,0,0,0,0,1,0
8.699840,0,0,0,1,0,1,0,0,1
8.714892,0,1,0,0,0,0,0,0,0
8.739569,0,0,1,0,0,0,0,0,0
8.750131,0,0,0,1,0,1,0,0,1
8.784895,0,0,1,0,0,0,1,0,0
8.796987,1,0,0,0,0,1,0,0,1
8.799412,0,0,0,1,1,0,0,0,0
8.803804,0,0,0,0,0,0,0,1,0
8.804839,0,0,0,0,0,0,1,0,0
8.824404,1,1,0,0,1,0,0,0,0
8.825595,0,0,0,0,0,0,0,1,0
8.833187,0,0,1,0,0,0,1,0,0
8.848968,1,1,0,1,1,1,0,1,0
8.864597,0,0,0,0,0,0,1,0,1
8.875126,1,1,0,0,1,0,0,0,0
8.900629,0,0,1,1,0,1,1,0,1
8.917537,1,0,0,0,0,0,0,1,0
8.937886,0,1,1,0,1,0,0,1,0
8.949018,0,0,0,1,0,1,0,0,1
8.963820,0,1,0,0,0,0,1,0,0
8.983636,1,0,1,0,1,0,0,0,0
9.001567,0,0,0,1,0,1,0,0,1
9.033833,0,0,1,0,0,0,1,0,0
9.044313,1,0,0,0,0,0,0,0,0
9.051787,0,0,0,1,0,1,0,1,0
9.065204,0,0,0,0,1,0,0,0,1
9.069039,0,0,0,0,0,0,1,0,0
9.070052,0,0,0,0,0,0,0,1,0
9.080289,1,1,0,0,0,0,0,0,0
9.083978,0,0,0,0,1,0,0,0,0
9.096693,0,1,1,0,0,1,0,1,0
9.097556,0,0,0,0,0,0,0,0,1
9.098008,0,0,0,1,0,0,1,0,0
9.113834,1,0,0,0,0,0,0,0,0
9.115447,0,0,0,0,1,0,0,0,0
9.121184,0,1,0,0,0,0,0,1,0
9.132773,0,0,1,0,0,0,0,0,0
9.144982,0,1,0,0,0,0,0,0,0
9.146316,0,0,0,0,0,1,0,0,1
9.150922,0,0,0,1,0,0,0,0,0
9.179067,0,0,1,0,0,0,1,0,0
9.198474,1,0,0,1,1,1,0,1,0
9.208121,0,0,0,0,0,0,1,0,0
9.218135,1,0,0,0,1,0,0,1,1
9.226155,0,1,0,0,0,0,0,0,0
9.248049,0,1,0,1,0,1,1,0,1
9.258100,1,0,1,0,1,0,0,0,0
9.262730,0,0,0,0,0,0,0,1,0
9.280520,0,0,1,0,0,0,0,0,0
9.290560,0,1,0,0,0,0,0,0,0
9.299115,0,0,0,1,0,1,1,0,0
9.315768,1,0,0,0,1,0,0,1,1
9.343603,0,1,0,0,0,0,0,0,0
9.346234,0,0,1,0,0,1,0,0,0
9.348674,0,0,0,1,0,0,1,0,0
9.366732,1,0,0,0,1,0,0,1,0
9.389301,0,1,0,0,0,0,0,0,0
9.396608,0,0,0,0,0,1,0,0,0
9.401748,0,0,0,1,0,0,1,0,1
9.417772,1,0,0,0,0,0,0,0,0
9.434912,0,0,1,0,1,0,0,1,0
9.449425,0,0,0,1,0,1,1,0,0
9.456632,0,1,0,0,0,0,0,0,0
9.465982,1,0,0,0,1,0,0,1,1
9.495982,0,1,1,0,0,0,0,0,1
9.499228,0,0,0,1,0,1,1,0,0
9.514424,1,0,0,0,1,0,0,0,1
9.517754,0,0,0,0,0,0,0,1,0
9.532103,0,0,1,0,0,0,0,0,0
9.546585,0,1,1,0,0,1,0,0,0
9.549278,0,0,0,1,0,0,0,0,1
9.574576,0,0,0,0,0,0,1,0,0
9.586942,1,0,1,0,1,0,0,0,0
9.596133,0,0,0,0,0,1,0,0,1
9.600508,0,0,0,1,0,0,0,1,0
9.626565,0,1,1,0,0,0,1,0,0
9.646009,1,0,0,0,1,1,0,1,1
9.650390,0,0,0,1,0,0,0,0,0
9.676009,0,1,1,0,0,0,0,0,0
9.696978,0,0,0,0,0,1,0,0,1
9.700760,0,0,0,1,0,0,0,0,0
9.731254,0,0,1,0,0,0,1,0,0
9.749436,1,0,0,1,1,1,0,0,0
9.799027,0,0,0,1,0,1,0,0,1
9.809034,0,0,0,0,0,0,1,1,1
9.829029,1,0,1,0,1,0,1,0,0
9.839034,1,1,1,0,1,0,1,1,0
9.848019,0,0,0,1,0,1,1,0,1
9.848234,0,0,0,0,0,0,0,1,0
9.859034,1,1,0,0,1,0,0,1,0
9.860714,1,0,0,0,1,0,0,0,0
9.878121,0,1,1,0,0,0,0,1,0
9.888105,0,1,0,0,0,0,0,0,0
9.900060,0,1,0,1,0,1,0,0,0
9.946514,0,0,0,0,0,1,1,0,0
9.947464,0,0,0,0,0,0,0,0,1
9.951158,0,0,0,1,0,0,0,0,1
9.962429,1,0,0,0,0,0,0,0,0
9.970782,0,0,0,0,0,0,1,0,0
9.972175,0,0,0,0,1,0,0,0,0
9.977773,0,0,1,0,0,0,0,0,0
9.983630,1,0,1,0,1,0,0,1,0
10.000986,0,0,0,1,0,1,0,0,1
10.002323,0,0,0,0,0,0,0,1,0
10.010613,0,1,0,0,0,0,1,0,0
10.020780,1,0,0,0,1,0,0,0,0
10.025270,0,1,0,0,0,0,0,1,0
10.037146,0,0,1,0,0,0,0,0,0
10.046920,0,1,0,0,0,1,0,0,1
10.048520,0,0,0,1,0,0,0,0,0
10.083357,0,0,1,0,0,0,1,0,0
10.101693,1,0,0,1,0,1,0,0,1
10.104859,0,0,0,0,1,0,1,1,0
10.117983,1,0,0,0,1,0,0,1,0
10.127800,0,1,0,0,0,0,0,0,0
10.133960,0,0,1,0,0,0,0,0,0
10.146815,0,1,0,0,0,1,0,0,0
10.147647,0,0,0,0,0,0,0,0,1
10.148494,0,0,0,1,0,0,1,0,0
10.164131,1,0,0,0,0,0,0,0,0
10.186853,0,0,1,0,0,0,0,0,0
10.196349,0,0,0,0,1,1,0,0,0
10.199109,0,0,0,1,0,0,1,0,1
10.217568,1,0,0,0,0,0,0,0,0
10.230513,0,0,1,0,0,0,0,0,0
10.246524,0,0,0,0,1,1,0,1,0
10.250125,0,0,0,1,0,0,0,1,0
10.265321,0,0,0,0,0,0,1,0,0
10.275621,1,1,0,0,0,0,0,0,0
10.279533,0,1,0,0,1,0,0,0,0
10.299109,0,0,0,1,0,1,1,1,0
10.319109,1,1,0,0,1,0,0,1,0
10.348347,0,1,0,1,0,1,1,0,1
10.364415,1,0,0,0,1,0,0,1,0
10.386972,0,1,1,0,0,0,0,0,0
10.396147,0,0,0,0,0,1,0,0,0
10.401256,0,0,0,1,0,0,1,0,1
10.418589,1,0,0,0,1,0,0,1,1
10.433071,0,0,1,0,0,0,0,0,0
10.443331,0,1,0,0,0,0,0,0,1
10.451649,0,0,1,1,0,1,0,0,1
10.478554,0,0,1,0,0,0,1,0,0
10.489437,1,0,1,0,1,0,0,1,0
10.496505,0,0,0,0,0,1,0,0,0
10.501429,0,0,0,1,0,0,1,0,1
10.517985,1,1,0,0,1,0,0,0,0
10.532395,0,0,1,0,0,0,0,1,0
10.550435,0,0,0,1,0,1,1,0,0
10.560945,1,1,0,0,1,0,0,0,0
10.565335,0,0,0,0,0,0,0,0,1
10.596406,0,0,1,0,0,1,0,1,0
10.598584,0,0,0,1,0,0,0,0,0
10.607847,0,0,0,0,0,0,1,0,0
10.620484,1,1,0,0,1,0,0,0,0
10.646649,0,0,0,0,0,1,0,0,1
10.647546,0,0,0,0,0,0,0,1,1
10.651101,0,0,0,1,0,0,1,0,0
10.670459,1,1,0,0,0,0,0,0,0
10.680678,0,0,1,0,1,0,0,1,0
10.683791,0,0,1,0,0,0,0,0,0
10.696393,0,0,0,0,0,1,0,0,0
10.698906,0,0,0,1,0,0,1,0,1
10.709627,1,1,0,0,1,0,0,0,0
10.736902,0,0,1,0,0,0,0,1,0
10.746707,0,0,0,0,0,1,0,0,0
10.751387,0,0,0,1,0,0,1,0,1
10.761550,1,1,0,0,1,0,0,0,0
10.784301,0,0,1,0,0,0,0,0,0
10.796961,0,0,0,0,0,1,0,0,1
10.799056,0,0,0,1,0,0,0,1,0
10.828458,0,1,1,0,0,0,1,0,0
10.848040,1,0,0,1,1,1,0,0,0
10.867949,0,0,0,0,0,0,1,0,0
10.884766,1,0,0,0,1,0,0,0,0
10.900769,0,0,0,1,0,1,1,0,1
10.913873,1,0,0,0,1,0,0,1,0
10.920410,0,0,0,0,0,0,0,1,0
10.938890,0,1,1,0,0,0,0,0,0
10.939717,0,0,0,0,0,0,0,0,1
10.949785,0,1,0,1,0,1,0,1,0
10.958700,0,0,0,0,0,0,0,0,1
10.978914,0,1,1,0,0,0,1,0,0
10.998156,1,0,1,1,1,1,1,1,0
11.018156,1,1,0,0,1,0,0,1,0
11.048152,0,1,0,1,0,1,1,0,0
11.068141,1,0,0,0,1,0,0,1,1
11.093961,0,1,0,0,0,0,0,0,0
11.100353,0,0,1,1,0,1,1,0,1
11.118985,1,0,0,0,1,0,0,0,0
11.127946,0,0,0,0,0,0,0,1,0
11.129274,0,0,0,0,0,0,0,0,1
11.136018,0,0,1,0,0,0,0,0,0
11.150873,0,1,0,1,0,1,0,0,0
11.155783,0,0,0,0,0,0,1,0,1
11.160199,0,0,1,0,0,0,0,0,0
11.168878,1,0,0,0,1,0,0,1,0
11.189485,0,1,1,0,0,0,0,0,0
11.198875,0,0,0,1,0,1,0,0,1
11.225502,0,0,0,0,0,0,1,0,0
11.236384,1,0,1,0,0,0,0,0,0
11.250541,0,0,0,1,0,1,1,0,0
11.264616,1,0,0,0,0,0,0,0,1
11.296815,0,0,1,0,1,1,0,1,1
11.300335,0,0,0,1,1,0,1,0,0
11.315035,1,0,0,0,1,0,0,1,0
11.315924,0,0,0,0,0,0,0,1,0
11.326815,0,1,1,0,0,0,0,0,0
11.341375,0,1,0,0,0,0,0,0,0
11.342846,0,1,0,0,0,0,0,0,0
11.346413,0,0,0,0,0,1,0,0,1
11.350376,0,0,0,1,0,0,1,0,0
11.361705,1,0,0,0,0,0,0,0,0
11.366538,0,0,0,0,1,0,0,1,0
11.383582,0,0,1,0,0,0,0,0,0
11.396466,0,1,0,0,0,1,0,0,0
11.397213,0,0,0,0,0,0,0,0,1
11.400465,0,0,0,1,0,0,0,0,0
11.428621,0,0,1,0,0,0,0,0,0
11.451643,0,0,0,1,0,1,1,0,1
11.456674,0,0,0,0,0,0,1,0,0
11.462704,1,0,0,0,0,0,0,0,0
11.465408,0,0,0,0,1,0,0,1,0
11.467432,1,0,0,0,0,0,0,0,0
11.491335,0,1,1,0,1,0,0,0,0
11.501766,0,0,0,1,0,1,0,1,0
11.504527,0,0,0,0,0,0,1,0,1
11.519608,1,0,0,0,1,0,0,1,0
11.524873,0,1,0,0,0,0,0,0,0
11.535269,0,0,1,0,0,0,0,0,0
11.548764,0,1,0,1,0,1,0,0,1
11.569194,0,0,0,0,0,0,1,0,0
11.578972,0,0,1,0,0,0,0,0,0
11.587863,1,0,0,0,1,0,0,1,0
11.596823,0,0,0,0,0,1,0,0,0
11.598684,0,0,0,1,0,0,0,0,0
11.601026,0,0,0,0,0,0,1,0,1
11.611252,1,1,0,0,1,0,0,1,0
11.631130,0,0,1,0,0,0,0,0,0
11.636227,0,1,0,0,0,0,0,0,0
11.650328,0,0,0,1,0,1,0,0,1
11.687338,0,0,1,0,0,0,0,0,0
11.698685,0,0,0,1,0,1,0,0,1
11.737677,0,0,1,0,0,0,0,0,0
11.746884,0,0,0,0,0,1,1,0,0
11.748067,0,0,0,1,0,0,1,0,1
11.756952,1,0,0,0,1,0,0,0,0
11.765449,1,0,0,0,0,0,0,0,0
11.773391,0,0,0,0,1,0,0,0,0
11.776837,0,0,0,0,0,0,1,0,0
11.787531,1,0,1,0,1,0,0,0,0
11.801254,0,0,0,1,0,1,1,1,0
11.819921,1,0,0,0,1,0,0,1,1
11.821795,0,1,0,0,0,0,0,1,0
11.849921,0,1,1,1,0,1,1,0,1
11.851286,0,1,0,0,0,0,0,1,0
11.869718,1,0,0,0,1,0,0,0,0
11.877889,0,1,0,0,0,0,0,0,0
11.878893,0,0,0,0,0,0,0,1,0
11.880314,0,0,1,0,0,0,0,0,0
11.896844,0,0,0,0,0,1,0,0,0
11.898101,0,0,0,1,0,0,0,0,0
11.902663,0,1,0,0,0,0,1,0,0
11.913413,1,0,0,0,1,0,0,0,0
11.915879,0,0,0,0,0,0,0,0,1
11.950492,0,0,1,1,0,1,0,0,0
12.001692,0,0,0,1,0,1,0,1,1
12.023654,0,1,0,0,0,0,0,0,0
12.032502,0,0,1,0,0,0,1,0,0
12.046939,1,0,0,0,0,1,1,0,1
12.051781,0,0,0,1,1,0,0,1,1
12.064004,1,0,0,0,1,0,1,1,0
12.077390,1,1,1,0,0,0,0,0,0
12.082953,0,0,1,0,0,0,0,0,0
12.087137,0,1,0,0,1,0,0,0,0
12.098621,0,0,0,1,0,1,1,0,0
12.116769,1,0,0,0,0,0,0,0,0
12.146120,0,0,0,0,0,1,0,0,0
12.150247,0,0,0,1,1,0,1,1,0
12.166549,1,0,0,0,1,0,0,1,0
12.168863,0,0,0,0,0,0,0,1,0
12.176130,0,1,0,0,0,0,0,0,1
12.193927,0,1,0,0,0,0,0,0,0
12.194980,0,1,0,0,0,0,0,0,0
12.198732,0,0,0,1,0,1,1,0,1
12.212489,1,0,1,0,0,0,0,0,1
12.226091,0,0,0,0,1,0,0,1,0
12.230679,0,0,1,0,0,0,0,0,0
12.249002,0,1,1,1,0,1,1,0,0
12.259002,1,0,0,0,1,0,0,0,0
12.298018,0,0,0,1,0,1,1,1,0
12.314600,1,0,0,0,1,0,0,0,0
12.327126,0,1,0,0,0,0,0,1,0
12.330735,0,0,0,0,0,0,0,0,1
12.347213,0,1,0,0,0,1,0,0,1
12.348568,0,0,0,1,0,0,1,0,1
12.364288,1,0,1,0,1,0,0,1,0
12.380204,0,0,1,0,0,0,0,0,0
12.382014,0,0,1,0,0,0,0,0,0
12.391745,0,1,0,0,0,0,0,0,0
12.400820,0,0,0,1,0,1,1,0,0
12.412141,1,0,0,0,1,0,0,1,0
12.434421,0,1,0,0,0,0,0,0,0
12.450933,0,0,0,1,0,1,1,0,0
12.462234,1,0,0,0,1,0,0,1,1
12.492234,0,1,1,0,0,0,0,0,0
12.496938,0,0,0,0,0,1,0,0,0
12.497134,0,0,0,0,0,0,0,0,1
12.500734,0,0,0,1,0,0,0,0,1
12.533863,0,0,1,0,0,0,1,0,0
12.537772,0,0,1,0,0,0,0,0,0
12.548844,1,0,0,1,1,1,1,1,0
12.560844,1,0,0,0,1,0,0,1,0
12.565530,0,0,0,0,0,0,0,0,1
12.574817,0,1,0,0,0,0,0,0,0
12.586025,0,1,0,0,0,0,0,0,0
12.599110,0,0,1,1,0,1,0,0,0
12.600110,0,0,0,0,0,0,0,0,1
12.630950,0,0,1,0,0,0,0,0,0
12.644565,0,0,0,0,0,0,1,0,0
12.651959,0,0,0,1,0,1,1,0,1
12.662771,1,0,0,0,1,0,0,1,0
12.667865,1,0,0,0,0,0,0,0,0
12.682155,0,0,1,0,1,0,0,1,0
12.683390,0,1,0,0,0,0,0,0,0
12.696664,0,0,0,0,0,1,0,0,1
12.701802,0,0,0,1,0,0,1,0,0
12.706749,0,1,0,0,0,0,0,0,0
12.712814,1,0,0,0,1,0,0,0,0
12.730834,0,0,1,0,0,0,0,1,0
12.746419,0,0,0,0,0,1,0,0,1
12.749438,0,0,0,1,0,0,1,0,0
12.760804,1,1,0,0,1,0,0,0,0
12.769388,0,0,0,0,0,0,0,1,0
12.783279,0,0,1,0,0,0,0,0,0
12.798981,0,1,0,1,0,1,1,0,0
12.811891,1,0,0,0,1,0,0,0,0
12.850139,0,0,0,1,0,1,0,0,0
12.896453,0,0,0,0,0,1,1,0,0
12.898475,0,0,0,1,0,0,1,1,0
12.916159,1,0,0,0,1,0,0,1,1
12.918475,1,1,0,0,1,0,0,0,1
12.929931,0,0,0,0,0,0,0,1,1
12.942172,0,1,0,0,0,0,0,0,0
12.946026,0,0,0,0,0,1,0,0,1
12.948260,0,0,1,1,0,0,0,0,0
12.952409,0,1,1,0,0,0,0,0,0
12.954501,0,0,0,0,0,0,1,0,0
12.961291,0,0,1,0,0,0,0,0,0
12.973792,1,0,0,0,1,0,0,0,0
12.985677,0,0,1,0,0,0,0,1,0
12.996722,0,0,0,0,0,1,0,0,1
13.001733,0,0,0,1,0,0,1,0,0
13.012547,1,1,0,0,0,0,0,0,0
13.017846,0,0,0,0,1,0,0,1,0
13.034682,0,0,1,0,0,0,0,0,0
13.043837,0,1,0,0,0,0,0,0,0
13.049678,0,0,0,1,0,1,1,0,1
13.062178,1,0,0,0,1,0,0,1,0
13.080430,0,0,1,0,0,0,0,0,0
13.089484,0,1,0,0,0,0,0,0,0
13.096723,0,0,0,0,0,1,0,0,1
13.098210,0,0,0,1,0,0,1,0,0
13.115340,1,0,0,0,0,0,0,0,0
13.128174,0,0,1,0,1,0,0,1,0
13.150094,0,1,0,1,0,1,1,0,0
13.168616,1,0,0,0,0,0,0,0,0
13.199261,0,0,0,1,1,1,0,1,0
13.228928,0,1,0,0,0,0,0,0,1
13.246765,0,0,0,0,0,1,0,0,1
13.248000,0,0,0,1,0,0,1,0,0
13.258418,1,0,0,0,0,0,0,0,0
13.264533,0,0,1,0,1,0,1,0,0
13.279705,1,0,1,0,0,0,0,0,1
13.301311,0,0,0,1,1,1,0,1,1
13.310088,0,0,1,0,0,0,1,0,0
13.320093,1,0,0,0,1,0,0,1,0
13.327595,0,1,0,0,0,0,0,0,0
13.340702,0,1,1,0,0,0,0,0,0
13.346245,0,0,0,0,0,1,0,1,0
13.349164,0,0,0,1,0,0,1,0,0
13.361075,1,0,0,0,1,0,0,0,1
13.371320,0,1,0,0,0,0,0,1,0
13.391175,0,0,1,0,0,0,0,0,0
13.398397,0,1,0,1,0,1,0,0,0
13.409449,0,0,0,0,0,0,0,0,1
13.416121,0,0,0,0,0,0,1,0,0
13.430047,1,0,0,0,0,0,0,0,0
13.449148,0,0,1,1,1,1,0,1,0
13.465576,0,0,0,0,0,0,1,0,1
13.478292,1,1,0,0,0,0,0,0,0
13.496733,0,0,1,0,1,1,0,0,1
13.500779,0,0,0,1,0,0,1,1,0
13.520779,1,1,0,0,0,0,0,0,0
13.524665,0,0,0,0,1,0,0,0,0
13.530886,0,0,1,0,0,0,0,1,0
13.549045,0,0,0,1,0,1,0,0,1
13.551928,0,1,0,0,0,0,0,0,0
13.585571,0,0,1,0,0,0,0,0,0
13.601274,0,0,0,1,0,1,0,0,0
13.646655,0,0,0,0,0,1,1,0,1
13.650715,0,0,0,1,0,0,1,0,1
13.662576,1,0,0,0,1,0,1,1,0
13.665006,1,0,0,0,1,0,0,0,0
13.681373,1,0,1,0,0,0,0,1,0
13.681902,0,0,1,0,1,0,0,1,0
13.690340,0,1,0,0,0,0,0,0,0
13.696320,0,0,0,0,0,1,0,0,1
13.699523,0,0,0,1,0,0,1,0,0
13.710125,1,1,0,0,1,0,0,0,0
13.711853,0,1,0,0,0,0,0,0,0
13.723662,0,0,0,0,0,0,0,1,0
13.734260,0,0,1,0,0,0,0,0,0
13.746131,0,1,0,0,0,1,0,0,1
13.751691,0,0,0,1,0,0,1,0,0
13.767034,1,0,0,0,1,0,0,0,0
13.782269,0,0,1,0,0,0,0,1,0
13.800192,0,0,0,1,0,1,1,0,0
13.801253,0,0,0,0,0,0,0,0,1
13.810416,1,1,0,0,0,0,0,0,0
13.833373,0,0,1,0,0,0,0,0,0
13.851611,0,0,0,1,1,1,1,1,1
13.871611,1,1,0,0,1,0,0,0,0
13.888991,0,0,1,0,0,0,0,1,0
13.901047,0,0,0,1,0,1,0,0,0
13.909006,0,1,0,0,0,0,0,0,0
13.946529,0,0,0,0,0,1,1,0,1
13.947196,0,0,0,0,0,0,0,0,1
13.948772,0,0,0,1,0,0,1,0,0
13.960680,1,0,0,0,1,0,0,0,0
13.964118,1,0,0,0,0,0,0,1,0
13.986232,0,1,1,0,1,0,0,0,0
13.986920,0,0,1,0,0,0,0,1,0
13.996511,0,0,0,0,0,1,0,0,1
13.998962,0,0,0,1,0,0,0,0,0
14.015840,0,1,0,0,0,0,0,0,0
14.028152,0,0,1,0,0,0,0,0,0
14.046853,0,0,0,0,0,1,1,0,1
14.051016,0,0,0,1,0,0,1,0,0
14.061874,1,0,0,0,1,0,0,1,0
14.070122,1,0,0,0,1,0,0,0,0
14.079998,0,0,1,0,0,0,0,1,0
14.083552,0,1,0,0,0,0,0,0,0
14.098836,0,0,0,1,0,1,1,0,0
14.109102,1,1,0,0,0,0,0,0,0
14.149353,0,0,0,1,0,1,0,0,1
14.150928,0,0,0,0,1,0,0,0,1
14.168783,0,0,0,0,0,0,1,0,0
14.186851,1,0,1,0,1,0,0,0,0
14.188257,0,0,1,0,0,0,0,0,0
14.199099,0,0,0,1,0,1,1,1,0
14.212504,1,0,0,0,0,0,0,1,1
14.223936,0,1,0,0,0,0,0,0,0
14.238223,0,1,0,0,0,0,0,0,0
14.250238,0,0,1,1,1,1,1,1,1
14.270238,1,1,0,0,1,0,0,1,0
14.290238,0,1,1,0,0,0,0,0,0
14.299187,0,0,0,1,0,1,0,0,0
14.349430,0,0,0,1,0,1,1,0,0
14.369251,1,0,0,0,0,0,1,0,1
14.374043,0,0,0,0,1,0,0,1,0
14.380377,1,0,0,0,0,0,0,0,0
14.388779,0,0,0,0,1,0,0,1,0
14.396836,0,1,0,0,0,1,0,0,1
14.401656,0,0,1,1,0,0,1,0,1
14.416340,1,1,0,0,0,0,0,0,0
14.432277,0,0,1,0,1,0,0,1,0
14.437228,0,0,1,0,0,0,0,0,0
14.449803,0,0,0,1,0,1,0,0,1
14.454655,0,1,0,0,0,0,0,0,0
14.487713,0,0,1,0,0,0,0,0,0
14.499297,0,0,0,1,0,1,1,0,1
14.511292,1,0,0,0,1,0,0,1,0
14.529940,0,0,1,0,0,0,0,0,0
14.536379,0,1,0,0,0,0,0,0,0
14.550769,0,0,0,1,0,1,1,0,1
14.564665,1,0,0,0,1,0,1,0,0
14.582936,1,0,1,0,0,0,0,0,0
14.598437,0,0,0,1,0,1,0,1,0
14.622327,0,1,0,0,0,0,0,0,1
14.646585,0,0,0,0,1,1,1,1,0
14.648000,0,0,0,1,0,0,0,0,1
14.655026,0,0,1,0,0,0,0,0,0
14.666585,1,1,0,0,1,0,0,1,0
14.686818,0,1,1,0,0,0,1,0,0
14.700800,1,0,0,1,1,1,1,1,1
14.715702,1,0,0,0,1,0,0,1,0
14.722531,0,1,0,0,0,0,0,0,0
14.734257,0,0,1,0,0,0,0,0,0
14.738555,0,1,0,0,0,0,0,0,0
14.746759,0,0,0,0,0,1,0,0,0
14.747359,0,0,0,0,0,0,0,0,1
14.751072,0,0,0,1,0,0,0,0,0
14.780344,0,0,1,0,0,0,1,0,0
14.796646,1,0,0,0,1,1,0,1,0
14.799443,0,0,0,1,0,0,0,0,0
14.824264,0,1,0,0,0,0,1,0,0
14.843382,1,0,0,0,1,0,0,1,1
14.846774,0,0,0,0,0,1,0,0,0
14.848848,0,0,0,1,0,0,1,0,0
14.859488,1,0,0,0,0,0,0,0,1
14.868932,0,1,0,0,1,0,0,0,0
14.870543,0,0,0,0,0,0,0,1,0
14.874247,0,0,1,0,0,0,0,0,0
14.898919,0,1,1,1,0,1,1,0,0
14.915278,1,0,0,0,1,0,0,0,0
14.929340,0,0,0,0,0,0,0,1,0
14.948058,0,0,0,1,0,1,1,0,1
14.958980,1,1,0,0,1,0,0,1,1
14.987361,0,1,1,0,0,0,0,0,0
14.998466,0,0,1,1,0,1,0,0,1
15.031072,0,0,1,0,0,0,0,0,0
15.046980,0,0,0,0,0,1,0,0,0
15.051574,0,0,0,1,0,0,1,0,0
15.065984,1,0,0,0,1,0,1,0,1
15.079059,1,0,0,0,1,0,0,0,0
15.096176,0,0,1,0,0,1,0,1,0
15.098295,0,0,0,1,0,0,1,0,0
15.112205,1,0,0,0,1,0,0,1,0
15.119232,0,1,0,0,0,0,0,0,0
15.124997,0,0,0,0,0,0,0,0,1
15.132688,0,1,0,0,0,0,0,0,0
15.150933,0,0,0,1,0,1,0,1,1
15.153227,0,0,0,0,0,0,1,0,0
15.158870,0,0,1,0,0,0,0,0,0
15.167068,1,0,0,0,1,0,0,1,0
15.171745,0,1,0,0,0,0,0,0,0
15.182250,0,0,1,0,0,0,0,0,0
15.196168,0,1,0,0,0,1,0,0,1
15.199581,0,0,0,1,0,0,0,0,0
15.231000,0,0,1,0,0,0,1,0,0
15.248280,1,0,0,1,1,1,0,1,0
15.277162,0,1,0,0,0,0,1,0,0
15.288150,1,0,0,0,0,0,0,0,0
15.301863,0,0,0,1,1,1,1,0,1
15.312086,1,0,0,0,0,0,0,0,0
15.336833,0,0,1,0,1,0,0,1,0
15.350163,0,0,0,1,0,1,1,1,0
15.363975,1,1,0,0,1,0,0,0,0
15.379272,0,1,0,0,0,0,0,1,0
15.400931,0,1,0,1,0,1,1,0,0
15.413631,1,0,0,0,0,0,0,0,0
15.451758,0,0,0,1,1,1,0,1,0
15.475667,0,1,0,0,0,0,0,0,0
15.499447,0,0,0,1,0,1,1,0,1
15.516980,1,0,0,0,0,0,0,0,0
15.530816,0,0,1,0,1,0,0,0,0
15.546677,0,0,0,0,0,1,0,1,0
15.547672,0,0,0,0,0,0,1,0,1
15.549499,0,0,0,1,0,0,0,0,0
15.564861,1,0,0,0,1,0,1,0,1
15.565794,0,0,0,0,0,0,0,1,1
15.575610,1,1,0,0,1,0,0,1,0
15.586673,0,1,1,0,0,0,0,0,0
15.595756,0,1,1,0,0,0,0,0,1
15.595775,0,0,0,0,0,0,0,0,1
15.600550,0,0,1,1,0,1,1,0,1
15.617045,1,0,0,0,0,0,0,0,0
15.628228,0,0,1,0,1,0,0,0,0
15.633735,0,0,1,0,0,0,0,1,0
15.638315,0,0,1,0,0,0,0,0,0
15.651457,0,0,0,1,0,1,0,0,1
15.653879,0,1,0,0,0,0,0,0,0
15.672604,0,0,0,0,0,0,1,0,0
15.687732,1,0,1,0,1,0,0,1,0
15.701528,0,0,0,1,0,1,1,0,1
15.716253,1,1,0,0,1,0,0,1,0
15.733206,0,0,1,0,0,0,0,0,0
15.746027,0,1,0,0,0,1,0,0,1
15.749149,0,0,0,1,0,0,0,0,0
15.756168,0,0,0,0,0,0,1,0,0
15.776076,1,0,1,0,1,0,0,0,0
15.798651,0,0,0,1,0,1,0,1,1
15.825326,0,1,0,0,0,0,1,0,0
15.830125,0,0,1,0,0,0,0,0,0
15.838603,1,0,0,0,1,0,0,0,0
15.846484,0,0,0,0,0,1,0,0,1
15.850864,0,0,0,1,0,0,0,0,0
15.885994,0,0,1,0,0,0,1,1,0
15.899327,1,0,0,1,1,1,1,1,1
15.906105,0,1,0,0,0,0,0,0,0
15.919327,1,1,0,0,1,0,0,1,0
15.936231,0,0,1,0,0,0,0,0,0
15.949232,0,1,0,1,0,1,1,0,1
15.963019,1,0,0,0,1,0,0,0,0
15.980211,0,0,1,0,0,0,0,0,0
15.996355,0,0,0,0,0,1,0,1,0
15.999172,0,0,0,1,0,0,1,0,0
16.018129,1,1,0,0,1,0,0,1,1
16.048129,0,1,1,1,0,1,0,0,1
16.087256,0,0,1,0,0,0,1,0,0
16.099556,1,0,0,1,1,1,0,0,0
16.146642,0,0,0,0,0,1,0,1,1
16.147535,0,0,0,0,0,0,1,0,1
16.148776,0,0,0,1,0,0,0,0,0
16.167274,1,1,0,0,1,0,0,0,0
16.184147,0,0,1,0,0,0,1,0,0
16.185548,0,0,1,0,0,0,0,1,0
16.196723,1,0,0,0,1,1,0,1,1
16.198798,0,0,0,1,0,0,1,0,0
16.206281,0,1,0,0,0,0,0,0,0
16.213919,1,0,0,0,0,0,0,0,0
16.219353,0,1,0,0,0,0,0,0,0
16.232781,0,0,1,0,1,0,0,1,0
16.250682,0,0,0,1,0,1,0,0,1
16.258549,0,1,0,0,0,0,0,0,0
16.283915,0,0,1,0,0,0,1,0,0
16.296806,1,0,0,0,1,1,0,0,1
16.299414,0,0,0,1,0,0,1,0,0
16.306085,0,0,0,0,0,0,0,1,0
16.311012,1,0,0,0,1,0,0,1,0
16.328892,0,1,1,0,0,0,0,0,0
16.334278,0,1,0,0,0,0,0,0,0
16.349111,0,0,0,1,0,1,1,0,1
16.368839,1,0,0,0,1,0,0,0,0
16.381338,0,0,1,0,0,0,0,1,0
16.396928,0,0,0,0,0,1,0,0,0
16.398604,0,0,0,1,0,0,1,0,0
16.408753,1,1,0,0,0,0,0,0,1
16.448118,0,0,1,1,0,1,0,0,1
16.487234,0,0,1,0,1,0,0,0,0
16.496680,0,0,0,0,0,1,0,0,1
16.499834,0,0,0,1,0,0,1,0,0
16.514411,1,0,0,0,1,0,0,1,0
16.535548,0,1,1,0,0,0,0,0,0
16.549362,0,0,0,1,0,1,0,0,0
16.570782,0,0,0,0,0,0,1,1,1
16.590782,1,1,0,0,0,0,0,0,0
16.599241,0,0,0,1,0,1,0,0,0
16.599989,0,0,0,0,1,0,1,0,0
16.610547,1,0,1,0,1,0,0,1,1
16.640547,0,1,1,0,0,0,0,1,0
16.649285,0,0,0,1,0,1,0,0,1
16.666653,0,1,0,0,0,0,1,0,0
16.678237,1,0,0,0,0,0,0,0,0
16.679053,0,0,0,0,1,0,0,1,0
16.688345,0,0,1,0,0,0,0,0,0
16.701103,0,1,0,1,0,1,1,0,1
16.702215,0,0,0,0,0,0,1,0,0
16.716432,1,0,0,0,1,0,0,1,0
16.720086,1,0,0,0,1,0,0,0,0
16.739872,0,1,1,0,0,0,0,1,0
16.748475,0,0,0,1,0,1,1,0,0
16.758802,1,0,0,0,1,0,0,1,0
16.759291,0,0,0,0,0,0,0,0,1
16.768412,0,1,0,0,0,0,0,0,0
16.788491,0,1,0,0,0,0,0,0,0
16.798607,0,0,1,1,0,1,1,0,0
16.811854,1,0,0,0,0,0,0,0,1
16.843502,0,0,1,0,1,0,0,1,0
16.851830,0,0,0,1,0,1,0,0,0
16.868148,0,1,0,0,0,0,1,0,1
16.880724,1,0,0,0,1,0,0,1,0
16.901032,0,1,1,1,0,1,0,0,1
16.937142,0,0,1,0,0,0,1,0,0
16.947217,1,0,0,0,1,1,0,0,0
16.947608,0,0,0,0,0,0,0,1,1
16.950762,0,0,0,1,0,0,0,0,0
16.977608,0,1,1,0,0,0,0,0,0
16.989210,0,0,0,0,0,0,1,0,0
16.998107,0,0,0,1,0,1,1,0,0
16.999065,0,0,0,0,0,0,0,0,1
17.001740,1,0,0,0,1,0,0,1,0
17.011743,1,0,0,0,1,0,0,1,0
17.023739,0,1,0,0,0,0,0,0,0
17.030078,0,0,1,0,0,0,0,0,0
17.036481,0,1,0,0,0,0,0,0,0
17.046901,0,0,0,0,0,1,0,0,0
17.047040,0,0,0,0,0,0,0,0,1
17.051339,0,0,0,1,0,0,1,0,0
17.069347,1,0,0,0,1,0,0,0,0
17.085948,0,0,1,0,0,0,0,0,0
17.099017,0,0,0,1,0,1,1,1,0
17.112633,1,0,0,0,0,0,0,0,1
17.115780,0,0,0,0,1,0,0,0,0
17.123147,0,1,0,0,0,0,0,0,0
17.144706,0,0,1,0,0,0,0,1,0
17.146021,0,0,0,0,0,1,0,0,0
17.148201,0,0,0,1,0,0,0,0,1
17.170235,0,1,0,0,0,0,1,0,0
17.182615,1,0,1,0,0,0,0,0,0
17.201282,0,0,0,1,1,1,0,0,0
17.250457,0,0,0,1,0,1,1,1,0
17.270457,1,1,0,0,1,0,0,0,1
17.296923,0,0,0,0,0,1,0,0,1
17.299423,0,0,0,1,0,0,0,0,0
17.301820,0,0,1,0,0,0,0,1,1
17.324034,0,1,0,0,0,0,0,0,0
17.332630,0,0,1,0,0,0,0,0,0
17.335970,0,0,1,0,0,0,0,0,0
17.350625,0,0,0,1,0,1,0,0,1
17.352840,0,0,0,0,0,0,1,0,0
17.371971,1,0,0,0,1,0,0,0,0
17.382329,0,0,1,0,0,0,0,0,0
17.396641,0,0,0,0,0,1,1,1,1
17.401240,0,0,0,1,0,0,1,0,0
17.416641,1,1,0,0,0,0,0,0,0
17.419647,1,0,0,0,1,0,0,1,0
17.425394,0,0,0,0,1,0,0,0,0
17.434463,0,0,1,0,0,0,0,0,0
17.440089,0,1,0,0,0,0,1,0,0
17.450264,1,0,0,1,0,1,0,0,1
17.456224,0,0,0,0,1,0,0,0,0
17.461870,0,0,0,0,0,0,1,0,0
17.475299,1,0,0,0,0,0,0,1,0
17.488220,0,0,1,0,0,0,0,0,0
17.500448,0,1,0,1,0,1,0,0,1
17.538331,0,0,1,0,1,0,0,1,0
17.546668,0,0,0,0,0,1,0,0,0
17.547551,0,0,0,0,0,0,0,1,0
17.547775,0,0,0,0,0,0,1,0,1
17.549010,0,0,0,1,0,0,0,0,0
17.558000,1,0,0,0,1,0,1,1,0
17.563367,0,1,0,0,0,0,0,0,0
17.568432,1,1,0,0,1,0,0,1,0
17.578627,0,1,1,0,0,0,0,0,0
17.596273,0,1,0,0,0,1,0,0,0
17.599402,0,0,0,1,0,0,1,0,0
17.618932,1,0,0,0,0,0,0,0,0
17.646722,0,0,0,0,1,1,0,0,0
17.650905,0,0,0,1,0,0,1,1,1
17.664556,1,0,0,0,1,0,0,1,1
17.676177,0,1,0,0,0,0,0,0,0
17.687348,0,1,1,0,0,0,0,0,0
17.696548,0,0,1,0,0,1,0,0,1
17.701747,0,0,0,1,0,0,1,0,0
17.721426,1,0,0,0,1,0,0,1,0
17.733094,0,0,1,0,0,0,0,0,0
17.750198,0,1,0,1,0,1,0,0,1
17.780198,0,0,1,0,0,0,0,0,0
17.787572,0,0,0,0,0,0,1,0,0
17.799957,1,0,0,1,1,1,1,0,1
17.805357,0,0,0,0,0,0,0,1,0
17.811102,1,0,0,0,1,0,0,0,0
17.828899,0,1,0,0,0,0,0,1,0
17.836739,0,0,1,0,0,0,0,0,0
17.848256,0,0,0,1,0,1,1,0,0
17.858880,1,1,0,0,1,0,0,1,0
17.887957,0,1,0,0,0,0,0,0,0
17.898690,0,0,0,1,0,1,0,0,1
17.937877,0,0,1,0,0,0,1,0,1
17.950839,1,0,0,1,1,1,1,1,0
17.963616,1,0,0,0,1,0,0,1,1
17.968255,0,0,1,0,0,0,0,0,0
17.975345,0,1,0,0,0,0,0,0,0
17.993616,0,1,1,0,0,0,0,0,0
17.998812,0,0,0,1,0,1,0,0,0
18.048538,0,0,0,1,0,1,0,0,1
18.088404,0,0,1,0,0,0,1,0,0
18.092483,0,0,0,0,0,0,0,0,1
18.101239,1,0,0,1,0,1,0,0,0
18.120822,0,0,0,0,1,0,1,1,0
18.131959,1,0,1,0,0,0,1,0,0
18.146148,1,1,0,0,1,1,0,0,0
18.151661,0,0,0,1,0,0,0,0,0
18.196488,0,0,0,0,1,1,0,1,1
18.198390,0,0,0,1,0,0,0,0,1
18.202485,0,0,0,0,0,0,1,0,0
18.220016,1,1,0,0,1,0,1,0,1
18.235571,1,0,1,0,1,0,0,1,0
18.237168,0,0,1,0,0,0,0,0,0
18.250799,0,0,1,1,0,1,1,1,1
18.257028,0,1,0,0,0,0,0,0,0
18.258565,0,0,0,0,0,0,0,1,0
18.270799,1,1,0,0,0,0,0,0,0
18.278565,0,1,0,0,1,0,0,1,0
18.289233,0,0,1,0,0,0,0,0,0
18.296467,0,0,0,0,0,1,0,0,0
18.297436,0,0,0,0,0,0,0,0,1
18.299252,0,1,0,1,0,0,1,0,0
18.311939,1,0,0,0,1,0,0,0,0
18.333288,0,0,1,0,0,0,0,1,0
18.346386,0,0,0,0,0,1,0,0,0
18.351406,0,0,0,1,0,0,0,0,0
18.363050,0,1,0,0,0,0,0,0,0
18.401385,0,0,0,1,0,1,0,0,1
18.423551,0,0,0,0,0,0,0,0,1
18.429330,0,0,0,0,0,0,1,0,0
18.430360,0,0,0,0,0,0,1,0,0
18.439702,1,0,1,0,1,0,0,0,0
18.449743,1,0,0,1,1,1,1,1,1
18.463218,1,0,1,0,0,0,0,1,0
18.467400,0,0,0,0,1,0,0,1,0
18.476302,0,1,0,0,0,0,0,0,0
18.481029,0,0,1,0,0,0,0,0,0
18.488138,0,1,0,0,0,0,0,0,0
18.496716,0,1,0,0,0,1,0,0,0
18.500959,0,0,0,1,0,0,1,0,1
18.519917,1,0,0,0,0,0,0,0,0
18.524308,0,0,0,0,1,0,0,0,0
18.527610,0,0,0,0,0,0,0,1,0
18.539788,0,0,1,0,0,0,0,0,0
18.550691,0,1,0,1,0,1,1,0,1
18.562101,1,0,0,0,0,0,0,0,0
18.579017,0,0,0,0,1,0,0,1,0
18.585800,0,0,1,0,0,0,0,0,0
18.598017,0,0,0,1,0,1,1,0,0
18.608112,1,1,0,0,0,0,0,0,0
18.646439,0,0,0,0,0,1,0,0,0
18.649544,0,0,0,1,1,0,1,1,1
18.652155,0,0,0,0,0,0,0,0,1
18.660224,1,0,0,0,0,0,0,0,0
18.679544,0,1,1,0,1,0,0,0,0
18.691218,0,0,1,0,0,0,0,1,0
18.700773,0,0,0,1,0,1,1,0,1
18.714801,1,1,0,0,1,0,0,1,0
18.732925,0,0,1,0,0,0,0,0,0
18.737790,0,1,0,0,0,0,0,0,0
18.746117,0,0,0,0,0,1,0,0,0
18.750778,0,0,0,1,0,0,1,0,0
18.762494,1,0,0,0,1,0,0,0,1
18.801674,0,0,1,1,0,1,1,0,0
18.820574,1,0,0,0,1,0,0,1,1
18.848508,0,1,0,1,0,1,1,0,0
18.859569,1,0,1,0,1,0,0,1,0
18.882282,0,1,0,0,0,0,0,1,1
18.900997,0,0,0,1,0,1,1,0,0
18.905022,0,1,0,0,0,0,0,0,0
18.914897,1,0,1,0,0,0,0,0,1
18.950972,0,0,1,1,1,1,0,0,0
18.996314,0,0,0,0,0,1,1,1,0
19.001679,0,0,0,1,0,0,0,0,0
19.014549,1,0,0,0,1,0,0,0,1
19.021088,0,1,0,0,0,0,1,1,1
19.039874,1,0,0,0,0,0,0,0,0
19.050966,0,1,1,1,0,1,0,0,0
19.059857,0,0,1,0,0,0,1,0,1
19.077714,1,0,0,0,0,0,0,0,0
19.094341,0,0,1,0,1,0,0,0,0
19.099719,0,0,0,1,1,1,1,1,0
19.119719,1,1,0,0,0,0,0,1,0
19.146531,0,1,0,0,1,1,0,0,1
19.148176,0,0,0,1,0,0,0,1,0
19.178019,0,1,1,0,0,0,1,0,0
19.198013,1,0,0,1,0,1,0,0,0
19.217603,0,0,0,0,0,0,1,0,1
19.219933,0,0,0,0,1,0,0,1,1
19.236170,1,0,0,0,1,0,0,0,0
19.248000,0,1,1,1,0,1,1,1,0
19.258059,1,0,1,0,0,0,0,0,0
19.264654,0,0,0,0,1,0,0,0,1
19.266169,0,0,0,0,0,0,0,1,0
19.269699,0,1,0,0,0,0,0,0,0
19.296084,0,1,1,0,0,1,0,0,0
19.298820,0,0,0,1,0,0,1,0,0
19.318404,1,0,0,0,1,0,0,1,1
19.346948,0,1,0,0,0,1,0,0,0
19.348070,0,0,0,1,0,0,0,0,0
19.348237,0,0,0,0,0,0,1,0,1
19.358395,1,0,1,0,1,0,0,0,0
19.387139,0,0,1,0,0,0,0,1,0
19.401406,0,0,0,1,0,1,1,0,0
19.416756,1,1,0,0,1,0,0,1,1
19.440686,0,1,0,0,0,0,0,0,0
19.449226,0,0,1,1,0,1,0,0,0
19.496728,0,0,0,0,0,1,0,0,1
19.497630,0,0,0,0,0,0,1,0,1
19.500179,0,0,0,1,0,0,1,0,0
19.512630,1,0,0,0,1,0,0,1,0
19.514140,1,0,0,0,1,0,0,0,0
19.531353,0,0,1,0,0,0,0,0,0
19.533958,0,1,1,0,0,0,0,1,0
19.550724,0,0,0,1,0,1,0,0,0
19.557170,0,1,0,0,0,0,1,0,1
19.574562,1,0,0,0,0,0,0,0,0
19.590224,0,0,1,0,0,0,0,0,0
19.600147,0,0,0,1,1,1,1,0,0
19.616140,1,0,0,0,1,0,0,0,0
19.646321,0,0,0,0,0,1,0,0,1
19.648242,0,0,0,1,0,0,1,0,1
19.651962,0,0,0,0,0,0,0,1,0
19.661677,1,0,0,0,1,0,0,1,0
19.676745,0,1,1,0,0,0,0,1,0
19.681916,0,1,1,0,0,0,0,0,0
19.696311,0,0,0,0,0,1,0,0,0
19.696528,0,0,0,0,0,0,0,0,1
19.699870,0,1,0,1,0,0,0,0,0
19.732659,0,0,1,0,0,0,0,0,0
19.751659,0,0,0,1,0,1,0,0,1
19.783576,0,0,1,0,0,0,1,0,0
19.801864,1,0,0,1,1,1,0,0,1
19.812976,0,0,0,0,0,0,0,1,0
19.840380,0,1,1,0,0,0,0,0,0
19.851296,0,0,0,1,0,1,1,0,1
19.853756,0,0,0,0,0,0,1,0,0
19.865299,1,0,0,0,1,0,1,1,0
19.870594,1,0,0,0,1,0,0,0,0
19.873400,0,0,0,0,0,0,0,1,0
19.881381,1,0,1,0,0,0,0,0,0
19.882759,0,0,0,0,1,0,0,1,0
19.890722,0,1,0,0,0,0,0,0,0
19.896563,0,1,0,0,0,1,0,0,1
19.899274,0,0,0,1,0,0,1,0,0
19.906999,0,1,0,0,0,0,0,0,0
19.911718,1,0,0,0,0,0,0,0,0
19.917242,0,0,0,0,1,0,0,1,0
19.926674,0,0,1,0,0,0,0,0,0
19.940184,0,1,0,0,0,0,0,0,0
19.950831,0,0,0,1,0,1,1,0,0
19.963051,1,0,0,0,1,0,0,1,1
19.989635,0,1,0,0,0,0,0,0,0
19.999767,0,0,1,1,0,1,0,0,1
20.035832,0,0,1,0,0,0,1,0,0
20.049585,1,0,0,1,1,1,0,0,1
20.075759,0,0,0,0,0,0,0,1,0
20.077103,0,0,0,0,0,0,1,0,0
20.083352,0,0,1,0,0,0,0,0,0
20.096897,1,1,0,0,1,1,0,1,1
20.101091,0,0,0,1,0,0,1,0,0
20.114286,1,0,0,0,1,0,0,0,0
20.115450,0,0,0,0,0,0,0,1,0
20.126897,0,1,1,0,0,0,0,0,0
20.138324,0,1,0,0,0,0,0,0,0
20.151608,0,0,0,1,0,1,1,0,0
20.161958,1,0,0,0,0,0,0,0,1
20.201589,0,0,1,1,0,1,0,0,1
20.231589,0,0,1,0,1,0,1,1,0
20.244659,1,0,0,0,0,0,0,0,0
20.248758,0,0,0,1,1,1,1,0,0
20.260852,1,1,0,0,0,0,0,0,1
20.291976,0,0,1,0,1,0,0,0,0
20.296000,0,0,0,0,0,1,0,0,1
20.297000,0,0,0,0,0,0,0,1,0
20.300931,0,0,0,1,0,0,0,1,0
20.306483,0,0,0,0,0,0,1,0,0
20.316546,1,0,0,0,1,0,0,0,0
20.316773,0,0,0,0,0,0,0,1,0
20.317242,0,1,0,0,0,0,0,0,0
20.324984,0,1,0,0,0,0,0,0,0
20.334408,0,0,1,0,0,0,0,0,0
20.346206,0,1,0,0,0,1,0,0,1
20.348415,0,0,0,1,0,0,0,0,0
20.351332,0,0,0,0,0,0,1,0,0
20.364570,1,0,0,0,1,0,0,0,0
20.383017,0,0,1,0,0,0,0,1,0
20.401423,0,0,0,1,0,1,1,0,0
20.403285,0,1,0,0,0,0,0,0,1
20.417137,1,0,0,0,0,0,0,0,0
20.419837,0,0,0,0,1,0,0,1,0
20.434673,0,0,1,0,0,0,0,0,0
20.449414,0,1,0,1,0,1,0,0,0
20.499867,0,0,0,1,0,1,1,0,0
20.514533,1,0,0,0,0,0,1,0,0
20.519735,0,0,0,0,1,0,0,1,0
20.531702,1,0,0,0,0,0,0,0,0
20.541851,0,1,0,0,1,0,0,1,1
20.551203,0,0,0,1,0,1,1,0,1
20.563044,1,1,0,0,1,0,0,1,1
20.572094,0,0,1,0,0,0,0,0,0
20.581433,0,0,1,0,0,0,0,0,0
20.593044,0,1,1,0,0,0,0,0,0
20.600078,0,0,0,1,0,1,0,0,0
20.646794,0,0,0,0,0,1,1,0,0
20.651398,0,0,0,1,0,0,0,0,0
20.659071,1,0,0,0,1,0,0,1,0
20.679980,0,1,0,0,0,0,0,0,0
20.700540,0,0,0,1,0,1,0,0,0
20.748777,0,0,0,1,0,1,1,0,1
20.767340,1,0,0,0,1,0,0,0,0
20.769393,0,0,0,0,0,0,1,0,1
20.774413,0,0,0,0,0,0,0,1,1
20.783462,1,0,1,0,1,0,1,1,1
20.801937,1,1,1,1,0,1,1,0,0
20.803554,0,1,0,0,0,0,0,0,1
20.809524,0,0,1,0,1,0,0,0,0
20.810642,0,0,0,0,0,0,0,1,0
20.811943,1,0,0,0,1,0,0,0,0
20.822433,0,0,1,0,0,0,0,1,0
20.831598,0,1,0,0,0,0,0,0,0
20.834766,0,0,1,0,0,0,0,0,0
20.843064,0,1,0,0,0,0,0,0,0
20.846567,0,0,0,0,0,1,0,0,1
20.849894,0,0,0,1,0,0,1,0,0
20.860582,1,0,0,0,1,0,0,1,0
20.878689,0,0,1,0,0,0,0,0,0
20.880765,0,1,0,0,0,0,0,0,0
20.896925,0,0,0,0,0,1,0,0,1
20.901266,0,0,0,1,0,0,1,0,0
20.914006,1,0,0,0,1,0,0,1,0
20.928446,0,0,1,0,0,0,0,0,0
20.940843,0,1,0,0,0,0,0,0,0
20.951348,0,0,0,1,0,1,1,0,0
20.964913,1,0,0,0,0,0,0,0,0
20.980457,0,0,0,0,1,0,0,1,1
20.996079,0,0,0,0,0,1,0,0,0
20.997061,0,0,0,0,0,0,0,0,1
21.000634,0,1,0,1,0,0,0,0,0
21.012551,0,0,1,0,0,0,1,0,0
21.031642,1,0,1,0,0,0,0,0,0
21.051229,0,0,0,1,1,1,0,1,0
21.072503,0,1,0,0,0,0,0,0,0
21.098817,0,0,0,1,0,1,1,0,0
21.112150,1,0,0,0,1,0,1,1,0
21.125291,1,0,0,0,1,0,0,0,1
21.127836,0,0,0,0,0,0,0,0,1
21.129543,0,0,0,0,0,0,0,1,0
21.135089,0,1,0,0,0,0,0,0,0
21.150157,0,1,0,1,0,1,0,0,1
21.153979,0,0,0,0,0,0,1,0,0
21.164991,1,0,1,0,1,0,0,0,0
21.167035,0,0,1,0,0,0,0,1,0
21.181112,0,0,1,0,0,0,0,0,0
21.196657,0,1,0,0,0,1,0,0,0
21.200509,0,0,0,1,0,0,1,0,0
21.215034,1,0,0,0,1,0,0,1,0
21.226155,0,0,0,0,0,0,0,0,1
21.237643,0,1,0,0,0,0,0,0,0
21.249782,0,0,0,1,0,1,1,0,0
21.258594,0,0,1,0,0,0,0,0,0
21.266313,1,0,0,0,0,0,0,0,0
21.296315,0,0,0,0,0,1,0,0,0
21.298426,0,0,0,1,0,0,0,0,0
21.335756,0,0,0,0,0,0,1,0,1
21.346981,1,0,0,0,0,1,0,0,1
21.350526,0,0,0,1,0,0,1,0,0
21.368275,1,0,1,0,1,0,0,1,0
21.375216,0,0,0,0,1,0,0,0,0
21.381981,0,0,1,0,0,0,0,1,0
21.396973,0,1,0,0,1,1,0,1,1
21.398877,0,0,0,1,0,0,0,0,0
21.399980,0,0,0,0,0,0,1,0,1
21.410700,1,1,0,0,1,0,0,1,0
21.421198,0,1,0,0,0,0,0,0,0
21.431082,0,1,1,0,0,0,0,0,0
21.438871,0,0,1,0,0,0,0,0,0
21.450509,0,0,0,1,0,1,1,0,1
21.464041,1,0,0,0,1,0,0,1,0
21.488110,0,1,1,0,0,0,0,0,0
21.501009,0,0,0,1,0,1,0,0,0
21.549785,0,0,0,1,0,1,1,0,0
21.565574,1,0,0,0,0,0,0,0,1
21.601211,0,0,1,1,1,1,0,0,1
21.635505,0,0,1,0,0,0,0,0,0
21.637812,0,0,0,0,0,0,0,1,1
21.648640,0,0,0,1,0,1,1,0,1
21.667812,1,1,1,0,1,0,1,0,0
21.678136,1,0,0,0,1,0,1,1,0
21.684889,0,0,1,0,0,0,0,0,0
21.698136,1,1,0,1,0,1,1,0,1
21.710450,1,0,0,0,1,0,0,1,0
21.737545,0,1,1,0,1,0,0,0,0
21.746339,0,0,0,0,0,1,0,0,1
21.747037,0,0,0,0,0,0,0,1,0
21.747519,0,0,0,0,0,0,0,1,0
21.748780,0,0,0,1,0,0,0,0,0
21.770970,0,1,0,0,0,0,0,0,0
21.776541,0,1,1,0,0,0,0,0,0
21.796709,0,0,0,0,0,1,0,0,0
21.797078,0,0,0,0,0,0,1,0,1
21.798612,0,0,0,1,0,0,0,0,0
21.812902,1,0,0,0,1,0,0,1,0
21.833742,0,1,1,0,0,0,1,0,0
21.844177,1,0,0,0,0,0,0,0,0
21.849478,0,0,0,1,0,1,1,0,1
21.865275,1,0,0,0,1,0,0,0,0
21.886682,0,0,1,0,0,0,0,1,0
21.896916,0,0,0,0,1,1,0,0,1
21.901466,0,0,0,1,0,0,0,1,0
21.911079,0,1,0,0,0,0,1,0,0
21.921172,1,0,0,0,1,0,0,1,0
21.931325,0,1,1,0,0,0,0,0,0
21.941295,0,1,0,0,0,0,0,0,0
21.951463,0,0,0,1,0,1,1,0,0
21.968505,1,0,0,0,1,0,0,0,0
21.978938,0,0,0,0,0,0,0,1,1
21.998292,0,0,0,1,0,1,1,0,1
22.008938,1,1,1,0,1,0,0,0,0
22.024186,0,0,0,0,0,0,0,1,0
22.034947,0,0,1,0,0,0,0,0,0
22.046602,0,1,0,0,0,1,0,0,0
22.049712,0,0,0,1,0,0,1,0,1
22.061640,1,0,0,0,1,0,0,0,0
22.074661,0,0,0,0,0,0,0,1,0
22.080121,0,0,1,0,0,0,0,0,0
22.098910,0,1,0,1,0,1,1,0,0
22.109866,1,0,0,0,0,0,0,0,0
22.146605,0,0,0,0,0,1,0,0,0
22.149559,0,0,0,1,1,0,1,1,1
22.162003,1,0,0,0,1,0,0,0,1
22.169992,0,1,0,0,0,0,0,1,0
22.184381,0,0,1,0,0,0,0,0,0
22.193293,0,1,1,0,0,0,0,0,0
22.200611,0,0,0,1,0,1,1,0,0
22.216040,1,0,0,0,1,0,0,0,0
22.249818,0,0,0,1,0,1,0,0,1
22.284140,0,0,1,0,0,0,1,1,1
22.301338,1,0,0,1,1,1,0,0,0
22.309383,0,1,0,0,0,0,1,0,1
22.316261,0,0,1,0,0,0,0,1,0
22.325308,1,0,0,0,0,0,0,0,0
22.346076,0,1,1,0,1,1,0,0,1
22.351763,0,0,0,1,0,0,1,0,0
22.365945,1,0,0,0,0,0,0,0,0
22.371224,0,0,0,0,1,0,0,0,0
22.375026,0,0,0,0,0,0,0,1,0
22.382809,0,0,1,0,0,0,0,1,0
22.398764,0,1,0,1,0,1,0,0,1
22.401212,0,0,0,0,0,0,1,0,0
22.411775,1,1,0,0,1,0,0,1,0
22.432845,0,1,1,0,0,0,0,0,0
22.450808,0,0,0,1,0,1,1,0,0
22.452808,0,0,0,0,0,0,0,0,1
22.464872,1,0,0,0,1,0,0,1,0
22.483306,0,0,1,0,0,0,0,0,0
22.494106,0,1,0,0,0,0,0,0,0
22.496988,0,0,0,0,0,1,0,0,0
22.500448,0,0,0,1,0,0,0,0,0
22.549739,0,0,0,1,0,1,1,0,0
22.555388,0,0,0,0,0,0,0,0,1
22.569079,1,0,0,0,1,0,1,0,1
22.581491,1,0,0,0,1,0,0,1,0
22.588318,0,0,1,0,0,0,0,1,0
22.596745,0,0,0,0,0,1,0,0,1
22.599689,0,0,1,1,0,0,0,0,0
22.600689,0,0,0,0,0,0,1,0,0
22.603200,0,1,0,0,0,0,0,0,0
22.609227,0,1,0,0,0,0,0,0,0
22.615911,1,0,0,0,0,0,0,0,0
22.629145,0,0,1,0,1,0,0,0,0
22.650482,0,0,0,1,0,1,1,1,1
22.670482,1,1,0,0,1,0,0,1,0
22.683622,0,0,1,0,0,0,0,0,0
22.699729,0,1,0,1,0,1,1,0,1
22.714101,1,0,0,0,0,0,0,0,0
22.735346,0,0,1,0,0,0,0,0,0
22.748166,0,0,0,1,0,1,1,0,1
22.767680,1,0,0,0,1,0,0,0,0
22.772560,0,0,0,0,1,0,0,0,0
22.781096,0,0,1,0,0,0,0,1,0
22.801201,0,1,0,1,0,1,1,1,0
22.815290,1,0,0,0,1,0,0,1,1
22.829857,0,1,0,0,0,0,0,0,0
22.845290,0,1,1,0,0,0,0,0,0
22.849391,0,0,0,1,0,1,1,0,1
22.867954,1,0,0,0,0,0,0,0,0
22.877294,0,0,0,0,1,0,0,1,0
22.883838,0,0,1,0,0,0,0,0,0
22.900309,0,1,0,1,0,1,1,0,1
22.913568,1,0,0,0,1,0,0,0,0
22.939892,0,0,1,0,0,0,0,1,0
22.950626,0,0,0,1,0,1,1,0,0
22.958568,0,0,0,0,0,0,0,0,1
22.968148,1,1,0,0,1,0,0,1,0
22.998044,0,1,1,1,0,1,1,0,0
23.010493,1,0,0,0,1,0,0,0,1
23.049671,0,0,1,1,0,1,1,0,0
23.062617,1,0,0,0,1,0,0,0,0
23.099469,0,0,0,1,0,1,0,0,0
23.146836,0,0,0,0,0,1,0,0,1
23.151119,0,0,0,1,0,0,0,1,0
23.180765,0,1,1,0,0,0,1,1,1
23.196514,1,0,0,0,0,1,1,0,1
23.201656,0,1,0,1,0,0,0,0,1
23.213504,1,0,1,0,0,0,0,0,0
23.219042,0,0,0,0,1,0,1,0,0
23.230982,1,0,1,0,0,0,0,1,0
23.236009,0,0,1,0,0,0,0,0,0
23.249537,0,0,0,1,1,1,1,0,0
23.259823,1,1,0,0,1,0,0,1,1
23.289823,0,1,1,0,0,0,0,1,0
23.298841,0,0,0,1,1,1,1,0,0
23.308893,1,0,0,0,1,0,0,1,0
23.312786,0,1,0,0,0,0,0,1,0
23.334221,0,1,0,0,0,0,0,0,1
23.338297,0,1,0,0,0,0,0,0,0
23.348606,0,0,0,1,0,1,1,0,1
23.364359,1,0,1,0,0,0,0,0,0
23.374518,0,0,0,0,1,0,0,0,0
23.387930,0,0,1,0,0,0,0,0,0
23.396852,0,0,0,0,0,1,0,0,0
23.398261,0,0,0,1,0,0,1,0,0
23.406818,0,0,0,0,0,0,0,0,1
23.413057,1,0,0,0,1,0,0,1,0
23.433285,0,1,0,0,0,0,0,1,0
23.441950,0,0,1,0,0,0,0,0,0
23.451361,0,0,0,1,0,1,0,0,1
23.454323,0,1,0,0,0,0,0,0,0
23.477531,0,0,0,0,0,0,1,0,0
23.487566,1,0,1,0,0,0,0,0,0
23.496153,0,0,0,0,1,1,0,1,1
23.501058,0,0,0,1,0,0,1,0,0
23.512024,1,0,0,0,0,0,0,0,0
23.524980,0,1,0,0,1,0,0,0,0
23.525675,0,0,0,0,0,0,0,1,0
23.529105,0,0,1,0,0,0,0,0,0
23.546728,0,1,0,0,0,1,0,0,1
23.549239,0,0,0,1,0,0,0,0,0
23.586197,0,0,1,0,0,0,0,0,0
23.594727,0,0,0,0,0,0,1,0,0
23.596764,0,0,0,0,0,1,0,0,1
23.599051,0,0,0,1,0,0,0,0,0
23.613696,1,0,0,0,1,0,1,0,0
23.631123,1,0,1,0,0,0,0,1,0
23.648338,0,0,0,1,0,1,0,0,0
23.657630,0,1,0,0,0,0,1,0,0
23.673058,1,0,0,0,0,0,0,0,0
23.699285,0,0,0,1,1,1,1,0,0
23.704961,0,0,0,0,0,0,0,1,0
23.716675,1,0,0,0,1,0,0,1,1
23.726103,0,1,0,0,1,0,0,1,1
23.746675,0,1,1,0,0,1,0,0,1
23.751761,0,1,0,1,0,0,1,0,0
23.763770,1,0,1,0,1,0,0,0,0
23.783787,0,0,1,0,0,0,0,0,0
23.798709,0,0,0,1,0,1,1,1,0
23.818709,1,1,0,0,0,0,0,0,1
23.846428,0,0,0,0,1,1,0,0,0
23.848276,0,0,0,1,0,0,1,1,1
23.858577,1,0,1,0,0,0,0,0,0
23.870256,0,1,0,0,1,0,0,1,0
23.883485,0,0,1,0,0,0,0,0,0
23.896627,0,1,0,0,0,1,0,0,1
23.898777,0,0,0,1,0,0,1,0,0
23.916987,1,0,0,0,1,0,0,1,0
23.929683,0,0,1,0,0,0,0,0,0
23.942555,0,1,0,0,0,0,0,0,0
23.946533,0,0,0,0,0,1,0,0,0
23.950750,0,0,0,1,0,0,0,0,0
24.001250,0,0,0,1,0,1,1,0,1
24.011421,1,0,0,0,1,0,0,1,0
24.025588,0,0,0,0,0,0,1,0,1
24.031970,0,1,1,0,0,0,0,0,0
24.041564,1,0,0,0,1,0,0,0,0
24.046048,0,0,0,0,0,1,0,1,0
24.049513,0,0,0,1,0,0,1,0,1
24.061055,1,0,1,0,1,0,0,0,0
24.075214,0,1,0,0,0,0,0,0,0
24.077349,0,0,0,0,0,0,0,1,0
24.083714,0,0,1,0,0,0,0,0,0
24.101149,0,1,0,1,0,1,1,0,0
24.119178,1,0,0,0,1,0,0,1,1
24.148171,0,1,0,1,0,1,0,0,1
24.151678,0,0,1,0,0,0,1,0,0
24.165011,1,0,0,0,1,0,0,1,0
24.183534,0,0,1,0,0,0,0,0,0
24.185305,0,1,0,0,0,0,0,0,0
24.196761,0,0,0,0,0,1,0,0,1
24.198937,0,0,0,1,0,0,0,0,0
24.232835,0,0,1,0,0,0,1,0,0
24.248650,1,0,0,1,1,1,0,1,0
24.265747,0,0,0,0,0,0,1,0,1
24.277367,1,1,0,0,1,0,0,1,0
24.297403,0,1,1,0,0,1,0,0,1
24.299944,0,0,0,1,0,0,0,0,0
24.329060,0,0,1,0,0,0,0,0,0
24.351687,0,0,0,1,0,1,1,0,1
24.368419,1,0,0,0,1,0,1,1,0
24.379852,1,0,0,0,0,0,0,0,0
24.390876,0,1,1,0,1,0,0,1,0
24.399115,0,0,0,1,0,1,1,0,0
24.416323,1,1,0,0,1,0,0,1,1
24.446323,0,1,1,0,0,1,0,0,1
24.451897,0,0,0,1,0,0,1,0,0
24.471151,1,0,0,0,0,0,0,0,0
24.482468,0,0,1,0,1,0,0,0,0
24.500795,0,0,0,1,0,1,1,1,0
24.520795,1,1,0,0,1,0,0,0,1
24.551673,0,0,1,1,0,1,1,1,1
24.571673,1,1,0,0,1,0,0,1,0
24.581873,0,0,1,0,0,0,0,0,0
24.598111,0,1,0,1,0,1,1,0,1
24.617841,1,0,0,0,0,0,0,0,0
24.634283,0,0,1,0,1,0,0,1,0
24.651869,0,0,0,1,0,1,1,0,0
24.653070,0,0,0,0,0,0,0,0,1
24.658556,0,1,0,0,0,0,0,0,0
24.670259,1,0,0,0,1,0,0,0,0
24.691656,0,0,1,0,0,0,0,0,0
24.700052,0,0,0,1,0,1,1,1,1
24.720052,1,1,0,0,1,0,0,1,0
24.740052,0,1,1,0,0,0,0,0,0
24.748793,0,0,0,1,0,1,0,0,1
24.778886,0,0,1,0,0,0,0,0,0
24.788842,0,0,0,0,0,0,1,0,0
24.798392,0,0,0,1,0,1,1,0,0
24.802601,1,0,0,0,0,0,0,0,1
24.813833,1,0,0,0,1,0,0,0,0
24.841994,0,0,1,0,0,0,0,0,0
24.849854,0,0,0,1,1,1,0,1,0
24.867034,0,0,0,0,0,0,1,0,1
24.872143,0,1,0,0,0,0,0,0,0
24.885446,1,0,0,0,0,0,0,0,0
24.897298,0,0,1,0,1,1,0,0,0
24.901399,0,0,0,1,0,0,0,0,0
24.946124,0,0,0,0,0,1,1,0,0
24.947032,0,0,0,0,0,0,0,0,1
24.949390,0,0,0,1,0,0,0,0,0
24.962693,1,0,0,0,1,0,0,0,1
24.972136,0,0,0,0,0,0,1,1,0
24.977904,0,0,1,0,0,0,0,0,0
24.978904,0,0,0,0,0,0,0,1,0
24.992136,1,1,0,0,0,0,0,1,0
24.998347,0,0,1,1,1,1,1,1,0
24.998626,0,0,0,0,0,0,0,0,1
25.008568,1,1,0,0,0,0,0,0,0
25.018089,0,1,0,0,0,0,0,0,0
25.019144,0,1,0,0,1,0,0,1,0
25.031510,0,0,1,0,0,0,0,0,0
25.042047,0,1,0,0,0,0,0,0,0
25.051979,0,0,0,1,0,1,0,0,1
25.058142,0,0,0,0,0,0,1,0,0
25.071850,1,0,0,0,0,0,0,0,0
25.090945,0,0,1,0,1,0,0,0,0
25.100072,0,0,0,1,0,1,0,0,1
25.133337,0,0,1,0,0,0,0,1,0
25.149568,0,0,0,1,0,1,0,0,1
25.153367,0,1,0,0,0,0,0,0,0
25.182325,0,0,1,0,0,0,0,0,0
25.196179,0,0,0,0,0,1,1,0,0
25.197012,0,0,0,0,0,0,1,0,1
25.198254,0,0,0,1,0,0,1,0,0
25.210997,1,0,0,0,0,0,0,0,0
25.214722,1,0,0,0,1,0,0,1,0
25.218143,1,0,0,0,1,0,0,1,0
25.231814,0,0,1,0,1,0,0,0,0
25.233359,0,0,0,0,0,0,0,1,0
25.243603,0,1,0,0,0,0,0,0,0
25.248080,0,1,0,1,0,1,0,0,1
25.251756,0,0,0,0,0,0,1,0,0
25.262917,1,1,0,0,1,0,0,0,0
25.283770,0,0,1,0,0,0,0,0,0
25.296237,0,0,0,0,0,1,0,1,1
25.299023,0,0,0,1,0,0,0,0,0
25.304931,0,0,0,0,0,0,1,0,0
25.315025,1,0,0,0,0,0,0,0,0
25.315365,0,0,0,0,1,0,0,0,0
25.320190,0,1,0,0,0,0,0,0,0
25.324002,0,0,0,0,0,0,0,1,0
25.335863,0,0,1,0,0,0,0,0,0
25.351747,0,1,0,1,0,1,1,0,0
25.362919,1,0,0,0,1,0,0,0,0
25.392297,0,0,0,0,0,0,0,1,0
25.394703,0,0,0,0,0,0,0,0,1
25.396471,0,0,0,0,0,1,0,0,1
25.399280,0,0,0,1,0,0,0,0,0
25.403685,0,0,0,0,0,0,1,0,0
25.418058,1,1,0,0,0,0,0,0,0
25.433251,0,0,1,0,1,0,0,1,0
25.435732,0,0,1,0,0,0,0,0,0
25.450714,0,0,0,1,0,1,1,0,0
25.461317,1,1,0,0,0,0,0,0,0
25.500908,0,0,0,1,1,1,1,0,0
25.511575,1,0,0,0,0,0,0,1,0
25.535794,0,1,0,0,1,0,0,1,1
25.551770,0,0,0,1,0,1,0,0,0
25.556026,0,1,0,0,0,0,1,0,1
25.565899,0,0,1,0,0,0,0,0,1
25.566349,1,0,0,0,1,0,0,0,0
25.596004,0,0,1,0,0,1,0,1,1
25.600466,0,0,1,1,0,0,0,0,0
25.626004,0,1,1,0,0,0,1,0,0
25.637253,1,0,0,0,1,0,0,1,0
25.649930,0,0,0,1,0,1,0,0,1
25.664135,0,1,0,0,0,0,0,0,0
25.688956,0,0,1,0,0,0,1,0,0
25.699189,1,0,0,1,0,1,0,0,1
25.706012,0,0,0,0,1,0,0,1,0
25.709186,0,0,0,0,0,0,1,0,0
25.720454,1,0,0,0,1,0,0,1,0
25.731682,0,1,1,0,0,0,0,0,0
25.749794,0,1,0,1,0,1,0,0,1
25.779912,0,0,1,0,0,0,1,0,0
25.796136,1,0,0,0,0,1,0,0,0
25.800520,0,0,0,1,1,0,0,0,0
25.846628,0,0,0,0,0,1,1,1,1
25.848672,0,0,0,1,0,0,0,0,1
25.862081,1,0,0,0,1,0,0,1,0
25.876628,0,1,1,0,0,0,0,0,0
25.879853,0,0,1,0,0,0,0,0,0
25.881038,0,0,0,0,0,0,1,0,0
25.891803,1,1,0,0,1,0,0,0,0
25.896323,0,0,0,0,0,1,0,0,0
25.897234,0,0,0,0,0,0,0,0,1
25.897617,0,0,0,0,0,0,0,1,0
25.899283,0,0,0,1,0,0,0,0,0
25.921429,0,1,0,0,0,0,1,0,0
25.934547,1,0,1,0,0,0,0,0,0
25.949534,0,0,0,1,0,1,0,0,1
25.987879,0,0,1,0,1,0,0,0,0
25.996352,0,0,0,0,0,1,0,0,1
25.999295,0,0,0,1,0,0,0,1,0
26.015483,0,0,0,0,0,0,1,0,0
26.026940,1,1,1,0,0,0,0,0,0
26.046643,0,0,0,0,1,1,0,1,1
26.050383,0,0,0,1,0,0,1,0,0
26.057006,0,0,0,0,0,0,1,0,0
26.061914,1,0,0,0,0,0,0,0,0
26.063469,0,0,0,0,1,0,0,0,0
26.073271,1,1,0,0,1,0,0,0,0
26.075126,0,0,0,0,0,0,0,1,0
26.076857,0,0,1,0,0,0,0,0,0
26.099057,0,1,0,1,0,1,0,0,0
26.146660,0,0,0,0,0,1,1,1,0
26.147621,0,0,0,0,0,0,0,0,1
26.150191,0,0,0,1,0,0,1,0,1
26.160262,1,0,0,0,1,0,0,0,0
26.166660,1,1,0,0,0,0,0,0,0
26.170316,0,0,0,0,1,0,0,0,0
26.181034,0,0,1,0,0,0,0,0,0
26.185026,0,0,1,0,0,0,0,1,0
26.200958,0,0,0,1,0,1,0,0,0
26.206649,0,1,0,0,0,0,1,1,1
26.218629,1,0,0,0,1,0,0,0,0
26.229803,0,1,0,0,0,0,0,0,0
26.246550,0,0,1,0,0,1,0,1,0
26.250405,0,0,0,1,0,0,1,0,0
26.267870,1,1,0,0,1,0,0,0,1
26.297932,0,0,1,0,0,1,0,1,1
26.300952,0,0,0,1,0,0,1,0,0
26.320121,1,1,0,0,1,0,0,0,0
26.326130,0,0,0,0,0,0,0,1,0
26.332616,0,0,1,0,0,0,0,0,0
26.351322,0,1,0,1,0,1,1,0,1
26.369927,1,0,0,0,1,0,0,0,0
26.388906,0,0,1,0,0,0,0,1,0
26.398016,0,0,0,1,0,1,0,0,0
26.416741,0,1,0,0,0,0,1,0,1
26.428543,1,0,0,0,1,0,0,0,0
26.446027,0,0,0,0,0,1,0,1,1
26.450578,0,0,1,1,0,0,0,0,0
26.476027,0,1,1,0,0,0,0,0,0
26.496130,0,0,0,0,0,1,0,0,1
26.497038,0,0,0,0,0,0,1,0,0
26.498912,0,0,0,1,0,0,0,0,0
26.510862,1,0,0,0,0,0,0,0,0
26.519728,0,0,0,0,1,0,0,0,0
26.527190,0,0,1,0,0,0,1,0,0
26.534253,0,0,0,0,0,0,0,1,0
26.538476,1,0,0,0,1,0,0,1,0
26.546209,0,0,0,0,0,1,0,0,0
26.551795,0,0,0,1,0,0,1,0,0
26.559515,0,1,0,0,0,0,0,0,1
26.560758,0,1,0,0,0,0,0,0,0
26.571093,1,0,0,0,1,0,0,0,0
26.599422,0,0,1,1,0,1,1,0,1
26.611704,1,0,0,0,1,0,0,0,0
26.639032,0,0,1,0,0,0,0,0,0
26.646157,0,0,0,0,0,1,0,0,1
26.647053,0,0,0,0,0,0,0,1,0
26.648326,0,0,0,1,0,0,1,1,0
26.660953,1,0,0,0,1,0,0,0,0
26.662738,0,0,0,0,0,0,0,1,0
26.676441,0,1,1,0,0,0,0,0,0
26.677907,0,1,0,0,0,0,0,0,0
26.684200,0,1,0,0,0,0,0,0,0
26.699694,0,0,0,1,0,1,0,0,0
26.751523,0,0,0,1,0,1,1,0,0
26.755093,0,0,0,0,0,0,0,0,1
26.764031,1,0,0,0,0,0,0,0,1
26.787818,0,0,1,0,1,0,0,0,0
26.792057,0,0,0,0,0,0,1,1,0
26.801581,0,0,1,1,0,1,0,0,1
26.806086,1,0,0,0,1,0,0,1,0
26.821224,0,1,0,0,0,0,1,0,0
26.834767,1,1,1,0,0,0,0,0,0
26.848043,0,0,0,1,1,1,1,1,0
26.866168,1,0,0,0,0,0,0,0,1
26.867056,0,0,0,0,1,0,0,0,0
26.867550,0,0,0,0,0,0,0,1,0
26.871561,0,1,0,0,0,0,0,0,0
26.896018,0,1,0,0,0,1,0,0,1
26.899019,0,0,1,1,0,0,0,0,0
26.915803,0,0,0,0,0,0,1,0,0
26.926176,1,0,1,0,1,0,0,0,0
26.934932,0,0,0,0,0,0,0,1,0
26.946231,0,0,0,0,0,1,0,0,0
26.948402,0,0,0,1,0,0,0,0,1
26.952254,0,0,0,0,0,0,1,0,0
26.958388,0,1,0,0,0,0,0,0,0
26.967779,1,0,0,0,1,0,0,0,0
26.969242,0,0,0,0,0,0,0,1,0
26.985179,0,0,1,0,0,0,0,0,0
26.991127,0,1,0,0,0,0,0,0,0
26.996780,0,0,0,0,0,1,0,0,0
26.998992,0,0,0,1,0,0,1,0,0
27.017844,1,0,0,0,1,0,0,0,0
27.050014,0,0,0,1,0,1,1,0,1
27.067286,1,0,0,0,0,0,0,0,1
27.078663,0,0,0,0,0,0,0,1,0
27.081595,0,0,1,0,1,0,0,0,0
27.101477,0,1,1,1,0,1,1,0,1
27.104737,0,0,0,0,0,0,0,1,0
27.116033,1,0,0,0,1,0,0,0,0
27.133468,0,1,1,0,0,0,0,1,0
27.146112,0,0,0,0,0,1,0,0,0
27.151753,0,0,0,1,0,0,0,0,0
27.160080,0,1,0,0,0,0,1,0,0
27.161863,0,0,0,0,0,0,0,0,1
27.178404,1,0,0,0,1,0,0,0,0
27.201610,0,0,1,1,0,1,0,1,0
27.224110,0,1,0,0,0,0,1,0,1
27.234781,1,0,0,0,1,0,0,1,0
27.249305,0,0,0,1,0,1,0,0,1
27.260064,0,1,1,0,0,0,0,0,0
27.277180,0,0,0,0,0,0,1,0,0
27.287269,1,0,1,0,0,0,0,0,0
27.301186,0,0,0,1,0,1,1,0,1
27.302941,0,0,0,0,1,0,0,0,0
27.315577,1,0,0,0,0,0,0,1,0
27.335868,0,1,1,0,1,0,0,0,0
27.346738,0,0,0,0,0,1,0,1,1
27.350769,0,0,0,1,0,0,1,0,0
27.363197,1,0,0,0,1,0,0,0,0
27.376738,0,1,1,0,0,0,0,0,0
27.399436,0,0,0,1,0,1,1,1,1
27.417649,1,0,0,0,0,0,0,0,0
27.427929,0,1,0,0,0,0,0,0,0
27.428830,0,0,0,0,1,0,0,0,0
27.430270,0,0,1,0,0,0,0,0,0
27.448743,0,0,0,1,0,1,0,1,1
27.478743,0,1,1,0,0,0,1,0,0
27.496215,1,0,0,0,0,1,0,0,1
27.497117,0,0,0,0,1,0,0,0,0
27.499171,0,0,0,1,0,0,1,0,0
27.506589,0,0,0,0,0,0,0,1,0
27.518250,1,0,0,0,0,0,0,0,0
27.527316,0,1,1,0,0,0,0,0,0
27.546238,0,0,0,0,0,1,0,0,0
27.550225,0,0,0,1,1,0,1,0,1
27.566406,1,0,0,0,0,0,0,1,0
27.571684,0,0,0,0,1,0,0,1,0
27.584063,0,0,1,0,0,0,0,0,0
27.594687,0,1,0,0,0,0,0,0,0
27.596339,0,1,0,0,0,1,0,0,0
27.601897,0,0,0,1,0,0,1,0,1
27.620061,1,0,0,0,1,0,0,1,0
27.640367,0,1,1,0,0,0,0,0,0
27.646826,0,0,0,0,0,1,0,0,1
27.651919,0,0,0,1,0,0,1,0,0
27.669036,1,0,0,0,1,0,0,1,0
27.683525,0,0,1,0,0,0,0,0,0
27.692518,0,1,0,0,0,0,0,0,0
27.701118,0,0,0,1,0,1,1,0,1
27.712682,1,0,0,0,0,0,0,0,0
27.723564,0,0,0,0,1,0,0,0,0
27.727636,0,0,0,0,0,0,0,1,0
27.732033,0,0,1,0,0,0,0,0,0
27.748710,0,1,0,1,0,1,0,0,1
27.784594,0,0,1,0,0,0,1,0,0
27.799741,1,0,0,1,0,1,0,0,0
27.846455,0,0,0,0,0,1,1,0,0
27.847004,0,0,0,0,0,0,0,0,1
27.849996,0,0,0,1,1,0,0,0,1
27.852497,0,0,0,0,0,0,1,0,0
27.862009,1,0,0,0,0,0,0,0,0
27.862253,0,0,0,0,1,0,0,0,0
27.862375,0,0,0,0,0,0,0,1,0
27.862436,0,0,0,0,0,0,0,1,0
27.865588,1,0,0,0,1,0,0,1,0
27.878418,0,0,1,0,0,0,0,0,0
27.880118,0,0,1,0,0,0,0,0,0
27.887197,0,1,0,0,0,0,0,0,0
27.891268,0,1,0,0,0,0,0,0,0
27.895094,0,1,0,0,0,0,0,0,0
27.900964,0,0,0,1,0,1,1,0,0
27.912617,1,0,0,0,1,0,0,1,0
27.937600,0,1,0,0,0,0,0,0,1
27.946099,0,0,0,0,0,1,0,0,1
27.949075,0,0,0,1,0,0,1,0,0
27.964800,1,0,0,0,0,0,0,0,0
27.973239,0,0,1,0,1,0,0,0,0
27.985757,0,0,1,0,0,0,0,1,0
27.999614,0,0,0,1,0,1,1,0,1
28.007590,0,1,0,0,0,0,0,0,0
28.013553,1,0,0,0,0,0,0,0,0
28.024702,0,0,0,0,1,0,0,0,0
28.033649,0,0,1,0,0,0,0,0,0
28.046002,0,0,0,0,0,1,0,0,1
28.049997,0,0,0,1,0,0,1,0,0
28.062679,1,0,0,0,1,0,0,0,0
28.068779,0,0,0,0,0,0,0,1,0
28.084912,0,0,1,0,0,0,0,1,0
28.092869,0,1,0,0,0,0,0,0,0
28.099920,0,0,0,1,0,1,0,0,0
28.110865,0,1,0,0,0,0,1,0,0
28.129112,1,0,0,0,0,0,0,0,1
28.148597,0,0,0,1,1,1,0,1,1
28.162002,0,0,1,0,0,0,0,0,0
28.178597,0,1,1,0,0,0,0,0,0
28.201629,0,0,0,1,0,1,1,0,1
28.219190,1,0,0,0,0,0,1,0,0
28.224213,0,0,0,0,1,0,0,0,0
28.227205,0,0,0,0,0,0,0,1,0
28.235077,1,0,1,0,0,0,0,0,0
28.250785,0,1,0,1,1,1,0,1,1
28.275816,0,1,0,0,0,0,0,0,0
28.284091,0,0,1,0,0,0,1,0,0
28.301319,1,0,0,1,0,1,0,0,0
28.346675,0,0,0,0,0,1,1,0,0
28.347062,0,0,0,0,1,0,0,0,0
28.350418,0,0,0,1,0,0,1,1,1
28.357923,1,0,0,0,0,0,0,0,1
28.367527,1,0,0,0,1,0,0,1,0
28.368907,0,0,0,0,1,0,0,0,0
28.378865,0,1,0,0,0,0,0,1,0
28.382464,0,0,1,0,0,0,0,0,0
28.396174,0,1,1,0,0,1,0,0,1
28.398963,0,1,0,1,0,0,1,0,0
28.418125,1,0,0,0,1,0,0,1,0
28.434461,0,0,1,0,0,0,0,0,0
28.448081,0,1,0,1,0,1,1,0,1
28.458574,1,0,0,0,1,0,0,0,0
28.488018,0,0,1,0,0,0,0,0,0
28.500748,0,0,0,1,0,1,0,0,0
28.546196,0,0,0,0,0,1,0,0,0
28.549501,0,0,0,1,0,0,0,1,1
28.560603,0,0,0,0,0,0,1,0,0
28.569529,0,1,0,0,0,0,1,0,0
28.575531,1,0,0,0,0,0,0,0,0
28.577351,0,0,0,0,1,0,0,1,0
28.584258,1,0,1,0,0,0,0,0,1
28.597498,0,1,0,0,1,1,0,1,1
28.600113,0,0,0,1,0,0,0,0,0
28.615069,0,0,1,0,0,0,0,0,0
28.621017,0,1,0,0,0,0,0,0,0
28.636892,0,0,1,0,0,0,0,0,0
28.649671,0,0,0,1,0,1,0,0,0
28.699302,0,0,0,1,0,1,1,0,1
28.703686,0,0,0,0,0,0,1,0,1
28.717804,1,0,0,0,0,0,0,0,0
28.721764,1,0,0,0,1,0,1,0,0
28.725181,0,0,0,0,1,0,0,0,0
28.730534,0,0,1,0,0,0,0,0,0
28.731894,1,0,0,0,0,0,0,1,0
28.734327,0,0,1,0,1,0,0,0,0
28.750852,0,0,0,1,0,1,0,0,1
28.757587,0,1,0,0,0,0,0,1,0
28.780866,0,1,1,0,0,0,1,0,0
28.798554,1,0,0,1,0,1,1,0,1
28.801200,0,0,0,0,1,0,0,1,0
28.816400,1,0,0,0,0,0,0,1,0
28.826394,0,1,0,0,1,0,0,1,0
28.838047,0,1,1,0,0,0,0,0,0
28.846737,0,1,0,0,0,1,0,0,0
28.849801,0,0,0,1,0,0,1,0,1
28.864080,1,0,0,0,1,0,0,0,0
28.889081,0,0,1,0,0,0,0,0,0
28.901084,0,0,0,1,0,1,0,0,0
28.951370,0,0,0,1,0,1,0,1,1
28.974797,0,1,0,0,0,0,0,0,1
28.989603,0,0,1,0,0,0,1,0,0
28.998292,0,0,0,1,0,1,1,0,0
29.000546,1,0,0,0,1,0,0,0,1
29.003781,0,0,0,0,0,0,0,1,0
29.013552,1,0,1,0,1,0,1,1,0
29.024285,1,1,0,0,1,0,0,0,0
29.026077,0,0,0,0,0,0,0,1,0
29.034931,0,1,1,0,0,0,0,0,0
29.046769,0,1,0,0,0,1,0,0,1
29.049907,0,0,0,1,0,0,1,0,0
29.065790,1,0,0,0,1,0,0,1,0
29.086392,0,1,1,0,0,0,0,0,0
29.101235,0,0,0,1,0,1,0,0,0
29.113443,0,0,0,0,0,0,0,0,1
29.144495,0,0,1,0,0,0,0,0,0
29.149303,0,0,0,1,0,1,0,0,0
29.176426,0,0,0,0,0,0,1,0,1
29.196386,1,0,0,0,1,1,1,0,1
29.201177,0,0,0,1,0,0,1,0,0
29.215675,1,0,1,0,0,0,0,1,0
29.217659,1,0,0,0,0,0,0,0,0
29.235763,0,1,1,0,0,0,0,0,0
29.249455,0,0,0,1,1,1,1,0,1
29.257121,0,0,0,0,1,0,0,1,0
29.260793,1,0,0,0,0,0,0,0,0
29.284255,0,1,1,0,0,0,0,0,0
29.296982,0,0,0,0,1,1,0,1,1
29.301319,0,0,0,1,0,0,1,0,0
29.313276,1,0,0,0,1,0,0,0,0
29.320644,0,1,0,0,0,0,0,0,0
29.328490,0,0,1,0,0,0,0,0,0
29.349561,0,0,0,1,0,1,0,1,1
29.374707,0,1,0,0,0,0,1,0,0
29.387035,1,0,1,0,0,0,0,0,0
29.401236,0,0,0,1,0,1,1,1,1
29.421236,1,1,0,0,0,0,0,0,0
29.424970,0,0,0,0,1,0,0,0,0
29.428987,0,0,0,0,1,0,0,0,0
29.430226,0,0,0,0,0,0,0,1,0
29.439903,0,0,1,0,0,0,0,0,0
29.446112,0,0,0,0,0,1,0,1,0
29.447019,0,0,0,0,0,0,0,0,1
29.448654,0,0,0,1,0,0,1,0,0
29.459752,1,1,0,0,1,0,0,1,0
29.468083,0,1,0,0,0,0,0,0,0
29.483757,0,1,1,0,0,0,0,0,0
29.499422,0,0,0,1,0,1,1,0,1
29.516747,1,0,0,0,1,0,0,0,0
29.524554,0,0,0,0,0,0,0,1,0
29.535991,0,0,1,0,0,0,0,0,0
29.546016,0,1,0,0,0,1,0,0,1
29.549746,0,0,0,1,0,0,0,0,0
29.559967,0,0,0,0,0,0,1,0,0
29.579018,1,0,1,0,1,0,0,0,0
29.596247,0,0,0,0,0,1,0,1,0
29.598667,0,0,0,1,0,0,0,0,0
29.611749,0,0,0,0,0,0,1,0,0
29.626056,1,1,0,0,1,0,0,0,1
29.648634,0,0,0,1,0,1,0,0,1
29.656587,0,0,1,0,0,0,0,1,0
29.677578,0,1,0,0,0,0,0,0,0
29.677978,0,0,0,0,0,0,1,0,0
29.682428,0,0,1,0,0,0,0,0,0
29.690787,1,0,0,0,1,0,0,0,0
29.701913,0,0,0,1,0,1,1,0,1
29.703869,0,0,0,0,0,0,0,1,0
29.719316,1,0,0,0,0,0,0,0,0
29.726155,0,1,0,0,1,0,0,1,0
29.734413,0,0,1,0,0,0,0,0,0
29.750455,0,1,0,1,0,1,1,0,0
29.765095,1,0,0,0,1,0,0,1,1
29.795095,0,1,1,0,0,0,0,0,0
29.800135,0,0,0,1,0,1,0,0,1
29.839364,0,0,1,0,0,0,1,0,0
29.851115,1,0,0,1,1,1,1,0,1
29.865115,1,0,0,0,1,0,0,1,0
29.882606,0,0,1,0,0,0,0,0,0
29.885599,0,1,0,0,0,0,0,1,0
29.899941,0,0,0,1,0,1,0,0,0
29.909454,0,1,0,0,0,0,0,0,0
29.949000,0,0,0,1,0,1,0,0,1
29.963067,0,0,0,0,0,0,1,0,0
29.977879,1,0,0,0,1,0,1,1,1
29.988036,1,0,1,0,1,0,0,1,0
30.000205,0,1,0,1,0,1,1,0,1
30.013102,1,1,1,0,0,0,0,0,0
30.019719,0,0,0,0,1,0,0,0,0
30.037682,0,0,1,0,0,0,0,0,0
30.048892,0,0,0,1,0,1,1,1,0
30.068892,1,1,0,0,0,0,0,0,1
30.101057,0,0,1,1,0,1,1,0,0
30.114847,1,0,0,0,1,0,0,1,0
30.144062,0,1,0,0,1,0,0,0,1
30.150211,0,0,0,1,0,1,0,0,0
30.170170,0,0,0,0,0,0,1,0,0
30.180644,1,0,1,0,0,0,0,0,0
30.198466,0,0,0,1,0,1,1,0,1
30.212590,1,0,0,0,0,0,0,0,0
30.232027,0,0,1,0,0,0,0,0,0
30.249498,0,0,0,1,1,1,0,1,1
30.279498,0,1,1,0,1,0,1,0,1
30.299338,1,0,0,1,0,1,0,1,1
30.309661,0,0,1,0,0,0,1,0,0
30.320450,1,1,0,0,1,0,0,1,0
30.335478,0,0,1,0,1,0,0,1,0
30.346592,0,1,0,0,0,1,0,0,1
30.347197,0,0,0,0,0,0,0,1,0
30.349143,0,0,0,1,0,0,0,0,0
30.356183,0,1,0,0,0,0,0,0,0
30.365803,0,0,0,0,0,0,1,0,0
30.375821,1,1,0,0,0,0,0,0,0
30.384020,0,0,1,0,1,0,0,0,0
30.396767,0,0,0,0,0,1,0,1,0
30.400557,0,0,0,1,0,0,1,0,1
30.417490,1,1,0,0,1,0,0,0,0
30.432859,0,0,1,0,0,0,0,1,0
30.450248,0,0,0,1,0,1,0,0,0
30.451689,0,0,0,0,0,0,1,0,0
30.461689,1,1,0,0,0,0,0,0,1
30.499194,0,0,1,1,1,1,0,0,1
30.535893,0,0,1,0,0,0,0,1,0
30.546922,0,0,0,0,0,1,0,0,1
30.547598,0,0,0,0,0,0,1,0,0
30.549123,0,0,0,1,0,0,1,0,0
30.564040,1,1,0,0,0,0,0,0,0
30.567565,1,0,0,0,0,0,0,0,0
30.571074,0,0,0,0,1,0,0,0,0
30.580701,0,0,1,0,0,0,0,0,0
30.600434,0,0,0,1,1,1,1,0,0
30.610621,1,0,0,0,1,0,0,0,1
30.650050,0,0,1,1,0,1,0,1,0
30.670450,0,1,0,0,0,0,1,0,1
30.683367,1,0,0,0,1,0,0,0,0
30.696083,0,0,0,0,0,1,0,0,0
30.698372,0,0,0,1,0,0,0,1,0
30.707216,0,0,1,0,0,0,1,1,0
30.717324,1,0,0,0,1,0,0,0,1
30.717848,0,0,0,0,0,0,0,1,0
30.724109,0,1,0,0,0,0,0,1,0
30.733103,0,1,0,0,0,0,0,0,0
30.741558,0,1,0,0,0,0,0,0,0
30.751840,0,1,1,1,0,1,1,0,1
30.764721,1,0,0,0,1,0,0,0,0
30.765721,0,0,0,0,0,0,0,1,0
30.791011,0,1,1,0,0,0,0,0,0
30.799147,0,0,0,1,0,1,0,0,1
30.810701,0,0,0,0,0,0,1,0,0
30.830458,1,0,1,0,0,0,0,0,0
30.846738,0,0,0,0,0,1,0,0,1
30.847183,0,0,0,0,1,0,0,0,0
30.849127,0,0,0,1,0,0,0,0,0
30.860252,0,0,0,0,0,0,1,1,0
30.880252,1,1,1,0,1,0,0,1,0
30.901471,0,1,0,1,0,1,1,0,1
30.920482,1,0,0,0,1,0,0,1,0
30.935163,0,0,1,0,0,0,0,0,0
30.950025,0,1,0,1,0,1,1,0,1
30.962743,1,0,0,0,1,0,0,0,0
30.986453,0,0,1,0,0,0,0,1,0
30.998257,0,0,0,1,0,1,0,0,0
31.002838,0,0,0,0,0,0,1,0,1
31.013776,1,1,0,0,1,0,0,0,0
31.033800,0,0,1,0,0,0,0,0,0
31.049310,0,0,0,1,0,1,0,0,1
31.075439,0,0,0,0,0,0,1,0,0
31.087111,1,0,1,0,1,0,0,1,0
31.100207,0,0,0,1,0,1,1,0,1
31.105464,0,0,0,0,0,0,0,1,0
31.111818,1,1,0,0,1,0,0,1,0
31.132105,0,1,1,0,0,0,0,0,0
31.136289,0,1,0,0,0,0,0,0,0
31.150114,0,0,0,1,0,1,1,0,1
31.168231,1,0,0,0,1,0,0,1,0
31.189673,0,1,1,0,0,0,0,0,0
31.201115,0,0,0,1,0,1,0,0,1
31.206670,0,0,0,0,0,0,1,0,0
31.224813,1,0,0,0,0,0,0,0,0
31.236722,0,0,1,0,1,0,0,0,0
31.251516,0,0,0,1,0,1,0,0,1
31.290979,0,0,1,0,0,0,1,1,0
31.301755,1,0,0,1,1,1,1,1,0
31.311150,0,1,0,0,0,0,0,0,0
31.316634,1,0,0,0,1,0,0,0,1
31.324558,0,1,0,0,0,0,0,0,0
31.349842,0,0,1,1,0,1,1,0,0
31.361726,1,0,0,0,0,0,0,1,1
31.364363,0,0,0,0,1,0,0,1,0
31.391726,0,1,1,0,0,0,0,0,0
31.392870,0,1,0,0,0,0,0,0,0
31.401540,0,0,0,1,0,1,0,0,0
31.450808,0,0,0,1,0,1,1,0,1
31.462874,1,0,0,0,1,0,1,0,1
31.477426,1,0,0,0,0,0,0,1,0
31.487253,0,0,1,0,1,0,0,0,0
31.499874,0,1,1,1,0,1,0,0,1
31.519023,0,0,0,0,0,0,0,1,0
31.537516,0,0,1,0,0,0,0,0,0
31.546869,0,1,0,0,0,1,1,0,1
31.548779,0,0,0,1,0,0,0,0,0
31.564129,1,0,0,0,0,0,0,0,0
31.579369,0,0,1,0,1,0,1,1,0
31.599369,1,1,0,1,1,1,1,0,1
31.615253,1,0,0,0,1,0,0,1,0
31.618218,0,0,0,0,0,0,0,1,0
31.633265,0,0,1,0,0,0,0,0,0
31.636569,0,1,0,0,0,0,0,0,0
31.648170,0,1,0,1,0,1,1,0,1
31.661220,1,0,0,0,0,0,0,0,0
31.687244,0,0,1,0,1,0,0,0,0
31.699316,0,0,0,1,0,1,0,0,0
31.748051,0,0,0,1,0,1,1,1,0
31.766924,1,0,0,0,0,0,1,0,1
31.771301,0,1,0,0,1,0,0,0,1
31.785746,1,0,0,0,0,0,0,1,0
31.799464,0,0,1,1,1,1,0,1,0
31.807076,0,1,1,0,0,0,0,0,1
31.811383,0,0,0,0,0,0,1,0,0
31.826807,1,1,0,0,1,0,0,1,0
31.846982,0,1,1,0,0,1,0,0,1
31.851646,0,0,0,1,0,0,1,0,0
31.863425,1,0,0,0,1,0,0,0,0
31.865977,0,0,0,0,0,0,0,1,0
31.884246,0,0,1,0,0,0,0,0,0
31.893255,0,1,0,0,0,0,0,0,0
31.896394,0,0,0,0,0,1,0,0,0
31.897230,0,0,0,0,0,0,0,0,1
31.898850,0,0,0,1,0,0,1,0,0
31.912969,1,0,0,0,0,0,0,0,0
31.922727,0,0,0,0,1,0,0,1,0
31.928660,0,0,1,0,0,0,0,0,0
31.946932,0,1,0,0,0,1,0,0,1
31.950710,0,0,0,1,0,0,0,0,0
31.972234,0,0,0,0,0,0,1,0,0
31.984583,1,0,1,0,1,0,0,0,0
31.996163,0,0,0,0,0,1,0,0,0
32.000137,0,0,0,1,0,0,1,0,0
32.013325,1,0,0,0,1,0,0,1,1
32.031221,0,0,0,0,0,0,0,1,0
32.041222,0,1,0,0,0,0,0,0,0
32.051303,0,1,1,1,0,1,1,0,0
32.062017,1,0,0,0,0,0,0,0,0
32.096844,0,0,0,0,1,1,0,0,0
32.101736,0,0,0,1,0,0,0,1,0
32.115287,0,0,0,0,0,0,0,0,1
32.123051,0,1,0,0,0,0,0,0,1
32.148659,0,0,1,1,0,1,1,0,1
32.154425,0,0,1,0,0,0,1,0,0
32.160579,1,0,0,0,1,0,0,1,0
32.167216,1,0,0,0,0,0,0,0,0
32.171178,0,0,0,0,1,0,0,1,0
32.181863,0,1,1,0,0,0,0,0,0
32.196586,0,1,0,0,0,1,0,0,0
32.200786,0,0,0,1,0,0,1,0,1
32.213319,1,0,0,0,1,0,0,0,0
32.234017,0,0,1,0,0,0,0,0,0
32.246484,0,0,0,0,0,1,0,0,1
32.249563,0,0,0,1,0,0,1,0,0
32.267221,1,0,0,0,1,0,0,1,0
32.280191,0,0,1,0,0,0,0,0,0
32.296944,0,1,0,0,0,1,0,0,1
32.297454,0,0,0,0,0,0,0,1,0
32.298731,0,0,0,1,0,0,1,0,0
32.318171,1,1,0,0,1,0,0,1,0
32.329633,0,0,1,0,0,0,0,0,0
32.340801,0,1,0,0,0,0,0,0,0
32.346374,0,0,0,0,0,1,0,0,1
32.348293,0,0,0,1,0,0,1,0,0
32.361951,1,0,0,0,0,0,0,0,0
32.378168,0,0,1,0,1,0,0,1,0
32.398486,0,1,0,1,0,1,1,0,1
32.413934,1,0,0,0,1,0,0,1,0
32.436745,0,1,1,0,0,0,0,0,0
32.449455,0,0,0,1,0,1,1,0,1
32.467474,1,0,0,0,0,0,0,0,0
32.482239,0,0,1,0,1,0,0,0,0
32.496707,0,0,0,0,0,1,0,0,0
32.498180,0,0,0,1,0,0,1,0,0
32.503564,0,0,0,0,0,0,0,1,0
32.511331,1,0,0,0,1,0,0,0,1
32.520400,0,0,0,0,0,0,0,1,0
32.530303,0,1,0,0,0,0,0,0,0
32.550197,0,1,1,1,0,1,0,0,0
32.600393,0,0,0,1,0,1,1,0,0
32.611470,1,0,0,0,0,0,0,0,0
32.635153,0,0,0,0,1,0,1,1,1
32.645517,1,0,0,0,1,0,0,0,1
32.646663,0,0,0,0,0,1,0,1,0
32.650815,0,0,0,1,0,0,1,0,1
32.665153,1,1,1,0,0,0,0,0,0
32.676629,0,1,1,0,0,0,0,0,0
32.689304,0,0,1,0,1,0,0,0,0
32.696042,0,0,0,0,0,1,0,1,0
32.698845,0,0,0,1,0,0,1,0,0
32.713159,1,0,0,0,1,0,0,1,0
32.718042,0,1,0,0,0,0,0,0,1
32.736950,0,1,0,0,0,0,0,0,0
32.748900,0,0,1,1,0,1,1,0,0
32.760120,1,0,0,0,1,0,0,0,1
32.796727,0,0,1,0,0,1,0,1,1
32.798653,0,0,0,1,0,0,0,0,0
32.826727,0,1,1,0,0,0,0,0,0
32.848841,0,0,0,1,0,1,0,0,1
32.876596,0,0,0,0,0,0,1,0,0
32.882781,0,0,1,0,0,0,1,0,0
32.896113,1,0,0,0,0,1,0,0,0
32.899516,1,0,0,1,1,0,0,1,0
32.906610,0,0,0,0,1,0,1,0,0
32.925750,1,1,0,0,1,0,0,1,0
32.949874,0,1,0,1,0,1,0,1,0
32.952207,0,0,0,0,0,0,1,0,0
32.965210,1,0,0,0,1,0,0,1,0
32.972952,0,1,0,0,0,0,0,0,1
32.993537,0,1,0,0,0,0,0,0,1
33.001435,0,0,0,1,0,1,0,0,1
33.002395,0,0,0,0,0,0,1,0,0
33.004611,0,0,1,0,0,0,0,0,0
33.020395,1,0,0,0,1,0,0,1,0
33.030407,0,0,1,0,0,0,0,0,0
33.040444,0,1,1,0,0,0,0,0,0
33.048031,0,0,0,1,0,1,1,0,1
33.066213,1,0,0,0,1,0,0,0,0
33.070890,0,0,0,0,0,0,0,1,0
33.084167,0,0,1,0,0,0,0,0,0
33.093136,0,1,0,0,0,0,0,0,0
33.096525,0,0,0,0,0,1,0,0,0
33.101283,0,0,0,1,0,0,1,0,1
33.115391,1,0,0,0,1,0,0,0,0
33.129036,0,0,0,0,0,0,0,1,0
33.138200,0,0,1,0,0,0,0,0,0
33.146567,0,0,0,0,0,1,0,0,1
33.150776,0,1,0,1,0,0,0,0,0
33.184500,0,0,1,0,0,0,1,0,0
33.196071,1,0,0,0,1,1,0,1,1
33.200047,0,0,0,1,0,0,0,0,0
33.218025,0,1,0,0,0,0,1,0,0
33.230524,1,0,1,0,1,0,0,1,0
33.248322,0,0,0,1,0,1,0,0,1
33.257535,0,1,0,0,0,0,0,0,0
33.279879,0,0,1,0,0,0,0,0,0
33.296985,0,0,0,0,0,1,0,0,0
33.301587,0,0,0,1,0,0,0,0,1
33.337562,0,0,1,0,0,0,1,0,0
33.347768,1,0,0,0,1,1,1,0,1
33.350004,0,0,0,1,0,0,0,1,0
33.358017,1,0,0,0,1,0,0,0,0
33.379698,0,1,1,0,0,0,0,1,0
33.382203,0,0,0,0,0,0,1,0,0
33.398028,1,0,0,1,1,1,0,0,1
33.408682,0,1,0,0,0,0,1,0,0
33.428591,1,0,1,0,1,0,0,1,0
33.448039,0,0,0,1,0,1,1,1,1
33.450154,0,1,0,0,0,0,0,0,0
33.466717,1,0,0,0,1,0,0,1,0
33.478039,0,1,1,0,0,0,0,0,0
33.496575,0,1,0,0,0,1,0,0,1
33.498760,0,0,0,1,0,0,0,0,0
33.502569,0,0,0,0,0,0,1,0,0
33.515308,1,0,0,0,1,0,0,0,0
33.519592,0,0,0,0,0,0,0,1,0
33.528353,0,0,1,0,0,0,0,0,0
33.549253,0,1,0,1,0,1,1,0,1
33.568918,1,0,0,0,1,0,0,0,0
33.586068,0,0,1,0,0,0,0,0,0
33.599769,0,0,0,1,0,1,1,0,1
33.616278,1,0,0,0,0,0,0,0,0
33.626733,0,0,0,0,0,0,0,1,0
33.632306,0,0,1,0,1,0,0,1,0
33.646857,0,1,0,0,0,1,0,0,0
33.649600,0,0,0,1,0,0,1,0,0
33.651070,0,0,0,0,0,0,0,0,1
33.659835,1,1,0,0,1,0,0,0,0
33.688417,0,0,1,0,0,0,0,1,0
33.699403,0,0,0,1,0,1,1,0,1
33.708776,0,1,0,0,0,0,0,0,0
33.712434,1,0,0,0,0,0,0,0,0
33.735462,0,0,1,0,1,0,0,0,0
33.750461,0,0,0,1,0,1,1,0,0
33.769796,1,0,0,0,0,0,0,0,1
33.800902,0,0,1,1,1,1,1,1,0
33.818182,1,0,0,0,1,0,0,0,1
33.824811,0,1,0,0,0,0,0,1,0
33.846203,0,1,0,0,0,1,0,1,0
33.849891,0,0,1,1,0,0,0,0,1
33.864382,0,0,0,0,0,0,1,0,0
33.875674,1,1,0,0,1,0,0,1,0
33.881734,0,0,1,0,0,0,0,0,0
33.896454,0,1,0,0,0,1,0,0,1
33.900771,0,0,0,1,0,0,0,0,0
33.936208,0,0,1,0,0,0,1,0,0
33.946661,1,0,0,0,0,1,0,0,1
33.951202,0,0,0,1,1,0,1,0,0
33.969409,1,0,0,0,0,0,0,1,0
33.977551,0,0,1,0,0,0,0,0,0
33.996703,0,1,0,0,1,1,0,1,0
33.998514,0,0,0,1,0,0,1,0,1
34.017081,1,1,0,0,1,0,0,1,0
34.029786,0,0,1,0,0,0,0,0,0
34.046012,0,1,0,0,0,1,0,0,1
34.049656,0,0,0,1,0,0,0,0,0
34.063646,0,0,0,0,0,0,1,0,0
34.074903,1,0,0,0,1,0,0,0,0
34.084297,0,0,1,0,0,0,0,0,0
34.098513,0,0,0,1,0,1,1,0,1
34.110135,1,0,0,0,1,0,0,0,0
34.129677,0,0,1,0,0,0,0,1,0
34.148559,0,0,0,1,0,1,0,1,1
34.153427,0,1,0,0,0,0,1,0,0
34.163642,1,0,0,0,1,0,0,1,0
34.178559,0,1,1,0,0,0,0,0,0
34.192996,0,1,0,0,0,0,0,0,0
34.198406,0,0,0,1,0,1,0,0,0
34.246331,0,0,0,0,0,1,1,0,0
34.251641,0,0,0,1,0,0,0,0,0
34.261939,1,0,0,0,1,0,1,1,0
34.281939,1,1,0,0,1,0,0,1,1
34.301980,0,1,0,1,0,1,1,0,1
34.319639,1,0,1,0,1,0,0,1,1
34.340860,0,1,1,0,0,0,0,0,0
34.346529,0,0,0,0,0,1,0,0,1
34.348040,0,0,0,1,0,0,0,0,0
34.353629,0,0,1,0,0,0,1,0,0
34.367402,1,0,0,0,1,0,0,0,0
34.381893,0,0,1,0,0,0,0,1,0
34.401926,0,1,0,1,0,1,0,0,0
34.406553,0,0,0,0,0,0,0,0,1
34.446164,0,0,1,0,0,1,1,0,1
34.451994,0,0,0,1,0,0,0,0,0
34.454617,0,0,0,0,0,0,1,0,0
34.461164,1,0,0,0,1,0,0,0,0
34.467976,1,0,0,0,1,0,0,1,0
34.471420,0,0,0,0,0,0,0,1,0
34.478359,0,0,1,0,0,0,0,0,0
34.496024,0,1,0,0,0,1,0,0,1
34.497023,0,1,0,0,0,0,0,0,0
34.501845,0,0,0,1,0,0,0,0,0
34.508578,0,0,0,0,0,0,1,0,0
34.524459,1,0,0,0,0,0,0,0,0
34.531777,0,0,1,0,1,0,0,0,0
34.550381,0,0,0,1,0,1,0,1,0
34.553131,0,0,0,0,0,0,1,0,1
34.568452,1,0,0,0,0,0,0,0,0
34.572396,0,1,0,0,0,0,0,0,0
34.580406,0,0,0,0,1,0,0,1,0
34.593066,0,0,1,0,0,0,0,0,0
34.598985,0,0,0,1,0,1,0,0,1
34.599767,0,0,0,0,0,0,1,0,0
34.610281,1,1,0,0,0,0,0,0,0
34.633748,0,0,1,0,1,0,0,1,0
34.649350,0,0,0,1,0,1,1,0,1
34.653748,0,1,0,0,0,0,0,0,0
34.666939,1,0,0,0,1,0,0,0,0
34.672525,0,0,0,0,0,0,0,1,0
34.687941,0,0,1,0,0,0,0,0,0
34.700086,0,1,0,1,0,1,1,0,0
34.718670,1,0,0,0,1,0,0,0,0
34.746173,0,0,0,0,0,1,0,1,1
34.748887,0,0,0,1,0,0,1,0,1
34.762379,1,0,0,0,1,0,0,1,0
34.772816,0,1,0,0,0,0,0,0,0
34.783662,0,1,1,0,0,0,0,0,0
34.786513,0,0,1,0,0,0,0,0,0
34.798500,0,0,0,1,0,1,1,0,1
34.816115,1,0,0,0,1,0,0,0,0
34.836920,0,0,1,0,0,0,0,0,0
34.846852,0,0,0,0,0,1,0,1,0
34.851596,0,0,0,1,0,0,1,0,1
34.867028,1,1,0,0,1,0,0,0,0
34.888851,0,0,1,0,0,0,0,1,0
34.898552,0,0,0,1,0,1,1,0,0
34.908555,1,0,0,0,1,0,0,1,0
34.908703,0,0,0,0,0,0,0,0,1
34.916618,0,1,0,0,0,0,0,0,0
34.929104,0,1,0,0,0,0,0,0,0
34.946047,0,0,1,0,0,1,0,0,1
34.951746,0,0,0,1,0,0,0,0,0
34.983117,0,0,1,0,0,0,0,0,0
34.996043,0,0,0,0,0,1,1,0,1
34.998192,0,0,0,1,0,0,0,0,0
35.006961,1,0,0,0,0,0,0,0,0
35.016683,0,0,0,0,1,0,0,1,0
35.023630,0,0,0,0,0,0,1,0,0
35.029061,0,0,1,0,0,0,0,0,0
35.039701,1,1,0,0,1,0,0,1,0
35.046314,0,0,0,0,0,1,0,0,1
35.048966,0,0,0,1,0,0,1,0,0
35.064143,1,1,0,0,1,0,0,1,0
35.085949,0,1,1,0,0,0,0,0,0
35.096008,0,0,0,0,0,1,0,0,1
35.098918,0,0,0,1,0,0,0,0,0
35.132419,0,0,1,0,0,0,1,0,0
35.149717,1,0,0,1,1,1,0,1,1
35.179717,0,1,1,0,0,0,0,0,0
35.196335,0,0,0,0,0,1,0,0,0
35.197150,0,0,0,0,0,0,1,0,1
35.198151,0,0,0,1,0,0,1,0,0
35.210872,1,0,0,0,0,0,0,0,0
35.215069,1,0,0,0,0,0,0,0,0
35.232702,0,0,1,0,0,0,0,0,0
35.249700,0,0,0,1,0,1,1,0,0
35.253729,0,0,0,0,1,0,0,0,0
35.266539,1,0,0,0,1,0,0,0,1
35.300372,0,0,1,1,1,1,0,1,0
35.322789,0,1,0,0,0,0,0,1,1
35.351384,0,1,0,1,0,1,0,0,0
35.352260,0,0,0,0,0,0,1,0,0
35.362701,1,0,1,0,0,0,1,0,1
35.379286,1,0,0,0,1,0,0,1,0
35.398200,0,0,1,1,1,1,1,0,0
35.398818,0,0,0,0,0,0,0,1,1
35.408229,1,1,0,0,0,0,0,1,0
35.421945,0,1,0,0,1,0,0,0,0
35.428463,0,1,0,0,0,0,0,0,0
35.431096,0,0,1,0,0,0,0,0,0
35.446370,0,0,0,0,0,1,0,1,0
35.451959,0,0,0,1,0,0,0,0,0
35.470180,0,1,0,0,0,0,0,0,0
35.496732,0,0,0,0,0,1,0,0,1
35.501158,0,0,0,1,0,0,0,0,1
35.533174,0,0,1,0,0,0,0,0,0
35.537219,0,0,1,0,0,0,1,0,0
35.549089,1,0,0,1,0,1,1,0,0
35.567939,1,0,0,0,1,0,1,0,1
35.584155,1,0,0,0,1,0,0,0,0
35.601284,0,0,1,1,1,1,0,1,1
35.631284,0,1,1,0,0,0,0,1,0
35.651633,0,1,0,1,0,1,0,1,1
35.681633,0,1,1,0,0,0,0,0,0
35.696287,0,0,0,0,0,1,0,0,0
35.699921,0,0,0,1,0,0,1,0,0
35.712248,1,0,0,0,1,0,0,0,0
35.726047,0,0,0,0,0,0,1,1,1
35.746047,1,1,0,0,1,1,1,1,0
35.750160,0,0,0,1,0,0,0,0,0
35.766047,1,1,1,0,1,0,0,0,1
35.796021,0,0,0,0,0,1,1,1,0
35.796198,0,0,1,0,0,0,0,0,1
35.799213,0,0,0,1,0,0,0,0,0
35.809737,1,0,0,0,0,0,0,0,0
35.822043,0,1,0,0,1,0,1,0,0
35.830501,0,0,1,0,0,0,0,0,0
35.841387,1,0,0,0,0,0,0,1,0
35.846000,0,0,0,0,1,1,0,1,0
35.851592,0,0,0,1,0,0,0,0,0
35.863205,0,1,0,0,0,0,0,0,1
35.867837,0,1,0,0,0,0,1,0,0
35.877989,1,0,0,0,1,0,0,0,0
35.896263,0,0,1,0,0,1,0,0,1
35.900754,0,0,0,1,0,0,0,1,0
35.921111,0,1,0,0,0,0,1,0,0
35.934952,1,0,1,0,0,0,0,0,0
35.948364,0,0,0,1,1,1,0,1,1
35.970332,0,1,0,0,0,0,1,0,0
35.981338,1,0,1,0,0,0,0,0,0
35.998745,0,0,0,1,1,1,0,1,0
36.021696,0,1,0,0,0,0,1,0,1
36.036936,1,0,0,0,1,0,0,1,0
36.051887,0,0,1,1,0,1,0,0,0
36.061895,0,1,0,0,0,0,1,0,0
36.069735,0,0,0,0,0,0,0,0,1
36.076322,1,0,0,0,1,0,0,0,0
36.098127,0,0,0,1,0,1,0,1,0
36.103804,0,0,1,0,0,0,0,0,1
36.111915,0,0,0,0,0,0,1,0,0
36.124451,1,1,0,0,1,0,0,0,0
36.136986,0,0,1,0,0,0,0,0,0
36.146885,0,0,0,0,0,1,0,1,0
36.151479,0,0,0,1,0,0,0,0,0
36.161100,0,0,0,0,0,0,1,0,1
36.172803,1,1,0,0,0,0,0,0,0
36.198149,0,0,1,1,1,1,1,0,0
36.209228,1,0,0,0,1,0,0,1,1
36.231111,0,1,0,0,0,0,0,0,0
36.246540,0,0,1,0,0,1,0,0,1
36.250569,0,0,0,1,0,0,0,1,0
36.273054,0,1,0,0,0,0,1,0,0
36.286042,1,0,1,0,0,0,0,0,0
36.296053,0,0,0,0,0,1,0,0,0
36.297015,0,0,0,0,1,0,0,0,1
36.300180,0,0,0,1,0,0,0,1,0
36.328828,0,1,1,0,0,0,0,0,0
36.346209,0,0,0,0,0,1,0,0,0
36.347145,0,0,0,0,0,0,0,0,1
36.348412,0,0,0,1,0,0,0,0,0
36.371279,0,0,0,0,0,0,1,0,0
36.374706,0,0,0,0,0,0,1,0,0
36.385770,1,0,1,0,1,0,0,1,0
36.393996,1,0,0,0,0,0,0,0,0
36.396294,0,0,0,0,1,1,0,0,0
36.397205,0,0,0,0,0,0,0,0,1
36.401348,0,0,0,1,0,0,1,1,0
36.407884,0,1,0,0,0,0,0,0,0
36.421348,1,1,0,0,1,0,0,1,0
36.434072,0,0,1,0,0,0,0,0,0
36.448434,0,1,0,1,0,1,0,0,1
36.475864,0,0,0,0,0,0,1,0,0
36.486884,1,0,1,0,1,0,0,1,0
36.498200,0,0,0,1,0,1,0,0,1
36.514805,0,1,0,0,0,0,1,0,0
36.526858,1,0,0,0,1,0,0,1,0
36.537126,0,0,1,0,0,0,0,0,0
36.548335,0,1,0,1,0,1,1,0,1
36.562212,1,0,0,0,1,0,0,0,0
36.580150,0,0,1,0,0,0,0,0,0
36.596757,0,0,0,0,0,1,0,0,1
36.599859,0,0,0,1,0,0,1,1,0
36.619859,1,1,0,0,1,0,0,1,0
36.628343,0,0,1,0,0,0,0,0,0
36.646834,0,1,0,0,0,1,0,0,1
36.649224,0,0,0,1,0,0,0,0,0
36.675052,0,0,0,0,0,0,1,0,0
36.685656,1,0,1,0,1,0,0,1,0
36.700436,0,0,0,1,0,1,1,0,0
36.706343,0,1,0,0,0,0,0,0,0
36.719239,1,0,0,0,1,0,0,1,1
36.749239,0,1,1,1,0,1,1,0,1
36.767185,1,0,0,0,1,0,0,1,0
36.788958,0,1,1,0,0,0,0,0,0
36.800095,0,0,0,1,0,1,1,0,1
36.812344,1,0,0,0,1,0,0,0,0
36.836454,0,0,1,0,0,0,0,1,0
36.851462,0,0,0,1,0,1,0,0,1
36.852575,0,0,0,0,0,0,1,0,0
36.863979,1,1,0,0,1,0,0,1,0
36.887215,0,1,1,0,0,0,0,0,0
36.899264,0,0,0,1,0,1,1,0,1
36.914895,1,0,0,0,1,0,0,0,0
36.935672,0,0,1,0,0,0,0,0,0
36.946891,0,0,0,0,0,1,0,0,1
36.948101,0,0,0,1,0,0,0,1,0
36.968772,0,1,0,0,0,0,1,0,0
36.978872,1,0,1,0,1,0,0,0,0
36.996511,0,0,0,0,0,1,0,0,0
37.001628,0,0,0,1,0,0,1,0,0
37.014930,1,0,0,0,1,0,0,0,0
37.050973,0,0,0,1,0,1,1,0,1
37.056728,0,0,0,0,0,0,0,1,0
37.058746,0,0,0,0,0,0,0,0,1
37.069797,1,0,0,0,0,0,0,0,0
37.080991,0,1,1,0,0,0,0,0,0
37.098375,0,0,1,1,1,1,0,0,1
37.105891,0,0,0,0,0,0,1,0,0
37.108499,0,0,0,0,0,0,0,1,0
37.113440,0,0,0,0,0,0,0,1,0
37.122362,1,0,0,0,0,0,0,0,0
37.128383,0,0,1,0,1,0,0,1,0
37.134077,0,1,0,0,0,0,0,0,0
37.141536,0,1,0,0,0,0,0,0,0
37.148162,0,0,0,1,0,1,0,0,1
37.155999,0,1,0,0,0,0,0,0,0
37.174333,0,0,0,0,0,0,1,0,0
37.181274,0,0,1,0,0,0,0,0,0
37.186446,1,0,0,0,1,0,0,0,0
37.196896,0,0,0,0,0,1,0,0,1
37.198791,0,0,0,1,0,0,0,1,0
37.224803,0,1,0,0,0,0,1,0,0
37.230030,0,0,1,0,0,0,0,0,0
37.242252,1,0,0,0,1,0,0,1,0
37.250167,0,0,0,1,0,1,1,0,0
37.264989,1,1,0,0,1,0,0,0,0
37.296446,0,0,0,0,0,1,0,0,1
37.301717,0,0,0,1,0,0,1,1,0
37.321717,1,1,0,0,1,0,0,1,1
37.328264,0,0,1,0,0,0,0,0,0
37.341717,0,1,0,0,0,0,0,0,0
37.349911,0,0,0,1,0,1,0,0,0
37.360142,0,0,1,0,0,0,1,0,1
37.374741,1,0,0,0,1,0,0,1,0
37.398612,0,1,1,1,0,1,1,0,1
37.414938,1,0,0,0,1,0,0,0,0
37.419512,0,0,0,0,0,0,0,1,0
37.429930,0,0,1,0,0,0,0,0,0
37.448951,0,1,0,1,0,1,1,0,1
37.464856,1,0,0,0,1,0,0,0,0
37.475410,0,0,0,0,0,0,0,1,0
37.488648,0,0,1,0,0,0,0,0,0
37.500557,0,1,0,1,0,1,0,0,1
37.535062,0,0,1,0,0,0,1,0,0
37.548279,1,0,0,1,0,1,0,0,1
37.560282,0,0,0,0,1,0,0,1,0
37.578913,0,0,1,0,0,0,1,0,0
37.589006,1,1,0,0,0,0,0,0,0
37.590290,0,0,0,0,1,0,0,0,0
37.596364,0,0,0,0,0,1,0,1,0
37.600114,0,0,0,1,0,0,0,0,1
37.625191,0,1,0,0,0,0,0,0,0
37.627908,0,0,0,0,0,0,1,0,0
37.639011,1,0,1,0,1,0,0,0,0
37.648686,0,0,0,1,0,1,1,1,1
37.667386,1,0,0,0,1,0,0,0,0
37.668205,0,0,0,0,0,0,0,1,0
37.674774,0,1,0,0,0,0,0,0,0
37.688323,0,1,1,0,0,0,0,0,0
37.701816,0,0,0,1,0,1,0,0,0
37.748273,0,0,0,1,0,1,1,0,0
37.767062,1,0,0,0,0,0,0,0,1
37.797390,0,0,1,0,1,1,1,0,1
37.800944,0,0,0,1,0,0,1,1,0
37.812506,1,0,0,0,0,0,0,0,0
37.816871,1,0,0,0,0,0,0,0,0
37.823994,0,1,0,0,1,0,0,1,1
37.829923,0,0,1,0,1,0,0,1,0
37.846547,0,1,0,0,0,1,0,0,1
37.848922,0,0,0,1,0,0,1,0,0
37.859163,1,1,1,0,1,0,0,1,0
37.885458,0,1,1,0,0,0,0,0,0
37.901144,0,0,0,1,0,1,0,0,1
37.920614,0,0,0,0,0,0,1,0,0
37.930727,1,0,0,0,1,0,0,0,0
37.934854,0,0,1,0,0,0,0,0,0
37.948497,0,0,0,1,0,1,0,1,0
37.956365,0,0,0,0,0,0,1,0,0
37.972431,1,1,0,0,1,0,0,0,0
37.973612,0,0,0,0,0,0,0,1,0
37.996877,0,1,0,0,0,1,0,0,0
37.997787,0,0,0,0,0,0,0,0,1
37.999333,0,0,0,1,0,0,1,0,1
38.015677,1,0,0,0,0,0,0,0,0
38.029978,0,0,1,0,1,0,0,0,0
38.037206,0,0,1,0,0,0,0,0,0
38.050284,0,0,0,1,0,1,1,0,0
38.068325,1,0,0,0,0,0,0,0,1
38.100999,0,0,1,1,1,1,0,0,0
38.149231,0,0,0,1,0,1,1,1,1
38.162401,1,0,0,0,1,0,0,0,0
38.164324,0,0,0,0,0,0,1,1,0
38.175199,1,1,0,0,1,0,0,0,1
38.188014,0,1,1,0,0,0,0,1,0
38.200074,0,0,0,1,0,1,0,0,1
38.210319,0,1,1,0,0,0,1,0,0
38.230197,1,0,1,0,1,0,0,0,0
38.231443,0,0,0,0,0,0,0,1,0
38.246763,0,0,0,0,0,1,0,0,0
38.251899,0,1,0,1,0,0,1,0,1
38.268548,1,0,0,0,1,0,0,1,0
38.284836,0,0,1,0,0,0,0,0,0
38.298374,0,1,0,1,0,1,0,1,0
38.320839,0,1,0,0,0,0,1,0,0
38.335002,1,0,0,0,1,0,0,0,0
38.351605,0,0,0,1,0,1,1,1,1
38.365548,1,0,0,0,1,0,0,0,1
38.367966,0,0,0,0,0,0,0,1,0
38.372642,0,1,0,0,0,0,0,0,0
38.385461,0,0,1,0,0,0,0,0,0
38.397924,0,1,1,0,0,1,0,0,0
38.401052,0,0,0,1,0,0,1,0,1
38.419893,1,0,0,0,1,0,0,1,0
38.440438,0,1,1,0,0,0,0,0,0
38.446421,0,0,0,0,0,1,0,0,0
38.450635,0,0,0,1,0,0,1,0,0
38.463299,1,0,0,0,0,0,0,0,0
38.473012,0,0,0,0,1,0,0,0,0
38.496428,0,0,0,0,0,1,0,0,1
38.500457,0,0,0,1,0,0,1,0,0
38.512217,1,0,0,0,0,0,0,1,1
38.531157,0,0,1,0,0,0,0,0,0
38.531967,0,0,0,0,1,0,0,1,0
38.541153,0,1,0,0,0,0,0,0,0
38.548224,0,0,1,1,0,1,0,0,0
38.549595,0,0,0,0,0,0,1,0,1
38.561624,1,1,0,0,1,0,0,0,0
38.577323,0,0,0,0,0,0,0,1,0
38.587639,0,0,1,0,0,0,0,0,0
38.597466,0,1,0,0,0,1,0,0,1
38.601812,0,0,0,1,0,0,0,0,0
38.627778,0,0,1,0,0,0,0,0,0
38.634375,0,0,0,0,0,0,1,0,0
38.650284,1,0,0,1,1,1,0,1,1
38.680284,0,1,1,0,0,0,1,0,0
38.699580,1,0,0,1,1,1,1,0,0
38.714544,1,0,0,0,0,0,0,0,0
38.748536,0,0,0,1,0,1,0,1,0
38.766519,0,0,0,0,0,0,1,0,0
38.777152,1,1,0,0,1,0,0,1,1
38.800334,0,1,0,1,1,1,0,1,1
38.804776,0,0,0,0,0,0,0,0,1
38.805780,0,0,0,0,0,0,1,0,0
38.808645,0,0,1,0,0,0,0,0,0
38.816516,1,0,0,0,1,0,0,0,0
38.830334,0,1,1,0,0,0,0,1,0
38.835545,0,0,1,0,0,0,0,0,0
38.848731,0,0,0,1,0,1,0,0,1
38.849505,0,0,0,0,0,0,1,0,0
38.851195,0,1,0,0,0,0,0,0,0
38.865116,1,0,0,0,1,0,0,0,0
38.873471,0,0,0,0,0,0,0,1,0
38.884159,0,0,1,0,0,0,0,0,0
38.901189,0,1,0,1,0,1,0,0,1
38.931407,0,0,1,0,0,0,1,0,0
38.946494,1,0,0,0,1,1,0,0,1
38.950985,0,0,0,1,0,0,0,1,0
38.953441,0,0,0,0,0,0,1,0,0
38.972913,1,1,0,0,0,0,0,0,0
38.977302,0,0,1,0,1,0,0,0,0
39.001264,0,0,0,1,0,1,0,0,1
39.033941,0,0,1,0,0,0,1,1,0
39.046340,1,0,0,0,1,1,0,1,0
39.050795,0,0,0,1,0,0,1,0,0
39.063860,1,1,0,0,1,0,0,0,0
39.073538,0,1,0,0,0,0,0,1,0
39.087915,0,0,0,0,0,0,0,0,1
39.098782,0,1,0,1,0,1,0,0,0
39.115981,0,0,0,0,0,0,1,0,0
39.121781,0,0,1,0,0,0,0,0,0
39.133981,1,0,0,0,1,0,0,1,1
39.151776,0,0,0,1,0,1,0,0,0
39.163981,0,1,1,0,0,0,1,0,0
39.176092,1,0,0,0,0,0,0,0,0
39.199661,0,0,0,1,0,1,0,0,1
39.232858,0,0,1,0,0,0,0,0,0
39.243886,0,0,0,0,1,0,0,0,0
39.246166,0,0,0,0,0,1,1,0,0
39.247089,0,0,0,0,0,0,0,1,1
39.247544,0,0,0,0,0,0,0,0,1
39.249419,0,0,0,1,0,0,0,0,0
39.251854,0,0,0,0,0,0,1,0,0
39.265537,1,0,0,0,1,0,0,1,0
39.266388,1,0,0,0,1,0,0,0,0
39.269475,0,1,0,0,0,0,0,1,0
39.283576,0,0,1,0,0,0,0,0,0
39.284567,0,0,1,0,0,0,0,0,0
39.287230,0,1,0,0,0,0,0,0,0
39.298919,0,1,0,1,0,1,0,0,1
39.326431,0,0,0,0,0,0,1,0,0
39.337968,1,0,1,0,0,0,0,0,0
39.348942,0,0,0,1,0,1,0,0,0
39.400539,0,0,0,1,0,1,1,0,1
39.412533,1,0,0,0,0,0,0,0,0
39.413533,0,0,0,0,1,0,1,1,0
39.433533,1,1,1,0,1,0,0,0,1
39.450372,0,0,0,1,0,1,0,1,1
39.472644,0,1,1,0,1,0,1,0,0
39.490090,1,0,1,0,0,0,0,1,0
39.500510,0,0,0,1,1,1,0,1,0
39.511605,0,1,0,0,0,0,1,0,1
39.520514,0,1,0,0,0,0,0,0,0
39.526858,1,0,0,0,1,0,0,1,0
39.546236,0,0,1,0,0,1,0,0,1
39.551176,0,1,0,1,0,0,1,0,0
39.566843,1,0,0,0,1,0,0,1,0
39.577026,0,0,1,0,0,0,0,0,0
39.594910,0,1,0,0,0,0,0,0,0
39.596461,0,0,0,0,0,1,0,0,1
39.600772,0,0,0,1,0,0,1,0,0
39.613867,1,0,0,0,1,0,0,0,0
39.627559,0,0,1,0,0,0,0,0,0
39.648082,0,0,0,1,0,1,1,0,1
39.662368,1,0,0,0,0,0,0,0,0
39.671159,0,0,0,0,1,0,0,0,0
39.681320,0,0,1,0,0,0,0,1,0
39.701688,0,1,0,1,0,1,0,0,1
39.727713,0,0,0,0,0,0,0,1,0
39.740849,0,0,1,0,0,0,0,0,0
39.747803,0,1,0,0,0,1,0,0,1
39.747901,0,0,0,0,0,0,1,0,0
39.749608,0,0,0,1,0,0,0,0,0
39.760940,1,0,0,0,0,0,1,0,0
39.778917,1,0,1,0,1,0,0,1,0
39.798107,0,0,0,1,1,1,1,0,1
39.808531,1,1,0,0,0,0,0,0,0
39.812874,0,0,0,0,0,0,0,1,0
39.817297,0,0,0,0,1,0,0,1,0
39.834386,0,1,1,0,0,0,0,0,0
39.846603,0,1,0,0,0,1,0,0,1
39.849428,0,0,0,1,0,0,1,0,0
39.867237,1,0,0,0,1,0,0,0,0
39.880546,0,0,1,0,0,0,0,1,0
39.901698,0,1,0,1,0,1,0,0,0
39.943866,0,0,0,0,0,0,1,0,0
39.944902,0,0,0,0,0,0,0,0,1
39.946321,0,0,0,0,0,1,0,0,0
39.947319,0,0,0,0,0,0,0,0,1
39.951504,0,0,0,1,0,0,0,0,0
39.961859,1,0,0,0,1,0,0,0,0
39.970575,0,0,0,0,0,0,0,1,0
39.977733,0,0,1,0,0,0,1,0,0
39.984209,0,0,1,0,0,0,0,0,0
39.997085,1,1,0,0,1,1,0,0,0
39.999879,0,0,0,1,0,0,1,0,1
40.014946,1,0,0,0,0,0,0,1,0
40.033618,0,0,1,0,0,0,0,0,0
40.043918,0,1,0,0,1,0,0,0,0
40.046052,0,0,0,0,0,1,0,1,1
40.049242,0,0,0,1,0,0,1,0,0
40.067529,1,1,0,0,0,0,0,0,0
40.080572,0,0,1,0,1,0,0,1,0
40.098374,0,0,0,1,0,1,1,0,1
40.100880,0,1,0,0,0,0,0,0,0
40.115068,1,0,0,0,1,0,0,0,0
40.133263,0,0,1,0,0,0,0,1,0
40.151623,0,0,0,1,0,1,0,0,1
40.156876,0,1,0,0,0,0,1,0,0
40.176474,1,0,0,0,0,0,0,0,0
40.180061,0,0,0,0,1,0,0,0,0
40.186822,0,0,1,0,0,0,0,0,0
40.198533,0,0,0,1,0,1,0,1,1
40.220107,0,1,0,0,0,0,0,0,0
40.233334,0,0,1,0,0,0,0,0,0
40.236508,0,0,0,0,0,0,1,0,0
40.249854,1,0,0,1,1,1,0,1,0
40.278148,0,1,0,0,0,0,1,0,0
40.296995,1,0,0,0,0,1,0,0,1
40.300164,0,0,0,1,1,0,0,1,0
40.321771,0,1,0,0,0,0,0,0,0
40.332236,0,0,1,0,0,0,1,0,0
40.348012,1,0,0,1,1,1,1,1,0
40.368012,1,1,0,0,1,0,0,1,1
40.398004,0,1,0,1,0,1,1,0,1
40.399185,0,0,1,0,0,0,0,0,1
40.416500,1,0,0,0,1,0,0,0,0
40.437886,0,0,1,0,0,0,0,1,0
40.438937,0,0,1,0,0,0,0,0,0
40.448123,0,0,0,1,0,1,0,0,1
40.460187,0,1,0,0,0,0,1,0,0
40.479175,1,0,1,0,1,0,0,0,0
40.498829,0,0,0,1,0,1,1,1,1
40.518829,1,1,0,0,1,0,0,0,0
40.524972,0,0,0,0,0,0,0,1,0
40.532967,0,0,1,0,0,0,0,0,0
40.546943,0,1,0,0,0,1,0,0,1
40.550068,0,0,0,1,0,0,0,0,0
40.585554,0,0,1,0,0,0,1,0,0
40.600000,1,0,0,1,1,1,1,1,0
40.601339,0,0,0,0,0,0,0,0,1
40.620000,1,1,0,0,0,0,0,0,0
40.622437,0,0,0,0,1,0,0,1,0
40.633053,0,0,1,0,0,0,0,0,0
40.642766,0,1,0,0,0,0,0,0,0
40.648985,0,0,0,1,0,1,1,0,1
40.662335,1,0,0,0,0,0,0,0,0
40.668805,0,0,0,0,1,0,0,1,0
40.688921,0,1,1,0,0,0,0,0,0
40.700394,0,0,0,1,0,1,1,0,1
40.714715,1,0,0,0,1,0,0,0,0
40.735824,0,0,1,0,0,0,0,1,0
40.748516,0,0,0,1,0,1,0,0,0
40.765812,0,1,0,0,0,0,1,0,1
40.783513,1,0,0,0,1,0,0,0,0
40.796922,0,0,1,0,0,1,0,0,1
40.797060,0,0,0,0,0,0,0,1,0
40.800243,0,0,0,1,0,0,1,0,0
40.819615,1,1,0,0,0,0,0,0,0
40.831554,0,0,1,0,0,0,0,0,0
40.833254,0,0,0,0,1,0,0,1,0
40.846117,0,0,0,0,0,1,0,0,1
40.848267,0,0,0,1,0,0,0,0,0
40.857775,0,1,0,0,0,0,0,0,0
40.877343,0,0,1,0,0,0,1,0,0
40.897194,1,0,0,0,1,1,0,0,1
40.898102,0,0,0,1,0,0,0,1,0
40.922764,0,1,0,0,0,0,0,0,0
40.923800,0,0,0,0,0,0,1,0,0
40.934588,1,0,1,0,1,0,0,0,0
40.946239,0,0,0,0,0,1,0,0,1
40.948433,0,0,0,1,0,0,0,0,0
40.985021,0,0,1,0,0,0,0,0,0
40.996364,0,0,0,0,0,1,0,0,0
40.998754,0,0,0,1,0,0,0,1,0
41.023793,0,1,0,0,0,0,0,0,0
41.046249,0,0,0,0,0,1,1,0,0
41.048357,0,0,0,1,0,0,0,0,1
41.060491,1,0,0,0,1,0,1,0,1
41.066264,0,0,0,0,0,0,1,1,0
41.078801,1,0,1,0,1,0,0,0,0
41.084245,1,0,0,0,0,0,0,0,0
41.089317,0,1,0,0,0,0,0,1,0
41.098507,0,0,1,1,1,1,1,1,0
41.110912,1,1,0,0,1,0,0,0,0
41.114170,0,0,0,0,0,0,0,1,0
41.115508,0,0,0,0,0,0,0,0,1
41.121647,0,1,0,0,0,0,0,0,0
41.136551,0,1,0,0,0,0,0,0,0
41.149661,0,0,1,1,0,1,0,0,1
41.188398,0,0,1,0,0,0,0,0,0
41.196625,0,0,0,0,0,1,1,0,1
41.201774,0,0,0,1,0,0,1,0,0
41.208542,1,0,0,0,0,0,0,0,0
41.221667,1,0,0,0,1,0,0,1,0
41.224906,0,0,0,0,1,0,0,0,0
41.225688,0,0,0,0,0,0,0,1,0
41.227841,0,0,1,0,0,0,0,0,0
41.246814,0,1,0,0,0,1,0,0,1
41.248000,0,1,0,1,0,0,1,0,0
41.263604,1,0,0,0,1,0,0,0,0
41.286193,0,0,1,0,0,0,0,1,0
41.301682,0,0,0,1,0,1,0,0,0
41.310443,0,1,0,0,0,0,1,0,0
41.320896,1,0,0,0,1,0,0,0,1
41.351988,0,0,1,1,0,1,0,1,0
41.354156,0,0,0,0,0,0,1,0,1
41.370894,1,0,0,0,0,0,0,0,0
41.371358,0,0,0,0,1,0,0,1,0
41.375039,0,1,0,0,0,0,0,0,0
41.388794,0,0,1,0,0,0,0,0,0
41.396714,0,1,0,0,0,1,0,0,0
41.398423,0,0,0,1,0,0,0,0,0
41.444818,0,0,0,0,0,0,0,0,1
41.446004,0,0,0,0,0,1,1,0,0
41.449520,0,0,0,1,0,0,0,0,0
41.460472,1,0,0,0,1,0,0,0,1
41.476077,0,0,1,0,0,0,0,1,0
41.492052,0,0,1,0,0,0,0,0,0
41.496004,0,0,0,0,0,1,0,0,1
41.496630,0,1,0,0,0,0,1,0,0
41.499379,0,0,0,1,0,0,0,0,0
41.506885,1,0,0,0,1,0,0,1,0
41.528906,0,1,1,0,0,0,0,0,0
41.546969,0,0,0,0,0,1,0,0,0
41.547631,0,0,0,0,0,0,0,0,1
41.550088,0,0,0,1,0,0,1,0,0
41.562469,1,0,0,0,1,0,1,1,0
41.582469,1,1,1,0,0,0,0,0,0
41.601202,0,0,0,1,1,1,1,0,1
41.614413,1,0,0,0,0,0,0,0,0
41.632778,0,0,1,0,1,0,0,1,0
41.651718,0,0,0,1,0,1,1,1,1
41.662735,1,1,0,0,1,0,0,0,0
41.681718,0,1,1,0,0,0,0,0,0
41.696011,0,0,0,0,0,1,0,1,0
41.701720,0,0,0,1,0,0,0,0,0
41.718677,0,1,0,0,0,0,0,0,1
41.750407,0,0,1,1,0,1,1,0,0
41.762047,1,0,0,0,0,0,1,0,1
41.780429,1,0,0,0,0,0,0,0,0
41.796506,0,0,1,0,0,1,0,0,0
41.800265,0,0,0,1,1,0,0,1,1
41.830265,0,1,1,0,1,0,0,1,0
41.850265,0,1,0,1,0,1,1,0,1
41.861423,1,0,0,0,0,0,0,0,0
41.887647,0,0,1,0,1,0,1,0,0
41.899821,1,0,0,1,1,1,1,1,1
41.915095,1,0,0,0,0,0,0,0,0
41.929821,0,1,1,0,1,0,0,1,0
41.951387,0,1,0,1,0,1,0,1,0
41.962993,0,0,0,0,0,0,1,0,1
41.977265,1,1,0,0,1,0,0,1,0
42.000621,0,1,1,1,0,1,0,0,0
42.049538,0,0,0,1,0,1,1,0,0
42.066395,1,0,0,0,1,0,1,0,1
42.068840,0,0,0,0,0,0,0,1,0
42.079851,1,0,0,0,0,0,0,0,1
42.096197,0,1,0,0,1,1,0,0,1
42.096296,0,0,0,0,0,0,0,1,0
42.096618,0,0,1,0,0,0,0,0,0
42.098065,0,0,0,1,0,0,0,0,0
42.114395,0,0,1,0,0,0,0,0,0
42.124826,0,1,0,0,0,0,1,0,0
42.135799,1,0,1,0,0,0,0,0,0
42.146229,0,0,0,0,1,1,0,1,1
42.150439,0,0,0,1,0,0,0,0,0
42.176229,0,1,1,0,0,0,1,0,0
42.194158,1,0,0,0,1,0,0,0,0
42.195134,0,0,0,0,0,0,0,1,0
42.198000,0,0,0,1,0,1,0,0,0
42.207063,0,0,0,0,0,0,0,0,1
42.212917,0,0,0,0,0,0,1,0,0
42.217623,0,1,0,0,0,0,0,0,0
42.232193,1,0,0,0,1,0,0,1,0
42.239491,0,0,1,0,0,0,0,0,0
42.248966,0,0,0,1,0,1,0,0,1
42.256106,0,1,0,0,0,0,0,0,0
42.273330,0,0,0,0,0,0,1,0,0
42.279265,0,0,1,0,0,0,0,0,0
42.287185,1,0,0,0,0,0,0,0,0
42.300609,0,0,0,1,1,1,1,1,1
42.320609,1,1,0,0,1,0,0,0,0
42.328532,0,0,0,0,0,0,0,1,0
42.335830,0,0,1,0,0,0,0,0,0
42.348260,0,0,0,1,0,1,1,0,1
42.358436,1,1,0,0,1,0,0,0,0
42.364158,0,0,0,0,0,0,0,1,0
42.386133,0,1,1,0,0,0,0,0,0
42.400968,0,0,0,1,0,1,0,0,0
42.451356,0,0,0,1,0,1,0,0,1
42.483678,0,0,1,0,0,0,1,0,0
42.500069,1,0,0,1,0,1,1,0,1
42.501699,0,0,0,0,0,0,1,0,0
42.518924,1,0,0,0,0,0,0,0,1
42.520895,1,0,0,0,1,0,0,0,0
42.532912,0,0,1,0,0,0,0,1,0
42.548461,0,0,0,1,0,1,1,0,0
42.548693,0,0,0,0,1,0,0,0,1
42.558602,1,1,1,0,1,0,0,0,0
42.568571,0,0,0,0,0,0,0,1,0
42.574139,0,0,0,0,0,0,0,1,0
42.585034,0,0,1,0,0,0,0,0,0
42.598342,0,1,0,1,1,1,1,1,0
42.602370,0,1,0,0,0,0,0,0,0
42.609299,1,0,0,0,0,0,0,0,0
42.614049,0,0,0,0,0,0,0,0,1
42.625163,0,1,0,0,1,0,0,0,0
42.649458,0,0,1,1,0,1,1,0,1
42.663831,1,0,0,0,0,0,0,0,0
42.678274,0,0,0,0,0,0,0,1,0
42.688371,0,0,1,0,1,0,0,1,0
42.696530,0,0,0,0,0,1,0,0,1
42.698004,0,0,0,1,0,0,1,0,0
42.708174,1,1,0,0,0,0,0,0,0
42.708273,0,0,0,0,1,0,0,1,0
42.709751,0,1,0,0,0,0,0,0,0
42.726530,0,0,1,0,0,0,0,0,0
42.731251,0,1,0,0,0,0,0,0,0
42.750775,0,0,0,1,0,1,0,0,1
42.754886,0,0,0,0,0,0,1,0,0
42.774206,1,0,0,0,1,0,0,0,0
42.775799,0,0,0,0,0,0,0,1,0
42.790565,0,0,1,0,0,0,0,0,0
42.796855,0,1,0,0,0,1,0,0,0
42.800479,0,0,0,1,0,0,0,0,1
42.827395,0,0,0,0,0,0,1,0,0
42.835927,0,0,1,0,0,0,0,0,0
42.847079,1,0,0,0,0,1,0,0,0
42.851387,0,0,0,1,1,0,0,0,0
42.896192,0,0,0,0,0,1,0,1,0
42.900527,0,0,0,1,0,0,0,0,0
42.920182,0,1,0,0,0,0,1,0,1
42.938123,1,0,0,0,1,0,0,1,0
42.951270,0,0,1,1,0,1,0,0,1
42.952666,0,0,0,0,0,0,0,0,1
42.965340,0,1,0,0,0,0,1,0,0
42.984944,1,0,1,0,1,0,1,1,0
42.987803,0,0,1,0,0,0,0,0,0
42.996081,1,0,0,0,0,1,0,0,1
43.000658,0,0,0,1,1,0,1,1,0
43.005443,0,1,0,0,0,0,0,0,0
43.020658,1,1,0,0,0,0,0,0,0
43.022516,0,0,0,0,1,0,0,1,0
43.028742,0,0,1,0,0,0,0,0,0
43.049775,0,1,0,1,0,1,0,0,0
43.098167,0,0,0,1,0,1,1,0,0
43.113488,1,0,0,0,1,0,1,0,0
43.131952,1,0,0,0,0,0,0,1,0
43.150196,0,0,0,1,1,1,0,0,0
43.156304,0,1,0,0,0,0,0,1,1
43.177191,0,1,0,0,0,0,1,0,0
43.186741,0,0,1,0,0,0,0,0,1
43.188926,1,0,0,0,0,0,0,0,1
43.199317,0,0,0,1,1,1,0,0,0
43.205101,0,0,0,0,0,0,1,1,0
43.225101,1,1,1,0,1,0,0,0,0
43.228373,0,0,1,0,0,0,0,0,0
43.246948,0,0,0,0,0,1,0,1,0
43.249551,0,0,0,1,0,0,1,0,0
43.264633,1,0,0,0,0,0,0,0,1
43.270388,0,1,0,0,0,0,0,0,1
43.272289,0,0,0,0,1,0,0,0,0
43.300049,0,0,1,1,0,1,1,1,1
43.310220,1,0,1,0,1,0,0,1,0
43.321434,0,1,0,0,0,0,0,0,0
43.330086,0,0,1,0,0,0,0,0,0
43.332415,0,1,0,0,0,0,0,0,0
43.348062,0,0,0,1,0,1,1,0,1
43.360056,1,0,0,0,0,0,0,0,0
43.370374,0,0,0,0,1,0,0,1,0
43.378739,0,0,1,0,0,0,0,0,0
43.396021,0,1,0,0,0,1,0,0,1
43.399301,0,0,0,1,0,0,0,0,0
43.407941,0,0,0,0,0,0,1,0,0
43.421772,1,0,0,0,1,0,0,1,0
43.430449,0,0,1,0,0,0,0,0,0
43.446412,0,1,0,0,0,1,0,0,0
43.448911,0,0,0,1,0,0,0,0,1
43.487594,0,0,1,0,0,0,0,0,0
43.496312,0,0,0,0,0,1,1,0,1
43.499604,0,0,0,1,0,0,1,0,0
43.509899,1,0,0,0,0,0,0,0,0
43.516820,1,0,0,0,1,0,0,0,0
43.522556,0,0,0,0,1,0,0,1,0
43.523556,0,0,0,0,0,0,0,1,0
43.527462,0,0,1,0,0,0,0,0,0
43.546604,0,1,0,0,0,1,0,0,1
43.549212,0,1,0,1,0,0,0,0,0
43.581657,0,0,1,0,0,0,0,0,0
43.596377,0,0,0,0,0,1,0,0,1
43.599232,0,0,0,1,0,0,1,0,0
43.616392,1,0,0,0,1,0,1,1,0
43.626392,1,0,1,0,1,0,0,1,0
43.646148,0,1,0,0,0,1,0,0,0
43.646270,0,0,0,0,0,0,0,0,1
43.648344,0,1,0,1,0,0,0,0,0
43.678155,0,0,1,0,0,0,1,0,0
43.698115,1,0,0,1,1,1,1,1,0
43.714046,1,0,0,0,1,0,0,0,0
43.724686,0,1,0,0,0,0,0,1,1
43.748933,0,1,0,1,0,1,0,0,1
43.755321,0,0,1,0,0,0,1,0,0
43.766428,1,0,0,0,1,0,0,0,0
43.771406,0,0,0,0,0,0,0,1,0
43.787266,0,0,1,0,0,0,0,0,0
43.796772,0,1,0,0,0,1,0,0,1
43.798345,0,0,0,1,0,0,0,0,0
43.827934,0,0,1,0,0,0,1,0,0
43.846355,1,0,0,0,1,1,0,1,0
43.848667,0,0,0,1,0,0,0,0,0
43.858432,0,0,0,0,0,0,1,0,1
43.866678,0,1,0,0,0,0,0,0,0
43.878391,1,0,0,0,1,0,0,0,0
43.898012,0,0,1,1,0,1,0,0,0
43.949419,0,0,0,1,0,1,0,0,0
44.000288,0,0,0,1,0,1,1,1,0
44.020288,1,1,0,0,1,0,0,0,0
44.046500,0,0,0,0,0,1,1,1,0
44.050609,0,0,0,1,0,0,0,0,0
44.065244,1,0,0,0,1,0,0,0,1
44.070859,0,1,0,0,0,0,1,0,0
44.086128,1,0,0,0,1,0,1,1,0
44.095605,0,0,1,0,0,0,0,0,1
44.096388,1,0,0,0,1,1,0,1,0
44.099021,0,0,0,1,0,0,0,1,0
44.106234,0,1,0,0,0,0,1,0,1
44.111141,0,0,0,0,0,0,0,0,1
44.126118,1,1,1,0,0,0,0,0,0
44.128075,0,1,0,0,1,0,0,0,1
44.146160,0,0,1,0,0,1,0,1,0
44.150500,0,0,1,1,0,0,1,0,0
44.167745,1,1,1,0,0,0,0,0,1
44.198505,0,0,1,1,1,1,0,0,0
44.250331,0,0,0,1,0,1,1,0,1
44.267402,1,0,0,0,0,0,1,0,0
44.283972,1,0,1,0,0,0,0,1,0
44.296665,0,0,0,0,0,1,0,0,1
44.299171,0,0,0,1,0,0,0,0,0
44.306689,0,1,0,0,1,0,0,0,1
44.327455,0,0,1,0,1,0,0,1,0
44.346432,0,0,1,0,0,1,1,1,1
44.347566,0,1,0,0,0,0,0,0,0
44.350252,0,0,0,1,0,0,0,0,0
44.366432,1,1,0,0,1,0,0,1,0
44.373127,0,0,0,0,0,0,1,0,0
44.384235,1,0,1,0,0,0,0,0,0
44.385344,0,0,0,0,1,0,0,1,0
44.396368,0,1,0,0,0,1,0,0,1
44.400786,0,0,0,1,0,0,0,0,0
44.412838,0,1,0,0,0,0,1,0,0
44.423531,1,0,0,0,1,0,0,1,0
44.436048,0,0,1,0,0,0,0,0,0
44.450197,0,1,0,1,0,1,1,0,1
44.465197,1,0,0,0,0,0,0,0,0
44.484721,0,0,1,0,0,0,0,0,0
44.498000,0,0,0,1,0,1,0,0,0
44.546962,0,0,0,0,0,1,0,0,1
44.549009,0,0,0,1,1,0,0,1,1
44.575933,0,1,0,0,0,0,1,0,0
44.577609,0,0,1,0,0,0,1,0,0
44.587390,1,0,1,0,1,0,0,0,0
44.591754,1,0,0,0,0,0,0,0,0
44.594850,0,0,0,0,1,0,0,1,0
44.596811,0,0,0,0,0,1,0,1,0
44.600596,0,0,0,1,0,0,0,0,1
44.622319,0,1,0,0,0,0,1,0,0
44.624511,0,1,0,0,0,0,0,0,0
44.630724,0,0,1,0,0,0,0,0,0
44.634632,1,0,0,0,1,0,0,1,0
44.649809,0,0,0,1,0,1,1,0,1
44.661393,1,1,0,0,0,0,0,0,0
44.689748,0,0,1,0,1,0,0,0,0
44.696861,0,0,0,0,0,1,0,1,0
44.697778,0,0,0,0,0,0,0,0,1
44.700408,0,0,0,1,0,0,0,0,0
44.718274,0,1,0,0,0,0,1,0,0
44.733614,1,0,1,0,1,0,0,0,0
44.749304,0,0,0,1,0,1,1,0,1
44.761215,1,0,0,0,1,0,0,0,0
44.768491,0,0,0,0,0,0,0,1,0
44.781244,0,0,1,0,0,0,0,0,0
44.789352,0,1,0,0,0,0,0,1,0
44.801536,0,0,0,1,0,1,1,0,1
44.813201,1,1,0,0,1,0,0,1,0
44.841370,0,1,1,0,0,0,0,0,0
44.849640,0,0,0,1,0,1,1,0,0
44.864880,1,0,0,0,0,0,0,0,0
44.874144,0,0,0,0,1,0,0,1,1
44.896894,0,1,0,0,0,1,0,0,0
44.900362,0,0,0,1,0,0,1,0,0
44.912036,1,0,1,0,1,0,0,0,1
44.948022,0,0,1,1,0,1,1,1,1
44.968022,1,1,0,0,1,0,0,1,0
44.988022,0,1,1,0,0,0,0,0,0
45.000727,0,0,0,1,0,1,1,0,0
45.014873,1,0,0,0,0,0,0,0,0
45.050894,0,0,0,1,1,1,0,1,0
45.054198,0,0,0,0,0,0,1,0,0
45.071346,1,1,0,0,1,0,0,1,1
45.101346,0,1,1,1,0,1,1,0,1
45.114820,1,0,0,0,1,0,0,0,0
45.134983,0,0,1,0,0,0,0,0,1
45.148240,0,0,0,1,0,1,0,1,0
45.171130,0,1,1,0,0,0,0,0,0
45.199379,0,0,0,1,0,1,0,0,0
45.236780,0,0,0,0,0,0,1,0,0
45.246963,1,0,0,0,0,1,0,0,0
45.247021,0,0,0,0,1,0,0,1,1
45.251289,0,0,0,1,0,0,1,0,0
45.265659,1,0,0,0,0,0,0,0,1
45.266546,0,0,0,0,1,0,1,0,1
45.276733,1,1,0,0,0,0,0,1,0
45.276877,0,0,0,0,1,0,0,1,0
45.281745,0,0,1,0,0,0,0,0,0
45.296057,0,0,1,0,0,1,0,0,1
45.296546,0,0,1,0,0,0,0,0,0
45.301937,0,1,0,1,0,0,1,0,0
45.303799,0,1,0,0,0,0,0,0,0
45.318225,1,0,0,0,1,0,0,0,0
45.329497,0,0,1,0,0,0,0,1,0
45.348119,0,0,0,1,0,1,1,0,0
45.349802,0,1,0,0,0,0,0,0,0
45.367593,1,0,0,0,1,0,0,0,1
45.399410,0,0,1,1,0,1,0,1,1
45.408064,0,0,0,0,0,0,1,0,0
45.426707,1,1,0,0,1,0,0,0,0
45.427830,0,0,0,0,0,0,0,1,0
45.438731,0,0,1,0,0,0,0,0,0
45.448329,0,1,0,1,0,1,0,0,1
45.464953,0,0,0,0,0,0,1,0,0
45.482687,1,0,1,0,1,0,0,0,0
45.496418,0,0,0,0,0,1,0,0,0
45.498092,0,0,0,1,0,0,0,1,1
45.520089,0,1,0,0,0,0,0,0,0
45.522249,0,0,0,0,0,0,1,0,0
45.537408,1,0,1,0,0,0,0,0,0
45.551634,0,0,0,1,1,1,1,1,1
45.571634,1,1,0,0,0,0,0,0,0
45.584307,0,0,1,0,1,0,0,1,0
45.599079,0,0,0,1,0,1,1,0,1
45.604888,0,1,0,0,0,0,0,0,0
45.611513,1,0,0,0,1,0,0,1,0
45.629846,0,0,1,0,0,0,0,0,0
45.634298,0,1,0,0,0,0,0,0,0
45.650704,0,0,0,1,0,1,1,0,1
45.667950,1,0,0,0,1,0,0,0,0
45.686082,0,0,1,0,0,0,0,1,0
45.698463,0,0,0,1,0,1,1,0,1
45.714449,1,1,0,0,0,0,0,0,0
45.733195,0,0,1,0,1,0,0,0,0
45.748407,0,0,0,1,0,1,0,1,1
45.776719,0,1,0,0,0,0,1,0,0
45.788282,1,0,1,0,1,0,0,1,0
45.800241,0,0,0,1,0,1,1,0,1
45.814658,1,1,0,0,0,0,0,0,0
45.826359,0,0,0,0,1,0,0,1,0
45.834154,0,0,1,0,0,0,0,0,0
45.846020,0,0,0,0,0,1,0,0,1
45.849073,0,1,0,1,0,0,1,0,0
45.860097,1,0,0,0,1,0,0,1,0
45.877352,0,0,1,0,0,0,0,0,0
45.885053,0,1,0,0,0,0,0,0,0
45.901641,0,0,0,1,0,1,1,0,0
45.916089,1,0,0,0,1,0,0,0,0
45.934370,0,0,0,0,0,0,0,1,0
45.950818,0,0,0,1,0,1,1,0,1
45.952107,0,0,0,0,0,0,0,0,1
45.963702,1,1,0,0,1,0,0,0,0
45.978460,0,0,0,0,0,0,0,1,0
45.985151,0,0,1,0,0,0,0,0,0
45.986191,0,0,1,0,0,0,0,0,0
45.998044,0,0,0,1,0,1,1,0,1
46.008457,1,1,0,0,0,0,0,0,0
46.025472,0,0,0,0,1,0,0,1,0
46.034018,0,0,1,0,0,0,0,0,0
46.049933,0,1,0,1,0,1,1,0,1
46.066806,1,0,0,0,1,0,0,0,0
46.075471,0,0,0,0,0,0,0,1,0
46.089222,0,0,1,0,0,0,0,0,0
46.098476,0,1,0,1,0,1,1,0,0
46.109980,1,0,0,0,1,0,0,1,1
46.130119,0,1,0,0,0,0,0,0,0
46.149354,0,0,1,1,0,1,0,0,1
46.179541,0,0,1,0,0,0,1,0,0
46.198766,1,0,0,1,0,1,0,0,0
46.248305,0,0,0,1,1,1,0,1,0
46.276821,0,1,0,0,0,0,0,0,1
46.300489,0,0,0,1,0,1,0,0,1
46.305258,0,0,0,0,0,0,1,0,1
46.315613,1,0,1,0,0,0,1,0,0
46.316850,0,0,0,0,1,0,1,0,0
46.327858,1,0,0,0,0,0,0,1,0
46.335919,1,0,1,0,1,0,0,0,0
46.339071,0,0,1,0,1,0,0,0,0
46.348230,0,1,0,1,0,1,0,1,1
46.368482,0,1,0,0,0,0,0,0,0
46.383739,0,0,1,0,0,0,0,1,0
46.399197,0,0,0,1,0,1,1,0,1
46.409757,1,1,0,0,0,0,1,0,0
46.427018,1,0,0,0,0,0,0,0,0
46.428104,0,0,0,0,1,0,0,1,0
46.429558,0,0,1,0,1,0,0,1,0
46.449409,0,1,0,1,0,1,0,0,1
46.455069,0,1,0,0,0,0,1,0,0
46.471047,1,0,0,0,0,0,0,0,0
46.474499,0,0,0,0,1,0,0,0,0
46.481025,0,0,1,0,0,0,0,1,0
46.499091,0,0,0,1,0,1,0,0,1
46.500036,0,0,0,0,0,0,1,0,0
46.510250,1,1,0,0,1,0,0,1,0
46.535220,0,1,1,0,0,0,0,0,0
46.546775,0,0,0,0,0,1,0,0,0
46.547609,0,0,0,0,0,0,0,0,1
46.551912,0,0,0,1,0,0,0,0,0
46.587140,0,0,1,0,0,0,0,0,0
46.601598,0,0,0,1,0,1,0,0,0
46.649234,0,0,0,1,0,1,1,0,1
46.666303,1,0,0,0,1,0,1,1,0
46.677295,1,0,0,0,1,0,0,1,1
46.678245,0,0,0,0,0,0,1,0,0
46.683584,0,0,1,0,0,0,0,0,0
46.696087,1,1,0,0,1,1,0,1,1
46.701645,0,1,0,1,0,0,1,0,0
46.716354,1,1,1,0,1,0,0,0,0
46.732996,0,0,1,0,0,0,0,0,0
46.746066,0,0,0,0,0,1,0,1,1
46.750121,0,0,0,1,0,0,0,0,0
46.773249,0,1,0,0,0,0,0,0,0
46.781419,0,0,1,0,0,0,1,0,0
46.798488,1,0,0,1,1,1,0,0,0
46.846067,0,0,0,0,0,1,0,1,0
46.850789,0,0,0,1,0,0,0,0,0
46.871123,0,1,0,0,0,0,0,0,0
46.896105,0,0,0,0,0,1,0,0,1
46.899891,0,0,0,1,0,0,0,0,1
46.929438,0,0,1,0,0,0,1,0,0
46.939466,1,0,1,0,1,0,1,0,1
46.949831,1,0,0,1,0,1,0,0,0
46.975750,0,0,1,0,0,0,1,1,0
46.995750,1,1,0,0,1,0,0,0,0
46.999930,0,0,0,1,1,1,0,1,1
47.029930,0,1,1,0,0,0,0,1,0
47.048852,0,0,0,1,0,1,1,0,0
47.058862,1,1,0,0,1,0,1,1,0
47.078862,1,1,0,0,0,0,1,0,0
47.083743,0,0,0,0,1,0,0,1,1
47.092770,1,0,0,0,1,0,0,1,0
47.096770,0,0,0,0,0,1,0,0,1
47.097104,0,0,0,0,0,0,0,0,1
47.098733,0,0,0,1,0,0,0,0,0
47.100026,0,0,0,0,0,0,1,0,0
47.112210,1,1,0,0,1,0,0,1,0
47.117739,0,1,1,0,0,0,0,0,0
47.130770,0,0,1,0,0,0,0,0,0
47.131362,0,0,1,0,0,0,0,0,0
47.139743,0,1,0,0,0,0,0,0,0
47.146496,0,0,0,0,0,1,0,0,1
47.149119,0,0,0,1,0,0,0,0,0
47.184817,0,0,1,0,0,0,0,0,0
47.200439,0,0,0,1,0,1,1,0,0
47.216927,1,0,0,0,1,0,0,0,0
47.246444,0,0,0,0,0,1,1,1,1
47.247093,0,0,0,0,0,0,0,0,1
47.251608,0,0,0,1,0,0,1,0,0
47.266444,1,1,0,0,0,0,0,0,0
47.268185,1,0,0,0,0,0,0,0,0
47.279920,0,0,1,0,1,0,0,1,0
47.286598,0,0,1,0,0,0,0,0,0
47.301374,0,1,0,1,0,1,1,0,1
47.321295,1,0,0,0,1,0,0,0,0
47.330080,0,0,0,0,1,0,0,1,0
47.330426,0,0,0,0,0,0,0,1,0
47.333981,0,0,1,0,0,0,0,0,0
47.348952,0,0,0,1,0,1,1,0,1
47.359844,1,1,0,0,0,0,0,0,0
47.360422,0,1,0,0,0,0,0,0,0
47.383646,0,0,1,0,1,0,0,1,0
47.398112,0,0,0,1,0,1,0,0,1
47.410788,0,1,0,0,0,0,0,0,0
47.432675,0,0,1,0,0,0,0,0,0
47.446647,0,0,0,0,0,1,0,0,0
47.448000,0,0,0,1,0,0,0,0,1
47.464392,0,0,0,0,0,0,1,0,0
47.475179,1,0,0,0,1,0,0,0,0
47.476842,0,0,0,0,0,0,1,1,0
47.485450,0,0,1,0,0,0,0,0,0
47.496842,1,1,0,0,0,1,0,0,1
47.498436,0,0,0,1,1,0,1,0,0
47.515091,1,0,0,0,1,0,0,1,0
47.536833,0,1,1,0,0,0,0,0,0
47.548570,0,0,0,1,0,1,1,1,0
47.568570,1,1,0,0,1,0,0,0,1
47.596078,0,0,0,0,0,1,0,1,1
47.598948,0,0,1,1,0,0,1,0,0
47.616452,1,1,0,0,0,0,0,0,0
47.629858,0,0,1,0,1,0,0,0,0
47.631813,0,0,0,0,0,0,0,1,0
47.651867,0,1,0,1,0,1,0,0,1
47.686353,0,0,1,0,0,0,0,0,0
47.696214,0,0,0,0,0,1,1,0,0
47.697192,0,0,0,0,0,0,0,0,1
47.700502,0,0,0,1,0,0,1,0,0
47.713218,1,0,0,0,1,0,0,0,0
47.717023,1,0,0,0,0,0,0,1,0
47.735561,0,0,1,0,1,0,0,0,0
47.746375,0,1,0,0,0,1,0,1,1
47.749743,0,0,0,1,0,0,0,0,0
47.776375,0,1,1,0,0,0,0,0,0
47.796504,0,0,0,0,0,1,0,0,0
47.800488,0,0,0,1,0,0,0,0,0
47.846911,0,0,0,0,0,1,1,0,1
47.847251,0,0,0,0,0,0,1,0,0
47.850405,0,0,0,1,0,0,1,0,0
47.864911,1,0,0,0,1,0,0,0,1
47.865911,1,0,0,0,1,0,0,1,0
47.868626,1,0,0,0,0,0,0,0,0
47.886625,0,1,1,0,1,0,0,0,0
47.896234,0,0,1,0,0,1,0,0,1
47.897155,0,0,0,0,0,0,0,1,0
47.900272,0,0,0,1,0,0,1,0,0
47.914409,1,0,0,0,1,0,0,0,0
47.922473,0,1,0,0,0,0,0,0,0
47.923861,0,0,0,0,0,0,0,1,0
47.924992,0,0,0,0,0,0,0,1,0
47.930606,0,0,1,0,0,0,0,0,0
47.950581,0,1,0,1,0,1,1,0,0
47.953636,0,1,0,0,0,0,0,0,0
47.969883,1,0,0,0,1,0,0,1,0
47.996664,0,1,0,0,0,1,0,0,0
47.998265,0,0,0,1,0,0,1,0,1
48.016581,1,0,0,0,1,0,0,0,1
48.034644,0,0,1,0,0,0,0,0,0
48.039305,0,0,0,0,0,0,0,1,0
48.046047,0,0,0,0,0,1,0,0,1
48.049106,0,0,1,1,0,0,1,0,0
48.067140,1,1,0,0,0,0,0,0,0
48.081833,0,0,1,0,0,0,0,0,0
48.098392,0,0,0,1,1,1,0,0,0
48.146285,0,0,0,0,0,1,1,0,0
48.147013,0,0,0,0,0,0,0,0,1
48.149340,0,0,0,1,0,0,1,1,1
48.160965,1,0,0,0,0,0,0,0,0
48.169340,1,1,0,0,0,0,0,0,0
48.186218,0,0,1,0,1,0,0,0,0
48.187554,0,0,1,0,0,0,0,0,0
48.200250,0,0,0,1,0,1,1,0,1
48.217462,1,0,0,0,0,0,0,1,0
48.237506,0,1,1,0,0,0,0,0,0
48.246066,0,0,0,0,1,1,0,0,1
48.250337,0,0,0,1,0,0,1,1,0
48.270337,1,1,0,0,1,0,0,0,0
48.281735,0,0,1,0,1,0,0,0,0
48.300178,0,0,0,1,0,1,0,0,0
48.316516,0,0,0,0,0,0,0,1,1
48.346516,0,1,1,0,0,1,0,1,0
48.347067,0,0,0,0,0,0,1,0,0
48.348808,0,0,0,1,0,0,1,0,0
48.366555,1,1,0,0,0,0,0,0,1
48.368218,1,0,0,0,0,0,0,0,0
48.396212,0,0,0,0,1,1,0,1,0
48.396878,0,0,1,0,1,0,0,0,0
48.398230,0,0,0,1,0,0,0,0,0
48.425558,0,1,0,0,0,0,0,1,0
48.446903,0,1,0,0,0,1,0,0,0
48.447003,0,0,0,0,0,0,1,0,0
48.448792,0,0,0,1,0,0,1,0,1
48.466004,1,0,0,0,1,0,0,0,1
48.467728,1,0,0,0,0,0,0,0,0
48.476032,0,0,0,0,0,0,0,1,0
48.477602,0,0,0,0,1,0,0,1,0
48.485155,0,0,1,0,0,0,0,0,0
48.500303,0,1,1,1,0,1,1,0,0
48.504572,0,1,0,0,0,0,0,0,0
48.507700,0,0,0,0,0,0,0,0,1
48.511196,1,0,0,0,1,0,0,1,0
48.536199,0,1,0,0,0,0,0,0,0
48.546000,0,0,1,0,0,1,0,0,1
48.551117,0,0,0,1,0,0,1,0,0
48.565737,1,0,0,0,1,0,0,1,0
48.580875,0,0,1,0,0,0,0,0,0
48.586189,0,1,0,0,0,0,0,0,0
48.598202,0,0,0,1,0,1,0,0,0
48.613105,0,0,0,0,0,0,1,0,0
48.630707,1,0,0,0,0,0,0,0,0
48.648598,0,0,0,1,0,1,0,0,0
48.696192,0,0,0,0,0,1,0,0,1
48.697073,0,0,0,0,1,0,1,1,0
48.698923,0,0,0,1,0,0,0,0,1
48.711568,1,0,0,0,0,0,0,0,1
48.713247,0,0,0,0,1,0,0,0,0
48.727024,0,1,1,0,0,0,1,1,0
48.730525,0,0,1,0,0,0,0,0,0
48.747024,1,1,1,0,1,1,0,0,0
48.751643,0,0,0,1,0,0,0,0,1
48.754895,0,0,0,0,0,0,1,1,0
48.771877,1,0,0,0,0,0,0,0,0
48.780073,0,1,0,0,1,0,0,1,0
48.789515,0,0,1,0,0,0,0,0,0
48.796574,0,0,0,0,0,1,0,0,1
48.801503,0,1,0,1,0,0,0,0,0
48.827558,0,0,1,0,0,0,1,0,0
48.847007,1,0,0,0,0,1,0,0,0
48.847504,0,0,0,0,0,0,0,0,1
48.847752,0,0,0,0,1,0,0,0,0
48.849150,0,0,0,1,0,0,1,0,0
48.861724,1,0,0,0,1,0,0,1,0
48.879294,0,0,1,0,0,0,0,1,0
48.890443,0,1,0,0,0,0,0,0,0
48.896929,0,0,0,0,0,1,0,0,1
48.898275,0,0,0,1,0,0,1,0,0
48.908895,1,1,0,0,1,0,0,0,0
48.927914,0,0,1,0,0,0,0,1,0
48.948450,0,1,0,1,0,1,1,0,0
48.963027,1,0,0,0,1,0,0,0,1
48.998338,0,0,1,1,0,1,1,0,1
49.011832,1,0,0,0,1,0,0,0,0
49.017649,0,0,0,0,0,0,0,1,0
49.035462,0,0,1,0,0,0,0,1,0
49.046483,0,1,0,0,0,1,0,0,1
49.051842,0,0,0,1,0,0,1,0,0
49.059891,0,1,0,0,0,0,0,0,0
49.064225,1,0,0,0,1,0,0,0,0
49.073848,0,0,0,0,0,0,0,1,0
49.080712,0,0,1,0,0,0,0,0,0
49.099531,0,1,0,1,0,1,1,0,0
49.115707,1,0,0,0,1,0,0,0,0
49.149831,0,0,0,1,0,1,0,0,1
49.180149,0,0,1,0,0,0,0,1,0
49.184425,0,0,0,0,0,0,1,0,1
49.199080,1,0,0,1,0,1,1,0,1
49.201746,0,1,0,0,0,0,0,0,0
49.213117,1,0,0,0,1,0,0,0,0
49.217095,0,0,1,0,1,0,0,0,0
49.233535,0,0,1,0,0,0,0,1,0
49.246591,0,0,0,0,0,1,0,1,0
49.247464,0,0,0,0,0,0,0,0,1
49.249110,0,0,0,1,0,0,1,0,0
49.261168,1,1,0,0,0,0,0,0,0
49.267515,0,1,0,0,1,0,0,1,0
49.279629,0,0,1,0,0,0,0,0,0
49.296805,0,1,0,0,0,1,0,0,0
49.300181,0,0,0,1,0,0,1,0,0
49.320046,1,0,0,0,0,0,0,0,1
49.348631,0,0,0,1,1,1,1,1,1
49.356594,0,0,1,0,0,0,0,0,0
49.360808,1,0,0,0,0,0,0,0,0
49.378631,0,1,1,0,1,0,0,0,0
49.399958,0,0,0,1,0,1,1,0,1
49.415354,1,0,0,0,0,0,0,1,0
49.438359,0,1,1,0,1,0,0,1,0
49.450000,0,0,0,1,0,1,0,0,1
49.464027,0,1,0,0,0,0,0,0,0
49.478825,0,0,0,0,0,0,1,0,0
49.489834,1,0,1,0,1,0,0,1,0
49.496139,0,0,0,0,0,1,0,0,1
49.501346,0,0,0,1,0,0,1,0,0
49.518314,1,1,0,0,1,0,0,0,0
49.519445,0,0,0,0,0,0,0,1,0
49.535425,0,0,1,0,0,0,0,0,0
49.549114,0,1,0,1,0,1,1,0,1
49.565842,1,0,0,0,0,0,0,0,0
49.586583,0,0,1,0,1,0,0,1,0
49.598409,0,0,0,1,0,1,1,0,1
49.614248,1,1,0,0,1,0,0,1,0
49.635425,0,1,1,0,0,0,0,0,0
49.651691,0,0,0,1,0,1,0,0,0
49.696396,0,0,0,0,0,1,1,0,1
49.699810,0,0,0,1,0,0,1,0,0
49.714944,1,0,0,0,0,0,0,0,0
49.716766,1,0,0,0,0,0,0,0,0
49.722452,0,0,0,0,0,0,0,0,1
49.724689,0,0,0,0,1,0,0,0,0
49.725576,0,0,0,0,0,0,0,1,0
49.725986,0,0,0,0,1,0,0,0,0
49.731438,0,0,1,0,0,0,0,0,0
49.749590,0,1,0,1,0,1,0,0,1
49.751248,0,0,0,0,0,0,0,1,0
49.760066,0,0,1,0,0,0,0,0,0
49.775736,0,1,0,0,0,0,0,0,0
49.786923,0,0,1,0,0,0,1,0,0
49.796959,1,0,0,0,0,1,0,0,0
49.797044,0,0,0,0,1,0,0,0,1
49.801181,0,0,0,1,0,0,0,1,0
49.813701,0,0,0,0,0,0,1,0,0
49.830001,1,1,1,0,1,0,0,0,0
49.851564,0,0,0,1,0,1,0,0,0
49.881943,0,0,0,0,0,0,1,1,1
49.896449,1,0,0,0,1,1,0,1,0
49.901963,0,1,0,1,0,0,0,0,1
49.904326,0,0,0,0,0,0,1,0,0
49.919323,1,1,1,0,1,0,0,1,0
49.940445,0,1,1,0,0,0,0,0,0
49.948000,0,0,0,1,0,1,0,0,1
49.980788,0,0,1,0,0,0,0,0,0
50.001078,0,0,0,1,0,1,1,0,0
50.016565,1,0,0,0,0,0,0,0,1
50.046010,0,0,0,0,1,1,1,1,0
50.049379,0,0,1,1,0,0,1,0,0
50.057281,1,0,0,0,0,0,0,0,1
50.059875,1,0,0,0,1,0,0,0,0
50.068352,0,1,0,0,0,0,0,1,0
50.097099,0,1,1,0,0,1,0,0,0
50.097550,0,0,0,0,1,0,0,0,0
50.100345,0,0,0,1,0,0,0,1,0
50.129373,0,1,0,0,0,0,0,0,0
50.148050,0,0,0,1,0,1,0,0,0
50.196017,0,0,0,0,0,1,1,0,0
50.197012,0,0,0,0,0,0,1,0,0
50.200712,0,0,0,1,0,0,0,0,0
50.206919,1,0,0,0,1,0,1,0,1
50.206966,0,0,0,0,0,0,0,1,1
50.206989,0,0,0,0,0,0,0,0,1
50.207098,1,0,0,0,0,0,0,0,0
50.221320,1,0,0,0,0,0,0,0,0
50.230587,0,1,0,0,1,0,0,1,0
50.246834,0,0,1,0,0,1,0,0,0
50.246929,0,0,1,0,1,0,0,0,0
50.246970,0,0,1,0,0,0,0,1,1
50.251640,0,1,0,1,0,0,1,0,0
50.265729,1,0,0,0,1,0,0,0,0
50.276970,0,1,1,0,0,0,0,0,0
50.300667,0,0,0,1,0,1,0,1,1
50.330667,0,1,1,0,0,0,0,0,0
50.346085,0,0,0,0,0,1,0,0,1
50.348082,0,0,0,1,0,0,1,0,0
50.358133,1,0,0,0,0,0,0,0,0
50.379485,0,0,1,0,0,0,0,0,0
50.396318,0,0,0,0,0,1,1,0,0
50.397032,0,0,0,0,1,0,0,1,0
50.399752,0,0,0,1,0,0,0,0,0
50.411119,1,0,0,0,1,0,0,1,0
50.412428,0,0,0,0,0,0,0,0,1
50.418868,0,1,0,0,0,0,1,0,0
50.431773,1,1,0,0,1,0,0,0,0
50.450027,0,0,1,1,0,1,0,1,1
50.480027,0,1,1,0,0,0,1,0,0
50.499732,1,0,0,1,1,1,1,1,0
50.519732,1,1,0,0,0,0,0,0,1
50.521426,0,0,0,0,1,0,0,1,0
50.548171,0,1,0,1,0,1,0,0,0
50.557266,0,0,1,0,0,0,1,0,0
50.569523,1,0,0,0,0,0,0,0,1
50.600692,0,0,1,1,1,1,1,1,0
50.608486,0,0,0,0,0,0,0,0,1
50.620692,1,1,0,0,1,0,0,1,0
50.646852,0,1,1,0,0,1,0,0,1
50.649184,0,0,0,1,0,0,0,0,0
50.653675,0,0,0,0,0,0,1,0,0
50.664370,1,0,0,0,1,0,0,1,0
50.686444,0,1,1,0,0,0,0,0,0
50.698558,0,0,0,1,0,1,1,0,0
50.715966,1,0,0,0,1,0,0,0,1
50.746607,0,0,1,0,0,1,0,0,0
50.751431,0,0,0,1,0,0,1,0,1
50.765062,1,0,0,0,1,0,0,1,0
50.781553,0,0,1,0,0,0,0,0,0
50.783660,0,0,0,0,0,0,0,1,0
50.786596,0,1,0,0,0,0,0,0,0
50.799455,0,0,0,1,0,1,0,0,1
50.804191,0,1,0,0,0,0,0,0,0
50.813726,0,0,0,0,0,0,1,0,0
50.827880,1,0,0,0,0,0,0,0,0
50.828466,0,0,0,0,1,0,0,1,0
50.835005,0,0,1,0,0,0,0,0,0
50.846646,0,0,0,0,0,1,0,0,0
50.850929,0,1,0,1,0,0,0,0,1
50.888361,0,0,1,0,0,0,1,0,0
50.901217,1,0,0,1,1,1,1,0,0
50.907117,0,0,0,0,0,0,0,1,0
50.915619,1,0,0,0,0,0,0,0,0
50.934246,0,1,0,0,1,0,0,0,1
50.948133,0,0,0,1,0,1,0,0,1
50.970302,0,0,1,0,0,0,1,1,0
50.978866,0,0,1,0,0,0,0,0,0
50.990302,1,1,0,0,1,0,0,1,0
51.000801,0,0,0,1,0,1,0,0,1
51.003130,0,0,0,0,0,0,1,0,0
51.018488,1,1,0,0,0,0,0,0,0
51.038442,0,0,1,0,0,0,0,0,0
51.048540,0,0,0,1,1,1,0,0,0
51.100886,0,0,0,1,0,1,1,1,1
51.120886,1,1,0,0,1,0,0,0,1
51.123863,0,0,0,0,0,0,0,1,0
51.137526,0,0,1,0,0,0,0,0,0
51.138620,0,0,0,0,0,0,1,0,0
51.148200,0,1,0,1,0,1,1,0,1
51.155988,1,0,1,0,1,0,0,0,0
51.163473,1,0,0,0,0,0,0,0,0
51.165065,0,0,0,0,1,0,0,0,0
51.187269,0,0,1,0,0,0,0,1,0
51.198227,0,0,0,1,0,1,1,1,0
51.212206,1,1,0,0,1,0,0,1,0
51.217119,0,0,0,0,0,0,0,0,1
51.225154,0,1,0,0,0,0,0,0,0
51.238441,0,1,0,0,0,0,0,0,0
51.248784,0,0,1,1,0,1,0,0,0
51.296179,0,0,0,0,0,1,0,0,1
51.301934,0,0,0,1,0,0,0,0,0
51.315941,0,0,0,0,0,0,0,0,1
51.327628,0,0,1,0,0,0,0,0,0
51.351775,0,0,1,1,0,1,0,0,1
51.355693,0,0,0,0,0,0,1,0,0
51.375315,1,0,0,0,0,0,0,0,0
51.379848,0,0,0,0,1,0,0,1,0
51.389090,0,0,1,0,0,0,1,0,0
51.401158,1,1,0,1,1,1,0,1,0
51.417266,0,0,0,0,0,0,0,0,1
51.421990,0,1,0,0,0,0,0,0,0
51.447530,0,0,1,0,0,1,0,0,1
51.447765,0,0,0,0,0,0,1,0,0
51.447883,0,0,0,0,0,0,1,0,0
51.450384,0,0,0,1,0,0,0,0,0
51.458935,1,0,0,0,1,0,1,0,0
51.464657,1,0,0,0,0,0,0,1,0
51.478421,1,0,1,0,0,0,0,0,0
51.490298,0,1,0,0,1,0,0,1,0
51.500397,0,0,0,1,1,1,0,1,1
51.518990,0,1,0,0,0,0,1,0,0
51.529301,1,1,0,0,1,0,0,1,0
51.535629,0,0,1,0,0,0,0,0,0
51.546909,0,0,0,0,0,1,0,0,1
51.548217,0,0,0,1,0,0,1,0,0
51.558294,1,1,0,0,1,0,0,0,0
51.583715,0,0,1,0,0,0,0,1,0
51.599594,0,0,0,1,0,1,0,0,1
51.606818,0,1,0,0,0,0,1,0,0
51.622231,1,0,0,0,1,0,0,0,0
51.633030,0,0,1,0,0,0,0,0,0
51.649281,0,0,0,1,0,1,1,0,1
51.668899,1,0,0,0,1,0,0,0,0
51.687127,0,0,1,0,0,0,0,0,0
51.698686,0,0,0,1,0,1,0,0,0
51.749617,0,0,0,1,0,1,0,1,1
51.779617,0,1,1,0,0,0,1,0,0
51.799085,1,0,0,1,0,1,1,1,1
51.805931,0,0,0,0,1,0,1,0,1
51.816380,1,0,0,0,1,0,0,1,0
51.819634,1,1,0,0,1,0,0,1,0
51.827067,0,0,0,0,0,0,0,1,0
51.838183,0,1,1,0,0,0,0,0,0
51.845538,0,1,1,0,0,0,0,0,0
51.846034,0,0,0,0,0,1,0,0,0
51.848245,0,1,0,1,0,0,0,0,0
51.879606,0,0,0,0,0,0,1,0,1
51.899232,1,0,0,1,1,1,0,1,1
51.919380,0,1,1,0,0,0,1,0,0
51.939084,1,0,1,0,1,0,0,0,0
51.946815,0,0,0,0,0,1,0,0,0
51.951419,0,0,0,1,0,0,1,1,1
51.964815,1,0,0,0,0,0,0,0,0
51.966967,0,0,0,0,1,0,0,0,0
51.971419,0,1,0,0,0,0,0,1,0
51.991419,0,1,1,0,0,0,0,0,0
52.000335,0,0,0,1,0,1,0,0,0
52.048296,0,0,0,1,0,1,1,0,1
52.054742,0,0,0,0,0,0,1,0,1
52.061409,1,0,0,0,0,0,0,0,0
52.067610,1,0,0,0,0,0,0,0,0
52.069802,0,0,0,0,1,0,0,0,0
52.074893,0,0,0,0,0,0,0,1,0
52.078788,0,0,1,0,1,0,0,1,0
52.087864,0,0,1,0,0,0,0,0,0
52.096571,0,1,0,0,0,1,0,0,0
52.097396,0,0,0,0,0,0,0,0,1
52.098076,0,0,0,1,0,0,1,0,0
52.108675,1,1,0,0,1,0,0,1,0
52.132394,0,1,1,0,0,0,0,0,0
52.146019,0,0,0,0,0,1,0,0,1
52.150492,0,0,0,1,0,0,0,0,0
52.179265,0,0,1,0,0,0,0,0,0
52.201900,0,0,0,1,0,1,0,0,0
52.246861,0,0,0,0,0,1,1,0,1
52.247216,0,0,0,0,0,0,1,0,0
52.249780,0,0,0,1,0,0,0,0,0
52.262137,1,0,0,0,1,0,1,1,0
52.266885,1,0,0,0,1,0,0,0,1
52.282137,1,1,1,0,1,0,0,0,0
52.300000,0,0,1,1,0,1,1,1,1
52.311412,1,0,0,0,1,0,0,0,0
52.312926,0,0,0,0,0,0,0,1,0
52.316225,0,0,0,0,0,0,0,1,0
52.330000,0,1,1,0,0,0,0,0,0
52.335522,0,1,0,0,0,0,0,0,0
52.346148,0,1,0,0,0,1,0,0,0
52.351620,0,0,0,1,0,0,0,0,0
52.366923,0,0,0,0,0,0,1,0,0
52.382236,1,0,0,0,0,0,0,0,0
52.386593,0,0,0,0,1,0,0,1,1
52.398776,0,0,0,1,0,1,0,0,0
52.416593,0,1,1,0,0,0,0,0,1
52.446289,0,0,0,0,0,1,1,0,0
52.446441,0,0,0,0,0,0,0,0,1
52.448512,0,0,1,1,0,0,0,0,0
52.464286,1,0,0,0,0,0,1,0,0
52.474516,1,0,0,0,1,0,0,1,0
52.475443,0,0,0,0,1,0,0,0,0
52.476474,0,0,1,0,0,0,0,0,0
52.498145,0,1,0,1,0,1,1,0,0
52.502237,0,0,0,0,0,0,0,0,1
52.511090,1,0,0,0,1,0,0,1,0
52.522316,0,0,0,0,0,0,0,1,0
52.531232,0,1,0,0,0,0,0,0,0
52.537665,0,0,1,0,0,0,0,0,0
52.550651,0,1,0,1,0,1,0,0,1
52.566142,0,0,0,0,0,0,1,0,0
52.577250,1,0,0,0,1,0,0,1,0
52.587516,0,0,1,0,0,0,0,0,0
52.601827,0,1,0,1,0,1,0,0,1
52.638613,0,0,1,0,0,0,0,0,0
52.650898,0,0,0,1,0,1,1,0,0
52.656475,0,0,0,0,0,0,1,0,0
52.657851,0,0,0,0,0,0,0,0,1
52.664171,1,0,0,0,1,0,0,0,0
52.671615,1,0,0,0,0,0,0,0,0
52.696461,0,0,1,0,0,1,0,1,1
52.698719,0,0,0,1,1,0,0,1,0
52.726461,0,1,1,0,0,0,0,0,0
52.727617,0,1,0,0,0,0,1,0,0
52.746677,1,0,0,0,1,1,0,1,0
52.750654,0,0,0,1,0,0,1,0,1
52.767520,1,1,0,0,0,0,0,0,0
52.783878,0,0,1,0,0,0,0,0,0
52.789435,0,0,0,0,1,0,0,1,0
52.796867,0,0,0,0,0,1,0,0,0
52.798627,0,0,0,1,0,0,0,0,1
52.803240,0,0,0,0,0,0,1,0,0
52.816094,1,1,0,0,1,0,0,1,0
52.828788,0,0,1,0,0,0,0,0,0
52.836408,0,1,0,0,0,0,0,0,0
52.846885,0,0,0,0,0,1,0,0,1
52.849861,0,0,0,1,0,0,0,0,0
52.880959,0,0,1,0,0,0,0,0,0
52.901947,0,0,0,1,0,1,1,0,1
52.906230,0,0,0,0,0,0,1,0,0
52.915450,1,0,0,0,0,0,0,0,0
52.920230,1,0,0,0,1,0,0,0,0
52.925565,0,0,0,0,0,0,0,1,0
52.935803,0,0,1,0,1,0,0,0,0
52.946831,0,1,0,0,0,1,0,0,0
52.948251,0,0,0,1,0,0,0,0,1
52.976324,0,0,0,0,0,0,1,0,0
52.987706,1,0,1,0,1,0,0,1,0
52.996521,0,0,0,0,0,1,0,0,1
52.998367,0,0,0,1,0,0,1,1,0
53.016387,1,1,0,0,0,0,0,0,0
53.027082,0,1,1,0,1,0,0,1,0
53.046028,0,0,0,0,0,1,0,0,0
53.047253,0,1,0,0,0,0,0,0,1
53.049138,0,0,0,1,0,0,1,0,0
53.068116,1,0,0,0,1,0,0,0,0
53.078580,0,0,1,0,0,0,0,1,0
53.098669,0,1,0,1,0,1,1,0,0
53.111135,1,0,0,0,0,0,0,0,1
53.151031,0,0,1,1,1,1,0,1,1
53.181031,0,1,1,0,0,0,1,0,0
53.193110,1,0,0,0,1,0,0,1,0
53.201699,0,0,0,1,0,1,0,0,0
53.217991,0,1,0,0,0,0,1,0,1
53.228100,1,0,0,0,1,0,0,0,0
53.250867,0,0,1,1,0,1,0,0,0
53.273848,0,0,0,0,0,0,1,1,0
53.290990,1,0,0,0,1,0,0,0,1
53.299389,0,1,0,1,0,1,0,1,0
53.319472,0,1,0,0,0,0,0,0,1
53.321837,0,0,1,0,0,0,1,0,0
53.335402,1,0,0,0,1,0,0,1,0
53.346870,0,0,0,0,0,1,0,0,1
53.348081,0,0,0,1,0,0,1,0,0
53.356953,0,1,1,0,0,0,0,0,0
53.365746,1,0,0,0,0,0,0,0,0
53.380028,0,0,1,0,1,0,0,0,0
53.398000,0,0,0,1,0,1,1,1,1
53.418000,1,1,0,0,0,0,0,0,0
53.419033,0,0,0,0,1,0,0,1,0
53.436718,0,0,1,0,0,0,0,0,0
53.446089,0,1,0,0,0,1,0,0,0
53.451277,0,0,0,1,0,0,1,0,0
53.462437,1,0,0,0,1,0,0,1,0
53.490259,0,1,0,0,0,0,0,0,1
53.496277,0,0,0,0,0,1,0,0,0
53.500851,0,0,0,1,0,0,0,0,0
53.503599,0,0,0,0,0,0,1,0,1
53.516941,1,0,0,0,1,0,0,1,0
53.528814,0,0,1,0,0,0,0,0,0
53.535149,0,0,1,0,0,0,0,0,0
53.541469,0,1,0,0,0,0,0,0,0
53.546247,0,0,0,0,0,1,0,0,0
53.549837,0,0,0,1,0,0,1,0,1
53.563756,1,0,0,0,1,0,0,0,0
53.586196,0,0,1,0,0,0,0,1,0
53.598296,0,0,0,1,0,1,0,0,0
53.615370,0,1,0,0,0,0,0,0,1
53.645505,0,0,1,0,0,0,0,0,0
53.646995,0,0,0,0,0,1,1,0,0
53.647378,0,0,0,0,0,0,0,0,1
53.649311,0,0,0,1,0,0,1,0,0
53.663432,1,0,0,0,1,0,0,1,0
53.668579,1,0,0,0,0,0,0,0,0
53.675861,0,0,0,0,1,0,0,1,0
53.685356,0,1,1,0,0,0,0,0,0
53.695870,0,1,0,0,0,0,0,0,0
53.701648,0,0,0,1,0,1,0,0,1
53.705559,0,0,0,0,0,0,1,0,0
53.721852,1,0,0,0,0,0,0,0,0
53.739653,0,0,1,0,1,0,0,1,0
53.750376,0,0,0,1,0,1,1,0,1
53.767508,1,1,0,0,1,0,0,1,0
53.789769,0,1,1,0,0,0,0,0,0
53.798462,0,0,0,1,0,1,0,0,0
53.851822,0,0,0,1,0,1,0,0,0
53.901200,0,0,0,1,0,1,1,0,1
53.914105,1,0,0,0,0,0,0,0,0
53.917977,0,0,0,0,1,0,0,0,1
53.939279,0,0,1,0,0,0,1,1,0
53.950794,1,0,1,1,0,1,1,0,0
53.959759,0,1,0,0,1,0,0,0,1
53.962609,1,0,0,0,1,0,1,0,1
53.979479,1,0,0,0,0,0,0,0,0
53.998000,0,0,1,1,0,1,0,0,0
54.001895,0,0,1,0,0,0,0,0,0
54.049020,0,0,0,1,0,1,0,0,0
54.078537,0,0,0,0,1,0,0,1,1
54.096396,0,0,0,0,0,1,0,1,1
54.098168,0,0,0,1,0,0,0,1,0
54.108537,0,1,1,0,0,0,0,0,0
54.122233,0,1,0,0,0,0,1,0,1
54.127033,0,1,1,0,0,0,0,0,0
54.136456,1,0,0,0,0,0,0,0,0
54.148141,0,0,0,1,0,1,1,0,1
54.150566,0,0,0,0,1,0,1,1,0
54.160677,1,0,1,0,1,0,1,0,0
54.167817,1,0,0,0,0,0,0,1,0
54.170581,0,1,0,0,1,0,0,1,0
54.178705,1,0,1,0,1,0,0,0,0
54.192900,0,1,0,0,0,0,0,0,0
54.199981,0,1,0,1,0,1,1,1,1
54.212266,1,0,0,0,1,0,0,0,0
54.228147,0,1,0,0,0,0,0,0,0
54.237659,0,0,1,0,0,0,0,0,0
54.246459,0,0,0,0,0,1,0,0,1
54.250447,0,0,0,1,0,0,1,1,0
54.270447,1,1,0,0,1,0,0,1,0
54.280899,0,0,1,0,0,0,0,0,0
54.298441,0,1,0,1,0,1,0,0,0
54.346732,0,0,0,0,0,1,0,0,1
54.347582,0,0,0,0,0,0,1,0,1
54.350468,0,0,0,1,0,0,1,0,0
54.361319,1,0,0,0,0,0,0,0,0
54.369480,1,0,0,0,1,0,0,1,0
54.372037,0,0,0,0,1,0,0,1,0
54.381107,0,0,1,0,0,0,0,0,0
54.383275,0,0,1,0,0,0,0,0,0
54.398493,0,1,0,1,0,1,1,0,0
54.401697,0,1,0,0,0,0,0,0,0
54.416172,1,0,0,0,0,0,0,0,1
54.451819,0,0,1,1,1,1,0,1,1
54.452865,0,0,0,0,0,0,1,0,0
54.464483,1,0,0,0,0,0,0,0,0
54.481819,0,1,1,0,1,0,0,1,0
54.499954,0,0,0,1,0,1,0,0,1
54.500910,0,0,0,0,0,0,1,0,0
54.511616,1,1,0,0,1,0,0,0,0
54.512616,0,0,0,0,0,0,0,1,0
54.539740,0,1,1,0,0,0,0,0,0
54.549498,0,0,0,1,0,1,0,0,1
54.557923,0,0,0,0,0,0,1,0,0
54.574059,1,0,0,0,1,0,0,1,0
54.586298,0,0,1,0,0,0,0,0,0
54.599005,0,1,0,1,0,1,0,0,0
54.646707,0,0,0,0,0,1,1,0,1
54.649358,0,0,0,1,0,0,0,0,1
54.658366,1,0,0,0,1,0,0,1,0
54.678704,0,1,1,0,0,0,1,0,0
54.688728,1,0,1,0,1,0,0,1,0
54.699719,0,0,0,1,0,1,0,0,0
54.711117,0,1,0,0,0,0,1,0,1
54.729517,1,0,0,0,1,0,0,0,0
54.746114,0,0,1,0,0,1,0,0,0
54.747016,0,0,0,0,0,0,0,1,1
54.751078,0,0,0,1,0,0,0,0,0
54.774719,0,1,0,0,0,0,1,0,0
54.786582,1,0,1,0,1,0,0,1,0
54.796707,0,0,0,0,0,1,0,0,1
54.798255,0,0,0,1,0,0,1,0,0
54.815950,1,1,0,0,1,0,0,0,0
54.817327,0,0,0,0,0,0,0,1,0
54.831939,0,0,1,0,0,0,0,0,0
54.840346,0,1,0,0,0,0,0,0,0
54.851804,0,0,0,1,0,1,0,0,1
54.890958,0,0,1,0,0,0,1,0,0
54.901859,1,0,0,1,1,1,0,0,0
54.950296,0,0,0,1,0,1,0,0,1
54.956896,0,0,0,0,0,0,0,1,1
54.979222,0,1,0,0,0,0,0,0,0
54.985052,0,0,1,0,0,0,0,0,0
54.996000,0,0,1,0,0,1,1,0,1
54.997000,0,0,0,0,0,0,1,0,0
55.000772,0,0,0,1,0,0,0,0,0
55.007969,1,0,0,0,1,0,0,0,0
55.012129,1,0,0,0,1,0,0,1,0
55.014628,0,0,0,0,0,0,1,1,0
55.024769,1,0,0,0,0,0,0,0,0
55.025430,0,0,0,0,1,0,0,1,0
55.028264,0,0,1,0,0,0,0,0,0
55.038361,0,1,0,0,0,0,0,0,0
55.041788,0,1,0,0,0,0,0,0,0
55.048741,0,1,0,1,0,1,0,0,1
55.081658,0,0,1,0,0,0,0,0,0
55.100287,0,0,0,1,0,1,1,0,0
55.118416,1,0,0,0,0,0,1,0,1
55.135901,1,0,0,0,0,0,0,0,0
55.146702,0,0,0,0,1,1,0,1,0
55.148150,0,0,0,1,0,0,0,0,0
55.148283,0,0,0,0,1,0,1,1,1
55.158306,1,0,1,0,0,0,0,0,0
55.162564,0,0,0,0,1,0,0,1,0
55.170730,0,1,0,0,0,0,0,0,0
55.176423,0,1,0,0,0,0,0,0,0
55.180531,0,0,1,0,0,0,0,0,0
55.185502,0,1,0,0,0,0,0,0,0
55.198101,0,0,0,1,0,1,1,0,1
55.216186,1,0,0,0,1,0,0,1,0
55.229751,0,0,1,0,0,0,0,0,0
55.246125,0,1,0,0,0,1,0,0,0
55.250761,0,0,0,1,0,0,0,0,1
55.282998,0,0,1,0,0,0,1,0,0
55.300059,1,0,0,1,1,1,0,1,1
55.330059,0,1,1,0,0,0,0,0,0
55.346385,0,0,0,0,0,1,0,0,1
55.347105,0,0,0,0,0,0,1,0,0
55.348397,0,0,0,1,0,0,0,0,0
55.365222,1,0,0,0,0,0,0,0,0
55.375049,0,0,0,0,1,0,1,1,0
55.386257,1,0,1,0,1,0,0,1,0
55.398914,0,1,0,1,0,1,0,0,1
55.412269,0,1,0,0,0,0,0,0,0
55.430939,0,0,1,0,0,0,0,0,0
55.448368,0,0,0,1,0,1,0,0,0
55.499529,0,0,0,1,0,1,1,0,0
55.519052,1,0,0,0,0,0,1,0,1
55.534180,1,0,0,0,1,0,0,1,0
55.546265,0,0,0,0,0,1,1,0,0
55.547035,0,0,0,0,1,0,0,0,0
55.549620,0,0,1,1,0,0,0,0,0
55.563983,1,1,0,0,1,0,1,0,0
55.580597,1,0,0,0,1,0,0,0,0
55.598388,0,0,0,1,0,1,0,1,1
55.602543,0,0,0,0,0,0,1,1,1
55.613508,1,0,0,0,0,0,0,0,0
55.614577,0,0,0,0,0,0,0,1,0
55.621865,0,1,0,0,1,0,0,0,1
55.626467,0,1,0,0,0,0,0,0,0
55.628838,0,0,1,0,0,0,0,1,0
55.633380,0,0,1,0,0,0,0,0,0
55.644333,0,1,0,0,0,0,0,0,0
55.648099,0,0,0,1,0,1,0,0,1
55.657196,0,1,1,0,0,0,1,0,0
55.676557,1,0,0,0,0,0,0,0,0
55.677211,0,0,0,0,1,0,0,0,0
55.677655,0,0,0,0,0,0,0,1,0
55.687149,0,0,1,0,0,0,0,0,0
55.700760,0,1,0,1,0,1,1,0,0
55.717578,1,0,0,0,0,0,0,0,1
55.747684,0,0,1,0,0,1,0,0,0
55.747842,0,0,0,0,1,0,0,0,1
55.751949,0,0,0,1,0,0,1,1,0
55.771949,1,1,0,0,1,0,0,0,0
55.786386,0,0,1,0,0,0,0,0,0
55.796375,0,0,0,0,0,1,0,1,1
55.798314,0,0,0,1,0,0,1,0,0
55.809638,1,0,0,0,1,0,0,0,0
55.811487,0,0,0,0,0,0,0,1,0
55.826375,0,1,1,0,0,0,0,0,0
55.832839,0,1,0,0,0,0,0,0,0
55.849300,0,0,0,1,0,1,0,0,0
55.896628,0,0,0,0,0,1,0,0,1
55.899070,0,0,0,1,0,0,1,0,0
55.911087,1,0,0,0,1,0,0,0,1
55.934850,0,0,1,0,0,0,1,0,0
55.946294,1,0,1,0,0,1,0,0,0
55.950353,0,0,0,1,1,0,1,0,1
55.968112,1,0,0,0,0,0,0,0,0
55.980393,0,0,1,0,1,0,0,1,0
56.001109,0,1,0,1,0,1,1,1,0
56.007266,0,0,0,0,0,0,0,0,1
56.011362,1,0,0,0,1,0,0,0,0
56.018936,0,0,0,0,0,0,0,1,0
56.026537,0,1,0,0,0,0,0,1,0
56.046992,0,1,1,0,0,1,0,0,1
56.048627,0,1,0,1,0,0,1,0,0
56.064094,1,0,0,0,0,0,0,0,0
56.083076,0,0,1,0,1,0,0,1,0
56.098483,0,0,0,1,0,1,1,0,1
56.110992,1,1,0,0,1,0,0,0,0
56.133523,0,0,1,0,0,0,0,1,0
56.146491,0,0,0,0,0,1,0,0,0
56.149699,0,0,0,1,0,0,1,0,0
56.160795,1,1,0,0,0,0,0,0,1
56.193492,0,0,1,0,1,0,0,1,0
56.196973,0,0,0,0,0,1,0,0,0
56.197395,0,0,0,0,0,0,0,0,1
56.198645,0,0,0,1,0,0,0,0,0
56.221202,0,1,0,0,0,0,1,0,0
56.233499,1,0,1,0,1,0,0,0,0
56.249520,0,0,0,1,0,1,0,0,0
56.301801,0,0,0,1,0,1,0,1,1
56.331801,0,1,1,0,0,0,1,0,1
56.346165,1,0,0,0,0,1,0,0,1
56.350588,0,0,0,1,0,0,0,0,0
56.370041,0,0,1,0,0,0,0,0,0
56.380540,0,0,1,0,0,0,0,0,0
56.396557,0,0,0,0,1,1,1,0,1
56.397333,0,0,0,0,0,0,0,1,0
56.399653,0,0,0,1,0,0,0,0,0
56.410069,1,0,0,0,1,0,0,1,0
56.422113,0,1,0,0,0,0,0,0,0
56.425460,0,0,0,0,0,0,1,0,0
56.436536,1,1,1,0,1,0,1,0,0
56.451425,1,0,0,1,1,1,1,1,0
56.471425,1,1,0,0,1,0,0,1,0
56.496237,0,1,0,0,0,1,0,0,0
56.497165,0,0,0,0,0,0,0,1,0
56.497583,0,0,0,0,0,0,0,0,1
56.497791,0,0,0,0,0,0,0,0,1
56.498267,0,0,0,1,0,0,0,0,0
56.520648,0,1,0,0,0,0,0,0,0
56.527656,0,0,1,0,0,0,0,0,0
56.531786,0,0,1,0,0,0,0,0,0
56.546864,0,0,0,0,0,1,0,0,0
56.547524,0,0,0,0,0,0,1,0,1
56.550057,0,0,0,1,0,0,1,0,0
56.565052,1,0,0,0,1,0,0,0,0
56.567031,1,0,0,0,0,0,0,0,0
56.584249,0,0,1,0,0,0,0,1,0
56.598103,0,0,0,1,1,1,0,0,0
56.609629,0,1,0,0,0,0,1,0,0
56.624164,1,0,0,0,0,0,0,1,1
56.649690,0,1,0,1,0,1,1,0,0
56.651769,0,0,0,0,0,0,0,0,1
56.656191,0,0,1,0,1,0,0,1,0
56.669378,1,0,0,0,0,0,0,0,0
56.684811,0,1,1,0,1,0,0,1,0
56.696237,0,0,0,0,0,1,0,0,1
56.699149,0,0,0,1,0,0,1,0,0
56.707635,0,1,0,0,0,0,0,0,0
56.717710,1,0,0,0,0,0,0,0,0
56.724744,0,0,0,0,1,0,0,1,0
56.734634,0,0,1,0,0,0,0,0,0
56.746608,0,1,0,0,0,1,0,0,1
56.750297,0,0,0,1,0,0,0,0,0
56.781408,0,0,1,0,0,0,1,0,0
56.796985,1,0,0,0,1,1,0,0,0
56.801786,0,0,0,1,0,0,1,0,0
56.805405,0,0,0,0,0,0,0,0,1
56.813504,1,0,0,0,0,0,0,1,0
56.841190,0,1,1,0,1,0,0,1,0
56.846713,0,0,0,0,0,1,0,0,0
56.848090,0,0,0,1,0,0,0,0,1
56.857036,0,0,0,0,0,0,1,0,0
56.868295,1,1,0,0,0,0,0,0,0
56.882782,0,0,1,0,0,0,0,0,0
56.899545,0,0,0,1,0,1,0,0,1
56.936335,0,0,1,0,1,0,1,1,0
56.951171,1,0,0,1,1,1,1,0,0
56.952924,0,0,0,0,0,0,0,0,1
56.958795,0,1,0,0,0,0,0,0,0
56.963530,1,0,0,0,0,0,0,1,0
56.983176,0,0,1,0,1,0,0,1,0
56.983582,0,1,0,0,0,0,0,0,0
56.998082,0,0,0,1,0,1,0,0,0
57.000343,0,0,0,0,0,0,1,0,0
57.005655,0,1,0,0,0,0,0,0,0
57.012986,1,0,0,0,1,0,0,0,0
57.019856,0,0,0,0,0,0,0,1,0
57.043982,0,1,0,0,0,0,0,0,0
57.048505,0,0,0,1,0,1,0,0,1
57.088014,0,0,1,0,0,0,1,0,1
57.101902,1,0,0,1,1,1,0,1,1
57.123457,0,1,1,0,0,0,1,0,0
57.136999,1,0,1,0,1,0,0,0,0
57.146053,0,0,0,0,0,1,0,0,1
57.149115,0,0,0,1,0,0,0,1,0
57.174487,0,1,0,0,0,0,0,0,0
57.176953,0,0,1,0,0,0,0,0,0
57.198726,0,0,0,1,0,1,1,0,0
57.200869,0,0,0,0,0,0,0,0,1
57.213828,1,0,0,0,0,0,1,0,0
57.233330,1,0,1,0,1,0,0,0,0
57.251061,0,0,0,1,0,1,0,0,1
57.258910,0,0,0,0,1,0,1,0,0
57.272535,1,0,0,0,1,0,0,0,0
57.279316,0,0,0,0,0,0,0,1,0
57.280092,0,0,0,0,0,0,0,1,0
57.280576,0,0,0,0,0,0,0,1,0
57.286948,0,0,1,0,0,0,0,0,0
57.298015,0,0,0,1,0,1,1,0,1
57.308883,1,1,0,0,0,0,0,0,0
57.310066,0,1,0,0,1,0,0,0,0
57.310495,0,1,0,0,0,0,0,1,0
57.328847,0,0,1,0,0,0,0,0,0
57.331515,0,1,0,0,0,0,0,0,0
57.351732,0,0,0,1,0,1,1,0,1
57.365960,1,0,0,0,0,0,0,0,0
57.378008,0,0,0,0,1,0,0,1,0
57.390468,0,0,1,0,0,0,0,0,0
57.396266,0,0,0,0,0,1,0,0,0
57.399541,0,1,0,1,0,0,0,0,0
57.430817,0,0,0,0,0,0,0,0,1
57.446627,0,0,0,0,0,1,0,0,1
57.450425,0,0,0,1,0,0,0,0,0
57.468953,0,0,1,0,0,0,1,0,0
57.484937,1,0,1,0,1,0,1,1,0
57.501101,1,0,0,1,1,1,1,0,1
57.505898,0,1,0,0,0,0,0,1,0
57.511541,1,0,0,0,1,0,0,0,0
57.535298,0,1,1,0,0,0,0,0,0
57.542087,0,0,0,0,0,0,0,1,0
57.548390,0,0,0,1,0,1,1,0,0
57.567940,1,1,0,0,1,0,0,1,1
57.596368,0,1,0,0,0,1,0,0,1
57.600921,0,0,1,1,0,0,1,0,0
57.611518,1,0,0,0,0,0,0,0,0
57.623955,0,0,0,0,1,0,0,1,0
57.635154,0,0,1,0,0,0,0,0,0
57.648745,0,1,0,1,0,1,0,0,1
57.684647,0,0,1,0,0,0,0,0,0
57.696295,0,0,0,0,0,1,1,0,1
57.701043,0,0,0,1,0,0,0,0,0
57.712027,1,0,0,0,1,0,0,1,0
57.729419,0,0,1,0,0,0,0,0,0
57.741794,0,1,0,0,0,0,0,0,0
57.749806,0,0,0,1,0,1,1,0,1
57.760375,1,0,0,0,1,0,1,0,0
57.776749,1,0,0,0,0,0,0,0,0
57.779961,0,0,1,0,0,0,0,0,0
57.800911,0,0,0,1,1,1,1,0,1
57.814636,1,0,0,0,1,0,0,1,0
57.838943,0,1,1,0,0,0,0,0,0
57.849739,0,0,0,1,0,1,0,1,0
57.872209,0,1,0,0,0,0,1,0,0
57.886452,1,0,0,0,1,0,0,0,1
57.896343,0,0,0,0,0,1,0,0,0
57.901994,0,0,0,1,0,0,1,0,1
57.908047,0,0,0,0,0,0,0,1,0
57.918472,1,0,1,0,1,0,0,1,0
57.936196,0,1,1,0,0,0,0,1,0
57.946788,0,1,0,0,0,1,0,0,1
57.950645,0,0,0,1,0,0,1,0,0
57.965921,1,1,0,0,0,0,0,0,0
57.977336,0,0,1,0,1,0,0,1,0
58.000307,0,1,0,1,0,1,1,0,1
58.011378,1,0,0,0,1,0,0,1,0
58.031984,0,1,1,0,0,0,0,0,0
58.046431,0,0,0,0,0,1,0,0,1
58.049149,0,0,0,1,0,0,1,0,0
58.059461,1,0,0,0,1,0,0,0,0
58.080951,0,0,1,0,0,0,0,0,0
58.098796,0,0,0,1,0,1,1,1,0
58.103796,0,0,0,0,0,0,0,0,1
58.111018,1,0,0,0,0,0,0,0,0
58.119118,0,1,0,0,0,0,0,0,0
58.124396,0,0,0,0,1,0,0,1,0
58.136357,0,0,1,0,0,0,0,0,0
58.148834,0,1,0,1,0,1,0,0,0
58.198094,0,0,0,1,0,1,0,0,1
58.205776,0,0,0,0,0,0,1,0,1
58.224320,1,0,0,0,1,0,1,1,0
58.236769,1,0,1,0,1,0,0,0,0
58.244626,0,1,1,0,0,0,0,1,0
58.249247,0,0,0,1,0,1,1,0,1
58.261923,1,0,0,0,1,0,0,1,0
58.270098,0,1,0,0,0,0,0,0,0
58.285591,0,1,1,0,0,0,0,0,0
58.301174,0,0,0,1,0,1,1,0,1
58.316597,1,0,0,0,1,0,0,1,0
58.339163,0,1,1,0,0,0,0,0,0
58.346000,0,0,0,0,0,1,0,0,0
58.347000,0,0,0,0,0,0,0,0,1
58.349203,0,0,0,1,0,0,0,0,0
58.379526,0,0,1,0,0,0,1,0,0
58.399390,1,0,0,1,0,1,0,0,1
58.435342,0,0,1,0,0,0,0,0,0
58.451601,0,0,0,1,0,1,1,0,0
58.455835,0,0,0,0,1,0,0,0,1
58.458168,0,0,0,0,0,0,1,1,0
58.470138,1,0,0,0,1,0,0,1,0
58.478168,1,1,0,0,1,0,0,1,0
58.488772,0,0,1,0,0,0,0,0,0
58.499198,0,1,0,1,0,1,1,0,1
58.507001,0,1,0,0,0,0,0,0,0
58.511658,1,0,0,0,1,0,0,0,0
58.526603,0,0,0,0,0,0,0,1,0
58.534408,0,0,1,0,0,0,0,0,0
58.550705,0,1,0,1,0,1,0,0,1
58.589653,0,0,1,0,0,0,1,0,0
58.599699,1,0,0,1,1,1,1,1,0
58.619699,1,1,0,0,0,0,0,0,1
58.648042,0,0,0,1,1,1,0,1,0
58.658877,0,0,1,0,0,0,1,0,1
58.677618,1,1,0,0,1,0,0,0,0
58.698580,0,0,1,1,0,1,0,0,1
58.718454,0,0,0,0,0,0,1,1,0
58.733532,1,0,1,0,1,0,0,1,0
58.748005,0,1,0,1,0,1,1,0,0
58.758005,1,1,0,0,1,0,0,1,1
58.788005,0,1,1,0,0,0,0,0,0
58.800000,0,0,0,1,0,1,0,0,0
58.846938,0,0,0,0,0,1,1,0,0
58.847075,0,0,0,0,0,0,0,0,1
58.850398,0,0,0,1,0,0,0,0,0
58.865615,1,0,0,0,1,0,0,0,0
58.870119,0,0,0,0,0,0,1,0,0
58.881659,1,0,1,0,0,0,0,0,1
58.898912,0,0,0,1,0,1,0,0,0
58.904308,0,0,0,0,1,0,0,0,0
58.909490,0,0,0,0,0,0,1,0,1
58.921478,1,0,1,0,0,0,0,0,0
58.946911,0,0,1,0,1,1,0,1,1
58.951716,0,0,0,1,0,0,1,0,0
58.968725,1,1,0,0,1,0,0,0,0
58.979122,0,0,1,0,0,0,0,0,0
58.996007,0,0,0,0,0,1,0,1,1
59.000272,0,0,0,1,0,0,1,0,0
59.010412,1,0,0,0,1,0,0,1,0
59.026007,0,1,1,0,0,0,0,0,0
59.035237,0,1,0,0,0,0,0,1,0
59.048950,0,0,0,1,0,1,0,1,0
59.052187,0,0,0,0,0,0,1,0,1
59.062713,1,1,0,0,1,0,0,0,0
59.067618,0,0,0,0,0,0,0,1,0
59.071473,0,1,0,0,0,0,0,0,0
59.087744,0,1,1,0,0,0,0,0,0
59.101429,0,0,0,1,0,1,0,0,0
59.151412,0,0,0,1,0,1,0,0,0
59.196229,0,0,0,0,0,1,1,0,0
59.198731,0,0,0,1,0,0,1,0,0
59.200693,0,0,0,0,0,0,0,0,1
59.209367,1,0,0,0,1,0,0,0,0
59.213566,1,0,0,0,1,0,0,1,0
59.229052,0,0,0,0,0,0,0,0,1
59.236855,0,1,1,0,0,0,0,1,0
59.251023,0,0,0,1,0,1,1,0,1
59.253593,0,0,0,0,0,0,1,0,1
59.262628,1,1,1,0,1,0,0,1,0
59.264653,1,0,0,0,1,0,0,1,0
59.289840,0,1,1,0,0,0,0,0,0
59.293230,0,1,1,0,0,0,0,0,0
59.296226,0,0,0,0,0,1,0,0,0
59.299337,0,0,0,1,0,0,1,0,1
59.316694,1,0,0,0,1,0,0,0,0
59.330747,0,0,1,0,0,0,0,0,0
59.349260,0,0,0,1,0,1,0,1,0
59.361508,0,0,0,0,0,0,0,0,1
59.375250,0,1,0,0,0,0,0,0,0
59.392038,0,0,1,0,0,0,1,0,0
59.398585,0,0,0,1,0,1,0,0,1
59.411381,1,0,0,0,0,0,1,0,0
59.420038,0,0,0,0,1,0,0,1,0
59.429165,1,0,1,0,0,0,0,0,0
59.446957,0,1,0,0,1,1,0,0,1
59.448951,0,0,0,1,0,0,1,1,0
59.459910,1,0,0,0,1,0,0,0,0
59.475192,0,1,0,0,0,0,0,1,0
59.484008,0,0,1,0,0,0,0,0,0
59.496689,0,1,0,0,0,1,0,0,1
59.501870,0,0,0,1,0,0,0,0,0
59.534689,0,0,1,0,0,0,1,0,0
59.549000,1,0,0,1,0,1,1,0,0
59.555544,0,0,0,0,1,0,0,0,1
59.568640,1,0,0,0,1,0,0,1,0
59.593473,0,1,1,0,0,0,0,1,0
59.596642,0,0,0,0,0,1,0,0,1
59.598361,0,0,0,1,0,0,1,0,0
59.615922,1,1,0,0,1,0,0,0,0
59.619754,0,0,0,0,0,0,0,1,0
59.634314,0,0,1,0,0,0,0,0,0
59.648910,0,1,0,1,0,1,0,0,1
59.684681,0,0,1,0,0,0,1,0,0
59.696087,1,0,0,0,1,1,0,1,0
59.698042,0,0,0,1,0,0,1,0,0
59.714216,1,0,0,0,0,0,0,0,1
59.721560,0,1,0,0,1,0,0,0,0
59.750439,0,0,1,1,0,1,0,1,1
59.772304,0,1,0,0,0,0,0,0,0
59.777766,0,0,0,0,0,0,1,0,0
59.788051,1,0,1,0,0,0,0,0,0
59.799048,0,0,0,1,0,1,0,0,0
59.846504,0,0,0,0,0,1,1,0,1
59.851765,0,0,0,1,1,0,1,1,0
59.852799,0,0,0,0,0,0,0,0,1
59.859160,1,0,0,0,1,0,0,1,0
59.869277,1,0,0,0,0,0,0,0,0
59.870759,0,0,0,0,1,0,0,0,0
59.875499,0,1,0,0,0,0,0,1,0
59.877719,0,0,1,0,0,0,0,0,0
59.880189,0,1,0,0,0,0,0,0,0
59.882970,0,0,1,0,0,0,0,0,0
59.901875,0,1,0,1,0,1,1,0,1
59.919471,1,0,0,0,1,0,0,0,0
59.932907,0,0,1,0,0,0,0,1,0
59.946390,0,0,0,0,0,1,0,0,0
59.949152,0,0,0,1,0,0,0,0,0
59.959040,0,1,0,0,0,0,1,0,1
59.976972,1,0,0,0,1,0,0,0,0
59.998520,0,0,1,1,0,1,1,0,1
60.016172,1,0,0,0,1,0,0,1,0
60.032922,0,0,1,0,0,0,0,0,0
60.046025,0,1,0,0,0,1,0,0,1
60.049520,0,0,0,1,0,0,0,1,0
60.077850,0,1,1,0,0,0,1,0,0
60.096441,1,0,0,0,1,1,0,1,1
60.101700,0,0,0,1,0,0,0,0,0
60.118394,0,1,0,0,0,0,1,0,0
60.134002,1,0,1,0,1,0,0,1,0
60.146470,0,0,0,0,0,1,0,0,0
60.151096,0,0,0,1,0,0,0,0,1
60.154645,0,1,0,0,0,0,0,0,0
60.190647,0,0,1,0,0,0,0,0,0
60.196369,0,0,0,0,0,1,1,0,1
60.200262,0,0,0,1,0,0,0,0,0
60.206999,1,0,0,0,1,0,1,0,0
60.226612,1,0,1,0,0,0,0,0,0
60.248048,0,0,0,1,0,1,0,0,1
60.265872,0,0,0,0,1,0,0,1,0
60.267551,0,0,0,0,0,0,1,1,0
60.277793,1,0,0,0,0,0,0,0,0
60.287497,0,1,1,0,1,0,0,1,0
60.296298,0,1,0,0,0,1,0,0,1
60.300928,0,0,0,1,0,0,0,0,0
60.315832,0,1,0,0,0,0,0,0,0
60.333477,0,0,1,0,0,0,0,0,0
60.346176,0,0,0,0,0,1,1,0,0
60.349146,0,0,0,1,0,0,0,0,0
60.351975,0,0,0,0,0,0,0,0,1
60.362392,1,0,0,0,1,0,0,1,0
60.382073,0,0,1,0,0,0,0,0,0
60.386846,0,1,0,0,0,0,1,0,0
60.400041,1,0,0,1,1,1,1,0,1
60.411209,1,0,0,0,1,0,0,1,0
60.417231,0,0,0,0,0,0,0,1,0
60.436829,0,1,1,0,0,0,0,0,0
60.442402,0,1,0,0,0,0,0,0,0
60.450003,0,0,0,1,0,1,0,0,1
60.482060,0,0,1,0,0,0,0,0,0
60.501586,0,0,0,1,0,1,1,0,1
60.513438,1,0,0,0,1,0,1,1,0
60.525685,1,0,0,0,0,0,0,0,0
60.532215,0,0,1,0,1,0,0,0,0
60.542081,0,1,0,0,0,0,0,1,0
60.548105,0,0,0,1,0,1,1,0,1
60.560846,1,0,0,0,0,0,0,0,0
60.561710,0,0,0,0,1,0,0,0,0
60.561896,0,0,0,0,0,0,0,1,0
60.564068,0,1,0,0,0,0,0,0,0
60.586597,0,1,1,0,0,0,0,0,0
60.601192,0,0,0,1,0,1,1,0,0
60.613346,1,0,0,0,1,0,0,1,0
60.642866,0,1,0,0,0,0,0,0,0
60.644208,0,0,0,0,0,0,0,0,1
60.648107,0,0,0,1,0,1,1,0,1
60.667222,1,0,0,0,0,0,0,0,0
60.680384,0,0,1,0,1,0,0,0,0
60.688049,0,0,1,0,0,0,0,0,0
60.701426,0,0,0,1,0,1,0,0,0
60.751578,0,0,0,1,0,1,1,0,1
60.768160,1,0,0,0,0,0,1,0,1
60.782173,1,0,1,0,0,0,0,1,0
60.798078,0,0,0,1,0,1,1,0,0
60.800095,0,0,1,0,1,0,0,1,1
60.805033,0,1,0,0,1,0,0,0,0
60.806297,0,0,0,0,0,0,0,1,0
60.811163,1,0,0,0,0,0,0,0,0
60.830095,0,1,1,0,0,0,0,0,0
60.831385,0,1,0,0,1,0,0,1,0
60.851643,0,1,0,1,0,1,1,0,1
60.862615,1,0,0,0,0,0,0,0,0
60.887079,0,0,1,0,1,0,0,0,0
60.898115,0,0,0,1,0,1,0,1,0
60.918817,0,1,0,0,0,0,1,0,0
60.933817,1,0,0,0,1,0,0,1,1
60.948166,0,0,0,1,0,1,1,0,0
60.958166,1,1,0,0,0,0,0,0,1
60.967444,0,0,1,0,1,0,0,0,0
60.993964,0,0,1,0,0,0,0,1,0
60.996607,0,0,0,0,0,1,0,0,1
60.999828,0,0,0,1,0,0,0,0,0
61.017143,0,1,0,0,0,0,1,0,0
61.026716,0,0,1,0,0,0,0,0,0
61.036445,1,0,0,0,0,0,0,0,0
61.048903,0,0,0,1,1,1,0,0,0
61.098662,0,0,0,1,0,1,0,1,1
61.102182,0,0,0,0,0,0,1,0,1
61.118926,1,1,0,0,1,0,1,1,0
61.128759,0,0,1,0,0,0,0,0,0
61.138926,1,1,1,0,1,0,0,0,0
61.150904,0,0,0,1,0,1,1,1,1
61.168962,1,0,0,0,1,0,0,1,0
61.174944,0,1,0,0,0,0,0,0,0
61.184333,0,0,1,0,0,0,0,0,0
61.196122,0,1,0,0,0,1,0,0,1
61.199273,0,0,0,1,0,0,1,0,0
61.211426,1,0,0,0,1,0,0,0,0
61.235912,0,0,1,0,0,0,0,1,0
61.249399,0,0,0,1,0,1,0,0,1
61.251361,0,0,0,0,0,0,1,0,0
61.261714,1,1,0,0,1,0,0,0,0
61.286219,0,0,1,0,0,0,0,0,0
61.299420,0,0,0,1,0,1,0,1,1
61.327042,0,1,0,0,0,0,1,0,0
61.330662,0,0,1,0,0,0,0,0,0
61.346234,1,0,0,0,1,1,0,1,0
61.349750,0,0,0,1,0,0,1,0,1
61.369600,1,1,0,0,1,0,0,1,0
61.389672,0,1,1,0,0,0,0,0,0
61.399303,0,0,0,1,0,1,0,0,1
61.434373,0,0,1,0,0,0,0,0,0
61.451250,0,0,0,1,0,1,0,0,1
61.465333,0,0,0,0,0,0,1,0,0
61.482798,1,0,1,0,1,0,0,0,0
61.496500,0,0,0,0,0,1,1,1,0
61.499473,0,0,0,1,0,0,0,0,1
61.510264,1,0,0,0,0,0,0,0,0
61.514953,0,0,0,0,0,0,1,0,0
61.525036,1,1,0,0,0,0,0,0,0
61.529658,0,0,1,0,1,0,0,0,0
61.546540,0,0,0,0,1,1,0,0,0
61.550674,0,0,0,1,0,0,0,1,0
61.575549,0,1,0,0,0,0,1,1,0
61.589145,1,0,0,0,0,0,0,0,0
61.599091,0,1,0,1,1,1,1,1,1
61.615327,1,0,0,0,1,0,0,0,0
61.617915,0,0,0,0,0,0,0,0,1
61.629091,0,1,1,0,0,0,0,1,0
61.649730,0,1,1,1,0,1,0,0,0
61.691174,0,0,0,0,0,0,1,0,1
61.701334,1,0,0,1,1,1,1,1,0
61.721334,1,1,1,0,1,0,0,1,0
61.746518,0,1,0,0,0,1,0,0,1
61.748605,0,0,0,1,0,0,1,0,1
61.759743,1,0,0,0,1,0,0,0,0
61.763167,0,0,0,0,0,0,0,1,0
61.778432,0,0,1,0,0,0,0,0,0
61.788525,0,1,1,0,0,0,0,0,0
61.796860,0,0,0,0,0,1,0,0,1
61.799099,0,0,0,1,0,0,1,0,0
61.817683,1,0,0,0,0,0,0,0,0
61.824356,0,0,0,0,1,0,0,0,0
61.827024,0,0,1,0,0,0,0,0,0
61.848751,0,0,0,1,0,1,1,0,0
61.850897,0,0,0,0,0,0,0,1,0
61.868076,1,0,0,0,1,0,0,0,0
61.869384,0,0,0,0,0,0,0,1,0
61.875031,0,1,0,0,0,0,0,0,1
61.893466,0,1,0,0,0,0,0,0,0
61.896890,0,0,0,0,0,1,0,0,1
61.898164,0,0,0,1,0,0,1,0,0
61.906186,0,0,1,0,0,0,0,0,0
61.908528,1,0,0,0,0,0,0,0,0
61.914934,0,0,0,0,1,0,0,0,0
61.929846,0,0,1,0,0,0,0,1,0
61.946002,0,0,0,0,0,1,0,0,1
61.948087,0,0,0,1,0,0,1,0,0
61.959278,1,1,0,0,1,0,0,0,0
61.976095,0,0,1,0,0,0,0,0,0
61.998412,0,0,0,1,0,1,0,0,1
62.037964,0,0,1,0,0,0,1,1,0
62.048378,1,0,0,1,1,1,1,0,0
62.058422,1,1,0,0,1,0,0,1,1
62.066128,0,0,0,0,0,0,0,1,0
62.082399,0,1,0,0,0,0,0,0,0
62.096087,0,1,1,0,0,1,0,0,1
62.100493,0,0,0,1,0,0,0,0,0
62.121789,0,0,0,0,0,0,1,0,0
62.131806,1,0,1,0,1,0,0,1,0
62.151826,0,1,0,1,0,1,1,0,1
62.164421,1,0,0,0,0,0,0,0,0
62.183682,0,0,1,0,0,0,0,0,0
62.199538,0,0,0,1,1,1,1,1,1
62.219538,1,1,0,0,1,0,0,1,0
62.230938,0,0,1,0,0,0,0,0,0
62.248473,0,1,0,1,0,1,0,0,1
62.276673,0,0,0,0,0,0,1,0,0
62.281228,0,0,1,0,0,0,0,0,0
62.296130,1,0,0,0,0,1,0,0,0
62.301681,0,0,0,1,0,0,0,0,1
62.339010,0,0,1,0,1,0,1,0,0
62.346803,0,0,0,0,0,1,0,0,1
62.351644,1,0,0,1,1,0,1,0,0
62.354245,0,0,0,0,0,0,0,1,0
62.364664,1,0,0,0,0,0,0,0,0
62.377462,0,1,1,0,1,0,0,1,0
62.397691,0,1,0,0,0,1,0,1,0
62.397846,0,0,0,0,0,0,0,0,1
62.398531,0,0,0,1,0,0,1,0,0
62.418479,1,1,0,0,1,0,0,0,0
62.422274,0,0,0,0,0,0,0,1,0
62.431846,0,0,1,0,0,0,0,0,0
62.451405,0,1,0,1,0,1,1,0,0
62.461701,1,0,0,0,1,0,0,0,0
62.496760,0,0,0,0,0,1,0,0,1
62.501806,0,0,0,1,0,0,0,1,1
62.516730,0,0,0,0,0,0,1,0,0
62.530309,1,1,1,0,1,0,0,1,0
62.532419,0,0,1,0,0,0,0,0,0
62.551814,0,1,0,1,0,1,1,0,0
62.563308,1,0,0,0,1,0,0,0,1
62.596312,0,0,1,0,0,1,0,0,1
62.598620,0,0,0,1,0,0,1,0,0
62.600135,0,0,0,0,0,0,0,1,0
62.618039,1,0,0,0,1,0,0,1,0
62.628547,0,1,1,0,0,0,0,0,0
62.646064,0,1,0,0,0,1,0,0,1
62.649934,0,0,0,1,0,0,1,0,0
62.660209,1,0,0,0,0,0,0,0,0
62.679778,0,0,1,0,1,0,0,1,0
62.698014,0,0,0,1,0,1,0,0,1
62.708912,0,1,0,0,0,0,0,0,0
62.729321,0,0,1,0,0,0,0,0,0
62.736376,0,0,0,0,0,0,1,0,0
62.748785,1,0,0,1,1,1,0,1,0
62.777198,0,1,0,0,0,0,1,0,0
62.793028,1,0,0,0,1,0,0,0,1
62.801833,0,0,0,1,0,1,1,1,1
62.821833,1,1,0,0,0,0,0,0,0
62.822809,0,0,0,0,1,0,0,1,0
62.828212,0,0,1,0,0,0,0,0,0
62.839921,0,0,1,0,0,0,0,0,0
62.844364,0,1,0,0,0,0,0,0,0
62.846529,0,0,0,0,0,1,0,0,0
62.850962,0,0,0,1,0,0,0,0,0
62.889285,0,0,0,0,0,0,1,0,0
62.899796,1,0,0,1,0,1,0,0,1
62.929796,0,0,1,0,0,0,1,0,1
62.949550,1,0,0,1,1,1,1,1,0
62.959563,1,0,0,0,1,0,0,1,0
62.959679,0,0,0,0,1,0,0,0,1
62.967541,0,0,1,0,0,0,0,0,0
62.976431,0,1,0,0,0,0,0,0,0
62.981669,0,1,0,0,0,0,0,0,0
62.996334,0,0,1,0,0,1,0,1,0
62.999887,0,0,0,1,0,0,0,0,1
63.020096,0,1,0,0,0,0,0,0,0
63.027857,0,0,0,0,0,0,1,0,0
63.038577,1,0,1,0,0,0,0,0,0
63.051090,0,0,0,1,0,1,1,0,0
63.063827,1,0,0,0,1,0,0,1,0
63.081845,0,0,0,0,1,0,0,1,1
63.091458,0,1,0,0,0,0,0,0,0
63.101931,0,1,0,1,0,1,0,0,1
63.116953,0,0,1,0,0,0,1,0,0
63.131986,1,0,1,0,0,0,0,0,0
63.151164,0,0,0,1,1,1,1,0,1
63.167621,1,0,0,0,1,0,0,0,0
63.173248,0,0,0,0,0,0,0,1,0
63.190462,0,0,1,0,0,0,0,0,0
63.196308,0,1,0,0,0,1,0,0,1
63.199154,0,0,0,1,0,0,0,1,0
63.221835,0,1,0,0,0,0,0,0,0
63.234580,0,0,1,0,0,0,1,0,0
63.249665,1,0,0,1,1,1,0,1,1
63.252138,0,0,0,0,0,0,1,0,0
63.263931,1,0,0,0,0,0,0,0,0
63.268322,0,0,0,0,1,0,0,0,0
63.276900,0,1,0,0,0,0,0,1,0
63.287198,0,0,1,0,0,0,0,0,0
63.299469,0,1,0,1,0,1,0,0,0
63.346272,0,0,0,0,0,1,1,0,0
63.348317,0,0,0,1,0,0,0,0,0
63.355115,0,0,0,0,0,0,1,0,1
63.361278,1,0,0,0,1,0,0,0,0
63.372792,1,0,0,0,1,0,0,1,1
63.379066,0,0,0,0,0,0,0,1,0
63.390770,0,0,1,0,0,0,0,0,0
63.396707,0,1,0,0,0,1,0,0,0
63.400508,0,1,0,1,0,0,1,0,0
63.411944,1,0,1,0,1,0,0,1,1
63.440334,0,1,0,0,0,0,0,0,0
63.444278,0,0,1,0,0,0,0,0,0
63.448460,0,0,0,1,0,1,1,0,0
63.464409,1,0,0,0,1,0,0,1,1
63.484894,0,1,0,0,0,0,0,0,0
63.501197,0,0,1,1,0,1,0,0,0
63.536350,0,0,0,0,0,0,1,0,0
63.548826,1,0,0,1,1,1,1,1,0
63.568826,1,1,0,0,1,0,0,1,0
63.598055,0,1,0,1,0,1,1,0,0
63.616305,1,0,0,0,1,0,0,0,0
63.649736,0,0,0,1,0,1,0,0,0
63.696166,0,0,0,0,0,1,0,1,0
63.697026,0,0,0,0,0,0,0,0,1
63.700307,0,0,0,1,0,0,0,0,1
63.704252,0,0,0,0,0,0,1,0,1
63.714909,1,0,0,0,1,0,1,0,1
63.716497,0,1,0,0,0,0,0,0,1
63.725839,1,0,0,0,0,0,0,1,0
63.726580,0,0,0,0,1,0,0,1,0
63.727770,0,0,1,0,0,0,0,0,0
63.737707,0,0,1,0,0,0,0,0,0
63.744002,0,0,1,0,0,0,0,0,0
63.744921,0,0,1,0,0,0,0,0,0
63.746979,0,1,1,0,0,1,0,0,1
63.747134,0,1,0,0,0,0,0,0,0
63.751415,0,0,0,1,0,0,1,0,0
63.762540,1,0,0,0,0,0,0,0,0
63.783873,0,0,1,0,1,0,0,0,0
63.800544,0,0,0,1,0,1,1,1,0
63.820544,1,1,0,0,1,0,0,1,0
63.846194,0,1,0,0,0,1,0,0,1
63.848920,0,0,0,1,0,0,1,0,1
63.865178,1,0,0,0,0,0,0,0,0
63.871951,0,0,0,0,1,0,0,0,0
63.881591,0,0,1,0,0,0,0,0,0
63.883678,0,0,1,0,0,0,0,1,0
63.896602,0,0,0,0,0,1,0,0,0
63.897446,0,0,0,0,0,0,0,0,1
63.900494,0,0,0,1,0,0,1,0,0
63.908178,0,1,0,0,0,0,0,0,0
63.912247,1,0,0,0,1,0,0,1,0
63.928499,0,0,1,0,0,0,0,0,0
63.937461,0,1,0,0,0,0,0,0,0
63.948683,0,0,0,1,0,1,0,0,1
63.971532,0,0,0,0,0,0,1,0,0
63.986159,1,0,1,0,1,0,0,0,0
63.996953,0,0,0,0,0,1,0,1,0
63.999005,0,0,0,1,0,0,1,0,0
64.018927,1,1,0,0,0,0,0,0,0
64.032937,0,0,0,0,0,0,0,0,1
64.046663,0,0,0,0,1,1,0,0,1
64.050716,0,0,0,1,0,0,0,1,0
64.071335,0,1,1,0,0,0,0,0,0
64.084480,0,0,1,0,0,0,1,0,0
64.096762,1,0,0,0,0,1,0,0,1
64.101548,0,0,0,1,0,0,1,0,0
64.111587,1,0,0,0,0,0,0,0,0
64.131397,0,0,1,0,0,0,0,0,0
64.150209,0,0,0,1,1,1,0,1,0
64.175503,0,1,0,0,1,0,1,1,1
64.195503,1,1,0,0,1,0,0,0,0
64.196893,0,0,0,0,0,1,0,0,0
64.198449,0,0,0,1,0,0,1,1,1
64.215098,1,0,1,0,1,0,0,0,0
64.228449,0,1,1,0,0,0,0,1,0
64.250879,0,1,0,1,0,1,0,0,0
64.296578,0,0,0,0,0,1,1,0,1
64.298413,0,0,0,1,0,0,1,0,0
64.315521,1,0,0,0,1,0,0,0,1
64.317593,1,0,0,0,0,0,0,1,0
64.336163,0,0,1,0,1,0,0,0,0
64.339819,0,1,0,0,0,0,0,1,0
64.348870,0,0,1,1,0,1,1,0,1
64.364672,1,1,0,0,1,0,0,1,0
64.380462,0,0,1,0,0,0,0,0,0
64.392103,0,1,0,0,0,0,0,0,0
64.400988,0,0,0,1,0,1,0,0,0
64.451853,0,0,0,1,0,1,0,0,1
64.479112,0,0,0,0,0,0,1,0,1
64.491028,1,0,1,0,1,0,1,1,0
64.501327,1,0,0,1,1,1,0,1,1
64.509397,0,0,1,0,0,0,0,0,0
64.513216,0,1,0,0,0,0,0,0,0
64.531327,0,1,1,0,0,0,1,0,0
64.550524,1,0,0,1,1,1,1,1,1
64.563928,1,0,0,0,1,0,0,0,0
64.577759,0,1,0,0,0,0,0,0,0
64.579513,0,0,0,0,0,0,0,1,0
64.587095,0,0,1,0,0,0,0,0,0
64.598144,0,0,0,1,0,1,0,0,1
64.603166,0,1,0,0,0,0,1,0,0
64.616648,1,0,0,0,0,0,0,0,0
64.625866,0,0,0,0,1,0,0,1,0
64.633712,0,0,1,0,0,0,0,0,0
64.648653,0,1,0,1,0,1,1,0,0
64.668225,1,0,0,0,1,0,0,0,1
64.699352,0,0,1,1,0,1,0,0,1
64.729352,0,0,1,0,0,0,0,0,0
64.746297,0,0,0,0,0,1,1,1,0
64.747170,0,0,0,0,0,0,0,0,1
64.748057,0,0,0,1,0,0,0,0,0
64.761273,1,0,0,0,0,0,1,0,0
64.775134,1,1,0,0,0,0,0,0,0
64.776166,0,0,0,0,1,0,0,0,0
64.782934,0,0,1,0,0,0,0,1,0
64.798788,0,0,0,1,1,1,0,0,0
64.803977,0,1,0,0,0,0,0,0,1
64.836803,0,0,1,0,0,0,1,1,0
64.850470,1,0,0,1,0,1,1,0,0
64.862204,1,1,0,0,1,0,0,0,0
64.896405,0,0,0,0,0,1,0,0,1
64.897296,0,0,0,0,1,0,0,1,0
64.898954,0,0,0,1,0,0,0,1,0
64.921504,0,1,0,0,0,0,1,0,1
64.927172,0,1,1,0,0,0,0,0,0
64.932626,1,0,0,0,0,0,0,0,0
64.948835,0,0,0,1,1,1,0,0,1
64.958036,0,0,1,0,0,0,0,0,0
64.964364,0,0,0,0,0,0,1,1,0
64.981240,1,0,1,0,1,0,0,1,0
64.987572,0,1,0,0,0,0,0,0,0
65.001946,0,1,0,1,0,1,0,0,0
65.046166,0,0,0,0,0,1,0,0,1
65.047106,0,0,0,0,0,0,1,0,1
65.050298,0,0,0,1,0,0,1,0,0
65.057289,1,0,0,0,1,0,0,1,0
65.063006,1,0,0,0,0,0,0,0,0
65.072928,0,0,0,0,1,0,0,0,0
65.076260,0,0,1,0,0,0,0,1,0
65.086791,0,1,1,0,0,0,0,0,0
65.096523,0,1,0,0,0,1,0,0,1
65.098570,0,0,0,1,0,0,1,0,0
65.112522,1,0,0,0,1,0,0,1,0
65.133686,0,1,1,0,0,0,0,0,0
65.146611,0,0,0,0,0,1,0,0,0
65.150166,0,0,0,1,0,0,0,0,1
65.157146,0,0,0,0,0,0,1,0,0
65.170632,1,0,0,0,1,0,0,0,0
65.184230,0,0,1,0,0,0,0,1,0
65.200539,0,0,0,1,0,1,1,0,0
65.212615,1,1,0,0,0,0,0,0,0
65.250815,0,0,0,1,1,1,0,0,0
65.257351,0,0,0,0,0,0,1,1,0
65.277351,1,1,0,0,1,0,0,1,1
65.300957,0,1,0,1,0,1,0,0,0
65.302373,0,0,0,0,0,0,0,0,1
65.312165,0,0,1,0,0,0,0,0,0
65.335123,0,0,1,0,0,0,0,0,0
65.349989,0,0,0,1,0,1,1,0,0
65.366589,1,0,0,0,1,0,0,0,1
65.396130,0,0,0,0,0,1,1,1,0
65.396738,0,0,1,0,0,0,0,0,1
65.399237,0,0,0,1,0,0,0,0,0
65.409994,1,0,0,0,1,0,0,0,1
65.418675,0,1,0,0,0,0,1,0,0
65.427256,0,0,1,0,0,0,0,1,0
65.437994,1,0,0,0,0,0,0,0,0
65.449124,0,1,1,1,1,1,1,0,0
65.461804,1,0,0,0,1,0,0,0,0
65.498046,0,0,0,1,0,1,1,0,0
65.517033,1,0,0,0,0,0,0,1,0
65.523197,0,0,0,0,0,0,0,1,0
65.527440,0,0,0,0,1,0,0,1,0
65.546893,0,1,0,0,0,1,0,0,1
65.549154,0,1,0,1,0,0,1,0,1
65.552078,0,1,0,0,0,0,0,0,0
65.565012,1,0,0,0,1,0,0,0,0
65.571437,0,0,0,0,0,0,0,1,1
65.578585,0,0,1,0,0,0,0,0,0
65.581885,0,0,1,0,0,0,0,0,0
65.601437,0,1,1,1,0,1,1,0,0
65.613866,1,0,0,0,1,0,0,0,0
65.649117,0,0,0,1,0,1,0,1,1
65.674629,0,1,0,0,0,0,1,0,1
65.680110,0,0,1,0,0,0,0,0,0
65.693543,1,0,0,0,0,0,0,0,0
65.699839,0,0,0,1,1,1,1,0,0
65.705002,0,0,1,0,0,0,0,0,1
65.715797,1,0,0,0,0,0,0,1,0
65.735257,0,0,1,0,1,0,0,1,0
65.743585,0,1,0,0,0,0,0,0,0
65.746775,0,0,0,0,0,1,0,0,1
65.750881,0,0,0,1,0,0,0,0,0
65.753298,0,0,0,0,0,0,1,0,0
65.764683,1,1,0,0,0,0,0,0,0
65.783540,0,0,1,0,0,0,0,0,0
65.796376,0,0,0,0,1,1,0,0,1
65.801956,0,0,0,1,0,0,0,0,0
65.832553,0,0,1,0,0,0,0,0,0
65.842304,0,0,0,0,0,0,1,1,0
65.848348,0,0,0,1,0,1,1,0,0
65.862304,1,1,0,0,0,0,0,0,1
65.865391,1,0,0,0,1,0,0,0,0
65.899817,0,0,1,1,0,1,0,0,1
65.908799,0,0,0,0,1,0,0,0,0
65.929853,0,0,1,0,0,0,0,0,0
65.946934,0,0,0,0,0,1,1,1,0
65.951130,0,0,0,1,0,0,0,0,0
65.963898,1,0,0,0,0,0,0,0,1
65.965031,0,0,0,0,0,0,0,1,0
65.965957,0,0,0,0,1,0,0,1,0
65.966446,0,0,0,0,0,0,1,0,0
65.976821,1,1,0,0,1,0,0,0,0
65.994051,0,1,1,0,0,0,0,0,0
65.995530,0,1,0,0,0,0,0,0,0
65.996170,0,0,0,0,0,1,0,0,1
65.998000,0,0,0,1,0,0,0,1,0
66.021359,0,1,0,0,0,0,1,0,0
66.028607,0,0,1,0,0,0,0,0,0
66.032652,1,0,0,0,1,0,0,0,0
66.049329,0,0,0,1,0,1,1,0,0
66.062287,1,0,0,0,1,0,0,0,1
66.094663,0,0,1,0,0,0,0,0,0
66.096697,0,0,0,0,0,1,0,1,1
66.099146,0,0,0,1,0,0,1,1,0
66.118947,1,1,0,0,1,0,0,0,0
66.119874,0,1,0,0,0,0,0,1,0
66.134118,0,0,1,0,0,0,0,0,0
66.141540,0,1,0,0,0,0,0,0,0
66.149780,0,0,0,1,0,1,1,0,1
66.168974,1,0,0,0,0,0,0,0,0
66.175123,0,0,0,0,1,0,0,1,0
66.185074,0,0,1,0,0,0,0,0,0
66.196904,0,1,0,0,0,1,0,0,1
66.198448,0,0,0,1,0,0,1,0,0
66.213581,1,0,0,0,1,0,0,1,0
66.233581,0,1,1,0,0,0,0,0,0
66.249238,0,0,0,1,0,1,1,0,0
66.256513,0,0,0,0,0,0,0,0,1
66.265341,1,0,0,0,1,0,0,0,0
66.296398,0,0,1,0,0,1,0,0,0
66.299575,0,0,0,1,0,0,1,0,1
66.319430,1,0,0,0,1,0,0,1,0
66.334740,0,0,1,0,0,0,0,0,0
66.346990,0,1,0,0,0,1,0,1,1
66.351919,0,0,0,1,0,0,0,0,0
66.373250,0,1,0,0,0,0,0,0,0
66.381180,0,0,1,0,0,0,1,0,0
66.392128,1,0,0,0,1,0,0,1,0
66.398837,0,0,0,1,0,1,1,0,0
66.409512,1,0,0,0,1,0,0,0,1
66.417574,0,1,0,0,0,0,0,1,0
66.441475,0,1,1,0,0,0,0,0,0
66.450357,0,0,0,1,0,1,1,0,1
66.462959,1,0,0,0,1,0,0,0,0
66.475064,0,0,0,0,0,0,0,1,0
66.484490,0,0,1,0,0,0,0,0,0
66.500382,0,1,0,1,0,1,1,0,0
66.517348,1,0,0,0,1,0,0,0,1
66.546036,0,0,0,0,0,1,0,0,0
66.549475,0,0,1,1,0,0,1,1,1
66.565812,1,0,0,0,1,0,0,1,0
66.579475,0,1,1,0,0,0,0,0,0
66.595446,0,1,0,0,0,0,0,0,0
66.596038,0,0,0,0,0,1,0,0,1
66.599612,0,0,0,1,0,0,1,0,0
66.613856,1,0,0,0,1,0,0,0,0
66.634317,0,0,1,0,0,0,0,0,0
66.646018,0,0,0,0,0,1,0,1,1
66.649386,0,0,0,1,0,0,0,0,0
66.676018,0,1,1,0,0,0,0,0,0
66.700477,0,0,0,1,0,1,1,0,0
66.720194,1,0,0,0,1,0,0,0,1
66.748850,0,0,0,1,0,1,1,0,0
66.757610,0,0,1,0,0,0,1,0,0
66.763526,1,0,0,0,1,0,0,1,1
66.768870,1,0,0,0,1,0,0,1,0
66.793526,0,1,1,0,0,0,0,0,0
66.798856,0,1,0,1,0,1,1,0,0
66.809765,1,0,0,0,1,0,0,1,0
66.832583,0,1,0,0,0,0,0,0,1
66.846823,0,0,0,0,0,1,0,1,1
66.850618,0,0,0,1,0,0,1,0,0
66.861472,1,0,0,0,1,0,0,1,0
66.867747,0,1,1,0,0,0,0,0,0
66.880182,0,0,1,0,0,0,0,0,0
66.888687,0,1,0,0,0,0,0,0,0
66.896875,0,0,0,0,0,1,0,0,0
66.900590,0,0,0,1,0,0,0,0,1
66.914242,0,0,0,0,0,0,1,0,0
66.933372,1,0,1,0,1,0,0,1,0
66.950906,0,0,0,1,0,1,1,0,1
66.962850,1,1,0,0,1,0,0,1,0
66.981689,0,0,1,0,0,0,0,0,0
66.985015,0,1,0,0,0,0,0,0,0
67.001615,0,0,0,1,0,1,0,0,0
67.046317,0,0,0,0,0,1,0,0,1
67.047134,0,0,0,0,0,0,0,0,1
67.048323,0,0,0,1,0,0,0,0,0
67.082645,0,0,1,0,0,0,0,0,0
67.085315,0,0,1,0,0,0,1,0,0
67.100000,1,0,0,1,1,1,1,0,0
67.112548,1,0,0,0,1,0,1,1,1
67.125863,1,0,0,0,0,0,0,1,0
67.142548,0,1,1,0,1,0,0,1,0
67.148130,0,1,0,1,0,1,1,0,1
67.160186,1,0,0,0,0,0,0,0,0
67.161305,0,0,0,0,1,0,0,1,0
67.172183,0,1,0,0,0,0,0,0,0
67.182394,0,1,1,0,0,0,0,0,0
67.196584,0,0,0,0,0,1,0,0,1
67.198000,0,0,0,1,0,0,0,0,0
67.227761,0,0,1,0,0,0,1,0,0
67.240024,1,0,0,0,1,0,0,0,0
67.249594,0,0,0,1,0,1,1,0,1
67.258174,0,0,0,0,0,0,0,1,0
67.261257,1,0,0,0,1,0,0,1,0
67.286138,0,1,1,0,0,0,0,0,0
67.290197,0,1,0,0,0,0,0,0,0
67.296209,0,0,0,0,0,1,0,0,0
67.299918,0,0,0,1,0,0,1,0,1
67.313051,1,0,0,0,1,0,0,0,0
67.317057,0,0,0,0,0,0,0,1,0
67.332241,0,0,1,0,0,0,0,0,0
67.338195,0,1,0,0,0,0,0,0,0
67.348209,0,0,0,1,0,1,1,0,0
67.357097,0,0,0,0,0,0,0,0,1
67.360406,1,0,0,0,1,0,0,1,0
67.388599,0,1,1,0,0,0,0,0,0
67.396294,0,0,0,0,0,1,0,0,0
67.398931,0,0,0,1,0,0,1,0,1
67.418844,1,0,0,0,0,0,0,0,0
67.438671,0,0,1,0,0,0,0,0,0
67.446789,0,0,0,0,1,1,0,1,1
67.449044,0,0,0,1,0,0,1,0,0
67.467190,1,1,0,0,1,0,0,1,0
67.484576,0,0,1,0,0,0,0,0,0
67.497098,0,1,0,0,0,1,0,0,0
67.499342,0,0,0,1,0,0,1,0,0
67.516842,1,0,0,0,0,0,0,0,1
67.546846,0,0,1,0,0,1,0,0,1
67.547577,0,0,0,0,1,0,0,1,0
67.551484,0,0,0,1,0,0,0,0,0
67.576986,0,1,1,0,0,0,0,0,0
67.601650,0,0,0,1,0,1,0,0,1
67.637410,0,0,1,0,0,0,0,0,0
67.650738,0,0,0,1,0,1,0,0,0
67.690356,0,0,0,0,0,0,0,0,1
67.701804,0,0,0,1,0,1,1,0,0
67.717753,1,0,0,0,0,0,1,0,1
67.729254,1,0,1,0,0,0,0,0,0
67.746619,0,0,0,0,1,1,1,0,1
67.747778,0,0,1,0,1,0,1,0,0
67.747889,0,0,0,0,0,0,0,1,0
67.749877,0,0,0,1,0,0,0,0,0
67.760114,1,0,0,0,0,0,1,0,0
67.763803,1,0,0,0,1,0,0,1,0
67.773917,1,1,0,0,1,0,0,0,0
67.775551,0,0,0,0,0,0,0,1,0
67.775683,0,0,0,0,1,0,0,1,0
67.778031,0,0,1,0,0,0,0,0,0
67.788128,0,1,0,0,0,0,0,0,0
67.796974,0,1,0,0,0,1,0,1,1
67.798157,0,1,0,1,0,0,0,0,0
67.806066,0,0,0,0,0,0,1,0,0
67.816492,1,0,0,0,0,0,0,0,0
67.816733,0,0,0,0,1,0,0,0,0
67.816854,0,0,0,0,0,0,0,1,0
67.826974,0,1,1,0,0,0,0,0,0
67.837023,0,1,0,0,0,0,0,0,0
67.851905,0,0,0,1,0,1,1,0,1
67.868375,1,0,0,0,0,0,0,0,0
67.889260,0,0,1,0,0,0,0,0,0
67.896722,0,0,0,0,1,1,0,0,0
67.897238,0,0,0,0,0,0,0,1,0
67.901446,0,0,0,1,0,0,1,0,1
67.912809,1,0,0,0,1,0,0,1,0
67.918332,0,1,0,0,0,0,0,0,0
67.931756,0,0,1,0,0,0,0,0,0
67.940645,0,1,0,0,0,0,0,0,0
67.946489,0,0,0,0,0,1,0,0,0
67.947025,0,0,0,0,0,0,0,0,1
67.949586,0,0,0,1,0,0,0,0,0
67.968692,0,0,0,0,0,0,1,0,0
67.979500,1,0,1,0,1,0,0,1,0
68.001826,0,1,0,1,0,1,0,0,0
68.024593,0,0,0,0,0,0,0,0,1
68.051247,0,0,0,1,0,1,1,0,0
68.058562,0,0,1,0,0,0,1,0,1
68.065778,1,0,0,0,0,0,0,0,0
68.074641,1,0,0,0,1,0,0,1,0
68.096746,0,1,1,0,1,1,0,0,0
68.101619,0,0,0,1,0,0,0,0,0
68.115796,0,0,0,0,0,0,1,0,0
68.120452,0,0,0,0,0,0,0,0,1
68.133268,1,0,0,0,1,0,0,0,0
68.151976,0,0,1,1,0,1,1,0,1
68.165344,1,0,0,0,1,0,0,0,0
68.191707,0,0,1,0,0,0,0,1,0
68.198917,0,0,0,1,0,1,0,0,1
68.209508,0,0,0,0,0,0,1,0,0
68.210517,0,0,0,0,0,0,0,1,0
68.220916,1,1,0,0,0,0,0,0,0
68.229217,0,0,1,0,0,0,0,1,0
68.238884,0,1,0,0,1,0,0,1,0
68.251002,0,1,0,1,0,1,1,0,0
68.261795,1,1,0,0,1,0,0,1,1
68.291795,0,1,1,0,0,0,0,0,0
68.299939,0,0,0,1,0,1,1,0,0
68.317555,1,0,0,0,0,0,0,0,0
68.346824,0,0,0,0,1,1,0,1,0
68.350674,0,0,0,1,0,0,1,0,0
68.369363,1,1,0,0,0,0,0,0,0
68.396376,0,0,0,0,1,1,0,1,1
68.400420,0,0,0,1,0,0,0,0,0
68.426376,0,1,1,0,0,0,0,0,0
68.432725,0,0,0,0,0,0,1,0,1
68.438150,0,0,0,0,0,0,0,0,1
68.446384,1,0,0,0,1,1,0,0,0
68.450012,0,0,0,1,0,0,1,0,0
68.451233,0,0,0,0,0,0,0,1,0
68.460719,1,0,0,0,1,0,0,0,1
68.465397,0,0,1,0,0,0,0,1,0
68.476154,0,1,1,0,0,0,0,0,0
68.487629,0,1,0,0,0,0,0,0,0
68.496050,0,0,1,0,0,1,0,0,0
68.498573,0,0,0,1,0,0,1,0,0
68.510316,1,0,0,0,1,0,0,1,1
68.534829,0,1,0,0,0,0,0,0,0
68.546682,0,0,1,0,0,1,0,0,1
68.549660,0,0,0,1,0,0,1,0,0
68.561542,1,0,0,0,1,0,0,1,0
68.577419,0,0,1,0,0,0,0,0,0
68.585490,0,1,0,0,0,0,0,0,0
68.599298,0,0,0,1,0,1,1,0,1
68.613729,1,0,0,0,1,0,0,1,0
68.636100,0,1,1,0,0,0,0,0,0
68.648969,0,0,0,1,0,1,1,0,0
68.666107,1,0,0,0,1,0,0,1,0
68.687240,0,1,0,0,0,0,0,0,0
68.696869,0,0,0,0,0,1,0,0,1
68.698055,0,0,0,1,0,0,0,0,0
68.732206,0,0,1,0,0,0,0,0,0
68.746397,0,0,0,0,0,1,0,0,1
68.747320,0,0,0,0,0,0,0,0,1
68.748449,0,0,0,1,0,0,0,0,0
68.781649,0,0,1,0,0,0,0,0,0
68.784723,0,0,1,0,0,0,0,0,0
68.800621,0,0,0,1,0,1,0,0,1
68.840277,0,0,1,0,0,0,1,0,0
68.851431,1,0,0,1,1,1,1,1,0
68.871431,1,1,0,0,1,0,0,0,0
68.896467,0,0,0,0,0,1,1,0,0
68.901891,0,0,0,1,0,0,1,0,0
68.913693,1,0,0,0,1,0,1,0,0
68.917762,1,0,0,0,1,0,0,0,0
68.922227,0,0,0,0,0,0,0,1,1
68.933450,1,0,0,0,0,0,0,0,0
68.946794,0,1,0,0,0,1,0,0,1
68.950400,0,0,0,1,0,0,0,1,0
68.956765,0,0,1,0,1,0,1,1,1
68.974601,1,1,0,0,1,0,0,1,0
68.976772,0,1,0,0,0,0,0,1,0
68.980957,0,0,1,0,0,0,0,0,0
68.994755,0,1,1,0,0,0,0,0,0
68.996869,0,1,0,0,0,1,0,0,1
69.000888,0,0,0,1,0,0,0,0,0
69.013069,0,0,0,0,0,0,1,0,0
69.032342,1,0,1,0,0,0,0,0,0
69.049596,0,0,0,1,1,1,1,1,1
69.069596,1,1,0,0,1,0,0,0,0
69.074739,0,0,0,0,0,0,0,1,0
69.082180,0,0,1,0,0,0,0,0,0
69.100762,0,1,0,1,0,1,0,0,0
69.146564,0,0,0,0,0,1,1,0,0
69.149749,0,0,0,1,0,0,1,0,0
69.163681,1,0,0,0,0,0,0,0,1
69.168738,1,0,0,0,0,0,0,0,1
69.201123,0,0,1,1,0,1,1,0,1
69.207429,0,0,1,0,1,0,0,1,0
69.211426,1,0,0,0,0,0,0,0,0
69.221961,0,0,0,0,1,0,0,1,0
69.234071,0,1,1,0,1,0,0,0,0
69.250142,0,1,0,1,0,1,1,0,1
69.269690,1,0,0,0,1,0,0,1,0
69.284513,0,0,1,0,0,0,0,1,0
69.296089,0,1,0,0,0,1,0,0,0
69.300968,0,0,0,1,0,0,1,0,0
69.313864,1,1,0,0,1,0,0,0,1
69.346041,0,0,1,0,0,1,0,0,0
69.347041,0,0,0,0,0,0,0,0,1
69.348206,0,0,0,1,0,0,0,0,0
69.381435,0,0,1,0,0,0,0,0,0
69.401910,0,0,0,1,0,1,1,1,1
69.410891,0,0,0,0,0,0,1,0,0
69.421910,1,1,0,0,1,0,0,1,0
69.428492,1,0,0,0,1,0,0,1,0
69.441910,0,1,1,0,0,0,0,0,0
69.448938,0,1,0,1,0,1,0,0,0
69.496111,0,0,0,0,0,1,1,0,1
69.497070,0,0,0,0,0,0,0,0,1
69.500161,0,0,0,1,0,0,1,0,0
69.510296,1,0,0,0,1,0,0,0,0
69.511482,1,0,0,0,0,0,0,0,0
69.524081,0,0,0,0,1,0,0,1,0
69.525092,0,0,0,0,0,0,0,1,0
69.534984,0,0,1,0,0,0,0,0,0
69.537029,0,0,1,0,0,0,0,0,0
69.550935,0,1,0,1,0,1,0,0,1
69.551935,0,1,0,0,0,0,0,0,0
69.590440,0,0,1,0,0,0,1,0,0
69.601610,1,0,0,1,1,1,0,0,1
69.638533,0,0,1,0,0,0,1,1,0
69.648912,1,0,0,1,0,1,1,0,0
69.658613,0,1,0,0,1,0,0,0,0
69.658763,0,0,0,0,0,0,0,1,1
69.663846,1,0,0,0,1,0,0,0,0
69.688763,0,1,1,0,0,0,0,0,0
69.699829,0,0,0,1,0,1,0,1,0
69.705166,0,0,0,0,0,0,1,0,0
69.717556,1,0,0,0,1,0,0,1,0
69.726266,0,1,0,0,0,0,0,0,0
69.747184,0,1,0,0,0,1,0,0,0
69.748125,0,0,0,1,0,0,0,0,1
69.766970,0,0,0,0,0,0,1,0,1
69.782008,1,0,1,0,1,0,0,0,0
69.796050,0,0,0,0,0,1,0,0,1
69.801833,0,0,1,1,0,0,0,0,0
69.808169,0,0,0,0,0,0,0,1,0
69.834625,0,1,1,0,0,0,1,0,0
69.850413,1,0,0,1,1,1,1,1,1
69.870413,1,1,0,0,0,0,0,0,0
69.889149,0,0,1,0,0,0,0,0,0
69.898471,0,0,0,1,1,1,0,1,1
69.927185,0,1,0,0,0,0,0,0,0
69.928523,0,0,1,0,0,0,0,0,0
69.949621,0,0,0,1,0,1,0,0,1
69.987442,0,0,1,0,0,0,1,0,0
69.998597,1,0,0,1,1,1,0,1,1
70.019597,0,1,0,0,0,0,1,0,0
70.032483,1,0,1,0,1,0,1,1,0
70.048000,1,0,0,1,1,1,1,1,1
70.060828,1,1,0,0,0,0,0,0,0
70.072865,0,1,0,0,0,0,0,0,0
70.082444,0,0,1,0,1,0,0,0,0
70.094549,0,0,0,0,0,0,0,1,0
70.096465,0,0,0,0,0,1,0,0,1
70.098147,0,0,0,1,0,0,1,0,0
70.115752,1,1,0,0,0,0,0,0,0
70.133277,0,0,1,0,1,0,0,0,0
70.148816,0,0,0,1,0,1,1,1,0
70.163567,1,0,0,0,0,0,0,0,1
70.165571,0,0,0,0,1,0,0,1,0
70.170623,0,1,0,0,0,0,0,0,0
70.194449,0,1,1,0,0,0,0,0,0
70.196756,0,0,0,0,0,1,0,0,0
70.197480,0,0,0,0,0,0,0,0,1
70.198816,0,0,0,1,0,0,0,0,0
70.231393,0,0,1,0,0,0,0,0,0
70.235285,0,0,0,0,0,0,1,0,0
70.249468,1,0,0,1,1,1,1,0,0
70.268290,1,0,0,0,0,0,0,0,0
70.291011,0,0,0,0,0,0,0,1,1
70.296269,0,0,0,0,1,1,0,0,0
70.300131,0,0,0,1,0,0,1,1,0
70.310343,1,0,0,0,1,0,0,1,0
70.312735,0,1,0,0,0,0,0,0,1
70.320407,0,1,0,0,0,0,0,0,0
70.330764,0,1,1,0,0,0,0,0,0
70.350019,0,0,1,1,0,1,1,0,1
70.369314,1,0,0,0,0,0,0,0,0
70.388695,0,0,1,0,1,0,0,1,0
70.400948,0,0,0,1,0,1,1,0,0
70.416007,1,1,0,0,1,0,0,0,1
70.446723,0,0,1,0,0,1,0,0,0
70.451152,0,0,0,1,0,0,0,1,0
70.454427,0,0,0,0,0,0,1,0,1
70.472664,1,1,0,0,1,0,0,0,0
70.488992,0,0,1,0,0,0,0,0,0
70.499491,0,0,0,1,0,1,0,0,1
70.534183,0,0,1,0,0,0,0,0,0
70.546013,0,0,0,0,0,1,0,1,0
70.547009,0,0,0,0,0,0,0,0,1
70.547505,0,0,0,0,0,0,1,0,0
70.550082,0,0,0,1,0,0,1,0,0
70.557957,1,0,0,0,0,0,0,0,0
70.568524,1,1,0,0,1,0,0,1,0
70.572726,0,0,0,0,1,0,0,1,0
70.577009,0,0,1,0,0,0,0,0,0
70.598183,0,1,0,1,0,1,0,0,1
70.601207,0,1,0,0,0,0,1,0,0
70.617197,1,0,0,0,1,0,0,0,0
70.624475,0,0,0,0,0,0,0,1,0
70.629167,0,0,1,0,0,0,0,0,0
70.650040,0,1,0,1,0,1,1,0,0
70.667807,1,0,0,0,0,0,0,0,1
70.701242,0,0,1,1,0,1,1,0,1
70.709388,0,0,0,0,1,0,0,1,0
70.719654,1,0,0,0,1,0,0,1,0
70.732248,0,1,1,0,0,0,0,0,0
70.748070,0,1,0,1,0,1,1,0,1
70.767402,1,0,0,0,1,0,0,1,0
70.787498,0,1,1,0,0,0,0,0,0
70.801043,0,0,0,1,0,1,0,0,0
70.849500,0,0,0,1,0,1,1,0,1
70.860428,1,0,0,0,1,0,1,0,0
70.864106,0,0,0,0,0,0,0,0,1
70.874276,1,0,0,0,0,0,0,1,0
70.883250,0,0,1,0,1,0,0,0,0
70.894155,0,0,1,0,0,0,0,0,0
70.896988,0,1,0,0,0,1,0,0,0
70.900131,0,0,0,1,0,0,1,1,0
70.920131,1,1,0,0,0,0,0,0,1
70.950837,0,0,1,1,1,1,0,1,1
70.953611,0,0,0,0,0,0,1,0,0
70.972405,1,1,0,0,0,0,0,0,0
70.978212,0,0,0,0,1,0,0,1,0
70.982176,0,0,1,0,0,0,0,0,0
70.996335,0,0,0,0,0,1,0,0,0
70.998085,0,0,0,1,0,0,1,0,1
71.008092,1,1,0,0,0,0,0,0,0
71.037566,0,0,1,0,1,0,0,1,0
71.050937,0,0,0,1,0,1,0,0,0
71.052263,0,0,0,0,0,0,1,0,0
71.067040,1,1,0,0,1,0,0,1,0
71.096438,0,1,0,0,0,1,0,0,0
71.099649,0,0,0,1,0,0,0,0,0
71.119128,0,0,0,0,0,0,1,0,0
71.133058,1,0,0,0,1,0,0,1,0
71.149494,0,0,0,1,0,1,0,0,0
71.154813,0,1,0,0,0,0,1,0,1
71.168466,1,0,0,0,1,0,0,1,1
71.172543,0,0,0,0,0,0,0,0,1
71.185206,0,0,1,0,0,0,0,0,0
71.198466,0,1,1,1,0,1,0,0,1
71.209440,0,0,1,0,0,0,1,0,0
71.228892,1,0,1,0,1,0,0,1,0
71.248405,0,0,0,1,0,1,0,0,0
71.257215,0,1,0,0,0,0,0,0,1
71.297010,0,0,1,0,0,1,1,0,0
71.297505,0,0,0,0,0,0,0,0,1
71.298211,0,0,0,1,0,0,0,0,0
71.307372,1,0,0,0,1,0,0,1,0
71.335926,0,1,1,0,0,0,0,0,0
71.346385,0,0,0,0,0,1,1,0,1
71.351214,0,0,0,1,0,0,0,0,0
71.352670,0,0,0,0,0,0,1,0,0
71.359138,1,0,0,0,1,0,0,1,0
71.363646,1,0,0,0,0,0,0,0,0
71.377125,0,0,1,0,1,0,0,0,0
71.387844,0,1,0,0,0,0,0,1,0
71.401481,0,0,0,1,0,1,0,0,1
71.417368,0,1,0,0,0,0,1,0,0
71.434951,1,0,1,0,1,0,0,0,0
71.448804,0,0,0,1,0,1,1,1,0
71.467716,1,0,0,0,1,0,0,1,0
71.472456,0,1,0,0,0,0,0,0,0
71.493878,0,1,0,0,0,0,0,0,0
71.500149,0,0,0,1,0,1,1,0,0
71.513896,1,0,0,0,0,0,0,0,0
71.548551,0,0,0,1,1,1,1,0,0
71.559351,1,0,0,0,1,0,0,0,0
71.601176,0,0,0,1,0,1,0,0,0
71.619638,0,0,0,0,0,0,1,1,0
71.639638,1,1,0,0,0,0,0,1,0
71.641578,0,0,0,0,1,0,0,0,0
71.646615,0,0,0,0,0,1,0,0,1
71.647565,0,0,0,0,0,0,0,1,0
71.647783,0,0,0,0,0,0,0,0,1
71.650326,0,0,0,1,0,0,0,0,1
71.658517,0,0,0,0,0,0,1,0,1
71.665620,0,1,0,0,0,0,0,0,1
71.676988,1,1,1,0,1,0,0,1,0
71.678246,0,0,1,0,0,0,0,0,0
71.687506,0,0,1,0,0,0,0,0,0
71.696999,0,1,1,0,0,1,0,0,0
71.697146,0,0,1,0,0,0,0,0,1
71.701003,0,0,0,1,0,0,1,0,0
71.717562,1,0,0,0,0,0,0,0,0
71.718928,0,0,0,0,1,0,0,0,0
71.734793,0,0,1,0,0,0,0,1,0
71.746058,0,0,0,0,0,1,0,0,0
71.751077,0,0,0,1,0,0,1,0,1
71.763130,1,1,0,0,1,0,0,0,0
71.783355,0,0,1,0,0,0,0,0,0
71.785757,0,0,0,0,0,0,0,1,0
71.798466,0,0,0,1,0,1,0,0,1
71.801555,0,0,0,0,0,0,1,0,0
71.806620,0,1,0,0,0,0,0,0,0
71.819013,1,0,0,0,1,0,0,0,0
71.826252,0,0,0,0,0,0,0,1,0
71.833519,0,0,1,0,0,0,0,0,0
71.846545,0,1,0,0,0,1,0,0,1
71.849371,0,0,0,1,0,0,0,0,0
71.862678,0,0,0,0,0,0,1,0,0
71.872784,1,0,0,0,1,0,0,0,0
71.885375,0,0,1,0,0,0,0,0,0
71.900718,0,0,0,1,0,1,0,1,1
71.926406,0,1,0,0,0,0,0,0,0
71.939635,0,0,1,0,0,0,0,0,0
71.948472,0,0,0,1,0,1,0,0,1
71.966782,0,0,0,0,0,0,1,0,0
71.976946,1,0,0,0,0,0,1,0,0
71.977944,0,0,0,0,1,0,0,1,0
71.987976,1,0,1,0,1,0,0,0,0
71.997963,0,1,0,0,0,1,0,0,0
71.998162,0,0,0,1,0,0,1,1,0
72.018162,1,1,0,0,1,0,0,1,0
72.048047,0,1,0,1,0,1,1,0,1
72.060164,1,0,0,0,0,0,0,0,1
72.078367,0,0,1,0,1,0,0,0,0
72.096336,0,0,1,0,0,1,0,1,0
72.097199,0,0,0,0,0,0,0,0,1
72.100353,0,0,0,1,0,0,0,0,0
72.117209,0,1,0,0,0,0,0,0,0
72.128845,0,0,1,0,0,0,1,0,0
72.141093,1,0,0,0,1,0,0,0,0
72.151800,0,0,0,1,0,1,1,0,0
72.158856,0,0,0,0,0,0,0,0,1
72.166081,1,0,0,0,0,0,0,1,0
72.196055,0,1,1,0,0,1,0,0,1
72.198423,0,0,0,1,1,0,1,1,0
72.214876,1,0,0,0,1,0,0,0,0
72.223011,0,1,0,0,0,0,0,0,0
72.230925,0,0,1,0,0,0,0,0,0
72.249721,0,0,0,1,0,1,1,1,0
72.269721,1,1,0,0,0,0,0,0,0
72.296246,0,0,0,0,1,1,0,0,0
72.301464,0,0,0,1,0,0,0,0,1
72.306464,0,0,0,0,0,0,1,0,1
72.317371,1,0,0,0,0,0,0,0,0
72.323708,0,0,0,0,0,0,0,1,0
72.328895,0,0,0,0,1,0,0,0,0
72.336758,0,0,1,0,0,0,0,0,0
72.338949,0,0,1,0,0,0,0,1,0
72.346838,0,1,0,0,0,1,0,0,0
72.348477,0,0,0,1,0,0,1,0,1
72.361624,1,1,0,0,1,0,0,0,0
72.388279,0,0,1,0,0,0,0,0,0
72.396689,0,0,0,0,0,1,0,0,1
72.401570,0,0,0,1,0,0,1,0,0
72.407623,0,0,0,0,0,0,0,1,0
72.415467,1,0,0,0,1,0,0,0,0
72.416771,0,0,0,0,0,0,0,1,0
72.426844,0,0,1,0,0,0,0,0,0
72.429123,0,1,0,0,0,0,0,0,0
72.446292,0,1,0,0,0,1,0,0,0
72.448468,0,0,0,1,0,0,1,0,0
72.461074,1,0,0,0,1,0,0,1,1
72.491074,0,1,1,0,0,0,0,0,0
72.501582,0,0,0,1,0,1,0,0,1
72.528227,0,0,0,0,0,0,1,0,0
72.540129,1,0,1,0,1,0,0,1,0
72.546310,0,0,0,0,0,1,0,0,1
72.551710,0,0,0,1,0,0,0,0,0
72.560423,0,1,0,0,0,0,0,0,0
72.564991,0,0,0,0,0,0,1,0,0
72.583836,1,0,1,0,0,0,0,0,0
72.598416,0,0,0,1,1,1,1,1,1
72.617202,1,0,0,0,0,0,0,0,0
72.620311,0,1,0,0,0,0,0,0,0
72.622574,0,0,0,0,1,0,0,0,0
72.625596,0,0,0,0,0,0,0,1,0
72.633977,0,0,1,0,0,0,0,0,0
72.651923,0,1,0,1,0,1,0,0,1
72.688585,0,0,1,0,0,0,0,0,0
72.696129,0,0,0,0,0,1,0,0,0
72.697048,0,0,0,0,0,0,0,0,1
72.701368,0,0,0,1,0,0,0,0,0
72.730292,0,0,1,0,0,0,0,0,0
72.739756,0,0,0,0,0,0,1,0,0
72.746951,0,0,0,0,0,1,0,0,1
72.751239,1,0,0,1,1,0,0,1,0
72.772215,0,1,0,0,0,0,0,0,0
72.775059,0,0,0,0,0,0,1,0,0
72.786543,1,0,1,0,1,0,1,0,0
72.796051,0,0,0,0,0,1,0,0,1
72.799535,1,0,0,1,1,0,0,0,0
72.822825,0,0,0,0,0,0,1,1,0
72.827380,0,0,1,0,0,0,0,1,0
72.839405,1,0,0,0,1,0,0,1,0
72.851100,0,1,0,1,0,1,0,0,0
72.854953,0,1,0,0,0,0,1,0,0
72.866819,1,1,0,0,1,0,0,0,1
72.896888,0,0,1,0,0,1,0,0,1
72.899114,0,0,0,1,0,0,1,1,0
72.919114,1,1,0,0,1,0,0,0,0
72.936001,0,0,1,0,0,0,0,1,0
72.951008,0,0,0,1,0,1,1,0,1
72.962590,1,1,0,0,0,0,0,0,0
72.987875,0,0,1,0,1,0,0,0,0
72.999700,0,0,0,1,0,1,0,1,1
73.029700,0,1,1,0,0,0,1,0,0
73.042311,1,0,0,0,0,0,0,0,0
73.048212,0,0,0,1,1,1,1,0,0
73.063969,1,0,0,0,1,0,0,1,1
73.089013,0,1,0,0,0,0,0,0,0
73.096516,0,0,1,0,0,1,0,1,0
73.100566,0,0,0,1,0,0,1,0,0
73.116663,1,1,0,0,1,0,0,0,0
73.136173,0,0,0,0,0,0,0,1,0
73.143693,0,0,0,0,0,0,0,0,1
73.151962,0,0,0,1,0,1,1,0,1
73.162245,1,1,0,0,1,0,0,0,0
73.171047,0,0,0,0,0,0,0,1,0
73.175403,0,0,1,0,0,0,0,0,0
73.191466,0,1,1,0,0,0,0,0,0
73.200287,0,0,0,1,0,1,1,0,0
73.214376,1,0,0,0,1,0,0,1,0
73.215376,0,0,0,0,0,0,0,0,1
73.239831,0,1,0,0,0,0,0,0,0
73.249528,0,0,1,1,0,1,0,0,1
73.258373,0,0,0,0,0,0,1,0,0
73.277188,1,0,0,0,1,0,0,0,0
73.279832,0,0,1,0,0,0,0,0,0
73.298345,0,0,0,1,0,1,0,0,0
73.348885,0,0,0,1,0,1,1,0,0
73.360668,1,0,0,0,0,0,1,1,1
73.376466,1,0,0,0,0,0,0,0,0
73.379561,0,0,0,0,0,0,0,0,1
73.380284,0,0,0,0,1,0,0,0,0
73.380476,0,0,0,0,0,0,0,1,0
73.390668,0,1,1,0,0,0,0,0,0
73.398252,0,0,0,1,1,1,0,1,1
73.399313,0,0,0,0,0,0,1,0,0
73.410287,1,1,1,0,1,0,0,0,0
73.428252,0,1,1,0,0,0,0,1,0
73.446795,0,0,0,0,0,1,0,0,0
73.448069,0,0,0,1,0,0,1,0,0
73.448160,0,0,0,0,0,0,0,0,1
73.458155,1,1,0,0,1,0,0,1,0
73.478155,0,1,0,0,0,0,0,0,0
73.481494,0,0,1,0,0,0,0,0,0
73.499609,0,0,0,1,0,1,0,0,0
73.542074,0,0,0,0,0,0,1,0,1
73.550781,0,0,0,1,0,1,0,0,1
73.552185,1,0,0,0,0,0,0,0,0
73.576836,0,0,1,0,1,0,1,1,0
73.587257,1,0,1,0,1,0,0,1,0
73.596097,0,0,0,0,0,1,0,0,0
73.601771,0,1,0,1,0,0,1,0,1
73.611879,1,1,0,0,1,0,0,1,0
73.631822,0,0,1,0,0,0,0,0,0
73.637275,0,1,0,0,0,0,0,0,0
73.650259,0,0,0,1,0,1,1,0,1
73.662853,1,0,0,0,0,0,0,0,0
73.675965,0,0,0,0,1,0,0,1,0
73.690203,0,0,1,0,0,0,0,0,0
73.700255,0,1,0,1,0,1,0,0,1
73.730970,0,0,1,0,0,0,1,0,0
73.750304,1,0,0,1,0,1,1,0,1
73.763540,1,0,0,0,0,0,0,0,0
73.783867,0,0,1,0,1,0,0,1,0
73.800654,0,0,0,1,1,1,0,1,0
73.811951,0,1,0,0,0,0,1,0,1
73.822286,1,1,0,0,0,0,0,0,0
73.848714,0,0,1,1,1,1,1,0,0
73.866536,1,0,0,0,1,0,0,0,0
73.877151,0,0,0,0,0,0,0,0,1
73.892121,0,0,0,0,0,0,0,1,0
73.896009,0,0,0,0,0,1,0,1,0
73.899846,0,0,0,1,0,0,0,0,0
73.913815,0,1,1,0,0,0,0,0,0
73.914824,0,0,0,0,0,0,1,0,1
73.925626,1,1,0,0,1,0,0,1,0
73.945789,0,1,1,0,0,0,0,0,0
73.949805,0,0,0,1,0,1,0,0,0
73.999446,0,0,0,1,0,1,1,0,1
74.005750,0,0,0,0,0,0,1,0,0
74.019340,1,0,0,0,1,0,0,1,0
74.024101,1,0,0,0,1,0,0,1,0
74.034252,0,0,1,0,0,0,0,0,1
74.048695,0,1,0,1,0,1,0,0,0
74.050067,0,1,0,0,0,0,0,0,1
74.055538,0,0,0,0,0,0,1,0,0
74.069646,1,0,1,0,1,0,0,1,0
74.083015,0,0,1,0,0,0,0,0,0
74.092930,0,1,0,0,0,0,0,0,0
74.101774,0,0,0,1,0,1,1,0,1
74.114140,1,0,0,0,1,0,0,1,0
74.140562,0,1,1,0,0,0,0,0,0
74.151139,0,0,0,1,0,1,0,0,0
74.188949,0,0,0,0,0,0,1,0,0
74.196302,0,0,0,0,0,1,0,0,0
74.198133,0,0,0,1,0,0,1,0,1
74.207520,1,0,0,0,1,0,0,0,0
74.208780,1,0,0,0,1,0,0,1,0
74.228394,0,0,1,0,0,0,0,0,1
74.228587,0,0,0,0,0,0,0,1,0
74.236435,0,1,0,0,0,0,0,0,0
74.246152,0,0,0,0,0,1,0,0,0
74.248058,0,0,0,1,0,0,0,0,1
74.258510,0,1,1,0,0,0,0,0,0
74.278450,0,0,1,0,0,0,0,0,0
74.296353,0,0,0,0,0,1,0,0,1
74.300714,0,0,0,1,0,0,1,0,0
74.318255,1,0,0,0,1,0,1,1,0
74.329501,1,0,1,0,1,0,0,1,0
74.348091,0,1,0,1,0,1,0,0,1
74.359056,0,1,0,0,0,0,1,0,0
74.378107,1,0,1,0,1,0,0,0,0
74.396833,0,0,0,0,0,1,0,1,0
74.400762,0,0,0,1,0,0,1,0,1
74.410929,1,0,0,0,1,0,0,1,0
74.418294,0,1,0,0,0,0,0,0,0
74.430764,0,0,1,0,0,0,0,0,0
74.434169,0,1,0,0,0,0,0,0,0
74.448668,0,0,0,1,0,1,0,0,1
74.452282,0,0,0,0,0,0,1,0,0
74.470993,1,0,0,0,0,0,0,0,0
74.483913,0,0,1,0,1,0,0,0,0
74.501980,0,0,0,1,0,1,1,1,1
74.521980,1,1,0,0,0,0,0,0,0
74.526783,0,0,0,0,1,0,0,1,0
74.537376,0,0,1,0,0,0,0,0,0
74.550989,0,1,0,1,0,1,0,0,0
74.592526,0,0,0,0,0,0,1,0,1
74.596658,0,0,0,0,0,1,0,0,0
74.597002,0,0,0,0,0,0,0,0,1
74.598815,0,0,0,1,0,0,0,0,0
74.601058,0,0,0,0,0,0,1,0,0
74.602744,1,0,0,0,1,0,0,1,0
74.617807,1,0,0,0,1,0,0,0,0
74.627363,0,1,1,0,0,0,0,1,0
74.630512,0,0,1,0,0,0,0,0,0
74.647551,0,1,0,0,0,1,0,0,0
74.651035,0,0,0,1,0,0,1,0,1
74.665234,1,0,0,0,1,0,0,1,0
74.681394,0,0,1,0,0,0,0,0,0
74.689659,0,1,0,0,0,0,0,0,0
74.696432,0,0,0,0,0,1,0,0,1
74.699755,0,0,0,1,0,0,1,0,0
74.716671,1,0,0,0,1,0,0,1,0
74.732124,0,0,1,0,0,0,0,0,0
74.737818,0,1,0,0,0,0,0,0,0
74.746082,0,0,0,0,0,1,0,0,0
74.751913,0,0,0,1,0,0,1,0,1
74.766415,1,0,0,0,0,0,0,0,0
74.790607,0,0,1,0,1,0,0,1,0
74.796466,0,0,0,0,0,1,0,0,0
74.799684,0,0,0,1,0,0,1,0,0
74.812236,1,1,0,0,0,0,0,0,0
74.851964,0,0,0,1,0,1,1,0,1
74.857062,0,0,0,0,1,0,0,1,1
74.870232,1,0,0,0,1,0,0,0,0
74.877767,0,1,0,0,0,0,0,0,0
74.887115,0,0,1,0,0,0,0,0,0
74.894883,0,0,1,0,0,0,0,0,0
74.901435,0,0,0,1,0,1,0,1,1
74.929658,0,1,0,0,0,0,0,0,0
74.934559,0,0,1,0,0,0,1,0,0
74.948625,1,0,0,1,1,1,0,0,0
75.001422,0,0,0,1,0,1,0,1,0
75.031323,0,1,0,0,0,0,0,0,0
75.046718,0,0,0,0,0,1,0,0,0
75.048352,0,0,0,1,0,0,0,0,0
75.099197,0,0,0,1,0,1,1,0,1
75.117569,1,0,0,0,0,0,1,0,1
75.122192,0,0,0,0,1,0,1,1,1
75.128150,1,0,0,0,1,0,0,1,0
75.134381,1,0,1,0,0,0,1,0,0
75.151439,1,1,1,1,1,1,0,1,0
75.151815,0,1,0,0,1,0,1,0,1
75.162125,1,0,1,0,1,0,0,1,0
75.169929,0,0,0,0,0,0,0,1,1
75.177865,0,1,0,0,0,0,0,0,0
75.181958,0,0,1,0,0,0,0,0,0
75.184035,0,1,0,0,0,0,0,0,0
75.198741,0,1,0,1,0,1,0,0,1
75.199096,0,0,0,0,0,0,1,0,0
75.209747,1,0,1,0,1,0,0,0,0
75.224751,0,0,0,0,0,0,0,1,0
75.234433,0,0,1,0,0,0,0,0,0
75.249938,0,1,0,1,0,1,0,0,1
75.288792,0,0,1,0,0,0,0,0,0
75.298980,0,0,0,1,0,1,0,0,1
75.310787,0,0,0,0,0,0,1,0,0
75.330187,1,0,1,0,1,0,1,0,0
75.346740,1,0,0,0,0,1,0,0,0
75.350427,0,0,0,1,1,0,0,1,0
75.375137,0,1,0,0,0,0,1,1,0
75.378242,0,0,0,0,0,0,0,0,1
75.388776,1,0,0,0,1,0,0,0,0
75.398478,0,1,0,1,0,1,1,0,1
75.410307,1,0,1,0,0,0,0,0,0
75.420109,0,0,0,0,0,0,0,1,0
75.437385,0,0,1,0,1,0,0,0,0
75.446312,0,1,0,0,0,1,0,0,0
75.447054,0,0,0,0,0,0,0,1,1
75.448105,0,0,0,1,0,0,0,0,0
75.452730,0,0,0,0,0,0,1,0,0
75.464923,1,0,0,0,1,0,0,0,0
75.477054,0,1,1,0,0,0,0,0,0
75.496743,0,0,0,0,0,1,0,1,0
75.497709,0,0,0,0,0,0,0,0,1
75.499762,0,0,0,1,0,0,0,0,0
75.502427,0,0,0,0,0,0,1,0,0
75.518018,1,1,0,0,1,0,0,0,0
75.525194,0,0,0,0,0,0,0,1,0
75.534972,0,0,1,0,0,0,0,0,0
75.548671,0,1,0,1,0,1,0,0,0
75.596066,0,0,0,0,0,1,0,0,0
75.599652,0,0,0,1,0,0,0,0,0
75.646181,0,0,0,0,0,1,1,0,1
75.647086,0,0,0,0,0,0,1,0,0
75.650594,0,0,0,1,0,0,1,0,1
75.658318,1,0,0,0,1,0,0,0,0
75.660910,1,0,0,0,0,0,0,0,0
75.663068,1,0,0,0,1,0,0,0,1
75.668215,0,0,0,0,0,0,0,1,0
75.674285,0,0,0,0,1,0,0,1,0
75.680287,0,0,1,0,0,0,0,1,0
75.690312,0,1,1,0,0,0,0,0,0
75.696341,0,1,1,0,0,1,0,0,1
75.698367,0,0,0,1,0,0,1,0,0
75.708986,1,1,0,0,1,0,0,0,0
75.730339,0,0,1,0,0,0,0,1,0
75.748151,0,0,0,1,0,1,1,0,0
75.760219,1,1,0,0,0,0,0,0,0
75.798311,0,0,0,1,0,1,0,0,0
75.839809,0,0,0,0,1,0,1,0,0
75.851141,1,0,0,1,0,1,1,1,0
75.855902,0,0,0,0,0,0,0,0,1
75.871141,1,1,0,0,0,0,0,0,0
75.876263,0,0,0,0,1,0,0,1,0
75.880838,0,0,0,0,1,0,0,1,0
75.888910,0,0,1,0,0,0,0,0,0
75.900805,0,1,0,1,0,1,1,0,0
75.900822,0,0,0,0,0,0,0,0,1
75.910834,1,1,0,0,1,0,0,0,0
75.932140,0,0,1,0,0,0,0,1,0
75.951564,0,0,0,1,0,1,0,0,1
75.954744,0,1,0,0,0,0,1,0,1
75.970444,1,0,0,0,0,0,0,0,1
75.986942,0,0,1,0,0,0,0,0,0
75.990186,0,0,1,0,1,0,0,0,0
75.998320,0,0,0,1,0,1,1,0,0
75.999428,0,0,0,0,0,0,0,0,1
76.010071,1,0,1,0,1,0,0,0,0
76.037916,0,0,1,0,0,0,0,1,0
76.049380,0,0,0,1,0,1,1,1,1
76.058047,0,1,0,0,0,0,0,0,0
76.063468,1,0,0,0,0,0,0,0,0
76.079380,0,1,1,0,1,0,0,0,0
76.101058,0,0,0,1,0,1,0,1,0
76.125735,0,1,0,0,0,0,1,0,1
76.141349,1,0,0,0,1,0,0,1,0
76.150859,0,0,0,1,0,1,0,0,0
76.162696,0,1,1,0,0,0,1,0,0
76.176974,1,0,0,0,1,0,0,1,1
76.201329,0,1,0,1,0,1,1,0,1
76.213779,1,0,1,0,0,0,0,0,0
76.230011,0,0,0,0,1,0,0,1,0
76.240367,0,0,1,0,0,0,0,0,0
76.248763,0,0,0,1,0,1,0,0,0
76.249742,0,0,0,0,0,0,1,0,0
76.259801,1,1,0,0,0,0,0,0,0
76.296429,0,0,0,0,0,1,0,0,0
76.299972,0,0,0,1,1,0,0,1,0
76.317859,0,0,0,0,0,0,0,0,1
76.323446,0,1,0,0,0,0,1,0,0
76.336610,1,0,0,0,0,0,0,0,1
76.338080,0,0,0,0,1,0,0,1,0
76.347896,0,0,1,0,0,1,0,0,1
76.348914,0,0,0,1,0,0,1,0,0
76.367016,1,1,1,0,1,0,0,1,0
76.385331,0,0,1,0,0,0,0,0,0
76.387655,0,1,0,0,0,0,0,0,0
76.398032,0,0,0,1,0,1,0,0,0
76.448896,0,0,0,1,0,1,1,0,0
76.467547,1,0,0,0,1,0,0,0,1
76.497686,0,0,1,0,0,1,1,1,0
76.500419,0,0,0,1,0,0,0,0,1
76.510321,1,0,0,0,0,0,0,0,1
76.524010,0,1,0,0,0,0,1,0,0
76.534816,1,0,1,0,1,0,0,1,0
76.548641,0,0,1,1,1,1,1,0,0
76.556989,0,1,0,0,0,0,0,1,1
76.562312,1,0,0,0,1,0,0,0,0
76.572764,0,0,0,0,0,0,0,1,0
76.586989,0,1,1,0,0,0,0,0,0
76.596870,0,1,0,0,0,1,0,0,1
76.601825,0,0,0,1,0,0,0,0,0
76.636176,0,0,1,0,0,0,1,0,0
76.651928,1,0,0,1,1,1,1,1,1
76.671928,1,1,0,0,1,0,0,0,0
76.682887,0,0,1,0,0,0,0,0,0
76.698183,0,0,0,1,0,1,0,0,0
76.700882,0,0,0,0,0,0,0,1,0
76.728139,0,1,0,0,0,0,0,0,0
76.748701,0,0,0,1,0,1,0,0,1
76.763989,0,0,0,0,0,0,1,0,0
76.776430,1,0,0,0,1,0,0,0,1
76.782183,0,0,1,0,0,0,1,0,0
76.798940,1,0,0,1,0,1,0,1,1
76.801479,0,0,0,0,1,0,1,1,0
76.813939,1,0,1,0,1,0,0,0,0
76.823096,0,1,0,0,0,0,0,0,0
76.831327,0,1,1,0,0,0,0,1,0
76.846068,0,0,0,0,0,1,0,0,1
76.851367,0,1,0,1,0,0,1,0,0
76.862218,1,0,0,0,0,0,0,0,0
76.881123,0,0,1,0,1,0,0,1,0
76.901176,0,1,0,1,0,1,1,0,1
76.915949,1,0,0,0,1,0,0,1,0
76.936783,0,1,1,0,0,0,0,0,0
76.948301,0,0,0,1,0,1,1,0,1
76.959563,1,0,0,0,0,0,0,0,0
76.983055,0,0,1,0,1,0,0,1,0
77.001874,0,0,0,1,0,1,1,0,1
77.012658,1,1,0,0,1,0,0,0,0
77.035244,0,0,1,0,0,0,0,1,0
77.049573,0,0,0,1,0,1,1,0,0
77.064321,1,1,0,0,1,0,0,0,0
77.096619,0,0,0,0,0,1,0,0,1
77.099582,0,0,0,1,0,0,1,0,0
77.109827,1,0,0,0,1,0,0,1,1
77.113950,0,0,0,0,0,0,0,1,0
77.132905,0,1,1,0,0,0,0,0,0
77.137639,0,1,0,0,0,0,0,0,0
77.146601,0,0,1,0,0,1,0,0,0
77.149455,0,0,0,1,0,0,0,0,0
77.196038,0,0,0,0,0,1,1,0,1
77.201008,0,0,0,1,0,0,1,0,1
77.207734,1,0,0,0,0,0,0,0,0
77.215189,1,0,0,0,1,0,0,1,0
77.226865,0,0,1,0,0,0,0,0,0
77.232721,0,0,1,0,0,0,0,0,0
77.240015,0,1,0,0,0,0,0,0,0
77.246962,0,0,0,0,1,1,0,1,1
77.251430,0,0,0,1,0,0,0,0,0
77.276962,0,1,1,0,0,0,1,0,0
77.296391,1,0,0,0,0,1,0,0,0
77.297063,0,0,0,0,1,0,0,1,1
77.300733,0,0,0,1,0,0,0,0,0
77.321943,0,1,0,0,0,0,0,0,0
77.324388,0,0,0,0,0,0,1,0,0
77.336415,1,0,1,0,0,0,0,0,0
77.350678,0,0,0,1,1,1,1,0,1
77.362447,1,0,0,0,1,0,0,0,0
77.376204,0,0,0,0,0,0,0,1,0
77.384641,0,0,1,0,0,0,0,0,0
77.396300,0,1,0,0,0,1,0,0,0
77.397236,0,0,0,0,0,0,0,1,1
77.400685,0,0,0,1,0,0,1,0,0
77.420083,1,1,0,0,0,0,0,0,0
77.431820,0,0,1,0,1,0,0,1,0
77.449909,0,0,0,1,0,1,1,0,0
77.459927,1,1,0,0,1,0,0,1,1
77.485214,0,1,0,0,0,0,0,0,0
77.496182,0,0,1,0,0,1,0,0,1
77.499756,0,0,0,1,0,0,0,0,0
77.521144,0,0,0,0,0,0,1,0,0
77.536014,1,0,1,0,0,0,0,0,0
77.550703,0,0,0,1,1,1,1,1,1
77.565598,1,0,0,0,0,0,0,0,0
77.580703,0,1,1,0,1,0,0,1,0
77.598010,0,0,0,1,0,1,1,0,1
77.610419,1,1,0,0,0,0,0,0,0
77.617396,0,0,0,0,1,0,0,0,0
77.636307,0,0,1,0,0,0,0,0,0
77.646539,0,0,0,0,0,1,0,1,1
77.651218,0,0,0,1,0,0,0,0,0
77.676539,0,1,1,0,0,0,1,0,0
77.689608,1,0,0,0,1,0,0,1,0
77.696935,0,0,0,0,0,1,0,0,0
77.701009,0,0,0,1,0,0,0,0,0
77.716319,0,1,0,0,0,0,0,0,0
77.731630,0,0,0,0,0,0,1,0,0
77.751421,1,0,0,1,0,1,1,0,1
77.756077,0,0,0,0,1,0,0,0,1
77.770579,1,0,0,0,0,0,0,1,0
77.778230,0,0,0,0,1,0,0,1,0
77.785381,0,0,1,0,0,0,0,0,0
77.793811,0,1,1,0,0,0,0,0,0
77.800191,0,1,0,1,0,1,1,0,1
77.811228,1,0,0,0,1,0,0,0,0
77.836830,0,0,1,0,0,0,0,1,0
77.851589,0,0,0,1,0,1,1,0,1
77.866214,1,1,0,0,1,0,0,0,0
77.885402,0,0,1,0,0,0,0,1,0
77.896204,0,0,0,0,0,1,0,0,0
77.901245,0,0,0,1,0,0,1,0,0
77.907795,0,1,0,0,0,0,0,0,0
77.908882,0,0,0,0,0,0,0,0,1
77.920916,1,0,0,0,1,0,0,1,0
77.948263,0,1,1,1,0,1,1,0,0
77.959430,1,0,0,0,0,0,0,0,0
77.998546,0,0,0,1,1,1,1,0,0
78.014772,1,0,0,0,1,0,0,1,1
78.039652,0,1,0,0,0,0,0,0,1
78.051599,0,0,1,1,0,1,0,1,1
78.059534,0,0,0,0,0,0,1,0,0
78.076052,1,1,1,0,0,0,0,0,0
78.085501,0,0,1,0,1,0,0,1,0
78.096262,0,0,0,0,0,1,0,0,1
78.098033,0,0,0,1,0,0,0,0,0
78.109027,0,1,0,0,0,0,1,0,0
78.126402,1,0,1,0,1,0,0,1,0
78.146772,0,1,0,0,0,1,0,0,0
78.149397,0,0,0,1,0,0,0,0,1
78.150397,0,0,0,0,0,0,1,0,0
78.168048,1,0,0,0,1,0,0,1,0
78.189199,0,1,1,0,0,0,0,0,0
78.199893,0,0,0,1,0,1,1,0,0
78.200893,0,0,0,0,0,0,0,0,1
78.212708,1,0,0,0,1,0,0,0,0
78.234438,0,0,1,0,0,0,0,1,0
78.248394,0,0,0,1,0,1,0,0,0
78.250713,0,0,0,0,0,0,1,0,0
78.259553,0,1,0,0,0,0,0,0,1
78.261181,1,0,0,0,1,0,0,1,0
78.289868,0,1,1,0,0,0,0,0,0
78.300535,0,0,0,1,0,1,0,0,0
78.346727,0,0,0,0,0,1,1,0,0
78.348000,0,0,0,1,0,0,1,0,0
78.349594,0,0,0,0,0,0,0,0,1
78.365133,1,0,0,0,0,0,0,0,1
78.367987,1,0,0,0,1,0,0,1,0
78.385656,0,0,1,0,1,0,0,0,0
78.396967,0,1,1,0,0,1,0,0,0
78.400377,0,0,0,1,0,0,0,0,1
78.436984,0,0,1,0,0,0,0,1,0
78.449251,0,0,0,1,0,1,0,0,1
78.466814,0,1,0,0,0,0,0,0,0
78.489065,0,0,1,0,0,0,0,0,0
78.496140,0,0,0,0,0,1,1,0,1
78.501790,0,0,0,1,0,0,0,0,0
78.509562,1,0,0,0,0,0,0,0,0
78.534982,0,0,1,0,1,0,1,1,0
78.544995,1,0,0,0,1,0,0,1,0
78.549608,0,0,0,1,0,1,0,0,1
78.559041,0,1,0,0,0,0,1,0,0
78.571877,1,1,0,0,0,0,0,0,0
78.587828,0,0,1,0,1,0,1,1,0
78.598311,1,0,0,1,1,1,0,1,1
78.608421,0,1,0,0,0,0,0,0,0
78.628311,0,1,1,0,0,0,0,0,0
78.638907,0,0,0,0,0,0,1,0,0
78.648199,0,0,0,1,0,1,1,0,1
78.655885,1,0,0,0,0,0,0,0,0
78.657117,0,0,0,0,1,0,0,0,0
78.660282,1,0,0,0,0,0,0,0,0
78.683342,0,0,1,0,0,0,0,1,0
78.700374,0,0,0,1,1,1,1,1,1
78.710999,1,1,0,0,0,0,0,0,0
78.726361,0,1,0,0,1,0,0,1,0
78.736851,0,0,1,0,0,0,0,0,0
78.746150,0,0,0,0,0,1,0,0,1
78.746371,0,1,0,0,0,0,0,0,0
78.749900,0,0,0,1,0,0,0,0,0
78.779952,0,0,1,0,0,0,1,0,0
78.796189,1,0,0,0,1,1,0,1,0
78.798107,0,0,0,1,0,0,1,0,0
78.816714,1,1,0,0,0,0,0,0,0
78.819356,0,0,0,0,1,0,0,1,0
78.829740,0,0,0,0,0,0,0,0,1
78.848026,0,1,0,1,0,1,1,0,1
78.863030,1,0,1,0,0,0,0,0,0
78.887026,0,0,1,0,1,0,0,0,0
78.892752,0,0,0,0,0,0,0,1,0
78.898404,0,0,0,1,0,1,1,0,0
78.914675,1,1,0,0,1,0,0,1,1
78.939901,0,1,0,0,0,0,0,0,0
78.949879,0,0,1,1,0,1,0,0,0
78.999454,0,0,0,1,0,1,1,0,0
79.017746,1,0,0,0,1,0,1,1,1
79.032976,1,0,0,0,0,0,0,0,0
79.035620,0,0,0,0,1,0,0,0,0
79.036713,0,0,0,0,0,0,0,0,1
79.046582,0,1,0,0,0,1,0,1,0
79.047226,0,0,0,0,0,0,0,0,1
79.049901,0,0,1,1,0,0,1,0,0
79.065453,1,0,0,0,1,0,0,0,0
79.066630,0,1,0,0,0,0,0,0,0
79.068371,0,0,1,0,0,0,0,0,0
79.070154,0,0,0,0,0,0,0,1,0
79.080877,0,0,1,0,0,0,0,0,0
79.098892,0,1,0,1,0,1,1,0,0
79.103694,0,0,0,0,0,0,0,0,1
79.109770,1,0,0,0,0,0,0,0,0
79.111111,0,0,0,0,1,0,0,0,0
79.137344,0,0,1,0,0,0,0,1,0
79.146073,0,0,0,0,0,1,0,0,1
79.148374,0,0,0,1,0,0,1,0,0
79.165737,1,1,0,0,1,0,0,0,0
79.173300,0,0,0,0,0,0,0,1,0
79.176337,0,0,1,0,0,0,0,0,0
79.198500,0,1,0,1,0,1,1,0,0
79.210808,1,0,0,0,1,0,0,1,1
79.235888,0,1,0,0,0,0,0,0,0
79.250776,0,0,1,1,0,1,0,0,0
79.296314,0,0,0,0,0,1,1,0,1
79.297002,0,0,0,0,0,0,0,0,1
79.299882,0,0,0,1,0,0,1,0,0
79.312466,1,0,0,0,0,0,0,0,0
79.318017,1,0,0,0,0,0,0,0,0
79.324127,0,0,0,0,1,0,0,1,0
79.333011,0,0,1,0,1,0,0,0,0
79.334650,0,0,1,0,0,0,0,0,0
79.351706,0,1,0,1,0,1,1,0,1
79.359146,0,0,0,0,0,0,0,1,0
79.362958,1,0,0,0,1,0,0,0,0
79.381741,0,1,1,0,0,0,0,0,0
79.401000,0,0,0,1,0,1,0,0,1
79.436205,0,0,1,0,0,0,1,1,0
79.446442,1,0,0,0,0,1,0,0,0
79.450243,0,0,0,1,0,0,1,0,0
79.456562,0,1,0,0,0,0,0,0,0
79.463414,1,0,0,0,1,0,0,0,1
79.499629,0,0,1,1,0,1,1,1,0
79.519629,1,1,0,0,1,0,0,1,0
79.542498,0,1,0,0,0,0,0,0,0
79.543498,0,0,0,0,1,0,0,1,0
79.544671,0,0,0,0,0,0,0,0,1
79.551790,0,0,0,1,0,1,0,0,1
79.566518,0,1,0,0,0,0,0,0,0
79.575922,0,0,1,0,0,0,0,0,0
79.585499,0,0,1,0,0,0,1,0,0
79.601668,1,0,0,1,1,1,0,0,0
79.648362,0,0,0,1,0,1,1,1,0
79.649708,0,0,0,0,0,0,1,0,0
79.658854,1,0,0,0,1,0,0,1,1
79.669542,1,1,0,0,1,0,0,0,0
79.684724,0,1,0,0,0,0,0,1,0
79.698036,0,0,1,1,0,1,0,0,1
79.710478,0,1,0,0,0,0,0,0,1
79.728431,0,0,1,0,0,0,1,0,0
79.746264,1,0,1,0,1,1,0,1,0
79.749853,0,0,0,1,0,0,1,0,1
79.767896,1,1,0,0,0,0,0,0,0
79.786429,0,0,1,0,1,0,0,0,0
79.800456,0,0,0,1,0,1,1,1,1
79.820456,1,1,0,0,1,0,0,1,0
79.840456,0,1,1,0,0,0,0,0,0
79.851333,0,0,0,1,0,1,1,0,1
79.868774,1,0,0,0,0,0,0,0,0
79.873636,0,0,0,0,1,0,0,0,0
79.889265,0,0,1,0,0,0,0,0,0
79.901006,0,0,0,1,0,1,0,1,0
79.927718,0,1,0,0,0,0,0,0,0
79.949959,0,0,0,1,0,1,0,0,0
79.999879,0,0,0,1,0,1,0,0,0
80.051232,0,0,0,1,0,1,1,0,0
80.066696,1,0,0,0,0,0,0,0,0
80.096414,0,0,0,0,1,1,1,1,1
80.098839,0,0,0,1,0,0,1,0,0
80.116414,1,1,0,0,0,0,1,0,0
80.117794,1,0,0,0,1,0,1,0,1
80.121742,0,0,0,0,1,0,0,0,0
80.122892,0,0,0,0,0,0,0,1,0
80.128815,1,0,1,0,1,0,0,0,1
80.129869,1,0,0,0,1,0,0,0,0
80.151222,0,1,1,1,0,1,1,0,0
80.165196,1,0,1,0,0,0,0,0,0
80.200628,0,0,0,1,0,1,0,0,0
80.248769,0,0,0,1,1,1,1,1,1
80.268769,1,1,0,0,1,0,0,0,1
80.286177,0,0,1,0,0,0,0,0,1
80.296026,0,0,0,0,0,1,0,0,1
80.298296,0,0,0,1,0,0,0,0,1
80.298533,0,0,0,0,0,0,0,0,1
80.298651,0,0,0,0,0,0,0,1,0
80.308002,0,0,1,0,0,0,1,1,0
80.324875,1,1,1,0,1,0,0,1,0
80.330946,0,1,1,0,0,0,0,0,0
80.336946,0,0,1,0,0,0,1,1,0
80.338307,0,0,1,0,0,0,0,0,0
80.348335,1,1,0,1,1,1,0,1,0
80.349478,0,0,0,0,0,0,1,1,1
80.362302,1,1,0,0,0,0,0,0,0
80.365432,0,0,0,0,1,0,0,0,0
80.374352,0,1,0,0,0,0,0,1,0
80.379478,0,1,1,0,0,0,0,0,0
80.400461,0,1,0,1,0,1,1,0,0
80.410612,1,0,0,0,1,0,0,1,0
80.421430,0,0,0,0,0,0,0,0,1
80.432169,0,1,0,0,0,0,0,0,0
80.449966,0,0,0,1,0,1,1,0,0
80.457227,0,0,1,0,0,0,0,0,0
80.458533,0,0,0,0,0,0,0,0,1
80.468181,1,0,0,0,1,0,0,0,0
80.498060,0,0,1,1,0,1,1,1,1
80.514280,1,0,0,0,1,0,0,0,0
80.516427,0,0,0,0,0,0,0,1,0
80.528060,0,1,1,0,0,0,0,0,0
80.546032,0,1,0,0,0,1,0,0,0
80.549311,0,0,0,1,0,0,0,0,1
80.580280,0,0,1,0,0,0,0,0,0
80.596934,0,0,0,0,0,1,1,0,0
80.600617,0,0,0,1,0,0,0,0,1
80.611369,1,0,0,0,0,0,0,0,0
80.634233,0,0,1,0,0,0,0,0,0
80.646946,0,0,0,0,1,1,0,0,0
80.649278,0,0,0,1,0,0,0,0,0
80.700140,0,0,0,1,0,1,1,0,0
80.707430,0,0,0,0,0,0,1,1,1
80.708553,0,0,0,0,0,0,1,0,0
80.719806,1,0,0,0,0,0,0,0,1
80.724639,1,0,0,0,0,0,0,0,0
80.726294,1,0,0,0,0,0,0,0,0
80.737430,0,1,1,0,0,0,0,0,0
80.746025,0,0,0,0,1,1,0,1,0
80.748221,0,0,0,1,0,0,0,0,0
80.754120,0,0,1,0,0,0,0,0,0
80.769729,0,1,0,0,1,0,0,0,0
80.777289,0,0,0,0,1,0,0,0,1
80.796801,0,0,0,0,0,1,1,0,1
80.801276,0,0,0,1,0,0,0,0,0
80.806847,1,0,0,0,0,0,0,1,0
80.814746,0,0,1,0,0,0,0,1,0
80.836309,0,1,1,0,0,0,0,0,0
80.839610,0,1,0,0,1,0,1,1,0
80.850732,1,0,0,1,1,1,0,1,1
80.866526,0,1,0,0,0,0,1,0,0
80.872326,0,1,0,0,0,0,0,0,0
80.879147,1,0,0,0,0,0,0,0,0
80.880759,0,0,1,0,0,0,0,0,0
80.888127,0,0,0,0,1,0,0,0,0
80.898000,0,0,0,1,0,1,0,0,0
80.929848,0,0,0,0,0,0,1,0,1
80.946572,1,0,0,0,1,1,0,1,1
80.950966,0,0,0,1,0,0,1,0,0
80.969834,1,1,1,0,0,0,0,1,0
80.977275,0,0,1,0,1,0,0,0,0
80.998207,0,1,0,1,0,1,0,0,0
81.026999,0,0,0,0,0,0,0,1,1
81.046014,0,0,0,0,0,1,0,0,0
81.051007,0,1,0,1,0,0,1,0,0
81.063736,1,0,1,0,1,0,0,0,0
81.096064,0,0,0,0,0,1,0,1,0
81.098033,0,0,0,1,0,0,1,0,1
81.117453,1,1,0,0,0,0,0,0,1
81.124672,0,0,0,0,1,0,1,0,0
81.137086,1,0,1,0,1,0,0,0,0
81.147671,0,0,1,0,0,1,0,1,1
81.147835,0,0,0,0,0,0,0,1,0
81.149650,0,0,0,1,0,0,1,0,0
81.168005,1,1,0,0,1,0,0,1,0
81.176260,0,1,0,0,0,0,0,0,0
81.178220,0,0,1,0,0,0,0,0,0
81.196982,0,1,0,0,0,1,0,0,1
81.200308,0,0,0,1,0,0,1,0,0
81.219951,1,0,0,0,1,0,0,1,0
81.232368,0,0,1,0,0,0,0,0,0
81.240620,0,1,0,0,0,0,0,0,0
81.248666,0,0,0,1,0,1,0,0,1
81.258883,0,0,0,0,0,0,1,0,0
81.270802,1,0,0,0,1,0,0,1,0
81.280973,0,0,1,0,0,0,0,0,0
81.298020,0,1,0,1,0,1,1,0,1
81.310873,1,0,0,0,1,0,0,0,0
81.313745,0,0,0,0,0,0,0,1,0
81.330096,0,0,1,0,0,0,0,0,0
81.335060,0,1,0,0,0,0,0,0,0
81.350729,0,0,0,1,0,1,1,0,0
81.360729,1,0,0,0,1,0,0,0,0
81.362268,0,0,0,0,0,0,0,1,1
81.392268,0,1,1,0,0,0,0,0,0
81.396548,0,0,0,0,0,1,0,0,0
81.399935,0,0,0,1,0,0,1,0,1
81.419123,1,0,0,0,0,0,0,0,0
81.427002,0,0,0,0,1,0,0,0,0
81.437085,0,0,1,0,0,0,0,0,0
81.449311,0,0,0,1,0,1,0,0,0
81.482927,0,0,0,0,0,0,0,1,0
81.496029,0,0,0,0,0,1,0,0,0
81.497026,0,0,0,0,0,0,1,0,0
81.498581,0,0,0,1,0,0,1,0,1
81.509933,1,1,0,0,1,0,0,1,0
81.516095,1,0,0,0,1,0,0,0,0
81.528646,0,0,1,0,0,0,0,1,1
81.534826,0,1,0,0,0,0,0,0,0
81.548085,0,0,0,1,0,1,1,0,1
81.558646,1,1,1,0,1,0,0,0,0
81.585015,0,0,1,0,0,0,0,0,0
81.599779,0,0,0,1,0,1,0,0,1
81.618670,0,0,0,0,0,0,1,1,0
81.628729,1,0,0,0,0,0,0,0,0
81.639741,0,1,1,0,0,0,0,0,0
81.650550,0,0,0,1,1,1,0,1,1
81.668922,0,0,0,0,0,0,1,0,0
81.677686,0,1,0,0,0,0,0,0,0
81.688809,1,0,1,0,0,0,0,0,0
81.698000,0,0,0,1,1,1,1,0,1
81.710478,1,0,0,0,0,0,0,0,0
81.733897,0,0,1,0,0,0,0,0,0
81.749057,0,0,0,1,1,1,1,0,1
81.759057,1,0,0,0,1,0,0,1,0
81.768757,0,0,0,0,0,0,0,1,0
81.772718,0,0,0,0,0,0,0,1,0
81.784878,0,1,1,0,0,0,0,0,0
81.796155,0,1,0,0,0,1,0,0,0
81.797142,0,1,0,0,0,0,0,0,1
81.798687,0,0,0,1,0,0,0,0,0
81.835646,0,0,1,0,0,0,0,0,0
81.848885,0,0,0,1,0,1,1,0,0
81.859272,1,0,0,0,1,0,1,0,0
81.878837,1,0,0,0,0,0,0,1,0
81.884179,0,0,0,0,1,0,0,1,0
81.901082,0,1,0,1,0,1,1,0,1
81.913136,1,1,0,0,0,0,0,0,0
81.931730,0,0,1,0,0,0,0,0,1
81.946701,0,0,0,0,0,1,0,0,1
81.949676,0,0,0,1,0,0,0,0,0
81.967082,0,0,1,0,1,0,1,0,0
81.976793,0,0,1,0,0,0,0,1,0
81.978587,1,0,0,0,1,0,0,1,0
81.996056,0,0,0,0,0,1,0,0,1
81.998022,0,1,0,1,0,0,0,0,0
81.999782,0,1,0,0,0,0,0,0,0
82.022561,0,0,0,0,0,0,1,0,0
82.035458,1,0,1,0,0,0,0,0,0
82.046458,0,0,0,0,1,1,0,1,1
82.048943,0,0,0,1,0,0,0,0,0
82.068827,0,1,0,0,0,0,1,0,0
82.082158,1,0,1,0,0,0,0,0,0
82.096019,0,0,0,0,1,1,0,0,1
82.099248,0,0,0,1,0,0,1,0,0
82.115782,1,0,0,0,1,0,0,0,0
82.135192,0,0,1,0,0,0,0,1,0
82.148744,0,0,0,1,0,1,0,0,1
82.164203,0,1,0,0,0,0,1,0,0
82.183966,1,0,1,0,0,0,0,1,0
82.201273,0,0,0,1,1,1,1,0,1
82.212280,1,1,0,0,0,0,0,1,0
82.231274,0,0,1,0,1,0,0,0,0
82.232244,0,0,0,0,0,0,0,1,0
82.234361,0,1,0,0,0,0,0,0,0
82.248918,0,0,0,1,0,1,0,0,0
82.257371,0,1,0,0,0,0,0,0,0
82.296187,0,0,0,0,0,1,1,0,1
82.299960,0,0,0,1,0,0,1,0,0
82.308982,1,0,0,0,1,0,0,1,0
82.312993,1,0,0,0,0,0,0,0,1
82.326957,0,0,1,0,0,0,0,0,0
82.329580,0,1,0,0,1,0,0,0,0
82.349430,0,0,1,1,0,1,1,1,0
82.360042,1,0,0,0,0,0,0,0,0
82.364253,0,0,0,0,1,0,0,1,1
82.372253,0,1,0,0,0,0,0,0,0
82.384640,0,1,0,0,0,0,0,0,0
82.401739,0,0,1,1,0,1,0,0,1
82.434317,0,0,1,0,0,0,0,0,0
82.448162,0,0,0,1,0,1,0,0,0
82.500159,0,0,0,1,0,1,1,0,0
82.517397,1,0,0,0,1,0,1,1,0
82.537397,1,1,0,0,0,0,1,0,0
82.548342,1,0,0,1,1,1,1,1,0
82.562712,1,0,0,0,1,0,0,0,0
82.573744,0,1,0,0,1,0,0,1,1
82.601724,0,1,0,1,0,1,1,0,0
82.611785,1,0,1,0,0,0,0,0,1
82.649883,0,0,1,1,0,1,1,1,1
82.657251,0,0,0,0,1,0,0,0,1
82.658735,0,0,0,0,0,0,0,1,0
82.669883,1,1,0,0,1,0,0,1,0
82.682865,0,1,1,0,0,0,0,0,0
82.688650,0,0,1,0,0,0,0,0,1
82.699362,0,1,0,1,0,1,1,0,0
82.719280,1,0,1,0,1,0,0,0,0
82.735546,0,0,0,0,0,0,0,1,0
82.748417,0,0,0,1,0,1,0,0,0
82.752545,0,0,0,0,0,0,1,0,1
82.764691,1,1,0,0,1,0,0,1,1
82.785465,0,1,1,0,0,0,0,0,0
82.800799,0,0,1,1,0,1,0,0,1
82.837708,0,0,1,0,0,0,0,0,0
82.846679,0,0,0,0,0,1,1,0,0
82.851013,0,0,0,1,0,0,1,0,1
82.856704,1,0,0,0,0,0,0,0,0
82.861521,1,0,0,0,1,0,0,1,0
82.885844,0,1,1,0,1,0,0,1,0
82.900039,0,0,0,1,0,1,0,0,0
82.912928,0,1,0,0,0,0,0,0,0
82.937244,0,0,0,0,0,0,1,0,0
82.947605,1,0,0,0,1,1,0,0,0
82.950524,0,0,0,1,0,0,0,0,0
82.982121,0,0,0,0,0,0,1,0,1
82.996489,1,0,0,0,0,1,0,0,1
82.999957,0,0,0,1,1,0,0,0,1
83.012986,0,0,1,0,0,0,0,0,0
83.014324,0,0,0,0,0,0,1,1,0
83.024923,1,0,0,0,0,0,0,1,0
83.027553,0,0,1,0,1,0,0,1,0
83.037367,0,1,1,0,0,0,0,0,0
83.046344,0,1,0,0,0,1,0,0,1
83.047591,0,1,0,0,0,0,0,0,0
83.050288,0,0,0,1,0,0,0,0,0
83.083932,0,0,1,0,0,0,0,0,0
83.089185,0,0,0,0,0,0,1,0,0
83.099446,1,0,0,1,0,1,0,0,1
83.112073,0,0,0,0,1,0,1,0,0
83.129969,1,0,1,0,1,0,0,1,0
83.150006,0,1,0,1,0,1,0,0,1
83.181791,0,0,1,0,0,0,1,1,0
83.200194,1,0,0,1,1,1,0,0,0
83.202700,0,1,0,0,0,0,0,0,1
83.204120,0,0,0,0,0,0,1,1,0
83.224120,1,1,0,0,1,0,0,0,0
83.237257,0,0,1,0,0,0,0,0,0
83.249567,0,0,0,1,0,1,0,1,1
83.258221,0,0,0,0,0,0,1,0,0
83.268276,1,0,0,0,1,0,0,1,0
83.277734,0,1,0,0,0,0,0,0,0
83.288959,0,1,1,0,0,0,0,0,0
83.298581,0,0,0,1,0,1,1,0,0
83.311799,1,0,0,0,1,0,0,1,0
83.333068,0,1,0,0,0,0,0,0,1
83.348029,0,0,0,1,0,1,0,0,1
83.354225,0,0,0,0,0,0,1,0,0
83.370529,1,0,1,0,0,0,0,0,0
83.380747,0,0,1,0,1,0,0,1,0
83.398409,0,0,0,1,0,1,0,0,0
83.402330,0,1,0,0,0,0,1,0,1
83.418945,1,0,0,0,0,0,0,0,0
83.432680,0,0,1,0,1,0,0,1,0
83.446168,0,0,0,0,0,1,0,0,1
83.449885,0,0,0,1,0,0,0,0,0
83.459774,0,1,0,0,0,0,1,0,0
83.473164,1,0,0,0,1,0,0,1,0
83.485549,0,0,1,0,0,0,0,0,0
83.496700,0,1,0,0,0,1,0,0,0
83.499111,0,0,0,1,0,0,1,0,0
83.518072,1,0,0,0,0,0,0,0,0
83.548909,0,0,0,1,1,1,1,1,1
83.567675,1,0,0,0,1,0,0,1,1
83.569528,0,1,0,0,0,0,0,0,0
83.583987,0,0,1,0,0,0,0,0,0
83.596390,0,1,0,0,0,1,0,0,0
83.597239,0,0,0,0,0,0,0,0,1
83.599121,0,0,1,1,0,0,1,0,0
83.614796,1,0,0,0,0,0,0,0,0
83.631626,0,0,1,0,0,0,0,0,0
83.646282,0,0,0,0,1,1,0,1,0
83.648419,0,0,0,1,0,0,1,0,1
83.668193,1,1,0,0,1,0,0,0,0
83.680546,0,0,1,0,0,0,0,0,0
83.699649,0,0,0,1,0,1,0,0,1
83.707619,0,0,0,0,0,0,0,1,0
83.736756,0,1,1,0,0,0,0,0,0
83.746188,0,0,0,0,0,1,0,0,1
83.748191,0,0,0,1,0,0,0,0,0
83.781936,0,0,1,0,0,0,0,0,0
83.801347,0,0,0,1,0,1,1,0,0
83.820378,1,0,0,0,1,0,1,0,0
83.834756,1,0,0,0,1,0,0,0,1
83.839729,0,0,0,0,0,0,0,1,0
83.844827,0,0,0,0,0,0,1,0,0
83.848455,0,0,0,1,0,1,0,1,1
83.854827,1,0,0,0,0,0,0,0,0
83.866249,0,1,1,0,1,0,1,1,0
83.874330,0,1,0,0,0,0,0,0,0
83.877264,1,0,0,0,1,0,0,0,0
83.877508,0,0,0,0,0,0,0,1,0
83.888052,0,1,1,0,0,0,0,0,0
83.897509,0,1,0,0,0,1,0,0,1
83.900639,0,0,0,1,0,0,1,0,0
83.919355,1,0,0,0,0,0,0,0,0
83.926324,0,0,0,0,1,0,0,1,0
83.930161,0,0,1,0,0,0,0,0,0
83.949937,0,1,0,1,0,1,1,0,0
83.961953,1,0,0,0,1,0,0,0,1
83.998328,0,0,1,1,0,1,0,1,1
84.028328,0,1,1,0,0,0,1,0,0
84.048239,1,0,0,1,0,1,0,0,1
84.082443,0,0,1,0,1,0,0,0,0
84.098113,0,0,0,1,0,1,0,0,1
84.117721,0,0,0,0,0,0,1,1,0
84.137721,1,1,1,0,1,0,1,1,0
84.150508,1,0,0,1,1,1,0,1,1
84.161900,0,1,0,0,0,0,0,0,0
84.168988,0,0,0,0,0,0,1,0,0
84.179130,1,1,0,0,1,0,0,0,0
84.188399,0,0,1,0,0,0,0,0,0
84.201437,0,0,0,1,0,1,0,1,0
84.218744,0,0,0,0,0,0,1,0,0
84.229878,1,1,0,0,0,0,0,0,0
84.251294,0,0,0,1,1,1,1,1,1
84.265458,1,0,0,0,0,0,0,0,1
84.281294,0,1,1,0,0,0,0,0,0
84.285530,0,0,0,0,1,0,0,0,0
84.301721,0,0,1,1,0,1,0,1,1
84.325910,0,1,0,0,0,0,0,0,0
84.328623,0,0,0,0,0,0,1,0,0
84.341419,1,0,1,0,1,0,0,1,0
84.348763,0,0,0,1,0,1,0,0,0
84.352722,0,0,0,0,0,0,1,0,1
84.366536,1,1,0,0,1,0,0,0,0
84.388361,0,0,1,0,0,0,0,1,0
84.398886,0,0,0,1,0,1,0,0,1
84.402221,0,0,0,0,0,0,1,0,0
84.410237,0,1,0,0,0,0,0,0,0
84.416768,1,0,0,0,1,0,0,1,0
84.438838,0,1,1,0,0,0,0,0,0
84.446739,0,0,0,0,0,1,0,0,0
84.451520,0,0,0,1,0,0,1,0,1
84.470832,1,0,0,0,1,0,0,1,0
84.487774,0,0,1,0,0,0,0,0,0
84.499432,0,1,0,1,0,1,0,0,1
84.532712,0,0,1,0,0,0,1,0,0
84.546012,1,0,0,0,1,1,0,1,1
84.551143,0,0,0,1,0,0,0,0,0
84.571782,0,1,0,0,0,0,0,0,0
84.573978,0,0,0,0,0,0,1,0,0
84.585464,1,0,1,0,1,0,0,0,0
84.600176,0,0,0,1,0,1,0,0,1
84.633500,0,0,1,0,0,0,0,0,0
84.646241,0,0,0,0,0,1,0,0,1
84.649567,0,0,0,1,0,0,1,0,0
84.663931,1,0,0,0,1,0,1,0,0
84.674787,1,0,0,0,0,0,0,0,0
84.681859,0,0,1,0,1,0,0,0,0
84.700686,0,0,0,1,0,1,0,1,0
84.724502,0,1,0,0,0,0,1,1,0
84.744502,1,1,0,0,1,0,0,1,1
84.748592,0,0,0,1,0,1,0,0,1
84.774502,0,1,1,0,0,0,0,1,0
84.785511,0,0,1,0,0,0,1,0,0
84.796842,1,1,0,0,0,1,0,0,1
84.797360,0,0,0,0,1,0,0,1,0
84.801106,0,0,0,1,0,0,1,0,0
84.819919,1,1,0,0,1,0,0,0,0
84.823798,0,0,0,0,0,0,0,1,0
84.830683,0,0,1,0,0,0,0,0,0
84.846506,0,1,0,0,0,1,0,0,1
84.848149,0,0,0,1,0,0,0,0,0
84.879170,0,0,1,0,0,0,1,0,0
84.898162,1,0,0,1,1,1,0,0,0
84.946486,0,0,0,0,0,1,0,0,0
84.950248,0,0,0,1,0,0,1,1,0
84.970248,1,1,0,0,1,0,1,0,0
84.984010,1,0,0,0,1,0,0,1,1
84.999268,0,0,0,1,0,1,0,1,0
85.000510,0,0,0,0,0,0,1,0,0
85.001726,0,0,0,0,0,0,0,0,1
85.014010,1,1,1,0,1,0,0,0,0
85.015499,0,0,0,0,0,0,0,1,1
85.023687,0,1,0,0,0,0,0,0,0
85.033740,0,0,1,0,0,0,0,0,0
85.041211,0,1,0,0,0,0,0,0,0
85.049426,0,0,1,1,0,1,0,0,0
85.099106,0,0,0,1,0,1,0,0,0
85.130171,0,0,0,0,0,0,1,0,0
85.148927,1,0,0,1,0,1,0,0,0
85.199500,0,0,0,1,0,1,1,0,1
85.217865,1,0,0,0,0,0,1,0,1
85.221215,0,0,0,0,0,0,1,0,1
85.236267,1,0,1,0,1,0,0,1,1
85.239969,1,0,0,0,1,0,0,1,0
85.248802,0,0,1,1,0,1,1,0,1
85.250116,0,0,0,0,1,0,0,1,0
85.257505,0,1,1,0,0,0,0,0,0
85.267940,1,1,1,0,0,0,0,0,0
85.271326,0,1,0,0,1,0,0,0,0
85.279680,0,0,1,0,1,0,0,1,0
85.296588,0,0,0,0,0,1,0,1,0
85.298070,0,0,0,1,0,0,1,0,0
85.304244,0,1,0,0,0,0,0,0,1
85.314526,1,0,0,0,0,0,0,0,0
85.326184,0,1,0,0,1,0,0,0,0
85.328460,0,0,0,0,0,0,0,1,0
85.343963,0,0,1,0,0,0,0,0,0
85.348191,0,0,0,1,0,1,1,0,1
85.358294,1,1,0,0,1,0,0,0,0
85.387191,0,0,1,0,0,0,0,0,0
85.401156,0,0,0,1,0,1,1,1,0
85.421156,1,1,0,0,0,0,0,0,1
85.448694,0,0,0,1,1,1,1,0,1
85.456505,0,0,1,0,0,0,0,0,0
85.457517,0,0,0,0,0,0,0,1,0
85.465677,1,0,0,0,0,0,0,0,0
85.477581,0,1,0,0,1,0,0,1,0
85.481490,0,0,1,0,0,0,0,0,0
85.500827,0,1,0,1,0,1,1,0,0
85.512530,1,0,0,0,1,0,0,1,1
85.542530,0,1,1,0,0,0,0,0,0
85.550803,0,0,0,1,0,1,1,0,1
85.566322,1,0,0,0,1,0,0,1,0
85.587224,0,1,1,0,0,0,0,0,0
85.600163,0,0,0,1,0,1,1,0,0
85.605708,0,0,0,0,0,0,0,0,1
85.610839,1,0,0,0,1,0,0,0,0
85.617239,0,0,0,0,0,0,0,1,0
85.636024,0,0,1,0,0,0,0,0,0
85.644842,0,1,0,0,0,0,0,0,0
85.650690,0,0,0,1,0,1,1,0,0
85.667547,1,0,0,0,1,0,0,0,0
85.681279,0,0,0,0,0,0,0,0,1
85.699147,0,0,0,1,0,1,0,1,0
85.714319,0,0,1,0,0,0,1,0,0
85.725348,1,1,0,0,1,0,0,1,1
85.748641,0,1,0,1,0,1,0,0,0
85.762587,0,0,1,0,0,0,1,0,1
85.776753,1,0,0,0,1,0,0,1,0
85.800471,0,1,1,1,0,1,0,0,1
85.835016,0,0,1,0,0,0,1,0,0
85.846437,1,0,0,0,1,1,0,1,1
85.851166,0,0,0,1,0,0,1,0,0
85.861617,1,0,0,0,0,0,0,0,0
85.868325,0,1,0,0,0,0,0,0,0
85.870166,0,0,0,0,1,0,0,1,0
85.882955,0,0,1,0,0,0,0,0,0
85.898882,0,1,0,1,0,1,1,0,0
85.915576,1,0,0,0,1,0,0,1,1
85.945576,0,1,1,0,0,0,0,0,0
85.946908,0,0,0,0,0,1,0,0,1
85.949716,0,0,0,1,0,0,1,0,0
85.968223,1,0,0,0,1,0,0,0,0
85.979477,0,0,1,0,0,0,0,0,0
85.998958,0,0,0,1,0,1,1,0,1
86.009742,1,0,0,0,0,0,0,1,0
86.032057,0,1,1,0,1,0,0,0,0
86.048492,0,0,0,1,0,1,1,1,1
86.063796,1,0,0,0,1,0,0,1,0
86.074674,0,1,0,0,0,0,0,0,0
86.086315,0,1,1,0,0,0,0,0,0
86.096578,0,0,0,0,0,1,0,0,0
86.097422,0,0,0,0,0,0,0,0,1
86.099785,0,0,0,1,0,0,1,0,0
86.118710,1,0,0,0,1,0,0,0,0
86.133658,0,0,1,0,0,0,0,0,0
86.146439,0,0,0,0,0,1,0,0,0
86.149805,0,0,0,1,0,0,1,1,1
86.169805,1,1,0,0,0,0,0,0,0
86.171152,0,0,0,0,1,0,0,0,0
86.187339,0,0,1,0,0,0,0,1,0
86.200249,0,0,0,1,0,1,0,0,0
86.209228,0,1,0,0,0,0,0,0,1
86.248719,0,0,1,1,0,1,1,0,1
86.262935,1,0,0,0,1,0,0,1,0
86.276277,0,0,0,0,0,0,1,0,0
86.283310,0,1,1,0,0,0,0,0,0
86.288584,1,0,0,0,1,0,0,1,0
86.300176,0,0,0,1,0,1,0,0,0
86.305422,0,0,0,0,0,0,0,0,1
86.317245,0,1,0,0,0,0,0,0,0
86.332773,0,0,0,0,0,0,1,0,0
86.343657,1,0,1,0,1,0,0,0,0
86.346463,0,0,0,0,0,1,0,1,0
86.348966,0,0,0,1,0,0,1,0,0
86.360457,1,0,0,0,0,0,0,0,1
86.366463,0,1,0,0,1,0,0,0,0
86.399045,0,0,1,1,0,1,1,0,1
86.412847,1,0,0,0,0,0,0,0,0
86.431032,0,0,1,0,0,0,0,1,0
86.451877,0,1,0,1,1,1,1,0,1
86.469555,1,0,0,0,0,0,0,0,0
86.482933,0,0,1,0,1,0,0,1,0
86.499014,0,0,0,1,0,1,0,0,1
86.505985,0,1,0,0,0,0,0,0,0
86.538696,0,0,1,0,0,0,0,0,0
86.548143,0,0,0,1,0,1,0,0,1
86.586180,0,0,1,0,0,0,0,0,0
86.596633,0,0,0,0,0,1,1,0,1
86.600503,0,0,0,1,0,0,0,0,0
86.613976,1,0,0,0,0,0,0,1,0
86.619648,0,0,0,0,1,0,0,1,0
86.635290,0,1,1,0,0,0,1,0,0
86.648794,1,1,0,1,0,1,0,0,0
86.698362,0,0,0,1,1,1,1,0,0
86.717008,1,0,0,0,1,0,0,1,0
86.722058,0,0,0,0,0,0,0,1,1
86.743352,0,1,0,0,0,0,1,0,0
86.744624,0,1,0,0,0,0,0,0,1
86.746272,0,0,0,0,0,1,0,0,1
86.750214,0,0,0,1,0,0,0,0,0
86.752116,0,0,1,0,0,0,1,0,0
86.762167,1,0,0,0,1,0,0,1,0
86.765328,1,0,0,0,1,0,0,1,0
86.772910,0,0,0,0,0,0,1,0,0
86.775993,0,0,1,0,0,0,0,0,0
86.780489,0,0,1,0,0,0,0,0,0
86.786918,1,1,0,0,1,0,0,1,0
86.790190,0,1,0,0,0,0,0,0,0
86.799250,0,0,0,1,0,1,0,0,1
86.810550,0,1,0,0,0,0,0,0,0
86.829286,0,0,1,0,0,0,1,0,0
86.846245,1,0,0,0,0,1,0,0,0
86.849980,0,0,0,1,1,0,0,1,0
86.867301,0,0,0,0,0,0,0,0,1
86.877569,0,1,0,0,0,0,0,0,0
86.897465,0,0,1,0,0,1,1,0,0
86.898122,0,0,0,1,0,0,0,0,0
86.912849,1,0,0,0,1,0,1,1,1
86.932849,1,1,0,0,0,0,0,0,0
86.948487,0,0,1,1,0,1,0,0,0
86.998567,0,0,0,1,0,1,1,0,0
87.002725,0,0,0,0,1,0,1,0,1
87.013255,1,0,0,0,1,0,0,1,1
87.020054,1,0,0,0,0,0,0,1,0
87.032921,0,0,1,0,1,0,0,0,0
87.043255,0,1,1,0,0,0,0,1,0
87.049745,0,1,0,1,0,1,1,0,0
87.061238,1,0,0,0,0,0,0,0,1
87.065033,0,1,0,0,1,0,0,1,0
87.088126,0,1,0,0,0,0,0,0,0
87.096895,0,0,1,0,0,1,0,0,0
87.097376,0,0,0,0,0,0,0,0,1
87.100592,0,0,0,1,0,0,0,0,0
87.135757,0,0,1,0,0,0,0,0,0
87.146267,0,0,0,0,0,1,1,0,1
87.148945,0,0,0,1,0,0,0,0,0
87.153637,0,0,0,0,0,0,1,0,0
87.162574,1,0,0,0,1,0,0,1,0
87.169966,1,0,0,0,1,0,0,1,0
87.178296,0,0,1,0,0,0,0,0,0
87.184104,0,1,0,0,0,0,0,0,0
87.190328,0,1,0,0,0,0,0,0,0
87.199852,0,0,0,1,0,1,1,0,0
87.210300,1,0,0,0,0,0,0,0,1
87.248585,0,0,1,1,1,1,1,0,1
87.260193,1,0,0,0,0,0,0,1,0
87.278765,0,0,1,0,1,0,0,1,0
87.284896,0,1,0,0,0,0,0,0,0
87.301800,0,1,0,1,0,1,1,0,1
87.321434,1,0,0,0,0,0,0,0,0
87.335718,0,0,1,0,0,0,0,0,0
87.339144,0,0,0,0,1,0,0,0,0
87.348925,0,0,0,1,0,1,0,1,0
87.371831,0,1,0,0,0,0,0,0,1
87.396835,0,0,0,0,0,1,0,0,0
87.398195,0,0,0,1,0,0,1,0,0
87.405652,0,0,1,0,0,0,0,0,0
87.410309,1,0,0,0,1,0,1,0,1
87.426816,1,0,0,0,1,0,0,0,0
87.449083,0,0,1,1,0,1,1,1,1
87.469083,1,1,0,0,0,0,0,0,0
87.476904,0,0,0,0,0,0,0,1,0
87.484111,0,0,1,0,1,0,0,1,0
87.498952,0,1,0,1,0,1,1,0,1
87.505121,0,1,0,0,0,0,0,0,0
87.518233,1,0,0,0,1,0,0,1,0
87.531980,0,0,1,0,0,0,0,0,0
87.546455,0,1,0,0,0,1,0,0,1
87.550837,0,0,0,1,0,0,0,0,0
87.558225,0,0,0,0,0,0,1,0,0
87.577445,1,0,1,0,0,0,0,0,0
87.598629,0,0,0,1,1,1,1,1,1
87.618629,1,1,0,0,1,0,0,1,0
87.636231,0,0,1,0,0,0,0,0,0
87.648399,0,1,0,1,0,1,0,0,1
87.678934,0,0,1,0,0,0,0,0,0
87.699978,0,0,0,1,0,1,0,0,1
87.739900,0,0,1,0,0,0,1,0,0
87.746486,0,0,0,0,0,1,1,0,1
87.748035,0,0,0,1,0,0,0,0,0
87.758922,1,0,0,0,1,0,1,0,0
87.760765,1,0,0,0,0,0,0,0,0
87.777777,1,0,1,0,0,0,0,1,0
87.796249,0,0,0,0,1,1,0,0,1
87.797884,0,1,0,0,0,0,0,0,0
87.798720,0,0,0,1,1,0,0,1,0
87.806805,0,0,0,0,0,0,0,1,0
87.823730,0,1,0,0,0,0,1,0,0
87.835136,1,1,1,0,1,0,0,1,0
87.846197,0,0,0,0,0,1,0,0,0
87.851805,0,0,0,1,0,0,0,0,1
87.860491,0,1,0,0,0,0,0,0,0
87.889383,0,0,1,0,0,0,0,0,0
87.898544,0,0,0,1,0,1,1,0,1
87.915210,1,0,0,0,1,0,0,0,0
87.924073,0,0,0,0,0,0,0,1,0
87.926692,0,0,0,0,0,0,1,0,0
87.937819,1,0,1,0,1,0,0,0,0
87.949699,0,1,0,1,0,1,1,0,1
87.962025,1,0,0,0,0,0,0,1,0
87.965285,0,0,0,0,1,0,0,1,0
87.980824,0,0,1,0,0,0,0,0,0
87.983389,0,1,0,0,0,0,0,0,0
87.988180,0,1,0,0,0,0,0,0,0
88.000431,0,0,0,1,0,1,0,0,1
88.034543,0,0,1,0,0,0,0,0,0
88.050355,0,0,0,1,0,1,1,0,0
88.061920,1,0,0,0,1,0,0,1,0
88.090204,0,1,0,0,0,0,0,0,0
88.101025,0,0,0,1,0,1,1,0,0
88.109102,0,0,0,0,0,0,1,0,1
88.116454,1,0,0,0,0,0,0,0,0
88.125055,1,0,0,0,1,0,0,1,0
88.143078,0,0,1,0,0,0,0,0,1
88.146827,0,1,0,0,0,1,0,0,0
88.147389,0,0,0,0,0,0,0,0,1
88.149023,0,0,0,1,1,0,0,1,0
88.175543,0,1,1,0,0,0,1,0,0
88.186062,1,0,1,0,1,0,0,1,0
88.196894,0,0,0,0,0,1,0,0,1
88.198088,0,0,0,1,0,0,1,0,0
88.213318,1,1,0,0,0,0,0,0,0
88.216580,0,0,0,0,1,0,0,0,0
88.228223,0,0,1,0,0,0,0,1,0
88.248423,0,1,0,1,0,1,1,0,0
88.267868,1,0,0,0,0,0,0,0,0
88.301720,0,0,0,1,1,1,0,1,1
88.330685,0,1,0,0,0,0,0,0,1
88.334990,0,0,1,0,0,0,1,0,0
88.351946,1,0,0,1,1,1,1,0,0
88.356477,0,0,0,0,0,0,0,0,1
88.368849,1,0,1,0,0,0,0,1,0
88.379226,0,0,0,0,1,0,0,0,0
88.387230,0,0,1,0,0,0,0,0,0
88.396522,0,1,0,0,0,1,0,1,1
88.398000,0,0,0,1,0,0,0,0,0
88.426522,0,1,1,0,0,0,0,0,0
88.446526,0,0,0,0,0,1,1,0,1
88.448730,0,0,0,1,0,0,0,0,0
88.461702,1,0,0,0,1,0,1,1,0
88.472136,1,0,0,0,0,0,0,0,0
88.482721,0,1,1,0,1,0,0,1,0
88.496319,0,0,0,0,0,1,0,0,1
88.501811,0,0,0,1,0,0,1,0,0
88.508384,0,1,0,0,0,0,0,0,0
88.512498,1,0,0,0,1,0,0,0,0
88.515262,0,0,0,0,0,0,0,1,0
88.535327,0,1,1,0,0,0,0,0,0
88.549696,0,0,0,1,0,1,0,0,1
88.586510,0,0,1,0,0,0,0,0,0
88.600909,0,0,0,1,0,1,1,0,0
88.611905,1,0,0,0,0,0,1,0,1
88.613292,0,0,0,0,1,0,0,0,0
88.626483,1,0,0,0,0,0,0,1,0
88.650403,0,1,1,1,1,1,1,1,1
88.670403,1,1,0,0,1,0,0,1,0
88.684389,0,0,1,0,0,0,0,0,0
88.698827,0,1,0,1,0,1,1,0,0
88.717692,1,0,0,0,1,0,0,1,0
88.741267,0,1,0,0,0,0,0,0,0
88.749294,0,0,0,1,0,1,1,0,0
88.759948,1,0,0,0,1,0,0,1,0
88.761754,0,0,0,0,0,0,0,0,1
88.784628,0,1,0,0,0,0,0,0,0
88.789972,0,0,0,0,0,0,0,0,1
88.796152,0,0,1,0,0,1,0,0,1
88.799462,0,0,0,1,0,0,1,0,0
88.809976,1,0,0,0,1,0,0,0,0
88.813317,0,0,0,0,0,0,0,1,0
88.827039,0,0,1,0,0,0,0,0,0
88.833559,0,1,1,0,0,0,0,0,0
88.849107,0,0,0,1,0,1,0,0,1
88.886632,0,0,1,0,0,0,0,0,0
88.896795,0,0,0,0,0,1,1,0,0
88.899476,0,0,0,1,0,0,0,0,0
88.911663,1,0,0,0,0,0,1,0,1
88.925404,1,0,0,0,0,0,0,0,0
88.950362,0,0,1,1,1,1,1,0,0
88.964041,1,0,0,0,0,0,0,0,0
88.996812,0,0,0,0,0,1,0,0,1
88.997782,0,0,0,0,1,0,0,1,0
89.001171,0,0,0,1,1,0,0,0,0
89.023805,0,1,0,0,0,0,1,1,1
89.030861,0,0,1,0,0,0,0,1,0
89.043805,1,1,0,0,1,0,0,1,0
89.046540,0,0,0,0,0,1,0,0,0
89.051646,0,1,0,1,0,0,1,0,0
89.061680,1,0,1,0,0,0,0,0,1
89.070330,0,1,0,0,0,0,0,0,0
89.099821,0,0,1,1,0,1,0,0,0
89.146816,0,0,0,0,1,1,1,0,0
89.151494,0,0,0,1,0,0,0,0,1
89.166539,1,0,0,0,1,0,0,0,0
89.170458,0,0,0,0,0,0,0,0,1
89.175646,0,0,0,0,0,0,1,1,0
89.182581,0,0,1,0,0,0,0,1,0
89.195646,1,1,0,0,1,0,0,0,0
89.199257,0,0,0,1,0,1,0,1,1
89.204386,0,1,1,0,0,0,1,0,0
89.222766,1,1,0,0,1,0,0,0,0
89.226881,0,0,0,0,0,0,0,1,0
89.233831,0,0,1,0,0,0,0,0,0
89.246235,0,0,0,0,0,1,0,0,0
89.249189,0,1,0,1,0,0,1,0,0
89.266411,1,0,0,0,0,0,0,0,1
89.301522,0,0,1,1,1,1,0,0,1
89.333135,0,0,1,0,0,0,1,0,0
89.346458,1,0,0,0,1,1,0,0,1
89.351849,0,0,0,1,0,0,1,1,0
89.362701,1,0,0,0,0,0,0,0,0
89.381091,0,1,1,0,0,0,0,1,0
89.396451,0,0,0,0,1,1,0,0,0
89.398992,0,0,0,1,0,0,1,0,0
89.410491,1,1,0,0,1,0,0,1,1
89.440491,0,1,1,0,0,0,0,0,0
89.446208,0,0,0,0,0,1,0,0,0
89.449063,0,0,0,1,0,0,0,0,1
89.486089,0,0,1,0,0,0,1,0,0
89.496534,1,0,0,0,0,1,0,1,1
89.498922,0,0,0,1,0,0,1,0,0
89.516725,1,1,0,0,0,0,0,0,0
89.536205,0,0,1,0,1,0,0,1,0
89.550366,0,0,0,1,1,1,0,1,0
89.551668,0,0,0,0,0,0,1,0,1
89.559121,0,1,0,0,0,0,0,0,0
89.570366,1,1,0,0,0,0,0,0,0
89.590377,0,0,1,0,1,0,0,0,0
89.601585,0,0,0,1,0,1,1,0,0
89.604498,0,0,0,0,0,0,0,1,1
89.614585,1,0,0,0,1,0,0,0,0
89.628174,0,1,0,0,0,0,0,1,0
89.639871,0,0,1,0,0,0,0,0,0
89.650363,0,1,0,1,0,1,0,0,1
89.686982,0,0,1,0,0,0,0,0,0
89.696489,0,0,0,0,0,1,1,0,1
89.700858,0,0,0,1,0,0,0,0,0
89.716039,1,0,0,0,1,0,0,0,0
89.730731,0,0,1,0,0,0,1,0,0
89.746331,1,0,0,0,1,1,0,1,1
89.749193,0,0,0,1,0,0,1,0,0
89.768071,1,1,0,0,0,0,0,1,0
89.771047,0,0,0,0,1,0,0,1,0
89.783718,0,0,1,0,0,0,0,0,0
89.796871,0,1,0,0,0,1,0,0,1
89.797132,0,1,0,0,0,0,0,0,0
89.801913,0,0,0,1,0,0,0,0,0
89.827992,0,0,1,0,0,0,1,0,0
89.840950,1,0,0,0,1,0,0,1,0
89.850925,0,0,0,1,0,1,1,0,1
89.860926,1,0,0,0,1,0,0,0,0
89.863365,0,1,0,0,0,0,0,0,0
89.884238,0,0,1,0,0,0,0,1,0
89.900707,0,0,0,1,0,1,0,0,1
89.911363,0,1,0,0,0,0,0,0,0
89.916456,0,0,0,0,0,0,1,0,0
89.927085,1,0,0,0,1,0,0,0,0
89.928261,0,0,0,0,0,0,0,1,0
89.937061,0,0,1,0,0,0,0,0,0
89.951127,0,1,0,1,0,1,0,0,1
89.983265,0,0,1,0,0,0,0,0,0
89.996006,0,0,0,0,0,1,0,0,0
89.997003,0,0,0,0,0,0,0,0,1
90.001804,0,0,0,1,0,0,1,0,0
90.014899,1,0,0,0,1,0,1,1,0
90.025805,1,0,0,0,1,0,0,0,0
90.034928,0,1,1,0,0,0,0,1,0
90.049688,0,0,0,1,0,1,0,0,0
90.051498,0,0,0,0,0,0,1,0,1
90.063163,1,1,0,0,0,0,0,0,0
90.084723,0,0,1,0,0,0,0,0,0
90.098974,0,0,0,1,0,1,1,0,1
90.105542,0,0,0,0,1,0,0,1,0
90.111772,1,0,0,0,1,0,0,1,0
90.129645,0,1,1,0,0,0,0,0,0
90.132662,0,1,0,0,0,0,0,0,0
90.146319,0,0,0,0,0,1,0,0,1
90.148676,0,0,0,1,0,0,1,0,0
90.166688,1,0,0,0,0,0,0,0,0
90.181627,0,0,1,0,0,0,0,0,0
90.183912,0,0,0,0,1,0,0,0,0
90.199845,0,0,0,1,0,1,0,0,0
90.249658,0,0,0,1,0,1,1,0,0
90.254149,0,0,0,0,0,0,0,0,1
90.264352,1,0,0,0,0,0,0,1,0
90.284171,0,0,1,0,1,0,0,0,1
90.286352,0,1,0,0,0,0,1,1,0
90.298394,1,0,0,1,1,1,0,0,1
90.316042,0,1,1,0,0,0,0,0,0
90.319014,0,0,0,0,0,0,0,1,0
90.332003,0,0,1,0,0,0,1,0,0
90.343311,1,1,0,0,1,0,0,1,0
90.350361,0,0,0,1,0,1,1,0,1
90.360683,1,0,0,0,1,0,0,1,0
90.370290,0,1,0,0,0,0,0,0,0
90.380500,0,0,1,0,0,0,0,0,0
90.384312,0,1,0,0,0,0,0,0,0
90.396373,0,0,0,0,0,1,0,0,0
90.401375,0,0,0,1,0,0,0,0,1
90.439540,0,0,1,0,0,0,1,0,0
90.450128,1,0,0,1,1,1,1,0,0
90.468075,1,0,0,0,0,0,0,1,0
90.498028,0,1,0,1,1,1,1,1,1
90.518028,1,1,0,0,1,0,0,0,0
90.521530,0,0,0,0,0,0,0,1,1
90.529379,0,0,1,0,0,0,0,0,0
90.551530,0,1,1,1,0,1,1,0,0
90.563642,1,0,0,0,0,0,0,0,0
90.599608,0,0,0,1,1,1,1,1,1
90.609855,1,0,0,0,1,0,0,0,0
90.626134,0,1,0,0,0,0,0,1,1
90.631167,0,0,1,0,0,0,0,0,0
90.646038,0,0,0,0,0,1,0,0,1
90.646313,0,1,0,0,0,0,0,0,0
90.648840,0,0,0,1,0,0,1,0,0
90.660513,1,0,1,0,0,0,0,0,0
90.677691,0,0,1,0,1,0,0,1,0
90.701204,0,1,0,1,0,1,1,0,0
90.717580,1,0,0,0,1,0,0,0,1
90.749051,0,0,1,1,0,1,0,0,1
90.761134,0,0,0,0,0,0,1,1,0
90.780006,1,0,1,0,0,0,0,0,0
90.790394,0,1,0,0,0,0,0,0,0
90.792128,0,0,0,0,1,0,0,1,0
90.796667,0,0,0,0,0,1,0,0,1
90.801402,0,0,0,1,0,0,0,0,0
90.814084,0,1,0,0,0,0,0,0,0
90.823056,0,0,0,0,0,0,1,0,0
90.836283,1,0,1,0,1,0,0,1,0
90.846655,0,0,0,0,0,1,0,0,0
90.849699,0,0,0,1,0,0,1,0,1
90.858496,0,1,0,0,0,0,0,0,0
90.869378,1,0,0,0,1,0,0,0,0
90.871886,0,0,0,0,0,0,0,1,0
90.888792,0,0,1,0,0,0,0,0,0
90.900246,0,1,0,1,0,1,1,0,1
90.916757,1,0,0,0,1,0,0,0,0
90.932280,0,0,1,0,0,0,0,1,0
90.946104,0,0,0,0,0,1,0,0,0
90.951579,0,0,0,1,0,0,0,0,0
90.951930,0,0,0,0,0,0,1,0,0
90.960096,0,1,0,0,0,0,0,0,1
90.962879,1,0,0,0,1,0,0,0,0
90.996684,0,0,1,0,0,1,0,1,0
90.999329,0,0,0,1,0,0,1,0,1
91.017514,1,1,0,0,1,0,0,1,0
91.032853,0,0,1,0,0,0,0,0,0
91.040438,0,1,0,0,0,0,0,0,0
91.050705,0,0,0,1,0,1,1,0,1
91.064027,1,0,0,0,1,0,0,1,0
91.082697,0,0,1,0,0,0,0,0,0
91.089261,0,1,0,0,0,0,0,0,0
91.098494,0,0,0,1,0,1,0,0,0
91.150000,0,0,0,1,0,1,1,0,0
91.161755,1,0,0,0,1,0,1,1,1
91.172619,1,0,0,0,1,0,0,0,1
91.178532,0,0,0,0,0,0,0,1,0
91.191755,0,1,1,0,0,0,0,0,0
91.196571,0,0,0,0,0,1,0,0,0
91.199551,0,1,0,1,0,0,0,0,1
91.205617,0,0,1,0,0,0,1,0,0
91.217191,1,0,0,0,1,0,0,0,0
91.238041,0,0,1,0,0,0,0,0,0
91.249271,0,0,0,1,0,1,0,1,1
91.252458,0,0,0,0,0,0,1,0,0
91.264619,1,0,0,0,1,0,0,0,0
91.267060,0,0,0,0,0,0,0,1,0
91.272271,0,1,0,0,0,0,0,0,0
91.282187,0,0,1,0,0,0,0,0,0
91.296487,0,1,0,0,0,1,0,0,1
91.301837,0,0,0,1,0,0,0,0,0
91.326948,0,0,1,0,0,0,1,0,0
91.346340,1,0,0,0,0,1,0,0,0
91.348330,0,0,0,1,1,0,0,1,1
91.378330,0,1,1,0,0,0,1,0,0
91.398158,1,0,0,1,1,1,1,1,1
91.408187,1,0,0,0,0,0,0,0,0
91.428158,0,1,1,0,0,0,0,0,0
91.446161,0,0,0,0,1,1,0,1,0
91.450202,0,0,0,1,0,0,0,0,0
91.467398,0,1,0,0,0,0,0,0,1
91.496243,0,0,0,0,0,1,0,0,1
91.497447,0,0,1,0,0,0,0,0,0
91.497723,0,0,0,0,0,0,1,0,0
91.499543,0,0,0,1,0,0,0,0,0
91.516887,1,0,0,0,0,0,0,0,0
91.535996,0,0,1,0,1,0,0,1,0
91.548288,0,0,0,1,0,1,1,0,1
91.563326,1,1,0,0,1,0,0,1,0
91.585305,0,1,1,0,0,0,0,0,0
91.596949,0,0,0,0,0,1,1,0,1
91.601089,0,0,0,1,0,0,1,0,0
91.615833,1,0,0,0,1,0,0,1,0
91.620232,1,0,0,0,0,0,0,0,0
91.632219,0,0,1,0,1,0,0,1,0
91.643644,0,1,0,0,0,0,0,0,0
91.649972,0,0,0,1,0,1,0,0,1
91.651131,0,0,0,0,0,0,1,0,0
91.661815,1,1,0,0,1,0,0,0,0
91.667231,0,0,0,0,0,0,0,1,0
91.680851,0,0,1,0,0,0,0,0,0
91.697074,0,1,0,0,0,1,0,0,0
91.700824,0,0,0,1,0,0,1,0,0
91.706192,0,0,0,0,0,0,0,0,1
91.715929,1,0,0,0,0,0,0,0,0
91.746035,0,0,1,0,0,1,0,0,1
91.749156,0,0,0,1,1,0,0,1,0
91.750621,0,0,0,0,0,0,1,0,0
91.765401,1,0,0,0,1,0,0,0,0
91.771301,0,1,0,0,0,0,0,0,0
91.783291,0,0,1,0,0,0,0,0,0
91.799944,0,0,0,1,0,1,0,1,1
91.829944,0,1,1,0,0,0,0,0,0
91.846147,0,0,0,0,0,1,1,0,0
91.851053,0,0,0,1,0,0,0,0,0
91.862566,1,0,0,0,1,0,0,0,1
91.896922,0,0,1,0,0,1,0,0,1
91.897122,0,0,0,0,0,0,0,1,0
91.900641,0,0,0,1,0,0,0,0,0
91.904955,0,0,0,0,0,0,1,0,0
91.915032,1,0,0,0,1,0,1,0,0
91.927004,1,1,1,0,0,0,0,1,0
91.951136,0,1,0,1,0,1,1,0,1
91.964733,1,0,0,0,0,0,0,0,0
91.969238,0,0,0,0,1,0,0,0,0
91.979153,0,0,0,0,1,0,0,0,0
91.988360,0,0,1,0,0,0,0,0,0
91.996532,0,0,0,0,0,1,0,1,0
91.998683,0,0,0,1,0,0,0,0,0
92.017397,0,1,0,0,0,0,0,0,0
92.051839,0,0,0,1,0,1,1,0,0
92.058108,0,0,0,0,0,0,1,0,1
92.071539,1,0,0,0,0,0,0,1,0
92.076068,1,0,0,0,1,0,0,0,0
92.080615,0,0,0,0,1,0,0,1,0
92.098075,0,1,1,1,0,1,0,1,1
92.103067,0,1,0,0,0,0,1,0,1
92.119802,1,1,0,0,0,0,0,0,0
92.128398,0,0,1,0,1,0,0,1,0
92.141030,0,0,1,0,0,0,0,0,0
92.148034,0,0,0,1,0,1,1,0,0
92.158248,1,1,0,0,0,0,0,0,0
92.198741,0,0,0,1,0,1,1,0,0
92.217268,1,0,0,0,0,0,0,0,0
92.246080,0,0,0,0,1,1,0,0,1
92.251591,0,0,0,1,1,0,0,1,0
92.276080,0,1,1,0,0,0,1,0,1
92.296052,1,0,0,0,0,1,0,0,0
92.297005,0,0,0,0,0,0,0,1,0
92.297502,0,0,0,0,0,0,0,0,1
92.298440,0,0,0,1,0,0,1,0,0
92.302618,0,0,0,0,1,0,0,1,0
92.311846,1,0,1,0,0,0,0,0,0
92.324882,0,1,0,0,0,0,0,0,1
92.325961,0,1,0,0,0,0,0,0,0
92.326858,0,0,0,0,1,0,0,1,0
92.333742,0,0,1,0,0,0,0,0,0
92.346114,0,0,0,0,0,1,0,0,0
92.346972,0,1,0,0,0,0,0,0,1
92.348016,0,0,0,1,0,0,0,0,0
92.358746,0,0,1,0,0,0,0,0,0
92.368854,0,0,0,0,0,0,1,0,0
92.377107,0,0,1,0,0,0,0,0,0
92.387215,1,0,0,0,1,0,0,0,0
92.396705,0,0,0,0,0,1,0,0,1
92.397533,0,0,0,0,0,0,0,1,0
92.400975,0,0,0,1,0,0,0,0,0
92.403425,0,0,0,0,0,0,1,0,0
92.420906,1,1,0,0,1,0,0,0,0
92.424735,0,0,0,0,0,0,0,1,0
92.435088,0,0,1,0,0,0,0,0,0
92.446647,0,1,0,0,0,1,0,0,0
92.448190,0,0,0,1,0,0,0,0,1
92.484302,0,0,1,0,0,0,1,0,0
92.496355,1,0,0,0,1,1,0,0,1
92.500792,0,0,0,1,0,0,1,0,0
92.506486,0,0,0,0,0,0,0,1,0
92.514712,1,0,0,0,1,0,0,1,0
92.526373,0,0,1,0,0,0,0,0,0
92.533388,0,1,0,0,0,0,0,0,0
92.543616,0,1,0,0,0,0,0,0,0
92.550551,0,0,0,1,0,1,1,0,1
92.569142,1,0,0,0,0,0,0,0,0
92.575152,0,0,0,0,1,0,0,1,0
92.583569,0,0,1,0,0,0,0,0,0
92.599602,0,1,0,1,0,1,0,0,0
92.636579,0,0,0,0,0,0,1,0,0
92.646943,1,0,0,0,1,1,0,0,1
92.648310,0,0,0,1,0,0,1,1,0
92.660052,1,0,0,0,1,0,0,0,1
92.673430,0,1,0,0,0,0,0,1,0
92.685905,0,0,1,0,0,0,0,0,0
92.696229,0,1,1,0,0,1,0,0,1
92.700753,0,0,0,1,0,0,1,0,0
92.715762,1,0,0,0,1,0,0,0,0
92.722883,0,0,0,0,0,0,0,1,0
92.726884,0,0,1,0,0,0,0,0,0
92.746857,0,1,0,0,0,1,0,0,1
92.751552,0,0,0,1,0,0,1,0,0
92.766993,1,0,0,0,1,0,0,1,0
92.785134,0,0,1,0,0,0,0,0,0
92.796167,0,1,0,0,0,1,0,0,0
92.798487,0,0,0,1,0,0,1,0,1
92.814915,1,0,0,0,1,0,0,1,0
92.831880,0,0,1,0,0,0,0,0,0
92.836919,0,1,0,0,0,0,0,0,0
92.846078,0,0,0,0,0,1,0,0,0
92.847022,0,0,0,0,0,0,0,0,1
92.850420,0,0,0,1,0,0,0,0,0
92.882247,0,0,1,0,0,0,0,0,0
92.900670,0,0,0,1,0,1,1,0,0
92.903070,0,0,0,0,0,0,0,0,1
92.914534,1,0,0,0,1,0,0,1,0
92.936954,0,1,1,0,0,0,0,0,0
92.948504,0,0,0,1,0,1,0,0,0
92.996616,0,0,0,0,0,1,1,0,1
93.001197,0,0,0,1,0,0,1,0,1
93.009663,1,0,0,0,0,0,0,0,0
93.010270,0,0,0,0,0,0,1,0,0
93.020717,1,0,0,0,1,0,0,1,0
93.029509,1,0,1,0,0,0,0,0,0
93.040828,0,1,1,0,1,0,0,0,0
93.049812,0,0,0,1,1,1,0,1,0
93.077192,0,1,0,0,0,0,1,1,0
93.092572,1,0,0,0,1,0,0,1,1
93.096035,0,0,0,0,0,1,0,0,0
93.098654,0,1,0,1,0,0,0,0,1
93.121357,0,1,0,0,0,0,0,0,0
93.125204,0,0,1,0,0,0,0,0,0
93.136926,0,0,1,0,0,0,0,0,0
93.146836,0,0,0,0,0,1,0,0,1
93.148104,0,0,0,1,0,0,0,0,0
93.186211,0,0,1,0,0,0,0,0,0
93.196860,0,0,0,0,0,1,0,0,0
93.201505,0,0,0,1,0,0,0,0,1
93.235082,0,0,1,0,0,0,1,0,0
93.245121,1,0,0,0,0,0,0,0,0
93.249987,0,0,0,1,0,1,0,0,0
93.296230,0,0,0,0,1,1,1,1,1
93.298334,0,0,0,1,0,0,1,0,1
93.308480,1,0,0,0,1,0,0,1,0
93.317523,1,1,0,0,1,0,0,1,0
93.326515,0,0,1,0,0,0,0,0,0
93.330151,0,1,1,0,0,0,1,0,0
93.346627,1,1,0,0,0,1,0,0,1
93.349082,0,0,0,1,1,0,1,1,0
93.364423,1,0,0,0,0,0,1,0,0
93.375357,1,1,0,0,1,0,0,1,0
93.375685,0,0,0,0,1,0,0,1,0
93.382559,0,0,1,0,0,0,0,0,0
93.396673,0,1,0,0,0,1,0,0,0
93.400622,0,1,0,1,0,0,0,0,0
93.446290,0,0,0,0,0,1,0,0,0
93.449258,0,0,0,1,0,0,1,0,0
93.468451,1,0,0,0,1,0,1,0,1
93.486485,1,0,0,0,0,0,0,0,0
93.498025,0,0,0,1,1,1,0,1,0
93.498238,0,0,0,0,0,0,1,0,0
93.508333,1,0,1,0,0,0,0,1,1
93.520072,0,1,0,0,1,0,0,0,1
93.533587,0,1,0,0,0,0,0,1,0
93.548146,0,0,1,1,0,1,0,0,0
93.551704,0,0,1,0,0,0,0,0,1
93.558031,0,1,0,0,0,0,1,0,0
93.573164,1,0,0,0,1,0,0,1,0
93.582356,0,0,1,0,0,0,0,0,0
93.594762,0,1,0,0,0,0,0,0,0
93.600828,0,0,0,1,0,1,0,0,1
93.638696,0,0,1,0,0,0,0,0,0
93.644971,0,0,0,0,0,0,1,0,0
93.648155,0,0,0,1,0,1,1,0,0
93.656990,1,0,0,0,1,0,0,1,1
93.666762,1,0,0,0,0,0,0,0,0
93.681583,0,1,0,0,1,0,0,0,0
93.696474,0,0,1,0,0,1,0,0,1
93.700239,0,0,0,1,0,0,1,1,0
93.720239,1,1,0,0,1,0,0,1,0
93.731044,0,0,1,0,0,0,0,0,0
93.746320,0,1,0,0,0,1,0,0,0
93.751477,0,0,0,1,0,0,0,0,1
93.782929,0,0,1,0,0,0,0,0,0
93.798911,0,0,0,1,0,1,1,0,1
93.816357,1,0,0,0,1,0,0,1,0
93.831597,0,0,1,0,0,0,1,0,0
93.846021,1,1,0,0,1,1,0,1,1
93.850942,0,0,0,1,0,0,1,0,0
93.862643,1,0,0,0,1,0,0,0,0
93.868443,0,1,0,0,0,0,0,0,0
93.869789,0,0,0,0,0,0,0,1,0
93.885691,0,0,1,0,0,0,0,0,0
93.899439,0,1,0,1,0,1,1,0,0
93.914110,1,0,0,0,0,0,0,0,0
93.946217,0,0,0,0,1,1,0,0,1
93.947121,0,0,0,0,0,0,0,1,1
93.951349,0,0,0,1,0,0,0,0,0
93.953994,0,0,0,0,0,0,1,0,0
93.967340,1,1,0,0,1,0,0,0,0
93.983069,0,0,1,0,0,0,0,1,0
93.985590,0,0,1,0,0,0,0,0,0
93.998259,0,0,0,1,0,1,0,0,1
94.011479,0,1,0,0,0,0,0,0,0
94.038039,0,0,1,0,0,0,0,0,0
94.049333,0,0,0,1,0,1,0,0,0
94.101250,0,0,0,1,0,1,1,0,1
94.114091,1,0,0,0,1,0,0,0,1
94.133100,0,0,1,0,0,0,0,1,0
94.148419,0,0,1,1,0,1,1,0,1
94.160925,1,1,0,0,1,0,1,0,0
94.176231,1,0,0,0,0,0,1,0,0
94.177247,0,0,0,0,0,0,0,1,0
94.177739,0,0,0,0,1,0,0,1,0
94.187819,1,0,1,0,1,0,0,0,0
94.201400,0,1,0,1,0,1,1,1,1
94.202701,0,1,0,0,0,0,0,0,0
94.221400,1,1,0,0,1,0,0,1,0
94.241400,0,1,1,0,0,0,0,0,0
94.250270,0,0,0,1,0,1,0,0,0
94.268762,0,0,0,0,0,0,0,0,1
94.299142,0,0,1,1,0,1,1,0,1
94.303095,0,0,0,0,0,0,1,0,0
94.313390,1,0,0,0,0,0,0,0,0
94.318256,1,0,0,0,0,0,0,0,0
94.324251,0,0,0,0,1,0,0,0,0
94.334880,0,0,1,0,0,0,0,0,0
94.348268,0,0,0,1,1,1,0,1,0
94.368268,0,1,0,0,0,0,0,0,1
94.398734,0,0,1,1,0,1,0,1,0
94.408541,0,0,0,0,0,0,1,0,0
94.424393,1,1,0,0,1,0,0,1,0
94.446664,0,1,0,0,0,1,1,0,0
94.451602,0,0,0,1,0,0,0,0,0
94.462447,1,0,0,0,1,0,0,0,1
94.496286,0,0,1,0,0,1,1,0,0
94.500056,0,0,0,1,0,0,1,0,1
94.502724,0,0,0,0,0,0,0,1,0
94.511984,1,0,0,0,1,0,0,1,1
94.519701,1,0,0,0,0,0,0,0,0
94.526915,0,1,0,0,1,0,0,0,0
94.539943,0,1,1,0,0,0,0,0,0
94.546814,0,0,1,0,0,1,0,1,1
94.551821,0,0,0,1,0,0,0,0,0
94.569439,0,1,0,0,0,0,0,0,0
94.575173,0,0,0,0,0,0,1,0,0
94.585357,1,0,1,0,0,0,0,0,0
94.599483,0,0,0,1,1,1,0,1,0
94.622766,0,1,0,0,0,0,1,0,1
94.637521,1,0,0,0,1,0,0,1,0
94.648017,0,0,0,1,0,1,1,0,0
94.661754,1,1,1,0,1,0,0,0,0
94.696100,0,0,0,0,0,1,0,0,0
94.699532,0,0,0,1,0,0,0,0,0
94.712314,0,0,0,0,0,0,0,0,1
94.746964,0,0,1,0,0,1,1,1,1
94.747508,0,0,0,0,0,0,0,0,1
94.751095,0,0,0,1,0,0,0,0,0
94.766964,1,1,0,0,1,0,1,1,0
94.786964,1,1,1,0,0,0,0,0,0
94.787330,0,0,1,0,1,0,0,0,0
94.801767,0,0,0,1,0,1,1,0,1
94.814139,1,0,0,0,0,0,0,0,0
94.815344,0,0,0,0,0,0,0,1,0
94.835588,0,1,1,0,1,0,0,1,0
94.849747,0,0,0,1,0,1,0,0,0
94.859717,0,1,0,0,0,0,1,0,0
94.875091,1,0,0,0,1,0,0,0,1
94.896684,0,0,0,0,0,1,0,1,1
94.898276,0,0,0,1,0,0,0,0,0
94.900527,0,0,0,0,0,0,1,0,0
94.911689,1,0,1,0,1,0,0,0,0
94.925004,0,1,0,0,0,0,0,1,0
94.927775,0,0,1,0,0,0,0,0,0
94.945481,0,1,0,0,0,0,0,0,0
94.948767,0,0,0,1,0,1,0,0,1
94.983685,0,0,1,0,0,0,1,0,0
94.996884,1,0,0,0,0,1,0,0,1
95.001118,0,0,0,1,1,0,0,0,0
95.005147,0,0,0,0,0,0,1,0,0
95.020515,1,0,0,0,1,0,0,1,0
95.023891,0,0,0,0,0,0,0,1,0
95.029216,0,0,1,0,0,0,0,0,0
95.046334,0,1,0,0,0,1,0,0,1
95.048531,0,1,0,1,0,0,0,0,0
95.078834,0,0,1,0,0,0,0,0,0
95.099543,0,0,0,1,0,1,1,0,1
95.117438,1,0,0,0,1,0,1,1,0
95.131664,1,0,1,0,0,0,0,0,0
95.146396,0,1,0,0,1,1,0,0,0
95.147164,0,0,0,0,0,0,0,1,1
95.148021,0,0,0,1,0,0,0,0,0
95.172438,0,1,0,0,0,0,1,0,0
95.186000,1,0,1,0,0,0,0,0,0
95.200954,0,0,0,1,1,1,0,1,1
95.223969,0,1,0,0,0,0,1,0,0
95.231477,0,0,1,0,0,0,0,0,0
95.239155,1,0,0,0,0,0,0,0,0
95.246783,0,0,0,0,0,1,0,0,1
95.247412,0,0,0,0,1,0,0,1,0
95.251231,0,0,0,1,0,0,1,0,0
95.265855,1,0,0,0,1,0,0,0,0
95.266440,0,0,0,0,0,0,0,1,0
95.276809,0,1,1,0,0,0,0,0,0
95.296293,0,1,0,0,0,1,0,0,0
95.298576,0,0,0,1,0,0,0,0,1
95.333441,0,0,1,0,0,0,0,0,0
95.346669,0,0,0,0,0,1,1,0,1
95.350291,0,0,0,1,0,0,1,0,0
95.363464,1,0,0,0,1,0,0,1,0
95.368059,1,0,0,0,1,0,0,0,0
95.376944,0,0,1,0,0,0,0,1,0
95.388064,0,1,0,0,0,0,0,0,0
95.396996,0,1,0,0,0,1,0,0,0
95.401367,0,0,0,1,0,0,1,0,0
95.420177,1,0,0,0,1,0,0,1,1
95.449169,0,1,0,1,0,1,0,0,1
95.450445,0,0,1,0,0,0,1,0,0
95.463874,1,0,0,0,0,0,0,0,0
95.484211,0,0,1,0,1,0,0,1,0
95.500600,0,0,0,1,0,1,0,0,1
95.505698,0,1,0,0,0,0,1,0,0
95.525397,1,0,0,0,1,0,0,1,0
95.531154,0,0,1,0,0,0,0,0,0
95.545542,0,1,0,0,0,0,0,0,0
95.546078,0,0,0,0,0,1,0,0,0
95.551682,0,0,0,1,0,0,1,0,0
95.564321,1,0,0,0,0,0,0,0,0
95.601274,0,0,0,1,1,1,0,0,0
95.650041,0,0,0,1,0,1,0,0,1
95.658120,0,0,0,0,0,0,0,1,1
95.674775,0,0,0,0,0,0,1,0,1
95.687873,1,1,1,0,0,0,0,0,0
95.698013,0,0,1,1,0,1,1,0,0
95.705648,0,0,1,0,0,0,0,0,1
95.706697,0,0,0,0,1,0,1,1,0
95.716409,1,0,0,0,0,0,0,0,0
95.716553,0,0,0,0,1,0,0,1,0
95.726697,1,1,0,0,1,0,0,1,0
95.735708,0,0,1,0,0,0,0,0,0
95.746474,0,1,0,0,0,1,0,0,0
95.746585,0,0,0,0,0,0,0,0,1
95.748303,0,1,0,1,0,0,1,0,0
95.768054,1,0,0,0,1,0,0,1,0
95.782002,0,0,1,0,0,0,0,0,0
95.796809,0,1,0,0,0,1,0,0,1
95.799708,0,0,0,1,0,0,1,0,0
95.809828,1,0,0,0,0,0,0,0,0
95.830418,0,0,1,0,0,0,0,0,0
95.851524,0,0,0,1,1,1,1,0,0
95.864079,1,0,0,0,0,0,0,0,0
95.896167,0,0,0,0,0,1,0,1,0
95.897080,0,0,0,0,1,0,0,0,0
95.898624,0,0,0,1,0,0,0,1,1
95.925960,0,1,0,0,0,0,1,0,1
95.928624,0,1,1,0,0,0,0,0,0
95.939282,1,0,0,0,1,0,0,0,0
95.946808,0,0,0,0,0,1,0,1,0
95.951432,0,0,0,1,0,0,1,0,1
95.956980,0,0,1,0,0,0,0,0,0
95.965466,1,0,0,0,0,0,0,0,0
95.967588,0,1,0,0,1,0,0,1,0
95.989369,0,1,1,0,0,0,0,0,0
96.001487,0,0,0,1,0,1,1,0,0
96.016415,1,0,0,0,0,0,0,0,1
96.050069,0,0,1,1,1,1,1,1,0
96.067046,1,0,0,0,1,0,0,0,1
96.070510,0,1,0,0,0,0,0,1,0
96.099067,0,1,1,1,0,1,0,0,1
96.105960,0,0,0,0,0,0,1,0,0
96.125696,1,0,0,0,1,0,0,0,0
96.135275,0,0,1,0,0,0,0,1,0
96.149545,0,0,0,1,0,1,1,0,1
96.160649,1,1,0,0,1,0,0,1,0
96.181444,0,1,1,0,0,0,0,0,0
96.196736,0,0,0,0,0,1,0,0,0
96.197551,0,0,0,0,0,0,0,0,1
96.198533,0,0,0,1,0,0,1,0,0
96.215405,1,0,0,0,1,0,0,1,0
96.233658,0,0,1,0,0,0,0,0,0
96.237014,0,1,0,0,0,0,0,0,0
96.251707,0,0,0,1,0,1,0,0,1
96.288977,0,0,1,0,0,0,1,0,0
96.298269,0,0,0,1,0,1,0,0,0
96.307327,1,0,0,0,1,0,0,0,0
96.350158,0,0,0,1,0,1,1,1,0
96.370158,1,1,0,0,1,0,0,0,1
96.398572,0,0,0,1,0,1,1,1,0
96.409001,1,0,1,0,1,0,1,1,1
96.416416,0,0,0,0,0,0,0,0,1
96.427991,1,1,0,0,0,0,0,0,0
96.439001,0,1,1,0,1,0,0,0,0
96.446726,0,0,1,0,0,1,0,0,1
96.450514,0,0,0,1,0,0,0,0,0
96.478679,0,0,1,0,0,0,0,1,0
96.499402,0,1,0,1,0,1,0,0,1
96.538494,0,0,1,0,0,0,0,0,0
96.546836,0,0,0,0,0,1,0,0,0
96.551146,0,0,0,1,0,0,0,0,1
96.585811,0,0,1,0,0,0,1,0,0
96.600662,1,0,0,1,1,1,1,0,0
96.611497,1,0,0,0,1,0,0,0,0
96.631838,0,0,0,0,0,0,1,1,0
96.646900,1,0,0,0,0,1,0,1,1
96.650643,0,0,0,1,1,0,0,0,1
96.661292,0,1,0,0,0,0,1,0,0
96.674576,1,1,0,0,0,0,0,1,0
96.683875,0,0,1,0,0,0,1,0,0
96.689592,0,0,1,0,0,0,0,0,0
96.696527,1,1,0,0,1,1,0,0,0
96.699827,0,0,0,1,1,0,1,0,0
96.710397,1,0,0,0,0,0,0,0,1
96.748000,0,0,1,1,0,1,1,0,1
96.750291,0,0,0,0,1,0,0,1,0
96.760012,1,0,0,0,0,0,0,1,0
96.765735,0,0,0,0,1,0,0,1,0
96.778261,0,1,1,0,0,0,0,1,0
96.783325,0,1,0,0,0,0,0,0,0
96.786387,0,1,0,0,0,0,0,0,0
96.799864,0,1,0,1,0,1,0,0,1
96.835367,0,0,1,0,0,0,0,0,0
96.849817,0,0,0,1,0,1,1,0,0
96.853103,0,0,0,0,0,0,1,0,1
96.866611,1,0,0,0,0,0,0,0,0
96.872908,1,0,0,0,1,0,0,1,0
96.886281,0,0,1,0,1,0,0,1,0
96.896094,0,1,0,0,0,1,0,0,1
96.901355,0,0,0,1,0,0,1,0,0
96.911656,1,1,0,0,1,0,0,1,0
96.935324,0,1,1,0,0,0,0,0,0
96.950963,0,0,0,1,0,1,1,0,0
96.968925,1,0,0,0,1,0,0,0,0
96.973913,0,0,0,0,0,0,0,1,0
96.998383,0,1,0,1,0,1,1,0,1
97.008783,1,0,0,0,1,0,0,0,1
97.028852,0,0,1,0,0,0,0,0,0
97.048773,0,0,1,1,0,1,0,1,1
97.078773,0,1,1,0,0,0,0,0,0
97.083337,0,0,0,0,0,0,1,0,0
97.096306,1,0,0,0,1,1,0,1,1
97.100549,0,0,0,1,0,0,0,0,0
97.110016,0,0,0,0,0,0,1,0,0
97.126306,1,1,1,0,1,0,0,1,0
97.146567,0,1,0,0,0,1,0,0,0
97.149419,0,0,0,1,0,0,1,0,1
97.165166,1,0,0,0,1,0,0,1,0
97.182762,0,0,1,0,0,0,0,0,0
97.191716,0,1,0,0,0,0,0,0,0
97.201090,0,0,0,1,0,1,1,0,1
97.213741,1,0,0,0,1,0,0,1,0
97.231944,0,0,1,0,0,0,0,0,0
97.240691,0,1,0,0,0,0,0,0,0
97.250840,0,0,0,1,0,1,1,0,0
97.267648,1,0,0,0,1,0,0,1,0
97.278812,0,0,0,0,0,0,0,0,1
97.296359,0,1,0,0,0,1,0,0,0
97.301164,0,0,0,1,0,0,0,0,0
97.303199,0,0,0,0,0,0,0,0,1
97.305560,0,0,0,0,0,0,1,0,0
97.310044,0,0,1,0,0,0,0,0,0
97.318034,1,0,0,0,0,0,0,0,0
97.340682,0,0,1,0,1,0,0,1,0
97.351173,0,0,0,1,0,1,1,0,1
97.367902,1,1,0,0,0,0,0,0,0
97.388988,0,0,1,0,0,0,0,0,0
97.396111,0,0,0,0,1,1,0,1,0
97.399748,0,0,0,1,0,0,0,0,0
97.404360,0,0,0,0,0,0,1,0,1
97.422710,1,1,0,0,1,0,0,0,0
97.441180,0,0,1,0,0,0,0,1,0
97.448764,0,0,0,1,0,1,0,0,0
97.468896,0,1,0,0,0,0,0,0,1
97.484826,0,0,0,0,0,0,1,0,0
97.500521,1,0,1,1,1,1,0,1,0
97.525349,0,1,0,0,0,0,0,0,1
97.546435,0,0,0,0,0,1,1,0,0
97.550022,0,0,0,1,0,0,0,0,1
97.556580,1,0,1,0,1,0,1,1,0
97.576580,1,1,0,0,0,0,0,0,0
97.578997,0,0,0,0,1,0,0,0,0
97.582553,0,0,1,0,0,0,0,1,0
97.601094,0,0,0,1,0,1,1,0,1
97.604793,0,1,0,0,0,0,0,0,0
97.611744,1,0,0,0,1,0,0,1,0
97.639156,0,1,1,0,0,0,0,0,0
97.646231,0,0,0,0,0,1,0,0,1
97.648738,0,0,0,1,0,0,1,0,0
97.667233,1,0,0,0,0,0,0,0,0
97.671614,0,0,0,0,1,0,0,1,0
97.679182,0,0,1,0,0,0,0,0,0
97.696655,0,1,0,0,0,1,0,0,0
97.699161,0,0,0,1,0,0,0,0,0
97.746856,0,0,0,0,0,1,1,0,1
97.751931,0,0,0,1,0,0,1,0,1
97.763621,1,0,0,0,1,0,0,1,0
97.771141,1,0,0,0,1,0,0,0,0
97.781587,0,0,1,0,0,0,0,1,0
97.782386,0,0,1,0,0,0,0,0,0
97.786260,0,1,0,0,0,0,0,0,0
97.796236,0,0,0,0,0,1,0,0,1
97.801946,0,1,0,1,0,0,0,0,0
97.835073,0,0,1,0,0,0,0,0,0
97.839273,0,0,0,0,0,0,1,0,0
97.849356,1,0,0,1,1,1,1,0,1
97.851644,0,0,0,0,0,0,0,1,0
97.868143,1,0,0,0,0,0,0,0,0
97.879421,0,1,1,0,1,0,0,1,0
97.898067,0,0,0,1,0,1,0,0,1
97.898906,0,0,0,0,0,0,1,0,0
97.909005,1,1,0,0,1,0,0,0,0
97.935013,0,0,1,0,0,0,0,0,0
97.948700,0,0,0,1,0,1,1,1,0
97.968700,1,1,0,0,1,0,0,1,0
97.996312,0,1,0,0,0,1,0,0,1
97.998550,0,0,0,1,0,0,0,0,0
98.002078,0,0,0,0,0,0,0,0,1
98.035722,0,0,1,0,0,0,0,0,0
98.041892,0,0,1,0,0,0,0,0,0
98.050003,0,0,0,1,0,1,0,0,0
98.099006,0,0,0,1,0,1,1,0,1
98.110712,1,0,0,0,1,0,1,0,0
98.130039,1,0,1,0,0,0,0,0,0
98.151034,0,0,0,1,1,1,0,0,1
98.190772,0,0,1,0,0,0,0,1,0
98.192038,0,0,0,0,0,0,1,0,0
98.194578,0,0,0,0,0,0,0,1,0
98.196000,0,0,0,0,0,1,0,0,0
98.198759,0,0,0,1,0,0,0,0,0
98.211572,1,1,0,0,1,0,0,0,0
98.212903,0,0,0,0,0,0,1,0,0
98.220317,0,1,0,0,0,0,0,0,0
98.231179,1,0,0,0,1,0,1,1,1
98.248657,1,0,0,1,0,1,0,0,1
98.261179,0,1,1,0,0,0,0,1,1
98.279013,0,0,1,0,0,0,1,0,0
98.289814,1,1,0,0,0,0,0,0,0
98.293351,0,0,1,0,0,0,0,0,0
98.296858,0,0,0,0,1,1,0,1,1
98.301154,0,0,0,1,0,0,1,0,0
98.314224,1,0,0,0,1,0,0,0,0
98.315496,0,0,0,0,0,0,0,1,0
98.318163,0,1,0,0,0,0,0,0,0
98.322337,0,0,0,0,1,0,0,1,0
98.336616,0,1,1,0,0,0,0,0,0
98.350147,0,1,0,1,0,1,1,0,0
98.361039,1,0,0,0,1,0,0,0,1
98.396484,0,0,1,0,0,1,0,0,1
98.400259,0,0,0,1,0,0,0,0,0
98.413998,0,0,0,0,0,0,0,1,0
98.421262,0,0,0,0,0,0,1,0,0
98.434168,1,1,1,0,1,0,0,1,0
98.450982,0,0,0,1,0,1,1,0,1
98.462840,1,1,0,0,1,0,0,0,0
98.490922,0,0,1,0,0,0,0,0,0
98.501868,0,0,0,1,0,1,1,0,1
98.519078,1,0,0,0,0,0,0,1,0
98.524368,0,0,0,0,1,0,0,1,0
98.540976,0,1,1,0,0,0,0,0,0
98.544887,0,1,0,0,0,0,0,0,0
98.546332,0,0,0,0,0,1,0,0,0
98.548042,0,0,0,1,0,0,0,0,1
98.582967,0,0,1,0,0,0,0,0,0
98.596185,0,0,0,0,0,1,1,0,0
98.599242,0,0,0,1,0,0,1,0,1
98.616078,1,0,0,0,0,0,0,0,0
98.617400,1,0,0,0,1,0,0,0,0
98.630518,0,0,1,0,1,0,0,1,0
98.646730,0,0,0,0,0,1,0,1,1
98.651549,0,1,0,1,0,0,1,0,0
98.666858,1,1,0,0,1,0,0,1,0
98.683750,0,0,1,0,0,0,0,0,0
98.696233,0,1,0,0,0,1,0,0,0
98.701807,0,0,0,1,0,0,0,0,1
98.737244,0,0,1,0,0,0,1,0,0
98.747586,1,0,0,0,1,1,0,1,0
98.748815,0,0,0,1,0,0,1,0,1
98.763001,1,0,0,0,0,0,0,0,0
98.770387,0,1,0,0,0,0,0,0,0
98.786045,0,0,1,0,1,0,0,1,0
98.798057,0,0,0,1,0,1,0,0,1
98.815348,0,1,0,0,0,0,0,0,0
98.833492,0,0,1,0,0,0,0,0,0
98.851855,0,0,0,1,0,1,0,0,1
98.886561,0,0,1,0,0,0,1,0,0
98.896057,0,0,0,0,0,1,0,0,0
98.898455,1,0,0,1,0,0,0,0,0
98.946566,0,0,0,0,0,1,0,0,1
98.947522,0,0,0,0,1,0,1,1,1
98.951784,0,0,0,1,0,0,1,0,0
98.965834,1,0,0,0,0,0,0,0,0
98.966577,1,0,0,0,0,0,0,0,0
98.976777,0,1,1,0,1,0,0,0,0
98.978407,0,0,1,0,1,0,0,0,0
98.996901,0,0,0,0,0,1,1,1,1
98.999308,0,0,0,1,0,0,1,0,0
99.007901,1,0,0,0,0,0,0,1,0
99.014617,1,0,0,0,0,0,0,0,0
99.019980,0,1,0,0,1,0,0,1,0
99.027112,0,0,1,0,1,0,0,0,0
99.027507,0,0,0,0,0,0,0,1,0
99.031249,0,1,0,0,0,0,0,0,0
99.048421,0,1,0,1,0,1,0,0,0
99.056896,0,1,0,0,0,0,1,0,0
99.073137,1,0,0,0,0,0,0,0,0
99.101549,0,0,0,1,1,1,1,1,0
99.121549,1,1,0,0,0,0,0,0,1
99.146782,0,0,0,0,1,1,0,0,1
99.149130,0,0,0,1,0,0,0,1,0
99.157048,0,0,1,0,0,0,1,0,1
99.176858,1,1,1,0,1,0,0,1,0
99.191130,0,0,1,0,0,0,0,0,0
99.196922,0,1,0,0,0,1,0,0,1
99.200832,0,0,0,1,0,0,0,0,0
99.236662,0,0,1,0,0,0,0,0,0
99.246114,0,0,0,0,0,1,1,0,1
99.251137,0,0,0,1,0,0,1,0,0
99.260597,1,0,0,0,0,0,0,0,0
99.268555,1,0,0,0,1,0,0,1,0
99.270637,0,0,0,0,1,0,0,0,0
99.282234,0,0,1,0,0,0,0,1,0
99.298052,0,1,0,1,0,1,0,0,1
99.304802,0,1,0,0,0,0,1,0,0
99.321230,1,0,0,0,1,0,0,0,0
99.328161,0,0,1,0,0,0,0,0,0
99.350824,0,0,0,1,0,1,0,0,1
99.353749,0,0,0,0,0,0,1,0,0
99.361331,0,0,0,0,0,0,0,1,0
99.363808,1,0,0,0,1,0,0,0,0
99.390646,0,1,1,0,0,0,0,1,0
99.398516,0,0,0,1,0,1,0,0,1
99.411281,0,1,0,0,0,0,1,0,0
99.424036,1,0,0,0,1,0,0,1,0
99.433492,0,0,1,0,0,0,0,0,0
99.450116,0,1,0,1,0,1,1,0,0
99.463005,1,0,0,0,0,0,0,0,1
99.483346,0,0,0,0,1,0,0,0,0
99.496868,0,0,1,0,0,1,0,0,0
99.500246,0,0,0,1,0,0,1,0,1
99.505901,0,0,0,0,0,0,0,1,0
99.516835,1,0,0,0,1,0,0,1,0
99.530504,0,1,1,0,0,0,0,0,0
99.546655,0,1,0,0,0,1,0,0,1
99.551290,0,0,0,1,0,0,1,0,0
99.565200,1,0,0,0,0,0,0,0,0
99.569329,0,0,0,0,1,0,0,1,0
99.577305,0,0,1,0,0,0,0,0,0
99.596520,0,1,0,0,0,1,0,0,1
99.600333,0,0,0,1,0,0,1,0,0
99.610534,1,0,0,0,0,0,0,0,0
99.622710,0,0,0,0,1,0,0,1,0
99.626594,0,0,1,0,0,0,0,0,0
99.651279,0,1,0,1,0,1,0,0,0
99.655386,0,0,0,0,0,0,1,0,1
99.671853,1,0,0,0,1,0,0,0,0
99.689761,0,0,1,0,0,0,0,0,0
99.696641,0,0,0,0,0,1,0,0,1
99.698362,0,0,0,1,0,0,0,0,0
99.730277,0,0,1,0,0,0,1,0,0
99.746448,1,0,0,0,1,1,0,1,1
99.750359,0,0,0,1,0,0,0,1,0
99.770507,0,1,0,0,0,0,0,0,0
99.773376,0,1,0,0,0,0,0,0,0
99.782280,0,0,1,0,0,0,1,0,0
99.796161,1,0,0,0,0,1,0,0,0
99.801530,0,0,0,1,0,0,0,0,1
99.808233,0,0,0,0,0,0,1,0,0
99.826338,1,0,0,0,1,0,0,0,0
99.832348,0,0,1,0,0,0,0,1,0
99.851500,0,0,0,1,0,1,1,0,1
99.862146,1,1,0,0,1,0,0,0,0
99.888428,0,0,1,0,1,0,0,0,0
99.900163,0,0,0,1,0,1,0,1,1
99.930163,0,1,1,0,0,0,0,1,0
99.948375,0,0,0,1,0,1,0,0,0
99.949282,0,0,0,0,0,0,0,0,1
99.956091,0,1,0,0,0,0,0,0,0
99.988827,0,0,1,0,0,0,1,0,0
100.001199,1,0,0,1,1,1,1,1,0
100.006349,0,0,0,0,0,0,1,0,0
100.021199,1,1,0,0,0,0,0,0,0
100.025248,1,0,0,0,1,0,0,0,1
100.048725,0,0,0,1,0,1,0,1,1
100.058246,0,0,1,0,1,0,1,0,0
100.068481,1,0,0,0,1,0,0,1,0
100.078725,0,1,1,0,0,0,0,1,0
100.096100,0,1,0,0,0,1,0,0,1
100.098025,0,0,0,1,0,0,1,0,0
100.108258,1,1,0,0,1,0,0,0,0
100.113177,0,0,0,0,0,0,0,1,0
100.135537,0,1,1,0,0,0,0,0,0
100.148053,0,0,0,1,0,1,0,0,0
100.157072,0,0,0,0,0,0,1,0,0
100.169676,1,0,0,0,1,0,0,0,0
100.171110,0,0,0,0,0,0,0,0,1
100.199701,0,0,0,1,0,1,0,1,1
100.208099,0,0,1,0,0,0,0,0,0
100.229701,0,1,1,0,0,0,0,0,0
100.250767,0,0,0,1,0,1,0,0,1
100.283818,0,0,1,0,0,0,0,0,0
100.296158,0,0,0,0,0,1,0,0,1
100.299957,0,0,0,1,0,0,0,0,0
100.326158,0,0,1,0,0,0,1,0,0
100.339120,1,0,0,0,1,0,1,1,0
100.350372,1,0,0,1,1,1,0,1,1
100.360240,0,1,0,0,0,0,0,0,0
100.373436,0,1,0,0,0,0,1,0,0
100.386474,1,0,1,0,1,0,0,0,0
100.401259,0,0,0,1,0,1,0,0,1
100.436014,0,0,1,0,0,0,1,1,0
100.446565,1,0,0,0,1,1,0,1,0
100.450288,0,0,0,1,0,0,0,0,0
100.452489,0,0,0,0,0,0,1,0,0
100.464706,1,1,0,0,1,0,1,1,0
100.465653,0,0,0,0,0,0,0,0,1
100.475171,1,1,0,0,1,0,0,1,0
100.491448,0,1,0,0,0,0,0,0,0
100.495680,0,1,1,0,0,0,0,0,0
100.499966,0,0,0,1,0,1,1,0,0
100.519517,1,0,0,0,0,0,0,0,1
100.548110,0,0,0,1,0,1,0,0,1
100.550854,0,0,1,0,0,0,0,0,0
100.552044,0,0,0,0,1,0,0,1,0
100.579405,0,1,1,0,0,0,1,0,0
100.599107,1,0,0,1,1,1,1,1,1
100.616847,1,0,0,0,1,0,0,0,0
100.624265,0,1,0,0,0,0,0,1,0
100.636031,0,0,1,0,0,0,0,0,0
100.650678,0,1,0,1,0,1,1,0,1
100.660878,1,0,0,0,1,0,0,0,0
100.680826,0,0,1,0,0,0,0,0,0
100.700964,0,0,0,1,0,1,1,1,0
100.720964,1,1,0,0,0,0,0,0,0
100.746880,0,0,0,0,1,1,0,0,1
100.748855,0,0,0,1,0,0,1,1,1
100.767050,1,0,0,0,1,0,0,0,0
100.777922,0,1,1,0,0,0,0,0,0
100.778389,0,0,0,0,0,0,0,1,0
100.786355,0,0,1,0,0,0,0,0,0
100.799051,0,1,0,1,0,1,1,0,0
100.811609,1,0,0,0,0,0,0,0,1
100.851016,0,0,1,1,1,1,0,1,0
100.869643,0,0,0,0,0,0,1,0,1
100.880781,1,1,0,0,1,0,0,1,0
100.898286,0,0,0,1,0,1,1,0,1
100.909466,1,1,1,0,0,0,0,0,0
100.934652,0,0,1,0,1,0,0,1,0
100.948019,0,0,0,1,0,1,0,0,0
100.951042,0,0,0,0,0,0,1,0,1
100.962847,1,1,0,0,1,0,0,1,0
100.981344,0,0,1,0,0,0,0,0,0
100.992617,0,1,0,0,0,0,0,0,0
100.998338,0,0,0,1,0,1,1,0,1
101.017900,1,0,0,0,1,0,0,0,0
101.034783,0,0,1,0,0,0,0,1,0
101.046611,0,0,0,0,0,1,0,0,1
101.051909,0,0,0,1,0,0,1,0,0
101.055309,0,1,0,0,0,0,0,0,0
101.067016,1,0,0,0,0,0,0,0,0
101.068804,0,0,0,0,1,0,0,0,0
101.084778,0,0,1,0,0,0,0,0,0
101.096137,0,0,0,0,0,1,0,1,0
101.101302,0,0,0,1,0,0,0,0,0
101.108065,0,0,0,0,0,0,0,0,1
101.118570,0,1,0,0,0,0,0,0,0
101.146716,0,0,1,0,0,1,1,0,1
101.151356,0,0,0,1,0,0,0,0,0
101.154493,0,0,0,0,0,0,1,0,0
101.161428,1,0,0,0,1,0,0,1,0
101.172661,1,0,0,0,0,0,0,0,0
101.179438,0,0,1,0,0,0,0,0,0
101.186778,0,1,0,0,0,0,0,0,0
101.200870,0,0,0,1,1,1,1,1,0
101.213648,1,0,0,0,1,0,0,0,0
101.222252,0,1,0,0,0,0,0,1,0
101.251943,0,1,0,1,0,1,1,0,0
101.265048,1,0,0,0,0,0,0,0,1
101.298015,0,0,1,1,1,1,0,0,1
101.329304,0,0,1,0,0,0,1,0,1
101.348787,1,0,0,1,1,1,0,0,0
101.364304,0,0,1,0,0,0,1,1,1
101.378528,1,0,0,0,1,0,0,1,0
101.394304,0,1,1,0,0,0,0,0,0
101.399705,0,1,0,1,0,1,1,1,1
101.419705,1,1,0,0,1,0,0,0,0
101.437983,0,0,1,0,0,0,0,0,0
101.448693,0,0,0,1,0,1,1,1,1
101.459929,1,0,0,0,0,0,0,0,0
101.462502,0,0,0,0,1,0,0,0,0
101.463846,0,0,0,0,0,0,0,1,0
101.472867,0,1,0,0,0,0,0,0,0
101.483846,0,1,1,0,0,0,0,0,0
101.500808,0,0,0,1,0,1,0,0,0
101.546276,0,0,0,0,0,1,1,0,0
101.551584,0,0,0,1,0,0,0,0,0
101.556870,1,0,0,0,1,0,0,0,0
101.599806,0,0,0,1,0,1,1,1,1
101.601858,0,0,0,0,0,0,1,0,1
101.611856,1,0,0,0,1,0,0,1,1
101.616116,1,0,0,0,1,0,0,1,0
101.629806,0,1,1,0,0,0,0,0,0
101.631858,0,1,1,0,0,0,0,0,0
101.646098,0,1,1,0,0,1,0,0,1
101.651941,0,0,0,1,0,0,0,0,0
101.680268,0,0,1,0,0,0,0,0,0
101.696869,0,0,0,0,0,1,1,0,0
101.699978,0,0,0,1,0,0,0,0,0
101.716220,1,0,0,0,0,0,1,0,1
101.728319,1,0,0,0,1,0,0,0,0
101.746621,0,0,1,0,1,1,0,1,1
101.749551,0,0,0,1,0,0,1,1,0
101.760988,1,0,0,0,1,0,0,1,0
101.776621,0,1,1,0,0,0,0,0,0
101.778012,0,1,0,0,0,0,0,0,0
101.789462,0,1,0,0,0,0,0,0,0
101.798412,0,0,0,1,0,1,0,0,1
101.836183,0,0,1,0,0,0,1,0,0
101.849840,1,0,0,1,0,1,1,0,0
101.862783,1,0,0,0,1,0,0,1,0
101.880128,0,0,0,0,1,0,0,0,1
101.892316,0,1,0,0,0,0,0,1,0
101.901975,0,0,0,1,0,1,0,0,0
101.910564,0,0,1,0,0,0,0,0,1
101.911486,0,0,0,0,0,0,1,0,0
101.922123,1,1,0,0,0,0,0,0,0
101.949181,0,0,1,1,1,1,0,1,0
101.971538,0,1,0,0,0,0,1,0,0
101.973457,0,0,0,0,0,0,0,0,1
101.982361,1,0,0,0,0,0,0,0,0
102.000000,0,0,0,1,1,1,0,1,1
102.008622,0,0,1,0,0,0,0,0,0
102.012317,0,0,0,0,0,0,1,0,0
102.030000,1,1,1,0,1,0,0,0,0
102.046455,0,0,0,0,0,1,0,1,0
102.049388,0,0,0,1,0,0,0,0,1
102.066455,0,1,0,0,0,0,1,0,0
102.085816,1,0,1,0,0,0,0,0,0
102.101545,0,0,0,1,1,1,0,1,1
102.126045,0,1,0,0,0,0,1,0,0
102.134911,0,0,1,0,0,0,0,0,0
102.146017,1,0,0,0,1,1,0,1,0
102.150879,0,0,0,1,0,0,0,0,1
102.169495,0,1,0,0,0,0,1,0,0
102.185565,1,0,1,0,0,0,0,0,0
102.198124,0,0,0,1,0,1,0,0,1
102.219890,0,0,0,0,1,0,0,1,0
102.235429,0,0,1,0,0,0,1,0,0
102.246630,1,1,0,0,0,1,0,0,1
102.248961,0,0,0,1,1,0,0,1,0
102.271413,0,1,0,0,0,0,1,0,0
102.281644,1,0,1,0,1,0,0,0,0
102.301052,0,0,0,1,0,1,0,1,1
102.325686,0,1,0,0,0,0,0,0,0
102.335828,0,0,1,0,0,0,0,0,0
102.346615,0,0,0,0,0,1,0,0,0
102.350515,0,0,0,1,0,0,0,0,1
102.385181,0,0,1,0,0,0,1,0,0
102.396262,1,0,0,0,1,1,0,0,0
102.398376,0,0,0,1,0,0,1,0,1
102.402064,0,0,0,0,0,0,1,1,0
102.410599,1,0,0,0,1,0,0,1,0
102.422064,1,1,0,0,1,0,0,1,0
102.429269,0,0,1,0,0,0,0,0,0
102.434030,0,1,0,0,0,0,0,0,0
102.446179,0,1,0,0,0,1,0,0,1
102.448557,0,0,0,1,0,0,0,0,0
102.460614,0,0,0,0,0,0,1,0,0
102.472970,1,0,0,0,1,0,0,0,0
102.475163,0,0,0,0,0,0,0,1,0
102.483636,0,0,1,0,0,0,0,0,0
102.499333,0,1,0,1,0,1,0,0,1
102.527355,0,0,0,0,0,0,1,0,0
102.539321,1,0,1,0,1,0,0,0,0
102.549549,0,0,0,1,0,1,0,0,0
102.596217,0,0,0,0,0,1,1,0,0
102.601889,0,0,0,1,0,0,0,0,0
102.606476,1,0,0,0,0,0,0,0,0
102.650012,0,0,0,1,1,1,1,0,0
102.663550,1,0,0,0,1,0,1,1,0
102.675475,1,0,0,0,0,0,0,0,0
102.680332,0,0,0,0,0,0,0,1,1
102.687282,0,1,0,0,0,0,0,1,1
102.696653,0,0,0,0,0,1,0,0,0
102.701637,0,1,0,1,0,0,0,0,0
102.708100,0,1,0,0,1,0,1,0,1
102.719760,1,0,1,0,1,0,0,0,1
102.720925,0,0,1,0,0,0,0,1,0
102.748076,0,1,1,1,0,1,1,1,1
102.758176,1,0,1,0,0,0,0,0,0
102.764622,0,0,0,0,1,0,0,1,0
102.778076,0,1,1,0,0,0,0,0,0
102.789039,0,1,0,0,0,0,0,0,0
102.801209,0,0,0,1,0,1,1,0,1
102.812607,1,0,0,0,1,0,0,1,0
102.838275,0,1,1,0,0,0,0,0,0
102.851896,0,0,0,1,0,1,1,0,1
102.869140,1,0,0,0,1,0,0,0,0
102.888028,0,0,1,0,0,0,0,0,0
102.899773,0,0,0,1,0,1,1,1,1
102.919773,1,1,0,0,1,0,0,0,0
102.926104,0,0,0,0,0,0,0,1,0
102.938269,0,0,1,0,0,0,0,0,0
102.946035,0,0,0,0,0,1,0,0,0
102.946772,0,1,0,0,0,0,0,0,0
102.948857,0,0,0,1,0,0,0,0,1
102.985200,0,0,1,0,0,0,1,0,0
103.000654,1,0,0,1,1,1,0,1,0
103.001688,0,0,0,0,0,0,1,0,0
103.021645,1,1,0,0,1,0,0,0,0
103.050137,0,0,0,1,0,1,0,1,0
103.059305,0,0,0,0,0,0,0,0,1
103.077789,0,1,0,0,0,0,1,0,1
103.097336,1,0,1,0,1,1,0,0,1
103.101723,0,0,0,1,0,0,1,1,0
103.115833,1,0,1,0,0,0,0,0,0
103.127349,0,1,1,0,1,0,0,1,0
103.150972,0,1,0,1,0,1,1,0,0
103.165418,1,0,0,0,1,0,0,1,1
103.195418,0,1,1,0,0,0,0,0,0
103.196120,0,0,0,0,0,1,0,0,0
103.198731,0,0,0,1,0,0,1,0,1
103.210118,1,0,0,0,1,0,0,1,0
103.237414,0,1,1,0,0,0,0,0,0
103.246859,0,0,0,0,0,1,0,0,1
103.251375,0,0,0,1,0,0,0,0,0
103.285758,0,0,1,0,0,0,0,0,0
103.296108,0,0,0,0,0,1,0,0,1
103.297081,0,0,0,0,0,0,1,0,0
103.300500,0,0,0,1,0,0,1,0,0
103.316525,1,0,0,0,1,0,0,0,0
103.318524,1,0,0,0,1,0,0,0,0
103.329744,0,0,1,0,0,0,0,1,0
103.350330,0,1,0,1,0,1,0,1,0
103.355796,0,0,0,0,0,0,1,0,0
103.369019,1,0,0,0,1,0,0,0,1
103.373285,0,1,0,0,0,0,0,0,0
103.401929,0,0,1,1,0,1,0,1,1
103.425988,0,1,0,0,0,0,1,0,0
103.440435,1,0,1,0,1,0,0,0,0
103.446649,0,0,0,0,0,1,0,0,1
103.451654,0,0,0,1,0,0,1,1,0
103.471654,1,1,0,0,0,0,0,0,0
103.483792,0,0,1,0,1,0,0,0,0
103.496497,0,0,0,0,0,1,0,0,1
103.498462,0,0,0,1,0,0,1,1,0
103.518462,1,1,0,0,1,0,0,1,0
103.531089,0,0,1,0,0,0,0,0,0
103.548031,0,1,0,1,0,1,0,0,1
103.563691,0,0,0,0,0,0,1,0,0
103.573798,1,0,0,0,1,0,0,1,0
103.578436,0,0,1,0,0,0,0,0,0
103.599653,0,1,0,1,0,1,1,0,0
103.612510,1,0,0,0,1,0,0,0,1
103.651633,0,0,1,1,0,1,0,0,0
103.696515,0,0,0,0,0,1,0,0,1
103.701577,0,0,0,1,0,0,0,0,0
103.730716,0,0,1,0,0,0,0,0,1
103.750264,0,0,0,1,0,1,0,1,1
103.770680,0,1,1,0,0,0,1,0,0
103.780354,0,0,1,0,0,0,1,0,0
103.784834,1,0,0,0,0,0,0,0,0
103.796464,1,0,0,0,1,1,0,0,0
103.797391,0,0,0,0,0,0,1,0,1
103.799457,0,0,0,1,0,0,0,0,0
103.816966,1,0,0,0,0,0,0,1,0
103.837338,0,1,1,0,1,0,0,1,0
103.848818,0,0,0,1,1,1,1,1,0
103.860840,1,1,0,0,1,0,1,1,0
103.869440,0,1,0,0,0,0,0,0,1
103.871908,1,0,0,0,1,0,0,0,0
103.889075,0,1,0,0,0,0,0,0,0
103.893196,0,0,0,0,0,0,0,1,0
103.899571,0,0,1,1,0,1,0,0,0
103.918550,0,1,0,0,0,0,1,0,1
103.934633,1,0,0,0,0,0,0,0,0
103.949607,0,0,1,1,1,1,1,1,1
103.969607,1,1,0,0,0,0,0,0,0
103.980445,0,0,1,0,0,0,0,0,0
103.996538,0,0,0,0,0,1,0,0,1
104.000627,0,0,0,1,1,0,0,1,0
104.025346,0,1,0,0,0,0,0,0,0
104.027828,0,0,1,0,0,0,1,0,0
104.046817,1,0,0,0,1,1,0,0,0
104.049981,0,0,0,1,0,0,0,0,0
104.098985,0,0,0,1,0,1,0,1,1
104.128985,0,1,1,0,0,0,1,0,0
104.142157,1,0,0,0,1,0,0,1,0
104.144498,0,0,0,0,0,0,0,0,1
104.149993,0,0,0,1,0,1,1,0,1
104.160504,1,0,0,0,1,0,0,1,0
104.161365,0,0,0,0,0,0,1,0,0
104.172113,1,1,0,0,1,0,0,1,0
104.183915,0,1,1,0,0,0,0,0,0
104.188417,0,0,1,0,0,0,0,0,0
104.196530,0,1,0,0,0,1,0,0,0
104.201688,0,0,0,1,0,0,1,0,1
104.214772,1,0,0,0,0,0,0,0,0
104.220869,0,0,0,0,1,0,0,1,0
104.241674,0,1,1,0,0,0,0,0,0
104.249395,0,0,0,1,0,1,0,0,0
104.296308,0,0,0,0,0,1,0,0,0
104.297292,0,0,0,0,0,0,0,0,1
104.298187,0,0,0,1,0,0,0,0,1
104.315049,0,0,0,0,0,0,1,0,0
104.325299,1,0,0,0,1,0,0,1,0
104.336858,0,0,1,0,0,0,0,0,0
104.338060,0,0,1,0,0,0,1,0,0
104.348028,0,1,0,1,0,1,1,0,0
104.348541,1,0,0,0,1,0,0,0,0
104.356183,0,0,0,0,0,0,0,1,1
104.362968,1,0,0,0,1,0,0,0,0
104.386183,0,1,1,0,0,0,0,1,0
104.396592,0,0,0,0,0,1,0,0,0
104.401732,0,0,0,1,0,0,1,0,0
104.414402,1,1,0,0,1,0,0,0,0
104.446580,0,0,0,0,0,1,0,1,1
104.451333,0,0,0,1,0,0,1,0,1
104.462498,1,0,0,0,1,0,0,1,0
104.468136,0,1,0,0,0,0,0,0,0
104.478457,0,0,1,0,0,0,0,0,0
104.481433,0,0,1,0,0,0,0,0,0
104.484887,0,1,0,0,0,0,0,0,0
104.498403,0,0,0,1,0,1,0,0,1
104.526923,0,0,0,0,0,0,1,0,0
104.537781,1,0,1,0,0,0,0,0,0
104.549582,0,0,0,1,1,1,0,0,0
104.568705,0,0,0,0,0,0,1,0,0
104.581756,1,0,0,0,1,0,0,1,1
104.601942,0,1,0,1,0,1,0,1,1
104.604160,0,0,0,0,0,0,1,0,0
104.619052,1,0,1,0,1,0,0,0,0
104.631942,0,1,1,0,0,0,0,1,0
104.650384,0,0,0,1,0,1,1,0,1
104.661702,1,1,0,0,1,0,0,1,0
104.680426,0,0,1,0,0,0,0,0,0
104.685383,0,1,0,0,0,0,0,0,0
104.696429,0,0,0,0,0,1,0,0,1
104.700635,0,0,0,1,0,0,1,0,0
104.714427,1,0,0,0,0,0,0,0,0
104.733702,0,0,1,0,1,0,0,1,0
104.748333,0,0,0,1,0,1,0,0,1
104.760204,0,1,0,0,0,0,1,0,0
104.771986,1,0,0,0,0,0,0,0,0
104.779215,0,0,1,0,1,0,0,0,0
104.798436,0,0,0,1,0,1,1,0,1
104.809805,1,0,0,0,0,0,0,0,0
104.814431,0,0,0,0,1,0,0,1,0
104.836641,0,1,1,0,0,0,0,1,0
104.851568,0,0,0,1,0,1,1,0,0
104.865281,1,1,0,0,1,0,0,0,1
104.900472,0,0,1,1,0,1,1,0,0
104.906848,0,0,0,0,0,0,0,0,1
104.920367,1,0,0,0,0,0,0,1,0
104.941481,0,1,1,0,0,0,0,0,0
104.948823,0,0,0,1,1,1,0,0,1
104.969790,0,0,0,0,0,0,1,0,0
104.986612,1,0,1,0,1,0,0,0,0
105.001663,0,0,0,1,0,1,0,1,1
105.031663,0,1,1,0,0,0,1,1,0
105.051663,1,1,0,1,1,1,0,0,0
105.098333,0,0,0,1,0,1,1,0,0
105.101563,0,0,0,0,0,0,0,0,1
105.114616,1,0,0,0,0,0,0,0,1
105.139697,0,0,1,0,0,0,1,0,0
105.148461,0,0,1,1,0,1,0,0,0
105.151859,1,0,0,0,0,0,1,1,1
105.163485,1,0,0,0,1,0,0,1,0
105.172227,0,1,0,0,1,0,0,1,0
105.188868,0,1,1,0,1,0,0,0,0
105.193645,0,1,0,0,0,0,0,1,0
105.196551,0,0,0,0,0,1,0,0,0
105.199730,0,0,0,1,0,0,1,0,1
105.210976,1,0,0,0,1,0,0,0,0
105.217819,0,1,0,0,0,0,0,0,0
105.225850,0,0,0,0,0,0,0,1,0
105.231735,0,0,1,0,0,0,0,0,0
105.246216,0,1,0,0,0,1,0,0,1
105.251662,0,0,0,1,0,0,0,0,0
105.277788,0,0,1,0,0,0,0,0,0
105.300220,0,0,0,1,0,1,1,0,0
105.310970,1,0,0,0,1,0,1,1,0
105.328414,1,0,0,0,1,0,0,0,0
105.339361,0,1,0,0,0,0,0,1,0
105.346626,0,0,0,0,0,1,0,0,1
105.347364,0,0,0,0,0,0,0,0,1
105.350759,0,0,0,1,0,0,0,0,0
105.351961,0,0,0,0,0,0,1,0,0
105.367736,1,1,0,0,1,0,0,0,0
105.373120,0,0,0,0,0,0,0,1,0
105.384578,0,0,1,0,0,0,0,0,0
105.386513,0,0,1,0,0,0,0,0,0
105.394575,0,1,0,0,0,0,0,0,0
105.396715,0,0,0,0,0,1,0,0,1
105.399183,0,0,0,1,0,0,0,0,0
105.427422,0,0,1,0,0,0,1,0,0
105.444274,1,0,0,0,1,0,0,0,0
105.448669,0,0,0,1,0,1,1,0,1
105.459247,1,0,0,0,0,0,0,0,0
105.485909,0,0,1,0,0,0,0,0,0
105.496402,0,0,0,0,1,1,0,1,1
105.500036,0,0,0,1,0,0,0,1,0
105.516932,0,1,0,0,0,0,1,0,0
105.526541,0,1,1,0,0,0,0,0,0
105.527350,1,0,0,0,1,0,0,0,0
105.531345,0,0,0,0,0,0,0,1,0
105.551879,0,1,0,1,0,1,0,0,1
105.579597,0,0,0,0,0,0,1,0,0
105.591709,1,0,1,0,0,0,0,0,0
105.596903,0,0,0,0,1,1,0,1,0
105.598478,0,0,0,1,0,0,1,0,1
105.617136,1,1,0,0,0,0,0,0,0
105.624111,0,0,0,0,1,0,0,1,0
105.637367,0,0,1,0,0,0,0,0,0
105.651111,0,1,0,1,0,1,0,0,1
105.675679,0,0,0,0,0,0,1,0,0
105.689225,1,0,1,0,1,0,0,0,0
105.700857,0,0,0,1,0,1,0,1,1
105.721056,0,1,0,0,0,0,1,0,0
105.740126,1,0,1,0,0,0,0,0,0
105.751750,0,0,0,1,1,1,0,0,1
105.770852,0,0,0,0,0,0,1,0,0
105.781294,1,0,0,0,1,0,0,1,0
105.781522,0,0,0,0,0,0,0,1,0
105.786535,0,0,1,0,0,0,0,0,0
105.801919,0,1,0,1,0,1,1,0,0
105.805739,0,1,0,0,0,0,0,0,0
105.812475,1,0,0,0,1,0,0,0,1
105.849350,0,0,1,1,0,1,1,0,1
105.867892,1,0,0,0,0,0,0,1,0
105.880216,0,0,1,0,0,0,0,0,0
105.897499,0,1,0,0,1,1,0,0,0
105.901777,0,0,0,1,0,0,0,1,0
105.922511,0,1,0,0,0,0,1,0,1
105.933331,1,0,0,0,1,0,0,1,0
105.948474,0,0,0,1,0,1,0,0,0
105.952877,0,0,1,0,0,0,1,0,1
105.963209,1,1,0,0,0,0,0,0,0
105.973516,0,0,0,0,1,0,0,1,0
105.989980,0,0,1,0,0,0,0,0,0
106.001304,0,1,0,1,0,1,0,0,0
106.046331,0,0,0,0,0,1,0,0,1
106.047172,0,0,0,0,0,0,1,0,0
106.048066,0,0,0,1,0,0,0,0,1
106.064188,1,0,0,0,1,0,1,1,0
106.084188,1,1,1,0,1,0,0,1,0
106.085481,0,0,1,0,0,0,0,0,0
106.098162,0,0,0,1,0,1,0,0,0
106.101282,0,0,0,0,0,0,1,0,1
106.113195,1,1,0,0,1,0,0,1,0
106.141249,0,1,1,0,0,0,0,0,0
106.149304,0,0,0,1,0,1,1,0,1
106.160415,1,0,0,0,1,0,0,0,0
106.163718,0,0,0,0,0,0,0,1,0
106.181734,0,0,1,0,0,0,0,0,0
106.193462,0,1,0,0,0,0,0,0,0
106.196966,0,0,0,0,0,1,0,0,0
106.201451,0,0,0,1,0,0,0,0,1
106.228979,0,0,0,0,0,0,1,0,0
106.240312,1,0,1,0,1,0,0,1,0
106.250547,0,0,0,1,0,1,1,0,1
106.264945,1,1,0,0,1,0,0,1,0
106.280965,0,0,1,0,0,0,0,0,0
106.285885,0,1,0,0,0,0,0,0,0
106.300314,0,0,0,1,0,1,0,0,1
106.330806,0,0,1,0,0,0,0,0,0
106.336604,0,0,0,0,0,0,1,0,0
106.348896,1,0,0,1,1,1,1,0,0
106.351569,0,0,0,0,0,0,0,0,1
106.359525,1,0,0,0,1,0,0,1,0
106.373313,0,0,0,0,0,0,0,1,0
106.379592,0,1,0,0,0,0,0,0,0
106.381911,0,0,1,0,0,0,0,0,0
106.400657,0,1,0,1,0,1,1,0,1
106.414453,1,0,0,0,0,0,0,0,0
106.418907,0,0,0,0,1,0,0,0,0
106.437295,0,0,1,0,0,0,0,1,0
106.450525,0,0,0,1,0,1,1,0,0
106.457622,0,1,0,0,0,0,0,0,1
106.464896,1,0,0,0,1,0,0,1,0
106.489982,0,1,1,0,0,0,0,0,0
106.496164,0,0,0,0,0,1,0,0,0
106.498606,0,0,0,1,0,0,0,0,0
106.550574,0,0,0,1,0,1,1,0,0
106.562749,1,0,0,0,1,0,0,1,0
106.576256,0,0,0,0,0,0,1,0,1
106.589868,1,1,0,0,1,0,0,1,0
106.601361,0,0,0,1,0,1,0,0,0
106.604614,0,0,0,0,0,0,0,0,1
106.607264,0,0,1,0,0,0,1,0,0
106.619211,1,1,0,0,0,0,0,0,1
106.627109,0,0,0,0,1,0,0,0,0
106.631228,0,0,0,0,0,0,0,1,0
106.640899,0,0,1,0,0,0,0,0,0
106.651911,0,1,1,1,0,1,0,0,1
106.686622,0,0,1,0,0,0,1,0,0
106.699742,1,0,0,1,1,1,1,0,0
106.707228,0,0,0,0,0,0,0,0,1
106.718401,1,0,0,0,1,0,0,1,0
106.737395,0,0,1,0,0,0,0,0,0
106.737937,0,0,0,0,0,0,0,1,0
106.748245,0,1,0,1,0,1,1,0,1
106.767373,1,1,0,0,1,0,0,0,0
106.787706,0,0,1,0,0,0,0,1,0
106.798057,0,0,0,1,0,1,0,0,0
106.804156,0,0,0,0,0,0,1,0,1
106.808925,0,1,0,0,0,0,0,0,0
106.820321,1,0,0,0,0,0,0,0,0
106.839451,0,0,1,0,1,0,0,0,0
106.851142,0,0,0,1,0,1,0,1,0
106.868986,0,0,0,0,0,0,0,0,1
106.879604,0,1,0,0,0,0,1,0,0
106.896723,1,0,0,0,1,1,0,0,1
106.897297,0,0,0,0,0,0,0,1,0
106.900055,0,0,1,1,0,0,1,0,0
106.913223,1,0,0,0,1,0,0,0,0
106.927006,0,1,1,0,0,0,0,0,0
106.948089,0,0,0,1,0,1,1,1,1
106.962933,1,0,0,0,0,0,0,0,0
106.978089,0,1,1,0,1,0,0,1,0
106.996150,0,0,0,0,0,1,0,0,0
106.998006,0,0,0,1,0,0,0,0,0
106.998047,0,0,0,0,0,0,1,0,0
107.006323,0,1,0,0,0,0,0,0,0
107.014366,1,0,0,0,1,0,0,1,0
107.029782,0,0,0,0,0,0,0,0,1
107.039889,0,1,0,0,0,0,0,0,0
107.050395,0,0,0,1,0,1,0,0,0
107.051431,0,0,0,0,0,0,0,0,1
107.066557,0,0,1,0,0,0,0,0,0
107.089577,0,0,1,0,0,0,0,0,0
107.096681,0,0,0,0,0,1,0,0,0
107.097242,0,0,0,0,0,0,0,0,1
107.098411,0,0,0,1,0,0,0,0,0
107.120764,0,0,0,0,0,0,1,0,0
107.134814,1,0,1,0,0,0,1,0,0
107.146338,1,0,0,0,1,1,0,1,0
107.149401,0,0,0,1,0,0,0,0,1
107.175999,0,1,0,0,0,0,0,0,0
107.177900,0,0,0,0,1,0,0,0,0
107.182781,0,0,1,0,0,0,1,1,0
107.196989,1,0,0,0,1,1,0,0,0
107.200781,0,0,0,1,0,0,1,0,0
107.201781,0,0,0,0,0,0,0,0,1
107.211122,1,1,0,0,0,0,0,0,0
107.234944,0,0,1,0,1,0,0,1,0
107.250474,0,0,0,1,0,1,1,0,0
107.256501,0,1,0,0,0,0,0,1,0
107.261702,1,0,0,0,1,0,0,1,0
107.284939,0,1,0,0,0,0,0,0,1
107.289375,0,1,0,0,0,0,0,0,0
107.296086,0,0,0,0,0,1,0,0,0
107.297038,0,0,0,0,0,0,0,0,1
107.298436,0,0,0,1,0,0,1,0,0
107.313092,1,0,0,0,1,0,0,0,0
107.315751,0,0,1,0,0,0,0,0,0
107.329249,0,0,1,0,0,0,0,0,0
107.346139,0,0,0,0,0,1,0,0,1
107.347030,0,0,0,0,0,0,0,1,0
107.349178,0,0,0,1,0,0,1,0,0
107.368655,1,1,0,0,0,0,0,0,0
107.378604,0,0,1,0,1,0,0,1,0
107.398269,0,0,0,1,0,1,0,0,0
107.398437,0,0,0,0,0,0,1,0,0
107.398520,0,0,0,0,0,0,0,0,1
107.408498,1,1,0,0,0,0,0,0,0
107.435843,0,0,1,0,1,0,0,0,0
107.446939,0,0,0,0,0,1,0,1,1
107.451606,0,0,0,1,0,0,0,0,0
107.463783,0,0,0,0,0,0,1,0,0
107.476939,1,1,1,0,1,0,0,1,0
107.496992,0,1,0,0,0,1,0,0,1
107.500803,0,0,0,1,0,0,1,0,0
107.512201,1,0,0,0,1,0,0,0,0
107.516368,0,0,0,0,0,0,0,1,0
107.529034,0,0,1,0,0,0,0,0,0
107.542252,0,1,0,0,0,0,0,0,0
107.550634,0,0,0,1,0,1,0,0,0
107.600781,0,0,0,1,0,1,0,0,1
107.633151,0,0,1,0,0,0,0,0,1
107.646172,0,0,0,0,0,1,1,0,0
107.649563,0,0,0,1,0,0,1,0,1
107.663757,1,0,1,0,0,0,1,0,0
107.668706,1,0,0,0,1,0,0,0,0
107.674330,1,0,0,0,0,0,0,0,0
107.677552,0,0,0,0,0,0,0,1,0
107.682518,0,0,1,0,0,0,0,0,0
107.698917,0,1,0,1,1,1,0,1,0
107.713244,0,0,0,0,1,0,0,1,0
107.715218,0,0,0,0,0,0,0,0,1
107.717770,0,0,0,0,0,0,1,0,0
107.727875,1,1,0,0,1,0,0,1,0
107.742138,0,1,0,0,0,0,0,0,0
107.749946,0,1,1,1,0,1,0,0,0
107.799105,0,0,0,1,0,1,0,0,0
107.850000,0,0,0,1,0,1,1,0,1
107.868144,1,0,0,0,1,0,0,0,0
107.883113,0,0,1,0,0,0,1,1,1
107.900762,1,0,0,1,1,1,0,1,1
107.903113,0,1,0,0,0,0,1,0,1
107.919038,1,0,1,0,1,0,1,1,0
107.929111,1,1,0,0,1,0,0,1,0
107.932379,0,0,1,0,0,0,0,0,0
107.933814,0,0,1,0,0,0,0,0,0
107.948626,0,1,0,1,0,1,0,0,0
107.948869,0,0,0,0,0,0,1,0,0
107.958926,1,1,0,0,1,0,0,0,1
107.998130,0,0,1,1,0,1,0,1,1
108.025677,0,1,0,0,0,0,0,0,0
108.033358,0,0,1,0,0,0,1,0,0
108.050771,1,0,0,1,1,1,1,1,1
108.070771,1,1,0,0,1,0,0,0,0
108.084599,0,0,1,0,0,0,0,1,0
108.096481,0,0,0,0,0,1,0,0,1
108.099048,0,0,0,1,0,0,1,0,0
108.111404,1,1,0,0,1,0,0,1,0
108.126982,0,0,1,0,0,0,0,0,0
108.134899,0,1,0,0,0,0,0,0,0
108.149788,0,0,0,1,0,1,0,0,0
108.194026,0,0,0,0,0,0,0,0,1
108.198858,0,0,0,1,0,1,0,0,1
108.201192,0,0,0,0,0,0,1,0,0
108.217041,1,0,0,0,0,0,1,0,0
108.228098,1,0,1,0,1,0,0,0,0
108.228478,0,0,0,0,0,0,0,1,0
108.233004,0,0,1,0,0,0,0,0,0
108.246820,0,0,0,0,1,1,0,0,1
108.247478,0,0,0,0,0,0,0,1,0
108.251737,0,1,0,1,0,0,1,0,0
108.271346,1,1,0,0,0,0,0,0,0
108.283927,0,0,1,0,0,0,0,0,0
108.296056,0,0,0,0,0,1,0,0,1
108.297008,0,0,0,0,1,0,0,0,0
108.299333,0,0,0,1,0,0,1,0,0
108.310053,1,0,0,0,1,0,0,0,0
108.317304,0,0,0,0,0,0,0,1,0
108.329636,0,0,1,0,0,0,0,0,0
108.341654,0,1,0,0,0,0,0,1,0
108.350826,0,0,0,1,0,1,0,0,1
108.366873,0,1,0,0,0,0,0,0,0
108.371041,0,0,0,0,0,0,1,0,0
108.380932,0,0,1,0,0,0,0,0,0
108.390970,1,0,0,0,1,0,0,1,0
108.400808,0,0,0,1,0,1,1,0,0
108.410838,1,0,0,0,1,0,0,0,1
108.410904,0,0,0,0,0,0,0,1,0
108.420246,0,1,0,0,0,0,0,0,0
108.440878,0,1,1,0,0,0,0,0,0
108.450392,0,0,0,1,0,1,0,0,0
108.496548,0,0,0,0,0,1,1,0,0
108.501510,0,0,0,1,0,0,0,0,0
108.509179,1,0,0,0,1,0,1,0,1
108.523154,1,0,0,0,0,0,0,1,0
108.544588,0,1,1,0,1,0,0,1,0
108.551676,0,0,0,1,0,1,1,0,1
108.563496,1,0,0,0,1,0,0,1,1
108.569928,0,1,0,0,0,0,0,0,0
108.582151,0,0,1,0,0,0,0,0,0
108.593496,0,1,1,0,0,0,0,0,0
108.599726,0,0,0,1,0,1,1,0,0
108.609821,1,0,0,0,1,0,0,0,0
108.646521,0,0,0,0,0,1,0,0,0
108.648848,0,0,0,1,0,0,0,0,0
108.696065,0,0,0,0,0,1,1,1,0
108.698141,0,0,0,1,0,0,1,0,1
108.716065,1,1,0,0,1,0,0,0,1
108.717778,1,0,0,0,1,0,0,1,1
108.737966,0,1,1,0,0,0,0,1,0
108.746029,0,0,0,0,0,1,0,0,0
108.746047,0,0,0,0,0,0,0,0,1
108.751132,0,0,1,1,0,0,0,0,0
108.755853,0,0,1,0,0,0,0,0,0
108.763640,0,1,0,0,0,0,1,0,0
108.777864,1,0,1,0,1,0,0,0,0
108.796993,0,0,0,0,0,1,0,1,0
108.797517,0,0,0,0,0,0,0,0,1
108.798904,0,0,0,1,0,0,0,0,0
108.813836,0,0,0,0,0,0,1,0,0
108.824939,1,1,0,0,1,0,0,1,0
108.833568,0,0,1,0,0,0,0,0,0
108.848282,0,1,0,1,0,1,1,0,0
108.860027,1,0,0,0,0,0,0,0,1
108.890370,0,0,1,0,0,0,0,0,0
108.893784,0,0,0,0,1,0,0,1,0
108.899225,0,0,0,1,0,1,1,0,0
108.909466,1,0,0,0,1,0,0,1,0
108.912521,0,0,0,0,0,0,0,0,1
108.917312,0,1,0,0,0,0,0,0,0
108.936133,0,1,0,0,0,0,0,0,0
108.943756,0,0,1,0,0,0,0,0,0
108.946816,0,0,0,0,0,1,0,0,1
108.950286,0,0,0,1,0,0,1,0,0
108.968286,1,0,0,0,1,0,0,0,0
108.973676,0,0,0,0,0,0,0,1,0
108.979442,0,0,1,0,0,0,0,0,0
109.001123,0,1,0,1,0,1,1,0,1
109.018598,1,0,0,0,1,0,0,1,0
109.040452,0,1,1,0,0,0,0,0,0
109.049425,0,0,0,1,0,1,0,0,1
109.085006,0,0,1,0,0,0,1,0,0
109.101664,1,0,0,1,0,1,0,0,1
109.138393,0,0,1,0,0,0,1,0,0
109.148000,0,0,0,1,1,1,0,1,1
109.157571,1,0,0,0,0,0,0,0,0
109.178000,0,1,1,0,1,0,0,0,0
109.196938,0,0,0,0,0,1,0,0,1
109.197337,0,0,0,0,0,0,0,1,0
109.197668,0,0,0,0,0,0,1,0,0
109.198718,0,0,0,1,0,0,0,0,0
109.202786,0,0,0,0,0,0,1,0,0
109.208335,1,0,0,0,1,0,0,0,0
109.218941,1,1,0,0,0,0,0,0,0
109.223876,0,0,0,0,0,0,0,1,0
109.233025,0,0,1,0,1,0,0,1,0
109.249686,0,1,0,1,0,1,1,0,1
109.260883,1,1,0,0,1,0,0,1,0
109.279691,0,0,1,0,0,0,0,0,0
109.289828,0,1,0,0,0,0,0,0,0
109.296314,0,0,0,0,0,1,0,0,0
109.298051,0,0,0,1,0,0,0,0,0
109.319268,0,0,0,0,0,0,0,0,1
109.351298,0,0,1,1,0,1,1,0,1
109.361326,1,0,0,0,0,0,0,0,0
109.384983,0,0,1,0,0,0,0,0,0
109.387763,0,0,0,0,1,0,1,0,0
109.398488,1,0,0,1,1,1,1,0,0
109.400727,0,0,0,0,0,0,0,0,1
109.411013,1,0,0,0,0,0,0,1,0
109.430857,0,0,1,0,1,0,0,0,0
109.435482,0,1,0,0,0,0,0,1,0
109.446498,0,0,0,0,0,1,0,0,0
109.451024,0,0,0,1,0,0,1,1,1
109.463729,1,1,0,0,0,0,0,0,0
109.467343,0,0,0,0,1,0,0,0,0
109.470019,0,0,0,0,0,0,0,1,0
109.481024,0,1,1,0,0,0,0,0,0
109.498518,0,1,0,1,0,1,0,0,1
109.532364,0,0,1,0,0,0,0,0,0
109.546248,0,0,0,0,0,1,1,0,1
109.549886,0,0,0,1,0,0,1,0,0
109.564452,1,0,0,0,1,0,0,1,0
109.567925,1,0,0,0,1,0,0,1,0
109.579450,0,0,1,0,0,0,0,0,0
109.592914,0,1,0,0,0,0,0,0,0
109.594670,0,1,0,0,0,0,0,0,0
109.599736,0,0,0,1,0,1,0,0,1
109.636320,0,0,1,0,0,0,0,0,0
109.646484,0,0,0,0,0,1,0,0,1
109.651338,0,0,0,1,0,0,0,0,0
109.660217,0,0,0,0,0,0,1,0,0
109.672117,1,0,0,0,0,0,1,0,0
109.682718,1,0,1,0,0,0,0,0,0
109.696489,0,0,0,0,1,1,0,0,0
109.697084,0,0,0,0,1,0,0,0,1
109.701076,0,0,0,1,0,0,1,0,0
109.718143,1,0,0,0,0,0,0,1,0
109.725278,0,0,0,0,1,0,0,0,0
109.726219,0,0,0,0,0,0,0,1,0
109.726651,0,0,0,0,0,0,0,1,0
109.734167,0,0,1,0,0,0,0,0,0
109.746497,0,1,0,0,0,1,0,0,0
109.751159,0,1,0,1,0,0,0,0,0
109.756207,0,1,0,0,0,0,1,0,1
109.770406,1,0,0,0,1,0,0,1,0
109.787597,0,0,1,0,0,0,0,0,0
109.796518,0,1,0,0,0,1,0,0,1
109.801275,0,0,0,1,0,0,1,0,0
109.818407,1,0,0,0,0,0,0,0,0
109.834683,0,0,1,0,1,0,0,0,0
109.849997,0,0,0,1,0,1,1,1,0
109.862070,1,0,0,0,1,0,0,1,1
109.871639,0,1,0,0,0,0,0,0,0
109.892070,0,1,1,0,0,0,0,0,0
109.901565,0,0,0,1,0,1,1,0,0
109.919524,1,0,0,0,0,0,0,0,0
109.946517,0,0,0,0,1,1,0,1,0
109.948966,0,0,0,1,0,0,0,0,1
109.966967,0,1,0,0,0,0,1,0,0
109.985521,1,0,1,0,1,0,0,1,0
110.000383,0,0,0,1,0,1,0,0,1
110.010414,0,1,0,0,0,0,0,0,1
110.040074,0,0,1,0,0,0,0,0,0
110.046725,0,0,1,0,0,1,0,0,0
110.047450,0,0,0,0,0,0,0,0,1
110.047725,0,0,0,0,0,0,1,0,0
110.050910,0,0,0,1,0,0,1,0,0
110.065835,1,0,0,0,1,0,0,1,0
110.067014,1,0,0,0,1,0,0,0,0
110.085835,0,1,1,0,0,0,0,0,0
110.100809,0,0,0,1,0,1,0,0,0
110.146132,0,0,0,0,0,1,1,1,1
110.151716,0,0,0,1,0,0,1,0,1
110.157557,1,0,0,0,1,0,0,1,0
110.163088,1,0,0,0,0,0,0,0,0
110.164714,0,0,0,0,1,0,0,1,0
110.168809,0,1,0,0,0,0,0,0,0
110.176335,0,0,1,0,0,0,0,0,0
110.180463,0,1,0,0,0,0,0,0,0
110.185393,0,1,1,0,0,0,0,0,0
110.198241,0,0,0,1,0,1,1,0,1
110.211599,1,0,0,0,0,0,0,0,0
110.219628,0,0,0,0,1,0,0,0,0
110.231698,0,0,1,0,0,0,0,0,0
110.251280,0,0,0,1,0,1,1,1,0
110.269232,1,0,0,0,1,0,0,1,0
110.272196,0,1,0,0,0,0,0,0,1
110.296022,0,1,0,0,0,1,0,0,1
110.299736,0,0,0,1,0,0,0,0,0
110.300977,0,0,0,0,0,0,1,0,0
110.311695,1,0,1,0,1,0,0,1,0
110.327014,0,0,1,0,0,0,0,0,0
110.335729,0,1,0,0,0,0,0,0,0
110.346307,0,0,0,0,0,1,0,0,0
110.351397,0,0,0,1,0,0,1,0,1
110.367429,1,0,0,0,1,0,0,0,0
110.389505,0,0,1,0,0,0,0,1,0
110.399248,0,0,0,1,0,1,1,0,1
110.409371,1,0,0,0,0,0,0,0,0
110.409438,0,0,0,0,1,0,0,0,0
110.409472,0,0,0,0,0,0,0,1,0
110.414542,0,1,0,0,0,0,0,0,0
110.435524,0,1,1,0,0,0,0,0,0
110.446133,0,0,0,0,0,1,0,0,1
110.448481,0,0,0,1,0,0,1,0,0
110.462968,1,0,0,0,1,0,0,0,0
110.482106,0,0,1,0,0,0,0,1,0
110.500505,0,0,0,1,0,1,1,0,1
110.508765,0,1,0,0,0,0,0,0,0
110.518412,1,0,0,0,0,0,0,0,0
110.531692,0,0,1,0,1,0,0,1,0
110.551785,0,1,0,1,0,1,0,0,1
110.588517,0,0,1,0,0,0,0,0,0
110.599057,0,0,0,1,0,1,1,0,0
110.617628,1,0,0,0,1,0,0,1,0
110.624516,0,0,0,0,0,0,1,0,0
110.640661,1,1,0,0,1,0,0,1,1
110.646503,0,0,0,0,0,1,0,0,0
110.650428,0,0,0,1,0,0,1,0,0
110.662853,1,1,0,0,1,0,0,0,1
110.663853,0,0,0,0,0,0,0,1,0
110.679799,0,0,1,0,0,0,0,0,0
110.685276,0,1,0,0,0,0,0,0,0
110.696186,0,0,1,0,0,1,0,0,0
110.700632,0,0,0,1,0,0,1,0,0
110.714823,1,0,0,0,1,0,0,0,0
110.750870,0,0,0,1,0,1,0,0,1
110.765606,0,0,0,0,0,0,0,0,1
110.767723,0,0,0,0,0,0,0,1,0
110.785028,0,0,1,0,0,0,0,0,0
110.797604,0,1,1,0,0,1,0,0,0
110.797802,0,0,0,0,0,0,1,0,1
110.799880,0,0,0,1,0,0,0,0,0
110.803486,0,0,0,0,0,0,1,0,0
110.816592,1,0,0,0,0,0,0,0,0
110.819556,1,0,0,0,1,0,0,0,0
110.822502,0,0,0,0,0,0,0,1,0
110.825049,0,0,0,0,1,0,0,1,0
110.832373,0,0,1,0,0,0,0,0,0
110.850631,0,1,0,1,0,1,0,0,0
110.854451,0,1,0,0,0,0,1,0,1
110.866334,1,0,0,0,1,0,0,1,0
110.893990,0,1,1,0,0,0,0,0,0
110.896585,0,0,0,0,0,1,0,0,0
110.898744,0,0,0,1,0,0,1,0,1
110.915834,1,0,0,0,0,0,0,0,0
110.933497,0,0,1,0,1,0,0,0,0
110.946610,0,0,0,0,0,1,0,1,1
110.951310,0,0,0,1,0,0,0,0,0
110.968129,0,1,0,0,0,0,1,0,0
110.981780,1,0,1,0,1,0,0,1,0
110.999790,0,0,0,1,0,1,0,0,0
111.000782,0,0,0,0,0,0,0,0,1
111.001281,0,0,0,0,0,0,1,0,0
111.011664,1,1,0,0,1,0,0,1,0
111.038330,0,1,1,0,0,0,0,0,0
111.050324,0,0,0,1,0,1,1,0,0
111.068336,1,0,0,0,0,0,0,0,1
111.098128,0,0,0,1,0,1,0,0,0
111.098232,0,0,0,0,1,0,1,0,1
111.103166,0,0,1,0,0,0,0,1,0
111.112051,1,0,0,0,1,0,0,0,0
111.123549,0,1,0,0,0,0,0,0,0
111.135006,0,0,1,0,0,0,0,1,0
111.146268,0,0,0,0,0,1,0,0,0
111.150185,0,0,0,1,0,0,0,0,0
111.162174,0,1,0,0,0,0,0,0,0
111.198192,0,0,0,1,0,1,0,0,0
111.215579,0,0,0,0,0,0,1,0,1
111.233038,1,0,0,0,1,0,0,0,1
111.251861,0,0,1,1,0,1,0,0,0
111.271633,0,0,1,0,0,0,1,0,0
111.290565,1,0,0,0,0,0,0,0,0
111.293896,0,0,0,0,0,0,1,1,1
111.294906,0,0,0,0,1,0,0,0,0
111.301072,0,0,0,1,0,1,0,0,0
111.307100,1,0,0,0,1,0,1,0,1
111.316040,0,1,0,0,0,0,0,0,0
111.325168,1,0,1,0,1,0,0,1,0
111.327720,0,0,0,0,0,0,0,1,0
111.337100,0,0,1,0,0,0,0,0,0
111.351722,0,1,0,1,0,1,0,0,1
111.356391,0,1,0,0,0,0,0,1,0
111.379313,0,1,0,0,0,0,0,0,0
111.385722,0,0,1,0,0,0,1,0,0
111.395737,1,0,0,0,0,0,0,0,0
111.400401,0,0,0,1,0,1,0,0,1
111.438954,0,0,1,0,1,0,0,1,0
111.446983,0,0,0,0,0,1,1,0,1
111.449211,0,0,0,1,0,0,0,0,0
111.463171,1,1,0,0,1,0,1,1,0
111.477738,1,0,1,0,1,0,0,0,0
111.489386,0,1,0,0,0,0,0,0,0
111.501158,0,0,0,1,0,1,1,0,1
111.520579,1,0,0,0,0,0,0,0,0
111.538524,0,0,1,0,1,0,0,1,0
111.549830,0,0,0,1,0,1,1,1,0
111.567060,1,1,0,0,1,0,0,0,1
111.568709,0,0,0,0,0,0,0,1,0
111.576851,0,1,0,0,0,0,0,0,0
111.598158,0,1,1,1,0,1,1,0,1
111.615402,1,0,0,0,1,0,0,1,0
111.635693,0,1,1,0,0,0,0,0,0
111.646683,0,0,0,0,0,1,0,0,0
111.647342,0,0,0,0,0,0,0,0,1
111.648431,0,0,0,1,0,0,0,0,0
111.680049,0,0,1,0,0,0,0,0,0
111.698647,0,0,0,1,0,1,0,0,0
111.746928,0,0,0,0,0,1,0,0,0
111.750903,0,0,0,1,0,0,0,0,1
111.789937,0,0,1,0,0,0,1,0,1
111.801603,1,0,0,1,1,1,1,0,1
111.820355,1,0,1,0,0,0,0,0,0
111.836333,0,0,1,0,1,0,1,0,0
111.849692,1,0,0,1,1,1,0,1,1
111.867436,0,0,0,0,0,0,1,0,0
111.877985,1,1,0,0,1,0,0,0,0
111.887210,0,0,1,0,0,0,1,0,0
111.899744,1,0,0,1,1,1,0,1,1
111.929744,0,1,1,0,0,0,0,0,0
111.946917,0,0,0,0,0,1,0,1,0
111.947749,0,0,0,0,0,0,1,1,0
111.948190,0,0,0,1,0,0,1,0,1
111.958452,1,0,0,0,0,0,0,1,0
111.960058,1,0,0,0,1,0,0,1,0
111.971917,0,1,0,0,0,0,0,0,0
111.975486,0,1,0,0,1,0,0,1,0
111.981075,0,1,1,0,0,0,0,0,0
111.985392,0,1,0,0,0,0,0,0,0
111.999239,0,1,0,1,0,1,0,0,0
112.051289,0,0,0,1,0,1,1,0,0
112.067250,1,0,0,0,1,0,1,0,1
112.084452,1,0,0,0,1,0,0,0,0
112.099494,0,0,1,1,0,1,1,1,0
112.111181,1,0,0,0,1,0,0,0,1
112.126587,0,1,0,0,0,0,0,0,0
112.150577,0,0,1,1,0,1,0,1,0
112.172893,0,1,0,0,0,0,0,0,0
112.200573,0,0,0,1,0,1,0,0,1
112.237645,0,0,1,0,0,0,0,1,0
112.246003,0,0,0,0,0,1,0,0,1
112.247002,0,0,0,0,0,0,1,0,1
112.247501,0,0,0,0,0,0,0,0,1
112.247751,0,0,0,0,0,0,1,0,0
112.249589,0,0,0,1,0,0,1,0,0
112.257039,1,0,0,0,1,0,0,0,0
112.257679,0,1,0,0,0,0,0,1,0
112.260457,1,0,0,0,1,0,0,1,0
112.266806,1,0,0,0,0,0,0,0,0
112.283037,0,1,1,0,0,0,0,0,0
112.285865,0,1,1,0,1,0,0,0,0
112.287103,0,0,1,0,0,0,0,0,0
112.296245,0,0,0,0,0,1,0,1,0
112.297176,0,0,0,0,0,0,0,0,1
112.300237,0,0,0,1,0,0,0,0,0
112.319620,0,1,0,0,0,0,0,0,0
112.329176,0,0,1,0,0,0,0,0,0
112.346044,0,0,0,0,0,1,1,0,0
112.349521,0,0,0,1,0,0,1,0,0
112.351710,0,0,0,0,0,0,0,0,1
112.356315,1,0,0,0,0,0,0,0,0
112.364883,1,0,0,0,0,0,0,0,0
112.368291,0,0,0,0,1,0,0,1,0
112.383011,0,0,1,0,0,0,0,0,0
112.385833,0,0,0,0,1,0,0,0,0
112.387155,0,0,0,0,0,0,0,1,0
112.394351,0,1,0,0,0,0,0,0,0
112.396800,0,0,0,0,0,1,0,0,1
112.398671,0,0,0,1,0,0,0,0,0
112.400850,0,0,0,0,0,0,1,0,0
112.412982,1,1,0,0,0,0,0,0,0
112.418578,0,0,0,0,1,0,0,0,0
112.424918,0,0,0,0,0,0,0,1,0
112.431733,0,0,1,0,0,0,0,0,0
112.444957,0,1,0,0,0,0,0,0,0
112.448206,0,0,0,1,0,1,0,0,0
112.498261,0,0,0,1,0,1,1,0,0
112.511729,1,0,0,0,0,0,1,0,1
112.526892,1,0,0,0,1,0,0,1,1
112.544673,0,0,1,0,1,0,0,1,0
112.550137,0,1,0,1,0,1,0,0,1
112.554429,0,0,0,0,0,0,1,0,0
112.564488,1,0,1,0,0,0,0,0,0
112.564580,0,0,0,0,1,0,0,1,0
112.569981,0,1,0,0,0,0,0,0,0
112.583367,0,0,1,0,0,0,0,0,0
112.585259,0,1,0,0,0,0,0,0,0
112.600624,0,0,0,1,0,1,1,0,0
112.617816,1,0,0,0,0,0,0,0,0
112.649124,0,0,0,1,1,1,1,1,1
112.666927,1,0,0,0,1,0,0,0,0
112.679124,0,1,1,0,0,0,0,1,0
112.696456,0,0,0,0,0,1,0,0,0
112.698049,0,0,0,1,0,0,1,0,1
112.708674,1,1,0,0,0,0,0,0,1
112.729901,0,0,1,0,0,0,0,0,0
112.746468,0,0,1,0,1,1,0,0,1
112.751650,0,0,0,1,0,0,0,0,0
112.760374,0,0,0,0,0,0,0,1,0
112.778248,0,0,1,0,0,0,0,0,0
112.779305,0,0,0,0,0,0,1,0,0
112.787723,0,1,0,0,0,0,0,0,0
112.798981,1,0,0,1,0,1,0,0,1
112.835312,0,0,1,0,1,0,0,1,0
112.851268,0,0,0,1,0,1,1,0,0
112.862254,1,1,0,0,1,0,0,0,0
112.867015,0,0,0,0,0,0,0,1,0
112.881908,0,0,0,0,0,0,0,0,1
112.896110,0,1,0,0,0,1,0,0,0
112.900230,0,0,0,1,0,0,0,0,0
112.919255,0,0,1,0,0,0,0,0,1
112.949758,0,0,1,1,0,1,1,0,0
112.965804,1,0,0,0,0,0,0,0,1
112.996546,0,0,1,0,1,1,1,1,0
112.997070,0,0,0,0,0,0,1,0,1
112.999160,0,0,0,1,0,0,1,0,0
113.016546,1,1,0,0,0,0,0,0,0
113.016850,1,0,0,0,0,0,0,0,0
113.018499,1,0,0,0,1,0,0,1,0
113.020605,0,0,0,0,1,0,0,0,0
113.024648,0,0,0,0,0,0,0,1,0
113.035675,0,0,1,0,0,0,0,0,0
113.048104,0,1,0,1,1,1,1,0,1
113.050715,0,1,0,0,0,0,0,1,0
113.060961,1,0,0,0,1,0,0,1,0
113.078611,0,1,1,0,0,0,0,0,0
113.087329,0,1,0,0,0,0,0,0,0
113.099435,0,0,0,1,0,1,1,0,0
113.111776,1,0,0,0,1,0,0,0,1
113.143311,0,0,1,0,0,0,0,1,0
113.150217,0,0,0,1,0,1,0,0,0
113.163993,0,1,0,0,0,0,1,0,0
113.176425,1,0,0,0,1,0,0,1,1
113.201302,0,1,0,1,0,1,1,0,1
113.209020,0,0,1,0,0,0,0,0,0
113.220190,1,0,0,0,1,0,0,1,0
113.240929,0,1,1,0,0,0,0,0,0
113.248381,0,0,0,1,0,1,1,0,0
113.265440,1,0,0,0,0,0,0,0,0
113.299425,0,0,0,1,1,1,1,0,0
113.318248,1,0,0,0,0,0,0,0,1
113.348023,0,0,0,1,1,1,0,0,0
113.351400,0,0,1,0,0,0,1,1,1
113.367842,1,0,0,0,0,0,0,0,0
113.376863,0,1,0,0,1,0,0,0,1
113.385246,0,0,1,0,0,0,0,1,0
113.398356,0,0,0,1,0,1,1,1,0
113.414103,1,1,1,0,0,0,0,0,1
113.427848,0,1,0,0,1,0,0,0,0
113.449049,0,0,1,1,0,1,1,1,1
113.469049,1,1,0,0,0,0,0,0,0
113.483320,0,0,1,0,1,0,0,0,0
113.485794,0,0,0,0,0,0,0,1,0
113.501413,0,0,0,1,0,1,1,0,0
113.502957,0,0,0,0,0,0,0,0,1
113.508462,0,1,0,0,0,0,0,0,0
113.517074,1,0,0,0,0,0,0,0,0
113.539579,0,0,1,0,1,0,0,1,0
113.551036,0,0,0,1,0,1,1,0,1
113.561187,1,1,0,0,1,0,0,0,0
113.567881,0,0,0,0,0,0,0,1,0
113.583492,0,0,1,0,0,0,0,0,0
113.591010,0,1,0,0,0,0,0,0,0
113.596311,0,0,0,0,0,1,0,0,1
113.600636,0,0,0,1,0,0,0,0,0
113.614036,0,0,0,0,0,0,1,0,0
113.629630,1,0,1,0,1,0,0,1,0
113.646472,0,0,0,0,0,1,0,0,1
113.648236,0,0,0,1,0,0,1,0,0
113.658337,1,1,0,0,0,0,0,0,0
113.685003,0,0,1,0,0,0,0,0,0
113.700123,0,0,0,1,1,1,1,1,0
113.718823,1,0,0,0,1,0,0,1,0
113.729688,0,1,0,0,0,0,0,0,0
113.748777,0,1,0,1,0,1,0,0,0
113.796626,0,0,0,0,0,1,0,0,0
113.797585,0,0,0,0,0,0,1,0,0
113.798245,0,0,0,1,0,0,1,0,1
113.810141,1,0,0,0,0,0,0,0,1
113.818184,1,0,0,0,0,0,0,0,0
113.819184,0,0,0,0,1,0,0,0,1
113.836085,0,0,1,0,1,0,0,0,0
113.837825,0,0,0,0,0,0,0,1,0
113.849153,0,0,1,1,0,1,1,1,0
113.850120,0,0,1,0,0,0,0,0,1
113.862759,1,1,0,0,1,0,0,1,0
113.873955,0,1,0,0,0,0,0,0,0
113.885856,0,1,1,0,0,0,0,0,0
113.898359,0,0,0,1,0,1,1,0,0
113.911511,1,0,0,0,0,0,0,0,0
113.948291,0,0,0,1,1,1,0,0,0
113.970090,0,0,0,0,0,0,0,1,0
113.999337,0,1,0,1,0,1,1,0,0
114.011690,1,0,0,0,1,0,0,0,0
114.046321,0,0,0,0,0,1,1,0,0
114.048155,0,0,0,1,0,0,1,0,1
114.064849,1,0,0,0,0,0,0,1,0
114.066466,1,0,0,0,0,0,0,0,1
114.069212,0,0,0,0,1,0,0,1,1
114.085898,0,1,1,0,0,0,0,0,0
114.087647,0,0,0,0,1,0,0,1,0
114.098744,0,1,1,1,0,1,0,0,0
114.108679,0,1,1,0,0,0,0,0,0
114.146795,0,0,0,0,0,1,1,0,1
114.149981,0,0,0,1,0,0,0,0,0
114.152611,0,0,0,0,0,0,1,0,0
114.164249,1,0,0,0,1,0,0,1,1
114.167583,1,0,0,0,0,0,0,0,1
114.179728,0,0,1,0,1,0,0,1,0
114.192272,0,1,0,0,0,0,0,0,0
114.198595,0,0,1,1,0,1,1,0,1
114.206485,0,1,1,0,0,0,0,0,0
114.215261,1,0,0,0,1,0,0,0,0
114.220345,0,0,0,0,0,0,0,1,0
114.236095,0,0,1,0,0,0,0,0,0
114.249011,0,1,0,1,0,1,1,0,1
114.263456,1,0,0,0,1,0,0,1,0
114.284121,0,1,1,0,0,0,0,0,0
114.298955,0,0,0,1,0,1,1,0,0
114.313955,1,0,0,0,1,0,0,1,1
114.343955,0,1,1,0,0,0,0,0,0
114.348434,0,0,0,1,0,1,0,0,0
114.399906,0,0,0,1,0,1,0,0,0
114.414237,0,0,0,0,0,0,0,0,1
114.444565,0,0,1,0,0,0,1,0,1
114.446316,0,0,0,0,0,1,0,0,0
114.447092,0,0,0,0,0,0,1,0,1
114.448410,0,0,0,1,0,0,1,0,0
114.462652,1,0,0,0,1,0,0,0,0
114.463652,1,0,0,0,0,0,0,1,0
114.465221,1,0,0,0,1,0,0,0,0
114.471740,0,0,0,0,0,0,0,1,0
114.473233,0,0,0,0,1,0,0,0,0
114.473840,0,0,0,0,0,0,0,1,0
114.484189,0,1,1,0,0,0,0,0,0
114.487004,0,0,1,0,0,0,0,0,0
114.501288,0,1,0,1,0,1,0,0,0
114.502465,0,1,0,0,0,0,0,0,1
114.542244,0,0,1,0,0,0,1,0,0
114.549433,0,0,0,1,0,1,0,0,1
114.558730,1,0,0,0,0,0,1,0,0
114.563833,0,0,0,0,1,0,0,1,0
114.569116,1,0,0,0,0,0,0,0,0
114.586633,0,1,1,0,0,0,0,0,0
114.598854,0,0,0,1,0,1,1,0,1
114.609325,1,0,0,0,1,0,0,0,0
114.631873,0,0,1,0,0,0,0,0,0
114.648000,0,0,0,1,0,1,1,1,1
114.668000,1,1,0,0,1,0,0,0,0
114.686092,0,0,1,0,0,0,0,1,0
114.700878,0,0,0,1,1,1,0,0,0
114.713144,0,1,0,0,0,0,0,0,1
114.748356,0,0,1,1,0,1,1,0,0
114.753662,0,0,0,0,0,0,0,0,1
114.762935,1,0,0,0,1,0,0,1,0
114.784516,0,1,1,0,0,0,1,1,0
114.796050,1,0,0,0,0,1,0,0,1
114.801625,0,0,0,1,1,0,0,1,0
114.804741,0,1,0,0,0,0,0,0,0
114.827581,0,1,1,0,0,0,0,0,0
114.851482,0,0,0,1,0,1,1,0,1
114.869482,1,0,0,0,1,0,0,1,0
114.882640,0,0,1,0,0,0,1,0,0
114.898856,1,1,0,1,0,1,0,0,1
114.929545,0,0,1,0,0,0,1,0,0
114.949510,1,0,0,1,1,1,0,1,1
114.979510,0,1,1,0,1,0,1,1,0
114.999510,1,1,0,1,0,1,0,0,1
115.032364,0,0,1,0,0,0,1,0,0
115.048598,1,0,0,1,1,1,0,1,1
115.056341,0,0,0,0,0,0,1,0,0
115.074930,1,1,0,0,0,0,0,0,0
115.082310,0,0,1,0,0,0,0,0,0
115.101671,0,0,0,1,1,1,0,0,1
115.119296,0,0,0,0,1,0,1,1,0
115.129741,1,0,0,0,1,0,0,0,0
115.140404,0,1,1,0,0,0,0,1,0
115.146194,0,0,0,0,0,1,0,1,1
115.151201,0,0,0,1,0,0,1,0,0
115.167955,1,1,0,0,0,0,0,0,0
115.172075,0,1,0,0,1,0,0,0,0
115.184606,0,0,1,0,0,0,0,0,0
115.196306,0,0,0,0,0,1,0,0,0
115.197198,0,0,0,0,0,0,0,1,0
115.200613,0,0,0,1,0,0,0,0,0
115.204246,0,0,0,0,0,0,1,0,0
115.215781,1,0,0,0,0,0,0,0,1
115.222380,0,1,0,0,0,0,0,0,0
115.245844,0,0,1,0,0,0,0,0,0
115.250587,0,0,0,1,1,1,1,1,1
115.270587,1,1,0,0,1,0,0,1,0
115.290587,0,1,1,0,0,0,0,0,0
115.300023,0,0,0,1,0,1,0,0,1
115.330750,0,0,1,0,0,0,0,0,0
115.346740,0,0,0,0,0,1,0,0,1
115.350898,0,0,0,1,0,0,1,0,0
115.369103,1,0,0,0,1,0,1,1,0
115.376935,0,0,1,0,0,0,0,0,0
115.381814,1,0,0,0,1,0,0,0,0
115.396317,0,1,0,0,0,1,0,0,0
115.401859,0,0,0,1,0,0,1,1,1
115.421859,1,1,0,0,1,0,0,1,0
115.441859,0,1,1,0,0,0,0,0,0
115.446077,0,0,0,0,0,1,0,0,1
115.451220,0,0,0,1,0,0,1,0,0
115.468331,1,0,0,0,1,0,0,0,0
115.482934,0,0,1,0,0,0,0,0,0
115.496120,0,0,0,0,0,1,0,1,1
115.498015,0,0,0,1,0,0,0,0,0
115.518302,0,1,0,0,0,0,1,0,0
115.526202,0,0,1,0,0,0,0,0,0
115.530150,1,0,0,0,1,0,0,1,0
115.551075,0,1,0,1,0,1,1,0,1
115.564465,1,0,0,0,1,0,0,1,0
115.583276,0,0,1,0,0,0,0,0,0
115.590354,0,1,0,0,0,0,0,0,0
115.601790,0,0,0,1,0,1,0,0,0
115.649882,0,0,0,1,0,1,0,0,0
115.696071,0,0,0,0,0,1,1,0,0
115.699210,0,0,0,1,0,0,0,0,0
115.706571,1,0,0,0,0,0,0,0,0
115.751076,0,0,0,1,1,1,1,1,1
115.755430,0,0,0,0,0,0,1,0,1
115.767486,1,0,0,0,1,0,0,1,1
115.773851,1,1,0,0,1,0,0,1,0
115.781606,0,0,1,0,0,0,1,0,0
115.786102,0,0,1,0,0,0,0,0,1
115.797486,1,1,1,0,0,1,0,0,0
115.801686,0,1,0,1,0,0,1,0,0
115.803183,0,0,0,0,1,0,0,0,1
115.805442,0,0,0,0,0,0,0,1,0
115.815041,1,0,0,0,1,0,0,1,0
115.821658,0,0,1,0,0,0,0,0,0
115.826940,0,1,0,0,0,0,0,0,0
115.833853,0,0,1,0,0,0,0,0,0
115.840591,0,1,0,0,0,0,0,0,0
115.846711,0,0,0,0,0,1,0,0,1
115.848584,0,0,0,1,0,0,0,0,0
115.881129,0,0,1,0,0,0,0,0,0
115.896146,0,0,0,0,0,1,0,0,1
115.898863,0,0,0,1,0,0,0,0,0
115.934083,0,0,1,0,0,0,1,0,0
115.946711,1,0,0,0,0,1,1,0,0
115.950466,0,0,0,1,1,0,1,0,0
115.960914,1,0,0,0,1,0,0,0,1
115.968510,1,0,0,0,0,0,0,0,0
115.998087,0,0,1,1,1,1,0,1,1
116.028087,0,1,1,0,0,0,1,0,0
116.048044,1,0,0,1,1,1,1,0,1
116.050446,0,0,0,0,0,0,0,1,0
116.061439,1,0,0,0,0,0,0,0,0
116.078227,0,1,1,0,1,0,0,1,0
116.096504,0,0,0,0,0,1,0,0,0
116.097432,0,0,0,0,0,0,0,0,1
116.101356,0,1,0,1,0,0,0,1,0
116.129601,0,1,1,0,0,0,1,0,0
116.146233,1,0,0,0,0,1,0,1,1
116.151688,0,0,0,1,0,0,0,0,0
116.167176,0,1,0,0,1,0,0,0,0
116.169079,0,0,0,0,0,0,1,0,0
116.184360,1,0,1,0,1,0,0,0,0
116.200852,0,0,0,1,0,1,0,0,0
116.250449,0,0,0,1,0,1,1,1,1
116.257961,0,0,0,0,0,0,1,1,1
116.269126,1,0,0,0,0,0,0,0,0
116.271823,1,1,0,0,1,0,0,0,0
116.274682,0,0,0,0,0,0,0,1,0
116.276462,0,0,0,0,1,0,0,0,0
116.278893,0,1,0,0,0,0,0,1,0
116.287722,0,0,1,0,0,0,0,0,0
116.294813,0,1,1,0,0,0,0,0,0
116.298240,0,0,0,1,0,1,1,0,0
116.301105,0,1,0,0,0,0,0,0,1
116.309821,1,0,0,0,1,0,0,0,0
116.314200,0,0,0,0,0,0,0,1,0
116.334822,0,1,1,0,0,0,0,0,0
116.351290,0,0,0,1,0,1,0,0,0
116.396516,0,0,0,0,0,1,1,0,1
116.397190,0,0,0,0,0,0,0,0,1
116.401319,0,0,0,1,0,0,0,0,0
116.411472,1,0,0,0,0,0,0,0,0
116.417243,0,0,0,0,1,0,1,0,0
116.428294,1,0,1,0,0,0,0,0,0
116.432804,0,0,1,0,0,0,0,1,0
116.451691,0,0,0,1,0,1,1,0,1
116.458640,0,1,0,0,1,0,0,1,0
116.465826,1,0,0,0,1,0,0,1,0
116.480672,0,1,0,0,0,0,0,0,0
116.487893,0,1,1,0,0,0,0,0,0
116.498589,0,0,0,1,0,1,0,0,1
116.532398,0,0,1,0,0,0,0,0,0
116.546802,0,0,0,0,0,1,1,0,0
116.547585,0,0,0,0,0,0,0,0,1
116.549096,0,0,0,1,0,0,1,0,0
116.565320,1,0,0,0,1,0,0,1,0
116.568437,1,0,0,0,0,0,0,0,0
116.571348,0,0,0,0,1,0,0,0,0
116.578636,0,0,1,0,0,0,0,0,0
116.585454,0,1,0,0,0,0,0,0,0
116.598487,0,0,0,1,0,1,0,1,1
116.625417,0,1,0,0,0,0,1,0,0
116.636461,1,0,1,0,1,0,0,1,0
116.646748,0,0,0,0,0,1,0,0,0
116.651224,0,0,0,1,0,0,0,0,0
116.665057,0,1,0,0,0,0,1,0,1
116.684335,1,0,0,0,1,0,0,0,0
116.696320,0,0,1,0,0,1,0,1,0
116.697250,0,0,0,0,0,0,0,0,1
116.701604,0,0,0,1,0,0,1,0,0
116.719792,1,1,0,0,1,0,0,0,0
116.734738,0,0,1,0,0,0,0,1,0
116.749990,0,0,0,1,0,1,1,0,1
116.762661,1,1,0,0,1,0,0,1,0
116.781022,0,0,1,0,0,0,0,0,0
116.786026,0,1,0,0,0,0,0,0,0
116.796460,0,0,0,0,0,1,0,0,1
116.801708,0,0,0,1,0,0,1,0,0
116.815953,1,0,0,0,1,0,0,0,0
116.818422,0,0,0,0,0,0,0,1,0
116.834024,0,0,1,0,0,0,0,0,0
116.848206,0,1,0,1,0,1,1,0,1
116.864826,1,0,0,0,1,0,0,1,0
116.879324,0,0,1,0,0,0,0,0,0
116.894326,0,1,0,0,0,0,0,0,0
116.901943,0,0,0,1,0,1,0,0,0
116.916962,0,0,0,0,0,0,1,0,1
116.936948,1,0,0,0,0,0,0,0,0
116.951696,0,0,1,1,1,1,0,1,0
116.963465,0,0,0,0,0,0,0,0,1
116.975854,0,1,0,0,0,0,0,0,0
116.994761,0,0,1,0,0,0,0,0,0
116.996461,0,0,0,0,0,1,1,0,1
116.999313,0,0,0,1,0,0,0,0,0
117.010978,1,0,0,0,1,0,1,0,0
117.029284,1,0,1,0,1,0,0,1,0
117.046982,0,0,0,0,0,1,0,1,0
117.048242,0,0,0,1,0,0,1,0,1
117.058405,1,1,0,0,0,0,0,0,0
117.074255,0,1,0,0,0,0,0,0,0
117.087980,0,0,1,0,0,0,0,0,0
117.096110,0,0,0,0,1,1,0,1,1
117.098756,0,0,0,1,0,0,1,0,0
117.117053,1,1,0,0,1,0,0,0,0
117.129108,0,0,1,0,0,0,0,1,0
117.146894,0,0,0,0,0,1,0,0,0
117.149472,0,1,0,1,0,0,1,0,1
117.163716,1,0,0,0,1,0,0,1,0
117.185809,0,1,1,0,0,0,0,0,0
117.200314,0,0,0,1,0,1,1,0,0
117.219245,1,0,0,0,0,0,0,0,0
117.246444,0,0,0,0,0,1,0,0,1
117.248637,0,0,0,1,1,0,0,0,0
117.259402,0,0,0,0,0,0,0,0,1
117.262995,0,0,0,0,0,0,0,1,0
117.285430,0,1,1,0,0,0,1,0,0
117.298280,1,0,1,1,0,1,0,0,0
117.300423,0,0,0,0,0,0,1,0,0
117.306655,0,0,0,0,1,0,0,1,0
117.312769,1,0,0,0,1,0,0,1,0
117.319416,0,0,0,0,0,0,0,0,1
117.334535,0,1,0,0,0,0,0,0,0
117.339511,0,1,0,0,0,0,0,0,0
117.350062,0,0,1,1,0,1,1,0,0
117.362719,1,0,0,0,1,0,0,0,1
117.396493,0,0,1,0,0,1,0,0,0
117.398727,0,0,0,1,0,0,0,0,0
117.450984,0,0,0,1,0,1,1,1,0
117.470984,1,1,0,0,1,0,1,0,1
117.488991,1,0,0,0,1,0,0,0,0
117.498889,0,0,0,1,0,1,0,1,1
117.499979,0,0,0,0,0,0,0,0,1
117.501863,0,0,1,0,0,0,1,1,0
117.513478,1,0,0,0,0,0,0,0,0
117.521773,0,1,0,0,1,0,0,0,0
117.530823,0,1,1,0,0,0,0,1,0
117.535659,0,0,1,0,0,0,0,0,0
117.551639,0,1,0,1,0,1,0,0,0
117.596777,0,0,0,0,0,1,0,0,0
117.601431,0,0,0,1,0,0,1,0,0
117.614888,1,0,0,0,0,0,1,0,1
117.618645,0,0,0,0,0,0,0,0,1
117.625742,1,0,0,0,0,0,0,0,0
117.646237,0,0,1,0,0,1,0,0,0
117.648220,0,0,0,1,1,0,1,0,1
117.658354,1,0,1,0,0,0,0,1,0
117.678231,0,0,1,0,0,0,0,0,0
117.678293,0,0,0,0,1,0,0,0,0
117.678323,0,0,0,0,0,0,0,1,0
117.685077,0,1,0,0,1,0,0,1,0
117.698125,0,0,0,1,0,1,1,0,0
117.708166,1,1,0,0,1,0,0,1,0
117.712260,0,1,0,0,0,0,0,0,0
117.735040,0,1,0,0,0,0,0,0,0
117.746889,0,0,0,0,0,1,0,0,0
117.751726,0,0,0,1,0,0,0,0,0
117.799638,0,0,0,1,0,1,0,0,0
117.832208,0,0,0,0,0,0,1,0,0
117.844854,1,0,0,0,0,0,0,0,0
117.848506,0,0,0,1,1,1,1,0,1
117.862002,1,0,0,0,1,0,0,1,0
117.880083,0,0,1,0,0,0,0,0,1
117.884422,0,1,0,0,0,0,1,1,1
117.901485,1,0,0,1,1,1,1,0,0
117.914076,1,1,1,0,0,0,0,1,1
117.914249,0,0,0,0,1,0,0,0,0
117.916422,0,0,1,0,0,0,0,0,1
117.944076,0,1,1,0,0,0,0,1,0
117.951959,0,0,1,1,0,1,1,0,1
117.962627,1,0,0,0,0,0,0,0,0
117.970618,0,1,0,0,1,0,0,1,0
117.987389,0,0,1,0,0,0,0,0,0
117.999995,0,1,0,1,0,1,0,0,0
118.046281,0,0,0,0,0,1,1,0,1
118.049095,0,0,0,1,0,0,0,0,1
118.061879,1,0,0,0,1,0,0,0,0
118.065891,0,0,0,0,0,0,0,1,0
118.086212,0,1,1,0,0,0,0,0,0
118.088994,0,0,1,0,0,0,1,0,0
118.100119,1,0,0,1,1,1,1,0,1
118.119628,1,0,0,0,1,0,0,1,0
118.140046,0,1,1,0,0,0,0,0,0
118.150966,0,0,0,1,0,1,1,0,0
118.164366,1,0,0,0,0,0,0,1,1
118.185781,0,1,0,0,0,0,0,0,0
118.201944,0,0,1,1,0,1,1,0,0
118.214444,1,0,0,0,1,0,0,1,1
118.234609,0,1,0,0,1,0,0,1,0
118.250769,0,0,1,1,0,1,0,0,1
118.255429,0,1,0,0,0,0,0,0,0
118.284790,0,0,1,0,0,0,0,0,0
118.296632,0,0,0,0,0,1,1,0,0
118.300892,0,0,0,1,0,0,0,0,0
118.304446,0,0,0,0,0,0,1,0,0
118.305595,0,0,0,0,0,0,0,0,1
118.315055,1,0,0,0,1,0,0,1,0
118.320352,1,0,0,0,1,0,0,1,0
118.335937,0,1,1,0,0,0,0,0,0
118.349476,0,1,0,1,0,1,0,0,0
118.398800,0,0,0,1,0,1,0,0,1
118.401745,0,0,0,0,0,0,0,0,1
118.430585,0,0,1,0,0,0,0,0,0
118.431559,0,0,0,0,0,0,1,0,0
118.440374,0,0,1,0,0,0,1,0,0
118.446873,1,0,0,0,1,1,0,1,1
118.449357,0,0,0,1,0,0,1,0,0
118.457898,1,0,0,0,0,0,0,0,0
118.458508,0,0,0,0,1,0,0,0,0
118.461821,1,0,0,0,0,0,0,0,0
118.476873,0,1,1,0,1,0,0,0,0
118.496107,0,0,0,0,0,1,0,0,0
118.497070,0,0,0,0,0,0,0,1,0
118.499350,0,0,0,1,0,0,1,1,1
118.510691,1,0,0,0,1,0,0,1,0
118.522132,0,1,0,0,0,0,0,0,0
118.523335,0,1,0,0,0,0,0,0,0
118.537382,0,1,1,0,0,0,0,0,0
118.551200,0,0,0,1,0,1,0,0,0
118.596300,0,0,0,0,0,1,1,0,1
118.600313,0,0,0,1,0,0,1,0,0
118.607633,1,0,0,0,1,0,0,0,0
118.611295,1,0,0,0,0,0,0,0,0
118.636169,0,0,1,0,1,0,0,0,1
118.648031,0,0,0,1,0,1,0,1,1
118.649689,0,0,0,0,0,0,1,0,0
118.666389,1,0,1,0,1,0,0,1,0
118.678031,0,1,1,0,0,0,0,1,0
118.686389,0,1,0,0,0,0,0,0,0
118.699954,0,1,0,1,0,1,0,0,1
118.734441,0,0,1,0,0,0,0,0,0
118.746379,0,0,0,0,0,1,0,0,0
118.749020,0,0,0,1,0,0,0,0,0
118.796736,0,0,0,0,0,1,0,0,0
118.799556,0,0,0,1,0,0,0,0,0
118.846382,0,0,0,0,0,1,1,0,1
118.848267,0,0,0,1,0,0,0,0,0
118.866221,1,0,0,0,1,0,0,0,1
118.870778,0,0,0,0,0,0,1,1,1
118.885367,1,0,1,0,1,0,1,0,0
118.899305,1,1,1,1,1,1,0,1,0
118.900084,0,0,0,0,0,0,1,0,0
118.910694,1,0,1,0,0,0,1,1,1
118.919378,0,1,0,0,1,0,0,0,0
118.930694,1,1,0,0,1,0,0,1,0
118.948727,0,0,1,1,0,1,1,1,0
118.960111,1,1,0,0,1,0,0,0,1
118.975109,0,1,0,0,0,0,0,1,0
118.995408,0,1,1,0,0,0,0,0,0
119.001143,0,0,0,1,0,1,1,0,1
119.015296,1,0,0,0,1,0,0,0,0
119.039476,0,0,1,0,0,0,0,0,0
119.050103,0,0,0,1,0,1,0,0,0
119.098523,0,0,0,1,0,1,0,0,1
119.138352,0,0,1,0,0,0,1,1,1
119.146259,0,0,0,0,0,1,1,0,0
119.148680,1,0,0,1,0,0,0,0,1
119.152413,0,0,0,0,1,0,0,0,0
119.165359,1,1,0,0,0,0,1,0,0
119.171065,0,0,1,0,0,0,0,1,0
119.184221,1,0,1,0,1,0,0,1,0
119.198081,0,1,0,1,1,1,1,0,1
119.212722,1,1,0,0,0,0,0,0,0
119.235617,0,0,1,0,1,0,0,1,0
119.246800,0,0,0,0,0,1,0,0,1
119.251790,0,0,0,1,0,0,0,1,0
119.258476,0,1,0,0,0,0,1,0,0
119.271848,1,1,0,0,1,0,0,1,0
119.277690,0,0,1,0,0,0,0,0,0
119.299914,0,1,0,1,0,1,1,0,0
119.313028,1,0,0,0,1,0,0,1,0
119.334378,0,1,0,0,0,0,0,0,0
119.349847,0,0,0,1,0,1,1,0,1
119.352496,0,0,0,0,0,0,0,0,1
119.362636,1,0,0,0,0,0,0,0,0
119.383050,0,0,1,0,1,0,0,0,0
119.384828,0,0,1,0,0,0,0,0,0
119.400577,0,0,0,1,0,1,1,0,1
119.413713,1,0,0,0,0,0,0,0,0
119.431588,0,0,1,0,1,0,0,0,0
119.449108,0,0,0,1,0,1,0,1,0
119.470174,0,1,0,0,0,0,0,0,1
119.484705,0,0,0,0,0,0,1,1,0
119.500538,1,0,1,1,1,1,1,0,1
119.513068,1,1,0,0,0,0,0,0,0
119.533639,0,0,1,0,1,0,0,1,0
119.546058,0,0,0,0,0,1,0,1,1
119.549428,0,0,0,1,0,0,1,0,0
119.553639,0,1,0,0,0,0,0,0,0
119.567920,1,1,0,0,0,0,0,0,0
119.572020,0,0,0,0,1,0,0,1,0
119.584391,0,0,1,0,0,0,0,0,0
119.596141,0,1,0,0,0,1,0,0,1
119.600132,0,0,0,1,0,0,0,0,0
119.626482,0,0,1,0,0,0,1,0,0
119.643230,1,0,0,0,1,0,0,0,0
119.650968,0,0,0,1,0,1,1,0,1
119.669434,1,0,0,0,0,0,0,1,0
119.689871,0,1,1,0,1,0,0,0,0
119.692463,0,0,0,0,0,0,0,1,0
119.699226,0,0,0,1,0,1,1,0,0
119.707038,0,0,0,0,0,0,0,0,1
119.709439,1,0,0,0,1,0,0,0,0
119.722051,0,1,0,0,0,0,0,0,0
119.746892,0,0,1,0,0,1,0,0,1
119.750111,0,0,0,1,0,0,1,1,0
119.770111,1,1,0,0,0,0,0,0,0
119.780594,0,0,1,0,1,0,0,1,0
119.800825,0,1,0,1,0,1,1,0,0
119.815022,1,0,0,0,1,0,0,1,1
119.836019,0,1,0,0,0,0,0,0,0
119.849184,0,0,1,1,0,1,1,0,0
119.863641,1,0,0,0,0,0,0,0,0
119.900142,0,0,0,1,1,1,0,1,0
119.925420,0,1,0,0,0,0,1,0,0
119.936063,1,0,0,0,1,0,0,0,1
119.946018,0,0,0,0,0,1,0,0,0
119.949864,0,0,0,1,0,0,1,1,1
119.969864,1,1,1,0,1,0,0,1,1
119.989864,0,1,1,0,0,0,0,0,0
119.999974,0,0,1,1,0,1,0,0,1
120.026181,0,0,0,0,0,0,1,0,0
120.037750,1,0,1,0,1,0,0,0,0
120.048978,0,0,0,1,0,1,1,1,1
120.068978,1,1,0,0,0,0,0,0,0
120.077669,0,0,0,0,1,0,0,1,0
120.079327,0,0,1,0,0,0,0,0,0
120.096630,0,0,0,0,0,1,0,0,1
120.098376,0,1,0,1,0,0,0,0,0
120.126630,0,0,1,0,0,0,0,0,0
120.146400,0,0,0,0,0,1,1,0,1
120.151678,0,0,0,1,0,0,0,0,0
120.159271,1,0,0,0,0,0,1,0,0
120.166388,0,0,0,0,1,0,0,0,0
120.167764,0,0,0,0,0,0,0,1,0
120.177846,1,0,1,0,1,0,0,0,0
120.197470,0,1,0,0,0,1,0,0,0
120.201048,0,0,0,1,0,0,1,0,1
120.218377,1,0,0,0,1,0,0,1,0
120.239088,0,1,1,0,0,0,0,0,0
120.246562,0,0,0,0,0,1,0,1,1
120.248716,0,0,0,1,0,0,0,0,0
120.274130,0,1,0,0,0,0,1,0,0
120.284618,1,0,1,0,0,0,0,0,0
120.298657,0,0,0,1,1,1,1,0,0
120.299657,0,0,0,0,0,0,0,1,0
120.313801,1,0,0,0,1,0,0,0,1
120.320465,0,1,0,0,0,0,0,1,0
120.348313,0,1,1,1,0,1,0,0,1
120.385813,0,0,1,0,0,0,1,0,0
120.395903,1,0,0,0,1,0,0,0,0
120.400537,0,0,0,1,0,1,1,1,1
120.415785,1,0,0,0,1,0,0,1,0
120.430537,0,1,1,0,0,0,0,0,0
120.442025,0,1,0,0,0,0,0,0,0
120.446842,0,0,0,0,0,1,0,0,0
120.448116,0,0,0,1,0,0,1,0,1
120.466449,1,0,0,0,0,0,0,0,0
120.484838,0,0,1,0,1,0,0,0,0
120.496324,0,0,0,0,0,1,0,0,1
120.497190,0,0,0,0,0,0,0,1,0
120.499197,0,0,0,1,0,0,1,0,0
120.518410,1,1,0,0,0,0,0,0,0
120.528466,0,0,1,0,1,0,0,0,0
120.550399,0,0,0,1,0,1,0,0,0
120.596326,0,0,0,0,0,1,0,1,1
120.598176,0,0,0,1,0,0,0,0,1
120.618846,0,1,0,0,0,0,0,0,0
120.631086,0,0,1,0,0,0,0,0,0
120.635143,0,0,1,0,0,0,0,0,0
120.644468,0,0,0,0,0,0,1,0,0
120.646836,0,0,0,0,0,1,1,0,0
120.649719,0,0,0,1,0,0,0,0,0
120.662843,1,0,0,0,1,0,1,1,1
120.666673,1,0,0,0,1,0,0,0,0
120.682843,1,1,0,0,0,0,0,0,0
120.696497,0,0,1,0,1,1,0,1,1
120.701741,0,0,0,1,0,0,1,1,0
120.714630,1,0,0,0,0,0,0,0,0
120.724794,0,1,0,0,1,0,0,0,0
120.725598,0,1,0,0,0,0,0,0,0
120.726047,0,0,0,0,0,0,0,1,0
120.729889,0,0,1,0,0,0,0,0,0
120.746006,0,0,0,0,0,1,0,0,0
120.748574,0,1,0,1,0,0,0,0,0
120.750668,0,0,0,0,0,0,1,0,1
120.764002,1,0,0,0,0,0,0,0,0
120.785007,0,0,1,0,1,0,0,0,0
120.801387,0,0,0,1,0,1,0,1,1
120.831387,0,1,1,0,0,0,1,0,0
120.850517,1,0,0,1,0,1,0,0,1
120.854515,0,0,0,0,0,0,1,0,0
120.859503,0,0,0,0,1,0,0,1,0
120.868319,1,0,0,0,1,0,0,1,0
120.879514,0,1,0,0,0,0,0,0,0
120.880776,0,0,1,0,0,0,0,0,0
120.898271,0,1,0,1,0,1,1,0,1
120.914244,1,0,0,0,0,0,0,0,0
120.934051,0,0,1,0,1,0,0,0,0
120.949663,0,0,0,1,0,1,1,1,1
120.969663,1,1,0,0,0,0,0,0,0
120.984646,0,0,1,0,1,0,0,1,0
121.000986,0,0,0,1,0,1,0,0,0
121.008529,0,1,0,0,0,0,0,0,0
121.050769,0,0,0,1,0,1,1,0,1
121.061460,1,0,0,0,0,0,1,0,0
121.067214,0,0,0,0,0,0,0,0,1
121.070230,0,0,0,0,1,0,0,0,0
121.077267,1,0,0,0,0,0,0,0,0
121.078885,0,0,0,0,1,0,0,0,0
121.086268,0,0,1,0,0,0,0,1,0
121.096065,0,0,0,0,0,1,0,1,0
121.097465,0,0,1,0,0,0,0,0,0
121.101857,0,0,0,1,0,0,1,0,1
121.112681,1,1,0,0,0,0,0,0,0
121.117457,0,1,0,0,0,0,0,0,0
121.128952,0,0,0,0,1,0,0,1,0
121.133342,0,0,1,0,0,0,0,0,0
121.150074,0,1,0,1,0,1,0,0,0
121.198098,0,0,0,1,0,1,1,0,1
121.213214,1,0,0,0,1,0,0,0,0
121.222527,0,0,0,0,0,0,0,0,1
121.226053,0,0,0,0,0,0,0,1,0
121.227068,0,0,0,0,0,0,1,0,0
121.237171,1,0,1,0,1,0,0,1,0
121.246669,0,1,0,0,0,1,0,0,1
121.248484,0,0,0,1,0,0,0,0,0
121.253075,0,0,1,0,0,0,0,0,0
121.263191,0,1,0,0,0,0,0,0,0
121.278891,0,0,1,0,0,0,1,0,0
121.296797,1,0,0,0,1,1,0,1,1
121.300633,0,0,0,1,0,0,0,0,0
121.325516,0,1,0,0,0,0,1,0,0
121.336569,1,0,1,0,1,0,0,1,0
121.346756,0,0,0,0,0,1,0,0,0
121.347591,0,0,0,0,0,0,0,0,1
121.351132,0,0,0,1,0,0,1,0,0
121.356959,0,1,0,0,0,0,0,0,0
121.365233,1,0,0,0,0,0,0,0,0
121.382300,0,0,1,0,1,0,0,0,0
121.396632,0,0,0,0,0,1,0,1,1
121.399756,0,0,0,1,0,0,1,0,0
121.419084,1,1,0,0,1,0,0,0,0
121.427789,0,0,1,0,0,0,0,1,0
121.451090,0,1,0,1,0,1,1,0,1
121.463629,1,0,0,0,0,0,0,0,0
121.479901,0,0,0,0,1,0,0,0,0
121.480535,0,0,0,0,0,0,0,1,0
121.486609,0,0,1,0,0,0,0,0,0
121.500992,0,1,0,1,0,1,1,0,0
121.515482,1,0,0,0,0,0,0,0,0
121.550272,0,0,0,1,0,1,0,0,1
121.582323,0,0,1,0,1,0,0,0,0
121.584398,0,0,0,0,0,0,1,0,0
121.596888,1,0,0,0,0,1,0,1,1
121.601190,0,0,0,1,0,0,1,0,0
121.614607,1,0,0,0,1,0,0,0,0
121.615881,0,0,0,0,1,0,0,0,1
121.626888,0,1,1,0,0,0,0,0,0
121.649536,0,0,1,1,0,1,0,1,1
121.659499,0,0,0,0,0,0,1,1,0
121.669536,1,1,0,0,1,0,0,0,0
121.679511,0,1,0,0,0,0,0,1,0
121.685780,0,0,1,0,0,0,0,0,0
121.698215,0,0,0,1,0,1,1,0,0
121.704218,0,1,0,0,0,0,0,0,0
121.709754,1,0,0,0,0,0,0,0,1
121.748573,0,0,1,1,0,1,1,0,0
121.752901,0,0,0,0,0,0,0,0,1
121.767587,1,0,0,0,1,0,0,1,0
121.785693,0,0,1,0,0,0,0,0,0
121.797147,0,1,0,0,0,1,0,0,0
121.800712,0,0,0,1,0,0,0,0,1
121.830762,0,0,1,0,0,0,0,0,0
121.851755,0,0,0,1,0,1,1,0,0
121.867809,1,0,0,0,0,0,0,0,1
121.896067,0,0,0,0,1,1,1,0,0
121.897056,0,0,0,0,1,0,0,0,1
121.897433,0,0,0,0,0,0,0,1,0
121.897900,0,0,1,0,0,0,0,1,0
121.899886,0,0,0,1,0,0,1,0,0
121.912170,1,0,0,0,1,0,0,1,0
121.918610,1,1,0,0,0,0,0,0,0
121.927722,0,1,1,0,1,0,0,0,0
121.933043,0,1,0,0,0,0,0,0,0
121.948722,0,0,0,1,0,1,0,0,1
121.985327,0,0,1,0,0,0,0,1,0
121.996871,0,0,0,0,0,1,1,0,0
121.998591,0,0,0,1,0,0,1,0,0
122.007702,1,1,0,0,0,0,0,0,0
122.008147,0,0,0,0,1,0,0,1,1
122.014758,1,0,0,0,1,0,0,1,0
122.038147,0,1,1,0,0,0,0,0,0
122.042636,0,1,0,0,0,0,0,0,0
122.048872,0,0,0,1,0,1,1,0,0
122.059765,1,0,0,0,1,0,0,0,0
122.065120,0,0,0,0,0,0,0,0,1
122.095295,0,0,1,0,0,0,0,1,0
122.100288,0,0,0,1,0,1,1,0,1
122.119678,1,1,0,0,1,0,0,1,0
122.140226,0,1,1,0,0,0,0,0,0
122.146212,0,0,0,0,0,1,0,0,0
122.147134,0,0,0,0,0,0,0,0,1
122.149410,0,0,0,1,0,0,0,0,0
122.151813,0,0,0,0,0,0,1,0,0
122.170639,1,0,0,0,1,0,0,1,0
122.179930,0,0,1,0,0,0,0,0,0
122.198152,0,1,0,1,0,1,0,0,1
122.232426,0,0,1,0,0,0,1,0,0
122.244796,1,0,0,0,1,0,0,1,0
122.248290,0,0,0,1,0,1,1,0,1
122.268138,1,1,0,0,1,0,0,0,0
122.269531,0,0,0,0,0,0,0,1,0
122.287541,0,0,1,0,0,0,0,0,0
122.299430,0,1,0,1,0,1,0,0,1
122.329528,0,0,1,0,0,0,1,0,0
122.348173,1,0,0,1,1,1,0,1,0
122.357830,0,0,0,0,0,0,1,0,1
122.369816,1,1,0,0,1,0,0,0,0
122.397432,0,0,1,0,0,1,0,1,1
122.399741,0,0,0,1,0,0,1,0,0
122.409940,1,0,0,0,1,0,0,0,0
122.427432,0,1,1,0,0,0,0,1,0
122.451373,0,1,0,1,0,1,1,0,0
122.469442,1,0,0,0,0,0,0,0,1
122.501574,0,0,1,1,0,1,0,0,1
122.532355,0,0,1,0,0,0,0,0,0
122.538600,0,0,0,0,0,0,1,0,0
122.548052,0,0,0,1,0,1,0,0,0
122.548326,0,0,0,0,1,0,0,1,0
122.548463,0,0,0,0,0,0,0,0,1
122.555310,1,0,0,0,0,0,1,0,0
122.568602,1,1,0,0,1,0,0,0,0
122.579635,0,0,1,0,1,0,0,1,0
122.601621,0,1,0,1,0,1,0,1,1
122.630032,0,1,0,0,0,0,0,0,0
122.641079,0,0,1,0,0,0,0,0,0
122.650346,0,0,0,1,0,1,1,0,1
122.656897,0,0,0,0,0,0,1,0,0
122.660547,1,0,0,0,0,0,0,0,0
122.667119,1,0,0,0,0,0,0,0,0
122.687005,0,0,1,0,0,0,0,0,0
122.698451,0,0,0,1,0,1,0,0,1
122.702229,0,0,0,0,1,0,1,1,0
122.722229,1,1,0,0,1,0,0,0,0
122.724727,0,0,0,0,0,0,0,1,0
122.728561,0,0,1,0,1,0,0,1,0
122.746523,0,1,0,0,0,1,0,0,1
122.750152,0,1,0,1,0,0,1,0,0
122.766761,1,0,0,0,1,0,0,1,0
122.778407,0,0,1,0,0,0,0,0,0
122.788332,0,1,0,0,0,0,0,0,0
122.798602,0,0,0,1,0,1,1,0,0
122.816908,1,0,0,0,1,0,0,1,0
122.846067,0,1,0,0,0,1,0,0,1
122.850470,0,0,0,1,0,0,0,0,0
122.855182,0,0,0,0,0,0,1,0,1
122.871120,1,0,0,0,1,0,0,0,0
122.883391,0,0,1,0,0,0,0,1,0
122.887282,0,0,1,0,0,0,0,0,0
122.899451,0,0,0,1,0,1,0,0,1
122.904653,0,1,0,0,0,0,1,0,0
122.920653,1,0,0,0,0,0,0,0,0
122.930880,0,0,1,0,1,0,0,1,0
122.949290,0,0,0,1,0,1,0,0,1
122.958008,0,1,0,0,0,0,1,0,0
122.973117,1,0,0,0,0,0,0,0,0
122.977190,0,0,0,0,1,0,0,1,0
122.980110,0,0,1,0,0,0,0,0,0
122.997408,0,1,0,0,0,1,0,0,0
122.997704,0,0,0,0,0,0,0,0,1
123.000535,0,0,0,1,0,0,1,0,0
123.019212,1,0,0,0,1,0,0,1,0
123.033133,0,0,1,0,0,0,0,0,0
123.046906,0,1,0,0,0,1,0,0,1
123.048371,0,0,0,1,0,0,1,0,0
123.066109,1,0,0,0,0,0,0,0,0
123.068057,0,0,0,0,1,0,0,1,0
123.081168,0,0,1,0,0,0,0,0,0
123.098053,0,1,0,1,0,1,0,0,0
123.146107,0,0,0,0,0,1,1,0,1
123.150275,0,0,0,1,0,0,0,0,1
123.162652,1,0,0,0,1,0,1,1,0
123.182652,1,1,1,0,1,0,0,0,0
123.183652,0,0,1,0,0,0,0,0,0
123.198741,0,0,0,1,0,1,1,0,1
123.212404,1,0,0,0,1,0,0,0,0
123.229101,0,0,1,0,0,0,0,0,0
123.250660,0,0,0,1,0,1,0,0,1
123.254556,0,0,0,0,0,0,0,1,0
123.278535,0,1,0,0,0,0,1,1,0
123.284572,0,0,1,0,0,0,0,0,0
123.298098,1,0,0,1,0,1,0,0,0
123.298317,0,0,0,0,0,0,0,0,1
123.307164,0,1,0,0,0,0,1,0,0
123.324949,1,0,0,0,1,0,0,0,0
123.327040,0,0,0,0,1,0,0,1,0
123.336084,0,0,1,0,0,0,0,1,0
123.348714,0,1,0,1,0,1,0,0,0
123.354774,0,0,0,0,0,0,1,0,1
123.365713,1,1,0,0,1,0,0,1,0
123.385087,0,0,1,0,0,0,0,0,0
123.387241,0,1,0,0,0,0,0,0,0
123.401567,0,0,0,1,0,1,1,0,1
123.416074,1,0,0,0,0,0,0,0,0
123.438093,0,0,1,0,1,0,0,1,0
123.449630,0,0,0,1,0,1,1,0,0
123.463130,1,1,0,0,1,0,0,1,0
123.473085,0,0,0,0,0,0,0,0,1
123.485605,0,1,0,0,0,0,0,0,0
123.496860,0,0,0,0,0,1,0,0,0
123.497458,0,0,0,0,0,0,0,0,1
123.501001,0,0,0,1,0,0,0,0,0
123.502082,0,0,0,0,0,0,1,0,0
123.512430,1,0,1,0,1,0,0,1,0
123.537214,0,1,1,0,0,0,0,0,0
123.548937,0,0,0,1,0,1,0,0,0
123.596248,0,0,0,0,0,1,1,0,0
123.601370,0,0,0,1,0,0,0,0,0
123.610686,1,0,0,0,1,0,1,0,0
123.630361,1,0,0,0,1,0,0,1,1
123.650467,0,1,0,1,0,1,0,1,0
123.666748,0,0,1,0,0,0,0,0,0
123.674919,0,1,0,0,0,0,1,0,1
123.689710,1,0,0,0,0,0,0,0,0
123.701828,0,0,0,1,1,1,0,1,1
123.709854,0,0,1,0,0,0,1,0,1
123.720163,1,0,0,0,0,0,0,0,0
123.725589,0,1,0,0,0,0,0,0,0
123.729191,0,0,0,0,1,0,0,0,0
123.730432,0,0,0,0,0,0,0,1,0
123.735722,0,0,1,0,0,0,0,0,0
123.749757,0,0,1,1,0,1,1,0,0
123.759911,1,1,0,0,0,0,0,0,1
123.796156,0,0,1,0,0,1,0,0,0
123.798071,0,0,0,1,0,0,0,0,0
123.851373,0,0,0,1,0,1,1,0,1
123.861373,1,0,0,0,1,0,0,1,1
123.875667,0,0,0,0,0,0,1,0,0
123.883189,0,1,1,0,1,0,0,0,0
123.891974,1,0,1,0,1,0,0,1,0
123.899455,0,0,0,1,0,1,0,1,0
123.918570,0,1,0,0,0,0,0,0,1
123.920757,0,1,0,0,0,0,1,0,0
123.936471,1,0,0,0,1,0,0,0,0
123.948190,0,0,0,1,0,1,0,1,1
123.957217,0,0,1,0,0,0,0,0,0
123.978190,0,1,1,0,0,0,0,0,0
123.981566,0,0,0,0,0,0,1,0,0
123.999507,1,0,0,1,0,1,1,0,0
124.013612,1,0,0,0,1,0,0,1,0
124.039319,0,1,0,0,0,0,0,0,0
124.046262,0,0,0,0,1,1,0,1,0
124.050723,0,0,0,1,0,0,1,0,1
124.055852,0,0,0,0,0,0,0,0,1
124.065008,1,0,0,0,1,0,0,0,0
124.070395,0,1,0,0,0,0,0,0,0
124.089342,0,0,1,0,0,0,0,0,0
124.091356,0,0,1,0,0,0,0,0,0
124.099297,0,0,0,1,0,1,1,1,0
124.119297,1,1,0,0,1,0,0,1,0
124.148508,0,1,0,1,0,1,0,0,0
124.201586,0,0,0,1,0,1,0,0,0
124.246004,0,0,0,0,0,1,1,0,0
124.248311,0,0,0,1,0,0,0,0,1
124.258410,1,0,0,0,1,0,1,1,0
124.278352,1,0,1,0,1,0,1,0,0
124.278381,0,0,0,0,0,0,0,1,1
124.288360,1,1,0,0,0,0,0,0,0
124.298063,0,0,0,1,1,1,0,0,1
124.298222,0,0,0,0,0,0,1,0,1
124.306119,0,1,0,0,0,0,0,1,0
124.310591,1,0,1,0,1,0,0,1,0
124.326767,0,1,0,0,0,0,0,0,0
124.328625,0,0,1,0,0,0,0,0,1
124.334017,0,1,1,0,0,0,0,0,0
124.351527,0,0,0,1,0,1,0,0,0
124.362873,0,0,1,0,0,0,1,0,1
124.377079,1,0,0,0,1,0,0,1,0
124.400784,0,1,1,1,0,1,1,0,0
124.411310,1,0,0,0,0,0,0,0,0
124.448392,0,0,0,1,0,1,0,0,0
124.496655,0,0,0,0,1,1,0,0,0
124.497162,0,0,0,0,0,0,1,1,0
124.497581,0,0,0,0,0,0,0,0,1
124.500382,0,0,0,1,0,0,0,0,0
124.510640,1,0,0,0,0,0,0,0,1
124.512123,0,0,0,0,1,0,0,0,0
124.526619,0,1,0,0,0,0,0,0,1
124.527100,0,0,0,0,0,0,0,1,0
124.535508,0,0,1,0,0,0,0,0,0
124.546020,0,0,1,0,0,1,1,0,1
124.550141,0,1,0,1,0,0,0,0,0
124.556318,1,0,0,0,1,0,1,0,0
124.563421,0,0,1,0,0,0,0,0,0
124.576058,1,0,1,0,0,0,0,1,0
124.596237,0,1,0,0,0,1,0,0,1
124.600857,0,0,0,1,1,0,0,1,0
124.621770,0,1,0,0,0,0,1,0,0
124.634026,1,0,1,0,0,0,0,0,0
124.646302,0,0,0,0,0,1,0,0,0
