bin,total,finish1->start2,finish2->start3,start1->finish1,start2->finish2,start3->finish3
3.647000,0.000076,0.000000,0.000076,0.000000,0.000000,0.000000
3.829000,0.000076,0.000000,0.000076,0.000000,0.000000,0.000000
4.000000,0.000076,0.000000,0.000076,0.000000,0.000000,0.000000
5.513000,0.000076,0.000000,0.000000,0.000076,0.000000,0.000000
6.000000,0.000076,0.000000,0.000000,0.000000,0.000076,0.000000
9.864000,0.000076,0.000000,0.000000,0.000000,0.000076,0.000000
10.946000,0.000076,0.000030,0.000000,0.000002,0.000000,0.000044
10.979000,0.000076,0.000046,0.000017,0.000010,0.000000,0.000003
11.182000,0.000076,0.000000,0.000000,0.000060,0.000017,0.000000
11.468000,0.000076,0.000000,0.000000,0.000000,0.000076,0.000000
13.101000,0.000076,0.000011,0.000000,0.000000,0.000000,0.000065
13.462000,0.000076,0.000025,0.000000,0.000000,0.000000,0.000051
13.929000,0.000076,0.000012,0.000016,0.000043,0.000000,0.000005
14.592000,0.000076,0.000015,0.000000,0.000020,0.000000,0.000041
14.958000,0.000076,0.000065,0.000000,0.000011,0.000000,0.000000
15.096000,0.000076,0.000022,0.000005,0.000000,0.000007,0.000042
16.310000,0.000076,0.000014,0.000030,0.000000,0.000000,0.000032
16.842000,0.000076,0.000000,0.000000,0.000000,0.000047,0.000029
17.438000,0.000076,0.000030,0.000000,0.000000,0.000046,0.000000
17.453000,0.000076,0.000021,0.000000,0.000010,0.000040,0.000005
17.545000,0.000076,0.000000,0.000000,0.000000,0.000076,0.000000
17.818000,0.000076,0.000000,0.000008,0.000040,0.000000,0.000028
18.150000,0.000076,0.000018,0.000000,0.000000,0.000000,0.000059
18.447000,0.000076,0.000013,0.000000,0.000000,0.000017,0.000046
20.628000,0.000076,0.000024,0.000000,0.000032,0.000000,0.000021
20.776000,0.000076,0.000017,0.000000,0.000025,0.000000,0.000035
20.983000,0.000076,0.000000,0.000052,0.000000,0.000024,0.000000
21.028000,0.000076,0.000037,0.000000,0.000039,0.000000,0.000000
21.478000,0.000076,0.000052,0.000024,0.000000,0.000000,0.000000
21.625000,0.000076,0.000033,0.000000,0.000012,0.000009,0.000023
22.664000,0.000076,0.000009,0.000045,0.000004,0.000019,0.000000
23.102000,0.000076,0.000042,0.000000,0.000000,0.000031,0.000003
23.305000,0.000076,0.000031,0.000000,0.000021,0.000000,0.000024
23.354000,0.000076,0.000031,0.000004,0.000000,0.000041,0.000000
23.482000,0.000076,0.000015,0.000000,0.000045,0.000016,0.000000
23.491000,0.000076,0.000060,0.000000,0.000000,0.000017,0.000000
23.960000,0.000076,0.000017,0.000000,0.000054,0.000000,0.000004
24.095000,0.000076,0.000020,0.000000,0.000000,0.000000,0.000057
24.438000,0.000076,0.000051,0.000000,0.000000,0.000000,0.000025
24.508000,0.000076,0.000037,0.000039,0.000000,0.000000,0.000000
24.764000,0.000076,0.000008,0.000027,0.000000,0.000000,0.000041
24.799000,0.000076,0.000008,0.000015,0.000000,0.000053,0.000000
24.983000,0.000076,0.000036,0.000000,0.000023,0.000014,0.000002
25.002000,0.000076,0.000000,0.000000,0.000000,0.000052,0.000024
25.103000,0.000076,0.000041,0.000007,0.000000,0.000028,0.000000
25.860000,0.000076,0.000019,0.000000,0.000057,0.000000,0.000000
26.135000,0.000076,0.000064,0.000012,0.000000,0.000000,0.000000
27.340000,0.000076,0.000063,0.000013,0.000000,0.000000,0.000000
27.498000,0.000076,0.000037,0.000000,0.000000,0.000000,0.000039
27.513000,0.000076,0.000040,0.000000,0.000024,0.000000,0.000012
27.529000,0.000076,0.000015,0.000000,0.000054,0.000007,0.000000
27.617000,0.000076,0.000054,0.000015,0.000007,0.000000,0.000000
27.771000,0.000076,0.000015,0.000000,0.000000,0.000061,0.000000
27.973000,0.000076,0.000025,0.000000,0.000005,0.000000,0.000046
28.381000,0.000076,0.000014,0.000023,0.000000,0.000000,0.000039
28.855000,0.000076,0.000000,0.000000,0.000000,0.000038,0.000038
29.175000,0.000076,0.000036,0.000012,0.000000,0.000019,0.000010
29.495000,0.000076,0.000000,0.000003,0.000008,0.000026,0.000039
29.849000,0.000076,0.000000,0.000000,0.000011,0.000028,0.000037
30.076000,0.000076,0.000032,0.000042,0.000001,0.000000,0.000001
30.284000,0.000076,0.000032,0.000006,0.000019,0.000008,0.000010
30.303000,0.000076,0.000051,0.000000,0.000004,0.000000,0.000021
30.827000,0.000076,0.000045,0.000017,0.000000,0.000000,0.000015
31.026000,0.000076,0.000031,0.000000,0.000000,0.000045,0.000000
31.140000,0.000076,0.000000,0.000000,0.000015,0.000061,0.000000
31.911000,0.000076,0.000000,0.000052,0.000007,0.000000,0.000017
32.089000,0.000076,0.000004,0.000000,0.000023,0.000049,0.000000
32.184000,0.000076,0.000011,0.000000,0.000047,0.000018,0.000000
32.387000,0.000076,0.000002,0.000000,0.000042,0.000031,0.000001
32.566000,0.000076,0.000000,0.000021,0.000011,0.000000,0.000044
32.839000,0.000076,0.000037,0.000005,0.000009,0.000020,0.000004
33.039000,0.000076,0.000000,0.000000,0.000000,0.000063,0.000014
33.065000,0.000076,0.000003,0.000019,0.000000,0.000028,0.000026
33.117000,0.000076,0.000046,0.000022,0.000008,0.000000,0.000000
33.562000,0.000076,0.000000,0.000000,0.000041,0.000035,0.000000
33.597000,0.000076,0.000005,0.000000,0.000029,0.000033,0.000010
33.710000,0.000076,0.000000,0.000009,0.000059,0.000004,0.000005
33.822000,0.000076,0.000010,0.000000,0.000012,0.000022,0.000032
34.083000,0.000076,0.000023,0.000000,0.000000,0.000040,0.000014
34.092000,0.000076,0.000038,0.000000,0.000016,0.000000,0.000023
34.138000,0.000076,0.000066,0.000010,0.000000,0.000000,0.000000
34.319000,0.000076,0.000001,0.000000,0.000025,0.000000,0.000050
34.510000,0.000076,0.000020,0.000005,0.000011,0.000033,0.000007
35.160000,0.000076,0.000002,0.000000,0.000036,0.000004,0.000033
35.254000,0.000076,0.000035,0.000008,0.000009,0.000000,0.000023
35.511000,0.000076,0.000049,0.000004,0.000017,0.000000,0.000006
35.618000,0.000076,0.000024,0.000008,0.000000,0.000006,0.000038
36.194000,0.000076,0.000018,0.000000,0.000017,0.000000,0.000042
36.308000,0.000076,0.000048,0.000000,0.000000,0.000008,0.000020
36.447000,0.000076,0.000011,0.000009,0.000027,0.000018,0.000012
37.118000,0.000076,0.000000,0.000000,0.000000,0.000032,0.000045
37.191000,0.000076,0.000046,0.000000,0.000005,0.000000,0.000024
37.892000,0.000076,0.000008,0.000000,0.000022,0.000046,0.000000
38.102000,0.000076,0.000028,0.000000,0.000032,0.000009,0.000007
38.218000,0.000076,0.000009,0.000000,0.000063,0.000004,0.000000
38.467000,0.000076,0.000002,0.000017,0.000022,0.000033,0.000002
38.509000,0.000076,0.000027,0.000034,0.000000,0.000000,0.000015
38.781000,0.000076,0.000023,0.000013,0.000016,0.000005,0.000019
38.944000,0.000076,0.000000,0.000018,0.000000,0.000019,0.000039
39.272000,0.000076,0.000036,0.000007,0.000018,0.000015,0.000000
39.300000,0.000076,0.000009,0.000000,0.000000,0.000038,0.000028
39.384000,0.000076,0.000000,0.000000,0.000000,0.000076,0.000000
39.748000,0.000076,0.000047,0.000017,0.000009,0.000000,0.000003
39.763000,0.000076,0.000000,0.000032,0.000000,0.000040,0.000004
39.990000,0.000076,0.000027,0.000000,0.000000,0.000000,0.000049
40.408000,0.000076,0.000039,0.000000,0.000021,0.000000,0.000016
40.454000,0.000076,0.000051,0.000000,0.000013,0.000011,0.000000
40.698000,0.000076,0.000012,0.000000,0.000000,0.000064,0.000000
41.020000,0.000076,0.000011,0.000007,0.000041,0.000016,0.000000
41.507000,0.000076,0.000010,0.000001,0.000049,0.000017,0.000000
42.147000,0.000076,0.000013,0.000020,0.000000,0.000027,0.000016
42.194000,0.000076,0.000010,0.000020,0.000012,0.000027,0.000008
42.291000,0.000076,0.000016,0.000010,0.000020,0.000000,0.000030
42.347000,0.000076,0.000038,0.000000,0.000000,0.000000,0.000038
42.383000,0.000076,0.000019,0.000015,0.000015,0.000006,0.000022
42.441000,0.000076,0.000015,0.000000,0.000021,0.000000,0.000040
42.498000,0.000076,0.000006,0.000000,0.000023,0.000043,0.000004
42.978000,0.000076,0.000024,0.000000,0.000017,0.000000,0.000035
43.044000,0.000076,0.000011,0.000000,0.000001,0.000007,0.000058
43.346000,0.000076,0.000039,0.000000,0.000014,0.000020,0.000004
43.547000,0.000076,0.000027,0.000000,0.000027,0.000000,0.000022
43.720000,0.000076,0.000010,0.000000,0.000048,0.000003,0.000016
43.979000,0.000076,0.000012,0.000000,0.000000,0.000033,0.000031
44.066000,0.000076,0.000019,0.000013,0.000000,0.000027,0.000017
44.197000,0.000076,0.000000,0.000000,0.000025,0.000001,0.000050
44.382000,0.000076,0.000014,0.000000,0.000017,0.000000,0.000045
44.383000,0.000076,0.000008,0.000027,0.000010,0.000030,0.000000
44.425000,0.000076,0.000006,0.000046,0.000000,0.000023,0.000000
44.683000,0.000076,0.000034,0.000000,0.000022,0.000000,0.000020
44.694000,0.000076,0.000016,0.000000,0.000029,0.000031,0.000000
44.906000,0.000076,0.000015,0.000010,0.000012,0.000039,0.000000
45.020000,0.000076,0.000000,0.000011,0.000000,0.000008,0.000057
45.086000,0.000076,0.000009,0.000004,0.000011,0.000031,0.000020
45.407000,0.000076,0.000027,0.000003,0.000041,0.000005,0.000000
45.465000,0.000076,0.000036,0.000029,0.000000,0.000000,0.000011
45.552000,0.000076,0.000000,0.000005,0.000037,0.000034,0.000000
45.570000,0.000076,0.000047,0.000008,0.000000,0.000021,0.000000
45.597000,0.000076,0.000000,0.000000,0.000000,0.000076,0.000000
45.659000,0.000076,0.000048,0.000000,0.000000,0.000026,0.000003
45.731000,0.000076,0.000030,0.000000,0.000000,0.000042,0.000004
45.813000,0.000076,0.000005,0.000000,0.000009,0.000036,0.000025
45.850000,0.000076,0.000002,0.000000,0.000021,0.000026,0.000027
46.146000,0.000076,0.000000,0.000007,0.000056,0.000013,0.000000
46.199000,0.000076,0.000042,0.000000,0.000012,0.000023,0.000000
46.277000,0.000076,0.000028,0.000022,0.000000,0.000012,0.000014
46.377000,0.000076,0.000047,0.000000,0.000004,0.000019,0.000006
46.461000,0.000076,0.000032,0.000005,0.000022,0.000017,0.000000
46.786000,0.000076,0.000021,0.000006,0.000044,0.000005,0.000000
46.833000,0.000076,0.000024,0.000037,0.000008,0.000007,0.000000
47.121000,0.000076,0.000005,0.000000,0.000037,0.000021,0.000013
47.171000,0.000076,0.000030,0.000000,0.000038,0.000000,0.000008
47.209000,0.000076,0.000010,0.000000,0.000020,0.000017,0.000029
47.323000,0.000076,0.000035,0.000004,0.000000,0.000018,0.000020
47.485000,0.000076,0.000012,0.000006,0.000000,0.000041,0.000018
47.553000,0.000076,0.000009,0.000000,0.000016,0.000022,0.000029
47.798000,0.000076,0.000013,0.000019,0.000008,0.000030,0.000006
47.893000,0.000076,0.000030,0.000000,0.000015,0.000024,0.000007
47.941000,0.000076,0.000021,0.000027,0.000000,0.000027,0.000002
48.259000,0.000076,0.000012,0.000031,0.000000,0.000033,0.000000
48.386000,0.000076,0.000027,0.000000,0.000000,0.000049,0.000000
48.478000,0.000076,0.000019,0.000000,0.000045,0.000005,0.000007
48.934000,0.000076,0.000042,0.000000,0.000001,0.000012,0.000021
48.939000,0.000076,0.000067,0.000000,0.000009,0.000000,0.000000
49.113000,0.000076,0.000013,0.000000,0.000036,0.000007,0.000020
49.422000,0.000076,0.000053,0.000000,0.000023,0.000000,0.000000
49.455000,0.000076,0.000018,0.000000,0.000015,0.000027,0.000015
49.503000,0.000076,0.000013,0.000001,0.000002,0.000049,0.000011
49.572000,0.000076,0.000048,0.000000,0.000028,0.000000,0.000000
49.652000,0.000076,0.000009,0.000010,0.000021,0.000000,0.000037
49.919000,0.000076,0.000003,0.000020,0.000036,0.000016,0.000000
49.974000,0.000076,0.000012,0.000015,0.000050,0.000000,0.000000
50.102000,0.000076,0.000007,0.000010,0.000036,0.000011,0.000012
50.384000,0.000076,0.000034,0.000002,0.000022,0.000019,0.000000
50.536000,0.000076,0.000050,0.000000,0.000000,0.000012,0.000014
50.725000,0.000076,0.000045,0.000029,0.000003,0.000000,0.000000
50.900000,0.000076,0.000073,0.000000,0.000000,0.000003,0.000000
51.215000,0.000076,0.000000,0.000000,0.000030,0.000046,0.000000
51.259000,0.000076,0.000041,0.000010,0.000000,0.000014,0.000011
51.270000,0.000076,0.000016,0.000003,0.000025,0.000000,0.000032
51.672000,0.000076,0.000042,0.000000,0.000011,0.000013,0.000010
51.759000,0.000076,0.000071,0.000000,0.000000,0.000000,0.000005
51.781000,0.000076,0.000026,0.000000,0.000000,0.000008,0.000042
51.891000,0.000076,0.000047,0.000015,0.000000,0.000000,0.000014
51.988000,0.000076,0.000000,0.000000,0.000021,0.000000,0.000055
52.054000,0.000076,0.000000,0.000006,0.000026,0.000000,0.000044
52.120000,0.000076,0.000000,0.000000,0.000064,0.000000,0.000012
52.145000,0.000076,0.000018,0.000013,0.000002,0.000029,0.000015
52.192000,0.000076,0.000065,0.000000,0.000000,0.000000,0.000011
52.269000,0.000076,0.000034,0.000023,0.000003,0.000012,0.000005
52.292000,0.000076,0.000020,0.000000,0.000031,0.000022,0.000003
52.340000,0.000076,0.000027,0.000000,0.000015,0.000014,0.000019
52.393000,0.000076,0.000013,0.000018,0.000000,0.000000,0.000044
52.672000,0.000076,0.000000,0.000021,0.000004,0.000029,0.000021
52.893000,0.000076,0.000059,0.000007,0.000000,0.000010,0.000000
52.923000,0.000076,0.000007,0.000026,0.000000,0.000038,0.000005
53.010000,0.000076,0.000024,0.000018,0.000006,0.000000,0.000028
53.148000,0.000076,0.000025,0.000000,0.000025,0.000025,0.000000
53.204000,0.000076,0.000019,0.000000,0.000001,0.000023,0.000033
53.338000,0.000076,0.000045,0.000000,0.000022,0.000000,0.000009
53.437000,0.000076,0.000016,0.000028,0.000008,0.000024,0.000000
54.071000,0.000076,0.000020,0.000008,0.000020,0.000028,0.000000
54.107000,0.000076,0.000050,0.000000,0.000003,0.000000,0.000023
54.253000,0.000076,0.000036,0.000000,0.000014,0.000020,0.000007
54.333000,0.000076,0.000040,0.000000,0.000000,0.000000,0.000036
54.493000,0.000076,0.000027,0.000000,0.000006,0.000000,0.000043
54.619000,0.000076,0.000042,0.000000,0.000028,0.000000,0.000006
54.755000,0.000076,0.000018,0.000000,0.000051,0.000003,0.000004
54.908000,0.000076,0.000000,0.000013,0.000000,0.000030,0.000033
55.241000,0.000076,0.000022,0.000008,0.000006,0.000037,0.000004
55.284000,0.000076,0.000051,0.000012,0.000013,0.000000,0.000000
55.453000,0.000076,0.000028,0.000012,0.000036,0.000000,0.000000
55.573000,0.000076,0.000060,0.000000,0.000000,0.000016,0.000000
55.655000,0.000076,0.000017,0.000021,0.000000,0.000039,0.000000
55.939000,0.000076,0.000055,0.000000,0.000010,0.000011,0.000001
56.029000,0.000076,0.000068,0.000000,0.000000,0.000001,0.000007
56.075000,0.000076,0.000035,0.000000,0.000000,0.000017,0.000024
56.133000,0.000076,0.000010,0.000001,0.000000,0.000051,0.000014
56.152000,0.000076,0.000040,0.000000,0.000000,0.000017,0.000019
56.346000,0.000076,0.000035,0.000005,0.000019,0.000017,0.000000
56.388000,0.000076,0.000009,0.000000,0.000000,0.000050,0.000017
56.440000,0.000076,0.000034,0.000004,0.000020,0.000018,0.000000
56.597000,0.000076,0.000034,0.000022,0.000011,0.000000,0.000009
56.642000,0.000076,0.000023,0.000018,0.000013,0.000021,0.000000
56.672000,0.000076,0.000036,0.000008,0.000018,0.000013,0.000000
56.873000,0.000076,0.000018,0.000025,0.000006,0.000000,0.000027
56.972000,0.000076,0.000014,0.000000,0.000009,0.000018,0.000035
57.102000,0.000076,0.000015,0.000000,0.000012,0.000006,0.000044
57.135000,0.000076,0.000050,0.000000,0.000014,0.000000,0.000012
57.527000,0.000076,0.000019,0.000000,0.000002,0.000039,0.000016
57.651000,0.000076,0.000013,0.000005,0.000031,0.000021,0.000006
57.743000,0.000076,0.000035,0.000003,0.000008,0.000021,0.000010
57.851000,0.000076,0.000062,0.000000,0.000011,0.000003,0.000000
57.895000,0.000076,0.000018,0.000000,0.000020,0.000015,0.000023
58.052000,0.000076,0.000058,0.000000,0.000018,0.000000,0.000000
58.053000,0.000076,0.000063,0.000000,0.000008,0.000005,0.000000
58.132000,0.000076,0.000017,0.000000,0.000000,0.000058,0.000001
58.162000,0.000076,0.000044,0.000000,0.000004,0.000000,0.000028
58.699000,0.000076,0.000039,0.000011,0.000006,0.000000,0.000020
58.867000,0.000076,0.000009,0.000000,0.000005,0.000004,0.000058
58.904000,0.000076,0.000036,0.000006,0.000013,0.000019,0.000003
59.035000,0.000076,0.000033,0.000000,0.000038,0.000000,0.000005
59.080000,0.000076,0.000051,0.000009,0.000000,0.000012,0.000004
59.116000,0.000076,0.000036,0.000000,0.000000,0.000040,0.000000
59.171000,0.000076,0.000026,0.000014,0.000000,0.000036,0.000000
59.445000,0.000076,0.000029,0.000005,0.000000,0.000042,0.000000
59.502000,0.000076,0.000021,0.000000,0.000000,0.000020,0.000035
59.528000,0.000076,0.000017,0.000015,0.000005,0.000013,0.000026
59.649000,0.000076,0.000037,0.000000,0.000007,0.000030,0.000002
59.731000,0.000076,0.000013,0.000000,0.000011,0.000020,0.000032
59.793000,0.000076,0.000019,0.000000,0.000011,0.000046,0.000000
59.924000,0.000076,0.000015,0.000005,0.000004,0.000037,0.000015
59.936000,0.000076,0.000001,0.000000,0.000025,0.000036,0.000014
59.968000,0.000076,0.000013,0.000012,0.000000,0.000011,0.000040
60.350000,0.000076,0.000006,0.000016,0.000000,0.000021,0.000032
60.393000,0.000076,0.000019,0.000000,0.000007,0.000032,0.000018
60.532000,0.000076,0.000028,0.000013,0.000031,0.000004,0.000000
60.940000,0.000076,0.000034,0.000032,0.000000,0.000010,0.000000
61.215000,0.000076,0.000020,0.000000,0.000000,0.000017,0.000039
61.232000,0.000076,0.000035,0.000004,0.000006,0.000006,0.000025
61.365000,0.000076,0.000056,0.000018,0.000000,0.000000,0.000002
61.526000,0.000076,0.000008,0.000000,0.000057,0.000011,0.000000
61.564000,0.000076,0.000061,0.000007,0.000008,0.000000,0.000000
61.600000,0.000076,0.000000,0.000000,0.000027,0.000042,0.000007
61.608000,0.000076,0.000060,0.000003,0.000000,0.000006,0.000007
62.085000,0.000076,0.000030,0.000000,0.000008,0.000036,0.000003
62.123000,0.000076,0.000028,0.000000,0.000003,0.000027,0.000018
62.316000,0.000076,0.000055,0.000000,0.000003,0.000000,0.000018
62.333000,0.000076,0.000061,0.000009,0.000006,0.000000,0.000000
62.348000,0.000076,0.000056,0.000000,0.000000,0.000011,0.000010
62.701000,0.000076,0.000030,0.000008,0.000015,0.000021,0.000002
62.885000,0.000076,0.000060,0.000000,0.000000,0.000016,0.000000
63.010000,0.000076,0.000035,0.000009,0.000012,0.000000,0.000020
63.090000,0.000076,0.000050,0.000000,0.000013,0.000013,0.000000
63.303000,0.000076,0.000000,0.000005,0.000000,0.000035,0.000036
63.514000,0.000076,0.000028,0.000006,0.000000,0.000009,0.000033
63.638000,0.000076,0.000016,0.000010,0.000000,0.000050,0.000000
63.721000,0.000076,0.000048,0.000000,0.000018,0.000006,0.000004
63.993000,0.000076,0.000020,0.000000,0.000019,0.000004,0.000034
64.147000,0.000076,0.000046,0.000005,0.000004,0.000008,0.000014
64.159000,0.000076,0.000013,0.000004,0.000012,0.000003,0.000044
64.260000,0.000076,0.000043,0.000000,0.000031,0.000002,0.000000
64.312000,0.000076,0.000059,0.000000,0.000001,0.000009,0.000007
64.348000,0.000076,0.000000,0.000004,0.000038,0.000029,0.000005
64.366000,0.000076,0.000012,0.000000,0.000022,0.000001,0.000041
64.389000,0.000076,0.000000,0.000013,0.000024,0.000039,0.000000
64.578000,0.000076,0.000037,0.000000,0.000022,0.000017,0.000001
64.672000,0.000076,0.000035,0.000014,0.000000,0.000014,0.000013
65.161000,0.000076,0.000020,0.000000,0.000003,0.000009,0.000043
65.401000,0.000076,0.000030,0.000000,0.000000,0.000018,0.000028
65.555000,0.000076,0.000052,0.000000,0.000004,0.000001,0.000019
65.561000,0.000076,0.000021,0.000016,0.000028,0.000000,0.000011
65.705000,0.000076,0.000000,0.000000,0.000024,0.000000,0.000052
65.740000,0.000076,0.000061,0.000005,0.000011,0.000000,0.000000
65.861000,0.000076,0.000043,0.000000,0.000008,0.000026,0.000000
66.062000,0.000076,0.000029,0.000009,0.000007,0.000000,0.000032
66.145000,0.000076,0.000041,0.000000,0.000026,0.000010,0.000000
66.334000,0.000076,0.000035,0.000000,0.000029,0.000007,0.000005
66.503000,0.000076,0.000004,0.000016,0.000026,0.000012,0.000019
66.556000,0.000076,0.000044,0.000005,0.000020,0.000003,0.000005
66.624000,0.000076,0.000027,0.000000,0.000000,0.000049,0.000000
66.676000,0.000076,0.000021,0.000010,0.000012,0.000000,0.000033
66.697000,0.000076,0.000031,0.000018,0.000000,0.000014,0.000013
66.758000,0.000076,0.000042,0.000000,0.000006,0.000023,0.000005
66.798000,0.000076,0.000027,0.000005,0.000006,0.000038,0.000000
67.111000,0.000076,0.000041,0.000001,0.000015,0.000000,0.000019
67.237000,0.000076,0.000032,0.000011,0.000006,0.000025,0.000002
67.322000,0.000076,0.000039,0.000000,0.000026,0.000000,0.000011
67.372000,0.000076,0.000012,0.000000,0.000020,0.000013,0.000031
67.406000,0.000076,0.000020,0.000000,0.000000,0.000056,0.000000
67.539000,0.000076,0.000002,0.000000,0.000036,0.000000,0.000039
67.678000,0.000076,0.000039,0.000000,0.000010,0.000000,0.000028
67.735000,0.000076,0.000000,0.000005,0.000007,0.000054,0.000011
67.785000,0.000076,0.000036,0.000003,0.000021,0.000016,0.000000
67.948000,0.000076,0.000000,0.000000,0.000046,0.000030,0.000000
68.107000,0.000076,0.000023,0.000000,0.000013,0.000035,0.000006
68.165000,0.000076,0.000019,0.000000,0.000021,0.000036,0.000000
68.183000,0.000076,0.000032,0.000012,0.000010,0.000022,0.000000
68.320000,0.000076,0.000013,0.000000,0.000059,0.000004,0.000000
68.381000,0.000076,0.000039,0.000005,0.000012,0.000019,0.000000
68.384000,0.000076,0.000000,0.000000,0.000067,0.000004,0.000005
68.452000,0.000076,0.000046,0.000000,0.000011,0.000019,0.000000
68.747000,0.000076,0.000020,0.000007,0.000038,0.000010,0.000000
69.041000,0.000076,0.000016,0.000000,0.000028,0.000000,0.000032
69.045000,0.000076,0.000031,0.000011,0.000010,0.000010,0.000014
69.151000,0.000076,0.000023,0.000008,0.000035,0.000010,0.000000
69.249000,0.000076,0.000031,0.000000,0.000021,0.000018,0.000005
69.703000,0.000076,0.000032,0.000000,0.000004,0.000017,0.000024
69.761000,0.000076,0.000042,0.000000,0.000016,0.000001,0.000018
69.893000,0.000076,0.000026,0.000021,0.000017,0.000003,0.000009
70.320000,0.000076,0.000008,0.000000,0.000014,0.000019,0.000036
70.337000,0.000076,0.000015,0.000000,0.000051,0.000000,0.000010
70.402000,0.000076,0.000038,0.000000,0.000004,0.000032,0.000002
70.403000,0.000076,0.000035,0.000010,0.000026,0.000005,0.000000
70.426000,0.000076,0.000005,0.000007,0.000028,0.000021,0.000015
70.431000,0.000076,0.000020,0.000000,0.000014,0.000013,0.000030
70.463000,0.000076,0.000014,0.000000,0.000000,0.000058,0.000004
70.525000,0.000076,0.000009,0.000000,0.000000,0.000031,0.000036
70.559000,0.000076,0.000026,0.000012,0.000000,0.000031,0.000008
70.752000,0.000076,0.000024,0.000000,0.000008,0.000016,0.000029
70.798000,0.000076,0.000061,0.000000,0.000015,0.000000,0.000000
71.106000,0.000076,0.000051,0.000009,0.000006,0.000000,0.000009
71.123000,0.000076,0.000043,0.000000,0.000011,0.000001,0.000020
71.153000,0.000076,0.000026,0.000012,0.000000,0.000007,0.000032
71.219000,0.000076,0.000000,0.000010,0.000001,0.000048,0.000017
71.234000,0.000076,0.000018,0.000000,0.000020,0.000030,0.000007
71.462000,0.000076,0.000012,0.000000,0.000002,0.000053,0.000008
71.484000,0.000076,0.000070,0.000000,0.000000,0.000006,0.000000
71.642000,0.000076,0.000023,0.000000,0.000018,0.000024,0.000011
71.679000,0.000076,0.000015,0.000000,0.000012,0.000045,0.000004
71.762000,0.000076,0.000001,0.000000,0.000023,0.000000,0.000052
71.821000,0.000076,0.000003,0.000041,0.000000,0.000018,0.000014
71.946000,0.000076,0.000011,0.000000,0.000004,0.000010,0.000050
71.999000,0.000076,0.000024,0.000008,0.000007,0.000000,0.000037
72.085000,0.000076,0.000024,0.000005,0.000017,0.000000,0.000030
72.094000,0.000076,0.000000,0.000000,0.000029,0.000014,0.000032
72.119000,0.000076,0.000032,0.000000,0.000010,0.000035,0.000000
72.121000,0.000076,0.000000,0.000000,0.000039,0.000027,0.000011
72.147000,0.000076,0.000034,0.000001,0.000000,0.000009,0.000032
72.151000,0.000076,0.000012,0.000000,0.000016,0.000020,0.000028
72.415000,0.000076,0.000004,0.000009,0.000007,0.000041,0.000016
72.444000,0.000076,0.000035,0.000000,0.000011,0.000020,0.000010
72.529000,0.000076,0.000022,0.000008,0.000017,0.000017,0.000011
72.615000,0.000076,0.000007,0.000009,0.000000,0.000037,0.000023
72.760000,0.000076,0.000053,0.000000,0.000005,0.000018,0.000000
72.777000,0.000076,0.000031,0.000001,0.000023,0.000007,0.000014
72.963000,0.000076,0.000038,0.000008,0.000011,0.000000,0.000019
73.076000,0.000076,0.000015,0.000000,0.000001,0.000000,0.000060
73.093000,0.000076,0.000026,0.000000,0.000000,0.000012,0.000038
73.168000,0.000076,0.000000,0.000000,0.000042,0.000022,0.000012
73.345000,0.000076,0.000040,0.000011,0.000000,0.000023,0.000002
73.356000,0.000076,0.000046,0.000000,0.000000,0.000020,0.000010
73.386000,0.000076,0.000047,0.000000,0.000024,0.000000,0.000006
73.615000,0.000076,0.000034,0.000000,0.000022,0.000014,0.000005
73.668000,0.000076,0.000013,0.000006,0.000008,0.000022,0.000027
73.992000,0.000076,0.000009,0.000000,0.000022,0.000035,0.000010
73.994000,0.000076,0.000019,0.000000,0.000000,0.000031,0.000027
74.044000,0.000076,0.000040,0.000000,0.000011,0.000006,0.000018
74.337000,0.000076,0.000029,0.000000,0.000014,0.000022,0.000010
74.429000,0.000076,0.000035,0.000000,0.000024,0.000017,0.000000
74.511000,0.000076,0.000042,0.000000,0.000004,0.000012,0.000017
74.529000,0.000076,0.000009,0.000000,0.000000,0.000045,0.000022
74.707000,0.000076,0.000054,0.000007,0.000003,0.000000,0.000011
74.788000,0.000076,0.000028,0.000000,0.000009,0.000028,0.000010
74.872000,0.000076,0.000009,0.000001,0.000020,0.000001,0.000045
74.964000,0.000076,0.000023,0.000000,0.000043,0.000003,0.000006
75.023000,0.000076,0.000067,0.000000,0.000000,0.000009,0.000000
75.105000,0.000076,0.000033,0.000000,0.000011,0.000009,0.000023
75.535000,0.000076,0.000008,0.000000,0.000000,0.000000,0.000069
75.566000,0.000076,0.000007,0.000000,0.000000,0.000008,0.000061
75.654000,0.000076,0.000033,0.000000,0.000000,0.000031,0.000012
75.655000,0.000076,0.000000,0.000000,0.000001,0.000013,0.000062
75.658000,0.000076,0.000000,0.000014,0.000006,0.000017,0.000040
75.666000,0.000076,0.000040,0.000000,0.000021,0.000009,0.000007
75.713000,0.000076,0.000000,0.000033,0.000002,0.000007,0.000034
75.838000,0.000076,0.000012,0.000000,0.000049,0.000000,0.000016
75.877000,0.000076,0.000025,0.000008,0.000028,0.000014,0.000000
75.984000,0.000076,0.000000,0.000000,0.000027,0.000000,0.000049
76.112000,0.000076,0.000013,0.000008,0.000013,0.000010,0.000032
76.121000,0.000076,0.000022,0.000000,0.000037,0.000015,0.000002
76.217000,0.000076,0.000000,0.000000,0.000000,0.000022,0.000054
76.272000,0.000076,0.000007,0.000017,0.000000,0.000030,0.000022
76.334000,0.000076,0.000024,0.000019,0.000004,0.000026,0.000003
76.369000,0.000076,0.000024,0.000000,0.000035,0.000000,0.000016
76.391000,0.000076,0.000010,0.000000,0.000018,0.000007,0.000041
76.546000,0.000076,0.000010,0.000006,0.000041,0.000000,0.000018
76.552000,0.000076,0.000009,0.000000,0.000008,0.000018,0.000042
76.729000,0.000076,0.000000,0.000000,0.000045,0.000027,0.000004
76.913000,0.000076,0.000006,0.000000,0.000000,0.000018,0.000052
76.972000,0.000076,0.000035,0.000000,0.000018,0.000008,0.000015
77.017000,0.000076,0.000015,0.000012,0.000000,0.000008,0.000041
77.047000,0.000076,0.000023,0.000000,0.000005,0.000007,0.000041
77.083000,0.000076,0.000024,0.000000,0.000024,0.000000,0.000029
77.162000,0.000076,0.000014,0.000000,0.000019,0.000043,0.000000
77.221000,0.000076,0.000043,0.000000,0.000023,0.000010,0.000000
77.348000,0.000076,0.000022,0.000000,0.000036,0.000018,0.000000
77.439000,0.000076,0.000024,0.000031,0.000016,0.000000,0.000006
77.449000,0.000076,0.000029,0.000000,0.000015,0.000016,0.000016
77.492000,0.000076,0.000005,0.000000,0.000000,0.000045,0.000025
77.674000,0.000076,0.000003,0.000006,0.000000,0.000011,0.000057
77.857000,0.000076,0.000020,0.000000,0.000020,0.000012,0.000024
77.864000,0.000076,0.000013,0.000015,0.000003,0.000038,0.000007
77.872000,0.000076,0.000023,0.000000,0.000005,0.000001,0.000047
77.960000,0.000076,0.000018,0.000010,0.000027,0.000006,0.000015
78.003000,0.000076,0.000009,0.000009,0.000009,0.000048,0.000000
78.034000,0.000076,0.000018,0.000000,0.000019,0.000009,0.000031
78.228000,0.000076,0.000013,0.000012,0.000012,0.000020,0.000019
78.301000,0.000076,0.000015,0.000000,0.000025,0.000000,0.000036
78.353000,0.000076,0.000000,0.000007,0.000012,0.000006,0.000051
78.440000,0.000076,0.000019,0.000000,0.000000,0.000057,0.000000
78.532000,0.000076,0.000023,0.000000,0.000028,0.000000,0.000025
78.581000,0.000076,0.000018,0.000009,0.000010,0.000023,0.000016
78.649000,0.000076,0.000003,0.000001,0.000072,0.000000,0.000000
78.703000,0.000076,0.000004,0.000003,0.000000,0.000019,0.000050
78.815000,0.000076,0.000012,0.000000,0.000025,0.000020,0.000019
78.879000,0.000076,0.000011,0.000006,0.000007,0.000000,0.000051
78.894000,0.000076,0.000041,0.000009,0.000000,0.000017,0.000009
78.905000,0.000076,0.000013,0.000010,0.000004,0.000044,0.000005
78.908000,0.000076,0.000013,0.000015,0.000000,0.000049,0.000000
78.965000,0.000076,0.000029,0.000003,0.000024,0.000000,0.000020
79.317000,0.000076,0.000023,0.000000,0.000015,0.000038,0.000000
79.442000,0.000076,0.000017,0.000000,0.000014,0.000017,0.000028
79.563000,0.000076,0.000039,0.000000,0.000010,0.000000,0.000026
79.610000,0.000076,0.000024,0.000000,0.000017,0.000032,0.000004
79.621000,0.000076,0.000017,0.000000,0.000005,0.000042,0.000012
79.699000,0.000076,0.000020,0.000011,0.000028,0.000000,0.000017
79.719000,0.000076,0.000022,0.000010,0.000019,0.000009,0.000017
79.933000,0.000076,0.000030,0.000012,0.000004,0.000020,0.000010
79.952000,0.000076,0.000038,0.000003,0.000009,0.000000,0.000026
80.164000,0.000076,0.000000,0.000000,0.000021,0.000000,0.000055
80.198000,0.000076,0.000000,0.000003,0.000024,0.000002,0.000046
80.260000,0.000076,0.000040,0.000007,0.000024,0.000005,0.000000
80.406000,0.000076,0.000009,0.000021,0.000015,0.000009,0.000022
80.566000,0.000076,0.000024,0.000000,0.000000,0.000028,0.000025
80.670000,0.000076,0.000014,0.000000,0.000004,0.000008,0.000050
80.760000,0.000076,0.000042,0.000006,0.000009,0.000010,0.000008
80.782000,0.000076,0.000016,0.000001,0.000026,0.000034,0.000000
80.860000,0.000076,0.000021,0.000028,0.000014,0.000000,0.000014
80.867000,0.000076,0.000009,0.000000,0.000067,0.000001,0.000000
80.916000,0.000076,0.000020,0.000005,0.000019,0.000002,0.000030
81.051000,0.000076,0.000010,0.000008,0.000007,0.000000,0.000050
81.151000,0.000076,0.000016,0.000008,0.000003,0.000019,0.000030
81.155000,0.000076,0.000053,0.000000,0.000021,0.000000,0.000002
81.286000,0.000076,0.000013,0.000000,0.000027,0.000010,0.000026
81.403000,0.000076,0.000048,0.000010,0.000001,0.000009,0.000008
81.568000,0.000076,0.000013,0.000008,0.000000,0.000028,0.000027
81.572000,0.000076,0.000036,0.000000,0.000009,0.000031,0.000000
81.690000,0.000076,0.000030,0.000003,0.000000,0.000040,0.000004
81.765000,0.000076,0.000043,0.000000,0.000007,0.000000,0.000026
81.767000,0.000076,0.000018,0.000000,0.000022,0.000003,0.000033
81.778000,0.000076,0.000046,0.000017,0.000000,0.000000,0.000012
81.823000,0.000076,0.000037,0.000009,0.000000,0.000007,0.000023
81.884000,0.000076,0.000027,0.000000,0.000015,0.000031,0.000003
82.033000,0.000076,0.000072,0.000000,0.000004,0.000000,0.000000
82.066000,0.000076,0.000028,0.000007,0.000007,0.000028,0.000005
82.077000,0.000076,0.000033,0.000008,0.000000,0.000023,0.000012
82.094000,0.000076,0.000016,0.000000,0.000000,0.000048,0.000012
82.178000,0.000076,0.000022,0.000009,0.000000,0.000041,0.000005
82.240000,0.000076,0.000045,0.000010,0.000004,0.000009,0.000009
82.304000,0.000076,0.000000,0.000000,0.000020,0.000035,0.000021
82.474000,0.000076,0.000011,0.000007,0.000026,0.000012,0.000019
82.502000,0.000076,0.000000,0.000000,0.000043,0.000011,0.000022
82.630000,0.000076,0.000006,0.000007,0.000029,0.000012,0.000023
82.715000,0.000076,0.000031,0.000002,0.000009,0.000017,0.000018
82.852000,0.000076,0.000020,0.000007,0.000028,0.000000,0.000021
82.937000,0.000076,0.000016,0.000004,0.000046,0.000005,0.000004
82.961000,0.000076,0.000011,0.000000,0.000014,0.000005,0.000045
83.229000,0.000076,0.000032,0.000000,0.000016,0.000005,0.000024
83.344000,0.000076,0.000024,0.000000,0.000003,0.000009,0.000041
83.389000,0.000076,0.000019,0.000000,0.000020,0.000014,0.000023
83.956000,0.000076,0.000000,0.000000,0.000040,0.000020,0.000016
84.286000,0.000076,0.000037,0.000000,0.000012,0.000011,0.000017
84.472000,0.000076,0.000029,0.000000,0.000000,0.000019,0.000028
84.623000,0.000076,0.000002,0.000000,0.000030,0.000042,0.000001
84.634000,0.000076,0.000023,0.000017,0.000020,0.000016,0.000000
85.077000,0.000076,0.000008,0.000000,0.000060,0.000008,0.000000
85.192000,0.000076,0.000036,0.000000,0.000006,0.000022,0.000012
85.317000,0.000076,0.000012,0.000017,0.000037,0.000007,0.000003
85.456000,0.000076,0.000030,0.000003,0.000009,0.000027,0.000008
85.566000,0.000076,0.000002,0.000000,0.000036,0.000024,0.000014
85.580000,0.000076,0.000016,0.000022,0.000025,0.000003,0.000010
85.730000,0.000076,0.000032,0.000010,0.000015,0.000010,0.000008
85.896000,0.000076,0.000039,0.000000,0.000009,0.000007,0.000021
85.900000,0.000076,0.000030,0.000000,0.000011,0.000006,0.000028
85.930000,0.000076,0.000015,0.000002,0.000013,0.000010,0.000036
86.028000,0.000076,0.000008,0.000000,0.000000,0.000028,0.000041
86.034000,0.000076,0.000024,0.000000,0.000020,0.000007,0.000024
86.207000,0.000076,0.000059,0.000000,0.000006,0.000010,0.000000
86.361000,0.000076,0.000007,0.000011,0.000022,0.000010,0.000026
86.417000,0.000076,0.000017,0.000002,0.000020,0.000000,0.000037
86.432000,0.000076,0.000025,0.000003,0.000008,0.000000,0.000041
86.459000,0.000076,0.000007,0.000000,0.000012,0.000040,0.000018
86.463000,0.000076,0.000063,0.000004,0.000000,0.000009,0.000000
86.715000,0.000076,0.000013,0.000012,0.000018,0.000015,0.000017
86.730000,0.000076,0.000005,0.000000,0.000031,0.000011,0.000029
86.740000,0.000076,0.000000,0.000000,0.000067,0.000000,0.000009
86.831000,0.000076,0.000019,0.000011,0.000025,0.000009,0.000013
87.182000,0.000076,0.000007,0.000018,0.000001,0.000041,0.000009
87.275000,0.000076,0.000070,0.000000,0.000000,0.000000,0.000006
87.362000,0.000076,0.000020,0.000000,0.000006,0.000025,0.000025
87.378000,0.000076,0.000015,0.000002,0.000047,0.000000,0.000012
87.423000,0.000076,0.000043,0.000000,0.000019,0.000009,0.000005
87.467000,0.000076,0.000008,0.000011,0.000023,0.000008,0.000027
87.752000,0.000076,0.000061,0.000003,0.000012,0.000000,0.000001
87.830000,0.000076,0.000015,0.000000,0.000008,0.000043,0.000010
87.842000,0.000076,0.000015,0.000008,0.000023,0.000010,0.000020
87.852000,0.000076,0.000012,0.000027,0.000028,0.000010,0.000000
88.001000,0.000076,0.000032,0.000000,0.000029,0.000015,0.000000
88.034000,0.000076,0.000028,0.000006,0.000007,0.000013,0.000022
88.088000,0.000076,0.000032,0.000008,0.000000,0.000023,0.000013
88.139000,0.000076,0.000025,0.000000,0.000023,0.000008,0.000019
88.145000,0.000076,0.000022,0.000000,0.000011,0.000021,0.000022
88.265000,0.000076,0.000046,0.000000,0.000005,0.000012,0.000013
88.526000,0.000076,0.000045,0.000016,0.000016,0.000000,0.000000
88.579000,0.000076,0.000031,0.000008,0.000014,0.000018,0.000005
88.853000,0.000076,0.000068,0.000000,0.000006,0.000002,0.000000
88.990000,0.000076,0.000023,0.000021,0.000020,0.000005,0.000007
89.506000,0.000076,0.000002,0.000015,0.000023,0.000031,0.000005
89.592000,0.000076,0.000018,0.000000,0.000000,0.000045,0.000014
89.670000,0.000076,0.000007,0.000000,0.000000,0.000024,0.000045
89.688000,0.000076,0.000018,0.000006,0.000016,0.000014,0.000023
89.749000,0.000076,0.000001,0.000000,0.000063,0.000007,0.000004
89.772000,0.000076,0.000000,0.000000,0.000011,0.000042,0.000024
89.791000,0.000076,0.000003,0.000004,0.000010,0.000030,0.000029
89.938000,0.000076,0.000016,0.000000,0.000026,0.000000,0.000034
89.990000,0.000076,0.000023,0.000004,0.000036,0.000000,0.000013
90.098000,0.000076,0.000022,0.000000,0.000044,0.000003,0.000007
90.254000,0.000076,0.000038,0.000014,0.000010,0.000000,0.000014
90.359000,0.000076,0.000049,0.000000,0.000000,0.000000,0.000027
90.385000,0.000076,0.000029,0.000003,0.000011,0.000007,0.000026
90.544000,0.000076,0.000017,0.000008,0.000000,0.000000,0.000052
90.547000,0.000076,0.000018,0.000011,0.000027,0.000006,0.000013
90.648000,0.000076,0.000008,0.000000,0.000065,0.000000,0.000003
90.734000,0.000076,0.000005,0.000000,0.000017,0.000017,0.000037
90.773000,0.000076,0.000043,0.000000,0.000008,0.000000,0.000025
90.789000,0.000076,0.000070,0.000003,0.000000,0.000000,0.000003
90.802000,0.000076,0.000011,0.000000,0.000000,0.000017,0.000047
90.954000,0.000076,0.000027,0.000000,0.000000,0.000031,0.000019
91.062000,0.000076,0.000007,0.000013,0.000000,0.000024,0.000032
91.181000,0.000076,0.000013,0.000000,0.000029,0.000000,0.000034
91.193000,0.000076,0.000022,0.000007,0.000029,0.000008,0.000009
91.424000,0.000076,0.000037,0.000021,0.000006,0.000012,0.000000
91.489000,0.000076,0.000035,0.000015,0.000007,0.000011,0.000008
91.492000,0.000076,0.000023,0.000000,0.000022,0.000021,0.000010
91.626000,0.000076,0.000006,0.000003,0.000011,0.000000,0.000056
91.654000,0.000076,0.000038,0.000000,0.000000,0.000000,0.000038
91.703000,0.000076,0.000010,0.000010,0.000044,0.000000,0.000013
91.788000,0.000076,0.000036,0.000000,0.000015,0.000024,0.000001
91.819000,0.000076,0.000037,0.000000,0.000025,0.000000,0.000014
91.839000,0.000076,0.000014,0.000000,0.000027,0.000024,0.000011
91.888000,0.000076,0.000032,0.000005,0.000016,0.000015,0.000009
92.013000,0.000076,0.000022,0.000001,0.000045,0.000002,0.000007
92.018000,0.000076,0.000022,0.000000,0.000024,0.000027,0.000003
92.027000,0.000076,0.000005,0.000000,0.000014,0.000020,0.000038
92.048000,0.000076,0.000063,0.000000,0.000007,0.000006,0.000000
92.165000,0.000076,0.000035,0.000007,0.000012,0.000008,0.000014
92.223000,0.000076,0.000011,0.000005,0.000008,0.000019,0.000032
92.359000,0.000076,0.000015,0.000000,0.000012,0.000031,0.000019
92.400000,0.000076,0.000050,0.000003,0.000017,0.000000,0.000006
92.426000,0.000076,0.000021,0.000007,0.000035,0.000012,0.000000
92.458000,0.000076,0.000014,0.000000,0.000058,0.000000,0.000005
92.492000,0.000076,0.000012,0.000005,0.000005,0.000011,0.000044
92.495000,0.000076,0.000042,0.000009,0.000012,0.000000,0.000013
92.548000,0.000076,0.000062,0.000000,0.000001,0.000012,0.000000
92.588000,0.000076,0.000036,0.000002,0.000012,0.000012,0.000014
92.604000,0.000076,0.000004,0.000003,0.000000,0.000030,0.000039
92.651000,0.000076,0.000049,0.000008,0.000000,0.000019,0.000001
92.719000,0.000076,0.000028,0.000012,0.000010,0.000021,0.000005
92.740000,0.000076,0.000041,0.000000,0.000000,0.000017,0.000018
92.950000,0.000076,0.000036,0.000001,0.000020,0.000003,0.000016
93.120000,0.000076,0.000033,0.000016,0.000000,0.000000,0.000026
93.209000,0.000076,0.000058,0.000000,0.000000,0.000010,0.000009
93.241000,0.000076,0.000049,0.000005,0.000004,0.000000,0.000017
93.316000,0.000076,0.000017,0.000001,0.000000,0.000007,0.000051
93.330000,0.000076,0.000043,0.000000,0.000016,0.000017,0.000000
93.335000,0.000076,0.000051,0.000009,0.000000,0.000011,0.000005
93.413000,0.000076,0.000025,0.000007,0.000006,0.000007,0.000031
93.647000,0.000076,0.000043,0.000011,0.000000,0.000008,0.000014
93.652000,0.000076,0.000013,0.000000,0.000001,0.000018,0.000045
93.658000,0.000076,0.000055,0.000003,0.000000,0.000017,0.000000
93.709000,0.000076,0.000041,0.000000,0.000014,0.000014,0.000007
93.858000,0.000076,0.000023,0.000004,0.000025,0.000000,0.000025
93.880000,0.000076,0.000045,0.000000,0.000012,0.000015,0.000004
94.015000,0.000076,0.000036,0.000027,0.000003,0.000002,0.000008
94.016000,0.000076,0.000003,0.000004,0.000051,0.000014,0.000004
94.037000,0.000076,0.000018,0.000007,0.000000,0.000017,0.000034
94.151000,0.000076,0.000056,0.000003,0.000000,0.000006,0.000010
94.156000,0.000076,0.000007,0.000006,0.000030,0.000033,0.000000
94.328000,0.000076,0.000003,0.000007,0.000008,0.000018,0.000040
94.372000,0.000076,0.000005,0.000000,0.000020,0.000043,0.000008
94.444000,0.000076,0.000011,0.000010,0.000007,0.000029,0.000019
94.656000,0.000076,0.000028,0.000000,0.000000,0.000042,0.000006
94.717000,0.000076,0.000022,0.000000,0.000000,0.000011,0.000043
94.722000,0.000076,0.000057,0.000000,0.000010,0.000009,0.000000
95.041000,0.000076,0.000023,0.000000,0.000000,0.000006,0.000047
95.173000,0.000076,0.000018,0.000007,0.000007,0.000011,0.000034
95.176000,0.000076,0.000001,0.000006,0.000000,0.000047,0.000022
95.367000,0.000076,0.000040,0.000000,0.000013,0.000000,0.000023
95.413000,0.000076,0.000018,0.000000,0.000045,0.000000,0.000013
95.475000,0.000076,0.000020,0.000000,0.000000,0.000043,0.000013
95.637000,0.000076,0.000033,0.000008,0.000000,0.000014,0.000021
95.750000,0.000076,0.000020,0.000018,0.000005,0.000003,0.000029
95.769000,0.000076,0.000025,0.000000,0.000033,0.000010,0.000008
95.826000,0.000076,0.000030,0.000000,0.000014,0.000023,0.000009
95.853000,0.000076,0.000013,0.000012,0.000038,0.000000,0.000014
95.957000,0.000076,0.000028,0.000020,0.000003,0.000021,0.000003
95.964000,0.000076,0.000017,0.000001,0.000016,0.000043,0.000000
95.984000,0.000076,0.000040,0.000000,0.000002,0.000007,0.000027
96.033000,0.000076,0.000036,0.000000,0.000011,0.000027,0.000002
96.190000,0.000076,0.000022,0.000004,0.000000,0.000020,0.000030
96.280000,0.000076,0.000053,0.000004,0.000000,0.000006,0.000013
96.306000,0.000076,0.000026,0.000000,0.000016,0.000024,0.000010
96.327000,0.000076,0.000027,0.000007,0.000023,0.000007,0.000012
96.342000,0.000076,0.000028,0.000000,0.000006,0.000015,0.000027
96.444000,0.000076,0.000017,0.000000,0.000038,0.000021,0.000000
96.445000,0.000076,0.000018,0.000007,0.000026,0.000002,0.000022
96.449000,0.000076,0.000034,0.000007,0.000027,0.000009,0.000000
96.497000,0.000076,0.000034,0.000000,0.000003,0.000034,0.000004
96.498000,0.000076,0.000067,0.000001,0.000009,0.000000,0.000000
96.617000,0.000076,0.000033,0.000000,0.000020,0.000005,0.000018
96.640000,0.000076,0.000037,0.000000,0.000000,0.000028,0.000011
96.750000,0.000076,0.000013,0.000005,0.000003,0.000047,0.000009
96.895000,0.000076,0.000038,0.000006,0.000000,0.000012,0.000020
96.990000,0.000152,0.000024,0.000006,0.000051,0.000053,0.000019
97.030000,0.000076,0.000012,0.000007,0.000025,0.000002,0.000031
97.031000,0.000076,0.000046,0.000000,0.000000,0.000013,0.000016
97.450000,0.000076,0.000022,0.000009,0.000007,0.000003,0.000035
97.486000,0.000076,0.000015,0.000017,0.000000,0.000032,0.000012
97.506000,0.000076,0.000053,0.000000,0.000004,0.000008,0.000011
97.516000,0.000076,0.000029,0.000000,0.000018,0.000014,0.000014
97.523000,0.000076,0.000008,0.000005,0.000053,0.000004,0.000007
97.683000,0.000076,0.000021,0.000000,0.000003,0.000000,0.000052
97.697000,0.000076,0.000030,0.000000,0.000029,0.000010,0.000007
97.789000,0.000076,0.000005,0.000000,0.000003,0.000046,0.000023
97.859000,0.000076,0.000023,0.000008,0.000000,0.000042,0.000003
97.893000,0.000076,0.000010,0.000000,0.000042,0.000016,0.000008
98.019000,0.000076,0.000045,0.000014,0.000009,0.000006,0.000001
98.146000,0.000076,0.000020,0.000000,0.000002,0.000047,0.000006
98.311000,0.000076,0.000031,0.000001,0.000021,0.000000,0.000023
98.312000,0.000076,0.000034,0.000011,0.000001,0.000017,0.000013
98.358000,0.000076,0.000028,0.000000,0.000000,0.000011,0.000037
98.379000,0.000076,0.000031,0.000000,0.000014,0.000005,0.000027
98.434000,0.000076,0.000031,0.000000,0.000002,0.000005,0.000039
98.691000,0.000076,0.000007,0.000002,0.000013,0.000043,0.000010
98.804000,0.000076,0.000035,0.000000,0.000021,0.000000,0.000020
98.845000,0.000076,0.000037,0.000000,0.000013,0.000001,0.000025
98.996000,0.000076,0.000025,0.000000,0.000007,0.000005,0.000040
99.072000,0.000076,0.000014,0.000003,0.000002,0.000042,0.000015
99.078000,0.000076,0.000031,0.000004,0.000006,0.000015,0.000020
99.291000,0.000076,0.000016,0.000000,0.000021,0.000006,0.000033
99.560000,0.000076,0.000071,0.000000,0.000004,0.000000,0.000001
99.704000,0.000076,0.000035,0.000000,0.000005,0.000015,0.000021
99.826000,0.000076,0.000048,0.000002,0.000000,0.000000,0.000026
99.873000,0.000076,0.000034,0.000005,0.000014,0.000011,0.000012
99.956000,0.000076,0.000022,0.000000,0.000006,0.000027,0.000021
100.062000,0.000076,0.000016,0.000000,0.000005,0.000037,0.000018
100.067000,0.000076,0.000046,0.000004,0.000003,0.000002,0.000022
100.190000,0.000076,0.000016,0.000000,0.000024,0.000031,0.000005
100.258000,0.000076,0.000002,0.000005,0.000000,0.000034,0.000035
100.288000,0.000076,0.000006,0.000005,0.000011,0.000011,0.000045
100.360000,0.000076,0.000012,0.000000,0.000000,0.000021,0.000043
100.501000,0.000076,0.000052,0.000000,0.000000,0.000018,0.000006
100.614000,0.000076,0.000050,0.000006,0.000003,0.000017,0.000000
100.673000,0.000076,0.000006,0.000007,0.000001,0.000032,0.000030
100.723000,0.000076,0.000023,0.000000,0.000007,0.000028,0.000018
100.740000,0.000076,0.000030,0.000000,0.000005,0.000041,0.000000
100.782000,0.000076,0.000003,0.000005,0.000033,0.000035,0.000000
100.872000,0.000076,0.000027,0.000004,0.000013,0.000030,0.000002
100.889000,0.000076,0.000047,0.000008,0.000014,0.000000,0.000007
100.920000,0.000076,0.000026,0.000000,0.000005,0.000033,0.000012
100.945000,0.000076,0.000015,0.000014,0.000014,0.000014,0.000019
101.193000,0.000076,0.000003,0.000000,0.000032,0.000011,0.000030
101.356000,0.000076,0.000009,0.000008,0.000039,0.000019,0.000001
101.479000,0.000076,0.000022,0.000000,0.000000,0.000025,0.000028
101.514000,0.000076,0.000013,0.000000,0.000011,0.000004,0.000047
101.518000,0.000076,0.000000,0.000001,0.000026,0.000041,0.000008
101.523000,0.000076,0.000052,0.000000,0.000000,0.000005,0.000019
101.550000,0.000076,0.000007,0.000000,0.000009,0.000020,0.000041
101.552000,0.000076,0.000003,0.000000,0.000001,0.000043,0.000028
101.634000,0.000076,0.000014,0.000009,0.000004,0.000019,0.000031
101.795000,0.000076,0.000020,0.000000,0.000028,0.000027,0.000000
101.831000,0.000076,0.000011,0.000019,0.000021,0.000000,0.000025
101.940000,0.000076,0.000009,0.000001,0.000036,0.000030,0.000000
102.126000,0.000076,0.000024,0.000000,0.000000,0.000015,0.000037
102.238000,0.000076,0.000005,0.000000,0.000013,0.000004,0.000055
102.368000,0.000076,0.000000,0.000001,0.000000,0.000057,0.000019
102.463000,0.000076,0.000033,0.000006,0.000008,0.000015,0.000014
102.551000,0.000076,0.000049,0.000010,0.000000,0.000007,0.000009
102.568000,0.000076,0.000024,0.000000,0.000006,0.000004,0.000043
102.689000,0.000076,0.000019,0.000000,0.000004,0.000051,0.000002
102.798000,0.000076,0.000005,0.000000,0.000026,0.000046,0.000000
102.828000,0.000076,0.000011,0.000000,0.000006,0.000033,0.000026
102.929000,0.000076,0.000029,0.000000,0.000001,0.000020,0.000027
102.963000,0.000076,0.000014,0.000000,0.000030,0.000031,0.000000
103.032000,0.000076,0.000043,0.000000,0.000004,0.000000,0.000028
103.034000,0.000076,0.000029,0.000007,0.000026,0.000006,0.000008
103.118000,0.000076,0.000000,0.000009,0.000000,0.000000,0.000067
103.155000,0.000076,0.000058,0.000003,0.000002,0.000013,0.000000
103.185000,0.000076,0.000049,0.000006,0.000009,0.000003,0.000009
103.278000,0.000076,0.000012,0.000003,0.000015,0.000036,0.000009
103.453000,0.000076,0.000032,0.000000,0.000000,0.000021,0.000024
103.564000,0.000076,0.000024,0.000000,0.000000,0.000010,0.000042
103.754000,0.000076,0.000014,0.000000,0.000019,0.000032,0.000012
103.935000,0.000076,0.000025,0.000000,0.000011,0.000000,0.000040
103.987000,0.000076,0.000000,0.000009,0.000048,0.000007,0.000012
103.990000,0.000076,0.000030,0.000000,0.000014,0.000006,0.000025
104.084000,0.000076,0.000018,0.000000,0.000042,0.000003,0.000013
104.091000,0.000076,0.000029,0.000000,0.000011,0.000019,0.000018
104.159000,0.000076,0.000038,0.000004,0.000006,0.000000,0.000028
104.178000,0.000076,0.000020,0.000014,0.000027,0.000009,0.000007
104.181000,0.000076,0.000019,0.000000,0.000026,0.000028,0.000004
104.337000,0.000076,0.000008,0.000000,0.000032,0.000023,0.000013
104.390000,0.000076,0.000003,0.000000,0.000000,0.000045,0.000029
104.514000,0.000076,0.000045,0.000000,0.000000,0.000000,0.000031
104.516000,0.000076,0.000009,0.000011,0.000012,0.000045,0.000000
104.592000,0.000076,0.000016,0.000000,0.000042,0.000000,0.000019
104.637000,0.000076,0.000016,0.000005,0.000000,0.000006,0.000048
104.696000,0.000076,0.000035,0.000013,0.000006,0.000005,0.000017
105.130000,0.000076,0.000050,0.000005,0.000015,0.000006,0.000000
105.155000,0.000076,0.000018,0.000005,0.000005,0.000026,0.000021
105.219000,0.000076,0.000010,0.000008,0.000034,0.000025,0.000000
105.278000,0.000076,0.000059,0.000000,0.000003,0.000004,0.000010
105.409000,0.000076,0.000034,0.000000,0.000003,0.000012,0.000027
105.531000,0.000076,0.000014,0.000005,0.000030,0.000010,0.000017
105.535000,0.000076,0.000006,0.000013,0.000020,0.000000,0.000037
105.586000,0.000076,0.000043,0.000000,0.000006,0.000003,0.000024
105.591000,0.000076,0.000044,0.000000,0.000000,0.000017,0.000016
105.803000,0.000076,0.000065,0.000000,0.000000,0.000007,0.000003
105.840000,0.000076,0.000020,0.000000,0.000001,0.000037,0.000018
105.890000,0.000076,0.000035,0.000006,0.000011,0.000005,0.000019
105.977000,0.000076,0.000000,0.000008,0.000013,0.000034,0.000021
106.011000,0.000076,0.000016,0.000000,0.000004,0.000010,0.000046
106.123000,0.000076,0.000033,0.000005,0.000001,0.000020,0.000017
106.208000,0.000076,0.000022,0.000016,0.000016,0.000019,0.000003
106.292000,0.000076,0.000019,0.000000,0.000027,0.000017,0.000013
106.368000,0.000076,0.000029,0.000005,0.000014,0.000000,0.000028
106.485000,0.000076,0.000017,0.000000,0.000022,0.000007,0.000031
106.510000,0.000076,0.000026,0.000010,0.000000,0.000033,0.000008
106.775000,0.000076,0.000023,0.000000,0.000021,0.000011,0.000022
106.908000,0.000076,0.000015,0.000000,0.000021,0.000007,0.000033
107.020000,0.000076,0.000031,0.000003,0.000028,0.000010,0.000004
107.094000,0.000076,0.000013,0.000029,0.000005,0.000029,0.000000
107.176000,0.000076,0.000018,0.000000,0.000034,0.000024,0.000000
107.212000,0.000076,0.000024,0.000000,0.000028,0.000007,0.000017
107.224000,0.000076,0.000030,0.000000,0.000006,0.000033,0.000007
107.225000,0.000076,0.000022,0.000000,0.000000,0.000015,0.000040
107.232000,0.000076,0.000020,0.000013,0.000000,0.000024,0.000019
107.290000,0.000076,0.000024,0.000000,0.000002,0.000000,0.000049
107.366000,0.000076,0.000018,0.000000,0.000000,0.000011,0.000047
107.409000,0.000076,0.000031,0.000007,0.000017,0.000011,0.000011
107.424000,0.000076,0.000034,0.000000,0.000004,0.000014,0.000024
107.459000,0.000076,0.000000,0.000011,0.000052,0.000013,0.000000
107.618000,0.000076,0.000015,0.000002,0.000000,0.000008,0.000051
107.888000,0.000076,0.000005,0.000000,0.000024,0.000020,0.000026
107.923000,0.000076,0.000017,0.000000,0.000008,0.000039,0.000012
107.984000,0.000076,0.000032,0.000000,0.000000,0.000039,0.000005
108.003000,0.000076,0.000024,0.000015,0.000005,0.000000,0.000032
108.009000,0.000076,0.000015,0.000000,0.000028,0.000008,0.000025
108.107000,0.000076,0.000027,0.000000,0.000000,0.000042,0.000008
108.211000,0.000076,0.000030,0.000005,0.000012,0.000016,0.000013
108.236000,0.000076,0.000029,0.000000,0.000026,0.000013,0.000008
108.360000,0.000076,0.000042,0.000014,0.000000,0.000012,0.000008
108.448000,0.000076,0.000011,0.000000,0.000001,0.000023,0.000041
108.790000,0.000076,0.000020,0.000000,0.000032,0.000017,0.000007
108.797000,0.000076,0.000063,0.000001,0.000003,0.000009,0.000000
108.853000,0.000076,0.000058,0.000002,0.000005,0.000005,0.000006
109.029000,0.000076,0.000006,0.000003,0.000000,0.000059,0.000007
109.124000,0.000076,0.000038,0.000005,0.000008,0.000008,0.000018
109.286000,0.000076,0.000042,0.000000,0.000000,0.000016,0.000018
109.312000,0.000076,0.000024,0.000005,0.000000,0.000003,0.000044
109.401000,0.000076,0.000054,0.000011,0.000001,0.000010,0.000000
109.434000,0.000076,0.000012,0.000000,0.000034,0.000007,0.000023
109.556000,0.000076,0.000016,0.000015,0.000003,0.000020,0.000022
109.577000,0.000076,0.000022,0.000018,0.000026,0.000004,0.000006
109.740000,0.000076,0.000018,0.000000,0.000005,0.000049,0.000003
109.762000,0.000076,0.000020,0.000009,0.000005,0.000016,0.000026
109.772000,0.000076,0.000025,0.000008,0.000001,0.000035,0.000007
109.969000,0.000076,0.000008,0.000000,0.000029,0.000014,0.000025
109.995000,0.000076,0.000041,0.000006,0.000008,0.000009,0.000012
110.046000,0.000076,0.000025,0.000000,0.000042,0.000000,0.000009
110.061000,0.000076,0.000019,0.000000,0.000024,0.000006,0.000027
110.079000,0.000076,0.000039,0.000005,0.000015,0.000018,0.000000
110.191000,0.000076,0.000027,0.000000,0.000002,0.000000,0.000047
110.216000,0.000076,0.000025,0.000000,0.000002,0.000008,0.000042
110.289000,0.000076,0.000023,0.000022,0.000003,0.000028,0.000000
110.406000,0.000076,0.000000,0.000000,0.000067,0.000009,0.000000
110.448000,0.000076,0.000013,0.000005,0.000000,0.000058,0.000000
110.496000,0.000076,0.000012,0.000000,0.000029,0.000028,0.000007
110.499000,0.000076,0.000023,0.000000,0.000043,0.000000,0.000010
110.555000,0.000076,0.000020,0.000009,0.000009,0.000009,0.000029
110.570000,0.000076,0.000006,0.000005,0.000000,0.000049,0.000016
110.582000,0.000076,0.000024,0.000000,0.000020,0.000022,0.000010
110.612000,0.000076,0.000004,0.000000,0.000065,0.000007,0.000000
110.621000,0.000076,0.000048,0.000000,0.000001,0.000004,0.000023
110.678000,0.000076,0.000013,0.000000,0.000032,0.000006,0.000024
110.689000,0.000076,0.000012,0.000000,0.000006,0.000012,0.000046
110.691000,0.000076,0.000011,0.000000,0.000036,0.000020,0.000009
110.770000,0.000076,0.000000,0.000000,0.000015,0.000046,0.000014
110.789000,0.000076,0.000035,0.000000,0.000000,0.000023,0.000018
110.920000,0.000076,0.000006,0.000006,0.000061,0.000000,0.000002
110.954000,0.000076,0.000004,0.000000,0.000004,0.000043,0.000025
111.050000,0.000076,0.000017,0.000000,0.000002,0.000044,0.000013
111.109000,0.000076,0.000044,0.000000,0.000006,0.000021,0.000005
111.178000,0.000076,0.000019,0.000002,0.000000,0.000005,0.000050
111.182000,0.000076,0.000014,0.000000,0.000010,0.000003,0.000049
111.255000,0.000076,0.000059,0.000000,0.000005,0.000005,0.000006
111.354000,0.000076,0.000048,0.000000,0.000021,0.000000,0.000007
111.426000,0.000076,0.000034,0.000002,0.000025,0.000000,0.000015
111.498000,0.000076,0.000010,0.000004,0.000004,0.000052,0.000007
111.570000,0.000076,0.000041,0.000000,0.000017,0.000000,0.000018
111.604000,0.000076,0.000042,0.000017,0.000002,0.000003,0.000012
111.749000,0.000076,0.000008,0.000000,0.000006,0.000039,0.000023
111.801000,0.000076,0.000024,0.000012,0.000021,0.000008,0.000011
111.882000,0.000076,0.000020,0.000001,0.000009,0.000000,0.000046
111.905000,0.000076,0.000032,0.000000,0.000009,0.000006,0.000029
111.925000,0.000076,0.000038,0.000000,0.000000,0.000022,0.000016
112.080000,0.000076,0.000036,0.000000,0.000007,0.000017,0.000016
112.118000,0.000076,0.000000,0.000000,0.000033,0.000007,0.000036
112.389000,0.000076,0.000014,0.000009,0.000000,0.000035,0.000018
112.458000,0.000076,0.000023,0.000006,0.000005,0.000000,0.000042
112.483000,0.000076,0.000001,0.000000,0.000029,0.000000,0.000046
112.611000,0.000076,0.000001,0.000000,0.000003,0.000026,0.000045
112.643000,0.000076,0.000039,0.000000,0.000000,0.000018,0.000019
112.673000,0.000076,0.000021,0.000003,0.000004,0.000028,0.000020
112.796000,0.000076,0.000015,0.000000,0.000005,0.000002,0.000055
112.813000,0.000076,0.000023,0.000000,0.000011,0.000021,0.000021
112.897000,0.000076,0.000028,0.000009,0.000000,0.000015,0.000025
112.913000,0.000076,0.000059,0.000004,0.000005,0.000007,0.000001
112.958000,0.000076,0.000017,0.000000,0.000000,0.000007,0.000052
113.088000,0.000076,0.000022,0.000000,0.000006,0.000002,0.000047
113.115000,0.000076,0.000016,0.000000,0.000009,0.000001,0.000049
113.144000,0.000076,0.000005,0.000000,0.000016,0.000014,0.000041
113.205000,0.000076,0.000030,0.000000,0.000003,0.000007,0.000036
113.248000,0.000076,0.000034,0.000000,0.000003,0.000025,0.000013
113.279000,0.000076,0.000053,0.000000,0.000017,0.000000,0.000007
113.397000,0.000076,0.000005,0.000011,0.000051,0.000006,0.000003
113.509000,0.000076,0.000010,0.000009,0.000002,0.000012,0.000044
113.561000,0.000076,0.000020,0.000000,0.000000,0.000011,0.000045
113.628000,0.000076,0.000017,0.000000,0.000009,0.000043,0.000006
113.752000,0.000076,0.000024,0.000010,0.000005,0.000035,0.000002
113.806000,0.000076,0.000036,0.000012,0.000011,0.000014,0.000002
113.879000,0.000076,0.000017,0.000005,0.000000,0.000054,0.000000
113.928000,0.000076,0.000040,0.000000,0.000013,0.000004,0.000019
114.027000,0.000076,0.000022,0.000007,0.000048,0.000000,0.000000
114.092000,0.000076,0.000000,0.000001,0.000034,0.000007,0.000033
114.262000,0.000076,0.000025,0.000006,0.000017,0.000000,0.000029
114.322000,0.000076,0.000053,0.000002,0.000012,0.000006,0.000002
114.361000,0.000076,0.000021,0.000000,0.000000,0.000033,0.000022
114.370000,0.000076,0.000031,0.000010,0.000004,0.000006,0.000026
114.374000,0.000076,0.000022,0.000000,0.000029,0.000011,0.000014
114.423000,0.000076,0.000029,0.000007,0.000021,0.000000,0.000019
114.437000,0.000076,0.000020,0.000000,0.000025,0.000028,0.000003
114.532000,0.000076,0.000027,0.000000,0.000044,0.000000,0.000004
114.570000,0.000076,0.000031,0.000003,0.000007,0.000032,0.000004
114.672000,0.000076,0.000019,0.000000,0.000007,0.000027,0.000023
114.703000,0.000076,0.000039,0.000007,0.000020,0.000009,0.000000
114.738000,0.000076,0.000004,0.000003,0.000003,0.000027,0.000038
114.846000,0.000076,0.000062,0.000000,0.000010,0.000003,0.000001
114.898000,0.000076,0.000021,0.000000,0.000000,0.000009,0.000046
115.052000,0.000076,0.000023,0.000003,0.000010,0.000000,0.000040
115.069000,0.000076,0.000023,0.000000,0.000023,0.000023,0.000007
115.228000,0.000076,0.000044,0.000011,0.000005,0.000015,0.000001
115.322000,0.000076,0.000020,0.000008,0.000002,0.000017,0.000030
115.369000,0.000076,0.000024,0.000006,0.000025,0.000001,0.000021
115.418000,0.000076,0.000006,0.000010,0.000000,0.000005,0.000055
115.529000,0.000076,0.000021,0.000002,0.000025,0.000007,0.000022
115.559000,0.000076,0.000019,0.000005,0.000000,0.000014,0.000038
115.593000,0.000076,0.000019,0.000003,0.000007,0.000023,0.000024
115.607000,0.000076,0.000038,0.000001,0.000000,0.000021,0.000016
115.617000,0.000076,0.000047,0.000012,0.000012,0.000000,0.000005
115.784000,0.000076,0.000025,0.000017,0.000008,0.000027,0.000000
115.887000,0.000076,0.000009,0.000000,0.000019,0.000004,0.000044
115.923000,0.000076,0.000023,0.000005,0.000028,0.000018,0.000002
115.938000,0.000076,0.000041,0.000002,0.000017,0.000004,0.000012
116.011000,0.000076,0.000055,0.000003,0.000005,0.000000,0.000013
116.050000,0.000076,0.000009,0.000000,0.000013,0.000050,0.000004
116.100000,0.000076,0.000057,0.000004,0.000013,0.000001,0.000000
116.383000,0.000076,0.000029,0.000000,0.000022,0.000000,0.000025
116.415000,0.000076,0.000008,0.000000,0.000000,0.000062,0.000007
116.454000,0.000076,0.000026,0.000004,0.000022,0.000016,0.000008
116.542000,0.000076,0.000021,0.000002,0.000002,0.000022,0.000029
116.569000,0.000076,0.000009,0.000006,0.000007,0.000037,0.000017
116.572000,0.000076,0.000047,0.000007,0.000020,0.000000,0.000002
116.625000,0.000076,0.000020,0.000000,0.000004,0.000008,0.000044
116.650000,0.000076,0.000013,0.000000,0.000005,0.000031,0.000028
116.693000,0.000076,0.000020,0.000000,0.000000,0.000031,0.000025
116.754000,0.000076,0.000038,0.000000,0.000009,0.000001,0.000028
116.866000,0.000076,0.000020,0.000015,0.000011,0.000017,0.000013
116.914000,0.000076,0.000014,0.000009,0.000044,0.000000,0.000010
116.960000,0.000076,0.000051,0.000004,0.000017,0.000004,0.000000
116.999000,0.000076,0.000019,0.000005,0.000002,0.000010,0.000040
117.059000,0.000076,0.000010,0.000000,0.000017,0.000005,0.000044
117.099000,0.000076,0.000014,0.000003,0.000019,0.000007,0.000033
117.131000,0.000076,0.000028,0.000005,0.000004,0.000022,0.000016
117.202000,0.000076,0.000011,0.000009,0.000025,0.000012,0.000020
117.483000,0.000076,0.000017,0.000011,0.000007,0.000029,0.000012
117.516000,0.000076,0.000013,0.000000,0.000011,0.000001,0.000051
117.685000,0.000076,0.000022,0.000000,0.000011,0.000009,0.000034
117.724000,0.000076,0.000020,0.000019,0.000031,0.000000,0.000005
117.790000,0.000076,0.000008,0.000000,0.000036,0.000031,0.000001
117.890000,0.000076,0.000007,0.000000,0.000000,0.000052,0.000016
117.910000,0.000076,0.000013,0.000000,0.000018,0.000022,0.000023
117.981000,0.000076,0.000014,0.000000,0.000007,0.000043,0.000012
118.054000,0.000076,0.000048,0.000004,0.000001,0.000009,0.000014
118.071000,0.000152,0.000045,0.000000,0.000022,0.000032,0.000053
118.096000,0.000076,0.000032,0.000000,0.000003,0.000020,0.000021
118.202000,0.000076,0.000040,0.000016,0.000006,0.000000,0.000014
118.275000,0.000076,0.000022,0.000000,0.000004,0.000009,0.000040
118.290000,0.000076,0.000023,0.000000,0.000047,0.000004,0.000002
118.304000,0.000076,0.000052,0.000000,0.000007,0.000003,0.000013
118.315000,0.000076,0.000047,0.000000,0.000006,0.000000,0.000023
118.342000,0.000076,0.000061,0.000000,0.000008,0.000000,0.000008
118.381000,0.000076,0.000014,0.000000,0.000004,0.000031,0.000027
118.401000,0.000076,0.000020,0.000001,0.000034,0.000010,0.000011
118.595000,0.000076,0.000004,0.000000,0.000005,0.000059,0.000008
118.662000,0.000076,0.000012,0.000000,0.000004,0.000050,0.000010
118.665000,0.000076,0.000011,0.000003,0.000060,0.000002,0.000000
118.950000,0.000076,0.000034,0.000000,0.000027,0.000000,0.000015
119.050000,0.000076,0.000031,0.000000,0.000014,0.000005,0.000026
119.123000,0.000076,0.000022,0.000000,0.000024,0.000000,0.000030
119.161000,0.000076,0.000006,0.000004,0.000024,0.000014,0.000028
119.377000,0.000076,0.000038,0.000006,0.000006,0.000000,0.000026
119.383000,0.000076,0.000009,0.000012,0.000000,0.000020,0.000035
119.406000,0.000076,0.000018,0.000003,0.000026,0.000016,0.000013
119.421000,0.000076,0.000013,0.000002,0.000000,0.000035,0.000026
119.431000,0.000076,0.000008,0.000000,0.000058,0.000008,0.000002
119.434000,0.000076,0.000007,0.000005,0.000021,0.000040,0.000003
119.667000,0.000076,0.000007,0.000000,0.000004,0.000052,0.000013
119.683000,0.000076,0.000037,0.000000,0.000035,0.000000,0.000004
119.746000,0.000076,0.000047,0.000005,0.000014,0.000008,0.000002
119.759000,0.000152,0.000040,0.000010,0.000011,0.000056,0.000036
119.840000,0.000076,0.000040,0.000000,0.000012,0.000004,0.000019
119.844000,0.000076,0.000008,0.000003,0.000000,0.000055,0.000011
119.926000,0.000076,0.000021,0.000000,0.000021,0.000013,0.000021
119.928000,0.000076,0.000022,0.000000,0.000000,0.000024,0.000031
119.934000,0.000076,0.000015,0.000000,0.000040,0.000011,0.000010
119.982000,0.000076,0.000055,0.000000,0.000008,0.000001,0.000012
120.111000,0.000076,0.000012,0.000000,0.000023,0.000030,0.000011
120.134000,0.000076,0.000014,0.000014,0.000000,0.000038,0.000010
120.149000,0.000076,0.000054,0.000000,0.000011,0.000004,0.000008
120.234000,0.000076,0.000032,0.000000,0.000025,0.000013,0.000007
120.370000,0.000076,0.000022,0.000010,0.000021,0.000003,0.000019
120.431000,0.000076,0.000059,0.000003,0.000007,0.000000,0.000007
120.667000,0.000076,0.000034,0.000003,0.000010,0.000011,0.000019
120.757000,0.000076,0.000012,0.000006,0.000040,0.000003,0.000015
120.800000,0.000076,0.000033,0.000000,0.000000,0.000006,0.000037
120.805000,0.000076,0.000023,0.000005,0.000010,0.000007,0.000032
120.824000,0.000076,0.000026,0.000000,0.000000,0.000006,0.000044
120.884000,0.000076,0.000018,0.000001,0.000009,0.000042,0.000006
121.149000,0.000076,0.000028,0.000018,0.000026,0.000004,0.000000
121.155000,0.000076,0.000031,0.000003,0.000000,0.000029,0.000012
121.199000,0.000076,0.000004,0.000000,0.000033,0.000000,0.000038
121.250000,0.000076,0.000012,0.000000,0.000025,0.000028,0.000012
121.263000,0.000076,0.000022,0.000000,0.000021,0.000003,0.000030
121.284000,0.000076,0.000010,0.000006,0.000051,0.000000,0.000009
121.633000,0.000076,0.000038,0.000014,0.000000,0.000024,0.000000
121.923000,0.000076,0.000027,0.000000,0.000011,0.000015,0.000023
121.934000,0.000076,0.000076,0.000000,0.000000,0.000000,0.000000
122.078000,0.000076,0.000050,0.000001,0.000008,0.000005,0.000012
122.191000,0.000076,0.000014,0.000000,0.000011,0.000003,0.000048
122.208000,0.000076,0.000004,0.000000,0.000024,0.000032,0.000015
122.236000,0.000076,0.000071,0.000000,0.000002,0.000003,0.000000
122.287000,0.000076,0.000005,0.000000,0.000023,0.000044,0.000003
122.430000,0.000076,0.000031,0.000000,0.000018,0.000011,0.000016
122.434000,0.000076,0.000011,0.000000,0.000014,0.000046,0.000005
122.438000,0.000076,0.000061,0.000000,0.000007,0.000000,0.000008
122.543000,0.000076,0.000018,0.000000,0.000005,0.000013,0.000039
122.606000,0.000076,0.000056,0.000002,0.000003,0.000003,0.000013
122.619000,0.000076,0.000038,0.000000,0.000013,0.000011,0.000013
122.688000,0.000076,0.000023,0.000005,0.000033,0.000006,0.000009
122.708000,0.000076,0.000013,0.000000,0.000014,0.000005,0.000045
122.958000,0.000076,0.000008,0.000003,0.000010,0.000035,0.000020
122.975000,0.000076,0.000016,0.000000,0.000030,0.000004,0.000026
123.016000,0.000076,0.000026,0.000005,0.000000,0.000025,0.000020
123.104000,0.000076,0.000056,0.000001,0.000008,0.000002,0.000010
123.149000,0.000076,0.000003,0.000011,0.000029,0.000033,0.000000
123.198000,0.000076,0.000031,0.000000,0.000019,0.000025,0.000002
123.203000,0.000076,0.000014,0.000000,0.000006,0.000045,0.000011
123.239000,0.000076,0.000035,0.000000,0.000015,0.000025,0.000002
123.240000,0.000076,0.000016,0.000003,0.000008,0.000049,0.000000
123.315000,0.000076,0.000033,0.000009,0.000015,0.000000,0.000019
123.343000,0.000076,0.000036,0.000000,0.000026,0.000011,0.000002
123.486000,0.000076,0.000070,0.000004,0.000000,0.000002,0.000000
123.490000,0.000076,0.000032,0.000000,0.000006,0.000012,0.000026
123.496000,0.000076,0.000042,0.000000,0.000014,0.000010,0.000010
123.502000,0.000076,0.000067,0.000000,0.000004,0.000001,0.000003
123.588000,0.000076,0.000004,0.000000,0.000038,0.000000,0.000034
123.616000,0.000076,0.000015,0.000017,0.000017,0.000002,0.000025
123.622000,0.000076,0.000023,0.000008,0.000000,0.000028,0.000017
123.665000,0.000076,0.000010,0.000000,0.000013,0.000029,0.000024
123.717000,0.000076,0.000016,0.000000,0.000000,0.000053,0.000007
123.815000,0.000076,0.000030,0.000000,0.000016,0.000000,0.000030
123.917000,0.000076,0.000042,0.000007,0.000004,0.000000,0.000023
124.062000,0.000076,0.000042,0.000009,0.000004,0.000000,0.000021
124.105000,0.000076,0.000029,0.000000,0.000005,0.000026,0.000016
124.153000,0.000076,0.000015,0.000006,0.000004,0.000041,0.000010
124.161000,0.000076,0.000041,0.000000,0.000028,0.000000,0.000007
124.244000,0.000076,0.000012,0.000000,0.000029,0.000031,0.000005
124.264000,0.000076,0.000027,0.000000,0.000004,0.000026,0.000019
124.270000,0.000076,0.000023,0.000005,0.000000,0.000024,0.000024
124.327000,0.000076,0.000013,0.000000,0.000035,0.000006,0.000022
124.337000,0.000076,0.000013,0.000001,0.000021,0.000008,0.000033
124.403000,0.000076,0.000004,0.000002,0.000000,0.000027,0.000043
124.428000,0.000076,0.000033,0.000004,0.000008,0.000012,0.000019
124.452000,0.000076,0.000026,0.000003,0.000013,0.000031,0.000003
124.494000,0.000076,0.000023,0.000000,0.000000,0.000016,0.000037
124.584000,0.000076,0.000014,0.000009,0.000014,0.000013,0.000027
125.035000,0.000076,0.000022,0.000016,0.000002,0.000036,0.000000
125.038000,0.000152,0.000026,0.000001,0.000022,0.000092,0.000012
125.084000,0.000076,0.000030,0.000003,0.000017,0.000007,0.000019
125.137000,0.000076,0.000051,0.000000,0.000000,0.000023,0.000002
125.138000,0.000076,0.000035,0.000000,0.000031,0.000003,0.000007
125.153000,0.000076,0.000044,0.000000,0.000025,0.000002,0.000005
125.251000,0.000076,0.000042,0.000002,0.000016,0.000014,0.000003
125.329000,0.000076,0.000025,0.000000,0.000000,0.000009,0.000042
125.570000,0.000076,0.000055,0.000010,0.000005,0.000000,0.000006
125.616000,0.000076,0.000068,0.000002,0.000006,0.000000,0.000000
125.649000,0.000076,0.000008,0.000006,0.000003,0.000035,0.000025
125.685000,0.000076,0.000000,0.000003,0.000016,0.000028,0.000029
125.703000,0.000076,0.000025,0.000000,0.000017,0.000014,0.000020
125.737000,0.000076,0.000025,0.000001,0.000000,0.000010,0.000041
125.790000,0.000076,0.000026,0.000002,0.000000,0.000013,0.000036
125.842000,0.000076,0.000008,0.000005,0.000000,0.000047,0.000016
125.847000,0.000076,0.000056,0.000000,0.000016,0.000000,0.000004
125.890000,0.000076,0.000051,0.000000,0.000016,0.000003,0.000006
125.904000,0.000076,0.000022,0.000000,0.000029,0.000000,0.000025
125.987000,0.000076,0.000031,0.000000,0.000010,0.000026,0.000009
125.997000,0.000076,0.000033,0.000000,0.000000,0.000001,0.000042
126.103000,0.000076,0.000045,0.000016,0.000000,0.000011,0.000004
126.243000,0.000076,0.000035,0.000007,0.000011,0.000000,0.000023
126.380000,0.000076,0.000016,0.000000,0.000015,0.000010,0.000035
126.512000,0.000076,0.000039,0.000002,0.000003,0.000016,0.000016
126.530000,0.000076,0.000025,0.000003,0.000007,0.000002,0.000038
126.755000,0.000076,0.000050,0.000002,0.000000,0.000017,0.000007
126.829000,0.000076,0.000015,0.000007,0.000045,0.000009,0.000000
126.837000,0.000076,0.000034,0.000006,0.000000,0.000012,0.000025
126.845000,0.000076,0.000050,0.000014,0.000006,0.000000,0.000005
126.931000,0.000076,0.000006,0.000000,0.000007,0.000047,0.000016
127.035000,0.000076,0.000003,0.000006,0.000000,0.000057,0.000010
127.085000,0.000076,0.000032,0.000003,0.000002,0.000006,0.000033
127.088000,0.000076,0.000042,0.000005,0.000000,0.000014,0.000014
127.144000,0.000076,0.000036,0.000000,0.000021,0.000003,0.000016
127.154000,0.000076,0.000011,0.000007,0.000016,0.000003,0.000039
127.331000,0.000076,0.000051,0.000007,0.000005,0.000013,0.000000
127.339000,0.000076,0.000037,0.000007,0.000011,0.000005,0.000016
127.349000,0.000076,0.000029,0.000013,0.000027,0.000005,0.000002
127.442000,0.000076,0.000034,0.000000,0.000017,0.000013,0.000012
127.470000,0.000076,0.000053,0.000003,0.000002,0.000014,0.000004
127.474000,0.000076,0.000006,0.000000,0.000031,0.000034,0.000005
127.537000,0.000076,0.000000,0.000008,0.000042,0.000000,0.000026
127.540000,0.000076,0.000003,0.000000,0.000019,0.000009,0.000044
127.574000,0.000076,0.000025,0.000000,0.000001,0.000050,0.000000
127.711000,0.000076,0.000033,0.000015,0.000013,0.000016,0.000000
127.733000,0.000076,0.000027,0.000000,0.000012,0.000029,0.000008
127.997000,0.000076,0.000033,0.000014,0.000000,0.000005,0.000024
128.080000,0.000076,0.000009,0.000000,0.000008,0.000033,0.000025
128.135000,0.000076,0.000004,0.000009,0.000008,0.000032,0.000023
128.172000,0.000076,0.000055,0.000000,0.000005,0.000005,0.000010
128.204000,0.000076,0.000042,0.000000,0.000000,0.000004,0.000030
128.227000,0.000076,0.000027,0.000000,0.000005,0.000012,0.000032
128.292000,0.000076,0.000004,0.000000,0.000023,0.000021,0.000027
128.460000,0.000076,0.000005,0.000000,0.000010,0.000026,0.000035
128.462000,0.000076,0.000000,0.000004,0.000015,0.000002,0.000056
128.480000,0.000076,0.000021,0.000009,0.000008,0.000037,0.000001
128.520000,0.000076,0.000040,0.000000,0.000017,0.000013,0.000006
128.527000,0.000076,0.000003,0.000003,0.000010,0.000047,0.000013
128.726000,0.000076,0.000018,0.000000,0.000008,0.000022,0.000027
128.763000,0.000076,0.000034,0.000000,0.000017,0.000001,0.000024
128.775000,0.000076,0.000013,0.000000,0.000019,0.000002,0.000042
128.866000,0.000076,0.000032,0.000005,0.000004,0.000020,0.000015
128.953000,0.000076,0.000018,0.000010,0.000013,0.000022,0.000013
129.289000,0.000076,0.000032,0.000001,0.000011,0.000030,0.000001
129.304000,0.000076,0.000019,0.000000,0.000004,0.000013,0.000040
129.340000,0.000076,0.000011,0.000008,0.000037,0.000000,0.000021
129.353000,0.000076,0.000050,0.000008,0.000017,0.000001,0.000000
129.424000,0.000076,0.000039,0.000005,0.000006,0.000006,0.000020
129.440000,0.000076,0.000063,0.000000,0.000009,0.000000,0.000004
129.629000,0.000076,0.000014,0.000004,0.000006,0.000014,0.000039
129.642000,0.000076,0.000035,0.000000,0.000008,0.000000,0.000032
129.683000,0.000076,0.000021,0.000000,0.000007,0.000008,0.000040
129.691000,0.000076,0.000010,0.000001,0.000009,0.000010,0.000045
129.794000,0.000076,0.000017,0.000000,0.000001,0.000048,0.000010
129.800000,0.000076,0.000001,0.000000,0.000026,0.000048,0.000000
129.847000,0.000076,0.000014,0.000000,0.000010,0.000024,0.000028
129.932000,0.000076,0.000026,0.000000,0.000020,0.000004,0.000027
130.054000,0.000076,0.000007,0.000000,0.000010,0.000029,0.000030
130.129000,0.000076,0.000009,0.000001,0.000007,0.000027,0.000032
130.172000,0.000076,0.000004,0.000004,0.000064,0.000004,0.000000
130.187000,0.000076,0.000008,0.000011,0.000022,0.000019,0.000016
130.188000,0.000076,0.000022,0.000001,0.000014,0.000008,0.000032
130.306000,0.000076,0.000061,0.000000,0.000000,0.000002,0.000013
130.478000,0.000076,0.000021,0.000000,0.000000,0.000041,0.000014
130.538000,0.000076,0.000020,0.000003,0.000008,0.000043,0.000002
130.625000,0.000076,0.000046,0.000000,0.000008,0.000008,0.000014
130.628000,0.000076,0.000023,0.000000,0.000009,0.000013,0.000031
130.712000,0.000076,0.000028,0.000000,0.000005,0.000020,0.000023
130.730000,0.000076,0.000020,0.000002,0.000008,0.000011,0.000035
130.936000,0.000076,0.000015,0.000000,0.000007,0.000023,0.000031
130.965000,0.000076,0.000006,0.000000,0.000015,0.000040,0.000016
131.028000,0.000076,0.000010,0.000002,0.000000,0.000045,0.000018
131.036000,0.000076,0.000030,0.000000,0.000003,0.000029,0.000014
131.046000,0.000076,0.000010,0.000000,0.000031,0.000011,0.000025
131.170000,0.000076,0.000022,0.000002,0.000017,0.000000,0.000036
131.185000,0.000076,0.000031,0.000005,0.000005,0.000019,0.000016
131.200000,0.000076,0.000004,0.000010,0.000016,0.000015,0.000032
131.204000,0.000076,0.000020,0.000002,0.000008,0.000000,0.000045
131.399000,0.000076,0.000030,0.000000,0.000003,0.000006,0.000038
131.459000,0.000076,0.000020,0.000004,0.000000,0.000031,0.000020
131.461000,0.000076,0.000011,0.000011,0.000005,0.000013,0.000036
131.549000,0.000076,0.000025,0.000003,0.000002,0.000017,0.000029
131.582000,0.000076,0.000025,0.000006,0.000041,0.000000,0.000004
131.592000,0.000076,0.000010,0.000004,0.000010,0.000019,0.000033
131.639000,0.000076,0.000031,0.000000,0.000006,0.000039,0.000000
131.669000,0.000076,0.000005,0.000000,0.000030,0.000015,0.000025
131.745000,0.000076,0.000019,0.000000,0.000028,0.000000,0.000028
131.750000,0.000076,0.000040,0.000004,0.000012,0.000000,0.000021
131.780000,0.000076,0.000021,0.000000,0.000008,0.000026,0.000022
131.834000,0.000076,0.000005,0.000000,0.000038,0.000000,0.000033
131.922000,0.000076,0.000009,0.000000,0.000033,0.000008,0.000026
131.953000,0.000076,0.000013,0.000011,0.000000,0.000045,0.000008
131.988000,0.000076,0.000046,0.000005,0.000000,0.000005,0.000019
132.061000,0.000076,0.000024,0.000000,0.000006,0.000022,0.000024
132.072000,0.000076,0.000015,0.000003,0.000000,0.000052,0.000005
132.076000,0.000076,0.000042,0.000000,0.000027,0.000000,0.000007
132.096000,0.000076,0.000026,0.000000,0.000004,0.000031,0.000015
132.127000,0.000076,0.000009,0.000002,0.000041,0.000006,0.000018
132.223000,0.000076,0.000067,0.000000,0.000001,0.000001,0.000008
132.238000,0.000076,0.000035,0.000004,0.000000,0.000013,0.000024
132.308000,0.000076,0.000034,0.000000,0.000010,0.000022,0.000010
132.331000,0.000076,0.000037,0.000006,0.000006,0.000007,0.000021
132.344000,0.000076,0.000065,0.000000,0.000008,0.000000,0.000004
132.378000,0.000076,0.000033,0.000003,0.000007,0.000002,0.000031
132.426000,0.000076,0.000048,0.000007,0.000003,0.000009,0.000009
132.545000,0.000076,0.000021,0.000017,0.000004,0.000034,0.000001
132.641000,0.000076,0.000026,0.000000,0.000006,0.000027,0.000018
132.696000,0.000076,0.000021,0.000003,0.000022,0.000017,0.000013
132.805000,0.000076,0.000022,0.000000,0.000022,0.000012,0.000019
132.876000,0.000152,0.000072,0.000001,0.000026,0.000043,0.000009
132.883000,0.000076,0.000044,0.000008,0.000010,0.000000,0.000014
132.934000,0.000076,0.000017,0.000002,0.000026,0.000012,0.000019
132.972000,0.000076,0.000044,0.000001,0.000000,0.000026,0.000005
132.983000,0.000076,0.000000,0.000002,0.000002,0.000064,0.000009
132.996000,0.000076,0.000021,0.000000,0.000005,0.000040,0.000011
133.015000,0.000076,0.000029,0.000002,0.000000,0.000014,0.000032
133.086000,0.000076,0.000022,0.000000,0.000010,0.000017,0.000027
133.203000,0.000076,0.000000,0.000008,0.000045,0.000000,0.000023
133.256000,0.000076,0.000015,0.000000,0.000004,0.000047,0.000011
133.314000,0.000076,0.000051,0.000000,0.000005,0.000008,0.000012
133.392000,0.000076,0.000037,0.000000,0.000016,0.000005,0.000018
133.459000,0.000076,0.000040,0.000000,0.000014,0.000018,0.000003
133.607000,0.000076,0.000042,0.000000,0.000016,0.000000,0.000018
133.653000,0.000076,0.000041,0.000009,0.000002,0.000003,0.000021
133.783000,0.000076,0.000025,0.000000,0.000018,0.000030,0.000003
133.833000,0.000076,0.000035,0.000005,0.000036,0.000000,0.000000
133.834000,0.000076,0.000005,0.000000,0.000017,0.000017,0.000038
133.918000,0.000076,0.000007,0.000005,0.000012,0.000022,0.000031
133.939000,0.000076,0.000027,0.000000,0.000005,0.000006,0.000037
134.370000,0.000076,0.000039,0.000010,0.000013,0.000003,0.000011
134.451000,0.000076,0.000026,0.000000,0.000000,0.000013,0.000037
134.505000,0.000076,0.000008,0.000000,0.000027,0.000035,0.000005
134.685000,0.000076,0.000021,0.000000,0.000012,0.000012,0.000032
134.714000,0.000076,0.000026,0.000003,0.000036,0.000010,0.000000
134.865000,0.000076,0.000008,0.000000,0.000006,0.000047,0.000016
134.873000,0.000076,0.000023,0.000000,0.000011,0.000000,0.000042
134.902000,0.000076,0.000046,0.000008,0.000017,0.000005,0.000000
134.921000,0.000076,0.000001,0.000000,0.000006,0.000055,0.000014
135.095000,0.000076,0.000025,0.000005,0.000009,0.000000,0.000036
135.120000,0.000076,0.000040,0.000000,0.000010,0.000010,0.000016
135.239000,0.000076,0.000063,0.000000,0.000007,0.000005,0.000000
135.260000,0.000076,0.000018,0.000000,0.000025,0.000010,0.000023
135.298000,0.000076,0.000006,0.000001,0.000000,0.000051,0.000018
135.371000,0.000076,0.000014,0.000000,0.000052,0.000003,0.000007
135.466000,0.000076,0.000066,0.000001,0.000006,0.000003,0.000000
135.498000,0.000076,0.000001,0.000000,0.000014,0.000006,0.000055
135.502000,0.000076,0.000020,0.000000,0.000016,0.000012,0.000029
135.520000,0.000076,0.000036,0.000001,0.000006,0.000013,0.000021
135.638000,0.000076,0.000015,0.000005,0.000017,0.000023,0.000015
135.663000,0.000076,0.000017,0.000002,0.000012,0.000032,0.000013
135.672000,0.000076,0.000005,0.000003,0.000042,0.000012,0.000015
135.704000,0.000076,0.000042,0.000000,0.000009,0.000000,0.000025
135.732000,0.000076,0.000034,0.000001,0.000031,0.000000,0.000010
135.744000,0.000076,0.000007,0.000004,0.000017,0.000019,0.000030
135.798000,0.000076,0.000009,0.000007,0.000024,0.000000,0.000036
135.958000,0.000076,0.000000,0.000000,0.000022,0.000012,0.000042
135.974000,0.000076,0.000009,0.000002,0.000002,0.000052,0.000012
135.998000,0.000076,0.000022,0.000000,0.000005,0.000029,0.000020
136.051000,0.000076,0.000043,0.000000,0.000015,0.000019,0.000000
136.074000,0.000076,0.000008,0.000004,0.000002,0.000029,0.000033
136.091000,0.000076,0.000028,0.000007,0.000008,0.000034,0.000000
136.116000,0.000076,0.000075,0.000001,0.000000,0.000000,0.000000
136.117000,0.000076,0.000023,0.000000,0.000008,0.000014,0.000032
136.141000,0.000076,0.000015,0.000010,0.000030,0.000005,0.000015
136.165000,0.000076,0.000023,0.000000,0.000007,0.000016,0.000030
136.192000,0.000076,0.000006,0.000013,0.000000,0.000039,0.000018
136.215000,0.000076,0.000067,0.000000,0.000007,0.000000,0.000002
136.274000,0.000076,0.000004,0.000009,0.000016,0.000034,0.000014
136.327000,0.000076,0.000004,0.000001,0.000013,0.000003,0.000054
136.595000,0.000076,0.000037,0.000000,0.000000,0.000023,0.000016
136.664000,0.000076,0.000017,0.000007,0.000028,0.000003,0.000020
136.937000,0.000076,0.000010,0.000006,0.000043,0.000002,0.000015
136.966000,0.000076,0.000052,0.000005,0.000005,0.000003,0.000010
137.006000,0.000076,0.000032,0.000006,0.000010,0.000000,0.000028
137.076000,0.000076,0.000004,0.000000,0.000011,0.000020,0.000040
137.102000,0.000076,0.000024,0.000000,0.000005,0.000018,0.000029
137.143000,0.000076,0.000021,0.000004,0.000002,0.000031,0.000019
137.184000,0.000076,0.000042,0.000005,0.000004,0.000025,0.000000
137.366000,0.000076,0.000016,0.000005,0.000012,0.000000,0.000043
137.368000,0.000076,0.000014,0.000000,0.000051,0.000000,0.000011
137.513000,0.000076,0.000024,0.000000,0.000021,0.000004,0.000027
137.581000,0.000076,0.000030,0.000003,0.000027,0.000010,0.000006
137.622000,0.000076,0.000064,0.000008,0.000003,0.000000,0.000002
137.794000,0.000076,0.000022,0.000000,0.000000,0.000003,0.000051
138.042000,0.000076,0.000025,0.000002,0.000013,0.000002,0.000034
138.056000,0.000076,0.000024,0.000000,0.000000,0.000027,0.000025
138.066000,0.000076,0.000002,0.000000,0.000014,0.000033,0.000027
138.132000,0.000076,0.000017,0.000000,0.000008,0.000049,0.000003
138.249000,0.000076,0.000034,0.000000,0.000005,0.000030,0.000007
138.259000,0.000076,0.000004,0.000007,0.000000,0.000045,0.000019
138.271000,0.000076,0.000009,0.000000,0.000028,0.000019,0.000021
138.343000,0.000076,0.000064,0.000000,0.000008,0.000004,0.000000
138.467000,0.000076,0.000064,0.000001,0.000000,0.000007,0.000004
138.601000,0.000076,0.000022,0.000006,0.000037,0.000000,0.000012
138.602000,0.000076,0.000023,0.000008,0.000005,0.000004,0.000036
138.633000,0.000076,0.000045,0.000000,0.000010,0.000016,0.000005
138.662000,0.000076,0.000032,0.000000,0.000023,0.000006,0.000015
138.959000,0.000076,0.000032,0.000002,0.000028,0.000004,0.000009
139.129000,0.000076,0.000025,0.000000,0.000011,0.000014,0.000026
139.163000,0.000076,0.000032,0.000003,0.000039,0.000000,0.000002
139.218000,0.000076,0.000001,0.000005,0.000011,0.000016,0.000043
139.295000,0.000076,0.000016,0.000004,0.000000,0.000013,0.000044
139.319000,0.000076,0.000049,0.000004,0.000008,0.000000,0.000015
139.330000,0.000076,0.000027,0.000000,0.000012,0.000001,0.000036
139.435000,0.000076,0.000016,0.000000,0.000013,0.000017,0.000031
139.587000,0.000076,0.000011,0.000000,0.000002,0.000054,0.000009
139.603000,0.000076,0.000030,0.000003,0.000009,0.000034,0.000000
140.007000,0.000076,0.000034,0.000003,0.000005,0.000013,0.000021
140.143000,0.000076,0.000023,0.000000,0.000015,0.000000,0.000038
140.157000,0.000076,0.000022,0.000000,0.000001,0.000036,0.000017
140.242000,0.000076,0.000048,0.000000,0.000000,0.000005,0.000023
140.286000,0.000076,0.000049,0.000004,0.000023,0.000000,0.000000
140.342000,0.000076,0.000010,0.000000,0.000018,0.000026,0.000021
140.361000,0.000076,0.000005,0.000004,0.000045,0.000005,0.000017
140.423000,0.000076,0.000048,0.000006,0.000018,0.000004,0.000000
140.588000,0.000076,0.000024,0.000000,0.000003,0.000024,0.000025
140.686000,0.000076,0.000063,0.000002,0.000000,0.000008,0.000003
140.710000,0.000076,0.000031,0.000002,0.000000,0.000038,0.000004
140.715000,0.000076,0.000005,0.000008,0.000000,0.000046,0.000016
140.771000,0.000076,0.000030,0.000004,0.000000,0.000003,0.000039
140.809000,0.000076,0.000003,0.000000,0.000061,0.000009,0.000003
140.875000,0.000076,0.000031,0.000000,0.000013,0.000018,0.000014
140.916000,0.000076,0.000017,0.000005,0.000009,0.000044,0.000001
140.919000,0.000076,0.000019,0.000000,0.000012,0.000019,0.000026
141.028000,0.000076,0.000024,0.000000,0.000000,0.000002,0.000050
141.162000,0.000076,0.000017,0.000003,0.000022,0.000015,0.000018
141.204000,0.000076,0.000000,0.000000,0.000023,0.000015,0.000038
141.211000,0.000076,0.000023,0.000000,0.000001,0.000029,0.000023
141.366000,0.000076,0.000040,0.000000,0.000004,0.000002,0.000031
141.382000,0.000076,0.000023,0.000000,0.000011,0.000018,0.000024
141.384000,0.000076,0.000014,0.000004,0.000016,0.000038,0.000004
141.442000,0.000076,0.000020,0.000000,0.000012,0.000002,0.000042
141.450000,0.000076,0.000000,0.000005,0.000003,0.000041,0.000026
141.519000,0.000076,0.000045,0.000004,0.000001,0.000000,0.000027
141.577000,0.000076,0.000018,0.000000,0.000023,0.000011,0.000025
141.692000,0.000076,0.000005,0.000000,0.000018,0.000025,0.000028
141.707000,0.000076,0.000027,0.000003,0.000010,0.000032,0.000004
141.731000,0.000076,0.000031,0.000001,0.000012,0.000012,0.000020
141.751000,0.000076,0.000018,0.000000,0.000006,0.000049,0.000004
141.802000,0.000076,0.000009,0.000000,0.000027,0.000031,0.000009
141.813000,0.000076,0.000015,0.000005,0.000006,0.000042,0.000007
141.818000,0.000076,0.000004,0.000000,0.000012,0.000040,0.000021
141.996000,0.000076,0.000026,0.000004,0.000007,0.000035,0.000003
142.115000,0.000076,0.000020,0.000004,0.000010,0.000019,0.000023
142.381000,0.000076,0.000019,0.000000,0.000020,0.000005,0.000032
142.383000,0.000076,0.000031,0.000000,0.000033,0.000003,0.000009
142.397000,0.000076,0.000018,0.000000,0.000007,0.000016,0.000035
142.447000,0.000076,0.000021,0.000000,0.000005,0.000012,0.000037
142.498000,0.000076,0.000035,0.000000,0.000010,0.000020,0.000010
142.735000,0.000076,0.000012,0.000002,0.000000,0.000040,0.000022
142.811000,0.000076,0.000030,0.000000,0.000016,0.000022,0.000008
142.830000,0.000076,0.000009,0.000000,0.000014,0.000014,0.000039
142.926000,0.000076,0.000043,0.000000,0.000003,0.000000,0.000030
142.987000,0.000076,0.000018,0.000004,0.000009,0.000045,0.000000
143.039000,0.000076,0.000050,0.000002,0.000004,0.000015,0.000005
143.063000,0.000076,0.000015,0.000001,0.000007,0.000046,0.000006
143.188000,0.000076,0.000008,0.000004,0.000021,0.000028,0.000015
143.225000,0.000076,0.000054,0.000000,0.000010,0.000000,0.000012
143.263000,0.000076,0.000061,0.000000,0.000006,0.000000,0.000008
143.341000,0.000076,0.000024,0.000000,0.000037,0.000000,0.000015
143.363000,0.000076,0.000011,0.000001,0.000017,0.000008,0.000039
143.367000,0.000076,0.000025,0.000005,0.000006,0.000023,0.000017
143.432000,0.000076,0.000055,0.000000,0.000000,0.000013,0.000008
143.434000,0.000076,0.000032,0.000000,0.000011,0.000010,0.000022
143.452000,0.000076,0.000010,0.000004,0.000009,0.000046,0.000007
143.530000,0.000076,0.000002,0.000000,0.000044,0.000000,0.000030
143.637000,0.000076,0.000048,0.000000,0.000002,0.000000,0.000026
143.674000,0.000076,0.000009,0.000000,0.000040,0.000007,0.000020
143.739000,0.000076,0.000003,0.000008,0.000022,0.000015,0.000028
143.790000,0.000076,0.000044,0.000000,0.000001,0.000010,0.000020
143.835000,0.000076,0.000008,0.000007,0.000004,0.000001,0.000056
143.900000,0.000076,0.000038,0.000000,0.000010,0.000009,0.000019
144.013000,0.000076,0.000013,0.000004,0.000003,0.000027,0.000030
144.076000,0.000076,0.000048,0.000000,0.000007,0.000008,0.000013
144.109000,0.000076,0.000019,0.000005,0.000009,0.000001,0.000043
144.114000,0.000076,0.000027,0.000008,0.000041,0.000000,0.000000
144.211000,0.000076,0.000025,0.000005,0.000001,0.000039,0.000006
144.279000,0.000076,0.000016,0.000004,0.000006,0.000033,0.000017
144.368000,0.000076,0.000018,0.000000,0.000005,0.000052,0.000000
144.374000,0.000076,0.000023,0.000000,0.000025,0.000011,0.000017
144.421000,0.000076,0.000064,0.000000,0.000001,0.000005,0.000006
144.467000,0.000076,0.000007,0.000000,0.000054,0.000014,0.000000
144.584000,0.000076,0.000032,0.000000,0.000016,0.000008,0.000020
144.621000,0.000076,0.000042,0.000000,0.000012,0.000022,0.000000
144.652000,0.000076,0.000032,0.000000,0.000004,0.000012,0.000028
144.746000,0.000076,0.000014,0.000000,0.000002,0.000046,0.000014
144.765000,0.000076,0.000014,0.000004,0.000005,0.000047,0.000006
144.811000,0.000076,0.000003,0.000005,0.000022,0.000045,0.000001
144.814000,0.000076,0.000013,0.000003,0.000000,0.000041,0.000019
145.018000,0.000076,0.000008,0.000001,0.000031,0.000027,0.000009
145.020000,0.000076,0.000019,0.000005,0.000021,0.000031,0.000000
145.031000,0.000076,0.000009,0.000006,0.000000,0.000051,0.000010
145.130000,0.000076,0.000011,0.000002,0.000015,0.000047,0.000001
145.167000,0.000076,0.000034,0.000004,0.000009,0.000012,0.000017
145.168000,0.000076,0.000021,0.000007,0.000027,0.000022,0.000000
145.171000,0.000076,0.000026,0.000000,0.000005,0.000031,0.000014
145.180000,0.000076,0.000024,0.000000,0.000003,0.000049,0.000000
145.215000,0.000076,0.000000,0.000000,0.000052,0.000017,0.000008
145.223000,0.000076,0.000021,0.000005,0.000012,0.000038,0.000000
145.226000,0.000076,0.000017,0.000000,0.000005,0.000028,0.000027
145.278000,0.000076,0.000002,0.000000,0.000068,0.000000,0.000006
145.285000,0.000076,0.000004,0.000000,0.000015,0.000027,0.000029
145.320000,0.000076,0.000059,0.000000,0.000004,0.000008,0.000006
145.460000,0.000076,0.000031,0.000000,0.000011,0.000015,0.000019
145.483000,0.000076,0.000013,0.000005,0.000008,0.000047,0.000003
145.506000,0.000076,0.000009,0.000006,0.000035,0.000016,0.000011
145.602000,0.000076,0.000005,0.000004,0.000007,0.000039,0.000020
145.678000,0.000076,0.000018,0.000001,0.000010,0.000008,0.000039
145.685000,0.000076,0.000036,0.000011,0.000000,0.000028,0.000001
145.738000,0.000076,0.000000,0.000005,0.000025,0.000037,0.000009
145.873000,0.000076,0.000018,0.000000,0.000017,0.000004,0.000037
145.889000,0.000076,0.000013,0.000000,0.000033,0.000000,0.000029
145.895000,0.000076,0.000022,0.000010,0.000004,0.000039,0.000001
145.908000,0.000076,0.000004,0.000005,0.000000,0.000051,0.000016
145.959000,0.000076,0.000020,0.000000,0.000000,0.000029,0.000027
145.995000,0.000076,0.000022,0.000006,0.000017,0.000016,0.000014
146.157000,0.000076,0.000025,0.000001,0.000000,0.000044,0.000006
146.207000,0.000076,0.000034,0.000000,0.000015,0.000012,0.000015
146.309000,0.000076,0.000040,0.000007,0.000023,0.000001,0.000004
146.395000,0.000076,0.000028,0.000001,0.000012,0.000033,0.000003
146.464000,0.000076,0.000003,0.000000,0.000004,0.000039,0.000030
146.466000,0.000076,0.000000,0.000002,0.000010,0.000049,0.000015
146.575000,0.000076,0.000002,0.000001,0.000000,0.000049,0.000024
146.630000,0.000076,0.000004,0.000000,0.000012,0.000033,0.000026
146.732000,0.000076,0.000022,0.000000,0.000034,0.000003,0.000017
146.784000,0.000076,0.000025,0.000000,0.000013,0.000015,0.000024
146.848000,0.000076,0.000023,0.000000,0.000017,0.000007,0.000029
146.933000,0.000076,0.000024,0.000003,0.000006,0.000042,0.000001
146.944000,0.000076,0.000021,0.000000,0.000011,0.000023,0.000020
146.951000,0.000076,0.000008,0.000004,0.000023,0.000007,0.000034
147.015000,0.000076,0.000028,0.000000,0.000003,0.000027,0.000017
147.082000,0.000076,0.000047,0.000004,0.000003,0.000014,0.000008
147.125000,0.000076,0.000044,0.000004,0.000012,0.000012,0.000004
147.335000,0.000076,0.000025,0.000004,0.000000,0.000017,0.000030
147.379000,0.000076,0.000016,0.000007,0.000005,0.000045,0.000004
147.391000,0.000076,0.000032,0.000000,0.000000,0.000037,0.000007
147.457000,0.000076,0.000022,0.000000,0.000008,0.000036,0.000010
147.483000,0.000076,0.000026,0.000007,0.000000,0.000041,0.000003
147.493000,0.000076,0.000033,0.000004,0.000027,0.000000,0.000012
147.585000,0.000076,0.000036,0.000004,0.000004,0.000003,0.000029
147.679000,0.000076,0.000022,0.000003,0.000010,0.000028,0.000013
147.730000,0.000076,0.000026,0.000005,0.000015,0.000009,0.000022
147.760000,0.000076,0.000039,0.000008,0.000000,0.000018,0.000010
147.842000,0.000076,0.000017,0.000000,0.000006,0.000012,0.000042
148.107000,0.000076,0.000021,0.000000,0.000012,0.000007,0.000037
148.159000,0.000076,0.000003,0.000000,0.000010,0.000035,0.000028
148.161000,0.000076,0.000008,0.000005,0.000031,0.000001,0.000031
148.177000,0.000076,0.000007,0.000000,0.000017,0.000028,0.000023
148.191000,0.000076,0.000005,0.000001,0.000021,0.000025,0.000024
148.214000,0.000076,0.000028,0.000005,0.000001,0.000038,0.000004
148.218000,0.000076,0.000022,0.000008,0.000008,0.000014,0.000024
148.241000,0.000076,0.000017,0.000002,0.000007,0.000028,0.000022
148.303000,0.000076,0.000036,0.000000,0.000002,0.000030,0.000008
148.392000,0.000076,0.000061,0.000001,0.000004,0.000009,0.000002
148.416000,0.000076,0.000018,0.000005,0.000021,0.000009,0.000023
148.422000,0.000076,0.000029,0.000006,0.000002,0.000026,0.000013
148.444000,0.000076,0.000021,0.000001,0.000009,0.000039,0.000005
148.449000,0.000076,0.000034,0.000000,0.000012,0.000013,0.000017
148.458000,0.000076,0.000021,0.000002,0.000014,0.000018,0.000021
148.531000,0.000076,0.000009,0.000002,0.000003,0.000048,0.000015
148.549000,0.000076,0.000031,0.000000,0.000015,0.000027,0.000002
148.694000,0.000076,0.000038,0.000003,0.000000,0.000024,0.000011
148.696000,0.000076,0.000004,0.000000,0.000023,0.000007,0.000043
148.725000,0.000076,0.000017,0.000007,0.000013,0.000033,0.000006
148.836000,0.000076,0.000009,0.000000,0.000019,0.000025,0.000022
148.990000,0.000076,0.000022,0.000003,0.000004,0.000026,0.000021
149.019000,0.000076,0.000030,0.000000,0.000009,0.000035,0.000002
149.045000,0.000076,0.000054,0.000000,0.000005,0.000013,0.000004
149.055000,0.000076,0.000043,0.000000,0.000007,0.000000,0.000027
149.088000,0.000076,0.000016,0.000000,0.000000,0.000051,0.000009
149.283000,0.000076,0.000009,0.000000,0.000029,0.000038,0.000000
149.289000,0.000076,0.000020,0.000000,0.000027,0.000006,0.000023
149.291000,0.000076,0.000005,0.000000,0.000036,0.000001,0.000035
149.403000,0.000076,0.000004,0.000007,0.000019,0.000040,0.000006
149.435000,0.000076,0.000003,0.000000,0.000024,0.000043,0.000006
149.446000,0.000076,0.000031,0.000003,0.000000,0.000038,0.000004
149.503000,0.000076,0.000034,0.000000,0.000000,0.000034,0.000008
149.619000,0.000076,0.000042,0.000001,0.000013,0.000017,0.000004
149.664000,0.000076,0.000053,0.000000,0.000005,0.000003,0.000015
149.672000,0.000076,0.000004,0.000000,0.000042,0.000000,0.000031
149.693000,0.000076,0.000000,0.000000,0.000025,0.000017,0.000034
149.700000,0.000076,0.000004,0.000000,0.000018,0.000042,0.000011
149.747000,0.000076,0.000030,0.000009,0.000022,0.000016,0.000000
149.758000,0.000076,0.000021,0.000000,0.000013,0.000009,0.000034
149.816000,0.000076,0.000025,0.000000,0.000020,0.000000,0.000031
149.882000,0.000076,0.000005,0.000000,0.000042,0.000023,0.000007
149.885000,0.000076,0.000000,0.000000,0.000052,0.000019,0.000005
150.076000,0.000076,0.000025,0.000000,0.000009,0.000036,0.000006
150.154000,0.000076,0.000028,0.000000,0.000003,0.000030,0.000015
150.160000,0.000076,0.000013,0.000000,0.000039,0.000003,0.000021
150.228000,0.000076,0.000042,0.000000,0.000011,0.000006,0.000018
150.318000,0.000076,0.000062,0.000000,0.000001,0.000006,0.000007
150.410000,0.000076,0.000039,0.000000,0.000000,0.000013,0.000024
150.430000,0.000076,0.000028,0.000000,0.000004,0.000018,0.000026
150.434000,0.000076,0.000013,0.000007,0.000024,0.000009,0.000023
150.443000,0.000076,0.000037,0.000000,0.000014,0.000010,0.000014
150.457000,0.000076,0.000035,0.000000,0.000014,0.000017,0.000009
150.458000,0.000076,0.000023,0.000002,0.000024,0.000000,0.000027
150.660000,0.000076,0.000023,0.000000,0.000000,0.000010,0.000043
150.762000,0.000076,0.000011,0.000008,0.000020,0.000006,0.000031
150.836000,0.000076,0.000024,0.000007,0.000010,0.000032,0.000003
150.842000,0.000076,0.000012,0.000000,0.000013,0.000039,0.000011
150.880000,0.000076,0.000035,0.000000,0.000008,0.000006,0.000027
150.954000,0.000076,0.000008,0.000000,0.000039,0.000010,0.000020
151.020000,0.000076,0.000027,0.000000,0.000017,0.000005,0.000027
151.042000,0.000076,0.000012,0.000000,0.000014,0.000024,0.000025
151.070000,0.000076,0.000006,0.000000,0.000054,0.000015,0.000001
151.154000,0.000076,0.000029,0.000000,0.000026,0.000007,0.000014
151.192000,0.000076,0.000018,0.000003,0.000016,0.000008,0.000031
151.196000,0.000076,0.000007,0.000000,0.000018,0.000016,0.000035
151.230000,0.000076,0.000017,0.000004,0.000008,0.000047,0.000000
151.370000,0.000076,0.000012,0.000000,0.000012,0.000039,0.000013
151.396000,0.000076,0.000032,0.000012,0.000000,0.000000,0.000032
151.405000,0.000076,0.000025,0.000000,0.000004,0.000033,0.000015
151.439000,0.000076,0.000029,0.000007,0.000003,0.000035,0.000002
151.519000,0.000076,0.000044,0.000000,0.000003,0.000001,0.000028
151.531000,0.000076,0.000023,0.000000,0.000010,0.000034,0.000010
151.562000,0.000076,0.000015,0.000005,0.000005,0.000041,0.000010
151.673000,0.000076,0.000005,0.000006,0.000042,0.000012,0.000011
151.693000,0.000076,0.000033,0.000005,0.000010,0.000011,0.000017
151.758000,0.000076,0.000005,0.000004,0.000009,0.000026,0.000033
151.784000,0.000076,0.000062,0.000000,0.000000,0.000006,0.000008
151.808000,0.000076,0.000015,0.000005,0.000000,0.000045,0.000011
151.810000,0.000076,0.000021,0.000000,0.000040,0.000000,0.000015
152.023000,0.000076,0.000039,0.000000,0.000009,0.000010,0.000019
152.068000,0.000076,0.000029,0.000000,0.000000,0.000032,0.000015
152.173000,0.000076,0.000020,0.000007,0.000008,0.000017,0.000024
152.194000,0.000076,0.000027,0.000000,0.000000,0.000035,0.000015
152.196000,0.000076,0.000051,0.000000,0.000000,0.000009,0.000016
152.313000,0.000076,0.000005,0.000002,0.000012,0.000039,0.000018
152.658000,0.000076,0.000001,0.000000,0.000024,0.000037,0.000014
152.706000,0.000076,0.000005,0.000000,0.000008,0.000058,0.000005
152.748000,0.000076,0.000027,0.000000,0.000014,0.000024,0.000011
152.762000,0.000076,0.000027,0.000000,0.000000,0.000008,0.000040
152.782000,0.000076,0.000006,0.000000,0.000017,0.000014,0.000039
152.793000,0.000076,0.000021,0.000000,0.000024,0.000012,0.000019
152.838000,0.000076,0.000022,0.000000,0.000038,0.000002,0.000015
152.884000,0.000076,0.000027,0.000004,0.000002,0.000015,0.000028
152.905000,0.000076,0.000005,0.000000,0.000018,0.000003,0.000050
152.964000,0.000076,0.000027,0.000000,0.000004,0.000012,0.000032
153.001000,0.000076,0.000002,0.000000,0.000013,0.000041,0.000020
153.011000,0.000076,0.000003,0.000000,0.000004,0.000037,0.000031
153.026000,0.000076,0.000051,0.000000,0.000013,0.000003,0.000010
153.029000,0.000076,0.000026,0.000007,0.000000,0.000039,0.000004
153.077000,0.000076,0.000031,0.000000,0.000013,0.000012,0.000020
153.118000,0.000076,0.000045,0.000003,0.000003,0.000005,0.000020
153.124000,0.000076,0.000044,0.000004,0.000016,0.000006,0.000006
153.126000,0.000076,0.000023,0.000004,0.000000,0.000027,0.000022
153.142000,0.000076,0.000023,0.000000,0.000004,0.000022,0.000026
153.170000,0.000076,0.000050,0.000000,0.000010,0.000003,0.000013
153.230000,0.000076,0.000013,0.000018,0.000018,0.000000,0.000028
153.249000,0.000076,0.000031,0.000008,0.000029,0.000003,0.000005
153.275000,0.000076,0.000028,0.000000,0.000000,0.000020,0.000028
153.354000,0.000076,0.000006,0.000000,0.000004,0.000045,0.000021
153.409000,0.000076,0.000004,0.000005,0.000013,0.000011,0.000043
153.420000,0.000076,0.000014,0.000003,0.000036,0.000000,0.000023
153.472000,0.000076,0.000033,0.000000,0.000007,0.000001,0.000035
153.483000,0.000076,0.000012,0.000004,0.000000,0.000036,0.000025
153.499000,0.000076,0.000004,0.000000,0.000049,0.000020,0.000004
153.802000,0.000076,0.000020,0.000004,0.000001,0.000029,0.000022
153.838000,0.000076,0.000029,0.000000,0.000012,0.000014,0.000021
153.972000,0.000076,0.000026,0.000007,0.000001,0.000009,0.000034
153.983000,0.000076,0.000052,0.000000,0.000012,0.000008,0.000004
154.023000,0.000076,0.000045,0.000008,0.000000,0.000000,0.000023
154.057000,0.000076,0.000020,0.000006,0.000007,0.000031,0.000012
154.118000,0.000076,0.000003,0.000000,0.000005,0.000055,0.000013
154.178000,0.000076,0.000051,0.000002,0.000000,0.000002,0.000021
154.179000,0.000076,0.000006,0.000008,0.000003,0.000014,0.000045
154.189000,0.000076,0.000018,0.000004,0.000001,0.000011,0.000042
154.205000,0.000076,0.000019,0.000001,0.000014,0.000009,0.000033
154.210000,0.000076,0.000034,0.000007,0.000027,0.000008,0.000000
154.212000,0.000076,0.000041,0.000001,0.000007,0.000002,0.000025
154.235000,0.000076,0.000043,0.000002,0.000006,0.000025,0.000000
154.334000,0.000076,0.000012,0.000000,0.000036,0.000008,0.000020
154.367000,0.000076,0.000026,0.000002,0.000006,0.000009,0.000033
154.379000,0.000076,0.000037,0.000000,0.000031,0.000001,0.000007
154.388000,0.000076,0.000039,0.000000,0.000009,0.000013,0.000015
154.409000,0.000076,0.000044,0.000000,0.000009,0.000002,0.000021
154.414000,0.000076,0.000015,0.000002,0.000000,0.000047,0.000012
154.607000,0.000076,0.000016,0.000005,0.000003,0.000000,0.000052
154.769000,0.000076,0.000026,0.000005,0.000011,0.000035,0.000000
154.788000,0.000076,0.000000,0.000002,0.000000,0.000007,0.000067
154.835000,0.000076,0.000023,0.000002,0.000018,0.000016,0.000017
154.844000,0.000076,0.000036,0.000010,0.000000,0.000010,0.000020
154.874000,0.000076,0.000010,0.000000,0.000004,0.000041,0.000021
154.928000,0.000076,0.000002,0.000000,0.000001,0.000050,0.000022
154.986000,0.000076,0.000061,0.000003,0.000003,0.000000,0.000009
155.052000,0.000076,0.000017,0.000000,0.000019,0.000030,0.000011
155.073000,0.000076,0.000004,0.000003,0.000018,0.000030,0.000022
155.095000,0.000076,0.000028,0.000003,0.000020,0.000015,0.000010
155.159000,0.000076,0.000032,0.000000,0.000005,0.000000,0.000039
155.303000,0.000076,0.000030,0.000000,0.000006,0.000008,0.000032
155.352000,0.000076,0.000001,0.000001,0.000041,0.000030,0.000002
155.362000,0.000076,0.000019,0.000006,0.000004,0.000030,0.000017
155.525000,0.000076,0.000038,0.000000,0.000031,0.000000,0.000007
155.631000,0.000076,0.000027,0.000006,0.000003,0.000013,0.000026
155.661000,0.000076,0.000028,0.000000,0.000000,0.000019,0.000029
155.676000,0.000076,0.000011,0.000000,0.000030,0.000026,0.000008
155.714000,0.000076,0.000033,0.000000,0.000003,0.000023,0.000017
155.740000,0.000076,0.000031,0.000007,0.000014,0.000003,0.000022
155.805000,0.000076,0.000005,0.000000,0.000043,0.000022,0.000006
155.823000,0.000076,0.000012,0.000000,0.000000,0.000013,0.000051
155.979000,0.000076,0.000010,0.000000,0.000002,0.000035,0.000029
155.985000,0.000076,0.000030,0.000001,0.000007,0.000005,0.000033
156.022000,0.000076,0.000002,0.000000,0.000049,0.000014,0.000011
156.050000,0.000076,0.000007,0.000009,0.000000,0.000054,0.000006
156.112000,0.000076,0.000015,0.000001,0.000004,0.000051,0.000004
156.128000,0.000076,0.000021,0.000004,0.000003,0.000039,0.000009
156.183000,0.000076,0.000003,0.000001,0.000048,0.000012,0.000012
156.187000,0.000076,0.000004,0.000004,0.000064,0.000005,0.000000
156.289000,0.000076,0.000000,0.000003,0.000037,0.000000,0.000036
156.293000,0.000076,0.000023,0.000004,0.000013,0.000002,0.000036
156.335000,0.000076,0.000005,0.000000,0.000024,0.000036,0.000012
156.394000,0.000076,0.000000,0.000008,0.000000,0.000045,0.000024
156.405000,0.000076,0.000021,0.000000,0.000002,0.000001,0.000051
156.446000,0.000076,0.000004,0.000000,0.000022,0.000010,0.000041
156.463000,0.000076,0.000002,0.000000,0.000013,0.000040,0.000021
156.468000,0.000076,0.000030,0.000007,0.000009,0.000030,0.000001
156.483000,0.000076,0.000001,0.000000,0.000000,0.000048,0.000027
156.527000,0.000076,0.000015,0.000005,0.000029,0.000010,0.000018
156.618000,0.000076,0.000012,0.000009,0.000015,0.000040,0.000000
156.665000,0.000076,0.000018,0.000006,0.000014,0.000005,0.000033
156.680000,0.000076,0.000031,0.000001,0.000001,0.000043,0.000000
156.745000,0.000076,0.000009,0.000000,0.000009,0.000030,0.000028
156.754000,0.000076,0.000031,0.000007,0.000029,0.000003,0.000006
156.760000,0.000076,0.000016,0.000004,0.000000,0.000051,0.000006
156.898000,0.000076,0.000054,0.000000,0.000005,0.000000,0.000017
156.923000,0.000076,0.000018,0.000000,0.000011,0.000013,0.000035
156.996000,0.000076,0.000009,0.000000,0.000004,0.000033,0.000030
157.086000,0.000076,0.000017,0.000000,0.000000,0.000057,0.000002
157.147000,0.000076,0.000011,0.000000,0.000065,0.000000,0.000000
157.202000,0.000076,0.000030,0.000003,0.000013,0.000002,0.000028
157.222000,0.000076,0.000002,0.000000,0.000005,0.000039,0.000031
157.226000,0.000076,0.000043,0.000003,0.000000,0.000003,0.000028
157.246000,0.000076,0.000012,0.000003,0.000017,0.000010,0.000034
157.420000,0.000076,0.000000,0.000000,0.000007,0.000009,0.000059
157.532000,0.000076,0.000054,0.000000,0.000000,0.000001,0.000021
157.601000,0.000076,0.000018,0.000000,0.000010,0.000046,0.000002
157.693000,0.000076,0.000020,0.000011,0.000000,0.000000,0.000046
157.798000,0.000076,0.000013,0.000000,0.000013,0.000001,0.000048
157.944000,0.000076,0.000005,0.000000,0.000000,0.000048,0.000022
158.027000,0.000076,0.000023,0.000000,0.000000,0.000023,0.000029
158.201000,0.000076,0.000039,0.000000,0.000013,0.000000,0.000025
158.238000,0.000076,0.000022,0.000000,0.000000,0.000035,0.000019
158.280000,0.000076,0.000040,0.000000,0.000000,0.000005,0.000031
158.281000,0.000076,0.000000,0.000000,0.000005,0.000060,0.000011
158.426000,0.000076,0.000054,0.000000,0.000007,0.000003,0.000011
158.432000,0.000076,0.000033,0.000000,0.000022,0.000003,0.000019
158.521000,0.000076,0.000020,0.000000,0.000011,0.000006,0.000040
158.553000,0.000076,0.000032,0.000000,0.000016,0.000010,0.000018
158.605000,0.000076,0.000011,0.000004,0.000005,0.000032,0.000024
158.746000,0.000076,0.000017,0.000000,0.000007,0.000006,0.000047
158.785000,0.000076,0.000007,0.000002,0.000000,0.000048,0.000018
158.844000,0.000076,0.000021,0.000000,0.000036,0.000005,0.000014
158.873000,0.000076,0.000019,0.000005,0.000004,0.000041,0.000007
158.890000,0.000076,0.000043,0.000000,0.000006,0.000006,0.000020
158.944000,0.000076,0.000018,0.000002,0.000000,0.000051,0.000005
158.947000,0.000076,0.000046,0.000000,0.000001,0.000008,0.000021
158.949000,0.000076,0.000005,0.000004,0.000026,0.000037,0.000004
158.983000,0.000076,0.000011,0.000003,0.000018,0.000000,0.000044
158.996000,0.000076,0.000019,0.000006,0.000015,0.000008,0.000028
159.097000,0.000076,0.000014,0.000000,0.000041,0.000019,0.000001
159.205000,0.000076,0.000029,0.000001,0.000025,0.000021,0.000000
159.212000,0.000076,0.000065,0.000002,0.000000,0.000004,0.000005
159.246000,0.000076,0.000048,0.000001,0.000000,0.000000,0.000027
159.306000,0.000076,0.000030,0.000000,0.000021,0.000016,0.000009
159.309000,0.000076,0.000012,0.000000,0.000004,0.000041,0.000018
159.326000,0.000076,0.000004,0.000000,0.000033,0.000009,0.000030
159.350000,0.000076,0.000029,0.000002,0.000013,0.000010,0.000022
159.360000,0.000076,0.000031,0.000000,0.000005,0.000032,0.000007
159.421000,0.000076,0.000015,0.000001,0.000015,0.000020,0.000025
159.439000,0.000076,0.000011,0.000000,0.000001,0.000044,0.000020
159.525000,0.000076,0.000006,0.000006,0.000004,0.000048,0.000012
159.536000,0.000076,0.000034,0.000005,0.000011,0.000013,0.000013
159.570000,0.000076,0.000014,0.000009,0.000017,0.000014,0.000022
159.668000,0.000076,0.000048,0.000003,0.000000,0.000004,0.000021
159.716000,0.000076,0.000008,0.000000,0.000025,0.000039,0.000004
159.763000,0.000076,0.000020,0.000000,0.000010,0.000012,0.000033
159.800000,0.000076,0.000025,0.000000,0.000004,0.000011,0.000035
159.893000,0.000076,0.000016,0.000000,0.000010,0.000036,0.000015
159.999000,0.000076,0.000008,0.000000,0.000007,0.000055,0.000006
160.141000,0.000076,0.000048,0.000000,0.000012,0.000003,0.000014
160.246000,0.000076,0.000005,0.000002,0.000000,0.000024,0.000045
160.274000,0.000076,0.000021,0.000004,0.000021,0.000004,0.000026
160.493000,0.000076,0.000015,0.000001,0.000035,0.000008,0.000018
160.581000,0.000076,0.000020,0.000004,0.000048,0.000004,0.000001
160.652000,0.000076,0.000007,0.000000,0.000003,0.000019,0.000046
160.710000,0.000076,0.000042,0.000000,0.000003,0.000013,0.000018
160.734000,0.000076,0.000026,0.000001,0.000009,0.000018,0.000022
160.883000,0.000076,0.000024,0.000000,0.000028,0.000000,0.000023
160.925000,0.000076,0.000018,0.000000,0.000016,0.000038,0.000004
160.927000,0.000076,0.000034,0.000015,0.000014,0.000014,0.000000
160.934000,0.000152,0.000023,0.000000,0.000051,0.000013,0.000065
160.966000,0.000076,0.000007,0.000000,0.000016,0.000043,0.000010
161.020000,0.000076,0.000032,0.000000,0.000001,0.000034,0.000008
161.074000,0.000076,0.000011,0.000000,0.000015,0.000002,0.000048
161.165000,0.000076,0.000046,0.000000,0.000001,0.000002,0.000027
161.209000,0.000076,0.000010,0.000000,0.000014,0.000008,0.000043
161.212000,0.000076,0.000014,0.000000,0.000018,0.000034,0.000010
161.239000,0.000076,0.000009,0.000000,0.000000,0.000036,0.000031
161.324000,0.000076,0.000020,0.000000,0.000039,0.000002,0.000016
161.445000,0.000076,0.000022,0.000004,0.000020,0.000011,0.000018
161.451000,0.000076,0.000028,0.000000,0.000000,0.000021,0.000027
161.582000,0.000076,0.000028,0.000000,0.000004,0.000034,0.000010
161.623000,0.000076,0.000034,0.000000,0.000012,0.000025,0.000005
161.732000,0.000076,0.000041,0.000000,0.000000,0.000002,0.000032
161.821000,0.000076,0.000010,0.000000,0.000038,0.000007,0.000021
161.831000,0.000076,0.000028,0.000000,0.000019,0.000002,0.000027
161.945000,0.000076,0.000040,0.000000,0.000028,0.000001,0.000008
161.981000,0.000076,0.000035,0.000004,0.000027,0.000008,0.000002
162.010000,0.000076,0.000002,0.000000,0.000010,0.000042,0.000021
162.047000,0.000076,0.000070,0.000000,0.000003,0.000000,0.000004
162.111000,0.000076,0.000022,0.000000,0.000023,0.000023,0.000008
162.133000,0.000076,0.000010,0.000000,0.000007,0.000029,0.000030
162.360000,0.000076,0.000017,0.000000,0.000020,0.000032,0.000008
162.395000,0.000076,0.000043,0.000000,0.000000,0.000004,0.000030
162.429000,0.000076,0.000003,0.000003,0.000015,0.000037,0.000019
162.546000,0.000076,0.000016,0.000010,0.000013,0.000030,0.000008
162.558000,0.000076,0.000018,0.000019,0.000008,0.000026,0.000006
162.605000,0.000076,0.000045,0.000001,0.000020,0.000006,0.000004
162.693000,0.000076,0.000023,0.000003,0.000014,0.000017,0.000020
162.740000,0.000076,0.000055,0.000000,0.000010,0.000000,0.000011
162.831000,0.000076,0.000037,0.000002,0.000019,0.000015,0.000004
162.832000,0.000076,0.000020,0.000000,0.000001,0.000044,0.000012
162.833000,0.000076,0.000024,0.000002,0.000017,0.000033,0.000000
162.867000,0.000076,0.000019,0.000001,0.000004,0.000009,0.000043
162.896000,0.000076,0.000009,0.000000,0.000012,0.000014,0.000041
162.931000,0.000076,0.000000,0.000003,0.000004,0.000019,0.000050
162.969000,0.000076,0.000007,0.000003,0.000006,0.000033,0.000027
162.970000,0.000076,0.000026,0.000000,0.000000,0.000028,0.000022
162.971000,0.000076,0.000012,0.000000,0.000013,0.000001,0.000049
162.983000,0.000076,0.000004,0.000001,0.000002,0.000044,0.000025
163.071000,0.000076,0.000000,0.000005,0.000001,0.000037,0.000033
163.119000,0.000076,0.000037,0.000005,0.000000,0.000016,0.000019
163.160000,0.000076,0.000005,0.000003,0.000020,0.000038,0.000009
163.214000,0.000076,0.000008,0.000007,0.000012,0.000035,0.000014
163.219000,0.000076,0.000028,0.000001,0.000008,0.000007,0.000032
163.220000,0.000076,0.000021,0.000000,0.000010,0.000033,0.000012
163.281000,0.000076,0.000017,0.000002,0.000007,0.000043,0.000007
163.288000,0.000076,0.000016,0.000000,0.000021,0.000004,0.000035
163.304000,0.000076,0.000053,0.000004,0.000000,0.000003,0.000016
163.458000,0.000076,0.000065,0.000000,0.000008,0.000000,0.000003
163.537000,0.000076,0.000023,0.000004,0.000002,0.000029,0.000018
163.627000,0.000076,0.000016,0.000000,0.000000,0.000027,0.000033
163.667000,0.000076,0.000004,0.000000,0.000000,0.000056,0.000015
163.670000,0.000076,0.000014,0.000004,0.000026,0.000014,0.000017
163.728000,0.000076,0.000002,0.000003,0.000006,0.000010,0.000056
163.769000,0.000076,0.000003,0.000000,0.000004,0.000000,0.000069
163.960000,0.000076,0.000006,0.000005,0.000003,0.000031,0.000032
164.015000,0.000076,0.000008,0.000010,0.000014,0.000031,0.000013
164.072000,0.000076,0.000011,0.000000,0.000065,0.000000,0.000000
164.083000,0.000076,0.000007,0.000000,0.000013,0.000002,0.000055
164.111000,0.000076,0.000044,0.000000,0.000010,0.000018,0.000004
164.159000,0.000076,0.000027,0.000000,0.000016,0.000012,0.000022
164.204000,0.000076,0.000036,0.000006,0.000004,0.000025,0.000004
164.232000,0.000076,0.000026,0.000000,0.000014,0.000000,0.000036
164.249000,0.000076,0.000052,0.000002,0.000005,0.000000,0.000017
164.275000,0.000076,0.000002,0.000000,0.000026,0.000026,0.000022
164.322000,0.000076,0.000041,0.000000,0.000003,0.000009,0.000023
164.385000,0.000076,0.000047,0.000000,0.000013,0.000003,0.000014
164.418000,0.000076,0.000004,0.000000,0.000047,0.000018,0.000007
164.467000,0.000076,0.000041,0.000003,0.000016,0.000006,0.000010
164.491000,0.000076,0.000043,0.000000,0.000017,0.000014,0.000002
164.537000,0.000076,0.000038,0.000003,0.000010,0.000008,0.000017
164.555000,0.000076,0.000025,0.000006,0.000023,0.000016,0.000006
164.594000,0.000076,0.000007,0.000000,0.000017,0.000040,0.000012
164.614000,0.000076,0.000011,0.000001,0.000004,0.000031,0.000029
164.686000,0.000076,0.000014,0.000002,0.000000,0.000033,0.000028
164.722000,0.000076,0.000046,0.000006,0.000007,0.000004,0.000013
164.741000,0.000076,0.000011,0.000000,0.000002,0.000041,0.000023
164.784000,0.000076,0.000000,0.000000,0.000000,0.000062,0.000013
164.796000,0.000076,0.000012,0.000000,0.000022,0.000020,0.000022
164.809000,0.000076,0.000018,0.000000,0.000017,0.000002,0.000039
164.964000,0.000076,0.000035,0.000003,0.000002,0.000013,0.000023
164.981000,0.000076,0.000012,0.000005,0.000017,0.000019,0.000022
164.986000,0.000076,0.000003,0.000002,0.000030,0.000024,0.000018
165.003000,0.000076,0.000024,0.000001,0.000000,0.000023,0.000029
165.070000,0.000076,0.000016,0.000001,0.000001,0.000054,0.000003
165.079000,0.000076,0.000028,0.000004,0.000005,0.000019,0.000021
165.177000,0.000076,0.000021,0.000005,0.000018,0.000019,0.000013
165.327000,0.000076,0.000033,0.000003,0.000026,0.000010,0.000004
165.563000,0.000076,0.000001,0.000007,0.000020,0.000009,0.000039
165.643000,0.000076,0.000026,0.000003,0.000021,0.000015,0.000010
165.668000,0.000076,0.000038,0.000006,0.000008,0.000022,0.000003
165.669000,0.000076,0.000051,0.000002,0.000001,0.000019,0.000004
165.701000,0.000076,0.000007,0.000000,0.000015,0.000037,0.000018
165.723000,0.000076,0.000019,0.000000,0.000005,0.000026,0.000026
165.786000,0.000076,0.000000,0.000004,0.000000,0.000055,0.000017
165.820000,0.000076,0.000034,0.000001,0.000004,0.000012,0.000026
165.909000,0.000076,0.000003,0.000000,0.000000,0.000048,0.000024
166.057000,0.000076,0.000065,0.000002,0.000005,0.000000,0.000005
166.079000,0.000076,0.000003,0.000000,0.000035,0.000003,0.000034
166.284000,0.000076,0.000010,0.000008,0.000050,0.000005,0.000003
166.382000,0.000076,0.000039,0.000005,0.000001,0.000012,0.000018
166.472000,0.000076,0.000029,0.000000,0.000008,0.000005,0.000035
166.520000,0.000076,0.000014,0.000010,0.000015,0.000028,0.000009
166.696000,0.000076,0.000035,0.000004,0.000000,0.000013,0.000024
166.753000,0.000076,0.000040,0.000008,0.000016,0.000008,0.000004
166.804000,0.000076,0.000029,0.000007,0.000025,0.000013,0.000003
166.807000,0.000076,0.000046,0.000000,0.000001,0.000018,0.000011
166.882000,0.000076,0.000009,0.000002,0.000011,0.000018,0.000036
166.904000,0.000076,0.000008,0.000000,0.000012,0.000035,0.000021
166.920000,0.000076,0.000010,0.000003,0.000000,0.000034,0.000029
166.957000,0.000076,0.000038,0.000000,0.000000,0.000009,0.000029
166.968000,0.000076,0.000032,0.000003,0.000003,0.000004,0.000034
166.977000,0.000076,0.000017,0.000001,0.000016,0.000038,0.000004
166.993000,0.000076,0.000024,0.000010,0.000000,0.000026,0.000016
167.010000,0.000076,0.000000,0.000009,0.000000,0.000058,0.000009
167.048000,0.000076,0.000007,0.000000,0.000021,0.000003,0.000045
167.134000,0.000076,0.000052,0.000000,0.000001,0.000004,0.000018
167.163000,0.000076,0.000015,0.000004,0.000009,0.000008,0.000040
167.185000,0.000076,0.000021,0.000000,0.000010,0.000023,0.000023
167.189000,0.000076,0.000025,0.000005,0.000019,0.000008,0.000019
167.192000,0.000076,0.000017,0.000000,0.000040,0.000002,0.000017
167.201000,0.000076,0.000017,0.000001,0.000014,0.000041,0.000003
167.232000,0.000076,0.000015,0.000004,0.000004,0.000031,0.000022
167.236000,0.000076,0.000060,0.000001,0.000009,0.000000,0.000006
167.259000,0.000076,0.000025,0.000003,0.000008,0.000006,0.000034
167.345000,0.000076,0.000025,0.000001,0.000016,0.000027,0.000007
167.374000,0.000076,0.000011,0.000001,0.000002,0.000043,0.000020
167.397000,0.000076,0.000026,0.000016,0.000004,0.000030,0.000000
167.476000,0.000076,0.000008,0.000000,0.000000,0.000056,0.000012
167.480000,0.000076,0.000029,0.000004,0.000007,0.000000,0.000037
167.587000,0.000076,0.000014,0.000007,0.000000,0.000041,0.000014
167.595000,0.000076,0.000064,0.000002,0.000005,0.000002,0.000004
167.604000,0.000076,0.000012,0.000005,0.000010,0.000015,0.000034
167.611000,0.000076,0.000020,0.000004,0.000039,0.000012,0.000000
167.632000,0.000076,0.000026,0.000003,0.000016,0.000031,0.000000
167.678000,0.000076,0.000056,0.000001,0.000000,0.000003,0.000016
167.713000,0.000076,0.000021,0.000002,0.000020,0.000004,0.000029
167.868000,0.000076,0.000023,0.000000,0.000018,0.000013,0.000022
167.869000,0.000076,0.000011,0.000003,0.000017,0.000012,0.000032
167.943000,0.000076,0.000017,0.000000,0.000000,0.000021,0.000037
167.960000,0.000076,0.000015,0.000000,0.000002,0.000032,0.000027
168.033000,0.000076,0.000025,0.000003,0.000036,0.000009,0.000003
168.138000,0.000076,0.000030,0.000000,0.000022,0.000000,0.000024
168.153000,0.000076,0.000000,0.000000,0.000019,0.000006,0.000051
168.210000,0.000076,0.000023,0.000000,0.000016,0.000021,0.000016
168.250000,0.000076,0.000016,0.000000,0.000007,0.000007,0.000046
168.312000,0.000076,0.000000,0.000000,0.000036,0.000033,0.000007
168.332000,0.000076,0.000020,0.000004,0.000021,0.000000,0.000031
168.491000,0.000076,0.000010,0.000004,0.000016,0.000033,0.000013
168.498000,0.000076,0.000004,0.000000,0.000048,0.000020,0.000004
168.521000,0.000076,0.000014,0.000000,0.000011,0.000007,0.000044
168.546000,0.000076,0.000012,0.000001,0.000037,0.000005,0.000021
168.557000,0.000076,0.000022,0.000001,0.000003,0.000033,0.000018
168.569000,0.000076,0.000012,0.000002,0.000006,0.000046,0.000010
168.600000,0.000076,0.000006,0.000001,0.000012,0.000034,0.000022
168.729000,0.000076,0.000005,0.000004,0.000018,0.000032,0.000016
168.781000,0.000076,0.000009,0.000003,0.000001,0.000039,0.000024
168.934000,0.000076,0.000034,0.000000,0.000017,0.000009,0.000015
168.953000,0.000076,0.000002,0.000022,0.000000,0.000035,0.000017
169.014000,0.000076,0.000037,0.000000,0.000031,0.000004,0.000004
169.060000,0.000076,0.000006,0.000003,0.000032,0.000000,0.000036
169.158000,0.000076,0.000014,0.000004,0.000024,0.000001,0.000034
169.164000,0.000076,0.000025,0.000002,0.000015,0.000019,0.000015
169.167000,0.000076,0.000051,0.000000,0.000006,0.000012,0.000008
169.210000,0.000076,0.000018,0.000000,0.000008,0.000031,0.000019
169.239000,0.000076,0.000005,0.000000,0.000003,0.000042,0.000025
169.259000,0.000076,0.000026,0.000000,0.000005,0.000019,0.000026
169.267000,0.000076,0.000026,0.000006,0.000000,0.000034,0.000010
169.268000,0.000076,0.000013,0.000001,0.000017,0.000034,0.000011
169.269000,0.000076,0.000048,0.000019,0.000001,0.000000,0.000008
169.277000,0.000076,0.000006,0.000002,0.000000,0.000056,0.000012
169.281000,0.000076,0.000003,0.000000,0.000004,0.000045,0.000025
169.354000,0.000076,0.000019,0.000000,0.000013,0.000016,0.000028
169.504000,0.000076,0.000012,0.000002,0.000031,0.000010,0.000022
169.519000,0.000076,0.000030,0.000000,0.000000,0.000030,0.000017
169.527000,0.000152,0.000051,0.000007,0.000016,0.000018,0.000060
169.533000,0.000076,0.000053,0.000000,0.000000,0.000014,0.000008
169.623000,0.000076,0.000048,0.000003,0.000009,0.000010,0.000006
169.636000,0.000076,0.000010,0.000006,0.000000,0.000052,0.000009
169.723000,0.000076,0.000000,0.000000,0.000036,0.000038,0.000003
169.725000,0.000076,0.000015,0.000002,0.000020,0.000038,0.000001
169.811000,0.000076,0.000046,0.000002,0.000006,0.000009,0.000012
169.852000,0.000076,0.000033,0.000009,0.000020,0.000015,0.000000
169.864000,0.000076,0.000007,0.000000,0.000021,0.000010,0.000038
169.912000,0.000076,0.000010,0.000001,0.000034,0.000022,0.000009
169.946000,0.000076,0.000045,0.000000,0.000013,0.000011,0.000007
169.993000,0.000076,0.000043,0.000000,0.000001,0.000019,0.000013
170.007000,0.000076,0.000033,0.000005,0.000036,0.000000,0.000003
170.024000,0.000076,0.000034,0.000000,0.000016,0.000013,0.000014
170.108000,0.000076,0.000011,0.000008,0.000027,0.000000,0.000030
170.152000,0.000076,0.000015,0.000003,0.000025,0.000000,0.000034
170.226000,0.000076,0.000014,0.000004,0.000029,0.000023,0.000006
170.264000,0.000076,0.000063,0.000008,0.000002,0.000002,0.000002
170.292000,0.000076,0.000053,0.000007,0.000000,0.000016,0.000000
170.352000,0.000076,0.000005,0.000002,0.000019,0.000010,0.000040
170.366000,0.000076,0.000001,0.000000,0.000000,0.000062,0.000013
170.392000,0.000076,0.000004,0.000002,0.000017,0.000023,0.000030
170.493000,0.000076,0.000017,0.000005,0.000024,0.000015,0.000016
170.552000,0.000076,0.000044,0.000000,0.000005,0.000001,0.000026
170.687000,0.000076,0.000009,0.000000,0.000015,0.000012,0.000040
170.708000,0.000076,0.000014,0.000007,0.000024,0.000002,0.000030
170.731000,0.000076,0.000054,0.000003,0.000000,0.000002,0.000017
170.869000,0.000076,0.000010,0.000004,0.000014,0.000013,0.000036
170.874000,0.000076,0.000025,0.000002,0.000020,0.000005,0.000024
171.001000,0.000076,0.000035,0.000004,0.000001,0.000008,0.000028
171.034000,0.000076,0.000027,0.000022,0.000010,0.000016,0.000001
171.189000,0.000076,0.000004,0.000003,0.000022,0.000014,0.000033
171.295000,0.000076,0.000000,0.000003,0.000038,0.000015,0.000019
171.299000,0.000076,0.000063,0.000002,0.000004,0.000008,0.000000
171.355000,0.000076,0.000020,0.000000,0.000019,0.000022,0.000015
171.389000,0.000076,0.000007,0.000000,0.000034,0.000031,0.000004
171.402000,0.000076,0.000021,0.000000,0.000001,0.000010,0.000045
171.412000,0.000152,0.000070,0.000000,0.000012,0.000052,0.000019
171.486000,0.000076,0.000017,0.000000,0.000003,0.000048,0.000008
171.489000,0.000076,0.000009,0.000004,0.000009,0.000043,0.000012
171.585000,0.000076,0.000040,0.000000,0.000013,0.000002,0.000021
171.619000,0.000076,0.000041,0.000004,0.000011,0.000004,0.000015
171.687000,0.000076,0.000053,0.000000,0.000018,0.000002,0.000003
171.776000,0.000076,0.000049,0.000000,0.000012,0.000001,0.000015
171.808000,0.000076,0.000000,0.000003,0.000008,0.000029,0.000036
171.926000,0.000076,0.000000,0.000000,0.000007,0.000035,0.000034
172.077000,0.000076,0.000022,0.000000,0.000018,0.000006,0.000031
172.104000,0.000076,0.000030,0.000000,0.000003,0.000014,0.000029
172.125000,0.000076,0.000005,0.000000,0.000046,0.000006,0.000019
172.367000,0.000076,0.000032,0.000004,0.000012,0.000000,0.000028
172.432000,0.000076,0.000041,0.000000,0.000007,0.000001,0.000028
172.442000,0.000076,0.000000,0.000000,0.000047,0.000025,0.000005
172.680000,0.000076,0.000019,0.000003,0.000007,0.000024,0.000023
172.689000,0.000076,0.000014,0.000004,0.000000,0.000030,0.000029
172.738000,0.000076,0.000026,0.000000,0.000038,0.000005,0.000007
172.779000,0.000076,0.000030,0.000000,0.000031,0.000005,0.000010
172.840000,0.000076,0.000015,0.000004,0.000004,0.000042,0.000012
172.859000,0.000076,0.000048,0.000000,0.000005,0.000003,0.000020
172.877000,0.000076,0.000023,0.000011,0.000004,0.000036,0.000002
172.886000,0.000076,0.000054,0.000000,0.000007,0.000000,0.000015
172.908000,0.000076,0.000031,0.000003,0.000000,0.000015,0.000027
172.976000,0.000076,0.000032,0.000000,0.000005,0.000035,0.000004
172.977000,0.000076,0.000005,0.000000,0.000007,0.000040,0.000024
172.988000,0.000076,0.000046,0.000003,0.000014,0.000011,0.000003
173.051000,0.000076,0.000016,0.000007,0.000014,0.000016,0.000022
173.106000,0.000076,0.000021,0.000000,0.000006,0.000009,0.000040
173.113000,0.000076,0.000052,0.000002,0.000011,0.000003,0.000008
173.138000,0.000076,0.000019,0.000000,0.000002,0.000017,0.000038
173.188000,0.000076,0.000008,0.000002,0.000022,0.000013,0.000031
173.209000,0.000076,0.000002,0.000003,0.000019,0.000042,0.000010
173.210000,0.000076,0.000022,0.000000,0.000009,0.000006,0.000039
173.222000,0.000076,0.000006,0.000000,0.000021,0.000043,0.000006
173.273000,0.000076,0.000034,0.000000,0.000032,0.000002,0.000009
173.406000,0.000076,0.000011,0.000000,0.000008,0.000017,0.000040
173.411000,0.000076,0.000009,0.000003,0.000013,0.000003,0.000048
173.491000,0.000076,0.000002,0.000000,0.000004,0.000005,0.000065
173.571000,0.000076,0.000025,0.000002,0.000000,0.000001,0.000048
173.601000,0.000076,0.000011,0.000000,0.000017,0.000039,0.000009
173.651000,0.000076,0.000046,0.000000,0.000006,0.000000,0.000023
173.685000,0.000076,0.000060,0.000000,0.000003,0.000000,0.000014
173.704000,0.000076,0.000044,0.000003,0.000004,0.000003,0.000022
173.793000,0.000076,0.000006,0.000000,0.000018,0.000024,0.000029
173.825000,0.000076,0.000040,0.000007,0.000008,0.000021,0.000000
173.887000,0.000076,0.000007,0.000001,0.000038,0.000008,0.000022
173.903000,0.000076,0.000036,0.000000,0.000009,0.000010,0.000021
173.952000,0.000076,0.000023,0.000000,0.000046,0.000000,0.000007
173.990000,0.000076,0.000025,0.000005,0.000007,0.000003,0.000036
174.205000,0.000076,0.000036,0.000002,0.000030,0.000000,0.000009
174.238000,0.000076,0.000019,0.000000,0.000000,0.000019,0.000038
174.249000,0.000076,0.000027,0.000000,0.000030,0.000007,0.000012
174.295000,0.000076,0.000027,0.000000,0.000037,0.000004,0.000008
174.330000,0.000076,0.000026,0.000003,0.000009,0.000025,0.000013
174.371000,0.000076,0.000016,0.000005,0.000003,0.000023,0.000030
174.373000,0.000076,0.000007,0.000000,0.000033,0.000002,0.000034
174.381000,0.000076,0.000025,0.000000,0.000043,0.000003,0.000004
174.514000,0.000076,0.000063,0.000000,0.000005,0.000003,0.000005
174.566000,0.000076,0.000014,0.000000,0.000005,0.000038,0.000018
174.717000,0.000076,0.000039,0.000000,0.000019,0.000015,0.000004
174.768000,0.000076,0.000009,0.000000,0.000000,0.000032,0.000035
174.836000,0.000076,0.000033,0.000000,0.000003,0.000014,0.000026
174.955000,0.000076,0.000016,0.000002,0.000032,0.000003,0.000023
174.965000,0.000076,0.000019,0.000003,0.000015,0.000036,0.000003
175.036000,0.000076,0.000041,0.000000,0.000003,0.000013,0.000019
175.170000,0.000076,0.000002,0.000000,0.000000,0.000055,0.000019
175.191000,0.000076,0.000047,0.000011,0.000000,0.000008,0.000010
175.282000,0.000076,0.000026,0.000000,0.000004,0.000038,0.000008
175.331000,0.000076,0.000015,0.000000,0.000007,0.000024,0.000029
175.346000,0.000076,0.000011,0.000008,0.000016,0.000036,0.000006
175.477000,0.000076,0.000005,0.000002,0.000008,0.000030,0.000031
175.613000,0.000076,0.000019,0.000002,0.000026,0.000029,0.000000
175.619000,0.000076,0.000051,0.000000,0.000015,0.000001,0.000010
175.691000,0.000076,0.000018,0.000000,0.000010,0.000007,0.000040
175.735000,0.000076,0.000009,0.000003,0.000025,0.000011,0.000028
175.739000,0.000076,0.000037,0.000002,0.000010,0.000018,0.000008
175.750000,0.000076,0.000026,0.000000,0.000007,0.000027,0.000016
175.787000,0.000076,0.000014,0.000001,0.000007,0.000039,0.000015
175.811000,0.000076,0.000010,0.000004,0.000024,0.000004,0.000035
175.819000,0.000076,0.000020,0.000000,0.000014,0.000000,0.000042
175.997000,0.000076,0.000039,0.000000,0.000014,0.000011,0.000012
176.016000,0.000076,0.000044,0.000001,0.000012,0.000004,0.000014
176.040000,0.000076,0.000006,0.000004,0.000047,0.000015,0.000003
176.080000,0.000076,0.000045,0.000004,0.000023,0.000003,0.000001
176.147000,0.000076,0.000020,0.000002,0.000045,0.000008,0.000000
176.152000,0.000076,0.000022,0.000000,0.000009,0.000005,0.000040
176.177000,0.000076,0.000025,0.000006,0.000006,0.000024,0.000016
176.191000,0.000076,0.000006,0.000005,0.000000,0.000044,0.000021
176.224000,0.000076,0.000016,0.000000,0.000010,0.000030,0.000020
176.348000,0.000076,0.000026,0.000000,0.000007,0.000043,0.000000
176.373000,0.000076,0.000020,0.000000,0.000005,0.000032,0.000019
176.426000,0.000076,0.000014,0.000000,0.000013,0.000000,0.000048
176.515000,0.000076,0.000045,0.000004,0.000010,0.000007,0.000010
176.539000,0.000076,0.000016,0.000009,0.000036,0.000002,0.000014
176.611000,0.000076,0.000016,0.000000,0.000004,0.000010,0.000045
176.647000,0.000076,0.000001,0.000002,0.000016,0.000011,0.000046
176.856000,0.000076,0.000051,0.000003,0.000003,0.000015,0.000003
176.997000,0.000076,0.000011,0.000000,0.000004,0.000032,0.000029
177.045000,0.000076,0.000049,0.000003,0.000004,0.000006,0.000015
177.317000,0.000076,0.000016,0.000000,0.000010,0.000014,0.000037
177.680000,0.000076,0.000028,0.000000,0.000000,0.000049,0.000000
177.703000,0.000076,0.000009,0.000001,0.000019,0.000010,0.000037
177.750000,0.000076,0.000029,0.000000,0.000004,0.000011,0.000032
177.799000,0.000076,0.000058,0.000000,0.000008,0.000003,0.000008
177.850000,0.000076,0.000018,0.000000,0.000011,0.000023,0.000023
177.934000,0.000076,0.000028,0.000000,0.000011,0.000034,0.000003
177.994000,0.000076,0.000008,0.000000,0.000004,0.000029,0.000035
177.999000,0.000076,0.000043,0.000009,0.000000,0.000006,0.000018
178.047000,0.000076,0.000015,0.000000,0.000014,0.000017,0.000030
178.162000,0.000076,0.000002,0.000000,0.000000,0.000011,0.000063
178.163000,0.000076,0.000032,0.000000,0.000035,0.000006,0.000004
178.205000,0.000076,0.000053,0.000000,0.000000,0.000007,0.000016
178.251000,0.000076,0.000011,0.000004,0.000010,0.000036,0.000015
178.340000,0.000076,0.000037,0.000000,0.000019,0.000016,0.000003
178.374000,0.000076,0.000014,0.000003,0.000014,0.000027,0.000018
178.415000,0.000076,0.000009,0.000000,0.000020,0.000032,0.000015
178.419000,0.000076,0.000021,0.000009,0.000004,0.000019,0.000023
178.452000,0.000076,0.000054,0.000003,0.000005,0.000008,0.000005
178.479000,0.000076,0.000025,0.000001,0.000046,0.000000,0.000004
178.540000,0.000076,0.000062,0.000004,0.000004,0.000000,0.000006
178.571000,0.000076,0.000014,0.000002,0.000012,0.000001,0.000046
178.594000,0.000076,0.000005,0.000000,0.000033,0.000003,0.000035
178.627000,0.000076,0.000006,0.000006,0.000003,0.000003,0.000058
178.632000,0.000076,0.000060,0.000001,0.000005,0.000000,0.000010
178.660000,0.000076,0.000015,0.000000,0.000012,0.000031,0.000018
178.701000,0.000076,0.000048,0.000003,0.000007,0.000004,0.000014
178.756000,0.000076,0.000013,0.000000,0.000001,0.000033,0.000029
178.819000,0.000076,0.000024,0.000000,0.000000,0.000012,0.000040
179.042000,0.000076,0.000009,0.000002,0.000018,0.000045,0.000002
179.104000,0.000076,0.000028,0.000000,0.000000,0.000003,0.000045
179.121000,0.000076,0.000030,0.000005,0.000005,0.000009,0.000028
179.149000,0.000076,0.000012,0.000000,0.000004,0.000011,0.000048
179.200000,0.000076,0.000022,0.000001,0.000000,0.000014,0.000040
179.207000,0.000076,0.000006,0.000004,0.000020,0.000042,0.000004
179.391000,0.000076,0.000031,0.000000,0.000019,0.000025,0.000000
179.400000,0.000076,0.000012,0.000010,0.000007,0.000044,0.000003
179.414000,0.000076,0.000027,0.000000,0.000000,0.000014,0.000035
179.492000,0.000076,0.000022,0.000006,0.000000,0.000039,0.000009
179.611000,0.000076,0.000000,0.000000,0.000011,0.000033,0.000032
179.764000,0.000076,0.000018,0.000000,0.000012,0.000010,0.000037
179.865000,0.000076,0.000003,0.000003,0.000029,0.000036,0.000004
179.879000,0.000076,0.000025,0.000000,0.000000,0.000048,0.000003
179.888000,0.000076,0.000014,0.000000,0.000023,0.000020,0.000019
179.897000,0.000076,0.000037,0.000000,0.000008,0.000016,0.000015
179.900000,0.000076,0.000038,0.000003,0.000007,0.000007,0.000021
179.928000,0.000076,0.000003,0.000000,0.000001,0.000006,0.000066
179.952000,0.000076,0.000004,0.000006,0.000040,0.000006,0.000020
179.978000,0.000076,0.000029,0.000000,0.000000,0.000034,0.000013
180.061000,0.000076,0.000007,0.000000,0.000036,0.000026,0.000007
180.106000,0.000076,0.000049,0.000004,0.000002,0.000003,0.000018
180.166000,0.000076,0.000009,0.000000,0.000043,0.000011,0.000014
180.169000,0.000076,0.000014,0.000000,0.000030,0.000014,0.000018
180.279000,0.000076,0.000009,0.000004,0.000004,0.000030,0.000029
180.293000,0.000076,0.000022,0.000003,0.000011,0.000000,0.000040
180.367000,0.000076,0.000008,0.000006,0.000027,0.000008,0.000027
180.381000,0.000076,0.000041,0.000000,0.000034,0.000000,0.000001
180.447000,0.000076,0.000029,0.000000,0.000013,0.000018,0.000016
180.652000,0.000076,0.000011,0.000001,0.000009,0.000047,0.000009
180.745000,0.000076,0.000037,0.000009,0.000011,0.000013,0.000005
180.850000,0.000076,0.000034,0.000000,0.000000,0.000003,0.000038
180.892000,0.000076,0.000030,0.000004,0.000012,0.000019,0.000011
180.913000,0.000076,0.000007,0.000001,0.000005,0.000021,0.000043
181.058000,0.000076,0.000034,0.000008,0.000030,0.000001,0.000003
181.129000,0.000076,0.000002,0.000008,0.000022,0.000038,0.000007
181.141000,0.000076,0.000040,0.000000,0.000007,0.000016,0.000013
181.153000,0.000076,0.000023,0.000002,0.000020,0.000008,0.000022
181.211000,0.000076,0.000027,0.000003,0.000012,0.000035,0.000000
181.259000,0.000076,0.000011,0.000008,0.000013,0.000041,0.000003
181.263000,0.000076,0.000027,0.000000,0.000042,0.000003,0.000004
181.310000,0.000076,0.000008,0.000000,0.000011,0.000043,0.000014
181.397000,0.000076,0.000017,0.000000,0.000009,0.000008,0.000041
181.410000,0.000076,0.000012,0.000001,0.000001,0.000035,0.000026
181.584000,0.000076,0.000034,0.000006,0.000000,0.000008,0.000028
181.591000,0.000076,0.000009,0.000000,0.000014,0.000033,0.000020
181.672000,0.000076,0.000018,0.000000,0.000001,0.000015,0.000042
181.747000,0.000076,0.000028,0.000000,0.000000,0.000003,0.000046
181.794000,0.000076,0.000051,0.000003,0.000008,0.000008,0.000006
181.818000,0.000076,0.000010,0.000003,0.000026,0.000000,0.000038
181.860000,0.000076,0.000029,0.000000,0.000009,0.000002,0.000037
181.876000,0.000076,0.000021,0.000003,0.000021,0.000022,0.000009
182.007000,0.000076,0.000026,0.000000,0.000038,0.000002,0.000010
182.117000,0.000076,0.000025,0.000000,0.000020,0.000005,0.000026
182.135000,0.000076,0.000009,0.000010,0.000013,0.000028,0.000017
182.251000,0.000076,0.000034,0.000008,0.000000,0.000012,0.000023
182.267000,0.000076,0.000018,0.000005,0.000014,0.000035,0.000004
182.303000,0.000076,0.000038,0.000000,0.000024,0.000001,0.000013
182.348000,0.000076,0.000018,0.000002,0.000043,0.000007,0.000007
182.397000,0.000076,0.000015,0.000003,0.000017,0.000000,0.000042
182.425000,0.000076,0.000040,0.000000,0.000000,0.000004,0.000033
182.433000,0.000076,0.000039,0.000000,0.000000,0.000024,0.000014
182.441000,0.000076,0.000022,0.000000,0.000012,0.000008,0.000034
182.486000,0.000076,0.000017,0.000000,0.000050,0.000000,0.000009
182.514000,0.000076,0.000012,0.000002,0.000026,0.000009,0.000028
182.533000,0.000076,0.000028,0.000006,0.000006,0.000032,0.000004
182.592000,0.000076,0.000046,0.000003,0.000014,0.000013,0.000000
182.601000,0.000152,0.000066,0.000010,0.000015,0.000046,0.000014
182.658000,0.000076,0.000042,0.000000,0.000001,0.000022,0.000011
182.698000,0.000076,0.000005,0.000000,0.000035,0.000013,0.000023
182.718000,0.000076,0.000024,0.000000,0.000004,0.000009,0.000039
182.722000,0.000076,0.000003,0.000000,0.000021,0.000010,0.000043
182.734000,0.000076,0.000028,0.000000,0.000000,0.000048,0.000000
182.766000,0.000076,0.000008,0.000000,0.000041,0.000008,0.000019
182.895000,0.000076,0.000027,0.000004,0.000002,0.000028,0.000016
182.907000,0.000076,0.000028,0.000000,0.000019,0.000022,0.000008
182.928000,0.000076,0.000008,0.000000,0.000025,0.000024,0.000020
182.947000,0.000076,0.000039,0.000004,0.000003,0.000007,0.000024
183.017000,0.000076,0.000019,0.000000,0.000009,0.000000,0.000048
183.074000,0.000076,0.000008,0.000003,0.000007,0.000013,0.000045
183.088000,0.000076,0.000046,0.000000,0.000011,0.000010,0.000010
183.148000,0.000076,0.000032,0.000000,0.000000,0.000004,0.000041
183.209000,0.000076,0.000010,0.000004,0.000004,0.000030,0.000029
183.258000,0.000076,0.000010,0.000001,0.000007,0.000028,0.000030
183.309000,0.000076,0.000014,0.000002,0.000031,0.000012,0.000016
183.331000,0.000076,0.000022,0.000000,0.000022,0.000024,0.000008
183.358000,0.000076,0.000032,0.000008,0.000004,0.000022,0.000010
183.376000,0.000076,0.000003,0.000001,0.000026,0.000039,0.000008
183.469000,0.000076,0.000035,0.000002,0.000004,0.000012,0.000023
183.571000,0.000076,0.000012,0.000000,0.000012,0.000044,0.000009
183.644000,0.000076,0.000008,0.000003,0.000016,0.000006,0.000044
183.700000,0.000076,0.000031,0.000000,0.000019,0.000019,0.000007
183.792000,0.000076,0.000039,0.000000,0.000000,0.000015,0.000021
183.859000,0.000076,0.000038,0.000004,0.000012,0.000023,0.000000
183.868000,0.000076,0.000033,0.000002,0.000005,0.000017,0.000019
184.043000,0.000076,0.000036,0.000000,0.000001,0.000011,0.000028
184.212000,0.000076,0.000034,0.000002,0.000000,0.000024,0.000016
184.328000,0.000076,0.000021,0.000000,0.000006,0.000022,0.000026
184.353000,0.000076,0.000013,0.000003,0.000016,0.000001,0.000043
184.370000,0.000076,0.000009,0.000011,0.000025,0.000029,0.000001
184.379000,0.000076,0.000006,0.000008,0.000021,0.000032,0.000010
184.383000,0.000076,0.000019,0.000000,0.000000,0.000023,0.000034
184.395000,0.000076,0.000011,0.000000,0.000023,0.000010,0.000032
184.456000,0.000076,0.000021,0.000005,0.000000,0.000043,0.000007
184.514000,0.000076,0.000017,0.000001,0.000012,0.000005,0.000040
184.568000,0.000076,0.000021,0.000000,0.000005,0.000007,0.000043
184.733000,0.000076,0.000015,0.000000,0.000023,0.000038,0.000000
184.762000,0.000076,0.000028,0.000000,0.000001,0.000003,0.000043
184.814000,0.000152,0.000108,0.000011,0.000004,0.000003,0.000026
184.815000,0.000076,0.000039,0.000008,0.000000,0.000004,0.000026
184.842000,0.000076,0.000014,0.000000,0.000012,0.000012,0.000038
184.936000,0.000076,0.000046,0.000000,0.000026,0.000000,0.000004
184.938000,0.000076,0.000010,0.000001,0.000005,0.000030,0.000030
185.039000,0.000076,0.000047,0.000000,0.000002,0.000001,0.000026
185.091000,0.000152,0.000081,0.000000,0.000004,0.000008,0.000059
185.142000,0.000076,0.000021,0.000000,0.000010,0.000043,0.000002
185.151000,0.000076,0.000046,0.000004,0.000000,0.000005,0.000022
185.277000,0.000152,0.000084,0.000000,0.000004,0.000024,0.000041
185.305000,0.000076,0.000022,0.000008,0.000000,0.000030,0.000016
185.417000,0.000076,0.000008,0.000001,0.000011,0.000024,0.000032
185.552000,0.000076,0.000019,0.000003,0.000004,0.000016,0.000034
185.638000,0.000076,0.000013,0.000002,0.000022,0.000035,0.000005
185.644000,0.000076,0.000010,0.000003,0.000020,0.000026,0.000017
185.681000,0.000076,0.000021,0.000003,0.000026,0.000022,0.000004
185.715000,0.000076,0.000035,0.000005,0.000000,0.000002,0.000034
185.727000,0.000076,0.000028,0.000004,0.000028,0.000000,0.000016
185.819000,0.000076,0.000019,0.000007,0.000016,0.000020,0.000013
185.827000,0.000076,0.000015,0.000000,0.000003,0.000012,0.000047
185.856000,0.000076,0.000016,0.000000,0.000003,0.000027,0.000030
185.889000,0.000076,0.000004,0.000004,0.000027,0.000026,0.000016
185.919000,0.000076,0.000031,0.000000,0.000000,0.000043,0.000003
185.947000,0.000076,0.000020,0.000000,0.000014,0.000038,0.000004
185.952000,0.000076,0.000035,0.000000,0.000011,0.000010,0.000020
185.975000,0.000076,0.000048,0.000000,0.000000,0.000016,0.000012
185.992000,0.000076,0.000011,0.000000,0.000019,0.000033,0.000014
186.032000,0.000076,0.000054,0.000001,0.000000,0.000006,0.000015
186.214000,0.000076,0.000009,0.000000,0.000001,0.000015,0.000051
186.279000,0.000076,0.000024,0.000003,0.000014,0.000029,0.000005
186.303000,0.000076,0.000045,0.000000,0.000000,0.000003,0.000028
186.329000,0.000076,0.000016,0.000003,0.000007,0.000028,0.000022
186.492000,0.000076,0.000052,0.000005,0.000003,0.000009,0.000008
186.555000,0.000076,0.000025,0.000005,0.000009,0.000011,0.000026
186.559000,0.000076,0.000022,0.000001,0.000000,0.000048,0.000006
186.575000,0.000076,0.000016,0.000004,0.000014,0.000000,0.000041
186.601000,0.000076,0.000009,0.000000,0.000001,0.000050,0.000017
186.608000,0.000152,0.000042,0.000006,0.000030,0.000008,0.000067
186.646000,0.000076,0.000038,0.000003,0.000020,0.000012,0.000003
186.667000,0.000076,0.000000,0.000009,0.000042,0.000018,0.000007
186.806000,0.000076,0.000017,0.000000,0.000009,0.000043,0.000007
186.827000,0.000076,0.000023,0.000000,0.000005,0.000045,0.000003
186.837000,0.000076,0.000029,0.000000,0.000003,0.000022,0.000022
186.862000,0.000076,0.000010,0.000003,0.000035,0.000007,0.000022
186.883000,0.000076,0.000030,0.000006,0.000007,0.000003,0.000029
186.953000,0.000076,0.000030,0.000000,0.000024,0.000014,0.000008
187.014000,0.000076,0.000022,0.000000,0.000007,0.000027,0.000021
187.111000,0.000076,0.000009,0.000000,0.000026,0.000021,0.000020
187.221000,0.000076,0.000017,0.000000,0.000006,0.000054,0.000000
187.318000,0.000076,0.000052,0.000002,0.000005,0.000004,0.000012
187.332000,0.000076,0.000030,0.000001,0.000015,0.000011,0.000019
187.421000,0.000076,0.000022,0.000000,0.000000,0.000049,0.000005
187.468000,0.000076,0.000049,0.000007,0.000000,0.000017,0.000003
187.536000,0.000076,0.000016,0.000000,0.000014,0.000037,0.000009
187.549000,0.000076,0.000021,0.000002,0.000002,0.000003,0.000048
187.565000,0.000076,0.000022,0.000007,0.000004,0.000005,0.000039
187.722000,0.000076,0.000022,0.000000,0.000015,0.000014,0.000025
187.822000,0.000076,0.000015,0.000000,0.000015,0.000007,0.000039
187.824000,0.000076,0.000018,0.000003,0.000006,0.000005,0.000044
188.007000,0.000076,0.000000,0.000003,0.000033,0.000040,0.000000
188.067000,0.000076,0.000009,0.000000,0.000009,0.000014,0.000045
188.088000,0.000076,0.000021,0.000000,0.000002,0.000008,0.000045
188.090000,0.000076,0.000028,0.000000,0.000002,0.000039,0.000007
188.156000,0.000076,0.000037,0.000003,0.000002,0.000008,0.000027
188.228000,0.000076,0.000008,0.000000,0.000003,0.000018,0.000047
188.278000,0.000076,0.000038,0.000000,0.000033,0.000000,0.000005
188.358000,0.000076,0.000005,0.000000,0.000002,0.000034,0.000035
188.450000,0.000076,0.000049,0.000000,0.000003,0.000018,0.000005
188.497000,0.000076,0.000041,0.000002,0.000018,0.000014,0.000000
188.540000,0.000076,0.000042,0.000000,0.000002,0.000007,0.000024
188.542000,0.000076,0.000009,0.000004,0.000014,0.000031,0.000018
188.548000,0.000076,0.000026,0.000000,0.000004,0.000046,0.000000
188.556000,0.000076,0.000012,0.000000,0.000049,0.000000,0.000016
188.621000,0.000076,0.000009,0.000008,0.000028,0.000026,0.000005
188.680000,0.000076,0.000029,0.000000,0.000015,0.000010,0.000022
188.764000,0.000076,0.000019,0.000000,0.000009,0.000003,0.000046
188.776000,0.000076,0.000013,0.000000,0.000017,0.000019,0.000026
188.829000,0.000076,0.000036,0.000002,0.000000,0.000000,0.000038
188.842000,0.000076,0.000008,0.000000,0.000011,0.000023,0.000035
188.856000,0.000076,0.000031,0.000013,0.000003,0.000005,0.000023
188.931000,0.000076,0.000016,0.000000,0.000040,0.000013,0.000007
188.933000,0.000076,0.000022,0.000004,0.000011,0.000000,0.000039
188.944000,0.000076,0.000027,0.000007,0.000001,0.000025,0.000016
188.963000,0.000076,0.000012,0.000000,0.000006,0.000022,0.000036
188.982000,0.000076,0.000008,0.000000,0.000012,0.000024,0.000033
189.081000,0.000076,0.000000,0.000002,0.000006,0.000020,0.000048
189.155000,0.000076,0.000052,0.000000,0.000021,0.000003,0.000000
189.179000,0.000076,0.000010,0.000004,0.000002,0.000052,0.000007
189.300000,0.000076,0.000062,0.000000,0.000000,0.000002,0.000012
189.399000,0.000076,0.000023,0.000008,0.000000,0.000000,0.000045
189.431000,0.000076,0.000037,0.000004,0.000000,0.000020,0.000015
189.459000,0.000076,0.000049,0.000000,0.000005,0.000010,0.000013
189.491000,0.000076,0.000035,0.000003,0.000016,0.000000,0.000021
189.497000,0.000076,0.000008,0.000008,0.000006,0.000018,0.000036
189.501000,0.000076,0.000016,0.000000,0.000006,0.000025,0.000030
189.525000,0.000076,0.000007,0.000000,0.000015,0.000051,0.000004
189.540000,0.000076,0.000009,0.000000,0.000011,0.000046,0.000009
189.549000,0.000076,0.000026,0.000000,0.000030,0.000000,0.000019
189.759000,0.000076,0.000035,0.000003,0.000004,0.000013,0.000020
189.784000,0.000076,0.000028,0.000004,0.000019,0.000009,0.000016
189.970000,0.000076,0.000029,0.000000,0.000022,0.000013,0.000012
190.152000,0.000076,0.000017,0.000000,0.000014,0.000014,0.000032
190.212000,0.000076,0.000019,0.000000,0.000015,0.000000,0.000042
190.470000,0.000076,0.000014,0.000003,0.000010,0.000017,0.000031
190.517000,0.000076,0.000046,0.000003,0.000000,0.000010,0.000016
190.550000,0.000076,0.000011,0.000001,0.000026,0.000016,0.000022
190.592000,0.000076,0.000026,0.000000,0.000003,0.000034,0.000013
190.616000,0.000076,0.000007,0.000004,0.000003,0.000035,0.000028
190.639000,0.000076,0.000016,0.000003,0.000019,0.000028,0.000010
190.746000,0.000076,0.000021,0.000000,0.000039,0.000010,0.000006
190.872000,0.000076,0.000031,0.000000,0.000017,0.000025,0.000003
190.874000,0.000076,0.000017,0.000000,0.000014,0.000034,0.000011
190.902000,0.000076,0.000030,0.000000,0.000000,0.000015,0.000031
190.931000,0.000076,0.000018,0.000001,0.000005,0.000052,0.000000
190.936000,0.000076,0.000026,0.000000,0.000004,0.000029,0.000018
190.986000,0.000076,0.000059,0.000000,0.000000,0.000000,0.000017
191.040000,0.000076,0.000015,0.000007,0.000005,0.000024,0.000024
191.062000,0.000076,0.000048,0.000004,0.000005,0.000000,0.000020
191.073000,0.000076,0.000023,0.000000,0.000000,0.000036,0.000017
191.142000,0.000076,0.000031,0.000000,0.000001,0.000019,0.000025
191.417000,0.000076,0.000033,0.000000,0.000001,0.000005,0.000037
191.429000,0.000076,0.000042,0.000000,0.000010,0.000012,0.000012
191.471000,0.000076,0.000033,0.000005,0.000007,0.000008,0.000023
191.510000,0.000076,0.000044,0.000000,0.000004,0.000022,0.000006
191.615000,0.000076,0.000027,0.000003,0.000007,0.000033,0.000006
191.625000,0.000076,0.000030,0.000000,0.000001,0.000041,0.000004
191.640000,0.000076,0.000020,0.000000,0.000009,0.000002,0.000045
191.644000,0.000076,0.000022,0.000002,0.000000,0.000039,0.000013
191.730000,0.000076,0.000046,0.000000,0.000000,0.000018,0.000013
191.772000,0.000076,0.000029,0.000001,0.000005,0.000013,0.000028
191.827000,0.000076,0.000043,0.000004,0.000000,0.000000,0.000030
191.896000,0.000076,0.000025,0.000001,0.000023,0.000027,0.000001
191.958000,0.000076,0.000019,0.000002,0.000003,0.000039,0.000012
191.969000,0.000076,0.000023,0.000000,0.000002,0.000000,0.000051
192.015000,0.000076,0.000007,0.000000,0.000004,0.000004,0.000060
192.023000,0.000076,0.000022,0.000003,0.000022,0.000011,0.000018
192.101000,0.000076,0.000005,0.000003,0.000006,0.000016,0.000047
192.149000,0.000076,0.000037,0.000007,0.000002,0.000011,0.000019
192.181000,0.000076,0.000000,0.000000,0.000006,0.000022,0.000048
192.204000,0.000076,0.000019,0.000000,0.000014,0.000014,0.000028
192.212000,0.000076,0.000047,0.000000,0.000012,0.000003,0.000014
192.256000,0.000076,0.000023,0.000000,0.000026,0.000015,0.000012
192.289000,0.000076,0.000028,0.000003,0.000043,0.000000,0.000002
192.294000,0.000076,0.000034,0.000009,0.000009,0.000009,0.000014
192.348000,0.000076,0.000027,0.000005,0.000003,0.000015,0.000027
192.399000,0.000076,0.000020,0.000003,0.000010,0.000041,0.000003
192.518000,0.000076,0.000012,0.000009,0.000049,0.000000,0.000007
192.565000,0.000076,0.000020,0.000000,0.000000,0.000021,0.000034
192.577000,0.000076,0.000045,0.000000,0.000006,0.000008,0.000016
192.631000,0.000076,0.000016,0.000000,0.000008,0.000040,0.000012
192.671000,0.000076,0.000052,0.000000,0.000022,0.000002,0.000000
192.682000,0.000076,0.000054,0.000000,0.000003,0.000014,0.000005
192.689000,0.000076,0.000031,0.000003,0.000002,0.000017,0.000023
192.740000,0.000076,0.000050,0.000004,0.000003,0.000011,0.000007
192.783000,0.000076,0.000008,0.000000,0.000001,0.000008,0.000059
192.820000,0.000076,0.000044,0.000000,0.000014,0.000000,0.000018
192.897000,0.000076,0.000033,0.000000,0.000003,0.000004,0.000036
192.969000,0.000076,0.000005,0.000000,0.000001,0.000040,0.000030
192.976000,0.000076,0.000021,0.000008,0.000017,0.000018,0.000012
193.280000,0.000076,0.000024,0.000002,0.000000,0.000023,0.000026
193.407000,0.000076,0.000008,0.000000,0.000014,0.000007,0.000047
193.522000,0.000076,0.000034,0.000000,0.000014,0.000026,0.000003
193.550000,0.000076,0.000021,0.000003,0.000000,0.000032,0.000020
193.676000,0.000076,0.000015,0.000002,0.000000,0.000027,0.000032
193.861000,0.000076,0.000055,0.000009,0.000007,0.000000,0.000005
193.894000,0.000076,0.000045,0.000000,0.000005,0.000000,0.000026
193.910000,0.000076,0.000004,0.000007,0.000042,0.000018,0.000005
193.921000,0.000076,0.000013,0.000004,0.000008,0.000052,0.000000
194.037000,0.000076,0.000059,0.000007,0.000003,0.000003,0.000004
194.056000,0.000076,0.000041,0.000000,0.000007,0.000012,0.000015
194.105000,0.000076,0.000004,0.000000,0.000026,0.000036,0.000009
194.194000,0.000076,0.000029,0.000000,0.000024,0.000021,0.000002
194.206000,0.000076,0.000054,0.000000,0.000022,0.000000,0.000000
194.263000,0.000076,0.000008,0.000000,0.000023,0.000026,0.000018
194.298000,0.000076,0.000005,0.000001,0.000003,0.000036,0.000032
194.347000,0.000076,0.000023,0.000000,0.000004,0.000013,0.000037
194.392000,0.000076,0.000033,0.000000,0.000000,0.000010,0.000033
194.493000,0.000076,0.000015,0.000000,0.000000,0.000028,0.000033
194.611000,0.000076,0.000023,0.000000,0.000013,0.000039,0.000000
194.628000,0.000076,0.000014,0.000004,0.000011,0.000018,0.000029
194.658000,0.000076,0.000038,0.000001,0.000002,0.000023,0.000012
194.686000,0.000152,0.000059,0.000007,0.000037,0.000019,0.000030
194.780000,0.000076,0.000017,0.000002,0.000005,0.000016,0.000036
194.854000,0.000076,0.000023,0.000002,0.000000,0.000009,0.000042
194.887000,0.000076,0.000028,0.000000,0.000003,0.000035,0.000010
194.892000,0.000076,0.000030,0.000008,0.000023,0.000002,0.000013
195.149000,0.000076,0.000008,0.000002,0.000019,0.000002,0.000045
195.362000,0.000076,0.000010,0.000003,0.000012,0.000019,0.000032
195.383000,0.000076,0.000033,0.000000,0.000013,0.000024,0.000006
195.561000,0.000076,0.000025,0.000000,0.000012,0.000037,0.000003
195.572000,0.000076,0.000025,0.000004,0.000022,0.000018,0.000008
195.637000,0.000076,0.000012,0.000000,0.000039,0.000007,0.000018
195.654000,0.000076,0.000008,0.000008,0.000014,0.000036,0.000010
195.659000,0.000076,0.000002,0.000000,0.000019,0.000004,0.000052
195.740000,0.000076,0.000021,0.000000,0.000004,0.000030,0.000021
195.960000,0.000076,0.000021,0.000000,0.000002,0.000015,0.000038
196.027000,0.000076,0.000032,0.000000,0.000019,0.000016,0.000010
196.036000,0.000076,0.000046,0.000000,0.000010,0.000000,0.000020
196.077000,0.000076,0.000018,0.000000,0.000045,0.000006,0.000007
196.142000,0.000076,0.000064,0.000000,0.000004,0.000000,0.000008
196.181000,0.000076,0.000026,0.000000,0.000020,0.000000,0.000029
196.210000,0.000076,0.000025,0.000007,0.000000,0.000010,0.000034
196.215000,0.000076,0.000015,0.000002,0.000020,0.000016,0.000024
196.305000,0.000076,0.000036,0.000002,0.000012,0.000014,0.000012
196.428000,0.000076,0.000023,0.000000,0.000008,0.000006,0.000039
196.501000,0.000076,0.000034,0.000000,0.000030,0.000000,0.000013
196.511000,0.000076,0.000029,0.000000,0.000000,0.000021,0.000027
196.585000,0.000076,0.000009,0.000000,0.000017,0.000027,0.000022
196.631000,0.000076,0.000041,0.000004,0.000015,0.000016,0.000000
196.632000,0.000076,0.000021,0.000000,0.000015,0.000026,0.000014
196.652000,0.000076,0.000024,0.000000,0.000005,0.000036,0.000011
196.722000,0.000076,0.000048,0.000000,0.000001,0.000019,0.000007
196.743000,0.000076,0.000006,0.000000,0.000023,0.000019,0.000028
196.749000,0.000076,0.000009,0.000002,0.000004,0.000005,0.000056
196.765000,0.000076,0.000021,0.000000,0.000021,0.000033,0.000001
196.779000,0.000076,0.000013,0.000000,0.000009,0.000013,0.000041
196.993000,0.000076,0.000048,0.000002,0.000003,0.000010,0.000013
197.031000,0.000076,0.000039,0.000004,0.000029,0.000003,0.000001
197.043000,0.000076,0.000040,0.000001,0.000005,0.000004,0.000026
197.045000,0.000076,0.000005,0.000000,0.000014,0.000045,0.000011
197.116000,0.000076,0.000033,0.000000,0.000007,0.000014,0.000022
197.131000,0.000076,0.000030,0.000000,0.000001,0.000021,0.000024
197.157000,0.000076,0.000015,0.000000,0.000009,0.000038,0.000014
197.171000,0.000076,0.000025,0.000003,0.000029,0.000000,0.000020
197.173000,0.000076,0.000052,0.000000,0.000003,0.000010,0.000010
197.225000,0.000076,0.000013,0.000000,0.000005,0.000000,0.000059
197.308000,0.000076,0.000066,0.000002,0.000000,0.000008,0.000000
197.330000,0.000076,0.000017,0.000016,0.000010,0.000008,0.000026
197.516000,0.000076,0.000020,0.000003,0.000014,0.000010,0.000029
197.532000,0.000076,0.000012,0.000000,0.000020,0.000001,0.000043
197.554000,0.000076,0.000024,0.000007,0.000029,0.000000,0.000016
197.556000,0.000076,0.000032,0.000000,0.000005,0.000011,0.000028
197.605000,0.000076,0.000010,0.000003,0.000019,0.000001,0.000043
197.736000,0.000076,0.000052,0.000002,0.000021,0.000001,0.000000
197.769000,0.000076,0.000046,0.000000,0.000010,0.000002,0.000018
197.807000,0.000076,0.000008,0.000000,0.000009,0.000002,0.000058
197.916000,0.000076,0.000003,0.000004,0.000014,0.000016,0.000039
197.981000,0.000076,0.000008,0.000000,0.000011,0.000012,0.000046
198.046000,0.000076,0.000013,0.000003,0.000008,0.000034,0.000017
198.092000,0.000076,0.000022,0.000000,0.000002,0.000049,0.000004
198.190000,0.000076,0.000049,0.000000,0.000008,0.000003,0.000016
198.240000,0.000076,0.000027,0.000000,0.000002,0.000038,0.000009
198.244000,0.000076,0.000008,0.000000,0.000022,0.000033,0.000013
198.246000,0.000076,0.000054,0.000000,0.000003,0.000006,0.000012
198.276000,0.000076,0.000036,0.000002,0.000005,0.000009,0.000024
198.330000,0.000076,0.000045,0.000001,0.000001,0.000003,0.000026
198.384000,0.000076,0.000016,0.000000,0.000041,0.000011,0.000008
198.503000,0.000076,0.000019,0.000007,0.000026,0.000015,0.000009
198.540000,0.000076,0.000015,0.000004,0.000016,0.000000,0.000040
198.558000,0.000076,0.000011,0.000000,0.000017,0.000022,0.000027
198.631000,0.000076,0.000014,0.000000,0.000017,0.000026,0.000020
198.632000,0.000076,0.000036,0.000000,0.000003,0.000010,0.000027
198.703000,0.000076,0.000041,0.000000,0.000005,0.000011,0.000019
198.746000,0.000076,0.000042,0.000001,0.000010,0.000000,0.000023
198.765000,0.000076,0.000029,0.000005,0.000003,0.000003,0.000037
198.957000,0.000076,0.000025,0.000000,0.000008,0.000041,0.000003
199.060000,0.000076,0.000043,0.000002,0.000001,0.000002,0.000028
199.075000,0.000076,0.000043,0.000000,0.000001,0.000016,0.000016
199.076000,0.000076,0.000028,0.000000,0.000018,0.000013,0.000017
199.191000,0.000076,0.000023,0.000000,0.000004,0.000048,0.000001
199.241000,0.000076,0.000043,0.000000,0.000007,0.000008,0.000019
199.286000,0.000076,0.000006,0.000005,0.000011,0.000000,0.000054
199.323000,0.000076,0.000025,0.000000,0.000000,0.000000,0.000051
199.483000,0.000076,0.000035,0.000000,0.000028,0.000001,0.000012
199.531000,0.000076,0.000023,0.000004,0.000000,0.000031,0.000018
199.568000,0.000076,0.000026,0.000004,0.000005,0.000012,0.000030
199.577000,0.000076,0.000033,0.000001,0.000003,0.000015,0.000024
199.588000,0.000076,0.000028,0.000000,0.000017,0.000010,0.000022
199.642000,0.000076,0.000017,0.000001,0.000014,0.000000,0.000044
199.655000,0.000076,0.000001,0.000003,0.000016,0.000009,0.000047
199.815000,0.000076,0.000044,0.000000,0.000000,0.000006,0.000026
199.831000,0.000076,0.000030,0.000000,0.000001,0.000031,0.000014
199.868000,0.000076,0.000006,0.000004,0.000004,0.000005,0.000057
199.895000,0.000076,0.000023,0.000002,0.000004,0.000008,0.000040
199.899000,0.000076,0.000033,0.000000,0.000000,0.000016,0.000028
199.923000,0.000076,0.000012,0.000001,0.000017,0.000029,0.000017
200.063000,0.000076,0.000043,0.000009,0.000012,0.000000,0.000012
200.120000,0.000076,0.000013,0.000000,0.000000,0.000021,0.000042
200.268000,0.000076,0.000060,0.000003,0.000000,0.000004,0.000010
200.315000,0.000076,0.000007,0.000004,0.000038,0.000019,0.000008
200.336000,0.000076,0.000038,0.000000,0.000000,0.000012,0.000027
200.416000,0.000076,0.000044,0.000003,0.000000,0.000008,0.000022
200.432000,0.000076,0.000030,0.000000,0.000005,0.000015,0.000026
200.457000,0.000076,0.000059,0.000003,0.000003,0.000011,0.000000
200.480000,0.000076,0.000052,0.000000,0.000009,0.000003,0.000012
200.618000,0.000076,0.000006,0.000005,0.000002,0.000051,0.000011
200.717000,0.000076,0.000038,0.000002,0.000005,0.000030,0.000002
200.718000,0.000076,0.000027,0.000002,0.000033,0.000012,0.000002
200.723000,0.000076,0.000033,0.000003,0.000006,0.000020,0.000014
200.734000,0.000076,0.000022,0.000003,0.000002,0.000035,0.000014
200.781000,0.000076,0.000026,0.000000,0.000000,0.000017,0.000034
200.832000,0.000076,0.000004,0.000000,0.000011,0.000011,0.000051
200.841000,0.000076,0.000014,0.000000,0.000003,0.000019,0.000040
200.910000,0.000076,0.000034,0.000000,0.000029,0.000000,0.000013
201.140000,0.000076,0.000009,0.000005,0.000016,0.000000,0.000046
201.212000,0.000076,0.000027,0.000002,0.000041,0.000002,0.000005
201.293000,0.000076,0.000025,0.000004,0.000022,0.000015,0.000011
201.444000,0.000076,0.000033,0.000000,0.000041,0.000002,0.000000
201.474000,0.000076,0.000026,0.000002,0.000000,0.000029,0.000019
201.480000,0.000076,0.000020,0.000003,0.000039,0.000010,0.000004
201.516000,0.000076,0.000035,0.000000,0.000030,0.000000,0.000011
201.518000,0.000076,0.000023,0.000000,0.000038,0.000009,0.000007
201.565000,0.000076,0.000014,0.000000,0.000006,0.000039,0.000017
201.573000,0.000076,0.000013,0.000004,0.000019,0.000017,0.000023
201.606000,0.000076,0.000010,0.000002,0.000001,0.000030,0.000033
201.744000,0.000076,0.000026,0.000002,0.000019,0.000029,0.000000
201.824000,0.000076,0.000020,0.000000,0.000034,0.000011,0.000011
201.920000,0.000076,0.000033,0.000001,0.000003,0.000009,0.000031
202.024000,0.000076,0.000012,0.000007,0.000012,0.000019,0.000027
202.054000,0.000076,0.000054,0.000012,0.000000,0.000005,0.000006
202.167000,0.000076,0.000028,0.000007,0.000004,0.000000,0.000037
202.174000,0.000076,0.000024,0.000000,0.000038,0.000003,0.000011
202.248000,0.000076,0.000025,0.000003,0.000003,0.000021,0.000024
202.308000,0.000076,0.000018,0.000003,0.000004,0.000023,0.000027
202.374000,0.000076,0.000042,0.000009,0.000025,0.000000,0.000000
202.394000,0.000076,0.000007,0.000000,0.000020,0.000037,0.000012
202.471000,0.000076,0.000012,0.000000,0.000032,0.000008,0.000024
202.481000,0.000076,0.000008,0.000000,0.000022,0.000020,0.000026
202.522000,0.000076,0.000012,0.000000,0.000015,0.000003,0.000046
202.552000,0.000076,0.000021,0.000002,0.000000,0.000012,0.000041
202.605000,0.000076,0.000047,0.000000,0.000012,0.000000,0.000017
202.637000,0.000076,0.000023,0.000003,0.000001,0.000002,0.000047
202.661000,0.000076,0.000011,0.000003,0.000000,0.000010,0.000053
202.679000,0.000076,0.000014,0.000000,0.000017,0.000027,0.000019
202.745000,0.000076,0.000012,0.000003,0.000019,0.000024,0.000019
202.842000,0.000076,0.000025,0.000000,0.000043,0.000005,0.000003
202.980000,0.000076,0.000039,0.000005,0.000000,0.000028,0.000003
202.986000,0.000076,0.000015,0.000000,0.000020,0.000023,0.000018
203.016000,0.000076,0.000008,0.000000,0.000016,0.000050,0.000003
203.053000,0.000076,0.000036,0.000001,0.000028,0.000000,0.000011
203.056000,0.000076,0.000011,0.000010,0.000011,0.000037,0.000009
203.123000,0.000076,0.000042,0.000011,0.000004,0.000005,0.000014
203.147000,0.000076,0.000021,0.000000,0.000010,0.000007,0.000037
203.165000,0.000076,0.000051,0.000000,0.000011,0.000002,0.000011
203.245000,0.000076,0.000022,0.000000,0.000000,0.000036,0.000018
203.250000,0.000076,0.000004,0.000006,0.000010,0.000010,0.000046
203.273000,0.000076,0.000005,0.000000,0.000010,0.000021,0.000040
203.280000,0.000076,0.000065,0.000001,0.000003,0.000008,0.000000
203.337000,0.000076,0.000012,0.000003,0.000003,0.000028,0.000029
203.427000,0.000076,0.000022,0.000003,0.000001,0.000003,0.000047
203.464000,0.000076,0.000008,0.000003,0.000004,0.000025,0.000036
203.550000,0.000076,0.000035,0.000000,0.000007,0.000010,0.000024
203.632000,0.000076,0.000020,0.000004,0.000001,0.000019,0.000032
203.719000,0.000076,0.000023,0.000000,0.000000,0.000018,0.000034
203.736000,0.000076,0.000001,0.000000,0.000007,0.000036,0.000032
203.818000,0.000076,0.000054,0.000000,0.000000,0.000017,0.000005
203.961000,0.000076,0.000030,0.000000,0.000014,0.000025,0.000006
204.014000,0.000076,0.000007,0.000001,0.000014,0.000000,0.000053
204.022000,0.000076,0.000007,0.000008,0.000020,0.000014,0.000028
204.116000,0.000076,0.000002,0.000000,0.000006,0.000030,0.000038
204.181000,0.000076,0.000020,0.000000,0.000000,0.000014,0.000043
204.216000,0.000076,0.000014,0.000000,0.000024,0.000024,0.000014
204.243000,0.000076,0.000033,0.000002,0.000031,0.000000,0.000010
204.378000,0.000076,0.000022,0.000004,0.000035,0.000001,0.000014
204.418000,0.000076,0.000022,0.000006,0.000002,0.000003,0.000043
204.534000,0.000076,0.000023,0.000000,0.000003,0.000045,0.000005
204.569000,0.000076,0.000025,0.000003,0.000000,0.000048,0.000000
204.687000,0.000076,0.000038,0.000001,0.000017,0.000016,0.000004
204.751000,0.000076,0.000039,0.000000,0.000007,0.000000,0.000030
204.759000,0.000152,0.000068,0.000003,0.000035,0.000017,0.000029
204.858000,0.000076,0.000016,0.000001,0.000008,0.000037,0.000014
204.910000,0.000076,0.000025,0.000000,0.000007,0.000037,0.000007
205.107000,0.000076,0.000005,0.000000,0.000015,0.000013,0.000043
205.122000,0.000076,0.000032,0.000000,0.000014,0.000016,0.000015
205.144000,0.000076,0.000051,0.000000,0.000000,0.000018,0.000007
205.164000,0.000076,0.000016,0.000000,0.000009,0.000041,0.000011
205.237000,0.000076,0.000032,0.000001,0.000021,0.000020,0.000001
205.252000,0.000076,0.000033,0.000002,0.000005,0.000014,0.000021
205.384000,0.000076,0.000010,0.000004,0.000018,0.000034,0.000011
205.402000,0.000076,0.000039,0.000000,0.000011,0.000023,0.000004
205.479000,0.000076,0.000015,0.000002,0.000017,0.000029,0.000012
205.488000,0.000076,0.000012,0.000000,0.000033,0.000010,0.000022
205.550000,0.000076,0.000019,0.000004,0.000006,0.000046,0.000001
205.606000,0.000076,0.000026,0.000000,0.000002,0.000019,0.000030
205.614000,0.000076,0.000016,0.000008,0.000012,0.000040,0.000000
205.653000,0.000076,0.000028,0.000000,0.000012,0.000036,0.000000
205.691000,0.000076,0.000025,0.000000,0.000033,0.000000,0.000018
205.786000,0.000076,0.000020,0.000008,0.000007,0.000038,0.000003
205.818000,0.000076,0.000021,0.000002,0.000004,0.000024,0.000025
205.832000,0.000076,0.000029,0.000000,0.000040,0.000001,0.000006
205.848000,0.000076,0.000033,0.000004,0.000007,0.000002,0.000030
206.045000,0.000076,0.000039,0.000000,0.000014,0.000015,0.000009
206.050000,0.000076,0.000026,0.000006,0.000008,0.000013,0.000022
206.076000,0.000076,0.000013,0.000006,0.000014,0.000001,0.000041
206.078000,0.000076,0.000025,0.000006,0.000009,0.000036,0.000000
206.151000,0.000076,0.000023,0.000001,0.000001,0.000046,0.000005
206.212000,0.000076,0.000025,0.000000,0.000000,0.000011,0.000041
206.221000,0.000076,0.000021,0.000000,0.000000,0.000048,0.000007
206.278000,0.000076,0.000007,0.000000,0.000005,0.000034,0.000030
206.323000,0.000076,0.000033,0.000003,0.000036,0.000000,0.000004
206.359000,0.000076,0.000002,0.000003,0.000005,0.000035,0.000031
206.391000,0.000076,0.000018,0.000000,0.000001,0.000003,0.000053
206.587000,0.000076,0.000040,0.000000,0.000029,0.000008,0.000000
206.779000,0.000076,0.000005,0.000003,0.000011,0.000055,0.000003
206.781000,0.000076,0.000023,0.000000,0.000009,0.000044,0.000000
206.859000,0.000076,0.000016,0.000000,0.000002,0.000012,0.000045
206.860000,0.000076,0.000036,0.000000,0.000003,0.000031,0.000007
206.877000,0.000076,0.000034,0.000000,0.000015,0.000016,0.000012
206.901000,0.000076,0.000018,0.000000,0.000046,0.000001,0.000011
206.907000,0.000076,0.000011,0.000000,0.000017,0.000042,0.000006
206.917000,0.000152,0.000035,0.000000,0.000033,0.000011,0.000074
206.946000,0.000076,0.000012,0.000006,0.000027,0.000031,0.000000
206.958000,0.000076,0.000020,0.000000,0.000000,0.000041,0.000015
206.972000,0.000076,0.000011,0.000000,0.000034,0.000007,0.000024
207.051000,0.000076,0.000018,0.000000,0.000029,0.000009,0.000020
207.065000,0.000076,0.000006,0.000000,0.000042,0.000000,0.000028
207.079000,0.000076,0.000001,0.000000,0.000011,0.000017,0.000047
207.132000,0.000076,0.000030,0.000000,0.000006,0.000038,0.000002
207.234000,0.000076,0.000026,0.000008,0.000018,0.000011,0.000013
207.287000,0.000076,0.000030,0.000000,0.000013,0.000010,0.000023
207.323000,0.000076,0.000021,0.000002,0.000000,0.000019,0.000033
207.350000,0.000076,0.000007,0.000004,0.000009,0.000014,0.000042
207.370000,0.000076,0.000016,0.000000,0.000004,0.000022,0.000034
207.400000,0.000076,0.000036,0.000000,0.000003,0.000032,0.000005
207.647000,0.000076,0.000015,0.000000,0.000011,0.000051,0.000000
207.730000,0.000076,0.000025,0.000003,0.000003,0.000036,0.000009
207.735000,0.000076,0.000024,0.000000,0.000018,0.000034,0.000000
207.789000,0.000076,0.000023,0.000000,0.000031,0.000000,0.000022
207.872000,0.000076,0.000030,0.000011,0.000019,0.000011,0.000006
207.913000,0.000076,0.000023,0.000000,0.000008,0.000016,0.000029
208.091000,0.000076,0.000031,0.000006,0.000008,0.000012,0.000019
208.244000,0.000076,0.000025,0.000009,0.000000,0.000010,0.000033
208.277000,0.000076,0.000017,0.000000,0.000006,0.000004,0.000048
208.335000,0.000076,0.000071,0.000000,0.000003,0.000000,0.000002
208.522000,0.000076,0.000002,0.000000,0.000014,0.000022,0.000037
208.565000,0.000076,0.000031,0.000002,0.000013,0.000012,0.000018
208.599000,0.000076,0.000013,0.000001,0.000016,0.000031,0.000016
208.609000,0.000076,0.000032,0.000000,0.000037,0.000001,0.000006
208.763000,0.000076,0.000027,0.000003,0.000039,0.000000,0.000006
208.969000,0.000076,0.000017,0.000001,0.000035,0.000011,0.000013
209.112000,0.000076,0.000018,0.000002,0.000000,0.000006,0.000050
209.232000,0.000076,0.000046,0.000000,0.000000,0.000030,0.000000
209.267000,0.000076,0.000027,0.000000,0.000000,0.000016,0.000033
209.269000,0.000076,0.000025,0.000000,0.000004,0.000010,0.000037
209.334000,0.000076,0.000046,0.000002,0.000006,0.000007,0.000015
209.361000,0.000076,0.000023,0.000000,0.000001,0.000029,0.000022
209.491000,0.000076,0.000027,0.000002,0.000031,0.000013,0.000003
209.493000,0.000076,0.000013,0.000004,0.000007,0.000031,0.000021
209.681000,0.000076,0.000023,0.000005,0.000038,0.000001,0.000010
209.703000,0.000076,0.000038,0.000003,0.000006,0.000012,0.000018
209.752000,0.000076,0.000005,0.000000,0.000022,0.000028,0.000021
209.786000,0.000076,0.000035,0.000000,0.000007,0.000028,0.000006
209.794000,0.000076,0.000025,0.000001,0.000008,0.000040,0.000002
209.897000,0.000076,0.000018,0.000003,0.000012,0.000033,0.000010
209.919000,0.000076,0.000006,0.000000,0.000037,0.000016,0.000017
209.943000,0.000076,0.000003,0.000007,0.000013,0.000006,0.000046
209.944000,0.000076,0.000017,0.000000,0.000019,0.000022,0.000018
210.070000,0.000076,0.000007,0.000005,0.000036,0.000026,0.000002
210.085000,0.000076,0.000002,0.000004,0.000019,0.000029,0.000021
210.150000,0.000076,0.000029,0.000004,0.000017,0.000012,0.000014
210.219000,0.000076,0.000007,0.000000,0.000020,0.000039,0.000009
210.227000,0.000076,0.000027,0.000000,0.000015,0.000030,0.000003
210.352000,0.000076,0.000024,0.000001,0.000004,0.000000,0.000047
210.435000,0.000076,0.000006,0.000001,0.000023,0.000029,0.000017
210.452000,0.000076,0.000021,0.000000,0.000004,0.000022,0.000029
210.476000,0.000076,0.000010,0.000001,0.000008,0.000036,0.000021
210.477000,0.000076,0.000022,0.000011,0.000013,0.000000,0.000030
210.554000,0.000076,0.000008,0.000004,0.000000,0.000036,0.000028
210.557000,0.000076,0.000023,0.000002,0.000002,0.000013,0.000036
210.605000,0.000076,0.000029,0.000004,0.000013,0.000030,0.000000
210.606000,0.000076,0.000013,0.000000,0.000003,0.000008,0.000052
210.612000,0.000076,0.000063,0.000000,0.000002,0.000011,0.000000
210.645000,0.000076,0.000028,0.000000,0.000000,0.000022,0.000026
210.647000,0.000076,0.000011,0.000013,0.000022,0.000026,0.000004
210.861000,0.000076,0.000047,0.000004,0.000006,0.000004,0.000015
210.880000,0.000076,0.000017,0.000005,0.000042,0.000012,0.000000
210.883000,0.000076,0.000040,0.000000,0.000004,0.000011,0.000020
210.900000,0.000076,0.000024,0.000000,0.000032,0.000007,0.000014
211.008000,0.000076,0.000006,0.000000,0.000003,0.000031,0.000036
211.009000,0.000076,0.000020,0.000005,0.000011,0.000038,0.000002
211.061000,0.000076,0.000006,0.000004,0.000015,0.000021,0.000029
211.080000,0.000076,0.000032,0.000002,0.000010,0.000032,0.000000
211.221000,0.000076,0.000044,0.000000,0.000001,0.000017,0.000014
211.272000,0.000076,0.000010,0.000000,0.000004,0.000004,0.000057
211.284000,0.000076,0.000019,0.000001,0.000012,0.000003,0.000041
211.355000,0.000076,0.000019,0.000000,0.000014,0.000003,0.000040
211.371000,0.000076,0.000002,0.000000,0.000052,0.000003,0.000019
211.404000,0.000076,0.000006,0.000000,0.000027,0.000036,0.000006
211.418000,0.000076,0.000018,0.000003,0.000012,0.000001,0.000043
211.420000,0.000076,0.000019,0.000003,0.000014,0.000004,0.000036
211.603000,0.000076,0.000045,0.000001,0.000004,0.000019,0.000007
211.634000,0.000076,0.000001,0.000000,0.000043,0.000016,0.000016
211.642000,0.000076,0.000013,0.000000,0.000019,0.000036,0.000008
211.657000,0.000076,0.000013,0.000001,0.000015,0.000014,0.000033
211.731000,0.000076,0.000033,0.000000,0.000012,0.000014,0.000017
211.782000,0.000076,0.000036,0.000001,0.000005,0.000029,0.000005
211.794000,0.000076,0.000001,0.000005,0.000058,0.000000,0.000012
211.852000,0.000076,0.000011,0.000000,0.000005,0.000045,0.000015
211.854000,0.000076,0.000031,0.000003,0.000008,0.000004,0.000030
211.941000,0.000076,0.000027,0.000000,0.000008,0.000038,0.000002
211.952000,0.000076,0.000038,0.000000,0.000026,0.000010,0.000001
211.961000,0.000076,0.000036,0.000001,0.000004,0.000035,0.000000
212.038000,0.000076,0.000014,0.000003,0.000007,0.000035,0.000018
212.058000,0.000076,0.000010,0.000003,0.000018,0.000045,0.000000
212.104000,0.000076,0.000010,0.000000,0.000019,0.000032,0.000016
212.304000,0.000076,0.000024,0.000000,0.000037,0.000000,0.000015
212.326000,0.000076,0.000044,0.000000,0.000005,0.000004,0.000023
212.374000,0.000076,0.000017,0.000000,0.000011,0.000045,0.000003
212.377000,0.000076,0.000016,0.000006,0.000006,0.000000,0.000048
212.386000,0.000076,0.000030,0.000001,0.000017,0.000012,0.000016
212.502000,0.000076,0.000009,0.000000,0.000014,0.000020,0.000034
212.505000,0.000076,0.000017,0.000000,0.000002,0.000030,0.000027
212.555000,0.000076,0.000011,0.000001,0.000010,0.000048,0.000006
212.567000,0.000076,0.000023,0.000002,0.000003,0.000001,0.000047
212.618000,0.000076,0.000021,0.000000,0.000026,0.000006,0.000023
212.628000,0.000076,0.000020,0.000001,0.000006,0.000003,0.000047
212.764000,0.000076,0.000028,0.000002,0.000020,0.000014,0.000013
212.802000,0.000076,0.000021,0.000000,0.000001,0.000033,0.000021
212.935000,0.000076,0.000045,0.000000,0.000005,0.000000,0.000025
212.947000,0.000076,0.000018,0.000006,0.000000,0.000008,0.000043
213.005000,0.000076,0.000052,0.000004,0.000016,0.000004,0.000000
213.077000,0.000076,0.000000,0.000000,0.000019,0.000030,0.000028
213.191000,0.000076,0.000017,0.000000,0.000013,0.000042,0.000003
213.218000,0.000076,0.000007,0.000003,0.000012,0.000015,0.000039
213.241000,0.000076,0.000010,0.000000,0.000004,0.000007,0.000055
213.275000,0.000076,0.000022,0.000008,0.000012,0.000008,0.000026
213.420000,0.000076,0.000014,0.000000,0.000025,0.000025,0.000013
213.615000,0.000076,0.000012,0.000005,0.000025,0.000020,0.000014
213.658000,0.000076,0.000023,0.000001,0.000006,0.000033,0.000014
213.678000,0.000076,0.000023,0.000000,0.000003,0.000030,0.000021
213.692000,0.000076,0.000004,0.000000,0.000020,0.000042,0.000010
213.737000,0.000076,0.000039,0.000000,0.000003,0.000017,0.000017
213.758000,0.000076,0.000009,0.000000,0.000013,0.000009,0.000044
213.765000,0.000076,0.000004,0.000000,0.000045,0.000016,0.000011
213.780000,0.000076,0.000010,0.000007,0.000004,0.000021,0.000036
213.804000,0.000076,0.000019,0.000000,0.000007,0.000025,0.000026
213.834000,0.000076,0.000007,0.000003,0.000018,0.000043,0.000005
213.849000,0.000076,0.000018,0.000007,0.000000,0.000008,0.000043
213.887000,0.000076,0.000023,0.000000,0.000006,0.000026,0.000021
214.000000,0.000076,0.000023,0.000004,0.000001,0.000027,0.000022
214.229000,0.000076,0.000032,0.000001,0.000009,0.000024,0.000010
214.278000,0.000076,0.000016,0.000000,0.000005,0.000030,0.000024
214.426000,0.000076,0.000039,0.000003,0.000004,0.000029,0.000000
214.452000,0.000076,0.000020,0.000000,0.000006,0.000050,0.000000
214.629000,0.000076,0.000019,0.000009,0.000005,0.000029,0.000014
214.646000,0.000076,0.000032,0.000005,0.000030,0.000000,0.000009
214.694000,0.000076,0.000013,0.000002,0.000018,0.000024,0.000019
214.851000,0.000076,0.000031,0.000000,0.000035,0.000005,0.000005
214.896000,0.000076,0.000020,0.000006,0.000028,0.000005,0.000017
214.979000,0.000076,0.000006,0.000007,0.000001,0.000038,0.000024
215.027000,0.000076,0.000032,0.000000,0.000016,0.000011,0.000017
215.165000,0.000076,0.000020,0.000000,0.000027,0.000008,0.000021
215.181000,0.000076,0.000030,0.000011,0.000014,0.000002,0.000020
215.184000,0.000076,0.000045,0.000000,0.000012,0.000002,0.000016
215.194000,0.000076,0.000008,0.000006,0.000006,0.000027,0.000029
215.212000,0.000152,0.000048,0.000006,0.000027,0.000005,0.000066
215.267000,0.000076,0.000011,0.000002,0.000006,0.000013,0.000045
215.295000,0.000076,0.000026,0.000007,0.000005,0.000036,0.000002
215.333000,0.000076,0.000000,0.000000,0.000015,0.000026,0.000035
215.382000,0.000076,0.000030,0.000003,0.000000,0.000021,0.000022
215.422000,0.000076,0.000019,0.000000,0.000011,0.000027,0.000019
215.425000,0.000076,0.000009,0.000000,0.000040,0.000008,0.000019
215.438000,0.000076,0.000006,0.000003,0.000021,0.000008,0.000038
215.493000,0.000076,0.000005,0.000002,0.000000,0.000045,0.000023
215.522000,0.000076,0.000011,0.000002,0.000017,0.000047,0.000000
215.555000,0.000076,0.000019,0.000001,0.000005,0.000032,0.000018
215.571000,0.000076,0.000047,0.000003,0.000017,0.000001,0.000009
215.611000,0.000076,0.000019,0.000000,0.000014,0.000040,0.000003
215.723000,0.000076,0.000016,0.000000,0.000007,0.000003,0.000051
215.775000,0.000076,0.000023,0.000000,0.000038,0.000000,0.000016
215.777000,0.000076,0.000027,0.000000,0.000032,0.000003,0.000015
215.807000,0.000076,0.000019,0.000001,0.000005,0.000007,0.000045
215.903000,0.000076,0.000012,0.000002,0.000028,0.000033,0.000000
216.017000,0.000076,0.000038,0.000000,0.000021,0.000013,0.000004
216.139000,0.000076,0.000040,0.000000,0.000027,0.000000,0.000009
216.201000,0.000076,0.000042,0.000000,0.000015,0.000004,0.000015
216.227000,0.000076,0.000070,0.000002,0.000002,0.000003,0.000000
216.320000,0.000076,0.000025,0.000003,0.000008,0.000029,0.000011
216.331000,0.000076,0.000016,0.000008,0.000038,0.000009,0.000004
216.341000,0.000076,0.000035,0.000000,0.000011,0.000030,0.000000
216.400000,0.000076,0.000006,0.000000,0.000024,0.000035,0.000011
216.445000,0.000076,0.000014,0.000002,0.000017,0.000027,0.000016
216.543000,0.000076,0.000026,0.000000,0.000010,0.000001,0.000039
216.688000,0.000076,0.000022,0.000000,0.000036,0.000005,0.000013
216.845000,0.000076,0.000015,0.000002,0.000017,0.000027,0.000015
216.876000,0.000076,0.000013,0.000000,0.000011,0.000046,0.000006
216.879000,0.000076,0.000026,0.000005,0.000000,0.000018,0.000027
216.884000,0.000076,0.000010,0.000001,0.000009,0.000032,0.000024
216.957000,0.000076,0.000000,0.000000,0.000015,0.000029,0.000032
216.965000,0.000076,0.000013,0.000008,0.000009,0.000000,0.000046
217.058000,0.000076,0.000019,0.000006,0.000036,0.000011,0.000003
217.076000,0.000076,0.000018,0.000003,0.000001,0.000002,0.000051
217.089000,0.000076,0.000040,0.000003,0.000006,0.000004,0.000023
217.181000,0.000076,0.000039,0.000003,0.000000,0.000017,0.000017
217.191000,0.000076,0.000022,0.000003,0.000018,0.000019,0.000013
217.210000,0.000076,0.000029,0.000008,0.000014,0.000014,0.000011
217.228000,0.000076,0.000023,0.000001,0.000021,0.000020,0.000011
217.229000,0.000076,0.000005,0.000000,0.000034,0.000037,0.000000
217.302000,0.000076,0.000044,0.000000,0.000025,0.000000,0.000007
217.349000,0.000076,0.000006,0.000002,0.000009,0.000016,0.000044
217.366000,0.000076,0.000008,0.000000,0.000013,0.000001,0.000054
217.389000,0.000076,0.000003,0.000000,0.000015,0.000005,0.000054
217.426000,0.000076,0.000006,0.000000,0.000023,0.000031,0.000015
217.602000,0.000076,0.000044,0.000003,0.000011,0.000014,0.000004
217.610000,0.000076,0.000036,0.000002,0.000029,0.000009,0.000000
217.645000,0.000076,0.000026,0.000000,0.000010,0.000038,0.000002
217.647000,0.000076,0.000010,0.000000,0.000007,0.000010,0.000049
217.695000,0.000076,0.000047,0.000001,0.000004,0.000023,0.000001
217.770000,0.000076,0.000028,0.000004,0.000008,0.000029,0.000007
217.782000,0.000076,0.000012,0.000000,0.000002,0.000039,0.000023
217.814000,0.000076,0.000021,0.000003,0.000025,0.000017,0.000010
217.838000,0.000076,0.000008,0.000000,0.000013,0.000002,0.000053
217.858000,0.000076,0.000027,0.000000,0.000008,0.000014,0.000027
217.900000,0.000076,0.000033,0.000003,0.000000,0.000010,0.000030
217.905000,0.000076,0.000025,0.000002,0.000033,0.000002,0.000014
217.982000,0.000076,0.000028,0.000000,0.000018,0.000017,0.000012
218.004000,0.000076,0.000018,0.000002,0.000005,0.000027,0.000024
218.039000,0.000076,0.000009,0.000000,0.000014,0.000045,0.000008
218.059000,0.000076,0.000004,0.000000,0.000003,0.000043,0.000025
218.103000,0.000076,0.000017,0.000000,0.000001,0.000032,0.000025
218.126000,0.000076,0.000023,0.000000,0.000002,0.000025,0.000026
218.197000,0.000076,0.000029,0.000000,0.000001,0.000022,0.000024
218.227000,0.000076,0.000054,0.000000,0.000018,0.000000,0.000004
218.257000,0.000076,0.000007,0.000000,0.000022,0.000032,0.000014
218.499000,0.000076,0.000020,0.000000,0.000013,0.000004,0.000040
218.529000,0.000076,0.000024,0.000003,0.000019,0.000027,0.000003
218.554000,0.000076,0.000039,0.000000,0.000009,0.000020,0.000009
218.601000,0.000076,0.000047,0.000000,0.000024,0.000005,0.000000
218.743000,0.000076,0.000009,0.000000,0.000015,0.000003,0.000049
218.793000,0.000076,0.000024,0.000000,0.000012,0.000014,0.000026
218.794000,0.000076,0.000033,0.000000,0.000016,0.000024,0.000003
218.923000,0.000076,0.000020,0.000002,0.000001,0.000033,0.000019
218.972000,0.000076,0.000006,0.000000,0.000022,0.000006,0.000042
219.040000,0.000076,0.000009,0.000001,0.000000,0.000040,0.000026
219.142000,0.000076,0.000019,0.000001,0.000009,0.000048,0.000000
219.170000,0.000076,0.000033,0.000000,0.000009,0.000013,0.000020
219.306000,0.000076,0.000004,0.000000,0.000006,0.000010,0.000056
219.321000,0.000076,0.000010,0.000000,0.000020,0.000021,0.000025
219.380000,0.000076,0.000038,0.000000,0.000003,0.000022,0.000012
219.397000,0.000076,0.000008,0.000008,0.000029,0.000000,0.000031
219.435000,0.000076,0.000005,0.000004,0.000004,0.000024,0.000039
219.490000,0.000076,0.000009,0.000001,0.000025,0.000015,0.000026
219.493000,0.000076,0.000006,0.000004,0.000001,0.000024,0.000040
219.495000,0.000076,0.000058,0.000006,0.000003,0.000009,0.000001
219.503000,0.000076,0.000025,0.000000,0.000012,0.000037,0.000002
219.524000,0.000076,0.000021,0.000005,0.000007,0.000023,0.000019
219.620000,0.000076,0.000020,0.000001,0.000012,0.000003,0.000040
219.646000,0.000076,0.000064,0.000000,0.000000,0.000000,0.000012
219.665000,0.000076,0.000020,0.000003,0.000013,0.000038,0.000003
219.697000,0.000076,0.000015,0.000000,0.000015,0.000031,0.000014
219.714000,0.000076,0.000038,0.000000,0.000019,0.000019,0.000000
219.736000,0.000152,0.000050,0.000000,0.000006,0.000063,0.000034
219.765000,0.000076,0.000009,0.000002,0.000012,0.000003,0.000051
219.860000,0.000076,0.000016,0.000000,0.000003,0.000023,0.000034
219.882000,0.000076,0.000039,0.000000,0.000008,0.000021,0.000008
219.886000,0.000076,0.000031,0.000000,0.000006,0.000030,0.000009
219.906000,0.000076,0.000004,0.000003,0.000011,0.000040,0.000017
219.910000,0.000076,0.000033,0.000007,0.000013,0.000009,0.000014
219.941000,0.000076,0.000024,0.000008,0.000009,0.000001,0.000034
220.044000,0.000076,0.000025,0.000003,0.000017,0.000002,0.000028
220.049000,0.000076,0.000019,0.000000,0.000005,0.000020,0.000032
220.053000,0.000076,0.000011,0.000000,0.000013,0.000045,0.000007
220.104000,0.000076,0.000034,0.000008,0.000011,0.000014,0.000008
220.141000,0.000076,0.000003,0.000002,0.000007,0.000049,0.000015
220.171000,0.000076,0.000021,0.000000,0.000000,0.000033,0.000021
220.256000,0.000076,0.000038,0.000000,0.000005,0.000000,0.000033
220.265000,0.000076,0.000035,0.000001,0.000009,0.000017,0.000013
220.293000,0.000076,0.000004,0.000000,0.000003,0.000044,0.000026
220.341000,0.000076,0.000040,0.000000,0.000020,0.000013,0.000003
220.357000,0.000076,0.000016,0.000000,0.000020,0.000016,0.000024
220.359000,0.000076,0.000029,0.000004,0.000012,0.000012,0.000019
220.486000,0.000076,0.000020,0.000000,0.000009,0.000034,0.000013
220.558000,0.000076,0.000031,0.000000,0.000026,0.000019,0.000001
220.723000,0.000076,0.000022,0.000000,0.000018,0.000016,0.000019
220.752000,0.000076,0.000011,0.000000,0.000008,0.000042,0.000015
220.772000,0.000076,0.000021,0.000004,0.000011,0.000021,0.000018
220.788000,0.000076,0.000003,0.000000,0.000060,0.000003,0.000010
220.875000,0.000076,0.000046,0.000005,0.000010,0.000015,0.000000
220.878000,0.000076,0.000025,0.000000,0.000010,0.000030,0.000011
220.899000,0.000076,0.000005,0.000000,0.000014,0.000007,0.000050
220.930000,0.000076,0.000022,0.000000,0.000014,0.000003,0.000037
221.040000,0.000076,0.000022,0.000000,0.000027,0.000011,0.000016
221.042000,0.000076,0.000006,0.000003,0.000010,0.000009,0.000048
221.110000,0.000076,0.000006,0.000000,0.000012,0.000009,0.000049
221.149000,0.000076,0.000008,0.000000,0.000029,0.000018,0.000020
221.153000,0.000076,0.000026,0.000000,0.000024,0.000024,0.000002
221.262000,0.000076,0.000020,0.000000,0.000001,0.000033,0.000022
221.281000,0.000076,0.000012,0.000002,0.000012,0.000031,0.000019
221.323000,0.000076,0.000039,0.000003,0.000002,0.000007,0.000025
221.327000,0.000076,0.000032,0.000000,0.000014,0.000029,0.000000
221.379000,0.000076,0.000051,0.000000,0.000022,0.000001,0.000002
221.384000,0.000076,0.000015,0.000002,0.000002,0.000023,0.000035
221.416000,0.000076,0.000041,0.000000,0.000012,0.000014,0.000009
221.448000,0.000076,0.000010,0.000000,0.000019,0.000000,0.000047
221.504000,0.000076,0.000005,0.000003,0.000025,0.000012,0.000031
221.533000,0.000076,0.000000,0.000000,0.000004,0.000047,0.000025
221.534000,0.000076,0.000005,0.000000,0.000004,0.000024,0.000043
221.564000,0.000076,0.000021,0.000000,0.000000,0.000034,0.000021
221.728000,0.000076,0.000021,0.000000,0.000004,0.000028,0.000023
221.832000,0.000076,0.000032,0.000000,0.000012,0.000013,0.000018
221.938000,0.000076,0.000006,0.000000,0.000054,0.000000,0.000016
221.979000,0.000076,0.000012,0.000006,0.000039,0.000002,0.000018
222.006000,0.000076,0.000037,0.000000,0.000000,0.000014,0.000025
222.043000,0.000076,0.000024,0.000003,0.000029,0.000002,0.000018
222.061000,0.000076,0.000037,0.000000,0.000005,0.000023,0.000012
222.103000,0.000076,0.000006,0.000000,0.000000,0.000024,0.000046
222.163000,0.000076,0.000004,0.000000,0.000004,0.000045,0.000024
222.173000,0.000076,0.000008,0.000000,0.000009,0.000032,0.000028
222.246000,0.000076,0.000053,0.000000,0.000020,0.000000,0.000004
222.323000,0.000076,0.000038,0.000000,0.000009,0.000009,0.000021
222.352000,0.000076,0.000042,0.000001,0.000025,0.000000,0.000008
222.505000,0.000076,0.000016,0.000004,0.000006,0.000003,0.000047
222.545000,0.000076,0.000009,0.000006,0.000012,0.000026,0.000024
222.580000,0.000076,0.000033,0.000000,0.000010,0.000031,0.000003
222.582000,0.000076,0.000037,0.000002,0.000013,0.000014,0.000010
222.614000,0.000076,0.000034,0.000004,0.000000,0.000021,0.000017
222.664000,0.000076,0.000004,0.000003,0.000012,0.000014,0.000043
222.697000,0.000076,0.000022,0.000000,0.000015,0.000019,0.000020
222.871000,0.000076,0.000009,0.000004,0.000005,0.000013,0.000045
222.883000,0.000076,0.000018,0.000000,0.000013,0.000027,0.000018
222.907000,0.000076,0.000025,0.000003,0.000007,0.000012,0.000028
222.954000,0.000076,0.000034,0.000002,0.000025,0.000003,0.000013
223.099000,0.000076,0.000033,0.000001,0.000004,0.000025,0.000014
223.218000,0.000076,0.000001,0.000000,0.000035,0.000040,0.000000
223.246000,0.000076,0.000012,0.000003,0.000000,0.000036,0.000025
223.247000,0.000076,0.000020,0.000000,0.000007,0.000005,0.000043
223.263000,0.000076,0.000006,0.000002,0.000012,0.000006,0.000051
223.273000,0.000076,0.000013,0.000008,0.000004,0.000039,0.000012
223.314000,0.000076,0.000012,0.000003,0.000006,0.000003,0.000052
223.339000,0.000076,0.000006,0.000000,0.000002,0.000039,0.000029
223.400000,0.000076,0.000012,0.000003,0.000006,0.000026,0.000029
223.412000,0.000076,0.000006,0.000006,0.000018,0.000042,0.000005
223.415000,0.000076,0.000021,0.000000,0.000026,0.000012,0.000017
223.555000,0.000076,0.000003,0.000000,0.000011,0.000020,0.000042
223.682000,0.000152,0.000033,0.000005,0.000017,0.000061,0.000036
223.703000,0.000076,0.000009,0.000001,0.000017,0.000014,0.000035
223.722000,0.000076,0.000002,0.000002,0.000026,0.000031,0.000016
223.736000,0.000076,0.000024,0.000000,0.000017,0.000002,0.000033
223.751000,0.000076,0.000006,0.000005,0.000009,0.000007,0.000049
223.793000,0.000076,0.000007,0.000002,0.000007,0.000007,0.000054
223.815000,0.000076,0.000012,0.000000,0.000005,0.000007,0.000052
223.817000,0.000076,0.000060,0.000000,0.000000,0.000001,0.000015
223.875000,0.000076,0.000023,0.000001,0.000013,0.000018,0.000020
223.935000,0.000076,0.000042,0.000000,0.000011,0.000000,0.000022
223.939000,0.000076,0.000011,0.000000,0.000019,0.000002,0.000045
224.012000,0.000076,0.000028,0.000000,0.000000,0.000028,0.000020
224.024000,0.000076,0.000030,0.000000,0.000024,0.000019,0.000003
224.204000,0.000076,0.000000,0.000000,0.000026,0.000011,0.000038
224.394000,0.000076,0.000000,0.000003,0.000058,0.000000,0.000015
224.410000,0.000076,0.000050,0.000002,0.000015,0.000003,0.000006
224.417000,0.000076,0.000025,0.000001,0.000005,0.000003,0.000042
224.500000,0.000076,0.000018,0.000001,0.000008,0.000030,0.000018
224.519000,0.000076,0.000004,0.000000,0.000019,0.000000,0.000053
224.520000,0.000076,0.000038,0.000000,0.000008,0.000018,0.000012
224.536000,0.000076,0.000010,0.000000,0.000029,0.000000,0.000036
224.548000,0.000076,0.000029,0.000000,0.000013,0.000010,0.000024
224.588000,0.000076,0.000017,0.000000,0.000009,0.000026,0.000023
224.654000,0.000076,0.000013,0.000000,0.000008,0.000035,0.000021
224.789000,0.000076,0.000018,0.000000,0.000000,0.000054,0.000005
224.813000,0.000076,0.000031,0.000000,0.000003,0.000013,0.000029
224.841000,0.000076,0.000023,0.000000,0.000002,0.000031,0.000021
224.929000,0.000076,0.000020,0.000011,0.000015,0.000024,0.000006
224.931000,0.000076,0.000036,0.000004,0.000010,0.000020,0.000005
224.992000,0.000076,0.000014,0.000000,0.000005,0.000038,0.000020
225.002000,0.000076,0.000005,0.000000,0.000008,0.000022,0.000041
225.059000,0.000076,0.000034,0.000000,0.000012,0.000017,0.000012
225.088000,0.000076,0.000027,0.000000,0.000023,0.000002,0.000025
225.090000,0.000076,0.000032,0.000007,0.000000,0.000025,0.000013
225.139000,0.000076,0.000012,0.000003,0.000011,0.000004,0.000046
225.148000,0.000076,0.000034,0.000006,0.000011,0.000020,0.000005
225.168000,0.000076,0.000036,0.000000,0.000008,0.000030,0.000003
225.193000,0.000076,0.000036,0.000000,0.000002,0.000011,0.000027
225.208000,0.000076,0.000018,0.000000,0.000008,0.000028,0.000022
225.214000,0.000076,0.000017,0.000000,0.000035,0.000009,0.000016
225.218000,0.000076,0.000014,0.000000,0.000019,0.000041,0.000002
225.263000,0.000076,0.000011,0.000000,0.000013,0.000045,0.000007
225.291000,0.000076,0.000036,0.000004,0.000025,0.000003,0.000008
225.293000,0.000152,0.000018,0.000002,0.000046,0.000026,0.000059
225.300000,0.000076,0.000006,0.000001,0.000020,0.000037,0.000011
225.308000,0.000076,0.000003,0.000004,0.000004,0.000050,0.000014
225.332000,0.000076,0.000004,0.000001,0.000013,0.000008,0.000050
225.446000,0.000076,0.000006,0.000000,0.000010,0.000040,0.000021
225.447000,0.000076,0.000010,0.000003,0.000006,0.000031,0.000026
225.488000,0.000076,0.000027,0.000007,0.000012,0.000030,0.000000
225.506000,0.000076,0.000022,0.000000,0.000005,0.000037,0.000013
225.618000,0.000076,0.000020,0.000004,0.000039,0.000000,0.000013
225.641000,0.000076,0.000023,0.000002,0.000018,0.000025,0.000009
225.647000,0.000076,0.000023,0.000000,0.000027,0.000004,0.000021
225.685000,0.000076,0.000026,0.000002,0.000000,0.000000,0.000048
225.725000,0.000076,0.000004,0.000002,0.000016,0.000019,0.000035
225.793000,0.000076,0.000048,0.000000,0.000002,0.000027,0.000000
225.814000,0.000076,0.000023,0.000000,0.000004,0.000035,0.000014
225.848000,0.000076,0.000017,0.000003,0.000004,0.000027,0.000025
225.912000,0.000076,0.000035,0.000000,0.000007,0.000010,0.000024
225.953000,0.000076,0.000000,0.000000,0.000023,0.000014,0.000039
225.980000,0.000076,0.000011,0.000000,0.000014,0.000014,0.000036
226.022000,0.000076,0.000018,0.000005,0.000013,0.000007,0.000034
226.047000,0.000076,0.000006,0.000000,0.000011,0.000041,0.000019
226.064000,0.000076,0.000006,0.000003,0.000009,0.000039,0.000019
226.083000,0.000076,0.000013,0.000000,0.000016,0.000041,0.000006
226.088000,0.000076,0.000009,0.000000,0.000001,0.000039,0.000027
226.153000,0.000076,0.000029,0.000000,0.000024,0.000004,0.000020
226.168000,0.000076,0.000035,0.000000,0.000017,0.000016,0.000008
226.179000,0.000076,0.000025,0.000000,0.000000,0.000027,0.000024
226.279000,0.000076,0.000027,0.000006,0.000023,0.000014,0.000006
226.297000,0.000076,0.000006,0.000000,0.000033,0.000020,0.000016
226.385000,0.000076,0.000053,0.000000,0.000018,0.000003,0.000001
226.451000,0.000076,0.000025,0.000002,0.000008,0.000028,0.000013
226.489000,0.000076,0.000016,0.000004,0.000003,0.000032,0.000022
226.498000,0.000076,0.000015,0.000000,0.000004,0.000008,0.000050
226.538000,0.000076,0.000059,0.000001,0.000004,0.000009,0.000003
226.596000,0.000076,0.000020,0.000007,0.000013,0.000028,0.000008
226.603000,0.000076,0.000030,0.000005,0.000014,0.000007,0.000020
226.606000,0.000076,0.000061,0.000003,0.000003,0.000005,0.000005
226.733000,0.000076,0.000009,0.000000,0.000007,0.000032,0.000028
226.763000,0.000076,0.000019,0.000003,0.000010,0.000006,0.000038
226.777000,0.000076,0.000028,0.000001,0.000002,0.000023,0.000022
226.780000,0.000076,0.000004,0.000004,0.000000,0.000039,0.000029
226.834000,0.000076,0.000043,0.000005,0.000014,0.000003,0.000012
226.859000,0.000076,0.000036,0.000001,0.000009,0.000014,0.000016
227.032000,0.000076,0.000017,0.000000,0.000022,0.000027,0.000009
227.153000,0.000076,0.000003,0.000004,0.000028,0.000042,0.000000
227.160000,0.000076,0.000023,0.000014,0.000000,0.000036,0.000003
227.280000,0.000076,0.000036,0.000000,0.000000,0.000039,0.000002
227.494000,0.000076,0.000012,0.000000,0.000010,0.000006,0.000048
227.513000,0.000076,0.000002,0.000002,0.000018,0.000043,0.000010
227.613000,0.000076,0.000005,0.000001,0.000016,0.000010,0.000043
227.616000,0.000076,0.000038,0.000000,0.000015,0.000013,0.000010
227.626000,0.000076,0.000007,0.000000,0.000006,0.000041,0.000022
227.665000,0.000076,0.000013,0.000000,0.000013,0.000042,0.000008
227.684000,0.000076,0.000017,0.000000,0.000011,0.000000,0.000048
227.787000,0.000076,0.000049,0.000002,0.000024,0.000001,0.000000
227.863000,0.000076,0.000010,0.000000,0.000025,0.000017,0.000023
227.866000,0.000076,0.000009,0.000004,0.000043,0.000006,0.000014
227.901000,0.000076,0.000022,0.000004,0.000008,0.000035,0.000007
227.971000,0.000076,0.000045,0.000003,0.000026,0.000003,0.000000
228.023000,0.000076,0.000004,0.000000,0.000009,0.000027,0.000037
228.026000,0.000076,0.000020,0.000005,0.000012,0.000031,0.000008
228.028000,0.000076,0.000002,0.000000,0.000003,0.000057,0.000014
228.045000,0.000076,0.000056,0.000000,0.000004,0.000003,0.000013
228.072000,0.000076,0.000042,0.000003,0.000010,0.000003,0.000019
228.073000,0.000076,0.000026,0.000000,0.000000,0.000001,0.000048
228.088000,0.000076,0.000011,0.000005,0.000011,0.000027,0.000022
228.115000,0.000076,0.000038,0.000002,0.000006,0.000021,0.000010
228.124000,0.000076,0.000012,0.000000,0.000017,0.000004,0.000043
228.138000,0.000076,0.000020,0.000000,0.000012,0.000019,0.000025
228.190000,0.000076,0.000029,0.000000,0.000030,0.000003,0.000014
228.196000,0.000076,0.000015,0.000005,0.000009,0.000003,0.000043
228.209000,0.000076,0.000028,0.000003,0.000021,0.000024,0.000000
228.440000,0.000076,0.000010,0.000004,0.000024,0.000031,0.000006
228.451000,0.000076,0.000036,0.000000,0.000000,0.000003,0.000037
228.469000,0.000076,0.000026,0.000000,0.000013,0.000006,0.000031
228.476000,0.000076,0.000012,0.000000,0.000002,0.000039,0.000024
228.616000,0.000076,0.000018,0.000000,0.000009,0.000005,0.000043
228.624000,0.000076,0.000002,0.000004,0.000009,0.000027,0.000035
228.652000,0.000076,0.000030,0.000000,0.000017,0.000022,0.000006
228.668000,0.000076,0.000006,0.000000,0.000018,0.000044,0.000008
228.713000,0.000076,0.000062,0.000000,0.000005,0.000000,0.000008
228.732000,0.000076,0.000013,0.000000,0.000023,0.000034,0.000006
228.782000,0.000076,0.000023,0.000000,0.000028,0.000007,0.000017
228.946000,0.000076,0.000019,0.000001,0.000008,0.000000,0.000048
228.949000,0.000076,0.000011,0.000000,0.000000,0.000021,0.000044
228.996000,0.000076,0.000002,0.000000,0.000052,0.000010,0.000012
229.073000,0.000076,0.000005,0.000000,0.000011,0.000012,0.000049
229.115000,0.000076,0.000013,0.000000,0.000006,0.000024,0.000033
229.138000,0.000076,0.000014,0.000000,0.000001,0.000038,0.000023
229.166000,0.000076,0.000003,0.000003,0.000009,0.000023,0.000037
229.169000,0.000076,0.000009,0.000000,0.000014,0.000023,0.000030
229.204000,0.000076,0.000016,0.000000,0.000017,0.000000,0.000043
229.228000,0.000076,0.000033,0.000005,0.000013,0.000008,0.000017
229.318000,0.000076,0.000015,0.000006,0.000002,0.000032,0.000022
229.331000,0.000076,0.000009,0.000008,0.000013,0.000043,0.000002
229.339000,0.000076,0.000036,0.000001,0.000003,0.000035,0.000002
229.418000,0.000076,0.000037,0.000000,0.000030,0.000000,0.000009
229.441000,0.000076,0.000039,0.000000,0.000000,0.000005,0.000032
229.487000,0.000076,0.000005,0.000000,0.000052,0.000004,0.000015
229.512000,0.000076,0.000010,0.000009,0.000015,0.000015,0.000027
229.551000,0.000076,0.000005,0.000012,0.000029,0.000027,0.000003
229.572000,0.000076,0.000024,0.000001,0.000011,0.000024,0.000016
229.607000,0.000076,0.000019,0.000000,0.000024,0.000018,0.000014
229.670000,0.000076,0.000011,0.000005,0.000005,0.000005,0.000049
229.690000,0.000076,0.000015,0.000001,0.000004,0.000002,0.000054
229.692000,0.000076,0.000011,0.000000,0.000005,0.000032,0.000029
229.745000,0.000076,0.000016,0.000003,0.000034,0.000003,0.000020
229.787000,0.000076,0.000015,0.000009,0.000009,0.000003,0.000041
229.810000,0.000076,0.000006,0.000000,0.000002,0.000023,0.000044
229.822000,0.000076,0.000022,0.000001,0.000006,0.000044,0.000004
229.983000,0.000076,0.000011,0.000001,0.000017,0.000038,0.000009
229.998000,0.000076,0.000002,0.000000,0.000010,0.000024,0.000041
230.193000,0.000076,0.000029,0.000002,0.000006,0.000040,0.000000
230.230000,0.000076,0.000010,0.000004,0.000031,0.000029,0.000002
230.371000,0.000076,0.000029,0.000000,0.000018,0.000021,0.000008
230.420000,0.000076,0.000020,0.000001,0.000027,0.000028,0.000000
230.423000,0.000076,0.000043,0.000003,0.000010,0.000011,0.000009
230.469000,0.000076,0.000017,0.000003,0.000005,0.000005,0.000046
230.516000,0.000076,0.000023,0.000004,0.000009,0.000031,0.000010
230.560000,0.000076,0.000005,0.000000,0.000008,0.000041,0.000022
230.571000,0.000076,0.000007,0.000002,0.000015,0.000025,0.000026
230.580000,0.000076,0.000015,0.000001,0.000012,0.000013,0.000036
230.611000,0.000076,0.000049,0.000005,0.000008,0.000011,0.000003
230.655000,0.000076,0.000034,0.000005,0.000021,0.000003,0.000013
230.694000,0.000076,0.000028,0.000000,0.000016,0.000012,0.000021
230.711000,0.000076,0.000046,0.000002,0.000012,0.000010,0.000005
230.760000,0.000076,0.000023,0.000000,0.000000,0.000020,0.000033
230.777000,0.000076,0.000052,0.000000,0.000003,0.000021,0.000001
230.890000,0.000076,0.000019,0.000000,0.000011,0.000035,0.000011
230.921000,0.000076,0.000004,0.000003,0.000008,0.000019,0.000042
230.947000,0.000076,0.000062,0.000000,0.000003,0.000002,0.000009
230.951000,0.000076,0.000016,0.000000,0.000006,0.000000,0.000055
230.960000,0.000076,0.000020,0.000000,0.000008,0.000006,0.000041
231.028000,0.000076,0.000009,0.000000,0.000002,0.000021,0.000044
231.076000,0.000076,0.000027,0.000000,0.000003,0.000038,0.000008
231.126000,0.000076,0.000022,0.000006,0.000018,0.000027,0.000004
231.165000,0.000076,0.000016,0.000001,0.000007,0.000027,0.000025
231.217000,0.000076,0.000029,0.000000,0.000022,0.000025,0.000000
231.219000,0.000076,0.000005,0.000000,0.000005,0.000013,0.000052
231.231000,0.000076,0.000048,0.000000,0.000009,0.000010,0.000009
231.247000,0.000076,0.000027,0.000001,0.000037,0.000008,0.000003
231.249000,0.000076,0.000014,0.000000,0.000009,0.000004,0.000049
231.270000,0.000076,0.000025,0.000000,0.000011,0.000022,0.000017
231.275000,0.000076,0.000010,0.000006,0.000004,0.000039,0.000016
231.306000,0.000076,0.000013,0.000000,0.000015,0.000042,0.000006
231.326000,0.000076,0.000012,0.000000,0.000016,0.000037,0.000011
231.346000,0.000076,0.000010,0.000001,0.000015,0.000020,0.000030
231.371000,0.000076,0.000026,0.000000,0.000015,0.000028,0.000006
231.491000,0.000076,0.000020,0.000003,0.000002,0.000035,0.000016
231.516000,0.000076,0.000001,0.000000,0.000006,0.000053,0.000016
231.540000,0.000076,0.000040,0.000005,0.000011,0.000019,0.000000
231.619000,0.000076,0.000034,0.000000,0.000000,0.000006,0.000036
231.637000,0.000076,0.000025,0.000000,0.000015,0.000027,0.000009
231.646000,0.000076,0.000034,0.000002,0.000002,0.000008,0.000030
231.679000,0.000076,0.000036,0.000000,0.000002,0.000006,0.000031
231.715000,0.000076,0.000045,0.000000,0.000000,0.000026,0.000005
231.733000,0.000076,0.000025,0.000000,0.000011,0.000020,0.000020
231.828000,0.000076,0.000006,0.000000,0.000013,0.000033,0.000024
231.875000,0.000076,0.000043,0.000000,0.000024,0.000000,0.000008
231.915000,0.000076,0.000054,0.000002,0.000001,0.000010,0.000010
231.918000,0.000076,0.000009,0.000002,0.000010,0.000031,0.000023
231.960000,0.000076,0.000040,0.000003,0.000015,0.000012,0.000005
231.966000,0.000076,0.000021,0.000000,0.000010,0.000042,0.000003
232.033000,0.000076,0.000000,0.000000,0.000057,0.000009,0.000010
232.111000,0.000076,0.000017,0.000000,0.000003,0.000001,0.000055
232.278000,0.000076,0.000009,0.000002,0.000007,0.000029,0.000030
232.291000,0.000076,0.000007,0.000009,0.000005,0.000031,0.000026
232.328000,0.000152,0.000071,0.000000,0.000000,0.000044,0.000037
232.434000,0.000076,0.000005,0.000000,0.000014,0.000033,0.000024
232.487000,0.000076,0.000017,0.000002,0.000024,0.000021,0.000014
232.554000,0.000076,0.000041,0.000000,0.000018,0.000011,0.000006
232.571000,0.000076,0.000047,0.000003,0.000013,0.000013,0.000000
232.579000,0.000076,0.000023,0.000003,0.000002,0.000026,0.000021
232.584000,0.000076,0.000010,0.000016,0.000003,0.000012,0.000036
232.615000,0.000076,0.000034,0.000001,0.000012,0.000028,0.000001
232.659000,0.000076,0.000042,0.000004,0.000009,0.000002,0.000020
232.803000,0.000076,0.000012,0.000000,0.000003,0.000032,0.000029
232.859000,0.000076,0.000056,0.000000,0.000005,0.000002,0.000012
232.915000,0.000076,0.000003,0.000001,0.000028,0.000030,0.000014
233.004000,0.000076,0.000004,0.000002,0.000004,0.000017,0.000050
233.087000,0.000076,0.000005,0.000003,0.000040,0.000010,0.000018
233.127000,0.000076,0.000056,0.000000,0.000007,0.000012,0.000001
233.139000,0.000076,0.000004,0.000005,0.000007,0.000029,0.000030
233.213000,0.000076,0.000050,0.000000,0.000011,0.000009,0.000006
233.329000,0.000076,0.000003,0.000002,0.000058,0.000005,0.000008
233.335000,0.000076,0.000054,0.000003,0.000000,0.000019,0.000000
233.466000,0.000076,0.000027,0.000001,0.000002,0.000022,0.000024
233.481000,0.000076,0.000025,0.000000,0.000004,0.000025,0.000023
233.490000,0.000076,0.000044,0.000000,0.000005,0.000007,0.000021
233.514000,0.000076,0.000023,0.000004,0.000036,0.000001,0.000011
233.515000,0.000076,0.000018,0.000000,0.000021,0.000018,0.000019
233.576000,0.000076,0.000025,0.000003,0.000005,0.000027,0.000017
233.613000,0.000076,0.000015,0.000003,0.000000,0.000012,0.000047
233.647000,0.000076,0.000006,0.000000,0.000019,0.000007,0.000043
233.680000,0.000076,0.000018,0.000000,0.000040,0.000009,0.000010
233.697000,0.000076,0.000042,0.000000,0.000026,0.000001,0.000007
233.728000,0.000076,0.000022,0.000002,0.000012,0.000036,0.000004
233.842000,0.000076,0.000010,0.000001,0.000015,0.000000,0.000051
233.885000,0.000076,0.000003,0.000002,0.000001,0.000043,0.000028
233.898000,0.000076,0.000002,0.000001,0.000025,0.000013,0.000036
234.010000,0.000076,0.000015,0.000000,0.000003,0.000024,0.000034
234.035000,0.000076,0.000012,0.000003,0.000009,0.000027,0.000026
234.051000,0.000076,0.000005,0.000000,0.000041,0.000007,0.000023
234.095000,0.000076,0.000011,0.000000,0.000010,0.000002,0.000052
234.115000,0.000152,0.000019,0.000000,0.000042,0.000063,0.000028
234.185000,0.000076,0.000030,0.000005,0.000009,0.000004,0.000027
234.295000,0.000076,0.000013,0.000000,0.000021,0.000040,0.000002
234.309000,0.000076,0.000009,0.000000,0.000015,0.000003,0.000049
234.316000,0.000076,0.000005,0.000002,0.000013,0.000026,0.000029
234.335000,0.000076,0.000009,0.000001,0.000015,0.000004,0.000047
234.363000,0.000076,0.000009,0.000000,0.000002,0.000019,0.000045
234.456000,0.000076,0.000027,0.000000,0.000002,0.000036,0.000011
234.465000,0.000076,0.000062,0.000004,0.000000,0.000003,0.000007
234.486000,0.000076,0.000034,0.000002,0.000004,0.000014,0.000023
234.513000,0.000076,0.000002,0.000003,0.000011,0.000038,0.000022
234.531000,0.000076,0.000044,0.000000,0.000000,0.000011,0.000021
234.594000,0.000076,0.000033,0.000000,0.000005,0.000021,0.000017
234.600000,0.000152,0.000070,0.000001,0.000002,0.000044,0.000035
234.615000,0.000076,0.000019,0.000007,0.000023,0.000014,0.000013
234.709000,0.000076,0.000004,0.000000,0.000051,0.000005,0.000015
234.715000,0.000076,0.000008,0.000005,0.000004,0.000020,0.000039
234.728000,0.000076,0.000010,0.000006,0.000011,0.000006,0.000044
234.773000,0.000076,0.000019,0.000002,0.000003,0.000034,0.000018
234.775000,0.000076,0.000022,0.000003,0.000017,0.000007,0.000028
234.853000,0.000076,0.000007,0.000000,0.000020,0.000027,0.000022
234.990000,0.000076,0.000037,0.000000,0.000007,0.000019,0.000013
235.022000,0.000076,0.000021,0.000000,0.000005,0.000028,0.000022
235.131000,0.000076,0.000027,0.000004,0.000002,0.000038,0.000005
235.188000,0.000076,0.000011,0.000013,0.000001,0.000020,0.000031
235.233000,0.000076,0.000033,0.000001,0.000000,0.000008,0.000033
235.401000,0.000076,0.000014,0.000011,0.000024,0.000009,0.000018
235.429000,0.000076,0.000011,0.000000,0.000038,0.000009,0.000018
235.478000,0.000076,0.000003,0.000002,0.000046,0.000010,0.000015
235.547000,0.000076,0.000033,0.000000,0.000025,0.000012,0.000006
235.645000,0.000076,0.000018,0.000000,0.000005,0.000015,0.000038
235.662000,0.000076,0.000025,0.000000,0.000008,0.000010,0.000034
235.689000,0.000076,0.000043,0.000002,0.000004,0.000026,0.000001
235.707000,0.000076,0.000005,0.000000,0.000008,0.000037,0.000026
235.725000,0.000076,0.000004,0.000000,0.000010,0.000013,0.000050
235.734000,0.000076,0.000044,0.000000,0.000008,0.000005,0.000020
235.784000,0.000076,0.000021,0.000008,0.000016,0.000009,0.000021
235.836000,0.000076,0.000021,0.000000,0.000007,0.000013,0.000035
235.841000,0.000076,0.000016,0.000004,0.000021,0.000003,0.000032
235.933000,0.000076,0.000034,0.000000,0.000011,0.000009,0.000022
235.955000,0.000076,0.000022,0.000000,0.000005,0.000027,0.000023
236.023000,0.000076,0.000016,0.000002,0.000003,0.000002,0.000052
236.125000,0.000076,0.000008,0.000000,0.000008,0.000013,0.000047
236.152000,0.000076,0.000037,0.000003,0.000006,0.000028,0.000001
236.196000,0.000076,0.000030,0.000000,0.000003,0.000021,0.000021
236.283000,0.000076,0.000018,0.000005,0.000037,0.000006,0.000010
236.303000,0.000076,0.000012,0.000009,0.000010,0.000018,0.000027
236.347000,0.000076,0.000012,0.000000,0.000003,0.000037,0.000024
236.372000,0.000076,0.000004,0.000003,0.000035,0.000033,0.000001
236.464000,0.000076,0.000003,0.000000,0.000051,0.000008,0.000013
236.466000,0.000076,0.000004,0.000000,0.000004,0.000021,0.000047
236.471000,0.000076,0.000004,0.000007,0.000015,0.000013,0.000037
236.508000,0.000076,0.000003,0.000000,0.000001,0.000025,0.000046
236.560000,0.000076,0.000036,0.000001,0.000000,0.000037,0.000002
236.670000,0.000076,0.000013,0.000004,0.000026,0.000023,0.000011
236.720000,0.000076,0.000042,0.000000,0.000012,0.000005,0.000017
236.832000,0.000076,0.000021,0.000000,0.000017,0.000029,0.000008
236.845000,0.000076,0.000044,0.000001,0.000012,0.000017,0.000003
236.972000,0.000076,0.000036,0.000000,0.000004,0.000014,0.000021
236.974000,0.000076,0.000012,0.000004,0.000000,0.000021,0.000039
237.165000,0.000076,0.000052,0.000004,0.000016,0.000001,0.000004
237.201000,0.000076,0.000002,0.000000,0.000001,0.000020,0.000053
237.301000,0.000076,0.000021,0.000003,0.000021,0.000007,0.000025
237.305000,0.000076,0.000013,0.000000,0.000024,0.000016,0.000023
237.374000,0.000076,0.000029,0.000004,0.000012,0.000002,0.000029
237.379000,0.000076,0.000003,0.000002,0.000052,0.000008,0.000011
237.382000,0.000076,0.000042,0.000000,0.000004,0.000012,0.000018
237.388000,0.000076,0.000002,0.000001,0.000037,0.000023,0.000013
237.433000,0.000076,0.000050,0.000003,0.000013,0.000002,0.000008
237.449000,0.000076,0.000018,0.000003,0.000000,0.000034,0.000021
237.457000,0.000076,0.000003,0.000000,0.000003,0.000021,0.000049
237.522000,0.000076,0.000043,0.000000,0.000028,0.000003,0.000002
237.545000,0.000076,0.000014,0.000000,0.000002,0.000024,0.000037
237.588000,0.000076,0.000033,0.000004,0.000015,0.000016,0.000008
237.615000,0.000076,0.000036,0.000004,0.000005,0.000003,0.000028
237.682000,0.000076,0.000035,0.000000,0.000004,0.000034,0.000003
237.792000,0.000076,0.000017,0.000000,0.000001,0.000030,0.000028
237.804000,0.000076,0.000010,0.000000,0.000005,0.000038,0.000024
237.847000,0.000076,0.000045,0.000000,0.000022,0.000000,0.000009
237.893000,0.000076,0.000019,0.000005,0.000000,0.000047,0.000005
237.914000,0.000076,0.000023,0.000000,0.000011,0.000031,0.000011
237.985000,0.000076,0.000022,0.000000,0.000015,0.000004,0.000035
238.017000,0.000076,0.000021,0.000005,0.000003,0.000026,0.000021
238.101000,0.000076,0.000003,0.000000,0.000029,0.000043,0.000001
238.290000,0.000076,0.000026,0.000000,0.000004,0.000021,0.000025
238.370000,0.000076,0.000004,0.000000,0.000051,0.000004,0.000017
238.568000,0.000076,0.000016,0.000004,0.000009,0.000047,0.000000
238.617000,0.000076,0.000029,0.000003,0.000006,0.000008,0.000031
238.635000,0.000076,0.000007,0.000001,0.000011,0.000006,0.000051
238.750000,0.000076,0.000058,0.000000,0.000000,0.000003,0.000015
238.776000,0.000076,0.000044,0.000000,0.000005,0.000002,0.000025
238.877000,0.000076,0.000046,0.000000,0.000021,0.000001,0.000007
238.893000,0.000076,0.000030,0.000000,0.000006,0.000007,0.000033
238.941000,0.000076,0.000000,0.000000,0.000020,0.000039,0.000017
238.965000,0.000076,0.000011,0.000000,0.000010,0.000049,0.000006
239.009000,0.000076,0.000036,0.000000,0.000001,0.000034,0.000005
239.017000,0.000076,0.000049,0.000002,0.000012,0.000000,0.000013
239.018000,0.000076,0.000004,0.000005,0.000008,0.000013,0.000045
239.019000,0.000076,0.000038,0.000000,0.000010,0.000009,0.000018
239.056000,0.000076,0.000021,0.000000,0.000026,0.000013,0.000015
239.098000,0.000076,0.000003,0.000002,0.000046,0.000003,0.000023
239.118000,0.000076,0.000022,0.000000,0.000008,0.000044,0.000003
239.176000,0.000076,0.000038,0.000001,0.000000,0.000008,0.000030
239.207000,0.000076,0.000007,0.000000,0.000021,0.000026,0.000021
239.212000,0.000076,0.000018,0.000000,0.000013,0.000028,0.000017
239.396000,0.000076,0.000011,0.000000,0.000017,0.000039,0.000009
239.461000,0.000076,0.000009,0.000004,0.000008,0.000012,0.000044
239.481000,0.000076,0.000041,0.000000,0.000004,0.000006,0.000026
239.677000,0.000076,0.000007,0.000002,0.000002,0.000018,0.000047
239.731000,0.000076,0.000038,0.000007,0.000003,0.000028,0.000000
239.801000,0.000076,0.000045,0.000002,0.000015,0.000007,0.000007
239.862000,0.000076,0.000005,0.000001,0.000007,0.000018,0.000044
239.871000,0.000076,0.000032,0.000000,0.000018,0.000007,0.000019
240.009000,0.000076,0.000003,0.000004,0.000003,0.000015,0.000051
240.047000,0.000076,0.000008,0.000000,0.000010,0.000032,0.000026
240.082000,0.000076,0.000037,0.000000,0.000000,0.000032,0.000007
240.147000,0.000076,0.000021,0.000001,0.000001,0.000020,0.000033
240.151000,0.000076,0.000019,0.000002,0.000012,0.000027,0.000017
240.174000,0.000076,0.000016,0.000000,0.000020,0.000002,0.000037
240.231000,0.000076,0.000019,0.000000,0.000000,0.000052,0.000005
240.273000,0.000076,0.000052,0.000004,0.000007,0.000000,0.000013
240.320000,0.000076,0.000040,0.000000,0.000016,0.000009,0.000011
240.323000,0.000076,0.000031,0.000003,0.000034,0.000000,0.000008
240.349000,0.000076,0.000027,0.000000,0.000002,0.000020,0.000026
240.356000,0.000076,0.000019,0.000003,0.000012,0.000028,0.000014
240.367000,0.000076,0.000058,0.000000,0.000009,0.000002,0.000006
240.379000,0.000076,0.000009,0.000000,0.000020,0.000027,0.000020
240.456000,0.000076,0.000041,0.000000,0.000009,0.000007,0.000019
240.483000,0.000076,0.000045,0.000002,0.000015,0.000009,0.000005
240.527000,0.000076,0.000033,0.000000,0.000033,0.000003,0.000007
240.562000,0.000076,0.000037,0.000005,0.000004,0.000019,0.000012
240.569000,0.000076,0.000026,0.000000,0.000008,0.000042,0.000000
240.600000,0.000076,0.000003,0.000001,0.000016,0.000008,0.000048
240.616000,0.000076,0.000028,0.000003,0.000002,0.000033,0.000009
240.640000,0.000076,0.000006,0.000002,0.000050,0.000008,0.000011
240.656000,0.000076,0.000004,0.000000,0.000050,0.000006,0.000015
240.734000,0.000076,0.000008,0.000000,0.000004,0.000029,0.000035
240.787000,0.000076,0.000037,0.000000,0.000014,0.000015,0.000011
240.813000,0.000076,0.000030,0.000000,0.000013,0.000018,0.000015
240.939000,0.000076,0.000018,0.000002,0.000006,0.000021,0.000030
240.978000,0.000076,0.000016,0.000000,0.000009,0.000028,0.000023
241.037000,0.000076,0.000021,0.000004,0.000022,0.000029,0.000000
241.087000,0.000076,0.000029,0.000005,0.000016,0.000024,0.000001
241.193000,0.000076,0.000009,0.000003,0.000019,0.000045,0.000001
241.208000,0.000076,0.000017,0.000000,0.000004,0.000015,0.000040
241.219000,0.000076,0.000012,0.000000,0.000028,0.000031,0.000005
241.276000,0.000076,0.000008,0.000000,0.000010,0.000011,0.000047
241.292000,0.000076,0.000056,0.000000,0.000000,0.000006,0.000014
241.297000,0.000076,0.000015,0.000001,0.000021,0.000038,0.000001
241.299000,0.000076,0.000015,0.000000,0.000026,0.000000,0.000034
241.305000,0.000076,0.000024,0.000000,0.000002,0.000025,0.000024
241.314000,0.000076,0.000025,0.000007,0.000019,0.000011,0.000015
241.358000,0.000076,0.000006,0.000000,0.000002,0.000021,0.000046
241.382000,0.000076,0.000015,0.000001,0.000007,0.000005,0.000048
241.396000,0.000076,0.000021,0.000000,0.000018,0.000017,0.000020
241.423000,0.000076,0.000009,0.000005,0.000007,0.000050,0.000006
241.428000,0.000076,0.000055,0.000000,0.000003,0.000001,0.000016
241.450000,0.000076,0.000028,0.000000,0.000014,0.000007,0.000028
241.452000,0.000076,0.000043,0.000002,0.000001,0.000018,0.000012
241.454000,0.000076,0.000033,0.000001,0.000006,0.000013,0.000023
241.455000,0.000076,0.000022,0.000000,0.000014,0.000020,0.000019
241.530000,0.000076,0.000014,0.000000,0.000005,0.000032,0.000025
241.583000,0.000076,0.000034,0.000002,0.000024,0.000010,0.000006
241.681000,0.000076,0.000022,0.000001,0.000018,0.000005,0.000030
241.713000,0.000076,0.000054,0.000002,0.000005,0.000015,0.000000
241.714000,0.000076,0.000006,0.000002,0.000013,0.000006,0.000049
241.789000,0.000076,0.000059,0.000001,0.000007,0.000009,0.000000
241.911000,0.000076,0.000048,0.000006,0.000013,0.000006,0.000003
242.105000,0.000076,0.000016,0.000003,0.000015,0.000033,0.000008
242.125000,0.000076,0.000019,0.000000,0.000007,0.000027,0.000024
242.132000,0.000076,0.000012,0.000002,0.000033,0.000004,0.000025
242.148000,0.000076,0.000006,0.000000,0.000002,0.000020,0.000048
242.240000,0.000076,0.000027,0.000000,0.000010,0.000039,0.000000
242.267000,0.000076,0.000018,0.000003,0.000008,0.000000,0.000047
242.398000,0.000076,0.000042,0.000002,0.000028,0.000000,0.000004
242.428000,0.000076,0.000050,0.000000,0.000013,0.000000,0.000013
242.514000,0.000076,0.000015,0.000002,0.000034,0.000007,0.000018
242.522000,0.000076,0.000040,0.000000,0.000017,0.000000,0.000019
242.542000,0.000076,0.000051,0.000000,0.000002,0.000018,0.000005
242.594000,0.000076,0.000043,0.000002,0.000000,0.000006,0.000025
242.607000,0.000076,0.000014,0.000002,0.000005,0.000028,0.000027
242.669000,0.000076,0.000007,0.000001,0.000007,0.000034,0.000026
242.741000,0.000076,0.000002,0.000000,0.000003,0.000020,0.000051
242.743000,0.000076,0.000015,0.000000,0.000006,0.000018,0.000037
242.754000,0.000076,0.000034,0.000002,0.000002,0.000022,0.000016
242.885000,0.000076,0.000018,0.000003,0.000005,0.000007,0.000043
242.952000,0.000076,0.000031,0.000007,0.000005,0.000007,0.000027
242.953000,0.000076,0.000017,0.000000,0.000022,0.000025,0.000012
242.975000,0.000076,0.000027,0.000002,0.000009,0.000010,0.000028
243.032000,0.000076,0.000021,0.000000,0.000008,0.000028,0.000019
243.044000,0.000076,0.000009,0.000001,0.000002,0.000045,0.000018
243.048000,0.000076,0.000025,0.000000,0.000012,0.000037,0.000003
243.085000,0.000076,0.000015,0.000005,0.000023,0.000033,0.000000
243.217000,0.000076,0.000023,0.000004,0.000036,0.000000,0.000013
243.240000,0.000076,0.000011,0.000000,0.000007,0.000037,0.000022
243.300000,0.000076,0.000014,0.000000,0.000016,0.000030,0.000016
243.343000,0.000076,0.000005,0.000001,0.000030,0.000034,0.000006
243.368000,0.000076,0.000004,0.000001,0.000011,0.000048,0.000012
243.408000,0.000076,0.000004,0.000000,0.000013,0.000009,0.000050
243.482000,0.000076,0.000039,0.000000,0.000000,0.000034,0.000004
243.545000,0.000076,0.000026,0.000004,0.000013,0.000005,0.000028
243.632000,0.000076,0.000012,0.000000,0.000023,0.000018,0.000023
243.678000,0.000076,0.000008,0.000006,0.000016,0.000031,0.000016
243.768000,0.000076,0.000011,0.000001,0.000004,0.000032,0.000028
243.792000,0.000076,0.000009,0.000001,0.000009,0.000010,0.000048
243.794000,0.000076,0.000033,0.000000,0.000005,0.000007,0.000031
243.814000,0.000076,0.000047,0.000000,0.000005,0.000019,0.000005
243.887000,0.000076,0.000000,0.000007,0.000019,0.000037,0.000013
243.945000,0.000076,0.000039,0.000003,0.000002,0.000004,0.000028
243.948000,0.000076,0.000012,0.000002,0.000014,0.000033,0.000015
243.990000,0.000076,0.000057,0.000000,0.000011,0.000004,0.000004
243.994000,0.000076,0.000039,0.000001,0.000000,0.000020,0.000016
244.007000,0.000076,0.000009,0.000000,0.000034,0.000000,0.000033
244.113000,0.000076,0.000018,0.000003,0.000011,0.000025,0.000018
244.136000,0.000076,0.000026,0.000002,0.000000,0.000046,0.000002
244.140000,0.000076,0.000029,0.000000,0.000024,0.000010,0.000014
244.258000,0.000076,0.000020,0.000006,0.000019,0.000018,0.000013
244.284000,0.000076,0.000057,0.000000,0.000001,0.000001,0.000017
244.381000,0.000076,0.000005,0.000010,0.000012,0.000026,0.000023
244.384000,0.000076,0.000006,0.000002,0.000016,0.000040,0.000011
244.409000,0.000076,0.000027,0.000004,0.000000,0.000030,0.000016
244.456000,0.000076,0.000011,0.000003,0.000003,0.000045,0.000015
244.478000,0.000076,0.000041,0.000003,0.000003,0.000003,0.000026
244.574000,0.000076,0.000037,0.000000,0.000007,0.000013,0.000020
244.593000,0.000076,0.000022,0.000003,0.000005,0.000030,0.000017
244.618000,0.000076,0.000011,0.000000,0.000002,0.000014,0.000049
244.676000,0.000076,0.000018,0.000000,0.000024,0.000000,0.000034
244.832000,0.000076,0.000027,0.000002,0.000024,0.000022,0.000002
244.895000,0.000076,0.000017,0.000002,0.000005,0.000018,0.000035
244.954000,0.000076,0.000028,0.000000,0.000016,0.000001,0.000031
245.011000,0.000076,0.000027,0.000001,0.000012,0.000013,0.000022
245.022000,0.000076,0.000040,0.000000,0.000004,0.000004,0.000027
245.029000,0.000076,0.000013,0.000004,0.000002,0.000023,0.000035
245.035000,0.000076,0.000034,0.000004,0.000000,0.000025,0.000014
245.052000,0.000076,0.000050,0.000000,0.000011,0.000003,0.000012
245.062000,0.000076,0.000030,0.000000,0.000003,0.000008,0.000035
245.219000,0.000076,0.000025,0.000004,0.000000,0.000027,0.000020
245.251000,0.000076,0.000042,0.000003,0.000016,0.000015,0.000000
245.296000,0.000076,0.000040,0.000004,0.000020,0.000012,0.000000
245.304000,0.000076,0.000036,0.000002,0.000008,0.000012,0.000018
245.404000,0.000076,0.000016,0.000000,0.000013,0.000034,0.000013
245.439000,0.000076,0.000028,0.000000,0.000016,0.000025,0.000006
245.500000,0.000076,0.000009,0.000004,0.000005,0.000009,0.000049
245.532000,0.000076,0.000034,0.000000,0.000011,0.000029,0.000002
245.557000,0.000076,0.000008,0.000002,0.000009,0.000006,0.000052
245.570000,0.000076,0.000034,0.000007,0.000025,0.000003,0.000007
245.754000,0.000076,0.000015,0.000006,0.000008,0.000028,0.000019
245.822000,0.000076,0.000010,0.000000,0.000000,0.000022,0.000044
245.833000,0.000076,0.000004,0.000002,0.000016,0.000020,0.000034
245.863000,0.000076,0.000003,0.000000,0.000041,0.000012,0.000021
245.971000,0.000076,0.000029,0.000003,0.000002,0.000042,0.000000
245.994000,0.000076,0.000012,0.000000,0.000001,0.000035,0.000028
246.073000,0.000076,0.000024,0.000000,0.000009,0.000026,0.000017
246.074000,0.000076,0.000015,0.000001,0.000000,0.000047,0.000013
246.080000,0.000076,0.000022,0.000002,0.000019,0.000001,0.000033
246.085000,0.000076,0.000015,0.000009,0.000002,0.000021,0.000029
246.125000,0.000076,0.000004,0.000000,0.000002,0.000025,0.000045
246.161000,0.000076,0.000020,0.000003,0.000035,0.000000,0.000018
246.189000,0.000076,0.000026,0.000002,0.000012,0.000008,0.000027
246.190000,0.000076,0.000025,0.000002,0.000034,0.000000,0.000015
246.213000,0.000076,0.000005,0.000002,0.000010,0.000022,0.000038
246.232000,0.000076,0.000008,0.000000,0.000011,0.000011,0.000046
246.353000,0.000076,0.000020,0.000000,0.000006,0.000027,0.000024
246.407000,0.000076,0.000020,0.000003,0.000005,0.000024,0.000024
246.458000,0.000076,0.000014,0.000000,0.000004,0.000024,0.000034
246.523000,0.000076,0.000024,0.000000,0.000016,0.000012,0.000024
246.540000,0.000076,0.000016,0.000004,0.000015,0.000027,0.000014
246.718000,0.000076,0.000023,0.000006,0.000035,0.000000,0.000011
246.721000,0.000076,0.000035,0.000000,0.000008,0.000010,0.000023
246.785000,0.000076,0.000047,0.000002,0.000004,0.000020,0.000003
246.796000,0.000076,0.000047,0.000000,0.000008,0.000020,0.000001
246.843000,0.000076,0.000018,0.000004,0.000007,0.000007,0.000040
246.867000,0.000076,0.000059,0.000000,0.000011,0.000001,0.000006
246.901000,0.000076,0.000044,0.000000,0.000014,0.000017,0.000002
247.046000,0.000076,0.000047,0.000001,0.000005,0.000019,0.000005
247.053000,0.000076,0.000005,0.000000,0.000006,0.000027,0.000038
247.070000,0.000076,0.000020,0.000002,0.000000,0.000038,0.000017
247.140000,0.000076,0.000035,0.000001,0.000001,0.000020,0.000018
247.292000,0.000076,0.000027,0.000000,0.000005,0.000023,0.000021
247.378000,0.000076,0.000016,0.000000,0.000000,0.000039,0.000020
247.390000,0.000076,0.000028,0.000000,0.000009,0.000004,0.000036
247.467000,0.000076,0.000040,0.000001,0.000001,0.000019,0.000015
247.533000,0.000076,0.000035,0.000000,0.000014,0.000002,0.000026
247.628000,0.000076,0.000025,0.000001,0.000016,0.000021,0.000013
247.652000,0.000076,0.000019,0.000000,0.000017,0.000008,0.000032
247.688000,0.000076,0.000036,0.000002,0.000010,0.000000,0.000028
247.689000,0.000076,0.000029,0.000001,0.000022,0.000011,0.000013
247.696000,0.000076,0.000033,0.000004,0.000010,0.000011,0.000017
247.820000,0.000076,0.000026,0.000000,0.000023,0.000001,0.000025
247.957000,0.000076,0.000026,0.000001,0.000041,0.000002,0.000007
248.006000,0.000076,0.000034,0.000006,0.000007,0.000025,0.000004
248.052000,0.000076,0.000010,0.000000,0.000026,0.000027,0.000013
248.102000,0.000076,0.000016,0.000000,0.000020,0.000028,0.000011
248.294000,0.000076,0.000034,0.000000,0.000008,0.000019,0.000015
248.405000,0.000076,0.000013,0.000003,0.000006,0.000003,0.000051
248.434000,0.000076,0.000013,0.000000,0.000005,0.000026,0.000033
248.514000,0.000076,0.000007,0.000002,0.000031,0.000025,0.000010
248.614000,0.000076,0.000027,0.000000,0.000003,0.000020,0.000026
248.637000,0.000076,0.000032,0.000001,0.000017,0.000024,0.000001
248.641000,0.000076,0.000023,0.000004,0.000022,0.000012,0.000015
248.642000,0.000076,0.000044,0.000009,0.000021,0.000001,0.000000
248.808000,0.000076,0.000008,0.000000,0.000003,0.000032,0.000033
248.826000,0.000076,0.000029,0.000002,0.000000,0.000024,0.000022
248.851000,0.000076,0.000042,0.000005,0.000010,0.000015,0.000005
248.888000,0.000076,0.000051,0.000000,0.000000,0.000020,0.000005
248.904000,0.000076,0.000011,0.000000,0.000014,0.000031,0.000020
248.928000,0.000076,0.000041,0.000000,0.000014,0.000003,0.000019
248.997000,0.000076,0.000006,0.000000,0.000011,0.000024,0.000035
249.000000,0.000076,0.000006,0.000002,0.000004,0.000053,0.000011
249.056000,0.000076,0.000006,0.000000,0.000003,0.000022,0.000045
249.179000,0.000076,0.000039,0.000000,0.000008,0.000003,0.000026
249.227000,0.000076,0.000000,0.000000,0.000006,0.000022,0.000049
249.228000,0.000076,0.000008,0.000000,0.000000,0.000042,0.000027
249.249000,0.000076,0.000010,0.000000,0.000000,0.000003,0.000063
249.277000,0.000076,0.000015,0.000000,0.000029,0.000029,0.000003
249.291000,0.000076,0.000015,0.000000,0.000011,0.000028,0.000021
249.298000,0.000076,0.000021,0.000000,0.000007,0.000026,0.000023
249.350000,0.000076,0.000019,0.000000,0.000015,0.000009,0.000033
249.413000,0.000076,0.000010,0.000000,0.000018,0.000032,0.000016
249.588000,0.000076,0.000034,0.000000,0.000008,0.000003,0.000031
249.603000,0.000076,0.000011,0.000000,0.000014,0.000036,0.000015
249.609000,0.000076,0.000040,0.000000,0.000017,0.000011,0.000008
249.637000,0.000076,0.000023,0.000000,0.000038,0.000003,0.000012
249.652000,0.000076,0.000015,0.000002,0.000000,0.000056,0.000003
249.788000,0.000076,0.000040,0.000004,0.000015,0.000008,0.000008
249.820000,0.000076,0.000039,0.000000,0.000000,0.000036,0.000002
249.874000,0.000076,0.000062,0.000000,0.000000,0.000007,0.000007
249.948000,0.000076,0.000042,0.000000,0.000011,0.000002,0.000021
250.030000,0.000076,0.000027,0.000000,0.000003,0.000021,0.000025
250.157000,0.000076,0.000017,0.000000,0.000007,0.000036,0.000017
250.161000,0.000076,0.000016,0.000009,0.000031,0.000007,0.000012
250.177000,0.000076,0.000062,0.000000,0.000002,0.000000,0.000011
250.185000,0.000076,0.000003,0.000001,0.000028,0.000040,0.000004
250.196000,0.000076,0.000021,0.000000,0.000003,0.000026,0.000025
250.351000,0.000076,0.000023,0.000000,0.000005,0.000021,0.000026
250.422000,0.000076,0.000013,0.000001,0.000008,0.000020,0.000034
250.462000,0.000076,0.000005,0.000000,0.000003,0.000026,0.000042
250.569000,0.000076,0.000023,0.000000,0.000030,0.000018,0.000005
250.575000,0.000076,0.000034,0.000000,0.000000,0.000010,0.000032
250.627000,0.000076,0.000046,0.000006,0.000011,0.000005,0.000008
250.672000,0.000076,0.000014,0.000000,0.000029,0.000031,0.000002
250.741000,0.000076,0.000020,0.000000,0.000013,0.000025,0.000019
250.754000,0.000076,0.000021,0.000000,0.000002,0.000036,0.000017
250.781000,0.000076,0.000035,0.000000,0.000023,0.000007,0.000012
250.831000,0.000076,0.000001,0.000000,0.000014,0.000028,0.000033
250.850000,0.000076,0.000040,0.000000,0.000010,0.000003,0.000023
250.917000,0.000076,0.000013,0.000000,0.000029,0.000020,0.000014
250.938000,0.000076,0.000028,0.000001,0.000028,0.000017,0.000001
250.947000,0.000076,0.000022,0.000003,0.000017,0.000023,0.000011
250.971000,0.000076,0.000050,0.000000,0.000005,0.000003,0.000018
251.092000,0.000076,0.000017,0.000000,0.000014,0.000030,0.000015
251.204000,0.000076,0.000039,0.000000,0.000000,0.000018,0.000019
251.212000,0.000076,0.000059,0.000000,0.000005,0.000003,0.000009
251.280000,0.000076,0.000017,0.000001,0.000018,0.000009,0.000030
251.295000,0.000076,0.000007,0.000000,0.000000,0.000015,0.000055
251.299000,0.000076,0.000017,0.000000,0.000000,0.000027,0.000031
251.374000,0.000076,0.000017,0.000004,0.000022,0.000005,0.000028
251.378000,0.000076,0.000015,0.000000,0.000026,0.000023,0.000012
251.475000,0.000076,0.000017,0.000000,0.000028,0.000000,0.000032
251.493000,0.000076,0.000011,0.000004,0.000014,0.000040,0.000007
251.555000,0.000076,0.000016,0.000000,0.000015,0.000027,0.000017
251.635000,0.000076,0.000060,0.000003,0.000003,0.000000,0.000010
251.667000,0.000076,0.000044,0.000003,0.000011,0.000011,0.000008
251.701000,0.000076,0.000030,0.000000,0.000009,0.000025,0.000012
251.740000,0.000076,0.000032,0.000005,0.000014,0.000025,0.000000
251.746000,0.000076,0.000004,0.000000,0.000037,0.000011,0.000024
251.789000,0.000076,0.000048,0.000000,0.000017,0.000000,0.000011
251.805000,0.000076,0.000020,0.000002,0.000014,0.000027,0.000013
251.974000,0.000076,0.000005,0.000000,0.000002,0.000020,0.000049
251.979000,0.000076,0.000009,0.000003,0.000027,0.000031,0.000006
251.989000,0.000076,0.000021,0.000000,0.000009,0.000022,0.000024
252.163000,0.000076,0.000021,0.000000,0.000012,0.000030,0.000013
252.184000,0.000076,0.000006,0.000000,0.000005,0.000016,0.000049
252.192000,0.000076,0.000025,0.000000,0.000012,0.000037,0.000001
252.255000,0.000076,0.000037,0.000001,0.000004,0.000011,0.000022
252.260000,0.000076,0.000025,0.000009,0.000031,0.000000,0.000011
252.332000,0.000076,0.000007,0.000003,0.000009,0.000023,0.000034
252.481000,0.000076,0.000043,0.000000,0.000005,0.000000,0.000028
252.587000,0.000076,0.000058,0.000000,0.000000,0.000003,0.000015
252.615000,0.000076,0.000010,0.000000,0.000028,0.000025,0.000013
252.622000,0.000076,0.000046,0.000000,0.000013,0.000004,0.000014
252.674000,0.000076,0.000011,0.000000,0.000032,0.000032,0.000001
252.754000,0.000076,0.000015,0.000000,0.000011,0.000025,0.000025
252.808000,0.000076,0.000006,0.000004,0.000030,0.000013,0.000023
252.889000,0.000076,0.000027,0.000000,0.000005,0.000016,0.000029
252.921000,0.000076,0.000021,0.000002,0.000027,0.000002,0.000023
252.936000,0.000076,0.000010,0.000000,0.000023,0.000039,0.000004
253.028000,0.000076,0.000018,0.000000,0.000014,0.000026,0.000019
253.264000,0.000076,0.000004,0.000004,0.000005,0.000014,0.000049
253.275000,0.000076,0.000015,0.000000,0.000023,0.000033,0.000005
253.349000,0.000076,0.000015,0.000000,0.000004,0.000041,0.000016
253.350000,0.000076,0.000017,0.000000,0.000001,0.000035,0.000023
253.367000,0.000076,0.000053,0.000000,0.000008,0.000002,0.000014
253.397000,0.000076,0.000029,0.000002,0.000011,0.000034,0.000000
253.427000,0.000076,0.000032,0.000010,0.000028,0.000003,0.000003
253.477000,0.000076,0.000058,0.000000,0.000004,0.000002,0.000012
253.590000,0.000076,0.000012,0.000002,0.000024,0.000032,0.000005
253.685000,0.000076,0.000055,0.000002,0.000000,0.000008,0.000011
253.719000,0.000076,0.000020,0.000001,0.000015,0.000020,0.000020
253.781000,0.000076,0.000007,0.000000,0.000033,0.000028,0.000009
253.787000,0.000076,0.000014,0.000007,0.000030,0.000019,0.000006
253.801000,0.000076,0.000028,0.000000,0.000000,0.000031,0.000017
253.904000,0.000076,0.000025,0.000000,0.000012,0.000005,0.000034
253.935000,0.000076,0.000019,0.000003,0.000015,0.000017,0.000022
253.993000,0.000076,0.000034,0.000007,0.000013,0.000019,0.000003
254.122000,0.000076,0.000032,0.000000,0.000002,0.000005,0.000037
254.137000,0.000076,0.000032,0.000000,0.000002,0.000003,0.000039
254.263000,0.000076,0.000043,0.000000,0.000024,0.000002,0.000007
254.279000,0.000076,0.000047,0.000000,0.000016,0.000003,0.000011
254.318000,0.000076,0.000014,0.000000,0.000022,0.000026,0.000014
254.373000,0.000076,0.000038,0.000000,0.000017,0.000004,0.000018
254.390000,0.000076,0.000013,0.000002,0.000013,0.000040,0.000007
254.420000,0.000076,0.000012,0.000000,0.000006,0.000040,0.000018
254.427000,0.000076,0.000027,0.000000,0.000018,0.000031,0.000000
254.441000,0.000076,0.000037,0.000001,0.000009,0.000000,0.000029
254.455000,0.000076,0.000005,0.000002,0.000003,0.000021,0.000045
254.485000,0.000076,0.000034,0.000007,0.000005,0.000024,0.000006
254.514000,0.000076,0.000011,0.000000,0.000004,0.000044,0.000018
254.635000,0.000076,0.000039,0.000000,0.000000,0.000021,0.000017
254.660000,0.000076,0.000029,0.000003,0.000005,0.000014,0.000025
254.765000,0.000076,0.000042,0.000002,0.000017,0.000000,0.000015
254.858000,0.000076,0.000018,0.000000,0.000022,0.000033,0.000003
254.943000,0.000076,0.000027,0.000002,0.000015,0.000026,0.000006
255.005000,0.000076,0.000013,0.000000,0.000001,0.000045,0.000017
255.073000,0.000076,0.000025,0.000000,0.000005,0.000023,0.000024
255.106000,0.000076,0.000039,0.000000,0.000024,0.000001,0.000012
255.164000,0.000076,0.000057,0.000001,0.000003,0.000008,0.000007
255.204000,0.000076,0.000024,0.000001,0.000006,0.000006,0.000039
255.217000,0.000076,0.000001,0.000003,0.000012,0.000032,0.000028
255.220000,0.000076,0.000050,0.000003,0.000012,0.000010,0.000000
255.268000,0.000076,0.000034,0.000005,0.000000,0.000010,0.000027
255.270000,0.000076,0.000016,0.000000,0.000031,0.000008,0.000020
255.351000,0.000076,0.000017,0.000002,0.000004,0.000028,0.000026
255.419000,0.000152,0.000061,0.000003,0.000035,0.000020,0.000033
255.449000,0.000076,0.000005,0.000004,0.000021,0.000042,0.000004
255.586000,0.000076,0.000038,0.000001,0.000004,0.000013,0.000021
255.631000,0.000076,0.000013,0.000000,0.000025,0.000034,0.000004
255.748000,0.000076,0.000022,0.000000,0.000002,0.000033,0.000019
255.816000,0.000076,0.000048,0.000005,0.000012,0.000001,0.000010
255.847000,0.000076,0.000055,0.000000,0.000000,0.000001,0.000020
255.848000,0.000076,0.000028,0.000000,0.000015,0.000031,0.000001
256.066000,0.000076,0.000030,0.000000,0.000017,0.000002,0.000026
256.238000,0.000076,0.000024,0.000000,0.000031,0.000020,0.000000
256.253000,0.000076,0.000043,0.000000,0.000021,0.000000,0.000011
256.272000,0.000076,0.000012,0.000003,0.000000,0.000032,0.000030
256.281000,0.000076,0.000033,0.000003,0.000010,0.000031,0.000000
256.303000,0.000076,0.000047,0.000000,0.000002,0.000000,0.000027
256.309000,0.000076,0.000043,0.000001,0.000000,0.000004,0.000027
256.312000,0.000076,0.000042,0.000002,0.000017,0.000002,0.000012
256.317000,0.000076,0.000028,0.000002,0.000018,0.000027,0.000000
256.348000,0.000076,0.000008,0.000000,0.000026,0.000033,0.000009
256.396000,0.000076,0.000029,0.000000,0.000019,0.000028,0.000001
256.493000,0.000076,0.000027,0.000000,0.000019,0.000020,0.000010
256.603000,0.000076,0.000020,0.000011,0.000010,0.000024,0.000010
256.782000,0.000076,0.000036,0.000004,0.000000,0.000016,0.000019
256.790000,0.000076,0.000022,0.000000,0.000018,0.000022,0.000014
256.861000,0.000076,0.000037,0.000000,0.000001,0.000017,0.000021
256.874000,0.000076,0.000019,0.000000,0.000017,0.000026,0.000014
256.888000,0.000076,0.000004,0.000002,0.000000,0.000021,0.000048
256.915000,0.000076,0.000023,0.000000,0.000035,0.000019,0.000000
256.953000,0.000076,0.000003,0.000009,0.000010,0.000026,0.000028
257.099000,0.000076,0.000018,0.000003,0.000006,0.000035,0.000014
257.119000,0.000076,0.000008,0.000003,0.000018,0.000028,0.000019
257.254000,0.000076,0.000025,0.000000,0.000011,0.000040,0.000000
257.503000,0.000076,0.000037,0.000001,0.000004,0.000007,0.000027
257.565000,0.000076,0.000001,0.000005,0.000000,0.000019,0.000051
257.618000,0.000076,0.000032,0.000000,0.000007,0.000025,0.000011
257.640000,0.000076,0.000014,0.000000,0.000004,0.000028,0.000029
257.694000,0.000076,0.000012,0.000000,0.000000,0.000034,0.000030
257.728000,0.000076,0.000051,0.000000,0.000003,0.000000,0.000022
257.796000,0.000076,0.000041,0.000002,0.000024,0.000002,0.000008
257.809000,0.000076,0.000007,0.000005,0.000039,0.000008,0.000017
257.856000,0.000076,0.000021,0.000002,0.000000,0.000032,0.000021
257.944000,0.000076,0.000031,0.000002,0.000002,0.000006,0.000035
257.970000,0.000076,0.000014,0.000000,0.000032,0.000014,0.000017
258.026000,0.000076,0.000013,0.000006,0.000001,0.000034,0.000022
258.042000,0.000076,0.000026,0.000000,0.000013,0.000022,0.000016
258.058000,0.000076,0.000004,0.000000,0.000030,0.000042,0.000000
258.124000,0.000076,0.000038,0.000002,0.000011,0.000016,0.000009
258.143000,0.000076,0.000005,0.000000,0.000000,0.000013,0.000058
258.299000,0.000076,0.000011,0.000000,0.000028,0.000012,0.000024
258.315000,0.000076,0.000034,0.000000,0.000002,0.000024,0.000017
258.363000,0.000076,0.000002,0.000003,0.000011,0.000035,0.000025
258.452000,0.000076,0.000007,0.000003,0.000002,0.000014,0.000050
258.488000,0.000076,0.000002,0.000001,0.000007,0.000026,0.000040
258.624000,0.000076,0.000022,0.000001,0.000013,0.000008,0.000031
258.652000,0.000076,0.000038,0.000002,0.000023,0.000007,0.000005
258.766000,0.000076,0.000025,0.000000,0.000006,0.000041,0.000003
258.862000,0.000076,0.000020,0.000003,0.000010,0.000024,0.000018
258.896000,0.000076,0.000016,0.000000,0.000009,0.000021,0.000030
258.913000,0.000076,0.000027,0.000001,0.000013,0.000025,0.000011
258.942000,0.000076,0.000005,0.000000,0.000001,0.000012,0.000058
258.987000,0.000076,0.000029,0.000000,0.000000,0.000032,0.000016
259.085000,0.000076,0.000020,0.000000,0.000001,0.000001,0.000054
259.171000,0.000076,0.000022,0.000004,0.000002,0.000000,0.000048
259.318000,0.000076,0.000005,0.000000,0.000011,0.000048,0.000012
259.344000,0.000076,0.000023,0.000006,0.000018,0.000030,0.000000
259.350000,0.000076,0.000047,0.000003,0.000003,0.000001,0.000022
259.381000,0.000076,0.000013,0.000003,0.000006,0.000027,0.000027
259.410000,0.000076,0.000019,0.000000,0.000039,0.000018,0.000000
259.424000,0.000076,0.000032,0.000003,0.000003,0.000009,0.000029
259.566000,0.000076,0.000054,0.000000,0.000003,0.000012,0.000007
259.586000,0.000076,0.000041,0.000008,0.000011,0.000014,0.000002
259.616000,0.000076,0.000042,0.000000,0.000001,0.000003,0.000030
259.683000,0.000076,0.000006,0.000000,0.000030,0.000018,0.000022
259.739000,0.000076,0.000009,0.000006,0.000003,0.000043,0.000016
259.742000,0.000076,0.000000,0.000000,0.000000,0.000027,0.000049
259.779000,0.000076,0.000028,0.000000,0.000000,0.000033,0.000014
259.786000,0.000076,0.000021,0.000000,0.000004,0.000036,0.000015
259.831000,0.000076,0.000007,0.000002,0.000001,0.000030,0.000037
259.860000,0.000076,0.000041,0.000000,0.000009,0.000025,0.000001
259.884000,0.000076,0.000025,0.000000,0.000026,0.000008,0.000017
260.011000,0.000076,0.000017,0.000001,0.000017,0.000039,0.000003
260.072000,0.000076,0.000040,0.000000,0.000010,0.000000,0.000026
260.088000,0.000076,0.000004,0.000001,0.000003,0.000029,0.000038
260.093000,0.000076,0.000041,0.000008,0.000002,0.000012,0.000013
260.096000,0.000076,0.000014,0.000000,0.000011,0.000032,0.000020
260.104000,0.000076,0.000024,0.000000,0.000017,0.000035,0.000001
260.125000,0.000076,0.000048,0.000000,0.000015,0.000012,0.000001
260.189000,0.000076,0.000046,0.000002,0.000009,0.000018,0.000001
260.235000,0.000076,0.000003,0.000002,0.000004,0.000026,0.000042
260.280000,0.000076,0.000027,0.000002,0.000012,0.000011,0.000024
260.282000,0.000076,0.000045,0.000006,0.000003,0.000021,0.000001
260.335000,0.000076,0.000018,0.000000,0.000005,0.000000,0.000053
260.451000,0.000076,0.000013,0.000000,0.000024,0.000022,0.000017
260.480000,0.000076,0.000026,0.000001,0.000005,0.000042,0.000002
260.482000,0.000076,0.000041,0.000002,0.000012,0.000002,0.000019
260.509000,0.000076,0.000026,0.000000,0.000009,0.000027,0.000014
260.630000,0.000076,0.000040,0.000000,0.000019,0.000000,0.000018
260.656000,0.000076,0.000018,0.000000,0.000018,0.000000,0.000040
260.678000,0.000076,0.000013,0.000000,0.000007,0.000030,0.000025
260.737000,0.000076,0.000052,0.000001,0.000000,0.000010,0.000013
260.836000,0.000076,0.000011,0.000000,0.000030,0.000018,0.000018
260.948000,0.000076,0.000027,0.000000,0.000012,0.000037,0.000000
260.954000,0.000076,0.000023,0.000002,0.000015,0.000033,0.000003
260.975000,0.000076,0.000003,0.000000,0.000000,0.000022,0.000051
261.053000,0.000076,0.000009,0.000004,0.000027,0.000024,0.000012
261.115000,0.000076,0.000053,0.000001,0.000000,0.000012,0.000009
261.125000,0.000076,0.000043,0.000002,0.000008,0.000002,0.000021
261.176000,0.000076,0.000004,0.000000,0.000012,0.000017,0.000043
261.208000,0.000076,0.000006,0.000000,0.000034,0.000026,0.000010
261.215000,0.000076,0.000011,0.000005,0.000008,0.000037,0.000015
261.217000,0.000076,0.000004,0.000004,0.000018,0.000045,0.000004
261.227000,0.000076,0.000012,0.000000,0.000001,0.000011,0.000051
261.263000,0.000076,0.000009,0.000007,0.000003,0.000014,0.000043
261.304000,0.000076,0.000009,0.000000,0.000035,0.000012,0.000020
261.350000,0.000076,0.000010,0.000000,0.000027,0.000026,0.000013
261.394000,0.000076,0.000032,0.000000,0.000021,0.000008,0.000015
261.424000,0.000076,0.000029,0.000000,0.000011,0.000002,0.000035
261.488000,0.000076,0.000041,0.000000,0.000013,0.000021,0.000000
261.538000,0.000076,0.000032,0.000005,0.000012,0.000028,0.000000
261.548000,0.000076,0.000017,0.000003,0.000013,0.000030,0.000013
261.552000,0.000076,0.000014,0.000002,0.000007,0.000007,0.000045
261.612000,0.000076,0.000002,0.000000,0.000034,0.000021,0.000018
261.619000,0.000076,0.000020,0.000002,0.000006,0.000029,0.000018
261.633000,0.000076,0.000011,0.000000,0.000024,0.000020,0.000020
261.637000,0.000076,0.000020,0.000000,0.000000,0.000025,0.000031
261.744000,0.000076,0.000046,0.000000,0.000018,0.000012,0.000000
261.751000,0.000076,0.000009,0.000003,0.000001,0.000008,0.000055
261.767000,0.000076,0.000034,0.000000,0.000019,0.000007,0.000016
261.800000,0.000076,0.000013,0.000000,0.000002,0.000030,0.000031
261.813000,0.000076,0.000023,0.000001,0.000029,0.000003,0.000021
261.820000,0.000076,0.000023,0.000001,0.000016,0.000030,0.000005
261.857000,0.000076,0.000023,0.000006,0.000003,0.000021,0.000023
261.898000,0.000076,0.000019,0.000002,0.000009,0.000000,0.000046
261.902000,0.000076,0.000042,0.000000,0.000017,0.000017,0.000001
261.955000,0.000076,0.000009,0.000000,0.000022,0.000041,0.000003
262.045000,0.000076,0.000033,0.000000,0.000014,0.000015,0.000014
262.067000,0.000076,0.000030,0.000000,0.000029,0.000017,0.000000
262.073000,0.000076,0.000008,0.000000,0.000010,0.000031,0.000027
262.160000,0.000076,0.000035,0.000000,0.000002,0.000019,0.000019
262.174000,0.000076,0.000012,0.000002,0.000012,0.000003,0.000047
262.176000,0.000076,0.000011,0.000001,0.000030,0.000010,0.000023
262.178000,0.000076,0.000016,0.000000,0.000009,0.000037,0.000014
262.271000,0.000076,0.000021,0.000000,0.000000,0.000046,0.000009
262.322000,0.000076,0.000020,0.000000,0.000001,0.000045,0.000010
262.361000,0.000076,0.000024,0.000000,0.000029,0.000001,0.000023
262.386000,0.000076,0.000040,0.000004,0.000009,0.000003,0.000020
262.397000,0.000076,0.000012,0.000011,0.000028,0.000014,0.000011
262.399000,0.000076,0.000006,0.000000,0.000017,0.000050,0.000003
262.409000,0.000076,0.000028,0.000000,0.000010,0.000023,0.000015
262.461000,0.000076,0.000026,0.000000,0.000012,0.000027,0.000011
262.508000,0.000076,0.000023,0.000001,0.000010,0.000042,0.000000
262.541000,0.000076,0.000018,0.000003,0.000019,0.000002,0.000034
262.550000,0.000076,0.000052,0.000002,0.000000,0.000002,0.000020
262.571000,0.000076,0.000023,0.000003,0.000004,0.000032,0.000013
262.615000,0.000076,0.000043,0.000006,0.000002,0.000008,0.000018
262.655000,0.000076,0.000022,0.000001,0.000036,0.000004,0.000012
262.667000,0.000076,0.000033,0.000000,0.000000,0.000026,0.000017
262.695000,0.000076,0.000058,0.000000,0.000000,0.000007,0.000010
262.700000,0.000076,0.000008,0.000002,0.000004,0.000044,0.000018
262.729000,0.000076,0.000007,0.000000,0.000030,0.000029,0.000011
262.813000,0.000076,0.000008,0.000003,0.000028,0.000026,0.000012
262.923000,0.000076,0.000040,0.000000,0.000006,0.000016,0.000015
262.949000,0.000076,0.000017,0.000000,0.000044,0.000014,0.000002
262.955000,0.000076,0.000011,0.000000,0.000013,0.000031,0.000022
262.974000,0.000076,0.000024,0.000000,0.000001,0.000003,0.000047
262.982000,0.000076,0.000025,0.000000,0.000000,0.000024,0.000027
262.999000,0.000076,0.000040,0.000000,0.000001,0.000014,0.000021
263.010000,0.000076,0.000028,0.000001,0.000001,0.000014,0.000033
263.029000,0.000076,0.000043,0.000000,0.000012,0.000018,0.000003
263.106000,0.000076,0.000011,0.000003,0.000000,0.000038,0.000023
263.114000,0.000076,0.000022,0.000003,0.000006,0.000013,0.000033
263.242000,0.000076,0.000040,0.000000,0.000006,0.000006,0.000024
263.321000,0.000076,0.000044,0.000004,0.000010,0.000005,0.000012
263.328000,0.000076,0.000044,0.000002,0.000001,0.000009,0.000020
263.406000,0.000076,0.000016,0.000000,0.000001,0.000015,0.000044
263.431000,0.000076,0.000051,0.000000,0.000000,0.000000,0.000025
263.444000,0.000076,0.000018,0.000000,0.000041,0.000015,0.000002
263.559000,0.000076,0.000000,0.000000,0.000012,0.000033,0.000031
263.571000,0.000076,0.000006,0.000000,0.000037,0.000010,0.000023
263.581000,0.000076,0.000012,0.000005,0.000008,0.000004,0.000047
263.586000,0.000076,0.000039,0.000001,0.000019,0.000003,0.000013
263.587000,0.000076,0.000011,0.000000,0.000000,0.000002,0.000064
263.591000,0.000076,0.000033,0.000002,0.000026,0.000007,0.000008
263.641000,0.000076,0.000008,0.000000,0.000036,0.000014,0.000019
263.647000,0.000076,0.000010,0.000000,0.000008,0.000029,0.000028
263.719000,0.000076,0.000046,0.000001,0.000016,0.000004,0.000009
263.754000,0.000076,0.000041,0.000004,0.000013,0.000000,0.000018
263.778000,0.000076,0.000029,0.000003,0.000000,0.000010,0.000034
263.786000,0.000076,0.000009,0.000000,0.000033,0.000010,0.000024
263.923000,0.000076,0.000043,0.000002,0.000023,0.000000,0.000008
263.952000,0.000076,0.000043,0.000000,0.000016,0.000015,0.000002
263.994000,0.000076,0.000035,0.000000,0.000013,0.000000,0.000028
264.019000,0.000076,0.000045,0.000001,0.000000,0.000007,0.000024
264.038000,0.000076,0.000005,0.000001,0.000030,0.000031,0.000008
264.215000,0.000076,0.000008,0.000003,0.000027,0.000013,0.000025
264.307000,0.000076,0.000005,0.000003,0.000032,0.000020,0.000016
264.378000,0.000076,0.000022,0.000000,0.000020,0.000026,0.000008
264.388000,0.000076,0.000045,0.000000,0.000004,0.000001,0.000025
264.453000,0.000076,0.000020,0.000005,0.000020,0.000027,0.000004
264.469000,0.000076,0.000006,0.000000,0.000033,0.000016,0.000021
264.502000,0.000076,0.000016,0.000000,0.000024,0.000027,0.000009
264.519000,0.000076,0.000025,0.000000,0.000001,0.000024,0.000026
264.581000,0.000076,0.000022,0.000001,0.000017,0.000019,0.000018
264.614000,0.000152,0.000061,0.000001,0.000003,0.000038,0.000048
264.652000,0.000076,0.000010,0.000000,0.000019,0.000036,0.000010
264.660000,0.000076,0.000020,0.000000,0.000000,0.000032,0.000024
264.765000,0.000076,0.000026,0.000000,0.000006,0.000009,0.000035
264.776000,0.000076,0.000047,0.000000,0.000019,0.000000,0.000011
264.805000,0.000076,0.000020,0.000000,0.000003,0.000027,0.000025
264.934000,0.000076,0.000040,0.000000,0.000000,0.000036,0.000000
265.077000,0.000076,0.000029,0.000006,0.000012,0.000025,0.000005
265.095000,0.000076,0.000011,0.000004,0.000032,0.000010,0.000019
265.105000,0.000076,0.000054,0.000000,0.000005,0.000010,0.000007
265.114000,0.000076,0.000015,0.000000,0.000002,0.000016,0.000043
265.121000,0.000076,0.000013,0.000002,0.000001,0.000045,0.000016
265.176000,0.000076,0.000010,0.000004,0.000000,0.000014,0.000049
265.245000,0.000076,0.000012,0.000001,0.000003,0.000056,0.000004
265.272000,0.000076,0.000033,0.000000,0.000002,0.000013,0.000029
265.284000,0.000076,0.000005,0.000002,0.000036,0.000013,0.000019
265.352000,0.000076,0.000021,0.000000,0.000023,0.000026,0.000006
265.363000,0.000076,0.000020,0.000010,0.000017,0.000019,0.000010
265.370000,0.000076,0.000025,0.000004,0.000000,0.000045,0.000002
265.391000,0.000076,0.000024,0.000002,0.000008,0.000026,0.000016
265.406000,0.000076,0.000049,0.000001,0.000002,0.000008,0.000017
265.542000,0.000076,0.000008,0.000004,0.000036,0.000008,0.000020
265.610000,0.000076,0.000008,0.000000,0.000003,0.000011,0.000054
265.634000,0.000076,0.000012,0.000000,0.000014,0.000023,0.000027
265.645000,0.000076,0.000016,0.000000,0.000018,0.000032,0.000010
265.648000,0.000076,0.000016,0.000002,0.000001,0.000005,0.000052
265.678000,0.000076,0.000022,0.000000,0.000022,0.000016,0.000017
265.699000,0.000076,0.000029,0.000000,0.000021,0.000005,0.000021
265.789000,0.000076,0.000012,0.000000,0.000015,0.000002,0.000048
265.797000,0.000076,0.000036,0.000004,0.000014,0.000003,0.000019
265.869000,0.000076,0.000007,0.000002,0.000009,0.000016,0.000042
265.880000,0.000076,0.000006,0.000000,0.000000,0.000039,0.000031
265.885000,0.000076,0.000035,0.000000,0.000016,0.000014,0.000011
265.893000,0.000076,0.000035,0.000001,0.000039,0.000001,0.000000
265.924000,0.000076,0.000004,0.000000,0.000032,0.000028,0.000012
265.938000,0.000076,0.000024,0.000002,0.000001,0.000034,0.000016
265.982000,0.000076,0.000049,0.000000,0.000015,0.000013,0.000000
266.045000,0.000076,0.000047,0.000000,0.000007,0.000011,0.000011
266.059000,0.000076,0.000029,0.000010,0.000009,0.000025,0.000003
266.067000,0.000076,0.000003,0.000000,0.000000,0.000019,0.000053
266.089000,0.000076,0.000007,0.000003,0.000027,0.000015,0.000024
266.103000,0.000076,0.000035,0.000008,0.000025,0.000003,0.000006
266.152000,0.000076,0.000055,0.000001,0.000005,0.000005,0.000011
266.153000,0.000076,0.000007,0.000006,0.000028,0.000032,0.000003
266.172000,0.000076,0.000057,0.000000,0.000005,0.000000,0.000014
266.191000,0.000076,0.000004,0.000000,0.000031,0.000031,0.000010
266.199000,0.000076,0.000030,0.000001,0.000006,0.000004,0.000034
266.228000,0.000076,0.000026,0.000004,0.000009,0.000032,0.000005
266.233000,0.000076,0.000013,0.000002,0.000001,0.000057,0.000003
266.333000,0.000076,0.000010,0.000001,0.000026,0.000022,0.000018
266.455000,0.000076,0.000023,0.000002,0.000028,0.000005,0.000018
266.461000,0.000076,0.000026,0.000005,0.000007,0.000033,0.000006
266.612000,0.000076,0.000033,0.000001,0.000001,0.000016,0.000024
266.615000,0.000076,0.000016,0.000001,0.000015,0.000039,0.000005
266.621000,0.000076,0.000035,0.000000,0.000002,0.000008,0.000031
266.627000,0.000076,0.000046,0.000000,0.000007,0.000009,0.000014
266.648000,0.000076,0.000053,0.000005,0.000000,0.000009,0.000009
266.703000,0.000076,0.000042,0.000000,0.000020,0.000003,0.000011
266.782000,0.000076,0.000040,0.000000,0.000016,0.000018,0.000002
266.914000,0.000076,0.000035,0.000003,0.000004,0.000000,0.000034
266.954000,0.000076,0.000014,0.000005,0.000000,0.000005,0.000052
266.968000,0.000076,0.000062,0.000000,0.000003,0.000002,0.000009
266.974000,0.000076,0.000009,0.000000,0.000009,0.000014,0.000045
266.979000,0.000076,0.000017,0.000006,0.000011,0.000025,0.000017
267.100000,0.000076,0.000011,0.000000,0.000011,0.000030,0.000023
267.182000,0.000076,0.000024,0.000000,0.000009,0.000014,0.000029
267.203000,0.000076,0.000005,0.000000,0.000020,0.000030,0.000021
267.232000,0.000076,0.000019,0.000000,0.000025,0.000026,0.000006
267.260000,0.000076,0.000027,0.000000,0.000005,0.000003,0.000040
267.317000,0.000076,0.000011,0.000000,0.000013,0.000013,0.000039
267.385000,0.000076,0.000018,0.000000,0.000029,0.000022,0.000007
267.400000,0.000076,0.000004,0.000000,0.000033,0.000023,0.000017
267.426000,0.000076,0.000007,0.000005,0.000013,0.000041,0.000010
267.430000,0.000076,0.000017,0.000002,0.000004,0.000021,0.000032
267.461000,0.000076,0.000016,0.000002,0.000020,0.000028,0.000010
267.500000,0.000076,0.000050,0.000000,0.000004,0.000004,0.000019
267.508000,0.000076,0.000055,0.000000,0.000006,0.000000,0.000015
267.649000,0.000076,0.000031,0.000000,0.000001,0.000007,0.000036
267.723000,0.000076,0.000029,0.000006,0.000017,0.000020,0.000004
267.751000,0.000076,0.000009,0.000000,0.000011,0.000037,0.000019
267.787000,0.000076,0.000036,0.000000,0.000023,0.000004,0.000014
267.800000,0.000076,0.000008,0.000002,0.000020,0.000032,0.000014
267.830000,0.000076,0.000013,0.000000,0.000046,0.000016,0.000001
267.848000,0.000076,0.000039,0.000000,0.000000,0.000035,0.000002
267.868000,0.000076,0.000028,0.000002,0.000000,0.000015,0.000031
267.875000,0.000076,0.000013,0.000000,0.000020,0.000035,0.000009
267.885000,0.000076,0.000010,0.000001,0.000003,0.000043,0.000019
267.906000,0.000076,0.000027,0.000000,0.000002,0.000000,0.000048
268.097000,0.000076,0.000015,0.000000,0.000018,0.000036,0.000007
268.102000,0.000076,0.000022,0.000000,0.000000,0.000043,0.000011
268.117000,0.000076,0.000034,0.000000,0.000003,0.000021,0.000017
268.172000,0.000076,0.000031,0.000000,0.000001,0.000005,0.000039
268.246000,0.000076,0.000019,0.000000,0.000020,0.000020,0.000016
268.337000,0.000076,0.000004,0.000000,0.000002,0.000022,0.000048
268.366000,0.000076,0.000007,0.000003,0.000002,0.000012,0.000052
268.377000,0.000076,0.000007,0.000000,0.000022,0.000034,0.000013
268.405000,0.000076,0.000040,0.000000,0.000001,0.000004,0.000031
268.434000,0.000076,0.000017,0.000001,0.000002,0.000045,0.000010
268.457000,0.000076,0.000060,0.000002,0.000000,0.000014,0.000000
268.483000,0.000076,0.000011,0.000005,0.000015,0.000036,0.000010
268.581000,0.000076,0.000011,0.000003,0.000002,0.000043,0.000017
268.610000,0.000076,0.000001,0.000000,0.000003,0.000050,0.000022
268.611000,0.000076,0.000053,0.000002,0.000008,0.000001,0.000011
268.692000,0.000076,0.000033,0.000000,0.000000,0.000021,0.000022
268.695000,0.000076,0.000014,0.000000,0.000018,0.000040,0.000003
268.727000,0.000076,0.000020,0.000000,0.000005,0.000001,0.000050
268.770000,0.000076,0.000033,0.000000,0.000019,0.000003,0.000021
268.822000,0.000076,0.000034,0.000001,0.000002,0.000003,0.000035
268.954000,0.000076,0.000024,0.000001,0.000034,0.000004,0.000013
269.001000,0.000076,0.000013,0.000000,0.000009,0.000039,0.000016
269.049000,0.000076,0.000001,0.000003,0.000000,0.000024,0.000048
269.062000,0.000076,0.000049,0.000003,0.000013,0.000011,0.000000
269.142000,0.000076,0.000011,0.000000,0.000014,0.000040,0.000011
269.174000,0.000076,0.000041,0.000000,0.000010,0.000016,0.000010
269.208000,0.000076,0.000008,0.000000,0.000027,0.000029,0.000012
269.215000,0.000076,0.000012,0.000004,0.000017,0.000019,0.000025
269.324000,0.000076,0.000021,0.000000,0.000020,0.000027,0.000008
269.387000,0.000076,0.000031,0.000000,0.000003,0.000025,0.000018
269.424000,0.000076,0.000027,0.000000,0.000010,0.000002,0.000037
269.432000,0.000076,0.000014,0.000002,0.000006,0.000001,0.000054
269.455000,0.000076,0.000015,0.000001,0.000003,0.000053,0.000004
269.500000,0.000076,0.000029,0.000002,0.000002,0.000019,0.000025
269.567000,0.000076,0.000038,0.000000,0.000003,0.000024,0.000011
269.585000,0.000076,0.000018,0.000002,0.000003,0.000027,0.000026
269.614000,0.000076,0.000035,0.000000,0.000021,0.000011,0.000009
269.637000,0.000076,0.000010,0.000000,0.000016,0.000025,0.000025
269.687000,0.000076,0.000021,0.000002,0.000022,0.000023,0.000008
269.723000,0.000076,0.000025,0.000001,0.000000,0.000023,0.000026
269.761000,0.000076,0.000001,0.000003,0.000023,0.000042,0.000008
269.767000,0.000076,0.000037,0.000002,0.000003,0.000026,0.000007
269.787000,0.000076,0.000034,0.000000,0.000012,0.000000,0.000029
269.819000,0.000076,0.000019,0.000000,0.000023,0.000015,0.000018
269.821000,0.000076,0.000041,0.000000,0.000000,0.000000,0.000035
269.844000,0.000076,0.000010,0.000004,0.000024,0.000009,0.000029
269.893000,0.000076,0.000016,0.000000,0.000011,0.000022,0.000027
270.025000,0.000076,0.000036,0.000006,0.000003,0.000007,0.000024
270.026000,0.000076,0.000037,0.000015,0.000015,0.000008,0.000002
270.044000,0.000076,0.000019,0.000006,0.000011,0.000011,0.000029
270.045000,0.000076,0.000022,0.000001,0.000005,0.000043,0.000005
270.056000,0.000076,0.000022,0.000003,0.000030,0.000000,0.000021
270.066000,0.000076,0.000006,0.000000,0.000021,0.000043,0.000007
270.161000,0.000076,0.000027,0.000000,0.000011,0.000001,0.000037
270.177000,0.000076,0.000036,0.000000,0.000018,0.000006,0.000016
270.329000,0.000076,0.000016,0.000000,0.000008,0.000025,0.000027
270.340000,0.000076,0.000020,0.000000,0.000003,0.000004,0.000049
270.388000,0.000076,0.000050,0.000002,0.000012,0.000009,0.000003
270.414000,0.000076,0.000039,0.000002,0.000001,0.000015,0.000019
270.431000,0.000076,0.000012,0.000003,0.000010,0.000044,0.000007
270.446000,0.000076,0.000010,0.000000,0.000034,0.000010,0.000022
270.471000,0.000076,0.000026,0.000002,0.000025,0.000006,0.000017
270.549000,0.000076,0.000044,0.000004,0.000004,0.000003,0.000020
270.580000,0.000076,0.000043,0.000000,0.000023,0.000009,0.000002
270.652000,0.000076,0.000019,0.000004,0.000019,0.000000,0.000034
270.723000,0.000076,0.000026,0.000000,0.000017,0.000032,0.000001
270.761000,0.000076,0.000047,0.000000,0.000004,0.000009,0.000015
270.848000,0.000076,0.000015,0.000003,0.000003,0.000036,0.000019
270.854000,0.000076,0.000014,0.000000,0.000042,0.000020,0.000000
270.867000,0.000076,0.000007,0.000005,0.000025,0.000008,0.000031
270.927000,0.000076,0.000022,0.000000,0.000013,0.000039,0.000002
270.981000,0.000076,0.000023,0.000002,0.000022,0.000029,0.000000
271.049000,0.000076,0.000039,0.000000,0.000011,0.000019,0.000008
271.053000,0.000076,0.000018,0.000001,0.000020,0.000025,0.000012
271.074000,0.000076,0.000022,0.000000,0.000031,0.000015,0.000008
271.114000,0.000076,0.000013,0.000000,0.000022,0.000010,0.000031
271.137000,0.000076,0.000037,0.000000,0.000000,0.000016,0.000023
271.173000,0.000076,0.000019,0.000000,0.000021,0.000031,0.000005
271.194000,0.000076,0.000000,0.000007,0.000016,0.000052,0.000001
271.343000,0.000076,0.000017,0.000000,0.000025,0.000025,0.000008
271.385000,0.000076,0.000031,0.000000,0.000003,0.000003,0.000039
271.415000,0.000076,0.000014,0.000000,0.000020,0.000040,0.000002
271.430000,0.000076,0.000014,0.000000,0.000011,0.000013,0.000038
271.438000,0.000152,0.000043,0.000000,0.000025,0.000034,0.000051
271.466000,0.000076,0.000042,0.000001,0.000019,0.000002,0.000013
271.475000,0.000076,0.000005,0.000001,0.000007,0.000016,0.000047
271.477000,0.000076,0.000023,0.000001,0.000008,0.000042,0.000002
271.486000,0.000076,0.000011,0.000000,0.000005,0.000055,0.000005
271.502000,0.000076,0.000025,0.000002,0.000002,0.000011,0.000036
271.527000,0.000076,0.000059,0.000002,0.000004,0.000000,0.000010
271.534000,0.000076,0.000017,0.000004,0.000006,0.000034,0.000016
271.538000,0.000076,0.000022,0.000000,0.000000,0.000041,0.000014
271.596000,0.000076,0.000014,0.000000,0.000004,0.000026,0.000033
271.642000,0.000076,0.000010,0.000000,0.000020,0.000045,0.000001
271.816000,0.000076,0.000022,0.000000,0.000029,0.000006,0.000019
271.856000,0.000076,0.000022,0.000004,0.000013,0.000012,0.000025
271.936000,0.000076,0.000018,0.000000,0.000014,0.000019,0.000025
271.996000,0.000076,0.000024,0.000003,0.000026,0.000004,0.000019
272.034000,0.000076,0.000017,0.000007,0.000022,0.000030,0.000001
272.066000,0.000076,0.000005,0.000000,0.000003,0.000042,0.000026
272.070000,0.000076,0.000029,0.000000,0.000017,0.000022,0.000008
272.235000,0.000076,0.000013,0.000000,0.000001,0.000049,0.000013
272.413000,0.000076,0.000035,0.000000,0.000018,0.000012,0.000010
272.461000,0.000076,0.000024,0.000002,0.000016,0.000032,0.000002
272.573000,0.000076,0.000022,0.000000,0.000003,0.000047,0.000004
272.692000,0.000076,0.000012,0.000001,0.000004,0.000008,0.000051
272.709000,0.000076,0.000033,0.000000,0.000016,0.000022,0.000006
272.714000,0.000076,0.000027,0.000002,0.000003,0.000001,0.000043
272.720000,0.000076,0.000041,0.000007,0.000005,0.000007,0.000016
272.841000,0.000076,0.000033,0.000003,0.000022,0.000005,0.000014
272.981000,0.000076,0.000023,0.000000,0.000012,0.000031,0.000010
273.054000,0.000076,0.000014,0.000003,0.000012,0.000035,0.000011
273.056000,0.000076,0.000006,0.000004,0.000027,0.000012,0.000027
273.071000,0.000076,0.000011,0.000000,0.000010,0.000040,0.000016
273.135000,0.000076,0.000050,0.000000,0.000000,0.000013,0.000012
273.162000,0.000076,0.000033,0.000000,0.000004,0.000024,0.000015
273.203000,0.000076,0.000015,0.000001,0.000006,0.000033,0.000021
273.252000,0.000076,0.000036,0.000000,0.000013,0.000019,0.000008
273.314000,0.000076,0.000021,0.000000,0.000001,0.000039,0.000015
273.336000,0.000076,0.000015,0.000000,0.000017,0.000021,0.000023
273.343000,0.000076,0.000021,0.000002,0.000006,0.000035,0.000011
273.346000,0.000076,0.000017,0.000000,0.000009,0.000025,0.000026
273.374000,0.000076,0.000028,0.000003,0.000004,0.000003,0.000038
273.475000,0.000076,0.000039,0.000006,0.000012,0.000009,0.000010
273.560000,0.000076,0.000033,0.000000,0.000014,0.000012,0.000016
273.590000,0.000076,0.000035,0.000000,0.000000,0.000016,0.000024
273.600000,0.000076,0.000032,0.000000,0.000018,0.000004,0.000022
273.606000,0.000076,0.000040,0.000000,0.000011,0.000015,0.000011
273.702000,0.000076,0.000022,0.000001,0.000002,0.000001,0.000049
273.761000,0.000076,0.000002,0.000005,0.000000,0.000024,0.000046
273.800000,0.000076,0.000013,0.000003,0.000001,0.000017,0.000043
273.814000,0.000076,0.000003,0.000002,0.000037,0.000015,0.000018
273.837000,0.000076,0.000013,0.000000,0.000000,0.000055,0.000008
273.862000,0.000076,0.000029,0.000000,0.000008,0.000022,0.000017
273.870000,0.000076,0.000015,0.000003,0.000000,0.000043,0.000015
273.893000,0.000076,0.000029,0.000000,0.000023,0.000021,0.000003
273.919000,0.000076,0.000031,0.000000,0.000004,0.000005,0.000036
273.967000,0.000076,0.000041,0.000001,0.000022,0.000001,0.000012
274.020000,0.000076,0.000029,0.000000,0.000015,0.000022,0.000010
274.073000,0.000076,0.000016,0.000001,0.000026,0.000033,0.000000
274.075000,0.000076,0.000031,0.000001,0.000008,0.000019,0.000017
274.252000,0.000076,0.000005,0.000000,0.000019,0.000046,0.000006
274.256000,0.000076,0.000024,0.000002,0.000012,0.000030,0.000008
274.293000,0.000076,0.000019,0.000000,0.000039,0.000004,0.000014
274.345000,0.000076,0.000010,0.000000,0.000017,0.000023,0.000026
274.384000,0.000076,0.000024,0.000002,0.000000,0.000040,0.000010
274.415000,0.000076,0.000025,0.000007,0.000028,0.000015,0.000001
274.457000,0.000076,0.000030,0.000002,0.000000,0.000021,0.000023
274.510000,0.000076,0.000051,0.000000,0.000000,0.000013,0.000012
274.542000,0.000076,0.000024,0.000002,0.000006,0.000045,0.000000
274.614000,0.000076,0.000011,0.000003,0.000014,0.000037,0.000011
274.697000,0.000076,0.000012,0.000000,0.000010,0.000051,0.000003
274.756000,0.000076,0.000049,0.000000,0.000002,0.000002,0.000023
274.820000,0.000076,0.000043,0.000003,0.000002,0.000012,0.000016
274.838000,0.000076,0.000029,0.000000,0.000002,0.000003,0.000042
274.977000,0.000076,0.000018,0.000000,0.000029,0.000021,0.000008
274.990000,0.000076,0.000013,0.000004,0.000000,0.000011,0.000049
275.003000,0.000076,0.000003,0.000000,0.000018,0.000045,0.000010
275.013000,0.000076,0.000048,0.000008,0.000005,0.000004,0.000011
275.025000,0.000076,0.000014,0.000000,0.000006,0.000049,0.000007
275.030000,0.000076,0.000015,0.000002,0.000031,0.000012,0.000015
275.032000,0.000076,0.000017,0.000000,0.000004,0.000051,0.000005
275.113000,0.000076,0.000013,0.000001,0.000005,0.000000,0.000057
275.151000,0.000076,0.000004,0.000011,0.000001,0.000026,0.000034
275.172000,0.000076,0.000026,0.000004,0.000016,0.000016,0.000013
275.201000,0.000076,0.000013,0.000000,0.000005,0.000025,0.000033
275.219000,0.000076,0.000027,0.000000,0.000031,0.000002,0.000016
275.249000,0.000076,0.000016,0.000002,0.000002,0.000036,0.000021
275.279000,0.000076,0.000059,0.000000,0.000000,0.000005,0.000012
275.286000,0.000076,0.000031,0.000003,0.000017,0.000004,0.000022
275.298000,0.000076,0.000010,0.000004,0.000002,0.000038,0.000021
275.313000,0.000076,0.000030,0.000003,0.000016,0.000023,0.000004
275.318000,0.000076,0.000036,0.000000,0.000002,0.000014,0.000024
275.369000,0.000076,0.000038,0.000004,0.000000,0.000008,0.000027
275.405000,0.000076,0.000007,0.000000,0.000018,0.000042,0.000009
275.510000,0.000076,0.000025,0.000000,0.000024,0.000028,0.000000
275.580000,0.000076,0.000030,0.000004,0.000000,0.000027,0.000015
275.598000,0.000076,0.000023,0.000000,0.000001,0.000010,0.000042
275.667000,0.000076,0.000050,0.000002,0.000013,0.000010,0.000002
275.695000,0.000076,0.000022,0.000003,0.000000,0.000028,0.000024
275.807000,0.000076,0.000053,0.000000,0.000000,0.000020,0.000003
275.903000,0.000076,0.000025,0.000000,0.000025,0.000013,0.000013
275.924000,0.000076,0.000033,0.000000,0.000027,0.000002,0.000014
275.926000,0.000076,0.000044,0.000000,0.000012,0.000010,0.000010
275.969000,0.000076,0.000027,0.000002,0.000000,0.000025,0.000022
275.981000,0.000076,0.000047,0.000005,0.000002,0.000007,0.000016
276.003000,0.000076,0.000023,0.000000,0.000001,0.000009,0.000043
276.076000,0.000076,0.000004,0.000002,0.000031,0.000008,0.000030
276.079000,0.000076,0.000016,0.000000,0.000028,0.000025,0.000007
276.115000,0.000076,0.000013,0.000000,0.000045,0.000013,0.000004
276.121000,0.000076,0.000004,0.000005,0.000030,0.000013,0.000024
276.144000,0.000076,0.000018,0.000001,0.000010,0.000012,0.000034
276.203000,0.000076,0.000023,0.000000,0.000000,0.000001,0.000052
276.247000,0.000076,0.000053,0.000000,0.000000,0.000001,0.000022
276.282000,0.000076,0.000024,0.000006,0.000005,0.000022,0.000019
276.291000,0.000076,0.000007,0.000004,0.000011,0.000021,0.000034
276.321000,0.000076,0.000014,0.000000,0.000011,0.000025,0.000027
276.327000,0.000076,0.000013,0.000000,0.000026,0.000029,0.000009
276.467000,0.000076,0.000022,0.000000,0.000028,0.000014,0.000012
276.577000,0.000076,0.000028,0.000000,0.000014,0.000021,0.000013
276.595000,0.000076,0.000019,0.000000,0.000026,0.000020,0.000011
276.597000,0.000076,0.000000,0.000000,0.000022,0.000047,0.000007
276.601000,0.000076,0.000029,0.000000,0.000002,0.000033,0.000011
276.613000,0.000076,0.000040,0.000000,0.000023,0.000010,0.000003
276.653000,0.000076,0.000030,0.000000,0.000009,0.000020,0.000018
276.694000,0.000076,0.000001,0.000002,0.000015,0.000030,0.000027
276.775000,0.000076,0.000029,0.000000,0.000011,0.000020,0.000016
276.780000,0.000076,0.000003,0.000000,0.000033,0.000023,0.000016
276.799000,0.000076,0.000006,0.000000,0.000006,0.000010,0.000054
276.854000,0.000076,0.000019,0.000000,0.000005,0.000015,0.000037
276.885000,0.000076,0.000002,0.000001,0.000024,0.000036,0.000013
276.905000,0.000076,0.000017,0.000000,0.000005,0.000050,0.000005
276.941000,0.000076,0.000000,0.000000,0.000016,0.000053,0.000007
276.948000,0.000076,0.000052,0.000000,0.000008,0.000016,0.000000
276.986000,0.000076,0.000011,0.000000,0.000004,0.000009,0.000051
277.035000,0.000076,0.000019,0.000001,0.000038,0.000015,0.000002
277.094000,0.000076,0.000019,0.000001,0.000015,0.000009,0.000033
277.117000,0.000076,0.000025,0.000000,0.000013,0.000026,0.000013
277.277000,0.000076,0.000048,0.000000,0.000005,0.000002,0.000021
277.303000,0.000076,0.000024,0.000001,0.000030,0.000013,0.000008
277.369000,0.000076,0.000004,0.000001,0.000028,0.000038,0.000006
277.429000,0.000076,0.000013,0.000000,0.000011,0.000048,0.000004
277.439000,0.000076,0.000027,0.000002,0.000004,0.000024,0.000020
277.457000,0.000076,0.000011,0.000006,0.000000,0.000048,0.000011
277.485000,0.000076,0.000039,0.000000,0.000020,0.000008,0.000009
277.486000,0.000076,0.000010,0.000000,0.000012,0.000042,0.000012
277.502000,0.000076,0.000015,0.000000,0.000005,0.000051,0.000006
277.567000,0.000076,0.000028,0.000005,0.000015,0.000025,0.000004
277.581000,0.000076,0.000036,0.000000,0.000002,0.000011,0.000027
277.594000,0.000076,0.000034,0.000000,0.000019,0.000002,0.000021
277.648000,0.000076,0.000036,0.000001,0.000020,0.000013,0.000006
277.657000,0.000076,0.000002,0.000002,0.000005,0.000026,0.000041
277.680000,0.000076,0.000033,0.000000,0.000020,0.000003,0.000019
277.727000,0.000076,0.000014,0.000000,0.000005,0.000010,0.000046
277.736000,0.000076,0.000013,0.000001,0.000004,0.000041,0.000016
277.785000,0.000076,0.000024,0.000000,0.000003,0.000034,0.000015
277.791000,0.000076,0.000014,0.000000,0.000004,0.000026,0.000033
277.795000,0.000076,0.000033,0.000000,0.000022,0.000012,0.000010
277.808000,0.000076,0.000024,0.000000,0.000004,0.000007,0.000042
277.834000,0.000076,0.000002,0.000000,0.000003,0.000054,0.000017
277.902000,0.000076,0.000032,0.000002,0.000007,0.000014,0.000022
277.906000,0.000076,0.000034,0.000002,0.000025,0.000001,0.000013
277.972000,0.000076,0.000024,0.000000,0.000007,0.000031,0.000015
278.002000,0.000076,0.000008,0.000000,0.000000,0.000048,0.000019
278.104000,0.000076,0.000011,0.000000,0.000003,0.000042,0.000020
278.191000,0.000076,0.000033,0.000002,0.000008,0.000021,0.000012
278.202000,0.000076,0.000025,0.000000,0.000008,0.000006,0.000038
278.205000,0.000076,0.000004,0.000002,0.000000,0.000020,0.000050
278.282000,0.000076,0.000025,0.000001,0.000001,0.000015,0.000035
278.289000,0.000076,0.000011,0.000000,0.000006,0.000054,0.000005
278.298000,0.000076,0.000023,0.000004,0.000000,0.000000,0.000049
278.305000,0.000076,0.000033,0.000000,0.000022,0.000012,0.000009
278.325000,0.000076,0.000007,0.000002,0.000019,0.000036,0.000013
278.351000,0.000076,0.000018,0.000004,0.000024,0.000023,0.000007
278.369000,0.000076,0.000002,0.000000,0.000012,0.000018,0.000045
278.404000,0.000076,0.000027,0.000005,0.000018,0.000022,0.000003
278.441000,0.000076,0.000032,0.000004,0.000002,0.000013,0.000025
278.473000,0.000076,0.000020,0.000000,0.000000,0.000043,0.000013
278.498000,0.000076,0.000004,0.000000,0.000015,0.000038,0.000020
278.530000,0.000076,0.000009,0.000000,0.000005,0.000014,0.000048
278.542000,0.000076,0.000012,0.000000,0.000020,0.000027,0.000016
278.580000,0.000076,0.000010,0.000000,0.000002,0.000042,0.000022
278.586000,0.000076,0.000003,0.000000,0.000033,0.000025,0.000016
278.596000,0.000076,0.000045,0.000000,0.000002,0.000002,0.000026
278.610000,0.000076,0.000030,0.000000,0.000007,0.000000,0.000039
278.668000,0.000076,0.000029,0.000001,0.000002,0.000024,0.000020
278.693000,0.000076,0.000015,0.000000,0.000026,0.000035,0.000000
278.752000,0.000076,0.000028,0.000002,0.000003,0.000006,0.000038
278.754000,0.000076,0.000011,0.000002,0.000013,0.000045,0.000005
278.760000,0.000076,0.000021,0.000000,0.000012,0.000029,0.000014
278.780000,0.000076,0.000002,0.000005,0.000018,0.000045,0.000005
278.824000,0.000076,0.000041,0.000000,0.000000,0.000031,0.000005
278.843000,0.000076,0.000036,0.000003,0.000022,0.000008,0.000007
278.869000,0.000076,0.000013,0.000000,0.000029,0.000028,0.000005
278.887000,0.000076,0.000009,0.000000,0.000022,0.000036,0.000009
278.917000,0.000076,0.000022,0.000000,0.000019,0.000028,0.000007
278.925000,0.000076,0.000000,0.000000,0.000005,0.000027,0.000045
278.932000,0.000076,0.000013,0.000000,0.000004,0.000040,0.000020
278.971000,0.000076,0.000003,0.000000,0.000019,0.000044,0.000010
279.017000,0.000076,0.000027,0.000000,0.000002,0.000027,0.000020
279.056000,0.000076,0.000013,0.000000,0.000014,0.000017,0.000032
279.088000,0.000076,0.000010,0.000001,0.000027,0.000030,0.000007
279.089000,0.000076,0.000020,0.000004,0.000012,0.000008,0.000032
279.125000,0.000076,0.000037,0.000005,0.000015,0.000018,0.000002
279.173000,0.000076,0.000032,0.000000,0.000000,0.000020,0.000024
279.225000,0.000076,0.000016,0.000000,0.000007,0.000049,0.000004
279.251000,0.000076,0.000028,0.000000,0.000014,0.000030,0.000003
279.265000,0.000076,0.000021,0.000010,0.000006,0.000007,0.000034
279.289000,0.000076,0.000059,0.000000,0.000000,0.000000,0.000017
279.380000,0.000076,0.000030,0.000005,0.000003,0.000018,0.000019
279.442000,0.000076,0.000034,0.000002,0.000040,0.000000,0.000000
279.612000,0.000076,0.000026,0.000000,0.000024,0.000026,0.000000
279.643000,0.000076,0.000012,0.000000,0.000000,0.000054,0.000010
279.658000,0.000076,0.000036,0.000005,0.000015,0.000013,0.000007
279.714000,0.000076,0.000021,0.000003,0.000001,0.000025,0.000026
279.749000,0.000076,0.000027,0.000000,0.000013,0.000003,0.000034
279.811000,0.000076,0.000018,0.000000,0.000001,0.000028,0.000030
280.024000,0.000076,0.000040,0.000011,0.000000,0.000023,0.000002
280.034000,0.000076,0.000022,0.000000,0.000000,0.000054,0.000000
280.042000,0.000076,0.000031,0.000001,0.000001,0.000020,0.000023
280.102000,0.000076,0.000043,0.000000,0.000005,0.000009,0.000019
280.131000,0.000076,0.000011,0.000000,0.000004,0.000036,0.000025
280.154000,0.000076,0.000031,0.000000,0.000025,0.000008,0.000012
280.164000,0.000076,0.000014,0.000001,0.000025,0.000024,0.000011
280.260000,0.000076,0.000021,0.000002,0.000008,0.000034,0.000011
280.269000,0.000076,0.000044,0.000003,0.000014,0.000000,0.000016
280.272000,0.000076,0.000034,0.000000,0.000004,0.000012,0.000026
280.365000,0.000076,0.000000,0.000000,0.000018,0.000047,0.000011
280.432000,0.000076,0.000031,0.000000,0.000010,0.000023,0.000012
280.438000,0.000076,0.000009,0.000002,0.000000,0.000004,0.000061
280.440000,0.000076,0.000030,0.000000,0.000013,0.000003,0.000030
280.445000,0.000076,0.000021,0.000000,0.000008,0.000036,0.000011
280.489000,0.000076,0.000010,0.000000,0.000015,0.000040,0.000011
280.517000,0.000076,0.000016,0.000000,0.000000,0.000035,0.000026
280.565000,0.000076,0.000000,0.000000,0.000013,0.000017,0.000046
280.584000,0.000076,0.000022,0.000000,0.000001,0.000045,0.000008
280.601000,0.000076,0.000027,0.000004,0.000016,0.000022,0.000008
280.643000,0.000076,0.000016,0.000000,0.000013,0.000015,0.000032
280.654000,0.000076,0.000042,0.000000,0.000003,0.000030,0.000001
280.671000,0.000076,0.000054,0.000000,0.000004,0.000014,0.000004
280.759000,0.000076,0.000037,0.000000,0.000019,0.000013,0.000007
280.777000,0.000076,0.000015,0.000013,0.000031,0.000013,0.000004
280.792000,0.000076,0.000057,0.000002,0.000003,0.000004,0.000010
280.904000,0.000076,0.000021,0.000001,0.000001,0.000004,0.000050
280.935000,0.000076,0.000012,0.000000,0.000008,0.000036,0.000020
280.991000,0.000076,0.000007,0.000000,0.000008,0.000018,0.000043
281.013000,0.000076,0.000023,0.000000,0.000000,0.000036,0.000017
281.037000,0.000076,0.000005,0.000000,0.000002,0.000015,0.000055
281.050000,0.000076,0.000044,0.000004,0.000014,0.000015,0.000000
281.053000,0.000076,0.000003,0.000000,0.000005,0.000044,0.000024
281.088000,0.000076,0.000028,0.000002,0.000008,0.000002,0.000037
281.093000,0.000076,0.000011,0.000000,0.000040,0.000010,0.000016
281.167000,0.000076,0.000014,0.000000,0.000027,0.000019,0.000017
281.275000,0.000076,0.000016,0.000003,0.000031,0.000013,0.000013
281.329000,0.000076,0.000010,0.000000,0.000022,0.000023,0.000021
281.357000,0.000076,0.000021,0.000000,0.000037,0.000003,0.000016
281.361000,0.000076,0.000038,0.000001,0.000004,0.000010,0.000023
281.387000,0.000076,0.000058,0.000000,0.000002,0.000012,0.000003
281.461000,0.000076,0.000021,0.000002,0.000014,0.000030,0.000009
281.505000,0.000076,0.000014,0.000001,0.000022,0.000027,0.000013
281.547000,0.000076,0.000010,0.000001,0.000014,0.000030,0.000022
281.585000,0.000076,0.000012,0.000000,0.000039,0.000011,0.000015
281.596000,0.000076,0.000019,0.000007,0.000037,0.000002,0.000011
281.635000,0.000076,0.000059,0.000002,0.000002,0.000002,0.000010
281.652000,0.000076,0.000012,0.000003,0.000006,0.000029,0.000026
281.678000,0.000076,0.000048,0.000001,0.000006,0.000001,0.000020
281.706000,0.000076,0.000017,0.000000,0.000019,0.000013,0.000026
281.732000,0.000076,0.000026,0.000003,0.000019,0.000019,0.000009
281.742000,0.000076,0.000026,0.000000,0.000005,0.000033,0.000012
281.767000,0.000076,0.000015,0.000002,0.000003,0.000032,0.000024
281.825000,0.000076,0.000013,0.000001,0.000003,0.000009,0.000051
281.893000,0.000152,0.000048,0.000000,0.000043,0.000035,0.000026
281.974000,0.000076,0.000057,0.000001,0.000001,0.000000,0.000017
282.019000,0.000076,0.000016,0.000001,0.000000,0.000033,0.000025
282.074000,0.000076,0.000015,0.000000,0.000003,0.000003,0.000056
282.120000,0.000076,0.000015,0.000000,0.000028,0.000014,0.000019
282.127000,0.000076,0.000026,0.000003,0.000006,0.000040,0.000002
282.217000,0.000076,0.000020,0.000000,0.000001,0.000042,0.000013
282.235000,0.000076,0.000003,0.000000,0.000006,0.000055,0.000012
282.281000,0.000076,0.000018,0.000000,0.000027,0.000030,0.000001
282.341000,0.000076,0.000074,0.000000,0.000000,0.000000,0.000002
282.343000,0.000076,0.000017,0.000007,0.000021,0.000013,0.000018
282.353000,0.000076,0.000024,0.000000,0.000013,0.000031,0.000009
282.378000,0.000076,0.000015,0.000004,0.000025,0.000026,0.000006
282.384000,0.000076,0.000015,0.000000,0.000030,0.000018,0.000012
282.483000,0.000076,0.000000,0.000002,0.000022,0.000046,0.000005
282.529000,0.000076,0.000016,0.000004,0.000032,0.000022,0.000003
282.538000,0.000076,0.000013,0.000000,0.000012,0.000015,0.000036
282.557000,0.000076,0.000019,0.000002,0.000002,0.000022,0.000031
282.571000,0.000076,0.000016,0.000000,0.000007,0.000049,0.000004
282.591000,0.000076,0.000014,0.000000,0.000003,0.000026,0.000033
282.604000,0.000076,0.000009,0.000000,0.000004,0.000041,0.000022
282.640000,0.000076,0.000011,0.000000,0.000032,0.000020,0.000013
282.672000,0.000076,0.000008,0.000000,0.000000,0.000007,0.000061
282.732000,0.000076,0.000010,0.000005,0.000035,0.000000,0.000027
282.941000,0.000076,0.000041,0.000000,0.000000,0.000008,0.000027
282.969000,0.000076,0.000042,0.000000,0.000004,0.000008,0.000022
283.029000,0.000076,0.000037,0.000004,0.000016,0.000010,0.000009
283.057000,0.000076,0.000053,0.000000,0.000005,0.000014,0.000004
283.100000,0.000076,0.000058,0.000000,0.000000,0.000007,0.000012
283.107000,0.000076,0.000025,0.000000,0.000004,0.000041,0.000005
283.111000,0.000076,0.000022,0.000000,0.000002,0.000016,0.000036
283.117000,0.000076,0.000013,0.000000,0.000003,0.000017,0.000044
283.166000,0.000076,0.000004,0.000000,0.000017,0.000044,0.000011
283.250000,0.000076,0.000029,0.000000,0.000009,0.000024,0.000014
283.279000,0.000076,0.000021,0.000000,0.000009,0.000021,0.000024
283.301000,0.000076,0.000022,0.000000,0.000034,0.000003,0.000016
283.306000,0.000076,0.000008,0.000000,0.000018,0.000025,0.000026
283.339000,0.000076,0.000039,0.000000,0.000023,0.000009,0.000005
283.352000,0.000076,0.000012,0.000000,0.000027,0.000035,0.000002
283.454000,0.000076,0.000019,0.000000,0.000041,0.000014,0.000002
283.459000,0.000076,0.000056,0.000002,0.000013,0.000003,0.000002
283.470000,0.000076,0.000023,0.000002,0.000000,0.000049,0.000003
283.605000,0.000076,0.000018,0.000000,0.000020,0.000029,0.000009
283.657000,0.000076,0.000021,0.000000,0.000000,0.000001,0.000054
283.694000,0.000076,0.000022,0.000000,0.000009,0.000030,0.000015
283.696000,0.000076,0.000023,0.000001,0.000003,0.000037,0.000012
283.736000,0.000076,0.000004,0.000000,0.000003,0.000053,0.000016
283.758000,0.000076,0.000005,0.000004,0.000018,0.000038,0.000011
283.769000,0.000076,0.000032,0.000001,0.000025,0.000007,0.000011
283.833000,0.000076,0.000008,0.000000,0.000011,0.000053,0.000005
283.867000,0.000076,0.000016,0.000000,0.000011,0.000011,0.000038
283.943000,0.000076,0.000039,0.000002,0.000005,0.000028,0.000002
283.962000,0.000076,0.000010,0.000002,0.000018,0.000023,0.000023
283.974000,0.000076,0.000022,0.000003,0.000008,0.000033,0.000010
284.035000,0.000076,0.000017,0.000000,0.000001,0.000032,0.000026
284.046000,0.000076,0.000036,0.000007,0.000021,0.000006,0.000005
284.088000,0.000076,0.000010,0.000000,0.000000,0.000056,0.000010
284.091000,0.000076,0.000010,0.000003,0.000020,0.000031,0.000012
284.188000,0.000076,0.000029,0.000001,0.000026,0.000012,0.000008
284.197000,0.000076,0.000025,0.000004,0.000001,0.000018,0.000028
284.256000,0.000076,0.000010,0.000000,0.000000,0.000016,0.000049
284.372000,0.000076,0.000014,0.000000,0.000012,0.000003,0.000046
284.379000,0.000076,0.000041,0.000001,0.000005,0.000026,0.000003
284.385000,0.000076,0.000014,0.000000,0.000018,0.000036,0.000008
284.451000,0.000076,0.000007,0.000001,0.000019,0.000018,0.000030
284.503000,0.000076,0.000028,0.000000,0.000026,0.000005,0.000016
284.549000,0.000076,0.000059,0.000000,0.000004,0.000008,0.000005
284.649000,0.000076,0.000012,0.000002,0.000002,0.000039,0.000022
284.744000,0.000076,0.000050,0.000001,0.000000,0.000002,0.000024
284.779000,0.000076,0.000015,0.000000,0.000044,0.000012,0.000005
284.783000,0.000076,0.000030,0.000000,0.000003,0.000018,0.000025
284.787000,0.000076,0.000016,0.000000,0.000012,0.000019,0.000028
284.811000,0.000076,0.000012,0.000002,0.000003,0.000043,0.000016
284.826000,0.000076,0.000039,0.000000,0.000000,0.000005,0.000032
284.849000,0.000076,0.000044,0.000002,0.000005,0.000010,0.000015
284.861000,0.000076,0.000047,0.000002,0.000003,0.000001,0.000023
284.895000,0.000076,0.000054,0.000000,0.000000,0.000020,0.000002
284.960000,0.000076,0.000047,0.000006,0.000007,0.000005,0.000012
284.975000,0.000076,0.000023,0.000000,0.000004,0.000030,0.000019
285.024000,0.000152,0.000032,0.000000,0.000014,0.000021,0.000085
285.027000,0.000076,0.000007,0.000000,0.000020,0.000038,0.000011
285.064000,0.000076,0.000023,0.000000,0.000009,0.000005,0.000040
285.096000,0.000076,0.000033,0.000002,0.000017,0.000004,0.000020
285.137000,0.000076,0.000001,0.000000,0.000007,0.000023,0.000045
285.159000,0.000076,0.000054,0.000000,0.000000,0.000020,0.000001
285.196000,0.000076,0.000028,0.000001,0.000012,0.000000,0.000035
285.232000,0.000076,0.000013,0.000001,0.000007,0.000051,0.000004
285.248000,0.000076,0.000013,0.000000,0.000046,0.000009,0.000008
285.375000,0.000076,0.000007,0.000000,0.000017,0.000040,0.000013
285.408000,0.000076,0.000021,0.000000,0.000000,0.000055,0.000001
285.461000,0.000076,0.000014,0.000001,0.000032,0.000013,0.000017
285.472000,0.000076,0.000019,0.000001,0.000023,0.000024,0.000009
285.479000,0.000076,0.000003,0.000002,0.000031,0.000008,0.000031
285.492000,0.000076,0.000019,0.000007,0.000015,0.000025,0.000011
285.507000,0.000076,0.000017,0.000002,0.000004,0.000034,0.000018
285.697000,0.000076,0.000019,0.000000,0.000026,0.000018,0.000013
285.726000,0.000076,0.000033,0.000001,0.000036,0.000004,0.000002
285.728000,0.000076,0.000013,0.000000,0.000004,0.000001,0.000058
285.740000,0.000076,0.000055,0.000006,0.000003,0.000007,0.000005
285.746000,0.000076,0.000039,0.000000,0.000010,0.000018,0.000010
285.753000,0.000076,0.000019,0.000000,0.000017,0.000026,0.000014
285.805000,0.000076,0.000032,0.000007,0.000021,0.000004,0.000012
285.883000,0.000076,0.000013,0.000001,0.000028,0.000012,0.000023
285.921000,0.000076,0.000014,0.000000,0.000000,0.000049,0.000013
285.958000,0.000076,0.000012,0.000000,0.000028,0.000020,0.000017
285.971000,0.000076,0.000007,0.000000,0.000009,0.000016,0.000044
286.008000,0.000076,0.000038,0.000002,0.000000,0.000019,0.000017
286.016000,0.000076,0.000035,0.000000,0.000011,0.000009,0.000022
286.017000,0.000076,0.000023,0.000004,0.000007,0.000028,0.000015
286.054000,0.000076,0.000002,0.000000,0.000017,0.000044,0.000014
286.060000,0.000076,0.000022,0.000000,0.000013,0.000035,0.000006
286.115000,0.000076,0.000020,0.000002,0.000047,0.000002,0.000006
286.129000,0.000076,0.000006,0.000001,0.000014,0.000032,0.000023
286.197000,0.000076,0.000023,0.000001,0.000027,0.000019,0.000007
286.207000,0.000076,0.000009,0.000002,0.000009,0.000052,0.000004
286.316000,0.000152,0.000041,0.000004,0.000047,0.000050,0.000011
286.322000,0.000076,0.000010,0.000003,0.000000,0.000018,0.000045
286.338000,0.000076,0.000008,0.000001,0.000032,0.000016,0.000019
286.383000,0.000152,0.000059,0.000000,0.000016,0.000053,0.000025
286.392000,0.000076,0.000024,0.000000,0.000006,0.000014,0.000032
286.446000,0.000076,0.000014,0.000005,0.000001,0.000048,0.000008
286.508000,0.000076,0.000004,0.000004,0.000003,0.000020,0.000045
286.571000,0.000076,0.000005,0.000000,0.000004,0.000052,0.000016
286.625000,0.000076,0.000027,0.000001,0.000000,0.000026,0.000022
286.661000,0.000076,0.000041,0.000000,0.000003,0.000030,0.000002
286.740000,0.000076,0.000047,0.000000,0.000000,0.000004,0.000025
286.769000,0.000076,0.000019,0.000000,0.000021,0.000025,0.000012
286.778000,0.000076,0.000022,0.000000,0.000034,0.000005,0.000016
286.798000,0.000076,0.000014,0.000004,0.000015,0.000016,0.000027
286.904000,0.000076,0.000023,0.000002,0.000002,0.000036,0.000013
286.956000,0.000076,0.000060,0.000006,0.000002,0.000008,0.000002
286.997000,0.000076,0.000004,0.000000,0.000008,0.000041,0.000024
287.003000,0.000076,0.000043,0.000003,0.000004,0.000003,0.000023
287.007000,0.000076,0.000044,0.000000,0.000000,0.000027,0.000005
287.048000,0.000076,0.000027,0.000002,0.000000,0.000031,0.000016
287.163000,0.000076,0.000024,0.000003,0.000003,0.000013,0.000033
287.199000,0.000076,0.000002,0.000001,0.000014,0.000046,0.000013
287.202000,0.000076,0.000007,0.000005,0.000022,0.000012,0.000030
287.219000,0.000076,0.000051,0.000002,0.000006,0.000015,0.000003
287.243000,0.000076,0.000026,0.000000,0.000008,0.000032,0.000011
287.297000,0.000076,0.000033,0.000003,0.000016,0.000018,0.000006
287.336000,0.000076,0.000015,0.000001,0.000006,0.000022,0.000031
287.376000,0.000076,0.000030,0.000000,0.000018,0.000022,0.000006
287.458000,0.000076,0.000040,0.000000,0.000011,0.000003,0.000022
287.465000,0.000076,0.000003,0.000000,0.000016,0.000042,0.000015
287.544000,0.000076,0.000026,0.000000,0.000000,0.000035,0.000015
287.550000,0.000076,0.000023,0.000000,0.000019,0.000019,0.000015
287.592000,0.000076,0.000018,0.000000,0.000004,0.000014,0.000040
287.619000,0.000076,0.000018,0.000000,0.000023,0.000027,0.000009
287.639000,0.000076,0.000015,0.000002,0.000012,0.000014,0.000033
287.646000,0.000076,0.000023,0.000000,0.000032,0.000014,0.000008
287.652000,0.000076,0.000011,0.000001,0.000004,0.000030,0.000031
287.656000,0.000076,0.000013,0.000001,0.000012,0.000014,0.000036
287.744000,0.000076,0.000012,0.000000,0.000043,0.000013,0.000007
287.767000,0.000076,0.000010,0.000000,0.000032,0.000017,0.000016
287.795000,0.000076,0.000023,0.000000,0.000006,0.000039,0.000009
287.796000,0.000076,0.000010,0.000000,0.000012,0.000028,0.000026
287.800000,0.000076,0.000009,0.000000,0.000022,0.000044,0.000001
287.819000,0.000076,0.000023,0.000000,0.000013,0.000028,0.000012
287.840000,0.000076,0.000025,0.000002,0.000000,0.000017,0.000032
287.843000,0.000076,0.000016,0.000000,0.000044,0.000014,0.000002
287.865000,0.000076,0.000019,0.000000,0.000005,0.000039,0.000013
287.917000,0.000076,0.000008,0.000004,0.000015,0.000030,0.000019
287.926000,0.000076,0.000028,0.000000,0.000028,0.000006,0.000013
287.959000,0.000076,0.000010,0.000000,0.000009,0.000012,0.000045
287.982000,0.000076,0.000003,0.000000,0.000002,0.000028,0.000044
288.014000,0.000076,0.000005,0.000003,0.000005,0.000006,0.000057
288.040000,0.000076,0.000056,0.000000,0.000000,0.000018,0.000003
288.041000,0.000076,0.000015,0.000002,0.000014,0.000019,0.000027
288.068000,0.000076,0.000030,0.000002,0.000016,0.000011,0.000016
288.073000,0.000076,0.000013,0.000000,0.000010,0.000031,0.000022
288.082000,0.000076,0.000065,0.000000,0.000001,0.000007,0.000003
288.106000,0.000076,0.000008,0.000005,0.000013,0.000034,0.000016
288.218000,0.000076,0.000003,0.000000,0.000019,0.000031,0.000023
288.237000,0.000152,0.000029,0.000004,0.000021,0.000044,0.000054
288.239000,0.000076,0.000033,0.000000,0.000027,0.000002,0.000014
288.276000,0.000076,0.000007,0.000000,0.000002,0.000012,0.000054
288.311000,0.000076,0.000011,0.000000,0.000003,0.000038,0.000024
288.312000,0.000076,0.000025,0.000004,0.000028,0.000005,0.000014
288.356000,0.000076,0.000014,0.000000,0.000012,0.000014,0.000036
288.380000,0.000076,0.000029,0.000000,0.000008,0.000037,0.000003
288.395000,0.000076,0.000026,0.000000,0.000008,0.000004,0.000037
288.420000,0.000076,0.000025,0.000001,0.000031,0.000005,0.000015
288.437000,0.000076,0.000015,0.000007,0.000027,0.000016,0.000011
288.467000,0.000076,0.000026,0.000000,0.000013,0.000024,0.000013
288.475000,0.000076,0.000005,0.000008,0.000021,0.000022,0.000020
288.547000,0.000076,0.000029,0.000003,0.000010,0.000023,0.000012
288.555000,0.000076,0.000031,0.000003,0.000004,0.000036,0.000001
288.557000,0.000076,0.000017,0.000002,0.000008,0.000021,0.000028
288.671000,0.000076,0.000044,0.000006,0.000000,0.000021,0.000006
288.693000,0.000076,0.000054,0.000000,0.000015,0.000002,0.000005
288.711000,0.000076,0.000010,0.000000,0.000013,0.000049,0.000004
288.748000,0.000076,0.000024,0.000000,0.000021,0.000020,0.000010
288.757000,0.000076,0.000009,0.000000,0.000015,0.000042,0.000010
288.803000,0.000076,0.000017,0.000000,0.000042,0.000015,0.000002
288.849000,0.000076,0.000018,0.000000,0.000000,0.000034,0.000024
288.900000,0.000076,0.000019,0.000000,0.000038,0.000003,0.000016
288.932000,0.000076,0.000040,0.000000,0.000013,0.000003,0.000020
288.992000,0.000076,0.000022,0.000000,0.000002,0.000015,0.000036
289.050000,0.000076,0.000022,0.000001,0.000016,0.000027,0.000010
289.065000,0.000076,0.000023,0.000000,0.000005,0.000030,0.000018
289.070000,0.000076,0.000017,0.000004,0.000003,0.000052,0.000001
289.088000,0.000076,0.000025,0.000000,0.000002,0.000014,0.000035
289.109000,0.000076,0.000004,0.000000,0.000006,0.000025,0.000042
289.144000,0.000076,0.000029,0.000003,0.000005,0.000019,0.000019
289.175000,0.000076,0.000028,0.000002,0.000016,0.000018,0.000012
289.262000,0.000076,0.000006,0.000005,0.000005,0.000010,0.000049
289.282000,0.000076,0.000016,0.000000,0.000003,0.000052,0.000005
289.302000,0.000076,0.000015,0.000000,0.000001,0.000006,0.000053
289.320000,0.000076,0.000024,0.000003,0.000020,0.000000,0.000029
289.329000,0.000076,0.000022,0.000001,0.000035,0.000002,0.000016
289.420000,0.000076,0.000050,0.000001,0.000001,0.000019,0.000005
289.436000,0.000076,0.000006,0.000003,0.000003,0.000064,0.000000
289.688000,0.000076,0.000030,0.000000,0.000000,0.000022,0.000024
289.725000,0.000076,0.000048,0.000000,0.000001,0.000001,0.000026
289.783000,0.000076,0.000023,0.000004,0.000014,0.000016,0.000019
289.794000,0.000076,0.000004,0.000000,0.000002,0.000025,0.000045
289.796000,0.000076,0.000010,0.000003,0.000011,0.000012,0.000040
289.885000,0.000076,0.000012,0.000000,0.000034,0.000024,0.000006
289.982000,0.000076,0.000057,0.000002,0.000004,0.000013,0.000001
289.993000,0.000076,0.000003,0.000000,0.000020,0.000042,0.000011
290.018000,0.000076,0.000005,0.000000,0.000029,0.000023,0.000019
290.068000,0.000076,0.000029,0.000000,0.000013,0.000004,0.000030
290.084000,0.000076,0.000016,0.000000,0.000004,0.000013,0.000043
290.141000,0.000076,0.000016,0.000001,0.000010,0.000022,0.000027
290.340000,0.000076,0.000046,0.000002,0.000007,0.000019,0.000002
290.355000,0.000076,0.000013,0.000003,0.000000,0.000050,0.000010
290.437000,0.000076,0.000045,0.000002,0.000000,0.000013,0.000016
290.473000,0.000076,0.000006,0.000000,0.000020,0.000023,0.000027
290.518000,0.000076,0.000010,0.000000,0.000000,0.000029,0.000037
290.618000,0.000076,0.000011,0.000001,0.000009,0.000050,0.000004
290.642000,0.000076,0.000027,0.000000,0.000008,0.000001,0.000040
290.670000,0.000076,0.000013,0.000002,0.000003,0.000036,0.000022
290.705000,0.000076,0.000026,0.000000,0.000008,0.000003,0.000039
290.707000,0.000076,0.000015,0.000002,0.000023,0.000037,0.000000
290.712000,0.000076,0.000031,0.000000,0.000026,0.000006,0.000013
290.746000,0.000076,0.000033,0.000002,0.000026,0.000006,0.000009
290.755000,0.000076,0.000024,0.000000,0.000004,0.000027,0.000020
290.818000,0.000076,0.000044,0.000000,0.000009,0.000014,0.000009
290.825000,0.000076,0.000000,0.000000,0.000018,0.000044,0.000014
290.868000,0.000076,0.000020,0.000003,0.000002,0.000038,0.000014
290.890000,0.000076,0.000009,0.000002,0.000031,0.000016,0.000017
290.921000,0.000076,0.000028,0.000000,0.000022,0.000005,0.000021
290.928000,0.000076,0.000040,0.000002,0.000012,0.000022,0.000000
290.938000,0.000076,0.000006,0.000003,0.000018,0.000034,0.000016
290.966000,0.000076,0.000016,0.000002,0.000043,0.000012,0.000003
290.969000,0.000076,0.000023,0.000001,0.000004,0.000032,0.000017
290.980000,0.000076,0.000017,0.000000,0.000003,0.000042,0.000013
290.997000,0.000076,0.000041,0.000006,0.000000,0.000007,0.000022
291.011000,0.000076,0.000004,0.000000,0.000000,0.000028,0.000044
291.048000,0.000076,0.000040,0.000001,0.000011,0.000003,0.000020
291.130000,0.000076,0.000029,0.000002,0.000002,0.000017,0.000026
291.236000,0.000076,0.000035,0.000009,0.000011,0.000003,0.000018
291.276000,0.000076,0.000001,0.000001,0.000002,0.000048,0.000024
291.305000,0.000076,0.000024,0.000000,0.000007,0.000030,0.000015
291.306000,0.000076,0.000021,0.000000,0.000002,0.000041,0.000013
291.316000,0.000076,0.000055,0.000000,0.000005,0.000000,0.000016
291.320000,0.000076,0.000031,0.000000,0.000006,0.000035,0.000004
291.489000,0.000076,0.000020,0.000002,0.000000,0.000037,0.000017
291.511000,0.000076,0.000030,0.000004,0.000013,0.000024,0.000005
291.543000,0.000076,0.000042,0.000000,0.000000,0.000020,0.000013
291.581000,0.000076,0.000028,0.000000,0.000026,0.000008,0.000014
291.633000,0.000076,0.000015,0.000003,0.000000,0.000014,0.000044
291.662000,0.000076,0.000014,0.000000,0.000004,0.000014,0.000045
291.672000,0.000076,0.000029,0.000000,0.000011,0.000005,0.000031
291.701000,0.000076,0.000036,0.000000,0.000013,0.000000,0.000027
291.735000,0.000076,0.000024,0.000003,0.000004,0.000034,0.000011
291.772000,0.000076,0.000009,0.000000,0.000014,0.000010,0.000043
291.856000,0.000076,0.000014,0.000000,0.000003,0.000038,0.000021
291.874000,0.000076,0.000038,0.000000,0.000000,0.000021,0.000018
291.889000,0.000076,0.000019,0.000000,0.000014,0.000008,0.000035
291.903000,0.000076,0.000012,0.000004,0.000008,0.000040,0.000013
291.908000,0.000076,0.000056,0.000000,0.000001,0.000007,0.000013
291.915000,0.000076,0.000047,0.000000,0.000000,0.000026,0.000003
291.972000,0.000076,0.000013,0.000002,0.000000,0.000034,0.000027
291.974000,0.000076,0.000017,0.000002,0.000007,0.000050,0.000000
292.029000,0.000076,0.000021,0.000003,0.000001,0.000033,0.000017
292.039000,0.000076,0.000019,0.000002,0.000000,0.000032,0.000023
292.046000,0.000076,0.000019,0.000000,0.000003,0.000054,0.000000
292.067000,0.000076,0.000035,0.000001,0.000021,0.000005,0.000013
292.087000,0.000076,0.000018,0.000001,0.000003,0.000054,0.000000
292.106000,0.000076,0.000027,0.000001,0.000008,0.000003,0.000038
292.144000,0.000076,0.000020,0.000000,0.000007,0.000030,0.000019
292.162000,0.000076,0.000004,0.000000,0.000013,0.000051,0.000007
292.194000,0.000076,0.000055,0.000000,0.000003,0.000019,0.000000
292.217000,0.000076,0.000034,0.000001,0.000001,0.000021,0.000019
292.258000,0.000076,0.000015,0.000000,0.000044,0.000013,0.000004
292.278000,0.000076,0.000008,0.000002,0.000015,0.000035,0.000015
292.322000,0.000076,0.000027,0.000002,0.000018,0.000020,0.000009
292.324000,0.000076,0.000047,0.000000,0.000008,0.000018,0.000003
292.348000,0.000076,0.000015,0.000001,0.000018,0.000033,0.000009
292.445000,0.000076,0.000015,0.000000,0.000004,0.000013,0.000044
292.457000,0.000076,0.000018,0.000000,0.000019,0.000028,0.000012
292.458000,0.000076,0.000006,0.000007,0.000020,0.000038,0.000005
292.466000,0.000076,0.000014,0.000000,0.000000,0.000049,0.000013
292.496000,0.000076,0.000028,0.000000,0.000011,0.000006,0.000031
292.698000,0.000076,0.000035,0.000000,0.000021,0.000007,0.000013
292.741000,0.000076,0.000042,0.000000,0.000030,0.000004,0.000000
292.874000,0.000076,0.000023,0.000003,0.000000,0.000030,0.000021
293.087000,0.000076,0.000017,0.000000,0.000018,0.000030,0.000011
293.102000,0.000076,0.000030,0.000002,0.000009,0.000031,0.000004
293.140000,0.000152,0.000043,0.000002,0.000014,0.000037,0.000057
293.256000,0.000076,0.000040,0.000000,0.000006,0.000007,0.000023
293.269000,0.000076,0.000025,0.000002,0.000008,0.000033,0.000009
293.282000,0.000076,0.000011,0.000005,0.000008,0.000052,0.000001
293.290000,0.000076,0.000031,0.000000,0.000000,0.000015,0.000030
293.336000,0.000076,0.000032,0.000000,0.000027,0.000004,0.000013
293.357000,0.000076,0.000011,0.000000,0.000002,0.000046,0.000017
293.411000,0.000076,0.000041,0.000000,0.000006,0.000001,0.000028
293.487000,0.000076,0.000034,0.000004,0.000009,0.000030,0.000000
293.503000,0.000076,0.000028,0.000000,0.000000,0.000020,0.000028
293.614000,0.000076,0.000008,0.000000,0.000013,0.000043,0.000012
293.689000,0.000076,0.000022,0.000002,0.000013,0.000027,0.000012
293.728000,0.000076,0.000032,0.000003,0.000001,0.000025,0.000016
293.749000,0.000076,0.000005,0.000003,0.000022,0.000027,0.000020
293.765000,0.000076,0.000018,0.000003,0.000021,0.000026,0.000008
293.832000,0.000076,0.000021,0.000000,0.000012,0.000029,0.000014
293.842000,0.000076,0.000052,0.000000,0.000004,0.000020,0.000000
293.879000,0.000076,0.000029,0.000000,0.000018,0.000010,0.000020
293.905000,0.000076,0.000025,0.000002,0.000031,0.000002,0.000017
293.917000,0.000076,0.000010,0.000002,0.000021,0.000034,0.000009
293.974000,0.000076,0.000056,0.000002,0.000011,0.000004,0.000002
294.071000,0.000076,0.000025,0.000001,0.000009,0.000013,0.000027
294.097000,0.000076,0.000010,0.000000,0.000029,0.000030,0.000007
294.153000,0.000076,0.000017,0.000001,0.000007,0.000023,0.000029
294.163000,0.000076,0.000010,0.000000,0.000022,0.000029,0.000014
294.173000,0.000076,0.000008,0.000003,0.000022,0.000034,0.000009
294.175000,0.000076,0.000022,0.000001,0.000001,0.000050,0.000002
294.197000,0.000076,0.000022,0.000000,0.000007,0.000033,0.000015
294.231000,0.000076,0.000007,0.000001,0.000020,0.000035,0.000013
294.270000,0.000076,0.000015,0.000000,0.000009,0.000045,0.000007
294.286000,0.000076,0.000036,0.000005,0.000021,0.000009,0.000005
294.291000,0.000076,0.000037,0.000004,0.000021,0.000004,0.000010
294.332000,0.000076,0.000031,0.000000,0.000018,0.000009,0.000017
294.373000,0.000152,0.000077,0.000000,0.000003,0.000025,0.000047
294.383000,0.000076,0.000023,0.000000,0.000029,0.000012,0.000011
294.439000,0.000076,0.000026,0.000001,0.000026,0.000019,0.000004
294.550000,0.000076,0.000028,0.000001,0.000018,0.000021,0.000008
294.558000,0.000076,0.000028,0.000000,0.000001,0.000017,0.000030
294.565000,0.000076,0.000051,0.000003,0.000003,0.000008,0.000011
294.618000,0.000076,0.000015,0.000000,0.000008,0.000013,0.000040
294.633000,0.000076,0.000007,0.000003,0.000016,0.000026,0.000024
294.651000,0.000152,0.000036,0.000000,0.000000,0.000038,0.000078
294.673000,0.000076,0.000025,0.000011,0.000000,0.000004,0.000037
294.828000,0.000076,0.000035,0.000001,0.000010,0.000022,0.000008
294.875000,0.000076,0.000048,0.000002,0.000009,0.000016,0.000002
294.973000,0.000076,0.000007,0.000000,0.000018,0.000040,0.000011
294.980000,0.000076,0.000044,0.000002,0.000028,0.000002,0.000000
294.996000,0.000076,0.000022,0.000000,0.000016,0.000024,0.000014
295.017000,0.000076,0.000008,0.000005,0.000000,0.000029,0.000033
295.107000,0.000076,0.000000,0.000004,0.000008,0.000021,0.000043
295.144000,0.000076,0.000005,0.000000,0.000002,0.000046,0.000023
295.215000,0.000076,0.000036,0.000000,0.000025,0.000000,0.000015
295.219000,0.000076,0.000044,0.000000,0.000023,0.000006,0.000003
295.257000,0.000076,0.000023,0.000000,0.000010,0.000025,0.000019
295.298000,0.000076,0.000014,0.000000,0.000000,0.000016,0.000046
295.321000,0.000076,0.000000,0.000001,0.000015,0.000045,0.000014
295.336000,0.000076,0.000006,0.000000,0.000008,0.000043,0.000018
295.340000,0.000076,0.000005,0.000000,0.000007,0.000017,0.000048
295.370000,0.000076,0.000038,0.000000,0.000005,0.000025,0.000008
295.389000,0.000076,0.000018,0.000000,0.000005,0.000046,0.000007
295.430000,0.000076,0.000051,0.000000,0.000006,0.000016,0.000002
295.432000,0.000076,0.000012,0.000003,0.000012,0.000008,0.000042
295.441000,0.000076,0.000046,0.000002,0.000025,0.000003,0.000000
295.446000,0.000076,0.000054,0.000000,0.000010,0.000013,0.000000
295.521000,0.000076,0.000050,0.000000,0.000008,0.000012,0.000007
295.555000,0.000076,0.000006,0.000000,0.000017,0.000026,0.000027
295.671000,0.000076,0.000032,0.000000,0.000002,0.000040,0.000002
295.718000,0.000076,0.000001,0.000006,0.000000,0.000020,0.000048
295.731000,0.000076,0.000004,0.000000,0.000003,0.000065,0.000004
295.772000,0.000076,0.000026,0.000003,0.000025,0.000009,0.000013
295.807000,0.000076,0.000025,0.000000,0.000010,0.000002,0.000039
295.861000,0.000076,0.000031,0.000000,0.000003,0.000000,0.000042
295.875000,0.000076,0.000013,0.000000,0.000001,0.000016,0.000046
295.943000,0.000076,0.000011,0.000004,0.000014,0.000016,0.000031
295.948000,0.000076,0.000020,0.000001,0.000009,0.000000,0.000045
295.959000,0.000076,0.000005,0.000000,0.000008,0.000023,0.000039
295.967000,0.000076,0.000000,0.000000,0.000007,0.000019,0.000049
295.998000,0.000076,0.000023,0.000000,0.000009,0.000022,0.000022
296.025000,0.000076,0.000013,0.000005,0.000011,0.000024,0.000024
296.027000,0.000076,0.000017,0.000000,0.000006,0.000044,0.000009
296.069000,0.000076,0.000013,0.000000,0.000000,0.000016,0.000047
296.087000,0.000076,0.000024,0.000000,0.000011,0.000018,0.000023
296.095000,0.000076,0.000042,0.000000,0.000033,0.000000,0.000001
296.140000,0.000076,0.000018,0.000001,0.000007,0.000011,0.000039
296.145000,0.000076,0.000020,0.000002,0.000002,0.000035,0.000017
296.169000,0.000076,0.000002,0.000000,0.000007,0.000062,0.000005
296.182000,0.000076,0.000050,0.000001,0.000003,0.000005,0.000018
296.239000,0.000076,0.000008,0.000002,0.000002,0.000043,0.000022
296.302000,0.000076,0.000014,0.000000,0.000002,0.000013,0.000047
296.315000,0.000076,0.000014,0.000000,0.000008,0.000034,0.000020
296.410000,0.000076,0.000028,0.000000,0.000027,0.000018,0.000003
296.417000,0.000076,0.000021,0.000001,0.000022,0.000003,0.000028
296.587000,0.000076,0.000020,0.000001,0.000002,0.000031,0.000021
296.599000,0.000076,0.000031,0.000004,0.000008,0.000030,0.000004
296.713000,0.000076,0.000029,0.000002,0.000021,0.000005,0.000019
296.736000,0.000076,0.000036,0.000001,0.000001,0.000000,0.000038
296.785000,0.000076,0.000043,0.000001,0.000003,0.000028,0.000000
296.815000,0.000076,0.000021,0.000001,0.000007,0.000047,0.000000
296.837000,0.000076,0.000013,0.000000,0.000031,0.000015,0.000017
296.862000,0.000076,0.000022,0.000000,0.000003,0.000036,0.000016
296.915000,0.000076,0.000024,0.000000,0.000003,0.000049,0.000000
296.964000,0.000076,0.000049,0.000001,0.000012,0.000010,0.000004
297.050000,0.000076,0.000034,0.000002,0.000026,0.000007,0.000008
297.112000,0.000076,0.000054,0.000003,0.000002,0.000002,0.000015
297.140000,0.000076,0.000026,0.000001,0.000016,0.000019,0.000012
297.160000,0.000076,0.000053,0.000000,0.000003,0.000004,0.000016
297.200000,0.000076,0.000019,0.000000,0.000004,0.000039,0.000014
297.204000,0.000076,0.000024,0.000005,0.000010,0.000000,0.000038
297.226000,0.000076,0.000005,0.000000,0.000004,0.000044,0.000023
297.298000,0.000076,0.000043,0.000001,0.000023,0.000007,0.000002
297.330000,0.000076,0.000002,0.000000,0.000016,0.000035,0.000023
297.368000,0.000076,0.000007,0.000000,0.000016,0.000017,0.000037
297.378000,0.000076,0.000009,0.000002,0.000007,0.000024,0.000035
297.391000,0.000076,0.000022,0.000003,0.000010,0.000002,0.000040
297.433000,0.000076,0.000004,0.000000,0.000029,0.000028,0.000014
297.453000,0.000076,0.000027,0.000000,0.000003,0.000028,0.000018
297.459000,0.000076,0.000027,0.000000,0.000012,0.000024,0.000014
297.465000,0.000076,0.000035,0.000002,0.000002,0.000013,0.000024
297.532000,0.000076,0.000021,0.000008,0.000019,0.000025,0.000002
297.703000,0.000076,0.000024,0.000002,0.000012,0.000003,0.000036
297.719000,0.000076,0.000018,0.000000,0.000013,0.000031,0.000014
297.725000,0.000076,0.000008,0.000001,0.000003,0.000012,0.000052
297.807000,0.000076,0.000015,0.000000,0.000000,0.000048,0.000013
297.821000,0.000076,0.000026,0.000000,0.000000,0.000030,0.000020
297.824000,0.000076,0.000017,0.000000,0.000000,0.000045,0.000014
297.907000,0.000076,0.000005,0.000000,0.000005,0.000061,0.000005
297.970000,0.000076,0.000057,0.000000,0.000000,0.000000,0.000019
297.995000,0.000076,0.000044,0.000003,0.000002,0.000004,0.000022
298.028000,0.000076,0.000035,0.000002,0.000019,0.000013,0.000007
298.040000,0.000076,0.000019,0.000000,0.000010,0.000008,0.000039
298.065000,0.000076,0.000019,0.000002,0.000000,0.000050,0.000004
298.094000,0.000076,0.000016,0.000000,0.000007,0.000024,0.000029
298.141000,0.000076,0.000032,0.000000,0.000000,0.000014,0.000030
298.143000,0.000076,0.000036,0.000000,0.000005,0.000012,0.000024
298.278000,0.000076,0.000017,0.000000,0.000005,0.000024,0.000030
298.415000,0.000152,0.000033,0.000003,0.000004,0.000038,0.000074
298.416000,0.000076,0.000045,0.000000,0.000000,0.000013,0.000018
298.417000,0.000076,0.000009,0.000000,0.000014,0.000047,0.000006
298.457000,0.000076,0.000024,0.000000,0.000012,0.000000,0.000040
298.465000,0.000076,0.000019,0.000000,0.000010,0.000003,0.000043
298.487000,0.000076,0.000023,0.000000,0.000009,0.000021,0.000023
298.502000,0.000076,0.000013,0.000002,0.000003,0.000040,0.000019
298.512000,0.000076,0.000009,0.000003,0.000013,0.000012,0.000039
298.542000,0.000076,0.000014,0.000003,0.000002,0.000036,0.000021
298.552000,0.000076,0.000042,0.000009,0.000012,0.000012,0.000001
298.612000,0.000076,0.000005,0.000000,0.000020,0.000038,0.000012
298.685000,0.000076,0.000006,0.000000,0.000005,0.000057,0.000007
298.772000,0.000076,0.000014,0.000005,0.000000,0.000048,0.000009
298.799000,0.000076,0.000040,0.000000,0.000016,0.000018,0.000002
298.852000,0.000076,0.000036,0.000001,0.000004,0.000017,0.000018
298.913000,0.000076,0.000035,0.000008,0.000009,0.000024,0.000000
298.939000,0.000076,0.000007,0.000004,0.000030,0.000019,0.000016
298.985000,0.000076,0.000034,0.000005,0.000021,0.000012,0.000004
298.987000,0.000076,0.000037,0.000002,0.000001,0.000005,0.000031
298.989000,0.000076,0.000008,0.000000,0.000003,0.000040,0.000025
299.030000,0.000076,0.000030,0.000004,0.000000,0.000014,0.000029
299.042000,0.000076,0.000003,0.000009,0.000029,0.000027,0.000008
299.049000,0.000076,0.000074,0.000000,0.000002,0.000000,0.000000
299.052000,0.000076,0.000049,0.000000,0.000010,0.000012,0.000006
299.116000,0.000076,0.000030,0.000000,0.000000,0.000000,0.000046
299.151000,0.000076,0.000031,0.000002,0.000017,0.000015,0.000011
299.246000,0.000076,0.000017,0.000004,0.000014,0.000030,0.000010
299.338000,0.000076,0.000042,0.000000,0.000023,0.000002,0.000009
299.369000,0.000076,0.000027,0.000003,0.000015,0.000020,0.000011
299.461000,0.000076,0.000036,0.000002,0.000020,0.000006,0.000012
299.462000,0.000076,0.000021,0.000000,0.000002,0.000036,0.000018
299.578000,0.000076,0.000039,0.000000,0.000024,0.000009,0.000005
299.594000,0.000076,0.000064,0.000000,0.000007,0.000000,0.000004
299.626000,0.000076,0.000001,0.000002,0.000016,0.000046,0.000011
299.652000,0.000076,0.000012,0.000002,0.000018,0.000033,0.000010
299.682000,0.000076,0.000023,0.000000,0.000020,0.000031,0.000002
299.801000,0.000076,0.000010,0.000000,0.000005,0.000011,0.000050
299.870000,0.000076,0.000015,0.000007,0.000027,0.000013,0.000014
299.901000,0.000076,0.000007,0.000000,0.000000,0.000033,0.000035
300.111000,0.000076,0.000043,0.000000,0.000017,0.000000,0.000016
300.119000,0.000076,0.000035,0.000002,0.000016,0.000007,0.000016
300.212000,0.000076,0.000017,0.000000,0.000005,0.000053,0.000001
300.429000,0.000076,0.000018,0.000000,0.000010,0.000006,0.000042
300.446000,0.000076,0.000046,0.000000,0.000009,0.000008,0.000013
300.472000,0.000076,0.000029,0.000003,0.000006,0.000000,0.000038
300.528000,0.000076,0.000007,0.000000,0.000008,0.000053,0.000008
300.558000,0.000076,0.000006,0.000000,0.000017,0.000032,0.000021
300.586000,0.000076,0.000012,0.000002,0.000019,0.000042,0.000001
300.599000,0.000076,0.000017,0.000003,0.000000,0.000043,0.000013
300.601000,0.000076,0.000012,0.000005,0.000002,0.000036,0.000021
300.650000,0.000076,0.000013,0.000002,0.000003,0.000029,0.000029
300.693000,0.000076,0.000033,0.000001,0.000019,0.000007,0.000016
300.714000,0.000076,0.000007,0.000000,0.000006,0.000040,0.000023
300.842000,0.000076,0.000016,0.000000,0.000008,0.000024,0.000028
300.888000,0.000076,0.000052,0.000000,0.000010,0.000008,0.000006
300.927000,0.000076,0.000015,0.000001,0.000012,0.000019,0.000029
301.012000,0.000076,0.000042,0.000000,0.000007,0.000006,0.000021
301.024000,0.000076,0.000059,0.000000,0.000011,0.000005,0.000000
301.044000,0.000076,0.000043,0.000002,0.000010,0.000011,0.000012
301.046000,0.000076,0.000054,0.000003,0.000002,0.000015,0.000002
301.067000,0.000076,0.000006,0.000000,0.000009,0.000056,0.000005
301.074000,0.000076,0.000031,0.000000,0.000007,0.000038,0.000000
301.133000,0.000076,0.000030,0.000000,0.000002,0.000020,0.000023
301.256000,0.000076,0.000029,0.000000,0.000000,0.000000,0.000047
301.266000,0.000076,0.000015,0.000000,0.000006,0.000020,0.000035
301.405000,0.000076,0.000007,0.000000,0.000019,0.000037,0.000013
301.413000,0.000076,0.000009,0.000002,0.000002,0.000040,0.000024
301.441000,0.000076,0.000049,0.000000,0.000014,0.000004,0.000009
301.464000,0.000076,0.000019,0.000000,0.000036,0.000007,0.000015
301.482000,0.000076,0.000009,0.000000,0.000029,0.000029,0.000009
301.544000,0.000076,0.000061,0.000000,0.000010,0.000003,0.000002
301.549000,0.000076,0.000004,0.000003,0.000019,0.000032,0.000018
301.557000,0.000076,0.000021,0.000000,0.000004,0.000036,0.000016
301.563000,0.000076,0.000055,0.000002,0.000002,0.000004,0.000013
301.625000,0.000076,0.000015,0.000000,0.000001,0.000053,0.000007
301.653000,0.000076,0.000018,0.000000,0.000016,0.000040,0.000002
301.716000,0.000076,0.000014,0.000000,0.000000,0.000049,0.000014
301.737000,0.000076,0.000024,0.000000,0.000003,0.000047,0.000002
301.775000,0.000076,0.000022,0.000001,0.000013,0.000007,0.000033
301.819000,0.000076,0.000021,0.000005,0.000000,0.000026,0.000024
301.849000,0.000076,0.000014,0.000000,0.000006,0.000020,0.000036
301.856000,0.000076,0.000037,0.000000,0.000010,0.000000,0.000029
301.904000,0.000076,0.000001,0.000000,0.000014,0.000036,0.000025
301.975000,0.000076,0.000004,0.000000,0.000018,0.000038,0.000016
301.986000,0.000076,0.000004,0.000000,0.000006,0.000017,0.000049
301.994000,0.000076,0.000020,0.000000,0.000000,0.000027,0.000029
302.046000,0.000076,0.000007,0.000002,0.000000,0.000045,0.000022
302.075000,0.000076,0.000018,0.000000,0.000017,0.000027,0.000014
302.092000,0.000076,0.000010,0.000001,0.000023,0.000027,0.000015
302.155000,0.000076,0.000017,0.000000,0.000003,0.000052,0.000004
302.176000,0.000076,0.000005,0.000000,0.000028,0.000028,0.000016
302.226000,0.000076,0.000037,0.000004,0.000010,0.000011,0.000015
302.239000,0.000076,0.000005,0.000000,0.000013,0.000042,0.000016
302.285000,0.000076,0.000030,0.000000,0.000018,0.000018,0.000011
302.364000,0.000076,0.000055,0.000001,0.000000,0.000000,0.000021
302.394000,0.000076,0.000018,0.000002,0.000001,0.000012,0.000042
302.563000,0.000076,0.000034,0.000004,0.000014,0.000025,0.000000
302.571000,0.000076,0.000006,0.000000,0.000005,0.000063,0.000003
302.577000,0.000076,0.000008,0.000000,0.000019,0.000044,0.000006
302.664000,0.000076,0.000025,0.000004,0.000020,0.000023,0.000003
302.670000,0.000076,0.000052,0.000000,0.000003,0.000014,0.000006
302.720000,0.000076,0.000013,0.000000,0.000003,0.000031,0.000029
302.750000,0.000076,0.000000,0.000000,0.000021,0.000044,0.000011
302.756000,0.000076,0.000000,0.000000,0.000003,0.000058,0.000015
302.775000,0.000076,0.000020,0.000000,0.000006,0.000006,0.000044
302.805000,0.000076,0.000042,0.000002,0.000005,0.000005,0.000022
302.813000,0.000076,0.000013,0.000000,0.000031,0.000020,0.000012
302.850000,0.000076,0.000027,0.000000,0.000011,0.000006,0.000033
302.878000,0.000076,0.000042,0.000001,0.000016,0.000011,0.000007
302.971000,0.000076,0.000053,0.000000,0.000010,0.000008,0.000005
302.996000,0.000076,0.000019,0.000000,0.000005,0.000013,0.000040
303.000000,0.000076,0.000042,0.000001,0.000015,0.000002,0.000015
303.009000,0.000152,0.000072,0.000000,0.000016,0.000062,0.000002
303.016000,0.000076,0.000017,0.000000,0.000003,0.000012,0.000044
303.092000,0.000076,0.000047,0.000000,0.000008,0.000017,0.000004
303.207000,0.000076,0.000051,0.000000,0.000010,0.000003,0.000012
303.264000,0.000076,0.000018,0.000000,0.000004,0.000016,0.000038
303.353000,0.000076,0.000054,0.000000,0.000000,0.000022,0.000000
303.427000,0.000076,0.000020,0.000005,0.000003,0.000008,0.000040
303.441000,0.000076,0.000038,0.000002,0.000001,0.000013,0.000022
303.451000,0.000076,0.000019,0.000000,0.000010,0.000026,0.000021
303.464000,0.000076,0.000006,0.000000,0.000019,0.000030,0.000021
303.488000,0.000076,0.000025,0.000003,0.000009,0.000004,0.000035
303.563000,0.000076,0.000044,0.000006,0.000019,0.000002,0.000004
303.618000,0.000076,0.000014,0.000002,0.000015,0.000001,0.000044
303.664000,0.000076,0.000007,0.000000,0.000002,0.000039,0.000028
303.710000,0.000076,0.000016,0.000002,0.000017,0.000037,0.000005
303.791000,0.000076,0.000053,0.000000,0.000010,0.000009,0.000004
303.813000,0.000076,0.000044,0.000002,0.000013,0.000009,0.000008
303.881000,0.000076,0.000028,0.000000,0.000019,0.000018,0.000011
303.936000,0.000076,0.000029,0.000001,0.000007,0.000000,0.000039
304.065000,0.000076,0.000020,0.000000,0.000003,0.000041,0.000013
304.176000,0.000076,0.000022,0.000000,0.000000,0.000011,0.000043
304.232000,0.000076,0.000022,0.000000,0.000009,0.000006,0.000039
304.244000,0.000076,0.000034,0.000000,0.000005,0.000017,0.000020
304.245000,0.000076,0.000004,0.000000,0.000014,0.000042,0.000017
304.326000,0.000076,0.000060,0.000000,0.000000,0.000001,0.000015
304.328000,0.000076,0.000012,0.000005,0.000007,0.000021,0.000032
304.477000,0.000076,0.000005,0.000000,0.000008,0.000049,0.000014
304.482000,0.000076,0.000014,0.000000,0.000007,0.000040,0.000016
304.489000,0.000076,0.000024,0.000000,0.000002,0.000037,0.000013
304.517000,0.000076,0.000016,0.000004,0.000041,0.000015,0.000000
304.527000,0.000076,0.000002,0.000002,0.000006,0.000019,0.000047
304.557000,0.000076,0.000016,0.000001,0.000017,0.000001,0.000041
304.581000,0.000076,0.000046,0.000001,0.000009,0.000008,0.000012
304.716000,0.000076,0.000008,0.000000,0.000000,0.000044,0.000023
304.746000,0.000076,0.000005,0.000000,0.000001,0.000068,0.000002
304.761000,0.000076,0.000025,0.000000,0.000003,0.000018,0.000031
304.765000,0.000076,0.000012,0.000003,0.000019,0.000026,0.000016
304.813000,0.000076,0.000059,0.000001,0.000000,0.000000,0.000016
304.899000,0.000076,0.000004,0.000000,0.000010,0.000047,0.000015
304.939000,0.000076,0.000023,0.000000,0.000006,0.000012,0.000035
304.977000,0.000076,0.000021,0.000000,0.000001,0.000025,0.000028
304.985000,0.000076,0.000006,0.000000,0.000012,0.000036,0.000023
305.002000,0.000076,0.000019,0.000000,0.000003,0.000031,0.000023
305.069000,0.000076,0.000017,0.000001,0.000012,0.000010,0.000037
305.105000,0.000076,0.000014,0.000000,0.000000,0.000014,0.000048
305.163000,0.000076,0.000024,0.000000,0.000012,0.000000,0.000039
305.344000,0.000076,0.000070,0.000004,0.000002,0.000000,0.000000
305.345000,0.000076,0.000028,0.000003,0.000009,0.000003,0.000033
305.348000,0.000076,0.000029,0.000000,0.000004,0.000021,0.000022
305.457000,0.000076,0.000030,0.000001,0.000009,0.000005,0.000031
305.554000,0.000076,0.000017,0.000007,0.000008,0.000038,0.000007
305.627000,0.000076,0.000017,0.000003,0.000004,0.000016,0.000036
305.639000,0.000076,0.000058,0.000000,0.000016,0.000002,0.000000
305.719000,0.000076,0.000008,0.000002,0.000013,0.000039,0.000015
305.748000,0.000076,0.000017,0.000000,0.000027,0.000015,0.000016
305.786000,0.000076,0.000041,0.000001,0.000007,0.000015,0.000012
305.961000,0.000076,0.000051,0.000000,0.000012,0.000011,0.000002
305.982000,0.000076,0.000029,0.000000,0.000021,0.000009,0.000016
306.120000,0.000076,0.000028,0.000000,0.000012,0.000001,0.000035
306.152000,0.000076,0.000008,0.000000,0.000003,0.000015,0.000049
306.201000,0.000076,0.000008,0.000000,0.000018,0.000033,0.000017
306.272000,0.000076,0.000020,0.000000,0.000019,0.000037,0.000000
306.295000,0.000076,0.000017,0.000000,0.000002,0.000051,0.000006
306.333000,0.000076,0.000027,0.000002,0.000001,0.000035,0.000010
306.494000,0.000076,0.000021,0.000001,0.000003,0.000038,0.000013
306.544000,0.000076,0.000063,0.000000,0.000000,0.000004,0.000009
306.591000,0.000076,0.000041,0.000002,0.000012,0.000021,0.000000
306.608000,0.000076,0.000019,0.000000,0.000008,0.000008,0.000040
306.626000,0.000076,0.000013,0.000000,0.000003,0.000034,0.000026
306.628000,0.000076,0.000039,0.000000,0.000004,0.000023,0.000010
306.647000,0.000076,0.000006,0.000002,0.000021,0.000037,0.000010
306.712000,0.000076,0.000029,0.000000,0.000003,0.000040,0.000003
306.766000,0.000076,0.000038,0.000002,0.000018,0.000015,0.000004
306.778000,0.000076,0.000011,0.000000,0.000003,0.000006,0.000056
306.786000,0.000076,0.000001,0.000003,0.000007,0.000017,0.000048
306.792000,0.000076,0.000025,0.000000,0.000011,0.000005,0.000036
306.817000,0.000076,0.000019,0.000001,0.000009,0.000007,0.000039
306.824000,0.000076,0.000014,0.000002,0.000007,0.000040,0.000012
306.827000,0.000076,0.000045,0.000002,0.000002,0.000004,0.000023
306.840000,0.000076,0.000007,0.000001,0.000000,0.000041,0.000028
306.844000,0.000076,0.000008,0.000001,0.000005,0.000015,0.000047
306.853000,0.000076,0.000009,0.000000,0.000015,0.000038,0.000014
306.940000,0.000076,0.000014,0.000000,0.000005,0.000054,0.000003
306.945000,0.000076,0.000060,0.000000,0.000011,0.000003,0.000002
306.956000,0.000076,0.000012,0.000000,0.000002,0.000026,0.000036
306.970000,0.000076,0.000009,0.000002,0.000006,0.000044,0.000015
307.010000,0.000076,0.000005,0.000002,0.000002,0.000018,0.000048
307.033000,0.000076,0.000008,0.000000,0.000003,0.000036,0.000029
307.070000,0.000076,0.000013,0.000000,0.000004,0.000015,0.000044
307.194000,0.000076,0.000054,0.000000,0.000005,0.000013,0.000004
307.213000,0.000076,0.000050,0.000002,0.000009,0.000003,0.000012
307.293000,0.000076,0.000025,0.000000,0.000003,0.000029,0.000020
307.347000,0.000076,0.000008,0.000000,0.000003,0.000017,0.000048
307.394000,0.000076,0.000002,0.000002,0.000007,0.000043,0.000022
307.410000,0.000076,0.000002,0.000000,0.000020,0.000041,0.000013
307.417000,0.000076,0.000021,0.000002,0.000024,0.000020,0.000010
307.438000,0.000076,0.000016,0.000000,0.000013,0.000005,0.000043
307.444000,0.000076,0.000023,0.000000,0.000030,0.000018,0.000005
307.446000,0.000076,0.000043,0.000000,0.000002,0.000008,0.000024
307.450000,0.000076,0.000006,0.000000,0.000007,0.000040,0.000024
307.488000,0.000076,0.000011,0.000000,0.000020,0.000035,0.000010
307.524000,0.000076,0.000009,0.000000,0.000005,0.000042,0.000019
307.567000,0.000076,0.000029,0.000002,0.000008,0.000021,0.000016
307.572000,0.000076,0.000019,0.000000,0.000006,0.000012,0.000040
307.668000,0.000076,0.000020,0.000000,0.000020,0.000023,0.000013
307.675000,0.000076,0.000012,0.000001,0.000026,0.000024,0.000013
307.740000,0.000076,0.000026,0.000001,0.000000,0.000049,0.000000
307.769000,0.000076,0.000031,0.000005,0.000012,0.000000,0.000029
307.856000,0.000076,0.000019,0.000009,0.000001,0.000012,0.000035
307.900000,0.000076,0.000023,0.000000,0.000017,0.000036,0.000000
308.030000,0.000076,0.000010,0.000004,0.000036,0.000012,0.000014
308.073000,0.000076,0.000028,0.000000,0.000001,0.000039,0.000009
308.141000,0.000076,0.000013,0.000002,0.000005,0.000014,0.000042
308.165000,0.000076,0.000005,0.000000,0.000018,0.000039,0.000013
308.231000,0.000076,0.000037,0.000000,0.000016,0.000003,0.000020
308.330000,0.000076,0.000051,0.000000,0.000007,0.000017,0.000002
308.357000,0.000076,0.000057,0.000002,0.000001,0.000003,0.000012
308.447000,0.000076,0.000025,0.000002,0.000000,0.000021,0.000028
308.514000,0.000076,0.000013,0.000001,0.000013,0.000035,0.000014
308.517000,0.000076,0.000022,0.000000,0.000017,0.000033,0.000004
308.523000,0.000076,0.000016,0.000000,0.000027,0.000017,0.000016
308.554000,0.000076,0.000021,0.000000,0.000009,0.000031,0.000016
308.565000,0.000076,0.000050,0.000000,0.000000,0.000006,0.000019
308.566000,0.000076,0.000016,0.000000,0.000001,0.000036,0.000023
308.579000,0.000076,0.000023,0.000000,0.000012,0.000002,0.000039
308.588000,0.000076,0.000013,0.000008,0.000004,0.000002,0.000049
308.721000,0.000076,0.000023,0.000006,0.000003,0.000036,0.000008
308.735000,0.000076,0.000005,0.000000,0.000006,0.000041,0.000023
308.813000,0.000076,0.000028,0.000000,0.000017,0.000021,0.000010
308.825000,0.000076,0.000021,0.000000,0.000008,0.000030,0.000018
308.826000,0.000076,0.000025,0.000000,0.000000,0.000018,0.000033
308.851000,0.000076,0.000013,0.000000,0.000013,0.000030,0.000020
308.877000,0.000076,0.000043,0.000000,0.000008,0.000002,0.000023
308.926000,0.000076,0.000037,0.000000,0.000021,0.000006,0.000012
308.929000,0.000076,0.000061,0.000000,0.000002,0.000009,0.000004
308.933000,0.000076,0.000026,0.000002,0.000002,0.000018,0.000027
308.938000,0.000076,0.000006,0.000000,0.000011,0.000039,0.000020
308.972000,0.000076,0.000016,0.000005,0.000018,0.000030,0.000007
309.013000,0.000076,0.000018,0.000000,0.000000,0.000034,0.000024
309.066000,0.000076,0.000025,0.000000,0.000016,0.000020,0.000014
309.181000,0.000076,0.000041,0.000000,0.000016,0.000000,0.000019
309.184000,0.000076,0.000012,0.000002,0.000002,0.000030,0.000030
309.193000,0.000076,0.000003,0.000000,0.000002,0.000058,0.000013
309.241000,0.000076,0.000015,0.000003,0.000005,0.000053,0.000000
309.247000,0.000076,0.000026,0.000000,0.000008,0.000027,0.000014
309.277000,0.000076,0.000019,0.000001,0.000005,0.000049,0.000002
309.408000,0.000076,0.000039,0.000002,0.000014,0.000000,0.000021
309.429000,0.000152,0.000022,0.000003,0.000020,0.000067,0.000040
309.513000,0.000076,0.000016,0.000000,0.000017,0.000036,0.000007
309.609000,0.000076,0.000018,0.000001,0.000000,0.000002,0.000055
309.639000,0.000076,0.000019,0.000002,0.000009,0.000002,0.000045
309.697000,0.000076,0.000016,0.000003,0.000002,0.000028,0.000028
309.734000,0.000076,0.000050,0.000002,0.000010,0.000009,0.000005
309.795000,0.000076,0.000014,0.000001,0.000003,0.000027,0.000031
309.797000,0.000076,0.000043,0.000000,0.000018,0.000011,0.000004
309.807000,0.000076,0.000008,0.000000,0.000007,0.000055,0.000006
309.826000,0.000076,0.000004,0.000001,0.000028,0.000029,0.000014
309.855000,0.000076,0.000020,0.000001,0.000009,0.000033,0.000014
309.946000,0.000076,0.000005,0.000005,0.000008,0.000041,0.000018
309.959000,0.000076,0.000053,0.000004,0.000001,0.000002,0.000016
309.967000,0.000076,0.000008,0.000002,0.000003,0.000037,0.000026
309.977000,0.000076,0.000020,0.000000,0.000009,0.000002,0.000045
310.068000,0.000076,0.000015,0.000000,0.000018,0.000037,0.000006
310.085000,0.000076,0.000012,0.000000,0.000012,0.000037,0.000016
310.095000,0.000076,0.000048,0.000002,0.000004,0.000010,0.000011
310.103000,0.000076,0.000018,0.000000,0.000011,0.000010,0.000038
310.113000,0.000076,0.000038,0.000002,0.000000,0.000034,0.000002
310.163000,0.000076,0.000008,0.000002,0.000007,0.000051,0.000008
310.177000,0.000076,0.000020,0.000000,0.000018,0.000033,0.000004
310.290000,0.000076,0.000014,0.000000,0.000018,0.000031,0.000013
310.371000,0.000076,0.000025,0.000000,0.000019,0.000018,0.000015
310.506000,0.000076,0.000019,0.000000,0.000023,0.000021,0.000013
310.536000,0.000076,0.000033,0.000000,0.000001,0.000016,0.000026
310.558000,0.000076,0.000041,0.000000,0.000024,0.000007,0.000004
310.565000,0.000076,0.000009,0.000002,0.000004,0.000031,0.000030
310.632000,0.000076,0.000048,0.000000,0.000004,0.000013,0.000010
310.645000,0.000076,0.000028,0.000006,0.000000,0.000000,0.000042
310.688000,0.000076,0.000017,0.000000,0.000000,0.000002,0.000057
310.695000,0.000076,0.000016,0.000000,0.000010,0.000009,0.000041
310.698000,0.000076,0.000017,0.000000,0.000000,0.000005,0.000054
310.724000,0.000076,0.000016,0.000003,0.000027,0.000017,0.000013
310.776000,0.000076,0.000020,0.000000,0.000003,0.000039,0.000014
310.781000,0.000076,0.000046,0.000001,0.000007,0.000000,0.000022
310.808000,0.000076,0.000060,0.000000,0.000011,0.000002,0.000002
310.841000,0.000076,0.000030,0.000000,0.000002,0.000014,0.000030
310.935000,0.000076,0.000011,0.000002,0.000012,0.000015,0.000036
311.047000,0.000076,0.000011,0.000001,0.000003,0.000025,0.000035
311.052000,0.000152,0.000046,0.000005,0.000027,0.000042,0.000032
311.145000,0.000076,0.000014,0.000001,0.000011,0.000022,0.000028
311.166000,0.000076,0.000015,0.000000,0.000011,0.000009,0.000041
311.198000,0.000076,0.000008,0.000002,0.000011,0.000036,0.000019
311.201000,0.000076,0.000017,0.000000,0.000004,0.000050,0.000005
311.210000,0.000076,0.000008,0.000000,0.000006,0.000034,0.000028
311.248000,0.000076,0.000046,0.000000,0.000003,0.000014,0.000013
311.339000,0.000076,0.000009,0.000000,0.000005,0.000054,0.000009
311.342000,0.000076,0.000008,0.000000,0.000016,0.000034,0.000017
311.450000,0.000076,0.000007,0.000000,0.000000,0.000033,0.000035
311.465000,0.000076,0.000066,0.000003,0.000005,0.000002,0.000001
311.476000,0.000076,0.000042,0.000000,0.000007,0.000015,0.000011
311.482000,0.000076,0.000014,0.000000,0.000007,0.000031,0.000024
311.526000,0.000076,0.000060,0.000002,0.000011,0.000003,0.000000
311.540000,0.000076,0.000029,0.000000,0.000014,0.000015,0.000018
311.665000,0.000076,0.000039,0.000002,0.000003,0.000022,0.000010
311.705000,0.000076,0.000009,0.000005,0.000009,0.000052,0.000002
311.730000,0.000076,0.000018,0.000002,0.000000,0.000043,0.000013
311.750000,0.000076,0.000013,0.000000,0.000014,0.000032,0.000017
311.753000,0.000076,0.000045,0.000001,0.000004,0.000013,0.000013
311.797000,0.000076,0.000042,0.000000,0.000029,0.000002,0.000003
311.822000,0.000076,0.000000,0.000002,0.000002,0.000048,0.000025
311.845000,0.000076,0.000009,0.000000,0.000004,0.000053,0.000010
311.964000,0.000076,0.000041,0.000004,0.000031,0.000000,0.000000
312.011000,0.000076,0.000011,0.000002,0.000016,0.000007,0.000039
312.026000,0.000076,0.000002,0.000000,0.000003,0.000057,0.000014
312.031000,0.000076,0.000002,0.000001,0.000019,0.000037,0.000017
312.044000,0.000076,0.000065,0.000000,0.000009,0.000000,0.000002
312.065000,0.000076,0.000022,0.000003,0.000024,0.000022,0.000006
312.082000,0.000076,0.000012,0.000003,0.000005,0.000002,0.000054
312.112000,0.000076,0.000019,0.000000,0.000000,0.000027,0.000030
312.139000,0.000076,0.000006,0.000002,0.000003,0.000014,0.000051
312.233000,0.000076,0.000021,0.000001,0.000004,0.000023,0.000027
312.256000,0.000076,0.000049,0.000000,0.000012,0.000002,0.000013
312.260000,0.000076,0.000053,0.000002,0.000002,0.000014,0.000005
312.282000,0.000076,0.000012,0.000000,0.000016,0.000007,0.000041
312.323000,0.000076,0.000005,0.000001,0.000005,0.000061,0.000003
312.367000,0.000076,0.000023,0.000000,0.000019,0.000019,0.000014
312.455000,0.000076,0.000005,0.000000,0.000004,0.000052,0.000015
312.530000,0.000076,0.000025,0.000000,0.000017,0.000018,0.000016
312.563000,0.000076,0.000006,0.000000,0.000032,0.000004,0.000033
312.578000,0.000076,0.000006,0.000001,0.000019,0.000044,0.000005
312.641000,0.000076,0.000029,0.000002,0.000007,0.000034,0.000004
312.701000,0.000076,0.000010,0.000002,0.000006,0.000037,0.000021
312.704000,0.000076,0.000028,0.000002,0.000001,0.000037,0.000008
312.745000,0.000076,0.000018,0.000003,0.000008,0.000010,0.000038
312.746000,0.000076,0.000022,0.000000,0.000006,0.000034,0.000014
312.774000,0.000076,0.000034,0.000002,0.000036,0.000000,0.000004
312.784000,0.000076,0.000045,0.000000,0.000010,0.000016,0.000005
312.838000,0.000076,0.000007,0.000002,0.000010,0.000010,0.000048
312.865000,0.000076,0.000018,0.000000,0.000002,0.000025,0.000030
312.906000,0.000076,0.000042,0.000000,0.000020,0.000010,0.000003
312.907000,0.000076,0.000048,0.000001,0.000012,0.000015,0.000001
312.940000,0.000076,0.000044,0.000003,0.000003,0.000005,0.000021
312.986000,0.000076,0.000018,0.000000,0.000006,0.000036,0.000015
313.004000,0.000076,0.000040,0.000000,0.000005,0.000000,0.000030
313.084000,0.000076,0.000007,0.000003,0.000020,0.000027,0.000018
313.103000,0.000076,0.000049,0.000000,0.000001,0.000007,0.000019
313.112000,0.000076,0.000008,0.000001,0.000000,0.000032,0.000036
313.130000,0.000076,0.000012,0.000000,0.000002,0.000042,0.000020
313.142000,0.000076,0.000026,0.000000,0.000001,0.000034,0.000016
313.187000,0.000076,0.000029,0.000005,0.000004,0.000038,0.000000
313.243000,0.000076,0.000038,0.000002,0.000009,0.000000,0.000028
313.257000,0.000076,0.000016,0.000000,0.000009,0.000013,0.000038
313.284000,0.000152,0.000050,0.000000,0.000018,0.000072,0.000012
313.316000,0.000076,0.000008,0.000000,0.000030,0.000026,0.000012
313.330000,0.000076,0.000022,0.000000,0.000007,0.000020,0.000027
313.347000,0.000076,0.000029,0.000002,0.000024,0.000009,0.000012
313.393000,0.000076,0.000027,0.000000,0.000018,0.000025,0.000007
313.402000,0.000076,0.000002,0.000000,0.000024,0.000036,0.000014
313.433000,0.000076,0.000044,0.000000,0.000000,0.000009,0.000023
313.451000,0.000076,0.000018,0.000000,0.000002,0.000004,0.000052
313.467000,0.000076,0.000002,0.000000,0.000005,0.000060,0.000009
313.470000,0.000076,0.000003,0.000000,0.000024,0.000036,0.000013
313.528000,0.000076,0.000032,0.000004,0.000003,0.000035,0.000002
313.571000,0.000076,0.000030,0.000000,0.000015,0.000023,0.000009
313.624000,0.000076,0.000017,0.000001,0.000012,0.000010,0.000037
313.646000,0.000076,0.000036,0.000002,0.000020,0.000010,0.000008
313.671000,0.000152,0.000094,0.000000,0.000011,0.000033,0.000014
313.693000,0.000076,0.000070,0.000000,0.000004,0.000001,0.000001
313.751000,0.000076,0.000007,0.000004,0.000006,0.000059,0.000000
313.797000,0.000076,0.000019,0.000001,0.000015,0.000000,0.000041
313.798000,0.000076,0.000014,0.000001,0.000030,0.000019,0.000012
313.833000,0.000076,0.000054,0.000002,0.000005,0.000009,0.000007
313.881000,0.000076,0.000015,0.000001,0.000012,0.000007,0.000042
313.898000,0.000076,0.000022,0.000000,0.000000,0.000026,0.000028
313.958000,0.000076,0.000003,0.000000,0.000021,0.000035,0.000016
313.996000,0.000076,0.000001,0.000000,0.000007,0.000060,0.000008
314.018000,0.000076,0.000015,0.000000,0.000013,0.000044,0.000005
314.028000,0.000076,0.000056,0.000004,0.000005,0.000011,0.000000
314.037000,0.000076,0.000005,0.000000,0.000005,0.000052,0.000015
314.039000,0.000076,0.000003,0.000000,0.000016,0.000038,0.000018
314.069000,0.000076,0.000042,0.000000,0.000007,0.000003,0.000023
314.080000,0.000076,0.000005,0.000000,0.000020,0.000038,0.000013
314.133000,0.000076,0.000036,0.000004,0.000015,0.000001,0.000019
314.161000,0.000076,0.000022,0.000000,0.000010,0.000006,0.000039
314.185000,0.000076,0.000054,0.000002,0.000009,0.000004,0.000007
314.201000,0.000076,0.000059,0.000002,0.000016,0.000000,0.000000
314.238000,0.000076,0.000022,0.000003,0.000011,0.000005,0.000036
314.262000,0.000076,0.000061,0.000000,0.000004,0.000005,0.000005
314.361000,0.000076,0.000028,0.000000,0.000022,0.000011,0.000016
314.447000,0.000076,0.000014,0.000000,0.000010,0.000035,0.000017
314.470000,0.000076,0.000047,0.000000,0.000001,0.000026,0.000002
314.473000,0.000076,0.000043,0.000006,0.000006,0.000009,0.000012
314.480000,0.000076,0.000025,0.000000,0.000006,0.000002,0.000042
314.558000,0.000076,0.000008,0.000004,0.000000,0.000031,0.000033
314.568000,0.000076,0.000020,0.000000,0.000019,0.000037,0.000001
314.582000,0.000076,0.000024,0.000000,0.000001,0.000047,0.000004
314.712000,0.000076,0.000010,0.000000,0.000018,0.000040,0.000007
315.029000,0.000076,0.000025,0.000000,0.000010,0.000001,0.000040
315.040000,0.000076,0.000012,0.000009,0.000000,0.000048,0.000006
315.136000,0.000076,0.000020,0.000001,0.000003,0.000039,0.000012
315.175000,0.000076,0.000040,0.000001,0.000014,0.000011,0.000011
315.176000,0.000076,0.000026,0.000000,0.000001,0.000025,0.000024
315.201000,0.000076,0.000011,0.000000,0.000006,0.000012,0.000046
315.208000,0.000076,0.000029,0.000002,0.000034,0.000003,0.000007
315.220000,0.000076,0.000012,0.000000,0.000014,0.000028,0.000023
315.246000,0.000076,0.000039,0.000005,0.000012,0.000000,0.000019
315.264000,0.000076,0.000006,0.000001,0.000006,0.000039,0.000025
315.281000,0.000076,0.000018,0.000000,0.000002,0.000032,0.000024
315.358000,0.000076,0.000007,0.000000,0.000006,0.000054,0.000010
315.360000,0.000076,0.000014,0.000000,0.000003,0.000036,0.000023
315.396000,0.000076,0.000040,0.000000,0.000015,0.000012,0.000010
315.483000,0.000076,0.000006,0.000003,0.000005,0.000014,0.000047
315.498000,0.000076,0.000030,0.000000,0.000007,0.000034,0.000005
315.504000,0.000076,0.000026,0.000000,0.000004,0.000016,0.000030
315.507000,0.000076,0.000006,0.000005,0.000012,0.000026,0.000028
315.643000,0.000076,0.000016,0.000001,0.000030,0.000023,0.000005
315.688000,0.000076,0.000016,0.000000,0.000001,0.000005,0.000054
315.701000,0.000076,0.000020,0.000000,0.000004,0.000037,0.000015
315.974000,0.000076,0.000003,0.000003,0.000015,0.000033,0.000022
316.004000,0.000076,0.000011,0.000004,0.000012,0.000037,0.000011
316.010000,0.000076,0.000047,0.000000,0.000011,0.000015,0.000002
316.029000,0.000076,0.000057,0.000000,0.000001,0.000000,0.000017
316.092000,0.000076,0.000027,0.000001,0.000030,0.000012,0.000007
316.136000,0.000076,0.000016,0.000002,0.000004,0.000000,0.000054
316.150000,0.000076,0.000016,0.000000,0.000019,0.000026,0.000015
316.203000,0.000076,0.000040,0.000001,0.000015,0.000003,0.000017
316.228000,0.000076,0.000009,0.000000,0.000005,0.000034,0.000029
316.250000,0.000076,0.000004,0.000000,0.000015,0.000039,0.000018
316.443000,0.000076,0.000008,0.000007,0.000008,0.000021,0.000032
316.456000,0.000076,0.000053,0.000000,0.000010,0.000009,0.000004
316.476000,0.000076,0.000024,0.000002,0.000034,0.000013,0.000003
316.543000,0.000076,0.000048,0.000000,0.000002,0.000011,0.000015
316.584000,0.000076,0.000018,0.000001,0.000016,0.000030,0.000012
316.595000,0.000076,0.000011,0.000006,0.000026,0.000024,0.000009
316.623000,0.000076,0.000002,0.000002,0.000015,0.000042,0.000016
316.687000,0.000076,0.000021,0.000002,0.000018,0.000031,0.000005
316.793000,0.000076,0.000013,0.000000,0.000005,0.000005,0.000053
316.842000,0.000076,0.000049,0.000000,0.000010,0.000014,0.000003
316.854000,0.000076,0.000010,0.000000,0.000019,0.000039,0.000008
316.908000,0.000076,0.000023,0.000000,0.000021,0.000020,0.000012
316.931000,0.000076,0.000023,0.000000,0.000006,0.000015,0.000031
316.940000,0.000076,0.000019,0.000000,0.000000,0.000002,0.000055
316.942000,0.000076,0.000026,0.000002,0.000002,0.000032,0.000014
316.967000,0.000076,0.000050,0.000000,0.000011,0.000012,0.000003
316.977000,0.000076,0.000053,0.000000,0.000008,0.000008,0.000008
317.035000,0.000076,0.000038,0.000005,0.000010,0.000006,0.000017
317.211000,0.000076,0.000002,0.000000,0.000035,0.000006,0.000033
317.251000,0.000076,0.000041,0.000002,0.000015,0.000000,0.000017
317.282000,0.000076,0.000019,0.000001,0.000017,0.000026,0.000013
317.314000,0.000076,0.000040,0.000000,0.000020,0.000015,0.000001
317.417000,0.000076,0.000029,0.000001,0.000023,0.000009,0.000014
317.451000,0.000076,0.000014,0.000002,0.000005,0.000022,0.000033
317.455000,0.000076,0.000019,0.000002,0.000006,0.000003,0.000046
317.456000,0.000076,0.000016,0.000000,0.000009,0.000001,0.000050
317.460000,0.000076,0.000015,0.000001,0.000010,0.000004,0.000045
317.470000,0.000076,0.000042,0.000001,0.000011,0.000004,0.000018
317.485000,0.000076,0.000050,0.000002,0.000006,0.000008,0.000010
317.489000,0.000076,0.000022,0.000002,0.000033,0.000013,0.000007
317.611000,0.000076,0.000043,0.000001,0.000020,0.000004,0.000009
317.638000,0.000076,0.000060,0.000000,0.000000,0.000013,0.000003
317.642000,0.000076,0.000029,0.000000,0.000016,0.000002,0.000029
317.703000,0.000076,0.000011,0.000000,0.000015,0.000028,0.000022
317.759000,0.000076,0.000037,0.000000,0.000003,0.000013,0.000024
317.773000,0.000076,0.000016,0.000000,0.000009,0.000038,0.000014
317.805000,0.000076,0.000026,0.000002,0.000007,0.000004,0.000037
317.845000,0.000076,0.000006,0.000003,0.000018,0.000028,0.000022
317.890000,0.000076,0.000042,0.000001,0.000007,0.000022,0.000003
317.957000,0.000076,0.000035,0.000001,0.000002,0.000012,0.000025
318.035000,0.000076,0.000048,0.000000,0.000015,0.000005,0.000008
318.037000,0.000076,0.000056,0.000001,0.000001,0.000000,0.000018
318.040000,0.000076,0.000024,0.000001,0.000018,0.000005,0.000029
318.164000,0.000076,0.000005,0.000002,0.000008,0.000046,0.000015
318.225000,0.000076,0.000010,0.000003,0.000005,0.000033,0.000027
318.237000,0.000076,0.000033,0.000002,0.000019,0.000000,0.000022
318.277000,0.000076,0.000052,0.000001,0.000001,0.000002,0.000019
318.309000,0.000076,0.000037,0.000003,0.000015,0.000011,0.000009
318.326000,0.000076,0.000007,0.000009,0.000003,0.000042,0.000015
318.382000,0.000076,0.000027,0.000000,0.000002,0.000020,0.000027
318.410000,0.000076,0.000026,0.000000,0.000021,0.000029,0.000000
318.433000,0.000076,0.000051,0.000000,0.000008,0.000013,0.000004
318.484000,0.000076,0.000025,0.000000,0.000026,0.000018,0.000008
318.485000,0.000076,0.000031,0.000004,0.000004,0.000015,0.000023
318.500000,0.000076,0.000031,0.000001,0.000033,0.000003,0.000008
318.512000,0.000076,0.000042,0.000000,0.000014,0.000012,0.000008
318.593000,0.000076,0.000024,0.000001,0.000021,0.000025,0.000005
318.603000,0.000076,0.000020,0.000001,0.000016,0.000021,0.000018
318.624000,0.000076,0.000010,0.000000,0.000000,0.000041,0.000026
318.648000,0.000076,0.000037,0.000000,0.000026,0.000005,0.000008
318.654000,0.000076,0.000008,0.000003,0.000001,0.000054,0.000010
318.719000,0.000076,0.000022,0.000000,0.000008,0.000001,0.000044
318.767000,0.000076,0.000023,0.000003,0.000001,0.000025,0.000024
318.789000,0.000076,0.000002,0.000001,0.000018,0.000031,0.000024
318.793000,0.000076,0.000003,0.000002,0.000007,0.000052,0.000013
318.816000,0.000076,0.000018,0.000000,0.000005,0.000006,0.000047
318.879000,0.000076,0.000023,0.000000,0.000006,0.000034,0.000013
318.881000,0.000076,0.000016,0.000000,0.000003,0.000006,0.000051
318.966000,0.000076,0.000007,0.000000,0.000006,0.000055,0.000008
318.989000,0.000076,0.000014,0.000006,0.000006,0.000032,0.000018
319.014000,0.000076,0.000038,0.000000,0.000011,0.000014,0.000013
319.017000,0.000076,0.000011,0.000001,0.000003,0.000057,0.000004
319.026000,0.000076,0.000028,0.000000,0.000018,0.000020,0.000010
319.036000,0.000076,0.000067,0.000000,0.000002,0.000001,0.000006
319.079000,0.000076,0.000027,0.000000,0.000021,0.000012,0.000017
319.127000,0.000076,0.000004,0.000001,0.000007,0.000054,0.000010
319.142000,0.000076,0.000027,0.000000,0.000015,0.000001,0.000033
319.160000,0.000076,0.000050,0.000000,0.000011,0.000010,0.000004
319.195000,0.000076,0.000039,0.000001,0.000009,0.000013,0.000014
319.212000,0.000076,0.000041,0.000002,0.000019,0.000011,0.000004
319.312000,0.000076,0.000047,0.000002,0.000004,0.000012,0.000011
319.406000,0.000076,0.000051,0.000001,0.000010,0.000013,0.000002
319.411000,0.000076,0.000018,0.000002,0.000019,0.000026,0.000011
319.415000,0.000076,0.000002,0.000003,0.000004,0.000063,0.000005
319.438000,0.000076,0.000041,0.000002,0.000023,0.000007,0.000003
319.522000,0.000076,0.000019,0.000004,0.000011,0.000022,0.000020
319.533000,0.000076,0.000016,0.000000,0.000017,0.000027,0.000016
319.553000,0.000076,0.000019,0.000000,0.000005,0.000040,0.000012
319.586000,0.000076,0.000009,0.000002,0.000010,0.000022,0.000033
319.620000,0.000076,0.000013,0.000001,0.000014,0.000047,0.000000
319.663000,0.000076,0.000034,0.000002,0.000019,0.000011,0.000010
319.724000,0.000076,0.000024,0.000001,0.000023,0.000028,0.000000
319.804000,0.000076,0.000004,0.000000,0.000007,0.000042,0.000023
319.835000,0.000076,0.000058,0.000000,0.000001,0.000004,0.000013
319.968000,0.000076,0.000028,0.000001,0.000019,0.000012,0.000017
320.076000,0.000076,0.000010,0.000004,0.000006,0.000036,0.000021
320.114000,0.000076,0.000020,0.000000,0.000006,0.000004,0.000046
320.177000,0.000076,0.000033,0.000004,0.000017,0.000013,0.000009
320.263000,0.000076,0.000015,0.000003,0.000004,0.000048,0.000006
320.283000,0.000076,0.000016,0.000002,0.000005,0.000026,0.000028
320.328000,0.000076,0.000017,0.000002,0.000017,0.000038,0.000002
320.338000,0.000076,0.000055,0.000001,0.000001,0.000002,0.000018
320.369000,0.000076,0.000030,0.000001,0.000026,0.000000,0.000019
320.373000,0.000076,0.000069,0.000000,0.000000,0.000002,0.000005
320.412000,0.000076,0.000045,0.000000,0.000003,0.000023,0.000005
320.476000,0.000076,0.000022,0.000000,0.000017,0.000002,0.000035
320.481000,0.000076,0.000015,0.000004,0.000011,0.000006,0.000040
320.489000,0.000076,0.000036,0.000000,0.000016,0.000006,0.000017
320.755000,0.000076,0.000006,0.000002,0.000003,0.000042,0.000023
320.770000,0.000076,0.000008,0.000000,0.000028,0.000027,0.000013
320.782000,0.000076,0.000015,0.000000,0.000021,0.000040,0.000000
320.861000,0.000076,0.000020,0.000000,0.000021,0.000022,0.000014
320.894000,0.000076,0.000015,0.000000,0.000004,0.000005,0.000053
320.968000,0.000076,0.000004,0.000000,0.000015,0.000039,0.000019
320.979000,0.000076,0.000042,0.000002,0.000019,0.000007,0.000007
320.985000,0.000076,0.000056,0.000000,0.000014,0.000006,0.000000
321.008000,0.000076,0.000031,0.000000,0.000031,0.000002,0.000012
321.070000,0.000076,0.000050,0.000000,0.000013,0.000013,0.000001
321.098000,0.000076,0.000007,0.000000,0.000005,0.000046,0.000018
321.101000,0.000076,0.000043,0.000000,0.000007,0.000012,0.000014
321.106000,0.000076,0.000012,0.000000,0.000020,0.000025,0.000019
321.172000,0.000076,0.000040,0.000000,0.000017,0.000013,0.000006
321.181000,0.000076,0.000060,0.000000,0.000001,0.000011,0.000004
321.202000,0.000076,0.000012,0.000000,0.000016,0.000006,0.000042
321.245000,0.000076,0.000013,0.000000,0.000002,0.000032,0.000029
321.257000,0.000076,0.000032,0.000000,0.000020,0.000004,0.000020
321.363000,0.000076,0.000004,0.000001,0.000004,0.000042,0.000024
321.384000,0.000076,0.000016,0.000002,0.000013,0.000004,0.000041
321.391000,0.000076,0.000022,0.000000,0.000003,0.000044,0.000007
321.423000,0.000076,0.000010,0.000002,0.000013,0.000048,0.000003
321.431000,0.000076,0.000034,0.000000,0.000006,0.000012,0.000023
321.458000,0.000076,0.000009,0.000000,0.000007,0.000010,0.000050
321.554000,0.000076,0.000016,0.000000,0.000001,0.000003,0.000055
321.619000,0.000076,0.000012,0.000002,0.000035,0.000018,0.000009
321.633000,0.000076,0.000021,0.000000,0.000000,0.000006,0.000049
321.664000,0.000076,0.000018,0.000010,0.000015,0.000001,0.000032
321.772000,0.000076,0.000044,0.000003,0.000005,0.000024,0.000000
321.775000,0.000076,0.000035,0.000001,0.000018,0.000002,0.000020
321.798000,0.000076,0.000039,0.000001,0.000027,0.000006,0.000003
321.816000,0.000076,0.000014,0.000000,0.000002,0.000035,0.000026
321.831000,0.000076,0.000049,0.000000,0.000012,0.000012,0.000004
321.839000,0.000076,0.000006,0.000000,0.000012,0.000026,0.000032
321.843000,0.000076,0.000013,0.000004,0.000029,0.000014,0.000016
321.855000,0.000076,0.000029,0.000001,0.000019,0.000020,0.000007
321.872000,0.000076,0.000004,0.000000,0.000002,0.000037,0.000033
321.985000,0.000076,0.000013,0.000002,0.000002,0.000048,0.000012
322.008000,0.000076,0.000042,0.000003,0.000002,0.000006,0.000023
322.060000,0.000076,0.000043,0.000001,0.000002,0.000005,0.000025
322.167000,0.000076,0.000045,0.000005,0.000013,0.000010,0.000002
322.191000,0.000076,0.000014,0.000002,0.000022,0.000035,0.000004
322.277000,0.000076,0.000005,0.000000,0.000023,0.000033,0.000014
322.314000,0.000076,0.000037,0.000000,0.000004,0.000013,0.000021
322.326000,0.000076,0.000025,0.000000,0.000023,0.000024,0.000004
322.365000,0.000076,0.000017,0.000002,0.000010,0.000026,0.000021
322.371000,0.000076,0.000053,0.000000,0.000012,0.000010,0.000001
322.404000,0.000076,0.000057,0.000000,0.000007,0.000002,0.000010
322.430000,0.000076,0.000019,0.000000,0.000032,0.000016,0.000010
322.486000,0.000076,0.000011,0.000007,0.000012,0.000032,0.000015
322.576000,0.000076,0.000024,0.000000,0.000016,0.000000,0.000036
322.598000,0.000076,0.000012,0.000000,0.000007,0.000015,0.000041
322.601000,0.000076,0.000014,0.000000,0.000003,0.000009,0.000050
322.657000,0.000076,0.000024,0.000000,0.000019,0.000015,0.000017
322.661000,0.000076,0.000022,0.000000,0.000012,0.000006,0.000036
322.680000,0.000076,0.000016,0.000000,0.000000,0.000006,0.000054
322.738000,0.000076,0.000011,0.000001,0.000007,0.000041,0.000015
322.745000,0.000076,0.000010,0.000004,0.000012,0.000011,0.000040
322.792000,0.000076,0.000014,0.000000,0.000018,0.000026,0.000017
322.798000,0.000076,0.000017,0.000002,0.000011,0.000042,0.000004
322.801000,0.000076,0.000004,0.000003,0.000011,0.000037,0.000021
322.820000,0.000076,0.000031,0.000000,0.000001,0.000027,0.000017
322.905000,0.000076,0.000009,0.000001,0.000001,0.000030,0.000035
322.987000,0.000076,0.000031,0.000000,0.000000,0.000012,0.000032
323.084000,0.000076,0.000019,0.000000,0.000002,0.000003,0.000052
323.085000,0.000076,0.000014,0.000003,0.000021,0.000031,0.000007
323.123000,0.000228,0.000069,0.000010,0.000024,0.000058,0.000068
323.190000,0.000076,0.000037,0.000000,0.000014,0.000005,0.000020
323.199000,0.000076,0.000056,0.000004,0.000006,0.000006,0.000005
323.211000,0.000076,0.000039,0.000000,0.000005,0.000008,0.000024
323.257000,0.000076,0.000043,0.000000,0.000015,0.000017,0.000002
323.300000,0.000076,0.000016,0.000000,0.000012,0.000033,0.000015
323.302000,0.000076,0.000016,0.000000,0.000017,0.000020,0.000022
323.354000,0.000076,0.000033,0.000002,0.000007,0.000032,0.000003
323.393000,0.000076,0.000053,0.000000,0.000007,0.000006,0.000010
323.430000,0.000076,0.000036,0.000000,0.000016,0.000019,0.000005
323.433000,0.000076,0.000005,0.000001,0.000014,0.000037,0.000019
323.443000,0.000076,0.000017,0.000003,0.000002,0.000013,0.000041
323.522000,0.000076,0.000013,0.000000,0.000020,0.000025,0.000018
323.526000,0.000076,0.000014,0.000000,0.000000,0.000038,0.000024
323.544000,0.000076,0.000022,0.000000,0.000012,0.000005,0.000037
323.555000,0.000076,0.000051,0.000004,0.000013,0.000006,0.000002
323.619000,0.000076,0.000026,0.000002,0.000016,0.000016,0.000017
323.651000,0.000076,0.000039,0.000004,0.000016,0.000009,0.000008
323.762000,0.000076,0.000021,0.000000,0.000007,0.000036,0.000012
323.853000,0.000076,0.000010,0.000002,0.000004,0.000055,0.000005
323.868000,0.000076,0.000021,0.000006,0.000005,0.000028,0.000017
324.063000,0.000076,0.000032,0.000006,0.000003,0.000014,0.000021
324.078000,0.000076,0.000007,0.000001,0.000006,0.000036,0.000025
324.079000,0.000076,0.000010,0.000000,0.000003,0.000042,0.000021
324.097000,0.000076,0.000021,0.000001,0.000001,0.000000,0.000053
324.215000,0.000076,0.000017,0.000001,0.000006,0.000006,0.000048
324.238000,0.000076,0.000060,0.000000,0.000003,0.000002,0.000011
324.249000,0.000076,0.000041,0.000000,0.000016,0.000012,0.000006
324.326000,0.000076,0.000025,0.000001,0.000019,0.000029,0.000003
324.414000,0.000076,0.000019,0.000000,0.000027,0.000011,0.000019
324.480000,0.000076,0.000062,0.000001,0.000005,0.000000,0.000008
324.519000,0.000076,0.000025,0.000007,0.000024,0.000017,0.000004
324.569000,0.000076,0.000015,0.000004,0.000018,0.000028,0.000011
324.571000,0.000076,0.000032,0.000000,0.000010,0.000011,0.000023
324.594000,0.000076,0.000019,0.000000,0.000021,0.000019,0.000016
324.664000,0.000076,0.000011,0.000004,0.000015,0.000035,0.000011
324.668000,0.000076,0.000008,0.000000,0.000002,0.000045,0.000020
324.677000,0.000076,0.000013,0.000001,0.000017,0.000037,0.000009
324.683000,0.000076,0.000013,0.000002,0.000004,0.000007,0.000050
324.722000,0.000076,0.000015,0.000000,0.000020,0.000038,0.000002
324.742000,0.000076,0.000023,0.000004,0.000032,0.000016,0.000001
324.844000,0.000076,0.000020,0.000000,0.000001,0.000000,0.000055
324.877000,0.000076,0.000014,0.000000,0.000002,0.000032,0.000029
324.889000,0.000076,0.000030,0.000000,0.000030,0.000003,0.000014
324.899000,0.000076,0.000008,0.000002,0.000003,0.000034,0.000029
324.902000,0.000076,0.000023,0.000000,0.000000,0.000000,0.000053
324.912000,0.000076,0.000020,0.000000,0.000012,0.000040,0.000003
324.936000,0.000076,0.000021,0.000002,0.000027,0.000007,0.000019
324.939000,0.000076,0.000013,0.000002,0.000014,0.000002,0.000044
324.970000,0.000076,0.000052,0.000000,0.000003,0.000014,0.000008
324.995000,0.000076,0.000014,0.000002,0.000000,0.000012,0.000047
325.045000,0.000076,0.000041,0.000002,0.000001,0.000010,0.000022
325.054000,0.000076,0.000038,0.000000,0.000003,0.000035,0.000000
325.086000,0.000076,0.000009,0.000000,0.000021,0.000010,0.000036
325.092000,0.000076,0.000014,0.000000,0.000000,0.000014,0.000048
325.109000,0.000076,0.000023,0.000003,0.000003,0.000028,0.000019
325.162000,0.000076,0.000011,0.000001,0.000004,0.000037,0.000022
325.231000,0.000076,0.000023,0.000002,0.000033,0.000016,0.000002
325.242000,0.000076,0.000034,0.000000,0.000001,0.000015,0.000026
325.351000,0.000076,0.000049,0.000001,0.000003,0.000001,0.000022
325.383000,0.000076,0.000050,0.000000,0.000010,0.000011,0.000005
325.396000,0.000076,0.000024,0.000002,0.000023,0.000023,0.000003
325.435000,0.000076,0.000022,0.000000,0.000033,0.000019,0.000002
325.496000,0.000076,0.000007,0.000000,0.000006,0.000059,0.000004
325.503000,0.000076,0.000013,0.000002,0.000004,0.000044,0.000012
325.524000,0.000076,0.000064,0.000000,0.000001,0.000006,0.000005
325.527000,0.000076,0.000025,0.000000,0.000007,0.000003,0.000041
325.568000,0.000076,0.000025,0.000003,0.000005,0.000006,0.000037
325.585000,0.000076,0.000041,0.000000,0.000005,0.000006,0.000025
325.586000,0.000076,0.000024,0.000005,0.000003,0.000035,0.000010
325.606000,0.000076,0.000013,0.000004,0.000010,0.000017,0.000032
325.630000,0.000076,0.000032,0.000000,0.000018,0.000020,0.000006
325.648000,0.000076,0.000016,0.000002,0.000003,0.000041,0.000013
325.661000,0.000076,0.000059,0.000000,0.000002,0.000012,0.000003
325.726000,0.000076,0.000029,0.000000,0.000026,0.000006,0.000015
325.754000,0.000076,0.000034,0.000000,0.000002,0.000014,0.000027
325.775000,0.000076,0.000046,0.000005,0.000005,0.000013,0.000007
325.891000,0.000076,0.000035,0.000000,0.000007,0.000000,0.000034
325.911000,0.000076,0.000018,0.000000,0.000043,0.000003,0.000012
325.932000,0.000076,0.000027,0.000000,0.000000,0.000043,0.000005
325.962000,0.000076,0.000040,0.000006,0.000005,0.000008,0.000017
326.009000,0.000076,0.000013,0.000010,0.000019,0.000020,0.000014
326.039000,0.000076,0.000018,0.000003,0.000005,0.000038,0.000013
326.193000,0.000076,0.000020,0.000000,0.000001,0.000029,0.000026
326.282000,0.000076,0.000065,0.000002,0.000003,0.000000,0.000007
326.318000,0.000076,0.000015,0.000002,0.000000,0.000033,0.000026
326.362000,0.000076,0.000004,0.000000,0.000008,0.000048,0.000016
326.419000,0.000076,0.000035,0.000005,0.000017,0.000005,0.000014
326.445000,0.000076,0.000002,0.000003,0.000007,0.000047,0.000017
326.490000,0.000076,0.000026,0.000000,0.000009,0.000020,0.000021
326.603000,0.000076,0.000053,0.000000,0.000021,0.000002,0.000000
326.715000,0.000076,0.000043,0.000000,0.000020,0.000008,0.000006
326.749000,0.000076,0.000013,0.000002,0.000014,0.000043,0.000004
326.810000,0.000076,0.000027,0.000000,0.000011,0.000000,0.000037
326.855000,0.000076,0.000041,0.000000,0.000022,0.000007,0.000006
326.862000,0.000076,0.000035,0.000000,0.000005,0.000035,0.000001
326.890000,0.000152,0.000074,0.000005,0.000007,0.000025,0.000041
326.945000,0.000076,0.000060,0.000001,0.000002,0.000007,0.000007
326.960000,0.000076,0.000019,0.000000,0.000000,0.000003,0.000054
326.972000,0.000076,0.000049,0.000000,0.000012,0.000005,0.000010
327.003000,0.000076,0.000025,0.000003,0.000011,0.000006,0.000032
327.006000,0.000076,0.000052,0.000000,0.000000,0.000003,0.000021
327.058000,0.000076,0.000056,0.000000,0.000018,0.000000,0.000002
327.067000,0.000076,0.000025,0.000000,0.000003,0.000008,0.000040
327.251000,0.000076,0.000022,0.000000,0.000020,0.000034,0.000001
327.276000,0.000076,0.000011,0.000005,0.000012,0.000043,0.000005
327.284000,0.000076,0.000048,0.000008,0.000003,0.000001,0.000015
327.463000,0.000076,0.000014,0.000001,0.000009,0.000040,0.000012
327.547000,0.000076,0.000041,0.000000,0.000007,0.000011,0.000016
327.663000,0.000076,0.000006,0.000000,0.000006,0.000036,0.000029
327.693000,0.000076,0.000004,0.000000,0.000002,0.000036,0.000033
327.716000,0.000076,0.000048,0.000001,0.000005,0.000018,0.000004
327.727000,0.000076,0.000009,0.000003,0.000031,0.000027,0.000006
327.768000,0.000076,0.000021,0.000004,0.000028,0.000021,0.000002
327.872000,0.000076,0.000013,0.000000,0.000005,0.000033,0.000025
327.881000,0.000076,0.000023,0.000000,0.000009,0.000004,0.000039
327.955000,0.000076,0.000046,0.000000,0.000005,0.000006,0.000018
327.963000,0.000076,0.000035,0.000006,0.000020,0.000002,0.000013
328.004000,0.000076,0.000020,0.000000,0.000000,0.000002,0.000054
328.018000,0.000076,0.000008,0.000000,0.000040,0.000015,0.000013
328.097000,0.000076,0.000020,0.000000,0.000004,0.000001,0.000050
328.110000,0.000076,0.000042,0.000000,0.000014,0.000011,0.000009
328.125000,0.000076,0.000006,0.000002,0.000001,0.000044,0.000022
328.138000,0.000076,0.000019,0.000002,0.000000,0.000000,0.000055
328.153000,0.000076,0.000009,0.000000,0.000030,0.000030,0.000007
328.254000,0.000076,0.000022,0.000000,0.000009,0.000012,0.000033
328.263000,0.000076,0.000024,0.000001,0.000008,0.000018,0.000025
328.326000,0.000076,0.000019,0.000000,0.000004,0.000003,0.000050
328.333000,0.000076,0.000042,0.000002,0.000020,0.000007,0.000005
328.350000,0.000076,0.000047,0.000000,0.000005,0.000003,0.000021
328.361000,0.000076,0.000009,0.000000,0.000038,0.000022,0.000007
328.366000,0.000076,0.000004,0.000002,0.000021,0.000030,0.000019
328.382000,0.000076,0.000011,0.000000,0.000002,0.000013,0.000050
328.450000,0.000076,0.000021,0.000004,0.000030,0.000015,0.000007
328.484000,0.000076,0.000020,0.000000,0.000021,0.000034,0.000000
328.550000,0.000076,0.000018,0.000000,0.000006,0.000041,0.000011
328.565000,0.000076,0.000014,0.000002,0.000005,0.000004,0.000050
328.706000,0.000076,0.000005,0.000000,0.000005,0.000043,0.000023
328.732000,0.000076,0.000053,0.000002,0.000003,0.000017,0.000001
328.736000,0.000076,0.000049,0.000000,0.000003,0.000019,0.000005
328.749000,0.000076,0.000009,0.000000,0.000006,0.000018,0.000043
328.750000,0.000076,0.000054,0.000000,0.000008,0.000003,0.000011
328.761000,0.000076,0.000049,0.000001,0.000013,0.000006,0.000008
328.764000,0.000076,0.000020,0.000000,0.000009,0.000010,0.000037
328.798000,0.000076,0.000012,0.000002,0.000000,0.000041,0.000021
328.842000,0.000076,0.000020,0.000007,0.000003,0.000004,0.000042
328.843000,0.000076,0.000030,0.000000,0.000000,0.000026,0.000020
328.918000,0.000076,0.000006,0.000000,0.000006,0.000046,0.000018
328.930000,0.000076,0.000024,0.000002,0.000018,0.000002,0.000031
328.960000,0.000076,0.000007,0.000001,0.000024,0.000026,0.000017
328.998000,0.000076,0.000013,0.000002,0.000012,0.000004,0.000046
329.025000,0.000076,0.000042,0.000002,0.000014,0.000016,0.000002
329.044000,0.000076,0.000003,0.000002,0.000018,0.000028,0.000025
329.089000,0.000076,0.000010,0.000002,0.000006,0.000006,0.000052
329.113000,0.000076,0.000026,0.000000,0.000015,0.000001,0.000035
329.157000,0.000076,0.000011,0.000000,0.000002,0.000046,0.000017
329.165000,0.000076,0.000004,0.000004,0.000004,0.000044,0.000020
329.190000,0.000076,0.000017,0.000001,0.000021,0.000033,0.000004
329.258000,0.000076,0.000001,0.000000,0.000007,0.000048,0.000020
329.284000,0.000152,0.000021,0.000002,0.000021,0.000044,0.000065
329.315000,0.000076,0.000029,0.000002,0.000014,0.000009,0.000023
329.396000,0.000076,0.000021,0.000002,0.000016,0.000018,0.000019
329.460000,0.000076,0.000009,0.000000,0.000014,0.000034,0.000018
329.523000,0.000076,0.000019,0.000000,0.000001,0.000034,0.000021
329.529000,0.000076,0.000049,0.000000,0.000003,0.000019,0.000005
329.589000,0.000076,0.000014,0.000000,0.000006,0.000048,0.000008
329.604000,0.000076,0.000028,0.000000,0.000007,0.000041,0.000000
329.654000,0.000076,0.000018,0.000000,0.000006,0.000019,0.000033
329.663000,0.000076,0.000052,0.000004,0.000002,0.000014,0.000005
329.667000,0.000076,0.000022,0.000003,0.000007,0.000013,0.000031
329.670000,0.000076,0.000022,0.000005,0.000000,0.000045,0.000005
329.696000,0.000076,0.000031,0.000000,0.000007,0.000032,0.000006
329.757000,0.000076,0.000041,0.000000,0.000012,0.000001,0.000022
329.783000,0.000076,0.000010,0.000000,0.000019,0.000038,0.000009
329.831000,0.000076,0.000008,0.000000,0.000030,0.000031,0.000007
329.872000,0.000076,0.000057,0.000000,0.000000,0.000000,0.000019
329.895000,0.000076,0.000057,0.000002,0.000000,0.000012,0.000005
329.954000,0.000076,0.000016,0.000002,0.000012,0.000040,0.000006
329.965000,0.000076,0.000043,0.000002,0.000009,0.000000,0.000023
330.003000,0.000076,0.000007,0.000001,0.000002,0.000033,0.000033
330.023000,0.000076,0.000021,0.000000,0.000004,0.000030,0.000021
330.029000,0.000076,0.000026,0.000000,0.000032,0.000019,0.000000
330.047000,0.000076,0.000026,0.000000,0.000007,0.000035,0.000008
330.150000,0.000076,0.000054,0.000002,0.000016,0.000004,0.000000
330.202000,0.000076,0.000004,0.000000,0.000012,0.000039,0.000022
330.226000,0.000076,0.000016,0.000000,0.000007,0.000000,0.000053
330.234000,0.000076,0.000030,0.000000,0.000013,0.000011,0.000023
330.343000,0.000076,0.000005,0.000000,0.000004,0.000045,0.000022
330.358000,0.000076,0.000015,0.000000,0.000002,0.000057,0.000003
330.378000,0.000076,0.000026,0.000000,0.000015,0.000003,0.000032
330.398000,0.000076,0.000024,0.000000,0.000017,0.000033,0.000002
330.408000,0.000076,0.000018,0.000000,0.000001,0.000000,0.000056
330.442000,0.000076,0.000011,0.000000,0.000018,0.000030,0.000016
330.455000,0.000076,0.000008,0.000007,0.000038,0.000014,0.000009
330.546000,0.000076,0.000006,0.000001,0.000010,0.000036,0.000024
330.556000,0.000076,0.000030,0.000000,0.000002,0.000042,0.000001
330.589000,0.000076,0.000047,0.000000,0.000016,0.000008,0.000005
330.609000,0.000076,0.000019,0.000000,0.000004,0.000038,0.000015
330.644000,0.000076,0.000023,0.000000,0.000003,0.000035,0.000015
330.691000,0.000076,0.000021,0.000000,0.000003,0.000048,0.000005
330.738000,0.000076,0.000018,0.000004,0.000003,0.000045,0.000006
330.776000,0.000076,0.000013,0.000000,0.000017,0.000024,0.000022
330.796000,0.000076,0.000014,0.000000,0.000003,0.000045,0.000015
330.804000,0.000076,0.000024,0.000001,0.000009,0.000017,0.000024
330.844000,0.000076,0.000044,0.000002,0.000004,0.000023,0.000003
330.850000,0.000076,0.000018,0.000004,0.000020,0.000020,0.000014
330.876000,0.000076,0.000017,0.000001,0.000013,0.000004,0.000042
330.973000,0.000076,0.000021,0.000001,0.000030,0.000012,0.000012
331.009000,0.000076,0.000034,0.000001,0.000022,0.000017,0.000001
331.065000,0.000076,0.000005,0.000006,0.000004,0.000041,0.000021
331.084000,0.000076,0.000003,0.000000,0.000002,0.000054,0.000017
331.096000,0.000076,0.000008,0.000000,0.000000,0.000036,0.000032
331.119000,0.000076,0.000046,0.000001,0.000002,0.000007,0.000020
331.266000,0.000076,0.000013,0.000000,0.000005,0.000014,0.000043
331.321000,0.000076,0.000025,0.000000,0.000016,0.000000,0.000035
331.325000,0.000076,0.000019,0.000000,0.000021,0.000016,0.000020
331.412000,0.000152,0.000021,0.000005,0.000030,0.000021,0.000075
331.440000,0.000076,0.000031,0.000002,0.000000,0.000044,0.000000
331.481000,0.000076,0.000058,0.000000,0.000004,0.000011,0.000003
331.501000,0.000076,0.000014,0.000000,0.000005,0.000020,0.000037
331.536000,0.000076,0.000033,0.000000,0.000004,0.000017,0.000022
331.549000,0.000076,0.000007,0.000000,0.000000,0.000035,0.000034
331.572000,0.000076,0.000016,0.000000,0.000004,0.000005,0.000052
331.578000,0.000076,0.000019,0.000000,0.000005,0.000038,0.000014
331.594000,0.000076,0.000004,0.000000,0.000018,0.000034,0.000021
331.635000,0.000152,0.000036,0.000001,0.000034,0.000018,0.000063
331.640000,0.000076,0.000007,0.000000,0.000044,0.000019,0.000006
331.698000,0.000076,0.000012,0.000000,0.000004,0.000017,0.000043
331.700000,0.000076,0.000019,0.000000,0.000019,0.000007,0.000031
331.767000,0.000076,0.000021,0.000004,0.000006,0.000045,0.000000
331.787000,0.000076,0.000020,0.000002,0.000013,0.000006,0.000035
331.841000,0.000076,0.000055,0.000001,0.000018,0.000000,0.000002
331.851000,0.000076,0.000008,0.000000,0.000015,0.000013,0.000040
331.922000,0.000076,0.000017,0.000002,0.000033,0.000011,0.000013
331.941000,0.000076,0.000019,0.000000,0.000000,0.000000,0.000057
332.021000,0.000076,0.000024,0.000000,0.000003,0.000024,0.000025
332.050000,0.000076,0.000002,0.000002,0.000003,0.000046,0.000023
332.054000,0.000076,0.000027,0.000000,0.000016,0.000000,0.000032
332.094000,0.000076,0.000044,0.000003,0.000003,0.000000,0.000025
332.106000,0.000076,0.000010,0.000000,0.000013,0.000012,0.000041
332.112000,0.000076,0.000030,0.000000,0.000000,0.000046,0.000000
332.145000,0.000076,0.000054,0.000000,0.000010,0.000008,0.000004
332.183000,0.000076,0.000026,0.000000,0.000031,0.000017,0.000001
332.237000,0.000076,0.000016,0.000000,0.000006,0.000001,0.000054
332.248000,0.000076,0.000024,0.000000,0.000000,0.000000,0.000052
332.270000,0.000076,0.000019,0.000002,0.000005,0.000002,0.000047
332.274000,0.000076,0.000048,0.000000,0.000004,0.000002,0.000022
332.317000,0.000076,0.000014,0.000000,0.000004,0.000039,0.000020
332.344000,0.000076,0.000019,0.000002,0.000001,0.000003,0.000051
332.422000,0.000076,0.000050,0.000000,0.000013,0.000008,0.000005
332.509000,0.000076,0.000044,0.000000,0.000001,0.000006,0.000025
332.527000,0.000076,0.000013,0.000000,0.000008,0.000002,0.000054
332.645000,0.000076,0.000018,0.000003,0.000040,0.000004,0.000011
332.662000,0.000076,0.000058,0.000000,0.000006,0.000005,0.000008
332.693000,0.000076,0.000016,0.000000,0.000019,0.000035,0.000006
332.708000,0.000076,0.000040,0.000003,0.000006,0.000022,0.000004
332.715000,0.000076,0.000016,0.000000,0.000003,0.000030,0.000028
332.720000,0.000076,0.000025,0.000002,0.000021,0.000022,0.000005
332.775000,0.000076,0.000037,0.000000,0.000010,0.000024,0.000005
332.789000,0.000076,0.000003,0.000000,0.000007,0.000054,0.000012
332.853000,0.000076,0.000019,0.000001,0.000003,0.000032,0.000021
332.944000,0.000076,0.000027,0.000000,0.000017,0.000000,0.000032
332.961000,0.000076,0.000028,0.000000,0.000016,0.000000,0.000032
333.017000,0.000076,0.000000,0.000000,0.000002,0.000051,0.000023
333.023000,0.000076,0.000019,0.000002,0.000001,0.000048,0.000005
333.026000,0.000076,0.000012,0.000002,0.000015,0.000022,0.000026
333.031000,0.000076,0.000025,0.000000,0.000002,0.000022,0.000027
333.054000,0.000076,0.000023,0.000001,0.000000,0.000033,0.000019
333.225000,0.000076,0.000012,0.000002,0.000004,0.000034,0.000024
333.334000,0.000076,0.000007,0.000001,0.000006,0.000014,0.000048
333.396000,0.000076,0.000018,0.000000,0.000020,0.000017,0.000021
333.526000,0.000076,0.000034,0.000000,0.000016,0.000006,0.000020
333.529000,0.000076,0.000023,0.000002,0.000001,0.000000,0.000050
333.555000,0.000076,0.000020,0.000002,0.000000,0.000004,0.000050
333.610000,0.000076,0.000046,0.000000,0.000000,0.000007,0.000023
333.639000,0.000076,0.000013,0.000000,0.000002,0.000010,0.000050
333.697000,0.000076,0.000018,0.000000,0.000005,0.000041,0.000012
333.710000,0.000076,0.000019,0.000000,0.000015,0.000038,0.000004
333.714000,0.000076,0.000043,0.000001,0.000003,0.000002,0.000028
333.719000,0.000076,0.000038,0.000003,0.000000,0.000035,0.000000
333.727000,0.000076,0.000035,0.000000,0.000024,0.000000,0.000017
333.748000,0.000076,0.000020,0.000002,0.000002,0.000000,0.000052
333.897000,0.000076,0.000054,0.000000,0.000018,0.000000,0.000003
333.944000,0.000076,0.000017,0.000004,0.000014,0.000037,0.000005
333.984000,0.000076,0.000048,0.000001,0.000004,0.000018,0.000004
334.005000,0.000076,0.000021,0.000006,0.000020,0.000017,0.000013
334.017000,0.000076,0.000016,0.000003,0.000000,0.000043,0.000014
334.064000,0.000076,0.000013,0.000000,0.000022,0.000039,0.000003
334.066000,0.000076,0.000014,0.000000,0.000020,0.000030,0.000011
334.068000,0.000076,0.000009,0.000000,0.000007,0.000009,0.000051
334.115000,0.000076,0.000022,0.000001,0.000002,0.000049,0.000003
334.238000,0.000076,0.000042,0.000000,0.000014,0.000013,0.000007
334.268000,0.000076,0.000014,0.000001,0.000000,0.000034,0.000027
334.286000,0.000076,0.000046,0.000000,0.000007,0.000018,0.000005
334.334000,0.000076,0.000034,0.000001,0.000019,0.000016,0.000006
334.345000,0.000076,0.000019,0.000000,0.000011,0.000041,0.000005
334.364000,0.000076,0.000017,0.000006,0.000006,0.000040,0.000008
334.376000,0.000076,0.000011,0.000000,0.000005,0.000009,0.000051
334.382000,0.000076,0.000071,0.000000,0.000002,0.000001,0.000002
334.415000,0.000076,0.000019,0.000000,0.000015,0.000037,0.000005
334.420000,0.000076,0.000053,0.000001,0.000011,0.000010,0.000001
334.495000,0.000076,0.000022,0.000000,0.000026,0.000010,0.000017
334.514000,0.000076,0.000008,0.000000,0.000042,0.000022,0.000004
334.549000,0.000076,0.000019,0.000000,0.000021,0.000034,0.000002
334.552000,0.000076,0.000035,0.000000,0.000001,0.000040,0.000000
334.719000,0.000076,0.000020,0.000000,0.000000,0.000003,0.000053
334.741000,0.000076,0.000022,0.000000,0.000005,0.000044,0.000004
334.782000,0.000076,0.000035,0.000000,0.000001,0.000013,0.000027
334.823000,0.000076,0.000035,0.000001,0.000000,0.000010,0.000029
334.846000,0.000076,0.000064,0.000006,0.000000,0.000000,0.000005
334.924000,0.000076,0.000021,0.000004,0.000003,0.000000,0.000048
334.949000,0.000076,0.000004,0.000002,0.000005,0.000058,0.000007
334.972000,0.000076,0.000029,0.000000,0.000018,0.000019,0.000009
335.040000,0.000076,0.000057,0.000003,0.000002,0.000009,0.000006
335.044000,0.000076,0.000024,0.000001,0.000005,0.000025,0.000021
335.049000,0.000076,0.000014,0.000000,0.000013,0.000002,0.000048
335.076000,0.000076,0.000020,0.000000,0.000000,0.000007,0.000049
335.138000,0.000076,0.000006,0.000003,0.000007,0.000051,0.000009
335.146000,0.000076,0.000016,0.000007,0.000007,0.000046,0.000000
335.152000,0.000076,0.000014,0.000000,0.000009,0.000000,0.000053
335.178000,0.000076,0.000060,0.000000,0.000002,0.000003,0.000010
335.201000,0.000076,0.000014,0.000000,0.000003,0.000031,0.000028
335.266000,0.000076,0.000022,0.000000,0.000002,0.000035,0.000016
335.304000,0.000076,0.000027,0.000001,0.000029,0.000003,0.000017
335.357000,0.000076,0.000035,0.000002,0.000015,0.000005,0.000019
335.359000,0.000076,0.000020,0.000003,0.000011,0.000035,0.000007
335.362000,0.000076,0.000023,0.000000,0.000005,0.000031,0.000017
335.407000,0.000076,0.000019,0.000003,0.000031,0.000010,0.000012
335.452000,0.000076,0.000040,0.000000,0.000010,0.000022,0.000005
335.453000,0.000076,0.000014,0.000002,0.000001,0.000058,0.000001
335.460000,0.000076,0.000018,0.000002,0.000031,0.000010,0.000015
335.469000,0.000076,0.000023,0.000001,0.000022,0.000031,0.000000
335.512000,0.000076,0.000021,0.000000,0.000013,0.000034,0.000009
335.554000,0.000076,0.000020,0.000000,0.000000,0.000036,0.000020
335.743000,0.000076,0.000033,0.000000,0.000002,0.000040,0.000001
335.802000,0.000076,0.000011,0.000000,0.000018,0.000006,0.000041
335.806000,0.000076,0.000023,0.000000,0.000000,0.000029,0.000023
335.854000,0.000076,0.000040,0.000000,0.000011,0.000003,0.000021
335.860000,0.000076,0.000027,0.000002,0.000013,0.000000,0.000034
335.990000,0.000076,0.000023,0.000000,0.000004,0.000026,0.000024
336.003000,0.000076,0.000054,0.000000,0.000006,0.000003,0.000013
336.009000,0.000076,0.000047,0.000003,0.000002,0.000004,0.000020
336.044000,0.000076,0.000007,0.000000,0.000008,0.000053,0.000008
336.082000,0.000076,0.000051,0.000001,0.000005,0.000004,0.000014
336.086000,0.000076,0.000008,0.000000,0.000000,0.000033,0.000034
336.113000,0.000076,0.000021,0.000002,0.000016,0.000024,0.000013
336.201000,0.000076,0.000017,0.000000,0.000008,0.000012,0.000040
336.254000,0.000076,0.000021,0.000001,0.000008,0.000001,0.000044
336.255000,0.000076,0.000009,0.000001,0.000037,0.000017,0.000012
336.323000,0.000076,0.000050,0.000003,0.000005,0.000012,0.000005
336.334000,0.000076,0.000038,0.000000,0.000000,0.000033,0.000005
336.340000,0.000076,0.000016,0.000001,0.000001,0.000032,0.000027
336.352000,0.000076,0.000018,0.000001,0.000001,0.000045,0.000010
336.372000,0.000076,0.000036,0.000000,0.000005,0.000036,0.000000
336.459000,0.000076,0.000052,0.000000,0.000011,0.000008,0.000006
336.502000,0.000076,0.000014,0.000002,0.000033,0.000017,0.000010
336.538000,0.000076,0.000031,0.000002,0.000001,0.000012,0.000031
336.572000,0.000076,0.000023,0.000004,0.000002,0.000012,0.000035
336.589000,0.000076,0.000008,0.000000,0.000007,0.000053,0.000009
336.629000,0.000076,0.000021,0.000000,0.000027,0.000007,0.000021
336.641000,0.000076,0.000007,0.000000,0.000001,0.000064,0.000004
336.646000,0.000076,0.000047,0.000001,0.000009,0.000013,0.000006
336.656000,0.000076,0.000022,0.000000,0.000003,0.000037,0.000015
336.693000,0.000076,0.000016,0.000001,0.000021,0.000017,0.000021
336.750000,0.000076,0.000038,0.000002,0.000002,0.000033,0.000001
336.767000,0.000076,0.000027,0.000000,0.000021,0.000021,0.000006
336.768000,0.000076,0.000047,0.000002,0.000006,0.000015,0.000007
336.784000,0.000076,0.000013,0.000000,0.000014,0.000002,0.000047
336.829000,0.000076,0.000027,0.000001,0.000025,0.000007,0.000016
336.834000,0.000076,0.000023,0.000000,0.000000,0.000032,0.000021
336.835000,0.000076,0.000021,0.000002,0.000018,0.000016,0.000020
336.841000,0.000076,0.000046,0.000000,0.000002,0.000018,0.000010
336.971000,0.000076,0.000019,0.000001,0.000001,0.000028,0.000027
336.972000,0.000076,0.000024,0.000000,0.000004,0.000015,0.000033
336.984000,0.000076,0.000017,0.000000,0.000042,0.000005,0.000012
337.047000,0.000076,0.000059,0.000002,0.000011,0.000001,0.000003
337.153000,0.000076,0.000017,0.000000,0.000011,0.000043,0.000005
337.219000,0.000076,0.000061,0.000000,0.000002,0.000002,0.000011
337.447000,0.000076,0.000014,0.000001,0.000010,0.000009,0.000042
337.452000,0.000076,0.000010,0.000000,0.000041,0.000019,0.000007
337.453000,0.000076,0.000044,0.000000,0.000002,0.000001,0.000029
337.469000,0.000076,0.000020,0.000000,0.000014,0.000020,0.000022
337.471000,0.000076,0.000023,0.000003,0.000003,0.000043,0.000004
337.540000,0.000076,0.000017,0.000002,0.000014,0.000005,0.000038
337.550000,0.000076,0.000010,0.000000,0.000042,0.000017,0.000007
337.552000,0.000076,0.000043,0.000000,0.000004,0.000024,0.000005
337.559000,0.000076,0.000015,0.000004,0.000020,0.000034,0.000003
337.572000,0.000076,0.000015,0.000004,0.000009,0.000043,0.000004
337.597000,0.000076,0.000027,0.000004,0.000020,0.000025,0.000000
337.668000,0.000076,0.000033,0.000000,0.000006,0.000032,0.000004
337.672000,0.000076,0.000044,0.000001,0.000000,0.000025,0.000006
337.714000,0.000076,0.000060,0.000008,0.000000,0.000001,0.000007
337.824000,0.000076,0.000013,0.000002,0.000014,0.000038,0.000009
337.885000,0.000076,0.000046,0.000000,0.000016,0.000010,0.000005
337.946000,0.000076,0.000003,0.000000,0.000019,0.000034,0.000020
337.980000,0.000076,0.000030,0.000001,0.000002,0.000030,0.000013
338.026000,0.000076,0.000031,0.000001,0.000000,0.000043,0.000001
338.071000,0.000076,0.000019,0.000000,0.000006,0.000048,0.000003
338.098000,0.000076,0.000025,0.000000,0.000003,0.000032,0.000016
338.107000,0.000076,0.000021,0.000000,0.000017,0.000035,0.000003
338.116000,0.000076,0.000065,0.000000,0.000001,0.000003,0.000007
338.129000,0.000076,0.000017,0.000000,0.000004,0.000000,0.000055
338.316000,0.000076,0.000068,0.000000,0.000006,0.000000,0.000003
338.334000,0.000076,0.000035,0.000002,0.000001,0.000037,0.000001
338.348000,0.000076,0.000010,0.000000,0.000009,0.000034,0.000023
338.420000,0.000076,0.000050,0.000001,0.000011,0.000000,0.000014
338.572000,0.000076,0.000027,0.000003,0.000018,0.000028,0.000000
338.614000,0.000076,0.000004,0.000002,0.000003,0.000051,0.000015
338.618000,0.000076,0.000025,0.000000,0.000004,0.000026,0.000021
338.650000,0.000076,0.000025,0.000001,0.000030,0.000009,0.000013
338.680000,0.000076,0.000051,0.000000,0.000000,0.000003,0.000022
338.708000,0.000076,0.000054,0.000000,0.000007,0.000001,0.000014
338.746000,0.000076,0.000011,0.000002,0.000000,0.000061,0.000002
338.759000,0.000076,0.000067,0.000003,0.000001,0.000000,0.000005
338.779000,0.000076,0.000035,0.000001,0.000005,0.000031,0.000005
338.812000,0.000152,0.000068,0.000000,0.000007,0.000050,0.000026
338.835000,0.000076,0.000011,0.000000,0.000006,0.000016,0.000044
338.868000,0.000076,0.000026,0.000002,0.000002,0.000046,0.000000
338.886000,0.000076,0.000021,0.000000,0.000000,0.000001,0.000055
338.897000,0.000076,0.000011,0.000000,0.000000,0.000050,0.000015
338.910000,0.000076,0.000049,0.000003,0.000010,0.000008,0.000007
338.914000,0.000076,0.000042,0.000002,0.000008,0.000017,0.000007
338.956000,0.000076,0.000017,0.000000,0.000006,0.000039,0.000014
338.972000,0.000076,0.000022,0.000000,0.000000,0.000001,0.000053
338.975000,0.000076,0.000028,0.000000,0.000019,0.000020,0.000009
339.073000,0.000076,0.000026,0.000001,0.000028,0.000010,0.000011
339.171000,0.000076,0.000040,0.000000,0.000001,0.000010,0.000025
339.190000,0.000076,0.000028,0.000000,0.000006,0.000038,0.000004
339.225000,0.000076,0.000032,0.000001,0.000003,0.000038,0.000003
339.227000,0.000076,0.000012,0.000000,0.000010,0.000018,0.000035
339.258000,0.000076,0.000013,0.000003,0.000020,0.000023,0.000017
339.322000,0.000076,0.000032,0.000003,0.000000,0.000017,0.000023
339.350000,0.000076,0.000008,0.000000,0.000009,0.000053,0.000006
339.352000,0.000076,0.000011,0.000000,0.000008,0.000027,0.000029
339.370000,0.000076,0.000049,0.000000,0.000006,0.000006,0.000014
339.455000,0.000076,0.000013,0.000004,0.000008,0.000024,0.000028
339.459000,0.000076,0.000021,0.000000,0.000004,0.000034,0.000017
339.463000,0.000076,0.000013,0.000000,0.000009,0.000002,0.000052
339.578000,0.000076,0.000026,0.000004,0.000005,0.000002,0.000039
339.589000,0.000076,0.000005,0.000009,0.000007,0.000048,0.000007
339.720000,0.000076,0.000032,0.000001,0.000005,0.000028,0.000010
339.768000,0.000076,0.000025,0.000000,0.000000,0.000037,0.000014
339.774000,0.000076,0.000025,0.000003,0.000015,0.000010,0.000023
339.846000,0.000076,0.000027,0.000000,0.000021,0.000025,0.000003
339.873000,0.000076,0.000030,0.000006,0.000003,0.000033,0.000005
339.874000,0.000076,0.000001,0.000007,0.000003,0.000045,0.000021
339.881000,0.000076,0.000023,0.000003,0.000008,0.000032,0.000009
339.910000,0.000076,0.000021,0.000000,0.000027,0.000008,0.000020
339.996000,0.000076,0.000012,0.000000,0.000016,0.000010,0.000038
340.027000,0.000076,0.000037,0.000001,0.000013,0.000006,0.000019
340.062000,0.000076,0.000017,0.000002,0.000005,0.000018,0.000034
340.068000,0.000076,0.000022,0.000000,0.000006,0.000017,0.000032
340.132000,0.000076,0.000044,0.000000,0.000004,0.000017,0.000011
340.146000,0.000076,0.000004,0.000001,0.000023,0.000029,0.000019
340.231000,0.000076,0.000026,0.000000,0.000016,0.000016,0.000019
340.260000,0.000076,0.000022,0.000000,0.000003,0.000049,0.000003
340.330000,0.000076,0.000006,0.000002,0.000005,0.000015,0.000048
340.373000,0.000076,0.000028,0.000004,0.000007,0.000033,0.000004
340.591000,0.000076,0.000017,0.000000,0.000007,0.000003,0.000049
340.688000,0.000076,0.000014,0.000003,0.000009,0.000013,0.000038
340.710000,0.000076,0.000008,0.000001,0.000018,0.000040,0.000009
340.714000,0.000076,0.000056,0.000000,0.000000,0.000005,0.000015
340.721000,0.000076,0.000021,0.000000,0.000027,0.000009,0.000020
340.802000,0.000076,0.000023,0.000001,0.000001,0.000002,0.000049
340.839000,0.000076,0.000042,0.000004,0.000004,0.000004,0.000022
340.847000,0.000076,0.000049,0.000002,0.000010,0.000010,0.000006
340.850000,0.000076,0.000014,0.000000,0.000013,0.000043,0.000005
340.874000,0.000076,0.000020,0.000004,0.000000,0.000042,0.000010
340.939000,0.000076,0.000033,0.000002,0.000005,0.000005,0.000031
340.949000,0.000076,0.000016,0.000002,0.000010,0.000047,0.000001
341.068000,0.000076,0.000054,0.000000,0.000000,0.000006,0.000016
341.089000,0.000076,0.000005,0.000000,0.000031,0.000029,0.000011
341.166000,0.000076,0.000037,0.000001,0.000005,0.000006,0.000028
341.246000,0.000076,0.000013,0.000000,0.000025,0.000030,0.000008
341.247000,0.000076,0.000011,0.000002,0.000019,0.000037,0.000007
341.252000,0.000076,0.000027,0.000000,0.000002,0.000012,0.000035
341.256000,0.000076,0.000020,0.000000,0.000013,0.000004,0.000039
341.308000,0.000076,0.000026,0.000001,0.000014,0.000034,0.000000
341.325000,0.000076,0.000060,0.000000,0.000011,0.000001,0.000005
341.328000,0.000076,0.000007,0.000000,0.000016,0.000043,0.000010
341.334000,0.000076,0.000047,0.000001,0.000005,0.000018,0.000004
341.338000,0.000076,0.000016,0.000000,0.000006,0.000000,0.000055
341.351000,0.000076,0.000018,0.000000,0.000006,0.000034,0.000017
341.365000,0.000076,0.000034,0.000001,0.000007,0.000012,0.000022
341.390000,0.000076,0.000018,0.000005,0.000010,0.000044,0.000000
341.441000,0.000076,0.000031,0.000002,0.000025,0.000005,0.000013
341.481000,0.000076,0.000028,0.000000,0.000023,0.000014,0.000011
341.531000,0.000076,0.000026,0.000002,0.000015,0.000005,0.000027
341.548000,0.000076,0.000049,0.000003,0.000008,0.000012,0.000004
341.569000,0.000076,0.000011,0.000000,0.000006,0.000053,0.000006
341.576000,0.000076,0.000032,0.000000,0.000000,0.000044,0.000000
341.579000,0.000076,0.000033,0.000001,0.000017,0.000003,0.000022
341.613000,0.000076,0.000020,0.000002,0.000003,0.000042,0.000009
341.624000,0.000076,0.000010,0.000000,0.000007,0.000055,0.000003
341.637000,0.000076,0.000014,0.000000,0.000019,0.000030,0.000014
341.644000,0.000076,0.000035,0.000001,0.000001,0.000036,0.000004
341.725000,0.000076,0.000026,0.000001,0.000017,0.000011,0.000022
341.730000,0.000076,0.000075,0.000002,0.000000,0.000000,0.000000
341.767000,0.000076,0.000027,0.000000,0.000006,0.000030,0.000013
341.781000,0.000152,0.000033,0.000003,0.000006,0.000052,0.000058
341.784000,0.000076,0.000017,0.000000,0.000028,0.000030,0.000001
341.826000,0.000076,0.000046,0.000000,0.000000,0.000009,0.000022
341.876000,0.000076,0.000015,0.000005,0.000011,0.000011,0.000034
341.924000,0.000076,0.000045,0.000000,0.000006,0.000005,0.000019
342.047000,0.000076,0.000019,0.000000,0.000005,0.000048,0.000004
342.051000,0.000076,0.000036,0.000000,0.000013,0.000014,0.000013
342.130000,0.000076,0.000022,0.000002,0.000028,0.000012,0.000013
342.161000,0.000076,0.000019,0.000003,0.000000,0.000005,0.000049
342.230000,0.000076,0.000016,0.000001,0.000011,0.000042,0.000006
342.237000,0.000152,0.000055,0.000000,0.000020,0.000017,0.000060
342.246000,0.000076,0.000033,0.000002,0.000000,0.000022,0.000020
342.283000,0.000076,0.000004,0.000002,0.000032,0.000030,0.000008
342.394000,0.000076,0.000025,0.000000,0.000008,0.000002,0.000042
342.404000,0.000076,0.000000,0.000000,0.000012,0.000054,0.000011
342.416000,0.000076,0.000046,0.000000,0.000011,0.000002,0.000016
342.431000,0.000076,0.000015,0.000000,0.000016,0.000036,0.000010
342.450000,0.000076,0.000004,0.000001,0.000010,0.000039,0.000023
342.464000,0.000076,0.000038,0.000004,0.000016,0.000012,0.000005
342.509000,0.000076,0.000057,0.000001,0.000000,0.000002,0.000016
342.607000,0.000076,0.000002,0.000000,0.000013,0.000032,0.000029
342.679000,0.000076,0.000039,0.000003,0.000013,0.000013,0.000008
342.683000,0.000076,0.000038,0.000003,0.000000,0.000034,0.000001
342.774000,0.000076,0.000007,0.000002,0.000005,0.000055,0.000007
342.821000,0.000076,0.000044,0.000001,0.000003,0.000008,0.000020
342.835000,0.000076,0.000005,0.000001,0.000000,0.000054,0.000016
342.895000,0.000076,0.000019,0.000001,0.000002,0.000005,0.000049
342.921000,0.000076,0.000039,0.000002,0.000008,0.000004,0.000023
342.943000,0.000076,0.000025,0.000000,0.000007,0.000043,0.000000
342.975000,0.000076,0.000022,0.000000,0.000008,0.000042,0.000004
343.039000,0.000076,0.000004,0.000002,0.000014,0.000036,0.000020
343.108000,0.000076,0.000027,0.000001,0.000003,0.000012,0.000033
343.123000,0.000076,0.000029,0.000000,0.000002,0.000012,0.000033
343.128000,0.000076,0.000002,0.000001,0.000023,0.000030,0.000019
343.133000,0.000076,0.000010,0.000000,0.000042,0.000017,0.000007
343.149000,0.000076,0.000004,0.000000,0.000015,0.000038,0.000019
343.196000,0.000076,0.000028,0.000001,0.000013,0.000026,0.000009
343.219000,0.000076,0.000019,0.000000,0.000015,0.000005,0.000037
343.260000,0.000076,0.000011,0.000000,0.000020,0.000008,0.000037
343.311000,0.000076,0.000037,0.000002,0.000009,0.000023,0.000005
343.370000,0.000076,0.000037,0.000000,0.000017,0.000017,0.000004
343.381000,0.000076,0.000007,0.000003,0.000004,0.000042,0.000021
343.388000,0.000076,0.000016,0.000000,0.000030,0.000016,0.000013
343.461000,0.000076,0.000035,0.000000,0.000008,0.000009,0.000024
343.491000,0.000076,0.000021,0.000000,0.000000,0.000031,0.000024
343.508000,0.000076,0.000038,0.000002,0.000006,0.000004,0.000026
343.640000,0.000076,0.000017,0.000000,0.000006,0.000017,0.000036
343.720000,0.000076,0.000037,0.000003,0.000002,0.000009,0.000025
343.723000,0.000076,0.000033,0.000001,0.000022,0.000005,0.000015
343.798000,0.000076,0.000027,0.000002,0.000014,0.000000,0.000032
343.800000,0.000076,0.000019,0.000000,0.000018,0.000018,0.000021
343.852000,0.000076,0.000063,0.000002,0.000002,0.000001,0.000008
343.871000,0.000076,0.000000,0.000000,0.000015,0.000051,0.000010
343.951000,0.000076,0.000036,0.000000,0.000004,0.000031,0.000004
344.016000,0.000076,0.000031,0.000004,0.000008,0.000008,0.000026
344.050000,0.000076,0.000036,0.000000,0.000000,0.000038,0.000002
344.061000,0.000076,0.000026,0.000000,0.000039,0.000009,0.000002
344.064000,0.000076,0.000023,0.000003,0.000001,0.000028,0.000022
344.109000,0.000076,0.000015,0.000002,0.000017,0.000021,0.000021
344.139000,0.000076,0.000057,0.000003,0.000004,0.000004,0.000009
344.152000,0.000076,0.000006,0.000000,0.000031,0.000029,0.000010
344.154000,0.000076,0.000021,0.000000,0.000012,0.000004,0.000039
344.208000,0.000076,0.000000,0.000000,0.000017,0.000040,0.000019
344.213000,0.000076,0.000038,0.000004,0.000003,0.000023,0.000008
344.261000,0.000076,0.000054,0.000000,0.000000,0.000011,0.000010
344.280000,0.000076,0.000018,0.000001,0.000000,0.000032,0.000026
344.341000,0.000076,0.000059,0.000000,0.000003,0.000002,0.000013
344.409000,0.000076,0.000013,0.000000,0.000009,0.000051,0.000003
344.543000,0.000076,0.000019,0.000003,0.000000,0.000032,0.000022
344.554000,0.000076,0.000050,0.000005,0.000010,0.000005,0.000007
344.563000,0.000076,0.000046,0.000003,0.000023,0.000005,0.000000
344.623000,0.000076,0.000044,0.000000,0.000017,0.000000,0.000015
344.790000,0.000076,0.000029,0.000002,0.000030,0.000008,0.000007
344.793000,0.000076,0.000017,0.000000,0.000002,0.000033,0.000025
344.800000,0.000076,0.000017,0.000000,0.000016,0.000031,0.000012
344.806000,0.000076,0.000041,0.000001,0.000004,0.000009,0.000020
344.824000,0.000076,0.000044,0.000000,0.000007,0.000017,0.000008
344.963000,0.000076,0.000020,0.000000,0.000000,0.000007,0.000049
345.044000,0.000076,0.000021,0.000002,0.000003,0.000005,0.000046
345.146000,0.000076,0.000036,0.000000,0.000002,0.000034,0.000004
345.159000,0.000076,0.000016,0.000000,0.000020,0.000033,0.000007
345.268000,0.000076,0.000013,0.000000,0.000030,0.000012,0.000021
345.307000,0.000076,0.000037,0.000000,0.000012,0.000002,0.000025
345.310000,0.000076,0.000018,0.000000,0.000042,0.000000,0.000015
345.420000,0.000076,0.000019,0.000000,0.000005,0.000005,0.000047
345.453000,0.000076,0.000048,0.000002,0.000002,0.000012,0.000012
345.573000,0.000076,0.000025,0.000000,0.000015,0.000000,0.000036
345.593000,0.000076,0.000025,0.000000,0.000015,0.000005,0.000030
345.608000,0.000076,0.000024,0.000001,0.000020,0.000030,0.000000
345.743000,0.000076,0.000030,0.000001,0.000025,0.000007,0.000012
345.809000,0.000076,0.000020,0.000000,0.000005,0.000045,0.000007
345.877000,0.000076,0.000012,0.000000,0.000000,0.000049,0.000015
345.892000,0.000076,0.000027,0.000003,0.000017,0.000023,0.000005
345.966000,0.000076,0.000045,0.000003,0.000015,0.000000,0.000012
345.995000,0.000076,0.000058,0.000000,0.000015,0.000000,0.000003
346.008000,0.000076,0.000018,0.000001,0.000031,0.000016,0.000010
346.040000,0.000076,0.000010,0.000003,0.000038,0.000024,0.000000
346.107000,0.000076,0.000069,0.000000,0.000006,0.000000,0.000001
346.118000,0.000076,0.000023,0.000005,0.000006,0.000002,0.000040
346.181000,0.000076,0.000006,0.000003,0.000008,0.000056,0.000003
346.195000,0.000076,0.000003,0.000001,0.000002,0.000061,0.000009
346.199000,0.000076,0.000000,0.000000,0.000000,0.000048,0.000027
346.203000,0.000076,0.000033,0.000000,0.000004,0.000034,0.000004
346.304000,0.000076,0.000022,0.000000,0.000003,0.000000,0.000051
346.399000,0.000076,0.000032,0.000000,0.000000,0.000018,0.000026
346.403000,0.000076,0.000033,0.000001,0.000001,0.000036,0.000005
346.405000,0.000076,0.000039,0.000001,0.000001,0.000032,0.000002
346.439000,0.000076,0.000007,0.000000,0.000001,0.000063,0.000006
346.526000,0.000076,0.000022,0.000000,0.000016,0.000003,0.000034
346.543000,0.000076,0.000046,0.000002,0.000008,0.000014,0.000006
346.607000,0.000076,0.000017,0.000000,0.000016,0.000033,0.000010
346.677000,0.000076,0.000029,0.000000,0.000003,0.000027,0.000017
346.704000,0.000076,0.000032,0.000000,0.000002,0.000027,0.000015
346.756000,0.000076,0.000020,0.000003,0.000038,0.000004,0.000010
346.762000,0.000076,0.000051,0.000000,0.000009,0.000009,0.000006
346.765000,0.000076,0.000024,0.000000,0.000002,0.000011,0.000039
346.779000,0.000076,0.000037,0.000001,0.000001,0.000014,0.000023
346.783000,0.000076,0.000008,0.000005,0.000004,0.000055,0.000004
346.800000,0.000076,0.000012,0.000001,0.000019,0.000004,0.000040
346.836000,0.000076,0.000012,0.000002,0.000017,0.000007,0.000038
346.862000,0.000076,0.000023,0.000000,0.000019,0.000011,0.000023
346.986000,0.000076,0.000054,0.000000,0.000008,0.000013,0.000001
346.988000,0.000076,0.000028,0.000000,0.000001,0.000029,0.000018
347.004000,0.000076,0.000008,0.000000,0.000039,0.000020,0.000008
347.025000,0.000076,0.000020,0.000001,0.000021,0.000025,0.000009
347.073000,0.000076,0.000047,0.000000,0.000011,0.000002,0.000016
347.156000,0.000076,0.000020,0.000000,0.000016,0.000016,0.000023
347.191000,0.000076,0.000010,0.000003,0.000009,0.000028,0.000026
347.248000,0.000076,0.000012,0.000002,0.000012,0.000030,0.000020
347.252000,0.000076,0.000015,0.000000,0.000018,0.000004,0.000040
347.258000,0.000076,0.000018,0.000000,0.000013,0.000025,0.000021
347.263000,0.000076,0.000020,0.000001,0.000001,0.000001,0.000053
347.269000,0.000076,0.000010,0.000001,0.000003,0.000042,0.000020
347.277000,0.000076,0.000016,0.000000,0.000009,0.000046,0.000004
347.325000,0.000076,0.000011,0.000000,0.000005,0.000043,0.000017
347.357000,0.000076,0.000047,0.000002,0.000003,0.000016,0.000008
347.366000,0.000076,0.000017,0.000000,0.000012,0.000026,0.000021
347.368000,0.000076,0.000001,0.000010,0.000014,0.000031,0.000020
347.401000,0.000076,0.000051,0.000003,0.000004,0.000005,0.000013
347.475000,0.000076,0.000023,0.000000,0.000016,0.000025,0.000011
347.478000,0.000076,0.000007,0.000000,0.000002,0.000035,0.000032
347.527000,0.000076,0.000010,0.000000,0.000007,0.000041,0.000018
347.609000,0.000076,0.000011,0.000000,0.000034,0.000028,0.000003
347.673000,0.000076,0.000016,0.000003,0.000004,0.000028,0.000025
347.703000,0.000076,0.000016,0.000000,0.000042,0.000004,0.000014
347.743000,0.000076,0.000008,0.000000,0.000003,0.000056,0.000009
347.816000,0.000076,0.000057,0.000002,0.000011,0.000003,0.000003
347.821000,0.000076,0.000037,0.000000,0.000003,0.000008,0.000028
347.920000,0.000076,0.000030,0.000000,0.000003,0.000040,0.000002
347.938000,0.000076,0.000011,0.000000,0.000000,0.000048,0.000016
347.959000,0.000076,0.000014,0.000001,0.000006,0.000001,0.000054
348.092000,0.000076,0.000024,0.000001,0.000034,0.000016,0.000001
348.125000,0.000076,0.000047,0.000000,0.000017,0.000001,0.000010
348.182000,0.000076,0.000042,0.000000,0.000001,0.000009,0.000023
348.195000,0.000076,0.000038,0.000001,0.000000,0.000027,0.000010
348.209000,0.000076,0.000042,0.000004,0.000004,0.000024,0.000002
348.224000,0.000076,0.000038,0.000000,0.000007,0.000003,0.000028
348.233000,0.000076,0.000025,0.000006,0.000002,0.000042,0.000001
348.287000,0.000076,0.000039,0.000001,0.000001,0.000010,0.000025
348.409000,0.000076,0.000017,0.000000,0.000003,0.000009,0.000047
348.451000,0.000076,0.000020,0.000004,0.000014,0.000029,0.000009
348.465000,0.000076,0.000035,0.000000,0.000000,0.000038,0.000003
348.479000,0.000076,0.000012,0.000000,0.000021,0.000006,0.000036
348.513000,0.000076,0.000072,0.000000,0.000004,0.000000,0.000000
348.568000,0.000076,0.000014,0.000000,0.000015,0.000000,0.000047
348.626000,0.000076,0.000029,0.000000,0.000005,0.000030,0.000012
348.698000,0.000152,0.000037,0.000000,0.000034,0.000059,0.000021
348.743000,0.000076,0.000018,0.000007,0.000005,0.000007,0.000039
348.766000,0.000076,0.000008,0.000000,0.000039,0.000020,0.000009
348.778000,0.000076,0.000027,0.000005,0.000000,0.000009,0.000035
348.820000,0.000076,0.000002,0.000000,0.000002,0.000062,0.000010
348.934000,0.000076,0.000072,0.000003,0.000001,0.000000,0.000000
348.972000,0.000076,0.000032,0.000001,0.000001,0.000028,0.000013
349.056000,0.000076,0.000021,0.000000,0.000005,0.000018,0.000032
349.110000,0.000076,0.000015,0.000001,0.000002,0.000020,0.000038
349.189000,0.000076,0.000013,0.000000,0.000000,0.000048,0.000016
349.204000,0.000076,0.000071,0.000000,0.000000,0.000001,0.000003
349.237000,0.000076,0.000012,0.000000,0.000004,0.000053,0.000007
349.244000,0.000076,0.000006,0.000000,0.000016,0.000034,0.000020
349.269000,0.000076,0.000024,0.000000,0.000021,0.000014,0.000016
349.301000,0.000076,0.000042,0.000000,0.000003,0.000008,0.000023
349.310000,0.000076,0.000029,0.000000,0.000004,0.000000,0.000043
349.324000,0.000076,0.000045,0.000000,0.000010,0.000006,0.000015
349.393000,0.000076,0.000031,0.000002,0.000015,0.000011,0.000017
349.429000,0.000076,0.000018,0.000000,0.000005,0.000026,0.000027
349.517000,0.000076,0.000024,0.000000,0.000018,0.000014,0.000020
349.681000,0.000076,0.000011,0.000000,0.000013,0.000031,0.000021
349.692000,0.000076,0.000002,0.000000,0.000020,0.000033,0.000021
349.710000,0.000076,0.000020,0.000001,0.000000,0.000008,0.000047
349.725000,0.000076,0.000023,0.000000,0.000015,0.000002,0.000036
349.751000,0.000076,0.000020,0.000000,0.000004,0.000000,0.000051
349.838000,0.000076,0.000043,0.000000,0.000008,0.000003,0.000021
349.875000,0.000076,0.000013,0.000004,0.000011,0.000009,0.000039
349.933000,0.000076,0.000039,0.000000,0.000016,0.000005,0.000015
349.974000,0.000076,0.000028,0.000000,0.000000,0.000030,0.000018
349.979000,0.000076,0.000005,0.000005,0.000001,0.000030,0.000034
349.987000,0.000076,0.000029,0.000000,0.000001,0.000029,0.000017
350.016000,0.000076,0.000012,0.000003,0.000032,0.000012,0.000017
350.058000,0.000076,0.000031,0.000002,0.000002,0.000027,0.000015
350.066000,0.000076,0.000049,0.000000,0.000010,0.000005,0.000012
350.070000,0.000076,0.000048,0.000001,0.000009,0.000007,0.000012
350.097000,0.000076,0.000008,0.000001,0.000044,0.000018,0.000005
350.163000,0.000076,0.000034,0.000000,0.000017,0.000004,0.000021
350.192000,0.000076,0.000017,0.000000,0.000029,0.000017,0.000013
350.296000,0.000076,0.000033,0.000000,0.000019,0.000018,0.000005
350.373000,0.000076,0.000071,0.000000,0.000000,0.000002,0.000003
350.444000,0.000076,0.000050,0.000000,0.000010,0.000004,0.000011
350.487000,0.000076,0.000016,0.000000,0.000006,0.000033,0.000021
350.490000,0.000076,0.000019,0.000000,0.000029,0.000014,0.000014
350.704000,0.000076,0.000022,0.000000,0.000000,0.000006,0.000048
350.756000,0.000076,0.000027,0.000000,0.000037,0.000012,0.000000
350.770000,0.000076,0.000014,0.000000,0.000024,0.000028,0.000011
350.774000,0.000076,0.000031,0.000000,0.000007,0.000032,0.000006
351.088000,0.000076,0.000023,0.000003,0.000016,0.000034,0.000000
351.125000,0.000076,0.000031,0.000001,0.000004,0.000030,0.000011
351.280000,0.000076,0.000026,0.000002,0.000014,0.000005,0.000030
351.316000,0.000076,0.000008,0.000000,0.000019,0.000035,0.000014
351.376000,0.000076,0.000014,0.000003,0.000003,0.000055,0.000002
351.382000,0.000076,0.000006,0.000000,0.000017,0.000036,0.000018
351.398000,0.000076,0.000036,0.000000,0.000000,0.000021,0.000019
351.416000,0.000076,0.000024,0.000000,0.000007,0.000002,0.000043
351.424000,0.000076,0.000001,0.000002,0.000012,0.000049,0.000013
351.609000,0.000076,0.000022,0.000003,0.000003,0.000027,0.000021
351.615000,0.000076,0.000018,0.000000,0.000009,0.000045,0.000004
351.661000,0.000076,0.000038,0.000003,0.000001,0.000022,0.000012
351.749000,0.000076,0.000011,0.000000,0.000018,0.000042,0.000006
351.773000,0.000076,0.000035,0.000000,0.000020,0.000016,0.000006
351.778000,0.000076,0.000041,0.000000,0.000000,0.000027,0.000007
351.807000,0.000076,0.000011,0.000000,0.000038,0.000023,0.000005
351.855000,0.000076,0.000042,0.000000,0.000006,0.000000,0.000028
351.875000,0.000076,0.000017,0.000000,0.000003,0.000036,0.000020
351.899000,0.000076,0.000025,0.000002,0.000005,0.000013,0.000032
351.919000,0.000076,0.000016,0.000000,0.000002,0.000033,0.000025
352.053000,0.000076,0.000011,0.000000,0.000009,0.000043,0.000013
352.083000,0.000076,0.000018,0.000000,0.000043,0.000004,0.000011
352.086000,0.000076,0.000028,0.000000,0.000006,0.000041,0.000001
352.110000,0.000076,0.000046,0.000000,0.000009,0.000010,0.000011
352.124000,0.000076,0.000008,0.000000,0.000009,0.000052,0.000007
352.125000,0.000076,0.000045,0.000000,0.000011,0.000009,0.000011
352.128000,0.000076,0.000008,0.000000,0.000006,0.000048,0.000013
352.129000,0.000076,0.000000,0.000001,0.000009,0.000042,0.000024
352.263000,0.000076,0.000007,0.000000,0.000004,0.000056,0.000009
352.290000,0.000076,0.000019,0.000000,0.000042,0.000001,0.000014
352.413000,0.000076,0.000010,0.000000,0.000018,0.000038,0.000009
352.427000,0.000076,0.000032,0.000000,0.000019,0.000025,0.000001
352.460000,0.000076,0.000015,0.000002,0.000017,0.000037,0.000005
352.465000,0.000076,0.000031,0.000002,0.000005,0.000035,0.000002
352.509000,0.000076,0.000037,0.000001,0.000005,0.000028,0.000004
352.541000,0.000076,0.000009,0.000001,0.000017,0.000031,0.000018
352.584000,0.000076,0.000012,0.000000,0.000034,0.000026,0.000004
352.625000,0.000076,0.000029,0.000000,0.000018,0.000005,0.000024
352.665000,0.000076,0.000019,0.000000,0.000003,0.000008,0.000046
352.676000,0.000076,0.000017,0.000000,0.000003,0.000030,0.000026
352.693000,0.000076,0.000036,0.000004,0.000021,0.000009,0.000006
352.730000,0.000076,0.000045,0.000000,0.000018,0.000001,0.000011
352.934000,0.000076,0.000042,0.000001,0.000001,0.000006,0.000027
352.944000,0.000076,0.000043,0.000004,0.000003,0.000003,0.000023
353.046000,0.000076,0.000009,0.000002,0.000010,0.000044,0.000011
353.064000,0.000076,0.000018,0.000000,0.000005,0.000024,0.000028
353.088000,0.000076,0.000009,0.000004,0.000000,0.000051,0.000012
353.092000,0.000076,0.000043,0.000001,0.000006,0.000015,0.000010
353.150000,0.000076,0.000024,0.000000,0.000004,0.000002,0.000045
353.157000,0.000076,0.000026,0.000000,0.000021,0.000021,0.000007
353.190000,0.000076,0.000007,0.000000,0.000000,0.000055,0.000014
353.224000,0.000076,0.000021,0.000000,0.000003,0.000002,0.000050
353.240000,0.000076,0.000022,0.000002,0.000000,0.000002,0.000050
353.244000,0.000076,0.000009,0.000000,0.000005,0.000015,0.000047
353.245000,0.000076,0.000025,0.000001,0.000023,0.000015,0.000012
353.265000,0.000076,0.000019,0.000004,0.000005,0.000046,0.000002
353.268000,0.000076,0.000016,0.000002,0.000005,0.000008,0.000046
353.271000,0.000076,0.000039,0.000000,0.000002,0.000013,0.000022
353.307000,0.000076,0.000037,0.000000,0.000017,0.000000,0.000022
353.329000,0.000076,0.000048,0.000000,0.000012,0.000002,0.000014
353.337000,0.000076,0.000045,0.000011,0.000002,0.000008,0.000011
353.350000,0.000076,0.000019,0.000005,0.000029,0.000017,0.000006
353.400000,0.000076,0.000006,0.000002,0.000010,0.000047,0.000012
353.402000,0.000076,0.000023,0.000002,0.000008,0.000005,0.000038
353.420000,0.000076,0.000032,0.000000,0.000019,0.000018,0.000007
353.510000,0.000076,0.000044,0.000000,0.000000,0.000015,0.000017
353.651000,0.000076,0.000030,0.000000,0.000002,0.000041,0.000003
353.677000,0.000076,0.000015,0.000002,0.000006,0.000034,0.000018
353.688000,0.000076,0.000016,0.000000,0.000014,0.000042,0.000005
353.700000,0.000076,0.000030,0.000000,0.000001,0.000038,0.000007
353.766000,0.000076,0.000050,0.000003,0.000005,0.000009,0.000009
353.777000,0.000076,0.000014,0.000003,0.000020,0.000028,0.000011
353.847000,0.000076,0.000034,0.000001,0.000014,0.000015,0.000012
353.918000,0.000076,0.000018,0.000002,0.000041,0.000003,0.000011
353.933000,0.000076,0.000015,0.000000,0.000000,0.000022,0.000038
353.962000,0.000076,0.000020,0.000002,0.000007,0.000017,0.000031
353.964000,0.000076,0.000040,0.000001,0.000000,0.000026,0.000009
353.973000,0.000076,0.000005,0.000000,0.000021,0.000029,0.000021
354.055000,0.000076,0.000032,0.000000,0.000006,0.000004,0.000034
354.123000,0.000076,0.000025,0.000000,0.000011,0.000015,0.000025
354.130000,0.000076,0.000010,0.000000,0.000034,0.000029,0.000003
354.160000,0.000076,0.000033,0.000002,0.000003,0.000039,0.000000
354.212000,0.000076,0.000025,0.000000,0.000017,0.000024,0.000010
354.216000,0.000076,0.000021,0.000002,0.000006,0.000032,0.000016
354.217000,0.000076,0.000014,0.000000,0.000018,0.000038,0.000005
354.219000,0.000076,0.000023,0.000000,0.000011,0.000026,0.000016
354.223000,0.000076,0.000020,0.000000,0.000000,0.000003,0.000053
354.272000,0.000076,0.000051,0.000000,0.000000,0.000001,0.000024
354.278000,0.000076,0.000022,0.000003,0.000020,0.000014,0.000017
354.285000,0.000076,0.000033,0.000000,0.000017,0.000002,0.000024
354.326000,0.000076,0.000011,0.000000,0.000014,0.000037,0.000014
354.360000,0.000076,0.000024,0.000000,0.000012,0.000023,0.000017
354.386000,0.000076,0.000019,0.000000,0.000000,0.000004,0.000053
354.498000,0.000076,0.000000,0.000002,0.000012,0.000050,0.000012
354.503000,0.000076,0.000042,0.000003,0.000014,0.000006,0.000012
354.518000,0.000076,0.000012,0.000002,0.000016,0.000002,0.000045
354.673000,0.000076,0.000007,0.000000,0.000016,0.000045,0.000009
354.698000,0.000076,0.000017,0.000000,0.000006,0.000018,0.000035
354.750000,0.000076,0.000014,0.000002,0.000013,0.000040,0.000007
354.772000,0.000076,0.000017,0.000002,0.000038,0.000008,0.000011
354.830000,0.000076,0.000036,0.000000,0.000008,0.000000,0.000032
354.882000,0.000076,0.000015,0.000001,0.000005,0.000033,0.000021
354.890000,0.000076,0.000043,0.000000,0.000008,0.000001,0.000024
354.896000,0.000076,0.000021,0.000002,0.000014,0.000024,0.000015
354.944000,0.000076,0.000014,0.000000,0.000009,0.000050,0.000003
354.950000,0.000076,0.000024,0.000000,0.000001,0.000000,0.000050
354.951000,0.000076,0.000008,0.000000,0.000002,0.000041,0.000025
354.957000,0.000076,0.000042,0.000001,0.000000,0.000005,0.000028
355.059000,0.000076,0.000008,0.000000,0.000017,0.000045,0.000006
355.097000,0.000152,0.000038,0.000001,0.000073,0.000030,0.000010
355.146000,0.000076,0.000059,0.000000,0.000003,0.000004,0.000010
355.177000,0.000076,0.000014,0.000003,0.000029,0.000029,0.000000
355.191000,0.000076,0.000027,0.000002,0.000002,0.000029,0.000016
355.287000,0.000076,0.000047,0.000000,0.000016,0.000003,0.000010
355.348000,0.000076,0.000047,0.000003,0.000006,0.000008,0.000011
355.359000,0.000076,0.000037,0.000003,0.000000,0.000020,0.000016
355.440000,0.000076,0.000018,0.000000,0.000018,0.000004,0.000036
355.497000,0.000076,0.000006,0.000002,0.000000,0.000045,0.000022
355.513000,0.000076,0.000022,0.000000,0.000003,0.000001,0.000051
355.543000,0.000076,0.000004,0.000009,0.000020,0.000031,0.000012
355.619000,0.000076,0.000071,0.000000,0.000004,0.000000,0.000001
355.638000,0.000076,0.000023,0.000000,0.000012,0.000013,0.000028
355.661000,0.000076,0.000010,0.000000,0.000020,0.000041,0.000006
355.689000,0.000076,0.000037,0.000001,0.000020,0.000007,0.000011
355.710000,0.000076,0.000057,0.000002,0.000005,0.000005,0.000008
355.774000,0.000076,0.000010,0.000002,0.000024,0.000008,0.000032
355.792000,0.000076,0.000006,0.000000,0.000002,0.000034,0.000034
355.799000,0.000076,0.000011,0.000001,0.000035,0.000022,0.000007
355.813000,0.000076,0.000023,0.000000,0.000021,0.000016,0.000016
355.831000,0.000076,0.000057,0.000000,0.000009,0.000000,0.000010
355.896000,0.000076,0.000015,0.000001,0.000027,0.000030,0.000003
355.955000,0.000076,0.000019,0.000000,0.000011,0.000041,0.000006
356.008000,0.000076,0.000013,0.000002,0.000007,0.000014,0.000041
356.012000,0.000076,0.000019,0.000002,0.000010,0.000004,0.000041
356.131000,0.000076,0.000000,0.000003,0.000011,0.000050,0.000012
356.178000,0.000076,0.000046,0.000000,0.000000,0.000000,0.000030
356.207000,0.000152,0.000041,0.000002,0.000000,0.000067,0.000042
356.248000,0.000076,0.000028,0.000001,0.000006,0.000041,0.000000
356.255000,0.000076,0.000033,0.000000,0.000017,0.000002,0.000024
356.411000,0.000076,0.000014,0.000001,0.000017,0.000034,0.000009
356.473000,0.000076,0.000016,0.000000,0.000006,0.000047,0.000007
356.522000,0.000076,0.000014,0.000004,0.000028,0.000030,0.000002
356.561000,0.000076,0.000007,0.000000,0.000045,0.000018,0.000006
356.613000,0.000076,0.000001,0.000000,0.000011,0.000053,0.000012
356.646000,0.000076,0.000004,0.000000,0.000014,0.000029,0.000030
356.672000,0.000076,0.000007,0.000000,0.000011,0.000029,0.000029
356.775000,0.000076,0.000010,0.000004,0.000018,0.000021,0.000023
356.776000,0.000076,0.000024,0.000007,0.000017,0.000026,0.000002
356.804000,0.000076,0.000034,0.000001,0.000008,0.000032,0.000000
356.843000,0.000076,0.000012,0.000000,0.000020,0.000044,0.000001
356.862000,0.000076,0.000024,0.000001,0.000013,0.000012,0.000026
356.888000,0.000076,0.000010,0.000003,0.000024,0.000030,0.000009
356.931000,0.000076,0.000025,0.000001,0.000003,0.000011,0.000036
357.033000,0.000076,0.000028,0.000003,0.000001,0.000030,0.000015
357.048000,0.000076,0.000019,0.000000,0.000022,0.000012,0.000023
357.054000,0.000076,0.000014,0.000000,0.000018,0.000027,0.000016
357.127000,0.000076,0.000046,0.000000,0.000000,0.000000,0.000030
357.138000,0.000076,0.000023,0.000002,0.000011,0.000011,0.000028
357.144000,0.000076,0.000013,0.000003,0.000032,0.000019,0.000010
357.402000,0.000076,0.000020,0.000000,0.000039,0.000004,0.000014
357.465000,0.000076,0.000023,0.000000,0.000024,0.000016,0.000013
357.520000,0.000076,0.000022,0.000000,0.000010,0.000013,0.000031
357.566000,0.000076,0.000015,0.000003,0.000003,0.000004,0.000052
357.568000,0.000076,0.000016,0.000000,0.000005,0.000041,0.000014
357.581000,0.000076,0.000009,0.000001,0.000000,0.000048,0.000018
357.603000,0.000076,0.000014,0.000005,0.000019,0.000027,0.000010
357.627000,0.000076,0.000010,0.000000,0.000011,0.000035,0.000020
357.673000,0.000076,0.000014,0.000000,0.000017,0.000034,0.000011
357.690000,0.000076,0.000054,0.000002,0.000011,0.000005,0.000004
357.694000,0.000076,0.000054,0.000004,0.000005,0.000003,0.000010
357.721000,0.000076,0.000027,0.000002,0.000004,0.000043,0.000000
357.748000,0.000076,0.000023,0.000007,0.000042,0.000002,0.000002
357.846000,0.000076,0.000007,0.000000,0.000008,0.000051,0.000011
358.017000,0.000076,0.000009,0.000000,0.000002,0.000044,0.000021
358.058000,0.000076,0.000023,0.000004,0.000005,0.000032,0.000012
358.087000,0.000076,0.000026,0.000002,0.000005,0.000044,0.000000
358.211000,0.000076,0.000000,0.000002,0.000015,0.000039,0.000020
358.246000,0.000076,0.000058,0.000002,0.000006,0.000005,0.000005
358.372000,0.000076,0.000019,0.000000,0.000040,0.000004,0.000013
358.416000,0.000076,0.000024,0.000000,0.000033,0.000008,0.000011
358.492000,0.000076,0.000002,0.000000,0.000004,0.000060,0.000010
358.545000,0.000076,0.000006,0.000000,0.000012,0.000044,0.000014
358.560000,0.000076,0.000063,0.000000,0.000004,0.000006,0.000003
358.580000,0.000076,0.000017,0.000000,0.000017,0.000030,0.000012
358.588000,0.000076,0.000025,0.000003,0.000022,0.000013,0.000014
358.707000,0.000076,0.000013,0.000000,0.000000,0.000034,0.000029
358.777000,0.000076,0.000043,0.000002,0.000017,0.000003,0.000011
358.795000,0.000076,0.000012,0.000000,0.000020,0.000035,0.000009
358.802000,0.000076,0.000044,0.000000,0.000025,0.000003,0.000004
358.895000,0.000076,0.000026,0.000000,0.000004,0.000025,0.000021
358.925000,0.000076,0.000014,0.000003,0.000002,0.000022,0.000037
358.979000,0.000076,0.000015,0.000000,0.000027,0.000031,0.000004
358.991000,0.000076,0.000029,0.000000,0.000006,0.000040,0.000001
359.010000,0.000076,0.000025,0.000002,0.000021,0.000020,0.000007
359.127000,0.000076,0.000002,0.000001,0.000004,0.000061,0.000009
359.179000,0.000076,0.000063,0.000000,0.000007,0.000000,0.000006
359.202000,0.000076,0.000012,0.000001,0.000001,0.000035,0.000027
359.217000,0.000076,0.000017,0.000000,0.000004,0.000035,0.000020
359.235000,0.000076,0.000039,0.000000,0.000000,0.000022,0.000015
359.348000,0.000076,0.000020,0.000000,0.000014,0.000014,0.000027
359.449000,0.000076,0.000004,0.000000,0.000009,0.000057,0.000006
359.552000,0.000076,0.000015,0.000000,0.000023,0.000037,0.000001
359.556000,0.000076,0.000042,0.000006,0.000001,0.000002,0.000025
359.568000,0.000076,0.000028,0.000000,0.000006,0.000029,0.000013
359.579000,0.000076,0.000033,0.000000,0.000001,0.000028,0.000014
359.616000,0.000076,0.000012,0.000004,0.000002,0.000036,0.000022
359.626000,0.000076,0.000002,0.000001,0.000015,0.000047,0.000011
359.648000,0.000076,0.000001,0.000000,0.000013,0.000048,0.000015
359.649000,0.000076,0.000011,0.000002,0.000007,0.000003,0.000053
359.719000,0.000076,0.000030,0.000000,0.000018,0.000004,0.000024
359.734000,0.000076,0.000002,0.000004,0.000015,0.000043,0.000012
359.746000,0.000076,0.000026,0.000000,0.000008,0.000030,0.000012
359.757000,0.000076,0.000059,0.000000,0.000002,0.000002,0.000013
359.765000,0.000076,0.000012,0.000000,0.000013,0.000023,0.000028
359.777000,0.000076,0.000040,0.000005,0.000006,0.000007,0.000019
359.859000,0.000076,0.000034,0.000000,0.000000,0.000037,0.000005
359.863000,0.000076,0.000024,0.000000,0.000004,0.000017,0.000031
359.963000,0.000076,0.000034,0.000000,0.000000,0.000029,0.000014
360.073000,0.000076,0.000013,0.000004,0.000012,0.000046,0.000002
360.080000,0.000076,0.000021,0.000000,0.000020,0.000013,0.000023
360.116000,0.000076,0.000024,0.000003,0.000017,0.000021,0.000010
360.154000,0.000076,0.000025,0.000000,0.000026,0.000009,0.000016
360.188000,0.000076,0.000042,0.000000,0.000008,0.000002,0.000024
360.210000,0.000076,0.000036,0.000002,0.000000,0.000022,0.000015
360.300000,0.000076,0.000025,0.000001,0.000001,0.000023,0.000026
360.356000,0.000076,0.000016,0.000000,0.000004,0.000028,0.000028
360.425000,0.000076,0.000004,0.000002,0.000043,0.000020,0.000007
360.432000,0.000076,0.000018,0.000002,0.000007,0.000017,0.000032
360.487000,0.000076,0.000003,0.000000,0.000008,0.000057,0.000007
360.533000,0.000076,0.000022,0.000000,0.000009,0.000016,0.000028
360.567000,0.000076,0.000007,0.000000,0.000000,0.000029,0.000040
360.628000,0.000076,0.000011,0.000002,0.000009,0.000042,0.000013
360.642000,0.000076,0.000041,0.000002,0.000010,0.000017,0.000007
360.652000,0.000076,0.000021,0.000003,0.000000,0.000004,0.000048
360.687000,0.000076,0.000025,0.000003,0.000013,0.000018,0.000018
360.693000,0.000076,0.000010,0.000001,0.000023,0.000006,0.000035
360.703000,0.000076,0.000046,0.000000,0.000002,0.000017,0.000012
360.723000,0.000076,0.000032,0.000000,0.000011,0.000009,0.000024
360.753000,0.000076,0.000035,0.000003,0.000017,0.000018,0.000002
360.767000,0.000076,0.000021,0.000000,0.000039,0.000003,0.000013
360.782000,0.000076,0.000035,0.000001,0.000019,0.000015,0.000007
360.815000,0.000076,0.000036,0.000005,0.000014,0.000003,0.000018
360.830000,0.000076,0.000043,0.000000,0.000016,0.000005,0.000012
360.846000,0.000076,0.000016,0.000000,0.000007,0.000044,0.000010
360.874000,0.000076,0.000059,0.000001,0.000004,0.000005,0.000007
360.973000,0.000076,0.000022,0.000000,0.000007,0.000014,0.000033
361.054000,0.000076,0.000025,0.000000,0.000003,0.000030,0.000018
361.070000,0.000076,0.000019,0.000000,0.000009,0.000048,0.000000
361.123000,0.000076,0.000023,0.000000,0.000016,0.000013,0.000023
361.201000,0.000076,0.000009,0.000000,0.000001,0.000027,0.000039
361.229000,0.000076,0.000023,0.000003,0.000039,0.000000,0.000011
361.277000,0.000076,0.000031,0.000000,0.000019,0.000016,0.000011
361.281000,0.000076,0.000035,0.000000,0.000006,0.000021,0.000014
361.282000,0.000076,0.000016,0.000001,0.000018,0.000027,0.000015
361.400000,0.000076,0.000016,0.000000,0.000029,0.000016,0.000015
361.464000,0.000076,0.000015,0.000004,0.000013,0.000040,0.000004
361.515000,0.000076,0.000034,0.000002,0.000001,0.000035,0.000004
361.561000,0.000076,0.000011,0.000000,0.000001,0.000046,0.000019
361.568000,0.000076,0.000027,0.000001,0.000015,0.000014,0.000019
361.673000,0.000076,0.000025,0.000003,0.000010,0.000025,0.000013
361.701000,0.000076,0.000059,0.000000,0.000004,0.000005,0.000007
361.727000,0.000076,0.000021,0.000000,0.000004,0.000002,0.000049
361.825000,0.000076,0.000027,0.000000,0.000016,0.000021,0.000012
361.849000,0.000076,0.000050,0.000001,0.000001,0.000015,0.000010
361.863000,0.000076,0.000039,0.000001,0.000018,0.000008,0.000009
361.914000,0.000076,0.000015,0.000000,0.000002,0.000037,0.000022
361.948000,0.000076,0.000058,0.000000,0.000003,0.000003,0.000012
362.006000,0.000076,0.000010,0.000001,0.000011,0.000024,0.000029
362.021000,0.000076,0.000008,0.000011,0.000009,0.000032,0.000016
362.162000,0.000076,0.000045,0.000003,0.000005,0.000006,0.000016
362.170000,0.000076,0.000040,0.000000,0.000010,0.000016,0.000010
362.177000,0.000076,0.000030,0.000000,0.000014,0.000005,0.000027
362.182000,0.000076,0.000036,0.000000,0.000007,0.000023,0.000010
362.184000,0.000076,0.000005,0.000000,0.000004,0.000033,0.000034
362.219000,0.000076,0.000030,0.000002,0.000001,0.000043,0.000000
362.223000,0.000076,0.000014,0.000002,0.000032,0.000023,0.000006
362.293000,0.000076,0.000012,0.000000,0.000012,0.000002,0.000050
362.322000,0.000076,0.000048,0.000000,0.000017,0.000001,0.000010
362.349000,0.000076,0.000041,0.000001,0.000003,0.000010,0.000022
362.391000,0.000076,0.000056,0.000000,0.000005,0.000007,0.000009
362.417000,0.000076,0.000032,0.000000,0.000012,0.000009,0.000023
362.526000,0.000076,0.000054,0.000000,0.000006,0.000010,0.000006
362.532000,0.000076,0.000032,0.000004,0.000017,0.000002,0.000022
362.548000,0.000076,0.000042,0.000003,0.000015,0.000013,0.000003
362.569000,0.000076,0.000009,0.000000,0.000011,0.000043,0.000013
362.595000,0.000076,0.000032,0.000001,0.000000,0.000044,0.000000
362.613000,0.000076,0.000006,0.000002,0.000011,0.000013,0.000044
362.622000,0.000076,0.000020,0.000003,0.000015,0.000033,0.000005
362.680000,0.000076,0.000026,0.000001,0.000002,0.000029,0.000020
362.687000,0.000076,0.000026,0.000000,0.000021,0.000012,0.000017
362.705000,0.000076,0.000009,0.000001,0.000022,0.000038,0.000006
362.719000,0.000076,0.000030,0.000000,0.000012,0.000000,0.000034
362.739000,0.000076,0.000007,0.000002,0.000020,0.000033,0.000014
362.816000,0.000076,0.000003,0.000000,0.000015,0.000051,0.000007
362.901000,0.000076,0.000030,0.000003,0.000014,0.000007,0.000021
362.910000,0.000076,0.000020,0.000000,0.000041,0.000005,0.000010
362.972000,0.000076,0.000009,0.000000,0.000002,0.000038,0.000027
363.012000,0.000076,0.000015,0.000002,0.000008,0.000033,0.000018
363.044000,0.000076,0.000044,0.000000,0.000016,0.000003,0.000014
363.046000,0.000076,0.000006,0.000001,0.000020,0.000012,0.000037
363.057000,0.000076,0.000013,0.000000,0.000010,0.000037,0.000016
363.112000,0.000076,0.000013,0.000000,0.000007,0.000004,0.000052
363.116000,0.000076,0.000015,0.000000,0.000000,0.000037,0.000024
363.147000,0.000076,0.000025,0.000008,0.000025,0.000011,0.000008
363.160000,0.000076,0.000046,0.000000,0.000005,0.000016,0.000009
363.182000,0.000076,0.000022,0.000005,0.000009,0.000036,0.000005
363.285000,0.000076,0.000003,0.000005,0.000000,0.000041,0.000027
363.296000,0.000076,0.000013,0.000000,0.000015,0.000004,0.000045
363.369000,0.000076,0.000055,0.000000,0.000006,0.000008,0.000007
363.381000,0.000076,0.000066,0.000001,0.000009,0.000000,0.000000
363.415000,0.000076,0.000004,0.000000,0.000012,0.000053,0.000008
363.482000,0.000076,0.000009,0.000001,0.000020,0.000040,0.000006
363.492000,0.000076,0.000019,0.000002,0.000000,0.000003,0.000051
363.534000,0.000076,0.000016,0.000000,0.000007,0.000024,0.000029
363.548000,0.000076,0.000004,0.000000,0.000005,0.000056,0.000011
363.572000,0.000076,0.000023,0.000000,0.000011,0.000012,0.000029
363.617000,0.000076,0.000008,0.000000,0.000009,0.000043,0.000017
363.640000,0.000076,0.000028,0.000004,0.000002,0.000024,0.000019
363.647000,0.000076,0.000015,0.000003,0.000011,0.000005,0.000042
363.685000,0.000076,0.000005,0.000000,0.000025,0.000031,0.000015
363.769000,0.000076,0.000038,0.000003,0.000005,0.000005,0.000025
363.807000,0.000076,0.000039,0.000002,0.000022,0.000000,0.000013
363.809000,0.000076,0.000024,0.000001,0.000012,0.000017,0.000021
363.816000,0.000076,0.000041,0.000000,0.000005,0.000008,0.000021
363.876000,0.000076,0.000034,0.000000,0.000001,0.000040,0.000000
363.958000,0.000076,0.000022,0.000006,0.000004,0.000036,0.000008
363.971000,0.000076,0.000022,0.000002,0.000013,0.000011,0.000028
363.978000,0.000076,0.000012,0.000000,0.000021,0.000038,0.000006
364.046000,0.000076,0.000016,0.000000,0.000011,0.000027,0.000021
364.207000,0.000076,0.000016,0.000003,0.000003,0.000030,0.000025
364.233000,0.000076,0.000013,0.000001,0.000013,0.000022,0.000027
364.307000,0.000076,0.000012,0.000000,0.000006,0.000028,0.000030
364.329000,0.000076,0.000058,0.000000,0.000007,0.000008,0.000004
364.380000,0.000076,0.000038,0.000000,0.000001,0.000022,0.000016
364.402000,0.000076,0.000012,0.000000,0.000034,0.000018,0.000013
364.446000,0.000076,0.000017,0.000003,0.000020,0.000029,0.000007
364.449000,0.000076,0.000048,0.000001,0.000010,0.000012,0.000005
364.467000,0.000076,0.000032,0.000001,0.000019,0.000015,0.000008
364.493000,0.000076,0.000033,0.000001,0.000001,0.000023,0.000019
364.503000,0.000076,0.000008,0.000000,0.000011,0.000033,0.000024
364.553000,0.000076,0.000020,0.000000,0.000002,0.000030,0.000024
364.562000,0.000076,0.000028,0.000000,0.000022,0.000001,0.000025
364.567000,0.000076,0.000007,0.000003,0.000000,0.000051,0.000015
364.579000,0.000076,0.000051,0.000000,0.000006,0.000014,0.000006
364.595000,0.000076,0.000025,0.000003,0.000004,0.000026,0.000019
364.602000,0.000076,0.000034,0.000004,0.000014,0.000003,0.000021
364.696000,0.000076,0.000019,0.000000,0.000010,0.000013,0.000034
364.754000,0.000076,0.000032,0.000004,0.000001,0.000038,0.000001
364.789000,0.000076,0.000002,0.000001,0.000015,0.000035,0.000022
364.828000,0.000076,0.000003,0.000000,0.000003,0.000037,0.000034
364.835000,0.000076,0.000036,0.000001,0.000006,0.000023,0.000010
364.868000,0.000076,0.000039,0.000000,0.000026,0.000004,0.000007
364.979000,0.000076,0.000012,0.000003,0.000007,0.000026,0.000028
365.010000,0.000076,0.000059,0.000002,0.000004,0.000003,0.000009
365.039000,0.000076,0.000007,0.000000,0.000007,0.000012,0.000050
365.053000,0.000076,0.000003,0.000000,0.000012,0.000059,0.000002
365.142000,0.000076,0.000027,0.000000,0.000016,0.000012,0.000021
365.159000,0.000076,0.000022,0.000000,0.000007,0.000025,0.000022
365.306000,0.000076,0.000044,0.000000,0.000000,0.000004,0.000028
365.321000,0.000076,0.000019,0.000003,0.000007,0.000015,0.000032
365.357000,0.000076,0.000021,0.000000,0.000020,0.000026,0.000010
365.362000,0.000076,0.000011,0.000001,0.000001,0.000042,0.000021
365.418000,0.000076,0.000032,0.000000,0.000004,0.000012,0.000027
365.481000,0.000076,0.000006,0.000003,0.000007,0.000051,0.000009
365.506000,0.000152,0.000037,0.000002,0.000015,0.000047,0.000051
365.513000,0.000076,0.000007,0.000000,0.000000,0.000051,0.000018
365.514000,0.000076,0.000042,0.000000,0.000004,0.000000,0.000030
365.585000,0.000076,0.000065,0.000002,0.000005,0.000000,0.000004
365.587000,0.000076,0.000003,0.000000,0.000004,0.000058,0.000010
365.686000,0.000076,0.000023,0.000002,0.000021,0.000021,0.000010
365.711000,0.000076,0.000005,0.000005,0.000021,0.000033,0.000012
365.797000,0.000076,0.000025,0.000001,0.000006,0.000023,0.000022
365.850000,0.000076,0.000031,0.000000,0.000010,0.000000,0.000035
365.870000,0.000076,0.000021,0.000002,0.000003,0.000016,0.000034
365.872000,0.000076,0.000007,0.000001,0.000020,0.000012,0.000036
365.875000,0.000076,0.000018,0.000007,0.000009,0.000020,0.000022
365.915000,0.000076,0.000015,0.000000,0.000003,0.000020,0.000039
365.952000,0.000076,0.000014,0.000002,0.000010,0.000018,0.000033
365.975000,0.000076,0.000041,0.000000,0.000020,0.000004,0.000012
365.999000,0.000076,0.000051,0.000000,0.000011,0.000014,0.000000
366.008000,0.000076,0.000022,0.000002,0.000000,0.000004,0.000048
366.037000,0.000076,0.000019,0.000000,0.000003,0.000009,0.000044
366.060000,0.000076,0.000043,0.000003,0.000013,0.000006,0.000011
366.140000,0.000076,0.000063,0.000002,0.000005,0.000003,0.000002
366.190000,0.000076,0.000022,0.000001,0.000017,0.000013,0.000024
366.225000,0.000076,0.000035,0.000000,0.000015,0.000000,0.000025
366.422000,0.000076,0.000018,0.000000,0.000003,0.000025,0.000030
366.423000,0.000076,0.000058,0.000000,0.000010,0.000002,0.000006
366.491000,0.000076,0.000044,0.000004,0.000007,0.000006,0.000014
366.532000,0.000076,0.000001,0.000000,0.000016,0.000055,0.000004
366.533000,0.000076,0.000043,0.000001,0.000014,0.000009,0.000008
366.584000,0.000076,0.000031,0.000002,0.000021,0.000006,0.000017
366.593000,0.000076,0.000004,0.000001,0.000025,0.000032,0.000014
366.639000,0.000076,0.000016,0.000006,0.000029,0.000014,0.000010
366.654000,0.000076,0.000021,0.000000,0.000006,0.000016,0.000034
366.685000,0.000076,0.000038,0.000000,0.000030,0.000002,0.000006
366.688000,0.000076,0.000000,0.000000,0.000009,0.000059,0.000009
366.744000,0.000076,0.000017,0.000002,0.000005,0.000044,0.000007
366.759000,0.000076,0.000050,0.000000,0.000015,0.000001,0.000010
366.947000,0.000076,0.000007,0.000000,0.000003,0.000046,0.000021
366.955000,0.000076,0.000036,0.000000,0.000014,0.000002,0.000024
366.961000,0.000076,0.000044,0.000002,0.000002,0.000000,0.000028
366.980000,0.000076,0.000019,0.000005,0.000008,0.000023,0.000021
366.986000,0.000076,0.000061,0.000000,0.000001,0.000001,0.000013
366.990000,0.000076,0.000007,0.000000,0.000012,0.000043,0.000014
367.063000,0.000076,0.000028,0.000002,0.000002,0.000029,0.000015
367.090000,0.000076,0.000004,0.000000,0.000005,0.000031,0.000036
367.198000,0.000076,0.000032,0.000005,0.000017,0.000002,0.000020
367.287000,0.000076,0.000005,0.000000,0.000020,0.000028,0.000022
367.304000,0.000076,0.000011,0.000001,0.000008,0.000004,0.000052
367.385000,0.000076,0.000060,0.000000,0.000012,0.000002,0.000002
367.447000,0.000076,0.000013,0.000001,0.000005,0.000004,0.000053
367.495000,0.000076,0.000011,0.000002,0.000002,0.000045,0.000017
367.498000,0.000076,0.000013,0.000000,0.000000,0.000039,0.000024
367.500000,0.000076,0.000036,0.000000,0.000016,0.000001,0.000024
367.526000,0.000076,0.000014,0.000002,0.000001,0.000040,0.000019
367.532000,0.000076,0.000053,0.000000,0.000009,0.000003,0.000011
367.616000,0.000076,0.000016,0.000000,0.000003,0.000006,0.000051
367.618000,0.000076,0.000017,0.000003,0.000013,0.000039,0.000004
367.652000,0.000076,0.000009,0.000000,0.000006,0.000011,0.000050
367.784000,0.000076,0.000023,0.000000,0.000002,0.000037,0.000014
367.790000,0.000076,0.000033,0.000001,0.000017,0.000008,0.000017
367.831000,0.000076,0.000023,0.000001,0.000012,0.000015,0.000024
367.908000,0.000076,0.000049,0.000004,0.000000,0.000002,0.000021
367.930000,0.000076,0.000054,0.000000,0.000007,0.000010,0.000005
367.961000,0.000076,0.000030,0.000006,0.000007,0.000025,0.000008
367.972000,0.000076,0.000029,0.000001,0.000003,0.000041,0.000002
367.981000,0.000076,0.000017,0.000000,0.000010,0.000019,0.000029
368.051000,0.000076,0.000035,0.000002,0.000031,0.000005,0.000005
368.073000,0.000076,0.000025,0.000000,0.000003,0.000012,0.000036
368.081000,0.000076,0.000051,0.000000,0.000016,0.000003,0.000006
368.122000,0.000076,0.000016,0.000003,0.000022,0.000036,0.000000
368.127000,0.000076,0.000051,0.000000,0.000016,0.000000,0.000008
368.160000,0.000076,0.000044,0.000000,0.000014,0.000004,0.000014
368.369000,0.000076,0.000013,0.000000,0.000013,0.000026,0.000024
368.381000,0.000076,0.000021,0.000000,0.000011,0.000013,0.000031
368.469000,0.000076,0.000034,0.000000,0.000018,0.000002,0.000023
368.514000,0.000076,0.000010,0.000000,0.000019,0.000039,0.000007
368.596000,0.000076,0.000024,0.000000,0.000007,0.000039,0.000007
368.638000,0.000076,0.000036,0.000002,0.000000,0.000026,0.000013
368.705000,0.000076,0.000005,0.000003,0.000020,0.000040,0.000009
368.736000,0.000076,0.000006,0.000000,0.000027,0.000029,0.000014
368.750000,0.000076,0.000019,0.000002,0.000005,0.000004,0.000045
368.847000,0.000076,0.000013,0.000000,0.000012,0.000000,0.000050
368.868000,0.000076,0.000023,0.000000,0.000021,0.000020,0.000012
368.947000,0.000152,0.000115,0.000007,0.000006,0.000002,0.000022
368.975000,0.000076,0.000007,0.000000,0.000020,0.000043,0.000006
368.984000,0.000076,0.000011,0.000000,0.000026,0.000034,0.000005
369.057000,0.000076,0.000025,0.000003,0.000016,0.000016,0.000017
369.091000,0.000076,0.000022,0.000000,0.000012,0.000012,0.000030
369.099000,0.000076,0.000020,0.000000,0.000006,0.000027,0.000024
369.119000,0.000076,0.000050,0.000000,0.000017,0.000002,0.000007
369.122000,0.000076,0.000003,0.000000,0.000016,0.000056,0.000001
369.148000,0.000076,0.000042,0.000000,0.000006,0.000007,0.000021
369.190000,0.000076,0.000013,0.000000,0.000004,0.000022,0.000037
369.193000,0.000076,0.000056,0.000000,0.000002,0.000007,0.000011
369.256000,0.000076,0.000015,0.000001,0.000003,0.000020,0.000037
369.284000,0.000076,0.000004,0.000000,0.000005,0.000058,0.000009
369.288000,0.000076,0.000040,0.000001,0.000024,0.000005,0.000006
369.336000,0.000076,0.000017,0.000005,0.000027,0.000016,0.000012
369.404000,0.000076,0.000055,0.000000,0.000007,0.000008,0.000006
369.433000,0.000076,0.000002,0.000002,0.000006,0.000057,0.000008
369.476000,0.000076,0.000010,0.000000,0.000013,0.000002,0.000051
369.577000,0.000076,0.000015,0.000001,0.000029,0.000029,0.000002
369.745000,0.000076,0.000002,0.000002,0.000016,0.000056,0.000000
369.832000,0.000076,0.000013,0.000004,0.000042,0.000003,0.000014
369.877000,0.000076,0.000015,0.000000,0.000017,0.000032,0.000013
369.941000,0.000076,0.000015,0.000000,0.000013,0.000039,0.000008
369.961000,0.000076,0.000061,0.000003,0.000000,0.000007,0.000005
369.976000,0.000076,0.000024,0.000000,0.000025,0.000013,0.000014
370.053000,0.000076,0.000031,0.000001,0.000011,0.000008,0.000025
370.138000,0.000076,0.000055,0.000000,0.000007,0.000010,0.000004
370.175000,0.000076,0.000016,0.000000,0.000002,0.000019,0.000040
370.198000,0.000076,0.000014,0.000004,0.000018,0.000040,0.000000
370.199000,0.000076,0.000029,0.000004,0.000021,0.000001,0.000020
370.200000,0.000076,0.000023,0.000006,0.000004,0.000027,0.000016
370.271000,0.000076,0.000004,0.000000,0.000011,0.000058,0.000004
370.301000,0.000076,0.000058,0.000000,0.000003,0.000003,0.000013
370.306000,0.000076,0.000019,0.000002,0.000021,0.000030,0.000004
370.322000,0.000076,0.000044,0.000000,0.000013,0.000005,0.000014
370.353000,0.000076,0.000024,0.000000,0.000013,0.000014,0.000025
370.452000,0.000076,0.000038,0.000000,0.000004,0.000001,0.000033
370.461000,0.000076,0.000024,0.000000,0.000015,0.000005,0.000033
370.513000,0.000076,0.000024,0.000002,0.000015,0.000003,0.000033
370.611000,0.000076,0.000061,0.000000,0.000006,0.000006,0.000003
370.637000,0.000076,0.000010,0.000000,0.000021,0.000039,0.000007
370.686000,0.000076,0.000059,0.000001,0.000007,0.000003,0.000006
370.691000,0.000076,0.000001,0.000001,0.000016,0.000050,0.000008
370.710000,0.000076,0.000026,0.000000,0.000036,0.000011,0.000003
370.716000,0.000076,0.000011,0.000002,0.000015,0.000002,0.000046
370.748000,0.000076,0.000059,0.000003,0.000008,0.000004,0.000002
370.749000,0.000076,0.000015,0.000002,0.000031,0.000023,0.000005
370.759000,0.000076,0.000054,0.000000,0.000004,0.000007,0.000011
370.764000,0.000076,0.000045,0.000004,0.000013,0.000005,0.000010
370.769000,0.000076,0.000002,0.000001,0.000002,0.000041,0.000031
370.848000,0.000076,0.000040,0.000000,0.000005,0.000002,0.000028
370.856000,0.000076,0.000004,0.000000,0.000002,0.000033,0.000037
370.930000,0.000076,0.000014,0.000006,0.000014,0.000039,0.000004
370.953000,0.000076,0.000026,0.000000,0.000000,0.000012,0.000038
370.959000,0.000076,0.000031,0.000003,0.000019,0.000009,0.000014
370.971000,0.000076,0.000009,0.000000,0.000000,0.000050,0.000017
371.007000,0.000076,0.000010,0.000001,0.000000,0.000040,0.000026
371.092000,0.000076,0.000029,0.000000,0.000003,0.000012,0.000032
371.102000,0.000076,0.000022,0.000001,0.000011,0.000014,0.000028
371.147000,0.000076,0.000027,0.000003,0.000014,0.000011,0.000021
371.154000,0.000076,0.000003,0.000001,0.000001,0.000051,0.000020
371.249000,0.000076,0.000030,0.000001,0.000001,0.000040,0.000004
371.253000,0.000076,0.000052,0.000000,0.000008,0.000001,0.000015
371.347000,0.000076,0.000054,0.000003,0.000006,0.000007,0.000006
371.390000,0.000076,0.000045,0.000002,0.000008,0.000009,0.000013
371.639000,0.000076,0.000026,0.000000,0.000018,0.000019,0.000013
371.688000,0.000076,0.000010,0.000000,0.000032,0.000018,0.000017
371.722000,0.000076,0.000011,0.000002,0.000021,0.000038,0.000005
371.731000,0.000076,0.000058,0.000001,0.000000,0.000010,0.000006
371.817000,0.000076,0.000010,0.000000,0.000000,0.000035,0.000030
371.844000,0.000076,0.000011,0.000001,0.000000,0.000033,0.000030
371.857000,0.000076,0.000014,0.000002,0.000008,0.000033,0.000020
372.057000,0.000076,0.000013,0.000000,0.000001,0.000042,0.000020
372.095000,0.000076,0.000024,0.000000,0.000018,0.000015,0.000019
372.151000,0.000076,0.000023,0.000002,0.000009,0.000035,0.000008
372.205000,0.000076,0.000014,0.000000,0.000006,0.000002,0.000054
372.210000,0.000076,0.000017,0.000001,0.000008,0.000017,0.000033
372.239000,0.000076,0.000013,0.000000,0.000004,0.000032,0.000027
372.253000,0.000076,0.000017,0.000002,0.000007,0.000047,0.000004
372.267000,0.000076,0.000010,0.000002,0.000008,0.000005,0.000051
372.297000,0.000076,0.000002,0.000000,0.000014,0.000045,0.000016
372.298000,0.000076,0.000020,0.000001,0.000007,0.000016,0.000032
372.308000,0.000076,0.000044,0.000000,0.000002,0.000008,0.000022
372.329000,0.000076,0.000064,0.000001,0.000006,0.000000,0.000005
372.382000,0.000076,0.000011,0.000006,0.000000,0.000034,0.000025
372.416000,0.000076,0.000051,0.000000,0.000006,0.000010,0.000009
372.466000,0.000076,0.000004,0.000001,0.000014,0.000052,0.000005
372.480000,0.000076,0.000051,0.000000,0.000019,0.000000,0.000007
372.534000,0.000076,0.000015,0.000001,0.000009,0.000034,0.000017
372.658000,0.000076,0.000052,0.000001,0.000004,0.000006,0.000012
372.703000,0.000076,0.000022,0.000000,0.000013,0.000012,0.000029
372.761000,0.000076,0.000001,0.000001,0.000014,0.000059,0.000000
372.821000,0.000076,0.000052,0.000002,0.000004,0.000002,0.000016
372.836000,0.000076,0.000011,0.000000,0.000016,0.000027,0.000023
372.847000,0.000076,0.000020,0.000002,0.000021,0.000010,0.000023
372.882000,0.000076,0.000021,0.000000,0.000016,0.000006,0.000034
372.893000,0.000076,0.000025,0.000000,0.000006,0.000037,0.000008
372.900000,0.000076,0.000045,0.000004,0.000001,0.000000,0.000026
372.913000,0.000076,0.000016,0.000001,0.000006,0.000026,0.000027
372.952000,0.000076,0.000043,0.000000,0.000003,0.000002,0.000029
372.957000,0.000076,0.000041,0.000005,0.000011,0.000015,0.000004
372.989000,0.000076,0.000014,0.000000,0.000009,0.000052,0.000001
373.047000,0.000076,0.000012,0.000003,0.000033,0.000016,0.000012
373.052000,0.000076,0.000018,0.000000,0.000015,0.000020,0.000023
373.107000,0.000076,0.000043,0.000000,0.000007,0.000013,0.000014
373.127000,0.000076,0.000049,0.000000,0.000000,0.000005,0.000022
373.161000,0.000076,0.000007,0.000003,0.000014,0.000039,0.000013
373.200000,0.000076,0.000033,0.000002,0.000002,0.000025,0.000015
373.210000,0.000076,0.000012,0.000000,0.000032,0.000015,0.000017
373.263000,0.000076,0.000038,0.000000,0.000030,0.000000,0.000007
373.409000,0.000076,0.000025,0.000001,0.000005,0.000010,0.000036
373.419000,0.000076,0.000037,0.000000,0.000024,0.000002,0.000014
373.469000,0.000076,0.000014,0.000001,0.000026,0.000031,0.000004
373.558000,0.000076,0.000030,0.000000,0.000008,0.000008,0.000030
373.662000,0.000076,0.000019,0.000000,0.000018,0.000036,0.000003
373.681000,0.000076,0.000005,0.000000,0.000003,0.000032,0.000036
373.702000,0.000076,0.000014,0.000001,0.000018,0.000018,0.000025
373.856000,0.000076,0.000029,0.000000,0.000003,0.000042,0.000002
373.859000,0.000076,0.000018,0.000006,0.000010,0.000038,0.000004
373.880000,0.000076,0.000015,0.000003,0.000014,0.000023,0.000021
373.904000,0.000076,0.000020,0.000001,0.000024,0.000009,0.000022
373.950000,0.000076,0.000043,0.000004,0.000016,0.000002,0.000012
373.966000,0.000076,0.000012,0.000002,0.000019,0.000022,0.000021
373.984000,0.000076,0.000026,0.000000,0.000006,0.000021,0.000023
374.012000,0.000076,0.000006,0.000000,0.000002,0.000049,0.000019
374.089000,0.000076,0.000019,0.000000,0.000025,0.000009,0.000024
374.146000,0.000076,0.000038,0.000001,0.000008,0.000001,0.000028
374.189000,0.000076,0.000058,0.000000,0.000001,0.000000,0.000017
374.336000,0.000076,0.000012,0.000000,0.000021,0.000033,0.000009
374.381000,0.000076,0.000018,0.000002,0.000001,0.000032,0.000023
374.406000,0.000076,0.000018,0.000003,0.000002,0.000030,0.000023
374.448000,0.000076,0.000004,0.000003,0.000004,0.000032,0.000032
374.469000,0.000076,0.000018,0.000003,0.000008,0.000034,0.000013
374.552000,0.000076,0.000014,0.000000,0.000021,0.000022,0.000018
374.580000,0.000076,0.000042,0.000000,0.000011,0.000011,0.000012
374.589000,0.000076,0.000057,0.000000,0.000009,0.000004,0.000006
374.598000,0.000076,0.000009,0.000000,0.000036,0.000026,0.000005
374.673000,0.000076,0.000017,0.000000,0.000004,0.000023,0.000033
374.687000,0.000076,0.000057,0.000000,0.000005,0.000008,0.000006
374.704000,0.000076,0.000020,0.000000,0.000018,0.000013,0.000026
374.738000,0.000076,0.000018,0.000002,0.000013,0.000022,0.000020
374.787000,0.000076,0.000058,0.000000,0.000010,0.000005,0.000003
374.790000,0.000076,0.000006,0.000005,0.000027,0.000028,0.000010
374.792000,0.000076,0.000045,0.000002,0.000008,0.000008,0.000013
374.861000,0.000076,0.000015,0.000000,0.000010,0.000001,0.000051
374.874000,0.000076,0.000061,0.000000,0.000011,0.000003,0.000001
374.929000,0.000076,0.000011,0.000000,0.000019,0.000037,0.000009
375.035000,0.000076,0.000038,0.000004,0.000009,0.000019,0.000006
375.167000,0.000076,0.000008,0.000000,0.000017,0.000045,0.000007
375.179000,0.000076,0.000030,0.000000,0.000004,0.000010,0.000033
375.201000,0.000076,0.000017,0.000001,0.000003,0.000033,0.000022
375.228000,0.000076,0.000004,0.000003,0.000014,0.000055,0.000000
375.237000,0.000076,0.000045,0.000004,0.000014,0.000001,0.000012
375.303000,0.000076,0.000014,0.000003,0.000013,0.000026,0.000020
375.370000,0.000076,0.000015,0.000002,0.000023,0.000028,0.000007
375.372000,0.000076,0.000066,0.000002,0.000004,0.000003,0.000002
375.392000,0.000076,0.000021,0.000002,0.000017,0.000003,0.000034
375.400000,0.000076,0.000022,0.000002,0.000008,0.000016,0.000028
375.469000,0.000076,0.000029,0.000000,0.000020,0.000018,0.000009
375.626000,0.000076,0.000014,0.000000,0.000003,0.000022,0.000037
375.823000,0.000076,0.000021,0.000000,0.000014,0.000012,0.000029
375.900000,0.000076,0.000027,0.000003,0.000013,0.000011,0.000023
375.971000,0.000076,0.000013,0.000000,0.000018,0.000032,0.000013
376.013000,0.000076,0.000030,0.000000,0.000036,0.000008,0.000002
376.015000,0.000076,0.000011,0.000000,0.000005,0.000025,0.000035
376.124000,0.000076,0.000034,0.000000,0.000004,0.000012,0.000025
376.148000,0.000076,0.000023,0.000001,0.000004,0.000038,0.000009
376.212000,0.000076,0.000045,0.000000,0.000015,0.000000,0.000016
376.243000,0.000076,0.000024,0.000000,0.000017,0.000010,0.000025
376.279000,0.000076,0.000027,0.000000,0.000041,0.000000,0.000008
376.297000,0.000076,0.000005,0.000003,0.000010,0.000046,0.000012
376.380000,0.000076,0.000012,0.000001,0.000025,0.000024,0.000015
376.408000,0.000076,0.000018,0.000002,0.000010,0.000014,0.000033
376.537000,0.000076,0.000023,0.000000,0.000013,0.000024,0.000015
376.575000,0.000076,0.000016,0.000002,0.000008,0.000027,0.000022
376.743000,0.000076,0.000015,0.000002,0.000004,0.000018,0.000037
376.910000,0.000076,0.000013,0.000000,0.000020,0.000020,0.000023
376.930000,0.000076,0.000034,0.000001,0.000002,0.000009,0.000030
376.944000,0.000076,0.000012,0.000000,0.000014,0.000025,0.000025
376.999000,0.000076,0.000037,0.000000,0.000008,0.000000,0.000031
377.034000,0.000076,0.000017,0.000001,0.000005,0.000024,0.000029
377.121000,0.000076,0.000010,0.000000,0.000001,0.000042,0.000023
377.126000,0.000076,0.000011,0.000000,0.000033,0.000018,0.000014
377.127000,0.000076,0.000016,0.000000,0.000003,0.000022,0.000035
377.214000,0.000076,0.000010,0.000001,0.000012,0.000042,0.000009
377.259000,0.000076,0.000044,0.000001,0.000009,0.000009,0.000013
377.270000,0.000076,0.000020,0.000001,0.000013,0.000013,0.000029
377.282000,0.000076,0.000015,0.000000,0.000028,0.000030,0.000003
377.342000,0.000076,0.000045,0.000000,0.000001,0.000000,0.000030
377.375000,0.000076,0.000027,0.000000,0.000003,0.000019,0.000027
377.389000,0.000076,0.000002,0.000005,0.000015,0.000053,0.000001
377.415000,0.000076,0.000019,0.000003,0.000023,0.000017,0.000014
377.482000,0.000076,0.000018,0.000000,0.000000,0.000056,0.000001
377.493000,0.000076,0.000014,0.000003,0.000018,0.000020,0.000021
377.547000,0.000076,0.000005,0.000000,0.000015,0.000045,0.000010
377.552000,0.000076,0.000058,0.000000,0.000010,0.000004,0.000004
377.616000,0.000076,0.000051,0.000000,0.000008,0.000001,0.000016
377.779000,0.000076,0.000017,0.000000,0.000011,0.000019,0.000030
377.840000,0.000076,0.000002,0.000001,0.000018,0.000044,0.000011
377.861000,0.000076,0.000038,0.000001,0.000011,0.000013,0.000013
377.876000,0.000076,0.000036,0.000002,0.000000,0.000022,0.000016
377.970000,0.000076,0.000010,0.000000,0.000002,0.000040,0.000024
378.014000,0.000076,0.000004,0.000003,0.000011,0.000054,0.000004
378.075000,0.000076,0.000020,0.000000,0.000017,0.000013,0.000026
378.082000,0.000076,0.000016,0.000005,0.000006,0.000016,0.000033
378.089000,0.000076,0.000009,0.000000,0.000002,0.000044,0.000021
378.136000,0.000076,0.000019,0.000003,0.000018,0.000013,0.000023
378.156000,0.000076,0.000054,0.000001,0.000000,0.000003,0.000017
378.163000,0.000076,0.000024,0.000002,0.000003,0.000022,0.000025
378.225000,0.000076,0.000047,0.000001,0.000001,0.000004,0.000023
378.266000,0.000076,0.000016,0.000000,0.000005,0.000026,0.000029
378.287000,0.000076,0.000057,0.000002,0.000002,0.000005,0.000011
378.391000,0.000076,0.000028,0.000004,0.000001,0.000020,0.000023
378.438000,0.000076,0.000008,0.000000,0.000000,0.000037,0.000030
378.536000,0.000076,0.000033,0.000001,0.000003,0.000007,0.000032
378.544000,0.000076,0.000023,0.000000,0.000014,0.000023,0.000016
378.603000,0.000076,0.000000,0.000000,0.000024,0.000029,0.000023
378.610000,0.000076,0.000014,0.000000,0.000005,0.000022,0.000035
378.641000,0.000076,0.000051,0.000000,0.000000,0.000002,0.000023
378.678000,0.000076,0.000018,0.000000,0.000006,0.000047,0.000005
378.713000,0.000076,0.000018,0.000002,0.000003,0.000030,0.000023
378.762000,0.000076,0.000017,0.000002,0.000025,0.000015,0.000017
378.860000,0.000076,0.000029,0.000000,0.000003,0.000042,0.000002
378.883000,0.000076,0.000028,0.000000,0.000002,0.000016,0.000031
378.910000,0.000076,0.000010,0.000000,0.000002,0.000043,0.000022
378.961000,0.000076,0.000004,0.000002,0.000001,0.000055,0.000013
379.001000,0.000076,0.000006,0.000002,0.000002,0.000032,0.000034
379.016000,0.000076,0.000022,0.000001,0.000015,0.000010,0.000028
379.025000,0.000076,0.000010,0.000003,0.000001,0.000035,0.000027
379.141000,0.000076,0.000031,0.000000,0.000005,0.000014,0.000026
379.170000,0.000076,0.000001,0.000001,0.000016,0.000053,0.000005
379.179000,0.000076,0.000038,0.000000,0.000025,0.000009,0.000004
379.188000,0.000076,0.000014,0.000000,0.000024,0.000030,0.000008
379.198000,0.000076,0.000019,0.000000,0.000006,0.000016,0.000034
379.290000,0.000076,0.000002,0.000000,0.000004,0.000050,0.000021
379.425000,0.000076,0.000047,0.000002,0.000000,0.000002,0.000026
379.440000,0.000076,0.000039,0.000000,0.000021,0.000007,0.000009
379.482000,0.000076,0.000007,0.000000,0.000022,0.000038,0.000009
379.497000,0.000076,0.000031,0.000000,0.000004,0.000030,0.000012
379.506000,0.000076,0.000025,0.000002,0.000012,0.000013,0.000025
379.586000,0.000076,0.000004,0.000000,0.000016,0.000028,0.000028
379.685000,0.000076,0.000018,0.000000,0.000012,0.000038,0.000008
379.795000,0.000076,0.000013,0.000000,0.000005,0.000031,0.000027
379.807000,0.000152,0.000037,0.000001,0.000027,0.000029,0.000059
379.870000,0.000076,0.000064,0.000003,0.000002,0.000006,0.000000
379.913000,0.000076,0.000048,0.000000,0.000006,0.000017,0.000005
379.927000,0.000076,0.000035,0.000000,0.000018,0.000006,0.000017
379.936000,0.000076,0.000020,0.000000,0.000007,0.000016,0.000033
380.010000,0.000076,0.000039,0.000006,0.000003,0.000002,0.000026
380.054000,0.000076,0.000012,0.000003,0.000023,0.000023,0.000014
380.135000,0.000076,0.000033,0.000001,0.000006,0.000014,0.000023
380.215000,0.000076,0.000015,0.000000,0.000002,0.000021,0.000038
380.225000,0.000076,0.000032,0.000000,0.000001,0.000002,0.000041
380.309000,0.000076,0.000007,0.000000,0.000021,0.000038,0.000010
380.405000,0.000076,0.000037,0.000001,0.000021,0.000006,0.000010
380.444000,0.000076,0.000016,0.000000,0.000006,0.000025,0.000028
380.445000,0.000076,0.000047,0.000001,0.000010,0.000005,0.000014
380.569000,0.000076,0.000035,0.000002,0.000017,0.000005,0.000017
380.577000,0.000076,0.000046,0.000004,0.000014,0.000002,0.000010
380.603000,0.000076,0.000050,0.000002,0.000009,0.000000,0.000016
380.605000,0.000076,0.000047,0.000000,0.000000,0.000001,0.000028
380.661000,0.000076,0.000063,0.000000,0.000002,0.000003,0.000008
380.663000,0.000076,0.000024,0.000001,0.000000,0.000037,0.000014
380.723000,0.000076,0.000017,0.000000,0.000009,0.000017,0.000033
380.737000,0.000076,0.000010,0.000002,0.000035,0.000025,0.000005
380.777000,0.000076,0.000005,0.000000,0.000025,0.000029,0.000016
380.807000,0.000076,0.000064,0.000000,0.000000,0.000002,0.000009
380.861000,0.000076,0.000049,0.000000,0.000000,0.000004,0.000023
380.866000,0.000076,0.000035,0.000000,0.000015,0.000017,0.000009
380.920000,0.000076,0.000006,0.000001,0.000013,0.000039,0.000016
381.120000,0.000076,0.000010,0.000000,0.000011,0.000051,0.000004
381.124000,0.000076,0.000014,0.000000,0.000010,0.000038,0.000014
381.174000,0.000076,0.000012,0.000003,0.000018,0.000038,0.000004
381.176000,0.000076,0.000038,0.000000,0.000004,0.000003,0.000032
381.285000,0.000076,0.000028,0.000005,0.000001,0.000039,0.000002
381.340000,0.000076,0.000008,0.000002,0.000011,0.000014,0.000040
381.413000,0.000076,0.000024,0.000000,0.000033,0.000006,0.000013
381.416000,0.000076,0.000028,0.000000,0.000007,0.000012,0.000028
381.548000,0.000076,0.000017,0.000000,0.000024,0.000021,0.000014
381.561000,0.000076,0.000015,0.000003,0.000008,0.000027,0.000022
381.606000,0.000076,0.000026,0.000000,0.000001,0.000038,0.000012
381.620000,0.000076,0.000056,0.000003,0.000005,0.000006,0.000007
381.636000,0.000076,0.000000,0.000000,0.000014,0.000057,0.000005
381.697000,0.000076,0.000035,0.000000,0.000026,0.000007,0.000008
381.715000,0.000076,0.000041,0.000001,0.000000,0.000004,0.000030
381.719000,0.000076,0.000007,0.000000,0.000002,0.000029,0.000037
381.773000,0.000076,0.000044,0.000000,0.000013,0.000007,0.000012
381.775000,0.000076,0.000036,0.000002,0.000026,0.000005,0.000007
381.822000,0.000076,0.000031,0.000001,0.000006,0.000004,0.000035
381.834000,0.000076,0.000026,0.000001,0.000005,0.000020,0.000023
381.848000,0.000076,0.000023,0.000002,0.000003,0.000024,0.000025
381.867000,0.000076,0.000059,0.000000,0.000004,0.000008,0.000006
381.875000,0.000076,0.000030,0.000000,0.000002,0.000041,0.000003
381.929000,0.000076,0.000002,0.000000,0.000030,0.000031,0.000013
381.949000,0.000076,0.000011,0.000005,0.000022,0.000032,0.000005
382.043000,0.000076,0.000018,0.000002,0.000022,0.000023,0.000012
382.130000,0.000076,0.000017,0.000001,0.000019,0.000031,0.000009
382.172000,0.000076,0.000020,0.000000,0.000017,0.000003,0.000036
382.202000,0.000076,0.000059,0.000000,0.000003,0.000002,0.000012
382.373000,0.000076,0.000009,0.000000,0.000015,0.000042,0.000009
382.398000,0.000076,0.000026,0.000000,0.000014,0.000007,0.000029
382.513000,0.000076,0.000052,0.000000,0.000001,0.000007,0.000016
382.584000,0.000076,0.000030,0.000000,0.000008,0.000009,0.000029
382.719000,0.000076,0.000000,0.000003,0.000010,0.000055,0.000008
382.720000,0.000076,0.000002,0.000000,0.000016,0.000052,0.000006
382.736000,0.000076,0.000017,0.000000,0.000009,0.000042,0.000007
382.747000,0.000076,0.000012,0.000002,0.000013,0.000035,0.000014
382.750000,0.000076,0.000061,0.000000,0.000011,0.000002,0.000002
382.770000,0.000076,0.000047,0.000001,0.000000,0.000003,0.000025
382.789000,0.000076,0.000024,0.000001,0.000004,0.000009,0.000037
382.826000,0.000076,0.000024,0.000002,0.000016,0.000018,0.000017
382.913000,0.000076,0.000022,0.000002,0.000020,0.000007,0.000025
382.995000,0.000076,0.000020,0.000000,0.000017,0.000018,0.000020
383.000000,0.000076,0.000056,0.000000,0.000008,0.000007,0.000005
383.003000,0.000076,0.000033,0.000000,0.000019,0.000008,0.000016
383.017000,0.000076,0.000005,0.000004,0.000013,0.000041,0.000013
383.034000,0.000076,0.000011,0.000001,0.000031,0.000018,0.000015
383.043000,0.000076,0.000065,0.000002,0.000004,0.000000,0.000005
383.077000,0.000076,0.000024,0.000000,0.000015,0.000011,0.000026
383.243000,0.000076,0.000005,0.000000,0.000013,0.000050,0.000009
383.308000,0.000076,0.000016,0.000001,0.000018,0.000022,0.000020
383.478000,0.000076,0.000018,0.000000,0.000004,0.000027,0.000027
383.583000,0.000076,0.000014,0.000000,0.000015,0.000039,0.000008
383.707000,0.000076,0.000025,0.000000,0.000013,0.000008,0.000029
383.743000,0.000076,0.000039,0.000000,0.000003,0.000005,0.000029
383.750000,0.000076,0.000009,0.000000,0.000001,0.000042,0.000022
383.775000,0.000076,0.000014,0.000000,0.000018,0.000023,0.000021
383.822000,0.000076,0.000017,0.000000,0.000024,0.000017,0.000017
383.860000,0.000076,0.000056,0.000000,0.000007,0.000008,0.000005
383.885000,0.000076,0.000026,0.000001,0.000014,0.000007,0.000028
383.891000,0.000076,0.000016,0.000000,0.000011,0.000045,0.000003
383.929000,0.000076,0.000052,0.000000,0.000019,0.000001,0.000004
383.930000,0.000076,0.000035,0.000001,0.000000,0.000039,0.000000
383.952000,0.000076,0.000033,0.000000,0.000019,0.000008,0.000016
383.974000,0.000076,0.000037,0.000003,0.000004,0.000019,0.000013
383.978000,0.000076,0.000029,0.000000,0.000002,0.000015,0.000031
383.992000,0.000076,0.000012,0.000000,0.000004,0.000039,0.000022
384.037000,0.000076,0.000055,0.000002,0.000006,0.000004,0.000009
384.086000,0.000076,0.000005,0.000000,0.000011,0.000056,0.000003
384.140000,0.000076,0.000037,0.000003,0.000004,0.000022,0.000011
384.143000,0.000076,0.000057,0.000000,0.000009,0.000004,0.000006
384.144000,0.000076,0.000033,0.000000,0.000000,0.000026,0.000017
384.182000,0.000076,0.000052,0.000001,0.000000,0.000010,0.000013
384.261000,0.000076,0.000003,0.000001,0.000013,0.000049,0.000011
384.313000,0.000076,0.000006,0.000000,0.000021,0.000037,0.000012
384.370000,0.000076,0.000015,0.000000,0.000007,0.000025,0.000029
384.461000,0.000076,0.000025,0.000000,0.000006,0.000019,0.000026
384.511000,0.000076,0.000012,0.000000,0.000014,0.000001,0.000049
384.623000,0.000076,0.000030,0.000000,0.000028,0.000013,0.000005
384.754000,0.000076,0.000019,0.000000,0.000013,0.000027,0.000017
384.775000,0.000076,0.000031,0.000003,0.000000,0.000007,0.000035
384.868000,0.000076,0.000028,0.000000,0.000028,0.000014,0.000006
384.888000,0.000076,0.000064,0.000000,0.000004,0.000007,0.000002
384.903000,0.000076,0.000013,0.000004,0.000024,0.000025,0.000010
384.905000,0.000076,0.000027,0.000002,0.000000,0.000044,0.000003
384.947000,0.000076,0.000011,0.000000,0.000026,0.000028,0.000012
384.949000,0.000076,0.000035,0.000001,0.000019,0.000006,0.000015
384.974000,0.000076,0.000039,0.000000,0.000003,0.000004,0.000029
385.264000,0.000076,0.000018,0.000000,0.000006,0.000025,0.000027
385.280000,0.000076,0.000009,0.000000,0.000000,0.000048,0.000020
385.311000,0.000076,0.000019,0.000001,0.000013,0.000027,0.000017
385.323000,0.000076,0.000019,0.000002,0.000001,0.000015,0.000039
385.362000,0.000076,0.000006,0.000002,0.000028,0.000034,0.000006
385.383000,0.000076,0.000008,0.000000,0.000005,0.000046,0.000016
385.432000,0.000076,0.000029,0.000000,0.000003,0.000017,0.000026
385.484000,0.000076,0.000006,0.000000,0.000026,0.000029,0.000015
385.490000,0.000076,0.000014,0.000001,0.000006,0.000016,0.000040
385.529000,0.000076,0.000033,0.000000,0.000004,0.000026,0.000013
385.602000,0.000076,0.000022,0.000000,0.000012,0.000021,0.000022
385.718000,0.000076,0.000024,0.000001,0.000019,0.000012,0.000020
385.846000,0.000076,0.000013,0.000002,0.000005,0.000049,0.000008
385.881000,0.000076,0.000014,0.000000,0.000005,0.000021,0.000036
385.929000,0.000076,0.000036,0.000003,0.000018,0.000004,0.000014
385.940000,0.000076,0.000059,0.000001,0.000002,0.000007,0.000007
386.052000,0.000076,0.000023,0.000000,0.000017,0.000008,0.000028
386.092000,0.000076,0.000057,0.000000,0.000003,0.000002,0.000014
386.141000,0.000076,0.000020,0.000000,0.000012,0.000026,0.000018
386.184000,0.000076,0.000041,0.000002,0.000000,0.000005,0.000028
386.230000,0.000076,0.000012,0.000000,0.000005,0.000026,0.000033
386.240000,0.000076,0.000028,0.000001,0.000005,0.000029,0.000013
386.267000,0.000076,0.000035,0.000000,0.000002,0.000009,0.000030
386.284000,0.000076,0.000026,0.000002,0.000001,0.000028,0.000019
386.398000,0.000152,0.000021,0.000001,0.000009,0.000075,0.000046
386.405000,0.000076,0.000031,0.000001,0.000001,0.000003,0.000040
386.429000,0.000076,0.000023,0.000001,0.000011,0.000024,0.000018
386.439000,0.000076,0.000002,0.000000,0.000016,0.000053,0.000006
386.474000,0.000076,0.000064,0.000000,0.000002,0.000006,0.000004
386.477000,0.000076,0.000032,0.000003,0.000006,0.000009,0.000026
386.522000,0.000076,0.000064,0.000000,0.000000,0.000010,0.000002
386.662000,0.000076,0.000023,0.000000,0.000017,0.000018,0.000018
386.729000,0.000076,0.000012,0.000003,0.000000,0.000038,0.000024
386.767000,0.000076,0.000000,0.000001,0.000016,0.000047,0.000012
386.833000,0.000076,0.000009,0.000000,0.000012,0.000042,0.000013
386.886000,0.000076,0.000060,0.000000,0.000011,0.000001,0.000003
386.889000,0.000076,0.000022,0.000000,0.000039,0.000009,0.000006
386.904000,0.000076,0.000022,0.000000,0.000018,0.000004,0.000032
386.946000,0.000076,0.000012,0.000001,0.000005,0.000026,0.000033
386.980000,0.000076,0.000053,0.000006,0.000008,0.000000,0.000009
387.145000,0.000076,0.000057,0.000000,0.000004,0.000002,0.000012
387.159000,0.000076,0.000016,0.000009,0.000005,0.000029,0.000017
387.171000,0.000076,0.000033,0.000002,0.000007,0.000002,0.000032
387.221000,0.000076,0.000014,0.000000,0.000034,0.000018,0.000010
387.275000,0.000076,0.000033,0.000001,0.000000,0.000027,0.000015
387.329000,0.000076,0.000064,0.000000,0.000000,0.000008,0.000005
387.365000,0.000076,0.000009,0.000000,0.000018,0.000044,0.000005
387.445000,0.000076,0.000024,0.000000,0.000016,0.000019,0.000017
387.524000,0.000076,0.000022,0.000002,0.000041,0.000009,0.000002
387.525000,0.000076,0.000014,0.000003,0.000000,0.000043,0.000016
387.528000,0.000076,0.000013,0.000001,0.000010,0.000021,0.000030
387.576000,0.000076,0.000018,0.000003,0.000000,0.000028,0.000027
387.670000,0.000076,0.000006,0.000000,0.000002,0.000048,0.000020
387.712000,0.000076,0.000039,0.000002,0.000011,0.000011,0.000014
387.713000,0.000076,0.000013,0.000000,0.000007,0.000020,0.000035
387.730000,0.000076,0.000017,0.000000,0.000007,0.000046,0.000005
387.796000,0.000076,0.000067,0.000000,0.000002,0.000005,0.000002
387.799000,0.000076,0.000021,0.000002,0.000002,0.000024,0.000027
387.809000,0.000076,0.000041,0.000000,0.000001,0.000001,0.000034
387.817000,0.000076,0.000056,0.000001,0.000004,0.000009,0.000005
387.824000,0.000076,0.000039,0.000000,0.000019,0.000008,0.000009
387.847000,0.000076,0.000032,0.000000,0.000000,0.000000,0.000044
387.902000,0.000076,0.000012,0.000000,0.000020,0.000036,0.000008
387.973000,0.000076,0.000015,0.000000,0.000003,0.000024,0.000034
388.018000,0.000076,0.000022,0.000002,0.000040,0.000009,0.000004
388.181000,0.000076,0.000008,0.000001,0.000000,0.000035,0.000032
388.228000,0.000076,0.000049,0.000002,0.000012,0.000007,0.000006
388.475000,0.000076,0.000056,0.000002,0.000000,0.000000,0.000018
388.709000,0.000076,0.000011,0.000000,0.000026,0.000036,0.000003
388.711000,0.000076,0.000061,0.000003,0.000001,0.000006,0.000006
388.718000,0.000076,0.000047,0.000002,0.000003,0.000008,0.000017
388.740000,0.000076,0.000018,0.000000,0.000002,0.000028,0.000028
388.749000,0.000076,0.000008,0.000005,0.000000,0.000042,0.000021
388.772000,0.000076,0.000029,0.000000,0.000007,0.000001,0.000039
388.779000,0.000076,0.000004,0.000001,0.000011,0.000055,0.000005
388.889000,0.000076,0.000054,0.000003,0.000008,0.000007,0.000004
388.986000,0.000076,0.000014,0.000000,0.000015,0.000038,0.000009
389.001000,0.000076,0.000021,0.000000,0.000004,0.000022,0.000029
389.030000,0.000076,0.000056,0.000001,0.000004,0.000004,0.000011
389.169000,0.000076,0.000012,0.000000,0.000010,0.000025,0.000029
389.173000,0.000076,0.000013,0.000000,0.000013,0.000039,0.000010
389.218000,0.000076,0.000006,0.000000,0.000002,0.000051,0.000016
389.240000,0.000076,0.000026,0.000001,0.000003,0.000039,0.000006
389.306000,0.000076,0.000009,0.000000,0.000000,0.000040,0.000027
389.336000,0.000076,0.000011,0.000001,0.000016,0.000046,0.000001
389.382000,0.000076,0.000033,0.000000,0.000000,0.000027,0.000017
389.556000,0.000076,0.000043,0.000002,0.000014,0.000013,0.000004
389.576000,0.000076,0.000018,0.000000,0.000007,0.000047,0.000004
389.577000,0.000076,0.000035,0.000001,0.000017,0.000012,0.000011
389.615000,0.000076,0.000012,0.000000,0.000012,0.000040,0.000012
389.624000,0.000076,0.000017,0.000001,0.000011,0.000025,0.000021
389.889000,0.000076,0.000027,0.000000,0.000003,0.000000,0.000045
389.937000,0.000076,0.000017,0.000000,0.000004,0.000031,0.000024
389.965000,0.000076,0.000015,0.000000,0.000026,0.000016,0.000019
390.046000,0.000076,0.000002,0.000000,0.000004,0.000047,0.000022
390.077000,0.000076,0.000015,0.000000,0.000009,0.000050,0.000003
390.149000,0.000076,0.000002,0.000000,0.000017,0.000045,0.000011
390.153000,0.000076,0.000020,0.000002,0.000000,0.000051,0.000002
390.155000,0.000076,0.000025,0.000000,0.000013,0.000009,0.000029
390.189000,0.000076,0.000004,0.000005,0.000007,0.000032,0.000028
390.193000,0.000076,0.000038,0.000000,0.000015,0.000017,0.000006
390.223000,0.000076,0.000028,0.000001,0.000002,0.000013,0.000032
390.260000,0.000076,0.000057,0.000002,0.000010,0.000007,0.000000
390.290000,0.000076,0.000034,0.000000,0.000000,0.000010,0.000032
390.381000,0.000076,0.000064,0.000002,0.000004,0.000005,0.000001
390.389000,0.000076,0.000033,0.000000,0.000019,0.000012,0.000012
390.406000,0.000076,0.000033,0.000001,0.000004,0.000005,0.000033
390.417000,0.000076,0.000037,0.000002,0.000015,0.000014,0.000008
390.441000,0.000076,0.000035,0.000000,0.000000,0.000009,0.000032
390.448000,0.000076,0.000012,0.000000,0.000007,0.000023,0.000034
390.455000,0.000076,0.000019,0.000001,0.000036,0.000008,0.000011
390.524000,0.000076,0.000012,0.000000,0.000015,0.000046,0.000002
390.591000,0.000076,0.000008,0.000000,0.000002,0.000045,0.000022
390.770000,0.000076,0.000004,0.000000,0.000014,0.000046,0.000013
390.788000,0.000076,0.000010,0.000000,0.000030,0.000033,0.000003
390.832000,0.000076,0.000037,0.000000,0.000001,0.000004,0.000035
390.993000,0.000076,0.000004,0.000000,0.000005,0.000035,0.000032
391.006000,0.000076,0.000004,0.000000,0.000004,0.000048,0.000020
391.061000,0.000076,0.000062,0.000000,0.000000,0.000009,0.000005
391.072000,0.000076,0.000052,0.000000,0.000003,0.000002,0.000019
391.113000,0.000076,0.000046,0.000001,0.000000,0.000004,0.000024
391.157000,0.000076,0.000035,0.000000,0.000031,0.000008,0.000002
391.188000,0.000076,0.000010,0.000000,0.000016,0.000047,0.000003
391.222000,0.000076,0.000007,0.000001,0.000010,0.000047,0.000011
391.255000,0.000076,0.000031,0.000000,0.000002,0.000038,0.000005
391.256000,0.000076,0.000044,0.000000,0.000000,0.000014,0.000019
391.268000,0.000076,0.000016,0.000001,0.000005,0.000025,0.000028
391.387000,0.000076,0.000021,0.000002,0.000010,0.000025,0.000018
391.430000,0.000076,0.000024,0.000000,0.000015,0.000011,0.000027
391.496000,0.000076,0.000053,0.000002,0.000011,0.000009,0.000001
391.509000,0.000076,0.000036,0.000000,0.000017,0.000010,0.000013
391.537000,0.000076,0.000026,0.000000,0.000004,0.000015,0.000032
391.694000,0.000076,0.000018,0.000000,0.000019,0.000018,0.000020
391.698000,0.000076,0.000020,0.000001,0.000000,0.000023,0.000032
391.735000,0.000076,0.000050,0.000000,0.000001,0.000001,0.000024
391.781000,0.000076,0.000030,0.000002,0.000003,0.000036,0.000005
391.853000,0.000076,0.000032,0.000000,0.000027,0.000007,0.000011
391.945000,0.000076,0.000049,0.000001,0.000009,0.000010,0.000007
391.959000,0.000076,0.000012,0.000000,0.000013,0.000049,0.000002
391.970000,0.000076,0.000039,0.000000,0.000008,0.000010,0.000020
392.068000,0.000076,0.000035,0.000002,0.000027,0.000000,0.000011
392.070000,0.000076,0.000023,0.000000,0.000009,0.000017,0.000027
392.091000,0.000076,0.000013,0.000000,0.000014,0.000039,0.000011
392.114000,0.000076,0.000037,0.000002,0.000004,0.000021,0.000013
392.166000,0.000076,0.000019,0.000002,0.000006,0.000021,0.000027
392.292000,0.000076,0.000034,0.000000,0.000017,0.000013,0.000011
392.299000,0.000076,0.000036,0.000001,0.000018,0.000016,0.000005
392.320000,0.000076,0.000032,0.000000,0.000002,0.000015,0.000028
392.334000,0.000076,0.000062,0.000001,0.000000,0.000005,0.000009
392.410000,0.000076,0.000033,0.000006,0.000003,0.000021,0.000013
392.427000,0.000076,0.000049,0.000002,0.000000,0.000008,0.000017
392.429000,0.000076,0.000026,0.000002,0.000003,0.000000,0.000045
392.503000,0.000076,0.000034,0.000000,0.000028,0.000008,0.000006
392.527000,0.000076,0.000035,0.000000,0.000016,0.000011,0.000014
392.530000,0.000076,0.000069,0.000000,0.000000,0.000002,0.000005
392.599000,0.000076,0.000032,0.000000,0.000009,0.000018,0.000017
392.753000,0.000076,0.000032,0.000003,0.000016,0.000002,0.000023
392.783000,0.000076,0.000035,0.000000,0.000012,0.000002,0.000027
392.809000,0.000076,0.000027,0.000002,0.000001,0.000015,0.000031
392.814000,0.000076,0.000050,0.000000,0.000013,0.000013,0.000000
392.890000,0.000076,0.000054,0.000004,0.000011,0.000007,0.000000
392.933000,0.000076,0.000061,0.000000,0.000004,0.000006,0.000004
392.943000,0.000076,0.000039,0.000000,0.000013,0.000010,0.000014
392.998000,0.000076,0.000013,0.000001,0.000015,0.000036,0.000011
393.052000,0.000076,0.000013,0.000000,0.000006,0.000017,0.000041
393.068000,0.000076,0.000025,0.000002,0.000011,0.000015,0.000024
393.085000,0.000076,0.000034,0.000000,0.000008,0.000018,0.000016
393.105000,0.000076,0.000010,0.000005,0.000018,0.000037,0.000007
393.111000,0.000076,0.000038,0.000001,0.000016,0.000012,0.000010
393.194000,0.000076,0.000004,0.000000,0.000015,0.000049,0.000008
393.245000,0.000076,0.000032,0.000001,0.000004,0.000003,0.000036
393.286000,0.000076,0.000002,0.000002,0.000011,0.000054,0.000007
393.432000,0.000076,0.000050,0.000001,0.000003,0.000008,0.000014
393.433000,0.000076,0.000011,0.000000,0.000015,0.000039,0.000011
393.461000,0.000076,0.000022,0.000000,0.000005,0.000048,0.000001
393.541000,0.000076,0.000028,0.000002,0.000006,0.000015,0.000025
393.651000,0.000076,0.000035,0.000001,0.000031,0.000009,0.000000
393.722000,0.000076,0.000038,0.000001,0.000025,0.000006,0.000007
393.888000,0.000076,0.000016,0.000003,0.000004,0.000031,0.000022
393.926000,0.000076,0.000013,0.000001,0.000017,0.000035,0.000010
393.959000,0.000076,0.000017,0.000007,0.000025,0.000021,0.000006
393.984000,0.000076,0.000028,0.000001,0.000018,0.000015,0.000015
394.004000,0.000076,0.000035,0.000000,0.000000,0.000007,0.000034
394.067000,0.000076,0.000065,0.000003,0.000001,0.000006,0.000002
394.081000,0.000076,0.000013,0.000000,0.000000,0.000039,0.000024
394.176000,0.000076,0.000025,0.000000,0.000014,0.000017,0.000020
394.182000,0.000076,0.000034,0.000004,0.000006,0.000005,0.000027
394.183000,0.000076,0.000056,0.000000,0.000005,0.000000,0.000016
394.264000,0.000076,0.000020,0.000000,0.000000,0.000025,0.000031
394.385000,0.000076,0.000011,0.000000,0.000000,0.000048,0.000017
394.419000,0.000076,0.000018,0.000000,0.000004,0.000018,0.000035
394.426000,0.000076,0.000037,0.000000,0.000018,0.000004,0.000017
394.495000,0.000076,0.000057,0.000000,0.000012,0.000000,0.000007
394.527000,0.000076,0.000012,0.000005,0.000019,0.000034,0.000007
394.577000,0.000076,0.000026,0.000000,0.000006,0.000000,0.000044
394.606000,0.000076,0.000044,0.000000,0.000000,0.000014,0.000018
394.660000,0.000076,0.000014,0.000000,0.000006,0.000016,0.000040
394.754000,0.000076,0.000016,0.000000,0.000021,0.000031,0.000008
394.775000,0.000076,0.000024,0.000000,0.000023,0.000012,0.000018
394.898000,0.000076,0.000055,0.000001,0.000007,0.000001,0.000012
394.905000,0.000076,0.000028,0.000000,0.000007,0.000014,0.000027
394.909000,0.000076,0.000005,0.000000,0.000014,0.000031,0.000026
394.930000,0.000076,0.000040,0.000000,0.000012,0.000009,0.000015
394.978000,0.000076,0.000031,0.000000,0.000002,0.000015,0.000027
394.981000,0.000076,0.000021,0.000001,0.000015,0.000033,0.000005
395.006000,0.000152,0.000035,0.000000,0.000024,0.000063,0.000031
395.114000,0.000076,0.000007,0.000003,0.000000,0.000050,0.000016
395.248000,0.000076,0.000017,0.000001,0.000001,0.000031,0.000026
395.280000,0.000076,0.000012,0.000000,0.000014,0.000046,0.000004
395.318000,0.000076,0.000039,0.000000,0.000014,0.000008,0.000015
395.333000,0.000076,0.000047,0.000001,0.000015,0.000007,0.000007
395.351000,0.000076,0.000020,0.000000,0.000022,0.000007,0.000027
395.392000,0.000076,0.000042,0.000000,0.000010,0.000006,0.000018
395.403000,0.000076,0.000021,0.000000,0.000009,0.000043,0.000002
395.433000,0.000076,0.000021,0.000000,0.000015,0.000021,0.000018
395.544000,0.000076,0.000029,0.000000,0.000005,0.000020,0.000022
395.551000,0.000076,0.000050,0.000000,0.000014,0.000012,0.000000
395.572000,0.000076,0.000028,0.000000,0.000002,0.000001,0.000044
395.578000,0.000076,0.000061,0.000000,0.000001,0.000010,0.000004
395.620000,0.000076,0.000054,0.000000,0.000001,0.000001,0.000019
395.623000,0.000152,0.000037,0.000000,0.000035,0.000045,0.000035
395.641000,0.000076,0.000016,0.000000,0.000007,0.000026,0.000027
395.656000,0.000076,0.000032,0.000001,0.000005,0.000018,0.000019
395.712000,0.000076,0.000015,0.000000,0.000014,0.000019,0.000028
395.833000,0.000076,0.000031,0.000000,0.000000,0.000005,0.000040
395.879000,0.000076,0.000014,0.000006,0.000021,0.000018,0.000017
396.000000,0.000076,0.000008,0.000000,0.000003,0.000047,0.000018
396.011000,0.000076,0.000028,0.000000,0.000006,0.000003,0.000039
396.079000,0.000076,0.000014,0.000002,0.000029,0.000015,0.000017
396.087000,0.000152,0.000053,0.000001,0.000033,0.000025,0.000041
396.106000,0.000076,0.000041,0.000000,0.000010,0.000007,0.000018
396.170000,0.000076,0.000047,0.000001,0.000003,0.000002,0.000023
396.223000,0.000076,0.000023,0.000000,0.000018,0.000016,0.000019
396.227000,0.000076,0.000003,0.000000,0.000029,0.000030,0.000015
396.375000,0.000076,0.000017,0.000000,0.000002,0.000050,0.000008
396.400000,0.000076,0.000025,0.000000,0.000013,0.000006,0.000031
396.471000,0.000076,0.000015,0.000000,0.000004,0.000019,0.000038
396.495000,0.000076,0.000031,0.000000,0.000005,0.000001,0.000039
396.509000,0.000076,0.000061,0.000001,0.000002,0.000004,0.000008
396.510000,0.000076,0.000008,0.000000,0.000011,0.000029,0.000029
396.581000,0.000076,0.000022,0.000001,0.000002,0.000049,0.000002
396.679000,0.000076,0.000018,0.000000,0.000003,0.000030,0.000026
396.808000,0.000076,0.000009,0.000001,0.000002,0.000035,0.000030
396.837000,0.000076,0.000026,0.000000,0.000011,0.000010,0.000029
396.900000,0.000076,0.000021,0.000007,0.000007,0.000013,0.000028
396.963000,0.000076,0.000031,0.000000,0.000004,0.000011,0.000030
397.020000,0.000076,0.000021,0.000002,0.000013,0.000034,0.000006
397.034000,0.000076,0.000024,0.000002,0.000038,0.000008,0.000004
397.177000,0.000076,0.000005,0.000000,0.000019,0.000028,0.000024
397.255000,0.000076,0.000030,0.000000,0.000008,0.000011,0.000027
397.281000,0.000076,0.000054,0.000000,0.000007,0.000009,0.000007
397.301000,0.000076,0.000014,0.000000,0.000027,0.000015,0.000020
397.308000,0.000076,0.000028,0.000000,0.000000,0.000017,0.000031
397.326000,0.000076,0.000021,0.000000,0.000000,0.000023,0.000031
397.449000,0.000076,0.000035,0.000000,0.000003,0.000004,0.000034
397.478000,0.000076,0.000028,0.000000,0.000004,0.000036,0.000008
397.534000,0.000076,0.000023,0.000001,0.000008,0.000035,0.000009
397.605000,0.000076,0.000010,0.000002,0.000006,0.000051,0.000008
397.662000,0.000076,0.000027,0.000001,0.000011,0.000010,0.000027
397.702000,0.000076,0.000004,0.000002,0.000017,0.000031,0.000023
397.730000,0.000076,0.000025,0.000000,0.000011,0.000015,0.000025
397.761000,0.000076,0.000020,0.000001,0.000018,0.000006,0.000031
397.798000,0.000076,0.000012,0.000000,0.000014,0.000038,0.000012
397.807000,0.000076,0.000046,0.000000,0.000001,0.000015,0.000013
397.820000,0.000152,0.000095,0.000001,0.000027,0.000014,0.000014
397.831000,0.000076,0.000016,0.000000,0.000007,0.000025,0.000028
397.904000,0.000076,0.000030,0.000000,0.000005,0.000035,0.000006
397.929000,0.000076,0.000029,0.000003,0.000000,0.000015,0.000029
397.956000,0.000076,0.000017,0.000000,0.000019,0.000030,0.000011
397.991000,0.000076,0.000047,0.000000,0.000000,0.000004,0.000025
398.028000,0.000076,0.000034,0.000001,0.000014,0.000010,0.000016
398.060000,0.000076,0.000009,0.000002,0.000010,0.000027,0.000028
398.123000,0.000076,0.000014,0.000000,0.000003,0.000040,0.000019
398.171000,0.000076,0.000030,0.000001,0.000029,0.000006,0.000009
398.217000,0.000076,0.000007,0.000002,0.000002,0.000044,0.000021
398.352000,0.000076,0.000026,0.000000,0.000001,0.000031,0.000018
398.364000,0.000076,0.000004,0.000000,0.000014,0.000028,0.000031
398.402000,0.000076,0.000062,0.000000,0.000001,0.000007,0.000006
398.450000,0.000076,0.000032,0.000002,0.000004,0.000004,0.000034
398.451000,0.000076,0.000028,0.000000,0.000008,0.000015,0.000025
398.457000,0.000076,0.000034,0.000002,0.000008,0.000021,0.000012
398.492000,0.000076,0.000012,0.000002,0.000001,0.000045,0.000017
398.509000,0.000076,0.000035,0.000002,0.000021,0.000012,0.000006
398.521000,0.000076,0.000009,0.000000,0.000016,0.000039,0.000012
398.600000,0.000076,0.000008,0.000000,0.000001,0.000035,0.000033
398.690000,0.000076,0.000064,0.000001,0.000006,0.000000,0.000004
398.701000,0.000076,0.000025,0.000002,0.000001,0.000031,0.000018
398.772000,0.000076,0.000036,0.000001,0.000000,0.000005,0.000035
398.902000,0.000076,0.000018,0.000004,0.000001,0.000028,0.000024
398.904000,0.000076,0.000029,0.000000,0.000000,0.000008,0.000039
399.003000,0.000076,0.000002,0.000002,0.000008,0.000038,0.000026
399.006000,0.000076,0.000028,0.000001,0.000000,0.000013,0.000034
399.055000,0.000076,0.000024,0.000000,0.000010,0.000033,0.000009
399.107000,0.000076,0.000005,0.000003,0.000003,0.000035,0.000030
399.121000,0.000076,0.000004,0.000001,0.000012,0.000051,0.000008
399.133000,0.000076,0.000041,0.000000,0.000007,0.000019,0.000009
399.244000,0.000076,0.000026,0.000000,0.000012,0.000009,0.000028
399.326000,0.000076,0.000008,0.000001,0.000019,0.000037,0.000012
399.398000,0.000076,0.000034,0.000000,0.000004,0.000004,0.000034
399.412000,0.000076,0.000034,0.000000,0.000031,0.000009,0.000002
399.431000,0.000076,0.000025,0.000001,0.000031,0.000015,0.000005
399.435000,0.000076,0.000025,0.000000,0.000001,0.000010,0.000041
399.591000,0.000076,0.000009,0.000001,0.000016,0.000030,0.000019
399.641000,0.000076,0.000032,0.000000,0.000003,0.000006,0.000035
399.655000,0.000076,0.000031,0.000002,0.000004,0.000008,0.000032
399.716000,0.000076,0.000008,0.000005,0.000005,0.000041,0.000017
399.781000,0.000076,0.000016,0.000000,0.000005,0.000027,0.000028
399.789000,0.000076,0.000018,0.000000,0.000000,0.000030,0.000028
399.847000,0.000076,0.000007,0.000000,0.000003,0.000045,0.000021
399.851000,0.000076,0.000010,0.000000,0.000014,0.000035,0.000017
399.895000,0.000076,0.000034,0.000004,0.000006,0.000004,0.000029
399.922000,0.000076,0.000008,0.000000,0.000000,0.000046,0.000022
399.995000,0.000076,0.000034,0.000000,0.000016,0.000013,0.000013
400.048000,0.000076,0.000037,0.000000,0.000015,0.000009,0.000015
400.077000,0.000076,0.000015,0.000000,0.000011,0.000043,0.000007
400.125000,0.000076,0.000032,0.000000,0.000009,0.000017,0.000018
400.135000,0.000076,0.000022,0.000000,0.000015,0.000009,0.000030
400.148000,0.000076,0.000006,0.000000,0.000001,0.000036,0.000034
400.164000,0.000076,0.000040,0.000002,0.000009,0.000010,0.000014
400.222000,0.000076,0.000033,0.000005,0.000013,0.000005,0.000020
400.229000,0.000076,0.000025,0.000001,0.000001,0.000041,0.000007
400.359000,0.000076,0.000033,0.000001,0.000032,0.000009,0.000001
400.360000,0.000076,0.000007,0.000004,0.000023,0.000034,0.000007
400.381000,0.000076,0.000001,0.000001,0.000009,0.000052,0.000013
400.451000,0.000076,0.000015,0.000000,0.000024,0.000023,0.000015
400.461000,0.000076,0.000029,0.000000,0.000003,0.000027,0.000017
400.490000,0.000076,0.000007,0.000000,0.000020,0.000041,0.000008
400.524000,0.000076,0.000001,0.000004,0.000015,0.000030,0.000026
400.539000,0.000076,0.000034,0.000001,0.000000,0.000011,0.000031
400.849000,0.000076,0.000058,0.000004,0.000004,0.000010,0.000000
400.853000,0.000076,0.000023,0.000001,0.000013,0.000002,0.000037
400.864000,0.000076,0.000015,0.000002,0.000002,0.000047,0.000010
400.975000,0.000076,0.000033,0.000000,0.000013,0.000010,0.000020
401.011000,0.000076,0.000018,0.000002,0.000005,0.000051,0.000000
401.025000,0.000076,0.000025,0.000000,0.000004,0.000000,0.000047
401.048000,0.000076,0.000037,0.000004,0.000004,0.000003,0.000028
401.083000,0.000076,0.000011,0.000005,0.000009,0.000026,0.000025
401.167000,0.000076,0.000012,0.000000,0.000012,0.000040,0.000011
401.234000,0.000076,0.000056,0.000003,0.000006,0.000005,0.000007
401.250000,0.000076,0.000030,0.000000,0.000005,0.000036,0.000006
401.338000,0.000076,0.000047,0.000001,0.000013,0.000008,0.000006
401.339000,0.000076,0.000026,0.000000,0.000008,0.000020,0.000022
401.355000,0.000076,0.000049,0.000002,0.000003,0.000002,0.000019
401.358000,0.000076,0.000014,0.000000,0.000035,0.000017,0.000011
401.368000,0.000076,0.000035,0.000003,0.000005,0.000005,0.000029
401.369000,0.000076,0.000030,0.000001,0.000000,0.000019,0.000026
401.417000,0.000076,0.000062,0.000000,0.000000,0.000005,0.000008
401.443000,0.000076,0.000031,0.000002,0.000004,0.000009,0.000031
401.508000,0.000076,0.000034,0.000001,0.000013,0.000004,0.000025
401.554000,0.000152,0.000081,0.000001,0.000023,0.000018,0.000028
401.675000,0.000076,0.000016,0.000000,0.000019,0.000031,0.000011
401.736000,0.000076,0.000034,0.000000,0.000009,0.000014,0.000019
401.784000,0.000076,0.000033,0.000002,0.000005,0.000017,0.000019
401.806000,0.000076,0.000031,0.000000,0.000009,0.000019,0.000017
401.853000,0.000076,0.000026,0.000002,0.000008,0.000020,0.000021
401.861000,0.000076,0.000026,0.000002,0.000013,0.000011,0.000024
401.869000,0.000076,0.000027,0.000002,0.000001,0.000008,0.000037
401.875000,0.000076,0.000013,0.000000,0.000000,0.000040,0.000023
401.901000,0.000076,0.000065,0.000000,0.000000,0.000002,0.000009
401.912000,0.000076,0.000007,0.000000,0.000028,0.000028,0.000012
401.933000,0.000076,0.000057,0.000001,0.000005,0.000008,0.000005
401.953000,0.000076,0.000021,0.000001,0.000008,0.000038,0.000008
401.999000,0.000076,0.000008,0.000000,0.000024,0.000026,0.000018
402.021000,0.000076,0.000048,0.000000,0.000004,0.000024,0.000000
402.038000,0.000076,0.000027,0.000002,0.000000,0.000031,0.000017
402.076000,0.000076,0.000037,0.000000,0.000007,0.000016,0.000016
402.098000,0.000076,0.000037,0.000000,0.000026,0.000008,0.000006
402.183000,0.000076,0.000013,0.000000,0.000014,0.000032,0.000017
402.192000,0.000076,0.000023,0.000001,0.000003,0.000003,0.000045
402.236000,0.000076,0.000022,0.000000,0.000013,0.000001,0.000040
402.322000,0.000076,0.000007,0.000001,0.000002,0.000033,0.000033
402.357000,0.000076,0.000022,0.000002,0.000023,0.000013,0.000016
402.365000,0.000076,0.000064,0.000000,0.000006,0.000001,0.000005
402.389000,0.000076,0.000005,0.000002,0.000003,0.000046,0.000020
402.432000,0.000076,0.000041,0.000004,0.000010,0.000006,0.000015
402.440000,0.000076,0.000013,0.000000,0.000001,0.000046,0.000016
402.482000,0.000076,0.000031,0.000004,0.000002,0.000014,0.000025
402.505000,0.000076,0.000010,0.000001,0.000018,0.000034,0.000013
402.512000,0.000076,0.000054,0.000003,0.000011,0.000009,0.000000
402.522000,0.000076,0.000047,0.000002,0.000007,0.000005,0.000015
402.559000,0.000076,0.000015,0.000009,0.000002,0.000016,0.000036
402.567000,0.000076,0.000030,0.000001,0.000000,0.000034,0.000011
402.628000,0.000076,0.000036,0.000001,0.000026,0.000007,0.000006
402.637000,0.000076,0.000005,0.000000,0.000019,0.000040,0.000012
402.655000,0.000076,0.000048,0.000001,0.000004,0.000023,0.000000
402.659000,0.000076,0.000005,0.000000,0.000023,0.000037,0.000011
402.686000,0.000076,0.000011,0.000000,0.000019,0.000034,0.000012
402.726000,0.000076,0.000034,0.000000,0.000018,0.000015,0.000009
402.767000,0.000076,0.000014,0.000001,0.000024,0.000018,0.000019
402.808000,0.000076,0.000008,0.000001,0.000014,0.000025,0.000028
402.902000,0.000076,0.000029,0.000000,0.000003,0.000036,0.000008
402.921000,0.000076,0.000018,0.000001,0.000005,0.000028,0.000025
402.935000,0.000076,0.000026,0.000007,0.000010,0.000010,0.000024
402.969000,0.000076,0.000019,0.000000,0.000007,0.000011,0.000040
402.970000,0.000076,0.000010,0.000001,0.000018,0.000033,0.000014
403.020000,0.000076,0.000004,0.000001,0.000015,0.000051,0.000005
403.110000,0.000076,0.000012,0.000000,0.000014,0.000044,0.000006
403.114000,0.000076,0.000032,0.000000,0.000022,0.000013,0.000009
403.164000,0.000076,0.000025,0.000000,0.000008,0.000034,0.000009
403.188000,0.000076,0.000018,0.000000,0.000011,0.000016,0.000030
403.373000,0.000076,0.000059,0.000001,0.000004,0.000003,0.000010
403.387000,0.000076,0.000015,0.000004,0.000004,0.000020,0.000034
403.443000,0.000076,0.000005,0.000000,0.000000,0.000035,0.000036
403.517000,0.000076,0.000008,0.000001,0.000025,0.000031,0.000011
403.566000,0.000076,0.000020,0.000000,0.000003,0.000048,0.000005
403.575000,0.000076,0.000051,0.000003,0.000005,0.000010,0.000008
403.606000,0.000076,0.000048,0.000002,0.000004,0.000000,0.000022
403.619000,0.000076,0.000033,0.000001,0.000010,0.000022,0.000010
403.645000,0.000076,0.000004,0.000000,0.000002,0.000036,0.000034
403.689000,0.000076,0.000022,0.000000,0.000033,0.000007,0.000014
403.791000,0.000076,0.000025,0.000000,0.000014,0.000034,0.000003
403.804000,0.000076,0.000049,0.000000,0.000009,0.000009,0.000009
403.845000,0.000076,0.000048,0.000000,0.000007,0.000006,0.000015
403.863000,0.000076,0.000032,0.000000,0.000000,0.000000,0.000044
403.947000,0.000076,0.000020,0.000003,0.000003,0.000002,0.000047
403.963000,0.000076,0.000004,0.000000,0.000020,0.000029,0.000023
403.978000,0.000076,0.000030,0.000001,0.000000,0.000007,0.000038
404.096000,0.000076,0.000014,0.000002,0.000011,0.000038,0.000011
404.121000,0.000076,0.000029,0.000000,0.000002,0.000010,0.000035
404.139000,0.000076,0.000028,0.000002,0.000002,0.000000,0.000044
404.158000,0.000076,0.000014,0.000000,0.000009,0.000021,0.000033
404.164000,0.000076,0.000036,0.000000,0.000023,0.000015,0.000002
404.205000,0.000076,0.000022,0.000001,0.000003,0.000006,0.000044
404.259000,0.000076,0.000047,0.000000,0.000015,0.000009,0.000005
404.269000,0.000076,0.000014,0.000000,0.000018,0.000033,0.000011
404.281000,0.000076,0.000047,0.000000,0.000004,0.000001,0.000024
404.355000,0.000076,0.000029,0.000000,0.000004,0.000037,0.000007
404.397000,0.000076,0.000012,0.000000,0.000004,0.000026,0.000033
404.403000,0.000076,0.000008,0.000000,0.000000,0.000041,0.000027
404.409000,0.000076,0.000026,0.000000,0.000004,0.000002,0.000044
404.414000,0.000076,0.000036,0.000003,0.000007,0.000025,0.000005
404.429000,0.000076,0.000021,0.000000,0.000014,0.000006,0.000036
404.445000,0.000076,0.000019,0.000000,0.000003,0.000048,0.000005
404.456000,0.000076,0.000039,0.000000,0.000000,0.000006,0.000031
404.505000,0.000076,0.000012,0.000000,0.000011,0.000043,0.000010
404.543000,0.000076,0.000008,0.000009,0.000003,0.000045,0.000010
404.576000,0.000076,0.000028,0.000000,0.000004,0.000002,0.000043
404.596000,0.000076,0.000023,0.000002,0.000007,0.000016,0.000028
404.598000,0.000076,0.000015,0.000000,0.000003,0.000046,0.000011
404.637000,0.000076,0.000056,0.000003,0.000006,0.000003,0.000009
404.683000,0.000076,0.000054,0.000000,0.000010,0.000011,0.000001
404.789000,0.000076,0.000021,0.000002,0.000013,0.000012,0.000028
404.817000,0.000076,0.000014,0.000001,0.000011,0.000045,0.000006
404.834000,0.000076,0.000026,0.000000,0.000002,0.000000,0.000048
404.870000,0.000076,0.000050,0.000002,0.000012,0.000006,0.000007
404.958000,0.000076,0.000048,0.000000,0.000007,0.000019,0.000003
404.970000,0.000076,0.000027,0.000000,0.000005,0.000023,0.000020
404.982000,0.000076,0.000014,0.000000,0.000011,0.000048,0.000003
405.001000,0.000076,0.000015,0.000000,0.000022,0.000018,0.000021
405.013000,0.000076,0.000022,0.000000,0.000033,0.000006,0.000015
405.048000,0.000076,0.000024,0.000000,0.000014,0.000007,0.000031
405.055000,0.000076,0.000015,0.000002,0.000006,0.000027,0.000025
405.077000,0.000076,0.000026,0.000002,0.000005,0.000001,0.000043
405.097000,0.000076,0.000035,0.000000,0.000008,0.000020,0.000013
405.177000,0.000076,0.000023,0.000000,0.000009,0.000003,0.000041
405.240000,0.000076,0.000058,0.000000,0.000001,0.000011,0.000005
405.272000,0.000076,0.000019,0.000000,0.000008,0.000048,0.000001
405.310000,0.000076,0.000032,0.000000,0.000027,0.000002,0.000015
405.344000,0.000076,0.000034,0.000002,0.000022,0.000018,0.000000
405.350000,0.000076,0.000012,0.000000,0.000006,0.000019,0.000039
405.359000,0.000076,0.000022,0.000001,0.000005,0.000016,0.000032
405.379000,0.000076,0.000037,0.000000,0.000024,0.000008,0.000007
405.383000,0.000076,0.000022,0.000002,0.000008,0.000004,0.000041
405.436000,0.000076,0.000010,0.000001,0.000010,0.000044,0.000012
405.480000,0.000076,0.000060,0.000004,0.000009,0.000001,0.000001
405.589000,0.000076,0.000038,0.000000,0.000002,0.000001,0.000035
405.659000,0.000076,0.000065,0.000001,0.000001,0.000000,0.000009
405.732000,0.000076,0.000025,0.000002,0.000008,0.000017,0.000024
405.744000,0.000076,0.000056,0.000000,0.000005,0.000005,0.000011
405.759000,0.000076,0.000040,0.000000,0.000004,0.000000,0.000032
405.808000,0.000076,0.000032,0.000000,0.000034,0.000009,0.000002
405.822000,0.000076,0.000007,0.000003,0.000002,0.000043,0.000022
405.844000,0.000076,0.000056,0.000000,0.000005,0.000005,0.000010
405.869000,0.000076,0.000031,0.000000,0.000001,0.000025,0.000018
405.931000,0.000076,0.000028,0.000002,0.000006,0.000005,0.000035
405.932000,0.000076,0.000016,0.000002,0.000001,0.000043,0.000014
405.940000,0.000076,0.000012,0.000000,0.000009,0.000019,0.000036
405.991000,0.000076,0.000056,0.000000,0.000006,0.000005,0.000009
405.995000,0.000076,0.000032,0.000000,0.000028,0.000002,0.000014
405.999000,0.000076,0.000015,0.000001,0.000003,0.000021,0.000036
406.022000,0.000076,0.000016,0.000000,0.000003,0.000049,0.000007
406.065000,0.000076,0.000040,0.000002,0.000018,0.000003,0.000013
406.084000,0.000076,0.000011,0.000001,0.000012,0.000046,0.000007
406.123000,0.000076,0.000031,0.000000,0.000006,0.000013,0.000026
406.155000,0.000152,0.000022,0.000003,0.000008,0.000089,0.000030
406.269000,0.000076,0.000026,0.000000,0.000006,0.000017,0.000027
406.285000,0.000076,0.000030,0.000000,0.000035,0.000009,0.000001
406.294000,0.000076,0.000050,0.000001,0.000015,0.000005,0.000004
406.381000,0.000076,0.000010,0.000003,0.000000,0.000052,0.000011
406.383000,0.000076,0.000038,0.000002,0.000000,0.000008,0.000028
406.388000,0.000076,0.000032,0.000004,0.000005,0.000010,0.000026
406.399000,0.000076,0.000031,0.000000,0.000003,0.000005,0.000037
406.412000,0.000076,0.000054,0.000001,0.000003,0.000010,0.000008
406.424000,0.000076,0.000011,0.000000,0.000004,0.000018,0.000042
406.443000,0.000076,0.000049,0.000001,0.000000,0.000007,0.000019
406.509000,0.000076,0.000014,0.000000,0.000002,0.000019,0.000040
406.596000,0.000076,0.000021,0.000000,0.000003,0.000043,0.000009
406.601000,0.000076,0.000016,0.000000,0.000000,0.000042,0.000019
406.613000,0.000076,0.000030,0.000001,0.000007,0.000017,0.000021
406.616000,0.000076,0.000067,0.000000,0.000000,0.000007,0.000002
406.624000,0.000076,0.000062,0.000002,0.000000,0.000005,0.000008
406.673000,0.000076,0.000017,0.000002,0.000000,0.000022,0.000035
406.690000,0.000076,0.000029,0.000001,0.000013,0.000006,0.000027
406.774000,0.000076,0.000032,0.000002,0.000032,0.000010,0.000001
406.808000,0.000076,0.000051,0.000002,0.000001,0.000004,0.000018
406.851000,0.000076,0.000004,0.000000,0.000003,0.000035,0.000034
406.873000,0.000076,0.000047,0.000000,0.000008,0.000012,0.000009
406.881000,0.000076,0.000038,0.000000,0.000030,0.000001,0.000006
406.894000,0.000076,0.000017,0.000001,0.000006,0.000005,0.000046
406.965000,0.000076,0.000014,0.000000,0.000021,0.000025,0.000016
407.043000,0.000076,0.000041,0.000001,0.000004,0.000005,0.000025
407.099000,0.000076,0.000010,0.000005,0.000027,0.000031,0.000003
407.107000,0.000076,0.000005,0.000001,0.000003,0.000034,0.000033
407.152000,0.000076,0.000003,0.000000,0.000010,0.000016,0.000046
407.294000,0.000076,0.000049,0.000001,0.000001,0.000022,0.000003
407.309000,0.000076,0.000027,0.000000,0.000000,0.000031,0.000018
407.321000,0.000076,0.000025,0.000000,0.000015,0.000017,0.000019
407.334000,0.000076,0.000021,0.000000,0.000015,0.000011,0.000029
407.356000,0.000076,0.000015,0.000001,0.000002,0.000023,0.000036
407.390000,0.000076,0.000019,0.000002,0.000017,0.000011,0.000028
407.411000,0.000076,0.000013,0.000000,0.000014,0.000043,0.000007
407.423000,0.000076,0.000006,0.000000,0.000003,0.000033,0.000035
407.448000,0.000076,0.000038,0.000001,0.000007,0.000004,0.000026
407.449000,0.000076,0.000057,0.000002,0.000006,0.000007,0.000004
407.456000,0.000076,0.000007,0.000002,0.000003,0.000041,0.000024
407.457000,0.000076,0.000003,0.000000,0.000029,0.000027,0.000017
407.511000,0.000076,0.000061,0.000000,0.000003,0.000006,0.000006
407.554000,0.000076,0.000009,0.000001,0.000016,0.000039,0.000011
407.735000,0.000076,0.000000,0.000000,0.000023,0.000027,0.000027
407.750000,0.000076,0.000009,0.000000,0.000009,0.000028,0.000030
407.784000,0.000076,0.000034,0.000000,0.000001,0.000001,0.000039
407.807000,0.000076,0.000024,0.000001,0.000004,0.000011,0.000036
407.840000,0.000076,0.000029,0.000002,0.000003,0.000011,0.000030
407.885000,0.000076,0.000018,0.000002,0.000006,0.000006,0.000044
407.886000,0.000076,0.000021,0.000000,0.000011,0.000013,0.000032
407.920000,0.000076,0.000022,0.000002,0.000009,0.000016,0.000027
407.939000,0.000076,0.000054,0.000000,0.000006,0.000001,0.000015
407.964000,0.000076,0.000027,0.000000,0.000006,0.000002,0.000042
408.048000,0.000076,0.000014,0.000000,0.000001,0.000022,0.000039
408.059000,0.000076,0.000021,0.000000,0.000013,0.000005,0.000036
408.062000,0.000076,0.000032,0.000000,0.000003,0.000033,0.000008
408.088000,0.000076,0.000010,0.000006,0.000003,0.000023,0.000034
408.137000,0.000076,0.000003,0.000001,0.000007,0.000033,0.000032
408.164000,0.000076,0.000038,0.000002,0.000006,0.000011,0.000019
408.169000,0.000076,0.000021,0.000000,0.000016,0.000031,0.000007
408.256000,0.000076,0.000020,0.000000,0.000018,0.000033,0.000005
408.309000,0.000076,0.000013,0.000002,0.000002,0.000045,0.000015
408.312000,0.000076,0.000047,0.000008,0.000008,0.000011,0.000002
408.330000,0.000076,0.000019,0.000000,0.000015,0.000005,0.000037
408.393000,0.000076,0.000033,0.000000,0.000000,0.000008,0.000034
408.453000,0.000076,0.000026,0.000000,0.000010,0.000015,0.000025
408.455000,0.000076,0.000024,0.000000,0.000008,0.000001,0.000043
408.464000,0.000076,0.000030,0.000002,0.000006,0.000018,0.000020
408.550000,0.000076,0.000030,0.000000,0.000001,0.000026,0.000019
408.572000,0.000076,0.000009,0.000000,0.000012,0.000025,0.000030
408.635000,0.000076,0.000024,0.000000,0.000010,0.000015,0.000027
408.704000,0.000076,0.000038,0.000000,0.000019,0.000006,0.000013
408.808000,0.000076,0.000004,0.000001,0.000013,0.000054,0.000004
408.877000,0.000076,0.000043,0.000002,0.000000,0.000024,0.000008
408.929000,0.000076,0.000048,0.000000,0.000023,0.000001,0.000004
408.941000,0.000076,0.000002,0.000000,0.000028,0.000028,0.000017
408.966000,0.000076,0.000025,0.000002,0.000030,0.000013,0.000006
409.004000,0.000076,0.000006,0.000000,0.000025,0.000032,0.000012
409.058000,0.000076,0.000029,0.000000,0.000000,0.000035,0.000012
409.159000,0.000076,0.000034,0.000002,0.000012,0.000002,0.000027
409.232000,0.000076,0.000044,0.000000,0.000004,0.000027,0.000001
409.273000,0.000076,0.000005,0.000002,0.000017,0.000025,0.000027
409.293000,0.000076,0.000020,0.000000,0.000016,0.000008,0.000033
409.355000,0.000076,0.000017,0.000000,0.000001,0.000054,0.000004
409.379000,0.000076,0.000035,0.000005,0.000001,0.000005,0.000030
409.416000,0.000076,0.000012,0.000000,0.000013,0.000037,0.000014
409.418000,0.000076,0.000041,0.000000,0.000031,0.000000,0.000004
409.419000,0.000076,0.000031,0.000000,0.000005,0.000005,0.000034
409.444000,0.000076,0.000034,0.000000,0.000019,0.000010,0.000013
409.469000,0.000076,0.000029,0.000000,0.000010,0.000010,0.000026
409.594000,0.000076,0.000023,0.000000,0.000013,0.000015,0.000025
409.600000,0.000076,0.000015,0.000001,0.000010,0.000024,0.000027
409.615000,0.000076,0.000018,0.000000,0.000000,0.000050,0.000008
409.646000,0.000076,0.000045,0.000000,0.000004,0.000002,0.000025
409.652000,0.000076,0.000010,0.000000,0.000013,0.000038,0.000016
409.653000,0.000152,0.000069,0.000002,0.000023,0.000037,0.000021
409.665000,0.000076,0.000036,0.000002,0.000007,0.000015,0.000016
409.742000,0.000076,0.000018,0.000000,0.000013,0.000016,0.000029
409.809000,0.000076,0.000007,0.000001,0.000015,0.000051,0.000001
409.837000,0.000076,0.000029,0.000002,0.000006,0.000031,0.000008
409.881000,0.000076,0.000030,0.000000,0.000002,0.000001,0.000043
409.885000,0.000076,0.000037,0.000004,0.000032,0.000000,0.000004
409.950000,0.000076,0.000010,0.000000,0.000001,0.000041,0.000024
409.956000,0.000076,0.000024,0.000002,0.000013,0.000018,0.000019
409.957000,0.000076,0.000033,0.000000,0.000011,0.000021,0.000010
410.002000,0.000076,0.000013,0.000000,0.000025,0.000025,0.000013
410.113000,0.000076,0.000017,0.000002,0.000008,0.000011,0.000038
410.251000,0.000076,0.000013,0.000002,0.000006,0.000022,0.000033
410.272000,0.000076,0.000020,0.000002,0.000009,0.000014,0.000031
410.275000,0.000076,0.000001,0.000000,0.000011,0.000056,0.000008
410.288000,0.000076,0.000052,0.000000,0.000002,0.000004,0.000019
410.312000,0.000076,0.000022,0.000000,0.000003,0.000003,0.000049
410.314000,0.000076,0.000043,0.000000,0.000000,0.000002,0.000031
410.349000,0.000076,0.000052,0.000000,0.000008,0.000009,0.000006
410.362000,0.000076,0.000014,0.000002,0.000004,0.000018,0.000039
410.402000,0.000076,0.000023,0.000001,0.000035,0.000002,0.000016
410.407000,0.000076,0.000033,0.000004,0.000018,0.000013,0.000008
410.434000,0.000076,0.000025,0.000000,0.000015,0.000024,0.000012
410.459000,0.000076,0.000016,0.000000,0.000004,0.000041,0.000015
410.461000,0.000076,0.000016,0.000000,0.000001,0.000055,0.000004
410.489000,0.000076,0.000024,0.000000,0.000007,0.000009,0.000037
410.492000,0.000076,0.000046,0.000000,0.000000,0.000014,0.000015
410.527000,0.000076,0.000046,0.000000,0.000005,0.000000,0.000025
410.556000,0.000076,0.000048,0.000002,0.000005,0.000022,0.000000
410.560000,0.000076,0.000025,0.000005,0.000002,0.000042,0.000002
410.598000,0.000076,0.000012,0.000000,0.000028,0.000019,0.000017
410.662000,0.000076,0.000057,0.000000,0.000001,0.000011,0.000008
410.683000,0.000152,0.000051,0.000005,0.000024,0.000029,0.000043
410.699000,0.000076,0.000028,0.000000,0.000000,0.000029,0.000018
410.740000,0.000076,0.000026,0.000000,0.000006,0.000012,0.000032
410.785000,0.000076,0.000031,0.000002,0.000008,0.000024,0.000011
410.868000,0.000076,0.000022,0.000000,0.000009,0.000035,0.000010
410.876000,0.000076,0.000062,0.000002,0.000000,0.000003,0.000009
410.907000,0.000076,0.000049,0.000000,0.000004,0.000004,0.000020
410.921000,0.000076,0.000028,0.000002,0.000009,0.000012,0.000025
410.939000,0.000076,0.000027,0.000005,0.000010,0.000013,0.000021
410.962000,0.000076,0.000054,0.000000,0.000000,0.000012,0.000009
410.967000,0.000076,0.000020,0.000000,0.000004,0.000051,0.000001
411.011000,0.000076,0.000045,0.000000,0.000017,0.000007,0.000007
411.032000,0.000076,0.000022,0.000001,0.000018,0.000003,0.000032
411.048000,0.000076,0.000014,0.000000,0.000001,0.000044,0.000017
411.063000,0.000076,0.000046,0.000000,0.000000,0.000014,0.000016
411.136000,0.000076,0.000041,0.000000,0.000015,0.000016,0.000005
411.159000,0.000076,0.000012,0.000000,0.000005,0.000020,0.000040
411.252000,0.000076,0.000033,0.000001,0.000027,0.000000,0.000015
411.270000,0.000076,0.000011,0.000000,0.000008,0.000018,0.000038
411.307000,0.000152,0.000024,0.000000,0.000028,0.000082,0.000018
411.369000,0.000076,0.000038,0.000001,0.000007,0.000021,0.000010
411.433000,0.000076,0.000049,0.000003,0.000003,0.000017,0.000004
411.465000,0.000076,0.000036,0.000000,0.000023,0.000008,0.000010
411.498000,0.000076,0.000047,0.000000,0.000002,0.000026,0.000000
411.602000,0.000076,0.000023,0.000001,0.000002,0.000043,0.000008
411.623000,0.000076,0.000054,0.000000,0.000018,0.000002,0.000001
411.695000,0.000076,0.000032,0.000000,0.000010,0.000014,0.000020
411.704000,0.000076,0.000032,0.000002,0.000024,0.000015,0.000003
411.716000,0.000076,0.000006,0.000000,0.000012,0.000014,0.000044
411.724000,0.000076,0.000047,0.000000,0.000002,0.000008,0.000019
411.796000,0.000076,0.000023,0.000001,0.000020,0.000015,0.000018
411.926000,0.000076,0.000059,0.000004,0.000003,0.000009,0.000001
411.943000,0.000076,0.000005,0.000003,0.000025,0.000035,0.000008
412.004000,0.000076,0.000017,0.000002,0.000000,0.000038,0.000019
412.020000,0.000076,0.000055,0.000001,0.000008,0.000000,0.000013
412.063000,0.000076,0.000017,0.000001,0.000011,0.000039,0.000009
412.300000,0.000076,0.000019,0.000000,0.000000,0.000051,0.000005
412.415000,0.000076,0.000006,0.000002,0.000001,0.000034,0.000033
412.417000,0.000076,0.000011,0.000000,0.000012,0.000036,0.000017
412.500000,0.000076,0.000034,0.000000,0.000012,0.000005,0.000025
412.586000,0.000076,0.000010,0.000000,0.000002,0.000031,0.000034
412.602000,0.000076,0.000022,0.000002,0.000014,0.000030,0.000009
412.626000,0.000076,0.000041,0.000001,0.000002,0.000006,0.000027
412.673000,0.000076,0.000013,0.000002,0.000000,0.000054,0.000008
412.684000,0.000076,0.000031,0.000001,0.000000,0.000012,0.000032
412.688000,0.000076,0.000022,0.000000,0.000023,0.000012,0.000019
412.730000,0.000076,0.000045,0.000001,0.000016,0.000005,0.000009
412.810000,0.000076,0.000047,0.000000,0.000004,0.000003,0.000023
412.828000,0.000076,0.000032,0.000001,0.000017,0.000000,0.000027
412.850000,0.000076,0.000019,0.000003,0.000008,0.000041,0.000006
412.896000,0.000076,0.000022,0.000001,0.000007,0.000005,0.000041
412.901000,0.000076,0.000056,0.000001,0.000004,0.000011,0.000003
412.910000,0.000076,0.000022,0.000000,0.000032,0.000008,0.000014
412.999000,0.000076,0.000015,0.000000,0.000000,0.000045,0.000015
413.013000,0.000076,0.000032,0.000003,0.000012,0.000006,0.000023
413.132000,0.000076,0.000026,0.000000,0.000000,0.000042,0.000008
413.133000,0.000076,0.000033,0.000002,0.000031,0.000010,0.000000
413.140000,0.000076,0.000014,0.000002,0.000012,0.000048,0.000000
413.144000,0.000076,0.000023,0.000000,0.000013,0.000016,0.000024
413.145000,0.000076,0.000026,0.000000,0.000005,0.000033,0.000012
413.181000,0.000076,0.000019,0.000000,0.000006,0.000009,0.000042
413.194000,0.000076,0.000010,0.000000,0.000007,0.000020,0.000040
413.244000,0.000076,0.000033,0.000000,0.000000,0.000004,0.000039
413.265000,0.000076,0.000052,0.000002,0.000007,0.000001,0.000013
413.317000,0.000076,0.000021,0.000005,0.000029,0.000012,0.000009
413.357000,0.000152,0.000085,0.000001,0.000006,0.000022,0.000038
413.465000,0.000076,0.000047,0.000000,0.000010,0.000016,0.000003
413.510000,0.000076,0.000026,0.000000,0.000007,0.000007,0.000036
413.595000,0.000076,0.000032,0.000001,0.000010,0.000022,0.000011
413.617000,0.000076,0.000028,0.000000,0.000000,0.000036,0.000012
413.668000,0.000076,0.000067,0.000000,0.000002,0.000006,0.000002
413.673000,0.000076,0.000048,0.000000,0.000004,0.000002,0.000022
413.732000,0.000076,0.000026,0.000000,0.000009,0.000014,0.000026
413.759000,0.000076,0.000032,0.000000,0.000000,0.000017,0.000028
413.806000,0.000076,0.000011,0.000000,0.000010,0.000030,0.000025
413.872000,0.000076,0.000004,0.000002,0.000013,0.000030,0.000027
413.946000,0.000076,0.000020,0.000001,0.000010,0.000008,0.000038
413.987000,0.000076,0.000012,0.000002,0.000019,0.000036,0.000007
414.041000,0.000076,0.000031,0.000001,0.000012,0.000005,0.000027
414.098000,0.000076,0.000022,0.000002,0.000011,0.000027,0.000015
414.152000,0.000076,0.000033,0.000003,0.000002,0.000002,0.000036
414.158000,0.000076,0.000025,0.000004,0.000000,0.000019,0.000028
414.173000,0.000076,0.000037,0.000000,0.000001,0.000018,0.000020
414.184000,0.000076,0.000008,0.000000,0.000025,0.000023,0.000019
414.225000,0.000076,0.000011,0.000002,0.000000,0.000045,0.000019
414.239000,0.000076,0.000013,0.000000,0.000005,0.000026,0.000032
414.241000,0.000076,0.000016,0.000000,0.000003,0.000022,0.000035
414.280000,0.000076,0.000012,0.000001,0.000004,0.000025,0.000034
414.293000,0.000076,0.000020,0.000001,0.000008,0.000011,0.000036
414.298000,0.000076,0.000049,0.000000,0.000005,0.000009,0.000013
414.309000,0.000076,0.000025,0.000000,0.000001,0.000032,0.000018
414.317000,0.000076,0.000009,0.000000,0.000019,0.000034,0.000014
414.330000,0.000076,0.000055,0.000000,0.000007,0.000009,0.000006
414.339000,0.000076,0.000010,0.000000,0.000002,0.000031,0.000033
414.380000,0.000076,0.000035,0.000000,0.000016,0.000014,0.000011
414.448000,0.000076,0.000013,0.000001,0.000015,0.000000,0.000047
414.463000,0.000076,0.000004,0.000000,0.000025,0.000037,0.000010
414.468000,0.000076,0.000049,0.000000,0.000002,0.000019,0.000006
414.526000,0.000076,0.000008,0.000000,0.000013,0.000021,0.000034
414.595000,0.000076,0.000028,0.000001,0.000007,0.000019,0.000021
414.607000,0.000076,0.000033,0.000000,0.000000,0.000025,0.000018
414.614000,0.000076,0.000065,0.000000,0.000001,0.000000,0.000011
414.623000,0.000076,0.000011,0.000000,0.000011,0.000046,0.000009
414.627000,0.000076,0.000051,0.000000,0.000008,0.000011,0.000005
414.670000,0.000076,0.000017,0.000004,0.000003,0.000039,0.000013
414.749000,0.000076,0.000050,0.000001,0.000006,0.000000,0.000019
414.771000,0.000076,0.000038,0.000001,0.000021,0.000005,0.000011
414.772000,0.000076,0.000027,0.000000,0.000011,0.000011,0.000026
414.864000,0.000076,0.000038,0.000000,0.000020,0.000006,0.000012
414.865000,0.000076,0.000009,0.000000,0.000003,0.000031,0.000033
414.889000,0.000076,0.000005,0.000000,0.000010,0.000015,0.000046
414.945000,0.000076,0.000023,0.000002,0.000010,0.000019,0.000023
414.956000,0.000076,0.000026,0.000000,0.000013,0.000009,0.000028
415.009000,0.000076,0.000021,0.000002,0.000032,0.000006,0.000015
415.011000,0.000076,0.000041,0.000000,0.000008,0.000012,0.000015
415.061000,0.000076,0.000027,0.000002,0.000001,0.000001,0.000045
415.078000,0.000076,0.000013,0.000000,0.000002,0.000022,0.000039
415.167000,0.000076,0.000007,0.000001,0.000020,0.000034,0.000014
415.194000,0.000076,0.000054,0.000000,0.000008,0.000005,0.000008
415.227000,0.000076,0.000027,0.000002,0.000003,0.000006,0.000038
415.261000,0.000076,0.000047,0.000000,0.000005,0.000002,0.000022
415.423000,0.000152,0.000083,0.000001,0.000006,0.000018,0.000043
415.486000,0.000076,0.000009,0.000001,0.000011,0.000020,0.000035
415.588000,0.000076,0.000060,0.000000,0.000005,0.000000,0.000010
415.620000,0.000076,0.000043,0.000000,0.000007,0.000010,0.000015
415.720000,0.000076,0.000028,0.000001,0.000001,0.000034,0.000012
415.791000,0.000076,0.000062,0.000000,0.000004,0.000000,0.000010
415.826000,0.000076,0.000034,0.000000,0.000000,0.000006,0.000036
415.862000,0.000076,0.000061,0.000000,0.000004,0.000000,0.000010
415.911000,0.000076,0.000011,0.000000,0.000010,0.000026,0.000030
415.942000,0.000076,0.000004,0.000000,0.000018,0.000026,0.000028
415.959000,0.000076,0.000029,0.000002,0.000002,0.000000,0.000042
416.002000,0.000076,0.000023,0.000004,0.000001,0.000042,0.000007
416.047000,0.000076,0.000033,0.000000,0.000010,0.000007,0.000026
416.053000,0.000076,0.000034,0.000001,0.000020,0.000009,0.000011
416.081000,0.000076,0.000028,0.000001,0.000002,0.000032,0.000013
416.121000,0.000076,0.000002,0.000001,0.000005,0.000038,0.000029
416.265000,0.000076,0.000007,0.000000,0.000000,0.000033,0.000036
416.304000,0.000076,0.000056,0.000000,0.000002,0.000012,0.000006
416.324000,0.000076,0.000006,0.000000,0.000010,0.000023,0.000036
416.366000,0.000076,0.000026,0.000002,0.000002,0.000007,0.000039
416.378000,0.000076,0.000035,0.000000,0.000000,0.000026,0.000016
416.392000,0.000076,0.000002,0.000003,0.000000,0.000037,0.000034
416.411000,0.000076,0.000013,0.000000,0.000008,0.000044,0.000011
416.435000,0.000076,0.000051,0.000000,0.000007,0.000000,0.000019
416.541000,0.000076,0.000010,0.000000,0.000030,0.000027,0.000009
416.569000,0.000076,0.000035,0.000000,0.000006,0.000031,0.000004
416.590000,0.000076,0.000044,0.000001,0.000000,0.000026,0.000006
416.638000,0.000076,0.000022,0.000002,0.000007,0.000041,0.000003
416.670000,0.000076,0.000021,0.000000,0.000010,0.000010,0.000035
416.693000,0.000076,0.000025,0.000001,0.000013,0.000026,0.000011
416.704000,0.000076,0.000062,0.000000,0.000001,0.000001,0.000013
416.713000,0.000076,0.000008,0.000000,0.000002,0.000046,0.000021
416.734000,0.000076,0.000003,0.000001,0.000027,0.000030,0.000015
416.803000,0.000076,0.000005,0.000000,0.000013,0.000030,0.000028
416.812000,0.000076,0.000041,0.000000,0.000017,0.000010,0.000008
416.834000,0.000076,0.000025,0.000000,0.000027,0.000018,0.000006
416.844000,0.000076,0.000052,0.000000,0.000002,0.000014,0.000007
416.849000,0.000076,0.000021,0.000000,0.000006,0.000017,0.000032
416.862000,0.000076,0.000010,0.000000,0.000009,0.000031,0.000026
416.883000,0.000076,0.000012,0.000004,0.000016,0.000002,0.000042
416.944000,0.000076,0.000005,0.000000,0.000026,0.000035,0.000011
416.950000,0.000076,0.000054,0.000003,0.000007,0.000009,0.000003
417.037000,0.000076,0.000010,0.000000,0.000022,0.000004,0.000041
417.073000,0.000076,0.000052,0.000000,0.000004,0.000009,0.000011
417.113000,0.000076,0.000030,0.000000,0.000027,0.000016,0.000003
417.124000,0.000076,0.000025,0.000000,0.000001,0.000037,0.000012
417.186000,0.000076,0.000025,0.000001,0.000030,0.000013,0.000008
417.200000,0.000076,0.000028,0.000000,0.000000,0.000015,0.000032
417.211000,0.000076,0.000025,0.000001,0.000003,0.000006,0.000041
417.234000,0.000076,0.000022,0.000000,0.000023,0.000013,0.000018
417.269000,0.000076,0.000013,0.000000,0.000016,0.000000,0.000047
417.280000,0.000076,0.000039,0.000002,0.000010,0.000001,0.000023
417.347000,0.000076,0.000027,0.000000,0.000004,0.000014,0.000031
417.371000,0.000076,0.000035,0.000006,0.000023,0.000008,0.000005
417.386000,0.000076,0.000008,0.000000,0.000024,0.000025,0.000020
417.390000,0.000076,0.000033,0.000000,0.000006,0.000009,0.000028
417.410000,0.000076,0.000025,0.000000,0.000034,0.000009,0.000008
417.481000,0.000076,0.000024,0.000000,0.000015,0.000019,0.000017
417.486000,0.000076,0.000015,0.000002,0.000031,0.000020,0.000009
417.488000,0.000076,0.000017,0.000000,0.000004,0.000020,0.000036
417.506000,0.000076,0.000016,0.000000,0.000000,0.000048,0.000012
417.516000,0.000076,0.000029,0.000000,0.000001,0.000026,0.000020
417.564000,0.000076,0.000022,0.000001,0.000004,0.000041,0.000008
417.592000,0.000076,0.000018,0.000000,0.000005,0.000009,0.000044
417.604000,0.000076,0.000013,0.000000,0.000022,0.000010,0.000030
417.614000,0.000076,0.000016,0.000000,0.000016,0.000008,0.000035
417.646000,0.000076,0.000019,0.000000,0.000004,0.000044,0.000010
417.674000,0.000076,0.000038,0.000000,0.000007,0.000021,0.000010
417.684000,0.000076,0.000017,0.000002,0.000006,0.000009,0.000043
417.747000,0.000076,0.000022,0.000003,0.000018,0.000019,0.000015
417.767000,0.000076,0.000025,0.000000,0.000007,0.000001,0.000043
417.781000,0.000076,0.000055,0.000000,0.000004,0.000013,0.000004
417.851000,0.000076,0.000050,0.000001,0.000000,0.000022,0.000003
417.929000,0.000076,0.000041,0.000000,0.000000,0.000028,0.000007
417.935000,0.000076,0.000018,0.000000,0.000019,0.000009,0.000030
417.982000,0.000076,0.000049,0.000000,0.000004,0.000000,0.000023
418.008000,0.000076,0.000029,0.000000,0.000013,0.000007,0.000028
418.048000,0.000076,0.000017,0.000001,0.000012,0.000013,0.000032
418.120000,0.000076,0.000051,0.000000,0.000000,0.000015,0.000011
418.175000,0.000076,0.000054,0.000000,0.000000,0.000013,0.000009
418.216000,0.000076,0.000023,0.000000,0.000010,0.000009,0.000034
418.295000,0.000076,0.000032,0.000000,0.000005,0.000001,0.000038
418.309000,0.000076,0.000029,0.000002,0.000003,0.000001,0.000041
418.329000,0.000076,0.000051,0.000000,0.000008,0.000015,0.000002
418.332000,0.000076,0.000018,0.000001,0.000015,0.000032,0.000010
418.440000,0.000076,0.000055,0.000000,0.000001,0.000012,0.000008
418.451000,0.000076,0.000012,0.000000,0.000002,0.000031,0.000031
418.618000,0.000076,0.000038,0.000000,0.000001,0.000019,0.000019
418.629000,0.000076,0.000058,0.000001,0.000011,0.000001,0.000005
418.643000,0.000076,0.000043,0.000000,0.000003,0.000002,0.000028
418.648000,0.000076,0.000015,0.000001,0.000009,0.000025,0.000025
418.660000,0.000076,0.000012,0.000000,0.000018,0.000004,0.000042
418.663000,0.000076,0.000012,0.000001,0.000019,0.000003,0.000041
418.748000,0.000076,0.000019,0.000000,0.000014,0.000007,0.000036
418.791000,0.000076,0.000011,0.000000,0.000024,0.000027,0.000014
418.818000,0.000076,0.000021,0.000000,0.000000,0.000028,0.000027
418.837000,0.000076,0.000022,0.000003,0.000033,0.000007,0.000012
418.845000,0.000076,0.000055,0.000001,0.000005,0.000005,0.000011
419.027000,0.000076,0.000026,0.000000,0.000003,0.000002,0.000046
419.083000,0.000076,0.000062,0.000000,0.000008,0.000006,0.000000
419.125000,0.000076,0.000053,0.000000,0.000007,0.000012,0.000004
419.186000,0.000076,0.000028,0.000000,0.000004,0.000002,0.000041
419.206000,0.000076,0.000033,0.000001,0.000020,0.000021,0.000002
419.244000,0.000076,0.000013,0.000000,0.000014,0.000000,0.000048
419.259000,0.000076,0.000041,0.000002,0.000000,0.000023,0.000009
419.275000,0.000076,0.000021,0.000001,0.000014,0.000004,0.000037
419.280000,0.000076,0.000023,0.000004,0.000007,0.000013,0.000030
419.307000,0.000076,0.000009,0.000000,0.000001,0.000035,0.000032
419.339000,0.000076,0.000011,0.000000,0.000023,0.000026,0.000015
419.366000,0.000076,0.000018,0.000003,0.000016,0.000006,0.000034
419.379000,0.000076,0.000033,0.000007,0.000018,0.000010,0.000008
419.398000,0.000076,0.000036,0.000001,0.000024,0.000003,0.000012
419.472000,0.000076,0.000047,0.000002,0.000004,0.000017,0.000006
419.492000,0.000076,0.000018,0.000000,0.000006,0.000045,0.000007
419.563000,0.000076,0.000034,0.000005,0.000026,0.000009,0.000003
419.616000,0.000076,0.000021,0.000000,0.000033,0.000005,0.000018
419.726000,0.000076,0.000047,0.000002,0.000006,0.000019,0.000001
419.762000,0.000076,0.000039,0.000000,0.000029,0.000001,0.000008
419.802000,0.000076,0.000001,0.000003,0.000016,0.000053,0.000004
419.810000,0.000076,0.000030,0.000001,0.000006,0.000008,0.000031
419.878000,0.000076,0.000015,0.000000,0.000000,0.000023,0.000038
419.921000,0.000152,0.000040,0.000000,0.000004,0.000047,0.000061
419.923000,0.000076,0.000024,0.000000,0.000001,0.000045,0.000007
419.933000,0.000076,0.000048,0.000000,0.000000,0.000013,0.000015
419.943000,0.000076,0.000021,0.000000,0.000007,0.000006,0.000042
420.003000,0.000076,0.000024,0.000000,0.000001,0.000010,0.000041
420.041000,0.000076,0.000039,0.000000,0.000002,0.000024,0.000012
420.058000,0.000076,0.000066,0.000000,0.000002,0.000004,0.000003
420.068000,0.000076,0.000051,0.000002,0.000004,0.000009,0.000010
420.205000,0.000076,0.000029,0.000000,0.000006,0.000011,0.000030
420.209000,0.000076,0.000001,0.000000,0.000006,0.000039,0.000030
420.240000,0.000076,0.000057,0.000000,0.000004,0.000004,0.000011
420.257000,0.000076,0.000033,0.000002,0.000004,0.000004,0.000033
420.263000,0.000076,0.000031,0.000003,0.000000,0.000011,0.000032
420.286000,0.000076,0.000019,0.000000,0.000012,0.000001,0.000045
420.302000,0.000076,0.000051,0.000000,0.000009,0.000010,0.000006
420.316000,0.000076,0.000026,0.000000,0.000007,0.000012,0.000031
420.362000,0.000076,0.000029,0.000003,0.000000,0.000010,0.000033
420.397000,0.000076,0.000033,0.000000,0.000022,0.000016,0.000005
420.443000,0.000076,0.000014,0.000002,0.000007,0.000043,0.000010
420.454000,0.000076,0.000042,0.000001,0.000000,0.000004,0.000029
420.463000,0.000076,0.000039,0.000000,0.000000,0.000006,0.000032
420.464000,0.000076,0.000028,0.000000,0.000003,0.000003,0.000042
420.479000,0.000076,0.000024,0.000000,0.000004,0.000002,0.000046
420.489000,0.000076,0.000039,0.000000,0.000003,0.000022,0.000012
420.518000,0.000076,0.000048,0.000000,0.000002,0.000025,0.000001
420.534000,0.000076,0.000040,0.000001,0.000009,0.000002,0.000024
420.560000,0.000076,0.000022,0.000000,0.000007,0.000008,0.000039
420.595000,0.000076,0.000013,0.000000,0.000022,0.000012,0.000030
420.605000,0.000076,0.000015,0.000003,0.000003,0.000043,0.000012
420.608000,0.000076,0.000035,0.000002,0.000002,0.000008,0.000030
420.649000,0.000076,0.000054,0.000000,0.000000,0.000013,0.000009
420.696000,0.000076,0.000009,0.000002,0.000018,0.000044,0.000004
420.865000,0.000076,0.000028,0.000000,0.000008,0.000001,0.000040
420.877000,0.000076,0.000020,0.000001,0.000000,0.000009,0.000047
420.882000,0.000076,0.000012,0.000000,0.000014,0.000001,0.000049
420.909000,0.000076,0.000027,0.000002,0.000001,0.000029,0.000017
420.944000,0.000076,0.000010,0.000002,0.000011,0.000001,0.000052
421.002000,0.000076,0.000013,0.000000,0.000011,0.000041,0.000011
421.104000,0.000076,0.000049,0.000002,0.000005,0.000000,0.000021
421.110000,0.000076,0.000027,0.000000,0.000037,0.000008,0.000004
421.222000,0.000076,0.000042,0.000000,0.000011,0.000020,0.000003
421.245000,0.000076,0.000013,0.000000,0.000021,0.000024,0.000018
421.266000,0.000076,0.000063,0.000000,0.000008,0.000004,0.000002
421.268000,0.000076,0.000016,0.000000,0.000007,0.000038,0.000015
421.345000,0.000076,0.000025,0.000000,0.000015,0.000023,0.000014
421.362000,0.000076,0.000011,0.000001,0.000030,0.000015,0.000019
421.365000,0.000076,0.000009,0.000000,0.000016,0.000035,0.000016
421.392000,0.000076,0.000049,0.000000,0.000006,0.000002,0.000019
421.393000,0.000076,0.000028,0.000000,0.000001,0.000010,0.000037
421.411000,0.000076,0.000040,0.000001,0.000003,0.000023,0.000009
421.432000,0.000076,0.000046,0.000002,0.000001,0.000004,0.000023
421.442000,0.000076,0.000066,0.000002,0.000003,0.000004,0.000002
421.485000,0.000076,0.000023,0.000003,0.000016,0.000017,0.000018
421.487000,0.000076,0.000048,0.000000,0.000005,0.000013,0.000010
421.540000,0.000076,0.000059,0.000000,0.000013,0.000001,0.000004
421.602000,0.000076,0.000011,0.000000,0.000002,0.000023,0.000040
421.615000,0.000076,0.000054,0.000000,0.000000,0.000013,0.000009
421.617000,0.000076,0.000024,0.000000,0.000016,0.000021,0.000016
421.638000,0.000076,0.000011,0.000002,0.000015,0.000029,0.000020
421.644000,0.000076,0.000054,0.000000,0.000006,0.000002,0.000013
421.686000,0.000076,0.000007,0.000002,0.000016,0.000045,0.000007
421.697000,0.000076,0.000038,0.000000,0.000010,0.000022,0.000005
421.706000,0.000076,0.000027,0.000003,0.000034,0.000009,0.000003
421.713000,0.000076,0.000028,0.000000,0.000005,0.000011,0.000032
421.757000,0.000076,0.000032,0.000000,0.000006,0.000017,0.000022
421.827000,0.000076,0.000016,0.000000,0.000000,0.000021,0.000039
421.871000,0.000076,0.000022,0.000000,0.000007,0.000042,0.000006
421.906000,0.000076,0.000028,0.000001,0.000004,0.000004,0.000039
421.908000,0.000076,0.000020,0.000000,0.000001,0.000016,0.000040
421.949000,0.000076,0.000022,0.000000,0.000020,0.000022,0.000013
421.956000,0.000076,0.000012,0.000001,0.000009,0.000029,0.000026
421.985000,0.000076,0.000017,0.000000,0.000034,0.000010,0.000014
422.050000,0.000076,0.000003,0.000001,0.000004,0.000050,0.000018
422.059000,0.000076,0.000016,0.000001,0.000010,0.000015,0.000035
422.066000,0.000076,0.000041,0.000000,0.000008,0.000011,0.000016
422.075000,0.000076,0.000009,0.000000,0.000017,0.000019,0.000032
422.083000,0.000076,0.000018,0.000000,0.000000,0.000045,0.000013
422.090000,0.000076,0.000033,0.000001,0.000004,0.000004,0.000034
422.097000,0.000076,0.000032,0.000000,0.000022,0.000021,0.000001
422.330000,0.000076,0.000042,0.000000,0.000003,0.000019,0.000012
422.349000,0.000076,0.000037,0.000000,0.000002,0.000006,0.000030
422.395000,0.000076,0.000011,0.000001,0.000009,0.000026,0.000029
422.408000,0.000076,0.000028,0.000000,0.000011,0.000011,0.000026
422.472000,0.000076,0.000022,0.000001,0.000019,0.000022,0.000012
422.507000,0.000076,0.000013,0.000000,0.000012,0.000037,0.000015
422.519000,0.000076,0.000044,0.000000,0.000012,0.000017,0.000003
422.533000,0.000076,0.000030,0.000000,0.000004,0.000022,0.000020
422.545000,0.000076,0.000006,0.000000,0.000014,0.000027,0.000029
422.550000,0.000076,0.000032,0.000000,0.000010,0.000015,0.000019
422.619000,0.000076,0.000014,0.000001,0.000008,0.000021,0.000032
422.633000,0.000076,0.000001,0.000002,0.000017,0.000029,0.000027
422.712000,0.000076,0.000017,0.000001,0.000000,0.000017,0.000041
422.786000,0.000076,0.000044,0.000002,0.000001,0.000016,0.000013
422.791000,0.000076,0.000050,0.000000,0.000001,0.000023,0.000003
422.807000,0.000076,0.000030,0.000000,0.000002,0.000000,0.000044
422.839000,0.000076,0.000017,0.000001,0.000003,0.000038,0.000017
422.944000,0.000076,0.000022,0.000000,0.000003,0.000012,0.000039
422.945000,0.000076,0.000054,0.000000,0.000001,0.000008,0.000013
422.972000,0.000076,0.000017,0.000001,0.000010,0.000012,0.000035
423.118000,0.000076,0.000048,0.000000,0.000008,0.000017,0.000003
423.130000,0.000076,0.000047,0.000001,0.000002,0.000026,0.000001
423.161000,0.000076,0.000042,0.000000,0.000003,0.000020,0.000011
423.287000,0.000076,0.000030,0.000000,0.000003,0.000010,0.000034
423.342000,0.000076,0.000018,0.000000,0.000007,0.000004,0.000047
423.375000,0.000076,0.000011,0.000000,0.000012,0.000018,0.000035
423.461000,0.000076,0.000017,0.000004,0.000002,0.000040,0.000013
423.539000,0.000076,0.000053,0.000007,0.000007,0.000003,0.000006
423.600000,0.000076,0.000030,0.000006,0.000010,0.000010,0.000020
423.636000,0.000076,0.000013,0.000000,0.000011,0.000041,0.000011
423.639000,0.000076,0.000031,0.000001,0.000001,0.000024,0.000019
423.643000,0.000076,0.000017,0.000000,0.000000,0.000011,0.000049
423.715000,0.000076,0.000019,0.000001,0.000006,0.000008,0.000041
423.734000,0.000076,0.000013,0.000000,0.000004,0.000020,0.000040
423.745000,0.000076,0.000012,0.000000,0.000029,0.000025,0.000011
423.798000,0.000076,0.000034,0.000000,0.000003,0.000023,0.000016
423.804000,0.000076,0.000041,0.000000,0.000013,0.000018,0.000005
423.851000,0.000076,0.000005,0.000000,0.000000,0.000033,0.000038
423.883000,0.000076,0.000039,0.000003,0.000013,0.000012,0.000010
423.921000,0.000076,0.000029,0.000000,0.000004,0.000010,0.000032
423.938000,0.000076,0.000032,0.000000,0.000000,0.000027,0.000018
423.957000,0.000076,0.000018,0.000000,0.000001,0.000039,0.000018
423.993000,0.000076,0.000009,0.000000,0.000010,0.000027,0.000030
424.072000,0.000076,0.000029,0.000000,0.000002,0.000009,0.000036
424.160000,0.000076,0.000027,0.000000,0.000022,0.000021,0.000006
424.197000,0.000076,0.000029,0.000003,0.000024,0.000017,0.000002
424.214000,0.000076,0.000031,0.000001,0.000001,0.000012,0.000032
424.384000,0.000076,0.000008,0.000000,0.000010,0.000038,0.000020
424.437000,0.000076,0.000010,0.000000,0.000002,0.000052,0.000012
424.440000,0.000076,0.000018,0.000000,0.000009,0.000006,0.000043
424.481000,0.000076,0.000015,0.000001,0.000011,0.000015,0.000034
424.495000,0.000076,0.000034,0.000000,0.000000,0.000013,0.000029
424.515000,0.000076,0.000029,0.000002,0.000011,0.000023,0.000012
424.567000,0.000076,0.000040,0.000000,0.000001,0.000021,0.000015
424.577000,0.000076,0.000019,0.000000,0.000001,0.000040,0.000016
424.598000,0.000076,0.000030,0.000003,0.000002,0.000005,0.000036
424.617000,0.000076,0.000023,0.000000,0.000005,0.000002,0.000046
424.638000,0.000076,0.000035,0.000001,0.000008,0.000013,0.000019
424.640000,0.000076,0.000032,0.000001,0.000025,0.000017,0.000002
424.656000,0.000076,0.000006,0.000000,0.000011,0.000024,0.000035
424.663000,0.000076,0.000029,0.000002,0.000000,0.000009,0.000035
424.753000,0.000076,0.000033,0.000000,0.000003,0.000009,0.000031
424.760000,0.000076,0.000040,0.000004,0.000029,0.000001,0.000002
424.839000,0.000076,0.000014,0.000001,0.000015,0.000033,0.000013
424.841000,0.000076,0.000018,0.000000,0.000034,0.000008,0.000016
424.988000,0.000076,0.000021,0.000002,0.000013,0.000026,0.000015
425.043000,0.000076,0.000022,0.000001,0.000024,0.000010,0.000019
425.061000,0.000076,0.000021,0.000002,0.000000,0.000048,0.000005
425.102000,0.000076,0.000039,0.000000,0.000000,0.000007,0.000030
425.114000,0.000076,0.000050,0.000002,0.000017,0.000003,0.000005
425.136000,0.000076,0.000014,0.000001,0.000001,0.000043,0.000017
425.167000,0.000076,0.000024,0.000000,0.000014,0.000012,0.000026
425.236000,0.000152,0.000071,0.000001,0.000017,0.000054,0.000009
425.239000,0.000076,0.000061,0.000002,0.000001,0.000001,0.000011
425.247000,0.000076,0.000046,0.000002,0.000011,0.000011,0.000006
425.295000,0.000076,0.000003,0.000002,0.000003,0.000011,0.000058
425.365000,0.000076,0.000056,0.000004,0.000004,0.000011,0.000001
425.437000,0.000076,0.000012,0.000002,0.000013,0.000020,0.000030
425.530000,0.000076,0.000008,0.000003,0.000001,0.000026,0.000038
425.563000,0.000076,0.000008,0.000001,0.000023,0.000024,0.000019
425.565000,0.000076,0.000014,0.000001,0.000009,0.000022,0.000031
425.574000,0.000076,0.000054,0.000003,0.000004,0.000000,0.000015
425.595000,0.000076,0.000019,0.000000,0.000001,0.000044,0.000012
425.601000,0.000076,0.000008,0.000006,0.000005,0.000025,0.000031
425.639000,0.000076,0.000050,0.000000,0.000009,0.000011,0.000006
425.660000,0.000076,0.000037,0.000000,0.000010,0.000004,0.000025
425.720000,0.000152,0.000030,0.000002,0.000024,0.000037,0.000059
425.759000,0.000076,0.000026,0.000000,0.000003,0.000015,0.000031
425.833000,0.000076,0.000004,0.000000,0.000011,0.000034,0.000027
425.897000,0.000076,0.000027,0.000000,0.000005,0.000016,0.000028
425.910000,0.000076,0.000041,0.000002,0.000001,0.000026,0.000006
425.950000,0.000076,0.000019,0.000000,0.000028,0.000010,0.000019
425.953000,0.000076,0.000028,0.000003,0.000009,0.000011,0.000025
426.060000,0.000076,0.000024,0.000000,0.000012,0.000008,0.000031
426.067000,0.000076,0.000023,0.000003,0.000031,0.000013,0.000007
426.122000,0.000076,0.000046,0.000001,0.000006,0.000018,0.000006
426.181000,0.000076,0.000023,0.000000,0.000034,0.000006,0.000014
426.272000,0.000076,0.000018,0.000001,0.000014,0.000028,0.000015
426.315000,0.000076,0.000020,0.000000,0.000005,0.000017,0.000034
426.366000,0.000076,0.000010,0.000001,0.000007,0.000025,0.000032
426.367000,0.000076,0.000011,0.000000,0.000015,0.000029,0.000021
426.377000,0.000076,0.000063,0.000000,0.000005,0.000006,0.000003
426.434000,0.000076,0.000025,0.000000,0.000013,0.000011,0.000027
426.540000,0.000076,0.000006,0.000000,0.000005,0.000032,0.000033
426.630000,0.000076,0.000014,0.000000,0.000021,0.000025,0.000016
426.649000,0.000076,0.000049,0.000001,0.000003,0.000021,0.000001
426.708000,0.000076,0.000015,0.000004,0.000011,0.000005,0.000041
426.732000,0.000076,0.000013,0.000000,0.000016,0.000033,0.000014
426.738000,0.000076,0.000024,0.000002,0.000006,0.000004,0.000040
426.757000,0.000076,0.000015,0.000000,0.000014,0.000032,0.000015
426.773000,0.000076,0.000038,0.000001,0.000002,0.000020,0.000015
426.786000,0.000076,0.000031,0.000002,0.000010,0.000008,0.000026
426.803000,0.000076,0.000021,0.000000,0.000012,0.000002,0.000041
426.849000,0.000076,0.000029,0.000002,0.000007,0.000016,0.000022
426.887000,0.000076,0.000021,0.000000,0.000010,0.000010,0.000035
426.901000,0.000076,0.000018,0.000000,0.000002,0.000011,0.000044
427.004000,0.000076,0.000005,0.000001,0.000005,0.000036,0.000028
427.116000,0.000076,0.000029,0.000000,0.000009,0.000011,0.000027
427.130000,0.000076,0.000015,0.000004,0.000002,0.000021,0.000034
427.245000,0.000076,0.000045,0.000000,0.000010,0.000017,0.000005
427.248000,0.000076,0.000027,0.000000,0.000007,0.000007,0.000036
427.273000,0.000076,0.000046,0.000002,0.000000,0.000014,0.000015
427.278000,0.000076,0.000047,0.000000,0.000006,0.000012,0.000011
427.345000,0.000076,0.000047,0.000000,0.000011,0.000013,0.000005
427.381000,0.000076,0.000029,0.000000,0.000002,0.000001,0.000045
427.453000,0.000076,0.000023,0.000000,0.000016,0.000000,0.000038
427.460000,0.000076,0.000002,0.000006,0.000004,0.000033,0.000030
427.491000,0.000076,0.000004,0.000003,0.000007,0.000043,0.000019
427.516000,0.000076,0.000003,0.000000,0.000007,0.000043,0.000023
427.550000,0.000076,0.000053,0.000000,0.000004,0.000000,0.000019
427.610000,0.000076,0.000015,0.000000,0.000015,0.000028,0.000018
427.684000,0.000076,0.000028,0.000000,0.000003,0.000002,0.000043
427.713000,0.000076,0.000045,0.000000,0.000014,0.000013,0.000004
427.757000,0.000076,0.000044,0.000000,0.000005,0.000008,0.000019
427.763000,0.000076,0.000020,0.000001,0.000025,0.000012,0.000019
427.864000,0.000076,0.000035,0.000000,0.000010,0.000006,0.000026
427.879000,0.000076,0.000018,0.000000,0.000005,0.000010,0.000042
427.891000,0.000076,0.000043,0.000001,0.000011,0.000018,0.000003
427.902000,0.000076,0.000009,0.000000,0.000010,0.000048,0.000009
427.911000,0.000076,0.000015,0.000001,0.000010,0.000022,0.000028
427.977000,0.000076,0.000023,0.000001,0.000010,0.000001,0.000042
427.987000,0.000076,0.000036,0.000002,0.000009,0.000003,0.000026
428.014000,0.000076,0.000025,0.000001,0.000002,0.000035,0.000014
428.056000,0.000076,0.000045,0.000001,0.000006,0.000008,0.000015
428.066000,0.000076,0.000032,0.000002,0.000009,0.000015,0.000018
428.112000,0.000076,0.000039,0.000000,0.000012,0.000014,0.000010
428.164000,0.000076,0.000053,0.000000,0.000002,0.000008,0.000013
428.190000,0.000076,0.000028,0.000001,0.000005,0.000015,0.000027
428.299000,0.000076,0.000039,0.000002,0.000000,0.000004,0.000030
428.370000,0.000076,0.000027,0.000000,0.000006,0.000000,0.000042
428.386000,0.000076,0.000041,0.000000,0.000000,0.000003,0.000033
428.389000,0.000076,0.000025,0.000000,0.000013,0.000009,0.000030
428.414000,0.000076,0.000025,0.000003,0.000014,0.000020,0.000014
428.423000,0.000076,0.000018,0.000002,0.000028,0.000019,0.000010
428.436000,0.000076,0.000040,0.000002,0.000006,0.000002,0.000026
428.447000,0.000076,0.000018,0.000002,0.000007,0.000012,0.000037
428.460000,0.000076,0.000010,0.000000,0.000022,0.000003,0.000041
428.490000,0.000076,0.000046,0.000000,0.000005,0.000007,0.000017
428.498000,0.000152,0.000065,0.000002,0.000021,0.000025,0.000038
428.521000,0.000076,0.000051,0.000003,0.000000,0.000015,0.000006
428.562000,0.000076,0.000031,0.000000,0.000001,0.000015,0.000029
428.612000,0.000076,0.000025,0.000001,0.000006,0.000002,0.000041
428.684000,0.000076,0.000045,0.000002,0.000005,0.000022,0.000001
428.731000,0.000076,0.000026,0.000001,0.000009,0.000006,0.000034
428.746000,0.000076,0.000054,0.000001,0.000007,0.000001,0.000013
428.772000,0.000076,0.000002,0.000002,0.000027,0.000032,0.000013
428.819000,0.000076,0.000033,0.000000,0.000001,0.000023,0.000019
428.834000,0.000076,0.000020,0.000003,0.000007,0.000003,0.000043
428.847000,0.000076,0.000021,0.000001,0.000001,0.000043,0.000010
428.906000,0.000076,0.000036,0.000000,0.000009,0.000005,0.000026
428.925000,0.000076,0.000020,0.000000,0.000013,0.000010,0.000034
428.981000,0.000076,0.000013,0.000001,0.000001,0.000042,0.000019
429.048000,0.000076,0.000018,0.000001,0.000010,0.000043,0.000004
429.052000,0.000076,0.000019,0.000001,0.000000,0.000054,0.000002
429.058000,0.000076,0.000039,0.000001,0.000017,0.000007,0.000013
429.083000,0.000076,0.000006,0.000000,0.000026,0.000031,0.000013
429.102000,0.000076,0.000050,0.000003,0.000003,0.000001,0.000019
429.138000,0.000076,0.000024,0.000000,0.000029,0.000016,0.000007
429.143000,0.000076,0.000008,0.000003,0.000014,0.000003,0.000048
429.197000,0.000076,0.000040,0.000001,0.000000,0.000003,0.000032
429.212000,0.000076,0.000044,0.000000,0.000016,0.000008,0.000009
429.245000,0.000076,0.000043,0.000001,0.000010,0.000019,0.000002
429.260000,0.000076,0.000036,0.000000,0.000000,0.000001,0.000038
429.286000,0.000076,0.000043,0.000002,0.000007,0.000009,0.000017
429.343000,0.000076,0.000019,0.000000,0.000011,0.000027,0.000020
429.411000,0.000076,0.000018,0.000001,0.000006,0.000008,0.000042
429.459000,0.000076,0.000025,0.000000,0.000007,0.000002,0.000043
429.472000,0.000076,0.000014,0.000005,0.000001,0.000030,0.000026
429.496000,0.000076,0.000002,0.000003,0.000005,0.000037,0.000029
429.503000,0.000076,0.000012,0.000000,0.000004,0.000027,0.000034
429.510000,0.000076,0.000017,0.000000,0.000003,0.000011,0.000045
429.707000,0.000076,0.000038,0.000000,0.000011,0.000025,0.000002
429.755000,0.000076,0.000029,0.000000,0.000005,0.000019,0.000023
429.761000,0.000076,0.000013,0.000000,0.000001,0.000044,0.000018
429.824000,0.000076,0.000055,0.000002,0.000010,0.000000,0.000009
429.860000,0.000076,0.000026,0.000000,0.000006,0.000012,0.000032
429.865000,0.000076,0.000022,0.000001,0.000001,0.000045,0.000007
429.884000,0.000076,0.000031,0.000000,0.000004,0.000002,0.000039
429.918000,0.000076,0.000021,0.000000,0.000002,0.000043,0.000010
429.975000,0.000076,0.000027,0.000000,0.000007,0.000010,0.000032
430.041000,0.000076,0.000018,0.000000,0.000000,0.000040,0.000018
430.054000,0.000076,0.000035,0.000004,0.000004,0.000022,0.000010
430.069000,0.000076,0.000060,0.000000,0.000004,0.000000,0.000012
430.090000,0.000076,0.000011,0.000000,0.000000,0.000043,0.000022
430.138000,0.000076,0.000041,0.000000,0.000004,0.000013,0.000018
430.194000,0.000076,0.000034,0.000003,0.000007,0.000005,0.000028
430.239000,0.000076,0.000038,0.000001,0.000015,0.000016,0.000005
430.263000,0.000076,0.000005,0.000001,0.000015,0.000038,0.000016
430.459000,0.000076,0.000031,0.000000,0.000003,0.000022,0.000020
430.465000,0.000076,0.000003,0.000000,0.000019,0.000028,0.000027
430.474000,0.000076,0.000024,0.000000,0.000003,0.000011,0.000038
430.494000,0.000076,0.000018,0.000002,0.000003,0.000031,0.000022
430.517000,0.000076,0.000007,0.000002,0.000027,0.000030,0.000010
430.557000,0.000076,0.000010,0.000001,0.000016,0.000030,0.000020
430.595000,0.000076,0.000034,0.000000,0.000003,0.000024,0.000015
430.643000,0.000076,0.000041,0.000000,0.000007,0.000026,0.000002
430.690000,0.000076,0.000027,0.000000,0.000004,0.000001,0.000044
430.692000,0.000076,0.000051,0.000003,0.000001,0.000000,0.000020
430.703000,0.000076,0.000025,0.000000,0.000010,0.000010,0.000030
430.755000,0.000076,0.000038,0.000009,0.000009,0.000002,0.000019
430.790000,0.000076,0.000020,0.000002,0.000029,0.000016,0.000009
430.824000,0.000076,0.000037,0.000000,0.000035,0.000001,0.000003
430.856000,0.000076,0.000015,0.000000,0.000001,0.000050,0.000009
430.860000,0.000076,0.000042,0.000000,0.000002,0.000020,0.000012
430.889000,0.000076,0.000016,0.000000,0.000034,0.000010,0.000016
430.985000,0.000076,0.000025,0.000000,0.000002,0.000033,0.000017
431.042000,0.000076,0.000047,0.000002,0.000003,0.000005,0.000019
431.071000,0.000076,0.000034,0.000006,0.000002,0.000002,0.000031
431.076000,0.000076,0.000023,0.000000,0.000029,0.000021,0.000003
431.127000,0.000076,0.000020,0.000002,0.000004,0.000006,0.000044
431.146000,0.000076,0.000020,0.000001,0.000015,0.000001,0.000038
431.245000,0.000076,0.000023,0.000001,0.000011,0.000002,0.000039
431.259000,0.000076,0.000016,0.000002,0.000002,0.000020,0.000035
431.290000,0.000076,0.000026,0.000000,0.000000,0.000001,0.000049
431.315000,0.000076,0.000012,0.000000,0.000013,0.000032,0.000019
431.474000,0.000076,0.000035,0.000000,0.000000,0.000004,0.000038
431.520000,0.000076,0.000041,0.000002,0.000003,0.000021,0.000009
431.540000,0.000076,0.000003,0.000004,0.000010,0.000051,0.000008
431.543000,0.000076,0.000016,0.000002,0.000018,0.000010,0.000030
431.618000,0.000076,0.000044,0.000002,0.000008,0.000014,0.000008
431.635000,0.000076,0.000013,0.000000,0.000019,0.000032,0.000011
431.641000,0.000076,0.000019,0.000001,0.000015,0.000001,0.000039
431.659000,0.000076,0.000047,0.000000,0.000006,0.000009,0.000014
431.664000,0.000076,0.000017,0.000001,0.000016,0.000027,0.000014
431.747000,0.000076,0.000018,0.000000,0.000005,0.000041,0.000011
431.764000,0.000076,0.000038,0.000001,0.000010,0.000003,0.000024
431.837000,0.000076,0.000015,0.000002,0.000034,0.000010,0.000016
431.845000,0.000076,0.000033,0.000001,0.000002,0.000003,0.000037
431.921000,0.000076,0.000030,0.000000,0.000009,0.000009,0.000029
431.944000,0.000076,0.000052,0.000000,0.000007,0.000013,0.000004
431.946000,0.000076,0.000025,0.000000,0.000009,0.000002,0.000041
431.953000,0.000076,0.000013,0.000000,0.000000,0.000051,0.000012
431.956000,0.000076,0.000018,0.000002,0.000005,0.000034,0.000017
431.981000,0.000076,0.000014,0.000000,0.000000,0.000034,0.000028
432.018000,0.000076,0.000036,0.000000,0.000000,0.000005,0.000035
432.041000,0.000076,0.000017,0.000000,0.000009,0.000009,0.000041
432.083000,0.000076,0.000024,0.000000,0.000006,0.000007,0.000038
432.166000,0.000076,0.000042,0.000000,0.000010,0.000013,0.000011
432.197000,0.000076,0.000027,0.000000,0.000013,0.000006,0.000030
432.218000,0.000076,0.000014,0.000000,0.000020,0.000012,0.000030
432.244000,0.000076,0.000021,0.000000,0.000004,0.000044,0.000008
432.268000,0.000076,0.000029,0.000000,0.000013,0.000022,0.000012
432.329000,0.000076,0.000031,0.000000,0.000020,0.000022,0.000003
432.395000,0.000076,0.000038,0.000000,0.000009,0.000021,0.000008
432.459000,0.000076,0.000029,0.000000,0.000025,0.000017,0.000005
432.484000,0.000076,0.000009,0.000000,0.000008,0.000045,0.000014
432.513000,0.000076,0.000013,0.000001,0.000014,0.000033,0.000014
432.517000,0.000076,0.000026,0.000001,0.000030,0.000011,0.000008
432.558000,0.000076,0.000044,0.000000,0.000002,0.000000,0.000031
432.587000,0.000076,0.000043,0.000001,0.000003,0.000009,0.000020
432.617000,0.000076,0.000005,0.000000,0.000001,0.000033,0.000038
432.628000,0.000076,0.000018,0.000002,0.000010,0.000004,0.000042
432.637000,0.000076,0.000023,0.000001,0.000002,0.000015,0.000036
432.672000,0.000076,0.000037,0.000000,0.000001,0.000005,0.000033
432.679000,0.000076,0.000019,0.000001,0.000003,0.000015,0.000040
432.753000,0.000076,0.000011,0.000000,0.000000,0.000043,0.000022
432.795000,0.000076,0.000036,0.000001,0.000002,0.000022,0.000015
432.860000,0.000076,0.000000,0.000003,0.000016,0.000033,0.000024
432.893000,0.000076,0.000028,0.000003,0.000005,0.000014,0.000026
432.973000,0.000076,0.000027,0.000000,0.000001,0.000001,0.000047
432.996000,0.000076,0.000035,0.000000,0.000034,0.000002,0.000005
433.056000,0.000076,0.000021,0.000001,0.000012,0.000003,0.000038
433.080000,0.000076,0.000037,0.000001,0.000001,0.000020,0.000018
433.089000,0.000076,0.000033,0.000000,0.000001,0.000025,0.000016
433.159000,0.000076,0.000016,0.000000,0.000000,0.000017,0.000043
433.265000,0.000076,0.000052,0.000000,0.000007,0.000015,0.000002
433.283000,0.000076,0.000025,0.000000,0.000014,0.000009,0.000028
433.327000,0.000076,0.000022,0.000000,0.000000,0.000016,0.000038
433.367000,0.000076,0.000019,0.000000,0.000011,0.000037,0.000009
433.434000,0.000076,0.000036,0.000000,0.000036,0.000001,0.000002
433.442000,0.000076,0.000038,0.000000,0.000001,0.000019,0.000017
433.495000,0.000076,0.000054,0.000000,0.000014,0.000003,0.000005
433.539000,0.000076,0.000042,0.000005,0.000008,0.000006,0.000015
433.557000,0.000076,0.000021,0.000002,0.000005,0.000010,0.000038
433.581000,0.000076,0.000031,0.000000,0.000008,0.000012,0.000026
433.606000,0.000152,0.000031,0.000003,0.000027,0.000051,0.000041
433.659000,0.000076,0.000008,0.000003,0.000018,0.000036,0.000010
433.661000,0.000076,0.000020,0.000002,0.000005,0.000048,0.000002
433.666000,0.000076,0.000029,0.000000,0.000003,0.000016,0.000028
433.667000,0.000076,0.000048,0.000000,0.000003,0.000011,0.000015
433.673000,0.000076,0.000042,0.000000,0.000016,0.000008,0.000010
433.702000,0.000152,0.000083,0.000005,0.000004,0.000050,0.000011
433.771000,0.000076,0.000010,0.000000,0.000009,0.000049,0.000008
433.791000,0.000076,0.000014,0.000000,0.000022,0.000009,0.000031
433.837000,0.000076,0.000016,0.000000,0.000003,0.000018,0.000038
433.865000,0.000076,0.000051,0.000001,0.000015,0.000004,0.000006
433.869000,0.000076,0.000050,0.000001,0.000007,0.000011,0.000008
433.883000,0.000076,0.000013,0.000000,0.000002,0.000030,0.000031
433.945000,0.000076,0.000042,0.000000,0.000001,0.000000,0.000032
433.962000,0.000076,0.000006,0.000000,0.000014,0.000014,0.000042
433.981000,0.000076,0.000061,0.000002,0.000002,0.000002,0.000010
433.982000,0.000076,0.000026,0.000000,0.000007,0.000000,0.000044
433.985000,0.000076,0.000016,0.000002,0.000011,0.000027,0.000020
434.015000,0.000076,0.000007,0.000003,0.000002,0.000030,0.000034
434.030000,0.000076,0.000049,0.000000,0.000008,0.000014,0.000005
434.079000,0.000076,0.000007,0.000002,0.000017,0.000035,0.000015
434.085000,0.000076,0.000026,0.000001,0.000002,0.000034,0.000013
434.098000,0.000076,0.000011,0.000001,0.000000,0.000060,0.000005
434.102000,0.000076,0.000037,0.000004,0.000000,0.000006,0.000029
434.110000,0.000076,0.000022,0.000004,0.000013,0.000025,0.000013
434.221000,0.000076,0.000024,0.000000,0.000001,0.000005,0.000046
434.253000,0.000076,0.000007,0.000000,0.000007,0.000033,0.000029
434.293000,0.000076,0.000024,0.000004,0.000005,0.000038,0.000005
434.322000,0.000076,0.000014,0.000001,0.000021,0.000010,0.000030
434.415000,0.000076,0.000058,0.000002,0.000006,0.000006,0.000004
434.446000,0.000076,0.000007,0.000002,0.000008,0.000031,0.000028
434.451000,0.000076,0.000010,0.000000,0.000006,0.000025,0.000035
434.614000,0.000076,0.000040,0.000000,0.000007,0.000024,0.000006
434.627000,0.000076,0.000031,0.000001,0.000001,0.000014,0.000030
434.694000,0.000076,0.000017,0.000000,0.000012,0.000004,0.000043
434.705000,0.000076,0.000055,0.000000,0.000004,0.000010,0.000007
434.760000,0.000076,0.000021,0.000000,0.000002,0.000051,0.000003
434.792000,0.000076,0.000021,0.000000,0.000017,0.000023,0.000016
434.907000,0.000076,0.000009,0.000006,0.000005,0.000019,0.000037
434.917000,0.000076,0.000016,0.000001,0.000010,0.000007,0.000041
434.972000,0.000076,0.000018,0.000000,0.000004,0.000016,0.000039
435.015000,0.000076,0.000034,0.000000,0.000004,0.000030,0.000008
435.018000,0.000076,0.000041,0.000000,0.000008,0.000022,0.000005
435.052000,0.000076,0.000025,0.000005,0.000003,0.000030,0.000012
435.078000,0.000076,0.000046,0.000000,0.000002,0.000011,0.000018
435.163000,0.000076,0.000013,0.000002,0.000003,0.000050,0.000008
435.184000,0.000076,0.000010,0.000000,0.000017,0.000003,0.000046
435.194000,0.000076,0.000059,0.000002,0.000000,0.000003,0.000013
435.195000,0.000076,0.000003,0.000001,0.000007,0.000042,0.000022
435.294000,0.000076,0.000025,0.000004,0.000009,0.000000,0.000038
435.311000,0.000076,0.000014,0.000000,0.000009,0.000008,0.000045
435.419000,0.000076,0.000029,0.000000,0.000004,0.000005,0.000038
435.421000,0.000076,0.000030,0.000001,0.000000,0.000013,0.000032
435.453000,0.000076,0.000039,0.000000,0.000016,0.000008,0.000014
435.462000,0.000076,0.000010,0.000000,0.000015,0.000002,0.000048
435.485000,0.000076,0.000003,0.000000,0.000015,0.000027,0.000030
435.515000,0.000076,0.000016,0.000000,0.000000,0.000033,0.000027
435.553000,0.000076,0.000015,0.000000,0.000022,0.000010,0.000029
435.565000,0.000076,0.000020,0.000003,0.000016,0.000032,0.000006
435.611000,0.000076,0.000016,0.000000,0.000024,0.000009,0.000027
435.615000,0.000076,0.000015,0.000003,0.000005,0.000040,0.000014
435.667000,0.000076,0.000006,0.000000,0.000000,0.000035,0.000035
435.711000,0.000076,0.000035,0.000000,0.000034,0.000003,0.000004
435.717000,0.000076,0.000017,0.000000,0.000013,0.000029,0.000016
435.726000,0.000076,0.000039,0.000000,0.000035,0.000000,0.000002
435.780000,0.000076,0.000013,0.000003,0.000001,0.000041,0.000018
435.859000,0.000076,0.000046,0.000002,0.000015,0.000008,0.000005
435.957000,0.000076,0.000045,0.000002,0.000002,0.000000,0.000028
436.025000,0.000076,0.000030,0.000002,0.000002,0.000002,0.000040
436.032000,0.000076,0.000010,0.000000,0.000003,0.000042,0.000021
436.060000,0.000076,0.000054,0.000000,0.000009,0.000002,0.000011
436.165000,0.000076,0.000039,0.000000,0.000004,0.000022,0.000011
436.183000,0.000076,0.000033,0.000000,0.000011,0.000005,0.000026
436.194000,0.000076,0.000007,0.000000,0.000025,0.000031,0.000013
436.234000,0.000076,0.000037,0.000001,0.000000,0.000004,0.000034
436.249000,0.000076,0.000018,0.000000,0.000008,0.000007,0.000043
436.289000,0.000076,0.000016,0.000000,0.000014,0.000037,0.000009
436.363000,0.000076,0.000031,0.000000,0.000005,0.000034,0.000007
436.370000,0.000076,0.000027,0.000000,0.000025,0.000016,0.000008
436.402000,0.000076,0.000026,0.000000,0.000012,0.000016,0.000021
436.520000,0.000076,0.000025,0.000000,0.000012,0.000012,0.000026
436.528000,0.000076,0.000048,0.000000,0.000018,0.000008,0.000002
436.568000,0.000076,0.000034,0.000000,0.000011,0.000005,0.000027
436.571000,0.000076,0.000017,0.000001,0.000007,0.000044,0.000007
436.582000,0.000076,0.000008,0.000000,0.000009,0.000042,0.000016
436.620000,0.000076,0.000031,0.000001,0.000013,0.000006,0.000025
436.629000,0.000076,0.000033,0.000000,0.000011,0.000005,0.000027
436.716000,0.000076,0.000028,0.000003,0.000024,0.000014,0.000007
436.768000,0.000076,0.000034,0.000000,0.000002,0.000004,0.000036
436.889000,0.000076,0.000019,0.000000,0.000011,0.000037,0.000008
436.921000,0.000076,0.000016,0.000000,0.000018,0.000014,0.000027
436.959000,0.000076,0.000038,0.000001,0.000000,0.000020,0.000017
437.069000,0.000076,0.000040,0.000000,0.000007,0.000005,0.000024
437.143000,0.000076,0.000040,0.000000,0.000010,0.000002,0.000023
437.186000,0.000076,0.000031,0.000000,0.000006,0.000016,0.000022
437.213000,0.000076,0.000005,0.000000,0.000015,0.000018,0.000038
437.272000,0.000076,0.000015,0.000002,0.000013,0.000031,0.000015
437.292000,0.000076,0.000010,0.000000,0.000012,0.000024,0.000030
437.340000,0.000076,0.000007,0.000000,0.000008,0.000024,0.000037
437.444000,0.000076,0.000034,0.000002,0.000007,0.000016,0.000017
437.455000,0.000076,0.000032,0.000000,0.000034,0.000006,0.000003
437.568000,0.000076,0.000048,0.000002,0.000004,0.000012,0.000010
437.586000,0.000076,0.000029,0.000002,0.000004,0.000014,0.000028
437.607000,0.000076,0.000043,0.000000,0.000005,0.000005,0.000022
437.609000,0.000076,0.000027,0.000000,0.000011,0.000012,0.000027
437.634000,0.000076,0.000033,0.000002,0.000002,0.000009,0.000029
437.653000,0.000076,0.000028,0.000000,0.000001,0.000022,0.000025
437.742000,0.000076,0.000000,0.000000,0.000014,0.000020,0.000042
437.743000,0.000076,0.000014,0.000000,0.000000,0.000050,0.000013
437.874000,0.000076,0.000019,0.000001,0.000006,0.000007,0.000043
437.914000,0.000076,0.000060,0.000000,0.000006,0.000003,0.000008
437.948000,0.000076,0.000030,0.000001,0.000005,0.000000,0.000038
437.965000,0.000076,0.000025,0.000000,0.000007,0.000012,0.000031
437.989000,0.000076,0.000046,0.000003,0.000004,0.000022,0.000000
438.032000,0.000076,0.000033,0.000001,0.000003,0.000019,0.000019
438.088000,0.000076,0.000027,0.000003,0.000014,0.000022,0.000010
438.092000,0.000076,0.000026,0.000000,0.000009,0.000002,0.000038
438.095000,0.000076,0.000054,0.000004,0.000015,0.000002,0.000000
438.100000,0.000076,0.000026,0.000000,0.000012,0.000024,0.000013
438.115000,0.000076,0.000029,0.000001,0.000002,0.000004,0.000040
438.171000,0.000076,0.000017,0.000001,0.000002,0.000049,0.000008
438.188000,0.000076,0.000003,0.000000,0.000007,0.000032,0.000034
438.268000,0.000076,0.000037,0.000000,0.000020,0.000009,0.000010
438.286000,0.000076,0.000035,0.000000,0.000000,0.000023,0.000018
438.361000,0.000076,0.000016,0.000001,0.000007,0.000010,0.000042
438.380000,0.000076,0.000018,0.000000,0.000013,0.000030,0.000015
438.560000,0.000076,0.000017,0.000005,0.000000,0.000031,0.000023
438.570000,0.000076,0.000043,0.000000,0.000010,0.000013,0.000010
438.598000,0.000076,0.000048,0.000000,0.000002,0.000022,0.000004
438.629000,0.000076,0.000039,0.000000,0.000003,0.000017,0.000017
438.691000,0.000076,0.000059,0.000001,0.000004,0.000005,0.000008
438.778000,0.000076,0.000008,0.000002,0.000009,0.000040,0.000016
438.782000,0.000076,0.000029,0.000003,0.000011,0.000020,0.000013
438.834000,0.000076,0.000004,0.000000,0.000014,0.000029,0.000029
438.835000,0.000076,0.000022,0.000003,0.000001,0.000016,0.000035
438.845000,0.000076,0.000041,0.000000,0.000013,0.000012,0.000010
438.923000,0.000076,0.000042,0.000000,0.000005,0.000006,0.000023
438.933000,0.000076,0.000019,0.000000,0.000011,0.000007,0.000040
438.943000,0.000076,0.000039,0.000000,0.000014,0.000017,0.000006
438.948000,0.000076,0.000038,0.000004,0.000030,0.000000,0.000004
438.966000,0.000076,0.000043,0.000001,0.000018,0.000003,0.000010
438.975000,0.000076,0.000051,0.000000,0.000015,0.000005,0.000005
438.985000,0.000076,0.000032,0.000000,0.000006,0.000018,0.000020
439.006000,0.000076,0.000000,0.000000,0.000019,0.000028,0.000029
439.080000,0.000076,0.000013,0.000001,0.000000,0.000020,0.000042
439.097000,0.000076,0.000003,0.000002,0.000010,0.000035,0.000026
439.105000,0.000076,0.000030,0.000000,0.000004,0.000002,0.000040
439.113000,0.000076,0.000030,0.000000,0.000005,0.000031,0.000010
439.124000,0.000076,0.000049,0.000000,0.000004,0.000022,0.000001
439.200000,0.000152,0.000056,0.000001,0.000008,0.000035,0.000053
439.231000,0.000076,0.000004,0.000000,0.000015,0.000020,0.000038
439.249000,0.000076,0.000048,0.000003,0.000011,0.000010,0.000004
439.276000,0.000076,0.000011,0.000001,0.000005,0.000025,0.000034
439.283000,0.000076,0.000029,0.000001,0.000001,0.000013,0.000032
439.320000,0.000076,0.000035,0.000000,0.000036,0.000000,0.000005
439.332000,0.000076,0.000015,0.000002,0.000017,0.000015,0.000026
439.403000,0.000076,0.000012,0.000000,0.000005,0.000024,0.000035
439.501000,0.000076,0.000027,0.000001,0.000005,0.000019,0.000025
439.583000,0.000076,0.000016,0.000000,0.000023,0.000009,0.000028
439.634000,0.000076,0.000007,0.000001,0.000007,0.000025,0.000036
439.678000,0.000076,0.000010,0.000000,0.000002,0.000060,0.000005
439.693000,0.000076,0.000007,0.000001,0.000013,0.000050,0.000005
439.719000,0.000076,0.000035,0.000000,0.000036,0.000000,0.000006
439.775000,0.000076,0.000054,0.000000,0.000014,0.000002,0.000006
439.890000,0.000076,0.000030,0.000000,0.000005,0.000031,0.000010
439.911000,0.000076,0.000001,0.000000,0.000006,0.000012,0.000056
439.913000,0.000076,0.000020,0.000002,0.000008,0.000005,0.000040
439.933000,0.000076,0.000045,0.000000,0.000007,0.000012,0.000013
439.936000,0.000076,0.000033,0.000001,0.000002,0.000006,0.000034
439.954000,0.000076,0.000016,0.000000,0.000016,0.000031,0.000013
439.987000,0.000076,0.000024,0.000000,0.000028,0.000016,0.000008
439.996000,0.000152,0.000045,0.000000,0.000035,0.000028,0.000044
440.035000,0.000076,0.000027,0.000000,0.000012,0.000011,0.000026
440.060000,0.000076,0.000025,0.000002,0.000007,0.000019,0.000022
440.146000,0.000076,0.000008,0.000000,0.000004,0.000022,0.000042
440.166000,0.000076,0.000005,0.000000,0.000021,0.000018,0.000032
440.209000,0.000076,0.000039,0.000001,0.000014,0.000015,0.000006
440.265000,0.000076,0.000014,0.000002,0.000004,0.000041,0.000015
440.283000,0.000076,0.000057,0.000000,0.000011,0.000002,0.000005
440.327000,0.000076,0.000005,0.000003,0.000027,0.000030,0.000011
440.437000,0.000076,0.000016,0.000003,0.000010,0.000044,0.000003
440.469000,0.000076,0.000034,0.000000,0.000006,0.000004,0.000032
440.474000,0.000076,0.000013,0.000000,0.000001,0.000045,0.000018
440.476000,0.000076,0.000016,0.000001,0.000013,0.000031,0.000016
440.479000,0.000076,0.000048,0.000000,0.000002,0.000016,0.000010
440.533000,0.000076,0.000017,0.000000,0.000008,0.000044,0.000007
440.579000,0.000076,0.000002,0.000000,0.000013,0.000017,0.000044
440.614000,0.000076,0.000025,0.000000,0.000027,0.000017,0.000007
440.635000,0.000076,0.000013,0.000000,0.000013,0.000031,0.000019
440.646000,0.000076,0.000036,0.000001,0.000004,0.000006,0.000029
440.732000,0.000076,0.000005,0.000000,0.000017,0.000038,0.000017
440.741000,0.000076,0.000029,0.000001,0.000004,0.000005,0.000037
440.776000,0.000076,0.000018,0.000001,0.000019,0.000010,0.000028
440.795000,0.000076,0.000019,0.000000,0.000005,0.000033,0.000019
440.797000,0.000076,0.000034,0.000001,0.000003,0.000006,0.000032
440.815000,0.000076,0.000045,0.000000,0.000006,0.000012,0.000013
440.841000,0.000076,0.000007,0.000000,0.000007,0.000029,0.000033
441.060000,0.000076,0.000021,0.000000,0.000013,0.000027,0.000015
441.121000,0.000076,0.000029,0.000000,0.000000,0.000021,0.000027
441.132000,0.000076,0.000030,0.000002,0.000010,0.000015,0.000020
441.207000,0.000076,0.000033,0.000000,0.000011,0.000006,0.000026
441.238000,0.000076,0.000037,0.000002,0.000037,0.000001,0.000000
441.256000,0.000076,0.000006,0.000000,0.000002,0.000032,0.000037
441.269000,0.000076,0.000045,0.000000,0.000007,0.000016,0.000008
441.379000,0.000076,0.000030,0.000001,0.000003,0.000004,0.000039
441.440000,0.000076,0.000027,0.000001,0.000000,0.000033,0.000015
441.444000,0.000076,0.000029,0.000000,0.000011,0.000021,0.000015
441.445000,0.000076,0.000021,0.000000,0.000004,0.000015,0.000036
441.484000,0.000076,0.000039,0.000004,0.000014,0.000011,0.000009
441.605000,0.000076,0.000030,0.000000,0.000017,0.000026,0.000003
441.664000,0.000076,0.000032,0.000002,0.000003,0.000001,0.000038
441.859000,0.000076,0.000030,0.000004,0.000008,0.000007,0.000027
441.877000,0.000076,0.000021,0.000001,0.000031,0.000007,0.000016
441.932000,0.000076,0.000006,0.000002,0.000026,0.000029,0.000013
442.024000,0.000076,0.000037,0.000000,0.000015,0.000015,0.000009
442.076000,0.000076,0.000030,0.000000,0.000009,0.000011,0.000026
442.114000,0.000076,0.000030,0.000001,0.000003,0.000003,0.000039
442.118000,0.000076,0.000048,0.000005,0.000001,0.000012,0.000011
442.121000,0.000076,0.000017,0.000000,0.000014,0.000030,0.000015
442.138000,0.000076,0.000034,0.000001,0.000036,0.000003,0.000003
442.140000,0.000076,0.000015,0.000003,0.000003,0.000041,0.000014
442.156000,0.000076,0.000028,0.000003,0.000003,0.000017,0.000025
442.213000,0.000076,0.000039,0.000000,0.000005,0.000024,0.000008
442.220000,0.000076,0.000004,0.000003,0.000018,0.000024,0.000027
442.233000,0.000076,0.000036,0.000000,0.000002,0.000009,0.000030
442.318000,0.000076,0.000025,0.000006,0.000021,0.000020,0.000003
442.325000,0.000152,0.000041,0.000002,0.000011,0.000069,0.000030
442.329000,0.000076,0.000008,0.000000,0.000013,0.000049,0.000006
442.336000,0.000076,0.000026,0.000000,0.000012,0.000011,0.000027
442.349000,0.000076,0.000005,0.000000,0.000013,0.000041,0.000017
442.360000,0.000076,0.000043,0.000000,0.000004,0.000016,0.000012
442.415000,0.000076,0.000010,0.000003,0.000003,0.000017,0.000042
442.437000,0.000076,0.000002,0.000000,0.000005,0.000011,0.000057
442.447000,0.000076,0.000021,0.000000,0.000003,0.000043,0.000010
442.458000,0.000076,0.000016,0.000001,0.000000,0.000017,0.000042
442.460000,0.000076,0.000029,0.000000,0.000006,0.000002,0.000038
442.542000,0.000076,0.000015,0.000000,0.000006,0.000038,0.000017
442.627000,0.000076,0.000016,0.000000,0.000019,0.000012,0.000029
442.637000,0.000076,0.000012,0.000002,0.000002,0.000041,0.000020
442.638000,0.000076,0.000033,0.000004,0.000019,0.000021,0.000000
442.695000,0.000076,0.000041,0.000001,0.000008,0.000015,0.000011
442.778000,0.000076,0.000014,0.000000,0.000005,0.000019,0.000038
442.785000,0.000076,0.000040,0.000000,0.000017,0.000005,0.000014
442.886000,0.000076,0.000015,0.000000,0.000017,0.000025,0.000019
442.893000,0.000076,0.000009,0.000000,0.000009,0.000043,0.000015
442.902000,0.000076,0.000028,0.000005,0.000024,0.000010,0.000008
442.920000,0.000076,0.000031,0.000000,0.000039,0.000003,0.000003
442.935000,0.000076,0.000040,0.000000,0.000002,0.000000,0.000034
442.937000,0.000076,0.000032,0.000000,0.000039,0.000001,0.000004
442.996000,0.000076,0.000035,0.000002,0.000002,0.000009,0.000029
443.002000,0.000076,0.000042,0.000002,0.000016,0.000008,0.000007
443.086000,0.000076,0.000035,0.000002,0.000017,0.000016,0.000006
443.122000,0.000076,0.000019,0.000000,0.000010,0.000003,0.000044
443.141000,0.000076,0.000028,0.000001,0.000000,0.000020,0.000027
443.320000,0.000076,0.000053,0.000002,0.000001,0.000010,0.000010
443.351000,0.000076,0.000020,0.000001,0.000002,0.000009,0.000044
443.391000,0.000076,0.000011,0.000001,0.000005,0.000026,0.000034
443.392000,0.000076,0.000021,0.000000,0.000030,0.000019,0.000006
443.566000,0.000076,0.000054,0.000000,0.000003,0.000013,0.000006
443.576000,0.000076,0.000024,0.000000,0.000006,0.000011,0.000036
443.604000,0.000076,0.000016,0.000003,0.000015,0.000027,0.000015
443.631000,0.000076,0.000021,0.000000,0.000004,0.000044,0.000008
443.676000,0.000076,0.000046,0.000000,0.000005,0.000014,0.000011
443.684000,0.000076,0.000027,0.000000,0.000014,0.000022,0.000013
443.714000,0.000076,0.000051,0.000001,0.000001,0.000015,0.000008
443.784000,0.000076,0.000045,0.000001,0.000007,0.000008,0.000016
443.825000,0.000076,0.000036,0.000001,0.000003,0.000021,0.000015
443.875000,0.000076,0.000054,0.000000,0.000002,0.000006,0.000014
443.883000,0.000076,0.000020,0.000004,0.000012,0.000003,0.000037
444.092000,0.000076,0.000043,0.000001,0.000006,0.000001,0.000025
444.098000,0.000076,0.000042,0.000000,0.000009,0.000021,0.000004
444.191000,0.000076,0.000038,0.000001,0.000014,0.000014,0.000009
444.206000,0.000076,0.000036,0.000002,0.000000,0.000003,0.000035
444.236000,0.000076,0.000047,0.000000,0.000004,0.000013,0.000012
444.256000,0.000076,0.000039,0.000002,0.000005,0.000017,0.000014
444.274000,0.000076,0.000001,0.000001,0.000002,0.000039,0.000033
444.403000,0.000076,0.000021,0.000000,0.000010,0.000027,0.000018
444.439000,0.000076,0.000026,0.000004,0.000006,0.000007,0.000034
444.450000,0.000076,0.000025,0.000000,0.000012,0.000013,0.000026
444.526000,0.000076,0.000016,0.000001,0.000000,0.000011,0.000049
444.528000,0.000076,0.000042,0.000000,0.000010,0.000013,0.000012
444.581000,0.000076,0.000021,0.000000,0.000002,0.000015,0.000038
444.584000,0.000076,0.000011,0.000002,0.000000,0.000029,0.000033
444.643000,0.000076,0.000020,0.000002,0.000008,0.000015,0.000031
444.645000,0.000076,0.000009,0.000000,0.000004,0.000021,0.000041
444.678000,0.000076,0.000011,0.000000,0.000000,0.000033,0.000032
444.688000,0.000076,0.000011,0.000000,0.000003,0.000045,0.000017
444.710000,0.000076,0.000004,0.000000,0.000003,0.000037,0.000032
444.717000,0.000076,0.000014,0.000000,0.000013,0.000031,0.000018
444.733000,0.000076,0.000044,0.000002,0.000003,0.000017,0.000010
444.772000,0.000076,0.000045,0.000001,0.000007,0.000007,0.000015
444.821000,0.000076,0.000018,0.000000,0.000000,0.000048,0.000010
444.844000,0.000076,0.000018,0.000000,0.000008,0.000040,0.000011
444.929000,0.000076,0.000027,0.000001,0.000025,0.000008,0.000014
444.949000,0.000076,0.000042,0.000002,0.000007,0.000001,0.000024
444.961000,0.000076,0.000027,0.000003,0.000003,0.000035,0.000008
444.965000,0.000152,0.000079,0.000001,0.000003,0.000019,0.000050
444.986000,0.000076,0.000027,0.000004,0.000008,0.000011,0.000026
444.990000,0.000076,0.000012,0.000000,0.000007,0.000043,0.000015
445.035000,0.000076,0.000033,0.000003,0.000002,0.000007,0.000031
445.090000,0.000076,0.000010,0.000000,0.000010,0.000044,0.000013
445.131000,0.000076,0.000045,0.000000,0.000000,0.000000,0.000031
445.210000,0.000076,0.000044,0.000007,0.000006,0.000019,0.000000
445.323000,0.000076,0.000018,0.000000,0.000017,0.000023,0.000017
445.330000,0.000076,0.000042,0.000001,0.000015,0.000016,0.000002
445.349000,0.000076,0.000059,0.000002,0.000004,0.000008,0.000002
445.393000,0.000076,0.000022,0.000003,0.000010,0.000015,0.000026
445.396000,0.000076,0.000046,0.000001,0.000010,0.000017,0.000003
445.540000,0.000076,0.000004,0.000001,0.000015,0.000018,0.000037
445.668000,0.000076,0.000011,0.000003,0.000010,0.000043,0.000010
445.686000,0.000076,0.000021,0.000000,0.000006,0.000017,0.000032
445.709000,0.000076,0.000004,0.000000,0.000021,0.000021,0.000031
445.718000,0.000076,0.000036,0.000000,0.000000,0.000022,0.000018
445.745000,0.000076,0.000040,0.000002,0.000011,0.000012,0.000011
445.772000,0.000076,0.000007,0.000001,0.000002,0.000027,0.000038
445.799000,0.000076,0.000040,0.000000,0.000014,0.000020,0.000002
445.810000,0.000076,0.000034,0.000001,0.000000,0.000010,0.000031
445.831000,0.000076,0.000031,0.000000,0.000005,0.000032,0.000008
445.844000,0.000076,0.000045,0.000000,0.000017,0.000007,0.000007
445.883000,0.000076,0.000018,0.000000,0.000003,0.000039,0.000017
445.984000,0.000076,0.000003,0.000006,0.000003,0.000032,0.000032
445.997000,0.000076,0.000034,0.000000,0.000021,0.000011,0.000011
446.080000,0.000076,0.000038,0.000000,0.000006,0.000022,0.000010
446.128000,0.000076,0.000009,0.000000,0.000005,0.000031,0.000032
446.165000,0.000076,0.000010,0.000005,0.000004,0.000031,0.000027
446.235000,0.000076,0.000027,0.000000,0.000004,0.000002,0.000043
446.274000,0.000076,0.000042,0.000000,0.000011,0.000010,0.000012
446.307000,0.000076,0.000040,0.000000,0.000007,0.000003,0.000026
446.325000,0.000076,0.000011,0.000000,0.000013,0.000001,0.000050
446.381000,0.000076,0.000046,0.000003,0.000011,0.000011,0.000005
446.400000,0.000076,0.000038,0.000002,0.000007,0.000000,0.000029
446.422000,0.000076,0.000043,0.000000,0.000001,0.000014,0.000018
446.434000,0.000076,0.000019,0.000000,0.000015,0.000014,0.000028
446.476000,0.000152,0.000038,0.000003,0.000012,0.000042,0.000057
446.592000,0.000076,0.000025,0.000001,0.000025,0.000017,0.000008
446.624000,0.000076,0.000031,0.000000,0.000038,0.000005,0.000002
446.663000,0.000076,0.000024,0.000001,0.000013,0.000011,0.000026
446.870000,0.000076,0.000017,0.000000,0.000011,0.000007,0.000041
446.871000,0.000076,0.000026,0.000002,0.000013,0.000011,0.000023
446.876000,0.000076,0.000006,0.000000,0.000017,0.000022,0.000032
447.011000,0.000076,0.000026,0.000000,0.000003,0.000002,0.000045
447.071000,0.000076,0.000044,0.000000,0.000004,0.000022,0.000005
447.084000,0.000076,0.000017,0.000000,0.000011,0.000008,0.000040
447.100000,0.000076,0.000000,0.000000,0.000021,0.000028,0.000027
447.121000,0.000076,0.000023,0.000000,0.000030,0.000016,0.000007
447.130000,0.000076,0.000046,0.000000,0.000003,0.000016,0.000011
447.142000,0.000076,0.000038,0.000001,0.000001,0.000004,0.000033
447.148000,0.000076,0.000048,0.000001,0.000017,0.000010,0.000000
447.164000,0.000076,0.000060,0.000004,0.000005,0.000001,0.000006
447.259000,0.000076,0.000020,0.000001,0.000014,0.000024,0.000017
447.272000,0.000076,0.000013,0.000000,0.000013,0.000006,0.000044
447.279000,0.000076,0.000029,0.000001,0.000004,0.000027,0.000016
447.290000,0.000076,0.000043,0.000001,0.000005,0.000001,0.000026
447.301000,0.000076,0.000023,0.000000,0.000013,0.000027,0.000013
447.374000,0.000076,0.000021,0.000003,0.000007,0.000007,0.000039
447.387000,0.000076,0.000035,0.000002,0.000001,0.000002,0.000037
447.388000,0.000076,0.000037,0.000001,0.000016,0.000014,0.000009
447.430000,0.000076,0.000016,0.000000,0.000008,0.000016,0.000035
447.432000,0.000076,0.000045,0.000000,0.000020,0.000010,0.000002
447.562000,0.000076,0.000016,0.000000,0.000023,0.000005,0.000032
447.572000,0.000076,0.000016,0.000003,0.000024,0.000021,0.000012
447.579000,0.000076,0.000040,0.000000,0.000004,0.000019,0.000013
447.603000,0.000076,0.000024,0.000000,0.000008,0.000014,0.000030
447.626000,0.000076,0.000015,0.000000,0.000003,0.000043,0.000015
447.670000,0.000076,0.000033,0.000003,0.000038,0.000002,0.000000
447.727000,0.000076,0.000039,0.000001,0.000016,0.000020,0.000000
447.746000,0.000076,0.000015,0.000000,0.000006,0.000038,0.000018
447.789000,0.000076,0.000042,0.000000,0.000010,0.000014,0.000010
447.967000,0.000076,0.000045,0.000000,0.000008,0.000013,0.000009
447.976000,0.000076,0.000024,0.000000,0.000008,0.000001,0.000043
447.989000,0.000076,0.000048,0.000000,0.000000,0.000024,0.000004
448.039000,0.000076,0.000028,0.000001,0.000014,0.000021,0.000012
448.062000,0.000076,0.000040,0.000000,0.000017,0.000017,0.000002
448.130000,0.000076,0.000016,0.000001,0.000025,0.000010,0.000024
448.187000,0.000076,0.000033,0.000001,0.000008,0.000016,0.000018
448.297000,0.000076,0.000041,0.000002,0.000006,0.000016,0.000012
448.321000,0.000076,0.000052,0.000003,0.000001,0.000013,0.000007
448.371000,0.000076,0.000025,0.000000,0.000027,0.000016,0.000007
448.555000,0.000076,0.000012,0.000000,0.000001,0.000024,0.000039
448.568000,0.000076,0.000019,0.000000,0.000003,0.000010,0.000045
448.584000,0.000076,0.000032,0.000000,0.000034,0.000006,0.000003
448.632000,0.000076,0.000039,0.000001,0.000001,0.000023,0.000013
448.732000,0.000076,0.000019,0.000003,0.000003,0.000051,0.000000
448.751000,0.000076,0.000012,0.000000,0.000007,0.000023,0.000035
448.769000,0.000076,0.000025,0.000000,0.000005,0.000019,0.000026
448.776000,0.000076,0.000044,0.000000,0.000007,0.000000,0.000026
448.872000,0.000076,0.000016,0.000000,0.000024,0.000007,0.000028
449.061000,0.000076,0.000032,0.000002,0.000019,0.000019,0.000004
449.174000,0.000076,0.000029,0.000007,0.000012,0.000014,0.000015
449.200000,0.000076,0.000019,0.000000,0.000010,0.000028,0.000019
449.219000,0.000076,0.000023,0.000000,0.000005,0.000004,0.000044
449.229000,0.000076,0.000016,0.000001,0.000022,0.000010,0.000028
449.293000,0.000076,0.000045,0.000000,0.000016,0.000000,0.000014
449.327000,0.000076,0.000028,0.000001,0.000002,0.000003,0.000041
449.330000,0.000076,0.000021,0.000000,0.000010,0.000028,0.000017
449.366000,0.000076,0.000005,0.000000,0.000018,0.000016,0.000036
449.394000,0.000076,0.000014,0.000002,0.000002,0.000040,0.000019
449.424000,0.000076,0.000014,0.000000,0.000001,0.000028,0.000033
449.427000,0.000076,0.000023,0.000001,0.000007,0.000004,0.000040
449.469000,0.000076,0.000051,0.000006,0.000001,0.000007,0.000010
449.549000,0.000076,0.000057,0.000001,0.000007,0.000005,0.000006
449.566000,0.000076,0.000048,0.000002,0.000011,0.000006,0.000009
449.682000,0.000076,0.000025,0.000000,0.000025,0.000018,0.000008
449.877000,0.000076,0.000008,0.000003,0.000020,0.000029,0.000016
449.889000,0.000076,0.000021,0.000001,0.000010,0.000005,0.000038
449.898000,0.000076,0.000029,0.000000,0.000023,0.000008,0.000015
449.904000,0.000076,0.000010,0.000000,0.000020,0.000031,0.000015
449.926000,0.000076,0.000044,0.000000,0.000018,0.000006,0.000008
449.928000,0.000076,0.000043,0.000000,0.000007,0.000001,0.000025
449.951000,0.000076,0.000022,0.000005,0.000003,0.000007,0.000038
450.016000,0.000076,0.000003,0.000000,0.000022,0.000021,0.000030
450.084000,0.000076,0.000010,0.000005,0.000026,0.000026,0.000010
450.093000,0.000076,0.000040,0.000006,0.000007,0.000001,0.000022
450.115000,0.000076,0.000023,0.000000,0.000010,0.000000,0.000043
450.144000,0.000076,0.000012,0.000000,0.000000,0.000059,0.000005
450.146000,0.000076,0.000038,0.000000,0.000007,0.000023,0.000009
450.171000,0.000076,0.000006,0.000000,0.000000,0.000049,0.000022
450.190000,0.000076,0.000043,0.000000,0.000011,0.000009,0.000012
450.293000,0.000076,0.000010,0.000000,0.000000,0.000022,0.000044
450.328000,0.000076,0.000016,0.000001,0.000003,0.000040,0.000016
450.365000,0.000076,0.000021,0.000003,0.000030,0.000006,0.000016
450.390000,0.000076,0.000012,0.000000,0.000002,0.000025,0.000038
450.419000,0.000076,0.000012,0.000000,0.000007,0.000036,0.000021
450.465000,0.000076,0.000018,0.000002,0.000000,0.000043,0.000012
450.502000,0.000076,0.000024,0.000002,0.000003,0.000002,0.000046
450.668000,0.000076,0.000043,0.000000,0.000007,0.000016,0.000011
450.778000,0.000076,0.000041,0.000000,0.000006,0.000007,0.000022
450.802000,0.000076,0.000019,0.000000,0.000003,0.000050,0.000004
450.851000,0.000076,0.000033,0.000000,0.000018,0.000020,0.000005
450.880000,0.000076,0.000018,0.000004,0.000017,0.000014,0.000023
450.904000,0.000076,0.000051,0.000000,0.000001,0.000009,0.000014
450.949000,0.000076,0.000029,0.000001,0.000024,0.000009,0.000013
450.971000,0.000076,0.000020,0.000002,0.000005,0.000005,0.000043
451.071000,0.000076,0.000032,0.000001,0.000010,0.000005,0.000027
451.076000,0.000076,0.000016,0.000000,0.000009,0.000015,0.000036
451.108000,0.000076,0.000043,0.000000,0.000007,0.000001,0.000026
451.112000,0.000076,0.000051,0.000000,0.000018,0.000006,0.000001
451.147000,0.000076,0.000042,0.000000,0.000003,0.000011,0.000021
451.155000,0.000076,0.000034,0.000000,0.000017,0.000013,0.000012
451.211000,0.000076,0.000008,0.000000,0.000024,0.000002,0.000042
451.228000,0.000076,0.000023,0.000000,0.000005,0.000001,0.000047
451.255000,0.000076,0.000028,0.000001,0.000007,0.000031,0.000009
451.320000,0.000076,0.000016,0.000001,0.000009,0.000013,0.000037
451.325000,0.000076,0.000016,0.000001,0.000009,0.000015,0.000035
451.351000,0.000076,0.000018,0.000001,0.000005,0.000044,0.000008
451.357000,0.000076,0.000010,0.000002,0.000002,0.000050,0.000012
451.363000,0.000076,0.000013,0.000000,0.000013,0.000006,0.000044
451.390000,0.000076,0.000052,0.000000,0.000003,0.000000,0.000020
451.409000,0.000076,0.000015,0.000000,0.000006,0.000044,0.000011
451.433000,0.000076,0.000049,0.000000,0.000001,0.000013,0.000012
451.446000,0.000076,0.000023,0.000000,0.000010,0.000004,0.000039
451.456000,0.000076,0.000047,0.000000,0.000012,0.000003,0.000014
451.486000,0.000076,0.000021,0.000000,0.000011,0.000027,0.000016
451.488000,0.000076,0.000028,0.000000,0.000007,0.000029,0.000011
451.496000,0.000076,0.000037,0.000001,0.000001,0.000018,0.000019
451.588000,0.000076,0.000058,0.000000,0.000013,0.000004,0.000001
451.591000,0.000076,0.000023,0.000003,0.000012,0.000025,0.000013
451.629000,0.000076,0.000006,0.000001,0.000009,0.000043,0.000016
451.728000,0.000076,0.000011,0.000001,0.000007,0.000025,0.000033
451.742000,0.000076,0.000020,0.000000,0.000016,0.000031,0.000009
451.752000,0.000076,0.000023,0.000001,0.000008,0.000017,0.000027
451.753000,0.000076,0.000009,0.000002,0.000014,0.000021,0.000030
451.777000,0.000076,0.000014,0.000000,0.000024,0.000027,0.000010
451.787000,0.000076,0.000018,0.000000,0.000013,0.000025,0.000019
451.789000,0.000076,0.000022,0.000000,0.000001,0.000017,0.000036
451.802000,0.000076,0.000044,0.000003,0.000008,0.000013,0.000008
451.816000,0.000076,0.000032,0.000000,0.000002,0.000005,0.000038
451.821000,0.000076,0.000052,0.000000,0.000005,0.000009,0.000009
451.829000,0.000076,0.000028,0.000001,0.000002,0.000021,0.000025
451.843000,0.000076,0.000055,0.000000,0.000013,0.000008,0.000001
451.913000,0.000076,0.000012,0.000000,0.000003,0.000050,0.000012
451.927000,0.000076,0.000059,0.000000,0.000002,0.000000,0.000016
451.930000,0.000076,0.000005,0.000000,0.000008,0.000031,0.000033
451.948000,0.000076,0.000024,0.000002,0.000003,0.000010,0.000037
451.961000,0.000076,0.000011,0.000001,0.000002,0.000028,0.000034
452.013000,0.000076,0.000043,0.000000,0.000007,0.000015,0.000011
452.020000,0.000076,0.000009,0.000001,0.000005,0.000005,0.000056
452.040000,0.000076,0.000020,0.000000,0.000014,0.000003,0.000039
452.098000,0.000076,0.000036,0.000003,0.000034,0.000001,0.000003
452.194000,0.000076,0.000005,0.000001,0.000017,0.000023,0.000031
452.203000,0.000076,0.000009,0.000000,0.000020,0.000032,0.000016
452.226000,0.000076,0.000042,0.000000,0.000005,0.000017,0.000012
452.234000,0.000076,0.000023,0.000000,0.000026,0.000022,0.000005
452.304000,0.000152,0.000062,0.000000,0.000011,0.000038,0.000040
452.313000,0.000076,0.000049,0.000002,0.000008,0.000003,0.000014
452.388000,0.000076,0.000002,0.000006,0.000018,0.000025,0.000026
452.442000,0.000076,0.000056,0.000000,0.000012,0.000007,0.000001
452.495000,0.000076,0.000027,0.000000,0.000001,0.000020,0.000028
452.508000,0.000076,0.000032,0.000000,0.000010,0.000004,0.000030
452.512000,0.000076,0.000028,0.000002,0.000004,0.000026,0.000016
452.545000,0.000076,0.000004,0.000000,0.000021,0.000001,0.000049
452.639000,0.000076,0.000016,0.000000,0.000025,0.000012,0.000023
452.747000,0.000076,0.000015,0.000000,0.000009,0.000013,0.000038
452.803000,0.000076,0.000030,0.000000,0.000012,0.000009,0.000025
452.812000,0.000076,0.000047,0.000001,0.000004,0.000013,0.000012
452.861000,0.000076,0.000006,0.000000,0.000011,0.000056,0.000002
452.881000,0.000076,0.000056,0.000000,0.000011,0.000008,0.000001
452.889000,0.000076,0.000014,0.000000,0.000013,0.000009,0.000040
452.935000,0.000076,0.000041,0.000002,0.000007,0.000006,0.000021
453.025000,0.000076,0.000054,0.000003,0.000001,0.000008,0.000009
453.098000,0.000076,0.000008,0.000000,0.000007,0.000050,0.000010
453.250000,0.000076,0.000014,0.000000,0.000012,0.000031,0.000019
453.278000,0.000076,0.000038,0.000000,0.000005,0.000011,0.000022
453.334000,0.000076,0.000005,0.000000,0.000003,0.000036,0.000032
453.422000,0.000076,0.000020,0.000000,0.000001,0.000020,0.000035
453.469000,0.000076,0.000024,0.000000,0.000025,0.000018,0.000010
453.557000,0.000076,0.000037,0.000000,0.000002,0.000007,0.000031
453.567000,0.000076,0.000026,0.000001,0.000002,0.000014,0.000034
453.622000,0.000076,0.000012,0.000002,0.000003,0.000024,0.000036
453.664000,0.000076,0.000009,0.000000,0.000001,0.000025,0.000041
453.689000,0.000076,0.000011,0.000000,0.000007,0.000040,0.000017
453.704000,0.000076,0.000044,0.000000,0.000009,0.000010,0.000013
453.707000,0.000076,0.000020,0.000002,0.000003,0.000043,0.000009
453.714000,0.000076,0.000040,0.000000,0.000000,0.000024,0.000012
453.753000,0.000076,0.000044,0.000001,0.000002,0.000014,0.000015
453.773000,0.000076,0.000061,0.000001,0.000003,0.000005,0.000006
453.792000,0.000076,0.000041,0.000000,0.000003,0.000011,0.000021
453.802000,0.000076,0.000046,0.000005,0.000002,0.000010,0.000014
453.807000,0.000076,0.000013,0.000002,0.000003,0.000040,0.000018
453.871000,0.000076,0.000011,0.000000,0.000000,0.000025,0.000041
453.917000,0.000076,0.000030,0.000000,0.000021,0.000008,0.000016
453.963000,0.000076,0.000045,0.000001,0.000004,0.000016,0.000011
453.969000,0.000076,0.000026,0.000001,0.000003,0.000020,0.000025
453.970000,0.000076,0.000031,0.000000,0.000007,0.000008,0.000030
453.978000,0.000076,0.000031,0.000000,0.000020,0.000009,0.000016
453.988000,0.000076,0.000054,0.000002,0.000006,0.000006,0.000008
454.044000,0.000076,0.000052,0.000002,0.000003,0.000006,0.000013
454.105000,0.000076,0.000043,0.000000,0.000008,0.000019,0.000006
454.111000,0.000076,0.000037,0.000001,0.000031,0.000000,0.000008
454.122000,0.000152,0.000040,0.000007,0.000009,0.000012,0.000085
454.134000,0.000076,0.000006,0.000000,0.000018,0.000018,0.000035
454.204000,0.000076,0.000044,0.000000,0.000010,0.000008,0.000014
454.218000,0.000076,0.000012,0.000005,0.000003,0.000027,0.000029
454.376000,0.000076,0.000006,0.000001,0.000020,0.000005,0.000043
454.391000,0.000076,0.000013,0.000002,0.000000,0.000024,0.000037
454.438000,0.000076,0.000033,0.000000,0.000019,0.000012,0.000013
454.464000,0.000076,0.000017,0.000001,0.000011,0.000032,0.000015
454.547000,0.000076,0.000040,0.000000,0.000016,0.000019,0.000001
454.606000,0.000076,0.000013,0.000000,0.000011,0.000013,0.000039
454.674000,0.000076,0.000041,0.000000,0.000002,0.000010,0.000023
454.675000,0.000076,0.000026,0.000000,0.000005,0.000010,0.000035
454.720000,0.000076,0.000043,0.000000,0.000006,0.000013,0.000014
454.723000,0.000076,0.000049,0.000000,0.000019,0.000007,0.000002
454.737000,0.000076,0.000005,0.000001,0.000018,0.000006,0.000046
454.746000,0.000076,0.000004,0.000002,0.000021,0.000018,0.000031
454.790000,0.000152,0.000025,0.000000,0.000001,0.000032,0.000094
454.816000,0.000076,0.000025,0.000002,0.000007,0.000005,0.000037
454.824000,0.000076,0.000014,0.000001,0.000006,0.000023,0.000032
454.867000,0.000076,0.000044,0.000000,0.000001,0.000020,0.000010
454.915000,0.000076,0.000018,0.000000,0.000005,0.000018,0.000035
454.916000,0.000076,0.000011,0.000000,0.000015,0.000031,0.000019
454.934000,0.000076,0.000019,0.000000,0.000008,0.000037,0.000012
454.963000,0.000076,0.000037,0.000001,0.000017,0.000009,0.000012
455.002000,0.000076,0.000005,0.000002,0.000000,0.000047,0.000022
455.049000,0.000152,0.000048,0.000006,0.000009,0.000061,0.000028
455.089000,0.000076,0.000013,0.000000,0.000001,0.000030,0.000032
455.125000,0.000152,0.000037,0.000006,0.000030,0.000047,0.000032
455.151000,0.000076,0.000010,0.000003,0.000000,0.000021,0.000042
455.162000,0.000076,0.000014,0.000000,0.000025,0.000021,0.000016
455.211000,0.000076,0.000006,0.000000,0.000021,0.000005,0.000045
455.224000,0.000076,0.000005,0.000000,0.000021,0.000007,0.000043
455.236000,0.000076,0.000046,0.000000,0.000003,0.000016,0.000011
455.312000,0.000076,0.000015,0.000000,0.000005,0.000035,0.000021
455.365000,0.000076,0.000024,0.000000,0.000011,0.000015,0.000026
455.388000,0.000076,0.000043,0.000000,0.000010,0.000013,0.000010
455.404000,0.000076,0.000027,0.000000,0.000008,0.000006,0.000036
455.416000,0.000076,0.000025,0.000000,0.000042,0.000009,0.000000
455.421000,0.000076,0.000016,0.000003,0.000009,0.000039,0.000008
455.449000,0.000076,0.000047,0.000001,0.000013,0.000003,0.000012
455.453000,0.000076,0.000037,0.000000,0.000036,0.000001,0.000002
455.493000,0.000076,0.000033,0.000000,0.000003,0.000001,0.000039
455.502000,0.000076,0.000032,0.000000,0.000036,0.000004,0.000004
455.527000,0.000076,0.000023,0.000001,0.000005,0.000009,0.000037
455.581000,0.000076,0.000015,0.000001,0.000013,0.000030,0.000017
455.722000,0.000076,0.000036,0.000003,0.000001,0.000002,0.000034
455.746000,0.000076,0.000010,0.000002,0.000016,0.000030,0.000018
455.802000,0.000076,0.000034,0.000000,0.000033,0.000003,0.000006
455.805000,0.000076,0.000024,0.000000,0.000016,0.000013,0.000023
455.842000,0.000076,0.000007,0.000000,0.000003,0.000010,0.000056
455.915000,0.000076,0.000021,0.000000,0.000028,0.000018,0.000008
455.919000,0.000076,0.000038,0.000001,0.000030,0.000001,0.000005
455.933000,0.000076,0.000012,0.000000,0.000029,0.000020,0.000015
455.991000,0.000076,0.000015,0.000000,0.000019,0.000011,0.000031
455.993000,0.000076,0.000026,0.000000,0.000007,0.000010,0.000032
456.031000,0.000076,0.000016,0.000000,0.000017,0.000024,0.000019
456.055000,0.000076,0.000023,0.000001,0.000008,0.000010,0.000033
456.074000,0.000076,0.000046,0.000003,0.000019,0.000000,0.000008
456.148000,0.000076,0.000021,0.000000,0.000002,0.000018,0.000035
456.190000,0.000076,0.000034,0.000000,0.000002,0.000029,0.000011
456.193000,0.000076,0.000026,0.000000,0.000016,0.000014,0.000020
456.256000,0.000076,0.000005,0.000003,0.000006,0.000010,0.000052
456.344000,0.000076,0.000002,0.000000,0.000008,0.000033,0.000033
456.443000,0.000076,0.000034,0.000002,0.000017,0.000017,0.000006
456.484000,0.000076,0.000035,0.000002,0.000004,0.000003,0.000033
456.524000,0.000076,0.000030,0.000000,0.000000,0.000029,0.000017
456.628000,0.000076,0.000032,0.000003,0.000037,0.000003,0.000000
456.652000,0.000076,0.000015,0.000000,0.000026,0.000010,0.000025
456.663000,0.000076,0.000015,0.000000,0.000027,0.000020,0.000014
456.665000,0.000076,0.000029,0.000000,0.000022,0.000008,0.000016
456.715000,0.000076,0.000045,0.000000,0.000019,0.000002,0.000011
456.736000,0.000076,0.000026,0.000001,0.000002,0.000022,0.000024
456.748000,0.000076,0.000034,0.000000,0.000010,0.000003,0.000029
456.751000,0.000076,0.000031,0.000001,0.000011,0.000004,0.000029
456.788000,0.000076,0.000021,0.000000,0.000011,0.000004,0.000039
456.812000,0.000076,0.000057,0.000000,0.000011,0.000008,0.000001
456.867000,0.000076,0.000033,0.000000,0.000001,0.000029,0.000013
456.872000,0.000076,0.000014,0.000000,0.000010,0.000015,0.000037
456.913000,0.000076,0.000008,0.000000,0.000017,0.000016,0.000036
456.938000,0.000076,0.000014,0.000001,0.000005,0.000039,0.000017
456.939000,0.000076,0.000055,0.000003,0.000001,0.000008,0.000008
456.944000,0.000076,0.000011,0.000000,0.000002,0.000026,0.000037
456.988000,0.000076,0.000040,0.000000,0.000036,0.000000,0.000000
457.060000,0.000076,0.000013,0.000002,0.000020,0.000020,0.000021
457.102000,0.000076,0.000046,0.000001,0.000001,0.000011,0.000017
457.106000,0.000076,0.000031,0.000000,0.000012,0.000019,0.000014
457.130000,0.000076,0.000026,0.000002,0.000005,0.000018,0.000026
457.194000,0.000076,0.000029,0.000000,0.000015,0.000025,0.000006
457.229000,0.000076,0.000013,0.000001,0.000008,0.000043,0.000011
457.231000,0.000076,0.000019,0.000000,0.000014,0.000041,0.000003
457.244000,0.000076,0.000047,0.000001,0.000008,0.000008,0.000011
457.274000,0.000076,0.000027,0.000002,0.000008,0.000032,0.000007
457.311000,0.000076,0.000027,0.000002,0.000000,0.000024,0.000023
457.313000,0.000076,0.000047,0.000004,0.000001,0.000015,0.000009
457.317000,0.000076,0.000023,0.000000,0.000002,0.000016,0.000035
457.342000,0.000076,0.000019,0.000000,0.000003,0.000042,0.000012
457.346000,0.000076,0.000010,0.000003,0.000014,0.000029,0.000020
457.354000,0.000076,0.000040,0.000000,0.000000,0.000000,0.000036
457.357000,0.000076,0.000027,0.000000,0.000012,0.000011,0.000026
457.361000,0.000076,0.000030,0.000000,0.000040,0.000003,0.000003
457.375000,0.000076,0.000025,0.000000,0.000038,0.000007,0.000006
457.405000,0.000076,0.000006,0.000000,0.000005,0.000065,0.000000
457.476000,0.000076,0.000018,0.000003,0.000024,0.000001,0.000029
457.496000,0.000076,0.000008,0.000001,0.000016,0.000031,0.000020
457.513000,0.000076,0.000026,0.000000,0.000012,0.000013,0.000025
457.528000,0.000152,0.000074,0.000000,0.000017,0.000025,0.000035
457.540000,0.000076,0.000012,0.000000,0.000018,0.000031,0.000015
457.640000,0.000076,0.000028,0.000001,0.000002,0.000030,0.000015
457.644000,0.000076,0.000002,0.000000,0.000001,0.000039,0.000034
457.654000,0.000076,0.000014,0.000001,0.000001,0.000020,0.000039
457.656000,0.000076,0.000008,0.000000,0.000000,0.000043,0.000025
457.667000,0.000076,0.000016,0.000000,0.000006,0.000004,0.000050
457.746000,0.000076,0.000015,0.000003,0.000006,0.000034,0.000018
457.775000,0.000076,0.000034,0.000000,0.000017,0.000024,0.000000
457.814000,0.000076,0.000027,0.000000,0.000043,0.000002,0.000003
457.826000,0.000076,0.000018,0.000000,0.000013,0.000028,0.000017
457.861000,0.000076,0.000021,0.000003,0.000015,0.000029,0.000008
457.875000,0.000076,0.000008,0.000000,0.000008,0.000047,0.000013
457.886000,0.000076,0.000016,0.000007,0.000001,0.000009,0.000043
457.906000,0.000076,0.000029,0.000005,0.000012,0.000005,0.000025
457.931000,0.000076,0.000027,0.000000,0.000002,0.000036,0.000012
457.956000,0.000076,0.000015,0.000000,0.000007,0.000019,0.000035
457.966000,0.000076,0.000048,0.000000,0.000002,0.000014,0.000013
457.998000,0.000076,0.000012,0.000000,0.000008,0.000032,0.000024
458.000000,0.000076,0.000025,0.000001,0.000002,0.000032,0.000016
458.033000,0.000152,0.000063,0.000002,0.000055,0.000020,0.000013
458.070000,0.000076,0.000035,0.000000,0.000002,0.000004,0.000036
458.137000,0.000076,0.000014,0.000000,0.000004,0.000040,0.000018
458.156000,0.000076,0.000008,0.000000,0.000009,0.000046,0.000013
458.178000,0.000076,0.000016,0.000002,0.000029,0.000009,0.000020
458.290000,0.000076,0.000041,0.000001,0.000009,0.000014,0.000011
458.380000,0.000076,0.000032,0.000001,0.000000,0.000031,0.000012
458.410000,0.000076,0.000013,0.000000,0.000033,0.000016,0.000014
458.413000,0.000076,0.000055,0.000003,0.000006,0.000012,0.000000
458.434000,0.000076,0.000014,0.000000,0.000001,0.000027,0.000034
458.456000,0.000076,0.000042,0.000000,0.000007,0.000010,0.000017
458.533000,0.000076,0.000031,0.000000,0.000008,0.000006,0.000032
458.587000,0.000076,0.000043,0.000003,0.000006,0.000013,0.000011
458.605000,0.000076,0.000032,0.000000,0.000019,0.000021,0.000005
458.628000,0.000076,0.000020,0.000000,0.000003,0.000007,0.000046
458.645000,0.000076,0.000006,0.000000,0.000012,0.000041,0.000017
458.676000,0.000076,0.000021,0.000000,0.000012,0.000016,0.000028
458.756000,0.000076,0.000019,0.000001,0.000016,0.000032,0.000009
458.785000,0.000076,0.000023,0.000000,0.000006,0.000020,0.000026
458.846000,0.000076,0.000033,0.000000,0.000016,0.000015,0.000012
458.870000,0.000076,0.000012,0.000000,0.000000,0.000032,0.000032
458.879000,0.000076,0.000043,0.000000,0.000033,0.000000,0.000000
458.933000,0.000076,0.000037,0.000001,0.000017,0.000020,0.000001
458.957000,0.000076,0.000028,0.000002,0.000012,0.000012,0.000023
459.037000,0.000076,0.000025,0.000000,0.000010,0.000013,0.000028
459.055000,0.000076,0.000010,0.000000,0.000018,0.000036,0.000011
459.090000,0.000076,0.000026,0.000000,0.000007,0.000006,0.000037
459.106000,0.000076,0.000037,0.000003,0.000000,0.000006,0.000030
459.121000,0.000076,0.000012,0.000001,0.000011,0.000043,0.000010
459.222000,0.000076,0.000044,0.000001,0.000001,0.000011,0.000019
459.228000,0.000076,0.000035,0.000001,0.000021,0.000019,0.000000
459.321000,0.000076,0.000015,0.000000,0.000025,0.000004,0.000033
459.333000,0.000076,0.000020,0.000000,0.000005,0.000014,0.000037
459.344000,0.000076,0.000027,0.000000,0.000030,0.000010,0.000008
459.397000,0.000076,0.000047,0.000006,0.000002,0.000010,0.000010
459.399000,0.000076,0.000029,0.000000,0.000011,0.000015,0.000021
459.418000,0.000076,0.000016,0.000005,0.000007,0.000008,0.000039
459.427000,0.000076,0.000016,0.000002,0.000000,0.000048,0.000011
459.430000,0.000076,0.000055,0.000000,0.000006,0.000006,0.000009
459.601000,0.000076,0.000006,0.000001,0.000022,0.000006,0.000041
459.690000,0.000076,0.000027,0.000000,0.000006,0.000023,0.000019
459.698000,0.000076,0.000034,0.000000,0.000001,0.000029,0.000012
459.701000,0.000076,0.000033,0.000001,0.000019,0.000007,0.000016
459.711000,0.000076,0.000058,0.000000,0.000009,0.000008,0.000002
459.798000,0.000076,0.000053,0.000000,0.000003,0.000006,0.000014
459.802000,0.000076,0.000040,0.000000,0.000005,0.000018,0.000012
459.816000,0.000076,0.000031,0.000000,0.000010,0.000007,0.000028
459.838000,0.000076,0.000060,0.000000,0.000003,0.000006,0.000008
459.913000,0.000076,0.000010,0.000000,0.000003,0.000029,0.000034
459.985000,0.000076,0.000046,0.000000,0.000004,0.000014,0.000012
460.035000,0.000076,0.000033,0.000001,0.000001,0.000013,0.000029
460.086000,0.000076,0.000021,0.000001,0.000007,0.000004,0.000043
460.109000,0.000076,0.000044,0.000000,0.000005,0.000012,0.000015
460.123000,0.000076,0.000045,0.000000,0.000013,0.000004,0.000014
460.128000,0.000076,0.000040,0.000000,0.000036,0.000000,0.000001
460.191000,0.000076,0.000037,0.000000,0.000005,0.000011,0.000022
460.201000,0.000076,0.000039,0.000000,0.000004,0.000029,0.000005
460.221000,0.000076,0.000015,0.000001,0.000005,0.000006,0.000049
460.254000,0.000076,0.000016,0.000002,0.000004,0.000010,0.000045
460.261000,0.000076,0.000022,0.000000,0.000013,0.000002,0.000039
460.299000,0.000076,0.000036,0.000000,0.000002,0.000027,0.000011
460.322000,0.000076,0.000024,0.000001,0.000010,0.000025,0.000015
460.371000,0.000076,0.000014,0.000005,0.000005,0.000020,0.000031
460.402000,0.000076,0.000025,0.000001,0.000036,0.000008,0.000005
460.500000,0.000076,0.000009,0.000000,0.000027,0.000026,0.000014
460.533000,0.000076,0.000028,0.000000,0.000011,0.000006,0.000031
460.643000,0.000076,0.000023,0.000001,0.000012,0.000000,0.000040
460.660000,0.000076,0.000017,0.000000,0.000009,0.000036,0.000015
460.686000,0.000076,0.000020,0.000000,0.000015,0.000019,0.000022
460.761000,0.000076,0.000033,0.000001,0.000004,0.000003,0.000034
460.807000,0.000076,0.000016,0.000000,0.000022,0.000005,0.000032
460.859000,0.000076,0.000031,0.000001,0.000037,0.000003,0.000004
460.926000,0.000076,0.000038,0.000000,0.000008,0.000005,0.000024
460.931000,0.000076,0.000026,0.000000,0.000002,0.000037,0.000011
460.935000,0.000076,0.000029,0.000000,0.000013,0.000019,0.000015
460.953000,0.000076,0.000015,0.000000,0.000022,0.000022,0.000017
460.954000,0.000076,0.000050,0.000001,0.000004,0.000015,0.000006
460.956000,0.000076,0.000053,0.000000,0.000001,0.000009,0.000013
461.038000,0.000076,0.000046,0.000002,0.000005,0.000011,0.000012
461.079000,0.000076,0.000030,0.000000,0.000002,0.000005,0.000039
461.191000,0.000076,0.000025,0.000001,0.000009,0.000019,0.000022
461.220000,0.000076,0.000030,0.000002,0.000011,0.000019,0.000014
461.255000,0.000076,0.000014,0.000000,0.000025,0.000004,0.000033
461.296000,0.000076,0.000046,0.000001,0.000015,0.000000,0.000014
461.309000,0.000076,0.000005,0.000000,0.000020,0.000002,0.000049
461.455000,0.000076,0.000043,0.000001,0.000010,0.000014,0.000009
461.458000,0.000076,0.000012,0.000002,0.000012,0.000031,0.000018
461.513000,0.000076,0.000009,0.000003,0.000002,0.000019,0.000042
461.517000,0.000076,0.000006,0.000003,0.000012,0.000055,0.000000
461.605000,0.000076,0.000007,0.000001,0.000001,0.000028,0.000039
461.616000,0.000076,0.000015,0.000000,0.000002,0.000041,0.000018
461.681000,0.000076,0.000026,0.000000,0.000009,0.000030,0.000012
461.683000,0.000076,0.000041,0.000000,0.000008,0.000015,0.000012
461.703000,0.000076,0.000028,0.000000,0.000008,0.000004,0.000037
461.836000,0.000076,0.000006,0.000000,0.000003,0.000045,0.000022
461.869000,0.000076,0.000014,0.000000,0.000004,0.000006,0.000051
461.915000,0.000076,0.000013,0.000000,0.000001,0.000029,0.000034
461.931000,0.000076,0.000031,0.000000,0.000003,0.000031,0.000010
462.003000,0.000076,0.000024,0.000000,0.000042,0.000010,0.000000
462.029000,0.000076,0.000024,0.000001,0.000037,0.000008,0.000005
462.036000,0.000076,0.000027,0.000000,0.000000,0.000019,0.000030
462.039000,0.000076,0.000043,0.000000,0.000005,0.000011,0.000016
462.064000,0.000076,0.000053,0.000000,0.000002,0.000008,0.000014
462.080000,0.000076,0.000011,0.000003,0.000001,0.000017,0.000045
462.164000,0.000076,0.000039,0.000008,0.000006,0.000018,0.000005
462.178000,0.000076,0.000056,0.000000,0.000007,0.000009,0.000003
462.182000,0.000076,0.000011,0.000000,0.000000,0.000032,0.000032
462.187000,0.000076,0.000038,0.000000,0.000006,0.000010,0.000022
462.273000,0.000076,0.000042,0.000000,0.000000,0.000002,0.000032
462.280000,0.000076,0.000019,0.000001,0.000016,0.000004,0.000037
462.286000,0.000152,0.000067,0.000000,0.000005,0.000054,0.000026
462.348000,0.000076,0.000013,0.000000,0.000008,0.000023,0.000032
462.365000,0.000076,0.000011,0.000000,0.000000,0.000043,0.000022
462.378000,0.000076,0.000043,0.000000,0.000002,0.000000,0.000031
462.444000,0.000152,0.000042,0.000001,0.000014,0.000015,0.000080
462.453000,0.000076,0.000030,0.000000,0.000015,0.000017,0.000014
462.473000,0.000076,0.000048,0.000000,0.000000,0.000001,0.000027
462.488000,0.000076,0.000002,0.000000,0.000002,0.000039,0.000033
462.542000,0.000076,0.000006,0.000001,0.000003,0.000066,0.000000
462.628000,0.000076,0.000025,0.000004,0.000007,0.000014,0.000027
462.683000,0.000076,0.000029,0.000000,0.000008,0.000002,0.000037
462.786000,0.000076,0.000033,0.000000,0.000037,0.000003,0.000003
462.923000,0.000076,0.000032,0.000000,0.000003,0.000029,0.000012
462.931000,0.000076,0.000024,0.000000,0.000007,0.000011,0.000034
462.984000,0.000076,0.000041,0.000001,0.000008,0.000023,0.000003
462.992000,0.000076,0.000001,0.000000,0.000002,0.000010,0.000063
463.009000,0.000076,0.000041,0.000004,0.000001,0.000020,0.000010
463.051000,0.000076,0.000012,0.000000,0.000001,0.000026,0.000037
463.134000,0.000076,0.000010,0.000001,0.000008,0.000040,0.000017
463.159000,0.000076,0.000014,0.000003,0.000019,0.000025,0.000015
463.160000,0.000076,0.000033,0.000000,0.000041,0.000000,0.000002
463.180000,0.000076,0.000004,0.000001,0.000021,0.000001,0.000048
463.198000,0.000076,0.000042,0.000002,0.000015,0.000002,0.000016
463.217000,0.000076,0.000023,0.000002,0.000005,0.000038,0.000008
463.293000,0.000076,0.000013,0.000000,0.000025,0.000022,0.000017
463.306000,0.000076,0.000035,0.000001,0.000014,0.000015,0.000011
463.313000,0.000076,0.000013,0.000001,0.000001,0.000049,0.000012
463.334000,0.000076,0.000023,0.000000,0.000030,0.000006,0.000016
463.380000,0.000076,0.000044,0.000001,0.000010,0.000009,0.000012
463.443000,0.000076,0.000026,0.000001,0.000007,0.000012,0.000029
463.455000,0.000076,0.000024,0.000000,0.000003,0.000007,0.000041
463.488000,0.000076,0.000017,0.000002,0.000006,0.000017,0.000034
463.543000,0.000076,0.000031,0.000001,0.000026,0.000010,0.000007
463.547000,0.000076,0.000018,0.000001,0.000008,0.000009,0.000041
463.564000,0.000076,0.000017,0.000001,0.000010,0.000036,0.000013
463.607000,0.000076,0.000018,0.000000,0.000004,0.000017,0.000037
463.701000,0.000076,0.000027,0.000003,0.000001,0.000033,0.000012
463.708000,0.000076,0.000016,0.000000,0.000016,0.000015,0.000029
463.734000,0.000076,0.000023,0.000000,0.000042,0.000010,0.000001
463.815000,0.000076,0.000044,0.000000,0.000001,0.000000,0.000031
463.821000,0.000076,0.000024,0.000002,0.000012,0.000016,0.000021
463.956000,0.000076,0.000039,0.000000,0.000011,0.000021,0.000004
464.044000,0.000076,0.000032,0.000002,0.000004,0.000001,0.000037
464.071000,0.000076,0.000027,0.000002,0.000010,0.000015,0.000022
464.113000,0.000076,0.000052,0.000000,0.000016,0.000006,0.000002
464.153000,0.000076,0.000009,0.000003,0.000005,0.000032,0.000027
464.188000,0.000076,0.000028,0.000000,0.000009,0.000016,0.000023
464.200000,0.000076,0.000021,0.000001,0.000005,0.000014,0.000035
464.232000,0.000076,0.000039,0.000000,0.000033,0.000000,0.000004
464.287000,0.000076,0.000024,0.000001,0.000004,0.000031,0.000016
464.298000,0.000076,0.000015,0.000000,0.000006,0.000022,0.000033
464.316000,0.000076,0.000002,0.000007,0.000001,0.000007,0.000058
464.352000,0.000076,0.000045,0.000000,0.000004,0.000013,0.000014
464.359000,0.000076,0.000023,0.000001,0.000026,0.000023,0.000003
464.385000,0.000076,0.000036,0.000000,0.000006,0.000024,0.000011
464.450000,0.000076,0.000034,0.000000,0.000008,0.000020,0.000014
464.483000,0.000076,0.000022,0.000004,0.000007,0.000030,0.000013
464.618000,0.000076,0.000038,0.000001,0.000007,0.000018,0.000012
464.678000,0.000076,0.000040,0.000000,0.000003,0.000000,0.000033
464.687000,0.000076,0.000042,0.000000,0.000009,0.000012,0.000014
464.851000,0.000076,0.000028,0.000000,0.000011,0.000007,0.000029
464.859000,0.000076,0.000016,0.000003,0.000000,0.000023,0.000034
464.861000,0.000076,0.000022,0.000003,0.000009,0.000012,0.000029
464.888000,0.000076,0.000024,0.000001,0.000006,0.000009,0.000036
464.897000,0.000076,0.000009,0.000002,0.000010,0.000016,0.000039
464.922000,0.000076,0.000039,0.000005,0.000010,0.000002,0.000021
464.926000,0.000076,0.000029,0.000000,0.000007,0.000004,0.000036
465.299000,0.000076,0.000033,0.000000,0.000004,0.000027,0.000013
465.365000,0.000076,0.000047,0.000002,0.000003,0.000012,0.000013
465.406000,0.000076,0.000002,0.000000,0.000002,0.000035,0.000037
465.411000,0.000076,0.000011,0.000000,0.000021,0.000026,0.000017
465.454000,0.000076,0.000042,0.000000,0.000010,0.000010,0.000013
465.489000,0.000076,0.000033,0.000000,0.000001,0.000003,0.000039
465.517000,0.000076,0.000016,0.000000,0.000015,0.000028,0.000018
465.535000,0.000076,0.000034,0.000001,0.000002,0.000006,0.000033
465.547000,0.000076,0.000054,0.000000,0.000004,0.000006,0.000012
465.584000,0.000076,0.000025,0.000000,0.000015,0.000011,0.000025
465.606000,0.000076,0.000012,0.000000,0.000002,0.000024,0.000038
465.630000,0.000076,0.000014,0.000000,0.000006,0.000035,0.000022
465.652000,0.000076,0.000044,0.000000,0.000017,0.000000,0.000015
465.657000,0.000076,0.000024,0.000000,0.000026,0.000016,0.000010
465.768000,0.000076,0.000032,0.000000,0.000001,0.000023,0.000019
465.789000,0.000076,0.000008,0.000000,0.000010,0.000029,0.000029
465.817000,0.000076,0.000034,0.000001,0.000003,0.000019,0.000019
465.837000,0.000076,0.000053,0.000002,0.000003,0.000008,0.000010
465.841000,0.000076,0.000003,0.000000,0.000014,0.000020,0.000039
465.977000,0.000076,0.000046,0.000001,0.000007,0.000014,0.000009
465.978000,0.000076,0.000010,0.000000,0.000003,0.000021,0.000042
466.018000,0.000076,0.000010,0.000001,0.000002,0.000034,0.000030
466.036000,0.000076,0.000013,0.000000,0.000000,0.000032,0.000032
466.112000,0.000076,0.000026,0.000001,0.000005,0.000037,0.000008
466.125000,0.000076,0.000010,0.000003,0.000002,0.000007,0.000053
466.126000,0.000076,0.000028,0.000000,0.000000,0.000013,0.000035
466.203000,0.000076,0.000012,0.000000,0.000023,0.000026,0.000015
466.232000,0.000076,0.000009,0.000001,0.000002,0.000034,0.000030
466.243000,0.000076,0.000012,0.000001,0.000000,0.000041,0.000022
466.254000,0.000076,0.000006,0.000001,0.000007,0.000033,0.000029
466.269000,0.000076,0.000015,0.000001,0.000027,0.000011,0.000022
466.322000,0.000076,0.000003,0.000000,0.000012,0.000024,0.000037
466.410000,0.000076,0.000011,0.000001,0.000026,0.000023,0.000014
466.461000,0.000076,0.000043,0.000000,0.000007,0.000007,0.000018
466.527000,0.000076,0.000043,0.000000,0.000011,0.000007,0.000016
466.597000,0.000076,0.000012,0.000000,0.000001,0.000007,0.000057
466.624000,0.000076,0.000015,0.000000,0.000003,0.000005,0.000053
466.757000,0.000076,0.000011,0.000000,0.000007,0.000027,0.000031
466.764000,0.000076,0.000017,0.000000,0.000006,0.000003,0.000050
466.857000,0.000076,0.000006,0.000001,0.000002,0.000045,0.000022
466.943000,0.000076,0.000024,0.000000,0.000002,0.000032,0.000017
466.945000,0.000076,0.000017,0.000000,0.000024,0.000023,0.000013
466.984000,0.000076,0.000031,0.000002,0.000010,0.000006,0.000028
467.010000,0.000076,0.000006,0.000000,0.000011,0.000030,0.000029
467.019000,0.000076,0.000030,0.000000,0.000002,0.000025,0.000018
467.030000,0.000076,0.000021,0.000001,0.000016,0.000003,0.000035
467.033000,0.000076,0.000026,0.000000,0.000041,0.000006,0.000003
467.046000,0.000076,0.000043,0.000003,0.000001,0.000002,0.000027
467.050000,0.000076,0.000011,0.000001,0.000019,0.000029,0.000015
467.122000,0.000076,0.000008,0.000000,0.000001,0.000029,0.000038
467.185000,0.000076,0.000020,0.000000,0.000015,0.000033,0.000008
467.248000,0.000076,0.000016,0.000001,0.000006,0.000004,0.000049
467.267000,0.000076,0.000013,0.000003,0.000019,0.000017,0.000023
467.269000,0.000076,0.000006,0.000000,0.000003,0.000044,0.000023
467.287000,0.000076,0.000006,0.000000,0.000011,0.000031,0.000028
467.324000,0.000076,0.000041,0.000000,0.000008,0.000025,0.000002
467.364000,0.000076,0.000045,0.000001,0.000008,0.000006,0.000017
467.399000,0.000076,0.000011,0.000000,0.000007,0.000051,0.000007
467.444000,0.000076,0.000008,0.000000,0.000004,0.000023,0.000041
467.453000,0.000076,0.000020,0.000000,0.000030,0.000010,0.000016
467.474000,0.000076,0.000047,0.000000,0.000003,0.000010,0.000016
467.493000,0.000076,0.000013,0.000002,0.000034,0.000014,0.000013
467.539000,0.000076,0.000010,0.000000,0.000005,0.000016,0.000044
467.557000,0.000076,0.000032,0.000000,0.000002,0.000024,0.000018
467.680000,0.000076,0.000012,0.000007,0.000003,0.000025,0.000030
467.684000,0.000076,0.000041,0.000004,0.000000,0.000021,0.000010
467.700000,0.000076,0.000032,0.000000,0.000002,0.000028,0.000014
467.727000,0.000076,0.000015,0.000000,0.000022,0.000023,0.000016
467.771000,0.000076,0.000012,0.000000,0.000022,0.000020,0.000022
467.782000,0.000076,0.000037,0.000002,0.000012,0.000018,0.000007
467.788000,0.000076,0.000037,0.000000,0.000002,0.000020,0.000017
467.822000,0.000152,0.000022,0.000000,0.000012,0.000015,0.000103
467.908000,0.000076,0.000040,0.000002,0.000012,0.000012,0.000011
467.913000,0.000076,0.000017,0.000000,0.000016,0.000025,0.000018
467.916000,0.000076,0.000009,0.000000,0.000010,0.000039,0.000018
467.932000,0.000076,0.000012,0.000001,0.000005,0.000034,0.000024
467.968000,0.000076,0.000007,0.000000,0.000001,0.000031,0.000037
468.060000,0.000076,0.000015,0.000000,0.000009,0.000049,0.000003
468.127000,0.000076,0.000008,0.000000,0.000004,0.000024,0.000040
468.180000,0.000076,0.000047,0.000002,0.000000,0.000003,0.000025
468.210000,0.000076,0.000011,0.000000,0.000002,0.000029,0.000034
468.272000,0.000076,0.000011,0.000001,0.000024,0.000027,0.000013
468.328000,0.000076,0.000033,0.000004,0.000001,0.000002,0.000036
468.385000,0.000076,0.000022,0.000004,0.000013,0.000023,0.000014
468.392000,0.000076,0.000034,0.000000,0.000001,0.000023,0.000018
468.396000,0.000076,0.000038,0.000000,0.000002,0.000019,0.000017
468.432000,0.000076,0.000010,0.000000,0.000004,0.000026,0.000036
468.437000,0.000076,0.000008,0.000002,0.000001,0.000034,0.000031
468.447000,0.000076,0.000008,0.000003,0.000001,0.000044,0.000020
468.460000,0.000076,0.000027,0.000001,0.000011,0.000016,0.000021
468.489000,0.000076,0.000016,0.000002,0.000013,0.000031,0.000014
468.503000,0.000076,0.000018,0.000000,0.000002,0.000043,0.000012
468.528000,0.000076,0.000051,0.000000,0.000005,0.000007,0.000014
468.530000,0.000076,0.000045,0.000000,0.000016,0.000002,0.000014
468.557000,0.000076,0.000012,0.000003,0.000000,0.000031,0.000030
468.595000,0.000076,0.000043,0.000001,0.000008,0.000011,0.000014
468.597000,0.000076,0.000043,0.000000,0.000010,0.000014,0.000009
468.837000,0.000076,0.000044,0.000000,0.000000,0.000004,0.000028
468.847000,0.000076,0.000018,0.000003,0.000003,0.000019,0.000034
468.861000,0.000076,0.000036,0.000000,0.000010,0.000009,0.000020
468.867000,0.000076,0.000012,0.000000,0.000006,0.000051,0.000007
468.883000,0.000076,0.000017,0.000000,0.000006,0.000004,0.000047
468.887000,0.000076,0.000018,0.000000,0.000001,0.000015,0.000041
468.913000,0.000076,0.000011,0.000002,0.000033,0.000016,0.000014
468.930000,0.000076,0.000039,0.000000,0.000008,0.000012,0.000016
468.934000,0.000076,0.000040,0.000000,0.000002,0.000003,0.000031
468.947000,0.000076,0.000041,0.000003,0.000003,0.000012,0.000017
468.989000,0.000076,0.000011,0.000003,0.000018,0.000030,0.000014
469.034000,0.000076,0.000025,0.000000,0.000002,0.000017,0.000031
469.054000,0.000076,0.000007,0.000002,0.000013,0.000052,0.000002
469.055000,0.000076,0.000009,0.000003,0.000011,0.000051,0.000002
469.203000,0.000076,0.000032,0.000002,0.000041,0.000000,0.000001
469.216000,0.000076,0.000020,0.000000,0.000002,0.000042,0.000012
469.218000,0.000076,0.000004,0.000001,0.000011,0.000024,0.000036
469.227000,0.000076,0.000013,0.000000,0.000000,0.000041,0.000023
469.270000,0.000076,0.000028,0.000000,0.000029,0.000018,0.000001
469.297000,0.000076,0.000050,0.000000,0.000004,0.000007,0.000016
469.300000,0.000076,0.000028,0.000000,0.000014,0.000020,0.000015
469.306000,0.000076,0.000039,0.000002,0.000014,0.000014,0.000007
469.345000,0.000076,0.000031,0.000000,0.000010,0.000017,0.000019
469.382000,0.000076,0.000023,0.000000,0.000017,0.000012,0.000024
469.411000,0.000076,0.000038,0.000001,0.000007,0.000015,0.000015
469.448000,0.000076,0.000033,0.000000,0.000038,0.000002,0.000002
469.455000,0.000076,0.000020,0.000002,0.000011,0.000038,0.000005
469.464000,0.000076,0.000019,0.000000,0.000020,0.000013,0.000025
469.561000,0.000076,0.000020,0.000001,0.000004,0.000007,0.000044
469.592000,0.000076,0.000028,0.000002,0.000011,0.000007,0.000027
469.626000,0.000076,0.000010,0.000001,0.000007,0.000045,0.000013
469.693000,0.000076,0.000030,0.000002,0.000005,0.000030,0.000009
469.694000,0.000076,0.000019,0.000000,0.000000,0.000042,0.000016
469.708000,0.000076,0.000041,0.000000,0.000003,0.000002,0.000030
469.759000,0.000076,0.000024,0.000006,0.000002,0.000008,0.000036
469.826000,0.000076,0.000042,0.000000,0.000010,0.000010,0.000014
469.879000,0.000076,0.000005,0.000001,0.000002,0.000045,0.000023
469.884000,0.000076,0.000034,0.000001,0.000003,0.000001,0.000037
469.894000,0.000076,0.000021,0.000000,0.000015,0.000019,0.000021
469.953000,0.000076,0.000021,0.000000,0.000007,0.000026,0.000021
469.964000,0.000076,0.000050,0.000000,0.000005,0.000001,0.000020
469.971000,0.000076,0.000002,0.000000,0.000014,0.000026,0.000034
470.003000,0.000076,0.000036,0.000000,0.000002,0.000000,0.000038
470.012000,0.000076,0.000011,0.000000,0.000006,0.000006,0.000052
470.050000,0.000076,0.000029,0.000002,0.000039,0.000003,0.000003
470.125000,0.000076,0.000041,0.000002,0.000013,0.000011,0.000010
470.153000,0.000076,0.000060,0.000000,0.000002,0.000006,0.000007
470.173000,0.000076,0.000010,0.000000,0.000015,0.000001,0.000050
470.182000,0.000076,0.000029,0.000001,0.000012,0.000010,0.000023
470.245000,0.000076,0.000018,0.000001,0.000006,0.000003,0.000048
470.268000,0.000076,0.000044,0.000000,0.000002,0.000010,0.000019
470.280000,0.000076,0.000025,0.000000,0.000014,0.000007,0.000030
470.292000,0.000076,0.000026,0.000000,0.000013,0.000011,0.000026
470.312000,0.000076,0.000017,0.000001,0.000002,0.000014,0.000042
470.328000,0.000076,0.000017,0.000006,0.000005,0.000045,0.000004
470.331000,0.000076,0.000008,0.000003,0.000003,0.000029,0.000033
470.376000,0.000076,0.000060,0.000000,0.000006,0.000005,0.000005
470.378000,0.000076,0.000041,0.000000,0.000000,0.000020,0.000014
470.396000,0.000076,0.000008,0.000000,0.000001,0.000027,0.000040
470.419000,0.000076,0.000016,0.000001,0.000015,0.000026,0.000017
470.430000,0.000076,0.000011,0.000001,0.000001,0.000044,0.000019
470.470000,0.000076,0.000026,0.000000,0.000043,0.000004,0.000004
470.476000,0.000076,0.000024,0.000002,0.000018,0.000012,0.000021
470.549000,0.000076,0.000029,0.000000,0.000011,0.000018,0.000018
470.550000,0.000076,0.000031,0.000000,0.000004,0.000023,0.000019
470.564000,0.000076,0.000041,0.000000,0.000006,0.000013,0.000016
470.584000,0.000076,0.000018,0.000000,0.000001,0.000008,0.000049
470.592000,0.000076,0.000015,0.000000,0.000002,0.000034,0.000025
470.607000,0.000076,0.000008,0.000000,0.000002,0.000065,0.000001
470.677000,0.000076,0.000015,0.000000,0.000003,0.000005,0.000053
470.714000,0.000076,0.000008,0.000001,0.000008,0.000046,0.000012
470.758000,0.000076,0.000002,0.000000,0.000000,0.000012,0.000062
470.765000,0.000076,0.000007,0.000001,0.000003,0.000022,0.000044
470.785000,0.000076,0.000061,0.000000,0.000000,0.000003,0.000012
470.807000,0.000076,0.000017,0.000000,0.000027,0.000007,0.000026
470.843000,0.000076,0.000014,0.000001,0.000007,0.000026,0.000028
470.851000,0.000076,0.000009,0.000003,0.000008,0.000024,0.000033
470.877000,0.000076,0.000007,0.000001,0.000011,0.000055,0.000003
470.890000,0.000076,0.000029,0.000002,0.000003,0.000003,0.000038
470.994000,0.000076,0.000030,0.000000,0.000004,0.000031,0.000011
471.132000,0.000076,0.000011,0.000000,0.000001,0.000028,0.000036
471.134000,0.000076,0.000016,0.000000,0.000010,0.000038,0.000012
471.165000,0.000076,0.000025,0.000000,0.000004,0.000012,0.000035
471.187000,0.000076,0.000007,0.000000,0.000002,0.000067,0.000000
471.208000,0.000076,0.000038,0.000001,0.000004,0.000003,0.000030
471.209000,0.000076,0.000043,0.000000,0.000004,0.000009,0.000020
471.213000,0.000076,0.000055,0.000000,0.000003,0.000003,0.000016
471.255000,0.000076,0.000012,0.000000,0.000007,0.000031,0.000026
471.273000,0.000076,0.000034,0.000000,0.000002,0.000009,0.000031
471.275000,0.000076,0.000009,0.000002,0.000009,0.000031,0.000025
471.361000,0.000076,0.000030,0.000001,0.000038,0.000004,0.000002
471.379000,0.000076,0.000024,0.000000,0.000013,0.000008,0.000031
471.413000,0.000076,0.000016,0.000000,0.000006,0.000009,0.000045
471.414000,0.000076,0.000003,0.000000,0.000015,0.000018,0.000040
471.424000,0.000076,0.000042,0.000000,0.000005,0.000012,0.000017
471.454000,0.000076,0.000037,0.000003,0.000034,0.000001,0.000001
471.457000,0.000076,0.000037,0.000000,0.000001,0.000007,0.000030
471.526000,0.000076,0.000038,0.000001,0.000002,0.000001,0.000033
471.591000,0.000076,0.000019,0.000000,0.000009,0.000011,0.000038
471.593000,0.000076,0.000048,0.000002,0.000010,0.000006,0.000010
471.616000,0.000076,0.000047,0.000000,0.000000,0.000002,0.000027
471.668000,0.000076,0.000022,0.000000,0.000003,0.000041,0.000010
471.669000,0.000076,0.000048,0.000005,0.000006,0.000007,0.000010
471.688000,0.000076,0.000021,0.000000,0.000004,0.000041,0.000010
471.855000,0.000076,0.000008,0.000001,0.000002,0.000034,0.000031
471.876000,0.000076,0.000014,0.000000,0.000006,0.000011,0.000045
471.935000,0.000076,0.000001,0.000002,0.000009,0.000035,0.000029
471.939000,0.000076,0.000030,0.000000,0.000016,0.000021,0.000010
472.040000,0.000076,0.000025,0.000000,0.000016,0.000012,0.000023
472.085000,0.000076,0.000035,0.000003,0.000011,0.000013,0.000013
472.088000,0.000076,0.000014,0.000005,0.000007,0.000028,0.000023
472.123000,0.000076,0.000020,0.000000,0.000007,0.000005,0.000045
472.177000,0.000076,0.000058,0.000003,0.000006,0.000003,0.000006
472.178000,0.000076,0.000022,0.000000,0.000008,0.000026,0.000020
472.251000,0.000076,0.000038,0.000000,0.000016,0.000006,0.000016
472.275000,0.000076,0.000014,0.000000,0.000001,0.000013,0.000048
472.279000,0.000076,0.000011,0.000000,0.000008,0.000056,0.000001
472.297000,0.000076,0.000030,0.000005,0.000002,0.000011,0.000028
472.336000,0.000076,0.000023,0.000000,0.000003,0.000039,0.000011
472.438000,0.000076,0.000032,0.000000,0.000003,0.000029,0.000011
472.439000,0.000076,0.000026,0.000001,0.000008,0.000006,0.000035
472.505000,0.000076,0.000014,0.000000,0.000016,0.000025,0.000021
472.536000,0.000076,0.000007,0.000000,0.000012,0.000040,0.000016
472.540000,0.000076,0.000007,0.000000,0.000006,0.000063,0.000000
472.571000,0.000076,0.000009,0.000001,0.000001,0.000028,0.000037
472.590000,0.000076,0.000005,0.000003,0.000015,0.000021,0.000032
472.611000,0.000076,0.000021,0.000000,0.000026,0.000022,0.000006
472.682000,0.000076,0.000005,0.000002,0.000018,0.000016,0.000035
472.685000,0.000076,0.000014,0.000001,0.000018,0.000025,0.000018
472.717000,0.000076,0.000036,0.000000,0.000005,0.000021,0.000014
472.727000,0.000076,0.000003,0.000000,0.000002,0.000007,0.000063
472.728000,0.000076,0.000019,0.000001,0.000009,0.000028,0.000019
472.778000,0.000076,0.000012,0.000000,0.000025,0.000022,0.000016
472.859000,0.000076,0.000034,0.000000,0.000002,0.000028,0.000013
472.868000,0.000076,0.000009,0.000000,0.000001,0.000027,0.000039
472.874000,0.000076,0.000005,0.000000,0.000007,0.000030,0.000034
472.956000,0.000076,0.000005,0.000002,0.000012,0.000026,0.000032
472.964000,0.000076,0.000027,0.000002,0.000040,0.000002,0.000005
473.052000,0.000076,0.000043,0.000000,0.000016,0.000001,0.000015
473.062000,0.000076,0.000025,0.000004,0.000008,0.000008,0.000031
473.102000,0.000076,0.000054,0.000001,0.000000,0.000003,0.000017
473.110000,0.000076,0.000056,0.000000,0.000003,0.000004,0.000014
473.142000,0.000076,0.000017,0.000001,0.000010,0.000011,0.000037
473.180000,0.000076,0.000015,0.000000,0.000012,0.000030,0.000018
473.194000,0.000076,0.000041,0.000000,0.000004,0.000014,0.000017
473.374000,0.000076,0.000016,0.000000,0.000023,0.000023,0.000013
473.414000,0.000076,0.000026,0.000000,0.000027,0.000010,0.000012
473.423000,0.000076,0.000008,0.000000,0.000006,0.000004,0.000058
473.432000,0.000076,0.000013,0.000000,0.000033,0.000016,0.000015
473.489000,0.000076,0.000041,0.000000,0.000033,0.000002,0.000000
473.503000,0.000076,0.000052,0.000002,0.000015,0.000004,0.000004
473.512000,0.000076,0.000029,0.000000,0.000013,0.000010,0.000023
473.612000,0.000076,0.000048,0.000000,0.000012,0.000010,0.000006
473.673000,0.000076,0.000012,0.000000,0.000005,0.000005,0.000054
473.697000,0.000076,0.000012,0.000000,0.000004,0.000024,0.000037
473.805000,0.000076,0.000044,0.000000,0.000005,0.000015,0.000011
473.807000,0.000152,0.000073,0.000002,0.000016,0.000015,0.000046
473.827000,0.000076,0.000012,0.000001,0.000003,0.000024,0.000035
473.879000,0.000076,0.000013,0.000000,0.000006,0.000028,0.000029
473.906000,0.000076,0.000037,0.000001,0.000007,0.000018,0.000014
473.937000,0.000076,0.000046,0.000001,0.000009,0.000004,0.000016
474.051000,0.000076,0.000006,0.000000,0.000023,0.000003,0.000043
474.095000,0.000076,0.000031,0.000001,0.000008,0.000019,0.000017
474.143000,0.000076,0.000027,0.000001,0.000010,0.000009,0.000029
474.203000,0.000076,0.000033,0.000001,0.000006,0.000003,0.000033
474.216000,0.000076,0.000020,0.000000,0.000006,0.000008,0.000043
474.249000,0.000076,0.000013,0.000003,0.000013,0.000009,0.000038
474.253000,0.000076,0.000035,0.000001,0.000000,0.000022,0.000018
474.312000,0.000076,0.000037,0.000003,0.000001,0.000000,0.000035
474.446000,0.000076,0.000037,0.000000,0.000004,0.000029,0.000006
474.457000,0.000076,0.000036,0.000001,0.000006,0.000019,0.000014
474.458000,0.000076,0.000015,0.000000,0.000006,0.000027,0.000028
474.459000,0.000076,0.000040,0.000000,0.000034,0.000000,0.000002
474.503000,0.000076,0.000018,0.000000,0.000002,0.000008,0.000048
474.504000,0.000076,0.000056,0.000002,0.000007,0.000007,0.000003
474.627000,0.000076,0.000044,0.000000,0.000016,0.000001,0.000015
474.636000,0.000076,0.000029,0.000000,0.000006,0.000000,0.000041
474.667000,0.000076,0.000047,0.000002,0.000005,0.000014,0.000008
474.708000,0.000076,0.000035,0.000000,0.000001,0.000027,0.000013
474.724000,0.000076,0.000004,0.000000,0.000014,0.000018,0.000039
474.788000,0.000076,0.000060,0.000001,0.000005,0.000004,0.000006
474.793000,0.000076,0.000035,0.000000,0.000012,0.000020,0.000009
474.877000,0.000076,0.000033,0.000002,0.000001,0.000001,0.000040
474.916000,0.000076,0.000055,0.000000,0.000005,0.000000,0.000017
474.992000,0.000076,0.000028,0.000002,0.000001,0.000013,0.000032
475.005000,0.000076,0.000050,0.000003,0.000005,0.000000,0.000019
475.009000,0.000076,0.000007,0.000000,0.000007,0.000047,0.000015
475.021000,0.000076,0.000029,0.000000,0.000010,0.000019,0.000017
475.023000,0.000076,0.000011,0.000000,0.000001,0.000028,0.000036
475.026000,0.000076,0.000032,0.000001,0.000014,0.000020,0.000008
475.039000,0.000076,0.000016,0.000001,0.000011,0.000030,0.000018
475.118000,0.000076,0.000012,0.000000,0.000000,0.000023,0.000040
475.225000,0.000076,0.000014,0.000001,0.000001,0.000025,0.000035
475.237000,0.000076,0.000010,0.000001,0.000004,0.000026,0.000035
475.304000,0.000076,0.000043,0.000002,0.000007,0.000011,0.000013
475.308000,0.000076,0.000022,0.000000,0.000009,0.000009,0.000036
475.364000,0.000076,0.000042,0.000000,0.000007,0.000011,0.000016
475.376000,0.000152,0.000042,0.000002,0.000021,0.000037,0.000050
475.394000,0.000076,0.000031,0.000000,0.000006,0.000037,0.000003
475.430000,0.000076,0.000018,0.000002,0.000014,0.000017,0.000025
475.439000,0.000076,0.000033,0.000001,0.000000,0.000003,0.000039
475.455000,0.000076,0.000020,0.000000,0.000011,0.000005,0.000040
475.458000,0.000076,0.000026,0.000001,0.000004,0.000005,0.000040
475.572000,0.000076,0.000016,0.000000,0.000008,0.000005,0.000046
475.576000,0.000076,0.000031,0.000000,0.000014,0.000012,0.000019
475.592000,0.000076,0.000055,0.000001,0.000000,0.000003,0.000016
475.606000,0.000076,0.000002,0.000000,0.000000,0.000037,0.000036
475.633000,0.000076,0.000013,0.000002,0.000017,0.000028,0.000017
475.642000,0.000076,0.000057,0.000002,0.000003,0.000004,0.000010
475.651000,0.000076,0.000025,0.000001,0.000010,0.000011,0.000029
475.688000,0.000076,0.000013,0.000000,0.000013,0.000003,0.000046
475.692000,0.000076,0.000018,0.000001,0.000009,0.000035,0.000012
475.702000,0.000076,0.000010,0.000001,0.000010,0.000052,0.000003
475.723000,0.000076,0.000013,0.000001,0.000022,0.000026,0.000014
475.738000,0.000076,0.000022,0.000001,0.000029,0.000007,0.000018
475.739000,0.000076,0.000024,0.000002,0.000006,0.000000,0.000045
475.799000,0.000076,0.000025,0.000000,0.000004,0.000011,0.000036
475.863000,0.000076,0.000013,0.000000,0.000012,0.000029,0.000022
475.878000,0.000076,0.000018,0.000000,0.000005,0.000048,0.000005
475.895000,0.000076,0.000023,0.000000,0.000009,0.000007,0.000037
475.924000,0.000076,0.000008,0.000003,0.000000,0.000027,0.000039
475.930000,0.000076,0.000007,0.000000,0.000006,0.000019,0.000044
475.941000,0.000076,0.000020,0.000000,0.000006,0.000012,0.000038
475.944000,0.000076,0.000044,0.000001,0.000007,0.000013,0.000012
475.974000,0.000076,0.000012,0.000001,0.000003,0.000019,0.000040
476.001000,0.000076,0.000008,0.000000,0.000001,0.000037,0.000030
476.110000,0.000076,0.000038,0.000000,0.000009,0.000024,0.000004
476.129000,0.000076,0.000005,0.000001,0.000000,0.000012,0.000057
476.131000,0.000076,0.000029,0.000001,0.000000,0.000005,0.000042
476.151000,0.000076,0.000012,0.000001,0.000000,0.000043,0.000019
476.192000,0.000076,0.000009,0.000000,0.000000,0.000028,0.000039
476.266000,0.000076,0.000036,0.000004,0.000005,0.000028,0.000003
476.288000,0.000076,0.000009,0.000001,0.000006,0.000053,0.000006
476.362000,0.000076,0.000026,0.000000,0.000010,0.000015,0.000025
476.370000,0.000076,0.000040,0.000000,0.000004,0.000019,0.000014
476.403000,0.000076,0.000026,0.000001,0.000008,0.000007,0.000034
476.522000,0.000076,0.000046,0.000000,0.000006,0.000010,0.000014
476.550000,0.000076,0.000016,0.000000,0.000014,0.000032,0.000014
476.769000,0.000076,0.000015,0.000000,0.000006,0.000022,0.000033
476.777000,0.000076,0.000033,0.000001,0.000019,0.000020,0.000004
476.830000,0.000076,0.000046,0.000000,0.000005,0.000010,0.000015
476.848000,0.000076,0.000032,0.000000,0.000008,0.000021,0.000015
476.910000,0.000076,0.000051,0.000003,0.000005,0.000005,0.000012
476.988000,0.000076,0.000036,0.000007,0.000000,0.000015,0.000017
477.011000,0.000076,0.000042,0.000000,0.000000,0.000020,0.000014
477.013000,0.000076,0.000036,0.000000,0.000007,0.000024,0.000008
477.028000,0.000076,0.000034,0.000002,0.000019,0.000019,0.000002
477.146000,0.000076,0.000041,0.000000,0.000008,0.000011,0.000016
477.183000,0.000076,0.000029,0.000000,0.000003,0.000000,0.000044
477.205000,0.000076,0.000010,0.000000,0.000003,0.000032,0.000031
477.221000,0.000076,0.000017,0.000000,0.000005,0.000022,0.000031
477.241000,0.000076,0.000043,0.000000,0.000005,0.000013,0.000015
477.263000,0.000076,0.000039,0.000000,0.000005,0.000018,0.000015
477.266000,0.000076,0.000045,0.000004,0.000004,0.000018,0.000005
477.320000,0.000076,0.000011,0.000000,0.000010,0.000010,0.000046
477.331000,0.000076,0.000033,0.000001,0.000003,0.000027,0.000013
477.411000,0.000076,0.000017,0.000000,0.000010,0.000034,0.000015
477.435000,0.000076,0.000009,0.000000,0.000010,0.000017,0.000039
477.440000,0.000076,0.000027,0.000001,0.000005,0.000006,0.000036
477.470000,0.000076,0.000005,0.000000,0.000002,0.000038,0.000031
477.530000,0.000076,0.000040,0.000001,0.000014,0.000010,0.000011
477.531000,0.000076,0.000011,0.000000,0.000012,0.000009,0.000043
477.546000,0.000076,0.000004,0.000001,0.000002,0.000037,0.000031
477.636000,0.000076,0.000016,0.000003,0.000031,0.000016,0.000010
477.652000,0.000076,0.000040,0.000005,0.000021,0.000010,0.000000
477.669000,0.000076,0.000033,0.000004,0.000012,0.000009,0.000018
477.694000,0.000076,0.000008,0.000001,0.000004,0.000010,0.000054
477.831000,0.000076,0.000032,0.000000,0.000004,0.000028,0.000013
477.833000,0.000076,0.000006,0.000000,0.000001,0.000011,0.000057
477.851000,0.000076,0.000037,0.000004,0.000034,0.000000,0.000001
477.883000,0.000076,0.000017,0.000000,0.000006,0.000049,0.000004
477.888000,0.000076,0.000023,0.000004,0.000008,0.000004,0.000038
477.941000,0.000076,0.000038,0.000001,0.000004,0.000030,0.000004
477.960000,0.000076,0.000009,0.000000,0.000000,0.000038,0.000029
478.049000,0.000076,0.000013,0.000001,0.000005,0.000005,0.000052
478.091000,0.000076,0.000003,0.000000,0.000000,0.000011,0.000062
478.130000,0.000076,0.000012,0.000002,0.000002,0.000023,0.000037
478.181000,0.000076,0.000009,0.000004,0.000014,0.000004,0.000045
478.187000,0.000076,0.000019,0.000000,0.000003,0.000040,0.000013
478.251000,0.000076,0.000027,0.000000,0.000013,0.000018,0.000018
478.258000,0.000076,0.000052,0.000000,0.000004,0.000003,0.000016
478.266000,0.000076,0.000023,0.000004,0.000004,0.000017,0.000028
478.291000,0.000076,0.000030,0.000000,0.000006,0.000005,0.000036
478.347000,0.000076,0.000035,0.000000,0.000002,0.000021,0.000018
478.351000,0.000076,0.000019,0.000002,0.000006,0.000012,0.000038
478.378000,0.000076,0.000004,0.000001,0.000017,0.000014,0.000040
478.425000,0.000076,0.000016,0.000002,0.000005,0.000015,0.000039
478.430000,0.000076,0.000044,0.000002,0.000005,0.000008,0.000018
478.463000,0.000076,0.000039,0.000000,0.000008,0.000024,0.000005
478.561000,0.000076,0.000046,0.000002,0.000000,0.000015,0.000012
478.570000,0.000076,0.000019,0.000000,0.000013,0.000038,0.000006
478.609000,0.000076,0.000039,0.000002,0.000009,0.000002,0.000023
478.636000,0.000076,0.000017,0.000004,0.000006,0.000022,0.000026
478.749000,0.000076,0.000018,0.000004,0.000003,0.000006,0.000044
478.838000,0.000076,0.000025,0.000000,0.000005,0.000006,0.000041
478.856000,0.000076,0.000038,0.000003,0.000018,0.000013,0.000004
478.861000,0.000076,0.000041,0.000000,0.000002,0.000000,0.000033
478.863000,0.000076,0.000051,0.000000,0.000003,0.000005,0.000018
478.877000,0.000076,0.000024,0.000001,0.000008,0.000007,0.000035
478.885000,0.000076,0.000029,0.000002,0.000036,0.000005,0.000003
478.899000,0.000076,0.000047,0.000004,0.000000,0.000010,0.000015
478.906000,0.000076,0.000055,0.000000,0.000006,0.000009,0.000005
478.960000,0.000076,0.000016,0.000003,0.000000,0.000013,0.000044
478.982000,0.000076,0.000014,0.000000,0.000009,0.000019,0.000034
479.090000,0.000076,0.000043,0.000000,0.000007,0.000020,0.000007
479.136000,0.000076,0.000023,0.000000,0.000003,0.000011,0.000039
479.178000,0.000076,0.000011,0.000001,0.000007,0.000045,0.000012
479.206000,0.000076,0.000041,0.000000,0.000012,0.000014,0.000009
479.208000,0.000076,0.000046,0.000000,0.000005,0.000010,0.000015
479.231000,0.000076,0.000026,0.000000,0.000003,0.000028,0.000019
479.244000,0.000076,0.000033,0.000000,0.000005,0.000000,0.000038
479.255000,0.000076,0.000014,0.000001,0.000005,0.000010,0.000046
479.320000,0.000076,0.000010,0.000001,0.000000,0.000027,0.000037
479.432000,0.000076,0.000018,0.000000,0.000008,0.000032,0.000018
479.475000,0.000076,0.000043,0.000002,0.000011,0.000014,0.000006
479.481000,0.000076,0.000010,0.000000,0.000005,0.000061,0.000001
479.528000,0.000076,0.000037,0.000000,0.000008,0.000025,0.000006
479.554000,0.000076,0.000012,0.000000,0.000027,0.000022,0.000016
479.563000,0.000076,0.000008,0.000001,0.000002,0.000035,0.000030
479.581000,0.000076,0.000008,0.000001,0.000006,0.000009,0.000053
479.633000,0.000076,0.000018,0.000004,0.000005,0.000007,0.000042
479.714000,0.000076,0.000041,0.000001,0.000003,0.000016,0.000015
479.738000,0.000076,0.000039,0.000000,0.000001,0.000022,0.000014
479.764000,0.000076,0.000047,0.000000,0.000013,0.000008,0.000007
479.794000,0.000076,0.000044,0.000001,0.000004,0.000014,0.000013
479.813000,0.000076,0.000018,0.000000,0.000007,0.000016,0.000034
479.824000,0.000076,0.000037,0.000000,0.000006,0.000006,0.000026
479.840000,0.000076,0.000050,0.000002,0.000001,0.000008,0.000014
479.852000,0.000076,0.000003,0.000001,0.000017,0.000015,0.000040
479.933000,0.000076,0.000033,0.000000,0.000002,0.000003,0.000038
479.963000,0.000076,0.000009,0.000000,0.000009,0.000031,0.000027
480.070000,0.000076,0.000044,0.000002,0.000003,0.000013,0.000014
480.088000,0.000076,0.000010,0.000000,0.000002,0.000028,0.000036
480.099000,0.000076,0.000028,0.000004,0.000007,0.000004,0.000034
480.127000,0.000076,0.000039,0.000001,0.000015,0.000012,0.000008
480.189000,0.000076,0.000005,0.000000,0.000012,0.000024,0.000035
480.193000,0.000076,0.000038,0.000000,0.000004,0.000002,0.000032
480.204000,0.000076,0.000027,0.000002,0.000005,0.000025,0.000017
480.269000,0.000076,0.000008,0.000000,0.000000,0.000039,0.000029
480.283000,0.000076,0.000018,0.000000,0.000019,0.000004,0.000035
480.297000,0.000076,0.000017,0.000000,0.000016,0.000017,0.000026
480.316000,0.000076,0.000056,0.000001,0.000002,0.000005,0.000013
480.337000,0.000076,0.000056,0.000000,0.000000,0.000006,0.000014
480.371000,0.000076,0.000014,0.000001,0.000004,0.000004,0.000052
480.393000,0.000076,0.000028,0.000000,0.000041,0.000003,0.000004
480.490000,0.000076,0.000014,0.000000,0.000001,0.000042,0.000019
480.509000,0.000076,0.000010,0.000000,0.000029,0.000023,0.000014
480.513000,0.000076,0.000016,0.000001,0.000022,0.000024,0.000014
480.529000,0.000076,0.000021,0.000000,0.000030,0.000011,0.000014
480.592000,0.000076,0.000040,0.000001,0.000030,0.000004,0.000000
480.605000,0.000076,0.000010,0.000000,0.000001,0.000027,0.000038
480.606000,0.000076,0.000014,0.000001,0.000020,0.000009,0.000032
480.636000,0.000076,0.000039,0.000003,0.000009,0.000015,0.000011
480.689000,0.000076,0.000013,0.000000,0.000003,0.000047,0.000012
480.718000,0.000076,0.000024,0.000000,0.000029,0.000008,0.000015
480.741000,0.000076,0.000046,0.000002,0.000011,0.000006,0.000011
480.792000,0.000076,0.000028,0.000000,0.000006,0.000005,0.000037
480.807000,0.000076,0.000021,0.000001,0.000004,0.000003,0.000047
480.860000,0.000076,0.000032,0.000002,0.000018,0.000015,0.000009
480.883000,0.000076,0.000007,0.000000,0.000005,0.000010,0.000053
480.891000,0.000076,0.000016,0.000000,0.000004,0.000035,0.000022
480.922000,0.000076,0.000026,0.000000,0.000004,0.000005,0.000040
480.949000,0.000076,0.000030,0.000003,0.000009,0.000017,0.000017
480.957000,0.000076,0.000053,0.000001,0.000007,0.000007,0.000008
481.068000,0.000076,0.000031,0.000000,0.000003,0.000002,0.000040
481.078000,0.000076,0.000006,0.000000,0.000005,0.000033,0.000032
481.124000,0.000076,0.000025,0.000004,0.000010,0.000014,0.000022
481.202000,0.000076,0.000040,0.000000,0.000033,0.000003,0.000000
481.241000,0.000076,0.000002,0.000004,0.000002,0.000041,0.000028
481.327000,0.000076,0.000040,0.000000,0.000000,0.000012,0.000024
481.390000,0.000076,0.000041,0.000000,0.000003,0.000015,0.000016
481.408000,0.000076,0.000027,0.000001,0.000005,0.000008,0.000036
481.478000,0.000076,0.000036,0.000002,0.000004,0.000027,0.000008
481.547000,0.000076,0.000039,0.000000,0.000000,0.000001,0.000036
481.574000,0.000076,0.000028,0.000000,0.000011,0.000001,0.000036
481.628000,0.000076,0.000049,0.000003,0.000007,0.000003,0.000014
481.632000,0.000076,0.000050,0.000000,0.000009,0.000010,0.000007
481.674000,0.000076,0.000050,0.000001,0.000001,0.000007,0.000017
481.704000,0.000076,0.000055,0.000000,0.000001,0.000001,0.000020
481.716000,0.000076,0.000056,0.000001,0.000002,0.000000,0.000017
481.737000,0.000076,0.000033,0.000000,0.000013,0.000020,0.000009
481.794000,0.000076,0.000055,0.000000,0.000007,0.000004,0.000009
481.814000,0.000076,0.000016,0.000001,0.000022,0.000022,0.000015
481.833000,0.000076,0.000008,0.000001,0.000013,0.000012,0.000042
481.878000,0.000076,0.000023,0.000000,0.000031,0.000019,0.000002
481.879000,0.000076,0.000005,0.000000,0.000002,0.000064,0.000005
481.891000,0.000076,0.000026,0.000002,0.000042,0.000005,0.000002
481.926000,0.000076,0.000049,0.000000,0.000001,0.000005,0.000021
481.937000,0.000076,0.000032,0.000000,0.000003,0.000026,0.000015
481.997000,0.000076,0.000006,0.000001,0.000002,0.000064,0.000004
481.998000,0.000076,0.000032,0.000002,0.000017,0.000019,0.000006
482.002000,0.000076,0.000008,0.000001,0.000011,0.000017,0.000039
482.007000,0.000076,0.000040,0.000000,0.000017,0.000006,0.000013
482.014000,0.000076,0.000020,0.000000,0.000009,0.000005,0.000043
482.029000,0.000076,0.000037,0.000000,0.000008,0.000022,0.000009
482.037000,0.000076,0.000009,0.000000,0.000001,0.000034,0.000032
482.058000,0.000076,0.000013,0.000000,0.000002,0.000039,0.000022
482.059000,0.000076,0.000010,0.000000,0.000007,0.000028,0.000031
482.093000,0.000076,0.000038,0.000000,0.000000,0.000006,0.000032
482.235000,0.000076,0.000012,0.000002,0.000008,0.000021,0.000033
482.285000,0.000076,0.000044,0.000000,0.000004,0.000000,0.000028
482.349000,0.000076,0.000023,0.000000,0.000007,0.000005,0.000041
482.397000,0.000076,0.000036,0.000003,0.000009,0.000020,0.000008
482.410000,0.000152,0.000036,0.000000,0.000047,0.000049,0.000021
482.445000,0.000076,0.000038,0.000000,0.000002,0.000006,0.000030
482.497000,0.000076,0.000012,0.000000,0.000003,0.000015,0.000045
482.508000,0.000076,0.000025,0.000001,0.000004,0.000000,0.000045
482.516000,0.000076,0.000010,0.000002,0.000002,0.000030,0.000031
482.559000,0.000076,0.000018,0.000000,0.000009,0.000032,0.000018
482.584000,0.000076,0.000036,0.000000,0.000001,0.000025,0.000014
482.586000,0.000076,0.000028,0.000000,0.000019,0.000022,0.000008
482.609000,0.000076,0.000037,0.000000,0.000000,0.000025,0.000014
482.687000,0.000076,0.000023,0.000000,0.000006,0.000010,0.000037
482.760000,0.000076,0.000012,0.000000,0.000004,0.000044,0.000016
482.775000,0.000076,0.000011,0.000000,0.000003,0.000032,0.000029
482.793000,0.000076,0.000019,0.000001,0.000004,0.000044,0.000008
482.794000,0.000076,0.000010,0.000003,0.000004,0.000044,0.000016
482.802000,0.000076,0.000023,0.000000,0.000003,0.000013,0.000037
482.809000,0.000076,0.000017,0.000001,0.000001,0.000012,0.000046
482.815000,0.000076,0.000011,0.000001,0.000001,0.000028,0.000035
482.836000,0.000076,0.000008,0.000003,0.000012,0.000017,0.000036
482.872000,0.000076,0.000039,0.000003,0.000032,0.000001,0.000001
482.875000,0.000076,0.000003,0.000001,0.000000,0.000048,0.000024
482.990000,0.000076,0.000018,0.000002,0.000009,0.000037,0.000011
483.018000,0.000076,0.000027,0.000000,0.000009,0.000019,0.000022
483.098000,0.000076,0.000008,0.000000,0.000006,0.000055,0.000007
483.159000,0.000076,0.000012,0.000000,0.000013,0.000007,0.000043
483.160000,0.000076,0.000019,0.000000,0.000009,0.000005,0.000043
483.173000,0.000076,0.000008,0.000000,0.000028,0.000026,0.000014
483.197000,0.000076,0.000010,0.000001,0.000000,0.000029,0.000035
483.200000,0.000076,0.000011,0.000000,0.000028,0.000021,0.000016
483.230000,0.000076,0.000020,0.000000,0.000009,0.000009,0.000038
483.283000,0.000076,0.000017,0.000001,0.000002,0.000009,0.000046
483.295000,0.000076,0.000032,0.000000,0.000008,0.000022,0.000013
483.315000,0.000076,0.000035,0.000000,0.000010,0.000009,0.000022
483.327000,0.000076,0.000039,0.000000,0.000002,0.000002,0.000033
483.330000,0.000076,0.000006,0.000001,0.000010,0.000057,0.000003
483.341000,0.000076,0.000040,0.000000,0.000002,0.000004,0.000030
483.347000,0.000076,0.000009,0.000000,0.000004,0.000063,0.000000
483.382000,0.000076,0.000027,0.000002,0.000010,0.000003,0.000033
483.394000,0.000076,0.000010,0.000000,0.000001,0.000026,0.000038
483.477000,0.000076,0.000020,0.000000,0.000019,0.000003,0.000033
483.521000,0.000076,0.000032,0.000000,0.000016,0.000004,0.000024
483.522000,0.000076,0.000026,0.000000,0.000000,0.000016,0.000034
483.540000,0.000076,0.000015,0.000000,0.000000,0.000008,0.000052
483.587000,0.000076,0.000050,0.000000,0.000012,0.000013,0.000000
483.645000,0.000076,0.000013,0.000000,0.000011,0.000011,0.000041
483.673000,0.000076,0.000039,0.000001,0.000006,0.000013,0.000016
483.708000,0.000076,0.000003,0.000000,0.000006,0.000011,0.000056
483.714000,0.000076,0.000006,0.000000,0.000006,0.000037,0.000028
483.764000,0.000076,0.000034,0.000000,0.000003,0.000004,0.000035
483.787000,0.000076,0.000011,0.000000,0.000010,0.000010,0.000045
483.841000,0.000076,0.000033,0.000000,0.000012,0.000018,0.000013
483.907000,0.000076,0.000007,0.000000,0.000007,0.000063,0.000000
483.950000,0.000076,0.000027,0.000000,0.000006,0.000013,0.000030
483.991000,0.000076,0.000031,0.000001,0.000020,0.000019,0.000005
484.010000,0.000076,0.000013,0.000000,0.000013,0.000007,0.000044
484.069000,0.000076,0.000019,0.000000,0.000019,0.000013,0.000025
484.096000,0.000076,0.000029,0.000000,0.000012,0.000018,0.000016
484.115000,0.000076,0.000009,0.000000,0.000000,0.000029,0.000038
484.156000,0.000076,0.000026,0.000001,0.000009,0.000021,0.000020
484.161000,0.000076,0.000042,0.000001,0.000017,0.000001,0.000015
484.175000,0.000076,0.000028,0.000000,0.000008,0.000007,0.000033
484.238000,0.000076,0.000021,0.000001,0.000011,0.000002,0.000040
484.280000,0.000076,0.000009,0.000000,0.000000,0.000037,0.000030
484.348000,0.000076,0.000028,0.000000,0.000042,0.000003,0.000003
484.360000,0.000076,0.000033,0.000001,0.000008,0.000014,0.000021
484.368000,0.000076,0.000026,0.000000,0.000003,0.000027,0.000020
484.427000,0.000076,0.000003,0.000000,0.000000,0.000049,0.000024
484.437000,0.000076,0.000010,0.000000,0.000006,0.000036,0.000024
484.461000,0.000076,0.000018,0.000000,0.000000,0.000024,0.000034
484.474000,0.000076,0.000035,0.000001,0.000001,0.000022,0.000017
484.584000,0.000076,0.000028,0.000002,0.000034,0.000009,0.000004
484.585000,0.000076,0.000029,0.000001,0.000001,0.000011,0.000035
484.587000,0.000076,0.000046,0.000000,0.000012,0.000001,0.000017
484.682000,0.000076,0.000023,0.000002,0.000017,0.000010,0.000024
484.886000,0.000076,0.000040,0.000000,0.000000,0.000020,0.000016
484.893000,0.000076,0.000009,0.000001,0.000006,0.000034,0.000025
484.953000,0.000076,0.000041,0.000000,0.000033,0.000000,0.000002
484.973000,0.000076,0.000020,0.000000,0.000025,0.000024,0.000007
484.975000,0.000076,0.000014,0.000000,0.000007,0.000023,0.000032
484.983000,0.000076,0.000016,0.000001,0.000016,0.000041,0.000001
484.985000,0.000076,0.000024,0.000001,0.000003,0.000012,0.000037
485.066000,0.000076,0.000055,0.000000,0.000000,0.000002,0.000019
485.069000,0.000076,0.000034,0.000000,0.000011,0.000022,0.000009
485.073000,0.000076,0.000010,0.000000,0.000001,0.000032,0.000033
485.101000,0.000076,0.000010,0.000000,0.000000,0.000028,0.000037
485.108000,0.000076,0.000017,0.000000,0.000000,0.000038,0.000021
485.128000,0.000152,0.000078,0.000002,0.000010,0.000035,0.000026
485.141000,0.000076,0.000043,0.000002,0.000004,0.000014,0.000013
485.196000,0.000076,0.000010,0.000001,0.000009,0.000030,0.000026
485.243000,0.000076,0.000006,0.000001,0.000002,0.000038,0.000029
485.338000,0.000076,0.000039,0.000001,0.000011,0.000019,0.000006
485.366000,0.000076,0.000008,0.000000,0.000001,0.000034,0.000033
485.378000,0.000076,0.000006,0.000000,0.000002,0.000060,0.000008
485.393000,0.000076,0.000004,0.000001,0.000023,0.000002,0.000047
485.412000,0.000076,0.000036,0.000002,0.000005,0.000002,0.000031
485.414000,0.000076,0.000010,0.000002,0.000008,0.000032,0.000024
485.418000,0.000076,0.000012,0.000000,0.000005,0.000045,0.000014
485.515000,0.000076,0.000031,0.000000,0.000008,0.000033,0.000003
485.611000,0.000076,0.000028,0.000000,0.000009,0.000012,0.000027
485.619000,0.000076,0.000016,0.000001,0.000004,0.000009,0.000045
485.639000,0.000076,0.000014,0.000000,0.000006,0.000033,0.000023
485.697000,0.000076,0.000002,0.000001,0.000030,0.000034,0.000009
485.784000,0.000076,0.000001,0.000003,0.000000,0.000013,0.000060
485.787000,0.000076,0.000036,0.000000,0.000020,0.000007,0.000013
485.819000,0.000076,0.000040,0.000000,0.000004,0.000021,0.000012
485.900000,0.000076,0.000052,0.000000,0.000010,0.000009,0.000006
485.906000,0.000076,0.000015,0.000002,0.000005,0.000042,0.000013
485.943000,0.000076,0.000010,0.000001,0.000008,0.000033,0.000024
486.077000,0.000076,0.000026,0.000002,0.000008,0.000028,0.000013
486.116000,0.000076,0.000027,0.000000,0.000018,0.000020,0.000011
486.152000,0.000076,0.000007,0.000000,0.000010,0.000046,0.000012
486.223000,0.000076,0.000060,0.000002,0.000005,0.000002,0.000007
486.264000,0.000076,0.000019,0.000001,0.000007,0.000016,0.000033
486.294000,0.000076,0.000025,0.000000,0.000030,0.000018,0.000003
486.318000,0.000076,0.000002,0.000002,0.000014,0.000013,0.000046
486.380000,0.000076,0.000042,0.000001,0.000030,0.000000,0.000003
486.407000,0.000076,0.000023,0.000007,0.000002,0.000000,0.000045
486.418000,0.000076,0.000027,0.000000,0.000008,0.000020,0.000021
486.426000,0.000076,0.000050,0.000000,0.000012,0.000014,0.000001
486.435000,0.000076,0.000035,0.000000,0.000026,0.000009,0.000006
486.472000,0.000076,0.000031,0.000000,0.000004,0.000028,0.000014
486.485000,0.000076,0.000018,0.000001,0.000004,0.000009,0.000044
486.500000,0.000076,0.000027,0.000001,0.000011,0.000018,0.000019
486.508000,0.000076,0.000024,0.000000,0.000006,0.000030,0.000016
486.512000,0.000076,0.000015,0.000003,0.000022,0.000022,0.000014
486.562000,0.000152,0.000060,0.000001,0.000003,0.000040,0.000048
486.739000,0.000076,0.000024,0.000000,0.000006,0.000009,0.000037
486.772000,0.000076,0.000011,0.000000,0.000006,0.000035,0.000023
486.803000,0.000076,0.000021,0.000000,0.000010,0.000012,0.000033
486.829000,0.000076,0.000013,0.000000,0.000007,0.000040,0.000016
486.882000,0.000076,0.000032,0.000000,0.000001,0.000042,0.000000
487.002000,0.000076,0.000038,0.000007,0.000011,0.000012,0.000009
487.034000,0.000076,0.000049,0.000000,0.000005,0.000002,0.000020
487.048000,0.000076,0.000026,0.000000,0.000009,0.000020,0.000020
487.128000,0.000076,0.000029,0.000000,0.000009,0.000011,0.000026
487.132000,0.000076,0.000028,0.000000,0.000012,0.000018,0.000018
487.199000,0.000076,0.000011,0.000000,0.000016,0.000001,0.000048
487.207000,0.000076,0.000057,0.000000,0.000005,0.000006,0.000008
487.228000,0.000076,0.000010,0.000002,0.000000,0.000029,0.000036
487.269000,0.000076,0.000006,0.000000,0.000003,0.000032,0.000035
487.304000,0.000076,0.000033,0.000000,0.000004,0.000003,0.000036
487.381000,0.000076,0.000036,0.000000,0.000001,0.000014,0.000026
487.382000,0.000076,0.000002,0.000000,0.000015,0.000012,0.000048
487.395000,0.000076,0.000023,0.000001,0.000005,0.000018,0.000029
487.399000,0.000076,0.000017,0.000001,0.000007,0.000046,0.000005
487.403000,0.000076,0.000040,0.000000,0.000033,0.000001,0.000001
487.501000,0.000076,0.000020,0.000000,0.000004,0.000043,0.000009
487.509000,0.000076,0.000005,0.000004,0.000002,0.000035,0.000030
487.594000,0.000076,0.000013,0.000003,0.000003,0.000042,0.000016
487.621000,0.000076,0.000020,0.000000,0.000006,0.000030,0.000020
487.631000,0.000076,0.000012,0.000003,0.000018,0.000022,0.000020
487.642000,0.000076,0.000028,0.000004,0.000006,0.000011,0.000026
487.654000,0.000076,0.000008,0.000001,0.000002,0.000063,0.000002
487.678000,0.000076,0.000025,0.000000,0.000006,0.000004,0.000041
487.709000,0.000076,0.000007,0.000000,0.000002,0.000038,0.000029
487.737000,0.000076,0.000027,0.000001,0.000008,0.000003,0.000037
487.768000,0.000076,0.000039,0.000000,0.000034,0.000002,0.000001
487.794000,0.000076,0.000047,0.000000,0.000007,0.000007,0.000015
487.916000,0.000076,0.000027,0.000001,0.000019,0.000023,0.000007
487.937000,0.000076,0.000011,0.000000,0.000021,0.000026,0.000018
487.944000,0.000076,0.000024,0.000001,0.000026,0.000023,0.000002
488.054000,0.000076,0.000003,0.000000,0.000013,0.000016,0.000044
488.074000,0.000076,0.000039,0.000000,0.000019,0.000007,0.000012
488.122000,0.000076,0.000027,0.000001,0.000019,0.000020,0.000010
488.149000,0.000076,0.000031,0.000000,0.000011,0.000015,0.000020
488.230000,0.000076,0.000007,0.000000,0.000006,0.000062,0.000001
488.260000,0.000076,0.000016,0.000005,0.000009,0.000034,0.000012
488.306000,0.000076,0.000007,0.000000,0.000005,0.000062,0.000003
488.345000,0.000076,0.000038,0.000001,0.000004,0.000021,0.000011
488.406000,0.000076,0.000031,0.000002,0.000014,0.000021,0.000008
488.479000,0.000076,0.000045,0.000000,0.000005,0.000012,0.000014
488.516000,0.000076,0.000026,0.000000,0.000001,0.000003,0.000046
488.749000,0.000076,0.000029,0.000001,0.000009,0.000017,0.000020
488.765000,0.000076,0.000042,0.000002,0.000004,0.000011,0.000018
488.804000,0.000076,0.000054,0.000001,0.000001,0.000002,0.000017
488.825000,0.000076,0.000013,0.000000,0.000005,0.000042,0.000016
488.849000,0.000076,0.000040,0.000001,0.000005,0.000020,0.000010
488.901000,0.000076,0.000015,0.000002,0.000004,0.000051,0.000004
488.913000,0.000076,0.000023,0.000000,0.000004,0.000008,0.000040
489.014000,0.000076,0.000005,0.000000,0.000003,0.000030,0.000038
489.062000,0.000076,0.000033,0.000001,0.000034,0.000002,0.000006
489.157000,0.000076,0.000028,0.000000,0.000014,0.000006,0.000029
489.223000,0.000076,0.000030,0.000000,0.000003,0.000025,0.000018
489.231000,0.000076,0.000028,0.000000,0.000014,0.000006,0.000028
489.233000,0.000076,0.000028,0.000001,0.000006,0.000040,0.000001
489.265000,0.000076,0.000030,0.000002,0.000003,0.000026,0.000015
489.353000,0.000076,0.000010,0.000001,0.000001,0.000031,0.000033
489.387000,0.000076,0.000010,0.000000,0.000001,0.000027,0.000037
489.393000,0.000076,0.000012,0.000001,0.000007,0.000026,0.000030
489.471000,0.000076,0.000039,0.000000,0.000014,0.000021,0.000002
489.485000,0.000076,0.000034,0.000000,0.000006,0.000000,0.000036
489.489000,0.000076,0.000045,0.000000,0.000004,0.000012,0.000015
489.516000,0.000076,0.000016,0.000000,0.000004,0.000033,0.000023
489.519000,0.000076,0.000043,0.000003,0.000005,0.000000,0.000025
489.535000,0.000076,0.000008,0.000000,0.000001,0.000038,0.000029
489.536000,0.000076,0.000013,0.000000,0.000010,0.000019,0.000033
489.575000,0.000076,0.000013,0.000000,0.000006,0.000048,0.000009
489.632000,0.000076,0.000047,0.000000,0.000008,0.000009,0.000013
489.662000,0.000076,0.000031,0.000000,0.000004,0.000023,0.000018
489.761000,0.000076,0.000045,0.000000,0.000002,0.000001,0.000028
489.770000,0.000076,0.000033,0.000002,0.000010,0.000011,0.000020
489.792000,0.000076,0.000015,0.000004,0.000004,0.000035,0.000018
489.826000,0.000076,0.000020,0.000000,0.000030,0.000011,0.000014
489.873000,0.000076,0.000020,0.000000,0.000003,0.000002,0.000050
489.878000,0.000076,0.000027,0.000000,0.000034,0.000008,0.000006
489.973000,0.000076,0.000030,0.000004,0.000031,0.000005,0.000005
490.035000,0.000076,0.000004,0.000000,0.000018,0.000011,0.000043
490.063000,0.000076,0.000032,0.000000,0.000000,0.000013,0.000030
490.064000,0.000076,0.000022,0.000000,0.000005,0.000002,0.000047
490.128000,0.000076,0.000022,0.000000,0.000010,0.000003,0.000041
490.141000,0.000076,0.000050,0.000000,0.000012,0.000013,0.000002
490.191000,0.000076,0.000027,0.000000,0.000010,0.000001,0.000038
490.200000,0.000076,0.000030,0.000005,0.000004,0.000002,0.000035
490.202000,0.000076,0.000042,0.000000,0.000003,0.000003,0.000028
490.281000,0.000076,0.000014,0.000000,0.000021,0.000010,0.000032
490.316000,0.000076,0.000035,0.000001,0.000009,0.000018,0.000012
490.359000,0.000076,0.000040,0.000000,0.000004,0.000000,0.000032
490.365000,0.000076,0.000000,0.000000,0.000029,0.000034,0.000013
490.379000,0.000076,0.000042,0.000000,0.000018,0.000001,0.000016
490.401000,0.000076,0.000037,0.000000,0.000008,0.000006,0.000026
490.457000,0.000076,0.000005,0.000001,0.000006,0.000009,0.000055
490.473000,0.000076,0.000018,0.000001,0.000026,0.000023,0.000007
490.528000,0.000076,0.000017,0.000003,0.000022,0.000008,0.000026
490.552000,0.000076,0.000006,0.000000,0.000005,0.000037,0.000029
490.574000,0.000076,0.000008,0.000000,0.000002,0.000064,0.000002
490.602000,0.000076,0.000005,0.000001,0.000002,0.000062,0.000006
490.621000,0.000076,0.000014,0.000001,0.000028,0.000007,0.000026
490.628000,0.000076,0.000044,0.000000,0.000004,0.000008,0.000020
490.638000,0.000076,0.000036,0.000000,0.000008,0.000022,0.000010
490.675000,0.000076,0.000012,0.000000,0.000002,0.000040,0.000023
490.790000,0.000076,0.000013,0.000001,0.000008,0.000023,0.000032
491.024000,0.000076,0.000012,0.000001,0.000011,0.000008,0.000044
491.058000,0.000076,0.000041,0.000000,0.000003,0.000022,0.000010
491.112000,0.000076,0.000004,0.000000,0.000002,0.000040,0.000030
491.118000,0.000076,0.000016,0.000000,0.000002,0.000038,0.000021
491.129000,0.000076,0.000007,0.000000,0.000004,0.000062,0.000003
491.168000,0.000076,0.000013,0.000002,0.000011,0.000021,0.000028
491.205000,0.000076,0.000028,0.000000,0.000009,0.000018,0.000021
491.282000,0.000076,0.000004,0.000001,0.000006,0.000011,0.000054
491.315000,0.000076,0.000011,0.000003,0.000001,0.000026,0.000036
491.336000,0.000076,0.000029,0.000000,0.000013,0.000008,0.000026
491.402000,0.000076,0.000006,0.000000,0.000003,0.000061,0.000006
491.419000,0.000076,0.000006,0.000000,0.000006,0.000065,0.000000
491.454000,0.000076,0.000038,0.000000,0.000004,0.000022,0.000013
491.535000,0.000076,0.000055,0.000000,0.000000,0.000000,0.000021
491.536000,0.000076,0.000015,0.000000,0.000012,0.000019,0.000030
491.564000,0.000076,0.000049,0.000002,0.000001,0.000005,0.000018
491.576000,0.000076,0.000040,0.000000,0.000007,0.000012,0.000017
491.580000,0.000076,0.000015,0.000002,0.000011,0.000032,0.000016
491.623000,0.000076,0.000013,0.000000,0.000003,0.000041,0.000019
491.643000,0.000076,0.000021,0.000004,0.000026,0.000006,0.000019
491.645000,0.000076,0.000037,0.000000,0.000017,0.000008,0.000014
491.647000,0.000076,0.000003,0.000000,0.000006,0.000040,0.000028
491.663000,0.000076,0.000032,0.000000,0.000006,0.000038,0.000001
491.679000,0.000076,0.000026,0.000001,0.000042,0.000003,0.000005
491.711000,0.000076,0.000005,0.000000,0.000007,0.000062,0.000002
491.724000,0.000076,0.000006,0.000000,0.000001,0.000031,0.000038
491.756000,0.000076,0.000010,0.000001,0.000008,0.000020,0.000037
491.772000,0.000076,0.000037,0.000000,0.000005,0.000009,0.000025
491.806000,0.000076,0.000028,0.000001,0.000010,0.000018,0.000019
491.808000,0.000076,0.000031,0.000001,0.000002,0.000031,0.000011
491.824000,0.000076,0.000012,0.000002,0.000027,0.000020,0.000015
491.840000,0.000076,0.000020,0.000001,0.000004,0.000012,0.000038
491.857000,0.000076,0.000023,0.000002,0.000005,0.000025,0.000021
491.865000,0.000076,0.000013,0.000002,0.000005,0.000042,0.000014
491.875000,0.000076,0.000022,0.000001,0.000002,0.000014,0.000037
491.886000,0.000076,0.000041,0.000000,0.000002,0.000002,0.000031
491.927000,0.000076,0.000014,0.000000,0.000000,0.000024,0.000038
491.946000,0.000076,0.000046,0.000000,0.000000,0.000016,0.000014
491.951000,0.000076,0.000032,0.000000,0.000008,0.000004,0.000033
491.964000,0.000076,0.000011,0.000000,0.000005,0.000031,0.000029
492.011000,0.000076,0.000019,0.000000,0.000010,0.000025,0.000022
492.036000,0.000076,0.000031,0.000002,0.000003,0.000005,0.000035
492.070000,0.000076,0.000013,0.000000,0.000007,0.000048,0.000009
492.075000,0.000076,0.000015,0.000003,0.000016,0.000012,0.000030
492.117000,0.000076,0.000006,0.000000,0.000002,0.000059,0.000009
492.131000,0.000076,0.000017,0.000000,0.000022,0.000006,0.000030
492.171000,0.000076,0.000017,0.000000,0.000007,0.000046,0.000006
492.330000,0.000076,0.000012,0.000002,0.000002,0.000016,0.000044
492.392000,0.000076,0.000027,0.000000,0.000006,0.000005,0.000037
492.433000,0.000076,0.000040,0.000000,0.000009,0.000002,0.000025
492.434000,0.000076,0.000006,0.000001,0.000002,0.000044,0.000023
492.439000,0.000076,0.000035,0.000002,0.000003,0.000024,0.000012
492.454000,0.000152,0.000069,0.000003,0.000018,0.000032,0.000030
492.464000,0.000076,0.000031,0.000000,0.000000,0.000000,0.000045
492.528000,0.000076,0.000029,0.000000,0.000010,0.000001,0.000036
492.640000,0.000076,0.000031,0.000003,0.000005,0.000036,0.000001
492.700000,0.000076,0.000036,0.000001,0.000014,0.000009,0.000015
492.751000,0.000076,0.000041,0.000002,0.000000,0.000019,0.000014
492.802000,0.000076,0.000044,0.000000,0.000005,0.000011,0.000015
492.819000,0.000076,0.000004,0.000001,0.000004,0.000045,0.000021
492.860000,0.000076,0.000028,0.000000,0.000012,0.000000,0.000036
492.944000,0.000076,0.000001,0.000000,0.000002,0.000039,0.000034
492.961000,0.000076,0.000002,0.000000,0.000013,0.000014,0.000046
493.052000,0.000076,0.000028,0.000001,0.000013,0.000016,0.000018
493.058000,0.000076,0.000010,0.000000,0.000001,0.000025,0.000040
493.138000,0.000076,0.000039,0.000000,0.000014,0.000021,0.000002
493.149000,0.000076,0.000014,0.000000,0.000019,0.000009,0.000034
493.150000,0.000076,0.000025,0.000002,0.000012,0.000020,0.000017
493.153000,0.000076,0.000043,0.000003,0.000003,0.000014,0.000013
493.158000,0.000076,0.000046,0.000000,0.000012,0.000009,0.000008
493.173000,0.000076,0.000031,0.000000,0.000010,0.000029,0.000006
493.212000,0.000076,0.000015,0.000001,0.000000,0.000037,0.000023
493.269000,0.000076,0.000028,0.000000,0.000011,0.000001,0.000036
493.271000,0.000076,0.000037,0.000000,0.000016,0.000008,0.000015
493.284000,0.000076,0.000043,0.000001,0.000005,0.000009,0.000017
493.291000,0.000076,0.000009,0.000001,0.000010,0.000031,0.000025
493.301000,0.000076,0.000054,0.000002,0.000009,0.000002,0.000009
493.325000,0.000076,0.000046,0.000001,0.000003,0.000012,0.000014
493.339000,0.000076,0.000030,0.000000,0.000018,0.000020,0.000008
493.372000,0.000076,0.000038,0.000000,0.000007,0.000017,0.000015
493.401000,0.000076,0.000037,0.000000,0.000018,0.000007,0.000014
493.447000,0.000076,0.000014,0.000002,0.000003,0.000039,0.000018
493.453000,0.000076,0.000047,0.000000,0.000002,0.000011,0.000017
493.547000,0.000076,0.000008,0.000000,0.000019,0.000002,0.000047
493.551000,0.000076,0.000024,0.000000,0.000028,0.000022,0.000003
493.601000,0.000076,0.000030,0.000000,0.000010,0.000022,0.000014
493.634000,0.000076,0.000040,0.000001,0.000002,0.000001,0.000031
493.635000,0.000076,0.000016,0.000000,0.000002,0.000013,0.000045
493.642000,0.000076,0.000010,0.000000,0.000008,0.000045,0.000014
493.665000,0.000076,0.000009,0.000000,0.000009,0.000051,0.000007
493.666000,0.000076,0.000042,0.000000,0.000003,0.000023,0.000009
493.697000,0.000076,0.000016,0.000000,0.000002,0.000013,0.000045
493.713000,0.000076,0.000014,0.000002,0.000006,0.000047,0.000006
493.714000,0.000076,0.000045,0.000000,0.000004,0.000018,0.000008
493.740000,0.000076,0.000024,0.000000,0.000020,0.000010,0.000022
493.813000,0.000076,0.000013,0.000001,0.000012,0.000007,0.000042
493.814000,0.000076,0.000013,0.000000,0.000000,0.000027,0.000036
493.851000,0.000076,0.000036,0.000000,0.000007,0.000015,0.000018
493.857000,0.000076,0.000004,0.000000,0.000008,0.000064,0.000000
493.891000,0.000076,0.000006,0.000001,0.000006,0.000063,0.000000
493.892000,0.000076,0.000028,0.000001,0.000013,0.000024,0.000010
493.903000,0.000076,0.000012,0.000000,0.000000,0.000028,0.000036
493.909000,0.000076,0.000035,0.000000,0.000004,0.000022,0.000016
493.915000,0.000076,0.000030,0.000000,0.000011,0.000030,0.000005
493.916000,0.000076,0.000036,0.000000,0.000010,0.000011,0.000019
493.939000,0.000076,0.000037,0.000001,0.000026,0.000002,0.000009
493.946000,0.000076,0.000032,0.000000,0.000000,0.000000,0.000044
493.956000,0.000076,0.000020,0.000003,0.000007,0.000007,0.000039
493.980000,0.000076,0.000023,0.000003,0.000009,0.000003,0.000038
494.181000,0.000076,0.000056,0.000006,0.000000,0.000000,0.000015
494.267000,0.000076,0.000030,0.000001,0.000009,0.000000,0.000036
494.298000,0.000076,0.000045,0.000000,0.000005,0.000011,0.000016
494.334000,0.000076,0.000029,0.000000,0.000002,0.000010,0.000035
494.362000,0.000076,0.000042,0.000000,0.000006,0.000015,0.000013
494.524000,0.000076,0.000015,0.000007,0.000001,0.000038,0.000015
494.529000,0.000076,0.000003,0.000000,0.000000,0.000011,0.000062
494.579000,0.000076,0.000015,0.000000,0.000001,0.000038,0.000022
494.631000,0.000076,0.000043,0.000001,0.000013,0.000008,0.000012
494.641000,0.000076,0.000044,0.000000,0.000005,0.000002,0.000025
494.646000,0.000076,0.000000,0.000000,0.000005,0.000039,0.000033
494.724000,0.000076,0.000030,0.000000,0.000001,0.000007,0.000037
494.738000,0.000076,0.000014,0.000002,0.000019,0.000023,0.000018
494.745000,0.000076,0.000013,0.000001,0.000006,0.000012,0.000044
494.789000,0.000076,0.000017,0.000000,0.000008,0.000046,0.000005
494.809000,0.000076,0.000029,0.000001,0.000003,0.000001,0.000042
494.929000,0.000076,0.000016,0.000001,0.000002,0.000038,0.000020
494.949000,0.000076,0.000006,0.000004,0.000018,0.000009,0.000038
494.970000,0.000076,0.000015,0.000001,0.000009,0.000037,0.000014
495.074000,0.000076,0.000020,0.000000,0.000000,0.000007,0.000048
495.101000,0.000076,0.000005,0.000000,0.000003,0.000061,0.000007
495.109000,0.000076,0.000006,0.000000,0.000002,0.000060,0.000008
495.136000,0.000076,0.000026,0.000001,0.000002,0.000017,0.000030
495.139000,0.000076,0.000006,0.000001,0.000011,0.000054,0.000005
495.143000,0.000076,0.000041,0.000001,0.000008,0.000013,0.000012
495.150000,0.000076,0.000034,0.000000,0.000033,0.000004,0.000005
495.181000,0.000076,0.000026,0.000000,0.000009,0.000007,0.000035
495.229000,0.000076,0.000032,0.000001,0.000010,0.000017,0.000017
495.232000,0.000076,0.000042,0.000000,0.000004,0.000021,0.000009
495.337000,0.000076,0.000007,0.000000,0.000012,0.000021,0.000036
495.363000,0.000076,0.000004,0.000000,0.000001,0.000037,0.000034
495.448000,0.000076,0.000045,0.000000,0.000005,0.000008,0.000018
495.503000,0.000076,0.000050,0.000001,0.000003,0.000002,0.000020
495.537000,0.000076,0.000049,0.000000,0.000015,0.000013,0.000000
495.538000,0.000076,0.000021,0.000003,0.000038,0.000001,0.000012
495.556000,0.000076,0.000018,0.000000,0.000003,0.000046,0.000009
495.559000,0.000076,0.000025,0.000000,0.000031,0.000006,0.000014
495.623000,0.000076,0.000044,0.000001,0.000002,0.000014,0.000015
495.630000,0.000076,0.000001,0.000000,0.000001,0.000012,0.000062
495.638000,0.000076,0.000036,0.000001,0.000008,0.000015,0.000016
495.645000,0.000076,0.000055,0.000002,0.000005,0.000007,0.000007
495.699000,0.000076,0.000014,0.000000,0.000019,0.000025,0.000018
495.769000,0.000076,0.000026,0.000003,0.000018,0.000019,0.000010
495.785000,0.000076,0.000015,0.000001,0.000000,0.000009,0.000051
495.799000,0.000076,0.000007,0.000007,0.000000,0.000030,0.000032
495.835000,0.000076,0.000038,0.000002,0.000006,0.000013,0.000017
495.844000,0.000076,0.000039,0.000000,0.000011,0.000005,0.000021
495.926000,0.000076,0.000002,0.000000,0.000000,0.000039,0.000035
495.947000,0.000076,0.000014,0.000000,0.000008,0.000053,0.000002
496.132000,0.000076,0.000042,0.000000,0.000001,0.000024,0.000008
496.141000,0.000076,0.000037,0.000001,0.000007,0.000004,0.000026
496.150000,0.000076,0.000040,0.000000,0.000003,0.000002,0.000032
496.251000,0.000076,0.000038,0.000000,0.000020,0.000006,0.000012
496.351000,0.000076,0.000005,0.000000,0.000012,0.000024,0.000035
496.441000,0.000076,0.000030,0.000000,0.000013,0.000023,0.000011
496.504000,0.000076,0.000018,0.000002,0.000000,0.000034,0.000022
496.524000,0.000076,0.000041,0.000001,0.000031,0.000003,0.000000
496.566000,0.000076,0.000028,0.000000,0.000010,0.000002,0.000037
496.634000,0.000076,0.000012,0.000000,0.000020,0.000011,0.000033
496.694000,0.000076,0.000010,0.000000,0.000002,0.000027,0.000038
496.696000,0.000076,0.000030,0.000001,0.000004,0.000026,0.000015
496.752000,0.000076,0.000009,0.000002,0.000003,0.000063,0.000000
496.777000,0.000076,0.000007,0.000000,0.000001,0.000030,0.000039
496.824000,0.000076,0.000005,0.000000,0.000010,0.000056,0.000005
496.881000,0.000076,0.000015,0.000001,0.000002,0.000039,0.000020
496.927000,0.000076,0.000018,0.000000,0.000008,0.000046,0.000004
496.974000,0.000076,0.000024,0.000001,0.000013,0.000012,0.000026
496.994000,0.000076,0.000007,0.000000,0.000000,0.000030,0.000039
497.006000,0.000076,0.000032,0.000002,0.000001,0.000012,0.000030
497.007000,0.000076,0.000028,0.000000,0.000003,0.000025,0.000020
497.052000,0.000076,0.000002,0.000001,0.000028,0.000032,0.000014
497.056000,0.000076,0.000037,0.000003,0.000005,0.000006,0.000024
497.057000,0.000076,0.000022,0.000000,0.000025,0.000009,0.000021
497.080000,0.000076,0.000045,0.000003,0.000000,0.000005,0.000024
497.201000,0.000076,0.000003,0.000000,0.000004,0.000035,0.000034
497.228000,0.000076,0.000027,0.000001,0.000015,0.000006,0.000027
497.286000,0.000076,0.000014,0.000000,0.000002,0.000023,0.000037
497.312000,0.000076,0.000043,0.000000,0.000012,0.000008,0.000013
497.319000,0.000076,0.000040,0.000000,0.000013,0.000014,0.000010
497.326000,0.000076,0.000022,0.000000,0.000038,0.000004,0.000012
497.344000,0.000076,0.000035,0.000002,0.000033,0.000003,0.000003
497.494000,0.000076,0.000042,0.000000,0.000008,0.000008,0.000017
497.501000,0.000076,0.000027,0.000000,0.000005,0.000006,0.000038
497.692000,0.000076,0.000028,0.000001,0.000001,0.000009,0.000036
497.724000,0.000076,0.000021,0.000000,0.000008,0.000009,0.000039
497.726000,0.000076,0.000008,0.000000,0.000007,0.000055,0.000007
497.786000,0.000076,0.000032,0.000002,0.000007,0.000000,0.000035
497.802000,0.000076,0.000038,0.000000,0.000003,0.000004,0.000030
497.832000,0.000076,0.000022,0.000003,0.000024,0.000009,0.000018
497.837000,0.000076,0.000040,0.000001,0.000010,0.000007,0.000018
497.856000,0.000076,0.000039,0.000000,0.000005,0.000023,0.000009
497.857000,0.000076,0.000036,0.000000,0.000018,0.000015,0.000007
497.864000,0.000076,0.000053,0.000000,0.000003,0.000004,0.000016
497.897000,0.000076,0.000036,0.000000,0.000007,0.000016,0.000018
497.950000,0.000076,0.000035,0.000000,0.000012,0.000021,0.000008
497.971000,0.000076,0.000015,0.000000,0.000007,0.000008,0.000046
498.029000,0.000076,0.000012,0.000006,0.000007,0.000018,0.000033
498.090000,0.000076,0.000001,0.000000,0.000004,0.000035,0.000036
498.105000,0.000076,0.000018,0.000000,0.000007,0.000012,0.000039
498.293000,0.000076,0.000023,0.000000,0.000021,0.000012,0.000020
498.329000,0.000076,0.000012,0.000000,0.000010,0.000025,0.000028
498.334000,0.000076,0.000020,0.000001,0.000002,0.000006,0.000047
498.564000,0.000076,0.000010,0.000000,0.000000,0.000036,0.000030
498.569000,0.000076,0.000014,0.000001,0.000003,0.000039,0.000018
498.608000,0.000076,0.000023,0.000000,0.000022,0.000009,0.000021
498.684000,0.000076,0.000026,0.000000,0.000013,0.000018,0.000019
498.769000,0.000076,0.000044,0.000000,0.000005,0.000009,0.000018
498.801000,0.000076,0.000029,0.000001,0.000011,0.000022,0.000013
498.831000,0.000076,0.000026,0.000000,0.000003,0.000025,0.000022
498.880000,0.000076,0.000008,0.000003,0.000005,0.000059,0.000001
498.914000,0.000076,0.000054,0.000003,0.000003,0.000003,0.000014
498.993000,0.000076,0.000003,0.000001,0.000004,0.000011,0.000057
499.019000,0.000076,0.000020,0.000001,0.000001,0.000045,0.000010
499.112000,0.000076,0.000012,0.000000,0.000005,0.000044,0.000016
499.122000,0.000076,0.000012,0.000000,0.000011,0.000012,0.000041
499.124000,0.000076,0.000032,0.000002,0.000012,0.000019,0.000011
499.125000,0.000076,0.000052,0.000001,0.000010,0.000001,0.000012
499.156000,0.000076,0.000039,0.000000,0.000035,0.000000,0.000003
499.170000,0.000076,0.000009,0.000003,0.000003,0.000060,0.000001
499.192000,0.000076,0.000045,0.000001,0.000008,0.000008,0.000014
499.267000,0.000076,0.000025,0.000002,0.000002,0.000027,0.000020
499.276000,0.000076,0.000048,0.000000,0.000011,0.000001,0.000016
499.325000,0.000076,0.000039,0.000000,0.000013,0.000004,0.000020
499.335000,0.000076,0.000002,0.000000,0.000027,0.000032,0.000014
499.439000,0.000076,0.000004,0.000000,0.000002,0.000012,0.000059
499.448000,0.000076,0.000000,0.000000,0.000028,0.000032,0.000016
499.450000,0.000076,0.000055,0.000004,0.000006,0.000002,0.000010
499.478000,0.000076,0.000041,0.000000,0.000004,0.000014,0.000017
499.502000,0.000076,0.000014,0.000002,0.000000,0.000036,0.000024
499.536000,0.000076,0.000015,0.000000,0.000004,0.000045,0.000011
499.720000,0.000076,0.000011,0.000000,0.000004,0.000023,0.000039
499.739000,0.000076,0.000013,0.000000,0.000000,0.000025,0.000038
499.814000,0.000076,0.000013,0.000000,0.000011,0.000007,0.000045
499.970000,0.000076,0.000009,0.000000,0.000000,0.000031,0.000037
499.990000,0.000076,0.000012,0.000003,0.000006,0.000042,0.000012
499.999000,0.000076,0.000000,0.000001,0.000004,0.000039,0.000033
500.025000,0.000076,0.000043,0.000000,0.000001,0.000016,0.000016
500.031000,0.000076,0.000012,0.000003,0.000019,0.000022,0.000020
500.044000,0.000076,0.000045,0.000000,0.000001,0.000015,0.000016
500.115000,0.000076,0.000017,0.000000,0.000003,0.000007,0.000049
500.126000,0.000076,0.000035,0.000000,0.000007,0.000021,0.000013
500.142000,0.000076,0.000046,0.000001,0.000002,0.000009,0.000018
500.164000,0.000076,0.000031,0.000001,0.000005,0.000021,0.000018
500.193000,0.000076,0.000038,0.000002,0.000018,0.000007,0.000011
500.287000,0.000076,0.000026,0.000001,0.000017,0.000009,0.000023
500.315000,0.000076,0.000023,0.000000,0.000021,0.000013,0.000020
500.334000,0.000076,0.000018,0.000000,0.000005,0.000044,0.000009
500.354000,0.000076,0.000053,0.000002,0.000000,0.000000,0.000020
500.384000,0.000076,0.000043,0.000001,0.000013,0.000000,0.000019
500.442000,0.000076,0.000042,0.000000,0.000004,0.000016,0.000014
500.484000,0.000076,0.000014,0.000000,0.000001,0.000040,0.000021
500.492000,0.000076,0.000016,0.000001,0.000000,0.000038,0.000021
500.554000,0.000076,0.000041,0.000000,0.000002,0.000008,0.000024
500.568000,0.000076,0.000024,0.000000,0.000029,0.000009,0.000014
500.592000,0.000076,0.000006,0.000001,0.000007,0.000057,0.000005
500.635000,0.000076,0.000003,0.000001,0.000000,0.000037,0.000035
500.641000,0.000076,0.000029,0.000000,0.000016,0.000005,0.000026
500.664000,0.000076,0.000028,0.000000,0.000003,0.000008,0.000037
500.673000,0.000076,0.000051,0.000003,0.000003,0.000005,0.000014
500.726000,0.000076,0.000041,0.000000,0.000003,0.000016,0.000016
500.784000,0.000076,0.000013,0.000000,0.000002,0.000040,0.000020
500.897000,0.000076,0.000013,0.000001,0.000009,0.000024,0.000029
500.899000,0.000076,0.000017,0.000000,0.000005,0.000047,0.000008
500.907000,0.000076,0.000003,0.000000,0.000004,0.000035,0.000035
500.940000,0.000076,0.000046,0.000000,0.000012,0.000016,0.000002
500.947000,0.000076,0.000036,0.000000,0.000004,0.000015,0.000020
500.967000,0.000076,0.000015,0.000000,0.000004,0.000010,0.000048
500.998000,0.000076,0.000011,0.000003,0.000007,0.000055,0.000001
501.000000,0.000076,0.000030,0.000000,0.000000,0.000000,0.000046
501.016000,0.000076,0.000006,0.000002,0.000004,0.000034,0.000030
501.017000,0.000076,0.000027,0.000000,0.000010,0.000002,0.000037
501.047000,0.000076,0.000006,0.000000,0.000000,0.000035,0.000035
501.058000,0.000076,0.000010,0.000000,0.000010,0.000021,0.000035
501.137000,0.000076,0.000006,0.000001,0.000007,0.000056,0.000006
501.146000,0.000076,0.000006,0.000000,0.000005,0.000006,0.000059
501.173000,0.000076,0.000036,0.000000,0.000005,0.000015,0.000020
501.191000,0.000076,0.000024,0.000000,0.000006,0.000030,0.000016
501.209000,0.000076,0.000051,0.000001,0.000002,0.000001,0.000021
501.213000,0.000076,0.000010,0.000003,0.000010,0.000054,0.000000
501.230000,0.000076,0.000022,0.000000,0.000002,0.000013,0.000038
501.242000,0.000076,0.000040,0.000001,0.000011,0.000006,0.000019
501.363000,0.000076,0.000014,0.000000,0.000010,0.000043,0.000009
501.367000,0.000076,0.000006,0.000000,0.000001,0.000036,0.000033
501.545000,0.000076,0.000039,0.000001,0.000009,0.000017,0.000010
501.635000,0.000076,0.000014,0.000000,0.000002,0.000023,0.000037
501.686000,0.000076,0.000009,0.000002,0.000018,0.000002,0.000046
501.688000,0.000076,0.000005,0.000000,0.000008,0.000061,0.000002
501.698000,0.000076,0.000013,0.000002,0.000003,0.000023,0.000035
501.734000,0.000076,0.000033,0.000001,0.000013,0.000019,0.000010
501.783000,0.000076,0.000034,0.000001,0.000006,0.000021,0.000014
501.796000,0.000076,0.000031,0.000003,0.000028,0.000010,0.000004
501.853000,0.000076,0.000018,0.000001,0.000006,0.000013,0.000038
502.022000,0.000076,0.000014,0.000000,0.000028,0.000009,0.000026
502.037000,0.000076,0.000007,0.000001,0.000002,0.000059,0.000006
502.100000,0.000076,0.000016,0.000002,0.000001,0.000035,0.000022
502.199000,0.000076,0.000005,0.000001,0.000008,0.000059,0.000003
502.279000,0.000076,0.000052,0.000001,0.000000,0.000008,0.000015
502.280000,0.000076,0.000044,0.000004,0.000000,0.000010,0.000018
502.295000,0.000076,0.000041,0.000000,0.000018,0.000000,0.000017
502.318000,0.000076,0.000037,0.000000,0.000010,0.000011,0.000019
502.379000,0.000076,0.000034,0.000001,0.000006,0.000029,0.000006
502.506000,0.000076,0.000039,0.000001,0.000010,0.000005,0.000021
502.507000,0.000076,0.000035,0.000001,0.000010,0.000010,0.000021
502.610000,0.000076,0.000007,0.000002,0.000010,0.000023,0.000034
502.726000,0.000076,0.000040,0.000001,0.000019,0.000000,0.000016
502.785000,0.000076,0.000003,0.000001,0.000008,0.000006,0.000057
502.850000,0.000076,0.000035,0.000002,0.000005,0.000020,0.000014
502.917000,0.000076,0.000010,0.000000,0.000000,0.000028,0.000039
502.936000,0.000076,0.000039,0.000001,0.000019,0.000006,0.000012
502.965000,0.000076,0.000019,0.000001,0.000028,0.000005,0.000023
502.976000,0.000076,0.000037,0.000000,0.000001,0.000004,0.000034
503.009000,0.000076,0.000040,0.000000,0.000004,0.000013,0.000019
503.032000,0.000076,0.000021,0.000000,0.000026,0.000009,0.000020
503.040000,0.000076,0.000017,0.000001,0.000003,0.000045,0.000010
503.061000,0.000076,0.000024,0.000000,0.000021,0.000009,0.000022
503.064000,0.000076,0.000026,0.000003,0.000000,0.000028,0.000020
503.106000,0.000076,0.000028,0.000001,0.000035,0.000005,0.000007
503.142000,0.000076,0.000035,0.000003,0.000006,0.000015,0.000016
503.162000,0.000076,0.000012,0.000000,0.000008,0.000018,0.000038
503.167000,0.000076,0.000056,0.000000,0.000005,0.000004,0.000011
503.202000,0.000076,0.000039,0.000001,0.000017,0.000008,0.000012
503.235000,0.000076,0.000037,0.000000,0.000004,0.000015,0.000020
503.239000,0.000076,0.000008,0.000000,0.000011,0.000023,0.000034
503.305000,0.000076,0.000020,0.000000,0.000000,0.000026,0.000030
503.328000,0.000076,0.000001,0.000004,0.000001,0.000039,0.000031
503.362000,0.000076,0.000016,0.000000,0.000001,0.000026,0.000032
503.371000,0.000076,0.000026,0.000000,0.000029,0.000013,0.000008
503.374000,0.000076,0.000024,0.000000,0.000027,0.000022,0.000003
503.461000,0.000076,0.000016,0.000000,0.000002,0.000038,0.000020
503.469000,0.000076,0.000020,0.000001,0.000006,0.000003,0.000047
503.564000,0.000076,0.000037,0.000001,0.000001,0.000022,0.000015
503.604000,0.000076,0.000000,0.000000,0.000005,0.000039,0.000032
503.622000,0.000076,0.000025,0.000001,0.000006,0.000004,0.000040
503.683000,0.000076,0.000018,0.000003,0.000009,0.000032,0.000015
503.707000,0.000076,0.000005,0.000000,0.000011,0.000021,0.000039
503.731000,0.000076,0.000015,0.000000,0.000002,0.000038,0.000020
503.763000,0.000076,0.000049,0.000000,0.000012,0.000013,0.000002
503.771000,0.000076,0.000006,0.000000,0.000005,0.000006,0.000060
503.846000,0.000076,0.000020,0.000001,0.000006,0.000003,0.000045
503.870000,0.000076,0.000017,0.000004,0.000003,0.000045,0.000007
503.896000,0.000076,0.000037,0.000003,0.000008,0.000015,0.000014
503.981000,0.000076,0.000041,0.000001,0.000000,0.000001,0.000032
504.023000,0.000076,0.000018,0.000000,0.000003,0.000045,0.000010
504.041000,0.000076,0.000008,0.000000,0.000011,0.000006,0.000051
504.072000,0.000076,0.000047,0.000001,0.000011,0.000015,0.000002
504.085000,0.000076,0.000002,0.000003,0.000001,0.000037,0.000032
504.222000,0.000076,0.000008,0.000001,0.000001,0.000024,0.000042
504.235000,0.000076,0.000039,0.000000,0.000013,0.000014,0.000010
504.258000,0.000076,0.000040,0.000001,0.000012,0.000014,0.000009
504.260000,0.000076,0.000011,0.000000,0.000009,0.000049,0.000007
504.287000,0.000076,0.000036,0.000002,0.000006,0.000015,0.000018
504.299000,0.000076,0.000012,0.000001,0.000004,0.000039,0.000020
504.315000,0.000076,0.000007,0.000001,0.000001,0.000044,0.000024
504.329000,0.000076,0.000027,0.000001,0.000013,0.000018,0.000017
504.388000,0.000076,0.000038,0.000000,0.000014,0.000010,0.000014
504.553000,0.000076,0.000014,0.000000,0.000000,0.000034,0.000028
504.655000,0.000152,0.000039,0.000004,0.000002,0.000040,0.000067
504.687000,0.000076,0.000004,0.000000,0.000000,0.000034,0.000038
504.726000,0.000076,0.000015,0.000001,0.000017,0.000011,0.000032
504.753000,0.000076,0.000037,0.000002,0.000003,0.000016,0.000018
504.783000,0.000076,0.000029,0.000003,0.000006,0.000003,0.000035
504.820000,0.000076,0.000046,0.000000,0.000012,0.000002,0.000016
504.838000,0.000076,0.000007,0.000000,0.000003,0.000031,0.000035
504.874000,0.000076,0.000000,0.000000,0.000006,0.000038,0.000032
504.914000,0.000076,0.000007,0.000005,0.000008,0.000023,0.000033
504.927000,0.000076,0.000045,0.000000,0.000001,0.000004,0.000026
504.939000,0.000076,0.000024,0.000001,0.000002,0.000011,0.000038
505.099000,0.000076,0.000009,0.000001,0.000009,0.000031,0.000025
505.131000,0.000076,0.000034,0.000001,0.000004,0.000021,0.000015
505.155000,0.000076,0.000024,0.000000,0.000001,0.000030,0.000022
505.176000,0.000076,0.000011,0.000000,0.000023,0.000022,0.000020
505.177000,0.000076,0.000041,0.000001,0.000006,0.000008,0.000020
505.204000,0.000076,0.000039,0.000000,0.000002,0.000016,0.000019
505.242000,0.000076,0.000018,0.000000,0.000008,0.000030,0.000020
505.279000,0.000076,0.000029,0.000000,0.000001,0.000011,0.000034
505.282000,0.000076,0.000049,0.000000,0.000011,0.000014,0.000002
505.339000,0.000076,0.000042,0.000000,0.000016,0.000007,0.000011
505.343000,0.000076,0.000031,0.000001,0.000017,0.000019,0.000007
505.357000,0.000076,0.000037,0.000000,0.000016,0.000022,0.000001
505.392000,0.000076,0.000037,0.000000,0.000014,0.000010,0.000015
505.418000,0.000076,0.000036,0.000000,0.000009,0.000014,0.000017
505.534000,0.000076,0.000001,0.000000,0.000005,0.000036,0.000034
505.547000,0.000076,0.000017,0.000000,0.000004,0.000007,0.000048
505.683000,0.000076,0.000020,0.000002,0.000026,0.000008,0.000019
505.706000,0.000076,0.000007,0.000000,0.000002,0.000038,0.000029
505.765000,0.000076,0.000038,0.000001,0.000005,0.000013,0.000019
505.815000,0.000076,0.000019,0.000000,0.000027,0.000009,0.000020
505.818000,0.000076,0.000047,0.000000,0.000001,0.000012,0.000017
505.819000,0.000076,0.000015,0.000000,0.000008,0.000045,0.000008
505.856000,0.000076,0.000039,0.000000,0.000001,0.000013,0.000023
505.918000,0.000076,0.000013,0.000002,0.000005,0.000011,0.000046
505.936000,0.000076,0.000029,0.000000,0.000011,0.000021,0.000015
505.991000,0.000076,0.000007,0.000000,0.000010,0.000036,0.000023
506.004000,0.000076,0.000038,0.000005,0.000012,0.000009,0.000013
506.061000,0.000076,0.000044,0.000003,0.000002,0.000016,0.000011
506.082000,0.000076,0.000023,0.000000,0.000011,0.000003,0.000040
506.092000,0.000076,0.000037,0.000000,0.000009,0.000012,0.000018
506.224000,0.000076,0.000039,0.000001,0.000000,0.000008,0.000028
506.225000,0.000076,0.000020,0.000001,0.000006,0.000006,0.000043
506.352000,0.000076,0.000016,0.000000,0.000000,0.000007,0.000053
506.374000,0.000076,0.000033,0.000001,0.000024,0.000010,0.000008
506.458000,0.000076,0.000040,0.000001,0.000009,0.000007,0.000020
506.492000,0.000076,0.000044,0.000000,0.000013,0.000001,0.000018
506.537000,0.000076,0.000044,0.000002,0.000000,0.000015,0.000016
506.556000,0.000076,0.000007,0.000000,0.000005,0.000032,0.000032
506.572000,0.000076,0.000043,0.000000,0.000002,0.000013,0.000019
506.601000,0.000076,0.000020,0.000000,0.000022,0.000012,0.000021
506.657000,0.000076,0.000040,0.000001,0.000001,0.000002,0.000031
506.661000,0.000076,0.000011,0.000000,0.000019,0.000025,0.000020
506.667000,0.000076,0.000009,0.000000,0.000005,0.000060,0.000002
506.693000,0.000076,0.000037,0.000000,0.000011,0.000018,0.000011
506.734000,0.000076,0.000008,0.000000,0.000004,0.000046,0.000018
506.744000,0.000076,0.000016,0.000000,0.000005,0.000034,0.000021
506.782000,0.000076,0.000017,0.000002,0.000007,0.000047,0.000003
506.824000,0.000076,0.000008,0.000000,0.000001,0.000024,0.000043
506.860000,0.000076,0.000016,0.000002,0.000003,0.000022,0.000033
506.998000,0.000076,0.000015,0.000000,0.000005,0.000049,0.000007
507.013000,0.000076,0.000000,0.000000,0.000006,0.000038,0.000032
507.085000,0.000076,0.000012,0.000000,0.000000,0.000025,0.000038
507.122000,0.000076,0.000023,0.000001,0.000002,0.000018,0.000032
507.131000,0.000076,0.000008,0.000000,0.000005,0.000061,0.000003
507.143000,0.000076,0.000003,0.000000,0.000000,0.000035,0.000037
507.192000,0.000076,0.000022,0.000001,0.000003,0.000045,0.000005
507.214000,0.000076,0.000040,0.000001,0.000031,0.000000,0.000004
507.230000,0.000076,0.000011,0.000002,0.000012,0.000012,0.000040
507.294000,0.000076,0.000036,0.000002,0.000016,0.000019,0.000003
507.298000,0.000076,0.000041,0.000002,0.000012,0.000008,0.000013
507.335000,0.000076,0.000020,0.000001,0.000002,0.000043,0.000011
507.343000,0.000076,0.000013,0.000000,0.000019,0.000027,0.000017
507.344000,0.000076,0.000043,0.000002,0.000001,0.000003,0.000028
507.359000,0.000076,0.000022,0.000000,0.000035,0.000002,0.000016
507.380000,0.000076,0.000012,0.000001,0.000019,0.000028,0.000017
507.408000,0.000076,0.000046,0.000000,0.000000,0.000014,0.000016
507.457000,0.000076,0.000019,0.000002,0.000003,0.000039,0.000013
507.486000,0.000076,0.000050,0.000000,0.000002,0.000011,0.000014
507.506000,0.000076,0.000020,0.000000,0.000000,0.000025,0.000031
507.520000,0.000076,0.000016,0.000004,0.000002,0.000010,0.000044
507.531000,0.000076,0.000005,0.000002,0.000005,0.000036,0.000028
507.552000,0.000076,0.000020,0.000000,0.000005,0.000040,0.000011
507.703000,0.000152,0.000063,0.000001,0.000018,0.000043,0.000027
507.726000,0.000076,0.000007,0.000002,0.000001,0.000028,0.000038
507.833000,0.000076,0.000040,0.000001,0.000004,0.000008,0.000024
507.838000,0.000076,0.000037,0.000003,0.000002,0.000020,0.000014
507.881000,0.000076,0.000027,0.000000,0.000032,0.000000,0.000017
507.938000,0.000076,0.000004,0.000001,0.000000,0.000036,0.000035
508.029000,0.000076,0.000011,0.000001,0.000004,0.000006,0.000055
508.074000,0.000076,0.000039,0.000001,0.000005,0.000016,0.000015
508.117000,0.000076,0.000016,0.000000,0.000010,0.000004,0.000046
508.175000,0.000076,0.000009,0.000000,0.000002,0.000029,0.000036
508.177000,0.000076,0.000027,0.000000,0.000010,0.000016,0.000022
508.183000,0.000076,0.000035,0.000000,0.000006,0.000018,0.000017
508.226000,0.000076,0.000017,0.000000,0.000015,0.000027,0.000018
508.243000,0.000076,0.000029,0.000000,0.000012,0.000025,0.000010
508.274000,0.000076,0.000036,0.000004,0.000005,0.000003,0.000028
508.315000,0.000076,0.000016,0.000001,0.000003,0.000016,0.000040
508.324000,0.000076,0.000021,0.000000,0.000025,0.000020,0.000010
508.364000,0.000076,0.000008,0.000000,0.000004,0.000060,0.000003
508.409000,0.000076,0.000026,0.000001,0.000010,0.000023,0.000016
508.423000,0.000076,0.000025,0.000001,0.000000,0.000001,0.000049
508.431000,0.000076,0.000006,0.000000,0.000008,0.000058,0.000003
508.459000,0.000076,0.000014,0.000000,0.000001,0.000022,0.000039
508.463000,0.000076,0.000021,0.000000,0.000037,0.000006,0.000012
508.480000,0.000076,0.000015,0.000001,0.000003,0.000026,0.000031
508.498000,0.000076,0.000010,0.000001,0.000010,0.000055,0.000000
508.634000,0.000076,0.000036,0.000000,0.000011,0.000011,0.000019
508.656000,0.000076,0.000030,0.000002,0.000000,0.000002,0.000042
508.683000,0.000076,0.000014,0.000000,0.000004,0.000019,0.000039
508.686000,0.000076,0.000012,0.000001,0.000023,0.000022,0.000018
508.733000,0.000076,0.000021,0.000000,0.000004,0.000016,0.000035
508.788000,0.000076,0.000023,0.000000,0.000014,0.000020,0.000018
508.884000,0.000076,0.000006,0.000000,0.000002,0.000014,0.000054
508.892000,0.000076,0.000023,0.000000,0.000003,0.000043,0.000007
508.933000,0.000076,0.000027,0.000001,0.000042,0.000002,0.000003
508.953000,0.000076,0.000024,0.000000,0.000007,0.000006,0.000039
508.992000,0.000076,0.000007,0.000001,0.000004,0.000005,0.000059
508.998000,0.000076,0.000012,0.000000,0.000012,0.000009,0.000043
509.086000,0.000076,0.000029,0.000000,0.000006,0.000007,0.000034
509.134000,0.000076,0.000035,0.000000,0.000007,0.000017,0.000017
509.270000,0.000076,0.000028,0.000002,0.000035,0.000002,0.000008
509.276000,0.000076,0.000003,0.000000,0.000004,0.000012,0.000057
509.297000,0.000076,0.000053,0.000001,0.000005,0.000000,0.000017
509.338000,0.000076,0.000027,0.000000,0.000039,0.000007,0.000003
509.478000,0.000076,0.000012,0.000000,0.000006,0.000040,0.000018
509.491000,0.000076,0.000031,0.000003,0.000001,0.000010,0.000031
509.501000,0.000076,0.000009,0.000005,0.000004,0.000019,0.000039
509.534000,0.000076,0.000017,0.000000,0.000012,0.000029,0.000018
509.546000,0.000076,0.000015,0.000000,0.000001,0.000010,0.000049
509.568000,0.000076,0.000036,0.000003,0.000003,0.000004,0.000030
509.666000,0.000152,0.000065,0.000002,0.000012,0.000013,0.000060
509.672000,0.000076,0.000018,0.000000,0.000003,0.000021,0.000034
509.704000,0.000076,0.000047,0.000000,0.000005,0.000005,0.000019
509.709000,0.000076,0.000020,0.000000,0.000000,0.000025,0.000031
509.735000,0.000076,0.000038,0.000001,0.000009,0.000013,0.000016
509.765000,0.000076,0.000027,0.000000,0.000013,0.000014,0.000022
509.794000,0.000076,0.000047,0.000000,0.000010,0.000009,0.000010
509.935000,0.000076,0.000011,0.000000,0.000013,0.000008,0.000044
509.963000,0.000076,0.000019,0.000000,0.000000,0.000008,0.000048
510.059000,0.000076,0.000049,0.000001,0.000010,0.000002,0.000014
510.073000,0.000076,0.000016,0.000002,0.000014,0.000020,0.000023
510.076000,0.000076,0.000013,0.000000,0.000011,0.000031,0.000021
510.119000,0.000076,0.000041,0.000002,0.000002,0.000022,0.000009
510.186000,0.000076,0.000037,0.000000,0.000005,0.000015,0.000019
510.233000,0.000076,0.000035,0.000004,0.000009,0.000011,0.000017
510.265000,0.000076,0.000020,0.000000,0.000025,0.000020,0.000011
510.298000,0.000076,0.000015,0.000000,0.000012,0.000017,0.000032
510.340000,0.000076,0.000023,0.000000,0.000024,0.000009,0.000020
510.369000,0.000076,0.000007,0.000000,0.000006,0.000009,0.000055
510.387000,0.000076,0.000003,0.000000,0.000002,0.000033,0.000038
510.389000,0.000076,0.000048,0.000000,0.000005,0.000005,0.000019
510.421000,0.000076,0.000014,0.000000,0.000010,0.000032,0.000020
510.538000,0.000076,0.000022,0.000001,0.000010,0.000003,0.000040
510.548000,0.000076,0.000041,0.000001,0.000002,0.000020,0.000012
510.558000,0.000076,0.000023,0.000002,0.000004,0.000017,0.000031
510.587000,0.000076,0.000013,0.000000,0.000004,0.000037,0.000021
510.634000,0.000076,0.000016,0.000000,0.000001,0.000036,0.000022
510.654000,0.000076,0.000012,0.000000,0.000012,0.000037,0.000016
510.670000,0.000076,0.000007,0.000001,0.000001,0.000038,0.000028
510.696000,0.000076,0.000002,0.000000,0.000002,0.000038,0.000035
510.719000,0.000076,0.000047,0.000001,0.000015,0.000012,0.000000
510.728000,0.000076,0.000048,0.000000,0.000003,0.000017,0.000008
510.904000,0.000076,0.000012,0.000004,0.000007,0.000053,0.000000
510.910000,0.000076,0.000035,0.000000,0.000006,0.000017,0.000018
510.913000,0.000076,0.000014,0.000001,0.000001,0.000039,0.000021
510.967000,0.000076,0.000001,0.000000,0.000001,0.000038,0.000036
510.987000,0.000076,0.000032,0.000002,0.000002,0.000019,0.000021
511.002000,0.000152,0.000061,0.000000,0.000015,0.000028,0.000048
511.013000,0.000076,0.000055,0.000002,0.000006,0.000000,0.000013
511.057000,0.000076,0.000019,0.000000,0.000004,0.000008,0.000044
511.111000,0.000076,0.000005,0.000003,0.000002,0.000032,0.000034
511.155000,0.000076,0.000038,0.000000,0.000001,0.000020,0.000017
511.227000,0.000076,0.000039,0.000003,0.000012,0.000007,0.000016
511.309000,0.000076,0.000017,0.000000,0.000003,0.000040,0.000016
511.320000,0.000076,0.000053,0.000002,0.000007,0.000005,0.000009
511.342000,0.000076,0.000016,0.000000,0.000011,0.000017,0.000033
511.424000,0.000076,0.000010,0.000000,0.000003,0.000027,0.000037
511.468000,0.000076,0.000045,0.000000,0.000003,0.000024,0.000005
511.525000,0.000076,0.000013,0.000000,0.000010,0.000040,0.000014
511.534000,0.000076,0.000022,0.000000,0.000022,0.000010,0.000022
511.559000,0.000076,0.000028,0.000000,0.000028,0.000013,0.000007
511.739000,0.000076,0.000005,0.000002,0.000000,0.000013,0.000056
511.743000,0.000076,0.000019,0.000000,0.000001,0.000024,0.000031
511.800000,0.000076,0.000037,0.000000,0.000012,0.000011,0.000016
512.013000,0.000076,0.000031,0.000000,0.000000,0.000028,0.000017
512.023000,0.000076,0.000009,0.000001,0.000008,0.000010,0.000049
512.032000,0.000076,0.000026,0.000000,0.000036,0.000004,0.000009
512.033000,0.000076,0.000024,0.000001,0.000005,0.000011,0.000035
512.164000,0.000076,0.000032,0.000000,0.000004,0.000004,0.000036
512.165000,0.000076,0.000007,0.000000,0.000000,0.000037,0.000032
512.169000,0.000076,0.000017,0.000001,0.000009,0.000028,0.000021
512.275000,0.000076,0.000011,0.000000,0.000005,0.000028,0.000031
512.341000,0.000076,0.000027,0.000001,0.000004,0.000023,0.000021
512.366000,0.000076,0.000022,0.000000,0.000004,0.000004,0.000046
512.375000,0.000076,0.000008,0.000000,0.000001,0.000034,0.000032
512.386000,0.000076,0.000039,0.000000,0.000032,0.000001,0.000003
512.492000,0.000076,0.000037,0.000000,0.000003,0.000002,0.000033
512.494000,0.000076,0.000035,0.000002,0.000009,0.000012,0.000017
512.547000,0.000076,0.000016,0.000002,0.000002,0.000039,0.000018
512.560000,0.000076,0.000020,0.000000,0.000010,0.000002,0.000044
512.571000,0.000076,0.000014,0.000000,0.000001,0.000039,0.000022
512.608000,0.000076,0.000018,0.000001,0.000008,0.000007,0.000043
512.611000,0.000076,0.000018,0.000001,0.000007,0.000008,0.000042
512.686000,0.000076,0.000017,0.000002,0.000000,0.000005,0.000052
512.794000,0.000076,0.000008,0.000000,0.000002,0.000037,0.000029
512.801000,0.000076,0.000048,0.000001,0.000003,0.000003,0.000021
512.825000,0.000076,0.000027,0.000000,0.000004,0.000003,0.000042
512.857000,0.000076,0.000015,0.000002,0.000007,0.000047,0.000005
512.876000,0.000076,0.000018,0.000000,0.000001,0.000026,0.000031
512.962000,0.000076,0.000037,0.000001,0.000009,0.000017,0.000013
513.072000,0.000076,0.000028,0.000000,0.000003,0.000000,0.000045
513.121000,0.000076,0.000024,0.000000,0.000029,0.000020,0.000004
513.153000,0.000076,0.000009,0.000001,0.000016,0.000001,0.000050
513.172000,0.000076,0.000046,0.000001,0.000001,0.000016,0.000012
513.193000,0.000076,0.000042,0.000000,0.000002,0.000020,0.000013
513.197000,0.000076,0.000012,0.000001,0.000012,0.000008,0.000043
513.200000,0.000076,0.000006,0.000001,0.000004,0.000031,0.000035
513.239000,0.000076,0.000024,0.000001,0.000004,0.000029,0.000019
513.462000,0.000076,0.000006,0.000000,0.000005,0.000040,0.000026
513.467000,0.000076,0.000038,0.000000,0.000011,0.000009,0.000018
513.474000,0.000076,0.000020,0.000000,0.000009,0.000021,0.000025
513.525000,0.000076,0.000005,0.000000,0.000001,0.000058,0.000012
513.551000,0.000076,0.000022,0.000000,0.000010,0.000004,0.000041
513.612000,0.000076,0.000025,0.000000,0.000012,0.000018,0.000020
513.617000,0.000076,0.000008,0.000000,0.000001,0.000038,0.000028
513.628000,0.000076,0.000006,0.000003,0.000004,0.000029,0.000035
513.640000,0.000076,0.000053,0.000000,0.000001,0.000003,0.000019
513.670000,0.000076,0.000031,0.000000,0.000004,0.000021,0.000021
513.796000,0.000076,0.000040,0.000002,0.000007,0.000018,0.000010
513.885000,0.000076,0.000039,0.000001,0.000014,0.000021,0.000001
513.886000,0.000076,0.000008,0.000000,0.000001,0.000038,0.000029
514.047000,0.000076,0.000029,0.000000,0.000006,0.000028,0.000013
514.141000,0.000076,0.000029,0.000002,0.000009,0.000026,0.000010
514.153000,0.000076,0.000021,0.000002,0.000009,0.000029,0.000015
514.154000,0.000076,0.000027,0.000002,0.000036,0.000005,0.000006
514.180000,0.000076,0.000040,0.000000,0.000000,0.000004,0.000032
514.248000,0.000076,0.000017,0.000001,0.000014,0.000043,0.000002
514.286000,0.000076,0.000006,0.000000,0.000000,0.000014,0.000056
514.409000,0.000076,0.000031,0.000000,0.000000,0.000025,0.000020
514.449000,0.000076,0.000035,0.000001,0.000003,0.000018,0.000019
514.513000,0.000076,0.000010,0.000000,0.000005,0.000019,0.000042
514.683000,0.000076,0.000024,0.000000,0.000035,0.000003,0.000014
514.718000,0.000076,0.000025,0.000001,0.000013,0.000012,0.000025
514.813000,0.000076,0.000011,0.000000,0.000006,0.000004,0.000055
514.839000,0.000076,0.000046,0.000000,0.000001,0.000012,0.000017
514.842000,0.000076,0.000042,0.000000,0.000003,0.000025,0.000006
514.853000,0.000076,0.000001,0.000000,0.000007,0.000036,0.000032
514.871000,0.000076,0.000008,0.000002,0.000019,0.000001,0.000047
514.910000,0.000076,0.000014,0.000000,0.000002,0.000040,0.000019
514.919000,0.000076,0.000022,0.000000,0.000008,0.000017,0.000030
515.057000,0.000076,0.000009,0.000000,0.000018,0.000000,0.000049
515.171000,0.000076,0.000008,0.000000,0.000006,0.000045,0.000017
515.190000,0.000076,0.000023,0.000000,0.000002,0.000001,0.000050
515.241000,0.000076,0.000016,0.000000,0.000006,0.000007,0.000046
515.327000,0.000076,0.000021,0.000002,0.000008,0.000022,0.000023
515.362000,0.000076,0.000025,0.000000,0.000041,0.000006,0.000004
515.380000,0.000076,0.000002,0.000000,0.000010,0.000025,0.000039
515.395000,0.000076,0.000041,0.000000,0.000001,0.000012,0.000022
515.401000,0.000076,0.000027,0.000000,0.000000,0.000012,0.000037
515.563000,0.000076,0.000041,0.000000,0.000000,0.000003,0.000032
515.622000,0.000076,0.000020,0.000000,0.000006,0.000039,0.000011
515.631000,0.000076,0.000030,0.000001,0.000011,0.000017,0.000017
515.650000,0.000076,0.000012,0.000001,0.000007,0.000038,0.000018
515.743000,0.000076,0.000008,0.000002,0.000018,0.000000,0.000048
515.789000,0.000076,0.000024,0.000000,0.000005,0.000011,0.000035
515.837000,0.000076,0.000011,0.000000,0.000002,0.000025,0.000038
515.865000,0.000152,0.000060,0.000007,0.000025,0.000041,0.000020
515.868000,0.000076,0.000048,0.000000,0.000013,0.000012,0.000003
515.879000,0.000076,0.000012,0.000001,0.000013,0.000008,0.000042
515.881000,0.000076,0.000032,0.000002,0.000010,0.000015,0.000018
515.898000,0.000076,0.000031,0.000003,0.000010,0.000020,0.000013
515.940000,0.000076,0.000024,0.000001,0.000013,0.000020,0.000019
516.001000,0.000076,0.000042,0.000000,0.000006,0.000015,0.000013
516.143000,0.000076,0.000014,0.000002,0.000002,0.000037,0.000021
516.170000,0.000076,0.000023,0.000000,0.000009,0.000002,0.000041
516.172000,0.000076,0.000014,0.000000,0.000013,0.000032,0.000017
516.207000,0.000076,0.000052,0.000002,0.000002,0.000001,0.000019
516.347000,0.000076,0.000003,0.000000,0.000003,0.000036,0.000034
516.365000,0.000076,0.000023,0.000000,0.000011,0.000000,0.000043
516.435000,0.000076,0.000015,0.000001,0.000006,0.000006,0.000048
516.436000,0.000076,0.000007,0.000000,0.000007,0.000024,0.000039
516.547000,0.000076,0.000002,0.000001,0.000001,0.000034,0.000038
516.575000,0.000076,0.000018,0.000000,0.000002,0.000006,0.000050
516.633000,0.000076,0.000012,0.000000,0.000003,0.000058,0.000003
516.736000,0.000076,0.000030,0.000000,0.000008,0.000026,0.000011
516.832000,0.000076,0.000046,0.000000,0.000013,0.000001,0.000016
516.945000,0.000076,0.000035,0.000000,0.000003,0.000010,0.000028
516.995000,0.000076,0.000022,0.000000,0.000008,0.000026,0.000021
517.117000,0.000076,0.000012,0.000000,0.000009,0.000054,0.000000
517.129000,0.000076,0.000040,0.000001,0.000018,0.000004,0.000013
517.159000,0.000076,0.000038,0.000000,0.000006,0.000021,0.000010
517.186000,0.000076,0.000005,0.000000,0.000000,0.000040,0.000030
517.207000,0.000076,0.000014,0.000000,0.000010,0.000009,0.000043
517.313000,0.000076,0.000012,0.000000,0.000008,0.000034,0.000022
517.350000,0.000076,0.000011,0.000001,0.000010,0.000023,0.000031
517.452000,0.000076,0.000045,0.000001,0.000005,0.000005,0.000020
517.519000,0.000076,0.000035,0.000000,0.000002,0.000011,0.000028
517.541000,0.000076,0.000042,0.000001,0.000007,0.000013,0.000013
517.559000,0.000076,0.000028,0.000000,0.000005,0.000030,0.000013
517.580000,0.000076,0.000004,0.000001,0.000008,0.000024,0.000040
517.597000,0.000076,0.000008,0.000000,0.000002,0.000028,0.000037
517.672000,0.000076,0.000050,0.000000,0.000009,0.000009,0.000008
517.697000,0.000076,0.000027,0.000000,0.000036,0.000003,0.000011
517.711000,0.000076,0.000016,0.000000,0.000006,0.000042,0.000012
517.718000,0.000076,0.000025,0.000001,0.000004,0.000012,0.000035
517.741000,0.000076,0.000032,0.000000,0.000009,0.000014,0.000022
517.755000,0.000076,0.000020,0.000000,0.000001,0.000026,0.000029
517.809000,0.000076,0.000019,0.000001,0.000001,0.000008,0.000047
517.810000,0.000076,0.000006,0.000000,0.000005,0.000038,0.000027
517.821000,0.000076,0.000022,0.000000,0.000035,0.000005,0.000013
517.858000,0.000076,0.000018,0.000000,0.000008,0.000002,0.000048
517.863000,0.000076,0.000047,0.000000,0.000006,0.000017,0.000005
517.916000,0.000076,0.000030,0.000000,0.000004,0.000028,0.000014
517.980000,0.000076,0.000004,0.000000,0.000001,0.000014,0.000056
517.985000,0.000076,0.000045,0.000001,0.000005,0.000006,0.000020
517.993000,0.000076,0.000017,0.000000,0.000008,0.000019,0.000033
517.999000,0.000076,0.000029,0.000000,0.000006,0.000015,0.000027
518.009000,0.000076,0.000025,0.000003,0.000013,0.000009,0.000026
518.022000,0.000076,0.000007,0.000002,0.000004,0.000046,0.000017
518.054000,0.000076,0.000037,0.000004,0.000008,0.000019,0.000008
518.182000,0.000076,0.000037,0.000000,0.000001,0.000021,0.000017
518.201000,0.000076,0.000024,0.000000,0.000030,0.000019,0.000004
518.238000,0.000076,0.000013,0.000000,0.000004,0.000036,0.000023
518.333000,0.000076,0.000019,0.000005,0.000004,0.000015,0.000032
518.364000,0.000076,0.000006,0.000000,0.000001,0.000056,0.000012
518.386000,0.000076,0.000027,0.000002,0.000007,0.000005,0.000035
518.413000,0.000076,0.000022,0.000000,0.000036,0.000003,0.000016
518.420000,0.000076,0.000040,0.000001,0.000032,0.000000,0.000003
518.437000,0.000076,0.000013,0.000000,0.000005,0.000021,0.000037
518.498000,0.000076,0.000021,0.000000,0.000011,0.000003,0.000040
518.516000,0.000076,0.000014,0.000000,0.000012,0.000020,0.000031
518.532000,0.000076,0.000014,0.000003,0.000001,0.000012,0.000046
518.539000,0.000076,0.000011,0.000003,0.000014,0.000039,0.000010
518.545000,0.000076,0.000009,0.000000,0.000009,0.000006,0.000053
518.593000,0.000076,0.000039,0.000000,0.000017,0.000009,0.000012
518.606000,0.000076,0.000028,0.000001,0.000000,0.000010,0.000037
518.660000,0.000076,0.000037,0.000001,0.000003,0.000002,0.000032
518.675000,0.000076,0.000009,0.000000,0.000000,0.000049,0.000017
518.734000,0.000076,0.000040,0.000000,0.000003,0.000015,0.000018
518.787000,0.000076,0.000021,0.000002,0.000005,0.000013,0.000035
518.901000,0.000076,0.000028,0.000002,0.000022,0.000019,0.000004
518.945000,0.000076,0.000021,0.000000,0.000000,0.000007,0.000048
518.964000,0.000076,0.000022,0.000000,0.000009,0.000016,0.000029
518.980000,0.000076,0.000043,0.000001,0.000005,0.000012,0.000015
519.001000,0.000076,0.000037,0.000000,0.000013,0.000005,0.000022
519.074000,0.000076,0.000013,0.000000,0.000017,0.000033,0.000013
519.141000,0.000076,0.000016,0.000007,0.000007,0.000020,0.000027
519.157000,0.000076,0.000023,0.000000,0.000022,0.000012,0.000019
519.235000,0.000076,0.000023,0.000001,0.000001,0.000002,0.000049
519.291000,0.000152,0.000027,0.000001,0.000035,0.000018,0.000071
519.301000,0.000076,0.000051,0.000004,0.000002,0.000004,0.000015
519.327000,0.000076,0.000011,0.000000,0.000009,0.000020,0.000036
519.332000,0.000076,0.000000,0.000001,0.000000,0.000058,0.000017
519.348000,0.000076,0.000010,0.000001,0.000014,0.000006,0.000045
519.358000,0.000076,0.000011,0.000000,0.000004,0.000057,0.000005
519.372000,0.000076,0.000018,0.000000,0.000000,0.000008,0.000051
519.424000,0.000076,0.000020,0.000002,0.000005,0.000009,0.000041
519.432000,0.000076,0.000021,0.000000,0.000021,0.000015,0.000020
519.454000,0.000076,0.000019,0.000000,0.000038,0.000009,0.000010
519.501000,0.000076,0.000041,0.000002,0.000000,0.000002,0.000031
519.512000,0.000076,0.000024,0.000000,0.000039,0.000006,0.000006
519.514000,0.000076,0.000042,0.000000,0.000005,0.000015,0.000014
519.543000,0.000076,0.000054,0.000000,0.000004,0.000010,0.000009
519.546000,0.000076,0.000023,0.000001,0.000013,0.000034,0.000006
519.677000,0.000076,0.000009,0.000002,0.000007,0.000012,0.000046
519.721000,0.000076,0.000003,0.000000,0.000011,0.000024,0.000039
519.760000,0.000076,0.000008,0.000001,0.000003,0.000027,0.000036
519.790000,0.000076,0.000023,0.000000,0.000035,0.000006,0.000013
519.806000,0.000076,0.000022,0.000002,0.000025,0.000017,0.000009
519.813000,0.000076,0.000042,0.000000,0.000004,0.000009,0.000021
519.843000,0.000076,0.000015,0.000000,0.000015,0.000018,0.000028
519.844000,0.000076,0.000038,0.000002,0.000013,0.000014,0.000010
519.928000,0.000076,0.000036,0.000004,0.000013,0.000008,0.000015
520.022000,0.000076,0.000025,0.000000,0.000010,0.000005,0.000037
520.027000,0.000076,0.000039,0.000001,0.000000,0.000003,0.000032
520.034000,0.000076,0.000039,0.000000,0.000007,0.000011,0.000019
520.065000,0.000076,0.000008,0.000001,0.000002,0.000058,0.000007
520.149000,0.000076,0.000051,0.000001,0.000001,0.000001,0.000023
520.156000,0.000076,0.000032,0.000002,0.000011,0.000015,0.000016
520.188000,0.000076,0.000014,0.000000,0.000008,0.000013,0.000041
520.202000,0.000076,0.000018,0.000000,0.000003,0.000007,0.000048
520.220000,0.000076,0.000009,0.000000,0.000003,0.000029,0.000035
520.235000,0.000076,0.000007,0.000000,0.000002,0.000049,0.000018
520.256000,0.000076,0.000016,0.000000,0.000005,0.000042,0.000012
520.459000,0.000076,0.000017,0.000000,0.000025,0.000011,0.000023
520.487000,0.000076,0.000024,0.000000,0.000014,0.000011,0.000026
520.561000,0.000076,0.000027,0.000000,0.000001,0.000008,0.000040
520.574000,0.000076,0.000041,0.000001,0.000015,0.000002,0.000017
520.591000,0.000076,0.000022,0.000000,0.000008,0.000016,0.000030
520.616000,0.000076,0.000015,0.000000,0.000016,0.000017,0.000027
520.621000,0.000076,0.000022,0.000000,0.000022,0.000020,0.000012
520.642000,0.000076,0.000018,0.000000,0.000023,0.000028,0.000007
520.703000,0.000076,0.000006,0.000004,0.000004,0.000009,0.000052
520.716000,0.000076,0.000003,0.000000,0.000010,0.000023,0.000040
520.728000,0.000076,0.000053,0.000004,0.000007,0.000003,0.000009
520.788000,0.000076,0.000016,0.000000,0.000009,0.000046,0.000006
520.841000,0.000076,0.000027,0.000000,0.000000,0.000012,0.000037
520.843000,0.000076,0.000039,0.000001,0.000032,0.000001,0.000003
520.882000,0.000076,0.000041,0.000000,0.000007,0.000013,0.000014
520.942000,0.000076,0.000039,0.000000,0.000009,0.000016,0.000011
520.959000,0.000076,0.000043,0.000000,0.000006,0.000007,0.000020
521.014000,0.000076,0.000045,0.000001,0.000006,0.000008,0.000016
521.019000,0.000076,0.000021,0.000000,0.000021,0.000015,0.000020
521.036000,0.000076,0.000023,0.000000,0.000009,0.000010,0.000034
521.083000,0.000076,0.000011,0.000001,0.000010,0.000033,0.000022
521.104000,0.000076,0.000022,0.000001,0.000001,0.000039,0.000012
521.123000,0.000076,0.000038,0.000000,0.000016,0.000010,0.000012
521.146000,0.000076,0.000023,0.000000,0.000002,0.000001,0.000050
521.218000,0.000076,0.000027,0.000000,0.000006,0.000030,0.000013
521.257000,0.000076,0.000037,0.000003,0.000029,0.000004,0.000002
521.277000,0.000076,0.000006,0.000000,0.000000,0.000039,0.000031
521.308000,0.000076,0.000016,0.000001,0.000014,0.000013,0.000033
521.345000,0.000152,0.000053,0.000000,0.000007,0.000036,0.000056
521.354000,0.000076,0.000009,0.000000,0.000012,0.000005,0.000050
521.369000,0.000076,0.000030,0.000000,0.000006,0.000028,0.000012
521.391000,0.000076,0.000013,0.000000,0.000011,0.000005,0.000047
521.442000,0.000076,0.000038,0.000001,0.000012,0.000003,0.000021
521.459000,0.000076,0.000037,0.000000,0.000005,0.000013,0.000021
521.475000,0.000076,0.000017,0.000000,0.000011,0.000001,0.000047
521.480000,0.000076,0.000019,0.000000,0.000000,0.000027,0.000030
521.504000,0.000076,0.000009,0.000001,0.000003,0.000028,0.000035
521.566000,0.000076,0.000016,0.000000,0.000004,0.000007,0.000049
521.616000,0.000076,0.000044,0.000000,0.000007,0.000005,0.000021
521.719000,0.000076,0.000016,0.000007,0.000015,0.000030,0.000009
521.724000,0.000076,0.000046,0.000000,0.000004,0.000005,0.000020
521.725000,0.000076,0.000018,0.000000,0.000007,0.000043,0.000008
521.726000,0.000076,0.000020,0.000000,0.000009,0.000016,0.000030
521.737000,0.000076,0.000019,0.000000,0.000000,0.000010,0.000047
521.752000,0.000076,0.000014,0.000000,0.000003,0.000022,0.000037
521.782000,0.000076,0.000031,0.000000,0.000001,0.000024,0.000020
521.817000,0.000076,0.000018,0.000000,0.000011,0.000040,0.000006
521.846000,0.000076,0.000009,0.000001,0.000007,0.000058,0.000002
521.851000,0.000076,0.000017,0.000000,0.000007,0.000017,0.000035
521.904000,0.000076,0.000029,0.000001,0.000001,0.000043,0.000002
521.970000,0.000076,0.000012,0.000000,0.000009,0.000020,0.000035
522.021000,0.000076,0.000013,0.000000,0.000007,0.000027,0.000029
522.069000,0.000076,0.000015,0.000000,0.000007,0.000013,0.000041
522.125000,0.000076,0.000024,0.000000,0.000014,0.000012,0.000026
522.175000,0.000076,0.000005,0.000000,0.000001,0.000035,0.000035
522.204000,0.000076,0.000017,0.000000,0.000008,0.000042,0.000009
522.224000,0.000152,0.000084,0.000000,0.000010,0.000016,0.000043
522.335000,0.000076,0.000021,0.000001,0.000011,0.000011,0.000033
522.345000,0.000076,0.000025,0.000001,0.000001,0.000013,0.000037
522.348000,0.000076,0.000016,0.000005,0.000001,0.000006,0.000048
522.377000,0.000076,0.000051,0.000000,0.000006,0.000010,0.000009
522.381000,0.000076,0.000009,0.000001,0.000014,0.000003,0.000049
522.386000,0.000076,0.000002,0.000001,0.000004,0.000036,0.000033
522.458000,0.000076,0.000005,0.000000,0.000000,0.000055,0.000016
522.591000,0.000076,0.000001,0.000000,0.000005,0.000036,0.000034
522.593000,0.000076,0.000028,0.000000,0.000004,0.000040,0.000004
522.609000,0.000076,0.000022,0.000000,0.000005,0.000042,0.000007
522.663000,0.000076,0.000017,0.000000,0.000028,0.000010,0.000021
522.702000,0.000076,0.000045,0.000002,0.000014,0.000000,0.000015
522.706000,0.000076,0.000009,0.000000,0.000009,0.000010,0.000048
522.707000,0.000076,0.000036,0.000004,0.000008,0.000018,0.000010
522.736000,0.000076,0.000035,0.000000,0.000004,0.000009,0.000028
522.749000,0.000076,0.000010,0.000000,0.000006,0.000005,0.000055
522.783000,0.000076,0.000004,0.000001,0.000001,0.000054,0.000015
522.876000,0.000076,0.000033,0.000000,0.000005,0.000022,0.000016
522.898000,0.000076,0.000020,0.000000,0.000000,0.000008,0.000048
522.899000,0.000076,0.000006,0.000001,0.000007,0.000059,0.000003
522.941000,0.000076,0.000024,0.000000,0.000009,0.000005,0.000038
522.952000,0.000076,0.000027,0.000000,0.000013,0.000019,0.000017
522.974000,0.000076,0.000028,0.000000,0.000000,0.000043,0.000005
523.060000,0.000076,0.000009,0.000000,0.000015,0.000041,0.000012
523.124000,0.000076,0.000037,0.000001,0.000007,0.000022,0.000008
523.135000,0.000076,0.000040,0.000006,0.000016,0.000004,0.000011
523.141000,0.000076,0.000012,0.000001,0.000007,0.000010,0.000046
523.142000,0.000076,0.000041,0.000001,0.000004,0.000009,0.000021
523.191000,0.000076,0.000023,0.000000,0.000014,0.000020,0.000019
523.236000,0.000076,0.000021,0.000000,0.000004,0.000003,0.000048
523.251000,0.000076,0.000031,0.000002,0.000003,0.000019,0.000022
523.293000,0.000076,0.000029,0.000000,0.000034,0.000006,0.000007
523.377000,0.000076,0.000024,0.000000,0.000012,0.000031,0.000009
523.381000,0.000076,0.000012,0.000000,0.000006,0.000005,0.000053
523.432000,0.000076,0.000037,0.000000,0.000007,0.000023,0.000009
523.436000,0.000076,0.000012,0.000001,0.000003,0.000024,0.000037
523.447000,0.000076,0.000006,0.000003,0.000003,0.000030,0.000034
523.477000,0.000152,0.000047,0.000001,0.000020,0.000014,0.000069
523.480000,0.000076,0.000018,0.000000,0.000009,0.000015,0.000034
523.493000,0.000076,0.000046,0.000000,0.000005,0.000001,0.000024
523.519000,0.000076,0.000018,0.000001,0.000013,0.000029,0.000015
523.548000,0.000076,0.000034,0.000000,0.000003,0.000017,0.000022
523.553000,0.000076,0.000042,0.000000,0.000014,0.000004,0.000016
523.564000,0.000076,0.000020,0.000001,0.000010,0.000001,0.000044
523.627000,0.000076,0.000015,0.000000,0.000011,0.000009,0.000041
523.643000,0.000076,0.000036,0.000000,0.000006,0.000013,0.000020
523.644000,0.000076,0.000023,0.000000,0.000001,0.000002,0.000049
523.701000,0.000076,0.000002,0.000002,0.000002,0.000054,0.000016
523.707000,0.000076,0.000005,0.000000,0.000005,0.000014,0.000053
523.835000,0.000076,0.000039,0.000000,0.000007,0.000011,0.000020
523.920000,0.000076,0.000005,0.000002,0.000005,0.000032,0.000032
523.923000,0.000076,0.000003,0.000001,0.000020,0.000008,0.000045
523.931000,0.000076,0.000044,0.000003,0.000000,0.000002,0.000027
523.940000,0.000076,0.000003,0.000000,0.000003,0.000055,0.000015
523.947000,0.000076,0.000043,0.000000,0.000002,0.000005,0.000026
523.957000,0.000076,0.000047,0.000001,0.000003,0.000018,0.000006
523.966000,0.000076,0.000018,0.000001,0.000001,0.000011,0.000044
523.968000,0.000076,0.000029,0.000001,0.000003,0.000005,0.000038
524.022000,0.000076,0.000046,0.000000,0.000003,0.000004,0.000023
524.079000,0.000076,0.000009,0.000000,0.000001,0.000037,0.000029
524.116000,0.000076,0.000009,0.000000,0.000005,0.000009,0.000053
524.137000,0.000076,0.000037,0.000000,0.000003,0.000005,0.000031
524.160000,0.000076,0.000017,0.000001,0.000018,0.000017,0.000023
524.239000,0.000076,0.000029,0.000000,0.000000,0.000009,0.000038
524.265000,0.000076,0.000047,0.000002,0.000001,0.000010,0.000016
524.319000,0.000076,0.000013,0.000000,0.000001,0.000026,0.000036
524.338000,0.000076,0.000019,0.000000,0.000007,0.000003,0.000047
524.435000,0.000076,0.000025,0.000001,0.000000,0.000046,0.000004
524.603000,0.000076,0.000022,0.000000,0.000010,0.000008,0.000036
524.607000,0.000076,0.000014,0.000004,0.000001,0.000029,0.000028
524.719000,0.000076,0.000012,0.000001,0.000007,0.000008,0.000048
524.721000,0.000076,0.000044,0.000000,0.000003,0.000004,0.000025
524.845000,0.000076,0.000020,0.000001,0.000022,0.000025,0.000007
524.946000,0.000076,0.000022,0.000003,0.000002,0.000041,0.000009
524.947000,0.000076,0.000010,0.000001,0.000002,0.000027,0.000036
524.992000,0.000076,0.000044,0.000000,0.000006,0.000005,0.000021
525.045000,0.000076,0.000016,0.000002,0.000001,0.000027,0.000030
525.087000,0.000076,0.000041,0.000004,0.000003,0.000005,0.000024
525.103000,0.000076,0.000011,0.000002,0.000011,0.000020,0.000032
525.196000,0.000076,0.000026,0.000000,0.000011,0.000017,0.000022
525.262000,0.000076,0.000021,0.000000,0.000010,0.000010,0.000035
525.320000,0.000076,0.000019,0.000004,0.000023,0.000025,0.000005
525.347000,0.000076,0.000006,0.000000,0.000007,0.000005,0.000058
525.362000,0.000076,0.000007,0.000002,0.000001,0.000027,0.000039
525.442000,0.000076,0.000052,0.000000,0.000006,0.000009,0.000009
525.497000,0.000076,0.000019,0.000001,0.000013,0.000010,0.000033
525.550000,0.000076,0.000012,0.000002,0.000003,0.000026,0.000034
525.572000,0.000076,0.000006,0.000001,0.000000,0.000038,0.000031
525.723000,0.000076,0.000004,0.000000,0.000004,0.000049,0.000019
525.766000,0.000076,0.000036,0.000002,0.000010,0.000006,0.000021
525.795000,0.000076,0.000011,0.000000,0.000001,0.000026,0.000037
525.830000,0.000076,0.000008,0.000001,0.000000,0.000049,0.000018
525.922000,0.000076,0.000010,0.000000,0.000010,0.000007,0.000049
525.926000,0.000076,0.000022,0.000001,0.000001,0.000008,0.000045
525.942000,0.000076,0.000005,0.000000,0.000001,0.000014,0.000055
525.971000,0.000076,0.000043,0.000000,0.000008,0.000013,0.000013
525.993000,0.000076,0.000009,0.000000,0.000001,0.000013,0.000054
526.022000,0.000076,0.000046,0.000002,0.000003,0.000005,0.000022
526.033000,0.000076,0.000018,0.000000,0.000008,0.000034,0.000017
526.122000,0.000076,0.000035,0.000000,0.000030,0.000006,0.000004
526.124000,0.000076,0.000019,0.000000,0.000007,0.000043,0.000008
526.196000,0.000076,0.000039,0.000001,0.000031,0.000000,0.000005
526.267000,0.000076,0.000009,0.000005,0.000006,0.000057,0.000000
526.383000,0.000076,0.000024,0.000000,0.000000,0.000004,0.000048
526.463000,0.000076,0.000012,0.000003,0.000014,0.000006,0.000043
526.544000,0.000076,0.000017,0.000000,0.000020,0.000019,0.000020
526.673000,0.000076,0.000028,0.000000,0.000001,0.000029,0.000018
526.798000,0.000076,0.000037,0.000000,0.000033,0.000003,0.000003
526.884000,0.000076,0.000043,0.000001,0.000017,0.000014,0.000002
526.893000,0.000076,0.000028,0.000005,0.000000,0.000030,0.000013
526.925000,0.000076,0.000017,0.000000,0.000003,0.000036,0.000020
526.956000,0.000076,0.000048,0.000001,0.000004,0.000001,0.000022
526.960000,0.000076,0.000031,0.000000,0.000010,0.000016,0.000019
526.961000,0.000076,0.000011,0.000001,0.000011,0.000021,0.000032
526.963000,0.000076,0.000030,0.000000,0.000003,0.000004,0.000040
526.964000,0.000076,0.000039,0.000000,0.000005,0.000017,0.000016
526.978000,0.000076,0.000011,0.000001,0.000009,0.000018,0.000037
527.009000,0.000076,0.000006,0.000001,0.000004,0.000013,0.000052
527.010000,0.000076,0.000037,0.000000,0.000007,0.000012,0.000020
527.049000,0.000076,0.000020,0.000000,0.000019,0.000031,0.000005
527.051000,0.000076,0.000005,0.000000,0.000008,0.000024,0.000039
527.077000,0.000076,0.000012,0.000000,0.000002,0.000026,0.000036
527.118000,0.000076,0.000013,0.000003,0.000002,0.000028,0.000030
527.126000,0.000076,0.000013,0.000001,0.000011,0.000032,0.000020
527.235000,0.000076,0.000019,0.000002,0.000006,0.000030,0.000018
527.290000,0.000076,0.000028,0.000002,0.000002,0.000043,0.000002
527.385000,0.000076,0.000012,0.000000,0.000010,0.000018,0.000036
527.394000,0.000076,0.000019,0.000000,0.000007,0.000002,0.000049
527.431000,0.000076,0.000041,0.000000,0.000013,0.000003,0.000018
527.462000,0.000076,0.000017,0.000002,0.000011,0.000017,0.000030
527.468000,0.000076,0.000013,0.000000,0.000000,0.000026,0.000037
527.496000,0.000076,0.000016,0.000001,0.000002,0.000025,0.000032
527.597000,0.000076,0.000008,0.000002,0.000000,0.000014,0.000052
527.695000,0.000076,0.000051,0.000000,0.000001,0.000008,0.000017
527.788000,0.000076,0.000041,0.000000,0.000005,0.000009,0.000020
527.853000,0.000076,0.000007,0.000000,0.000009,0.000004,0.000056
527.943000,0.000076,0.000022,0.000000,0.000011,0.000001,0.000042
527.982000,0.000076,0.000005,0.000000,0.000009,0.000006,0.000056
527.983000,0.000076,0.000029,0.000000,0.000000,0.000008,0.000039
528.026000,0.000076,0.000045,0.000001,0.000001,0.000001,0.000029
528.033000,0.000076,0.000040,0.000000,0.000018,0.000006,0.000013
528.062000,0.000076,0.000005,0.000002,0.000004,0.000052,0.000013
528.101000,0.000076,0.000022,0.000001,0.000005,0.000043,0.000005
528.102000,0.000076,0.000043,0.000001,0.000008,0.000010,0.000014
528.147000,0.000076,0.000014,0.000000,0.000017,0.000017,0.000028
528.192000,0.000076,0.000050,0.000000,0.000009,0.000011,0.000007
528.203000,0.000076,0.000051,0.000000,0.000006,0.000010,0.000008
528.244000,0.000076,0.000035,0.000000,0.000010,0.000010,0.000021
528.290000,0.000076,0.000006,0.000000,0.000011,0.000020,0.000039
528.304000,0.000076,0.000031,0.000000,0.000010,0.000019,0.000016
528.390000,0.000076,0.000025,0.000001,0.000029,0.000016,0.000005
528.420000,0.000076,0.000037,0.000001,0.000001,0.000025,0.000012
528.442000,0.000076,0.000005,0.000006,0.000009,0.000025,0.000031
528.486000,0.000076,0.000005,0.000001,0.000008,0.000008,0.000054
528.563000,0.000076,0.000006,0.000002,0.000026,0.000033,0.000009
528.622000,0.000076,0.000015,0.000000,0.000002,0.000025,0.000033
528.657000,0.000076,0.000040,0.000000,0.000003,0.000010,0.000023
528.661000,0.000076,0.000018,0.000000,0.000007,0.000003,0.000047
528.663000,0.000076,0.000012,0.000000,0.000011,0.000005,0.000048
528.673000,0.000076,0.000049,0.000000,0.000008,0.000008,0.000010
528.686000,0.000076,0.000012,0.000001,0.000004,0.000021,0.000037
528.693000,0.000076,0.000046,0.000000,0.000005,0.000001,0.000024
528.774000,0.000076,0.000035,0.000000,0.000009,0.000019,0.000013
528.855000,0.000076,0.000043,0.000001,0.000006,0.000006,0.000020
528.986000,0.000076,0.000004,0.000001,0.000005,0.000014,0.000052
528.994000,0.000076,0.000039,0.000000,0.000006,0.000020,0.000011
528.998000,0.000076,0.000034,0.000000,0.000014,0.000009,0.000019
529.005000,0.000076,0.000024,0.000000,0.000039,0.000007,0.000005
529.162000,0.000076,0.000013,0.000000,0.000011,0.000039,0.000013
529.242000,0.000076,0.000021,0.000000,0.000010,0.000027,0.000018
529.332000,0.000076,0.000009,0.000001,0.000000,0.000047,0.000020
529.339000,0.000076,0.000045,0.000001,0.000010,0.000012,0.000008
529.343000,0.000076,0.000007,0.000000,0.000001,0.000012,0.000056
529.385000,0.000076,0.000013,0.000000,0.000003,0.000036,0.000024
529.475000,0.000076,0.000005,0.000000,0.000019,0.000007,0.000046
529.508000,0.000076,0.000012,0.000000,0.000015,0.000036,0.000013
529.551000,0.000076,0.000009,0.000001,0.000023,0.000031,0.000012
529.600000,0.000076,0.000045,0.000001,0.000013,0.000003,0.000015
529.647000,0.000076,0.000036,0.000000,0.000007,0.000013,0.000019
529.665000,0.000076,0.000006,0.000000,0.000001,0.000009,0.000060
529.678000,0.000076,0.000014,0.000002,0.000010,0.000004,0.000046
529.708000,0.000076,0.000024,0.000000,0.000034,0.000002,0.000016
529.719000,0.000076,0.000047,0.000001,0.000004,0.000005,0.000020
529.805000,0.000076,0.000039,0.000000,0.000005,0.000013,0.000019
529.915000,0.000076,0.000037,0.000000,0.000012,0.000011,0.000015
529.917000,0.000076,0.000010,0.000003,0.000003,0.000025,0.000036
529.924000,0.000076,0.000045,0.000001,0.000000,0.000007,0.000023
530.024000,0.000076,0.000006,0.000002,0.000002,0.000047,0.000018
530.102000,0.000076,0.000016,0.000004,0.000021,0.000019,0.000017
530.227000,0.000076,0.000017,0.000001,0.000009,0.000019,0.000030
530.259000,0.000076,0.000004,0.000000,0.000005,0.000049,0.000018
530.405000,0.000076,0.000000,0.000000,0.000004,0.000059,0.000013
530.415000,0.000076,0.000012,0.000004,0.000010,0.000003,0.000047
530.500000,0.000076,0.000023,0.000001,0.000021,0.000012,0.000019
530.522000,0.000152,0.000050,0.000005,0.000007,0.000050,0.000039
530.533000,0.000076,0.000044,0.000000,0.000002,0.000001,0.000029
530.535000,0.000076,0.000029,0.000002,0.000010,0.000024,0.000011
530.536000,0.000076,0.000025,0.000000,0.000016,0.000006,0.000028
530.578000,0.000076,0.000030,0.000002,0.000002,0.000023,0.000018
530.587000,0.000076,0.000012,0.000000,0.000015,0.000005,0.000044
530.613000,0.000076,0.000027,0.000001,0.000040,0.000000,0.000007
530.648000,0.000076,0.000026,0.000000,0.000011,0.000029,0.000009
530.652000,0.000076,0.000007,0.000000,0.000002,0.000026,0.000041
530.673000,0.000076,0.000009,0.000004,0.000001,0.000038,0.000024
530.697000,0.000076,0.000007,0.000000,0.000000,0.000014,0.000054
530.698000,0.000076,0.000022,0.000000,0.000008,0.000016,0.000031
530.733000,0.000076,0.000022,0.000000,0.000021,0.000015,0.000018
530.802000,0.000076,0.000016,0.000000,0.000003,0.000006,0.000051
530.833000,0.000076,0.000036,0.000000,0.000007,0.000013,0.000020
530.844000,0.000076,0.000010,0.000000,0.000014,0.000008,0.000045
530.864000,0.000076,0.000036,0.000000,0.000013,0.000014,0.000013
530.948000,0.000076,0.000011,0.000000,0.000014,0.000009,0.000041
530.954000,0.000076,0.000041,0.000001,0.000004,0.000016,0.000013
531.003000,0.000076,0.000018,0.000000,0.000008,0.000017,0.000034
531.028000,0.000076,0.000027,0.000000,0.000006,0.000003,0.000041
531.042000,0.000076,0.000016,0.000000,0.000002,0.000007,0.000051
531.067000,0.000076,0.000011,0.000000,0.000006,0.000021,0.000037
531.105000,0.000076,0.000022,0.000002,0.000037,0.000000,0.000015
531.123000,0.000076,0.000022,0.000004,0.000023,0.000012,0.000015
531.155000,0.000076,0.000028,0.000000,0.000038,0.000006,0.000004
531.170000,0.000076,0.000038,0.000001,0.000015,0.000020,0.000002
531.202000,0.000076,0.000021,0.000000,0.000005,0.000044,0.000006
531.237000,0.000076,0.000035,0.000000,0.000013,0.000014,0.000014
531.259000,0.000076,0.000039,0.000005,0.000009,0.000016,0.000007
531.284000,0.000076,0.000014,0.000000,0.000002,0.000009,0.000051
531.286000,0.000076,0.000053,0.000000,0.000000,0.000002,0.000021
531.296000,0.000076,0.000035,0.000000,0.000011,0.000006,0.000024
531.315000,0.000076,0.000005,0.000002,0.000006,0.000045,0.000018
531.364000,0.000076,0.000028,0.000001,0.000038,0.000001,0.000008
531.388000,0.000076,0.000054,0.000000,0.000004,0.000005,0.000013
531.444000,0.000076,0.000016,0.000001,0.000009,0.000034,0.000016
531.496000,0.000076,0.000019,0.000001,0.000012,0.000017,0.000027
531.498000,0.000076,0.000007,0.000000,0.000002,0.000025,0.000042
531.616000,0.000076,0.000038,0.000003,0.000006,0.000016,0.000013
531.646000,0.000076,0.000034,0.000000,0.000014,0.000015,0.000013
531.684000,0.000076,0.000021,0.000002,0.000021,0.000022,0.000009
531.708000,0.000076,0.000044,0.000001,0.000005,0.000019,0.000008
531.729000,0.000076,0.000036,0.000000,0.000006,0.000014,0.000019
531.770000,0.000076,0.000025,0.000001,0.000003,0.000013,0.000035
531.863000,0.000076,0.000010,0.000001,0.000008,0.000010,0.000047
531.879000,0.000076,0.000019,0.000000,0.000001,0.000010,0.000046
531.923000,0.000076,0.000006,0.000003,0.000001,0.000008,0.000058
531.989000,0.000076,0.000012,0.000000,0.000014,0.000020,0.000031
531.993000,0.000076,0.000010,0.000001,0.000007,0.000019,0.000038
532.004000,0.000076,0.000029,0.000000,0.000000,0.000018,0.000029
532.061000,0.000076,0.000017,0.000000,0.000011,0.000018,0.000029
532.094000,0.000076,0.000017,0.000000,0.000005,0.000020,0.000035
532.100000,0.000076,0.000035,0.000000,0.000031,0.000006,0.000004
532.124000,0.000076,0.000020,0.000003,0.000010,0.000027,0.000016
532.246000,0.000076,0.000038,0.000000,0.000008,0.000018,0.000012
532.288000,0.000076,0.000017,0.000001,0.000020,0.000017,0.000021
532.331000,0.000076,0.000013,0.000001,0.000002,0.000027,0.000033
532.375000,0.000076,0.000016,0.000000,0.000005,0.000016,0.000039
532.520000,0.000076,0.000017,0.000005,0.000003,0.000005,0.000046
532.643000,0.000076,0.000046,0.000001,0.000001,0.000006,0.000021
532.729000,0.000076,0.000015,0.000000,0.000000,0.000030,0.000031
532.762000,0.000076,0.000004,0.000002,0.000000,0.000035,0.000035
532.793000,0.000076,0.000036,0.000000,0.000008,0.000014,0.000019
532.827000,0.000076,0.000017,0.000002,0.000022,0.000027,0.000008
532.865000,0.000076,0.000027,0.000000,0.000001,0.000009,0.000040
532.898000,0.000076,0.000029,0.000000,0.000000,0.000009,0.000038
532.943000,0.000076,0.000017,0.000000,0.000013,0.000037,0.000008
532.962000,0.000076,0.000017,0.000000,0.000011,0.000043,0.000004
533.005000,0.000076,0.000049,0.000001,0.000010,0.000007,0.000008
533.048000,0.000076,0.000016,0.000001,0.000011,0.000041,0.000007
533.169000,0.000076,0.000005,0.000006,0.000009,0.000009,0.000047
533.182000,0.000076,0.000011,0.000000,0.000009,0.000041,0.000015
533.376000,0.000076,0.000045,0.000001,0.000002,0.000003,0.000025
533.379000,0.000076,0.000047,0.000001,0.000001,0.000004,0.000024
533.405000,0.000076,0.000049,0.000002,0.000003,0.000006,0.000017
533.432000,0.000076,0.000031,0.000000,0.000036,0.000006,0.000003
533.560000,0.000076,0.000024,0.000003,0.000004,0.000025,0.000020
533.569000,0.000076,0.000035,0.000000,0.000009,0.000020,0.000011
533.668000,0.000076,0.000005,0.000000,0.000005,0.000042,0.000024
533.669000,0.000076,0.000003,0.000000,0.000004,0.000036,0.000033
533.842000,0.000076,0.000014,0.000000,0.000002,0.000029,0.000031
533.925000,0.000076,0.000029,0.000000,0.000000,0.000009,0.000038
533.963000,0.000076,0.000017,0.000000,0.000014,0.000028,0.000017
534.052000,0.000152,0.000033,0.000007,0.000007,0.000032,0.000073
534.064000,0.000076,0.000028,0.000002,0.000012,0.000027,0.000007
534.080000,0.000076,0.000014,0.000000,0.000014,0.000026,0.000022
534.171000,0.000076,0.000014,0.000000,0.000003,0.000034,0.000025
534.190000,0.000076,0.000046,0.000000,0.000003,0.000014,0.000013
534.232000,0.000076,0.000027,0.000000,0.000006,0.000027,0.000016
534.320000,0.000076,0.000047,0.000000,0.000006,0.000003,0.000020
534.344000,0.000076,0.000037,0.000004,0.000015,0.000016,0.000004
534.389000,0.000076,0.000009,0.000000,0.000018,0.000005,0.000044
534.417000,0.000076,0.000003,0.000000,0.000006,0.000011,0.000056
534.421000,0.000076,0.000046,0.000000,0.000000,0.000004,0.000026
534.430000,0.000076,0.000017,0.000001,0.000025,0.000013,0.000020
534.486000,0.000076,0.000007,0.000003,0.000007,0.000054,0.000004
534.506000,0.000076,0.000003,0.000000,0.000009,0.000046,0.000018
534.587000,0.000076,0.000045,0.000001,0.000004,0.000002,0.000025
534.594000,0.000076,0.000007,0.000000,0.000001,0.000014,0.000054
534.605000,0.000076,0.000007,0.000000,0.000004,0.000049,0.000016
534.608000,0.000076,0.000006,0.000000,0.000008,0.000057,0.000005
534.612000,0.000076,0.000011,0.000001,0.000005,0.000010,0.000049
534.636000,0.000076,0.000003,0.000000,0.000009,0.000054,0.000010
534.665000,0.000076,0.000000,0.000000,0.000007,0.000054,0.000015
534.732000,0.000076,0.000021,0.000000,0.000004,0.000004,0.000048
534.835000,0.000076,0.000000,0.000000,0.000004,0.000059,0.000013
534.882000,0.000076,0.000045,0.000000,0.000003,0.000003,0.000025
534.910000,0.000076,0.000024,0.000002,0.000000,0.000002,0.000048
534.945000,0.000076,0.000021,0.000002,0.000001,0.000037,0.000014
534.955000,0.000076,0.000031,0.000004,0.000000,0.000017,0.000024
535.097000,0.000076,0.000037,0.000002,0.000006,0.000012,0.000020
535.129000,0.000076,0.000003,0.000000,0.000002,0.000054,0.000017
535.169000,0.000076,0.000022,0.000000,0.000012,0.000035,0.000007
535.361000,0.000076,0.000014,0.000000,0.000003,0.000035,0.000023
535.443000,0.000076,0.000046,0.000000,0.000000,0.000021,0.000009
535.459000,0.000076,0.000021,0.000000,0.000006,0.000032,0.000018
535.467000,0.000076,0.000011,0.000000,0.000014,0.000008,0.000044
535.531000,0.000076,0.000045,0.000001,0.000006,0.000000,0.000024
535.548000,0.000076,0.000044,0.000005,0.000004,0.000008,0.000015
535.600000,0.000076,0.000019,0.000002,0.000008,0.000021,0.000026
535.638000,0.000076,0.000031,0.000003,0.000011,0.000017,0.000015
535.653000,0.000076,0.000022,0.000001,0.000004,0.000002,0.000047
535.705000,0.000076,0.000017,0.000000,0.000007,0.000018,0.000034
535.795000,0.000076,0.000021,0.000000,0.000011,0.000040,0.000004
535.798000,0.000076,0.000031,0.000003,0.000006,0.000022,0.000013
535.855000,0.000076,0.000046,0.000001,0.000001,0.000001,0.000027
535.857000,0.000076,0.000012,0.000001,0.000002,0.000029,0.000032
535.860000,0.000076,0.000011,0.000000,0.000022,0.000000,0.000043
535.885000,0.000076,0.000040,0.000000,0.000006,0.000007,0.000023
535.903000,0.000076,0.000038,0.000000,0.000009,0.000018,0.000010
535.913000,0.000076,0.000010,0.000000,0.000012,0.000022,0.000032
535.972000,0.000076,0.000003,0.000000,0.000003,0.000014,0.000057
536.018000,0.000076,0.000038,0.000001,0.000008,0.000015,0.000014
536.064000,0.000076,0.000011,0.000000,0.000011,0.000005,0.000049
536.068000,0.000076,0.000013,0.000002,0.000011,0.000004,0.000047
536.088000,0.000076,0.000002,0.000001,0.000002,0.000046,0.000024
536.130000,0.000076,0.000016,0.000000,0.000010,0.000005,0.000045
536.168000,0.000076,0.000009,0.000000,0.000010,0.000007,0.000050
536.200000,0.000076,0.000038,0.000002,0.000007,0.000010,0.000018
536.281000,0.000076,0.000015,0.000003,0.000005,0.000021,0.000032
536.291000,0.000076,0.000012,0.000000,0.000013,0.000013,0.000038
536.355000,0.000076,0.000006,0.000001,0.000007,0.000046,0.000016
536.361000,0.000076,0.000019,0.000002,0.000006,0.000005,0.000044
536.417000,0.000076,0.000034,0.000000,0.000008,0.000013,0.000021
536.474000,0.000076,0.000043,0.000003,0.000006,0.000007,0.000017
536.535000,0.000076,0.000018,0.000000,0.000016,0.000039,0.000004
536.616000,0.000076,0.000017,0.000000,0.000007,0.000006,0.000047
536.796000,0.000076,0.000018,0.000000,0.000005,0.000015,0.000039
536.806000,0.000076,0.000017,0.000000,0.000011,0.000042,0.000005
536.819000,0.000076,0.000012,0.000001,0.000005,0.000024,0.000034
536.830000,0.000076,0.000005,0.000000,0.000000,0.000058,0.000012
536.859000,0.000076,0.000016,0.000001,0.000020,0.000032,0.000007
536.875000,0.000076,0.000006,0.000000,0.000008,0.000045,0.000017
537.141000,0.000076,0.000013,0.000002,0.000019,0.000030,0.000012
537.204000,0.000076,0.000022,0.000003,0.000024,0.000020,0.000007
537.239000,0.000076,0.000012,0.000000,0.000005,0.000021,0.000038
537.289000,0.000076,0.000030,0.000000,0.000037,0.000001,0.000009
537.348000,0.000076,0.000027,0.000000,0.000004,0.000001,0.000045
537.379000,0.000076,0.000004,0.000000,0.000007,0.000048,0.000017
537.399000,0.000076,0.000046,0.000000,0.000001,0.000021,0.000008
537.408000,0.000076,0.000036,0.000000,0.000009,0.000020,0.000011
537.443000,0.000152,0.000036,0.000001,0.000013,0.000017,0.000085
537.514000,0.000076,0.000039,0.000000,0.000009,0.000008,0.000020
537.523000,0.000076,0.000012,0.000000,0.000009,0.000018,0.000037
537.554000,0.000076,0.000010,0.000001,0.000011,0.000005,0.000048
537.559000,0.000076,0.000044,0.000000,0.000009,0.000003,0.000020
537.594000,0.000076,0.000011,0.000001,0.000010,0.000006,0.000048
537.645000,0.000076,0.000028,0.000000,0.000040,0.000000,0.000008
537.799000,0.000076,0.000043,0.000003,0.000003,0.000006,0.000020
537.800000,0.000076,0.000017,0.000000,0.000011,0.000003,0.000045
537.877000,0.000076,0.000014,0.000000,0.000010,0.000023,0.000029
537.923000,0.000076,0.000025,0.000000,0.000003,0.000045,0.000003
538.032000,0.000076,0.000046,0.000001,0.000000,0.000009,0.000020
538.052000,0.000076,0.000021,0.000002,0.000001,0.000036,0.000016
538.142000,0.000076,0.000038,0.000000,0.000002,0.000017,0.000018
538.154000,0.000076,0.000001,0.000000,0.000001,0.000048,0.000026
538.188000,0.000076,0.000038,0.000004,0.000009,0.000008,0.000017
538.229000,0.000076,0.000031,0.000001,0.000007,0.000005,0.000032
538.251000,0.000076,0.000011,0.000000,0.000019,0.000002,0.000043
538.255000,0.000076,0.000033,0.000000,0.000016,0.000012,0.000015
538.271000,0.000076,0.000015,0.000001,0.000012,0.000001,0.000047
538.278000,0.000076,0.000014,0.000000,0.000012,0.000003,0.000047
538.280000,0.000076,0.000036,0.000001,0.000011,0.000008,0.000020
538.374000,0.000076,0.000004,0.000000,0.000001,0.000015,0.000056
538.463000,0.000076,0.000043,0.000000,0.000006,0.000004,0.000023
538.489000,0.000076,0.000019,0.000002,0.000007,0.000002,0.000046
538.517000,0.000076,0.000019,0.000000,0.000011,0.000001,0.000045
538.534000,0.000076,0.000013,0.000000,0.000011,0.000003,0.000049
538.626000,0.000076,0.000000,0.000000,0.000003,0.000055,0.000018
538.666000,0.000076,0.000015,0.000001,0.000001,0.000028,0.000031
538.711000,0.000076,0.000017,0.000003,0.000007,0.000005,0.000043
538.721000,0.000076,0.000016,0.000000,0.000014,0.000039,0.000007
538.783000,0.000076,0.000011,0.000000,0.000015,0.000020,0.000031
538.805000,0.000076,0.000011,0.000002,0.000014,0.000032,0.000017
538.856000,0.000076,0.000044,0.000000,0.000007,0.000006,0.000020
538.941000,0.000076,0.000013,0.000001,0.000012,0.000028,0.000022
538.957000,0.000076,0.000018,0.000000,0.000014,0.000044,0.000001
539.081000,0.000076,0.000003,0.000000,0.000003,0.000014,0.000057
539.126000,0.000076,0.000019,0.000000,0.000018,0.000036,0.000003
539.180000,0.000076,0.000045,0.000000,0.000003,0.000005,0.000023
539.256000,0.000076,0.000033,0.000000,0.000015,0.000011,0.000017
539.292000,0.000076,0.000019,0.000000,0.000013,0.000040,0.000003
539.348000,0.000076,0.000005,0.000000,0.000017,0.000028,0.000026
539.393000,0.000076,0.000011,0.000001,0.000020,0.000021,0.000022
539.474000,0.000076,0.000003,0.000000,0.000005,0.000048,0.000020
539.501000,0.000076,0.000036,0.000002,0.000012,0.000007,0.000020
539.541000,0.000076,0.000026,0.000000,0.000003,0.000042,0.000004
539.676000,0.000076,0.000008,0.000000,0.000007,0.000007,0.000053
539.697000,0.000076,0.000045,0.000000,0.000001,0.000022,0.000007
539.772000,0.000076,0.000010,0.000000,0.000010,0.000004,0.000051
539.778000,0.000076,0.000024,0.000001,0.000002,0.000010,0.000039
539.796000,0.000076,0.000012,0.000000,0.000002,0.000029,0.000033
539.832000,0.000076,0.000015,0.000000,0.000004,0.000007,0.000050
539.941000,0.000076,0.000013,0.000000,0.000018,0.000032,0.000014
540.034000,0.000076,0.000044,0.000001,0.000010,0.000016,0.000005
540.157000,0.000076,0.000039,0.000000,0.000002,0.000001,0.000034
540.220000,0.000076,0.000019,0.000002,0.000002,0.000009,0.000045
540.245000,0.000076,0.000018,0.000000,0.000018,0.000037,0.000002
540.372000,0.000076,0.000037,0.000000,0.000033,0.000002,0.000004
540.453000,0.000076,0.000039,0.000000,0.000017,0.000006,0.000014
540.584000,0.000076,0.000007,0.000000,0.000000,0.000036,0.000033
540.586000,0.000076,0.000040,0.000000,0.000000,0.000006,0.000030
540.614000,0.000076,0.000027,0.000000,0.000010,0.000032,0.000007
540.655000,0.000076,0.000020,0.000001,0.000009,0.000040,0.000006
540.813000,0.000076,0.000035,0.000000,0.000008,0.000014,0.000020
540.943000,0.000076,0.000018,0.000000,0.000022,0.000025,0.000011
540.990000,0.000076,0.000008,0.000001,0.000023,0.000001,0.000043
541.044000,0.000076,0.000026,0.000001,0.000011,0.000013,0.000025
541.148000,0.000076,0.000015,0.000001,0.000002,0.000008,0.000050
541.240000,0.000076,0.000040,0.000001,0.000013,0.000004,0.000018
541.248000,0.000076,0.000012,0.000001,0.000009,0.000018,0.000036
541.292000,0.000076,0.000015,0.000000,0.000008,0.000004,0.000048
541.300000,0.000076,0.000035,0.000000,0.000008,0.000011,0.000022
541.318000,0.000076,0.000021,0.000000,0.000007,0.000043,0.000005
541.502000,0.000076,0.000019,0.000000,0.000010,0.000040,0.000006
541.503000,0.000076,0.000007,0.000001,0.000006,0.000046,0.000016
541.512000,0.000076,0.000050,0.000000,0.000001,0.000003,0.000022
541.513000,0.000076,0.000017,0.000000,0.000021,0.000027,0.000011
541.568000,0.000076,0.000044,0.000000,0.000010,0.000014,0.000009
541.581000,0.000076,0.000022,0.000001,0.000013,0.000023,0.000017
541.608000,0.000076,0.000012,0.000000,0.000008,0.000001,0.000055
541.791000,0.000076,0.000022,0.000000,0.000002,0.000007,0.000044
541.794000,0.000076,0.000033,0.000000,0.000009,0.000013,0.000022
541.855000,0.000076,0.000037,0.000000,0.000002,0.000015,0.000022
541.887000,0.000152,0.000031,0.000001,0.000028,0.000056,0.000036
541.902000,0.000076,0.000024,0.000003,0.000002,0.000005,0.000042
541.940000,0.000076,0.000040,0.000000,0.000000,0.000005,0.000031
541.947000,0.000076,0.000038,0.000000,0.000003,0.000009,0.000027
542.059000,0.000076,0.000020,0.000002,0.000005,0.000004,0.000046
542.311000,0.000076,0.000007,0.000000,0.000005,0.000032,0.000032
542.338000,0.000076,0.000019,0.000001,0.000011,0.000016,0.000029
542.463000,0.000076,0.000009,0.000003,0.000013,0.000011,0.000040
542.521000,0.000076,0.000000,0.000001,0.000004,0.000053,0.000018
542.532000,0.000076,0.000018,0.000005,0.000007,0.000002,0.000043
542.545000,0.000076,0.000013,0.000000,0.000000,0.000026,0.000037
542.558000,0.000076,0.000010,0.000000,0.000013,0.000005,0.000048
542.600000,0.000076,0.000045,0.000001,0.000002,0.000000,0.000028
542.623000,0.000076,0.000003,0.000000,0.000007,0.000009,0.000057
542.626000,0.000076,0.000024,0.000001,0.000003,0.000027,0.000020
542.631000,0.000076,0.000024,0.000001,0.000001,0.000012,0.000038
542.709000,0.000076,0.000010,0.000000,0.000010,0.000001,0.000055
542.839000,0.000076,0.000015,0.000000,0.000002,0.000037,0.000021
542.882000,0.000076,0.000027,0.000001,0.000000,0.000030,0.000017
542.899000,0.000076,0.000006,0.000000,0.000007,0.000053,0.000011
542.933000,0.000076,0.000022,0.000000,0.000002,0.000006,0.000045
542.952000,0.000076,0.000028,0.000001,0.000002,0.000000,0.000045
542.964000,0.000076,0.000017,0.000002,0.000000,0.000027,0.000029
542.980000,0.000076,0.000020,0.000002,0.000010,0.000001,0.000043
542.992000,0.000076,0.000043,0.000000,0.000009,0.000002,0.000022
543.023000,0.000076,0.000024,0.000000,0.000003,0.000026,0.000023
543.067000,0.000076,0.000018,0.000000,0.000005,0.000014,0.000039
543.087000,0.000076,0.000003,0.000000,0.000005,0.000034,0.000034
543.118000,0.000076,0.000017,0.000001,0.000006,0.000010,0.000042
543.225000,0.000076,0.000019,0.000001,0.000014,0.000039,0.000004
543.239000,0.000076,0.000020,0.000000,0.000021,0.000023,0.000011
543.303000,0.000076,0.000051,0.000000,0.000009,0.000004,0.000012
543.345000,0.000076,0.000035,0.000001,0.000004,0.000014,0.000022
543.364000,0.000076,0.000015,0.000000,0.000016,0.000018,0.000027
543.402000,0.000076,0.000035,0.000001,0.000008,0.000021,0.000011
543.408000,0.000076,0.000021,0.000000,0.000001,0.000006,0.000048
543.415000,0.000076,0.000019,0.000001,0.000014,0.000036,0.000007
543.432000,0.000076,0.000005,0.000000,0.000001,0.000007,0.000064
543.789000,0.000076,0.000013,0.000003,0.000009,0.000005,0.000047
543.835000,0.000076,0.000019,0.000000,0.000022,0.000024,0.000011
543.910000,0.000076,0.000004,0.000001,0.000001,0.000057,0.000012
543.944000,0.000076,0.000027,0.000002,0.000012,0.000019,0.000017
543.989000,0.000076,0.000003,0.000001,0.000003,0.000015,0.000055
544.134000,0.000076,0.000017,0.000000,0.000022,0.000025,0.000011
544.162000,0.000076,0.000018,0.000000,0.000013,0.000038,0.000007
544.188000,0.000076,0.000007,0.000000,0.000008,0.000005,0.000055
544.240000,0.000076,0.000044,0.000002,0.000002,0.000000,0.000027
544.337000,0.000076,0.000010,0.000001,0.000012,0.000022,0.000031
544.382000,0.000076,0.000006,0.000000,0.000011,0.000005,0.000054
544.454000,0.000076,0.000019,0.000001,0.000012,0.000011,0.000033
544.521000,0.000076,0.000045,0.000000,0.000001,0.000007,0.000023
544.569000,0.000076,0.000014,0.000000,0.000003,0.000033,0.000026
544.603000,0.000076,0.000034,0.000001,0.000011,0.000016,0.000014
544.654000,0.000076,0.000033,0.000001,0.000007,0.000013,0.000021
544.656000,0.000076,0.000047,0.000001,0.000001,0.000002,0.000026
544.744000,0.000076,0.000009,0.000001,0.000011,0.000005,0.000051
544.847000,0.000076,0.000034,0.000001,0.000014,0.000011,0.000016
544.924000,0.000076,0.000005,0.000000,0.000007,0.000053,0.000011
544.975000,0.000076,0.000007,0.000000,0.000002,0.000034,0.000033
545.050000,0.000076,0.000021,0.000003,0.000014,0.000032,0.000006
545.058000,0.000076,0.000029,0.000001,0.000014,0.000028,0.000005
545.061000,0.000076,0.000037,0.000000,0.000001,0.000017,0.000021
545.091000,0.000076,0.000009,0.000000,0.000018,0.000004,0.000045
545.153000,0.000076,0.000009,0.000000,0.000016,0.000025,0.000026
545.186000,0.000076,0.000021,0.000001,0.000002,0.000003,0.000049
545.223000,0.000152,0.000026,0.000002,0.000024,0.000075,0.000026
545.228000,0.000076,0.000029,0.000001,0.000001,0.000007,0.000038
545.369000,0.000076,0.000024,0.000000,0.000016,0.000024,0.000012
545.374000,0.000076,0.000034,0.000001,0.000008,0.000016,0.000016
545.378000,0.000076,0.000043,0.000000,0.000015,0.000004,0.000014
545.397000,0.000076,0.000038,0.000001,0.000005,0.000015,0.000017
545.428000,0.000076,0.000021,0.000000,0.000024,0.000020,0.000011
545.442000,0.000076,0.000015,0.000001,0.000000,0.000010,0.000050
545.452000,0.000076,0.000011,0.000000,0.000013,0.000022,0.000030
545.454000,0.000076,0.000004,0.000001,0.000005,0.000044,0.000021
545.456000,0.000076,0.000020,0.000000,0.000011,0.000015,0.000030
545.612000,0.000076,0.000007,0.000000,0.000001,0.000007,0.000061
545.643000,0.000076,0.000000,0.000000,0.000005,0.000052,0.000018
545.644000,0.000076,0.000028,0.000007,0.000000,0.000002,0.000040
545.648000,0.000076,0.000017,0.000000,0.000024,0.000015,0.000020
545.729000,0.000076,0.000029,0.000002,0.000017,0.000004,0.000025
545.860000,0.000076,0.000042,0.000001,0.000011,0.000007,0.000014
545.863000,0.000076,0.000041,0.000000,0.000003,0.000024,0.000007
545.900000,0.000076,0.000038,0.000000,0.000002,0.000007,0.000030
545.949000,0.000076,0.000027,0.000002,0.000015,0.000028,0.000005
546.001000,0.000076,0.000015,0.000000,0.000009,0.000027,0.000025
546.055000,0.000076,0.000028,0.000000,0.000003,0.000000,0.000045
546.056000,0.000076,0.000039,0.000004,0.000000,0.000005,0.000028
546.109000,0.000076,0.000003,0.000000,0.000008,0.000054,0.000011
546.118000,0.000076,0.000006,0.000000,0.000007,0.000044,0.000018
546.159000,0.000076,0.000012,0.000001,0.000001,0.000030,0.000033
546.221000,0.000076,0.000026,0.000000,0.000015,0.000027,0.000008
546.296000,0.000076,0.000026,0.000000,0.000014,0.000027,0.000009
546.382000,0.000076,0.000015,0.000000,0.000005,0.000006,0.000050
546.391000,0.000076,0.000046,0.000004,0.000003,0.000000,0.000023
546.394000,0.000076,0.000024,0.000000,0.000002,0.000010,0.000040
546.431000,0.000076,0.000009,0.000000,0.000007,0.000024,0.000037
546.523000,0.000076,0.000045,0.000000,0.000000,0.000002,0.000029
546.530000,0.000076,0.000032,0.000000,0.000012,0.000018,0.000014
546.537000,0.000076,0.000007,0.000000,0.000001,0.000004,0.000064
546.588000,0.000076,0.000014,0.000000,0.000009,0.000003,0.000050
546.594000,0.000076,0.000011,0.000000,0.000008,0.000029,0.000029
546.643000,0.000076,0.000047,0.000002,0.000010,0.000009,0.000008
546.677000,0.000076,0.000032,0.000000,0.000008,0.000008,0.000028
546.688000,0.000076,0.000019,0.000001,0.000013,0.000026,0.000017
546.733000,0.000076,0.000031,0.000000,0.000008,0.000021,0.000016
546.788000,0.000076,0.000000,0.000002,0.000004,0.000047,0.000023
546.796000,0.000076,0.000039,0.000000,0.000001,0.000006,0.000030
546.798000,0.000076,0.000046,0.000000,0.000003,0.000002,0.000026
546.828000,0.000076,0.000032,0.000001,0.000005,0.000010,0.000027
546.887000,0.000076,0.000020,0.000000,0.000012,0.000034,0.000010
546.893000,0.000076,0.000004,0.000001,0.000009,0.000025,0.000037
546.929000,0.000076,0.000022,0.000001,0.000001,0.000005,0.000048
546.934000,0.000076,0.000000,0.000001,0.000000,0.000013,0.000061
546.989000,0.000076,0.000004,0.000000,0.000002,0.000016,0.000054
547.039000,0.000076,0.000003,0.000001,0.000005,0.000047,0.000019
547.218000,0.000076,0.000001,0.000000,0.000001,0.000056,0.000018
547.236000,0.000076,0.000011,0.000000,0.000014,0.000011,0.000041
547.350000,0.000076,0.000058,0.000000,0.000002,0.000000,0.000017
547.407000,0.000076,0.000015,0.000000,0.000016,0.000044,0.000002
547.437000,0.000076,0.000010,0.000000,0.000014,0.000009,0.000043
547.521000,0.000076,0.000002,0.000001,0.000002,0.000047,0.000024
547.527000,0.000076,0.000004,0.000000,0.000003,0.000044,0.000025
547.530000,0.000076,0.000028,0.000002,0.000037,0.000004,0.000005
547.534000,0.000076,0.000038,0.000000,0.000005,0.000015,0.000018
547.567000,0.000076,0.000014,0.000000,0.000003,0.000020,0.000039
547.587000,0.000076,0.000029,0.000000,0.000010,0.000029,0.000007
547.614000,0.000076,0.000035,0.000002,0.000001,0.000002,0.000036
547.619000,0.000076,0.000014,0.000001,0.000008,0.000010,0.000043
547.651000,0.000076,0.000008,0.000000,0.000010,0.000024,0.000035
547.656000,0.000076,0.000024,0.000001,0.000015,0.000029,0.000007
547.674000,0.000076,0.000029,0.000000,0.000035,0.000005,0.000007
547.975000,0.000076,0.000028,0.000003,0.000004,0.000040,0.000002
547.986000,0.000076,0.000010,0.000000,0.000003,0.000030,0.000033
547.992000,0.000076,0.000015,0.000000,0.000005,0.000022,0.000035
547.999000,0.000076,0.000018,0.000000,0.000008,0.000027,0.000023
548.037000,0.000076,0.000003,0.000000,0.000001,0.000048,0.000025
548.238000,0.000076,0.000038,0.000000,0.000002,0.000016,0.000020
548.252000,0.000076,0.000004,0.000001,0.000001,0.000047,0.000023
548.284000,0.000076,0.000021,0.000000,0.000014,0.000031,0.000010
548.334000,0.000076,0.000023,0.000000,0.000004,0.000029,0.000020
548.367000,0.000076,0.000020,0.000000,0.000010,0.000012,0.000034
548.409000,0.000076,0.000015,0.000000,0.000009,0.000004,0.000047
548.447000,0.000076,0.000020,0.000000,0.000002,0.000029,0.000025
548.459000,0.000076,0.000042,0.000001,0.000009,0.000000,0.000024
548.464000,0.000076,0.000021,0.000003,0.000002,0.000029,0.000021
548.598000,0.000076,0.000024,0.000000,0.000017,0.000021,0.000013
548.609000,0.000076,0.000028,0.000000,0.000004,0.000015,0.000029
548.650000,0.000076,0.000006,0.000002,0.000006,0.000011,0.000052
548.671000,0.000076,0.000005,0.000001,0.000007,0.000044,0.000019
548.709000,0.000076,0.000026,0.000000,0.000001,0.000010,0.000039
548.920000,0.000076,0.000009,0.000000,0.000011,0.000022,0.000035
549.094000,0.000076,0.000021,0.000001,0.000007,0.000019,0.000028
549.111000,0.000076,0.000042,0.000002,0.000003,0.000007,0.000023
549.169000,0.000076,0.000016,0.000004,0.000014,0.000039,0.000004
549.184000,0.000076,0.000011,0.000000,0.000022,0.000000,0.000043
549.185000,0.000076,0.000029,0.000000,0.000012,0.000016,0.000018
549.290000,0.000076,0.000026,0.000001,0.000016,0.000029,0.000004
549.318000,0.000076,0.000002,0.000000,0.000006,0.000035,0.000033
549.371000,0.000076,0.000042,0.000001,0.000011,0.000000,0.000022
549.411000,0.000076,0.000029,0.000000,0.000006,0.000029,0.000011
549.452000,0.000076,0.000031,0.000000,0.000010,0.000014,0.000021
549.515000,0.000152,0.000062,0.000000,0.000016,0.000010,0.000064
549.516000,0.000076,0.000035,0.000001,0.000013,0.000015,0.000013
549.662000,0.000076,0.000034,0.000000,0.000012,0.000009,0.000020
549.782000,0.000076,0.000033,0.000001,0.000003,0.000009,0.000030
549.794000,0.000076,0.000010,0.000000,0.000014,0.000032,0.000019
549.806000,0.000076,0.000027,0.000002,0.000012,0.000011,0.000025
549.917000,0.000076,0.000044,0.000000,0.000007,0.000001,0.000024
549.936000,0.000076,0.000015,0.000000,0.000010,0.000004,0.000047
549.937000,0.000076,0.000015,0.000001,0.000016,0.000019,0.000025
549.945000,0.000076,0.000005,0.000003,0.000006,0.000044,0.000019
550.019000,0.000076,0.000034,0.000002,0.000007,0.000014,0.000018
550.020000,0.000076,0.000032,0.000000,0.000006,0.000011,0.000028
550.022000,0.000076,0.000029,0.000003,0.000008,0.000007,0.000029
550.074000,0.000076,0.000034,0.000000,0.000011,0.000015,0.000016
550.145000,0.000076,0.000005,0.000006,0.000012,0.000019,0.000034
550.303000,0.000076,0.000005,0.000000,0.000004,0.000011,0.000057
550.423000,0.000076,0.000015,0.000001,0.000018,0.000036,0.000006
550.758000,0.000076,0.000020,0.000001,0.000017,0.000030,0.000008
550.811000,0.000076,0.000003,0.000000,0.000000,0.000048,0.000025
550.948000,0.000076,0.000012,0.000000,0.000009,0.000009,0.000045
550.954000,0.000076,0.000042,0.000001,0.000003,0.000001,0.000029
551.012000,0.000076,0.000014,0.000001,0.000006,0.000019,0.000037
551.030000,0.000076,0.000016,0.000002,0.000009,0.000039,0.000010
551.076000,0.000076,0.000018,0.000001,0.000011,0.000016,0.000029
551.084000,0.000076,0.000036,0.000000,0.000009,0.000011,0.000020
551.134000,0.000076,0.000005,0.000000,0.000003,0.000016,0.000053
551.170000,0.000076,0.000026,0.000000,0.000001,0.000002,0.000047
551.262000,0.000076,0.000035,0.000000,0.000009,0.000011,0.000020
551.279000,0.000076,0.000004,0.000000,0.000002,0.000016,0.000054
551.308000,0.000076,0.000011,0.000000,0.000011,0.000007,0.000048
551.327000,0.000076,0.000039,0.000001,0.000004,0.000013,0.000019
551.353000,0.000076,0.000033,0.000001,0.000012,0.000006,0.000023
551.464000,0.000076,0.000037,0.000004,0.000018,0.000000,0.000017
551.466000,0.000076,0.000011,0.000000,0.000009,0.000010,0.000045
551.540000,0.000076,0.000008,0.000001,0.000000,0.000038,0.000029
551.543000,0.000076,0.000031,0.000001,0.000007,0.000010,0.000027
551.561000,0.000076,0.000038,0.000001,0.000011,0.000021,0.000005
551.686000,0.000076,0.000021,0.000000,0.000025,0.000019,0.000011
551.714000,0.000076,0.000028,0.000000,0.000010,0.000030,0.000008
551.757000,0.000076,0.000008,0.000001,0.000007,0.000026,0.000034
551.775000,0.000076,0.000012,0.000000,0.000004,0.000031,0.000029
551.813000,0.000076,0.000004,0.000001,0.000004,0.000013,0.000054
551.814000,0.000076,0.000024,0.000000,0.000032,0.000002,0.000018
551.862000,0.000076,0.000019,0.000002,0.000011,0.000000,0.000044
551.863000,0.000076,0.000010,0.000001,0.000012,0.000020,0.000033
551.992000,0.000076,0.000032,0.000000,0.000003,0.000005,0.000036
552.041000,0.000076,0.000021,0.000000,0.000017,0.000028,0.000009
552.048000,0.000076,0.000007,0.000001,0.000001,0.000006,0.000062
552.066000,0.000076,0.000003,0.000000,0.000002,0.000053,0.000018
552.173000,0.000076,0.000040,0.000000,0.000007,0.000013,0.000016
552.208000,0.000076,0.000042,0.000001,0.000012,0.000006,0.000016
552.234000,0.000076,0.000021,0.000002,0.000011,0.000023,0.000019
552.268000,0.000076,0.000018,0.000000,0.000009,0.000002,0.000047
552.415000,0.000076,0.000035,0.000000,0.000009,0.000016,0.000017
552.438000,0.000076,0.000022,0.000000,0.000033,0.000005,0.000017
552.540000,0.000076,0.000007,0.000003,0.000005,0.000031,0.000030
552.547000,0.000076,0.000010,0.000000,0.000018,0.000004,0.000045
552.576000,0.000076,0.000017,0.000001,0.000009,0.000049,0.000000
552.585000,0.000076,0.000016,0.000002,0.000012,0.000002,0.000045
552.590000,0.000076,0.000022,0.000000,0.000024,0.000018,0.000012
552.629000,0.000076,0.000014,0.000000,0.000001,0.000036,0.000026
552.738000,0.000076,0.000043,0.000002,0.000003,0.000005,0.000023
552.784000,0.000076,0.000019,0.000000,0.000014,0.000034,0.000009
552.807000,0.000076,0.000010,0.000000,0.000020,0.000001,0.000046
552.947000,0.000076,0.000034,0.000001,0.000010,0.000019,0.000012
553.023000,0.000076,0.000033,0.000000,0.000007,0.000023,0.000012
553.081000,0.000076,0.000027,0.000000,0.000004,0.000001,0.000044
553.095000,0.000076,0.000038,0.000000,0.000007,0.000020,0.000011
553.157000,0.000076,0.000013,0.000003,0.000015,0.000011,0.000034
553.176000,0.000076,0.000023,0.000002,0.000007,0.000009,0.000035
553.195000,0.000076,0.000011,0.000000,0.000003,0.000027,0.000034
553.262000,0.000076,0.000018,0.000002,0.000006,0.000013,0.000038
553.331000,0.000076,0.000035,0.000000,0.000010,0.000013,0.000018
553.386000,0.000076,0.000019,0.000000,0.000018,0.000030,0.000009
553.445000,0.000076,0.000028,0.000000,0.000009,0.000013,0.000026
553.507000,0.000076,0.000045,0.000000,0.000003,0.000009,0.000020
553.562000,0.000076,0.000037,0.000002,0.000009,0.000011,0.000018
553.688000,0.000076,0.000001,0.000000,0.000004,0.000015,0.000056
553.699000,0.000076,0.000035,0.000000,0.000010,0.000016,0.000015
553.730000,0.000076,0.000016,0.000000,0.000002,0.000027,0.000030
553.786000,0.000076,0.000035,0.000000,0.000010,0.000012,0.000020
553.828000,0.000076,0.000005,0.000002,0.000004,0.000031,0.000035
553.887000,0.000076,0.000034,0.000001,0.000005,0.000015,0.000021
553.984000,0.000076,0.000009,0.000002,0.000017,0.000005,0.000042
554.005000,0.000076,0.000021,0.000003,0.000007,0.000005,0.000040
554.073000,0.000076,0.000021,0.000001,0.000033,0.000002,0.000019
554.124000,0.000076,0.000009,0.000000,0.000020,0.000002,0.000046
554.195000,0.000076,0.000035,0.000002,0.000006,0.000011,0.000021
554.303000,0.000076,0.000023,0.000000,0.000013,0.000014,0.000026
554.369000,0.000076,0.000035,0.000001,0.000001,0.000011,0.000028
554.396000,0.000076,0.000006,0.000003,0.000020,0.000003,0.000044
554.474000,0.000076,0.000021,0.000000,0.000011,0.000024,0.000020
554.537000,0.000076,0.000022,0.000000,0.000032,0.000005,0.000017
554.542000,0.000076,0.000011,0.000000,0.000008,0.000005,0.000052
554.593000,0.000076,0.000033,0.000002,0.000003,0.000004,0.000035
554.608000,0.000076,0.000019,0.000001,0.000013,0.000035,0.000007
554.619000,0.000076,0.000024,0.000000,0.000004,0.000029,0.000020
554.629000,0.000076,0.000003,0.000000,0.000019,0.000030,0.000024
554.658000,0.000076,0.000008,0.000000,0.000010,0.000005,0.000053
554.668000,0.000076,0.000029,0.000000,0.000003,0.000016,0.000028
554.749000,0.000076,0.000037,0.000000,0.000013,0.000012,0.000013
554.766000,0.000076,0.000014,0.000001,0.000002,0.000038,0.000021
555.009000,0.000076,0.000038,0.000000,0.000012,0.000003,0.000023
555.017000,0.000076,0.000014,0.000003,0.000010,0.000020,0.000029
555.036000,0.000076,0.000023,0.000000,0.000001,0.000027,0.000025
555.174000,0.000076,0.000010,0.000001,0.000001,0.000029,0.000036
555.226000,0.000076,0.000013,0.000001,0.000011,0.000005,0.000045
555.230000,0.000076,0.000052,0.000000,0.000004,0.000005,0.000016
555.231000,0.000076,0.000042,0.000003,0.000010,0.000001,0.000020
555.257000,0.000076,0.000004,0.000000,0.000004,0.000011,0.000056
555.264000,0.000076,0.000005,0.000000,0.000005,0.000016,0.000050
555.287000,0.000076,0.000023,0.000001,0.000012,0.000022,0.000018
555.327000,0.000076,0.000005,0.000000,0.000003,0.000012,0.000056
555.346000,0.000076,0.000006,0.000000,0.000001,0.000005,0.000064
555.363000,0.000076,0.000028,0.000000,0.000003,0.000040,0.000005
555.458000,0.000076,0.000029,0.000002,0.000001,0.000017,0.000027
555.490000,0.000076,0.000044,0.000002,0.000009,0.000002,0.000019
555.549000,0.000076,0.000015,0.000000,0.000000,0.000024,0.000037
555.717000,0.000076,0.000028,0.000000,0.000036,0.000005,0.000007
555.719000,0.000076,0.000032,0.000001,0.000015,0.000011,0.000016
555.744000,0.000076,0.000019,0.000002,0.000033,0.000005,0.000017
555.766000,0.000076,0.000003,0.000000,0.000002,0.000013,0.000057
555.772000,0.000076,0.000033,0.000000,0.000011,0.000013,0.000019
555.838000,0.000076,0.000021,0.000000,0.000018,0.000024,0.000013
555.848000,0.000076,0.000012,0.000004,0.000001,0.000026,0.000034
555.884000,0.000076,0.000020,0.000000,0.000014,0.000025,0.000017
555.915000,0.000076,0.000013,0.000001,0.000020,0.000018,0.000025
555.937000,0.000076,0.000032,0.000001,0.000009,0.000013,0.000021
556.005000,0.000076,0.000024,0.000004,0.000011,0.000032,0.000005
556.152000,0.000076,0.000001,0.000000,0.000000,0.000014,0.000061
556.165000,0.000076,0.000026,0.000002,0.000009,0.000028,0.000012
556.189000,0.000076,0.000012,0.000000,0.000011,0.000009,0.000045
556.229000,0.000076,0.000036,0.000001,0.000013,0.000005,0.000022
556.245000,0.000076,0.000033,0.000000,0.000012,0.000016,0.000015
556.272000,0.000076,0.000010,0.000000,0.000010,0.000006,0.000049
556.276000,0.000076,0.000036,0.000000,0.000009,0.000011,0.000021
556.413000,0.000076,0.000019,0.000000,0.000011,0.000039,0.000007
556.438000,0.000076,0.000020,0.000001,0.000003,0.000035,0.000017
556.491000,0.000076,0.000016,0.000000,0.000011,0.000021,0.000028
556.515000,0.000076,0.000032,0.000001,0.000008,0.000014,0.000022
556.528000,0.000076,0.000020,0.000001,0.000010,0.000010,0.000036
556.647000,0.000076,0.000030,0.000001,0.000003,0.000027,0.000015
556.713000,0.000076,0.000034,0.000000,0.000006,0.000008,0.000028
556.720000,0.000076,0.000001,0.000000,0.000006,0.000012,0.000056
556.755000,0.000076,0.000023,0.000001,0.000004,0.000026,0.000021
556.763000,0.000076,0.000026,0.000001,0.000007,0.000005,0.000038
556.774000,0.000076,0.000002,0.000000,0.000003,0.000055,0.000016
556.778000,0.000076,0.000010,0.000000,0.000014,0.000021,0.000030
556.983000,0.000076,0.000015,0.000000,0.000010,0.000006,0.000046
557.013000,0.000076,0.000041,0.000001,0.000011,0.000007,0.000016
557.036000,0.000076,0.000015,0.000001,0.000009,0.000019,0.000032
557.040000,0.000076,0.000014,0.000000,0.000008,0.000027,0.000026
557.046000,0.000076,0.000007,0.000002,0.000000,0.000036,0.000031
557.080000,0.000152,0.000018,0.000003,0.000014,0.000072,0.000045
557.083000,0.000076,0.000038,0.000000,0.000012,0.000012,0.000014
557.090000,0.000076,0.000016,0.000001,0.000016,0.000034,0.000010
557.210000,0.000076,0.000034,0.000000,0.000008,0.000009,0.000025
557.238000,0.000076,0.000005,0.000000,0.000001,0.000018,0.000051
557.241000,0.000076,0.000012,0.000000,0.000003,0.000034,0.000026
557.273000,0.000076,0.000027,0.000001,0.000003,0.000001,0.000045
557.290000,0.000076,0.000004,0.000001,0.000001,0.000007,0.000063
557.343000,0.000076,0.000039,0.000000,0.000015,0.000001,0.000021
557.367000,0.000076,0.000046,0.000000,0.000002,0.000003,0.000026
557.386000,0.000076,0.000025,0.000000,0.000006,0.000017,0.000029
557.388000,0.000152,0.000049,0.000001,0.000009,0.000052,0.000042
557.402000,0.000076,0.000012,0.000001,0.000003,0.000031,0.000028
557.445000,0.000076,0.000006,0.000003,0.000005,0.000039,0.000024
557.453000,0.000076,0.000020,0.000000,0.000017,0.000030,0.000009
557.532000,0.000076,0.000006,0.000000,0.000001,0.000045,0.000025
557.593000,0.000076,0.000024,0.000000,0.000030,0.000002,0.000021
557.622000,0.000076,0.000019,0.000001,0.000012,0.000039,0.000006
557.690000,0.000076,0.000002,0.000000,0.000004,0.000015,0.000054
557.762000,0.000076,0.000012,0.000000,0.000014,0.000010,0.000040
557.803000,0.000076,0.000015,0.000000,0.000008,0.000027,0.000027
557.817000,0.000076,0.000017,0.000000,0.000011,0.000021,0.000028
557.861000,0.000076,0.000015,0.000000,0.000009,0.000017,0.000034
558.014000,0.000076,0.000008,0.000000,0.000012,0.000007,0.000049
558.057000,0.000076,0.000019,0.000002,0.000004,0.000004,0.000047
558.080000,0.000076,0.000009,0.000000,0.000006,0.000024,0.000037
558.194000,0.000076,0.000005,0.000001,0.000003,0.000040,0.000027
558.227000,0.000076,0.000039,0.000001,0.000019,0.000017,0.000001
558.230000,0.000076,0.000021,0.000001,0.000012,0.000023,0.000020
558.234000,0.000076,0.000022,0.000000,0.000010,0.000025,0.000019
558.297000,0.000076,0.000010,0.000001,0.000007,0.000030,0.000028
558.339000,0.000076,0.000031,0.000001,0.000003,0.000029,0.000012
558.341000,0.000076,0.000010,0.000000,0.000001,0.000030,0.000035
558.418000,0.000076,0.000031,0.000003,0.000008,0.000010,0.000024
558.541000,0.000076,0.000017,0.000001,0.000014,0.000017,0.000026
558.610000,0.000076,0.000029,0.000000,0.000001,0.000001,0.000045
558.623000,0.000076,0.000023,0.000001,0.000009,0.000022,0.000021
558.645000,0.000076,0.000033,0.000000,0.000012,0.000013,0.000019
558.649000,0.000076,0.000041,0.000000,0.000012,0.000000,0.000023
558.732000,0.000076,0.000025,0.000004,0.000033,0.000000,0.000015
558.789000,0.000076,0.000028,0.000001,0.000003,0.000001,0.000043
558.854000,0.000076,0.000014,0.000006,0.000001,0.000035,0.000020
558.941000,0.000076,0.000003,0.000000,0.000008,0.000047,0.000018
558.968000,0.000076,0.000008,0.000000,0.000000,0.000040,0.000028
559.034000,0.000076,0.000032,0.000000,0.000004,0.000009,0.000031
559.126000,0.000076,0.000045,0.000000,0.000003,0.000007,0.000021
559.184000,0.000076,0.000025,0.000001,0.000008,0.000006,0.000037
559.219000,0.000076,0.000020,0.000001,0.000013,0.000026,0.000017
559.229000,0.000076,0.000036,0.000000,0.000008,0.000021,0.000011
559.273000,0.000076,0.000021,0.000000,0.000010,0.000026,0.000019
559.281000,0.000076,0.000024,0.000000,0.000008,0.000044,0.000000
559.284000,0.000076,0.000025,0.000001,0.000037,0.000006,0.000006
559.457000,0.000076,0.000001,0.000000,0.000005,0.000012,0.000057
559.470000,0.000076,0.000007,0.000000,0.000006,0.000013,0.000051
559.477000,0.000076,0.000019,0.000000,0.000009,0.000024,0.000023
559.519000,0.000076,0.000045,0.000000,0.000001,0.000015,0.000015
559.600000,0.000076,0.000024,0.000000,0.000011,0.000015,0.000026
559.649000,0.000076,0.000010,0.000000,0.000019,0.000000,0.000048
559.655000,0.000076,0.000039,0.000000,0.000000,0.000017,0.000020
559.675000,0.000076,0.000027,0.000001,0.000000,0.000002,0.000046
559.781000,0.000076,0.000027,0.000001,0.000004,0.000000,0.000045
559.877000,0.000076,0.000013,0.000000,0.000018,0.000042,0.000003
560.005000,0.000076,0.000008,0.000000,0.000009,0.000023,0.000036
560.078000,0.000076,0.000029,0.000003,0.000005,0.000030,0.000008
560.082000,0.000076,0.000015,0.000001,0.000012,0.000004,0.000043
560.147000,0.000076,0.000002,0.000002,0.000019,0.000028,0.000024
560.188000,0.000076,0.000008,0.000001,0.000012,0.000006,0.000049
560.213000,0.000076,0.000003,0.000000,0.000003,0.000046,0.000024
560.320000,0.000076,0.000006,0.000000,0.000000,0.000016,0.000053
560.332000,0.000076,0.000019,0.000001,0.000010,0.000026,0.000020
560.335000,0.000076,0.000032,0.000002,0.000006,0.000011,0.000026
560.353000,0.000076,0.000015,0.000000,0.000010,0.000000,0.000051
560.392000,0.000076,0.000016,0.000000,0.000011,0.000020,0.000029
560.404000,0.000076,0.000045,0.000000,0.000005,0.000008,0.000018
560.412000,0.000076,0.000025,0.000000,0.000007,0.000031,0.000013
560.535000,0.000076,0.000027,0.000000,0.000008,0.000033,0.000009
560.609000,0.000076,0.000007,0.000000,0.000005,0.000014,0.000050
560.610000,0.000076,0.000000,0.000001,0.000001,0.000014,0.000060
560.673000,0.000076,0.000037,0.000000,0.000002,0.000017,0.000019
560.978000,0.000076,0.000044,0.000000,0.000000,0.000010,0.000021
561.064000,0.000076,0.000014,0.000000,0.000013,0.000005,0.000045
561.142000,0.000076,0.000002,0.000000,0.000003,0.000013,0.000058
561.312000,0.000076,0.000004,0.000002,0.000006,0.000030,0.000033
561.394000,0.000076,0.000003,0.000000,0.000005,0.000047,0.000020
561.430000,0.000076,0.000020,0.000000,0.000014,0.000033,0.000009
561.460000,0.000076,0.000012,0.000000,0.000014,0.000019,0.000031
561.468000,0.000076,0.000022,0.000000,0.000010,0.000025,0.000019
561.504000,0.000076,0.000022,0.000000,0.000007,0.000019,0.000027
561.549000,0.000076,0.000020,0.000000,0.000003,0.000006,0.000046
561.884000,0.000076,0.000002,0.000000,0.000006,0.000011,0.000057
561.976000,0.000076,0.000034,0.000000,0.000011,0.000014,0.000016
562.198000,0.000076,0.000037,0.000000,0.000000,0.000014,0.000024
562.241000,0.000076,0.000047,0.000000,0.000004,0.000000,0.000026
562.379000,0.000076,0.000013,0.000002,0.000017,0.000042,0.000001
562.393000,0.000076,0.000004,0.000000,0.000002,0.000018,0.000052
562.409000,0.000076,0.000010,0.000000,0.000017,0.000000,0.000050
562.442000,0.000076,0.000028,0.000000,0.000003,0.000017,0.000029
562.489000,0.000076,0.000005,0.000000,0.000001,0.000044,0.000025
562.503000,0.000076,0.000015,0.000000,0.000000,0.000025,0.000036
562.505000,0.000076,0.000002,0.000002,0.000003,0.000048,0.000020
562.662000,0.000076,0.000010,0.000000,0.000008,0.000006,0.000052
562.797000,0.000076,0.000041,0.000000,0.000005,0.000010,0.000020
562.958000,0.000076,0.000036,0.000000,0.000033,0.000000,0.000006
562.982000,0.000076,0.000041,0.000001,0.000007,0.000018,0.000009
563.056000,0.000076,0.000027,0.000001,0.000009,0.000029,0.000010
563.081000,0.000076,0.000026,0.000000,0.000007,0.000031,0.000013
563.145000,0.000076,0.000016,0.000001,0.000014,0.000034,0.000010
563.423000,0.000076,0.000035,0.000000,0.000000,0.000015,0.000026
563.438000,0.000076,0.000005,0.000000,0.000003,0.000041,0.000027
563.483000,0.000076,0.000003,0.000000,0.000020,0.000007,0.000046
563.487000,0.000076,0.000040,0.000000,0.000013,0.000007,0.000017
563.563000,0.000076,0.000046,0.000000,0.000005,0.000014,0.000011
563.602000,0.000076,0.000022,0.000001,0.000010,0.000017,0.000026
563.782000,0.000076,0.000014,0.000000,0.000003,0.000034,0.000025
563.814000,0.000076,0.000011,0.000000,0.000008,0.000023,0.000034
563.850000,0.000076,0.000030,0.000000,0.000005,0.000011,0.000030
563.901000,0.000076,0.000009,0.000001,0.000010,0.000000,0.000055
563.911000,0.000076,0.000008,0.000000,0.000022,0.000001,0.000045
563.961000,0.000076,0.000014,0.000003,0.000008,0.000003,0.000048
564.048000,0.000076,0.000031,0.000000,0.000006,0.000010,0.000029
564.140000,0.000076,0.000023,0.000000,0.000009,0.000015,0.000029
564.173000,0.000076,0.000005,0.000000,0.000003,0.000015,0.000053
564.246000,0.000076,0.000009,0.000000,0.000013,0.000035,0.000019
564.256000,0.000076,0.000034,0.000002,0.000017,0.000010,0.000014
564.327000,0.000076,0.000011,0.000000,0.000010,0.000005,0.000050
564.351000,0.000076,0.000006,0.000001,0.000002,0.000016,0.000051
564.360000,0.000076,0.000011,0.000001,0.000014,0.000021,0.000030
564.396000,0.000076,0.000006,0.000003,0.000015,0.000027,0.000025
564.549000,0.000076,0.000020,0.000001,0.000007,0.000019,0.000028
564.580000,0.000076,0.000017,0.000000,0.000002,0.000030,0.000027
564.589000,0.000076,0.000004,0.000001,0.000007,0.000046,0.000019
564.759000,0.000076,0.000013,0.000001,0.000011,0.000033,0.000018
564.895000,0.000076,0.000036,0.000000,0.000011,0.000013,0.000017
564.908000,0.000076,0.000009,0.000000,0.000020,0.000021,0.000026
565.088000,0.000076,0.000014,0.000000,0.000000,0.000026,0.000036
565.092000,0.000076,0.000036,0.000001,0.000008,0.000021,0.000010
565.483000,0.000076,0.000024,0.000000,0.000007,0.000045,0.000000
565.491000,0.000076,0.000043,0.000002,0.000004,0.000020,0.000008
565.693000,0.000076,0.000013,0.000000,0.000001,0.000032,0.000030
565.714000,0.000076,0.000005,0.000000,0.000007,0.000011,0.000053
565.793000,0.000076,0.000029,0.000001,0.000007,0.000009,0.000030
565.890000,0.000076,0.000038,0.000000,0.000005,0.000008,0.000025
566.004000,0.000076,0.000013,0.000000,0.000004,0.000032,0.000028
566.125000,0.000076,0.000009,0.000000,0.000000,0.000032,0.000036
566.153000,0.000076,0.000010,0.000000,0.000009,0.000023,0.000033
566.256000,0.000076,0.000040,0.000004,0.000006,0.000011,0.000015
566.446000,0.000076,0.000020,0.000002,0.000004,0.000012,0.000038
566.467000,0.000076,0.000012,0.000000,0.000006,0.000025,0.000033
566.548000,0.000076,0.000001,0.000001,0.000000,0.000014,0.000060
566.594000,0.000076,0.000003,0.000000,0.000002,0.000052,0.000019
566.635000,0.000076,0.000035,0.000000,0.000017,0.000002,0.000022
566.819000,0.000076,0.000006,0.000000,0.000002,0.000017,0.000050
566.834000,0.000076,0.000004,0.000000,0.000001,0.000046,0.000024
566.889000,0.000076,0.000006,0.000000,0.000007,0.000009,0.000054
566.890000,0.000076,0.000025,0.000003,0.000007,0.000030,0.000010
566.897000,0.000076,0.000009,0.000000,0.000015,0.000033,0.000019
566.953000,0.000076,0.000009,0.000000,0.000015,0.000021,0.000032
567.066000,0.000076,0.000015,0.000000,0.000004,0.000032,0.000025
567.069000,0.000076,0.000030,0.000004,0.000008,0.000008,0.000027
567.094000,0.000076,0.000039,0.000000,0.000017,0.000006,0.000015
567.122000,0.000076,0.000010,0.000000,0.000008,0.000026,0.000033
567.203000,0.000076,0.000013,0.000000,0.000016,0.000001,0.000046
567.209000,0.000076,0.000015,0.000002,0.000018,0.000033,0.000008
567.222000,0.000076,0.000013,0.000002,0.000015,0.000002,0.000045
567.341000,0.000076,0.000006,0.000000,0.000008,0.000009,0.000053
567.392000,0.000076,0.000004,0.000003,0.000000,0.000034,0.000035
567.474000,0.000076,0.000032,0.000000,0.000010,0.000008,0.000026
567.508000,0.000076,0.000034,0.000000,0.000004,0.000010,0.000028
567.533000,0.000076,0.000021,0.000000,0.000005,0.000006,0.000044
567.544000,0.000076,0.000036,0.000000,0.000001,0.000015,0.000024
567.549000,0.000076,0.000020,0.000000,0.000007,0.000027,0.000022
567.562000,0.000076,0.000007,0.000000,0.000012,0.000010,0.000047
567.614000,0.000076,0.000011,0.000000,0.000002,0.000029,0.000033
567.666000,0.000076,0.000006,0.000000,0.000003,0.000015,0.000053
567.702000,0.000076,0.000004,0.000000,0.000009,0.000010,0.000053
567.723000,0.000076,0.000021,0.000000,0.000007,0.000029,0.000020
567.805000,0.000076,0.000030,0.000002,0.000006,0.000020,0.000018
567.861000,0.000076,0.000018,0.000000,0.000013,0.000028,0.000018
568.119000,0.000076,0.000020,0.000001,0.000005,0.000030,0.000021
568.153000,0.000076,0.000021,0.000000,0.000002,0.000023,0.000029
568.171000,0.000076,0.000013,0.000001,0.000010,0.000003,0.000050
568.179000,0.000076,0.000009,0.000000,0.000018,0.000000,0.000049
568.187000,0.000076,0.000009,0.000001,0.000009,0.000006,0.000052
568.214000,0.000076,0.000024,0.000000,0.000001,0.000006,0.000045
568.284000,0.000076,0.000055,0.000000,0.000003,0.000000,0.000019
568.321000,0.000076,0.000012,0.000003,0.000004,0.000032,0.000025
568.341000,0.000076,0.000009,0.000002,0.000016,0.000003,0.000046
568.357000,0.000076,0.000043,0.000000,0.000001,0.000010,0.000022
568.391000,0.000076,0.000013,0.000005,0.000004,0.000036,0.000018
568.403000,0.000076,0.000050,0.000001,0.000004,0.000005,0.000016
568.541000,0.000076,0.000019,0.000001,0.000012,0.000026,0.000017
568.547000,0.000076,0.000019,0.000002,0.000012,0.000027,0.000016
568.623000,0.000076,0.000021,0.000002,0.000031,0.000004,0.000018
568.654000,0.000076,0.000043,0.000000,0.000004,0.000009,0.000020
568.787000,0.000076,0.000017,0.000001,0.000004,0.000030,0.000025
568.850000,0.000076,0.000009,0.000001,0.000007,0.000036,0.000023
568.937000,0.000076,0.000044,0.000000,0.000010,0.000001,0.000021
568.950000,0.000076,0.000020,0.000000,0.000005,0.000029,0.000021
568.989000,0.000076,0.000014,0.000000,0.000010,0.000000,0.000053
568.990000,0.000076,0.000043,0.000000,0.000005,0.000000,0.000028
569.061000,0.000076,0.000031,0.000000,0.000008,0.000010,0.000026
569.203000,0.000076,0.000008,0.000002,0.000019,0.000001,0.000046
569.224000,0.000076,0.000006,0.000000,0.000008,0.000009,0.000052
569.293000,0.000076,0.000013,0.000002,0.000018,0.000002,0.000041
569.455000,0.000076,0.000050,0.000000,0.000002,0.000014,0.000010
569.498000,0.000076,0.000017,0.000001,0.000000,0.000028,0.000031
569.518000,0.000076,0.000009,0.000000,0.000009,0.000009,0.000049
569.564000,0.000076,0.000012,0.000001,0.000007,0.000022,0.000034
569.578000,0.000076,0.000043,0.000000,0.000005,0.000000,0.000029
569.646000,0.000076,0.000033,0.000000,0.000016,0.000012,0.000014
569.724000,0.000076,0.000004,0.000000,0.000008,0.000053,0.000011
569.851000,0.000076,0.000022,0.000000,0.000006,0.000024,0.000023
569.878000,0.000076,0.000017,0.000000,0.000006,0.000022,0.000031
569.986000,0.000076,0.000034,0.000003,0.000002,0.000010,0.000026
570.016000,0.000076,0.000005,0.000000,0.000001,0.000046,0.000024
570.156000,0.000076,0.000019,0.000001,0.000006,0.000014,0.000037
570.173000,0.000076,0.000041,0.000002,0.000014,0.000016,0.000003
570.231000,0.000076,0.000012,0.000000,0.000010,0.000033,0.000022
570.266000,0.000076,0.000011,0.000002,0.000008,0.000023,0.000032
570.271000,0.000076,0.000005,0.000000,0.000010,0.000011,0.000050
570.436000,0.000076,0.000037,0.000001,0.000005,0.000008,0.000025
570.552000,0.000076,0.000009,0.000000,0.000000,0.000018,0.000050
570.572000,0.000076,0.000033,0.000000,0.000011,0.000014,0.000018
570.670000,0.000076,0.000033,0.000000,0.000005,0.000020,0.000019
570.706000,0.000076,0.000035,0.000001,0.000034,0.000003,0.000004
570.781000,0.000076,0.000007,0.000000,0.000003,0.000015,0.000052
570.815000,0.000076,0.000024,0.000001,0.000010,0.000028,0.000014
570.821000,0.000076,0.000042,0.000000,0.000005,0.000000,0.000029
571.074000,0.000076,0.000052,0.000000,0.000004,0.000002,0.000018
571.172000,0.000076,0.000020,0.000000,0.000003,0.000029,0.000024
571.345000,0.000076,0.000020,0.000000,0.000033,0.000005,0.000018
571.397000,0.000076,0.000054,0.000001,0.000003,0.000001,0.000019
571.437000,0.000076,0.000001,0.000001,0.000000,0.000012,0.000062
571.464000,0.000076,0.000042,0.000000,0.000005,0.000000,0.000029
571.470000,0.000076,0.000009,0.000000,0.000012,0.000009,0.000047
571.569000,0.000076,0.000016,0.000000,0.000011,0.000001,0.000049
571.700000,0.000076,0.000025,0.000002,0.000004,0.000022,0.000022
571.777000,0.000076,0.000031,0.000001,0.000001,0.000019,0.000024
572.093000,0.000076,0.000007,0.000000,0.000000,0.000018,0.000051
572.121000,0.000076,0.000006,0.000000,0.000000,0.000034,0.000036
572.123000,0.000076,0.000017,0.000002,0.000019,0.000036,0.000002
572.126000,0.000076,0.000014,0.000001,0.000016,0.000038,0.000008
572.157000,0.000076,0.000038,0.000000,0.000015,0.000000,0.000023
572.200000,0.000076,0.000004,0.000000,0.000006,0.000052,0.000013
572.317000,0.000076,0.000015,0.000000,0.000011,0.000050,0.000001
572.387000,0.000076,0.000014,0.000001,0.000001,0.000031,0.000030
572.414000,0.000076,0.000051,0.000000,0.000004,0.000002,0.000018
572.482000,0.000076,0.000020,0.000003,0.000003,0.000029,0.000020
572.483000,0.000076,0.000026,0.000001,0.000005,0.000016,0.000028
572.501000,0.000076,0.000016,0.000002,0.000007,0.000023,0.000028
572.610000,0.000076,0.000029,0.000002,0.000009,0.000019,0.000016
572.651000,0.000076,0.000025,0.000001,0.000007,0.000044,0.000000
572.786000,0.000076,0.000015,0.000003,0.000012,0.000000,0.000046
573.152000,0.000076,0.000018,0.000000,0.000009,0.000021,0.000028
573.167000,0.000076,0.000038,0.000000,0.000002,0.000003,0.000034
573.385000,0.000076,0.000013,0.000002,0.000008,0.000027,0.000025
573.395000,0.000076,0.000006,0.000000,0.000007,0.000010,0.000053
573.415000,0.000076,0.000012,0.000000,0.000018,0.000019,0.000027
573.624000,0.000076,0.000018,0.000000,0.000005,0.000016,0.000038
573.644000,0.000076,0.000005,0.000003,0.000008,0.000009,0.000051
573.818000,0.000076,0.000013,0.000001,0.000020,0.000000,0.000042
573.822000,0.000076,0.000033,0.000000,0.000002,0.000016,0.000025
573.828000,0.000076,0.000018,0.000000,0.000006,0.000051,0.000001
573.868000,0.000076,0.000017,0.000000,0.000019,0.000038,0.000002
573.875000,0.000076,0.000013,0.000000,0.000005,0.000012,0.000046
574.073000,0.000076,0.000009,0.000000,0.000022,0.000001,0.000045
574.121000,0.000076,0.000013,0.000000,0.000005,0.000011,0.000047
574.168000,0.000076,0.000016,0.000000,0.000009,0.000023,0.000028
574.337000,0.000076,0.000032,0.000000,0.000010,0.000008,0.000026
574.383000,0.000076,0.000045,0.000000,0.000005,0.000002,0.000024
574.434000,0.000076,0.000018,0.000000,0.000009,0.000002,0.000047
574.543000,0.000076,0.000013,0.000001,0.000016,0.000001,0.000046
574.574000,0.000076,0.000029,0.000003,0.000008,0.000028,0.000008
574.661000,0.000076,0.000009,0.000000,0.000022,0.000000,0.000045
574.668000,0.000076,0.000035,0.000001,0.000003,0.000004,0.000033
574.671000,0.000076,0.000036,0.000002,0.000006,0.000003,0.000030
574.684000,0.000076,0.000017,0.000000,0.000019,0.000021,0.000020
574.733000,0.000076,0.000041,0.000000,0.000002,0.000001,0.000033
574.770000,0.000076,0.000045,0.000000,0.000000,0.000013,0.000017
574.853000,0.000076,0.000020,0.000000,0.000004,0.000013,0.000039
575.106000,0.000076,0.000025,0.000000,0.000009,0.000031,0.000011
575.134000,0.000076,0.000014,0.000000,0.000006,0.000029,0.000027
575.265000,0.000076,0.000042,0.000000,0.000005,0.000001,0.000029
575.362000,0.000076,0.000042,0.000000,0.000010,0.000003,0.000022
575.418000,0.000076,0.000044,0.000001,0.000000,0.000017,0.000013
575.458000,0.000076,0.000051,0.000000,0.000001,0.000014,0.000010
575.544000,0.000076,0.000011,0.000001,0.000006,0.000019,0.000040
575.625000,0.000076,0.000020,0.000000,0.000002,0.000024,0.000030
575.698000,0.000076,0.000016,0.000003,0.000000,0.000028,0.000029
575.721000,0.000076,0.000004,0.000000,0.000002,0.000050,0.000020
575.727000,0.000076,0.000018,0.000000,0.000012,0.000021,0.000026
575.758000,0.000076,0.000024,0.000000,0.000010,0.000016,0.000027
575.778000,0.000076,0.000018,0.000001,0.000011,0.000020,0.000026
575.828000,0.000076,0.000015,0.000000,0.000015,0.000003,0.000043
575.831000,0.000076,0.000020,0.000001,0.000004,0.000012,0.000038
575.850000,0.000076,0.000031,0.000002,0.000004,0.000019,0.000020
576.021000,0.000076,0.000034,0.000000,0.000003,0.000006,0.000033
576.141000,0.000076,0.000038,0.000000,0.000003,0.000000,0.000035
576.147000,0.000076,0.000027,0.000000,0.000006,0.000015,0.000028
576.314000,0.000076,0.000033,0.000001,0.000011,0.000014,0.000017
576.322000,0.000076,0.000020,0.000001,0.000000,0.000025,0.000030
576.342000,0.000076,0.000011,0.000000,0.000019,0.000003,0.000042
576.444000,0.000076,0.000011,0.000003,0.000003,0.000031,0.000029
576.523000,0.000076,0.000017,0.000000,0.000019,0.000035,0.000005
576.584000,0.000076,0.000020,0.000000,0.000007,0.000022,0.000026
576.627000,0.000076,0.000008,0.000000,0.000017,0.000004,0.000046
576.634000,0.000076,0.000048,0.000000,0.000002,0.000016,0.000009
576.677000,0.000076,0.000020,0.000001,0.000002,0.000025,0.000027
576.687000,0.000076,0.000026,0.000001,0.000004,0.000033,0.000012
576.790000,0.000076,0.000041,0.000000,0.000004,0.000022,0.000009
576.894000,0.000076,0.000037,0.000000,0.000016,0.000001,0.000023
576.975000,0.000076,0.000038,0.000002,0.000012,0.000007,0.000017
577.088000,0.000076,0.000047,0.000000,0.000000,0.000013,0.000016
577.136000,0.000076,0.000010,0.000000,0.000017,0.000000,0.000049
577.407000,0.000076,0.000036,0.000000,0.000001,0.000013,0.000026
577.454000,0.000076,0.000045,0.000001,0.000003,0.000002,0.000025
577.756000,0.000076,0.000028,0.000000,0.000009,0.000028,0.000011
577.817000,0.000076,0.000054,0.000000,0.000002,0.000001,0.000019
577.912000,0.000076,0.000014,0.000000,0.000003,0.000020,0.000039
577.988000,0.000076,0.000032,0.000000,0.000015,0.000012,0.000018
578.002000,0.000076,0.000038,0.000000,0.000012,0.000012,0.000014
578.022000,0.000076,0.000028,0.000000,0.000017,0.000016,0.000016
578.028000,0.000076,0.000015,0.000000,0.000002,0.000018,0.000041
578.193000,0.000076,0.000007,0.000000,0.000009,0.000010,0.000051
578.413000,0.000076,0.000040,0.000000,0.000002,0.000009,0.000026
578.441000,0.000076,0.000013,0.000000,0.000004,0.000028,0.000031
578.578000,0.000076,0.000004,0.000001,0.000008,0.000052,0.000011
578.712000,0.000152,0.000026,0.000000,0.000016,0.000040,0.000070
578.726000,0.000076,0.000020,0.000001,0.000006,0.000006,0.000043
578.794000,0.000076,0.000004,0.000001,0.000002,0.000046,0.000022
578.931000,0.000076,0.000002,0.000001,0.000006,0.000013,0.000053
578.999000,0.000076,0.000010,0.000000,0.000018,0.000021,0.000027
579.078000,0.000076,0.000036,0.000000,0.000019,0.000018,0.000003
579.123000,0.000076,0.000019,0.000001,0.000016,0.000022,0.000018
579.124000,0.000076,0.000041,0.000000,0.000000,0.000016,0.000019
579.220000,0.000076,0.000015,0.000000,0.000009,0.000050,0.000002
579.306000,0.000076,0.000003,0.000001,0.000019,0.000008,0.000045
579.804000,0.000076,0.000037,0.000005,0.000016,0.000006,0.000012
579.842000,0.000076,0.000017,0.000000,0.000006,0.000015,0.000038
579.940000,0.000076,0.000048,0.000000,0.000007,0.000008,0.000013
579.946000,0.000076,0.000008,0.000002,0.000009,0.000025,0.000032
579.979000,0.000076,0.000021,0.000001,0.000009,0.000023,0.000022
580.010000,0.000076,0.000013,0.000000,0.000015,0.000006,0.000042
580.030000,0.000076,0.000005,0.000000,0.000001,0.000032,0.000038
580.255000,0.000076,0.000037,0.000000,0.000017,0.000007,0.000014
580.393000,0.000076,0.000042,0.000000,0.000008,0.000013,0.000013
580.508000,0.000076,0.000022,0.000001,0.000006,0.000026,0.000021
580.604000,0.000076,0.000044,0.000001,0.000003,0.000020,0.000008
580.738000,0.000076,0.000011,0.000002,0.000000,0.000033,0.000030
580.775000,0.000076,0.000010,0.000001,0.000020,0.000019,0.000027
580.942000,0.000076,0.000052,0.000000,0.000002,0.000003,0.000020
580.943000,0.000076,0.000012,0.000001,0.000010,0.000016,0.000038
580.954000,0.000076,0.000038,0.000000,0.000002,0.000002,0.000034
581.146000,0.000076,0.000019,0.000000,0.000011,0.000024,0.000023
581.344000,0.000076,0.000052,0.000001,0.000003,0.000002,0.000017
581.409000,0.000076,0.000026,0.000003,0.000004,0.000023,0.000021
581.457000,0.000076,0.000031,0.000000,0.000014,0.000012,0.000018
581.500000,0.000076,0.000004,0.000001,0.000002,0.000046,0.000024
581.546000,0.000076,0.000040,0.000000,0.000002,0.000009,0.000025
581.555000,0.000076,0.000015,0.000000,0.000018,0.000000,0.000043
581.691000,0.000076,0.000028,0.000000,0.000000,0.000023,0.000024
581.762000,0.000076,0.000021,0.000000,0.000003,0.000024,0.000028
581.909000,0.000076,0.000032,0.000001,0.000004,0.000017,0.000022
581.941000,0.000076,0.000005,0.000000,0.000008,0.000008,0.000055
582.001000,0.000076,0.000049,0.000000,0.000005,0.000006,0.000017
582.085000,0.000076,0.000040,0.000005,0.000014,0.000017,0.000000
582.103000,0.000076,0.000028,0.000001,0.000010,0.000020,0.000018
582.202000,0.000076,0.000026,0.000000,0.000010,0.000010,0.000030
582.209000,0.000076,0.000045,0.000001,0.000000,0.000018,0.000012
582.238000,0.000076,0.000028,0.000000,0.000007,0.000020,0.000021
582.298000,0.000076,0.000036,0.000003,0.000012,0.000020,0.000005
582.348000,0.000076,0.000017,0.000000,0.000006,0.000051,0.000002
582.356000,0.000076,0.000048,0.000000,0.000003,0.000015,0.000010
582.486000,0.000076,0.000038,0.000006,0.000009,0.000006,0.000018
582.496000,0.000076,0.000003,0.000001,0.000000,0.000014,0.000058
582.644000,0.000076,0.000043,0.000000,0.000003,0.000020,0.000011
582.763000,0.000076,0.000020,0.000000,0.000004,0.000025,0.000027
582.860000,0.000076,0.000016,0.000004,0.000008,0.000015,0.000033
582.919000,0.000076,0.000019,0.000001,0.000008,0.000028,0.000020
582.929000,0.000076,0.000032,0.000000,0.000005,0.000006,0.000033
582.942000,0.000076,0.000012,0.000000,0.000005,0.000027,0.000033
582.969000,0.000076,0.000013,0.000000,0.000004,0.000026,0.000034
583.002000,0.000076,0.000046,0.000002,0.000002,0.000018,0.000008
583.179000,0.000076,0.000029,0.000000,0.000009,0.000021,0.000017
583.181000,0.000076,0.000002,0.000004,0.000009,0.000051,0.000009
583.341000,0.000076,0.000021,0.000000,0.000006,0.000024,0.000024
583.342000,0.000076,0.000021,0.000002,0.000007,0.000026,0.000019
583.350000,0.000076,0.000029,0.000000,0.000003,0.000026,0.000017
583.461000,0.000076,0.000033,0.000001,0.000001,0.000011,0.000029
583.505000,0.000076,0.000013,0.000000,0.000000,0.000032,0.000031
583.620000,0.000076,0.000013,0.000000,0.000016,0.000002,0.000046
583.737000,0.000076,0.000012,0.000000,0.000010,0.000031,0.000023
583.894000,0.000076,0.000033,0.000001,0.000009,0.000010,0.000023
583.980000,0.000076,0.000016,0.000000,0.000009,0.000021,0.000030
584.051000,0.000076,0.000013,0.000000,0.000002,0.000011,0.000050
584.156000,0.000076,0.000005,0.000001,0.000008,0.000043,0.000019
584.455000,0.000076,0.000040,0.000000,0.000000,0.000017,0.000019
584.516000,0.000076,0.000033,0.000000,0.000007,0.000019,0.000017
584.527000,0.000076,0.000019,0.000000,0.000004,0.000026,0.000028
584.576000,0.000076,0.000021,0.000000,0.000011,0.000024,0.000020
584.674000,0.000076,0.000045,0.000001,0.000001,0.000012,0.000017
584.695000,0.000076,0.000003,0.000003,0.000007,0.000046,0.000017
584.753000,0.000076,0.000011,0.000000,0.000005,0.000029,0.000031
584.832000,0.000076,0.000016,0.000003,0.000015,0.000001,0.000041
584.841000,0.000076,0.000020,0.000002,0.000002,0.000024,0.000028
585.220000,0.000076,0.000026,0.000000,0.000018,0.000014,0.000018
585.284000,0.000076,0.000019,0.000003,0.000006,0.000006,0.000043
585.286000,0.000076,0.000044,0.000000,0.000006,0.000013,0.000013
585.295000,0.000076,0.000015,0.000000,0.000011,0.000043,0.000008
585.303000,0.000076,0.000034,0.000000,0.000003,0.000006,0.000033
585.370000,0.000076,0.000005,0.000001,0.000011,0.000010,0.000049
585.474000,0.000076,0.000025,0.000002,0.000011,0.000013,0.000025
585.588000,0.000076,0.000031,0.000003,0.000006,0.000023,0.000013
585.618000,0.000076,0.000006,0.000003,0.000006,0.000008,0.000053
585.623000,0.000076,0.000026,0.000002,0.000007,0.000041,0.000000
585.677000,0.000076,0.000010,0.000001,0.000009,0.000009,0.000046
585.689000,0.000076,0.000013,0.000001,0.000002,0.000027,0.000034
585.758000,0.000076,0.000014,0.000002,0.000015,0.000003,0.000042
585.932000,0.000152,0.000030,0.000002,0.000017,0.000053,0.000049
585.956000,0.000076,0.000039,0.000000,0.000004,0.000001,0.000033
586.119000,0.000076,0.000026,0.000000,0.000006,0.000044,0.000000
586.125000,0.000076,0.000007,0.000000,0.000006,0.000008,0.000055
586.127000,0.000076,0.000028,0.000000,0.000001,0.000005,0.000042
586.164000,0.000076,0.000017,0.000000,0.000012,0.000021,0.000027
586.227000,0.000076,0.000028,0.000003,0.000004,0.000023,0.000018
586.262000,0.000076,0.000018,0.000000,0.000012,0.000026,0.000020
586.398000,0.000076,0.000025,0.000000,0.000009,0.000024,0.000018
586.641000,0.000076,0.000023,0.000000,0.000011,0.000032,0.000010
586.836000,0.000076,0.000002,0.000000,0.000009,0.000049,0.000016
586.866000,0.000076,0.000031,0.000000,0.000000,0.000008,0.000037
586.940000,0.000076,0.000045,0.000001,0.000007,0.000011,0.000013
586.997000,0.000076,0.000012,0.000000,0.000000,0.000032,0.000033
587.096000,0.000076,0.000013,0.000000,0.000006,0.000011,0.000047
587.178000,0.000076,0.000018,0.000001,0.000002,0.000019,0.000037
587.220000,0.000076,0.000025,0.000000,0.000010,0.000027,0.000013
587.227000,0.000076,0.000016,0.000006,0.000012,0.000040,0.000003
587.243000,0.000076,0.000010,0.000000,0.000010,0.000029,0.000027
587.280000,0.000076,0.000036,0.000000,0.000001,0.000012,0.000027
587.302000,0.000076,0.000002,0.000000,0.000005,0.000016,0.000054
587.310000,0.000076,0.000013,0.000001,0.000000,0.000032,0.000030
587.325000,0.000076,0.000030,0.000000,0.000009,0.000014,0.000023
587.329000,0.000076,0.000006,0.000000,0.000004,0.000047,0.000019
587.390000,0.000076,0.000003,0.000000,0.000007,0.000051,0.000015
587.425000,0.000076,0.000008,0.000001,0.000007,0.000037,0.000023
587.474000,0.000076,0.000015,0.000000,0.000011,0.000041,0.000008
587.539000,0.000152,0.000025,0.000001,0.000005,0.000034,0.000087
587.684000,0.000076,0.000033,0.000000,0.000008,0.000009,0.000026
587.770000,0.000076,0.000026,0.000001,0.000010,0.000022,0.000017
587.856000,0.000076,0.000012,0.000000,0.000003,0.000012,0.000049
587.867000,0.000076,0.000021,0.000000,0.000016,0.000020,0.000020
588.021000,0.000076,0.000044,0.000000,0.000002,0.000015,0.000014
588.140000,0.000076,0.000009,0.000000,0.000065,0.000002,0.000001
588.263000,0.000076,0.000018,0.000001,0.000003,0.000025,0.000029
588.317000,0.000076,0.000046,0.000000,0.000001,0.000009,0.000021
588.451000,0.000076,0.000002,0.000001,0.000009,0.000050,0.000014
588.471000,0.000076,0.000010,0.000003,0.000015,0.000001,0.000048
588.551000,0.000076,0.000013,0.000000,0.000010,0.000006,0.000047
588.702000,0.000076,0.000007,0.000000,0.000011,0.000009,0.000049
588.918000,0.000076,0.000019,0.000003,0.000008,0.000020,0.000026
589.176000,0.000076,0.000018,0.000000,0.000009,0.000022,0.000027
589.283000,0.000076,0.000008,0.000002,0.000012,0.000010,0.000045
589.302000,0.000076,0.000001,0.000001,0.000006,0.000013,0.000056
589.644000,0.000076,0.000044,0.000000,0.000007,0.000008,0.000017
589.664000,0.000076,0.000008,0.000000,0.000011,0.000010,0.000046
589.921000,0.000076,0.000014,0.000000,0.000003,0.000019,0.000040
589.922000,0.000076,0.000015,0.000000,0.000009,0.000050,0.000002
590.079000,0.000076,0.000018,0.000002,0.000018,0.000019,0.000019
590.169000,0.000076,0.000011,0.000000,0.000013,0.000002,0.000050
590.230000,0.000076,0.000027,0.000000,0.000002,0.000019,0.000027
590.266000,0.000076,0.000005,0.000001,0.000001,0.000011,0.000057
590.303000,0.000076,0.000021,0.000000,0.000015,0.000021,0.000019
590.328000,0.000076,0.000012,0.000000,0.000005,0.000025,0.000034
590.339000,0.000076,0.000005,0.000000,0.000002,0.000046,0.000023
590.371000,0.000076,0.000030,0.000000,0.000006,0.000020,0.000020
590.630000,0.000076,0.000013,0.000000,0.000003,0.000023,0.000037
590.655000,0.000076,0.000031,0.000000,0.000000,0.000007,0.000038
590.782000,0.000076,0.000018,0.000000,0.000017,0.000020,0.000021
590.815000,0.000076,0.000043,0.000000,0.000005,0.000000,0.000028
590.859000,0.000076,0.000035,0.000003,0.000004,0.000002,0.000032
591.058000,0.000076,0.000017,0.000001,0.000006,0.000053,0.000000
591.187000,0.000076,0.000006,0.000003,0.000008,0.000010,0.000049
591.193000,0.000076,0.000009,0.000000,0.000065,0.000001,0.000002
591.365000,0.000076,0.000017,0.000003,0.000019,0.000032,0.000005
591.391000,0.000076,0.000025,0.000002,0.000011,0.000029,0.000010
591.411000,0.000076,0.000007,0.000000,0.000010,0.000020,0.000039
591.566000,0.000076,0.000037,0.000001,0.000011,0.000012,0.000015
591.572000,0.000076,0.000009,0.000000,0.000005,0.000013,0.000049
591.713000,0.000076,0.000011,0.000001,0.000009,0.000028,0.000027
591.815000,0.000076,0.000033,0.000000,0.000000,0.000006,0.000037
591.875000,0.000076,0.000003,0.000002,0.000017,0.000029,0.000025
591.878000,0.000076,0.000019,0.000000,0.000000,0.000020,0.000036
592.070000,0.000076,0.000021,0.000000,0.000013,0.000014,0.000028
592.083000,0.000076,0.000012,0.000000,0.000000,0.000006,0.000058
592.085000,0.000076,0.000031,0.000000,0.000017,0.000014,0.000015
592.224000,0.000076,0.000023,0.000002,0.000007,0.000015,0.000029
592.230000,0.000076,0.000022,0.000002,0.000011,0.000030,0.000011
592.292000,0.000076,0.000046,0.000000,0.000000,0.000011,0.000019
592.322000,0.000076,0.000006,0.000000,0.000006,0.000012,0.000051
592.351000,0.000076,0.000014,0.000000,0.000000,0.000030,0.000031
592.393000,0.000076,0.000017,0.000001,0.000008,0.000023,0.000026
592.647000,0.000076,0.000008,0.000001,0.000011,0.000010,0.000045
592.711000,0.000076,0.000018,0.000000,0.000014,0.000023,0.000021
592.755000,0.000076,0.000038,0.000000,0.000017,0.000006,0.000016
592.850000,0.000076,0.000010,0.000000,0.000064,0.000001,0.000001
592.970000,0.000076,0.000015,0.000000,0.000018,0.000021,0.000022
592.984000,0.000076,0.000016,0.000002,0.000009,0.000021,0.000029
593.160000,0.000076,0.000028,0.000000,0.000016,0.000014,0.000018
593.181000,0.000076,0.000015,0.000000,0.000000,0.000028,0.000033
593.189000,0.000076,0.000018,0.000000,0.000016,0.000000,0.000042
593.448000,0.000076,0.000027,0.000001,0.000005,0.000015,0.000028
593.449000,0.000076,0.000011,0.000000,0.000001,0.000028,0.000035
593.535000,0.000076,0.000036,0.000000,0.000004,0.000000,0.000036
593.596000,0.000076,0.000019,0.000000,0.000000,0.000021,0.000036
593.640000,0.000076,0.000026,0.000003,0.000002,0.000018,0.000027
593.788000,0.000076,0.000033,0.000000,0.000002,0.000003,0.000037
593.884000,0.000076,0.000039,0.000000,0.000001,0.000014,0.000021
593.937000,0.000076,0.000045,0.000001,0.000008,0.000010,0.000014
594.039000,0.000076,0.000004,0.000002,0.000001,0.000047,0.000023
594.051000,0.000076,0.000030,0.000000,0.000005,0.000012,0.000030
594.174000,0.000076,0.000043,0.000000,0.000007,0.000013,0.000013
594.400000,0.000076,0.000006,0.000001,0.000003,0.000046,0.000021
594.408000,0.000076,0.000025,0.000000,0.000026,0.000026,0.000000
594.508000,0.000076,0.000024,0.000000,0.000006,0.000015,0.000031
594.623000,0.000076,0.000004,0.000000,0.000005,0.000015,0.000052
594.645000,0.000076,0.000013,0.000001,0.000001,0.000027,0.000034
594.878000,0.000076,0.000032,0.000000,0.000004,0.000007,0.000034
595.288000,0.000076,0.000012,0.000000,0.000010,0.000030,0.000024
595.429000,0.000076,0.000038,0.000000,0.000004,0.000001,0.000033
595.434000,0.000076,0.000019,0.000000,0.000002,0.000017,0.000038
595.688000,0.000076,0.000017,0.000000,0.000002,0.000018,0.000038
595.718000,0.000076,0.000025,0.000000,0.000010,0.000024,0.000017
595.830000,0.000076,0.000052,0.000001,0.000003,0.000002,0.000018
595.872000,0.000076,0.000035,0.000000,0.000006,0.000007,0.000028
596.144000,0.000076,0.000025,0.000000,0.000006,0.000044,0.000001
596.232000,0.000076,0.000012,0.000000,0.000058,0.000005,0.000000
596.241000,0.000076,0.000008,0.000000,0.000006,0.000010,0.000052
596.360000,0.000076,0.000009,0.000001,0.000019,0.000020,0.000026
596.521000,0.000076,0.000014,0.000000,0.000001,0.000026,0.000035
596.583000,0.000076,0.000013,0.000000,0.000000,0.000031,0.000032
596.612000,0.000076,0.000013,0.000002,0.000000,0.000026,0.000035
596.838000,0.000152,0.000040,0.000000,0.000010,0.000052,0.000050
596.885000,0.000076,0.000055,0.000000,0.000001,0.000000,0.000020
597.035000,0.000076,0.000055,0.000000,0.000001,0.000000,0.000019
597.222000,0.000076,0.000011,0.000001,0.000015,0.000002,0.000047
597.258000,0.000076,0.000027,0.000000,0.000001,0.000006,0.000042
597.479000,0.000076,0.000005,0.000000,0.000006,0.000014,0.000051
597.583000,0.000076,0.000009,0.000000,0.000015,0.000007,0.000046
597.751000,0.000076,0.000009,0.000001,0.000002,0.000028,0.000036
597.914000,0.000076,0.000039,0.000000,0.000005,0.000000,0.000033
597.946000,0.000076,0.000008,0.000000,0.000004,0.000010,0.000054
598.007000,0.000076,0.000011,0.000001,0.000019,0.000003,0.000042
598.022000,0.000076,0.000033,0.000000,0.000004,0.000005,0.000033
598.074000,0.000076,0.000012,0.000001,0.000004,0.000033,0.000027
598.270000,0.000076,0.000012,0.000000,0.000004,0.000027,0.000032
598.308000,0.000076,0.000027,0.000000,0.000009,0.000027,0.000013
598.320000,0.000076,0.000013,0.000000,0.000002,0.000029,0.000033
598.374000,0.000076,0.000031,0.000001,0.000005,0.000006,0.000034
598.410000,0.000076,0.000004,0.000001,0.000009,0.000021,0.000040
598.604000,0.000076,0.000020,0.000000,0.000011,0.000020,0.000026
598.616000,0.000076,0.000033,0.000003,0.000003,0.000005,0.000032
598.633000,0.000076,0.000046,0.000001,0.000002,0.000013,0.000014
598.720000,0.000076,0.000008,0.000000,0.000016,0.000006,0.000046
598.846000,0.000076,0.000020,0.000000,0.000014,0.000020,0.000022
598.911000,0.000076,0.000053,0.000000,0.000003,0.000004,0.000017
599.010000,0.000076,0.000044,0.000000,0.000009,0.000008,0.000016
599.096000,0.000076,0.000026,0.000000,0.000001,0.000007,0.000042
599.109000,0.000076,0.000031,0.000001,0.000004,0.000003,0.000037
599.447000,0.000076,0.000013,0.000001,0.000000,0.000031,0.000031
599.450000,0.000076,0.000024,0.000000,0.000004,0.000046,0.000001
599.453000,0.000076,0.000014,0.000000,0.000005,0.000029,0.000028
599.488000,0.000076,0.000013,0.000000,0.000003,0.000011,0.000048
599.537000,0.000076,0.000016,0.000001,0.000001,0.000021,0.000038
599.615000,0.000076,0.000026,0.000000,0.000009,0.000024,0.000017
599.769000,0.000076,0.000029,0.000001,0.000002,0.000018,0.000027
599.834000,0.000076,0.000043,0.000000,0.000006,0.000007,0.000019
599.891000,0.000076,0.000051,0.000000,0.000002,0.000006,0.000018
600.008000,0.000076,0.000018,0.000001,0.000012,0.000020,0.000025
600.047000,0.000076,0.000007,0.000001,0.000008,0.000012,0.000047
600.048000,0.000076,0.000039,0.000000,0.000000,0.000013,0.000024
600.235000,0.000076,0.000009,0.000000,0.000014,0.000005,0.000048
600.332000,0.000076,0.000035,0.000000,0.000018,0.000007,0.000016
600.357000,0.000076,0.000036,0.000001,0.000009,0.000012,0.000018
600.612000,0.000076,0.000019,0.000000,0.000012,0.000021,0.000024
600.760000,0.000076,0.000012,0.000000,0.000058,0.000006,0.000000
600.978000,0.000076,0.000036,0.000000,0.000000,0.000004,0.000037
601.205000,0.000076,0.000029,0.000000,0.000007,0.000019,0.000021
601.233000,0.000076,0.000010,0.000002,0.000010,0.000008,0.000046
601.353000,0.000076,0.000017,0.000001,0.000002,0.000027,0.000029
601.604000,0.000076,0.000013,0.000000,0.000014,0.000005,0.000044
601.829000,0.000076,0.000023,0.000004,0.000012,0.000020,0.000018
601.916000,0.000076,0.000018,0.000001,0.000007,0.000005,0.000045
602.024000,0.000076,0.000044,0.000001,0.000001,0.000016,0.000014
602.161000,0.000076,0.000024,0.000000,0.000012,0.000021,0.000019
602.209000,0.000076,0.000017,0.000000,0.000015,0.000022,0.000022
602.251000,0.000076,0.000009,0.000000,0.000064,0.000001,0.000002
602.289000,0.000076,0.000037,0.000000,0.000009,0.000013,0.000016
602.324000,0.000076,0.000036,0.000000,0.000001,0.000011,0.000029
602.401000,0.000076,0.000014,0.000000,0.000002,0.000027,0.000033
602.417000,0.000076,0.000018,0.000000,0.000002,0.000024,0.000032
602.740000,0.000076,0.000002,0.000001,0.000005,0.000015,0.000052
602.811000,0.000076,0.000012,0.000000,0.000013,0.000007,0.000045
602.897000,0.000076,0.000026,0.000002,0.000018,0.000013,0.000019
602.986000,0.000076,0.000025,0.000004,0.000008,0.000021,0.000018
603.240000,0.000076,0.000013,0.000000,0.000001,0.000027,0.000035
603.272000,0.000076,0.000012,0.000000,0.000010,0.000029,0.000025
603.280000,0.000076,0.000023,0.000001,0.000014,0.000011,0.000027
603.391000,0.000076,0.000004,0.000000,0.000002,0.000054,0.000016
603.433000,0.000076,0.000005,0.000000,0.000009,0.000021,0.000041
603.480000,0.000076,0.000011,0.000000,0.000014,0.000002,0.000049
603.481000,0.000076,0.000025,0.000000,0.000025,0.000025,0.000001
603.517000,0.000076,0.000047,0.000000,0.000001,0.000009,0.000018
603.719000,0.000076,0.000030,0.000000,0.000006,0.000019,0.000021
603.866000,0.000076,0.000008,0.000000,0.000011,0.000010,0.000048
603.905000,0.000076,0.000003,0.000001,0.000004,0.000012,0.000055
604.071000,0.000076,0.000037,0.000000,0.000001,0.000009,0.000029
604.138000,0.000076,0.000029,0.000000,0.000007,0.000027,0.000013
604.229000,0.000076,0.000039,0.000001,0.000001,0.000016,0.000019
604.268000,0.000076,0.000039,0.000000,0.000002,0.000010,0.000025
604.272000,0.000076,0.000025,0.000001,0.000002,0.000006,0.000042
604.302000,0.000076,0.000047,0.000001,0.000001,0.000009,0.000018
604.361000,0.000076,0.000036,0.000002,0.000012,0.000010,0.000016
604.379000,0.000076,0.000027,0.000001,0.000001,0.000006,0.000042
604.417000,0.000076,0.000023,0.000001,0.000007,0.000015,0.000031
604.433000,0.000076,0.000028,0.000002,0.000010,0.000019,0.000019
604.489000,0.000076,0.000013,0.000000,0.000057,0.000006,0.000000
604.585000,0.000076,0.000010,0.000002,0.000015,0.000004,0.000045
604.868000,0.000076,0.000011,0.000000,0.000013,0.000008,0.000044
604.891000,0.000076,0.000031,0.000001,0.000006,0.000019,0.000020
604.987000,0.000076,0.000042,0.000002,0.000007,0.000008,0.000017
605.061000,0.000076,0.000034,0.000000,0.000007,0.000007,0.000027
605.715000,0.000076,0.000034,0.000000,0.000004,0.000027,0.000012
605.763000,0.000076,0.000015,0.000001,0.000016,0.000022,0.000021
605.804000,0.000076,0.000009,0.000000,0.000065,0.000002,0.000001
605.980000,0.000076,0.000013,0.000001,0.000002,0.000029,0.000031
605.989000,0.000076,0.000037,0.000000,0.000009,0.000014,0.000016
606.013000,0.000076,0.000013,0.000004,0.000002,0.000027,0.000030
606.156000,0.000076,0.000032,0.000000,0.000004,0.000002,0.000038
606.183000,0.000076,0.000011,0.000002,0.000014,0.000005,0.000045
606.251000,0.000076,0.000012,0.000001,0.000019,0.000002,0.000042
606.288000,0.000152,0.000017,0.000000,0.000066,0.000032,0.000036
606.356000,0.000076,0.000007,0.000000,0.000057,0.000012,0.000000
606.390000,0.000076,0.000008,0.000001,0.000004,0.000014,0.000048
606.392000,0.000076,0.000036,0.000000,0.000004,0.000003,0.000033
606.622000,0.000076,0.000015,0.000001,0.000000,0.000028,0.000032
606.701000,0.000076,0.000018,0.000001,0.000056,0.000001,0.000000
606.730000,0.000076,0.000003,0.000000,0.000007,0.000052,0.000014
606.858000,0.000076,0.000018,0.000000,0.000002,0.000027,0.000029
606.989000,0.000076,0.000015,0.000000,0.000011,0.000021,0.000029
607.030000,0.000076,0.000027,0.000001,0.000006,0.000021,0.000021
607.168000,0.000076,0.000027,0.000000,0.000006,0.000010,0.000032
607.260000,0.000076,0.000010,0.000000,0.000013,0.000009,0.000044
607.384000,0.000076,0.000041,0.000000,0.000001,0.000017,0.000017
607.656000,0.000076,0.000037,0.000000,0.000001,0.000010,0.000028
607.707000,0.000076,0.000018,0.000000,0.000003,0.000017,0.000038
607.832000,0.000076,0.000006,0.000000,0.000002,0.000049,0.000019
607.932000,0.000152,0.000069,0.000001,0.000011,0.000012,0.000059
607.948000,0.000076,0.000012,0.000000,0.000010,0.000029,0.000025
608.012000,0.000076,0.000031,0.000000,0.000005,0.000006,0.000034
608.014000,0.000076,0.000018,0.000000,0.000001,0.000027,0.000029
608.086000,0.000076,0.000032,0.000001,0.000004,0.000006,0.000032
608.191000,0.000076,0.000029,0.000001,0.000005,0.000014,0.000027
608.201000,0.000076,0.000016,0.000001,0.000008,0.000023,0.000029
608.394000,0.000076,0.000013,0.000002,0.000005,0.000021,0.000036
608.419000,0.000076,0.000013,0.000001,0.000019,0.000000,0.000043
608.646000,0.000076,0.000004,0.000000,0.000001,0.000047,0.000024
608.670000,0.000076,0.000039,0.000000,0.000002,0.000010,0.000025
608.730000,0.000076,0.000013,0.000000,0.000001,0.000030,0.000032
608.790000,0.000076,0.000004,0.000000,0.000004,0.000045,0.000024
608.892000,0.000076,0.000014,0.000000,0.000005,0.000028,0.000029
609.060000,0.000076,0.000020,0.000000,0.000013,0.000017,0.000026
609.398000,0.000076,0.000016,0.000000,0.000010,0.000016,0.000034
609.421000,0.000076,0.000023,0.000000,0.000006,0.000047,0.000001
609.517000,0.000076,0.000013,0.000000,0.000006,0.000029,0.000029
609.534000,0.000076,0.000040,0.000000,0.000001,0.000013,0.000022
609.548000,0.000076,0.000015,0.000000,0.000005,0.000029,0.000028
609.672000,0.000076,0.000012,0.000000,0.000015,0.000002,0.000047
609.732000,0.000076,0.000037,0.000000,0.000016,0.000007,0.000017
609.740000,0.000076,0.000033,0.000000,0.000004,0.000001,0.000038
609.778000,0.000076,0.000016,0.000001,0.000017,0.000020,0.000022
609.781000,0.000076,0.000017,0.000000,0.000001,0.000022,0.000036
609.878000,0.000076,0.000016,0.000000,0.000001,0.000025,0.000034
609.919000,0.000076,0.000018,0.000001,0.000003,0.000016,0.000039
610.039000,0.000076,0.000012,0.000001,0.000010,0.000021,0.000032
610.162000,0.000076,0.000013,0.000000,0.000005,0.000022,0.000037
610.190000,0.000076,0.000007,0.000000,0.000063,0.000005,0.000001
610.211000,0.000076,0.000010,0.000000,0.000015,0.000003,0.000049
610.245000,0.000076,0.000025,0.000002,0.000006,0.000042,0.000001
610.518000,0.000076,0.000008,0.000001,0.000016,0.000005,0.000047
610.530000,0.000076,0.000003,0.000001,0.000002,0.000047,0.000023
610.561000,0.000076,0.000008,0.000000,0.000057,0.000010,0.000000
610.664000,0.000076,0.000029,0.000001,0.000007,0.000017,0.000022
610.672000,0.000076,0.000040,0.000003,0.000003,0.000009,0.000021
610.708000,0.000076,0.000006,0.000000,0.000006,0.000013,0.000051
610.848000,0.000076,0.000037,0.000000,0.000016,0.000006,0.000017
610.910000,0.000076,0.000012,0.000001,0.000005,0.000030,0.000028
611.080000,0.000076,0.000028,0.000001,0.000010,0.000015,0.000022
611.145000,0.000076,0.000016,0.000001,0.000004,0.000028,0.000027
611.440000,0.000076,0.000021,0.000000,0.000016,0.000019,0.000020
611.508000,0.000076,0.000024,0.000001,0.000012,0.000020,0.000018
611.533000,0.000076,0.000015,0.000001,0.000012,0.000041,0.000007
611.666000,0.000076,0.000034,0.000001,0.000013,0.000013,0.000015
611.828000,0.000076,0.000029,0.000001,0.000015,0.000015,0.000016
611.832000,0.000076,0.000040,0.000000,0.000002,0.000009,0.000025
611.872000,0.000076,0.000046,0.000000,0.000000,0.000014,0.000016
612.033000,0.000076,0.000016,0.000000,0.000002,0.000028,0.000029
612.055000,0.000076,0.000012,0.000000,0.000000,0.000031,0.000033
612.061000,0.000076,0.000023,0.000001,0.000011,0.000027,0.000013
612.204000,0.000076,0.000010,0.000000,0.000010,0.000011,0.000045
612.231000,0.000076,0.000010,0.000001,0.000062,0.000002,0.000000
612.263000,0.000076,0.000039,0.000001,0.000007,0.000012,0.000017
612.328000,0.000076,0.000002,0.000000,0.000003,0.000047,0.000024
612.398000,0.000076,0.000007,0.000001,0.000060,0.000008,0.000000
612.499000,0.000076,0.000033,0.000000,0.000004,0.000005,0.000034
612.647000,0.000076,0.000013,0.000001,0.000011,0.000024,0.000028
612.925000,0.000076,0.000004,0.000000,0.000002,0.000047,0.000023
612.949000,0.000076,0.000006,0.000000,0.000003,0.000048,0.000018
613.037000,0.000076,0.000016,0.000000,0.000056,0.000002,0.000001
613.087000,0.000076,0.000048,0.000000,0.000000,0.000003,0.000025
613.102000,0.000076,0.000009,0.000001,0.000018,0.000004,0.000044
613.124000,0.000076,0.000006,0.000000,0.000010,0.000021,0.000039
613.497000,0.000076,0.000019,0.000000,0.000015,0.000021,0.000021
613.547000,0.000076,0.000012,0.000001,0.000018,0.000003,0.000042
613.550000,0.000076,0.000050,0.000002,0.000002,0.000004,0.000018
613.564000,0.000076,0.000017,0.000000,0.000000,0.000028,0.000032
613.600000,0.000076,0.000014,0.000000,0.000000,0.000028,0.000034
613.630000,0.000076,0.000015,0.000000,0.000056,0.000004,0.000001
613.717000,0.000076,0.000013,0.000000,0.000011,0.000007,0.000044
613.810000,0.000076,0.000007,0.000000,0.000053,0.000013,0.000002
613.856000,0.000076,0.000009,0.000000,0.000002,0.000008,0.000057
613.858000,0.000076,0.000013,0.000000,0.000013,0.000007,0.000043
614.010000,0.000076,0.000011,0.000000,0.000002,0.000006,0.000058
614.047000,0.000076,0.000032,0.000000,0.000004,0.000006,0.000034
614.099000,0.000076,0.000011,0.000000,0.000005,0.000031,0.000029
614.175000,0.000076,0.000024,0.000000,0.000004,0.000045,0.000002
614.177000,0.000076,0.000045,0.000001,0.000000,0.000011,0.000019
614.271000,0.000076,0.000009,0.000000,0.000003,0.000028,0.000036
614.279000,0.000076,0.000009,0.000000,0.000006,0.000031,0.000030
614.423000,0.000076,0.000011,0.000000,0.000009,0.000021,0.000034
614.517000,0.000076,0.000037,0.000000,0.000003,0.000005,0.000031
614.671000,0.000076,0.000032,0.000002,0.000000,0.000006,0.000035
614.683000,0.000076,0.000009,0.000001,0.000048,0.000018,0.000000
614.776000,0.000076,0.000008,0.000001,0.000018,0.000006,0.000044
614.778000,0.000076,0.000033,0.000004,0.000006,0.000008,0.000025
614.786000,0.000076,0.000003,0.000000,0.000004,0.000050,0.000018
614.875000,0.000076,0.000027,0.000003,0.000024,0.000021,0.000000
614.990000,0.000076,0.000037,0.000000,0.000003,0.000005,0.000032
615.048000,0.000076,0.000012,0.000001,0.000004,0.000031,0.000029
615.075000,0.000076,0.000012,0.000000,0.000010,0.000007,0.000047
615.120000,0.000076,0.000038,0.000000,0.000008,0.000012,0.000018
615.157000,0.000076,0.000037,0.000000,0.000001,0.000012,0.000026
615.347000,0.000076,0.000034,0.000000,0.000003,0.000028,0.000011
615.372000,0.000076,0.000010,0.000000,0.000002,0.000033,0.000030
615.512000,0.000076,0.000029,0.000006,0.000006,0.000018,0.000017
615.592000,0.000076,0.000015,0.000000,0.000005,0.000028,0.000028
615.670000,0.000076,0.000035,0.000000,0.000004,0.000011,0.000026
615.671000,0.000076,0.000036,0.000001,0.000006,0.000005,0.000029
615.685000,0.000076,0.000011,0.000005,0.000018,0.000003,0.000039
615.745000,0.000076,0.000009,0.000001,0.000011,0.000012,0.000044
615.869000,0.000076,0.000044,0.000000,0.000001,0.000012,0.000019
615.888000,0.000076,0.000008,0.000000,0.000011,0.000009,0.000048
616.192000,0.000076,0.000003,0.000000,0.000005,0.000046,0.000021
616.251000,0.000076,0.000037,0.000000,0.000002,0.000008,0.000029
616.291000,0.000076,0.000007,0.000000,0.000007,0.000014,0.000048
616.292000,0.000076,0.000018,0.000001,0.000017,0.000020,0.000019
616.422000,0.000076,0.000018,0.000000,0.000019,0.000020,0.000019
616.467000,0.000076,0.000010,0.000000,0.000005,0.000026,0.000036
616.532000,0.000076,0.000040,0.000001,0.000000,0.000009,0.000026
616.846000,0.000076,0.000015,0.000000,0.000005,0.000029,0.000028
616.867000,0.000076,0.000009,0.000000,0.000012,0.000011,0.000044
617.106000,0.000076,0.000002,0.000001,0.000004,0.000054,0.000015
617.213000,0.000076,0.000022,0.000000,0.000001,0.000016,0.000036
617.226000,0.000076,0.000004,0.000001,0.000003,0.000046,0.000022
617.310000,0.000076,0.000009,0.000000,0.000064,0.000002,0.000001
617.341000,0.000076,0.000049,0.000000,0.000000,0.000003,0.000024
617.449000,0.000076,0.000004,0.000000,0.000003,0.000052,0.000017
617.532000,0.000076,0.000030,0.000002,0.000003,0.000015,0.000026
617.614000,0.000076,0.000027,0.000000,0.000010,0.000017,0.000023
617.664000,0.000076,0.000013,0.000002,0.000012,0.000006,0.000044
617.677000,0.000076,0.000013,0.000000,0.000005,0.000022,0.000036
617.729000,0.000076,0.000031,0.000001,0.000006,0.000001,0.000037
617.958000,0.000076,0.000016,0.000001,0.000000,0.000025,0.000033
618.048000,0.000076,0.000038,0.000000,0.000002,0.000008,0.000028
618.366000,0.000076,0.000013,0.000000,0.000019,0.000001,0.000043
618.371000,0.000076,0.000019,0.000001,0.000001,0.000020,0.000036
618.616000,0.000076,0.000040,0.000000,0.000001,0.000013,0.000021
618.964000,0.000076,0.000011,0.000000,0.000002,0.000006,0.000056
619.005000,0.000076,0.000027,0.000000,0.000005,0.000013,0.000032
619.014000,0.000076,0.000020,0.000000,0.000001,0.000015,0.000041
619.193000,0.000076,0.000026,0.000002,0.000003,0.000027,0.000018
619.228000,0.000076,0.000025,0.000002,0.000008,0.000023,0.000018
619.447000,0.000076,0.000009,0.000000,0.000049,0.000017,0.000001
619.537000,0.000076,0.000003,0.000000,0.000001,0.000047,0.000025
619.555000,0.000076,0.000009,0.000000,0.000015,0.000020,0.000032
619.853000,0.000076,0.000013,0.000000,0.000010,0.000011,0.000043
619.918000,0.000076,0.000021,0.000000,0.000010,0.000017,0.000028
620.018000,0.000076,0.000042,0.000000,0.000001,0.000016,0.000017
620.605000,0.000076,0.000024,0.000001,0.000003,0.000016,0.000032
620.611000,0.000076,0.000014,0.000000,0.000008,0.000020,0.000034
620.724000,0.000076,0.000005,0.000000,0.000011,0.000020,0.000039
620.793000,0.000076,0.000013,0.000000,0.000018,0.000001,0.000044
620.960000,0.000076,0.000031,0.000000,0.000006,0.000023,0.000016
621.268000,0.000076,0.000010,0.000002,0.000005,0.000011,0.000049
621.284000,0.000076,0.000010,0.000000,0.000049,0.000017,0.000000
621.535000,0.000076,0.000003,0.000000,0.000004,0.000046,0.000023
621.554000,0.000076,0.000020,0.000000,0.000001,0.000015,0.000040
621.713000,0.000076,0.000044,0.000000,0.000002,0.000010,0.000020
621.784000,0.000076,0.000037,0.000001,0.000016,0.000007,0.000016
622.089000,0.000076,0.000033,0.000000,0.000005,0.000011,0.000027
622.105000,0.000076,0.000033,0.000000,0.000006,0.000007,0.000029
622.331000,0.000076,0.000014,0.000001,0.000010,0.000023,0.000028
622.402000,0.000076,0.000014,0.000000,0.000006,0.000030,0.000025
622.507000,0.000076,0.000046,0.000000,0.000001,0.000013,0.000017
622.597000,0.000076,0.000013,0.000000,0.000001,0.000031,0.000031
622.602000,0.000076,0.000012,0.000002,0.000010,0.000006,0.000045
622.695000,0.000076,0.000010,0.000005,0.000005,0.000012,0.000044
622.923000,0.000076,0.000015,0.000001,0.000004,0.000031,0.000025
623.177000,0.000076,0.000022,0.000002,0.000010,0.000016,0.000027
623.192000,0.000076,0.000019,0.000000,0.000000,0.000022,0.000036
623.588000,0.000076,0.000030,0.000001,0.000006,0.000006,0.000034
623.707000,0.000076,0.000022,0.000001,0.000005,0.000047,0.000001
623.714000,0.000076,0.000013,0.000000,0.000012,0.000023,0.000028
623.781000,0.000076,0.000010,0.000000,0.000003,0.000010,0.000053
623.886000,0.000076,0.000007,0.000000,0.000065,0.000003,0.000001
623.909000,0.000076,0.000022,0.000000,0.000004,0.000017,0.000033
623.948000,0.000076,0.000037,0.000000,0.000002,0.000010,0.000027
624.322000,0.000076,0.000015,0.000001,0.000007,0.000019,0.000035
624.445000,0.000076,0.000013,0.000001,0.000018,0.000000,0.000043
624.620000,0.000076,0.000011,0.000000,0.000006,0.000024,0.000035
624.685000,0.000076,0.000006,0.000000,0.000059,0.000009,0.000002
624.996000,0.000076,0.000033,0.000004,0.000003,0.000024,0.000012
625.224000,0.000076,0.000030,0.000000,0.000008,0.000007,0.000031
625.537000,0.000076,0.000025,0.000000,0.000009,0.000023,0.000018
625.637000,0.000076,0.000038,0.000003,0.000007,0.000015,0.000012
625.842000,0.000076,0.000010,0.000001,0.000005,0.000023,0.000036
626.080000,0.000076,0.000008,0.000000,0.000004,0.000033,0.000031
626.253000,0.000076,0.000006,0.000002,0.000016,0.000005,0.000046
626.263000,0.000076,0.000013,0.000000,0.000011,0.000019,0.000033
626.305000,0.000076,0.000035,0.000000,0.000016,0.000008,0.000017
626.319000,0.000076,0.000034,0.000000,0.000004,0.000006,0.000033
626.328000,0.000076,0.000019,0.000000,0.000003,0.000029,0.000025
626.532000,0.000076,0.000010,0.000000,0.000006,0.000029,0.000030
626.713000,0.000076,0.000035,0.000000,0.000002,0.000008,0.000031
626.781000,0.000076,0.000020,0.000002,0.000006,0.000015,0.000033
626.824000,0.000076,0.000025,0.000000,0.000015,0.000017,0.000019
626.856000,0.000076,0.000008,0.000000,0.000004,0.000008,0.000056
626.980000,0.000076,0.000014,0.000000,0.000006,0.000020,0.000035
627.048000,0.000076,0.000012,0.000000,0.000018,0.000003,0.000043
627.051000,0.000076,0.000013,0.000000,0.000001,0.000029,0.000033
627.195000,0.000076,0.000014,0.000000,0.000005,0.000022,0.000035
627.200000,0.000076,0.000032,0.000001,0.000006,0.000022,0.000016
627.207000,0.000076,0.000033,0.000000,0.000003,0.000012,0.000028
627.483000,0.000076,0.000029,0.000001,0.000006,0.000025,0.000015
627.516000,0.000076,0.000030,0.000000,0.000008,0.000006,0.000032
627.541000,0.000076,0.000017,0.000000,0.000004,0.000034,0.000022
627.566000,0.000076,0.000013,0.000000,0.000007,0.000030,0.000025
627.611000,0.000076,0.000016,0.000001,0.000012,0.000044,0.000003
627.691000,0.000076,0.000021,0.000001,0.000006,0.000048,0.000000
627.783000,0.000076,0.000034,0.000002,0.000017,0.000019,0.000003
628.063000,0.000076,0.000014,0.000000,0.000012,0.000049,0.000001
628.079000,0.000076,0.000047,0.000003,0.000000,0.000010,0.000015
628.231000,0.000076,0.000028,0.000000,0.000007,0.000012,0.000029
628.334000,0.000076,0.000043,0.000001,0.000000,0.000004,0.000028
628.455000,0.000076,0.000035,0.000000,0.000001,0.000011,0.000028
628.528000,0.000076,0.000025,0.000000,0.000015,0.000017,0.000020
628.645000,0.000076,0.000043,0.000000,0.000003,0.000012,0.000018
628.659000,0.000076,0.000035,0.000000,0.000006,0.000007,0.000029
629.049000,0.000152,0.000065,0.000008,0.000006,0.000033,0.000040
629.142000,0.000076,0.000017,0.000001,0.000003,0.000030,0.000024
629.197000,0.000076,0.000026,0.000001,0.000008,0.000022,0.000019
629.217000,0.000076,0.000011,0.000000,0.000002,0.000030,0.000033
629.294000,0.000076,0.000042,0.000000,0.000005,0.000012,0.000017
629.320000,0.000076,0.000049,0.000000,0.000001,0.000002,0.000023
629.411000,0.000076,0.000011,0.000001,0.000001,0.000011,0.000053
629.650000,0.000076,0.000027,0.000002,0.000009,0.000016,0.000023
629.758000,0.000076,0.000011,0.000000,0.000055,0.000011,0.000000
629.990000,0.000076,0.000035,0.000000,0.000003,0.000010,0.000028
630.003000,0.000076,0.000011,0.000000,0.000018,0.000004,0.000043
630.161000,0.000076,0.000007,0.000000,0.000016,0.000006,0.000048
630.164000,0.000076,0.000014,0.000000,0.000006,0.000030,0.000025
630.236000,0.000076,0.000038,0.000002,0.000004,0.000004,0.000028
630.330000,0.000076,0.000042,0.000003,0.000001,0.000005,0.000026
630.414000,0.000076,0.000035,0.000001,0.000019,0.000006,0.000015
630.474000,0.000076,0.000003,0.000000,0.000006,0.000044,0.000023
630.553000,0.000076,0.000013,0.000003,0.000010,0.000018,0.000033
630.638000,0.000076,0.000008,0.000000,0.000049,0.000017,0.000002
630.778000,0.000076,0.000009,0.000001,0.000050,0.000015,0.000002
631.067000,0.000076,0.000011,0.000001,0.000017,0.000004,0.000043
631.098000,0.000076,0.000046,0.000000,0.000002,0.000004,0.000025
631.196000,0.000076,0.000036,0.000001,0.000004,0.000005,0.000030
631.222000,0.000076,0.000034,0.000002,0.000018,0.000008,0.000014
631.283000,0.000076,0.000013,0.000002,0.000019,0.000033,0.000009
631.488000,0.000076,0.000008,0.000000,0.000005,0.000008,0.000055
631.531000,0.000076,0.000015,0.000000,0.000001,0.000030,0.000030
631.716000,0.000076,0.000011,0.000002,0.000010,0.000020,0.000033
631.742000,0.000076,0.000044,0.000000,0.000004,0.000003,0.000025
631.756000,0.000076,0.000028,0.000000,0.000008,0.000011,0.000029
631.922000,0.000076,0.000037,0.000000,0.000003,0.000008,0.000028
631.976000,0.000076,0.000011,0.000004,0.000001,0.000032,0.000028
632.090000,0.000076,0.000014,0.000001,0.000007,0.000031,0.000024
632.529000,0.000076,0.000025,0.000001,0.000002,0.000006,0.000041
632.530000,0.000076,0.000018,0.000000,0.000002,0.000032,0.000023
632.652000,0.000076,0.000020,0.000000,0.000012,0.000017,0.000027
633.115000,0.000076,0.000010,0.000001,0.000016,0.000006,0.000044
633.250000,0.000076,0.000009,0.000000,0.000014,0.000011,0.000042
633.389000,0.000076,0.000028,0.000001,0.000005,0.000012,0.000030
633.519000,0.000076,0.000014,0.000001,0.000003,0.000021,0.000036
633.535000,0.000076,0.000031,0.000000,0.000004,0.000025,0.000016
633.564000,0.000076,0.000009,0.000002,0.000004,0.000027,0.000035
633.802000,0.000076,0.000013,0.000000,0.000008,0.000022,0.000033
633.826000,0.000076,0.000047,0.000001,0.000000,0.000003,0.000026
633.832000,0.000076,0.000019,0.000000,0.000014,0.000026,0.000018
633.841000,0.000076,0.000003,0.000000,0.000006,0.000046,0.000021
633.968000,0.000076,0.000008,0.000000,0.000058,0.000007,0.000002
633.987000,0.000076,0.000047,0.000001,0.000001,0.000002,0.000025
634.056000,0.000076,0.000016,0.000000,0.000004,0.000033,0.000022
634.288000,0.000076,0.000030,0.000001,0.000006,0.000011,0.000028
634.454000,0.000076,0.000008,0.000000,0.000007,0.000025,0.000036
634.545000,0.000076,0.000046,0.000000,0.000001,0.000011,0.000019
634.565000,0.000076,0.000043,0.000000,0.000000,0.000006,0.000027
634.844000,0.000076,0.000045,0.000000,0.000001,0.000007,0.000023
634.873000,0.000076,0.000043,0.000002,0.000000,0.000007,0.000023
634.993000,0.000076,0.000015,0.000003,0.000006,0.000027,0.000025
635.174000,0.000076,0.000033,0.000000,0.000006,0.000005,0.000032
635.205000,0.000076,0.000023,0.000000,0.000004,0.000031,0.000018
635.377000,0.000076,0.000009,0.000000,0.000023,0.000033,0.000012
635.474000,0.000076,0.000010,0.000001,0.000007,0.000026,0.000032
635.711000,0.000076,0.000012,0.000002,0.000003,0.000028,0.000030
635.722000,0.000076,0.000039,0.000000,0.000000,0.000008,0.000029
635.740000,0.000076,0.000018,0.000001,0.000014,0.000024,0.000018
635.763000,0.000076,0.000012,0.000000,0.000021,0.000026,0.000016
635.795000,0.000076,0.000013,0.000000,0.000006,0.000020,0.000036
635.830000,0.000076,0.000012,0.000002,0.000001,0.000007,0.000054
635.907000,0.000076,0.000014,0.000001,0.000011,0.000019,0.000032
636.114000,0.000076,0.000029,0.000001,0.000005,0.000012,0.000029
636.393000,0.000076,0.000038,0.000000,0.000002,0.000020,0.000017
636.449000,0.000076,0.000034,0.000000,0.000020,0.000007,0.000015
636.457000,0.000076,0.000005,0.000003,0.000008,0.000024,0.000037
636.611000,0.000076,0.000029,0.000002,0.000003,0.000028,0.000015
636.747000,0.000076,0.000037,0.000000,0.000003,0.000005,0.000031
636.773000,0.000076,0.000019,0.000001,0.000014,0.000026,0.000017
636.833000,0.000076,0.000009,0.000000,0.000059,0.000006,0.000002
637.235000,0.000076,0.000007,0.000000,0.000068,0.000002,0.000000
637.431000,0.000076,0.000010,0.000000,0.000007,0.000024,0.000035
637.478000,0.000076,0.000009,0.000000,0.000062,0.000004,0.000002
637.661000,0.000076,0.000006,0.000000,0.000066,0.000004,0.000000
637.673000,0.000076,0.000005,0.000002,0.000014,0.000012,0.000042
637.679000,0.000076,0.000009,0.000002,0.000060,0.000003,0.000001
637.686000,0.000076,0.000013,0.000000,0.000002,0.000030,0.000030
638.179000,0.000076,0.000008,0.000006,0.000006,0.000022,0.000034
638.204000,0.000076,0.000043,0.000000,0.000000,0.000005,0.000028
638.292000,0.000076,0.000020,0.000001,0.000012,0.000016,0.000027
638.301000,0.000076,0.000048,0.000001,0.000000,0.000001,0.000026
638.356000,0.000076,0.000013,0.000000,0.000053,0.000010,0.000000
638.451000,0.000076,0.000009,0.000000,0.000023,0.000032,0.000012
638.485000,0.000076,0.000002,0.000002,0.000006,0.000042,0.000024
638.559000,0.000076,0.000017,0.000001,0.000003,0.000035,0.000021
638.574000,0.000076,0.000015,0.000004,0.000005,0.000028,0.000025
638.651000,0.000076,0.000010,0.000000,0.000013,0.000010,0.000043
638.827000,0.000076,0.000025,0.000000,0.000003,0.000027,0.000022
638.844000,0.000076,0.000003,0.000000,0.000001,0.000046,0.000026
638.919000,0.000076,0.000017,0.000001,0.000001,0.000027,0.000030
638.951000,0.000076,0.000015,0.000000,0.000017,0.000028,0.000016
639.002000,0.000076,0.000022,0.000002,0.000003,0.000018,0.000031
639.055000,0.000076,0.000030,0.000004,0.000002,0.000015,0.000026
639.145000,0.000076,0.000042,0.000002,0.000002,0.000013,0.000018
639.319000,0.000076,0.000030,0.000005,0.000003,0.000003,0.000035
639.535000,0.000076,0.000013,0.000000,0.000020,0.000026,0.000017
639.614000,0.000076,0.000011,0.000000,0.000006,0.000022,0.000037
639.855000,0.000076,0.000008,0.000000,0.000051,0.000016,0.000002
640.031000,0.000076,0.000030,0.000000,0.000007,0.000011,0.000029
640.044000,0.000076,0.000015,0.000002,0.000009,0.000048,0.000001
640.079000,0.000076,0.000035,0.000004,0.000011,0.000005,0.000021
640.106000,0.000076,0.000019,0.000003,0.000053,0.000001,0.000000
640.135000,0.000076,0.000042,0.000001,0.000007,0.000011,0.000015
640.186000,0.000076,0.000011,0.000000,0.000006,0.000031,0.000028
640.300000,0.000076,0.000012,0.000001,0.000009,0.000019,0.000035
640.553000,0.000076,0.000027,0.000001,0.000004,0.000026,0.000018
640.709000,0.000076,0.000033,0.000000,0.000008,0.000006,0.000029
640.763000,0.000076,0.000027,0.000001,0.000012,0.000011,0.000025
640.766000,0.000076,0.000006,0.000000,0.000014,0.000013,0.000043
640.831000,0.000076,0.000013,0.000000,0.000007,0.000020,0.000036
640.914000,0.000076,0.000047,0.000000,0.000001,0.000003,0.000026
640.926000,0.000076,0.000007,0.000000,0.000014,0.000011,0.000044
641.040000,0.000076,0.000023,0.000000,0.000004,0.000029,0.000020
641.261000,0.000076,0.000009,0.000000,0.000005,0.000024,0.000038
641.267000,0.000076,0.000028,0.000001,0.000001,0.000015,0.000032
641.319000,0.000076,0.000004,0.000000,0.000010,0.000027,0.000035
641.459000,0.000076,0.000015,0.000000,0.000054,0.000002,0.000005
641.460000,0.000076,0.000004,0.000000,0.000005,0.000042,0.000026
641.705000,0.000076,0.000018,0.000000,0.000003,0.000015,0.000040
641.740000,0.000076,0.000034,0.000000,0.000002,0.000014,0.000027
641.876000,0.000076,0.000028,0.000000,0.000009,0.000008,0.000031
642.222000,0.000076,0.000015,0.000000,0.000010,0.000047,0.000003
642.240000,0.000076,0.000017,0.000000,0.000054,0.000001,0.000004
642.343000,0.000076,0.000036,0.000000,0.000002,0.000006,0.000031
642.661000,0.000076,0.000010,0.000000,0.000054,0.000012,0.000000
642.914000,0.000076,0.000017,0.000000,0.000054,0.000002,0.000003
643.092000,0.000076,0.000019,0.000000,0.000000,0.000022,0.000035
643.193000,0.000076,0.000019,0.000000,0.000014,0.000024,0.000020
643.208000,0.000076,0.000010,0.000001,0.000055,0.000010,0.000002
643.445000,0.000076,0.000036,0.000000,0.000004,0.000005,0.000031
643.569000,0.000076,0.000046,0.000001,0.000000,0.000004,0.000025
643.761000,0.000076,0.000034,0.000002,0.000020,0.000006,0.000015
643.817000,0.000076,0.000008,0.000000,0.000058,0.000007,0.000003
643.830000,0.000076,0.000041,0.000001,0.000006,0.000012,0.000016
643.848000,0.000076,0.000037,0.000000,0.000009,0.000009,0.000022
643.936000,0.000076,0.000003,0.000000,0.000006,0.000040,0.000027
643.951000,0.000076,0.000025,0.000000,0.000017,0.000012,0.000021
643.989000,0.000076,0.000019,0.000002,0.000007,0.000012,0.000036
644.145000,0.000076,0.000008,0.000003,0.000057,0.000008,0.000000
644.429000,0.000076,0.000010,0.000001,0.000005,0.000030,0.000030
644.507000,0.000076,0.000039,0.000001,0.000011,0.000010,0.000015
644.685000,0.000076,0.000004,0.000000,0.000010,0.000027,0.000035
644.748000,0.000076,0.000028,0.000000,0.000006,0.000009,0.000032
645.204000,0.000076,0.000018,0.000001,0.000001,0.000023,0.000033
645.226000,0.000076,0.000014,0.000000,0.000000,0.000030,0.000032
645.320000,0.000076,0.000008,0.000001,0.000059,0.000007,0.000001
645.393000,0.000076,0.000015,0.000001,0.000007,0.000028,0.000026
645.425000,0.000076,0.000003,0.000000,0.000005,0.000042,0.000026
645.453000,0.000076,0.000048,0.000001,0.000001,0.000001,0.000025
645.465000,0.000076,0.000027,0.000000,0.000005,0.000027,0.000018
645.584000,0.000076,0.000033,0.000002,0.000003,0.000013,0.000025
645.779000,0.000076,0.000016,0.000000,0.000007,0.000010,0.000043
645.946000,0.000076,0.000034,0.000000,0.000001,0.000014,0.000028
646.013000,0.000076,0.000043,0.000000,0.000002,0.000011,0.000020
646.592000,0.000076,0.000037,0.000000,0.000000,0.000008,0.000031
646.790000,0.000076,0.000020,0.000002,0.000013,0.000026,0.000015
646.988000,0.000076,0.000034,0.000000,0.000003,0.000019,0.000019
647.217000,0.000076,0.000009,0.000000,0.000007,0.000022,0.000038
647.417000,0.000076,0.000030,0.000000,0.000005,0.000006,0.000035
647.421000,0.000076,0.000031,0.000002,0.000005,0.000023,0.000015
647.572000,0.000076,0.000035,0.000000,0.000001,0.000015,0.000025
647.621000,0.000076,0.000032,0.000000,0.000000,0.000012,0.000032
647.737000,0.000076,0.000011,0.000000,0.000004,0.000027,0.000034
647.913000,0.000076,0.000017,0.000001,0.000004,0.000033,0.000022
647.922000,0.000076,0.000008,0.000000,0.000009,0.000022,0.000038
647.973000,0.000076,0.000043,0.000000,0.000003,0.000003,0.000027
648.034000,0.000076,0.000033,0.000001,0.000003,0.000010,0.000029
648.123000,0.000076,0.000029,0.000003,0.000007,0.000007,0.000030
648.187000,0.000076,0.000031,0.000000,0.000000,0.000012,0.000032
648.279000,0.000076,0.000052,0.000001,0.000000,0.000001,0.000022
648.425000,0.000076,0.000036,0.000000,0.000004,0.000006,0.000030
648.510000,0.000076,0.000014,0.000000,0.000007,0.000031,0.000025
648.659000,0.000076,0.000036,0.000000,0.000009,0.000011,0.000021
648.736000,0.000076,0.000018,0.000000,0.000001,0.000034,0.000023
649.027000,0.000076,0.000012,0.000002,0.000020,0.000031,0.000011
649.121000,0.000076,0.000006,0.000000,0.000005,0.000033,0.000031
649.209000,0.000076,0.000013,0.000003,0.000010,0.000011,0.000040
649.330000,0.000076,0.000004,0.000000,0.000001,0.000053,0.000019
649.417000,0.000076,0.000013,0.000001,0.000006,0.000028,0.000028
649.508000,0.000076,0.000029,0.000002,0.000011,0.000009,0.000025
649.651000,0.000076,0.000046,0.000000,0.000000,0.000004,0.000025
649.662000,0.000076,0.000011,0.000001,0.000004,0.000027,0.000033
649.924000,0.000076,0.000003,0.000001,0.000005,0.000041,0.000027
650.305000,0.000076,0.000010,0.000001,0.000053,0.000012,0.000000
650.346000,0.000076,0.000014,0.000001,0.000004,0.000030,0.000027
650.358000,0.000076,0.000014,0.000000,0.000011,0.000047,0.000003
650.430000,0.000076,0.000031,0.000000,0.000002,0.000024,0.000018
650.432000,0.000076,0.000012,0.000001,0.000022,0.000031,0.000010
650.573000,0.000076,0.000034,0.000000,0.000002,0.000016,0.000025
650.937000,0.000076,0.000009,0.000000,0.000005,0.000025,0.000037
650.993000,0.000076,0.000003,0.000000,0.000008,0.000035,0.000031
651.012000,0.000076,0.000008,0.000000,0.000013,0.000011,0.000044
651.016000,0.000076,0.000017,0.000002,0.000001,0.000022,0.000034
651.269000,0.000076,0.000015,0.000000,0.000009,0.000016,0.000037
651.486000,0.000076,0.000018,0.000000,0.000002,0.000033,0.000023
651.548000,0.000076,0.000023,0.000000,0.000004,0.000027,0.000021
651.623000,0.000076,0.000032,0.000000,0.000010,0.000013,0.000021
651.693000,0.000076,0.000034,0.000000,0.000006,0.000007,0.000030
652.178000,0.000076,0.000009,0.000002,0.000061,0.000003,0.000001
652.212000,0.000076,0.000010,0.000001,0.000006,0.000023,0.000036
652.222000,0.000152,0.000028,0.000000,0.000011,0.000049,0.000063
652.253000,0.000076,0.000029,0.000000,0.000008,0.000009,0.000031
652.311000,0.000076,0.000011,0.000000,0.000006,0.000030,0.000029
652.376000,0.000076,0.000005,0.000002,0.000009,0.000026,0.000034
652.404000,0.000076,0.000045,0.000000,0.000000,0.000007,0.000024
652.478000,0.000076,0.000012,0.000001,0.000021,0.000032,0.000010
652.735000,0.000076,0.000016,0.000000,0.000003,0.000025,0.000032
652.767000,0.000076,0.000003,0.000000,0.000007,0.000041,0.000026
652.872000,0.000076,0.000009,0.000000,0.000056,0.000010,0.000002
652.958000,0.000076,0.000036,0.000000,0.000000,0.000007,0.000033
652.991000,0.000076,0.000031,0.000002,0.000002,0.000025,0.000015
653.011000,0.000076,0.000025,0.000000,0.000005,0.000009,0.000036
653.187000,0.000076,0.000034,0.000002,0.000001,0.000014,0.000025
653.193000,0.000076,0.000044,0.000000,0.000000,0.000013,0.000019
653.344000,0.000076,0.000003,0.000000,0.000005,0.000041,0.000026
653.349000,0.000076,0.000015,0.000000,0.000007,0.000020,0.000034
653.390000,0.000076,0.000036,0.000002,0.000004,0.000018,0.000017
653.408000,0.000076,0.000009,0.000000,0.000013,0.000011,0.000044
653.462000,0.000076,0.000036,0.000002,0.000003,0.000007,0.000028
653.496000,0.000076,0.000024,0.000003,0.000008,0.000023,0.000018
653.509000,0.000076,0.000018,0.000001,0.000002,0.000033,0.000022
653.819000,0.000076,0.000010,0.000001,0.000010,0.000016,0.000039
653.846000,0.000076,0.000029,0.000001,0.000002,0.000015,0.000029
654.041000,0.000076,0.000035,0.000000,0.000000,0.000019,0.000022
654.052000,0.000076,0.000033,0.000000,0.000004,0.000019,0.000020
654.090000,0.000076,0.000012,0.000000,0.000009,0.000012,0.000044
654.364000,0.000076,0.000034,0.000000,0.000000,0.000010,0.000032
654.751000,0.000076,0.000032,0.000001,0.000002,0.000012,0.000028
654.927000,0.000076,0.000031,0.000000,0.000004,0.000013,0.000028
655.142000,0.000076,0.000012,0.000000,0.000008,0.000021,0.000035
655.172000,0.000076,0.000027,0.000000,0.000006,0.000008,0.000035
655.317000,0.000076,0.000012,0.000000,0.000011,0.000018,0.000034
655.390000,0.000076,0.000009,0.000001,0.000004,0.000010,0.000052
655.605000,0.000076,0.000013,0.000000,0.000013,0.000013,0.000037
655.795000,0.000076,0.000030,0.000000,0.000002,0.000026,0.000018
655.808000,0.000076,0.000034,0.000001,0.000003,0.000017,0.000022
655.966000,0.000076,0.000029,0.000000,0.000003,0.000014,0.000030
656.387000,0.000076,0.000011,0.000001,0.000022,0.000031,0.000011
656.601000,0.000076,0.000016,0.000000,0.000008,0.000014,0.000038
656.668000,0.000076,0.000009,0.000000,0.000012,0.000021,0.000034
656.703000,0.000076,0.000010,0.000004,0.000011,0.000017,0.000035
656.835000,0.000076,0.000027,0.000001,0.000009,0.000008,0.000031
656.963000,0.000076,0.000014,0.000000,0.000000,0.000032,0.000030
657.278000,0.000076,0.000024,0.000000,0.000003,0.000011,0.000039
657.324000,0.000076,0.000014,0.000002,0.000004,0.000031,0.000025
657.465000,0.000076,0.000014,0.000000,0.000000,0.000029,0.000033
657.663000,0.000076,0.000035,0.000000,0.000002,0.000020,0.000019
657.776000,0.000076,0.000032,0.000002,0.000004,0.000008,0.000030
657.866000,0.000076,0.000031,0.000001,0.000000,0.000014,0.000030
657.895000,0.000076,0.000005,0.000001,0.000006,0.000037,0.000028
658.243000,0.000076,0.000009,0.000000,0.000002,0.000011,0.000054
659.030000,0.000076,0.000033,0.000000,0.000000,0.000011,0.000033
659.283000,0.000076,0.000015,0.000002,0.000010,0.000013,0.000037
659.413000,0.000076,0.000016,0.000000,0.000008,0.000015,0.000037
659.611000,0.000076,0.000011,0.000000,0.000012,0.000008,0.000044
659.747000,0.000076,0.000045,0.000000,0.000000,0.000007,0.000024
659.854000,0.000076,0.000042,0.000002,0.000002,0.000003,0.000027
660.359000,0.000076,0.000014,0.000000,0.000007,0.000029,0.000026
660.432000,0.000076,0.000023,0.000001,0.000017,0.000015,0.000020
661.035000,0.000076,0.000033,0.000000,0.000010,0.000011,0.000022
661.236000,0.000076,0.000009,0.000000,0.000012,0.000009,0.000045
661.795000,0.000076,0.000012,0.000000,0.000013,0.000015,0.000036
661.949000,0.000076,0.000009,0.000000,0.000002,0.000036,0.000029
662.016000,0.000076,0.000019,0.000000,0.000009,0.000043,0.000004
662.227000,0.000076,0.000009,0.000000,0.000013,0.000009,0.000045
662.267000,0.000076,0.000038,0.000001,0.000009,0.000007,0.000020
662.847000,0.000076,0.000012,0.000000,0.000000,0.000009,0.000055
662.988000,0.000076,0.000033,0.000000,0.000002,0.000016,0.000025
663.165000,0.000076,0.000011,0.000001,0.000005,0.000025,0.000034
663.234000,0.000076,0.000002,0.000000,0.000001,0.000055,0.000018
663.632000,0.000076,0.000015,0.000000,0.000008,0.000013,0.000041
663.646000,0.000076,0.000031,0.000001,0.000011,0.000012,0.000021
663.873000,0.000076,0.000017,0.000002,0.000004,0.000028,0.000026
664.032000,0.000076,0.000003,0.000001,0.000007,0.000038,0.000026
664.153000,0.000076,0.000013,0.000000,0.000006,0.000026,0.000031
664.238000,0.000076,0.000012,0.000000,0.000002,0.000029,0.000033
664.316000,0.000076,0.000012,0.000000,0.000000,0.000009,0.000055
664.459000,0.000076,0.000011,0.000001,0.000000,0.000011,0.000053
664.599000,0.000076,0.000035,0.000002,0.000002,0.000008,0.000029
664.648000,0.000076,0.000025,0.000002,0.000014,0.000014,0.000022
664.775000,0.000076,0.000005,0.000000,0.000008,0.000029,0.000034
664.919000,0.000076,0.000035,0.000000,0.000002,0.000018,0.000021
664.955000,0.000076,0.000027,0.000000,0.000003,0.000013,0.000033
664.969000,0.000076,0.000026,0.000000,0.000002,0.000027,0.000021
665.472000,0.000076,0.000031,0.000001,0.000010,0.000014,0.000020
665.655000,0.000076,0.000016,0.000001,0.000000,0.000030,0.000030
665.795000,0.000076,0.000031,0.000000,0.000004,0.000024,0.000018
665.860000,0.000076,0.000031,0.000002,0.000002,0.000012,0.000029
666.051000,0.000076,0.000024,0.000000,0.000014,0.000014,0.000025
666.504000,0.000076,0.000045,0.000000,0.000001,0.000003,0.000027
666.571000,0.000076,0.000026,0.000001,0.000004,0.000014,0.000033
667.087000,0.000076,0.000010,0.000000,0.000000,0.000012,0.000054
667.567000,0.000076,0.000027,0.000000,0.000003,0.000013,0.000032
667.888000,0.000076,0.000014,0.000000,0.000003,0.000032,0.000026
667.967000,0.000076,0.000012,0.000000,0.000000,0.000009,0.000055
668.053000,0.000076,0.000032,0.000000,0.000002,0.000011,0.000032
668.166000,0.000076,0.000025,0.000000,0.000029,0.000022,0.000000
668.252000,0.000076,0.000045,0.000000,0.000001,0.000008,0.000023
668.559000,0.000076,0.000014,0.000000,0.000006,0.000033,0.000022
668.913000,0.000076,0.000009,0.000001,0.000022,0.000031,0.000012
669.074000,0.000076,0.000024,0.000000,0.000014,0.000014,0.000024
669.211000,0.000076,0.000026,0.000000,0.000010,0.000017,0.000024
669.719000,0.000076,0.000032,0.000000,0.000003,0.000012,0.000030
669.822000,0.000076,0.000025,0.000000,0.000010,0.000017,0.000024
669.891000,0.000076,0.000004,0.000000,0.000066,0.000006,0.000000
669.985000,0.000076,0.000003,0.000003,0.000011,0.000026,0.000033
670.104000,0.000076,0.000012,0.000000,0.000006,0.000027,0.000031
670.141000,0.000076,0.000035,0.000005,0.000001,0.000009,0.000025
670.146000,0.000076,0.000021,0.000000,0.000049,0.000004,0.000002
670.147000,0.000076,0.000011,0.000000,0.000003,0.000008,0.000054
670.244000,0.000076,0.000014,0.000002,0.000008,0.000015,0.000037
670.324000,0.000076,0.000016,0.000000,0.000008,0.000012,0.000040
670.335000,0.000076,0.000036,0.000000,0.000004,0.000016,0.000020
670.762000,0.000076,0.000002,0.000001,0.000000,0.000056,0.000017
671.069000,0.000076,0.000027,0.000000,0.000004,0.000012,0.000034
671.131000,0.000076,0.000015,0.000001,0.000009,0.000013,0.000039
671.286000,0.000076,0.000034,0.000001,0.000001,0.000014,0.000026
671.309000,0.000076,0.000023,0.000000,0.000022,0.000027,0.000005
671.457000,0.000076,0.000017,0.000000,0.000053,0.000001,0.000005
671.529000,0.000076,0.000012,0.000000,0.000000,0.000008,0.000056
671.558000,0.000076,0.000025,0.000001,0.000009,0.000020,0.000021
671.761000,0.000076,0.000025,0.000000,0.000001,0.000027,0.000023
671.808000,0.000076,0.000011,0.000001,0.000006,0.000027,0.000032
671.811000,0.000076,0.000025,0.000000,0.000029,0.000022,0.000001
671.858000,0.000076,0.000006,0.000001,0.000066,0.000003,0.000000
672.093000,0.000076,0.000005,0.000000,0.000007,0.000033,0.000031
672.300000,0.000076,0.000011,0.000001,0.000059,0.000004,0.000001
672.377000,0.000076,0.000013,0.000000,0.000006,0.000025,0.000031
672.441000,0.000076,0.000006,0.000001,0.000016,0.000019,0.000034
672.457000,0.000076,0.000026,0.000000,0.000002,0.000026,0.000022
672.465000,0.000076,0.000013,0.000000,0.000006,0.000024,0.000033
672.624000,0.000076,0.000034,0.000002,0.000000,0.000012,0.000029
672.767000,0.000076,0.000016,0.000000,0.000052,0.000003,0.000005
672.823000,0.000076,0.000011,0.000000,0.000005,0.000027,0.000033
673.006000,0.000076,0.000013,0.000000,0.000007,0.000023,0.000034
673.027000,0.000076,0.000044,0.000000,0.000000,0.000006,0.000026
673.402000,0.000076,0.000009,0.000002,0.000006,0.000027,0.000032
673.433000,0.000076,0.000023,0.000003,0.000006,0.000005,0.000039
673.689000,0.000076,0.000029,0.000001,0.000003,0.000012,0.000030
673.774000,0.000076,0.000004,0.000001,0.000007,0.000040,0.000025
673.822000,0.000076,0.000002,0.000002,0.000000,0.000053,0.000018
673.840000,0.000076,0.000006,0.000000,0.000000,0.000052,0.000019
673.858000,0.000076,0.000025,0.000000,0.000013,0.000013,0.000025
673.870000,0.000076,0.000010,0.000002,0.000008,0.000025,0.000032
673.988000,0.000076,0.000010,0.000000,0.000006,0.000027,0.000032
674.111000,0.000076,0.000015,0.000001,0.000004,0.000028,0.000029
674.489000,0.000076,0.000021,0.000000,0.000048,0.000005,0.000002
674.549000,0.000076,0.000006,0.000001,0.000004,0.000034,0.000031
674.620000,0.000076,0.000014,0.000001,0.000054,0.000003,0.000004
674.666000,0.000076,0.000011,0.000002,0.000007,0.000020,0.000036
675.136000,0.000076,0.000029,0.000000,0.000001,0.000026,0.000020
675.337000,0.000076,0.000036,0.000000,0.000002,0.000008,0.000030
675.342000,0.000076,0.000012,0.000000,0.000051,0.000013,0.000001
675.449000,0.000076,0.000007,0.000001,0.000009,0.000022,0.000037
675.472000,0.000076,0.000013,0.000000,0.000005,0.000027,0.000032
675.838000,0.000076,0.000002,0.000000,0.000002,0.000055,0.000017
676.037000,0.000076,0.000045,0.000000,0.000000,0.000008,0.000024
676.136000,0.000076,0.000004,0.000000,0.000001,0.000043,0.000029
676.155000,0.000076,0.000025,0.000001,0.000002,0.000026,0.000022
676.347000,0.000076,0.000002,0.000000,0.000001,0.000044,0.000028
676.376000,0.000076,0.000005,0.000001,0.000006,0.000032,0.000031
676.650000,0.000076,0.000007,0.000000,0.000053,0.000016,0.000001
676.872000,0.000076,0.000021,0.000000,0.000048,0.000006,0.000001
676.983000,0.000076,0.000002,0.000001,0.000003,0.000051,0.000019
676.987000,0.000076,0.000026,0.000000,0.000012,0.000016,0.000022
677.113000,0.000076,0.000009,0.000003,0.000013,0.000008,0.000044
677.215000,0.000076,0.000006,0.000000,0.000004,0.000034,0.000032
677.297000,0.000076,0.000023,0.000000,0.000004,0.000010,0.000039
677.350000,0.000076,0.000014,0.000001,0.000004,0.000029,0.000028
677.541000,0.000076,0.000028,0.000001,0.000006,0.000015,0.000027
677.967000,0.000076,0.000006,0.000000,0.000053,0.000017,0.000000
678.026000,0.000076,0.000012,0.000000,0.000047,0.000015,0.000001
678.209000,0.000076,0.000036,0.000000,0.000002,0.000008,0.000030
678.451000,0.000076,0.000026,0.000001,0.000010,0.000014,0.000024
678.522000,0.000076,0.000010,0.000000,0.000003,0.000013,0.000050
678.682000,0.000076,0.000008,0.000000,0.000003,0.000014,0.000050
678.762000,0.000076,0.000025,0.000001,0.000029,0.000021,0.000000
678.870000,0.000076,0.000002,0.000000,0.000003,0.000051,0.000019
679.002000,0.000076,0.000010,0.000000,0.000002,0.000010,0.000055
679.254000,0.000076,0.000030,0.000001,0.000003,0.000013,0.000030
679.549000,0.000076,0.000015,0.000003,0.000004,0.000033,0.000022
679.576000,0.000076,0.000036,0.000001,0.000004,0.000005,0.000030
679.865000,0.000076,0.000019,0.000000,0.000051,0.000004,0.000003
680.087000,0.000076,0.000015,0.000000,0.000004,0.000032,0.000025
680.195000,0.000076,0.000038,0.000000,0.000009,0.000009,0.000021
680.205000,0.000076,0.000017,0.000000,0.000028,0.000028,0.000003
680.294000,0.000076,0.000011,0.000000,0.000056,0.000007,0.000001
680.411000,0.000076,0.000012,0.000000,0.000001,0.000009,0.000054
680.593000,0.000076,0.000026,0.000000,0.000006,0.000008,0.000035
680.628000,0.000076,0.000028,0.000001,0.000001,0.000015,0.000032
680.950000,0.000076,0.000014,0.000000,0.000006,0.000035,0.000022
680.961000,0.000076,0.000029,0.000000,0.000001,0.000013,0.000032
681.078000,0.000152,0.000059,0.000001,0.000022,0.000017,0.000053
681.165000,0.000076,0.000025,0.000000,0.000014,0.000012,0.000025
681.213000,0.000076,0.000014,0.000005,0.000007,0.000034,0.000017
681.375000,0.000076,0.000024,0.000001,0.000029,0.000022,0.000000
681.387000,0.000076,0.000029,0.000000,0.000004,0.000006,0.000037
681.529000,0.000076,0.000014,0.000003,0.000004,0.000030,0.000026
681.553000,0.000076,0.000007,0.000000,0.000053,0.000015,0.000000
681.586000,0.000076,0.000010,0.000001,0.000049,0.000015,0.000000
681.836000,0.000076,0.000015,0.000001,0.000054,0.000002,0.000004
681.877000,0.000076,0.000010,0.000001,0.000007,0.000030,0.000029
681.915000,0.000076,0.000034,0.000000,0.000003,0.000017,0.000021
682.011000,0.000076,0.000027,0.000002,0.000002,0.000031,0.000013
682.038000,0.000076,0.000008,0.000000,0.000002,0.000014,0.000051
682.149000,0.000076,0.000011,0.000001,0.000003,0.000037,0.000024
682.158000,0.000076,0.000020,0.000000,0.000046,0.000006,0.000005
682.174000,0.000076,0.000010,0.000000,0.000002,0.000039,0.000025
682.490000,0.000076,0.000029,0.000000,0.000002,0.000012,0.000033
682.646000,0.000076,0.000023,0.000000,0.000015,0.000013,0.000025
682.791000,0.000076,0.000031,0.000002,0.000009,0.000005,0.000029
683.602000,0.000076,0.000024,0.000000,0.000002,0.000013,0.000037
683.863000,0.000076,0.000013,0.000001,0.000002,0.000027,0.000033
683.975000,0.000076,0.000015,0.000000,0.000009,0.000014,0.000038
684.005000,0.000076,0.000008,0.000000,0.000014,0.000018,0.000035
684.203000,0.000076,0.000026,0.000000,0.000001,0.000016,0.000033
684.206000,0.000076,0.000005,0.000001,0.000004,0.000048,0.000018
684.277000,0.000076,0.000004,0.000001,0.000015,0.000019,0.000037
684.527000,0.000076,0.000012,0.000001,0.000005,0.000026,0.000032
684.694000,0.000076,0.000028,0.000000,0.000001,0.000013,0.000034
684.858000,0.000076,0.000025,0.000000,0.000012,0.000017,0.000022
684.964000,0.000076,0.000009,0.000001,0.000003,0.000012,0.000050
685.094000,0.000076,0.000017,0.000002,0.000026,0.000029,0.000002
685.444000,0.000076,0.000032,0.000003,0.000004,0.000020,0.000017
685.461000,0.000076,0.000003,0.000000,0.000002,0.000050,0.000022
685.522000,0.000076,0.000011,0.000000,0.000050,0.000013,0.000003
685.563000,0.000076,0.000003,0.000000,0.000001,0.000047,0.000025
685.741000,0.000076,0.000013,0.000000,0.000006,0.000022,0.000035
685.776000,0.000076,0.000042,0.000003,0.000001,0.000008,0.000022
686.453000,0.000076,0.000008,0.000001,0.000053,0.000014,0.000000
686.558000,0.000076,0.000031,0.000001,0.000004,0.000022,0.000017
686.619000,0.000076,0.000004,0.000001,0.000002,0.000050,0.000018
686.772000,0.000076,0.000005,0.000000,0.000000,0.000047,0.000025
686.823000,0.000076,0.000011,0.000000,0.000008,0.000018,0.000038
686.839000,0.000076,0.000016,0.000000,0.000028,0.000029,0.000003
686.873000,0.000076,0.000045,0.000002,0.000001,0.000004,0.000025
686.918000,0.000076,0.000005,0.000000,0.000002,0.000050,0.000020
687.051000,0.000076,0.000000,0.000000,0.000018,0.000025,0.000034
687.136000,0.000076,0.000003,0.000001,0.000003,0.000045,0.000024
687.157000,0.000076,0.000010,0.000001,0.000001,0.000013,0.000051
687.499000,0.000076,0.000010,0.000000,0.000006,0.000030,0.000030
687.547000,0.000076,0.000004,0.000000,0.000004,0.000050,0.000019
688.246000,0.000076,0.000012,0.000000,0.000003,0.000009,0.000052
688.250000,0.000076,0.000038,0.000001,0.000000,0.000010,0.000027
688.276000,0.000076,0.000028,0.000000,0.000003,0.000005,0.000040
688.278000,0.000076,0.000011,0.000001,0.000008,0.000023,0.000034
688.339000,0.000076,0.000008,0.000000,0.000002,0.000014,0.000052
688.491000,0.000076,0.000036,0.000000,0.000000,0.000012,0.000027
688.498000,0.000076,0.000007,0.000000,0.000065,0.000002,0.000002
688.522000,0.000076,0.000023,0.000002,0.000021,0.000025,0.000005
688.701000,0.000076,0.000011,0.000001,0.000003,0.000009,0.000053
688.728000,0.000076,0.000017,0.000001,0.000048,0.000002,0.000009
689.121000,0.000076,0.000014,0.000000,0.000012,0.000013,0.000037
689.223000,0.000076,0.000014,0.000001,0.000009,0.000014,0.000039
689.711000,0.000076,0.000028,0.000000,0.000003,0.000031,0.000014
690.051000,0.000076,0.000000,0.000000,0.000019,0.000024,0.000033
690.275000,0.000076,0.000007,0.000000,0.000053,0.000016,0.000000
690.527000,0.000076,0.000016,0.000003,0.000003,0.000031,0.000023
690.598000,0.000076,0.000003,0.000001,0.000004,0.000050,0.000019
690.851000,0.000076,0.000007,0.000001,0.000065,0.000002,0.000001
691.047000,0.000076,0.000011,0.000000,0.000002,0.000010,0.000054
691.249000,0.000076,0.000006,0.000000,0.000013,0.000023,0.000034
691.554000,0.000076,0.000018,0.000001,0.000048,0.000008,0.000002
691.636000,0.000076,0.000010,0.000000,0.000012,0.000020,0.000034
691.693000,0.000076,0.000028,0.000000,0.000005,0.000006,0.000036
691.774000,0.000076,0.000007,0.000001,0.000014,0.000019,0.000035
691.789000,0.000076,0.000025,0.000003,0.000028,0.000019,0.000001
691.845000,0.000076,0.000002,0.000000,0.000017,0.000023,0.000034
692.057000,0.000076,0.000007,0.000000,0.000013,0.000021,0.000035
692.283000,0.000076,0.000016,0.000000,0.000005,0.000032,0.000024
692.632000,0.000076,0.000036,0.000000,0.000004,0.000016,0.000020
692.646000,0.000076,0.000027,0.000000,0.000002,0.000032,0.000015
692.651000,0.000076,0.000014,0.000000,0.000009,0.000013,0.000039
692.697000,0.000076,0.000021,0.000002,0.000043,0.000006,0.000004
692.980000,0.000076,0.000029,0.000000,0.000001,0.000032,0.000015
693.264000,0.000076,0.000028,0.000000,0.000014,0.000012,0.000022
693.470000,0.000076,0.000028,0.000000,0.000013,0.000012,0.000023
693.852000,0.000076,0.000010,0.000001,0.000002,0.000013,0.000050
694.137000,0.000076,0.000010,0.000000,0.000050,0.000016,0.000001
694.438000,0.000076,0.000025,0.000000,0.000027,0.000019,0.000004
694.585000,0.000076,0.000005,0.000001,0.000002,0.000048,0.000020
695.668000,0.000076,0.000002,0.000001,0.000017,0.000023,0.000033
695.865000,0.000076,0.000012,0.000000,0.000010,0.000019,0.000034
696.097000,0.000076,0.000010,0.000001,0.000008,0.000023,0.000034
696.103000,0.000076,0.000019,0.000000,0.000050,0.000003,0.000004
696.180000,0.000076,0.000028,0.000000,0.000014,0.000012,0.000022
696.819000,0.000076,0.000027,0.000001,0.000000,0.000034,0.000015
697.087000,0.000076,0.000000,0.000000,0.000009,0.000033,0.000034
697.184000,0.000076,0.000011,0.000000,0.000049,0.000015,0.000001
697.309000,0.000076,0.000011,0.000002,0.000010,0.000014,0.000038
697.829000,0.000076,0.000028,0.000000,0.000014,0.000009,0.000025
698.085000,0.000076,0.000043,0.000001,0.000000,0.000009,0.000023
698.431000,0.000076,0.000003,0.000000,0.000017,0.000022,0.000034
698.488000,0.000076,0.000000,0.000000,0.000009,0.000033,0.000034
698.659000,0.000076,0.000007,0.000001,0.000012,0.000022,0.000034
698.711000,0.000076,0.000025,0.000001,0.000027,0.000019,0.000004
698.792000,0.000076,0.000025,0.000000,0.000012,0.000017,0.000022
698.971000,0.000076,0.000009,0.000000,0.000004,0.000011,0.000052
699.242000,0.000076,0.000006,0.000000,0.000002,0.000050,0.000019
699.458000,0.000076,0.000004,0.000000,0.000002,0.000051,0.000019
699.752000,0.000076,0.000012,0.000002,0.000012,0.000014,0.000036
699.920000,0.000076,0.000002,0.000000,0.000016,0.000023,0.000035
699.931000,0.000076,0.000007,0.000000,0.000004,0.000061,0.000004
700.038000,0.000076,0.000030,0.000000,0.000002,0.000006,0.000038
700.087000,0.000076,0.000010,0.000000,0.000000,0.000010,0.000056
700.221000,0.000076,0.000006,0.000000,0.000014,0.000020,0.000037
700.523000,0.000076,0.000027,0.000001,0.000006,0.000006,0.000036
700.610000,0.000076,0.000019,0.000000,0.000045,0.000005,0.000006
700.867000,0.000076,0.000024,0.000001,0.000027,0.000020,0.000004
701.297000,0.000076,0.000003,0.000000,0.000003,0.000048,0.000023
701.388000,0.000076,0.000013,0.000001,0.000003,0.000059,0.000001
701.687000,0.000076,0.000025,0.000000,0.000015,0.000009,0.000027
701.871000,0.000076,0.000006,0.000000,0.000064,0.000005,0.000001
701.960000,0.000076,0.000011,0.000000,0.000003,0.000059,0.000003
702.037000,0.000076,0.000041,0.000002,0.000001,0.000010,0.000022
702.290000,0.000076,0.000013,0.000000,0.000008,0.000014,0.000040
702.414000,0.000076,0.000027,0.000000,0.000013,0.000013,0.000023
702.958000,0.000076,0.000011,0.000000,0.000005,0.000059,0.000001
703.001000,0.000076,0.000008,0.000000,0.000003,0.000060,0.000005
703.018000,0.000076,0.000020,0.000003,0.000028,0.000025,0.000001
703.615000,0.000076,0.000008,0.000000,0.000003,0.000060,0.000005
703.628000,0.000076,0.000015,0.000001,0.000010,0.000015,0.000036
703.895000,0.000076,0.000011,0.000000,0.000051,0.000010,0.000003
703.904000,0.000076,0.000009,0.000000,0.000013,0.000019,0.000035
704.085000,0.000076,0.000009,0.000001,0.000004,0.000013,0.000050
704.122000,0.000076,0.000004,0.000000,0.000001,0.000050,0.000021
704.350000,0.000076,0.000002,0.000001,0.000000,0.000054,0.000019
704.357000,0.000076,0.000011,0.000001,0.000050,0.000012,0.000003
704.423000,0.000076,0.000011,0.000001,0.000047,0.000016,0.000001
704.788000,0.000076,0.000020,0.000000,0.000045,0.000006,0.000005
704.966000,0.000076,0.000036,0.000000,0.000010,0.000015,0.000016
704.991000,0.000076,0.000008,0.000002,0.000010,0.000023,0.000033
705.333000,0.000076,0.000012,0.000001,0.000048,0.000014,0.000001
705.509000,0.000076,0.000007,0.000002,0.000016,0.000016,0.000034
705.706000,0.000076,0.000039,0.000001,0.000002,0.000012,0.000022
705.715000,0.000076,0.000042,0.000001,0.000000,0.000007,0.000026
705.789000,0.000076,0.000019,0.000000,0.000028,0.000025,0.000004
705.887000,0.000076,0.000027,0.000000,0.000006,0.000007,0.000036
706.181000,0.000076,0.000024,0.000000,0.000027,0.000020,0.000005
706.241000,0.000076,0.000004,0.000001,0.000065,0.000006,0.000000
706.855000,0.000076,0.000001,0.000003,0.000006,0.000047,0.000020
706.903000,0.000076,0.000007,0.000001,0.000014,0.000019,0.000036
706.983000,0.000076,0.000025,0.000000,0.000014,0.000015,0.000023
707.044000,0.000076,0.000036,0.000001,0.000005,0.000017,0.000018
707.188000,0.000076,0.000025,0.000000,0.000011,0.000018,0.000022
707.217000,0.000076,0.000026,0.000002,0.000006,0.000006,0.000036
707.551000,0.000076,0.000012,0.000000,0.000009,0.000022,0.000033
707.669000,0.000076,0.000009,0.000000,0.000010,0.000023,0.000034
707.747000,0.000076,0.000024,0.000000,0.000027,0.000020,0.000005
708.077000,0.000076,0.000042,0.000003,0.000002,0.000007,0.000022
708.086000,0.000076,0.000008,0.000000,0.000001,0.000010,0.000057
708.459000,0.000076,0.000012,0.000000,0.000008,0.000021,0.000035
708.614000,0.000076,0.000006,0.000000,0.000016,0.000017,0.000036
708.712000,0.000076,0.000026,0.000000,0.000027,0.000018,0.000005
708.762000,0.000076,0.000002,0.000000,0.000003,0.000047,0.000024
709.041000,0.000076,0.000000,0.000002,0.000002,0.000053,0.000020
709.303000,0.000076,0.000035,0.000000,0.000002,0.000010,0.000029
709.547000,0.000076,0.000005,0.000000,0.000001,0.000047,0.000023
709.790000,0.000076,0.000035,0.000000,0.000005,0.000017,0.000019
710.062000,0.000076,0.000005,0.000003,0.000000,0.000049,0.000019
710.086000,0.000076,0.000008,0.000000,0.000000,0.000010,0.000057
710.727000,0.000076,0.000022,0.000000,0.000000,0.000026,0.000028
710.873000,0.000076,0.000007,0.000002,0.000000,0.000048,0.000019
711.025000,0.000076,0.000012,0.000001,0.000058,0.000004,0.000001
711.212000,0.000076,0.000027,0.000000,0.000001,0.000013,0.000035
711.398000,0.000076,0.000010,0.000001,0.000011,0.000017,0.000037
711.448000,0.000076,0.000025,0.000000,0.000002,0.000017,0.000033
711.972000,0.000076,0.000006,0.000001,0.000001,0.000049,0.000019
712.202000,0.000076,0.000026,0.000000,0.000015,0.000010,0.000026
712.336000,0.000076,0.000006,0.000002,0.000002,0.000049,0.000018
712.476000,0.000076,0.000021,0.000001,0.000043,0.000007,0.000004
712.746000,0.000076,0.000009,0.000000,0.000009,0.000022,0.000035
713.305000,0.000076,0.000023,0.000001,0.000000,0.000027,0.000025
713.351000,0.000076,0.000004,0.000000,0.000002,0.000048,0.000023
713.564000,0.000076,0.000025,0.000000,0.000028,0.000020,0.000003
713.610000,0.000076,0.000024,0.000000,0.000002,0.000016,0.000033
713.753000,0.000076,0.000005,0.000000,0.000001,0.000049,0.000021
713.812000,0.000076,0.000018,0.000001,0.000051,0.000004,0.000002
713.831000,0.000076,0.000004,0.000002,0.000002,0.000045,0.000023
713.865000,0.000076,0.000013,0.000000,0.000009,0.000014,0.000040
714.090000,0.000076,0.000023,0.000000,0.000000,0.000026,0.000027
714.124000,0.000076,0.000012,0.000000,0.000010,0.000022,0.000033
714.191000,0.000076,0.000013,0.000001,0.000029,0.000030,0.000003
714.308000,0.000076,0.000035,0.000000,0.000008,0.000014,0.000018
714.452000,0.000076,0.000034,0.000001,0.000002,0.000009,0.000029
714.553000,0.000076,0.000022,0.000000,0.000000,0.000026,0.000028
714.641000,0.000076,0.000010,0.000000,0.000010,0.000025,0.000031
714.847000,0.000076,0.000040,0.000000,0.000002,0.000010,0.000024
714.958000,0.000076,0.000037,0.000000,0.000004,0.000017,0.000019
715.034000,0.000076,0.000026,0.000001,0.000006,0.000007,0.000036
715.472000,0.000076,0.000001,0.000001,0.000009,0.000032,0.000033
715.811000,0.000076,0.000004,0.000000,0.000001,0.000052,0.000019
715.825000,0.000076,0.000032,0.000000,0.000002,0.000011,0.000031
716.102000,0.000076,0.000013,0.000000,0.000009,0.000013,0.000041
716.165000,0.000076,0.000005,0.000003,0.000012,0.000023,0.000033
716.191000,0.000076,0.000032,0.000000,0.000005,0.000010,0.000028
716.383000,0.000076,0.000004,0.000000,0.000003,0.000045,0.000025
716.645000,0.000076,0.000005,0.000000,0.000001,0.000049,0.000021
716.660000,0.000076,0.000014,0.000000,0.000009,0.000021,0.000033
717.629000,0.000076,0.000038,0.000002,0.000003,0.000015,0.000019
717.918000,0.000076,0.000015,0.000000,0.000047,0.000003,0.000011
717.941000,0.000076,0.000004,0.000000,0.000000,0.000051,0.000020
718.040000,0.000076,0.000006,0.000000,0.000016,0.000018,0.000037
718.207000,0.000076,0.000004,0.000001,0.000003,0.000044,0.000024
718.315000,0.000076,0.000011,0.000000,0.000050,0.000010,0.000004
719.049000,0.000076,0.000007,0.000000,0.000002,0.000048,0.000019
719.051000,0.000076,0.000026,0.000000,0.000004,0.000032,0.000014
719.252000,0.000076,0.000035,0.000002,0.000001,0.000011,0.000028
719.310000,0.000076,0.000003,0.000001,0.000005,0.000063,0.000004
719.409000,0.000076,0.000002,0.000001,0.000001,0.000049,0.000024
719.619000,0.000076,0.000012,0.000000,0.000009,0.000021,0.000035
719.836000,0.000076,0.000012,0.000001,0.000029,0.000030,0.000004
719.943000,0.000076,0.000024,0.000000,0.000000,0.000028,0.000025
720.282000,0.000076,0.000004,0.000002,0.000000,0.000050,0.000020
720.659000,0.000076,0.000017,0.000003,0.000046,0.000003,0.000008
720.824000,0.000076,0.000023,0.000001,0.000008,0.000006,0.000039
720.919000,0.000076,0.000009,0.000001,0.000010,0.000023,0.000034
721.301000,0.000076,0.000025,0.000000,0.000014,0.000012,0.000025
721.469000,0.000076,0.000024,0.000000,0.000008,0.000015,0.000029
721.488000,0.000076,0.000019,0.000000,0.000050,0.000002,0.000005
721.622000,0.000076,0.000017,0.000003,0.000045,0.000005,0.000005
722.749000,0.000076,0.000026,0.000000,0.000006,0.000007,0.000037
722.851000,0.000076,0.000002,0.000000,0.000017,0.000024,0.000033
723.011000,0.000076,0.000004,0.000000,0.000007,0.000060,0.000005
723.426000,0.000076,0.000009,0.000000,0.000011,0.000019,0.000036
723.561000,0.000076,0.000011,0.000001,0.000009,0.000015,0.000040
723.842000,0.000076,0.000013,0.000000,0.000028,0.000029,0.000005
723.856000,0.000076,0.000024,0.000001,0.000007,0.000016,0.000029
724.238000,0.000076,0.000009,0.000000,0.000012,0.000019,0.000036
724.326000,0.000076,0.000011,0.000000,0.000052,0.000010,0.000003
724.434000,0.000076,0.000026,0.000000,0.000004,0.000032,0.000014
724.538000,0.000076,0.000010,0.000001,0.000010,0.000023,0.000032
724.573000,0.000076,0.000014,0.000000,0.000009,0.000020,0.000033
725.068000,0.000076,0.000007,0.000000,0.000017,0.000016,0.000036
725.243000,0.000076,0.000029,0.000002,0.000001,0.000007,0.000037
725.596000,0.000076,0.000014,0.000000,0.000010,0.000015,0.000036
725.724000,0.000076,0.000007,0.000000,0.000001,0.000058,0.000010
725.908000,0.000076,0.000007,0.000001,0.000012,0.000021,0.000035
725.935000,0.000076,0.000010,0.000001,0.000003,0.000057,0.000006
726.017000,0.000076,0.000009,0.000000,0.000013,0.000019,0.000036
726.337000,0.000076,0.000001,0.000000,0.000002,0.000049,0.000025
726.732000,0.000076,0.000026,0.000001,0.000004,0.000034,0.000011
727.507000,0.000076,0.000020,0.000000,0.000043,0.000003,0.000009
727.524000,0.000076,0.000001,0.000002,0.000001,0.000049,0.000022
727.893000,0.000076,0.000020,0.000000,0.000046,0.000002,0.000007
727.944000,0.000076,0.000009,0.000002,0.000012,0.000021,0.000032
727.965000,0.000076,0.000008,0.000001,0.000012,0.000019,0.000036
728.253000,0.000076,0.000027,0.000001,0.000003,0.000032,0.000013
728.445000,0.000076,0.000017,0.000001,0.000047,0.000002,0.000010
728.683000,0.000076,0.000009,0.000000,0.000000,0.000013,0.000054
728.927000,0.000076,0.000014,0.000000,0.000047,0.000004,0.000011
728.961000,0.000076,0.000025,0.000000,0.000028,0.000019,0.000004
729.015000,0.000076,0.000015,0.000000,0.000010,0.000014,0.000037
729.188000,0.000076,0.000034,0.000000,0.000008,0.000016,0.000018
729.581000,0.000076,0.000009,0.000001,0.000000,0.000012,0.000055
729.976000,0.000076,0.000025,0.000000,0.000014,0.000013,0.000024
730.073000,0.000076,0.000006,0.000000,0.000000,0.000054,0.000016
730.208000,0.000076,0.000026,0.000000,0.000002,0.000013,0.000036
730.317000,0.000076,0.000026,0.000000,0.000001,0.000012,0.000036
730.587000,0.000076,0.000015,0.000000,0.000010,0.000012,0.000039
730.657000,0.000076,0.000034,0.000000,0.000007,0.000016,0.000019
731.470000,0.000076,0.000024,0.000002,0.000000,0.000033,0.000017
731.827000,0.000076,0.000022,0.000000,0.000045,0.000002,0.000007
731.838000,0.000076,0.000024,0.000001,0.000002,0.000016,0.000032
731.892000,0.000076,0.000025,0.000002,0.000002,0.000032,0.000015
732.166000,0.000076,0.000027,0.000001,0.000013,0.000011,0.000025
732.492000,0.000076,0.000008,0.000001,0.000013,0.000018,0.000036
733.014000,0.000076,0.000008,0.000001,0.000011,0.000025,0.000031
733.487000,0.000076,0.000024,0.000002,0.000014,0.000014,0.000022
733.720000,0.000076,0.000022,0.000000,0.000001,0.000028,0.000025
733.862000,0.000076,0.000014,0.000000,0.000047,0.000004,0.000011
733.921000,0.000076,0.000023,0.000000,0.000008,0.000006,0.000039
734.367000,0.000076,0.000024,0.000000,0.000016,0.000010,0.000025
734.472000,0.000076,0.000008,0.000000,0.000002,0.000047,0.000019
734.580000,0.000076,0.000030,0.000000,0.000007,0.000011,0.000029
735.198000,0.000076,0.000010,0.000001,0.000003,0.000061,0.000001
735.503000,0.000076,0.000013,0.000000,0.000044,0.000010,0.000009
735.785000,0.000076,0.000023,0.000001,0.000009,0.000007,0.000036
735.875000,0.000076,0.000024,0.000000,0.000007,0.000006,0.000039
736.351000,0.000076,0.000014,0.000000,0.000011,0.000012,0.000039
736.611000,0.000076,0.000004,0.000002,0.000010,0.000030,0.000031
736.685000,0.000076,0.000006,0.000000,0.000001,0.000060,0.000009
736.720000,0.000076,0.000007,0.000000,0.000002,0.000060,0.000007
737.552000,0.000076,0.000005,0.000000,0.000007,0.000060,0.000005
737.652000,0.000076,0.000021,0.000000,0.000045,0.000002,0.000007
737.655000,0.000076,0.000005,0.000000,0.000000,0.000044,0.000027
737.963000,0.000076,0.000006,0.000000,0.000056,0.000011,0.000003
738.336000,0.000076,0.000005,0.000001,0.000002,0.000060,0.000008
738.783000,0.000076,0.000021,0.000001,0.000049,0.000001,0.000005
739.083000,0.000076,0.000005,0.000000,0.000056,0.000011,0.000003
739.284000,0.000076,0.000003,0.000000,0.000000,0.000045,0.000028
739.377000,0.000076,0.000003,0.000000,0.000003,0.000046,0.000024
739.506000,0.000076,0.000010,0.000000,0.000003,0.000062,0.000001
739.759000,0.000076,0.000027,0.000000,0.000005,0.000008,0.000037
740.024000,0.000076,0.000004,0.000001,0.000007,0.000059,0.000005
740.116000,0.000076,0.000024,0.000000,0.000003,0.000018,0.000032
740.227000,0.000076,0.000028,0.000000,0.000002,0.000005,0.000040
740.634000,0.000076,0.000007,0.000001,0.000003,0.000061,0.000004
740.715000,0.000076,0.000003,0.000000,0.000007,0.000062,0.000004
740.728000,0.000076,0.000004,0.000000,0.000007,0.000060,0.000005
740.902000,0.000076,0.000023,0.000000,0.000030,0.000019,0.000005
740.931000,0.000076,0.000006,0.000000,0.000057,0.000010,0.000003
741.310000,0.000076,0.000021,0.000000,0.000045,0.000002,0.000007
741.316000,0.000076,0.000009,0.000000,0.000002,0.000058,0.000008
741.504000,0.000076,0.000021,0.000000,0.000004,0.000014,0.000037
741.532000,0.000076,0.000028,0.000000,0.000005,0.000005,0.000037
741.670000,0.000076,0.000008,0.000003,0.000003,0.000061,0.000001
741.825000,0.000076,0.000031,0.000001,0.000006,0.000010,0.000029
741.849000,0.000076,0.000021,0.000000,0.000004,0.000014,0.000037
741.948000,0.000076,0.000006,0.000000,0.000011,0.000025,0.000034
742.130000,0.000076,0.000009,0.000000,0.000005,0.000052,0.000010
742.214000,0.000076,0.000003,0.000003,0.000001,0.000045,0.000025
742.474000,0.000076,0.000008,0.000000,0.000002,0.000059,0.000006
742.574000,0.000076,0.000021,0.000001,0.000046,0.000001,0.000007
742.633000,0.000076,0.000020,0.000001,0.000044,0.000007,0.000004
742.826000,0.000076,0.000009,0.000000,0.000002,0.000060,0.000006
743.136000,0.000076,0.000010,0.000000,0.000051,0.000010,0.000005
743.237000,0.000076,0.000011,0.000000,0.000010,0.000020,0.000034
743.343000,0.000076,0.000024,0.000000,0.000003,0.000017,0.000031
743.363000,0.000076,0.000009,0.000001,0.000010,0.000024,0.000032
743.684000,0.000076,0.000024,0.000000,0.000003,0.000017,0.000032
743.771000,0.000076,0.000024,0.000000,0.000005,0.000034,0.000013
743.820000,0.000076,0.000006,0.000000,0.000057,0.000009,0.000004
744.046000,0.000076,0.000026,0.000001,0.000004,0.000017,0.000028
744.074000,0.000076,0.000017,0.000000,0.000051,0.000008,0.000000
744.436000,0.000076,0.000025,0.000002,0.000007,0.000015,0.000026
746.231000,0.000076,0.000007,0.000000,0.000054,0.000010,0.000005
746.307000,0.000076,0.000006,0.000000,0.000000,0.000050,0.000020
746.353000,0.000076,0.000021,0.000000,0.000047,0.000001,0.000007
746.361000,0.000076,0.000023,0.000000,0.000028,0.000019,0.000005
746.427000,0.000076,0.000022,0.000001,0.000008,0.000007,0.000038
746.802000,0.000076,0.000022,0.000001,0.000005,0.000011,0.000037
746.975000,0.000076,0.000021,0.000001,0.000004,0.000014,0.000037
747.094000,0.000076,0.000015,0.000000,0.000011,0.000012,0.000038
747.434000,0.000076,0.000017,0.000000,0.000049,0.000007,0.000003
747.687000,0.000076,0.000023,0.000000,0.000048,0.000000,0.000006
747.786000,0.000076,0.000006,0.000002,0.000012,0.000023,0.000033
747.855000,0.000076,0.000009,0.000000,0.000011,0.000018,0.000037
748.324000,0.000076,0.000006,0.000000,0.000000,0.000050,0.000020
748.329000,0.000076,0.000004,0.000000,0.000001,0.000044,0.000027
748.499000,0.000076,0.000004,0.000000,0.000001,0.000042,0.000029
748.656000,0.000076,0.000014,0.000000,0.000044,0.000009,0.000009
748.853000,0.000076,0.000028,0.000003,0.000008,0.000010,0.000028
748.912000,0.000076,0.000029,0.000000,0.000002,0.000015,0.000030
749.103000,0.000076,0.000014,0.000000,0.000043,0.000012,0.000007
749.417000,0.000076,0.000010,0.000002,0.000010,0.000019,0.000034
749.435000,0.000076,0.000005,0.000000,0.000007,0.000058,0.000006
749.511000,0.000076,0.000008,0.000000,0.000000,0.000062,0.000006
749.517000,0.000076,0.000017,0.000001,0.000051,0.000005,0.000002
749.590000,0.000076,0.000021,0.000000,0.000005,0.000013,0.000037
749.700000,0.000076,0.000005,0.000002,0.000006,0.000059,0.000004
749.787000,0.000076,0.000023,0.000001,0.000027,0.000019,0.000006
750.262000,0.000076,0.000006,0.000003,0.000057,0.000009,0.000002
750.363000,0.000076,0.000002,0.000000,0.000003,0.000045,0.000026
750.576000,0.000076,0.000009,0.000001,0.000001,0.000057,0.000008
750.839000,0.000076,0.000005,0.000001,0.000007,0.000060,0.000003
751.256000,0.000076,0.000011,0.000001,0.000002,0.000051,0.000011
751.258000,0.000076,0.000021,0.000000,0.000005,0.000013,0.000036
751.274000,0.000076,0.000028,0.000000,0.000002,0.000016,0.000030
751.287000,0.000076,0.000024,0.000002,0.000008,0.000015,0.000027
751.396000,0.000076,0.000026,0.000000,0.000007,0.000017,0.000027
751.419000,0.000076,0.000026,0.000002,0.000001,0.000011,0.000036
751.523000,0.000076,0.000017,0.000001,0.000050,0.000008,0.000000
752.244000,0.000076,0.000017,0.000001,0.000052,0.000006,0.000000
752.502000,0.000076,0.000020,0.000000,0.000048,0.000000,0.000007
752.677000,0.000076,0.000004,0.000000,0.000001,0.000040,0.000030
752.823000,0.000076,0.000008,0.000000,0.000002,0.000045,0.000020
753.281000,0.000076,0.000005,0.000002,0.000054,0.000011,0.000003
753.285000,0.000076,0.000008,0.000000,0.000002,0.000059,0.000008
753.300000,0.000076,0.000023,0.000000,0.000004,0.000012,0.000037
753.542000,0.000076,0.000021,0.000001,0.000045,0.000002,0.000007
753.621000,0.000076,0.000027,0.000000,0.000004,0.000008,0.000037
753.730000,0.000076,0.000010,0.000001,0.000048,0.000012,0.000005
753.862000,0.000076,0.000020,0.000000,0.000047,0.000002,0.000007
754.206000,0.000076,0.000008,0.000001,0.000005,0.000061,0.000002
754.661000,0.000076,0.000022,0.000001,0.000008,0.000017,0.000028
754.943000,0.000076,0.000004,0.000000,0.000013,0.000025,0.000033
755.385000,0.000076,0.000016,0.000000,0.000051,0.000007,0.000001
755.412000,0.000076,0.000020,0.000000,0.000048,0.000000,0.000008
755.427000,0.000076,0.000005,0.000000,0.000055,0.000011,0.000006
755.810000,0.000076,0.000008,0.000001,0.000002,0.000058,0.000006
756.003000,0.000076,0.000010,0.000001,0.000001,0.000057,0.000007
756.404000,0.000076,0.000027,0.000003,0.000003,0.000006,0.000037
756.706000,0.000076,0.000006,0.000000,0.000004,0.000046,0.000020
756.840000,0.000076,0.000008,0.000001,0.000001,0.000058,0.000009
756.981000,0.000076,0.000003,0.000001,0.000003,0.000046,0.000023
757.336000,0.000076,0.000018,0.000000,0.000047,0.000008,0.000004
757.927000,0.000076,0.000003,0.000000,0.000003,0.000044,0.000026
757.999000,0.000076,0.000008,0.000000,0.000002,0.000057,0.000010
758.044000,0.000076,0.000009,0.000000,0.000003,0.000058,0.000006
758.482000,0.000076,0.000020,0.000000,0.000047,0.000006,0.000004
758.732000,0.000076,0.000004,0.000000,0.000001,0.000041,0.000029
758.887000,0.000076,0.000018,0.000000,0.000036,0.000014,0.000008
759.118000,0.000076,0.000024,0.000000,0.000003,0.000014,0.000036
759.595000,0.000076,0.000014,0.000000,0.000006,0.000040,0.000016
760.132000,0.000076,0.000005,0.000001,0.000054,0.000012,0.000005
760.185000,0.000076,0.000021,0.000002,0.000047,0.000000,0.000006
760.195000,0.000076,0.000020,0.000001,0.000034,0.000014,0.000008
760.228000,0.000076,0.000009,0.000001,0.000000,0.000012,0.000054
760.273000,0.000076,0.000013,0.000000,0.000007,0.000041,0.000015
760.318000,0.000076,0.000012,0.000000,0.000044,0.000014,0.000006
760.949000,0.000076,0.000015,0.000001,0.000046,0.000008,0.000005
761.056000,0.000076,0.000005,0.000000,0.000007,0.000057,0.000007
761.589000,0.000076,0.000006,0.000000,0.000002,0.000061,0.000008
761.856000,0.000076,0.000028,0.000000,0.000004,0.000006,0.000039
762.243000,0.000076,0.000022,0.000000,0.000033,0.000013,0.000008
762.285000,0.000076,0.000006,0.000000,0.000000,0.000052,0.000018
762.443000,0.000076,0.000027,0.000001,0.000005,0.000006,0.000037
762.691000,0.000076,0.000016,0.000001,0.000050,0.000006,0.000003
762.838000,0.000076,0.000020,0.000000,0.000034,0.000014,0.000008
762.909000,0.000076,0.000001,0.000003,0.000002,0.000044,0.000026
763.238000,0.000076,0.000009,0.000000,0.000001,0.000058,0.000007
763.977000,0.000076,0.000022,0.000001,0.000027,0.000019,0.000007
764.405000,0.000076,0.000009,0.000000,0.000000,0.000058,0.000009
764.535000,0.000076,0.000012,0.000000,0.000001,0.000051,0.000012
764.896000,0.000076,0.000007,0.000000,0.000002,0.000060,0.000007
765.139000,0.000076,0.000021,0.000000,0.000034,0.000013,0.000008
765.174000,0.000076,0.000014,0.000002,0.000042,0.000009,0.000008
765.330000,0.000076,0.000009,0.000000,0.000002,0.000058,0.000007
765.473000,0.000076,0.000005,0.000000,0.000000,0.000052,0.000019
765.683000,0.000076,0.000008,0.000000,0.000001,0.000057,0.000009
765.761000,0.000076,0.000026,0.000000,0.000002,0.000011,0.000037
765.858000,0.000076,0.000003,0.000001,0.000000,0.000042,0.000030
766.179000,0.000076,0.000024,0.000000,0.000003,0.000032,0.000016
766.267000,0.000076,0.000010,0.000000,0.000001,0.000053,0.000012
766.341000,0.000076,0.000016,0.000001,0.000050,0.000009,0.000001
766.366000,0.000076,0.000026,0.000002,0.000003,0.000010,0.000035
767.201000,0.000076,0.000021,0.000000,0.000004,0.000036,0.000015
767.377000,0.000076,0.000021,0.000000,0.000029,0.000019,0.000007
767.429000,0.000076,0.000018,0.000001,0.000004,0.000038,0.000014
767.498000,0.000076,0.000022,0.000000,0.000003,0.000033,0.000018
768.513000,0.000076,0.000008,0.000001,0.000003,0.000056,0.000008
768.660000,0.000076,0.000024,0.000002,0.000003,0.000012,0.000035
769.316000,0.000076,0.000011,0.000000,0.000002,0.000051,0.000012
769.574000,0.000076,0.000012,0.000001,0.000000,0.000011,0.000053
769.718000,0.000076,0.000003,0.000002,0.000001,0.000053,0.000016
770.968000,0.000076,0.000018,0.000000,0.000036,0.000014,0.000008
771.018000,0.000076,0.000023,0.000001,0.000002,0.000033,0.000017
771.186000,0.000076,0.000012,0.000001,0.000000,0.000011,0.000053
771.753000,0.000076,0.000009,0.000000,0.000002,0.000058,0.000007
771.837000,0.000076,0.000018,0.000000,0.000006,0.000038,0.000014
771.951000,0.000076,0.000006,0.000000,0.000052,0.000010,0.000009
773.038000,0.000076,0.000005,0.000001,0.000009,0.000056,0.000005
773.285000,0.000076,0.000016,0.000000,0.000039,0.000013,0.000008
774.041000,0.000076,0.000006,0.000002,0.000051,0.000010,0.000007
774.287000,0.000076,0.000015,0.000001,0.000010,0.000015,0.000036
774.518000,0.000076,0.000004,0.000000,0.000001,0.000051,0.000020
774.804000,0.000076,0.000021,0.000001,0.000032,0.000013,0.000009
774.882000,0.000076,0.000004,0.000000,0.000001,0.000053,0.000019
774.940000,0.000076,0.000017,0.000000,0.000007,0.000037,0.000015
775.096000,0.000076,0.000020,0.000002,0.000029,0.000019,0.000006
775.216000,0.000076,0.000009,0.000000,0.000000,0.000013,0.000054
775.620000,0.000076,0.000010,0.000000,0.000000,0.000012,0.000054
776.452000,0.000076,0.000019,0.000000,0.000006,0.000037,0.000014
776.540000,0.000076,0.000007,0.000002,0.000002,0.000056,0.000009
776.606000,0.000076,0.000020,0.000000,0.000002,0.000039,0.000015
776.747000,0.000076,0.000021,0.000000,0.000029,0.000017,0.000008
776.998000,0.000076,0.000003,0.000001,0.000004,0.000043,0.000025
777.242000,0.000076,0.000003,0.000000,0.000004,0.000044,0.000025
777.583000,0.000076,0.000018,0.000001,0.000003,0.000040,0.000014
777.786000,0.000076,0.000018,0.000000,0.000006,0.000037,0.000015
777.846000,0.000076,0.000022,0.000000,0.000002,0.000032,0.000020
777.860000,0.000076,0.000022,0.000002,0.000004,0.000032,0.000017
777.888000,0.000076,0.000018,0.000000,0.000004,0.000038,0.000016
777.937000,0.000076,0.000001,0.000000,0.000002,0.000043,0.000030
778.096000,0.000076,0.000018,0.000000,0.000003,0.000041,0.000014
778.353000,0.000076,0.000004,0.000003,0.000000,0.000049,0.000020
778.538000,0.000076,0.000018,0.000000,0.000005,0.000039,0.000015
778.548000,0.000076,0.000006,0.000000,0.000001,0.000059,0.000010
778.903000,0.000076,0.000005,0.000001,0.000006,0.000045,0.000020
779.076000,0.000076,0.000016,0.000000,0.000007,0.000036,0.000016
779.314000,0.000076,0.000025,0.000000,0.000006,0.000018,0.000028
779.725000,0.000076,0.000019,0.000001,0.000031,0.000017,0.000009
779.816000,0.000076,0.000003,0.000001,0.000001,0.000043,0.000028
780.054000,0.000076,0.000010,0.000000,0.000002,0.000053,0.000011
780.199000,0.000076,0.000020,0.000001,0.000001,0.000039,0.000015
780.670000,0.000076,0.000006,0.000000,0.000000,0.000049,0.000021
780.923000,0.000076,0.000011,0.000000,0.000007,0.000045,0.000013
781.103000,0.000076,0.000012,0.000000,0.000007,0.000039,0.000018
781.226000,0.000076,0.000025,0.000001,0.000003,0.000030,0.000017
781.684000,0.000076,0.000002,0.000000,0.000002,0.000052,0.000020
781.685000,0.000076,0.000022,0.000000,0.000000,0.000025,0.000029
781.932000,0.000076,0.000001,0.000000,0.000002,0.000043,0.000030
782.517000,0.000076,0.000018,0.000000,0.000006,0.000037,0.000015
782.673000,0.000076,0.000014,0.000000,0.000003,0.000044,0.000015
782.724000,0.000076,0.000012,0.000001,0.000005,0.000045,0.000012
782.981000,0.000076,0.000001,0.000000,0.000003,0.000043,0.000030
783.014000,0.000076,0.000013,0.000001,0.000041,0.000010,0.000012
783.082000,0.000076,0.000018,0.000000,0.000005,0.000038,0.000015
783.260000,0.000076,0.000008,0.000000,0.000001,0.000013,0.000054
783.671000,0.000076,0.000014,0.000000,0.000041,0.000008,0.000012
783.851000,0.000076,0.000004,0.000001,0.000003,0.000058,0.000010
784.096000,0.000076,0.000014,0.000003,0.000041,0.000008,0.000010
784.380000,0.000076,0.000020,0.000000,0.000030,0.000017,0.000009
784.388000,0.000076,0.000010,0.000001,0.000006,0.000044,0.000015
784.537000,0.000076,0.000012,0.000000,0.000007,0.000045,0.000012
784.651000,0.000076,0.000008,0.000001,0.000009,0.000049,0.000009
785.023000,0.000076,0.000003,0.000001,0.000002,0.000042,0.000028
785.950000,0.000076,0.000014,0.000001,0.000038,0.000013,0.000010
787.329000,0.000076,0.000002,0.000000,0.000003,0.000043,0.000028
787.399000,0.000076,0.000022,0.000001,0.000002,0.000031,0.000020
787.629000,0.000076,0.000006,0.000000,0.000006,0.000047,0.000018
788.486000,0.000076,0.000005,0.000000,0.000001,0.000051,0.000020
788.964000,0.000076,0.000012,0.000000,0.000006,0.000045,0.000013
789.530000,0.000076,0.000018,0.000000,0.000001,0.000037,0.000020
789.938000,0.000076,0.000009,0.000000,0.000008,0.000051,0.000008
789.966000,0.000076,0.000019,0.000001,0.000005,0.000036,0.000016
789.992000,0.000076,0.000018,0.000000,0.000005,0.000037,0.000016
790.025000,0.000076,0.000010,0.000000,0.000002,0.000050,0.000014
790.220000,0.000076,0.000016,0.000001,0.000006,0.000036,0.000016
790.331000,0.000076,0.000004,0.000000,0.000000,0.000051,0.000020
790.406000,0.000076,0.000022,0.000000,0.000000,0.000024,0.000030
791.036000,0.000076,0.000002,0.000000,0.000003,0.000040,0.000031
791.097000,0.000076,0.000010,0.000001,0.000006,0.000044,0.000015
791.489000,0.000076,0.000008,0.000000,0.000004,0.000050,0.000014
791.560000,0.000076,0.000011,0.000001,0.000007,0.000046,0.000012
791.655000,0.000076,0.000004,0.000001,0.000001,0.000051,0.000020
791.724000,0.000076,0.000014,0.000000,0.000004,0.000039,0.000018
792.091000,0.000076,0.000009,0.000000,0.000009,0.000049,0.000009
792.381000,0.000076,0.000009,0.000000,0.000000,0.000046,0.000021
793.316000,0.000076,0.000009,0.000001,0.000001,0.000046,0.000019
793.365000,0.000076,0.000014,0.000000,0.000038,0.000013,0.000011
793.664000,0.000076,0.000019,0.000000,0.000002,0.000036,0.000020
794.261000,0.000076,0.000014,0.000001,0.000005,0.000042,0.000015
794.285000,0.000076,0.000001,0.000001,0.000004,0.000043,0.000028
794.377000,0.000076,0.000010,0.000001,0.000006,0.000053,0.000006
795.148000,0.000076,0.000008,0.000000,0.000001,0.000047,0.000020
795.292000,0.000076,0.000005,0.000001,0.000006,0.000046,0.000018
795.361000,0.000076,0.000010,0.000004,0.000002,0.000051,0.000010
795.798000,0.000076,0.000015,0.000000,0.000003,0.000041,0.000016
796.559000,0.000076,0.000011,0.000001,0.000006,0.000053,0.000005
797.377000,0.000076,0.000009,0.000000,0.000008,0.000051,0.000008
798.797000,0.000076,0.000025,0.000001,0.000006,0.000017,0.000027
799.037000,0.000076,0.000022,0.000000,0.000000,0.000024,0.000030
799.532000,0.000076,0.000015,0.000000,0.000003,0.000042,0.000017
800.424000,0.000076,0.000013,0.000000,0.000005,0.000045,0.000013
800.556000,0.000076,0.000016,0.000001,0.000007,0.000038,0.000015
800.605000,0.000076,0.000003,0.000000,0.000003,0.000051,0.000019
801.118000,0.000076,0.000011,0.000002,0.000007,0.000053,0.000004
801.227000,0.000076,0.000004,0.000000,0.000001,0.000051,0.000020
801.297000,0.000076,0.000007,0.000000,0.000009,0.000049,0.000011
801.524000,0.000076,0.000004,0.000002,0.000007,0.000045,0.000018
801.721000,0.000076,0.000014,0.000000,0.000002,0.000045,0.000015
802.902000,0.000076,0.000020,0.000000,0.000005,0.000034,0.000017
804.137000,0.000076,0.000010,0.000000,0.000007,0.000044,0.000016
804.475000,0.000076,0.000012,0.000001,0.000006,0.000042,0.000015
804.613000,0.000076,0.000003,0.000000,0.000003,0.000051,0.000019
804.634000,0.000076,0.000003,0.000001,0.000003,0.000038,0.000030
804.793000,0.000076,0.000023,0.000000,0.000006,0.000018,0.000029
804.870000,0.000076,0.000016,0.000000,0.000007,0.000038,0.000015
805.997000,0.000076,0.000020,0.000000,0.000001,0.000039,0.000016
806.052000,0.000076,0.000011,0.000000,0.000007,0.000040,0.000017
806.161000,0.000076,0.000011,0.000000,0.000001,0.000048,0.000015
806.547000,0.000076,0.000008,0.000000,0.000008,0.000050,0.000010
806.708000,0.000076,0.000011,0.000003,0.000001,0.000048,0.000013
807.272000,0.000076,0.000013,0.000000,0.000005,0.000044,0.000014
808.115000,0.000076,0.000014,0.000001,0.000003,0.000044,0.000015
808.190000,0.000076,0.000010,0.000000,0.000008,0.000050,0.000008
808.281000,0.000076,0.000018,0.000001,0.000003,0.000034,0.000020
808.502000,0.000076,0.000012,0.000000,0.000007,0.000041,0.000016
808.970000,0.000076,0.000011,0.000002,0.000006,0.000043,0.000015
809.185000,0.000076,0.000019,0.000001,0.000000,0.000041,0.000016
809.936000,0.000076,0.000008,0.000002,0.000009,0.000050,0.000008
811.151000,0.000076,0.000013,0.000000,0.000005,0.000041,0.000016
811.499000,0.000076,0.000011,0.000002,0.000007,0.000050,0.000006
811.659000,0.000076,0.000012,0.000000,0.000007,0.000047,0.000011
811.790000,0.000076,0.000016,0.000000,0.000007,0.000037,0.000015
811.888000,0.000076,0.000010,0.000001,0.000008,0.000047,0.000009
812.315000,0.000076,0.000005,0.000003,0.000000,0.000047,0.000021
812.654000,0.000076,0.000021,0.000000,0.000001,0.000024,0.000030
812.756000,0.000076,0.000020,0.000001,0.000002,0.000029,0.000025
812.786000,0.000076,0.000010,0.000000,0.000008,0.000050,0.000008
813.624000,0.000076,0.000011,0.000001,0.000001,0.000047,0.000016
813.859000,0.000076,0.000011,0.000001,0.000004,0.000044,0.000017
813.926000,0.000076,0.000015,0.000000,0.000004,0.000041,0.000017
813.928000,0.000076,0.000016,0.000000,0.000002,0.000038,0.000020
814.417000,0.000076,0.000015,0.000003,0.000008,0.000037,0.000013
814.716000,0.000076,0.000021,0.000000,0.000002,0.000033,0.000020
814.728000,0.000076,0.000020,0.000000,0.000001,0.000034,0.000021
815.752000,0.000076,0.000020,0.000002,0.000001,0.000030,0.000023
816.132000,0.000076,0.000003,0.000000,0.000001,0.000050,0.000022
816.141000,0.000076,0.000021,0.000000,0.000003,0.000032,0.000020
817.417000,0.000076,0.000003,0.000000,0.000003,0.000050,0.000020
817.648000,0.000076,0.000010,0.000000,0.000004,0.000045,0.000018
817.771000,0.000076,0.000013,0.000001,0.000004,0.000041,0.000017
819.778000,0.000076,0.000018,0.000000,0.000000,0.000042,0.000015
820.377000,0.000076,0.000014,0.000000,0.000003,0.000044,0.000015
820.783000,0.000076,0.000021,0.000000,0.000004,0.000031,0.000020
820.934000,0.000076,0.000016,0.000001,0.000001,0.000039,0.000020
820.963000,0.000076,0.000021,0.000000,0.000000,0.000039,0.000016
821.936000,0.000076,0.000020,0.000002,0.000001,0.000027,0.000026
822.124000,0.000076,0.000005,0.000000,0.000000,0.000049,0.000022
822.556000,0.000076,0.000014,0.000001,0.000038,0.000013,0.000011
823.245000,0.000076,0.000020,0.000000,0.000000,0.000033,0.000022
823.317000,0.000076,0.000019,0.000001,0.000001,0.000039,0.000016
823.363000,0.000076,0.000009,0.000001,0.000009,0.000047,0.000010
823.546000,0.000076,0.000020,0.000000,0.000002,0.000039,0.000015
823.614000,0.000076,0.000018,0.000000,0.000003,0.000036,0.000019
823.814000,0.000076,0.000020,0.000000,0.000003,0.000027,0.000026
824.000000,0.000076,0.000013,0.000000,0.000001,0.000046,0.000015
824.167000,0.000076,0.000013,0.000000,0.000004,0.000044,0.000015
824.712000,0.000076,0.000020,0.000000,0.000001,0.000035,0.000020
825.231000,0.000076,0.000013,0.000000,0.000005,0.000042,0.000016
826.214000,0.000076,0.000019,0.000000,0.000003,0.000039,0.000015
826.220000,0.000076,0.000019,0.000000,0.000003,0.000039,0.000015
826.878000,0.000076,0.000009,0.000000,0.000000,0.000042,0.000024
827.007000,0.000076,0.000020,0.000001,0.000000,0.000039,0.000016
827.118000,0.000076,0.000014,0.000000,0.000005,0.000041,0.000016
827.137000,0.000076,0.000008,0.000003,0.000003,0.000047,0.000016
828.745000,0.000076,0.000011,0.000000,0.000000,0.000047,0.000018
828.856000,0.000076,0.000019,0.000001,0.000002,0.000028,0.000026
829.757000,0.000076,0.000009,0.000000,0.000009,0.000047,0.000012
829.972000,0.000076,0.000010,0.000000,0.000000,0.000043,0.000023
830.152000,0.000076,0.000019,0.000000,0.000004,0.000038,0.000015
830.250000,0.000076,0.000009,0.000001,0.000001,0.000043,0.000023
830.395000,0.000076,0.000011,0.000001,0.000006,0.000042,0.000016
830.469000,0.000076,0.000011,0.000000,0.000000,0.000047,0.000018
830.660000,0.000076,0.000008,0.000001,0.000000,0.000048,0.000019
830.990000,0.000076,0.000012,0.000001,0.000005,0.000040,0.000019
831.599000,0.000076,0.000020,0.000000,0.000001,0.000032,0.000023
831.958000,0.000076,0.000015,0.000000,0.000001,0.000040,0.000020
832.429000,0.000076,0.000017,0.000001,0.000004,0.000036,0.000018
832.553000,0.000076,0.000014,0.000001,0.000000,0.000046,0.000015
833.138000,0.000076,0.000009,0.000003,0.000000,0.000043,0.000021
833.256000,0.000076,0.000014,0.000000,0.000001,0.000045,0.000016
834.017000,0.000076,0.000008,0.000001,0.000010,0.000045,0.000011
834.086000,0.000076,0.000008,0.000000,0.000001,0.000043,0.000024
834.468000,0.000076,0.000006,0.000002,0.000000,0.000045,0.000024
835.013000,0.000076,0.000006,0.000000,0.000001,0.000047,0.000021
837.209000,0.000076,0.000013,0.000001,0.000005,0.000039,0.000019
837.597000,0.000076,0.000013,0.000000,0.000003,0.000040,0.000020
838.255000,0.000076,0.000019,0.000000,0.000002,0.000033,0.000023
839.029000,0.000076,0.000010,0.000000,0.000000,0.000042,0.000023
840.455000,0.000076,0.000013,0.000000,0.000006,0.000040,0.000016
841.181000,0.000076,0.000011,0.000000,0.000002,0.000045,0.000018
841.377000,0.000076,0.000006,0.000001,0.000002,0.000046,0.000020
841.519000,0.000076,0.000006,0.000001,0.000003,0.000045,0.000022
842.115000,0.000076,0.000017,0.000000,0.000003,0.000037,0.000018
842.172000,0.000076,0.000013,0.000001,0.000000,0.000046,0.000016
842.520000,0.000076,0.000005,0.000000,0.000000,0.000047,0.000024
842.849000,0.000076,0.000015,0.000000,0.000005,0.000041,0.000014
845.030000,0.000076,0.000015,0.000002,0.000002,0.000038,0.000019
845.274000,0.000076,0.000009,0.000001,0.000001,0.000043,0.000022
847.003000,0.000076,0.000004,0.000000,0.000000,0.000047,0.000025
847.043000,0.000076,0.000007,0.000000,0.000002,0.000044,0.000023
847.114000,0.000076,0.000013,0.000001,0.000004,0.000040,0.000020
847.554000,0.000076,0.000004,0.000000,0.000000,0.000047,0.000025
850.898000,0.000076,0.000020,0.000000,0.000001,0.000033,0.000023
851.206000,0.000076,0.000010,0.000001,0.000000,0.000041,0.000024
852.523000,0.000076,0.000016,0.000002,0.000003,0.000037,0.000018
854.306000,0.000076,0.000017,0.000000,0.000002,0.000041,0.000015
855.732000,0.000076,0.000017,0.000000,0.000004,0.000036,0.000019
856.323000,0.000076,0.000017,0.000001,0.000002,0.000042,0.000014
856.784000,0.000076,0.000005,0.000000,0.000000,0.000047,0.000024
856.861000,0.000076,0.000017,0.000000,0.000005,0.000037,0.000018
857.232000,0.000076,0.000010,0.000001,0.000000,0.000041,0.000024
859.318000,0.000076,0.000011,0.000000,0.000000,0.000041,0.000024
859.778000,0.000076,0.000016,0.000000,0.000004,0.000037,0.000019
859.780000,0.000076,0.000006,0.000000,0.000000,0.000046,0.000024
865.644000,0.000076,0.000019,0.000000,0.000000,0.000032,0.000025
868.372000,0.000076,0.000016,0.000000,0.000004,0.000038,0.000018
870.039000,0.000076,0.000017,0.000000,0.000005,0.000037,0.000017
870.549000,0.000076,0.000016,0.000000,0.000002,0.000034,0.000024
871.849000,0.000076,0.000018,0.000001,0.000005,0.000036,0.000017
873.361000,0.000076,0.000009,0.000001,0.000000,0.000042,0.000024
875.784000,0.000076,0.000017,0.000001,0.000004,0.000036,0.000018
875.842000,0.000076,0.000019,0.000001,0.000001,0.000032,0.000024
876.860000,0.000076,0.000017,0.000000,0.000002,0.000033,0.000024
882.463000,0.000076,0.000010,0.000000,0.000000,0.000041,0.000024
882.967000,0.000076,0.000017,0.000000,0.000004,0.000037,0.000018
884.869000,0.000076,0.000009,0.000000,0.000001,0.000041,0.000025
885.211000,0.000076,0.000016,0.000001,0.000005,0.000033,0.000021
885.878000,0.000076,0.000019,0.000000,0.000002,0.000033,0.000022
887.934000,0.000076,0.000018,0.000000,0.000003,0.000032,0.000024
892.506000,0.000076,0.000015,0.000000,0.000005,0.000034,0.000022
895.636000,0.000076,0.000019,0.000000,0.000003,0.000033,0.000021
895.690000,0.000076,0.000016,0.000000,0.000005,0.000035,0.000020
896.325000,0.000076,0.000016,0.000001,0.000006,0.000034,0.000019
899.452000,0.000076,0.000017,0.000000,0.000002,0.000032,0.000025
900.090000,0.000076,0.000017,0.000000,0.000005,0.000034,0.000020
901.653000,0.000076,0.000018,0.000001,0.000003,0.000033,0.000020
902.028000,0.000076,0.000010,0.000000,0.000001,0.000041,0.000025
902.325000,0.000076,0.000016,0.000000,0.000007,0.000031,0.000022
902.342000,0.000152,0.000028,0.000000,0.000004,0.000071,0.000048
903.365000,0.000076,0.000019,0.000001,0.000002,0.000032,0.000022
903.422000,0.000076,0.000019,0.000000,0.000000,0.000033,0.000024
904.147000,0.000076,0.000017,0.000002,0.000002,0.000033,0.000023
904.234000,0.000076,0.000017,0.000000,0.000003,0.000036,0.000020
904.541000,0.000076,0.000018,0.000000,0.000000,0.000034,0.000024
905.092000,0.000076,0.000020,0.000000,0.000002,0.000031,0.000023
905.569000,0.000076,0.000017,0.000001,0.000004,0.000036,0.000018
906.320000,0.000076,0.000019,0.000000,0.000000,0.000033,0.000024
909.770000,0.000076,0.000015,0.000000,0.000007,0.000032,0.000021
909.989000,0.000076,0.000009,0.000001,0.000000,0.000041,0.000024
910.218000,0.000076,0.000008,0.000000,0.000001,0.000042,0.000026
914.278000,0.000076,0.000018,0.000000,0.000001,0.000033,0.000024
915.242000,0.000076,0.000018,0.000001,0.000003,0.000033,0.000021
921.885000,0.000076,0.000018,0.000002,0.000001,0.000033,0.000023
923.124000,0.000076,0.000009,0.000001,0.000000,0.000041,0.000026
928.369000,0.000076,0.000018,0.000000,0.000003,0.000035,0.000020
936.132000,0.000076,0.000019,0.000001,0.000000,0.000033,0.000023
941.993000,0.000076,0.000020,0.000000,0.000003,0.000032,0.000021
953.211000,0.000076,0.000018,0.000001,0.000006,0.000032,0.000019
955.902000,0.000076,0.000019,0.000002,0.000004,0.000032,0.000019
957.363000,0.000076,0.000017,0.000001,0.000003,0.000034,0.000020
961.714000,0.000076,0.000018,0.000001,0.000006,0.000033,0.000018
