t,finish1,finish2,finish3,release1,release2,release3,start1,start2,start3
0.003103,1,0,0,1,1,1,1,1,0
0.013093,0,0,1,1,0,0,1,0,1
0.020500,1,0,0,1,1,1,1,0,0
0.021500,0,1,1,0,0,1,0,0,1
0.026225,1,0,0,0,0,1,0,0,1
0.035079,0,0,1,1,1,1,0,0,1
0.038411,0,0,1,0,0,1,1,0,1
0.044664,0,0,0,1,0,0,0,1,1
0.047914,0,1,0,1,0,1,1,0,1
0.053414,1,1,1,1,0,1,1,1,0
0.062254,0,1,0,0,1,0,1,1,0
0.063455,1,0,0,0,0,0,0,0,1
0.071360,1,0,0,0,0,1,0,0,0
0.077325,0,0,1,1,1,0,1,1,1
0.084496,0,1,1,1,1,0,0,1,0
0.086988,0,0,0,0,0,1,1,0,1
0.090307,1,1,1,1,0,1,1,0,0
0.095666,0,1,1,1,1,1,0,1,1
0.098124,0,0,0,0,0,0,0,0,1
0.099753,1,0,1,0,0,1,1,0,1
0.109476,0,0,0,0,1,1,0,0,1
0.113036,1,0,0,1,0,0,0,0,0
0.121433,0,0,0,1,0,0,0,0,0
0.124255,0,1,1,1,0,1,1,1,0
0.126103,1,0,0,0,0,1,1,0,1
0.130850,0,0,0,1,0,1,1,0,1
0.136114,0,0,1,1,1,1,1,1,0
0.145051,1,1,1,1,1,0,1,0,0
0.150001,0,0,0,0,0,0,1,0,0
0.155302,0,0,0,0,1,1,0,1,1
0.162027,0,0,0,1,0,0,1,1,0
0.166392,1,0,1,1,1,0,1,1,0
0.173456,1,0,0,1,1,1,0,0,0
0.176439,1,1,1,1,0,1,0,1,0
0.180848,1,0,0,1,1,1,0,0,1
0.184044,0,0,1,1,0,1,0,0,0
0.192143,0,0,0,1,1,1,0,1,0
0.193893,0,1,1,1,0,1,0,1,0
0.202842,1,1,1,0,1,0,1,1,1
0.206937,1,1,1,0,0,1,1,0,0
0.209902,0,0,0,1,1,1,1,0,0
0.216801,1,0,1,0,0,1,1,0,1
0.226337,1,1,0,1,0,1,0,1,0
0.235693,0,1,1,1,1,0,1,0,1
0.239146,1,0,0,1,0,1,1,1,1
0.242151,0,1,0,0,1,0,0,0,1
0.251765,1,1,0,1,0,0,0,0,1
0.253784,0,1,1,1,1,1,0,1,1
0.259487,1,0,0,0,0,1,0,0,1
0.261717,0,0,1,0,0,1,0,0,1
0.266387,0,0,0,1,0,1,1,0,1
0.276048,1,1,0,0,0,1,0,1,0
0.281869,0,0,1,0,1,0,0,1,0
0.289169,0,1,1,1,0,1,0,0,1
0.292496,1,0,0,1,0,0,1,0,0
0.296078,1,0,0,1,1,0,0,0,1
0.305199,0,0,0,0,0,1,0,0,0
0.310699,0,1,1,0,0,1,1,1,1
0.318410,0,1,0,0,1,0,1,1,1
0.321852,0,0,0,1,0,0,0,0,0
0.324570,1,1,0,0,1,0,0,0,0
0.326855,1,0,1,1,1,1,0,1,1
0.336698,0,0,0,0,1,0,0,0,0
0.338217,0,0,0,0,0,0,0,1,1
0.340868,1,1,1,1,0,1,0,1,0
0.344264,0,0,0,1,0,0,1,0,0
0.353004,1,1,0,1,1,0,0,0,0
0.354051,1,1,1,0,0,1,1,0,0
0.363016,0,0,1,1,0,1,0,1,0
0.368332,1,0,0,1,1,0,0,0,1
0.371582,1,0,0,1,0,0,1,1,1
0.378176,1,1,1,1,0,1,1,0,0
0.382358,0,0,1,0,1,0,1,0,1
0.384312,1,1,1,0,1,1,0,0,0
0.391099,1,0,0,0,0,0,1,0,1
0.399545,0,0,1,1,0,0,1,0,1
0.402456,1,0,1,1,1,1,1,1,1
0.404139,0,1,0,0,1,0,0,1,1
0.406721,1,0,1,0,1,0,1,0,0
0.416006,1,1,0,0,0,0,1,0,0
0.418534,1,0,1,0,0,1,0,1,0
0.425915,0,0,0,0,0,0,1,0,1
0.433061,1,0,0,0,1,0,0,0,0
0.442257,0,1,1,1,0,1,0,0,1
0.446099,1,0,0,0,0,0,1,0,1
0.450261,0,0,0,0,0,1,1,1,0
0.456043,1,0,1,0,0,0,0,1,0
0.460485,0,1,0,0,0,0,0,1,0
0.465431,0,0,0,1,1,0,1,1,0
0.471547,0,0,1,1,1,0,0,1,1
0.476869,0,0,1,0,1,1,0,1,0
0.482631,0,0,1,1,1,0,1,1,1
0.487432,0,1,1,0,0,1,0,0,0
0.495841,1,1,0,0,0,1,0,0,0
0.497772,0,1,1,0,0,1,1,0,1
0.505065,1,1,1,0,0,0,0,0,0
0.514465,1,0,1,0,1,1,0,0,0
0.516463,0,0,1,1,1,1,0,0,0
0.523694,0,0,0,0,0,0,1,1,0
0.530051,1,1,1,1,0,0,0,1,1
0.539440,1,0,0,0,0,1,1,0,0
0.547436,0,0,0,1,1,1,0,0,0
0.557335,1,0,1,0,1,1,1,1,1
0.562310,0,0,1,0,1,0,0,1,1
0.566103,0,1,0,0,0,1,0,0,0
0.575627,0,1,0,1,0,1,0,1,0
0.582531,1,0,0,1,1,0,1,0,1
0.588181,0,0,0,0,0,0,0,1,1
0.590520,0,1,0,0,1,0,0,0,0
0.600111,1,0,0,0,1,0,1,1,0
0.602001,0,1,0,0,1,1,0,1,0
0.607671,0,0,0,1,0,1,0,1,0
0.617321,0,1,1,1,1,1,1,1,0
0.626580,0,0,0,0,1,0,1,1,0
0.629511,1,1,0,0,0,0,1,0,0
0.632671,1,1,0,0,1,1,0,1,0
0.636682,0,0,1,0,1,0,1,0,0
0.640068,1,1,1,0,0,1,1,0,1
0.648664,1,0,0,0,1,1,1,1,0
0.654677,1,0,0,0,1,1,1,0,0
0.656267,0,0,0,1,1,0,1,0,0
0.660151,0,0,1,0,1,0,0,1,1
0.666426,1,1,0,1,1,1,0,0,0
0.670770,0,1,1,1,0,1,1,1,1
0.679244,1,0,0,1,0,1,0,0,0
0.681900,0,1,0,0,0,0,1,1,1
0.686002,0,1,1,1,1,0,0,1,0
0.694854,1,0,0,0,1,0,0,1,0
0.697633,0,0,1,1,0,0,0,0,1
0.702365,0,1,0,1,0,0,0,1,0
0.710592,1,0,0,1,1,1,1,0,1
0.716803,1,1,1,1,0,1,0,0,0
0.723475,1,1,1,1,0,1,1,1,1
0.730097,0,1,0,0,0,0,1,0,1
0.733343,0,1,0,0,1,1,0,0,1
0.742272,0,0,1,0,1,0,1,1,1
0.751143,1,1,0,0,0,0,0,1,1
0.757492,0,0,1,0,0,1,1,1,0
0.761328,1,1,1,1,1,0,1,0,0
0.763965,1,0,1,1,0,0,1,1,0
0.772854,0,1,0,0,1,0,0,1,0
0.778309,0,0,1,1,1,1,0,0,1
0.784787,1,0,1,0,1,1,0,0,1
0.790529,1,1,1,1,0,1,1,0,1
0.794449,1,0,0,1,1,0,1,1,1
0.803618,1,0,0,0,1,1,1,0,1
0.810997,0,1,1,0,1,0,1,0,0
0.819483,1,0,1,1,0,1,1,0,1
0.822120,0,0,0,1,1,0,0,0,0
0.829170,1,0,0,1,0,1,1,1,1
0.835334,1,1,1,1,1,0,0,1,1
0.838260,1,0,1,0,0,1,0,1,1
0.842332,1,1,1,1,1,0,1,0,1
0.850771,1,1,0,1,0,0,1,1,0
0.853732,0,0,0,1,0,0,0,0,1
0.855184,0,1,1,0,1,0,1,0,1
0.858768,0,0,1,0,1,0,1,1,1
0.861242,1,0,1,0,0,0,0,0,1
0.866402,1,1,1,0,1,0,0,0,1
0.874522,0,1,1,1,0,0,1,1,1
0.878082,1,0,0,1,1,0,0,1,1
0.883033,0,0,0,0,0,1,1,1,1
0.885873,1,1,0,0,0,0,0,0,0
0.893637,0,1,1,1,1,1,0,1,0
0.901967,0,0,1,0,1,0,1,1,1
0.905280,1,0,0,0,1,0,1,1,1
0.914131,1,0,0,1,0,0,0,1,0
0.916987,0,1,1,0,0,1,0,1,0
0.921479,1,1,1,1,0,0,0,1,0
0.926364,1,1,0,1,1,0,1,0,0
0.933559,0,0,0,0,1,0,0,0,0
0.940043,1,1,0,1,0,1,1,1,1
0.943984,0,0,0,0,1,0,0,1,0
0.950580,0,0,1,1,0,0,0,1,1
0.953749,1,0,1,0,1,1,1,1,1
0.961296,0,1,1,0,1,0,0,0,0
0.970139,0,0,0,0,1,1,1,0,0
0.977436,1,1,1,0,0,1,1,0,0
0.983770,1,1,1,1,1,1,1,1,0
0.987123,0,1,1,0,1,1,1,0,0
0.992452,0,1,1,1,0,0,0,1,1
0.994829,1,1,0,1,1,1,0,0,0
0.997257,1,1,0,0,0,0,0,1,1
0.998257,1,0,1,0,0,1,1,0,0
1.000442,0,0,0,0,0,0,0,0,1
1.006562,0,1,0,0,0,0,1,1,0
1.015228,1,0,1,0,0,0,0,1,1
1.016228,0,0,0,1,0,0,1,0,0
1.017728,0,0,0,0,1,0,0,1,1
1.021402,1,0,1,0,1,1,0,0,1
1.023199,1,0,1,1,1,0,1,1,0
1.027098,0,1,0,1,1,1,1,0,1
1.028098,1,1,1,1,1,1,0,1,1
1.036454,1,0,0,0,1,1,1,0,0
1.037853,0,1,0,1,1,0,0,0,1
1.044797,0,1,1,1,0,1,0,0,1
1.048851,0,0,1,1,0,1,1,0,1
1.054441,1,1,1,1,1,1,1,1,1
1.063257,1,0,0,1,1,0,0,0,1
1.068699,0,1,1,0,0,1,0,0,0
1.077981,1,0,1,0,1,0,1,1,0
1.085392,0,1,0,1,0,1,1,1,1
1.088927,0,0,1,1,0,1,0,1,0
1.096683,1,0,0,0,0,1,1,0,0
1.106402,1,0,0,0,1,1,0,1,1
1.109516,0,1,1,1,0,1,0,1,0
1.114088,0,1,1,1,0,1,1,0,0
1.118592,0,1,0,0,0,1,1,0,0
1.126126,0,1,0,0,0,1,1,1,0
1.135941,0,1,0,0,0,1,1,0,1
1.142837,1,1,0,1,1,0,1,1,1
1.143993,0,1,0,0,0,1,0,1,1
1.146896,0,1,0,1,1,1,1,0,1
1.153144,0,0,1,1,0,0,0,1,0
1.160130,1,0,0,1,0,1,1,0,0
1.161549,0,1,1,1,0,0,1,0,1
1.164662,0,0,1,0,1,1,1,0,0
1.165819,1,0,0,1,1,1,1,0,1
1.167554,0,0,0,1,0,1,0,0,0
1.171102,1,1,1,0,1,1,0,1,1
1.180619,1,0,0,1,1,0,0,0,0
1.189805,1,1,0,0,0,1,1,1,0
1.193605,0,0,1,0,1,0,0,0,0
1.197191,1,0,0,1,1,1,1,0,1
1.203260,1,0,0,1,0,0,0,1,1
1.213126,0,0,0,0,1,1,1,0,1
1.218308,1,1,1,0,0,1,0,1,1
1.226029,0,0,0,0,0,1,1,1,0
1.227854,1,1,0,1,1,0,1,0,0
1.235486,0,1,1,1,0,0,1,0,1
1.241332,1,0,1,1,0,0,0,1,1
1.249832,1,1,1,0,1,1,1,0,0
1.250832,1,1,0,1,0,1,0,0,0
1.252348,0,1,0,0,0,1,0,0,1
1.261982,1,0,1,0,0,0,0,1,0
1.264733,1,1,0,0,0,0,1,1,1
1.268521,0,1,0,0,1,1,0,1,1
1.275036,0,1,1,1,1,0,0,1,1
1.282547,1,1,1,0,1,1,1,0,1
1.292282,0,0,0,0,1,1,0,0,1
1.300202,0,1,0,1,1,1,0,1,0
1.301202,1,1,0,0,0,0,1,1,0
1.310602,1,0,1,1,0,1,0,1,1
1.316984,0,0,1,1,0,1,1,1,1
1.323332,1,1,0,0,1,1,1,0,1
1.332132,1,1,0,1,1,1,0,0,0
1.340532,0,0,1,0,1,1,1,0,0
1.344287,1,1,1,1,1,1,0,1,0
1.350537,1,1,1,1,1,0,1,1,0
1.359724,0,0,1,1,1,0,1,0,1
1.367557,1,0,1,0,0,0,1,1,0
1.368742,0,0,1,1,1,1,0,1,0
1.371972,1,0,1,1,1,0,1,0,1
1.379942,1,0,1,1,1,0,1,0,1
1.389088,0,0,0,0,0,0,1,0,1
1.391878,0,1,1,1,1,0,0,1,1
1.397921,1,0,1,0,0,0,1,0,0
1.407679,0,0,0,1,0,0,0,1,0
1.412430,0,1,0,1,1,0,1,0,1
1.414525,1,0,0,1,0,0,0,0,0
1.419844,0,1,0,0,1,0,1,0,0
1.427696,1,0,1,1,1,1,0,1,1
1.431676,0,1,1,0,0,1,1,1,1
1.433068,1,0,1,1,0,1,1,0,1
1.438792,0,1,0,0,0,1,1,1,1
1.439883,1,0,1,1,0,1,0,0,0
1.449099,1,1,0,1,0,1,1,1,0
1.451646,0,1,1,1,0,1,1,0,0
1.453883,1,1,1,0,0,1,0,1,1
1.460625,0,0,1,0,1,0,1,1,1
1.463664,1,1,1,1,1,0,1,1,1
1.467355,0,0,1,1,1,0,1,0,1
1.470867,1,0,1,1,0,1,0,0,0
1.473067,0,1,1,1,1,1,1,0,1
1.479849,0,0,0,1,0,1,1,0,1
1.482399,0,1,1,1,1,1,1,1,1
1.491685,1,1,1,0,0,1,1,0,0
1.498692,0,0,1,1,1,0,0,1,1
1.502280,1,1,1,1,1,1,1,0,0
1.504531,0,1,0,0,1,0,0,1,1
1.507743,0,1,0,1,0,1,1,0,1
1.517008,1,0,1,1,1,0,1,1,1
1.518045,1,1,1,0,1,0,1,1,0
1.519992,0,1,0,1,0,0,1,0,1
1.523628,0,1,1,1,0,1,1,1,1
1.527562,0,0,0,1,0,1,0,1,0
1.531972,0,0,1,0,0,1,0,1,0
1.538758,0,0,0,1,0,0,0,1,0
1.546286,0,1,0,0,0,0,1,1,1
1.551704,1,1,1,1,1,1,1,0,1
1.560370,0,1,1,0,0,1,1,1,1
1.566513,0,1,0,0,0,1,0,0,0
1.575378,1,1,1,1,1,0,0,0,1
1.580805,0,1,1,1,0,0,1,1,1
1.587090,1,1,1,1,0,1,1,0,0
1.593804,0,0,1,1,0,1,0,0,1
1.600359,1,0,1,0,1,1,1,0,0
1.609890,0,0,0,1,1,1,0,0,1
1.612119,0,0,1,0,0,1,1,0,0
1.620483,1,0,0,1,1,0,0,1,0
1.625221,0,0,0,0,0,0,1,1,1
1.634146,1,0,1,0,1,1,1,1,1
1.639646,1,0,1,1,1,1,1,1,0
1.645796,0,0,0,1,0,0,0,0,0
1.648339,0,0,1,0,0,1,0,1,1
1.654630,1,1,1,0,1,0,1,1,1
1.663135,0,1,1,1,0,1,0,0,1
1.671878,0,1,1,0,0,0,1,0,1
1.679162,1,0,1,1,1,1,1,1,1
1.687454,1,1,1,0,1,1,0,0,0
1.693610,1,1,1,1,1,1,1,1,1
1.700073,0,1,0,0,0,0,0,1,0
1.707179,0,1,1,1,0,1,0,0,1
1.715386,0,1,1,0,0,1,0,0,0
1.724306,1,1,0,1,1,1,0,1,1
1.726891,1,1,0,0,0,0,1,0,0
1.728181,0,1,1,1,1,1,0,0,0
1.732079,0,0,1,1,0,0,0,1,1
1.740037,1,0,0,1,1,1,1,1,0
1.745477,1,1,0,1,1,1,0,0,1
1.750311,1,0,1,1,0,1,0,1,0
1.754238,1,1,1,1,1,0,0,1,1
1.759719,1,0,0,1,1,1,0,0,0
1.765822,0,1,0,1,1,0,0,1,1
1.768963,1,1,1,0,1,0,1,0,0
1.770951,1,1,0,0,1,0,1,1,1
1.773959,1,0,0,1,0,1,0,1,0
1.780158,0,1,0,0,1,1,0,0,0
1.781333,1,1,0,0,1,0,0,1,0
1.788527,1,1,1,1,0,1,1,0,1
1.793774,0,0,0,0,0,0,0,0,1
1.801130,1,1,1,1,0,0,1,1,1
1.804070,1,0,1,1,0,1,0,0,0
1.810204,0,1,0,0,1,1,1,1,0
1.812946,1,1,1,0,1,0,1,1,0
1.817770,0,1,0,0,1,0,0,1,1
1.820435,1,0,0,0,0,0,1,0,1
1.829993,0,0,1,0,1,1,0,1,1
1.837074,0,1,0,0,1,1,1,0,0
1.844574,0,0,1,1,0,1,0,0,1
1.849011,0,0,0,1,0,1,1,0,1
1.856102,1,0,1,1,1,0,0,0,1
1.860082,1,0,1,1,0,1,0,1,0
1.867460,1,0,1,0,1,0,0,0,0
1.869939,1,0,1,1,0,0,1,1,0
1.871910,1,1,0,0,0,1,1,1,1
1.879583,1,1,1,1,0,0,0,0,1
1.881974,0,0,0,1,1,1,1,1,0
1.884345,0,1,1,1,0,1,1,0,0
1.893318,1,0,0,1,0,0,1,0,1
1.898547,1,0,0,0,0,0,0,0,0
1.900590,1,0,0,0,1,0,0,0,1
1.905689,1,0,0,1,1,1,0,1,1
1.907289,0,0,1,1,0,0,0,0,1
1.910702,0,1,1,1,1,1,0,1,1
1.919182,1,0,0,1,1,1,1,0,0
1.928333,0,0,0,1,1,0,1,1,1
1.930572,1,1,0,1,1,1,0,1,1
1.937304,1,1,0,0,0,0,1,1,0
1.944281,0,0,1,1,0,1,1,0,1
1.950516,1,1,0,1,1,0,1,1,0
1.958683,1,1,0,0,0,1,0,0,1
1.965717,1,0,0,0,0,1,0,0,0
1.968391,0,1,0,1,0,0,1,1,1
1.970546,0,0,1,1,1,1,1,1,0
1.974397,0,0,0,0,0,0,0,1,0
1.983392,0,0,1,1,1,1,1,0,1
1.990598,0,0,0,0,0,1,1,0,0
1.999287,1,1,0,0,1,0,1,1,0
2.004772,0,0,1,1,1,1,0,1,1
2.014603,0,1,0,0,0,0,1,0,0
2.021553,0,1,0,1,1,1,1,1,1
2.028361,1,0,1,1,1,0,0,0,0
2.033816,0,1,0,1,0,0,0,1,0
2.040385,1,0,0,0,1,1,0,1,0
2.045422,0,1,1,0,0,0,0,1,0
2.055306,1,0,1,0,1,1,1,0,0
2.061650,0,0,0,0,0,0,1,1,0
2.069749,0,1,1,1,0,0,0,0,1
2.077033,0,0,0,1,1,1,1,1,0
2.084122,1,1,0,1,1,1,1,0,0
2.093952,0,1,0,0,1,1,0,0,0
2.096482,1,1,1,0,0,1,0,1,1
2.103175,0,1,1,1,1,0,0,0,1
2.109949,1,0,1,0,1,0,0,1,1
2.118887,0,1,1,1,0,1,0,1,1
2.126918,1,0,0,1,1,0,1,0,0
2.130162,0,1,1,1,0,1,0,1,1
2.132729,1,0,1,0,0,1,0,1,1
2.138859,0,1,1,1,1,1,1,0,0
2.144500,1,0,1,1,1,0,0,0,1
2.153870,1,0,0,1,0,0,0,1,1
2.158954,0,0,1,1,0,0,0,0,1
2.159954,0,0,0,1,0,0,1,1,1
2.166804,0,0,0,1,1,1,1,1,0
2.168959,1,0,0,0,1,1,1,0,1
2.170214,0,1,1,0,0,1,0,1,0
2.178850,1,0,1,0,1,1,1,0,1
2.185289,0,1,0,1,0,1,0,1,1
2.187214,1,0,0,0,0,1,1,0,1
2.191935,1,1,0,0,1,1,1,0,0
2.193819,1,0,1,1,0,0,1,0,1
2.199568,0,1,0,1,0,1,0,1,1
2.203823,1,1,1,0,1,1,0,0,0
2.212941,1,1,1,1,0,0,0,1,1
2.218162,0,1,1,0,1,0,1,0,0
2.226414,0,0,0,1,0,0,0,0,0
2.235191,0,0,1,1,0,0,0,0,0
2.237698,0,1,1,1,0,1,1,1,0
2.241507,1,0,0,1,0,1,1,0,0
2.245593,0,1,1,0,1,0,1,0,0
2.254471,1,0,0,0,1,0,1,1,0
2.261782,1,0,0,1,0,1,0,0,1
2.263324,0,1,1,1,0,0,1,0,1
2.266498,1,0,0,1,0,1,1,0,0
2.270494,1,1,1,1,0,1,1,1,0
2.275746,1,1,0,1,0,0,1,0,0
2.277608,1,0,1,0,0,1,0,0,1
2.285758,0,0,1,0,1,0,1,0,1
2.292961,0,0,1,0,0,1,0,0,1
2.300726,0,0,1,0,1,1,0,1,0
2.304562,1,0,0,1,0,0,0,0,0
2.307833,0,1,1,1,0,1,0,0,1
2.315952,1,0,1,0,1,0,0,1,0
2.325094,0,0,0,1,0,0,1,1,1
2.326146,0,1,1,1,1,1,0,1,0
2.329379,1,0,0,1,0,0,1,0,1
2.332272,0,1,0,1,0,1,1,0,0
2.338771,0,0,0,0,1,0,0,1,0
2.347227,0,1,1,1,0,0,1,0,0
2.348255,1,1,1,1,1,1,1,1,1
2.351445,1,0,1,1,1,0,0,1,0
2.356072,1,0,1,1,0,1,0,0,1
2.363028,1,1,0,1,1,1,1,1,1
2.365548,1,1,0,0,1,0,1,0,1
2.369453,0,0,0,0,1,0,0,0,0
2.372367,0,1,0,1,1,0,1,0,0
2.375906,0,0,0,0,1,0,1,0,0
2.380725,1,1,1,1,0,1,1,1,0
2.382774,1,0,0,0,0,1,0,0,1
2.392177,0,0,0,0,1,0,0,0,1
2.393370,1,1,1,0,1,0,1,1,0
2.394511,1,1,1,1,0,1,0,0,0
2.399383,0,0,1,1,1,1,1,1,1
2.405536,0,1,1,1,0,0,0,1,0
2.412002,1,0,0,1,1,0,0,1,1
2.414257,1,1,1,0,1,0,0,0,1
2.422148,0,1,0,0,0,0,1,1,0
2.428578,1,1,0,1,1,1,1,1,0
2.432690,1,0,1,1,0,0,1,1,0
2.434338,1,1,0,1,0,0,1,1,0
2.441587,1,1,0,1,0,0,1,1,1
2.443778,1,0,0,0,1,0,0,0,0
2.452233,0,1,1,1,0,0,0,0,0
2.454002,1,0,0,0,0,1,0,1,0
2.458815,0,0,1,1,0,1,1,0,1
2.464867,1,1,0,1,1,1,1,0,0
2.468368,0,0,0,1,1,1,1,1,0
2.470493,1,0,0,0,0,1,1,0,1
2.472396,0,1,0,1,1,0,0,1,0
2.475860,1,0,1,0,1,1,0,0,1
2.479032,0,0,0,0,1,0,1,0,1
2.487235,1,0,1,1,0,0,0,0,1
2.491260,0,1,0,1,0,0,0,0,1
2.496778,0,0,0,0,0,0,1,1,1
2.504141,1,1,1,1,1,1,0,1,0
2.509365,0,1,1,0,1,0,1,1,1
2.511670,0,0,0,1,1,0,1,1,1
2.521370,0,0,1,0,0,0,1,0,1
2.529487,0,1,0,0,0,0,1,0,1
2.531962,0,1,1,0,0,0,0,1,1
2.533395,1,0,0,1,0,0,1,0,0
2.538045,0,1,0,1,0,0,0,0,1
2.544339,1,1,1,1,0,1,0,0,1
2.553080,1,1,1,0,1,0,0,0,0
2.554330,0,0,0,1,0,1,0,0,1
2.562130,0,1,0,0,0,0,0,1,0
2.563756,0,1,0,0,0,0,0,1,0
2.569527,1,0,0,1,1,0,1,0,1
2.573849,1,1,0,1,1,0,0,1,0
2.577388,0,0,1,0,1,0,1,0,1
2.586127,0,0,0,0,1,0,0,0,0
2.587422,0,0,1,0,0,0,0,0,0
2.589554,1,0,0,1,0,0,0,1,0
2.592882,1,0,1,1,1,0,1,0,0
2.594230,0,0,0,0,0,1,0,1,0
2.596678,0,1,0,0,1,0,0,0,1
2.601184,1,0,0,0,1,0,1,1,1
2.603796,1,1,0,1,0,0,0,1,0
2.607803,1,0,1,0,1,0,1,0,0
2.610283,0,0,1,0,0,0,0,0,0
2.615584,1,0,0,1,0,1,0,0,1
2.622250,1,1,0,1,0,1,1,1,0
2.625285,0,0,1,0,1,1,1,0,0
2.630815,1,1,0,1,1,0,0,0,0
2.632097,1,0,1,0,1,0,0,1,0
2.639397,0,1,1,0,0,1,0,0,0
2.648762,0,0,1,0,0,1,0,1,1
2.651215,1,0,1,1,1,1,0,1,1
2.656012,0,0,1,0,0,0,1,0,0
2.661340,0,1,1,1,0,0,0,0,1
2.666779,1,1,1,0,0,1,1,1,0
2.675830,1,1,0,0,1,0,0,0,1
2.684614,0,1,1,1,0,1,0,0,1
2.686814,1,0,1,0,1,1,0,0,1
2.696149,0,1,0,0,0,1,1,1,1
2.701063,0,1,1,0,1,0,1,1,0
2.709100,0,0,0,1,1,1,0,0,0
2.713192,1,0,1,0,1,1,1,0,0
2.714747,1,0,0,0,0,1,1,1,0
2.722347,0,0,1,1,1,1,0,1,0
2.725859,0,1,0,1,1,1,1,1,1
2.729012,1,1,1,1,0,1,1,1,1
2.736202,1,0,0,1,1,0,1,0,1
2.744063,1,1,0,1,0,0,1,1,1
2.747686,0,1,0,1,0,1,1,0,1
2.754870,0,0,1,1,0,0,1,1,0
2.759702,0,1,1,0,1,1,0,1,1
2.761550,1,0,0,0,0,1,1,0,0
2.764717,1,0,1,1,1,1,0,1,1
2.767103,1,1,0,1,0,1,0,0,0
2.776120,1,1,0,0,0,1,1,1,0
2.782653,1,0,1,0,0,1,1,0,0
2.789565,1,0,1,0,0,0,0,1,1
2.796912,0,1,1,0,1,1,0,1,1
2.806894,1,0,0,1,1,1,1,1,0
2.814897,1,1,0,1,1,1,1,0,1
2.816473,1,1,1,0,1,0,1,1,1
2.821229,1,1,0,1,1,0,0,1,0
2.823052,0,1,0,0,0,0,0,0,0
2.829218,1,1,1,1,1,0,1,0,1
2.836354,0,1,1,1,1,0,1,0,0
2.845153,1,1,0,0,0,1,0,1,0
2.852591,0,1,1,0,0,1,1,1,0
2.860431,1,1,0,0,0,1,0,1,0
2.864166,1,0,1,0,1,0,1,0,0
2.872104,1,0,0,1,0,1,0,0,1
2.873602,1,0,1,0,0,1,0,0,0
2.879958,1,1,0,1,0,1,0,1,1
2.884329,1,0,1,0,1,1,0,1,0
2.893032,0,0,0,1,1,1,0,0,1
2.899481,0,1,0,1,0,1,1,0,0
2.906559,1,0,1,1,1,1,1,0,1
2.913117,0,0,1,0,0,1,1,0,1
2.917849,0,0,1,1,1,0,1,0,1
2.926330,1,0,1,1,1,1,1,1,1
2.929302,1,1,0,1,0,0,0,1,1
2.937956,1,0,0,1,0,1,1,1,1
2.945102,0,1,1,1,0,1,1,1,0
2.947466,0,0,1,0,0,0,1,0,0
2.949577,0,1,0,1,1,1,1,1,1
2.957317,0,0,1,0,0,0,1,0,0
2.959969,1,0,1,1,1,1,1,1,1
2.961531,0,0,0,0,0,0,1,0,1
2.968908,1,1,0,0,0,0,1,0,0
2.976940,0,1,0,1,0,0,0,0,1
2.981228,0,0,1,1,0,1,1,0,1
2.986514,1,0,1,1,0,0,1,0,0
2.995200,1,0,0,1,0,1,1,0,0
2.998610,0,1,0,0,1,1,0,0,1
3.006143,0,1,0,0,0,1,0,1,0
3.011092,0,0,0,1,1,1,1,1,1
3.012092,0,0,1,1,0,0,0,0,0
3.019867,1,0,1,0,1,0,0,0,0
3.024515,1,0,1,0,0,1,0,1,0
3.029385,1,0,1,0,1,1,1,1,1
3.035109,0,0,0,1,1,0,1,0,1
3.039632,0,1,1,1,0,1,1,1,0
3.048285,1,1,0,0,1,0,0,1,1
3.056516,0,0,0,1,1,1,1,0,0
3.060115,0,1,1,0,1,0,0,0,1
3.066860,1,0,0,1,1,0,0,1,1
3.074806,1,1,1,1,1,0,1,0,0
3.081452,0,1,0,1,1,1,0,0,0
3.088904,0,0,0,0,0,1,0,1,0
3.097499,1,1,1,0,0,0,1,1,0
3.101648,1,0,0,0,1,1,0,1,0
3.105304,1,1,0,1,1,0,1,1,1
3.106941,0,0,0,1,0,0,0,1,0
3.115012,0,1,0,0,0,1,1,0,0
3.121454,0,0,0,0,1,0,0,0,0
3.124425,1,0,0,0,0,1,1,1,0
3.125907,0,0,0,1,1,1,0,1,0
3.130270,0,1,1,0,1,1,1,0,1
3.137696,0,1,0,1,0,1,0,0,0
3.145802,1,1,1,0,0,0,1,0,0
3.149880,0,1,1,0,1,1,0,1,1
3.151283,1,0,0,1,0,0,1,0,0
3.152790,0,0,1,0,1,0,1,0,1
3.157032,1,0,1,1,0,1,1,0,0
3.162228,0,0,0,1,0,0,0,0,0
3.171729,0,1,0,0,1,1,0,0,1
3.177887,0,0,0,1,1,0,0,1,1
3.182742,1,0,0,1,1,1,0,1,1
3.188917,0,1,1,1,1,0,0,1,1
3.195797,1,0,1,1,0,1,1,0,0
3.200740,1,1,0,0,0,0,0,1,1
3.206353,0,1,1,1,0,0,0,1,0
3.210921,1,0,1,0,0,0,0,1,1
3.215200,1,1,1,0,1,1,1,0,1
3.221986,0,0,0,1,0,0,1,1,1
3.230949,1,1,1,1,1,0,1,0,0
3.237925,0,1,1,1,0,1,0,1,1
3.242347,1,1,1,0,0,0,0,1,1
3.250517,0,0,0,1,1,1,1,0,0
3.256682,0,0,1,0,1,0,1,1,1
3.261033,0,0,1,1,1,1,0,0,0
3.267548,1,1,0,0,0,1,1,0,1
3.276034,1,0,0,0,1,0,1,1,0
3.284398,1,0,0,0,0,1,0,1,0
3.288651,1,0,1,1,0,1,1,0,0
3.291200,1,1,1,0,0,0,1,1,0
3.300455,1,1,0,0,1,1,1,1,0
3.303135,1,1,0,1,0,1,0,0,0
3.312779,0,1,0,1,1,1,0,1,1
3.319426,0,1,0,0,1,0,1,0,0
3.324107,0,1,1,1,1,1,1,1,0
3.327519,1,0,0,1,0,0,0,1,0
3.336142,0,0,0,0,1,1,1,0,0
3.337168,0,0,0,0,1,0,1,1,0
3.340298,1,1,0,1,1,0,1,0,0
3.344484,0,0,0,0,0,1,1,0,0
3.346970,0,0,0,1,1,1,0,0,1
3.355729,0,1,0,1,0,1,1,0,0
3.362016,1,1,1,0,1,0,0,1,1
3.368170,1,0,0,0,0,0,0,0,1
3.372051,0,0,1,1,1,1,0,0,0
3.378007,0,1,1,0,0,0,1,1,0
3.382545,0,0,1,1,0,1,1,1,1
3.392293,1,0,0,0,0,1,0,1,0
3.399431,1,0,0,1,0,1,0,1,0
3.403828,1,0,1,0,1,1,1,0,1
3.413521,0,0,0,0,0,0,1,1,1
3.419658,0,0,0,0,1,0,0,1,0
3.422688,0,1,0,0,1,1,1,0,1
3.424364,0,1,1,1,1,0,0,1,0
3.432435,0,0,0,1,1,1,1,1,1
3.436621,1,0,1,1,1,0,1,0,1
3.445176,1,0,0,1,1,1,1,0,0
3.450347,1,1,0,1,1,0,1,1,0
3.453181,1,1,0,1,1,1,1,1,0
3.456377,1,0,1,0,0,1,0,1,1
3.459716,1,1,1,0,1,1,1,1,1
3.462391,1,1,0,0,0,1,1,0,1
3.466391,1,0,0,0,1,1,0,1,1
3.471891,1,0,1,0,0,0,1,1,0
3.473225,0,0,0,1,0,0,1,1,0
3.479696,1,0,0,1,0,1,0,0,1
3.481429,0,0,0,1,0,0,1,0,0
3.483016,1,1,1,1,1,0,1,0,0
3.487448,1,0,0,1,1,1,0,0,1
3.494796,0,1,1,0,1,1,0,1,1
3.503265,1,1,0,1,1,0,0,0,1
3.509979,1,0,1,0,0,1,0,1,1
3.518088,0,1,1,0,1,1,1,0,1
3.523494,1,0,0,1,1,0,0,0,0
3.526022,0,0,0,0,0,0,1,1,1
3.534895,1,0,0,0,1,1,1,1,0
3.542977,1,0,1,0,0,1,0,1,0
3.548563,0,0,0,1,0,1,0,1,1
3.554407,0,0,1,1,0,1,1,0,0
3.560417,0,1,1,1,1,0,0,0,1
3.565845,1,0,0,0,0,0,0,0,0
3.568237,0,1,1,1,1,1,0,0,1
3.574456,0,1,0,1,0,1,1,1,1
3.583027,1,0,0,1,0,1,0,1,0
3.588561,0,1,0,1,1,1,0,0,1
3.592486,0,0,0,1,1,0,1,0,0
3.597659,0,0,0,0,0,1,1,0,1
3.601692,1,0,1,0,1,1,1,0,0
3.607839,1,1,1,0,1,0,1,1,0
3.609574,1,0,0,0,0,0,1,1,0
3.613932,1,0,1,1,1,1,0,1,0
3.621081,1,1,0,0,1,1,1,0,0
3.624064,0,0,0,0,0,1,0,1,1
3.628572,0,0,1,1,0,1,1,1,1
3.632593,0,0,1,1,0,0,0,1,1
3.635859,1,1,0,1,1,0,1,1,1
3.638954,0,0,0,0,0,0,0,1,0
3.642413,1,0,1,0,1,1,1,0,1
3.651713,0,1,0,0,1,0,0,1,0
3.660329,0,0,1,0,0,1,1,0,1
3.670118,0,1,0,0,1,1,1,1,1
3.674718,0,1,1,0,0,0,1,1,1
3.676578,0,1,1,1,1,0,0,0,0
3.685832,1,1,0,0,1,1,1,1,1
3.690481,1,1,1,1,0,1,0,1,1
3.693256,1,0,1,1,1,1,1,0,1
3.695523,1,0,0,1,0,1,1,1,1
3.700049,1,1,0,1,1,0,1,0,1
3.703219,0,0,0,0,1,1,1,0,0
3.705424,1,1,1,0,0,1,0,0,1
3.709393,0,1,0,0,0,1,1,0,0
3.714051,1,0,0,0,0,0,0,1,0
3.722963,1,0,0,1,0,1,0,1,1
3.730130,1,0,0,0,1,1,1,1,1
3.731213,1,0,1,1,0,0,0,0,0
3.737705,0,0,1,1,1,1,1,0,1
3.741244,1,1,1,1,0,1,0,1,1
3.743257,1,0,1,0,0,1,0,0,1
3.744726,1,1,1,1,1,0,0,1,0
3.746089,0,1,0,0,1,1,0,0,1
3.755626,0,0,1,0,1,1,0,1,1
3.763826,0,1,0,0,1,0,0,1,0
3.769529,0,1,0,1,1,1,1,1,0
3.771792,1,0,1,0,1,1,0,0,1
3.779509,1,1,1,0,0,0,0,0,0
3.780509,1,1,0,0,0,0,1,1,1
3.788861,1,1,1,0,0,1,1,1,0
3.790832,1,1,1,0,0,0,1,0,1
3.799821,1,0,1,0,0,0,1,0,1
3.806608,0,0,1,1,1,0,1,1,0
3.816094,1,1,1,0,0,1,1,0,0
3.824989,1,1,0,0,1,1,0,0,0
3.834898,0,1,1,0,1,0,1,1,1
3.841581,1,0,0,0,1,0,0,0,0
3.846952,0,0,0,0,1,0,0,0,1
3.851455,1,0,0,0,1,1,0,1,1
3.853171,1,1,1,1,1,0,0,0,1
3.860330,1,0,1,0,0,1,0,0,1
3.869468,1,1,0,0,0,0,0,1,0
3.875286,0,0,1,0,1,1,1,0,1
3.882031,1,1,0,1,1,1,1,1,1
3.889200,0,1,1,1,0,0,1,0,0
3.895347,1,1,1,0,0,0,0,1,1
3.896917,0,1,0,1,1,1,0,1,1
3.900551,0,1,0,0,1,0,0,1,0
3.907323,1,0,1,0,0,1,1,1,1
3.910285,0,1,0,0,1,1,0,0,0
3.916679,1,1,0,1,0,1,0,1,0
3.923849,0,0,1,0,0,1,0,0,1
3.931903,1,0,1,1,1,0,1,0,1
3.936230,1,0,1,1,1,1,1,0,1
3.945001,1,1,1,0,1,0,1,1,0
3.946419,0,1,0,1,1,1,0,0,0
3.951292,1,0,1,0,1,1,1,1,0
3.959188,1,1,0,0,0,1,1,1,0
3.967623,0,1,1,0,0,0,0,1,0
3.971620,0,0,1,0,1,1,0,0,1
3.976595,1,0,0,0,1,1,1,0,0
3.984857,0,1,1,0,0,1,1,0,1
3.993066,1,0,1,0,0,1,1,0,1
3.996652,0,0,0,1,0,0,0,1,0
4.005742,1,0,1,1,1,1,0,1,0
4.007079,0,1,0,0,0,1,0,1,1
4.013196,0,1,0,1,1,1,0,1,0
4.018304,0,1,0,0,0,0,1,1,1
4.027868,1,0,1,1,1,1,0,0,0
4.033766,0,0,1,1,1,1,0,1,0
4.040461,0,1,1,1,1,1,0,1,0
4.049870,0,1,0,0,1,1,1,0,0
4.051429,1,0,1,1,1,0,1,0,1
4.055966,0,0,0,1,1,0,0,0,1
4.063494,0,0,1,0,0,1,0,1,0
4.065586,0,1,0,0,0,0,0,1,0
4.074970,0,1,1,1,1,0,0,1,1
4.083121,1,1,0,0,0,1,1,0,1
4.089527,1,1,1,0,1,1,0,0,1
4.092788,0,1,0,1,0,1,1,0,1
4.099010,0,0,1,0,0,0,1,0,0
4.107350,0,0,1,1,1,1,0,1,0
4.111509,1,0,0,0,0,0,0,0,0
4.117164,0,1,1,0,1,1,0,1,0
4.118654,0,1,1,0,0,1,0,0,1
4.124983,1,0,1,1,0,1,0,0,1
4.130276,1,0,1,0,1,0,1,0,0
4.140247,1,1,1,0,1,1,0,0,0
4.150000,0,1,0,0,1,1,1,0,0
4.151399,1,1,0,0,0,0,0,1,1
4.154059,0,0,1,0,0,1,0,0,0
4.160984,1,1,1,0,1,0,1,1,0
4.170901,1,1,1,0,1,0,1,1,1
4.180765,1,1,0,1,0,0,0,1,1
4.188490,0,1,0,0,1,1,1,0,1
4.194064,1,0,1,1,0,1,1,1,1
4.201698,1,0,1,0,0,1,0,0,1
4.210581,1,0,1,0,1,1,1,0,0
4.212989,1,0,0,0,0,0,0,1,1
4.219728,1,0,1,1,0,0,1,1,0
4.221108,0,0,1,0,1,1,1,1,1
4.224720,1,1,1,1,0,0,1,0,1
4.226427,1,0,1,0,1,1,0,1,0
4.231250,0,0,0,1,1,0,0,0,1
4.238437,0,0,0,1,1,0,0,1,1
4.243624,1,0,0,0,1,1,1,0,1
4.248002,0,1,1,1,0,0,1,0,1
4.249889,0,1,0,1,0,0,1,0,0
4.253499,0,1,1,0,1,1,0,0,1
4.259119,0,1,0,1,1,1,1,0,0
4.266704,1,1,0,1,0,0,0,0,0
4.268040,0,0,0,0,0,0,1,1,0
4.271920,0,0,1,1,0,1,1,0,0
4.279943,0,1,1,0,0,1,0,1,0
4.288914,0,1,0,0,0,1,0,1,0
4.294838,0,0,0,1,1,0,0,0,1
4.303838,0,1,0,1,0,1,0,1,0
4.313071,0,0,0,1,0,1,0,0,1
4.321880,0,0,0,1,0,0,0,0,0
4.325565,0,0,1,0,0,1,0,1,0
4.327110,0,0,0,1,1,1,1,1,0
4.331618,1,1,0,0,0,0,0,1,1
4.339926,1,1,1,0,1,0,1,0,1
4.349345,1,0,1,1,0,1,0,0,0
4.351165,0,0,0,0,0,1,0,0,1
4.352165,0,1,1,0,0,1,0,1,0
4.356657,0,0,1,0,0,0,0,1,1
4.362256,1,1,1,1,1,1,1,0,0
4.371502,0,0,1,1,0,0,0,0,0
4.372724,0,0,1,1,1,0,0,1,0
4.378366,0,1,0,0,1,0,0,1,1
4.386191,0,0,1,1,1,0,1,0,0
4.392827,1,0,0,1,1,0,0,0,0
4.397985,0,1,1,0,1,0,0,0,1
4.405157,0,0,0,1,0,1,1,0,1
4.409041,0,0,0,1,0,1,1,1,1
4.414984,0,0,1,0,1,1,0,0,0
4.419976,1,1,1,0,1,0,1,0,1
4.428405,1,1,1,0,0,0,0,0,1
4.434297,0,1,0,1,1,1,0,1,0
4.436463,1,0,1,0,0,0,0,1,1
4.443148,0,1,0,0,0,1,1,0,0
4.447843,1,1,0,1,1,1,0,0,0
4.455029,0,0,0,1,1,1,1,1,0
4.462583,0,1,1,1,0,1,1,1,1
4.465252,0,0,1,1,1,1,0,1,1
4.467589,1,0,1,0,1,0,0,1,1
4.474061,0,0,0,0,0,0,0,1,0
4.478709,0,1,1,1,0,1,0,1,1
4.483051,1,1,1,1,1,0,0,1,1
4.491387,1,1,1,1,1,1,1,0,1
4.496707,0,0,0,0,0,0,0,0,1
4.506491,0,0,0,1,0,1,0,1,1
4.514939,1,0,0,1,1,0,1,0,0
4.516926,0,0,0,0,0,1,1,1,1
4.522326,0,1,1,0,0,1,1,0,1
4.527546,0,0,1,0,0,0,0,0,0
4.536816,0,1,0,1,0,0,1,0,0
4.545136,0,0,1,1,1,0,0,1,1
4.548889,0,0,0,0,0,1,0,0,1
4.552868,1,0,0,1,1,0,0,1,1
4.559600,1,0,0,1,1,1,0,1,0
4.568307,0,1,0,0,0,1,0,1,0
4.569390,1,0,0,1,1,0,1,0,1
4.571020,0,0,0,0,0,1,1,1,0
4.574622,0,1,1,0,1,0,0,1,0
4.578224,1,1,1,1,0,1,0,0,0
4.587217,1,0,1,0,1,0,0,0,0
4.589608,1,1,0,1,1,0,1,0,1
4.598647,1,1,1,0,1,1,0,1,0
4.604141,1,0,0,0,0,0,0,1,0
4.612027,0,1,1,1,1,0,1,1,0
4.616083,0,0,0,1,1,1,1,0,0
4.621038,0,0,0,0,1,0,0,0,1
4.627668,0,0,0,1,0,1,0,1,0
4.637221,0,0,0,1,0,1,1,0,1
4.643270,1,1,1,0,0,0,1,0,1
4.647543,0,1,0,0,0,1,0,1,1
4.656070,0,0,1,1,0,1,0,1,1
4.663322,0,1,1,0,0,1,1,0,1
4.667553,1,1,1,0,1,1,1,1,0
4.675735,0,1,1,1,0,0,0,0,0
4.681235,1,0,0,0,0,1,1,1,0
4.683315,0,0,0,0,0,0,1,1,0
4.686249,0,1,0,1,0,1,1,0,0
4.690458,1,0,0,0,1,1,1,0,0
4.692038,1,0,1,1,1,0,0,0,1
4.700863,1,1,1,1,1,0,0,0,0
4.706201,1,1,0,1,0,0,0,0,1
4.716102,1,1,0,0,1,1,1,1,0
4.722038,0,1,0,1,1,0,0,1,1
4.728379,0,0,1,0,1,0,0,0,0
4.736842,1,1,0,0,1,1,1,0,0
4.745052,0,0,1,1,1,1,1,0,1
4.746942,1,1,0,1,1,0,0,1,1
4.753410,0,0,0,0,0,1,0,1,0
4.761022,1,0,1,0,0,0,0,1,1
4.765989,0,0,0,0,1,1,0,1,0
4.772654,1,1,1,0,0,0,0,1,1
4.781831,1,0,0,1,0,1,1,0,0
4.791801,0,0,1,0,1,1,0,0,0
4.801760,0,0,1,1,0,1,1,1,0
4.810445,0,0,1,0,1,0,1,0,1
4.814399,1,0,0,1,0,0,0,1,0
4.824372,1,1,0,1,1,0,0,1,1
4.830279,0,1,1,0,1,1,1,1,0
4.833141,0,1,0,0,0,0,1,1,0
4.834551,0,1,1,1,0,0,0,1,0
4.840718,0,1,0,1,0,0,1,0,1
4.843851,1,1,1,1,1,1,0,0,0
4.847401,0,0,0,1,0,0,0,1,0
4.854411,0,1,0,1,0,0,0,1,1
4.861218,1,1,0,1,0,0,1,0,1
4.867018,0,1,1,1,0,0,1,0,1
4.872695,0,1,0,1,1,1,0,1,1
4.879925,1,0,1,0,0,1,1,0,1
4.889495,1,1,0,1,0,0,0,0,0
4.896146,1,0,0,1,0,0,0,1,1
4.897709,1,1,1,1,0,1,1,0,1
4.906139,0,0,1,0,1,1,1,0,1
4.914167,0,1,1,1,1,1,0,0,1
4.921805,0,0,1,0,0,1,1,1,1
4.929613,1,0,0,0,1,0,0,1,1
4.930733,1,1,1,1,0,1,0,1,1
4.936380,0,1,1,0,0,0,1,0,1
4.941500,1,1,1,1,1,0,1,1,1
4.946591,1,0,1,0,1,1,1,0,0
4.950019,1,1,0,1,0,0,0,0,1
4.957003,0,0,0,0,1,1,1,0,1
4.963907,1,0,1,1,0,0,1,0,1
4.968709,1,0,0,0,0,0,1,0,0
4.974928,1,0,1,1,1,0,1,1,0
4.981339,1,0,0,1,1,0,0,0,1
4.984829,1,0,0,0,0,1,1,0,1
4.990539,0,1,1,0,1,1,1,1,0
4.991664,0,1,1,1,0,0,1,0,0
4.992809,0,1,1,0,1,1,1,0,0
4.995389,0,1,1,0,0,1,1,0,0
5.001789,1,1,0,1,0,1,0,0,1
5.007168,0,0,0,0,1,0,0,1,0
5.013880,0,0,0,1,0,0,0,0,0
5.022857,1,0,0,0,0,0,0,1,0
5.026775,1,0,1,0,0,1,1,0,0
5.036605,0,0,1,1,1,0,1,0,1
5.040400,1,1,0,0,0,1,0,1,0
5.043994,0,1,0,0,1,0,1,1,0
5.050491,1,1,0,0,1,0,1,1,1
5.054062,0,0,0,0,1,1,1,0,0
5.061407,1,0,1,0,1,1,0,0,0
5.069284,0,1,1,0,1,1,0,0,0
5.075570,0,1,0,0,1,0,0,1,1
5.077160,1,1,0,1,1,0,0,1,0
5.082251,0,0,0,0,1,1,0,0,0
5.085846,0,0,1,0,1,1,1,1,0
5.089677,1,0,0,0,0,1,0,1,0
5.094277,0,1,1,1,0,1,0,1,1
5.095509,0,1,1,1,1,0,1,1,1
5.105276,1,0,0,0,0,1,1,1,0
5.108011,1,0,1,1,0,1,1,1,1
5.111776,0,0,0,0,1,1,1,0,1
5.118401,1,1,0,0,1,1,1,0,0
5.121860,1,0,1,0,1,1,1,0,1
5.130861,0,0,1,1,0,1,0,0,1
5.139305,0,0,0,1,0,1,1,0,1
5.148673,0,1,1,1,0,1,0,0,1
5.155964,0,1,1,0,1,1,0,0,0
5.157734,1,0,0,0,1,1,0,1,1
5.165075,1,0,0,0,0,1,0,1,0
5.166808,0,1,0,0,0,0,0,1,1
5.170801,1,1,0,0,1,0,0,1,1
5.177393,1,0,1,1,0,0,0,1,0
5.180832,0,0,1,1,1,0,1,0,1
5.186724,0,1,1,0,1,1,0,0,0
5.190617,0,0,1,0,0,1,0,1,0
5.194519,1,0,1,1,1,0,0,0,0
5.195880,0,1,1,1,0,0,0,0,0
5.205720,1,0,0,0,1,1,0,1,1
5.213487,1,1,0,0,1,1,0,0,1
5.220301,0,1,0,0,0,0,0,1,1
5.221982,1,0,1,0,0,0,1,1,1
5.228163,1,1,0,1,1,0,0,1,0
5.236654,0,1,1,1,1,0,1,1,1
5.246536,1,1,0,1,1,0,1,1,1
5.255970,1,1,0,0,1,0,1,1,0
5.260071,1,0,0,0,1,1,1,0,1
5.267939,1,1,1,0,1,1,0,1,1
5.272479,0,0,0,1,0,1,0,0,1
5.280189,0,1,0,0,0,0,1,0,0
5.281417,0,1,0,0,0,0,0,1,0
5.285347,1,1,0,0,1,0,1,0,0
5.290647,0,1,0,1,0,1,0,0,0
5.293015,0,1,0,1,0,0,0,1,1
5.294294,0,1,1,1,0,0,1,0,1
5.298263,1,0,1,0,0,1,0,1,1
5.300664,0,1,0,0,0,0,0,0,0
5.310217,0,1,1,1,1,0,1,1,1
5.317104,1,1,1,1,1,1,0,0,1
5.326257,1,0,0,0,1,1,1,0,1
5.328826,0,1,1,0,0,0,1,1,0
5.331205,1,1,1,1,0,0,0,1,0
5.340768,1,1,1,0,1,0,1,0,1
5.349837,0,0,0,1,1,1,1,1,1
5.359436,0,1,0,0,0,0,1,0,1
5.367936,1,0,1,0,0,0,0,1,1
5.374876,0,1,1,0,1,0,0,1,1
5.382856,1,1,1,0,0,0,0,1,1
5.391402,1,0,0,0,1,1,1,0,1
5.399262,1,0,1,0,0,0,0,0,0
5.406105,0,1,0,0,1,1,0,0,0
5.415595,0,1,1,1,1,0,1,1,0
5.421605,0,1,1,0,0,0,0,1,1
5.424506,1,1,0,1,1,1,0,1,0
5.428431,1,1,1,1,1,0,1,0,0
5.436245,0,0,1,1,0,1,0,0,0
5.437774,1,0,1,0,1,1,1,1,0
5.447146,0,1,0,1,0,1,0,0,0
5.449962,1,1,0,1,0,0,0,0,0
5.452549,1,0,1,1,1,1,1,1,1
5.458737,0,1,1,1,1,0,1,1,0
5.467352,1,0,1,1,1,0,0,1,0
5.475652,0,0,0,0,0,1,1,1,1
5.484800,1,0,0,0,0,0,0,1,0
5.487568,1,0,1,0,1,0,1,1,0
5.492722,1,1,1,1,1,1,0,1,1
5.499035,0,1,0,0,0,1,0,0,1
5.508497,0,0,0,1,0,0,1,1,1
5.514763,1,0,1,0,1,0,0,1,1
5.522165,0,1,0,1,0,1,0,1,0
5.531302,1,1,0,0,1,1,1,1,1
5.533937,1,0,0,1,0,0,1,1,0
5.539705,1,0,1,1,1,0,1,1,1
5.543483,1,0,0,1,1,1,1,1,1
5.547730,0,1,0,1,1,1,1,0,1
5.550342,1,1,1,1,1,1,0,1,0
5.556269,0,0,0,1,0,1,0,1,0
5.558209,0,0,0,1,0,1,0,1,1
5.565500,1,1,0,1,0,0,1,0,1
5.574106,1,1,0,1,1,1,1,1,0
5.580566,0,1,0,1,1,1,1,1,1
5.590478,0,0,0,1,1,1,0,0,1
5.595724,1,0,0,0,0,0,0,1,1
5.599181,0,1,1,1,0,1,0,0,1
5.600734,0,1,0,1,1,0,0,0,0
5.606864,0,1,1,1,0,1,1,1,0
5.612022,1,1,0,0,1,1,1,0,1
5.615822,1,1,0,1,0,1,1,1,0
5.618839,1,1,0,0,1,1,1,1,1
5.621784,1,0,0,1,1,0,1,1,1
5.623592,1,1,0,0,0,1,0,0,0
5.629327,0,1,1,1,0,1,1,0,0
5.632427,0,1,0,0,1,1,0,0,0
5.634655,0,1,0,1,0,1,1,1,0
5.642318,0,0,1,1,1,1,0,1,1
5.650122,0,0,0,0,0,0,0,0,1
5.651567,1,0,1,0,1,1,1,0,1
5.656504,1,1,0,1,0,1,1,1,0
5.659971,1,0,0,0,0,0,0,0,0
5.661659,1,1,1,1,0,1,1,0,0
5.663487,0,1,0,0,1,0,0,0,1
5.671002,0,1,0,1,0,1,0,1,0
5.680502,1,0,0,0,0,0,1,0,1
5.684000,1,1,0,1,1,1,0,0,1
5.689568,0,0,0,0,0,0,1,1,0
5.699255,1,0,1,0,1,0,0,1,1
5.703690,1,0,0,0,1,0,1,0,1
5.705485,0,1,1,0,0,0,1,1,1
5.706485,1,1,0,0,0,0,0,0,0
5.710890,0,0,0,0,1,0,1,0,1
5.715929,1,1,0,1,1,0,0,1,1
5.723019,0,1,1,1,0,0,0,0,0
5.725490,0,0,1,1,0,1,0,1,0
5.732159,0,0,0,0,0,0,0,0,1
5.737516,1,1,1,0,1,0,1,0,0
5.739395,0,0,1,0,0,1,0,0,0
5.749367,1,1,0,0,0,0,1,0,1
5.756986,0,1,1,1,1,0,1,1,0
5.759120,1,1,0,0,1,0,0,0,0
5.760834,0,1,0,1,1,1,1,1,1
5.768584,1,1,0,1,1,0,0,0,1
5.774852,0,1,1,0,0,0,0,0,1
5.780970,0,1,0,0,1,0,1,1,0
5.786224,1,0,0,1,0,1,1,0,0
5.791414,0,1,1,0,0,1,1,1,1
5.796393,1,1,1,0,0,1,1,1,0
5.803781,1,1,1,1,0,1,0,0,0
5.812325,1,1,1,0,1,1,1,0,0
5.819821,1,1,0,1,0,0,0,1,0
5.822638,1,1,1,1,0,1,1,1,0
5.826196,0,0,1,1,1,0,0,1,1
5.831355,0,1,0,0,0,1,1,0,0
5.832877,0,1,0,1,1,1,0,1,0
5.842067,1,0,1,0,0,0,1,0,0
5.849939,1,1,1,1,0,0,1,0,1
5.859624,0,1,1,0,1,1,1,0,0
5.863063,0,0,0,1,1,1,1,1,1
5.866590,1,0,1,1,0,0,0,1,1
5.876309,0,0,1,0,0,0,1,0,1
5.878719,1,1,0,1,1,0,0,1,1
5.882779,1,1,0,1,1,1,0,1,1
5.885880,1,0,0,0,1,1,0,1,1
5.889325,0,1,0,1,0,1,0,0,1
5.892288,0,0,0,0,0,1,1,0,1
5.897848,0,0,0,0,1,1,1,1,1
5.907466,0,1,0,0,1,1,0,1,1
5.913387,1,1,1,1,1,0,1,1,0
5.914425,0,1,1,0,0,0,0,0,1
5.921098,0,0,0,0,1,1,0,0,1
5.922722,1,1,0,0,1,1,1,1,1
5.926931,0,0,0,0,0,0,0,1,0
5.928390,1,1,1,1,1,0,1,0,0
5.935453,1,1,0,0,0,0,1,1,0
5.942240,1,1,0,0,0,1,0,0,1
5.947326,1,1,0,1,0,1,0,0,0
5.955500,0,0,1,1,1,0,0,1,0
5.963711,1,0,1,1,1,0,1,1,1
5.973029,0,0,0,1,1,1,1,0,0
5.979231,0,1,0,1,1,1,0,0,1
5.988911,1,0,1,1,1,1,1,0,0
5.989911,1,1,0,0,0,0,1,0,1
5.999125,0,0,1,0,0,1,1,0,1
6.004184,1,0,1,1,0,1,1,1,1
6.013818,1,1,1,1,1,0,1,1,0
6.020147,0,0,0,0,0,0,1,1,0
6.027996,1,0,0,0,0,0,0,0,0
6.036880,1,1,1,1,1,0,0,0,1
6.041417,0,0,0,1,1,1,0,0,1
6.042417,1,0,1,0,1,0,1,0,1
6.045742,0,1,1,0,0,0,1,0,0
6.049838,1,0,1,1,0,0,1,0,1
6.059731,1,0,1,1,1,0,1,0,0
6.064961,0,0,0,1,1,1,0,0,1
6.070625,0,0,0,1,1,0,0,1,0
6.074900,1,0,0,0,0,1,1,0,0
6.076487,0,1,0,1,1,0,1,0,0
6.079123,1,0,0,0,0,0,1,1,1
6.081606,1,0,1,0,0,1,0,1,0
6.085562,1,1,1,1,0,1,1,1,0
6.093834,1,0,1,1,1,1,0,1,0
6.098523,1,0,1,1,0,0,1,1,0
6.102214,0,0,0,1,1,0,1,0,0
6.109518,1,0,0,0,1,1,0,0,0
6.111503,0,1,0,0,0,0,1,1,0
6.119918,0,0,0,1,1,1,1,1,0
6.124530,1,1,0,1,0,0,1,0,0
6.127442,0,1,1,1,1,1,1,1,0
6.128562,1,1,0,0,0,0,1,1,1
6.133573,1,1,1,1,0,1,0,1,0
6.138173,0,0,1,1,0,0,0,0,0
6.142942,0,1,1,0,1,0,0,1,0
6.147011,0,1,1,0,0,1,0,1,0
6.154166,1,0,0,1,1,0,0,1,0
6.160296,0,0,0,1,0,0,0,0,1
6.166739,0,0,0,0,0,0,0,0,1
6.171922,1,0,0,1,0,0,1,1,0
6.181552,0,0,1,0,0,1,1,0,0
6.188991,0,1,1,0,0,0,0,0,1
6.191006,0,1,1,1,1,1,0,0,0
6.192211,0,0,0,1,1,0,0,0,0
6.197711,0,0,0,1,0,1,0,0,0
6.203933,1,1,0,0,0,1,1,0,0
6.211683,0,1,1,1,1,1,0,0,0
6.216837,1,0,0,1,1,1,1,1,0
6.219285,1,1,0,0,1,0,0,1,1
6.228792,0,1,0,0,0,0,0,1,1
6.237712,0,1,1,0,0,0,0,1,0
6.241671,0,0,1,0,0,0,0,0,1
6.251416,1,1,1,0,0,0,1,1,1
6.258677,0,1,0,0,1,0,0,1,1
6.261654,1,1,0,1,0,1,1,0,0
6.266099,0,0,1,1,1,0,1,1,0
6.273330,0,0,1,1,1,0,1,0,1
6.278187,0,1,1,1,0,1,1,0,0
6.285371,1,1,1,1,1,1,0,0,1
6.290573,0,0,1,0,1,0,0,1,0
6.293910,1,0,1,1,0,1,1,1,0
6.294910,0,0,1,1,1,1,0,0,1
6.297814,0,1,0,0,1,0,1,0,1
6.305045,1,1,1,1,0,1,0,0,0
6.314221,1,1,1,0,0,1,0,1,0
6.321003,0,0,1,1,0,0,1,0,0
6.328782,0,1,0,1,1,0,1,0,1
6.335829,1,0,1,1,1,1,0,0,0
6.343606,1,1,0,0,1,0,0,1,0
6.350245,0,1,1,0,0,0,1,1,1
6.355205,0,0,0,1,1,1,0,0,1
6.359740,0,0,0,1,0,0,0,1,0
6.361822,0,0,0,0,1,0,0,1,1
6.363149,1,0,0,0,1,0,0,1,1
6.371631,0,1,1,1,0,1,1,0,1
6.377203,0,0,1,1,1,1,1,0,0
6.385454,1,0,0,1,1,1,1,0,0
6.388011,1,0,0,0,0,1,1,0,0
6.397465,0,1,0,0,1,0,0,1,1
6.402965,1,1,1,1,0,0,1,1,0
6.407142,1,1,0,0,1,0,0,0,1
6.414753,0,0,0,1,1,0,1,1,1
6.423162,1,1,0,1,1,1,1,0,1
6.426593,0,1,1,1,0,0,1,1,0
6.435283,1,0,1,0,0,1,1,1,0
6.441602,0,1,0,1,1,1,0,1,1
6.447818,0,0,0,1,0,1,1,0,1
6.456837,0,0,1,0,0,1,1,1,1
6.466148,1,1,0,1,0,1,0,0,0
6.468964,0,1,0,1,1,0,1,0,1
6.473792,0,0,0,1,0,1,1,0,0
6.475660,0,1,1,1,0,1,1,1,1
6.480207,1,0,1,0,1,0,0,0,1
6.486601,1,1,0,1,0,0,1,0,0
6.494652,1,0,0,0,1,0,1,0,0
6.499686,1,0,0,1,0,0,1,1,1
6.503495,1,0,0,0,1,0,1,1,0
6.511338,1,0,1,0,0,1,0,1,0
6.517889,1,1,1,1,1,1,0,1,1
6.522195,0,0,0,0,1,0,1,1,0
6.524489,1,1,0,0,1,0,1,0,0
6.529608,1,1,0,0,0,1,0,0,0
6.537195,0,0,1,0,0,0,1,1,1
6.546585,1,0,0,1,1,0,1,1,1
6.554375,0,0,0,0,0,0,1,0,0
6.561794,1,1,0,0,1,0,0,1,1
6.563683,0,1,0,0,0,1,0,0,0
6.564866,0,1,0,1,1,0,0,0,0
6.571050,1,1,0,0,0,0,0,1,1
6.580237,0,1,0,1,1,0,0,0,0
6.585610,0,0,0,1,0,0,1,0,1
6.593365,1,0,0,1,0,1,0,0,1
6.598610,0,1,1,1,1,1,0,0,1
6.603293,0,0,1,0,0,0,0,1,1
6.605840,1,1,0,0,0,1,1,0,0
6.607316,0,1,0,0,1,1,0,1,0
6.611518,1,0,1,1,1,0,0,1,1
6.620284,1,1,0,0,0,0,0,1,0
6.629237,0,0,0,1,1,1,0,0,1
6.633952,0,0,1,1,1,0,1,0,0
6.642401,1,1,0,1,0,0,1,0,1
6.644766,0,0,0,0,1,1,0,1,0
6.652527,1,1,1,0,1,0,0,1,1
6.660518,1,1,1,0,1,1,1,0,0
6.662970,0,0,1,1,1,1,1,1,0
6.666052,1,1,0,0,0,0,1,0,0
6.674648,0,1,0,0,1,1,0,1,1
6.676913,0,1,1,1,0,0,1,1,1
6.678046,1,0,1,1,1,1,0,1,0
6.687309,0,1,0,1,0,1,1,0,1
6.688929,1,1,1,1,0,1,1,1,0
6.693365,0,1,1,1,1,1,1,1,1
6.699026,1,0,0,1,1,0,0,1,0
6.707380,1,1,0,0,0,1,1,0,0
6.716996,0,0,0,0,0,0,0,1,1
6.719995,0,1,0,1,1,0,0,1,1
6.729782,1,0,0,0,0,1,1,1,0
6.734510,0,1,1,1,1,0,1,1,1
6.738057,0,1,0,1,0,0,0,0,1
6.741898,1,1,1,1,1,1,0,0,1
6.749997,0,0,1,1,0,1,1,0,1
6.754121,0,0,1,0,0,0,0,1,1
6.762765,1,1,1,1,1,0,0,1,0
6.771870,1,1,1,1,0,1,0,0,1
6.780414,0,0,0,1,0,0,1,1,1
6.782034,1,1,1,0,0,0,1,1,1
6.783957,0,0,0,1,0,1,0,0,0
6.785159,0,0,0,0,1,1,1,1,0
6.791207,0,1,0,0,1,0,0,1,0
6.795285,0,1,0,1,0,0,0,0,0
6.802585,0,1,0,1,0,1,0,0,0
6.808617,1,0,1,1,1,0,0,1,0
6.809913,1,0,0,0,1,0,1,1,0
6.819734,0,1,0,0,0,0,0,0,0
6.828352,1,1,0,0,1,1,1,0,1
6.830974,1,0,1,1,0,1,1,1,1
6.840583,0,1,1,0,0,0,1,0,0
6.848473,1,0,0,0,1,1,0,0,1
6.853982,1,0,1,0,0,0,0,0,0
6.857622,0,0,1,0,0,0,1,0,0
6.866209,1,0,0,0,0,1,0,0,1
6.871592,0,0,1,1,0,0,0,0,0
6.876871,0,0,1,0,1,0,0,1,0
6.885747,1,0,0,0,0,0,0,0,0
6.893834,0,0,0,0,0,1,1,1,1
6.895640,1,1,0,0,0,0,0,0,1
6.902743,0,1,1,0,0,0,0,0,0
6.908046,0,1,1,0,1,1,0,1,1
6.909612,0,0,1,1,1,1,1,1,0
6.914971,0,1,1,0,1,1,1,0,1
6.918557,1,0,1,0,1,0,0,1,0
6.927529,1,1,0,1,0,0,0,1,0
6.930974,1,1,1,1,1,1,1,0,1
6.939372,0,1,1,0,1,1,0,1,0
6.947752,1,0,1,0,1,1,1,1,0
6.956144,1,1,0,0,1,1,1,0,0
6.963067,1,0,0,0,0,0,1,0,1
6.969306,0,0,0,0,0,0,0,0,1
6.974569,0,0,1,0,1,0,1,1,0
6.984006,0,1,0,0,0,1,1,0,1
6.988294,1,0,1,1,1,0,0,1,0
6.994467,0,1,1,1,0,0,0,0,0
7.001531,0,1,0,1,1,0,0,1,1
7.007268,1,0,1,1,0,0,1,0,1
7.015350,0,0,0,0,0,0,0,0,1
7.019576,1,1,1,1,0,0,0,1,0
7.022889,1,1,1,0,1,0,1,1,1
7.030339,1,0,1,1,0,0,0,1,0
7.031742,0,0,1,0,1,0,0,1,1
7.038851,0,0,0,0,0,0,0,0,1
7.047788,0,0,1,0,1,1,0,1,1
7.054021,0,1,0,1,0,0,1,0,1
7.058754,1,0,0,0,1,1,1,1,1
7.066643,0,1,0,1,0,0,0,0,0
7.075613,1,1,1,0,0,0,1,0,0
7.080191,1,0,1,1,1,0,0,0,1
7.086833,0,1,0,0,1,0,0,0,0
7.094506,1,0,0,1,1,1,1,1,0
7.103484,1,1,0,1,1,0,1,1,0
7.106466,1,0,0,1,0,0,1,1,0
7.112933,1,1,0,1,1,1,0,0,0
7.120641,1,1,0,0,1,1,1,0,1
7.128379,0,1,0,0,0,0,1,1,1
7.137212,0,1,0,0,0,0,1,1,0
7.139267,0,1,0,1,1,1,0,1,1
7.148841,0,0,1,0,1,0,1,1,1
7.155013,1,0,0,0,1,0,1,1,1
7.163688,1,1,1,0,0,1,1,0,0
7.165807,0,0,1,1,0,1,1,0,1
7.172057,0,1,0,1,0,1,0,0,1
7.180908,0,1,1,1,0,0,1,1,0
7.184671,0,0,0,0,0,1,1,0,0
7.188965,0,0,0,1,1,1,0,1,0
7.194896,1,0,0,1,0,0,1,0,0
7.202322,1,1,0,0,1,0,1,0,0
7.206778,1,0,0,0,0,1,0,0,0
7.209620,1,1,0,0,1,0,1,1,0
7.212930,1,0,0,1,1,0,1,1,1
7.221249,1,0,0,0,1,0,0,0,1
7.230770,1,1,0,0,1,1,1,0,1
7.237453,1,0,0,1,0,1,1,1,0
7.240204,1,1,0,1,0,1,0,0,0
7.250183,0,0,1,1,1,1,1,1,0
7.255730,1,1,1,1,0,1,1,0,0
7.256771,0,1,0,1,1,0,0,1,1
7.262029,1,0,0,0,0,0,1,0,1
7.269877,1,0,0,0,0,1,0,1,1
7.277308,1,0,1,1,1,1,0,0,0
7.282661,0,1,0,0,0,1,0,1,0
7.283968,0,1,0,0,0,1,0,0,1
7.287949,0,1,0,1,1,1,0,1,1
7.295020,1,1,0,1,0,0,0,1,0
7.304660,0,0,1,0,1,1,1,0,1
7.311800,1,1,0,0,0,1,0,1,0
7.320585,1,0,0,0,0,0,1,0,1
7.323520,0,0,0,0,1,1,1,0,0
7.330472,0,1,1,1,1,0,0,1,0
7.332254,1,0,1,0,1,0,1,0,0
7.341962,1,0,1,1,1,1,0,0,0
7.345511,0,0,0,0,0,0,1,1,0
7.350755,1,0,0,0,0,0,1,1,0
7.357755,0,0,0,0,0,1,1,1,0
7.359697,0,1,1,0,1,0,1,0,0
7.361803,1,0,1,0,1,0,0,0,0
7.371113,0,0,1,0,1,1,0,1,0
7.380801,1,1,1,0,0,1,1,1,1
7.386196,0,1,0,0,1,0,1,0,0
7.392734,1,0,0,0,1,0,0,1,1
7.395312,0,1,1,1,0,1,1,1,0
7.396596,1,1,1,1,0,1,0,1,1
7.403668,0,1,1,1,0,1,0,0,0
7.413046,1,1,0,1,0,0,1,0,1
7.421285,0,1,0,0,0,0,0,0,0
7.424355,1,0,1,1,1,0,1,0,1
7.431808,0,0,0,1,0,1,1,0,0
7.436990,0,0,1,1,0,0,1,0,1
7.441205,1,1,0,0,0,0,1,1,1
7.445737,0,0,0,1,1,0,0,1,0
7.452250,0,0,0,0,1,1,0,1,0
7.461429,1,0,0,0,0,0,0,0,1
7.465807,1,0,0,0,0,1,0,0,0
7.471536,1,1,0,0,0,1,1,0,0
7.481347,0,1,1,1,1,0,1,0,0
7.486751,0,0,0,0,1,0,1,0,1
7.487815,0,0,1,1,0,1,0,0,1
7.492712,0,0,0,1,1,1,0,1,1
7.495283,0,1,0,0,0,0,0,0,0
7.504613,0,1,0,1,1,0,0,1,1
7.506396,1,1,1,1,0,0,0,1,0
7.511185,0,0,0,1,1,1,0,0,1
7.519211,1,1,1,1,1,0,1,1,0
7.527152,1,0,1,1,1,1,1,1,1
7.529563,0,0,1,0,0,0,1,0,0
7.537402,0,0,1,0,0,0,1,0,0
7.541014,0,0,0,0,1,1,0,0,1
7.546986,0,0,0,0,0,0,1,1,0
7.551433,0,0,0,0,0,0,0,1,0
7.555064,1,0,1,0,0,1,1,1,1
7.558647,1,1,1,1,1,1,1,0,1
7.565546,0,1,1,0,1,1,0,1,1
7.574476,1,1,0,0,1,0,1,1,0
7.578797,0,1,0,1,1,0,0,0,0
7.580633,1,0,1,0,1,0,1,0,0
7.585896,1,0,0,0,0,0,0,0,0
7.590698,0,1,1,0,1,0,1,0,0
7.594937,1,1,1,0,1,1,0,0,0
7.604377,1,1,0,1,0,1,1,1,1
7.612682,0,0,1,1,0,1,1,0,1
7.617412,1,1,0,0,0,0,1,1,1
7.625463,0,1,1,1,1,0,0,1,1
7.627506,0,0,0,0,1,0,0,1,0
7.632658,0,1,0,1,1,0,0,1,1
7.636380,1,1,0,0,0,1,1,1,1
7.638991,0,0,0,1,0,1,0,0,0
7.644229,1,1,1,1,0,0,0,1,0
7.645707,1,1,1,0,1,0,1,1,0
7.647661,1,0,1,0,1,1,1,0,1
7.656579,0,0,1,0,0,0,0,0,1
7.662751,0,0,1,0,1,0,1,0,0
7.667708,0,0,1,0,1,1,0,0,1
7.672200,0,0,0,1,0,0,1,0,0
7.676099,1,0,0,1,1,1,0,1,1
7.679140,1,1,0,1,1,0,1,1,1
7.685921,0,0,1,1,0,0,1,0,1
7.687705,1,0,0,1,0,1,1,1,0
7.689415,1,1,1,1,1,1,0,0,1
7.697126,0,1,1,0,0,1,1,0,0
7.706348,0,1,1,0,1,0,0,0,0
7.714261,0,1,0,1,0,0,1,1,0
7.722360,1,0,1,1,0,0,1,0,1
7.731308,1,0,1,0,1,1,0,1,0
7.739342,1,1,0,1,0,0,0,1,1
7.744433,1,0,0,1,0,0,1,1,0
7.753315,0,0,1,1,0,1,0,1,0
7.761078,1,1,1,1,1,0,0,1,1
7.771041,1,0,1,0,0,1,1,0,1
7.773881,0,0,0,0,1,0,0,0,1
7.780830,1,0,1,1,1,0,0,1,1
7.787429,1,1,1,0,1,1,0,0,1
7.792974,1,0,0,1,1,0,1,1,0
7.796785,0,0,1,0,1,0,0,1,0
7.798149,0,1,0,0,0,0,0,0,0
7.800481,0,1,0,1,0,1,0,0,1
7.803009,0,1,0,0,0,1,1,0,1
7.806319,0,1,0,0,1,0,0,0,0
7.810319,0,1,0,0,1,1,0,1,1
7.812066,1,1,0,0,1,1,0,0,1
7.819109,1,0,0,1,1,1,0,1,1
7.826844,1,1,0,0,0,1,1,0,1
7.828019,0,0,0,1,0,0,1,1,0
7.833540,1,0,0,1,1,1,1,1,1
7.839162,1,0,1,0,0,1,0,0,1
7.845821,0,1,0,0,1,0,0,1,1
7.850765,0,1,1,0,1,0,1,1,1
7.852208,1,1,1,0,0,0,0,1,0
7.860130,0,0,0,0,0,1,0,0,1
7.866472,0,1,0,0,0,1,0,0,1
7.870574,0,1,1,0,1,1,0,1,0
7.876139,1,0,0,1,1,0,0,1,1
7.877401,1,0,1,1,0,1,0,1,1
7.881858,1,1,0,0,1,0,1,0,0
7.888704,0,1,0,0,0,0,1,1,1
7.891684,0,0,1,1,0,1,0,1,0
7.894884,0,1,0,1,0,0,1,1,1
7.898152,0,0,1,1,1,0,0,0,0
7.906902,1,0,0,0,0,1,0,0,1
7.914185,0,1,0,0,0,1,0,0,1
7.915640,0,0,0,1,1,0,0,0,1
7.920891,1,0,1,1,1,0,1,1,0
7.927379,1,0,0,1,1,0,0,1,0
7.928497,1,0,0,0,0,0,1,0,1
7.937449,0,0,1,1,1,1,1,1,0
7.940193,1,0,0,1,0,1,1,0,0
7.943759,0,0,0,1,1,1,1,1,0
7.947897,0,0,0,0,0,0,1,0,1
7.949776,1,0,0,0,0,0,1,1,0
7.955975,0,1,1,0,0,0,0,0,1
7.957343,1,1,1,1,1,0,1,1,0
7.963293,1,1,0,0,0,1,1,0,0
7.972113,1,0,1,1,1,1,1,1,1
7.974913,0,0,1,1,1,0,0,0,0
7.978419,0,0,0,0,1,0,0,0,0
7.980125,1,0,1,0,1,1,1,1,1
7.985625,0,1,0,0,0,0,1,1,1
7.993036,1,0,0,1,1,0,1,1,1
8.002083,0,1,1,1,0,1,0,0,1
8.005656,1,0,0,0,1,0,0,0,0
8.010012,1,1,0,0,1,0,0,1,0
8.014966,1,0,0,1,1,1,0,0,1
8.016759,0,1,1,1,0,0,1,0,0
8.024912,1,0,1,0,0,1,1,1,0
8.028876,1,0,1,0,0,1,1,0,0
8.033913,1,0,1,0,0,1,0,1,0
8.041535,0,1,1,1,0,0,1,1,1
8.048973,1,0,0,0,0,1,0,1,1
8.058934,0,1,1,0,1,1,0,1,1
8.067130,1,0,1,1,1,0,0,1,1
8.068404,0,0,0,1,1,1,0,1,1
8.070690,0,0,1,0,1,1,1,1,1
8.075852,0,0,0,0,0,0,0,0,1
8.083241,1,1,1,0,1,1,1,0,0
8.091441,1,1,0,1,0,1,0,0,0
8.094020,0,0,0,1,0,0,1,0,0
8.097843,0,0,1,0,0,0,0,1,1
8.105226,1,1,1,1,0,0,0,0,1
8.106621,0,0,0,1,1,1,0,1,1
8.108823,1,1,1,1,1,1,0,1,1
8.116170,0,1,0,0,1,1,0,1,1
8.122889,1,0,0,0,0,0,0,0,0
8.127603,0,0,1,0,1,0,0,0,1
8.136547,1,0,1,0,1,1,0,0,1
8.144278,0,1,1,0,1,0,1,1,1
8.153740,1,0,1,0,0,1,1,0,0
8.158018,1,0,1,0,1,0,1,1,1
8.162320,1,1,1,0,1,1,0,0,0
8.164238,0,0,1,1,0,1,0,0,0
8.172930,1,1,1,0,1,1,0,0,1
8.176496,0,1,1,1,0,0,0,0,0
8.177496,0,0,1,0,0,1,0,0,1
8.185522,1,1,1,0,0,1,1,0,0
8.187054,0,0,0,1,0,0,0,0,1
8.195860,0,0,0,1,0,0,1,0,1
8.198748,1,1,1,1,0,0,0,0,0
8.204936,1,1,1,1,1,1,1,1,0
8.209285,0,0,0,1,0,1,0,0,1
8.218234,1,1,0,0,0,0,1,0,0
8.220322,0,0,0,1,0,1,1,0,0
8.228328,0,1,0,1,1,0,0,1,1
8.232879,1,0,1,0,0,0,1,0,0
8.242061,1,0,0,1,1,1,1,1,0
8.248038,0,1,0,0,1,0,0,0,1
8.250315,0,0,0,0,0,1,0,1,1
8.255225,1,1,1,0,1,1,0,0,1
8.259811,1,1,1,0,1,1,1,0,1
8.263103,0,0,1,0,0,1,0,1,0
8.266556,0,1,0,1,1,0,1,0,0
8.274479,0,0,0,1,1,0,1,0,1
8.279548,0,0,0,0,1,0,1,0,0
8.289262,1,1,1,0,1,1,0,1,1
8.297037,1,1,0,1,1,1,1,1,0
8.303276,0,1,0,0,0,1,1,0,1
8.307612,1,1,0,1,1,1,1,1,1
8.310712,1,1,1,0,1,1,1,0,1
8.316212,1,1,0,1,1,1,0,0,0
8.323490,0,1,1,1,0,0,0,1,0
8.326690,0,0,1,0,0,0,0,1,1
8.333668,1,0,1,1,0,1,1,1,1
8.339589,0,1,1,0,0,0,0,1,1
8.343862,0,0,0,1,1,0,1,1,0
8.349652,0,1,0,1,0,0,1,1,0
8.359095,0,0,0,0,0,0,0,1,0
8.368647,1,1,1,1,1,1,0,0,1
8.376456,1,1,1,0,1,0,1,1,1
8.378456,0,0,1,0,0,1,0,1,1
8.384142,0,1,0,1,0,0,1,1,0
8.390500,0,1,0,1,0,1,0,0,0
8.393976,1,0,0,0,0,1,1,1,0
8.395115,0,1,1,1,1,1,0,1,0
8.401068,1,0,0,0,0,1,0,0,1
8.404579,0,0,0,1,0,0,0,1,0
8.410105,1,0,1,0,0,0,0,0,1
8.417724,0,0,0,0,1,1,1,0,1
8.419078,0,1,1,0,0,0,1,0,1
8.421488,0,1,1,1,0,1,0,0,1
8.423351,0,1,1,0,0,1,1,0,0
8.424424,1,0,0,1,0,1,0,0,1
8.425492,0,1,1,0,1,1,0,0,0
8.430082,0,1,0,0,0,0,1,1,0
8.438244,0,1,0,0,0,0,0,0,0
8.441285,1,1,0,0,1,0,0,1,0
8.442480,1,1,0,0,0,0,0,0,1
8.446260,0,0,0,1,1,1,1,0,1
8.449048,0,1,1,0,1,0,0,1,0
8.451194,1,1,0,1,1,1,0,1,1
8.456470,1,1,0,0,1,1,0,0,1
8.464955,1,0,1,0,1,1,1,1,0
8.466877,0,0,0,1,0,1,0,0,0
8.468304,1,0,0,1,1,0,0,1,1
8.475913,1,0,0,0,0,1,1,0,0
8.481809,1,0,1,1,0,0,0,1,1
8.486491,0,0,1,1,0,0,0,0,1
8.493003,1,0,1,1,1,0,1,1,1
8.496933,1,1,1,1,1,0,1,0,1
8.499692,0,0,0,0,0,0,1,0,1
8.508932,0,1,1,1,0,1,1,0,0
8.510950,1,0,1,0,0,0,1,1,1
8.515940,1,0,0,1,0,0,1,0,1
8.523839,0,0,1,1,0,0,1,1,1
8.529436,0,0,1,1,1,0,1,1,1
8.534831,0,0,1,0,1,0,0,1,0
8.536729,0,1,0,1,0,0,1,0,1
8.541946,0,1,0,0,0,0,1,0,0
8.549790,0,0,1,0,0,0,1,0,0
8.555290,1,1,1,1,1,1,1,0,0
8.557799,0,1,1,1,1,1,1,0,0
8.566279,0,1,0,1,1,1,0,0,0
8.571003,0,0,1,1,0,1,0,0,0
8.574734,0,0,0,1,0,1,0,0,1
8.578750,0,1,0,1,0,0,1,0,1
8.581960,1,0,0,0,1,1,0,1,0
8.587737,0,0,1,1,0,1,0,1,1
8.589666,0,1,0,0,0,1,0,0,1
8.597499,0,1,1,0,0,1,0,0,0
8.603091,1,0,0,1,0,0,0,0,0
8.606413,0,0,0,0,0,0,0,1,0
8.615477,1,0,0,1,1,1,0,0,1
8.618519,0,1,0,0,1,1,1,0,0
8.622551,1,0,0,1,0,1,0,0,1
8.624116,1,1,1,1,1,1,1,1,0
8.633107,1,0,1,0,1,1,1,0,0
8.638492,1,1,1,0,1,1,1,1,0
8.640264,1,1,0,0,1,1,0,1,0
8.647086,0,0,1,0,1,1,0,0,0
8.650705,0,0,1,1,0,1,1,1,1
8.654229,0,0,0,0,0,1,0,0,0
8.655346,1,0,1,1,1,0,0,1,0
8.661645,0,1,0,1,0,1,1,0,0
8.663989,0,1,1,1,0,1,0,0,1
8.668739,1,0,1,1,1,1,0,0,0
8.669972,1,0,0,0,1,1,1,0,1
8.671475,0,0,1,1,0,1,1,1,1
8.679453,0,0,0,1,0,0,1,1,0
8.681678,1,1,0,0,0,1,0,1,0
8.687753,1,1,1,0,1,0,1,1,1
8.691737,0,1,1,0,1,0,0,1,0
8.698768,0,0,1,0,0,0,0,1,0
8.704831,0,0,0,1,0,1,1,0,0
8.710769,1,1,1,0,0,1,1,1,1
8.720324,1,0,1,0,1,0,1,1,1
8.726042,1,1,0,0,1,1,1,0,0
8.730398,0,0,1,0,0,1,0,1,0
8.731398,0,0,1,0,1,0,0,1,0
8.734473,1,0,1,0,0,1,1,0,1
8.737287,1,0,1,0,0,0,1,1,0
8.745435,1,1,1,1,1,1,0,1,0
8.753921,1,0,1,0,0,0,1,0,0
8.763833,0,0,0,1,1,1,0,0,1
8.769241,0,1,0,0,0,0,0,1,0
8.775091,1,1,1,1,0,0,0,0,0
8.780506,1,0,1,1,1,0,0,1,0
8.785861,0,0,1,1,0,1,1,0,0
8.794597,1,0,0,0,0,1,1,1,1
8.800071,1,0,0,1,0,1,0,1,0
8.809921,0,0,1,1,0,1,1,0,1
8.814963,1,1,0,1,1,0,1,1,1
8.824413,1,1,0,1,0,1,1,0,0
8.832123,0,0,0,0,1,1,0,1,0
8.839423,1,0,0,0,1,0,0,0,0
8.843256,0,0,1,1,1,1,1,1,0
8.847576,0,1,0,1,0,0,1,0,0
8.854368,0,1,1,0,1,1,0,0,1
8.855741,0,0,1,0,1,0,0,1,1
8.859815,0,0,0,1,0,0,0,0,1
8.861244,1,0,1,1,0,1,0,1,0
8.862861,0,0,1,1,1,0,0,1,1
8.865547,1,0,1,0,0,1,1,0,1
8.871860,1,0,1,0,0,0,0,1,0
8.874277,0,1,1,0,0,0,1,0,0
8.877551,0,0,1,1,1,1,1,1,0
8.882791,1,1,0,1,1,1,1,0,0
8.887041,1,1,0,0,1,1,1,1,1
8.890017,1,0,0,0,0,1,0,1,1
8.897478,1,0,1,1,1,1,1,0,1
8.903378,1,0,1,0,0,0,0,1,0
8.906574,0,0,0,0,0,1,1,0,0
8.914601,1,0,0,0,1,0,1,1,1
8.923338,1,0,0,1,1,1,1,1,1
8.924873,0,1,1,1,1,0,0,1,0
8.926412,0,0,1,0,1,1,1,0,1
8.936391,0,0,1,1,1,1,0,0,0
8.940549,0,0,1,0,1,1,1,1,0
8.947147,1,1,0,0,1,0,0,1,0
8.949840,0,1,1,1,1,0,0,0,1
8.955015,1,0,1,1,1,0,1,0,0
8.957648,1,1,0,0,1,0,1,0,0
8.959107,0,1,1,1,0,0,0,1,1
8.967114,1,0,0,0,1,0,1,0,0
8.974255,1,0,1,1,1,1,1,1,0
8.976101,0,0,1,1,0,0,1,0,0
8.983015,0,0,1,1,0,1,0,1,0
8.985596,1,0,1,1,1,1,0,0,1
8.994189,0,0,0,0,0,0,1,1,0
9.001954,1,1,1,1,0,0,0,0,1
9.009383,0,1,1,0,0,1,0,0,0
9.016079,0,0,1,0,0,0,0,1,0
9.018214,1,0,1,0,1,1,0,0,0
9.026474,1,0,0,0,1,0,1,0,0
9.031641,1,0,0,0,1,0,1,0,1
9.039998,0,1,0,1,1,1,0,0,1
9.048099,0,1,0,1,0,1,0,0,0
9.053429,1,1,1,0,1,0,1,0,1
9.056516,1,0,0,1,0,0,1,1,0
9.066466,1,1,0,0,0,1,1,1,1
9.072034,1,0,1,1,0,1,0,0,1
9.076773,0,1,1,0,1,1,0,0,1
9.084499,1,1,0,1,1,1,1,1,0
9.090830,0,1,1,1,1,1,1,1,1
9.093834,0,1,1,1,0,0,1,1,1
9.102334,0,1,0,0,0,1,1,0,0
9.108914,0,0,1,1,0,0,0,1,1
9.115300,0,1,1,1,0,1,1,1,0
9.122727,1,0,0,1,1,1,1,1,1
9.127050,1,1,0,1,1,0,0,0,1
9.132635,0,1,1,1,1,0,0,0,0
9.142620,0,1,0,1,0,1,0,0,1
9.148202,1,1,1,0,1,1,1,1,0
9.152038,1,0,1,0,0,1,0,0,0
9.160525,0,0,1,0,0,0,1,1,0
9.167487,0,1,1,1,1,1,1,0,0
9.170221,1,1,1,1,1,1,0,0,1
9.175059,1,1,1,0,0,0,1,1,1
9.179250,0,0,1,1,0,1,1,0,0
9.185073,1,0,1,0,0,1,0,0,0
9.193247,1,0,1,1,0,1,1,0,1
9.197634,1,1,1,0,0,0,0,0,0
9.201878,1,0,1,1,0,0,0,1,1
9.207551,1,1,1,0,1,1,0,1,1
9.209206,1,1,1,1,1,0,1,1,1
9.214584,1,1,0,0,1,0,1,0,0
9.218903,1,1,0,1,0,0,1,1,1
9.228453,1,0,0,1,0,0,0,0,0
9.235256,1,1,0,1,0,0,0,1,1
9.240668,1,0,1,1,1,0,1,0,1
9.250213,0,1,1,0,0,1,0,0,1
9.258656,1,0,0,0,0,1,0,0,0
9.260109,1,0,1,0,1,0,1,0,0
9.263171,1,1,1,0,1,0,0,1,0
9.268093,0,1,1,0,0,0,0,1,1
9.274088,0,0,1,0,0,1,0,1,0
9.283000,1,1,1,0,0,0,1,1,0
9.289091,1,0,1,0,0,1,1,0,0
9.290252,1,0,0,0,0,0,1,1,1
9.296315,1,1,1,0,0,1,1,0,1
9.302695,0,1,1,0,0,1,1,1,0
9.308710,1,1,1,0,1,1,0,1,0
9.312271,0,0,0,1,1,1,1,0,0
9.321486,1,1,1,1,0,0,1,0,0
9.323986,1,0,0,1,1,1,1,0,1
9.333609,1,1,0,0,1,0,0,0,1
9.338102,0,0,0,1,1,1,1,0,0
9.339102,1,0,0,0,1,0,0,0,1
9.344292,0,1,1,1,0,1,1,0,0
9.348058,1,0,0,1,0,1,0,0,1
9.353375,0,0,1,1,1,0,1,0,1
9.357272,1,1,0,0,1,0,1,0,1
9.365772,1,0,1,0,1,1,1,0,0
9.371713,1,1,0,1,1,0,0,1,1
9.381625,1,1,0,1,1,1,1,0,0
9.389668,1,1,1,0,0,1,1,1,0
9.392298,1,0,0,1,1,1,1,1,0
9.393707,0,0,1,0,1,0,0,1,0
9.397071,0,0,1,1,0,1,0,1,1
9.403819,0,1,1,0,1,1,1,1,1
9.406846,1,1,0,1,1,0,0,1,0
9.410147,0,0,1,0,1,1,1,1,1
9.415763,0,1,0,0,0,1,1,1,1
9.420247,0,0,1,0,0,1,0,0,0
9.430055,1,1,1,0,1,1,0,1,0
9.436798,0,0,1,0,0,1,0,1,1
9.440738,1,1,1,1,1,1,0,1,0
9.445090,0,1,1,0,1,0,0,1,1
9.450641,1,0,1,1,1,0,1,0,1
9.452328,0,1,1,1,1,1,0,1,1
9.455247,0,1,0,0,0,1,0,1,1
9.463567,0,0,1,1,0,0,1,1,1
9.470019,0,0,1,1,1,1,0,1,0
9.474051,1,1,0,1,1,1,1,1,0
9.476134,1,1,0,1,0,0,1,1,1
9.478947,1,0,1,0,1,0,1,1,1
9.488233,1,1,1,1,0,1,0,1,0
9.491844,0,0,1,1,0,0,1,0,0
9.497561,1,0,1,1,1,0,1,1,0
9.506061,1,0,1,0,0,1,0,1,0
9.510909,0,0,0,1,0,0,0,1,1
9.519909,0,0,1,1,1,1,1,1,0
9.528447,0,0,1,0,1,1,1,1,0
9.534873,1,0,0,1,0,0,0,0,1
9.542061,1,0,0,1,0,0,0,0,0
9.551066,0,0,0,0,0,1,1,1,1
9.552858,0,0,1,0,1,0,1,0,0
9.556904,1,0,0,1,1,1,0,0,0
9.561139,1,1,1,0,1,0,1,1,1
9.562766,1,1,1,1,0,1,0,0,0
9.570316,0,0,0,0,1,1,0,1,1
9.579787,0,1,0,0,1,1,1,0,1
9.585914,0,0,1,1,0,0,1,0,0
9.590217,1,0,1,1,1,0,0,0,0
9.591994,0,0,0,0,1,1,1,1,1
9.596737,1,1,0,0,1,0,0,0,0
9.606102,1,0,1,0,0,1,0,1,0
9.614333,0,0,0,1,1,1,0,0,1
9.617154,1,1,0,1,0,0,1,0,1
9.625245,0,0,0,0,1,0,1,0,0
9.628529,0,0,1,1,1,0,1,0,1
9.631016,0,0,0,0,1,0,1,0,1
9.638010,1,0,1,0,0,1,1,1,1
9.640852,0,0,0,1,1,0,0,1,1
9.649570,0,0,1,1,0,1,1,1,0
9.657219,0,1,1,1,0,0,1,0,0
9.660424,1,0,0,0,0,0,1,0,0
9.662117,0,1,0,1,1,0,1,1,1
9.665309,1,1,1,0,1,1,1,0,0
9.674691,0,0,1,0,0,1,1,1,1
9.677146,1,1,1,0,0,1,0,0,1
9.681230,1,1,1,0,0,1,1,1,1
9.688908,0,1,0,0,1,0,0,1,1
9.694906,0,1,1,0,0,1,0,1,1
9.697661,1,1,1,0,0,1,0,0,1
9.703528,1,0,1,1,1,1,0,0,1
9.706768,1,0,1,0,1,0,1,1,1
9.710911,0,1,1,1,0,0,0,0,0
9.716694,0,0,0,0,0,0,1,1,0
9.718451,1,0,0,1,0,1,0,0,1
9.727872,1,0,1,1,1,1,0,0,1
9.736942,0,1,1,0,1,1,1,1,1
9.746452,1,1,0,1,1,1,0,0,1
9.753452,1,0,1,0,0,1,0,1,0
9.762896,0,1,1,1,0,1,0,0,1
9.770546,1,1,1,1,0,1,0,0,1
9.777213,0,0,1,0,0,1,1,1,0
9.781200,0,0,1,1,0,1,0,1,1
9.789987,0,1,0,1,0,1,0,1,0
9.792299,1,0,0,0,0,1,0,1,1
9.800182,1,0,1,0,0,1,0,1,0
9.805911,0,0,1,1,1,1,0,0,1
9.812031,0,0,0,0,1,1,1,1,0
9.813467,0,1,1,1,1,0,0,0,0
9.817676,0,0,1,1,0,1,1,1,0
9.827349,0,1,0,1,1,1,1,0,1
9.831893,0,0,1,0,0,1,1,1,0
9.840879,0,1,0,1,1,0,0,0,0
9.850312,1,1,1,0,1,0,0,0,0
9.856690,0,1,0,0,1,1,1,0,0
9.862690,0,1,0,0,0,1,1,0,1
9.871659,0,1,0,1,0,1,0,0,0
9.878507,0,0,1,1,1,0,1,1,0
9.882908,0,1,0,1,0,1,0,0,0
9.887505,1,1,1,1,1,1,1,1,1
9.889272,1,0,1,0,1,0,0,1,1
9.891263,1,1,1,0,0,0,1,0,0
9.894341,1,1,0,1,1,0,0,1,0
9.900989,0,0,0,1,0,1,1,1,0
9.902664,1,0,1,1,1,1,0,0,1
9.908089,1,0,1,1,0,1,1,0,1
9.915461,1,0,0,1,0,1,0,1,1
9.919588,1,1,1,0,1,0,1,0,1
9.927244,1,0,1,0,1,0,0,0,1
9.930071,0,1,0,0,1,0,1,1,0
9.933522,1,1,1,1,0,0,0,1,1
9.942707,0,0,1,1,0,1,1,0,0
9.951968,0,1,0,0,0,0,0,1,0
9.953980,1,1,0,1,0,1,1,0,1
9.963404,0,0,1,1,0,1,1,1,1
9.967733,1,1,0,0,1,1,0,1,1
9.971208,0,1,1,1,0,1,1,0,1
9.978796,1,0,1,0,1,0,1,0,1
9.988288,0,1,0,1,0,1,1,0,1
9.991994,1,0,1,0,0,0,1,1,0
9.996248,1,0,0,0,0,1,1,1,1
10.000373,1,0,1,1,0,0,1,1,0
10.002066,0,1,1,1,1,1,0,0,0
10.007583,1,1,1,1,1,1,1,0,1
10.017381,1,0,1,1,1,0,1,0,0
10.021981,1,1,0,1,1,0,1,1,0
10.031014,0,1,0,0,1,1,1,1,0
10.033211,1,1,0,1,0,0,0,0,0
10.038836,1,1,0,0,1,1,0,1,1
10.046342,1,0,0,1,0,0,1,1,1
10.050855,1,0,0,0,1,1,0,1,0
10.057015,0,0,1,1,1,1,0,1,1
10.059246,0,0,1,1,0,0,0,0,1
10.065175,0,0,0,0,0,0,0,1,0
10.072311,0,0,1,1,0,1,1,0,1
10.079723,0,1,1,1,0,0,1,1,0
10.086641,1,1,0,1,1,1,0,1,1
10.088100,0,1,0,0,1,0,0,0,1
10.097547,0,1,0,0,1,0,1,0,1
10.102334,0,1,1,0,1,1,0,1,1
10.105592,0,0,0,0,1,1,0,0,1
10.108323,0,0,1,1,0,1,1,1,0
10.114614,1,0,0,0,1,0,0,0,1
10.119347,1,1,0,0,1,1,0,0,0
10.127524,1,0,1,0,0,1,0,0,1
10.135004,1,0,1,1,1,1,1,1,1
10.140204,0,1,0,1,1,1,1,1,0
10.149744,0,1,1,0,1,1,0,1,0
10.155069,0,1,0,1,1,1,0,0,1
10.158856,1,1,0,0,0,1,0,1,1
10.165672,0,0,1,0,0,0,1,0,1
10.172810,0,1,0,1,0,1,1,1,1
10.176067,1,1,1,1,0,0,1,0,0
10.185585,0,0,0,1,0,1,1,1,0
10.194737,0,1,0,0,1,0,1,0,1
10.202355,0,0,0,0,0,1,0,1,1
10.204884,1,1,0,1,0,1,0,1,0
10.212518,0,1,0,0,0,0,0,0,1
10.220323,0,1,0,1,0,0,1,0,0
10.223134,0,0,0,0,1,1,0,1,0
10.224340,1,0,0,1,0,0,1,1,0
10.226848,0,0,0,0,1,0,0,0,0
10.235928,0,0,1,0,1,0,1,0,1
10.243228,1,1,0,1,0,0,1,0,1
10.251084,1,1,0,1,0,1,1,0,0
10.256084,0,1,0,1,1,0,0,1,0
10.259679,0,1,0,1,0,0,0,0,1
10.263866,1,0,1,0,1,1,1,0,0
10.266130,1,1,0,1,1,0,0,1,0
10.267345,1,0,1,1,0,0,0,0,1
10.274663,0,0,0,1,0,0,0,0,1
10.277199,1,1,0,1,0,0,1,1,0
10.286529,1,1,0,1,1,0,1,0,0
10.290090,0,1,0,1,1,1,1,1,1
10.294910,1,0,1,0,0,0,0,1,0
10.302452,1,0,0,1,1,0,0,1,1
10.311869,1,0,0,0,1,0,1,1,0
10.317788,1,1,1,0,1,1,1,0,1
10.326526,0,0,1,0,1,1,0,0,0
10.329281,0,1,0,1,1,1,1,0,1
10.331355,0,0,0,0,0,1,0,1,0
10.332649,1,1,0,1,1,1,0,0,0
10.340154,1,1,1,1,1,0,1,1,0
10.348411,0,1,0,1,0,0,1,1,1
10.350544,1,0,1,1,0,0,0,1,0
10.359427,0,1,1,0,0,0,1,0,0
10.369390,1,0,1,1,1,1,0,1,0
10.370549,1,0,1,0,1,0,1,0,0
10.375140,0,0,0,1,1,1,0,1,0
10.378492,1,0,0,0,0,0,1,1,1
10.384279,1,1,1,1,1,1,1,0,1
10.392943,1,0,1,1,0,1,0,1,1
10.400869,0,0,1,0,0,0,1,0,0
10.406857,1,1,0,0,0,1,0,1,0
10.409786,0,1,1,0,0,0,1,1,0
10.414286,0,1,1,0,1,1,1,0,1
10.423793,0,1,1,1,0,0,0,0,1
10.426779,0,1,1,1,0,0,1,0,0
10.432169,0,0,0,1,1,0,0,0,0
10.441958,1,0,0,0,0,0,0,0,1
10.445035,0,0,0,1,1,1,1,1,0
10.453811,0,0,0,0,0,0,1,1,1
10.462955,1,0,0,0,1,0,0,0,0
10.470066,0,1,0,1,1,1,1,1,1
10.471497,0,0,0,0,1,0,0,0,0
10.475965,1,0,1,0,0,0,0,1,1
10.479723,0,1,1,0,0,0,0,0,1
10.483462,0,1,0,1,0,0,0,0,0
10.492494,0,0,0,1,1,1,1,1,1
10.502067,1,0,1,0,0,1,1,1,1
10.510176,0,1,0,1,1,0,0,1,1
10.518758,0,0,1,1,1,1,1,1,0
10.526965,0,0,0,1,1,0,1,1,0
10.530480,1,1,0,1,0,1,1,0,0
10.538939,1,1,0,0,0,0,1,0,1
10.544939,0,0,1,0,0,0,1,1,0
10.545939,1,1,0,0,0,1,0,1,0
10.549139,1,1,1,1,1,0,1,0,0
10.555922,0,0,1,1,0,1,0,0,1
10.564716,1,0,0,0,1,0,0,1,0
10.568993,1,1,1,1,1,0,1,1,0
10.571372,0,1,0,1,0,1,0,1,0
10.580433,1,0,1,0,1,0,1,1,0
10.583210,1,0,0,1,1,1,1,1,0
10.590027,0,0,0,1,1,1,0,0,0
10.592577,0,1,1,0,0,0,0,0,1
10.599913,0,0,0,1,1,1,0,1,0
10.602941,0,0,1,1,0,0,1,1,1
10.606121,0,0,1,0,1,0,1,0,0
10.610354,0,0,0,0,0,1,0,0,1
10.617187,1,0,1,0,0,0,0,0,1
10.624331,1,1,1,0,1,0,0,0,1
10.630224,1,1,0,0,1,0,1,1,0
10.633200,1,1,1,0,1,1,0,1,1
10.638334,0,1,1,1,1,1,0,1,0
10.640958,1,0,1,1,1,1,1,1,1
10.649870,1,0,0,0,1,1,1,1,0
10.653167,0,1,1,1,0,0,1,1,1
10.658037,0,0,0,1,1,1,0,1,0
10.661313,0,1,0,1,1,1,0,0,0
10.671001,0,0,0,0,0,0,0,1,0
10.680913,0,0,0,0,0,1,0,0,0
10.682794,1,1,0,1,1,0,1,0,0
10.684932,0,0,1,1,0,0,0,1,0
10.694448,1,0,1,0,1,1,1,1,0
10.702860,0,0,0,0,0,1,1,1,0
10.710032,1,1,0,0,1,0,0,1,1
10.717894,1,0,0,1,1,1,1,0,0
10.722398,1,0,1,1,1,1,1,1,0
10.724061,0,1,0,0,0,0,1,0,0
10.727727,1,1,1,1,0,1,0,0,1
10.730969,1,1,0,1,0,0,0,0,0
10.737121,1,0,0,0,1,0,1,0,0
10.742312,0,1,0,0,0,1,0,1,1
10.749500,1,1,1,0,1,0,1,0,0
10.753627,1,1,1,1,0,1,0,0,1
10.759491,1,1,1,1,0,0,0,0,0
10.761326,0,0,1,1,1,0,1,0,1
10.768891,1,0,0,0,1,1,0,1,0
10.776309,1,1,1,0,1,0,0,0,0
10.785239,0,0,1,1,1,1,1,0,1
10.786239,0,1,1,1,0,1,0,1,0
10.793310,0,0,1,1,0,1,1,1,0
10.795133,0,1,0,0,0,0,1,0,0
10.800451,1,1,1,1,0,1,0,0,1
10.801860,1,0,1,0,0,1,1,1,1
10.809689,1,1,1,0,1,0,0,0,1
10.817610,0,0,0,0,0,0,1,0,0
10.824116,1,1,1,1,0,0,0,0,1
10.825841,1,1,0,1,0,0,0,0,1
10.835097,0,1,1,0,1,0,0,1,1
10.840056,0,1,1,0,0,1,0,1,0
10.844122,1,0,1,0,1,0,1,0,1
10.851039,0,0,0,0,1,0,0,0,1
10.858565,0,1,1,0,1,1,0,1,0
10.859955,1,1,0,1,0,0,0,0,0
10.863098,1,0,0,1,1,0,0,1,1
10.869967,0,1,0,1,0,1,1,0,0
10.872089,1,1,0,1,0,0,0,1,1
10.880186,0,1,1,1,1,1,1,1,1
10.887989,1,0,0,1,1,1,1,0,0
10.893700,0,0,0,1,0,1,1,0,1
10.896848,0,0,0,0,0,0,0,0,1
10.904550,0,1,0,1,1,1,0,1,1
10.914276,1,1,0,0,0,1,0,1,0
10.915652,1,1,1,1,1,0,1,0,0
10.924037,1,0,1,1,0,1,0,1,0
10.931890,0,1,0,1,0,0,1,0,1
10.939696,0,1,1,1,0,1,0,0,1
10.942534,1,1,0,0,1,1,1,0,0
10.943607,0,1,1,1,1,0,0,1,0
10.950347,0,0,1,0,0,0,0,1,0
10.955738,1,1,1,1,1,1,1,1,1
10.965196,1,0,1,0,1,0,0,0,1
10.968081,0,0,0,0,0,0,1,0,1
10.974066,0,1,1,1,1,0,1,0,1
10.981893,1,0,1,1,0,1,0,0,0
10.990597,1,0,0,1,1,0,0,0,1
10.997737,1,1,1,0,1,1,0,1,0
11.002958,1,0,0,1,0,0,0,1,0
11.010515,0,1,1,0,0,0,1,0,0
11.017515,0,1,1,1,0,0,1,0,1
11.022382,1,1,0,1,1,0,1,1,0
11.026450,0,1,0,1,1,1,1,1,1
11.036043,0,0,1,0,1,0,1,0,1
11.037875,1,1,1,0,0,1,0,1,0
11.044655,0,1,0,0,1,0,1,1,0
11.046246,0,1,0,0,1,1,0,1,1
11.054692,0,0,1,1,0,0,0,1,1
11.063345,1,1,0,1,0,1,0,1,0
11.068094,0,0,1,1,1,1,0,1,0
11.077244,1,1,1,1,0,1,1,0,1
11.084047,1,1,0,0,1,1,1,0,0
11.089095,0,1,1,1,0,1,0,1,0
11.090803,1,0,1,0,1,0,0,0,1
11.095178,1,0,1,1,1,1,1,0,1
11.103887,0,0,1,0,1,1,0,0,1
11.112214,0,0,1,1,0,0,0,1,1
11.119964,0,1,0,1,1,0,0,0,1
11.126776,0,1,1,1,0,0,0,0,0
11.132363,0,0,0,1,0,0,0,0,0
11.138950,0,1,0,0,1,0,1,1,1
11.144509,1,1,1,0,1,0,0,0,0
11.150263,1,1,0,1,1,1,1,0,0
11.152400,0,1,1,1,0,0,1,1,1
11.155353,1,0,0,1,0,1,1,1,0
11.161635,1,0,0,1,0,1,0,1,0
11.165347,1,0,1,1,1,0,0,0,1
11.172370,0,0,0,0,1,1,1,1,1
11.179471,0,0,1,0,0,0,0,0,1
11.183032,0,1,1,1,0,1,0,0,0
11.188995,0,0,1,1,0,0,0,0,1
11.195787,0,0,0,1,0,1,0,1,1
11.202524,0,0,1,1,0,1,0,1,0
11.210961,1,0,0,0,0,1,1,1,1
11.213664,0,0,1,1,0,0,0,1,0
11.218880,1,1,1,0,0,0,0,0,1
11.222454,1,0,0,1,1,0,1,1,0
11.231210,0,0,0,1,0,1,0,1,0
11.233106,1,0,0,0,1,0,1,0,0
11.236035,0,1,0,0,1,1,1,1,0
11.244424,0,0,1,0,1,1,0,1,1
11.247028,0,1,0,0,1,1,1,1,0
11.250220,1,1,1,0,0,1,0,1,1
11.254084,1,1,1,1,0,0,0,1,1
11.263539,1,1,1,1,1,1,0,1,1
11.266088,1,0,0,0,1,0,1,1,1
11.269064,1,0,1,0,0,1,0,0,0
11.270203,0,1,0,1,1,0,1,0,0
11.278883,0,1,0,0,1,1,0,1,1
11.283897,0,1,0,1,0,1,0,1,0
11.293302,1,1,1,0,0,1,1,0,1
11.300599,1,1,1,0,1,1,1,1,1
11.303586,0,1,0,1,1,1,0,0,1
11.309666,0,1,0,0,0,0,0,0,1
11.313499,1,1,1,1,1,0,1,0,1
11.317745,1,0,1,0,0,1,1,1,0
11.326844,0,0,1,0,1,1,0,1,0
11.330844,1,1,1,1,1,1,1,1,1
11.334063,0,0,0,0,1,1,0,1,1
11.342189,1,1,0,1,1,1,0,0,1
11.344576,0,0,0,1,0,1,0,0,1
11.349901,0,1,1,1,0,1,0,1,0
11.358429,0,0,1,1,0,1,0,1,1
11.365326,1,1,1,1,1,0,1,1,1
11.372374,1,1,1,0,1,1,1,1,1
11.377960,0,1,0,1,0,1,0,0,0
11.383212,1,1,0,1,1,1,1,0,1
11.390321,1,1,0,0,1,1,1,0,0
11.399329,1,0,0,1,0,0,1,1,0
11.405922,0,1,1,0,0,0,0,1,1
11.414131,0,1,1,1,1,0,0,0,1
11.422725,0,1,0,1,0,0,0,1,0
11.431376,1,0,1,0,1,1,1,1,0
11.433787,1,0,0,0,1,0,1,1,0
11.439362,1,1,0,0,1,0,1,0,1
11.443583,0,0,1,1,0,1,1,1,1
11.445517,1,0,0,1,1,0,1,0,1
11.454225,1,1,0,0,0,1,1,0,1
11.460539,1,0,1,0,1,1,0,0,1
11.464181,0,0,0,1,0,1,0,1,0
11.467720,1,0,1,1,1,0,1,0,0
11.469598,0,0,0,1,1,1,1,1,0
11.471711,1,0,0,1,0,0,0,0,1
11.475642,1,1,1,0,1,0,1,1,0
11.478382,0,1,0,1,1,1,1,0,0
11.484632,1,0,0,0,1,1,1,1,1
11.494342,1,1,0,1,1,0,1,1,1
11.500292,1,1,0,1,0,0,0,1,0
11.502026,1,1,1,1,1,1,1,1,1
11.507095,1,0,0,0,0,0,1,1,0
11.510393,0,1,1,0,1,1,1,1,0
11.518593,1,0,1,0,0,0,0,1,1
11.519593,0,0,0,0,1,0,0,1,1
11.528076,0,1,0,1,1,0,0,0,0
11.534761,0,0,1,0,0,0,0,1,1
11.543636,1,1,0,0,0,0,1,0,1
11.549548,0,1,1,0,1,0,1,1,0
11.557158,0,0,1,0,0,1,1,0,0
11.564818,1,0,0,0,1,1,1,1,1
11.571205,1,0,0,1,0,0,1,0,1
11.574350,1,1,1,0,1,0,0,0,0
11.578610,1,1,1,1,1,1,0,1,0
11.580559,0,1,0,1,0,0,0,1,1
11.581646,0,0,0,1,1,0,1,1,0
11.588463,0,1,1,1,0,1,0,0,0
11.596774,1,1,1,1,1,0,1,1,1
11.597888,1,1,1,1,0,0,1,0,1
11.607766,0,0,0,1,0,1,0,0,1
11.612994,0,0,0,0,1,1,1,0,0
11.615482,1,1,0,0,1,0,1,1,1
11.620650,1,1,0,1,1,0,0,0,0
11.622761,0,1,0,1,0,0,0,1,0
11.625113,0,0,0,1,0,1,0,1,1
11.631513,1,0,0,0,1,0,1,0,1
11.639787,0,0,1,1,0,1,0,0,0
11.649562,1,0,1,1,1,1,1,1,1
11.654784,1,0,1,0,0,1,0,0,0
11.659241,1,1,1,1,1,0,1,0,0
11.666609,0,0,1,0,0,1,0,1,1
11.670837,0,1,0,0,1,1,1,1,0
11.674427,0,0,1,0,0,0,1,0,0
11.677496,0,1,1,0,0,0,1,1,1
11.683492,1,1,0,0,0,1,0,0,0
11.691839,1,1,1,0,1,0,1,1,0
11.693054,1,0,0,1,1,0,0,1,0
11.694804,0,0,0,1,0,0,1,0,0
11.700220,0,1,0,1,0,1,1,0,1
11.706680,1,0,1,1,1,1,0,1,0
11.714178,0,1,1,0,1,1,0,0,0
11.723491,1,0,1,0,0,0,0,1,0
11.727545,0,1,1,0,1,0,1,0,0
11.733356,1,0,1,0,1,1,0,0,0
11.742265,1,1,1,1,1,0,0,1,0
11.747346,1,0,0,1,0,1,1,1,0
11.754828,1,1,0,0,1,0,1,0,1
11.762580,0,0,0,0,1,0,0,1,0
11.765341,0,1,0,0,0,1,0,1,0
11.773457,0,1,0,0,0,1,0,1,0
11.778910,1,0,1,0,0,0,1,0,0
11.783770,0,1,1,1,1,1,0,0,1
11.787831,1,1,0,0,1,1,1,1,0
11.793374,0,1,0,0,0,0,1,0,1
11.802374,1,1,0,0,1,0,1,0,0
11.806763,0,1,0,0,0,0,1,1,1
11.812434,1,1,0,1,1,1,1,1,0
11.817987,1,1,0,1,1,1,1,1,1
11.821559,1,0,0,0,0,1,0,1,1
11.826092,1,1,1,1,1,1,1,0,1
11.831288,1,0,1,0,0,0,0,0,0
11.833116,1,1,1,1,0,1,1,1,0
11.838054,0,0,0,1,0,1,0,0,1
11.842765,1,1,1,1,1,0,1,1,1
11.847553,0,0,1,1,0,0,0,0,0
11.849521,1,1,0,1,1,0,1,1,1
11.854971,1,1,1,1,0,1,1,0,1
11.861901,1,0,1,1,1,0,1,1,0
11.866260,1,0,0,1,1,1,1,0,1
11.868306,1,1,0,1,1,1,1,0,1
11.872639,0,0,1,0,1,1,1,0,1
11.879597,0,0,1,0,1,0,1,1,1
11.889402,0,1,0,0,1,1,1,0,0
11.899172,1,1,0,0,0,0,0,0,1
11.902122,1,0,1,0,0,1,1,0,0
11.903216,0,1,1,1,0,0,1,1,0
11.906680,1,0,0,1,0,0,1,1,1
11.915073,1,0,1,1,1,0,1,0,1
11.924594,1,1,0,1,1,1,1,1,1
11.929048,1,1,1,0,1,0,1,0,0
11.936826,1,1,1,1,0,1,1,0,1
11.939235,1,0,0,0,0,0,0,0,1
11.941919,0,1,1,1,1,0,1,0,1
11.950237,0,0,0,0,0,1,1,0,1
11.957913,1,0,1,1,0,1,0,1,0
11.967578,0,1,1,0,1,0,0,0,0
11.975350,1,0,0,1,1,0,0,1,1
11.983132,0,1,1,1,1,1,1,1,0
11.993049,1,1,1,0,0,0,0,0,0
11.999311,1,0,1,1,0,1,1,1,0
12.008533,0,1,0,0,0,0,0,0,1
12.017086,1,0,1,0,1,0,1,1,0
12.018559,1,1,0,0,0,0,1,0,0
12.020223,0,0,0,0,0,0,1,0,1
12.024292,1,0,1,1,1,0,1,1,0
12.025741,0,0,1,0,0,0,0,1,1
12.026741,0,1,0,1,0,0,0,1,0
12.030709,1,0,0,0,1,1,0,1,0
12.038760,0,0,1,1,1,1,0,0,1
12.047999,1,0,0,0,0,1,1,0,1
12.052589,1,1,1,1,0,0,0,0,1
12.057642,1,1,0,1,0,0,1,1,1
12.058988,0,0,1,1,1,1,1,1,0
12.065199,0,1,1,1,1,1,1,1,0
12.067699,1,0,1,1,0,1,1,1,0
12.068955,1,0,1,0,0,0,1,0,0
12.072697,0,0,0,0,0,1,0,1,0
12.078229,0,1,0,0,1,1,0,0,0
12.086882,1,0,0,0,0,0,1,1,0
12.091023,0,1,1,0,1,1,0,0,1
12.099977,0,1,1,1,0,1,1,1,1
12.102458,1,0,0,0,1,1,0,0,1
12.109032,1,0,1,1,0,0,0,0,1
12.113339,1,0,1,0,0,0,1,0,0
12.115283,0,0,1,0,1,1,0,0,1
12.121259,0,1,0,1,0,1,0,1,1
12.124346,0,0,0,0,1,0,0,0,0
12.126778,0,0,1,1,0,0,1,0,1
12.135371,0,1,1,1,0,1,0,0,0
12.143743,0,1,1,1,1,1,0,0,1
12.151204,1,0,0,0,0,1,1,1,0
12.160561,1,1,0,0,1,1,1,1,0
12.162221,0,0,0,1,1,1,1,0,1
12.166542,1,0,1,0,1,1,0,0,1
12.170984,0,0,0,0,1,1,1,0,0
12.175688,0,0,0,1,0,1,1,0,0
12.180676,1,0,1,1,1,1,0,0,1
12.187526,1,1,0,1,1,0,1,0,1
12.189510,0,1,0,0,1,0,0,1,1
12.193351,1,1,1,1,1,1,0,0,1
12.197241,0,0,1,0,1,1,1,1,0
12.205664,1,1,0,1,0,0,1,1,0
12.215072,1,0,1,0,1,0,0,1,0
12.222916,0,1,0,1,1,0,0,1,1
12.225984,0,1,1,0,1,0,0,1,0
12.227999,0,0,1,1,0,1,1,0,1
12.230334,0,1,0,1,0,1,0,1,0
12.238516,0,1,0,1,0,1,1,0,0
12.244804,1,1,0,0,1,1,0,1,0
12.247023,0,1,0,0,0,0,1,0,0
12.248247,1,1,1,0,0,1,1,0,0
12.255352,0,0,0,1,1,1,0,1,1
12.263942,1,1,1,1,0,0,1,1,0
12.272615,1,1,1,0,1,1,1,1,1
12.279212,0,1,1,0,0,0,1,1,1
12.284291,1,1,1,0,0,1,1,1,1
12.289742,0,0,0,1,0,1,1,1,0
12.295750,1,0,1,1,1,1,0,1,1
12.300375,1,0,0,0,0,1,1,1,1
12.306919,0,1,1,1,1,0,1,0,0
12.314158,0,0,0,0,0,1,0,1,0
12.317199,0,0,1,1,0,1,0,0,1
12.325074,0,1,0,0,0,0,0,0,0
12.334861,1,1,0,1,0,0,0,1,0
12.339468,1,1,1,0,1,1,0,0,1
12.341525,0,0,0,1,1,0,1,0,0
12.345089,0,0,1,0,0,0,0,0,1
12.352275,0,0,1,1,1,1,0,1,1
12.359680,1,1,0,0,0,0,0,1,1
12.364053,0,0,0,1,0,1,0,1,1
12.367861,1,0,1,0,1,1,1,1,1
12.372077,1,1,1,1,1,0,0,0,1
12.381194,1,1,0,0,1,1,0,1,1
12.384322,1,1,0,0,0,0,0,1,0
12.386804,0,0,1,1,1,1,0,1,0
12.395148,1,1,1,0,1,1,0,1,1
12.403807,1,0,0,1,1,1,1,1,1
12.407574,1,0,1,0,1,1,0,1,0
12.412337,0,1,1,1,0,1,1,0,0
12.415140,1,0,0,1,1,1,1,0,0
12.422290,0,1,0,0,1,1,0,1,0
12.423302,1,1,0,1,0,0,1,0,1
12.425249,1,0,1,0,0,1,0,0,0
12.427049,0,1,0,0,0,1,1,0,0
12.433001,0,1,1,0,1,1,1,1,0
12.441360,0,1,0,1,0,0,0,1,1
12.448060,1,0,1,0,0,0,1,0,1
12.453050,1,1,0,0,1,0,0,1,0
12.462340,0,0,1,1,1,1,1,1,0
12.467673,1,0,0,0,1,0,1,0,1
12.470425,0,0,1,1,0,1,0,1,1
12.476952,0,1,0,0,1,0,1,0,0
12.479279,0,0,0,1,0,0,0,0,0
12.485836,1,0,1,1,0,1,1,0,1
12.493833,1,1,1,1,0,0,0,1,1
12.500582,1,1,0,0,1,0,0,0,0
12.509809,0,0,0,0,0,0,1,0,0
12.513169,0,0,0,1,0,1,0,0,1
12.521824,1,1,1,1,1,0,0,1,1
12.526427,0,0,1,1,1,1,1,0,1
12.527441,1,1,1,1,0,0,1,1,0
12.530471,1,1,1,0,0,0,0,0,0
12.537237,0,1,1,0,1,0,0,1,1
12.539162,1,0,0,1,0,0,1,0,0
12.541799,0,1,0,0,0,0,0,0,0
12.542929,0,0,0,1,0,0,0,1,0
12.549579,1,0,0,0,0,1,0,0,0
12.558683,0,1,0,1,0,1,1,0,1
12.567808,1,1,1,1,1,1,1,1,1
12.570378,1,1,1,1,1,1,1,1,0
12.575270,1,1,0,0,1,0,1,1,1
12.577651,1,1,0,0,1,0,0,0,1
12.580749,0,0,0,1,0,1,0,0,1
12.584396,0,1,1,0,0,0,0,0,1
12.590165,0,1,0,0,0,1,1,1,1
12.598703,0,0,1,0,1,1,0,1,1
12.601222,1,0,0,0,1,1,1,0,1
12.603269,1,0,0,1,1,1,0,0,0
12.610572,0,1,1,1,1,0,1,0,1
12.612129,0,1,1,0,0,0,1,0,1
12.617940,1,0,1,1,0,0,0,0,0
12.626687,1,1,1,0,0,0,1,1,0
12.631806,1,0,0,0,1,0,1,0,0
12.639607,0,0,1,0,1,1,0,1,0
12.648107,0,1,1,0,1,0,0,0,1
12.650061,1,0,1,0,1,1,1,1,1
12.656163,0,0,0,1,0,0,0,1,1
12.664303,1,0,0,0,0,1,0,1,0
12.671848,0,0,0,0,1,0,0,1,1
12.676767,0,1,1,1,0,1,0,0,1
12.681217,0,1,0,1,0,0,0,0,0
12.686030,1,0,1,1,1,1,1,0,1
12.690190,0,0,0,1,0,1,0,1,1
12.692808,1,1,0,1,1,1,1,0,0
12.694855,0,0,1,0,0,1,1,0,1
12.697894,1,1,0,1,1,0,1,0,1
12.704557,0,0,1,1,0,1,0,0,0
12.706757,0,1,1,1,0,0,1,0,1
12.709723,0,1,1,1,0,0,0,0,0
12.712797,0,1,0,1,1,1,0,1,1
12.722212,0,1,1,1,0,1,0,1,0
12.727131,0,0,0,0,1,1,0,0,0
12.728470,0,1,0,1,1,1,0,1,0
12.733060,1,1,1,0,1,0,0,0,0
12.737654,1,1,0,1,0,1,1,1,1
12.740760,0,0,0,0,1,1,0,0,1
12.747747,1,0,1,1,0,1,0,0,1
12.749954,1,0,1,0,0,1,1,1,0
12.751728,1,0,0,1,0,0,1,0,1
12.761376,0,0,1,1,1,0,1,1,0
12.767467,0,1,1,1,0,1,0,1,1
12.776399,0,0,1,1,1,1,0,0,1
12.783810,1,0,0,0,0,0,0,1,1
12.790587,0,0,0,1,1,0,1,0,1
12.796022,0,0,1,1,1,1,1,0,1
12.798352,0,0,0,1,1,0,0,1,1
12.804684,1,1,1,1,0,0,1,1,1
12.809485,1,0,1,1,1,0,0,1,0
12.813185,1,1,0,1,1,0,0,1,0
12.818139,1,1,1,1,1,0,1,1,1
12.823375,1,1,1,1,0,1,1,0,1
12.828335,1,0,0,0,1,1,1,1,0
12.833238,0,0,1,1,0,1,0,1,0
12.840885,1,1,1,1,1,1,1,1,1
12.842657,0,0,1,1,1,0,0,0,0
12.851559,0,0,1,0,0,1,0,0,0
12.857199,0,1,0,0,0,0,0,0,1
12.862805,1,1,0,0,1,1,1,0,1
12.866271,0,0,1,0,1,1,1,0,1
12.875753,0,0,1,1,0,1,0,1,1
12.881492,0,0,0,0,0,1,1,0,0
12.888424,0,0,1,1,1,1,0,0,0
12.892608,1,1,1,0,1,1,0,0,0
12.898646,1,0,1,0,1,1,0,0,0
12.905731,0,0,1,0,0,0,0,0,1
12.910004,0,0,0,0,1,1,0,1,0
12.912671,1,1,1,0,0,0,1,0,0
12.918088,0,1,1,1,1,0,0,1,0
12.922836,0,0,0,0,0,1,1,0,1
12.927774,1,0,0,1,0,0,1,1,1
12.933775,1,0,0,1,1,1,1,0,1
12.936963,1,1,0,1,1,1,0,0,1
12.941262,0,0,0,1,1,0,0,0,0
12.949702,1,1,0,0,0,0,1,0,0
12.959638,1,0,0,0,0,1,1,0,1
12.961532,1,0,1,1,1,0,1,0,0
12.962532,1,0,0,1,1,0,1,0,1
12.971594,1,1,1,0,1,1,1,0,0
12.974844,0,0,1,1,1,1,1,1,1
12.977470,0,1,0,1,1,0,0,0,1
12.985774,1,0,0,0,0,0,1,0,0
12.989927,0,0,1,0,0,0,1,0,0
12.996506,1,0,1,1,0,1,1,0,1
13.004157,1,0,1,0,1,0,1,0,1
13.009630,0,0,1,0,0,0,0,1,0
13.016081,0,1,0,0,0,1,0,0,0
13.018195,0,1,0,0,1,1,1,0,0
13.024826,0,1,0,1,0,0,0,1,0
13.030541,0,0,1,1,1,0,0,1,0
13.036735,1,0,0,0,1,0,1,1,0
13.039245,1,1,0,0,0,0,1,1,0
13.041106,0,0,1,1,0,0,1,0,1
13.046618,1,1,0,1,1,0,0,1,1
13.051302,1,0,0,1,1,0,0,1,1
13.056913,0,1,0,1,0,1,0,0,0
13.060485,0,1,1,1,0,0,0,1,0
13.062061,1,1,1,1,1,0,1,1,0
13.063117,0,0,1,0,1,0,1,0,0
13.064460,1,1,0,0,1,0,0,0,1
13.069272,1,1,1,0,1,0,1,0,0
13.073532,1,0,0,0,0,1,1,1,1
13.080742,1,1,0,1,0,1,1,1,1
13.086288,0,1,1,0,0,0,0,0,0
13.087756,0,0,0,0,0,1,0,0,0
13.092277,1,0,0,0,0,0,0,0,0
13.093821,1,0,1,0,1,1,1,1,0
13.098241,1,1,1,0,1,0,1,1,0
13.100653,1,0,1,0,1,0,0,1,1
13.102975,0,1,0,1,0,1,0,1,1
13.110123,1,1,0,0,0,0,1,1,1
13.115678,1,0,1,0,0,0,1,1,1
13.119427,0,0,0,1,0,0,1,1,0
13.128775,0,1,1,0,1,1,0,0,0
13.133683,1,1,0,0,1,1,0,1,0
13.136913,0,1,1,1,1,1,0,1,1
13.144502,1,1,1,1,0,1,1,0,1
13.152603,1,1,0,0,1,1,1,0,0
13.158326,0,0,1,0,0,0,1,1,0
13.164210,1,0,0,0,0,1,1,0,0
13.167477,0,0,0,1,0,0,0,1,1
13.176542,1,1,1,1,0,1,1,0,0
13.186286,0,0,1,1,1,1,1,1,1
13.195270,1,1,1,0,0,1,1,0,1
13.204036,1,0,1,0,1,1,1,1,1
13.213684,1,1,1,0,0,0,0,1,1
13.218842,1,0,1,1,0,1,0,0,1
13.225467,1,0,1,1,1,1,1,1,1
13.233372,0,0,0,0,1,1,0,0,1
13.239957,0,1,0,1,1,1,0,1,0
13.242168,0,0,0,0,1,0,1,0,1
13.245616,0,0,0,1,0,1,0,0,0
13.248716,1,1,0,1,0,0,0,1,1
13.257928,0,1,0,0,1,1,0,0,0
13.266780,0,0,1,0,1,0,1,0,1
13.275989,0,0,0,1,1,1,0,1,0
13.278620,0,0,1,1,0,1,1,0,0
13.285620,0,1,1,0,1,0,0,0,0
13.292593,0,0,1,0,0,1,1,1,0
13.295672,0,0,1,1,1,0,0,1,1
13.303595,1,1,0,0,1,0,1,1,1
13.304717,0,0,1,0,0,1,1,1,1
13.306349,1,1,1,1,0,1,1,1,1
13.309538,0,0,0,0,0,0,0,1,1
13.314485,0,1,1,1,0,0,0,1,1
13.321335,0,0,0,1,0,0,0,1,1
13.322491,0,1,1,0,0,1,1,1,0
13.329785,1,1,1,0,1,1,0,0,0
13.338698,1,1,0,1,0,0,1,0,1
13.345789,0,0,1,0,1,1,0,1,0
13.352700,0,1,1,0,1,1,0,1,1
13.360790,1,1,1,1,1,1,1,1,1
13.363734,0,1,0,1,0,1,0,1,0
13.364769,0,0,1,1,1,1,0,0,1
13.367978,1,1,0,1,1,0,0,0,0
13.370088,1,1,0,1,0,1,0,0,0
13.375777,0,0,0,1,0,0,1,0,1
13.382954,0,0,1,0,0,0,1,1,0
13.389586,1,1,0,0,0,1,0,1,0
13.399255,1,0,1,1,1,0,1,0,0
13.405246,0,1,1,0,1,1,0,0,1
13.407960,0,1,0,0,0,1,1,1,0
13.417683,1,0,1,1,0,0,1,0,1
13.426183,1,0,0,1,0,1,0,1,1
13.431213,0,0,0,0,1,1,0,0,0
13.439898,0,1,0,0,0,0,0,0,1
13.446416,0,0,0,0,1,1,1,0,0
13.453436,0,0,1,0,1,0,1,0,1
13.454771,1,0,0,0,1,1,1,0,0
13.461979,1,0,1,0,0,0,1,1,0
13.463894,1,0,0,1,0,1,1,0,1
13.469047,0,1,1,1,1,0,0,1,1
13.471740,1,0,0,1,1,0,0,1,0
13.478390,0,1,0,0,1,1,1,0,0
13.482567,1,1,0,1,1,1,1,1,0
13.490193,1,1,0,0,0,1,0,0,1
13.496877,0,0,0,1,0,1,0,0,0
13.502772,1,1,0,0,0,0,0,1,0
13.507143,0,0,1,0,0,1,1,1,0
13.511204,1,1,1,0,0,1,0,0,1
13.518178,1,1,1,1,1,1,1,0,1
13.525928,0,1,0,0,0,0,0,1,0
13.530846,0,1,1,1,1,1,0,0,1
13.539289,0,0,1,1,1,0,1,0,1
13.547789,1,0,1,0,1,0,0,1,0
13.554577,0,0,1,0,1,0,1,1,1
13.559556,0,0,1,0,0,0,0,0,0
13.568567,0,0,0,1,0,1,1,1,1
13.570374,1,1,1,0,1,0,1,0,0
13.579352,1,1,0,1,0,0,1,1,0
13.581377,1,0,1,1,1,0,1,0,1
13.590854,0,1,0,0,0,0,1,1,0
13.600054,0,0,0,0,1,1,1,0,1
13.607545,1,0,1,0,1,0,0,0,0
13.613791,0,0,0,0,0,1,0,0,1
13.623387,0,0,1,1,0,1,1,1,1
13.628274,1,0,0,0,1,0,1,0,0
13.635892,1,0,0,0,1,0,0,1,1
13.637761,1,1,0,1,1,0,0,0,1
13.642607,1,0,0,1,1,0,0,0,0
13.644422,0,1,0,1,0,1,0,1,0
13.649728,0,0,1,0,0,1,1,0,0
13.657939,0,1,0,0,0,0,0,0,0
13.662495,0,0,0,1,0,0,1,1,0
13.664466,1,0,1,1,1,1,1,0,1
13.670446,1,1,0,0,0,1,1,1,1
13.677200,0,0,1,1,1,1,0,1,1
13.685600,0,0,0,0,0,1,1,1,0
13.687782,1,0,0,1,0,0,0,0,1
13.693922,0,1,0,1,1,1,1,1,1
13.701606,1,0,1,1,1,1,1,1,0
13.708197,1,0,1,0,1,0,0,0,0
13.714785,1,0,0,0,1,1,0,0,0
13.719498,1,0,1,0,1,0,1,0,0
13.723568,0,0,0,0,0,0,0,1,0
13.728304,1,0,0,1,1,0,1,0,0
13.737522,0,0,1,1,0,1,0,0,0
13.745645,0,0,0,1,0,1,1,0,1
13.749175,1,0,0,1,1,1,0,0,1
13.752031,0,0,1,0,0,0,0,0,1
13.753905,0,1,0,0,0,1,1,0,1
13.761136,1,1,1,0,0,0,1,0,0
13.770122,1,0,0,1,1,0,1,0,0
13.776036,1,0,0,0,0,1,1,1,0
13.782907,1,1,1,1,0,1,1,1,1
13.792770,0,1,0,1,0,1,0,0,0
13.795669,1,0,0,1,0,1,1,0,1
13.798120,1,0,0,1,1,0,1,0,1
13.802071,1,1,1,0,0,1,1,0,0
13.807818,0,1,1,0,0,0,1,1,0
13.814378,1,1,0,0,0,1,1,1,1
13.819303,0,0,0,1,1,1,0,1,1
13.822135,0,1,0,0,0,1,0,0,1
13.827800,0,1,1,1,0,0,1,1,0
13.832174,1,0,1,1,1,0,0,0,1
13.836917,1,0,1,1,0,0,0,1,0
13.843564,0,1,0,1,1,0,0,0,1
13.846424,0,1,1,1,0,0,0,1,0
13.850371,1,1,1,0,1,1,1,0,1
13.854301,0,1,1,1,0,0,0,0,0
13.857577,1,1,0,1,1,1,0,0,0
13.862439,0,1,1,1,1,0,0,0,0
13.865789,0,1,0,0,1,0,1,0,0
13.867526,0,1,0,1,0,1,1,0,1
13.875100,1,1,0,0,1,1,0,1,0
13.877005,1,0,0,0,1,0,0,0,1
13.879045,1,0,0,1,0,0,1,0,0
13.882816,1,1,0,0,1,1,0,0,1
13.888316,1,1,1,0,1,1,1,1,0
13.895614,1,1,0,0,0,0,1,0,0
13.897272,1,0,1,1,0,1,0,0,0
13.905206,0,0,1,1,1,0,1,1,1
13.908645,0,0,0,1,0,1,1,1,1
13.910463,0,0,0,1,0,0,0,0,1
13.913162,0,0,0,1,1,1,1,1,0
13.915169,1,1,1,1,0,1,0,0,0
13.919921,1,1,1,1,1,0,1,0,1
13.921351,1,0,0,0,1,1,0,0,0
13.929318,1,0,0,0,0,0,0,1,0
13.938327,1,0,0,1,0,0,0,1,0
13.940755,1,0,1,0,0,1,0,0,0
13.948843,0,1,0,1,0,1,0,0,0
13.958143,0,1,0,0,0,1,0,0,1
13.966239,1,0,0,1,1,0,1,1,1
13.969914,0,0,1,1,1,1,0,0,1
13.979180,0,1,0,0,1,1,0,1,0
13.989024,0,0,0,0,0,1,0,0,1
13.992459,0,1,0,0,1,1,1,1,0
13.993692,0,1,1,1,0,1,0,1,1
14.003529,0,1,0,0,1,0,1,0,0
14.008614,1,1,0,1,1,1,0,1,1
14.014194,1,1,1,1,0,1,0,0,0
14.015842,1,1,1,0,1,1,0,1,0
14.024638,0,1,1,0,1,0,1,1,1
14.028940,0,0,0,1,1,1,0,0,0
14.035180,1,1,1,1,0,0,1,0,1
14.043685,1,1,1,0,1,0,1,1,1
14.052097,0,0,1,1,0,0,1,0,1
14.056789,1,0,0,1,0,1,0,1,0
14.066485,1,1,1,1,1,1,1,0,1
14.070822,1,1,0,0,0,1,1,1,0
14.080579,1,1,1,0,0,0,0,1,0
14.084716,0,0,1,0,0,0,0,0,0
14.088080,0,1,0,1,0,1,0,1,1
14.091367,0,0,0,0,1,0,0,0,0
14.097479,0,1,1,0,1,0,1,1,0
14.102149,0,1,1,0,1,1,1,0,0
14.111485,1,0,1,1,1,1,0,0,1
14.116403,1,0,0,1,0,0,1,0,1
14.121689,0,1,1,1,0,1,0,0,0
14.129395,0,0,0,1,1,0,1,1,0
14.136179,1,1,0,1,1,0,1,1,1
14.143424,0,1,0,1,0,1,1,1,1
14.149831,1,0,0,1,0,1,0,0,0
14.154570,0,1,1,0,0,0,0,1,1
14.163426,1,0,0,0,0,0,1,1,1
14.172164,0,0,0,0,1,1,0,0,0
14.175127,0,1,1,1,0,1,0,1,0
14.177420,1,1,1,0,0,1,0,0,1
14.183024,1,1,1,1,0,0,1,0,1
14.190870,1,1,1,1,1,1,0,1,0
14.195931,0,0,0,0,1,1,0,1,1
14.204740,1,0,0,0,1,1,1,1,1
14.212040,1,1,0,0,1,1,1,0,0
14.219023,0,1,1,0,0,1,0,0,0
14.220114,1,1,0,1,1,0,1,0,0
14.225261,0,1,1,1,1,1,1,0,0
14.234714,1,1,1,1,0,0,0,0,1
14.244315,1,0,1,1,0,1,1,0,0
14.245516,0,1,0,1,0,0,1,0,0
14.253678,0,0,0,0,0,0,0,1,0
14.257198,0,0,1,1,0,0,0,1,0
14.264182,0,1,1,0,1,1,1,1,1
14.267082,1,0,0,1,1,0,1,1,1
14.271558,1,0,1,1,1,1,1,0,1
14.275929,1,1,0,1,0,1,1,1,0
14.281676,1,0,0,0,0,0,0,0,1
14.289318,0,1,0,1,1,1,1,1,0
14.293602,1,0,0,0,1,1,1,1,1
14.299976,1,1,1,1,1,1,1,0,1
14.307976,1,0,1,0,0,0,0,1,0
14.316347,1,1,0,0,1,0,0,0,1
14.322081,0,1,0,0,1,0,0,1,1
14.325455,0,0,1,1,0,1,0,0,0
14.331455,0,1,0,1,0,0,0,0,1
14.336877,0,1,1,0,0,0,0,0,1
14.338643,0,1,0,0,1,0,0,0,1
14.341616,0,0,1,1,0,1,0,1,0
14.344200,0,1,0,0,0,0,0,0,1
14.350780,0,0,1,1,1,0,0,0,0
14.351933,0,0,1,1,0,1,0,1,0
14.352982,1,1,1,0,1,0,1,0,1
14.362709,0,0,0,1,0,0,1,1,0
14.368940,0,1,1,1,1,0,0,0,1
14.378304,0,1,0,1,1,0,0,1,0
14.381437,1,1,0,1,1,0,0,1,0
14.385624,0,0,0,1,1,0,0,1,0
14.388636,1,0,0,1,1,0,1,1,0
14.395737,0,0,1,1,1,1,0,0,1
14.405166,0,1,1,0,1,1,1,0,1
14.408804,1,0,1,1,0,0,1,1,0
14.417540,0,1,1,1,1,0,0,0,0
14.424238,1,1,0,0,0,1,0,1,0
14.425895,0,1,1,1,0,0,1,0,1
14.429912,0,0,1,1,1,1,1,0,1
14.434958,1,1,1,0,1,0,0,1,0
14.444069,1,0,0,1,0,1,1,0,0
14.447673,0,0,1,1,1,0,0,1,0
14.457263,1,0,0,0,0,1,1,1,0
14.458940,1,1,0,0,1,1,0,1,0
14.467832,1,1,0,0,0,0,1,1,1
14.474126,1,0,1,0,0,0,1,1,1
14.481915,0,0,0,0,0,1,0,0,1
14.491241,0,1,0,1,1,0,1,0,1
14.497604,0,1,1,0,0,1,1,0,1
14.499438,1,0,0,0,1,0,1,1,1
14.505055,0,0,0,0,0,0,0,0,1
14.508755,0,1,0,1,0,1,0,0,1
14.516817,1,0,0,1,0,1,1,0,1
14.520174,1,1,0,1,1,0,0,1,0
14.525925,1,0,1,0,0,0,0,1,0
14.534645,0,1,0,0,0,0,0,0,0
14.542236,1,0,1,1,0,1,1,0,0
14.551277,1,0,0,1,0,1,1,0,0
14.557219,1,1,1,1,0,0,1,1,1
14.561810,0,1,0,0,0,0,1,0,0
14.566862,1,0,1,1,0,1,0,0,0
14.568403,0,1,1,1,1,0,1,1,1
14.577181,1,0,0,1,0,1,1,0,0
14.579414,0,1,1,1,1,0,0,1,1
14.581202,1,0,1,0,0,0,0,0,1
14.589611,1,1,0,1,0,1,1,1,0
14.593578,0,1,0,0,0,1,1,1,0
14.598417,0,1,1,0,1,0,0,1,1
14.605386,0,1,0,1,0,0,1,1,0
14.609730,0,0,1,1,0,1,0,0,1
14.616687,0,1,0,0,1,1,1,1,0
14.621942,1,0,1,0,1,1,1,1,1
14.625920,0,0,0,1,0,1,0,1,0
14.632644,0,1,1,1,1,1,0,0,1
14.637719,1,1,1,1,1,0,1,1,0
14.641904,0,1,1,1,0,1,0,0,1
14.651808,1,0,0,0,0,0,0,0,1
14.659502,1,0,0,0,1,0,1,1,0
14.669244,0,1,0,0,1,1,0,1,1
14.673898,0,0,1,0,1,0,0,0,0
14.675331,1,1,0,1,0,0,1,1,0
14.683499,0,1,0,1,0,0,0,0,0
14.688445,1,0,0,1,1,0,1,1,1
14.691013,1,0,1,0,0,1,1,1,1
14.697710,1,1,1,1,1,1,1,1,1
14.705895,1,0,1,1,0,1,0,1,0
14.711533,0,0,0,0,1,1,0,1,0
14.719405,0,0,1,0,1,0,1,1,1
14.724334,1,0,1,0,0,1,0,1,0
14.726373,0,1,0,0,0,0,0,1,0
14.732988,1,1,0,0,0,0,1,0,1
14.735825,0,0,1,1,0,1,0,0,0
14.737513,1,1,0,1,0,0,0,1,1
14.741363,1,0,0,1,1,1,1,0,0
14.747596,1,1,1,0,1,0,1,1,0
14.750469,1,1,0,1,0,0,1,1,0
14.753094,1,1,0,1,1,0,1,0,0
14.754361,0,0,1,0,1,0,0,0,1
14.759049,0,1,0,0,1,1,0,1,1
14.763759,1,1,1,1,1,1,1,0,1
14.767759,0,1,0,0,0,0,1,0,1
14.773733,0,0,0,0,0,0,1,1,1
14.779143,1,0,0,1,1,1,1,1,0
14.780472,0,0,1,0,1,1,1,0,1
14.786057,1,1,1,0,1,0,0,0,1
14.790413,0,0,0,0,1,0,0,0,1
14.799275,1,1,0,0,1,1,0,0,0
14.805197,1,1,1,0,1,1,0,1,1
14.810304,0,0,1,0,0,0,0,0,0
14.816025,0,0,1,1,0,0,1,1,1
14.824538,0,0,0,0,1,1,0,1,0
14.831189,0,0,1,1,0,0,0,0,0
14.841019,0,1,0,0,0,1,1,1,0
14.842904,0,0,1,1,0,0,1,1,1
14.845918,0,0,0,0,1,0,1,0,1
14.850359,0,1,1,0,0,1,0,1,1
14.859624,1,1,0,0,1,0,0,1,0
14.863904,1,0,1,1,1,1,1,0,1
14.865937,0,1,0,1,0,1,1,0,1
14.870679,1,0,1,1,1,1,1,1,1
14.873559,1,1,0,1,0,1,1,0,1
14.877095,1,1,0,1,1,1,0,1,0
14.881321,0,0,0,0,1,0,1,0,0
14.887385,0,1,1,1,1,1,1,1,0
14.893433,1,1,0,0,0,0,0,0,0
14.903141,0,1,0,1,0,0,0,0,1
14.909673,0,0,1,0,0,0,0,1,1
14.914169,0,1,0,0,0,1,0,0,1
14.922156,0,0,1,0,1,1,1,1,1
14.928056,0,1,0,1,0,0,0,1,1
14.931446,0,0,0,1,0,1,0,0,0
14.936817,1,1,0,1,1,0,0,1,1
14.940923,0,1,0,0,1,0,1,1,1
14.944237,0,1,1,1,0,1,1,1,1
14.952068,0,0,0,0,1,1,0,1,1
14.954153,0,1,0,1,1,0,0,0,1
14.958162,0,0,1,0,0,0,0,1,1
14.966181,1,1,0,1,1,0,1,1,0
14.971227,0,1,1,1,0,0,1,1,1
14.975287,1,0,1,1,0,0,0,0,0
14.982698,0,0,1,1,1,1,0,1,0
14.989298,0,0,1,1,0,1,1,1,0
14.998551,0,0,1,1,0,1,1,0,0
15.000217,0,1,0,1,0,1,1,0,0
15.008555,1,1,0,1,0,0,1,1,0
15.015503,1,1,0,0,1,0,0,0,1
15.019923,1,1,1,1,0,0,1,0,0
15.028093,0,0,1,1,1,1,0,0,1
15.029885,1,1,0,0,0,0,0,0,1
15.039264,1,0,0,0,0,0,0,1,1
15.040784,1,1,0,1,0,1,0,0,1
15.047891,0,0,1,1,0,1,0,0,0
15.053834,0,0,0,0,1,0,1,1,1
15.056478,1,0,0,1,1,1,1,0,1
15.062836,1,1,0,0,0,1,0,0,0
15.072126,0,0,0,1,1,1,0,0,1
15.078749,0,0,0,1,1,1,1,1,1
15.088107,1,0,0,1,0,1,0,0,1
15.096653,0,1,0,1,0,1,0,1,0
15.104079,0,1,1,1,0,1,1,0,1
15.106981,0,1,0,0,1,0,0,1,0
15.110536,1,0,0,1,0,1,1,1,1
15.118068,1,0,0,1,0,0,0,0,1
15.122980,0,1,0,1,0,0,0,0,0
15.126110,0,1,0,1,0,1,0,1,1
15.129654,0,1,0,0,1,1,1,1,1
15.134101,1,0,0,1,1,1,1,1,0
15.142811,0,1,0,1,0,0,1,0,1
15.148918,1,0,0,1,0,0,0,1,0
15.151881,0,0,0,1,1,0,0,1,1
15.158588,1,0,1,1,1,0,1,1,1
15.165226,1,1,0,0,0,0,0,0,0
15.173694,1,1,1,1,0,0,1,1,1
15.175862,0,1,0,1,1,0,1,0,0
15.185642,1,0,0,1,0,0,1,0,0
15.195003,1,0,0,0,0,1,1,1,1
15.203391,0,1,0,1,1,1,1,0,1
15.210744,1,1,0,0,0,1,0,0,0
15.214204,0,1,0,1,0,1,1,0,0
15.218159,1,0,0,1,0,1,1,0,1
15.226371,1,0,1,1,0,1,0,1,1
15.230659,0,1,1,0,0,1,0,1,1
15.239603,1,1,1,1,1,1,1,0,1
15.243460,1,1,1,0,1,0,0,0,1
15.250662,0,1,1,1,0,0,0,1,1
15.258786,1,1,0,0,1,0,1,1,0
15.268317,1,0,1,1,0,0,1,0,0
15.274616,0,0,0,0,1,0,0,1,0
15.280679,0,1,0,0,0,0,0,1,1
15.287446,0,0,1,1,1,0,1,1,1
15.289330,0,1,0,1,1,1,0,0,1
15.294880,0,1,1,1,0,0,0,0,1
15.303175,0,0,1,0,0,0,1,1,1
15.305596,1,1,0,0,1,0,1,0,0
15.311031,1,0,1,1,1,1,0,1,1
15.314188,1,0,1,0,0,1,0,0,0
15.316304,1,1,1,0,1,1,0,0,1
15.317986,1,0,0,0,0,0,1,0,0
15.325376,1,0,0,0,1,1,0,1,0
15.334332,1,1,1,0,0,1,0,1,0
15.337963,1,1,1,0,0,0,0,0,1
15.340935,1,0,0,1,0,0,1,1,1
15.347740,0,0,0,1,0,1,0,1,1
15.354763,1,1,0,0,0,0,1,0,1
15.359175,1,0,1,0,1,0,1,1,1
15.368161,0,0,1,0,0,0,1,1,0
15.373745,1,0,0,1,0,0,0,1,0
15.382105,0,0,1,0,0,1,1,0,1
15.387465,1,1,1,1,1,1,1,0,1
15.395522,1,1,0,0,1,1,0,0,1
15.399674,0,0,1,1,1,0,0,0,0
15.407910,0,0,1,1,0,0,0,0,1
15.410310,1,1,1,1,1,0,0,0,0
15.413386,0,0,1,0,1,0,1,1,1
15.421644,1,0,1,0,1,0,1,0,0
15.426704,0,1,1,1,0,1,0,0,0
15.436389,0,1,1,0,1,0,0,0,0
15.441266,0,0,1,0,0,0,0,1,0
15.444081,1,0,0,1,0,0,0,0,0
15.445682,0,1,0,0,0,0,1,1,0
15.452161,1,1,0,0,0,0,1,1,1
15.455675,1,1,0,0,0,0,1,1,0
15.462820,1,0,1,0,1,1,0,0,0
15.465312,1,1,1,1,0,0,1,1,0
15.470687,0,1,1,1,0,0,1,1,0
15.472277,1,1,1,0,0,1,0,0,0
15.477957,0,0,0,0,0,0,0,0,1
15.481370,0,0,1,1,1,1,0,1,0
15.486229,1,0,0,0,1,1,1,1,1
15.495779,1,1,1,1,1,1,1,1,1
15.501155,1,1,0,1,1,0,1,0,0
15.509094,1,0,1,0,0,1,1,1,0
15.516746,0,1,0,1,1,0,1,1,1
15.524147,1,1,1,0,0,0,0,1,0
15.528564,0,1,1,0,0,0,1,0,1
15.530985,0,1,1,1,1,0,0,0,0
15.539988,1,0,1,1,0,1,1,1,0
15.545082,0,1,1,1,0,0,1,0,0
15.554294,0,0,0,0,1,0,1,0,1
15.563413,1,0,0,0,0,1,0,0,1
15.572612,1,1,1,1,1,0,0,1,1
15.573995,1,1,1,0,0,1,1,1,1
15.575534,0,0,1,0,1,1,1,1,0
15.580933,0,0,0,1,1,0,1,1,1
15.582160,1,0,1,0,0,1,0,0,0
15.585023,1,0,0,0,1,0,0,1,0
15.590583,1,1,1,0,0,1,1,0,0
15.593473,0,1,1,0,0,1,1,0,1
15.600405,1,1,0,0,1,1,0,0,0
15.609662,1,0,0,0,1,0,1,1,1
15.613454,0,1,0,0,1,0,0,1,1
15.618431,1,0,1,0,0,1,1,0,1
15.625944,0,1,0,0,0,1,1,0,0
15.633172,0,0,1,0,0,0,1,1,0
15.641095,1,0,1,0,0,0,1,0,0
15.643113,1,0,0,0,0,1,0,0,1
15.646209,1,1,1,1,0,1,1,0,0
15.652163,1,1,1,0,1,0,0,1,0
15.654957,1,0,1,0,1,1,0,0,0
15.656566,0,0,1,0,0,1,1,1,1
15.661860,1,0,0,0,1,1,1,0,0
15.664536,1,0,1,0,1,1,1,0,1
15.672207,0,0,1,0,1,1,0,0,0
15.678520,1,1,1,1,0,1,0,0,0
15.687480,0,0,1,0,0,1,1,1,1
15.693017,0,0,1,1,0,0,1,0,1
15.697864,1,1,0,0,0,0,1,1,0
15.698979,1,1,1,1,0,0,1,1,0
15.708083,0,1,1,1,0,0,1,0,0
15.711652,1,0,0,0,1,1,0,0,0
15.712738,0,0,1,1,1,1,0,0,0
15.721200,0,0,0,0,1,0,1,1,0
15.727412,0,1,0,0,1,0,1,0,0
15.737232,0,0,1,0,0,1,0,1,0
15.739318,0,1,1,0,0,0,0,0,0
15.743483,1,1,0,0,0,1,1,1,1
15.750192,0,1,0,0,1,1,1,1,1
15.754429,0,0,0,1,0,1,1,0,0
15.759325,1,0,1,1,1,1,1,0,0
15.768480,1,0,0,1,0,0,1,0,1
15.776591,0,1,0,1,1,1,0,1,0
15.778088,1,0,1,1,0,0,0,1,1
15.781504,1,1,0,1,1,0,0,0,0
15.789046,0,1,1,1,0,0,1,1,1
15.795998,0,0,1,0,1,0,0,0,0
15.798686,1,0,1,1,0,0,0,1,1
15.808239,1,1,0,1,0,0,0,0,0
15.810370,0,0,1,1,1,0,0,0,1
15.812541,0,0,0,0,0,1,0,0,1
15.814066,1,0,1,1,1,0,1,0,0
15.820689,0,0,0,0,1,0,0,0,1
15.828352,1,0,0,0,0,1,0,0,0
15.836491,1,0,1,1,0,0,0,1,1
15.842063,1,0,1,0,1,0,0,1,0
15.846907,0,1,0,0,1,1,1,0,1
15.849656,1,0,1,1,1,0,1,0,1
15.857274,1,1,0,1,0,0,0,0,0
15.862769,1,0,0,0,1,1,1,1,1
15.864957,0,0,0,0,1,1,1,0,0
15.871817,1,1,0,0,1,1,1,0,0
15.880375,0,1,1,0,1,1,1,1,0
15.886438,0,1,0,1,1,0,1,1,1
15.889580,0,0,0,1,1,1,1,0,1
15.897894,0,0,1,1,1,0,0,0,1
15.899842,0,0,0,0,1,0,1,1,1
15.906332,0,0,1,0,1,1,0,1,0
15.914755,0,0,1,1,1,0,0,1,1
15.919253,0,0,0,1,0,0,1,1,1
15.924136,1,1,0,1,0,1,1,1,0
15.931105,0,0,1,0,1,1,1,1,1
15.934659,0,1,0,1,0,1,0,0,0
15.941865,0,1,1,0,0,0,0,0,1
15.951765,0,1,0,1,1,1,1,0,1
15.954880,0,1,0,1,1,0,1,0,0
15.960508,1,0,0,0,1,0,1,1,0
15.961966,0,1,1,1,0,0,1,1,1
15.968148,0,1,0,1,0,1,1,1,1
15.970100,0,1,1,1,0,0,1,1,0
15.978926,0,1,0,1,0,0,0,1,1
15.985090,1,1,0,0,0,0,0,1,1
15.992989,0,0,1,0,1,1,0,1,0
15.994590,1,1,1,0,0,0,0,1,1
16.002268,0,0,1,1,0,0,0,1,1
16.012002,1,1,0,1,1,0,0,0,1
16.015203,1,0,1,1,1,0,1,1,0
16.017105,1,0,0,1,1,0,1,1,1
16.023208,0,0,0,1,1,1,0,0,1
16.031424,0,1,1,0,1,1,0,1,1
16.038274,0,0,1,0,0,1,1,1,1
16.043718,1,0,0,0,0,0,0,0,1
16.049218,1,1,0,0,0,0,1,1,1
16.057418,0,1,0,1,0,0,1,1,1
16.063507,0,0,1,0,1,1,0,0,1
16.068463,1,1,1,1,1,1,0,0,1
16.076046,0,0,0,1,0,0,0,1,0
16.082394,0,0,1,0,0,1,1,1,0
16.091443,1,1,0,1,1,0,0,0,0
16.092863,1,0,1,1,1,1,1,1,1
16.096260,1,1,0,0,1,1,1,0,0
16.104628,1,0,1,0,1,0,1,1,1
16.109162,0,1,1,0,1,1,1,0,1
16.112572,1,0,0,0,0,1,1,0,0
16.117479,1,1,0,1,1,0,1,1,0
16.121667,1,1,0,0,1,1,1,1,0
16.122782,1,0,1,1,0,0,1,1,0
16.126576,1,0,1,1,1,0,0,0,1
16.132460,0,0,1,0,0,0,1,1,0
16.138960,1,0,0,0,0,1,1,0,1
16.142474,1,1,1,0,0,1,1,0,0
16.143474,1,1,1,1,1,1,1,0,1
16.147251,1,0,1,0,1,1,0,0,0
16.148658,1,0,0,0,0,0,1,1,1
16.157580,1,1,0,0,0,1,0,1,0
16.165426,1,1,0,0,0,1,1,1,1
16.172377,1,0,1,1,0,1,0,1,1
16.179319,1,0,0,0,1,0,1,0,1
16.181703,1,1,0,1,0,0,0,1,1
16.182748,0,1,0,0,1,1,1,1,0
16.192575,1,0,0,0,0,0,0,1,0
16.195952,1,1,0,0,0,1,1,0,0
16.197178,0,0,0,1,1,0,0,1,0
16.199783,0,0,1,1,1,0,1,0,1
16.205678,1,0,1,1,1,0,0,0,0
16.215456,1,0,1,1,0,0,1,1,0
16.225129,1,0,1,1,1,1,0,0,1
16.231529,1,0,1,1,1,0,0,0,0
16.239554,1,0,0,0,0,0,0,1,0
16.243773,1,0,1,1,0,0,0,0,0
16.249592,0,0,1,1,0,1,0,1,0
16.256519,1,1,1,1,0,1,0,0,0
16.260375,0,1,0,0,0,0,0,0,1
16.269706,1,1,1,1,0,0,1,1,0
16.275253,0,1,0,0,1,0,0,0,1
16.278106,1,0,0,0,0,0,0,1,1
16.284512,0,0,0,0,0,1,1,0,1
16.289700,0,1,1,0,1,0,1,0,1
16.292276,1,0,1,1,0,0,1,0,0
16.296276,1,0,1,1,0,1,1,0,0
16.306094,0,1,0,0,0,1,0,1,1
16.314226,0,0,0,1,1,1,1,1,1
16.317108,1,0,0,0,1,0,0,1,1
16.324029,1,1,1,0,0,0,1,0,1
16.332729,0,0,0,1,1,0,0,0,1
16.338694,1,1,1,1,0,1,0,1,1
16.344146,1,0,1,0,1,0,1,1,0
16.354038,1,0,0,0,1,1,1,1,0
16.357999,1,0,0,1,0,1,1,0,1
16.366447,0,1,0,0,0,0,0,0,0
16.375062,0,0,0,1,0,1,0,0,0
16.382129,0,0,0,0,1,1,0,1,1
16.386636,0,1,1,0,0,1,1,0,1
16.388836,0,1,0,0,1,0,1,0,1
16.395254,1,0,1,1,0,0,0,0,1
16.404595,0,1,1,1,0,0,0,0,0
16.407286,1,0,1,1,1,0,0,0,0
16.416693,0,1,1,1,1,1,1,1,1
16.423650,1,1,0,1,0,1,0,1,0
16.430895,0,1,0,1,1,0,1,1,1
16.432952,0,1,1,1,1,0,1,0,1
16.436141,1,1,1,1,0,1,1,1,1
16.438618,0,0,1,1,0,1,0,1,0
16.447193,0,1,0,0,1,0,1,1,0
16.451837,1,0,0,1,1,1,1,1,1
16.460255,1,0,0,1,1,1,1,0,1
16.468124,1,1,0,0,1,0,1,1,0
16.475281,1,1,0,0,1,0,0,1,0
16.482111,1,1,1,0,1,0,1,0,0
16.488804,1,0,0,1,0,1,0,1,0
16.496879,0,0,0,0,0,0,1,1,1
16.505052,1,0,1,1,1,0,0,0,1
16.510759,1,0,0,0,0,0,1,1,1
16.517126,0,0,1,0,1,1,1,1,1
16.526174,0,0,0,1,0,0,0,0,0
16.531688,0,0,1,0,1,1,1,0,0
16.541378,0,1,0,1,1,0,1,0,0
16.543401,0,1,0,1,1,0,0,0,0
16.549544,0,0,0,0,0,1,1,1,1
16.551271,0,1,0,0,1,1,1,0,1
16.552319,0,1,0,1,0,1,1,1,0
16.561747,0,1,0,1,1,1,1,0,1
16.569904,1,0,1,0,1,1,0,1,1
16.572441,0,1,1,0,1,0,1,0,0
16.577285,0,0,1,0,0,1,1,0,0
16.580618,1,0,1,0,0,0,0,0,0
16.588838,0,1,0,1,0,1,0,1,0
16.592116,1,0,0,0,0,0,0,0,1
16.600848,1,0,1,0,1,1,0,1,1
16.602394,1,0,0,0,1,0,1,0,0
16.606394,0,0,0,0,0,0,0,1,1
16.612394,0,0,1,0,0,0,0,1,0
16.616312,1,1,0,0,0,0,1,1,1
16.624650,0,0,0,1,1,0,0,0,0
16.633894,1,1,1,1,1,1,0,1,0
16.641028,0,0,0,1,1,1,0,1,0
16.645976,0,1,0,0,0,1,0,1,1
16.650269,0,0,1,0,1,1,1,1,0
16.655165,0,1,1,1,1,0,1,0,0
16.658001,1,0,0,1,0,0,1,0,0
16.664663,0,0,1,1,0,0,1,1,1
16.672510,1,1,0,1,1,0,1,0,1
16.674795,0,0,1,1,1,1,0,1,0
16.677139,1,1,1,1,0,0,1,1,1
16.683445,1,0,1,0,1,0,0,1,0
16.685970,0,0,0,0,1,1,0,0,1
16.690475,1,1,0,1,0,0,0,1,1
16.695860,1,1,1,1,0,0,1,1,1
16.703136,1,1,1,1,1,0,1,0,0
16.708603,0,0,0,1,0,1,1,1,1
16.711269,1,1,0,1,0,0,1,0,0
16.716027,1,0,0,0,1,0,1,1,1
16.723224,1,1,0,0,1,1,0,0,0
16.726752,0,0,0,0,0,0,1,0,1
16.736273,0,1,0,0,0,1,0,1,1
16.745429,0,1,0,1,1,1,0,0,1
16.754517,0,0,1,1,0,1,0,1,0
16.756991,1,0,1,0,0,0,0,0,1
16.759299,1,0,0,1,0,0,0,0,0
16.766961,0,1,1,0,0,0,1,0,0
16.771789,0,1,1,0,1,1,1,1,0
16.780065,1,0,0,1,1,0,0,0,1
16.783954,0,1,0,0,1,1,1,1,1
16.787870,0,0,0,0,0,1,0,1,0
16.794595,0,1,0,0,1,0,1,0,1
16.799666,1,0,0,1,1,1,0,1,0
16.803424,0,1,1,1,1,1,1,0,0
16.809157,1,1,0,1,0,0,1,0,1
16.813031,0,1,1,1,1,1,0,0,1
16.820687,1,0,0,1,1,1,0,1,1
16.827909,0,0,0,0,1,1,0,0,1
16.834159,1,0,1,1,0,0,0,0,1
16.839635,0,1,0,0,1,1,0,1,1
16.849415,0,1,1,1,0,0,1,0,0
16.851372,1,0,1,1,1,0,1,0,1
16.853129,0,1,0,1,1,1,0,0,1
16.862785,1,0,1,1,1,1,0,0,0
16.870161,1,1,0,0,1,1,0,0,1
16.875216,0,1,1,1,0,1,1,1,1
16.881268,1,1,0,1,1,1,0,0,1
16.888265,0,1,0,0,1,0,1,0,0
16.892225,0,0,1,1,1,1,1,0,0
16.893513,0,0,1,0,0,1,1,0,1
16.896907,1,1,1,1,1,1,1,1,1
16.900222,1,0,1,0,1,1,1,0,0
16.901222,1,0,0,1,0,1,0,0,1
16.902631,1,0,0,1,0,0,1,1,0
16.911427,1,1,1,1,1,1,1,1,0
16.916418,0,0,0,1,1,0,1,0,1
16.921063,1,1,1,1,0,0,1,0,1
16.930693,1,1,0,1,0,0,0,0,1
16.939271,0,0,1,1,1,1,1,0,0
16.944872,1,1,1,0,0,1,1,1,1
16.946429,1,0,0,0,0,1,0,1,1
16.950769,0,1,0,0,1,1,0,0,0
16.957459,1,0,0,1,1,0,1,1,1
16.967132,0,1,0,1,0,1,0,1,0
16.977009,0,1,0,0,0,0,1,0,0
16.981206,1,1,0,0,1,1,1,0,1
16.986265,1,1,1,1,0,1,1,0,1
16.995551,1,0,1,1,1,1,0,0,0
17.000919,1,0,1,0,0,0,1,1,1
17.009988,0,1,1,1,0,1,0,0,0
17.016277,1,1,1,1,0,1,1,1,1
17.018487,1,1,1,0,0,0,0,0,0
17.019720,0,1,1,0,0,1,1,1,1
17.027683,0,1,1,1,0,1,1,1,1
17.028724,1,1,0,1,1,0,0,1,1
17.029755,1,1,0,1,0,0,1,1,1
17.031884,1,1,1,1,1,0,0,1,0
17.039403,0,1,1,1,0,0,1,1,1
17.044426,1,1,0,0,0,1,1,0,1
17.045505,0,0,1,0,1,0,0,1,0
17.047703,1,0,1,0,0,1,1,1,0
17.050861,1,0,0,1,1,0,1,0,0
17.056127,1,1,0,1,1,0,1,0,0
17.062735,0,0,0,0,1,1,1,1,1
17.070900,1,0,0,0,1,1,0,1,0
17.075209,1,1,1,1,0,0,0,0,1
17.083875,0,1,0,1,0,0,0,0,0
17.088966,0,0,1,0,0,0,0,1,0
17.096190,1,0,0,1,0,0,1,1,1
17.105204,1,0,1,0,0,1,0,0,0
17.108847,1,0,1,0,0,1,0,0,1
17.118524,1,0,0,1,0,0,1,1,0
17.126941,1,1,0,0,1,0,1,0,0
17.129166,0,0,1,0,0,1,1,1,0
17.137939,1,1,1,0,1,0,1,1,1
17.139146,1,1,0,0,1,1,1,1,1
17.144560,0,1,1,0,1,0,0,0,0
17.149317,0,0,0,0,0,1,0,0,0
17.153544,1,1,1,1,1,0,0,1,0
17.156534,1,1,0,1,1,1,1,0,1
17.160367,1,1,1,1,0,0,0,1,1
17.169227,1,1,0,0,0,1,1,0,0
17.172681,0,1,1,0,1,1,1,1,1
17.176234,1,1,1,0,0,1,1,1,1
17.186029,0,1,0,1,0,0,0,1,1
17.187420,1,0,0,1,1,0,0,1,1
17.194741,1,1,1,1,1,1,0,1,1
17.199384,0,0,1,1,0,1,1,0,1
17.202021,1,0,1,0,0,1,0,1,0
17.204997,0,1,0,1,0,0,0,0,1
17.205997,1,1,0,1,0,0,0,1,0
17.208220,0,0,0,0,0,1,1,0,1
17.213667,0,1,0,1,1,1,1,1,1
17.219872,0,0,0,0,1,1,1,0,1
17.224145,1,0,0,1,0,0,1,1,1
17.226707,1,1,1,1,0,0,0,1,0
17.234223,1,0,1,1,1,0,1,1,1
17.236977,0,0,1,1,0,0,0,0,1
17.242365,0,1,0,1,0,1,1,0,0
17.246807,0,0,1,1,1,0,0,0,1
17.247807,1,0,0,0,0,0,0,0,0
17.251574,0,0,1,1,1,1,1,1,0
17.258154,0,1,1,1,0,1,1,0,1
17.259530,1,1,0,0,1,1,0,0,0
17.268418,1,0,0,1,1,0,1,0,0
17.271291,0,1,0,0,0,0,0,1,0
17.273999,0,1,0,0,1,0,0,1,1
17.278574,0,1,0,0,1,1,1,1,1
17.283176,0,0,1,0,0,0,0,0,1
17.291857,1,1,0,1,0,1,1,0,1
17.300338,0,0,0,0,1,1,1,0,0
17.304595,1,1,0,1,0,1,0,0,1
17.306022,0,1,1,1,1,0,1,1,1
17.311709,0,0,1,0,1,1,0,1,0
17.318904,0,0,0,0,1,1,1,0,0
17.327974,1,1,0,0,0,0,0,1,1
17.334111,0,0,1,1,1,1,0,0,0
17.341019,0,0,1,1,0,1,0,1,0
17.342061,0,0,1,0,0,0,1,0,0
17.351431,0,0,0,1,0,0,0,1,1
17.355038,1,1,0,1,1,0,0,1,1
17.357323,1,0,0,1,0,1,0,0,0
17.361542,0,1,0,1,1,0,1,0,1
17.363240,1,0,0,1,1,1,0,0,0
17.364888,1,0,1,0,0,0,1,0,1
17.368707,0,0,0,1,0,1,0,0,1
17.373711,0,0,1,0,1,1,1,1,1
17.378149,0,0,0,0,1,1,1,1,0
17.380080,1,0,0,0,0,0,0,0,1
17.386399,1,1,0,0,1,1,1,1,1
17.390350,1,0,0,1,0,1,0,0,1
17.399645,1,1,0,1,0,0,0,0,1
17.403745,1,1,1,1,0,0,0,1,1
17.407337,1,0,1,0,0,0,0,0,0
17.414837,1,1,1,0,1,1,0,1,0
17.418201,1,1,1,1,1,1,1,1,1
17.422038,0,1,0,0,0,1,0,1,0
17.431087,0,1,1,1,1,0,1,1,0
17.437454,1,0,0,0,1,1,1,0,1
17.440413,0,1,0,0,0,1,1,1,1
17.449606,0,1,1,0,1,0,1,0,1
17.451307,1,1,0,0,1,1,1,0,0
17.460636,1,1,0,1,0,0,0,0,0
17.461996,0,0,1,0,1,0,1,0,0
17.466931,1,1,0,1,1,0,1,0,0
17.470198,0,1,1,1,0,0,1,0,1
17.477061,0,0,1,1,0,0,1,0,1
17.479215,1,1,1,1,1,1,0,1,0
17.483669,1,0,0,0,1,1,1,0,1
17.492669,1,0,0,1,0,0,1,1,1
17.500801,1,0,1,0,0,0,1,0,1
17.506430,1,0,1,0,0,0,1,1,1
17.510272,1,1,1,1,1,0,1,0,0
17.519832,0,0,1,1,1,1,1,1,0
17.529368,0,1,0,0,0,0,0,0,1
17.532768,0,0,1,1,0,0,0,0,1
17.535381,1,1,1,0,1,0,0,1,1
17.545280,1,0,1,1,1,0,0,1,0
17.550305,1,0,1,1,1,0,0,0,0
17.554075,0,0,0,1,1,1,0,1,0
17.559798,0,0,0,0,0,0,1,0,1
17.567719,0,0,0,0,0,0,1,1,1
17.570660,1,1,0,0,0,1,0,0,0
17.571896,1,0,1,1,0,1,1,0,0
17.576958,0,1,0,1,0,1,1,0,1
17.581242,1,1,0,0,0,0,0,0,0
17.582252,0,1,0,0,1,0,1,1,1
17.586331,1,1,0,0,0,0,1,0,0
17.587841,0,1,0,1,0,0,0,1,0
17.594201,0,0,0,0,0,0,1,0,1
17.600241,0,1,0,0,1,1,1,1,0
17.606817,1,0,1,1,1,1,0,1,0
17.611182,1,1,0,1,1,0,1,1,1
17.619852,0,1,0,0,0,1,1,0,1
17.622818,0,0,1,1,0,1,0,0,0
17.625728,0,1,0,1,0,1,1,1,1
17.627673,1,0,1,1,1,0,0,0,0
17.635280,1,1,1,0,1,1,1,1,0
17.638937,0,1,1,1,1,1,0,0,1
17.646579,1,0,1,1,0,1,0,0,0
17.653012,1,1,0,0,1,1,0,1,1
17.662136,1,1,1,0,1,0,0,1,1
17.667029,1,0,1,1,1,1,0,0,1
17.672005,0,0,1,0,1,1,1,0,0
17.673494,1,0,1,1,1,1,1,1,0
17.680871,0,1,0,1,1,0,1,0,0
17.684904,0,0,0,0,1,1,0,0,0
17.693831,1,0,1,0,1,0,1,0,1
17.698147,1,1,1,0,1,0,1,1,1
17.701974,0,1,1,0,1,0,1,1,1
17.709952,0,0,0,1,1,1,1,0,1
17.711313,0,0,1,1,0,0,1,1,0
17.718876,0,0,0,0,1,0,0,0,1
17.726724,1,0,1,0,1,0,0,1,0
17.733665,1,1,0,0,0,0,1,0,1
17.735702,1,0,1,0,1,1,1,0,0
17.737988,0,1,1,1,1,1,0,0,1
17.744199,0,1,0,0,1,1,1,1,1
17.748991,0,0,0,0,1,1,1,0,0
17.753287,1,1,0,0,1,0,0,1,0
17.755588,1,1,1,0,1,1,1,1,0
17.763493,1,0,1,1,1,1,0,0,0
17.769653,0,0,1,1,0,1,1,1,0
17.773333,0,1,0,1,0,0,1,1,0
17.777157,1,1,1,0,1,1,1,0,1
17.783531,1,1,0,0,0,1,1,1,1
17.790383,1,0,1,1,1,0,1,1,1
17.793427,1,0,1,1,0,1,0,1,1
17.801338,1,1,0,0,0,1,0,0,1
17.806046,0,1,1,0,1,0,0,1,1
17.810706,0,1,1,0,1,1,1,1,0
17.816664,1,0,0,0,0,1,1,1,1
17.821164,0,0,0,0,1,1,1,1,1
17.824414,1,1,0,0,1,1,1,0,1
17.830504,0,0,0,1,1,1,1,1,0
17.834618,0,1,0,0,1,0,0,1,0
17.841193,0,1,1,1,1,1,1,1,1
17.844586,1,0,0,0,0,0,1,0,1
17.849580,0,1,0,0,1,0,0,1,0
17.851053,0,0,0,1,0,0,1,0,1
17.856758,1,0,0,1,0,0,0,0,0
17.862894,1,1,0,0,1,1,0,1,1
17.869808,0,1,0,0,0,1,0,1,1
17.875043,1,1,1,0,1,1,1,1,1
17.881762,1,1,0,0,1,0,1,1,0
17.891670,1,0,0,0,1,1,0,0,0
17.893089,1,0,1,0,0,1,0,1,0
17.897307,0,0,1,1,0,1,0,1,1
17.901003,1,0,1,1,0,0,0,0,0
17.908366,1,1,1,1,0,0,1,0,1
17.915269,1,1,1,0,1,0,1,1,1
17.924144,0,0,1,0,0,1,0,1,0
17.931151,1,1,0,1,1,0,1,0,0
17.936148,0,0,0,0,0,1,0,1,1
17.945174,1,1,1,0,0,1,1,0,0
17.946842,0,1,0,0,1,0,0,0,0
17.952287,0,1,0,0,1,0,1,0,0
17.957023,1,1,0,1,1,0,0,1,0
17.960750,0,1,1,1,0,0,0,0,0
17.970544,0,0,1,1,0,0,0,0,1
17.976485,0,0,1,1,1,1,1,0,1
17.978568,0,0,0,1,0,1,1,0,1
17.983667,1,1,1,1,0,0,0,1,1
17.985934,1,0,0,0,1,1,1,0,1
17.988344,1,0,1,0,0,1,0,0,1
17.997869,1,0,1,0,1,1,0,0,0
18.002017,0,1,1,0,1,1,1,0,1
18.007178,1,1,0,1,0,1,0,1,1
18.010616,1,1,0,0,0,0,1,1,0
18.015014,1,0,1,0,0,0,0,1,1
18.019722,1,0,0,1,0,0,0,0,1
18.026825,0,0,0,1,1,0,1,1,0
18.031917,1,1,1,1,1,1,0,0,0
18.032973,1,0,0,0,1,1,0,1,0
18.034976,0,1,1,0,0,0,1,1,0
18.037280,1,0,0,0,1,1,0,0,1
18.042217,1,1,1,1,0,0,0,0,1
18.051386,1,0,1,1,0,1,1,0,1
18.056140,1,0,0,0,1,0,1,1,0
18.057393,1,1,1,0,0,1,0,0,1
18.067149,1,0,0,1,0,0,0,1,0
18.068902,1,1,1,1,1,0,0,0,0
18.071718,0,0,1,0,1,0,1,1,0
18.079778,1,1,1,1,0,1,0,0,1
18.086809,0,0,0,0,0,1,1,1,1
18.094502,0,1,1,1,0,0,1,1,1
18.098875,0,1,1,1,0,1,1,0,1
18.107902,0,1,1,1,0,1,1,1,0
18.109163,0,0,1,0,1,1,0,1,1
18.116989,1,1,0,1,1,1,0,1,1
18.121488,1,0,0,0,1,1,0,1,1
18.125638,0,0,0,0,1,1,0,0,1
18.128124,1,1,0,1,1,0,1,0,1
18.130090,0,1,1,0,0,0,0,1,1
18.132639,1,0,1,0,1,1,1,0,1
18.140145,1,1,0,1,0,0,0,0,1
18.141672,0,0,0,0,1,0,1,0,1
18.151640,0,0,1,0,0,0,1,0,0
18.156750,1,1,1,0,0,1,0,1,0
18.159266,1,1,1,0,0,0,0,1,0
18.167831,0,1,0,1,1,1,1,1,0
18.169605,1,0,0,1,1,0,1,0,1
18.178899,1,1,0,1,0,1,1,0,0
18.183120,0,0,0,1,0,1,0,1,0
18.187705,0,1,1,1,0,1,1,1,0
18.192987,1,1,1,1,1,1,1,1,1
18.194538,0,0,1,0,0,1,0,1,1
18.201320,1,0,0,1,1,1,1,0,0
18.209878,1,1,0,0,0,1,1,0,1
18.216240,0,1,1,1,1,1,0,1,0
18.222248,1,1,1,1,0,0,1,0,0
18.225067,1,0,0,1,1,0,1,0,0
18.227222,1,0,1,0,1,0,1,0,0
18.229181,0,0,0,0,1,1,0,1,0
18.235273,0,1,1,0,1,0,1,0,1
18.236998,1,0,1,0,1,1,0,1,0
18.239864,1,0,1,0,1,1,0,0,1
18.244955,1,1,1,0,1,0,1,0,0
18.249062,1,0,0,0,0,1,1,0,1
18.256449,0,0,1,1,1,0,0,1,0
18.265535,1,0,0,0,0,1,0,0,1
18.270351,1,0,1,0,1,0,0,1,1
18.279568,0,1,0,1,1,0,0,0,0
18.281075,0,0,0,1,1,1,1,0,0
18.286381,0,0,0,0,1,0,1,1,0
18.294546,1,1,0,1,0,1,1,0,0
18.299731,0,1,0,1,0,1,0,1,1
18.308260,0,0,1,0,1,0,1,1,1
18.311115,0,1,0,1,1,0,1,1,1
18.312963,0,1,1,1,0,1,1,1,1
18.315060,1,0,0,0,0,0,1,0,0
18.318043,1,1,0,0,0,1,0,0,0
18.324276,1,0,1,0,1,1,0,0,0
18.327467,0,0,0,0,1,0,0,1,0
18.330155,1,1,0,0,0,0,1,1,0
18.340068,1,1,1,1,1,0,1,1,0
18.342652,0,1,1,0,0,0,1,1,0
18.349780,1,1,0,1,0,0,0,1,0
18.354521,0,0,1,1,1,0,1,0,1
18.357921,1,0,1,1,1,1,1,0,0
18.366078,1,1,1,1,1,1,0,1,1
18.368929,0,0,1,1,0,1,0,1,0
18.370878,1,0,0,1,1,1,1,0,1
18.374268,1,0,0,1,1,1,0,0,1
18.382960,1,0,0,1,1,1,0,0,1
18.384633,1,0,0,0,0,1,0,1,0
18.387278,0,0,0,1,1,0,1,0,0
18.394522,0,1,0,1,0,1,1,0,0
18.400673,1,1,0,1,1,0,0,1,1
18.404799,1,1,1,1,1,0,0,1,1
18.406280,0,1,1,0,0,0,1,1,1
18.412068,1,1,0,0,0,1,0,0,0
18.414235,1,0,0,0,1,0,1,0,1
18.419806,0,1,1,1,1,1,0,1,0
18.429518,0,0,0,1,0,0,0,1,1
18.432131,1,1,0,1,1,1,1,0,1
18.434328,1,1,0,1,1,0,1,0,0
18.443216,0,1,0,0,1,1,0,1,0
18.448582,0,0,0,0,1,1,0,1,1
18.451506,1,0,1,1,0,1,1,0,0
18.452898,0,1,1,1,1,1,1,1,1
18.457443,1,1,1,0,1,0,0,1,1
18.461851,1,0,0,1,1,0,1,1,0
18.471553,0,1,0,0,1,1,0,1,1
18.474998,1,1,1,1,0,0,1,1,1
18.479748,0,1,0,1,1,0,0,0,1
18.487997,0,1,1,0,0,0,0,0,0
18.495273,1,1,1,0,1,0,1,1,0
18.497097,1,1,1,1,0,1,1,1,0
18.500074,1,0,1,1,0,1,1,0,1
18.509564,0,1,0,1,0,1,0,1,1
18.511074,0,1,0,1,0,1,0,1,1
18.516182,1,0,0,1,0,1,1,0,1
18.517515,1,1,1,1,1,0,1,1,0
18.523027,1,0,0,0,1,1,1,1,1
18.524871,0,1,0,0,0,1,1,1,0
18.528368,0,1,1,0,1,0,1,0,0
18.530503,0,0,1,0,0,1,1,0,0
18.531734,1,0,0,0,0,1,0,0,1
18.535632,0,0,0,1,1,0,0,0,0
18.542318,0,1,1,0,1,0,1,1,0
18.550064,1,0,1,0,0,0,1,0,0
18.553015,0,0,1,0,1,1,1,0,1
18.556295,1,0,1,0,1,0,0,1,1
18.564792,0,0,1,1,0,0,0,1,1
18.567039,1,1,0,0,1,0,1,0,1
18.576327,0,0,1,0,0,1,0,1,0
18.578366,1,1,0,1,0,1,0,1,0
18.584920,1,1,1,0,1,1,0,1,0
18.587587,1,1,0,0,0,1,0,0,1
18.594250,0,0,0,0,1,1,1,0,1
18.603333,0,0,0,0,1,0,1,0,0
18.605801,0,0,0,1,1,1,0,1,0
18.610648,1,0,0,0,0,0,1,1,1
18.615000,1,1,0,0,1,0,1,0,0
18.617382,0,1,1,0,1,0,1,1,1
18.623907,0,0,0,0,0,1,0,1,0
18.629275,0,1,0,0,1,0,1,0,1
18.631797,0,0,0,0,0,1,0,0,0
18.636565,0,0,1,0,1,1,1,0,1
18.646528,0,0,1,1,0,1,0,0,1
18.647528,1,1,0,0,1,0,1,1,0
18.654052,0,1,0,0,0,1,1,1,1
18.663643,1,0,0,1,1,0,0,0,0
18.668111,0,1,1,0,1,0,0,1,1
18.677748,0,0,0,0,1,0,0,1,0
18.679069,1,0,0,1,0,1,0,0,1
18.686644,1,0,0,0,1,0,1,1,0
18.692291,0,1,0,0,1,0,1,0,0
18.698175,0,0,0,1,1,0,0,1,0
18.703179,1,0,1,0,0,1,1,1,0
18.705679,1,0,1,1,1,0,0,0,1
18.713937,1,1,0,1,0,0,1,0,1
18.715165,1,1,0,0,0,1,1,1,1
18.720002,0,0,1,1,1,1,1,1,0
18.722301,1,1,0,1,0,1,0,0,0
18.725733,1,0,1,1,1,1,0,1,0
18.734571,0,0,1,0,0,1,0,0,1
18.739568,0,1,1,1,1,1,0,1,0
18.745824,0,1,1,1,0,0,1,1,0
18.754006,0,0,0,1,1,1,1,0,0
18.758212,0,1,0,1,0,1,1,1,1
18.762404,0,0,0,1,0,1,1,1,0
18.764222,1,1,0,1,1,0,1,0,1
18.769484,1,1,1,0,1,0,1,1,1
18.777256,1,0,1,1,1,0,1,1,0
18.783044,0,1,1,1,0,1,0,1,1
18.787647,1,0,1,0,1,1,1,1,0
18.790244,0,1,0,0,0,0,0,1,0
18.797940,1,0,0,1,0,0,0,0,0
18.806110,0,0,0,1,0,0,1,1,1
18.814421,1,0,0,1,1,1,0,1,0
18.820891,0,1,1,1,0,1,0,0,0
18.828573,0,0,0,1,0,1,1,1,1
18.833357,1,0,1,1,0,1,1,0,1
18.836034,0,0,1,0,1,0,1,1,1
18.842985,1,1,0,0,0,0,1,0,1
18.849695,1,0,1,0,0,0,1,0,1
18.857148,0,0,0,0,0,1,1,0,0
18.865348,1,0,1,0,0,1,0,0,1
18.871882,1,0,1,1,1,1,1,0,1
18.880108,1,1,0,0,0,0,1,0,0
18.886686,0,1,0,1,0,1,1,1,1
18.887826,0,0,1,0,0,1,0,1,0
18.895254,1,0,0,1,0,1,1,0,0
18.896254,0,0,0,0,1,1,0,0,1
18.899794,0,0,1,1,1,1,0,0,1
18.909238,0,1,1,1,1,0,1,0,0
18.916641,1,1,0,0,1,1,1,0,1
18.922833,1,1,0,1,1,0,1,1,0
18.925339,0,0,1,0,1,0,1,1,0
18.931270,1,1,1,1,1,1,1,0,0
18.933555,0,0,0,0,0,1,0,0,1
18.938393,0,1,1,0,0,1,0,0,0
18.941076,1,1,1,0,0,0,1,0,1
18.942076,1,0,0,1,1,1,0,1,0
18.950707,1,0,1,0,1,1,0,0,1
18.957692,1,0,1,0,1,1,1,1,0
18.963222,0,1,1,1,0,1,0,0,1
18.972276,1,0,1,1,1,1,0,1,0
18.973867,1,0,1,0,1,1,1,0,0
18.980952,0,1,1,1,1,1,0,1,1
18.982382,1,0,1,1,1,1,0,1,1
18.988915,1,1,0,0,0,0,1,0,1
18.993205,0,0,1,0,1,1,0,1,0
18.994420,0,1,1,0,0,0,1,0,0
18.999898,0,1,0,1,1,1,1,0,1
19.006298,1,1,1,0,0,1,1,1,1
19.015944,0,0,1,0,1,1,1,0,1
19.024226,0,0,0,0,0,0,0,0,1
19.026453,0,0,1,1,1,1,0,1,0
19.032120,0,1,0,1,0,1,1,1,0
19.039997,0,0,1,0,0,0,0,0,1
19.044819,0,0,1,0,1,1,1,1,1
19.052856,0,1,0,1,0,0,0,0,1
19.059748,0,0,0,0,0,0,0,0,1
19.068884,1,0,1,1,0,0,0,0,1
19.070293,1,0,1,0,1,0,1,0,1
19.077993,0,0,1,1,1,0,1,1,0
19.081612,0,1,0,1,0,0,0,0,1
19.084782,1,1,1,1,1,0,0,0,0
19.088629,1,1,0,1,1,1,0,0,0
19.098120,0,0,0,0,1,0,0,1,0
19.105742,0,1,0,0,1,0,0,1,1
19.115653,1,0,0,0,1,1,1,1,0
19.121235,1,0,1,0,1,1,1,0,1
19.123968,0,1,1,0,1,1,1,1,0
19.129965,1,0,1,0,1,0,0,0,1
19.136174,1,1,1,0,1,0,1,0,0
19.145066,1,0,0,1,1,0,0,1,1
19.146066,1,0,0,0,0,0,1,0,1
19.147204,0,1,1,0,0,1,0,0,0
19.156106,1,1,1,0,0,1,1,0,1
19.158228,1,0,0,0,0,0,1,1,1
19.168004,1,1,0,1,0,0,0,1,1
19.174385,0,0,1,0,0,0,0,1,1
19.182456,0,0,1,0,1,1,0,0,1
19.188223,0,1,1,1,0,1,0,0,1
19.194257,1,1,1,0,1,1,0,0,0
19.202190,1,0,1,1,0,0,0,1,1
19.204480,0,1,1,1,1,1,0,1,0
19.205645,1,0,0,1,0,0,1,1,1
19.214851,1,0,1,1,0,0,0,0,1
19.221267,0,1,0,1,1,0,1,0,0
19.227054,0,1,0,0,1,1,1,0,1
19.230768,1,0,0,1,0,1,0,0,0
19.232871,0,1,0,1,0,0,1,0,0
19.242171,0,1,0,1,0,1,0,0,1
19.251009,0,0,0,0,1,0,0,0,1
19.258148,0,0,1,1,1,0,1,1,1
19.265103,1,1,0,1,0,0,0,0,0
19.271666,1,1,0,1,0,0,0,0,1
19.274429,0,0,0,0,1,0,0,0,0
19.281864,1,1,0,1,0,0,1,0,0
19.288198,1,1,1,0,1,1,0,1,1
19.294663,1,0,1,1,0,1,0,0,1
19.301512,1,1,0,0,0,1,0,1,0
19.306352,1,0,0,0,0,1,0,1,1
19.308946,0,0,0,0,1,1,1,0,1
19.310881,0,1,0,1,1,1,1,1,1
19.320232,1,1,0,0,1,1,1,1,0
19.324118,1,1,0,0,1,0,1,1,0
19.327497,0,1,1,1,0,1,1,0,0
19.333981,1,0,0,0,1,1,1,0,0
19.335911,0,1,1,1,1,0,0,0,0
19.341889,1,0,1,1,1,0,1,1,1
19.348115,1,1,1,1,1,0,1,0,1
19.352675,0,0,0,1,1,1,1,0,1
19.357759,0,1,1,0,0,0,0,0,1
19.363105,1,0,1,0,1,1,1,0,0
19.365889,0,1,0,0,1,0,1,1,1
19.371614,1,0,1,0,1,0,0,0,1
19.372709,1,1,0,1,1,1,1,1,0
19.376547,1,0,1,0,0,0,0,0,1
19.383086,1,0,1,1,0,1,1,0,1
19.389919,1,1,0,0,1,1,1,1,0
19.395940,0,1,1,1,0,1,0,1,1
19.404544,1,0,0,0,1,0,0,1,0
19.410153,0,1,0,1,0,0,0,1,0
19.418517,0,1,0,0,0,1,0,0,0
19.423396,1,0,0,1,1,1,1,1,0
19.430019,0,0,0,1,1,1,1,1,0
19.433578,1,0,0,1,1,0,0,1,1
19.442878,0,1,0,1,0,1,0,0,0
19.444639,0,1,1,0,0,1,0,0,0
19.445904,0,1,1,0,0,1,0,0,0
19.448215,0,0,0,1,1,1,0,1,1
19.449215,0,1,0,1,0,1,0,1,1
19.453686,0,0,0,1,1,1,0,1,0
19.461950,0,1,1,1,1,1,0,0,1
19.468506,1,1,1,0,1,1,1,1,0
19.471807,1,0,1,0,1,0,0,0,1
19.475168,0,1,0,0,0,1,1,0,0
19.483738,1,0,0,1,0,1,0,1,0
19.492665,0,1,0,0,1,0,1,0,0
19.495473,1,0,1,1,0,1,0,0,0
19.502174,0,1,1,1,1,1,1,1,0
19.506442,1,0,1,0,1,0,0,0,0
19.508028,0,0,0,1,0,0,0,0,1
19.512709,1,1,0,1,1,0,0,1,0
19.518979,1,1,0,0,0,0,0,1,1
19.523420,1,0,1,0,1,1,1,0,0
19.528633,0,1,1,0,1,0,0,1,1
19.535803,1,0,1,0,1,1,1,0,1
19.540779,1,0,0,1,1,1,1,0,0
19.547458,1,0,0,1,1,0,0,0,1
19.556622,1,0,1,1,1,0,1,1,0
19.559158,0,1,0,0,0,1,1,1,0
19.563098,1,0,0,1,0,1,0,0,0
19.569186,0,1,1,0,0,1,0,1,1
19.577320,1,0,1,1,0,0,1,1,1
19.583490,0,1,1,1,1,0,1,1,0
19.593466,0,1,0,0,1,0,1,0,1
19.596540,0,0,1,1,0,0,0,1,0
19.599760,0,0,0,0,0,0,0,0,1
19.608998,1,1,1,0,1,1,0,0,1
19.618771,1,0,1,1,0,0,1,1,0
19.619857,0,1,0,1,1,1,0,1,1
19.628840,0,1,1,1,1,0,0,1,1
19.637340,0,0,1,1,1,0,0,1,1
19.645552,0,0,1,0,0,0,1,1,1
19.653312,0,1,0,0,1,0,0,0,0
19.657690,0,0,1,0,0,0,0,0,1
19.666815,0,1,0,0,0,0,0,1,1
19.668474,0,1,0,0,0,1,0,0,1
19.672739,0,0,0,1,1,0,0,0,0
19.679432,1,0,0,0,0,0,0,0,0
19.684704,1,0,0,1,1,1,1,0,0
19.693433,1,1,1,0,0,1,1,0,1
19.697203,1,1,1,0,0,1,1,1,1
19.702963,0,1,1,0,0,1,0,0,0
19.709510,1,0,0,0,1,1,1,0,0
19.717310,0,1,0,0,0,1,0,1,1
19.722505,0,0,1,1,1,1,0,1,0
19.730553,0,1,1,0,0,0,1,0,0
19.735244,1,0,1,1,0,0,1,1,0
19.740520,1,1,0,0,0,0,1,0,1
19.750349,1,0,1,1,0,1,1,1,1
19.754735,0,0,1,1,0,0,1,0,0
19.764561,1,0,1,0,0,0,0,0,0
19.769073,0,1,0,1,0,0,1,1,1
19.776598,0,1,0,1,1,1,1,0,0
19.783480,1,1,0,0,1,1,0,1,1
19.791815,0,1,0,1,1,1,1,1,1
19.799568,0,0,0,0,0,1,1,0,0
19.805638,1,0,1,1,1,0,0,0,1
19.806767,0,0,0,1,0,0,1,1,1
19.814699,1,0,1,0,1,0,0,0,1
19.817869,1,1,0,1,1,1,1,0,0
19.826811,0,1,1,0,0,1,1,1,1
19.836224,1,0,0,0,0,1,1,0,0
19.839420,0,1,1,0,0,1,1,1,0
19.845736,1,0,1,1,1,1,0,0,1
19.852589,1,0,1,1,0,0,0,0,1
19.859368,0,0,1,1,0,1,1,0,1
19.869352,1,0,0,0,0,1,0,1,1
19.878264,1,1,1,0,0,0,0,0,0
19.881933,0,0,1,1,0,0,1,0,0
19.886017,0,0,0,1,0,1,0,0,0
19.889194,0,0,0,1,1,1,1,1,1
19.892483,1,1,1,1,1,1,0,0,1
19.901983,1,1,0,1,0,1,0,1,0
19.906943,1,1,0,1,1,0,0,1,1
19.914739,0,1,1,0,0,1,1,1,1
19.917430,1,0,0,1,0,1,1,0,1
19.925834,0,1,0,0,0,0,0,1,1
19.934265,0,0,0,0,1,0,1,0,0
19.935921,1,0,1,1,0,1,1,0,0
19.939314,0,1,0,1,1,0,0,1,1
19.944320,1,1,0,0,1,0,1,1,1
19.949725,1,0,1,0,1,1,1,0,0
19.958247,0,0,0,1,0,0,0,1,1
19.959814,1,0,0,1,1,1,0,1,0
19.968014,0,1,0,0,1,1,1,0,1
19.975014,0,0,0,1,0,1,1,1,1
19.979257,0,0,0,0,0,0,1,0,0
19.983719,1,0,0,0,1,1,1,1,0
19.988147,1,1,1,1,1,0,1,0,1
19.995619,1,0,0,1,1,1,1,1,1
20.004136,0,0,0,1,1,0,1,0,0
20.009236,1,0,0,0,0,1,0,0,0
20.010940,1,1,1,1,1,0,0,1,0
20.014528,0,0,0,0,0,0,1,1,0
20.015588,1,1,0,0,1,1,1,1,1
20.020031,1,1,1,0,1,0,1,1,1
20.027734,0,0,1,1,0,1,1,1,0
20.029297,0,1,0,0,1,1,1,0,1
20.031142,1,1,1,0,0,0,0,0,0
20.033605,1,0,0,1,1,0,1,0,0
20.041605,0,0,0,1,0,0,0,0,1
20.046344,1,0,0,0,1,1,1,0,0
20.054065,1,1,1,1,1,1,1,0,1
20.055217,1,0,0,0,0,0,0,1,0
20.063095,1,1,1,0,0,1,0,0,1
20.067731,1,1,0,1,1,1,1,0,1
20.071564,1,0,1,1,0,0,1,1,1
20.075223,0,0,0,1,1,1,1,1,1
20.082701,1,1,1,1,0,1,0,1,0
20.086027,0,1,1,0,1,1,1,1,0
20.089239,1,0,1,0,1,1,1,0,0
20.093312,1,0,0,0,1,1,0,0,0
20.099994,0,1,0,0,1,1,1,0,1
20.108644,1,0,1,1,0,1,0,1,0
20.116115,1,1,0,1,1,1,1,1,1
20.125480,1,1,0,1,1,0,1,1,1
20.131014,1,1,0,1,1,0,1,1,0
20.135304,1,0,1,1,0,1,0,1,0
20.140118,1,0,0,0,1,0,1,1,0
20.149788,1,0,0,1,1,1,1,0,0
20.158498,0,0,0,0,0,1,0,0,0
20.159963,0,0,0,1,0,0,0,1,1
20.167896,1,0,1,1,1,1,1,1,1
20.173297,1,0,0,0,1,1,0,1,0
20.181995,0,0,1,0,1,0,0,1,1
20.183097,0,0,0,0,1,0,1,0,1
20.188015,0,1,0,0,1,0,1,0,0
20.195578,1,0,0,1,1,1,1,1,0
20.197432,1,0,1,1,1,0,1,1,1
20.200932,1,1,1,1,1,1,1,1,1
20.206878,0,0,1,1,1,0,1,1,1
20.208702,0,1,1,0,1,0,1,1,1
20.216452,0,1,0,0,1,0,0,0,0
20.218343,0,0,1,0,0,0,1,1,1
20.227261,0,1,0,1,0,1,1,0,0
20.236721,1,1,0,1,1,0,1,1,0
20.244390,1,0,0,0,0,1,1,1,1
20.249191,1,1,1,0,0,0,0,1,0
20.254716,0,0,1,1,1,1,1,1,1
20.260140,1,0,0,0,0,1,1,0,0
20.265293,1,0,0,0,0,1,0,0,1
20.272216,0,1,1,1,1,0,0,0,1
20.274683,1,1,0,0,0,1,0,1,0
20.280039,0,0,1,1,0,0,0,0,0
20.283354,1,1,1,1,1,0,0,1,1
20.288643,1,0,1,1,0,1,1,0,0
20.294689,1,1,0,1,0,0,1,0,1
20.301775,0,1,1,1,0,0,1,1,1
20.306937,1,1,1,0,0,1,1,1,0
20.311961,1,1,1,1,0,1,0,1,1
20.313360,0,0,0,0,0,0,0,1,1
20.321126,1,1,1,0,1,1,1,1,0
20.323346,0,0,0,0,1,1,0,0,0
20.328293,0,0,0,1,0,1,0,0,1
20.334978,1,0,0,0,1,0,1,0,0
20.340149,1,1,1,0,1,1,1,1,0
20.343081,1,0,0,1,1,1,1,1,1
20.351636,1,1,0,1,1,1,1,0,0
20.360500,0,0,0,0,1,0,1,0,1
20.365053,1,0,1,0,0,0,1,1,1
20.369822,0,1,1,1,0,1,1,0,0
20.378586,0,1,0,0,1,0,0,0,1
20.383856,0,0,0,0,1,1,1,1,0
20.389652,0,0,0,0,1,0,0,0,1
20.394113,1,0,0,1,0,0,0,0,1
20.402983,0,1,0,0,0,1,1,0,0
20.407351,0,0,0,1,1,1,0,0,0
20.417013,1,1,1,1,0,1,0,0,0
20.423100,0,1,1,0,0,0,1,0,0
20.428834,0,1,1,1,1,1,1,0,0
20.434885,1,1,0,1,1,0,0,0,1
20.438663,0,0,1,1,0,0,1,0,1
20.446265,0,1,1,0,1,0,0,0,1
20.448050,1,0,1,1,0,1,1,1,1
20.454021,1,0,0,0,0,1,0,1,0
20.460530,0,1,0,1,1,1,1,1,1
20.464701,0,0,0,0,0,0,1,1,1
20.469314,0,1,1,0,0,0,1,0,0
20.471810,0,1,0,1,0,0,0,1,1
20.474145,0,0,1,0,0,1,1,0,1
20.480649,1,0,0,1,0,0,1,0,0
20.489094,1,1,0,1,0,1,1,1,0
20.498514,0,1,0,0,1,1,0,0,0
20.501071,0,0,1,1,0,0,1,0,0
20.505413,0,1,1,0,1,0,0,0,1
20.510355,1,0,0,0,1,0,0,0,0
20.515316,1,1,0,1,1,0,0,0,1
20.518069,1,1,0,1,0,0,1,1,0
20.527881,0,1,0,0,0,1,0,0,0
20.536943,0,0,0,0,1,1,0,1,1
20.541084,1,0,0,1,0,0,1,0,1
20.543117,1,1,0,1,0,1,1,0,0
20.547974,0,0,0,0,0,1,0,1,0
20.554239,1,1,1,0,0,0,0,0,1
20.564019,0,0,0,0,1,1,0,1,0
20.567165,0,1,1,0,1,0,1,1,1
20.577073,1,0,0,1,0,0,1,0,1
20.582790,1,1,1,0,0,0,0,1,0
20.589233,1,0,1,1,0,0,0,0,1
20.594479,0,1,0,1,1,1,0,0,0
20.602838,0,1,1,0,0,1,1,1,0
20.610417,0,0,1,1,1,0,1,0,0
20.617786,0,0,1,1,0,1,1,0,1
20.625709,1,1,1,0,1,1,0,0,1
20.632109,1,0,1,1,0,1,1,1,1
20.633931,1,1,1,0,1,1,1,0,0
20.642211,1,0,1,0,1,0,0,1,1
20.647940,0,1,0,0,1,1,0,1,1
20.654068,0,1,1,0,1,0,1,1,1
20.663449,0,1,1,0,1,0,0,1,1
20.664944,0,1,1,1,0,0,0,0,0
20.668119,1,0,0,1,1,0,0,1,1
20.671893,0,1,1,1,1,1,0,1,0
20.678255,0,0,0,1,0,1,1,0,1
20.680887,0,0,1,0,0,1,1,1,1
20.688519,0,0,0,1,1,0,0,0,0
20.691577,0,0,0,0,1,0,1,0,1
20.701252,0,1,0,1,0,1,1,1,0
20.710997,1,1,0,0,1,0,0,0,0
20.718045,1,1,0,0,0,0,1,0,1
20.727717,0,0,0,0,1,0,0,1,0
20.731331,1,1,0,1,0,1,0,1,1
20.740900,0,0,0,0,1,1,1,0,0
20.742237,1,1,1,0,1,1,0,0,1
20.743502,0,1,0,0,1,1,0,1,1
20.749586,0,0,1,1,1,0,1,0,0
20.753735,1,0,1,0,0,0,1,0,1
20.755902,0,1,1,0,0,0,1,0,0
20.764017,1,0,0,1,1,1,1,1,0
20.765246,1,1,1,0,0,0,0,1,0
20.774293,0,1,0,0,1,0,0,1,1
20.782503,1,0,0,1,1,1,0,0,1
20.786606,0,0,1,0,0,1,0,0,1
20.789210,0,1,1,1,1,1,0,0,1
20.796543,1,0,1,1,1,1,1,0,1
20.805714,1,0,1,0,0,0,1,0,1
20.812156,1,1,1,1,1,0,0,1,0
20.814437,1,0,1,0,1,1,0,1,1
20.821886,0,1,0,0,0,0,0,0,1
20.829548,1,0,1,1,1,0,0,1,1
20.834377,0,1,0,1,0,1,0,1,1
20.839203,1,1,1,0,0,0,1,0,1
20.842229,1,0,1,1,0,1,0,0,1
20.850610,0,0,0,0,0,1,0,0,0
20.851887,1,0,0,0,1,0,1,1,1
20.856564,1,0,1,1,1,1,0,1,1
20.863778,1,0,1,0,0,1,1,1,0
20.870038,1,1,1,0,0,0,0,1,0
20.877281,0,1,0,1,0,1,0,0,0
20.887199,0,1,0,0,1,1,0,1,0
20.892607,0,1,1,0,0,0,1,0,1
20.896061,1,1,1,0,1,1,1,0,0
20.897311,0,1,0,1,0,0,0,0,0
20.901710,1,1,0,0,1,0,0,1,0
20.905915,0,0,0,1,0,0,0,1,0
20.910988,1,1,0,1,0,1,0,0,1
20.919523,1,0,1,0,1,1,0,0,1
20.925912,0,1,0,1,0,0,0,1,0
20.934053,0,0,1,0,0,1,1,0,0
20.942995,1,1,1,1,0,1,0,1,0
20.952028,1,1,1,1,1,0,1,1,0
20.957400,1,0,0,1,1,0,1,1,1
20.963335,0,1,1,0,0,1,0,1,1
20.968961,1,0,1,1,1,0,0,1,1
20.973728,1,1,1,1,0,1,0,0,0
20.976467,0,0,1,1,0,1,1,1,0
20.983681,1,1,0,1,0,1,0,1,0
20.987029,1,1,1,0,0,1,0,1,1
20.989190,1,1,1,1,0,0,0,0,0
20.997039,1,1,1,1,1,0,1,0,1
20.998945,1,1,0,1,0,0,1,1,1
21.004249,0,0,0,1,0,0,1,0,1
21.006496,0,0,0,1,0,0,1,0,0
21.009375,1,0,1,0,1,1,1,1,0
21.018049,1,1,0,0,0,1,0,0,0
21.025367,1,0,0,1,0,0,1,1,1
21.033627,1,1,0,0,0,0,1,0,0
21.038703,1,0,1,1,0,1,0,0,0
21.043967,1,0,0,1,0,0,1,1,1
21.052855,1,1,0,0,1,1,1,1,1
21.059722,1,0,1,1,1,0,0,1,0
21.065674,0,1,0,1,1,1,0,1,1
21.069920,1,0,0,1,1,0,1,1,0
21.079720,1,0,0,1,1,1,1,1,0
21.086329,0,1,1,1,1,0,0,1,0
21.095686,0,0,0,1,1,0,0,0,0
21.105464,0,0,0,0,1,0,1,1,1
21.112694,0,1,1,0,1,1,0,0,1
21.119420,0,1,1,0,1,0,1,1,0
21.121069,1,1,0,1,0,1,0,0,0
21.125794,0,1,1,0,1,1,1,0,1
21.131430,1,1,0,1,0,1,1,0,0
21.138044,1,0,1,0,1,0,1,0,0
21.144939,1,0,0,1,0,1,0,0,1
21.148145,0,1,0,1,0,0,0,1,1
21.153459,1,1,1,1,0,0,1,0,1
21.160834,1,1,0,1,0,0,1,1,1
21.164434,0,0,0,0,1,1,1,0,1
21.165766,0,0,0,1,0,0,1,1,1
21.170038,1,0,1,1,0,1,1,1,1
21.172830,0,0,1,1,0,1,1,1,0
21.179649,1,1,1,0,0,0,0,1,0
21.187135,0,0,0,1,0,1,0,1,1
21.188412,1,1,0,1,1,1,1,0,0
21.196733,0,0,0,0,1,1,0,1,0
21.200621,1,1,0,0,0,1,0,0,1
21.205344,1,0,0,1,1,1,0,0,1
21.206377,0,1,0,1,0,1,0,1,0
21.215554,0,1,1,0,1,0,0,0,1
21.220919,1,1,0,0,0,0,0,1,0
21.222568,1,1,1,0,0,0,1,0,1
21.230828,0,0,0,0,1,1,0,0,1
21.240070,0,0,1,0,1,0,1,1,0
21.243185,0,1,0,1,0,1,0,1,1
21.246337,0,0,1,1,0,0,1,0,0
21.248511,1,0,0,0,0,0,1,0,1
21.254762,1,0,1,0,0,1,0,1,1
21.263506,0,1,1,1,0,1,1,0,1
21.265175,0,0,0,0,1,0,0,0,0
21.274364,1,0,1,0,0,0,0,1,1
21.278144,1,0,0,0,1,0,1,0,0
21.282156,1,0,0,0,0,1,0,0,0
21.286571,0,0,1,1,0,1,1,0,1
21.292756,0,1,1,1,1,1,1,1,1
21.301136,1,1,1,1,0,1,0,1,0
21.302269,1,0,0,0,1,0,1,1,1
21.310086,1,1,0,0,0,1,1,0,0
21.311627,0,0,1,0,1,0,0,0,1
21.316107,1,1,1,1,0,0,0,1,1
21.320559,0,1,0,1,1,1,1,0,0
21.328137,0,1,1,1,0,0,0,1,1
21.334676,0,1,1,1,0,1,0,1,0
21.336501,1,0,1,0,1,1,0,0,0
21.343881,0,1,0,1,0,1,0,1,0
21.351518,0,0,0,0,0,0,0,0,1
21.360125,0,0,1,1,1,1,1,0,1
21.369432,1,0,1,0,1,1,1,1,0
21.371486,0,1,0,1,1,1,1,0,0
21.373964,1,0,1,0,1,1,1,0,0
21.375334,0,1,0,0,1,0,0,0,1
21.379675,1,1,0,1,1,1,1,1,0
21.386657,0,1,1,0,1,0,1,1,1
21.391175,1,0,0,1,0,1,1,0,1
21.395874,1,0,1,1,0,0,1,1,0
21.403354,1,1,0,1,0,1,0,1,0
21.409060,0,0,1,0,1,1,1,0,1
21.411000,0,1,1,0,0,0,1,1,1
21.419242,1,1,0,1,1,1,0,0,0
21.421795,1,1,1,0,0,0,1,1,0
21.422975,0,1,1,1,1,1,0,0,1
21.430520,0,1,0,0,0,1,0,1,1
21.434361,1,1,1,0,1,1,0,1,0
21.443812,1,0,1,1,0,0,0,0,0
21.446142,0,0,1,0,0,0,1,0,0
21.451828,0,0,0,0,1,1,0,1,0
21.460944,0,1,0,1,0,1,1,1,1
21.467241,1,0,0,1,1,0,0,1,0
21.471401,1,0,0,0,1,1,1,1,0
21.475192,0,0,0,0,1,1,0,1,0
21.482581,0,1,0,1,0,1,1,1,0
21.490053,0,1,1,1,0,1,1,0,0
21.497221,1,1,0,1,0,0,0,1,0
21.504554,0,0,1,0,1,1,1,0,0
21.511916,0,0,0,0,0,1,1,0,1
21.516467,0,1,0,0,1,1,0,0,0
21.520016,0,1,1,0,1,1,0,0,0
21.521483,0,0,1,0,1,1,0,1,0
21.525140,1,1,0,1,1,1,1,0,0
21.532085,0,0,0,0,1,0,0,1,1
21.536107,1,1,0,0,0,0,0,1,0
21.540716,0,1,1,1,0,1,1,1,0
21.541749,1,0,1,1,1,0,1,1,1
21.548944,1,1,1,1,1,0,0,0,0
21.551857,1,1,1,0,0,1,0,1,1
21.553493,0,1,1,1,0,1,1,0,1
21.558027,1,0,0,1,1,1,0,1,0
21.566986,1,1,1,1,1,0,1,0,0
21.575303,0,1,0,1,1,1,0,1,0
21.578122,0,0,0,0,1,1,0,1,1
21.584540,0,0,1,1,1,1,0,1,1
21.590737,0,1,0,0,0,1,1,0,1
21.595886,0,1,0,1,1,0,1,0,0
21.600301,0,0,0,1,0,0,0,1,0
21.601562,0,1,0,0,0,0,1,1,0
21.608605,0,1,0,0,1,1,0,1,1
21.610527,0,0,1,1,0,0,1,1,1
21.612640,1,1,0,0,0,1,1,1,1
21.616150,0,0,0,0,0,0,1,1,0
21.617150,0,0,0,0,1,1,1,1,0
21.621606,0,0,1,1,1,1,0,0,0
21.627106,1,1,0,0,1,1,1,1,1
21.635016,1,0,1,1,0,0,0,0,0
21.639840,1,1,1,0,1,0,0,0,0
21.645360,0,0,1,1,0,1,1,1,0
21.654877,0,1,0,0,0,1,1,1,1
21.658824,1,0,1,1,1,1,0,0,0
21.665966,0,1,0,1,1,0,0,0,0
21.671428,1,0,0,1,1,1,0,0,1
21.673494,1,0,1,1,1,1,1,1,0
21.677959,1,0,1,1,0,0,0,0,1
21.682500,1,1,1,0,0,1,1,0,0
21.685715,1,1,0,1,0,0,0,1,1
21.689208,1,1,1,1,0,0,0,1,1
21.691944,1,0,1,1,0,1,0,0,1
21.701406,1,0,1,0,1,1,0,0,1
21.711394,0,0,1,1,0,0,1,0,1
21.720258,0,0,0,1,1,0,1,1,0
21.725496,0,1,1,1,0,0,1,1,0
21.729496,1,0,1,0,1,1,0,0,0
21.733379,1,1,1,1,1,1,1,1,1
21.743235,0,0,1,1,0,0,0,0,0
21.750643,1,1,0,1,1,1,0,1,1
21.754536,0,0,0,0,0,0,1,1,1
21.759798,0,0,0,1,0,0,0,1,0
21.769446,1,1,1,0,1,1,0,1,1
21.777427,0,1,0,0,1,0,1,0,0
21.779525,0,0,0,0,1,1,0,0,0
21.784682,0,1,0,0,1,1,0,0,0
21.785885,0,0,1,1,1,0,0,0,1
21.792091,0,1,1,0,0,0,0,0,0
21.801531,1,1,1,0,1,1,1,0,1
21.805595,0,0,0,1,0,1,1,0,1
21.813998,1,1,0,1,0,1,0,1,0
21.821951,0,1,1,1,1,1,1,1,0
21.829821,1,0,0,0,0,0,1,1,1
21.838624,0,1,1,0,1,1,0,1,0
21.847347,1,0,0,1,0,1,0,1,1
21.849803,1,1,1,0,1,0,1,1,1
21.856499,0,1,0,0,0,1,1,0,1
21.861090,0,1,1,0,0,0,0,0,0
21.869141,0,0,1,0,0,1,0,0,1
21.871838,1,1,1,1,1,0,1,1,0
21.881651,1,1,0,0,1,1,0,0,1
21.891263,0,1,0,0,1,1,1,1,1
21.897834,1,0,1,1,0,0,1,0,0
21.907397,0,1,1,1,1,0,0,0,0
21.917259,1,0,0,1,1,0,0,0,0
21.926577,0,0,0,0,0,1,1,1,1
21.935303,0,1,0,0,1,1,1,1,0
21.943963,0,0,0,0,1,0,1,1,0
21.947696,1,0,1,0,1,0,0,0,0
21.952605,1,1,1,0,1,1,1,0,0
21.956272,1,1,0,1,0,1,0,0,0
21.965806,0,0,0,0,1,0,1,0,1
21.966806,0,0,1,0,1,1,0,0,0
21.970021,1,0,1,1,1,0,0,1,0
21.972122,1,0,1,0,1,0,1,1,1
21.979831,0,0,1,1,1,1,0,0,1
21.985331,0,1,1,0,1,1,0,1,1
21.994248,1,1,1,1,1,1,1,1,1
22.000782,1,0,1,0,0,0,0,1,0
22.006979,0,0,0,0,1,1,0,1,0
22.009098,0,1,1,1,1,0,1,1,0
22.013469,0,1,1,0,1,1,1,1,0
22.018888,1,0,0,1,0,0,0,1,1
22.028816,1,0,1,1,0,1,0,1,1
22.036286,0,0,0,0,0,1,0,1,0
22.045453,1,1,1,1,1,0,1,1,1
22.053489,1,1,0,1,1,1,1,0,0
22.058943,0,1,1,1,1,1,1,1,1
22.061849,1,0,0,0,1,0,0,0,1
22.066437,0,0,1,0,0,0,1,0,1
22.074566,0,1,0,0,0,1,0,0,0
22.076117,1,0,1,0,0,1,0,0,0
22.086092,0,1,0,1,1,1,1,0,1
22.095373,1,0,0,0,1,0,0,0,1
22.099247,1,1,0,0,0,0,0,0,0
22.101893,1,0,0,0,1,1,0,0,0
22.106727,1,1,1,1,0,0,0,0,0
22.112484,1,0,0,1,1,0,0,0,1
22.115586,0,1,1,0,0,1,0,1,0
22.116886,0,0,1,0,0,0,0,0,1
22.122459,1,1,1,1,1,1,1,0,1
22.128370,1,1,0,1,1,1,1,1,1
22.133643,0,0,0,0,0,1,1,1,1
22.141253,1,0,0,0,1,1,1,1,1
22.150420,1,1,1,0,1,1,0,0,0
22.153190,1,1,1,1,0,0,1,0,1
22.161196,0,1,1,1,1,1,0,1,1
22.168093,1,1,0,0,0,1,1,1,0
22.171251,0,0,1,1,0,0,0,0,1
22.172810,0,1,1,0,1,0,0,1,0
22.182430,0,1,0,0,1,0,1,1,1
22.191750,1,0,0,0,1,0,1,0,0
22.201125,1,1,1,1,0,1,0,0,0
22.202683,0,0,1,0,0,0,0,0,0
22.209014,0,0,0,0,1,1,0,1,1
22.215006,0,1,0,0,0,0,1,1,1
22.224064,1,0,0,0,1,1,1,1,0
22.230684,0,0,1,0,0,0,0,1,1
22.238653,1,0,1,0,1,1,1,0,1
22.240325,1,1,1,1,1,0,0,1,0
22.243185,1,1,0,0,0,1,1,0,0
22.249962,1,0,1,1,1,0,1,1,1
22.254073,0,1,0,0,0,1,1,1,0
22.258443,1,0,1,0,0,0,1,1,0
22.264545,0,1,1,1,0,1,0,0,1
22.272064,1,1,0,0,0,0,1,1,1
22.281047,1,0,0,0,0,1,0,1,1
22.286177,0,0,1,0,0,0,0,1,1
22.291591,1,0,0,0,0,1,1,0,1
22.294420,0,0,0,1,1,0,1,0,1
22.300395,1,1,1,1,1,0,0,1,0
22.303408,1,1,1,1,0,0,1,0,0
22.310072,0,1,0,1,0,0,0,0,1
22.319001,0,0,1,1,1,1,1,1,0
22.325787,1,0,0,1,1,1,0,0,1
22.332907,0,1,0,1,1,1,1,1,0
22.339007,0,1,1,1,0,1,1,0,1
22.342219,0,0,0,0,1,0,0,1,0
22.345799,0,1,0,0,1,0,0,1,1
22.352002,0,0,0,0,1,0,0,0,1
22.360718,0,0,1,1,0,0,1,0,0
22.365113,1,1,1,0,0,1,0,0,0
22.366993,1,1,1,0,1,1,0,1,0
22.374602,0,0,0,0,1,0,1,0,1
22.384314,1,0,1,1,0,0,1,1,1
22.391608,1,0,0,0,1,0,0,1,0
22.399726,0,1,1,0,1,1,1,0,0
22.404360,1,0,1,1,1,0,0,1,1
22.405668,0,1,1,0,1,1,1,0,1
22.407993,1,1,0,0,1,0,1,1,1
22.414808,0,0,0,1,1,0,1,1,1
22.416670,1,1,1,0,1,1,0,1,1
22.424150,1,0,0,1,1,0,1,1,0
22.432092,1,0,1,0,1,0,0,1,1
22.439374,0,1,1,0,1,1,0,0,0
22.441165,1,0,1,0,0,1,1,0,1
22.446767,1,1,0,1,1,1,1,1,0
22.451409,0,0,0,1,1,1,0,1,0
22.457818,0,1,1,0,0,1,0,1,0
22.465106,0,0,0,1,0,0,0,0,0
22.472523,1,1,1,1,1,0,1,0,1
22.474357,0,1,0,0,0,1,0,0,0
22.482721,1,0,0,0,0,0,1,1,1
22.490921,0,0,0,0,0,1,1,0,0
22.500386,1,1,1,0,0,0,0,1,0
22.507775,0,0,1,0,0,0,0,1,0
22.510682,0,1,1,0,0,0,1,1,0
22.514289,1,0,1,1,1,1,0,0,1
22.517642,0,0,1,1,1,1,0,1,0
22.523545,0,1,0,1,1,1,0,0,1
22.531069,0,1,0,0,1,1,0,1,1
22.538604,1,1,1,1,0,0,0,0,1
22.544583,0,1,1,0,0,0,0,0,1
22.552100,1,1,1,1,1,0,1,1,0
22.559665,1,0,1,0,1,0,1,1,0
22.561089,1,0,1,0,1,0,1,1,0
22.568089,0,1,1,0,1,0,1,1,0
22.573749,0,1,1,1,1,1,1,0,1
22.576089,1,1,1,1,0,0,0,0,0
22.579394,1,1,0,1,0,1,1,1,0
22.585738,1,0,0,1,1,1,0,0,0
22.587379,0,0,0,1,1,1,0,0,0
22.595826,0,1,1,0,1,1,1,0,0
22.604377,1,1,1,0,1,0,1,1,0
22.611301,0,1,0,1,1,1,1,0,0
22.615423,1,1,1,0,0,1,0,1,1
22.617454,0,0,1,0,0,0,1,1,1
22.626712,0,1,1,1,1,1,1,1,0
22.635414,1,1,0,1,1,0,0,0,1
22.640789,0,1,1,0,0,0,0,1,1
22.647879,1,1,1,1,0,1,0,0,0
22.650728,0,0,0,1,0,1,0,0,1
22.660085,1,0,0,0,0,1,1,0,1
22.663192,0,1,1,0,0,0,0,0,1
22.668660,0,1,1,1,0,0,1,1,1
22.671262,1,1,0,1,1,1,0,1,1
22.678146,1,0,1,0,0,1,1,0,1
22.687941,1,0,0,0,0,0,0,1,0
22.694850,0,1,0,1,1,1,1,1,1
22.698550,1,1,0,1,1,1,1,1,1
22.701800,0,0,0,1,1,0,0,1,0
22.708289,0,0,1,1,0,0,0,0,0
22.712914,0,0,0,1,0,0,0,0,0
22.716186,0,0,0,0,1,0,0,0,0
22.723059,0,1,0,0,0,0,0,0,1
22.726177,0,1,1,1,1,1,1,1,1
22.729766,0,1,1,1,0,1,0,0,0
22.736082,1,0,1,1,0,1,1,0,0
22.739891,0,0,0,0,1,0,0,0,0
22.748943,0,0,1,0,0,1,0,1,1
22.756537,0,1,1,0,1,0,0,0,1
22.757682,0,1,1,0,1,1,0,0,0
22.765857,1,0,1,0,0,0,1,1,1
22.767604,1,0,1,1,0,0,0,0,0
22.774244,1,0,1,1,1,0,0,0,1
22.776378,1,0,1,0,0,1,1,1,1
22.780639,1,0,0,1,0,0,1,0,1
22.790459,0,0,1,1,0,0,1,0,1
22.794647,1,1,1,0,0,1,1,0,0
22.799485,1,1,1,0,1,1,1,1,0
22.807245,1,1,1,1,0,0,0,0,1
22.808411,0,0,1,1,1,1,0,0,1
22.813448,0,1,1,1,0,1,1,1,1
22.817275,1,1,0,0,1,1,1,0,0
22.825798,0,0,0,1,1,0,0,1,1
22.827804,0,1,0,1,0,0,0,1,1
22.836004,0,0,0,0,0,0,1,1,1
22.840194,1,1,1,0,1,1,0,0,1
22.845808,0,0,0,0,1,0,0,1,1
22.847743,1,0,1,1,0,1,1,1,1
22.851911,1,1,0,0,0,1,1,0,1
22.860786,0,0,0,1,1,0,0,1,0
22.869063,0,0,0,1,0,0,1,0,1
22.873108,1,1,1,0,1,1,1,0,0
22.881762,1,0,1,1,0,1,0,1,1
22.889737,0,1,0,1,0,1,1,0,0
22.893755,1,0,1,0,1,0,0,0,1
22.903074,1,0,1,1,1,1,1,1,1
22.911559,0,0,1,1,1,1,0,0,1
22.921477,1,0,0,1,0,0,1,1,1
22.929604,0,1,1,1,0,0,1,0,0
22.930940,1,0,0,1,0,1,0,0,1
22.933682,1,1,1,1,0,0,0,0,0
22.942137,1,0,1,1,0,0,1,0,1
22.951097,1,0,0,1,0,0,1,1,0
22.960713,0,0,1,0,1,0,1,1,0
22.962715,1,0,0,1,0,0,0,1,1
22.967099,0,1,1,0,1,0,0,0,1
22.970080,0,0,1,0,0,0,1,1,0
22.979996,1,0,0,1,1,0,0,0,1
22.988692,0,1,0,1,1,1,0,1,0
22.998210,0,1,1,0,1,0,0,1,1
22.999863,0,0,1,1,0,1,0,1,0
23.008681,0,0,0,1,0,1,1,0,1
23.015215,0,1,0,0,0,1,0,0,0
23.017199,0,1,0,0,1,1,1,0,0
23.021932,0,1,1,1,1,1,1,1,1
23.024503,0,1,1,0,0,1,1,0,0
23.031874,0,0,1,0,1,0,0,1,0
23.034674,1,1,0,0,0,0,1,1,0
23.041966,1,0,0,0,0,0,0,0,0
23.043196,0,0,1,0,1,1,1,0,1
23.048649,1,1,1,0,1,1,1,1,1
23.055892,1,1,1,1,0,0,0,0,1
23.060385,0,0,0,0,0,0,0,1,0
23.064785,0,0,1,0,0,0,0,0,0
23.070317,1,1,0,0,0,0,0,1,1
23.079720,1,0,0,0,1,1,0,1,0
23.081517,1,1,1,0,1,0,0,0,1
23.090513,0,0,0,0,0,0,1,1,1
23.095419,0,1,0,0,1,1,0,1,0
23.104737,0,0,1,0,1,1,1,0,1
23.108424,0,0,0,1,0,0,0,0,0
23.113983,1,0,0,1,0,0,1,0,1
23.116865,0,1,1,1,0,1,1,0,1
23.124417,0,1,0,1,0,1,1,0,0
23.128917,1,1,0,1,1,0,1,0,0
23.131296,1,0,0,1,0,0,0,0,0
23.138110,1,1,0,1,1,1,1,0,1
23.141355,1,1,1,0,1,0,0,0,0
23.149993,0,0,0,1,0,1,1,0,0
23.152181,1,0,0,0,0,0,0,1,0
23.154226,1,0,0,0,1,1,1,1,1
23.157926,0,1,0,1,0,1,0,0,0
23.162158,0,0,0,1,0,1,1,0,0
23.168783,0,0,0,1,0,1,1,0,0
23.171513,0,1,0,1,0,0,1,0,0
23.174782,1,0,0,0,1,1,0,0,1
23.178124,1,0,0,1,0,0,0,1,1
23.186457,0,1,1,0,1,1,1,1,1
23.188415,1,0,1,0,0,1,0,0,0
23.190915,0,1,1,1,0,0,0,0,0
23.192016,1,1,1,0,1,0,0,1,1
23.195898,1,0,0,1,1,1,1,0,0
23.204978,1,0,1,0,1,1,1,1,0
23.208228,0,1,0,0,0,0,1,0,1
23.214299,1,0,0,1,1,0,0,1,1
23.222078,1,1,0,0,1,1,1,0,0
23.231655,0,0,0,1,1,0,0,0,1
23.238963,1,0,1,1,1,0,1,1,0
23.241223,0,0,0,0,0,0,1,0,1
23.249223,1,0,0,0,0,1,1,0,0
23.253581,1,0,1,0,1,1,0,1,0
23.262085,1,1,0,1,0,1,1,1,0
23.268332,0,1,0,0,1,1,1,0,1
23.275143,0,0,1,1,1,1,0,0,0
23.284322,0,1,1,1,0,1,0,1,1
23.288115,0,1,0,1,1,0,0,1,1
23.289846,1,1,0,0,0,1,1,1,0
23.298419,0,0,1,0,0,0,1,0,1
23.306076,1,0,0,0,0,0,1,0,1
23.313633,1,1,0,0,1,0,1,0,1
23.322536,1,1,0,0,1,0,1,1,1
23.331477,1,0,1,0,1,1,0,1,0
23.333054,0,1,0,0,0,1,0,0,0
23.342819,1,0,0,0,1,1,0,1,1
23.350695,1,1,0,0,1,0,1,1,0
23.353055,1,0,0,1,1,1,0,1,0
23.361951,0,0,0,0,1,1,1,1,1
23.371145,1,0,0,0,1,1,1,1,0
23.372436,0,0,1,0,1,0,1,0,0
23.380671,0,0,0,0,1,1,0,0,0
23.390426,0,0,0,0,1,0,0,1,0
23.394201,1,0,0,0,1,0,1,1,1
23.401859,1,0,0,0,1,1,0,0,1
23.403970,0,1,0,0,0,1,0,0,0
23.412576,0,0,1,1,1,1,0,0,0
23.416362,1,0,0,0,0,1,1,0,1
23.419986,1,1,1,0,1,1,1,1,0
23.423495,1,0,1,0,0,1,1,1,0
23.425913,0,0,0,1,1,1,0,1,0
23.432127,0,0,1,1,0,1,0,1,0
23.438406,1,0,1,0,0,0,1,0,1
23.443128,1,1,0,0,1,1,0,1,1
23.444199,0,0,0,0,0,0,0,1,1
23.450604,0,0,1,1,1,0,0,0,0
23.454439,0,0,1,1,0,1,1,0,0
23.457085,1,0,0,1,0,1,0,1,0
23.460815,1,1,1,1,0,0,1,0,0
23.470502,1,0,1,1,1,1,0,0,1
23.474052,0,1,1,1,0,0,0,0,1
23.477567,1,0,1,0,1,1,1,1,0
23.481542,0,0,0,1,0,1,0,1,1
23.488050,0,0,0,1,1,1,0,0,1
23.494441,1,1,0,0,1,0,1,0,0
23.503210,0,0,1,0,0,0,0,1,0
23.507603,0,0,0,0,0,1,0,0,0
23.512435,0,1,0,1,1,1,0,1,1
23.514078,0,1,0,0,0,0,0,1,1
23.521853,1,0,1,1,0,1,1,0,1
23.530112,0,1,0,0,1,0,1,0,0
23.538235,0,1,0,0,1,0,0,0,1
23.546049,0,1,1,1,0,0,1,0,1
23.552442,1,0,1,1,0,1,1,1,1
23.557697,1,1,1,0,0,0,0,0,0
23.566765,1,0,1,1,0,1,1,0,0
23.576405,0,0,1,0,0,0,0,0,1
23.586062,1,1,0,1,0,0,0,1,1
23.590926,0,1,1,1,1,0,0,1,0
23.595301,0,0,0,0,1,1,0,0,0
23.597426,0,1,0,0,1,1,0,0,1
23.599512,1,1,1,0,1,0,1,0,0
23.607581,0,1,1,0,0,1,1,1,0
23.610337,0,1,0,1,1,0,1,1,1
23.617463,0,1,1,1,1,1,1,0,1
23.623764,1,1,0,0,1,0,1,1,1
23.627764,0,1,0,0,1,1,0,1,1
23.630181,1,0,1,1,0,0,1,0,0
23.634265,0,0,0,0,0,0,1,1,0
23.636908,0,0,1,0,1,0,0,1,0
23.638212,0,1,1,0,1,0,0,0,1
23.643212,0,0,0,0,1,0,0,1,0
23.653021,0,1,0,0,1,0,0,1,0
23.655004,0,0,0,0,1,1,1,0,0
23.658368,1,0,0,1,0,1,1,0,0
23.662705,0,1,0,1,1,1,0,0,1
23.664120,1,1,0,1,0,0,0,0,0
23.665120,0,0,0,1,1,0,1,0,0
23.671774,0,0,1,1,0,0,1,0,0
23.674578,0,1,0,0,1,1,1,1,1
23.678124,0,0,0,1,1,1,0,0,1
23.687830,1,0,1,1,1,1,0,0,0
23.689688,1,0,1,0,1,0,1,1,1
23.696304,0,1,0,1,0,0,0,1,1
23.701609,1,1,1,0,0,0,0,0,1
23.710123,1,1,1,1,1,1,0,1,0
23.711202,0,1,0,1,0,1,1,0,1
23.719872,1,0,0,1,1,0,1,1,1
23.726754,1,0,0,0,1,1,0,1,1
23.732087,1,0,0,1,0,0,0,1,1
23.739990,0,1,1,1,1,0,1,1,0
23.742724,0,1,0,0,1,1,1,1,1
23.748536,1,0,0,0,1,1,1,1,1
23.754536,1,0,1,0,1,1,0,1,1
23.761381,0,0,1,0,0,0,0,0,0
23.765595,1,0,0,0,0,1,0,1,1
23.775365,0,1,0,0,0,1,1,1,1
23.784630,1,0,1,0,1,0,0,1,0
23.787969,1,0,1,0,1,1,1,0,0
23.794921,1,1,0,0,0,0,1,1,0
23.799420,1,0,1,1,1,1,1,1,1
23.808342,1,0,1,1,1,0,1,1,1
23.810904,0,0,1,0,1,1,1,0,1
23.816596,0,0,1,0,1,0,0,0,0
23.818504,0,1,0,1,0,1,1,0,1
23.827771,0,1,0,0,0,1,0,0,1
23.831934,1,1,0,1,0,0,1,1,0
23.834320,0,1,0,1,1,1,1,1,1
23.836426,1,1,1,1,0,1,1,1,0
23.838866,0,1,1,0,0,0,1,0,1
23.841787,0,0,0,0,1,0,1,0,0
23.844370,0,1,1,0,0,0,0,0,0
23.846785,1,0,0,1,0,1,0,0,0
23.851532,1,1,1,0,1,0,0,0,0
23.857032,0,0,1,0,0,1,0,0,1
23.863376,0,1,0,1,0,0,1,0,1
23.868508,1,1,0,0,1,1,0,0,0
23.877912,0,1,1,0,0,1,0,0,1
23.881162,0,1,1,0,0,0,0,1,1
23.883043,0,0,1,1,0,0,1,0,0
23.886363,0,0,0,1,0,0,0,0,1
23.891952,0,1,1,0,0,0,0,0,1
23.901306,1,1,0,0,1,0,0,0,0
23.904732,1,1,1,1,1,1,0,1,0
23.910574,0,1,1,1,1,0,1,1,0
23.919753,1,1,0,0,0,0,0,0,1
23.929244,0,0,1,1,1,0,1,0,0
23.937844,1,1,1,1,1,1,0,1,0
23.940070,1,1,1,1,1,0,0,0,1
23.943738,0,1,1,0,0,1,0,1,0
23.952760,0,0,1,1,0,1,1,1,1
23.961185,0,1,1,1,0,1,1,0,0
23.967600,1,0,1,0,0,0,0,1,1
23.971565,0,0,1,0,0,1,1,0,1
23.981396,1,0,1,0,0,0,0,1,0
23.985280,1,1,0,0,1,0,1,1,1
23.987070,1,1,1,1,1,0,1,0,0
23.988193,1,0,1,1,1,0,1,0,1
23.993217,0,0,0,0,1,1,0,1,0
23.998731,1,1,1,1,1,0,0,0,0
24.001910,0,0,1,1,1,1,0,1,0
24.005053,1,1,0,0,0,1,1,0,1
24.008201,1,0,1,0,0,0,1,0,0
24.015503,0,1,1,1,1,1,0,1,1
24.024905,1,1,1,0,1,0,0,0,0
24.031614,1,0,0,0,0,1,1,1,1
24.038150,0,0,1,0,1,1,0,0,1
24.046006,1,0,1,0,0,0,0,0,1
24.049609,1,1,1,0,0,0,0,1,0
24.055762,1,1,1,0,0,1,1,1,0
24.059235,0,1,1,0,1,0,0,1,1
24.061282,1,1,0,1,1,1,0,0,1
24.063991,1,0,1,1,1,0,1,0,1
24.065141,0,0,1,0,0,1,1,0,1
24.072970,0,0,1,1,0,0,1,0,0
24.075332,0,1,0,0,1,0,1,1,1
24.085148,0,0,1,1,1,1,1,0,0
24.086148,0,0,0,0,0,1,0,0,0
24.089398,1,0,0,1,1,0,0,0,0
24.096732,0,1,0,1,1,1,0,1,1
24.103867,1,0,1,1,0,0,1,0,1
24.107480,0,0,1,1,0,1,1,1,0
24.110800,1,1,1,1,1,1,1,1,1
24.111800,0,0,0,1,0,1,1,1,0
24.119489,1,1,0,1,1,1,0,1,0
24.121614,1,0,0,0,0,0,1,0,1
24.125696,0,0,0,1,1,0,1,1,1
24.128619,0,0,0,0,1,1,0,0,1
24.130250,1,1,1,1,0,1,1,0,1
24.136613,1,0,0,0,0,1,0,1,1
24.138489,1,1,0,0,1,0,0,0,0
24.143049,0,0,0,0,1,1,1,1,0
24.152121,1,0,0,0,1,0,0,1,0
24.156371,0,1,1,0,0,0,1,1,0
24.158998,1,1,0,0,1,0,0,1,1
24.163598,1,1,0,0,0,1,1,0,0
24.165041,1,0,0,0,0,0,0,1,0
24.169808,0,1,0,0,1,0,1,1,1
24.171132,1,0,1,0,0,0,1,1,0
24.179865,1,0,0,0,0,1,0,1,0
24.185003,0,1,1,1,1,0,1,0,1
24.194843,1,1,1,0,0,0,0,0,0
24.204679,0,1,0,0,1,0,1,1,0
24.212914,1,0,0,1,0,0,0,0,0
24.222615,0,1,1,0,1,0,0,0,1
24.229453,0,1,0,1,1,1,0,1,0
24.230792,0,1,1,0,1,0,1,0,1
24.234575,1,0,0,0,0,1,0,1,1
24.238520,1,0,0,1,0,0,0,1,0
24.240020,0,1,1,1,0,0,0,1,1
24.242190,1,1,1,0,1,1,0,1,0
24.249553,1,1,0,0,0,0,1,0,1
24.255277,0,0,1,1,0,1,1,1,0
24.261473,0,0,1,0,0,1,1,0,1
24.268748,0,0,1,0,0,1,0,0,0
24.278593,0,0,0,0,1,1,1,0,1
24.281779,1,0,1,1,0,1,0,1,0
24.285779,1,1,1,0,0,0,0,1,0
24.291279,0,1,1,0,0,0,0,0,0
24.298279,0,0,1,1,1,0,0,1,1
24.302316,0,1,1,0,0,0,1,1,0
24.303816,1,0,0,1,0,0,0,0,1
24.305293,1,0,1,0,1,0,1,1,0
24.309149,1,0,0,1,0,1,1,1,0
24.311026,0,0,0,0,1,1,0,1,0
24.319142,0,0,0,1,0,1,0,1,0
24.322650,0,1,0,0,1,0,1,0,0
24.330417,1,1,0,0,1,0,0,0,1
24.339158,1,0,1,1,1,0,0,1,1
24.344358,0,1,1,1,1,0,0,1,1
24.346223,1,0,1,0,1,1,1,1,0
24.349531,0,0,0,1,1,0,0,1,0
24.356366,0,1,1,1,1,1,1,0,0
24.362574,1,0,1,0,0,1,0,1,0
24.370321,1,0,0,1,0,0,1,1,0
24.379236,0,0,1,1,0,1,1,1,1
24.386125,0,1,1,1,0,1,1,0,0
24.394263,1,1,1,1,1,0,1,0,1
24.396205,0,1,0,1,0,1,0,0,1
24.401776,0,0,0,1,0,1,1,1,0
24.409576,0,0,1,0,1,1,0,0,1
24.411702,1,1,1,0,1,0,0,1,1
24.414536,1,1,0,1,0,1,0,0,0
24.422081,0,1,0,1,0,0,1,0,1
24.424288,1,0,1,1,1,0,1,0,0
24.430894,0,0,0,1,0,1,1,1,0
24.432669,1,1,0,1,0,0,1,1,1
24.435169,0,1,0,0,1,1,0,1,1
24.439105,1,0,1,1,0,0,0,1,1
24.440588,0,1,0,1,1,1,0,1,1
24.446789,1,0,1,1,0,1,1,0,0
24.452900,1,1,0,0,0,1,0,1,0
24.456728,0,1,0,1,0,0,0,0,0
24.462291,1,0,1,1,1,0,0,0,0
24.466104,0,1,1,0,1,0,1,1,1
24.470597,0,1,1,0,1,0,0,0,1
24.476722,1,0,1,1,1,0,1,0,0
24.482551,0,1,1,0,1,1,1,0,1
24.485846,0,0,0,0,0,0,1,1,0
24.491232,0,1,0,0,1,1,1,0,0
24.492232,1,0,1,0,1,1,1,1,1
24.495499,0,1,0,0,1,1,1,1,0
24.498783,1,0,1,1,0,0,0,0,0
24.503941,1,1,1,0,1,1,1,1,1
24.513140,1,0,0,1,0,1,1,0,0
24.516153,0,1,1,0,1,0,0,1,0
24.520945,1,0,1,1,0,0,0,0,0
24.525921,0,1,0,0,1,1,1,1,0
24.528861,1,1,0,1,0,0,0,1,1
24.536039,1,1,1,0,1,1,0,0,1
24.544577,1,1,0,1,1,1,0,1,1
24.545906,0,1,0,1,0,0,0,0,0
24.548582,0,0,1,1,1,1,1,0,1
24.557047,1,0,0,1,0,1,1,0,0
24.563837,1,1,0,0,0,0,0,1,1
24.565708,1,0,1,0,1,0,0,0,0
24.569774,1,1,1,1,0,1,1,0,0
24.571717,0,1,1,1,0,0,0,1,0
24.576540,0,1,1,1,0,1,0,0,1
24.580901,1,0,0,1,0,0,1,0,1
24.587557,1,0,1,1,1,0,1,1,1
24.592175,0,1,1,0,1,1,0,0,1
24.601957,0,1,1,0,0,0,1,0,1
24.607957,0,0,0,0,1,1,1,1,0
24.609524,0,0,0,1,1,1,0,1,1
24.610978,1,0,0,1,1,0,1,1,1
24.612267,0,1,1,1,1,0,0,0,1
24.613935,0,0,1,1,0,1,0,1,1
24.623008,0,1,0,0,1,1,0,0,1
24.630772,1,0,0,0,1,1,0,1,0
24.636615,0,0,1,1,0,0,1,1,0
24.640788,1,0,1,1,0,0,1,0,0
24.642698,1,1,1,0,0,0,1,1,1
24.645547,1,0,1,1,1,1,0,1,1
24.648977,0,0,0,0,0,0,0,0,1
24.651448,1,0,0,1,0,1,1,0,0
24.658513,1,1,0,0,1,0,1,1,0
24.667763,0,1,0,1,1,1,1,0,0
24.672059,1,0,1,0,0,1,1,0,0
24.681749,0,0,0,0,0,0,1,1,0
24.682749,1,0,1,1,1,1,0,1,0
24.684686,0,1,1,0,1,0,0,1,1
24.687797,0,0,1,0,0,0,0,1,1
24.691650,1,0,1,1,1,1,1,1,0
24.695556,0,0,1,1,0,1,0,1,1
24.698356,0,0,0,1,1,0,1,0,0
24.702856,1,1,0,1,0,0,0,0,0
24.710157,1,0,0,0,0,0,1,0,0
24.718032,1,0,0,0,1,0,0,0,0
24.727185,0,0,1,1,1,1,1,1,0
24.733328,1,1,1,1,1,1,0,0,0
24.739575,0,0,0,1,1,1,0,1,0
24.747198,0,1,0,0,1,0,1,1,0
24.748854,1,1,1,0,0,0,1,0,1
24.758654,0,0,0,0,0,1,1,0,1
24.761443,1,0,0,0,0,0,0,1,1
24.764715,1,1,0,1,1,1,1,1,0
24.771267,0,0,0,0,0,0,0,0,1
24.778946,1,0,1,0,0,0,0,1,0
24.784221,0,1,1,1,0,0,0,0,1
24.787246,1,1,1,0,0,0,0,1,1
24.792527,1,0,0,1,1,0,1,0,1
24.795613,0,0,0,1,0,1,0,1,1
24.800213,1,0,1,1,1,0,1,0,1
24.803463,0,0,1,0,1,0,0,0,1
24.806360,1,1,1,1,0,0,1,0,0
24.812045,1,1,0,1,1,0,1,0,1
24.821737,0,1,1,1,1,1,0,0,1
24.823988,0,0,0,0,1,1,1,0,1
24.829859,0,1,1,1,0,1,0,1,1
24.831200,1,1,1,0,1,0,1,0,0
24.840341,0,1,0,1,0,1,0,1,1
24.846095,0,1,0,1,0,1,1,1,1
24.855023,1,1,0,1,0,1,1,1,1
24.860037,0,0,0,1,0,0,0,1,1
24.865690,1,0,1,0,1,0,0,0,1
24.871705,1,0,0,0,0,1,0,0,1
24.874678,0,0,0,0,1,1,1,1,0
24.877016,1,0,1,0,0,0,1,1,1
24.878294,0,0,1,0,0,1,1,0,0
24.884638,1,0,0,1,0,0,1,0,0
24.889141,0,1,1,1,1,0,0,1,1
24.891139,1,0,1,1,1,1,0,1,0
24.897886,1,0,0,0,1,1,1,1,1
24.899133,0,0,0,0,0,0,1,0,0
24.909107,1,0,1,1,1,0,1,1,0
24.915793,1,0,1,1,0,0,0,0,0
24.920365,0,1,0,1,1,1,1,0,1
24.928498,0,1,1,0,0,1,1,1,0
24.932140,0,0,0,1,0,0,0,1,1
24.940640,1,1,0,1,1,1,0,1,0
24.949610,0,0,1,1,1,1,0,1,0
24.958902,0,1,1,0,1,0,0,1,0
24.962547,0,0,0,0,1,0,0,0,1
24.971990,0,1,1,0,1,0,0,1,0
24.975958,0,0,1,0,0,1,0,0,1
24.978156,0,0,0,0,0,0,1,1,1
24.980013,0,1,1,0,0,0,0,0,0
24.988516,0,1,0,0,0,1,1,1,0
24.997730,1,0,1,0,1,1,0,1,1
25.003751,0,1,1,0,0,0,0,0,1
25.009500,1,1,1,0,1,0,0,1,1
25.019067,1,0,0,1,1,1,0,1,1
25.021828,1,1,1,0,0,0,0,0,1
25.028228,1,1,1,1,1,1,1,1,1
25.037721,0,1,1,1,0,0,1,0,1
25.043491,0,1,0,0,0,0,1,0,0
25.046748,1,1,0,1,0,0,0,0,0
25.052789,1,0,1,1,0,0,1,0,1
25.054725,0,0,0,0,0,0,1,1,1
25.057539,1,1,0,0,1,1,0,1,0
25.062294,1,0,0,1,1,0,0,0,1
25.069450,0,1,0,1,1,0,0,1,0
25.079262,1,0,0,0,1,0,1,1,1
25.086189,0,1,1,0,0,1,0,1,1
25.087243,0,1,0,0,1,1,0,0,1
25.095330,0,1,1,0,1,0,0,1,0
25.097317,0,0,0,1,0,1,0,0,1
25.103317,1,1,0,0,1,1,1,1,1
25.112581,0,1,0,0,0,0,1,0,1
25.119335,1,0,1,1,1,1,0,1,0
25.122046,0,1,0,1,0,0,1,0,1
25.130921,1,0,0,0,1,0,1,1,1
25.135030,0,0,0,0,0,1,1,1,0
25.137777,0,1,1,1,0,0,0,0,0
25.140653,1,1,0,1,1,0,0,0,1
25.144878,1,1,1,1,0,1,1,1,1
25.149238,0,0,0,1,0,1,0,1,0
25.150238,1,0,0,1,1,1,0,1,1
25.158693,1,0,0,0,0,0,1,1,0
25.159751,1,0,0,0,1,0,1,1,1
25.168654,1,0,1,0,1,0,1,1,0
25.171753,0,1,0,1,0,0,1,0,1
25.178059,1,0,1,1,1,0,0,1,1
25.186473,1,0,1,1,0,0,1,0,0
25.188476,0,0,1,1,0,0,1,0,1
25.195314,1,1,1,1,1,0,1,0,1
25.201635,0,0,0,0,0,0,0,1,1
25.210258,0,1,0,1,1,0,0,0,1
25.220000,1,0,0,0,1,0,0,1,0
25.228940,0,0,0,1,0,1,1,1,1
25.237311,0,0,0,0,0,0,1,1,0
25.242498,1,1,1,0,0,0,1,1,0
25.251773,1,1,0,0,1,1,1,1,0
25.255557,0,0,0,0,1,0,1,0,1
25.264161,1,1,0,0,1,0,1,1,1
25.274016,0,1,1,1,0,1,1,1,0
25.278208,1,0,0,0,1,1,0,0,0
25.281609,1,0,0,0,1,1,0,1,1
25.285131,1,0,1,1,0,0,0,1,1
25.288327,0,1,1,0,1,0,0,0,0
25.297983,0,1,1,0,1,1,1,1,0
25.300688,0,0,1,1,0,0,1,1,0
25.309402,0,1,1,0,0,0,1,0,1
25.317240,1,1,1,0,1,0,1,1,1
25.322995,0,1,0,0,0,0,1,1,1
25.328456,0,1,0,1,1,1,1,0,1
25.336817,1,1,0,0,0,1,0,1,1
25.344405,0,0,0,0,1,1,0,0,0
25.346983,0,1,1,1,0,1,0,0,0
25.350000,0,0,1,0,0,1,1,1,0
25.359231,1,1,0,1,0,1,1,0,0
25.368653,1,1,1,0,1,0,1,0,1
25.374748,0,1,0,1,1,1,1,1,0
25.377924,0,0,1,1,0,0,1,0,0
25.384806,0,0,1,1,0,1,1,1,0
25.388904,0,0,1,0,0,0,0,0,0
25.394224,0,1,0,1,0,0,0,0,1
25.400144,1,1,0,1,1,1,0,1,1
25.409907,1,1,1,1,0,1,1,1,0
25.417832,0,0,0,0,1,0,0,0,0
25.427303,1,0,1,1,0,0,0,1,1
25.436451,0,0,0,0,1,1,0,0,0
25.438362,0,0,1,1,0,1,1,0,0
25.444548,1,1,0,1,0,1,0,0,0
25.448435,1,1,1,1,0,1,0,0,0
25.456825,0,1,0,0,1,1,1,0,0
25.460369,0,1,0,0,1,1,1,0,0
25.468119,0,1,1,1,0,0,1,0,0
25.473386,1,0,1,1,1,1,0,1,0
25.475813,1,1,0,0,0,1,1,1,1
25.484076,1,0,1,1,1,1,1,1,0
25.493933,0,0,1,1,0,0,0,0,0
25.501434,1,0,1,1,1,0,1,1,1
25.504916,0,1,1,0,0,0,1,1,1
25.508187,0,0,1,1,1,1,0,0,1
25.513213,1,1,1,1,0,1,1,1,0
25.521416,1,0,0,0,0,1,1,0,1
25.531102,0,1,1,1,0,0,1,1,0
25.540476,0,1,0,0,1,1,0,1,0
25.549257,0,1,0,1,0,1,1,0,1
25.555196,0,0,0,0,1,0,1,1,0
25.559358,0,0,1,1,0,1,1,1,0
25.560873,1,1,1,0,0,0,0,0,1
25.564201,0,1,0,0,1,0,1,1,0
25.565453,1,1,1,0,1,0,1,0,0
25.574395,1,1,1,1,0,0,0,0,0
25.583920,0,0,1,1,0,1,1,1,0
25.590967,0,0,0,1,1,1,1,0,0
25.599455,1,0,0,0,0,1,1,1,0
25.600911,1,0,1,0,1,1,1,0,1
25.603506,0,1,0,0,1,1,0,0,0
25.611907,0,0,0,0,0,1,0,1,0
25.620587,1,1,0,0,0,0,0,0,0
25.626423,1,0,0,1,1,1,0,1,1
25.627783,1,0,1,1,1,0,0,1,0
25.632494,1,0,0,1,1,1,0,1,1
25.642208,1,0,0,0,0,0,1,1,0
25.644108,1,1,0,1,1,0,0,0,1
25.650498,0,1,0,1,0,0,0,0,0
25.659010,1,0,0,1,1,1,1,1,1
25.665860,1,0,0,0,1,0,1,1,0
25.674680,1,0,0,0,1,0,1,0,0
25.676272,0,0,0,1,1,0,0,1,1
25.683422,1,0,1,1,0,0,0,0,1
25.689769,1,0,0,1,0,1,0,0,0
25.693801,0,1,1,0,0,1,0,0,0
25.703367,0,1,1,0,1,0,0,0,0
25.710932,1,0,1,0,0,0,0,1,1
25.719852,0,1,1,1,0,0,0,0,0
25.724358,0,0,1,1,1,1,0,0,0
25.730635,1,1,1,0,1,1,1,1,0
25.735789,0,0,0,0,0,1,1,0,0
25.745416,0,1,0,0,0,1,0,0,1
25.748855,0,0,1,0,0,0,1,0,0
25.754175,1,0,0,0,1,0,0,1,1
25.755844,0,0,0,0,1,1,0,1,1
25.764103,0,0,0,0,1,0,0,1,0
25.771802,0,0,0,1,0,1,1,0,1
25.775567,0,1,0,1,0,0,1,1,0
25.782674,0,0,1,0,0,1,1,1,1
25.784010,1,1,0,0,1,0,0,1,0
25.791158,1,0,1,1,1,1,1,0,0
25.795415,1,0,0,1,0,1,1,1,1
25.803438,1,1,0,0,1,0,0,1,0
25.809148,1,1,1,0,0,0,1,1,1
25.815632,0,1,1,1,0,1,0,0,1
25.822124,1,0,1,1,1,0,0,1,0
25.823529,1,1,1,1,0,0,0,1,0
25.833500,0,1,1,0,1,0,1,0,1
25.842673,1,1,0,1,0,0,1,1,0
25.847901,1,0,0,1,0,1,0,1,1
25.854958,1,1,0,1,1,0,1,0,0
25.856778,0,1,0,0,0,1,0,0,0
25.866132,1,0,1,1,0,0,0,1,0
25.869573,1,0,1,1,1,1,1,1,0
25.879295,1,1,0,0,1,1,1,0,1
25.888197,1,0,0,0,1,0,1,0,0
25.895559,0,0,1,1,1,0,1,1,0
25.903542,0,1,1,0,1,1,0,1,1
25.908913,0,0,0,1,0,0,1,0,0
25.916727,0,0,1,1,0,1,0,0,0
25.922565,1,1,1,1,1,1,1,1,0
25.928288,0,1,1,0,0,0,1,1,1
25.934251,0,0,0,1,0,1,1,1,0
25.944168,0,0,1,1,1,1,1,1,1
25.953934,0,1,1,1,0,1,1,1,1
25.961731,0,0,0,0,0,1,0,0,0
25.963078,0,1,1,0,0,1,0,1,0
25.968380,1,1,1,1,0,0,0,0,0
25.974735,0,1,0,1,0,0,0,1,0
25.982679,1,0,1,1,1,1,0,0,1
25.985068,1,0,0,1,0,0,1,0,1
25.990799,1,1,1,1,0,1,0,1,0
25.996577,1,0,1,1,0,1,1,1,1
26.004003,1,1,0,1,1,1,1,0,1
26.006084,1,1,0,0,1,0,1,0,1
26.007367,1,0,1,1,0,1,0,1,1
26.011269,1,0,1,1,1,0,0,0,1
26.021079,1,1,0,1,1,0,0,0,1
26.029996,0,1,0,0,0,0,1,1,0
26.039105,0,1,0,1,1,1,1,1,0
26.043402,0,1,0,1,0,0,0,1,1
26.048728,1,1,0,1,1,0,0,1,0
26.049804,1,0,0,1,0,1,0,0,0
26.056460,1,0,1,1,1,1,0,0,0
26.060575,0,0,0,1,1,0,1,0,1
26.069367,0,1,1,0,0,0,1,1,1
26.074173,0,0,0,1,1,0,1,0,1
26.077732,0,1,1,0,1,1,0,1,1
26.085850,1,0,0,0,1,1,1,1,0
26.091456,1,0,1,1,0,1,1,1,1
26.094160,1,0,0,0,0,1,0,0,1
26.095385,1,0,0,0,0,0,0,1,0
26.103017,0,1,1,1,0,0,0,1,0
26.112918,0,1,0,1,1,1,1,1,1
26.118228,1,0,1,0,0,1,0,0,0
26.119508,0,0,1,0,1,0,0,0,0
26.125417,1,0,1,1,0,1,1,0,1
26.127921,1,0,1,0,0,0,0,0,1
26.134569,0,1,0,0,0,1,1,0,0
26.144178,0,0,1,1,0,1,1,0,0
26.151443,1,1,1,0,1,1,1,0,1
26.153539,1,1,1,1,0,0,0,1,0
26.162650,0,0,0,0,1,1,1,1,0
26.171282,0,1,0,0,0,0,1,1,0
26.177110,1,0,0,1,1,1,0,0,0
26.183033,1,1,0,0,1,0,1,0,0
26.187938,0,1,1,0,0,0,1,0,1
26.190462,0,0,0,0,0,1,0,0,0
26.193715,0,0,0,0,1,0,0,1,0
26.195473,0,1,0,1,0,0,1,0,0
26.199506,1,0,0,0,1,1,0,1,0
26.206333,0,1,1,0,1,1,1,0,1
26.208689,1,0,1,0,0,1,0,1,0
26.215247,0,1,1,1,0,1,1,0,0
26.219630,0,0,0,0,1,1,0,1,0
26.228416,1,1,1,1,0,1,0,0,0
26.236875,0,1,0,0,1,1,0,1,1
26.244193,1,1,0,0,1,0,1,1,1
26.251026,0,0,1,0,1,1,0,1,0
26.256291,0,1,0,0,0,0,1,1,1
26.257757,1,0,0,1,0,0,0,0,0
26.259006,1,0,1,0,1,1,0,1,0
26.266730,1,0,0,0,0,1,1,0,0
26.270572,1,0,0,0,0,1,0,0,0
26.275150,1,0,0,0,0,1,0,0,0
26.280338,0,1,0,0,1,1,1,1,0
26.284615,0,0,1,0,1,0,1,1,1
26.291800,0,0,1,0,1,0,0,0,0
26.296744,1,0,1,1,1,1,1,1,1
26.297919,0,1,1,1,0,1,1,1,1
26.301073,1,0,0,0,0,0,1,1,0
26.304659,0,0,1,0,0,1,1,0,1
26.308992,0,0,0,0,1,1,1,1,0
26.312481,0,0,1,0,0,0,0,1,1
26.316843,0,0,0,1,1,0,0,0,0
26.318117,0,1,0,0,0,1,0,0,1
26.325647,0,1,1,0,1,1,1,1,1
26.332452,0,0,0,0,0,0,0,1,0
26.340438,0,1,1,0,0,1,1,0,0
26.347986,1,1,1,1,1,1,0,0,1
26.356974,1,1,0,0,0,0,1,1,1
26.359499,1,1,0,0,0,0,1,0,0
26.364449,1,1,0,0,1,0,1,0,0
26.368493,0,1,1,0,1,1,1,0,0
26.377266,0,1,0,1,0,0,0,0,1
26.380401,1,1,1,0,0,1,1,0,1
26.385874,0,1,0,1,0,0,0,1,1
26.391516,0,0,1,0,1,1,1,1,1
26.397016,1,0,1,0,1,0,0,0,0
26.406610,1,1,1,0,0,0,1,0,1
26.415870,1,0,0,0,0,1,0,1,1
26.423416,0,0,0,0,1,0,1,1,0
26.424648,1,1,0,1,0,1,0,1,1
26.426172,0,1,0,1,1,0,1,1,0
26.431026,0,1,0,1,0,0,1,1,0
26.438001,0,1,0,0,1,1,1,0,0
26.445857,1,1,0,1,0,1,1,1,0
26.455678,0,0,0,1,0,0,0,0,0
26.458456,0,1,0,0,1,0,1,0,0
26.465711,0,1,1,0,1,0,0,1,0
26.470103,1,0,0,0,1,1,0,0,1
26.474008,1,1,0,0,0,0,1,1,0
26.483443,1,1,0,1,1,1,1,1,1
26.485112,1,0,1,1,1,0,1,0,0
26.489849,1,1,0,0,0,0,0,1,0
26.498778,0,0,1,0,1,1,0,1,1
26.507624,0,0,1,1,0,1,0,1,0
26.510957,0,1,1,0,1,1,1,0,1
26.512306,0,0,0,0,0,1,0,0,0
26.517574,1,1,1,1,0,1,1,1,1
26.526611,0,1,0,1,0,1,0,1,0
26.534574,1,0,1,0,0,0,1,0,1
26.537861,0,1,0,1,1,0,0,1,1
26.547473,0,0,0,0,1,1,0,1,1
26.553797,1,0,0,1,0,1,0,1,1
26.557283,1,0,0,0,1,1,0,1,1
26.562814,1,1,0,1,0,0,1,1,1
26.564511,0,1,0,1,1,1,1,0,1
26.570341,0,1,1,0,0,1,0,1,1
26.575209,1,0,1,1,1,1,0,0,1
26.576688,0,1,1,0,1,0,1,0,1
26.584195,1,0,1,0,1,0,0,1,1
26.592273,1,1,0,0,1,1,1,1,0
26.600383,0,0,1,0,1,0,0,0,1
26.603334,1,0,1,1,0,1,1,1,1
26.610984,1,0,0,0,1,1,1,1,0
26.616008,1,1,0,0,1,0,0,0,1
26.624711,1,1,0,0,0,0,0,1,0
26.632120,0,0,1,1,0,0,1,0,0
26.641377,1,0,0,1,1,0,1,1,1
26.643520,1,0,0,0,0,0,0,0,1
26.644742,0,1,1,1,0,0,0,1,0
26.649324,1,0,0,1,0,1,0,0,0
26.651173,1,0,0,1,0,0,0,1,1
26.660305,0,0,1,0,0,1,1,1,1
26.664371,1,0,1,1,1,1,0,1,1
26.669976,1,1,1,0,0,1,0,1,1
26.673344,0,1,1,1,0,1,0,0,1
26.675354,0,1,1,0,0,0,1,0,1
26.684266,1,1,1,0,0,1,1,1,1
26.686731,1,0,0,0,1,1,0,0,0
26.694509,1,1,0,1,1,1,1,1,1
26.704007,1,1,0,1,1,0,0,1,0
26.712628,1,0,1,1,1,0,1,1,0
26.721077,0,0,1,1,1,1,1,1,0
26.729368,0,0,1,1,1,1,1,1,1
26.739015,0,1,1,0,0,0,0,0,1
26.741616,1,0,0,1,0,1,1,1,1
26.745105,1,0,0,1,1,0,0,1,0
26.753152,0,0,0,1,0,0,0,1,1
26.756356,0,1,1,0,0,1,1,1,0
26.766264,0,0,0,0,0,0,0,0,1
26.770395,0,1,0,1,0,0,0,0,0
26.778950,0,0,0,1,1,1,1,0,0
26.786798,0,0,0,1,0,0,1,0,1
26.793306,1,1,0,1,0,0,1,0,0
26.797158,1,0,0,0,0,0,1,0,0
26.802533,1,0,0,1,1,1,1,1,1
26.808981,0,0,1,0,1,0,1,0,1
26.817577,0,0,0,0,0,0,1,0,1
26.822307,0,0,1,0,0,1,1,1,0
26.827951,1,0,0,1,0,0,0,0,0
26.834005,0,0,0,0,1,1,0,1,1
26.839300,0,1,0,1,0,0,0,0,1
26.848939,1,1,0,1,0,0,1,1,0
26.857631,1,1,1,1,0,1,0,1,0
26.864175,1,0,0,0,0,1,0,0,1
26.869675,0,0,0,0,0,1,0,0,1
26.872717,1,1,0,1,1,1,1,0,1
26.882671,0,1,1,1,1,0,1,1,1
26.887402,0,0,0,0,1,0,1,0,0
26.896921,1,1,0,0,0,0,0,0,1
26.906450,0,1,1,0,1,0,0,1,0
26.912257,1,1,0,0,0,1,0,1,0
26.917748,1,1,1,1,1,0,1,0,1
26.923895,0,1,1,0,0,1,1,1,1
26.926736,1,1,0,0,1,1,1,1,0
26.932840,1,0,0,1,0,1,1,0,0
26.938948,0,0,0,1,0,0,1,1,1
26.943351,1,0,1,1,0,1,0,0,1
26.946843,1,0,1,1,0,1,0,1,1
26.952723,0,1,1,1,1,0,0,1,0
26.956169,1,1,0,0,0,0,1,1,1
26.960226,0,0,1,1,1,1,1,0,0
26.966620,0,0,1,1,1,0,1,0,0
26.968133,0,1,0,0,1,1,0,1,1
26.972441,0,1,1,0,1,1,1,0,0
26.975291,0,0,0,1,1,1,0,1,0
26.976976,1,0,0,0,1,0,1,0,1
26.979706,0,0,0,1,1,1,1,1,0
26.988334,0,0,1,0,1,1,0,0,0
26.989905,0,0,0,0,1,1,1,0,0
26.996482,1,0,1,0,0,1,1,1,0
27.001237,0,0,0,0,0,0,0,0,1
27.003973,1,0,0,1,0,1,1,0,1
27.009153,1,1,1,1,1,1,1,1,0
27.018884,0,1,0,1,1,1,1,0,0
27.020130,1,0,1,1,1,0,1,1,1
27.026797,1,1,1,1,0,1,1,0,0
27.032153,1,1,0,1,0,0,1,0,1
27.033491,0,0,1,1,0,0,1,1,0
27.039902,0,0,0,1,1,1,0,0,1
27.043560,1,1,1,1,0,0,1,1,0
27.046861,0,1,1,0,0,0,1,1,1
27.055513,0,1,1,1,1,0,1,1,0
27.063883,1,1,1,1,1,1,0,1,0
27.065101,0,0,1,1,0,0,1,1,0
27.074516,1,1,1,1,0,1,1,0,0
27.082133,1,1,0,0,1,1,1,1,1
27.090888,1,1,0,1,0,1,1,1,0
27.098982,1,1,0,1,1,1,0,0,1
27.106249,1,0,1,1,1,0,1,1,0
27.114761,1,0,1,0,1,0,1,1,0
27.119316,1,1,1,1,1,1,1,0,0
27.120831,0,0,1,0,0,1,0,0,1
27.123148,1,0,1,0,0,0,0,0,0
27.131007,0,0,0,0,1,0,0,1,0
27.132959,1,0,1,1,0,0,0,1,1
27.134359,0,1,1,1,1,1,0,0,0
27.140942,1,0,1,1,0,1,0,0,1
27.143318,0,1,0,0,0,0,0,1,0
27.147288,0,1,1,1,0,0,0,0,0
27.156457,1,0,1,1,0,0,0,0,0
27.163224,0,1,1,1,1,1,0,1,1
27.166761,0,0,1,1,1,1,1,0,0
27.173257,0,1,0,1,0,1,1,0,1
27.176013,0,1,1,1,0,1,0,0,0
27.185460,0,1,1,0,0,0,1,1,1
27.188079,1,0,1,0,0,0,0,1,1
27.194799,1,0,1,0,0,0,1,0,0
27.203966,0,1,1,1,1,1,0,1,1
27.207535,0,1,0,0,1,0,1,1,0
27.212324,1,0,1,1,0,1,1,1,0
27.221169,1,0,1,0,1,1,1,0,1
27.229616,1,0,0,0,0,1,1,1,0
27.236354,1,0,1,1,0,1,1,0,1
27.242594,0,1,0,1,0,0,1,0,0
27.251333,0,0,0,0,0,1,1,0,0
27.260973,0,1,1,0,0,0,1,0,1
27.264079,1,0,0,0,0,0,1,1,1
27.273926,1,1,0,0,0,0,0,0,0
27.276894,0,1,1,0,1,0,0,0,0
27.286350,0,0,1,1,1,0,1,1,0
27.292405,1,0,1,0,1,0,0,1,1
27.294106,0,0,0,1,1,1,0,1,0
27.300828,1,0,0,0,0,0,1,1,1
27.302539,1,1,1,1,1,1,1,1,0
27.311598,1,1,1,0,0,1,0,0,0
27.315400,0,1,0,1,0,0,0,1,1
27.317083,1,1,0,0,1,0,0,0,1
27.322541,0,0,0,1,0,1,1,1,0
27.328189,1,1,0,0,1,0,1,0,0
27.337824,1,1,1,0,1,1,0,0,1
27.345796,0,0,1,0,1,1,0,0,1
27.354339,0,0,1,0,1,0,0,1,0
27.357660,0,0,1,1,1,1,0,0,1
27.362718,1,0,1,0,0,1,1,1,1
27.365737,1,0,0,0,1,0,0,1,0
27.369732,1,0,0,1,0,0,0,1,1
27.371567,0,0,1,1,0,0,1,0,1
27.377995,1,0,0,0,0,0,0,0,0
27.379411,1,1,0,0,1,1,1,0,1
27.386242,0,1,0,0,1,1,0,1,0
27.387876,0,0,1,1,0,0,1,1,0
27.392371,0,0,0,1,1,0,1,1,1
27.398984,1,1,1,1,0,1,0,0,1
27.403149,0,0,0,1,1,1,1,1,0
27.407154,1,1,0,1,0,1,0,0,1
27.413417,1,0,0,0,0,1,1,1,1
27.414712,1,0,1,1,0,0,0,1,1
27.422089,1,1,0,0,0,1,1,1,0
27.425852,0,0,1,0,0,0,1,1,1
27.435666,0,0,1,1,0,0,1,1,1
27.440392,1,1,0,1,1,0,1,1,1
27.445915,1,1,0,1,0,1,1,0,0
27.450915,1,0,0,0,0,1,0,1,0
27.454644,0,1,0,0,0,0,0,0,0
27.461482,0,1,0,1,0,0,0,1,0
27.467253,0,0,0,1,1,0,1,1,1
27.469685,0,0,1,0,0,0,0,1,1
27.470995,1,0,1,1,1,0,0,0,0
27.475785,1,1,1,0,1,1,0,0,1
27.482255,1,1,0,0,1,1,1,0,1
27.492075,0,1,1,1,0,1,1,1,0
27.494624,1,1,1,0,1,0,0,1,0
27.496832,0,1,0,1,1,0,0,1,1
27.497961,0,1,0,1,1,1,1,0,1
27.506083,0,1,1,1,1,1,1,1,1
27.513902,0,0,0,0,0,1,1,0,1
27.521529,0,1,0,0,0,0,0,1,1
27.524212,1,1,1,0,0,1,0,1,0
27.531135,1,1,1,1,1,0,1,0,1
27.540519,0,1,1,0,0,1,1,0,1
27.543103,1,1,0,1,0,1,1,1,1
27.551306,0,0,0,1,0,0,1,0,1
27.554415,1,1,1,1,1,1,1,1,0
27.563677,1,0,0,0,1,1,0,1,1
27.567021,1,1,0,1,1,0,1,0,0
27.573902,1,0,0,1,0,1,1,0,1
27.575578,1,0,0,0,0,0,0,1,1
27.582133,1,1,0,0,0,1,0,0,0
27.583158,1,0,0,0,1,0,0,0,1
27.589023,0,0,0,1,1,1,1,0,1
27.590601,0,1,0,1,0,0,0,1,0
27.594205,0,1,1,1,1,1,1,1,0
27.603642,0,0,0,1,1,1,0,1,0
27.609162,0,1,0,0,0,0,1,1,0
27.612924,1,0,0,0,0,0,1,1,1
27.614214,0,1,1,1,1,1,0,0,1
27.618607,1,0,1,0,1,0,0,0,0
27.626981,1,0,1,0,1,1,1,0,1
27.632051,0,0,0,0,0,1,0,1,0
27.636156,1,1,0,0,0,1,0,1,1
27.643553,1,0,0,0,0,1,0,1,0
27.644553,0,0,1,1,0,1,0,1,0
27.654113,0,0,1,1,0,0,1,0,1
27.656927,1,1,1,1,1,1,1,1,0
27.663132,0,0,1,1,1,1,0,1,1
27.669888,1,0,0,0,0,0,0,1,1
27.676198,1,0,1,1,0,1,0,1,0
27.685322,0,1,0,1,0,0,0,1,0
27.686822,0,1,0,1,0,1,1,1,0
27.694134,1,1,0,1,1,1,1,0,1
27.703773,0,1,0,1,1,1,1,0,0
27.713145,1,0,0,1,0,0,1,0,1
27.718305,0,1,1,1,1,1,1,1,1
27.726219,1,0,0,1,1,1,1,1,0
27.733389,1,1,1,1,1,1,0,0,1
27.741273,0,1,1,0,0,0,1,0,0
27.750618,1,1,0,1,1,0,1,1,1
27.759241,0,0,1,1,1,0,1,1,1
27.761795,0,1,0,1,0,0,0,1,1
27.768982,0,0,0,1,0,1,1,0,1
27.771176,1,1,1,0,0,0,1,0,1
27.779864,1,1,1,1,1,0,1,1,1
27.785042,1,1,0,0,0,0,0,1,1
27.792390,0,0,1,0,0,1,0,1,0
27.796067,1,0,1,0,1,1,1,0,1
27.798898,1,0,1,0,1,0,1,0,0
27.803359,1,0,1,1,0,1,0,0,0
27.810188,0,1,0,1,1,0,0,1,1
27.816635,0,1,0,0,0,0,0,1,1
27.820954,1,0,0,0,1,0,1,0,1
27.829490,1,1,1,0,0,0,0,0,0
27.834835,1,1,0,1,0,1,1,0,0
27.839656,1,0,1,0,1,1,1,0,0
27.846938,0,1,0,0,1,1,0,0,1
27.852711,1,0,0,0,0,0,0,0,0
27.859379,1,1,1,0,1,1,1,1,0
27.866759,0,0,1,0,0,0,1,0,1
27.870544,1,0,1,1,1,0,0,1,0
27.876547,1,0,1,0,1,0,1,0,1
27.882938,1,0,0,1,0,1,1,0,0
27.886239,1,0,0,1,1,0,1,1,0
27.893095,1,1,0,1,1,0,0,1,1
27.898159,1,1,0,0,0,0,1,0,0
27.906559,0,0,1,1,0,0,1,0,1
27.911453,0,0,0,1,1,0,1,1,1
27.919203,0,0,0,0,1,1,0,1,1
27.920906,1,0,1,1,0,1,1,1,1
27.930173,0,0,1,0,1,1,0,0,1
27.932406,1,1,0,0,0,0,0,0,1
27.934468,0,1,1,0,0,1,0,0,1
27.943421,0,1,0,0,1,1,0,1,0
27.952907,0,0,0,1,1,1,0,1,0
27.956644,0,0,1,0,0,0,0,1,0
27.962160,0,0,1,1,0,0,0,1,1
27.969257,1,1,1,0,1,1,1,1,1
27.977824,0,0,1,0,0,0,0,1,0
27.983504,0,0,0,0,0,0,1,1,1
27.992066,1,1,0,0,0,1,0,1,0
27.999573,1,0,1,0,0,0,0,0,0
28.001356,0,1,1,1,1,1,1,1,1
28.008740,0,1,1,1,0,0,1,0,0
28.016865,1,1,0,1,0,0,1,0,0
28.023627,0,0,1,1,1,0,1,0,1
28.028064,1,1,0,1,1,0,1,0,0
28.035506,0,0,0,1,0,0,1,1,1
28.040134,1,1,0,1,0,0,1,0,0
28.046423,0,1,0,1,1,0,0,1,0
28.053555,1,0,1,0,1,0,0,0,1
28.057372,1,1,0,0,1,1,1,0,0
28.066100,1,1,1,0,1,1,0,0,0
28.067395,1,1,0,1,1,1,0,0,1
28.075414,1,1,1,0,1,0,0,1,1
28.081423,0,1,1,0,1,1,0,0,0
28.090298,1,0,1,1,0,0,1,1,0
28.098760,1,0,1,0,1,0,0,0,0
28.100979,0,0,0,0,1,0,1,1,1
28.106781,1,1,0,0,0,1,0,0,0
28.110124,0,0,0,1,1,0,1,0,1
28.111524,1,1,1,1,1,0,1,1,0
28.113354,1,1,1,0,0,1,0,1,0
28.120508,0,0,0,1,1,0,1,0,0
28.122091,1,0,0,0,0,0,0,0,1
28.125224,0,0,0,1,1,1,0,0,0
28.135198,1,0,1,0,1,1,0,0,1
28.137198,0,0,0,1,0,1,1,0,0
28.145716,1,1,1,1,1,1,0,1,1
28.146794,1,0,1,1,0,1,1,0,0
28.149711,1,0,0,0,0,1,0,0,1
28.155191,1,1,1,1,1,0,1,1,1
28.160960,0,0,0,0,0,1,0,0,0
28.164729,0,0,1,1,0,1,0,0,1
28.169358,0,0,1,1,0,0,0,1,0
28.174995,0,0,0,0,0,0,1,1,1
28.177713,1,1,1,1,0,1,1,0,1
28.184599,1,1,1,0,1,1,0,1,1
28.190283,1,1,1,1,1,0,0,1,1
28.199441,1,1,0,1,0,1,0,1,1
28.207914,1,0,1,0,0,0,0,1,0
28.211002,0,0,0,1,0,1,0,1,0
28.218265,0,0,1,1,0,0,0,0,0
28.225185,1,0,1,1,1,0,0,0,0
28.233083,1,1,0,1,1,1,0,0,0
28.241873,1,0,0,0,0,1,0,0,0
28.245092,1,1,1,1,0,1,1,0,0
28.248280,0,0,1,1,0,1,0,0,0
28.249280,0,1,1,1,0,1,0,1,0
28.255378,1,1,1,0,0,1,1,0,1
28.264698,1,0,1,1,1,1,1,1,0
28.272848,0,1,0,0,0,1,1,1,0
28.276714,0,0,0,1,1,0,0,1,0
28.283644,0,1,1,1,0,1,0,0,1
28.286091,0,0,1,1,1,0,1,1,0
28.291897,1,0,0,1,1,1,0,1,1
28.299899,0,0,0,1,1,1,0,1,1
28.300955,1,0,1,1,0,0,1,0,1
28.310046,0,1,0,0,1,0,1,1,0
28.319706,1,0,0,0,1,1,0,0,0
28.324569,1,0,1,1,1,0,0,1,0
28.329307,1,0,0,0,0,0,1,1,1
28.330903,0,1,0,1,0,1,1,1,0
28.338070,1,0,1,1,1,0,1,0,1
28.342362,0,0,0,1,1,1,1,1,0
28.349831,0,0,0,0,1,0,0,1,0
28.351158,1,0,0,1,1,0,1,1,1
28.358861,0,1,0,0,0,1,0,1,0
28.365879,0,0,1,1,0,1,0,0,0
28.366897,1,0,1,0,0,1,1,1,1
28.373979,0,0,0,1,0,0,0,0,1
28.382292,0,0,1,1,0,0,1,0,1
28.389385,1,0,1,1,1,0,0,0,1
28.396360,1,1,0,1,0,1,1,0,1
28.398528,1,1,1,1,0,1,0,0,0
28.405924,1,0,1,1,1,1,0,1,1
28.415667,1,0,0,0,1,1,1,1,1
28.418261,0,0,0,1,0,0,0,1,1
28.422816,0,1,0,0,0,1,1,0,1
28.425283,0,1,0,0,0,0,1,1,1
28.430783,0,0,0,0,1,1,1,0,1
28.431886,0,0,1,1,0,0,1,0,1
28.432917,0,0,1,1,0,1,0,1,1
28.435159,1,1,1,1,1,1,1,1,0
28.443581,0,1,1,1,0,1,1,1,1
28.447799,0,1,1,0,1,0,0,1,1
28.456650,1,1,1,0,0,0,0,0,1
28.458212,0,1,0,1,1,0,1,1,0
28.465250,1,1,1,1,1,0,1,0,1
28.468443,0,0,0,0,0,0,1,0,1
28.473348,0,0,0,1,0,0,1,1,1
28.481315,1,0,0,1,1,0,1,1,0
28.486502,1,1,0,0,1,1,1,1,1
28.494493,1,1,1,0,1,1,1,1,0
28.503392,1,0,1,1,1,1,0,1,1
28.508328,1,1,1,1,0,1,1,0,1
28.515143,1,1,0,1,1,0,1,0,0
28.516353,1,0,0,0,0,1,1,0,0
28.517600,1,1,1,0,1,0,0,0,0
28.520631,1,0,0,0,1,0,1,1,1
28.525140,1,1,0,1,1,1,0,1,1
28.527195,1,1,0,1,0,0,1,0,1
28.534887,1,1,0,0,0,0,0,1,0
28.541116,0,0,1,0,1,1,0,1,1
28.542230,1,0,0,1,0,1,1,1,0
28.544816,1,1,1,0,1,0,0,0,0
28.548281,1,1,0,0,1,1,0,0,0
28.552725,0,1,0,0,1,0,0,1,1
28.555126,0,1,1,1,0,1,0,0,1
28.564396,1,1,0,0,0,1,1,1,1
28.567140,1,0,1,0,0,1,0,0,0
28.574297,1,1,1,1,0,0,1,1,0
28.580501,0,1,1,0,1,0,0,0,0
28.587294,0,1,0,0,0,0,1,0,0
28.589398,1,0,0,0,1,1,1,1,1
28.592072,0,1,1,0,1,1,1,0,0
28.599049,1,1,1,1,1,1,0,1,0
28.604780,1,1,1,1,0,0,0,0,0
28.606924,1,0,0,1,1,1,0,0,1
28.616595,0,0,1,1,1,0,1,0,1
28.621280,0,0,0,0,1,0,1,1,1
28.630421,1,1,0,1,0,0,1,0,0
28.632357,1,0,1,1,0,0,0,1,1
28.641197,1,1,1,1,0,1,1,0,0
28.643732,1,0,1,1,1,0,0,1,1
28.645994,1,1,0,1,1,0,0,1,1
28.649614,0,0,1,0,1,1,1,1,0
28.657032,0,0,1,1,1,1,1,0,1
28.664313,0,0,0,1,0,0,1,1,0
28.670459,0,1,1,0,1,1,0,1,0
28.675203,1,1,0,0,0,0,1,0,0
28.677322,0,0,0,0,1,0,0,1,0
28.687137,0,1,0,0,1,0,1,1,1
28.694249,1,1,1,0,1,1,1,0,0
28.695582,1,0,0,0,1,1,0,0,0
28.702478,1,1,0,1,1,1,1,0,0
28.710863,0,1,0,0,1,0,1,1,1
28.712202,1,0,0,0,1,0,0,1,1
28.715283,0,0,1,0,0,1,1,0,0
28.724591,1,0,1,0,1,1,1,0,1
28.734427,0,1,0,1,0,0,0,1,1
28.740804,0,1,1,1,1,1,0,1,0
28.744439,1,0,0,0,1,0,0,0,0
28.750159,0,0,0,1,0,1,1,1,0
28.753719,0,1,1,1,1,1,1,1,0
28.762673,1,0,1,1,0,0,1,1,0
28.767785,0,0,1,0,1,1,1,1,1
28.773144,1,1,1,0,1,1,1,1,1
28.783025,1,1,0,0,0,1,0,1,0
28.789922,0,0,0,0,0,1,1,0,0
28.798509,0,1,0,1,1,0,0,0,0
28.808347,1,1,1,1,0,1,1,1,1
28.814731,1,0,0,1,1,0,0,1,1
28.818099,1,0,0,1,1,0,1,0,1
28.821603,1,1,1,0,0,1,1,0,0
28.830852,1,0,0,0,1,0,0,0,1
28.834831,1,1,1,1,1,0,0,1,0
28.843870,1,1,0,0,0,1,1,1,0
28.845679,0,0,1,0,1,1,0,1,1
28.850829,1,1,0,1,0,1,1,1,0
28.859114,0,1,1,1,0,1,0,0,1
28.868877,1,0,1,1,0,1,0,1,1
28.876051,1,1,1,1,1,1,1,0,0
28.884336,0,1,0,0,1,1,0,1,1
28.893400,1,1,0,0,0,0,1,0,1
28.894843,0,1,1,1,1,1,1,1,0
28.900328,1,1,1,0,0,0,0,1,1
28.903257,0,1,1,1,0,0,1,0,0
28.906057,1,0,1,0,0,1,1,1,1
28.913251,0,0,1,0,1,1,1,1,0
28.921612,0,1,0,0,0,0,1,1,0
28.926066,0,1,0,1,0,0,1,0,0
28.935702,0,1,1,1,1,1,0,0,0
28.936702,0,0,0,1,0,0,1,1,1
28.941271,0,0,1,0,0,1,1,1,1
28.946688,1,0,1,0,1,0,0,0,1
28.953796,1,0,1,0,0,1,0,0,0
28.956021,0,1,0,0,0,0,1,0,0
28.958243,0,0,0,1,1,1,0,1,1
28.960772,1,0,1,0,0,1,1,1,1
28.969338,1,0,0,1,1,0,0,0,0
28.974622,0,0,0,0,1,0,0,0,0
28.981126,1,1,0,1,1,1,0,0,0
28.986880,0,0,0,1,0,1,0,1,0
28.992111,0,0,0,1,1,1,1,0,1
28.999175,0,1,0,1,1,0,1,1,1
29.000734,0,0,0,0,0,0,1,1,1
29.006491,0,1,0,1,0,1,1,0,1
29.008616,0,0,0,1,0,1,0,0,1
29.016800,1,1,1,0,1,0,1,0,0
29.023145,1,1,1,1,1,1,0,0,0
29.030905,0,1,1,1,0,1,0,1,0
29.032006,1,0,1,0,0,0,0,1,1
29.040250,1,0,0,1,0,0,0,0,0
29.049666,0,1,0,1,1,1,0,1,0
29.055976,0,1,0,1,1,1,0,1,0
29.062993,0,0,1,0,0,0,1,1,0
29.071529,0,1,0,0,0,1,0,1,0
29.074009,1,0,1,1,0,1,0,0,1
29.080769,0,0,0,0,1,1,1,0,0
29.083594,0,0,0,0,0,1,0,1,1
29.085166,1,1,1,1,1,0,0,0,0
29.091241,0,1,1,0,1,1,0,0,1
29.097583,1,0,0,1,1,1,0,0,1
29.102333,1,1,0,1,0,0,0,1,0
29.112036,0,1,1,1,1,1,1,0,1
29.116727,0,1,0,1,0,0,1,0,1
29.121046,1,0,1,1,1,1,1,1,1
29.128431,0,0,1,0,1,1,1,0,1
29.131262,0,0,0,1,0,0,1,1,1
29.134701,1,1,1,1,0,0,1,0,1
29.141497,0,0,0,1,1,0,1,0,0
29.150442,0,0,1,1,0,0,1,1,0
29.158213,1,0,1,1,0,1,1,1,0
29.166029,0,1,0,1,1,1,1,1,0
29.173834,1,0,1,1,0,0,1,0,0
29.181446,0,0,0,1,0,1,0,0,0
29.185863,0,0,0,1,1,1,1,1,1
29.192839,1,1,0,1,0,1,1,0,1
29.196411,0,1,0,1,0,1,1,0,1
29.204230,0,0,1,0,0,0,0,0,0
29.213620,1,0,1,0,1,1,1,0,1
29.214682,1,0,0,1,1,0,1,1,0
29.217300,1,0,0,1,1,0,0,0,1
29.226665,0,1,0,0,0,0,0,0,1
29.229825,0,1,0,0,1,0,1,0,1
29.236886,1,1,1,0,0,0,1,0,0
29.246348,1,1,1,0,0,1,0,0,0
29.255101,1,0,0,1,1,0,1,1,0
29.259542,0,0,0,1,1,0,0,1,0
29.264359,1,1,1,1,1,1,0,0,1
29.270641,1,0,0,1,0,1,1,0,0
29.278470,1,1,1,1,1,0,0,1,1
29.287372,1,0,1,1,0,1,1,1,1
29.293134,1,0,0,0,1,1,0,1,1
29.299534,0,0,0,1,1,1,0,0,0
29.307318,1,1,1,0,0,0,1,1,1
29.315384,1,0,0,1,0,1,0,0,1
29.320577,0,0,0,1,1,1,1,0,0
29.325259,1,0,1,0,1,0,1,1,0
29.330733,1,1,0,1,1,0,1,0,0
29.337951,0,1,0,1,1,1,1,0,1
29.339729,0,1,1,1,0,0,1,1,1
29.342331,0,1,1,1,1,0,1,1,1
29.345090,1,1,0,0,0,0,0,0,1
29.348971,0,1,1,0,1,0,1,0,0
29.352499,1,0,1,1,0,1,1,1,1
29.357499,1,1,0,1,1,1,0,1,0
29.365962,0,1,1,0,0,0,0,1,0
29.368380,0,1,1,1,1,1,1,1,0
29.374320,1,0,1,1,0,0,0,1,1
29.380990,1,0,1,1,1,0,0,1,1
29.389340,0,0,1,1,1,0,1,1,1
29.393597,0,0,0,1,1,1,0,1,0
29.396397,1,1,1,1,1,1,0,1,1
29.401960,0,1,1,0,0,1,1,1,1
29.406669,0,1,0,1,1,1,1,1,1
29.415365,0,0,0,0,0,0,1,0,0
29.424886,0,1,0,1,1,0,0,0,0
29.429998,1,0,1,0,1,0,0,1,0
29.436128,0,0,1,1,0,0,0,1,0
29.440001,1,0,1,0,1,0,0,1,0
29.443292,1,1,1,1,0,0,0,1,0
29.444961,0,1,0,1,0,1,0,1,1
29.446586,0,0,0,0,1,1,0,1,1
29.448079,1,0,0,0,0,1,0,1,1
29.453501,1,1,1,1,0,1,0,1,0
29.457702,1,0,0,1,1,1,1,1,1
29.466991,0,0,0,0,1,1,1,0,1
29.476598,0,1,0,0,1,1,0,1,1
29.480528,0,0,0,0,1,1,0,0,1
29.482355,1,1,0,1,0,1,1,1,1
29.490412,0,1,1,1,0,1,1,1,0
29.495000,0,0,1,0,1,1,1,1,0
29.501386,0,1,0,0,1,1,0,0,1
29.504833,0,0,1,1,1,0,1,1,1
29.511833,1,1,1,0,1,1,0,1,1
29.513824,1,0,0,1,1,1,1,1,1
29.515884,1,1,0,1,1,0,1,0,0
29.518483,0,1,0,1,0,1,1,1,1
29.528353,0,0,1,0,0,0,1,1,0
29.536884,1,0,0,0,0,0,0,0,1
29.539364,0,0,0,0,0,0,1,0,0
29.544558,0,0,1,1,1,1,1,1,0
29.548510,1,1,0,1,1,1,0,0,0
29.550296,0,1,1,1,0,0,0,0,0
29.558014,1,0,1,1,0,1,1,0,0
29.564741,0,0,0,1,1,0,1,1,1
29.568741,1,1,0,0,1,0,0,0,0
29.570370,1,1,1,0,1,0,0,1,0
29.575211,0,0,0,1,0,1,0,0,0
29.579005,1,0,1,1,0,0,1,1,1
29.584505,0,1,1,0,0,1,0,1,0
29.586434,1,1,0,0,1,1,1,1,0
29.589544,0,0,0,0,1,1,0,0,0
29.598552,1,0,1,1,1,1,1,0,1
29.605616,0,1,0,0,0,1,0,0,1
29.611106,1,1,1,0,0,1,1,1,0
29.614373,0,1,0,1,1,0,1,0,1
29.616191,1,1,0,1,1,1,1,0,0
29.622076,1,0,0,1,0,0,1,0,0
29.624152,1,0,1,0,1,1,1,0,0
29.629242,1,1,0,0,1,1,1,1,0
29.635112,1,1,1,0,0,0,1,0,1
29.641250,0,0,1,0,0,1,0,0,0
29.645250,0,1,0,0,0,0,1,1,0
29.647362,0,1,1,0,0,1,1,1,1
29.656362,0,0,1,0,1,1,0,0,0
29.665182,1,0,1,0,1,1,0,1,0
29.666881,1,1,0,0,1,0,1,1,0
29.673340,0,0,1,1,1,0,0,1,0
29.679802,1,0,0,1,1,1,1,1,0
29.681573,1,1,1,1,1,1,0,0,0
29.685462,1,1,0,0,1,1,1,1,1
29.688188,0,1,1,1,0,0,0,1,1
29.698000,0,1,1,1,1,1,0,1,1
29.699089,0,0,1,1,0,0,0,0,0
29.701988,1,1,1,0,1,0,0,0,0
29.703263,0,1,0,0,1,0,0,0,1
29.708536,1,1,1,0,0,0,1,0,0
29.716606,1,0,0,1,1,1,0,0,1
29.724251,0,1,0,1,1,1,1,0,0
29.731829,0,0,0,1,0,1,0,1,1
29.734380,0,1,0,0,0,1,1,0,0
29.740671,0,1,1,1,0,0,1,0,0
29.749348,1,0,0,1,1,0,0,1,0
29.754582,0,0,1,0,1,1,1,1,0
29.764082,1,1,0,0,1,1,1,0,0
29.772582,0,1,1,0,1,0,0,1,1
29.774019,1,0,0,0,1,1,0,1,0
29.782449,0,0,0,1,0,0,1,0,0
29.784589,0,0,1,0,0,0,0,1,0
29.790140,1,0,0,0,1,1,1,1,0
29.797682,0,1,1,1,1,0,0,0,0
29.799866,1,0,0,0,1,0,1,1,1
29.804257,1,1,1,1,1,0,1,1,0
29.805635,0,0,0,1,0,0,1,0,0
29.815157,0,0,0,0,0,1,1,1,0
29.820641,0,1,1,1,0,0,0,0,1
29.826528,0,0,0,0,1,1,1,1,0
29.836242,1,0,1,0,0,0,0,0,0
29.840870,1,1,0,0,0,0,0,0,1
29.846135,0,1,1,1,0,0,0,0,1
29.848477,0,0,0,0,0,1,1,0,0
29.850493,0,1,0,0,0,1,0,1,0
29.853020,1,0,1,0,1,1,0,0,0
29.856312,0,0,0,1,0,1,1,0,1
29.858011,1,1,1,0,1,0,0,1,1
29.863661,0,1,0,1,0,1,0,0,0
29.869422,1,0,0,1,0,0,1,1,1
29.871499,1,0,1,0,0,0,1,0,1
29.879540,0,0,0,1,0,0,1,0,0
29.887015,1,1,0,0,0,1,1,0,1
29.889300,1,0,1,0,1,0,1,1,1
29.891512,0,1,1,0,0,1,1,0,0
29.893418,0,0,1,0,1,1,0,0,1
29.896199,1,1,1,1,0,1,1,1,1
29.897279,1,1,1,0,0,1,1,0,1
29.907267,1,1,0,1,1,0,0,0,0
29.916194,1,0,1,1,0,1,1,0,1
29.922047,1,1,0,1,1,0,1,1,0
29.925484,1,0,0,1,1,0,1,1,0
29.931595,1,0,0,1,1,1,1,1,0
29.934120,0,1,0,1,1,1,1,0,0
29.936993,1,0,0,1,0,1,1,0,0
29.940539,1,1,0,1,0,0,1,0,1
29.941787,1,1,1,0,0,0,0,0,0
29.946833,1,1,1,1,0,0,0,1,0
29.947945,1,0,1,1,0,0,1,1,1
29.954320,1,0,1,0,1,0,0,0,0
29.956718,1,0,0,0,1,1,1,1,0
29.961061,0,0,1,0,0,0,0,1,1
29.968823,1,1,1,0,0,0,0,1,1
29.974256,0,0,0,1,1,1,0,0,1
29.978290,1,1,1,0,0,0,1,0,1
29.987831,0,0,0,0,0,0,1,0,1
29.996798,0,1,1,1,1,0,1,1,1
30.004169,0,0,1,0,0,0,1,1,1
30.011930,1,1,1,0,0,1,1,0,0
30.018813,1,0,1,1,1,0,1,0,0
30.022063,1,1,1,0,1,1,1,1,0
30.027154,1,0,1,1,1,1,0,1,0
30.032049,1,0,0,0,0,0,0,1,1
30.036526,1,0,0,0,0,0,1,1,1
30.040299,0,0,0,0,0,0,0,1,1
30.041886,1,0,1,1,1,1,0,1,0
30.046987,0,1,0,0,0,1,0,0,1
30.049482,0,0,0,1,1,1,0,0,1
30.054294,0,1,1,0,0,0,0,1,1
30.056684,1,0,0,1,1,0,0,0,0
30.059184,0,0,1,0,1,1,1,0,1
30.066821,1,0,0,1,1,1,1,1,1
30.076118,1,1,1,1,0,0,1,1,1
30.077250,1,1,0,0,1,1,1,0,1
30.083789,0,0,1,0,0,1,1,0,0
30.087361,1,0,0,0,1,0,1,0,1
30.088745,1,1,0,0,0,0,1,0,1
30.093602,1,1,0,0,0,1,1,0,0
30.097306,1,0,1,0,1,0,1,1,1
30.105661,1,1,1,1,1,0,0,1,0
30.108059,1,1,1,0,1,1,1,1,0
30.111969,1,0,1,1,1,1,1,0,1
30.115480,1,1,0,0,1,1,1,1,0
30.121809,1,1,0,1,0,0,1,0,0
30.130037,0,1,0,1,1,0,1,0,1
30.131618,1,1,0,0,0,1,0,0,1
30.137641,0,1,1,0,0,0,0,0,0
30.146748,0,1,0,1,1,1,1,0,1
30.147926,0,0,1,1,0,0,0,1,1
30.154514,1,0,1,0,0,1,1,0,0
30.159549,0,0,0,1,0,0,1,1,0
30.161089,1,0,0,1,0,1,1,0,0
30.168406,0,1,0,0,0,0,0,1,1
30.177837,0,0,0,1,0,0,1,1,1
30.180518,0,0,1,1,0,1,1,1,1
30.186042,1,1,0,1,1,0,0,1,1
30.191208,1,1,1,0,0,0,0,1,1
30.197536,0,1,1,0,1,1,1,0,1
30.207228,0,1,0,1,0,1,0,0,0
30.213252,1,1,1,1,1,0,0,0,0
30.220622,1,0,0,1,0,0,0,1,1
30.222821,1,1,1,0,1,0,1,1,0
30.224492,1,1,1,0,0,1,1,0,0
30.229983,0,0,0,0,1,0,1,1,1
30.237210,1,1,1,0,1,1,0,1,1
30.245995,1,1,0,0,0,1,0,0,0
30.253751,0,0,1,1,0,1,1,0,1
30.258590,0,1,0,1,0,0,1,1,0
30.262351,0,0,0,1,1,0,1,1,1
30.267182,1,0,0,1,0,1,0,1,0
30.272913,0,1,1,1,1,0,0,1,1
30.275446,1,0,0,1,0,1,0,1,0
30.284024,1,0,1,1,1,1,1,1,0
30.287012,0,0,1,0,0,1,0,0,0
30.290063,0,1,0,1,1,0,0,0,0
30.295652,1,0,1,1,0,0,0,0,1
30.299730,0,1,0,1,1,1,1,0,0
30.307950,1,0,1,0,1,1,1,0,0
30.312293,0,1,0,1,0,1,0,1,0
30.317810,0,0,0,0,1,1,0,1,1
30.320610,0,0,0,0,1,1,1,0,1
30.324417,0,0,0,1,0,0,0,1,0
30.327659,1,0,0,1,1,0,1,0,0
30.329254,0,0,0,0,0,0,1,0,1
30.336054,0,0,0,1,1,0,1,1,1
30.344212,0,1,0,1,0,1,1,0,1
30.346188,1,1,1,0,1,0,0,0,1
30.351024,0,1,1,0,1,1,1,0,0
30.359611,1,1,0,0,1,1,0,0,0
30.362861,0,1,0,0,0,0,1,0,0
30.372538,0,0,0,0,0,1,0,0,1
30.374209,0,1,0,1,0,0,1,0,1
30.383685,0,0,1,0,0,0,0,1,1
30.389465,0,1,1,1,0,0,1,0,1
30.390599,0,1,1,1,1,1,1,0,0
30.400002,0,1,1,1,1,1,0,0,1
30.404094,0,0,1,0,0,0,1,0,0
30.409669,1,1,0,0,0,0,1,1,0
30.414737,0,0,0,0,0,1,0,0,1
30.423718,0,1,0,0,0,1,1,0,0
30.426950,0,0,0,1,0,1,0,1,1
30.436471,1,1,0,1,1,0,0,1,0
30.445779,1,1,1,0,1,0,1,1,1
30.447236,1,0,1,0,1,0,0,1,0
30.449965,0,0,1,0,0,1,0,0,0
30.459072,0,0,0,0,1,1,1,0,0
30.464180,1,0,1,0,1,0,0,1,0
30.465964,0,1,1,0,0,0,0,0,0
30.475748,1,0,0,0,0,1,0,1,1
30.477100,0,0,0,1,1,1,1,1,1
30.486490,1,1,0,0,0,0,0,1,0
30.495326,0,1,1,1,1,0,1,0,1
30.496737,1,1,1,0,0,0,0,0,1
30.498865,1,1,1,1,0,0,1,1,1
30.500090,0,1,1,1,0,1,1,1,1
30.508525,1,1,1,1,1,0,1,1,0
30.513696,1,0,0,1,0,1,0,1,1
30.516165,1,0,0,0,1,0,0,0,1
30.521529,1,0,1,0,0,0,1,0,0
30.527791,1,1,1,0,1,1,0,1,0
30.536016,1,0,0,0,0,0,0,0,0
30.543755,1,1,0,1,1,1,0,1,1
30.547016,1,1,1,0,1,1,0,0,0
30.554628,0,1,0,1,0,0,1,1,1
30.563644,0,0,0,1,1,0,0,1,1
30.570476,0,1,0,0,1,1,1,1,1
30.579745,1,0,0,1,1,1,1,1,1
30.587079,0,1,1,0,1,1,1,0,1
30.593994,0,0,1,1,0,1,0,0,1
30.596774,0,1,1,0,1,0,1,1,1
30.604037,0,1,0,0,1,0,0,1,1
30.607815,0,0,0,1,1,1,1,1,0
30.610082,0,1,1,1,0,1,0,0,1
30.617966,0,0,1,0,1,1,0,1,1
30.623095,0,0,0,0,0,0,1,1,1
30.628494,0,0,1,1,1,0,1,1,1
30.637099,1,1,1,0,1,0,0,1,1
30.640829,1,1,0,1,1,1,0,1,1
30.646987,1,0,1,0,1,1,1,0,1
30.656967,1,0,1,1,1,1,0,0,1
30.664878,1,0,1,1,0,0,0,0,0
30.673609,0,0,1,0,1,0,1,0,0
30.681174,1,1,0,1,0,0,1,0,1
30.687660,0,1,1,0,1,1,1,1,1
30.695345,1,0,1,1,1,1,1,1,1
30.698461,1,1,1,1,0,0,1,1,1
30.706072,0,0,1,1,1,1,1,0,1
30.715485,0,1,1,1,1,0,1,1,0
30.721646,1,1,1,1,1,1,1,0,0
30.725690,0,0,1,1,0,0,0,1,0
30.734514,0,1,1,1,1,1,0,1,1
30.741589,1,0,0,0,1,0,1,1,1
30.746356,1,0,0,1,0,0,0,1,1
30.752555,1,1,1,0,0,1,0,0,0
30.759770,0,0,0,0,1,1,0,0,1
30.768853,1,0,0,1,0,1,1,1,1
30.776720,1,1,1,1,1,1,1,1,1
30.779267,1,0,0,0,1,1,0,1,0
30.784888,0,0,1,0,1,0,1,1,0
30.789542,1,0,0,0,1,0,0,1,0
30.794302,0,1,1,1,0,1,1,1,1
30.803616,0,0,1,1,1,0,1,0,1
30.808177,1,1,1,1,0,0,0,0,0
30.812012,1,0,0,0,0,0,0,1,0
30.817939,1,0,0,0,0,0,1,1,1
30.820997,0,0,0,1,0,1,0,1,1
30.822907,1,1,0,1,0,1,0,0,1
30.825984,1,0,1,0,0,0,1,1,1
30.831444,1,0,0,0,0,0,1,1,0
30.834971,1,0,0,0,1,1,0,1,1
30.840015,1,0,1,1,1,1,1,1,1
30.848536,0,1,1,1,1,0,0,0,0
30.855732,0,0,0,0,0,1,0,0,1
30.857940,1,0,0,1,0,0,1,0,1
30.859361,0,1,0,0,0,1,0,0,0
30.867583,0,0,1,1,1,0,1,0,0
30.875425,1,1,0,1,0,0,1,0,1
30.882544,1,0,1,0,1,0,0,1,0
30.889813,1,0,0,1,0,0,0,1,0
30.892316,1,1,0,0,1,0,1,0,1
30.893583,0,1,1,1,1,0,0,0,1
30.897292,1,0,0,0,1,1,1,0,1
30.903083,1,0,0,1,1,1,1,1,0
30.912833,0,1,1,0,0,0,0,0,1
30.917035,0,1,1,1,1,0,1,0,0
30.923811,0,1,0,0,0,1,1,0,1
30.932723,1,0,0,1,1,1,1,1,0
30.935117,1,1,0,0,0,0,1,1,1
30.939870,0,1,0,0,1,0,0,0,1
30.947415,1,1,1,1,1,1,0,0,1
30.950504,0,1,1,0,1,0,0,1,0
30.954330,1,0,1,0,0,1,1,0,1
30.960555,1,1,0,1,1,0,0,0,1
30.961865,0,1,0,0,1,0,0,0,0
30.963623,0,0,1,0,0,0,0,0,0
30.971683,0,1,0,1,1,0,0,0,1
30.977962,0,1,1,0,0,0,0,1,0
30.980669,0,0,0,1,0,0,1,0,1
30.988568,1,0,0,1,0,1,0,1,0
30.990175,1,0,0,0,0,0,1,0,1
30.998062,0,0,1,0,1,0,1,1,0
31.007556,0,0,1,0,1,1,0,1,1
31.010397,1,0,1,0,1,0,0,1,0
31.013546,1,0,1,0,1,1,1,0,0
31.017110,1,0,0,0,0,0,0,0,0
31.026084,1,1,0,1,1,0,0,1,1
31.034905,1,0,1,0,1,1,1,1,0
31.040405,1,1,0,1,0,0,0,0,0
31.046033,1,0,1,1,0,0,1,1,0
31.050715,1,0,1,1,1,0,1,1,1
31.055431,1,0,1,0,1,1,1,1,0
31.061687,0,1,0,1,1,0,0,1,0
31.066330,0,0,0,1,1,0,1,0,1
31.073752,0,0,1,1,0,0,1,1,1
31.075530,1,0,1,0,0,0,1,0,0
31.080208,1,0,0,1,1,0,0,1,1
31.083862,1,1,0,1,1,0,1,0,0
31.086987,1,1,0,0,1,0,0,1,0
31.091185,1,1,0,1,0,0,0,0,1
31.100138,1,1,0,1,1,0,0,1,1
31.107262,1,0,1,1,1,0,0,1,1
31.114158,0,0,1,1,0,1,1,0,1
31.121200,1,1,1,1,0,0,0,0,1
31.123377,0,0,1,1,1,1,0,1,1
31.131457,1,1,1,1,1,1,1,1,1
31.139997,0,1,0,0,0,0,1,1,0
31.143732,0,0,0,1,0,0,1,1,0
31.148471,0,1,1,0,0,0,1,0,0
31.156007,1,0,1,1,1,1,1,0,1
31.163272,0,1,0,0,0,1,1,1,0
31.169549,0,0,1,1,1,0,1,1,1
31.173288,0,0,0,1,0,0,1,0,1
31.177092,1,0,1,0,0,1,0,0,0
31.178904,1,1,0,0,1,1,1,1,1
31.181109,1,0,0,0,0,1,1,0,1
31.186229,0,0,0,1,1,0,1,1,1
31.193709,1,0,0,0,1,1,0,0,0
31.201711,0,0,1,0,0,1,1,0,0
31.203998,0,1,1,1,0,0,0,1,1
31.206110,1,1,1,1,0,1,1,1,0
31.208685,0,0,0,0,0,1,0,1,1
31.212321,0,1,0,0,1,0,1,0,0
31.215075,1,0,0,1,1,0,0,0,1
31.218513,0,0,1,1,1,1,1,0,1
31.221953,1,0,1,1,0,0,0,1,0
31.223473,0,0,0,0,1,0,0,0,1
31.229057,0,1,1,0,1,1,1,0,1
31.234419,0,0,0,0,1,0,1,1,1
31.238508,1,0,0,1,0,0,0,0,0
31.247376,0,0,1,0,0,1,0,1,1
31.249680,0,1,1,1,0,0,0,1,1
31.259340,0,0,1,0,1,1,0,1,0
31.262101,1,1,0,1,1,0,1,1,1
31.269362,1,1,0,1,1,1,0,0,0
31.274402,0,0,0,0,1,0,1,0,1
31.284159,0,1,1,0,0,0,0,1,0
31.285159,1,0,1,0,1,1,1,0,1
31.286828,1,0,0,1,1,0,0,1,1
31.289506,1,0,0,1,0,0,1,0,1
31.297759,1,0,1,0,0,1,0,0,0
31.303473,1,1,0,0,0,0,1,1,0
31.305604,0,1,1,1,1,1,0,0,1
31.314724,1,0,0,1,1,1,0,0,1
31.318832,1,0,0,0,0,0,0,0,0
31.322199,1,1,0,1,1,1,0,0,1
31.324107,1,0,1,1,0,1,1,1,1
31.331181,1,0,1,1,1,1,1,0,1
31.334870,1,1,0,0,1,0,0,1,1
31.335986,1,1,1,0,1,0,0,0,0
31.341657,0,1,1,0,1,0,1,0,1
31.347276,1,0,1,1,0,0,1,0,0
31.350433,1,1,0,1,0,0,0,0,0
31.358005,1,1,1,0,1,1,1,1,0
31.359118,0,1,0,1,0,1,0,0,0
31.365865,1,1,0,1,0,0,0,1,0
31.369507,1,0,0,1,0,0,0,0,1
31.376995,1,1,1,0,0,0,0,0,1
31.378949,0,0,1,0,1,0,0,0,1
31.388576,1,0,1,0,0,0,1,0,0
31.393388,1,1,0,0,1,0,1,0,1
31.400892,0,1,1,0,0,1,1,1,0
31.409376,0,1,1,0,1,0,0,0,1
31.415825,1,0,0,0,0,1,1,1,0
31.422819,1,1,1,1,1,0,1,1,1
31.430973,0,1,1,0,0,0,1,0,1
31.440598,1,0,1,0,0,0,0,1,0
31.442898,1,0,0,1,0,0,0,1,0
31.446802,1,0,0,0,1,0,0,0,0
31.450922,1,0,0,1,1,1,1,0,0
31.452801,0,1,0,0,0,0,0,1,0
31.455645,0,1,0,1,1,1,0,1,1
31.460373,0,1,1,0,0,1,0,1,0
31.462818,1,1,0,1,1,1,1,1,0
31.465520,1,0,0,0,0,1,1,0,0
31.466938,0,0,1,0,0,1,0,0,0
31.473551,0,1,0,0,0,0,1,0,0
31.477049,0,1,1,0,1,1,0,1,1
31.478545,1,1,0,0,0,0,0,1,0
31.484430,1,1,0,0,0,0,1,1,0
31.493675,1,0,1,1,1,1,1,0,0
31.497537,1,1,0,1,1,0,1,0,0
31.501945,0,1,1,1,1,0,0,1,1
31.511110,1,1,0,1,0,1,0,1,1
31.518959,0,1,0,1,1,0,1,1,1
31.521039,0,1,0,1,0,1,0,1,0
31.523145,0,0,1,0,0,1,0,0,1
31.528623,0,0,1,1,1,0,1,0,0
31.534571,1,1,1,1,1,1,0,0,0
31.543984,1,0,1,1,0,0,1,0,1
31.547776,1,0,0,0,0,1,1,0,1
31.552633,0,1,0,0,0,1,0,1,1
31.554373,1,1,0,0,0,0,0,1,1
31.557235,0,1,0,0,0,0,1,0,0
31.564207,1,1,1,1,0,1,1,1,0
31.570569,0,0,1,0,0,1,1,1,0
31.579204,0,1,1,0,1,1,1,1,1
31.584405,0,0,0,1,1,0,1,0,1
31.588649,0,0,0,0,1,0,0,1,1
31.596574,1,1,0,1,1,1,1,1,1
31.597840,1,1,0,1,1,0,0,0,0
31.601266,1,1,0,1,0,0,0,1,1
31.609361,1,1,1,0,1,0,0,0,0
31.610733,0,1,0,1,0,1,1,0,0
31.616008,1,0,1,0,1,0,1,0,0
31.622912,1,1,0,0,0,0,0,1,0
31.629912,1,1,0,1,1,0,1,1,1
31.631155,0,0,0,1,1,1,0,0,0
31.633276,0,1,0,1,0,0,1,0,0
31.640645,0,0,0,1,1,1,1,1,0
31.649413,1,0,0,0,1,1,1,1,1
31.658647,1,0,0,0,0,1,0,1,1
31.662408,0,0,0,1,0,1,1,1,1
31.664642,1,1,1,0,0,1,1,0,0
31.669754,0,0,0,1,0,0,1,0,1
31.678196,0,1,1,1,1,0,1,0,1
31.686352,0,1,0,0,1,0,0,1,0
31.694121,1,0,0,1,1,0,0,0,1
31.698307,1,1,1,0,0,0,1,0,0
31.707513,0,0,1,0,0,0,0,0,0
31.713757,0,1,1,0,1,1,0,1,0
31.721417,1,1,1,1,0,0,0,1,0
31.723482,0,0,0,0,0,0,1,1,0
31.725820,1,0,0,0,1,0,0,1,0
31.729541,0,1,0,1,0,1,0,1,1
31.732555,1,1,1,0,0,1,0,0,1
31.741043,1,1,0,0,1,0,1,1,0
31.745643,1,1,0,1,1,0,1,0,0
31.753100,1,1,1,1,0,1,1,0,0
31.762924,1,1,0,1,0,1,1,1,0
31.771020,0,0,1,1,0,0,1,1,1
31.774953,1,1,0,1,0,0,0,1,1
31.783560,0,1,1,0,1,1,0,1,0
31.790725,0,0,1,0,1,0,1,0,1
31.791794,1,0,0,1,0,1,1,0,0
31.796991,1,0,0,1,0,1,0,1,0
31.806462,1,1,1,0,1,1,1,1,1
31.807772,0,1,1,1,0,1,0,1,1
31.815577,0,1,1,0,0,0,1,0,0
31.821737,0,0,1,0,0,1,0,0,0
31.824613,1,0,0,1,0,0,0,1,1
31.826723,1,0,0,0,0,0,1,1,0
31.827997,1,1,0,0,1,1,0,0,0
31.828997,1,1,1,1,0,1,0,1,1
31.833752,0,0,0,1,0,1,1,1,1
31.838834,1,1,1,1,0,1,0,0,1
31.840055,0,0,0,0,1,1,1,1,1
31.842219,0,1,1,0,1,0,0,1,0
31.843787,1,1,1,1,0,0,0,0,1
31.848612,1,1,1,0,1,1,0,1,0
31.855933,0,1,1,0,0,0,0,0,1
31.862001,0,1,1,0,1,0,0,1,1
31.871261,1,1,1,0,0,1,0,0,0
31.877170,1,1,0,1,1,1,0,0,0
31.886979,1,0,1,0,1,1,0,0,0
31.889737,0,0,0,0,1,1,1,0,1
31.899479,0,0,1,0,1,0,0,0,1
31.900683,0,0,0,0,1,1,1,1,1
31.904762,0,0,0,1,1,0,1,1,1
31.908110,0,0,1,0,0,0,1,0,0
31.909959,1,1,1,1,1,0,0,1,0
31.919249,1,1,1,1,1,0,0,0,0
31.922079,0,0,0,1,0,1,1,0,1
31.923079,1,1,0,1,0,1,0,1,0
31.932574,1,1,1,1,1,0,0,0,1
31.934005,1,0,1,0,0,1,0,0,0
31.941144,0,1,1,0,0,1,0,1,0
31.945616,0,0,1,1,1,1,0,1,0
31.950651,0,0,0,0,0,0,1,0,1
31.956370,1,1,1,1,0,1,0,1,1
31.966095,1,0,1,1,0,0,0,1,1
31.968167,0,0,1,0,0,0,1,0,1
31.970239,0,1,0,0,0,1,1,0,1
31.973887,1,0,0,0,0,1,1,0,1
31.975257,0,1,0,0,0,0,1,0,0
31.979930,1,1,1,0,0,1,1,1,0
31.986376,0,1,1,1,1,1,0,1,1
31.990571,1,1,1,1,0,0,1,0,1
31.994007,1,1,1,0,0,0,1,0,1
32.002346,0,1,1,1,0,0,1,0,0
32.006000,1,1,0,0,0,0,1,0,1
32.008693,1,0,0,0,1,1,0,0,1
32.010964,0,1,1,0,1,0,0,1,0
32.019199,0,1,0,0,0,1,0,1,1
32.022568,0,0,0,0,1,1,0,0,1
32.025818,0,0,1,0,1,1,0,0,0
32.032443,1,1,0,0,1,1,0,0,0
32.039143,1,1,1,1,0,1,0,1,0
32.044728,0,0,1,0,0,0,0,1,0
32.053277,0,0,0,1,1,0,0,1,1
32.062370,1,0,1,0,1,0,1,0,1
32.069947,1,1,0,0,0,1,1,0,0
32.079171,0,1,0,1,1,1,1,1,1
32.081118,1,0,1,1,0,1,1,1,0
32.084106,1,0,0,1,1,0,0,1,0
32.085998,0,0,1,0,0,0,0,1,1
32.092702,0,0,1,1,0,0,0,1,1
32.102426,0,0,0,0,0,0,0,0,1
32.103904,0,1,1,0,1,1,0,0,0
32.109900,1,1,1,0,1,0,0,0,0
32.118005,1,1,1,1,1,1,1,0,1
32.125005,1,1,0,1,0,0,1,0,0
32.128426,1,0,0,0,0,0,0,0,1
32.135764,1,0,0,1,1,1,1,1,0
32.142864,0,0,0,0,1,0,1,0,0
32.147537,0,1,1,1,1,1,1,1,1
32.153857,0,1,0,1,1,1,0,1,0
32.162042,0,0,1,1,1,0,1,0,0
32.167196,1,0,1,1,1,1,0,0,1
32.173304,0,0,0,0,0,0,0,1,1
32.176875,0,0,0,1,1,1,1,0,0
32.184047,1,1,1,1,1,1,1,1,0
32.188497,1,1,1,0,1,0,1,1,1
32.196522,0,1,0,1,0,0,1,1,0
32.205765,0,0,0,1,1,0,0,1,0
32.208905,0,1,0,1,0,0,1,0,0
32.216463,1,0,1,0,0,1,1,1,1
32.217973,0,0,1,1,1,0,0,0,0
32.226975,1,1,1,1,0,0,0,1,0
32.227975,1,0,1,1,1,1,1,1,1
32.235333,0,0,1,0,0,0,1,0,1
32.239087,1,0,1,1,1,1,0,1,1
32.246170,1,0,1,1,1,1,1,1,1
32.249509,0,0,0,1,1,1,1,1,1
32.253982,1,1,1,0,1,1,1,1,0
32.257899,0,1,0,1,1,1,0,1,1
32.260179,1,1,1,0,0,0,1,0,1
32.265951,1,0,1,0,0,1,1,0,1
32.267019,0,1,1,1,0,1,1,0,0
32.271912,0,0,1,1,0,1,0,0,1
32.281639,1,0,0,0,1,0,0,0,0
32.283764,0,0,0,0,1,0,1,1,0
32.292106,1,1,0,0,0,0,1,0,0
32.293422,0,0,0,0,0,1,1,1,1
32.297456,1,0,0,0,1,1,0,1,0
32.307024,0,1,1,1,1,1,1,0,0
32.314918,1,0,1,1,0,1,1,0,1
32.322775,1,0,1,0,1,0,0,0,0
32.328781,0,1,0,1,1,1,0,0,1
32.335952,0,1,1,1,1,0,1,1,0
32.342317,0,0,1,0,1,0,0,1,0
32.346741,0,0,1,0,1,0,0,1,0
32.353894,1,0,1,1,1,1,0,1,0
32.355479,0,0,1,0,0,0,0,0,1
32.358617,1,0,1,0,0,0,1,1,1
32.367637,1,0,0,1,1,0,1,0,1
32.370084,1,1,1,1,0,1,1,0,0
32.376792,0,1,1,0,0,1,0,1,0
32.386559,0,0,0,1,0,1,0,1,0
32.394198,1,1,1,1,1,1,0,1,0
32.401386,0,0,0,0,1,0,1,1,0
32.407476,0,0,1,0,1,0,0,0,1
32.413697,1,0,0,0,0,1,0,0,1
32.415723,0,0,0,0,1,0,1,0,1
32.418311,0,0,0,0,1,1,1,1,1
32.421872,0,0,1,1,1,0,1,0,0
32.426937,0,0,1,1,1,0,0,1,0
32.434292,0,0,0,0,0,0,1,0,1
32.436929,1,1,1,1,1,0,1,0,0
32.440262,1,1,0,1,0,0,0,0,1
32.448808,0,0,0,1,0,0,1,1,1
32.450782,1,0,1,0,1,1,1,0,0
32.458044,0,1,0,0,0,0,0,0,1
32.460508,1,1,1,1,1,1,1,1,0
32.467235,1,0,0,1,0,0,0,1,1
32.473665,1,1,0,1,0,0,0,1,1
32.482886,0,0,1,0,1,1,1,0,0
32.486715,0,1,0,1,1,0,0,1,0
32.492837,0,1,1,1,1,1,1,1,0
32.499521,1,0,0,0,0,1,1,0,1
32.506196,1,0,1,0,1,1,0,1,0
32.510504,0,1,0,1,0,1,1,1,1
32.519289,1,1,0,0,0,1,1,0,1
32.525506,0,1,0,1,0,1,1,0,1
32.531877,0,0,1,1,1,1,1,0,0
32.538673,1,0,1,1,0,1,1,1,1
32.543635,0,0,0,1,1,1,0,0,1
32.546685,0,0,0,0,1,0,1,0,1
32.549999,0,1,0,1,1,1,0,0,1
32.555825,1,1,1,1,0,0,1,1,0
32.564058,0,1,1,1,0,0,1,0,0
32.570383,0,1,0,0,1,1,0,0,0
32.579605,0,1,1,1,1,1,0,1,1
32.582067,1,0,1,1,1,0,1,1,1
32.584043,0,1,0,1,1,0,0,1,0
32.585809,1,1,1,0,0,0,1,1,1
32.589496,0,0,1,0,1,0,0,1,1
32.590663,1,1,0,1,1,1,1,0,0
32.592899,1,1,1,1,1,1,1,1,0
32.597108,1,0,1,1,1,0,1,0,1
32.606946,1,0,0,0,0,1,0,0,0
32.614049,0,1,1,0,1,1,0,0,0
32.621560,1,1,1,0,0,0,1,0,0
32.628413,0,1,0,1,0,0,0,0,1
32.634944,0,0,1,0,1,1,1,1,1
32.636760,1,1,1,1,0,0,0,0,0
32.639028,0,0,1,1,1,1,1,1,1
32.640759,0,0,0,1,0,0,1,1,1
32.647150,1,1,0,0,0,1,0,0,0
32.648186,1,1,0,0,1,1,0,0,0
32.655877,1,0,0,1,1,0,0,0,0
32.661037,0,0,0,1,0,1,0,0,1
32.665237,1,1,1,0,1,0,0,0,0
32.667065,0,0,1,1,0,1,1,1,1
32.670175,1,1,0,1,0,1,1,0,1
32.673734,0,0,1,1,0,1,1,1,1
32.683232,1,1,0,0,1,1,0,0,1
32.689230,0,0,1,1,1,0,0,0,0
32.697730,0,0,0,0,1,1,0,0,1
32.702023,0,0,1,0,0,1,1,1,0
32.709381,0,0,1,0,1,0,0,1,0
32.718821,0,1,1,1,0,0,1,0,0
32.721821,0,1,1,0,1,0,0,0,0
32.725866,1,0,1,0,1,0,0,0,0
32.727539,1,1,0,0,1,0,0,1,0
32.735208,0,1,0,1,1,0,1,0,0
32.742202,1,0,0,0,0,0,1,1,1
32.752011,0,1,0,1,1,0,0,1,1
32.759095,1,0,1,1,0,1,0,0,1
32.766739,1,1,1,0,1,0,0,1,0
32.774649,1,1,1,1,0,1,0,1,0
32.779584,1,0,0,1,0,1,0,0,1
32.784385,1,1,0,1,0,0,0,1,1
32.786095,1,0,0,1,0,0,0,1,1
32.787095,0,1,0,0,0,1,1,0,0
32.789978,1,1,1,0,1,0,1,0,1
32.799368,0,1,0,0,1,1,1,1,1
32.805766,0,0,1,1,0,0,0,1,1
32.811879,0,1,0,1,0,0,0,0,0
32.819396,1,0,0,0,1,0,0,1,1
32.821886,1,1,1,1,0,0,1,1,0
32.827496,0,1,0,1,1,1,0,0,0
32.831243,0,0,0,1,0,0,1,0,0
32.838381,0,1,1,0,0,1,0,0,1
32.846449,1,0,1,1,0,0,1,0,1
32.854383,1,0,1,0,1,0,1,1,0
32.863088,1,1,0,1,1,0,0,0,1
32.864792,0,1,0,0,1,1,0,1,1
32.872484,1,1,0,1,1,1,1,0,1
32.876908,0,0,0,0,0,1,1,1,0
32.880840,0,1,0,0,1,0,0,0,0
32.886640,0,0,1,0,1,1,1,0,0
32.895066,0,1,1,0,0,1,0,0,1
32.898184,1,0,1,0,0,1,0,0,1
32.901570,0,0,1,1,1,1,1,0,0
32.906712,0,0,1,0,1,1,1,1,0
32.910569,1,0,1,1,0,1,0,1,0
32.913426,1,1,0,0,1,1,1,1,0
32.918026,0,1,1,1,0,0,1,0,1
32.920706,1,1,0,1,0,0,0,1,0
32.923133,0,1,1,1,0,1,0,0,0
32.926217,0,1,1,1,1,0,1,0,1
32.931766,0,1,1,1,0,1,1,0,0
32.940641,1,0,1,0,1,1,1,0,0
32.945899,0,1,0,0,1,1,0,0,0
32.955211,1,0,1,1,0,0,1,1,0
32.962136,0,1,0,1,0,0,1,1,0
32.965381,0,0,0,1,1,0,0,1,0
32.967178,1,0,0,0,0,0,1,0,0
32.972961,0,1,1,1,0,0,1,1,0
32.980611,0,0,1,0,1,0,1,0,0
32.983332,1,1,1,1,0,1,0,1,0
32.992824,0,0,1,1,0,0,1,1,1
32.998967,0,0,1,1,1,0,0,1,1
33.001070,0,0,0,0,1,1,1,0,0
33.005063,1,0,0,0,0,1,0,1,1
33.009528,0,1,1,1,0,0,1,0,0
33.014252,0,0,1,0,1,0,0,1,0
33.017907,0,1,0,0,1,0,1,1,0
33.025910,1,1,1,1,1,0,1,0,0
33.030398,1,0,0,1,1,1,1,1,0
33.039929,1,0,0,1,1,1,0,0,0
33.044607,1,0,1,1,1,1,1,1,1
33.049338,1,1,1,1,1,1,0,1,1
33.052677,1,0,0,0,1,0,1,0,0
33.059897,0,1,1,1,0,0,0,1,0
33.063342,0,1,1,0,1,1,1,0,0
33.072063,1,1,1,1,0,0,1,0,1
33.080063,1,0,1,1,0,1,1,0,1
33.081630,0,0,0,0,0,1,1,1,1
33.086570,1,1,1,0,1,1,0,1,1
33.094661,0,0,1,1,0,0,1,1,0
33.103662,1,1,1,1,1,0,1,1,0
33.105075,0,0,1,0,0,1,0,1,1
33.108721,1,0,1,0,1,0,1,0,1
33.109802,0,0,0,0,0,1,1,0,1
33.113208,1,1,1,0,0,1,0,1,1
33.117193,0,0,0,0,0,1,0,1,0
33.122097,0,0,1,1,1,0,0,1,0
33.123179,1,1,0,1,0,1,0,1,0
33.130929,1,1,0,0,0,0,0,0,0
33.139933,0,0,0,1,0,0,0,1,1
33.148038,0,0,1,0,0,1,1,1,0
33.149788,1,0,0,0,1,0,0,0,1
33.151410,0,1,1,0,0,1,1,0,1
33.156339,1,1,0,1,1,0,1,0,1
33.161037,1,0,1,0,0,0,0,0,0
33.162784,0,1,0,1,0,0,0,0,1
33.169876,1,0,1,1,0,1,0,1,0
33.173025,0,1,1,0,0,0,0,1,1
33.180488,0,1,1,0,0,1,0,0,1
33.185182,1,1,1,1,0,0,1,0,1
33.192167,0,0,1,0,1,1,0,1,1
33.198188,0,0,1,0,1,1,0,1,0
33.201954,0,0,0,0,1,0,0,0,0
33.208096,0,0,0,1,1,1,1,0,0
33.215085,0,1,1,1,1,1,1,1,1
33.224651,1,1,1,1,0,1,0,1,0
33.228978,1,1,0,0,1,1,1,1,0
33.234097,0,0,0,0,0,1,0,0,1
33.238103,1,1,0,0,1,1,1,1,1
33.240444,0,0,1,0,0,0,0,0,1
33.247989,0,0,0,0,1,0,0,0,0
33.251764,1,0,1,0,0,1,0,1,1
33.256139,0,0,1,0,0,1,0,0,1
33.259139,0,1,1,0,1,1,1,1,0
33.261916,0,1,0,0,1,1,1,1,1
33.269781,0,0,0,0,1,0,1,0,1
33.275852,1,0,1,0,0,0,1,0,0
33.282985,0,0,1,0,1,1,0,0,1
33.292717,1,0,0,0,1,1,0,0,0
33.297310,1,0,0,0,1,0,0,1,1
33.302431,0,0,1,1,0,0,1,1,0
33.305631,0,0,0,0,0,0,1,0,1
33.311736,0,0,1,1,1,1,1,1,1
33.313848,1,1,1,0,0,0,0,0,1
33.317699,0,0,0,0,0,0,1,0,0
33.324777,0,1,0,0,1,1,0,1,1
33.329099,1,1,0,1,1,1,0,0,1
33.338754,1,0,1,0,0,0,0,1,0
33.341064,1,1,0,1,0,1,1,0,1
33.348675,0,0,1,0,1,0,0,1,0
33.352881,0,1,0,0,0,1,0,0,0
33.356308,0,0,0,0,1,1,0,1,0
33.358208,0,0,1,1,1,0,0,1,0
33.366298,0,0,0,0,0,1,1,0,1
33.371271,0,0,1,0,0,1,0,0,1
33.378307,0,0,0,1,0,1,1,1,1
33.385397,1,0,0,1,1,0,1,0,0
33.391750,0,0,0,1,0,1,1,0,1
33.398609,0,1,1,0,1,0,1,1,1
33.401266,1,0,1,1,0,1,1,1,1
33.410960,1,0,1,0,0,1,0,1,0
33.419451,1,1,1,1,0,1,1,1,1
33.425586,0,1,1,0,0,1,0,0,1
33.430363,1,0,0,0,0,0,0,0,1
33.435680,1,0,0,1,0,1,0,0,0
33.445189,1,0,0,1,0,0,0,0,1
33.447605,0,0,0,0,1,0,1,1,1
33.455363,0,0,0,1,0,1,1,1,0
33.459635,0,1,0,0,0,1,1,1,1
33.468483,1,1,0,1,0,1,0,0,1
33.472971,1,1,1,0,1,0,1,1,0
33.474944,0,1,1,1,0,0,0,1,0
33.484743,0,1,1,0,0,1,0,0,1
33.488501,0,0,1,1,1,1,0,1,0
33.491225,1,1,1,1,1,1,1,1,1
33.499529,1,1,1,1,0,0,0,1,1
33.508147,0,1,1,0,1,1,0,1,0
33.515074,1,0,1,0,1,1,0,1,0
33.517912,1,0,1,0,0,1,0,1,1
33.526473,0,1,0,1,0,0,0,1,1
33.535970,1,1,0,1,1,1,0,0,0
33.541470,1,1,0,0,0,1,0,0,0
33.547788,0,0,0,1,0,0,0,0,1
33.549163,0,0,1,0,0,1,1,1,1
33.551438,1,0,1,1,0,1,1,0,0
33.556675,0,0,0,0,0,0,1,0,1
33.565307,0,0,0,0,1,0,1,0,0
33.574858,1,0,1,0,1,1,1,0,0
33.580737,1,1,1,0,1,0,1,1,0
33.590039,0,1,0,0,0,1,1,0,0
33.595196,0,0,1,1,0,0,0,1,1
33.599062,1,1,1,0,0,1,1,1,0
33.604902,1,1,0,1,1,1,1,0,1
33.608594,1,0,1,0,0,1,0,1,1
33.615037,1,0,0,1,0,0,0,0,1
33.616698,1,0,0,0,0,1,1,1,0
33.622345,0,0,1,1,1,1,0,1,0
33.627466,0,0,0,0,0,0,0,1,1
33.633921,0,1,0,0,1,0,1,1,1
33.643664,0,1,0,1,0,0,0,0,1
33.647664,0,1,1,0,1,0,0,0,0
33.648936,1,1,1,0,0,1,1,1,1
33.653252,0,0,1,1,0,1,1,1,0
33.660479,0,0,1,1,1,0,1,0,0
33.663575,1,0,0,1,1,0,1,0,1
33.667353,1,0,0,1,0,1,0,0,0
33.670696,0,0,1,1,1,1,0,0,0
33.674480,1,1,0,1,1,0,0,0,0
33.682804,0,1,0,0,0,0,1,0,1
33.688679,0,0,1,0,1,1,0,0,1
33.694455,0,1,1,0,0,0,0,0,0
33.698644,1,1,0,0,0,1,1,0,1
33.705471,0,0,1,1,1,0,0,1,0
33.712595,0,1,0,0,0,0,1,0,1
33.716165,1,1,1,0,0,1,0,1,1
33.725831,0,0,0,1,1,0,1,1,0
33.727319,1,1,0,0,0,0,1,0,1
33.731404,0,1,1,1,0,1,0,0,1
33.737444,1,1,1,0,0,1,1,0,1
33.745845,0,1,1,1,1,1,0,1,1
33.750107,0,0,1,0,0,0,1,0,1
33.758753,1,0,0,1,1,1,1,0,1
33.763905,1,1,0,1,1,1,1,0,0
33.767962,1,1,1,1,0,1,1,0,1
33.774119,0,1,1,0,1,1,0,1,0
33.783369,1,0,0,1,0,1,0,1,1
33.792237,1,0,1,1,0,0,0,0,1
33.800530,0,1,0,0,1,0,1,0,0
33.806769,1,1,0,0,0,1,1,0,1
33.813819,0,0,0,0,1,0,0,1,0
33.823715,1,0,1,1,1,1,1,0,1
33.825028,0,1,0,1,1,0,0,1,0
33.829543,1,0,1,0,0,1,0,1,0
33.834007,1,0,1,0,1,0,0,0,1
33.843189,1,1,0,0,1,0,1,1,0
33.847044,1,0,0,1,0,0,0,1,0
33.853711,1,0,1,0,1,0,0,0,0
33.863227,0,1,1,0,0,0,1,1,1
33.868954,0,0,1,1,0,1,1,0,1
33.875470,1,1,1,1,1,0,0,0,1
33.884737,1,0,0,0,0,1,1,1,1
33.891858,1,0,0,1,0,1,0,0,0
33.896044,0,1,1,0,1,0,0,0,1
33.899142,1,1,0,1,0,1,1,0,1
33.906546,1,0,0,1,1,0,0,1,0
33.911309,1,0,0,0,1,1,0,0,0
33.914693,0,0,0,0,1,0,0,1,0
33.923103,1,1,0,1,0,0,0,1,0
33.928875,1,0,1,1,1,1,0,1,0
33.933732,0,0,1,1,0,0,0,0,0
33.935476,0,0,0,0,1,1,1,0,0
33.937805,1,1,1,0,0,0,0,1,0
33.944753,0,0,1,0,1,0,1,1,1
33.952462,1,0,0,0,1,1,0,0,0
33.954746,0,1,1,0,1,1,1,1,0
33.956013,0,1,1,0,1,0,0,0,0
33.957075,0,0,0,0,1,1,1,1,1
33.962445,1,1,1,1,1,1,1,1,1
33.971987,1,0,1,1,0,0,0,0,1
33.980731,1,1,1,0,0,0,1,1,1
33.986074,0,0,0,1,1,0,0,0,0
33.995875,0,0,1,1,1,0,1,0,1
34.005484,1,0,1,1,1,1,1,1,1
34.012885,0,0,0,1,1,1,0,1,1
34.018559,1,1,0,0,1,1,1,0,0
34.021766,0,1,1,0,1,1,1,1,0
34.029062,0,1,0,1,1,0,0,0,0
34.038205,1,0,1,1,1,0,1,0,1
34.043418,1,0,1,1,1,1,0,1,0
34.046668,1,1,1,0,0,0,1,1,0
34.055956,0,0,1,0,1,0,1,0,1
34.057123,0,1,0,1,0,0,0,0,1
34.059890,1,1,1,1,0,1,1,1,0
34.068495,1,0,1,1,0,1,1,1,1
34.071943,0,1,1,1,0,0,1,0,0
34.079002,1,0,0,0,1,1,1,0,1
34.082241,0,1,1,1,0,1,0,0,0
34.089854,1,1,1,0,1,1,1,1,0
34.096269,0,0,1,1,0,0,0,1,1
34.099748,1,1,1,0,0,1,1,0,0
34.107349,0,0,1,1,1,0,0,0,1
34.114052,0,1,1,0,1,1,1,1,1
34.117682,0,0,0,1,0,1,1,1,0
34.121858,0,1,0,1,1,0,1,1,1
34.125123,0,1,0,1,0,0,1,1,0
34.132621,1,0,0,1,0,0,1,1,0
34.138104,1,1,1,1,0,0,0,1,1
34.146761,0,1,1,1,0,1,1,0,1
34.153888,0,1,1,0,0,1,1,0,1
34.161008,1,1,0,1,0,1,0,1,1
34.169925,1,1,0,0,1,0,0,1,0
34.173144,1,1,1,1,1,1,0,1,0
34.183118,0,1,0,0,0,1,0,1,1
34.186559,0,0,0,0,1,0,1,0,0
34.191049,0,0,1,0,1,1,1,0,1
34.197995,0,1,1,0,0,0,1,1,0
34.199710,1,1,0,1,0,0,1,0,1
34.202634,0,1,0,1,1,1,0,1,0
34.208061,1,1,0,1,1,1,0,0,0
34.212466,0,0,0,1,0,0,0,0,1
34.216930,0,0,1,0,0,0,0,1,1
34.224555,0,0,1,1,1,0,1,0,0
34.230562,1,1,1,0,1,1,0,0,0
34.233223,1,1,1,0,0,1,1,0,0
34.237523,0,0,1,0,0,1,0,0,0
34.241163,0,1,1,0,0,0,0,0,1
34.250380,1,1,1,1,1,1,0,0,1
34.257348,1,1,1,1,1,0,1,0,0
34.265934,1,0,1,0,0,0,1,0,0
34.266934,1,0,0,1,1,0,1,0,1
34.273271,1,0,0,1,0,1,1,0,0
34.281189,0,1,0,0,1,0,0,0,0
34.289891,1,0,1,0,0,1,0,1,1
34.298870,1,0,1,1,0,0,1,1,0
34.302801,0,0,0,1,0,0,1,0,1
34.309429,1,0,1,1,0,1,1,1,0
34.315884,1,0,0,0,1,0,1,1,1
34.319332,1,1,0,1,1,1,1,1,1
34.326862,0,1,1,1,1,0,1,1,1
34.336135,1,1,1,1,0,0,1,1,0
34.338229,0,0,1,0,1,0,1,1,0
34.347296,1,1,1,0,0,1,0,1,0
34.350305,1,1,1,1,0,1,1,0,1
34.354992,1,0,0,0,1,0,0,0,0
34.362229,1,1,1,0,1,0,0,0,1
34.364855,1,1,0,1,1,0,0,0,1
34.371252,1,1,0,1,1,0,0,1,1
34.381220,1,0,0,1,1,0,0,0,1
34.388643,0,1,0,0,0,0,0,0,0
34.396018,0,1,0,0,0,0,1,1,0
34.402243,0,1,0,1,0,1,0,0,1
34.404026,0,0,1,1,1,0,1,0,1
34.406211,1,0,1,1,1,1,1,1,0
34.407897,0,0,1,0,0,1,1,1,0
34.416733,0,1,0,1,1,1,0,0,0
34.423396,0,0,1,1,1,0,0,1,0
34.424869,0,1,0,0,1,0,1,1,1
34.426704,1,1,1,0,1,1,1,1,1
34.428104,0,1,1,1,0,0,0,1,1
34.432872,0,1,1,1,0,1,0,0,0
34.439600,0,1,0,1,0,1,1,1,0
34.444134,1,1,0,1,1,1,1,0,0
34.447996,1,0,0,1,1,0,1,1,0
34.450964,1,0,0,1,0,0,1,1,1
34.456042,0,0,1,1,0,1,1,1,0
34.460325,0,0,1,0,0,1,0,0,0
34.464025,0,0,1,1,0,0,0,1,1
34.465192,1,1,1,0,0,1,0,0,0
34.471876,1,0,1,1,0,0,0,1,0
34.476247,0,0,1,0,0,0,0,0,1
34.480410,0,0,1,0,0,1,1,1,0
34.488410,1,0,0,0,1,0,1,0,1
34.496773,1,0,1,1,0,1,0,1,0
34.500267,0,0,0,0,1,0,0,0,1
34.505240,0,1,1,0,1,1,1,0,1
34.508354,1,0,1,0,0,0,0,0,0
34.517602,1,1,0,1,0,1,1,0,0
34.519201,0,1,0,1,1,1,1,1,1
34.524007,1,0,1,1,0,1,1,0,0
34.527058,0,1,1,1,0,1,0,1,1
34.530378,0,0,0,1,1,1,1,0,0
34.537040,1,1,1,0,0,0,0,0,0
34.541940,0,0,0,1,1,0,0,1,0
34.547455,0,0,0,0,0,1,1,1,1
34.548793,0,0,1,0,1,1,0,1,1
34.554790,0,1,1,0,1,1,0,1,0
34.559513,1,0,0,0,0,0,1,0,1
34.568361,1,1,0,1,1,1,0,0,1
34.577580,1,1,0,1,1,0,0,1,1
34.585648,0,0,1,1,1,1,1,1,0
34.592132,1,1,1,0,0,0,1,0,0
34.596994,1,1,0,0,0,1,1,1,0
34.601293,1,0,0,0,1,0,1,0,1
34.606737,0,1,1,0,0,1,1,1,0
34.608278,1,0,1,0,1,1,1,0,1
34.614323,1,1,1,0,0,0,1,1,1
34.615709,1,1,0,0,0,1,0,1,1
34.622182,1,0,1,0,1,0,0,0,1
34.627165,1,0,1,1,0,0,1,1,0
34.631219,0,0,0,1,1,1,0,1,1
34.635844,1,1,1,0,0,1,0,0,1
34.637189,0,1,0,0,1,0,1,1,0
34.645266,0,1,0,1,1,0,0,0,1
34.648066,0,0,0,1,1,0,1,0,1
34.655857,0,1,1,1,0,1,1,0,1
34.658235,1,1,0,1,1,1,0,1,1
34.661689,0,1,1,0,0,0,0,0,0
34.664079,0,1,0,0,0,1,1,1,0
34.666063,0,1,0,1,1,0,0,0,0
34.667767,1,0,0,0,1,0,1,1,0
34.671181,1,0,1,0,1,0,0,0,1
34.676278,0,1,1,0,0,0,0,0,1
34.680642,1,1,1,0,1,1,0,1,0
34.689257,1,0,0,1,1,1,1,1,0
34.693471,1,0,1,1,0,1,1,0,0
34.702595,0,1,1,0,1,1,1,1,0
34.708437,1,1,0,1,1,0,0,1,0
34.717708,0,0,0,0,1,0,0,1,0
34.726992,0,1,1,0,0,0,1,1,0
34.729204,0,0,1,0,0,0,0,0,1
34.737177,1,0,1,1,1,1,0,1,0
34.739140,0,0,1,1,0,0,0,1,0
34.746350,0,0,0,0,0,1,1,0,0
34.748012,0,1,1,0,1,1,0,0,0
34.754129,0,1,1,0,0,0,0,1,0
34.756528,1,0,0,0,0,0,0,0,0
34.761608,0,0,0,0,0,0,0,1,0
34.762805,1,1,0,1,1,0,1,1,1
34.765846,0,1,1,0,1,0,0,0,0
34.771141,0,0,1,1,1,1,0,0,1
34.780290,1,1,1,1,1,1,1,0,1
34.781835,0,1,1,0,1,0,1,0,0
34.784033,0,0,0,1,0,0,1,0,0
34.787092,1,0,1,0,1,1,1,0,1
34.789032,1,0,0,1,1,0,1,0,0
34.796483,1,1,1,0,0,0,0,1,1
34.804366,1,0,0,1,1,0,1,0,1
34.810441,1,1,0,1,0,1,0,0,1
34.815477,1,1,0,1,0,1,0,0,1
34.822537,1,1,1,0,0,1,1,1,1
34.829505,1,0,1,1,1,0,1,0,1
34.836643,0,1,1,1,0,1,1,1,1
34.845137,0,1,1,1,0,1,0,1,1
34.850109,0,0,1,0,0,1,0,1,1
34.859505,0,1,0,1,1,0,1,1,1
34.865127,1,1,1,0,1,1,1,0,1
34.870498,1,0,1,0,0,1,1,0,1
34.876016,0,1,1,1,1,1,1,0,0
34.877885,0,0,1,1,1,1,1,0,1
34.885181,1,0,0,1,0,1,1,1,0
34.888916,1,0,1,1,1,0,1,1,0
34.891324,0,1,1,1,1,1,1,0,0
34.899872,0,1,1,0,0,0,0,0,1
34.902484,0,0,1,0,1,1,0,1,1
34.909721,1,0,1,1,0,1,0,1,1
34.914458,1,0,1,0,0,1,0,0,0
34.915458,1,0,1,1,1,1,1,0,1
34.920778,1,0,0,0,1,1,1,1,0
34.925932,0,1,0,1,0,0,0,1,1
34.934556,0,0,1,1,1,1,1,0,0
34.942592,1,1,1,1,0,1,0,1,0
34.946047,0,1,0,1,1,1,0,0,0
34.953440,1,0,1,0,0,0,1,0,0
34.955993,1,1,0,1,0,0,1,1,1
34.958997,1,0,1,0,1,0,0,0,0
34.960118,0,0,1,0,0,1,1,1,0
34.964149,1,0,1,0,1,1,0,0,0
34.971149,0,1,1,1,0,1,0,0,1
34.973352,0,1,0,0,0,0,0,1,0
34.981683,0,1,1,0,1,0,0,1,1
34.984558,1,1,1,1,0,0,1,0,1
34.992150,1,1,0,0,0,1,0,1,1
35.001928,1,1,0,1,0,0,0,1,0
35.009815,1,1,0,0,1,0,1,1,0
35.012164,0,1,0,0,1,1,1,1,1
35.016864,1,0,0,1,0,1,0,1,1
35.023416,0,0,0,1,0,0,0,0,1
35.029998,1,0,1,0,0,0,0,1,0
35.032039,1,1,1,0,1,0,1,1,1
35.040698,0,0,0,1,1,1,1,1,1
35.047476,1,0,1,0,0,1,1,1,0
35.048546,0,0,1,1,0,0,0,1,0
35.053317,1,0,0,0,0,1,1,1,1
35.057723,0,1,1,0,1,1,0,0,1
35.066852,0,1,1,1,1,1,1,0,1
35.070717,0,0,1,1,1,0,0,1,1
35.076003,0,1,0,0,0,0,1,1,1
35.079761,1,1,0,1,1,1,0,1,0
35.084021,0,0,1,1,0,0,0,0,0
35.091404,1,0,1,0,0,1,0,1,1
35.098488,0,0,0,0,0,1,0,1,1
35.104462,1,1,1,1,1,1,1,0,0
35.110811,0,0,0,0,0,0,0,1,0
35.120652,0,1,0,0,1,0,1,1,0
35.125275,0,0,0,1,1,1,0,0,0
35.135038,0,0,1,0,0,0,1,1,0
35.141286,0,1,1,1,1,1,1,1,0
35.145175,1,1,0,0,1,1,0,0,1
35.151670,0,0,1,1,1,1,0,0,0
35.155885,1,1,0,1,0,1,1,1,1
35.158272,1,1,0,0,1,1,1,1,1
35.164316,1,0,1,1,0,1,0,1,0
35.169413,0,0,1,1,1,0,1,1,0
35.174220,1,1,0,1,0,1,1,0,1
35.178329,0,0,0,1,0,1,0,0,1
35.185828,1,0,0,1,0,0,0,1,0
35.190548,1,1,0,0,0,1,0,1,1
35.199202,1,0,0,0,0,0,0,0,0
35.200450,0,1,0,1,1,0,1,1,0
35.202903,1,0,0,1,0,1,1,1,1
35.209188,1,1,0,0,0,0,0,0,0
35.214780,0,0,1,1,1,0,1,0,1
35.219648,1,1,0,1,0,0,0,1,1
35.228533,1,1,1,1,1,0,1,0,1
35.230800,0,1,0,0,1,0,0,1,1
35.239365,1,0,0,1,0,1,0,0,1
35.242322,0,0,1,0,0,0,1,0,1
35.248180,1,1,0,0,1,0,1,1,1
35.253020,0,0,1,1,0,0,0,0,1
35.255480,0,1,0,0,1,1,1,0,0
35.257505,1,1,0,1,0,0,1,1,0
35.263172,0,1,1,1,1,0,1,1,1
35.272607,1,1,1,0,1,1,1,0,0
35.278523,1,0,1,0,0,1,0,0,1
35.279523,1,1,1,1,1,0,1,1,0
35.284554,1,1,1,1,1,0,0,1,0
35.292184,1,0,1,1,0,0,0,1,0
35.298369,0,0,0,0,1,0,0,0,0
35.303210,1,1,1,0,0,0,0,1,1
35.309457,0,0,0,1,1,0,1,1,1
35.310720,1,0,0,0,0,1,0,0,0
35.318755,0,1,0,1,1,0,0,0,0
35.325941,1,1,0,0,1,1,0,0,1
35.335683,0,1,1,0,0,1,0,1,1
35.341911,1,0,1,1,1,1,1,1,0
35.346511,0,0,1,0,1,1,0,1,1
35.354687,0,1,1,1,0,1,0,1,1
35.362548,0,1,0,0,0,0,1,1,0
35.371862,1,0,0,1,1,0,1,1,1
35.374193,0,1,1,0,1,1,1,0,0
35.383465,1,1,0,0,1,0,0,1,1
35.385711,1,0,0,1,0,1,1,0,0
35.395648,0,1,1,0,0,0,1,1,0
35.400020,0,1,0,0,0,1,0,1,0
35.401510,0,0,1,0,1,0,0,1,0
35.405853,0,1,1,1,1,0,1,1,1
35.413281,0,0,0,1,1,0,0,1,1
35.423006,1,0,0,0,1,0,0,0,0
35.427780,0,0,0,1,0,1,0,0,0
35.435524,1,0,1,1,1,1,0,0,1
35.444750,0,0,0,1,0,1,0,0,1
35.451150,1,0,0,0,1,1,1,1,1
35.460426,0,1,0,1,0,0,1,0,1
35.463409,0,1,0,1,0,1,1,1,0
35.470094,0,1,0,0,0,0,1,0,1
35.473975,0,1,1,1,1,1,0,0,0
35.481511,0,0,0,0,0,0,1,1,1
35.486775,1,0,0,1,0,0,0,1,0
35.496520,0,1,0,1,1,0,1,1,0
35.502075,1,0,0,1,0,0,1,0,1
35.507707,1,0,0,0,0,0,1,0,0
35.511955,1,1,0,0,0,0,1,0,1
35.512955,1,0,0,0,1,0,1,0,0
35.514136,0,0,1,1,1,1,0,0,1
35.521301,1,1,1,0,0,1,1,1,0
35.528940,1,1,0,0,1,0,1,0,1
35.530220,0,1,0,0,0,1,0,0,0
35.536433,1,0,1,0,0,0,0,0,0
35.541139,0,0,1,1,1,1,0,1,0
35.547961,0,1,1,1,0,0,0,1,1
35.554115,1,0,0,1,1,1,0,0,1
35.560477,1,1,1,1,0,0,1,0,0
35.566537,1,1,0,0,1,1,0,0,1
35.574914,1,1,0,0,1,0,1,1,1
35.580483,0,1,1,0,0,1,0,0,1
35.586370,0,1,1,0,1,1,1,0,0
35.590766,1,1,0,0,1,1,1,1,0
35.594266,0,1,0,0,1,0,0,1,1
35.596797,0,0,0,1,1,1,0,0,0
35.600037,1,0,0,0,0,0,1,0,1
35.608978,0,1,0,1,1,0,0,1,1
35.618195,1,0,0,0,0,1,1,1,1
35.619575,0,0,0,1,0,1,1,0,0
35.622255,0,1,0,1,1,0,0,1,0
35.628790,1,0,0,1,0,1,1,1,1
35.632997,1,1,0,0,1,0,0,1,0
35.642074,1,0,1,0,1,1,1,1,0
35.648969,0,1,1,0,1,0,1,0,0
35.655513,1,0,1,1,0,1,1,0,1
35.664958,0,0,0,0,1,1,0,0,1
35.669906,0,0,1,1,0,1,1,1,0
35.676928,0,1,1,0,0,0,0,0,0
35.683560,0,1,1,1,1,1,0,0,0
35.685558,1,0,1,0,0,0,1,1,0
35.690857,1,1,0,0,1,0,0,0,1
35.694373,1,1,0,0,0,0,0,1,1
35.702541,0,1,0,1,0,1,0,1,0
35.711027,0,0,1,0,0,0,1,1,0
35.714892,0,0,1,0,1,0,0,0,1
35.722325,0,0,0,0,0,0,0,0,1
35.725300,0,0,0,0,0,1,0,1,0
35.728939,0,0,0,0,0,1,1,0,1
35.732496,0,1,0,1,0,1,0,1,1
35.741912,0,0,1,1,1,0,0,1,0
35.744351,0,1,0,0,0,0,1,1,1
35.746568,1,0,1,1,1,0,0,0,0
35.753433,0,1,0,1,1,0,1,0,0
35.761853,0,1,0,0,0,0,0,0,1
35.763249,0,1,0,0,0,0,1,0,0
35.768575,1,0,1,0,1,0,1,1,1
35.774746,0,0,0,1,0,1,1,0,0
35.781199,1,1,0,1,1,1,1,1,0
35.791013,1,0,0,1,1,1,1,0,1
35.799039,0,0,0,0,0,1,1,1,1
35.804783,0,0,0,0,0,1,1,0,1
35.814537,1,1,0,1,0,0,0,0,0
35.818440,0,0,0,1,0,1,0,1,0
35.824027,1,0,1,0,1,0,0,0,0
35.830027,0,0,0,1,1,1,0,0,1
35.837684,1,0,0,0,0,0,0,0,0
35.843197,0,1,0,0,1,1,1,1,0
35.849255,0,0,1,1,0,0,1,1,0
35.857865,0,0,0,1,1,1,0,0,1
35.865924,0,1,0,1,1,0,0,0,0
35.869472,1,1,1,1,0,0,1,0,1
35.873094,1,0,1,0,1,1,0,0,1
35.881596,1,0,1,1,1,1,0,1,0
35.891554,1,1,0,0,0,1,1,0,0
35.896446,1,1,1,1,0,1,1,0,0
35.902786,0,1,0,0,1,1,0,0,1
35.912465,0,0,1,1,1,0,0,0,0
35.913591,1,1,1,1,1,0,0,0,1
35.915309,0,1,0,1,0,1,1,0,1
35.921120,1,0,0,1,1,1,1,1,0
35.927757,1,1,1,1,0,1,1,1,1
35.931001,0,0,0,1,1,1,1,0,0
35.940092,0,1,0,0,0,1,1,0,1
35.949226,0,0,0,1,0,1,1,1,0
35.955771,1,1,1,1,1,1,0,1,0
35.961448,1,1,0,0,1,0,0,0,0
35.966967,0,1,1,1,1,1,0,0,0
35.969940,1,0,1,0,0,1,0,1,1
35.978949,1,1,0,1,1,1,1,1,0
35.985604,1,1,1,1,1,0,1,0,0
35.986950,1,0,1,1,1,1,1,0,0
35.992008,1,0,0,1,1,0,1,1,0
35.999029,0,0,1,0,0,0,1,1,0
36.001992,0,0,1,0,0,0,1,1,0
36.006626,0,1,1,0,0,0,0,0,1
36.010180,1,0,1,1,1,1,0,1,0
36.011743,0,1,1,1,1,0,0,0,1
36.016709,1,1,1,1,0,0,0,0,1
36.025657,1,1,1,0,0,1,0,1,0
36.030341,0,1,0,1,0,0,0,0,0
36.031360,1,1,0,0,1,1,0,1,1
36.032973,0,1,1,0,0,1,1,1,1
36.041528,0,1,0,1,1,1,1,0,1
36.042934,1,0,1,1,1,1,1,1,1
36.045150,1,0,0,1,0,0,0,1,1
36.046699,0,0,1,0,0,1,1,1,1
36.051113,0,0,1,1,1,1,1,0,0
36.060517,1,0,0,1,1,0,0,1,0
36.063848,1,1,0,1,0,0,1,0,1
36.073337,0,1,1,1,0,0,0,1,0
36.082059,1,1,0,0,1,0,0,0,1
36.083202,0,0,1,1,1,0,0,1,0
36.091423,1,1,0,0,1,1,1,1,1
36.097717,0,1,1,1,1,0,0,1,0
36.106088,0,0,1,1,1,0,0,0,1
36.110880,1,1,1,1,0,1,0,1,0
36.119620,1,0,1,0,0,0,0,0,0
36.124544,1,1,0,1,1,0,0,1,0
36.131191,1,1,0,0,1,0,1,0,1
36.136960,1,1,1,0,1,1,1,0,0
36.140937,0,1,1,1,1,0,1,1,0
36.142720,1,1,1,0,0,0,0,1,1
36.148160,1,0,0,0,0,1,0,0,0
36.156231,0,0,1,1,1,1,1,0,0
36.164831,1,0,1,1,0,0,0,1,0
36.167908,0,0,0,1,1,0,1,1,0
36.177309,1,1,0,0,0,0,1,0,0
36.182108,0,0,0,1,1,1,0,0,1
36.183385,1,0,0,1,1,0,1,0,1
36.192888,1,1,0,1,1,0,0,0,0
36.199325,0,1,1,0,0,0,0,0,0
36.205084,0,0,1,1,1,0,1,0,1
36.207526,0,1,1,0,0,0,0,1,0
36.214104,0,1,1,0,0,0,0,1,1
36.219559,0,0,1,1,1,1,1,0,1
36.224094,1,0,0,1,1,1,0,1,0
36.229902,1,0,1,1,0,1,1,0,1
36.232790,1,0,1,1,0,1,1,0,1
36.235093,1,1,1,0,0,1,0,0,0
36.241378,1,0,0,1,0,0,0,1,1
36.243531,1,1,1,0,1,1,1,1,1
36.252338,1,0,0,0,1,1,1,1,0
36.261630,0,1,0,0,0,1,0,0,0
36.265785,1,1,0,0,1,1,1,0,0
36.269152,0,0,0,0,0,1,1,1,1
36.277308,1,0,0,1,1,1,1,0,0
36.281338,0,1,1,0,0,1,0,1,0
36.285155,1,0,1,0,0,1,1,1,0
36.293655,0,0,1,1,1,1,0,1,0
36.301570,1,1,0,1,0,1,1,1,0
36.306419,0,0,0,0,1,0,0,1,1
36.313028,0,1,1,0,1,0,0,1,1
36.315416,1,0,1,1,1,0,1,1,1
36.321967,1,0,0,1,0,0,0,1,0
36.327193,1,0,0,0,0,0,0,0,0
36.329909,1,0,0,1,1,0,0,1,0
36.337076,1,0,1,1,1,1,0,1,0
36.345804,0,1,1,0,0,0,0,1,1
36.347596,1,1,1,1,1,1,0,0,0
36.351075,0,1,1,0,1,1,1,0,1
36.356697,0,0,1,0,1,0,1,1,0
36.364501,1,0,0,0,1,1,1,1,0
36.372385,0,0,1,0,1,0,1,1,0
36.382365,0,0,0,0,0,1,0,0,0
36.392014,0,0,1,0,0,1,0,0,0
36.394349,0,1,0,1,0,0,0,0,0
36.399645,0,0,0,1,0,0,0,0,0
36.401739,0,1,1,0,1,0,0,1,1
36.406307,1,0,1,1,1,0,1,1,1
36.409612,1,0,1,1,1,1,1,0,1
36.419105,0,1,0,0,0,0,1,1,0
36.422700,1,1,0,0,0,1,0,1,1
36.427818,0,1,0,1,0,1,1,0,1
36.436182,0,1,1,1,0,1,0,0,0
36.442207,1,1,1,0,1,0,0,1,1
36.446771,1,0,1,0,0,1,0,1,0
36.452436,0,1,1,1,0,0,0,0,0
36.458044,1,0,0,1,1,1,1,1,0
36.461761,1,1,1,1,0,1,0,0,1
36.465174,0,1,1,0,0,0,0,0,0
36.470995,1,0,1,1,0,1,1,0,1
36.477922,0,0,1,1,0,0,1,1,0
36.480625,1,0,0,0,1,0,0,1,1
36.489110,1,0,0,0,1,1,1,1,1
36.494040,1,0,0,1,0,1,1,0,0
36.502461,1,0,1,1,1,1,1,0,0
36.504938,0,0,1,0,0,0,0,1,0
36.514590,0,1,0,1,1,0,0,1,1
36.522203,0,1,1,0,0,0,1,0,0
36.524880,0,0,0,1,0,0,0,0,0
36.531491,0,0,1,1,1,1,1,0,1
36.533182,1,1,1,0,0,0,1,1,1
36.540287,1,0,1,0,0,1,0,0,1
36.543384,1,1,0,1,1,1,1,0,1
36.550829,1,0,1,1,0,1,0,0,1
36.559457,0,1,0,0,1,0,1,0,1
36.564246,1,0,1,1,1,0,0,1,0
36.567496,0,0,1,0,1,0,0,1,1
36.577194,1,0,1,0,1,0,0,1,1
36.579477,1,0,0,1,0,1,0,1,0
36.585443,1,1,0,0,1,0,0,1,0
36.589415,0,1,0,1,0,0,0,0,0
36.598809,1,0,0,1,0,0,0,0,1
36.600623,1,1,0,0,0,1,1,0,0
36.610613,1,0,1,1,0,1,0,0,0
36.618008,0,0,1,1,1,0,1,1,0
36.627398,0,1,0,1,1,0,0,1,0
36.630822,0,0,0,1,1,1,0,1,1
36.638825,0,1,1,1,1,1,0,0,1
36.644510,1,0,0,1,1,0,0,0,0
36.646421,0,0,1,0,0,1,1,1,0
36.647752,1,0,1,1,1,1,0,0,1
36.656171,0,0,1,0,1,1,1,1,1
36.665361,0,1,0,0,0,1,0,1,0
36.668808,1,1,1,1,1,1,0,0,0
36.674670,0,1,1,1,0,0,1,0,0
36.681391,0,0,0,0,1,0,1,0,0
36.690076,1,1,1,1,1,0,1,1,1
36.691076,1,1,0,1,0,1,0,0,1
36.700282,0,1,1,0,1,0,0,1,0
36.708263,1,1,0,0,1,1,0,1,0
36.715950,0,1,0,0,0,0,1,0,0
36.723692,0,1,1,0,1,1,0,1,1
36.725330,1,0,1,1,0,0,0,1,0
36.731326,0,0,0,0,0,1,1,1,1
36.736399,0,0,1,1,1,1,1,0,0
36.743879,0,1,0,0,1,0,0,0,1
36.751641,0,0,1,0,1,0,1,1,0
36.754891,0,0,1,0,0,1,1,0,0
36.756757,0,1,1,0,0,0,0,1,1
36.760310,0,0,1,1,0,0,1,0,0
36.767672,0,1,0,1,1,0,0,0,1
36.771174,0,1,1,1,1,0,0,0,0
36.777504,0,1,1,0,0,1,0,0,0
36.786859,0,0,0,0,1,1,0,0,1
36.788434,1,1,1,0,0,0,0,0,1
36.797927,1,0,1,0,1,0,0,1,1
36.804073,1,1,0,0,0,1,0,0,1
36.811752,1,0,0,1,0,0,0,0,0
36.817206,0,1,0,1,0,1,0,1,1
36.822993,1,1,1,0,1,0,1,1,0
36.824833,1,1,1,0,1,0,0,1,0
36.828983,0,1,0,0,0,1,0,1,0
36.833205,0,0,0,0,1,1,1,1,1
36.835497,0,0,0,1,1,0,1,1,1
36.841753,1,0,0,0,0,1,1,0,1
36.849521,0,1,1,0,1,1,0,1,0
36.857675,0,1,0,0,1,1,0,1,1
36.866651,0,0,1,0,0,1,0,0,0
36.875790,1,0,0,0,1,0,0,0,0
36.881933,0,1,0,1,0,0,0,1,1
36.885967,0,0,1,0,0,0,0,0,0
36.890798,1,1,0,0,1,0,1,0,1
36.899405,0,1,1,0,1,0,1,0,0
36.907337,1,0,0,0,1,0,0,0,1
36.911864,0,0,1,0,1,1,1,0,1
36.917773,1,1,0,1,0,0,0,1,0
36.927112,0,0,1,1,0,0,1,1,1
36.932563,1,1,0,1,1,1,0,1,0
36.934563,0,0,0,1,1,1,1,0,1
36.942352,0,1,1,1,0,0,1,0,0
36.944300,1,0,0,0,0,0,1,1,0
36.946149,0,1,1,0,1,0,1,1,0
36.956073,1,1,1,1,1,0,0,1,0
36.960991,1,1,0,1,0,0,1,0,1
36.967884,1,0,1,0,1,1,0,1,0
36.974663,0,0,1,0,0,0,0,0,1
36.983139,1,1,1,0,0,1,1,1,1
36.988543,1,1,1,1,1,0,0,1,1
36.991798,1,1,1,1,0,1,0,0,0
37.001072,1,0,0,0,0,0,1,0,0
37.009421,1,1,1,0,0,0,1,1,0
37.013005,0,1,0,1,1,1,0,0,0
37.015270,1,1,0,0,1,0,1,1,0
37.022802,1,1,1,1,0,0,0,0,0
37.027724,0,1,1,0,0,1,0,1,0
37.037713,0,0,0,0,1,1,1,1,0
37.047394,0,0,1,0,0,0,1,1,0
37.052698,0,0,1,1,1,0,1,0,1
37.058962,0,0,0,1,0,1,1,0,0
37.062808,1,0,1,1,1,1,1,1,0
37.072053,1,0,0,0,1,0,1,1,0
37.074566,1,0,1,0,1,0,1,1,1
37.082852,1,1,1,0,1,1,1,1,1
37.089639,1,0,0,1,0,0,0,1,0
37.093039,0,0,0,0,1,1,0,0,1
37.102731,1,1,1,0,0,0,0,0,0
37.111273,1,1,1,1,1,0,0,1,0
37.114112,0,0,0,0,1,1,0,1,0
37.115498,1,0,1,1,0,1,0,1,1
37.116708,0,0,0,0,1,0,0,1,1
37.121156,0,0,1,1,1,1,1,1,1
37.125729,1,0,1,1,1,1,1,1,1
37.134874,1,0,0,1,1,1,1,1,1
37.138338,0,0,0,1,1,0,0,1,1
37.147894,1,0,1,0,0,1,0,1,1
37.151283,0,0,1,0,1,1,0,1,0
37.154884,0,1,0,1,1,0,1,0,0
37.163644,0,0,0,1,1,0,1,0,1
37.173374,1,1,0,1,0,0,1,1,0
37.178679,0,0,1,1,1,0,0,0,1
37.188048,0,1,0,1,1,0,1,0,0
37.195500,0,1,0,1,0,1,0,1,0
37.201015,1,0,0,1,1,0,0,1,1
37.210189,0,0,0,1,1,0,1,0,1
37.218947,0,0,0,1,0,1,1,0,1
37.222911,0,1,1,0,0,1,1,0,0
37.227380,0,1,1,0,0,0,1,0,0
37.234095,0,0,1,0,0,0,0,0,1
37.240414,0,0,1,1,1,1,1,1,0
37.249895,0,1,0,1,1,1,0,1,1
37.251048,1,0,0,0,0,1,1,1,0
37.260488,1,1,1,1,1,0,0,0,0
37.266874,0,0,1,1,0,1,0,1,0
37.269898,1,1,1,1,0,1,1,1,0
37.275735,0,1,1,1,0,1,0,0,0
37.278610,1,0,0,1,0,1,0,1,0
37.280476,1,0,1,1,1,1,0,0,0
37.283388,0,0,0,0,1,0,1,0,0
37.287103,1,0,1,0,1,1,1,1,1
37.294314,1,1,1,0,0,0,0,1,1
37.299480,1,1,0,1,0,0,1,1,0
37.308923,1,0,1,1,0,0,1,1,0
37.310496,1,1,1,1,0,0,1,0,1
37.319682,0,1,0,0,1,0,1,1,0
37.329412,1,1,1,1,1,0,1,1,0
37.337886,0,1,1,0,0,1,0,1,1
37.347752,0,0,1,0,1,1,1,0,1
37.357636,0,0,1,1,1,1,0,1,0
37.366280,1,0,0,1,0,0,0,0,1
37.368761,1,0,0,0,0,0,1,0,1
37.377198,0,0,0,1,0,0,1,1,1
37.384288,1,1,0,0,0,1,0,1,0
37.392776,1,1,1,1,1,1,0,1,1
37.400368,1,0,1,1,1,0,0,0,0
37.409261,1,1,0,1,0,0,1,1,1
37.417585,0,1,0,0,0,1,0,0,0
37.418624,0,0,0,0,1,1,0,0,1
37.427018,0,0,1,1,1,0,1,0,1
37.428767,0,0,0,1,1,1,1,1,1
37.429992,1,1,0,1,1,1,0,1,0
37.439764,0,0,1,1,0,1,0,1,0
37.447984,1,1,0,0,1,1,0,0,0
37.453484,0,1,1,1,0,1,0,0,1
37.456261,0,1,1,0,0,1,1,1,0
37.460713,0,0,1,0,0,1,1,0,1
37.468597,1,0,1,1,0,0,0,0,1
37.477912,0,0,1,1,0,1,1,1,0
37.481517,0,1,1,0,1,0,1,0,0
37.485725,0,0,0,0,1,0,0,0,1
37.487278,0,0,1,1,1,0,0,0,0
37.489627,0,1,1,0,0,0,0,0,0
37.497050,1,0,1,1,1,1,0,0,1
37.505723,0,0,1,1,1,0,0,0,0
37.513510,1,0,1,0,1,0,0,1,1
37.519710,1,0,1,1,0,1,1,0,0
37.523014,0,1,0,1,0,0,0,1,1
37.529353,1,1,0,0,1,1,1,0,1
37.538077,0,0,0,1,1,1,1,0,1
37.542506,0,1,1,0,1,0,0,1,0
37.552404,0,1,0,0,0,0,0,0,0
37.559718,0,1,0,0,1,0,1,0,1
37.567873,0,0,1,0,0,1,1,1,1
37.573158,0,1,0,1,0,1,1,0,0
37.581347,1,1,0,1,0,1,1,0,0
37.590154,0,1,0,1,1,0,1,1,1
37.598454,1,1,0,0,0,0,1,1,0
37.606545,1,1,0,0,1,1,0,1,0
37.614445,0,1,0,0,1,1,1,1,1
37.624184,1,1,1,1,0,0,0,1,0
37.628883,0,0,0,1,1,0,1,1,1
37.629896,1,1,0,0,0,1,1,1,1
37.634745,1,0,1,0,0,1,0,1,0
37.644681,1,1,0,0,1,1,1,1,0
37.653828,1,0,1,1,1,0,0,0,1
37.658977,0,0,1,0,1,0,0,0,1
37.660971,1,1,0,0,1,1,1,0,0
37.669726,0,1,0,0,1,1,0,0,1
37.672716,0,0,1,0,0,0,0,1,1
37.678740,1,1,1,0,1,1,0,1,0
37.680203,0,1,1,1,1,0,0,1,0
37.684803,1,1,0,1,0,1,0,1,1
37.690991,1,1,1,0,0,0,0,1,1
37.699476,0,1,0,0,1,1,1,0,1
37.701601,0,0,0,1,1,0,0,0,1
37.711137,1,0,1,0,1,0,0,1,1
37.713939,1,1,0,0,0,0,0,1,1
37.717475,0,1,0,0,1,0,0,0,0
37.722238,0,0,0,1,1,0,0,0,0
37.726173,0,0,1,1,0,0,1,0,1
37.734494,1,1,1,0,1,1,1,1,0
37.741618,1,1,1,0,0,0,1,0,0
37.745022,0,0,0,1,0,0,0,1,0
37.748149,0,1,1,0,0,0,0,1,1
37.753259,1,0,0,0,0,0,0,0,1
37.760871,1,1,1,0,0,1,1,1,1
37.761972,1,1,0,0,1,0,0,1,1
37.764055,1,0,1,1,1,0,1,1,0
37.772555,1,1,0,0,1,0,1,0,1
37.774072,1,0,1,0,1,0,1,1,1
37.783283,1,0,0,0,0,0,1,1,1
37.787213,1,1,0,0,0,1,1,1,1
37.793828,0,0,0,1,0,1,1,1,1
37.795859,0,0,1,0,1,0,0,0,0
37.802335,0,1,0,0,0,1,1,1,1
37.810939,1,1,1,0,1,1,0,0,0
37.813918,1,1,1,0,0,1,0,0,1
37.822260,1,1,1,0,1,0,0,1,1
37.823410,0,0,1,1,1,0,0,0,1
37.832356,0,1,1,1,0,1,0,0,0
37.835111,1,0,0,1,1,0,0,0,0
37.840634,0,0,1,0,1,1,1,0,0
37.843352,0,0,0,1,0,1,1,1,0
37.850991,0,1,0,1,1,1,0,1,0
37.852777,0,1,0,0,0,1,0,0,0
37.859014,0,1,0,0,0,0,0,1,1
37.861864,0,0,0,1,1,1,0,0,1
37.868564,0,1,1,1,1,0,1,1,1
37.869897,1,0,0,0,0,0,1,1,0
37.872272,0,0,0,0,1,0,0,0,1
37.879231,1,0,1,0,1,1,1,1,0
37.887059,1,0,1,1,0,0,1,0,0
37.894941,0,0,1,0,1,1,1,1,1
37.902945,0,0,0,1,1,0,0,1,1
37.904974,0,1,0,1,1,1,0,0,0
37.909860,1,0,0,1,0,1,0,0,1
37.913537,1,1,1,0,0,1,1,0,0
37.918691,0,1,1,1,0,1,1,1,0
37.921273,1,0,1,1,0,1,0,0,0
37.925467,1,1,0,1,0,1,1,0,1
37.930659,0,1,0,1,0,1,1,1,1
37.933945,0,1,0,0,0,0,0,1,0
37.935429,1,0,1,0,1,1,0,0,0
37.943203,1,0,1,0,0,1,1,1,0
37.947794,0,0,1,0,1,0,1,0,0
37.948955,1,0,1,1,0,0,1,0,1
37.955425,1,0,0,1,0,0,0,1,0
37.960198,1,1,1,0,1,1,1,0,1
37.968038,0,1,1,1,1,0,1,0,1
37.971695,0,1,1,0,1,0,0,0,0
37.978299,1,0,1,0,1,1,0,0,0
37.983372,1,1,0,1,0,0,0,1,0
37.984483,1,0,0,0,0,0,1,1,1
37.989340,0,1,1,1,0,0,0,0,0
37.991263,1,0,0,0,0,0,1,0,1
37.993632,0,0,0,0,1,0,0,0,1
38.000596,1,0,0,1,1,0,0,1,1
38.003257,0,1,1,0,0,0,1,0,0
38.008667,1,1,0,0,0,1,1,0,0
38.011759,0,0,1,0,0,1,1,1,1
38.013153,0,0,0,0,1,1,1,0,1
38.016582,0,0,1,1,1,1,0,0,1
38.025760,0,1,0,0,1,1,1,1,0
38.030104,0,0,0,1,0,1,0,1,1
38.038257,1,1,1,1,0,1,0,0,1
38.047507,0,0,1,0,0,1,0,1,0
38.057498,1,0,1,0,0,1,0,1,1
38.067253,1,1,0,1,1,1,1,1,1
38.073592,0,0,1,1,0,0,1,0,1
38.078520,1,0,0,1,1,1,1,0,0
38.085157,1,0,1,1,1,0,1,1,0
38.089570,1,1,0,1,1,0,1,1,0
38.095207,0,1,1,0,0,0,0,0,1
38.101407,1,0,0,1,1,1,1,0,1
38.109428,0,1,0,1,0,1,0,0,1
38.112527,0,1,0,0,0,1,1,0,1
38.121142,1,1,1,1,0,0,1,0,0
38.123704,1,1,0,0,1,1,1,0,1
38.124972,1,0,0,0,1,0,0,1,1
38.129719,0,0,1,0,1,1,1,1,1
38.135275,1,1,0,0,0,1,0,1,0
38.144042,0,0,0,0,0,1,1,1,1
38.151319,1,1,1,1,0,0,0,0,0
38.156092,1,0,0,1,1,0,1,1,1
38.159418,0,0,0,0,1,1,1,1,1
38.167516,1,1,0,0,1,1,0,0,1
38.172556,0,1,1,1,0,1,1,0,1
38.177909,1,1,1,0,0,1,1,0,1
38.184309,0,1,0,0,1,1,0,0,1
38.188417,0,1,0,0,0,1,0,1,1
38.190840,1,1,1,1,1,0,0,0,0
38.199054,0,0,1,1,0,0,1,0,0
38.208860,0,1,0,0,0,0,0,1,0
38.211505,0,1,0,1,0,1,0,1,1
38.214688,1,0,0,1,1,1,1,1,0
38.221122,0,0,1,1,0,0,0,0,1
38.229965,0,1,1,0,0,1,1,1,1
38.234459,0,0,1,1,1,0,1,0,0
38.237422,0,0,1,1,0,0,0,0,1
38.240932,1,0,0,0,1,1,0,1,0
38.246796,1,0,0,1,0,0,0,0,0
38.254917,0,0,0,1,1,1,1,1,0
38.260796,0,0,0,1,1,0,1,0,0
38.266109,1,1,0,1,1,0,1,1,1
38.267490,1,1,1,1,1,0,0,0,1
38.273449,1,0,0,0,1,1,0,0,0
38.277599,0,0,1,1,0,1,1,0,0
38.286514,1,1,1,1,1,0,1,0,1
38.295524,1,1,1,1,1,0,1,0,1
38.304265,0,0,0,0,1,0,0,0,1
38.308955,0,0,1,1,1,0,1,0,0
38.314483,0,0,1,1,1,1,1,1,0
38.317003,1,0,1,1,1,0,1,0,0
38.319316,0,0,0,1,1,0,1,0,0
38.325658,1,1,0,0,0,0,0,1,1
38.331568,0,1,1,0,0,1,0,1,1
38.335402,1,1,0,0,0,0,0,1,1
38.341107,1,0,0,0,0,1,1,0,0
38.347004,1,1,0,1,1,1,1,1,1
38.354194,0,1,0,0,0,1,1,1,0
38.358900,1,1,0,1,1,1,1,0,0
38.363842,0,1,0,1,0,1,1,0,0
38.372729,1,0,1,1,0,1,0,0,1
38.377429,0,1,0,1,0,1,1,0,0
38.380004,0,1,1,1,1,0,0,0,1
38.382106,0,1,1,1,0,0,0,0,0
38.385477,0,1,0,1,1,0,0,0,0
38.388449,0,1,1,1,1,1,0,0,0
38.391030,0,0,0,1,1,0,1,0,1
38.395793,1,0,1,0,1,0,1,1,1
38.400692,1,1,0,0,0,1,0,0,1
38.406059,0,0,1,0,1,1,0,0,1
38.408822,0,1,0,1,0,1,1,0,0
38.415377,1,1,0,1,1,1,0,1,1
38.419470,1,1,0,0,1,0,1,1,1
38.424494,1,0,0,0,0,0,0,0,1
38.431024,0,1,1,0,1,1,0,1,1
38.434274,1,0,1,0,0,1,0,0,1
38.443363,1,0,0,0,1,0,1,1,1
38.444956,0,0,0,1,1,1,0,1,1
38.451699,0,1,1,0,1,1,1,0,1
38.454492,0,0,0,0,0,1,0,0,1
38.457077,1,1,0,1,0,1,0,1,1
38.465345,1,1,0,0,0,0,1,1,0
38.469706,1,0,1,1,0,0,1,0,1
38.479250,0,0,0,0,1,0,0,0,1
38.482316,1,0,1,0,0,1,1,0,1
38.486217,0,0,1,0,1,0,1,0,0
38.487217,0,0,1,1,1,0,0,0,0
38.491646,1,0,1,1,0,1,0,0,1
38.498745,0,1,1,1,1,1,1,0,1
38.508116,1,1,1,0,1,1,1,0,1
38.516338,1,1,1,1,0,0,1,0,1
38.518209,1,1,0,1,1,0,1,1,1
38.521589,0,1,0,0,0,0,1,0,0
38.527174,0,0,1,1,1,0,1,1,1
38.529030,0,0,0,0,1,0,1,1,1
38.537090,1,1,0,1,0,1,1,0,1
38.542892,0,1,1,0,0,0,0,1,0
38.547973,0,1,0,0,0,0,0,1,0
38.555500,1,1,0,1,1,0,0,0,0
38.564956,0,1,0,1,0,1,1,0,1
38.567598,0,0,0,0,1,0,0,0,0
38.572605,0,1,0,1,1,1,0,0,0
38.581541,1,1,0,1,1,1,1,1,0
38.587946,1,1,0,0,0,0,1,1,1
38.590627,1,0,0,0,1,0,1,0,0
38.598312,1,1,1,1,1,0,0,1,0
38.605922,0,1,0,0,0,1,0,1,1
38.613839,1,0,0,1,1,1,1,0,1
38.619633,0,1,0,0,0,1,0,0,0
38.620806,0,0,1,0,0,0,1,0,1
38.624746,0,1,1,1,1,0,1,0,1
38.626618,1,0,0,1,0,1,0,1,0
38.628020,0,1,0,0,0,0,0,0,1
38.630921,0,0,1,0,0,1,1,0,1
38.639574,0,0,0,1,0,0,0,0,0
38.645567,0,0,1,0,0,1,0,1,1
38.647282,0,0,0,1,0,0,0,1,0
38.650252,0,0,1,1,0,0,0,1,1
38.651934,0,0,0,1,0,0,0,1,0
38.660134,1,1,1,0,1,1,1,1,0
38.669990,0,1,0,1,0,0,1,1,1
38.678820,0,0,1,1,1,1,0,1,1
38.683598,0,1,0,1,1,1,0,0,0
38.689803,1,1,1,1,1,1,1,0,1
38.698436,1,0,1,0,0,0,1,0,1
38.706749,1,1,1,0,0,0,1,0,0
38.714626,0,1,1,0,1,1,0,0,1
38.719906,0,0,0,1,1,0,0,0,0
38.729325,1,0,0,1,1,1,0,1,0
38.737593,1,0,1,1,0,1,1,1,1
38.744353,1,0,0,1,0,1,1,0,1
38.748844,0,0,1,1,1,1,0,0,1
38.751227,1,1,0,1,0,1,0,1,0
38.755937,0,1,1,0,1,1,0,1,1
38.764617,0,1,1,1,0,0,0,0,1
38.767387,1,1,1,0,0,1,1,0,1
38.776569,0,0,1,0,1,1,1,0,1
38.785193,0,1,0,0,1,0,0,1,0
38.794044,1,0,0,0,0,1,0,1,0
38.803490,1,1,0,1,0,0,1,0,1
38.810433,0,1,0,1,0,1,0,0,1
38.819467,0,0,0,1,1,1,0,1,1
38.826702,1,1,0,1,1,1,1,0,0
38.835802,1,0,1,1,0,1,0,1,1
38.840541,0,0,1,0,1,1,0,1,1
38.850462,0,0,0,0,1,0,1,1,0
38.859073,1,0,0,0,0,1,0,0,0
38.863426,0,0,0,1,1,1,0,1,1
38.867342,1,0,1,0,0,0,1,1,0
38.875354,0,0,1,0,0,0,0,1,1
38.884947,0,0,1,1,1,0,1,0,1
38.887470,1,0,0,0,1,1,1,1,1
38.892825,1,1,1,1,0,1,0,0,1
38.894825,0,0,1,0,1,1,1,0,1
38.898280,1,1,1,1,0,1,1,1,0
38.905874,0,1,1,0,1,1,1,0,1
38.910891,1,1,0,0,0,0,1,1,1
38.919420,1,1,1,0,0,1,0,0,1
38.922220,0,0,1,0,0,0,0,0,0
38.925845,1,0,1,1,1,1,0,1,1
38.934811,1,0,0,1,1,0,0,0,1
38.938527,1,1,1,0,0,1,1,0,0
38.944906,1,0,0,1,1,1,1,0,0
38.949666,1,1,1,0,1,0,0,0,1
38.957756,1,0,0,1,0,1,0,1,0
38.962876,1,0,1,0,1,0,0,0,0
38.965048,1,1,1,1,1,1,0,0,0
38.968014,1,1,0,0,0,0,0,1,0
38.974469,0,1,1,1,0,0,0,0,0
38.982693,1,1,1,0,1,1,0,0,1
38.984306,1,1,1,0,1,0,0,0,0
38.987464,1,0,1,1,0,0,0,0,1
38.993508,1,1,0,1,0,0,1,0,0
39.000532,1,1,1,0,0,0,1,0,1
39.006291,0,0,1,0,1,1,1,0,0
39.011567,0,1,0,1,0,0,1,1,0
39.018581,0,0,0,0,0,1,1,0,0
39.027875,0,1,1,1,1,1,0,1,1
39.029693,0,0,0,1,1,1,1,1,1
39.032084,1,0,1,1,0,1,0,1,1
39.036162,0,1,1,1,1,1,1,1,1
39.039508,1,0,0,0,0,1,1,0,1
39.045122,0,1,0,1,0,1,1,1,1
39.046964,1,0,1,1,1,1,1,0,1
39.055029,0,0,1,0,0,1,1,0,0
39.063966,1,1,0,1,0,0,0,0,0
39.066466,1,0,0,1,1,1,1,1,1
39.069942,1,1,1,1,1,1,1,1,1
39.071331,0,0,0,0,1,1,1,1,0
39.078849,0,0,1,0,1,0,0,0,1
39.081228,0,1,1,0,1,0,1,0,0
39.087997,1,1,1,0,1,0,1,1,1
39.095421,1,1,0,1,1,1,0,0,0
39.096765,1,1,1,1,0,0,0,0,1
39.106481,0,0,0,0,1,1,0,1,0
39.113289,0,0,1,0,1,1,1,1,1
39.121887,1,0,1,0,1,0,0,1,0
39.125039,0,0,1,0,1,1,1,1,0
39.128978,1,1,1,1,0,0,1,0,0
39.132790,0,0,1,0,1,1,1,1,0
39.136850,1,0,1,1,1,0,1,1,1
39.139679,0,0,0,1,1,1,0,1,1
39.144991,1,0,0,1,0,1,1,1,1
39.153239,1,0,1,0,0,0,1,1,1
39.158922,0,1,1,1,1,1,0,0,1
39.162669,0,1,1,0,0,1,1,1,1
39.171806,0,1,0,1,1,0,1,1,1
39.180873,1,0,1,1,1,0,0,0,0
39.182959,0,0,0,0,1,1,0,1,1
39.189559,0,1,1,1,0,0,0,0,0
39.195355,0,0,0,0,1,0,0,1,1
39.200256,1,1,1,1,1,1,0,1,1
39.209588,1,1,1,0,0,0,0,0,0
39.213636,0,1,0,0,1,0,0,1,0
39.215056,1,1,0,0,1,0,0,1,1
39.222310,0,1,1,1,1,0,1,0,0
39.226370,0,1,1,0,1,1,0,0,1
39.229908,1,1,1,0,0,1,1,1,1
39.233981,1,1,0,1,1,1,0,0,1
39.240026,0,1,0,1,1,1,1,0,1
39.241958,1,0,0,1,0,1,1,0,1
39.244328,1,1,1,0,0,0,0,1,0
39.248682,1,0,0,1,1,0,0,0,1
39.257399,0,1,0,0,1,1,1,1,0
39.263583,1,1,0,0,0,0,0,0,0
39.265165,0,1,0,0,0,1,0,1,0
39.268712,0,1,1,0,0,0,1,0,0
39.272324,1,0,1,0,0,1,0,1,1
39.273888,0,0,1,0,0,1,1,0,1
39.275241,0,0,1,0,0,1,1,0,0
39.279197,0,1,0,0,0,0,1,1,0
39.287585,1,1,0,1,1,0,0,1,0
39.290285,0,0,1,1,0,1,1,1,0
39.299984,0,1,0,0,1,0,1,1,1
39.309423,1,1,0,1,0,1,0,1,0
39.310423,0,1,1,0,1,1,0,1,1
39.315023,0,1,1,1,1,1,1,0,1
39.318258,0,1,0,0,0,1,0,1,0
39.323745,0,1,0,0,0,1,1,1,1
39.327370,0,0,1,1,1,1,1,1,1
39.333237,1,0,0,1,0,0,1,1,0
39.338030,1,0,1,0,0,0,0,0,0
39.341891,1,0,0,1,0,1,1,1,0
39.347819,0,1,0,1,1,0,1,0,1
39.355233,1,1,1,0,0,1,0,1,1
39.358279,0,1,0,0,1,0,1,1,1
39.366731,1,0,0,0,1,0,0,0,0
39.374552,0,0,1,0,1,0,0,1,1
39.378849,1,0,1,1,0,0,1,1,1
39.381503,1,1,0,0,0,0,0,0,0
39.389859,1,1,1,0,0,1,1,0,1
39.395768,0,0,0,0,0,1,1,1,0
39.401078,0,1,1,0,1,1,1,1,0
39.404699,1,0,0,1,1,1,1,1,0
39.414180,1,1,1,0,0,1,0,0,0
39.417216,0,1,0,1,0,1,0,0,0
39.420379,1,0,0,0,1,1,0,1,0
39.424651,1,0,0,1,1,0,1,0,0
39.434464,1,1,1,1,0,1,0,0,0
39.441603,0,0,0,1,1,0,1,0,1
39.448512,0,1,0,0,0,1,0,0,0
39.454377,1,1,1,0,1,0,1,0,1
39.463027,0,0,0,1,1,0,0,1,1
39.466498,1,0,0,0,1,0,0,0,0
39.473979,1,0,1,1,1,1,0,0,0
39.480408,1,0,1,0,0,0,0,1,1
39.482408,1,1,1,1,0,1,0,1,0
39.488093,0,1,1,0,0,1,1,1,1
39.497956,1,0,0,0,0,0,0,0,0
39.503506,0,1,0,0,0,0,1,1,0
39.508790,1,1,1,0,0,1,1,0,1
39.511295,1,1,0,0,1,1,0,0,1
39.513683,1,0,1,1,1,1,0,0,0
39.520385,0,1,1,1,1,1,0,0,0
39.529014,0,0,1,0,0,1,1,0,1
39.535576,1,1,0,1,1,0,1,0,0
39.539802,0,0,0,0,1,0,0,0,1
39.541152,0,1,0,0,0,1,0,1,1
39.546688,0,1,1,0,1,0,0,1,0
39.552786,0,1,0,0,1,0,0,1,1
39.559883,0,1,0,0,0,1,1,1,1
39.562437,1,0,0,1,1,0,0,0,1
39.571237,0,1,0,0,1,1,0,0,1
39.581126,1,1,1,0,0,0,1,1,1
39.582439,0,1,1,1,0,0,1,1,0
39.590447,0,0,0,1,0,0,0,0,1
39.595672,1,0,1,0,1,0,0,1,1
39.603925,1,1,1,1,0,1,1,0,1
39.611529,1,0,0,0,1,0,0,1,0
39.620167,1,0,0,0,0,1,1,1,1
39.624666,0,0,0,0,0,0,0,1,1
39.629269,1,0,1,0,0,1,0,0,1
39.631999,0,1,0,1,0,0,1,1,1
39.636928,0,0,0,1,0,1,0,0,0
39.638483,1,0,1,1,0,0,1,0,1
39.645287,0,0,1,1,0,0,0,0,1
39.648691,1,1,1,1,1,1,0,1,1
39.652151,0,0,1,0,1,1,0,0,1
39.653346,1,1,1,0,1,1,0,0,1
39.662489,0,1,0,1,1,1,1,0,1
39.666237,1,0,1,1,0,1,0,1,0
39.670788,0,0,1,1,0,1,0,1,0
39.677894,0,0,1,0,1,0,1,1,1
39.679307,0,0,1,1,0,1,1,1,1
39.688369,0,0,1,0,0,1,0,0,1
39.691078,1,0,1,0,0,0,1,0,0
39.696936,1,1,1,0,1,0,1,1,0
39.705813,1,1,1,1,1,1,0,1,1
39.713347,1,0,1,1,0,1,1,1,1
39.722095,1,1,0,1,0,1,1,0,0
39.726895,1,1,0,0,0,1,0,0,0
39.733724,0,1,1,0,1,0,0,1,0
39.738263,1,1,0,0,0,0,1,0,0
39.743638,0,0,1,0,1,1,0,0,1
39.746673,0,1,1,0,0,1,0,1,0
39.753660,1,1,1,1,0,1,1,1,0
39.758243,1,1,1,0,0,1,0,0,0
39.766958,0,1,1,0,1,1,0,0,0
39.769660,0,0,1,1,1,1,1,1,1
39.778308,1,1,1,1,1,0,1,1,0
39.784860,1,0,1,1,0,0,0,1,0
39.792860,0,0,0,0,0,1,1,1,1
39.801229,0,0,0,1,0,1,1,0,1
39.809444,0,0,0,0,1,0,0,0,0
39.811828,0,0,0,0,0,0,1,0,0
39.813358,0,1,1,1,1,0,0,0,1
39.817242,0,1,1,1,1,1,1,0,0
39.824774,0,1,0,1,1,1,0,0,1
39.825903,1,1,1,1,1,1,0,0,1
39.827589,1,0,1,0,1,1,0,0,1
39.834317,1,0,0,1,1,1,0,1,0
39.843517,1,1,0,0,0,0,1,1,0
39.850879,1,1,1,1,1,1,1,1,0
39.852251,1,0,1,0,0,0,1,0,1
39.859641,0,0,0,0,0,1,1,0,0
39.864545,1,0,0,0,0,0,0,0,0
39.867024,1,0,0,1,0,0,0,1,1
39.872074,0,1,1,0,1,0,1,1,0
39.877964,1,1,1,1,0,1,1,1,1
39.879386,1,1,1,0,0,0,1,1,0
39.887556,0,0,0,0,1,0,1,1,0
39.894556,0,0,0,1,0,0,0,1,1
39.902148,1,1,0,1,0,0,0,0,1
39.904772,0,0,1,0,0,0,1,0,1
39.908762,1,1,1,0,1,0,0,0,0
39.913580,1,1,0,0,0,1,1,1,1
39.916914,0,1,0,1,1,1,1,0,1
39.920041,0,1,0,1,0,0,0,1,0
39.927116,0,0,1,0,0,0,0,0,0
39.936758,1,1,1,1,0,0,0,0,0
39.946510,0,0,1,1,0,1,1,1,0
39.950395,0,0,0,0,0,0,1,0,0
39.959411,1,1,0,0,1,1,1,1,0
39.960903,0,1,0,1,0,1,1,0,1
39.964474,1,0,1,0,1,0,1,0,0
39.972611,1,0,1,1,0,0,1,0,1
39.982058,0,1,1,1,0,1,1,0,0
39.987358,0,1,1,0,1,0,1,1,0
39.993219,1,1,1,1,0,1,1,0,0
40.001834,1,0,1,1,1,1,1,1,0
40.010204,1,0,0,0,1,1,1,0,1
40.013840,0,0,0,1,1,0,0,0,1
40.018578,0,1,0,0,0,0,0,1,0
40.025247,0,1,0,1,0,0,1,0,0
40.033246,1,1,1,0,1,1,1,1,1
40.038453,0,0,0,0,0,0,0,1,1
40.044417,1,1,1,1,0,0,0,0,0
40.053053,0,1,1,1,1,1,1,1,1
40.059898,1,1,0,0,1,0,0,1,1
40.066193,1,1,0,1,0,0,0,0,0
40.072370,0,0,1,0,1,0,1,1,0
40.081424,0,0,0,0,0,1,1,1,0
40.090299,1,0,1,1,0,1,0,0,1
40.092095,1,1,0,0,1,0,1,0,1
40.097174,0,0,1,1,0,1,0,0,0
40.099459,1,0,0,0,0,0,0,0,0
40.109031,1,0,0,0,1,0,1,1,1
40.118768,0,1,0,1,1,1,0,0,1
40.126771,0,1,1,0,1,0,1,1,0
40.128448,1,1,0,0,0,0,0,1,0
40.136109,0,0,0,1,0,1,1,0,0
40.140163,0,1,0,1,1,0,0,1,0
40.147577,1,0,0,0,0,0,0,0,1
40.150369,0,1,0,1,0,0,0,1,0
40.156226,0,1,1,0,0,0,0,0,0
40.159068,0,0,0,1,0,0,1,0,0
40.168059,1,1,1,1,0,1,0,1,1
40.175809,1,1,1,1,1,1,0,1,0
40.179491,0,0,1,1,0,0,1,1,0
40.185225,1,1,0,0,0,0,0,0,1
40.189765,1,0,0,0,0,0,1,0,1
40.192693,1,0,0,0,0,1,0,0,0
40.197094,0,0,1,0,0,0,1,1,1
40.203730,0,0,1,1,0,0,0,1,0
40.205040,1,0,0,1,1,0,0,0,1
40.209104,1,1,1,0,0,0,0,0,1
40.214444,1,1,1,1,0,0,0,1,0
40.217111,0,0,0,1,0,1,1,1,1
40.220072,0,1,0,1,0,0,0,0,0
40.225040,0,1,1,1,1,0,0,1,0
40.233850,0,0,1,1,1,1,0,1,1
40.239130,1,1,0,0,0,1,0,1,0
40.248975,0,0,1,1,0,0,1,0,1
40.255723,1,1,1,0,0,0,1,1,1
40.265284,1,1,0,1,0,1,0,1,1
40.270321,1,0,1,1,0,0,1,0,0
40.274906,1,0,0,1,0,0,0,0,1
40.281691,0,1,0,0,0,1,0,0,0
40.285214,1,1,0,1,1,0,0,0,0
40.293150,1,0,1,1,1,0,1,0,0
40.297378,0,0,1,0,0,0,0,0,0
40.301891,1,1,0,0,0,1,1,0,0
40.311448,0,1,0,0,1,0,1,1,1
40.320244,0,0,0,1,1,1,0,0,0
40.324972,0,0,0,0,0,1,1,1,0
40.328284,1,1,0,0,1,1,1,1,1
40.330570,0,0,0,1,0,1,0,0,0
40.333976,1,0,0,0,0,0,1,0,0
40.337664,0,0,0,0,0,1,0,0,1
40.346594,1,1,0,0,1,0,1,1,1
40.352109,1,1,0,1,1,1,1,0,0
40.359845,0,1,0,0,0,0,1,1,1
40.362001,1,0,0,0,1,0,0,0,0
40.363930,0,0,0,1,1,0,0,0,1
40.370848,1,0,0,1,0,0,1,0,0
40.378514,0,1,1,1,0,0,0,1,1
40.387132,0,1,1,1,1,0,1,1,1
40.388226,1,0,1,1,0,1,0,1,0
40.389994,0,1,0,1,1,0,1,1,0
40.397803,1,0,0,0,1,1,1,1,1
40.401859,1,1,1,1,0,0,1,1,0
40.411610,0,0,0,0,1,0,1,1,0
40.414157,1,1,0,0,0,1,0,1,0
40.418266,1,1,1,1,0,1,0,1,0
40.419768,1,1,0,1,1,1,0,1,0
40.422259,0,0,0,1,0,0,1,0,0
40.431390,0,0,1,0,1,0,1,1,1
40.438138,1,1,0,0,1,0,1,1,1
40.447716,0,0,0,1,0,1,1,0,1
40.450085,1,0,1,1,1,1,1,1,1
40.453739,1,1,0,0,0,0,1,0,1
40.461919,0,1,0,1,0,0,0,1,0
40.471401,0,0,0,1,0,0,0,1,0
40.478002,1,1,1,0,1,0,0,1,0
40.484715,1,0,0,0,0,0,0,1,0
40.487580,1,0,1,1,0,1,1,0,1
40.495992,1,0,0,0,1,1,1,1,1
40.503372,0,0,0,1,1,1,0,0,0
40.510188,0,0,0,1,1,0,0,1,1
40.514978,0,1,1,0,0,1,0,0,0
40.520478,0,1,0,1,1,0,1,1,1
40.529708,0,1,0,1,1,0,1,1,1
40.538603,1,0,1,0,0,1,1,1,0
40.545773,1,0,1,0,1,0,0,0,1
40.549214,0,1,0,0,1,1,0,0,1
40.553828,1,1,0,0,1,1,1,0,0
40.560453,1,0,1,1,1,1,1,1,1
40.563414,1,0,1,0,0,1,1,0,1
40.572984,1,0,1,0,0,0,1,1,0
40.580603,0,0,1,1,1,1,1,1,1
40.583301,1,1,1,0,1,0,0,1,1
40.593250,1,0,1,0,0,0,0,0,1
40.603238,0,1,0,1,0,1,1,0,1
40.607079,0,1,1,0,1,1,0,0,0
40.614235,0,1,1,1,0,0,0,1,0
40.615409,1,1,0,1,0,0,0,1,0
40.618380,1,1,0,0,0,0,1,0,1
40.621638,0,1,0,1,1,0,0,0,0
40.630015,0,0,1,1,0,0,0,0,1
40.637157,0,0,0,1,1,0,0,1,0
40.644538,0,1,0,1,1,1,0,1,0
40.646316,0,0,0,0,0,1,1,1,0
40.650016,0,1,0,1,1,0,0,0,0
40.654580,1,0,1,0,1,0,0,0,0
40.657370,1,1,1,1,0,0,0,1,1
40.660737,0,1,1,1,1,0,0,1,0
40.665578,0,0,1,0,1,1,1,0,1
40.671078,1,0,0,0,0,1,1,1,1
40.676567,1,1,1,0,0,1,1,0,0
40.678728,1,0,1,1,1,0,1,1,0
40.683522,1,0,1,0,1,1,1,1,0
40.690684,1,0,0,0,0,1,0,0,0
40.696490,0,0,1,1,0,0,1,0,1
40.701673,1,0,0,0,0,1,1,1,1
40.708850,0,1,0,1,1,0,1,1,0
40.718608,1,0,1,1,0,1,0,0,1
40.721352,0,1,0,0,1,1,1,0,1
40.727296,0,0,1,0,1,1,1,0,0
40.730468,1,0,0,1,1,0,1,0,0
40.734065,0,1,0,0,1,0,1,1,0
40.737023,1,1,0,1,1,0,0,1,1
40.739659,1,1,0,1,0,1,0,1,0
40.741340,1,0,1,0,1,1,0,0,1
40.745814,1,1,1,1,1,0,0,0,0
40.753114,1,1,1,1,1,0,1,1,0
40.756459,0,1,0,1,1,1,1,1,0
40.760864,1,0,1,0,1,1,1,0,0
40.765761,0,1,1,1,1,0,0,0,1
40.774761,1,0,1,1,1,1,0,1,0
40.778722,0,1,0,1,1,0,1,0,0
40.782122,0,0,0,0,0,0,1,0,1
40.787033,1,0,1,0,0,1,1,0,0
40.791569,1,0,0,1,0,1,0,1,0
40.797314,0,1,0,1,1,1,0,1,0
40.804962,0,1,1,0,1,1,1,0,1
40.807593,0,1,1,1,0,0,1,0,0
40.813288,0,0,0,1,0,1,0,1,0
40.814949,0,1,0,1,1,0,0,1,1
40.822263,1,0,1,0,0,1,1,0,1
40.829859,1,0,1,0,1,0,0,1,1
40.838405,1,1,0,0,1,1,1,0,1
40.847280,1,1,1,0,1,0,0,1,1
40.856083,0,0,1,0,0,0,0,0,1
40.860127,0,1,0,1,1,0,0,0,0
40.861264,1,1,1,1,1,0,1,0,1
40.864352,0,1,0,0,0,1,0,1,1
40.874177,1,0,1,0,0,1,1,0,0
40.876704,0,0,1,0,0,0,0,0,1
40.878916,0,1,0,0,0,1,0,0,1
40.887187,0,0,0,0,1,0,1,0,1
40.894810,0,1,0,0,1,1,0,0,0
40.904740,1,1,0,0,0,1,1,0,0
40.910862,1,1,0,1,1,0,1,0,1
40.913627,0,0,0,0,1,1,1,0,0
40.915862,0,1,0,0,1,0,0,0,0
40.924731,0,1,1,0,1,1,1,0,0
40.929588,0,1,1,0,0,0,0,1,1
40.933859,0,0,1,0,0,0,1,0,1
40.935609,1,0,1,1,0,0,0,0,1
40.943532,0,0,1,0,1,1,0,1,0
40.945298,0,1,1,0,1,1,0,0,0
40.949729,1,1,0,1,0,0,0,0,0
40.957205,0,1,0,0,0,0,1,0,0
40.964901,1,0,1,1,1,0,0,1,0
40.972547,0,0,0,1,0,1,1,1,0
40.981564,0,1,0,1,1,1,1,0,0
40.983073,0,0,0,0,0,0,0,1,0
40.990181,0,1,1,0,0,0,0,0,0
40.999063,1,0,1,0,0,0,0,0,1
41.006492,1,1,1,0,1,1,1,1,1
41.008280,1,0,1,0,1,1,1,1,1
41.011041,0,0,0,1,1,0,1,0,0
41.018278,1,0,1,1,1,0,1,1,1
41.023514,0,0,0,0,1,1,1,1,1
41.027664,1,0,0,1,0,1,0,1,0
41.032359,1,0,0,0,1,0,0,0,0
41.036959,1,1,0,0,1,0,1,0,1
41.038763,0,0,1,0,0,1,1,0,0
41.046998,0,0,1,0,0,0,1,1,0
41.054002,0,1,0,0,1,1,0,0,0
41.060936,1,1,1,1,0,0,0,0,0
41.067127,1,0,1,1,1,1,0,1,1
41.070139,1,0,0,1,1,1,1,0,1
41.079491,1,1,0,1,0,1,1,1,1
41.084124,0,1,1,0,1,0,0,0,1
41.087150,0,1,0,1,1,1,0,1,1
41.095811,0,0,0,1,1,0,1,0,1
41.104432,1,1,1,0,0,1,0,0,1
41.106947,0,0,0,0,1,1,1,0,0
41.114541,0,0,1,0,1,1,0,1,1
41.123890,1,0,0,0,1,0,1,0,1
41.132561,1,1,1,0,0,1,0,1,0
41.135866,1,1,0,1,0,0,0,1,0
41.137358,0,0,1,1,1,0,1,1,0
41.142211,1,0,0,1,0,0,1,0,0
41.144686,0,0,0,1,1,0,1,0,0
41.145842,0,0,0,1,1,0,1,1,1
41.154242,1,0,0,0,1,1,0,1,0
41.164153,1,0,1,0,0,0,1,1,0
41.171574,1,0,0,1,1,0,0,1,1
41.178683,1,1,1,1,0,0,0,1,1
41.181183,0,0,1,1,1,1,1,0,0
41.188629,1,1,1,0,1,1,1,0,0
41.190381,0,0,1,0,0,0,0,1,0
41.197923,1,0,1,1,0,0,1,0,0
41.204323,1,0,0,0,0,0,0,1,1
41.209823,0,1,0,0,0,1,0,1,0
41.211332,1,0,0,1,0,0,1,1,1
41.214894,0,1,0,0,1,0,1,1,1
41.216967,0,0,0,1,1,0,1,1,1
41.225600,0,1,1,0,1,1,1,0,0
41.229870,0,1,0,0,1,1,0,0,1
41.232329,1,0,1,0,0,0,1,1,1
41.236079,0,0,0,1,1,1,0,0,1
41.240450,1,1,0,1,0,1,1,1,0
41.246935,0,0,1,1,0,0,0,0,1
41.254506,1,1,1,1,0,1,1,1,1
41.260710,0,0,1,1,0,0,0,1,1
41.268264,1,0,1,0,1,1,1,0,1
41.277203,0,1,1,0,1,1,0,0,0
41.285431,0,1,0,0,1,1,0,0,1
41.291314,0,0,0,0,1,1,0,1,0
41.297006,0,0,0,1,1,1,0,1,1
41.306567,1,1,0,0,1,1,0,0,0
41.313830,1,1,1,1,1,0,1,1,1
41.322376,0,1,1,1,1,0,0,1,1
41.324286,0,0,1,0,1,0,0,1,0
41.327517,0,0,1,1,1,0,1,0,0
41.328989,1,1,0,0,0,0,0,1,1
41.336799,0,1,1,1,1,0,1,1,0
41.338513,0,0,0,0,1,0,0,0,1
41.343929,0,1,0,1,1,1,1,1,0
41.352029,1,0,1,1,1,1,0,0,1
41.356686,1,0,1,0,1,0,0,0,1
41.362886,0,0,1,1,1,0,0,1,0
41.366212,0,1,1,1,1,0,0,0,0
41.371069,1,0,0,1,1,0,0,0,0
41.375355,1,0,1,0,1,0,1,0,0
41.382005,0,0,1,0,0,1,0,1,0
41.384750,0,0,0,0,0,1,0,1,0
41.389726,0,1,1,0,0,0,0,1,0
41.395884,1,0,1,0,1,0,0,0,1
41.401030,0,0,0,0,0,0,1,1,1
41.403186,0,1,1,1,1,0,1,0,0
41.410796,0,1,1,0,1,0,0,0,1
41.417286,0,0,0,1,0,0,0,1,1
41.419666,1,1,0,1,0,1,0,0,0
41.427317,0,0,1,0,1,1,1,0,1
41.429217,0,0,0,0,0,0,1,1,0
41.431648,1,0,0,0,1,0,1,0,0
41.440551,0,0,0,1,0,1,1,0,1
41.445519,0,1,1,0,0,1,1,0,1
41.448355,0,0,1,1,0,1,1,1,0
41.450056,1,0,0,0,0,0,1,1,0
41.453703,0,1,0,1,0,0,0,1,1
41.458784,1,0,0,1,0,1,1,1,1
41.465869,1,1,0,0,0,0,1,1,0
41.468863,0,1,0,0,1,0,1,1,0
41.471402,0,1,0,0,0,1,0,0,0
41.474788,1,0,1,0,1,0,1,1,1
41.479366,1,1,1,1,1,0,0,1,1
41.484375,1,0,1,1,0,0,0,0,0
41.485937,0,1,0,0,0,1,1,0,0
41.488683,1,1,0,1,1,1,1,1,1
41.489683,0,0,1,1,1,0,1,1,0
41.497830,1,1,1,0,1,0,1,1,0
41.507470,0,0,1,0,1,1,1,0,1
41.515931,1,1,0,1,1,1,0,0,1
41.518345,0,0,1,0,0,0,1,0,1
41.522002,0,1,1,0,1,0,0,1,1
41.526208,1,0,0,1,0,0,0,1,1
41.535578,0,1,1,0,1,0,1,0,1
41.537454,1,1,1,1,0,0,1,1,0
41.540844,1,0,0,0,1,0,1,1,0
41.542765,1,1,1,0,1,0,1,0,1
41.549317,1,0,0,0,1,0,0,0,1
41.554630,1,0,1,1,0,0,0,0,1
41.559012,0,1,1,1,1,1,0,1,1
41.560777,0,1,1,1,0,0,1,0,0
41.564946,0,0,1,1,0,1,1,0,1
41.574848,0,0,1,0,0,0,0,1,0
41.579328,0,0,1,0,0,0,1,1,0
41.587316,0,1,1,0,0,1,1,0,1
41.594316,1,1,1,1,0,0,1,1,0
41.602585,1,0,1,0,1,0,1,0,0
41.603773,0,1,0,0,0,1,1,0,0
41.606512,1,1,0,1,0,0,0,0,1
41.609127,1,0,0,1,0,1,0,1,0
41.617460,1,0,0,0,1,1,1,0,1
41.625852,0,0,0,1,1,1,0,0,1
41.628104,1,1,0,1,1,1,1,1,0
41.630313,0,0,1,1,0,1,0,0,1
41.634802,1,1,1,0,0,1,1,1,0
41.643105,1,0,1,1,1,1,0,0,0
41.652712,0,1,0,0,1,0,1,1,1
41.662560,1,1,1,0,1,1,0,0,0
41.665374,1,1,1,0,0,0,0,0,0
41.670708,1,0,0,0,1,0,1,1,1
41.673922,0,0,1,1,0,0,1,0,1
41.677423,1,1,1,1,1,0,1,0,0
41.683445,1,0,0,0,0,0,1,0,1
41.692470,0,1,0,1,0,1,1,0,1
41.693470,0,0,1,1,0,1,0,1,1
41.703008,1,0,1,0,0,1,1,0,1
41.708031,0,1,0,1,1,0,1,1,1
41.715892,0,0,1,0,0,1,1,0,1
41.717725,1,0,1,1,0,1,0,1,0
41.724593,0,1,1,0,1,0,1,0,1
41.725686,0,0,0,1,1,1,1,0,1
41.728170,0,0,1,1,0,1,0,0,1
41.731255,0,0,1,0,1,1,1,0,1
41.733273,1,1,1,1,1,0,0,0,1
41.737086,0,0,1,1,1,0,0,1,1
41.738086,1,1,0,1,1,1,0,1,0
41.740510,1,0,0,1,1,0,0,0,1
41.745601,1,0,1,1,1,1,0,0,0
41.747569,0,1,0,1,1,0,0,1,0
41.753736,1,1,0,0,0,1,0,0,1
41.757914,1,0,1,0,0,0,1,1,1
41.765893,1,1,0,0,1,1,0,0,1
41.772467,0,0,1,0,0,1,1,1,0
41.778353,1,1,1,1,1,1,0,0,0
41.785528,1,0,1,0,0,0,0,1,0
41.787852,1,1,1,1,0,1,0,0,0
41.792364,0,0,0,1,0,0,0,1,1
41.801547,1,0,1,0,0,1,1,1,1
41.808095,1,0,0,1,1,1,1,0,1
41.812458,0,0,1,0,1,1,1,1,1
41.814917,0,0,0,0,1,0,0,1,1
41.816333,1,1,0,1,1,0,0,1,1
41.823761,0,0,1,0,0,1,0,0,1
41.831057,0,0,1,0,0,0,0,0,1
41.832145,0,0,0,0,0,1,0,1,0
41.836986,1,0,1,1,0,0,1,1,1
41.838927,0,1,0,1,0,0,1,1,1
41.840709,0,1,0,1,1,0,0,0,0
41.849449,1,1,0,1,0,0,0,1,0
41.857751,1,0,0,1,1,1,1,1,1
41.865923,1,1,1,0,0,0,1,1,0
41.873387,1,1,1,0,1,0,0,1,0
41.878431,0,1,1,0,1,1,0,0,1
41.879513,1,0,1,1,0,1,0,0,0
41.881384,1,0,0,0,0,0,0,1,1
41.883959,0,0,0,1,1,1,0,0,0
41.886413,1,0,0,1,0,0,0,1,0
41.894850,0,1,0,0,0,0,1,0,1
41.902150,0,0,1,1,0,0,0,0,1
41.907434,0,1,0,1,0,0,1,0,0
41.914059,0,1,0,1,0,0,1,0,1
41.916859,0,0,0,0,1,0,1,1,0
41.919730,0,0,1,0,0,1,0,1,1
41.921203,1,1,0,1,1,0,0,1,0
41.922589,0,0,0,0,1,1,1,0,0
41.931089,0,1,1,0,0,1,0,0,1
41.934453,1,1,1,1,1,1,1,1,1
41.938919,1,0,1,0,1,0,0,1,0
41.940605,1,0,0,0,1,0,1,0,1
41.946384,1,0,0,0,1,1,0,0,0
41.953876,0,1,1,0,0,1,0,0,1
41.960685,1,0,0,1,0,1,0,1,0
41.965734,0,1,0,1,1,0,0,1,0
41.975167,1,1,0,1,0,1,1,0,0
41.977054,0,0,0,0,1,0,1,0,1
41.978667,0,1,1,0,1,1,0,1,1
41.985224,1,1,0,1,0,1,1,1,0
41.994929,1,0,1,1,1,1,0,0,1
42.004435,1,1,1,0,0,0,0,0,0
42.006617,1,0,1,1,1,0,1,1,0
42.009694,0,0,1,0,1,0,0,1,0
42.014351,0,0,1,0,0,0,1,1,0
42.023947,1,0,1,0,0,0,1,0,1
42.033919,0,1,1,1,0,1,0,1,1
42.035117,0,0,0,1,1,0,1,1,0
42.040750,0,0,1,1,0,1,0,1,1
42.047553,0,0,1,1,1,0,1,1,0
42.052824,0,1,0,0,1,0,0,1,0
42.054921,0,1,1,1,1,1,0,1,1
42.059212,1,0,1,0,0,1,1,0,0
42.064904,1,1,1,1,1,1,0,1,0
42.073589,0,1,1,1,1,1,1,0,0
42.080506,0,1,1,0,0,0,0,0,1
42.081957,0,1,0,1,1,0,0,0,1
42.090967,1,1,1,1,1,0,1,0,0
42.094260,1,1,0,1,1,0,0,1,0
42.103488,0,1,0,0,1,0,1,0,0
42.111370,0,1,1,1,0,0,0,0,1
42.115412,0,1,0,1,0,1,1,1,1
42.120583,0,1,1,0,0,0,0,0,1
42.128828,1,0,1,1,1,0,0,0,1
42.138706,1,1,1,1,1,0,1,0,1
42.144436,0,0,1,1,0,1,1,1,0
42.146434,1,1,0,1,0,0,1,0,1
42.155365,1,0,1,1,1,1,1,1,0
42.158153,0,0,0,0,1,1,1,0,0
42.163346,0,0,1,0,0,1,0,1,1
42.166565,0,1,0,1,0,1,0,1,0
42.172798,0,1,1,0,0,0,0,1,1
42.178266,1,1,0,1,0,1,0,1,1
42.180913,1,1,1,0,0,1,0,1,0
42.188042,0,1,0,1,1,1,1,1,0
42.190607,1,1,1,0,1,1,1,1,1
42.195807,1,0,0,0,1,1,1,1,1
42.198162,0,0,1,0,1,0,0,0,0
42.206203,1,1,1,0,1,0,0,1,1
42.211227,1,1,0,0,0,1,0,0,1
42.216113,0,1,0,0,0,0,0,1,0
42.222782,1,0,1,0,0,1,0,0,1
42.230318,0,1,0,1,1,1,1,0,1
42.236993,1,0,1,1,1,1,1,0,0
42.239132,1,1,1,1,0,1,1,1,0
42.241852,1,0,1,0,1,1,0,0,0
42.250052,1,0,1,0,1,1,1,1,0
42.251693,1,0,0,1,0,1,1,1,1
42.255647,0,0,1,0,0,1,1,0,1
42.257991,1,1,0,0,1,0,0,0,1
42.259285,0,1,1,0,1,1,0,0,1
42.264383,1,0,0,0,1,0,1,1,0
42.267812,1,0,0,1,0,1,0,1,1
42.272239,0,0,1,1,0,1,1,1,1
42.274330,0,0,1,1,1,0,1,0,0
42.283783,0,0,1,1,1,1,1,0,1
42.293394,0,1,0,0,1,1,0,1,1
42.297261,1,1,1,1,0,0,0,0,1
42.305372,1,1,0,0,0,0,0,0,0
42.309140,0,0,0,1,0,0,1,1,0
42.312009,1,1,0,1,1,1,1,1,0
42.315054,0,0,0,0,1,0,0,1,0
42.324889,0,1,1,0,0,0,0,1,1
42.327809,0,0,0,0,0,1,1,1,0
42.330397,0,1,0,1,0,0,0,1,0
42.333052,1,1,1,0,0,1,1,0,0
42.335444,0,0,0,0,1,1,1,0,1
42.340275,0,0,0,1,0,0,0,0,1
42.346415,1,0,1,0,0,0,1,0,1
42.347673,0,0,1,0,1,1,0,1,0
42.351404,1,1,0,0,1,0,1,0,1
42.357639,0,1,0,1,0,0,1,0,0
42.362610,0,1,0,0,0,1,1,0,0
42.367124,1,0,0,0,1,1,1,0,1
42.376860,1,1,0,1,0,1,1,0,0
42.385060,1,1,0,1,0,0,0,1,0
42.386904,0,0,1,0,0,1,0,0,1
42.388338,0,0,0,1,1,0,1,0,1
42.394870,0,0,0,0,0,0,1,0,1
42.398067,1,0,0,0,1,1,1,1,0
42.399571,0,0,0,0,0,0,0,1,1
42.402614,0,1,0,0,0,0,0,1,0
42.406614,1,1,0,0,0,0,0,0,0
42.413906,1,0,1,0,0,0,0,1,0
42.421490,0,1,1,0,1,0,1,1,0
42.427368,0,0,1,0,0,0,0,1,1
42.433829,1,0,0,0,1,0,1,1,0
42.437972,0,0,0,0,1,1,0,0,0
42.447480,0,1,1,0,0,0,1,1,1
42.454926,0,0,1,1,0,1,0,0,1
42.463831,1,1,0,1,0,1,0,0,1
42.466367,0,0,1,1,1,1,0,0,1
42.476068,0,1,0,0,1,1,0,0,1
42.482918,1,0,0,1,0,1,1,1,0
42.484251,0,1,0,0,1,0,1,0,0
42.486877,0,0,0,0,0,0,0,1,1
42.489870,1,1,1,0,0,0,1,1,0
42.495348,1,0,0,1,0,1,0,1,0
42.503623,0,1,1,0,1,1,1,0,0
42.507950,0,1,0,0,1,0,1,1,0
42.513225,0,1,0,1,1,1,0,1,0
42.520620,1,0,0,0,0,0,0,1,1
42.524522,0,1,0,1,1,1,0,1,1
42.530992,1,1,1,0,0,0,0,1,0
42.532828,0,0,1,0,0,1,1,0,0
42.541901,1,1,0,1,1,0,0,1,1
42.550541,1,1,1,1,1,1,1,0,0
42.552439,1,1,1,1,0,0,0,0,1
42.558989,1,0,0,1,1,0,0,1,1
42.568747,1,0,1,0,1,1,0,0,1
42.572018,1,1,1,0,1,1,0,1,0
42.579975,0,0,0,0,0,1,1,0,1
42.589358,1,1,1,1,1,0,0,1,0
42.593631,1,0,1,0,1,1,0,1,0
42.594697,0,0,1,1,0,0,0,0,1
42.596151,1,0,0,1,0,1,0,1,0
42.598868,0,0,1,1,1,0,1,1,0
42.606326,1,0,1,0,1,0,0,1,0
42.612586,1,1,0,0,0,1,1,0,0
42.614347,0,1,1,1,0,0,1,0,0
42.615457,0,0,0,0,0,1,1,1,0
42.622131,0,1,1,1,0,1,1,1,1
42.624540,0,1,1,0,1,0,0,0,0
42.630961,1,0,0,1,0,1,0,1,0
42.636934,1,1,1,1,1,0,0,0,1
42.638528,1,1,1,0,1,1,0,0,0
42.640981,0,0,1,1,0,1,0,1,0
42.650083,1,1,0,1,1,0,1,0,0
42.653449,0,0,0,1,1,0,0,1,1
42.655896,0,1,1,0,1,1,1,1,0
42.660236,0,0,1,1,0,1,1,1,1
42.661905,0,1,1,1,0,1,1,0,1
42.668583,0,0,0,0,1,1,1,0,0
42.678426,0,0,1,0,0,1,1,0,1
42.686119,0,0,0,1,0,1,1,0,0
42.693119,1,0,0,1,0,0,1,1,0
42.698722,1,0,0,1,1,0,1,0,0
42.706027,1,0,1,1,0,0,0,1,0
42.708685,1,1,1,0,1,0,0,0,1
42.710341,0,0,1,0,1,1,1,0,0
42.717442,0,0,1,1,1,1,0,1,1
42.726376,1,1,0,0,1,0,0,1,0
42.727687,1,0,0,0,1,1,1,0,0
42.736841,1,1,0,0,0,1,0,0,1
42.744885,1,0,1,0,0,0,0,0,0
42.753932,0,0,1,0,1,0,1,1,0
42.763165,1,1,1,1,0,1,0,1,0
42.767981,1,0,0,0,1,0,1,1,1
42.776448,0,0,1,1,1,1,0,1,0
42.784616,1,0,0,1,0,0,1,0,1
42.788620,1,1,1,1,1,1,0,1,1
42.794673,0,0,1,1,0,1,1,0,1
42.803473,1,1,1,1,1,0,1,1,1
42.806378,0,1,1,0,0,1,1,0,0
42.809915,1,0,0,0,0,0,1,1,1
42.819198,1,1,0,1,0,1,1,0,1
42.823054,0,0,1,1,0,1,0,0,0
42.825925,0,1,1,1,0,1,0,0,0
42.834303,0,0,1,1,0,1,0,0,1
42.839684,0,0,1,1,0,0,1,0,0
42.840752,1,0,0,0,0,0,0,0,0
42.849367,0,0,1,0,1,1,0,1,1
42.856130,1,0,0,1,0,1,0,0,0
42.857770,0,1,1,1,0,0,0,0,1
42.859757,1,0,1,0,1,0,0,1,0
42.860769,0,1,1,1,1,0,1,1,0
42.870175,0,1,0,1,1,0,0,0,1
42.879556,0,1,1,0,1,1,1,1,1
42.882320,0,0,1,0,0,0,1,0,1
42.884085,0,1,1,0,1,0,1,1,0
42.889399,1,1,0,0,1,0,0,1,0
42.890821,1,0,0,1,1,0,1,0,1
42.897304,0,0,0,1,0,1,0,0,1
42.907162,0,0,1,0,1,0,0,1,1
42.914372,1,1,1,0,0,0,1,0,1
42.924217,0,1,0,1,1,0,0,1,1
42.930255,1,1,1,1,0,0,1,1,1
42.932200,1,0,1,0,1,0,0,1,0
42.937324,1,1,1,1,1,1,0,0,1
42.942290,1,1,1,0,1,1,0,1,1
42.950179,1,1,1,0,0,1,1,0,1
42.954626,1,0,0,1,0,1,0,1,0
42.959741,0,0,0,1,1,1,0,0,0
42.968420,0,1,1,1,1,1,1,1,0
42.969630,0,1,0,0,1,1,1,1,1
42.978777,1,0,1,0,1,0,1,1,1
42.986418,0,1,1,0,0,0,1,0,0
42.994534,1,1,1,1,1,0,0,1,1
42.997086,0,0,1,1,0,0,1,1,0
43.001044,1,0,1,0,0,0,0,0,1
43.008335,0,0,0,0,0,0,1,1,0
43.015917,1,0,1,0,0,0,1,0,1
43.017600,1,1,0,0,1,0,0,1,0
43.020340,0,0,1,1,0,1,1,1,1
43.022735,0,0,1,0,0,1,0,1,0
43.026790,1,1,0,0,1,0,1,0,1
43.028634,1,1,1,1,0,1,0,1,0
43.031134,0,0,0,1,1,0,0,1,0
43.034243,0,1,1,0,1,0,1,0,1
43.039009,1,1,1,0,1,0,1,0,0
43.040682,1,1,1,1,0,0,1,0,0
43.047406,0,1,1,0,0,1,1,1,1
43.056876,1,1,1,1,1,1,0,0,0
43.061769,1,1,1,0,1,0,1,1,0
43.070253,1,1,0,0,1,1,0,1,1
43.075406,0,1,0,1,0,0,0,1,0
43.082430,0,1,1,1,1,1,1,0,1
43.091266,1,1,1,0,0,0,1,1,0
43.094828,0,0,0,0,1,0,1,1,1
43.096510,1,0,0,0,1,0,1,0,1
43.102771,1,1,0,0,0,0,0,1,0
43.103929,1,0,0,1,1,1,0,0,1
43.108705,0,1,1,0,1,1,0,0,0
43.115061,0,1,1,1,0,0,1,1,1
43.123118,1,1,1,0,0,1,0,0,1
43.127413,1,0,1,1,1,0,1,0,0
43.130525,1,1,0,0,0,0,1,1,1
43.137431,0,0,0,0,0,1,1,1,1
43.145871,1,1,0,0,1,0,1,0,0
43.150456,0,1,0,0,0,1,0,1,1
43.154830,1,0,1,1,1,1,1,0,1
43.163407,0,1,1,1,0,0,1,0,1
43.164781,0,1,0,1,1,1,0,1,1
43.171833,0,0,0,0,1,0,0,0,1
43.179266,0,1,1,1,1,0,1,0,0
43.185477,1,1,1,0,0,1,1,0,0
43.193595,1,1,0,1,0,1,0,0,0
43.197056,1,1,0,0,0,0,1,1,0
43.205110,1,1,1,1,0,0,1,1,1
43.211893,0,0,0,1,0,1,0,0,1
43.214590,0,1,0,1,0,0,1,1,0
43.217025,0,1,1,1,0,0,0,0,0
43.225146,1,1,0,0,1,1,0,0,0
43.226582,1,0,1,1,1,0,1,1,1
43.232195,1,0,0,1,1,1,0,1,0
43.234827,0,1,1,1,0,0,1,0,0
43.241906,1,1,0,1,0,0,1,1,1
43.244706,1,0,1,0,0,1,0,1,0
43.254154,1,0,0,1,0,0,0,1,0
43.257542,0,0,0,1,0,1,0,0,1
43.263813,1,1,1,1,0,1,0,0,1
43.268915,1,0,1,1,0,1,1,0,1
43.276202,0,0,0,0,0,0,0,0,1
43.285103,1,0,0,1,0,0,1,1,1
43.294926,1,0,0,1,1,0,1,0,0
43.304659,0,1,0,0,0,1,0,1,1
43.306574,0,1,0,1,1,0,0,0,0
43.310752,0,0,1,0,0,1,0,0,1
43.315339,1,1,0,1,1,1,1,0,0
43.320508,0,1,1,0,0,1,0,1,0
43.328108,1,0,0,0,1,1,1,0,1
43.336273,1,0,1,0,1,1,0,0,1
43.343267,0,1,1,0,1,1,0,1,1
43.350906,0,1,1,1,0,0,1,1,1
43.358558,1,0,1,1,0,1,0,0,0
43.361465,1,1,0,0,1,1,1,0,1
43.367214,1,0,0,0,1,0,1,1,1
43.373997,0,0,0,1,0,0,0,0,1
43.381180,0,1,1,1,1,1,0,0,1
43.390040,0,0,0,1,0,1,1,1,0
43.396183,1,0,0,0,1,1,0,1,0
43.401815,1,0,1,1,1,0,0,1,0
43.410685,1,1,1,0,0,0,0,0,0
43.419881,1,1,1,0,1,1,0,1,1
43.421160,0,0,1,0,1,0,1,1,0
43.422468,0,0,1,1,1,0,1,0,0
43.423820,0,1,1,0,0,0,1,0,0
43.425640,0,0,1,1,1,0,1,0,1
43.432532,0,0,1,0,1,1,0,1,1
43.436127,0,0,0,1,1,1,1,1,1
43.439862,0,1,1,1,1,0,1,0,1
43.445494,0,1,0,1,1,0,0,0,1
43.453241,0,1,0,0,0,0,1,1,0
43.457525,0,0,1,1,1,0,1,0,0
43.466568,0,0,1,1,1,0,1,1,1
43.474797,1,1,0,1,1,1,1,1,0
43.481093,1,0,1,0,1,1,0,1,0
43.488106,1,1,1,1,0,1,1,1,1
43.497236,0,1,1,1,1,0,1,0,0
43.503853,1,1,1,0,0,1,0,0,0
43.507910,0,0,0,0,1,1,0,0,1
43.513987,1,1,0,0,1,1,1,1,1
43.521581,0,1,1,1,0,1,1,0,0
43.530256,1,0,1,0,1,0,0,1,0
43.536789,0,0,0,1,0,1,1,1,1
43.543698,0,0,0,1,0,0,0,0,0
43.553493,1,1,0,1,0,0,1,0,0
43.558850,0,0,1,1,0,1,1,0,0
43.560504,1,0,0,0,1,0,1,0,1
43.563614,0,0,0,0,0,0,0,1,0
43.572886,1,0,1,0,1,0,1,1,1
43.579199,1,1,1,1,0,0,1,0,0
43.580245,0,1,0,1,1,1,0,1,1
43.586020,0,0,1,1,1,1,0,0,0
43.588189,1,0,1,1,1,0,1,0,1
43.596822,0,0,0,1,0,0,1,0,0
43.605449,0,0,1,1,0,1,1,1,1
43.607737,1,0,0,1,0,0,1,1,0
43.613237,0,0,1,1,0,0,1,0,1
43.615702,1,0,0,1,0,1,0,1,1
43.621346,0,0,1,0,1,1,1,1,1
43.624187,1,0,1,0,0,1,1,0,1
43.625866,0,0,1,0,0,1,0,1,0
43.632914,0,1,0,0,0,0,1,1,0
43.634564,1,0,1,1,1,0,0,0,0
43.643802,1,0,1,1,1,0,1,0,0
43.651844,1,0,0,0,1,1,1,0,0
43.656310,1,1,1,0,1,1,0,0,1
43.663119,0,0,0,1,0,1,1,1,1
43.664935,1,1,1,0,0,0,0,0,0
43.667085,0,0,1,1,1,1,0,1,1
43.669034,1,0,0,1,0,0,1,1,1
43.677750,1,0,1,1,1,1,0,0,0
43.681884,1,1,1,0,1,0,0,1,0
43.689384,0,0,0,0,0,1,0,1,1
43.691384,1,0,1,0,1,1,1,1,0
43.692548,1,1,1,0,1,1,1,0,1
43.697396,0,0,0,0,1,0,0,0,1
43.700053,0,0,0,1,1,0,1,1,1
43.704111,0,0,1,0,1,0,1,0,1
43.708304,0,0,1,0,0,1,1,1,1
43.716054,1,0,1,1,0,1,1,1,1
43.724052,0,0,1,0,1,0,1,1,1
43.728259,0,1,1,0,0,0,0,0,1
43.732401,1,1,1,0,1,1,0,0,1
43.739173,1,0,0,1,1,0,0,1,1
43.745807,1,1,1,1,1,0,0,1,1
43.754903,1,1,0,0,0,1,1,0,0
43.758115,1,0,0,0,1,1,0,1,0
43.759737,0,0,0,1,1,1,0,1,1
43.768650,1,0,1,1,1,1,0,1,0
43.774130,0,0,0,1,0,0,1,1,0
43.775820,0,0,0,0,0,0,1,0,0
43.779119,0,1,0,1,0,0,1,1,0
43.787014,0,0,1,0,0,1,0,1,1
43.791247,0,0,0,0,0,1,1,0,0
43.793534,1,1,0,1,0,1,0,0,0
43.795086,1,0,1,1,0,1,1,0,1
43.802112,1,1,0,1,1,0,0,1,0
43.809266,0,1,0,0,0,0,1,1,1
43.813260,0,0,1,0,0,0,1,1,0
43.821572,1,0,0,0,0,0,1,0,0
43.831221,1,0,0,1,1,0,1,0,1
43.837685,0,1,0,1,1,1,0,0,0
43.847526,1,1,0,0,0,1,0,0,0
43.850287,0,0,1,0,1,1,1,0,0
43.852722,0,0,1,0,1,0,1,1,0
43.855377,1,1,1,1,1,0,0,0,0
43.859050,0,0,1,1,0,1,0,0,1
43.861974,1,0,1,1,0,0,1,0,0
43.865397,0,0,0,0,0,1,1,1,1
43.871908,0,1,0,1,1,0,0,0,0
43.873852,0,1,1,0,0,0,0,1,1
43.878331,1,1,1,1,1,1,1,1,0
43.883108,0,0,1,1,1,0,0,1,1
43.888279,1,0,1,1,1,1,0,1,1
43.894361,1,1,1,0,0,0,0,0,1
43.896271,0,0,0,0,0,0,0,1,1
43.905183,1,1,0,1,0,1,1,0,1
43.913748,0,0,0,1,1,1,0,0,0
43.917057,1,1,1,0,1,0,0,0,0
43.918359,1,1,1,1,1,1,0,1,0
43.919737,0,0,1,0,0,1,0,1,0
43.927754,1,1,1,0,0,1,0,0,1
43.934006,0,1,1,0,0,1,1,0,1
43.943198,0,0,0,0,0,1,0,1,0
43.951658,1,0,1,0,1,1,1,1,1
43.958181,1,1,1,1,1,0,0,0,1
43.963977,1,1,1,0,1,1,0,0,0
43.973141,1,1,1,1,1,1,1,0,0
43.981044,0,0,1,1,1,1,1,1,0
43.990395,0,1,1,0,1,0,1,0,1
43.999560,1,1,0,1,0,0,0,1,0
44.004795,1,0,0,0,0,0,0,1,0
44.012494,1,1,1,0,1,0,1,1,0
44.021091,0,1,1,1,1,0,0,0,1
44.024302,0,0,1,0,1,1,0,0,1
44.030649,1,0,0,1,1,0,0,0,1
44.038972,1,1,0,0,0,0,0,0,1
44.045163,0,1,1,0,0,1,0,0,0
44.052037,0,0,0,1,0,1,1,0,0
44.061900,1,1,1,1,1,1,0,1,0
44.068936,1,0,1,1,0,0,1,0,1
44.077976,1,1,0,0,1,1,0,1,1
44.083646,1,0,0,0,0,1,1,0,0
44.091048,1,0,1,1,0,0,1,0,0
44.098873,1,1,0,0,1,0,1,0,0
44.103993,0,1,0,1,1,0,0,0,1
44.105621,0,0,0,1,1,1,1,0,0
44.106621,1,1,1,0,0,1,1,0,0
44.116463,0,1,1,0,0,0,0,0,1
44.124258,1,1,0,1,1,0,0,0,1
44.125463,1,1,1,1,1,1,0,0,0
44.134999,0,1,1,0,1,0,0,0,1
44.138935,1,0,1,1,1,1,1,1,0
44.144266,0,1,1,1,0,0,1,1,0
44.149571,1,1,1,1,1,0,0,0,0
44.154748,1,0,0,0,0,0,1,1,0
44.157032,0,0,0,1,1,1,0,1,0
44.162374,1,0,1,1,0,1,1,1,0
44.167312,1,1,0,0,0,1,1,1,1
44.173163,0,1,1,0,1,0,1,1,1
44.175596,1,0,1,1,1,0,0,0,0
44.183377,0,1,1,1,0,0,1,1,0
44.190536,0,1,0,0,0,0,0,1,0
44.193150,1,1,0,1,0,1,0,0,0
44.198745,0,0,1,0,0,0,0,1,1
44.200405,1,1,0,0,0,0,1,1,0
44.204203,0,1,1,1,1,0,0,1,1
44.212478,1,0,1,1,0,0,1,0,1
44.217127,0,1,1,1,1,0,1,0,0
44.225137,0,1,1,1,0,1,0,1,1
44.227744,1,1,1,0,1,0,1,1,0
44.230504,1,0,1,1,0,0,0,1,1
44.240245,1,0,1,1,0,0,0,0,1
44.243697,0,1,0,1,0,1,0,1,1
44.249023,1,1,0,0,0,1,1,1,1
44.250037,1,1,0,0,0,1,0,0,0
44.255537,1,1,1,1,0,1,0,1,0
44.258070,0,1,1,0,0,1,1,1,1
44.267013,0,1,0,0,1,0,0,0,1
44.272426,1,0,0,1,0,0,1,0,1
44.280897,0,0,0,1,0,0,0,1,1
44.288795,0,0,0,0,1,1,1,0,0
44.292215,0,0,1,1,1,0,0,1,1
44.295637,0,0,1,1,0,1,0,0,1
44.303605,0,1,0,1,1,0,0,1,0
44.305617,1,1,1,1,1,1,0,1,1
44.312861,0,0,1,1,0,1,0,1,1
44.318935,0,0,0,0,1,0,1,0,1
44.321768,0,1,1,0,1,1,1,0,0
44.327051,1,1,0,1,0,0,1,1,1
44.328712,0,1,1,1,1,0,1,1,1
44.333319,1,1,1,1,1,0,0,0,1
44.338284,0,0,1,1,1,0,0,0,0
44.342077,1,1,1,1,0,1,1,0,0
44.343202,1,0,0,0,0,0,0,0,0
44.352895,1,0,1,1,0,1,0,0,1
44.356775,0,0,1,1,1,1,1,0,0
44.358239,0,0,1,0,1,0,1,1,1
44.367313,0,1,1,0,1,1,0,1,1
44.372677,1,0,1,1,0,0,1,0,0
44.380050,1,1,0,1,1,0,0,1,1
44.389105,1,1,0,0,0,0,0,0,0
44.392865,0,0,0,1,0,1,0,1,0
44.394949,0,1,1,1,1,1,1,0,1
44.398557,0,0,0,0,1,1,0,1,1
44.406808,0,0,1,1,1,0,1,0,1
44.411045,0,0,0,1,1,1,0,0,1
44.417256,1,0,0,0,0,1,1,0,1
44.424020,0,1,1,1,0,0,0,0,1
44.426390,1,0,0,0,0,1,0,0,1
44.429053,1,1,1,1,0,0,0,1,0
44.436901,0,1,1,1,1,0,1,0,1
44.443148,1,0,0,1,1,0,0,0,0
44.452689,0,0,0,1,0,1,1,0,0
44.456581,1,1,1,0,0,0,0,1,1
44.463073,1,1,1,1,0,1,0,0,0
44.472959,0,1,1,1,1,1,1,1,0
44.475769,1,0,0,1,0,1,0,1,0
44.476981,0,1,1,1,1,0,1,1,1
44.481078,0,0,0,1,1,0,1,0,1
44.485972,1,1,0,0,1,0,1,1,0
44.487120,1,1,0,1,1,0,1,0,1
44.495103,0,1,0,0,1,0,1,0,1
44.498674,1,0,1,0,0,1,1,1,0
44.504421,1,0,0,0,0,1,0,0,0
44.513716,0,0,0,0,0,0,1,1,0
44.515855,1,0,0,1,1,1,1,0,0
44.521604,0,1,1,0,1,0,0,1,0
44.524591,1,0,0,0,1,0,1,0,1
44.528169,0,1,1,1,0,0,0,1,0
44.529502,0,0,1,0,1,1,0,1,0
44.534346,1,0,0,1,0,0,0,1,1
44.538929,0,1,1,1,0,0,1,0,1
44.547874,1,0,0,1,0,1,0,1,0
44.556056,1,1,0,1,0,0,1,1,0
44.559365,1,1,0,0,1,0,0,0,1
44.567683,1,0,1,1,1,0,0,1,0
44.571100,1,1,1,1,0,1,0,1,0
44.574619,0,1,1,0,1,1,0,0,0
44.576379,1,1,0,0,1,1,0,0,0
44.580863,1,1,0,0,1,0,0,1,1
44.583339,0,0,1,1,0,0,0,0,1
44.591329,0,1,1,0,1,1,0,0,0
44.594881,0,0,0,0,0,1,0,0,0
44.603149,1,0,0,1,0,1,0,1,1
44.608937,1,0,1,1,1,1,0,0,1
44.616330,0,0,0,1,0,1,1,0,0
44.619552,0,0,1,1,1,1,0,0,0
44.626885,0,0,1,0,0,1,0,0,1
44.636038,0,1,1,1,0,0,1,1,1
44.645487,0,0,0,0,0,1,1,0,0
44.651310,1,0,1,1,0,0,1,0,1
44.655984,1,0,0,0,1,1,1,0,1
44.657689,1,0,0,1,1,1,1,1,1
44.663708,1,0,1,1,1,0,1,1,0
44.670102,1,1,0,1,1,1,0,0,0
44.676141,1,0,1,1,0,1,0,1,1
44.680891,0,1,0,0,1,1,1,1,0
44.685608,1,0,0,0,0,1,1,1,1
44.693312,1,1,1,0,1,1,1,0,0
44.698390,1,0,0,1,0,0,1,1,0
44.700979,0,1,0,1,1,0,1,1,1
44.704759,0,0,1,0,1,1,0,1,0
44.711416,1,1,0,0,1,0,1,0,1
44.717510,0,1,0,1,1,1,0,1,1
44.719716,0,1,0,1,1,0,1,1,0
44.722432,1,1,0,1,1,1,1,1,0
44.728261,0,0,1,1,0,1,0,0,0
44.733247,1,1,0,0,0,0,1,0,0
44.742012,1,0,0,1,1,1,1,0,0
44.743957,0,1,0,1,0,0,1,1,1
44.746082,0,1,1,1,0,1,1,0,1
44.749018,1,1,0,1,0,1,1,0,1
44.752349,1,0,1,0,1,1,0,0,0
44.753708,0,0,1,1,0,1,1,0,1
44.762800,0,0,0,0,0,0,0,1,1
44.772361,0,1,0,0,0,0,1,0,0
44.777264,0,1,0,1,1,1,0,0,0
44.778338,1,0,0,1,0,1,1,1,1
44.779916,0,0,0,0,1,1,1,1,1
44.783461,0,1,0,0,0,0,1,1,0
44.791384,1,1,1,1,1,0,0,1,0
44.799813,0,0,1,0,0,0,1,1,0
44.808832,0,1,1,1,1,0,1,1,0
44.818078,0,0,0,0,1,1,0,1,1
44.826344,1,1,0,1,1,1,1,1,1
44.836270,0,1,1,1,1,0,0,0,0
44.840270,0,1,1,1,0,1,0,0,1
44.845811,1,1,0,0,0,1,0,1,1
44.854307,1,1,0,0,0,1,0,1,1
44.856238,0,0,0,1,1,0,0,0,0
44.857282,0,0,0,0,0,1,1,1,1
44.863425,1,0,1,0,1,0,1,0,1
44.868634,0,1,1,0,0,0,0,0,1
44.872939,0,0,0,0,1,0,0,0,0
44.876994,1,1,0,0,1,1,0,1,0
44.881378,1,1,1,1,1,0,1,0,1
44.888420,0,0,1,0,0,1,1,0,1
44.898259,0,1,1,0,1,0,1,1,1
44.906918,1,0,0,1,1,0,0,0,0
44.915381,1,0,1,1,0,1,1,0,1
44.917445,1,1,1,0,0,1,1,0,0
44.925770,1,1,1,0,0,0,1,1,1
44.930258,1,0,1,1,0,1,0,0,1
44.932307,0,1,0,1,1,1,1,0,1
44.942185,0,1,0,1,0,1,1,1,1
44.943637,0,1,0,1,0,0,1,1,0
44.948237,0,1,0,1,0,0,0,1,0
44.951575,1,1,1,0,1,1,1,1,1
44.959259,0,1,1,0,1,1,0,1,1
44.962165,1,0,0,1,1,0,1,0,1
44.964785,1,1,1,1,0,1,1,1,0
44.968351,1,1,1,0,1,0,1,0,1
44.977905,1,0,0,1,1,0,1,0,1
44.981790,0,1,1,0,1,0,1,0,1
44.988529,0,0,1,0,0,0,0,0,1
44.990015,0,1,1,0,0,1,1,0,0
44.994437,1,0,0,1,1,0,1,0,1
44.997381,0,0,0,0,1,1,1,1,1
45.006807,1,0,1,0,0,0,0,0,0
45.012487,0,1,0,0,1,0,1,0,0
45.020909,1,0,0,1,1,0,0,1,1
45.028830,1,0,0,0,0,0,0,0,0
45.038187,1,0,1,0,1,1,1,0,1
45.046092,0,1,1,0,0,0,0,0,1
45.047493,0,0,0,0,1,0,1,1,1
45.052156,1,0,1,1,0,0,1,1,0
45.060479,0,1,0,1,1,1,0,0,1
45.066333,0,1,1,0,0,0,0,0,0
45.072377,0,1,0,1,0,0,0,0,0
45.080603,0,0,1,0,1,0,1,0,1
45.088120,0,1,1,1,0,0,0,1,0
45.092120,1,1,1,1,0,1,0,0,1
45.095710,1,0,0,0,1,0,0,0,0
45.096787,0,1,0,0,0,1,0,0,1
45.101712,1,1,0,0,1,1,0,1,1
45.104074,0,1,1,0,1,1,1,1,1
45.112244,1,1,1,0,0,1,1,0,0
45.115712,0,0,1,1,1,0,1,0,0
45.124093,1,1,1,0,0,0,1,0,1
45.130022,0,1,1,0,1,1,1,0,0
45.136488,0,0,1,0,0,0,0,0,1
45.137946,1,0,1,0,1,0,0,1,0
45.138946,1,1,0,1,1,1,1,0,0
45.146491,1,0,1,1,1,0,0,0,0
45.156291,0,0,0,0,0,1,1,1,1
45.163841,1,1,1,0,1,1,1,0,1
45.172736,1,0,0,1,0,0,0,1,1
45.179046,1,0,1,1,0,0,0,0,1
45.180762,1,0,1,0,0,0,0,0,1
45.181803,0,0,0,0,0,1,0,0,1
45.188150,1,1,0,1,1,1,0,0,0
45.190409,1,0,1,0,0,1,0,0,0
45.196236,0,0,1,1,0,0,0,1,1
45.205214,1,0,0,0,1,1,0,0,1
45.206411,1,1,0,1,0,0,1,0,0
45.211388,1,1,1,1,0,0,0,1,0
45.217263,0,0,0,1,0,0,1,1,1
45.226861,0,0,1,1,1,1,0,1,1
45.234627,0,0,1,1,0,1,0,0,1
45.243621,1,0,0,0,0,1,0,1,0
45.250261,1,0,0,0,1,0,1,0,1
45.256201,0,1,0,0,1,1,0,0,0
45.265873,0,0,1,0,0,0,1,1,1
45.268553,0,0,0,0,1,0,0,1,1
45.274443,0,1,0,0,1,1,0,0,1
45.276573,1,1,0,1,0,1,0,1,0
45.279823,0,0,1,1,1,0,1,1,1
45.285693,1,1,0,0,0,0,1,1,0
45.292461,1,0,1,1,0,0,1,1,1
45.298212,0,1,0,0,1,0,0,0,1
45.302133,1,0,0,0,1,1,1,1,1
45.310786,1,1,1,1,0,0,0,0,0
45.319388,1,0,0,1,1,0,1,1,1
45.323559,0,1,1,1,0,1,0,1,0
45.325707,0,0,1,1,1,1,0,1,1
45.331347,1,0,0,1,0,0,0,1,1
45.339490,1,0,0,0,1,0,0,1,1
45.347625,0,1,0,1,1,1,1,0,1
45.349928,1,1,1,0,1,1,0,1,1
45.356401,1,0,1,0,1,1,0,1,0
45.358301,0,1,1,1,0,1,0,1,1
45.367850,0,1,0,0,0,1,0,0,0
45.375712,1,0,1,1,1,0,1,1,0
45.380608,1,0,1,0,1,0,1,1,0
45.386835,1,1,0,1,0,1,0,0,1
45.388835,0,1,1,0,0,0,0,0,1
45.397227,0,0,1,0,1,0,1,0,1
45.405586,1,0,0,0,1,1,1,0,0
45.411592,1,0,0,1,1,0,0,1,0
45.418823,0,1,0,0,1,0,1,1,1
45.421059,1,1,0,1,1,0,1,0,1
45.429773,1,0,1,0,0,0,0,1,0
45.433757,0,1,1,0,1,1,1,1,0
45.441557,1,1,1,0,1,0,1,0,0
45.449471,1,1,0,1,1,1,0,1,0
45.455115,1,0,1,1,0,0,1,1,1
45.462865,1,0,1,0,1,0,0,1,0
45.467722,1,0,1,1,1,1,0,0,0
45.476337,0,1,0,1,0,1,0,1,1
45.480472,1,0,1,1,1,0,1,0,1
45.482827,0,1,1,1,1,0,0,0,1
45.483887,0,1,0,1,0,1,0,0,1
45.487613,1,1,1,0,1,0,1,0,1
45.491991,1,1,1,0,1,0,0,1,0
45.499726,0,0,0,0,0,0,1,0,1
45.506618,1,0,1,0,1,0,1,0,0
45.515742,1,0,1,0,0,1,1,0,1
45.524288,1,1,1,1,1,0,1,1,0
45.529685,1,1,1,0,0,0,1,0,0
45.535734,0,1,1,1,0,1,0,1,1
45.537972,0,1,0,0,1,0,0,0,1
45.547228,1,1,0,0,0,1,1,0,1
45.552866,1,0,0,0,0,1,1,0,1
45.559170,0,1,0,1,0,0,0,1,0
45.560271,1,0,1,0,1,0,1,1,1
45.567641,1,0,1,0,1,1,1,1,0
45.573392,0,1,1,1,1,0,0,0,1
45.579778,1,1,1,0,1,0,1,1,1
45.588235,1,1,0,0,1,0,1,1,0
45.597088,0,1,1,0,0,1,0,0,0
45.602015,0,1,0,0,0,1,0,0,0
45.606379,0,1,1,0,1,1,0,0,0
45.616158,0,1,1,0,1,0,1,1,1
45.622139,0,0,1,0,1,1,0,0,0
45.627319,1,0,0,1,0,0,0,0,0
45.628861,0,1,0,1,0,1,0,0,1
45.638093,1,1,1,0,1,1,1,0,0
45.643873,0,0,1,0,0,1,1,0,1
45.646779,1,1,1,1,0,0,0,1,0
45.655493,1,1,0,0,0,0,0,0,0
45.659956,0,0,1,0,1,1,1,0,1
45.664319,0,1,0,0,0,1,1,0,0
45.669069,1,0,0,0,1,1,0,1,1
45.672576,0,0,1,0,0,0,1,0,0
45.681618,0,1,0,1,0,1,1,1,1
45.682973,1,1,0,1,1,0,0,1,0
45.692889,1,1,0,1,0,0,0,1,0
45.699915,1,1,0,0,0,1,1,0,0
45.704170,1,0,1,0,0,1,0,0,0
45.708530,0,1,0,1,0,0,0,0,0
45.710747,1,1,0,1,0,0,1,1,0
45.715769,0,0,0,0,1,1,1,1,0
45.725461,1,1,1,1,1,0,1,1,1
45.732885,1,1,0,1,0,1,0,0,0
45.741964,0,0,1,0,1,0,0,0,1
45.747258,1,0,1,0,1,0,1,0,1
45.756462,0,0,0,0,0,1,0,0,0
45.764335,0,0,0,1,0,0,1,0,1
45.773103,0,0,0,0,0,1,0,1,0
45.779515,0,0,0,0,0,0,1,0,0
45.786598,1,0,1,1,1,1,0,1,1
45.795124,0,0,1,0,0,1,0,1,0
45.804705,1,0,0,0,1,1,1,0,0
45.813461,0,1,1,1,0,1,1,0,0
45.819487,1,0,1,1,0,1,0,1,1
45.827793,1,1,0,0,0,1,0,0,0
45.834291,0,1,0,1,1,1,1,1,0
45.837591,0,0,1,0,1,0,1,0,0
45.841711,1,1,1,0,0,0,1,1,0
45.845804,0,1,1,1,1,1,1,0,1
45.855789,0,0,1,0,0,0,0,0,0
45.861595,0,0,0,1,0,1,0,1,1
45.868575,0,1,1,1,0,1,0,1,0
45.877744,0,1,1,1,0,0,1,0,1
45.882672,1,1,0,1,0,1,1,1,1
45.886953,1,0,0,1,0,1,0,0,0
45.889146,0,0,0,1,0,1,1,1,1
45.896693,1,1,0,0,1,0,0,1,0
45.900484,0,0,0,1,0,1,1,1,0
45.902176,1,0,0,0,1,1,0,1,0
45.910654,0,0,0,0,0,0,1,1,0
45.915460,1,1,1,1,0,0,0,1,0
45.920025,0,0,1,0,0,1,0,0,0
45.928270,1,1,0,0,1,0,0,0,1
45.932779,1,1,0,1,1,1,0,0,0
45.936123,1,0,1,1,0,0,1,1,0
45.941185,1,0,1,0,1,1,0,1,1
45.947790,1,1,0,1,1,0,1,0,0
45.957087,1,1,1,1,1,0,1,1,0
45.965464,1,0,1,0,1,0,0,1,0
45.973082,0,1,0,0,0,1,1,0,1
45.974391,0,0,0,1,0,1,0,1,1
45.980791,0,1,0,1,0,1,0,0,0
45.984535,0,0,1,0,0,1,1,1,0
45.992528,0,0,1,0,1,0,1,0,0
45.998604,0,0,0,0,1,1,1,0,0
46.005410,1,0,1,0,0,1,1,1,1
46.013578,0,1,1,1,0,1,0,0,0
46.016986,1,0,0,0,1,0,1,0,1
46.025909,0,0,1,1,0,0,0,1,1
46.027390,1,0,1,1,1,1,0,1,0
46.035642,1,1,0,1,1,1,1,0,1
46.045402,0,1,1,0,0,1,0,1,0
46.051559,0,1,1,0,0,1,1,1,0
46.059759,1,1,0,0,1,0,1,1,1
46.063984,1,0,0,0,0,0,0,0,1
46.069671,1,0,1,1,1,1,0,1,0
46.079404,1,0,1,1,1,0,0,0,1
46.085421,1,0,1,1,0,1,0,0,1
46.090970,0,0,1,0,0,0,0,1,0
46.093707,0,1,0,0,1,1,1,0,0
46.101644,1,1,1,0,1,1,0,1,1
46.104107,1,0,1,0,1,1,1,1,0
46.108196,1,0,1,0,1,1,1,0,0
46.109809,1,0,0,1,1,0,1,1,0
46.116066,0,0,0,0,1,1,0,1,0
46.125728,1,0,1,1,1,0,1,0,1
46.127936,0,1,1,0,1,1,0,0,1
46.130619,1,0,1,0,0,1,1,0,0
46.139089,0,1,0,0,1,0,1,1,0
46.142744,1,0,0,1,0,1,0,0,0
46.146609,0,0,0,1,0,0,0,1,1
46.149859,0,0,1,0,0,0,1,0,1
46.155127,1,0,1,1,1,1,1,1,0
46.158316,0,1,1,1,0,0,1,0,0
46.167067,1,1,1,0,1,1,0,0,0
46.175748,0,1,1,1,1,0,1,0,0
46.177214,1,0,1,0,0,1,1,1,0
46.181249,0,1,1,0,0,0,1,0,1
46.182658,1,1,0,0,0,1,1,0,0
46.190873,0,0,0,1,1,1,1,1,0
46.196373,1,1,0,0,1,1,0,1,1
46.205706,0,0,1,1,1,0,1,1,1
46.212971,1,0,1,0,1,0,0,0,1
46.221797,0,0,0,1,1,1,0,0,0
46.230966,1,1,0,1,0,1,0,0,1
46.236397,0,1,1,0,1,1,1,0,0
46.243721,0,0,1,1,1,0,1,1,1
46.252268,1,1,0,1,0,0,1,0,0
46.254075,0,1,1,1,1,0,1,1,0
46.260175,1,1,0,1,1,1,0,0,0
46.262852,0,1,0,0,1,1,1,0,1
46.269611,0,0,0,0,1,0,1,1,0
46.270843,1,1,0,1,0,0,1,1,0
46.276234,1,1,1,0,1,1,0,0,0
46.280772,1,1,0,1,1,1,1,0,0
46.285080,1,1,1,1,1,1,1,0,0
46.287824,0,1,0,0,0,1,0,1,1
46.297591,1,1,1,0,1,0,1,0,0
46.302743,1,0,0,1,1,1,1,1,0
46.310564,0,1,0,1,0,1,0,0,0
46.314286,0,0,1,1,0,0,0,0,1
46.323989,0,1,0,0,1,0,1,0,1
46.328695,1,1,0,0,0,0,1,0,0
46.333000,0,1,1,0,1,0,1,0,1
46.334288,0,1,1,0,1,0,1,1,0
46.338428,1,1,0,0,1,1,1,1,0
46.343266,0,1,1,0,0,1,0,0,1
46.345773,1,1,0,1,0,1,0,1,1
46.347745,0,1,1,0,1,0,0,1,1
46.355644,1,1,0,1,0,1,0,1,0
46.363149,0,1,0,0,1,1,0,0,1
46.364879,1,1,1,1,1,0,1,1,1
46.369189,1,1,0,0,0,0,1,0,1
46.370589,0,1,0,0,0,1,1,0,1
46.374439,0,1,0,1,1,0,1,0,0
46.382659,1,1,1,1,1,0,0,1,1
46.389938,0,0,1,1,1,1,0,0,0
46.394017,0,1,1,0,0,0,0,1,1
46.401053,0,1,1,1,1,0,0,0,0
46.409013,1,1,0,1,1,1,0,0,0
46.412713,0,1,0,1,1,1,1,0,0
46.417723,1,0,0,1,0,0,0,1,1
46.424337,1,0,0,1,1,1,1,0,0
46.427159,1,1,0,1,0,0,0,1,1
46.434655,0,0,0,1,1,0,0,1,0
46.437043,1,1,1,1,1,0,0,1,0
46.446898,1,0,0,0,1,0,1,0,1
46.456504,1,0,1,0,0,0,0,1,1
46.466350,0,0,0,1,0,0,0,1,1
46.473205,1,1,1,1,1,1,1,1,0
46.475720,1,1,0,0,1,0,1,0,1
46.484745,1,0,0,1,1,0,1,0,1
46.486889,1,1,0,0,1,1,0,0,0
46.496276,1,1,0,1,0,1,1,1,0
46.499111,1,0,1,1,0,1,1,1,0
46.500816,1,0,0,0,1,0,1,1,1
46.507006,0,0,1,1,1,1,0,0,0
46.512463,1,1,1,1,1,0,0,0,0
46.515198,1,1,0,0,0,1,0,1,1
46.519664,0,0,0,1,0,1,1,1,0
46.523755,0,1,0,1,0,1,0,1,1
46.532491,1,0,0,0,0,1,1,0,1
46.535767,0,0,1,0,1,1,1,0,1
46.543608,1,0,0,1,0,1,1,1,1
46.545899,0,1,0,0,0,1,1,0,1
46.553531,0,1,1,0,0,0,0,0,0
46.556479,1,1,1,1,0,1,0,1,1
46.561875,1,1,0,0,0,1,1,1,0
46.565315,0,0,1,1,0,0,1,0,1
46.571330,0,0,1,0,1,1,0,0,1
46.572953,1,0,1,1,0,0,1,1,0
46.575212,0,0,0,0,0,1,0,1,0
46.582598,1,1,0,1,0,0,1,1,0
46.591987,0,1,1,1,1,1,0,0,1
46.596024,1,0,0,0,0,1,1,0,1
46.600753,0,0,0,0,1,1,0,1,0
46.602987,1,0,1,0,1,1,0,1,0
46.606563,0,0,0,1,0,0,1,1,1
46.611660,0,1,0,0,1,1,1,1,1
46.618759,1,1,1,1,0,1,1,0,0
46.622395,0,1,1,1,0,0,1,1,0
46.629192,1,0,0,1,1,0,1,1,1
46.635367,1,0,1,0,0,1,0,0,0
46.641576,1,0,1,0,0,1,0,1,1
46.646413,1,1,1,1,0,1,1,0,1
46.651346,1,1,1,1,0,0,1,1,1
46.659679,0,1,1,1,1,1,0,1,1
46.668839,0,0,1,1,1,0,1,1,1
46.678822,1,1,1,0,1,1,1,1,0
46.685497,1,1,1,0,1,1,1,1,0
46.690097,1,1,0,1,1,1,1,0,1
46.699350,1,0,0,0,0,0,1,0,1
46.709069,0,1,0,1,0,0,0,1,1
46.712925,1,0,1,1,0,1,0,1,0
46.716544,1,0,1,1,1,1,0,1,0
46.718360,1,1,1,1,0,1,1,1,1
46.721381,1,0,0,1,0,0,1,1,1
46.730446,0,1,1,0,1,1,0,1,0
46.731666,1,0,1,0,1,0,0,1,0
46.736918,1,1,0,0,1,1,0,0,0
46.742237,0,1,1,0,0,1,1,1,0
46.745760,1,0,0,0,0,1,0,1,0
46.754324,1,1,0,1,1,1,1,0,0
46.757244,0,1,0,1,1,0,1,0,1
46.765964,1,0,0,1,1,0,0,1,1
46.775933,0,0,0,0,0,1,1,0,1
46.784085,1,1,1,1,1,0,0,1,0
46.790721,0,0,0,1,1,1,1,0,1
46.799525,0,0,1,0,1,1,1,0,1
46.803710,1,0,1,0,0,1,1,0,1
46.806026,0,0,0,0,1,1,0,1,0
46.810867,0,0,1,0,1,0,0,0,1
46.814607,1,1,1,1,1,0,0,1,1
46.815607,0,0,0,1,0,1,1,0,0
46.817512,0,1,0,1,0,0,0,0,0
46.823728,0,0,0,1,0,1,1,0,1
46.830424,1,1,1,1,1,1,1,0,1
46.834893,1,0,0,1,1,1,1,1,0
46.836062,0,1,1,0,0,0,1,0,1
46.844937,0,0,1,1,1,1,0,0,0
46.850102,1,0,0,0,1,1,1,1,1
46.854844,1,0,1,1,1,0,1,1,1
46.859858,0,1,1,1,0,1,1,0,0
46.869700,0,0,1,1,1,0,1,1,0
46.875508,1,1,1,0,1,0,1,0,1
46.881113,1,1,1,0,1,0,0,1,0
46.887188,1,0,1,0,1,1,0,1,1
46.894337,0,0,1,1,0,0,0,0,0
46.895938,1,0,0,0,0,1,1,0,0
46.905526,1,1,0,1,0,1,1,1,0
46.914226,1,0,0,0,1,1,1,1,0
46.916366,1,0,1,1,0,1,1,0,1
46.924763,0,0,0,0,1,1,0,0,1
46.934211,1,1,0,0,0,1,1,0,0
46.939701,1,0,1,0,0,0,1,1,1
46.943698,1,0,1,1,1,0,0,1,1
46.945771,0,1,0,0,1,0,0,0,1
46.949513,1,0,0,1,1,1,1,1,1
46.951644,1,1,0,1,0,1,0,0,1
46.961578,0,0,1,0,0,1,1,0,0
46.970542,1,1,1,0,0,1,0,1,0
46.978454,0,0,1,0,0,1,0,0,1
46.984005,1,1,1,1,0,1,0,0,0
46.992087,0,0,1,1,1,0,0,1,1
47.000539,0,1,1,0,1,1,0,1,0
47.006359,0,1,1,1,0,1,0,0,1
47.008735,1,1,1,0,0,1,0,0,1
47.015019,0,0,1,0,1,1,1,0,0
47.019169,0,1,0,1,0,1,0,1,1
47.025708,1,1,1,0,1,0,0,1,1
47.028196,1,1,0,0,0,1,1,0,1
47.036963,1,1,1,1,1,0,1,0,1
47.046932,0,1,0,1,0,0,0,0,1
47.055646,0,1,0,0,1,1,1,0,0
47.057945,0,1,1,0,0,0,1,1,0
47.061266,0,0,0,0,1,1,0,0,1
47.067491,0,1,1,0,1,0,1,0,0
47.069112,1,1,1,1,0,1,0,0,0
47.074298,0,1,1,0,0,1,0,1,0
47.081130,0,1,1,1,1,0,1,1,1
47.088192,1,1,1,1,1,0,0,1,1
47.093523,0,1,1,1,0,0,1,1,1
47.099266,0,1,0,0,1,1,0,1,1
47.102356,1,0,0,1,0,0,0,1,0
47.104408,1,1,0,0,1,1,0,0,1
47.110419,1,0,0,0,0,1,0,0,1
47.116070,1,1,0,0,1,1,1,0,0
47.123207,1,0,0,1,0,0,1,1,1
47.127816,1,0,1,0,0,0,1,0,0
47.129054,0,1,0,1,0,0,1,0,0
47.137749,0,0,1,1,1,0,1,1,1
47.143525,1,1,0,0,1,1,0,0,1
47.147316,1,0,0,1,0,0,1,1,0
47.151469,1,1,1,1,0,0,0,1,1
47.160548,0,0,1,0,1,0,0,1,0
47.163284,0,0,1,0,1,1,0,1,1
47.168448,0,1,0,0,1,1,1,1,0
47.175696,0,0,0,1,0,1,1,1,1
47.185560,1,0,0,0,1,1,0,0,0
47.191660,1,0,0,1,0,1,0,1,1
47.200889,0,1,1,1,0,1,0,0,1
47.206425,0,1,1,1,0,1,1,1,0
47.212531,1,0,0,0,1,0,1,0,0
47.221712,0,1,0,1,1,0,1,0,1
47.225816,1,1,0,0,0,1,0,1,1
47.234732,1,1,1,1,0,0,0,1,1
47.239457,0,1,0,1,0,1,0,0,0
47.244683,0,0,0,0,0,1,0,1,0
47.249001,0,1,0,0,0,1,0,0,1
47.251020,0,0,1,0,0,0,0,1,1
47.256833,1,1,0,1,0,1,1,0,1
47.263897,0,1,0,0,0,0,0,0,1
47.270007,0,0,0,1,0,1,0,0,0
47.278375,1,0,1,0,1,0,1,0,1
47.285615,0,0,1,0,1,1,0,1,0
47.293248,0,0,0,0,0,0,0,1,1
47.295907,0,0,1,0,1,0,1,1,0
47.302826,0,0,1,1,1,0,1,1,0
47.309781,0,0,1,0,0,0,0,1,0
47.316075,1,0,1,1,1,0,1,1,1
47.322517,0,1,1,0,0,1,1,1,1
47.330028,1,0,1,0,0,0,0,1,1
47.339378,0,0,1,1,0,0,1,1,1
47.345121,0,1,0,1,0,1,1,1,0
47.351680,1,0,0,1,0,0,1,0,0
47.360537,0,1,1,0,0,1,1,0,0
47.362423,0,1,0,1,1,0,0,1,0
47.363961,0,1,1,0,1,1,1,0,0
47.368823,1,1,0,1,0,0,1,0,1
47.372201,0,0,1,0,0,1,1,0,0
47.376639,1,0,1,1,1,1,0,1,1
47.379453,1,1,1,0,0,1,0,0,0
47.388068,1,1,0,1,1,0,1,0,1
47.390760,0,0,0,0,1,0,1,0,0
47.399888,1,1,0,0,1,1,1,1,1
47.402038,0,0,0,0,1,0,1,1,1
47.407466,0,1,0,1,0,0,0,0,0
47.412669,0,0,0,1,0,1,1,1,1
47.418503,1,1,1,0,0,1,0,0,1
47.423529,1,1,1,1,1,0,1,1,0
47.431648,1,0,0,0,0,1,0,0,0
47.440299,0,0,0,0,1,0,0,0,0
47.442862,0,0,1,1,1,0,0,1,1
47.451737,0,0,0,0,0,1,1,0,1
47.452936,0,1,0,1,1,1,1,1,0
47.456119,0,1,0,1,0,1,1,1,1
47.462578,0,1,1,1,0,0,1,1,1
47.470599,1,1,0,0,1,1,1,0,1
47.476708,1,1,0,0,0,0,0,1,1
47.480134,0,1,1,1,0,1,1,0,0
47.489877,1,0,0,1,0,1,0,1,1
47.499030,0,0,0,1,1,0,0,0,0
47.503349,0,0,0,1,0,1,1,0,0
47.513046,0,0,0,0,0,1,1,0,0
47.514479,0,0,1,0,1,0,1,0,0
47.520432,0,1,1,1,0,1,0,1,0
47.527414,1,1,1,1,1,1,1,1,0
47.535827,1,0,0,0,1,1,0,1,0
47.545347,1,0,1,0,0,1,1,1,0
47.551157,0,1,1,0,0,0,1,1,0
47.554752,1,0,0,1,1,1,0,0,1
47.559985,0,0,1,0,1,0,0,0,1
47.563818,1,1,0,1,0,0,0,0,1
47.568418,1,0,1,1,1,1,0,0,1
47.571319,1,1,0,1,1,1,0,1,1
47.580113,1,1,0,1,0,0,1,1,0
47.589773,1,0,0,1,0,1,0,0,0
47.594272,0,1,1,0,0,0,1,1,1
47.603003,0,1,1,1,1,1,0,1,0
47.605382,0,1,1,0,0,0,1,0,0
47.606581,1,1,1,1,1,0,0,1,1
47.614150,1,1,1,1,0,1,0,1,1
47.623319,0,1,0,0,1,1,1,0,0
47.627300,0,1,0,0,1,1,0,1,0
47.631924,1,1,0,1,1,0,0,0,1
47.634924,0,1,1,0,1,1,0,1,0
47.640929,0,0,1,0,0,0,1,1,0
47.643720,1,0,1,0,1,0,0,1,1
47.650126,0,0,1,0,0,1,0,0,0
47.652349,0,1,0,0,0,0,1,1,1
47.653452,1,1,0,1,1,0,1,0,1
47.661749,0,0,0,1,0,1,1,1,0
47.669426,0,0,0,0,0,1,0,0,0
47.671207,0,0,1,1,1,1,1,1,0
47.679316,1,0,1,1,0,0,1,0,1
47.686928,1,0,0,0,1,1,0,0,0
47.688102,0,0,0,1,1,1,1,1,1
47.697188,1,0,1,1,1,0,0,0,1
47.700760,1,1,0,0,1,1,0,0,0
47.706827,1,0,1,1,0,1,0,0,0
47.711758,1,0,1,1,1,0,1,1,1
47.718773,0,1,0,0,1,0,1,0,1
47.723263,0,1,1,0,1,1,1,0,0
47.732332,0,1,1,1,0,1,1,1,0
47.734926,1,0,0,1,0,0,0,1,1
47.744808,0,1,0,0,0,0,0,0,0
47.749636,0,1,1,0,0,0,1,0,1
47.757614,1,1,1,1,1,0,0,0,1
47.760248,0,0,0,0,0,1,0,0,0
47.767850,0,0,1,1,1,1,1,0,0
47.772100,1,1,0,1,0,1,1,0,0
47.775623,1,0,1,1,1,0,1,0,1
47.783192,0,0,1,1,1,1,0,0,0
47.785562,0,1,0,0,0,0,0,0,1
47.787971,1,1,1,0,1,0,1,1,0
47.797401,1,0,1,0,0,0,0,1,1
47.798812,1,0,1,1,0,1,0,0,1
47.805900,1,0,1,1,0,0,1,0,0
47.814253,0,1,1,1,0,0,1,1,0
47.823338,1,1,0,0,1,0,0,0,1
47.829614,0,0,1,1,0,0,0,1,0
47.830967,1,0,0,0,0,0,1,0,0
47.833389,0,0,1,0,1,0,1,0,1
47.837598,1,0,0,1,0,0,0,0,0
47.843543,0,0,0,1,0,1,1,1,0
47.849262,0,1,1,1,1,1,0,0,1
47.855376,0,0,1,1,1,0,1,1,0
47.860977,0,1,0,0,0,1,1,1,1
47.862607,0,1,1,1,1,1,1,1,1
47.866191,0,0,0,0,1,0,1,0,1
47.871307,0,1,0,1,1,1,1,1,0
47.877295,0,0,1,1,1,1,0,0,1
47.883445,1,0,0,0,1,0,0,0,1
47.888695,1,0,0,1,0,0,0,1,0
47.898591,0,0,1,0,1,0,1,1,0
47.900879,0,1,1,0,1,1,1,0,1
47.909575,1,0,0,0,1,0,0,1,1
47.919509,1,0,0,1,1,0,0,1,0
47.921820,0,1,0,1,1,0,1,1,1
47.927576,1,0,1,0,1,1,1,1,1
47.934383,1,1,1,1,1,1,0,0,1
47.940383,1,0,1,1,1,1,1,1,0
47.947987,1,1,1,0,1,1,1,0,1
47.948987,1,0,0,1,0,0,0,1,1
47.956328,1,0,1,1,0,1,1,1,1
47.963575,0,1,0,0,0,0,0,0,0
47.971335,1,0,0,1,0,0,0,1,0
47.979880,0,1,1,1,0,1,1,0,1
47.984154,1,1,1,1,1,0,1,1,0
47.993213,0,0,1,0,0,1,1,1,1
47.997596,1,1,1,1,1,1,1,0,1
48.005190,1,1,0,1,1,1,0,0,0
48.008597,0,0,1,0,0,0,1,0,1
48.013683,0,1,0,1,1,0,0,0,1
48.023214,0,1,1,0,0,0,1,1,1
48.032455,0,1,0,0,0,1,0,0,0
48.036308,1,0,0,1,0,0,0,0,0
48.044410,0,0,1,1,0,1,0,0,1
48.051780,1,1,0,0,1,1,1,1,0
48.059465,0,1,0,0,1,0,1,0,0
48.067784,1,0,1,1,1,0,1,1,0
48.070325,1,1,1,1,1,0,1,0,0
48.073301,1,0,1,1,0,1,0,1,0
48.081796,1,0,0,0,0,0,0,1,1
48.086723,1,1,1,0,0,0,1,0,0
48.095850,0,1,0,0,0,0,1,1,0
48.097213,0,0,1,0,0,1,1,1,0
48.099523,0,1,1,0,0,1,0,1,0
48.101645,1,0,1,1,0,1,0,0,0
48.109390,0,0,0,0,1,1,0,0,1
48.115245,1,0,0,1,0,0,1,0,0
48.125084,1,1,0,1,0,0,1,1,1
48.129916,0,0,1,0,0,1,1,1,1
48.132123,0,0,0,0,1,1,1,1,1
48.133123,0,0,0,0,1,0,0,1,1
48.134923,1,0,1,0,0,1,0,1,0
48.143333,0,1,1,0,1,1,0,1,0
48.151495,0,1,0,1,1,0,1,1,0
48.160750,0,0,1,1,1,0,1,0,0
48.166518,0,1,0,1,1,1,1,1,0
48.172874,1,1,0,0,1,0,1,0,0
48.178856,1,0,0,1,0,0,0,1,0
48.180456,1,0,0,1,0,0,1,0,1
48.182650,0,0,0,0,0,0,0,1,0
48.190013,1,1,0,0,0,0,0,0,0
48.192929,1,1,0,1,0,1,1,0,0
48.198075,1,0,0,0,0,0,0,1,1
48.202512,0,0,0,1,0,1,0,1,0
48.211478,1,1,0,0,0,0,0,0,0
48.213727,0,1,0,1,0,1,1,0,0
48.222851,0,0,1,1,0,1,0,0,1
48.230094,1,1,0,1,1,0,1,0,1
48.237225,1,0,0,0,0,1,1,0,1
48.240375,1,1,0,1,0,0,0,0,0
48.243564,1,0,0,0,0,0,1,0,0
48.249005,1,0,1,0,0,0,1,0,1
48.256457,0,1,0,0,1,1,1,1,0
48.260863,1,1,0,0,0,1,0,0,0
48.270431,0,1,0,1,1,0,0,0,1
48.279308,1,0,0,1,1,1,1,0,1
48.285395,0,0,0,0,1,0,0,1,1
48.292912,1,1,0,1,0,1,1,0,0
48.297127,1,1,1,0,1,0,1,1,0
48.302195,1,1,0,1,0,0,1,0,0
48.305277,1,0,1,0,0,0,1,0,0
48.307726,1,0,0,0,1,1,0,0,1
48.315088,1,1,0,0,0,1,0,0,1
48.317816,0,1,1,0,1,0,1,0,1
48.323010,1,1,1,0,1,0,1,1,1
48.330657,1,0,1,0,0,1,0,1,0
48.339384,0,1,1,0,1,1,1,0,0
48.342839,0,1,1,0,0,1,0,0,0
48.347691,0,0,0,0,1,1,0,1,1
48.352022,1,0,0,1,0,0,0,1,1
48.358014,0,0,1,0,1,0,0,0,1
48.366202,0,1,1,0,0,0,0,1,0
48.371582,1,0,0,1,0,1,1,1,0
48.381547,1,1,0,1,0,1,1,0,0
48.388172,1,1,1,1,0,1,1,1,1
48.397354,1,1,0,0,1,1,0,1,1
48.405912,1,1,1,1,0,0,0,0,0
48.407546,0,1,0,1,1,1,1,1,1
48.411831,0,1,0,0,1,1,0,1,0
48.418863,0,1,0,0,0,0,0,1,1
48.424684,0,1,1,1,0,0,0,1,1
48.432816,0,1,0,1,1,1,0,1,0
48.436371,1,1,1,0,0,1,0,0,1
48.446313,0,0,1,1,0,0,1,0,1
48.453188,1,0,1,1,1,0,0,0,1
48.460430,1,1,1,0,0,1,1,1,1
48.468400,0,1,0,0,1,0,0,0,1
48.474758,0,1,1,1,1,0,1,1,1
48.484116,0,1,1,0,0,0,0,0,1
48.493317,1,1,0,0,1,1,0,1,1
48.501245,1,1,1,1,1,0,1,1,1
48.503254,0,1,0,1,1,0,0,0,1
48.504544,1,0,1,1,0,1,0,0,0
48.509423,1,1,1,1,1,1,1,1,0
48.510513,0,0,1,1,1,1,1,1,1
48.513330,0,0,1,1,1,0,1,1,0
48.518368,1,1,1,0,1,1,0,0,0
48.522729,1,0,0,0,1,0,0,0,1
48.530771,1,1,1,1,0,0,1,1,0
48.534598,1,0,0,0,1,0,0,1,1
48.544436,1,0,1,1,1,1,1,1,0
48.545955,1,1,1,0,1,0,1,0,0
48.549464,1,1,0,0,1,1,0,0,1
48.558759,1,1,0,1,1,1,0,1,0
48.565931,0,0,0,1,1,0,1,0,1
48.574347,1,0,1,0,1,0,0,0,0
48.577525,1,1,1,1,1,0,0,0,1
48.578891,1,1,1,0,0,0,0,1,0
48.585681,0,0,0,1,1,0,0,1,0
48.593931,1,1,0,0,0,0,0,0,0
48.602477,1,0,0,0,1,1,1,1,0
48.610089,1,0,0,0,1,0,1,0,1
48.618044,0,0,1,0,0,1,1,0,1
48.621258,0,0,0,0,0,1,1,1,1
48.622558,0,1,1,1,1,0,1,0,0
48.624371,1,1,0,1,0,1,1,0,0
48.627386,0,0,1,1,1,0,1,0,0
48.630151,1,0,1,0,1,1,0,1,0
48.638725,0,0,1,0,1,0,1,0,1
48.644108,0,1,1,1,0,0,1,1,0
48.645924,0,1,1,0,1,1,1,1,0
48.653441,1,1,1,1,0,0,0,1,0
48.654626,1,0,0,1,1,0,0,0,1
48.659635,0,1,0,1,1,1,0,0,1
48.663020,1,0,1,0,0,1,1,1,1
48.667581,1,0,0,0,1,0,0,1,1
48.671081,0,1,0,0,0,1,1,0,1
48.679760,1,0,0,0,1,1,1,1,1
48.682531,0,0,0,0,0,0,0,1,0
48.686963,0,1,1,1,1,1,1,1,1
48.696868,0,0,0,1,1,0,1,0,1
48.706684,0,1,1,0,1,0,0,0,1
48.707803,1,0,1,0,0,0,1,1,1
48.716483,1,0,1,1,0,1,0,1,0
48.721230,0,0,0,1,0,0,0,1,0
48.727223,1,0,1,1,0,0,1,1,1
48.733675,1,1,0,0,1,1,0,0,1
48.742101,0,1,1,0,0,0,1,0,1
48.751470,0,0,0,0,1,0,0,0,1
48.760407,0,1,1,1,0,0,0,1,0
48.761478,1,0,0,0,1,1,1,0,1
48.767132,1,1,1,1,1,1,0,0,0
48.771786,1,1,1,1,1,0,0,0,0
48.774042,0,1,0,0,0,1,1,0,0
48.780932,0,1,1,1,0,0,1,1,1
48.787001,0,0,1,0,0,0,0,0,1
48.790953,0,0,0,1,0,1,1,1,1
48.798728,0,0,1,1,0,0,0,1,0
48.801235,1,1,1,1,0,1,1,1,0
48.802998,1,0,0,0,1,0,1,1,1
48.811066,0,0,1,0,1,1,1,0,0
48.817412,1,1,0,1,1,0,1,1,1
48.818821,0,1,1,1,1,1,1,0,1
48.821615,0,1,1,0,1,1,0,1,0
48.828604,1,1,1,1,0,1,1,1,1
48.836659,0,1,1,1,0,0,1,1,0
48.840861,0,0,0,1,0,0,1,0,0
48.843066,1,0,1,0,0,1,0,1,0
48.849594,0,1,0,1,0,0,1,0,1
48.859010,1,0,0,1,1,0,0,1,1
48.864524,0,0,0,1,0,0,1,0,0
48.872607,0,1,1,1,0,1,1,0,1
48.880482,1,0,0,0,1,1,0,0,0
48.881984,0,0,1,0,1,1,1,1,1
48.889418,0,1,1,0,0,0,1,1,1
48.895759,0,0,1,1,0,1,0,1,1
48.901190,1,0,0,1,1,0,1,0,1
48.904160,1,0,0,1,1,1,0,0,0
48.910531,1,0,0,1,1,1,0,1,1
48.918797,1,0,0,1,0,0,0,1,0
48.925007,0,0,1,0,0,1,0,1,0
48.927069,0,0,0,1,0,1,1,1,1
48.932991,0,0,1,0,0,0,0,1,1
48.942169,1,1,0,0,0,0,1,0,1
48.946651,0,1,0,0,0,0,0,0,1
48.948820,1,1,0,1,0,0,0,1,0
48.955334,0,1,1,0,0,1,1,0,1
48.957009,0,1,1,0,0,0,1,1,0
48.958845,1,0,1,0,0,1,1,1,0
48.965056,1,0,1,1,1,1,0,0,1
48.974993,0,0,0,1,1,1,1,0,0
48.979354,1,1,1,0,1,0,0,0,1
48.988246,0,1,0,1,0,1,1,1,1
48.995057,0,0,1,0,0,1,0,1,1
49.004864,1,1,1,1,0,1,1,0,1
49.006431,0,1,0,0,1,0,0,1,0
49.015916,1,0,0,0,1,1,0,1,1
49.016961,1,0,0,0,1,0,1,1,1
49.024432,1,0,1,0,0,0,0,0,1
49.032304,0,0,1,1,1,1,1,1,1
49.035104,0,0,1,1,1,0,1,1,1
49.040301,1,1,1,0,0,0,0,0,1
49.045098,0,0,0,1,1,0,1,0,0
49.053573,0,1,0,1,1,1,0,1,1
49.062564,1,1,0,0,1,1,0,1,0
49.064438,0,1,0,0,0,0,0,1,0
49.069559,1,0,1,0,0,1,0,0,1
49.073696,0,1,1,0,1,1,0,1,1
49.078584,0,0,1,0,0,0,1,1,0
49.086471,0,0,0,0,0,1,0,0,0
49.096151,0,1,1,0,1,0,1,1,1
49.099272,0,0,0,0,1,1,1,1,0
49.104062,1,1,1,1,0,1,0,0,0
49.111872,1,1,0,0,0,0,0,0,0
49.113263,1,1,1,0,1,1,0,1,1
49.123031,1,1,1,1,1,1,1,0,1
49.131544,0,1,1,1,0,0,0,1,1
49.139767,1,1,0,1,1,0,0,0,1
49.143385,1,0,0,0,0,0,1,0,1
49.148744,1,0,0,0,0,0,1,0,0
49.150648,0,1,1,1,0,1,0,0,0
49.156350,1,0,0,0,0,0,0,0,0
49.160476,1,1,1,0,1,1,0,0,0
49.164024,0,1,0,0,0,1,1,1,0
49.167707,1,0,1,0,1,1,1,1,0
49.176189,0,0,1,1,1,1,0,0,0
49.184831,1,0,0,1,1,0,0,1,1
49.190568,0,1,1,1,1,0,1,0,1
49.198112,0,0,0,0,1,0,0,0,1
49.207504,0,1,0,0,1,1,0,1,0
49.210394,1,0,0,1,1,0,1,0,1
49.219983,0,0,1,1,1,1,0,1,0
49.226472,0,1,0,1,0,0,1,1,1
49.230211,1,0,1,0,0,1,0,1,1
49.233131,0,1,0,0,0,1,1,0,0
49.234930,1,0,0,0,1,1,0,0,1
49.236639,1,1,1,0,0,0,0,1,0
49.242134,0,1,1,1,1,0,0,0,0
49.245462,1,0,1,0,0,1,0,1,1
49.246604,0,1,1,0,0,0,0,1,1
49.256341,0,1,1,0,0,1,0,1,0
49.258182,0,1,1,1,1,1,0,1,1
49.263883,0,0,0,0,1,0,1,0,1
49.273164,1,0,1,1,1,0,1,1,1
49.277463,0,0,1,0,1,1,0,0,1
49.286819,1,1,1,0,0,0,1,0,0
49.290112,1,1,1,0,0,1,1,1,0
49.297773,0,0,1,0,1,0,1,0,1
49.306959,0,0,0,0,1,1,1,1,0
49.310543,0,1,0,0,1,0,1,0,0
49.314543,0,0,0,1,1,1,1,0,0
49.316072,0,1,1,0,0,1,1,0,0
49.320924,0,0,0,1,0,0,1,1,1
49.326702,0,1,0,0,0,0,1,1,0
49.327702,0,0,0,0,1,1,0,0,1
49.331570,1,1,0,0,0,1,0,1,1
49.340794,0,0,1,0,1,1,1,0,0
49.343923,1,1,1,0,1,1,1,0,1
49.347116,1,0,1,0,0,1,0,0,1
49.354921,1,1,0,0,1,0,1,0,1
49.364215,1,1,0,1,0,0,1,0,0
49.374146,0,1,0,1,1,1,1,0,1
49.376946,1,1,1,0,0,0,0,0,1
49.383412,1,0,0,0,1,1,0,1,0
49.384959,0,1,1,1,1,0,1,1,0
49.393244,0,1,0,1,1,1,0,0,1
49.400462,1,0,1,0,1,1,0,0,1
49.409410,1,1,1,1,1,0,1,1,0
49.413067,1,0,0,1,0,1,1,0,0
49.421938,0,0,0,1,1,0,1,0,0
49.423110,1,0,1,0,0,1,0,1,0
49.431084,1,1,1,0,0,1,1,0,1
49.439519,1,0,0,0,0,1,0,0,1
49.446755,1,0,0,1,1,0,1,1,1
49.456080,1,0,1,0,1,0,0,1,1
49.460478,0,0,1,0,1,0,1,1,0
49.468933,1,0,1,0,0,0,0,1,0
49.470519,0,1,0,1,0,1,0,1,1
49.472953,1,1,0,0,0,1,0,0,1
49.480717,1,0,1,0,1,1,0,0,1
49.482592,1,0,0,1,0,0,1,0,0
49.487047,0,1,0,0,1,0,0,1,0
49.489408,1,1,0,1,0,1,0,1,1
49.495122,1,1,1,1,1,1,0,1,1
49.500368,1,1,1,1,1,0,0,0,1
49.507368,0,1,1,0,1,1,0,0,0
49.513674,1,0,0,0,0,0,1,0,0
49.523347,1,1,0,1,0,1,0,1,0
49.527695,0,0,1,1,0,1,1,1,0
49.535848,1,1,1,0,0,0,0,1,0
49.540427,1,0,1,0,1,0,0,1,1
49.545500,0,1,0,1,1,1,0,1,0
49.551510,1,1,1,1,1,0,1,0,0
49.554378,1,1,1,0,0,1,1,1,0
49.560002,0,0,1,0,0,1,0,0,1
49.563175,0,1,1,0,0,1,0,1,1
49.565012,0,1,0,0,0,0,1,0,0
49.569438,0,0,1,1,1,1,0,0,1
49.574026,0,1,0,1,0,0,0,1,1
49.580962,0,1,1,0,0,1,1,0,0
49.582344,1,1,1,1,1,0,0,0,1
49.585189,1,0,1,1,1,0,1,1,1
49.593474,1,0,0,1,1,1,1,1,0
49.598063,1,0,1,1,0,1,1,1,1
49.604858,0,1,0,0,0,0,0,1,1
49.611775,0,0,1,0,0,1,0,1,0
49.615788,0,0,1,1,0,0,1,0,1
49.619643,0,0,0,0,0,0,1,0,1
49.626361,0,0,1,0,0,0,1,1,0
49.635494,0,1,1,1,0,1,0,1,1
49.638655,0,1,1,1,0,0,1,0,0
49.642675,0,0,1,1,0,0,1,0,0
49.649867,0,1,0,1,1,1,1,1,0
49.654867,0,0,0,1,1,1,1,0,1
49.658494,0,1,1,1,0,1,0,1,1
49.665641,0,0,1,1,0,0,0,1,1
49.675087,0,1,0,0,1,1,1,1,1
49.678971,1,0,1,1,0,1,1,1,1
49.682317,0,1,0,0,0,1,1,0,0
49.686478,1,0,0,1,1,1,0,1,0
49.694990,0,0,0,0,0,1,1,0,0
49.704773,1,0,1,1,1,1,0,0,1
49.711557,0,0,0,1,0,1,1,0,1
49.717814,0,0,1,1,0,0,1,1,0
49.721839,1,0,1,1,0,1,0,0,0
49.726439,1,1,1,1,1,1,0,1,0
49.728060,0,0,0,1,1,1,1,0,0
49.737643,1,0,1,0,1,1,1,1,1
49.744484,1,0,1,0,0,1,1,0,0
49.745988,0,1,1,1,1,0,1,0,0
49.747678,1,0,1,1,1,0,1,0,1
49.753097,0,0,0,1,1,1,0,1,0
49.754222,0,0,1,1,0,1,0,0,0
49.757824,1,1,0,1,0,1,1,0,1
49.759517,0,1,1,0,0,1,1,1,0
49.766875,1,1,0,0,0,0,0,0,0
49.774317,1,1,1,1,0,1,0,1,1
49.780117,0,0,1,0,0,1,0,0,1
49.787253,0,0,0,0,0,0,1,0,1
49.790808,0,1,1,0,0,0,1,0,1
49.793577,0,1,0,0,1,0,0,0,1
49.802613,1,1,0,1,0,0,0,0,1
49.811653,1,1,0,0,0,0,0,0,0
49.812812,0,0,1,0,1,0,0,1,1
49.821150,0,1,1,0,1,1,0,1,0
49.825440,0,1,1,0,1,1,0,0,0
49.830320,1,1,0,1,0,1,0,0,0
49.837320,0,0,1,0,1,0,0,0,1
49.842859,0,0,0,1,0,0,0,1,0
49.844660,0,1,1,1,1,0,1,0,0
49.851945,1,1,0,0,0,0,0,0,1
49.854560,0,1,0,0,0,0,1,1,1
49.858788,1,1,1,1,0,1,0,1,0
49.862957,1,0,1,0,1,1,1,1,0
49.871189,0,1,1,0,0,1,0,1,1
49.875617,0,1,0,0,0,1,0,1,1
49.883807,1,0,0,0,0,0,0,0,1
49.885260,0,0,1,1,0,1,0,1,1
49.892729,1,1,1,0,1,1,1,0,1
49.894652,1,1,0,1,0,1,1,1,1
49.896367,0,0,1,0,0,1,0,0,0
49.902384,1,1,0,0,0,0,0,0,0
49.904621,1,1,0,1,0,0,1,0,1
49.913986,0,1,1,1,0,0,1,0,1
49.916896,0,1,1,0,1,0,0,0,1
49.922044,0,0,0,0,0,0,0,1,1
49.927025,0,0,0,0,1,1,0,1,0
49.929275,0,1,1,0,0,0,1,1,0
49.932023,0,1,0,1,0,1,1,1,0
49.933780,1,1,0,0,1,0,1,0,1
49.943630,0,0,1,0,1,0,1,1,0
49.952938,0,1,0,1,0,1,1,1,1
49.954159,1,0,1,0,1,1,0,1,1
49.955476,1,0,1,0,1,0,0,0,0
49.963839,1,0,0,0,0,1,1,0,0
49.968674,0,1,1,1,0,0,1,0,0
49.974638,1,1,0,1,0,0,1,1,0
49.984530,0,0,0,0,0,0,1,1,0
49.992351,1,0,1,1,1,0,1,0,1
50.001137,0,0,1,0,0,1,1,1,0
50.010582,1,1,0,1,0,0,1,1,0
50.016757,1,1,1,0,0,0,0,1,1
50.020887,0,0,0,1,1,1,1,1,1
50.029933,0,0,1,1,0,1,0,0,0
50.033724,1,0,0,1,0,0,1,0,1
50.043666,1,0,1,0,1,1,0,0,0
50.052766,1,0,0,1,1,0,1,1,1
50.058641,1,1,1,0,1,0,0,0,1
50.060028,1,1,0,0,1,1,1,1,1
50.065666,1,0,0,0,1,1,0,0,0
50.072196,1,0,0,1,0,0,0,1,0
50.076918,1,0,1,1,0,0,0,0,0
50.086426,0,1,1,0,0,0,0,1,0
50.088373,1,1,0,1,0,0,0,1,1
50.096941,0,0,0,0,1,0,1,1,1
50.101941,1,0,0,0,1,0,1,1,1
50.109033,1,0,1,1,1,0,0,0,1
50.110852,1,1,1,1,1,1,0,1,0
50.117059,1,1,1,0,0,1,0,0,1
50.122796,0,0,1,0,0,0,0,1,1
50.130497,1,0,1,0,1,0,0,0,1
50.139952,0,1,1,0,1,0,0,0,1
50.141086,0,0,0,0,0,0,0,1,1
50.145727,0,0,0,0,0,0,1,1,1
50.151252,0,0,1,0,0,0,1,0,1
50.157699,0,1,1,1,0,1,0,0,0
50.164406,0,1,1,0,0,0,1,0,0
50.168050,1,1,1,0,1,1,1,1,0
50.170691,0,1,0,1,1,1,0,1,1
50.177524,1,0,0,1,0,0,0,0,0
50.179543,1,0,0,1,0,0,1,0,0
50.186873,0,0,0,0,0,0,1,0,0
50.189894,0,0,0,1,0,0,1,1,1
50.194459,0,1,1,0,0,0,0,1,1
50.203329,1,1,0,1,1,0,1,0,1
50.206260,1,1,1,1,1,0,1,0,1
50.213956,0,1,0,1,0,1,0,0,0
50.217101,1,1,1,0,0,1,1,0,1
50.221068,1,1,1,1,0,1,0,1,0
50.230042,0,1,1,1,0,0,1,1,0
50.231353,0,0,0,1,1,0,1,0,1
50.237958,1,1,0,1,1,0,1,0,0
50.241006,1,0,1,0,0,1,0,0,0
50.243451,1,1,0,0,0,0,1,1,1
50.245965,1,0,1,1,0,1,0,0,1
50.248378,0,0,0,0,1,1,1,1,0
50.253178,0,1,1,0,1,0,1,0,1
50.258955,1,0,1,0,0,0,0,0,1
50.261362,0,0,0,0,1,1,1,0,0
50.270453,0,1,1,0,1,0,1,0,0
50.277477,0,1,0,0,1,0,1,1,0
50.281531,0,0,1,0,0,0,1,1,1
50.285229,1,0,0,1,1,1,0,0,1
50.291372,0,1,0,0,1,1,1,1,0
50.296775,0,1,1,0,0,1,0,0,0
50.306440,0,0,0,1,0,0,0,1,1
50.316043,0,1,1,0,1,1,1,0,1
50.318069,0,0,1,0,0,0,1,1,1
50.319643,1,1,1,1,1,0,0,1,1
50.325330,0,0,1,0,1,0,1,0,0
50.329193,1,1,0,1,1,0,0,0,1
50.332519,0,1,0,0,0,1,1,1,0
50.337563,1,1,0,1,0,1,1,1,1
50.347379,0,1,1,1,1,0,1,0,1
50.349082,1,1,0,0,0,0,0,0,0
50.356516,1,1,0,0,1,0,0,0,1
50.359885,0,1,0,1,1,1,1,1,0
50.364792,0,1,0,1,1,0,0,1,0
50.367834,0,0,1,0,1,0,1,1,1
50.375691,1,1,1,1,0,0,0,1,0
50.378496,1,1,1,1,1,1,1,0,1
50.384342,1,1,1,0,1,1,0,1,1
50.389496,1,1,0,1,0,1,1,1,0
50.393260,0,0,0,1,1,0,0,1,1
50.394695,0,0,0,0,1,1,1,1,0
50.399545,0,0,1,0,0,0,0,0,0
50.402636,0,1,0,1,0,1,0,1,1
50.408083,1,1,1,0,0,1,1,1,1
50.413455,0,0,1,0,1,1,1,0,0
50.416809,0,0,0,1,0,0,0,1,1
50.418975,1,1,1,0,1,1,1,0,1
50.427725,0,1,1,0,0,1,0,0,1
50.437061,0,0,1,0,0,0,0,0,1
50.442838,0,0,1,1,1,0,1,0,0
50.449516,1,1,0,0,1,0,0,0,0
50.451007,0,1,1,1,0,1,0,0,0
50.458402,0,1,0,0,1,1,0,0,1
50.461825,1,1,1,0,1,1,0,0,0
50.465709,0,0,1,1,0,1,0,0,0
50.473219,1,0,1,1,0,1,1,1,0
50.479120,1,1,1,1,1,1,0,1,1
50.483250,0,1,1,1,1,0,0,1,0
50.490932,1,0,1,0,1,0,1,0,0
50.497198,0,1,1,0,1,1,1,1,1
50.502615,1,0,0,0,1,1,1,1,1
50.507452,0,0,1,1,1,0,1,1,0
50.515423,1,0,0,0,1,0,0,0,1
50.523887,0,0,0,0,1,0,0,0,0
50.532366,1,1,1,1,1,1,1,1,1
50.541773,0,1,0,1,1,1,1,1,1
50.545738,0,1,0,0,0,1,0,1,1
50.554801,1,1,1,0,1,0,0,0,0
50.559710,1,0,1,1,0,0,1,1,0
50.564504,1,0,0,1,1,0,0,0,0
50.571188,1,0,1,1,1,1,0,0,1
50.572815,1,1,0,0,1,0,1,0,1
50.581493,1,0,0,1,0,0,0,1,0
50.585821,0,0,1,1,1,1,1,1,0
50.587349,1,1,1,1,0,0,0,0,1
50.595041,0,0,1,1,0,1,1,0,0
50.601010,1,0,1,1,1,1,0,1,1
50.604915,0,1,1,0,1,0,0,0,1
50.613975,0,0,1,1,0,1,1,1,1
50.621263,1,1,0,1,0,0,0,1,0
50.624311,0,0,0,0,1,0,0,0,0
50.631852,1,1,1,0,1,0,1,1,0
50.641789,0,1,0,0,1,0,1,1,0
50.648045,0,0,0,1,0,1,0,1,1
50.654199,1,0,0,0,1,1,1,1,0
50.661234,0,0,0,1,0,0,0,0,1
50.671009,0,1,0,0,1,0,1,0,0
50.672042,0,0,0,1,0,1,0,1,0
50.680571,0,1,1,0,0,1,0,1,0
50.690225,0,0,0,1,0,0,0,0,1
50.692894,0,1,0,0,0,0,1,1,1
50.701437,0,0,0,0,0,1,0,0,1
50.704398,0,0,1,1,0,0,1,0,0
50.708129,0,0,0,0,0,1,0,0,1
50.710539,0,1,1,1,0,1,0,1,0
50.715167,1,1,0,0,1,0,0,1,0
50.716167,0,0,1,1,0,0,1,0,1
50.721294,1,0,0,1,1,0,1,0,0
50.723606,0,1,0,0,1,1,0,1,1
50.725313,0,0,1,1,0,0,0,0,1
50.733153,1,1,0,0,1,1,0,0,1
50.740153,1,0,1,0,1,0,1,1,1
50.742386,0,0,1,1,1,1,1,0,1
50.746732,0,1,0,1,1,1,1,0,0
50.751463,0,0,1,0,1,1,0,0,0
50.756166,1,0,1,0,1,1,1,1,1
50.758852,0,0,1,0,1,0,0,0,1
50.767117,0,0,1,0,0,1,1,1,1
50.776154,1,0,0,1,0,1,0,0,0
50.779394,1,0,0,0,1,0,1,0,0
50.785330,1,1,1,1,0,0,1,1,0
50.788532,0,0,1,0,1,0,0,1,0
50.797087,1,1,1,1,0,1,1,1,0
50.806875,0,0,1,1,1,0,1,1,1
50.814875,1,1,0,0,1,0,0,0,0
50.823508,1,1,0,1,0,0,0,1,1
50.831004,1,0,1,0,1,1,0,0,0
50.840254,1,0,0,0,1,0,0,0,0
50.844897,1,0,0,0,1,0,1,0,1
50.851661,0,0,1,0,0,0,0,0,1
50.860563,1,0,0,0,1,0,0,0,1
50.865815,1,1,0,1,0,1,1,1,1
50.875613,1,0,0,0,1,1,1,1,1
50.882763,0,0,0,1,0,1,1,0,1
50.888131,1,0,1,1,0,0,1,0,0
50.896153,1,0,1,1,1,1,1,0,1
50.902443,0,1,1,0,1,0,0,1,1
50.905359,0,1,1,1,1,1,0,0,1
50.906930,1,1,1,0,0,0,0,0,0
50.908969,1,1,0,0,1,1,1,0,1
50.916971,1,1,1,0,1,0,0,0,0
50.925209,0,0,1,0,1,1,0,1,1
50.929049,0,0,1,1,0,0,1,1,1
50.936951,1,0,0,0,1,1,0,1,0
50.939220,0,0,1,0,1,0,0,1,0
50.948947,1,1,1,0,0,1,1,1,1
50.958507,0,0,0,0,1,1,0,0,1
50.967232,0,0,1,0,1,0,1,0,0
50.970606,1,1,0,0,1,0,1,0,0
50.979050,0,1,0,1,0,0,1,1,1
50.986858,0,1,1,0,1,1,0,0,1
50.994608,0,0,0,1,1,0,0,0,0
51.003566,1,1,0,0,1,1,0,1,0
51.010863,1,1,1,1,0,1,0,0,0
51.014620,0,1,0,1,0,1,1,0,1
51.023334,1,1,0,1,0,0,0,1,1
51.027122,1,1,1,0,1,0,0,1,1
51.034399,0,1,1,0,1,1,1,0,1
51.041331,0,0,1,0,0,1,0,1,0
51.050311,0,1,1,1,1,1,0,1,0
51.053636,0,0,1,0,0,0,1,0,1
51.056388,0,1,1,1,1,0,1,1,0
51.059188,1,0,0,0,0,0,0,1,0
51.064592,1,1,0,0,0,0,1,0,1
51.067890,1,1,1,1,0,1,1,0,0
51.073513,0,1,1,1,0,0,0,1,1
51.082907,1,0,0,1,0,1,1,1,1
51.085773,0,1,0,1,0,1,0,0,0
51.092244,1,0,1,0,1,1,0,0,0
51.098940,1,1,1,1,0,0,0,0,0
51.107832,1,1,0,0,0,0,0,1,1
51.109018,1,0,0,0,0,1,0,0,1
51.113244,0,0,0,1,1,1,0,0,0
51.120552,1,1,1,0,1,1,0,0,1
51.123140,1,0,1,1,0,0,1,0,1
51.130948,1,0,1,1,1,0,1,1,0
51.135048,0,1,1,1,0,0,0,1,1
51.140519,1,0,1,0,0,1,0,1,1
51.145313,0,0,0,1,1,0,0,0,1
51.154552,0,1,1,0,0,0,1,0,1
51.161552,0,1,1,0,1,1,1,0,1
51.171178,0,1,0,0,0,0,1,1,1
51.180861,0,1,1,1,0,1,0,1,0
51.186531,1,1,0,1,0,1,0,0,1
51.194897,1,1,0,1,1,0,1,0,0
51.196852,1,1,1,0,1,1,0,1,1
51.203755,1,0,1,0,1,1,0,1,0
51.212776,0,0,1,1,1,0,0,0,1
51.219172,0,0,1,0,1,1,1,1,1
51.227914,1,0,1,0,0,0,1,1,1
51.236142,1,1,0,1,1,0,1,0,0
51.241177,1,0,1,1,1,1,0,0,0
51.247326,0,1,1,1,0,1,1,0,0
51.248615,1,1,1,1,1,1,0,1,0
51.250958,1,0,0,1,0,1,0,0,0
51.260906,0,1,1,0,0,1,1,1,1
51.265054,1,0,1,0,0,0,1,0,1
51.274558,1,1,0,1,1,0,0,1,1
51.280350,1,1,0,1,0,0,1,1,1
51.285922,0,0,0,1,1,1,1,1,1
51.292322,0,1,0,0,0,1,0,1,0
51.300392,0,1,1,1,1,1,1,0,1
51.301392,1,1,0,1,1,1,0,0,0
51.305676,0,0,1,0,1,0,0,0,1
51.314676,0,1,1,0,0,1,1,1,1
51.318461,0,0,1,0,0,1,0,1,0
51.322766,1,1,1,0,1,0,0,1,0
51.327095,1,1,0,0,0,0,1,0,1
51.328952,1,1,0,0,1,0,1,1,1
51.334452,0,1,1,1,0,1,0,0,0
51.340042,1,1,1,1,1,1,0,0,0
51.341963,1,1,0,0,1,1,0,1,0
51.345629,1,0,0,0,0,1,0,0,1
51.349404,0,1,0,1,0,1,1,1,1
51.358781,1,1,1,1,1,1,1,1,1
51.365787,0,1,1,0,0,1,0,0,1
51.372834,1,1,0,1,0,0,1,0,0
51.376259,1,1,1,1,0,1,1,1,1
51.385255,1,0,1,1,1,0,1,0,0
51.390085,1,1,0,1,0,0,1,1,1
51.393659,0,0,1,0,1,1,0,1,1
51.402851,0,1,0,1,1,1,1,1,1
51.408182,1,0,1,1,1,1,1,1,1
51.413382,0,0,1,1,0,1,1,1,0
51.415805,1,1,0,1,0,1,0,0,0
51.423325,0,0,1,0,1,1,1,0,1
51.429381,1,1,0,1,1,0,1,0,1
51.433654,1,1,0,1,0,0,1,0,0
51.441356,0,1,0,0,1,0,1,1,0
51.447270,0,1,1,1,0,0,1,1,1
51.455674,0,1,1,1,0,0,1,0,0
51.465629,0,1,0,1,0,1,0,1,1
51.466743,1,0,1,0,0,1,0,1,1
51.472371,0,0,1,0,0,0,0,1,1
51.475193,0,0,0,0,1,0,0,1,0
51.482545,1,0,0,1,0,1,0,0,0
51.489213,1,1,1,0,1,1,1,1,0
51.490213,0,1,1,1,1,0,0,1,0
51.497137,0,1,0,1,0,1,0,0,1
51.502822,0,1,1,0,1,0,0,0,1
51.507449,1,1,1,1,1,1,1,1,0
51.514449,0,0,0,0,1,0,0,0,1
51.522658,0,0,0,0,1,1,1,1,1
51.532360,1,0,1,0,1,0,0,1,0
51.540960,0,1,0,0,1,0,0,0,1
51.545344,1,0,0,1,0,1,0,1,1
51.547364,1,0,1,1,1,0,0,1,1
51.557087,0,1,0,0,1,1,1,0,1
51.559397,0,1,0,1,1,1,0,0,0
51.563272,1,0,1,1,1,1,0,0,1
51.568738,1,1,1,0,0,1,0,1,0
51.574351,1,0,1,1,0,1,1,0,0
51.578909,1,1,0,1,0,1,1,0,1
51.588664,0,0,1,0,1,0,1,0,1
51.591148,0,1,1,1,0,0,0,0,0
51.596456,0,1,0,0,0,1,0,1,1
51.599935,1,0,1,1,0,1,0,1,1
51.607522,1,0,1,0,1,0,1,0,1
51.612087,1,0,0,1,1,0,0,0,1
51.614962,0,1,1,0,0,0,0,1,0
51.624358,1,1,1,1,0,1,0,0,0
51.627647,0,1,1,0,1,0,1,0,0
51.634076,1,1,1,1,0,0,0,0,1
51.641629,0,0,0,1,0,1,0,0,0
51.644708,0,1,0,0,0,0,1,1,0
51.645798,0,0,1,0,1,0,1,1,1
51.649668,1,0,0,1,1,0,1,0,0
51.658345,0,0,0,0,1,0,0,1,1
51.666133,0,1,1,0,1,0,1,1,0
51.667403,0,0,1,1,1,0,0,0,0
51.673338,0,1,0,0,0,1,1,0,0
51.675185,1,1,1,1,1,1,0,0,0
51.679089,0,1,1,1,1,0,1,1,0
51.686567,1,0,0,0,1,1,0,0,0
51.691132,1,1,0,0,0,1,0,0,0
51.698734,0,1,1,1,1,0,1,1,1
51.699882,1,0,1,0,1,0,1,1,1
51.701219,0,0,1,0,1,1,0,1,0
51.710209,0,0,1,1,1,0,1,0,0
51.714698,0,1,0,1,1,0,0,1,0
51.719474,0,1,1,1,0,0,1,0,1
51.729343,1,1,0,0,1,1,0,0,1
51.731301,1,1,0,1,0,1,1,1,1
51.738573,0,0,1,0,1,1,1,0,0
51.741298,1,1,0,1,1,1,1,0,1
51.750821,0,0,1,0,1,1,1,0,1
51.757881,0,0,0,1,0,0,0,1,1
51.759631,0,1,0,0,0,0,0,1,1
51.767340,1,1,0,1,0,1,0,0,1
51.776758,1,1,0,1,0,0,1,0,1
51.779896,1,0,1,1,0,1,0,1,0
51.789012,0,1,1,1,1,1,1,0,0
51.798103,1,0,1,0,0,1,0,0,0
51.803624,0,0,0,0,1,1,0,0,1
51.805452,0,1,1,0,0,1,1,1,1
51.807128,1,0,0,1,0,0,0,0,0
51.815739,0,0,1,1,0,0,0,1,0
51.821501,0,0,1,0,1,0,1,1,0
51.830492,1,1,1,1,1,1,0,0,1
51.831768,0,0,0,0,1,1,0,0,0
51.838979,1,1,0,0,1,1,1,1,0
51.843345,0,0,1,1,0,1,0,1,1
51.848776,1,1,0,0,0,1,0,1,1
51.856120,0,1,0,1,0,1,1,0,0
51.859275,1,0,0,1,1,0,1,1,0
51.863575,0,1,0,1,1,1,1,0,1
51.872256,0,0,1,0,0,0,0,0,1
51.882086,0,1,1,1,0,0,1,0,0
51.886239,0,1,1,1,0,1,0,0,0
51.889883,0,0,1,1,1,0,0,1,0
51.893649,0,1,1,1,0,0,0,1,0
51.899236,0,1,0,1,0,1,0,0,0
51.903562,1,0,0,1,1,1,0,0,0
51.913045,1,0,0,1,1,1,1,0,0
51.918138,1,1,0,1,0,0,1,0,0
51.924649,0,0,0,1,0,1,1,0,0
51.928603,1,1,0,1,1,1,0,1,1
51.937641,1,0,1,0,1,0,1,1,0
51.945331,1,1,0,0,0,0,0,0,1
51.954142,0,1,1,0,0,0,0,0,1
51.957611,0,1,0,1,1,0,0,1,0
51.965566,1,0,1,0,0,0,0,1,0
51.970511,0,1,0,1,1,0,1,0,1
51.974753,0,1,1,0,0,0,1,1,1
51.983969,0,1,0,1,0,1,1,1,1
51.986459,1,1,1,0,1,0,0,1,1
51.989759,0,0,1,1,1,0,1,0,0
51.996338,1,0,1,1,0,1,1,0,0
52.001533,0,1,0,0,1,0,1,0,0
52.002890,1,0,0,0,1,1,1,1,0
52.011604,1,0,0,0,1,1,0,1,0
52.017390,1,1,0,1,0,1,1,1,0
52.019045,0,1,0,0,1,1,1,0,0
52.020366,1,0,0,1,1,1,1,0,1
52.025058,0,0,1,1,0,1,0,1,1
52.026824,1,1,1,0,0,1,1,0,0
52.036411,0,0,1,0,0,1,1,1,1
52.039075,0,0,0,1,0,1,1,0,1
52.041454,1,1,1,1,1,0,1,1,1
52.050227,1,0,1,1,0,0,0,1,1
52.051227,0,0,1,0,0,0,0,1,1
52.057310,1,0,1,1,0,1,1,0,0
52.064616,0,1,1,1,1,1,0,1,1
52.073274,1,0,0,0,0,1,1,0,1
52.079118,0,0,0,1,1,1,0,0,1
52.084006,1,0,0,1,0,1,0,1,0
52.088746,1,1,1,1,0,0,0,1,1
52.098118,0,0,1,1,1,1,1,1,1
52.101311,0,0,1,0,0,0,1,1,1
52.106217,0,1,1,0,1,1,1,1,0
52.107497,0,1,1,0,0,1,1,1,1
52.112667,1,1,1,1,0,0,1,0,1
52.116998,1,0,0,1,0,1,1,0,1
52.122260,0,0,0,0,0,0,0,1,0
52.128025,0,0,1,1,0,0,1,0,1
52.130102,1,1,0,0,1,1,0,0,0
52.135888,1,1,1,1,1,0,1,0,1
52.140563,0,0,0,0,1,0,0,0,0
52.147807,0,1,0,1,1,1,0,1,1
52.150568,0,1,1,1,1,0,0,1,0
52.157843,1,1,0,1,0,0,1,1,1
52.160617,1,0,0,0,1,1,0,0,1
52.166979,0,0,0,1,0,1,1,0,0
52.168018,0,1,0,1,0,0,1,1,1
52.176434,0,1,0,0,0,0,0,1,1
52.179755,0,0,0,1,1,0,0,0,1
52.187630,1,0,1,1,1,0,1,1,0
52.192181,0,1,0,1,1,1,0,1,0
52.197435,0,1,1,1,0,1,1,0,0
52.201266,1,1,0,0,0,1,0,0,0
52.206752,1,0,0,0,1,0,1,0,0
52.212856,1,1,1,1,1,1,0,1,0
52.214552,0,0,1,0,1,0,1,0,1
52.222426,1,0,1,0,0,1,0,1,0
52.230812,1,0,1,1,0,1,0,0,1
52.232271,1,1,0,1,1,1,1,1,0
52.235365,1,1,1,0,0,0,0,1,1
52.236848,0,0,0,1,1,1,1,0,1
52.239035,0,0,0,0,1,0,0,1,0
52.244495,1,1,0,0,0,1,1,0,0
52.252535,1,1,0,0,0,0,1,1,1
52.261480,1,1,1,0,1,1,1,1,1
52.269294,1,1,0,0,0,1,0,1,0
52.271141,1,1,1,0,0,1,1,1,0
52.279791,0,1,0,0,0,1,0,1,0
52.288335,1,0,0,0,0,1,1,1,1
52.294992,0,0,1,1,0,1,0,1,1
52.297774,0,1,0,1,0,0,1,0,1
52.302002,1,1,1,1,1,0,1,1,1
52.303785,1,0,1,1,0,0,1,1,0
52.305582,1,0,0,1,0,0,1,1,1
52.310978,0,1,1,0,0,1,1,0,1
52.312332,1,0,0,0,0,0,1,0,0
52.318860,1,0,0,1,0,0,1,0,0
52.322439,0,0,0,0,1,1,1,0,0
52.331715,1,0,1,1,0,1,1,0,0
52.337339,0,0,0,0,0,1,0,1,1
52.344769,1,1,1,1,1,0,1,0,0
52.351256,1,0,0,0,0,1,0,0,1
52.361088,1,0,1,0,0,0,0,0,0
52.362846,0,1,0,0,1,0,1,0,0
52.366885,1,1,0,0,0,1,0,1,1
52.368544,1,1,1,0,1,1,1,0,1
52.370541,1,0,1,1,0,1,1,1,1
52.372332,1,0,0,1,1,0,1,0,1
52.381390,1,1,1,0,1,1,1,1,1
52.390951,0,0,0,1,1,0,0,0,1
52.399789,1,0,0,1,0,1,1,1,0
52.407956,0,0,0,1,1,0,1,0,1
52.412155,0,0,1,1,0,1,1,1,1
52.421616,0,0,1,0,1,0,1,0,1
52.426030,0,1,1,0,1,0,0,1,1
52.434159,1,0,1,0,1,0,1,0,1
52.437309,1,0,1,1,1,1,0,0,1
52.447059,0,0,1,1,1,1,1,0,1
52.449949,1,1,0,0,0,1,1,1,1
52.458918,0,0,0,0,1,1,0,0,0
52.468217,0,0,0,1,0,1,1,1,0
52.470072,1,0,1,0,0,1,0,1,1
52.476861,1,0,1,0,1,1,0,0,0
52.485595,1,0,1,0,0,1,1,1,0
52.494307,0,1,1,1,0,0,0,0,0
52.496218,1,1,1,0,1,0,0,0,0
52.498014,0,0,0,0,1,0,0,0,1
52.499843,1,0,0,0,1,0,0,0,0
52.509265,0,0,0,1,0,1,0,1,1
52.515437,0,1,1,1,1,0,0,0,0
52.519156,1,0,1,1,0,0,1,0,1
52.524216,1,0,1,1,1,0,0,1,0
52.528112,1,0,0,0,0,1,0,1,1
52.536021,0,0,0,1,0,0,0,0,0
52.539130,0,0,0,0,1,1,0,1,1
52.544311,1,1,1,0,1,0,1,1,0
52.552448,1,0,0,1,0,1,0,0,1
52.559576,1,0,0,1,0,0,1,1,0
52.568824,1,1,0,0,0,0,0,0,0
52.572292,1,0,0,0,1,1,0,1,0
52.580145,1,1,0,1,0,1,1,1,1
52.583978,1,1,0,0,0,1,0,0,0
52.585986,0,0,0,0,0,0,1,0,1
52.590518,0,0,1,0,1,0,1,1,1
52.595564,1,1,0,0,0,0,1,0,1
52.597921,0,0,0,0,0,0,1,0,0
52.607083,1,0,0,0,1,1,0,0,1
52.610218,1,1,1,0,1,1,0,1,0
52.614906,1,1,1,1,1,0,1,1,0
52.616522,1,0,1,1,1,0,1,1,0
52.620447,1,0,1,1,0,0,0,1,0
52.627732,0,0,1,1,0,0,0,0,1
52.636294,0,1,1,1,0,0,1,1,0
52.638601,1,1,1,1,1,0,1,1,0
52.643528,0,1,0,1,0,1,1,1,0
52.647041,0,0,1,1,1,0,1,1,0
52.653199,1,0,0,0,0,0,1,0,1
52.661567,0,0,0,1,0,1,1,1,0
52.665151,0,1,1,0,1,0,1,0,0
52.672739,1,0,1,1,0,1,1,1,0
52.677726,1,1,1,1,0,1,1,1,1
52.686597,1,1,0,0,1,0,1,1,1
52.695354,1,0,1,0,1,0,1,0,0
52.702009,1,0,0,0,0,0,1,0,0
52.710245,1,1,0,1,0,0,1,1,0
52.714612,0,1,0,0,0,0,0,1,0
52.718533,1,1,1,1,1,1,1,0,0
52.721033,1,1,0,1,0,0,1,1,0
52.726273,0,0,1,0,0,1,1,1,0
52.730782,1,1,1,1,0,1,0,1,1
52.737333,1,1,1,1,1,0,1,1,0
52.745092,1,0,0,1,0,1,0,0,0
52.752276,1,0,0,0,0,1,0,0,0
52.757247,1,0,0,0,0,1,0,1,1
52.762595,1,1,1,0,0,1,0,0,0
52.764890,1,1,1,1,1,1,1,1,0
52.774101,1,1,1,1,1,0,1,0,1
52.781513,0,1,0,1,1,0,0,1,0
52.787810,0,1,0,0,1,0,0,1,0
52.792453,1,0,1,1,1,1,0,1,1
52.797637,1,1,0,0,0,1,0,1,0
52.806431,0,1,1,1,1,0,0,1,1
52.813467,0,0,0,1,1,0,1,1,1
52.817273,0,0,1,0,0,1,1,0,0
52.821506,0,0,0,0,0,1,0,0,0
52.830125,0,0,0,0,0,0,0,1,0
52.839000,0,0,0,1,1,1,0,0,0
52.842940,0,1,0,1,1,0,1,0,0
52.849889,1,1,1,1,0,1,1,1,1
52.852620,1,1,1,1,1,0,1,0,1
52.853866,1,0,0,1,0,1,1,1,1
52.855073,0,0,1,0,0,1,0,1,1
52.859537,0,0,1,0,0,0,1,0,0
52.864093,0,1,1,1,1,0,1,1,1
52.869313,1,1,0,0,1,1,1,1,1
52.873606,1,0,1,1,1,0,0,0,0
52.883023,0,0,0,1,0,0,1,1,0
52.886148,0,0,0,1,0,1,0,1,0
52.890211,1,0,0,0,0,0,1,0,1
52.891694,1,1,0,0,0,0,0,0,1
52.897891,0,0,1,1,1,1,1,1,0
52.906042,1,0,0,1,0,1,1,1,1
52.910457,0,1,0,0,1,0,1,1,1
52.915080,1,0,0,0,1,0,1,1,1
52.920193,0,1,0,1,0,1,1,0,0
52.927884,1,0,0,0,0,1,1,1,1
52.935791,0,0,0,1,1,1,1,1,1
52.940429,1,1,0,0,0,1,1,1,0
52.942126,0,1,1,1,0,1,1,1,1
52.949214,1,0,1,1,0,1,0,1,1
52.951942,1,0,0,0,0,1,1,0,1
52.959247,0,1,1,0,0,1,0,1,1
52.964340,1,1,1,0,1,1,1,0,1
52.965916,0,0,0,0,0,0,0,1,0
52.971259,1,0,0,0,1,0,1,1,1
52.973986,0,0,0,0,0,1,0,1,1
52.981198,0,1,1,0,1,1,1,1,1
52.988656,1,0,0,0,1,1,1,1,1
52.997943,0,0,0,0,0,1,1,1,1
53.007292,0,1,0,1,1,1,0,0,0
53.008537,0,0,1,1,1,0,0,1,0
53.012400,0,0,0,1,0,0,0,1,1
53.014644,0,0,0,1,1,1,0,1,0
53.019671,0,1,1,0,0,0,1,1,0
53.029133,0,0,1,0,1,1,1,1,0
53.031574,1,1,1,1,0,1,0,0,1
53.040613,1,1,1,1,0,0,0,0,0
53.049226,0,1,1,1,0,0,0,0,0
53.056851,1,1,1,0,1,1,1,1,1
53.064548,1,0,0,1,1,0,1,1,0
53.073514,1,0,1,0,0,1,0,0,1
53.076163,1,0,1,0,1,0,1,1,1
53.085819,0,0,1,1,1,0,0,1,1
53.089252,1,0,0,0,1,1,0,0,1
53.094405,0,0,0,0,1,0,1,1,0
53.103999,0,1,0,1,0,1,0,1,1
53.111200,1,1,1,0,0,1,1,1,1
53.121078,0,0,1,0,1,0,0,1,0
53.126232,1,1,1,1,0,1,0,1,1
53.135063,0,1,0,1,1,1,0,0,0
53.136782,1,1,1,0,0,1,0,1,1
53.141356,1,0,1,0,0,0,0,0,0
53.144952,1,0,1,0,1,1,0,0,1
53.150188,1,0,0,0,0,0,1,1,1
53.156700,0,0,0,1,1,1,1,0,0
53.166245,0,1,0,1,1,0,1,1,1
53.167563,0,0,0,1,0,0,1,0,0
53.177109,1,1,0,0,0,0,1,0,0
53.180513,1,0,1,0,1,0,0,0,1
53.190348,1,1,1,0,0,0,1,0,1
53.199362,1,1,1,1,1,0,0,1,0
53.203220,0,1,0,1,1,1,1,1,0
53.209792,0,0,0,1,0,1,0,0,1
53.215625,0,1,0,0,0,1,1,1,1
53.217007,0,0,0,1,0,0,0,0,0
53.221832,0,0,1,0,1,0,1,0,1
53.230049,1,0,1,0,0,0,0,0,1
53.235549,1,1,1,0,0,0,1,0,0
53.240763,0,1,0,1,0,0,1,0,0
53.248164,0,0,0,1,1,1,0,1,1
53.254042,1,1,1,1,0,1,0,1,1
53.262709,0,1,1,0,1,1,0,1,1
53.267488,0,0,1,0,0,0,0,0,0
53.276892,0,1,1,1,0,1,1,1,1
53.280349,0,1,0,0,0,0,0,0,0
53.284858,0,1,1,0,1,0,1,0,1
53.289458,1,1,1,1,0,1,0,1,1
53.293027,1,1,1,0,1,0,0,1,0
53.299623,0,0,1,1,0,0,0,0,0
53.306937,1,0,0,1,0,0,0,0,1
53.311301,0,0,0,0,1,1,1,1,0
53.312646,0,0,0,0,0,1,0,1,0
53.317231,0,0,0,1,1,0,0,1,0
53.321745,1,0,0,0,0,1,0,1,1
53.322869,0,0,0,1,1,1,0,0,0
53.332410,1,0,0,1,0,1,1,1,1
53.340523,0,1,1,0,0,0,1,1,0
53.345935,1,1,0,1,1,1,1,1,1
53.353562,0,0,0,0,1,1,1,0,0
53.359492,0,0,1,0,0,1,1,0,0
53.367171,1,0,1,1,1,0,1,0,1
53.374714,1,1,1,1,1,1,1,1,1
53.375843,0,1,1,1,1,1,0,0,1
53.378349,1,1,0,1,0,0,0,1,0
53.383471,0,0,0,0,0,1,0,1,0
53.393188,0,1,0,0,0,1,0,1,1
53.402304,1,0,1,1,0,0,1,1,0
53.409841,0,0,0,1,0,0,1,1,0
53.415101,0,1,0,1,0,0,1,1,1
53.421879,1,0,1,1,1,1,0,0,1
53.428840,0,1,0,1,1,1,0,0,0
53.434424,0,1,1,1,0,0,1,1,1
53.441853,0,0,1,0,1,1,0,1,1
53.448703,0,0,0,1,0,1,1,0,1
53.453569,1,1,1,0,0,0,1,1,0
53.457142,0,1,0,0,1,1,1,1,1
53.464264,1,1,1,0,0,1,1,0,0
53.470546,0,0,1,1,0,0,1,1,1
53.476845,0,1,0,0,1,0,0,1,0
53.479879,1,0,0,1,0,1,1,0,1
53.481329,1,0,0,0,0,1,0,1,0
53.490132,1,0,1,0,0,1,0,0,1
53.492467,0,0,1,0,1,0,0,1,0
53.496770,1,1,1,0,1,0,0,0,1
53.500352,1,0,1,0,0,0,1,0,1
53.506517,1,0,0,0,1,0,0,0,0
53.515422,0,0,0,0,0,1,1,0,1
53.522566,1,0,0,0,1,0,1,0,0
53.530290,1,0,0,0,1,1,0,0,1
53.537659,1,0,0,1,0,1,1,1,0
53.542733,1,0,1,0,0,0,1,0,1
53.546586,1,0,1,1,0,0,1,1,0
53.551778,0,1,1,1,1,1,1,0,1
53.557990,1,1,1,0,0,0,0,0,0
53.559932,1,0,0,0,1,1,1,0,0
53.565432,1,1,0,0,1,1,0,1,1
53.567462,1,0,1,1,0,0,0,1,0
53.573548,0,1,0,0,1,1,1,1,0
53.581848,1,0,0,1,1,0,1,0,0
53.591056,1,0,0,0,0,0,0,1,1
53.598818,0,1,1,1,0,1,1,0,0
53.603835,1,0,0,1,1,1,0,1,0
53.606381,0,0,0,0,0,0,1,0,1
53.608127,0,0,1,1,1,0,1,1,1
53.614481,1,0,0,1,0,1,0,0,1
53.620227,0,0,0,0,0,1,1,1,0
53.626272,0,1,1,1,1,1,0,0,0
53.629184,0,0,1,0,1,0,0,1,0
53.637744,0,0,1,0,0,1,0,0,0
53.640514,0,1,1,1,1,0,0,1,0
53.641888,1,1,0,0,0,0,1,0,1
53.646063,1,1,1,0,1,1,1,1,0
53.650977,1,0,1,1,0,1,1,0,1
53.653219,0,0,0,1,1,0,0,0,1
53.662541,1,1,1,1,1,1,1,1,1
53.663658,0,0,1,0,0,0,0,0,1
53.671312,0,1,1,1,0,0,1,0,1
53.675005,0,0,1,0,1,1,0,1,0
53.684691,1,0,0,0,0,1,1,1,1
53.689201,0,0,1,1,1,1,1,0,0
53.691171,0,0,0,1,1,0,1,1,0
53.697222,1,1,1,0,0,1,0,0,0
53.699562,0,1,0,1,1,0,0,0,0
53.707822,1,1,1,1,1,1,0,1,1
53.715940,0,1,0,1,1,0,1,0,0
53.722597,1,1,1,0,1,0,0,0,1
53.727018,0,0,1,0,1,0,0,0,1
53.735426,0,1,1,1,1,1,0,1,1
53.738252,0,0,1,1,0,0,0,0,1
53.745840,1,1,1,1,1,0,1,0,0
53.749354,1,1,0,0,0,1,0,1,1
53.750984,0,1,0,1,1,1,0,0,0
53.756799,1,0,0,0,0,0,0,1,0
53.763962,1,0,1,1,0,0,0,1,0
53.768027,0,1,0,0,0,1,0,0,1
53.771911,0,0,0,0,0,0,1,0,0
53.775106,1,1,1,1,1,1,1,0,1
53.776326,1,0,1,1,1,1,1,1,0
53.783278,0,1,1,1,0,1,0,1,0
53.790520,1,0,1,1,1,0,1,1,0
53.794202,0,0,0,1,0,0,0,0,1
53.799387,0,0,0,1,1,0,0,1,0
53.808328,0,0,0,1,0,0,1,0,1
53.815393,0,0,0,0,1,0,1,1,0
53.818538,1,0,0,1,0,1,1,1,1
53.820613,1,1,0,1,0,1,1,0,1
53.823069,1,1,1,1,0,0,1,1,0
53.832010,1,0,1,1,0,0,1,1,1
53.838166,0,1,0,1,1,1,1,1,1
53.843589,0,0,0,1,1,1,1,0,1
53.846904,0,1,1,0,0,1,1,0,1
53.852377,0,0,0,0,0,1,0,0,0
53.856338,0,0,0,0,1,0,0,0,0
53.864211,0,0,0,0,1,0,1,0,0
53.867092,0,1,1,1,1,1,0,1,1
53.874334,1,1,0,0,1,1,1,0,1
53.877975,0,0,0,1,1,1,0,1,0
53.887475,1,1,1,1,1,0,0,1,0
53.896408,0,0,0,0,0,0,0,0,1
53.905642,1,0,0,1,0,0,0,1,1
53.912053,1,1,1,1,1,0,1,1,1
53.917553,0,0,1,0,1,1,1,1,0
53.924944,1,0,1,0,0,1,1,1,1
53.934170,0,0,1,0,1,1,1,1,1
53.941712,0,1,0,0,0,0,0,1,0
53.944084,1,1,1,0,0,0,1,0,1
53.947555,0,1,0,0,0,0,1,1,0
53.952297,1,0,0,0,0,0,0,1,0
53.960416,0,1,0,0,0,1,1,1,0
53.967117,0,1,1,1,0,1,0,0,0
53.969566,0,0,0,1,1,0,1,1,0
53.971433,0,0,1,1,0,0,0,0,1
53.975670,1,1,0,0,1,0,1,0,0
53.981317,0,1,0,1,0,1,1,0,0
53.986610,1,1,1,1,0,1,0,1,1
53.988501,1,0,0,0,0,0,0,1,1
53.995175,0,1,1,1,1,0,0,0,1
54.000781,1,1,1,1,0,1,0,1,0
54.005783,0,0,0,1,0,1,1,1,1
54.011322,0,1,1,0,0,1,0,0,0
54.016100,1,0,0,1,1,0,0,0,1
54.019902,1,0,0,0,0,1,1,1,1
54.025057,0,0,0,0,0,1,1,1,0
54.029673,1,0,0,0,0,0,0,0,0
54.038624,1,0,1,1,0,0,0,1,1
54.045287,1,0,1,1,1,0,1,0,1
54.048179,0,0,0,0,1,0,1,0,0
54.057710,1,1,0,0,1,0,0,0,0
54.067053,1,0,0,1,0,1,1,1,0
54.076026,1,0,0,0,0,0,0,1,1
54.085221,1,1,1,1,1,0,0,0,0
54.094096,1,1,0,0,0,1,1,1,1
54.095916,0,1,1,1,0,0,0,1,0
54.100608,0,0,1,1,1,1,1,0,0
54.103847,0,1,1,0,0,1,1,0,1
54.109254,0,0,1,1,1,1,0,0,1
54.113254,0,0,0,0,0,1,0,1,0
54.122199,1,1,0,1,1,0,0,0,1
54.125444,1,1,1,0,0,1,0,0,1
54.128720,1,0,0,1,0,1,0,1,0
54.138172,0,1,1,1,1,1,1,0,1
54.147739,1,1,0,1,0,0,1,0,1
54.151259,0,0,1,0,1,0,0,1,0
54.158303,0,0,0,1,0,1,1,0,1
54.167540,0,1,0,0,0,1,0,0,1
54.171601,1,0,1,0,1,0,0,0,0
54.174323,0,1,1,0,0,0,0,1,1
54.176134,0,1,1,0,1,0,1,0,0
54.179417,1,1,0,1,0,1,1,1,1
54.182140,1,1,1,0,1,0,0,0,0
54.189360,0,0,0,1,1,1,1,1,1
54.190693,0,1,1,1,1,1,1,1,1
54.192096,0,0,1,0,0,0,1,1,1
54.199842,1,1,0,0,0,0,0,0,0
54.204442,1,1,0,1,0,1,0,0,0
54.208327,0,0,1,1,1,0,0,0,1
54.215213,1,1,1,0,0,0,0,1,1
54.217394,0,0,1,1,1,1,0,0,1
54.225450,1,0,0,0,1,0,0,0,0
54.228630,0,1,1,0,0,1,0,1,1
54.237812,0,0,0,0,0,1,1,1,1
54.238864,0,1,0,1,1,0,0,1,0
54.240932,0,0,1,1,1,1,0,1,1
54.244451,0,1,1,1,0,1,0,0,0
54.252984,0,1,1,1,1,1,0,0,0
54.257655,1,1,1,0,1,1,0,1,0
54.259141,0,1,1,1,0,0,1,0,0
54.267933,1,0,1,0,1,1,0,1,1
54.276366,1,1,0,1,0,0,1,1,1
54.281207,1,0,0,0,1,0,0,1,0
54.283588,1,0,0,0,0,1,1,1,0
54.285664,0,1,0,0,1,0,0,1,1
54.291342,0,0,1,1,0,0,0,0,0
54.300120,1,0,0,1,0,1,1,1,0
54.306702,1,0,1,1,1,0,0,1,1
54.315360,0,1,1,1,1,0,1,0,1
54.323485,1,0,0,0,0,1,0,1,1
54.332177,1,1,1,0,1,1,0,1,0
54.335942,1,0,1,0,1,1,0,0,0
54.339788,1,0,1,0,0,1,1,1,0
54.349636,0,0,1,1,1,0,0,0,1
54.352994,1,1,0,1,1,0,0,0,0
54.357290,1,1,0,1,1,0,0,1,1
54.367252,1,1,0,1,0,1,1,0,1
54.374993,1,1,1,1,1,0,0,1,1
54.383867,1,1,1,1,1,0,1,0,0
54.389195,0,0,1,1,0,0,1,1,0
54.397845,0,1,0,1,1,1,1,1,1
54.405712,0,0,0,1,0,1,0,1,0
54.407770,0,1,0,1,0,1,1,0,0
54.414149,0,1,1,1,0,0,0,0,0
54.418755,1,0,1,1,0,1,0,0,1
54.423133,0,1,1,0,1,1,1,1,0
54.431425,0,0,1,0,1,0,0,1,0
54.437097,0,0,1,1,1,0,0,1,1
54.442845,1,1,1,1,0,0,1,1,0
54.451893,0,1,0,1,1,1,0,1,1
54.457647,0,0,1,1,1,1,0,1,1
54.462163,0,1,0,1,0,0,1,1,1
54.463280,1,1,1,1,0,0,1,1,1
54.471973,1,1,1,0,0,1,1,0,1
54.479570,0,0,1,0,0,0,0,0,0
54.486644,1,1,1,0,1,0,1,1,1
54.488587,0,1,0,0,0,1,1,1,0
54.493724,1,1,1,1,1,1,1,0,1
54.503018,1,0,1,0,0,0,0,1,0
54.511510,0,1,0,0,0,0,1,1,1
54.519530,0,1,0,0,1,0,0,1,1
54.524568,1,0,1,0,0,1,0,0,1
54.532588,1,1,1,0,1,0,0,1,1
54.540899,0,1,0,1,1,1,1,0,1
54.550532,0,1,0,0,0,0,0,0,1
54.558146,1,0,1,0,0,0,1,0,1
54.561355,1,1,1,1,0,0,1,0,0
54.563105,0,0,0,0,0,0,1,0,1
54.567248,0,0,0,1,0,0,0,0,0
54.576331,1,1,1,0,0,1,0,1,0
54.581797,1,1,1,0,1,1,0,1,0
54.590900,1,1,1,1,1,0,1,0,1
54.597813,0,1,1,0,0,0,0,1,0
54.607525,1,0,1,1,0,0,1,0,0
54.610395,0,0,1,1,1,1,1,0,1
54.613701,1,0,0,0,1,1,1,1,0
54.623563,0,1,1,1,1,1,1,1,0
54.631143,0,1,0,1,0,1,0,0,1
54.635306,0,1,0,1,1,0,0,0,0
54.643308,1,0,0,1,0,0,1,1,1
54.647329,0,0,0,0,0,1,1,0,0
54.652010,1,1,0,0,0,0,0,0,0
54.660672,1,1,0,0,1,0,1,1,1
54.664102,0,1,0,0,1,0,1,0,1
54.673378,1,0,1,0,1,1,0,0,0
54.681152,0,0,0,0,0,1,0,1,0
54.686892,0,1,0,1,1,0,0,1,1
54.694964,0,0,0,1,1,0,1,1,0
54.699670,1,1,0,0,1,0,1,0,1
54.704884,1,1,0,1,0,1,0,1,0
54.710834,1,0,1,0,1,1,1,1,0
54.719029,1,0,0,1,0,1,1,1,1
54.725349,0,0,1,0,1,0,1,0,0
54.728763,1,1,1,1,0,1,0,0,0
54.737078,1,0,0,0,0,0,0,0,0
54.741321,0,0,0,1,0,1,0,0,0
54.742379,1,0,1,1,1,1,0,0,1
54.745316,1,1,0,0,0,1,1,1,1
54.754980,0,0,0,0,0,1,1,0,0
54.763806,1,0,0,0,0,0,1,1,0
54.766916,1,1,1,0,0,1,1,1,1
54.769546,1,1,1,0,1,1,1,1,0
54.775254,0,0,1,1,1,1,1,1,1
