t,finish1,finish1_force,finish2,finish2_force,finish3,release1,release2,release3,res0_DROP,res0_EXECUTION,res0_FORCE,res0_FREE,res0_RELEASE,res0_SPAWN,res0_TAKEN,start1,start2,start3
0.000000,0,0,0,0,0,1,0,1,0,1,0,1,0,1,0,1,0,1
0.015369,1,0,0,1,0,0,1,0,0,1,1,0,1,1,1,0,1,0
0.036135,0,0,0,0,1,0,0,0,0,0,0,0,0,0,0,0,0,0
0.044554,0,0,1,0,0,0,0,0,1,0,0,0,1,0,0,0,0,0
0.047065,0,0,0,0,0,0,0,1,0,0,0,0,0,0,0,0,0,1
0.050090,0,0,0,0,0,1,0,0,0,1,0,1,0,1,0,1,0,0
0.062218,1,0,0,1,0,0,1,0,0,1,1,0,1,1,1,0,1,0
0.077311,0,0,0,0,1,0,0,0,0,0,0,0,0,0,0,0,0,0
0.091665,0,0,1,0,0,0,0,0,1,0,0,0,1,0,0,0,0,0
0.096113,0,0,0,0,0,0,0,1,0,0,0,0,0,0,0,0,0,1
0.101602,0,0,0,0,0,1,0,0,0,1,0,1,0,1,0,1,0,0
0.116389,1,0,0,1,0,0,1,0,0,1,1,0,1,1,1,0,1,0
0.132579,0,0,0,0,1,0,0,0,0,0,0,0,0,0,0,0,0,0
0.146337,0,0,1,0,0,0,0,0,1,0,0,0,1,0,0,0,0,0
0.148025,0,0,0,0,0,1,0,0,0,1,0,1,0,1,0,1,0,0
0.149900,0,0,0,0,0,0,0,1,0,0,0,0,0,0,0,0,0,1
0.165333,1,0,0,0,0,0,0,0,1,0,0,0,1,0,0,0,0,0
0.189472,0,0,0,0,1,0,0,0,0,0,0,0,0,0,0,0,0,0
0.197381,0,0,0,0,0,0,0,1,0,0,0,0,0,0,0,0,0,1
0.199757,0,0,0,0,0,1,1,0,0,1,0,1,0,1,0,0,1,0
0.224149,0,1,1,0,0,0,0,0,0,1,1,0,1,0,0,1,0,0
0.235140,0,0,0,0,1,0,0,0,0,0,0,0,0,0,0,0,0,0
0.235221,1,0,0,1,0,0,1,0,0,1,1,0,1,1,1,0,1,0
0.247195,0,0,0,0,0,0,0,1,0,0,0,0,0,0,0,0,0,1
0.250815,0,0,0,0,0,1,0,0,0,0,0,0,0,1,1,0,0,0
0.261021,0,1,1,0,0,0,0,0,0,1,1,0,1,0,0,1,0,0
0.276217,1,0,0,1,0,0,1,0,0,1,1,0,1,1,1,0,1,0
0.286530,0,0,0,0,1,0,0,0,0,0,0,0,0,0,0,0,0,0
0.299742,0,0,1,0,0,0,0,0,1,0,0,0,1,0,0,0,0,0
0.300615,0,0,0,0,0,1,0,0,0,1,0,1,0,1,0,1,0,0
0.300956,0,0,0,0,0,0,0,1,0,0,0,0,0,0,0,0,0,1
0.311110,1,0,0,1,0,0,1,0,0,1,1,0,1,1,1,0,1,0
0.332726,0,0,1,0,0,0,0,0,1,0,0,0,1,0,0,0,0,0
0.338373,0,0,0,0,1,0,0,0,0,0,0,0,0,0,0,0,0,0
0.348509,0,0,0,0,0,1,0,0,0,1,0,1,0,1,0,1,0,0
0.348900,0,0,0,0,0,0,0,1,0,0,0,0,0,0,0,0,0,1
0.365183,1,0,0,0,0,0,0,0,1,0,0,0,1,0,0,0,0,0
0.386616,0,0,0,0,1,0,1,0,0,1,0,1,0,1,0,0,1,0
0.397977,0,0,0,0,0,0,0,1,0,0,0,0,0,0,0,0,0,1
0.398576,0,0,0,0,0,1,0,0,0,0,0,0,0,1,1,0,0,0
0.415823,0,1,1,0,0,0,0,0,0,1,1,0,1,0,0,1,0,0
0.428153,1,0,0,0,0,0,0,0,1,0,0,0,1,0,0,0,0,0
0.437320,0,0,0,0,1,0,1,0,0,1,0,1,0,1,0,0,1,0
0.448241,0,0,0,0,0,0,0,1,0,0,0,0,0,0,0,0,0,1
0.450278,0,0,0,0,0,1,0,0,0,0,0,0,0,1,1,0,0,0
0.461928,0,1,1,0,0,0,0,0,0,1,1,0,1,0,0,1,0,0
0.473211,1,0,0,1,0,0,1,0,0,1,1,0,1,1,1,0,1,0
0.478295,0,0,0,0,1,0,0,0,0,0,0,0,0,0,0,0,0,0
0.498061,0,0,0,0,0,0,0,1,0,0,0,0,0,0,0,0,0,1
0.499459,0,0,0,0,0,1,0,0,0,0,0,0,0,1,1,0,0,0
0.501588,0,1,1,0,0,0,0,0,0,1,1,0,1,0,0,1,0,0
0.518331,1,0,0,1,0,0,1,0,0,1,1,0,1,1,1,0,1,0
0.532506,0,0,0,0,1,0,0,0,0,0,0,0,0,0,0,0,0,0
0.539607,0,0,1,0,0,0,0,0,1,0,0,0,1,0,0,0,0,0
0.549408,0,0,0,0,0,1,0,0,0,1,0,1,0,1,0,1,0,0
0.550354,0,0,0,0,0,0,0,1,0,0,0,0,0,0,0,0,0,1
0.562242,1,0,0,0,0,0,0,0,1,0,0,0,1,0,0,0,0,0
0.567674,0,0,0,0,0,0,1,0,0,1,0,1,0,1,0,0,1,0
0.582570,0,0,0,0,1,0,0,0,0,0,0,0,0,0,0,0,0,0
0.590339,0,0,1,0,0,0,0,0,1,0,0,0,1,0,0,0,0,0
0.597210,0,0,0,0,0,0,0,1,0,0,0,0,0,0,0,0,0,1
0.599844,0,0,0,0,0,1,0,0,0,1,0,1,0,1,0,1,0,0
0.615812,1,0,0,0,0,0,0,0,1,0,0,0,1,0,0,0,0,0
0.635247,0,0,0,0,1,0,0,0,0,0,0,0,0,0,0,0,0,0
0.651002,0,0,0,0,0,1,0,0,0,1,0,1,0,1,0,1,0,0
0.652439,0,0,0,0,0,0,1,1,0,0,0,0,0,1,1,0,0,1
0.666711,1,0,0,1,0,0,0,0,0,1,1,0,1,0,0,0,1,0
0.674973,0,0,0,0,0,0,1,0,0,0,0,0,0,1,1,0,0,0
0.684612,0,0,0,0,1,0,0,0,0,0,0,0,0,0,0,0,0,0
0.694139,0,0,1,1,0,0,0,0,0,1,1,0,1,0,0,0,1,0
0.700987,0,0,0,0,0,1,0,0,0,0,0,0,0,1,1,0,0,0
0.701267,0,0,0,0,0,0,0,1,0,0,0,0,0,0,0,0,0,1
0.723423,0,1,1,0,0,0,0,0,0,1,1,0,1,0,0,1,0,0
0.737007,0,0,0,0,1,0,0,0,0,0,0,0,0,0,0,0,0,0
0.740118,1,0,0,0,0,0,0,0,1,0,0,0,1,0,0,0,0,0
0.747652,0,0,0,0,0,0,1,0,0,1,0,1,0,1,0,0,1,0
0.749115,0,0,0,0,0,1,0,0,0,0,0,0,0,1,1,0,0,0
0.750803,0,0,0,0,0,0,0,1,0,0,0,0,0,0,0,0,0,1
0.774658,0,1,1,0,0,0,0,0,0,1,1,0,1,0,0,1,0,0
0.785466,0,0,0,0,1,0,0,0,0,0,0,0,0,0,0,0,0,0
0.787482,1,0,0,1,0,0,1,0,0,1,1,0,1,1,1,0,1,0
0.797038,0,0,0,0,0,0,0,1,0,0,0,0,0,0,0,0,0,1
0.799911,0,0,0,0,0,1,0,0,0,0,0,0,0,1,1,0,0,0
0.811707,0,1,1,0,0,0,0,0,0,1,1,0,1,0,0,1,0,0
0.824156,1,0,0,1,0,0,1,0,0,1,1,0,1,1,1,0,1,0
0.835388,0,0,0,0,1,0,0,0,0,0,0,0,0,0,0,0,0,0
0.851273,0,0,0,0,0,0,0,1,0,0,0,0,0,0,0,0,0,1
0.851561,0,0,0,0,0,1,0,0,0,0,0,0,0,1,1,0,0,0
0.853534,0,1,1,0,0,0,0,0,0,1,1,0,1,0,0,1,0,0
0.865353,1,0,0,1,0,0,1,0,0,1,1,0,1,1,1,0,1,0
0.889597,0,0,0,0,1,0,0,0,0,0,0,0,0,0,0,0,0,0
0.891939,0,0,1,0,0,0,0,0,1,0,0,0,1,0,0,0,0,0
0.900850,0,0,0,0,0,1,0,0,0,1,0,1,0,1,0,1,0,0
0.903221,0,0,0,0,0,0,0,1,0,0,0,0,0,0,0,0,0,1
0.913730,1,0,0,1,0,0,1,0,0,1,1,0,1,1,1,0,1,0
0.935254,0,0,1,0,0,0,0,0,1,0,0,0,1,0,0,0,0,0
0.942060,0,0,0,0,1,0,0,0,0,0,0,0,0,0,0,0,0,0
0.947880,0,0,0,0,0,0,0,1,0,0,0,0,0,0,0,0,0,1
0.949170,0,0,0,0,0,1,0,0,0,1,0,1,0,1,0,1,0,0
0.963673,1,0,0,0,0,0,0,0,1,0,0,0,1,0,0,0,0,0
0.981764,0,0,0,0,0,0,1,0,0,1,0,1,0,1,0,0,1,0
0.985243,0,0,0,0,1,0,0,0,0,0,0,0,0,0,0,0,0,0
0.997381,0,0,0,0,0,0,0,1,0,0,0,0,0,0,0,0,0,1
0.998771,0,0,0,0,0,1,0,0,0,0,0,0,0,1,1,0,0,0
1.005132,0,1,1,0,0,0,0,0,0,1,1,0,1,0,0,1,0,0
1.020941,1,0,0,1,0,0,1,0,0,1,1,0,1,1,1,0,1,0
1.032155,0,0,0,0,1,0,0,0,0,0,0,0,0,0,0,0,0,0
1.041349,0,0,1,0,0,0,0,0,1,0,0,0,1,0,0,0,0,0
1.049044,0,0,0,0,0,1,0,0,0,1,0,1,0,1,0,1,0,0
1.051004,0,0,0,0,0,0,0,1,0,0,0,0,0,0,0,0,0,1
1.066553,1,0,0,1,0,0,1,0,0,1,1,0,1,1,1,0,1,0
1.086240,0,0,0,0,1,0,0,0,0,0,0,0,0,0,0,0,0,0
1.090971,0,0,1,0,0,0,0,0,1,0,0,0,1,0,0,0,0,0
1.098434,0,0,0,0,0,1,0,0,0,1,0,1,0,1,0,1,0,0
1.100839,0,0,0,0,0,0,0,1,0,0,0,0,0,0,0,0,0,1
1.109354,1,0,0,1,0,0,1,0,0,1,1,0,1,1,1,0,1,0
1.134251,0,0,0,0,1,0,0,0,0,0,0,0,0,0,0,0,0,0
1.137554,0,0,1,0,0,0,0,0,1,0,0,0,1,0,0,0,0,0
1.150292,0,0,0,0,0,1,0,0,0,1,0,1,0,1,0,1,0,0
1.153453,0,0,0,0,0,0,0,1,0,0,0,0,0,0,0,0,0,1
1.165214,1,0,0,0,0,0,0,0,1,0,0,0,1,0,0,0,0,0
1.189836,0,0,0,0,0,0,1,0,0,1,0,1,0,1,0,0,1,0
1.191531,0,0,0,0,1,0,0,0,0,0,0,0,0,0,0,0,0,0
1.201615,0,0,0,0,0,1,0,0,0,0,0,0,0,1,1,0,0,0
1.202884,0,0,0,0,0,0,0,1,0,0,0,0,0,0,0,0,0,1
1.210896,0,1,1,0,0,0,0,0,0,1,1,0,1,0,0,1,0,0
1.222371,1,0,0,1,0,0,1,0,0,1,1,0,1,1,1,0,1,0
1.236917,0,0,0,0,1,0,0,0,0,0,0,0,0,0,0,0,0,0
1.249722,0,0,0,0,0,0,0,1,0,0,0,0,0,0,0,0,0,1
1.249934,0,0,0,0,0,1,0,0,0,0,0,0,0,1,1,0,0,0
1.251066,0,1,1,0,0,0,0,0,0,1,1,0,1,0,0,1,0,0
1.268498,1,0,0,0,0,0,0,0,1,0,0,0,1,0,0,0,0,0
1.275189,0,0,0,0,0,0,1,0,0,1,0,1,0,1,0,0,1,0
1.286128,0,0,0,0,1,0,0,0,0,0,0,0,0,0,0,0,0,0
1.296418,0,0,1,0,0,0,0,0,1,0,0,0,1,0,0,0,0,0
1.297878,0,0,0,0,0,0,0,1,0,0,0,0,0,0,0,0,0,1
1.300847,0,0,0,0,0,1,0,0,0,1,0,1,0,1,0,1,0,0
1.312239,1,0,0,1,0,0,1,0,0,1,1,0,1,1,1,0,1,0
1.334925,0,0,0,0,1,0,0,0,0,0,0,0,0,0,0,0,0,0
1.335730,0,0,1,0,0,0,0,0,1,0,0,0,1,0,0,0,0,0
1.349405,0,0,0,0,0,1,0,0,0,1,0,1,0,1,0,1,0,0
1.352030,0,0,0,0,0,0,0,1,0,0,0,0,0,0,0,0,0,1
1.365750,1,0,0,0,0,0,0,0,1,0,0,0,1,0,0,0,0,0
1.381150,0,0,0,0,0,0,1,0,0,1,0,1,0,1,0,0,1,0
1.383851,0,0,0,0,1,0,0,0,0,0,0,0,0,0,0,0,0,0
1.399557,0,0,0,0,0,0,0,1,0,0,0,0,0,0,0,0,0,1
1.399970,0,0,0,0,0,1,0,0,0,0,0,0,0,1,1,0,0,0
1.405096,0,1,1,0,0,0,0,0,0,1,1,0,1,0,0,1,0,0
1.417009,1,0,0,1,0,0,1,0,0,1,1,0,1,1,1,0,1,0
1.432581,0,0,0,0,1,0,0,0,0,0,0,0,0,0,0,0,0,0
1.444064,0,0,1,0,0,0,0,0,1,0,0,0,1,0,0,0,0,0
1.448343,0,0,0,0,0,1,0,0,0,1,0,1,0,1,0,1,0,0
1.452497,0,0,0,0,0,0,0,1,0,0,0,0,0,0,0,0,0,1
1.460985,1,0,0,0,0,0,0,0,1,0,0,0,1,0,0,0,0,0
1.475826,0,0,0,0,0,0,1,0,0,1,0,1,0,1,0,0,1,0
1.486123,0,0,0,0,1,0,0,0,0,0,0,0,0,0,0,0,0,0
1.500729,0,0,0,0,0,0,0,1,0,0,0,0,0,0,0,0,0,1
1.501139,0,0,0,0,0,1,0,0,0,0,0,0,0,1,1,0,0,0
1.504608,0,1,1,0,0,0,0,0,0,1,1,0,1,0,0,1,0,0
1.524352,1,0,0,1,0,0,1,0,0,1,1,0,1,1,1,0,1,0
1.534023,0,0,0,0,1,0,0,0,0,0,0,0,0,0,0,0,0,0
1.544559,0,0,1,0,0,0,0,0,1,0,0,0,1,0,0,0,0,0
1.548217,0,0,0,0,0,0,0,1,0,0,0,0,0,0,0,0,0,1
1.551437,0,0,0,0,0,1,0,0,0,1,0,1,0,1,0,1,0,0
1.565127,1,0,0,1,0,0,1,0,0,1,1,0,1,1,1,0,1,0
1.583145,0,0,0,0,1,0,0,0,0,0,0,0,0,0,0,0,0,0
1.588540,0,0,1,0,0,0,0,0,1,0,0,0,1,0,0,0,0,0
1.600306,0,0,0,0,0,0,0,1,0,0,0,0,0,0,0,0,0,1
1.600518,0,0,0,0,0,1,0,0,0,1,0,1,0,1,0,1,0,0
1.618731,1,0,0,1,0,0,1,0,0,1,1,0,1,1,1,0,1,0
1.638557,0,0,0,0,1,0,0,0,0,0,0,0,0,0,0,0,0,0
1.648679,0,0,1,0,0,0,0,0,1,0,0,0,1,0,0,0,0,0
1.651751,0,0,0,0,0,1,0,0,0,1,0,1,0,1,0,1,0,0
1.653572,0,0,0,0,0,0,0,1,0,0,0,0,0,0,0,0,0,1
1.670743,1,0,0,1,0,0,1,0,0,1,1,0,1,1,1,0,1,0
1.686880,0,0,0,0,1,0,0,0,0,0,0,0,0,0,0,0,0,0
1.697692,0,0,1,0,0,0,0,0,1,0,0,0,1,0,0,0,0,0
1.700519,0,0,0,0,0,0,0,1,0,0,0,0,0,0,0,0,0,1
1.700636,0,0,0,0,0,1,0,0,0,1,0,1,0,1,0,1,0,0
1.717589,1,0,0,1,0,0,1,0,0,1,1,0,1,1,1,0,1,0
1.735160,0,0,0,0,1,0,0,0,0,0,0,0,0,0,0,0,0,0
1.740598,0,0,1,0,0,0,0,0,1,0,0,0,1,0,0,0,0,0
1.750985,0,0,0,0,0,0,0,1,0,0,0,0,0,0,0,0,0,1
1.751798,0,0,0,0,0,1,0,0,0,1,0,1,0,1,0,1,0,0
1.768606,1,0,0,0,0,0,0,0,1,0,0,0,1,0,0,0,0,0
1.783577,0,0,0,0,1,0,0,0,0,0,0,0,0,0,0,0,0,0
1.798854,0,0,0,0,0,1,1,0,0,1,0,1,0,1,0,1,0,0
1.800541,0,0,0,0,0,0,0,1,0,0,0,0,0,0,0,0,0,1
1.816159,1,0,0,1,0,0,1,0,0,1,1,0,1,1,1,0,1,0
1.836072,0,0,0,0,1,0,0,0,0,0,0,0,0,0,0,0,0,0
1.837295,0,0,1,1,0,0,0,0,0,1,1,0,1,0,0,0,1,0
1.851176,0,0,0,0,0,0,0,1,0,0,0,0,0,0,0,0,0,1
1.851202,0,0,0,0,0,1,0,0,0,0,0,0,0,1,1,0,0,0
1.861425,0,1,1,0,0,0,0,0,0,1,1,0,1,0,0,1,0,0
1.876467,1,0,0,0,0,0,0,0,1,0,0,0,1,0,0,0,0,0
1.888963,0,0,0,0,1,0,1,0,0,1,0,1,0,1,0,0,1,0
1.899176,0,0,0,0,0,1,0,0,0,0,0,0,0,1,1,0,0,0
1.902756,0,0,0,0,0,0,0,1,0,0,0,0,0,0,0,0,0,1
1.911086,0,1,1,0,0,0,0,0,0,1,1,0,1,0,0,1,0,0
1.927856,1,0,0,1,0,0,1,0,0,1,1,0,1,1,1,0,1,0
1.939446,0,0,0,0,1,0,0,0,0,0,0,0,0,0,0,0,0,0
1.946577,0,0,0,0,0,0,0,1,0,0,0,0,0,0,0,0,0,1
1.950280,0,0,0,0,0,1,0,0,0,0,0,0,0,1,1,0,0,0
1.952609,0,1,1,0,0,0,0,0,0,1,1,0,1,0,0,1,0,0
1.964854,1,0,0,1,0,0,1,0,0,1,1,0,1,1,1,0,1,0
1.978439,0,0,0,0,1,0,0,0,0,0,0,0,0,0,0,0,0,0
1.992995,0,0,1,0,0,0,0,0,1,0,0,0,1,0,0,0,0,0
2.000506,0,0,0,0,0,1,0,0,0,1,0,1,0,1,0,1,0,0
2.003206,0,0,0,0,0,0,0,1,0,0,0,0,0,0,0,0,0,1
2.014874,1,0,0,1,0,0,1,0,0,1,1,0,1,1,1,0,1,0
2.036648,0,0,0,0,1,0,0,0,0,0,0,0,0,0,0,0,0,0
2.039276,0,0,1,0,0,0,0,0,1,0,0,0,1,0,0,0,0,0
2.050908,0,0,0,0,0,1,0,0,0,1,0,1,0,1,0,1,0,0
2.051800,0,0,0,0,0,0,0,1,0,0,0,0,0,0,0,0,0,1
2.065433,1,0,0,0,0,0,0,0,1,0,0,0,1,0,0,0,0,0
2.087715,0,0,0,0,1,0,0,0,0,0,0,0,0,0,0,0,0,0
2.091772,0,0,0,0,0,0,1,0,0,1,0,1,0,1,0,0,1,0
2.099948,0,0,0,0,0,1,0,0,0,0,0,0,0,1,1,0,0,0
2.102181,0,0,0,0,0,0,0,1,0,0,0,0,0,0,0,0,0,1
2.112083,0,1,1,0,0,0,0,0,0,1,1,0,1,0,0,1,0,0
2.125747,1,0,0,0,0,0,0,0,1,0,0,0,1,0,0,0,0,0
2.141130,0,0,0,0,1,0,0,0,0,0,0,0,0,0,0,0,0,0
2.148050,0,0,0,0,0,0,1,1,0,1,0,1,0,1,0,0,1,1
2.148306,0,0,0,0,0,1,0,0,0,0,0,0,0,1,1,0,0,0
2.170235,0,1,1,0,0,0,0,0,0,1,1,0,1,0,0,1,0,0
2.182143,1,0,0,1,0,0,1,0,0,1,1,0,1,1,1,0,1,0
2.184016,0,0,0,0,1,0,0,0,0,0,0,0,0,0,0,0,0,0
2.197848,0,0,0,0,0,0,0,1,0,0,0,0,0,0,0,0,0,1
2.200194,0,0,0,0,0,1,0,0,0,0,0,0,0,1,1,0,0,0
2.205009,0,1,1,0,0,0,0,0,0,1,1,0,1,0,0,1,0,0
2.220738,1,0,0,0,0,0,0,0,1,0,0,0,1,0,0,0,0,0
2.224028,0,0,0,0,0,0,1,0,0,1,0,1,0,1,0,0,1,0
2.230244,0,0,0,0,1,0,0,0,0,0,0,0,0,0,0,0,0,0
2.248600,0,0,0,0,0,1,0,0,0,0,0,0,0,1,1,0,0,0
2.252688,0,1,1,0,0,0,0,0,0,1,1,0,1,0,0,1,0,0
2.252836,0,0,0,0,0,0,0,1,0,0,0,0,0,0,0,0,0,1
2.270801,1,0,0,1,0,0,1,0,0,1,1,0,1,1,1,0,1,0
2.289841,0,0,0,0,1,0,0,0,0,0,0,0,0,0,0,0,0,0
2.293029,0,0,1,0,0,0,0,0,1,0,0,0,1,0,0,0,0,0
2.298212,0,0,0,0,0,0,0,1,0,0,0,0,0,0,0,0,0,1
2.300219,0,0,0,0,0,1,0,0,0,1,0,1,0,1,0,1,0,0
2.317421,1,0,0,0,0,0,0,0,1,0,0,0,1,0,0,0,0,0
2.318751,0,0,0,0,0,0,1,0,0,1,0,1,0,1,0,0,1,0
2.333945,0,0,0,0,1,0,0,0,0,0,0,0,0,0,0,0,0,0
2.340664,0,0,1,0,0,0,0,0,1,0,0,0,1,0,0,0,0,0
2.348924,0,0,0,0,0,1,0,0,0,1,0,1,0,1,0,1,0,0
2.352161,0,0,0,0,0,0,0,1,0,0,0,0,0,0,0,0,0,1
2.360373,1,0,0,1,0,0,1,0,0,1,1,0,1,1,1,0,1,0
2.385905,0,0,0,0,1,0,0,0,0,0,0,0,0,0,0,0,0,0
2.388518,0,0,1,0,0,0,0,0,1,0,0,0,1,0,0,0,0,0
2.397620,0,0,0,0,0,0,0,1,0,0,0,0,0,0,0,0,0,1
2.401318,0,0,0,0,0,1,0,0,0,1,0,1,0,1,0,1,0,0
2.417277,1,0,0,0,0,0,0,0,1,0,0,0,1,0,0,0,0,0
2.430939,0,0,0,0,0,0,1,0,0,1,0,1,0,1,0,0,1,0
2.432239,0,0,0,0,1,0,0,0,0,0,0,0,0,0,0,0,0,0
2.449331,0,0,0,0,0,0,0,1,0,0,0,0,0,0,0,0,0,1
2.450749,0,0,0,0,0,1,0,0,0,0,0,0,0,1,1,0,0,0
2.456250,0,1,1,0,0,0,0,0,0,1,1,0,1,0,0,1,0,0
2.470675,1,0,0,1,0,0,1,0,0,1,1,0,1,1,1,0,1,0
2.483256,0,0,0,0,1,0,0,0,0,0,0,0,0,0,0,0,0,0
2.496316,0,0,1,0,0,0,0,0,1,0,0,0,1,0,0,0,0,0
2.498805,0,0,0,0,0,0,0,1,0,0,0,0,0,0,0,0,0,1
2.498924,0,0,0,0,0,1,0,0,0,1,0,1,0,1,0,1,0,0
2.514794,1,0,0,0,0,0,0,0,1,0,0,0,1,0,0,0,0,0
2.533225,0,0,0,0,1,0,0,0,0,0,0,0,0,0,0,0,0,0
2.548527,0,0,0,0,0,1,1,0,0,1,0,1,0,1,0,0,1,0
2.551027,0,0,0,0,0,0,0,1,0,0,0,0,0,0,0,0,0,1
2.570908,0,1,1,0,0,0,0,0,0,1,1,0,1,0,0,1,0,0
2.588506,1,0,0,0,0,0,0,0,1,0,0,0,1,0,0,0,0,0
2.589283,0,0,0,0,0,0,1,0,0,1,0,1,0,1,0,0,1,0
2.590149,0,0,0,0,1,0,0,0,0,0,0,0,0,0,0,0,0,0
2.597978,0,0,0,0,0,0,0,1,0,0,0,0,0,0,0,0,0,1
2.598762,0,0,0,0,0,1,0,0,0,0,0,0,0,1,1,0,0,0
2.612081,0,1,1,0,0,0,0,0,0,1,1,0,1,0,0,1,0,0
2.628569,1,0,0,1,0,0,1,0,0,1,1,0,1,1,1,0,1,0
2.637205,0,0,0,0,1,0,0,0,0,0,0,0,0,0,0,0,0,0
2.646597,0,0,0,0,0,0,0,1,0,0,0,0,0,0,0,0,0,1
2.649812,0,0,0,0,0,1,0,0,0,0,0,0,0,1,1,0,0,0
2.650296,0,1,1,0,0,0,0,0,0,1,1,0,1,0,0,1,0,0
2.665066,1,0,0,0,0,0,0,0,1,0,0,0,1,0,0,0,0,0
2.677531,0,0,0,0,1,0,0,0,0,0,0,0,0,0,0,0,0,0
2.696412,0,0,0,0,0,0,1,1,0,1,0,1,0,1,0,0,1,1
2.698910,0,0,0,0,0,1,0,0,0,0,0,0,0,1,1,0,0,0
2.721230,0,1,1,0,0,0,0,0,0,1,1,0,1,0,0,1,0,0
2.734493,1,0,0,0,0,0,0,0,1,0,0,0,1,0,0,0,0,0
2.734712,0,0,0,0,0,0,1,0,0,1,0,1,0,1,0,0,1,0
2.734930,0,0,0,0,1,0,0,0,0,0,0,0,0,0,0,0,0,0
2.750420,0,0,0,0,0,0,0,1,0,0,0,0,0,0,0,0,0,1
2.751412,0,0,0,0,0,1,0,0,0,0,0,0,0,1,1,0,0,0
2.758020,0,1,1,0,0,0,0,0,0,1,1,0,1,0,0,1,0,0
2.771246,1,0,0,1,0,0,1,0,0,1,1,0,1,1,1,0,1,0
2.789160,0,0,0,0,1,0,0,0,0,0,0,0,0,0,0,0,0,0
2.793206,0,0,1,0,0,0,0,0,1,0,0,0,1,0,0,0,0,0
2.801687,0,0,0,0,0,1,0,0,0,1,0,1,0,1,0,1,0,0
2.803693,0,0,0,0,0,0,0,1,0,0,0,0,0,0,0,0,0,1
2.821496,1,0,0,1,0,0,1,0,0,1,1,0,1,1,1,0,1,0
2.842362,0,0,0,0,1,0,0,0,0,0,0,0,0,0,0,0,0,0
2.843146,0,0,1,0,0,0,0,0,1,0,0,0,1,0,0,0,0,0
2.848767,0,0,0,0,0,0,0,1,0,0,0,0,0,0,0,0,0,1
2.851524,0,0,0,0,0,1,0,0,0,1,0,1,0,1,0,1,0,0
2.868720,1,0,0,1,0,0,1,0,0,1,1,0,1,1,1,0,1,0
2.885855,0,0,0,0,1,0,0,0,0,0,0,0,0,0,0,0,0,0
2.889644,0,0,1,0,0,0,0,0,1,0,0,0,1,0,0,0,0,0
2.898881,0,0,0,0,0,0,0,1,0,0,0,0,0,0,0,0,0,1
2.899900,0,0,0,0,0,1,0,0,0,1,0,1,0,1,0,1,0,0
2.916815,1,0,0,0,0,0,0,0,1,0,0,0,1,0,0,0,0,0
2.937419,0,0,0,0,1,0,0,0,0,0,0,0,0,0,0,0,0,0
2.942326,0,0,0,0,0,0,1,0,0,1,0,1,0,1,0,0,1,0
2.949550,0,0,0,0,0,1,0,0,0,0,0,0,0,1,1,0,0,0
2.952284,0,0,0,0,0,0,0,1,0,0,0,0,0,0,0,0,0,1
2.964952,0,1,1,0,0,0,0,0,0,1,1,0,1,0,0,1,0,0
2.976081,1,0,0,1,0,0,1,0,0,1,1,0,1,1,1,0,1,0
2.987693,0,0,0,0,1,0,0,0,0,0,0,0,0,0,0,0,0,0
3.000257,0,0,0,0,0,0,0,1,0,0,0,0,0,0,0,0,0,1
3.000718,0,0,0,0,0,1,0,0,0,0,0,0,0,1,1,0,0,0
3.001782,0,1,1,0,0,0,0,0,0,1,1,0,1,0,0,1,0,0
3.013702,1,0,0,0,0,0,0,0,1,0,0,0,1,0,0,0,0,0
3.039967,0,0,0,0,1,0,0,0,0,0,0,0,0,0,0,0,0,0
3.048667,0,0,0,0,0,1,1,0,0,1,0,1,0,1,0,0,1,0
3.048885,0,0,0,0,0,0,0,1,0,0,0,0,0,0,0,0,0,1
3.072605,0,1,1,0,0,0,0,0,0,1,1,0,1,0,0,1,0,0
3.084638,0,0,0,0,1,0,0,0,0,0,0,0,0,0,0,0,0,0
3.087706,1,0,0,0,0,0,0,0,1,0,0,0,1,0,0,0,0,0
3.099651,0,0,0,0,0,1,0,0,0,1,0,1,0,1,0,1,0,0
3.101023,0,0,0,0,0,0,1,1,0,0,0,0,0,1,1,0,0,1
3.113093,1,0,0,1,0,0,1,0,0,1,1,0,1,1,1,0,1,0
3.133578,0,0,1,1,0,0,0,0,0,1,1,0,1,0,0,0,1,0
3.136255,0,0,0,0,1,0,0,0,0,0,0,0,0,0,0,0,0,0
3.149207,0,0,0,0,0,1,0,0,0,0,0,0,0,1,1,0,0,0
3.153378,0,0,0,0,0,0,0,1,0,0,0,0,0,0,0,0,0,1
3.163448,0,1,1,0,0,0,0,0,0,1,1,0,1,0,0,1,0,0
3.177419,1,0,0,1,0,0,1,0,0,1,1,0,1,1,1,0,1,0
3.189689,0,0,0,0,1,0,0,0,0,0,0,0,0,0,0,0,0,0
3.196250,0,0,0,0,0,0,0,1,0,0,0,0,0,0,0,0,0,1
3.199220,0,0,1,0,0,0,0,0,1,0,0,0,1,0,0,0,0,0
3.201654,0,0,0,0,0,1,0,0,0,1,0,1,0,1,0,1,0,0
3.213545,1,0,0,1,0,0,1,0,0,1,1,0,1,1,1,0,1,0
3.227845,0,0,0,0,1,0,0,0,0,0,0,0,0,0,0,0,0,0
3.240354,0,0,1,0,0,0,0,0,1,0,0,0,1,0,0,0,0,0
3.249258,0,0,0,0,0,0,0,1,0,0,0,0,0,0,0,0,0,1
3.250230,0,0,0,0,0,1,0,0,0,1,0,1,0,1,0,1,0,0
3.264698,1,0,0,0,0,0,0,0,1,0,0,0,1,0,0,0,0,0
3.277152,0,0,0,0,0,0,1,0,0,1,0,1,0,1,0,0,1,0
3.282767,0,0,0,0,1,0,0,0,0,0,0,0,0,0,0,0,0,0
3.300338,0,0,0,0,0,1,0,0,0,0,0,0,0,1,1,0,0,0
3.300756,0,0,0,0,0,0,0,1,0,0,0,0,0,0,0,0,0,1
3.302367,0,1,1,0,0,0,0,0,0,1,1,0,1,0,0,1,0,0
3.313193,1,0,0,1,0,0,1,0,0,1,1,0,1,1,1,0,1,0
3.335812,0,0,0,0,1,0,0,0,0,0,0,0,0,0,0,0,0,0
3.337827,0,0,1,0,0,0,0,0,1,0,0,0,1,0,0,0,0,0
3.349802,0,0,0,0,0,0,0,1,0,0,0,0,0,0,0,0,0,1
3.350472,0,0,0,0,0,1,0,0,0,1,0,1,0,1,0,1,0,0
3.361715,1,0,0,1,0,0,1,0,0,1,1,0,1,1,1,0,1,0
3.385163,0,0,1,0,0,0,0,0,1,0,0,0,1,0,0,0,0,0
3.385594,0,0,0,0,1,0,0,0,0,0,0,0,0,0,0,0,0,0
3.399287,0,0,0,0,0,0,0,1,0,0,0,0,0,0,0,0,0,1
3.400235,0,0,0,0,0,1,0,0,0,1,0,1,0,1,0,1,0,0
3.414328,1,0,0,1,0,0,1,0,0,1,1,0,1,1,1,0,1,0
3.433787,0,0,0,0,1,0,0,0,0,0,0,0,0,0,0,0,0,0
3.441869,0,0,1,0,0,0,0,0,1,0,0,0,1,0,0,0,0,0
3.450219,0,0,0,0,0,0,0,1,0,0,0,0,0,0,0,0,0,1
3.450509,0,0,0,0,0,1,0,0,0,1,0,1,0,1,0,1,0,0
3.461343,1,0,0,0,0,0,0,0,1,0,0,0,1,0,0,0,0,0
3.484682,0,0,0,0,1,0,0,0,0,0,0,0,0,0,0,0,0,0
3.499921,0,0,0,0,0,0,0,1,0,0,0,0,0,0,0,0,0,1
3.500989,0,0,0,0,0,1,1,0,0,1,0,1,0,1,0,0,1,0
3.523059,0,1,1,0,0,0,0,0,0,1,1,0,1,0,0,1,0,0
3.536551,0,0,0,0,1,0,0,0,0,0,0,0,0,0,0,0,0,0
3.536850,1,0,0,0,0,0,0,0,1,0,0,0,1,0,0,0,0,0
3.548230,0,0,0,0,0,1,1,0,0,1,0,1,0,1,0,1,0,0
3.548828,0,0,0,0,0,0,0,1,0,0,0,0,0,0,0,0,0,1
3.562279,1,0,0,1,0,0,0,0,0,1,1,0,1,0,0,0,1,0
3.582707,0,0,1,0,0,0,0,0,1,0,0,0,1,0,0,0,0,0
3.584428,0,0,0,0,1,0,1,0,0,1,0,1,0,1,0,0,1,0
3.601404,0,0,0,0,0,1,0,0,0,0,0,0,0,1,1,0,0,0
3.603474,0,0,0,0,0,0,0,1,0,0,0,0,0,0,0,0,0,1
3.604791,0,1,1,0,0,0,0,0,0,1,1,0,1,0,0,1,0,0
3.616623,1,0,0,1,0,0,1,0,0,1,1,0,1,1,1,0,1,0
3.638324,0,0,0,0,1,0,0,0,0,0,0,0,0,0,0,0,0,0
3.640834,0,0,1,0,0,0,0,0,1,0,0,0,1,0,0,0,0,0
3.648768,0,0,0,0,0,0,0,1,0,0,0,0,0,0,0,0,0,1
3.650892,0,0,0,0,0,1,0,0,0,1,0,1,0,1,0,1,0,0
3.665145,1,0,0,0,0,0,0,0,1,0,0,0,1,0,0,0,0,0
3.686921,0,0,0,0,1,0,0,0,0,0,0,0,0,0,0,0,0,0
3.698238,0,0,0,0,0,0,1,0,0,1,0,1,0,1,0,0,1,0
3.700227,0,0,0,0,0,0,0,1,0,0,0,0,0,0,0,0,0,1
3.701635,0,0,0,0,0,1,0,0,0,0,0,0,0,1,1,0,0,0
3.724803,0,1,1,0,0,0,0,0,0,1,1,0,1,0,0,1,0,0
3.734293,0,0,0,0,1,0,0,0,0,0,0,0,0,0,0,0,0,0
3.735914,1,0,0,0,0,0,0,0,1,0,0,0,1,0,0,0,0,0
3.741576,0,0,0,0,0,0,1,0,0,1,0,1,0,1,0,0,1,0
3.750411,0,0,0,0,0,1,0,0,0,0,0,0,0,1,1,0,0,0
3.752666,0,0,0,0,0,0,0,1,0,0,0,0,0,0,0,0,0,1
3.765808,0,1,1,0,0,0,0,0,0,1,1,0,1,0,0,1,0,0
3.777105,1,0,0,0,0,0,0,0,1,0,0,0,1,0,0,0,0,0
3.785256,0,0,0,0,0,0,1,0,0,1,0,1,0,1,0,0,1,0
3.786905,0,0,0,0,1,0,0,0,0,0,0,0,0,0,0,0,0,0
3.797787,0,0,0,0,0,0,0,1,0,0,0,0,0,0,0,0,0,1
3.800254,0,0,0,0,0,1,0,0,0,0,0,0,0,1,1,0,0,0
3.809196,0,1,1,0,0,0,0,0,0,1,1,0,1,0,0,1,0,0
3.822927,1,0,0,0,0,0,0,0,1,0,0,0,1,0,0,0,0,0
3.832119,0,0,0,0,1,0,0,0,0,0,0,0,0,0,0,0,0,0
3.837604,0,0,0,0,0,0,1,0,0,1,0,1,0,1,0,0,1,0
3.848321,0,0,0,0,0,0,0,1,0,0,0,0,0,0,0,0,0,1
3.850024,0,0,0,0,0,1,0,0,0,0,0,0,0,1,1,0,0,0
3.861498,0,1,1,0,0,0,0,0,0,1,1,0,1,0,0,1,0,0
3.876024,1,0,0,0,0,0,0,0,1,0,0,0,1,0,0,0,0,0
3.881955,0,0,0,0,1,0,0,0,0,0,0,0,0,0,0,0,0,0
3.888903,0,0,0,0,0,0,1,0,0,1,0,1,0,1,0,0,1,0
3.899224,0,0,0,0,0,0,0,1,0,0,0,0,0,0,0,0,0,1
3.901306,0,0,0,0,0,1,0,0,0,0,0,0,0,1,1,0,0,0
3.916757,0,1,1,0,0,0,0,0,0,1,1,0,1,0,0,1,0,0
3.930936,1,0,0,0,0,0,0,0,1,0,0,0,1,0,0,0,0,0
3.932028,0,0,0,0,0,0,1,0,0,1,0,1,0,1,0,0,1,0
3.933326,0,0,0,0,1,0,0,0,0,0,0,0,0,0,0,0,0,0
3.950253,0,0,0,0,0,1,0,0,0,0,0,0,0,1,1,0,0,0
3.950951,0,0,0,0,0,0,0,1,0,0,0,0,0,0,0,0,0,1
3.955833,0,1,1,0,0,0,0,0,0,1,1,0,1,0,0,1,0,0
3.970409,1,0,0,1,0,0,1,0,0,1,1,0,1,1,1,0,1,0
3.984327,0,0,0,0,1,0,0,0,0,0,0,0,0,0,0,0,0,0
3.999576,0,0,1,0,0,0,0,0,1,0,0,0,1,0,0,0,0,0
4.000640,0,0,0,0,0,1,0,0,0,1,0,1,0,1,0,1,0,0
4.003535,0,0,0,0,0,0,0,1,0,0,0,0,0,0,0,0,0,1
4.012361,1,0,0,1,0,0,1,0,0,1,1,0,1,1,1,0,1,0
4.034687,0,0,0,0,1,0,0,0,0,0,0,0,0,0,0,0,0,0
4.039457,0,0,1,0,0,0,0,0,1,0,0,0,1,0,0,0,0,0
4.048209,0,0,0,0,0,1,0,0,0,1,0,1,0,1,0,1,0,0
4.052777,0,0,0,0,0,0,0,1,0,0,0,0,0,0,0,0,0,1
4.063341,1,0,0,0,0,0,0,0,1,0,0,0,1,0,0,0,0,0
4.085615,0,0,0,0,1,0,0,0,0,0,0,0,0,0,0,0,0,0
4.099306,0,0,0,0,0,1,0,0,0,1,0,1,0,1,0,1,0,0
4.101190,0,0,0,0,0,0,0,1,0,0,0,0,0,0,0,0,0,1
4.108418,0,0,0,0,0,0,1,0,0,0,0,0,0,1,1,0,0,0
4.116553,1,0,0,1,0,0,1,0,0,1,1,0,1,1,1,0,1,0
4.132057,0,0,0,0,1,0,0,0,0,0,0,0,0,0,0,0,0,0
4.142386,0,0,1,1,0,0,0,0,0,1,1,0,1,0,0,0,1,0
4.149099,0,0,0,0,0,1,0,0,0,0,0,0,0,1,1,0,0,0
4.152299,0,0,0,0,0,0,0,1,0,0,0,0,0,0,0,0,0,1
4.171716,0,1,1,0,0,0,0,0,0,1,1,0,1,0,0,1,0,0
4.185378,1,0,0,0,0,0,0,0,1,0,0,0,1,0,0,0,0,0
4.188521,0,0,0,0,0,0,1,0,0,1,0,1,0,1,0,0,1,0
4.190466,0,0,0,0,1,0,0,0,0,0,0,0,0,0,0,0,0,0
4.197332,0,0,0,0,0,0,0,1,0,0,0,0,0,0,0,0,0,1
4.201618,0,0,0,0,0,1,0,0,0,0,0,0,0,1,1,0,0,0
4.213358,0,1,1,0,0,0,0,0,0,1,1,0,1,0,0,1,0,0
4.225336,1,0,0,1,0,0,1,0,0,1,1,0,1,1,1,0,1,0
4.231292,0,0,0,0,1,0,0,0,0,0,0,0,0,0,0,0,0,0
4.246935,0,0,0,0,0,0,0,1,0,0,0,0,0,0,0,0,0,1
4.249277,0,0,0,0,0,1,0,0,0,0,0,0,0,1,1,0,0,0
4.250937,0,1,1,0,0,0,0,0,0,1,1,0,1,0,0,1,0,0
4.262048,1,0,0,0,0,0,0,0,1,0,0,0,1,0,0,0,0,0
4.285530,0,0,0,0,1,0,1,0,0,1,0,1,0,1,0,0,1,0
4.301017,0,0,0,0,0,0,0,1,0,0,0,0,0,0,0,0,0,1
4.301202,0,0,0,0,0,1,0,0,0,0,0,0,0,1,1,0,0,0
4.308842,0,1,1,0,0,0,0,0,0,1,1,0,1,0,0,1,0,0
4.325777,1,0,0,0,0,0,0,0,1,0,0,0,1,0,0,0,0,0
4.339177,0,0,0,0,1,0,0,0,0,0,0,0,0,0,0,0,0,0
4.344977,0,0,0,0,0,0,1,0,0,1,0,1,0,1,0,0,1,0
4.349741,0,0,0,0,0,1,0,0,0,0,0,0,0,1,1,0,0,0
4.351597,0,0,0,0,0,0,0,1,0,0,0,0,0,0,0,0,0,1
4.366176,0,1,1,0,0,0,0,0,0,1,1,0,1,0,0,1,0,0
4.377185,1,0,0,1,0,0,1,0,0,1,1,0,1,1,1,0,1,0
4.387951,0,0,0,0,1,0,0,0,0,0,0,0,0,0,0,0,0,0
4.398022,0,0,1,0,0,0,0,0,1,0,0,0,1,0,0,0,0,0
4.399345,0,0,0,0,0,1,0,0,0,1,0,1,0,1,0,1,0,0
4.402355,0,0,0,0,0,0,0,1,0,0,0,0,0,0,0,0,0,1
4.412243,1,0,0,1,0,0,1,0,0,1,1,0,1,1,1,0,1,0
4.432710,0,0,1,0,0,0,0,0,1,0,0,0,1,0,0,0,0,0
4.437406,0,0,0,0,1,0,0,0,0,0,0,0,0,0,0,0,0,0
4.447518,0,0,0,0,0,0,0,1,0,0,0,0,0,0,0,0,0,1
4.450972,0,0,0,0,0,1,0,0,0,1,0,1,0,1,0,1,0,0
4.463977,1,0,0,1,0,0,1,0,0,1,1,0,1,1,1,0,1,0
4.483923,0,0,0,0,1,0,0,0,0,0,0,0,0,0,0,0,0,0
4.486027,0,0,1,0,0,0,0,0,1,0,0,0,1,0,0,0,0,0
4.499560,0,0,0,0,0,1,0,0,0,1,0,1,0,1,0,1,0,0
4.500381,0,0,0,0,0,0,0,1,0,0,0,0,0,0,0,0,0,1
4.512002,1,0,0,1,0,0,1,0,0,1,1,0,1,1,1,0,1,0
4.535435,0,0,0,0,1,0,0,0,0,0,0,0,0,0,0,0,0,0
4.539285,0,0,1,0,0,0,0,0,1,0,0,0,1,0,0,0,0,0
4.549454,0,0,0,0,0,1,0,0,0,1,0,1,0,1,0,1,0,0
4.553853,0,0,0,0,0,0,0,1,0,0,0,0,0,0,0,0,0,1
4.559878,1,0,0,0,0,0,0,0,1,0,0,0,1,0,0,0,0,0
4.580474,0,0,0,0,0,0,1,0,0,1,0,1,0,1,0,0,1,0
4.591219,0,0,0,0,1,0,0,0,0,0,0,0,0,0,0,0,0,0
4.598797,0,0,0,0,0,0,0,1,0,0,0,0,0,0,0,0,0,1
4.600721,0,0,0,0,0,1,0,0,0,0,0,0,0,1,1,0,0,0
4.605719,0,1,1,0,0,0,0,0,0,1,1,0,1,0,0,1,0,0
4.622511,1,0,0,1,0,0,1,0,0,1,1,0,1,1,1,0,1,0
4.638193,0,0,0,0,1,0,0,0,0,0,0,0,0,0,0,0,0,0
4.645802,0,0,1,0,0,0,0,0,1,0,0,0,1,0,0,0,0,0
4.649047,0,0,0,0,0,0,0,1,0,0,0,0,0,0,0,0,0,1
4.650075,0,0,0,0,0,1,0,0,0,1,0,1,0,1,0,1,0,0
4.660694,1,0,0,1,0,0,1,0,0,1,1,0,1,1,1,0,1,0
4.684633,0,0,1,0,0,0,0,0,1,0,0,0,1,0,0,0,0,0
4.685660,0,0,0,0,1,0,0,0,0,0,0,0,0,0,0,0,0,0
4.700861,0,0,0,0,0,1,0,0,0,1,0,1,0,1,0,1,0,0
4.701160,0,0,0,0,0,0,0,1,0,0,0,0,0,0,0,0,0,1
4.715202,1,0,0,1,0,0,1,0,0,1,1,0,1,1,1,0,1,0
4.735891,0,0,1,0,0,0,0,0,1,0,0,0,1,0,0,0,0,0
4.738391,0,0,0,0,1,0,0,0,0,0,0,0,0,0,0,0,0,0
4.747384,0,0,0,0,0,0,0,1,0,0,0,0,0,0,0,0,0,1
4.750374,0,0,0,0,0,1,0,0,0,1,0,1,0,1,0,1,0,0
4.765610,1,0,0,1,0,0,1,0,0,1,1,0,1,1,1,0,1,0
4.787328,0,0,0,0,1,0,0,0,0,0,0,0,0,0,0,0,0,0
4.794543,0,0,1,0,0,0,0,0,1,0,0,0,1,0,0,0,0,0
4.799793,0,0,0,0,0,0,0,1,0,0,0,0,0,0,0,0,0,1
4.801490,0,0,0,0,0,1,0,0,0,1,0,1,0,1,0,1,0,0
4.813486,1,0,0,0,0,0,0,0,1,0,0,0,1,0,0,0,0,0
4.816706,0,0,0,0,0,0,1,0,0,1,0,1,0,1,0,0,1,0
4.833006,0,0,0,0,1,0,0,0,0,0,0,0,0,0,0,0,0,0
4.839392,0,0,1,0,0,0,0,0,1,0,0,0,1,0,0,0,0,0
4.849670,0,0,0,0,0,1,0,0,0,1,0,1,0,1,0,1,0,0
4.850194,0,0,0,0,0,0,0,1,0,0,0,0,0,0,0,0,0,1
4.865702,1,0,0,1,0,0,1,0,0,1,1,0,1,1,1,0,1,0
4.882272,0,0,0,0,1,0,0,0,0,0,0,0,0,0,0,0,0,0
4.888897,0,0,1,0,0,0,0,0,1,0,0,0,1,0,0,0,0,0
4.899177,0,0,0,0,0,1,0,0,0,1,0,1,0,1,0,1,0,0
4.900730,0,0,0,0,0,0,0,1,0,0,0,0,0,0,0,0,0,1
4.913443,1,0,0,0,0,0,0,0,1,0,0,0,1,0,0,0,0,0
4.938164,0,0,0,0,1,0,1,0,0,1,0,1,0,1,0,0,1,0
4.949170,0,0,0,0,0,0,0,1,0,0,0,0,0,0,0,0,0,1
4.949775,0,0,0,0,0,1,0,0,0,0,0,0,0,1,1,0,0,0
4.961359,0,1,1,0,0,0,0,0,0,1,1,0,1,0,0,1,0,0
4.977946,1,0,0,1,0,0,1,0,0,1,1,0,1,1,1,0,1,0
4.987816,0,0,0,0,1,0,0,0,0,0,0,0,0,0,0,0,0,0
4.998569,0,0,0,0,0,0,0,1,0,0,0,0,0,0,0,0,0,1
5.000972,0,0,0,0,0,1,0,0,0,0,0,0,0,1,1,0,0,0
5.006033,0,1,1,0,0,0,0,0,0,1,1,0,1,0,0,1,0,0
5.018948,1,0,0,0,0,0,0,0,1,0,0,0,1,0,0,0,0,0
5.023191,0,0,0,0,0,0,1,0,0,1,0,1,0,1,0,0,1,0
5.033426,0,0,0,0,1,0,0,0,0,0,0,0,0,0,0,0,0,0
5.047822,0,0,1,0,0,0,0,0,1,0,0,0,1,0,0,0,0,0
5.048845,0,0,0,0,0,1,0,0,0,1,0,1,0,1,0,1,0,0
5.049918,0,0,0,0,0,0,0,1,0,0,0,0,0,0,0,0,0,1
5.061723,1,0,0,0,0,0,0,0,1,0,0,0,1,0,0,0,0,0
5.081483,0,0,0,0,0,0,1,0,0,1,0,1,0,1,0,0,1,0
5.086561,0,0,0,0,1,0,0,0,0,0,0,0,0,0,0,0,0,0
5.099244,0,0,0,0,0,1,0,0,0,0,0,0,0,1,1,0,0,0
5.101918,0,0,0,0,0,0,0,1,0,0,0,0,0,0,0,0,0,1
5.109833,0,1,1,0,0,0,0,0,0,1,1,0,1,0,0,1,0,0
5.125819,1,0,0,1,0,0,1,0,0,1,1,0,1,1,1,0,1,0
5.136956,0,0,0,0,1,0,0,0,0,0,0,0,0,0,0,0,0,0
5.149256,0,0,0,0,0,0,0,1,0,0,0,0,0,0,0,0,0,1
5.150373,0,0,0,0,0,1,0,0,0,0,0,0,0,1,1,0,0,0
5.153100,0,1,1,0,0,0,0,0,0,1,1,0,1,0,0,1,0,0
5.167637,1,0,0,0,0,0,0,0,1,0,0,0,1,0,0,0,0,0
5.186882,0,0,0,0,1,0,0,0,0,0,0,0,0,0,0,0,0,0
5.196126,0,0,0,0,0,0,1,1,0,1,0,1,0,1,0,0,1,1
5.200766,0,0,0,0,0,1,0,0,0,0,0,0,0,1,1,0,0,0
5.219029,0,1,1,0,0,0,0,0,0,1,1,0,1,0,0,1,0,0
5.231497,0,0,0,0,1,0,0,0,0,0,0,0,0,0,0,0,0,0
5.236997,1,0,0,0,0,0,0,0,1,0,0,0,1,0,0,0,0,0
5.251455,0,0,0,0,0,1,0,0,0,1,0,1,0,1,0,1,0,0
5.253650,0,0,0,0,0,0,1,1,0,0,0,0,0,1,1,0,0,1
5.261776,1,0,0,1,0,0,1,0,0,1,1,0,1,1,1,0,1,0
5.283913,0,0,1,1,0,0,0,0,0,1,1,0,1,0,0,0,1,0
5.291315,0,0,0,0,1,0,0,0,0,0,0,0,0,0,0,0,0,0
5.300110,0,0,0,0,0,1,0,0,0,0,0,0,0,1,1,0,0,0
5.300544,0,0,0,0,0,0,0,1,0,0,0,0,0,0,0,0,0,1
5.313368,0,1,1,0,0,0,0,0,0,1,1,0,1,0,0,1,0,0
5.324711,1,0,0,0,0,0,0,0,1,0,0,0,1,0,0,0,0,0
5.331917,0,0,0,0,0,0,1,0,0,1,0,1,0,1,0,0,1,0
5.336136,0,0,0,0,1,0,0,0,0,0,0,0,0,0,0,0,0,0
5.350064,0,0,0,0,0,1,0,0,0,0,0,0,0,1,1,0,0,0
5.351317,0,0,0,0,0,0,0,1,0,0,0,0,0,0,0,0,0,1
5.358346,0,1,1,0,0,0,0,0,0,1,1,0,1,0,0,1,0,0
5.374088,1,0,0,0,0,0,0,0,1,0,0,0,1,0,0,0,0,0
5.384268,0,0,0,0,1,0,1,0,0,1,0,1,0,1,0,0,1,0
5.398723,0,0,0,0,0,1,0,0,0,0,0,0,0,1,1,0,0,0
5.399242,0,0,0,0,0,0,0,1,0,0,0,0,0,0,0,0,0,1
5.410291,0,1,1,0,0,0,0,0,0,1,1,0,1,0,0,1,0,0
5.426851,1,0,0,0,0,0,0,0,1,0,0,0,1,0,0,0,0,0
5.438135,0,0,0,0,1,0,1,0,0,1,0,1,0,1,0,0,1,0
5.450485,0,0,0,0,0,1,0,0,0,0,0,0,0,1,1,0,0,0
5.451201,0,0,0,0,0,0,0,1,0,0,0,0,0,0,0,0,0,1
5.463498,0,1,1,0,0,0,0,0,0,1,1,0,1,0,0,1,0,0
5.478224,1,0,0,0,0,0,0,0,1,0,0,0,1,0,0,0,0,0
5.485586,0,0,0,0,1,0,0,0,0,0,0,0,0,0,0,0,0,0
5.487855,0,0,0,0,0,0,1,0,0,1,0,1,0,1,0,0,1,0
5.498724,0,0,0,0,0,0,0,1,0,0,0,0,0,0,0,0,0,1
5.499319,0,0,0,0,0,1,0,0,0,0,0,0,0,1,1,0,0,0
5.508248,0,1,1,0,0,0,0,0,0,1,1,0,1,0,0,1,0,0
5.521167,1,0,0,1,0,0,1,0,0,1,1,0,1,1,1,0,1,0
5.531830,0,0,0,0,1,0,0,0,0,0,0,0,0,0,0,0,0,0
5.546043,0,0,0,0,0,0,0,1,0,0,0,0,0,0,0,0,0,1
5.549295,0,0,1,0,0,0,0,0,1,0,0,0,1,0,0,0,0,0
5.551931,0,0,0,0,0,1,0,0,0,1,0,1,0,1,0,1,0,0
5.568599,1,0,0,0,0,0,0,0,1,0,0,0,1,0,0,0,0,0
5.585332,0,0,0,0,1,0,1,0,0,1,0,1,0,1,0,0,1,0
5.599436,0,0,0,0,0,1,0,0,0,0,0,0,0,1,1,0,0,0
5.600187,0,0,0,0,0,0,0,1,0,0,0,0,0,0,0,0,0,1
5.606011,0,1,1,0,0,0,0,0,0,1,1,0,1,0,0,1,0,0
5.618351,1,0,0,1,0,0,1,0,0,1,1,0,1,1,1,0,1,0
5.631493,0,0,0,0,1,0,0,0,0,0,0,0,0,0,0,0,0,0
5.641750,0,0,1,0,0,0,0,0,1,0,0,0,1,0,0,0,0,0
5.649877,0,0,0,0,0,1,0,0,0,1,0,1,0,1,0,1,0,0
5.653758,0,0,0,0,0,0,0,1,0,0,0,0,0,0,0,0,0,1
5.663751,1,0,0,1,0,0,1,0,0,1,1,0,1,1,1,0,1,0
5.686252,0,0,1,0,0,0,0,0,1,0,0,0,1,0,0,0,0,0
5.690087,0,0,0,0,1,0,0,0,0,0,0,0,0,0,0,0,0,0
5.700457,0,0,0,0,0,1,0,0,0,1,0,1,0,1,0,1,0,0
5.701597,0,0,0,0,0,0,0,1,0,0,0,0,0,0,0,0,0,1
5.711927,1,0,0,1,0,0,1,0,0,1,1,0,1,1,1,0,1,0
5.733284,0,0,1,0,0,0,0,0,1,0,0,0,1,0,0,0,0,0
5.736311,0,0,0,0,1,0,0,0,0,0,0,0,0,0,0,0,0,0
5.749788,0,0,0,0,0,1,0,0,0,1,0,1,0,1,0,1,0,0
5.750143,0,0,0,0,0,0,0,1,0,0,0,0,0,0,0,0,0,1
5.766588,1,0,0,1,0,0,1,0,0,1,1,0,1,1,1,0,1,0
5.787728,0,0,0,0,1,0,0,0,0,0,0,0,0,0,0,0,0,0
5.790952,0,0,1,0,0,0,0,0,1,0,0,0,1,0,0,0,0,0
5.799181,0,0,0,0,0,1,0,0,0,1,0,1,0,1,0,1,0,0
5.802283,0,0,0,0,0,0,0,1,0,0,0,0,0,0,0,0,0,1
5.811454,1,0,0,1,0,0,1,0,0,1,1,0,1,1,1,0,1,0
5.834610,0,0,0,0,1,0,0,0,0,0,0,0,0,0,0,0,0,0
5.835658,0,0,1,0,0,0,0,0,1,0,0,0,1,0,0,0,0,0
5.849383,0,0,0,0,0,0,0,1,0,0,0,0,0,0,0,0,0,1
5.851126,0,0,0,0,0,1,0,0,0,1,0,1,0,1,0,1,0,0
5.870371,1,0,0,0,0,0,0,0,1,0,0,0,1,0,0,0,0,0
5.887570,0,0,0,0,1,0,0,0,0,0,0,0,0,0,0,0,0,0
5.900772,0,0,0,0,0,0,0,1,0,0,0,0,0,0,0,0,0,1
5.901010,0,0,0,0,0,0,1,0,0,1,0,1,0,1,0,0,1,0
5.901248,0,0,0,0,0,1,0,0,0,0,0,0,0,1,1,0,0,0
5.931009,0,1,1,0,0,0,0,0,0,1,1,0,1,0,0,1,0,0
5.935699,0,0,0,0,1,0,0,0,0,0,0,0,0,0,0,0,0,0
5.946276,1,0,0,1,0,0,1,0,0,1,1,0,1,1,1,0,1,0
5.946811,0,0,0,0,0,0,0,1,0,0,0,0,0,0,0,0,0,1
5.949620,0,0,0,0,0,1,0,0,0,0,0,0,0,1,1,0,0,0
5.974496,0,1,1,0,0,0,0,0,0,1,1,0,1,0,0,1,0,0
5.980604,0,0,0,0,1,0,0,0,0,0,0,0,0,0,0,0,0,0
5.985020,1,0,0,0,0,0,0,0,1,0,0,0,1,0,0,0,0,0
5.998488,0,0,0,0,0,0,0,1,0,0,0,0,0,0,0,0,0,1
5.999750,0,0,0,0,0,1,1,0,0,1,0,1,0,1,0,0,1,0
6.020628,0,1,1,0,0,0,0,0,0,1,1,0,1,0,0,1,0,0
6.036997,0,0,0,0,1,0,0,0,0,0,0,0,0,0,0,0,0,0
6.038735,1,0,0,0,0,0,0,0,1,0,0,0,1,0,0,0,0,0
6.049708,0,0,0,0,0,0,0,1,0,0,0,0,0,0,0,0,0,1
6.050365,0,0,0,0,0,1,0,0,0,1,0,1,0,1,0,1,0,0
6.058523,0,0,0,0,0,0,1,0,0,0,0,0,0,1,1,0,0,0
6.065265,1,0,0,1,0,0,0,0,0,1,1,0,1,0,0,0,1,0
6.071415,0,0,0,0,0,0,1,0,0,0,0,0,0,1,1,0,0,0
6.082307,0,0,0,0,1,0,0,0,0,0,0,0,0,0,0,0,0,0
6.091644,0,0,1,1,0,0,0,0,0,1,1,0,1,0,0,0,1,0
6.098655,0,0,0,0,0,0,0,1,0,0,0,0,0,0,0,0,0,1
6.099822,0,0,0,0,0,1,0,0,0,0,0,0,0,1,1,0,0,0
6.118739,0,1,1,0,0,0,0,0,0,1,1,0,1,0,0,1,0,0
6.132045,0,0,0,0,1,0,0,0,0,0,0,0,0,0,0,0,0,0
6.137049,1,0,0,1,0,0,1,0,0,1,1,0,1,1,1,0,1,0
6.148091,0,0,0,0,0,0,0,1,0,0,0,0,0,0,0,0,0,1
6.150364,0,0,0,0,0,1,0,0,0,0,0,0,0,1,1,0,0,0
6.160053,0,1,1,0,0,0,0,0,0,1,1,0,1,0,0,1,0,0
6.170863,1,0,0,1,0,0,1,0,0,1,1,0,1,1,1,0,1,0
6.184058,0,0,0,0,1,0,0,0,0,0,0,0,0,0,0,0,0,0
6.194819,0,0,1,0,0,0,0,0,1,0,0,0,1,0,0,0,0,0
6.198889,0,0,0,0,0,0,0,1,0,0,0,0,0,0,0,0,0,1
6.200156,0,0,0,0,0,1,0,0,0,1,0,1,0,1,0,1,0,0
6.214362,1,0,0,1,0,0,1,0,0,1,1,0,1,1,1,0,1,0
6.237167,0,0,1,0,0,0,0,0,1,0,0,0,1,0,0,0,0,0
6.237203,0,0,0,0,1,0,0,0,0,0,0,0,0,0,0,0,0,0
6.250096,0,0,0,0,0,1,0,0,0,1,0,1,0,1,0,1,0,0
6.250332,0,0,0,0,0,0,0,1,0,0,0,0,0,0,0,0,0,1
6.266652,1,0,0,1,0,0,1,0,0,1,1,0,1,1,1,0,1,0
6.282069,0,0,0,0,1,0,0,0,0,0,0,0,0,0,0,0,0,0
6.294880,0,0,1,0,0,0,0,0,1,0,0,0,1,0,0,0,0,0
6.298748,0,0,0,0,0,1,0,0,0,1,0,1,0,1,0,1,0,0
6.303740,0,0,0,0,0,0,0,1,0,0,0,0,0,0,0,0,0,1
6.312178,1,0,0,1,0,0,1,0,0,1,1,0,1,1,1,0,1,0
6.339165,0,0,0,0,1,0,0,0,0,0,0,0,0,0,0,0,0,0
6.339413,0,0,1,0,0,0,0,0,1,0,0,0,1,0,0,0,0,0
6.348260,0,0,0,0,0,1,0,0,0,1,0,1,0,1,0,1,0,0
6.348928,0,0,0,0,0,0,0,1,0,0,0,0,0,0,0,0,0,1
6.358836,1,0,0,0,0,0,0,0,1,0,0,0,1,0,0,0,0,0
6.387817,0,0,0,0,1,0,0,0,0,0,0,0,0,0,0,0,0,0
6.400006,0,0,0,0,0,0,1,1,0,1,0,1,0,1,0,0,1,1
6.400089,0,0,0,0,0,1,0,0,0,0,0,0,0,1,1,0,0,0
6.424059,0,1,1,0,0,0,0,0,0,1,1,0,1,0,0,1,0,0
6.436131,1,0,0,0,0,0,0,0,1,0,0,0,1,0,0,0,0,0
6.437483,0,0,0,0,0,0,1,0,0,1,0,1,0,1,0,0,1,0
6.439345,0,0,0,0,1,0,0,0,0,0,0,0,0,0,0,0,0,0
6.446853,0,0,0,0,0,0,0,1,0,0,0,0,0,0,0,0,0,1
6.449764,0,0,0,0,0,1,0,0,0,0,0,0,0,1,1,0,0,0
6.464506,0,1,1,0,0,0,0,0,0,1,1,0,1,0,0,1,0,0
6.482825,1,0,0,0,0,0,0,0,1,0,0,0,1,0,0,0,0,0
6.485261,0,0,0,0,1,0,1,0,0,1,0,1,0,1,0,0,1,0
6.498035,0,0,0,0,0,1,0,0,0,0,0,0,0,1,1,0,0,0
6.502961,0,0,0,0,0,0,0,1,0,0,0,0,0,0,0,0,0,1
6.505889,0,1,1,0,0,0,0,0,0,1,1,0,1,0,0,1,0,0
6.522250,1,0,0,0,0,0,0,0,1,0,0,0,1,0,0,0,0,0
6.540311,0,0,0,0,1,0,1,0,0,1,0,1,0,1,0,0,1,0
6.548492,0,0,0,0,0,0,0,1,0,0,0,0,0,0,0,0,0,1
6.548826,0,0,0,0,0,1,0,0,0,0,0,0,0,1,1,0,0,0
6.561787,0,1,1,0,0,0,0,0,0,1,1,0,1,0,0,1,0,0
6.579004,1,0,0,1,0,0,1,0,0,1,1,0,1,1,1,0,1,0
6.586463,0,0,0,0,1,0,0,0,0,0,0,0,0,0,0,0,0,0
6.600140,0,0,0,0,0,0,0,1,0,0,0,0,0,0,0,0,0,1
6.600893,0,0,0,0,0,1,0,0,0,0,0,0,0,1,1,0,0,0
6.603340,0,1,1,0,0,0,0,0,0,1,1,0,1,0,0,1,0,0
6.616247,1,0,0,0,0,0,0,0,1,0,0,0,1,0,0,0,0,0
6.620343,0,0,0,0,0,0,1,0,0,1,0,1,0,1,0,0,1,0
6.630188,0,0,0,0,1,0,0,0,0,0,0,0,0,0,0,0,0,0
6.641290,0,0,1,0,0,0,0,0,1,0,0,0,1,0,0,0,0,0
6.649690,0,0,0,0,0,0,0,1,0,0,0,0,0,0,0,0,0,1
6.649703,0,0,0,0,0,1,0,0,0,1,0,1,0,1,0,1,0,0
6.662460,1,0,0,0,0,0,0,0,1,0,0,0,1,0,0,0,0,0
6.686800,0,0,0,0,1,0,1,0,0,1,0,1,0,1,0,0,1,0
6.696061,0,0,0,0,0,0,0,1,0,0,0,0,0,0,0,0,0,1
6.699634,0,0,0,0,0,1,0,0,0,0,0,0,0,1,1,0,0,0
6.707226,0,1,1,0,0,0,0,0,0,1,1,0,1,0,0,1,0,0
6.724747,1,0,0,1,0,0,1,0,0,1,1,0,1,1,1,0,1,0
6.730242,0,0,0,0,1,0,0,0,0,0,0,0,0,0,0,0,0,0
6.748491,0,0,1,0,0,0,0,0,1,0,0,0,1,0,0,0,0,0
6.749459,0,0,0,0,0,0,0,1,0,0,0,0,0,0,0,0,0,1
6.751853,0,0,0,0,0,1,0,0,0,1,0,1,0,1,0,1,0,0
6.770937,1,0,0,1,0,0,1,0,0,1,1,0,1,1,1,0,1,0
6.785696,0,0,0,0,1,0,0,0,0,0,0,0,0,0,0,0,0,0
6.796215,0,0,1,0,0,0,0,0,1,0,0,0,1,0,0,0,0,0
6.797034,0,0,0,0,0,0,0,1,0,0,0,0,0,0,0,0,0,1
6.798888,0,0,0,0,0,1,0,0,0,1,0,1,0,1,0,1,0,0
6.818723,1,0,0,0,0,0,0,0,1,0,0,0,1,0,0,0,0,0
6.836548,0,0,0,0,1,0,0,0,0,0,0,0,0,0,0,0,0,0
6.843103,0,0,0,0,0,0,1,0,0,1,0,1,0,1,0,0,1,0
6.847899,0,0,0,0,0,0,0,1,0,0,0,0,0,0,0,0,0,1
6.851317,0,0,0,0,0,1,0,0,0,0,0,0,0,1,1,0,0,0
6.871787,0,1,1,0,0,0,0,0,0,1,1,0,1,0,0,1,0,0
6.879161,0,0,0,0,1,0,0,0,0,0,0,0,0,0,0,0,0,0
6.887632,1,0,0,1,0,0,1,0,0,1,1,0,1,1,1,0,1,0
6.896706,0,0,0,0,0,0,0,1,0,0,0,0,0,0,0,0,0,1
6.898589,0,0,0,0,0,1,0,0,0,0,0,0,0,1,1,0,0,0
6.910078,0,1,1,0,0,0,0,0,0,1,1,0,1,0,0,1,0,0
6.923348,1,0,0,1,0,0,1,0,0,1,1,0,1,1,1,0,1,0
6.934178,0,0,0,0,1,0,0,0,0,0,0,0,0,0,0,0,0,0
6.946477,0,0,0,0,0,0,0,1,0,0,0,0,0,0,0,0,0,1
6.949676,0,0,1,0,0,0,0,0,1,0,0,0,1,0,0,0,0,0
6.950412,0,0,0,0,0,1,0,0,0,1,0,1,0,1,0,1,0,0
6.970005,1,0,0,1,0,0,1,0,0,1,1,0,1,1,1,0,1,0
6.985027,0,0,0,0,1,0,0,0,0,0,0,0,0,0,0,0,0,0
6.996200,0,0,1,0,0,0,0,0,1,0,0,0,1,0,0,0,0,0
6.999320,0,0,0,0,0,0,0,1,0,0,0,0,0,0,0,0,0,1
6.999692,0,0,0,0,0,1,0,0,0,1,0,1,0,1,0,1,0,0
7.014488,1,0,0,1,0,0,1,0,0,1,1,0,1,1,1,0,1,0
7.034490,0,0,0,0,1,0,0,0,0,0,0,0,0,0,0,0,0,0
7.037125,0,0,1,0,0,0,0,0,1,0,0,0,1,0,0,0,0,0
7.048203,0,0,0,0,0,0,0,1,0,0,0,0,0,0,0,0,0,1
7.050967,0,0,0,0,0,1,0,0,0,1,0,1,0,1,0,1,0,0
7.063049,1,0,0,1,0,0,1,0,0,1,1,0,1,1,1,0,1,0
7.079652,0,0,0,0,1,0,0,0,0,0,0,0,0,0,0,0,0,0
7.088153,0,0,1,0,0,0,0,0,1,0,0,0,1,0,0,0,0,0
7.099829,0,0,0,0,0,0,0,1,0,0,0,0,0,0,0,0,0,1
7.101127,0,0,0,0,0,1,0,0,0,1,0,1,0,1,0,1,0,0
7.113026,1,0,0,0,0,0,0,0,1,0,0,0,1,0,0,0,0,0
7.115902,0,0,0,0,0,0,1,0,0,1,0,1,0,1,0,0,1,0
7.138009,0,0,0,0,1,0,0,0,0,0,0,0,0,0,0,0,0,0
7.141530,0,0,1,0,0,0,0,0,1,0,0,0,1,0,0,0,0,0
7.150622,0,0,0,0,0,1,0,0,0,1,0,1,0,1,0,1,0,0
7.150988,0,0,0,0,0,0,0,1,0,0,0,0,0,0,0,0,0,1
7.162821,1,0,0,1,0,0,1,0,0,1,1,0,1,1,1,0,1,0
7.188931,0,0,0,0,1,0,0,0,0,0,0,0,0,0,0,0,0,0
7.189686,0,0,1,0,0,0,0,0,1,0,0,0,1,0,0,0,0,0
7.198828,0,0,0,0,0,1,0,0,0,1,0,1,0,1,0,1,0,0
7.201856,0,0,0,0,0,0,0,1,0,0,0,0,0,0,0,0,0,1
7.213067,1,0,0,1,0,0,1,0,0,1,1,0,1,1,1,0,1,0
7.234207,0,0,0,0,1,0,0,0,0,0,0,0,0,0,0,0,0,0
7.242271,0,0,1,0,0,0,0,0,1,0,0,0,1,0,0,0,0,0
7.251174,0,0,0,0,0,1,0,0,0,1,0,1,0,1,0,1,0,0
7.252079,0,0,0,0,0,0,0,1,0,0,0,0,0,0,0,0,0,1
7.266116,1,0,0,0,0,0,0,0,1,0,0,0,1,0,0,0,0,0
7.283057,0,0,0,0,1,0,1,0,0,1,0,1,0,1,0,0,1,0
7.297941,0,0,0,0,0,0,0,1,0,0,0,0,0,0,0,0,0,1
7.299411,0,0,0,0,0,1,0,0,0,0,0,0,0,1,1,0,0,0
7.310971,0,1,1,0,0,0,0,0,0,1,1,0,1,0,0,1,0,0
7.328723,1,0,0,1,0,0,1,0,0,1,1,0,1,1,1,0,1,0
7.333131,0,0,0,0,1,0,0,0,0,0,0,0,0,0,0,0,0,0
7.348017,0,0,0,0,0,0,0,1,0,0,0,0,0,0,0,0,0,1
7.349718,0,0,0,0,0,1,0,0,0,0,0,0,0,1,1,0,0,0
7.351827,0,1,1,0,0,0,0,0,0,1,1,0,1,0,0,1,0,0
7.369965,1,0,0,1,0,0,1,0,0,1,1,0,1,1,1,0,1,0
7.385961,0,0,0,0,1,0,0,0,0,0,0,0,0,0,0,0,0,0
7.393780,0,0,1,0,0,0,0,0,1,0,0,0,1,0,0,0,0,0
7.400260,0,0,0,0,0,1,0,0,0,1,0,1,0,1,0,1,0,0
7.400473,0,0,0,0,0,0,0,1,0,0,0,0,0,0,0,0,0,1
7.420033,1,0,0,1,0,0,1,0,0,1,1,0,1,1,1,0,1,0
7.440190,0,0,0,0,1,0,0,0,0,0,0,0,0,0,0,0,0,0
7.443458,0,0,1,0,0,0,0,0,1,0,0,0,1,0,0,0,0,0
7.450277,0,0,0,0,0,1,0,0,0,1,0,1,0,1,0,1,0,0
7.452589,0,0,0,0,0,0,0,1,0,0,0,0,0,0,0,0,0,1
7.463795,1,0,0,1,0,0,1,0,0,1,1,0,1,1,1,0,1,0
7.489359,0,0,0,0,1,0,0,0,0,0,0,0,0,0,0,0,0,0
7.489695,0,0,1,0,0,0,0,0,1,0,0,0,1,0,0,0,0,0
7.498455,0,0,0,0,0,0,0,1,0,0,0,0,0,0,0,0,0,1
7.500231,0,0,0,0,0,1,0,0,0,1,0,1,0,1,0,1,0,0
7.518453,1,0,0,0,0,0,0,0,1,0,0,0,1,0,0,0,0,0
7.534357,0,0,0,0,1,0,1,0,0,1,0,1,0,1,0,0,1,0
7.547050,0,0,0,0,0,0,0,1,0,0,0,0,0,0,0,0,0,1
7.549391,0,0,0,0,0,1,0,0,0,0,0,0,0,1,1,0,0,0
7.554950,0,1,1,0,0,0,0,0,0,1,1,0,1,0,0,1,0,0
7.572994,1,0,0,0,0,0,0,0,1,0,0,0,1,0,0,0,0,0
7.576589,0,0,0,0,0,0,1,0,0,1,0,1,0,1,0,0,1,0
7.583907,0,0,0,0,1,0,0,0,0,0,0,0,0,0,0,0,0,0
7.598303,0,0,0,0,0,0,0,1,0,0,0,0,0,0,0,0,0,1
7.600505,0,0,0,0,0,1,0,0,0,0,0,0,0,1,1,0,0,0
7.604287,0,1,1,0,0,0,0,0,0,1,1,0,1,0,0,1,0,0
7.616296,1,0,0,0,0,0,0,0,1,0,0,0,1,0,0,0,0,0
7.632672,0,0,0,0,1,0,0,0,0,0,0,0,0,0,0,0,0,0
7.650895,0,0,0,0,0,1,0,0,0,1,0,1,0,1,0,1,0,0
7.651866,0,0,0,0,0,0,1,0,0,0,0,0,0,1,1,0,0,0
7.652666,0,0,0,0,0,0,0,1,0,0,0,0,0,0,0,0,0,1
7.662054,1,0,0,1,0,0,1,0,0,1,1,0,1,1,1,0,1,0
7.685975,0,0,0,0,1,0,0,0,0,0,0,0,0,0,0,0,0,0
7.686508,0,0,1,1,0,0,0,0,0,1,1,0,1,0,0,0,1,0
7.698677,0,0,0,0,0,1,0,0,0,0,0,0,0,1,1,0,0,0
7.701201,0,0,0,0,0,0,0,1,0,0,0,0,0,0,0,0,0,1
7.711720,0,1,1,0,0,0,0,0,0,1,1,0,1,0,0,1,0,0
7.726962,1,0,0,1,0,0,1,0,0,1,1,0,1,1,1,0,1,0
7.734651,0,0,0,0,1,0,0,0,0,0,0,0,0,0,0,0,0,0
7.748497,0,0,0,0,0,0,0,1,0,0,0,0,0,0,0,0,0,1
7.749311,0,0,0,0,0,1,0,0,0,0,0,0,0,1,1,0,0,0
7.751919,0,1,1,0,0,0,0,0,0,1,1,0,1,0,0,1,0,0
7.767536,1,0,0,1,0,0,1,0,0,1,1,0,1,1,1,0,1,0
7.779681,0,0,0,0,1,0,0,0,0,0,0,0,0,0,0,0,0,0
7.790544,0,0,1,0,0,0,0,0,1,0,0,0,1,0,0,0,0,0
7.799156,0,0,0,0,0,1,0,0,0,1,0,1,0,1,0,1,0,0
7.799706,0,0,0,0,0,0,0,1,0,0,0,0,0,0,0,0,0,1
7.815496,1,0,0,1,0,0,1,0,0,1,1,0,1,1,1,0,1,0
7.837587,0,0,0,0,1,0,0,0,0,0,0,0,0,0,0,0,0,0
7.843811,0,0,1,0,0,0,0,0,1,0,0,0,1,0,0,0,0,0
7.848921,0,0,0,0,0,1,0,0,0,1,0,1,0,1,0,1,0,0
7.850135,0,0,0,0,0,0,0,1,0,0,0,0,0,0,0,0,0,1
7.862245,1,0,0,1,0,0,1,0,0,1,1,0,1,1,1,0,1,0
7.883728,0,0,0,0,1,0,0,0,0,0,0,0,0,0,0,0,0,0
7.886484,0,0,1,0,0,0,0,0,1,0,0,0,1,0,0,0,0,0
7.898629,0,0,0,0,0,0,0,1,0,0,0,0,0,0,0,0,0,1
7.899571,0,0,0,0,0,1,0,0,0,1,0,1,0,1,0,1,0,0
7.914569,1,0,0,1,0,0,1,0,0,1,1,0,1,1,1,0,1,0
7.937486,0,0,0,0,1,0,0,0,0,0,0,0,0,0,0,0,0,0
7.943397,0,0,1,0,0,0,0,0,1,0,0,0,1,0,0,0,0,0
7.949189,0,0,0,0,0,1,0,0,0,1,0,1,0,1,0,1,0,0
7.952630,0,0,0,0,0,0,0,1,0,0,0,0,0,0,0,0,0,1
7.960587,1,0,0,1,0,0,1,0,0,1,1,0,1,1,1,0,1,0
7.986706,0,0,0,0,1,0,0,0,0,0,0,0,0,0,0,0,0,0
7.987659,0,0,1,0,0,0,0,0,1,0,0,0,1,0,0,0,0,0
7.999433,0,0,0,0,0,0,0,1,0,0,0,0,0,0,0,0,0,1
8.000686,0,0,0,0,0,1,0,0,0,1,0,1,0,1,0,1,0,0
8.013941,1,0,0,1,0,0,1,0,0,1,1,0,1,1,1,0,1,0
8.031285,0,0,0,0,1,0,0,0,0,0,0,0,0,0,0,0,0,0
8.035264,0,0,1,0,0,0,0,0,1,0,0,0,1,0,0,0,0,0
8.049274,0,0,0,0,0,1,0,0,0,1,0,1,0,1,0,1,0,0
8.052768,0,0,0,0,0,0,0,1,0,0,0,0,0,0,0,0,0,1
8.065616,1,0,0,1,0,0,1,0,0,1,1,0,1,1,1,0,1,0
8.088199,0,0,0,0,1,0,0,0,0,0,0,0,0,0,0,0,0,0
8.095079,0,0,1,0,0,0,0,0,1,0,0,0,1,0,0,0,0,0
8.101035,0,0,0,0,0,1,0,0,0,1,0,1,0,1,0,1,0,0
8.103500,0,0,0,0,0,0,0,1,0,0,0,0,0,0,0,0,0,1
8.115136,1,0,0,1,0,0,1,0,0,1,1,0,1,1,1,0,1,0
8.139338,0,0,1,0,0,0,0,0,1,0,0,0,1,0,0,0,0,0
8.140350,0,0,0,0,1,0,0,0,0,0,0,0,0,0,0,0,0,0
8.147840,0,0,0,0,0,0,0,1,0,0,0,0,0,0,0,0,0,1
8.148167,0,0,0,0,0,1,0,0,0,1,0,1,0,1,0,1,0,0
8.161234,1,0,0,0,0,0,0,0,1,0,0,0,1,0,0,0,0,0
8.182919,0,0,0,0,1,0,1,0,0,1,0,1,0,1,0,0,1,0
8.199120,0,0,0,0,0,1,0,0,0,0,0,0,0,1,1,0,0,0
8.199219,0,0,0,0,0,0,0,1,0,0,0,0,0,0,0,0,0,1
8.204316,0,1,1,0,0,0,0,0,0,1,1,0,1,0,0,1,0,0
8.223202,1,0,0,0,0,0,0,0,1,0,0,0,1,0,0,0,0,0
8.235727,0,0,0,0,1,0,1,0,0,1,0,1,0,1,0,0,1,0
8.248710,0,0,0,0,0,1,0,0,0,0,0,0,0,1,1,0,0,0
8.250940,0,0,0,0,0,0,0,1,0,0,0,0,0,0,0,0,0,1
8.261188,0,1,1,0,0,0,0,0,0,1,1,0,1,0,0,1,0,0
8.275944,1,0,0,0,0,0,0,0,1,0,0,0,1,0,0,0,0,0
8.284883,0,0,0,0,1,0,1,0,0,1,0,1,0,1,0,0,1,0
8.296959,0,0,0,0,0,0,0,1,0,0,0,0,0,0,0,0,0,1
8.299727,0,0,0,0,0,1,0,0,0,0,0,0,0,1,1,0,0,0
8.312792,0,1,1,0,0,0,0,0,0,1,1,0,1,0,0,1,0,0
8.330681,1,0,0,1,0,0,1,0,0,1,1,0,1,1,1,0,1,0
8.331828,0,0,0,0,1,0,0,0,0,0,0,0,0,0,0,0,0,0
8.350194,0,0,0,0,0,0,0,1,0,0,0,0,0,0,0,0,0,1
8.351158,0,0,0,0,0,1,0,0,0,0,0,0,0,1,1,0,0,0
8.357317,0,1,1,0,0,0,0,0,0,1,1,0,1,0,0,1,0,0
8.371707,1,0,0,1,0,0,1,0,0,1,1,0,1,1,1,0,1,0
8.385214,0,0,0,0,1,0,0,0,0,0,0,0,0,0,0,0,0,0
8.396705,0,0,0,0,0,0,0,1,0,0,0,0,0,0,0,0,0,1
8.399651,0,0,1,0,0,0,0,0,1,0,0,0,1,0,0,0,0,0
8.401020,0,0,0,0,0,1,0,0,0,1,0,1,0,1,0,1,0,0
8.419845,1,0,0,0,0,0,0,0,1,0,0,0,1,0,0,0,0,0
8.433485,0,0,0,0,1,0,1,0,0,1,0,1,0,1,0,0,1,0
8.448803,0,0,0,0,0,0,0,1,0,0,0,0,0,0,0,0,0,1
8.449738,0,0,0,0,0,1,0,0,0,0,0,0,0,1,1,0,0,0
8.461425,0,1,1,0,0,0,0,0,0,1,1,0,1,0,0,1,0,0
8.475307,1,0,0,0,0,0,0,0,1,0,0,0,1,0,0,0,0,0
8.479911,0,0,0,0,1,0,1,0,0,1,0,1,0,1,0,0,1,0
8.498786,0,0,0,0,0,0,0,1,0,0,0,0,0,0,0,0,0,1
8.499960,0,0,0,0,0,1,0,0,0,0,0,0,0,1,1,0,0,0
8.508330,0,1,1,0,0,0,0,0,0,1,1,0,1,0,0,1,0,0
8.521700,1,0,0,0,0,0,0,0,1,0,0,0,1,0,0,0,0,0
8.532811,0,0,0,0,1,0,1,0,0,1,0,1,0,1,0,0,1,0
8.549222,0,0,0,0,0,1,0,0,0,0,0,0,0,1,1,0,0,0
8.551339,0,0,0,0,0,0,0,1,0,0,0,0,0,0,0,0,0,1
8.560475,0,1,1,0,0,0,0,0,0,1,1,0,1,0,0,1,0,0
8.577494,1,0,0,0,0,0,0,0,1,0,0,0,1,0,0,0,0,0
8.586024,0,0,0,0,0,0,1,0,0,1,0,1,0,1,0,0,1,0
8.587941,0,0,0,0,1,0,0,0,0,0,0,0,0,0,0,0,0,0
8.598616,0,0,0,0,0,1,0,0,0,0,0,0,0,1,1,0,0,0
8.599414,0,0,0,0,0,0,0,1,0,0,0,0,0,0,0,0,0,1
8.609739,0,1,1,0,0,0,0,0,0,1,1,0,1,0,0,1,0,0
8.626315,1,0,0,1,0,0,1,0,0,1,1,0,1,1,1,0,1,0
8.637775,0,0,0,0,1,0,0,0,0,0,0,0,0,0,0,0,0,0
8.647399,0,0,1,0,0,0,0,0,1,0,0,0,1,0,0,0,0,0
8.649608,0,0,0,0,0,1,0,0,0,1,0,1,0,1,0,1,0,0
8.652193,0,0,0,0,0,0,0,1,0,0,0,0,0,0,0,0,0,1
8.664129,1,0,0,0,0,0,0,0,1,0,0,0,1,0,0,0,0,0
8.682794,0,0,0,0,1,0,1,0,0,1,0,1,0,1,0,0,1,0
8.699584,0,0,0,0,0,1,0,0,0,0,0,0,0,1,1,0,0,0
8.702429,0,0,0,0,0,0,0,1,0,0,0,0,0,0,0,0,0,1
8.709582,0,1,1,0,0,0,0,0,0,1,1,0,1,0,0,1,0,0
8.723937,1,0,0,0,0,0,0,0,1,0,0,0,1,0,0,0,0,0
8.740820,0,0,0,0,1,0,1,0,0,1,0,1,0,1,0,0,1,0
8.749372,0,0,0,0,0,0,0,1,0,0,0,0,0,0,0,0,0,1
8.749706,0,0,0,0,0,1,0,0,0,0,0,0,0,1,1,0,0,0
8.768367,0,1,1,0,0,0,0,0,0,1,1,0,1,0,0,1,0,0
8.783588,1,0,0,1,0,0,1,0,0,1,1,0,1,1,1,0,1,0
8.787643,0,0,0,0,1,0,0,0,0,0,0,0,0,0,0,0,0,0
8.800327,0,0,0,0,0,0,0,1,0,0,0,0,0,0,0,0,0,1
8.800748,0,0,0,0,0,1,0,0,0,0,0,0,0,1,1,0,0,0
8.807531,0,1,1,0,0,0,0,0,0,1,1,0,1,0,0,1,0,0
8.823748,1,0,0,1,0,0,1,0,0,1,1,0,1,1,1,0,1,0
8.836773,0,0,0,0,1,0,0,0,0,0,0,0,0,0,0,0,0,0
8.848604,0,0,0,0,0,0,0,1,0,0,0,0,0,0,0,0,0,1
8.849190,0,0,1,0,0,0,0,0,1,0,0,0,1,0,0,0,0,0
8.849659,0,0,0,0,0,1,0,0,0,1,0,1,0,1,0,1,0,0
8.868083,1,0,0,1,0,0,1,0,0,1,1,0,1,1,1,0,1,0
8.886531,0,0,0,0,1,0,0,0,0,0,0,0,0,0,0,0,0,0
8.890954,0,0,1,0,0,0,0,0,1,0,0,0,1,0,0,0,0,0
8.899110,0,0,0,0,0,0,0,1,0,0,0,0,0,0,0,0,0,1
8.900177,0,0,0,0,0,1,0,0,0,1,0,1,0,1,0,1,0,0
8.916723,1,0,0,0,0,0,0,0,1,0,0,0,1,0,0,0,0,0
8.929913,0,0,0,0,0,0,1,0,0,1,0,1,0,1,0,0,1,0
8.935092,0,0,0,0,1,0,0,0,0,0,0,0,0,0,0,0,0,0
8.949482,0,0,0,0,0,0,0,1,0,0,0,0,0,0,0,0,0,1
8.951288,0,0,0,0,0,1,0,0,0,0,0,0,0,1,1,0,0,0
8.955304,0,1,1,0,0,0,0,0,0,1,1,0,1,0,0,1,0,0
8.971365,1,0,0,1,0,0,1,0,0,1,1,0,1,1,1,0,1,0
8.982182,0,0,0,0,1,0,0,0,0,0,0,0,0,0,0,0,0,0
8.993696,0,0,1,0,0,0,0,0,1,0,0,0,1,0,0,0,0,0
9.000352,0,0,0,0,0,1,0,0,0,1,0,1,0,1,0,1,0,0
9.000711,0,0,0,0,0,0,0,1,0,0,0,0,0,0,0,0,0,1
9.014091,1,0,0,1,0,0,1,0,0,1,1,0,1,1,1,0,1,0
9.037347,0,0,0,0,1,0,0,0,0,0,0,0,0,0,0,0,0,0
9.042227,0,0,1,0,0,0,0,0,1,0,0,0,1,0,0,0,0,0
9.049448,0,0,0,0,0,0,0,1,0,0,0,0,0,0,0,0,0,1
9.050584,0,0,0,0,0,1,0,0,0,1,0,1,0,1,0,1,0,0
9.070323,1,0,0,1,0,0,1,0,0,1,1,0,1,1,1,0,1,0
9.086071,0,0,0,0,1,0,0,0,0,0,0,0,0,0,0,0,0,0
9.099140,0,0,1,0,0,0,0,0,1,0,0,0,1,0,0,0,0,0
9.099753,0,0,0,0,0,1,0,0,0,1,0,1,0,1,0,1,0,0
9.103795,0,0,0,0,0,0,0,1,0,0,0,0,0,0,0,0,0,1
9.111277,1,0,0,1,0,0,1,0,0,1,1,0,1,1,1,0,1,0
9.137663,0,0,1,0,0,0,0,0,1,0,0,0,1,0,0,0,0,0
9.138153,0,0,0,0,1,0,0,0,0,0,0,0,0,0,0,0,0,0
9.150466,0,0,0,0,0,1,0,0,0,1,0,1,0,1,0,1,0,0
9.151232,0,0,0,0,0,0,0,1,0,0,0,0,0,0,0,0,0,1
9.162505,1,0,0,1,0,0,1,0,0,1,1,0,1,1,1,0,1,0
9.183041,0,0,1,0,0,0,0,0,1,0,0,0,1,0,0,0,0,0
9.183227,0,0,0,0,1,0,0,0,0,0,0,0,0,0,0,0,0,0
9.200504,0,0,0,0,0,1,0,0,0,1,0,1,0,1,0,1,0,0
9.202531,0,0,0,0,0,0,0,1,0,0,0,0,0,0,0,0,0,1
9.212470,1,0,0,1,0,0,1,0,0,1,1,0,1,1,1,0,1,0
9.233389,0,0,0,0,1,0,0,0,0,0,0,0,0,0,0,0,0,0
9.241454,0,0,1,0,0,0,0,0,1,0,0,0,1,0,0,0,0,0
9.247382,0,0,0,0,0,0,0,1,0,0,0,0,0,0,0,0,0,1
9.250635,0,0,0,0,0,1,0,0,0,1,0,1,0,1,0,1,0,0
9.266596,1,0,0,1,0,0,1,0,0,1,1,0,1,1,1,0,1,0
9.286514,0,0,0,0,1,0,0,0,0,0,0,0,0,0,0,0,0,0
9.290917,0,0,1,0,0,0,0,0,1,0,0,0,1,0,0,0,0,0
9.299246,0,0,0,0,0,0,0,1,0,0,0,0,0,0,0,0,0,1
9.300747,0,0,0,0,0,1,0,0,0,1,0,1,0,1,0,1,0,0
9.316472,1,0,0,0,0,0,0,0,1,0,0,0,1,0,0,0,0,0
9.329324,0,0,0,0,0,0,1,0,0,1,0,1,0,1,0,0,1,0
9.333990,0,0,0,0,1,0,0,0,0,0,0,0,0,0,0,0,0,0
9.346834,0,0,0,0,0,0,0,1,0,0,0,0,0,0,0,0,0,1
9.349859,0,0,0,0,0,1,0,0,0,0,0,0,0,1,1,0,0,0
9.359279,0,1,1,0,0,0,0,0,0,1,1,0,1,0,0,1,0,0
9.377364,1,0,0,1,0,0,1,0,0,1,1,0,1,1,1,0,1,0
9.378002,0,0,0,0,1,0,0,0,0,0,0,0,0,0,0,0,0,0
9.399889,0,0,0,0,0,1,0,0,0,0,0,0,0,1,1,0,0,0
9.402305,0,0,0,0,0,0,0,1,0,0,0,0,0,0,0,0,0,1
9.402410,0,1,1,0,0,0,0,0,0,1,1,0,1,0,0,1,0,0
9.413890,1,0,0,1,0,0,1,0,0,1,1,0,1,1,1,0,1,0
9.441086,0,0,1,0,0,0,0,0,1,0,0,0,1,0,0,0,0,0
9.441866,0,0,0,0,1,0,0,0,0,0,0,0,0,0,0,0,0,0
9.449050,0,0,0,0,0,1,0,0,0,1,0,1,0,1,0,1,0,0
9.451450,0,0,0,0,0,0,0,1,0,0,0,0,0,0,0,0,0,1
9.463907,1,0,0,1,0,0,1,0,0,1,1,0,1,1,1,0,1,0
9.487576,0,0,0,0,1,0,0,0,0,0,0,0,0,0,0,0,0,0
9.490474,0,0,1,0,0,0,0,0,1,0,0,0,1,0,0,0,0,0
9.499158,0,0,0,0,0,1,0,0,0,1,0,1,0,1,0,1,0,0
9.501189,0,0,0,0,0,0,0,1,0,0,0,0,0,0,0,0,0,1
9.511200,1,0,0,0,0,0,0,0,1,0,0,0,1,0,0,0,0,0
9.537669,0,0,0,0,1,0,1,0,0,1,0,1,0,1,0,0,1,0
9.550763,0,0,0,0,0,0,0,1,0,0,0,0,0,0,0,0,0,1
9.551539,0,0,0,0,0,1,0,0,0,0,0,0,0,1,1,0,0,0
9.560096,0,1,1,0,0,0,0,0,0,1,1,0,1,0,0,1,0,0
9.573619,1,0,0,0,0,0,0,0,1,0,0,0,1,0,0,0,0,0
9.589764,0,0,0,0,1,0,1,0,0,1,0,1,0,1,0,0,1,0
9.596338,0,0,0,0,0,0,0,1,0,0,0,0,0,0,0,0,0,1
9.599230,0,0,0,0,0,1,0,0,0,0,0,0,0,1,1,0,0,0
9.613215,0,1,1,0,0,0,0,0,0,1,1,0,1,0,0,1,0,0
9.628192,1,0,0,1,0,0,1,0,0,1,1,0,1,1,1,0,1,0
9.635996,0,0,0,0,1,0,0,0,0,0,0,0,0,0,0,0,0,0
9.648340,0,0,0,0,0,0,0,1,0,0,0,0,0,0,0,0,0,1
9.648885,0,0,0,0,0,1,0,0,0,0,0,0,0,1,1,0,0,0
9.649081,0,1,1,0,0,0,0,0,0,1,1,0,1,0,0,1,0,0
9.668820,1,0,0,0,0,0,0,0,1,0,0,0,1,0,0,0,0,0
9.683981,0,0,0,0,1,0,1,0,0,1,0,1,0,1,0,0,1,0
9.699563,0,0,0,0,0,1,0,0,0,0,0,0,0,1,1,0,0,0
9.702484,0,0,0,0,0,0,0,1,0,0,0,0,0,0,0,0,0,1
9.712801,0,1,1,0,0,0,0,0,0,1,1,0,1,0,0,1,0,0
9.729038,1,0,0,0,0,0,0,0,1,0,0,0,1,0,0,0,0,0
9.731015,0,0,0,0,0,0,1,0,0,1,0,1,0,1,0,0,1,0
9.737942,0,0,0,0,1,0,0,0,0,0,0,0,0,0,0,0,0,0
9.750571,0,0,0,0,0,1,0,0,0,0,0,0,0,1,1,0,0,0
9.750866,0,0,0,0,0,0,0,1,0,0,0,0,0,0,0,0,0,1
9.759191,0,1,1,0,0,0,0,0,0,1,1,0,1,0,0,1,0,0
9.773745,1,0,0,1,0,0,1,0,0,1,1,0,1,1,1,0,1,0
9.786245,0,0,0,0,1,0,0,0,0,0,0,0,0,0,0,0,0,0
9.795787,0,0,1,0,0,0,0,0,1,0,0,0,1,0,0,0,0,0
9.799906,0,0,0,0,0,1,0,0,0,1,0,1,0,1,0,1,0,0
9.799983,0,0,0,0,0,0,0,1,0,0,0,0,0,0,0,0,0,1
9.818252,1,0,0,0,0,0,0,0,1,0,0,0,1,0,0,0,0,0
9.832783,0,0,0,0,1,0,0,0,0,0,0,0,0,0,0,0,0,0
9.841423,0,0,0,0,0,0,1,0,0,1,0,1,0,1,0,0,1,0
9.849688,0,0,0,0,0,1,0,0,0,0,0,0,0,1,1,0,0,0
9.849709,0,0,0,0,0,0,0,1,0,0,0,0,0,0,0,0,0,1
9.866536,0,1,1,0,0,0,0,0,0,1,1,0,1,0,0,1,0,0
9.882780,1,0,0,1,0,0,1,0,0,1,1,0,1,1,1,0,1,0
9.887665,0,0,0,0,1,0,0,0,0,0,0,0,0,0,0,0,0,0
9.897201,0,0,0,0,0,0,0,1,0,0,0,0,0,0,0,0,0,1
9.901366,0,0,0,0,0,1,0,0,0,0,0,0,0,1,1,0,0,0
9.912469,0,1,1,0,0,0,0,0,0,1,1,0,1,0,0,1,0,0
9.927958,1,0,0,1,0,0,1,0,0,1,1,0,1,1,1,0,1,0
9.928725,0,0,0,0,1,0,0,0,0,0,0,0,0,0,0,0,0,0
9.947402,0,0,0,0,0,0,0,1,0,0,0,0,0,0,0,0,0,1
9.950652,0,0,0,0,0,1,0,0,0,0,0,0,0,1,1,0,0,0
9.951988,0,1,1,0,0,0,0,0,0,1,1,0,1,0,0,1,0,0
9.967562,1,0,0,1,0,0,1,0,0,1,1,0,1,1,1,0,1,0
9.982334,0,0,0,0,1,0,0,0,0,0,0,0,0,0,0,0,0,0
9.995829,0,0,1,0,0,0,0,0,1,0,0,0,1,0,0,0,0,0
10.000357,0,0,0,0,0,1,0,0,0,1,0,1,0,1,0,1,0,0
10.002433,0,0,0,0,0,0,0,1,0,0,0,0,0,0,0,0,0,1
10.019396,1,0,0,0,0,0,0,0,1,0,0,0,1,0,0,0,0,0
10.038113,0,0,0,0,1,0,1,0,0,1,0,1,0,1,0,0,1,0
10.050607,0,0,0,0,0,1,0,0,0,0,0,0,0,1,1,0,0,0
10.053539,0,0,0,0,0,0,0,1,0,0,0,0,0,0,0,0,0,1
10.060659,0,1,1,0,0,0,0,0,0,1,1,0,1,0,0,1,0,0
10.079113,1,0,0,1,0,0,1,0,0,1,1,0,1,1,1,0,1,0
10.086377,0,0,0,0,1,0,0,0,0,0,0,0,0,0,0,0,0,0
10.099553,0,0,0,0,0,1,0,0,0,0,0,0,0,1,1,0,0,0
10.099717,0,0,0,0,0,0,0,1,0,0,0,0,0,0,0,0,0,1
10.104874,0,1,1,0,0,0,0,0,0,1,1,0,1,0,0,1,0,0
10.117239,1,0,0,1,0,0,1,0,0,1,1,0,1,1,1,0,1,0
10.139587,0,0,0,0,1,0,0,0,0,0,0,0,0,0,0,0,0,0
10.145511,0,0,1,0,0,0,0,0,1,0,0,0,1,0,0,0,0,0
10.148561,0,0,0,0,0,1,0,0,0,1,0,1,0,1,0,1,0,0
10.151370,0,0,0,0,0,0,0,1,0,0,0,0,0,0,0,0,0,1
10.164439,1,0,0,0,0,0,0,0,1,0,0,0,1,0,0,0,0,0
10.186738,0,0,0,0,1,0,1,0,0,1,0,1,0,1,0,0,1,0
10.199006,0,0,0,0,0,1,0,0,0,0,0,0,0,1,1,0,0,0
10.200294,0,0,0,0,0,0,0,1,0,0,0,0,0,0,0,0,0,1
10.211050,0,1,1,0,0,0,0,0,0,1,1,0,1,0,0,1,0,0
10.226009,1,0,0,0,0,0,0,0,1,0,0,0,1,0,0,0,0,0
10.230437,0,0,0,0,1,0,1,0,0,1,0,1,0,1,0,0,1,0
10.248405,0,0,0,0,0,0,0,1,0,0,0,0,0,0,0,0,0,1
10.250081,0,0,0,0,0,1,0,0,0,0,0,0,0,1,1,0,0,0
10.252932,0,1,1,0,0,0,0,0,0,1,1,0,1,0,0,1,0,0
10.265078,1,0,0,1,0,0,1,0,0,1,1,0,1,1,1,0,1,0
10.280401,0,0,0,0,1,0,0,0,0,0,0,0,0,0,0,0,0,0
10.285325,0,0,1,0,0,0,0,0,1,0,0,0,1,0,0,0,0,0
10.299479,0,0,0,0,0,1,0,0,0,1,0,1,0,1,0,1,0,0
10.299786,0,0,0,0,0,0,0,1,0,0,0,0,0,0,0,0,0,1
10.312826,1,0,0,0,0,0,0,0,1,0,0,0,1,0,0,0,0,0
10.324659,0,0,0,0,0,0,1,0,0,1,0,1,0,1,0,0,1,0
10.335310,0,0,0,0,1,0,0,0,0,0,0,0,0,0,0,0,0,0
10.349644,0,0,0,0,0,1,0,0,0,0,0,0,0,1,1,0,0,0
10.352510,0,1,1,0,0,0,0,0,0,1,1,0,1,0,0,1,0,0
10.353441,0,0,0,0,0,0,0,1,0,0,0,0,0,0,0,0,0,1
10.365328,1,0,0,1,0,0,1,0,0,1,1,0,1,1,1,0,1,0
10.385464,0,0,1,0,0,0,0,0,1,0,0,0,1,0,0,0,0,0
10.386113,0,0,0,0,1,0,0,0,0,0,0,0,0,0,0,0,0,0
10.400952,0,0,0,0,0,1,0,0,0,1,0,1,0,1,0,1,0,0
10.401516,0,0,0,0,0,0,0,1,0,0,0,0,0,0,0,0,0,1
10.413912,1,0,0,0,0,0,0,0,1,0,0,0,1,0,0,0,0,0
10.438515,0,0,0,0,1,0,1,0,0,1,0,1,0,1,0,0,1,0
10.447089,0,0,0,0,0,0,0,1,0,0,0,0,0,0,0,0,0,1
10.449834,0,0,0,0,0,1,0,0,0,0,0,0,0,1,1,0,0,0
10.465570,0,1,1,0,0,0,0,0,0,1,1,0,1,0,0,1,0,0
10.475704,1,0,0,0,0,0,0,0,1,0,0,0,1,0,0,0,0,0
10.478361,0,0,0,0,1,0,0,0,0,0,0,0,0,0,0,0,0,0
10.501582,0,0,0,0,0,1,0,0,0,1,0,1,0,1,0,1,0,0
10.501696,0,0,0,0,0,0,1,0,0,0,0,0,0,1,1,0,0,0
10.501811,0,0,0,0,0,0,0,1,0,0,0,0,0,0,0,0,0,1
10.516858,1,0,0,1,0,0,1,0,0,1,1,0,1,1,1,0,1,0
10.534465,0,0,0,0,1,0,0,0,0,0,0,0,0,0,0,0,0,0
10.540790,0,0,1,1,0,0,0,0,0,1,1,0,1,0,0,0,1,0
10.547560,0,0,0,0,0,0,0,1,0,0,0,0,0,0,0,0,0,1
10.550181,0,0,0,0,0,1,0,0,0,0,0,0,0,1,1,0,0,0
10.567068,0,1,1,0,0,0,0,0,0,1,1,0,1,0,0,1,0,0
10.583542,0,0,0,0,1,0,0,0,0,0,0,0,0,0,0,0,0,0
10.584166,1,0,0,1,0,0,1,0,0,1,1,0,1,1,1,0,1,0
10.599332,0,0,0,0,0,1,0,0,0,0,0,0,0,1,1,0,0,0
10.601659,0,0,0,0,0,0,0,1,0,0,0,0,0,0,0,0,0,1
10.611882,0,1,1,0,0,0,0,0,0,1,1,0,1,0,0,1,0,0
10.622018,1,0,0,1,0,0,1,0,0,1,1,0,1,1,1,0,1,0
10.636948,0,0,0,0,1,0,0,0,0,0,0,0,0,0,0,0,0,0
10.643019,0,0,1,0,0,0,0,0,1,0,0,0,1,0,0,0,0,0
10.649068,0,0,0,0,0,0,0,1,0,0,0,0,0,0,0,0,0,1
10.649572,0,0,0,0,0,1,0,0,0,1,0,1,0,1,0,1,0,0
10.666046,1,0,0,1,0,0,1,0,0,1,1,0,1,1,1,0,1,0
10.686229,0,0,1,0,0,0,0,0,1,0,0,0,1,0,0,0,0,0
10.687679,0,0,0,0,1,0,0,0,0,0,0,0,0,0,0,0,0,0
10.700883,0,0,0,0,0,1,0,0,0,1,0,1,0,1,0,1,0,0
10.701345,0,0,0,0,0,0,0,1,0,0,0,0,0,0,0,0,0,1
10.717862,1,0,0,1,0,0,1,0,0,1,1,0,1,1,1,0,1,0
10.734427,0,0,0,0,1,0,0,0,0,0,0,0,0,0,0,0,0,0
10.744418,0,0,1,0,0,0,0,0,1,0,0,0,1,0,0,0,0,0
10.748551,0,0,0,0,0,1,0,0,0,1,0,1,0,1,0,1,0,0
10.750928,0,0,0,0,0,0,0,1,0,0,0,0,0,0,0,0,0,1
10.766611,1,0,0,1,0,0,1,0,0,1,1,0,1,1,1,0,1,0
10.787979,0,0,0,0,1,0,0,0,0,0,0,0,0,0,0,0,0,0
10.794976,0,0,1,0,0,0,0,0,1,0,0,0,1,0,0,0,0,0
10.799896,0,0,0,0,0,1,0,0,0,1,0,1,0,1,0,1,0,0
10.802649,0,0,0,0,0,0,0,1,0,0,0,0,0,0,0,0,0,1
10.819808,1,0,0,1,0,0,1,0,0,1,1,0,1,1,1,0,1,0
10.838480,0,0,0,0,1,0,0,0,0,0,0,0,0,0,0,0,0,0
10.843333,0,0,1,0,0,0,0,0,1,0,0,0,1,0,0,0,0,0
10.848042,0,0,0,0,0,0,0,1,0,0,0,0,0,0,0,0,0,1
10.851486,0,0,0,0,0,1,0,0,0,1,0,1,0,1,0,1,0,0
10.867803,1,0,0,1,0,0,1,0,0,1,1,0,1,1,1,0,1,0
10.886937,0,0,0,0,1,0,0,0,0,0,0,0,0,0,0,0,0,0
10.897188,0,0,1,0,0,0,0,0,1,0,0,0,1,0,0,0,0,0
10.900548,0,0,0,0,0,1,0,0,0,1,0,1,0,1,0,1,0,0
10.902027,0,0,0,0,0,0,0,1,0,0,0,0,0,0,0,0,0,1
10.911605,1,0,0,1,0,0,1,0,0,1,1,0,1,1,1,0,1,0
10.935962,0,0,0,0,1,0,0,0,0,0,0,0,0,0,0,0,0,0
10.936464,0,0,1,0,0,0,0,0,1,0,0,0,1,0,0,0,0,0
10.946562,0,0,0,0,0,0,0,1,0,0,0,0,0,0,0,0,0,1
10.950769,0,0,0,0,0,1,0,0,0,1,0,1,0,1,0,1,0,0
10.961221,1,0,0,1,0,0,1,0,0,1,1,0,1,1,1,0,1,0
10.982492,0,0,1,0,0,0,0,0,1,0,0,0,1,0,0,0,0,0
10.984473,0,0,0,0,1,0,0,0,0,0,0,0,0,0,0,0,0,0
10.999979,0,0,0,0,0,1,0,0,0,1,0,1,0,1,0,1,0,0
11.001613,0,0,0,0,0,0,0,1,0,0,0,0,0,0,0,0,0,1
11.013550,1,0,0,0,0,0,0,0,1,0,0,0,1,0,0,0,0,0
11.038183,0,0,0,0,0,0,1,0,0,1,0,1,0,1,0,0,1,0
11.041191,0,0,0,0,1,0,0,0,0,0,0,0,0,0,0,0,0,0
11.049268,0,0,0,0,0,1,0,0,0,0,0,0,0,1,1,0,0,0
11.050841,0,0,0,0,0,0,0,1,0,0,0,0,0,0,0,0,0,1
11.063849,0,1,1,0,0,0,0,0,0,1,1,0,1,0,0,1,0,0
11.083060,1,0,0,0,0,0,0,0,1,0,0,0,1,0,0,0,0,0
11.087352,0,0,0,0,1,0,0,0,0,0,0,0,0,0,0,0,0,0
11.101143,0,0,0,0,0,0,1,1,0,1,0,1,0,1,0,0,1,1
11.101567,0,0,0,0,0,1,0,0,0,0,0,0,0,1,1,0,0,0
11.126450,0,1,1,0,0,0,0,0,0,1,1,0,1,0,0,1,0,0
11.136606,0,0,0,0,1,0,0,0,0,0,0,0,0,0,0,0,0,0
11.141924,1,0,0,1,0,0,1,0,0,1,1,0,1,1,1,0,1,0
11.151597,0,0,0,0,0,1,0,0,0,0,0,0,0,1,1,0,0,0
11.153399,0,0,0,0,0,0,0,1,0,0,0,0,0,0,0,0,0,1
11.167996,0,1,1,0,0,0,0,0,0,1,1,0,1,0,0,1,0,0
11.178189,1,0,0,0,0,0,0,0,1,0,0,0,1,0,0,0,0,0
11.181577,0,0,0,0,0,0,1,0,0,1,0,1,0,1,0,0,1,0
11.189368,0,0,0,0,1,0,0,0,0,0,0,0,0,0,0,0,0,0
11.200633,0,0,0,0,0,1,0,0,0,0,0,0,0,1,1,0,0,0
11.202860,0,0,0,0,0,0,0,1,0,0,0,0,0,0,0,0,0,1
11.205568,0,1,1,0,0,0,0,0,0,1,1,0,1,0,0,1,0,0
11.218398,1,0,0,1,0,0,1,0,0,1,1,0,1,1,1,0,1,0
11.234539,0,0,0,0,1,0,0,0,0,0,0,0,0,0,0,0,0,0
11.240708,0,0,1,0,0,0,0,0,1,0,0,0,1,0,0,0,0,0
11.249990,0,0,0,0,0,0,0,1,0,0,0,0,0,0,0,0,0,1
11.251027,0,0,0,0,0,1,0,0,0,1,0,1,0,1,0,1,0,0
11.267601,1,0,0,0,0,0,0,0,1,0,0,0,1,0,0,0,0,0
11.289730,0,0,0,0,1,0,1,0,0,1,0,1,0,1,0,0,1,0
11.300089,0,0,0,0,0,1,0,0,0,0,0,0,0,1,1,0,0,0
11.301734,0,0,0,0,0,0,0,1,0,0,0,0,0,0,0,0,0,1
11.317579,0,1,1,0,0,0,0,0,0,1,1,0,1,0,0,1,0,0
11.330659,1,0,0,0,0,0,0,0,1,0,0,0,1,0,0,0,0,0
11.332424,0,0,0,0,0,0,1,0,0,1,0,1,0,1,0,0,1,0
11.335063,0,0,0,0,1,0,0,0,0,0,0,0,0,0,0,0,0,0
11.350369,0,0,0,0,0,1,0,0,0,0,0,0,0,1,1,0,0,0
11.353329,0,0,0,0,0,0,0,1,0,0,0,0,0,0,0,0,0,1
11.362373,0,1,1,0,0,0,0,0,0,1,1,0,1,0,0,1,0,0
11.374916,1,0,0,0,0,0,0,0,1,0,0,0,1,0,0,0,0,0
11.386969,0,0,0,0,1,0,1,0,0,1,0,1,0,1,0,0,1,0
11.400629,0,0,0,0,0,1,0,0,0,0,0,0,0,1,1,0,0,0
11.401175,0,0,0,0,0,0,0,1,0,0,0,0,0,0,0,0,0,1
11.411423,0,1,1,0,0,0,0,0,0,1,1,0,1,0,0,1,0,0
11.427249,1,0,0,1,0,0,1,0,0,1,1,0,1,1,1,0,1,0
11.434594,0,0,0,0,1,0,0,0,0,0,0,0,0,0,0,0,0,0
11.449912,0,0,0,0,0,1,0,0,0,0,0,0,0,1,1,0,0,0
11.449924,0,1,1,0,0,0,0,0,0,1,1,0,1,0,0,1,0,0
11.452671,0,0,0,0,0,0,0,1,0,0,0,0,0,0,0,0,0,1
11.460987,1,0,0,1,0,0,1,0,0,1,1,0,1,1,1,0,1,0
11.482185,0,0,1,0,0,0,0,0,1,0,0,0,1,0,0,0,0,0
11.487637,0,0,0,0,1,0,0,0,0,0,0,0,0,0,0,0,0,0
11.497732,0,0,0,0,0,0,0,1,0,0,0,0,0,0,0,0,0,1
11.499462,0,0,0,0,0,1,0,0,0,1,0,1,0,1,0,1,0,0
11.510154,1,0,0,0,0,0,0,0,1,0,0,0,1,0,0,0,0,0
11.535082,0,0,0,0,1,0,0,0,0,0,0,0,0,0,0,0,0,0
11.548394,0,0,0,0,0,0,0,1,0,0,0,0,0,0,0,0,0,1
11.548597,0,0,0,0,0,1,0,0,0,1,0,1,0,1,0,1,0,0
11.565262,1,0,0,0,0,0,0,0,1,0,0,0,1,0,0,0,0,0
11.583232,0,0,0,0,1,0,1,0,0,1,0,1,0,1,0,0,1,0
11.596171,0,0,0,0,0,0,1,1,0,0,0,0,0,1,1,0,0,1
11.600600,0,0,0,0,0,1,0,0,0,0,0,0,0,1,1,0,0,0
11.604749,0,1,1,1,0,0,0,0,0,1,1,0,1,0,0,1,0,0
11.619798,1,0,0,1,0,0,1,0,0,1,1,0,1,1,1,0,1,0
11.635044,0,0,0,0,1,0,0,0,0,0,0,0,0,0,0,0,0,0
11.648358,0,0,1,1,0,0,0,0,0,1,1,0,1,0,0,0,1,0
11.649618,0,0,0,0,0,0,0,1,0,0,0,0,0,0,0,0,0,1
11.650758,0,0,0,0,0,1,0,0,0,0,0,0,0,1,1,0,0,0
11.673547,0,1,1,0,0,0,0,0,0,1,1,0,1,0,0,1,0,0
11.688775,0,0,0,0,1,0,0,0,0,0,0,0,0,0,0,0,0,0
11.691010,1,0,0,1,0,0,1,0,0,1,1,0,1,1,1,0,1,0
11.698298,0,0,0,0,0,1,0,0,0,0,0,0,0,1,1,0,0,0
11.699695,0,0,0,0,0,0,0,1,0,0,0,0,0,0,0,0,0,1
11.713735,0,1,1,0,0,0,0,0,0,1,1,0,1,0,0,1,0,0
11.728768,1,0,0,1,0,0,1,0,0,1,1,0,1,1,1,0,1,0
11.735854,0,0,0,0,1,0,0,0,0,0,0,0,0,0,0,0,0,0
11.748756,0,0,0,0,0,0,0,1,0,0,0,0,0,0,0,0,0,1
11.750035,0,0,1,0,0,0,0,0,1,0,0,0,1,0,0,0,0,0
11.751216,0,0,0,0,0,1,0,0,0,1,0,1,0,1,0,1,0,0
11.763819,1,0,0,0,0,0,0,0,1,0,0,0,1,0,0,0,0,0
11.783439,0,0,0,0,1,0,0,0,0,0,0,0,0,0,0,0,0,0
11.799295,0,0,0,0,0,1,0,0,0,1,0,1,0,1,0,1,0,0
11.799543,0,0,0,0,0,0,1,0,0,0,0,0,0,1,1,0,0,0
11.800524,0,0,0,0,0,0,0,1,0,0,0,0,0,0,0,0,0,1
11.812052,1,0,0,1,0,0,1,0,0,1,1,0,1,1,1,0,1,0
11.838225,0,0,0,0,1,0,0,0,0,0,0,0,0,0,0,0,0,0
11.838946,0,0,1,1,0,0,0,0,0,1,1,0,1,0,0,0,1,0
11.848904,0,0,0,0,0,0,0,1,0,0,0,0,0,0,0,0,0,1
11.851013,0,0,0,0,0,1,0,0,0,0,0,0,0,1,1,0,0,0
11.865225,0,1,1,0,0,0,0,0,0,1,1,0,1,0,0,1,0,0
11.877585,1,0,0,0,0,0,0,0,1,0,0,0,1,0,0,0,0,0
11.879969,0,0,0,0,1,0,0,0,0,0,0,0,0,0,0,0,0,0
11.880969,0,0,0,0,0,0,1,0,0,1,0,1,0,1,0,0,1,0
11.898685,0,0,0,0,0,0,0,1,0,0,0,0,0,0,0,0,0,1
11.898918,0,0,0,0,0,1,0,0,0,0,0,0,0,1,1,0,0,0
11.906687,0,1,1,0,0,0,0,0,0,1,1,0,1,0,0,1,0,0
11.919118,1,0,0,1,0,0,1,0,0,1,1,0,1,1,1,0,1,0
11.930511,0,0,0,0,1,0,0,0,0,0,0,0,0,0,0,0,0,0
11.942588,0,0,1,0,0,0,0,0,1,0,0,0,1,0,0,0,0,0
11.948628,0,0,0,0,0,0,0,1,0,0,0,0,0,0,0,0,0,1
11.949602,0,0,0,0,0,1,0,0,0,1,0,1,0,1,0,1,0,0
11.964834,1,0,0,1,0,0,1,0,0,1,1,0,1,1,1,0,1,0
11.988291,0,0,0,0,1,0,0,0,0,0,0,0,0,0,0,0,0,0
11.991257,0,0,1,0,0,0,0,0,1,0,0,0,1,0,0,0,0,0
11.996479,0,0,0,0,0,0,0,1,0,0,0,0,0,0,0,0,0,1
12.000781,0,0,0,0,0,1,0,0,0,1,0,1,0,1,0,1,0,0
12.017239,1,0,0,0,0,0,0,0,1,0,0,0,1,0,0,0,0,0
12.034354,0,0,0,0,1,0,0,0,0,0,0,0,0,0,0,0,0,0
12.050104,0,0,0,0,0,1,0,0,0,1,0,1,0,1,0,1,0,0
12.051618,0,0,0,0,0,0,1,1,0,0,0,0,0,1,1,0,0,1
12.065611,1,0,0,1,0,0,1,0,0,1,1,0,1,1,1,0,1,0
12.089082,0,0,0,0,1,0,0,0,0,0,0,0,0,0,0,0,0,0
12.089332,0,0,1,1,0,0,0,0,0,1,1,0,1,0,0,0,1,0
12.097481,0,0,0,0,0,0,0,1,0,0,0,0,0,0,0,0,0,1
12.100791,0,0,0,0,0,1,0,0,0,0,0,0,0,1,1,0,0,0
12.117496,0,1,1,0,0,0,0,0,0,1,1,0,1,0,0,1,0,0
12.135439,0,0,0,0,1,0,0,0,0,0,0,0,0,0,0,0,0,0
12.135754,1,0,0,1,0,0,1,0,0,1,1,0,1,1,1,0,1,0
12.149594,0,0,0,0,0,1,0,0,0,0,0,0,0,1,1,0,0,0
12.151756,0,0,0,0,0,0,0,1,0,0,0,0,0,0,0,0,0,1
12.165276,0,1,1,0,0,0,0,0,0,1,1,0,1,0,0,1,0,0
12.183897,0,0,0,0,1,0,0,0,0,0,0,0,0,0,0,0,0,0
12.184474,1,0,0,1,0,0,1,0,0,1,1,0,1,1,1,0,1,0
12.200554,0,0,0,0,0,1,0,0,0,0,0,0,0,1,1,0,0,0
12.201005,0,0,0,0,0,0,0,1,0,0,0,0,0,0,0,0,0,1
12.213671,0,1,1,0,0,0,0,0,0,1,1,0,1,0,0,1,0,0
12.228789,1,0,0,1,0,0,1,0,0,1,1,0,1,1,1,0,1,0
12.234917,0,0,0,0,1,0,0,0,0,0,0,0,0,0,0,0,0,0
12.249569,0,0,0,0,0,0,0,1,0,0,0,0,0,0,0,0,0,1
12.250478,0,0,0,0,0,1,0,0,0,0,0,0,0,1,1,0,0,0
12.253711,0,1,1,0,0,0,0,0,0,1,1,0,1,0,0,1,0,0
12.267059,1,0,0,0,0,0,0,0,1,0,0,0,1,0,0,0,0,0
12.285753,0,0,0,0,1,0,1,0,0,1,0,1,0,1,0,0,1,0
12.299212,0,0,0,0,0,1,0,0,0,0,0,0,0,1,1,0,0,0
12.299394,0,0,0,0,0,0,0,1,0,0,0,0,0,0,0,0,0,1
12.309459,0,1,1,0,0,0,0,0,0,1,1,0,1,0,0,1,0,0
12.326679,1,0,0,1,0,0,1,0,0,1,1,0,1,1,1,0,1,0
12.337623,0,0,0,0,1,0,0,0,0,0,0,0,0,0,0,0,0,0
12.348706,0,0,0,0,0,0,0,1,0,0,0,0,0,0,0,0,0,1
12.350820,0,0,0,0,0,1,0,0,0,0,0,0,0,1,1,0,0,0
12.355612,0,1,1,0,0,0,0,0,0,1,1,0,1,0,0,1,0,0
12.371921,1,0,0,0,0,0,0,0,1,0,0,0,1,0,0,0,0,0
12.384487,0,0,0,0,1,0,0,0,0,0,0,0,0,0,0,0,0,0
12.398919,0,0,0,0,0,0,1,1,0,1,0,1,0,1,0,0,1,1
12.400536,0,0,0,0,0,1,0,0,0,0,0,0,0,1,1,0,0,0
12.423353,0,1,1,0,0,0,0,0,0,1,1,0,1,0,0,1,0,0
12.432982,0,0,0,0,1,0,0,0,0,0,0,0,0,0,0,0,0,0
12.436992,1,0,0,1,0,0,1,0,0,1,1,0,1,1,1,0,1,0
12.446803,0,0,0,0,0,0,0,1,0,0,0,0,0,0,0,0,0,1
12.448651,0,0,0,0,0,1,0,0,0,0,0,0,0,1,1,0,0,0
12.459269,0,1,1,0,0,0,0,0,0,1,1,0,1,0,0,1,0,0
12.471096,1,0,0,0,0,0,0,0,1,0,0,0,1,0,0,0,0,0
12.485399,0,0,0,0,1,0,0,0,0,0,0,0,0,0,0,0,0,0
12.499973,0,0,0,0,0,1,1,0,0,1,0,1,0,1,0,1,0,0
12.503661,0,0,0,0,0,0,0,1,0,0,0,0,0,0,0,0,0,1
12.516341,1,0,0,1,0,0,0,0,0,1,1,0,1,0,0,0,1,0
12.537569,0,0,0,0,1,0,0,0,0,0,0,0,0,0,0,0,0,0
12.537965,0,0,0,0,0,0,1,0,0,0,0,0,0,1,1,0,0,0
12.538361,0,0,1,1,0,0,0,0,0,1,1,0,1,0,0,0,1,0
12.546180,0,0,0,0,0,0,0,1,0,0,0,0,0,0,0,0,0,1
12.549714,0,0,0,0,0,1,0,0,0,0,0,0,0,1,1,0,0,0
12.561699,0,1,1,0,0,0,0,0,0,1,1,0,1,0,0,1,0,0
12.572816,1,0,0,1,0,0,1,0,0,1,1,0,1,1,1,0,1,0
12.584620,0,0,0,0,1,0,0,0,0,0,0,0,0,0,0,0,0,0
12.596627,0,0,1,0,0,0,0,0,1,0,0,0,1,0,0,0,0,0
12.597251,0,0,0,0,0,0,0,1,0,0,0,0,0,0,0,0,0,1
12.600967,0,0,0,0,0,1,0,0,0,1,0,1,0,1,0,1,0,0
12.615086,1,0,0,0,0,0,0,0,1,0,0,0,1,0,0,0,0,0
12.635485,0,0,0,0,1,0,1,0,0,1,0,1,0,1,0,0,1,0
12.647188,0,0,0,0,0,0,0,1,0,0,0,0,0,0,0,0,0,1
12.650827,0,0,0,0,0,1,0,0,0,0,0,0,0,1,1,0,0,0
12.658006,0,1,1,0,0,0,0,0,0,1,1,0,1,0,0,1,0,0
12.676825,1,0,0,1,0,0,1,0,0,1,1,0,1,1,1,0,1,0
12.683687,0,0,0,0,1,0,0,0,0,0,0,0,0,0,0,0,0,0
12.700502,0,0,0,0,0,1,0,0,0,0,0,0,0,1,1,0,0,0
12.701520,0,1,1,0,0,0,0,0,0,1,1,0,1,0,0,1,0,0
12.701741,0,0,0,0,0,0,0,1,0,0,0,0,0,0,0,0,0,1
12.716956,1,0,0,0,0,0,0,0,1,0,0,0,1,0,0,0,0,0
12.735567,0,0,0,0,1,0,0,0,0,0,0,0,0,0,0,0,0,0
12.750276,0,0,0,0,0,1,1,0,0,1,0,1,0,1,0,0,1,0
12.751707,0,0,0,0,0,0,0,1,0,0,0,0,0,0,0,0,0,1
12.772658,0,1,1,0,0,0,0,0,0,1,1,0,1,0,0,1,0,0
12.785201,1,0,0,1,0,0,1,0,0,1,1,0,1,1,1,0,1,0
12.788490,0,0,0,0,1,0,0,0,0,0,0,0,0,0,0,0,0,0
12.800124,0,0,0,0,0,1,0,0,0,0,0,0,0,1,1,0,0,0
12.801650,0,0,0,0,0,0,0,1,0,0,0,0,0,0,0,0,0,1
12.808991,0,1,1,0,0,0,0,0,0,1,1,0,1,0,0,1,0,0
12.825029,1,0,0,1,0,0,1,0,0,1,1,0,1,1,1,0,1,0
12.837838,0,0,0,0,1,0,0,0,0,0,0,0,0,0,0,0,0,0
12.848594,0,0,1,0,0,0,0,0,1,0,0,0,1,0,0,0,0,0
12.849467,0,0,0,0,0,1,0,0,0,1,0,1,0,1,0,1,0,0
12.851077,0,0,0,0,0,0,0,1,0,0,0,0,0,0,0,0,0,1
12.867096,1,0,0,0,0,0,0,0,1,0,0,0,1,0,0,0,0,0
12.875049,0,0,0,0,0,0,1,0,0,1,0,1,0,1,0,0,1,0
12.889135,0,0,0,0,1,0,0,0,0,0,0,0,0,0,0,0,0,0
12.897842,0,0,0,0,0,0,0,1,0,0,0,0,0,0,0,0,0,1
12.900033,0,0,0,0,0,1,0,0,0,0,0,0,0,1,1,0,0,0
12.903562,0,1,1,0,0,0,0,0,0,1,1,0,1,0,0,1,0,0
12.915974,1,0,0,1,0,0,1,0,0,1,1,0,1,1,1,0,1,0
12.932705,0,0,0,0,1,0,0,0,0,0,0,0,0,0,0,0,0,0
12.940973,0,0,1,0,0,0,0,0,1,0,0,0,1,0,0,0,0,0
12.946558,0,0,0,0,0,0,0,1,0,0,0,0,0,0,0,0,0,1
12.950769,0,0,0,0,0,1,0,0,0,1,0,1,0,1,0,1,0,0
12.963510,1,0,0,1,0,0,1,0,0,1,1,0,1,1,1,0,1,0
12.981399,0,0,0,0,1,0,0,0,0,0,0,0,0,0,0,0,0,0
12.987578,0,0,1,0,0,0,0,0,1,0,0,0,1,0,0,0,0,0
12.998454,0,0,0,0,0,0,0,1,0,0,0,0,0,0,0,0,0,1
13.000274,0,0,0,0,0,1,0,0,0,1,0,1,0,1,0,1,0,0
13.017874,1,0,0,1,0,0,1,0,0,1,1,0,1,1,1,0,1,0
13.032327,0,0,0,0,1,0,0,0,0,0,0,0,0,0,0,0,0,0
13.045289,0,0,1,0,0,0,0,0,1,0,0,0,1,0,0,0,0,0
13.050466,0,0,0,0,0,1,0,0,0,1,0,1,0,1,0,1,0,0
13.050952,0,0,0,0,0,0,0,1,0,0,0,0,0,0,0,0,0,1
13.068902,1,0,0,1,0,0,1,0,0,1,1,0,1,1,1,0,1,0
13.090233,0,0,0,0,1,0,0,0,0,0,0,0,0,0,0,0,0,0
13.091861,0,0,1,0,0,0,0,0,1,0,0,0,1,0,0,0,0,0
13.100100,0,0,0,0,0,1,0,0,0,1,0,1,0,1,0,1,0,0
13.101793,0,0,0,0,0,0,0,1,0,0,0,0,0,0,0,0,0,1
13.118783,1,0,0,1,0,0,1,0,0,1,1,0,1,1,1,0,1,0
13.140224,0,0,0,0,1,0,0,0,0,0,0,0,0,0,0,0,0,0
13.141724,0,0,1,0,0,0,0,0,1,0,0,0,1,0,0,0,0,0
13.147973,0,0,0,0,0,0,0,1,0,0,0,0,0,0,0,0,0,1
13.151652,0,0,0,0,0,1,0,0,0,1,0,1,0,1,0,1,0,0
13.162715,1,0,0,1,0,0,1,0,0,1,1,0,1,1,1,0,1,0
13.187793,0,0,0,0,1,0,0,0,0,0,0,0,0,0,0,0,0,0
13.191560,0,0,1,0,0,0,0,0,1,0,0,0,1,0,0,0,0,0
13.200563,0,0,0,0,0,0,0,1,0,0,0,0,0,0,0,0,0,1
13.201953,0,0,0,0,0,1,0,0,0,1,0,1,0,1,0,1,0,0
13.214027,1,0,0,1,0,0,1,0,0,1,1,0,1,1,1,0,1,0
13.236339,0,0,0,0,1,0,0,0,0,0,0,0,0,0,0,0,0,0
13.243462,0,0,1,0,0,0,0,0,1,0,0,0,1,0,0,0,0,0
13.247069,0,0,0,0,0,0,0,1,0,0,0,0,0,0,0,0,0,1
13.249810,0,0,0,0,0,1,0,0,0,1,0,1,0,1,0,1,0,0
13.264523,1,0,0,0,0,0,0,0,1,0,0,0,1,0,0,0,0,0
13.273207,0,0,0,0,0,0,1,0,0,1,0,1,0,1,0,0,1,0
13.277479,0,0,0,0,1,0,0,0,0,0,0,0,0,0,0,0,0,0
13.296979,0,0,1,0,0,0,0,0,1,0,0,0,1,0,0,0,0,0
13.299050,0,0,0,0,0,0,0,1,0,0,0,0,0,0,0,0,0,1
13.300068,0,0,0,0,0,1,0,0,0,1,0,1,0,1,0,1,0,0
13.315623,1,0,0,0,0,0,0,0,1,0,0,0,1,0,0,0,0,0
13.331326,0,0,0,0,0,0,1,0,0,1,0,1,0,1,0,0,1,0
13.337112,0,0,0,0,1,0,0,0,0,0,0,0,0,0,0,0,0,0
13.349657,0,0,0,0,0,0,0,1,0,0,0,0,0,0,0,0,0,1
13.351951,0,0,0,0,0,1,0,0,0,0,0,0,0,1,1,0,0,0
13.355256,0,1,1,0,0,0,0,0,0,1,1,0,1,0,0,1,0,0
13.372908,1,0,0,1,0,0,1,0,0,1,1,0,1,1,1,0,1,0
13.384359,0,0,0,0,1,0,0,0,0,0,0,0,0,0,0,0,0,0
13.393580,0,0,1,0,0,0,0,0,1,0,0,0,1,0,0,0,0,0
13.400489,0,0,0,0,0,1,0,0,0,1,0,1,0,1,0,1,0,0
13.401148,0,0,0,0,0,0,0,1,0,0,0,0,0,0,0,0,0,1
13.414507,1,0,0,0,0,0,0,0,1,0,0,0,1,0,0,0,0,0
13.415596,0,0,0,0,0,0,1,0,0,1,0,1,0,1,0,0,1,0
13.433667,0,0,0,0,1,0,0,0,0,0,0,0,0,0,0,0,0,0
13.436534,0,0,1,0,0,0,0,0,1,0,0,0,1,0,0,0,0,0
13.450332,0,0,0,0,0,0,0,1,0,0,0,0,0,0,0,0,0,1
13.450609,0,0,0,0,0,1,0,0,0,1,0,1,0,1,0,1,0,0
13.464211,1,0,0,0,0,0,0,0,1,0,0,0,1,0,0,0,0,0
13.480688,0,0,0,0,1,0,0,0,0,0,0,0,0,0,0,0,0,0
13.498511,0,0,0,0,0,0,0,1,0,0,0,0,0,0,0,0,0,1
13.498641,0,0,0,0,0,0,1,0,0,1,0,1,0,1,0,0,1,0
13.498771,0,0,0,0,0,1,0,0,0,0,0,0,0,1,1,0,0,0
13.527418,0,1,1,0,0,0,0,0,0,1,1,0,1,0,0,1,0,0
13.535842,0,0,0,0,1,0,0,0,0,0,0,0,0,0,0,0,0,0
13.540548,1,0,0,0,0,0,0,0,1,0,0,0,1,0,0,0,0,0
13.549716,0,0,0,0,0,1,1,0,0,1,0,1,0,1,0,0,1,0
13.550079,0,0,0,0,0,0,0,1,0,0,0,0,0,0,0,0,0,1
13.573652,0,1,1,0,0,0,0,0,0,1,1,0,1,0,0,1,0,0
13.586104,0,0,0,0,1,0,0,0,0,0,0,0,0,0,0,0,0,0
13.589944,1,0,0,1,0,0,1,0,0,1,1,0,1,1,1,0,1,0
13.598708,0,0,0,0,0,1,0,0,0,0,0,0,0,1,1,0,0,0
13.599335,0,0,0,0,0,0,0,1,0,0,0,0,0,0,0,0,0,1
13.612369,0,1,1,0,0,0,0,0,0,1,1,0,1,0,0,1,0,0
13.628401,1,0,0,0,0,0,0,0,1,0,0,0,1,0,0,0,0,0
13.631103,0,0,0,0,1,0,0,0,0,0,0,0,0,0,0,0,0,0
13.650532,0,0,0,0,0,1,0,0,0,1,0,1,0,1,0,1,0,0
13.651450,0,0,0,0,0,0,1,1,0,0,0,0,0,1,1,0,0,1
13.669733,1,0,0,1,0,0,0,0,0,1,1,0,1,0,0,0,1,0
13.675842,0,0,0,0,0,0,1,0,0,0,0,0,0,1,1,0,0,0
13.689980,0,0,0,0,1,0,0,0,0,0,0,0,0,0,0,0,0,0
13.695876,0,0,1,1,0,0,0,0,0,1,1,0,1,0,0,0,1,0
13.696611,0,0,0,0,0,0,0,1,0,0,0,0,0,0,0,0,0,1
13.701077,0,0,0,0,0,1,0,0,0,0,0,0,0,1,1,0,0,0
13.719341,0,1,1,0,0,0,0,0,0,1,1,0,1,0,0,1,0,0
13.728636,0,0,0,0,1,0,0,0,0,0,0,0,0,0,0,0,0,0
13.730274,1,0,0,0,0,0,0,0,1,0,0,0,1,0,0,0,0,0
13.741292,0,0,0,0,0,0,1,0,0,1,0,1,0,1,0,0,1,0
13.748409,0,0,0,0,0,0,0,1,0,0,0,0,0,0,0,0,0,1
13.749074,0,0,0,0,0,1,0,0,0,0,0,0,0,1,1,0,0,0
13.763973,0,1,1,0,0,0,0,0,0,1,1,0,1,0,0,1,0,0
13.776905,1,0,0,1,0,0,1,0,0,1,1,0,1,1,1,0,1,0
13.787152,0,0,0,0,1,0,0,0,0,0,0,0,0,0,0,0,0,0
13.797013,0,0,0,0,0,0,0,1,0,0,0,0,0,0,0,0,0,1
13.797865,0,0,1,0,0,0,0,0,1,0,0,0,1,0,0,0,0,0
13.799392,0,0,0,0,0,1,0,0,0,1,0,1,0,1,0,1,0,0
13.815026,1,0,0,0,0,0,0,0,1,0,0,0,1,0,0,0,0,0
13.832099,0,0,0,0,1,0,1,0,0,1,0,1,0,1,0,0,1,0
13.848768,0,0,0,0,0,0,0,1,0,0,0,0,0,0,0,0,0,1
13.850127,0,0,0,0,0,1,0,0,0,0,0,0,0,1,1,0,0,0
13.856416,0,1,1,0,0,0,0,0,0,1,1,0,1,0,0,1,0,0
13.872990,1,0,0,1,0,0,1,0,0,1,1,0,1,1,1,0,1,0
13.885008,0,0,0,0,1,0,0,0,0,0,0,0,0,0,0,0,0,0
13.897394,0,0,1,0,0,0,0,0,1,0,0,0,1,0,0,0,0,0
13.899356,0,0,0,0,0,1,0,0,0,1,0,1,0,1,0,1,0,0
13.903461,0,0,0,0,0,0,0,1,0,0,0,0,0,0,0,0,0,1
13.915224,1,0,0,1,0,0,1,0,0,1,1,0,1,1,1,0,1,0
13.938210,0,0,1,0,0,0,0,0,1,0,0,0,1,0,0,0,0,0
13.941813,0,0,0,0,1,0,0,0,0,0,0,0,0,0,0,0,0,0
13.949150,0,0,0,0,0,1,0,0,0,1,0,1,0,1,0,1,0,0
13.949972,0,0,0,0,0,0,0,1,0,0,0,0,0,0,0,0,0,1
13.961194,1,0,0,0,0,0,0,0,1,0,0,0,1,0,0,0,0,0
13.985718,0,0,0,0,1,0,1,0,0,1,0,1,0,1,0,0,1,0
13.997279,0,0,0,0,0,0,0,1,0,0,0,0,0,0,0,0,0,1
14.001572,0,0,0,0,0,1,0,0,0,0,0,0,0,1,1,0,0,0
14.007384,0,1,1,0,0,0,0,0,0,1,1,0,1,0,0,1,0,0
14.019108,1,0,0,0,0,0,0,0,1,0,0,0,1,0,0,0,0,0
14.036160,0,0,0,0,1,0,0,0,0,0,0,0,0,0,0,0,0,0
14.048318,0,0,0,0,0,1,0,0,0,1,0,1,0,1,0,1,0,0
14.053973,0,0,0,0,0,0,1,1,0,0,0,0,0,1,1,0,0,1
14.065331,1,0,0,1,0,0,0,0,0,1,1,0,1,0,0,0,1,0
14.087295,0,0,1,1,0,0,1,0,0,1,1,0,1,1,1,0,1,0
14.091551,0,0,0,0,1,0,0,0,0,0,0,0,0,0,0,0,0,0
14.100032,0,0,0,0,0,1,0,0,0,0,0,0,0,1,1,0,0,0
14.101493,0,0,0,0,0,0,0,1,0,0,0,0,0,0,0,0,0,1
14.112755,0,1,1,0,0,0,0,0,0,1,1,0,1,0,0,1,0,0
14.125106,1,0,0,0,0,0,0,0,1,0,0,0,1,0,0,0,0,0
14.130843,0,0,0,0,0,0,1,0,0,1,0,1,0,1,0,0,1,0
14.135785,0,0,0,0,1,0,0,0,0,0,0,0,0,0,0,0,0,0
14.146376,0,0,0,0,0,0,0,1,0,0,0,0,0,0,0,0,0,1
14.149259,0,0,0,0,0,1,0,0,0,0,0,0,0,1,1,0,0,0
14.157960,0,1,1,0,0,0,0,0,0,1,1,0,1,0,0,1,0,0
14.171749,1,0,0,1,0,0,1,0,0,1,1,0,1,1,1,0,1,0
14.185803,0,0,0,0,1,0,0,0,0,0,0,0,0,0,0,0,0,0
14.200408,0,0,0,0,0,1,0,0,0,0,0,0,0,1,1,0,0,0
14.201284,0,1,1,0,0,0,0,0,0,1,1,0,1,0,0,1,0,0
14.203074,0,0,0,0,0,0,0,1,0,0,0,0,0,0,0,0,0,1
14.213509,1,0,0,1,0,0,1,0,0,1,1,0,1,1,1,0,1,0
14.236859,0,0,0,0,1,0,0,0,0,0,0,0,0,0,0,0,0,0
14.239953,0,0,1,0,0,0,0,0,1,0,0,0,1,0,0,0,0,0
14.250150,0,0,0,0,0,1,0,0,0,1,0,1,0,1,0,1,0,0
14.250695,0,0,0,0,0,0,0,1,0,0,0,0,0,0,0,0,0,1
14.265791,1,0,0,0,0,0,0,0,1,0,0,0,1,0,0,0,0,0
14.273324,0,0,0,0,0,0,1,0,0,1,0,1,0,1,0,0,1,0
14.287204,0,0,0,0,1,0,0,0,0,0,0,0,0,0,0,0,0,0
14.299877,0,0,1,0,0,0,0,0,1,0,0,0,1,0,0,0,0,0
14.300348,0,0,0,0,0,0,0,1,0,0,0,0,0,0,0,0,0,1
14.300817,0,0,0,0,0,1,0,0,0,1,0,1,0,1,0,1,0,0
14.312457,1,0,0,1,0,0,1,0,0,1,1,0,1,1,1,0,1,0
14.340070,0,0,0,0,1,0,0,0,0,0,0,0,0,0,0,0,0,0
14.342046,0,0,1,0,0,0,0,0,1,0,0,0,1,0,0,0,0,0
14.347554,0,0,0,0,0,0,0,1,0,0,0,0,0,0,0,0,0,1
14.349505,0,0,0,0,0,1,0,0,0,1,0,1,0,1,0,1,0,0
14.361549,1,0,0,0,0,0,0,0,1,0,0,0,1,0,0,0,0,0
14.387316,0,0,0,0,1,0,1,0,0,1,0,1,0,1,0,0,1,0
14.399298,0,0,0,0,0,0,0,1,0,0,0,0,0,0,0,0,0,1
14.400605,0,0,0,0,0,1,0,0,0,0,0,0,0,1,1,0,0,0
14.407802,0,1,1,0,0,0,0,0,0,1,1,0,1,0,0,1,0,0
14.420969,1,0,0,1,0,0,1,0,0,1,1,0,1,1,1,0,1,0
14.436331,0,0,0,0,1,0,0,0,0,0,0,0,0,0,0,0,0,0
14.446909,0,0,1,0,0,0,0,0,1,0,0,0,1,0,0,0,0,0
14.449470,0,0,0,0,0,1,0,0,0,1,0,1,0,1,0,1,0,0
14.449790,0,0,0,0,0,0,0,1,0,0,0,0,0,0,0,0,0,1
14.465615,1,0,0,0,0,0,0,0,1,0,0,0,1,0,0,0,0,0
14.480488,0,0,0,0,0,0,1,0,0,1,0,1,0,1,0,0,1,0
14.488638,0,0,0,0,1,0,0,0,0,0,0,0,0,0,0,0,0,0
14.500216,0,0,0,0,0,1,0,0,0,0,0,0,0,1,1,0,0,0
14.502110,0,0,0,0,0,0,0,1,0,0,0,0,0,0,0,0,0,1
14.502381,0,1,1,0,0,0,0,0,0,1,1,0,1,0,0,1,0,0
14.515401,1,0,0,0,0,0,0,0,1,0,0,0,1,0,0,0,0,0
14.532937,0,0,0,0,1,0,1,0,0,1,0,1,0,1,0,0,1,0
14.548246,0,0,0,0,0,0,0,1,0,0,0,0,0,0,0,0,0,1
14.550086,0,0,0,0,0,1,0,0,0,0,0,0,0,1,1,0,0,0
14.556323,0,1,1,0,0,0,0,0,0,1,1,0,1,0,0,1,0,0
14.569078,1,0,0,0,0,0,0,0,1,0,0,0,1,0,0,0,0,0
14.582113,0,0,0,0,1,0,0,0,0,0,0,0,0,0,0,0,0,0
14.595047,0,0,0,0,0,0,1,0,0,1,0,1,0,1,0,0,1,0
14.598253,0,0,0,0,0,0,0,1,0,0,0,0,0,0,0,0,0,1
14.600704,0,0,0,0,0,1,0,0,0,0,0,0,0,1,1,0,0,0
14.619313,0,1,1,0,0,0,0,0,0,1,1,0,1,0,0,1,0,0
14.632955,0,0,0,0,1,0,0,0,0,0,0,0,0,0,0,0,0,0
14.636757,1,0,0,1,0,0,1,0,0,1,1,0,1,1,1,0,1,0
14.647439,0,0,0,0,0,0,0,1,0,0,0,0,0,0,0,0,0,1
14.650961,0,0,0,0,0,1,0,0,0,0,0,0,0,1,1,0,0,0
14.661291,0,1,1,0,0,0,0,0,0,1,1,0,1,0,0,1,0,0
14.678790,1,0,0,1,0,0,1,0,0,1,1,0,1,1,1,0,1,0
14.685639,0,0,0,0,1,0,0,0,0,0,0,0,0,0,0,0,0,0
14.700807,0,0,0,0,0,1,0,0,0,0,0,0,0,1,1,0,0,0
14.701755,0,0,0,0,0,0,0,1,0,0,0,0,0,0,0,0,0,1
14.707282,0,1,1,0,0,0,0,0,0,1,1,0,1,0,0,1,0,0
14.724723,1,0,0,1,0,0,1,0,0,1,1,0,1,1,1,0,1,0
14.736916,0,0,0,0,1,0,0,0,0,0,0,0,0,0,0,0,0,0
14.746442,0,0,0,0,0,0,0,1,0,0,0,0,0,0,0,0,0,1
14.748060,0,0,1,0,0,0,0,0,1,0,0,0,1,0,0,0,0,0
14.750885,0,0,0,0,0,1,0,0,0,1,0,1,0,1,0,1,0,0
14.765764,1,0,0,0,0,0,0,0,1,0,0,0,1,0,0,0,0,0
14.770367,0,0,0,0,0,0,1,0,0,1,0,1,0,1,0,0,1,0
14.786411,0,0,0,0,1,0,0,0,0,0,0,0,0,0,0,0,0,0
14.796371,0,0,1,0,0,0,0,0,1,0,0,0,1,0,0,0,0,0
14.801467,0,0,0,0,0,1,0,0,0,1,0,1,0,1,0,1,0,0
14.801730,0,0,0,0,0,0,0,1,0,0,0,0,0,0,0,0,0,1
14.813095,1,0,0,0,0,0,0,0,1,0,0,0,1,0,0,0,0,0
14.835167,0,0,0,0,0,0,1,0,0,1,0,1,0,1,0,0,1,0
14.837656,0,0,0,0,1,0,0,0,0,0,0,0,0,0,0,0,0,0
14.849323,0,0,0,0,0,1,0,0,0,0,0,0,0,1,1,0,0,0
14.850997,0,0,0,0,0,0,0,1,0,0,0,0,0,0,0,0,0,1
14.859528,0,1,1,0,0,0,0,0,0,1,1,0,1,0,0,1,0,0
14.872892,1,0,0,1,0,0,1,0,0,1,1,0,1,1,1,0,1,0
14.889245,0,0,0,0,1,0,0,0,0,0,0,0,0,0,0,0,0,0
14.897272,0,0,0,0,0,0,0,1,0,0,0,0,0,0,0,0,0,1
14.899393,0,0,1,0,0,0,0,0,1,0,0,0,1,0,0,0,0,0
14.900386,0,0,0,0,0,1,0,0,0,1,0,1,0,1,0,1,0,0
14.912892,1,0,0,0,0,0,0,0,1,0,0,0,1,0,0,0,0,0
14.930434,0,0,0,0,1,0,1,0,0,1,0,1,0,1,0,0,1,0
14.948786,0,0,0,0,0,1,0,0,0,0,0,0,0,1,1,0,0,0
14.953984,0,0,0,0,0,0,0,1,0,0,0,0,0,0,0,0,0,1
14.960053,0,1,1,0,0,0,0,0,0,1,1,0,1,0,0,1,0,0
14.977302,1,0,0,1,0,0,1,0,0,1,1,0,1,1,1,0,1,0
14.986331,0,0,0,0,1,0,0,0,0,0,0,0,0,0,0,0,0,0
15.000084,0,0,1,0,0,0,0,0,1,0,0,0,1,0,0,0,0,0
15.001740,0,0,0,0,0,0,0,1,0,0,0,0,0,0,0,0,0,1
15.001926,0,0,0,0,0,1,0,0,0,1,0,1,0,1,0,1,0,0
15.019395,1,0,0,0,0,0,0,0,1,0,0,0,1,0,0,0,0,0
15.039024,0,0,0,0,1,0,1,0,0,1,0,1,0,1,0,0,1,0
15.049451,0,0,0,0,0,1,0,0,0,0,0,0,0,1,1,0,0,0
15.053398,0,0,0,0,0,0,0,1,0,0,0,0,0,0,0,0,0,1
15.059965,0,1,1,0,0,0,0,0,0,1,1,0,1,0,0,1,0,0
15.075439,1,0,0,1,0,0,1,0,0,1,1,0,1,1,1,0,1,0
15.088093,0,0,0,0,1,0,0,0,0,0,0,0,0,0,0,0,0,0
15.099730,0,0,0,0,0,0,0,1,0,0,0,0,0,0,0,0,0,1
15.100588,0,0,0,0,0,1,0,0,0,0,0,0,0,1,1,0,0,0
15.104201,0,1,1,0,0,0,0,0,0,1,1,0,1,0,0,1,0,0
15.118316,1,0,0,0,0,0,0,0,1,0,0,0,1,0,0,0,0,0
15.126696,0,0,0,0,0,0,1,0,0,1,0,1,0,1,0,0,1,0
15.134720,0,0,0,0,1,0,0,0,0,0,0,0,0,0,0,0,0,0
15.149118,0,0,0,0,0,1,0,0,0,0,0,0,0,1,1,0,0,0
15.149807,0,0,0,0,0,0,0,1,0,0,0,0,0,0,0,0,0,1
15.153206,0,1,1,0,0,0,0,0,0,1,1,0,1,0,0,1,0,0
15.168497,1,0,0,0,0,0,0,0,1,0,0,0,1,0,0,0,0,0
15.182688,0,0,0,0,1,0,0,0,0,0,0,0,0,0,0,0,0,0
15.200546,0,0,0,0,0,1,1,0,0,1,0,1,0,1,0,0,1,0
15.203667,0,0,0,0,0,0,0,1,0,0,0,0,0,0,0,0,0,1
15.221988,0,1,1,0,0,0,0,0,0,1,1,0,1,0,0,1,0,0
15.234396,1,0,0,0,0,0,0,0,1,0,0,0,1,0,0,0,0,0
15.237678,0,0,0,0,0,0,1,0,0,1,0,1,0,1,0,0,1,0
15.239566,0,0,0,0,1,0,0,0,0,0,0,0,0,0,0,0,0,0
15.247336,0,0,0,0,0,0,0,1,0,0,0,0,0,0,0,0,0,1
15.248962,0,0,0,0,0,1,0,0,0,0,0,0,0,1,1,0,0,0
15.261710,0,1,1,0,0,0,0,0,0,1,1,0,1,0,0,1,0,0
15.277658,1,0,0,1,0,0,1,0,0,1,1,0,1,1,1,0,1,0
15.282114,0,0,0,0,1,0,0,0,0,0,0,0,0,0,0,0,0,0
15.299768,0,0,0,0,0,1,0,0,0,0,0,0,0,1,1,0,0,0
15.300246,0,0,0,0,0,0,0,1,0,0,0,0,0,0,0,0,0,1
15.304938,0,1,1,0,0,0,0,0,0,1,1,0,1,0,0,1,0,0
15.319013,1,0,0,0,0,0,0,0,1,0,0,0,1,0,0,0,0,0
15.325288,0,0,0,0,0,0,1,0,0,1,0,1,0,1,0,0,1,0
15.333587,0,0,0,0,1,0,0,0,0,0,0,0,0,0,0,0,0,0
15.346780,0,0,1,0,0,0,0,0,1,0,0,0,1,0,0,0,0,0
15.349681,0,0,0,0,0,1,0,0,0,1,0,1,0,1,0,1,0,0
15.350764,0,0,0,0,0,0,0,1,0,0,0,0,0,0,0,0,0,1
15.361335,1,0,0,0,0,0,0,0,1,0,0,0,1,0,0,0,0,0
15.386196,0,0,0,0,1,0,0,0,0,0,0,0,0,0,0,0,0,0
15.396789,0,0,0,0,0,0,1,0,0,1,0,1,0,1,0,0,1,0
15.397953,0,0,0,0,0,0,0,1,0,0,0,0,0,0,0,0,0,1
15.400189,0,0,0,0,0,1,0,0,0,0,0,0,0,1,1,0,0,0
15.422031,0,1,1,0,0,0,0,0,0,1,1,0,1,0,0,1,0,0
15.430076,0,0,0,0,1,0,0,0,0,0,0,0,0,0,0,0,0,0
15.434662,1,0,0,1,0,0,1,0,0,1,1,0,1,1,1,0,1,0
15.450054,0,0,0,0,0,1,0,0,0,0,0,0,0,1,1,0,0,0
15.453875,0,0,0,0,0,0,0,1,0,0,0,0,0,0,0,0,0,1
15.454735,0,1,1,0,0,0,0,0,0,1,1,0,1,0,0,1,0,0
15.468319,1,0,0,0,0,0,0,0,1,0,0,0,1,0,0,0,0,0
15.489801,0,0,0,0,0,0,1,0,0,1,0,1,0,1,0,0,1,0
15.493794,0,0,0,0,1,0,0,0,0,0,0,0,0,0,0,0,0,0
15.498880,0,0,0,0,0,0,0,1,0,0,0,0,0,0,0,0,0,1
15.500462,0,0,0,0,0,1,0,0,0,0,0,0,0,1,1,0,0,0
15.515739,0,1,1,0,0,0,0,0,0,1,1,0,1,0,0,1,0,0
15.530851,1,0,0,0,0,0,0,0,1,0,0,0,1,0,0,0,0,0
15.536064,0,0,0,0,1,0,1,0,0,1,0,1,0,1,0,0,1,0
15.546387,0,0,0,0,0,0,0,1,0,0,0,0,0,0,0,0,0,1
15.549819,0,0,0,0,0,1,0,0,0,0,0,0,0,1,1,0,0,0
15.563208,0,1,1,0,0,0,0,0,0,1,1,0,1,0,0,1,0,0
15.575198,1,0,0,1,0,0,1,0,0,1,1,0,1,1,1,0,1,0
15.584736,0,0,0,0,1,0,0,0,0,0,0,0,0,0,0,0,0,0
15.597689,0,0,0,0,0,0,0,1,0,0,0,0,0,0,0,0,0,1
15.598008,0,0,1,0,0,0,0,0,1,0,0,0,1,0,0,0,0,0
15.599239,0,0,0,0,0,1,0,0,0,1,0,1,0,1,0,1,0,0
15.612612,1,0,0,0,0,0,0,0,1,0,0,0,1,0,0,0,0,0
15.631204,0,0,0,0,0,0,1,0,0,1,0,1,0,1,0,0,1,0
15.636016,0,0,0,0,1,0,0,0,0,0,0,0,0,0,0,0,0,0
15.646336,0,0,0,0,0,0,0,1,0,0,0,0,0,0,0,0,0,1
15.651500,0,0,0,0,0,1,0,0,0,0,0,0,0,1,1,0,0,0
15.659683,0,1,1,0,0,0,0,0,0,1,1,0,1,0,0,1,0,0
15.670224,1,0,0,1,0,0,1,0,0,1,1,0,1,1,1,0,1,0
15.680035,0,0,0,0,1,0,0,0,0,0,0,0,0,0,0,0,0,0
15.697561,0,0,1,0,0,0,0,0,1,0,0,0,1,0,0,0,0,0
15.697805,0,0,0,0,0,0,0,1,0,0,0,0,0,0,0,0,0,1
15.700943,0,0,0,0,0,1,0,0,0,1,0,1,0,1,0,1,0,0
15.715619,1,0,0,1,0,0,1,0,0,1,1,0,1,1,1,0,1,0
15.737049,0,0,0,0,1,0,0,0,0,0,0,0,0,0,0,0,0,0
15.738057,0,0,1,0,0,0,0,0,1,0,0,0,1,0,0,0,0,0
15.747987,0,0,0,0,0,0,0,1,0,0,0,0,0,0,0,0,0,1
15.749681,0,0,0,0,0,1,0,0,0,1,0,1,0,1,0,1,0,0
15.766968,1,0,0,0,0,0,0,0,1,0,0,0,1,0,0,0,0,0
15.781555,0,0,0,0,1,0,1,0,0,1,0,1,0,1,0,0,1,0
15.800761,0,0,0,0,0,1,0,0,0,0,0,0,0,1,1,0,0,0
15.801894,0,0,0,0,0,0,0,1,0,0,0,0,0,0,0,0,0,1
15.802618,0,1,1,0,0,0,0,0,0,1,1,0,1,0,0,1,0,0
15.817200,1,0,0,1,0,0,1,0,0,1,1,0,1,1,1,0,1,0
15.838527,0,0,1,0,0,0,0,0,1,0,0,0,1,0,0,0,0,0
15.840299,0,0,0,0,1,0,0,0,0,0,0,0,0,0,0,0,0,0
15.849056,0,0,0,0,0,1,0,0,0,1,0,1,0,1,0,1,0,0
15.849173,0,0,0,0,0,0,0,1,0,0,0,0,0,0,0,0,0,1
15.861852,1,0,0,0,0,0,0,0,1,0,0,0,1,0,0,0,0,0
15.880051,0,0,0,0,1,0,1,0,0,1,0,1,0,1,0,0,1,0
15.898896,0,0,0,0,0,1,0,0,0,0,0,0,0,1,1,0,0,0
15.902071,0,0,0,0,0,0,0,1,0,0,0,0,0,0,0,0,0,1
15.903297,0,1,1,0,0,0,0,0,0,1,1,0,1,0,0,1,0,0
15.915053,1,0,0,1,0,0,1,0,0,1,1,0,1,1,1,0,1,0
15.939037,0,0,0,0,1,0,0,0,0,0,0,0,0,0,0,0,0,0
15.939096,0,0,1,0,0,0,0,0,1,0,0,0,1,0,0,0,0,0
15.949256,0,0,0,0,0,1,0,0,0,1,0,1,0,1,0,1,0,0
15.952730,0,0,0,0,0,0,0,1,0,0,0,0,0,0,0,0,0,1
15.960474,1,0,0,0,0,0,0,0,1,0,0,0,1,0,0,0,0,0
15.984982,0,0,0,0,0,0,1,0,0,1,0,1,0,1,0,0,1,0
15.986106,0,0,0,0,1,0,0,0,0,0,0,0,0,0,0,0,0,0
16.000120,0,0,0,0,0,0,0,1,0,0,0,0,0,0,0,0,0,1
16.000515,0,0,0,0,0,1,0,0,0,0,0,0,0,1,1,0,0,0
16.007445,0,1,1,0,0,0,0,0,0,1,1,0,1,0,0,1,0,0
16.018658,1,0,0,0,0,0,0,0,1,0,0,0,1,0,0,0,0,0
16.034341,0,0,0,0,1,0,1,0,0,1,0,1,0,1,0,0,1,0
16.048262,0,0,0,0,0,1,0,0,0,0,0,0,0,1,1,0,0,0
16.052648,0,0,0,0,0,0,0,1,0,0,0,0,0,0,0,0,0,1
16.061848,0,1,1,0,0,0,0,0,0,1,1,0,1,0,0,1,0,0
16.078632,1,0,0,0,0,0,0,0,1,0,0,0,1,0,0,0,0,0
16.082621,0,0,0,0,0,0,1,0,0,1,0,1,0,1,0,0,1,0
16.092588,0,0,0,0,1,0,0,0,0,0,0,0,0,0,0,0,0,0
16.099962,0,0,0,0,0,1,0,0,0,0,0,0,0,1,1,0,0,0
16.103498,0,0,0,0,0,0,0,1,0,0,0,0,0,0,0,0,0,1
16.105620,0,1,1,0,0,0,0,0,0,1,1,0,1,0,0,1,0,0
16.119926,1,0,0,0,0,0,0,0,1,0,0,0,1,0,0,0,0,0
16.122580,0,0,0,0,0,0,1,0,0,1,0,1,0,1,0,0,1,0
16.133530,0,0,0,0,1,0,0,0,0,0,0,0,0,0,0,0,0,0
16.147678,0,0,0,0,0,0,0,1,0,0,0,0,0,0,0,0,0,1
16.149592,0,0,1,0,0,0,0,0,1,0,0,0,1,0,0,0,0,0
16.150076,0,0,0,0,0,1,0,0,0,1,0,1,0,1,0,1,0,0
16.164979,1,0,0,0,0,0,0,0,1,0,0,0,1,0,0,0,0,0
16.185902,0,0,0,0,1,0,1,0,0,1,0,1,0,1,0,0,1,0
16.199673,0,0,0,0,0,1,0,0,0,0,0,0,0,1,1,0,0,0
16.200897,0,0,0,0,0,0,0,1,0,0,0,0,0,0,0,0,0,1
16.207961,0,1,1,0,0,0,0,0,0,1,1,0,1,0,0,1,0,0
16.223489,1,0,0,0,0,0,0,0,1,0,0,0,1,0,0,0,0,0
16.232515,0,0,0,0,0,0,1,0,0,1,0,1,0,1,0,0,1,0
16.240378,0,0,0,0,1,0,0,0,0,0,0,0,0,0,0,0,0,0
16.250877,0,0,0,0,0,0,0,1,0,0,0,0,0,0,0,0,0,1
16.251186,0,0,0,0,0,1,0,0,0,0,0,0,0,1,1,0,0,0
16.257374,0,1,1,0,0,0,0,0,0,1,1,0,1,0,0,1,0,0
16.275509,1,0,0,1,0,0,1,0,0,1,1,0,1,1,1,0,1,0
16.290247,0,0,0,0,1,0,0,0,0,0,0,0,0,0,0,0,0,0
16.295528,0,0,1,0,0,0,0,0,1,0,0,0,1,0,0,0,0,0
16.299844,0,0,0,0,0,1,0,0,0,1,0,1,0,1,0,1,0,0
16.301045,0,0,0,0,0,0,0,1,0,0,0,0,0,0,0,0,0,1
16.314540,1,0,0,1,0,0,1,0,0,1,1,0,1,1,1,0,1,0
16.336649,0,0,0,0,1,0,0,0,0,0,0,0,0,0,0,0,0,0
16.337594,0,0,1,0,0,0,0,0,1,0,0,0,1,0,0,0,0,0
16.347374,0,0,0,0,0,0,0,1,0,0,0,0,0,0,0,0,0,1
16.348545,0,0,0,0,0,1,0,0,0,1,0,1,0,1,0,1,0,0
16.368181,1,0,0,1,0,0,1,0,0,1,1,0,1,1,1,0,1,0
16.381729,0,0,0,0,1,0,0,0,0,0,0,0,0,0,0,0,0,0
16.390084,0,0,1,0,0,0,0,0,1,0,0,0,1,0,0,0,0,0
16.398014,0,0,0,0,0,0,0,1,0,0,0,0,0,0,0,0,0,1
16.400395,0,0,0,0,0,1,0,0,0,1,0,1,0,1,0,1,0,0
16.418387,1,0,0,0,0,0,0,0,1,0,0,0,1,0,0,0,0,0
16.420977,0,0,0,0,0,0,1,0,0,1,0,1,0,1,0,0,1,0
16.434810,0,0,0,0,1,0,0,0,0,0,0,0,0,0,0,0,0,0
16.449112,0,0,0,0,0,1,0,0,0,0,0,0,0,1,1,0,0,0
16.450790,0,1,1,0,0,0,0,0,0,1,1,0,1,0,0,1,0,0
16.453442,0,0,0,0,0,0,0,1,0,0,0,0,0,0,0,0,0,1
16.467326,1,0,0,0,0,0,0,0,1,0,0,0,1,0,0,0,0,0
16.482635,0,0,0,0,0,0,1,0,0,1,0,1,0,1,0,0,1,0
16.486680,0,0,0,0,1,0,0,0,0,0,0,0,0,0,0,0,0,0
16.499769,0,0,0,0,0,0,0,1,0,0,0,0,0,0,0,0,0,1
16.500565,0,0,0,0,0,1,0,0,0,0,0,0,0,1,1,0,0,0
16.506640,0,1,1,0,0,0,0,0,0,1,1,0,1,0,0,1,0,0
16.520621,1,0,0,1,0,0,1,0,0,1,1,0,1,1,1,0,1,0
16.539473,0,0,0,0,1,0,0,0,0,0,0,0,0,0,0,0,0,0
16.545996,0,0,1,0,0,0,0,0,1,0,0,0,1,0,0,0,0,0
16.548691,0,0,0,0,0,1,0,0,0,1,0,1,0,1,0,1,0,0
16.552410,0,0,0,0,0,0,0,1,0,0,0,0,0,0,0,0,0,1
16.563261,1,0,0,0,0,0,0,0,1,0,0,0,1,0,0,0,0,0
16.586764,0,0,0,0,1,0,1,0,0,1,0,1,0,1,0,0,1,0
16.597823,0,0,0,0,0,0,0,1,0,0,0,0,0,0,0,0,0,1
16.601099,0,0,0,0,0,1,0,0,0,0,0,0,0,1,1,0,0,0
16.607068,0,1,1,0,0,0,0,0,0,1,1,0,1,0,0,1,0,0
16.617672,1,0,0,1,0,0,1,0,0,1,1,0,1,1,1,0,1,0
16.632509,0,0,0,0,1,0,0,0,0,0,0,0,0,0,0,0,0,0
16.639304,0,0,1,0,0,0,0,0,1,0,0,0,1,0,0,0,0,0
16.650853,0,0,0,0,0,1,0,0,0,1,0,1,0,1,0,1,0,0
16.653257,0,0,0,0,0,0,0,1,0,0,0,0,0,0,0,0,0,1
16.664033,1,0,0,1,0,0,1,0,0,1,1,0,1,1,1,0,1,0
16.690144,0,0,0,0,1,0,0,0,0,0,0,0,0,0,0,0,0,0
16.693634,0,0,1,0,0,0,0,0,1,0,0,0,1,0,0,0,0,0
16.696880,0,0,0,0,0,0,0,1,0,0,0,0,0,0,0,0,0,1
16.698821,0,0,0,0,0,1,0,0,0,1,0,1,0,1,0,1,0,0
16.713884,1,0,0,0,0,0,0,0,1,0,0,0,1,0,0,0,0,0
16.735173,0,0,0,0,1,0,1,0,0,1,0,1,0,1,0,0,1,0
16.748835,0,0,0,0,0,1,0,0,0,0,0,0,0,1,1,0,0,0
16.753948,0,0,0,0,0,0,0,1,0,0,0,0,0,0,0,0,0,1
16.762695,0,1,1,0,0,0,0,0,0,1,1,0,1,0,0,1,0,0
16.775205,1,0,0,0,0,0,0,0,1,0,0,0,1,0,0,0,0,0
16.785368,0,0,0,0,1,0,0,0,0,0,0,0,0,0,0,0,0,0
16.795155,0,0,0,0,0,0,1,0,0,1,0,1,0,1,0,0,1,0
16.800591,0,0,0,0,0,1,0,0,0,0,0,0,0,1,1,0,0,0
16.800609,0,0,0,0,0,0,0,1,0,0,0,0,0,0,0,0,0,1
16.820089,0,1,1,0,0,0,0,0,0,1,1,0,1,0,0,1,0,0
16.837148,0,0,0,0,1,0,0,0,0,0,0,0,0,0,0,0,0,0
16.838492,1,0,0,0,0,0,0,0,1,0,0,0,1,0,0,0,0,0
16.842837,0,0,0,0,0,0,1,0,0,1,0,1,0,1,0,0,1,0
16.850352,0,0,0,0,0,1,0,0,0,0,0,0,0,1,1,0,0,0
16.850742,0,0,0,0,0,0,0,1,0,0,0,0,0,0,0,0,0,1
16.863708,0,1,1,0,0,0,0,0,0,1,1,0,1,0,0,1,0,0
16.876937,1,0,0,0,0,0,0,0,1,0,0,0,1,0,0,0,0,0
16.878745,0,0,0,0,0,0,1,0,0,1,0,1,0,1,0,0,1,0
16.884346,0,0,0,0,1,0,0,0,0,0,0,0,0,0,0,0,0,0
16.898664,0,0,0,0,0,1,0,0,0,0,0,0,0,1,1,0,0,0
16.901438,0,1,1,0,0,0,0,0,0,1,1,0,1,0,0,1,0,0
16.903809,0,0,0,0,0,0,0,1,0,0,0,0,0,0,0,0,0,1
16.921200,1,0,0,1,0,0,1,0,0,1,1,0,1,1,1,0,1,0
16.936688,0,0,0,0,1,0,0,0,0,0,0,0,0,0,0,0,0,0
16.947915,0,0,1,0,0,0,0,0,1,0,0,0,1,0,0,0,0,0
16.950676,0,0,0,0,0,1,0,0,0,1,0,1,0,1,0,1,0,0
16.951472,0,0,0,0,0,0,0,1,0,0,0,0,0,0,0,0,0,1
16.965029,1,0,0,1,0,0,1,0,0,1,1,0,1,1,1,0,1,0
16.982629,0,0,0,0,1,0,0,0,0,0,0,0,0,0,0,0,0,0
16.989582,0,0,1,0,0,0,0,0,1,0,0,0,1,0,0,0,0,0
16.999720,0,0,0,0,0,0,0,1,0,0,0,0,0,0,0,0,0,1
17.000011,0,0,0,0,0,1,0,0,0,1,0,1,0,1,0,1,0,0
17.014359,1,0,0,1,0,0,1,0,0,1,1,0,1,1,1,0,1,0
17.034650,0,0,0,0,1,0,0,0,0,0,0,0,0,0,0,0,0,0
17.038388,0,0,1,0,0,0,0,0,1,0,0,0,1,0,0,0,0,0
17.050026,0,0,0,0,0,0,0,1,0,0,0,0,0,0,0,0,0,1
17.050715,0,0,0,0,0,1,0,0,0,1,0,1,0,1,0,1,0,0
17.068636,1,0,0,1,0,0,1,0,0,1,1,0,1,1,1,0,1,0
17.085837,0,0,0,0,1,0,0,0,0,0,0,0,0,0,0,0,0,0
17.090097,0,0,1,0,0,0,0,0,1,0,0,0,1,0,0,0,0,0
17.099479,0,0,0,0,0,1,0,0,0,1,0,1,0,1,0,1,0,0
17.102094,0,0,0,0,0,0,0,1,0,0,0,0,0,0,0,0,0,1
17.112497,1,0,0,1,0,0,1,0,0,1,1,0,1,1,1,0,1,0
17.134755,0,0,0,0,1,0,0,0,0,0,0,0,0,0,0,0,0,0
17.141564,0,0,1,0,0,0,0,0,1,0,0,0,1,0,0,0,0,0
17.150675,0,0,0,0,0,1,0,0,0,1,0,1,0,1,0,1,0,0
17.152210,0,0,0,0,0,0,0,1,0,0,0,0,0,0,0,0,0,1
17.163496,1,0,0,1,0,0,1,0,0,1,1,0,1,1,1,0,1,0
17.187160,0,0,0,0,1,0,0,0,0,0,0,0,0,0,0,0,0,0
17.190470,0,0,1,0,0,0,0,0,1,0,0,0,1,0,0,0,0,0
17.198514,0,0,0,0,0,0,0,1,0,0,0,0,0,0,0,0,0,1
17.199324,0,0,0,0,0,1,0,0,0,1,0,1,0,1,0,1,0,0
17.213176,1,0,0,1,0,0,1,0,0,1,1,0,1,1,1,0,1,0
17.234131,0,0,1,0,0,0,0,0,1,0,0,0,1,0,0,0,0,0
17.235676,0,0,0,0,1,0,0,0,0,0,0,0,0,0,0,0,0,0
17.248501,0,0,0,0,0,1,0,0,0,1,0,1,0,1,0,1,0,0
17.250431,0,0,0,0,0,0,0,1,0,0,0,0,0,0,0,0,0,1
17.265303,1,0,0,1,0,0,1,0,0,1,1,0,1,1,1,0,1,0
17.288617,0,0,0,0,1,0,0,0,0,0,0,0,0,0,0,0,0,0
17.290299,0,0,1,0,0,0,0,0,1,0,0,0,1,0,0,0,0,0
17.296613,0,0,0,0,0,0,0,1,0,0,0,0,0,0,0,0,0,1
17.301083,0,0,0,0,0,1,0,0,0,1,0,1,0,1,0,1,0,0
17.311456,1,0,0,0,0,0,0,0,1,0,0,0,1,0,0,0,0,0
17.331850,0,0,0,0,1,0,1,0,0,1,0,1,0,1,0,0,1,0
17.348778,0,0,0,0,0,0,0,1,0,0,0,0,0,0,0,0,0,1
17.350163,0,0,0,0,0,1,0,0,0,0,0,0,0,1,1,0,0,0
17.353735,0,1,1,0,0,0,0,0,0,1,1,0,1,0,0,1,0,0
17.366686,1,0,0,0,0,0,0,0,1,0,0,0,1,0,0,0,0,0
17.385781,0,0,0,0,1,0,1,0,0,1,0,1,0,1,0,0,1,0
17.399722,0,0,0,0,0,1,0,0,0,0,0,0,0,1,1,0,0,0
17.401880,0,0,0,0,0,0,0,1,0,0,0,0,0,0,0,0,0,1
17.415095,0,1,1,0,0,0,0,0,0,1,1,0,1,0,0,1,0,0
17.426795,1,0,0,1,0,0,1,0,0,1,1,0,1,1,1,0,1,0
17.435056,0,0,0,0,1,0,0,0,0,0,0,0,0,0,0,0,0,0
17.449417,0,0,0,0,0,1,0,0,0,0,0,0,0,1,1,0,0,0
17.450656,0,1,1,0,0,0,0,0,0,1,1,0,1,0,0,1,0,0
17.452790,0,0,0,0,0,0,0,1,0,0,0,0,0,0,0,0,0,1
17.466986,1,0,0,0,0,0,0,0,1,0,0,0,1,0,0,0,0,0
17.484551,0,0,0,0,0,0,1,0,0,1,0,1,0,1,0,0,1,0
17.489729,0,0,0,0,1,0,0,0,0,0,0,0,0,0,0,0,0,0
17.499872,0,0,0,0,0,1,0,0,0,0,0,0,0,1,1,0,0,0
17.500200,0,0,0,0,0,0,0,1,0,0,0,0,0,0,0,0,0,1
17.507400,0,1,1,0,0,0,0,0,0,1,1,0,1,0,0,1,0,0
17.526411,1,0,0,1,0,0,1,0,0,1,1,0,1,1,1,0,1,0
17.538744,0,0,0,0,1,0,0,0,0,0,0,0,0,0,0,0,0,0
17.549147,0,0,0,0,0,1,0,0,0,0,0,0,0,1,1,0,0,0
17.552116,0,0,0,0,0,0,0,1,0,0,0,0,0,0,0,0,0,1
17.552343,0,1,1,0,0,0,0,0,0,1,1,0,1,0,0,1,0,0
17.564713,1,0,0,0,0,0,0,0,1,0,0,0,1,0,0,0,0,0
17.574703,0,0,0,0,0,0,1,0,0,1,0,1,0,1,0,0,1,0
17.588288,0,0,0,0,1,0,0,0,0,0,0,0,0,0,0,0,0,0
17.600133,0,0,0,0,0,1,0,0,0,0,0,0,0,1,1,0,0,0
17.601717,0,1,1,0,0,0,0,0,0,1,1,0,1,0,0,1,0,0
17.601965,0,0,0,0,0,0,0,1,0,0,0,0,0,0,0,0,0,1
17.616154,1,0,0,1,0,0,1,0,0,1,1,0,1,1,1,0,1,0
17.634489,0,0,0,0,1,0,0,0,0,0,0,0,0,0,0,0,0,0
17.641090,0,0,1,0,0,0,0,0,1,0,0,0,1,0,0,0,0,0
17.650051,0,0,0,0,0,1,0,0,0,1,0,1,0,1,0,1,0,0
17.652919,0,0,0,0,0,0,0,1,0,0,0,0,0,0,0,0,0,1
17.662718,1,0,0,0,0,0,0,0,1,0,0,0,1,0,0,0,0,0
17.689300,0,0,0,0,1,0,0,0,0,0,0,0,0,0,0,0,0,0
17.696552,0,0,0,0,0,0,1,1,0,1,0,1,0,1,0,0,1,1
17.699221,0,0,0,0,0,1,0,0,0,0,0,0,0,1,1,0,0,0
17.722123,0,1,1,0,0,0,0,0,0,1,1,0,1,0,0,1,0,0
17.735854,0,0,0,0,1,0,0,0,0,0,0,0,0,0,0,0,0,0
17.735865,1,0,0,1,0,0,1,0,0,1,1,0,1,1,1,0,1,0
17.748638,0,0,0,0,0,0,0,1,0,0,0,0,0,0,0,0,0,1
17.748819,0,0,0,0,0,1,0,0,0,0,0,0,0,1,1,0,0,0
17.758717,0,1,1,0,0,0,0,0,0,1,1,0,1,0,0,1,0,0
17.775182,1,0,0,0,0,0,0,0,1,0,0,0,1,0,0,0,0,0
17.783877,0,0,0,0,1,0,1,0,0,1,0,1,0,1,0,0,1,0
17.797652,0,0,0,0,0,0,0,1,0,0,0,0,0,0,0,0,0,1
17.801658,0,0,0,0,0,1,0,0,0,0,0,0,0,1,1,0,0,0
17.805141,0,1,1,0,0,0,0,0,0,1,1,0,1,0,0,1,0,0
17.818797,1,0,0,1,0,0,1,0,0,1,1,0,1,1,1,0,1,0
17.827715,0,0,0,0,1,0,0,0,0,0,0,0,0,0,0,0,0,0
17.841371,0,0,1,0,0,0,0,0,1,0,0,0,1,0,0,0,0,0
17.849844,0,0,0,0,0,1,0,0,0,1,0,1,0,1,0,1,0,0
17.850071,0,0,0,0,0,0,0,1,0,0,0,0,0,0,0,0,0,1
17.867647,1,0,0,0,0,0,0,0,1,0,0,0,1,0,0,0,0,0
17.888897,0,0,0,0,1,0,0,0,0,0,0,0,0,0,0,0,0,0
17.896083,0,0,0,0,0,0,1,0,0,1,0,1,0,1,0,0,1,0
17.898093,0,0,0,0,0,0,0,1,0,0,0,0,0,0,0,0,0,1
17.900379,0,0,0,0,0,1,0,0,0,0,0,0,0,1,1,0,0,0
17.919057,0,1,1,0,0,0,0,0,0,1,1,0,1,0,0,1,0,0
17.929291,1,0,0,0,0,0,0,0,1,0,0,0,1,0,0,0,0,0
17.935376,0,0,0,0,1,0,1,0,0,1,0,1,0,1,0,0,1,0
17.949319,0,0,0,0,0,1,0,0,0,0,0,0,0,1,1,0,0,0
17.952738,0,0,0,0,0,0,0,1,0,0,0,0,0,0,0,0,0,1
17.961253,0,1,1,0,0,0,0,0,0,1,1,0,1,0,0,1,0,0
17.978596,1,0,0,1,0,0,1,0,0,1,1,0,1,1,1,0,1,0
17.985075,0,0,0,0,1,0,0,0,0,0,0,0,0,0,0,0,0,0
17.996782,0,0,0,0,0,0,0,1,0,0,0,0,0,0,0,0,0,1
18.000660,0,0,0,0,0,1,0,0,0,0,0,0,0,1,1,0,0,0
18.008185,0,1,1,0,0,0,0,0,0,1,1,0,1,0,0,1,0,0
18.021633,1,0,0,1,0,0,1,0,0,1,1,0,1,1,1,0,1,0
18.028540,0,0,0,0,1,0,0,0,0,0,0,0,0,0,0,0,0,0
18.046142,0,0,1,0,0,0,0,0,1,0,0,0,1,0,0,0,0,0
18.050282,0,0,0,0,0,1,0,0,0,1,0,1,0,1,0,1,0,0
18.051838,0,0,0,0,0,0,0,1,0,0,0,0,0,0,0,0,0,1
18.060895,1,0,0,0,0,0,0,0,1,0,0,0,1,0,0,0,0,0
18.071859,0,0,0,0,0,0,1,0,0,1,0,1,0,1,0,0,1,0
18.090295,0,0,0,0,1,0,0,0,0,0,0,0,0,0,0,0,0,0
18.099473,0,0,1,0,0,0,0,0,1,0,0,0,1,0,0,0,0,0
18.100541,0,0,0,0,0,1,0,0,0,1,0,1,0,1,0,1,0,0
18.102981,0,0,0,0,0,0,0,1,0,0,0,0,0,0,0,0,0,1
18.115503,1,0,0,1,0,0,1,0,0,1,1,0,1,1,1,0,1,0
18.136366,0,0,0,0,1,0,0,0,0,0,0,0,0,0,0,0,0,0
18.142835,0,0,1,0,0,0,0,0,1,0,0,0,1,0,0,0,0,0
18.149660,0,0,0,0,0,1,0,0,0,1,0,1,0,1,0,1,0,0
18.152648,0,0,0,0,0,0,0,1,0,0,0,0,0,0,0,0,0,1
18.159844,1,0,0,1,0,0,1,0,0,1,1,0,1,1,1,0,1,0
18.188280,0,0,1,0,0,0,0,0,1,0,0,0,1,0,0,0,0,0
18.188984,0,0,0,0,1,0,0,0,0,0,0,0,0,0,0,0,0,0
18.200429,0,0,0,0,0,0,0,1,0,0,0,0,0,0,0,0,0,1
18.201712,0,0,0,0,0,1,0,0,0,1,0,1,0,1,0,1,0,0
18.217131,1,0,0,0,0,0,0,0,1,0,0,0,1,0,0,0,0,0
18.227271,0,0,0,0,0,0,1,0,0,1,0,1,0,1,0,0,1,0
18.238832,0,0,0,0,1,0,0,0,0,0,0,0,0,0,0,0,0,0
18.249086,0,0,0,0,0,1,0,0,0,0,0,0,0,1,1,0,0,0
18.250620,0,1,1,0,0,0,0,0,0,1,1,0,1,0,0,1,0,0
18.251021,0,0,0,0,0,0,0,1,0,0,0,0,0,0,0,0,0,1
18.265984,1,0,0,0,0,0,0,0,1,0,0,0,1,0,0,0,0,0
18.288847,0,0,0,0,1,0,0,0,0,0,0,0,0,0,0,0,0,0
18.297914,0,0,0,0,0,0,0,1,0,0,0,0,0,0,0,0,0,1
18.299537,0,0,0,0,0,1,1,0,0,1,0,1,0,1,0,0,1,0
18.326313,0,1,1,0,0,0,0,0,0,1,1,0,1,0,0,1,0,0
18.330494,0,0,0,0,1,0,0,0,0,0,0,0,0,0,0,0,0,0
18.342655,1,0,0,1,0,0,1,0,0,1,1,0,1,1,1,0,1,0
18.350336,0,0,0,0,0,1,0,0,0,0,0,0,0,1,1,0,0,0
18.353092,0,0,0,0,0,0,0,1,0,0,0,0,0,0,0,0,0,1
18.368879,0,1,1,0,0,0,0,0,0,1,1,0,1,0,0,1,0,0
18.385109,1,0,0,1,0,0,1,0,0,1,1,0,1,1,1,0,1,0
18.390505,0,0,0,0,1,0,0,0,0,0,0,0,0,0,0,0,0,0
18.400892,0,0,0,0,0,1,0,0,0,0,0,0,0,1,1,0,0,0
18.403281,0,0,0,0,0,0,0,1,0,0,0,0,0,0,0,0,0,1
18.409089,0,1,1,0,0,0,0,0,0,1,1,0,1,0,0,1,0,0
18.424917,1,0,0,0,0,0,0,0,1,0,0,0,1,0,0,0,0,0
18.442556,0,0,0,0,1,0,0,0,0,0,0,0,0,0,0,0,0,0
18.448555,0,0,0,0,0,0,1,1,0,1,0,1,0,1,0,0,1,1
18.449750,0,0,0,0,0,1,0,0,0,0,0,0,0,1,1,0,0,0
18.472001,0,1,1,0,0,0,0,0,0,1,1,0,1,0,0,1,0,0
18.485112,0,0,0,0,1,0,0,0,0,0,0,0,0,0,0,0,0,0
18.485869,1,0,0,1,0,0,1,0,0,1,1,0,1,1,1,0,1,0
18.496823,0,0,0,0,0,0,0,1,0,0,0,0,0,0,0,0,0,1
18.498508,0,0,0,0,0,1,0,0,0,0,0,0,0,1,1,0,0,0
18.510413,0,1,1,0,0,0,0,0,0,1,1,0,1,0,0,1,0,0
18.521383,1,0,0,1,0,0,1,0,0,1,1,0,1,1,1,0,1,0
18.531989,0,0,0,0,1,0,0,0,0,0,0,0,0,0,0,0,0,0
18.544011,0,0,1,0,0,0,0,0,1,0,0,0,1,0,0,0,0,0
18.549272,0,0,0,0,0,1,0,0,0,1,0,1,0,1,0,1,0,0
18.551294,0,0,0,0,0,0,0,1,0,0,0,0,0,0,0,0,0,1
18.562997,1,0,0,1,0,0,1,0,0,1,1,0,1,1,1,0,1,0
18.583381,0,0,0,0,1,0,0,0,0,0,0,0,0,0,0,0,0,0
18.588721,0,0,1,0,0,0,0,0,1,0,0,0,1,0,0,0,0,0
18.599742,0,0,0,0,0,1,0,0,0,1,0,1,0,1,0,1,0,0
18.602037,0,0,0,0,0,0,0,1,0,0,0,0,0,0,0,0,0,1
18.611882,1,0,0,0,0,0,0,0,1,0,0,0,1,0,0,0,0,0
18.628446,0,0,0,0,0,0,1,0,0,1,0,1,0,1,0,0,1,0
18.634884,0,0,0,0,1,0,0,0,0,0,0,0,0,0,0,0,0,0
18.649939,0,0,0,0,0,0,0,1,0,0,0,0,0,0,0,0,0,1
18.650018,0,0,0,0,0,1,0,0,0,0,0,0,0,1,1,0,0,0
18.656885,0,1,1,0,0,0,0,0,0,1,1,0,1,0,0,1,0,0
18.669356,1,0,0,1,0,0,1,0,0,1,1,0,1,1,1,0,1,0
18.689261,0,0,0,0,1,0,0,0,0,0,0,0,0,0,0,0,0,0
18.693842,0,0,1,0,0,0,0,0,1,0,0,0,1,0,0,0,0,0
18.697589,0,0,0,0,0,0,0,1,0,0,0,0,0,0,0,0,0,1
18.700557,0,0,0,0,0,1,0,0,0,1,0,1,0,1,0,1,0,0
18.712362,1,0,0,1,0,0,1,0,0,1,1,0,1,1,1,0,1,0
18.736284,0,0,0,0,1,0,0,0,0,0,0,0,0,0,0,0,0,0
18.738299,0,0,1,0,0,0,0,0,1,0,0,0,1,0,0,0,0,0
18.749910,0,0,0,0,0,1,0,0,0,1,0,1,0,1,0,1,0,0
18.752501,0,0,0,0,0,0,0,1,0,0,0,0,0,0,0,0,0,1
18.766723,1,0,0,0,0,0,0,0,1,0,0,0,1,0,0,0,0,0
18.774443,0,0,0,0,0,0,1,0,0,1,0,1,0,1,0,0,1,0
18.785910,0,0,0,0,1,0,0,0,0,0,0,0,0,0,0,0,0,0
18.798258,0,0,0,0,0,0,0,1,0,0,0,0,0,0,0,0,0,1
18.799245,0,0,1,0,0,0,0,0,1,0,0,0,1,0,0,0,0,0
18.801453,0,0,0,0,0,1,0,0,0,1,0,1,0,1,0,1,0,0
18.816803,1,0,0,1,0,0,1,0,0,1,1,0,1,1,1,0,1,0
18.833203,0,0,0,0,1,0,0,0,0,0,0,0,0,0,0,0,0,0
18.837805,0,0,1,0,0,0,0,0,1,0,0,0,1,0,0,0,0,0
18.850650,0,0,0,0,0,0,0,1,0,0,0,0,0,0,0,0,0,1
18.850845,0,0,0,0,0,1,0,0,0,1,0,1,0,1,0,1,0,0
18.867906,1,0,0,1,0,0,1,0,0,1,1,0,1,1,1,0,1,0
18.890643,0,0,0,0,1,0,0,0,0,0,0,0,0,0,0,0,0,0
18.893180,0,0,1,0,0,0,0,0,1,0,0,0,1,0,0,0,0,0
18.901671,0,0,0,0,0,1,0,0,0,1,0,1,0,1,0,1,0,0
18.902639,0,0,0,0,0,0,0,1,0,0,0,0,0,0,0,0,0,1
18.915177,1,0,0,1,0,0,1,0,0,1,1,0,1,1,1,0,1,0
18.938153,0,0,1,0,0,0,0,0,1,0,0,0,1,0,0,0,0,0
18.941077,0,0,0,0,1,0,0,0,0,0,0,0,0,0,0,0,0,0
18.950299,0,0,0,0,0,1,0,0,0,1,0,1,0,1,0,1,0,0
18.952812,0,0,0,0,0,0,0,1,0,0,0,0,0,0,0,0,0,1
18.963015,1,0,0,0,0,0,0,0,1,0,0,0,1,0,0,0,0,0
18.989729,0,0,0,0,1,0,1,0,0,1,0,1,0,1,0,0,1,0
19.000740,0,0,0,0,0,1,0,0,0,0,0,0,0,1,1,0,0,0
19.000937,0,0,0,0,0,0,0,1,0,0,0,0,0,0,0,0,0,1
19.014345,0,1,1,0,0,0,0,0,0,1,1,0,1,0,0,1,0,0
19.024917,1,0,0,1,0,0,1,0,0,1,1,0,1,1,1,0,1,0
19.036158,0,0,0,0,1,0,0,0,0,0,0,0,0,0,0,0,0,0
19.045917,0,0,1,0,0,0,0,0,1,0,0,0,1,0,0,0,0,0
19.048149,0,0,0,0,0,0,0,1,0,0,0,0,0,0,0,0,0,1
19.050486,0,0,0,0,0,1,0,0,0,1,0,1,0,1,0,1,0,0
19.062906,1,0,0,0,0,0,0,0,1,0,0,0,1,0,0,0,0,0
19.077539,0,0,0,0,0,0,1,0,0,1,0,1,0,1,0,0,1,0
19.081883,0,0,0,0,1,0,0,0,0,0,0,0,0,0,0,0,0,0
19.099607,0,0,0,0,0,1,0,0,0,0,0,0,0,1,1,0,0,0
19.101334,0,0,0,0,0,0,0,1,0,0,0,0,0,0,0,0,0,1
19.102529,0,1,1,0,0,0,0,0,0,1,1,0,1,0,0,1,0,0
19.118188,1,0,0,1,0,0,1,0,0,1,1,0,1,1,1,0,1,0
19.139868,0,0,0,0,1,0,0,0,0,0,0,0,0,0,0,0,0,0
19.145608,0,0,1,0,0,0,0,0,1,0,0,0,1,0,0,0,0,0
19.147172,0,0,0,0,0,0,0,1,0,0,0,0,0,0,0,0,0,1
19.148632,0,0,0,0,0,1,0,0,0,1,0,1,0,1,0,1,0,0
19.164213,1,0,0,1,0,0,1,0,0,1,1,0,1,1,1,0,1,0
19.186351,0,0,0,0,1,0,0,0,0,0,0,0,0,0,0,0,0,0
19.189222,0,0,1,0,0,0,0,0,1,0,0,0,1,0,0,0,0,0
19.199198,0,0,0,0,0,0,0,1,0,0,0,0,0,0,0,0,0,1
19.200516,0,0,0,0,0,1,0,0,0,1,0,1,0,1,0,1,0,0
19.211002,1,0,0,1,0,0,1,0,0,1,1,0,1,1,1,0,1,0
19.233652,0,0,1,0,0,0,0,0,1,0,0,0,1,0,0,0,0,0
19.238288,0,0,0,0,1,0,0,0,0,0,0,0,0,0,0,0,0,0
19.248400,0,0,0,0,0,0,0,1,0,0,0,0,0,0,0,0,0,1
19.250171,0,0,0,0,0,1,0,0,0,1,0,1,0,1,0,1,0,0
19.267075,1,0,0,0,0,0,0,0,1,0,0,0,1,0,0,0,0,0
19.284311,0,0,0,0,1,0,1,0,0,1,0,1,0,1,0,0,1,0
19.297947,0,0,0,0,0,0,0,1,0,0,0,0,0,0,0,0,0,1
19.300590,0,0,0,0,0,1,0,0,0,0,0,0,0,1,1,0,0,0
19.308789,0,1,1,0,0,0,0,0,0,1,1,0,1,0,0,1,0,0
19.325907,1,0,0,1,0,0,1,0,0,1,1,0,1,1,1,0,1,0
19.336834,0,0,0,0,1,0,0,0,0,0,0,0,0,0,0,0,0,0
19.347349,0,0,0,0,0,0,0,1,0,0,0,0,0,0,0,0,0,1
19.350801,0,0,0,0,0,1,0,0,0,0,0,0,0,1,1,0,0,0
19.352528,0,1,1,0,0,0,0,0,0,1,1,0,1,0,0,1,0,0
19.367162,1,0,0,0,0,0,0,0,1,0,0,0,1,0,0,0,0,0
19.384200,0,0,0,0,1,0,1,0,0,1,0,1,0,1,0,0,1,0
19.401248,0,0,0,0,0,1,0,0,0,0,0,0,0,1,1,0,0,0
19.401667,0,0,0,0,0,0,0,1,0,0,0,0,0,0,0,0,0,1
19.408772,0,1,1,0,0,0,0,0,0,1,1,0,1,0,0,1,0,0
19.424605,1,0,0,1,0,0,1,0,0,1,1,0,1,1,1,0,1,0
19.439903,0,0,0,0,1,0,0,0,0,0,0,0,0,0,0,0,0,0
19.445885,0,0,1,0,0,0,0,0,1,0,0,0,1,0,0,0,0,0
19.449767,0,0,0,0,0,1,0,0,0,1,0,1,0,1,0,1,0,0
19.450492,0,0,0,0,0,0,0,1,0,0,0,0,0,0,0,0,0,1
19.466139,1,0,0,1,0,0,1,0,0,1,1,0,1,1,1,0,1,0
19.486827,0,0,0,0,1,0,0,0,0,0,0,0,0,0,0,0,0,0
19.487048,0,0,1,0,0,0,0,0,1,0,0,0,1,0,0,0,0,0
19.500619,0,0,0,0,0,1,0,0,0,1,0,1,0,1,0,1,0,0
19.501886,0,0,0,0,0,0,0,1,0,0,0,0,0,0,0,0,0,1
19.517846,1,0,0,0,0,0,0,0,1,0,0,0,1,0,0,0,0,0
19.538417,0,0,0,0,1,0,1,0,0,1,0,1,0,1,0,0,1,0
19.548740,0,0,0,0,0,1,0,0,0,0,0,0,0,1,1,0,0,0
19.551853,0,0,0,0,0,0,0,1,0,0,0,0,0,0,0,0,0,1
19.563608,0,1,1,0,0,0,0,0,0,1,1,0,1,0,0,1,0,0
19.578837,1,0,0,1,0,0,1,0,0,1,1,0,1,1,1,0,1,0
19.590011,0,0,0,0,1,0,0,0,0,0,0,0,0,0,0,0,0,0
19.596120,0,0,0,0,0,0,0,1,0,0,0,0,0,0,0,0,0,1
19.600313,0,0,0,0,0,1,0,0,0,0,0,0,0,1,1,0,0,0
19.600596,0,1,1,0,0,0,0,0,0,1,1,0,1,0,0,1,0,0
19.619178,1,0,0,0,0,0,0,0,1,0,0,0,1,0,0,0,0,0
19.634843,0,0,0,0,1,0,1,0,0,1,0,1,0,1,0,0,1,0
19.647289,0,0,0,0,0,0,0,1,0,0,0,0,0,0,0,0,0,1
19.650860,0,0,0,0,0,1,0,0,0,0,0,0,0,1,1,0,0,0
19.656128,0,1,1,0,0,0,0,0,0,1,1,0,1,0,0,1,0,0
19.669326,1,0,0,0,0,0,0,0,1,0,0,0,1,0,0,0,0,0
19.682788,0,0,0,0,1,0,1,0,0,1,0,1,0,1,0,0,1,0
19.700070,0,0,0,0,0,0,0,1,0,0,0,0,0,0,0,0,0,1
19.700597,0,0,0,0,0,1,0,0,0,0,0,0,0,1,1,0,0,0
19.710822,0,1,1,0,0,0,0,0,0,1,1,0,1,0,0,1,0,0
19.721839,1,0,0,1,0,0,1,0,0,1,1,0,1,1,1,0,1,0
19.731047,0,0,0,0,1,0,0,0,0,0,0,0,0,0,0,0,0,0
19.746669,0,0,1,0,0,0,0,0,1,0,0,0,1,0,0,0,0,0
19.749871,0,0,0,0,0,1,0,0,0,1,0,1,0,1,0,1,0,0
19.750316,0,0,0,0,0,0,0,1,0,0,0,0,0,0,0,0,0,1
19.765435,1,0,0,0,0,0,0,0,1,0,0,0,1,0,0,0,0,0
19.788413,0,0,0,0,1,0,0,0,0,0,0,0,0,0,0,0,0,0
19.792054,0,0,0,0,0,0,1,0,0,1,0,1,0,1,0,0,1,0
19.799407,0,0,0,0,0,0,0,1,0,0,0,0,0,0,0,0,0,1
19.799836,0,0,0,0,0,1,0,0,0,0,0,0,0,1,1,0,0,0
19.815941,0,1,1,0,0,0,0,0,0,1,1,0,1,0,0,1,0,0
19.830255,0,0,0,0,1,0,0,0,0,0,0,0,0,0,0,0,0,0
19.833143,1,0,0,0,0,0,0,0,1,0,0,0,1,0,0,0,0,0
19.846770,0,0,0,0,0,0,1,1,0,1,0,1,0,1,0,0,1,1
19.849967,0,0,0,0,0,1,0,0,0,0,0,0,0,1,1,0,0,0
19.869525,0,1,1,0,0,0,0,0,0,1,1,0,1,0,0,1,0,0
19.884117,0,0,0,0,1,0,0,0,0,0,0,0,0,0,0,0,0,0
19.887687,1,0,0,1,0,0,1,0,0,1,1,0,1,1,1,0,1,0
19.896491,0,0,0,0,0,0,0,1,0,0,0,0,0,0,0,0,0,1
19.900855,0,0,0,0,0,1,0,0,0,0,0,0,0,1,1,0,0,0
19.917425,0,1,1,0,0,0,0,0,0,1,1,0,1,0,0,1,0,0
19.928941,1,0,0,1,0,0,1,0,0,1,1,0,1,1,1,0,1,0
19.929477,0,0,0,0,1,0,0,0,0,0,0,0,0,0,0,0,0,0
19.948857,0,0,0,0,0,1,0,0,0,0,0,0,0,1,1,0,0,0
19.949757,0,1,1,0,0,0,0,0,0,1,1,0,1,0,0,1,0,0
19.951677,0,0,0,0,0,0,0,1,0,0,0,0,0,0,0,0,0,1
19.959778,1,0,0,1,0,0,1,0,0,1,1,0,1,1,1,0,1,0
19.989245,0,0,0,0,1,0,0,0,0,0,0,0,0,0,0,0,0,0
19.989642,0,0,1,0,0,0,0,0,1,0,0,0,1,0,0,0,0,0
20.000052,0,0,0,0,0,0,0,1,0,0,0,0,0,0,0,0,0,1
20.000130,0,0,0,0,0,1,0,0,0,1,0,1,0,1,0,1,0,0
20.014204,1,0,0,0,0,0,0,0,1,0,0,0,1,0,0,0,0,0
20.037455,0,0,0,0,1,0,1,0,0,1,0,1,0,1,0,0,1,0
20.049583,0,0,0,0,0,1,0,0,0,0,0,0,0,1,1,0,0,0
20.049759,0,0,0,0,0,0,0,1,0,0,0,0,0,0,0,0,0,1
20.061512,0,1,1,0,0,0,0,0,0,1,1,0,1,0,0,1,0,0
20.077718,1,0,0,1,0,0,1,0,0,1,1,0,1,1,1,0,1,0
20.083028,0,0,0,0,1,0,0,0,0,0,0,0,0,0,0,0,0,0
20.097652,0,0,0,0,0,0,0,1,0,0,0,0,0,0,0,0,0,1
20.101030,0,0,0,0,0,1,0,0,0,0,0,0,0,1,1,0,0,0
20.106896,0,1,1,0,0,0,0,0,0,1,1,0,1,0,0,1,0,0
20.126793,1,0,0,1,0,0,1,0,0,1,1,0,1,1,1,0,1,0
20.134240,0,0,0,0,1,0,0,0,0,0,0,0,0,0,0,0,0,0
20.150064,0,0,0,0,0,1,0,0,0,0,0,0,0,1,1,0,0,0
20.151251,0,0,0,0,0,0,0,1,0,0,0,0,0,0,0,0,0,1
20.152783,0,1,1,0,0,0,0,0,0,1,1,0,1,0,0,1,0,0
20.164421,1,0,0,1,0,0,1,0,0,1,1,0,1,1,1,0,1,0
20.191038,0,0,0,0,1,0,0,0,0,0,0,0,0,0,0,0,0,0
20.192126,0,0,1,0,0,0,0,0,1,0,0,0,1,0,0,0,0,0
20.200808,0,0,0,0,0,0,0,1,0,0,0,0,0,0,0,0,0,1
20.201554,0,0,0,0,0,1,0,0,0,1,0,1,0,1,0,1,0,0
20.218002,1,0,0,0,0,0,0,0,1,0,0,0,1,0,0,0,0,0
20.234959,0,0,0,0,0,0,1,0,0,1,0,1,0,1,0,0,1,0
20.236352,0,0,0,0,1,0,0,0,0,0,0,0,0,0,0,0,0,0
20.249238,0,0,0,0,0,0,0,1,0,0,0,0,0,0,0,0,0,1
20.250177,0,0,0,0,0,1,0,0,0,0,0,0,0,1,1,0,0,0
20.260757,0,1,1,0,0,0,0,0,0,1,1,0,1,0,0,1,0,0
20.275944,1,0,0,0,0,0,0,0,1,0,0,0,1,0,0,0,0,0
20.288993,0,0,0,0,1,0,0,0,0,0,0,0,0,0,0,0,0,0
20.299917,0,0,0,0,0,1,1,0,0,1,0,1,0,1,0,1,0,0
20.300786,0,0,0,0,0,0,0,1,0,0,0,0,0,0,0,0,0,1
20.313200,1,0,0,1,0,0,0,0,0,1,1,0,1,0,0,0,1,0
20.338781,0,0,1,1,0,0,1,0,0,1,1,0,1,1,1,0,1,0
20.339350,0,0,0,0,1,0,0,0,0,0,0,0,0,0,0,0,0,0
20.350276,0,0,0,0,0,0,0,1,0,0,0,0,0,0,0,0,0,1
20.350955,0,0,0,0,0,1,0,0,0,0,0,0,0,1,1,0,0,0
20.363752,0,1,1,0,0,0,0,0,0,1,1,0,1,0,0,1,0,0
20.379616,1,0,0,0,0,0,0,0,1,0,0,0,1,0,0,0,0,0
20.389092,0,0,0,0,1,0,1,0,0,1,0,1,0,1,0,0,1,0
20.396394,0,0,0,0,0,0,0,1,0,0,0,0,0,0,0,0,0,1
20.400106,0,0,0,0,0,1,0,0,0,0,0,0,0,1,1,0,0,0
20.412722,0,1,1,0,0,0,0,0,0,1,1,0,1,0,0,1,0,0
20.423688,1,0,0,0,0,0,0,0,1,0,0,0,1,0,0,0,0,0
20.434964,0,0,0,0,1,0,1,0,0,1,0,1,0,1,0,0,1,0
20.448870,0,0,0,0,0,0,0,1,0,0,0,0,0,0,0,0,0,1
20.450304,0,0,0,0,0,1,0,0,0,0,0,0,0,1,1,0,0,0
20.457194,0,1,1,0,0,0,0,0,0,1,1,0,1,0,0,1,0,0
20.473650,1,0,0,0,0,0,0,0,1,0,0,0,1,0,0,0,0,0
20.475616,0,0,0,0,0,0,1,0,0,1,0,1,0,1,0,0,1,0
20.486744,0,0,0,0,1,0,0,0,0,0,0,0,0,0,0,0,0,0
20.499171,0,0,0,0,0,0,0,1,0,0,0,0,0,0,0,0,0,1
20.499617,0,0,0,0,0,1,0,0,0,0,0,0,0,1,1,0,0,0
20.502114,0,1,1,0,0,0,0,0,0,1,1,0,1,0,0,1,0,0
20.517326,1,0,0,1,0,0,1,0,0,1,1,0,1,1,1,0,1,0
20.537648,0,0,0,0,1,0,0,0,0,0,0,0,0,0,0,0,0,0
20.539158,0,0,1,0,0,0,0,0,1,0,0,0,1,0,0,0,0,0
20.550109,0,0,0,0,0,1,0,0,0,1,0,1,0,1,0,1,0,0
20.552054,0,0,0,0,0,0,0,1,0,0,0,0,0,0,0,0,0,1
20.563806,1,0,0,0,0,0,0,0,1,0,0,0,1,0,0,0,0,0
20.574599,0,0,0,0,0,0,1,0,0,1,0,1,0,1,0,0,1,0
20.590021,0,0,0,0,1,0,0,0,0,0,0,0,0,0,0,0,0,0
20.598468,0,0,0,0,0,1,0,0,0,0,0,0,0,1,1,0,0,0
20.600103,0,0,0,0,0,0,0,1,0,0,0,0,0,0,0,0,0,1
20.602619,0,1,1,0,0,0,0,0,0,1,1,0,1,0,0,1,0,0
20.616233,1,0,0,1,0,0,1,0,0,1,1,0,1,1,1,0,1,0
20.631454,0,0,0,0,1,0,0,0,0,0,0,0,0,0,0,0,0,0
20.640295,0,0,1,0,0,0,0,0,1,0,0,0,1,0,0,0,0,0
20.650159,0,0,0,0,0,1,0,0,0,1,0,1,0,1,0,1,0,0
20.651036,0,0,0,0,0,0,0,1,0,0,0,0,0,0,0,0,0,1
20.667731,1,0,0,0,0,0,0,0,1,0,0,0,1,0,0,0,0,0
20.687281,0,0,0,0,1,0,1,0,0,1,0,1,0,1,0,0,1,0
20.698281,0,0,0,0,0,0,0,1,0,0,0,0,0,0,0,0,0,1
20.700818,0,0,0,0,0,1,0,0,0,0,0,0,0,1,1,0,0,0
20.710034,0,1,1,0,0,0,0,0,0,1,1,0,1,0,0,1,0,0
20.725308,1,0,0,0,0,0,0,0,1,0,0,0,1,0,0,0,0,0
20.730461,0,0,0,0,0,0,1,0,0,1,0,1,0,1,0,0,1,0
20.731755,0,0,0,0,1,0,0,0,0,0,0,0,0,0,0,0,0,0
20.748601,0,0,0,0,0,0,0,1,0,0,0,0,0,0,0,0,0,1
20.749956,0,0,0,0,0,1,0,0,0,0,0,0,0,1,1,0,0,0
20.760105,0,1,1,0,0,0,0,0,0,1,1,0,1,0,0,1,0,0
20.772483,1,0,0,0,0,0,0,0,1,0,0,0,1,0,0,0,0,0
20.778981,0,0,0,0,0,0,1,0,0,1,0,1,0,1,0,0,1,0
20.787323,0,0,0,0,1,0,0,0,0,0,0,0,0,0,0,0,0,0
20.800876,0,0,0,0,0,1,0,0,0,0,0,0,0,1,1,0,0,0
20.803678,0,0,0,0,0,0,0,1,0,0,0,0,0,0,0,0,0,1
20.805124,0,1,1,0,0,0,0,0,0,1,1,0,1,0,0,1,0,0
20.816188,1,0,0,0,0,0,0,0,1,0,0,0,1,0,0,0,0,0
20.843380,0,0,0,0,1,0,1,0,0,1,0,1,0,1,0,0,1,0
20.849164,0,0,0,0,0,1,0,0,0,0,0,0,0,1,1,0,0,0
20.849868,0,0,0,0,0,0,0,1,0,0,0,0,0,0,0,0,0,1
20.868948,0,1,1,0,0,0,0,0,0,1,1,0,1,0,0,1,0,0
20.881543,1,0,0,0,0,0,0,0,1,0,0,0,1,0,0,0,0,0
20.883668,0,0,0,0,1,0,1,0,0,1,0,1,0,1,0,0,1,0
20.899371,0,0,0,0,0,1,0,0,0,0,0,0,0,1,1,0,0,0
20.900536,0,0,0,0,0,0,0,1,0,0,0,0,0,0,0,0,0,1
20.910676,0,1,1,0,0,0,0,0,0,1,1,0,1,0,0,1,0,0
20.922764,1,0,0,1,0,0,1,0,0,1,1,0,1,1,1,0,1,0
20.934923,0,0,0,0,1,0,0,0,0,0,0,0,0,0,0,0,0,0
20.948274,0,0,0,0,0,1,0,0,0,0,0,0,0,1,1,0,0,0
20.950606,0,0,0,0,0,0,0,1,0,0,0,0,0,0,0,0,0,1
20.952460,0,1,1,0,0,0,0,0,0,1,1,0,1,0,0,1,0,0
20.967376,1,0,0,0,0,0,0,0,1,0,0,0,1,0,0,0,0,0
20.986664,0,0,0,0,1,0,0,0,0,0,0,0,0,0,0,0,0,0
20.988092,0,0,0,0,0,0,1,0,0,1,0,1,0,1,0,0,1,0
20.997585,0,0,0,0,0,0,0,1,0,0,0,0,0,0,0,0,0,1
20.999691,0,0,0,0,0,1,0,0,0,0,0,0,0,1,1,0,0,0
21.013360,0,1,1,0,0,0,0,0,0,1,1,0,1,0,0,1,0,0
21.030512,1,0,0,1,0,0,1,0,0,1,1,0,1,1,1,0,1,0
21.035533,0,0,0,0,1,0,0,0,0,0,0,0,0,0,0,0,0,0
21.047665,0,0,0,0,0,0,0,1,0,0,0,0,0,0,0,0,0,1
21.050893,0,0,0,0,0,1,0,0,0,0,0,0,0,1,1,0,0,0
21.054005,0,1,1,0,0,0,0,0,0,1,1,0,1,0,0,1,0,0
21.065229,1,0,0,1,0,0,1,0,0,1,1,0,1,1,1,0,1,0
21.085404,0,0,0,0,1,0,0,0,0,0,0,0,0,0,0,0,0,0
21.093014,0,0,1,0,0,0,0,0,1,0,0,0,1,0,0,0,0,0
21.098149,0,0,0,0,0,0,0,1,0,0,0,0,0,0,0,0,0,1
21.101534,0,0,0,0,0,1,0,0,0,1,0,1,0,1,0,1,0,0
21.113312,1,0,0,0,0,0,0,0,1,0,0,0,1,0,0,0,0,0
21.118291,0,0,0,0,0,0,1,0,0,1,0,1,0,1,0,0,1,0
21.137682,0,0,0,0,1,0,0,0,0,0,0,0,0,0,0,0,0,0
21.143215,0,0,1,0,0,0,0,0,1,0,0,0,1,0,0,0,0,0
21.148062,0,0,0,0,0,0,0,1,0,0,0,0,0,0,0,0,0,1
21.149090,0,0,0,0,0,1,0,0,0,1,0,1,0,1,0,1,0,0
21.159218,1,0,0,0,0,0,0,0,1,0,0,0,1,0,0,0,0,0
21.186272,0,0,0,0,1,0,0,0,0,0,0,0,0,0,0,0,0,0
21.200473,0,0,0,0,0,1,0,0,0,1,0,1,0,1,0,1,0,0
21.202177,0,0,0,0,0,0,1,0,0,0,0,0,0,1,1,0,0,0
21.203528,0,0,0,0,0,0,0,1,0,0,0,0,0,0,0,0,0,1
21.212389,1,0,0,1,0,0,0,0,0,1,1,0,1,0,0,0,1,0
21.225784,0,0,0,0,0,0,1,0,0,0,0,0,0,1,1,0,0,0
21.237939,0,0,0,0,1,0,0,0,0,0,0,0,0,0,0,0,0,0
21.242247,0,0,1,1,0,0,0,0,0,1,1,0,1,0,0,0,1,0
21.250897,0,0,0,0,0,1,0,0,0,0,0,0,0,1,1,0,0,0
21.252398,0,0,0,0,0,0,0,1,0,0,0,0,0,0,0,0,0,1
21.269672,0,1,1,0,0,0,0,0,0,1,1,0,1,0,0,1,0,0
21.280085,1,0,0,1,0,0,1,0,0,1,1,0,1,1,1,0,1,0
21.291143,0,0,0,0,1,0,0,0,0,0,0,0,0,0,0,0,0,0
21.298746,0,0,0,0,0,1,0,0,0,0,0,0,0,1,1,0,0,0
21.299077,0,0,0,0,0,0,0,1,0,0,0,0,0,0,0,0,0,1
21.309221,0,1,1,0,0,0,0,0,0,1,1,0,1,0,0,1,0,0
21.323048,1,0,0,0,0,0,0,0,1,0,0,0,1,0,0,0,0,0
21.329382,0,0,0,0,0,0,1,0,0,1,0,1,0,1,0,0,1,0
21.338548,0,0,0,0,1,0,0,0,0,0,0,0,0,0,0,0,0,0
21.348402,0,0,0,0,0,1,0,0,0,0,0,0,0,1,1,0,0,0
21.349063,0,0,0,0,0,0,0,1,0,0,0,0,0,0,0,0,0,1
21.353915,0,1,1,0,0,0,0,0,0,1,1,0,1,0,0,1,0,0
21.372593,1,0,0,0,0,0,0,0,1,0,0,0,1,0,0,0,0,0
21.382385,0,0,0,0,1,0,0,0,0,0,0,0,0,0,0,0,0,0
21.400178,0,0,0,0,0,1,0,0,0,1,0,1,0,1,0,1,0,0
21.400271,0,0,0,0,0,0,1,0,0,0,0,0,0,1,1,0,0,0
21.400364,0,0,0,0,0,0,0,1,0,0,0,0,0,0,0,0,0,1
21.410547,1,0,0,1,0,0,1,0,0,1,1,0,1,1,1,0,1,0
21.436398,0,0,1,1,0,0,0,0,0,1,1,0,1,0,0,0,1,0
21.439096,0,0,0,0,1,0,0,0,0,0,0,0,0,0,0,0,0,0
21.450610,0,0,0,0,0,1,0,0,0,0,0,0,0,1,1,0,0,0
21.452869,0,0,0,0,0,0,0,1,0,0,0,0,0,0,0,0,0,1
21.457758,0,1,1,0,0,0,0,0,0,1,1,0,1,0,0,1,0,0
21.473263,1,0,0,0,0,0,0,0,1,0,0,0,1,0,0,0,0,0
21.490591,0,0,0,0,1,0,1,0,0,1,0,1,0,1,0,0,1,0
21.499855,0,0,0,0,0,1,0,0,0,0,0,0,0,1,1,0,0,0
21.500278,0,0,0,0,0,0,0,1,0,0,0,0,0,0,0,0,0,1
21.514443,0,1,1,0,0,0,0,0,0,1,1,0,1,0,0,1,0,0
21.529020,1,0,0,0,0,0,0,0,1,0,0,0,1,0,0,0,0,0
21.536181,0,0,0,0,0,0,1,0,0,1,0,1,0,1,0,0,1,0
21.538881,0,0,0,0,1,0,0,0,0,0,0,0,0,0,0,0,0,0
21.549369,0,0,0,0,0,0,0,1,0,0,0,0,0,0,0,0,0,1
21.551185,0,0,0,0,0,1,0,0,0,0,0,0,0,1,1,0,0,0
21.562676,0,1,1,0,0,0,0,0,0,1,1,0,1,0,0,1,0,0
21.577936,1,0,0,0,0,0,0,0,1,0,0,0,1,0,0,0,0,0
21.579278,0,0,0,0,0,0,1,0,0,1,0,1,0,1,0,0,1,0
21.587657,0,0,0,0,1,0,0,0,0,0,0,0,0,0,0,0,0,0
21.599885,0,0,1,0,0,0,0,0,1,0,0,0,1,0,0,0,0,0
21.600884,0,0,0,0,0,1,0,0,0,1,0,1,0,1,0,1,0,0
21.602122,0,0,0,0,0,0,0,1,0,0,0,0,0,0,0,0,0,1
21.618684,1,0,0,1,0,0,1,0,0,1,1,0,1,1,1,0,1,0
21.639332,0,0,0,0,1,0,0,0,0,0,0,0,0,0,0,0,0,0
21.645488,0,0,1,0,0,0,0,0,1,0,0,0,1,0,0,0,0,0
21.649027,0,0,0,0,0,0,0,1,0,0,0,0,0,0,0,0,0,1
21.650954,0,0,0,0,0,1,0,0,0,1,0,1,0,1,0,1,0,0
21.668137,1,0,0,1,0,0,1,0,0,1,1,0,1,1,1,0,1,0
21.687248,0,0,0,0,1,0,0,0,0,0,0,0,0,0,0,0,0,0
21.692743,0,0,1,0,0,0,0,0,1,0,0,0,1,0,0,0,0,0
21.700552,0,0,0,0,0,1,0,0,0,1,0,1,0,1,0,1,0,0
21.702822,0,0,0,0,0,0,0,1,0,0,0,0,0,0,0,0,0,1
21.712495,1,0,0,1,0,0,1,0,0,1,1,0,1,1,1,0,1,0
21.738750,0,0,0,0,1,0,0,0,0,0,0,0,0,0,0,0,0,0
21.738915,0,0,1,0,0,0,0,0,1,0,0,0,1,0,0,0,0,0
21.748790,0,0,0,0,0,0,0,1,0,0,0,0,0,0,0,0,0,1
21.750045,0,0,0,0,0,1,0,0,0,1,0,1,0,1,0,1,0,0
21.766311,1,0,0,1,0,0,1,0,0,1,1,0,1,1,1,0,1,0
21.788061,0,0,0,0,1,0,0,0,0,0,0,0,0,0,0,0,0,0
21.793502,0,0,1,0,0,0,0,0,1,0,0,0,1,0,0,0,0,0
21.799792,0,0,0,0,0,0,0,1,0,0,0,0,0,0,0,0,0,1
21.800476,0,0,0,0,0,1,0,0,0,1,0,1,0,1,0,1,0,0
21.815658,1,0,0,1,0,0,1,0,0,1,1,0,1,1,1,0,1,0
21.836462,0,0,0,0,1,0,0,0,0,0,0,0,0,0,0,0,0,0
21.838955,0,0,1,0,0,0,0,0,1,0,0,0,1,0,0,0,0,0
21.849038,0,0,0,0,0,1,0,0,0,1,0,1,0,1,0,1,0,0
21.851287,0,0,0,0,0,0,0,1,0,0,0,0,0,0,0,0,0,1
21.864460,1,0,0,1,0,0,1,0,0,1,1,0,1,1,1,0,1,0
21.887800,0,0,1,0,0,0,0,0,1,0,0,0,1,0,0,0,0,0
21.890537,0,0,0,0,1,0,0,0,0,0,0,0,0,0,0,0,0,0
21.899453,0,0,0,0,0,1,0,0,0,1,0,1,0,1,0,1,0,0
21.900014,0,0,0,0,0,0,0,1,0,0,0,0,0,0,0,0,0,1
21.914888,1,0,0,0,0,0,0,0,1,0,0,0,1,0,0,0,0,0
21.933646,0,0,0,0,1,0,1,0,0,1,0,1,0,1,0,0,1,0
21.946114,0,0,0,0,0,0,0,1,0,0,0,0,0,0,0,0,0,1
21.948812,0,0,0,0,0,1,0,0,0,0,0,0,0,1,1,0,0,0
21.954275,0,1,1,0,0,0,0,0,0,1,1,0,1,0,0,1,0,0
21.968187,1,0,0,1,0,0,1,0,0,1,1,0,1,1,1,0,1,0
21.981297,0,0,0,0,1,0,0,0,0,0,0,0,0,0,0,0,0,0
21.994208,0,0,1,0,0,0,0,0,1,0,0,0,1,0,0,0,0,0
21.997918,0,0,0,0,0,0,0,1,0,0,0,0,0,0,0,0,0,1
22.000845,0,0,0,0,0,1,0,0,0,1,0,1,0,1,0,1,0,0
22.019424,1,0,0,0,0,0,0,0,1,0,0,0,1,0,0,0,0,0
22.032452,0,0,0,0,1,0,0,0,0,0,0,0,0,0,0,0,0,0
22.043259,0,0,0,0,0,0,1,0,0,1,0,1,0,1,0,0,1,0
22.048951,0,0,0,0,0,1,0,0,0,0,0,0,0,1,1,0,0,0
22.049833,0,0,0,0,0,0,0,1,0,0,0,0,0,0,0,0,0,1
22.069761,0,1,1,0,0,0,0,0,0,1,1,0,1,0,0,1,0,0
22.081481,1,0,0,1,0,0,1,0,0,1,1,0,1,1,1,0,1,0
22.086940,0,0,0,0,1,0,0,0,0,0,0,0,0,0,0,0,0,0
22.099986,0,0,0,0,0,1,0,0,0,0,0,0,0,1,1,0,0,0
22.102439,0,0,0,0,0,0,0,1,0,0,0,0,0,0,0,0,0,1
22.102701,0,1,1,0,0,0,0,0,0,1,1,0,1,0,0,1,0,0
22.116828,1,0,0,0,0,0,0,0,1,0,0,0,1,0,0,0,0,0
22.123997,0,0,0,0,0,0,1,0,0,1,0,1,0,1,0,0,1,0
22.141960,0,0,0,0,1,0,0,0,0,0,0,0,0,0,0,0,0,0
22.148066,0,0,0,0,0,0,0,1,0,0,0,0,0,0,0,0,0,1
22.148255,0,0,0,0,0,1,0,0,0,0,0,0,0,1,1,0,0,0
22.149498,0,1,1,0,0,0,0,0,0,1,1,0,1,0,0,1,0,0
22.167232,1,0,0,1,0,0,1,0,0,1,1,0,1,1,1,0,1,0
22.187945,0,0,0,0,1,0,0,0,0,0,0,0,0,0,0,0,0,0
22.191286,0,0,1,0,0,0,0,0,1,0,0,0,1,0,0,0,0,0
22.200048,0,0,0,0,0,1,0,0,0,1,0,1,0,1,0,1,0,0
22.201358,0,0,0,0,0,0,0,1,0,0,0,0,0,0,0,0,0,1
22.217761,1,0,0,0,0,0,0,0,1,0,0,0,1,0,0,0,0,0
22.229712,0,0,0,0,0,0,1,0,0,1,0,1,0,1,0,0,1,0
22.234363,0,0,0,0,1,0,0,0,0,0,0,0,0,0,0,0,0,0
22.248511,0,0,0,0,0,1,0,0,0,0,0,0,0,1,1,0,0,0
22.250698,0,0,0,0,0,0,0,1,0,0,0,0,0,0,0,0,0,1
22.256157,0,1,1,0,0,0,0,0,0,1,1,0,1,0,0,1,0,0
22.272062,1,0,0,0,0,0,0,0,1,0,0,0,1,0,0,0,0,0
22.281756,0,0,0,0,0,0,1,0,0,1,0,1,0,1,0,0,1,0
22.286967,0,0,0,0,1,0,0,0,0,0,0,0,0,0,0,0,0,0
22.296440,0,0,0,0,0,0,0,1,0,0,0,0,0,0,0,0,0,1
22.299801,0,0,0,0,0,1,0,0,0,0,0,0,0,1,1,0,0,0
22.303125,0,1,1,0,0,0,0,0,0,1,1,0,1,0,0,1,0,0
22.314809,1,0,0,0,0,0,0,0,1,0,0,0,1,0,0,0,0,0
22.329735,0,0,0,0,0,0,1,0,0,1,0,1,0,1,0,0,1,0
22.333100,0,0,0,0,1,0,0,0,0,0,0,0,0,0,0,0,0,0
22.347443,0,0,0,0,0,0,0,1,0,0,0,0,0,0,0,0,0,1
22.349649,0,0,0,0,0,1,0,0,0,0,0,0,0,1,1,0,0,0
22.353040,0,1,1,0,0,0,0,0,0,1,1,0,1,0,0,1,0,0
22.368184,1,0,0,0,0,0,0,0,1,0,0,0,1,0,0,0,0,0
22.379153,0,0,0,0,0,0,1,0,0,1,0,1,0,1,0,0,1,0
22.382038,0,0,0,0,1,0,0,0,0,0,0,0,0,0,0,0,0,0
22.399160,0,0,0,0,0,1,0,0,0,0,0,0,0,1,1,0,0,0
22.400748,0,0,0,0,0,0,0,1,0,0,0,0,0,0,0,0,0,1
22.408651,0,1,1,0,0,0,0,0,0,1,1,0,1,0,0,1,0,0
22.424094,1,0,0,1,0,0,1,0,0,1,1,0,1,1,1,0,1,0
22.439654,0,0,0,0,1,0,0,0,0,0,0,0,0,0,0,0,0,0
22.447983,0,0,0,0,0,0,0,1,0,0,0,0,0,0,0,0,0,1
22.449814,0,0,0,0,0,1,0,0,0,0,0,0,0,1,1,0,0,0
22.451378,0,1,1,0,0,0,0,0,0,1,1,0,1,0,0,1,0,0
22.464293,1,0,0,1,0,0,1,0,0,1,1,0,1,1,1,0,1,0
22.481479,0,0,0,0,1,0,0,0,0,0,0,0,0,0,0,0,0,0
22.492414,0,0,1,0,0,0,0,0,1,0,0,0,1,0,0,0,0,0
22.497156,0,0,0,0,0,0,0,1,0,0,0,0,0,0,0,0,0,1
22.498096,0,0,0,0,0,1,0,0,0,1,0,1,0,1,0,1,0,0
22.514231,1,0,0,0,0,0,0,0,1,0,0,0,1,0,0,0,0,0
22.525425,0,0,0,0,0,0,1,0,0,1,0,1,0,1,0,0,1,0
22.532371,0,0,0,0,1,0,0,0,0,0,0,0,0,0,0,0,0,0
22.548531,0,0,0,0,0,0,0,1,0,0,0,0,0,0,0,0,0,1
22.550455,0,0,0,0,0,1,0,0,0,0,0,0,0,1,1,0,0,0
22.552927,0,1,1,0,0,0,0,0,0,1,1,0,1,0,0,1,0,0
22.567631,1,0,0,1,0,0,1,0,0,1,1,0,1,1,1,0,1,0
22.585451,0,0,0,0,1,0,0,0,0,0,0,0,0,0,0,0,0,0
22.591273,0,0,1,0,0,0,0,0,1,0,0,0,1,0,0,0,0,0
22.600253,0,0,0,0,0,1,0,0,0,1,0,1,0,1,0,1,0,0
22.603452,0,0,0,0,0,0,0,1,0,0,0,0,0,0,0,0,0,1
22.616487,1,0,0,0,0,0,0,0,1,0,0,0,1,0,0,0,0,0
22.628682,0,0,0,0,0,0,1,0,0,1,0,1,0,1,0,0,1,0
22.637591,0,0,0,0,1,0,0,0,0,0,0,0,0,0,0,0,0,0
22.648790,0,0,0,0,0,0,0,1,0,0,0,0,0,0,0,0,0,1
22.649793,0,0,0,0,0,1,0,0,0,0,0,0,0,1,1,0,0,0
22.653819,0,1,1,0,0,0,0,0,0,1,1,0,1,0,0,1,0,0
22.668000,1,0,0,0,0,0,0,0,1,0,0,0,1,0,0,0,0,0
22.688664,0,0,0,0,1,0,1,0,0,1,0,1,0,1,0,0,1,0
22.699284,0,0,0,0,0,0,0,1,0,0,0,0,0,0,0,0,0,1
22.699527,0,0,0,0,0,1,0,0,0,0,0,0,0,1,1,0,0,0
22.709560,0,1,1,0,0,0,0,0,0,1,1,0,1,0,0,1,0,0
22.722979,1,0,0,0,0,0,0,0,1,0,0,0,1,0,0,0,0,0
22.723979,0,0,0,0,0,0,1,0,0,1,0,1,0,1,0,0,1,0
22.729946,0,0,0,0,1,0,0,0,0,0,0,0,0,0,0,0,0,0
22.745366,0,0,1,0,0,0,0,0,1,0,0,0,1,0,0,0,0,0
22.749071,0,0,0,0,0,1,0,0,0,1,0,1,0,1,0,1,0,0
22.753345,0,0,0,0,0,0,0,1,0,0,0,0,0,0,0,0,0,1
22.766401,1,0,0,1,0,0,1,0,0,1,1,0,1,1,1,0,1,0
22.788454,0,0,1,0,0,0,0,0,1,0,0,0,1,0,0,0,0,0
22.789698,0,0,0,0,1,0,0,0,0,0,0,0,0,0,0,0,0,0
22.798795,0,0,0,0,0,1,0,0,0,1,0,1,0,1,0,1,0,0
22.801330,0,0,0,0,0,0,0,1,0,0,0,0,0,0,0,0,0,1
22.814608,1,0,0,0,0,0,0,0,1,0,0,0,1,0,0,0,0,0
22.832792,0,0,0,0,0,0,1,0,0,1,0,1,0,1,0,0,1,0
22.835545,0,0,0,0,1,0,0,0,0,0,0,0,0,0,0,0,0,0
22.848528,0,0,0,0,0,0,0,1,0,0,0,0,0,0,0,0,0,1
22.850635,0,0,0,0,0,1,0,0,0,0,0,0,0,1,1,0,0,0
22.860492,0,1,1,0,0,0,0,0,0,1,1,0,1,0,0,1,0,0
22.872588,1,0,0,0,0,0,0,0,1,0,0,0,1,0,0,0,0,0
22.886664,0,0,0,0,1,0,1,0,0,1,0,1,0,1,0,0,1,0
22.899362,0,0,0,0,0,0,0,1,0,0,0,0,0,0,0,0,0,1
22.900757,0,0,0,0,0,1,0,0,0,0,0,0,0,1,1,0,0,0
22.909806,0,1,1,0,0,0,0,0,0,1,1,0,1,0,0,1,0,0
22.924546,1,0,0,0,0,0,0,0,1,0,0,0,1,0,0,0,0,0
22.932763,0,0,0,0,1,0,0,0,0,0,0,0,0,0,0,0,0,0
22.949096,0,0,0,0,0,1,1,0,0,1,0,1,0,1,0,1,0,0
22.952657,0,0,0,0,0,0,0,1,0,0,0,0,0,0,0,0,0,1
22.968979,1,0,0,1,0,0,1,0,0,1,1,0,1,1,1,0,1,0
22.986271,0,0,0,0,1,0,0,0,0,0,0,0,0,0,0,0,0,0
22.997155,0,0,1,1,0,0,0,0,0,1,1,0,1,0,0,0,1,0
22.999894,0,0,0,0,0,0,0,1,0,0,0,0,0,0,0,0,0,1
23.000119,0,0,0,0,0,1,0,0,0,0,0,0,0,1,1,0,0,0
23.018257,0,1,1,0,0,0,0,0,0,1,1,0,1,0,0,1,0,0
23.035869,0,0,0,0,1,0,0,0,0,0,0,0,0,0,0,0,0,0
23.037842,1,0,0,0,0,0,0,0,1,0,0,0,1,0,0,0,0,0
23.050201,0,0,0,0,0,1,0,0,0,1,0,1,0,1,0,1,0,0
23.051315,0,0,0,0,0,0,0,1,0,0,0,0,0,0,0,0,0,1
23.062538,1,0,0,0,0,0,0,0,1,0,0,0,1,0,0,0,0,0
23.085034,0,0,0,0,0,0,1,0,0,1,0,1,0,1,0,0,1,0
23.088639,0,0,0,0,1,0,1,0,0,0,0,0,0,1,1,0,0,0
23.097034,0,0,0,0,0,0,0,1,0,0,0,0,0,0,0,0,0,1
23.100911,0,0,0,0,0,1,0,0,0,0,0,0,0,1,1,0,0,0
23.111157,0,1,1,0,0,0,0,0,0,1,1,0,1,0,0,0,1,0
23.133079,0,0,0,0,1,0,0,0,0,0,0,0,0,0,0,0,0,0
23.140637,0,1,1,0,0,0,0,0,0,1,1,0,1,0,0,1,0,0
23.147109,0,0,0,0,0,0,0,1,0,0,0,0,0,0,0,0,0,1
23.148904,0,0,0,0,0,1,0,0,0,0,0,0,0,1,1,0,0,0
23.153916,1,1,0,0,0,0,0,0,0,1,1,0,1,0,0,1,0,0
23.165025,1,0,0,1,0,0,1,0,0,1,1,0,1,1,1,0,1,0
23.180943,0,0,0,0,1,0,1,0,0,0,0,0,0,1,1,0,0,0
23.185284,0,0,1,1,0,0,0,0,0,1,1,0,1,0,0,0,1,0
23.198141,0,0,0,0,0,0,0,1,0,0,0,0,0,0,0,0,0,1
23.199277,0,0,0,0,0,1,0,0,0,0,0,0,0,1,1,0,0,0
23.210963,0,1,1,0,0,0,0,0,0,1,1,0,1,0,0,1,0,0
23.229471,1,0,0,1,0,0,1,0,0,1,1,0,1,1,1,0,1,0
23.234498,0,0,0,0,1,0,0,0,0,0,0,0,0,0,0,0,0,0
23.249950,0,0,0,0,0,0,0,1,0,0,0,0,0,0,0,0,0,1
23.249960,0,0,0,0,0,1,0,0,0,0,0,0,0,1,1,0,0,0
23.258611,0,1,1,0,0,0,0,0,0,1,1,0,1,0,0,1,0,0
23.268687,1,0,0,0,0,0,0,0,1,0,0,0,1,0,0,0,0,0
23.287549,0,0,0,0,1,0,1,0,0,1,0,1,0,1,0,0,1,0
23.297539,0,0,0,0,0,0,0,1,0,0,0,0,0,0,0,0,0,1
23.299013,0,0,0,0,0,1,0,0,0,0,0,0,0,1,1,0,0,0
23.309489,0,1,1,0,0,0,0,0,0,1,1,0,1,0,0,1,0,0
23.325814,1,0,0,1,0,0,1,0,0,1,1,0,1,1,1,0,1,0
23.331365,0,0,0,0,1,0,0,0,0,0,0,0,0,0,0,0,0,0
23.346918,0,0,1,0,0,0,0,0,1,0,0,0,1,0,0,0,0,0
23.349734,0,0,0,0,0,1,0,0,0,1,0,1,0,1,0,1,0,0
23.353163,0,0,0,0,0,0,0,1,0,0,0,0,0,0,0,0,0,1
23.367235,1,0,0,0,0,0,0,0,1,0,0,0,1,0,0,0,0,0
23.390452,0,0,0,0,1,0,1,0,0,1,0,1,0,1,0,0,1,0
23.397398,0,0,0,0,0,0,0,1,0,0,0,0,0,0,0,0,0,1
23.400286,0,0,0,0,0,1,0,0,0,0,0,0,0,1,1,0,0,0
23.420122,0,1,1,0,0,0,0,0,0,1,1,0,1,0,0,1,0,0
23.433884,0,0,0,0,1,0,0,0,0,0,0,0,0,0,0,0,0,0
23.436514,1,0,0,0,0,0,0,0,1,0,0,0,1,0,0,0,0,0
23.437906,0,0,0,0,0,0,1,0,0,1,0,1,0,1,0,0,1,0
23.447923,0,0,0,0,0,0,0,1,0,0,0,0,0,0,0,0,0,1
23.448520,0,0,0,0,0,1,0,0,0,0,0,0,0,1,1,0,0,0
23.460079,0,1,1,0,0,0,0,0,0,1,1,0,1,0,0,1,0,0
23.472364,1,0,0,1,0,0,1,0,0,1,1,0,1,1,1,0,1,0
23.486932,0,0,0,0,1,0,0,0,0,0,0,0,0,0,0,0,0,0
23.496961,0,0,0,0,0,0,0,1,0,0,0,0,0,0,0,0,0,1
23.498910,0,0,1,0,0,0,0,0,1,0,0,0,1,0,0,0,0,0
23.501983,0,0,0,0,0,1,0,0,0,1,0,1,0,1,0,1,0,0
23.517993,1,0,0,0,0,0,0,0,1,0,0,0,1,0,0,0,0,0
23.529387,0,0,0,0,1,0,0,0,0,0,0,0,0,0,0,0,0,0
23.550031,0,0,0,0,0,0,0,1,0,0,0,0,0,0,0,0,0,1
23.551211,0,0,0,0,0,1,0,0,0,1,0,1,0,1,0,1,0,0
23.569412,1,0,0,0,0,0,0,0,1,0,0,0,1,0,0,0,0,0
23.574683,0,0,0,0,0,0,1,0,0,1,0,1,0,1,0,0,1,0
23.580266,0,0,0,0,1,0,0,0,0,0,0,0,0,0,0,0,0,0
23.597122,0,0,1,1,0,0,1,0,0,1,1,0,1,1,1,0,1,0
23.600383,0,0,0,0,0,1,0,0,0,0,0,0,0,1,1,0,0,0
23.601096,0,0,0,0,0,0,0,1,0,0,0,0,0,0,0,0,0,1
23.618136,0,1,1,0,0,0,0,0,0,1,1,0,1,0,0,1,0,0
23.634524,1,0,0,1,0,0,1,0,0,1,1,0,1,1,1,0,1,0
23.640283,0,0,0,0,1,0,0,0,0,0,0,0,0,0,0,0,0,0
23.649806,0,0,0,0,0,0,0,1,0,0,0,0,0,0,0,0,0,1
23.650494,0,0,0,0,0,1,0,0,0,0,0,0,0,1,1,0,0,0
23.657814,0,1,1,0,0,0,0,0,0,1,1,0,1,0,0,1,0,0
23.668867,1,0,0,0,0,0,0,0,1,0,0,0,1,0,0,0,0,0
23.685699,0,0,0,0,1,0,0,0,0,0,0,0,0,0,0,0,0,0
23.696095,0,0,0,0,0,0,1,0,0,1,0,1,0,1,0,0,1,0
23.700721,0,0,0,0,0,1,0,0,0,0,0,0,0,1,1,0,0,0
23.702204,0,0,0,0,0,0,0,1,0,0,0,0,0,0,0,0,0,1
23.718713,0,1,1,0,0,0,0,0,0,1,1,0,1,0,0,1,0,0
23.730860,1,0,0,1,0,0,1,0,0,1,1,0,1,1,1,0,1,0
23.738210,0,0,0,0,1,0,0,0,0,0,0,0,0,0,0,0,0,0
23.747301,0,0,0,0,0,0,0,1,0,0,0,0,0,0,0,0,0,1
23.748617,0,0,0,0,0,1,0,0,0,0,0,0,0,1,1,0,0,0
23.754857,0,1,1,0,0,0,0,0,0,1,1,0,1,0,0,1,0,0
23.770999,1,0,0,1,0,0,1,0,0,1,1,0,1,1,1,0,1,0
23.782321,0,0,0,0,1,0,0,0,0,0,0,0,0,0,0,0,0,0
23.792692,0,0,1,0,0,0,0,0,1,0,0,0,1,0,0,0,0,0
23.798409,0,0,0,0,0,1,0,0,0,1,0,1,0,1,0,1,0,0
23.803110,0,0,0,0,0,0,0,1,0,0,0,0,0,0,0,0,0,1
23.813627,1,0,0,0,0,0,0,0,1,0,0,0,1,0,0,0,0,0
23.839890,0,0,0,0,0,0,1,0,0,1,0,1,0,1,0,0,1,0
23.841793,0,0,0,0,1,0,0,0,0,0,0,0,0,0,0,0,0,0
23.850476,0,0,0,0,0,0,0,1,0,0,0,0,0,0,0,0,0,1
23.850519,0,0,0,0,0,1,0,0,0,0,0,0,0,1,1,0,0,0
23.861368,0,1,1,0,0,0,0,0,0,1,1,0,1,0,0,1,0,0
23.875420,1,0,0,0,0,0,0,0,1,0,0,0,1,0,0,0,0,0
23.883532,0,0,0,0,0,0,1,0,0,1,0,1,0,1,0,0,1,0
23.887177,0,0,0,0,1,0,0,0,0,0,0,0,0,0,0,0,0,0
23.898485,0,0,0,0,0,1,0,0,0,0,0,0,0,1,1,0,0,0
23.902979,0,0,0,0,0,0,0,1,0,0,0,0,0,0,0,0,0,1
23.911244,0,1,1,0,0,0,0,0,0,1,1,0,1,0,0,1,0,0
23.927468,1,0,0,0,0,0,0,0,1,0,0,0,1,0,0,0,0,0
23.942798,0,0,0,0,1,0,0,0,0,0,0,0,0,0,0,0,0,0
23.949703,0,0,0,0,0,1,1,0,0,1,0,1,0,1,0,0,1,0
23.951648,0,0,0,0,0,0,0,1,0,0,0,0,0,0,0,0,0,1
23.975018,0,1,1,0,0,0,0,0,0,1,1,0,1,0,0,1,0,0
23.989145,0,0,0,0,1,0,0,0,0,0,0,0,0,0,0,0,0,0
23.993708,1,0,0,0,0,0,0,0,1,0,0,0,1,0,0,0,0,0
24.000212,0,0,0,0,0,1,1,0,0,1,0,1,0,1,0,1,0,0
24.001369,0,0,0,0,0,0,0,1,0,0,0,0,0,0,0,0,0,1
24.017098,1,0,0,1,0,0,0,0,0,1,1,0,1,0,0,0,1,0
24.024718,0,0,0,0,0,0,1,0,0,0,0,0,0,1,1,0,0,0
24.038290,0,0,0,0,1,0,0,0,0,0,0,0,0,0,0,0,0,0
24.039509,0,0,1,1,0,0,0,0,0,1,1,0,1,0,0,0,1,0
24.050311,0,0,0,0,0,1,0,0,0,0,0,0,0,1,1,0,0,0
24.053452,0,0,0,0,0,0,0,1,0,0,0,0,0,0,0,0,0,1
24.068085,0,1,1,0,0,0,0,0,0,1,1,0,1,0,0,1,0,0
24.085022,1,0,0,1,0,0,1,0,0,1,1,0,1,1,1,0,1,0
24.090596,0,0,0,0,1,0,0,0,0,0,0,0,0,0,0,0,0,0
24.100939,0,0,0,0,0,0,0,1,0,0,0,0,0,0,0,0,0,1
24.101754,0,0,0,0,0,1,0,0,0,0,0,0,0,1,1,0,0,0
24.110378,0,1,1,0,0,0,0,0,0,1,1,0,1,0,0,1,0,0
24.129673,1,0,0,1,0,0,1,0,0,1,1,0,1,1,1,0,1,0
24.135859,0,0,0,0,1,0,0,0,0,0,0,0,0,0,0,0,0,0
24.150557,0,0,0,0,0,0,0,1,0,0,0,0,0,0,0,0,0,1
24.151321,0,0,0,0,0,1,0,0,0,0,0,0,0,1,1,0,0,0
24.158945,0,1,1,0,0,0,0,0,0,1,1,0,1,0,0,1,0,0
24.173944,1,0,0,0,0,0,0,0,1,0,0,0,1,0,0,0,0,0
24.182863,0,0,0,0,0,0,1,0,0,1,0,1,0,1,0,0,1,0
24.190132,0,0,0,0,1,0,0,0,0,0,0,0,0,0,0,0,0,0
24.198807,0,0,0,0,0,0,0,1,0,0,0,0,0,0,0,0,0,1
24.199094,0,0,0,0,0,1,0,0,0,0,0,0,0,1,1,0,0,0
24.206782,0,1,1,0,0,0,0,0,0,1,1,0,1,0,0,1,0,0
24.219278,1,0,0,0,0,0,0,0,1,0,0,0,1,0,0,0,0,0
24.233159,0,0,0,0,1,0,0,0,0,0,0,0,0,0,0,0,0,0
24.247384,0,0,0,0,0,0,1,1,0,1,0,1,0,1,0,0,1,1
24.250712,0,0,0,0,0,1,0,0,0,0,0,0,0,1,1,0,0,0
24.270030,0,1,1,0,0,0,0,0,0,1,1,0,1,0,0,1,0,0
24.281373,0,0,0,0,1,0,0,0,0,0,0,0,0,0,0,0,0,0
24.282437,1,0,0,0,0,0,0,0,1,0,0,0,1,0,0,0,0,0
24.298598,0,0,0,0,0,0,1,1,0,1,0,1,0,1,0,0,1,1
24.299556,0,0,0,0,0,1,0,0,0,0,0,0,0,1,1,0,0,0
24.320438,0,1,1,0,0,0,0,0,0,1,1,0,1,0,0,1,0,0
24.332888,1,0,0,1,0,0,1,0,0,1,1,0,1,1,1,0,1,0
24.335610,0,0,0,0,1,0,0,0,0,0,0,0,0,0,0,0,0,0
24.348993,0,0,0,0,0,1,0,0,0,0,0,0,0,1,1,0,0,0
24.350752,0,0,0,0,0,0,0,1,0,0,0,0,0,0,0,0,0,1
24.355197,0,1,1,0,0,0,0,0,0,1,1,0,1,0,0,1,0,0
24.365565,1,0,0,1,0,0,1,0,0,1,1,0,1,1,1,0,1,0
24.388881,0,0,0,0,1,0,0,0,0,0,0,0,0,0,0,0,0,0
24.391009,0,0,1,0,0,0,0,0,1,0,0,0,1,0,0,0,0,0
24.397354,0,0,0,0,0,0,0,1,0,0,0,0,0,0,0,0,0,1
24.400235,0,0,0,0,0,1,0,0,0,1,0,1,0,1,0,1,0,0
24.418335,1,0,0,0,0,0,0,0,1,0,0,0,1,0,0,0,0,0
24.426796,0,0,0,0,0,0,1,0,0,1,0,1,0,1,0,0,1,0
24.428902,0,0,0,0,1,0,0,0,0,0,0,0,0,0,0,0,0,0
24.448483,0,0,0,0,0,0,0,1,0,0,0,0,0,0,0,0,0,1
24.449132,0,0,1,0,0,0,0,0,1,0,0,0,1,0,0,0,0,0
24.449223,0,0,0,0,0,1,0,0,0,1,0,1,0,1,0,1,0,0
24.465178,1,0,0,1,0,0,1,0,0,1,1,0,1,1,1,0,1,0
24.487359,0,0,0,0,1,0,0,0,0,0,0,0,0,0,0,0,0,0
24.488712,0,0,1,0,0,0,0,0,1,0,0,0,1,0,0,0,0,0
24.499667,0,0,0,0,0,0,0,1,0,0,0,0,0,0,0,0,0,1
24.501151,0,0,0,0,0,1,0,0,0,1,0,1,0,1,0,1,0,0
24.516667,1,0,0,1,0,0,1,0,0,1,1,0,1,1,1,0,1,0
24.537252,0,0,0,0,1,0,0,0,0,0,0,0,0,0,0,0,0,0
24.541649,0,0,1,0,0,0,0,0,1,0,0,0,1,0,0,0,0,0
24.549790,0,0,0,0,0,1,0,0,0,1,0,1,0,1,0,1,0,0
24.553432,0,0,0,0,0,0,0,1,0,0,0,0,0,0,0,0,0,1
24.563285,1,0,0,1,0,0,1,0,0,1,1,0,1,1,1,0,1,0
24.585710,0,0,0,0,1,0,0,0,0,0,0,0,0,0,0,0,0,0
24.589291,0,0,1,0,0,0,0,0,1,0,0,0,1,0,0,0,0,0
24.599993,0,0,0,0,0,0,0,1,0,0,0,0,0,0,0,0,0,1
24.601816,0,0,0,0,0,1,0,0,0,1,0,1,0,1,0,1,0,0
24.620540,1,0,0,1,0,0,1,0,0,1,1,0,1,1,1,0,1,0
24.638944,0,0,0,0,1,0,0,0,0,0,0,0,0,0,0,0,0,0
24.649550,0,0,0,0,0,1,0,0,0,0,0,0,0,1,1,0,0,0
24.649887,0,1,1,0,0,0,0,0,0,1,1,0,1,0,0,1,0,0
24.650309,0,0,0,0,0,0,0,1,0,0,0,0,0,0,0,0,0,1
24.661158,1,0,0,0,0,0,0,0,1,0,0,0,1,0,0,0,0,0
24.676426,0,0,0,0,0,0,1,0,0,1,0,1,0,1,0,0,1,0
24.685517,0,0,0,0,1,0,0,0,0,0,0,0,0,0,0,0,0,0
24.700352,0,0,1,0,0,0,0,0,1,0,0,0,1,0,0,0,0,0
24.700948,0,0,0,0,0,1,0,0,0,1,0,1,0,1,0,1,0,0
24.701254,0,0,0,0,0,0,0,1,0,0,0,0,0,0,0,0,0,1
24.714268,1,0,0,1,0,0,1,0,0,1,1,0,1,1,1,0,1,0
24.734714,0,0,1,0,0,0,0,0,1,0,0,0,1,0,0,0,0,0
24.740127,0,0,0,0,1,0,0,0,0,0,0,0,0,0,0,0,0,0
24.747217,0,0,0,0,0,0,0,1,0,0,0,0,0,0,0,0,0,1
24.749860,0,0,0,0,0,1,0,0,0,1,0,1,0,1,0,1,0,0
24.762472,1,0,0,0,0,0,0,0,1,0,0,0,1,0,0,0,0,0
24.774875,0,0,0,0,0,0,1,0,0,1,0,1,0,1,0,0,1,0
24.784564,0,0,0,0,1,0,0,0,0,0,0,0,0,0,0,0,0,0
24.799410,0,0,1,0,0,0,0,0,1,0,0,0,1,0,0,0,0,0
24.799973,0,0,0,0,0,1,0,0,0,1,0,1,0,1,0,1,0,0
24.801764,0,0,0,0,0,0,0,1,0,0,0,0,0,0,0,0,0,1
24.816680,1,0,0,0,0,0,0,0,1,0,0,0,1,0,0,0,0,0
24.824438,0,0,0,0,0,0,1,0,0,1,0,1,0,1,0,0,1,0
24.838011,0,0,0,0,1,0,0,0,0,0,0,0,0,0,0,0,0,0
24.847591,0,0,1,0,0,0,0,0,1,0,0,0,1,0,0,0,0,0
24.849181,0,0,0,0,0,0,0,1,0,0,0,0,0,0,0,0,0,1
24.850454,0,0,0,0,0,1,0,0,0,1,0,1,0,1,0,1,0,0
24.864059,1,0,0,1,0,0,1,0,0,1,1,0,1,1,1,0,1,0
24.880530,0,0,0,0,1,0,0,0,0,0,0,0,0,0,0,0,0,0
24.892950,0,0,1,0,0,0,0,0,1,0,0,0,1,0,0,0,0,0
24.899784,0,0,0,0,0,0,0,1,0,0,0,0,0,0,0,0,0,1
24.901139,0,0,0,0,0,1,0,0,0,1,0,1,0,1,0,1,0,0
24.915215,1,0,0,1,0,0,1,0,0,1,1,0,1,1,1,0,1,0
24.936289,0,0,0,0,1,0,0,0,0,0,0,0,0,0,0,0,0,0
24.942617,0,0,1,0,0,0,0,0,1,0,0,0,1,0,0,0,0,0
24.950746,0,0,0,0,0,1,0,0,0,1,0,1,0,1,0,1,0,0
24.953849,0,0,0,0,0,0,0,1,0,0,0,0,0,0,0,0,0,1
24.965762,1,0,0,0,0,0,0,0,1,0,0,0,1,0,0,0,0,0
24.979987,0,0,0,0,0,0,1,0,0,1,0,1,0,1,0,0,1,0
24.988501,0,0,0,0,1,0,0,0,0,0,0,0,0,0,0,0,0,0
24.996210,0,0,0,0,0,0,0,1,0,0,0,0,0,0,0,0,0,1
25.001016,0,0,0,0,0,1,0,0,0,0,0,0,0,1,1,0,0,0
25.001630,0,1,1,0,0,0,0,0,0,1,1,0,1,0,0,1,0,0
25.014114,1,0,0,1,0,0,1,0,0,1,1,0,1,1,1,0,1,0
25.036064,0,0,0,0,1,0,0,0,0,0,0,0,0,0,0,0,0,0
25.036236,0,0,1,0,0,0,0,0,1,0,0,0,1,0,0,0,0,0
25.049333,0,0,0,0,0,1,0,0,0,1,0,1,0,1,0,1,0,0
25.052322,0,0,0,0,0,0,0,1,0,0,0,0,0,0,0,0,0,1
25.060849,1,0,0,0,0,0,0,0,1,0,0,0,1,0,0,0,0,0
25.062357,0,0,0,0,0,0,1,0,0,1,0,1,0,1,0,0,1,0
25.082909,0,0,1,0,0,0,0,0,1,0,0,0,1,0,0,0,0,0
25.089959,0,0,0,0,1,0,0,0,0,0,0,0,0,0,0,0,0,0
25.101014,0,0,0,0,0,0,0,1,0,0,0,0,0,0,0,0,0,1
25.101629,0,0,0,0,0,1,0,0,0,1,0,1,0,1,0,1,0,0
25.119370,1,0,0,1,0,0,1,0,0,1,1,0,1,1,1,0,1,0
25.138452,0,0,0,0,1,0,0,0,0,0,0,0,0,0,0,0,0,0
25.142324,0,0,1,0,0,0,0,0,1,0,0,0,1,0,0,0,0,0
25.150093,0,0,0,0,0,0,0,1,0,0,0,0,0,0,0,0,0,1
25.151382,0,0,0,0,0,1,0,0,0,1,0,1,0,1,0,1,0,0
25.161472,1,0,0,1,0,0,1,0,0,1,1,0,1,1,1,0,1,0
25.188127,0,0,1,0,0,0,0,0,1,0,0,0,1,0,0,0,0,0
25.188416,0,0,0,0,1,0,0,0,0,0,0,0,0,0,0,0,0,0
25.199611,0,0,0,0,0,1,0,0,0,1,0,1,0,1,0,1,0,0
25.203064,0,0,0,0,0,0,0,1,0,0,0,0,0,0,0,0,0,1
25.212069,1,0,0,1,0,0,1,0,0,1,1,0,1,1,1,0,1,0
25.238169,0,0,0,0,1,0,0,0,0,0,0,0,0,0,0,0,0,0
25.238279,0,0,1,0,0,0,0,0,1,0,0,0,1,0,0,0,0,0
25.250582,0,0,0,0,0,1,0,0,0,1,0,1,0,1,0,1,0,0
25.253228,0,0,0,0,0,0,0,1,0,0,0,0,0,0,0,0,0,1
25.263452,1,0,0,1,0,0,1,0,0,1,1,0,1,1,1,0,1,0
25.285718,0,0,1,0,0,0,0,0,1,0,0,0,1,0,0,0,0,0
25.288491,0,0,0,0,1,0,0,0,0,0,0,0,0,0,0,0,0,0
25.299227,0,0,0,0,0,1,0,0,0,1,0,1,0,1,0,1,0,0
25.299705,0,0,0,0,0,0,0,1,0,0,0,0,0,0,0,0,0,1
25.314608,1,0,0,0,0,0,0,0,1,0,0,0,1,0,0,0,0,0
25.339028,0,0,0,0,1,0,1,0,0,1,0,1,0,1,0,0,1,0
25.350211,0,0,0,0,0,1,0,0,0,0,0,0,0,1,1,0,0,0
25.353222,0,0,0,0,0,0,0,1,0,0,0,0,0,0,0,0,0,1
25.362343,0,1,1,0,0,0,0,0,0,1,1,0,1,0,0,1,0,0
25.376073,1,0,0,1,0,0,1,0,0,1,1,0,1,1,1,0,1,0
25.386446,0,0,0,0,1,0,0,0,0,0,0,0,0,0,0,0,0,0
25.396604,0,0,1,0,0,0,0,0,1,0,0,0,1,0,0,0,0,0
25.400249,0,0,0,0,0,0,0,1,0,0,0,0,0,0,0,0,0,1
25.400882,0,0,0,0,0,1,0,0,0,1,0,1,0,1,0,1,0,0
25.418755,1,0,0,0,0,0,0,0,1,0,0,0,1,0,0,0,0,0
25.434126,0,0,0,0,1,0,0,0,0,0,0,0,0,0,0,0,0,0
25.448380,0,0,0,0,0,0,0,1,0,0,0,0,0,0,0,0,0,1
25.449386,0,0,0,0,0,1,1,0,0,1,0,1,0,1,0,1,0,0
25.465176,1,0,0,1,0,0,1,0,0,1,1,0,1,1,1,0,1,0
25.485653,0,0,0,0,1,0,0,0,0,0,0,0,0,0,0,0,0,0
25.488945,0,0,1,1,0,0,0,0,0,1,1,0,1,0,0,0,1,0
25.497851,0,0,0,0,0,0,0,1,0,0,0,0,0,0,0,0,0,1
25.499574,0,0,0,0,0,1,0,0,0,0,0,0,0,1,1,0,0,0
25.510685,0,1,1,0,0,0,0,0,0,1,1,0,1,0,0,1,0,0
25.525753,1,0,0,0,0,0,0,0,1,0,0,0,1,0,0,0,0,0
25.529041,0,0,0,0,0,0,1,0,0,1,0,1,0,1,0,0,1,0
25.535153,0,0,0,0,1,0,0,0,0,0,0,0,0,0,0,0,0,0
25.548785,0,0,0,0,0,0,0,1,0,0,0,0,0,0,0,0,0,1
25.549995,0,0,0,0,0,1,0,0,0,0,0,0,0,1,1,0,0,0
25.554953,0,1,1,0,0,0,0,0,0,1,1,0,1,0,0,1,0,0
25.566542,1,0,0,1,0,0,1,0,0,1,1,0,1,1,1,0,1,0
25.582454,0,0,0,0,1,0,0,0,0,0,0,0,0,0,0,0,0,0
25.587573,0,0,1,0,0,0,0,0,1,0,0,0,1,0,0,0,0,0
25.599834,0,0,0,0,0,1,0,0,0,1,0,1,0,1,0,1,0,0
25.603560,0,0,0,0,0,0,0,1,0,0,0,0,0,0,0,0,0,1
25.618811,1,0,0,1,0,0,1,0,0,1,1,0,1,1,1,0,1,0
25.637891,0,0,0,0,1,0,0,0,0,0,0,0,0,0,0,0,0,0
25.642143,0,0,1,0,0,0,0,0,1,0,0,0,1,0,0,0,0,0
25.649489,0,0,0,0,0,1,0,0,0,1,0,1,0,1,0,1,0,0
25.650249,0,0,0,0,0,0,0,1,0,0,0,0,0,0,0,0,0,1
25.664897,1,0,0,1,0,0,1,0,0,1,1,0,1,1,1,0,1,0
25.685528,0,0,0,0,1,0,0,0,0,0,0,0,0,0,0,0,0,0
25.693545,0,0,1,0,0,0,0,0,1,0,0,0,1,0,0,0,0,0
25.699083,0,0,0,0,0,1,0,0,0,1,0,1,0,1,0,1,0,0
25.699668,0,0,0,0,0,0,0,1,0,0,0,0,0,0,0,0,0,1
25.718197,1,0,0,1,0,0,1,0,0,1,1,0,1,1,1,0,1,0
25.734411,0,0,0,0,1,0,0,0,0,0,0,0,0,0,0,0,0,0
25.747211,0,0,1,0,0,0,0,0,1,0,0,0,1,0,0,0,0,0
25.748597,0,0,0,0,0,1,0,0,0,1,0,1,0,1,0,1,0,0
25.750994,0,0,0,0,0,0,0,1,0,0,0,0,0,0,0,0,0,1
25.761237,1,0,0,1,0,0,1,0,0,1,1,0,1,1,1,0,1,0
25.781550,0,0,1,0,0,0,0,0,1,0,0,0,1,0,0,0,0,0
25.782976,0,0,0,0,1,0,0,0,0,0,0,0,0,0,0,0,0,0
25.798751,0,0,0,0,0,1,0,0,0,1,0,1,0,1,0,1,0,0
25.799456,0,0,0,0,0,0,0,1,0,0,0,0,0,0,0,0,0,1
25.813237,1,0,0,0,0,0,0,0,1,0,0,0,1,0,0,0,0,0
25.834740,0,0,0,0,1,0,1,0,0,1,0,1,0,1,0,0,1,0
25.851219,0,0,0,0,0,1,0,0,0,0,0,0,0,1,1,0,0,0
25.851296,0,0,0,0,0,0,0,1,0,0,0,0,0,0,0,0,0,1
25.862059,0,1,1,0,0,0,0,0,0,1,1,0,1,0,0,1,0,0
25.878395,1,0,0,0,0,0,0,0,1,0,0,0,1,0,0,0,0,0
25.879757,0,0,0,0,0,0,1,0,0,1,0,1,0,1,0,0,1,0
25.887154,0,0,0,0,1,0,0,0,0,0,0,0,0,0,0,0,0,0
25.900928,0,0,0,0,0,1,0,0,0,0,0,0,0,1,1,0,0,0
25.901444,0,0,0,0,0,0,0,1,0,0,0,0,0,0,0,0,0,1
25.901778,0,1,1,0,0,0,0,0,0,1,1,0,1,0,0,1,0,0
25.913207,1,0,0,0,0,0,0,0,1,0,0,0,1,0,0,0,0,0
25.939845,0,0,0,0,1,0,0,0,0,0,0,0,0,0,0,0,0,0
25.949451,0,0,0,0,0,1,1,0,0,1,0,1,0,1,0,0,1,0
25.953329,0,0,0,0,0,0,0,1,0,0,0,0,0,0,0,0,0,1
25.976748,0,1,1,0,0,0,0,0,0,1,1,0,1,0,0,1,0,0
25.992046,1,0,0,1,0,0,1,0,0,1,1,0,1,1,1,0,1,0
25.992745,0,0,0,0,1,0,0,0,0,0,0,0,0,0,0,0,0,0
25.999606,0,0,0,0,0,1,0,0,0,0,0,0,0,1,1,0,0,0
26.000320,0,0,0,0,0,0,0,1,0,0,0,0,0,0,0,0,0,1
26.014315,0,1,1,0,0,0,0,0,0,1,1,0,1,0,0,1,0,0
26.028725,1,0,0,0,0,0,0,0,1,0,0,0,1,0,0,0,0,0
26.039813,0,0,0,0,1,0,0,0,0,0,0,0,0,0,0,0,0,0
26.050264,0,0,0,0,0,0,1,1,0,1,0,1,0,1,0,0,1,1
26.050711,0,0,0,0,0,1,0,0,0,0,0,0,0,1,1,0,0,0
26.079585,0,1,1,0,0,0,0,0,0,1,1,0,1,0,0,1,0,0
26.087051,0,0,0,0,1,0,0,0,0,0,0,0,0,0,0,0,0,0
26.093874,1,0,0,1,0,0,1,0,0,1,1,0,1,1,1,0,1,0
26.099845,0,0,0,0,0,1,0,0,0,0,0,0,0,1,1,0,0,0
26.099964,0,0,0,0,0,0,0,1,0,0,0,0,0,0,0,0,0,1
26.121449,0,1,1,0,0,0,0,0,0,1,1,0,1,0,0,1,0,0
26.132247,0,0,0,0,1,0,0,0,0,0,0,0,0,0,0,0,0,0
26.133504,1,0,0,1,0,0,1,0,0,1,1,0,1,1,1,0,1,0
26.149397,0,0,0,0,0,0,0,1,0,0,0,0,0,0,0,0,0,1
26.149774,0,0,0,0,0,1,0,0,0,0,0,0,0,1,1,0,0,0
26.155952,0,1,1,0,0,0,0,0,0,1,1,0,1,0,0,1,0,0
26.170587,1,0,0,0,0,0,0,0,1,0,0,0,1,0,0,0,0,0
26.171729,0,0,0,0,0,0,1,0,0,1,0,1,0,1,0,0,1,0
26.184345,0,0,0,0,1,0,0,0,0,0,0,0,0,0,0,0,0,0
26.195822,0,0,1,0,0,0,0,0,1,0,0,0,1,0,0,0,0,0
26.201913,0,0,0,0,0,1,0,0,0,1,0,1,0,1,0,1,0,0
26.203617,0,0,0,0,0,0,0,1,0,0,0,0,0,0,0,0,0,1
26.217857,1,0,0,1,0,0,1,0,0,1,1,0,1,1,1,0,1,0
26.238351,0,0,0,0,1,0,0,0,0,0,0,0,0,0,0,0,0,0
26.246389,0,0,0,0,0,0,0,1,0,0,0,0,0,0,0,0,0,1
26.247173,0,0,1,0,0,0,0,0,1,0,0,0,1,0,0,0,0,0
26.249415,0,0,0,0,0,1,0,0,0,1,0,1,0,1,0,1,0,0
26.263538,1,0,0,0,0,0,0,0,1,0,0,0,1,0,0,0,0,0
26.273630,0,0,0,0,0,0,1,0,0,1,0,1,0,1,0,0,1,0
26.283783,0,0,0,0,1,0,0,0,0,0,0,0,0,0,0,0,0,0
26.294143,0,0,1,0,0,0,0,0,1,0,0,0,1,0,0,0,0,0
26.296722,0,0,0,0,0,0,0,1,0,0,0,0,0,0,0,0,0,1
26.299737,0,0,0,0,0,1,0,0,0,1,0,1,0,1,0,1,0,0
26.311016,1,0,0,1,0,0,1,0,0,1,1,0,1,1,1,0,1,0
26.328857,0,0,0,0,1,0,0,0,0,0,0,0,0,0,0,0,0,0
26.340463,0,0,1,0,0,0,0,0,1,0,0,0,1,0,0,0,0,0
26.349690,0,0,0,0,0,1,0,0,0,1,0,1,0,1,0,1,0,0
26.351650,0,0,0,0,0,0,0,1,0,0,0,0,0,0,0,0,0,1
26.367850,1,0,0,1,0,0,1,0,0,1,1,0,1,1,1,0,1,0
26.387913,0,0,0,0,1,0,0,0,0,0,0,0,0,0,0,0,0,0
26.394792,0,0,1,0,0,0,0,0,1,0,0,0,1,0,0,0,0,0
26.398158,0,0,0,0,0,0,0,1,0,0,0,0,0,0,0,0,0,1
26.398816,0,0,0,0,0,1,0,0,0,1,0,1,0,1,0,1,0,0
26.409342,1,0,0,0,0,0,0,0,1,0,0,0,1,0,0,0,0,0
26.433767,0,0,0,0,0,0,1,0,0,1,0,1,0,1,0,0,1,0
26.437859,0,0,0,0,1,0,0,0,0,0,0,0,0,0,0,0,0,0
26.449902,0,0,0,0,0,1,0,0,0,0,0,0,0,1,1,0,0,0
26.452416,0,0,0,0,0,0,0,1,0,0,0,0,0,0,0,0,0,1
26.455932,0,1,1,0,0,0,0,0,0,1,1,0,1,0,0,1,0,0
26.472024,1,0,0,1,0,0,1,0,0,1,1,0,1,1,1,0,1,0
26.488790,0,0,0,0,1,0,0,0,0,0,0,0,0,0,0,0,0,0
26.496572,0,0,1,0,0,0,0,0,1,0,0,0,1,0,0,0,0,0
26.499908,0,0,0,0,0,0,0,1,0,0,0,0,0,0,0,0,0,1
26.500316,0,0,0,0,0,1,0,0,0,1,0,1,0,1,0,1,0,0
26.514543,1,0,0,1,0,0,1,0,0,1,1,0,1,1,1,0,1,0
26.531010,0,0,0,0,1,0,0,0,0,0,0,0,0,0,0,0,0,0
26.539697,0,0,1,0,0,0,0,0,1,0,0,0,1,0,0,0,0,0
26.547104,0,0,0,0,0,0,0,1,0,0,0,0,0,0,0,0,0,1
26.551076,0,0,0,0,0,1,0,0,0,1,0,1,0,1,0,1,0,0
26.561433,1,0,0,0,0,0,0,0,1,0,0,0,1,0,0,0,0,0
26.580259,0,0,0,0,1,0,0,0,0,0,0,0,0,0,0,0,0,0
26.591261,0,0,0,0,0,0,1,0,0,1,0,1,0,1,0,0,1,0
26.597818,0,0,0,0,0,0,0,1,0,0,0,0,0,0,0,0,0,1
26.600511,0,0,0,0,0,1,0,0,0,0,0,0,0,1,1,0,0,0
26.614587,0,1,1,0,0,0,0,0,0,1,1,0,1,0,0,1,0,0
26.628555,1,0,0,0,0,0,0,0,1,0,0,0,1,0,0,0,0,0
26.628756,0,0,0,0,1,0,1,0,0,1,0,1,0,1,0,0,1,0
26.649398,0,0,0,0,0,1,0,0,0,0,0,0,0,1,1,0,0,0
26.652310,0,0,0,0,0,0,0,1,0,0,0,0,0,0,0,0,0,1
26.654095,0,1,1,0,0,0,0,0,0,1,1,0,1,0,0,1,0,0
26.667443,1,0,0,1,0,0,1,0,0,1,1,0,1,1,1,0,1,0
26.688875,0,0,1,0,0,0,0,0,1,0,0,0,1,0,0,0,0,0
26.689760,0,0,0,0,1,0,0,0,0,0,0,0,0,0,0,0,0,0
26.698968,0,0,0,0,0,0,0,1,0,0,0,0,0,0,0,0,0,1
26.699519,0,0,0,0,0,1,0,0,0,1,0,1,0,1,0,1,0,0
26.712628,1,0,0,0,0,0,0,0,1,0,0,0,1,0,0,0,0,0
26.730240,0,0,0,0,0,0,1,0,0,1,0,1,0,1,0,0,1,0
26.737733,0,0,0,0,1,0,0,0,0,0,0,0,0,0,0,0,0,0
26.748694,0,0,0,0,0,0,0,1,0,0,0,0,0,0,0,0,0,1
26.749222,0,0,0,0,0,1,0,0,0,0,0,0,0,1,1,0,0,0
26.758568,0,1,1,0,0,0,0,0,0,1,1,0,1,0,0,1,0,0
26.773469,1,0,0,0,0,0,0,0,1,0,0,0,1,0,0,0,0,0
26.781343,0,0,0,0,1,0,1,0,0,1,0,1,0,1,0,0,1,0
26.796539,0,0,0,0,0,0,0,1,0,0,0,0,0,0,0,0,0,1
26.799889,0,0,0,0,0,1,0,0,0,0,0,0,0,1,1,0,0,0
26.806325,0,1,1,0,0,0,0,0,0,1,1,0,1,0,0,1,0,0
26.820056,1,0,0,1,0,0,1,0,0,1,1,0,1,1,1,0,1,0
26.830243,0,0,0,0,1,0,0,0,0,0,0,0,0,0,0,0,0,0
26.845039,0,0,1,0,0,0,0,0,1,0,0,0,1,0,0,0,0,0
26.850131,0,0,0,0,0,0,0,1,0,0,0,0,0,0,0,0,0,1
26.850429,0,0,0,0,0,1,0,0,0,1,0,1,0,1,0,1,0,0
26.866213,1,0,0,0,0,0,0,0,1,0,0,0,1,0,0,0,0,0
26.885633,0,0,0,0,1,0,1,0,0,1,0,1,0,1,0,0,1,0
26.901473,0,0,0,0,0,1,0,0,0,0,0,0,0,1,1,0,0,0
26.902007,0,0,0,0,0,0,0,1,0,0,0,0,0,0,0,0,0,1
26.910443,0,1,1,0,0,0,0,0,0,1,1,0,1,0,0,1,0,0
26.927960,1,0,0,0,0,0,0,0,1,0,0,0,1,0,0,0,0,0
26.939999,0,0,0,0,1,0,0,0,0,0,0,0,0,0,0,0,0,0
26.948559,0,0,0,0,0,0,0,1,0,0,0,0,0,0,0,0,0,1
26.950158,0,0,0,0,0,1,1,0,0,1,0,1,0,1,0,1,0,0
26.960742,1,0,0,1,0,0,1,0,0,1,1,0,1,1,1,0,1,0
26.979405,0,0,0,0,1,0,0,0,0,0,0,0,0,0,0,0,0,0
26.989106,0,0,1,1,0,0,0,0,0,1,1,0,1,0,0,0,1,0
27.001794,0,0,0,0,0,1,0,0,0,0,0,0,0,1,1,0,0,0
27.003001,0,0,0,0,0,0,0,1,0,0,0,0,0,0,0,0,0,1
27.010909,0,1,1,0,0,0,0,0,0,1,1,0,1,0,0,1,0,0
27.026078,1,0,0,1,0,0,1,0,0,1,1,0,1,1,1,0,1,0
27.041305,0,0,0,0,1,0,0,0,0,0,0,0,0,0,0,0,0,0
27.048413,0,0,0,0,0,1,0,0,0,0,0,0,0,1,1,0,0,0
27.049929,0,0,0,0,0,0,0,1,0,0,0,0,0,0,0,0,0,1
27.051034,0,1,1,0,0,0,0,0,0,1,1,0,1,0,0,1,0,0
27.061770,1,0,0,1,0,0,1,0,0,1,1,0,1,1,1,0,1,0
27.084108,0,0,0,0,1,0,0,0,0,0,0,0,0,0,0,0,0,0
27.089452,0,0,1,0,0,0,0,0,1,0,0,0,1,0,0,0,0,0
27.098519,0,0,0,0,0,1,0,0,0,1,0,1,0,1,0,1,0,0
27.101770,0,0,0,0,0,0,0,1,0,0,0,0,0,0,0,0,0,1
27.114039,1,0,0,1,0,0,1,0,0,1,1,0,1,1,1,0,1,0
27.140580,0,0,0,0,1,0,0,0,0,0,0,0,0,0,0,0,0,0
27.143721,0,0,1,0,0,0,0,0,1,0,0,0,1,0,0,0,0,0
27.148571,0,0,0,0,0,1,0,0,0,1,0,1,0,1,0,1,0,0
27.150521,0,0,0,0,0,0,0,1,0,0,0,0,0,0,0,0,0,1
27.163891,1,0,0,1,0,0,1,0,0,1,1,0,1,1,1,0,1,0
27.188148,0,0,0,0,1,0,0,0,0,0,0,0,0,0,0,0,0,0
27.193535,0,0,1,0,0,0,0,0,1,0,0,0,1,0,0,0,0,0
27.199567,0,0,0,0,0,1,0,0,0,1,0,1,0,1,0,1,0,0
27.201502,0,0,0,0,0,0,0,1,0,0,0,0,0,0,0,0,0,1
27.217203,1,0,0,1,0,0,1,0,0,1,1,0,1,1,1,0,1,0
27.234878,0,0,0,0,1,0,0,0,0,0,0,0,0,0,0,0,0,0
27.242495,0,0,1,0,0,0,0,0,1,0,0,0,1,0,0,0,0,0
27.249619,0,0,0,0,0,0,0,1,0,0,0,0,0,0,0,0,0,1
27.250841,0,0,0,0,0,1,0,0,0,1,0,1,0,1,0,1,0,0
27.268044,1,0,0,1,0,0,1,0,0,1,1,0,1,1,1,0,1,0
27.282802,0,0,0,0,1,0,0,0,0,0,0,0,0,0,0,0,0,0
27.295420,0,0,1,0,0,0,0,0,1,0,0,0,1,0,0,0,0,0
27.298978,0,0,0,0,0,0,0,1,0,0,0,0,0,0,0,0,0,1
27.299177,0,0,0,0,0,1,0,0,0,1,0,1,0,1,0,1,0,0
27.318575,1,0,0,1,0,0,1,0,0,1,1,0,1,1,1,0,1,0
27.331727,0,0,0,0,1,0,0,0,0,0,0,0,0,0,0,0,0,0
27.342104,0,0,1,0,0,0,0,0,1,0,0,0,1,0,0,0,0,0
27.348767,0,0,0,0,0,1,0,0,0,1,0,1,0,1,0,1,0,0
27.349841,0,0,0,0,0,0,0,1,0,0,0,0,0,0,0,0,0,1
27.360689,1,0,0,0,0,0,0,0,1,0,0,0,1,0,0,0,0,0
27.362902,0,0,0,0,0,0,1,0,0,1,0,1,0,1,0,0,1,0
27.386988,0,0,1,0,0,0,0,0,1,0,0,0,1,0,0,0,0,0
27.387344,0,0,0,0,1,0,0,0,0,0,0,0,0,0,0,0,0,0
27.400334,0,0,0,0,0,0,0,1,0,0,0,0,0,0,0,0,0,1
27.400546,0,0,0,0,0,1,0,0,0,1,0,1,0,1,0,1,0,0
27.413762,1,0,0,1,0,0,1,0,0,1,1,0,1,1,1,0,1,0
27.433877,0,0,0,0,1,0,0,0,0,0,0,0,0,0,0,0,0,0
27.439702,0,0,1,0,0,0,0,0,1,0,0,0,1,0,0,0,0,0
27.450271,0,0,0,0,0,1,0,0,0,1,0,1,0,1,0,1,0,0
27.453075,0,0,0,0,0,0,0,1,0,0,0,0,0,0,0,0,0,1
27.465183,1,0,0,0,0,0,0,0,1,0,0,0,1,0,0,0,0,0
27.469639,0,0,0,0,0,0,1,0,0,1,0,1,0,1,0,0,1,0
27.491199,0,0,1,0,0,0,0,0,1,0,0,0,1,0,0,0,0,0
27.491551,0,0,0,0,1,0,0,0,0,0,0,0,0,0,0,0,0,0
27.499124,0,0,0,0,0,1,0,0,0,1,0,1,0,1,0,1,0,0
27.502001,0,0,0,0,0,0,0,1,0,0,0,0,0,0,0,0,0,1
27.511343,1,0,0,0,0,0,0,0,1,0,0,0,1,0,0,0,0,0
27.525060,0,0,0,0,0,0,1,0,0,1,0,1,0,1,0,0,1,0
27.539701,0,0,0,0,1,0,0,0,0,0,0,0,0,0,0,0,0,0
27.546907,0,0,1,0,0,0,0,0,1,0,0,0,1,0,0,0,0,0
27.548792,0,0,0,0,0,0,0,1,0,0,0,0,0,0,0,0,0,1
27.549417,0,0,0,0,0,1,0,0,0,1,0,1,0,1,0,1,0,0
27.561598,1,0,0,0,0,0,0,0,1,0,0,0,1,0,0,0,0,0
27.581250,0,0,0,0,0,0,1,0,0,1,0,1,0,1,0,0,1,0
27.586668,0,0,0,0,1,0,0,0,0,0,0,0,0,0,0,0,0,0
27.598179,0,0,0,0,0,0,0,1,0,0,0,0,0,0,0,0,0,1
27.600809,0,0,0,0,0,1,0,0,0,0,0,0,0,1,1,0,0,0
27.603247,0,1,1,0,0,0,0,0,0,1,1,0,1,0,0,1,0,0
27.615037,1,0,0,1,0,0,1,0,0,1,1,0,1,1,1,0,1,0
27.632015,0,0,0,0,1,0,0,0,0,0,0,0,0,0,0,0,0,0
27.636306,0,0,1,0,0,0,0,0,1,0,0,0,1,0,0,0,0,0
27.649833,0,0,0,0,0,0,0,1,0,0,0,0,0,0,0,0,0,1
27.650449,0,0,0,0,0,1,0,0,0,1,0,1,0,1,0,1,0,0
27.668081,1,0,0,0,0,0,0,0,1,0,0,0,1,0,0,0,0,0
27.685463,0,0,0,0,1,0,1,0,0,1,0,1,0,1,0,0,1,0
27.699456,0,0,0,0,0,1,0,0,0,0,0,0,0,1,1,0,0,0
27.700776,0,0,0,0,0,0,0,1,0,0,0,0,0,0,0,0,0,1
27.708271,0,1,1,0,0,0,0,0,0,1,1,0,1,0,0,1,0,0
27.725636,1,0,0,0,0,0,0,0,1,0,0,0,1,0,0,0,0,0
27.736185,0,0,0,0,0,0,1,0,0,1,0,1,0,1,0,0,1,0
27.737666,0,0,0,0,1,0,0,0,0,0,0,0,0,0,0,0,0,0
27.749203,0,0,0,0,0,1,0,0,0,0,0,0,0,1,1,0,0,0
27.749761,0,0,0,0,0,0,0,1,0,0,0,0,0,0,0,0,0,1
27.759202,0,1,1,0,0,0,0,0,0,1,1,0,1,0,0,1,0,0
27.773989,1,0,0,0,0,0,0,0,1,0,0,0,1,0,0,0,0,0
27.787008,0,0,0,0,1,0,0,0,0,0,0,0,0,0,0,0,0,0
27.800531,0,0,0,0,0,1,0,0,0,1,0,1,0,1,0,1,0,0
27.801046,0,0,0,0,0,0,1,1,0,0,0,0,0,1,1,0,0,1
27.813830,1,0,0,1,0,0,1,0,0,1,1,0,1,1,1,0,1,0
27.834056,0,0,1,1,0,0,0,0,0,1,1,0,1,0,0,0,1,0
27.838869,0,0,0,0,1,0,0,0,0,0,0,0,0,0,0,0,0,0
27.846184,0,0,0,0,0,0,0,1,0,0,0,0,0,0,0,0,0,1
27.851758,0,0,0,0,0,1,0,0,0,0,0,0,0,1,1,0,0,0
27.858956,0,1,1,0,0,0,0,0,0,1,1,0,1,0,0,1,0,0
27.875712,1,0,0,0,0,0,0,0,1,0,0,0,1,0,0,0,0,0
27.878040,0,0,0,0,1,0,1,0,0,1,0,1,0,1,0,0,1,0
27.898190,0,0,0,0,0,1,0,0,0,0,0,0,0,1,1,0,0,0
27.899531,0,0,0,0,0,0,0,1,0,0,0,0,0,0,0,0,0,1
27.902291,0,1,1,0,0,0,0,0,0,1,1,0,1,0,0,1,0,0
27.913613,1,0,0,1,0,0,1,0,0,1,1,0,1,1,1,0,1,0
27.935970,0,0,0,0,1,0,0,0,0,0,0,0,0,0,0,0,0,0
27.938030,0,0,1,0,0,0,0,0,1,0,0,0,1,0,0,0,0,0
27.949810,0,0,0,0,0,0,0,1,0,0,0,0,0,0,0,0,0,1
27.950450,0,0,0,0,0,1,0,0,0,1,0,1,0,1,0,1,0,0
27.967319,1,0,0,1,0,0,1,0,0,1,1,0,1,1,1,0,1,0
27.987424,0,0,0,0,1,0,0,0,0,0,0,0,0,0,0,0,0,0
27.994092,0,0,1,0,0,0,0,0,1,0,0,0,1,0,0,0,0,0
27.997393,0,0,0,0,0,0,0,1,0,0,0,0,0,0,0,0,0,1
28.000135,0,0,0,0,0,1,0,0,0,1,0,1,0,1,0,1,0,0
28.013105,1,0,0,1,0,0,1,0,0,1,1,0,1,1,1,0,1,0
28.033947,0,0,0,0,1,0,0,0,0,0,0,0,0,0,0,0,0,0
28.035761,0,0,1,0,0,0,0,0,1,0,0,0,1,0,0,0,0,0
28.049257,0,0,0,0,0,0,0,1,0,0,0,0,0,0,0,0,0,1
28.050559,0,0,0,0,0,1,0,0,0,1,0,1,0,1,0,1,0,0
28.065169,1,0,0,1,0,0,1,0,0,1,1,0,1,1,1,0,1,0
28.085340,0,0,0,0,1,0,0,0,0,0,0,0,0,0,0,0,0,0
28.089837,0,0,1,0,0,0,0,0,1,0,0,0,1,0,0,0,0,0
28.100386,0,0,0,0,0,1,0,0,0,1,0,1,0,1,0,1,0,0
28.101644,0,0,0,0,0,0,0,1,0,0,0,0,0,0,0,0,0,1
28.116385,1,0,0,1,0,0,1,0,0,1,1,0,1,1,1,0,1,0
28.136150,0,0,0,0,1,0,0,0,0,0,0,0,0,0,0,0,0,0
28.137016,0,0,1,0,0,0,0,0,1,0,0,0,1,0,0,0,0,0
28.149187,0,0,0,0,0,1,0,0,0,1,0,1,0,1,0,1,0,0
28.149604,0,0,0,0,0,0,0,1,0,0,0,0,0,0,0,0,0,1
28.159512,1,0,0,1,0,0,1,0,0,1,1,0,1,1,1,0,1,0
28.180074,0,0,1,0,0,0,0,0,1,0,0,0,1,0,0,0,0,0
28.186218,0,0,0,0,1,0,0,0,0,0,0,0,0,0,0,0,0,0
28.196162,0,0,0,0,0,0,0,1,0,0,0,0,0,0,0,0,0,1
28.198921,0,0,0,0,0,1,0,0,0,1,0,1,0,1,0,1,0,0
28.217466,1,0,0,1,0,0,1,0,0,1,1,0,1,1,1,0,1,0
28.230874,0,0,0,0,1,0,0,0,0,0,0,0,0,0,0,0,0,0
28.238850,0,0,1,0,0,0,0,0,1,0,0,0,1,0,0,0,0,0
28.249682,0,0,0,0,0,1,0,0,0,1,0,1,0,1,0,1,0,0
28.252736,0,0,0,0,0,0,0,1,0,0,0,0,0,0,0,0,0,1
28.268569,1,0,0,1,0,0,1,0,0,1,1,0,1,1,1,0,1,0
28.285063,0,0,0,0,1,0,0,0,0,0,0,0,0,0,0,0,0,0
28.290069,0,0,1,0,0,0,0,0,1,0,0,0,1,0,0,0,0,0
28.299252,0,0,0,0,0,0,0,1,0,0,0,0,0,0,0,0,0,1
28.299937,0,0,0,0,0,1,0,0,0,1,0,1,0,1,0,1,0,0
28.311261,1,0,0,1,0,0,1,0,0,1,1,0,1,1,1,0,1,0
28.333794,0,0,0,0,1,0,0,0,0,0,0,0,0,0,0,0,0,0
28.334022,0,0,1,0,0,0,0,0,1,0,0,0,1,0,0,0,0,0
28.351089,0,0,0,0,0,1,0,0,0,1,0,1,0,1,0,1,0,0
28.352200,0,0,0,0,0,0,0,1,0,0,0,0,0,0,0,0,0,1
28.364767,1,0,0,0,0,0,0,0,1,0,0,0,1,0,0,0,0,0
28.381746,0,0,0,0,0,0,1,0,0,1,0,1,0,1,0,0,1,0
28.388482,0,0,0,0,1,0,0,0,0,0,0,0,0,0,0,0,0,0
28.396284,0,0,0,0,0,0,0,1,0,0,0,0,0,0,0,0,0,1
28.400807,0,0,0,0,0,1,0,0,0,0,0,0,0,1,1,0,0,0
28.405236,0,1,1,0,0,0,0,0,0,1,1,0,1,0,0,1,0,0
28.418399,1,0,0,0,0,0,0,0,1,0,0,0,1,0,0,0,0,0
28.425369,0,0,0,0,0,0,1,0,0,1,0,1,0,1,0,0,1,0
28.431680,0,0,0,0,1,0,0,0,0,0,0,0,0,0,0,0,0,0
28.449621,0,0,0,0,0,1,0,0,0,0,0,0,0,1,1,0,0,0
28.450934,0,1,1,0,0,0,0,0,0,1,1,0,1,0,0,1,0,0
28.451021,0,0,0,0,0,0,0,1,0,0,0,0,0,0,0,0,0,1
28.464836,1,0,0,0,0,0,0,0,1,0,0,0,1,0,0,0,0,0
28.466266,0,0,0,0,0,0,1,0,0,1,0,1,0,1,0,0,1,0
28.487070,0,0,0,0,1,0,0,0,0,0,0,0,0,0,0,0,0,0
28.489645,0,0,1,0,0,0,0,0,1,0,0,0,1,0,0,0,0,0
28.499196,0,0,0,0,0,1,0,0,0,1,0,1,0,1,0,1,0,0
28.499823,0,0,0,0,0,0,0,1,0,0,0,0,0,0,0,0,0,1
28.511450,1,0,0,1,0,0,1,0,0,1,1,0,1,1,1,0,1,0
28.534330,0,0,1,0,0,0,0,0,1,0,0,0,1,0,0,0,0,0
28.538115,0,0,0,0,1,0,0,0,0,0,0,0,0,0,0,0,0,0
28.549389,0,0,0,0,0,1,0,0,0,1,0,1,0,1,0,1,0,0
28.552934,0,0,0,0,0,0,0,1,0,0,0,0,0,0,0,0,0,1
28.568730,1,0,0,1,0,0,1,0,0,1,1,0,1,1,1,0,1,0
28.584151,0,0,0,0,1,0,0,0,0,0,0,0,0,0,0,0,0,0
28.596976,0,0,1,0,0,0,0,0,1,0,0,0,1,0,0,0,0,0
28.598113,0,0,0,0,0,0,0,1,0,0,0,0,0,0,0,0,0,1
28.600003,0,0,0,0,0,1,0,0,0,1,0,1,0,1,0,1,0,0
28.618222,1,0,0,1,0,0,1,0,0,1,1,0,1,1,1,0,1,0
28.630693,0,0,0,0,1,0,0,0,0,0,0,0,0,0,0,0,0,0
28.645797,0,0,1,0,0,0,0,0,1,0,0,0,1,0,0,0,0,0
28.646596,0,0,0,0,0,0,0,1,0,0,0,0,0,0,0,0,0,1
28.651027,0,0,0,0,0,1,0,0,0,1,0,1,0,1,0,1,0,0
28.661795,1,0,0,0,0,0,0,0,1,0,0,0,1,0,0,0,0,0
28.685200,0,0,0,0,1,0,0,0,0,0,0,0,0,0,0,0,0,0
28.699241,0,0,0,0,0,1,1,0,0,1,0,1,0,1,0,0,1,0
28.703773,0,0,0,0,0,0,0,1,0,0,0,0,0,0,0,0,0,1
28.721557,0,1,1,0,0,0,0,0,0,1,1,0,1,0,0,1,0,0
28.737311,1,0,0,0,0,0,0,0,1,0,0,0,1,0,0,0,0,0
28.739023,0,0,0,0,0,0,1,0,0,1,0,1,0,1,0,0,1,0
28.740158,0,0,0,0,1,0,0,0,0,0,0,0,0,0,0,0,0,0
28.749547,0,0,0,0,0,0,0,1,0,0,0,0,0,0,0,0,0,1
28.750570,0,0,0,0,0,1,0,0,0,0,0,0,0,1,1,0,0,0
28.762493,0,1,1,0,0,0,0,0,0,1,1,0,1,0,0,1,0,0
28.780172,0,0,0,0,1,0,0,0,0,0,0,0,0,0,0,0,0,0
28.780486,1,0,0,1,0,0,1,0,0,1,1,0,1,1,1,0,1,0
28.797469,0,0,0,0,0,0,0,1,0,0,0,0,0,0,0,0,0,1
28.800658,0,0,0,0,0,1,0,0,0,0,0,0,0,1,1,0,0,0
28.804885,0,1,1,0,0,0,0,0,0,1,1,0,1,0,0,1,0,0
28.819804,1,0,0,0,0,0,0,0,1,0,0,0,1,0,0,0,0,0
28.837406,0,0,0,0,1,0,0,0,0,0,0,0,0,0,0,0,0,0
28.843484,0,0,0,0,0,0,1,0,0,1,0,1,0,1,0,0,1,0
28.847267,0,0,0,0,0,0,0,1,0,0,0,0,0,0,0,0,0,1
28.849647,0,0,0,0,0,1,0,0,0,0,0,0,0,1,1,0,0,0
28.864599,0,1,1,0,0,0,0,0,0,1,1,0,1,0,0,1,0,0
28.875665,1,0,0,0,0,0,0,0,1,0,0,0,1,0,0,0,0,0
28.879195,0,0,0,0,0,0,1,0,0,1,0,1,0,1,0,0,1,0
28.887119,0,0,0,0,1,0,0,0,0,0,0,0,0,0,0,0,0,0
28.900006,0,0,0,0,0,1,0,0,0,0,0,0,0,1,1,0,0,0
28.902141,0,0,0,0,0,0,0,1,0,0,0,0,0,0,0,0,0,1
28.904318,0,1,1,0,0,0,0,0,0,1,1,0,1,0,0,1,0,0
28.914579,1,0,0,0,0,0,0,0,1,0,0,0,1,0,0,0,0,0
28.937538,0,0,0,0,1,0,1,0,0,1,0,1,0,1,0,0,1,0
28.950933,0,0,0,0,0,1,0,0,0,0,0,0,0,1,1,0,0,0
28.950993,0,0,0,0,0,0,0,1,0,0,0,0,0,0,0,0,0,1
28.965547,0,1,1,0,0,0,0,0,0,1,1,0,1,0,0,1,0,0
28.976674,1,0,0,1,0,0,1,0,0,1,1,0,1,1,1,0,1,0
28.988623,0,0,0,0,1,0,0,0,0,0,0,0,0,0,0,0,0,0
28.998461,0,0,1,0,0,0,0,0,1,0,0,0,1,0,0,0,0,0
28.998868,0,0,0,0,0,1,0,0,0,1,0,1,0,1,0,1,0,0
29.001337,0,0,0,0,0,0,0,1,0,0,0,0,0,0,0,0,0,1
29.009101,1,0,0,0,0,0,0,0,1,0,0,0,1,0,0,0,0,0
29.033779,0,0,0,0,1,0,1,0,0,1,0,1,0,1,0,0,1,0
29.049957,0,0,0,0,0,1,0,0,0,0,0,0,0,1,1,0,0,0
29.050889,0,0,0,0,0,0,0,1,0,0,0,0,0,0,0,0,0,1
29.056878,0,1,1,0,0,0,0,0,0,1,1,0,1,0,0,1,0,0
29.069817,1,0,0,1,0,0,1,0,0,1,1,0,1,1,1,0,1,0
29.083715,0,0,0,0,1,0,0,0,0,0,0,0,0,0,0,0,0,0
29.092264,0,0,1,0,0,0,0,0,1,0,0,0,1,0,0,0,0,0
29.098771,0,0,0,0,0,1,0,0,0,1,0,1,0,1,0,1,0,0
29.099601,0,0,0,0,0,0,0,1,0,0,0,0,0,0,0,0,0,1
29.110061,1,0,0,1,0,0,1,0,0,1,1,0,1,1,1,0,1,0
29.133784,0,0,0,0,1,0,0,0,0,0,0,0,0,0,0,0,0,0
29.137338,0,0,1,0,0,0,0,0,1,0,0,0,1,0,0,0,0,0
29.146570,0,0,0,0,0,0,0,1,0,0,0,0,0,0,0,0,0,1
29.151998,0,0,0,0,0,1,0,0,0,1,0,1,0,1,0,1,0,0
29.168155,1,0,0,0,0,0,0,0,1,0,0,0,1,0,0,0,0,0
29.178907,0,0,0,0,0,0,1,0,0,1,0,1,0,1,0,0,1,0
29.183264,0,0,0,0,1,0,0,0,0,0,0,0,0,0,0,0,0,0
29.199399,0,0,0,0,0,1,0,0,0,0,0,0,0,1,1,0,0,0
29.200083,0,0,0,0,0,0,0,1,0,0,0,0,0,0,0,0,0,1
29.202866,0,1,1,0,0,0,0,0,0,1,1,0,1,0,0,1,0,0
29.215019,1,0,0,0,0,0,0,0,1,0,0,0,1,0,0,0,0,0
29.231537,0,0,0,0,1,0,0,0,0,0,0,0,0,0,0,0,0,0
29.246191,0,0,0,0,0,0,1,1,0,1,0,1,0,1,0,0,1,1
29.248518,0,0,0,0,0,1,0,0,0,0,0,0,0,1,1,0,0,0
29.270645,0,1,1,0,0,0,0,0,0,1,1,0,1,0,0,1,0,0
29.276877,0,0,0,0,1,0,0,0,0,0,0,0,0,0,0,0,0,0
29.290023,1,0,0,0,0,0,0,0,1,0,0,0,1,0,0,0,0,0
29.300844,0,0,0,0,0,0,0,1,0,0,0,0,0,0,0,0,0,1
29.301324,0,0,0,0,0,1,0,0,0,1,0,1,0,1,0,1,0,0
29.321103,1,0,0,1,0,0,1,0,0,1,1,0,1,1,1,0,1,0
29.332313,0,0,0,0,1,0,0,0,0,0,0,0,0,0,0,0,0,0
29.343303,0,0,1,0,0,0,0,0,1,0,0,0,1,0,0,0,0,0
29.349259,0,0,0,0,0,0,0,1,0,0,0,0,0,0,0,0,0,1
29.350731,0,0,0,0,0,1,1,0,0,1,0,1,0,1,0,0,1,0
29.374531,0,1,1,0,0,0,0,0,0,1,1,0,1,0,0,1,0,0
29.388685,0,0,0,0,1,0,0,0,0,0,0,0,0,0,0,0,0,0
29.390889,1,0,0,1,0,0,1,0,0,1,1,0,1,1,1,0,1,0
29.398839,0,0,0,0,0,0,0,1,0,0,0,0,0,0,0,0,0,1
29.399648,0,0,0,0,0,1,0,0,0,0,0,0,0,1,1,0,0,0
29.414015,0,1,1,0,0,0,0,0,0,1,1,0,1,0,0,1,0,0
29.431891,1,0,0,1,0,0,1,0,0,1,1,0,1,1,1,0,1,0
29.434557,0,0,0,0,1,0,0,0,0,0,0,0,0,0,0,0,0,0
29.449634,0,0,0,0,0,1,0,0,0,0,0,0,0,1,1,0,0,0
29.449745,0,0,0,0,0,0,0,1,0,0,0,0,0,0,0,0,0,1
29.457719,0,1,1,0,0,0,0,0,0,1,1,0,1,0,0,1,0,0
29.476406,1,0,0,0,0,0,0,0,1,0,0,0,1,0,0,0,0,0
29.489507,0,0,0,0,1,0,0,0,0,0,0,0,0,0,0,0,0,0
29.499961,0,0,0,0,0,0,0,1,0,0,0,0,0,0,0,0,0,1
29.500301,0,0,0,0,0,0,1,0,0,1,0,1,0,1,0,0,1,0
29.501136,0,0,0,0,0,1,0,0,0,0,0,0,0,1,1,0,0,0
29.523667,0,1,1,0,0,0,0,0,0,1,1,0,1,0,0,1,0,0
29.534353,1,0,0,1,0,0,1,0,0,1,1,0,1,1,1,0,1,0
29.535937,0,0,0,0,1,0,0,0,0,0,0,0,0,0,0,0,0,0
29.549808,0,0,0,0,0,1,0,0,0,0,0,0,0,1,1,0,0,0
29.550915,0,0,0,0,0,0,0,1,0,0,0,0,0,0,0,0,0,1
29.559627,0,1,1,0,0,0,0,0,0,1,1,0,1,0,0,1,0,0
29.574898,1,0,0,1,0,0,1,0,0,1,1,0,1,1,1,0,1,0
29.589621,0,0,0,0,1,0,0,0,0,0,0,0,0,0,0,0,0,0
29.597972,0,0,1,0,0,0,0,0,1,0,0,0,1,0,0,0,0,0
29.600180,0,0,0,0,0,1,0,0,0,1,0,1,0,1,0,1,0,0
29.603788,0,0,0,0,0,0,0,1,0,0,0,0,0,0,0,0,0,1
29.614718,1,0,0,1,0,0,1,0,0,1,1,0,1,1,1,0,1,0
29.637809,0,0,0,0,1,0,0,0,0,0,0,0,0,0,0,0,0,0
29.640736,0,0,1,0,0,0,0,0,1,0,0,0,1,0,0,0,0,0
29.649154,0,0,0,0,0,1,0,0,0,1,0,1,0,1,0,1,0,0
29.649375,0,0,0,0,0,0,0,1,0,0,0,0,0,0,0,0,0,1
29.669136,1,0,0,1,0,0,1,0,0,1,1,0,1,1,1,0,1,0
29.688472,0,0,0,0,1,0,0,0,0,0,0,0,0,0,0,0,0,0
29.697838,0,0,1,0,0,0,0,0,1,0,0,0,1,0,0,0,0,0
29.701108,0,0,0,0,0,1,0,0,0,1,0,1,0,1,0,1,0,0
29.702082,0,0,0,0,0,0,0,1,0,0,0,0,0,0,0,0,0,1
29.714585,1,0,0,0,0,0,0,0,1,0,0,0,1,0,0,0,0,0
29.731691,0,0,0,0,0,0,1,0,0,1,0,1,0,1,0,0,1,0
29.736845,0,0,0,0,1,0,0,0,0,0,0,0,0,0,0,0,0,0
29.746431,0,0,0,0,0,0,0,1,0,0,0,0,0,0,0,0,0,1
29.749885,0,0,0,0,0,1,0,0,0,0,0,0,0,1,1,0,0,0
29.758823,0,1,1,0,0,0,0,0,0,1,1,0,1,0,0,1,0,0
29.769592,1,0,0,1,0,0,1,0,0,1,1,0,1,1,1,0,1,0
29.780755,0,0,0,0,1,0,0,0,0,0,0,0,0,0,0,0,0,0
29.795992,0,0,1,0,0,0,0,0,1,0,0,0,1,0,0,0,0,0
29.796263,0,0,0,0,0,0,0,1,0,0,0,0,0,0,0,0,0,1
29.798821,0,0,0,0,0,1,0,0,0,1,0,1,0,1,0,1,0,0
29.812435,1,0,0,0,0,0,0,0,1,0,0,0,1,0,0,0,0,0
29.836063,0,0,0,0,1,0,0,0,0,0,0,0,0,0,0,0,0,0
29.848907,0,0,0,0,0,1,1,0,0,1,0,1,0,1,0,0,1,0
29.852161,0,0,0,0,0,0,0,1,0,0,0,0,0,0,0,0,0,1
29.871528,0,1,1,0,0,0,0,0,0,1,1,0,1,0,0,1,0,0
29.882460,1,0,0,0,0,0,0,0,1,0,0,0,1,0,0,0,0,0
29.883843,0,0,0,0,0,0,1,0,0,1,0,1,0,1,0,0,1,0
29.888110,0,0,0,0,1,0,0,0,0,0,0,0,0,0,0,0,0,0
29.901632,0,0,0,0,0,1,0,0,0,0,0,0,0,1,1,0,0,0
29.901763,0,0,0,0,0,0,0,1,0,0,0,0,0,0,0,0,0,1
29.905717,0,1,1,0,0,0,0,0,0,1,1,0,1,0,0,1,0,0
29.922866,1,0,0,0,0,0,0,0,1,0,0,0,1,0,0,0,0,0
29.937333,0,0,0,0,1,0,1,0,0,1,0,1,0,1,0,0,1,0
29.950000,0,0,0,0,0,0,0,1,0,0,0,0,0,0,0,0,0,1
29.950929,0,0,0,0,0,1,0,0,0,0,0,0,0,1,1,0,0,0
29.958106,0,1,1,0,0,0,0,0,0,1,1,0,1,0,0,1,0,0
29.974583,1,0,0,0,0,0,0,0,1,0,0,0,1,0,0,0,0,0
29.984934,0,0,0,0,1,0,0,0,0,0,0,0,0,0,0,0,0,0
29.996447,0,0,0,0,0,0,0,1,0,0,0,0,0,0,0,0,0,1
30.001242,0,0,0,0,0,1,0,0,0,1,0,1,0,1,0,1,0,0
30.008663,0,0,0,0,0,0,1,0,0,0,0,0,0,1,1,0,0,0
30.017214,1,0,0,1,0,0,1,0,0,1,1,0,1,1,1,0,1,0
30.035843,0,0,0,0,1,0,0,0,0,0,0,0,0,0,0,0,0,0
30.042799,0,0,1,1,0,0,0,0,0,1,1,0,1,0,0,0,1,0
30.049621,0,0,0,0,0,0,0,1,0,0,0,0,0,0,0,0,0,1
30.051254,0,0,0,0,0,1,0,0,0,0,0,0,0,1,1,0,0,0
30.069135,0,1,1,0,0,0,0,0,0,1,1,0,1,0,0,1,0,0
30.082078,0,0,0,0,1,0,0,0,0,0,0,0,0,0,0,0,0,0
30.088263,1,0,0,0,0,0,0,0,1,0,0,0,1,0,0,0,0,0
30.093505,0,0,0,0,0,0,1,0,0,1,0,1,0,1,0,0,1,0
30.099809,0,0,0,0,0,0,0,1,0,0,0,0,0,0,0,0,0,1
30.100733,0,0,0,0,0,1,0,0,0,0,0,0,0,1,1,0,0,0
30.119483,0,1,1,0,0,0,0,0,0,1,1,0,1,0,0,1,0,0
30.131615,0,0,0,0,1,0,0,0,0,0,0,0,0,0,0,0,0,0
30.137522,1,0,0,0,0,0,0,0,1,0,0,0,1,0,0,0,0,0
30.141025,0,0,0,0,0,0,1,0,0,1,0,1,0,1,0,0,1,0
30.149235,0,0,0,0,0,0,0,1,0,0,0,0,0,0,0,0,0,1
30.149799,0,0,0,0,0,1,0,0,0,0,0,0,0,1,1,0,0,0
30.166815,0,1,1,0,0,0,0,0,0,1,1,0,1,0,0,1,0,0
30.182136,1,0,0,0,0,0,0,0,1,0,0,0,1,0,0,0,0,0
30.186492,0,0,0,0,1,0,1,0,0,1,0,1,0,1,0,0,1,0
30.196852,0,0,0,0,0,0,0,1,0,0,0,0,0,0,0,0,0,1
30.200630,0,0,0,0,0,1,0,0,0,0,0,0,0,1,1,0,0,0
30.212584,0,1,1,0,0,0,0,0,0,1,1,0,1,0,0,1,0,0
30.227862,1,0,0,0,0,0,0,0,1,0,0,0,1,0,0,0,0,0
30.230545,0,0,0,0,1,0,0,0,0,0,0,0,0,0,0,0,0,0
30.248593,0,0,0,0,0,1,0,0,0,1,0,1,0,1,0,1,0,0
30.252928,0,0,0,0,0,0,1,1,0,0,0,0,0,1,1,0,0,1
30.262153,1,0,0,1,0,0,0,0,0,1,1,0,1,0,0,0,1,0
30.287147,0,0,1,0,0,0,0,0,1,0,0,0,1,0,0,0,0,0
30.289841,0,0,0,0,1,0,1,0,0,1,0,1,0,1,0,0,1,0
30.301236,0,0,0,0,0,1,0,0,0,0,0,0,0,1,1,0,0,0
30.302002,0,0,0,0,0,0,0,1,0,0,0,0,0,0,0,0,0,1
30.315412,0,1,1,0,0,0,0,0,0,1,1,0,1,0,0,1,0,0
30.333118,1,0,0,1,0,0,1,0,0,1,1,0,1,1,1,0,1,0
30.337100,0,0,0,0,1,0,0,0,0,0,0,0,0,0,0,0,0,0
30.350220,0,0,0,0,0,0,0,1,0,0,0,0,0,0,0,0,0,1
30.351266,0,0,0,0,0,1,0,0,0,0,0,0,0,1,1,0,0,0
30.360604,0,1,1,0,0,0,0,0,0,1,1,0,1,0,0,1,0,0
30.373391,1,0,0,1,0,0,1,0,0,1,1,0,1,1,1,0,1,0
30.386334,0,0,0,0,1,0,0,0,0,0,0,0,0,0,0,0,0,0
30.400193,0,0,0,0,0,1,0,0,0,0,0,0,0,1,1,0,0,0
30.400285,0,0,0,0,0,0,0,1,0,0,0,0,0,0,0,0,0,1
30.401313,0,1,1,0,0,0,0,0,0,1,1,0,1,0,0,1,0,0
30.412145,1,0,0,1,0,0,1,0,0,1,1,0,1,1,1,0,1,0
30.433590,0,0,1,0,0,0,0,0,1,0,0,0,1,0,0,0,0,0
30.438592,0,0,0,0,1,0,0,0,0,0,0,0,0,0,0,0,0,0
30.449686,0,0,0,0,0,1,0,0,0,1,0,1,0,1,0,1,0,0
30.451000,0,0,0,0,0,0,0,1,0,0,0,0,0,0,0,0,0,1
30.462322,1,0,0,0,0,0,0,0,1,0,0,0,1,0,0,0,0,0
30.478969,0,0,0,0,0,0,1,0,0,1,0,1,0,1,0,0,1,0
30.490647,0,0,0,0,1,0,0,0,0,0,0,0,0,0,0,0,0,0
30.497472,0,0,0,0,0,0,0,1,0,0,0,0,0,0,0,0,0,1
30.500764,0,0,0,0,0,1,0,0,0,0,0,0,0,1,1,0,0,0
30.506225,0,1,1,0,0,0,0,0,0,1,1,0,1,0,0,1,0,0
30.523960,1,0,0,0,0,0,0,0,1,0,0,0,1,0,0,0,0,0
30.533931,0,0,0,0,1,0,0,0,0,0,0,0,0,0,0,0,0,0
30.536950,0,0,0,0,0,0,1,0,0,1,0,1,0,1,0,0,1,0
30.549125,0,0,0,0,0,0,0,1,0,0,0,0,0,0,0,0,0,1
30.549996,0,0,0,0,0,1,0,0,0,0,0,0,0,1,1,0,0,0
30.564594,0,1,1,0,0,0,0,0,0,1,1,0,1,0,0,1,0,0
30.578081,1,0,0,1,0,0,1,0,0,1,1,0,1,1,1,0,1,0
30.581957,0,0,0,0,1,0,0,0,0,0,0,0,0,0,0,0,0,0
30.600219,0,0,0,0,0,1,0,0,0,0,0,0,0,1,1,0,0,0
30.600889,0,1,1,0,0,0,0,0,0,1,1,0,1,0,0,1,0,0
30.601896,0,0,0,0,0,0,0,1,0,0,0,0,0,0,0,0,0,1
30.616223,1,0,0,1,0,0,1,0,0,1,1,0,1,1,1,0,1,0
30.632274,0,0,0,0,1,0,0,0,0,0,0,0,0,0,0,0,0,0
30.638413,0,0,1,0,0,0,0,0,1,0,0,0,1,0,0,0,0,0
30.649900,0,0,0,0,0,0,0,1,0,0,0,0,0,0,0,0,0,1
30.650939,0,0,0,0,0,1,0,0,0,1,0,1,0,1,0,1,0,0
30.663041,1,0,0,0,0,0,0,0,1,0,0,0,1,0,0,0,0,0
30.683446,0,0,0,0,1,0,1,0,0,1,0,1,0,1,0,0,1,0
30.696696,0,0,0,0,0,0,0,1,0,0,0,0,0,0,0,0,0,1
30.699218,0,0,0,0,0,1,0,0,0,0,0,0,0,1,1,0,0,0
30.707838,0,1,1,0,0,0,0,0,0,1,1,0,1,0,0,1,0,0
30.724049,1,0,0,1,0,0,1,0,0,1,1,0,1,1,1,0,1,0
30.731859,0,0,0,0,1,0,0,0,0,0,0,0,0,0,0,0,0,0
30.748093,0,0,0,0,0,0,0,1,0,0,0,0,0,0,0,0,0,1
30.749727,0,0,1,0,0,0,0,0,1,0,0,0,1,0,0,0,0,0
30.751248,0,0,0,0,0,1,0,0,0,1,0,1,0,1,0,1,0,0
30.763033,1,0,0,0,0,0,0,0,1,0,0,0,1,0,0,0,0,0
30.785407,0,0,0,0,1,0,1,0,0,1,0,1,0,1,0,0,1,0
30.799976,0,0,0,0,0,0,0,1,0,0,0,0,0,0,0,0,0,1
30.800401,0,0,0,0,0,1,0,0,0,0,0,0,0,1,1,0,0,0
30.808095,0,1,1,0,0,0,0,0,0,1,1,0,1,0,0,1,0,0
30.820825,1,0,0,0,0,0,0,0,1,0,0,0,1,0,0,0,0,0
30.837215,0,0,0,0,1,0,1,0,0,1,0,1,0,1,0,0,1,0
30.851064,0,0,0,0,0,1,0,0,0,0,0,0,0,1,1,0,0,0
30.851418,0,0,0,0,0,0,0,1,0,0,0,0,0,0,0,0,0,1
30.863314,0,1,1,0,0,0,0,0,0,1,1,0,1,0,0,1,0,0
30.881319,1,0,0,1,0,0,1,0,0,1,1,0,1,1,1,0,1,0
30.888508,0,0,0,0,1,0,0,0,0,0,0,0,0,0,0,0,0,0
30.898301,0,0,0,0,0,0,0,1,0,0,0,0,0,0,0,0,0,1
30.900326,0,0,0,0,0,1,0,0,0,0,0,0,0,1,1,0,0,0
30.904414,0,1,1,0,0,0,0,0,0,1,1,0,1,0,0,1,0,0
30.921782,1,0,0,0,0,0,0,0,1,0,0,0,1,0,0,0,0,0
30.934344,0,0,0,0,1,0,0,0,0,0,0,0,0,0,0,0,0,0
30.946983,0,0,0,0,0,0,1,1,0,1,0,1,0,1,0,0,1,1
30.950059,0,0,0,0,0,1,0,0,0,0,0,0,0,1,1,0,0,0
30.976851,0,1,1,0,0,0,0,0,0,1,1,0,1,0,0,1,0,0
30.981550,0,0,0,0,1,0,0,0,0,0,0,0,0,0,0,0,0,0
30.994372,1,0,0,0,0,0,0,0,1,0,0,0,1,0,0,0,0,0
30.995685,0,0,0,0,0,0,1,0,0,1,0,1,0,1,0,0,1,0
30.997568,0,0,0,0,0,0,0,1,0,0,0,0,0,0,0,0,0,1
30.998735,0,0,0,0,0,1,0,0,0,0,0,0,0,1,1,0,0,0
31.017935,0,1,1,0,0,0,0,0,0,1,1,0,1,0,0,1,0,0
31.027949,1,0,0,0,0,0,0,0,1,0,0,0,1,0,0,0,0,0
31.031149,0,0,0,0,0,0,1,0,0,1,0,1,0,1,0,0,1,0
31.033419,0,0,0,0,1,0,0,0,0,0,0,0,0,0,0,0,0,0
31.051118,0,0,0,0,0,1,0,0,0,0,0,0,0,1,1,0,0,0
31.051361,0,0,0,0,0,0,0,1,0,0,0,0,0,0,0,0,0,1
31.051980,0,1,1,0,0,0,0,0,0,1,1,0,1,0,0,1,0,0
31.067111,1,0,0,1,0,0,1,0,0,1,1,0,1,1,1,0,1,0
31.082107,0,0,0,0,1,0,0,0,0,0,0,0,0,0,0,0,0,0
31.090218,0,0,1,0,0,0,0,0,1,0,0,0,1,0,0,0,0,0
31.099346,0,0,0,0,0,0,0,1,0,0,0,0,0,0,0,0,0,1
31.099552,0,0,0,0,0,1,0,0,0,1,0,1,0,1,0,1,0,0
31.112643,1,0,0,1,0,0,1,0,0,1,1,0,1,1,1,0,1,0
31.130402,0,0,0,0,1,0,0,0,0,0,0,0,0,0,0,0,0,0
31.140967,0,0,1,0,0,0,0,0,1,0,0,0,1,0,0,0,0,0
31.149954,0,0,0,0,0,1,0,0,0,1,0,1,0,1,0,1,0,0
31.150251,0,0,0,0,0,0,0,1,0,0,0,0,0,0,0,0,0,1
31.163420,1,0,0,1,0,0,1,0,0,1,1,0,1,1,1,0,1,0
31.188920,0,0,0,0,1,0,0,0,0,0,0,0,0,0,0,0,0,0
31.189227,0,0,1,0,0,0,0,0,1,0,0,0,1,0,0,0,0,0
31.198691,0,0,0,0,0,0,0,1,0,0,0,0,0,0,0,0,0,1
31.200429,0,0,0,0,0,1,0,0,0,1,0,1,0,1,0,1,0,0
31.217208,1,0,0,1,0,0,1,0,0,1,1,0,1,1,1,0,1,0
31.233686,0,0,0,0,1,0,0,0,0,0,0,0,0,0,0,0,0,0
31.240088,0,0,1,0,0,0,0,0,1,0,0,0,1,0,0,0,0,0
31.247366,0,0,0,0,0,0,0,1,0,0,0,0,0,0,0,0,0,1
31.249154,0,0,0,0,0,1,0,0,0,1,0,1,0,1,0,1,0,0
31.262052,1,0,0,1,0,0,1,0,0,1,1,0,1,1,1,0,1,0
31.277884,0,0,0,0,1,0,0,0,0,0,0,0,0,0,0,0,0,0
31.282445,0,0,1,0,0,0,0,0,1,0,0,0,1,0,0,0,0,0
31.299254,0,0,0,0,0,1,0,0,0,1,0,1,0,1,0,1,0,0
31.301933,0,0,0,0,0,0,0,1,0,0,0,0,0,0,0,0,0,1
31.316789,1,0,0,0,0,0,0,0,1,0,0,0,1,0,0,0,0,0
31.338205,0,0,0,0,1,0,1,0,0,1,0,1,0,1,0,0,1,0
31.347288,0,0,0,0,0,0,0,1,0,0,0,0,0,0,0,0,0,1
31.349620,0,0,0,0,0,1,0,0,0,0,0,0,0,1,1,0,0,0
31.363600,0,1,1,0,0,0,0,0,0,1,1,0,1,0,0,1,0,0
31.375949,1,0,0,1,0,0,1,0,0,1,1,0,1,1,1,0,1,0
31.384564,0,0,0,0,1,0,0,0,0,0,0,0,0,0,0,0,0,0
31.398089,0,0,1,0,0,0,0,0,1,0,0,0,1,0,0,0,0,0
31.400331,0,0,0,0,0,1,0,0,0,1,0,1,0,1,0,1,0,0
31.403070,0,0,0,0,0,0,0,1,0,0,0,0,0,0,0,0,0,1
31.413739,1,0,0,0,0,0,0,0,1,0,0,0,1,0,0,0,0,0
31.441221,0,0,0,0,1,0,1,0,0,1,0,1,0,1,0,0,1,0
31.447306,0,0,0,0,0,0,0,1,0,0,0,0,0,0,0,0,0,1
31.449448,0,0,0,0,0,1,0,0,0,0,0,0,0,1,1,0,0,0
31.466204,0,1,1,0,0,0,0,0,0,1,1,0,1,0,0,1,0,0
31.477599,1,0,0,0,0,0,0,0,1,0,0,0,1,0,0,0,0,0
31.481414,0,0,0,0,0,0,1,0,0,1,0,1,0,1,0,0,1,0
31.484565,0,0,0,0,1,0,0,0,0,0,0,0,0,0,0,0,0,0
31.499702,0,0,0,0,0,1,0,0,0,0,0,0,0,1,1,0,0,0
31.503095,0,0,0,0,0,0,0,1,0,0,0,0,0,0,0,0,0,1
31.509767,0,1,1,0,0,0,0,0,0,1,1,0,1,0,0,1,0,0
31.521622,1,0,0,1,0,0,1,0,0,1,1,0,1,1,1,0,1,0
31.539117,0,0,0,0,1,0,0,0,0,0,0,0,0,0,0,0,0,0
31.541804,0,0,1,0,0,0,0,0,1,0,0,0,1,0,0,0,0,0
31.548487,0,0,0,0,0,0,0,1,0,0,0,0,0,0,0,0,0,1
31.550337,0,0,0,0,0,1,0,0,0,1,0,1,0,1,0,1,0,0
31.566898,1,0,0,1,0,0,1,0,0,1,1,0,1,1,1,0,1,0
31.585924,0,0,0,0,1,0,0,0,0,0,0,0,0,0,0,0,0,0
31.587464,0,0,1,0,0,0,0,0,1,0,0,0,1,0,0,0,0,0
31.600863,0,0,0,0,0,0,0,1,0,0,0,0,0,0,0,0,0,1
31.600992,0,0,0,0,0,1,0,0,0,1,0,1,0,1,0,1,0,0
31.617550,1,0,0,0,0,0,0,0,1,0,0,0,1,0,0,0,0,0
31.639839,0,0,0,0,1,0,1,0,0,1,0,1,0,1,0,0,1,0
31.649411,0,0,0,0,0,1,0,0,0,0,0,0,0,1,1,0,0,0
31.649759,0,0,0,0,0,0,0,1,0,0,0,0,0,0,0,0,0,1
31.664061,0,1,1,0,0,0,0,0,0,1,1,0,1,0,0,1,0,0
31.676852,1,0,0,0,0,0,0,0,1,0,0,0,1,0,0,0,0,0
31.678501,0,0,0,0,0,0,1,0,0,1,0,1,0,1,0,0,1,0
31.681780,0,0,0,0,1,0,0,0,0,0,0,0,0,0,0,0,0,0
31.700286,0,0,0,0,0,1,0,0,0,0,0,0,0,1,1,0,0,0
31.701879,0,1,1,0,0,0,0,0,0,1,1,0,1,0,0,1,0,0
31.703191,0,0,0,0,0,0,0,1,0,0,0,0,0,0,0,0,0,1
31.712753,1,0,0,0,0,0,0,0,1,0,0,0,1,0,0,0,0,0
31.717126,0,0,0,0,0,0,1,0,0,1,0,1,0,1,0,0,1,0
31.742708,0,0,0,0,1,0,0,0,0,0,0,0,0,0,0,0,0,0
31.745967,0,0,1,0,0,0,0,0,1,0,0,0,1,0,0,0,0,0
31.748917,0,0,0,0,0,0,0,1,0,0,0,0,0,0,0,0,0,1
31.748920,0,0,0,0,0,1,0,0,0,1,0,1,0,1,0,1,0,0
31.762183,1,0,0,0,0,0,0,0,1,0,0,0,1,0,0,0,0,0
31.784965,0,0,0,0,1,0,1,0,0,1,0,1,0,1,0,0,1,0
31.797461,0,0,0,0,0,0,0,1,0,0,0,0,0,0,0,0,0,1
31.799886,0,0,0,0,0,1,0,0,0,0,0,0,0,1,1,0,0,0
31.807166,0,1,1,0,0,0,0,0,0,1,1,0,1,0,0,1,0,0
31.820492,1,0,0,1,0,0,1,0,0,1,1,0,1,1,1,0,1,0
31.835517,0,0,0,0,1,0,0,0,0,0,0,0,0,0,0,0,0,0
31.850088,0,0,1,0,0,0,0,0,1,0,0,0,1,0,0,0,0,0
31.850483,0,0,0,0,0,1,0,0,0,1,0,1,0,1,0,1,0,0
31.851869,0,0,0,0,0,0,0,1,0,0,0,0,0,0,0,0,0,1
31.865307,1,0,0,1,0,0,1,0,0,1,1,0,1,1,1,0,1,0
31.886101,0,0,0,0,1,0,0,0,0,0,0,0,0,0,0,0,0,0
31.895047,0,0,1,0,0,0,0,0,1,0,0,0,1,0,0,0,0,0
31.900510,0,0,0,0,0,1,0,0,0,1,0,1,0,1,0,1,0,0
31.900824,0,0,0,0,0,0,0,1,0,0,0,0,0,0,0,0,0,1
31.914067,1,0,0,1,0,0,1,0,0,1,1,0,1,1,1,0,1,0
31.939286,0,0,0,0,1,0,0,0,0,0,0,0,0,0,0,0,0,0
31.941045,0,0,1,0,0,0,0,0,1,0,0,0,1,0,0,0,0,0
31.950787,0,0,0,0,0,1,0,0,0,1,0,1,0,1,0,1,0,0
31.952496,0,0,0,0,0,0,0,1,0,0,0,0,0,0,0,0,0,1
31.963961,1,0,0,1,0,0,1,0,0,1,1,0,1,1,1,0,1,0
31.984256,0,0,1,0,0,0,0,0,1,0,0,0,1,0,0,0,0,0
31.992004,0,0,0,0,1,0,0,0,0,0,0,0,0,0,0,0,0,0
31.998409,0,0,0,0,0,0,0,1,0,0,0,0,0,0,0,0,0,1
32.000342,0,0,0,0,0,1,0,0,0,1,0,1,0,1,0,1,0,0
32.017420,1,0,0,1,0,0,1,0,0,1,1,0,1,1,1,0,1,0
32.029307,0,0,0,0,1,0,0,0,0,0,0,0,0,0,0,0,0,0
32.039410,0,0,1,0,0,0,0,0,1,0,0,0,1,0,0,0,0,0
32.047441,0,0,0,0,0,0,0,1,0,0,0,0,0,0,0,0,0,1
32.051374,0,0,0,0,0,1,0,0,0,1,0,1,0,1,0,1,0,0
32.063368,1,0,0,0,0,0,0,0,1,0,0,0,1,0,0,0,0,0
32.084652,0,0,0,0,1,0,1,0,0,1,0,1,0,1,0,0,1,0
32.099448,0,0,0,0,0,1,0,0,0,0,0,0,0,1,1,0,0,0
32.101838,0,0,0,0,0,0,0,1,0,0,0,0,0,0,0,0,0,1
32.111593,0,1,1,0,0,0,0,0,0,1,1,0,1,0,0,1,0,0
32.123784,1,0,0,0,0,0,0,0,1,0,0,0,1,0,0,0,0,0
32.140946,0,0,0,0,1,0,0,0,0,0,0,0,0,0,0,0,0,0
32.147480,0,0,0,0,0,0,1,1,0,1,0,1,0,1,0,0,1,1
32.150088,0,0,0,0,0,1,0,0,0,0,0,0,0,1,1,0,0,0
32.174959,0,1,1,0,0,0,0,0,0,1,1,0,1,0,0,1,0,0
32.184093,0,0,0,0,1,0,0,0,0,0,0,0,0,0,0,0,0,0
32.189197,1,0,0,0,0,0,0,0,1,0,0,0,1,0,0,0,0,0
32.190962,0,0,0,0,0,0,1,0,0,1,0,1,0,1,0,0,1,0
32.197197,0,0,0,0,0,0,0,1,0,0,0,0,0,0,0,0,0,1
32.198050,0,0,0,0,0,1,0,0,0,0,0,0,0,1,1,0,0,0
32.213808,0,1,1,0,0,0,0,0,0,1,1,0,1,0,0,1,0,0
32.231938,1,0,0,1,0,0,1,0,0,1,1,0,1,1,1,0,1,0
32.235641,0,0,0,0,1,0,0,0,0,0,0,0,0,0,0,0,0,0
32.246679,0,0,0,0,0,0,0,1,0,0,0,0,0,0,0,0,0,1
32.248716,0,0,0,0,0,1,0,0,0,0,0,0,0,1,1,0,0,0
32.256639,0,1,1,0,0,0,0,0,0,1,1,0,1,0,0,1,0,0
32.272289,1,0,0,0,0,0,0,0,1,0,0,0,1,0,0,0,0,0
32.273493,0,0,0,0,0,0,1,0,0,1,0,1,0,1,0,0,1,0
32.277999,0,0,0,0,1,0,0,0,0,0,0,0,0,0,0,0,0,0
32.295947,0,0,1,0,0,0,0,0,1,0,0,0,1,0,0,0,0,0
32.299543,0,0,0,0,0,0,0,1,0,0,0,0,0,0,0,0,0,1
32.299659,0,0,0,0,0,1,0,0,0,1,0,1,0,1,0,1,0,0
32.313379,1,0,0,1,0,0,1,0,0,1,1,0,1,1,1,0,1,0
32.335824,0,0,0,0,1,0,0,0,0,0,0,0,0,0,0,0,0,0
32.336962,0,0,1,0,0,0,0,0,1,0,0,0,1,0,0,0,0,0
32.350315,0,0,0,0,0,0,0,1,0,0,0,0,0,0,0,0,0,1
32.350925,0,0,0,0,0,1,0,0,0,1,0,1,0,1,0,1,0,0
32.363843,1,0,0,1,0,0,1,0,0,1,1,0,1,1,1,0,1,0
32.384855,0,0,0,0,1,0,0,0,0,0,0,0,0,0,0,0,0,0
32.390400,0,0,1,0,0,0,0,0,1,0,0,0,1,0,0,0,0,0
32.398610,0,0,0,0,0,0,0,1,0,0,0,0,0,0,0,0,0,1
32.401776,0,0,0,0,0,1,0,0,0,1,0,1,0,1,0,1,0,0
32.414071,1,0,0,1,0,0,1,0,0,1,1,0,1,1,1,0,1,0
32.434123,0,0,0,0,1,0,0,0,0,0,0,0,0,0,0,0,0,0
32.438154,0,0,1,0,0,0,0,0,1,0,0,0,1,0,0,0,0,0
32.446258,0,0,0,0,0,0,0,1,0,0,0,0,0,0,0,0,0,1
32.451731,0,0,0,0,0,1,0,0,0,1,0,1,0,1,0,1,0,0
32.465190,1,0,0,0,0,0,0,0,1,0,0,0,1,0,0,0,0,0
32.484177,0,0,0,0,1,0,1,0,0,1,0,1,0,1,0,0,1,0
32.499403,0,0,0,0,0,0,0,1,0,0,0,0,0,0,0,0,0,1
32.500565,0,0,0,0,0,1,0,0,0,0,0,0,0,1,1,0,0,0
32.507518,0,1,1,0,0,0,0,0,0,1,1,0,1,0,0,1,0,0
32.521495,1,0,0,0,0,0,0,0,1,0,0,0,1,0,0,0,0,0
32.536949,0,0,0,0,1,0,0,0,0,0,0,0,0,0,0,0,0,0
32.549515,0,0,0,0,0,1,0,0,0,1,0,1,0,1,0,1,0,0
32.552200,0,0,0,0,0,0,1,1,0,0,0,0,0,1,1,0,0,1
32.562807,1,0,0,1,0,0,1,0,0,1,1,0,1,1,1,0,1,0
32.585873,0,0,1,1,0,0,0,0,0,1,1,0,1,0,0,0,1,0
32.589476,0,0,0,0,1,0,0,0,0,0,0,0,0,0,0,0,0,0
32.599114,0,0,0,0,0,0,0,1,0,0,0,0,0,0,0,0,0,1
32.601133,0,0,0,0,0,1,0,0,0,0,0,0,0,1,1,0,0,0
32.611116,0,1,1,0,0,0,0,0,0,1,1,0,1,0,0,1,0,0
32.624274,1,0,0,1,0,0,1,0,0,1,1,0,1,1,1,0,1,0
32.634490,0,0,0,0,1,0,0,0,0,0,0,0,0,0,0,0,0,0
32.649259,0,0,0,0,0,0,0,1,0,0,0,0,0,0,0,0,0,1
32.650736,0,0,0,0,0,1,0,0,0,0,0,0,0,1,1,0,0,0
32.654011,0,1,1,0,0,0,0,0,0,1,1,0,1,0,0,1,0,0
32.670200,1,0,0,1,0,0,1,0,0,1,1,0,1,1,1,0,1,0
32.684721,0,0,0,0,1,0,0,0,0,0,0,0,0,0,0,0,0,0
32.690518,0,0,1,0,0,0,0,0,1,0,0,0,1,0,0,0,0,0
32.700007,0,0,0,0,0,1,0,0,0,1,0,1,0,1,0,1,0,0
32.701614,0,0,0,0,0,0,0,1,0,0,0,0,0,0,0,0,0,1
32.719358,1,0,0,0,0,0,0,0,1,0,0,0,1,0,0,0,0,0
32.736336,0,0,0,0,1,0,1,0,0,1,0,1,0,1,0,0,1,0
32.748009,0,0,0,0,0,0,0,1,0,0,0,0,0,0,0,0,0,1
32.749245,0,0,0,0,0,1,0,0,0,0,0,0,0,1,1,0,0,0
32.761086,0,1,1,0,0,0,0,0,0,1,1,0,1,0,0,1,0,0
32.777270,1,0,0,0,0,0,0,0,1,0,0,0,1,0,0,0,0,0
32.787632,0,0,0,0,1,0,0,0,0,0,0,0,0,0,0,0,0,0
32.800409,0,0,0,0,0,0,1,1,0,1,0,1,0,1,0,0,1,1
32.800478,0,0,0,0,0,1,0,0,0,0,0,0,0,1,1,0,0,0
32.822518,0,1,1,0,0,0,0,0,0,1,1,0,1,0,0,1,0,0
32.832093,0,0,0,0,1,0,0,0,0,0,0,0,0,0,0,0,0,0
32.833375,1,0,0,1,0,0,1,0,0,1,1,0,1,1,1,0,1,0
32.849800,0,0,0,0,0,0,0,1,0,0,0,0,0,0,0,0,0,1
32.850062,0,0,0,0,0,1,0,0,0,0,0,0,0,1,1,0,0,0
32.861059,0,1,1,0,0,0,0,0,0,1,1,0,1,0,0,1,0,0
32.876313,1,0,0,1,0,0,1,0,0,1,1,0,1,1,1,0,1,0
32.886436,0,0,0,0,1,0,0,0,0,0,0,0,0,0,0,0,0,0
32.899684,0,0,0,0,0,1,0,0,0,0,0,0,0,1,1,0,0,0
32.900785,0,0,0,0,0,0,0,1,0,0,0,0,0,0,0,0,0,1
32.902698,0,1,1,0,0,0,0,0,0,1,1,0,1,0,0,1,0,0
32.912773,1,0,0,1,0,0,1,0,0,1,1,0,1,1,1,0,1,0
32.934044,0,0,0,0,1,0,0,0,0,0,0,0,0,0,0,0,0,0
32.936134,0,0,1,0,0,0,0,0,1,0,0,0,1,0,0,0,0,0
32.948073,0,0,0,0,0,0,0,1,0,0,0,0,0,0,0,0,0,1
32.950526,0,0,0,0,0,1,0,0,0,1,0,1,0,1,0,1,0,0
32.969078,1,0,0,1,0,0,1,0,0,1,1,0,1,1,1,0,1,0
32.983072,0,0,0,0,1,0,0,0,0,0,0,0,0,0,0,0,0,0
32.994936,0,0,1,0,0,0,0,0,1,0,0,0,1,0,0,0,0,0
32.998587,0,0,0,0,0,0,0,1,0,0,0,0,0,0,0,0,0,1
33.000448,0,0,0,0,0,1,0,0,0,1,0,1,0,1,0,1,0,0
33.017027,1,0,0,0,0,0,0,0,1,0,0,0,1,0,0,0,0,0
33.019971,0,0,0,0,0,0,1,0,0,1,0,1,0,1,0,0,1,0
33.031785,0,0,0,0,1,0,0,0,0,0,0,0,0,0,0,0,0,0
33.043257,0,0,1,0,0,0,0,0,1,0,0,0,1,0,0,0,0,0
33.046291,0,0,0,0,0,0,0,1,0,0,0,0,0,0,0,0,0,1
33.050371,0,0,0,0,0,1,0,0,0,1,0,1,0,1,0,1,0,0
33.063967,1,0,0,1,0,0,1,0,0,1,1,0,1,1,1,0,1,0
33.082377,0,0,0,0,1,0,0,0,0,0,0,0,0,0,0,0,0,0
33.089772,0,0,1,0,0,0,0,0,1,0,0,0,1,0,0,0,0,0
33.097748,0,0,0,0,0,0,0,1,0,0,0,0,0,0,0,0,0,1
33.099273,0,0,0,0,0,1,0,0,0,1,0,1,0,1,0,1,0,0
33.111041,1,0,0,1,0,0,1,0,0,1,1,0,1,1,1,0,1,0
33.134580,0,0,1,0,0,0,0,0,1,0,0,0,1,0,0,0,0,0
33.136628,0,0,0,0,1,0,0,0,0,0,0,0,0,0,0,0,0,0
33.148956,0,0,0,0,0,1,0,0,0,1,0,1,0,1,0,1,0,0
33.150256,0,0,0,0,0,0,0,1,0,0,0,0,0,0,0,0,0,1
33.163360,1,0,0,1,0,0,1,0,0,1,1,0,1,1,1,0,1,0
33.184494,0,0,1,0,0,0,0,0,1,0,0,0,1,0,0,0,0,0
33.189885,0,0,0,0,1,0,0,0,0,0,0,0,0,0,0,0,0,0
33.200978,0,0,0,0,0,1,0,0,0,1,0,1,0,1,0,1,0,0
33.203521,0,0,0,0,0,0,0,1,0,0,0,0,0,0,0,0,0,1
33.213246,1,0,0,1,0,0,1,0,0,1,1,0,1,1,1,0,1,0
33.234285,0,0,1,0,0,0,0,0,1,0,0,0,1,0,0,0,0,0
33.234295,0,0,0,0,1,0,0,0,0,0,0,0,0,0,0,0,0,0
33.250098,0,0,0,0,0,1,0,0,0,1,0,1,0,1,0,1,0,0
33.252546,0,0,0,0,0,0,0,1,0,0,0,0,0,0,0,0,0,1
33.268593,1,0,0,1,0,0,1,0,0,1,1,0,1,1,1,0,1,0
33.291620,0,0,0,0,1,0,0,0,0,0,0,0,0,0,0,0,0,0
33.293710,0,0,1,0,0,0,0,0,1,0,0,0,1,0,0,0,0,0
33.299709,0,0,0,0,0,1,0,0,0,1,0,1,0,1,0,1,0,0
33.300926,0,0,0,0,0,0,0,1,0,0,0,0,0,0,0,0,0,1
33.311206,1,0,0,0,0,0,0,0,1,0,0,0,1,0,0,0,0,0
33.314926,0,0,0,0,0,0,1,0,0,1,0,1,0,1,0,0,1,0
33.335865,0,0,1,0,0,0,0,0,1,0,0,0,1,0,0,0,0,0
33.338190,0,0,0,0,1,0,0,0,0,0,0,0,0,0,0,0,0,0
33.348433,0,0,0,0,0,0,0,1,0,0,0,0,0,0,0,0,0,1
33.350479,0,0,0,0,0,1,0,0,0,1,0,1,0,1,0,1,0,0
33.362057,1,0,0,0,0,0,0,0,1,0,0,0,1,0,0,0,0,0
33.384112,0,0,0,0,1,0,1,0,0,1,0,1,0,1,0,0,1,0
33.399124,0,0,0,0,0,0,0,1,0,0,0,0,0,0,0,0,0,1
33.399238,0,0,0,0,0,1,0,0,0,0,0,0,0,1,1,0,0,0
33.405973,0,1,1,0,0,0,0,0,0,1,1,0,1,0,0,1,0,0
33.418519,1,0,0,1,0,0,1,0,0,1,1,0,1,1,1,0,1,0
33.435594,0,0,0,0,1,0,0,0,0,0,0,0,0,0,0,0,0,0
33.443388,0,0,1,0,0,0,0,0,1,0,0,0,1,0,0,0,0,0
33.449963,0,0,0,0,0,1,0,0,0,1,0,1,0,1,0,1,0,0
33.450324,0,0,0,0,0,0,0,1,0,0,0,0,0,0,0,0,0,1
33.467157,1,0,0,1,0,0,1,0,0,1,1,0,1,1,1,0,1,0
33.489778,0,0,0,0,1,0,0,0,0,0,0,0,0,0,0,0,0,0
33.491654,0,0,1,0,0,0,0,0,1,0,0,0,1,0,0,0,0,0
33.498583,0,0,0,0,0,1,0,0,0,1,0,1,0,1,0,1,0,0
33.500945,0,0,0,0,0,0,0,1,0,0,0,0,0,0,0,0,0,1
33.516038,1,0,0,0,0,0,0,0,1,0,0,0,1,0,0,0,0,0
33.530399,0,0,0,0,0,0,1,0,0,1,0,1,0,1,0,0,1,0
33.536743,0,0,0,0,1,0,0,0,0,0,0,0,0,0,0,0,0,0
33.548074,0,0,0,0,0,0,0,1,0,0,0,0,0,0,0,0,0,1
33.548882,0,0,0,0,0,1,0,0,0,0,0,0,0,1,1,0,0,0
33.554288,0,1,1,0,0,0,0,0,0,1,1,0,1,0,0,1,0,0
33.567000,1,0,0,0,0,0,0,0,1,0,0,0,1,0,0,0,0,0
33.584352,0,0,0,0,1,0,1,0,0,1,0,1,0,1,0,0,1,0
33.599709,0,0,0,0,0,0,0,1,0,0,0,0,0,0,0,0,0,1
33.599794,0,0,0,0,0,1,0,0,0,0,0,0,0,1,1,0,0,0
33.612983,0,1,1,0,0,0,0,0,0,1,1,0,1,0,0,1,0,0
33.626080,1,0,0,1,0,0,1,0,0,1,1,0,1,1,1,0,1,0
33.632375,0,0,0,0,1,0,0,0,0,0,0,0,0,0,0,0,0,0
33.650066,0,0,0,0,0,0,0,1,0,0,0,0,0,0,0,0,0,1
33.651513,0,0,0,0,0,1,0,0,0,0,0,0,0,1,1,0,0,0
33.654597,0,1,1,0,0,0,0,0,0,1,1,0,1,0,0,1,0,0
33.671260,1,0,0,0,0,0,0,0,1,0,0,0,1,0,0,0,0,0
33.675784,0,0,0,0,0,0,1,0,0,1,0,1,0,1,0,0,1,0
33.684749,0,0,0,0,1,0,0,0,0,0,0,0,0,0,0,0,0,0
33.696099,0,0,1,0,0,0,0,0,1,0,0,0,1,0,0,0,0,0
33.700556,0,0,0,0,0,1,0,0,0,1,0,1,0,1,0,1,0,0
33.701160,0,0,0,0,0,0,0,1,0,0,0,0,0,0,0,0,0,1
33.716041,1,0,0,0,0,0,0,0,1,0,0,0,1,0,0,0,0,0
33.733072,0,0,0,0,1,0,0,0,0,0,0,0,0,0,0,0,0,0
33.744300,0,0,0,0,0,0,1,0,0,1,0,1,0,1,0,0,1,0
33.748189,0,0,0,0,0,0,0,1,0,0,0,0,0,0,0,0,0,1
33.749574,0,0,0,0,0,1,0,0,0,0,0,0,0,1,1,0,0,0
33.765232,0,1,1,0,0,0,0,0,0,1,1,0,1,0,0,1,0,0
33.776942,1,0,0,0,0,0,0,0,1,0,0,0,1,0,0,0,0,0
33.778975,0,0,0,0,1,0,1,0,0,1,0,1,0,1,0,0,1,0
33.800049,0,0,0,0,0,1,0,0,0,0,0,0,0,1,1,0,0,0
33.801135,0,0,0,0,0,0,0,1,0,0,0,0,0,0,0,0,0,1
33.803023,0,1,1,0,0,0,0,0,0,1,1,0,1,0,0,1,0,0
33.818744,1,0,0,1,0,0,1,0,0,1,1,0,1,1,1,0,1,0
33.838585,0,0,0,0,1,0,0,0,0,0,0,0,0,0,0,0,0,0
33.844643,0,0,1,0,0,0,0,0,1,0,0,0,1,0,0,0,0,0
33.849446,0,0,0,0,0,1,0,0,0,1,0,1,0,1,0,1,0,0
33.852256,0,0,0,0,0,0,0,1,0,0,0,0,0,0,0,0,0,1
33.862544,1,0,0,0,0,0,0,0,1,0,0,0,1,0,0,0,0,0
33.890624,0,0,0,0,1,0,1,0,0,1,0,1,0,1,0,0,1,0
33.898986,0,0,0,0,0,1,0,0,0,0,0,0,0,1,1,0,0,0
33.902667,0,0,0,0,0,0,0,1,0,0,0,0,0,0,0,0,0,1
33.918279,0,1,1,0,0,0,0,0,0,1,1,0,1,0,0,1,0,0
33.929869,1,0,0,0,0,0,0,0,1,0,0,0,1,0,0,0,0,0
33.942572,0,0,0,0,1,0,0,0,0,0,0,0,0,0,0,0,0,0
33.951582,0,0,0,0,0,1,1,0,0,1,0,1,0,1,0,1,0,0
33.953830,0,0,0,0,0,0,0,1,0,0,0,0,0,0,0,0,0,1
33.963070,1,0,0,1,0,0,0,0,0,1,1,0,1,0,0,0,1,0
33.985790,0,0,0,0,1,0,1,0,0,0,0,0,0,1,1,0,0,0
33.992208,0,0,1,1,0,0,0,0,0,1,1,0,1,0,0,0,1,0
33.998859,0,0,0,0,0,1,0,0,0,0,0,0,0,1,1,0,0,0
34.002641,0,0,0,0,0,0,0,1,0,0,0,0,0,0,0,0,0,1
34.019430,0,1,1,0,0,0,0,0,0,1,1,0,1,0,0,1,0,0
34.037976,0,0,0,0,1,0,0,0,0,0,0,0,0,0,0,0,0,0
34.039281,1,0,0,0,0,0,0,0,1,0,0,0,1,0,0,0,0,0
34.050579,0,0,0,0,0,1,0,0,0,1,0,1,0,1,0,1,0,0
34.050888,0,0,0,0,0,0,1,0,0,0,0,0,0,1,1,0,0,0
34.051196,0,0,0,0,0,0,0,1,0,0,0,0,0,0,0,0,0,1
34.063277,1,0,0,1,0,0,0,0,0,1,1,0,1,0,0,0,1,0
34.088292,0,0,0,0,1,0,1,0,0,0,0,0,0,1,1,0,0,0
34.093161,0,0,1,1,0,0,0,0,0,1,1,0,1,0,0,0,1,0
34.100384,0,0,0,0,0,0,0,1,0,0,0,0,0,0,0,0,0,1
34.100480,0,0,0,0,0,1,0,0,0,0,0,0,0,1,1,0,0,0
34.120806,0,1,1,0,0,0,0,0,0,1,1,0,1,0,0,1,0,0
34.134360,0,0,0,0,1,0,0,0,0,0,0,0,0,0,0,0,0,0
34.134912,1,0,0,1,0,0,1,0,0,1,1,0,1,1,1,0,1,0
34.150901,0,0,0,0,0,0,0,1,0,0,0,0,0,0,0,0,0,1
34.151254,0,0,0,0,0,1,0,0,0,0,0,0,0,1,1,0,0,0
34.156373,0,1,1,0,0,0,0,0,0,1,1,0,1,0,0,1,0,0
34.172580,1,0,0,1,0,0,1,0,0,1,1,0,1,1,1,0,1,0
34.185815,0,0,0,0,1,0,0,0,0,0,0,0,0,0,0,0,0,0
34.196454,0,0,1,0,0,0,0,0,1,0,0,0,1,0,0,0,0,0
34.200345,0,0,0,0,0,0,0,1,0,0,0,0,0,0,0,0,0,1
34.201468,0,0,0,0,0,1,0,0,0,1,0,1,0,1,0,1,0,0
34.214777,1,0,0,1,0,0,1,0,0,1,1,0,1,1,1,0,1,0
34.240094,0,0,0,0,1,0,0,0,0,0,0,0,0,0,0,0,0,0
34.241771,0,0,1,0,0,0,0,0,1,0,0,0,1,0,0,0,0,0
34.248639,0,0,0,0,0,0,0,1,0,0,0,0,0,0,0,0,0,1
34.248829,0,0,0,0,0,1,0,0,0,1,0,1,0,1,0,1,0,0
34.265514,1,0,0,1,0,0,1,0,0,1,1,0,1,1,1,0,1,0
34.281711,0,0,0,0,1,0,0,0,0,0,0,0,0,0,0,0,0,0
34.291051,0,0,1,0,0,0,0,0,1,0,0,0,1,0,0,0,0,0
34.296436,0,0,0,0,0,0,0,1,0,0,0,0,0,0,0,0,0,1
34.300576,0,0,0,0,0,1,0,0,0,1,0,1,0,1,0,1,0,0
34.317814,1,0,0,1,0,0,1,0,0,1,1,0,1,1,1,0,1,0
34.335777,0,0,0,0,1,0,0,0,0,0,0,0,0,0,0,0,0,0
34.344812,0,0,1,0,0,0,0,0,1,0,0,0,1,0,0,0,0,0
34.351723,0,0,0,0,0,1,0,0,0,1,0,1,0,1,0,1,0,0
34.353459,0,0,0,0,0,0,0,1,0,0,0,0,0,0,0,0,0,1
34.366340,1,0,0,1,0,0,1,0,0,1,1,0,1,1,1,0,1,0
34.390540,0,0,1,0,0,0,0,0,1,0,0,0,1,0,0,0,0,0
34.391141,0,0,0,0,1,0,0,0,0,0,0,0,0,0,0,0,0,0
34.397967,0,0,0,0,0,0,0,1,0,0,0,0,0,0,0,0,0,1
34.399929,0,0,0,0,0,1,0,0,0,1,0,1,0,1,0,1,0,0
34.412860,1,0,0,0,0,0,0,0,1,0,0,0,1,0,0,0,0,0
34.428598,0,0,0,0,1,0,0,0,0,0,0,0,0,0,0,0,0,0
34.435033,0,0,0,0,0,0,1,0,0,1,0,1,0,1,0,0,1,0
34.450800,0,0,0,0,0,1,0,0,0,0,0,0,0,1,1,0,0,0
34.452673,0,0,0,0,0,0,0,1,0,0,0,0,0,0,0,0,0,1
34.455787,0,1,1,0,0,0,0,0,0,1,1,0,1,0,0,1,0,0
34.474770,1,0,0,1,0,0,1,0,0,1,1,0,1,1,1,0,1,0
34.486565,0,0,0,0,1,0,0,0,0,0,0,0,0,0,0,0,0,0
34.497036,0,0,0,0,0,0,0,1,0,0,0,0,0,0,0,0,0,1
34.498662,0,0,1,0,0,0,0,0,1,0,0,0,1,0,0,0,0,0
34.498868,0,0,0,0,0,1,0,0,0,1,0,1,0,1,0,1,0,0
34.512656,1,0,0,0,0,0,0,0,1,0,0,0,1,0,0,0,0,0
34.528470,0,0,0,0,0,0,1,0,0,1,0,1,0,1,0,0,1,0
34.531202,0,0,0,0,1,0,0,0,0,0,0,0,0,0,0,0,0,0
34.550142,0,0,0,0,0,0,0,1,0,0,0,0,0,0,0,0,0,1
34.551601,0,0,0,0,0,1,0,0,0,0,0,0,0,1,1,0,0,0
34.552455,0,1,1,0,0,0,0,0,0,1,1,0,1,0,0,1,0,0
34.565348,1,0,0,1,0,0,1,0,0,1,1,0,1,1,1,0,1,0
34.587315,0,0,0,0,1,0,0,0,0,0,0,0,0,0,0,0,0,0
34.592950,0,0,1,0,0,0,0,0,1,0,0,0,1,0,0,0,0,0
34.599501,0,0,0,0,0,0,0,1,0,0,0,0,0,0,0,0,0,1
34.600228,0,0,0,0,0,1,0,0,0,1,0,1,0,1,0,1,0,0
34.612878,1,0,0,1,0,0,1,0,0,1,1,0,1,1,1,0,1,0
34.637749,0,0,0,0,1,0,0,0,0,0,0,0,0,0,0,0,0,0
34.639926,0,0,1,0,0,0,0,0,1,0,0,0,1,0,0,0,0,0
34.649854,0,0,0,0,0,1,0,0,0,1,0,1,0,1,0,1,0,0
34.652567,0,0,0,0,0,0,0,1,0,0,0,0,0,0,0,0,0,1
34.667653,1,0,0,0,0,0,0,0,1,0,0,0,1,0,0,0,0,0
34.676916,0,0,0,0,0,0,1,0,0,1,0,1,0,1,0,0,1,0
34.692416,0,0,0,0,1,0,0,0,0,0,0,0,0,0,0,0,0,0
34.698536,0,0,0,0,0,1,0,0,0,0,0,0,0,1,1,0,0,0
34.698537,0,0,0,0,0,0,0,1,0,0,0,0,0,0,0,0,0,1
34.700468,0,1,1,0,0,0,0,0,0,1,1,0,1,0,0,1,0,0
34.710783,1,0,0,0,0,0,0,0,1,0,0,0,1,0,0,0,0,0
34.734965,0,0,0,0,1,0,1,0,0,1,0,1,0,1,0,0,1,0
34.749645,0,0,0,0,0,1,0,0,0,0,0,0,0,1,1,0,0,0
34.752928,0,0,0,0,0,0,0,1,0,0,0,0,0,0,0,0,0,1
34.764775,0,1,1,0,0,0,0,0,0,1,1,0,1,0,0,1,0,0
34.784003,1,0,0,0,0,0,0,0,1,0,0,0,1,0,0,0,0,0
34.790381,0,0,0,0,1,0,0,0,0,0,0,0,0,0,0,0,0,0
34.794521,0,0,0,0,0,0,1,0,0,1,0,1,0,1,0,0,1,0
34.800230,0,0,0,0,0,1,0,0,0,0,0,0,0,1,1,0,0,0
34.800920,0,0,0,0,0,0,0,1,0,0,0,0,0,0,0,0,0,1
34.820871,0,1,1,0,0,0,0,0,0,1,1,0,1,0,0,1,0,0
34.834935,1,0,0,1,0,0,1,0,0,1,1,0,1,1,1,0,1,0
34.837188,0,0,0,0,1,0,0,0,0,0,0,0,0,0,0,0,0,0
34.849543,0,0,0,0,0,1,0,0,0,0,0,0,0,1,1,0,0,0
34.850424,0,0,0,0,0,0,0,1,0,0,0,0,0,0,0,0,0,1
34.857992,0,1,1,0,0,0,0,0,0,1,1,0,1,0,0,1,0,0
34.873125,1,0,0,0,0,0,0,0,1,0,0,0,1,0,0,0,0,0
34.883852,0,0,0,0,1,0,0,0,0,0,0,0,0,0,0,0,0,0
34.897630,0,0,0,0,0,0,1,1,0,1,0,1,0,1,0,0,1,1
34.900125,0,0,0,0,0,1,0,0,0,0,0,0,0,1,1,0,0,0
34.925096,0,1,1,0,0,0,0,0,0,1,1,0,1,0,0,1,0,0
34.933052,0,0,0,0,1,0,0,0,0,0,0,0,0,0,0,0,0,0
34.940321,1,0,0,1,0,0,1,0,0,1,1,0,1,1,1,0,1,0
34.947497,0,0,0,0,0,0,0,1,0,0,0,0,0,0,0,0,0,1
34.948906,0,0,0,0,0,1,0,0,0,0,0,0,0,1,1,0,0,0
34.966275,0,1,1,0,0,0,0,0,0,1,1,0,1,0,0,1,0,0
34.980376,1,0,0,0,0,0,0,0,1,0,0,0,1,0,0,0,0,0
34.984276,0,0,0,0,1,0,0,0,0,0,0,0,0,0,0,0,0,0
34.997584,0,0,0,0,0,0,1,1,0,1,0,1,0,1,0,0,1,1
34.998706,0,0,0,0,0,1,0,0,0,0,0,0,0,1,1,0,0,0
35.023238,0,1,1,0,0,0,0,0,0,1,1,0,1,0,0,1,0,0
35.030774,0,0,0,0,1,0,0,0,0,0,0,0,0,0,0,0,0,0
35.037883,1,0,0,1,0,0,1,0,0,1,1,0,1,1,1,0,1,0
35.047180,0,0,0,0,0,0,0,1,0,0,0,0,0,0,0,0,0,1
35.049770,0,0,0,0,0,1,0,0,0,0,0,0,0,1,1,0,0,0
35.062933,0,1,1,0,0,0,0,0,0,1,1,0,1,0,0,1,0,0
35.074469,1,0,0,0,0,0,0,0,1,0,0,0,1,0,0,0,0,0
35.084368,0,0,0,0,1,0,1,0,0,1,0,1,0,1,0,0,1,0
35.099407,0,0,0,0,0,1,0,0,0,0,0,0,0,1,1,0,0,0
35.101551,0,0,0,0,0,0,0,1,0,0,0,0,0,0,0,0,0,1
35.113892,0,1,1,0,0,0,0,0,0,1,1,0,1,0,0,1,0,0
35.127024,1,0,0,0,0,0,0,0,1,0,0,0,1,0,0,0,0,0
35.139417,0,0,0,0,1,0,1,0,0,1,0,1,0,1,0,0,1,0
35.147534,0,0,0,0,0,0,0,1,0,0,0,0,0,0,0,0,0,1
35.149483,0,0,0,0,0,1,0,0,0,0,0,0,0,1,1,0,0,0
35.165578,0,1,1,0,0,0,0,0,0,1,1,0,1,0,0,1,0,0
35.179841,1,0,0,0,0,0,0,0,1,0,0,0,1,0,0,0,0,0
35.181216,0,0,0,0,1,0,1,0,0,1,0,1,0,1,0,0,1,0
35.199043,0,0,0,0,0,0,0,1,0,0,0,0,0,0,0,0,0,1
35.199677,0,0,0,0,0,1,0,0,0,0,0,0,0,1,1,0,0,0
35.206063,0,1,1,0,0,0,0,0,0,1,1,0,1,0,0,1,0,0
35.219948,1,0,0,1,0,0,1,0,0,1,1,0,1,1,1,0,1,0
35.238135,0,0,0,0,1,0,0,0,0,0,0,0,0,0,0,0,0,0
35.247692,0,0,1,0,0,0,0,0,1,0,0,0,1,0,0,0,0,0
35.248932,0,0,0,0,0,0,0,1,0,0,0,0,0,0,0,0,0,1
35.250127,0,0,0,0,0,1,0,0,0,1,0,1,0,1,0,1,0,0
35.260153,1,0,0,0,0,0,0,0,1,0,0,0,1,0,0,0,0,0
35.284055,0,0,0,0,1,0,1,0,0,1,0,1,0,1,0,0,1,0
35.297434,0,0,0,0,0,0,0,1,0,0,0,0,0,0,0,0,0,1
35.299902,0,0,0,0,0,1,0,0,0,0,0,0,0,1,1,0,0,0
35.310557,0,1,1,0,0,0,0,0,0,1,1,0,1,0,0,1,0,0
35.322144,1,0,0,0,0,0,0,0,1,0,0,0,1,0,0,0,0,0
35.333138,0,0,0,0,1,0,0,0,0,0,0,0,0,0,0,0,0,0
35.335353,0,0,0,0,0,0,1,0,0,1,0,1,0,1,0,0,1,0
35.349421,0,0,0,0,0,1,0,0,0,0,0,0,0,1,1,0,0,0
35.350732,0,0,0,0,0,0,0,1,0,0,0,0,0,0,0,0,0,1
35.364298,0,1,1,0,0,0,0,0,0,1,1,0,1,0,0,1,0,0
35.378387,1,0,0,0,0,0,0,0,1,0,0,0,1,0,0,0,0,0
35.387408,0,0,0,0,1,0,0,0,0,0,0,0,0,0,0,0,0,0
35.399577,0,0,0,0,0,1,1,0,0,1,0,1,0,1,0,1,0,0
35.401975,0,0,0,0,0,0,0,1,0,0,0,0,0,0,0,0,0,1
35.413206,1,0,0,1,0,0,1,0,0,1,1,0,1,1,1,0,1,0
35.436047,0,0,1,1,0,0,0,0,0,1,1,0,1,0,0,0,1,0
35.437905,0,0,0,0,1,0,0,0,0,0,0,0,0,0,0,0,0,0
35.450472,0,0,0,0,0,1,0,0,0,0,0,0,0,1,1,0,0,0
35.452613,0,0,0,0,0,0,0,1,0,0,0,0,0,0,0,0,0,1
35.465413,0,1,1,0,0,0,0,0,0,1,1,0,1,0,0,1,0,0
35.479935,1,0,0,1,0,0,1,0,0,1,1,0,1,1,1,0,1,0
35.485154,0,0,0,0,1,0,0,0,0,0,0,0,0,0,0,0,0,0
35.498964,0,0,0,0,0,1,0,0,0,0,0,0,0,1,1,0,0,0
35.500215,0,0,0,0,0,0,0,1,0,0,0,0,0,0,0,0,0,1
35.502642,0,1,1,0,0,0,0,0,0,1,1,0,1,0,0,1,0,0
35.515848,1,0,0,0,0,0,0,0,1,0,0,0,1,0,0,0,0,0
35.535918,0,0,0,0,1,0,1,0,0,1,0,1,0,1,0,0,1,0
35.549746,0,0,0,0,0,1,0,0,0,0,0,0,0,1,1,0,0,0
35.552815,0,0,0,0,0,0,0,1,0,0,0,0,0,0,0,0,0,1
35.560857,0,1,1,0,0,0,0,0,0,1,1,0,1,0,0,1,0,0
35.571792,1,0,0,0,0,0,0,0,1,0,0,0,1,0,0,0,0,0
35.578599,0,0,0,0,0,0,1,0,0,1,0,1,0,1,0,0,1,0
35.584860,0,0,0,0,1,0,0,0,0,0,0,0,0,0,0,0,0,0
35.598692,0,0,0,0,0,1,0,0,0,0,0,0,0,1,1,0,0,0
35.602386,0,0,0,0,0,0,0,1,0,0,0,0,0,0,0,0,0,1
35.607696,0,1,1,0,0,0,0,0,0,1,1,0,1,0,0,1,0,0
35.619836,1,0,0,0,0,0,0,0,1,0,0,0,1,0,0,0,0,0
35.634990,0,0,0,0,1,0,1,0,0,1,0,1,0,1,0,0,1,0
35.649373,0,0,0,0,0,0,0,1,0,0,0,0,0,0,0,0,0,1
35.650958,0,0,0,0,0,1,0,0,0,0,0,0,0,1,1,0,0,0
35.660639,0,1,1,0,0,0,0,0,0,1,1,0,1,0,0,1,0,0
35.673792,1,0,0,1,0,0,1,0,0,1,1,0,1,1,1,0,1,0
35.681889,0,0,0,0,1,0,0,0,0,0,0,0,0,0,0,0,0,0
35.701002,0,0,1,0,0,0,0,0,1,0,0,0,1,0,0,0,0,0
35.701416,0,0,0,0,0,1,0,0,0,1,0,1,0,1,0,1,0,0
35.702660,0,0,0,0,0,0,0,1,0,0,0,0,0,0,0,0,0,1
35.718889,1,0,0,1,0,0,1,0,0,1,1,0,1,1,1,0,1,0
35.736732,0,0,0,0,1,0,0,0,0,0,0,0,0,0,0,0,0,0
35.746585,0,0,0,0,0,0,0,1,0,0,0,0,0,0,0,0,0,1
35.747161,0,0,1,0,0,0,0,0,1,0,0,0,1,0,0,0,0,0
35.750063,0,0,0,0,0,1,0,0,0,1,0,1,0,1,0,1,0,0
35.763106,1,0,0,1,0,0,1,0,0,1,1,0,1,1,1,0,1,0
35.785017,0,0,0,0,1,0,0,0,0,0,0,0,0,0,0,0,0,0
35.785045,0,0,1,0,0,0,0,0,1,0,0,0,1,0,0,0,0,0
35.798978,0,0,0,0,0,1,0,0,0,1,0,1,0,1,0,1,0,0
35.803706,0,0,0,0,0,0,0,1,0,0,0,0,0,0,0,0,0,1
35.811261,1,0,0,0,0,0,0,0,1,0,0,0,1,0,0,0,0,0
35.837484,0,0,0,0,1,0,0,0,0,0,0,0,0,0,0,0,0,0
35.849519,0,0,0,0,0,1,1,0,0,1,0,1,0,1,0,0,1,0
35.850596,0,0,0,0,0,0,0,1,0,0,0,0,0,0,0,0,0,1
35.871252,0,1,1,0,0,0,0,0,0,1,1,0,1,0,0,1,0,0
35.884777,1,0,0,0,0,0,0,0,1,0,0,0,1,0,0,0,0,0
35.888184,0,0,0,0,1,0,1,0,0,1,0,1,0,1,0,0,1,0
35.900257,0,0,0,0,0,1,0,0,0,0,0,0,0,1,1,0,0,0
35.902568,0,0,0,0,0,0,0,1,0,0,0,0,0,0,0,0,0,1
35.911973,0,1,1,0,0,0,0,0,0,1,1,0,1,0,0,1,0,0
35.925605,1,0,0,0,0,0,0,0,1,0,0,0,1,0,0,0,0,0
35.938100,0,0,0,0,1,0,0,0,0,0,0,0,0,0,0,0,0,0
35.949013,0,0,0,0,0,1,1,0,0,1,0,1,0,1,0,1,0,0
35.952933,0,0,0,0,0,0,0,1,0,0,0,0,0,0,0,0,0,1
35.965773,1,0,0,1,0,0,1,0,0,1,1,0,1,1,1,0,1,0
35.988821,0,0,1,1,0,0,0,0,0,1,1,0,1,0,0,0,1,0
35.992269,0,0,0,0,1,0,0,0,0,0,0,0,0,0,0,0,0,0
36.001847,0,0,0,0,0,1,0,0,0,0,0,0,0,1,1,0,0,0
36.002192,0,0,0,0,0,0,0,1,0,0,0,0,0,0,0,0,0,1
36.010855,0,1,1,0,0,0,0,0,0,1,1,0,1,0,0,1,0,0
36.026782,1,0,0,0,0,0,0,0,1,0,0,0,1,0,0,0,0,0
36.030193,0,0,0,0,0,0,1,0,0,1,0,1,0,1,0,0,1,0
36.038234,0,0,0,0,1,0,0,0,0,0,0,0,0,0,0,0,0,0
36.048774,0,0,0,0,0,1,0,0,0,0,0,0,0,1,1,0,0,0
36.051985,0,1,1,0,0,0,0,0,0,1,1,0,1,0,0,1,0,0
36.052887,0,0,0,0,0,0,0,1,0,0,0,0,0,0,0,0,0,1
36.070096,1,0,0,1,0,0,1,0,0,1,1,0,1,1,1,0,1,0
36.090442,0,0,0,0,1,0,0,0,0,0,0,0,0,0,0,0,0,0
36.092346,0,0,1,0,0,0,0,0,1,0,0,0,1,0,0,0,0,0
36.099180,0,0,0,0,0,1,0,0,0,1,0,1,0,1,0,1,0,0
36.099182,0,0,0,0,0,0,0,1,0,0,0,0,0,0,0,0,0,1
36.114159,1,0,0,1,0,0,1,0,0,1,1,0,1,1,1,0,1,0
36.132942,0,0,0,0,1,0,0,0,0,0,0,0,0,0,0,0,0,0
36.135023,0,0,1,0,0,0,0,0,1,0,0,0,1,0,0,0,0,0
36.148785,0,0,0,0,0,0,0,1,0,0,0,0,0,0,0,0,0,1
36.149040,0,0,0,0,0,1,0,0,0,1,0,1,0,1,0,1,0,0
36.165788,1,0,0,0,0,0,0,0,1,0,0,0,1,0,0,0,0,0
36.186703,0,0,0,0,1,0,1,0,0,1,0,1,0,1,0,0,1,0
36.199299,0,0,0,0,0,0,0,1,0,0,0,0,0,0,0,0,0,1
36.200369,0,0,0,0,0,1,0,0,0,0,0,0,0,1,1,0,0,0
36.212634,0,1,1,0,0,0,0,0,0,1,1,0,1,0,0,1,0,0
36.228766,1,0,0,1,0,0,1,0,0,1,1,0,1,1,1,0,1,0
36.229616,0,0,0,0,1,0,0,0,0,0,0,0,0,0,0,0,0,0
36.250754,0,0,0,0,0,0,0,1,0,0,0,0,0,0,0,0,0,1
36.251332,0,0,0,0,0,1,0,0,0,0,0,0,0,1,1,0,0,0
36.254265,0,1,1,0,0,0,0,0,0,1,1,0,1,0,0,1,0,0
36.274201,1,0,0,1,0,0,1,0,0,1,1,0,1,1,1,0,1,0
36.285862,0,0,0,0,1,0,0,0,0,0,0,0,0,0,0,0,0,0
36.298359,0,0,0,0,0,0,0,1,0,0,0,0,0,0,0,0,0,1
36.299021,0,0,0,0,0,1,0,0,0,0,0,0,0,1,1,0,0,0
36.299897,0,1,1,0,0,0,0,0,0,1,1,0,1,0,0,1,0,0
36.315530,1,0,0,1,0,0,1,0,0,1,1,0,1,1,1,0,1,0
36.335761,0,0,1,0,0,0,0,0,1,0,0,0,1,0,0,0,0,0
36.336674,0,0,0,0,1,0,0,0,0,0,0,0,0,0,0,0,0,0
36.349350,0,0,0,0,0,0,0,1,0,0,0,0,0,0,0,0,0,1
36.349577,0,0,0,0,0,1,0,0,0,1,0,1,0,1,0,1,0,0
36.365317,1,0,0,1,0,0,1,0,0,1,1,0,1,1,1,0,1,0
36.384900,0,0,0,0,1,0,0,0,0,0,0,0,0,0,0,0,0,0
36.391290,0,0,1,0,0,0,0,0,1,0,0,0,1,0,0,0,0,0
36.398153,0,0,0,0,0,1,0,0,0,1,0,1,0,1,0,1,0,0
36.399079,0,0,0,0,0,0,0,1,0,0,0,0,0,0,0,0,0,1
36.411012,1,0,0,0,0,0,0,0,1,0,0,0,1,0,0,0,0,0
36.426311,0,0,0,0,0,0,1,0,0,1,0,1,0,1,0,0,1,0
36.435718,0,0,0,0,1,0,0,0,0,0,0,0,0,0,0,0,0,0
36.448039,0,0,0,0,0,1,0,0,0,0,0,0,0,1,1,0,0,0
36.451300,0,1,1,0,0,0,0,0,0,1,1,0,1,0,0,1,0,0
36.451794,0,0,0,0,0,0,0,1,0,0,0,0,0,0,0,0,0,1
36.465055,1,0,0,0,0,0,0,0,1,0,0,0,1,0,0,0,0,0
36.489407,0,0,0,0,1,0,1,0,0,1,0,1,0,1,0,0,1,0
36.499363,0,0,0,0,0,1,0,0,0,0,0,0,0,1,1,0,0,0
36.501848,0,0,0,0,0,0,0,1,0,0,0,0,0,0,0,0,0,1
36.517730,0,1,1,0,0,0,0,0,0,1,1,0,1,0,0,1,0,0
36.531169,1,0,0,1,0,0,1,0,0,1,1,0,1,1,1,0,1,0
36.537807,0,0,0,0,1,0,0,0,0,0,0,0,0,0,0,0,0,0
36.548814,0,0,0,0,0,0,0,1,0,0,0,0,0,0,0,0,0,1
36.551106,0,0,0,0,0,1,0,0,0,0,0,0,0,1,1,0,0,0
36.552686,0,1,1,0,0,0,0,0,0,1,1,0,1,0,0,1,0,0
36.569244,1,0,0,1,0,0,1,0,0,1,1,0,1,1,1,0,1,0
36.584458,0,0,0,0,1,0,0,0,0,0,0,0,0,0,0,0,0,0
36.590942,0,0,1,0,0,0,0,0,1,0,0,0,1,0,0,0,0,0
36.600192,0,0,0,0,0,1,0,0,0,1,0,1,0,1,0,1,0,0
36.600804,0,0,0,0,0,0,0,1,0,0,0,0,0,0,0,0,0,1
36.615227,1,0,0,0,0,0,0,0,1,0,0,0,1,0,0,0,0,0
36.627459,0,0,0,0,0,0,1,0,0,1,0,1,0,1,0,0,1,0
36.636975,0,0,0,0,1,0,0,0,0,0,0,0,0,0,0,0,0,0
36.650763,0,0,0,0,0,1,0,0,0,0,0,0,0,1,1,0,0,0
36.651184,0,0,0,0,0,0,0,1,0,0,0,0,0,0,0,0,0,1
36.657084,0,1,1,0,0,0,0,0,0,1,1,0,1,0,0,1,0,0
36.674685,1,0,0,1,0,0,1,0,0,1,1,0,1,1,1,0,1,0
36.686646,0,0,0,0,1,0,0,0,0,0,0,0,0,0,0,0,0,0
36.697091,0,0,1,0,0,0,0,0,1,0,0,0,1,0,0,0,0,0
36.697146,0,0,0,0,0,0,0,1,0,0,0,0,0,0,0,0,0,1
36.698767,0,0,0,0,0,1,0,0,0,1,0,1,0,1,0,1,0,0
36.711499,1,0,0,1,0,0,1,0,0,1,1,0,1,1,1,0,1,0
36.733421,0,0,0,0,1,0,0,0,0,0,0,0,0,0,0,0,0,0
36.738826,0,0,1,0,0,0,0,0,1,0,0,0,1,0,0,0,0,0
36.746451,0,0,0,0,0,0,0,1,0,0,0,0,0,0,0,0,0,1
36.750195,0,0,0,0,0,1,0,0,0,1,0,1,0,1,0,1,0,0
36.766250,1,0,0,1,0,0,1,0,0,1,1,0,1,1,1,0,1,0
36.784160,0,0,0,0,1,0,0,0,0,0,0,0,0,0,0,0,0,0
36.790789,0,0,1,0,0,0,0,0,1,0,0,0,1,0,0,0,0,0
36.801195,0,0,0,0,0,0,0,1,0,0,0,0,0,0,0,0,0,1
36.801260,0,0,0,0,0,1,0,0,0,1,0,1,0,1,0,1,0,0
36.819302,1,0,0,0,0,0,0,0,1,0,0,0,1,0,0,0,0,0
36.822694,0,0,0,0,0,0,1,0,0,1,0,1,0,1,0,0,1,0
36.834943,0,0,0,0,1,0,0,0,0,0,0,0,0,0,0,0,0,0
36.842751,0,0,1,0,0,0,0,0,1,0,0,0,1,0,0,0,0,0
36.851049,0,0,0,0,0,1,0,0,0,1,0,1,0,1,0,1,0,0
36.853436,0,0,0,0,0,0,0,1,0,0,0,0,0,0,0,0,0,1
36.866574,1,0,0,0,0,0,0,0,1,0,0,0,1,0,0,0,0,0
36.888262,0,0,0,0,1,0,1,0,0,1,0,1,0,1,0,0,1,0
36.898156,0,0,0,0,0,1,0,0,0,0,0,0,0,1,1,0,0,0
36.900368,0,0,0,0,0,0,0,1,0,0,0,0,0,0,0,0,0,1
36.910111,0,1,1,0,0,0,0,0,0,1,1,0,1,0,0,1,0,0
36.922946,1,0,0,1,0,0,1,0,0,1,1,0,1,1,1,0,1,0
36.935043,0,0,0,0,1,0,0,0,0,0,0,0,0,0,0,0,0,0
36.946459,0,0,1,0,0,0,0,0,1,0,0,0,1,0,0,0,0,0
36.950577,0,0,0,0,0,1,0,0,0,1,0,1,0,1,0,1,0,0
36.950948,0,0,0,0,0,0,0,1,0,0,0,0,0,0,0,0,0,1
36.968366,1,0,0,1,0,0,1,0,0,1,1,0,1,1,1,0,1,0
36.984960,0,0,0,0,1,0,0,0,0,0,0,0,0,0,0,0,0,0
36.996246,0,0,1,0,0,0,0,0,1,0,0,0,1,0,0,0,0,0
36.998540,0,0,0,0,0,0,0,1,0,0,0,0,0,0,0,0,0,1
36.999291,0,0,0,0,0,1,0,0,0,1,0,1,0,1,0,1,0,0
37.013284,1,0,0,0,0,0,0,0,1,0,0,0,1,0,0,0,0,0
37.017010,0,0,0,0,0,0,1,0,0,1,0,1,0,1,0,0,1,0
37.031061,0,0,0,0,1,0,0,0,0,0,0,0,0,0,0,0,0,0
37.039511,0,0,1,0,0,0,0,0,1,0,0,0,1,0,0,0,0,0
37.048077,0,0,0,0,0,0,0,1,0,0,0,0,0,0,0,0,0,1
37.049879,0,0,0,0,0,1,0,0,0,1,0,1,0,1,0,1,0,0
37.061653,1,0,0,0,0,0,0,0,1,0,0,0,1,0,0,0,0,0
37.083333,0,0,0,0,1,0,0,0,0,0,0,0,0,0,0,0,0,0
37.101019,0,0,0,0,0,0,1,1,0,1,0,1,0,1,0,0,1,1
37.101698,0,0,0,0,0,1,0,0,0,0,0,0,0,1,1,0,0,0
37.130998,0,1,1,0,0,0,0,0,0,1,1,0,1,0,0,1,0,0
37.140646,0,0,0,0,1,0,0,0,0,0,0,0,0,0,0,0,0,0
37.142438,1,0,0,0,0,0,0,0,1,0,0,0,1,0,0,0,0,0
37.148282,0,0,0,0,0,1,1,0,0,1,0,1,0,1,0,0,1,0
37.148443,0,0,0,0,0,0,0,1,0,0,0,0,0,0,0,0,0,1
37.174922,0,1,1,0,0,0,0,0,0,1,1,0,1,0,0,1,0,0
37.181435,0,0,0,0,1,0,0,0,0,0,0,0,0,0,0,0,0,0
37.191750,1,0,0,0,0,0,0,0,1,0,0,0,1,0,0,0,0,0
37.198394,0,0,0,0,0,0,0,1,0,0,0,0,0,0,0,0,0,1
37.199798,0,0,0,0,0,0,1,0,0,1,0,1,0,1,0,0,1,0
37.201133,0,0,0,0,0,1,0,0,0,0,0,0,0,1,1,0,0,0
37.224947,0,1,1,0,0,0,0,0,0,1,1,0,1,0,0,1,0,0
37.231209,0,0,0,0,1,0,0,0,0,0,0,0,0,0,0,0,0,0
37.240798,1,0,0,0,0,0,0,0,1,0,0,0,1,0,0,0,0,0
37.249806,0,0,0,0,0,0,1,0,0,1,0,1,0,1,0,0,1,0
37.250832,0,0,0,0,0,1,0,0,0,0,0,0,0,1,1,0,0,0
37.253569,0,0,0,0,0,0,0,1,0,0,0,0,0,0,0,0,0,1
37.272131,0,1,1,0,0,0,0,0,0,1,1,0,1,0,0,1,0,0
37.289195,0,0,0,0,1,0,0,0,0,0,0,0,0,0,0,0,0,0
37.290539,1,0,0,0,0,0,0,0,1,0,0,0,1,0,0,0,0,0
37.294709,0,0,0,0,0,0,1,0,0,1,0,1,0,1,0,0,1,0
37.298733,0,0,0,0,0,1,0,0,0,0,0,0,0,1,1,0,0,0
37.300488,0,0,0,0,0,0,0,1,0,0,0,0,0,0,0,0,0,1
37.322954,0,1,1,0,0,0,0,0,0,1,1,0,1,0,0,1,0,0
37.333401,0,0,0,0,1,0,0,0,0,0,0,0,0,0,0,0,0,0
37.335974,1,0,0,0,0,0,0,0,1,0,0,0,1,0,0,0,0,0
37.343332,0,0,0,0,0,0,1,0,0,1,0,1,0,1,0,0,1,0
37.349832,0,0,0,0,0,1,0,0,0,0,0,0,0,1,1,0,0,0
37.352642,0,0,0,0,0,0,0,1,0,0,0,0,0,0,0,0,0,1
37.365708,0,1,1,0,0,0,0,0,0,1,1,0,1,0,0,1,0,0
37.380945,1,0,0,0,0,0,0,0,1,0,0,0,1,0,0,0,0,0
37.383218,0,0,0,0,0,0,1,0,0,1,0,1,0,1,0,0,1,0
37.385820,0,0,0,0,1,0,0,0,0,0,0,0,0,0,0,0,0,0
37.400027,0,0,0,0,0,1,0,0,0,0,0,0,0,1,1,0,0,0
37.401213,0,0,0,0,0,0,0,1,0,0,0,0,0,0,0,0,0,1
37.413076,0,1,1,0,0,0,0,0,0,1,1,0,1,0,0,1,0,0
37.427838,1,0,0,1,0,0,1,0,0,1,1,0,1,1,1,0,1,0
37.433414,0,0,0,0,1,0,0,0,0,0,0,0,0,0,0,0,0,0
37.449594,0,0,0,0,0,0,0,1,0,0,0,0,0,0,0,0,0,1
37.450190,0,0,1,0,0,0,0,0,1,0,0,0,1,0,0,0,0,0
37.450463,0,0,0,0,0,1,0,0,0,1,0,1,0,1,0,1,0,0
37.465744,1,0,0,1,0,0,1,0,0,1,1,0,1,1,1,0,1,0
37.480380,0,0,0,0,1,0,0,0,0,0,0,0,0,0,0,0,0,0
37.493739,0,0,1,0,0,0,0,0,1,0,0,0,1,0,0,0,0,0
37.500031,0,0,0,0,0,1,0,0,0,1,0,1,0,1,0,1,0,0
37.502413,0,0,0,0,0,0,0,1,0,0,0,0,0,0,0,0,0,1
37.511976,1,0,0,1,0,0,1,0,0,1,1,0,1,1,1,0,1,0
37.532488,0,0,0,0,1,0,0,0,0,0,0,0,0,0,0,0,0,0
37.533898,0,0,1,0,0,0,0,0,1,0,0,0,1,0,0,0,0,0
37.549412,0,0,0,0,0,1,0,0,0,1,0,1,0,1,0,1,0,0
37.553583,0,0,0,0,0,0,0,1,0,0,0,0,0,0,0,0,0,1
37.564657,1,0,0,1,0,0,1,0,0,1,1,0,1,1,1,0,1,0
37.587609,0,0,0,0,1,0,0,0,0,0,0,0,0,0,0,0,0,0
37.589097,0,0,1,0,0,0,0,0,1,0,0,0,1,0,0,0,0,0
37.598887,0,0,0,0,0,1,0,0,0,1,0,1,0,1,0,1,0,0
37.601304,0,0,0,0,0,0,0,1,0,0,0,0,0,0,0,0,0,1
37.616253,1,0,0,1,0,0,1,0,0,1,1,0,1,1,1,0,1,0
37.636947,0,0,0,0,1,0,0,0,0,0,0,0,0,0,0,0,0,0
37.642506,0,0,1,0,0,0,0,0,1,0,0,0,1,0,0,0,0,0
37.651151,0,0,0,0,0,0,0,1,0,0,0,0,0,0,0,0,0,1
37.651457,0,0,0,0,0,1,0,0,0,1,0,1,0,1,0,1,0,0
37.666983,1,0,0,0,0,0,0,0,1,0,0,0,1,0,0,0,0,0
37.685625,0,0,0,0,1,0,0,0,0,0,0,0,0,0,0,0,0,0
37.688184,0,0,0,0,0,0,1,0,0,1,0,1,0,1,0,0,1,0
37.699911,0,0,0,0,0,1,0,0,0,0,0,0,0,1,1,0,0,0
37.702189,0,0,0,0,0,0,0,1,0,0,0,0,0,0,0,0,0,1
37.714406,0,1,1,0,0,0,0,0,0,1,1,0,1,0,0,1,0,0
37.730288,1,0,0,0,0,0,0,0,1,0,0,0,1,0,0,0,0,0
37.736624,0,0,0,0,0,0,1,0,0,1,0,1,0,1,0,0,1,0
37.738909,0,0,0,0,1,0,0,0,0,0,0,0,0,0,0,0,0,0
37.748086,0,0,0,0,0,0,0,1,0,0,0,0,0,0,0,0,0,1
37.749303,0,0,0,0,0,1,0,0,0,0,0,0,0,1,1,0,0,0
37.757078,0,1,1,0,0,0,0,0,0,1,1,0,1,0,0,1,0,0
37.772732,1,0,0,0,0,0,0,0,1,0,0,0,1,0,0,0,0,0
37.782043,0,0,0,0,1,0,0,0,0,0,0,0,0,0,0,0,0,0
37.792784,0,0,0,0,0,0,1,0,0,1,0,1,0,1,0,0,1,0
37.799704,0,0,0,0,0,1,0,0,0,0,0,0,0,1,1,0,0,0
37.803300,0,0,0,0,0,0,0,1,0,0,0,0,0,0,0,0,0,1
37.820336,0,1,1,0,0,0,0,0,0,1,1,0,1,0,0,1,0,0
37.837833,1,0,0,0,0,0,0,0,1,0,0,0,1,0,0,0,0,0
37.842677,0,0,0,0,1,0,1,0,0,1,0,1,0,1,0,0,1,0
37.848805,0,0,0,0,0,0,0,1,0,0,0,0,0,0,0,0,0,1
37.850032,0,0,0,0,0,1,0,0,0,0,0,0,0,1,1,0,0,0
37.863581,0,1,1,0,0,0,0,0,0,1,1,0,1,0,0,1,0,0
37.875837,1,0,0,0,0,0,0,0,1,0,0,0,1,0,0,0,0,0
37.880646,0,0,0,0,1,0,0,0,0,0,0,0,0,0,0,0,0,0
37.889415,0,0,0,0,0,0,1,0,0,1,0,1,0,1,0,0,1,0
37.899131,0,0,0,0,0,0,0,1,0,0,0,0,0,0,0,0,0,1
37.900139,0,0,0,0,0,1,0,0,0,0,0,0,0,1,1,0,0,0
37.915854,0,1,1,0,0,0,0,0,0,1,1,0,1,0,0,1,0,0
37.933226,1,0,0,0,0,0,0,0,1,0,0,0,1,0,0,0,0,0
37.935046,0,0,0,0,0,0,1,0,0,1,0,1,0,1,0,0,1,0
37.936215,0,0,0,0,1,0,0,0,0,0,0,0,0,0,0,0,0,0
37.949485,0,0,0,0,0,1,0,0,0,0,0,0,0,1,1,0,0,0
37.952826,0,0,0,0,0,0,0,1,0,0,0,0,0,0,0,0,0,1
37.958368,0,1,1,0,0,0,0,0,0,1,1,0,1,0,0,1,0,0
37.973561,1,0,0,0,0,0,0,0,1,0,0,0,1,0,0,0,0,0
37.985703,0,0,0,0,1,0,0,0,0,0,0,0,0,0,0,0,0,0
37.999189,0,0,0,0,0,0,0,1,0,0,0,0,0,0,0,0,0,1
38.000431,0,0,0,0,0,1,0,0,0,1,0,1,0,1,0,1,0,0
38.001677,0,0,0,0,0,0,1,0,0,0,0,0,0,1,1,0,0,0
38.014735,1,0,0,1,0,0,0,0,0,1,1,0,1,0,0,0,1,0
38.036743,0,0,0,0,1,0,0,0,0,0,0,0,0,0,0,0,0,0
38.037601,0,0,1,0,0,0,0,0,1,0,0,0,1,0,0,0,0,0
38.043806,0,0,0,0,0,0,1,0,0,1,0,1,0,1,0,0,1,0
38.047286,0,0,0,0,0,0,0,1,0,0,0,0,0,0,0,0,0,1
38.050040,0,0,0,0,0,1,0,0,0,0,0,0,0,1,1,0,0,0
38.070038,0,1,1,0,0,0,0,0,0,1,1,0,1,0,0,1,0,0
38.081143,1,0,0,1,0,0,1,0,0,1,1,0,1,1,1,0,1,0
38.081578,0,0,0,0,1,0,0,0,0,0,0,0,0,0,0,0,0,0
38.100115,0,0,0,0,0,1,0,0,0,0,0,0,0,1,1,0,0,0
38.100324,0,0,0,0,0,0,0,1,0,0,0,0,0,0,0,0,0,1
38.101625,0,1,1,0,0,0,0,0,0,1,1,0,1,0,0,1,0,0
38.115042,1,0,0,1,0,0,1,0,0,1,1,0,1,1,1,0,1,0
38.139304,0,0,0,0,1,0,0,0,0,0,0,0,0,0,0,0,0,0
38.140179,0,0,1,0,0,0,0,0,1,0,0,0,1,0,0,0,0,0
38.146838,0,0,0,0,0,0,0,1,0,0,0,0,0,0,0,0,0,1
38.149460,0,0,0,0,0,1,0,0,0,1,0,1,0,1,0,1,0,0
38.160013,1,0,0,1,0,0,1,0,0,1,1,0,1,1,1,0,1,0
38.182058,0,0,1,0,0,0,0,0,1,0,0,0,1,0,0,0,0,0
38.184716,0,0,0,0,1,0,0,0,0,0,0,0,0,0,0,0,0,0
38.201187,0,0,0,0,0,0,0,1,0,0,0,0,0,0,0,0,0,1
38.201194,0,0,0,0,0,1,0,0,0,1,0,1,0,1,0,1,0,0
38.214578,1,0,0,1,0,0,1,0,0,1,1,0,1,1,1,0,1,0
38.238894,0,0,1,0,0,0,0,0,1,0,0,0,1,0,0,0,0,0
38.240825,0,0,0,0,1,0,0,0,0,0,0,0,0,0,0,0,0,0
38.249526,0,0,0,0,0,1,0,0,0,1,0,1,0,1,0,1,0,0
38.251352,0,0,0,0,0,0,0,1,0,0,0,0,0,0,0,0,0,1
38.260202,1,0,0,0,0,0,0,0,1,0,0,0,1,0,0,0,0,0
38.291229,0,0,0,0,1,0,1,0,0,1,0,1,0,1,0,0,1,0
38.301154,0,0,0,0,0,1,0,0,0,0,0,0,0,1,1,0,0,0
38.302648,0,0,0,0,0,0,0,1,0,0,0,0,0,0,0,0,0,1
38.315870,0,1,1,0,0,0,0,0,0,1,1,0,1,0,0,1,0,0
38.331556,1,0,0,0,0,0,0,0,1,0,0,0,1,0,0,0,0,0
38.335648,0,0,0,0,0,0,1,0,0,1,0,1,0,1,0,0,1,0
38.336986,0,0,0,0,1,0,0,0,0,0,0,0,0,0,0,0,0,0
38.350409,0,0,0,0,0,1,0,0,0,0,0,0,0,1,1,0,0,0
38.352862,0,0,0,0,0,0,0,1,0,0,0,0,0,0,0,0,0,1
38.358831,0,1,1,0,0,0,0,0,0,1,1,0,1,0,0,1,0,0
38.369863,1,0,0,0,0,0,0,0,1,0,0,0,1,0,0,0,0,0
38.377960,0,0,0,0,0,0,1,0,0,1,0,1,0,1,0,0,1,0
38.386349,0,0,0,0,1,0,0,0,0,0,0,0,0,0,0,0,0,0
38.396831,0,0,0,0,0,0,0,1,0,0,0,0,0,0,0,0,0,1
38.400755,0,0,0,0,0,1,0,0,0,0,0,0,0,1,1,0,0,0
38.403530,0,1,1,0,0,0,0,0,0,1,1,0,1,0,0,1,0,0
38.413858,1,0,0,1,0,0,1,0,0,1,1,0,1,1,1,0,1,0
38.436008,0,0,0,0,1,0,0,0,0,0,0,0,0,0,0,0,0,0
38.441155,0,0,1,0,0,0,0,0,1,0,0,0,1,0,0,0,0,0
38.446127,0,0,0,0,0,0,0,1,0,0,0,0,0,0,0,0,0,1
38.449573,0,0,0,0,0,1,0,0,0,1,0,1,0,1,0,1,0,0
38.461312,1,0,0,0,0,0,0,0,1,0,0,0,1,0,0,0,0,0
38.484762,0,0,0,0,1,0,1,0,0,1,0,1,0,1,0,0,1,0
38.501162,0,0,0,0,0,1,0,0,0,0,0,0,0,1,1,0,0,0
38.502816,0,0,0,0,0,0,0,1,0,0,0,0,0,0,0,0,0,1
38.510954,0,1,1,0,0,0,0,0,0,1,1,0,1,0,0,1,0,0
38.524579,1,0,0,0,0,0,0,0,1,0,0,0,1,0,0,0,0,0
38.542570,0,0,0,0,1,0,1,0,0,1,0,1,0,1,0,0,1,0
38.549838,0,0,0,0,0,1,0,0,0,0,0,0,0,1,1,0,0,0
38.550456,0,0,0,0,0,0,0,1,0,0,0,0,0,0,0,0,0,1
38.563562,0,1,1,0,0,0,0,0,0,1,1,0,1,0,0,1,0,0
38.577037,1,0,0,0,0,0,0,0,1,0,0,0,1,0,0,0,0,0
38.584056,0,0,0,0,1,0,0,0,0,0,0,0,0,0,0,0,0,0
38.599413,0,0,0,0,0,0,1,1,0,1,0,1,0,1,0,0,1,1
38.599805,0,0,0,0,0,1,0,0,0,0,0,0,0,1,1,0,0,0
38.623209,0,1,1,0,0,0,0,0,0,1,1,0,1,0,0,1,0,0
38.633186,0,0,0,0,1,0,0,0,0,0,0,0,0,0,0,0,0,0
38.637094,1,0,0,1,0,0,1,0,0,1,1,0,1,1,1,0,1,0
38.650157,0,0,0,0,0,1,0,0,0,0,0,0,0,1,1,0,0,0
38.650238,0,0,0,0,0,0,0,1,0,0,0,0,0,0,0,0,0,1
38.660028,0,1,1,0,0,0,0,0,0,1,1,0,1,0,0,1,0,0
38.677248,1,0,0,0,0,0,0,0,1,0,0,0,1,0,0,0,0,0
38.682850,0,0,0,0,0,0,1,0,0,1,0,1,0,1,0,0,1,0
38.684294,0,0,0,0,1,0,0,0,0,0,0,0,0,0,0,0,0,0
38.699773,0,0,0,0,0,1,0,0,0,0,0,0,0,1,1,0,0,0
38.701537,0,0,0,0,0,0,0,1,0,0,0,0,0,0,0,0,0,1
38.710037,0,1,1,0,0,0,0,0,0,1,1,0,1,0,0,1,0,0
38.726985,1,0,0,0,0,0,0,0,1,0,0,0,1,0,0,0,0,0
38.740110,0,0,0,0,1,0,0,0,0,0,0,0,0,0,0,0,0,0
38.742273,0,0,0,0,0,0,1,0,0,1,0,1,0,1,0,0,1,0
38.750694,0,0,0,0,0,1,0,0,0,0,0,0,0,1,1,0,0,0
38.752610,0,0,0,0,0,0,0,1,0,0,0,0,0,0,0,0,0,1
38.768292,0,1,1,0,0,0,0,0,0,1,1,0,1,0,0,1,0,0
38.779821,1,0,0,1,0,0,1,0,0,1,1,0,1,1,1,0,1,0
38.789624,0,0,0,0,1,0,0,0,0,0,0,0,0,0,0,0,0,0
38.798204,0,0,0,0,0,0,0,1,0,0,0,0,0,0,0,0,0,1
38.800081,0,0,0,0,0,1,0,0,0,0,0,0,0,1,1,0,0,0
38.802331,0,1,1,0,0,0,0,0,0,1,1,0,1,0,0,1,0,0
38.820620,1,0,0,0,0,0,0,0,1,0,0,0,1,0,0,0,0,0
38.832645,0,0,0,0,1,0,1,0,0,1,0,1,0,1,0,0,1,0
38.850467,0,0,0,0,0,1,0,0,0,0,0,0,0,1,1,0,0,0
38.853044,0,0,0,0,0,0,0,1,0,0,0,0,0,0,0,0,0,1
38.853798,0,1,1,0,0,0,0,0,0,1,1,0,1,0,0,1,0,0
38.873163,1,0,0,1,0,0,1,0,0,1,1,0,1,1,1,0,1,0
38.891655,0,0,0,0,1,0,0,0,0,0,0,0,0,0,0,0,0,0
38.899924,0,0,0,0,0,1,0,0,0,0,0,0,0,1,1,0,0,0
38.901366,0,1,1,0,0,0,0,0,0,1,1,0,1,0,0,1,0,0
38.903164,0,0,0,0,0,0,0,1,0,0,0,0,0,0,0,0,0,1
38.915714,1,0,0,1,0,0,1,0,0,1,1,0,1,1,1,0,1,0
38.934158,0,0,0,0,1,0,0,0,0,0,0,0,0,0,0,0,0,0
38.945308,0,0,1,0,0,0,0,0,1,0,0,0,1,0,0,0,0,0
38.946465,0,0,0,0,0,0,0,1,0,0,0,0,0,0,0,0,0,1
38.950096,0,0,0,0,0,1,0,0,0,1,0,1,0,1,0,1,0,0
38.964573,1,0,0,0,0,0,0,0,1,0,0,0,1,0,0,0,0,0
38.980914,0,0,0,0,1,0,0,0,0,0,0,0,0,0,0,0,0,0
39.000961,0,0,0,0,0,0,1,1,0,1,0,1,0,1,0,0,1,1
39.001050,0,0,0,0,0,1,0,0,0,0,0,0,0,1,1,0,0,0
39.022862,0,1,1,0,0,0,0,0,0,1,1,0,1,0,0,1,0,0
39.036155,1,0,0,1,0,0,1,0,0,1,1,0,1,1,1,0,1,0
39.036858,0,0,0,0,1,0,0,0,0,0,0,0,0,0,0,0,0,0
39.049137,0,0,0,0,0,1,0,0,0,0,0,0,0,1,1,0,0,0
39.049417,0,0,0,0,0,0,0,1,0,0,0,0,0,0,0,0,0,1
39.060794,0,1,1,0,0,0,0,0,0,1,1,0,1,0,0,1,0,0
39.074118,1,0,0,0,0,0,0,0,1,0,0,0,1,0,0,0,0,0
39.082943,0,0,0,0,1,0,0,0,0,0,0,0,0,0,0,0,0,0
39.099751,0,0,0,0,0,1,1,0,0,1,0,1,0,1,0,1,0,0
39.100875,0,0,0,0,0,0,0,1,0,0,0,0,0,0,0,0,0,1
39.117858,1,0,0,1,0,0,1,0,0,1,1,0,1,1,1,0,1,0
39.140607,0,0,0,0,1,0,0,0,0,0,0,0,0,0,0,0,0,0
39.144012,0,0,1,1,0,0,0,0,0,1,1,0,1,0,0,0,1,0
39.150468,0,0,0,0,0,1,0,0,0,0,0,0,0,1,1,0,0,0
39.152731,0,0,0,0,0,0,0,1,0,0,0,0,0,0,0,0,0,1
39.169906,0,1,1,0,0,0,0,0,0,1,1,0,1,0,0,1,0,0
39.185348,1,0,0,1,0,0,1,0,0,1,1,0,1,1,1,0,1,0
39.186648,0,0,0,0,1,0,0,0,0,0,0,0,0,0,0,0,0,0
39.199687,0,0,0,0,0,0,0,1,0,0,0,0,0,0,0,0,0,1
39.200195,0,0,0,0,0,1,0,0,0,0,0,0,0,1,1,0,0,0
39.206934,0,1,1,0,0,0,0,0,0,1,1,0,1,0,0,1,0,0
39.218551,1,0,0,0,0,0,0,0,1,0,0,0,1,0,0,0,0,0
39.237474,0,0,0,0,1,0,0,0,0,0,0,0,0,0,0,0,0,0
39.245026,0,0,0,0,0,0,1,0,0,1,0,1,0,1,0,0,1,0
39.248096,0,0,0,0,0,0,0,1,0,0,0,0,0,0,0,0,0,1
39.248750,0,0,0,0,0,1,0,0,0,0,0,0,0,1,1,0,0,0
39.265756,0,1,1,0,0,0,0,0,0,1,1,0,1,0,0,1,0,0
39.280737,1,0,0,1,0,0,1,0,0,1,1,0,1,1,1,0,1,0
39.285197,0,0,0,0,1,0,0,0,0,0,0,0,0,0,0,0,0,0
39.300702,0,0,0,0,0,1,0,0,0,0,0,0,0,1,1,0,0,0
39.303175,0,0,0,0,0,0,0,1,0,0,0,0,0,0,0,0,0,1
39.310159,0,1,1,0,0,0,0,0,0,1,1,0,1,0,0,1,0,0
39.321408,1,0,0,0,0,0,0,0,1,0,0,0,1,0,0,0,0,0
39.328053,0,0,0,0,0,0,1,0,0,1,0,1,0,1,0,0,1,0
39.335075,0,0,0,0,1,0,0,0,0,0,0,0,0,0,0,0,0,0
39.348018,0,0,0,0,0,1,0,0,0,0,0,0,0,1,1,0,0,0
39.350883,0,1,1,0,0,0,0,0,0,1,1,0,1,0,0,1,0,0
39.351566,0,0,0,0,0,0,0,1,0,0,0,0,0,0,0,0,0,1
39.366921,1,0,0,0,0,0,0,0,1,0,0,0,1,0,0,0,0,0
39.384518,0,0,0,0,1,0,0,0,0,0,0,0,0,0,0,0,0,0
39.392100,0,0,0,0,0,0,1,0,0,1,0,1,0,1,0,0,1,0
39.397313,0,0,0,0,0,0,0,1,0,0,0,0,0,0,0,0,0,1
39.400454,0,0,0,0,0,1,0,0,0,0,0,0,0,1,1,0,0,0
39.418058,0,1,1,0,0,0,0,0,0,1,1,0,1,0,0,1,0,0
39.429703,1,0,0,0,0,0,0,0,1,0,0,0,1,0,0,0,0,0
39.430617,0,0,0,0,1,0,1,0,0,1,0,1,0,1,0,0,1,0
39.446923,0,0,0,0,0,0,0,1,0,0,0,0,0,0,0,0,0,1
39.450905,0,0,0,0,0,1,0,0,0,0,0,0,0,1,1,0,0,0
39.453317,0,1,1,0,0,0,0,0,0,1,1,0,1,0,0,1,0,0
39.467033,1,0,0,1,0,0,1,0,0,1,1,0,1,1,1,0,1,0
39.480910,0,0,0,0,1,0,0,0,0,0,0,0,0,0,0,0,0,0
39.495004,0,0,1,0,0,0,0,0,1,0,0,0,1,0,0,0,0,0
39.496718,0,0,0,0,0,0,0,1,0,0,0,0,0,0,0,0,0,1
39.499672,0,0,0,0,0,1,0,0,0,1,0,1,0,1,0,1,0,0
39.517603,1,0,0,0,0,0,0,0,1,0,0,0,1,0,0,0,0,0
39.533555,0,0,0,0,1,0,0,0,0,0,0,0,0,0,0,0,0,0
39.550261,0,0,0,0,0,1,1,0,0,1,0,1,0,1,0,0,1,0
39.551788,0,0,0,0,0,0,0,1,0,0,0,0,0,0,0,0,0,1
39.570649,0,1,1,0,0,0,0,0,0,1,1,0,1,0,0,1,0,0
39.584598,1,0,0,0,0,0,0,0,1,0,0,0,1,0,0,0,0,0
39.585692,0,0,0,0,1,0,0,0,0,0,0,0,0,0,0,0,0,0
39.596374,0,0,0,0,0,0,1,1,0,1,0,1,0,1,0,0,1,1
39.598403,0,0,0,0,0,1,0,0,0,0,0,0,0,1,1,0,0,0
39.617848,0,1,1,0,0,0,0,0,0,1,1,0,1,0,0,1,0,0
39.629479,1,0,0,1,0,0,1,0,0,1,1,0,1,1,1,0,1,0
39.632620,0,0,0,0,1,0,0,0,0,0,0,0,0,0,0,0,0,0
39.646349,0,0,0,0,0,0,0,1,0,0,0,0,0,0,0,0,0,1
39.648978,0,0,0,0,0,1,0,0,0,0,0,0,0,1,1,0,0,0
39.653951,0,1,1,0,0,0,0,0,0,1,1,0,1,0,0,1,0,0
39.669667,1,0,0,0,0,0,0,0,1,0,0,0,1,0,0,0,0,0
39.671211,0,0,0,0,0,0,1,0,0,1,0,1,0,1,0,0,1,0
39.682088,0,0,0,0,1,0,0,0,0,0,0,0,0,0,0,0,0,0
39.699622,0,0,1,0,0,0,0,0,1,0,0,0,1,0,0,0,0,0
39.699786,0,0,0,0,0,1,0,0,0,1,0,1,0,1,0,1,0,0
39.701801,0,0,0,0,0,0,0,1,0,0,0,0,0,0,0,0,0,1
39.716103,1,0,0,1,0,0,1,0,0,1,1,0,1,1,1,0,1,0
39.735369,0,0,0,0,1,0,0,0,0,0,0,0,0,0,0,0,0,0
39.736412,0,0,1,0,0,0,0,0,1,0,0,0,1,0,0,0,0,0
39.749201,0,0,0,0,0,1,0,0,0,1,0,1,0,1,0,1,0,0
39.749604,0,0,0,0,0,0,0,1,0,0,0,0,0,0,0,0,0,1
39.766248,1,0,0,1,0,0,1,0,0,1,1,0,1,1,1,0,1,0
39.787788,0,0,0,0,1,0,0,0,0,0,0,0,0,0,0,0,0,0
39.790295,0,0,1,0,0,0,0,0,1,0,0,0,1,0,0,0,0,0
39.796674,0,0,0,0,0,0,0,1,0,0,0,0,0,0,0,0,0,1
39.800443,0,0,0,0,0,1,0,0,0,1,0,1,0,1,0,1,0,0
39.813374,1,0,0,1,0,0,1,0,0,1,1,0,1,1,1,0,1,0
39.834521,0,0,0,0,1,0,0,0,0,0,0,0,0,0,0,0,0,0
39.834993,0,0,1,0,0,0,0,0,1,0,0,0,1,0,0,0,0,0
39.851595,0,0,0,0,0,1,0,0,0,1,0,1,0,1,0,1,0,0
39.852001,0,0,0,0,0,0,0,1,0,0,0,0,0,0,0,0,0,1
39.863742,1,0,0,1,0,0,1,0,0,1,1,0,1,1,1,0,1,0
39.888969,0,0,0,0,1,0,0,0,0,0,0,0,0,0,0,0,0,0
39.892332,0,0,1,0,0,0,0,0,1,0,0,0,1,0,0,0,0,0
39.899888,0,0,0,0,0,1,0,0,0,1,0,1,0,1,0,1,0,0
39.903289,0,0,0,0,0,0,0,1,0,0,0,0,0,0,0,0,0,1
39.911800,1,0,0,0,0,0,0,0,1,0,0,0,1,0,0,0,0,0
39.941355,0,0,0,0,1,0,0,0,0,0,0,0,0,0,0,0,0,0
39.948059,0,0,0,0,0,1,1,0,0,1,0,1,0,1,0,0,1,0
39.949207,0,0,0,0,0,0,0,1,0,0,0,0,0,0,0,0,0,1
39.973394,0,1,1,0,0,0,0,0,0,1,1,0,1,0,0,1,0,0
39.986443,1,0,0,1,0,0,1,0,0,1,1,0,1,1,1,0,1,0
39.987215,0,0,0,0,1,0,0,0,0,0,0,0,0,0,0,0,0,0
39.999520,0,0,0,0,0,0,0,1,0,0,0,0,0,0,0,0,0,1
39.999719,0,0,0,0,0,1,0,0,0,0,0,0,0,1,1,0,0,0
40.006943,0,1,1,0,0,0,0,0,0,1,1,0,1,0,0,1,0,0
40.024854,1,0,0,0,0,0,0,0,1,0,0,0,1,0,0,0,0,0
40.031383,0,0,0,0,1,0,1,0,0,1,0,1,0,1,0,0,1,0
40.049541,0,0,0,0,0,1,0,0,0,0,0,0,0,1,1,0,0,0
40.053250,0,0,0,0,0,0,0,1,0,0,0,0,0,0,0,0,0,1
40.060985,0,1,1,0,0,0,0,0,0,1,1,0,1,0,0,1,0,0
40.074923,1,0,0,0,0,0,0,0,1,0,0,0,1,0,0,0,0,0
40.092135,0,0,0,0,1,0,1,0,0,1,0,1,0,1,0,0,1,0
40.096471,0,0,0,0,0,0,0,1,0,0,0,0,0,0,0,0,0,1
40.099999,0,0,0,0,0,1,0,0,0,0,0,0,0,1,1,0,0,0
40.116090,0,1,1,0,0,0,0,0,0,1,1,0,1,0,0,1,0,0
40.129600,0,0,0,0,1,0,0,0,0,0,0,0,0,0,0,0,0,0
40.131762,1,0,0,1,0,0,1,0,0,1,1,0,1,1,1,0,1,0
40.146656,0,0,0,0,0,0,0,1,0,0,0,0,0,0,0,0,0,1
40.149933,0,0,0,0,0,1,0,0,0,0,0,0,0,1,1,0,0,0
40.153055,0,1,1,0,0,0,0,0,0,1,1,0,1,0,0,1,0,0
40.165342,1,0,0,1,0,0,1,0,0,1,1,0,1,1,1,0,1,0
40.177662,0,0,0,0,1,0,0,0,0,0,0,0,0,0,0,0,0,0
40.189348,0,0,1,0,0,0,0,0,1,0,0,0,1,0,0,0,0,0
40.197784,0,0,0,0,0,0,0,1,0,0,0,0,0,0,0,0,0,1
40.200770,0,0,0,0,0,1,0,0,0,1,0,1,0,1,0,1,0,0
40.219542,1,0,0,1,0,0,1,0,0,1,1,0,1,1,1,0,1,0
40.235665,0,0,0,0,1,0,0,0,0,0,0,0,0,0,0,0,0,0
40.246198,0,0,0,0,0,0,0,1,0,0,0,0,0,0,0,0,0,1
40.247204,0,0,1,0,0,0,0,0,1,0,0,0,1,0,0,0,0,0
40.249604,0,0,0,0,0,1,0,0,0,1,0,1,0,1,0,1,0,0
40.263729,1,0,0,0,0,0,0,0,1,0,0,0,1,0,0,0,0,0
40.279731,0,0,0,0,1,0,1,0,0,1,0,1,0,1,0,0,1,0
40.298930,0,0,0,0,0,0,0,1,0,0,0,0,0,0,0,0,0,1
40.298976,0,0,0,0,0,1,0,0,0,0,0,0,0,1,1,0,0,0
40.300090,0,1,1,0,0,0,0,0,0,1,1,0,1,0,0,1,0,0
40.317664,1,0,0,1,0,0,1,0,0,1,1,0,1,1,1,0,1,0
40.336756,0,0,0,0,1,0,0,0,0,0,0,0,0,0,0,0,0,0
40.339127,0,0,1,0,0,0,0,0,1,0,0,0,1,0,0,0,0,0
40.346872,0,0,0,0,0,0,0,1,0,0,0,0,0,0,0,0,0,1
40.350412,0,0,0,0,0,1,0,0,0,1,0,1,0,1,0,1,0,0
40.366816,1,0,0,0,0,0,0,0,1,0,0,0,1,0,0,0,0,0
40.372173,0,0,0,0,0,0,1,0,0,1,0,1,0,1,0,0,1,0
40.380525,0,0,0,0,1,0,0,0,0,0,0,0,0,0,0,0,0,0
40.399184,0,0,1,0,0,0,0,0,1,0,0,0,1,0,0,0,0,0
40.399294,0,0,0,0,0,1,0,0,0,1,0,1,0,1,0,1,0,0
40.403247,0,0,0,0,0,0,0,1,0,0,0,0,0,0,0,0,0,1
40.413906,1,0,0,1,0,0,1,0,0,1,1,0,1,1,1,0,1,0
40.438476,0,0,1,0,0,0,0,0,1,0,0,0,1,0,0,0,0,0
40.438541,0,0,0,0,1,0,0,0,0,0,0,0,0,0,0,0,0,0
40.448330,0,0,0,0,0,0,0,1,0,0,0,0,0,0,0,0,0,1
40.450217,0,0,0,0,0,1,0,0,0,1,0,1,0,1,0,1,0,0
40.468590,1,0,0,0,0,0,0,0,1,0,0,0,1,0,0,0,0,0
40.483523,0,0,0,0,0,0,1,0,0,1,0,1,0,1,0,0,1,0
40.487518,0,0,0,0,1,0,0,0,0,0,0,0,0,0,0,0,0,0
40.499431,0,0,0,0,0,1,0,0,0,0,0,0,0,1,1,0,0,0
40.501976,0,0,0,0,0,0,0,1,0,0,0,0,0,0,0,0,0,1
40.504223,0,1,1,0,0,0,0,0,0,1,1,0,1,0,0,1,0,0
40.517118,1,0,0,1,0,0,1,0,0,1,1,0,1,1,1,0,1,0
40.540791,0,0,0,0,1,0,0,0,0,0,0,0,0,0,0,0,0,0
40.543686,0,0,1,0,0,0,0,0,1,0,0,0,1,0,0,0,0,0
40.547356,0,0,0,0,0,0,0,1,0,0,0,0,0,0,0,0,0,1
40.549942,0,0,0,0,0,1,0,0,0,1,0,1,0,1,0,1,0,0
40.562467,1,0,0,0,0,0,0,0,1,0,0,0,1,0,0,0,0,0
40.582606,0,0,0,0,1,0,0,0,0,0,0,0,0,0,0,0,0,0
40.593301,0,0,0,0,0,0,1,0,0,1,0,1,0,1,0,0,1,0
40.598336,0,0,0,0,0,0,0,1,0,0,0,0,0,0,0,0,0,1
40.599823,0,0,0,0,0,1,0,0,0,0,0,0,0,1,1,0,0,0
40.614710,0,1,1,0,0,0,0,0,0,1,1,0,1,0,0,1,0,0
40.630428,1,0,0,1,0,0,1,0,0,1,1,0,1,1,1,0,1,0
40.637073,0,0,0,0,1,0,0,0,0,0,0,0,0,0,0,0,0,0
40.650213,0,0,0,0,0,1,0,0,0,0,0,0,0,1,1,0,0,0
40.650964,0,0,0,0,0,0,0,1,0,0,0,0,0,0,0,0,0,1
40.655379,0,1,1,0,0,0,0,0,0,1,1,0,1,0,0,1,0,0
40.671734,1,0,0,0,0,0,0,0,1,0,0,0,1,0,0,0,0,0
40.682905,0,0,0,0,0,0,1,0,0,1,0,1,0,1,0,0,1,0
40.686219,0,0,0,0,1,0,0,0,0,0,0,0,0,0,0,0,0,0
40.699993,0,0,0,0,0,1,0,0,0,0,0,0,0,1,1,0,0,0
40.701580,0,0,0,0,0,0,0,1,0,0,0,0,0,0,0,0,0,1
40.703858,0,1,1,0,0,0,0,0,0,1,1,0,1,0,0,1,0,0
40.717468,1,0,0,1,0,0,1,0,0,1,1,0,1,1,1,0,1,0
40.737482,0,0,0,0,1,0,0,0,0,0,0,0,0,0,0,0,0,0
40.741963,0,0,1,0,0,0,0,0,1,0,0,0,1,0,0,0,0,0
40.749752,0,0,0,0,0,1,0,0,0,1,0,1,0,1,0,1,0,0
40.752839,0,0,0,0,0,0,0,1,0,0,0,0,0,0,0,0,0,1
40.766097,1,0,0,1,0,0,1,0,0,1,1,0,1,1,1,0,1,0
40.784659,0,0,0,0,1,0,0,0,0,0,0,0,0,0,0,0,0,0
40.791288,0,0,1,0,0,0,0,0,1,0,0,0,1,0,0,0,0,0
40.798776,0,0,0,0,0,1,0,0,0,1,0,1,0,1,0,1,0,0
40.798833,0,0,0,0,0,0,0,1,0,0,0,0,0,0,0,0,0,1
40.812516,1,0,0,0,0,0,0,0,1,0,0,0,1,0,0,0,0,0
40.838201,0,0,0,0,1,0,1,0,0,1,0,1,0,1,0,0,1,0
40.850276,0,0,0,0,0,0,0,1,0,0,0,0,0,0,0,0,0,1
40.850538,0,0,0,0,0,1,0,0,0,0,0,0,0,1,1,0,0,0
40.864369,0,1,1,0,0,0,0,0,0,1,1,0,1,0,0,1,0,0
40.876946,1,0,0,1,0,0,1,0,0,1,1,0,1,1,1,0,1,0
40.887646,0,0,0,0,1,0,0,0,0,0,0,0,0,0,0,0,0,0
40.898724,0,0,0,0,0,0,0,1,0,0,0,0,0,0,0,0,0,1
40.900762,0,0,0,0,0,1,0,0,0,0,0,0,0,1,1,0,0,0
40.901416,0,1,1,0,0,0,0,0,0,1,1,0,1,0,0,1,0,0
40.918108,1,0,0,1,0,0,1,0,0,1,1,0,1,1,1,0,1,0
40.933647,0,0,0,0,1,0,0,0,0,0,0,0,0,0,0,0,0,0
40.938882,0,0,1,0,0,0,0,0,1,0,0,0,1,0,0,0,0,0
40.949319,0,0,0,0,0,1,0,0,0,1,0,1,0,1,0,1,0,0
40.951519,0,0,0,0,0,0,0,1,0,0,0,0,0,0,0,0,0,1
40.965032,1,0,0,0,0,0,0,0,1,0,0,0,1,0,0,0,0,0
40.982898,0,0,0,0,1,0,1,0,0,1,0,1,0,1,0,0,1,0
40.999216,0,0,0,0,0,0,0,1,0,0,0,0,0,0,0,0,0,1
41.000136,0,0,0,0,0,1,0,0,0,0,0,0,0,1,1,0,0,0
41.006328,0,1,1,0,0,0,0,0,0,1,1,0,1,0,0,1,0,0
41.021779,1,0,0,1,0,0,1,0,0,1,1,0,1,1,1,0,1,0
41.033530,0,0,0,0,1,0,0,0,0,0,0,0,0,0,0,0,0,0
41.046189,0,0,1,0,0,0,0,0,1,0,0,0,1,0,0,0,0,0
41.049122,0,0,0,0,0,0,0,1,0,0,0,0,0,0,0,0,0,1
41.049205,0,0,0,0,0,1,0,0,0,1,0,1,0,1,0,1,0,0
41.064466,1,0,0,0,0,0,0,0,1,0,0,0,1,0,0,0,0,0
41.083639,0,0,0,0,1,0,1,0,0,1,0,1,0,1,0,0,1,0
41.098246,0,0,0,0,0,1,0,0,0,0,0,0,0,1,1,0,0,0
41.100656,0,0,0,0,0,0,0,1,0,0,0,0,0,0,0,0,0,1
41.106555,0,1,1,0,0,0,0,0,0,1,1,0,1,0,0,1,0,0
41.119891,1,0,0,1,0,0,1,0,0,1,1,0,1,1,1,0,1,0
41.132213,0,0,0,0,1,0,0,0,0,0,0,0,0,0,0,0,0,0
41.144308,0,0,1,0,0,0,0,0,1,0,0,0,1,0,0,0,0,0
41.150337,0,0,0,0,0,1,0,0,0,1,0,1,0,1,0,1,0,0
41.153261,0,0,0,0,0,0,0,1,0,0,0,0,0,0,0,0,0,1
41.164213,1,0,0,0,0,0,0,0,1,0,0,0,1,0,0,0,0,0
41.191090,0,0,0,0,1,0,0,0,0,0,0,0,0,0,0,0,0,0
41.200664,0,0,0,0,0,1,1,0,0,1,0,1,0,1,0,0,1,0
41.201717,0,0,0,0,0,0,0,1,0,0,0,0,0,0,0,0,0,1
41.230522,0,1,1,0,0,0,0,0,0,1,1,0,1,0,0,1,0,0
41.234047,0,0,0,0,1,0,0,0,0,0,0,0,0,0,0,0,0,0
41.242812,1,0,0,0,0,0,0,0,1,0,0,0,1,0,0,0,0,0
41.246828,0,0,0,0,0,0,1,1,0,1,0,1,0,1,0,0,1,1
41.249941,0,0,0,0,0,1,0,0,0,0,0,0,0,1,1,0,0,0
41.275831,0,1,1,0,0,0,0,0,0,1,1,0,1,0,0,1,0,0
41.280417,0,0,0,0,1,0,0,0,0,0,0,0,0,0,0,0,0,0
41.287426,1,0,0,0,0,0,0,0,1,0,0,0,1,0,0,0,0,0
41.298520,0,0,0,0,0,1,1,0,0,1,0,1,0,1,0,1,0,0
41.301588,0,0,0,0,0,0,0,1,0,0,0,0,0,0,0,0,0,1
41.309202,1,0,0,1,0,0,0,0,0,1,1,0,1,0,0,0,1,0
41.334625,0,0,1,0,0,0,0,0,1,0,0,0,1,0,0,0,0,0
41.341023,0,0,0,0,1,0,1,0,0,1,0,1,0,1,0,0,1,0
41.348095,0,0,0,0,0,0,0,1,0,0,0,0,0,0,0,0,0,1
41.349674,0,0,0,0,0,1,0,0,0,0,0,0,0,1,1,0,0,0
41.367588,0,1,1,0,0,0,0,0,0,1,1,0,1,0,0,1,0,0
41.381648,1,0,0,1,0,0,1,0,0,1,1,0,1,1,1,0,1,0
41.386508,0,0,0,0,1,0,0,0,0,0,0,0,0,0,0,0,0,0
41.397330,0,0,0,0,0,0,0,1,0,0,0,0,0,0,0,0,0,1
41.400033,0,0,0,0,0,1,0,0,0,0,0,0,0,1,1,0,0,0
41.409408,0,1,1,0,0,0,0,0,0,1,1,0,1,0,0,1,0,0
41.426460,1,0,0,0,0,0,0,0,1,0,0,0,1,0,0,0,0,0
41.429542,0,0,0,0,0,0,1,0,0,1,0,1,0,1,0,0,1,0
41.433643,0,0,0,0,1,0,0,0,0,0,0,0,0,0,0,0,0,0
41.450606,0,0,0,0,0,1,0,0,0,0,0,0,0,1,1,0,0,0
41.451675,0,0,0,0,0,0,0,1,0,0,0,0,0,0,0,0,0,1
41.455325,0,1,1,0,0,0,0,0,0,1,1,0,1,0,0,1,0,0
41.472761,1,0,0,0,0,0,0,0,1,0,0,0,1,0,0,0,0,0
41.489686,0,0,0,0,1,0,1,0,0,1,0,1,0,1,0,0,1,0
41.498332,0,0,0,0,0,1,0,0,0,0,0,0,0,1,1,0,0,0
41.502890,0,0,0,0,0,0,0,1,0,0,0,0,0,0,0,0,0,1
41.515818,0,1,1,0,0,0,0,0,0,1,1,0,1,0,0,1,0,0
41.534649,1,0,0,1,0,0,1,0,0,1,1,0,1,1,1,0,1,0
41.539835,0,0,0,0,1,0,0,0,0,0,0,0,0,0,0,0,0,0
41.550113,0,0,0,0,0,1,0,0,0,0,0,0,0,1,1,0,0,0
41.552255,0,0,0,0,0,0,0,1,0,0,0,0,0,0,0,0,0,1
41.561603,0,1,1,0,0,0,0,0,0,1,1,0,1,0,0,1,0,0
41.578724,1,0,0,0,0,0,0,0,1,0,0,0,1,0,0,0,0,0
41.584669,0,0,0,0,1,0,1,0,0,1,0,1,0,1,0,0,1,0
41.598117,0,0,0,0,0,0,0,1,0,0,0,0,0,0,0,0,0,1
41.600964,0,0,0,0,0,1,0,0,0,0,0,0,0,1,1,0,0,0
41.610856,0,1,1,0,0,0,0,0,0,1,1,0,1,0,0,1,0,0
41.624670,1,0,0,1,0,0,1,0,0,1,1,0,1,1,1,0,1,0
41.630100,0,0,0,0,1,0,0,0,0,0,0,0,0,0,0,0,0,0
41.647728,0,0,1,0,0,0,0,0,1,0,0,0,1,0,0,0,0,0
41.647986,0,0,0,0,0,0,0,1,0,0,0,0,0,0,0,0,0,1
41.649421,0,0,0,0,0,1,0,0,0,1,0,1,0,1,0,1,0,0
41.661557,1,0,0,0,0,0,0,0,1,0,0,0,1,0,0,0,0,0
41.686485,0,0,0,0,1,0,1,0,0,1,0,1,0,1,0,0,1,0
41.701034,0,0,0,0,0,1,0,0,0,0,0,0,0,1,1,0,0,0
41.701101,0,0,0,0,0,0,0,1,0,0,0,0,0,0,0,0,0,1
41.710712,0,1,1,0,0,0,0,0,0,1,1,0,1,0,0,1,0,0
41.727261,1,0,0,0,0,0,0,0,1,0,0,0,1,0,0,0,0,0
41.740832,0,0,0,0,1,0,1,0,0,1,0,1,0,1,0,0,1,0
41.748508,0,0,0,0,0,1,0,0,0,0,0,0,0,1,1,0,0,0
41.749141,0,0,0,0,0,0,0,1,0,0,0,0,0,0,0,0,0,1
41.766370,0,1,1,0,0,0,0,0,0,1,1,0,1,0,0,1,0,0
41.780152,1,0,0,0,0,0,0,0,1,0,0,0,1,0,0,0,0,0
41.781194,0,0,0,0,1,0,1,0,0,1,0,1,0,1,0,0,1,0
41.800106,0,0,0,0,0,1,0,0,0,0,0,0,0,1,1,0,0,0
41.801725,0,0,0,0,0,0,0,1,0,0,0,0,0,0,0,0,0,1
41.808505,0,1,1,0,0,0,0,0,0,1,1,0,1,0,0,1,0,0
41.822927,1,0,0,1,0,0,1,0,0,1,1,0,1,1,1,0,1,0
41.837795,0,0,0,0,1,0,0,0,0,0,0,0,0,0,0,0,0,0
41.846922,0,0,1,0,0,0,0,0,1,0,0,0,1,0,0,0,0,0
41.851196,0,0,0,0,0,1,0,0,0,1,0,1,0,1,0,1,0,0
41.853876,0,0,0,0,0,0,0,1,0,0,0,0,0,0,0,0,0,1
41.864258,1,0,0,1,0,0,1,0,0,1,1,0,1,1,1,0,1,0
41.888296,0,0,0,0,1,0,0,0,0,0,0,0,0,0,0,0,0,0
41.891962,0,0,1,0,0,0,0,0,1,0,0,0,1,0,0,0,0,0
41.900476,0,0,0,0,0,1,0,0,0,1,0,1,0,1,0,1,0,0
41.901935,0,0,0,0,0,0,0,1,0,0,0,0,0,0,0,0,0,1
41.917864,1,0,0,0,0,0,0,0,1,0,0,0,1,0,0,0,0,0
41.935458,0,0,0,0,0,0,1,0,0,1,0,1,0,1,0,0,1,0
41.941163,0,0,0,0,1,0,0,0,0,0,0,0,0,0,0,0,0,0
41.948834,0,0,0,0,0,0,0,1,0,0,0,0,0,0,0,0,0,1
41.950448,0,0,0,0,0,1,0,0,0,0,0,0,0,1,1,0,0,0
41.956879,0,1,1,0,0,0,0,0,0,1,1,0,1,0,0,1,0,0
41.972043,1,0,0,1,0,0,1,0,0,1,1,0,1,1,1,0,1,0
41.980695,0,0,0,0,1,0,0,0,0,0,0,0,0,0,0,0,0,0
41.995001,0,0,1,0,0,0,0,0,1,0,0,0,1,0,0,0,0,0
41.999513,0,0,0,0,0,1,0,0,0,1,0,1,0,1,0,1,0,0
42.002258,0,0,0,0,0,0,0,1,0,0,0,0,0,0,0,0,0,1
42.012102,1,0,0,0,0,0,0,0,1,0,0,0,1,0,0,0,0,0
42.039627,0,0,0,0,1,0,1,0,0,1,0,1,0,1,0,0,1,0
42.048761,0,0,0,0,0,1,0,0,0,0,0,0,0,1,1,0,0,0
42.050633,0,0,0,0,0,0,0,1,0,0,0,0,0,0,0,0,0,1
42.062102,0,1,1,0,0,0,0,0,0,1,1,0,1,0,0,1,0,0
42.074874,1,0,0,0,0,0,0,0,1,0,0,0,1,0,0,0,0,0
42.084678,0,0,0,0,0,0,1,0,0,1,0,1,0,1,0,0,1,0
42.087143,0,0,0,0,1,0,0,0,0,0,0,0,0,0,0,0,0,0
42.100291,0,0,0,0,0,1,0,0,0,0,0,0,0,1,1,0,0,0
42.102057,0,0,0,0,0,0,0,1,0,0,0,0,0,0,0,0,0,1
42.109153,0,1,1,0,0,0,0,0,0,1,1,0,1,0,0,1,0,0
42.125158,1,0,0,1,0,0,1,0,0,1,1,0,1,1,1,0,1,0
42.139440,0,0,0,0,1,0,0,0,0,0,0,0,0,0,0,0,0,0
42.148210,0,0,1,0,0,0,0,0,1,0,0,0,1,0,0,0,0,0
42.151854,0,0,0,0,0,1,0,0,0,1,0,1,0,1,0,1,0,0
42.153824,0,0,0,0,0,0,0,1,0,0,0,0,0,0,0,0,0,1
42.169675,1,0,0,0,0,0,0,0,1,0,0,0,1,0,0,0,0,0
42.188025,0,0,0,0,1,0,0,0,0,0,0,0,0,0,0,0,0,0
42.200249,0,0,0,0,0,1,1,0,0,1,0,1,0,1,0,1,0,0
42.202765,0,0,0,0,0,0,0,1,0,0,0,0,0,0,0,0,0,1
42.212994,1,0,0,1,0,0,1,0,0,1,1,0,1,1,1,0,1,0
42.238067,0,0,1,1,0,0,0,0,0,1,1,0,1,0,0,0,1,0
42.239584,0,0,0,0,1,0,0,0,0,0,0,0,0,0,0,0,0,0
42.249618,0,0,0,0,0,0,0,1,0,0,0,0,0,0,0,0,0,1
42.249972,0,0,0,0,0,1,0,0,0,0,0,0,0,1,1,0,0,0
42.265674,0,1,1,0,0,0,0,0,0,1,1,0,1,0,0,1,0,0
42.281808,1,0,0,1,0,0,1,0,0,1,1,0,1,1,1,0,1,0
42.282748,0,0,0,0,1,0,0,0,0,0,0,0,0,0,0,0,0,0
42.301508,0,0,0,0,0,1,0,0,0,0,0,0,0,1,1,0,0,0
42.303444,0,0,0,0,0,0,0,1,0,0,0,0,0,0,0,0,0,1
42.305178,0,1,1,0,0,0,0,0,0,1,1,0,1,0,0,1,0,0
42.319799,1,0,0,1,0,0,1,0,0,1,1,0,1,1,1,0,1,0
42.338499,0,0,0,0,1,0,0,0,0,0,0,0,0,0,0,0,0,0
42.346783,0,0,1,0,0,0,0,0,1,0,0,0,1,0,0,0,0,0
42.349716,0,0,0,0,0,0,0,1,0,0,0,0,0,0,0,0,0,1
42.350385,0,0,0,0,0,1,0,0,0,1,0,1,0,1,0,1,0,0
42.364041,1,0,0,0,0,0,0,0,1,0,0,0,1,0,0,0,0,0
42.374446,0,0,0,0,0,0,1,0,0,1,0,1,0,1,0,0,1,0
42.387972,0,0,0,0,1,0,0,0,0,0,0,0,0,0,0,0,0,0
42.399217,0,0,0,0,0,0,0,1,0,0,0,0,0,0,0,0,0,1
42.399823,0,0,1,0,0,0,0,0,1,0,0,0,1,0,0,0,0,0
42.400508,0,0,0,0,0,1,0,0,0,1,0,1,0,1,0,1,0,0
42.420332,1,0,0,0,0,0,0,0,1,0,0,0,1,0,0,0,0,0
42.435546,0,0,0,0,1,0,0,0,0,0,0,0,0,0,0,0,0,0
42.451115,0,0,0,0,0,0,1,1,0,1,0,1,0,1,0,0,1,1
42.451446,0,0,0,0,0,1,0,0,0,0,0,0,0,1,1,0,0,0
42.475772,0,1,1,0,0,0,0,0,0,1,1,0,1,0,0,1,0,0
42.481223,0,0,0,0,1,0,0,0,0,0,0,0,0,0,0,0,0,0
42.488368,1,0,0,0,0,0,0,0,1,0,0,0,1,0,0,0,0,0
42.499959,0,0,0,0,0,0,1,1,0,1,0,1,0,1,0,0,1,1
42.501118,0,0,0,0,0,1,0,0,0,0,0,0,0,1,1,0,0,0
42.527622,0,1,1,0,0,0,0,0,0,1,1,0,1,0,0,1,0,0
42.538588,0,0,0,0,1,0,0,0,0,0,0,0,0,0,0,0,0,0
42.542041,1,0,0,1,0,0,1,0,0,1,1,0,1,1,1,0,1,0
42.548953,0,0,0,0,0,0,0,1,0,0,0,0,0,0,0,0,0,1
42.549616,0,0,0,0,0,1,0,0,0,0,0,0,0,1,1,0,0,0
42.568404,0,1,1,0,0,0,0,0,0,1,1,0,1,0,0,1,0,0
42.582211,1,0,0,0,0,0,0,0,1,0,0,0,1,0,0,0,0,0
42.585624,0,0,0,0,1,0,0,0,0,0,0,0,0,0,0,0,0,0
42.589431,0,0,0,0,0,0,1,0,0,1,0,1,0,1,0,0,1,0
42.599413,0,0,0,0,0,1,0,0,0,0,0,0,0,1,1,0,0,0
42.602940,0,0,0,0,0,0,0,1,0,0,0,0,0,0,0,0,0,1
42.618756,0,1,1,0,0,0,0,0,0,1,1,0,1,0,0,1,0,0
42.637281,0,0,0,0,1,0,0,0,0,0,0,0,0,0,0,0,0,0
42.637312,1,0,0,1,0,0,1,0,0,1,1,0,1,1,1,0,1,0
42.648404,0,0,0,0,0,0,0,1,0,0,0,0,0,0,0,0,0,1
42.649668,0,0,0,0,0,1,0,0,0,0,0,0,0,1,1,0,0,0
42.664080,0,1,1,0,0,0,0,0,0,1,1,0,1,0,0,1,0,0
42.677118,1,0,0,0,0,0,0,0,1,0,0,0,1,0,0,0,0,0
42.679732,0,0,0,0,0,0,1,0,0,1,0,1,0,1,0,0,1,0
42.686156,0,0,0,0,1,0,0,0,0,0,0,0,0,0,0,0,0,0
42.699346,0,0,0,0,0,1,0,0,0,0,0,0,0,1,1,0,0,0
42.700696,0,0,0,0,0,0,0,1,0,0,0,0,0,0,0,0,0,1
42.708533,0,1,1,0,0,0,0,0,0,1,1,0,1,0,0,1,0,0
42.728338,1,0,0,1,0,0,1,0,0,1,1,0,1,1,1,0,1,0
42.734675,0,0,0,0,1,0,0,0,0,0,0,0,0,0,0,0,0,0
42.747771,0,0,0,0,0,0,0,1,0,0,0,0,0,0,0,0,0,1
42.750812,0,0,0,0,0,1,0,0,0,0,0,0,0,1,1,0,0,0
42.757461,0,1,1,0,0,0,0,0,0,1,1,0,1,0,0,1,0,0
42.776044,1,0,0,1,0,0,1,0,0,1,1,0,1,1,1,0,1,0
42.783252,0,0,0,0,1,0,0,0,0,0,0,0,0,0,0,0,0,0
42.798934,0,0,0,0,0,0,0,1,0,0,0,0,0,0,0,0,0,1
42.800545,0,0,0,0,0,1,0,0,0,0,0,0,0,1,1,0,0,0
42.803239,0,1,1,0,0,0,0,0,0,1,1,0,1,0,0,1,0,0
42.813516,1,0,0,1,0,0,1,0,0,1,1,0,1,1,1,0,1,0
42.833889,0,0,1,0,0,0,0,0,1,0,0,0,1,0,0,0,0,0
42.834102,0,0,0,0,1,0,0,0,0,0,0,0,0,0,0,0,0,0
42.846913,0,0,0,0,0,0,0,1,0,0,0,0,0,0,0,0,0,1
42.851654,0,0,0,0,0,1,0,0,0,1,0,1,0,1,0,1,0,0
42.871451,1,0,0,1,0,0,1,0,0,1,1,0,1,1,1,0,1,0
42.883516,0,0,0,0,1,0,0,0,0,0,0,0,0,0,0,0,0,0
42.891960,0,0,1,0,0,0,0,0,1,0,0,0,1,0,0,0,0,0
42.899798,0,0,0,0,0,1,0,0,0,1,0,1,0,1,0,1,0,0
42.902088,0,0,0,0,0,0,0,1,0,0,0,0,0,0,0,0,0,1
42.914551,1,0,0,1,0,0,1,0,0,1,1,0,1,1,1,0,1,0
42.937091,0,0,1,0,0,0,0,0,1,0,0,0,1,0,0,0,0,0
42.941194,0,0,0,0,1,0,0,0,0,0,0,0,0,0,0,0,0,0
42.950599,0,0,0,0,0,1,0,0,0,1,0,1,0,1,0,1,0,0
42.953265,0,0,0,0,0,0,0,1,0,0,0,0,0,0,0,0,0,1
42.968222,1,0,0,1,0,0,1,0,0,1,1,0,1,1,1,0,1,0
42.984212,0,0,0,0,1,0,0,0,0,0,0,0,0,0,0,0,0,0
42.989871,0,0,1,0,0,0,0,0,1,0,0,0,1,0,0,0,0,0
43.001006,0,0,0,0,0,1,0,0,0,1,0,1,0,1,0,1,0,0
43.001593,0,0,0,0,0,0,0,1,0,0,0,0,0,0,0,0,0,1
43.015110,1,0,0,0,0,0,0,0,1,0,0,0,1,0,0,0,0,0
43.030924,0,0,0,0,0,0,1,0,0,1,0,1,0,1,0,0,1,0
43.036327,0,0,0,0,1,0,0,0,0,0,0,0,0,0,0,0,0,0
43.046864,0,0,0,0,0,0,0,1,0,0,0,0,0,0,0,0,0,1
43.050198,0,0,0,0,0,1,0,0,0,0,0,0,0,1,1,0,0,0
43.055270,0,1,1,0,0,0,0,0,0,1,1,0,1,0,0,1,0,0
43.065761,1,0,0,0,0,0,0,0,1,0,0,0,1,0,0,0,0,0
43.077554,0,0,0,0,1,0,0,0,0,0,0,0,0,0,0,0,0,0
43.097230,0,0,0,0,0,0,0,1,0,0,0,0,0,0,0,0,0,1
43.099958,0,0,0,0,0,1,1,0,0,1,0,1,0,1,0,1,0,0
43.115435,1,0,0,1,0,0,1,0,0,1,1,0,1,1,1,0,1,0
43.128990,0,0,0,0,1,0,0,0,0,0,0,0,0,0,0,0,0,0
43.136270,0,0,1,1,0,0,0,0,0,1,1,0,1,0,0,0,1,0
43.149421,0,0,0,0,0,0,0,1,0,0,0,0,0,0,0,0,0,1
43.150342,0,0,0,0,0,1,0,0,0,0,0,0,0,1,1,0,0,0
43.166027,0,1,1,0,0,0,0,0,0,1,1,0,1,0,0,1,0,0
43.185295,0,0,0,0,1,0,0,0,0,0,0,0,0,0,0,0,0,0
43.185684,1,0,0,1,0,0,1,0,0,1,1,0,1,1,1,0,1,0
43.200301,0,0,0,0,0,0,0,1,0,0,0,0,0,0,0,0,0,1
43.200608,0,0,0,0,0,1,0,0,0,0,0,0,0,1,1,0,0,0
43.213799,0,1,1,0,0,0,0,0,0,1,1,0,1,0,0,1,0,0
43.233782,1,0,0,0,0,0,0,0,1,0,0,0,1,0,0,0,0,0
43.234586,0,0,0,0,1,0,1,0,0,1,0,1,0,1,0,0,1,0
43.249054,0,0,0,0,0,0,0,1,0,0,0,0,0,0,0,0,0,1
43.250348,0,0,0,0,0,1,0,0,0,0,0,0,0,1,1,0,0,0
43.258809,0,1,1,0,0,0,0,0,0,1,1,0,1,0,0,1,0,0
43.270558,1,0,0,1,0,0,1,0,0,1,1,0,1,1,1,0,1,0
43.283486,0,0,0,0,1,0,0,0,0,0,0,0,0,0,0,0,0,0
43.295099,0,0,1,0,0,0,0,0,1,0,0,0,1,0,0,0,0,0
43.300496,0,0,0,0,0,1,0,0,0,1,0,1,0,1,0,1,0,0
43.300937,0,0,0,0,0,0,0,1,0,0,0,0,0,0,0,0,0,1
43.311288,1,0,0,1,0,0,1,0,0,1,1,0,1,1,1,0,1,0
43.334964,0,0,0,0,1,0,0,0,0,0,0,0,0,0,0,0,0,0
43.337746,0,0,1,0,0,0,0,0,1,0,0,0,1,0,0,0,0,0
43.347893,0,0,0,0,0,0,0,1,0,0,0,0,0,0,0,0,0,1
43.349014,0,0,0,0,0,1,0,0,0,1,0,1,0,1,0,1,0,0
43.365288,1,0,0,0,0,0,0,0,1,0,0,0,1,0,0,0,0,0
43.381602,0,0,0,0,1,0,1,0,0,1,0,1,0,1,0,0,1,0
43.399822,0,0,0,0,0,1,0,0,0,0,0,0,0,1,1,0,0,0
43.400378,0,0,0,0,0,0,0,1,0,0,0,0,0,0,0,0,0,1
43.406180,0,1,1,0,0,0,0,0,0,1,1,0,1,0,0,1,0,0
43.420052,1,0,0,0,0,0,0,0,1,0,0,0,1,0,0,0,0,0
43.433685,0,0,0,0,1,0,1,0,0,1,0,1,0,1,0,0,1,0
43.449278,0,0,0,0,0,1,0,0,0,0,0,0,0,1,1,0,0,0
43.450477,0,0,0,0,0,0,0,1,0,0,0,0,0,0,0,0,0,1
43.459159,0,1,1,0,0,0,0,0,0,1,1,0,1,0,0,1,0,0
43.471669,1,0,0,0,0,0,0,0,1,0,0,0,1,0,0,0,0,0
43.476527,0,0,0,0,0,0,1,0,0,1,0,1,0,1,0,0,1,0
43.485937,0,0,0,0,1,0,0,0,0,0,0,0,0,0,0,0,0,0
43.499810,0,0,1,0,0,0,0,0,1,0,0,0,1,0,0,0,0,0
43.500529,0,0,0,0,0,1,0,0,0,1,0,1,0,1,0,1,0,0
43.502815,0,0,0,0,0,0,0,1,0,0,0,0,0,0,0,0,0,1
43.513865,1,0,0,0,0,0,0,0,1,0,0,0,1,0,0,0,0,0
43.538376,0,0,0,0,1,0,0,0,0,0,0,0,0,0,0,0,0,0
43.546776,0,0,0,0,0,0,0,1,0,0,0,0,0,0,0,0,0,1
43.550637,0,0,0,0,0,1,0,0,0,1,0,1,0,1,0,1,0,0
43.556855,0,0,0,0,0,0,1,0,0,0,0,0,0,1,1,0,0,0
43.562926,1,0,0,1,0,0,1,0,0,1,1,0,1,1,1,0,1,0
43.584104,0,0,0,0,1,0,0,0,0,0,0,0,0,0,0,0,0,0
43.584979,0,0,1,1,0,0,0,0,0,1,1,0,1,0,0,0,1,0
43.598994,0,0,0,0,0,1,0,0,0,0,0,0,0,1,1,0,0,0
43.600239,0,0,0,0,0,0,0,1,0,0,0,0,0,0,0,0,0,1
43.610674,0,1,1,0,0,0,0,0,0,1,1,0,1,0,0,1,0,0
43.627916,1,0,0,0,0,0,0,0,1,0,0,0,1,0,0,0,0,0
43.637329,0,0,0,0,1,0,1,0,0,1,0,1,0,1,0,0,1,0
43.648925,0,0,0,0,0,0,0,1,0,0,0,0,0,0,0,0,0,1
43.650270,0,0,0,0,0,1,0,0,0,0,0,0,0,1,1,0,0,0
43.658142,0,1,1,0,0,0,0,0,0,1,1,0,1,0,0,1,0,0
43.676545,1,0,0,1,0,0,1,0,0,1,1,0,1,1,1,0,1,0
43.684084,0,0,0,0,1,0,0,0,0,0,0,0,0,0,0,0,0,0
43.696551,0,0,0,0,0,0,0,1,0,0,0,0,0,0,0,0,0,1
43.700550,0,0,1,0,0,0,0,0,1,0,0,0,1,0,0,0,0,0
43.701407,0,0,0,0,0,1,0,0,0,1,0,1,0,1,0,1,0,0
43.711977,1,0,0,1,0,0,1,0,0,1,1,0,1,1,1,0,1,0
43.731316,0,0,0,0,1,0,0,0,0,0,0,0,0,0,0,0,0,0
43.735098,0,0,1,0,0,0,0,0,1,0,0,0,1,0,0,0,0,0
43.746418,0,0,0,0,0,0,0,1,0,0,0,0,0,0,0,0,0,1
43.749766,0,0,0,0,0,1,0,0,0,1,0,1,0,1,0,1,0,0
43.767393,1,0,0,1,0,0,1,0,0,1,1,0,1,1,1,0,1,0
43.785540,0,0,0,0,1,0,0,0,0,0,0,0,0,0,0,0,0,0
43.796396,0,0,1,0,0,0,0,0,1,0,0,0,1,0,0,0,0,0
43.799662,0,0,0,0,0,0,0,1,0,0,0,0,0,0,0,0,0,1
43.800399,0,0,0,0,0,1,0,0,0,1,0,1,0,1,0,1,0,0
43.812163,1,0,0,1,0,0,1,0,0,1,1,0,1,1,1,0,1,0
43.836498,0,0,1,0,0,0,0,0,1,0,0,0,1,0,0,0,0,0
43.837658,0,0,0,0,1,0,0,0,0,0,0,0,0,0,0,0,0,0
43.848162,0,0,0,0,0,0,0,1,0,0,0,0,0,0,0,0,0,1
43.848847,0,0,0,0,0,1,0,0,0,1,0,1,0,1,0,1,0,0
43.862694,1,0,0,0,0,0,0,0,1,0,0,0,1,0,0,0,0,0
43.864761,0,0,0,0,0,0,1,0,0,1,0,1,0,1,0,0,1,0
43.885327,0,0,0,0,1,0,0,0,0,0,0,0,0,0,0,0,0,0
43.888571,0,0,1,0,0,0,0,0,1,0,0,0,1,0,0,0,0,0
43.898155,0,0,0,0,0,1,0,0,0,1,0,1,0,1,0,1,0,0
43.899028,0,0,0,0,0,0,0,1,0,0,0,0,0,0,0,0,0,1
43.909687,1,0,0,0,0,0,0,0,1,0,0,0,1,0,0,0,0,0
43.934117,0,0,0,0,1,0,0,0,0,0,0,0,0,0,0,0,0,0
43.942983,0,0,0,0,0,0,1,0,0,1,0,1,0,1,0,0,1,0
43.948733,0,0,0,0,0,0,0,1,0,0,0,0,0,0,0,0,0,1
43.950426,0,0,0,0,0,1,0,0,0,0,0,0,0,1,1,0,0,0
43.971341,0,1,1,0,0,0,0,0,0,1,1,0,1,0,0,1,0,0
43.985106,1,0,0,0,0,0,0,0,1,0,0,0,1,0,0,0,0,0
43.987052,0,0,0,0,0,0,1,0,0,1,0,1,0,1,0,0,1,0
43.988523,0,0,0,0,1,0,0,0,0,0,0,0,0,0,0,0,0,0
43.997016,0,0,0,0,0,0,0,1,0,0,0,0,0,0,0,0,0,1
44.000584,0,0,0,0,0,1,0,0,0,0,0,0,0,1,1,0,0,0
44.013505,0,1,1,0,0,0,0,0,0,1,1,0,1,0,0,1,0,0
44.025266,1,0,0,0,0,0,0,0,1,0,0,0,1,0,0,0,0,0
44.028517,0,0,0,0,0,0,1,0,0,1,0,1,0,1,0,0,1,0
44.029745,0,0,0,0,1,0,0,0,0,0,0,0,0,0,0,0,0,0
44.049314,0,0,0,0,0,0,0,1,0,0,0,0,0,0,0,0,0,1
44.049740,0,0,0,0,0,1,0,0,0,0,0,0,0,1,1,0,0,0
44.052040,0,1,1,0,0,0,0,0,0,1,1,0,1,0,0,1,0,0
44.070567,1,0,0,0,0,0,0,0,1,0,0,0,1,0,0,0,0,0
44.086169,0,0,0,0,1,0,1,0,0,1,0,1,0,1,0,0,1,0
44.100195,0,0,0,0,0,1,0,0,0,0,0,0,0,1,1,0,0,0
44.100402,0,0,0,0,0,0,0,1,0,0,0,0,0,0,0,0,0,1
44.114079,0,1,1,0,0,0,0,0,0,1,1,0,1,0,0,1,0,0
44.125647,1,0,0,0,0,0,0,0,1,0,0,0,1,0,0,0,0,0
44.127740,0,0,0,0,0,0,1,0,0,1,0,1,0,1,0,0,1,0
44.134486,0,0,0,0,1,0,0,0,0,0,0,0,0,0,0,0,0,0
44.149493,0,0,0,0,0,1,0,0,0,0,0,0,0,1,1,0,0,0
44.151686,0,1,1,0,0,0,0,0,0,1,1,0,1,0,0,1,0,0
44.153118,0,0,0,0,0,0,0,1,0,0,0,0,0,0,0,0,0,1
44.164492,1,0,0,0,0,0,0,0,1,0,0,0,1,0,0,0,0,0
44.192227,0,0,0,0,1,0,0,0,0,0,0,0,0,0,0,0,0,0
44.200946,0,0,0,0,0,1,0,0,0,1,0,1,0,1,0,1,0,0
44.200956,0,0,0,0,0,0,1,0,0,0,0,0,0,1,1,0,0,0
44.200967,0,0,0,0,0,0,0,1,0,0,0,0,0,0,0,0,0,1
44.215017,1,0,0,1,0,0,0,0,0,1,1,0,1,0,0,0,1,0
44.231164,0,0,0,0,0,0,1,0,0,0,0,0,0,1,1,0,0,0
44.236635,0,0,0,0,1,0,0,0,0,0,0,0,0,0,0,0,0,0
44.237295,0,0,1,1,0,0,0,0,0,1,1,0,1,0,0,0,1,0
44.249764,0,0,0,0,0,0,0,1,0,0,0,0,0,0,0,0,0,1
44.251722,0,0,0,0,0,1,0,0,0,0,0,0,0,1,1,0,0,0
44.258123,0,1,1,0,0,0,0,0,0,1,1,0,1,0,0,1,0,0
44.277042,1,0,0,0,0,0,0,0,1,0,0,0,1,0,0,0,0,0
44.282463,0,0,0,0,1,0,0,0,0,0,0,0,0,0,0,0,0,0
44.298140,0,0,0,0,0,0,0,1,0,0,0,0,0,0,0,0,0,1
44.299914,0,0,0,0,0,1,1,0,0,1,0,1,0,1,0,0,1,0
44.328453,0,1,1,0,0,0,0,0,0,1,1,0,1,0,0,1,0,0
44.332315,0,0,0,0,1,0,0,0,0,0,0,0,0,0,0,0,0,0
44.341551,1,0,0,0,0,0,0,0,1,0,0,0,1,0,0,0,0,0
44.348901,0,0,0,0,0,1,1,0,0,1,0,1,0,1,0,0,1,0
44.352680,0,0,0,0,0,0,0,1,0,0,0,0,0,0,0,0,0,1
44.372373,0,1,1,0,0,0,0,0,0,1,1,0,1,0,0,1,0,0
44.386704,1,0,0,0,0,0,0,0,1,0,0,0,1,0,0,0,0,0
44.387929,0,0,0,0,0,0,1,0,0,1,0,1,0,1,0,0,1,0
44.389526,0,0,0,0,1,0,0,0,0,0,0,0,0,0,0,0,0,0
44.398078,0,0,0,0,0,0,0,1,0,0,0,0,0,0,0,0,0,1
44.399346,0,0,0,0,0,1,0,0,0,0,0,0,0,1,1,0,0,0
44.409573,0,1,1,0,0,0,0,0,0,1,1,0,1,0,0,1,0,0
44.421152,1,0,0,1,0,0,1,0,0,1,1,0,1,1,1,0,1,0
44.434772,0,0,0,0,1,0,0,0,0,0,0,0,0,0,0,0,0,0
44.448919,0,0,0,0,0,1,0,0,0,0,0,0,0,1,1,0,0,0
44.449056,0,1,1,0,0,0,0,0,0,1,1,0,1,0,0,1,0,0
44.452449,0,0,0,0,0,0,0,1,0,0,0,0,0,0,0,0,0,1
44.461193,1,0,0,0,0,0,0,0,1,0,0,0,1,0,0,0,0,0
44.488033,0,0,0,0,1,0,0,0,0,0,0,0,0,0,0,0,0,0
44.493147,0,0,0,0,0,0,1,0,0,1,0,1,0,1,0,0,1,0
44.496017,0,0,0,0,0,0,0,1,0,0,0,0,0,0,0,0,0,1
44.500913,0,0,0,0,0,1,0,0,0,0,0,0,0,1,1,0,0,0
44.516264,0,1,1,0,0,0,0,0,0,1,1,0,1,0,0,1,0,0
44.529040,0,0,0,0,1,0,0,0,0,0,0,0,0,0,0,0,0,0
44.530446,1,0,0,1,0,0,1,0,0,1,1,0,1,1,1,0,1,0
44.549145,0,0,0,0,0,1,0,0,0,0,0,0,0,1,1,0,0,0
44.552329,0,0,0,0,0,0,0,1,0,0,0,0,0,0,0,0,0,1
44.558497,0,1,1,0,0,0,0,0,0,1,1,0,1,0,0,1,0,0
44.577517,1,0,0,1,0,0,1,0,0,1,1,0,1,1,1,0,1,0
44.588163,0,0,0,0,1,0,0,0,0,0,0,0,0,0,0,0,0,0
44.596673,0,0,0,0,0,0,0,1,0,0,0,0,0,0,0,0,0,1
44.600713,0,0,0,0,0,1,0,0,0,0,0,0,0,1,1,0,0,0
44.605349,0,1,1,0,0,0,0,0,0,1,1,0,1,0,0,1,0,0
44.624836,1,0,0,0,0,0,0,0,1,0,0,0,1,0,0,0,0,0
44.631145,0,0,0,0,1,0,0,0,0,0,0,0,0,0,0,0,0,0
44.649795,0,0,0,0,0,0,1,1,0,1,0,1,0,1,0,0,1,1
44.650852,0,0,0,0,0,1,0,0,0,0,0,0,0,1,1,0,0,0
44.675064,0,1,1,0,0,0,0,0,0,1,1,0,1,0,0,1,0,0
44.686658,0,0,0,0,1,0,0,0,0,0,0,0,0,0,0,0,0,0
44.690387,1,0,0,1,0,0,1,0,0,1,1,0,1,1,1,0,1,0
44.700537,0,0,0,0,0,1,0,0,0,0,0,0,0,1,1,0,0,0
44.703199,0,0,0,0,0,0,0,1,0,0,0,0,0,0,0,0,0,1
44.718062,0,1,1,0,0,0,0,0,0,1,1,0,1,0,0,1,0,0
44.732294,1,0,0,1,0,0,1,0,0,1,1,0,1,1,1,0,1,0
44.734010,0,0,0,0,1,0,0,0,0,0,0,0,0,0,0,0,0,0
44.749434,0,0,0,0,0,0,0,1,0,0,0,0,0,0,0,0,0,1
44.750409,0,0,0,0,0,1,0,0,0,0,0,0,0,1,1,0,0,0
44.756153,0,1,1,0,0,0,0,0,0,1,1,0,1,0,0,1,0,0
44.769781,1,0,0,1,0,0,1,0,0,1,1,0,1,1,1,0,1,0
44.783444,0,0,0,0,1,0,0,0,0,0,0,0,0,0,0,0,0,0
44.790353,0,0,1,0,0,0,0,0,1,0,0,0,1,0,0,0,0,0
44.798610,0,0,0,0,0,0,0,1,0,0,0,0,0,0,0,0,0,1
44.800856,0,0,0,0,0,1,0,0,0,1,0,1,0,1,0,1,0,0
44.811603,1,0,0,1,0,0,1,0,0,1,1,0,1,1,1,0,1,0
44.836227,0,0,0,0,1,0,0,0,0,0,0,0,0,0,0,0,0,0
44.836649,0,0,1,0,0,0,0,0,1,0,0,0,1,0,0,0,0,0
44.846797,0,0,0,0,0,0,0,1,0,0,0,0,0,0,0,0,0,1
44.849865,0,0,0,0,0,1,0,0,0,1,0,1,0,1,0,1,0,0
44.863352,1,0,0,1,0,0,1,0,0,1,1,0,1,1,1,0,1,0
44.878369,0,0,0,0,1,0,0,0,0,0,0,0,0,0,0,0,0,0
44.887411,0,0,1,0,0,0,0,0,1,0,0,0,1,0,0,0,0,0
44.898619,0,0,0,0,0,0,0,1,0,0,0,0,0,0,0,0,0,1
44.901066,0,0,0,0,0,1,0,0,0,1,0,1,0,1,0,1,0,0
44.911111,1,0,0,0,0,0,0,0,1,0,0,0,1,0,0,0,0,0
44.937177,0,0,0,0,1,0,1,0,0,1,0,1,0,1,0,0,1,0
44.947631,0,0,0,0,0,0,0,1,0,0,0,0,0,0,0,0,0,1
44.949481,0,0,0,0,0,1,0,0,0,0,0,0,0,1,1,0,0,0
44.966953,0,1,1,0,0,0,0,0,0,1,1,0,1,0,0,1,0,0
44.977511,1,0,0,1,0,0,1,0,0,1,1,0,1,1,1,0,1,0
44.982622,0,0,0,0,1,0,0,0,0,0,0,0,0,0,0,0,0,0
44.998471,0,0,0,0,0,1,0,0,0,0,0,0,0,1,1,0,0,0
45.001091,0,0,0,0,0,0,0,1,0,0,0,0,0,0,0,0,0,1
45.005425,0,1,1,0,0,0,0,0,0,1,1,0,1,0,0,1,0,0
45.021679,1,0,0,1,0,0,1,0,0,1,1,0,1,1,1,0,1,0
45.036303,0,0,0,0,1,0,0,0,0,0,0,0,0,0,0,0,0,0
45.045486,0,0,1,0,0,0,0,0,1,0,0,0,1,0,0,0,0,0
45.046396,0,0,0,0,0,0,0,1,0,0,0,0,0,0,0,0,0,1
45.048161,0,0,0,0,0,1,0,0,0,1,0,1,0,1,0,1,0,0
45.065956,1,0,0,1,0,0,1,0,0,1,1,0,1,1,1,0,1,0
45.085226,0,0,0,0,1,0,0,0,0,0,0,0,0,0,0,0,0,0
45.085958,0,0,1,0,0,0,0,0,1,0,0,0,1,0,0,0,0,0
45.098326,0,0,0,0,0,0,0,1,0,0,0,0,0,0,0,0,0,1
45.099781,0,0,0,0,0,1,0,0,0,1,0,1,0,1,0,1,0,0
45.115180,1,0,0,0,0,0,0,0,1,0,0,0,1,0,0,0,0,0
45.133390,0,0,0,0,1,0,0,0,0,0,0,0,0,0,0,0,0,0
45.150453,0,0,0,0,0,1,1,0,0,1,0,1,0,1,0,0,1,0
45.153225,0,0,0,0,0,0,0,1,0,0,0,0,0,0,0,0,0,1
45.174329,0,1,1,0,0,0,0,0,0,1,1,0,1,0,0,1,0,0
45.187021,1,0,0,0,0,0,0,0,1,0,0,0,1,0,0,0,0,0
45.188741,0,0,0,0,1,0,1,0,0,1,0,1,0,1,0,0,1,0
45.199640,0,0,0,0,0,0,0,1,0,0,0,0,0,0,0,0,0,1
45.201372,0,0,0,0,0,1,0,0,0,0,0,0,0,1,1,0,0,0
45.209731,0,1,1,0,0,0,0,0,0,1,1,0,1,0,0,1,0,0
45.227936,1,0,0,1,0,0,1,0,0,1,1,0,1,1,1,0,1,0
45.233204,0,0,0,0,1,0,0,0,0,0,0,0,0,0,0,0,0,0
45.247332,0,0,0,0,0,0,0,1,0,0,0,0,0,0,0,0,0,1
45.249196,0,0,1,0,0,0,0,0,1,0,0,0,1,0,0,0,0,0
45.249507,0,0,0,0,0,1,0,0,0,1,0,1,0,1,0,1,0,0
45.262489,1,0,0,0,0,0,0,0,1,0,0,0,1,0,0,0,0,0
45.264436,0,0,0,0,0,0,1,0,0,1,0,1,0,1,0,0,1,0
45.280272,0,0,0,0,1,0,0,0,0,0,0,0,0,0,0,0,0,0
45.288368,0,0,1,0,0,0,0,0,1,0,0,0,1,0,0,0,0,0
45.296181,0,0,0,0,0,0,0,1,0,0,0,0,0,0,0,0,0,1
45.299356,0,0,0,0,0,1,0,0,0,1,0,1,0,1,0,1,0,0
45.313688,1,0,0,0,0,0,0,0,1,0,0,0,1,0,0,0,0,0
45.318248,0,0,0,0,0,0,1,0,0,1,0,1,0,1,0,0,1,0
45.334677,0,0,0,0,1,0,0,0,0,0,0,0,0,0,0,0,0,0
45.348046,0,0,1,0,0,0,0,0,1,0,0,0,1,0,0,0,0,0
45.351293,0,0,0,0,0,1,0,0,0,1,0,1,0,1,0,1,0,0
45.352826,0,0,0,0,0,0,0,1,0,0,0,0,0,0,0,0,0,1
45.369576,1,0,0,0,0,0,0,0,1,0,0,0,1,0,0,0,0,0
45.388049,0,0,0,0,1,0,0,0,0,0,0,0,0,0,0,0,0,0
45.399822,0,0,0,0,0,1,0,0,0,1,0,1,0,1,0,1,0,0
45.400915,0,0,0,0,0,0,0,1,0,0,0,0,0,0,0,0,0,1
45.412471,1,0,0,0,0,0,0,0,1,0,0,0,1,0,0,0,0,0
45.413471,0,0,0,0,0,0,1,0,0,1,0,1,0,1,0,0,1,0
45.421791,0,0,0,0,0,0,1,0,0,0,0,0,0,1,1,0,0,0
45.431999,0,0,0,0,1,0,0,0,0,0,0,0,0,0,0,0,0,0
45.443026,0,0,1,1,0,0,0,0,0,1,1,0,1,0,0,0,1,0
45.450832,0,0,0,0,0,1,0,0,0,0,0,0,0,1,1,0,0,0
45.452011,0,0,0,0,0,0,0,1,0,0,0,0,0,0,0,0,0,1
45.468056,0,1,1,0,0,0,0,0,0,1,1,0,1,0,0,1,0,0
45.481943,1,0,0,1,0,0,1,0,0,1,1,0,1,1,1,0,1,0
45.486723,0,0,0,0,1,0,0,0,0,0,0,0,0,0,0,0,0,0
45.497418,0,0,0,0,0,0,0,1,0,0,0,0,0,0,0,0,0,1
45.500792,0,0,0,0,0,1,0,0,0,0,0,0,0,1,1,0,0,0
45.502356,0,1,1,0,0,0,0,0,0,1,1,0,1,0,0,1,0,0
45.517848,1,0,0,0,0,0,0,0,1,0,0,0,1,0,0,0,0,0
45.536233,0,0,0,0,1,0,1,0,0,1,0,1,0,1,0,0,1,0
45.550491,0,0,0,0,0,1,0,0,0,0,0,0,0,1,1,0,0,0
45.551668,0,0,0,0,0,0,0,1,0,0,0,0,0,0,0,0,0,1
45.563671,0,1,1,0,0,0,0,0,0,1,1,0,1,0,0,1,0,0
45.574989,1,0,0,1,0,0,1,0,0,1,1,0,1,1,1,0,1,0
45.589610,0,0,0,0,1,0,0,0,0,0,0,0,0,0,0,0,0,0
45.599736,0,0,1,0,0,0,0,0,1,0,0,0,1,0,0,0,0,0
45.600129,0,0,0,0,0,1,0,0,0,1,0,1,0,1,0,1,0,0
45.600393,0,0,0,0,0,0,0,1,0,0,0,0,0,0,0,0,0,1
45.618880,1,0,0,0,0,0,0,0,1,0,0,0,1,0,0,0,0,0
45.634323,0,0,0,0,1,0,1,0,0,1,0,1,0,1,0,0,1,0
45.650440,0,0,0,0,0,1,0,0,0,0,0,0,0,1,1,0,0,0
45.650984,0,0,0,0,0,0,0,1,0,0,0,0,0,0,0,0,0,1
45.656495,0,1,1,0,0,0,0,0,0,1,1,0,1,0,0,1,0,0
45.667622,1,0,0,1,0,0,1,0,0,1,1,0,1,1,1,0,1,0
45.687785,0,0,0,0,1,0,0,0,0,0,0,0,0,0,0,0,0,0
45.688260,0,0,1,0,0,0,0,0,1,0,0,0,1,0,0,0,0,0
45.699993,0,0,0,0,0,0,0,1,0,0,0,0,0,0,0,0,0,1
45.701120,0,0,0,0,0,1,0,0,0,1,0,1,0,1,0,1,0,0
45.716182,1,0,0,1,0,0,1,0,0,1,1,0,1,1,1,0,1,0
45.734601,0,0,0,0,1,0,0,0,0,0,0,0,0,0,0,0,0,0
45.741047,0,0,1,0,0,0,0,0,1,0,0,0,1,0,0,0,0,0
45.747458,0,0,0,0,0,0,0,1,0,0,0,0,0,0,0,0,0,1
45.748508,0,0,0,0,0,1,0,0,0,1,0,1,0,1,0,1,0,0
45.762454,1,0,0,0,0,0,0,0,1,0,0,0,1,0,0,0,0,0
45.783794,0,0,0,0,1,0,1,0,0,1,0,1,0,1,0,0,1,0
45.800041,0,0,0,0,0,0,0,1,0,0,0,0,0,0,0,0,0,1
45.801248,0,0,0,0,0,1,0,0,0,0,0,0,0,1,1,0,0,0
45.809999,0,1,1,0,0,0,0,0,0,1,1,0,1,0,0,1,0,0
45.820009,1,0,0,0,0,0,0,0,1,0,0,0,1,0,0,0,0,0
45.839174,0,0,0,0,1,0,0,0,0,0,0,0,0,0,0,0,0,0
45.843517,0,0,0,0,0,0,1,0,0,1,0,1,0,1,0,0,1,0
45.849808,0,0,0,0,0,0,0,1,0,0,0,0,0,0,0,0,0,1
45.850943,0,0,0,0,0,1,0,0,0,0,0,0,0,1,1,0,0,0
45.870670,0,1,1,0,0,0,0,0,0,1,1,0,1,0,0,1,0,0
45.883233,0,0,0,0,1,0,0,0,0,0,0,0,0,0,0,0,0,0
45.883391,1,0,0,0,0,0,0,0,1,0,0,0,1,0,0,0,0,0
45.898831,0,0,0,0,0,1,1,0,0,1,0,1,0,1,0,1,0,0
45.901255,0,0,0,0,0,0,0,1,0,0,0,0,0,0,0,0,0,1
45.913620,1,0,0,1,0,0,1,0,0,1,1,0,1,1,1,0,1,0
45.937602,0,0,0,0,1,0,0,0,0,0,0,0,0,0,0,0,0,0
45.943124,0,0,1,1,0,0,0,0,0,1,1,0,1,0,0,0,1,0
45.951121,0,0,0,0,0,0,0,1,0,0,0,0,0,0,0,0,0,1
45.951525,0,0,0,0,0,1,0,0,0,0,0,0,0,1,1,0,0,0
45.972562,0,1,1,0,0,0,0,0,0,1,1,0,1,0,0,1,0,0
45.984651,0,0,0,0,1,0,0,0,0,0,0,0,0,0,0,0,0,0
45.989670,1,0,0,0,0,0,0,0,1,0,0,0,1,0,0,0,0,0
45.992622,0,0,0,0,0,0,1,0,0,1,0,1,0,1,0,0,1,0
45.999646,0,0,0,0,0,1,0,0,0,0,0,0,0,1,1,0,0,0
46.003619,0,0,0,0,0,0,0,1,0,0,0,0,0,0,0,0,0,1
46.016590,0,1,1,0,0,0,0,0,0,1,1,0,1,0,0,1,0,0
46.028605,1,0,0,0,0,0,0,0,1,0,0,0,1,0,0,0,0,0
46.041666,0,0,0,0,1,0,0,0,0,0,0,0,0,0,0,0,0,0
46.044920,0,0,0,0,0,0,1,0,0,1,0,1,0,1,0,0,1,0
46.048561,0,0,0,0,0,0,0,1,0,0,0,0,0,0,0,0,0,1
46.051207,0,0,0,0,0,1,0,0,0,0,0,0,0,1,1,0,0,0
46.066758,0,1,1,0,0,0,0,0,0,1,1,0,1,0,0,1,0,0
46.084025,1,0,0,0,0,0,0,0,1,0,0,0,1,0,0,0,0,0
46.085799,0,0,0,0,0,0,1,0,0,1,0,1,0,1,0,0,1,0
46.088163,0,0,0,0,1,0,0,0,0,0,0,0,0,0,0,0,0,0
46.099985,0,0,0,0,0,1,0,0,0,0,0,0,0,1,1,0,0,0
46.100418,0,0,0,0,0,0,0,1,0,0,0,0,0,0,0,0,0,1
46.108050,0,1,1,0,0,0,0,0,0,1,1,0,1,0,0,1,0,0
46.122516,1,0,0,1,0,0,1,0,0,1,1,0,1,1,1,0,1,0
46.134444,0,0,0,0,1,0,0,0,0,0,0,0,0,0,0,0,0,0
46.148290,0,0,1,0,0,0,0,0,1,0,0,0,1,0,0,0,0,0
46.150020,0,0,0,0,0,0,0,1,0,0,0,0,0,0,0,0,0,1
46.151045,0,0,0,0,0,1,0,0,0,1,0,1,0,1,0,1,0,0
46.165648,1,0,0,0,0,0,0,0,1,0,0,0,1,0,0,0,0,0
46.181742,0,0,0,0,0,0,1,0,0,1,0,1,0,1,0,0,1,0
46.185768,0,0,0,0,1,0,0,0,0,0,0,0,0,0,0,0,0,0
46.197279,0,0,0,0,0,0,0,1,0,0,0,0,0,0,0,0,0,1
46.200877,0,0,0,0,0,1,0,0,0,0,0,0,0,1,1,0,0,0
46.205071,0,1,1,0,0,0,0,0,0,1,1,0,1,0,0,1,0,0
46.215644,1,0,0,0,0,0,0,0,1,0,0,0,1,0,0,0,0,0
46.236346,0,0,0,0,1,0,0,0,0,0,0,0,0,0,0,0,0,0
46.250702,0,0,0,0,0,1,1,0,0,1,0,1,0,1,0,1,0,0
46.252071,0,0,0,0,0,0,0,1,0,0,0,0,0,0,0,0,0,1
46.263648,1,0,0,1,0,0,0,0,0,1,1,0,1,0,0,0,1,0
46.274031,0,0,0,0,0,0,1,0,0,0,0,0,0,1,1,0,0,0
46.285081,0,0,1,1,0,0,0,0,0,1,1,0,1,0,0,0,1,0
46.289383,0,0,0,0,1,0,0,0,0,0,0,0,0,0,0,0,0,0
46.299630,0,0,0,0,0,1,0,0,0,0,0,0,0,1,1,0,0,0
46.301963,0,0,0,0,0,0,0,1,0,0,0,0,0,0,0,0,0,1
46.313388,0,1,1,0,0,0,0,0,0,1,1,0,1,0,0,1,0,0
46.332431,1,0,0,1,0,0,1,0,0,1,1,0,1,1,1,0,1,0
46.338085,0,0,0,0,1,0,0,0,0,0,0,0,0,0,0,0,0,0
46.349306,0,0,0,0,0,0,0,1,0,0,0,0,0,0,0,0,0,1
46.349926,0,0,0,0,0,1,0,0,0,0,0,0,0,1,1,0,0,0
46.356598,0,1,1,0,0,0,0,0,0,1,1,0,1,0,0,1,0,0
46.373801,1,0,0,1,0,0,1,0,0,1,1,0,1,1,1,0,1,0
46.387308,0,0,0,0,1,0,0,0,0,0,0,0,0,0,0,0,0,0
46.394839,0,0,1,0,0,0,0,0,1,0,0,0,1,0,0,0,0,0
46.397566,0,0,0,0,0,0,0,1,0,0,0,0,0,0,0,0,0,1
46.400244,0,0,0,0,0,1,0,0,0,1,0,1,0,1,0,1,0,0
46.419879,1,0,0,0,0,0,0,0,1,0,0,0,1,0,0,0,0,0
46.428291,0,0,0,0,0,0,1,0,0,1,0,1,0,1,0,0,1,0
46.433322,0,0,0,0,1,0,0,0,0,0,0,0,0,0,0,0,0,0
46.449567,0,0,0,0,0,1,0,0,0,0,0,0,0,1,1,0,0,0
46.450331,0,1,1,0,0,0,0,0,0,1,1,0,1,0,0,1,0,0
46.452859,0,0,0,0,0,0,0,1,0,0,0,0,0,0,0,0,0,1
46.466489,1,0,0,0,0,0,0,0,1,0,0,0,1,0,0,0,0,0
46.483135,0,0,0,0,1,0,1,0,0,1,0,1,0,1,0,0,1,0
46.499765,0,0,0,0,0,1,0,0,0,0,0,0,0,1,1,0,0,0
46.500498,0,0,0,0,0,0,0,1,0,0,0,0,0,0,0,0,0,1
46.508124,0,1,1,0,0,0,0,0,0,1,1,0,1,0,0,1,0,0
46.520681,1,0,0,1,0,0,1,0,0,1,1,0,1,1,1,0,1,0
46.535177,0,0,0,0,1,0,0,0,0,0,0,0,0,0,0,0,0,0
46.542393,0,0,1,0,0,0,0,0,1,0,0,0,1,0,0,0,0,0
46.550233,0,0,0,0,0,1,0,0,0,1,0,1,0,1,0,1,0,0
46.550601,0,0,0,0,0,0,0,1,0,0,0,0,0,0,0,0,0,1
46.568412,1,0,0,1,0,0,1,0,0,1,1,0,1,1,1,0,1,0
46.582802,0,0,0,0,1,0,0,0,0,0,0,0,0,0,0,0,0,0
46.590421,0,0,1,0,0,0,0,0,1,0,0,0,1,0,0,0,0,0
46.599901,0,0,0,0,0,0,0,1,0,0,0,0,0,0,0,0,0,1
46.599975,0,0,0,0,0,1,0,0,0,1,0,1,0,1,0,1,0,0
46.612231,1,0,0,1,0,0,1,0,0,1,1,0,1,1,1,0,1,0
46.636439,0,0,0,0,1,0,0,0,0,0,0,0,0,0,0,0,0,0
46.637888,0,0,1,0,0,0,0,0,1,0,0,0,1,0,0,0,0,0
46.649109,0,0,0,0,0,0,0,1,0,0,0,0,0,0,0,0,0,1
46.649333,0,0,0,0,0,1,0,0,0,1,0,1,0,1,0,1,0,0
46.667752,1,0,0,0,0,0,0,0,1,0,0,0,1,0,0,0,0,0
46.683508,0,0,0,0,1,0,1,0,0,1,0,1,0,1,0,0,1,0
46.699504,0,0,0,0,0,1,0,0,0,0,0,0,0,1,1,0,0,0
46.699732,0,0,0,0,0,0,0,1,0,0,0,0,0,0,0,0,0,1
46.706360,0,1,1,0,0,0,0,0,0,1,1,0,1,0,0,1,0,0
46.725432,1,0,0,0,0,0,0,0,1,0,0,0,1,0,0,0,0,0
46.727786,0,0,0,0,0,0,1,0,0,1,0,1,0,1,0,0,1,0
46.737364,0,0,0,0,1,0,0,0,0,0,0,0,0,0,0,0,0,0
46.749293,0,0,0,0,0,1,0,0,0,0,0,0,0,1,1,0,0,0
46.750776,0,1,1,0,0,0,0,0,0,1,1,0,1,0,0,1,0,0
46.753117,0,0,0,0,0,0,0,1,0,0,0,0,0,0,0,0,0,1
46.765401,1,0,0,0,0,0,0,0,1,0,0,0,1,0,0,0,0,0
46.781690,0,0,0,0,0,0,1,0,0,1,0,1,0,1,0,0,1,0
46.788739,0,0,0,0,1,0,0,0,0,0,0,0,0,0,0,0,0,0
46.799713,0,0,0,0,0,1,0,0,0,0,0,0,0,1,1,0,0,0
46.801172,0,0,0,0,0,0,0,1,0,0,0,0,0,0,0,0,0,1
46.808316,0,1,1,0,0,0,0,0,0,1,1,0,1,0,0,1,0,0
46.822573,1,0,0,1,0,0,1,0,0,1,1,0,1,1,1,0,1,0
46.832865,0,0,0,0,1,0,0,0,0,0,0,0,0,0,0,0,0,0
46.848868,0,0,0,0,0,0,0,1,0,0,0,0,0,0,0,0,0,1
46.848982,0,0,0,0,0,1,0,0,0,0,0,0,0,1,1,0,0,0
46.850403,0,1,1,0,0,0,0,0,0,1,1,0,1,0,0,1,0,0
46.865682,1,0,0,1,0,0,1,0,0,1,1,0,1,1,1,0,1,0
46.887024,0,0,0,0,1,0,0,0,0,0,0,0,0,0,0,0,0,0
46.891898,0,0,1,0,0,0,0,0,1,0,0,0,1,0,0,0,0,0
46.900138,0,0,0,0,0,0,0,1,0,0,0,0,0,0,0,0,0,1
46.900632,0,0,0,0,0,1,0,0,0,1,0,1,0,1,0,1,0,0
46.914922,1,0,0,0,0,0,0,0,1,0,0,0,1,0,0,0,0,0
46.916498,0,0,0,0,0,0,1,0,0,1,0,1,0,1,0,0,1,0
46.939820,0,0,0,0,1,0,0,0,0,0,0,0,0,0,0,0,0,0
46.941657,0,0,1,0,0,0,0,0,1,0,0,0,1,0,0,0,0,0
46.950415,0,0,0,0,0,1,0,0,0,1,0,1,0,1,0,1,0,0
46.951903,0,0,0,0,0,0,0,1,0,0,0,0,0,0,0,0,0,1
46.963303,1,0,0,1,0,0,1,0,0,1,1,0,1,1,1,0,1,0
46.988227,0,0,0,0,1,0,0,0,0,0,0,0,0,0,0,0,0,0
46.990565,0,0,1,0,0,0,0,0,1,0,0,0,1,0,0,0,0,0
47.001670,0,0,0,0,0,1,0,0,0,1,0,1,0,1,0,1,0,0
47.003799,0,0,0,0,0,0,0,1,0,0,0,0,0,0,0,0,0,1
47.016670,1,0,0,1,0,0,1,0,0,1,1,0,1,1,1,0,1,0
47.041351,0,0,0,0,1,0,0,0,0,0,0,0,0,0,0,0,0,0
47.044412,0,0,1,0,0,0,0,0,1,0,0,0,1,0,0,0,0,0
47.048292,0,0,0,0,0,0,0,1,0,0,0,0,0,0,0,0,0,1
47.050934,0,0,0,0,0,1,0,0,0,1,0,1,0,1,0,1,0,0
47.061144,1,0,0,0,0,0,0,0,1,0,0,0,1,0,0,0,0,0
47.085655,0,0,0,0,1,0,1,0,0,1,0,1,0,1,0,0,1,0
47.100021,0,0,0,0,0,1,0,0,0,0,0,0,0,1,1,0,0,0
47.101484,0,0,0,0,0,0,0,1,0,0,0,0,0,0,0,0,0,1
47.105839,0,1,1,0,0,0,0,0,0,1,1,0,1,0,0,1,0,0
47.122867,1,0,0,1,0,0,1,0,0,1,1,0,1,1,1,0,1,0
47.138335,0,0,0,0,1,0,0,0,0,0,0,0,0,0,0,0,0,0
47.149496,0,0,1,0,0,0,0,0,1,0,0,0,1,0,0,0,0,0
47.150489,0,0,0,0,0,1,0,0,0,1,0,1,0,1,0,1,0,0
47.152738,0,0,0,0,0,0,0,1,0,0,0,0,0,0,0,0,0,1
47.164857,1,0,0,1,0,0,1,0,0,1,1,0,1,1,1,0,1,0
47.192367,0,0,1,0,0,0,0,0,1,0,0,0,1,0,0,0,0,0
47.192683,0,0,0,0,1,0,0,0,0,0,0,0,0,0,0,0,0,0
47.198551,0,0,0,0,0,1,0,0,0,1,0,1,0,1,0,1,0,0
47.200045,0,0,0,0,0,0,0,1,0,0,0,0,0,0,0,0,0,1
47.210471,1,0,0,1,0,0,1,0,0,1,1,0,1,1,1,0,1,0
47.233215,0,0,0,0,1,0,0,0,0,0,0,0,0,0,0,0,0,0
47.233262,0,0,1,0,0,0,0,0,1,0,0,0,1,0,0,0,0,0
47.247516,0,0,0,0,0,0,0,1,0,0,0,0,0,0,0,0,0,1
47.249433,0,0,0,0,0,1,0,0,0,1,0,1,0,1,0,1,0,0
47.262121,1,0,0,0,0,0,0,0,1,0,0,0,1,0,0,0,0,0
47.280835,0,0,0,0,1,0,0,0,0,0,0,0,0,0,0,0,0,0
47.300345,0,0,0,0,0,1,1,0,0,1,0,1,0,1,0,0,1,0
47.303388,0,0,0,0,0,0,0,1,0,0,0,0,0,0,0,0,0,1
47.323520,0,1,1,0,0,0,0,0,0,1,1,0,1,0,0,1,0,0
47.340005,1,0,0,1,0,0,1,0,0,1,1,0,1,1,1,0,1,0
47.342037,0,0,0,0,1,0,0,0,0,0,0,0,0,0,0,0,0,0
47.348944,0,0,0,0,0,0,0,1,0,0,0,0,0,0,0,0,0,1
47.351066,0,0,0,0,0,1,0,0,0,0,0,0,0,1,1,0,0,0
47.365041,0,1,1,0,0,0,0,0,0,1,1,0,1,0,0,1,0,0
47.377560,1,0,0,1,0,0,1,0,0,1,1,0,1,1,1,0,1,0
47.387684,0,0,0,0,1,0,0,0,0,0,0,0,0,0,0,0,0,0
47.398453,0,0,1,0,0,0,0,0,1,0,0,0,1,0,0,0,0,0
47.400823,0,0,0,0,0,1,0,0,0,1,0,1,0,1,0,1,0,0
47.403138,0,0,0,0,0,0,0,1,0,0,0,0,0,0,0,0,0,1
47.415463,1,0,0,0,0,0,0,0,1,0,0,0,1,0,0,0,0,0
47.441103,0,0,0,0,1,0,0,0,0,0,0,0,0,0,0,0,0,0
47.443523,0,0,0,0,0,0,1,0,0,1,0,1,0,1,0,0,1,0
47.448920,0,0,0,0,0,0,0,1,0,0,0,0,0,0,0,0,0,1
47.450638,0,0,0,0,0,1,0,0,0,0,0,0,0,1,1,0,0,0
47.468005,0,1,1,0,0,0,0,0,0,1,1,0,1,0,0,1,0,0
47.479274,0,0,0,0,1,0,0,0,0,0,0,0,0,0,0,0,0,0
47.482505,1,0,0,1,0,0,1,0,0,1,1,0,1,1,1,0,1,0
47.501121,0,0,0,0,0,1,0,0,0,0,0,0,0,1,1,0,0,0
47.502604,0,0,0,0,0,0,0,1,0,0,0,0,0,0,0,0,0,1
47.509662,0,1,1,0,0,0,0,0,0,1,1,0,1,0,0,1,0,0
47.526566,1,0,0,1,0,0,1,0,0,1,1,0,1,1,1,0,1,0
47.542336,0,0,0,0,1,0,0,0,0,0,0,0,0,0,0,0,0,0
47.549670,0,0,1,0,0,0,0,0,1,0,0,0,1,0,0,0,0,0
47.550594,0,0,0,0,0,0,0,1,0,0,0,0,0,0,0,0,0,1
47.551627,0,0,0,0,0,1,0,0,0,1,0,1,0,1,0,1,0,0
47.567696,1,0,0,1,0,0,1,0,0,1,1,0,1,1,1,0,1,0
47.584544,0,0,0,0,1,0,0,0,0,0,0,0,0,0,0,0,0,0
47.593413,0,0,1,0,0,0,0,0,1,0,0,0,1,0,0,0,0,0
47.601016,0,0,0,0,0,1,0,0,0,1,0,1,0,1,0,1,0,0
47.601136,0,0,0,0,0,0,0,1,0,0,0,0,0,0,0,0,0,1
47.612821,1,0,0,0,0,0,0,0,1,0,0,0,1,0,0,0,0,0
47.626472,0,0,0,0,0,0,1,0,0,1,0,1,0,1,0,0,1,0
47.633836,0,0,0,0,1,0,0,0,0,0,0,0,0,0,0,0,0,0
47.648217,0,0,0,0,0,1,0,0,0,0,0,0,0,1,1,0,0,0
47.648778,0,0,0,0,0,0,0,1,0,0,0,0,0,0,0,0,0,1
47.651869,0,1,1,0,0,0,0,0,0,1,1,0,1,0,0,1,0,0
47.663568,1,0,0,1,0,0,1,0,0,1,1,0,1,1,1,0,1,0
47.687827,0,0,1,0,0,0,0,0,1,0,0,0,1,0,0,0,0,0
47.688175,0,0,0,0,1,0,0,0,0,0,0,0,0,0,0,0,0,0
47.700535,0,0,0,0,0,1,0,0,0,1,0,1,0,1,0,1,0,0
47.701812,0,0,0,0,0,0,0,1,0,0,0,0,0,0,0,0,0,1
47.714042,1,0,0,1,0,0,1,0,0,1,1,0,1,1,1,0,1,0
47.735440,0,0,0,0,1,0,0,0,0,0,0,0,0,0,0,0,0,0
47.737585,0,0,1,0,0,0,0,0,1,0,0,0,1,0,0,0,0,0
47.746464,0,0,0,0,0,0,0,1,0,0,0,0,0,0,0,0,0,1
47.749960,0,0,0,0,0,1,0,0,0,1,0,1,0,1,0,1,0,0
47.767325,1,0,0,1,0,0,1,0,0,1,1,0,1,1,1,0,1,0
47.782119,0,0,0,0,1,0,0,0,0,0,0,0,0,0,0,0,0,0
47.789695,0,0,1,0,0,0,0,0,1,0,0,0,1,0,0,0,0,0
47.800322,0,0,0,0,0,1,0,0,0,1,0,1,0,1,0,1,0,0
47.801125,0,0,0,0,0,0,0,1,0,0,0,0,0,0,0,0,0,1
47.816884,1,0,0,1,0,0,1,0,0,1,1,0,1,1,1,0,1,0
47.837794,0,0,0,0,1,0,0,0,0,0,0,0,0,0,0,0,0,0
47.840111,0,0,1,0,0,0,0,0,1,0,0,0,1,0,0,0,0,0
47.847954,0,0,0,0,0,0,0,1,0,0,0,0,0,0,0,0,0,1
47.849066,0,0,0,0,0,1,0,0,0,1,0,1,0,1,0,1,0,0
47.865017,1,0,0,0,0,0,0,0,1,0,0,0,1,0,0,0,0,0
47.879925,0,0,0,0,1,0,0,0,0,0,0,0,0,0,0,0,0,0
47.899171,0,0,0,0,0,1,1,0,0,1,0,1,0,1,0,0,1,0
47.901971,0,0,0,0,0,0,0,1,0,0,0,0,0,0,0,0,0,1
47.925707,0,1,1,0,0,0,0,0,0,1,1,0,1,0,0,1,0,0
47.939672,0,0,0,0,1,0,0,0,0,0,0,0,0,0,0,0,0,0
47.941888,1,0,0,0,0,0,0,0,1,0,0,0,1,0,0,0,0,0
47.949534,0,0,0,0,0,1,1,0,0,1,0,1,0,1,0,0,1,0
47.950881,0,0,0,0,0,0,0,1,0,0,0,0,0,0,0,0,0,1
47.973800,0,1,1,0,0,0,0,0,0,1,1,0,1,0,0,1,0,0
47.987167,0,0,0,0,1,0,0,0,0,0,0,0,0,0,0,0,0,0
47.990905,1,0,0,0,0,0,0,0,1,0,0,0,1,0,0,0,0,0
48.000043,0,0,0,0,0,1,1,0,0,1,0,1,0,1,0,1,0,0
48.002351,0,0,0,0,0,0,0,1,0,0,0,0,0,0,0,0,0,1
48.018720,1,0,0,1,0,0,1,0,0,1,1,0,1,1,1,0,1,0
48.038043,0,0,0,0,1,0,0,0,0,0,0,0,0,0,0,0,0,0
48.038817,0,0,1,1,0,0,0,0,0,1,1,0,1,0,0,0,1,0
48.048250,0,0,0,0,0,0,0,1,0,0,0,0,0,0,0,0,0,1
48.050268,0,0,0,0,0,1,0,0,0,0,0,0,0,1,1,0,0,0
48.061237,0,1,1,0,0,0,0,0,0,1,1,0,1,0,0,1,0,0
48.078269,1,0,0,1,0,0,1,0,0,1,1,0,1,1,1,0,1,0
48.085393,0,0,0,0,1,0,0,0,0,0,0,0,0,0,0,0,0,0
48.098363,0,0,0,0,0,0,0,1,0,0,0,0,0,0,0,0,0,1
48.100131,0,0,0,0,0,1,0,0,0,0,0,0,0,1,1,0,0,0
48.107590,0,1,1,0,0,0,0,0,0,1,1,0,1,0,0,1,0,0
48.122873,1,0,0,1,0,0,1,0,0,1,1,0,1,1,1,0,1,0
48.137687,0,0,0,0,1,0,0,0,0,0,0,0,0,0,0,0,0,0
48.147553,0,0,0,0,0,0,0,1,0,0,0,0,0,0,0,0,0,1
48.149359,0,0,1,0,0,0,0,0,1,0,0,0,1,0,0,0,0,0
48.150535,0,0,0,0,0,1,0,0,0,1,0,1,0,1,0,1,0,0
48.167095,1,0,0,0,0,0,0,0,1,0,0,0,1,0,0,0,0,0
48.182809,0,0,0,0,0,0,1,0,0,1,0,1,0,1,0,0,1,0
48.187291,0,0,0,0,1,0,0,0,0,0,0,0,0,0,0,0,0,0
48.198537,0,0,0,0,0,1,0,0,0,0,0,0,0,1,1,0,0,0
48.200852,0,0,0,0,0,0,0,1,0,0,0,0,0,0,0,0,0,1
48.210209,0,1,1,0,0,0,0,0,0,1,1,0,1,0,0,1,0,0
48.222980,1,0,0,0,0,0,0,0,1,0,0,0,1,0,0,0,0,0
48.236322,0,0,0,0,1,0,0,0,0,0,0,0,0,0,0,0,0,0
48.239880,0,0,0,0,0,0,1,0,0,1,0,1,0,1,0,0,1,0
48.247477,0,0,0,0,0,0,0,1,0,0,0,0,0,0,0,0,0,1
48.250150,0,0,0,0,0,1,0,0,0,0,0,0,0,1,1,0,0,0
48.262176,0,1,1,0,0,0,0,0,0,1,1,0,1,0,0,1,0,0
48.279185,1,0,0,0,0,0,0,0,1,0,0,0,1,0,0,0,0,0
48.283366,0,0,0,0,0,0,1,0,0,1,0,1,0,1,0,0,1,0
48.284805,0,0,0,0,1,0,0,0,0,0,0,0,0,0,0,0,0,0
48.299624,0,0,0,0,0,1,0,0,0,0,0,0,0,1,1,0,0,0
48.301288,0,0,0,0,0,0,0,1,0,0,0,0,0,0,0,0,0,1
48.311612,0,1,1,0,0,0,0,0,0,1,1,0,1,0,0,1,0,0
48.326688,1,0,0,0,0,0,0,0,1,0,0,0,1,0,0,0,0,0
48.332371,0,0,0,0,0,0,1,0,0,1,0,1,0,1,0,0,1,0
48.340453,0,0,0,0,1,0,0,0,0,0,0,0,0,0,0,0,0,0
48.346343,0,0,0,0,0,0,0,1,0,0,0,0,0,0,0,0,0,1
48.350161,0,0,0,0,0,1,0,0,0,0,0,0,0,1,1,0,0,0
48.361661,0,1,1,0,0,0,0,0,0,1,1,0,1,0,0,1,0,0
48.381375,0,0,0,0,1,0,0,0,0,0,0,0,0,0,0,0,0,0
48.381474,1,0,0,1,0,0,1,0,0,1,1,0,1,1,1,0,1,0
48.399362,0,0,0,0,0,0,0,1,0,0,0,0,0,0,0,0,0,1
48.400880,0,0,0,0,0,1,0,0,0,0,0,0,0,1,1,0,0,0
48.407558,0,1,1,0,0,0,0,0,0,1,1,0,1,0,0,1,0,0
48.427458,1,0,0,1,0,0,1,0,0,1,1,0,1,1,1,0,1,0
48.434255,0,0,0,0,1,0,0,0,0,0,0,0,0,0,0,0,0,0
48.448103,0,0,0,0,0,0,0,1,0,0,0,0,0,0,0,0,0,1
48.449212,0,0,0,0,0,1,0,0,0,0,0,0,0,1,1,0,0,0
48.451997,0,1,1,0,0,0,0,0,0,1,1,0,1,0,0,1,0,0
48.466928,1,0,0,0,0,0,0,0,1,0,0,0,1,0,0,0,0,0
48.484599,0,0,0,0,1,0,1,0,0,1,0,1,0,1,0,0,1,0
48.500403,0,0,0,0,0,0,0,1,0,0,0,0,0,0,0,0,0,1
48.501014,0,0,0,0,0,1,0,0,0,0,0,0,0,1,1,0,0,0
48.508359,0,1,1,0,0,0,0,0,0,1,1,0,1,0,0,1,0,0
48.524994,1,0,0,0,0,0,0,0,1,0,0,0,1,0,0,0,0,0
48.530855,0,0,0,0,0,0,1,0,0,1,0,1,0,1,0,0,1,0
48.533959,0,0,0,0,1,0,0,0,0,0,0,0,0,0,0,0,0,0
48.546472,0,0,0,0,0,0,0,1,0,0,0,0,0,0,0,0,0,1
48.551237,0,0,0,0,0,1,0,0,0,0,0,0,0,1,1,0,0,0
48.553049,0,1,1,0,0,0,0,0,0,1,1,0,1,0,0,1,0,0
48.563412,1,0,0,1,0,0,1,0,0,1,1,0,1,1,1,0,1,0
48.584728,0,0,0,0,1,0,0,0,0,0,0,0,0,0,0,0,0,0
48.589997,0,0,1,0,0,0,0,0,1,0,0,0,1,0,0,0,0,0
48.600433,0,0,0,0,0,1,0,0,0,1,0,1,0,1,0,1,0,0
48.602939,0,0,0,0,0,0,0,1,0,0,0,0,0,0,0,0,0,1
48.619805,1,0,0,1,0,0,1,0,0,1,1,0,1,1,1,0,1,0
48.636696,0,0,0,0,1,0,0,0,0,0,0,0,0,0,0,0,0,0
48.641688,0,0,1,0,0,0,0,0,1,0,0,0,1,0,0,0,0,0
48.647628,0,0,0,0,0,0,0,1,0,0,0,0,0,0,0,0,0,1
48.649094,0,0,0,0,0,1,0,0,0,1,0,1,0,1,0,1,0,0
48.665396,1,0,0,1,0,0,1,0,0,1,1,0,1,1,1,0,1,0
48.682471,0,0,0,0,1,0,0,0,0,0,0,0,0,0,0,0,0,0
48.691807,0,0,1,0,0,0,0,0,1,0,0,0,1,0,0,0,0,0
48.699027,0,0,0,0,0,0,0,1,0,0,0,0,0,0,0,0,0,1
48.700969,0,0,0,0,0,1,0,0,0,1,0,1,0,1,0,1,0,0
48.713341,1,0,0,1,0,0,1,0,0,1,1,0,1,1,1,0,1,0
48.736845,0,0,0,0,1,0,0,0,0,0,0,0,0,0,0,0,0,0
48.742633,0,0,1,0,0,0,0,0,1,0,0,0,1,0,0,0,0,0
48.750701,0,0,0,0,0,0,0,1,0,0,0,0,0,0,0,0,0,1
48.751830,0,0,0,0,0,1,0,0,0,1,0,1,0,1,0,1,0,0
48.764583,1,0,0,1,0,0,1,0,0,1,1,0,1,1,1,0,1,0
48.786209,0,0,1,0,0,0,0,0,1,0,0,0,1,0,0,0,0,0
48.790163,0,0,0,0,1,0,0,0,0,0,0,0,0,0,0,0,0,0
48.798488,0,0,0,0,0,1,0,0,0,1,0,1,0,1,0,1,0,0
48.803184,0,0,0,0,0,0,0,1,0,0,0,0,0,0,0,0,0,1
48.813889,1,0,0,0,0,0,0,0,1,0,0,0,1,0,0,0,0,0
48.842965,0,0,0,0,1,0,0,0,0,0,0,0,0,0,0,0,0,0
48.850355,0,0,0,0,0,1,0,0,0,1,0,1,0,1,0,1,0,0
48.852721,0,0,0,0,0,0,1,1,0,0,0,0,0,1,1,0,0,1
48.864625,1,0,0,1,0,0,1,0,0,1,1,0,1,1,1,0,1,0
48.885990,0,0,1,1,0,0,0,0,0,1,1,0,1,0,0,0,1,0
48.886646,0,0,0,0,1,0,0,0,0,0,0,0,0,0,0,0,0,0
48.899753,0,0,0,0,0,0,0,1,0,0,0,0,0,0,0,0,0,1
48.901723,0,0,0,0,0,1,0,0,0,0,0,0,0,1,1,0,0,0
48.906899,0,1,1,0,0,0,0,0,0,1,1,0,1,0,0,1,0,0
48.921676,1,0,0,1,0,0,1,0,0,1,1,0,1,1,1,0,1,0
48.932029,0,0,0,0,1,0,0,0,0,0,0,0,0,0,0,0,0,0
48.949378,0,0,1,0,0,0,0,0,1,0,0,0,1,0,0,0,0,0
48.949400,0,0,0,0,0,0,0,1,0,0,0,0,0,0,0,0,0,1
48.950871,0,0,0,0,0,1,0,0,0,1,0,1,0,1,0,1,0,0
48.964182,1,0,0,0,0,0,0,0,1,0,0,0,1,0,0,0,0,0
48.985139,0,0,0,0,1,0,1,0,0,1,0,1,0,1,0,0,1,0
48.999944,0,0,0,0,0,0,0,1,0,0,0,0,0,0,0,0,0,1
49.001748,0,0,0,0,0,1,0,0,0,0,0,0,0,1,1,0,0,0
49.009173,0,1,1,0,0,0,0,0,0,1,1,0,1,0,0,1,0,0
49.022526,1,0,0,1,0,0,1,0,0,1,1,0,1,1,1,0,1,0
49.039088,0,0,0,0,1,0,0,0,0,0,0,0,0,0,0,0,0,0
49.048680,0,0,0,0,0,1,0,0,0,0,0,0,0,1,1,0,0,0
49.050909,0,1,1,0,0,0,0,0,0,1,1,0,1,0,0,1,0,0
49.052481,0,0,0,0,0,0,0,1,0,0,0,0,0,0,0,0,0,1
49.070113,1,0,0,1,0,0,1,0,0,1,1,0,1,1,1,0,1,0
49.091177,0,0,0,0,1,0,0,0,0,0,0,0,0,0,0,0,0,0
49.093518,0,0,1,0,0,0,0,0,1,0,0,0,1,0,0,0,0,0
49.100116,0,0,0,0,0,1,0,0,0,1,0,1,0,1,0,1,0,0
49.100783,0,0,0,0,0,0,0,1,0,0,0,0,0,0,0,0,0,1
49.117170,1,0,0,1,0,0,1,0,0,1,1,0,1,1,1,0,1,0
49.134674,0,0,0,0,1,0,0,0,0,0,0,0,0,0,0,0,0,0
49.145488,0,0,1,0,0,0,0,0,1,0,0,0,1,0,0,0,0,0
49.146658,0,0,0,0,0,0,0,1,0,0,0,0,0,0,0,0,0,1
49.150040,0,0,0,0,0,1,0,0,0,1,0,1,0,1,0,1,0,0
49.167500,1,0,0,1,0,0,1,0,0,1,1,0,1,1,1,0,1,0
49.183889,0,0,0,0,1,0,0,0,0,0,0,0,0,0,0,0,0,0
49.193810,0,0,1,0,0,0,0,0,1,0,0,0,1,0,0,0,0,0
49.197879,0,0,0,0,0,0,0,1,0,0,0,0,0,0,0,0,0,1
49.200335,0,0,0,0,0,1,0,0,0,1,0,1,0,1,0,1,0,0
49.218540,1,0,0,1,0,0,1,0,0,1,1,0,1,1,1,0,1,0
49.234201,0,0,0,0,1,0,0,0,0,0,0,0,0,0,0,0,0,0
49.246357,0,0,1,0,0,0,0,0,1,0,0,0,1,0,0,0,0,0
49.249678,0,0,0,0,0,1,0,0,0,1,0,1,0,1,0,1,0,0
49.250544,0,0,0,0,0,0,0,1,0,0,0,0,0,0,0,0,0,1
49.265602,1,0,0,1,0,0,1,0,0,1,1,0,1,1,1,0,1,0
49.289540,0,0,0,0,1,0,0,0,0,0,0,0,0,0,0,0,0,0
49.292434,0,0,1,0,0,0,0,0,1,0,0,0,1,0,0,0,0,0
49.300228,0,0,0,0,0,1,0,0,0,1,0,1,0,1,0,1,0,0
49.302021,0,0,0,0,0,0,0,1,0,0,0,0,0,0,0,0,0,1
49.317566,1,0,0,0,0,0,0,0,1,0,0,0,1,0,0,0,0,0
49.335788,0,0,0,0,0,0,1,0,0,1,0,1,0,1,0,0,1,0
49.339316,0,0,0,0,1,0,0,0,0,0,0,0,0,0,0,0,0,0
49.351006,0,0,0,0,0,1,0,0,0,0,0,0,0,1,1,0,0,0
49.351741,0,0,0,0,0,0,0,1,0,0,0,0,0,0,0,0,0,1
49.356682,0,1,1,0,0,0,0,0,0,1,1,0,1,0,0,1,0,0
49.367750,1,0,0,1,0,0,1,0,0,1,1,0,1,1,1,0,1,0
49.387989,0,0,1,0,0,0,0,0,1,0,0,0,1,0,0,0,0,0
49.389811,0,0,0,0,1,0,0,0,0,0,0,0,0,0,0,0,0,0
49.396499,0,0,0,0,0,0,0,1,0,0,0,0,0,0,0,0,0,1
49.399413,0,0,0,0,0,1,0,0,0,1,0,1,0,1,0,1,0,0
49.416227,1,0,0,0,0,0,0,0,1,0,0,0,1,0,0,0,0,0
49.430341,0,0,0,0,1,0,0,0,0,0,0,0,0,0,0,0,0,0
49.451027,0,0,0,0,0,1,1,0,0,1,0,1,0,1,0,0,1,0
49.452011,0,0,0,0,0,0,0,1,0,0,0,0,0,0,0,0,0,1
49.478523,0,1,1,0,0,0,0,0,0,1,1,0,1,0,0,1,0,0
49.487115,0,0,0,0,1,0,0,0,0,0,0,0,0,0,0,0,0,0
49.495876,1,0,0,0,0,0,0,0,1,0,0,0,1,0,0,0,0,0
49.499678,0,0,0,0,0,0,0,1,0,0,0,0,0,0,0,0,0,1
49.499727,0,0,0,0,0,1,1,0,0,1,0,1,0,1,0,1,0,0
49.519607,1,0,0,1,0,0,0,0,0,1,1,0,1,0,0,0,1,0
49.538201,0,0,0,0,1,0,0,0,0,0,0,0,0,0,0,0,0,0
49.541814,0,0,1,1,0,0,1,0,0,1,1,0,1,1,1,0,1,0
49.548169,0,0,0,0,0,0,0,1,0,0,0,0,0,0,0,0,0,1
49.550778,0,0,0,0,0,1,0,0,0,0,0,0,0,1,1,0,0,0
49.565292,0,1,1,0,0,0,0,0,0,1,1,0,1,0,0,1,0,0
49.576952,1,0,0,0,0,0,0,0,1,0,0,0,1,0,0,0,0,0
49.580862,0,0,0,0,0,0,1,0,0,1,0,1,0,1,0,0,1,0
49.587922,0,0,0,0,1,0,0,0,0,0,0,0,0,0,0,0,0,0
49.599036,0,0,0,0,0,1,0,0,0,0,0,0,0,1,1,0,0,0
49.601512,0,0,0,0,0,0,0,1,0,0,0,0,0,0,0,0,0,1
49.606787,0,1,1,0,0,0,0,0,0,1,1,0,1,0,0,1,0,0
49.620685,1,0,0,0,0,0,0,0,1,0,0,0,1,0,0,0,0,0
49.633804,0,0,0,0,1,0,0,0,0,0,0,0,0,0,0,0,0,0
49.648956,0,0,0,0,0,0,0,1,0,0,0,0,0,0,0,0,0,1
49.649980,0,0,0,0,0,0,1,0,0,1,0,1,0,1,0,0,1,0
49.651076,0,0,0,0,0,1,0,0,0,0,0,0,0,1,1,0,0,0
49.670849,0,1,1,0,0,0,0,0,0,1,1,0,1,0,0,1,0,0
49.684418,1,0,0,0,0,0,0,0,1,0,0,0,1,0,0,0,0,0
49.685067,0,0,0,0,0,0,1,0,0,1,0,1,0,1,0,0,1,0
49.685577,0,0,0,0,1,0,0,0,0,0,0,0,0,0,0,0,0,0
49.699803,0,0,0,0,0,1,0,0,0,0,0,0,0,1,1,0,0,0
49.703937,0,0,0,0,0,0,0,1,0,0,0,0,0,0,0,0,0,1
49.708461,0,1,1,0,0,0,0,0,0,1,1,0,1,0,0,1,0,0
49.724681,1,0,0,1,0,0,1,0,0,1,1,0,1,1,1,0,1,0
49.738154,0,0,0,0,1,0,0,0,0,0,0,0,0,0,0,0,0,0
49.747665,0,0,1,0,0,0,0,0,1,0,0,0,1,0,0,0,0,0
49.748750,0,0,0,0,0,0,0,1,0,0,0,0,0,0,0,0,0,1
49.749849,0,0,0,0,0,1,0,0,0,1,0,1,0,1,0,1,0,0
49.768382,1,0,0,0,0,0,0,0,1,0,0,0,1,0,0,0,0,0
49.786563,0,0,0,0,1,0,0,0,0,0,0,0,0,0,0,0,0,0
49.799630,0,0,0,0,0,1,1,0,0,1,0,1,0,1,0,1,0,0
49.800430,0,0,0,0,0,0,0,1,0,0,0,0,0,0,0,0,0,1
49.811237,1,0,0,1,0,0,1,0,0,1,1,0,1,1,1,0,1,0
49.836658,0,0,1,1,0,0,0,0,0,1,1,0,1,0,0,0,1,0
49.838399,0,0,0,0,1,0,0,0,0,0,0,0,0,0,0,0,0,0
49.851030,0,0,0,0,0,1,0,0,0,0,0,0,0,1,1,0,0,0
49.852622,0,0,0,0,0,0,0,1,0,0,0,0,0,0,0,0,0,1
49.858902,0,1,1,0,0,0,0,0,0,1,1,0,1,0,0,1,0,0
49.869275,1,0,0,1,0,0,1,0,0,1,1,0,1,1,1,0,1,0
49.891021,0,0,1,0,0,0,0,0,1,0,0,0,1,0,0,0,0,0
49.892585,0,0,0,0,1,0,0,0,0,0,0,0,0,0,0,0,0,0
49.899640,0,0,0,0,0,0,0,1,0,0,0,0,0,0,0,0,0,1
49.900674,0,0,0,0,0,1,0,0,0,1,0,1,0,1,0,1,0,0
49.913408,1,0,0,1,0,0,1,0,0,1,1,0,1,1,1,0,1,0
49.934351,0,0,0,0,1,0,0,0,0,0,0,0,0,0,0,0,0,0
49.940051,0,0,1,0,0,0,0,0,1,0,0,0,1,0,0,0,0,0
49.950145,0,0,0,0,0,1,0,0,0,1,0,1,0,1,0,1,0,0
49.952271,0,0,0,0,0,0,0,1,0,0,0,0,0,0,0,0,0,1
49.966497,1,0,0,1,0,0,1,0,0,1,1,0,1,1,1,0,1,0
49.985433,0,0,0,0,1,0,0,0,0,0,0,0,0,0,0,0,0,0
49.994002,0,0,1,0,0,0,0,0,1,0,0,0,1,0,0,0,0,0
49.999377,0,0,0,0,0,0,0,1,0,0,0,0,0,0,0,0,0,1
50.001046,0,0,0,0,0,1,0,0,0,1,0,1,0,1,0,1,0,0
50.019766,1,0,0,0,0,0,0,0,1,0,0,0,1,0,0,0,0,0
50.034904,0,0,0,0,0,0,1,0,0,1,0,1,0,1,0,0,1,0
50.036329,0,0,0,0,1,0,0,0,0,0,0,0,0,0,0,0,0,0
50.049924,0,0,0,0,0,0,0,1,0,0,0,0,0,0,0,0,0,1
50.050449,0,0,0,0,0,1,0,0,0,0,0,0,0,1,1,0,0,0
50.055048,0,1,1,0,0,0,0,0,0,1,1,0,1,0,0,1,0,0
50.065291,1,0,0,0,0,0,0,0,1,0,0,0,1,0,0,0,0,0
50.088446,0,0,0,0,1,0,1,0,0,1,0,1,0,1,0,0,1,0
50.097503,0,0,0,0,0,0,0,1,0,0,0,0,0,0,0,0,0,1
50.100387,0,0,0,0,0,1,0,0,0,0,0,0,0,1,1,0,0,0
50.114036,0,1,1,0,0,0,0,0,0,1,1,0,1,0,0,1,0,0
50.127406,1,0,0,1,0,0,1,0,0,1,1,0,1,1,1,0,1,0
50.132964,0,0,0,0,1,0,0,0,0,0,0,0,0,0,0,0,0,0
50.147310,0,0,0,0,0,0,0,1,0,0,0,0,0,0,0,0,0,1
50.149498,0,0,1,0,0,0,0,0,1,0,0,0,1,0,0,0,0,0
50.150760,0,0,0,0,0,1,0,0,0,1,0,1,0,1,0,1,0,0
50.161058,1,0,0,0,0,0,0,0,1,0,0,0,1,0,0,0,0,0
50.180703,0,0,0,0,1,0,0,0,0,0,0,0,0,0,0,0,0,0
50.198417,0,0,0,0,0,0,0,1,0,0,0,0,0,0,0,0,0,1
50.199698,0,0,0,0,0,0,1,0,0,1,0,1,0,1,0,0,1,0
50.201003,0,0,0,0,0,1,0,0,0,0,0,0,0,1,1,0,0,0
50.220082,0,1,1,0,0,0,0,0,0,1,1,0,1,0,0,1,0,0
50.236730,0,0,0,0,1,0,0,0,0,0,0,0,0,0,0,0,0,0
50.237726,1,0,0,0,0,0,0,0,1,0,0,0,1,0,0,0,0,0
50.251342,0,0,0,0,0,1,1,0,0,1,0,1,0,1,0,0,1,0
50.251878,0,0,0,0,0,0,0,1,0,0,0,0,0,0,0,0,0,1
50.274282,0,1,1,0,0,0,0,0,0,1,1,0,1,0,0,1,0,0
50.287669,0,0,0,0,1,0,0,0,0,0,0,0,0,0,0,0,0,0
50.291625,1,0,0,1,0,0,1,0,0,1,1,0,1,1,1,0,1,0
50.299871,0,0,0,0,0,1,0,0,0,0,0,0,0,1,1,0,0,0
50.301662,0,0,0,0,0,0,0,1,0,0,0,0,0,0,0,0,0,1
50.320509,0,1,1,0,0,0,0,0,0,1,1,0,1,0,0,1,0,0
50.337344,1,0,0,1,0,0,1,0,0,1,1,0,1,1,1,0,1,0
50.338343,0,0,0,0,1,0,0,0,0,0,0,0,0,0,0,0,0,0
50.348131,0,0,0,0,0,0,0,1,0,0,0,0,0,0,0,0,0,1
50.349366,0,0,0,0,0,1,0,0,0,0,0,0,0,1,1,0,0,0
50.361960,0,1,1,0,0,0,0,0,0,1,1,0,1,0,0,1,0,0
50.379761,1,0,0,0,0,0,0,0,1,0,0,0,1,0,0,0,0,0
50.384122,0,0,0,0,1,0,0,0,0,0,0,0,0,0,0,0,0,0
50.390788,0,0,0,0,0,0,1,0,0,1,0,1,0,1,0,0,1,0
50.399631,0,0,0,0,0,1,0,0,0,0,0,0,0,1,1,0,0,0
50.403820,0,0,0,0,0,0,0,1,0,0,0,0,0,0,0,0,0,1
50.414385,0,1,1,0,0,0,0,0,0,1,1,0,1,0,0,1,0,0
50.433225,1,0,0,0,0,0,0,0,1,0,0,0,1,0,0,0,0,0
50.435001,0,0,0,0,0,0,1,0,0,1,0,1,0,1,0,0,1,0
50.440285,0,0,0,0,1,0,0,0,0,0,0,0,0,0,0,0,0,0
50.449023,0,0,0,0,0,0,0,1,0,0,0,0,0,0,0,0,0,1
50.449712,0,0,0,0,0,1,0,0,0,0,0,0,0,1,1,0,0,0
50.457160,0,1,1,0,0,0,0,0,0,1,1,0,1,0,0,1,0,0
50.470491,1,0,0,0,0,0,0,0,1,0,0,0,1,0,0,0,0,0
50.483856,0,0,0,0,1,0,1,0,0,1,0,1,0,1,0,0,1,0
50.498671,0,0,0,0,0,0,0,1,0,0,0,0,0,0,0,0,0,1
50.500302,0,0,0,0,0,1,0,0,0,0,0,0,0,1,1,0,0,0
50.510143,0,1,1,0,0,0,0,0,0,1,1,0,1,0,0,1,0,0
50.526963,1,0,0,0,0,0,0,0,1,0,0,0,1,0,0,0,0,0
50.530913,0,0,0,0,1,0,1,0,0,1,0,1,0,1,0,0,1,0
50.547943,0,0,0,0,0,0,0,1,0,0,0,0,0,0,0,0,0,1
50.550774,0,0,0,0,0,1,0,0,0,0,0,0,0,1,1,0,0,0
50.551983,0,1,1,0,0,0,0,0,0,1,1,0,1,0,0,1,0,0
50.567686,1,0,0,1,0,0,1,0,0,1,1,0,1,1,1,0,1,0
50.583429,0,0,0,0,1,0,0,0,0,0,0,0,0,0,0,0,0,0
50.594745,0,0,1,0,0,0,0,0,1,0,0,0,1,0,0,0,0,0
50.598452,0,0,0,0,0,0,0,1,0,0,0,0,0,0,0,0,0,1
50.599487,0,0,0,0,0,1,0,0,0,1,0,1,0,1,0,1,0,0
50.611839,1,0,0,0,0,0,0,0,1,0,0,0,1,0,0,0,0,0
50.633268,0,0,0,0,1,0,0,0,0,0,0,0,0,0,0,0,0,0
50.649881,0,0,0,0,0,1,1,0,0,1,0,1,0,1,0,1,0,0
50.650070,0,0,0,0,0,0,0,1,0,0,0,0,0,0,0,0,0,1
50.665951,1,0,0,1,0,0,1,0,0,1,1,0,1,1,1,0,1,0
50.687013,0,0,0,0,1,0,0,0,0,0,0,0,0,0,0,0,0,0
50.689046,0,0,1,1,0,0,0,0,0,1,1,0,1,0,0,0,1,0
50.699966,0,0,0,0,0,1,0,0,0,0,0,0,0,1,1,0,0,0
50.700448,0,0,0,0,0,0,0,1,0,0,0,0,0,0,0,0,0,1
50.709771,0,1,1,0,0,0,0,0,0,1,1,0,1,0,0,1,0,0
50.725034,1,0,0,1,0,0,1,0,0,1,1,0,1,1,1,0,1,0
50.738797,0,0,0,0,1,0,0,0,0,0,0,0,0,0,0,0,0,0
50.749614,0,0,0,0,0,1,0,0,0,0,0,0,0,1,1,0,0,0
50.751530,0,0,0,0,0,0,0,1,0,0,0,0,0,0,0,0,0,1
50.751667,0,1,1,0,0,0,0,0,0,1,1,0,1,0,0,1,0,0
50.762465,1,0,0,0,0,0,0,0,1,0,0,0,1,0,0,0,0,0
50.789149,0,0,0,0,1,0,1,0,0,1,0,1,0,1,0,0,1,0
50.798871,0,0,0,0,0,0,0,1,0,0,0,0,0,0,0,0,0,1
50.801810,0,0,0,0,0,1,0,0,0,0,0,0,0,1,1,0,0,0
50.818417,0,1,1,0,0,0,0,0,0,1,1,0,1,0,0,1,0,0
50.830378,1,0,0,0,0,0,0,0,1,0,0,0,1,0,0,0,0,0
50.831848,0,0,0,0,1,0,0,0,0,0,0,0,0,0,0,0,0,0
50.849331,0,0,0,0,0,0,1,0,0,1,0,1,0,1,0,0,1,0
50.850385,0,0,0,0,0,1,0,0,0,0,0,0,0,1,1,0,0,0
50.850892,0,0,0,0,0,0,0,1,0,0,0,0,0,0,0,0,0,1
50.871312,0,1,1,0,0,0,0,0,0,1,1,0,1,0,0,1,0,0
50.884828,1,0,0,0,0,0,0,0,1,0,0,0,1,0,0,0,0,0
50.884844,0,0,0,0,0,0,1,0,0,1,0,1,0,1,0,0,1,0
50.884861,0,0,0,0,1,0,0,0,0,0,0,0,0,0,0,0,0,0
50.897784,0,0,0,0,0,0,0,1,0,0,0,0,0,0,0,0,0,1
50.899578,0,0,0,0,0,1,0,0,0,0,0,0,0,1,1,0,0,0
50.906299,0,1,1,0,0,0,0,0,0,1,1,0,1,0,0,1,0,0
50.924510,1,0,0,1,0,0,1,0,0,1,1,0,1,1,1,0,1,0
50.930804,0,0,0,0,1,0,0,0,0,0,0,0,0,0,0,0,0,0
50.947134,0,0,1,0,0,0,0,0,1,0,0,0,1,0,0,0,0,0
50.949547,0,0,0,0,0,0,0,1,0,0,0,0,0,0,0,0,0,1
50.950253,0,0,0,0,0,1,0,0,0,1,0,1,0,1,0,1,0,0
50.964428,1,0,0,0,0,0,0,0,1,0,0,0,1,0,0,0,0,0
50.983284,0,0,0,0,1,0,1,0,0,1,0,1,0,1,0,0,1,0
50.996215,0,0,0,0,0,0,0,1,0,0,0,0,0,0,0,0,0,1
51.000700,0,0,0,0,0,1,0,0,0,0,0,0,0,1,1,0,0,0
51.012632,0,1,1,0,0,0,0,0,0,1,1,0,1,0,0,1,0,0
51.024479,1,0,0,0,0,0,0,0,1,0,0,0,1,0,0,0,0,0
51.035912,0,0,0,0,1,0,1,0,0,1,0,1,0,1,0,0,1,0
51.048746,0,0,0,0,0,0,0,1,0,0,0,0,0,0,0,0,0,1
51.049562,0,0,0,0,0,1,0,0,0,0,0,0,0,1,1,0,0,0
51.061930,0,1,1,0,0,0,0,0,0,1,1,0,1,0,0,1,0,0
51.077494,1,0,0,1,0,0,1,0,0,1,1,0,1,1,1,0,1,0
51.088427,0,0,0,0,1,0,0,0,0,0,0,0,0,0,0,0,0,0
51.099160,0,0,0,0,0,1,0,0,0,0,0,0,0,1,1,0,0,0
51.101447,0,0,0,0,0,0,0,1,0,0,0,0,0,0,0,0,0,1
51.104738,0,1,1,0,0,0,0,0,0,1,1,0,1,0,0,1,0,0
51.120469,1,0,0,0,0,0,0,0,1,0,0,0,1,0,0,0,0,0
51.134404,0,0,0,0,0,0,1,0,0,1,0,1,0,1,0,0,1,0
51.137624,0,0,0,0,1,0,0,0,0,0,0,0,0,0,0,0,0,0
51.150043,0,0,0,0,0,1,0,0,0,0,0,0,0,1,1,0,0,0
51.151195,0,0,0,0,0,0,0,1,0,0,0,0,0,0,0,0,0,1
51.158225,0,1,1,0,0,0,0,0,0,1,1,0,1,0,0,1,0,0
51.174244,1,0,0,0,0,0,0,0,1,0,0,0,1,0,0,0,0,0
51.188173,0,0,0,0,1,0,1,0,0,1,0,1,0,1,0,0,1,0
51.199697,0,0,0,0,0,1,0,0,0,0,0,0,0,1,1,0,0,0
51.200993,0,0,0,0,0,0,0,1,0,0,0,0,0,0,0,0,0,1
51.211556,0,1,1,0,0,0,0,0,0,1,1,0,1,0,0,1,0,0
51.221869,1,0,0,1,0,0,1,0,0,1,1,0,1,1,1,0,1,0
51.237257,0,0,0,0,1,0,0,0,0,0,0,0,0,0,0,0,0,0
51.242874,0,0,1,0,0,0,0,0,1,0,0,0,1,0,0,0,0,0
51.251396,0,0,0,0,0,1,0,0,0,1,0,1,0,1,0,1,0,0
51.253528,0,0,0,0,0,0,0,1,0,0,0,0,0,0,0,0,0,1
51.267414,1,0,0,1,0,0,1,0,0,1,1,0,1,1,1,0,1,0
51.288200,0,0,1,0,0,0,0,0,1,0,0,0,1,0,0,0,0,0
51.288382,0,0,0,0,1,0,0,0,0,0,0,0,0,0,0,0,0,0
51.297232,0,0,0,0,0,0,0,1,0,0,0,0,0,0,0,0,0,1
51.301161,0,0,0,0,0,1,0,0,0,1,0,1,0,1,0,1,0,0
51.313625,1,0,0,1,0,0,1,0,0,1,1,0,1,1,1,0,1,0
51.330697,0,0,0,0,1,0,0,0,0,0,0,0,0,0,0,0,0,0
51.336465,0,0,1,0,0,0,0,0,1,0,0,0,1,0,0,0,0,0
51.349285,0,0,0,0,0,1,0,0,0,1,0,1,0,1,0,1,0,0
51.349368,0,0,0,0,0,0,0,1,0,0,0,0,0,0,0,0,0,1
51.361167,1,0,0,1,0,0,1,0,0,1,1,0,1,1,1,0,1,0
51.387454,0,0,1,0,0,0,0,0,1,0,0,0,1,0,0,0,0,0
51.387605,0,0,0,0,1,0,0,0,0,0,0,0,0,0,0,0,0,0
51.397977,0,0,0,0,0,0,0,1,0,0,0,0,0,0,0,0,0,1
51.401008,0,0,0,0,0,1,0,0,0,1,0,1,0,1,0,1,0,0
51.418280,1,0,0,1,0,0,1,0,0,1,1,0,1,1,1,0,1,0
51.433597,0,0,0,0,1,0,0,0,0,0,0,0,0,0,0,0,0,0
51.439461,0,0,1,0,0,0,0,0,1,0,0,0,1,0,0,0,0,0
51.448590,0,0,0,0,0,0,0,1,0,0,0,0,0,0,0,0,0,1
51.449499,0,0,0,0,0,1,0,0,0,1,0,1,0,1,0,1,0,0
51.466901,1,0,0,0,0,0,0,0,1,0,0,0,1,0,0,0,0,0
51.483578,0,0,0,0,1,0,1,0,0,1,0,1,0,1,0,0,1,0
51.501687,0,0,0,0,0,1,0,0,0,0,0,0,0,1,1,0,0,0
51.503961,0,0,0,0,0,0,0,1,0,0,0,0,0,0,0,0,0,1
51.512296,0,1,1,0,0,0,0,0,0,1,1,0,1,0,0,1,0,0
51.523137,1,0,0,0,0,0,0,0,1,0,0,0,1,0,0,0,0,0
51.540839,0,0,0,0,1,0,1,0,0,1,0,1,0,1,0,0,1,0
51.551240,0,0,0,0,0,1,0,0,0,0,0,0,0,1,1,0,0,0
51.552435,0,0,0,0,0,0,0,1,0,0,0,0,0,0,0,0,0,1
51.565321,0,1,1,0,0,0,0,0,0,1,1,0,1,0,0,1,0,0
51.580128,1,0,0,0,0,0,0,0,1,0,0,0,1,0,0,0,0,0
51.589774,0,0,0,0,0,0,1,0,0,1,0,1,0,1,0,0,1,0
51.591841,0,0,0,0,1,0,0,0,0,0,0,0,0,0,0,0,0,0
51.597641,0,0,0,0,0,0,0,1,0,0,0,0,0,0,0,0,0,1
51.600473,0,0,0,0,0,1,0,0,0,0,0,0,0,1,1,0,0,0
51.610408,0,1,1,0,0,0,0,0,0,1,1,0,1,0,0,1,0,0
51.622947,1,0,0,1,0,0,1,0,0,1,1,0,1,1,1,0,1,0
51.632738,0,0,0,0,1,0,0,0,0,0,0,0,0,0,0,0,0,0
51.648235,0,0,1,0,0,0,0,0,1,0,0,0,1,0,0,0,0,0
51.648709,0,0,0,0,0,1,0,0,0,1,0,1,0,1,0,1,0,0
51.650783,0,0,0,0,0,0,0,1,0,0,0,0,0,0,0,0,0,1
51.661098,1,0,0,1,0,0,1,0,0,1,1,0,1,1,1,0,1,0
51.682022,0,0,1,0,0,0,0,0,1,0,0,0,1,0,0,0,0,0
51.684578,0,0,0,0,1,0,0,0,0,0,0,0,0,0,0,0,0,0
51.699498,0,0,0,0,0,1,0,0,0,1,0,1,0,1,0,1,0,0
51.702755,0,0,0,0,0,0,0,1,0,0,0,0,0,0,0,0,0,1
51.712238,1,0,0,1,0,0,1,0,0,1,1,0,1,1,1,0,1,0
51.736271,0,0,1,0,0,0,0,0,1,0,0,0,1,0,0,0,0,0
51.740544,0,0,0,0,1,0,0,0,0,0,0,0,0,0,0,0,0,0
51.749030,0,0,0,0,0,0,0,1,0,0,0,0,0,0,0,0,0,1
51.750952,0,0,0,0,0,1,0,0,0,1,0,1,0,1,0,1,0,0
51.761748,1,0,0,1,0,0,1,0,0,1,1,0,1,1,1,0,1,0
51.782716,0,0,1,0,0,0,0,0,1,0,0,0,1,0,0,0,0,0
51.787052,0,0,0,0,1,0,0,0,0,0,0,0,0,0,0,0,0,0
51.799591,0,0,0,0,0,1,0,0,0,1,0,1,0,1,0,1,0,0
51.801007,0,0,0,0,0,0,0,1,0,0,0,0,0,0,0,0,0,1
51.813643,1,0,0,0,0,0,0,0,1,0,0,0,1,0,0,0,0,0
51.834913,0,0,0,0,1,0,1,0,0,1,0,1,0,1,0,0,1,0
51.847500,0,0,0,0,0,0,0,1,0,0,0,0,0,0,0,0,0,1
51.850244,0,0,0,0,0,1,0,0,0,0,0,0,0,1,1,0,0,0
51.859748,0,1,1,0,0,0,0,0,0,1,1,0,1,0,0,1,0,0
51.872295,1,0,0,0,0,0,0,0,1,0,0,0,1,0,0,0,0,0
51.874215,0,0,0,0,0,0,1,0,0,1,0,1,0,1,0,0,1,0
51.881999,0,0,0,0,1,0,0,0,0,0,0,0,0,0,0,0,0,0
51.898370,0,0,1,0,0,0,0,0,1,0,0,0,1,0,0,0,0,0
51.898566,0,0,0,0,0,0,0,1,0,0,0,0,0,0,0,0,0,1
51.899139,0,0,0,0,0,1,0,0,0,1,0,1,0,1,0,1,0,0
51.909811,1,0,0,0,0,0,0,0,1,0,0,0,1,0,0,0,0,0
51.933823,0,0,0,0,1,0,1,0,0,1,0,1,0,1,0,0,1,0
51.950370,0,0,0,0,0,1,0,0,0,0,0,0,0,1,1,0,0,0
51.950604,0,0,0,0,0,0,0,1,0,0,0,0,0,0,0,0,0,1
51.959587,0,1,1,0,0,0,0,0,0,1,1,0,1,0,0,1,0,0
51.971771,1,0,0,1,0,0,1,0,0,1,1,0,1,1,1,0,1,0
51.986788,0,0,0,0,1,0,0,0,0,0,0,0,0,0,0,0,0,0
51.999245,0,0,1,0,0,0,0,0,1,0,0,0,1,0,0,0,0,0
52.000266,0,0,0,0,0,0,0,1,0,0,0,0,0,0,0,0,0,1
52.000875,0,0,0,0,0,1,0,0,0,1,0,1,0,1,0,1,0,0
52.016520,1,0,0,1,0,0,1,0,0,1,1,0,1,1,1,0,1,0
52.037512,0,0,0,0,1,0,0,0,0,0,0,0,0,0,0,0,0,0
52.044138,0,0,1,0,0,0,0,0,1,0,0,0,1,0,0,0,0,0
52.048195,0,0,0,0,0,1,0,0,0,1,0,1,0,1,0,1,0,0
52.048932,0,0,0,0,0,0,0,1,0,0,0,0,0,0,0,0,0,1
52.065659,1,0,0,0,0,0,0,0,1,0,0,0,1,0,0,0,0,0
52.083274,0,0,0,0,1,0,0,0,0,0,0,0,0,0,0,0,0,0
52.088756,0,0,0,0,0,0,1,0,0,1,0,1,0,1,0,0,1,0
52.099001,0,0,0,0,0,1,0,0,0,0,0,0,0,1,1,0,0,0
52.102420,0,0,0,0,0,0,0,1,0,0,0,0,0,0,0,0,0,1
52.113341,0,1,1,0,0,0,0,0,0,1,1,0,1,0,0,1,0,0
52.126552,1,0,0,0,0,0,0,0,1,0,0,0,1,0,0,0,0,0
52.139170,0,0,0,0,1,0,1,0,0,1,0,1,0,1,0,0,1,0
52.148807,0,0,0,0,0,0,0,1,0,0,0,0,0,0,0,0,0,1
52.150591,0,0,0,0,0,1,0,0,0,0,0,0,0,1,1,0,0,0
52.162735,0,1,1,0,0,0,0,0,0,1,1,0,1,0,0,1,0,0
52.177969,1,0,0,1,0,0,1,0,0,1,1,0,1,1,1,0,1,0
52.185896,0,0,0,0,1,0,0,0,0,0,0,0,0,0,0,0,0,0
52.198309,0,0,1,0,0,0,0,0,1,0,0,0,1,0,0,0,0,0
52.199034,0,0,0,0,0,1,0,0,0,1,0,1,0,1,0,1,0,0
52.199605,0,0,0,0,0,0,0,1,0,0,0,0,0,0,0,0,0,1
52.215676,1,0,0,0,0,0,0,0,1,0,0,0,1,0,0,0,0,0
52.227589,0,0,0,0,0,0,1,0,0,1,0,1,0,1,0,0,1,0
52.238658,0,0,0,0,1,0,0,0,0,0,0,0,0,0,0,0,0,0
52.247379,0,0,0,0,0,0,0,1,0,0,0,0,0,0,0,0,0,1
52.248247,0,0,0,0,0,1,0,0,0,0,0,0,0,1,1,0,0,0
52.248762,0,1,1,0,0,0,0,0,0,1,1,0,1,0,0,1,0,0
52.261531,1,0,0,0,0,0,0,0,1,0,0,0,1,0,0,0,0,0
52.264701,0,0,0,0,0,0,1,0,0,1,0,1,0,1,0,0,1,0
52.279213,0,0,0,0,1,0,0,0,0,0,0,0,0,0,0,0,0,0
52.289781,0,0,1,0,0,0,0,0,1,0,0,0,1,0,0,0,0,0
52.298063,0,0,0,0,0,0,0,1,0,0,0,0,0,0,0,0,0,1
52.301393,0,0,0,0,0,1,0,0,0,1,0,1,0,1,0,1,0,0
52.311782,1,0,0,0,0,0,0,0,1,0,0,0,1,0,0,0,0,0
52.335333,0,0,0,0,1,0,1,0,0,1,0,1,0,1,0,0,1,0
52.350319,0,0,0,0,0,1,0,0,0,0,0,0,0,1,1,0,0,0
52.353394,0,0,0,0,0,0,0,1,0,0,0,0,0,0,0,0,0,1
52.356288,0,1,1,0,0,0,0,0,0,1,1,0,1,0,0,1,0,0
52.374998,1,0,0,0,0,0,0,0,1,0,0,0,1,0,0,0,0,0
52.389643,0,0,0,0,1,0,1,0,0,1,0,1,0,1,0,0,1,0
52.398949,0,0,0,0,0,0,0,1,0,0,0,0,0,0,0,0,0,1
52.400098,0,0,0,0,0,1,0,0,0,0,0,0,0,1,1,0,0,0
52.416876,0,1,1,0,0,0,0,0,0,1,1,0,1,0,0,1,0,0
52.430786,1,0,0,1,0,0,1,0,0,1,1,0,1,1,1,0,1,0
52.437471,0,0,0,0,1,0,0,0,0,0,0,0,0,0,0,0,0,0
52.451064,0,0,0,0,0,1,0,0,0,0,0,0,0,1,1,0,0,0
52.453883,0,0,0,0,0,0,0,1,0,0,0,0,0,0,0,0,0,1
52.460321,0,1,1,0,0,0,0,0,0,1,1,0,1,0,0,1,0,0
52.479526,1,0,0,1,0,0,1,0,0,1,1,0,1,1,1,0,1,0
52.488706,0,0,0,0,1,0,0,0,0,0,0,0,0,0,0,0,0,0
52.498505,0,0,0,0,0,0,0,1,0,0,0,0,0,0,0,0,0,1
52.500595,0,0,0,0,0,1,0,0,0,0,0,0,0,1,1,0,0,0
52.501698,0,1,1,0,0,0,0,0,0,1,1,0,1,0,0,1,0,0
52.517922,1,0,0,0,0,0,0,0,1,0,0,0,1,0,0,0,0,0
52.537766,0,0,0,0,1,0,0,0,0,0,0,0,0,0,0,0,0,0
52.548255,0,0,0,0,0,0,1,0,0,1,0,1,0,1,0,0,1,0
52.551073,0,0,0,0,0,1,0,0,0,0,0,0,0,1,1,0,0,0
52.552827,0,0,0,0,0,0,0,1,0,0,0,0,0,0,0,0,0,1
52.577693,0,1,1,0,0,0,0,0,0,1,1,0,1,0,0,1,0,0
52.589502,1,0,0,1,0,0,1,0,0,1,1,0,1,1,1,0,1,0
52.590016,0,0,0,0,1,0,0,0,0,0,0,0,0,0,0,0,0,0
52.600274,0,0,0,0,0,0,0,1,0,0,0,0,0,0,0,0,0,1
52.600701,0,0,0,0,0,1,0,0,0,0,0,0,0,1,1,0,0,0
52.613801,0,1,1,0,0,0,0,0,0,1,1,0,1,0,0,1,0,0
52.629032,1,0,0,1,0,0,1,0,0,1,1,0,1,1,1,0,1,0
52.637512,0,0,0,0,1,0,0,0,0,0,0,0,0,0,0,0,0,0
52.650303,0,0,0,0,0,1,0,0,0,0,0,0,0,1,1,0,0,0
52.651356,0,1,1,0,0,0,0,0,0,1,1,0,1,0,0,1,0,0
52.652937,0,0,0,0,0,0,0,1,0,0,0,0,0,0,0,0,0,1
52.667933,1,0,0,1,0,0,1,0,0,1,1,0,1,1,1,0,1,0
52.686199,0,0,0,0,1,0,0,0,0,0,0,0,0,0,0,0,0,0
52.688622,0,0,1,0,0,0,0,0,1,0,0,0,1,0,0,0,0,0
52.699048,0,0,0,0,0,1,0,0,0,1,0,1,0,1,0,1,0,0
52.700259,0,0,0,0,0,0,0,1,0,0,0,0,0,0,0,0,0,1
52.714702,1,0,0,1,0,0,1,0,0,1,1,0,1,1,1,0,1,0
52.739167,0,0,0,0,1,0,0,0,0,0,0,0,0,0,0,0,0,0
52.741302,0,0,1,0,0,0,0,0,1,0,0,0,1,0,0,0,0,0
52.746083,0,0,0,0,0,0,0,1,0,0,0,0,0,0,0,0,0,1
52.749834,0,0,0,0,0,1,0,0,0,1,0,1,0,1,0,1,0,0
52.768878,1,0,0,0,0,0,0,0,1,0,0,0,1,0,0,0,0,0
52.775717,0,0,0,0,0,0,1,0,0,1,0,1,0,1,0,0,1,0
52.782635,0,0,0,0,1,0,0,0,0,0,0,0,0,0,0,0,0,0
52.797221,0,0,0,0,0,0,0,1,0,0,0,0,0,0,0,0,0,1
52.801128,0,0,0,0,0,1,0,0,0,0,0,0,0,1,1,0,0,0
52.804906,0,1,1,0,0,0,0,0,0,1,1,0,1,0,0,1,0,0
52.816529,1,0,0,1,0,0,1,0,0,1,1,0,1,1,1,0,1,0
52.835515,0,0,0,0,1,0,0,0,0,0,0,0,0,0,0,0,0,0
52.839444,0,0,1,0,0,0,0,0,1,0,0,0,1,0,0,0,0,0
52.847696,0,0,0,0,0,0,0,1,0,0,0,0,0,0,0,0,0,1
52.849787,0,0,0,0,0,1,0,0,0,1,0,1,0,1,0,1,0,0
52.863535,1,0,0,0,0,0,0,0,1,0,0,0,1,0,0,0,0,0
52.884087,0,0,0,0,1,0,1,0,0,1,0,1,0,1,0,0,1,0
52.898704,0,0,0,0,0,0,0,1,0,0,0,0,0,0,0,0,0,1
52.900444,0,0,0,0,0,1,0,0,0,0,0,0,0,1,1,0,0,0
52.909398,0,1,1,0,0,0,0,0,0,1,1,0,1,0,0,1,0,0
52.924026,1,0,0,0,0,0,0,0,1,0,0,0,1,0,0,0,0,0
52.930742,0,0,0,0,1,0,0,0,0,0,0,0,0,0,0,0,0,0
52.940925,0,0,0,0,0,0,1,0,0,1,0,1,0,1,0,0,1,0
52.948399,0,0,0,0,0,0,0,1,0,0,0,0,0,0,0,0,0,1
52.949099,0,0,0,0,0,1,0,0,0,0,0,0,0,1,1,0,0,0
52.964242,0,1,1,0,0,0,0,0,0,1,1,0,1,0,0,1,0,0
52.982409,1,0,0,1,0,0,1,0,0,1,1,0,1,1,1,0,1,0
52.985679,0,0,0,0,1,0,0,0,0,0,0,0,0,0,0,0,0,0
52.998425,0,0,0,0,0,1,0,0,0,0,0,0,0,1,1,0,0,0
53.002777,0,0,0,0,0,0,0,1,0,0,0,0,0,0,0,0,0,1
53.005491,0,1,1,0,0,0,0,0,0,1,1,0,1,0,0,1,0,0
53.019003,1,0,0,1,0,0,1,0,0,1,1,0,1,1,1,0,1,0
53.036262,0,0,0,0,1,0,0,0,0,0,0,0,0,0,0,0,0,0
53.040847,0,0,1,0,0,0,0,0,1,0,0,0,1,0,0,0,0,0
53.050925,0,0,0,0,0,1,0,0,0,1,0,1,0,1,0,1,0,0
53.053397,0,0,0,0,0,0,0,1,0,0,0,0,0,0,0,0,0,1
53.066940,1,0,0,0,0,0,0,0,1,0,0,0,1,0,0,0,0,0
53.073563,0,0,0,0,0,0,1,0,0,1,0,1,0,1,0,0,1,0
53.091579,0,0,0,0,1,0,0,0,0,0,0,0,0,0,0,0,0,0
53.097575,0,0,1,0,0,0,0,0,1,0,0,0,1,0,0,0,0,0
53.100623,0,0,0,0,0,1,0,0,0,1,0,1,0,1,0,1,0,0
53.101985,0,0,0,0,0,0,0,1,0,0,0,0,0,0,0,0,0,1
53.110825,1,0,0,1,0,0,1,0,0,1,1,0,1,1,1,0,1,0
53.133336,0,0,1,0,0,0,0,0,1,0,0,0,1,0,0,0,0,0
53.137344,0,0,0,0,1,0,0,0,0,0,0,0,0,0,0,0,0,0
53.149030,0,0,0,0,0,1,0,0,0,1,0,1,0,1,0,1,0,0
53.150727,0,0,0,0,0,0,0,1,0,0,0,0,0,0,0,0,0,1
53.162310,1,0,0,1,0,0,1,0,0,1,1,0,1,1,1,0,1,0
53.184971,0,0,1,0,0,0,0,0,1,0,0,0,1,0,0,0,0,0
53.187242,0,0,0,0,1,0,0,0,0,0,0,0,0,0,0,0,0,0
53.198735,0,0,0,0,0,0,0,1,0,0,0,0,0,0,0,0,0,1
53.199621,0,0,0,0,0,1,0,0,0,1,0,1,0,1,0,1,0,0
53.217489,1,0,0,0,0,0,0,0,1,0,0,0,1,0,0,0,0,0
53.223191,0,0,0,0,0,0,1,0,0,1,0,1,0,1,0,0,1,0
53.238297,0,0,0,0,1,0,0,0,0,0,0,0,0,0,0,0,0,0
53.246436,0,0,1,0,0,0,0,0,1,0,0,0,1,0,0,0,0,0
53.248930,0,0,0,0,0,0,0,1,0,0,0,0,0,0,0,0,0,1
53.249890,0,0,0,0,0,1,0,0,0,1,0,1,0,1,0,1,0,0
53.269367,1,0,0,1,0,0,1,0,0,1,1,0,1,1,1,0,1,0
53.281106,0,0,0,0,1,0,0,0,0,0,0,0,0,0,0,0,0,0
53.297731,0,0,0,0,0,0,0,1,0,0,0,0,0,0,0,0,0,1
53.298614,0,0,1,0,0,0,0,0,1,0,0,0,1,0,0,0,0,0
53.298703,0,0,0,0,0,1,0,0,0,1,0,1,0,1,0,1,0,0
53.314541,1,0,0,0,0,0,0,0,1,0,0,0,1,0,0,0,0,0
53.335121,0,0,0,0,1,0,0,0,0,0,0,0,0,0,0,0,0,0
53.337114,0,0,0,0,0,0,1,0,0,1,0,1,0,1,0,0,1,0
53.346102,0,0,0,0,0,0,0,1,0,0,0,0,0,0,0,0,0,1
53.350737,0,0,0,0,0,1,0,0,0,0,0,0,0,1,1,0,0,0
53.363545,0,1,1,0,0,0,0,0,0,1,1,0,1,0,0,1,0,0
53.377112,1,0,0,1,0,0,1,0,0,1,1,0,1,1,1,0,1,0
53.385243,0,0,0,0,1,0,0,0,0,0,0,0,0,0,0,0,0,0
53.399366,0,0,0,0,0,0,0,1,0,0,0,0,0,0,0,0,0,1
53.400132,0,0,1,0,0,0,0,0,1,0,0,0,1,0,0,0,0,0
53.400555,0,0,0,0,0,1,0,0,0,1,0,1,0,1,0,1,0,0
53.415471,1,0,0,1,0,0,1,0,0,1,1,0,1,1,1,0,1,0
53.434688,0,0,0,0,1,0,0,0,0,0,0,0,0,0,0,0,0,0
53.437278,0,0,1,0,0,0,0,0,1,0,0,0,1,0,0,0,0,0
53.449236,0,0,0,0,0,0,0,1,0,0,0,0,0,0,0,0,0,1
53.449515,0,0,0,0,0,1,0,0,0,1,0,1,0,1,0,1,0,0
53.460119,1,0,0,1,0,0,1,0,0,1,1,0,1,1,1,0,1,0
53.482241,0,0,0,0,1,0,0,0,0,0,0,0,0,0,0,0,0,0
53.486046,0,0,1,0,0,0,0,0,1,0,0,0,1,0,0,0,0,0
53.496161,0,0,0,0,0,0,0,1,0,0,0,0,0,0,0,0,0,1
53.499670,0,0,0,0,0,1,0,0,0,1,0,1,0,1,0,1,0,0
53.516392,1,0,0,0,0,0,0,0,1,0,0,0,1,0,0,0,0,0
53.530727,0,0,0,0,1,0,0,0,0,0,0,0,0,0,0,0,0,0
53.540752,0,0,0,0,0,0,1,0,0,1,0,1,0,1,0,0,1,0
53.551261,0,0,0,0,0,1,0,0,0,0,0,0,0,1,1,0,0,0
53.553051,0,0,0,0,0,0,0,1,0,0,0,0,0,0,0,0,0,1
53.569701,0,1,1,0,0,0,0,0,0,1,1,0,1,0,0,1,0,0
53.582943,1,0,0,0,0,0,0,0,1,0,0,0,1,0,0,0,0,0
53.585721,0,0,0,0,1,0,0,0,0,0,0,0,0,0,0,0,0,0
53.597088,0,0,0,0,0,0,1,1,0,1,0,1,0,1,0,0,1,1
53.600182,0,0,0,0,0,1,0,0,0,0,0,0,0,1,1,0,0,0
53.618236,0,1,1,0,0,0,0,0,0,1,1,0,1,0,0,1,0,0
53.630233,0,0,0,0,1,0,0,0,0,0,0,0,0,0,0,0,0,0
53.633719,1,0,0,0,0,0,0,0,1,0,0,0,1,0,0,0,0,0
53.644645,0,0,0,0,0,0,1,0,0,1,0,1,0,1,0,0,1,0
53.647366,0,0,0,0,0,0,0,1,0,0,0,0,0,0,0,0,0,1
53.648557,0,0,0,0,0,1,0,0,0,0,0,0,0,1,1,0,0,0
53.670560,0,1,1,0,0,0,0,0,0,1,1,0,1,0,0,1,0,0
53.682672,0,0,0,0,1,0,0,0,0,0,0,0,0,0,0,0,0,0
53.683214,1,0,0,1,0,0,1,0,0,1,1,0,1,1,1,0,1,0
53.700320,0,0,0,0,0,0,0,1,0,0,0,0,0,0,0,0,0,1
53.700508,0,0,0,0,0,1,0,0,0,0,0,0,0,1,1,0,0,0
53.709556,0,1,1,0,0,0,0,0,0,1,1,0,1,0,0,1,0,0
53.722997,1,0,0,1,0,0,1,0,0,1,1,0,1,1,1,0,1,0
53.737657,0,0,0,0,1,0,0,0,0,0,0,0,0,0,0,0,0,0
53.743852,0,0,1,0,0,0,0,0,1,0,0,0,1,0,0,0,0,0
53.749502,0,0,0,0,0,1,0,0,0,1,0,1,0,1,0,1,0,0
53.751200,0,0,0,0,0,0,0,1,0,0,0,0,0,0,0,0,0,1
53.760264,1,0,0,1,0,0,1,0,0,1,1,0,1,1,1,0,1,0
53.781603,0,0,1,0,0,0,0,0,1,0,0,0,1,0,0,0,0,0
53.786674,0,0,0,0,1,0,0,0,0,0,0,0,0,0,0,0,0,0
53.796880,0,0,0,0,0,0,0,1,0,0,0,0,0,0,0,0,0,1
53.799393,0,0,0,0,0,1,0,0,0,1,0,1,0,1,0,1,0,0
53.809932,1,0,0,1,0,0,1,0,0,1,1,0,1,1,1,0,1,0
53.834343,0,0,0,0,1,0,0,0,0,0,0,0,0,0,0,0,0,0
53.834537,0,0,1,0,0,0,0,0,1,0,0,0,1,0,0,0,0,0
53.847182,0,0,0,0,0,0,0,1,0,0,0,0,0,0,0,0,0,1
53.849480,0,0,0,0,0,1,0,0,0,1,0,1,0,1,0,1,0,0
53.862850,1,0,0,0,0,0,0,0,1,0,0,0,1,0,0,0,0,0
53.883073,0,0,0,0,0,0,1,0,0,1,0,1,0,1,0,0,1,0
53.885323,0,0,0,0,1,0,0,0,0,0,0,0,0,0,0,0,0,0
53.896890,0,0,0,0,0,0,0,1,0,0,0,0,0,0,0,0,0,1
53.899755,0,0,0,0,0,1,0,0,0,0,0,0,0,1,1,0,0,0
53.906683,0,1,1,0,0,0,0,0,0,1,1,0,1,0,0,1,0,0
53.923415,1,0,0,1,0,0,1,0,0,1,1,0,1,1,1,0,1,0
53.930780,0,0,0,0,1,0,0,0,0,0,0,0,0,0,0,0,0,0
53.944804,0,0,1,0,0,0,0,0,1,0,0,0,1,0,0,0,0,0
53.948247,0,0,0,0,0,0,0,1,0,0,0,0,0,0,0,0,0,1
53.949101,0,0,0,0,0,1,0,0,0,1,0,1,0,1,0,1,0,0
53.962734,1,0,0,1,0,0,1,0,0,1,1,0,1,1,1,0,1,0
53.987102,0,0,0,0,1,0,0,0,0,0,0,0,0,0,0,0,0,0
53.989299,0,0,1,0,0,0,0,0,1,0,0,0,1,0,0,0,0,0
53.999627,0,0,0,0,0,1,0,0,0,1,0,1,0,1,0,1,0,0
54.001752,0,0,0,0,0,0,0,1,0,0,0,0,0,0,0,0,0,1
54.013513,1,0,0,1,0,0,1,0,0,1,1,0,1,1,1,0,1,0
54.039977,0,0,0,0,1,0,0,0,0,0,0,0,0,0,0,0,0,0
54.040969,0,0,1,0,0,0,0,0,1,0,0,0,1,0,0,0,0,0
54.049544,0,0,0,0,0,0,0,1,0,0,0,0,0,0,0,0,0,1
54.050509,0,0,0,0,0,1,0,0,0,1,0,1,0,1,0,1,0,0
54.069952,1,0,0,1,0,0,1,0,0,1,1,0,1,1,1,0,1,0
54.082648,0,0,0,0,1,0,0,0,0,0,0,0,0,0,0,0,0,0
54.090572,0,0,1,0,0,0,0,0,1,0,0,0,1,0,0,0,0,0
54.101230,0,0,0,0,0,1,0,0,0,1,0,1,0,1,0,1,0,0
54.103677,0,0,0,0,0,0,0,1,0,0,0,0,0,0,0,0,0,1
54.117629,1,0,0,1,0,0,1,0,0,1,1,0,1,1,1,0,1,0
54.138026,0,0,1,0,0,0,0,0,1,0,0,0,1,0,0,0,0,0
54.142152,0,0,0,0,1,0,0,0,0,0,0,0,0,0,0,0,0,0
54.149956,0,0,0,0,0,1,0,0,0,1,0,1,0,1,0,1,0,0
54.151710,0,0,0,0,0,0,0,1,0,0,0,0,0,0,0,0,0,1
54.168050,1,0,0,0,0,0,0,0,1,0,0,0,1,0,0,0,0,0
54.174933,0,0,0,0,0,0,1,0,0,1,0,1,0,1,0,0,1,0
54.191622,0,0,0,0,1,0,0,0,0,0,0,0,0,0,0,0,0,0
54.198399,0,0,0,0,0,1,0,0,0,0,0,0,0,1,1,0,0,0
54.199411,0,0,0,0,0,0,0,1,0,0,0,0,0,0,0,0,0,1
54.199671,0,1,1,0,0,0,0,0,0,1,1,0,1,0,0,1,0,0
54.213068,1,0,0,1,0,0,1,0,0,1,1,0,1,1,1,0,1,0
54.234270,0,0,1,0,0,0,0,0,1,0,0,0,1,0,0,0,0,0
54.234879,0,0,0,0,1,0,0,0,0,0,0,0,0,0,0,0,0,0
54.248657,0,0,0,0,0,1,0,0,0,1,0,1,0,1,0,1,0,0
54.249102,0,0,0,0,0,0,0,1,0,0,0,0,0,0,0,0,0,1
54.268027,1,0,0,1,0,0,1,0,0,1,1,0,1,1,1,0,1,0
54.286156,0,0,0,0,1,0,0,0,0,0,0,0,0,0,0,0,0,0
54.289888,0,0,1,0,0,0,0,0,1,0,0,0,1,0,0,0,0,0
54.297235,0,0,0,0,0,0,0,1,0,0,0,0,0,0,0,0,0,1
54.301522,0,0,0,0,0,1,0,0,0,1,0,1,0,1,0,1,0,0
54.312659,1,0,0,1,0,0,1,0,0,1,1,0,1,1,1,0,1,0
54.332758,0,0,1,0,0,0,0,0,1,0,0,0,1,0,0,0,0,0
54.332883,0,0,0,0,1,0,0,0,0,0,0,0,0,0,0,0,0,0
54.348156,0,0,0,0,0,1,0,0,0,1,0,1,0,1,0,1,0,0
54.349618,0,0,0,0,0,0,0,1,0,0,0,0,0,0,0,0,0,1
54.359602,1,0,0,1,0,0,1,0,0,1,1,0,1,1,1,0,1,0
54.379836,0,0,1,0,0,0,0,0,1,0,0,0,1,0,0,0,0,0
54.383341,0,0,0,0,1,0,0,0,0,0,0,0,0,0,0,0,0,0
54.398997,0,0,0,0,0,1,0,0,0,1,0,1,0,1,0,1,0,0
54.400311,0,0,0,0,0,0,0,1,0,0,0,0,0,0,0,0,0,1
54.415470,1,0,0,1,0,0,1,0,0,1,1,0,1,1,1,0,1,0
54.437179,0,0,0,0,1,0,0,0,0,0,0,0,0,0,0,0,0,0
54.439242,0,0,1,0,0,0,0,0,1,0,0,0,1,0,0,0,0,0
54.447314,0,0,0,0,0,0,0,1,0,0,0,0,0,0,0,0,0,1
54.449112,0,0,0,0,0,1,0,0,0,1,0,1,0,1,0,1,0,0
54.468870,1,0,0,0,0,0,0,0,1,0,0,0,1,0,0,0,0,0
54.483093,0,0,0,0,0,0,1,0,0,1,0,1,0,1,0,0,1,0
54.485335,0,0,0,0,1,0,0,0,0,0,0,0,0,0,0,0,0,0
54.500604,0,0,0,0,0,1,0,0,0,0,0,0,0,1,1,0,0,0
54.502227,0,0,0,0,0,0,0,1,0,0,0,0,0,0,0,0,0,1
54.510908,0,1,1,0,0,0,0,0,0,1,1,0,1,0,0,1,0,0
54.525263,1,0,0,0,0,0,0,0,1,0,0,0,1,0,0,0,0,0
54.537369,0,0,0,0,1,0,1,0,0,1,0,1,0,1,0,0,1,0
54.549030,0,0,0,0,0,1,0,0,0,0,0,0,0,1,1,0,0,0
54.552302,0,0,0,0,0,0,0,1,0,0,0,0,0,0,0,0,0,1
54.559654,0,1,1,0,0,0,0,0,0,1,1,0,1,0,0,1,0,0
54.570634,1,0,0,1,0,0,1,0,0,1,1,0,1,1,1,0,1,0
54.592177,0,0,0,0,1,0,0,0,0,0,0,0,0,0,0,0,0,0
54.592575,0,0,1,0,0,0,0,0,1,0,0,0,1,0,0,0,0,0
54.598126,0,0,0,0,0,0,0,1,0,0,0,0,0,0,0,0,0,1
54.600301,0,0,0,0,0,1,0,0,0,1,0,1,0,1,0,1,0,0
54.612694,1,0,0,1,0,0,1,0,0,1,1,0,1,1,1,0,1,0
54.632732,0,0,0,0,1,0,0,0,0,0,0,0,0,0,0,0,0,0
54.640530,0,0,1,0,0,0,0,0,1,0,0,0,1,0,0,0,0,0
54.649960,0,0,0,0,0,1,0,0,0,1,0,1,0,1,0,1,0,0
54.652598,0,0,0,0,0,0,0,1,0,0,0,0,0,0,0,0,0,1
54.666752,1,0,0,1,0,0,1,0,0,1,1,0,1,1,1,0,1,0
54.688014,0,0,1,0,0,0,0,0,1,0,0,0,1,0,0,0,0,0
54.689743,0,0,0,0,1,0,0,0,0,0,0,0,0,0,0,0,0,0
54.696101,0,0,0,0,0,0,0,1,0,0,0,0,0,0,0,0,0,1
54.699981,0,0,0,0,0,1,0,0,0,1,0,1,0,1,0,1,0,0
54.715314,1,0,0,0,0,0,0,0,1,0,0,0,1,0,0,0,0,0
54.734567,0,0,0,0,1,0,1,0,0,1,0,1,0,1,0,0,1,0
54.746982,0,0,0,0,0,0,0,1,0,0,0,0,0,0,0,0,0,1
54.750451,0,0,0,0,0,1,0,0,0,0,0,0,0,1,1,0,0,0
54.758990,0,1,1,0,0,0,0,0,0,1,1,0,1,0,0,1,0,0
54.774871,1,0,0,1,0,0,1,0,0,1,1,0,1,1,1,0,1,0
54.785145,0,0,0,0,1,0,0,0,0,0,0,0,0,0,0,0,0,0
54.796222,0,0,1,0,0,0,0,0,1,0,0,0,1,0,0,0,0,0
54.799620,0,0,0,0,0,0,0,1,0,0,0,0,0,0,0,0,0,1
54.800685,0,0,0,0,0,1,0,0,0,1,0,1,0,1,0,1,0,0
54.811898,1,0,0,1,0,0,1,0,0,1,1,0,1,1,1,0,1,0
54.832071,0,0,1,0,0,0,0,0,1,0,0,0,1,0,0,0,0,0
54.834885,0,0,0,0,1,0,0,0,0,0,0,0,0,0,0,0,0,0
54.846544,0,0,0,0,0,0,0,1,0,0,0,0,0,0,0,0,0,1
54.850535,0,0,0,0,0,1,0,0,0,1,0,1,0,1,0,1,0,0
54.868080,1,0,0,1,0,0,1,0,0,1,1,0,1,1,1,0,1,0
54.885385,0,0,0,0,1,0,0,0,0,0,0,0,0,0,0,0,0,0
54.894406,0,0,1,0,0,0,0,0,1,0,0,0,1,0,0,0,0,0
54.900558,0,0,0,0,0,0,0,1,0,0,0,0,0,0,0,0,0,1
54.900825,0,0,0,0,0,1,0,0,0,1,0,1,0,1,0,1,0,0
54.912583,1,0,0,1,0,0,1,0,0,1,1,0,1,1,1,0,1,0
54.940243,0,0,0,0,1,0,0,0,0,0,0,0,0,0,0,0,0,0
54.940462,0,0,1,0,0,0,0,0,1,0,0,0,1,0,0,0,0,0
54.950051,0,0,0,0,0,1,0,0,0,1,0,1,0,1,0,1,0,0
54.951186,0,0,0,0,0,0,0,1,0,0,0,0,0,0,0,0,0,1
54.968956,1,0,0,0,0,0,0,0,1,0,0,0,1,0,0,0,0,0
54.972134,0,0,0,0,0,0,1,0,0,1,0,1,0,1,0,0,1,0
54.986086,0,0,0,0,1,0,0,0,0,0,0,0,0,0,0,0,0,0
54.996820,0,0,1,0,0,0,0,0,1,0,0,0,1,0,0,0,0,0
54.998546,0,0,0,0,0,0,0,1,0,0,0,0,0,0,0,0,0,1
55.000197,0,0,0,0,0,1,0,0,0,1,0,1,0,1,0,1,0,0
55.011937,1,0,0,1,0,0,1,0,0,1,1,0,1,1,1,0,1,0
55.033474,0,0,1,0,0,0,0,0,1,0,0,0,1,0,0,0,0,0
55.037017,0,0,0,0,1,0,0,0,0,0,0,0,0,0,0,0,0,0
55.050582,0,0,0,0,0,0,0,1,0,0,0,0,0,0,0,0,0,1
55.051004,0,0,0,0,0,1,0,0,0,1,0,1,0,1,0,1,0,0
55.070196,1,0,0,0,0,0,0,0,1,0,0,0,1,0,0,0,0,0
55.089865,0,0,0,0,1,0,0,0,0,0,0,0,0,0,0,0,0,0
55.096821,0,0,0,0,0,0,0,1,0,0,0,0,0,0,0,0,0,1
55.101055,0,0,0,0,0,1,1,0,0,1,0,1,0,1,0,0,1,0
55.129725,0,1,1,0,0,0,0,0,0,1,1,0,1,0,0,1,0,0
55.135548,0,0,0,0,1,0,0,0,0,0,0,0,0,0,0,0,0,0
55.140136,1,0,0,0,0,0,0,0,1,0,0,0,1,0,0,0,0,0
55.150372,0,0,0,0,0,1,0,0,0,1,0,1,0,1,0,1,0,0
55.150526,0,0,0,0,0,0,1,0,0,0,0,0,0,1,1,0,0,0
55.150680,0,0,0,0,0,0,0,1,0,0,0,0,0,0,0,0,0,1
55.161504,1,0,0,1,0,0,0,0,0,1,1,0,1,0,0,0,1,0
55.185924,0,0,1,0,0,0,0,0,1,0,0,0,1,0,0,0,0,0
55.186174,0,0,0,0,0,0,1,0,0,1,0,1,0,1,0,0,1,0
55.186424,0,0,0,0,1,0,0,0,0,0,0,0,0,0,0,0,0,0
55.200823,0,0,0,0,0,1,0,0,0,0,0,0,0,1,1,0,0,0
55.201313,0,0,0,0,0,0,0,1,0,0,0,0,0,0,0,0,0,1
55.215008,0,1,1,0,0,0,0,0,0,1,1,0,1,0,0,1,0,0
55.231865,1,0,0,1,0,0,1,0,0,1,1,0,1,1,1,0,1,0
55.234162,0,0,0,0,1,0,0,0,0,0,0,0,0,0,0,0,0,0
55.251002,0,0,0,0,0,1,0,0,0,0,0,0,0,1,1,0,0,0
55.251511,0,0,0,0,0,0,0,1,0,0,0,0,0,0,0,0,0,1
55.258496,0,1,1,0,0,0,0,0,0,1,1,0,1,0,0,1,0,0
55.269619,1,0,0,0,0,0,0,0,1,0,0,0,1,0,0,0,0,0
55.286948,0,0,0,0,1,0,0,0,0,0,0,0,0,0,0,0,0,0
55.296265,0,0,0,0,0,0,1,0,0,1,0,1,0,1,0,0,1,0
55.298035,0,0,0,0,0,1,0,0,0,0,0,0,0,1,1,0,0,0
55.298309,0,0,0,0,0,0,0,1,0,0,0,0,0,0,0,0,0,1
55.317948,0,1,1,0,0,0,0,0,0,1,1,0,1,0,0,1,0,0
55.330873,0,0,0,0,1,0,0,0,0,0,0,0,0,0,0,0,0,0
55.333573,1,0,0,0,0,0,0,0,1,0,0,0,1,0,0,0,0,0
55.349460,0,0,0,0,0,1,0,0,0,1,0,1,0,1,0,1,0,0
55.349809,0,0,0,0,0,0,1,0,0,0,0,0,0,1,1,0,0,0
55.350158,0,0,0,0,0,0,0,1,0,0,0,0,0,0,0,0,0,1
55.364110,1,0,0,1,0,0,1,0,0,1,1,0,1,1,1,0,1,0
55.385370,0,0,1,1,0,0,0,0,0,1,1,0,1,0,0,0,1,0
55.386176,0,0,0,0,1,0,0,0,0,0,0,0,0,0,0,0,0,0
55.396106,0,0,0,0,0,0,0,1,0,0,0,0,0,0,0,0,0,1
55.400782,0,0,0,0,0,1,0,0,0,0,0,0,0,1,1,0,0,0
55.412561,0,1,1,0,0,0,0,0,0,1,1,0,1,0,0,1,0,0
55.429673,1,0,0,0,0,0,0,0,1,0,0,0,1,0,0,0,0,0
55.433143,0,0,0,0,1,0,1,0,0,1,0,1,0,1,0,0,1,0
55.449372,0,0,0,0,0,1,0,0,0,0,0,0,0,1,1,0,0,0
55.449721,0,0,0,0,0,0,0,1,0,0,0,0,0,0,0,0,0,1
55.459456,0,1,1,0,0,0,0,0,0,1,1,0,1,0,0,1,0,0
55.474831,1,0,0,1,0,0,1,0,0,1,1,0,1,1,1,0,1,0
55.483708,0,0,0,0,1,0,0,0,0,0,0,0,0,0,0,0,0,0
55.496489,0,0,1,0,0,0,0,0,1,0,0,0,1,0,0,0,0,0
55.499686,0,0,0,0,0,1,0,0,0,1,0,1,0,1,0,1,0,0
55.500501,0,0,0,0,0,0,0,1,0,0,0,0,0,0,0,0,0,1
55.511982,1,0,0,0,0,0,0,0,1,0,0,0,1,0,0,0,0,0
55.538217,0,0,0,0,1,0,1,0,0,1,0,1,0,1,0,0,1,0
55.548485,0,0,0,0,0,1,0,0,0,0,0,0,0,1,1,0,0,0
55.548574,0,0,0,0,0,0,0,1,0,0,0,0,0,0,0,0,0,1
55.564190,0,1,1,0,0,0,0,0,0,1,1,0,1,0,0,1,0,0
55.580152,1,0,0,0,0,0,0,0,1,0,0,0,1,0,0,0,0,0
55.585801,0,0,0,0,0,0,1,0,0,1,0,1,0,1,0,0,1,0
55.587791,0,0,0,0,1,0,0,0,0,0,0,0,0,0,0,0,0,0
55.600523,0,0,0,0,0,1,0,0,0,0,0,0,0,1,1,0,0,0
55.603202,0,0,0,0,0,0,0,1,0,0,0,0,0,0,0,0,0,1
55.611203,0,1,1,0,0,0,0,0,0,1,1,0,1,0,0,1,0,0
55.626881,1,0,0,0,0,0,0,0,1,0,0,0,1,0,0,0,0,0
55.638604,0,0,0,0,1,0,0,0,0,0,0,0,0,0,0,0,0,0
55.646615,0,0,0,0,0,0,1,0,0,1,0,1,0,1,0,0,1,0
55.648862,0,0,0,0,0,0,0,1,0,0,0,0,0,0,0,0,0,1
55.650297,0,0,0,0,0,1,0,0,0,0,0,0,0,1,1,0,0,0
55.669521,0,1,1,0,0,0,0,0,0,1,1,0,1,0,0,1,0,0
55.681613,0,0,0,0,1,0,0,0,0,0,0,0,0,0,0,0,0,0
55.688201,1,0,0,1,0,0,1,0,0,1,1,0,1,1,1,0,1,0
55.697645,0,0,0,0,0,0,0,1,0,0,0,0,0,0,0,0,0,1
55.700490,0,0,0,0,0,1,0,0,0,0,0,0,0,1,1,0,0,0
55.710940,0,1,1,0,0,0,0,0,0,1,1,0,1,0,0,1,0,0
55.729276,0,0,0,0,1,0,0,0,0,0,0,0,0,0,0,0,0,0
55.730214,1,0,0,0,0,0,0,0,1,0,0,0,1,0,0,0,0,0
55.749651,0,0,0,0,0,1,1,0,0,1,0,1,0,1,0,1,0,0
55.750032,0,0,0,0,0,0,0,1,0,0,0,0,0,0,0,0,0,1
55.764123,1,0,0,1,0,0,0,0,0,1,1,0,1,0,0,0,1,0
55.788024,0,0,0,0,1,0,1,0,0,0,0,0,0,1,1,0,0,0
55.793039,0,0,1,1,0,0,0,0,0,1,1,0,1,0,0,0,1,0
55.799692,0,0,0,0,0,1,0,0,0,0,0,0,0,1,1,0,0,0
55.803652,0,0,0,0,0,0,0,1,0,0,0,0,0,0,0,0,0,1
55.815033,0,1,1,0,0,0,0,0,0,1,1,0,1,0,0,1,0,0
55.831117,1,0,0,0,0,0,0,0,1,0,0,0,1,0,0,0,0,0
55.839190,0,0,0,0,1,0,0,0,0,0,0,0,0,0,0,0,0,0
55.849792,0,0,0,0,0,0,0,1,0,0,0,0,0,0,0,0,0,1
55.850159,0,0,0,0,0,0,1,0,0,1,0,1,0,1,0,0,1,0
55.850526,0,0,0,0,0,1,0,0,0,0,0,0,0,1,1,0,0,0
55.880147,0,1,1,0,0,0,0,0,0,1,1,0,1,0,0,1,0,0
55.884304,0,0,0,0,1,0,0,0,0,0,0,0,0,0,0,0,0,0
55.892549,1,0,0,1,0,0,1,0,0,1,1,0,1,1,1,0,1,0
55.899633,0,0,0,0,0,1,0,0,0,0,0,0,0,1,1,0,0,0
55.899654,0,0,0,0,0,0,0,1,0,0,0,0,0,0,0,0,0,1
55.922057,0,1,1,0,0,0,0,0,0,1,1,0,1,0,0,1,0,0
55.935544,0,0,0,0,1,0,0,0,0,0,0,0,0,0,0,0,0,0
55.940943,1,0,0,1,0,0,1,0,0,1,1,0,1,1,1,0,1,0
55.947967,0,0,0,0,0,0,0,1,0,0,0,0,0,0,0,0,0,1
55.950280,0,0,0,0,0,1,0,0,0,0,0,0,0,1,1,0,0,0
55.964665,0,1,1,0,0,0,0,0,0,1,1,0,1,0,0,1,0,0
55.981115,1,0,0,0,0,0,0,0,1,0,0,0,1,0,0,0,0,0
55.981580,0,0,0,0,0,0,1,0,0,1,0,1,0,1,0,0,1,0
55.982481,0,0,0,0,1,0,0,0,0,0,0,0,0,0,0,0,0,0
56.000321,0,0,0,0,0,1,0,0,0,0,0,0,0,1,1,0,0,0
56.001352,0,0,0,0,0,0,0,1,0,0,0,0,0,0,0,0,0,1
56.009816,0,1,1,0,0,0,0,0,0,1,1,0,1,0,0,1,0,0
56.025129,1,0,0,0,0,0,0,0,1,0,0,0,1,0,0,0,0,0
56.031585,0,0,0,0,1,0,1,0,0,1,0,1,0,1,0,0,1,0
56.047960,0,0,0,0,0,0,0,1,0,0,0,0,0,0,0,0,0,1
56.050013,0,0,0,0,0,1,0,0,0,0,0,0,0,1,1,0,0,0
56.056312,0,1,1,0,0,0,0,0,0,1,1,0,1,0,0,1,0,0
56.073429,1,0,0,1,0,0,1,0,0,1,1,0,1,1,1,0,1,0
56.087154,0,0,0,0,1,0,0,0,0,0,0,0,0,0,0,0,0,0
56.096910,0,0,0,0,0,0,0,1,0,0,0,0,0,0,0,0,0,1
56.098689,0,0,1,0,0,0,0,0,1,0,0,0,1,0,0,0,0,0
56.100197,0,0,0,0,0,1,0,0,0,1,0,1,0,1,0,1,0,0
56.118818,1,0,0,0,0,0,0,0,1,0,0,0,1,0,0,0,0,0
56.125830,0,0,0,0,0,0,1,0,0,1,0,1,0,1,0,0,1,0
56.127463,0,0,0,0,1,0,0,0,0,0,0,0,0,0,0,0,0,0
56.149317,0,0,1,0,0,0,0,0,1,0,0,0,1,0,0,0,0,0
56.150587,0,0,0,0,0,1,0,0,0,1,0,1,0,1,0,1,0,0
56.151052,0,0,0,0,0,0,0,1,0,0,0,0,0,0,0,0,0,1
56.168788,1,0,0,1,0,0,1,0,0,1,1,0,1,1,1,0,1,0
56.187163,0,0,0,0,1,0,0,0,0,0,0,0,0,0,0,0,0,0
56.189526,0,0,1,0,0,0,0,0,1,0,0,0,1,0,0,0,0,0
56.200817,0,0,0,0,0,0,0,1,0,0,0,0,0,0,0,0,0,1
56.201407,0,0,0,0,0,1,0,0,0,1,0,1,0,1,0,1,0,0
56.214165,1,0,0,1,0,0,1,0,0,1,1,0,1,1,1,0,1,0
56.234841,0,0,1,0,0,0,0,0,1,0,0,0,1,0,0,0,0,0
56.239958,0,0,0,0,1,0,0,0,0,0,0,0,0,0,0,0,0,0
56.249342,0,0,0,0,0,0,0,1,0,0,0,0,0,0,0,0,0,1
56.249645,0,0,0,0,0,1,0,0,0,1,0,1,0,1,0,1,0,0
56.264742,1,0,0,0,0,0,0,0,1,0,0,0,1,0,0,0,0,0
56.284559,0,0,0,0,1,0,1,0,0,1,0,1,0,1,0,0,1,0
56.298587,0,0,0,0,0,0,0,1,0,0,0,0,0,0,0,0,0,1
56.298923,0,0,0,0,0,1,0,0,0,0,0,0,0,1,1,0,0,0
56.309525,0,1,1,0,0,0,0,0,0,1,1,0,1,0,0,1,0,0
56.326916,1,0,0,0,0,0,0,0,1,0,0,0,1,0,0,0,0,0
56.336376,0,0,0,0,1,0,0,0,0,0,0,0,0,0,0,0,0,0
56.349682,0,0,0,0,0,1,1,0,0,1,0,1,0,1,0,0,1,0
56.350482,0,0,0,0,0,0,0,1,0,0,0,0,0,0,0,0,0,1
56.375453,0,1,1,0,0,0,0,0,0,1,1,0,1,0,0,1,0,0
56.382857,0,0,0,0,1,0,0,0,0,0,0,0,0,0,0,0,0,0
56.392852,1,0,0,1,0,0,1,0,0,1,1,0,1,1,1,0,1,0
56.399662,0,0,0,0,0,0,0,1,0,0,0,0,0,0,0,0,0,1
56.400775,0,0,0,0,0,1,0,0,0,0,0,0,0,1,1,0,0,0
56.414563,0,1,1,0,0,0,0,0,0,1,1,0,1,0,0,1,0,0
56.425261,1,0,0,1,0,0,1,0,0,1,1,0,1,1,1,0,1,0
56.434758,0,0,0,0,1,0,0,0,0,0,0,0,0,0,0,0,0,0
56.450430,0,0,0,0,0,0,0,1,0,0,0,0,0,0,0,0,0,1
56.450721,0,0,0,0,0,1,0,0,0,0,0,0,0,1,1,0,0,0
56.453954,0,1,1,0,0,0,0,0,0,1,1,0,1,0,0,1,0,0
56.466943,1,0,0,0,0,0,0,0,1,0,0,0,1,0,0,0,0,0
56.486055,0,0,0,0,1,0,1,0,0,1,0,1,0,1,0,0,1,0
56.499009,0,0,0,0,0,0,0,1,0,0,0,0,0,0,0,0,0,1
56.499938,0,0,0,0,0,1,0,0,0,0,0,0,0,1,1,0,0,0
56.515591,0,1,1,0,0,0,0,0,0,1,1,0,1,0,0,1,0,0
56.533295,1,0,0,1,0,0,1,0,0,1,1,0,1,1,1,0,1,0
56.535549,0,0,0,0,1,0,0,0,0,0,0,0,0,0,0,0,0,0
56.549857,0,0,0,0,0,1,0,0,0,0,0,0,0,1,1,0,0,0
56.553507,0,0,0,0,0,0,0,1,0,0,0,0,0,0,0,0,0,1
56.558879,0,1,1,0,0,0,0,0,0,1,1,0,1,0,0,1,0,0
56.572121,1,0,0,1,0,0,1,0,0,1,1,0,1,1,1,0,1,0
56.593066,0,0,0,0,1,0,0,0,0,0,0,0,0,0,0,0,0,0
56.598701,0,0,0,0,0,1,0,0,0,0,0,0,0,1,1,0,0,0
56.599467,0,0,0,0,0,0,0,1,0,0,0,0,0,0,0,0,0,1
56.601544,0,1,1,0,0,0,0,0,0,1,1,0,1,0,0,1,0,0
56.612506,1,0,0,1,0,0,1,0,0,1,1,0,1,1,1,0,1,0
56.633144,0,0,1,0,0,0,0,0,1,0,0,0,1,0,0,0,0,0
56.636739,0,0,0,0,1,0,0,0,0,0,0,0,0,0,0,0,0,0
56.649445,0,0,0,0,0,0,0,1,0,0,0,0,0,0,0,0,0,1
56.650694,0,0,0,0,0,1,0,0,0,1,0,1,0,1,0,1,0,0
56.665847,1,0,0,1,0,0,1,0,0,1,1,0,1,1,1,0,1,0
56.685828,0,0,0,0,1,0,0,0,0,0,0,0,0,0,0,0,0,0
56.690035,0,0,1,0,0,0,0,0,1,0,0,0,1,0,0,0,0,0
56.700327,0,0,0,0,0,1,0,0,0,1,0,1,0,1,0,1,0,0
56.700904,0,0,0,0,0,0,0,1,0,0,0,0,0,0,0,0,0,1
56.713383,1,0,0,0,0,0,0,0,1,0,0,0,1,0,0,0,0,0
56.734551,0,0,0,0,0,0,1,0,0,1,0,1,0,1,0,0,1,0
56.739892,0,0,0,0,1,0,0,0,0,0,0,0,0,0,0,0,0,0
56.750680,0,0,0,0,0,1,0,0,0,0,0,0,0,1,1,0,0,0
56.750959,0,0,0,0,0,0,0,1,0,0,0,0,0,0,0,0,0,1
56.762018,0,1,1,0,0,0,0,0,0,1,1,0,1,0,0,1,0,0
56.779136,1,0,0,1,0,0,1,0,0,1,1,0,1,1,1,0,1,0
56.790440,0,0,0,0,1,0,0,0,0,0,0,0,0,0,0,0,0,0
56.799057,0,0,0,0,0,1,0,0,0,0,0,0,0,1,1,0,0,0
56.799823,0,0,0,0,0,0,0,1,0,0,0,0,0,0,0,0,0,1
56.800937,0,1,1,0,0,0,0,0,0,1,1,0,1,0,0,1,0,0
56.813676,1,0,0,0,0,0,0,0,1,0,0,0,1,0,0,0,0,0
56.836160,0,0,0,0,1,0,1,0,0,1,0,1,0,1,0,0,1,0
56.848992,0,0,0,0,0,1,0,0,0,0,0,0,0,1,1,0,0,0
56.850939,0,0,0,0,0,0,0,1,0,0,0,0,0,0,0,0,0,1
56.859842,0,1,1,0,0,0,0,0,0,1,1,0,1,0,0,1,0,0
56.876782,1,0,0,0,0,0,0,0,1,0,0,0,1,0,0,0,0,0
56.886577,0,0,0,0,1,0,1,0,0,1,0,1,0,1,0,0,1,0
56.898767,0,0,0,0,0,1,0,0,0,0,0,0,0,1,1,0,0,0
56.901746,0,0,0,0,0,0,0,1,0,0,0,0,0,0,0,0,0,1
56.914479,0,1,1,0,0,0,0,0,0,1,1,0,1,0,0,1,0,0
56.927395,1,0,0,1,0,0,1,0,0,1,1,0,1,1,1,0,1,0
56.934699,0,0,0,0,1,0,0,0,0,0,0,0,0,0,0,0,0,0
56.951053,0,0,0,0,0,1,0,0,0,0,0,0,0,1,1,0,0,0
56.951790,0,1,1,0,0,0,0,0,0,1,1,0,1,0,0,1,0,0
56.952228,0,0,0,0,0,0,0,1,0,0,0,0,0,0,0,0,0,1
56.965598,1,0,0,1,0,0,1,0,0,1,1,0,1,1,1,0,1,0
56.990310,0,0,0,0,1,0,0,0,0,0,0,0,0,0,0,0,0,0
56.994764,0,0,1,0,0,0,0,0,1,0,0,0,1,0,0,0,0,0
56.998129,0,0,0,0,0,1,0,0,0,1,0,1,0,1,0,1,0,0
57.003844,0,0,0,0,0,0,0,1,0,0,0,0,0,0,0,0,0,1
57.010666,1,0,0,0,0,0,0,0,1,0,0,0,1,0,0,0,0,0
57.035532,0,0,0,0,1,0,0,0,0,0,0,0,0,0,0,0,0,0
57.044132,0,0,0,0,0,0,1,0,0,1,0,1,0,1,0,0,1,0
57.048574,0,0,0,0,0,0,0,1,0,0,0,0,0,0,0,0,0,1
57.049109,0,0,0,0,0,1,0,0,0,0,0,0,0,1,1,0,0,0
57.072958,0,1,1,0,0,0,0,0,0,1,1,0,1,0,0,1,0,0
57.080226,0,0,0,0,1,0,0,0,0,0,0,0,0,0,0,0,0,0
57.087049,1,0,0,1,0,0,1,0,0,1,1,0,1,1,1,0,1,0
57.097343,0,0,0,0,0,0,0,1,0,0,0,0,0,0,0,0,0,1
57.098555,0,0,0,0,0,1,0,0,0,0,0,0,0,1,1,0,0,0
57.109529,0,1,1,0,0,0,0,0,0,1,1,0,1,0,0,1,0,0
57.124814,1,0,0,1,0,0,1,0,0,1,1,0,1,1,1,0,1,0
57.133467,0,0,0,0,1,0,0,0,0,0,0,0,0,0,0,0,0,0
57.148067,0,0,1,0,0,0,0,0,1,0,0,0,1,0,0,0,0,0
57.149484,0,0,0,0,0,0,0,1,0,0,0,0,0,0,0,0,0,1
57.150990,0,0,0,0,0,1,0,0,0,1,0,1,0,1,0,1,0,0
57.169828,1,0,0,1,0,0,1,0,0,1,1,0,1,1,1,0,1,0
57.183260,0,0,0,0,1,0,0,0,0,0,0,0,0,0,0,0,0,0
57.192231,0,0,1,0,0,0,0,0,1,0,0,0,1,0,0,0,0,0
57.201460,0,0,0,0,0,1,0,0,0,1,0,1,0,1,0,1,0,0
57.202023,0,0,0,0,0,0,0,1,0,0,0,0,0,0,0,0,0,1
57.215163,1,0,0,0,0,0,0,0,1,0,0,0,1,0,0,0,0,0
57.237151,0,0,0,0,1,0,0,0,0,0,0,0,0,0,0,0,0,0
57.249457,0,0,0,0,0,1,1,0,0,1,0,1,0,1,0,0,1,0
57.252664,0,0,0,0,0,0,0,1,0,0,0,0,0,0,0,0,0,1
57.275228,0,1,1,0,0,0,0,0,0,1,1,0,1,0,0,1,0,0
57.289855,1,0,0,1,0,0,1,0,0,1,1,0,1,1,1,0,1,0
57.291868,0,0,0,0,1,0,0,0,0,0,0,0,0,0,0,0,0,0
57.299086,0,0,0,0,0,0,0,1,0,0,0,0,0,0,0,0,0,1
57.300957,0,0,0,0,0,1,0,0,0,0,0,0,0,1,1,0,0,0
57.314921,0,1,1,0,0,0,0,0,0,1,1,0,1,0,0,1,0,0
57.329222,0,0,0,0,1,0,0,0,0,0,0,0,0,0,0,0,0,0
57.331616,1,0,0,1,0,0,1,0,0,1,1,0,1,1,1,0,1,0
57.346916,0,0,0,0,0,0,0,1,0,0,0,0,0,0,0,0,0,1
57.351900,0,0,0,0,0,1,0,0,0,0,0,0,0,1,1,0,0,0
57.354846,0,1,1,0,0,0,0,0,0,1,1,0,1,0,0,1,0,0
57.374693,1,0,0,1,0,0,1,0,0,1,1,0,1,1,1,0,1,0
57.385042,0,0,0,0,1,0,0,0,0,0,0,0,0,0,0,0,0,0
57.397522,0,0,0,0,0,0,0,1,0,0,0,0,0,0,0,0,0,1
57.399828,0,0,0,0,0,1,0,0,0,0,0,0,0,1,1,0,0,0
57.400966,0,1,1,0,0,0,0,0,0,1,1,0,1,0,0,1,0,0
57.414637,1,0,0,1,0,0,1,0,0,1,1,0,1,1,1,0,1,0
57.431839,0,0,0,0,1,0,0,0,0,0,0,0,0,0,0,0,0,0
57.442599,0,0,1,0,0,0,0,0,1,0,0,0,1,0,0,0,0,0
57.449722,0,0,0,0,0,0,0,1,0,0,0,0,0,0,0,0,0,1
57.451316,0,0,0,0,0,1,0,0,0,1,0,1,0,1,0,1,0,0
57.466953,1,0,0,1,0,0,1,0,0,1,1,0,1,1,1,0,1,0
57.485825,0,0,0,0,1,0,0,0,0,0,0,0,0,0,0,0,0,0
57.488740,0,0,1,0,0,0,0,0,1,0,0,0,1,0,0,0,0,0
57.499682,0,0,0,0,0,1,0,0,0,1,0,1,0,1,0,1,0,0
57.501241,0,0,0,0,0,0,0,1,0,0,0,0,0,0,0,0,0,1
57.513407,1,0,0,1,0,0,1,0,0,1,1,0,1,1,1,0,1,0
57.535692,0,0,1,0,0,0,0,0,1,0,0,0,1,0,0,0,0,0
57.537678,0,0,0,0,1,0,0,0,0,0,0,0,0,0,0,0,0,0
57.547958,0,0,0,0,0,0,0,1,0,0,0,0,0,0,0,0,0,1
57.550310,0,0,0,0,0,1,0,0,0,1,0,1,0,1,0,1,0,0
57.561973,1,0,0,0,0,0,0,0,1,0,0,0,1,0,0,0,0,0
57.584738,0,0,0,0,1,0,1,0,0,1,0,1,0,1,0,0,1,0
57.598063,0,0,0,0,0,0,0,1,0,0,0,0,0,0,0,0,0,1
57.600414,0,0,0,0,0,1,0,0,0,0,0,0,0,1,1,0,0,0
57.605370,0,1,1,0,0,0,0,0,0,1,1,0,1,0,0,1,0,0
57.619526,1,0,0,1,0,0,1,0,0,1,1,0,1,1,1,0,1,0
57.632293,0,0,0,0,1,0,0,0,0,0,0,0,0,0,0,0,0,0
57.639583,0,0,1,0,0,0,0,0,1,0,0,0,1,0,0,0,0,0
57.650898,0,0,0,0,0,0,0,1,0,0,0,0,0,0,0,0,0,1
57.651404,0,0,0,0,0,1,0,0,0,1,0,1,0,1,0,1,0,0
57.671159,1,0,0,1,0,0,1,0,0,1,1,0,1,1,1,0,1,0
57.685336,0,0,0,0,1,0,0,0,0,0,0,0,0,0,0,0,0,0
57.694614,0,0,1,0,0,0,0,0,1,0,0,0,1,0,0,0,0,0
57.701723,0,0,0,0,0,1,0,0,0,1,0,1,0,1,0,1,0,0
57.701899,0,0,0,0,0,0,0,1,0,0,0,0,0,0,0,0,0,1
57.711799,1,0,0,0,0,0,0,0,1,0,0,0,1,0,0,0,0,0
57.741629,0,0,0,0,1,0,0,0,0,0,0,0,0,0,0,0,0,0
57.749520,0,0,0,0,0,1,1,0,0,1,0,1,0,1,0,0,1,0
57.749617,0,0,0,0,0,0,0,1,0,0,0,0,0,0,0,0,0,1
57.770351,0,1,1,0,0,0,0,0,0,1,1,0,1,0,0,1,0,0
57.782066,0,0,0,0,1,0,0,0,0,0,0,0,0,0,0,0,0,0
57.787244,1,0,0,0,0,0,0,0,1,0,0,0,1,0,0,0,0,0
57.799859,0,0,0,0,0,1,1,0,0,1,0,1,0,1,0,1,0,0
57.803266,0,0,0,0,0,0,0,1,0,0,0,0,0,0,0,0,0,1
57.815918,1,0,0,1,0,0,1,0,0,1,1,0,1,1,1,0,1,0
57.833854,0,0,0,0,1,0,0,0,0,0,0,0,0,0,0,0,0,0
57.840071,0,0,1,1,0,0,0,0,0,1,1,0,1,0,0,0,1,0
57.849444,0,0,0,0,0,0,0,1,0,0,0,0,0,0,0,0,0,1
57.850885,0,0,0,0,0,1,0,0,0,0,0,0,0,1,1,0,0,0
57.860492,0,1,1,0,0,0,0,0,0,1,1,0,1,0,0,1,0,0
57.874539,1,0,0,0,0,0,0,0,1,0,0,0,1,0,0,0,0,0
57.888620,0,0,0,0,1,0,1,0,0,1,0,1,0,1,0,0,1,0
57.899606,0,0,0,0,0,1,0,0,0,0,0,0,0,1,1,0,0,0
57.899742,0,0,0,0,0,0,0,1,0,0,0,0,0,0,0,0,0,1
57.910267,0,1,1,0,0,0,0,0,0,1,1,0,1,0,0,1,0,0
57.926479,1,0,0,1,0,0,1,0,0,1,1,0,1,1,1,0,1,0
57.932665,0,0,0,0,1,0,0,0,0,0,0,0,0,0,0,0,0,0
57.947796,0,0,1,0,0,0,0,0,1,0,0,0,1,0,0,0,0,0
57.949189,0,0,0,0,0,0,0,1,0,0,0,0,0,0,0,0,0,1
57.951824,0,0,0,0,0,1,0,0,0,1,0,1,0,1,0,1,0,0
57.967305,1,0,0,0,0,0,0,0,1,0,0,0,1,0,0,0,0,0
57.984586,0,0,0,0,1,0,1,0,0,1,0,1,0,1,0,0,1,0
57.999348,0,0,0,0,0,1,0,0,0,0,0,0,0,1,1,0,0,0
58.000845,0,0,0,0,0,0,0,1,0,0,0,0,0,0,0,0,0,1
58.005492,0,1,1,0,0,0,0,0,0,1,1,0,1,0,0,1,0,0
58.019488,1,0,0,1,0,0,1,0,0,1,1,0,1,1,1,0,1,0
58.034345,0,0,0,0,1,0,0,0,0,0,0,0,0,0,0,0,0,0
58.044733,0,0,1,0,0,0,0,0,1,0,0,0,1,0,0,0,0,0
58.049937,0,0,0,0,0,1,0,0,0,1,0,1,0,1,0,1,0,0
58.052335,0,0,0,0,0,0,0,1,0,0,0,0,0,0,0,0,0,1
58.068670,1,0,0,1,0,0,1,0,0,1,1,0,1,1,1,0,1,0
58.091971,0,0,0,0,1,0,0,0,0,0,0,0,0,0,0,0,0,0
58.094217,0,0,1,0,0,0,0,0,1,0,0,0,1,0,0,0,0,0
58.098978,0,0,0,0,0,0,0,1,0,0,0,0,0,0,0,0,0,1
58.099693,0,0,0,0,0,1,0,0,0,1,0,1,0,1,0,1,0,0
58.111971,1,0,0,1,0,0,1,0,0,1,1,0,1,1,1,0,1,0
58.134833,0,0,1,0,0,0,0,0,1,0,0,0,1,0,0,0,0,0
58.135738,0,0,0,0,1,0,0,0,0,0,0,0,0,0,0,0,0,0
58.148267,0,0,0,0,0,1,0,0,0,1,0,1,0,1,0,1,0,0
58.151212,0,0,0,0,0,0,0,1,0,0,0,0,0,0,0,0,0,1
58.160730,1,0,0,1,0,0,1,0,0,1,1,0,1,1,1,0,1,0
58.183723,0,0,1,0,0,0,0,0,1,0,0,0,1,0,0,0,0,0
58.188882,0,0,0,0,1,0,0,0,0,0,0,0,0,0,0,0,0,0
58.198645,0,0,0,0,0,0,0,1,0,0,0,0,0,0,0,0,0,1
58.199393,0,0,0,0,0,1,0,0,0,1,0,1,0,1,0,1,0,0
58.210944,1,0,0,1,0,0,1,0,0,1,1,0,1,1,1,0,1,0
58.232805,0,0,1,0,0,0,0,0,1,0,0,0,1,0,0,0,0,0
58.237918,0,0,0,0,1,0,0,0,0,0,0,0,0,0,0,0,0,0
58.248770,0,0,0,0,0,1,0,0,0,1,0,1,0,1,0,1,0,0
58.251049,0,0,0,0,0,0,0,1,0,0,0,0,0,0,0,0,0,1
58.266854,1,0,0,1,0,0,1,0,0,1,1,0,1,1,1,0,1,0
58.288056,0,0,1,0,0,0,0,0,1,0,0,0,1,0,0,0,0,0
58.290226,0,0,0,0,1,0,0,0,0,0,0,0,0,0,0,0,0,0
58.298496,0,0,0,0,0,0,0,1,0,0,0,0,0,0,0,0,0,1
58.300687,0,0,0,0,0,1,0,0,0,1,0,1,0,1,0,1,0,0
58.315282,1,0,0,1,0,0,1,0,0,1,1,0,1,1,1,0,1,0
58.332979,0,0,0,0,1,0,0,0,0,0,0,0,0,0,0,0,0,0
58.344056,0,0,1,0,0,0,0,0,1,0,0,0,1,0,0,0,0,0
58.349635,0,0,0,0,0,1,0,0,0,1,0,1,0,1,0,1,0,0
58.352350,0,0,0,0,0,0,0,1,0,0,0,0,0,0,0,0,0,1
58.360443,1,0,0,1,0,0,1,0,0,1,1,0,1,1,1,0,1,0
58.387947,0,0,0,0,1,0,0,0,0,0,0,0,0,0,0,0,0,0
58.388554,0,0,1,0,0,0,0,0,1,0,0,0,1,0,0,0,0,0
58.399193,0,0,0,0,0,1,0,0,0,1,0,1,0,1,0,1,0,0
58.400703,0,0,0,0,0,0,0,1,0,0,0,0,0,0,0,0,0,1
58.417401,1,0,0,0,0,0,0,0,1,0,0,0,1,0,0,0,0,0
58.435400,0,0,0,0,1,0,1,0,0,1,0,1,0,1,0,0,1,0
58.446976,0,0,0,0,0,0,0,1,0,0,0,0,0,0,0,0,0,1
58.449669,0,0,0,0,0,1,0,0,0,0,0,0,0,1,1,0,0,0
58.461188,0,1,1,0,0,0,0,0,0,1,1,0,1,0,0,1,0,0
58.475392,1,0,0,0,0,0,0,0,1,0,0,0,1,0,0,0,0,0
58.478919,0,0,0,0,0,0,1,0,0,1,0,1,0,1,0,0,1,0
58.482892,0,0,0,0,1,0,0,0,0,0,0,0,0,0,0,0,0,0
58.501434,0,0,0,0,0,1,0,0,0,0,0,0,0,1,1,0,0,0
58.503462,0,1,1,0,0,0,0,0,0,1,1,0,1,0,0,1,0,0
58.503854,0,0,0,0,0,0,0,1,0,0,0,0,0,0,0,0,0,1
58.520517,1,0,0,1,0,0,1,0,0,1,1,0,1,1,1,0,1,0
58.539615,0,0,0,0,1,0,0,0,0,0,0,0,0,0,0,0,0,0
58.544298,0,0,1,0,0,0,0,0,1,0,0,0,1,0,0,0,0,0
58.550758,0,0,0,0,0,0,0,1,0,0,0,0,0,0,0,0,0,1
58.551838,0,0,0,0,0,1,0,0,0,1,0,1,0,1,0,1,0,0
58.565670,1,0,0,0,0,0,0,0,1,0,0,0,1,0,0,0,0,0
58.582634,0,0,0,0,0,0,1,0,0,1,0,1,0,1,0,0,1,0
58.588291,0,0,0,0,1,0,0,0,0,0,0,0,0,0,0,0,0,0
58.599747,0,0,0,0,0,1,0,0,0,0,0,0,0,1,1,0,0,0
58.601123,0,0,0,0,0,0,0,1,0,0,0,0,0,0,0,0,0,1
58.611538,0,1,1,0,0,0,0,0,0,1,1,0,1,0,0,1,0,0
58.623642,1,0,0,0,0,0,0,0,1,0,0,0,1,0,0,0,0,0
58.630715,0,0,0,0,0,0,1,0,0,1,0,1,0,1,0,0,1,0
58.632895,0,0,0,0,1,0,0,0,0,0,0,0,0,0,0,0,0,0
58.650318,0,0,0,0,0,1,0,0,0,0,0,0,0,1,1,0,0,0
58.650807,0,0,0,0,0,0,0,1,0,0,0,0,0,0,0,0,0,1
58.652941,0,1,1,0,0,0,0,0,0,1,1,0,1,0,0,1,0,0
58.672784,1,0,0,1,0,0,1,0,0,1,1,0,1,1,1,0,1,0
58.684397,0,0,0,0,1,0,0,0,0,0,0,0,0,0,0,0,0,0
58.699581,0,0,0,0,0,1,0,0,0,0,0,0,0,1,1,0,0,0
58.699847,0,1,1,0,0,0,0,0,0,1,1,0,1,0,0,1,0,0
58.703949,0,0,0,0,0,0,0,1,0,0,0,0,0,0,0,0,0,1
58.718039,1,0,0,0,0,0,0,0,1,0,0,0,1,0,0,0,0,0
58.742000,0,0,0,0,1,0,1,0,0,1,0,1,0,1,0,0,1,0
58.747510,0,0,0,0,0,0,0,1,0,0,0,0,0,0,0,0,0,1
58.750214,0,0,0,0,0,1,0,0,0,0,0,0,0,1,1,0,0,0
58.762117,0,1,1,0,0,0,0,0,0,1,1,0,1,0,0,1,0,0
58.777239,1,0,0,1,0,0,1,0,0,1,1,0,1,1,1,0,1,0
58.784682,0,0,0,0,1,0,0,0,0,0,0,0,0,0,0,0,0,0
58.799255,0,0,0,0,0,0,0,1,0,0,0,0,0,0,0,0,0,1
58.800650,0,0,0,0,0,1,0,0,0,0,0,0,0,1,1,0,0,0
58.802395,0,1,1,0,0,0,0,0,0,1,1,0,1,0,0,1,0,0
58.812947,1,0,0,0,0,0,0,0,1,0,0,0,1,0,0,0,0,0
58.834281,0,0,0,0,1,0,1,0,0,1,0,1,0,1,0,0,1,0
58.849436,0,0,0,0,0,1,0,0,0,0,0,0,0,1,1,0,0,0
58.849860,0,0,0,0,0,0,0,1,0,0,0,0,0,0,0,0,0,1
58.855064,0,1,1,0,0,0,0,0,0,1,1,0,1,0,0,1,0,0
58.874171,1,0,0,0,0,0,0,0,1,0,0,0,1,0,0,0,0,0
58.889758,0,0,0,0,1,0,0,0,0,0,0,0,0,0,0,0,0,0
58.894315,0,0,0,0,0,0,1,0,0,1,0,1,0,1,0,0,1,0
58.898081,0,0,0,0,0,0,0,1,0,0,0,0,0,0,0,0,0,1
58.900619,0,0,0,0,0,1,0,0,0,0,0,0,0,1,1,0,0,0
58.915563,0,1,1,0,0,0,0,0,0,1,1,0,1,0,0,1,0,0
58.925715,1,0,0,0,0,0,0,0,1,0,0,0,1,0,0,0,0,0
58.931431,0,0,0,0,0,0,1,0,0,1,0,1,0,1,0,0,1,0
58.936556,0,0,0,0,1,0,0,0,0,0,0,0,0,0,0,0,0,0
58.948684,0,0,0,0,0,1,0,0,0,0,0,0,0,1,1,0,0,0
58.949964,0,0,0,0,0,0,0,1,0,0,0,0,0,0,0,0,0,1
58.957950,0,1,1,0,0,0,0,0,0,1,1,0,1,0,0,1,0,0
58.972972,1,0,0,1,0,0,1,0,0,1,1,0,1,1,1,0,1,0
58.987529,0,0,0,0,1,0,0,0,0,0,0,0,0,0,0,0,0,0
58.994290,0,0,1,0,0,0,0,0,1,0,0,0,1,0,0,0,0,0
59.000031,0,0,0,0,0,1,0,0,0,1,0,1,0,1,0,1,0,0
59.003411,0,0,0,0,0,0,0,1,0,0,0,0,0,0,0,0,0,1
59.012632,1,0,0,0,0,0,0,0,1,0,0,0,1,0,0,0,0,0
59.025757,0,0,0,0,0,0,1,0,0,1,0,1,0,1,0,0,1,0
59.035756,0,0,0,0,1,0,0,0,0,0,0,0,0,0,0,0,0,0
59.049197,0,0,0,0,0,1,0,0,0,0,0,0,0,1,1,0,0,0
59.049961,0,0,0,0,0,0,0,1,0,0,0,0,0,0,0,0,0,1
59.050020,0,1,1,0,0,0,0,0,0,1,1,0,1,0,0,1,0,0
59.064883,1,0,0,0,0,0,0,0,1,0,0,0,1,0,0,0,0,0
59.079865,0,0,0,0,0,0,1,0,0,1,0,1,0,1,0,0,1,0
59.081831,0,0,0,0,1,0,0,0,0,0,0,0,0,0,0,0,0,0
59.098483,0,0,0,0,0,1,0,0,0,0,0,0,0,1,1,0,0,0
59.100389,0,0,0,0,0,0,0,1,0,0,0,0,0,0,0,0,0,1
59.102990,0,1,1,0,0,0,0,0,0,1,1,0,1,0,0,1,0,0
59.120834,1,0,0,1,0,0,1,0,0,1,1,0,1,1,1,0,1,0
59.134132,0,0,0,0,1,0,0,0,0,0,0,0,0,0,0,0,0,0
59.145846,0,0,1,0,0,0,0,0,1,0,0,0,1,0,0,0,0,0
59.146915,0,0,0,0,0,0,0,1,0,0,0,0,0,0,0,0,0,1
59.150594,0,0,0,0,0,1,0,0,0,1,0,1,0,1,0,1,0,0
59.166854,1,0,0,1,0,0,1,0,0,1,1,0,1,1,1,0,1,0
59.182600,0,0,0,0,1,0,0,0,0,0,0,0,0,0,0,0,0,0
59.187915,0,0,1,0,0,0,0,0,1,0,0,0,1,0,0,0,0,0
59.197851,0,0,0,0,0,0,0,1,0,0,0,0,0,0,0,0,0,1
59.199305,0,0,0,0,0,1,0,0,0,1,0,1,0,1,0,1,0,0
59.214388,1,0,0,0,0,0,0,0,1,0,0,0,1,0,0,0,0,0
59.237395,0,0,0,0,1,0,1,0,0,1,0,1,0,1,0,0,1,0
59.251987,0,0,0,0,0,1,0,0,0,0,0,0,0,1,1,0,0,0
59.253043,0,0,0,0,0,0,0,1,0,0,0,0,0,0,0,0,0,1
59.262632,0,1,1,0,0,0,0,0,0,1,1,0,1,0,0,1,0,0
59.273020,1,0,0,1,0,0,1,0,0,1,1,0,1,1,1,0,1,0
59.292117,0,0,0,0,1,0,0,0,0,0,0,0,0,0,0,0,0,0
59.295016,0,0,1,0,0,0,0,0,1,0,0,0,1,0,0,0,0,0
59.299489,0,0,0,0,0,0,0,1,0,0,0,0,0,0,0,0,0,1
59.301017,0,0,0,0,0,1,0,0,0,1,0,1,0,1,0,1,0,0
59.312551,1,0,0,0,0,0,0,0,1,0,0,0,1,0,0,0,0,0
59.324633,0,0,0,0,0,0,1,0,0,1,0,1,0,1,0,0,1,0
59.339132,0,0,0,0,1,0,0,0,0,0,0,0,0,0,0,0,0,0
59.348792,0,0,0,0,0,1,0,0,0,0,0,0,0,1,1,0,0,0
59.352001,0,1,1,0,0,0,0,0,0,1,1,0,1,0,0,1,0,0
59.352315,0,0,0,0,0,0,0,1,0,0,0,0,0,0,0,0,0,1
59.367122,1,0,0,0,0,0,0,0,1,0,0,0,1,0,0,0,0,0
59.388791,0,0,0,0,1,0,0,0,0,0,0,0,0,0,0,0,0,0
59.400096,0,0,0,0,0,0,1,1,0,1,0,1,0,1,0,0,1,1
59.400619,0,0,0,0,0,1,0,0,0,0,0,0,0,1,1,0,0,0
59.423257,0,1,1,0,0,0,0,0,0,1,1,0,1,0,0,1,0,0
59.433295,0,0,0,0,1,0,0,0,0,0,0,0,0,0,0,0,0,0
59.436754,1,0,0,0,0,0,0,0,1,0,0,0,1,0,0,0,0,0
59.448362,0,0,0,0,0,0,0,1,0,0,0,0,0,0,0,0,0,1
59.449529,0,0,0,0,0,0,1,0,0,1,0,1,0,1,0,0,1,0
59.450574,0,0,0,0,0,1,0,0,0,0,0,0,0,1,1,0,0,0
59.473901,0,1,1,0,0,0,0,0,0,1,1,0,1,0,0,1,0,0
59.483337,0,0,0,0,1,0,0,0,0,0,0,0,0,0,0,0,0,0
59.491568,1,0,0,1,0,0,1,0,0,1,1,0,1,1,1,0,1,0
59.501334,0,0,0,0,0,0,0,1,0,0,0,0,0,0,0,0,0,1
59.501365,0,0,0,0,0,1,0,0,0,0,0,0,0,1,1,0,0,0
59.518455,0,1,1,0,0,0,0,0,0,1,1,0,1,0,0,1,0,0
59.529017,1,0,0,1,0,0,1,0,0,1,1,0,1,1,1,0,1,0
59.537032,0,0,0,0,1,0,0,0,0,0,0,0,0,0,0,0,0,0
59.550464,0,0,0,0,0,1,0,0,0,0,0,0,0,1,1,0,0,0
59.551957,0,0,0,0,0,0,0,1,0,0,0,0,0,0,0,0,0,1
59.553343,0,1,1,0,0,0,0,0,0,1,1,0,1,0,0,1,0,0
59.564971,1,0,0,0,0,0,0,0,1,0,0,0,1,0,0,0,0,0
59.586025,0,0,0,0,1,0,0,0,0,0,0,0,0,0,0,0,0,0
59.599532,0,0,0,0,0,1,0,0,0,1,0,1,0,1,0,1,0,0
59.600687,0,0,0,0,0,0,1,0,0,0,0,0,0,1,1,0,0,0
59.601700,0,0,0,0,0,0,0,1,0,0,0,0,0,0,0,0,0,1
59.618349,1,0,0,1,0,0,1,0,0,1,1,0,1,1,1,0,1,0
59.640359,0,0,1,1,0,0,0,0,0,1,1,0,1,0,0,0,1,0
59.640846,0,0,0,0,1,0,0,0,0,0,0,0,0,0,0,0,0,0
59.650248,0,0,0,0,0,1,0,0,0,0,0,0,0,1,1,0,0,0
59.650830,0,0,0,0,0,0,0,1,0,0,0,0,0,0,0,0,0,1
59.670288,0,1,1,0,0,0,0,0,0,1,1,0,1,0,0,1,0,0
59.685600,0,0,0,0,1,0,0,0,0,0,0,0,0,0,0,0,0,0
59.686569,1,0,0,0,0,0,0,0,1,0,0,0,1,0,0,0,0,0
59.699637,0,0,0,0,0,1,1,0,0,1,0,1,0,1,0,1,0,0
59.701398,0,0,0,0,0,0,0,1,0,0,0,0,0,0,0,0,0,1
59.713150,1,0,0,1,0,0,0,0,0,1,1,0,1,0,0,0,1,0
59.735449,0,0,1,1,0,0,1,0,0,1,1,0,1,1,1,0,1,0
59.739485,0,0,0,0,1,0,0,0,0,0,0,0,0,0,0,0,0,0
59.751177,0,0,0,0,0,1,0,0,0,0,0,0,0,1,1,0,0,0
59.752375,0,0,0,0,0,0,0,1,0,0,0,0,0,0,0,0,0,1
59.756972,0,1,1,0,0,0,0,0,0,1,1,0,1,0,0,1,0,0
59.767829,1,0,0,1,0,0,1,0,0,1,1,0,1,1,1,0,1,0
59.790952,0,0,0,0,1,0,0,0,0,0,0,0,0,0,0,0,0,0
59.797088,0,0,1,0,0,0,0,0,1,0,0,0,1,0,0,0,0,0
59.799224,0,0,0,0,0,1,0,0,0,1,0,1,0,1,0,1,0,0
59.803208,0,0,0,0,0,0,0,1,0,0,0,0,0,0,0,0,0,1
59.814031,1,0,0,0,0,0,0,0,1,0,0,0,1,0,0,0,0,0
59.841115,0,0,0,0,1,0,0,0,0,0,0,0,0,0,0,0,0,0
59.849398,0,0,0,0,0,0,0,1,0,0,0,0,0,0,0,0,0,1
59.849664,0,0,0,0,0,0,1,0,0,1,0,1,0,1,0,0,1,0
59.849929,0,0,0,0,0,1,0,0,0,0,0,0,0,1,1,0,0,0
59.874173,0,1,1,0,0,0,0,0,0,1,1,0,1,0,0,1,0,0
59.881052,0,0,0,0,1,0,0,0,0,0,0,0,0,0,0,0,0,0
59.890858,1,0,0,1,0,0,1,0,0,1,1,0,1,1,1,0,1,0
59.898241,0,0,0,0,0,0,0,1,0,0,0,0,0,0,0,0,0,1
59.898789,0,0,0,0,0,1,0,0,0,0,0,0,0,1,1,0,0,0
59.914550,0,1,1,0,0,0,0,0,0,1,1,0,1,0,0,1,0,0
59.929659,1,0,0,1,0,0,1,0,0,1,1,0,1,1,1,0,1,0
59.933139,0,0,0,0,1,0,0,0,0,0,0,0,0,0,0,0,0,0
59.950451,0,0,0,0,0,0,0,1,0,0,0,0,0,0,0,0,0,1
59.950650,0,0,0,0,0,1,0,0,0,0,0,0,0,1,1,0,0,0
59.957540,0,1,1,0,0,0,0,0,0,1,1,0,1,0,0,1,0,0
59.969622,1,0,0,0,0,0,0,0,1,0,0,0,1,0,0,0,0,0
59.984530,0,0,0,0,1,0,0,0,0,0,0,0,0,0,0,0,0,0
59.999898,0,0,0,0,0,0,0,1,0,0,0,0,0,0,0,0,0,1
60.000205,0,0,0,0,0,0,1,0,0,1,0,1,0,1,0,0,1,0
60.000512,0,0,0,0,0,1,0,0,0,0,0,0,0,1,1,0,0,0
60.024469,0,1,1,0,0,0,0,0,0,1,1,0,1,0,0,1,0,0
60.037480,0,0,0,0,1,0,0,0,0,0,0,0,0,0,0,0,0,0
60.038566,1,0,0,1,0,0,1,0,0,1,1,0,1,1,1,0,1,0
60.047621,0,0,0,0,0,0,0,1,0,0,0,0,0,0,0,0,0,1
60.050795,0,0,0,0,0,1,0,0,0,0,0,0,0,1,1,0,0,0
60.064218,0,1,1,0,0,0,0,0,0,1,1,0,1,0,0,1,0,0
60.076510,1,0,0,0,0,0,0,0,1,0,0,0,1,0,0,0,0,0
60.083053,0,0,0,0,0,0,1,0,0,1,0,1,0,1,0,0,1,0
60.087504,0,0,0,0,1,0,0,0,0,0,0,0,0,0,0,0,0,0
60.098497,0,0,0,0,0,0,0,1,0,0,0,0,0,0,0,0,0,1
60.100322,0,0,0,0,0,1,0,0,0,0,0,0,0,1,1,0,0,0
60.110835,0,1,1,0,0,0,0,0,0,1,1,0,1,0,0,1,0,0
60.125413,1,0,0,1,0,0,1,0,0,1,1,0,1,1,1,0,1,0
60.133077,0,0,0,0,1,0,0,0,0,0,0,0,0,0,0,0,0,0
60.146452,0,0,1,0,0,0,0,0,1,0,0,0,1,0,0,0,0,0
60.150038,0,0,0,0,0,1,0,0,0,1,0,1,0,1,0,1,0,0
60.152266,0,0,0,0,0,0,0,1,0,0,0,0,0,0,0,0,0,1
60.164942,1,0,0,0,0,0,0,0,1,0,0,0,1,0,0,0,0,0
60.175119,0,0,0,0,0,0,1,0,0,1,0,1,0,1,0,0,1,0
60.189457,0,0,0,0,1,0,0,0,0,0,0,0,0,0,0,0,0,0
60.200104,0,0,0,0,0,0,0,1,0,0,0,0,0,0,0,0,0,1
60.200441,0,0,1,0,0,0,0,0,1,0,0,0,1,0,0,0,0,0
60.201930,0,0,0,0,0,1,0,0,0,1,0,1,0,1,0,1,0,0
60.215152,1,0,0,0,0,0,0,0,1,0,0,0,1,0,0,0,0,0
60.237018,0,0,0,0,1,0,0,0,0,0,0,0,0,0,0,0,0,0
60.249740,0,0,0,0,0,0,0,1,0,0,0,0,0,0,0,0,0,1
60.249805,0,0,0,0,0,0,1,0,0,1,0,1,0,1,0,0,1,0
60.249869,0,0,0,0,0,1,0,0,0,0,0,0,0,1,1,0,0,0
60.276299,0,1,1,0,0,0,0,0,0,1,1,0,1,0,0,1,0,0
60.286975,0,0,0,0,1,0,0,0,0,0,0,0,0,0,0,0,0,0
60.293339,1,0,0,0,0,0,0,0,1,0,0,0,1,0,0,0,0,0
60.297392,0,0,0,0,0,0,0,1,0,0,0,0,0,0,0,0,0,1
60.300876,0,0,0,0,0,1,0,0,0,1,0,1,0,1,0,1,0,0
60.317545,1,0,0,0,0,0,0,0,1,0,0,0,1,0,0,0,0,0
60.321724,0,0,0,0,0,0,1,0,0,1,0,1,0,1,0,0,1,0
60.332973,0,0,0,0,1,0,0,0,0,0,0,0,0,0,0,0,0,0
60.345220,0,0,1,0,0,0,0,0,1,0,0,0,1,0,0,0,0,0
60.346407,0,0,0,0,0,0,1,1,0,1,0,1,0,1,0,0,1,1
60.348344,0,0,0,0,0,1,0,0,0,0,0,0,0,1,1,0,0,0
60.372568,0,1,1,0,0,0,0,0,0,1,1,0,1,0,0,1,0,0
60.382255,0,0,0,0,1,0,0,0,0,0,0,0,0,0,0,0,0,0
60.390904,1,0,0,1,0,0,1,0,0,1,1,0,1,1,1,0,1,0
60.398997,0,0,0,0,0,0,0,1,0,0,0,0,0,0,0,0,0,1
60.399822,0,0,0,0,0,1,0,0,0,0,0,0,0,1,1,0,0,0
60.411815,0,1,1,0,0,0,0,0,0,1,1,0,1,0,0,1,0,0
60.430184,1,0,0,1,0,0,1,0,0,1,1,0,1,1,1,0,1,0
60.431664,0,0,0,0,1,0,0,0,0,0,0,0,0,0,0,0,0,0
60.447614,0,0,0,0,0,0,0,1,0,0,0,0,0,0,0,0,0,1
60.451542,0,0,0,0,0,1,0,0,0,0,0,0,0,1,1,0,0,0
60.458761,0,1,1,0,0,0,0,0,0,1,1,0,1,0,0,1,0,0
60.473359,1,0,0,1,0,0,1,0,0,1,1,0,1,1,1,0,1,0
60.486835,0,0,0,0,1,0,0,0,0,0,0,0,0,0,0,0,0,0
60.499981,0,0,1,0,0,0,0,0,1,0,0,0,1,0,0,0,0,0
60.500320,0,0,0,0,0,1,0,0,0,1,0,1,0,1,0,1,0,0
60.501432,0,0,0,0,0,0,0,1,0,0,0,0,0,0,0,0,0,1
60.513431,1,0,0,1,0,0,1,0,0,1,1,0,1,1,1,0,1,0
60.539332,0,0,0,0,1,0,0,0,0,0,0,0,0,0,0,0,0,0
60.539476,0,0,1,0,0,0,0,0,1,0,0,0,1,0,0,0,0,0
60.549836,0,0,0,0,0,1,0,0,0,1,0,1,0,1,0,1,0,0
60.552739,0,0,0,0,0,0,0,1,0,0,0,0,0,0,0,0,0,1
60.565511,1,0,0,1,0,0,1,0,0,1,1,0,1,1,1,0,1,0
60.588963,0,0,1,0,0,0,0,0,1,0,0,0,1,0,0,0,0,0
60.589320,0,0,0,0,1,0,0,0,0,0,0,0,0,0,0,0,0,0
60.597273,0,0,0,0,0,0,0,1,0,0,0,0,0,0,0,0,0,1
60.600178,0,0,0,0,0,1,0,0,0,1,0,1,0,1,0,1,0,0
60.618894,1,0,0,1,0,0,1,0,0,1,1,0,1,1,1,0,1,0
60.635444,0,0,0,0,1,0,0,0,0,0,0,0,0,0,0,0,0,0
60.639049,0,0,1,0,0,0,0,0,1,0,0,0,1,0,0,0,0,0
60.649906,0,0,0,0,0,0,0,1,0,0,0,0,0,0,0,0,0,1
60.650578,0,0,0,0,0,1,0,0,0,1,0,1,0,1,0,1,0,0
60.661778,1,0,0,0,0,0,0,0,1,0,0,0,1,0,0,0,0,0
60.663212,0,0,0,0,0,0,1,0,0,1,0,1,0,1,0,0,1,0
60.684182,0,0,0,0,1,0,0,0,0,0,0,0,0,0,0,0,0,0
60.686455,0,0,1,0,0,0,0,0,1,0,0,0,1,0,0,0,0,0
60.697417,0,0,0,0,0,0,0,1,0,0,0,0,0,0,0,0,0,1
60.698657,0,0,0,0,0,1,0,0,0,1,0,1,0,1,0,1,0,0
60.715377,1,0,0,1,0,0,1,0,0,1,1,0,1,1,1,0,1,0
60.732284,0,0,0,0,1,0,0,0,0,0,0,0,0,0,0,0,0,0
60.742511,0,0,1,0,0,0,0,0,1,0,0,0,1,0,0,0,0,0
60.749704,0,0,0,0,0,1,0,0,0,1,0,1,0,1,0,1,0,0
60.750520,0,0,0,0,0,0,0,1,0,0,0,0,0,0,0,0,0,1
60.762304,1,0,0,1,0,0,1,0,0,1,1,0,1,1,1,0,1,0
60.784228,0,0,1,0,0,0,0,0,1,0,0,0,1,0,0,0,0,0
60.785708,0,0,0,0,1,0,0,0,0,0,0,0,0,0,0,0,0,0
60.800500,0,0,0,0,0,1,0,0,0,1,0,1,0,1,0,1,0,0
60.803090,0,0,0,0,0,0,0,1,0,0,0,0,0,0,0,0,0,1
60.816564,1,0,0,1,0,0,1,0,0,1,1,0,1,1,1,0,1,0
60.834163,0,0,0,0,1,0,0,0,0,0,0,0,0,0,0,0,0,0
60.838316,0,0,1,0,0,0,0,0,1,0,0,0,1,0,0,0,0,0
60.850385,0,0,0,0,0,1,0,0,0,1,0,1,0,1,0,1,0,0
60.851342,0,0,0,0,0,0,0,1,0,0,0,0,0,0,0,0,0,1
60.867874,1,0,0,1,0,0,1,0,0,1,1,0,1,1,1,0,1,0
60.883874,0,0,0,0,1,0,0,0,0,0,0,0,0,0,0,0,0,0
60.889912,0,0,1,0,0,0,0,0,1,0,0,0,1,0,0,0,0,0
60.899120,0,0,0,0,0,1,0,0,0,1,0,1,0,1,0,1,0,0
60.900274,0,0,0,0,0,0,0,1,0,0,0,0,0,0,0,0,0,1
60.910489,1,0,0,0,0,0,0,0,1,0,0,0,1,0,0,0,0,0
60.930621,0,0,0,0,0,0,1,0,0,1,0,1,0,1,0,0,1,0
60.937497,0,0,0,0,1,0,0,0,0,0,0,0,0,0,0,0,0,0
60.950458,0,0,0,0,0,1,0,0,0,0,0,0,0,1,1,0,0,0
60.952429,0,0,0,0,0,0,0,1,0,0,0,0,0,0,0,0,0,1
60.954286,0,1,1,0,0,0,0,0,0,1,1,0,1,0,0,1,0,0
60.973012,1,0,0,0,0,0,0,0,1,0,0,0,1,0,0,0,0,0
60.984522,0,0,0,0,1,0,1,0,0,1,0,1,0,1,0,0,1,0
60.997423,0,0,0,0,0,0,0,1,0,0,0,0,0,0,0,0,0,1
60.999484,0,0,0,0,0,1,0,0,0,0,0,0,0,1,1,0,0,0
61.013318,0,1,1,0,0,0,0,0,0,1,1,0,1,0,0,1,0,0
61.024406,1,0,0,0,0,0,0,0,1,0,0,0,1,0,0,0,0,0
61.028381,0,0,0,0,1,0,1,0,0,1,0,1,0,1,0,0,1,0
61.049327,0,0,1,0,0,0,0,0,1,0,0,0,1,0,0,0,0,0
61.050142,0,0,0,0,0,1,0,0,0,1,0,1,0,1,0,1,0,0
61.051869,0,0,0,0,0,0,0,1,0,0,0,0,0,0,0,0,0,1
61.061349,1,0,0,1,0,0,1,0,0,1,1,0,1,1,1,0,1,0
61.088197,0,0,1,0,0,0,0,0,1,0,0,0,1,0,0,0,0,0
61.088428,0,0,0,0,1,0,0,0,0,0,0,0,0,0,0,0,0,0
61.100648,0,0,0,0,0,1,0,0,0,1,0,1,0,1,0,1,0,0
61.101108,0,0,0,0,0,0,0,1,0,0,0,0,0,0,0,0,0,1
61.117143,1,0,0,0,0,0,0,0,1,0,0,0,1,0,0,0,0,0
61.132649,0,0,0,0,1,0,1,0,0,1,0,1,0,1,0,0,1,0
61.149568,0,0,0,0,0,1,0,0,0,0,0,0,0,1,1,0,0,0
61.151071,0,0,0,0,0,0,0,1,0,0,0,0,0,0,0,0,0,1
61.159380,0,1,1,0,0,0,0,0,0,1,1,0,1,0,0,1,0,0
61.173519,1,0,0,0,0,0,0,0,1,0,0,0,1,0,0,0,0,0
61.184537,0,0,0,0,1,0,1,0,0,1,0,1,0,1,0,0,1,0
61.200442,0,0,0,0,0,0,0,1,0,0,0,0,0,0,0,0,0,1
61.200835,0,0,0,0,0,1,0,0,0,0,0,0,0,1,1,0,0,0
61.208110,0,1,1,0,0,0,0,0,0,1,1,0,1,0,0,1,0,0
61.224060,1,0,0,1,0,0,1,0,0,1,1,0,1,1,1,0,1,0
61.233624,0,0,0,0,1,0,0,0,0,0,0,0,0,0,0,0,0,0
61.248653,0,0,0,0,0,1,0,0,0,0,0,0,0,1,1,0,0,0
61.250681,0,0,0,0,0,0,0,1,0,0,0,0,0,0,0,0,0,1
61.251280,0,1,1,0,0,0,0,0,0,1,1,0,1,0,0,1,0,0
61.268735,1,0,0,1,0,0,1,0,0,1,1,0,1,1,1,0,1,0
61.288029,0,0,0,0,1,0,0,0,0,0,0,0,0,0,0,0,0,0
61.291764,0,0,1,0,0,0,0,0,1,0,0,0,1,0,0,0,0,0
61.299071,0,0,0,0,0,1,0,0,0,1,0,1,0,1,0,1,0,0
61.300915,0,0,0,0,0,0,0,1,0,0,0,0,0,0,0,0,0,1
61.313020,1,0,0,0,0,0,0,0,1,0,0,0,1,0,0,0,0,0
61.319442,0,0,0,0,0,0,1,0,0,1,0,1,0,1,0,0,1,0
61.336515,0,0,0,0,1,0,0,0,0,0,0,0,0,0,0,0,0,0
61.345048,0,0,1,0,0,0,0,0,1,0,0,0,1,0,0,0,0,0
61.347946,0,0,0,0,0,0,0,1,0,0,0,0,0,0,0,0,0,1
61.350041,0,0,0,0,0,1,0,0,0,1,0,1,0,1,0,1,0,0
61.361622,1,0,0,0,0,0,0,0,1,0,0,0,1,0,0,0,0,0
61.386248,0,0,0,0,1,0,0,0,0,0,0,0,0,0,0,0,0,0
61.399940,0,0,0,0,0,1,0,0,0,1,0,1,0,1,0,1,0,0
61.401397,0,0,0,0,0,0,1,1,0,0,0,0,0,1,1,0,0,1
61.417680,1,0,0,1,0,0,0,0,0,1,1,0,1,0,0,0,1,0
61.434696,0,0,0,0,1,0,1,0,0,0,0,0,0,1,1,0,0,0
61.441546,0,0,1,1,0,0,0,0,0,1,1,0,1,0,0,0,1,0
61.450206,0,0,0,0,0,0,0,1,0,0,0,0,0,0,0,0,0,1
61.451297,0,0,0,0,0,1,0,0,0,0,0,0,0,1,1,0,0,0
61.467827,0,1,1,0,0,0,0,0,0,1,1,0,1,0,0,1,0,0
61.481927,0,0,0,0,1,0,0,0,0,0,0,0,0,0,0,0,0,0
61.482687,1,0,0,0,0,0,0,0,1,0,0,0,1,0,0,0,0,0
61.501663,0,0,0,0,0,0,1,1,0,1,0,1,0,1,0,0,1,1
61.501897,0,0,0,0,0,1,0,0,0,0,0,0,0,1,1,0,0,0
61.531220,0,1,1,0,0,0,0,0,0,1,1,0,1,0,0,1,0,0
61.539065,0,0,0,0,1,0,0,0,0,0,0,0,0,0,0,0,0,0
61.543669,1,0,0,1,0,0,1,0,0,1,1,0,1,1,1,0,1,0
61.547345,0,0,0,0,0,0,0,1,0,0,0,0,0,0,0,0,0,1
61.550848,0,0,0,0,0,1,0,0,0,0,0,0,0,1,1,0,0,0
61.564045,0,1,1,0,0,0,0,0,0,1,1,0,1,0,0,1,0,0
61.577702,1,0,0,0,0,0,0,0,1,0,0,0,1,0,0,0,0,0
61.585077,0,0,0,0,1,0,1,0,0,1,0,1,0,1,0,0,1,0
61.598325,0,0,0,0,0,1,0,0,0,0,0,0,0,1,1,0,0,0
61.600840,0,0,0,0,0,0,0,1,0,0,0,0,0,0,0,0,0,1
61.610961,0,1,1,0,0,0,0,0,0,1,1,0,1,0,0,1,0,0
61.623443,1,0,0,1,0,0,1,0,0,1,1,0,1,1,1,0,1,0
61.631827,0,0,0,0,1,0,0,0,0,0,0,0,0,0,0,0,0,0
61.647180,0,0,1,0,0,0,0,0,1,0,0,0,1,0,0,0,0,0
61.649514,0,0,0,0,0,0,0,1,0,0,0,0,0,0,0,0,0,1
61.650536,0,0,0,0,0,1,0,0,0,1,0,1,0,1,0,1,0,0
61.669899,1,0,0,1,0,0,1,0,0,1,1,0,1,1,1,0,1,0
61.686465,0,0,0,0,1,0,0,0,0,0,0,0,0,0,0,0,0,0
61.689943,0,0,1,0,0,0,0,0,1,0,0,0,1,0,0,0,0,0
61.699598,0,0,0,0,0,1,0,0,0,1,0,1,0,1,0,1,0,0
61.701367,0,0,0,0,0,0,0,1,0,0,0,0,0,0,0,0,0,1
61.715115,1,0,0,1,0,0,1,0,0,1,1,0,1,1,1,0,1,0
61.739951,0,0,0,0,1,0,0,0,0,0,0,0,0,0,0,0,0,0
61.740786,0,0,1,0,0,0,0,0,1,0,0,0,1,0,0,0,0,0
61.751288,0,0,0,0,0,1,0,0,0,1,0,1,0,1,0,1,0,0
61.752064,0,0,0,0,0,0,0,1,0,0,0,0,0,0,0,0,0,1
61.764526,1,0,0,1,0,0,1,0,0,1,1,0,1,1,1,0,1,0
61.789659,0,0,0,0,1,0,0,0,0,0,0,0,0,0,0,0,0,0
61.791268,0,0,1,0,0,0,0,0,1,0,0,0,1,0,0,0,0,0
61.799807,0,0,0,0,0,0,0,1,0,0,0,0,0,0,0,0,0,1
61.801400,0,0,0,0,0,1,0,0,0,1,0,1,0,1,0,1,0,0
61.814859,1,0,0,0,0,0,0,0,1,0,0,0,1,0,0,0,0,0
61.837816,0,0,0,0,1,0,1,0,0,1,0,1,0,1,0,0,1,0
61.849527,0,0,0,0,0,1,0,0,0,0,0,0,0,1,1,0,0,0
61.851725,0,0,0,0,0,0,0,1,0,0,0,0,0,0,0,0,0,1
61.860447,0,1,1,0,0,0,0,0,0,1,1,0,1,0,0,1,0,0
61.880216,1,0,0,1,0,0,1,0,0,1,1,0,1,1,1,0,1,0
61.887128,0,0,0,0,1,0,0,0,0,0,0,0,0,0,0,0,0,0
61.896902,0,0,0,0,0,0,0,1,0,0,0,0,0,0,0,0,0,1
61.898862,0,0,0,0,0,1,0,0,0,0,0,0,0,1,1,0,0,0
61.909295,0,1,1,0,0,0,0,0,0,1,1,0,1,0,0,1,0,0
61.925717,1,0,0,0,0,0,0,0,1,0,0,0,1,0,0,0,0,0
61.928110,0,0,0,0,0,0,1,0,0,1,0,1,0,1,0,0,1,0
61.935463,0,0,0,0,1,0,0,0,0,0,0,0,0,0,0,0,0,0
61.949693,0,0,0,0,0,1,0,0,0,0,0,0,0,1,1,0,0,0
61.950683,0,0,0,0,0,0,0,1,0,0,0,0,0,0,0,0,0,1
61.954711,0,1,1,0,0,0,0,0,0,1,1,0,1,0,0,1,0,0
61.965996,1,0,0,1,0,0,1,0,0,1,1,0,1,1,1,0,1,0
61.984230,0,0,0,0,1,0,0,0,0,0,0,0,0,0,0,0,0,0
61.993094,0,0,1,0,0,0,0,0,1,0,0,0,1,0,0,0,0,0
61.996159,0,0,0,0,0,0,0,1,0,0,0,0,0,0,0,0,0,1
62.000655,0,0,0,0,0,1,0,0,0,1,0,1,0,1,0,1,0,0
62.011555,1,0,0,0,0,0,0,0,1,0,0,0,1,0,0,0,0,0
62.033386,0,0,0,0,1,0,0,0,0,0,0,0,0,0,0,0,0,0
62.044714,0,0,0,0,0,0,1,0,0,1,0,1,0,1,0,0,1,0
62.049784,0,0,0,0,0,1,0,0,0,0,0,0,0,1,1,0,0,0
62.052386,0,0,0,0,0,0,0,1,0,0,0,0,0,0,0,0,0,1
62.064905,0,1,1,0,0,0,0,0,0,1,1,0,1,0,0,1,0,0
62.082951,1,0,0,1,0,0,1,0,0,1,1,0,1,1,1,0,1,0
62.089673,0,0,0,0,1,0,0,0,0,0,0,0,0,0,0,0,0,0
62.099477,0,0,0,0,0,1,0,0,0,0,0,0,0,1,1,0,0,0
62.102630,0,0,0,0,0,0,0,1,0,0,0,0,0,0,0,0,0,1
62.107661,0,1,1,0,0,0,0,0,0,1,1,0,1,0,0,1,0,0
62.120063,1,0,0,0,0,0,0,0,1,0,0,0,1,0,0,0,0,0
62.136195,0,0,0,0,1,0,1,0,0,1,0,1,0,1,0,0,1,0
62.148611,0,0,0,0,0,0,0,1,0,0,0,0,0,0,0,0,0,1
62.149898,0,0,0,0,0,1,0,0,0,0,0,0,0,1,1,0,0,0
62.157544,0,1,1,0,0,0,0,0,0,1,1,0,1,0,0,1,0,0
62.175256,1,0,0,1,0,0,1,0,0,1,1,0,1,1,1,0,1,0
62.182545,0,0,0,0,1,0,0,0,0,0,0,0,0,0,0,0,0,0
62.199849,0,0,0,0,0,1,0,0,0,0,0,0,0,1,1,0,0,0
62.199940,0,1,1,0,0,0,0,0,0,1,1,0,1,0,0,1,0,0
62.203954,0,0,0,0,0,0,0,1,0,0,0,0,0,0,0,0,0,1
62.217958,1,0,0,0,0,0,0,0,1,0,0,0,1,0,0,0,0,0
62.228950,0,0,0,0,0,0,1,0,0,1,0,1,0,1,0,0,1,0
62.236815,0,0,0,0,1,0,0,0,0,0,0,0,0,0,0,0,0,0
62.248626,0,0,0,0,0,0,0,1,0,0,0,0,0,0,0,0,0,1
62.250227,0,0,0,0,0,1,0,0,0,0,0,0,0,1,1,0,0,0
62.252831,0,1,1,0,0,0,0,0,0,1,1,0,1,0,0,1,0,0
62.271173,1,0,0,1,0,0,1,0,0,1,1,0,1,1,1,0,1,0
62.285990,0,0,0,0,1,0,0,0,0,0,0,0,0,0,0,0,0,0
62.294078,0,0,1,0,0,0,0,0,1,0,0,0,1,0,0,0,0,0
62.297053,0,0,0,0,0,0,0,1,0,0,0,0,0,0,0,0,0,1
62.300154,0,0,0,0,0,1,0,0,0,1,0,1,0,1,0,1,0,0
62.314244,1,0,0,0,0,0,0,0,1,0,0,0,1,0,0,0,0,0
62.330940,0,0,0,0,1,0,1,0,0,1,0,1,0,1,0,0,1,0
62.350577,0,0,0,0,0,1,0,0,0,0,0,0,0,1,1,0,0,0
62.351589,0,1,1,0,0,0,0,0,0,1,1,0,1,0,0,1,0,0
62.352818,0,0,0,0,0,0,0,1,0,0,0,0,0,0,0,0,0,1
62.371582,1,0,0,1,0,0,1,0,0,1,1,0,1,1,1,0,1,0
62.388447,0,0,0,0,1,0,0,0,0,0,0,0,0,0,0,0,0,0
62.393387,0,0,1,0,0,0,0,0,1,0,0,0,1,0,0,0,0,0
62.400380,0,0,0,0,0,1,0,0,0,1,0,1,0,1,0,1,0,0
62.402689,0,0,0,0,0,0,0,1,0,0,0,0,0,0,0,0,0,1
62.414770,1,0,0,1,0,0,1,0,0,1,1,0,1,1,1,0,1,0
62.437129,0,0,1,0,0,0,0,0,1,0,0,0,1,0,0,0,0,0
62.441910,0,0,0,0,1,0,0,0,0,0,0,0,0,0,0,0,0,0
62.450460,0,0,0,0,0,0,0,1,0,0,0,0,0,0,0,0,0,1
62.450694,0,0,0,0,0,1,0,0,0,1,0,1,0,1,0,1,0,0
62.460914,1,0,0,0,0,0,0,0,1,0,0,0,1,0,0,0,0,0
62.487174,0,0,0,0,1,0,0,0,0,0,0,0,0,0,0,0,0,0
62.498396,0,0,0,0,0,0,0,1,0,0,0,0,0,0,0,0,0,1
62.499575,0,0,0,0,0,1,1,0,0,1,0,1,0,1,0,1,0,0
62.513037,1,0,0,1,0,0,0,0,0,1,1,0,1,0,0,0,1,0
62.517681,0,0,0,0,0,0,1,0,0,0,0,0,0,1,1,0,0,0
62.529093,0,0,0,0,1,0,0,0,0,0,0,0,0,0,0,0,0,0
62.537491,0,0,1,1,0,0,0,0,0,1,1,0,1,0,0,0,1,0
62.549323,0,0,0,0,0,0,0,1,0,0,0,0,0,0,0,0,0,1
62.549730,0,0,0,0,0,1,0,0,0,0,0,0,0,1,1,0,0,0
62.557610,0,1,1,0,0,0,0,0,0,1,1,0,1,0,0,1,0,0
62.571883,1,0,0,1,0,0,1,0,0,1,1,0,1,1,1,0,1,0
62.583929,0,0,0,0,1,0,0,0,0,0,0,0,0,0,0,0,0,0
62.594778,0,0,1,0,0,0,0,0,1,0,0,0,1,0,0,0,0,0
62.599602,0,0,0,0,0,0,0,1,0,0,0,0,0,0,0,0,0,1
62.600356,0,0,0,0,0,1,0,0,0,1,0,1,0,1,0,1,0,0
62.614475,1,0,0,0,0,0,0,0,1,0,0,0,1,0,0,0,0,0
62.634227,0,0,0,0,1,0,0,0,0,0,0,0,0,0,0,0,0,0
62.647495,0,0,0,0,0,0,0,1,0,0,0,0,0,0,0,0,0,1
62.650439,0,0,0,0,0,1,0,0,0,1,0,1,0,1,0,1,0,0
62.653648,0,0,0,0,0,0,1,0,0,0,0,0,0,1,1,0,0,0
62.662569,1,0,0,1,0,0,0,0,0,1,1,0,1,0,0,0,1,0
62.678890,0,0,0,0,1,0,1,0,0,0,0,0,0,1,1,0,0,0
62.685614,0,0,1,1,0,0,0,0,0,1,1,0,1,0,0,0,1,0
62.700068,0,0,0,0,0,1,0,0,0,0,0,0,0,1,1,0,0,0
62.702605,0,0,0,0,0,0,0,1,0,0,0,0,0,0,0,0,0,1
62.712767,0,1,1,0,0,0,0,0,0,1,1,0,1,0,0,1,0,0
62.727210,1,0,0,1,0,0,1,0,0,1,1,0,1,1,1,0,1,0
62.736309,0,0,0,0,1,0,0,0,0,0,0,0,0,0,0,0,0,0
62.748346,0,0,0,0,0,0,0,1,0,0,0,0,0,0,0,0,0,1
62.748996,0,0,0,0,0,1,0,0,0,0,0,0,0,1,1,0,0,0
62.754535,0,1,1,0,0,0,0,0,0,1,1,0,1,0,0,1,0,0
62.770308,1,0,0,1,0,0,1,0,0,1,1,0,1,1,1,0,1,0
62.782790,0,0,0,0,1,0,0,0,0,0,0,0,0,0,0,0,0,0
62.791106,0,0,1,0,0,0,0,0,1,0,0,0,1,0,0,0,0,0
62.800083,0,0,0,0,0,1,0,0,0,1,0,1,0,1,0,1,0,0
62.802609,0,0,0,0,0,0,0,1,0,0,0,0,0,0,0,0,0,1
62.818275,1,0,0,1,0,0,1,0,0,1,1,0,1,1,1,0,1,0
62.838590,0,0,0,0,1,0,0,0,0,0,0,0,0,0,0,0,0,0
62.845218,0,0,1,0,0,0,0,0,1,0,0,0,1,0,0,0,0,0
62.847382,0,0,0,0,0,0,0,1,0,0,0,0,0,0,0,0,0,1
62.848388,0,0,0,0,0,1,0,0,0,1,0,1,0,1,0,1,0,0
62.859982,1,0,0,0,0,0,0,0,1,0,0,0,1,0,0,0,0,0
62.882860,0,0,0,0,1,0,1,0,0,1,0,1,0,1,0,0,1,0
62.897352,0,0,0,0,0,0,0,1,0,0,0,0,0,0,0,0,0,1
62.900344,0,0,0,0,0,1,0,0,0,0,0,0,0,1,1,0,0,0
62.907710,0,1,1,0,0,0,0,0,0,1,1,0,1,0,0,1,0,0
62.923628,1,0,0,1,0,0,1,0,0,1,1,0,1,1,1,0,1,0
62.932220,0,0,0,0,1,0,0,0,0,0,0,0,0,0,0,0,0,0
62.946435,0,0,1,0,0,0,0,0,1,0,0,0,1,0,0,0,0,0
62.950191,0,0,0,0,0,1,0,0,0,1,0,1,0,1,0,1,0,0
62.951848,0,0,0,0,0,0,0,1,0,0,0,0,0,0,0,0,0,1
62.965284,1,0,0,0,0,0,0,0,1,0,0,0,1,0,0,0,0,0
62.987529,0,0,0,0,1,0,0,0,0,0,0,0,0,0,0,0,0,0
63.000355,0,0,0,0,0,0,1,1,0,1,0,1,0,1,0,0,1,1
63.000442,0,0,0,0,0,1,0,0,0,0,0,0,0,1,1,0,0,0
63.026832,0,1,1,0,0,0,0,0,0,1,1,0,1,0,0,1,0,0
63.033114,0,0,0,0,1,0,0,0,0,0,0,0,0,0,0,0,0,0
63.043849,1,0,0,1,0,0,1,0,0,1,1,0,1,1,1,0,1,0
63.049482,0,0,0,0,0,1,0,0,0,0,0,0,0,1,1,0,0,0
63.050237,0,0,0,0,0,0,0,1,0,0,0,0,0,0,0,0,0,1
63.065768,0,1,1,0,0,0,0,0,0,1,1,0,1,0,0,1,0,0
63.079447,1,0,0,0,0,0,0,0,1,0,0,0,1,0,0,0,0,0
63.083406,0,0,0,0,1,0,1,0,0,1,0,1,0,1,0,0,1,0
63.098847,0,0,0,0,0,0,0,1,0,0,0,0,0,0,0,0,0,1
63.098939,0,0,0,0,0,1,0,0,0,0,0,0,0,1,1,0,0,0
63.112093,0,1,1,0,0,0,0,0,0,1,1,0,1,0,0,1,0,0
63.127811,1,0,0,0,0,0,0,0,1,0,0,0,1,0,0,0,0,0
63.136198,0,0,0,0,1,0,0,0,0,0,0,0,0,0,0,0,0,0
63.147444,0,0,0,0,0,0,1,1,0,1,0,1,0,1,0,0,1,1
63.150764,0,0,0,0,0,1,0,0,0,0,0,0,0,1,1,0,0,0
63.168787,0,1,1,0,0,0,0,0,0,1,1,0,1,0,0,1,0,0
63.179938,0,0,0,0,1,0,0,0,0,0,0,0,0,0,0,0,0,0
63.188435,1,0,0,1,0,0,1,0,0,1,1,0,1,1,1,0,1,0
63.200223,0,0,0,0,0,0,0,1,0,0,0,0,0,0,0,0,0,1
63.200270,0,0,0,0,0,1,0,0,0,0,0,0,0,1,1,0,0,0
63.210512,0,1,1,0,0,0,0,0,0,1,1,0,1,0,0,1,0,0
63.227406,1,0,0,0,0,0,0,0,1,0,0,0,1,0,0,0,0,0
63.238523,0,0,0,0,1,0,0,0,0,0,0,0,0,0,0,0,0,0
63.249695,0,0,0,0,0,1,0,0,0,1,0,1,0,1,0,1,0,0
63.253873,0,0,0,0,0,0,0,1,0,0,0,0,0,0,0,0,0,1
63.257674,0,0,0,0,0,0,1,0,0,0,0,0,0,1,1,0,0,0
63.265476,1,0,0,1,0,0,1,0,0,1,1,0,1,1,1,0,1,0
63.285663,0,0,1,1,0,0,0,0,0,1,1,0,1,0,0,0,1,0
63.289894,0,0,0,0,1,0,0,0,0,0,0,0,0,0,0,0,0,0
63.300245,0,0,0,0,0,1,0,0,0,0,0,0,0,1,1,0,0,0
63.303063,0,0,0,0,0,0,0,1,0,0,0,0,0,0,0,0,0,1
63.314482,0,1,1,0,0,0,0,0,0,1,1,0,1,0,0,1,0,0
63.334203,1,0,0,1,0,0,1,0,0,1,1,0,1,1,1,0,1,0
63.340472,0,0,0,0,1,0,0,0,0,0,0,0,0,0,0,0,0,0
63.349133,0,0,0,0,0,1,0,0,0,0,0,0,0,1,1,0,0,0
63.350720,0,0,0,0,0,0,0,1,0,0,0,0,0,0,0,0,0,1
63.364103,0,1,1,0,0,0,0,0,0,1,1,0,1,0,0,1,0,0
63.375097,1,0,0,1,0,0,1,0,0,1,1,0,1,1,1,0,1,0
63.382569,0,0,0,0,1,0,0,0,0,0,0,0,0,0,0,0,0,0
63.398875,0,0,0,0,0,1,0,0,0,0,0,0,0,1,1,0,0,0
63.401525,0,1,1,0,0,0,0,0,0,1,1,0,1,0,0,1,0,0
63.402719,0,0,0,0,0,0,0,1,0,0,0,0,0,0,0,0,0,1
63.415052,1,0,0,0,0,0,0,0,1,0,0,0,1,0,0,0,0,0
63.433257,0,0,0,0,0,0,1,0,0,1,0,1,0,1,0,0,1,0
63.440603,0,0,0,0,1,0,0,0,0,0,0,0,0,0,0,0,0,0
63.450685,0,0,0,0,0,1,0,0,0,0,0,0,0,1,1,0,0,0
63.452210,0,0,0,0,0,0,0,1,0,0,0,0,0,0,0,0,0,1
63.456725,0,1,1,0,0,0,0,0,0,1,1,0,1,0,0,1,0,0
63.474065,1,0,0,0,0,0,0,0,1,0,0,0,1,0,0,0,0,0
63.489973,0,0,0,0,1,0,0,0,0,0,0,0,0,0,0,0,0,0
63.495194,0,0,0,0,0,0,1,0,0,1,0,1,0,1,0,0,1,0
63.497925,0,0,0,0,0,0,0,1,0,0,0,0,0,0,0,0,0,1
63.500231,0,0,0,0,0,1,0,0,0,0,0,0,0,1,1,0,0,0
63.517577,0,1,1,0,0,0,0,0,0,1,1,0,1,0,0,1,0,0
63.528950,1,0,0,0,0,0,0,0,1,0,0,0,1,0,0,0,0,0
63.530162,0,0,0,0,0,0,1,0,0,1,0,1,0,1,0,0,1,0
63.531327,0,0,0,0,1,0,0,0,0,0,0,0,0,0,0,0,0,0
63.550327,0,0,0,0,0,1,0,0,0,0,0,0,0,1,1,0,0,0
63.550726,0,0,0,0,0,0,0,1,0,0,0,0,0,0,0,0,0,1
63.553248,0,1,1,0,0,0,0,0,0,1,1,0,1,0,0,1,0,0
63.565471,1,0,0,1,0,0,1,0,0,1,1,0,1,1,1,0,1,0
63.584660,0,0,0,0,1,0,0,0,0,0,0,0,0,0,0,0,0,0
63.594772,0,0,1,0,0,0,0,0,1,0,0,0,1,0,0,0,0,0
63.597324,0,0,0,0,0,0,0,1,0,0,0,0,0,0,0,0,0,1
63.599953,0,0,0,0,0,1,0,0,0,1,0,1,0,1,0,1,0,0
63.611102,1,0,0,0,0,0,0,0,1,0,0,0,1,0,0,0,0,0
63.630234,0,0,0,0,1,0,0,0,0,0,0,0,0,0,0,0,0,0
63.634448,0,0,0,0,0,0,1,0,0,1,0,1,0,1,0,0,1,0
63.649875,0,0,0,0,0,0,0,1,0,0,0,0,0,0,0,0,0,1
63.650981,0,0,0,0,0,1,0,0,0,0,0,0,0,1,1,0,0,0
63.659536,0,1,1,0,0,0,0,0,0,1,1,0,1,0,0,1,0,0
63.670137,1,0,0,0,0,0,0,0,1,0,0,0,1,0,0,0,0,0
63.684321,0,0,0,0,0,0,1,0,0,1,0,1,0,1,0,0,1,0
63.686052,0,0,0,0,1,0,0,0,0,0,0,0,0,0,0,0,0,0
63.701078,0,0,0,0,0,1,0,0,0,0,0,0,0,1,1,0,0,0
63.701338,0,0,0,0,0,0,0,1,0,0,0,0,0,0,0,0,0,1
63.705501,0,1,1,0,0,0,0,0,0,1,1,0,1,0,0,1,0,0
63.718158,1,0,0,0,0,0,0,0,1,0,0,0,1,0,0,0,0,0
63.731636,0,0,0,0,0,0,1,0,0,1,0,1,0,1,0,0,1,0
63.736008,0,0,0,0,1,0,0,0,0,0,0,0,0,0,0,0,0,0
63.751146,0,0,0,0,0,1,0,0,0,0,0,0,0,1,1,0,0,0
63.751979,0,1,1,0,0,0,0,0,0,1,1,0,1,0,0,1,0,0
63.753929,0,0,0,0,0,0,0,1,0,0,0,0,0,0,0,0,0,1
63.771243,1,0,0,1,0,0,1,0,0,1,1,0,1,1,1,0,1,0
63.788230,0,0,0,0,1,0,0,0,0,0,0,0,0,0,0,0,0,0
63.795064,0,0,1,0,0,0,0,0,1,0,0,0,1,0,0,0,0,0
63.799143,0,0,0,0,0,0,0,1,0,0,0,0,0,0,0,0,0,1
63.800300,0,0,0,0,0,1,0,0,0,1,0,1,0,1,0,1,0,0
63.814381,1,0,0,0,0,0,0,0,1,0,0,0,1,0,0,0,0,0
63.834559,0,0,0,0,1,0,0,0,0,0,0,0,0,0,0,0,0,0
63.849320,0,0,0,0,0,0,0,1,0,0,0,0,0,0,0,0,0,1
63.851173,0,0,0,0,0,1,1,0,0,1,0,1,0,1,0,0,1,0
63.876179,0,1,1,0,0,0,0,0,0,1,1,0,1,0,0,1,0,0
63.883428,0,0,0,0,1,0,0,0,0,0,0,0,0,0,0,0,0,0
63.896145,1,0,0,1,0,0,1,0,0,1,1,0,1,1,1,0,1,0
63.899692,0,0,0,0,0,0,0,1,0,0,0,0,0,0,0,0,0,1
63.899723,0,0,0,0,0,1,0,0,0,0,0,0,0,1,1,0,0,0
63.918738,0,1,1,0,0,0,0,0,0,1,1,0,1,0,0,1,0,0
63.932695,1,0,0,0,0,0,0,0,1,0,0,0,1,0,0,0,0,0
63.934185,0,0,0,0,1,0,1,0,0,1,0,1,0,1,0,0,1,0
63.949005,0,0,0,0,0,1,0,0,0,0,0,0,0,1,1,0,0,0
63.952285,0,0,0,0,0,0,0,1,0,0,0,0,0,0,0,0,0,1
63.959184,0,1,1,0,0,0,0,0,0,1,1,0,1,0,0,1,0,0
63.975468,1,0,0,1,0,0,1,0,0,1,1,0,1,1,1,0,1,0
63.988488,0,0,0,0,1,0,0,0,0,0,0,0,0,0,0,0,0,0
63.997531,0,0,1,0,0,0,0,0,1,0,0,0,1,0,0,0,0,0
63.999955,0,0,0,0,0,1,0,0,0,1,0,1,0,1,0,1,0,0
64.000012,0,0,0,0,0,0,0,1,0,0,0,0,0,0,0,0,0,1
64.015402,1,0,0,0,0,0,0,0,1,0,0,0,1,0,0,0,0,0
64.034104,0,0,0,0,0,0,1,0,0,1,0,1,0,1,0,0,1,0
64.036529,0,0,0,0,1,0,0,0,0,0,0,0,0,0,0,0,0,0
64.047567,0,0,0,0,0,0,0,1,0,0,0,0,0,0,0,0,0,1
64.050331,0,0,0,0,0,1,0,0,0,0,0,0,0,1,1,0,0,0
64.060564,0,1,1,0,0,0,0,0,0,1,1,0,1,0,0,1,0,0
64.072493,1,0,0,0,0,0,0,0,1,0,0,0,1,0,0,0,0,0
64.087085,0,0,0,0,1,0,1,0,0,1,0,1,0,1,0,0,1,0
64.098648,0,0,0,0,0,0,0,1,0,0,0,0,0,0,0,0,0,1
64.099876,0,0,0,0,0,1,0,0,0,0,0,0,0,1,1,0,0,0
64.107428,0,1,1,0,0,0,0,0,0,1,1,0,1,0,0,1,0,0
64.119721,1,0,0,0,0,0,0,0,1,0,0,0,1,0,0,0,0,0
64.131546,0,0,0,0,1,0,1,0,0,1,0,1,0,1,0,0,1,0
64.146996,0,0,0,0,0,0,0,1,0,0,0,0,0,0,0,0,0,1
64.151089,0,0,0,0,0,1,0,0,0,0,0,0,0,1,1,0,0,0
64.152213,0,1,1,0,0,0,0,0,0,1,1,0,1,0,0,1,0,0
64.163744,1,0,0,0,0,0,0,0,1,0,0,0,1,0,0,0,0,0
64.181417,0,0,0,0,1,0,1,0,0,1,0,1,0,1,0,0,1,0
64.199123,0,0,0,0,0,0,0,1,0,0,0,0,0,0,0,0,0,1
64.200701,0,0,0,0,0,1,0,0,0,0,0,0,0,1,1,0,0,0
64.203720,0,1,1,0,0,0,0,0,0,1,1,0,1,0,0,1,0,0
64.217183,1,0,0,1,0,0,1,0,0,1,1,0,1,1,1,0,1,0
64.238203,0,0,0,0,1,0,0,0,0,0,0,0,0,0,0,0,0,0
64.240883,0,0,1,0,0,0,0,0,1,0,0,0,1,0,0,0,0,0
64.250175,0,0,0,0,0,0,0,1,0,0,0,0,0,0,0,0,0,1
64.251440,0,0,0,0,0,1,0,0,0,1,0,1,0,1,0,1,0,0
64.266394,1,0,0,0,0,0,0,0,1,0,0,0,1,0,0,0,0,0
64.287889,0,0,0,0,1,0,1,0,0,1,0,1,0,1,0,0,1,0
64.300428,0,0,0,0,0,1,0,0,0,0,0,0,0,1,1,0,0,0
64.301262,0,0,0,0,0,0,0,1,0,0,0,0,0,0,0,0,0,1
64.311222,0,1,1,0,0,0,0,0,0,1,1,0,1,0,0,1,0,0
64.323764,1,0,0,0,0,0,0,0,1,0,0,0,1,0,0,0,0,0
64.329251,0,0,0,0,0,0,1,0,0,1,0,1,0,1,0,0,1,0
64.336599,0,0,0,0,1,0,0,0,0,0,0,0,0,0,0,0,0,0
64.350806,0,0,0,0,0,1,0,0,0,0,0,0,0,1,1,0,0,0
64.351244,0,0,0,0,0,0,0,1,0,0,0,0,0,0,0,0,0,1
64.354152,0,1,1,0,0,0,0,0,0,1,1,0,1,0,0,1,0,0
64.367561,1,0,0,0,0,0,0,0,1,0,0,0,1,0,0,0,0,0
64.383513,0,0,0,0,1,0,0,0,0,0,0,0,0,0,0,0,0,0
64.388253,0,0,0,0,0,0,1,0,0,1,0,1,0,1,0,0,1,0
64.397794,0,0,0,0,0,0,0,1,0,0,0,0,0,0,0,0,0,1
64.399240,0,0,0,0,0,1,0,0,0,0,0,0,0,1,1,0,0,0
64.408281,0,1,1,0,0,0,0,0,0,1,1,0,1,0,0,1,0,0
64.422652,1,0,0,1,0,0,1,0,0,1,1,0,1,1,1,0,1,0
64.432446,0,0,0,0,1,0,0,0,0,0,0,0,0,0,0,0,0,0
64.444990,0,0,1,0,0,0,0,0,1,0,0,0,1,0,0,0,0,0
64.449894,0,0,0,0,0,1,0,0,0,1,0,1,0,1,0,1,0,0
64.453725,0,0,0,0,0,0,0,1,0,0,0,0,0,0,0,0,0,1
64.466482,1,0,0,1,0,0,1,0,0,1,1,0,1,1,1,0,1,0
64.488418,0,0,1,0,0,0,0,0,1,0,0,0,1,0,0,0,0,0
64.492383,0,0,0,0,1,0,0,0,0,0,0,0,0,0,0,0,0,0
64.500638,0,0,0,0,0,1,0,0,0,1,0,1,0,1,0,1,0,0
64.501461,0,0,0,0,0,0,0,1,0,0,0,0,0,0,0,0,0,1
64.518898,1,0,0,0,0,0,0,0,1,0,0,0,1,0,0,0,0,0
64.539652,0,0,0,0,1,0,1,0,0,1,0,1,0,1,0,0,1,0
64.548746,0,0,0,0,0,0,0,1,0,0,0,0,0,0,0,0,0,1
64.549804,0,0,0,0,0,1,0,0,0,0,0,0,0,1,1,0,0,0
64.563053,0,1,1,0,0,0,0,0,0,1,1,0,1,0,0,1,0,0
64.582046,1,0,0,1,0,0,1,0,0,1,1,0,1,1,1,0,1,0
64.583694,0,0,0,0,1,0,0,0,0,0,0,0,0,0,0,0,0,0
64.596471,0,0,0,0,0,0,0,1,0,0,0,0,0,0,0,0,0,1
64.600487,0,0,0,0,0,1,0,0,0,0,0,0,0,1,1,0,0,0
64.608308,0,1,1,0,0,0,0,0,0,1,1,0,1,0,0,1,0,0
64.624584,1,0,0,0,0,0,0,0,1,0,0,0,1,0,0,0,0,0
64.631467,0,0,0,0,1,0,0,0,0,0,0,0,0,0,0,0,0,0
64.637677,0,0,0,0,0,0,1,0,0,1,0,1,0,1,0,0,1,0
64.647893,0,0,0,0,0,0,0,1,0,0,0,0,0,0,0,0,0,1
64.649207,0,0,0,0,0,1,0,0,0,0,0,0,0,1,1,0,0,0
64.664946,0,1,1,0,0,0,0,0,0,1,1,0,1,0,0,1,0,0
64.678874,1,0,0,0,0,0,0,0,1,0,0,0,1,0,0,0,0,0
64.682960,0,0,0,0,1,0,0,0,0,0,0,0,0,0,0,0,0,0
64.697292,0,0,0,0,0,0,0,1,0,0,0,0,0,0,0,0,0,1
64.699576,0,0,0,0,0,1,1,0,0,1,0,1,0,1,0,1,0,0
64.718833,1,0,0,1,0,0,0,0,0,1,1,0,1,0,0,0,1,0
64.729686,0,0,0,0,0,0,1,0,0,0,0,0,0,1,1,0,0,0
64.736039,0,0,0,0,1,0,0,0,0,0,0,0,0,0,0,0,0,0
64.741311,0,0,1,1,0,0,0,0,0,1,1,0,1,0,0,0,1,0
64.750109,0,0,0,0,0,1,0,0,0,0,0,0,0,1,1,0,0,0
64.750205,0,0,0,0,0,0,0,1,0,0,0,0,0,0,0,0,0,1
64.761358,0,1,1,0,0,0,0,0,0,1,1,0,1,0,0,1,0,0
64.773102,1,0,0,1,0,0,1,0,0,1,1,0,1,1,1,0,1,0
64.790079,0,0,0,0,1,0,0,0,0,0,0,0,0,0,0,0,0,0
64.799893,0,0,0,0,0,0,0,1,0,0,0,0,0,0,0,0,0,1
64.800007,0,0,0,0,0,1,0,0,0,0,0,0,0,1,1,0,0,0
64.801689,0,1,1,0,0,0,0,0,0,1,1,0,1,0,0,1,0,0
64.814568,1,0,0,1,0,0,1,0,0,1,1,0,1,1,1,0,1,0
64.834085,0,0,0,0,1,0,0,0,0,0,0,0,0,0,0,0,0,0
64.838958,0,0,1,0,0,0,0,0,1,0,0,0,1,0,0,0,0,0
64.847215,0,0,0,0,0,0,0,1,0,0,0,0,0,0,0,0,0,1
64.849034,0,0,0,0,0,1,0,0,0,1,0,1,0,1,0,1,0,0
64.867175,1,0,0,0,0,0,0,0,1,0,0,0,1,0,0,0,0,0
64.872785,0,0,0,0,0,0,1,0,0,1,0,1,0,1,0,0,1,0
64.879148,0,0,0,0,1,0,0,0,0,0,0,0,0,0,0,0,0,0
64.900159,0,0,0,0,0,0,0,1,0,0,0,0,0,0,0,0,0,1
64.900810,0,0,0,0,0,1,0,0,0,0,0,0,0,1,1,0,0,0
64.901086,0,1,1,0,0,0,0,0,0,1,1,0,1,0,0,1,0,0
64.914297,1,0,0,0,0,0,0,0,1,0,0,0,1,0,0,0,0,0
64.938385,0,0,0,0,1,0,0,0,0,0,0,0,0,0,0,0,0,0
64.949414,0,0,0,0,0,0,1,0,0,1,0,1,0,1,0,0,1,0
64.950713,0,0,0,0,0,1,0,0,0,0,0,0,0,1,1,0,0,0
64.952872,0,0,0,0,0,0,0,1,0,0,0,0,0,0,0,0,0,1
64.971475,0,1,1,0,0,0,0,0,0,1,1,0,1,0,0,1,0,0
64.984425,1,0,0,0,0,0,0,0,1,0,0,0,1,0,0,0,0,0
64.990377,0,0,0,0,1,0,1,0,0,1,0,1,0,1,0,0,1,0
65.000332,0,0,0,0,0,1,0,0,0,0,0,0,0,1,1,0,0,0
65.001057,0,0,0,0,0,0,0,1,0,0,0,0,0,0,0,0,0,1
65.018568,0,1,1,0,0,0,0,0,0,1,1,0,1,0,0,1,0,0
65.031609,0,0,0,0,1,0,0,0,0,0,0,0,0,0,0,0,0,0
65.036090,1,0,0,1,0,0,1,0,0,1,1,0,1,1,1,0,1,0
65.050258,0,0,0,0,0,0,0,1,0,0,0,0,0,0,0,0,0,1
65.051587,0,0,0,0,0,1,0,0,0,0,0,0,0,1,1,0,0,0
65.059058,0,1,1,0,0,0,0,0,0,1,1,0,1,0,0,1,0,0
65.072330,1,0,0,0,0,0,0,0,1,0,0,0,1,0,0,0,0,0
65.082360,0,0,0,0,1,0,1,0,0,1,0,1,0,1,0,0,1,0
65.098573,0,0,0,0,0,0,0,1,0,0,0,0,0,0,0,0,0,1
65.100047,0,0,0,0,0,1,0,0,0,0,0,0,0,1,1,0,0,0
65.104432,0,1,1,0,0,0,0,0,0,1,1,0,1,0,0,1,0,0
65.119769,1,0,0,1,0,0,1,0,0,1,1,0,1,1,1,0,1,0
65.135533,0,0,0,0,1,0,0,0,0,0,0,0,0,0,0,0,0,0
65.142054,0,0,1,0,0,0,0,0,1,0,0,0,1,0,0,0,0,0
65.148644,0,0,0,0,0,1,0,0,0,1,0,1,0,1,0,1,0,0
65.149147,0,0,0,0,0,0,0,1,0,0,0,0,0,0,0,0,0,1
65.158839,1,0,0,1,0,0,1,0,0,1,1,0,1,1,1,0,1,0
65.181003,0,0,0,0,1,0,0,0,0,0,0,0,0,0,0,0,0,0
65.183457,0,0,1,0,0,0,0,0,1,0,0,0,1,0,0,0,0,0
65.199197,0,0,0,0,0,1,0,0,0,1,0,1,0,1,0,1,0,0
65.202057,0,0,0,0,0,0,0,1,0,0,0,0,0,0,0,0,0,1
65.215878,1,0,0,1,0,0,1,0,0,1,1,0,1,1,1,0,1,0
65.240413,0,0,0,0,1,0,0,0,0,0,0,0,0,0,0,0,0,0
65.243581,0,0,1,0,0,0,0,0,1,0,0,0,1,0,0,0,0,0
65.250868,0,0,0,0,0,1,0,0,0,1,0,1,0,1,0,1,0,0
65.252672,0,0,0,0,0,0,0,1,0,0,0,0,0,0,0,0,0,1
65.264006,1,0,0,0,0,0,0,0,1,0,0,0,1,0,0,0,0,0
65.286849,0,0,0,0,1,0,1,0,0,1,0,1,0,1,0,0,1,0
65.299351,0,0,0,0,0,0,0,1,0,0,0,0,0,0,0,0,0,1
65.300490,0,0,0,0,0,1,0,0,0,0,0,0,0,1,1,0,0,0
65.314133,0,1,1,0,0,0,0,0,0,1,1,0,1,0,0,1,0,0
65.331063,1,0,0,0,0,0,0,0,1,0,0,0,1,0,0,0,0,0
65.337951,0,0,0,0,1,0,0,0,0,0,0,0,0,0,0,0,0,0
65.350410,0,0,0,0,0,1,1,0,0,1,0,1,0,1,0,1,0,0
65.350678,0,0,0,0,0,0,0,1,0,0,0,0,0,0,0,0,0,1
65.369109,1,0,0,1,0,0,1,0,0,1,1,0,1,1,1,0,1,0
65.390250,0,0,0,0,1,0,0,0,0,0,0,0,0,0,0,0,0,0
65.393696,0,0,1,1,0,0,0,0,0,1,1,0,1,0,0,0,1,0
65.399819,0,0,0,0,0,1,0,0,0,0,0,0,0,1,1,0,0,0
65.400313,0,0,0,0,0,0,0,1,0,0,0,0,0,0,0,0,0,1
65.418535,0,1,1,0,0,0,0,0,0,1,1,0,1,0,0,1,0,0
65.433949,1,0,0,0,0,0,0,0,1,0,0,0,1,0,0,0,0,0
65.435792,0,0,0,0,1,0,1,0,0,1,0,1,0,1,0,0,1,0
65.447549,0,0,0,0,0,0,0,1,0,0,0,0,0,0,0,0,0,1
65.450253,0,0,0,0,0,1,0,0,0,0,0,0,0,1,1,0,0,0
65.460609,0,1,1,0,0,0,0,0,0,1,1,0,1,0,0,1,0,0
65.475570,1,0,0,1,0,0,1,0,0,1,1,0,1,1,1,0,1,0
65.479031,0,0,0,0,1,0,0,0,0,0,0,0,0,0,0,0,0,0
65.496147,0,0,0,0,0,0,0,1,0,0,0,0,0,0,0,0,0,1
65.497753,0,0,1,0,0,0,0,0,1,0,0,0,1,0,0,0,0,0
65.500104,0,0,0,0,0,1,0,0,0,1,0,1,0,1,0,1,0,0
65.513315,1,0,0,1,0,0,1,0,0,1,1,0,1,1,1,0,1,0
65.529552,0,0,0,0,1,0,0,0,0,0,0,0,0,0,0,0,0,0
65.535482,0,0,1,0,0,0,0,0,1,0,0,0,1,0,0,0,0,0
65.550596,0,0,0,0,0,1,0,0,0,1,0,1,0,1,0,1,0,0
65.550780,0,0,0,0,0,0,0,1,0,0,0,0,0,0,0,0,0,1
65.562879,1,0,0,1,0,0,1,0,0,1,1,0,1,1,1,0,1,0
65.587548,0,0,0,0,1,0,0,0,0,0,0,0,0,0,0,0,0,0
65.588503,0,0,1,0,0,0,0,0,1,0,0,0,1,0,0,0,0,0
65.600684,0,0,0,0,0,1,0,0,0,1,0,1,0,1,0,1,0,0
65.603241,0,0,0,0,0,0,0,1,0,0,0,0,0,0,0,0,0,1
65.612259,1,0,0,0,0,0,0,0,1,0,0,0,1,0,0,0,0,0
65.632488,0,0,0,0,0,0,1,0,0,1,0,1,0,1,0,0,1,0
65.637562,0,0,0,0,1,0,0,0,0,0,0,0,0,0,0,0,0,0
65.650704,0,0,0,0,0,1,0,0,0,0,0,0,0,1,1,0,0,0
65.651807,0,0,0,0,0,0,0,1,0,0,0,0,0,0,0,0,0,1
65.658283,0,1,1,0,0,0,0,0,0,1,1,0,1,0,0,1,0,0
65.673162,1,0,0,0,0,0,0,0,1,0,0,0,1,0,0,0,0,0
65.689287,0,0,0,0,1,0,0,0,0,0,0,0,0,0,0,0,0,0
65.694926,0,0,0,0,0,0,1,0,0,1,0,1,0,1,0,0,1,0
65.698702,0,0,0,0,0,0,0,1,0,0,0,0,0,0,0,0,0,1
65.698793,0,0,0,0,0,1,0,0,0,0,0,0,0,1,1,0,0,0
65.717020,0,1,1,0,0,0,0,0,0,1,1,0,1,0,0,1,0,0
65.728070,1,0,0,0,0,0,0,0,1,0,0,0,1,0,0,0,0,0
65.734329,0,0,0,0,1,0,0,0,0,0,0,0,0,0,0,0,0,0
65.744078,0,0,0,0,0,0,1,0,0,1,0,1,0,1,0,0,1,0
65.750349,0,0,0,0,0,0,0,1,0,0,0,0,0,0,0,0,0,1
65.751056,0,0,0,0,0,1,0,0,0,0,0,0,0,1,1,0,0,0
65.769269,0,1,1,0,0,0,0,0,0,1,1,0,1,0,0,1,0,0
65.787968,1,0,0,0,0,0,0,0,1,0,0,0,1,0,0,0,0,0
65.789117,0,0,0,0,1,0,1,0,0,1,0,1,0,1,0,0,1,0
65.799897,0,0,0,0,0,1,0,0,0,0,0,0,0,1,1,0,0,0
65.802508,0,0,0,0,0,0,0,1,0,0,0,0,0,0,0,0,0,1
65.815470,0,1,1,0,0,0,0,0,0,1,1,0,1,0,0,1,0,0
65.829060,1,0,0,1,0,0,1,0,0,1,1,0,1,1,1,0,1,0
65.840174,0,0,0,0,1,0,0,0,0,0,0,0,0,0,0,0,0,0
65.848773,0,0,0,0,0,1,0,0,0,0,0,0,0,1,1,0,0,0
65.849003,0,0,0,0,0,0,0,1,0,0,0,0,0,0,0,0,0,1
65.857228,0,1,1,0,0,0,0,0,0,1,1,0,1,0,0,1,0,0
65.874842,1,0,0,0,0,0,0,0,1,0,0,0,1,0,0,0,0,0
65.887719,0,0,0,0,1,0,1,0,0,1,0,1,0,1,0,0,1,0
65.898183,0,0,0,0,0,1,0,0,0,0,0,0,0,1,1,0,0,0
65.898393,0,0,0,0,0,0,0,1,0,0,0,0,0,0,0,0,0,1
65.907768,0,1,1,0,0,0,0,0,0,1,1,0,1,0,0,1,0,0
65.921996,1,0,0,0,0,0,0,0,1,0,0,0,1,0,0,0,0,0
65.937679,0,0,0,0,1,0,0,0,0,0,0,0,0,0,0,0,0,0
65.950935,0,0,0,0,0,1,1,0,0,1,0,1,0,1,0,1,0,0
65.951466,0,0,0,0,0,0,0,1,0,0,0,0,0,0,0,0,0,1
65.965108,1,0,0,1,0,0,1,0,0,1,1,0,1,1,1,0,1,0
65.990361,0,0,0,0,1,0,0,0,0,0,0,0,0,0,0,0,0,0
65.992178,0,0,1,1,0,0,0,0,0,1,1,0,1,0,0,0,1,0
65.998739,0,0,0,0,0,0,0,1,0,0,0,0,0,0,0,0,0,1
66.000739,0,0,0,0,0,1,0,0,0,0,0,0,0,1,1,0,0,0
66.013173,0,1,1,0,0,0,0,0,0,1,1,0,1,0,0,1,0,0
66.026877,1,0,0,0,0,0,0,0,1,0,0,0,1,0,0,0,0,0
66.035737,0,0,0,0,1,0,1,0,0,1,0,1,0,1,0,0,1,0
66.048639,0,0,0,0,0,0,0,1,0,0,0,0,0,0,0,0,0,1
66.050605,0,0,0,0,0,1,0,0,0,0,0,0,0,1,1,0,0,0
66.064302,0,1,1,0,0,0,0,0,0,1,1,0,1,0,0,1,0,0
66.082162,1,0,0,0,0,0,0,0,1,0,0,0,1,0,0,0,0,0
66.083188,0,0,0,0,1,0,1,0,0,1,0,1,0,1,0,0,1,0
66.098938,0,0,0,0,0,1,0,0,0,0,0,0,0,1,1,0,0,0
66.100531,0,0,0,0,0,0,0,1,0,0,0,0,0,0,0,0,0,1
66.109968,0,1,1,0,0,0,0,0,0,1,1,0,1,0,0,1,0,0
66.120669,1,0,0,1,0,0,1,0,0,1,1,0,1,1,1,0,1,0
66.134939,0,0,0,0,1,0,0,0,0,0,0,0,0,0,0,0,0,0
66.140981,0,0,1,0,0,0,0,0,1,0,0,0,1,0,0,0,0,0
66.147660,0,0,0,0,0,0,0,1,0,0,0,0,0,0,0,0,0,1
66.150054,0,0,0,0,0,1,0,0,0,1,0,1,0,1,0,1,0,0
66.162178,1,0,0,0,0,0,0,0,1,0,0,0,1,0,0,0,0,0
66.182877,0,0,0,0,1,0,0,0,0,0,0,0,0,0,0,0,0,0
66.201460,0,0,0,0,0,1,1,0,0,1,0,1,0,1,0,1,0,0
66.202098,0,0,0,0,0,0,0,1,0,0,0,0,0,0,0,0,0,1
66.217382,1,0,0,1,0,0,1,0,0,1,1,0,1,1,1,0,1,0
66.234118,0,0,0,0,1,0,0,0,0,0,0,0,0,0,0,0,0,0
66.240220,0,0,1,1,0,0,0,0,0,1,1,0,1,0,0,0,1,0
66.251575,0,0,0,0,0,1,0,0,0,0,0,0,0,1,1,0,0,0
66.251952,0,0,0,0,0,0,0,1,0,0,0,0,0,0,0,0,0,1
66.261254,0,1,1,0,0,0,0,0,0,1,1,0,1,0,0,1,0,0
66.275100,1,0,0,0,0,0,0,0,1,0,0,0,1,0,0,0,0,0
66.290721,0,0,0,0,1,0,1,0,0,1,0,1,0,1,0,0,1,0
66.297294,0,0,0,0,0,0,0,1,0,0,0,0,0,0,0,0,0,1
66.300644,0,0,0,0,0,1,0,0,0,0,0,0,0,1,1,0,0,0
66.311396,0,1,1,0,0,0,0,0,0,1,1,0,1,0,0,1,0,0
66.325141,1,0,0,1,0,0,1,0,0,1,1,0,1,1,1,0,1,0
66.336640,0,0,0,0,1,0,0,0,0,0,0,0,0,0,0,0,0,0
66.351771,0,0,0,0,0,1,0,0,0,0,0,0,0,1,1,0,0,0
66.352407,0,0,0,0,0,0,0,1,0,0,0,0,0,0,0,0,0,1
66.353519,0,1,1,0,0,0,0,0,0,1,1,0,1,0,0,1,0,0
66.367084,1,0,0,1,0,0,1,0,0,1,1,0,1,1,1,0,1,0
66.387425,0,0,0,0,1,0,0,0,0,0,0,0,0,0,0,0,0,0
66.395061,0,0,1,0,0,0,0,0,1,0,0,0,1,0,0,0,0,0
66.398857,0,0,0,0,0,1,0,0,0,1,0,1,0,1,0,1,0,0
66.401331,0,0,0,0,0,0,0,1,0,0,0,0,0,0,0,0,0,1
66.417983,1,0,0,0,0,0,0,0,1,0,0,0,1,0,0,0,0,0
66.425201,0,0,0,0,0,0,1,0,0,1,0,1,0,1,0,0,1,0
66.434421,0,0,0,0,1,0,0,0,0,0,0,0,0,0,0,0,0,0
66.447029,0,0,0,0,0,0,0,1,0,0,0,0,0,0,0,0,0,1
66.450633,0,0,0,0,0,1,0,0,0,0,0,0,0,1,1,0,0,0
66.451499,0,1,1,0,0,0,0,0,0,1,1,0,1,0,0,1,0,0
66.466257,1,0,0,0,0,0,0,0,1,0,0,0,1,0,0,0,0,0
66.483136,0,0,0,0,1,0,1,0,0,1,0,1,0,1,0,0,1,0
66.500110,0,0,0,0,0,1,0,0,0,0,0,0,0,1,1,0,0,0
66.502454,0,0,0,0,0,0,0,1,0,0,0,0,0,0,0,0,0,1
66.511170,0,1,1,0,0,0,0,0,0,1,1,0,1,0,0,1,0,0
66.529628,1,0,0,1,0,0,1,0,0,1,1,0,1,1,1,0,1,0
66.532837,0,0,0,0,1,0,0,0,0,0,0,0,0,0,0,0,0,0
66.549030,0,0,0,0,0,1,0,0,0,0,0,0,0,1,1,0,0,0
66.551319,0,0,0,0,0,0,0,1,0,0,0,0,0,0,0,0,0,1
66.551715,0,1,1,0,0,0,0,0,0,1,1,0,1,0,0,1,0,0
66.563799,1,0,0,0,0,0,0,0,1,0,0,0,1,0,0,0,0,0
66.570551,0,0,0,0,0,0,1,0,0,1,0,1,0,1,0,0,1,0
66.587135,0,0,0,0,1,0,0,0,0,0,0,0,0,0,0,0,0,0
66.592494,0,0,1,0,0,0,0,0,1,0,0,0,1,0,0,0,0,0
66.600565,0,0,0,0,0,1,0,0,0,1,0,1,0,1,0,1,0,0
66.601793,0,0,0,0,0,0,0,1,0,0,0,0,0,0,0,0,0,1
66.617930,1,0,0,1,0,0,1,0,0,1,1,0,1,1,1,0,1,0
66.640836,0,0,0,0,1,0,0,0,0,0,0,0,0,0,0,0,0,0
66.641762,0,0,1,0,0,0,0,0,1,0,0,0,1,0,0,0,0,0
66.650185,0,0,0,0,0,1,0,0,0,1,0,1,0,1,0,1,0,0
66.652403,0,0,0,0,0,0,0,1,0,0,0,0,0,0,0,0,0,1
66.662389,1,0,0,1,0,0,1,0,0,1,1,0,1,1,1,0,1,0
66.687393,0,0,0,0,1,0,0,0,0,0,0,0,0,0,0,0,0,0
66.688303,0,0,1,0,0,0,0,0,1,0,0,0,1,0,0,0,0,0
66.698617,0,0,0,0,0,1,0,0,0,1,0,1,0,1,0,1,0,0
66.699944,0,0,0,0,0,0,0,1,0,0,0,0,0,0,0,0,0,1
66.712260,1,0,0,1,0,0,1,0,0,1,1,0,1,1,1,0,1,0
66.734677,0,0,0,0,1,0,0,0,0,0,0,0,0,0,0,0,0,0
66.738403,0,0,1,0,0,0,0,0,1,0,0,0,1,0,0,0,0,0
66.750481,0,0,0,0,0,1,0,0,0,1,0,1,0,1,0,1,0,0
66.751514,0,0,0,0,0,0,0,1,0,0,0,0,0,0,0,0,0,1
66.763985,1,0,0,1,0,0,1,0,0,1,1,0,1,1,1,0,1,0
66.781930,0,0,0,0,1,0,0,0,0,0,0,0,0,0,0,0,0,0
66.793456,0,0,1,0,0,0,0,0,1,0,0,0,1,0,0,0,0,0
66.796500,0,0,0,0,0,0,0,1,0,0,0,0,0,0,0,0,0,1
66.799654,0,0,0,0,0,1,0,0,0,1,0,1,0,1,0,1,0,0
66.819226,1,0,0,0,0,0,0,0,1,0,0,0,1,0,0,0,0,0
66.825222,0,0,0,0,0,0,1,0,0,1,0,1,0,1,0,0,1,0
66.831408,0,0,0,0,1,0,0,0,0,0,0,0,0,0,0,0,0,0
66.847321,0,0,0,0,0,0,0,1,0,0,0,0,0,0,0,0,0,1
66.848726,0,0,0,0,0,1,0,0,0,0,0,0,0,1,1,0,0,0
66.853886,0,1,1,0,0,0,0,0,0,1,1,0,1,0,0,1,0,0
66.870626,1,0,0,0,0,0,0,0,1,0,0,0,1,0,0,0,0,0
66.881629,0,0,0,0,1,0,1,0,0,1,0,1,0,1,0,0,1,0
66.898319,0,0,0,0,0,1,0,0,0,0,0,0,0,1,1,0,0,0
66.899050,0,0,0,0,0,0,0,1,0,0,0,0,0,0,0,0,0,1
66.902112,0,1,1,0,0,0,0,0,0,1,1,0,1,0,0,1,0,0
66.918322,1,0,0,1,0,0,1,0,0,1,1,0,1,1,1,0,1,0
66.934117,0,0,0,0,1,0,0,0,0,0,0,0,0,0,0,0,0,0
66.945374,0,0,1,0,0,0,0,0,1,0,0,0,1,0,0,0,0,0
66.949823,0,0,0,0,0,1,0,0,0,1,0,1,0,1,0,1,0,0
66.953154,0,0,0,0,0,0,0,1,0,0,0,0,0,0,0,0,0,1
66.965013,1,0,0,1,0,0,1,0,0,1,1,0,1,1,1,0,1,0
66.986594,0,0,1,0,0,0,0,0,1,0,0,0,1,0,0,0,0,0
66.986825,0,0,0,0,1,0,0,0,0,0,0,0,0,0,0,0,0,0
66.999966,0,0,0,0,0,1,0,0,0,1,0,1,0,1,0,1,0,0
67.000103,0,0,0,0,0,0,0,1,0,0,0,0,0,0,0,0,0,1
67.013000,1,0,0,1,0,0,1,0,0,1,1,0,1,1,1,0,1,0
67.034000,0,0,1,0,0,0,0,0,1,0,0,0,1,0,0,0,0,0
67.037544,0,0,0,0,1,0,0,0,0,0,0,0,0,0,0,0,0,0
67.049854,0,0,0,0,0,1,0,0,0,1,0,1,0,1,0,1,0,0
67.050625,0,0,0,0,0,0,0,1,0,0,0,0,0,0,0,0,0,1
67.064576,1,0,0,1,0,0,1,0,0,1,1,0,1,1,1,0,1,0
67.087047,0,0,1,0,0,0,0,0,1,0,0,0,1,0,0,0,0,0
67.090413,0,0,0,0,1,0,0,0,0,0,0,0,0,0,0,0,0,0
67.097880,0,0,0,0,0,0,0,1,0,0,0,0,0,0,0,0,0,1
67.099531,0,0,0,0,0,1,0,0,0,1,0,1,0,1,0,1,0,0
67.118747,1,0,0,0,0,0,0,0,1,0,0,0,1,0,0,0,0,0
67.124943,0,0,0,0,0,0,1,0,0,1,0,1,0,1,0,0,1,0
67.134862,0,0,0,0,1,0,0,0,0,0,0,0,0,0,0,0,0,0
67.145531,0,0,1,0,0,0,0,0,1,0,0,0,1,0,0,0,0,0
67.149896,0,0,0,0,0,0,0,1,0,0,0,0,0,0,0,0,0,1
67.150441,0,0,0,0,0,1,0,0,0,1,0,1,0,1,0,1,0,0
67.164622,1,0,0,1,0,0,1,0,0,1,1,0,1,1,1,0,1,0
67.185078,0,0,0,0,1,0,0,0,0,0,0,0,0,0,0,0,0,0
67.189608,0,0,1,0,0,0,0,0,1,0,0,0,1,0,0,0,0,0
67.199301,0,0,0,0,0,0,0,1,0,0,0,0,0,0,0,0,0,1
67.200116,0,0,0,0,0,1,0,0,0,1,0,1,0,1,0,1,0,0
67.218844,1,0,0,1,0,0,1,0,0,1,1,0,1,1,1,0,1,0
67.235019,0,0,0,0,1,0,0,0,0,0,0,0,0,0,0,0,0,0
67.239633,0,0,1,0,0,0,0,0,1,0,0,0,1,0,0,0,0,0
67.249093,0,0,0,0,0,1,0,0,0,1,0,1,0,1,0,1,0,0
67.249687,0,0,0,0,0,0,0,1,0,0,0,0,0,0,0,0,0,1
67.267554,1,0,0,1,0,0,1,0,0,1,1,0,1,1,1,0,1,0
67.287587,0,0,0,0,1,0,0,0,0,0,0,0,0,0,0,0,0,0
67.287698,0,0,1,0,0,0,0,0,1,0,0,0,1,0,0,0,0,0
67.298428,0,0,0,0,0,1,0,0,0,1,0,1,0,1,0,1,0,0
67.302918,0,0,0,0,0,0,0,1,0,0,0,0,0,0,0,0,0,1
67.312458,1,0,0,1,0,0,1,0,0,1,1,0,1,1,1,0,1,0
67.334033,0,0,1,0,0,0,0,0,1,0,0,0,1,0,0,0,0,0
67.337171,0,0,0,0,1,0,0,0,0,0,0,0,0,0,0,0,0,0
67.349520,0,0,0,0,0,1,0,0,0,1,0,1,0,1,0,1,0,0
67.350682,0,0,0,0,0,0,0,1,0,0,0,0,0,0,0,0,0,1
67.363488,1,0,0,0,0,0,0,0,1,0,0,0,1,0,0,0,0,0
67.386055,0,0,0,0,1,0,0,0,0,0,0,0,0,0,0,0,0,0
67.398427,0,0,0,0,0,1,1,0,0,1,0,1,0,1,0,1,0,0
67.401029,0,0,0,0,0,0,0,1,0,0,0,0,0,0,0,0,0,1
67.416703,1,0,0,1,0,0,1,0,0,1,1,0,1,1,1,0,1,0
67.439600,0,0,0,0,1,0,0,0,0,0,0,0,0,0,0,0,0,0
67.440879,0,0,1,1,0,0,0,0,0,1,1,0,1,0,0,0,1,0
67.450430,0,0,0,0,0,0,0,1,0,0,0,0,0,0,0,0,0,1
67.451600,0,0,0,0,0,1,0,0,0,0,0,0,0,1,1,0,0,0
67.461758,0,1,1,0,0,0,0,0,0,1,1,0,1,0,0,1,0,0
67.480049,1,0,0,1,0,0,1,0,0,1,1,0,1,1,1,0,1,0
67.489100,0,0,0,0,1,0,0,0,0,0,0,0,0,0,0,0,0,0
67.500601,0,0,0,0,0,0,0,1,0,0,0,0,0,0,0,0,0,1
67.501664,0,0,0,0,0,1,0,0,0,0,0,0,0,1,1,0,0,0
67.506756,0,1,1,0,0,0,0,0,0,1,1,0,1,0,0,1,0,0
67.517583,1,0,0,0,0,0,0,0,1,0,0,0,1,0,0,0,0,0
67.537251,0,0,0,0,1,0,1,0,0,1,0,1,0,1,0,0,1,0
67.548971,0,0,0,0,0,0,0,1,0,0,0,0,0,0,0,0,0,1
67.551156,0,0,0,0,0,1,0,0,0,0,0,0,0,1,1,0,0,0
67.565973,0,1,1,0,0,0,0,0,0,1,1,0,1,0,0,1,0,0
67.582625,1,0,0,0,0,0,0,0,1,0,0,0,1,0,0,0,0,0
67.588029,0,0,0,0,1,0,1,0,0,1,0,1,0,1,0,0,1,0
67.598742,0,0,0,0,0,1,0,0,0,0,0,0,0,1,1,0,0,0
67.601834,0,0,0,0,0,0,0,1,0,0,0,0,0,0,0,0,0,1
67.613710,0,1,1,0,0,0,0,0,0,1,1,0,1,0,0,1,0,0
67.630039,1,0,0,0,0,0,0,0,1,0,0,0,1,0,0,0,0,0
67.635174,0,0,0,0,1,0,0,0,0,0,0,0,0,0,0,0,0,0
67.636207,0,0,0,0,0,0,1,0,0,1,0,1,0,1,0,0,1,0
67.649029,0,0,0,0,0,1,0,0,0,0,0,0,0,1,1,0,0,0
67.649510,0,0,0,0,0,0,0,1,0,0,0,0,0,0,0,0,0,1
67.663649,0,1,1,0,0,0,0,0,0,1,1,0,1,0,0,1,0,0
67.676114,1,0,0,1,0,0,1,0,0,1,1,0,1,1,1,0,1,0
67.683493,0,0,0,0,1,0,0,0,0,0,0,0,0,0,0,0,0,0
67.698463,0,0,0,0,0,0,0,1,0,0,0,0,0,0,0,0,0,1
67.699351,0,0,0,0,0,1,0,0,0,0,0,0,0,1,1,0,0,0
67.700104,0,1,1,0,0,0,0,0,0,1,1,0,1,0,0,1,0,0
67.720057,1,0,0,1,0,0,1,0,0,1,1,0,1,1,1,0,1,0
67.733158,0,0,0,0,1,0,0,0,0,0,0,0,0,0,0,0,0,0
67.748066,0,0,0,0,0,0,0,1,0,0,0,0,0,0,0,0,0,1
67.748206,0,0,1,0,0,0,0,0,1,0,0,0,1,0,0,0,0,0
67.751112,0,0,0,0,0,1,0,0,0,1,0,1,0,1,0,1,0,0
67.767230,1,0,0,0,0,0,0,0,1,0,0,0,1,0,0,0,0,0
67.776579,0,0,0,0,0,0,1,0,0,1,0,1,0,1,0,0,1,0
67.783028,0,0,0,0,1,0,0,0,0,0,0,0,0,0,0,0,0,0
67.799665,0,0,0,0,0,0,0,1,0,0,0,0,0,0,0,0,0,1
67.800388,0,0,1,0,0,0,0,0,1,0,0,0,1,0,0,0,0,0
67.800508,0,0,0,0,0,1,0,0,0,1,0,1,0,1,0,1,0,0
67.814620,1,0,0,0,0,0,0,0,1,0,0,0,1,0,0,0,0,0
67.833404,0,0,0,0,1,0,0,0,0,0,0,0,0,0,0,0,0,0
67.849374,0,0,0,0,0,0,0,1,0,0,0,0,0,0,0,0,0,1
67.850166,0,0,0,0,0,1,1,0,0,1,0,1,0,1,0,0,1,0
67.873676,0,1,1,0,0,0,0,0,0,1,1,0,1,0,0,1,0,0
67.883307,0,0,0,0,1,0,0,0,0,0,0,0,0,0,0,0,0,0
67.886486,1,0,0,1,0,0,1,0,0,1,1,0,1,1,1,0,1,0
67.900298,0,0,0,0,0,0,0,1,0,0,0,0,0,0,0,0,0,1
67.900434,0,0,0,0,0,1,0,0,0,0,0,0,0,1,1,0,0,0
67.907028,0,1,1,0,0,0,0,0,0,1,1,0,1,0,0,1,0,0
67.919572,1,0,0,1,0,0,1,0,0,1,1,0,1,1,1,0,1,0
67.939903,0,0,0,0,1,0,0,0,0,0,0,0,0,0,0,0,0,0
67.946294,0,0,1,0,0,0,0,0,1,0,0,0,1,0,0,0,0,0
67.948655,0,0,0,0,0,0,0,1,0,0,0,0,0,0,0,0,0,1
67.949322,0,0,0,0,0,1,0,0,0,1,0,1,0,1,0,1,0,0
67.963421,1,0,0,1,0,0,1,0,0,1,1,0,1,1,1,0,1,0
67.985355,0,0,0,0,1,0,0,0,0,0,0,0,0,0,0,0,0,0
67.992141,0,0,1,0,0,0,0,0,1,0,0,0,1,0,0,0,0,0
68.000511,0,0,0,0,0,1,0,0,0,1,0,1,0,1,0,1,0,0
68.000823,0,0,0,0,0,0,0,1,0,0,0,0,0,0,0,0,0,1
68.012657,1,0,0,1,0,0,1,0,0,1,1,0,1,1,1,0,1,0
68.035044,0,0,0,0,1,0,0,0,0,0,0,0,0,0,0,0,0,0
68.040076,0,0,1,0,0,0,0,0,1,0,0,0,1,0,0,0,0,0
68.050396,0,0,0,0,0,0,0,1,0,0,0,0,0,0,0,0,0,1
68.050598,0,0,0,0,0,1,0,0,0,1,0,1,0,1,0,1,0,0
68.067526,1,0,0,0,0,0,0,0,1,0,0,0,1,0,0,0,0,0
68.070589,0,0,0,0,0,0,1,0,0,1,0,1,0,1,0,0,1,0
68.087549,0,0,0,0,1,0,0,0,0,0,0,0,0,0,0,0,0,0
68.099659,0,0,0,0,0,1,0,0,0,0,0,0,0,1,1,0,0,0
68.099978,0,1,1,0,0,0,0,0,0,1,1,0,1,0,0,1,0,0
68.101136,0,0,0,0,0,0,0,1,0,0,0,0,0,0,0,0,0,1
68.116179,1,0,0,0,0,0,0,0,1,0,0,0,1,0,0,0,0,0
68.133018,0,0,0,0,1,0,1,0,0,1,0,1,0,1,0,0,1,0
68.148968,0,0,0,0,0,1,0,0,0,0,0,0,0,1,1,0,0,0
68.152425,0,0,0,0,0,0,0,1,0,0,0,0,0,0,0,0,0,1
68.154902,0,1,1,0,0,0,0,0,0,1,1,0,1,0,0,1,0,0
68.171720,1,0,0,1,0,0,1,0,0,1,1,0,1,1,1,0,1,0
68.186289,0,0,0,0,1,0,0,0,0,0,0,0,0,0,0,0,0,0
68.197102,0,0,1,0,0,0,0,0,1,0,0,0,1,0,0,0,0,0
68.199230,0,0,0,0,0,1,0,0,0,1,0,1,0,1,0,1,0,0
68.200262,0,0,0,0,0,0,0,1,0,0,0,0,0,0,0,0,0,1
68.213784,1,0,0,1,0,0,1,0,0,1,1,0,1,1,1,0,1,0
68.239899,0,0,1,0,0,0,0,0,1,0,0,0,1,0,0,0,0,0
68.240011,0,0,0,0,1,0,0,0,0,0,0,0,0,0,0,0,0,0
68.249023,0,0,0,0,0,1,0,0,0,1,0,1,0,1,0,1,0,0
68.252582,0,0,0,0,0,0,0,1,0,0,0,0,0,0,0,0,0,1
68.264906,1,0,0,0,0,0,0,0,1,0,0,0,1,0,0,0,0,0
68.266254,0,0,0,0,0,0,1,0,0,1,0,1,0,1,0,0,1,0
68.289207,0,0,0,0,1,0,0,0,0,0,0,0,0,0,0,0,0,0
68.291820,0,0,1,0,0,0,0,0,1,0,0,0,1,0,0,0,0,0
68.299802,0,0,0,0,0,1,0,0,0,1,0,1,0,1,0,1,0,0
68.301824,0,0,0,0,0,0,0,1,0,0,0,0,0,0,0,0,0,1
68.312294,1,0,0,1,0,0,1,0,0,1,1,0,1,1,1,0,1,0
68.333663,0,0,0,0,1,0,0,0,0,0,0,0,0,0,0,0,0,0
68.334854,0,0,1,0,0,0,0,0,1,0,0,0,1,0,0,0,0,0
68.350530,0,0,0,0,0,0,0,1,0,0,0,0,0,0,0,0,0,1
68.351179,0,0,0,0,0,1,0,0,0,1,0,1,0,1,0,1,0,0
68.365807,1,0,0,1,0,0,1,0,0,1,1,0,1,1,1,0,1,0
68.386752,0,0,0,0,1,0,0,0,0,0,0,0,0,0,0,0,0,0
68.394623,0,0,1,0,0,0,0,0,1,0,0,0,1,0,0,0,0,0
68.399618,0,0,0,0,0,0,0,1,0,0,0,0,0,0,0,0,0,1
68.400287,0,0,0,0,0,1,0,0,0,1,0,1,0,1,0,1,0,0
68.417887,1,0,0,1,0,0,1,0,0,1,1,0,1,1,1,0,1,0
68.438252,0,0,0,0,1,0,0,0,0,0,0,0,0,0,0,0,0,0
68.443668,0,0,1,0,0,0,0,0,1,0,0,0,1,0,0,0,0,0
68.448900,0,0,0,0,0,0,0,1,0,0,0,0,0,0,0,0,0,1
68.449559,0,0,0,0,0,1,0,0,0,1,0,1,0,1,0,1,0,0
68.464226,1,0,0,1,0,0,1,0,0,1,1,0,1,1,1,0,1,0
68.486182,0,0,0,0,1,0,0,0,0,0,0,0,0,0,0,0,0,0
68.487066,0,0,1,0,0,0,0,0,1,0,0,0,1,0,0,0,0,0
68.499418,0,0,0,0,0,1,0,0,0,1,0,1,0,1,0,1,0,0
68.503023,0,0,0,0,0,0,0,1,0,0,0,0,0,0,0,0,0,1
68.511816,1,0,0,1,0,0,1,0,0,1,1,0,1,1,1,0,1,0
68.538508,0,0,1,0,0,0,0,0,1,0,0,0,1,0,0,0,0,0
68.542834,0,0,0,0,1,0,0,0,0,0,0,0,0,0,0,0,0,0
68.551384,0,0,0,0,0,0,0,1,0,0,0,0,0,0,0,0,0,1
68.551754,0,0,0,0,0,1,0,0,0,1,0,1,0,1,0,1,0,0
68.566149,1,0,0,1,0,0,1,0,0,1,1,0,1,1,1,0,1,0
68.588276,0,0,1,0,0,0,0,0,1,0,0,0,1,0,0,0,0,0
68.588648,0,0,0,0,1,0,0,0,0,0,0,0,0,0,0,0,0,0
68.596395,0,0,0,0,0,0,0,1,0,0,0,0,0,0,0,0,0,1
68.601378,0,0,0,0,0,1,0,0,0,1,0,1,0,1,0,1,0,0
68.614681,1,0,0,1,0,0,1,0,0,1,1,0,1,1,1,0,1,0
68.632856,0,0,0,0,1,0,0,0,0,0,0,0,0,0,0,0,0,0
68.640148,0,0,1,0,0,0,0,0,1,0,0,0,1,0,0,0,0,0
68.649475,0,0,0,0,0,1,0,0,0,1,0,1,0,1,0,1,0,0
68.652053,0,0,0,0,0,0,0,1,0,0,0,0,0,0,0,0,0,1
68.660499,1,0,0,0,0,0,0,0,1,0,0,0,1,0,0,0,0,0
68.667122,0,0,0,0,0,0,1,0,0,1,0,1,0,1,0,0,1,0
68.687452,0,0,0,0,1,0,0,0,0,0,0,0,0,0,0,0,0,0
68.690789,0,0,1,0,0,0,0,0,1,0,0,0,1,0,0,0,0,0
68.700337,0,0,0,0,0,0,0,1,0,0,0,0,0,0,0,0,0,1
68.701250,0,0,0,0,0,1,0,0,0,1,0,1,0,1,0,1,0,0
68.712884,1,0,0,0,0,0,0,0,1,0,0,0,1,0,0,0,0,0
68.739843,0,0,0,0,1,0,1,0,0,1,0,1,0,1,0,0,1,0
68.749634,0,0,0,0,0,1,0,0,0,0,0,0,0,1,1,0,0,0
68.753778,0,0,0,0,0,0,0,1,0,0,0,0,0,0,0,0,0,1
68.761277,0,1,1,0,0,0,0,0,0,1,1,0,1,0,0,1,0,0
68.776374,1,0,0,0,0,0,0,0,1,0,0,0,1,0,0,0,0,0
68.791512,0,0,0,0,0,0,1,0,0,1,0,1,0,1,0,0,1,0
68.792764,0,0,0,0,1,0,0,0,0,0,0,0,0,0,0,0,0,0
68.798399,0,0,0,0,0,1,0,0,0,0,0,0,0,1,1,0,0,0
68.799266,0,0,0,0,0,0,0,1,0,0,0,0,0,0,0,0,0,1
68.820576,0,1,1,0,0,0,0,0,0,1,1,0,1,0,0,1,0,0
68.833952,0,0,0,0,1,0,0,0,0,0,0,0,0,0,0,0,0,0
68.839026,1,0,0,1,0,0,1,0,0,1,1,0,1,1,1,0,1,0
68.847765,0,0,0,0,0,0,0,1,0,0,0,0,0,0,0,0,0,1
68.851060,0,0,0,0,0,1,0,0,0,0,0,0,0,1,1,0,0,0
68.866620,0,1,1,0,0,0,0,0,0,1,1,0,1,0,0,1,0,0
68.882857,1,0,0,1,0,0,1,0,0,1,1,0,1,1,1,0,1,0
68.885545,0,0,0,0,1,0,0,0,0,0,0,0,0,0,0,0,0,0
68.899390,0,0,0,0,0,1,0,0,0,0,0,0,0,1,1,0,0,0
68.899422,0,0,0,0,0,0,0,1,0,0,0,0,0,0,0,0,0,1
68.903121,0,1,1,0,0,0,0,0,0,1,1,0,1,0,0,1,0,0
68.917481,1,0,0,1,0,0,1,0,0,1,1,0,1,1,1,0,1,0
68.936196,0,0,0,0,1,0,0,0,0,0,0,0,0,0,0,0,0,0
68.941409,0,0,1,0,0,0,0,0,1,0,0,0,1,0,0,0,0,0
68.948444,0,0,0,0,0,0,0,1,0,0,0,0,0,0,0,0,0,1
68.949749,0,0,0,0,0,1,0,0,0,1,0,1,0,1,0,1,0,0
68.963570,1,0,0,1,0,0,1,0,0,1,1,0,1,1,1,0,1,0
68.984527,0,0,0,0,1,0,0,0,0,0,0,0,0,0,0,0,0,0
68.990567,0,0,1,0,0,0,0,0,1,0,0,0,1,0,0,0,0,0
68.999279,0,0,0,0,0,1,0,0,0,1,0,1,0,1,0,1,0,0
69.001928,0,0,0,0,0,0,0,1,0,0,0,0,0,0,0,0,0,1
69.013148,1,0,0,0,0,0,0,0,1,0,0,0,1,0,0,0,0,0
69.035654,0,0,0,0,0,0,1,0,0,1,0,1,0,1,0,0,1,0
69.039116,0,0,0,0,1,0,0,0,0,0,0,0,0,0,0,0,0,0
69.050707,0,0,0,0,0,0,0,1,0,0,0,0,0,0,0,0,0,1
69.050735,0,0,0,0,0,1,0,0,0,0,0,0,0,1,1,0,0,0
69.060938,0,1,1,0,0,0,0,0,0,1,1,0,1,0,0,1,0,0
69.078517,1,0,0,1,0,0,1,0,0,1,1,0,1,1,1,0,1,0
69.088612,0,0,0,0,1,0,0,0,0,0,0,0,0,0,0,0,0,0
69.098576,0,0,0,0,0,0,0,1,0,0,0,0,0,0,0,0,0,1
69.098914,0,0,0,0,0,1,0,0,0,0,0,0,0,1,1,0,0,0
69.105426,0,1,1,0,0,0,0,0,0,1,1,0,1,0,0,1,0,0
69.119396,1,0,0,0,0,0,0,0,1,0,0,0,1,0,0,0,0,0
69.135904,0,0,0,0,1,0,0,0,0,0,0,0,0,0,0,0,0,0
69.147808,0,0,0,0,0,0,0,1,0,0,0,0,0,0,0,0,0,1
69.150189,0,0,0,0,0,1,1,0,0,1,0,1,0,1,0,0,1,0
69.171705,0,1,1,0,0,0,0,0,0,1,1,0,1,0,0,1,0,0
69.184696,1,0,0,0,0,0,0,0,1,0,0,0,1,0,0,0,0,0
69.185318,0,0,0,0,1,0,1,0,0,1,0,1,0,1,0,0,1,0
69.198786,0,0,0,0,0,0,0,1,0,0,0,0,0,0,0,0,0,1
69.200459,0,0,0,0,0,1,0,0,0,0,0,0,0,1,1,0,0,0
69.209908,0,1,1,0,0,0,0,0,0,1,1,0,1,0,0,1,0,0
69.227227,1,0,0,0,0,0,0,0,1,0,0,0,1,0,0,0,0,0
69.231949,0,0,0,0,0,0,1,0,0,1,0,1,0,1,0,0,1,0
69.235689,0,0,0,0,1,0,0,0,0,0,0,0,0,0,0,0,0,0
69.247043,0,0,0,0,0,0,0,1,0,0,0,0,0,0,0,0,0,1
69.249916,0,0,0,0,0,1,0,0,0,0,0,0,0,1,1,0,0,0
69.252929,0,1,1,0,0,0,0,0,0,1,1,0,1,0,0,1,0,0
69.269731,1,0,0,0,0,0,0,0,1,0,0,0,1,0,0,0,0,0
69.285959,0,0,0,0,1,0,0,0,0,0,0,0,0,0,0,0,0,0
69.293079,0,0,0,0,0,0,1,0,0,1,0,1,0,1,0,0,1,0
69.298380,0,0,0,0,0,1,0,0,0,0,0,0,0,1,1,0,0,0
69.301920,0,0,0,0,0,0,0,1,0,0,0,0,0,0,0,0,0,1
69.314547,0,1,1,0,0,0,0,0,0,1,1,0,1,0,0,1,0,0
69.328366,1,0,0,0,0,0,0,0,1,0,0,0,1,0,0,0,0,0
69.332748,0,0,0,0,1,0,0,0,0,0,0,0,0,0,0,0,0,0
69.342117,0,0,0,0,0,0,1,0,0,1,0,1,0,1,0,0,1,0
69.350365,0,0,0,0,0,0,0,1,0,0,0,0,0,0,0,0,0,1
69.351677,0,0,0,0,0,1,0,0,0,0,0,0,0,1,1,0,0,0
69.364941,0,1,1,0,0,0,0,0,0,1,1,0,1,0,0,1,0,0
69.380614,1,0,0,0,0,0,0,0,1,0,0,0,1,0,0,0,0,0
69.382663,0,0,0,0,0,0,1,0,0,1,0,1,0,1,0,0,1,0
69.386081,0,0,0,0,1,0,0,0,0,0,0,0,0,0,0,0,0,0
69.398894,0,0,0,0,0,1,0,0,0,0,0,0,0,1,1,0,0,0
69.399038,0,0,0,0,0,0,0,1,0,0,0,0,0,0,0,0,0,1
69.406129,0,1,1,0,0,0,0,0,0,1,1,0,1,0,0,1,0,0
69.422504,1,0,0,1,0,0,1,0,0,1,1,0,1,1,1,0,1,0
69.435895,0,0,0,0,1,0,0,0,0,0,0,0,0,0,0,0,0,0
69.449978,0,0,0,0,0,1,0,0,0,0,0,0,0,1,1,0,0,0
69.450125,0,0,0,0,0,0,0,1,0,0,0,0,0,0,0,0,0,1
69.450584,0,1,1,0,0,0,0,0,0,1,1,0,1,0,0,1,0,0
69.462130,1,0,0,0,0,0,0,0,1,0,0,0,1,0,0,0,0,0
69.484091,0,0,0,0,0,0,1,0,0,1,0,1,0,1,0,0,1,0
69.488282,0,0,0,0,1,0,0,0,0,0,0,0,0,0,0,0,0,0
69.501024,0,0,0,0,0,1,0,0,0,0,0,0,0,1,1,0,0,0
69.502144,0,0,0,0,0,0,0,1,0,0,0,0,0,0,0,0,0,1
69.505901,0,1,1,0,0,0,0,0,0,1,1,0,1,0,0,1,0,0
69.520221,1,0,0,0,0,0,0,0,1,0,0,0,1,0,0,0,0,0
69.537647,0,0,0,0,1,0,1,0,0,1,0,1,0,1,0,0,1,0
69.548932,0,0,0,0,0,1,0,0,0,0,0,0,0,1,1,0,0,0
69.549002,0,0,0,0,0,0,0,1,0,0,0,0,0,0,0,0,0,1
69.560893,0,1,1,0,0,0,0,0,0,1,1,0,1,0,0,1,0,0
69.577814,1,0,0,1,0,0,1,0,0,1,1,0,1,1,1,0,1,0
69.583548,0,0,0,0,1,0,0,0,0,0,0,0,0,0,0,0,0,0
69.601238,0,0,0,0,0,0,0,1,0,0,0,0,0,0,0,0,0,1
69.601320,0,0,0,0,0,1,0,0,0,0,0,0,0,1,1,0,0,0
69.604408,0,1,1,0,0,0,0,0,0,1,1,0,1,0,0,1,0,0
69.622500,1,0,0,1,0,0,1,0,0,1,1,0,1,1,1,0,1,0
69.640784,0,0,0,0,1,0,0,0,0,0,0,0,0,0,0,0,0,0
69.646986,0,0,0,0,0,0,0,1,0,0,0,0,0,0,0,0,0,1
69.649412,0,0,1,0,0,0,0,0,1,0,0,0,1,0,0,0,0,0
69.651517,0,0,0,0,0,1,0,0,0,1,0,1,0,1,0,1,0,0
69.667283,1,0,0,1,0,0,1,0,0,1,1,0,1,1,1,0,1,0
69.677848,0,0,0,0,1,0,0,0,0,0,0,0,0,0,0,0,0,0
69.691591,0,0,1,0,0,0,0,0,1,0,0,0,1,0,0,0,0,0
69.699728,0,0,0,0,0,1,0,0,0,1,0,1,0,1,0,1,0,0
69.701872,0,0,0,0,0,0,0,1,0,0,0,0,0,0,0,0,0,1
69.719393,1,0,0,1,0,0,1,0,0,1,1,0,1,1,1,0,1,0
69.741220,0,0,0,0,1,0,0,0,0,0,0,0,0,0,0,0,0,0
69.744494,0,0,1,0,0,0,0,0,1,0,0,0,1,0,0,0,0,0
69.746913,0,0,0,0,0,0,0,1,0,0,0,0,0,0,0,0,0,1
69.749190,0,0,0,0,0,1,0,0,0,1,0,1,0,1,0,1,0,0
69.768179,1,0,0,1,0,0,1,0,0,1,1,0,1,1,1,0,1,0
69.780512,0,0,0,0,1,0,0,0,0,0,0,0,0,0,0,0,0,0
69.788331,0,0,1,0,0,0,0,0,1,0,0,0,1,0,0,0,0,0
69.800980,0,0,0,0,0,1,0,0,0,1,0,1,0,1,0,1,0,0
69.803430,0,0,0,0,0,0,0,1,0,0,0,0,0,0,0,0,0,1
69.811210,1,0,0,1,0,0,1,0,0,1,1,0,1,1,1,0,1,0
69.840078,0,0,1,0,0,0,0,0,1,0,0,0,1,0,0,0,0,0
69.840952,0,0,0,0,1,0,0,0,0,0,0,0,0,0,0,0,0,0
69.849359,0,0,0,0,0,0,0,1,0,0,0,0,0,0,0,0,0,1
69.849861,0,0,0,0,0,1,0,0,0,1,0,1,0,1,0,1,0,0
69.860844,1,0,0,1,0,0,1,0,0,1,1,0,1,1,1,0,1,0
69.885480,0,0,0,0,1,0,0,0,0,0,0,0,0,0,0,0,0,0
69.885656,0,0,1,0,0,0,0,0,1,0,0,0,1,0,0,0,0,0
69.900769,0,0,0,0,0,1,0,0,0,1,0,1,0,1,0,1,0,0
69.901331,0,0,0,0,0,0,0,1,0,0,0,0,0,0,0,0,0,1
69.915944,1,0,0,1,0,0,1,0,0,1,1,0,1,1,1,0,1,0
69.931723,0,0,0,0,1,0,0,0,0,0,0,0,0,0,0,0,0,0
69.940979,0,0,1,0,0,0,0,0,1,0,0,0,1,0,0,0,0,0
69.947108,0,0,0,0,0,0,0,1,0,0,0,0,0,0,0,0,0,1
69.951571,0,0,0,0,0,1,0,0,0,1,0,1,0,1,0,1,0,0
69.965411,1,0,0,0,0,0,0,0,1,0,0,0,1,0,0,0,0,0
69.986709,0,0,0,0,1,0,0,0,0,0,0,0,0,0,0,0,0,0
69.998513,0,0,0,0,0,0,0,1,0,0,0,0,0,0,0,0,0,1
69.999597,0,0,0,0,0,1,1,0,0,1,0,1,0,1,0,0,1,0
70.024783,0,1,1,0,0,0,0,0,0,1,1,0,1,0,0,1,0,0
70.035661,1,0,0,0,0,0,0,0,1,0,0,0,1,0,0,0,0,0
70.036437,0,0,0,0,0,0,1,0,0,1,0,1,0,1,0,0,1,0
70.037101,0,0,0,0,1,0,0,0,0,0,0,0,0,0,0,0,0,0
70.049460,0,0,0,0,0,1,0,0,0,0,0,0,0,1,1,0,0,0
70.049902,0,0,0,0,0,0,0,1,0,0,0,0,0,0,0,0,0,1
70.060740,0,1,1,0,0,0,0,0,0,1,1,0,1,0,0,1,0,0
70.075978,1,0,0,0,0,0,0,0,1,0,0,0,1,0,0,0,0,0
70.086876,0,0,0,0,0,0,1,0,0,1,0,1,0,1,0,0,1,0
70.088908,0,0,0,0,1,0,0,0,0,0,0,0,0,0,0,0,0,0
70.099176,0,0,0,0,0,0,0,1,0,0,0,0,0,0,0,0,0,1
70.100339,0,0,0,0,0,1,0,0,0,0,0,0,0,1,1,0,0,0
70.110541,0,1,1,0,0,0,0,0,0,1,1,0,1,0,0,1,0,0
70.125961,1,0,0,0,0,0,0,0,1,0,0,0,1,0,0,0,0,0
70.127845,0,0,0,0,0,0,1,0,0,1,0,1,0,1,0,0,1,0
70.135464,0,0,0,0,1,0,0,0,0,0,0,0,0,0,0,0,0,0
70.148659,0,0,0,0,0,0,0,1,0,0,0,0,0,0,0,0,0,1
70.150035,0,0,0,0,0,1,0,0,0,0,0,0,0,1,1,0,0,0
70.154105,0,1,1,0,0,0,0,0,0,1,1,0,1,0,0,1,0,0
70.171200,1,0,0,0,0,0,0,0,1,0,0,0,1,0,0,0,0,0
70.181102,0,0,0,0,1,0,0,0,0,0,0,0,0,0,0,0,0,0
70.199739,0,0,0,0,0,1,0,0,0,1,0,1,0,1,0,1,0,0
70.201537,0,0,0,0,0,0,1,0,0,0,0,0,0,1,1,0,0,0
70.203805,0,0,0,0,0,0,0,1,0,0,0,0,0,0,0,0,0,1
70.218654,1,0,0,1,0,0,0,0,0,1,1,0,1,0,0,0,1,0
70.236863,0,0,0,0,1,0,1,0,0,0,0,0,0,1,1,0,0,0
70.247853,0,0,1,1,0,0,0,0,0,1,1,0,1,0,0,0,1,0
70.251065,0,0,0,0,0,1,0,0,0,0,0,0,0,1,1,0,0,0
70.252161,0,0,0,0,0,0,0,1,0,0,0,0,0,0,0,0,0,1
70.272212,0,1,1,0,0,0,0,0,0,1,1,0,1,0,0,1,0,0
70.283385,1,0,0,0,0,0,0,0,1,0,0,0,1,0,0,0,0,0
70.284589,0,0,0,0,0,0,1,0,0,1,0,1,0,1,0,0,1,0
70.285663,0,0,0,0,1,0,0,0,0,0,0,0,0,0,0,0,0,0
70.296782,0,0,0,0,0,0,0,1,0,0,0,0,0,0,0,0,0,1
70.300000,0,0,0,0,0,1,0,0,0,0,0,0,0,1,1,0,0,0
70.310072,0,1,1,0,0,0,0,0,0,1,1,0,1,0,0,1,0,0
70.323443,1,0,0,0,0,0,0,0,1,0,0,0,1,0,0,0,0,0
70.331069,0,0,0,0,0,0,1,0,0,1,0,1,0,1,0,0,1,0
70.335997,0,0,0,0,1,0,0,0,0,0,0,0,0,0,0,0,0,0
70.348853,0,0,0,0,0,0,0,1,0,0,0,0,0,0,0,0,0,1
70.350300,0,0,0,0,0,1,0,0,0,0,0,0,0,1,1,0,0,0
70.352828,0,1,1,0,0,0,0,0,0,1,1,0,1,0,0,1,0,0
70.367074,1,0,0,1,0,0,1,0,0,1,1,0,1,1,1,0,1,0
70.387128,0,0,0,0,1,0,0,0,0,0,0,0,0,0,0,0,0,0
70.390481,0,0,1,0,0,0,0,0,1,0,0,0,1,0,0,0,0,0
70.399895,0,0,0,0,0,1,0,0,0,1,0,1,0,1,0,1,0,0
70.400897,0,0,0,0,0,0,0,1,0,0,0,0,0,0,0,0,0,1
70.418734,1,0,0,0,0,0,0,0,1,0,0,0,1,0,0,0,0,0
70.425508,0,0,0,0,0,0,1,0,0,1,0,1,0,1,0,0,1,0
70.433631,0,0,0,0,1,0,0,0,0,0,0,0,0,0,0,0,0,0
70.448965,0,0,1,0,0,0,0,0,1,0,0,0,1,0,0,0,0,0
70.450875,0,0,0,0,0,1,0,0,0,1,0,1,0,1,0,1,0,0
70.451664,0,0,0,0,0,0,0,1,0,0,0,0,0,0,0,0,0,1
70.461061,1,0,0,1,0,0,1,0,0,1,1,0,1,1,1,0,1,0
70.488163,0,0,1,0,0,0,0,0,1,0,0,0,1,0,0,0,0,0
70.491292,0,0,0,0,1,0,0,0,0,0,0,0,0,0,0,0,0,0
70.499481,0,0,0,0,0,1,0,0,0,1,0,1,0,1,0,1,0,0
70.499701,0,0,0,0,0,0,0,1,0,0,0,0,0,0,0,0,0,1
70.515261,1,0,0,1,0,0,1,0,0,1,1,0,1,1,1,0,1,0
70.536251,0,0,0,0,1,0,0,0,0,0,0,0,0,0,0,0,0,0
70.536657,0,0,1,0,0,0,0,0,1,0,0,0,1,0,0,0,0,0
70.548382,0,0,0,0,0,1,0,0,0,1,0,1,0,1,0,1,0,0
70.552813,0,0,0,0,0,0,0,1,0,0,0,0,0,0,0,0,0,1
70.558812,1,0,0,1,0,0,1,0,0,1,1,0,1,1,1,0,1,0
70.579118,0,0,1,0,0,0,0,0,1,0,0,0,1,0,0,0,0,0
70.591292,0,0,0,0,1,0,0,0,0,0,0,0,0,0,0,0,0,0
70.599174,0,0,0,0,0,0,0,1,0,0,0,0,0,0,0,0,0,1
70.599707,0,0,0,0,0,1,0,0,0,1,0,1,0,1,0,1,0,0
70.610141,1,0,0,1,0,0,1,0,0,1,1,0,1,1,1,0,1,0
70.636185,0,0,0,0,1,0,0,0,0,0,0,0,0,0,0,0,0,0
70.637321,0,0,1,0,0,0,0,0,1,0,0,0,1,0,0,0,0,0
70.646878,0,0,0,0,0,0,0,1,0,0,0,0,0,0,0,0,0,1
70.651198,0,0,0,0,0,1,0,0,0,1,0,1,0,1,0,1,0,0
70.661923,1,0,0,0,0,0,0,0,1,0,0,0,1,0,0,0,0,0
70.681941,0,0,0,0,0,0,1,0,0,1,0,1,0,1,0,0,1,0
70.683660,0,0,0,0,1,0,0,0,0,0,0,0,0,0,0,0,0,0
70.698277,0,0,0,0,0,1,0,0,0,0,0,0,0,1,1,0,0,0
70.701028,0,0,0,0,0,0,0,1,0,0,0,0,0,0,0,0,0,1
70.703261,0,1,1,0,0,0,0,0,0,1,1,0,1,0,0,1,0,0
70.716223,1,0,0,0,0,0,0,0,1,0,0,0,1,0,0,0,0,0
70.734381,0,0,0,0,0,0,1,0,0,1,0,1,0,1,0,0,1,0
70.740013,0,0,0,0,1,0,0,0,0,0,0,0,0,0,0,0,0,0
70.750464,0,0,0,0,0,1,0,0,0,0,0,0,0,1,1,0,0,0
70.751863,0,0,0,0,0,0,0,1,0,0,0,0,0,0,0,0,0,1
70.754759,0,1,1,0,0,0,0,0,0,1,1,0,1,0,0,1,0,0
70.770747,1,0,0,1,0,0,1,0,0,1,1,0,1,1,1,0,1,0
70.790473,0,0,0,0,1,0,0,0,0,0,0,0,0,0,0,0,0,0
70.792501,0,0,1,0,0,0,0,0,1,0,0,0,1,0,0,0,0,0
70.799702,0,0,0,0,0,1,0,0,0,1,0,1,0,1,0,1,0,0
70.803237,0,0,0,0,0,0,0,1,0,0,0,0,0,0,0,0,0,1
70.818215,1,0,0,0,0,0,0,0,1,0,0,0,1,0,0,0,0,0
70.836091,0,0,0,0,1,0,0,0,0,0,0,0,0,0,0,0,0,0
70.848715,0,0,0,0,0,1,1,0,0,1,0,1,0,1,0,0,1,0
70.850259,0,0,0,0,0,0,0,1,0,0,0,0,0,0,0,0,0,1
70.869904,0,1,1,0,0,0,0,0,0,1,1,0,1,0,0,1,0,0
70.880781,1,0,0,0,0,0,0,0,1,0,0,0,1,0,0,0,0,0
70.881545,0,0,0,0,1,0,0,0,0,0,0,0,0,0,0,0,0,0
70.900462,0,0,0,0,0,1,0,0,0,1,0,1,0,1,0,1,0,0
70.901622,0,0,0,0,0,0,1,1,0,0,0,0,0,1,1,0,0,1
70.912945,1,0,0,1,0,0,0,0,0,1,1,0,1,0,0,0,1,0
70.932456,0,0,0,0,1,0,0,0,0,0,0,0,0,0,0,0,0,0
70.936342,0,0,1,1,0,0,1,0,0,1,1,0,1,1,1,0,1,0
70.949800,0,0,0,0,0,0,0,1,0,0,0,0,0,0,0,0,0,1
70.950921,0,0,0,0,0,1,0,0,0,0,0,0,0,1,1,0,0,0
70.964047,0,1,1,0,0,0,0,0,0,1,1,0,1,0,0,1,0,0
70.976073,1,0,0,1,0,0,1,0,0,1,1,0,1,1,1,0,1,0
70.989101,0,0,0,0,1,0,0,0,0,0,0,0,0,0,0,0,0,0
70.996611,0,0,0,0,0,0,0,1,0,0,0,0,0,0,0,0,0,1
70.997238,0,0,1,0,0,0,0,0,1,0,0,0,1,0,0,0,0,0
71.000940,0,0,0,0,0,1,0,0,0,1,0,1,0,1,0,1,0,0
71.014345,1,0,0,0,0,0,0,0,1,0,0,0,1,0,0,0,0,0
71.030767,0,0,0,0,1,0,1,0,0,1,0,1,0,1,0,0,1,0
71.049964,0,0,0,0,0,1,0,0,0,0,0,0,0,1,1,0,0,0
71.051523,0,0,0,0,0,0,0,1,0,0,0,0,0,0,0,0,0,1
71.054337,0,1,1,0,0,0,0,0,0,1,1,0,1,0,0,1,0,0
71.070146,1,0,0,1,0,0,1,0,0,1,1,0,1,1,1,0,1,0
71.086085,0,0,0,0,1,0,0,0,0,0,0,0,0,0,0,0,0,0
71.093412,0,0,1,0,0,0,0,0,1,0,0,0,1,0,0,0,0,0
71.099492,0,0,0,0,0,1,0,0,0,1,0,1,0,1,0,1,0,0
71.102903,0,0,0,0,0,0,0,1,0,0,0,0,0,0,0,0,0,1
71.111415,1,0,0,1,0,0,1,0,0,1,1,0,1,1,1,0,1,0
71.137216,0,0,0,0,1,0,0,0,0,0,0,0,0,0,0,0,0,0
71.137665,0,0,1,0,0,0,0,0,1,0,0,0,1,0,0,0,0,0
71.150821,0,0,0,0,0,1,0,0,0,1,0,1,0,1,0,1,0,0
71.151184,0,0,0,0,0,0,0,1,0,0,0,0,0,0,0,0,0,1
71.170172,1,0,0,0,0,0,0,0,1,0,0,0,1,0,0,0,0,0
71.175280,0,0,0,0,0,0,1,0,0,1,0,1,0,1,0,0,1,0
71.182480,0,0,0,0,1,0,0,0,0,0,0,0,0,0,0,0,0,0
71.197197,0,0,0,0,0,0,0,1,0,0,0,0,0,0,0,0,0,1
71.200959,0,0,0,0,0,1,0,0,0,0,0,0,0,1,1,0,0,0
71.202074,0,1,1,0,0,0,0,0,0,1,1,0,1,0,0,1,0,0
71.220314,1,0,0,0,0,0,0,0,1,0,0,0,1,0,0,0,0,0
71.233225,0,0,0,0,0,0,1,0,0,1,0,1,0,1,0,0,1,0
71.236244,0,0,0,0,1,0,0,0,0,0,0,0,0,0,0,0,0,0
71.251000,0,0,0,0,0,0,0,1,0,0,0,0,0,0,0,0,0,1
71.251009,0,0,0,0,0,1,0,0,0,0,0,0,0,1,1,0,0,0
71.253369,0,1,1,0,0,0,0,0,0,1,1,0,1,0,0,1,0,0
71.268040,1,0,0,1,0,0,1,0,0,1,1,0,1,1,1,0,1,0
71.287274,0,0,0,0,1,0,0,0,0,0,0,0,0,0,0,0,0,0
71.288829,0,0,1,0,0,0,0,0,1,0,0,0,1,0,0,0,0,0
71.299587,0,0,0,0,0,1,0,0,0,1,0,1,0,1,0,1,0,0
71.303197,0,0,0,0,0,0,0,1,0,0,0,0,0,0,0,0,0,1
71.316474,1,0,0,1,0,0,1,0,0,1,1,0,1,1,1,0,1,0
71.338651,0,0,0,0,1,0,0,0,0,0,0,0,0,0,0,0,0,0
71.344190,0,0,1,0,0,0,0,0,1,0,0,0,1,0,0,0,0,0
71.350215,0,0,0,0,0,1,0,0,0,1,0,1,0,1,0,1,0,0
71.350817,0,0,0,0,0,0,0,1,0,0,0,0,0,0,0,0,0,1
71.361619,1,0,0,1,0,0,1,0,0,1,1,0,1,1,1,0,1,0
71.384219,0,0,0,0,1,0,0,0,0,0,0,0,0,0,0,0,0,0
71.386462,0,0,1,0,0,0,0,0,1,0,0,0,1,0,0,0,0,0
71.399269,0,0,0,0,0,1,0,0,0,1,0,1,0,1,0,1,0,0
71.401394,0,0,0,0,0,0,0,1,0,0,0,0,0,0,0,0,0,1
71.413346,1,0,0,0,0,0,0,0,1,0,0,0,1,0,0,0,0,0
71.436672,0,0,0,0,1,0,1,0,0,1,0,1,0,1,0,0,1,0
71.448493,0,0,0,0,0,0,0,1,0,0,0,0,0,0,0,0,0,1
71.450937,0,0,0,0,0,1,0,0,0,0,0,0,0,1,1,0,0,0
71.462727,0,1,1,0,0,0,0,0,0,1,1,0,1,0,0,1,0,0
71.476014,1,0,0,1,0,0,1,0,0,1,1,0,1,1,1,0,1,0
71.478823,0,0,0,0,1,0,0,0,0,0,0,0,0,0,0,0,0,0
71.499795,0,0,0,0,0,1,0,0,0,0,0,0,0,1,1,0,0,0
71.500992,0,0,0,0,0,0,0,1,0,0,0,0,0,0,0,0,0,1
71.503817,0,1,1,0,0,0,0,0,0,1,1,0,1,0,0,1,0,0
71.516856,1,0,0,0,0,0,0,0,1,0,0,0,1,0,0,0,0,0
71.540890,0,0,0,0,1,0,1,0,0,1,0,1,0,1,0,0,1,0
71.546121,0,0,0,0,0,0,0,1,0,0,0,0,0,0,0,0,0,1
71.550466,0,0,0,0,0,1,0,0,0,0,0,0,0,1,1,0,0,0
71.561055,0,1,1,0,0,0,0,0,0,1,1,0,1,0,0,1,0,0
71.571596,1,0,0,0,0,0,0,0,1,0,0,0,1,0,0,0,0,0
71.582598,0,0,0,0,1,0,1,0,0,1,0,1,0,1,0,0,1,0
71.599321,0,0,0,0,0,0,0,1,0,0,0,0,0,0,0,0,0,1
71.599765,0,0,0,0,0,1,0,0,0,0,0,0,0,1,1,0,0,0
71.612087,0,1,1,0,0,0,0,0,0,1,1,0,1,0,0,1,0,0
71.630613,1,0,0,0,0,0,0,0,1,0,0,0,1,0,0,0,0,0
71.631695,0,0,0,0,0,0,1,0,0,1,0,1,0,1,0,0,1,0
71.635248,0,0,0,0,1,0,0,0,0,0,0,0,0,0,0,0,0,0
71.650846,0,0,0,0,0,1,0,0,0,0,0,0,0,1,1,0,0,0
71.651548,0,0,0,0,0,0,0,1,0,0,0,0,0,0,0,0,0,1
71.654374,0,1,1,0,0,0,0,0,0,1,1,0,1,0,0,1,0,0
71.674131,1,0,0,1,0,0,1,0,0,1,1,0,1,1,1,0,1,0
71.683817,0,0,0,0,1,0,0,0,0,0,0,0,0,0,0,0,0,0
71.697679,0,0,1,0,0,0,0,0,1,0,0,0,1,0,0,0,0,0
71.700513,0,0,0,0,0,1,0,0,0,1,0,1,0,1,0,1,0,0
71.702345,0,0,0,0,0,0,0,1,0,0,0,0,0,0,0,0,0,1
71.712780,1,0,0,1,0,0,1,0,0,1,1,0,1,1,1,0,1,0
71.732821,0,0,1,0,0,0,0,0,1,0,0,0,1,0,0,0,0,0
71.735944,0,0,0,0,1,0,0,0,0,0,0,0,0,0,0,0,0,0
71.748519,0,0,0,0,0,1,0,0,0,1,0,1,0,1,0,1,0,0
71.753893,0,0,0,0,0,0,0,1,0,0,0,0,0,0,0,0,0,1
71.764455,1,0,0,0,0,0,0,0,1,0,0,0,1,0,0,0,0,0
71.774158,0,0,0,0,0,0,1,0,0,1,0,1,0,1,0,0,1,0
71.791195,0,0,0,0,1,0,0,0,0,0,0,0,0,0,0,0,0,0
71.798110,0,0,0,0,0,0,0,1,0,0,0,0,0,0,0,0,0,1
71.800083,0,0,0,0,0,1,0,0,0,0,0,0,0,1,1,0,0,0
71.800822,0,1,1,0,0,0,0,0,0,1,1,0,1,0,0,1,0,0
71.814570,1,0,0,1,0,0,1,0,0,1,1,0,1,1,1,0,1,0
71.837284,0,0,0,0,1,0,0,0,0,0,0,0,0,0,0,0,0,0
71.840757,0,0,1,0,0,0,0,0,1,0,0,0,1,0,0,0,0,0
71.850530,0,0,0,0,0,1,0,0,0,1,0,1,0,1,0,1,0,0
71.853981,0,0,0,0,0,0,0,1,0,0,0,0,0,0,0,0,0,1
71.864817,1,0,0,1,0,0,1,0,0,1,1,0,1,1,1,0,1,0
71.891938,0,0,0,0,1,0,0,0,0,0,0,0,0,0,0,0,0,0
71.893661,0,0,1,0,0,0,0,0,1,0,0,0,1,0,0,0,0,0
71.896420,0,0,0,0,0,0,0,1,0,0,0,0,0,0,0,0,0,1
71.898922,0,0,0,0,0,1,0,0,0,1,0,1,0,1,0,1,0,0
71.911319,1,0,0,1,0,0,1,0,0,1,1,0,1,1,1,0,1,0
71.928699,0,0,0,0,1,0,0,0,0,0,0,0,0,0,0,0,0,0
71.934581,0,0,1,0,0,0,0,0,1,0,0,0,1,0,0,0,0,0
71.949078,0,0,0,0,0,1,0,0,0,1,0,1,0,1,0,1,0,0
71.953203,0,0,0,0,0,0,0,1,0,0,0,0,0,0,0,0,0,1
71.965611,1,0,0,1,0,0,1,0,0,1,1,0,1,1,1,0,1,0
71.990608,0,0,1,0,0,0,0,0,1,0,0,0,1,0,0,0,0,0
71.992872,0,0,0,0,1,0,0,0,0,0,0,0,0,0,0,0,0,0
71.998902,0,0,0,0,0,1,0,0,0,1,0,1,0,1,0,1,0,0
72.002859,0,0,0,0,0,0,0,1,0,0,0,0,0,0,0,0,0,1
72.012470,1,0,0,0,0,0,0,0,1,0,0,0,1,0,0,0,0,0
72.035747,0,0,0,0,1,0,1,0,0,1,0,1,0,1,0,0,1,0
72.048703,0,0,0,0,0,0,0,1,0,0,0,0,0,0,0,0,0,1
72.050612,0,0,0,0,0,1,0,0,0,0,0,0,0,1,1,0,0,0
72.056139,0,1,1,0,0,0,0,0,0,1,1,0,1,0,0,1,0,0
72.072651,1,0,0,0,0,0,0,0,1,0,0,0,1,0,0,0,0,0
72.083186,0,0,0,0,1,0,0,0,0,0,0,0,0,0,0,0,0,0
72.093319,0,0,0,0,0,0,1,0,0,1,0,1,0,1,0,0,1,0
72.099042,0,0,0,0,0,0,0,1,0,0,0,0,0,0,0,0,0,1
72.100376,0,0,0,0,0,1,0,0,0,0,0,0,0,1,1,0,0,0
72.119451,0,1,1,0,0,0,0,0,0,1,1,0,1,0,0,1,0,0
72.131668,0,0,0,0,1,0,0,0,0,0,0,0,0,0,0,0,0,0
72.134715,1,0,0,0,0,0,0,0,1,0,0,0,1,0,0,0,0,0
72.147993,0,0,0,0,0,0,1,1,0,1,0,1,0,1,0,0,1,1
72.149939,0,0,0,0,0,1,0,0,0,0,0,0,0,1,1,0,0,0
72.170143,0,1,1,0,0,0,0,0,0,1,1,0,1,0,0,1,0,0
72.181027,0,0,0,0,1,0,0,0,0,0,0,0,0,0,0,0,0,0
72.189013,1,0,0,0,0,0,0,0,1,0,0,0,1,0,0,0,0,0
72.191552,0,0,0,0,0,0,1,0,0,1,0,1,0,1,0,0,1,0
72.196342,0,0,0,0,0,0,0,1,0,0,0,0,0,0,0,0,0,1
72.199737,0,0,0,0,0,1,0,0,0,0,0,0,0,1,1,0,0,0
72.211589,0,1,1,0,0,0,0,0,0,1,1,0,1,0,0,1,0,0
72.228428,1,0,0,0,0,0,0,0,1,0,0,0,1,0,0,0,0,0
72.229474,0,0,0,0,0,0,1,0,0,1,0,1,0,1,0,0,1,0
72.231330,0,0,0,0,1,0,0,0,0,0,0,0,0,0,0,0,0,0
72.247700,0,0,0,0,0,0,0,1,0,0,0,0,0,0,0,0,0,1
72.250669,0,0,0,0,0,1,0,0,0,0,0,0,0,1,1,0,0,0
72.258909,0,1,1,0,0,0,0,0,0,1,1,0,1,0,0,1,0,0
72.272065,1,0,0,1,0,0,1,0,0,1,1,0,1,1,1,0,1,0
72.280303,0,0,0,0,1,0,0,0,0,0,0,0,0,0,0,0,0,0
72.296845,0,0,1,0,0,0,0,0,1,0,0,0,1,0,0,0,0,0
72.299867,0,0,0,0,0,1,0,0,0,1,0,1,0,1,0,1,0,0
72.303819,0,0,0,0,0,0,0,1,0,0,0,0,0,0,0,0,0,1
72.311438,1,0,0,1,0,0,1,0,0,1,1,0,1,1,1,0,1,0
72.335660,0,0,0,0,1,0,0,0,0,0,0,0,0,0,0,0,0,0
72.338105,0,0,1,0,0,0,0,0,1,0,0,0,1,0,0,0,0,0
72.349348,0,0,0,0,0,1,0,0,0,1,0,1,0,1,0,1,0,0
72.352239,0,0,0,0,0,0,0,1,0,0,0,0,0,0,0,0,0,1
72.364581,1,0,0,1,0,0,1,0,0,1,1,0,1,1,1,0,1,0
72.385066,0,0,1,0,0,0,0,0,1,0,0,0,1,0,0,0,0,0
72.391302,0,0,0,0,1,0,0,0,0,0,0,0,0,0,0,0,0,0
72.398356,0,0,0,0,0,1,0,0,0,1,0,1,0,1,0,1,0,0
72.399060,0,0,0,0,0,0,0,1,0,0,0,0,0,0,0,0,0,1
72.413843,1,0,0,1,0,0,1,0,0,1,1,0,1,1,1,0,1,0
72.437983,0,0,0,0,1,0,0,0,0,0,0,0,0,0,0,0,0,0
72.438869,0,0,1,0,0,0,0,0,1,0,0,0,1,0,0,0,0,0
72.451472,0,0,0,0,0,0,0,1,0,0,0,0,0,0,0,0,0,1
72.451989,0,0,0,0,0,1,0,0,0,1,0,1,0,1,0,1,0,0
72.468754,1,0,0,0,0,0,0,0,1,0,0,0,1,0,0,0,0,0
72.487441,0,0,0,0,1,0,1,0,0,1,0,1,0,1,0,0,1,0
72.500192,0,0,0,0,0,1,0,0,0,0,0,0,0,1,1,0,0,0
72.501681,0,0,0,0,0,0,0,1,0,0,0,0,0,0,0,0,0,1
72.509759,0,1,1,0,0,0,0,0,0,1,1,0,1,0,0,1,0,0
72.526462,1,0,0,1,0,0,1,0,0,1,1,0,1,1,1,0,1,0
72.535307,0,0,0,0,1,0,0,0,0,0,0,0,0,0,0,0,0,0
72.550869,0,0,0,0,0,1,0,0,0,0,0,0,0,1,1,0,0,0
72.551196,0,0,0,0,0,0,0,1,0,0,0,0,0,0,0,0,0,1
72.551510,0,1,1,0,0,0,0,0,0,1,1,0,1,0,0,1,0,0
72.568106,1,0,0,1,0,0,1,0,0,1,1,0,1,1,1,0,1,0
72.587245,0,0,0,0,1,0,0,0,0,0,0,0,0,0,0,0,0,0
72.592387,0,0,1,0,0,0,0,0,1,0,0,0,1,0,0,0,0,0
72.599069,0,0,0,0,0,1,0,0,0,1,0,1,0,1,0,1,0,0
72.600209,0,0,0,0,0,0,0,1,0,0,0,0,0,0,0,0,0,1
72.613804,1,0,0,1,0,0,1,0,0,1,1,0,1,1,1,0,1,0
72.638335,0,0,0,0,1,0,0,0,0,0,0,0,0,0,0,0,0,0
72.638821,0,0,1,0,0,0,0,0,1,0,0,0,1,0,0,0,0,0
72.646051,0,0,0,0,0,0,0,1,0,0,0,0,0,0,0,0,0,1
72.650613,0,0,0,0,0,1,0,0,0,1,0,1,0,1,0,1,0,0
72.662492,1,0,0,0,0,0,0,0,1,0,0,0,1,0,0,0,0,0
72.680512,0,0,0,0,1,0,0,0,0,0,0,0,0,0,0,0,0,0
72.700360,0,0,0,0,0,0,1,1,0,1,0,1,0,1,0,0,1,1
72.700894,0,0,0,0,0,1,0,0,0,0,0,0,0,1,1,0,0,0
72.721297,0,1,1,0,0,0,0,0,0,1,1,0,1,0,0,1,0,0
72.734006,1,0,0,1,0,0,1,0,0,1,1,0,1,1,1,0,1,0
72.737876,0,0,0,0,1,0,0,0,0,0,0,0,0,0,0,0,0,0
72.749341,0,0,0,0,0,0,0,1,0,0,0,0,0,0,0,0,0,1
72.750720,0,0,0,0,0,1,0,0,0,0,0,0,0,1,1,0,0,0
72.759162,0,1,1,0,0,0,0,0,0,1,1,0,1,0,0,1,0,0
72.772963,1,0,0,1,0,0,1,0,0,1,1,0,1,1,1,0,1,0
72.788632,0,0,0,0,1,0,0,0,0,0,0,0,0,0,0,0,0,0
72.799006,0,0,0,0,0,1,0,0,0,0,0,0,0,1,1,0,0,0
72.800724,0,0,0,0,0,0,0,1,0,0,0,0,0,0,0,0,0,1
72.801483,0,1,1,0,0,0,0,0,0,1,1,0,1,0,0,1,0,0
72.818240,1,0,0,1,0,0,1,0,0,1,1,0,1,1,1,0,1,0
72.835018,0,0,0,0,1,0,0,0,0,0,0,0,0,0,0,0,0,0
72.839493,0,0,1,0,0,0,0,0,1,0,0,0,1,0,0,0,0,0
72.849869,0,0,0,0,0,1,0,0,0,1,0,1,0,1,0,1,0,0
72.852308,0,0,0,0,0,0,0,1,0,0,0,0,0,0,0,0,0,1
72.859880,1,0,0,1,0,0,1,0,0,1,1,0,1,1,1,0,1,0
72.883868,0,0,0,0,1,0,0,0,0,0,0,0,0,0,0,0,0,0
72.884078,0,0,1,0,0,0,0,0,1,0,0,0,1,0,0,0,0,0
72.896546,0,0,0,0,0,0,0,1,0,0,0,0,0,0,0,0,0,1
72.901215,0,0,0,0,0,1,0,0,0,1,0,1,0,1,0,1,0,0
72.912747,1,0,0,1,0,0,1,0,0,1,1,0,1,1,1,0,1,0
72.932789,0,0,0,0,1,0,0,0,0,0,0,0,0,0,0,0,0,0
72.941394,0,0,1,0,0,0,0,0,1,0,0,0,1,0,0,0,0,0
72.949813,0,0,0,0,0,1,0,0,0,1,0,1,0,1,0,1,0,0
72.950495,0,0,0,0,0,0,0,1,0,0,0,0,0,0,0,0,0,1
72.964806,1,0,0,1,0,0,1,0,0,1,1,0,1,1,1,0,1,0
72.986603,0,0,0,0,1,0,0,0,0,0,0,0,0,0,0,0,0,0
72.990685,0,0,1,0,0,0,0,0,1,0,0,0,1,0,0,0,0,0
73.000869,0,0,0,0,0,1,0,0,0,1,0,1,0,1,0,1,0,0
73.003150,0,0,0,0,0,0,0,1,0,0,0,0,0,0,0,0,0,1
73.012208,1,0,0,0,0,0,0,0,1,0,0,0,1,0,0,0,0,0
73.036271,0,0,0,0,1,0,1,0,0,1,0,1,0,1,0,0,1,0
73.049134,0,0,0,0,0,0,0,1,0,0,0,0,0,0,0,0,0,1
73.051467,0,0,0,0,0,1,0,0,0,0,0,0,0,1,1,0,0,0
73.057823,0,1,1,0,0,0,0,0,0,1,1,0,1,0,0,1,0,0
73.071636,1,0,0,1,0,0,1,0,0,1,1,0,1,1,1,0,1,0
73.081612,0,0,0,0,1,0,0,0,0,0,0,0,0,0,0,0,0,0
73.093713,0,0,1,0,0,0,0,0,1,0,0,0,1,0,0,0,0,0
73.099581,0,0,0,0,0,0,0,1,0,0,0,0,0,0,0,0,0,1
73.100573,0,0,0,0,0,1,0,0,0,1,0,1,0,1,0,1,0,0
73.112117,1,0,0,0,0,0,0,0,1,0,0,0,1,0,0,0,0,0
73.131243,0,0,0,0,0,0,1,0,0,1,0,1,0,1,0,0,1,0
73.134257,0,0,0,0,1,0,0,0,0,0,0,0,0,0,0,0,0,0
73.150114,0,0,0,0,0,1,0,0,0,0,0,0,0,1,1,0,0,0
73.151018,0,0,0,0,0,0,0,1,0,0,0,0,0,0,0,0,0,1
73.154038,0,1,1,0,0,0,0,0,0,1,1,0,1,0,0,1,0,0
73.167817,1,0,0,1,0,0,1,0,0,1,1,0,1,1,1,0,1,0
73.185266,0,0,0,0,1,0,0,0,0,0,0,0,0,0,0,0,0,0
73.195009,0,0,1,0,0,0,0,0,1,0,0,0,1,0,0,0,0,0
73.199453,0,0,0,0,0,0,0,1,0,0,0,0,0,0,0,0,0,1
73.201477,0,0,0,0,0,1,0,0,0,1,0,1,0,1,0,1,0,0
73.218732,1,0,0,0,0,0,0,0,1,0,0,0,1,0,0,0,0,0
73.234586,0,0,0,0,1,0,1,0,0,1,0,1,0,1,0,0,1,0
73.249498,0,0,0,0,0,0,0,1,0,0,0,0,0,0,0,0,0,1
73.250998,0,0,0,0,0,1,0,0,0,0,0,0,0,1,1,0,0,0
73.256836,0,1,1,0,0,0,0,0,0,1,1,0,1,0,0,1,0,0
73.268477,1,0,0,1,0,0,1,0,0,1,1,0,1,1,1,0,1,0
73.285447,0,0,0,0,1,0,0,0,0,0,0,0,0,0,0,0,0,0
73.290373,0,0,1,0,0,0,0,0,1,0,0,0,1,0,0,0,0,0
73.296919,0,0,0,0,0,0,0,1,0,0,0,0,0,0,0,0,0,1
73.299392,0,0,0,0,0,1,0,0,0,1,0,1,0,1,0,1,0,0
73.316681,1,0,0,0,0,0,0,0,1,0,0,0,1,0,0,0,0,0
73.332125,0,0,0,0,1,0,1,0,0,1,0,1,0,1,0,0,1,0
73.349543,0,0,0,0,0,0,0,1,0,0,0,0,0,0,0,0,0,1
73.350186,0,0,0,0,0,1,0,0,0,0,0,0,0,1,1,0,0,0
73.354175,0,1,1,0,0,0,0,0,0,1,1,0,1,0,0,1,0,0
73.372699,1,0,0,1,0,0,1,0,0,1,1,0,1,1,1,0,1,0
73.386677,0,0,0,0,1,0,0,0,0,0,0,0,0,0,0,0,0,0
73.399845,0,0,0,0,0,1,0,0,0,0,0,0,0,1,1,0,0,0
73.399977,0,1,1,0,0,0,0,0,0,1,1,0,1,0,0,1,0,0
73.402028,0,0,0,0,0,0,0,1,0,0,0,0,0,0,0,0,0,1
73.411100,1,0,0,0,0,0,0,0,1,0,0,0,1,0,0,0,0,0
73.441057,0,0,0,0,1,0,1,0,0,1,0,1,0,1,0,0,1,0
73.449732,0,0,0,0,0,1,0,0,0,0,0,0,0,1,1,0,0,0
73.451322,0,0,0,0,0,0,0,1,0,0,0,0,0,0,0,0,0,1
73.467467,0,1,1,0,0,0,0,0,0,1,1,0,1,0,0,1,0,0
73.481437,1,0,0,1,0,0,1,0,0,1,1,0,1,1,1,0,1,0
73.482982,0,0,0,0,1,0,0,0,0,0,0,0,0,0,0,0,0,0
73.500201,0,0,0,0,0,0,0,1,0,0,0,0,0,0,0,0,0,1
73.500648,0,0,0,0,0,1,0,0,0,0,0,0,0,1,1,0,0,0
73.507545,0,1,1,0,0,0,0,0,0,1,1,0,1,0,0,1,0,0
73.518416,1,0,0,0,0,0,0,0,1,0,0,0,1,0,0,0,0,0
73.536658,0,0,0,0,1,0,1,0,0,1,0,1,0,1,0,0,1,0
73.550106,0,0,0,0,0,1,0,0,0,0,0,0,0,1,1,0,0,0
73.552391,0,0,0,0,0,0,0,1,0,0,0,0,0,0,0,0,0,1
73.566009,0,1,1,0,0,0,0,0,0,1,1,0,1,0,0,1,0,0
73.580915,1,0,0,0,0,0,0,0,1,0,0,0,1,0,0,0,0,0
73.586532,0,0,0,0,1,0,0,0,0,0,0,0,0,0,0,0,0,0
73.587707,0,0,0,0,0,0,1,0,0,1,0,1,0,1,0,0,1,0
73.597180,0,0,0,0,0,0,0,1,0,0,0,0,0,0,0,0,0,1
73.600882,0,0,0,0,0,1,0,0,0,0,0,0,0,1,1,0,0,0
73.613788,0,1,1,0,0,0,0,0,0,1,1,0,1,0,0,1,0,0
73.627189,1,0,0,1,0,0,1,0,0,1,1,0,1,1,1,0,1,0
73.636992,0,0,0,0,1,0,0,0,0,0,0,0,0,0,0,0,0,0
73.648720,0,0,0,0,0,0,0,1,0,0,0,0,0,0,0,0,0,1
73.651000,0,0,0,0,0,1,0,0,0,0,0,0,0,1,1,0,0,0
73.656322,0,1,1,0,0,0,0,0,0,1,1,0,1,0,0,1,0,0
73.674285,1,0,0,1,0,0,1,0,0,1,1,0,1,1,1,0,1,0
73.680121,0,0,0,0,1,0,0,0,0,0,0,0,0,0,0,0,0,0
73.699671,0,0,0,0,0,0,0,1,0,0,0,0,0,0,0,0,0,1
73.699722,0,0,1,0,0,0,0,0,1,0,0,0,1,0,0,0,0,0
73.700507,0,0,0,0,0,1,0,0,0,1,0,1,0,1,0,1,0,0
73.715624,1,0,0,1,0,0,1,0,0,1,1,0,1,1,1,0,1,0
73.735135,0,0,0,0,1,0,0,0,0,0,0,0,0,0,0,0,0,0
73.739131,0,0,1,0,0,0,0,0,1,0,0,0,1,0,0,0,0,0
73.749985,0,0,0,0,0,1,0,0,0,1,0,1,0,1,0,1,0,0
73.750954,0,0,0,0,0,0,0,1,0,0,0,0,0,0,0,0,0,1
73.763864,1,0,0,0,0,0,0,0,1,0,0,0,1,0,0,0,0,0
73.783583,0,0,0,0,1,0,1,0,0,1,0,1,0,1,0,0,1,0
73.798834,0,0,0,0,0,1,0,0,0,0,0,0,0,1,1,0,0,0
73.801763,0,0,0,0,0,0,0,1,0,0,0,0,0,0,0,0,0,1
73.805238,0,1,1,0,0,0,0,0,0,1,1,0,1,0,0,1,0,0
73.817952,1,0,0,0,0,0,0,0,1,0,0,0,1,0,0,0,0,0
73.827441,0,0,0,0,0,0,1,0,0,1,0,1,0,1,0,0,1,0
73.839164,0,0,0,0,1,0,0,0,0,0,0,0,0,0,0,0,0,0
73.849437,0,0,0,0,0,1,0,0,0,0,0,0,0,1,1,0,0,0
73.850952,0,0,0,0,0,0,0,1,0,0,0,0,0,0,0,0,0,1
73.852939,0,1,1,0,0,0,0,0,0,1,1,0,1,0,0,1,0,0
73.864367,1,0,0,0,0,0,0,0,1,0,0,0,1,0,0,0,0,0
73.887022,0,0,0,0,1,0,0,0,0,0,0,0,0,0,0,0,0,0
73.892299,0,0,0,0,0,0,1,0,0,1,0,1,0,1,0,0,1,0
73.900866,0,0,0,0,0,1,0,0,0,0,0,0,0,1,1,0,0,0
73.902368,0,0,0,0,0,0,0,1,0,0,0,0,0,0,0,0,0,1
73.913044,0,1,1,0,0,0,0,0,0,1,1,0,1,0,0,1,0,0
73.927669,1,0,0,1,0,0,1,0,0,1,1,0,1,1,1,0,1,0
73.941246,0,0,0,0,1,0,0,0,0,0,0,0,0,0,0,0,0,0
73.946973,0,0,0,0,0,0,0,1,0,0,0,0,0,0,0,0,0,1
73.948332,0,0,1,0,0,0,0,0,1,0,0,0,1,0,0,0,0,0
73.949965,0,0,0,0,0,1,0,0,0,1,0,1,0,1,0,1,0,0
73.963875,1,0,0,0,0,0,0,0,1,0,0,0,1,0,0,0,0,0
73.985543,0,0,0,0,1,0,0,0,0,0,0,0,0,0,0,0,0,0
74.000948,0,0,0,0,0,1,1,0,0,1,0,1,0,1,0,1,0,0
74.002667,0,0,0,0,0,0,0,1,0,0,0,0,0,0,0,0,0,1
74.013795,1,0,0,1,0,0,0,0,0,1,1,0,1,0,0,0,1,0
74.021878,0,0,0,0,0,0,1,0,0,0,0,0,0,1,1,0,0,0
74.036639,0,0,1,1,0,0,0,0,0,1,1,0,1,0,0,0,1,0
74.039459,0,0,0,0,1,0,0,0,0,0,0,0,0,0,0,0,0,0
74.049749,0,0,0,0,0,1,0,0,0,0,0,0,0,1,1,0,0,0
74.049828,0,0,0,0,0,0,0,1,0,0,0,0,0,0,0,0,0,1
74.065794,0,1,1,0,0,0,0,0,0,1,1,0,1,0,0,1,0,0
74.078543,1,0,0,0,0,0,0,0,1,0,0,0,1,0,0,0,0,0
74.083961,0,0,0,0,0,0,1,0,0,1,0,1,0,1,0,0,1,0
74.088542,0,0,0,0,1,0,0,0,0,0,0,0,0,0,0,0,0,0
74.096648,0,0,0,0,0,0,0,1,0,0,0,0,0,0,0,0,0,1
74.099011,0,0,0,0,0,1,0,0,0,0,0,0,0,1,1,0,0,0
74.106544,0,1,1,0,0,0,0,0,0,1,1,0,1,0,0,1,0,0
74.123078,1,0,0,0,0,0,0,0,1,0,0,0,1,0,0,0,0,0
74.128830,0,0,0,0,0,0,1,0,0,1,0,1,0,1,0,0,1,0
74.134559,0,0,0,0,1,0,0,0,0,0,0,0,0,0,0,0,0,0
74.149483,0,0,0,0,0,1,0,0,0,0,0,0,0,1,1,0,0,0
74.151490,0,1,1,0,0,0,0,0,0,1,1,0,1,0,0,1,0,0
74.151739,0,0,0,0,0,0,0,1,0,0,0,0,0,0,0,0,0,1
74.161818,1,0,0,0,0,0,0,0,1,0,0,0,1,0,0,0,0,0
74.174575,0,0,0,0,0,0,1,0,0,1,0,1,0,1,0,0,1,0
74.187681,0,0,0,0,1,0,0,0,0,0,0,0,0,0,0,0,0,0
74.200010,0,0,0,0,0,0,0,1,0,0,0,0,0,0,0,0,0,1
74.201301,0,0,1,0,0,0,0,0,1,0,0,0,1,0,0,0,0,0
74.201526,0,0,0,0,0,1,0,0,0,1,0,1,0,1,0,1,0,0
74.213211,1,0,0,1,0,0,1,0,0,1,1,0,1,1,1,0,1,0
74.235635,0,0,0,0,1,0,0,0,0,0,0,0,0,0,0,0,0,0
74.236005,0,0,1,0,0,0,0,0,1,0,0,0,1,0,0,0,0,0
74.250082,0,0,0,0,0,1,0,0,0,1,0,1,0,1,0,1,0,0
74.251232,0,0,0,0,0,0,0,1,0,0,0,0,0,0,0,0,0,1
74.268184,1,0,0,0,0,0,0,0,1,0,0,0,1,0,0,0,0,0
74.279160,0,0,0,0,0,0,1,0,0,1,0,1,0,1,0,0,1,0
74.281808,0,0,0,0,1,0,0,0,0,0,0,0,0,0,0,0,0,0
74.301837,0,0,0,0,0,1,0,0,0,0,0,0,0,1,1,0,0,0
74.302260,0,1,1,0,0,0,0,0,0,1,1,0,1,0,0,1,0,0
74.303811,0,0,0,0,0,0,0,1,0,0,0,0,0,0,0,0,0,1
74.317608,1,0,0,0,0,0,0,0,1,0,0,0,1,0,0,0,0,0
74.338836,0,0,0,0,1,0,1,0,0,1,0,1,0,1,0,0,1,0
74.350546,0,0,0,0,0,0,0,1,0,0,0,0,0,0,0,0,0,1
74.350981,0,0,0,0,0,1,0,0,0,0,0,0,0,1,1,0,0,0
74.360743,0,1,1,0,0,0,0,0,0,1,1,0,1,0,0,1,0,0
74.374539,1,0,0,0,0,0,0,0,1,0,0,0,1,0,0,0,0,0
74.387663,0,0,0,0,1,0,0,0,0,0,0,0,0,0,0,0,0,0
74.400760,0,0,0,0,0,1,0,0,0,1,0,1,0,1,0,1,0,0
74.402792,0,0,0,0,0,0,0,1,0,0,0,0,0,0,0,0,0,1
74.413647,1,0,0,0,0,0,0,0,1,0,0,0,1,0,0,0,0,0
74.428705,0,0,0,0,0,0,1,0,0,1,0,1,0,1,0,0,1,0
74.439179,0,0,0,0,1,0,0,0,0,0,0,0,0,0,0,0,0,0
74.440700,0,0,0,0,0,0,1,0,0,0,0,0,0,1,1,0,0,0
74.447598,0,0,0,0,0,0,0,1,0,0,0,0,0,0,0,0,0,1
74.449189,0,0,0,0,0,1,0,0,0,0,0,0,0,1,1,0,0,0
74.450305,0,0,1,1,0,0,0,0,0,1,1,0,1,0,0,0,1,0
74.473744,0,1,1,0,0,0,0,0,0,1,1,0,1,0,0,1,0,0
74.480086,0,0,0,0,1,0,0,0,0,0,0,0,0,0,0,0,0,0
74.484435,1,0,0,1,0,0,1,0,0,1,1,0,1,1,1,0,1,0
74.499465,0,0,0,0,0,1,0,0,0,0,0,0,0,1,1,0,0,0
74.503778,0,0,0,0,0,0,0,1,0,0,0,0,0,0,0,0,0,1
74.506715,0,1,1,0,0,0,0,0,0,1,1,0,1,0,0,1,0,0
74.519140,1,0,0,1,0,0,1,0,0,1,1,0,1,1,1,0,1,0
74.542694,0,0,0,0,1,0,0,0,0,0,0,0,0,0,0,0,0,0
74.542719,0,0,1,0,0,0,0,0,1,0,0,0,1,0,0,0,0,0
74.546519,0,0,0,0,0,0,0,1,0,0,0,0,0,0,0,0,0,1
74.551298,0,0,0,0,0,1,0,0,0,1,0,1,0,1,0,1,0,0
74.568160,1,0,0,1,0,0,1,0,0,1,1,0,1,1,1,0,1,0
74.578394,0,0,0,0,1,0,0,0,0,0,0,0,0,0,0,0,0,0
74.594038,0,0,1,0,0,0,0,0,1,0,0,0,1,0,0,0,0,0
74.601297,0,0,0,0,0,1,0,0,0,1,0,1,0,1,0,1,0,0
74.603956,0,0,0,0,0,0,0,1,0,0,0,0,0,0,0,0,0,1
74.621066,1,0,0,0,0,0,0,0,1,0,0,0,1,0,0,0,0,0
74.641321,0,0,0,0,1,0,1,0,0,1,0,1,0,1,0,0,1,0
74.648949,0,0,0,0,0,1,0,0,0,0,0,0,0,1,1,0,0,0
74.649311,0,0,0,0,0,0,0,1,0,0,0,0,0,0,0,0,0,1
74.668412,0,1,1,0,0,0,0,0,0,1,1,0,1,0,0,1,0,0
74.684135,1,0,0,0,0,0,0,0,1,0,0,0,1,0,0,0,0,0
74.685039,0,0,0,0,1,0,0,0,0,0,0,0,0,0,0,0,0,0
74.698251,0,0,0,0,0,0,0,1,0,0,0,0,0,0,0,0,0,1
74.699973,0,0,0,0,0,1,0,0,0,1,0,1,0,1,0,1,0,0
74.710881,0,0,0,0,0,0,1,0,0,0,0,0,0,1,1,0,0,0
74.716363,1,0,0,1,0,0,0,0,0,1,1,0,1,0,0,0,1,0
74.732734,0,0,0,0,1,0,1,0,0,0,0,0,0,1,1,0,0,0
74.744713,0,0,1,1,0,0,0,0,0,1,1,0,1,0,0,0,1,0
74.749475,0,0,0,0,0,0,0,1,0,0,0,0,0,0,0,0,0,1
74.750112,0,0,0,0,0,1,0,0,0,0,0,0,0,1,1,0,0,0
74.769698,0,1,1,0,0,0,0,0,0,1,1,0,1,0,0,1,0,0
74.784807,0,0,0,0,1,0,0,0,0,0,0,0,0,0,0,0,0,0
74.786607,1,0,0,1,0,0,1,0,0,1,1,0,1,1,1,0,1,0
74.797784,0,0,0,0,0,0,0,1,0,0,0,0,0,0,0,0,0,1
74.801863,0,0,0,0,0,1,0,0,0,0,0,0,0,1,1,0,0,0
74.815985,0,1,1,0,0,0,0,0,0,1,1,0,1,0,0,1,0,0
74.830814,0,0,0,0,1,0,0,0,0,0,0,0,0,0,0,0,0,0
74.832953,1,0,0,0,0,0,0,0,1,0,0,0,1,0,0,0,0,0
74.848237,0,0,0,0,0,1,1,0,0,1,0,1,0,1,0,0,1,0
74.850112,0,0,0,0,0,0,0,1,0,0,0,0,0,0,0,0,0,1
74.873247,0,1,1,0,0,0,0,0,0,1,1,0,1,0,0,1,0,0
74.886589,0,0,0,0,1,0,0,0,0,0,0,0,0,0,0,0,0,0
74.888620,1,0,0,0,0,0,0,0,1,0,0,0,1,0,0,0,0,0
74.895141,0,0,0,0,0,0,1,0,0,1,0,1,0,1,0,0,1,0
74.900628,0,0,0,0,0,1,0,0,0,0,0,0,0,1,1,0,0,0
74.900994,0,0,0,0,0,0,0,1,0,0,0,0,0,0,0,0,0,1
74.917236,0,1,1,0,0,0,0,0,0,1,1,0,1,0,0,1,0,0
74.931727,1,0,0,0,0,0,0,0,1,0,0,0,1,0,0,0,0,0
74.940867,0,0,0,0,1,0,0,0,0,0,0,0,0,0,0,0,0,0
74.944279,0,0,0,0,0,0,1,0,0,1,0,1,0,1,0,0,1,0
74.949366,0,0,0,0,0,1,0,0,0,0,0,0,0,1,1,0,0,0
74.950256,0,0,0,0,0,0,0,1,0,0,0,0,0,0,0,0,0,1
74.968085,0,1,1,0,0,0,0,0,0,1,1,0,1,0,0,1,0,0
74.979682,1,0,0,0,0,0,0,0,1,0,0,0,1,0,0,0,0,0
74.981324,0,0,0,0,0,0,1,0,0,1,0,1,0,1,0,0,1,0
74.987891,0,0,0,0,1,0,0,0,0,0,0,0,0,0,0,0,0,0
74.999437,0,0,0,0,0,1,0,0,0,0,0,0,0,1,1,0,0,0
74.999886,0,0,0,0,0,0,0,1,0,0,0,0,0,0,0,0,0,1
75.005520,0,1,1,0,0,0,0,0,0,1,1,0,1,0,0,1,0,0
75.022566,1,0,0,1,0,0,1,0,0,1,1,0,1,1,1,0,1,0
75.034702,0,0,0,0,1,0,0,0,0,0,0,0,0,0,0,0,0,0
75.046007,0,0,1,0,0,0,0,0,1,0,0,0,1,0,0,0,0,0
75.047282,0,0,0,0,0,0,0,1,0,0,0,0,0,0,0,0,0,1
75.049911,0,0,0,0,0,1,0,0,0,1,0,1,0,1,0,1,0,0
75.064583,1,0,0,1,0,0,1,0,0,1,1,0,1,1,1,0,1,0
75.080233,0,0,0,0,1,0,0,0,0,0,0,0,0,0,0,0,0,0
75.091213,0,0,1,0,0,0,0,0,1,0,0,0,1,0,0,0,0,0
75.100248,0,0,0,0,0,1,0,0,0,1,0,1,0,1,0,1,0,0
75.102154,0,0,0,0,0,0,0,1,0,0,0,0,0,0,0,0,0,1
75.110688,1,0,0,1,0,0,1,0,0,1,1,0,1,1,1,0,1,0
75.134900,0,0,1,0,0,0,0,0,1,0,0,0,1,0,0,0,0,0
75.137916,0,0,0,0,1,0,0,0,0,0,0,0,0,0,0,0,0,0
75.146743,0,0,0,0,0,0,0,1,0,0,0,0,0,0,0,0,0,1
75.149659,0,0,0,0,0,1,0,0,0,1,0,1,0,1,0,1,0,0
75.164392,1,0,0,1,0,0,1,0,0,1,1,0,1,1,1,0,1,0
75.185984,0,0,0,0,1,0,0,0,0,0,0,0,0,0,0,0,0,0
75.190902,0,0,1,0,0,0,0,0,1,0,0,0,1,0,0,0,0,0
75.199314,0,0,0,0,0,1,0,0,0,1,0,1,0,1,0,1,0,0
75.200355,0,0,0,0,0,0,0,1,0,0,0,0,0,0,0,0,0,1
75.216518,1,0,0,1,0,0,1,0,0,1,1,0,1,1,1,0,1,0
75.230950,0,0,0,0,1,0,0,0,0,0,0,0,0,0,0,0,0,0
75.244698,0,0,1,0,0,0,0,0,1,0,0,0,1,0,0,0,0,0
75.248461,0,0,0,0,0,0,0,1,0,0,0,0,0,0,0,0,0,1
75.251421,0,0,0,0,0,1,0,0,0,1,0,1,0,1,0,1,0,0
75.265179,1,0,0,0,0,0,0,0,1,0,0,0,1,0,0,0,0,0
75.282717,0,0,0,0,1,0,0,0,0,0,0,0,0,0,0,0,0,0
75.300347,0,0,0,0,0,0,1,1,0,1,0,1,0,1,0,0,1,1
75.301196,0,0,0,0,0,1,0,0,0,0,0,0,0,1,1,0,0,0
75.322328,0,1,1,0,0,0,0,0,0,1,1,0,1,0,0,1,0,0
75.333573,1,0,0,0,0,0,0,0,1,0,0,0,1,0,0,0,0,0
75.334769,0,0,0,0,0,0,1,0,0,1,0,1,0,1,0,0,1,0
75.336255,0,0,0,0,1,0,0,0,0,0,0,0,0,0,0,0,0,0
75.350056,0,0,0,0,0,1,0,0,0,0,0,0,0,1,1,0,0,0
75.353618,0,0,0,0,0,0,0,1,0,0,0,0,0,0,0,0,0,1
75.355188,0,1,1,0,0,0,0,0,0,1,1,0,1,0,0,1,0,0
75.367404,1,0,0,1,0,0,1,0,0,1,1,0,1,1,1,0,1,0
75.386088,0,0,0,0,1,0,0,0,0,0,0,0,0,0,0,0,0,0
75.393515,0,0,1,0,0,0,0,0,1,0,0,0,1,0,0,0,0,0
75.399715,0,0,0,0,0,0,0,1,0,0,0,0,0,0,0,0,0,1
75.400605,0,0,0,0,0,1,0,0,0,1,0,1,0,1,0,1,0,0
75.410798,1,0,0,0,0,0,0,0,1,0,0,0,1,0,0,0,0,0
75.430613,0,0,0,0,1,0,1,0,0,1,0,1,0,1,0,0,1,0
75.447398,0,0,0,0,0,0,0,1,0,0,0,0,0,0,0,0,0,1
75.450913,0,0,1,0,0,0,0,0,1,0,0,0,1,0,0,0,0,0
75.451245,0,0,0,0,0,1,0,0,0,1,0,1,0,1,0,1,0,0
75.466426,1,0,0,1,0,0,1,0,0,1,1,0,1,1,1,0,1,0
75.481991,0,0,0,0,1,0,0,0,0,0,0,0,0,0,0,0,0,0
75.496125,0,0,1,0,0,0,0,0,1,0,0,0,1,0,0,0,0,0
75.497508,0,0,0,0,0,0,0,1,0,0,0,0,0,0,0,0,0,1
75.498150,0,0,0,0,0,1,0,0,0,1,0,1,0,1,0,1,0,0
75.510557,1,0,0,0,0,0,0,0,1,0,0,0,1,0,0,0,0,0
75.530367,0,0,0,0,1,0,0,0,0,0,0,0,0,0,0,0,0,0
75.548418,0,0,0,0,0,0,1,0,0,1,0,1,0,1,0,0,1,0
75.551592,0,0,0,0,0,1,0,0,0,0,0,0,0,1,1,0,0,0
75.552738,0,0,0,0,0,0,0,1,0,0,0,0,0,0,0,0,0,1
75.570463,0,1,1,0,0,0,0,0,0,1,1,0,1,0,0,1,0,0
75.583787,1,0,0,1,0,0,1,0,0,1,1,0,1,1,1,0,1,0
75.586677,0,0,0,0,1,0,0,0,0,0,0,0,0,0,0,0,0,0
75.598820,0,0,0,0,0,1,0,0,0,0,0,0,0,1,1,0,0,0
75.602671,0,0,0,0,0,0,0,1,0,0,0,0,0,0,0,0,0,1
75.604902,0,1,1,0,0,0,0,0,0,1,1,0,1,0,0,1,0,0
75.615304,1,0,0,1,0,0,1,0,0,1,1,0,1,1,1,0,1,0
75.639025,0,0,0,0,1,0,0,0,0,0,0,0,0,0,0,0,0,0
75.644308,0,0,1,0,0,0,0,0,1,0,0,0,1,0,0,0,0,0
75.651404,0,0,0,0,0,0,0,1,0,0,0,0,0,0,0,0,0,1
75.651561,0,0,0,0,0,1,0,0,0,1,0,1,0,1,0,1,0,0
75.662871,1,0,0,0,0,0,0,0,1,0,0,0,1,0,0,0,0,0
75.687758,0,0,0,0,1,0,1,0,0,1,0,1,0,1,0,0,1,0
75.697555,0,0,0,0,0,0,0,1,0,0,0,0,0,0,0,0,0,1
75.700132,0,0,0,0,0,1,0,0,0,0,0,0,0,1,1,0,0,0
75.713956,0,1,1,0,0,0,0,0,0,1,1,0,1,0,0,1,0,0
75.730930,1,0,0,1,0,0,1,0,0,1,1,0,1,1,1,0,1,0
75.736544,0,0,0,0,1,0,0,0,0,0,0,0,0,0,0,0,0,0
75.749176,0,0,0,0,0,0,0,1,0,0,0,0,0,0,0,0,0,1
75.749588,0,0,0,0,0,1,0,0,0,0,0,0,0,1,1,0,0,0
75.755598,0,1,1,0,0,0,0,0,0,1,1,0,1,0,0,1,0,0
75.773216,1,0,0,0,0,0,0,0,1,0,0,0,1,0,0,0,0,0
75.782285,0,0,0,0,0,0,1,0,0,1,0,1,0,1,0,0,1,0
75.786746,0,0,0,0,1,0,0,0,0,0,0,0,0,0,0,0,0,0
75.798642,0,0,0,0,0,1,0,0,0,0,0,0,0,1,1,0,0,0
75.799796,0,0,0,0,0,0,0,1,0,0,0,0,0,0,0,0,0,1
75.805088,0,1,1,0,0,0,0,0,0,1,1,0,1,0,0,1,0,0
75.822001,1,0,0,1,0,0,1,0,0,1,1,0,1,1,1,0,1,0
75.833984,0,0,0,0,1,0,0,0,0,0,0,0,0,0,0,0,0,0
75.842220,0,0,1,0,0,0,0,0,1,0,0,0,1,0,0,0,0,0
75.850557,0,0,0,0,0,0,0,1,0,0,0,0,0,0,0,0,0,1
75.850948,0,0,0,0,0,1,0,0,0,1,0,1,0,1,0,1,0,0
75.868346,1,0,0,0,0,0,0,0,1,0,0,0,1,0,0,0,0,0
75.881436,0,0,0,0,1,0,1,0,0,1,0,1,0,1,0,0,1,0
75.898522,0,0,0,0,0,0,0,1,0,0,0,0,0,0,0,0,0,1
75.899849,0,0,0,0,0,1,0,0,0,0,0,0,0,1,1,0,0,0
75.905498,0,1,1,0,0,0,0,0,0,1,1,0,1,0,0,1,0,0
75.922019,1,0,0,1,0,0,1,0,0,1,1,0,1,1,1,0,1,0
75.934391,0,0,0,0,1,0,0,0,0,0,0,0,0,0,0,0,0,0
75.949384,0,0,0,0,0,1,0,0,0,0,0,0,0,1,1,0,0,0
75.949762,0,1,1,0,0,0,0,0,0,1,1,0,1,0,0,1,0,0
75.950998,0,0,0,0,0,0,0,1,0,0,0,0,0,0,0,0,0,1
75.964370,1,0,0,1,0,0,1,0,0,1,1,0,1,1,1,0,1,0
75.984641,0,0,0,0,1,0,0,0,0,0,0,0,0,0,0,0,0,0
75.986146,0,0,1,0,0,0,0,0,1,0,0,0,1,0,0,0,0,0
75.999729,0,0,0,0,0,1,0,0,0,1,0,1,0,1,0,1,0,0
76.003307,0,0,0,0,0,0,0,1,0,0,0,0,0,0,0,0,0,1
76.015680,1,0,0,0,0,0,0,0,1,0,0,0,1,0,0,0,0,0
76.043116,0,0,0,0,1,0,1,0,0,1,0,1,0,1,0,0,1,0
76.047672,0,0,0,0,0,0,0,1,0,0,0,0,0,0,0,0,0,1
76.049526,0,0,0,0,0,1,0,0,0,0,0,0,0,1,1,0,0,0
76.072189,0,1,1,0,0,0,0,0,0,1,1,0,1,0,0,1,0,0
76.083113,0,0,0,0,1,0,0,0,0,0,0,0,0,0,0,0,0,0
76.086429,1,0,0,1,0,0,1,0,0,1,1,0,1,1,1,0,1,0
76.098530,0,0,0,0,0,1,0,0,0,0,0,0,0,1,1,0,0,0
76.100755,0,0,0,0,0,0,0,1,0,0,0,0,0,0,0,0,0,1
76.106522,0,1,1,0,0,0,0,0,0,1,1,0,1,0,0,1,0,0
76.125216,1,0,0,1,0,0,1,0,0,1,1,0,1,1,1,0,1,0
76.137944,0,0,0,0,1,0,0,0,0,0,0,0,0,0,0,0,0,0
76.149589,0,0,0,0,0,0,0,1,0,0,0,0,0,0,0,0,0,1
76.151676,0,0,0,0,0,1,0,0,0,0,0,0,0,1,1,0,0,0
76.153570,0,1,1,0,0,0,0,0,0,1,1,0,1,0,0,1,0,0
76.167936,1,0,0,0,0,0,0,0,1,0,0,0,1,0,0,0,0,0
76.188501,0,0,0,0,1,0,0,0,0,0,0,0,0,0,0,0,0,0
76.197567,0,0,0,0,0,0,1,0,0,1,0,1,0,1,0,0,1,0
76.198610,0,0,0,0,0,1,0,0,0,0,0,0,0,1,1,0,0,0
76.199159,0,0,0,0,0,0,0,1,0,0,0,0,0,0,0,0,0,1
76.222496,0,1,1,0,0,0,0,0,0,1,1,0,1,0,0,1,0,0
76.236249,1,0,0,0,0,0,0,0,1,0,0,0,1,0,0,0,0,0
76.237513,0,0,0,0,0,0,1,0,0,1,0,1,0,1,0,0,1,0
76.238521,0,0,0,0,1,0,0,0,0,0,0,0,0,0,0,0,0,0
76.251046,0,0,0,0,0,0,0,1,0,0,0,0,0,0,0,0,0,1
76.251641,0,0,0,0,0,1,0,0,0,0,0,0,0,1,1,0,0,0
76.262472,0,1,1,0,0,0,0,0,0,1,1,0,1,0,0,1,0,0
76.276878,1,0,0,0,0,0,0,0,1,0,0,0,1,0,0,0,0,0
76.285684,0,0,0,0,1,0,0,0,0,0,0,0,0,0,0,0,0,0
76.292508,0,0,0,0,0,0,1,0,0,1,0,1,0,1,0,0,1,0
76.299735,0,0,0,0,0,0,0,1,0,0,0,0,0,0,0,0,0,1
76.300232,0,0,0,0,0,1,0,0,0,0,0,0,0,1,1,0,0,0
76.318451,0,1,1,0,0,0,0,0,0,1,1,0,1,0,0,1,0,0
76.331248,0,0,0,0,1,0,0,0,0,0,0,0,0,0,0,0,0,0
76.334001,1,0,0,1,0,0,1,0,0,1,1,0,1,1,1,0,1,0
76.350173,0,0,0,0,0,0,0,1,0,0,0,0,0,0,0,0,0,1
76.351627,0,0,0,0,0,1,0,0,0,0,0,0,0,1,1,0,0,0
76.354662,0,1,1,0,0,0,0,0,0,1,1,0,1,0,0,1,0,0
76.369102,1,0,0,0,0,0,0,0,1,0,0,0,1,0,0,0,0,0
76.385931,0,0,0,0,1,0,1,0,0,1,0,1,0,1,0,0,1,0
76.398991,0,0,0,0,0,1,0,0,0,0,0,0,0,1,1,0,0,0
76.401134,0,0,0,0,0,0,0,1,0,0,0,0,0,0,0,0,0,1
76.412011,0,1,1,0,0,0,0,0,0,1,1,0,1,0,0,1,0,0
76.424332,1,0,0,1,0,0,1,0,0,1,1,0,1,1,1,0,1,0
76.437048,0,0,0,0,1,0,0,0,0,0,0,0,0,0,0,0,0,0
76.446787,0,0,1,0,0,0,0,0,1,0,0,0,1,0,0,0,0,0
76.449660,0,0,0,0,0,1,0,0,0,1,0,1,0,1,0,1,0,0
76.449861,0,0,0,0,0,0,0,1,0,0,0,0,0,0,0,0,0,1
76.459793,1,0,0,1,0,0,1,0,0,1,1,0,1,1,1,0,1,0
76.484913,0,0,1,0,0,0,0,0,1,0,0,0,1,0,0,0,0,0
76.486796,0,0,0,0,1,0,0,0,0,0,0,0,0,0,0,0,0,0
76.498505,0,0,0,0,0,1,0,0,0,1,0,1,0,1,0,1,0,0
76.502733,0,0,0,0,0,0,0,1,0,0,0,0,0,0,0,0,0,1
76.510426,1,0,0,0,0,0,0,0,1,0,0,0,1,0,0,0,0,0
76.517402,0,0,0,0,0,0,1,0,0,1,0,1,0,1,0,0,1,0
76.535235,0,0,0,0,1,0,0,0,0,0,0,0,0,0,0,0,0,0
76.539622,0,0,1,0,0,0,0,0,1,0,0,0,1,0,0,0,0,0
76.549642,0,0,0,0,0,1,0,0,0,1,0,1,0,1,0,1,0,0
76.550564,0,0,0,0,0,0,0,1,0,0,0,0,0,0,0,0,0,1
76.564837,1,0,0,0,0,0,0,0,1,0,0,0,1,0,0,0,0,0
76.568792,0,0,0,0,0,0,1,0,0,1,0,1,0,1,0,0,1,0
76.589046,0,0,0,0,1,0,0,0,0,0,0,0,0,0,0,0,0,0
76.594226,0,0,1,0,0,0,0,0,1,0,0,0,1,0,0,0,0,0
76.600680,0,0,0,0,0,1,0,0,0,1,0,1,0,1,0,1,0,0
76.601369,0,0,0,0,0,0,0,1,0,0,0,0,0,0,0,0,0,1
76.612399,1,0,0,0,0,0,0,0,1,0,0,0,1,0,0,0,0,0
76.639385,0,0,0,0,1,0,1,0,0,1,0,1,0,1,0,0,1,0
76.648740,0,0,0,0,0,1,0,0,0,0,0,0,0,1,1,0,0,0
76.649984,0,0,0,0,0,0,0,1,0,0,0,0,0,0,0,0,0,1
76.669057,0,1,1,0,0,0,0,0,0,1,1,0,1,0,0,1,0,0
76.681395,1,0,0,1,0,0,1,0,0,1,1,0,1,1,1,0,1,0
76.688566,0,0,0,0,1,0,0,0,0,0,0,0,0,0,0,0,0,0
76.700667,0,0,0,0,0,0,0,1,0,0,0,0,0,0,0,0,0,1
76.700847,0,0,0,0,0,1,0,0,0,0,0,0,0,1,1,0,0,0
76.709548,0,1,1,0,0,0,0,0,0,1,1,0,1,0,0,1,0,0
76.721075,1,0,0,0,0,0,0,0,1,0,0,0,1,0,0,0,0,0
76.724695,0,0,0,0,0,0,1,0,0,1,0,1,0,1,0,0,1,0
76.738548,0,0,0,0,1,0,0,0,0,0,0,0,0,0,0,0,0,0
76.745089,0,0,1,0,0,0,0,0,1,0,0,0,1,0,0,0,0,0
76.750250,0,0,0,0,0,1,0,0,0,1,0,1,0,1,0,1,0,0
76.752367,0,0,0,0,0,0,0,1,0,0,0,0,0,0,0,0,0,1
76.763778,1,0,0,0,0,0,0,0,1,0,0,0,1,0,0,0,0,0
76.770070,0,0,0,0,0,0,1,0,0,1,0,1,0,1,0,0,1,0
76.790634,0,0,0,0,1,0,0,0,0,0,0,0,0,0,0,0,0,0
76.796195,0,0,1,0,0,0,0,0,1,0,0,0,1,0,0,0,0,0
76.799437,0,0,0,0,0,1,0,0,0,1,0,1,0,1,0,1,0,0
76.801050,0,0,0,0,0,0,0,1,0,0,0,0,0,0,0,0,0,1
76.815732,1,0,0,0,0,0,0,0,1,0,0,0,1,0,0,0,0,0
76.835649,0,0,0,0,1,0,1,0,0,1,0,1,0,1,0,0,1,0
76.850415,0,0,0,0,0,1,0,0,0,0,0,0,0,1,1,0,0,0
76.850601,0,0,0,0,0,0,0,1,0,0,0,0,0,0,0,0,0,1
76.856192,0,1,1,0,0,0,0,0,0,1,1,0,1,0,0,1,0,0
76.871619,1,0,0,1,0,0,1,0,0,1,1,0,1,1,1,0,1,0
76.889569,0,0,0,0,1,0,0,0,0,0,0,0,0,0,0,0,0,0
76.898076,0,0,0,0,0,0,0,1,0,0,0,0,0,0,0,0,0,1
76.899110,0,0,0,0,0,1,0,0,0,0,0,0,0,1,1,0,0,0
76.900136,0,1,1,0,0,0,0,0,0,1,1,0,1,0,0,1,0,0
76.912599,1,0,0,1,0,0,1,0,0,1,1,0,1,1,1,0,1,0
76.931470,0,0,0,0,1,0,0,0,0,0,0,0,0,0,0,0,0,0
76.936221,0,0,1,0,0,0,0,0,1,0,0,0,1,0,0,0,0,0
76.949807,0,0,0,0,0,0,0,1,0,0,0,0,0,0,0,0,0,1
76.949967,0,0,0,0,0,1,0,0,0,1,0,1,0,1,0,1,0,0
76.964952,1,0,0,1,0,0,1,0,0,1,1,0,1,1,1,0,1,0
76.986185,0,0,0,0,1,0,0,0,0,0,0,0,0,0,0,0,0,0
76.988722,0,0,1,0,0,0,0,0,1,0,0,0,1,0,0,0,0,0
76.998349,0,0,0,0,0,0,0,1,0,0,0,0,0,0,0,0,0,1
76.999925,0,0,0,0,0,1,0,0,0,1,0,1,0,1,0,1,0,0
77.016199,1,0,0,1,0,0,1,0,0,1,1,0,1,1,1,0,1,0
77.038080,0,0,0,0,1,0,0,0,0,0,0,0,0,0,0,0,0,0
77.042901,0,0,1,0,0,0,0,0,1,0,0,0,1,0,0,0,0,0
77.047183,0,0,0,0,0,0,0,1,0,0,0,0,0,0,0,0,0,1
77.050843,0,0,0,0,0,1,0,0,0,1,0,1,0,1,0,1,0,0
77.063552,1,0,0,1,0,0,1,0,0,1,1,0,1,1,1,0,1,0
77.084402,0,0,0,0,1,0,0,0,0,0,0,0,0,0,0,0,0,0
77.091230,0,0,1,0,0,0,0,0,1,0,0,0,1,0,0,0,0,0
77.098154,0,0,0,0,0,1,0,0,0,1,0,1,0,1,0,1,0,0
77.101112,0,0,0,0,0,0,0,1,0,0,0,0,0,0,0,0,0,1
77.115982,1,0,0,1,0,0,1,0,0,1,1,0,1,1,1,0,1,0
77.132465,0,0,0,0,1,0,0,0,0,0,0,0,0,0,0,0,0,0
77.140310,0,0,1,0,0,0,0,0,1,0,0,0,1,0,0,0,0,0
77.149772,0,0,0,0,0,0,0,1,0,0,0,0,0,0,0,0,0,1
77.151405,0,0,0,0,0,1,0,0,0,1,0,1,0,1,0,1,0,0
77.166783,1,0,0,1,0,0,1,0,0,1,1,0,1,1,1,0,1,0
77.186009,0,0,0,0,1,0,0,0,0,0,0,0,0,0,0,0,0,0
77.196156,0,0,1,0,0,0,0,0,1,0,0,0,1,0,0,0,0,0
77.200340,0,0,0,0,0,1,0,0,0,1,0,1,0,1,0,1,0,0
77.200966,0,0,0,0,0,0,0,1,0,0,0,0,0,0,0,0,0,1
77.213001,1,0,0,1,0,0,1,0,0,1,1,0,1,1,1,0,1,0
77.236161,0,0,1,0,0,0,0,0,1,0,0,0,1,0,0,0,0,0
77.239787,0,0,0,0,1,0,0,0,0,0,0,0,0,0,0,0,0,0
77.250397,0,0,0,0,0,1,0,0,0,1,0,1,0,1,0,1,0,0
77.252339,0,0,0,0,0,0,0,1,0,0,0,0,0,0,0,0,0,1
77.265282,1,0,0,1,0,0,1,0,0,1,1,0,1,1,1,0,1,0
77.287387,0,0,0,0,1,0,0,0,0,0,0,0,0,0,0,0,0,0
77.290725,0,0,1,0,0,0,0,0,1,0,0,0,1,0,0,0,0,0
77.300340,0,0,0,0,0,0,0,1,0,0,0,0,0,0,0,0,0,1
77.300772,0,0,0,0,0,1,0,0,0,1,0,1,0,1,0,1,0,0
77.315339,1,0,0,1,0,0,1,0,0,1,1,0,1,1,1,0,1,0
77.339982,0,0,0,0,1,0,0,0,0,0,0,0,0,0,0,0,0,0
77.341932,0,0,1,0,0,0,0,0,1,0,0,0,1,0,0,0,0,0
77.351083,0,0,0,0,0,0,0,1,0,0,0,0,0,0,0,0,0,1
77.351660,0,0,0,0,0,1,0,0,0,1,0,1,0,1,0,1,0,0
77.365997,1,0,0,1,0,0,1,0,0,1,1,0,1,1,1,0,1,0
77.387093,0,0,0,0,1,0,0,0,0,0,0,0,0,0,0,0,0,0
77.387828,0,0,1,0,0,0,0,0,1,0,0,0,1,0,0,0,0,0
77.398910,0,0,0,0,0,0,0,1,0,0,0,0,0,0,0,0,0,1
77.400028,0,0,0,0,0,1,0,0,0,1,0,1,0,1,0,1,0,0
77.417471,1,0,0,0,0,0,0,0,1,0,0,0,1,0,0,0,0,0
77.433437,0,0,0,0,0,0,1,0,0,1,0,1,0,1,0,0,1,0
77.434767,0,0,0,0,1,0,0,0,0,0,0,0,0,0,0,0,0,0
77.448443,0,0,0,0,0,0,0,1,0,0,0,0,0,0,0,0,0,1
77.450964,0,0,0,0,0,1,0,0,0,0,0,0,0,1,1,0,0,0
77.458265,0,1,1,0,0,0,0,0,0,1,1,0,1,0,0,1,0,0
77.468386,1,0,0,0,0,0,0,0,1,0,0,0,1,0,0,0,0,0
77.486799,0,0,0,0,1,0,1,0,0,1,0,1,0,1,0,0,1,0
77.501428,0,0,0,0,0,0,0,1,0,0,0,0,0,0,0,0,0,1
77.501499,0,0,0,0,0,1,0,0,0,0,0,0,0,1,1,0,0,0
77.508674,0,1,1,0,0,0,0,0,0,1,1,0,1,0,0,1,0,0
77.525577,1,0,0,0,0,0,0,0,1,0,0,0,1,0,0,0,0,0
77.530590,0,0,0,0,0,0,1,0,0,1,0,1,0,1,0,0,1,0
77.533484,0,0,0,0,1,0,0,0,0,0,0,0,0,0,0,0,0,0
77.549188,0,0,0,0,0,1,0,0,0,0,0,0,0,1,1,0,0,0
77.552928,0,0,0,0,0,0,0,1,0,0,0,0,0,0,0,0,0,1
77.554116,0,1,1,0,0,0,0,0,0,1,1,0,1,0,0,1,0,0
77.565834,1,0,0,1,0,0,1,0,0,1,1,0,1,1,1,0,1,0
77.586695,0,0,0,0,1,0,0,0,0,0,0,0,0,0,0,0,0,0
77.589617,0,0,1,0,0,0,0,0,1,0,0,0,1,0,0,0,0,0
77.598966,0,0,0,0,0,0,0,1,0,0,0,0,0,0,0,0,0,1
77.600335,0,0,0,0,0,1,0,0,0,1,0,1,0,1,0,1,0,0
77.614197,1,0,0,1,0,0,1,0,0,1,1,0,1,1,1,0,1,0
77.629871,0,0,0,0,1,0,0,0,0,0,0,0,0,0,0,0,0,0
77.635907,0,0,1,0,0,0,0,0,1,0,0,0,1,0,0,0,0,0
77.650062,0,0,0,0,0,0,0,1,0,0,0,0,0,0,0,0,0,1
77.650897,0,0,0,0,0,1,0,0,0,1,0,1,0,1,0,1,0,0
77.665363,1,0,0,1,0,0,1,0,0,1,1,0,1,1,1,0,1,0
77.686738,0,0,0,0,1,0,0,0,0,0,0,0,0,0,0,0,0,0
77.687129,0,0,1,0,0,0,0,0,1,0,0,0,1,0,0,0,0,0
77.699750,0,0,0,0,0,0,0,1,0,0,0,0,0,0,0,0,0,1
77.699998,0,0,0,0,0,1,0,0,0,1,0,1,0,1,0,1,0,0
77.712803,1,0,0,1,0,0,1,0,0,1,1,0,1,1,1,0,1,0
77.733779,0,0,0,0,1,0,0,0,0,0,0,0,0,0,0,0,0,0
77.736645,0,0,1,0,0,0,0,0,1,0,0,0,1,0,0,0,0,0
77.748739,0,0,0,0,0,0,0,1,0,0,0,0,0,0,0,0,0,1
77.749464,0,0,0,0,0,1,0,0,0,1,0,1,0,1,0,1,0,0
77.763378,1,0,0,0,0,0,0,0,1,0,0,0,1,0,0,0,0,0
77.784185,0,0,0,0,1,0,1,0,0,1,0,1,0,1,0,0,1,0
77.800327,0,0,0,0,0,0,0,1,0,0,0,0,0,0,0,0,0,1
77.800920,0,0,0,0,0,1,0,0,0,0,0,0,0,1,1,0,0,0
77.810921,0,1,1,0,0,0,0,0,0,1,1,0,1,0,0,1,0,0
77.826635,1,0,0,1,0,0,1,0,0,1,1,0,1,1,1,0,1,0
77.832211,0,0,0,0,1,0,0,0,0,0,0,0,0,0,0,0,0,0
77.847596,0,0,0,0,0,0,0,1,0,0,0,0,0,0,0,0,0,1
77.849183,0,0,1,0,0,0,0,0,1,0,0,0,1,0,0,0,0,0
77.850969,0,0,0,0,0,1,0,0,0,1,0,1,0,1,0,1,0,0
77.870752,1,0,0,0,0,0,0,0,1,0,0,0,1,0,0,0,0,0
77.873527,0,0,0,0,0,0,1,0,0,1,0,1,0,1,0,0,1,0
77.885178,0,0,0,0,1,0,0,0,0,0,0,0,0,0,0,0,0,0
77.897962,0,0,0,0,0,0,0,1,0,0,0,0,0,0,0,0,0,1
77.900068,0,0,0,0,0,1,0,0,0,0,0,0,0,1,1,0,0,0
77.901224,0,1,1,0,0,0,0,0,0,1,1,0,1,0,0,1,0,0
77.920165,1,0,0,0,0,0,0,0,1,0,0,0,1,0,0,0,0,0
77.922016,0,0,0,0,0,0,1,0,0,1,0,1,0,1,0,0,1,0
77.931536,0,0,0,0,1,0,0,0,0,0,0,0,0,0,0,0,0,0
77.946799,0,0,1,0,0,0,0,0,1,0,0,0,1,0,0,0,0,0
77.949866,0,0,0,0,0,1,0,0,0,1,0,1,0,1,0,1,0,0
77.951924,0,0,0,0,0,0,0,1,0,0,0,0,0,0,0,0,0,1
77.966722,1,0,0,1,0,0,1,0,0,1,1,0,1,1,1,0,1,0
77.984363,0,0,0,0,1,0,0,0,0,0,0,0,0,0,0,0,0,0
77.991305,0,0,1,0,0,0,0,0,1,0,0,0,1,0,0,0,0,0
77.999683,0,0,0,0,0,1,0,0,0,1,0,1,0,1,0,1,0,0
78.001392,0,0,0,0,0,0,0,1,0,0,0,0,0,0,0,0,0,1
78.015256,1,0,0,0,0,0,0,0,1,0,0,0,1,0,0,0,0,0
78.026230,0,0,0,0,0,0,1,0,0,1,0,1,0,1,0,0,1,0
78.033972,0,0,0,0,1,0,0,0,0,0,0,0,0,0,0,0,0,0
78.048994,0,0,0,0,0,1,0,0,0,0,0,0,0,1,1,0,0,0
78.049030,0,0,0,0,0,0,0,1,0,0,0,0,0,0,0,0,0,1
78.050444,0,1,1,0,0,0,0,0,0,1,1,0,1,0,0,1,0,0
78.069153,1,0,0,1,0,0,1,0,0,1,1,0,1,1,1,0,1,0
78.087575,0,0,0,0,1,0,0,0,0,0,0,0,0,0,0,0,0,0
78.095491,0,0,1,0,0,0,0,0,1,0,0,0,1,0,0,0,0,0
78.099415,0,0,0,0,0,1,0,0,0,1,0,1,0,1,0,1,0,0
78.103099,0,0,0,0,0,0,0,1,0,0,0,0,0,0,0,0,0,1
78.115107,1,0,0,0,0,0,0,0,1,0,0,0,1,0,0,0,0,0
78.138579,0,0,0,0,1,0,0,0,0,0,0,0,0,0,0,0,0,0
78.140992,0,0,0,0,0,0,1,0,0,1,0,1,0,1,0,0,1,0
78.147844,0,0,0,0,0,0,0,1,0,0,0,0,0,0,0,0,0,1
78.150421,0,0,0,0,0,1,0,0,0,0,0,0,0,1,1,0,0,0
78.168437,0,1,1,0,0,0,0,0,0,1,1,0,1,0,0,1,0,0
78.184010,1,0,0,0,0,0,0,0,1,0,0,0,1,0,0,0,0,0
78.186490,0,0,0,0,1,0,0,0,0,0,0,0,0,0,0,0,0,0
78.195166,0,0,0,0,0,0,1,0,0,1,0,1,0,1,0,0,1,0
78.196670,0,0,0,0,0,0,0,1,0,0,0,0,0,0,0,0,0,1
78.200420,0,0,0,0,0,1,0,0,0,0,0,0,0,1,1,0,0,0
78.220732,0,1,1,0,0,0,0,0,0,1,1,0,1,0,0,1,0,0
78.233722,0,0,0,0,1,0,0,0,0,0,0,0,0,0,0,0,0,0
78.240331,1,0,0,0,0,0,0,0,1,0,0,0,1,0,0,0,0,0
78.243344,0,0,0,0,0,0,1,0,0,1,0,1,0,1,0,0,1,0
78.248260,0,0,0,0,0,0,0,1,0,0,0,0,0,0,0,0,0,1
78.249137,0,0,0,0,0,1,0,0,0,0,0,0,0,1,1,0,0,0
78.268457,0,1,1,0,0,0,0,0,0,1,1,0,1,0,0,1,0,0
78.279967,1,0,0,0,0,0,0,0,1,0,0,0,1,0,0,0,0,0
78.281076,0,0,0,0,0,0,1,0,0,1,0,1,0,1,0,0,1,0
78.286928,0,0,0,0,1,0,0,0,0,0,0,0,0,0,0,0,0,0
78.298556,0,0,0,0,0,1,0,0,0,0,0,0,0,1,1,0,0,0
78.301693,0,0,0,0,0,0,0,1,0,0,0,0,0,0,0,0,0,1
78.302408,0,1,1,0,0,0,0,0,0,1,1,0,1,0,0,1,0,0
78.317554,1,0,0,0,0,0,0,0,1,0,0,0,1,0,0,0,0,0
78.322097,0,0,0,0,0,0,1,0,0,1,0,1,0,1,0,0,1,0
78.336663,0,0,0,0,1,0,0,0,0,0,0,0,0,0,0,0,0,0
78.349387,0,0,0,0,0,1,0,0,0,0,0,0,0,1,1,0,0,0
78.349474,0,0,0,0,0,0,0,1,0,0,0,0,0,0,0,0,0,1
78.351499,0,1,1,0,0,0,0,0,0,1,1,0,1,0,0,1,0,0
78.362281,1,0,0,1,0,0,1,0,0,1,1,0,1,1,1,0,1,0
78.383098,0,0,0,0,1,0,0,0,0,0,0,0,0,0,0,0,0,0
78.387514,0,0,1,0,0,0,0,0,1,0,0,0,1,0,0,0,0,0
78.396418,0,0,0,0,0,0,0,1,0,0,0,0,0,0,0,0,0,1
78.400797,0,0,0,0,0,1,0,0,0,1,0,1,0,1,0,1,0,0
78.417757,1,0,0,1,0,0,1,0,0,1,1,0,1,1,1,0,1,0
78.435226,0,0,0,0,1,0,0,0,0,0,0,0,0,0,0,0,0,0
78.446926,0,0,1,0,0,0,0,0,1,0,0,0,1,0,0,0,0,0
78.448208,0,0,0,0,0,0,0,1,0,0,0,0,0,0,0,0,0,1
78.450822,0,0,0,0,0,1,0,0,0,1,0,1,0,1,0,1,0,0
78.463651,1,0,0,0,0,0,0,0,1,0,0,0,1,0,0,0,0,0
78.486783,0,0,0,0,1,0,0,0,0,0,0,0,0,0,0,0,0,0
78.493342,0,0,0,0,0,0,1,0,0,1,0,1,0,1,0,0,1,0
78.500979,0,0,0,0,0,1,0,0,0,0,0,0,0,1,1,0,0,0
78.501402,0,0,0,0,0,0,0,1,0,0,0,0,0,0,0,0,0,1
78.515917,0,1,1,0,0,0,0,0,0,1,1,0,1,0,0,1,0,0
78.531478,1,0,0,0,0,0,0,0,1,0,0,0,1,0,0,0,0,0
78.539690,0,0,0,0,1,0,0,0,0,0,0,0,0,0,0,0,0,0
78.549058,0,0,0,0,0,1,1,0,0,1,0,1,0,1,0,1,0,0
78.549883,0,0,0,0,0,0,0,1,0,0,0,0,0,0,0,0,0,1
78.564355,1,0,0,1,0,0,1,0,0,1,1,0,1,1,1,0,1,0
78.585921,0,0,0,0,1,0,0,0,0,0,0,0,0,0,0,0,0,0
78.587707,0,0,1,1,0,0,0,0,0,1,1,0,1,0,0,0,1,0
78.599628,0,0,0,0,0,1,0,0,0,0,0,0,0,1,1,0,0,0
78.600265,0,0,0,0,0,0,0,1,0,0,0,0,0,0,0,0,0,1
78.609304,0,1,1,0,0,0,0,0,0,1,1,0,1,0,0,1,0,0
78.625633,1,0,0,1,0,0,1,0,0,1,1,0,1,1,1,0,1,0
78.637121,0,0,0,0,1,0,0,0,0,0,0,0,0,0,0,0,0,0
78.647652,0,0,1,0,0,0,0,0,1,0,0,0,1,0,0,0,0,0
78.649502,0,0,0,0,0,1,0,0,0,1,0,1,0,1,0,1,0,0
78.652720,0,0,0,0,0,0,0,1,0,0,0,0,0,0,0,0,0,1
78.660109,1,0,0,0,0,0,0,0,1,0,0,0,1,0,0,0,0,0
78.683228,0,0,0,0,0,0,1,0,0,1,0,1,0,1,0,0,1,0
78.690675,0,0,0,0,1,0,0,0,0,0,0,0,0,0,0,0,0,0
78.697974,0,0,0,0,0,0,0,1,0,0,0,0,0,0,0,0,0,1
78.700520,0,0,0,0,0,1,0,0,0,0,0,0,0,1,1,0,0,0
78.707981,0,1,1,0,0,0,0,0,0,1,1,0,1,0,0,1,0,0
78.722608,1,0,0,0,0,0,0,0,1,0,0,0,1,0,0,0,0,0
78.735754,0,0,0,0,1,0,0,0,0,0,0,0,0,0,0,0,0,0
78.749451,0,0,0,0,0,1,1,0,0,1,0,1,0,1,0,0,1,0
78.750223,0,0,0,0,0,0,0,1,0,0,0,0,0,0,0,0,0,1
78.778706,0,1,1,0,0,0,0,0,0,1,1,0,1,0,0,1,0,0
78.787959,0,0,0,0,1,0,0,0,0,0,0,0,0,0,0,0,0,0
78.790579,1,0,0,1,0,0,1,0,0,1,1,0,1,1,1,0,1,0
78.801149,0,0,0,0,0,1,0,0,0,0,0,0,0,1,1,0,0,0
78.801871,0,0,0,0,0,0,0,1,0,0,0,0,0,0,0,0,0,1
78.814868,0,1,1,0,0,0,0,0,0,1,1,0,1,0,0,1,0,0
78.832398,1,0,0,1,0,0,1,0,0,1,1,0,1,1,1,0,1,0
78.839332,0,0,0,0,1,0,0,0,0,0,0,0,0,0,0,0,0,0
78.848542,0,0,0,0,0,1,0,0,0,0,0,0,0,1,1,0,0,0
78.853665,0,0,0,0,0,0,0,1,0,0,0,0,0,0,0,0,0,1
78.857730,0,1,1,0,0,0,0,0,0,1,1,0,1,0,0,1,0,0
78.873547,1,0,0,1,0,0,1,0,0,1,1,0,1,1,1,0,1,0
78.891333,0,0,0,0,1,0,0,0,0,0,0,0,0,0,0,0,0,0
78.897708,0,0,0,0,0,0,0,1,0,0,0,0,0,0,0,0,0,1
78.900329,0,0,0,0,0,1,0,0,0,0,0,0,0,1,1,0,0,0
78.900876,0,1,1,0,0,0,0,0,0,1,1,0,1,0,0,1,0,0
78.916026,1,0,0,1,0,0,1,0,0,1,1,0,1,1,1,0,1,0
78.934920,0,0,0,0,1,0,0,0,0,0,0,0,0,0,0,0,0,0
78.944585,0,0,1,0,0,0,0,0,1,0,0,0,1,0,0,0,0,0
78.950827,0,0,0,0,0,1,0,0,0,1,0,1,0,1,0,1,0,0
78.951989,0,0,0,0,0,0,0,1,0,0,0,0,0,0,0,0,0,1
78.965028,1,0,0,0,0,0,0,0,1,0,0,0,1,0,0,0,0,0
78.989460,0,0,0,0,1,0,1,0,0,1,0,1,0,1,0,0,1,0
79.000498,0,0,0,0,0,0,0,1,0,0,0,0,0,0,0,0,0,1
79.000622,0,0,0,0,0,1,0,0,0,0,0,0,0,1,1,0,0,0
79.011482,0,1,1,0,0,0,0,0,0,1,1,0,1,0,0,1,0,0
79.022905,1,0,0,0,0,0,0,0,1,0,0,0,1,0,0,0,0,0
79.033243,0,0,0,0,0,0,1,0,0,1,0,1,0,1,0,0,1,0
79.039862,0,0,0,0,1,0,0,0,0,0,0,0,0,0,0,0,0,0
79.049478,0,0,0,0,0,1,0,0,0,0,0,0,0,1,1,0,0,0
79.052878,0,0,0,0,0,0,0,1,0,0,0,0,0,0,0,0,0,1
79.057100,0,1,1,0,0,0,0,0,0,1,1,0,1,0,0,1,0,0
79.072060,1,0,0,1,0,0,1,0,0,1,1,0,1,1,1,0,1,0
79.085788,0,0,0,0,1,0,0,0,0,0,0,0,0,0,0,0,0,0
79.097338,0,0,1,0,0,0,0,0,1,0,0,0,1,0,0,0,0,0
79.099518,0,0,0,0,0,0,0,1,0,0,0,0,0,0,0,0,0,1
79.099583,0,0,0,0,0,1,0,0,0,1,0,1,0,1,0,1,0,0
79.110797,1,0,0,1,0,0,1,0,0,1,1,0,1,1,1,0,1,0
79.135304,0,0,0,0,1,0,0,0,0,0,0,0,0,0,0,0,0,0
79.138572,0,0,1,0,0,0,0,0,1,0,0,0,1,0,0,0,0,0
79.149933,0,0,0,0,0,0,0,1,0,0,0,0,0,0,0,0,0,1
79.150432,0,0,0,0,0,1,0,0,0,1,0,1,0,1,0,1,0,0
79.168681,1,0,0,0,0,0,0,0,1,0,0,0,1,0,0,0,0,0
79.172953,0,0,0,0,0,0,1,0,0,1,0,1,0,1,0,0,1,0
79.182971,0,0,0,0,1,0,0,0,0,0,0,0,0,0,0,0,0,0
79.193392,0,0,1,0,0,0,0,0,1,0,0,0,1,0,0,0,0,0
79.197626,0,0,0,0,0,0,0,1,0,0,0,0,0,0,0,0,0,1
79.199197,0,0,0,0,0,1,0,0,0,1,0,1,0,1,0,1,0,0
79.213348,1,0,0,0,0,0,0,0,1,0,0,0,1,0,0,0,0,0
79.230596,0,0,0,0,1,0,1,0,0,1,0,1,0,1,0,0,1,0
79.248519,0,0,0,0,0,0,0,1,0,0,0,0,0,0,0,0,0,1
79.250386,0,0,0,0,0,1,0,0,0,0,0,0,0,1,1,0,0,0
79.258805,0,1,1,0,0,0,0,0,0,1,1,0,1,0,0,1,0,0
79.275538,1,0,0,1,0,0,1,0,0,1,1,0,1,1,1,0,1,0
79.284312,0,0,0,0,1,0,0,0,0,0,0,0,0,0,0,0,0,0
79.298673,0,0,0,0,0,0,0,1,0,0,0,0,0,0,0,0,0,1
79.299866,0,0,0,0,0,1,0,0,0,0,0,0,0,1,1,0,0,0
79.301998,0,1,1,0,0,0,0,0,0,1,1,0,1,0,0,1,0,0
79.315770,1,0,0,0,0,0,0,0,1,0,0,0,1,0,0,0,0,0
79.337053,0,0,0,0,1,0,1,0,0,1,0,1,0,1,0,0,1,0
79.350202,0,0,0,0,0,1,0,0,0,0,0,0,0,1,1,0,0,0
79.350284,0,0,0,0,0,0,0,1,0,0,0,0,0,0,0,0,0,1
79.366841,0,1,1,0,0,0,0,0,0,1,1,0,1,0,0,1,0,0
79.380529,1,0,0,1,0,0,1,0,0,1,1,0,1,1,1,0,1,0
79.389239,0,0,0,0,1,0,0,0,0,0,0,0,0,0,0,0,0,0
79.400301,0,0,0,0,0,1,0,0,0,0,0,0,0,1,1,0,0,0
79.400885,0,0,0,0,0,0,0,1,0,0,0,0,0,0,0,0,0,1
79.409954,0,1,1,0,0,0,0,0,0,1,1,0,1,0,0,1,0,0
79.426687,1,0,0,1,0,0,1,0,0,1,1,0,1,1,1,0,1,0
79.437837,0,0,0,0,1,0,0,0,0,0,0,0,0,0,0,0,0,0
79.448869,0,0,0,0,0,1,0,0,0,0,0,0,0,1,1,0,0,0
79.448976,0,0,0,0,0,0,0,1,0,0,0,0,0,0,0,0,0,1
79.449125,0,1,1,0,0,0,0,0,0,1,1,0,1,0,0,1,0,0
79.460853,1,0,0,1,0,0,1,0,0,1,1,0,1,1,1,0,1,0
79.485335,0,0,1,0,0,0,0,0,1,0,0,0,1,0,0,0,0,0
79.486225,0,0,0,0,1,0,0,0,0,0,0,0,0,0,0,0,0,0
79.497114,0,0,0,0,0,0,0,1,0,0,0,0,0,0,0,0,0,1
79.500838,0,0,0,0,0,1,0,0,0,1,0,1,0,1,0,1,0,0
79.514699,1,0,0,0,0,0,0,0,1,0,0,0,1,0,0,0,0,0
79.536568,0,0,0,0,1,0,1,0,0,1,0,1,0,1,0,0,1,0
79.548770,0,0,0,0,0,1,0,0,0,0,0,0,0,1,1,0,0,0
79.550230,0,0,0,0,0,0,0,1,0,0,0,0,0,0,0,0,0,1
79.558108,0,1,1,0,0,0,0,0,0,1,1,0,1,0,0,1,0,0
79.572376,1,0,0,1,0,0,1,0,0,1,1,0,1,1,1,0,1,0
79.583971,0,0,0,0,1,0,0,0,0,0,0,0,0,0,0,0,0,0
79.595685,0,0,1,0,0,0,0,0,1,0,0,0,1,0,0,0,0,0
79.597786,0,0,0,0,0,0,0,1,0,0,0,0,0,0,0,0,0,1
79.600158,0,0,0,0,0,1,0,0,0,1,0,1,0,1,0,1,0,0
79.616113,1,0,0,1,0,0,1,0,0,1,1,0,1,1,1,0,1,0
79.637533,0,0,0,0,1,0,0,0,0,0,0,0,0,0,0,0,0,0
79.642594,0,0,1,0,0,0,0,0,1,0,0,0,1,0,0,0,0,0
79.648414,0,0,0,0,0,0,0,1,0,0,0,0,0,0,0,0,0,1
79.649721,0,0,0,0,0,1,0,0,0,1,0,1,0,1,0,1,0,0
79.660274,1,0,0,1,0,0,1,0,0,1,1,0,1,1,1,0,1,0
79.681977,0,0,0,0,1,0,0,0,0,0,0,0,0,0,0,0,0,0
79.683715,0,0,1,0,0,0,0,0,1,0,0,0,1,0,0,0,0,0
79.700897,0,0,0,0,0,1,0,0,0,1,0,1,0,1,0,1,0,0
79.701477,0,0,0,0,0,0,0,1,0,0,0,0,0,0,0,0,0,1
79.715774,1,0,0,0,0,0,0,0,1,0,0,0,1,0,0,0,0,0
79.735591,0,0,0,0,1,0,1,0,0,1,0,1,0,1,0,0,1,0
79.748846,0,0,0,0,0,1,0,0,0,0,0,0,0,1,1,0,0,0
79.750728,0,0,0,0,0,0,0,1,0,0,0,0,0,0,0,0,0,1
79.759259,0,1,1,0,0,0,0,0,0,1,1,0,1,0,0,1,0,0
79.775182,1,0,0,0,0,0,0,0,1,0,0,0,1,0,0,0,0,0
79.778676,0,0,0,0,0,0,1,0,0,1,0,1,0,1,0,0,1,0
79.788274,0,0,0,0,1,0,0,0,0,0,0,0,0,0,0,0,0,0
79.796445,0,0,0,0,0,0,0,1,0,0,0,0,0,0,0,0,0,1
79.798721,0,0,1,0,0,0,0,0,1,0,0,0,1,0,0,0,0,0
79.799652,0,0,0,0,0,1,0,0,0,1,0,1,0,1,0,1,0,0
79.815670,1,0,0,1,0,0,1,0,0,1,1,0,1,1,1,0,1,0
79.830177,0,0,0,0,1,0,0,0,0,0,0,0,0,0,0,0,0,0
79.841807,0,0,1,0,0,0,0,0,1,0,0,0,1,0,0,0,0,0
79.849299,0,0,0,0,0,1,0,0,0,1,0,1,0,1,0,1,0,0
79.851942,0,0,0,0,0,0,0,1,0,0,0,0,0,0,0,0,0,1
79.865032,1,0,0,0,0,0,0,0,1,0,0,0,1,0,0,0,0,0
79.886092,0,0,0,0,1,0,0,0,0,0,0,0,0,0,0,0,0,0
79.897951,0,0,0,0,0,0,0,1,0,0,0,0,0,0,0,0,0,1
79.901742,0,0,0,0,0,1,1,0,0,1,0,1,0,1,0,1,0,0
79.913690,1,0,0,1,0,0,1,0,0,1,1,0,1,1,1,0,1,0
79.928650,0,0,0,0,1,0,0,0,0,0,0,0,0,0,0,0,0,0
79.938311,0,0,1,1,0,0,0,0,0,1,1,0,1,0,0,0,1,0
79.949446,0,0,0,0,0,1,0,0,0,0,0,0,0,1,1,0,0,0
79.952219,0,0,0,0,0,0,0,1,0,0,0,0,0,0,0,0,0,1
79.964468,0,1,1,0,0,0,0,0,0,1,1,0,1,0,0,1,0,0
79.982027,1,0,0,1,0,0,1,0,0,1,1,0,1,1,1,0,1,0
79.988510,0,0,0,0,1,0,0,0,0,0,0,0,0,0,0,0,0,0
79.999826,0,0,0,0,0,1,0,0,0,0,0,0,0,1,1,0,0,0
80.003144,0,0,0,0,0,0,0,1,0,0,0,0,0,0,0,0,0,1
80.010771,0,1,1,0,0,0,0,0,0,1,1,0,1,0,0,1,0,0
80.027992,1,0,0,0,0,0,0,0,1,0,0,0,1,0,0,0,0,0
80.030608,0,0,0,0,0,0,1,0,0,1,0,1,0,1,0,0,1,0
80.038930,0,0,0,0,1,0,0,0,0,0,0,0,0,0,0,0,0,0
80.046062,0,0,0,0,0,0,0,1,0,0,0,0,0,0,0,0,0,1
80.048078,0,0,0,0,0,1,0,0,0,0,0,0,0,1,1,0,0,0
80.051428,0,1,1,0,0,0,0,0,0,1,1,0,1,0,0,1,0,0
80.067879,1,0,0,0,0,0,0,0,1,0,0,0,1,0,0,0,0,0
80.083901,0,0,0,0,1,0,1,0,0,1,0,1,0,1,0,0,1,0
80.098248,0,0,0,0,0,0,0,1,0,0,0,0,0,0,0,0,0,1
80.099212,0,0,0,0,0,1,0,0,0,0,0,0,0,1,1,0,0,0
80.105903,0,1,1,0,0,0,0,0,0,1,1,0,1,0,0,1,0,0
80.122240,1,0,0,0,0,0,0,0,1,0,0,0,1,0,0,0,0,0
80.132630,0,0,0,0,0,0,1,0,0,1,0,1,0,1,0,0,1,0
80.137254,0,0,0,0,1,0,0,0,0,0,0,0,0,0,0,0,0,0
80.149576,0,0,0,0,0,1,0,0,0,0,0,0,0,1,1,0,0,0
80.153505,0,0,0,0,0,0,0,1,0,0,0,0,0,0,0,0,0,1
80.154614,0,1,1,0,0,0,0,0,0,1,1,0,1,0,0,1,0,0
80.168189,1,0,0,0,0,0,0,0,1,0,0,0,1,0,0,0,0,0
80.188924,0,0,0,0,1,0,1,0,0,1,0,1,0,1,0,0,1,0
80.201170,0,0,0,0,0,1,0,0,0,0,0,0,0,1,1,0,0,0
80.201402,0,0,0,0,0,0,0,1,0,0,0,0,0,0,0,0,0,1
80.210806,0,1,1,0,0,0,0,0,0,1,1,0,1,0,0,1,0,0
80.227560,1,0,0,1,0,0,1,0,0,1,1,0,1,1,1,0,1,0
80.233885,0,0,0,0,1,0,0,0,0,0,0,0,0,0,0,0,0,0
80.248298,0,0,0,0,0,0,0,1,0,0,0,0,0,0,0,0,0,1
80.250268,0,0,0,0,0,1,0,0,0,0,0,0,0,1,1,0,0,0
80.251587,0,1,1,0,0,0,0,0,0,1,1,0,1,0,0,1,0,0
80.266415,1,0,0,0,0,0,0,0,1,0,0,0,1,0,0,0,0,0
80.284576,0,0,0,0,1,0,0,0,0,0,0,0,0,0,0,0,0,0
80.298635,0,0,0,0,0,0,1,1,0,1,0,1,0,1,0,0,1,1
80.300835,0,0,0,0,0,1,0,0,0,0,0,0,0,1,1,0,0,0
80.322043,0,1,1,0,0,0,0,0,0,1,1,0,1,0,0,1,0,0
80.336196,0,0,0,0,1,0,0,0,0,0,0,0,0,0,0,0,0,0
80.339072,1,0,0,0,0,0,0,0,1,0,0,0,1,0,0,0,0,0
80.350058,0,0,0,0,0,1,1,0,0,1,0,1,0,1,0,1,0,0
80.351940,0,0,0,0,0,0,0,1,0,0,0,0,0,0,0,0,0,1
80.365655,1,0,0,1,0,0,0,0,0,1,1,0,1,0,0,0,1,0
80.385639,0,0,0,0,1,0,1,0,0,0,0,0,0,1,1,0,0,0
80.389675,0,0,1,1,0,0,0,0,0,1,1,0,1,0,0,0,1,0
80.397332,0,0,0,0,0,0,0,1,0,0,0,0,0,0,0,0,0,1
80.401399,0,0,0,0,0,1,0,0,0,0,0,0,0,1,1,0,0,0
80.410023,0,1,1,0,0,0,0,0,0,1,1,0,1,0,0,1,0,0
80.426804,1,0,0,0,0,0,0,0,1,0,0,0,1,0,0,0,0,0
80.436389,0,0,0,0,1,0,0,0,0,0,0,0,0,0,0,0,0,0
80.450047,0,0,0,0,0,0,0,1,0,0,0,0,0,0,0,0,0,1
80.450905,0,0,0,0,0,1,1,0,0,1,0,1,0,1,0,1,0,0
80.467133,1,0,0,1,0,0,0,0,0,1,1,0,1,0,0,0,1,0
80.487122,0,0,0,0,1,0,0,0,0,0,0,0,0,0,0,0,0,0
80.495330,0,0,1,0,0,0,0,0,1,0,0,0,1,0,0,0,0,0
80.497004,0,0,0,0,0,0,1,0,0,1,0,1,0,1,0,0,1,0
80.500229,0,0,0,0,0,0,0,1,0,0,0,0,0,0,0,0,0,1
80.500483,0,0,0,0,0,1,0,0,0,0,0,0,0,1,1,0,0,0
80.523406,0,1,1,0,0,0,0,0,0,1,1,0,1,0,0,1,0,0
80.535440,0,0,0,0,1,0,0,0,0,0,0,0,0,0,0,0,0,0
80.538531,1,0,0,1,0,0,1,0,0,1,1,0,1,1,1,0,1,0
80.551689,0,0,0,0,0,1,0,0,0,0,0,0,0,1,1,0,0,0
80.553567,0,0,0,0,0,0,0,1,0,0,0,0,0,0,0,0,0,1
80.560691,0,1,1,0,0,0,0,0,0,1,1,0,1,0,0,1,0,0
80.576442,1,0,0,0,0,0,0,0,1,0,0,0,1,0,0,0,0,0
80.589165,0,0,0,0,1,0,0,0,0,0,0,0,0,0,0,0,0,0
80.597332,0,0,0,0,0,0,1,0,0,1,0,1,0,1,0,0,1,0
80.598882,0,0,0,0,0,1,0,0,0,0,0,0,0,1,1,0,0,0
80.600192,0,0,0,0,0,0,0,1,0,0,0,0,0,0,0,0,0,1
80.619116,0,1,1,0,0,0,0,0,0,1,1,0,1,0,0,1,0,0
80.638466,1,0,0,0,0,0,0,0,1,0,0,0,1,0,0,0,0,0
80.638671,0,0,0,0,0,0,1,0,0,1,0,1,0,1,0,0,1,0
80.638876,0,0,0,0,1,0,0,0,0,0,0,0,0,0,0,0,0,0
80.646089,0,0,0,0,0,0,0,1,0,0,0,0,0,0,0,0,0,1
80.648837,0,0,0,0,0,1,0,0,0,0,0,0,0,1,1,0,0,0
80.662362,0,1,1,0,0,0,0,0,0,1,1,0,1,0,0,1,0,0
80.678246,1,0,0,1,0,0,1,0,0,1,1,0,1,1,1,0,1,0
80.683943,0,0,0,0,1,0,0,0,0,0,0,0,0,0,0,0,0,0
80.698486,0,0,0,0,0,1,0,0,0,0,0,0,0,1,1,0,0,0
80.701355,0,0,0,0,0,0,0,1,0,0,0,0,0,0,0,0,0,1
80.703281,0,1,1,0,0,0,0,0,0,1,1,0,1,0,0,1,0,0
80.719318,1,0,0,0,0,0,0,0,1,0,0,0,1,0,0,0,0,0
80.736569,0,0,0,0,1,0,1,0,0,1,0,1,0,1,0,0,1,0
80.748521,0,0,0,0,0,0,0,1,0,0,0,0,0,0,0,0,0,1
80.750509,0,0,0,0,0,1,0,0,0,0,0,0,0,1,1,0,0,0
80.761510,0,1,1,0,0,0,0,0,0,1,1,0,1,0,0,1,0,0
80.771772,1,0,0,1,0,0,1,0,0,1,1,0,1,1,1,0,1,0
80.780794,0,0,0,0,1,0,0,0,0,0,0,0,0,0,0,0,0,0
80.796241,0,0,1,0,0,0,0,0,1,0,0,0,1,0,0,0,0,0
80.800315,0,0,0,0,0,1,0,0,0,1,0,1,0,1,0,1,0,0
80.803741,0,0,0,0,0,0,0,1,0,0,0,0,0,0,0,0,0,1
80.813217,1,0,0,0,0,0,0,0,1,0,0,0,1,0,0,0,0,0
80.837239,0,0,0,0,0,0,1,0,0,1,0,1,0,1,0,0,1,0
80.841573,0,0,0,0,1,0,0,0,0,0,0,0,0,0,0,0,0,0
80.850222,0,0,0,0,0,1,0,0,0,0,0,0,0,1,1,0,0,0
80.852782,0,0,0,0,0,0,0,1,0,0,0,0,0,0,0,0,0,1
80.862357,0,1,1,0,0,0,0,0,0,1,1,0,1,0,0,1,0,0
80.876862,1,0,0,0,0,0,0,0,1,0,0,0,1,0,0,0,0,0
80.882544,0,0,0,0,0,0,1,0,0,1,0,1,0,1,0,0,1,0
80.889603,0,0,0,0,1,0,0,0,0,0,0,0,0,0,0,0,0,0
80.899793,0,0,0,0,0,1,0,0,0,0,0,0,0,1,1,0,0,0
80.900730,0,0,0,0,0,0,0,1,0,0,0,0,0,0,0,0,0,1
80.904490,0,1,1,0,0,0,0,0,0,1,1,0,1,0,0,1,0,0
80.917961,1,0,0,1,0,0,1,0,0,1,1,0,1,1,1,0,1,0
80.934959,0,0,0,0,1,0,0,0,0,0,0,0,0,0,0,0,0,0
80.941773,0,0,1,0,0,0,0,0,1,0,0,0,1,0,0,0,0,0
80.949436,0,0,0,0,0,1,0,0,0,1,0,1,0,1,0,1,0,0
80.953279,0,0,0,0,0,0,0,1,0,0,0,0,0,0,0,0,0,1
80.966789,1,0,0,1,0,0,1,0,0,1,1,0,1,1,1,0,1,0
80.987909,0,0,0,0,1,0,0,0,0,0,0,0,0,0,0,0,0,0
80.990835,0,0,1,0,0,0,0,0,1,0,0,0,1,0,0,0,0,0
80.997754,0,0,0,0,0,0,0,1,0,0,0,0,0,0,0,0,0,1
80.999787,0,0,0,0,0,1,0,0,0,1,0,1,0,1,0,1,0,0
81.013050,1,0,0,0,0,0,0,0,1,0,0,0,1,0,0,0,0,0
81.030687,0,0,0,0,1,0,0,0,0,0,0,0,0,0,0,0,0,0
81.048675,0,0,0,0,0,1,1,0,0,1,0,1,0,1,0,1,0,0
81.050991,0,0,0,0,0,0,0,1,0,0,0,0,0,0,0,0,0,1
81.065550,1,0,0,1,0,0,0,0,0,1,1,0,1,0,0,0,1,0
81.085121,0,0,0,0,1,0,1,0,0,0,0,0,0,1,1,0,0,0
81.092020,0,0,1,1,0,0,0,0,0,1,1,0,1,0,0,0,1,0
81.097060,0,0,0,0,0,0,0,1,0,0,0,0,0,0,0,0,0,1
81.099481,0,0,0,0,0,1,0,0,0,0,0,0,0,1,1,0,0,0
81.113135,0,1,1,0,0,0,0,0,0,1,1,0,1,0,0,1,0,0
81.131628,1,0,0,0,0,0,0,0,1,0,0,0,1,0,0,0,0,0
81.132101,0,0,0,0,0,0,1,0,0,1,0,1,0,1,0,0,1,0
81.133033,0,0,0,0,1,0,0,0,0,0,0,0,0,0,0,0,0,0
81.148311,0,0,0,0,0,0,0,1,0,0,0,0,0,0,0,0,0,1
81.151559,0,0,0,0,0,1,0,0,0,0,0,0,0,1,1,0,0,0
81.152961,0,1,1,0,0,0,0,0,0,1,1,0,1,0,0,1,0,0
81.166203,1,0,0,1,0,0,1,0,0,1,1,0,1,1,1,0,1,0
81.184322,0,0,0,0,1,0,0,0,0,0,0,0,0,0,0,0,0,0
81.189035,0,0,1,0,0,0,0,0,1,0,0,0,1,0,0,0,0,0
81.196496,0,0,0,0,0,0,0,1,0,0,0,0,0,0,0,0,0,1
81.199507,0,0,0,0,0,1,0,0,0,1,0,1,0,1,0,1,0,0
81.217985,1,0,0,0,0,0,0,0,1,0,0,0,1,0,0,0,0,0
81.223377,0,0,0,0,0,0,1,0,0,1,0,1,0,1,0,0,1,0
81.232671,0,0,0,0,1,0,0,0,0,0,0,0,0,0,0,0,0,0
81.247020,0,0,1,0,0,0,0,0,1,0,0,0,1,0,0,0,0,0
81.248417,0,0,0,0,0,1,0,0,0,1,0,1,0,1,0,1,0,0
81.248648,0,0,0,0,0,0,0,1,0,0,0,0,0,0,0,0,0,1
81.259062,1,0,0,1,0,0,1,0,0,1,1,0,1,1,1,0,1,0
81.279588,0,0,1,0,0,0,0,0,1,0,0,0,1,0,0,0,0,0
81.285533,0,0,0,0,1,0,0,0,0,0,0,0,0,0,0,0,0,0
81.299720,0,0,0,0,0,1,0,0,0,1,0,1,0,1,0,1,0,0
81.302782,0,0,0,0,0,0,0,1,0,0,0,0,0,0,0,0,0,1
81.314733,1,0,0,0,0,0,0,0,1,0,0,0,1,0,0,0,0,0
81.337652,0,0,0,0,1,0,0,0,0,0,0,0,0,0,0,0,0,0
81.349678,0,0,0,0,0,1,0,0,0,1,0,1,0,1,0,1,0,0
81.351050,0,0,0,0,0,0,0,1,0,0,0,0,0,0,0,0,0,1
81.363752,1,0,0,0,0,0,0,0,1,0,0,0,1,0,0,0,0,0
81.390832,0,0,0,0,1,0,0,0,0,0,0,0,0,0,0,0,0,0
81.394929,0,0,0,0,0,0,1,0,0,1,0,1,0,1,0,0,1,0
81.399026,0,0,0,0,0,1,1,0,0,0,0,0,0,1,1,0,0,0
81.401155,0,0,0,0,0,0,0,1,0,0,0,0,0,0,0,0,0,1
81.415998,0,1,1,1,0,0,0,0,0,1,1,0,1,0,0,1,0,0
81.428089,1,0,0,1,0,0,0,0,0,1,1,0,1,0,0,0,1,0
81.433910,0,0,0,0,0,0,1,0,0,0,0,0,0,1,1,0,0,0
81.436498,0,0,0,0,1,0,0,0,0,0,0,0,0,0,0,0,0,0
81.448827,0,0,1,1,0,0,0,0,0,1,1,0,1,0,0,0,1,0
81.448920,0,0,0,0,0,0,0,1,0,0,0,0,0,0,0,0,0,1
81.451972,0,0,0,0,0,1,0,0,0,0,0,0,0,1,1,0,0,0
81.474230,0,1,1,0,0,0,0,0,0,1,1,0,1,0,0,1,0,0
81.484940,0,0,0,0,1,0,0,0,0,0,0,0,0,0,0,0,0,0
81.492383,1,0,0,1,0,0,1,0,0,1,1,0,1,1,1,0,1,0
81.500007,0,0,0,0,0,0,0,1,0,0,0,0,0,0,0,0,0,1
81.500231,0,0,0,0,0,1,0,0,0,0,0,0,0,1,1,0,0,0
81.514216,0,1,1,0,0,0,0,0,0,1,1,0,1,0,0,1,0,0
81.529696,1,0,0,0,0,0,0,0,1,0,0,0,1,0,0,0,0,0
81.532752,0,0,0,0,1,0,0,0,0,0,0,0,0,0,0,0,0,0
81.549611,0,0,0,0,0,0,0,1,0,0,0,0,0,0,0,0,0,1
81.549638,0,0,0,0,0,1,0,0,0,1,0,1,0,1,0,1,0,0
81.565684,1,0,0,0,0,0,0,0,1,0,0,0,1,0,0,0,0,0
81.585939,0,0,0,0,1,0,1,0,0,1,0,1,0,1,0,0,1,0
81.590963,0,0,0,0,0,0,1,0,0,0,0,0,0,1,1,0,0,0
81.597838,0,0,0,0,0,0,0,1,0,0,0,0,0,0,0,0,0,1
81.600468,0,0,0,0,0,1,0,0,0,0,0,0,0,1,1,0,0,0
81.611961,0,0,1,1,0,0,0,0,0,1,1,0,1,0,0,1,0,0
81.624655,1,0,0,1,0,0,1,0,0,1,1,0,1,1,1,0,1,0
81.633282,0,0,0,0,1,0,0,0,0,0,0,0,0,0,0,0,0,0
81.649516,0,0,0,0,0,1,0,0,0,0,0,0,0,1,1,0,0,0
81.649756,0,0,0,0,0,0,0,1,0,0,0,0,0,0,0,0,0,1
81.652890,0,0,1,1,0,0,0,0,0,1,1,0,1,0,0,1,0,0
81.664023,1,0,0,1,0,0,0,0,0,1,1,0,1,0,0,0,1,0
81.669591,0,0,0,0,0,0,1,0,0,0,0,0,0,1,1,0,0,0
81.686822,0,0,0,0,1,0,0,0,0,0,0,0,0,0,0,0,0,0
81.687034,0,0,1,1,0,0,0,0,0,1,1,0,1,0,0,0,1,0
81.700939,0,0,0,0,0,0,0,1,0,0,0,0,0,0,0,0,0,1
81.701353,0,0,0,0,0,1,0,0,0,0,0,0,0,1,1,0,0,0
81.713476,0,1,1,0,0,0,0,0,0,1,1,0,1,0,0,1,0,0
81.726283,1,0,0,1,0,0,1,0,0,1,1,0,1,1,1,0,1,0
81.737376,0,0,0,0,1,0,0,0,0,0,0,0,0,0,0,0,0,0
81.746999,0,0,0,0,0,0,0,1,0,0,0,0,0,0,0,0,0,1
81.749722,0,0,1,0,0,0,0,0,1,0,0,0,1,0,0,0,0,0
81.750383,0,0,0,0,0,1,0,0,0,1,0,1,0,1,0,1,0,0
81.764359,1,0,0,1,0,0,1,0,0,1,1,0,1,1,1,0,1,0
81.782926,0,0,0,0,1,0,0,0,0,0,0,0,0,0,0,0,0,0
81.787290,0,0,1,0,0,0,0,0,1,0,0,0,1,0,0,0,0,0
81.798740,0,0,0,0,0,0,0,1,0,0,0,0,0,0,0,0,0,1
81.798870,0,0,0,0,0,1,0,0,0,1,0,1,0,1,0,1,0,0
81.816778,1,0,0,1,0,0,1,0,0,1,1,0,1,1,1,0,1,0
81.833277,0,0,0,0,1,0,0,0,0,0,0,0,0,0,0,0,0,0
81.845332,0,0,1,0,0,0,0,0,1,0,0,0,1,0,0,0,0,0
81.848084,0,0,0,0,0,0,0,1,0,0,0,0,0,0,0,0,0,1
81.851682,0,0,0,0,0,1,0,0,0,1,0,1,0,1,0,1,0,0
81.871185,1,0,0,1,0,0,1,0,0,1,1,0,1,1,1,0,1,0
81.886401,0,0,0,0,1,0,0,0,0,0,0,0,0,0,0,0,0,0
81.898071,0,0,1,0,0,0,0,0,1,0,0,0,1,0,0,0,0,0
81.900237,0,0,0,0,0,1,0,0,0,1,0,1,0,1,0,1,0,0
81.902092,0,0,0,0,0,0,0,1,0,0,0,0,0,0,0,0,0,1
81.912930,1,0,0,0,0,0,0,0,1,0,0,0,1,0,0,0,0,0
81.941095,0,0,0,0,1,0,0,0,0,0,0,0,0,0,0,0,0,0
81.947763,0,0,0,0,0,0,1,0,0,1,0,1,0,1,0,0,1,0
81.949380,0,0,0,0,0,1,0,0,0,0,0,0,0,1,1,0,0,0
81.953857,0,0,0,0,0,0,0,1,0,0,0,0,0,0,0,0,0,1
81.971380,0,1,1,0,0,0,0,0,0,1,1,0,1,0,0,1,0,0
81.983886,1,0,0,1,0,0,1,0,0,1,1,0,1,1,1,0,1,0
81.989944,0,0,0,0,1,0,0,0,0,0,0,0,0,0,0,0,0,0
81.999917,0,0,0,0,0,1,0,0,0,0,0,0,0,1,1,0,0,0
82.001304,0,0,0,0,0,0,0,1,0,0,0,0,0,0,0,0,0,1
82.006131,0,1,1,0,0,0,0,0,0,1,1,0,1,0,0,1,0,0
82.016459,1,0,0,0,0,0,0,0,1,0,0,0,1,0,0,0,0,0
82.035691,0,0,0,0,1,0,0,0,0,0,0,0,0,0,0,0,0,0
82.049343,0,0,0,0,0,1,0,0,0,1,0,1,0,1,0,1,0,0
82.053641,0,0,0,0,0,0,0,1,0,0,0,0,0,0,0,0,0,1
82.061002,1,0,0,1,0,0,1,0,0,1,1,0,1,1,1,0,1,0
82.087714,0,0,1,0,0,0,0,0,1,0,0,0,1,0,0,0,0,0
82.090415,0,0,0,0,1,0,0,0,0,0,0,0,0,0,0,0,0,0
82.093549,0,0,0,0,0,0,1,0,0,1,0,1,0,1,0,0,1,0
82.098150,0,0,0,0,0,1,0,0,0,0,0,0,0,1,1,0,0,0
82.098291,0,0,0,0,0,0,0,1,0,0,0,0,0,0,0,0,0,1
82.121562,0,1,1,0,0,0,0,0,0,1,1,0,1,0,0,1,0,0
82.132011,1,0,0,0,0,0,0,0,1,0,0,0,1,0,0,0,0,0
82.133346,0,0,0,0,0,0,1,0,0,1,0,1,0,1,0,0,1,0
82.135873,0,0,0,0,1,0,0,0,0,0,0,0,0,0,0,0,0,0
82.149145,0,0,0,0,0,1,0,0,0,0,0,0,0,1,1,0,0,0
82.151919,0,0,0,0,0,0,0,1,0,0,0,0,0,0,0,0,0,1
82.163102,0,1,1,0,0,0,0,0,0,1,1,0,1,0,0,1,0,0
82.175381,1,0,0,1,0,0,1,0,0,1,1,0,1,1,1,0,1,0
82.185690,0,0,0,0,1,0,0,0,0,0,0,0,0,0,0,0,0,0
82.197222,0,0,0,0,0,0,0,1,0,0,0,0,0,0,0,0,0,1
82.197444,0,0,1,0,0,0,0,0,1,0,0,0,1,0,0,0,0,0
82.200240,0,0,0,0,0,1,0,0,0,1,0,1,0,1,0,1,0,0
82.216694,1,0,0,1,0,0,1,0,0,1,1,0,1,1,1,0,1,0
82.229646,0,0,0,0,1,0,0,0,0,0,0,0,0,0,0,0,0,0
82.246483,0,0,1,0,0,0,0,0,1,0,0,0,1,0,0,0,0,0
82.248213,0,0,0,0,0,0,0,1,0,0,0,0,0,0,0,0,0,1
82.249822,0,0,0,0,0,1,0,0,0,1,0,1,0,1,0,1,0,0
82.266606,1,0,0,1,0,0,1,0,0,1,1,0,1,1,1,0,1,0
82.286803,0,0,0,0,1,0,0,0,0,0,0,0,0,0,0,0,0,0
82.294178,0,0,1,0,0,0,0,0,1,0,0,0,1,0,0,0,0,0
82.300393,0,0,0,0,0,1,0,0,0,1,0,1,0,1,0,1,0,0
82.301429,0,0,0,0,0,0,0,1,0,0,0,0,0,0,0,0,0,1
82.314780,1,0,0,0,0,0,0,0,1,0,0,0,1,0,0,0,0,0
82.333513,0,0,0,0,1,0,0,0,0,0,0,0,0,0,0,0,0,0
82.346996,0,0,0,0,0,0,0,1,0,0,0,0,0,0,0,0,0,1
82.349582,0,0,0,0,0,1,1,0,0,1,0,1,0,1,0,0,1,0
82.374800,0,1,1,0,0,0,0,0,0,1,1,0,1,0,0,1,0,0
82.386556,0,0,0,0,1,0,0,0,0,0,0,0,0,0,0,0,0,0
82.392238,1,0,0,0,0,0,0,0,1,0,0,0,1,0,0,0,0,0
82.396229,0,0,0,0,0,0,1,0,0,1,0,1,0,1,0,0,1,0
82.397744,0,0,0,0,0,0,0,1,0,0,0,0,0,0,0,0,0,1
82.400029,0,0,0,0,0,1,0,0,0,0,0,0,0,1,1,0,0,0
82.421333,0,1,1,0,0,0,0,0,0,1,1,0,1,0,0,1,0,0
82.431650,0,0,0,0,1,0,0,0,0,0,0,0,0,0,0,0,0,0
82.437535,1,0,0,1,0,0,1,0,0,1,1,0,1,1,1,0,1,0
82.449354,0,0,0,0,0,0,0,1,0,0,0,0,0,0,0,0,0,1
82.449897,0,0,0,0,0,1,0,0,0,0,0,0,0,1,1,0,0,0
82.464708,0,1,1,0,0,0,0,0,0,1,1,0,1,0,0,1,0,0
82.477895,1,0,0,1,0,0,1,0,0,1,1,0,1,1,1,0,1,0
82.488576,0,0,0,0,1,0,0,0,0,0,0,0,0,0,0,0,0,0
82.496960,0,0,0,0,0,0,0,1,0,0,0,0,0,0,0,0,0,1
82.500215,0,0,0,0,0,1,0,0,0,0,0,0,0,1,1,0,0,0
82.502959,0,1,1,0,0,0,0,0,0,1,1,0,1,0,0,1,0,0
82.518913,1,0,0,0,0,0,0,0,1,0,0,0,1,0,0,0,0,0
82.530832,0,0,0,0,1,0,1,0,0,1,0,1,0,1,0,0,1,0
82.547890,0,0,0,0,0,0,0,1,0,0,0,0,0,0,0,0,0,1
82.549877,0,0,0,0,0,1,0,0,0,0,0,0,0,1,1,0,0,0
82.555383,0,1,1,0,0,0,0,0,0,1,1,0,1,0,0,1,0,0
82.569100,1,0,0,0,0,0,0,0,1,0,0,0,1,0,0,0,0,0
82.584223,0,0,0,0,1,0,0,0,0,0,0,0,0,0,0,0,0,0
82.599022,0,0,0,0,0,1,0,0,0,1,0,1,0,1,0,1,0,0
82.602839,0,0,0,0,0,0,1,1,0,0,0,0,0,1,1,0,0,1
82.616381,1,0,0,1,0,0,1,0,0,1,1,0,1,1,1,0,1,0
82.641851,0,0,1,1,0,0,0,0,0,1,1,0,1,0,0,0,1,0
82.642174,0,0,0,0,1,0,0,0,0,0,0,0,0,0,0,0,0,0
82.650693,0,0,0,0,0,0,0,1,0,0,0,0,0,0,0,0,0,1
82.651680,0,0,0,0,0,1,0,0,0,0,0,0,0,1,1,0,0,0
82.664027,0,1,1,0,0,0,0,0,0,1,1,0,1,0,0,1,0,0
82.680590,1,0,0,0,0,0,0,0,1,0,0,0,1,0,0,0,0,0
82.681757,0,0,0,0,0,0,1,0,0,1,0,1,0,1,0,0,1,0
82.687070,0,0,0,0,1,0,0,0,0,0,0,0,0,0,0,0,0,0
82.699127,0,0,0,0,0,1,0,0,0,0,0,0,0,1,1,0,0,0
82.701289,0,0,0,0,0,0,0,1,0,0,0,0,0,0,0,0,0,1
82.711414,0,1,1,0,0,0,0,0,0,1,1,0,1,0,0,1,0,0
82.728153,1,0,0,0,0,0,0,0,1,0,0,0,1,0,0,0,0,0
82.735523,0,0,0,0,0,0,1,0,0,1,0,1,0,1,0,0,1,0
82.736948,0,0,0,0,1,0,0,0,0,0,0,0,0,0,0,0,0,0
82.749991,0,0,0,0,0,1,0,0,0,0,0,0,0,1,1,0,0,0
82.753840,0,0,0,0,0,0,0,1,0,0,0,0,0,0,0,0,0,1
82.756417,0,1,1,0,0,0,0,0,0,1,1,0,1,0,0,1,0,0
82.772374,1,0,0,0,0,0,0,0,1,0,0,0,1,0,0,0,0,0
82.791075,0,0,0,0,1,0,0,0,0,0,0,0,0,0,0,0,0,0
82.799336,0,0,0,0,0,1,1,0,0,1,0,1,0,1,0,0,1,0
82.799655,0,0,0,0,0,0,0,1,0,0,0,0,0,0,0,0,0,1
82.820505,0,1,1,0,0,0,0,0,0,1,1,0,1,0,0,1,0,0
82.832183,0,0,0,0,1,0,0,0,0,0,0,0,0,0,0,0,0,0
82.832793,1,0,0,0,0,0,0,0,1,0,0,0,1,0,0,0,0,0
82.840989,0,0,0,0,0,0,1,0,0,1,0,1,0,1,0,0,1,0
82.851375,0,0,0,0,0,1,0,0,0,0,0,0,0,1,1,0,0,0
82.852296,0,0,0,0,0,0,0,1,0,0,0,0,0,0,0,0,0,1
82.868725,0,1,1,0,0,0,0,0,0,1,1,0,1,0,0,1,0,0
82.885535,1,0,0,0,0,0,0,0,1,0,0,0,1,0,0,0,0,0
82.887745,0,0,0,0,1,0,1,0,0,1,0,1,0,1,0,0,1,0
82.896153,0,0,0,0,0,0,0,1,0,0,0,0,0,0,0,0,0,1
82.899299,0,0,0,0,0,1,0,0,0,0,0,0,0,1,1,0,0,0
82.910021,0,1,1,0,0,0,0,0,0,1,1,0,1,0,0,1,0,0
82.923490,1,0,0,1,0,0,1,0,0,1,1,0,1,1,1,0,1,0
82.930488,0,0,0,0,1,0,0,0,0,0,0,0,0,0,0,0,0,0
82.947625,0,0,1,0,0,0,0,0,1,0,0,0,1,0,0,0,0,0
82.949304,0,0,0,0,0,1,0,0,0,1,0,1,0,1,0,1,0,0
82.953313,0,0,0,0,0,0,0,1,0,0,0,0,0,0,0,0,0,1
82.962922,1,0,0,0,0,0,0,0,1,0,0,0,1,0,0,0,0,0
82.988857,0,0,0,0,1,0,0,0,0,0,0,0,0,0,0,0,0,0
82.998511,0,0,0,0,0,0,1,1,0,1,0,1,0,1,0,0,1,1
82.999377,0,0,0,0,0,1,0,0,0,0,0,0,0,1,1,0,0,0
83.026964,0,1,1,0,0,0,0,0,0,1,1,0,1,0,0,1,0,0
83.033828,0,0,0,0,1,0,0,0,0,0,0,0,0,0,0,0,0,0
83.042198,1,0,0,1,0,0,1,0,0,1,1,0,1,1,1,0,1,0
83.047271,0,0,0,0,0,0,0,1,0,0,0,0,0,0,0,0,0,1
83.051545,0,0,0,0,0,1,0,0,0,0,0,0,0,1,1,0,0,0
83.070505,0,1,1,0,0,0,0,0,0,1,1,0,1,0,0,1,0,0
83.084031,0,0,0,0,1,0,0,0,0,0,0,0,0,0,0,0,0,0
83.084872,1,0,0,1,0,0,1,0,0,1,1,0,1,1,1,0,1,0
83.098472,0,0,0,0,0,1,0,0,0,0,0,0,0,1,1,0,0,0
83.102995,0,0,0,0,0,0,0,1,0,0,0,0,0,0,0,0,0,1
83.111653,0,1,1,0,0,0,0,0,0,1,1,0,1,0,0,1,0,0
83.123231,1,0,0,0,0,0,0,0,1,0,0,0,1,0,0,0,0,0
83.140243,0,0,0,0,1,0,0,0,0,0,0,0,0,0,0,0,0,0
83.143218,0,0,0,0,0,0,1,0,0,1,0,1,0,1,0,0,1,0
83.148595,0,0,0,0,0,0,0,1,0,0,0,0,0,0,0,0,0,1
83.150205,0,0,0,0,0,1,0,0,0,0,0,0,0,1,1,0,0,0
83.167645,0,1,1,0,0,0,0,0,0,1,1,0,1,0,0,1,0,0
83.182557,1,0,0,1,0,0,1,0,0,1,1,0,1,1,1,0,1,0
83.188582,0,0,0,0,1,0,0,0,0,0,0,0,0,0,0,0,0,0
83.198271,0,0,0,0,0,0,0,1,0,0,0,0,0,0,0,0,0,1
83.199321,0,0,0,0,0,1,0,0,0,0,0,0,0,1,1,0,0,0
83.211591,0,1,1,0,0,0,0,0,0,1,1,0,1,0,0,1,0,0
83.226689,1,0,0,1,0,0,1,0,0,1,1,0,1,1,1,0,1,0
83.234708,0,0,0,0,1,0,0,0,0,0,0,0,0,0,0,0,0,0
83.250293,0,0,0,0,0,1,0,0,0,0,0,0,0,1,1,0,0,0
83.252208,0,0,0,0,0,0,0,1,0,0,0,0,0,0,0,0,0,1
83.253861,0,1,1,0,0,0,0,0,0,1,1,0,1,0,0,1,0,0
83.269159,1,0,0,1,0,0,1,0,0,1,1,0,1,1,1,0,1,0
83.287061,0,0,0,0,1,0,0,0,0,0,0,0,0,0,0,0,0,0
83.289433,0,0,1,0,0,0,0,0,1,0,0,0,1,0,0,0,0,0
83.297387,0,0,0,0,0,0,0,1,0,0,0,0,0,0,0,0,0,1
83.299753,0,0,0,0,0,1,0,0,0,1,0,1,0,1,0,1,0,0
83.313092,1,0,0,1,0,0,1,0,0,1,1,0,1,1,1,0,1,0
83.333218,0,0,0,0,1,0,0,0,0,0,0,0,0,0,0,0,0,0
83.340701,0,0,1,0,0,0,0,0,1,0,0,0,1,0,0,0,0,0
83.348600,0,0,0,0,0,1,0,0,0,1,0,1,0,1,0,1,0,0
83.350560,0,0,0,0,0,0,0,1,0,0,0,0,0,0,0,0,0,1
83.362919,1,0,0,0,0,0,0,0,1,0,0,0,1,0,0,0,0,0
83.386455,0,0,0,0,1,0,0,0,0,0,0,0,0,0,0,0,0,0
83.397788,0,0,0,0,0,0,1,0,0,1,0,1,0,1,0,0,1,0
83.400206,0,0,0,0,0,1,0,0,0,0,0,0,0,1,1,0,0,0
83.400241,0,0,0,0,0,0,0,1,0,0,0,0,0,0,0,0,0,1
83.422768,0,1,1,0,0,0,0,0,0,1,1,0,1,0,0,1,0,0
83.433540,0,0,0,0,1,0,0,0,0,0,0,0,0,0,0,0,0,0
83.440587,1,0,0,0,0,0,0,0,1,0,0,0,1,0,0,0,0,0
83.443193,0,0,0,0,0,0,1,0,0,1,0,1,0,1,0,0,1,0
83.447878,0,0,0,0,0,0,0,1,0,0,0,0,0,0,0,0,0,1
83.449513,0,0,0,0,0,1,0,0,0,0,0,0,0,1,1,0,0,0
83.465719,0,1,1,0,0,0,0,0,0,1,1,0,1,0,0,1,0,0
83.478719,1,0,0,1,0,0,1,0,0,1,1,0,1,1,1,0,1,0
83.484748,0,0,0,0,1,0,0,0,0,0,0,0,0,0,0,0,0,0
83.498229,0,0,0,0,0,1,0,0,0,0,0,0,0,1,1,0,0,0
83.503798,0,0,0,0,0,0,0,1,0,0,0,0,0,0,0,0,0,1
83.505099,0,1,1,0,0,0,0,0,0,1,1,0,1,0,0,1,0,0
83.519123,1,0,0,0,0,0,0,0,1,0,0,0,1,0,0,0,0,0
83.541763,0,0,0,0,1,0,1,0,0,1,0,1,0,1,0,0,1,0
83.547484,0,0,0,0,0,0,0,1,0,0,0,0,0,0,0,0,0,1
83.548901,0,0,0,0,0,1,0,0,0,0,0,0,0,1,1,0,0,0
83.563683,0,1,1,0,0,0,0,0,0,1,1,0,1,0,0,1,0,0
83.574647,1,0,0,0,0,0,0,0,1,0,0,0,1,0,0,0,0,0
83.579820,0,0,0,0,0,0,1,0,0,1,0,1,0,1,0,0,1,0
83.583653,0,0,0,0,1,0,0,0,0,0,0,0,0,0,0,0,0,0
83.600739,0,0,0,0,0,1,0,0,0,0,0,0,0,1,1,0,0,0
83.602614,0,0,0,0,0,0,0,1,0,0,0,0,0,0,0,0,0,1
83.604060,0,1,1,0,0,0,0,0,0,1,1,0,1,0,0,1,0,0
83.618049,1,0,0,0,0,0,0,0,1,0,0,0,1,0,0,0,0,0
83.635656,0,0,0,0,1,0,1,0,0,1,0,1,0,1,0,0,1,0
83.647971,0,0,0,0,0,0,0,1,0,0,0,0,0,0,0,0,0,1
83.648405,0,0,0,0,0,1,0,0,0,0,0,0,0,1,1,0,0,0
83.664495,0,1,1,0,0,0,0,0,0,1,1,0,1,0,0,1,0,0
83.679884,1,0,0,1,0,0,1,0,0,1,1,0,1,1,1,0,1,0
83.682029,0,0,0,0,1,0,0,0,0,0,0,0,0,0,0,0,0,0
83.699370,0,0,0,0,0,1,0,0,0,0,0,0,0,1,1,0,0,0
83.701006,0,0,0,0,0,0,0,1,0,0,0,0,0,0,0,0,0,1
83.707074,0,1,1,0,0,0,0,0,0,1,1,0,1,0,0,1,0,0
83.723453,1,0,0,1,0,0,1,0,0,1,1,0,1,1,1,0,1,0
83.735077,0,0,0,0,1,0,0,0,0,0,0,0,0,0,0,0,0,0
83.749693,0,0,0,0,0,1,0,0,0,0,0,0,0,1,1,0,0,0
83.752320,0,1,1,0,0,0,0,0,0,1,1,0,1,0,0,1,0,0
83.753890,0,0,0,0,0,0,0,1,0,0,0,0,0,0,0,0,0,1
83.767231,1,0,0,0,0,0,0,0,1,0,0,0,1,0,0,0,0,0
83.792978,0,0,0,0,1,0,1,0,0,1,0,1,0,1,0,0,1,0
83.799367,0,0,0,0,0,1,0,0,0,0,0,0,0,1,1,0,0,0
83.803984,0,0,0,0,0,0,0,1,0,0,0,0,0,0,0,0,0,1
83.818134,0,1,1,0,0,0,0,0,0,1,1,0,1,0,0,1,0,0
83.829465,1,0,0,1,0,0,1,0,0,1,1,0,1,1,1,0,1,0
83.839243,0,0,0,0,1,0,0,0,0,0,0,0,0,0,0,0,0,0
83.846842,0,0,0,0,0,0,0,1,0,0,0,0,0,0,0,0,0,1
83.849509,0,0,0,0,0,1,0,0,0,0,0,0,0,1,1,0,0,0
83.853969,0,1,1,0,0,0,0,0,0,1,1,0,1,0,0,1,0,0
83.867272,1,0,0,0,0,0,0,0,1,0,0,0,1,0,0,0,0,0
83.868272,0,0,0,0,0,0,1,0,0,1,0,1,0,1,0,0,1,0
83.881424,0,0,0,0,1,0,0,0,0,0,0,0,0,0,0,0,0,0
83.892007,0,0,1,0,0,0,0,0,1,0,0,0,1,0,0,0,0,0
83.898639,0,0,0,0,0,0,0,1,0,0,0,0,0,0,0,0,0,1
83.901004,0,0,0,0,0,1,0,0,0,1,0,1,0,1,0,1,0,0
83.914619,1,0,0,0,0,0,0,0,1,0,0,0,1,0,0,0,0,0
83.933903,0,0,0,0,1,0,1,0,0,1,0,1,0,1,0,0,1,0
83.948341,0,0,0,0,0,1,0,0,0,0,0,0,0,1,1,0,0,0
83.950010,0,0,0,0,0,0,0,1,0,0,0,0,0,0,0,0,0,1
83.957297,0,1,1,0,0,0,0,0,0,1,1,0,1,0,0,1,0,0
83.972353,1,0,0,1,0,0,1,0,0,1,1,0,1,1,1,0,1,0
83.985446,0,0,0,0,1,0,0,0,0,0,0,0,0,0,0,0,0,0
83.997121,0,0,1,0,0,0,0,0,1,0,0,0,1,0,0,0,0,0
84.000346,0,0,0,0,0,1,0,0,0,1,0,1,0,1,0,1,0,0
84.001146,0,0,0,0,0,0,0,1,0,0,0,0,0,0,0,0,0,1
84.013415,1,0,0,1,0,0,1,0,0,1,1,0,1,1,1,0,1,0
84.038517,0,0,0,0,1,0,0,0,0,0,0,0,0,0,0,0,0,0
84.039797,0,0,1,0,0,0,0,0,1,0,0,0,1,0,0,0,0,0
84.046238,0,0,0,0,0,0,0,1,0,0,0,0,0,0,0,0,0,1
84.051319,0,0,0,0,0,1,0,0,0,1,0,1,0,1,0,1,0,0
84.065173,1,0,0,0,0,0,0,0,1,0,0,0,1,0,0,0,0,0
84.082296,0,0,0,0,1,0,0,0,0,0,0,0,0,0,0,0,0,0
84.095882,0,0,0,0,0,0,1,0,0,1,0,1,0,1,0,0,1,0
84.099374,0,0,0,0,0,1,0,0,0,0,0,0,0,1,1,0,0,0
84.099868,0,0,0,0,0,0,0,1,0,0,0,0,0,0,0,0,0,1
84.116821,0,1,1,0,0,0,0,0,0,1,1,0,1,0,0,1,0,0
84.132557,0,0,0,0,1,0,0,0,0,0,0,0,0,0,0,0,0,0
84.136811,1,0,0,0,0,0,0,0,1,0,0,0,1,0,0,0,0,0
84.146113,0,0,0,0,0,0,1,0,0,1,0,1,0,1,0,0,1,0
84.148503,0,0,0,0,0,0,0,1,0,0,0,0,0,0,0,0,0,1
84.151054,0,0,0,0,0,1,0,0,0,0,0,0,0,1,1,0,0,0
84.173105,0,1,1,0,0,0,0,0,0,1,1,0,1,0,0,1,0,0
84.186445,1,0,0,0,0,0,0,0,1,0,0,0,1,0,0,0,0,0
84.187938,0,0,0,0,1,0,1,0,0,1,0,1,0,1,0,0,1,0
84.200843,0,0,0,0,0,1,0,0,0,0,0,0,0,1,1,0,0,0
84.201343,0,0,0,0,0,0,0,1,0,0,0,0,0,0,0,0,0,1
84.217128,0,1,1,0,0,0,0,0,0,1,1,0,1,0,0,1,0,0
84.231589,1,0,0,1,0,0,1,0,0,1,1,0,1,1,1,0,1,0
84.236058,0,0,0,0,1,0,0,0,0,0,0,0,0,0,0,0,0,0
84.249439,0,0,0,0,0,1,0,0,0,0,0,0,0,1,1,0,0,0
84.251030,0,0,0,0,0,0,0,1,0,0,0,0,0,0,0,0,0,1
84.256433,0,1,1,0,0,0,0,0,0,1,1,0,1,0,0,1,0,0
84.272288,1,0,0,1,0,0,1,0,0,1,1,0,1,1,1,0,1,0
84.286238,0,0,0,0,1,0,0,0,0,0,0,0,0,0,0,0,0,0
84.295331,0,0,1,0,0,0,0,0,1,0,0,0,1,0,0,0,0,0
84.299240,0,0,0,0,0,0,0,1,0,0,0,0,0,0,0,0,0,1
84.299962,0,0,0,0,0,1,0,0,0,1,0,1,0,1,0,1,0,0
84.317794,1,0,0,0,0,0,0,0,1,0,0,0,1,0,0,0,0,0
84.332895,0,0,0,0,0,0,1,0,0,1,0,1,0,1,0,0,1,0
84.334057,0,0,0,0,1,0,0,0,0,0,0,0,0,0,0,0,0,0
84.349293,0,0,0,0,0,1,0,0,0,0,0,0,0,1,1,0,0,0
84.352004,0,0,0,0,0,0,0,1,0,0,0,0,0,0,0,0,0,1
84.357368,0,1,1,0,0,0,0,0,0,1,1,0,1,0,0,1,0,0
84.375719,1,0,0,0,0,0,0,0,1,0,0,0,1,0,0,0,0,0
84.385246,0,0,0,0,0,0,1,0,0,1,0,1,0,1,0,0,1,0
84.391493,0,0,0,0,1,0,0,0,0,0,0,0,0,0,0,0,0,0
84.400080,0,0,0,0,0,1,0,0,0,0,0,0,0,1,1,0,0,0
84.400984,0,0,0,0,0,0,0,1,0,0,0,0,0,0,0,0,0,1
84.408275,0,1,1,0,0,0,0,0,0,1,1,0,1,0,0,1,0,0
84.419850,1,0,0,0,0,0,0,0,1,0,0,0,1,0,0,0,0,0
84.436382,0,0,0,0,1,0,0,0,0,0,0,0,0,0,0,0,0,0
84.450727,0,0,0,0,0,1,1,0,0,1,0,1,0,1,0,1,0,0
84.452566,0,0,0,0,0,0,0,1,0,0,0,0,0,0,0,0,0,1
84.466300,1,0,0,1,0,0,0,0,0,1,1,0,1,0,0,0,1,0
84.485962,0,0,0,0,1,0,1,0,0,0,0,0,0,1,1,0,0,0
84.489218,0,0,1,1,0,0,0,0,0,1,1,0,1,0,0,0,1,0
84.500442,0,0,0,0,0,1,0,0,0,0,0,0,0,1,1,0,0,0
84.501680,0,0,0,0,0,0,0,1,0,0,0,0,0,0,0,0,0,1
84.511635,0,1,1,0,0,0,0,0,0,1,1,0,1,0,0,1,0,0
84.525507,1,0,0,1,0,0,1,0,0,1,1,0,1,1,1,0,1,0
84.533826,0,0,0,0,1,0,0,0,0,0,0,0,0,0,0,0,0,0
84.548560,0,0,0,0,0,1,0,0,0,0,0,0,0,1,1,0,0,0
84.551282,0,0,0,0,0,0,0,1,0,0,0,0,0,0,0,0,0,1
84.553998,0,1,1,0,0,0,0,0,0,1,1,0,1,0,0,1,0,0
84.570477,1,0,0,0,0,0,0,0,1,0,0,0,1,0,0,0,0,0
84.587893,0,0,0,0,1,0,1,0,0,1,0,1,0,1,0,0,1,0
84.599842,0,0,0,0,0,1,0,0,0,0,0,0,0,1,1,0,0,0
84.601718,0,0,0,0,0,0,0,1,0,0,0,0,0,0,0,0,0,1
84.610114,0,1,1,0,0,0,0,0,0,1,1,0,1,0,0,1,0,0
84.625855,1,0,0,0,0,0,0,0,1,0,0,0,1,0,0,0,0,0
84.637340,0,0,0,0,1,0,1,0,0,1,0,1,0,1,0,0,1,0
84.648892,0,0,0,0,0,1,0,0,0,0,0,0,0,1,1,0,0,0
84.651788,0,0,0,0,0,0,0,1,0,0,0,0,0,0,0,0,0,1
84.661213,0,1,1,0,0,0,0,0,0,1,1,0,1,0,0,1,0,0
84.679358,1,0,0,1,0,0,1,0,0,1,1,0,1,1,1,0,1,0
84.687793,0,0,0,0,1,0,0,0,0,0,0,0,0,0,0,0,0,0
84.697100,0,0,0,0,0,0,0,1,0,0,0,0,0,0,0,0,0,1
84.700791,0,0,0,0,0,1,0,0,0,0,0,0,0,1,1,0,0,0
84.705790,0,1,1,0,0,0,0,0,0,1,1,0,1,0,0,1,0,0
84.717582,1,0,0,1,0,0,1,0,0,1,1,0,1,1,1,0,1,0
84.729740,0,0,0,0,1,0,0,0,0,0,0,0,0,0,0,0,0,0
84.744277,0,0,1,0,0,0,0,0,1,0,0,0,1,0,0,0,0,0
84.748421,0,0,0,0,0,1,0,0,0,1,0,1,0,1,0,1,0,0
84.749707,0,0,0,0,0,0,0,1,0,0,0,0,0,0,0,0,0,1
84.760694,1,0,0,0,0,0,0,0,1,0,0,0,1,0,0,0,0,0
84.787757,0,0,0,0,1,0,1,0,0,1,0,1,0,1,0,0,1,0
84.799774,0,0,0,0,0,1,0,0,0,0,0,0,0,1,1,0,0,0
84.801751,0,0,0,0,0,0,0,1,0,0,0,0,0,0,0,0,0,1
84.809199,0,1,1,0,0,0,0,0,0,1,1,0,1,0,0,1,0,0
84.825830,1,0,0,1,0,0,1,0,0,1,1,0,1,1,1,0,1,0
84.837728,0,0,0,0,1,0,0,0,0,0,0,0,0,0,0,0,0,0
84.846723,0,0,0,0,0,0,0,1,0,0,0,0,0,0,0,0,0,1
84.848974,0,0,0,0,0,1,0,0,0,0,0,0,0,1,1,0,0,0
84.851738,0,1,1,0,0,0,0,0,0,1,1,0,1,0,0,1,0,0
84.867358,1,0,0,1,0,0,1,0,0,1,1,0,1,1,1,0,1,0
84.882989,0,0,0,0,1,0,0,0,0,0,0,0,0,0,0,0,0,0
84.892562,0,0,1,0,0,0,0,0,1,0,0,0,1,0,0,0,0,0
84.898730,0,0,0,0,0,1,0,0,0,1,0,1,0,1,0,1,0,0
84.900168,0,0,0,0,0,0,0,1,0,0,0,0,0,0,0,0,0,1
84.911710,1,0,0,1,0,0,1,0,0,1,1,0,1,1,1,0,1,0
84.932784,0,0,0,0,1,0,0,0,0,0,0,0,0,0,0,0,0,0
84.934613,0,0,1,0,0,0,0,0,1,0,0,0,1,0,0,0,0,0
84.948965,0,0,0,0,0,0,0,1,0,0,0,0,0,0,0,0,0,1
84.950360,0,0,0,0,0,1,0,0,0,1,0,1,0,1,0,1,0,0
84.965559,1,0,0,1,0,0,1,0,0,1,1,0,1,1,1,0,1,0
84.985997,0,0,0,0,1,0,0,0,0,0,0,0,0,0,0,0,0,0
84.987298,0,0,1,0,0,0,0,0,1,0,0,0,1,0,0,0,0,0
84.999689,0,0,0,0,0,1,0,0,0,1,0,1,0,1,0,1,0,0
85.002798,0,0,0,0,0,0,0,1,0,0,0,0,0,0,0,0,0,1
85.015645,1,0,0,0,0,0,0,0,1,0,0,0,1,0,0,0,0,0
85.030708,0,0,0,0,0,0,1,0,0,1,0,1,0,1,0,0,1,0
85.037797,0,0,0,0,1,0,0,0,0,0,0,0,0,0,0,0,0,0
85.046792,0,0,0,0,0,0,0,1,0,0,0,0,0,0,0,0,0,1
85.049566,0,0,0,0,0,1,0,0,0,0,0,0,0,1,1,0,0,0
85.054383,0,1,1,0,0,0,0,0,0,1,1,0,1,0,0,1,0,0
85.069193,1,0,0,1,0,0,1,0,0,1,1,0,1,1,1,0,1,0
85.082890,0,0,0,0,1,0,0,0,0,0,0,0,0,0,0,0,0,0
85.093128,0,0,1,0,0,0,0,0,1,0,0,0,1,0,0,0,0,0
85.099168,0,0,0,0,0,0,0,1,0,0,0,0,0,0,0,0,0,1
85.100806,0,0,0,0,0,1,0,0,0,1,0,1,0,1,0,1,0,0
85.112345,1,0,0,1,0,0,1,0,0,1,1,0,1,1,1,0,1,0
85.136765,0,0,1,0,0,0,0,0,1,0,0,0,1,0,0,0,0,0
85.137156,0,0,0,0,1,0,0,0,0,0,0,0,0,0,0,0,0,0
85.147307,0,0,0,0,0,0,0,1,0,0,0,0,0,0,0,0,0,1
85.148480,0,0,0,0,0,1,0,0,0,1,0,1,0,1,0,1,0,0
85.159880,1,0,0,0,0,0,0,0,1,0,0,0,1,0,0,0,0,0
85.183477,0,0,0,0,1,0,1,0,0,1,0,1,0,1,0,0,1,0
85.198239,0,0,0,0,0,0,0,1,0,0,0,0,0,0,0,0,0,1
85.199453,0,0,0,0,0,1,0,0,0,0,0,0,0,1,1,0,0,0
85.205070,0,1,1,0,0,0,0,0,0,1,1,0,1,0,0,1,0,0
85.218026,1,0,0,1,0,0,1,0,0,1,1,0,1,1,1,0,1,0
85.232219,0,0,0,0,1,0,0,0,0,0,0,0,0,0,0,0,0,0
85.245504,0,0,1,0,0,0,0,0,1,0,0,0,1,0,0,0,0,0
85.247291,0,0,0,0,0,0,0,1,0,0,0,0,0,0,0,0,0,1
85.249851,0,0,0,0,0,1,0,0,0,1,0,1,0,1,0,1,0,0
85.262636,1,0,0,0,0,0,0,0,1,0,0,0,1,0,0,0,0,0
85.285867,0,0,0,0,1,0,0,0,0,0,0,0,0,0,0,0,0,0
85.299947,0,0,0,0,0,0,1,1,0,1,0,1,0,1,0,0,1,1
85.300499,0,0,0,0,0,1,0,0,0,0,0,0,0,1,1,0,0,0
85.329751,0,1,1,0,0,0,0,0,0,1,1,0,1,0,0,1,0,0
85.336570,0,0,0,0,1,0,0,0,0,0,0,0,0,0,0,0,0,0
85.345493,1,0,0,1,0,0,1,0,0,1,1,0,1,1,1,0,1,0
85.349241,0,0,0,0,0,1,0,0,0,0,0,0,0,1,1,0,0,0
85.352645,0,0,0,0,0,0,0,1,0,0,0,0,0,0,0,0,0,1
85.367922,0,1,1,0,0,0,0,0,0,1,1,0,1,0,0,1,0,0
85.386771,1,0,0,0,0,0,0,0,1,0,0,0,1,0,0,0,0,0
85.387208,0,0,0,0,1,0,0,0,0,0,0,0,0,0,0,0,0,0
85.397893,0,0,0,0,0,0,0,1,0,0,0,0,0,0,0,0,0,1
85.401450,0,0,0,0,0,1,1,0,0,1,0,1,0,1,0,1,0,0
85.414174,1,0,0,1,0,0,1,0,0,1,1,0,1,1,1,0,1,0
85.436293,0,0,0,0,1,0,0,0,0,0,0,0,0,0,0,0,0,0
85.437294,0,0,1,1,0,0,0,0,0,1,1,0,1,0,0,0,1,0
85.450924,0,0,0,0,0,0,0,1,0,0,0,0,0,0,0,0,0,1
85.451060,0,0,0,0,0,1,0,0,0,0,0,0,0,1,1,0,0,0
85.463128,0,1,1,0,0,0,0,0,0,1,1,0,1,0,0,1,0,0
85.478961,1,0,0,1,0,0,1,0,0,1,1,0,1,1,1,0,1,0
85.488982,0,0,0,0,1,0,0,0,0,0,0,0,0,0,0,0,0,0
85.500913,0,0,0,0,0,0,0,1,0,0,0,0,0,0,0,0,0,1
85.501392,0,0,0,0,0,1,0,0,0,0,0,0,0,1,1,0,0,0
85.507628,0,1,1,0,0,0,0,0,0,1,1,0,1,0,0,1,0,0
85.527449,1,0,0,0,0,0,0,0,1,0,0,0,1,0,0,0,0,0
85.531821,0,0,0,0,0,0,1,0,0,1,0,1,0,1,0,0,1,0
85.533310,0,0,0,0,1,0,0,0,0,0,0,0,0,0,0,0,0,0
85.551251,0,0,0,0,0,1,0,0,0,0,0,0,0,1,1,0,0,0
85.551542,0,0,0,0,0,0,0,1,0,0,0,0,0,0,0,0,0,1
85.553784,0,1,1,0,0,0,0,0,0,1,1,0,1,0,0,1,0,0
85.568222,1,0,0,0,0,0,0,0,1,0,0,0,1,0,0,0,0,0
85.591012,0,0,0,0,1,0,0,0,0,0,0,0,0,0,0,0,0,0
85.593987,0,0,0,0,0,0,1,0,0,1,0,1,0,1,0,0,1,0
85.597040,0,0,0,0,0,0,0,1,0,0,0,0,0,0,0,0,0,1
85.598246,0,0,0,0,0,1,0,0,0,0,0,0,0,1,1,0,0,0
85.622582,0,1,1,0,0,0,0,0,0,1,1,0,1,0,0,1,0,0
85.631587,0,0,0,0,1,0,0,0,0,0,0,0,0,0,0,0,0,0
85.640377,1,0,0,0,0,0,0,0,1,0,0,0,1,0,0,0,0,0
85.648131,0,0,0,0,0,1,1,0,0,1,0,1,0,1,0,0,1,0
85.650858,0,0,0,0,0,0,0,1,0,0,0,0,0,0,0,0,0,1
85.673871,0,1,1,0,0,0,0,0,0,1,1,0,1,0,0,1,0,0
85.688303,1,0,0,0,0,0,0,0,1,0,0,0,1,0,0,0,0,0
85.690451,0,0,0,0,1,0,0,0,0,0,0,0,0,0,0,0,0,0
85.701529,0,0,0,0,0,1,0,0,0,1,0,1,0,1,0,1,0,0
85.701703,0,0,0,0,0,0,0,1,0,0,0,0,0,0,0,0,0,1
85.717894,1,0,0,1,0,0,1,0,0,1,1,0,1,1,1,0,1,0
85.738756,0,0,1,0,0,0,0,0,1,0,0,0,1,0,0,0,0,0
85.741601,0,0,0,0,1,0,1,0,0,1,0,1,0,1,0,0,1,0
85.749627,0,0,0,0,0,1,0,0,0,0,0,0,0,1,1,0,0,0
85.752326,0,0,0,0,0,0,0,1,0,0,0,0,0,0,0,0,0,1
85.765824,0,1,1,0,0,0,0,0,0,1,1,0,1,0,0,1,0,0
85.782455,1,0,0,1,0,0,1,0,0,1,1,0,1,1,1,0,1,0
85.791978,0,0,0,0,1,0,0,0,0,0,0,0,0,0,0,0,0,0
85.797271,0,0,0,0,0,0,0,1,0,0,0,0,0,0,0,0,0,1
85.798994,0,0,0,0,0,1,0,0,0,0,0,0,0,1,1,0,0,0
85.808810,0,1,1,0,0,0,0,0,0,1,1,0,1,0,0,1,0,0
85.822998,1,0,0,1,0,0,1,0,0,1,1,0,1,1,1,0,1,0
85.830996,0,0,0,0,1,0,0,0,0,0,0,0,0,0,0,0,0,0
85.847779,0,0,0,0,0,0,0,1,0,0,0,0,0,0,0,0,0,1
85.849914,0,0,0,0,0,1,0,0,0,0,0,0,0,1,1,0,0,0
85.851755,0,1,1,0,0,0,0,0,0,1,1,0,1,0,0,1,0,0
85.869280,1,0,0,0,0,0,0,0,1,0,0,0,1,0,0,0,0,0
85.885034,0,0,0,0,1,0,1,0,0,1,0,1,0,1,0,0,1,0
85.900280,0,0,0,0,0,1,0,0,0,0,0,0,0,1,1,0,0,0
85.900886,0,0,0,0,0,0,0,1,0,0,0,0,0,0,0,0,0,1
85.907741,0,1,1,0,0,0,0,0,0,1,1,0,1,0,0,1,0,0
85.917816,1,0,0,0,0,0,0,0,1,0,0,0,1,0,0,0,0,0
85.924425,0,0,0,0,0,0,1,0,0,1,0,1,0,1,0,0,1,0
85.939080,0,0,0,0,1,0,0,0,0,0,0,0,0,0,0,0,0,0
85.948280,0,0,0,0,0,0,0,1,0,0,0,0,0,0,0,0,0,1
85.950629,0,0,0,0,0,1,0,0,0,0,0,0,0,1,1,0,0,0
85.951688,0,1,1,0,0,0,0,0,0,1,1,0,1,0,0,1,0,0
85.963427,1,0,0,0,0,0,0,0,1,0,0,0,1,0,0,0,0,0
85.984537,0,0,0,0,1,0,1,0,0,1,0,1,0,1,0,0,1,0
85.999959,0,0,0,0,0,1,0,0,0,0,0,0,0,1,1,0,0,0
86.000625,0,0,0,0,0,0,0,1,0,0,0,0,0,0,0,0,0,1
86.007290,0,1,1,0,0,0,0,0,0,1,1,0,1,0,0,1,0,0
86.020624,1,0,0,0,0,0,0,0,1,0,0,0,1,0,0,0,0,0
86.026797,0,0,0,0,0,0,1,0,0,1,0,1,0,1,0,0,1,0
86.035183,0,0,0,0,1,0,0,0,0,0,0,0,0,0,0,0,0,0
86.046156,0,0,0,0,0,0,0,1,0,0,0,0,0,0,0,0,0,1
86.049217,0,0,0,0,0,1,0,0,0,0,0,0,0,1,1,0,0,0
86.055542,0,1,1,0,0,0,0,0,0,1,1,0,1,0,0,1,0,0
86.067502,1,0,0,1,0,0,1,0,0,1,1,0,1,1,1,0,1,0
86.085258,0,0,0,0,1,0,0,0,0,0,0,0,0,0,0,0,0,0
86.089024,0,0,1,0,0,0,0,0,1,0,0,0,1,0,0,0,0,0
86.098635,0,0,0,0,0,0,0,1,0,0,0,0,0,0,0,0,0,1
86.100233,0,0,0,0,0,1,0,0,0,1,0,1,0,1,0,1,0,0
86.119546,1,0,0,1,0,0,1,0,0,1,1,0,1,1,1,0,1,0
86.138055,0,0,0,0,1,0,0,0,0,0,0,0,0,0,0,0,0,0
86.146259,0,0,1,0,0,0,0,0,1,0,0,0,1,0,0,0,0,0
86.150957,0,0,0,0,0,1,0,0,0,1,0,1,0,1,0,1,0,0
86.153077,0,0,0,0,0,0,0,1,0,0,0,0,0,0,0,0,0,1
86.162312,1,0,0,0,0,0,0,0,1,0,0,0,1,0,0,0,0,0
86.190913,0,0,0,0,1,0,0,0,0,0,0,0,0,0,0,0,0,0
86.198885,0,0,0,0,0,0,1,0,0,1,0,1,0,1,0,0,1,0
86.200263,0,0,0,0,0,1,0,0,0,0,0,0,0,1,1,0,0,0
86.202559,0,0,0,0,0,0,0,1,0,0,0,0,0,0,0,0,0,1
86.220281,0,1,1,0,0,0,0,0,0,1,1,0,1,0,0,1,0,0
86.234147,1,0,0,1,0,0,1,0,0,1,1,0,1,1,1,0,1,0
86.238784,0,0,0,0,1,0,0,0,0,0,0,0,0,0,0,0,0,0
86.246710,0,0,0,0,0,0,0,1,0,0,0,0,0,0,0,0,0,1
86.251771,0,0,0,0,0,1,0,0,0,0,0,0,0,1,1,0,0,0
86.262450,0,1,1,0,0,0,0,0,0,1,1,0,1,0,0,1,0,0
86.272682,1,0,0,1,0,0,1,0,0,1,1,0,1,1,1,0,1,0
86.280376,0,0,0,0,1,0,0,0,0,0,0,0,0,0,0,0,0,0
86.296977,0,0,0,0,0,0,0,1,0,0,0,0,0,0,0,0,0,1
86.299290,0,0,1,0,0,0,0,0,1,0,0,0,1,0,0,0,0,0
86.301489,0,0,0,0,0,1,0,0,0,1,0,1,0,1,0,1,0,0
86.316976,1,0,0,0,0,0,0,0,1,0,0,0,1,0,0,0,0,0
86.320939,0,0,0,0,0,0,1,0,0,1,0,1,0,1,0,0,1,0
86.332010,0,0,0,0,1,0,0,0,0,0,0,0,0,0,0,0,0,0
86.343549,0,0,1,0,0,0,0,0,1,0,0,0,1,0,0,0,0,0
86.350249,0,0,0,0,0,1,0,0,0,1,0,1,0,1,0,1,0,0
86.352298,0,0,0,0,0,0,0,1,0,0,0,0,0,0,0,0,0,1
86.367002,1,0,0,1,0,0,1,0,0,1,1,0,1,1,1,0,1,0
86.382576,0,0,0,0,1,0,0,0,0,0,0,0,0,0,0,0,0,0
86.389356,0,0,1,0,0,0,0,0,1,0,0,0,1,0,0,0,0,0
86.398785,0,0,0,0,0,0,0,1,0,0,0,0,0,0,0,0,0,1
86.400333,0,0,0,0,0,1,0,0,0,1,0,1,0,1,0,1,0,0
86.415830,1,0,0,1,0,0,1,0,0,1,1,0,1,1,1,0,1,0
86.431449,0,0,0,0,1,0,0,0,0,0,0,0,0,0,0,0,0,0
86.443032,0,0,1,0,0,0,0,0,1,0,0,0,1,0,0,0,0,0
86.448761,0,0,0,0,0,0,0,1,0,0,0,0,0,0,0,0,0,1
86.449251,0,0,0,0,0,1,0,0,0,1,0,1,0,1,0,1,0,0
86.461401,1,0,0,0,0,0,0,0,1,0,0,0,1,0,0,0,0,0
86.483061,0,0,0,0,1,0,0,0,0,0,0,0,0,0,0,0,0,0
86.499171,0,0,0,0,0,1,1,0,0,1,0,1,0,1,0,0,1,0
86.500082,0,0,0,0,0,0,0,1,0,0,0,0,0,0,0,0,0,1
86.520075,0,1,1,0,0,0,0,0,0,1,1,0,1,0,0,1,0,0
86.536032,0,0,0,0,1,0,0,0,0,0,0,0,0,0,0,0,0,0
86.537370,1,0,0,0,0,0,0,0,1,0,0,0,1,0,0,0,0,0
86.549185,0,0,0,0,0,1,1,0,0,1,0,1,0,1,0,1,0,0
86.552735,0,0,0,0,0,0,0,1,0,0,0,0,0,0,0,0,0,1
86.568254,1,0,0,1,0,0,0,0,0,1,1,0,1,0,0,0,1,0
86.587430,0,0,0,0,1,0,1,0,0,0,0,0,0,1,1,0,0,0
86.590171,0,0,1,1,0,0,0,0,0,1,1,0,1,0,0,0,1,0
86.598821,0,0,0,0,0,0,0,1,0,0,0,0,0,0,0,0,0,1
86.599132,0,0,0,0,0,1,0,0,0,0,0,0,0,1,1,0,0,0
86.617559,0,1,1,0,0,0,0,0,0,1,1,0,1,0,0,1,0,0
86.632105,1,0,0,0,0,0,0,0,1,0,0,0,1,0,0,0,0,0
86.634156,0,0,0,0,1,0,0,0,0,0,0,0,0,0,0,0,0,0
86.649888,0,0,0,0,0,1,1,0,0,1,0,1,0,1,0,0,1,0
86.653916,0,0,0,0,0,0,0,1,0,0,0,0,0,0,0,0,0,1
86.669983,0,1,1,0,0,0,0,0,0,1,1,0,1,0,0,1,0,0
86.686159,1,0,0,1,0,0,1,0,0,1,1,0,1,1,1,0,1,0
86.693126,0,0,0,0,1,0,0,0,0,0,0,0,0,0,0,0,0,0
86.698254,0,0,0,0,0,1,0,0,0,0,0,0,0,1,1,0,0,0
86.703056,0,0,0,0,0,0,0,1,0,0,0,0,0,0,0,0,0,1
86.708235,0,1,1,0,0,0,0,0,0,1,1,0,1,0,0,1,0,0
86.724618,1,0,0,1,0,0,1,0,0,1,1,0,1,1,1,0,1,0
86.738723,0,0,0,0,1,0,0,0,0,0,0,0,0,0,0,0,0,0
86.748486,0,0,1,0,0,0,0,0,1,0,0,0,1,0,0,0,0,0
86.749129,0,0,0,0,0,1,0,0,0,1,0,1,0,1,0,1,0,0
86.749904,0,0,0,0,0,0,0,1,0,0,0,0,0,0,0,0,0,1
86.760002,1,0,0,0,0,0,0,0,1,0,0,0,1,0,0,0,0,0
86.779684,0,0,0,0,0,0,1,0,0,1,0,1,0,1,0,0,1,0
86.786844,0,0,0,0,1,0,0,0,0,0,0,0,0,0,0,0,0,0
86.800224,0,0,0,0,0,1,0,0,0,0,0,0,0,1,1,0,0,0
86.800364,0,1,1,0,0,0,0,0,0,1,1,0,1,0,0,1,0,0
86.800584,0,0,0,0,0,0,0,1,0,0,0,0,0,0,0,0,0,1
86.814041,1,0,0,0,0,0,0,0,1,0,0,0,1,0,0,0,0,0
86.836371,0,0,0,0,1,0,0,0,0,0,0,0,0,0,0,0,0,0
86.838739,0,0,0,0,0,0,1,0,0,1,0,1,0,1,0,0,1,0
86.848379,0,0,0,0,0,0,0,1,0,0,0,0,0,0,0,0,0,1
86.850494,0,0,0,0,0,1,0,0,0,0,0,0,0,1,1,0,0,0
86.867248,0,1,1,0,0,0,0,0,0,1,1,0,1,0,0,1,0,0
86.883641,0,0,0,0,1,0,0,0,0,0,0,0,0,0,0,0,0,0
86.883824,1,0,0,0,0,0,0,0,1,0,0,0,1,0,0,0,0,0
86.896576,0,0,0,0,0,0,1,0,0,1,0,1,0,1,0,0,1,0
86.899424,0,0,0,0,0,0,0,1,0,0,0,0,0,0,0,0,0,1
86.901005,0,0,0,0,0,1,0,0,0,0,0,0,0,1,1,0,0,0
86.925449,0,1,1,0,0,0,0,0,0,1,1,0,1,0,0,1,0,0
86.938977,0,0,0,0,1,0,0,0,0,0,0,0,0,0,0,0,0,0
86.942555,1,0,0,1,0,0,1,0,0,1,1,0,1,1,1,0,1,0
86.949505,0,0,0,0,0,0,0,1,0,0,0,0,0,0,0,0,0,1
86.950466,0,0,0,0,0,1,0,0,0,0,0,0,0,1,1,0,0,0
86.970650,0,1,1,0,0,0,0,0,0,1,1,0,1,0,0,1,0,0
86.983829,1,0,0,1,0,0,1,0,0,1,1,0,1,1,1,0,1,0
86.988540,0,0,0,0,1,0,0,0,0,0,0,0,0,0,0,0,0,0
86.998794,0,0,0,0,0,0,0,1,0,0,0,0,0,0,0,0,0,1
87.000584,0,0,0,0,0,1,0,0,0,0,0,0,0,1,1,0,0,0
87.009006,0,1,1,0,0,0,0,0,0,1,1,0,1,0,0,1,0,0
87.021296,1,0,0,0,0,0,0,0,1,0,0,0,1,0,0,0,0,0
87.037795,0,0,0,0,1,0,0,0,0,0,0,0,0,0,0,0,0,0
87.048641,0,0,0,0,0,0,1,1,0,1,0,1,0,1,0,0,1,1
87.049130,0,0,0,0,0,1,0,0,0,0,0,0,0,1,1,0,0,0
87.073354,0,1,1,0,0,0,0,0,0,1,1,0,1,0,0,1,0,0
87.079134,0,0,0,0,1,0,0,0,0,0,0,0,0,0,0,0,0,0
87.087722,1,0,0,1,0,0,1,0,0,1,1,0,1,1,1,0,1,0
87.097523,0,0,0,0,0,0,0,1,0,0,0,0,0,0,0,0,0,1
87.099136,0,0,0,0,0,1,0,0,0,0,0,0,0,1,1,0,0,0
87.113354,0,1,1,0,0,0,0,0,0,1,1,0,1,0,0,1,0,0
87.129061,1,0,0,1,0,0,1,0,0,1,1,0,1,1,1,0,1,0
87.132797,0,0,0,0,1,0,0,0,0,0,0,0,0,0,0,0,0,0
87.149599,0,0,1,0,0,0,0,0,1,0,0,0,1,0,0,0,0,0
87.151025,0,0,0,0,0,1,0,0,0,1,0,1,0,1,0,1,0,0
87.151338,0,0,0,0,0,0,0,1,0,0,0,0,0,0,0,0,0,1
87.168507,1,0,0,0,0,0,0,0,1,0,0,0,1,0,0,0,0,0
87.188886,0,0,0,0,1,0,1,0,0,1,0,1,0,1,0,0,1,0
87.199025,0,0,0,0,0,1,0,0,0,0,0,0,0,1,1,0,0,0
87.200677,0,0,0,0,0,0,0,1,0,0,0,0,0,0,0,0,0,1
87.213145,0,1,1,0,0,0,0,0,0,1,1,0,1,0,0,1,0,0
87.226984,1,0,0,1,0,0,1,0,0,1,1,0,1,1,1,0,1,0
87.234043,0,0,0,0,1,0,0,0,0,0,0,0,0,0,0,0,0,0
87.249032,0,0,1,0,0,0,0,0,1,0,0,0,1,0,0,0,0,0
87.249089,0,0,0,0,0,0,0,1,0,0,0,0,0,0,0,0,0,1
87.249206,0,0,0,0,0,1,0,0,0,1,0,1,0,1,0,1,0,0
87.266679,1,0,0,0,0,0,0,0,1,0,0,0,1,0,0,0,0,0
87.287124,0,0,0,0,1,0,1,0,0,1,0,1,0,1,0,0,1,0
87.298742,0,0,0,0,0,1,0,0,0,0,0,0,0,1,1,0,0,0
87.302949,0,0,0,0,0,0,0,1,0,0,0,0,0,0,0,0,0,1
87.313086,0,1,1,0,0,0,0,0,0,1,1,0,1,0,0,1,0,0
87.326555,1,0,0,1,0,0,1,0,0,1,1,0,1,1,1,0,1,0
87.340259,0,0,0,0,1,0,0,0,0,0,0,0,0,0,0,0,0,0
87.349297,0,0,0,0,0,1,0,0,0,0,0,0,0,1,1,0,0,0
87.349931,0,0,0,0,0,0,0,1,0,0,0,0,0,0,0,0,0,1
87.356204,0,1,1,0,0,0,0,0,0,1,1,0,1,0,0,1,0,0
87.375291,1,0,0,0,0,0,0,0,1,0,0,0,1,0,0,0,0,0
87.386330,0,0,0,0,0,0,1,0,0,1,0,1,0,1,0,0,1,0
87.388950,0,0,0,0,1,0,0,0,0,0,0,0,0,0,0,0,0,0
87.397751,0,0,0,0,0,0,0,1,0,0,0,0,0,0,0,0,0,1
87.400061,0,0,0,0,0,1,0,0,0,0,0,0,0,1,1,0,0,0
87.409683,0,1,1,0,0,0,0,0,0,1,1,0,1,0,0,1,0,0
87.420026,1,0,0,1,0,0,1,0,0,1,1,0,1,1,1,0,1,0
87.436345,0,0,0,0,1,0,0,0,0,0,0,0,0,0,0,0,0,0
87.443860,0,0,1,0,0,0,0,0,1,0,0,0,1,0,0,0,0,0
87.449144,0,0,0,0,0,1,0,0,0,1,0,1,0,1,0,1,0,0
87.453019,0,0,0,0,0,0,0,1,0,0,0,0,0,0,0,0,0,1
87.459857,1,0,0,1,0,0,1,0,0,1,1,0,1,1,1,0,1,0
87.485825,0,0,0,0,1,0,0,0,0,0,0,0,0,0,0,0,0,0
87.486629,0,0,1,0,0,0,0,0,1,0,0,0,1,0,0,0,0,0
87.498644,0,0,0,0,0,0,0,1,0,0,0,0,0,0,0,0,0,1
87.500532,0,0,0,0,0,1,0,0,0,1,0,1,0,1,0,1,0,0
87.516833,1,0,0,1,0,0,1,0,0,1,1,0,1,1,1,0,1,0
87.537923,0,0,0,0,1,0,0,0,0,0,0,0,0,0,0,0,0,0
87.546765,0,0,1,0,0,0,0,0,1,0,0,0,1,0,0,0,0,0
87.547978,0,0,0,0,0,0,0,1,0,0,0,0,0,0,0,0,0,1
87.549256,0,0,0,0,0,1,0,0,0,1,0,1,0,1,0,1,0,0
87.563104,1,0,0,0,0,0,0,0,1,0,0,0,1,0,0,0,0,0
87.567070,0,0,0,0,0,0,1,0,0,1,0,1,0,1,0,0,1,0
87.578175,0,0,0,0,1,0,0,0,0,0,0,0,0,0,0,0,0,0
87.596566,0,0,1,0,0,0,0,0,1,0,0,0,1,0,0,0,0,0
87.599959,0,0,0,0,0,0,0,1,0,0,0,0,0,0,0,0,0,1
87.601516,0,0,0,0,0,1,0,0,0,1,0,1,0,1,0,1,0,0
87.616469,1,0,0,1,0,0,1,0,0,1,1,0,1,1,1,0,1,0
87.639576,0,0,0,0,1,0,0,0,0,0,0,0,0,0,0,0,0,0
87.639929,0,0,1,0,0,0,0,0,1,0,0,0,1,0,0,0,0,0
87.647077,0,0,0,0,0,0,0,1,0,0,0,0,0,0,0,0,0,1
87.648868,0,0,0,0,0,1,0,0,0,1,0,1,0,1,0,1,0,0
87.662263,1,0,0,1,0,0,1,0,0,1,1,0,1,1,1,0,1,0
87.684804,0,0,1,0,0,0,0,0,1,0,0,0,1,0,0,0,0,0
87.686966,0,0,0,0,1,0,0,0,0,0,0,0,0,0,0,0,0,0
87.700191,0,0,0,0,0,0,0,1,0,0,0,0,0,0,0,0,0,1
87.700239,0,0,0,0,0,1,0,0,0,1,0,1,0,1,0,1,0,0
87.714848,1,0,0,1,0,0,1,0,0,1,1,0,1,1,1,0,1,0
87.739350,0,0,0,0,1,0,0,0,0,0,0,0,0,0,0,0,0,0
87.741602,0,0,1,0,0,0,0,0,1,0,0,0,1,0,0,0,0,0
87.748644,0,0,0,0,0,1,0,0,0,1,0,1,0,1,0,1,0,0
87.749852,0,0,0,0,0,0,0,1,0,0,0,0,0,0,0,0,0,1
87.764192,1,0,0,0,0,0,0,0,1,0,0,0,1,0,0,0,0,0
87.782044,0,0,0,0,0,0,1,0,0,1,0,1,0,1,0,0,1,0
87.784818,0,0,0,0,1,0,0,0,0,0,0,0,0,0,0,0,0,0
87.799043,0,0,0,0,0,1,0,0,0,0,0,0,0,1,1,0,0,0
87.799992,0,0,0,0,0,0,0,1,0,0,0,0,0,0,0,0,0,1
87.802664,0,1,1,0,0,0,0,0,0,1,1,0,1,0,0,1,0,0
87.816520,1,0,0,1,0,0,1,0,0,1,1,0,1,1,1,0,1,0
87.834270,0,0,0,0,1,0,0,0,0,0,0,0,0,0,0,0,0,0
87.837108,0,0,1,0,0,0,0,0,1,0,0,0,1,0,0,0,0,0
87.846119,0,0,0,0,0,0,0,1,0,0,0,0,0,0,0,0,0,1
87.849641,0,0,0,0,0,1,0,0,0,1,0,1,0,1,0,1,0,0
87.868315,1,0,0,1,0,0,1,0,0,1,1,0,1,1,1,0,1,0
87.882425,0,0,0,0,1,0,0,0,0,0,0,0,0,0,0,0,0,0
87.889034,0,0,1,0,0,0,0,0,1,0,0,0,1,0,0,0,0,0
87.901122,0,0,0,0,0,0,0,1,0,0,0,0,0,0,0,0,0,1
87.901432,0,0,0,0,0,1,0,0,0,1,0,1,0,1,0,1,0,0
87.920327,1,0,0,1,0,0,1,0,0,1,1,0,1,1,1,0,1,0
87.935617,0,0,0,0,1,0,0,0,0,0,0,0,0,0,0,0,0,0
87.945428,0,0,1,0,0,0,0,0,1,0,0,0,1,0,0,0,0,0
87.949533,0,0,0,0,0,1,0,0,0,1,0,1,0,1,0,1,0,0
87.951657,0,0,0,0,0,0,0,1,0,0,0,0,0,0,0,0,0,1
87.962843,1,0,0,1,0,0,1,0,0,1,1,0,1,1,1,0,1,0
87.985859,0,0,0,0,1,0,0,0,0,0,0,0,0,0,0,0,0,0
87.991111,0,0,1,0,0,0,0,0,1,0,0,0,1,0,0,0,0,0
87.999067,0,0,0,0,0,1,0,0,0,1,0,1,0,1,0,1,0,0
87.999905,0,0,0,0,0,0,0,1,0,0,0,0,0,0,0,0,0,1
88.017484,1,0,0,1,0,0,1,0,0,1,1,0,1,1,1,0,1,0
88.034867,0,0,0,0,1,0,0,0,0,0,0,0,0,0,0,0,0,0
88.042234,0,0,1,0,0,0,0,0,1,0,0,0,1,0,0,0,0,0
88.049801,0,0,0,0,0,0,0,1,0,0,0,0,0,0,0,0,0,1
88.049953,0,0,0,0,0,1,0,0,0,1,0,1,0,1,0,1,0,0
88.061112,1,0,0,0,0,0,0,0,1,0,0,0,1,0,0,0,0,0
88.080371,0,0,0,0,0,0,1,0,0,1,0,1,0,1,0,0,1,0
88.088219,0,0,0,0,1,0,0,0,0,0,0,0,0,0,0,0,0,0
88.099539,0,0,0,0,0,1,0,0,0,0,0,0,0,1,1,0,0,0
88.103974,0,0,0,0,0,0,0,1,0,0,0,0,0,0,0,0,0,1
88.106287,0,1,1,0,0,0,0,0,0,1,1,0,1,0,0,1,0,0
88.121378,1,0,0,1,0,0,1,0,0,1,1,0,1,1,1,0,1,0
88.141816,0,0,0,0,1,0,0,0,0,0,0,0,0,0,0,0,0,0
88.148549,0,0,1,0,0,0,0,0,1,0,0,0,1,0,0,0,0,0
88.148636,0,0,0,0,0,0,0,1,0,0,0,0,0,0,0,0,0,1
88.148875,0,0,0,0,0,1,0,0,0,1,0,1,0,1,0,1,0,0
88.167016,1,0,0,1,0,0,1,0,0,1,1,0,1,1,1,0,1,0
88.184239,0,0,0,0,1,0,0,0,0,0,0,0,0,0,0,0,0,0
88.191730,0,0,1,0,0,0,0,0,1,0,0,0,1,0,0,0,0,0
88.198461,0,0,0,0,0,0,0,1,0,0,0,0,0,0,0,0,0,1
88.200216,0,0,0,0,0,1,0,0,0,1,0,1,0,1,0,1,0,0
88.212566,1,0,0,0,0,0,0,0,1,0,0,0,1,0,0,0,0,0
88.229425,0,0,0,0,1,0,0,0,0,0,0,0,0,0,0,0,0,0
88.247079,0,0,0,0,0,0,0,1,0,0,0,0,0,0,0,0,0,1
88.249154,0,0,0,0,0,0,1,0,0,1,0,1,0,1,0,0,1,0
88.250525,0,0,0,0,0,1,0,0,0,0,0,0,0,1,1,0,0,0
88.277894,0,0,0,0,1,0,0,0,0,0,0,0,0,0,0,0,0,0
88.278287,0,1,1,0,0,0,0,0,0,1,1,0,1,0,0,1,0,0
88.295732,1,0,0,0,0,0,0,0,1,0,0,0,1,0,0,0,0,0
88.297097,0,0,0,0,0,0,1,0,0,1,0,1,0,1,0,0,1,0
88.299213,0,0,0,0,0,1,0,0,0,0,0,0,0,1,1,0,0,0
88.303538,0,0,0,0,0,0,0,1,0,0,0,0,0,0,0,0,0,1
88.326661,0,1,1,0,0,0,0,0,0,1,1,0,1,0,0,1,0,0
88.340950,0,0,0,0,1,0,0,0,0,0,0,0,0,0,0,0,0,0
88.346528,1,0,0,0,0,0,0,0,1,0,0,0,1,0,0,0,0,0
88.348116,0,0,0,0,0,0,1,0,0,1,0,1,0,1,0,0,1,0
88.350580,0,0,0,0,0,1,0,0,0,0,0,0,0,1,1,0,0,0
88.353019,0,0,0,0,0,0,0,1,0,0,0,0,0,0,0,0,0,1
88.371642,0,1,1,0,0,0,0,0,0,1,1,0,1,0,0,1,0,0
88.389316,1,0,0,1,0,0,1,0,0,1,1,0,1,1,1,0,1,0
88.389483,0,0,0,0,1,0,0,0,0,0,0,0,0,0,0,0,0,0
88.400194,0,0,0,0,0,1,0,0,0,0,0,0,0,1,1,0,0,0
88.400509,0,0,0,0,0,0,0,1,0,0,0,0,0,0,0,0,0,1
88.414566,0,1,1,0,0,0,0,0,0,1,1,0,1,0,0,1,0,0
88.428215,1,0,0,0,0,0,0,0,1,0,0,0,1,0,0,0,0,0
88.432599,0,0,0,0,1,0,1,0,0,1,0,1,0,1,0,0,1,0
88.450043,0,0,0,0,0,1,0,0,0,0,0,0,0,1,1,0,0,0
88.450297,0,0,0,0,0,0,0,1,0,0,0,0,0,0,0,0,0,1
88.460835,0,1,1,0,0,0,0,0,0,1,1,0,1,0,0,1,0,0
88.471311,1,0,0,0,0,0,0,0,1,0,0,0,1,0,0,0,0,0
88.490140,0,0,0,0,1,0,0,0,0,0,0,0,0,0,0,0,0,0
88.500497,0,0,0,0,0,0,0,1,0,0,0,0,0,0,0,0,0,1
88.500769,0,0,0,0,0,0,1,0,0,1,0,1,0,1,0,0,1,0
88.501640,0,0,0,0,0,1,0,0,0,0,0,0,0,1,1,0,0,0
88.526985,0,1,1,0,0,0,0,0,0,1,1,0,1,0,0,1,0,0
88.533582,0,0,0,0,1,0,0,0,0,0,0,0,0,0,0,0,0,0
88.540668,1,0,0,1,0,0,1,0,0,1,1,0,1,1,1,0,1,0
88.547640,0,0,0,0,0,0,0,1,0,0,0,0,0,0,0,0,0,1
88.550176,0,0,0,0,0,1,0,0,0,0,0,0,0,1,1,0,0,0
88.568141,0,1,1,0,0,0,0,0,0,1,1,0,1,0,0,1,0,0
88.586329,1,0,0,1,0,0,1,0,0,1,1,0,1,1,1,0,1,0
88.587206,0,0,0,0,1,0,0,0,0,0,0,0,0,0,0,0,0,0
88.599943,0,0,0,0,0,1,0,0,0,0,0,0,0,1,1,0,0,0
88.600458,0,0,0,0,0,0,0,1,0,0,0,0,0,0,0,0,0,1
88.609717,0,1,1,0,0,0,0,0,0,1,1,0,1,0,0,1,0,0
88.626609,1,0,0,0,0,0,0,0,1,0,0,0,1,0,0,0,0,0
88.637467,0,0,0,0,1,0,1,0,0,1,0,1,0,1,0,0,1,0
88.646096,0,0,0,0,0,0,0,1,0,0,0,0,0,0,0,0,0,1
88.649841,0,0,0,0,0,1,0,0,0,0,0,0,0,1,1,0,0,0
88.663613,0,1,1,0,0,0,0,0,0,1,1,0,1,0,0,1,0,0
88.677952,1,0,0,1,0,0,1,0,0,1,1,0,1,1,1,0,1,0
88.681086,0,0,0,0,1,0,0,0,0,0,0,0,0,0,0,0,0,0
88.697553,0,0,0,0,0,0,0,1,0,0,0,0,0,0,0,0,0,1
88.700982,0,0,0,0,0,1,0,0,0,0,0,0,0,1,1,0,0,0
88.706773,0,1,1,0,0,0,0,0,0,1,1,0,1,0,0,1,0,0
88.722462,1,0,0,1,0,0,1,0,0,1,1,0,1,1,1,0,1,0
88.731455,0,0,0,0,1,0,0,0,0,0,0,0,0,0,0,0,0,0
88.744077,0,0,1,0,0,0,0,0,1,0,0,0,1,0,0,0,0,0
88.746056,0,0,0,0,0,0,0,1,0,0,0,0,0,0,0,0,0,1
88.749735,0,0,0,0,0,1,0,0,0,1,0,1,0,1,0,1,0,0
88.767286,1,0,0,1,0,0,1,0,0,1,1,0,1,1,1,0,1,0
88.781318,0,0,0,0,1,0,0,0,0,0,0,0,0,0,0,0,0,0
88.796948,0,0,1,0,0,0,0,0,1,0,0,0,1,0,0,0,0,0
88.800840,0,0,0,0,0,1,0,0,0,1,0,1,0,1,0,1,0,0
88.801771,0,0,0,0,0,0,0,1,0,0,0,0,0,0,0,0,0,1
88.818541,1,0,0,0,0,0,0,0,1,0,0,0,1,0,0,0,0,0
88.833461,0,0,0,0,1,0,1,0,0,1,0,1,0,1,0,0,1,0
88.848903,0,0,0,0,0,1,0,0,0,0,0,0,0,1,1,0,0,0
88.848976,0,0,0,0,0,0,0,1,0,0,0,0,0,0,0,0,0,1
88.860218,0,1,1,0,0,0,0,0,0,1,1,0,1,0,0,1,0,0
88.874492,1,0,0,0,0,0,0,0,1,0,0,0,1,0,0,0,0,0
88.877447,0,0,0,0,0,0,1,0,0,1,0,1,0,1,0,0,1,0
88.886918,0,0,0,0,1,0,0,0,0,0,0,0,0,0,0,0,0,0
88.899236,0,0,1,0,0,0,0,0,1,0,0,0,1,0,0,0,0,0
88.900208,0,0,0,0,0,1,0,0,0,1,0,1,0,1,0,1,0,0
88.901016,0,0,0,0,0,0,0,1,0,0,0,0,0,0,0,0,0,1
88.910454,1,0,0,0,0,0,0,0,1,0,0,0,1,0,0,0,0,0
88.938947,0,0,0,0,1,0,0,0,0,0,0,0,0,0,0,0,0,0
88.944587,0,0,0,0,0,0,1,0,0,1,0,1,0,1,0,0,1,0
88.948315,0,0,0,0,0,0,0,1,0,0,0,0,0,0,0,0,0,1
88.950848,0,0,0,0,0,1,0,0,0,0,0,0,0,1,1,0,0,0
88.970953,0,1,1,0,0,0,0,0,0,1,1,0,1,0,0,1,0,0
88.983101,0,0,0,0,1,0,0,0,0,0,0,0,0,0,0,0,0,0
88.985392,1,0,0,0,0,0,0,0,1,0,0,0,1,0,0,0,0,0
88.989095,0,0,0,0,0,0,1,0,0,1,0,1,0,1,0,0,1,0
88.999193,0,0,0,0,0,1,0,0,0,0,0,0,0,1,1,0,0,0
88.999881,0,0,0,0,0,0,0,1,0,0,0,0,0,0,0,0,0,1
89.012218,0,1,1,0,0,0,0,0,0,1,1,0,1,0,0,1,0,0
89.024172,1,0,0,0,0,0,0,0,1,0,0,0,1,0,0,0,0,0
89.035933,0,0,0,0,0,0,1,0,0,1,0,1,0,1,0,0,1,0
89.039409,0,0,0,0,1,0,0,0,0,0,0,0,0,0,0,0,0,0
89.049447,0,0,0,0,0,0,0,1,0,0,0,0,0,0,0,0,0,1
89.050674,0,0,0,0,0,1,0,0,0,0,0,0,0,1,1,0,0,0
89.055993,0,1,1,0,0,0,0,0,0,1,1,0,1,0,0,1,0,0
89.066485,1,0,0,0,0,0,0,0,1,0,0,0,1,0,0,0,0,0
89.085182,0,0,0,0,1,0,1,0,0,1,0,1,0,1,0,0,1,0
89.099176,0,0,0,0,0,1,0,0,0,0,0,0,0,1,1,0,0,0
89.101157,0,0,0,0,0,0,0,1,0,0,0,0,0,0,0,0,0,1
89.105642,0,1,1,0,0,0,0,0,0,1,1,0,1,0,0,1,0,0
89.121012,1,0,0,1,0,0,1,0,0,1,1,0,1,1,1,0,1,0
89.139009,0,0,0,0,1,0,0,0,0,0,0,0,0,0,0,0,0,0
89.145377,0,0,1,0,0,0,0,0,1,0,0,0,1,0,0,0,0,0
89.150527,0,0,0,0,0,1,0,0,0,1,0,1,0,1,0,1,0,0
89.151574,0,0,0,0,0,0,0,1,0,0,0,0,0,0,0,0,0,1
89.169213,1,0,0,1,0,0,1,0,0,1,1,0,1,1,1,0,1,0
89.189322,0,0,0,0,1,0,0,0,0,0,0,0,0,0,0,0,0,0
89.192704,0,0,1,0,0,0,0,0,1,0,0,0,1,0,0,0,0,0
89.199192,0,0,0,0,0,0,0,1,0,0,0,0,0,0,0,0,0,1
89.200331,0,0,0,0,0,1,0,0,0,1,0,1,0,1,0,1,0,0
89.211609,1,0,0,0,0,0,0,0,1,0,0,0,1,0,0,0,0,0
89.235867,0,0,0,0,1,0,1,0,0,1,0,1,0,1,0,0,1,0
89.248715,0,0,0,0,0,0,0,1,0,0,0,0,0,0,0,0,0,1
89.248922,0,0,0,0,0,1,0,0,0,0,0,0,0,1,1,0,0,0
89.261878,0,1,1,0,0,0,0,0,0,1,1,0,1,0,0,1,0,0
89.277387,1,0,0,1,0,0,1,0,0,1,1,0,1,1,1,0,1,0
89.285552,0,0,0,0,1,0,0,0,0,0,0,0,0,0,0,0,0,0
89.299807,0,0,1,0,0,0,0,0,1,0,0,0,1,0,0,0,0,0
89.300958,0,0,0,0,0,1,0,0,0,1,0,1,0,1,0,1,0,0
89.302010,0,0,0,0,0,0,0,1,0,0,0,0,0,0,0,0,0,1
89.314617,1,0,0,1,0,0,1,0,0,1,1,0,1,1,1,0,1,0
89.335891,0,0,0,0,1,0,0,0,0,0,0,0,0,0,0,0,0,0
89.342635,0,0,1,0,0,0,0,0,1,0,0,0,1,0,0,0,0,0
89.350097,0,0,0,0,0,0,0,1,0,0,0,0,0,0,0,0,0,1
89.350190,0,0,0,0,0,1,0,0,0,1,0,1,0,1,0,1,0,0
89.365140,1,0,0,1,0,0,1,0,0,1,1,0,1,1,1,0,1,0
89.382776,0,0,0,0,1,0,0,0,0,0,0,0,0,0,0,0,0,0
89.387555,0,0,1,0,0,0,0,0,1,0,0,0,1,0,0,0,0,0
89.397093,0,0,0,0,0,0,0,1,0,0,0,0,0,0,0,0,0,1
89.400397,0,0,0,0,0,1,0,0,0,1,0,1,0,1,0,1,0,0
89.413024,1,0,0,1,0,0,1,0,0,1,1,0,1,1,1,0,1,0
89.430289,0,0,0,0,1,0,0,0,0,0,0,0,0,0,0,0,0,0
89.436300,0,0,1,0,0,0,0,0,1,0,0,0,1,0,0,0,0,0
89.450434,0,0,0,0,0,1,0,0,0,1,0,1,0,1,0,1,0,0
89.453564,0,0,0,0,0,0,0,1,0,0,0,0,0,0,0,0,0,1
89.462904,1,0,0,1,0,0,1,0,0,1,1,0,1,1,1,0,1,0
89.484544,0,0,1,0,0,0,0,0,1,0,0,0,1,0,0,0,0,0
89.485531,0,0,0,0,1,0,0,0,0,0,0,0,0,0,0,0,0,0
89.498310,0,0,0,0,0,0,0,1,0,0,0,0,0,0,0,0,0,1
89.501324,0,0,0,0,0,1,0,0,0,1,0,1,0,1,0,1,0,0
89.514407,1,0,0,0,0,0,0,0,1,0,0,0,1,0,0,0,0,0
89.522833,0,0,0,0,0,0,1,0,0,1,0,1,0,1,0,0,1,0
89.534599,0,0,0,0,1,0,0,0,0,0,0,0,0,0,0,0,0,0
89.544712,0,0,1,0,0,0,0,0,1,0,0,0,1,0,0,0,0,0
89.548609,0,0,0,0,0,0,0,1,0,0,0,0,0,0,0,0,0,1
89.549703,0,0,0,0,0,1,0,0,0,1,0,1,0,1,0,1,0,0
89.567040,1,0,0,1,0,0,1,0,0,1,1,0,1,1,1,0,1,0
89.581534,0,0,0,0,1,0,0,0,0,0,0,0,0,0,0,0,0,0
89.587118,0,0,1,0,0,0,0,0,1,0,0,0,1,0,0,0,0,0
89.596439,0,0,0,0,0,0,0,1,0,0,0,0,0,0,0,0,0,1
89.600044,0,0,0,0,0,1,0,0,0,1,0,1,0,1,0,1,0,0
89.614844,1,0,0,1,0,0,1,0,0,1,1,0,1,1,1,0,1,0
89.632978,0,0,0,0,1,0,0,0,0,0,0,0,0,0,0,0,0,0
89.642646,0,0,1,0,0,0,0,0,1,0,0,0,1,0,0,0,0,0
89.650987,0,0,0,0,0,1,0,0,0,1,0,1,0,1,0,1,0,0
89.653641,0,0,0,0,0,0,0,1,0,0,0,0,0,0,0,0,0,1
89.668043,1,0,0,1,0,0,1,0,0,1,1,0,1,1,1,0,1,0
89.688053,0,0,1,0,0,0,0,0,1,0,0,0,1,0,0,0,0,0
89.692045,0,0,0,0,1,0,0,0,0,0,0,0,0,0,0,0,0,0
89.698568,0,0,0,0,0,0,0,1,0,0,0,0,0,0,0,0,0,1
89.701041,0,0,0,0,0,1,0,0,0,1,0,1,0,1,0,1,0,0
89.718542,1,0,0,0,0,0,0,0,1,0,0,0,1,0,0,0,0,0
89.731163,0,0,0,0,1,0,1,0,0,1,0,1,0,1,0,0,1,0
89.750888,0,0,0,0,0,0,0,1,0,0,0,0,0,0,0,0,0,1
89.751395,0,0,0,0,0,1,0,0,0,0,0,0,0,1,1,0,0,0
89.755048,0,1,1,0,0,0,0,0,0,1,1,0,1,0,0,1,0,0
89.772812,1,0,0,1,0,0,1,0,0,1,1,0,1,1,1,0,1,0
89.790133,0,0,0,0,1,0,0,0,0,0,0,0,0,0,0,0,0,0
89.797094,0,0,1,0,0,0,0,0,1,0,0,0,1,0,0,0,0,0
89.801116,0,0,0,0,0,0,0,1,0,0,0,0,0,0,0,0,0,1
89.801452,0,0,0,0,0,1,0,0,0,1,0,1,0,1,0,1,0,0
89.818305,1,0,0,1,0,0,1,0,0,1,1,0,1,1,1,0,1,0
89.840597,0,0,0,0,1,0,0,0,0,0,0,0,0,0,0,0,0,0
89.842267,0,0,1,0,0,0,0,0,1,0,0,0,1,0,0,0,0,0
89.849957,0,0,0,0,0,1,0,0,0,1,0,1,0,1,0,1,0,0
89.853628,0,0,0,0,0,0,0,1,0,0,0,0,0,0,0,0,0,1
89.862774,1,0,0,0,0,0,0,0,1,0,0,0,1,0,0,0,0,0
89.889501,0,0,0,0,1,0,0,0,0,0,0,0,0,0,0,0,0,0
89.896155,0,0,0,0,0,0,1,1,0,1,0,1,0,1,0,0,1,1
89.900638,0,0,0,0,0,1,0,0,0,0,0,0,0,1,1,0,0,0
89.920067,0,1,1,0,0,0,0,0,0,1,1,0,1,0,0,1,0,0
89.931679,1,0,0,1,0,0,1,0,0,1,1,0,1,1,1,0,1,0
89.933908,0,0,0,0,1,0,0,0,0,0,0,0,0,0,0,0,0,0
89.951014,0,0,0,0,0,1,0,0,0,0,0,0,0,1,1,0,0,0
89.951394,0,0,0,0,0,0,0,1,0,0,0,0,0,0,0,0,0,1
89.954871,0,1,1,0,0,0,0,0,0,1,1,0,1,0,0,1,0,0
89.968637,1,0,0,1,0,0,1,0,0,1,1,0,1,1,1,0,1,0
89.986488,0,0,0,0,1,0,0,0,0,0,0,0,0,0,0,0,0,0
89.989478,0,0,1,0,0,0,0,0,1,0,0,0,1,0,0,0,0,0
89.996487,0,0,0,0,0,0,0,1,0,0,0,0,0,0,0,0,0,1
89.998961,0,0,0,0,0,1,0,0,0,1,0,1,0,1,0,1,0,0
90.017319,1,0,0,1,0,0,1,0,0,1,1,0,1,1,1,0,1,0
90.026883,0,0,0,0,1,0,0,0,0,0,0,0,0,0,0,0,0,0
90.042377,0,0,1,0,0,0,0,0,1,0,0,0,1,0,0,0,0,0
90.049831,0,0,0,0,0,1,0,0,0,1,0,1,0,1,0,1,0,0
90.053052,0,0,0,0,0,0,0,1,0,0,0,0,0,0,0,0,0,1
90.064603,1,0,0,1,0,0,1,0,0,1,1,0,1,1,1,0,1,0
90.085911,0,0,1,0,0,0,0,0,1,0,0,0,1,0,0,0,0,0
90.089463,0,0,0,0,1,0,0,0,0,0,0,0,0,0,0,0,0,0
90.099745,0,0,0,0,0,0,0,1,0,0,0,0,0,0,0,0,0,1
90.099951,0,0,0,0,0,1,0,0,0,1,0,1,0,1,0,1,0,0
90.111275,1,0,0,0,0,0,0,0,1,0,0,0,1,0,0,0,0,0
90.113365,0,0,0,0,0,0,1,0,0,1,0,1,0,1,0,0,1,0
90.138806,0,0,1,0,0,0,0,0,1,0,0,0,1,0,0,0,0,0
90.138919,0,0,0,0,1,0,0,0,0,0,0,0,0,0,0,0,0,0
90.149306,0,0,0,0,0,1,0,0,0,1,0,1,0,1,0,1,0,0
90.151852,0,0,0,0,0,0,0,1,0,0,0,0,0,0,0,0,0,1
90.163477,1,0,0,1,0,0,1,0,0,1,1,0,1,1,1,0,1,0
90.184548,0,0,1,0,0,0,0,0,1,0,0,0,1,0,0,0,0,0
90.190775,0,0,0,0,1,0,0,0,0,0,0,0,0,0,0,0,0,0
90.198646,0,0,0,0,0,0,0,1,0,0,0,0,0,0,0,0,0,1
90.201423,0,0,0,0,0,1,0,0,0,1,0,1,0,1,0,1,0,0
90.217583,1,0,0,0,0,0,0,0,1,0,0,0,1,0,0,0,0,0
90.230273,0,0,0,0,0,0,1,0,0,1,0,1,0,1,0,0,1,0
90.237706,0,0,0,0,1,0,0,0,0,0,0,0,0,0,0,0,0,0
90.250963,0,0,0,0,0,1,0,0,0,0,0,0,0,1,1,0,0,0
90.251138,0,0,0,0,0,0,0,1,0,0,0,0,0,0,0,0,0,1
90.257329,0,1,1,0,0,0,0,0,0,1,1,0,1,0,0,1,0,0
90.269349,1,0,0,1,0,0,1,0,0,1,1,0,1,1,1,0,1,0
90.287309,0,0,0,0,1,0,0,0,0,0,0,0,0,0,0,0,0,0
90.293943,0,0,1,0,0,0,0,0,1,0,0,0,1,0,0,0,0,0
90.300302,0,0,0,0,0,1,0,0,0,1,0,1,0,1,0,1,0,0
90.302944,0,0,0,0,0,0,0,1,0,0,0,0,0,0,0,0,0,1
90.315078,1,0,0,0,0,0,0,0,1,0,0,0,1,0,0,0,0,0
90.338489,0,0,0,0,1,0,1,0,0,1,0,1,0,1,0,0,1,0
90.348269,0,0,0,0,0,0,0,1,0,0,0,0,0,0,0,0,0,1
90.349499,0,0,0,0,0,1,0,0,0,0,0,0,0,1,1,0,0,0
90.358873,0,1,1,0,0,0,0,0,0,1,1,0,1,0,0,1,0,0
90.378650,1,0,0,1,0,0,1,0,0,1,1,0,1,1,1,0,1,0
90.379561,0,0,0,0,1,0,0,0,0,0,0,0,0,0,0,0,0,0
90.400489,0,0,1,0,0,0,0,0,1,0,0,0,1,0,0,0,0,0
90.400597,0,0,0,0,0,1,0,0,0,1,0,1,0,1,0,1,0,0
90.401882,0,0,0,0,0,0,0,1,0,0,0,0,0,0,0,0,0,1
90.412753,1,0,0,1,0,0,1,0,0,1,1,0,1,1,1,0,1,0
90.434189,0,0,1,0,0,0,0,0,1,0,0,0,1,0,0,0,0,0
90.436111,0,0,0,0,1,0,0,0,0,0,0,0,0,0,0,0,0,0
90.450994,0,0,0,0,0,1,0,0,0,1,0,1,0,1,0,1,0,0
90.452267,0,0,0,0,0,0,0,1,0,0,0,0,0,0,0,0,0,1
90.470346,1,0,0,1,0,0,1,0,0,1,1,0,1,1,1,0,1,0
90.484294,0,0,0,0,1,0,0,0,0,0,0,0,0,0,0,0,0,0
90.493295,0,0,1,0,0,0,0,0,1,0,0,0,1,0,0,0,0,0
90.499501,0,0,0,0,0,1,0,0,0,1,0,1,0,1,0,1,0,0
90.503655,0,0,0,0,0,0,0,1,0,0,0,0,0,0,0,0,0,1
90.512198,1,0,0,0,0,0,0,0,1,0,0,0,1,0,0,0,0,0
90.541926,0,0,0,0,1,0,0,0,0,0,0,0,0,0,0,0,0,0
90.546620,0,0,0,0,0,0,1,1,0,1,0,1,0,1,0,0,1,1
90.550951,0,0,0,0,0,1,0,0,0,0,0,0,0,1,1,0,0,0
90.568095,0,1,1,0,0,0,0,0,0,1,1,0,1,0,0,1,0,0
90.578598,1,0,0,1,0,0,1,0,0,1,1,0,1,1,1,0,1,0
90.580088,0,0,0,0,1,0,0,0,0,0,0,0,0,0,0,0,0,0
90.598706,0,0,0,0,0,0,0,1,0,0,0,0,0,0,0,0,0,1
90.599962,0,0,0,0,0,1,0,0,0,0,0,0,0,1,1,0,0,0
90.602922,0,1,1,0,0,0,0,0,0,1,1,0,1,0,0,1,0,0
90.620247,1,0,0,1,0,0,1,0,0,1,1,0,1,1,1,0,1,0
90.631707,0,0,0,0,1,0,0,0,0,0,0,0,0,0,0,0,0,0
90.642394,0,0,1,0,0,0,0,0,1,0,0,0,1,0,0,0,0,0
90.649166,0,0,0,0,0,1,0,0,0,1,0,1,0,1,0,1,0,0
90.649780,0,0,0,0,0,0,0,1,0,0,0,0,0,0,0,0,0,1
90.659598,1,0,0,1,0,0,1,0,0,1,1,0,1,1,1,0,1,0
90.681864,0,0,0,0,1,0,0,0,0,0,0,0,0,0,0,0,0,0
90.686154,0,0,1,0,0,0,0,0,1,0,0,0,1,0,0,0,0,0
90.699299,0,0,0,0,0,1,0,0,0,1,0,1,0,1,0,1,0,0
90.702045,0,0,0,0,0,0,0,1,0,0,0,0,0,0,0,0,0,1
90.715697,1,0,0,0,0,0,0,0,1,0,0,0,1,0,0,0,0,0
90.741650,0,0,0,0,1,0,0,0,0,0,0,0,0,0,0,0,0,0
90.748851,0,0,0,0,0,0,1,1,0,1,0,1,0,1,0,0,1,1
90.751510,0,0,0,0,0,1,0,0,0,0,0,0,0,1,1,0,0,0
90.774075,0,1,1,0,0,0,0,0,0,1,1,0,1,0,0,1,0,0
90.785183,0,0,0,0,1,0,0,0,0,0,0,0,0,0,0,0,0,0
90.787600,1,0,0,0,0,0,0,0,1,0,0,0,1,0,0,0,0,0
90.795755,0,0,0,0,0,0,1,0,0,1,0,1,0,1,0,0,1,0
90.799392,0,0,0,0,0,1,0,0,0,0,0,0,0,1,1,0,0,0
90.803344,0,0,0,0,0,0,0,1,0,0,0,0,0,0,0,0,0,1
90.818397,0,1,1,0,0,0,0,0,0,1,1,0,1,0,0,1,0,0
90.836053,0,0,0,0,1,0,0,0,0,0,0,0,0,0,0,0,0,0
90.836278,1,0,0,0,0,0,0,0,1,0,0,0,1,0,0,0,0,0
90.848281,0,0,0,0,0,1,1,0,0,1,0,1,0,1,0,0,1,0
90.852600,0,0,0,0,0,0,0,1,0,0,0,0,0,0,0,0,0,1
90.874870,0,1,1,0,0,0,0,0,0,1,1,0,1,0,0,1,0,0
90.887583,0,0,0,0,1,0,0,0,0,0,0,0,0,0,0,0,0,0
90.889593,1,0,0,1,0,0,1,0,0,1,1,0,1,1,1,0,1,0
90.896185,0,0,0,0,0,0,0,1,0,0,0,0,0,0,0,0,0,1
90.898817,0,0,0,0,0,1,0,0,0,0,0,0,0,1,1,0,0,0
90.914155,0,1,1,0,0,0,0,0,0,1,1,0,1,0,0,1,0,0
90.926996,1,0,0,0,0,0,0,0,1,0,0,0,1,0,0,0,0,0
90.931591,0,0,0,0,1,0,0,0,0,0,0,0,0,0,0,0,0,0
90.940837,0,0,0,0,0,0,1,0,0,1,0,1,0,1,0,0,1,0
90.948163,0,0,0,0,0,0,0,1,0,0,0,0,0,0,0,0,0,1
90.950966,0,0,0,0,0,1,0,0,0,0,0,0,0,1,1,0,0,0
90.962357,0,1,1,0,0,0,0,0,0,1,1,0,1,0,0,1,0,0
90.981146,1,0,0,0,0,0,0,0,1,0,0,0,1,0,0,0,0,0
90.984431,0,0,0,0,1,0,0,0,0,0,0,0,0,0,0,0,0,0
90.987273,0,0,0,0,0,0,1,0,0,1,0,1,0,1,0,0,1,0
91.000378,0,0,0,0,0,1,0,0,0,0,0,0,0,1,1,0,0,0
91.001012,0,0,0,0,0,0,0,1,0,0,0,0,0,0,0,0,0,1
91.016582,0,1,1,0,0,0,0,0,0,1,1,0,1,0,0,1,0,0
91.033263,0,0,0,0,1,0,0,0,0,0,0,0,0,0,0,0,0,0
91.034521,1,0,0,1,0,0,1,0,0,1,1,0,1,1,1,0,1,0
91.048162,0,0,0,0,0,1,0,0,0,0,0,0,0,1,1,0,0,0
91.052597,0,0,0,0,0,0,0,1,0,0,0,0,0,0,0,0,0,1
91.061487,0,1,1,0,0,0,0,0,0,1,1,0,1,0,0,1,0,0
91.074012,1,0,0,1,0,0,1,0,0,1,1,0,1,1,1,0,1,0
91.085340,0,0,0,0,1,0,0,0,0,0,0,0,0,0,0,0,0,0
91.098985,0,0,0,0,0,1,0,0,0,0,0,0,0,1,1,0,0,0
91.098999,0,0,0,0,0,0,0,1,0,0,0,0,0,0,0,0,0,1
91.103642,0,1,1,0,0,0,0,0,0,1,1,0,1,0,0,1,0,0
91.121939,1,0,0,1,0,0,1,0,0,1,1,0,1,1,1,0,1,0
91.135679,0,0,0,0,1,0,0,0,0,0,0,0,0,0,0,0,0,0
91.144519,0,0,1,0,0,0,0,0,1,0,0,0,1,0,0,0,0,0
91.148918,0,0,0,0,0,0,0,1,0,0,0,0,0,0,0,0,0,1
91.149247,0,0,0,0,0,1,0,0,0,1,0,1,0,1,0,1,0,0
91.162597,1,0,0,1,0,0,1,0,0,1,1,0,1,1,1,0,1,0
91.184230,0,0,0,0,1,0,0,0,0,0,0,0,0,0,0,0,0,0
91.188434,0,0,1,0,0,0,0,0,1,0,0,0,1,0,0,0,0,0
91.200196,0,0,0,0,0,1,0,0,0,1,0,1,0,1,0,1,0,0
91.201243,0,0,0,0,0,0,0,1,0,0,0,0,0,0,0,0,0,1
91.213882,1,0,0,0,0,0,0,0,1,0,0,0,1,0,0,0,0,0
91.234300,0,0,0,0,1,0,0,0,0,0,0,0,0,0,0,0,0,0
91.248983,0,0,0,0,0,1,1,0,0,1,0,1,0,1,0,1,0,0
91.251914,0,0,0,0,0,0,0,1,0,0,0,0,0,0,0,0,0,1
91.264958,1,0,0,1,0,0,1,0,0,1,1,0,1,1,1,0,1,0
91.285756,0,0,1,1,0,0,0,0,0,1,1,0,1,0,0,0,1,0
91.290303,0,0,0,0,1,0,0,0,0,0,0,0,0,0,0,0,0,0
91.299862,0,0,0,0,0,1,0,0,0,0,0,0,0,1,1,0,0,0
91.301214,0,0,0,0,0,0,0,1,0,0,0,0,0,0,0,0,0,1
91.306900,0,1,1,0,0,0,0,0,0,1,1,0,1,0,0,1,0,0
91.324362,1,0,0,1,0,0,1,0,0,1,1,0,1,1,1,0,1,0
91.334777,0,0,0,0,1,0,0,0,0,0,0,0,0,0,0,0,0,0
91.347475,0,0,1,0,0,0,0,0,1,0,0,0,1,0,0,0,0,0
91.348919,0,0,0,0,0,1,0,0,0,1,0,1,0,1,0,1,0,0
91.350428,0,0,0,0,0,0,0,1,0,0,0,0,0,0,0,0,0,1
91.360188,1,0,0,1,0,0,1,0,0,1,1,0,1,1,1,0,1,0
91.384112,0,0,1,0,0,0,0,0,1,0,0,0,1,0,0,0,0,0
91.389415,0,0,0,0,1,0,0,0,0,0,0,0,0,0,0,0,0,0
91.399846,0,0,0,0,0,0,0,1,0,0,0,0,0,0,0,0,0,1
91.400035,0,0,0,0,0,1,0,0,0,1,0,1,0,1,0,1,0,0
91.417539,1,0,0,0,0,0,0,0,1,0,0,0,1,0,0,0,0,0
91.432781,0,0,0,0,1,0,0,0,0,0,0,0,0,0,0,0,0,0
91.438115,0,0,0,0,0,0,1,0,0,1,0,1,0,1,0,0,1,0
91.450276,0,0,0,0,0,1,0,0,0,0,0,0,0,1,1,0,0,0
91.450611,0,0,0,0,0,0,0,1,0,0,0,0,0,0,0,0,0,1
91.459676,0,1,1,0,0,0,0,0,0,1,1,0,1,0,0,1,0,0
91.475348,1,0,0,1,0,0,1,0,0,1,1,0,1,1,1,0,1,0
91.489426,0,0,0,0,1,0,0,0,0,0,0,0,0,0,0,0,0,0
91.500191,0,0,0,0,0,1,0,0,0,0,0,0,0,1,1,0,0,0
91.501581,0,0,0,0,0,0,0,1,0,0,0,0,0,0,0,0,0,1
91.501933,0,1,1,0,0,0,0,0,0,1,1,0,1,0,0,1,0,0
91.518010,1,0,0,1,0,0,1,0,0,1,1,0,1,1,1,0,1,0
91.539411,0,0,0,0,1,0,0,0,0,0,0,0,0,0,0,0,0,0
91.547406,0,0,0,0,0,0,0,1,0,0,0,0,0,0,0,0,0,1
91.547911,0,0,1,0,0,0,0,0,1,0,0,0,1,0,0,0,0,0
91.550098,0,0,0,0,0,1,0,0,0,1,0,1,0,1,0,1,0,0
91.562420,1,0,0,0,0,0,0,0,1,0,0,0,1,0,0,0,0,0
91.582299,0,0,0,0,1,0,0,0,0,0,0,0,0,0,0,0,0,0
91.598634,0,0,0,0,0,1,0,0,0,1,0,1,0,1,0,1,0,0
91.600512,0,0,0,0,0,0,1,0,0,0,0,0,0,1,1,0,0,0
91.601552,0,0,0,0,0,0,0,1,0,0,0,0,0,0,0,0,0,1
91.609355,1,0,0,1,0,0,0,0,0,1,1,0,1,0,0,0,1,0
91.634554,0,0,1,0,0,0,0,0,1,0,0,0,1,0,0,0,0,0
91.635115,0,0,0,0,1,0,1,0,0,1,0,1,0,1,0,0,1,0
91.649936,0,0,0,0,0,1,0,0,0,0,0,0,0,1,1,0,0,0
91.650683,0,0,0,0,0,0,0,1,0,0,0,0,0,0,0,0,0,1
91.658792,0,1,1,0,0,0,0,0,0,1,1,0,1,0,0,1,0,0
91.676433,1,0,0,0,0,0,0,0,1,0,0,0,1,0,0,0,0,0
91.684720,0,0,0,0,0,0,1,0,0,1,0,1,0,1,0,0,1,0
91.687590,0,0,0,0,1,0,0,0,0,0,0,0,0,0,0,0,0,0
91.700629,0,0,0,0,0,1,0,0,0,0,0,0,0,1,1,0,0,0
91.701971,0,0,0,0,0,0,0,1,0,0,0,0,0,0,0,0,0,1
91.708888,0,1,1,0,0,0,0,0,0,1,1,0,1,0,0,1,0,0
91.728679,1,0,0,1,0,0,1,0,0,1,1,0,1,1,1,0,1,0
91.739185,0,0,0,0,1,0,0,0,0,0,0,0,0,0,0,0,0,0
91.749694,0,0,0,0,0,1,0,0,0,0,0,0,0,1,1,0,0,0
91.750750,0,0,0,0,0,0,0,1,0,0,0,0,0,0,0,0,0,1
91.754526,0,1,1,0,0,0,0,0,0,1,1,0,1,0,0,1,0,0
91.765258,1,0,0,1,0,0,1,0,0,1,1,0,1,1,1,0,1,0
91.780854,0,0,0,0,1,0,0,0,0,0,0,0,0,0,0,0,0,0
91.786304,0,0,1,0,0,0,0,0,1,0,0,0,1,0,0,0,0,0
91.799951,0,0,0,0,0,1,0,0,0,1,0,1,0,1,0,1,0,0
91.803447,0,0,0,0,0,0,0,1,0,0,0,0,0,0,0,0,0,1
91.814075,1,0,0,0,0,0,0,0,1,0,0,0,1,0,0,0,0,0
91.820116,0,0,0,0,0,0,1,0,0,1,0,1,0,1,0,0,1,0
91.837533,0,0,0,0,1,0,0,0,0,0,0,0,0,0,0,0,0,0
91.845323,0,0,1,0,0,0,0,0,1,0,0,0,1,0,0,0,0,0
91.848028,0,0,0,0,0,0,0,1,0,0,0,0,0,0,0,0,0,1
91.849556,0,0,0,0,0,1,0,0,0,1,0,1,0,1,0,1,0,0
91.862591,1,0,0,0,0,0,0,0,1,0,0,0,1,0,0,0,0,0
91.884646,0,0,0,0,1,0,0,0,0,0,0,0,0,0,0,0,0,0
91.898908,0,0,0,0,0,1,0,0,0,1,0,1,0,1,0,1,0,0
91.900582,0,0,0,0,0,0,0,1,0,0,0,0,0,0,0,0,0,1
91.902939,0,0,0,0,0,0,1,0,0,0,0,0,0,1,1,0,0,0
91.918162,1,0,0,1,0,0,0,0,0,1,1,0,1,0,0,0,1,0
91.930355,0,0,0,0,0,0,1,0,0,0,0,0,0,1,1,0,0,0
91.940297,0,0,1,1,0,0,0,0,0,1,1,0,1,0,0,0,1,0
91.940383,0,0,0,0,1,0,0,0,0,0,0,0,0,0,0,0,0,0
91.949614,0,0,0,0,0,0,0,1,0,0,0,0,0,0,0,0,0,1
91.950696,0,0,0,0,0,1,0,0,0,0,0,0,0,1,1,0,0,0
91.963942,0,1,1,0,0,0,0,0,0,1,1,0,1,0,0,1,0,0
91.975196,1,0,0,1,0,0,1,0,0,1,1,0,1,1,1,0,1,0
91.985429,0,0,0,0,1,0,0,0,0,0,0,0,0,0,0,0,0,0
91.999910,0,0,0,0,0,0,0,1,0,0,0,0,0,0,0,0,0,1
91.999915,0,0,0,0,0,1,0,0,0,0,0,0,0,1,1,0,0,0
92.003183,0,1,1,0,0,0,0,0,0,1,1,0,1,0,0,1,0,0
92.017181,1,0,0,1,0,0,1,0,0,1,1,0,1,1,1,0,1,0
92.034428,0,0,0,0,1,0,0,0,0,0,0,0,0,0,0,0,0,0
92.043367,0,0,1,0,0,0,0,0,1,0,0,0,1,0,0,0,0,0
92.050211,0,0,0,0,0,1,0,0,0,1,0,1,0,1,0,1,0,0
92.051104,0,0,0,0,0,0,0,1,0,0,0,0,0,0,0,0,0,1
92.066423,1,0,0,0,0,0,0,0,1,0,0,0,1,0,0,0,0,0
92.079116,0,0,0,0,0,0,1,0,0,1,0,1,0,1,0,0,1,0
92.087170,0,0,0,0,1,0,0,0,0,0,0,0,0,0,0,0,0,0
92.099414,0,0,0,0,0,1,0,0,0,0,0,0,0,1,1,0,0,0
92.099616,0,0,0,0,0,0,0,1,0,0,0,0,0,0,0,0,0,1
92.104750,0,1,1,0,0,0,0,0,0,1,1,0,1,0,0,1,0,0
92.120190,1,0,0,1,0,0,1,0,0,1,1,0,1,1,1,0,1,0
92.135228,0,0,0,0,1,0,0,0,0,0,0,0,0,0,0,0,0,0
92.142173,0,0,1,0,0,0,0,0,1,0,0,0,1,0,0,0,0,0
92.149533,0,0,0,0,0,0,0,1,0,0,0,0,0,0,0,0,0,1
92.149576,0,0,0,0,0,1,0,0,0,1,0,1,0,1,0,1,0,0
92.168494,1,0,0,0,0,0,0,0,1,0,0,0,1,0,0,0,0,0
92.178257,0,0,0,0,0,0,1,0,0,1,0,1,0,1,0,0,1,0
92.186559,0,0,0,0,1,0,0,0,0,0,0,0,0,0,0,0,0,0
92.200111,0,0,0,0,0,0,0,1,0,0,0,0,0,0,0,0,0,1
92.200839,0,0,1,0,0,0,0,0,1,0,0,0,1,0,0,0,0,0
92.201991,0,0,0,0,0,1,0,0,0,1,0,1,0,1,0,1,0,0
92.218532,1,0,0,1,0,0,1,0,0,1,1,0,1,1,1,0,1,0
92.238709,0,0,0,0,1,0,0,0,0,0,0,0,0,0,0,0,0,0
92.244926,0,0,1,0,0,0,0,0,1,0,0,0,1,0,0,0,0,0
92.248455,0,0,0,0,0,0,0,1,0,0,0,0,0,0,0,0,0,1
92.250406,0,0,0,0,0,1,0,0,0,1,0,1,0,1,0,1,0,0
92.266855,1,0,0,1,0,0,1,0,0,1,1,0,1,1,1,0,1,0
92.284627,0,0,0,0,1,0,0,0,0,0,0,0,0,0,0,0,0,0
92.293468,0,0,1,0,0,0,0,0,1,0,0,0,1,0,0,0,0,0
92.300678,0,0,0,0,0,1,0,0,0,1,0,1,0,1,0,1,0,0
92.302054,0,0,0,0,0,0,0,1,0,0,0,0,0,0,0,0,0,1
92.310898,1,0,0,1,0,0,1,0,0,1,1,0,1,1,1,0,1,0
92.333454,0,0,1,0,0,0,0,0,1,0,0,0,1,0,0,0,0,0
92.337634,0,0,0,0,1,0,0,0,0,0,0,0,0,0,0,0,0,0
92.350018,0,0,0,0,0,1,0,0,0,1,0,1,0,1,0,1,0,0
92.352611,0,0,0,0,0,0,0,1,0,0,0,0,0,0,0,0,0,1
92.364555,1,0,0,1,0,0,1,0,0,1,1,0,1,1,1,0,1,0
92.389203,0,0,0,0,1,0,0,0,0,0,0,0,0,0,0,0,0,0
92.391983,0,0,1,0,0,0,0,0,1,0,0,0,1,0,0,0,0,0
92.401687,0,0,0,0,0,1,0,0,0,1,0,1,0,1,0,1,0,0
92.402717,0,0,0,0,0,0,0,1,0,0,0,0,0,0,0,0,0,1
92.413297,1,0,0,1,0,0,1,0,0,1,1,0,1,1,1,0,1,0
92.435832,0,0,0,0,1,0,0,0,0,0,0,0,0,0,0,0,0,0
92.437738,0,0,1,0,0,0,0,0,1,0,0,0,1,0,0,0,0,0
92.449932,0,0,0,0,0,0,0,1,0,0,0,0,0,0,0,0,0,1
92.450004,0,0,0,0,0,1,0,0,0,1,0,1,0,1,0,1,0,0
92.460461,1,0,0,1,0,0,1,0,0,1,1,0,1,1,1,0,1,0
92.488953,0,0,0,0,1,0,0,0,0,0,0,0,0,0,0,0,0,0
92.489876,0,0,1,0,0,0,0,0,1,0,0,0,1,0,0,0,0,0
92.496442,0,0,0,0,0,0,0,1,0,0,0,0,0,0,0,0,0,1
92.500040,0,0,0,0,0,1,0,0,0,1,0,1,0,1,0,1,0,0
92.515264,1,0,0,1,0,0,1,0,0,1,1,0,1,1,1,0,1,0
92.531521,0,0,0,0,1,0,0,0,0,0,0,0,0,0,0,0,0,0
92.535274,0,0,1,0,0,0,0,0,1,0,0,0,1,0,0,0,0,0
92.548893,0,0,0,0,0,0,0,1,0,0,0,0,0,0,0,0,0,1
92.550376,0,0,0,0,0,1,0,0,0,1,0,1,0,1,0,1,0,0
92.566268,1,0,0,1,0,0,1,0,0,1,1,0,1,1,1,0,1,0
92.583335,0,0,0,0,1,0,0,0,0,0,0,0,0,0,0,0,0,0
92.589001,0,0,1,0,0,0,0,0,1,0,0,0,1,0,0,0,0,0
92.599154,0,0,0,0,0,1,0,0,0,1,0,1,0,1,0,1,0,0
92.601607,0,0,0,0,0,0,0,1,0,0,0,0,0,0,0,0,0,1
92.609753,1,0,0,1,0,0,1,0,0,1,1,0,1,1,1,0,1,0
92.630806,0,0,1,0,0,0,0,0,1,0,0,0,1,0,0,0,0,0
92.637959,0,0,0,0,1,0,0,0,0,0,0,0,0,0,0,0,0,0
92.648689,0,0,0,0,0,0,0,1,0,0,0,0,0,0,0,0,0,1
92.649685,0,0,0,0,0,1,0,0,0,1,0,1,0,1,0,1,0,0
92.668019,1,0,0,1,0,0,1,0,0,1,1,0,1,1,1,0,1,0
92.685269,0,0,0,0,1,0,0,0,0,0,0,0,0,0,0,0,0,0
92.695706,0,0,1,0,0,0,0,0,1,0,0,0,1,0,0,0,0,0
92.696413,0,0,0,0,0,0,0,1,0,0,0,0,0,0,0,0,0,1
92.700918,0,0,0,0,0,1,0,0,0,1,0,1,0,1,0,1,0,0
92.714792,1,0,0,0,0,0,0,0,1,0,0,0,1,0,0,0,0,0
92.729505,0,0,0,0,0,0,1,0,0,1,0,1,0,1,0,0,1,0
92.732603,0,0,0,0,1,0,0,0,0,0,0,0,0,0,0,0,0,0
92.750215,0,0,0,0,0,1,0,0,0,0,0,0,0,1,1,0,0,0
92.750346,0,1,1,0,0,0,0,0,0,1,1,0,1,0,0,1,0,0
92.752650,0,0,0,0,0,0,0,1,0,0,0,0,0,0,0,0,0,1
92.769914,1,0,0,1,0,0,1,0,0,1,1,0,1,1,1,0,1,0
92.791208,0,0,1,0,0,0,0,0,1,0,0,0,1,0,0,0,0,0
92.791901,0,0,0,0,1,0,0,0,0,0,0,0,0,0,0,0,0,0
92.800473,0,0,0,0,0,1,0,0,0,1,0,1,0,1,0,1,0,0
92.800897,0,0,0,0,0,0,0,1,0,0,0,0,0,0,0,0,0,1
92.814691,1,0,0,1,0,0,1,0,0,1,1,0,1,1,1,0,1,0
92.837258,0,0,0,0,1,0,0,0,0,0,0,0,0,0,0,0,0,0
92.843571,0,0,1,0,0,0,0,0,1,0,0,0,1,0,0,0,0,0
92.849475,0,0,0,0,0,1,0,0,0,1,0,1,0,1,0,1,0,0
92.849514,0,0,0,0,0,0,0,1,0,0,0,0,0,0,0,0,0,1
92.867944,1,0,0,1,0,0,1,0,0,1,1,0,1,1,1,0,1,0
92.887319,0,0,0,0,1,0,0,0,0,0,0,0,0,0,0,0,0,0
92.888584,0,0,1,0,0,0,0,0,1,0,0,0,1,0,0,0,0,0
92.901530,0,0,0,0,0,1,0,0,0,1,0,1,0,1,0,1,0,0
92.901608,0,0,0,0,0,0,0,1,0,0,0,0,0,0,0,0,0,1
92.914935,1,0,0,0,0,0,0,0,1,0,0,0,1,0,0,0,0,0
92.920799,0,0,0,0,0,0,1,0,0,1,0,1,0,1,0,0,1,0
92.939496,0,0,0,0,1,0,0,0,0,0,0,0,0,0,0,0,0,0
92.944849,0,0,1,0,0,0,0,0,1,0,0,0,1,0,0,0,0,0
92.949138,0,0,0,0,0,1,0,0,0,1,0,1,0,1,0,1,0,0
92.953408,0,0,0,0,0,0,0,1,0,0,0,0,0,0,0,0,0,1
92.964415,1,0,0,1,0,0,1,0,0,1,1,0,1,1,1,0,1,0
92.986933,0,0,0,0,1,0,0,0,0,0,0,0,0,0,0,0,0,0
92.988444,0,0,1,0,0,0,0,0,1,0,0,0,1,0,0,0,0,0
92.999786,0,0,0,0,0,1,0,0,0,1,0,1,0,1,0,1,0,0
93.000539,0,0,0,0,0,0,0,1,0,0,0,0,0,0,0,0,0,1
93.017868,1,0,0,0,0,0,0,0,1,0,0,0,1,0,0,0,0,0
93.038698,0,0,0,0,1,0,1,0,0,1,0,1,0,1,0,0,1,0
93.046847,0,0,0,0,0,0,0,1,0,0,0,0,0,0,0,0,0,1
93.051088,0,0,0,0,0,1,0,0,0,0,0,0,0,1,1,0,0,0
93.065409,0,1,1,0,0,0,0,0,0,1,1,0,1,0,0,1,0,0
93.081982,1,0,0,1,0,0,1,0,0,1,1,0,1,1,1,0,1,0
93.084821,0,0,0,0,1,0,0,0,0,0,0,0,0,0,0,0,0,0
93.101125,0,0,0,0,0,1,0,0,0,0,0,0,0,1,1,0,0,0
93.103974,0,0,0,0,0,0,0,1,0,0,0,0,0,0,0,0,0,1
93.110213,0,1,1,0,0,0,0,0,0,1,1,0,1,0,0,1,0,0
93.128757,1,0,0,1,0,0,1,0,0,1,1,0,1,1,1,0,1,0
93.135772,0,0,0,0,1,0,0,0,0,0,0,0,0,0,0,0,0,0
93.149175,0,0,1,0,0,0,0,0,1,0,0,0,1,0,0,0,0,0
93.149926,0,0,0,0,0,0,0,1,0,0,0,0,0,0,0,0,0,1
93.151019,0,0,0,0,0,1,0,0,0,1,0,1,0,1,0,1,0,0
93.165828,1,0,0,1,0,0,1,0,0,1,1,0,1,1,1,0,1,0
93.185686,0,0,0,0,1,0,0,0,0,0,0,0,0,0,0,0,0,0
93.191080,0,0,1,0,0,0,0,0,1,0,0,0,1,0,0,0,0,0
93.201003,0,0,0,0,0,0,0,1,0,0,0,0,0,0,0,0,0,1
93.201508,0,0,0,0,0,1,0,0,0,1,0,1,0,1,0,1,0,0
93.217054,1,0,0,1,0,0,1,0,0,1,1,0,1,1,1,0,1,0
93.239265,0,0,1,0,0,0,0,0,1,0,0,0,1,0,0,0,0,0
93.239658,0,0,0,0,1,0,0,0,0,0,0,0,0,0,0,0,0,0
93.248368,0,0,0,0,0,1,0,0,0,1,0,1,0,1,0,1,0,0
93.253150,0,0,0,0,0,0,0,1,0,0,0,0,0,0,0,0,0,1
93.261504,1,0,0,0,0,0,0,0,1,0,0,0,1,0,0,0,0,0
93.263971,0,0,0,0,0,0,1,0,0,1,0,1,0,1,0,0,1,0
93.292889,0,0,0,0,1,0,0,0,0,0,0,0,0,0,0,0,0,0
93.293211,0,0,1,0,0,0,0,0,1,0,0,0,1,0,0,0,0,0
93.299610,0,0,0,0,0,0,0,1,0,0,0,0,0,0,0,0,0,1
93.300147,0,0,0,0,0,1,0,0,0,1,0,1,0,1,0,1,0,0
93.311421,1,0,0,0,0,0,0,0,1,0,0,0,1,0,0,0,0,0
93.333456,0,0,0,0,1,0,0,0,0,0,0,0,0,0,0,0,0,0
93.336259,0,0,0,0,0,0,1,0,0,1,0,1,0,1,0,0,1,0
93.348540,0,0,0,0,0,1,0,0,0,0,0,0,0,1,1,0,0,0
93.349369,0,0,0,0,0,0,0,1,0,0,0,0,0,0,0,0,0,1
93.358336,0,1,1,0,0,0,0,0,0,1,1,0,1,0,0,1,0,0
93.371225,1,0,0,0,0,0,0,0,1,0,0,0,1,0,0,0,0,0
93.388154,0,0,0,0,1,0,0,0,0,0,0,0,0,0,0,0,0,0
93.399449,0,0,0,0,0,0,1,1,0,1,0,1,0,1,0,0,1,1
93.401372,0,0,0,0,0,1,0,0,0,0,0,0,0,1,1,0,0,0
93.423251,0,1,1,0,0,0,0,0,0,1,1,0,1,0,0,1,0,0
93.436205,0,0,0,0,1,0,0,0,0,0,0,0,0,0,0,0,0,0
93.437636,1,0,0,0,0,0,0,0,1,0,0,0,1,0,0,0,0,0
93.450667,0,0,0,0,0,1,1,0,0,1,0,1,0,1,0,0,1,0
93.452300,0,0,0,0,0,0,0,1,0,0,0,0,0,0,0,0,0,1
93.473254,0,1,1,0,0,0,0,0,0,1,1,0,1,0,0,1,0,0
93.485478,0,0,0,0,1,0,0,0,0,0,0,0,0,0,0,0,0,0
93.490999,1,0,0,1,0,0,1,0,0,1,1,0,1,1,1,0,1,0
93.499131,0,0,0,0,0,0,0,1,0,0,0,0,0,0,0,0,0,1
93.500400,0,0,0,0,0,1,0,0,0,0,0,0,0,1,1,0,0,0
93.516837,0,1,1,0,0,0,0,0,0,1,1,0,1,0,0,1,0,0
93.530674,1,0,0,1,0,0,1,0,0,1,1,0,1,1,1,0,1,0
93.534977,0,0,0,0,1,0,0,0,0,0,0,0,0,0,0,0,0,0
93.549824,0,0,0,0,0,1,0,0,0,0,0,0,0,1,1,0,0,0
93.552548,0,0,0,0,0,0,0,1,0,0,0,0,0,0,0,0,0,1
93.557681,0,1,1,0,0,0,0,0,0,1,1,0,1,0,0,1,0,0
93.574362,1,0,0,0,0,0,0,0,1,0,0,0,1,0,0,0,0,0
93.591373,0,0,0,0,1,0,1,0,0,1,0,1,0,1,0,0,1,0
93.599613,0,0,0,0,0,1,0,0,0,0,0,0,0,1,1,0,0,0
93.603547,0,0,0,0,0,0,0,1,0,0,0,0,0,0,0,0,0,1
93.617329,0,1,1,0,0,0,0,0,0,1,1,0,1,0,0,1,0,0
93.632850,1,0,0,0,0,0,0,0,1,0,0,0,1,0,0,0,0,0
93.634942,0,0,0,0,0,0,1,0,0,1,0,1,0,1,0,0,1,0
93.639070,0,0,0,0,1,0,0,0,0,0,0,0,0,0,0,0,0,0
93.648157,0,0,0,0,0,0,0,1,0,0,0,0,0,0,0,0,0,1
93.648509,0,0,0,0,0,1,0,0,0,0,0,0,0,1,1,0,0,0
93.660820,0,1,1,0,0,0,0,0,0,1,1,0,1,0,0,1,0,0
93.675088,1,0,0,1,0,0,1,0,0,1,1,0,1,1,1,0,1,0
93.679267,0,0,0,0,1,0,0,0,0,0,0,0,0,0,0,0,0,0
93.696288,0,0,0,0,0,0,0,1,0,0,0,0,0,0,0,0,0,1
93.700558,0,0,1,0,0,0,0,0,1,0,0,0,1,0,0,0,0,0
93.700875,0,0,0,0,0,1,0,0,0,1,0,1,0,1,0,1,0,0
93.717539,1,0,0,1,0,0,1,0,0,1,1,0,1,1,1,0,1,0
93.730523,0,0,0,0,1,0,0,0,0,0,0,0,0,0,0,0,0,0
93.744474,0,0,1,0,0,0,0,0,1,0,0,0,1,0,0,0,0,0
93.749174,0,0,0,0,0,1,0,0,0,1,0,1,0,1,0,1,0,0
93.753523,0,0,0,0,0,0,0,1,0,0,0,0,0,0,0,0,0,1
93.767236,1,0,0,1,0,0,1,0,0,1,1,0,1,1,1,0,1,0
93.789915,0,0,1,0,0,0,0,0,1,0,0,0,1,0,0,0,0,0
93.792853,0,0,0,0,1,0,0,0,0,0,0,0,0,0,0,0,0,0
93.799394,0,0,0,0,0,1,0,0,0,1,0,1,0,1,0,1,0,0
93.802404,0,0,0,0,0,0,0,1,0,0,0,0,0,0,0,0,0,1
93.817154,1,0,0,1,0,0,1,0,0,1,1,0,1,1,1,0,1,0
93.839387,0,0,0,0,1,0,0,0,0,0,0,0,0,0,0,0,0,0
93.840416,0,0,1,0,0,0,0,0,1,0,0,0,1,0,0,0,0,0
93.851286,0,0,0,0,0,1,0,0,0,1,0,1,0,1,0,1,0,0
93.853731,0,0,0,0,0,0,0,1,0,0,0,0,0,0,0,0,0,1
93.866207,1,0,0,1,0,0,1,0,0,1,1,0,1,1,1,0,1,0
93.889906,0,0,1,0,0,0,0,0,1,0,0,0,1,0,0,0,0,0
93.893308,0,0,0,0,1,0,0,0,0,0,0,0,0,0,0,0,0,0
93.898381,0,0,0,0,0,0,0,1,0,0,0,0,0,0,0,0,0,1
93.900178,0,0,0,0,0,1,0,0,0,1,0,1,0,1,0,1,0,0
93.913387,1,0,0,0,0,0,0,0,1,0,0,0,1,0,0,0,0,0
93.936169,0,0,0,0,1,0,1,0,0,1,0,1,0,1,0,0,1,0
93.949735,0,0,0,0,0,1,0,0,0,0,0,0,0,1,1,0,0,0
93.952799,0,0,0,0,0,0,0,1,0,0,0,0,0,0,0,0,0,1
93.960059,0,1,1,0,0,0,0,0,0,1,1,0,1,0,0,1,0,0
93.979914,1,0,0,0,0,0,0,0,1,0,0,0,1,0,0,0,0,0
93.992118,0,0,0,0,1,0,1,0,0,1,0,1,0,1,0,0,1,0
93.998306,0,0,0,0,0,0,0,1,0,0,0,0,0,0,0,0,0,1
94.001055,0,0,0,0,0,1,0,0,0,0,0,0,0,1,1,0,0,0
94.014476,0,1,1,0,0,0,0,0,0,1,1,0,1,0,0,1,0,0
94.033258,1,0,0,1,0,0,1,0,0,1,1,0,1,1,1,0,1,0
94.034587,0,0,0,0,1,0,0,0,0,0,0,0,0,0,0,0,0,0
94.047008,0,0,0,0,0,0,0,1,0,0,0,0,0,0,0,0,0,1
94.049705,0,0,0,0,0,1,0,0,0,0,0,0,0,1,1,0,0,0
94.053907,0,1,1,0,0,0,0,0,0,1,1,0,1,0,0,1,0,0
94.067480,1,0,0,1,0,0,1,0,0,1,1,0,1,1,1,0,1,0
94.080426,0,0,0,0,1,0,0,0,0,0,0,0,0,0,0,0,0,0
94.088984,0,0,1,0,0,0,0,0,1,0,0,0,1,0,0,0,0,0
94.096057,0,0,0,0,0,0,0,1,0,0,0,0,0,0,0,0,0,1
94.098485,0,0,0,0,0,1,0,0,0,1,0,1,0,1,0,1,0,0
94.112339,1,0,0,1,0,0,1,0,0,1,1,0,1,1,1,0,1,0
94.131005,0,0,0,0,1,0,0,0,0,0,0,0,0,0,0,0,0,0
94.133885,0,0,1,0,0,0,0,0,1,0,0,0,1,0,0,0,0,0
94.150123,0,0,0,0,0,1,0,0,0,1,0,1,0,1,0,1,0,0
94.153586,0,0,0,0,0,0,0,1,0,0,0,0,0,0,0,0,0,1
94.168435,1,0,0,1,0,0,1,0,0,1,1,0,1,1,1,0,1,0
94.190627,0,0,0,0,1,0,0,0,0,0,0,0,0,0,0,0,0,0
94.190900,0,0,1,0,0,0,0,0,1,0,0,0,1,0,0,0,0,0
94.200550,0,0,0,0,0,0,0,1,0,0,0,0,0,0,0,0,0,1
94.201204,0,0,0,0,0,1,0,0,0,1,0,1,0,1,0,1,0,0
94.211733,1,0,0,1,0,0,1,0,0,1,1,0,1,1,1,0,1,0
94.237838,0,0,0,0,1,0,0,0,0,0,0,0,0,0,0,0,0,0
94.240320,0,0,1,0,0,0,0,0,1,0,0,0,1,0,0,0,0,0
94.248923,0,0,0,0,0,0,0,1,0,0,0,0,0,0,0,0,0,1
94.249112,0,0,0,0,0,1,0,0,0,1,0,1,0,1,0,1,0,0
94.262354,1,0,0,1,0,0,1,0,0,1,1,0,1,1,1,0,1,0
94.284196,0,0,0,0,1,0,0,0,0,0,0,0,0,0,0,0,0,0
94.285722,0,0,1,0,0,0,0,0,1,0,0,0,1,0,0,0,0,0
94.298552,0,0,0,0,0,1,0,0,0,1,0,1,0,1,0,1,0,0
94.300261,0,0,0,0,0,0,0,1,0,0,0,0,0,0,0,0,0,1
94.316014,1,0,0,1,0,0,1,0,0,1,1,0,1,1,1,0,1,0
94.339185,0,0,0,0,1,0,0,0,0,0,0,0,0,0,0,0,0,0
94.340116,0,0,1,0,0,0,0,0,1,0,0,0,1,0,0,0,0,0
94.346896,0,0,0,0,0,0,0,1,0,0,0,0,0,0,0,0,0,1
94.349852,0,0,0,0,0,1,0,0,0,1,0,1,0,1,0,1,0,0
94.365898,1,0,0,0,0,0,0,0,1,0,0,0,1,0,0,0,0,0
94.381835,0,0,0,0,1,0,1,0,0,1,0,1,0,1,0,0,1,0
94.400207,0,0,0,0,0,1,0,0,0,0,0,0,0,1,1,0,0,0
94.400621,0,0,0,0,0,0,0,1,0,0,0,0,0,0,0,0,0,1
94.408868,0,1,1,0,0,0,0,0,0,1,1,0,1,0,0,1,0,0
94.427043,1,0,0,1,0,0,1,0,0,1,1,0,1,1,1,0,1,0
94.435034,0,0,0,0,1,0,0,0,0,0,0,0,0,0,0,0,0,0
94.447121,0,0,0,0,0,0,0,1,0,0,0,0,0,0,0,0,0,1
94.449544,0,0,0,0,0,1,0,0,0,0,0,0,0,1,1,0,0,0
94.455037,0,1,1,0,0,0,0,0,0,1,1,0,1,0,0,1,0,0
94.466424,1,0,0,1,0,0,1,0,0,1,1,0,1,1,1,0,1,0
94.484954,0,0,0,0,1,0,0,0,0,0,0,0,0,0,0,0,0,0
94.496398,0,0,1,0,0,0,0,0,1,0,0,0,1,0,0,0,0,0
94.496995,0,0,0,0,0,0,0,1,0,0,0,0,0,0,0,0,0,1
94.500054,0,0,0,0,0,1,0,0,0,1,0,1,0,1,0,1,0,0
94.514166,1,0,0,0,0,0,0,0,1,0,0,0,1,0,0,0,0,0
94.532030,0,0,0,0,1,0,0,0,0,0,0,0,0,0,0,0,0,0
94.541312,0,0,0,0,0,0,1,0,0,1,0,1,0,1,0,0,1,0
94.548751,0,0,0,0,0,1,0,0,0,0,0,0,0,1,1,0,0,0
94.551758,0,0,0,0,0,0,0,1,0,0,0,0,0,0,0,0,0,1
94.563830,0,1,1,0,0,0,0,0,0,1,1,0,1,0,0,1,0,0
94.583477,1,0,0,0,0,0,0,0,1,0,0,0,1,0,0,0,0,0
94.584227,0,0,0,0,1,0,1,0,0,1,0,1,0,1,0,0,1,0
94.598974,0,0,0,0,0,1,0,0,0,0,0,0,0,1,1,0,0,0
94.599844,0,0,0,0,0,0,0,1,0,0,0,0,0,0,0,0,0,1
94.605278,0,1,1,0,0,0,0,0,0,1,1,0,1,0,0,1,0,0
94.619421,1,0,0,1,0,0,1,0,0,1,1,0,1,1,1,0,1,0
94.634603,0,0,0,0,1,0,0,0,0,0,0,0,0,0,0,0,0,0
94.643169,0,0,1,0,0,0,0,0,1,0,0,0,1,0,0,0,0,0
94.650408,0,0,0,0,0,0,0,1,0,0,0,0,0,0,0,0,0,1
94.650627,0,0,0,0,0,1,0,0,0,1,0,1,0,1,0,1,0,0
94.667000,1,0,0,0,0,0,0,0,1,0,0,0,1,0,0,0,0,0
94.684651,0,0,0,0,1,0,1,0,0,1,0,1,0,1,0,0,1,0
94.697178,0,0,0,0,0,0,0,1,0,0,0,0,0,0,0,0,0,1
94.700588,0,0,0,0,0,1,0,0,0,0,0,0,0,1,1,0,0,0
94.707543,0,1,1,0,0,0,0,0,0,1,1,0,1,0,0,1,0,0
94.718242,1,0,0,1,0,0,1,0,0,1,1,0,1,1,1,0,1,0
94.731141,0,0,0,0,1,0,0,0,0,0,0,0,0,0,0,0,0,0
94.747110,0,0,1,0,0,0,0,0,1,0,0,0,1,0,0,0,0,0
94.750431,0,0,0,0,0,1,0,0,0,1,0,1,0,1,0,1,0,0
94.752214,0,0,0,0,0,0,0,1,0,0,0,0,0,0,0,0,0,1
94.764979,1,0,0,0,0,0,0,0,1,0,0,0,1,0,0,0,0,0
94.789749,0,0,0,0,1,0,0,0,0,0,0,0,0,0,0,0,0,0
94.798958,0,0,0,0,0,1,1,0,0,1,0,1,0,1,0,1,0,0
94.800217,0,0,0,0,0,0,0,1,0,0,0,0,0,0,0,0,0,1
94.815379,1,0,0,1,0,0,1,0,0,1,1,0,1,1,1,0,1,0
94.833659,0,0,0,0,1,0,0,0,0,0,0,0,0,0,0,0,0,0
94.842343,0,0,1,1,0,0,0,0,0,1,1,0,1,0,0,0,1,0
94.851027,0,0,0,0,0,1,0,0,0,0,0,0,0,1,1,0,0,0
94.853017,0,0,0,0,0,0,0,1,0,0,0,0,0,0,0,0,0,1
94.871193,0,1,1,0,0,0,0,0,0,1,1,0,1,0,0,1,0,0
94.883987,1,0,0,1,0,0,1,0,0,1,1,0,1,1,1,0,1,0
94.890453,0,0,0,0,1,0,0,0,0,0,0,0,0,0,0,0,0,0
94.898781,0,0,0,0,0,0,0,1,0,0,0,0,0,0,0,0,0,1
94.899314,0,0,0,0,0,1,0,0,0,0,0,0,0,1,1,0,0,0
94.909488,0,1,1,0,0,0,0,0,0,1,1,0,1,0,0,1,0,0
94.928112,1,0,0,0,0,0,0,0,1,0,0,0,1,0,0,0,0,0
94.937337,0,0,0,0,1,0,1,0,0,1,0,1,0,1,0,0,1,0
94.948821,0,0,0,0,0,1,0,0,0,0,0,0,0,1,1,0,0,0
94.949979,0,0,0,0,0,0,0,1,0,0,0,0,0,0,0,0,0,1
94.966102,0,1,1,0,0,0,0,0,0,1,1,0,1,0,0,1,0,0
94.978650,1,0,0,0,0,0,0,0,1,0,0,0,1,0,0,0,0,0
94.986161,0,0,0,0,1,0,0,0,0,0,0,0,0,0,0,0,0,0
94.999484,0,0,0,0,0,1,1,0,0,1,0,1,0,1,0,0,1,0
95.001668,0,0,0,0,0,0,0,1,0,0,0,0,0,0,0,0,0,1
95.025822,0,1,1,0,0,0,0,0,0,1,1,0,1,0,0,1,0,0
95.040945,1,0,0,0,0,0,0,0,1,0,0,0,1,0,0,0,0,0
95.041132,0,0,0,0,0,0,1,0,0,1,0,1,0,1,0,0,1,0
95.041320,0,0,0,0,1,0,0,0,0,0,0,0,0,0,0,0,0,0
95.050665,0,0,0,0,0,0,0,1,0,0,0,0,0,0,0,0,0,1
95.050919,0,0,0,0,0,1,0,0,0,0,0,0,0,1,1,0,0,0
95.065458,0,1,1,0,0,0,0,0,0,1,1,0,1,0,0,1,0,0
95.081104,1,0,0,0,0,0,0,0,1,0,0,0,1,0,0,0,0,0
95.086760,0,0,0,0,1,0,0,0,0,0,0,0,0,0,0,0,0,0
95.099187,0,0,0,0,0,0,1,1,0,1,0,1,0,1,0,0,1,1
95.100546,0,0,0,0,0,1,0,0,0,0,0,0,0,1,1,0,0,0
95.127980,0,1,1,0,0,0,0,0,0,1,1,0,1,0,0,1,0,0
95.134547,0,0,0,0,1,0,0,0,0,0,0,0,0,0,0,0,0,0
95.143791,1,0,0,1,0,0,1,0,0,1,1,0,1,1,1,0,1,0
95.149003,0,0,0,0,0,1,0,0,0,0,0,0,0,1,1,0,0,0
95.149719,0,0,0,0,0,0,0,1,0,0,0,0,0,0,0,0,0,1
95.166674,0,1,1,0,0,0,0,0,0,1,1,0,1,0,0,1,0,0
95.180889,1,0,0,1,0,0,1,0,0,1,1,0,1,1,1,0,1,0
95.183597,0,0,0,0,1,0,0,0,0,0,0,0,0,0,0,0,0,0
95.199966,0,0,0,0,0,1,0,0,0,0,0,0,0,1,1,0,0,0
95.201622,0,0,0,0,0,0,0,1,0,0,0,0,0,0,0,0,0,1
95.205990,0,1,1,0,0,0,0,0,0,1,1,0,1,0,0,1,0,0
95.217911,1,0,0,1,0,0,1,0,0,1,1,0,1,1,1,0,1,0
95.234304,0,0,0,0,1,0,0,0,0,0,0,0,0,0,0,0,0,0
95.241625,0,0,1,0,0,0,0,0,1,0,0,0,1,0,0,0,0,0
95.249255,0,0,0,0,0,1,0,0,0,1,0,1,0,1,0,1,0,0
95.252087,0,0,0,0,0,0,0,1,0,0,0,0,0,0,0,0,0,1
95.267137,1,0,0,1,0,0,1,0,0,1,1,0,1,1,1,0,1,0
95.287255,0,0,0,0,1,0,0,0,0,0,0,0,0,0,0,0,0,0
95.288973,0,0,1,0,0,0,0,0,1,0,0,0,1,0,0,0,0,0
95.299489,0,0,0,0,0,1,0,0,0,1,0,1,0,1,0,1,0,0
95.302767,0,0,0,0,0,0,0,1,0,0,0,0,0,0,0,0,0,1
95.316889,1,0,0,0,0,0,0,0,1,0,0,0,1,0,0,0,0,0
95.325662,0,0,0,0,0,0,1,0,0,1,0,1,0,1,0,0,1,0
95.336964,0,0,0,0,1,0,0,0,0,0,0,0,0,0,0,0,0,0
95.346106,0,0,1,0,0,0,0,0,1,0,0,0,1,0,0,0,0,0
