bin,total,finish1->start2,finish2->start3,start1->finish1,start2->finish2,start3->finish3
0.004000,0.000032,0.000008,0.000000,0.000016,0.000000,0.000008
0.007000,0.000016,0.000000,0.000000,0.000000,0.000000,0.000016
0.009000,0.000032,0.000004,0.000005,0.000000,0.000000,0.000023
0.011000,0.000016,0.000008,0.000008,0.000000,0.000000,0.000000
0.013000,0.000016,0.000000,0.000002,0.000000,0.000000,0.000014
0.014000,0.000016,0.000016,0.000000,0.000000,0.000000,0.000000
0.015000,0.000016,0.000002,0.000000,0.000000,0.000000,0.000014
0.016000,0.000016,0.000000,0.000000,0.000000,0.000008,0.000008
0.017000,0.000032,0.000014,0.000005,0.000010,0.000003,0.000000
0.018000,0.000016,0.000002,0.000009,0.000000,0.000004,0.000000
0.019000,0.000032,0.000002,0.000020,0.000004,0.000000,0.000006
0.021000,0.000032,0.000005,0.000002,0.000006,0.000004,0.000015
0.022000,0.000016,0.000013,0.000000,0.000000,0.000001,0.000002
0.023000,0.000032,0.000000,0.000000,0.000005,0.000012,0.000015
0.024000,0.000048,0.000027,0.000001,0.000006,0.000001,0.000014
0.025000,0.000032,0.000017,0.000000,0.000005,0.000010,0.000000
0.026000,0.000048,0.000031,0.000001,0.000011,0.000005,0.000000
0.027000,0.000080,0.000030,0.000024,0.000004,0.000009,0.000013
0.028000,0.000048,0.000014,0.000010,0.000000,0.000006,0.000019
0.029000,0.000064,0.000016,0.000001,0.000002,0.000023,0.000022
0.030000,0.000096,0.000028,0.000010,0.000006,0.000037,0.000015
0.031000,0.000080,0.000020,0.000000,0.000006,0.000029,0.000025
0.032000,0.000080,0.000030,0.000009,0.000016,0.000010,0.000015
0.033000,0.000032,0.000014,0.000007,0.000000,0.000000,0.000011
0.034000,0.000048,0.000022,0.000001,0.000006,0.000009,0.000011
0.035000,0.000016,0.000003,0.000004,0.000000,0.000003,0.000006
0.036000,0.000048,0.000017,0.000004,0.000018,0.000001,0.000006
0.037000,0.000096,0.000022,0.000016,0.000011,0.000027,0.000020
0.038000,0.000048,0.000011,0.000004,0.000001,0.000016,0.000017
0.039000,0.000048,0.000007,0.000000,0.000007,0.000006,0.000027
0.040000,0.000048,0.000004,0.000009,0.000010,0.000006,0.000019
0.041000,0.000048,0.000020,0.000005,0.000011,0.000011,0.000000
0.042000,0.000048,0.000016,0.000008,0.000000,0.000010,0.000014
0.044000,0.000080,0.000034,0.000007,0.000008,0.000008,0.000023
0.045000,0.000128,0.000021,0.000023,0.000017,0.000037,0.000029
0.046000,0.000112,0.000032,0.000006,0.000015,0.000028,0.000031
0.047000,0.000048,0.000014,0.000006,0.000021,0.000003,0.000004
0.048000,0.000032,0.000004,0.000007,0.000000,0.000013,0.000009
0.049000,0.000064,0.000013,0.000010,0.000020,0.000008,0.000012
0.050000,0.000080,0.000015,0.000002,0.000014,0.000018,0.000031
0.051000,0.000048,0.000000,0.000013,0.000005,0.000012,0.000017
0.052000,0.000016,0.000008,0.000000,0.000008,0.000000,0.000000
0.053000,0.000080,0.000017,0.000004,0.000004,0.000021,0.000034
0.054000,0.000016,0.000005,0.000004,0.000002,0.000005,0.000000
0.055000,0.000064,0.000019,0.000001,0.000014,0.000021,0.000008
0.056000,0.000048,0.000010,0.000005,0.000006,0.000016,0.000011
0.057000,0.000080,0.000018,0.000006,0.000022,0.000012,0.000022
0.058000,0.000112,0.000019,0.000010,0.000004,0.000024,0.000054
0.059000,0.000064,0.000009,0.000007,0.000010,0.000001,0.000037
0.060000,0.000064,0.000017,0.000007,0.000010,0.000014,0.000017
0.061000,0.000080,0.000011,0.000011,0.000015,0.000025,0.000018
0.062000,0.000096,0.000010,0.000013,0.000023,0.000015,0.000035
0.063000,0.000080,0.000015,0.000008,0.000020,0.000011,0.000027
0.064000,0.000064,0.000009,0.000000,0.000007,0.000018,0.000031
0.065000,0.000064,0.000011,0.000007,0.000012,0.000016,0.000018
0.066000,0.000112,0.000023,0.000006,0.000010,0.000025,0.000047
0.067000,0.000112,0.000047,0.000005,0.000013,0.000021,0.000026
0.068000,0.000048,0.000007,0.000009,0.000013,0.000010,0.000009
0.069000,0.000128,0.000026,0.000015,0.000023,0.000029,0.000034
0.070000,0.000176,0.000044,0.000001,0.000033,0.000031,0.000067
0.071000,0.000144,0.000035,0.000008,0.000020,0.000038,0.000043
0.072000,0.000016,0.000004,0.000000,0.000003,0.000002,0.000007
0.073000,0.000144,0.000044,0.000003,0.000017,0.000040,0.000040
0.074000,0.000112,0.000028,0.000004,0.000017,0.000012,0.000051
0.075000,0.000080,0.000028,0.000002,0.000017,0.000013,0.000019
0.076000,0.000112,0.000033,0.000013,0.000018,0.000025,0.000024
0.077000,0.000112,0.000021,0.000003,0.000020,0.000038,0.000030
0.078000,0.000096,0.000027,0.000007,0.000017,0.000015,0.000030
0.079000,0.000112,0.000049,0.000012,0.000014,0.000019,0.000018
0.080000,0.000176,0.000076,0.000017,0.000017,0.000023,0.000044
0.081000,0.000032,0.000016,0.000002,0.000004,0.000002,0.000008
0.082000,0.000224,0.000078,0.000012,0.000025,0.000039,0.000069
0.083000,0.000192,0.000078,0.000010,0.000022,0.000041,0.000041
0.084000,0.000192,0.000082,0.000008,0.000039,0.000031,0.000032
0.085000,0.000080,0.000025,0.000003,0.000009,0.000025,0.000018
0.086000,0.000128,0.000044,0.000007,0.000021,0.000023,0.000033
0.087000,0.000080,0.000013,0.000003,0.000017,0.000025,0.000022
0.088000,0.000112,0.000032,0.000013,0.000019,0.000020,0.000029
0.089000,0.000208,0.000072,0.000013,0.000028,0.000043,0.000052
0.090000,0.000096,0.000033,0.000008,0.000009,0.000015,0.000031
0.091000,0.000128,0.000036,0.000004,0.000019,0.000042,0.000027
0.092000,0.000192,0.000060,0.000011,0.000042,0.000045,0.000034
0.093000,0.000176,0.000046,0.000008,0.000023,0.000041,0.000059
0.094000,0.000160,0.000042,0.000008,0.000026,0.000050,0.000033
0.095000,0.000192,0.000041,0.000014,0.000029,0.000043,0.000066
0.096000,0.000128,0.000052,0.000002,0.000029,0.000030,0.000015
0.097000,0.000096,0.000033,0.000003,0.000015,0.000030,0.000014
0.098000,0.000208,0.000073,0.000009,0.000050,0.000028,0.000049
0.099000,0.000160,0.000073,0.000011,0.000015,0.000024,0.000037
0.100000,0.000144,0.000029,0.000015,0.000037,0.000033,0.000030
0.101000,0.000112,0.000022,0.000011,0.000026,0.000030,0.000022
0.102000,0.000256,0.000069,0.000018,0.000044,0.000081,0.000045
0.103000,0.000128,0.000025,0.000003,0.000047,0.000022,0.000032
0.104000,0.000240,0.000066,0.000018,0.000050,0.000057,0.000048
0.105000,0.000128,0.000044,0.000013,0.000018,0.000026,0.000028
0.106000,0.000176,0.000045,0.000006,0.000036,0.000041,0.000048
0.107000,0.000128,0.000044,0.000005,0.000024,0.000027,0.000028
0.108000,0.000224,0.000084,0.000010,0.000022,0.000062,0.000047
0.109000,0.000128,0.000069,0.000003,0.000012,0.000028,0.000016
0.110000,0.000384,0.000121,0.000021,0.000066,0.000110,0.000066
0.111000,0.000240,0.000080,0.000006,0.000045,0.000065,0.000044
0.112000,0.000128,0.000037,0.000004,0.000031,0.000030,0.000026
0.113000,0.000160,0.000042,0.000013,0.000033,0.000032,0.000040
0.114000,0.000256,0.000096,0.000009,0.000032,0.000070,0.000049
0.115000,0.000256,0.000074,0.000008,0.000058,0.000055,0.000061
0.116000,0.000240,0.000064,0.000007,0.000057,0.000040,0.000073
0.117000,0.000208,0.000062,0.000007,0.000047,0.000042,0.000049
0.118000,0.000224,0.000069,0.000008,0.000027,0.000055,0.000065
0.119000,0.000272,0.000116,0.000005,0.000038,0.000050,0.000063
0.120000,0.000176,0.000048,0.000008,0.000024,0.000065,0.000030
0.121000,0.000128,0.000028,0.000003,0.000022,0.000031,0.000044
0.122000,0.000144,0.000036,0.000008,0.000035,0.000027,0.000038
0.123000,0.000240,0.000073,0.000010,0.000051,0.000041,0.000065
0.124000,0.000112,0.000035,0.000005,0.000018,0.000024,0.000031
0.125000,0.000208,0.000063,0.000008,0.000030,0.000068,0.000040
0.126000,0.000208,0.000070,0.000011,0.000043,0.000053,0.000030
0.127000,0.000192,0.000053,0.000006,0.000044,0.000032,0.000057
0.128000,0.000272,0.000095,0.000015,0.000042,0.000058,0.000061
0.129000,0.000208,0.000053,0.000006,0.000047,0.000052,0.000050
0.130000,0.000272,0.000055,0.000029,0.000064,0.000079,0.000044
0.131000,0.000144,0.000056,0.000005,0.000024,0.000027,0.000032
0.132000,0.000240,0.000069,0.000008,0.000030,0.000056,0.000076
0.133000,0.000144,0.000048,0.000000,0.000032,0.000026,0.000037
0.134000,0.000160,0.000058,0.000005,0.000023,0.000035,0.000038
0.135000,0.000176,0.000069,0.000012,0.000014,0.000044,0.000037
0.136000,0.000160,0.000053,0.000008,0.000031,0.000047,0.000021
0.137000,0.000208,0.000064,0.000009,0.000026,0.000059,0.000050
0.138000,0.000256,0.000098,0.000002,0.000017,0.000067,0.000073
0.139000,0.000192,0.000067,0.000008,0.000031,0.000055,0.000032
0.140000,0.000160,0.000050,0.000008,0.000031,0.000045,0.000026
0.141000,0.000304,0.000110,0.000010,0.000040,0.000065,0.000079
0.142000,0.000208,0.000079,0.000005,0.000029,0.000058,0.000038
0.143000,0.000192,0.000062,0.000004,0.000045,0.000036,0.000045
0.144000,0.000192,0.000053,0.000006,0.000026,0.000070,0.000036
0.145000,0.000192,0.000040,0.000006,0.000035,0.000066,0.000045
0.146000,0.000176,0.000080,0.000004,0.000032,0.000029,0.000031
0.147000,0.000192,0.000071,0.000007,0.000031,0.000046,0.000038
0.148000,0.000208,0.000063,0.000005,0.000029,0.000069,0.000043
0.149000,0.000240,0.000067,0.000007,0.000057,0.000063,0.000046
0.150000,0.000224,0.000093,0.000010,0.000023,0.000055,0.000043
0.151000,0.000240,0.000085,0.000009,0.000057,0.000052,0.000037
0.152000,0.000144,0.000057,0.000002,0.000031,0.000032,0.000023
0.153000,0.000304,0.000109,0.000009,0.000066,0.000075,0.000045
0.154000,0.000240,0.000080,0.000014,0.000031,0.000070,0.000046
0.155000,0.000208,0.000066,0.000008,0.000037,0.000058,0.000038
0.156000,0.000256,0.000093,0.000009,0.000032,0.000059,0.000063
0.157000,0.000256,0.000093,0.000007,0.000035,0.000068,0.000052
0.158000,0.000336,0.000110,0.000020,0.000051,0.000086,0.000069
0.159000,0.000288,0.000116,0.000008,0.000042,0.000072,0.000050
0.160000,0.000160,0.000050,0.000002,0.000030,0.000041,0.000037
0.161000,0.000192,0.000073,0.000007,0.000031,0.000039,0.000044
0.162000,0.000192,0.000048,0.000003,0.000042,0.000053,0.000046
0.163000,0.000336,0.000137,0.000013,0.000042,0.000074,0.000070
0.164000,0.000256,0.000114,0.000006,0.000028,0.000075,0.000032
0.165000,0.000320,0.000111,0.000019,0.000040,0.000099,0.000052
0.166000,0.000144,0.000053,0.000003,0.000017,0.000033,0.000038
0.167000,0.000288,0.000118,0.000010,0.000037,0.000052,0.000071
0.168000,0.000192,0.000081,0.000002,0.000023,0.000050,0.000035
0.169000,0.000176,0.000060,0.000007,0.000029,0.000049,0.000031
0.170000,0.000432,0.000151,0.000013,0.000071,0.000109,0.000088
0.171000,0.000176,0.000065,0.000004,0.000022,0.000059,0.000026
0.172000,0.000272,0.000104,0.000009,0.000043,0.000051,0.000065
0.173000,0.000272,0.000100,0.000014,0.000035,0.000061,0.000063
0.174000,0.000160,0.000043,0.000007,0.000023,0.000043,0.000044
0.175000,0.000320,0.000108,0.000011,0.000042,0.000082,0.000076
0.176000,0.000224,0.000097,0.000005,0.000022,0.000042,0.000057
0.177000,0.000256,0.000108,0.000005,0.000037,0.000066,0.000041
0.178000,0.000320,0.000164,0.000006,0.000033,0.000052,0.000064
0.179000,0.000336,0.000131,0.000012,0.000044,0.000078,0.000071
0.180000,0.000384,0.000164,0.000010,0.000044,0.000096,0.000070
0.181000,0.000208,0.000089,0.000006,0.000018,0.000056,0.000039
0.182000,0.000240,0.000092,0.000006,0.000034,0.000053,0.000055
0.183000,0.000336,0.000132,0.000011,0.000040,0.000079,0.000074
0.184000,0.000208,0.000074,0.000008,0.000043,0.000032,0.000052
0.185000,0.000288,0.000116,0.000007,0.000038,0.000062,0.000066
0.186000,0.000144,0.000048,0.000004,0.000023,0.000040,0.000028
0.187000,0.000240,0.000099,0.000010,0.000038,0.000037,0.000056
0.188000,0.000432,0.000170,0.000014,0.000063,0.000094,0.000090
0.189000,0.000368,0.000150,0.000011,0.000053,0.000084,0.000070
0.190000,0.000272,0.000089,0.000004,0.000040,0.000078,0.000061
0.191000,0.000288,0.000097,0.000013,0.000053,0.000066,0.000059
0.192000,0.000272,0.000107,0.000007,0.000033,0.000081,0.000044
0.193000,0.000208,0.000070,0.000007,0.000033,0.000063,0.000035
0.194000,0.000272,0.000096,0.000005,0.000034,0.000086,0.000051
0.195000,0.000304,0.000114,0.000014,0.000029,0.000100,0.000047
0.196000,0.000368,0.000130,0.000009,0.000041,0.000083,0.000104
0.197000,0.000208,0.000079,0.000007,0.000046,0.000041,0.000035
0.198000,0.000336,0.000118,0.000010,0.000064,0.000084,0.000060
0.199000,0.000304,0.000119,0.000006,0.000033,0.000070,0.000076
0.200000,0.000272,0.000099,0.000007,0.000039,0.000068,0.000060
0.201000,0.000368,0.000108,0.000005,0.000072,0.000100,0.000083
0.202000,0.000336,0.000119,0.000014,0.000048,0.000090,0.000064
0.203000,0.000288,0.000105,0.000008,0.000034,0.000077,0.000064
0.204000,0.000336,0.000124,0.000007,0.000045,0.000106,0.000053
0.205000,0.000320,0.000122,0.000009,0.000053,0.000071,0.000066
0.206000,0.000224,0.000097,0.000012,0.000035,0.000047,0.000034
0.207000,0.000320,0.000111,0.000007,0.000048,0.000081,0.000074
0.208000,0.000256,0.000093,0.000010,0.000037,0.000066,0.000050
0.209000,0.000464,0.000185,0.000007,0.000066,0.000093,0.000113
0.210000,0.000176,0.000060,0.000006,0.000033,0.000049,0.000028
0.211000,0.000432,0.000116,0.000012,0.000090,0.000112,0.000102
0.212000,0.000304,0.000102,0.000007,0.000040,0.000094,0.000061
0.213000,0.000320,0.000083,0.000005,0.000064,0.000098,0.000070
0.214000,0.000256,0.000098,0.000007,0.000032,0.000072,0.000046
0.215000,0.000304,0.000107,0.000007,0.000041,0.000058,0.000090
0.216000,0.000368,0.000114,0.000009,0.000068,0.000089,0.000088
0.217000,0.000352,0.000140,0.000011,0.000063,0.000077,0.000061
0.218000,0.000208,0.000072,0.000003,0.000022,0.000067,0.000045
0.219000,0.000176,0.000067,0.000004,0.000021,0.000044,0.000039
0.220000,0.000272,0.000099,0.000008,0.000041,0.000055,0.000069
0.221000,0.000224,0.000069,0.000006,0.000034,0.000057,0.000058
0.222000,0.000384,0.000123,0.000011,0.000064,0.000103,0.000082
0.223000,0.000208,0.000086,0.000004,0.000036,0.000035,0.000047
0.224000,0.000256,0.000071,0.000004,0.000040,0.000075,0.000065
0.225000,0.000336,0.000125,0.000007,0.000043,0.000080,0.000081
0.226000,0.000288,0.000094,0.000005,0.000049,0.000070,0.000070
0.227000,0.000160,0.000051,0.000002,0.000017,0.000039,0.000050
0.228000,0.000352,0.000134,0.000008,0.000051,0.000099,0.000060
0.229000,0.000320,0.000118,0.000008,0.000052,0.000082,0.000060
0.230000,0.000400,0.000122,0.000006,0.000086,0.000105,0.000080
0.231000,0.000304,0.000101,0.000005,0.000053,0.000081,0.000063
0.232000,0.000400,0.000166,0.000008,0.000059,0.000098,0.000068
0.233000,0.000176,0.000050,0.000004,0.000031,0.000051,0.000039
0.234000,0.000320,0.000106,0.000008,0.000061,0.000086,0.000059
0.235000,0.000256,0.000083,0.000005,0.000046,0.000068,0.000053
0.236000,0.000336,0.000077,0.000012,0.000081,0.000102,0.000064
0.237000,0.000320,0.000080,0.000011,0.000060,0.000089,0.000079
0.238000,0.000224,0.000073,0.000005,0.000043,0.000058,0.000046
0.239000,0.000304,0.000107,0.000006,0.000054,0.000068,0.000070
0.240000,0.000288,0.000091,0.000004,0.000048,0.000073,0.000072
0.241000,0.000352,0.000134,0.000010,0.000068,0.000087,0.000054
0.242000,0.000256,0.000088,0.000010,0.000047,0.000053,0.000058
0.243000,0.000288,0.000109,0.000005,0.000047,0.000056,0.000070
0.244000,0.000352,0.000121,0.000008,0.000066,0.000092,0.000065
0.245000,0.000336,0.000129,0.000005,0.000073,0.000076,0.000054
0.246000,0.000336,0.000121,0.000003,0.000070,0.000091,0.000051
0.247000,0.000336,0.000118,0.000006,0.000056,0.000080,0.000076
0.248000,0.000240,0.000083,0.000005,0.000041,0.000057,0.000055
0.249000,0.000432,0.000183,0.000009,0.000075,0.000072,0.000093
0.250000,0.000304,0.000095,0.000002,0.000052,0.000084,0.000072
0.251000,0.000352,0.000107,0.000007,0.000061,0.000082,0.000096
0.252000,0.000288,0.000121,0.000006,0.000049,0.000056,0.000056
0.253000,0.000208,0.000069,0.000006,0.000036,0.000058,0.000039
0.254000,0.000320,0.000109,0.000010,0.000053,0.000085,0.000063
0.255000,0.000432,0.000177,0.000016,0.000064,0.000111,0.000065
0.256000,0.000320,0.000110,0.000004,0.000076,0.000075,0.000055
0.257000,0.000288,0.000093,0.000010,0.000063,0.000063,0.000060
0.258000,0.000368,0.000129,0.000010,0.000073,0.000085,0.000071
0.259000,0.000352,0.000168,0.000005,0.000049,0.000066,0.000064
0.260000,0.000432,0.000150,0.000009,0.000094,0.000107,0.000072
0.261000,0.000336,0.000126,0.000005,0.000056,0.000102,0.000048
0.262000,0.000208,0.000087,0.000003,0.000036,0.000041,0.000041
0.263000,0.000400,0.000155,0.000005,0.000068,0.000085,0.000087
0.264000,0.000320,0.000120,0.000009,0.000051,0.000057,0.000083
0.265000,0.000352,0.000135,0.000010,0.000056,0.000074,0.000076
0.266000,0.000208,0.000077,0.000006,0.000034,0.000056,0.000035
0.267000,0.000288,0.000097,0.000006,0.000063,0.000074,0.000048
0.268000,0.000224,0.000076,0.000004,0.000035,0.000069,0.000040
0.269000,0.000176,0.000066,0.000001,0.000049,0.000028,0.000032
0.270000,0.000464,0.000194,0.000012,0.000086,0.000103,0.000068
0.271000,0.000256,0.000107,0.000004,0.000042,0.000061,0.000043
0.272000,0.000432,0.000179,0.000009,0.000058,0.000123,0.000063
0.273000,0.000368,0.000115,0.000005,0.000092,0.000089,0.000067
0.274000,0.000400,0.000122,0.000005,0.000070,0.000105,0.000098
0.275000,0.000400,0.000152,0.000007,0.000068,0.000103,0.000071
0.276000,0.000384,0.000135,0.000006,0.000066,0.000084,0.000093
0.277000,0.000240,0.000071,0.000003,0.000058,0.000059,0.000049
0.278000,0.000320,0.000135,0.000007,0.000049,0.000080,0.000049
0.279000,0.000368,0.000144,0.000007,0.000047,0.000109,0.000061
0.280000,0.000256,0.000100,0.000005,0.000043,0.000047,0.000061
0.281000,0.000528,0.000188,0.000009,0.000055,0.000166,0.000109
0.282000,0.000336,0.000128,0.000007,0.000061,0.000076,0.000065
0.283000,0.000384,0.000115,0.000003,0.000074,0.000105,0.000086
0.284000,0.000320,0.000119,0.000007,0.000042,0.000086,0.000065
0.285000,0.000320,0.000130,0.000006,0.000047,0.000071,0.000067
0.286000,0.000432,0.000154,0.000008,0.000100,0.000106,0.000064
0.287000,0.000240,0.000091,0.000005,0.000027,0.000060,0.000057
0.288000,0.000432,0.000122,0.000008,0.000082,0.000123,0.000097
0.289000,0.000432,0.000154,0.000012,0.000078,0.000110,0.000079
0.290000,0.000288,0.000109,0.000006,0.000057,0.000074,0.000043
0.291000,0.000224,0.000080,0.000004,0.000045,0.000058,0.000037
0.292000,0.000384,0.000148,0.000007,0.000065,0.000105,0.000059
0.293000,0.000160,0.000056,0.000002,0.000031,0.000034,0.000037
0.294000,0.000352,0.000128,0.000008,0.000055,0.000083,0.000077
0.295000,0.000240,0.000073,0.000003,0.000049,0.000061,0.000054
0.296000,0.000304,0.000094,0.000004,0.000052,0.000094,0.000059
0.297000,0.000336,0.000129,0.000004,0.000040,0.000097,0.000066
0.298000,0.000384,0.000116,0.000010,0.000086,0.000088,0.000084
0.299000,0.000384,0.000133,0.000006,0.000075,0.000087,0.000083
0.300000,0.000352,0.000110,0.000007,0.000068,0.000076,0.000090
0.301000,0.000256,0.000101,0.000007,0.000050,0.000055,0.000044
0.302000,0.000336,0.000123,0.000003,0.000055,0.000089,0.000067
0.303000,0.000352,0.000155,0.000009,0.000053,0.000087,0.000048
0.304000,0.000368,0.000158,0.000007,0.000059,0.000064,0.000080
0.305000,0.000288,0.000103,0.000006,0.000060,0.000069,0.000050
0.306000,0.000416,0.000161,0.000009,0.000077,0.000086,0.000084
0.307000,0.000240,0.000079,0.000005,0.000033,0.000065,0.000058
0.308000,0.000384,0.000132,0.000005,0.000077,0.000087,0.000082
0.309000,0.000416,0.000160,0.000007,0.000065,0.000101,0.000084
0.310000,0.000272,0.000097,0.000002,0.000049,0.000064,0.000060
0.311000,0.000352,0.000113,0.000004,0.000070,0.000089,0.000076
0.312000,0.000320,0.000124,0.000008,0.000053,0.000075,0.000060
0.313000,0.000384,0.000137,0.000008,0.000066,0.000096,0.000078
0.314000,0.000432,0.000147,0.000008,0.000071,0.000109,0.000097
0.315000,0.000384,0.000160,0.000008,0.000061,0.000072,0.000084
0.316000,0.000352,0.000125,0.000010,0.000049,0.000083,0.000084
0.317000,0.000368,0.000140,0.000008,0.000065,0.000087,0.000068
0.318000,0.000432,0.000157,0.000010,0.000081,0.000111,0.000074
0.319000,0.000272,0.000104,0.000004,0.000045,0.000057,0.000062
0.320000,0.000384,0.000158,0.000007,0.000054,0.000089,0.000076
0.321000,0.000496,0.000168,0.000012,0.000091,0.000118,0.000107
0.322000,0.000336,0.000140,0.000004,0.000063,0.000066,0.000064
0.323000,0.000304,0.000095,0.000009,0.000060,0.000074,0.000067
0.324000,0.000240,0.000072,0.000004,0.000034,0.000090,0.000041
0.325000,0.000416,0.000111,0.000004,0.000070,0.000137,0.000094
0.326000,0.000304,0.000113,0.000009,0.000055,0.000075,0.000051
0.327000,0.000432,0.000149,0.000007,0.000075,0.000114,0.000086
0.328000,0.000320,0.000111,0.000011,0.000054,0.000080,0.000065
0.329000,0.000384,0.000125,0.000006,0.000062,0.000103,0.000089
0.330000,0.000176,0.000063,0.000006,0.000034,0.000046,0.000028
0.331000,0.000448,0.000171,0.000010,0.000092,0.000085,0.000089
0.332000,0.000320,0.000108,0.000007,0.000064,0.000083,0.000059
0.333000,0.000208,0.000076,0.000004,0.000048,0.000047,0.000032
0.334000,0.000416,0.000153,0.000007,0.000078,0.000100,0.000079
0.335000,0.000272,0.000087,0.000006,0.000047,0.000093,0.000039
0.336000,0.000416,0.000187,0.000006,0.000074,0.000078,0.000071
0.337000,0.000384,0.000133,0.000005,0.000050,0.000123,0.000073
0.338000,0.000304,0.000129,0.000007,0.000044,0.000053,0.000072
0.339000,0.000416,0.000149,0.000009,0.000066,0.000071,0.000120
0.340000,0.000208,0.000069,0.000004,0.000022,0.000053,0.000060
0.341000,0.000368,0.000122,0.000003,0.000083,0.000094,0.000066
0.342000,0.000320,0.000106,0.000005,0.000034,0.000102,0.000074
0.343000,0.000432,0.000146,0.000004,0.000046,0.000143,0.000092
0.344000,0.000304,0.000110,0.000004,0.000047,0.000085,0.000060
0.345000,0.000480,0.000192,0.000008,0.000067,0.000111,0.000102
0.346000,0.000400,0.000109,0.000008,0.000058,0.000146,0.000078
0.347000,0.000320,0.000085,0.000003,0.000048,0.000094,0.000090
0.348000,0.000368,0.000121,0.000006,0.000084,0.000085,0.000073
0.349000,0.000448,0.000152,0.000006,0.000083,0.000120,0.000087
0.350000,0.000368,0.000117,0.000004,0.000051,0.000107,0.000089
0.351000,0.000384,0.000148,0.000005,0.000052,0.000081,0.000098
0.352000,0.000624,0.000232,0.000010,0.000103,0.000135,0.000144
0.353000,0.000352,0.000109,0.000006,0.000060,0.000113,0.000065
0.354000,0.000368,0.000117,0.000004,0.000069,0.000105,0.000073
0.355000,0.000368,0.000133,0.000004,0.000059,0.000087,0.000084
0.356000,0.000352,0.000104,0.000003,0.000082,0.000082,0.000082
0.357000,0.000272,0.000086,0.000006,0.000047,0.000083,0.000050
0.358000,0.000384,0.000109,0.000005,0.000083,0.000092,0.000095
0.359000,0.000368,0.000106,0.000005,0.000048,0.000110,0.000099
0.360000,0.000448,0.000112,0.000010,0.000085,0.000126,0.000115
0.361000,0.000528,0.000158,0.000009,0.000110,0.000142,0.000110
0.362000,0.000448,0.000138,0.000005,0.000086,0.000110,0.000109
0.363000,0.000496,0.000149,0.000010,0.000080,0.000148,0.000109
0.364000,0.000400,0.000102,0.000007,0.000097,0.000105,0.000089
0.365000,0.000480,0.000125,0.000007,0.000074,0.000125,0.000149
0.366000,0.000336,0.000100,0.000005,0.000073,0.000089,0.000068
0.367000,0.000432,0.000124,0.000004,0.000080,0.000131,0.000094
0.368000,0.000336,0.000097,0.000004,0.000059,0.000087,0.000090
0.369000,0.000528,0.000147,0.000005,0.000100,0.000134,0.000142
0.370000,0.000336,0.000097,0.000005,0.000072,0.000100,0.000062
0.371000,0.000480,0.000151,0.000009,0.000091,0.000123,0.000107
0.372000,0.000304,0.000085,0.000006,0.000061,0.000098,0.000054
0.373000,0.000432,0.000149,0.000003,0.000083,0.000115,0.000082
0.374000,0.000240,0.000086,0.000006,0.000036,0.000057,0.000056
0.375000,0.000400,0.000112,0.000006,0.000065,0.000090,0.000127
0.376000,0.000240,0.000060,0.000004,0.000049,0.000056,0.000071
0.377000,0.000352,0.000117,0.000008,0.000058,0.000095,0.000074
0.378000,0.000368,0.000096,0.000006,0.000071,0.000128,0.000067
0.379000,0.000528,0.000159,0.000008,0.000092,0.000116,0.000154
0.380000,0.000512,0.000164,0.000006,0.000092,0.000150,0.000099
0.381000,0.000336,0.000098,0.000006,0.000072,0.000098,0.000062
0.382000,0.000480,0.000145,0.000005,0.000085,0.000130,0.000115
0.383000,0.000432,0.000129,0.000005,0.000066,0.000096,0.000136
0.384000,0.000496,0.000169,0.000005,0.000066,0.000124,0.000132
0.385000,0.000512,0.000147,0.000006,0.000101,0.000147,0.000110
0.386000,0.000352,0.000110,0.000004,0.000062,0.000093,0.000083
0.387000,0.000480,0.000139,0.000005,0.000099,0.000118,0.000119
0.388000,0.000448,0.000117,0.000008,0.000070,0.000145,0.000108
0.389000,0.000368,0.000135,0.000006,0.000053,0.000099,0.000076
0.390000,0.000528,0.000164,0.000004,0.000078,0.000128,0.000154
0.391000,0.000544,0.000160,0.000007,0.000066,0.000124,0.000187
0.392000,0.000480,0.000161,0.000004,0.000108,0.000109,0.000098
0.393000,0.000416,0.000112,0.000006,0.000079,0.000118,0.000102
0.394000,0.000352,0.000109,0.000005,0.000054,0.000082,0.000101
0.395000,0.000576,0.000164,0.000009,0.000147,0.000142,0.000114
0.396000,0.000608,0.000160,0.000007,0.000132,0.000168,0.000141
0.397000,0.000496,0.000148,0.000009,0.000089,0.000125,0.000125
0.398000,0.000448,0.000121,0.000007,0.000076,0.000114,0.000131
0.399000,0.000448,0.000114,0.000004,0.000088,0.000121,0.000121
0.400000,0.000384,0.000111,0.000007,0.000067,0.000103,0.000095
0.401000,0.000592,0.000157,0.000009,0.000093,0.000165,0.000168
0.402000,0.000592,0.000176,0.000008,0.000089,0.000167,0.000152
0.403000,0.000416,0.000096,0.000004,0.000074,0.000119,0.000123
0.404000,0.000448,0.000116,0.000005,0.000063,0.000147,0.000118
0.405000,0.000576,0.000172,0.000007,0.000152,0.000127,0.000118
0.406000,0.000384,0.000108,0.000007,0.000081,0.000087,0.000101
0.407000,0.000448,0.000101,0.000005,0.000115,0.000134,0.000094
0.408000,0.000400,0.000105,0.000003,0.000074,0.000099,0.000119
0.409000,0.000496,0.000115,0.000005,0.000072,0.000151,0.000153
0.410000,0.000336,0.000082,0.000003,0.000060,0.000101,0.000090
0.411000,0.000432,0.000118,0.000004,0.000094,0.000100,0.000116
0.412000,0.000352,0.000089,0.000006,0.000053,0.000095,0.000110
0.413000,0.000432,0.000103,0.000007,0.000088,0.000145,0.000088
0.414000,0.000320,0.000068,0.000005,0.000085,0.000073,0.000090
0.415000,0.000384,0.000132,0.000004,0.000079,0.000075,0.000094
0.416000,0.000464,0.000094,0.000005,0.000119,0.000128,0.000117
0.417000,0.000352,0.000102,0.000005,0.000066,0.000093,0.000086
0.418000,0.000464,0.000143,0.000007,0.000072,0.000127,0.000115
0.419000,0.000320,0.000085,0.000005,0.000052,0.000090,0.000087
0.420000,0.000288,0.000066,0.000002,0.000051,0.000067,0.000102
0.421000,0.000416,0.000146,0.000007,0.000061,0.000085,0.000117
0.422000,0.000320,0.000091,0.000003,0.000080,0.000068,0.000078
0.423000,0.000384,0.000106,0.000007,0.000076,0.000090,0.000105
0.424000,0.000400,0.000116,0.000004,0.000076,0.000096,0.000107
0.425000,0.000496,0.000116,0.000006,0.000094,0.000162,0.000119
0.426000,0.000448,0.000119,0.000004,0.000088,0.000125,0.000112
0.427000,0.000320,0.000074,0.000005,0.000074,0.000080,0.000087
0.428000,0.000368,0.000089,0.000005,0.000072,0.000107,0.000094
0.429000,0.000272,0.000078,0.000002,0.000072,0.000066,0.000054
0.430000,0.000336,0.000098,0.000003,0.000072,0.000084,0.000079
0.431000,0.000352,0.000088,0.000007,0.000082,0.000087,0.000088
0.432000,0.000320,0.000070,0.000005,0.000075,0.000101,0.000069
0.433000,0.000352,0.000103,0.000003,0.000082,0.000089,0.000074
0.434000,0.000368,0.000113,0.000004,0.000071,0.000098,0.000082
0.435000,0.000288,0.000096,0.000003,0.000041,0.000065,0.000083
0.436000,0.000368,0.000097,0.000003,0.000097,0.000110,0.000060
0.437000,0.000336,0.000089,0.000007,0.000081,0.000077,0.000082
0.438000,0.000400,0.000113,0.000007,0.000089,0.000100,0.000092
0.439000,0.000400,0.000103,0.000005,0.000077,0.000094,0.000122
0.440000,0.000672,0.000193,0.000008,0.000167,0.000163,0.000142
0.441000,0.000464,0.000127,0.000005,0.000124,0.000111,0.000097
0.442000,0.000352,0.000102,0.000006,0.000087,0.000075,0.000082
0.443000,0.000352,0.000095,0.000007,0.000067,0.000102,0.000081
0.444000,0.000400,0.000114,0.000005,0.000098,0.000111,0.000072
0.445000,0.000384,0.000102,0.000005,0.000085,0.000082,0.000111
0.446000,0.000304,0.000076,0.000003,0.000057,0.000093,0.000074
0.447000,0.000320,0.000086,0.000004,0.000085,0.000086,0.000059
0.448000,0.000320,0.000107,0.000005,0.000064,0.000090,0.000054
0.449000,0.000400,0.000125,0.000004,0.000074,0.000093,0.000103
0.450000,0.000528,0.000192,0.000005,0.000107,0.000108,0.000116
0.451000,0.000304,0.000077,0.000005,0.000053,0.000100,0.000071
0.452000,0.000336,0.000093,0.000006,0.000077,0.000083,0.000077
0.453000,0.000544,0.000177,0.000006,0.000118,0.000108,0.000135
0.454000,0.000352,0.000093,0.000004,0.000091,0.000082,0.000081
0.455000,0.000464,0.000148,0.000004,0.000117,0.000071,0.000125
0.456000,0.000528,0.000133,0.000007,0.000102,0.000150,0.000136
0.457000,0.000544,0.000153,0.000006,0.000112,0.000119,0.000154
0.458000,0.000448,0.000124,0.000003,0.000110,0.000079,0.000131
0.459000,0.000400,0.000120,0.000003,0.000056,0.000122,0.000098
0.460000,0.000496,0.000157,0.000006,0.000110,0.000119,0.000103
0.461000,0.000320,0.000099,0.000005,0.000069,0.000059,0.000088
0.462000,0.000560,0.000187,0.000004,0.000136,0.000109,0.000124
0.463000,0.000432,0.000086,0.000009,0.000140,0.000088,0.000109
0.464000,0.000304,0.000090,0.000002,0.000054,0.000078,0.000080
0.465000,0.000480,0.000153,0.000004,0.000108,0.000115,0.000100
0.466000,0.000464,0.000147,0.000004,0.000104,0.000111,0.000098
0.467000,0.000352,0.000096,0.000004,0.000077,0.000104,0.000070
0.468000,0.000464,0.000139,0.000004,0.000090,0.000128,0.000103
0.469000,0.000416,0.000133,0.000004,0.000111,0.000114,0.000054
0.470000,0.000416,0.000107,0.000002,0.000100,0.000096,0.000111
0.471000,0.000624,0.000211,0.000006,0.000157,0.000144,0.000106
0.472000,0.000416,0.000124,0.000006,0.000126,0.000073,0.000087
0.473000,0.000464,0.000129,0.000006,0.000133,0.000096,0.000100
0.474000,0.000448,0.000182,0.000006,0.000105,0.000082,0.000073
0.475000,0.000496,0.000157,0.000004,0.000095,0.000134,0.000107
0.476000,0.000320,0.000101,0.000002,0.000066,0.000075,0.000076
0.477000,0.000416,0.000113,0.000006,0.000064,0.000116,0.000117
0.478000,0.000480,0.000146,0.000003,0.000092,0.000108,0.000131
0.479000,0.000432,0.000135,0.000004,0.000118,0.000090,0.000085
0.480000,0.000544,0.000212,0.000006,0.000099,0.000114,0.000114
0.481000,0.000752,0.000261,0.000009,0.000143,0.000158,0.000181
0.482000,0.000528,0.000187,0.000005,0.000110,0.000108,0.000118
0.483000,0.000496,0.000147,0.000006,0.000106,0.000122,0.000115
0.484000,0.000448,0.000155,0.000003,0.000083,0.000111,0.000096
0.485000,0.000336,0.000105,0.000004,0.000078,0.000079,0.000069
0.486000,0.000400,0.000136,0.000004,0.000069,0.000085,0.000107
0.487000,0.000416,0.000134,0.000003,0.000100,0.000078,0.000100
0.488000,0.000464,0.000151,0.000005,0.000140,0.000103,0.000064
0.489000,0.000368,0.000113,0.000005,0.000089,0.000084,0.000077
0.490000,0.000496,0.000193,0.000004,0.000105,0.000106,0.000088
0.491000,0.000464,0.000154,0.000005,0.000093,0.000100,0.000113
0.492000,0.000384,0.000112,0.000004,0.000102,0.000099,0.000067
0.493000,0.000352,0.000094,0.000004,0.000075,0.000081,0.000097
0.494000,0.000288,0.000090,0.000004,0.000039,0.000104,0.000051
0.495000,0.000416,0.000149,0.000005,0.000064,0.000095,0.000102
0.496000,0.000432,0.000130,0.000005,0.000088,0.000109,0.000100
0.497000,0.000400,0.000099,0.000006,0.000085,0.000119,0.000090
0.498000,0.000368,0.000115,0.000005,0.000096,0.000071,0.000081
0.499000,0.000448,0.000137,0.000005,0.000077,0.000133,0.000095
0.500000,0.000400,0.000124,0.000002,0.000091,0.000106,0.000076
0.501000,0.000480,0.000172,0.000007,0.000103,0.000082,0.000116
0.502000,0.000560,0.000164,0.000006,0.000109,0.000119,0.000162
0.503000,0.000480,0.000152,0.000007,0.000103,0.000102,0.000117
0.504000,0.000320,0.000099,0.000003,0.000056,0.000101,0.000060
0.505000,0.000480,0.000197,0.000005,0.000082,0.000086,0.000109
0.506000,0.000480,0.000181,0.000004,0.000099,0.000089,0.000107
0.507000,0.000384,0.000109,0.000004,0.000114,0.000088,0.000068
0.508000,0.000496,0.000147,0.000006,0.000114,0.000136,0.000093
0.509000,0.000352,0.000128,0.000004,0.000081,0.000080,0.000060
0.510000,0.000384,0.000134,0.000003,0.000062,0.000084,0.000101
0.511000,0.000528,0.000146,0.000004,0.000131,0.000123,0.000124
0.512000,0.000480,0.000140,0.000004,0.000105,0.000132,0.000099
0.513000,0.000272,0.000103,0.000004,0.000072,0.000042,0.000051
0.514000,0.000560,0.000167,0.000004,0.000132,0.000147,0.000110
0.515000,0.000368,0.000119,0.000005,0.000103,0.000076,0.000065
0.516000,0.000352,0.000123,0.000004,0.000064,0.000077,0.000084
0.517000,0.000384,0.000142,0.000004,0.000088,0.000083,0.000066
0.518000,0.000432,0.000144,0.000004,0.000080,0.000103,0.000102
0.519000,0.000368,0.000101,0.000004,0.000075,0.000103,0.000085
0.520000,0.000368,0.000140,0.000004,0.000077,0.000074,0.000074
0.521000,0.000288,0.000099,0.000001,0.000053,0.000070,0.000065
0.522000,0.000400,0.000162,0.000003,0.000070,0.000082,0.000082
0.523000,0.000416,0.000123,0.000004,0.000076,0.000120,0.000093
0.524000,0.000352,0.000118,0.000004,0.000087,0.000068,0.000076
0.525000,0.000544,0.000158,0.000005,0.000108,0.000113,0.000159
0.526000,0.000368,0.000099,0.000003,0.000078,0.000100,0.000088
0.527000,0.000320,0.000097,0.000004,0.000051,0.000063,0.000105
0.528000,0.000288,0.000106,0.000003,0.000050,0.000060,0.000070
0.529000,0.000400,0.000135,0.000005,0.000096,0.000079,0.000085
0.530000,0.000272,0.000069,0.000003,0.000050,0.000069,0.000081
0.531000,0.000400,0.000145,0.000003,0.000045,0.000077,0.000130
0.532000,0.000464,0.000171,0.000003,0.000067,0.000081,0.000142
0.533000,0.000320,0.000100,0.000003,0.000044,0.000076,0.000097
0.534000,0.000256,0.000091,0.000005,0.000039,0.000070,0.000052
0.535000,0.000304,0.000116,0.000003,0.000043,0.000076,0.000065
0.536000,0.000352,0.000124,0.000003,0.000055,0.000085,0.000086
0.537000,0.000352,0.000099,0.000003,0.000061,0.000075,0.000114
0.538000,0.000608,0.000208,0.000006,0.000107,0.000148,0.000139
0.539000,0.000256,0.000058,0.000003,0.000052,0.000069,0.000074
0.540000,0.000384,0.000119,0.000004,0.000058,0.000111,0.000091
0.541000,0.000400,0.000135,0.000003,0.000059,0.000102,0.000101
0.542000,0.000576,0.000154,0.000005,0.000082,0.000155,0.000180
0.543000,0.000496,0.000098,0.000003,0.000086,0.000144,0.000165
0.544000,0.000336,0.000119,0.000002,0.000046,0.000072,0.000097
0.545000,0.000336,0.000100,0.000003,0.000076,0.000087,0.000070
0.546000,0.000384,0.000113,0.000005,0.000053,0.000092,0.000122
0.547000,0.000416,0.000148,0.000004,0.000068,0.000097,0.000099
0.548000,0.000384,0.000102,0.000006,0.000079,0.000074,0.000123
0.549000,0.000384,0.000123,0.000004,0.000056,0.000091,0.000110
0.550000,0.000512,0.000167,0.000004,0.000069,0.000115,0.000156
0.551000,0.000448,0.000158,0.000003,0.000071,0.000103,0.000113
0.552000,0.000448,0.000136,0.000006,0.000089,0.000125,0.000093
0.553000,0.000336,0.000142,0.000003,0.000052,0.000055,0.000084
0.554000,0.000352,0.000093,0.000003,0.000060,0.000068,0.000128
0.555000,0.000368,0.000138,0.000006,0.000051,0.000080,0.000093
0.556000,0.000368,0.000112,0.000005,0.000066,0.000081,0.000105
0.557000,0.000352,0.000090,0.000003,0.000044,0.000088,0.000128
0.558000,0.000432,0.000132,0.000004,0.000062,0.000119,0.000114
0.559000,0.000448,0.000159,0.000005,0.000065,0.000091,0.000128
0.560000,0.000272,0.000108,0.000003,0.000042,0.000059,0.000061
0.561000,0.000416,0.000134,0.000004,0.000090,0.000100,0.000089
0.562000,0.000544,0.000182,0.000004,0.000064,0.000117,0.000177
0.563000,0.000512,0.000165,0.000001,0.000107,0.000111,0.000128
0.564000,0.000416,0.000151,0.000005,0.000079,0.000112,0.000069
0.565000,0.000448,0.000179,0.000003,0.000066,0.000100,0.000100
0.566000,0.000368,0.000106,0.000004,0.000049,0.000113,0.000096
0.567000,0.000496,0.000170,0.000003,0.000095,0.000117,0.000112
0.568000,0.000496,0.000166,0.000006,0.000073,0.000112,0.000140
0.569000,0.000464,0.000176,0.000004,0.000071,0.000104,0.000109
0.570000,0.000512,0.000161,0.000005,0.000079,0.000141,0.000126
0.571000,0.000496,0.000197,0.000005,0.000082,0.000075,0.000137
0.572000,0.000400,0.000109,0.000005,0.000076,0.000099,0.000111
0.573000,0.000320,0.000095,0.000005,0.000039,0.000096,0.000085
0.574000,0.000448,0.000151,0.000004,0.000051,0.000114,0.000129
0.575000,0.000400,0.000141,0.000003,0.000043,0.000124,0.000089
0.576000,0.000384,0.000115,0.000005,0.000071,0.000094,0.000099
0.577000,0.000544,0.000162,0.000004,0.000116,0.000117,0.000145
0.578000,0.000496,0.000137,0.000005,0.000082,0.000139,0.000132
0.579000,0.000480,0.000184,0.000005,0.000071,0.000102,0.000120
0.580000,0.000624,0.000212,0.000007,0.000128,0.000131,0.000146
0.581000,0.000608,0.000230,0.000006,0.000117,0.000129,0.000126
0.582000,0.000608,0.000197,0.000007,0.000134,0.000140,0.000130
0.583000,0.000560,0.000193,0.000006,0.000094,0.000121,0.000146
0.584000,0.000496,0.000134,0.000006,0.000078,0.000116,0.000163
0.585000,0.000464,0.000148,0.000003,0.000081,0.000127,0.000105
0.586000,0.000688,0.000236,0.000006,0.000106,0.000152,0.000188
0.587000,0.000496,0.000181,0.000006,0.000072,0.000132,0.000104
0.588000,0.000400,0.000128,0.000003,0.000081,0.000084,0.000103
0.589000,0.000592,0.000194,0.000005,0.000073,0.000161,0.000159
0.590000,0.000512,0.000196,0.000004,0.000074,0.000114,0.000124
0.591000,0.000672,0.000251,0.000006,0.000095,0.000146,0.000174
0.592000,0.000480,0.000193,0.000004,0.000066,0.000117,0.000101
0.593000,0.000496,0.000187,0.000006,0.000065,0.000114,0.000125
0.594000,0.000592,0.000225,0.000006,0.000098,0.000159,0.000105
0.595000,0.000544,0.000198,0.000004,0.000092,0.000102,0.000148
0.596000,0.000656,0.000217,0.000005,0.000099,0.000129,0.000205
0.597000,0.000560,0.000206,0.000003,0.000103,0.000104,0.000144
0.598000,0.000560,0.000170,0.000004,0.000090,0.000144,0.000151
0.599000,0.000544,0.000182,0.000004,0.000080,0.000152,0.000125
0.600000,0.000752,0.000274,0.000006,0.000124,0.000169,0.000179
0.601000,0.000672,0.000267,0.000006,0.000126,0.000118,0.000154
0.602000,0.000608,0.000219,0.000004,0.000136,0.000113,0.000136
0.603000,0.000672,0.000242,0.000005,0.000106,0.000120,0.000198
0.604000,0.000672,0.000225,0.000006,0.000129,0.000148,0.000164
0.605000,0.000592,0.000212,0.000004,0.000095,0.000126,0.000155
0.606000,0.000656,0.000251,0.000006,0.000094,0.000146,0.000159
0.607000,0.000768,0.000332,0.000005,0.000127,0.000124,0.000181
0.608000,0.000672,0.000225,0.000006,0.000119,0.000126,0.000195
0.609000,0.000752,0.000272,0.000008,0.000123,0.000146,0.000202
0.610000,0.000832,0.000296,0.000005,0.000130,0.000205,0.000197
0.611000,0.000624,0.000230,0.000004,0.000128,0.000113,0.000149
0.612000,0.000592,0.000193,0.000004,0.000115,0.000129,0.000151
0.613000,0.000656,0.000200,0.000007,0.000131,0.000177,0.000141
0.614000,0.000512,0.000175,0.000004,0.000087,0.000148,0.000098
0.615000,0.000608,0.000200,0.000005,0.000125,0.000121,0.000157
0.616000,0.000544,0.000177,0.000003,0.000100,0.000126,0.000138
0.617000,0.000592,0.000229,0.000004,0.000099,0.000127,0.000133
0.618000,0.000704,0.000245,0.000007,0.000113,0.000143,0.000197
0.619000,0.000768,0.000292,0.000008,0.000104,0.000172,0.000192
0.620000,0.000624,0.000186,0.000006,0.000114,0.000161,0.000158
0.621000,0.000512,0.000175,0.000006,0.000068,0.000125,0.000138
0.622000,0.000624,0.000201,0.000005,0.000092,0.000140,0.000186
0.623000,0.000544,0.000224,0.000004,0.000107,0.000104,0.000105
0.624000,0.000864,0.000305,0.000006,0.000158,0.000177,0.000218
0.625000,0.000688,0.000255,0.000005,0.000120,0.000167,0.000142
0.626000,0.000608,0.000191,0.000003,0.000120,0.000161,0.000133
0.627000,0.000656,0.000196,0.000006,0.000131,0.000173,0.000150
0.628000,0.000704,0.000237,0.000006,0.000154,0.000147,0.000160
0.629000,0.000688,0.000254,0.000004,0.000103,0.000160,0.000167
0.630000,0.000592,0.000242,0.000005,0.000089,0.000134,0.000122
0.631000,0.000880,0.000296,0.000010,0.000165,0.000192,0.000218
0.632000,0.000768,0.000284,0.000006,0.000125,0.000185,0.000167
0.633000,0.000512,0.000204,0.000003,0.000092,0.000111,0.000102
0.634000,0.000784,0.000284,0.000007,0.000119,0.000188,0.000187
0.635000,0.000816,0.000249,0.000005,0.000190,0.000178,0.000194
0.636000,0.000704,0.000257,0.000005,0.000115,0.000160,0.000168
0.637000,0.000768,0.000295,0.000005,0.000105,0.000178,0.000185
0.638000,0.000640,0.000212,0.000005,0.000119,0.000165,0.000139
0.639000,0.000672,0.000271,0.000004,0.000125,0.000137,0.000135
0.640000,0.000624,0.000228,0.000003,0.000143,0.000132,0.000119
0.641000,0.000496,0.000143,0.000005,0.000078,0.000134,0.000136
0.642000,0.000576,0.000236,0.000002,0.000079,0.000125,0.000134
0.643000,0.000784,0.000267,0.000008,0.000145,0.000197,0.000167
0.644000,0.000608,0.000252,0.000006,0.000114,0.000102,0.000135
0.645000,0.000528,0.000211,0.000002,0.000094,0.000115,0.000106
0.646000,0.000752,0.000246,0.000005,0.000137,0.000163,0.000201
0.647000,0.000896,0.000318,0.000009,0.000177,0.000200,0.000193
0.648000,0.000656,0.000253,0.000006,0.000109,0.000179,0.000109
0.649000,0.000720,0.000259,0.000006,0.000124,0.000149,0.000182
0.650000,0.000672,0.000236,0.000007,0.000124,0.000140,0.000164
0.651000,0.000672,0.000253,0.000005,0.000101,0.000158,0.000155
0.652000,0.000688,0.000250,0.000005,0.000093,0.000128,0.000211
0.653000,0.000624,0.000211,0.000004,0.000092,0.000138,0.000180
0.654000,0.000816,0.000296,0.000007,0.000148,0.000180,0.000186
0.655000,0.000720,0.000257,0.000006,0.000111,0.000160,0.000185
0.656000,0.000736,0.000282,0.000006,0.000135,0.000137,0.000177
0.657000,0.000672,0.000234,0.000006,0.000123,0.000130,0.000179
0.658000,0.000640,0.000239,0.000007,0.000102,0.000116,0.000175
0.659000,0.000640,0.000236,0.000004,0.000108,0.000149,0.000143
0.660000,0.000560,0.000193,0.000006,0.000109,0.000120,0.000132
0.661000,0.000736,0.000208,0.000007,0.000145,0.000188,0.000188
0.662000,0.000608,0.000218,0.000005,0.000089,0.000173,0.000123
0.663000,0.000672,0.000221,0.000007,0.000123,0.000154,0.000167
0.664000,0.000592,0.000211,0.000003,0.000104,0.000149,0.000125
0.665000,0.000784,0.000265,0.000008,0.000152,0.000174,0.000185
0.666000,0.000720,0.000262,0.000007,0.000123,0.000171,0.000158
0.667000,0.000688,0.000277,0.000004,0.000098,0.000148,0.000161
0.668000,0.000688,0.000220,0.000005,0.000124,0.000145,0.000193
0.669000,0.000688,0.000212,0.000006,0.000106,0.000163,0.000201
0.670000,0.000768,0.000293,0.000005,0.000105,0.000170,0.000196
0.671000,0.000912,0.000316,0.000008,0.000154,0.000200,0.000234
0.672000,0.000912,0.000290,0.000008,0.000161,0.000195,0.000258
0.673000,0.000736,0.000258,0.000007,0.000130,0.000168,0.000173
0.674000,0.000672,0.000246,0.000006,0.000100,0.000172,0.000148
0.675000,0.000656,0.000238,0.000004,0.000134,0.000129,0.000152
0.676000,0.000720,0.000224,0.000004,0.000129,0.000184,0.000179
0.677000,0.000432,0.000134,0.000002,0.000080,0.000096,0.000120
0.678000,0.000672,0.000214,0.000006,0.000121,0.000170,0.000161
0.679000,0.000944,0.000340,0.000008,0.000180,0.000214,0.000202
0.680000,0.000848,0.000318,0.000008,0.000149,0.000166,0.000207
0.681000,0.000624,0.000195,0.000007,0.000115,0.000167,0.000141
0.682000,0.000544,0.000174,0.000007,0.000115,0.000129,0.000119
0.683000,0.000672,0.000251,0.000005,0.000094,0.000167,0.000156
0.684000,0.000672,0.000229,0.000004,0.000111,0.000179,0.000149
0.685000,0.000624,0.000211,0.000006,0.000125,0.000131,0.000152
0.686000,0.000672,0.000199,0.000005,0.000117,0.000176,0.000174
0.687000,0.000736,0.000241,0.000006,0.000111,0.000199,0.000179
0.688000,0.000688,0.000246,0.000004,0.000134,0.000135,0.000169
0.689000,0.000656,0.000220,0.000004,0.000105,0.000171,0.000156
0.690000,0.000752,0.000243,0.000005,0.000150,0.000174,0.000179
0.691000,0.000656,0.000206,0.000005,0.000141,0.000177,0.000128
0.692000,0.000784,0.000272,0.000006,0.000116,0.000203,0.000188
0.693000,0.000512,0.000181,0.000003,0.000099,0.000106,0.000123
0.694000,0.000528,0.000148,0.000005,0.000128,0.000146,0.000101
0.695000,0.000640,0.000210,0.000003,0.000106,0.000156,0.000166
0.696000,0.000736,0.000251,0.000005,0.000145,0.000162,0.000173
0.697000,0.000768,0.000235,0.000008,0.000125,0.000195,0.000206
0.698000,0.000848,0.000277,0.000008,0.000153,0.000191,0.000219
0.699000,0.000720,0.000256,0.000007,0.000131,0.000190,0.000135
0.700000,0.000592,0.000156,0.000004,0.000137,0.000157,0.000138
0.701000,0.000768,0.000212,0.000006,0.000132,0.000222,0.000196
0.702000,0.000688,0.000223,0.000004,0.000125,0.000170,0.000167
0.703000,0.000816,0.000266,0.000008,0.000167,0.000181,0.000194
0.704000,0.000448,0.000122,0.000003,0.000088,0.000138,0.000097
0.705000,0.000752,0.000219,0.000005,0.000124,0.000211,0.000193
0.706000,0.000768,0.000263,0.000007,0.000128,0.000191,0.000180
0.707000,0.000752,0.000222,0.000005,0.000123,0.000192,0.000209
0.708000,0.000704,0.000223,0.000007,0.000114,0.000179,0.000181
0.709000,0.000768,0.000266,0.000004,0.000121,0.000165,0.000211
0.710000,0.000768,0.000232,0.000006,0.000140,0.000172,0.000218
0.711000,0.000624,0.000187,0.000005,0.000102,0.000147,0.000183
0.712000,0.000784,0.000235,0.000005,0.000110,0.000214,0.000220
0.713000,0.000544,0.000182,0.000003,0.000064,0.000149,0.000146
0.714000,0.000640,0.000205,0.000007,0.000124,0.000152,0.000152
0.715000,0.000672,0.000216,0.000004,0.000124,0.000151,0.000177
0.716000,0.000752,0.000245,0.000006,0.000128,0.000212,0.000162
0.717000,0.000768,0.000222,0.000006,0.000118,0.000208,0.000214
0.718000,0.000688,0.000221,0.000006,0.000128,0.000199,0.000134
0.719000,0.000656,0.000220,0.000004,0.000110,0.000186,0.000137
0.720000,0.000752,0.000225,0.000006,0.000131,0.000193,0.000198
0.721000,0.000720,0.000251,0.000005,0.000122,0.000174,0.000167
0.722000,0.000736,0.000224,0.000005,0.000120,0.000183,0.000205
0.723000,0.000624,0.000212,0.000005,0.000078,0.000172,0.000158
0.724000,0.000800,0.000298,0.000007,0.000119,0.000167,0.000209
0.725000,0.000720,0.000241,0.000006,0.000114,0.000146,0.000214
0.726000,0.000608,0.000167,0.000004,0.000101,0.000174,0.000163
0.727000,0.000784,0.000242,0.000005,0.000103,0.000211,0.000223
0.728000,0.000688,0.000226,0.000005,0.000114,0.000168,0.000175
0.729000,0.000592,0.000197,0.000004,0.000112,0.000147,0.000132
0.730000,0.000704,0.000209,0.000003,0.000123,0.000198,0.000172
0.731000,0.000688,0.000198,0.000006,0.000103,0.000184,0.000197
0.732000,0.000800,0.000218,0.000005,0.000109,0.000266,0.000202
0.733000,0.000544,0.000171,0.000003,0.000078,0.000170,0.000122
0.734000,0.000800,0.000224,0.000006,0.000130,0.000190,0.000250
0.735000,0.000720,0.000227,0.000005,0.000118,0.000152,0.000218
0.736000,0.000720,0.000225,0.000005,0.000120,0.000174,0.000195
0.737000,0.000784,0.000215,0.000006,0.000173,0.000204,0.000187
0.738000,0.000752,0.000208,0.000004,0.000117,0.000227,0.000196
0.739000,0.000656,0.000167,0.000005,0.000116,0.000189,0.000179
0.740000,0.000784,0.000206,0.000004,0.000133,0.000215,0.000225
0.741000,0.000800,0.000283,0.000006,0.000116,0.000188,0.000207
0.742000,0.000624,0.000177,0.000004,0.000128,0.000156,0.000159
0.743000,0.000832,0.000250,0.000005,0.000142,0.000212,0.000222
0.744000,0.000720,0.000203,0.000005,0.000129,0.000207,0.000175
0.745000,0.000704,0.000275,0.000004,0.000080,0.000181,0.000164
0.746000,0.000768,0.000241,0.000004,0.000144,0.000166,0.000213
0.747000,0.000880,0.000299,0.000005,0.000120,0.000229,0.000228
0.748000,0.001120,0.000331,0.000010,0.000211,0.000308,0.000261
0.749000,0.000912,0.000319,0.000008,0.000146,0.000210,0.000228
0.750000,0.000784,0.000233,0.000008,0.000126,0.000189,0.000228
0.751000,0.000720,0.000215,0.000007,0.000125,0.000177,0.000197
0.752000,0.000736,0.000232,0.000005,0.000112,0.000207,0.000181
0.753000,0.000784,0.000246,0.000005,0.000110,0.000201,0.000223
0.754000,0.000672,0.000183,0.000006,0.000100,0.000181,0.000202
0.755000,0.000720,0.000193,0.000004,0.000108,0.000232,0.000183
0.756000,0.000752,0.000233,0.000007,0.000114,0.000203,0.000196
0.757000,0.000976,0.000339,0.000010,0.000172,0.000216,0.000239
0.758000,0.000768,0.000270,0.000005,0.000117,0.000204,0.000171
0.759000,0.000768,0.000263,0.000004,0.000130,0.000181,0.000190
0.760000,0.000752,0.000246,0.000006,0.000119,0.000161,0.000220
0.761000,0.000816,0.000303,0.000007,0.000118,0.000188,0.000199
0.762000,0.000944,0.000294,0.000006,0.000144,0.000223,0.000277
0.763000,0.001040,0.000321,0.000008,0.000140,0.000301,0.000271
0.764000,0.000768,0.000229,0.000004,0.000145,0.000206,0.000184
0.765000,0.000784,0.000231,0.000005,0.000148,0.000174,0.000226
0.766000,0.000752,0.000260,0.000008,0.000134,0.000169,0.000182
0.767000,0.000688,0.000218,0.000003,0.000106,0.000155,0.000206
0.768000,0.001088,0.000334,0.000007,0.000173,0.000244,0.000330
0.769000,0.000848,0.000268,0.000008,0.000085,0.000234,0.000253
0.770000,0.000576,0.000147,0.000004,0.000084,0.000140,0.000201
0.771000,0.000880,0.000258,0.000007,0.000158,0.000245,0.000211
0.772000,0.000928,0.000248,0.000007,0.000159,0.000258,0.000257
0.773000,0.000704,0.000265,0.000005,0.000110,0.000157,0.000168
0.774000,0.000848,0.000256,0.000007,0.000148,0.000232,0.000206
0.775000,0.000848,0.000270,0.000007,0.000136,0.000195,0.000240
0.776000,0.000896,0.000288,0.000004,0.000130,0.000225,0.000249
0.777000,0.000976,0.000284,0.000008,0.000117,0.000308,0.000259
0.778000,0.000976,0.000285,0.000005,0.000165,0.000269,0.000252
0.779000,0.000784,0.000241,0.000007,0.000098,0.000207,0.000231
0.780000,0.000816,0.000231,0.000008,0.000117,0.000232,0.000228
0.781000,0.000880,0.000268,0.000006,0.000136,0.000241,0.000230
0.782000,0.000768,0.000234,0.000006,0.000115,0.000190,0.000223
0.783000,0.000784,0.000227,0.000007,0.000114,0.000191,0.000244
0.784000,0.000704,0.000176,0.000006,0.000109,0.000201,0.000213
0.785000,0.000880,0.000263,0.000004,0.000154,0.000211,0.000249
0.786000,0.000816,0.000254,0.000007,0.000108,0.000183,0.000263
0.787000,0.000752,0.000239,0.000005,0.000131,0.000164,0.000213
0.788000,0.000624,0.000191,0.000005,0.000098,0.000139,0.000192
0.789000,0.000880,0.000290,0.000005,0.000127,0.000210,0.000248
0.790000,0.000832,0.000296,0.000006,0.000126,0.000213,0.000191
0.791000,0.000672,0.000232,0.000004,0.000110,0.000152,0.000174
0.792000,0.000768,0.000261,0.000006,0.000106,0.000220,0.000175
0.793000,0.000656,0.000220,0.000004,0.000109,0.000175,0.000148
0.794000,0.000688,0.000181,0.000004,0.000127,0.000170,0.000206
0.795000,0.000768,0.000220,0.000005,0.000140,0.000208,0.000195
0.796000,0.000816,0.000262,0.000004,0.000148,0.000175,0.000227
0.797000,0.000816,0.000254,0.000006,0.000117,0.000194,0.000245
0.798000,0.000832,0.000252,0.000005,0.000110,0.000237,0.000228
0.799000,0.000736,0.000222,0.000005,0.000090,0.000227,0.000192
0.800000,0.000704,0.000238,0.000005,0.000115,0.000166,0.000181
0.801000,0.000832,0.000267,0.000007,0.000115,0.000223,0.000221
0.802000,0.000928,0.000294,0.000005,0.000141,0.000215,0.000272
0.803000,0.000624,0.000189,0.000005,0.000087,0.000164,0.000179
0.804000,0.000752,0.000249,0.000005,0.000134,0.000176,0.000189
0.805000,0.000560,0.000163,0.000006,0.000095,0.000167,0.000130
0.806000,0.000832,0.000213,0.000006,0.000140,0.000221,0.000253
0.807000,0.000624,0.000193,0.000005,0.000101,0.000166,0.000158
0.808000,0.000800,0.000233,0.000005,0.000123,0.000212,0.000227
0.809000,0.000528,0.000174,0.000005,0.000081,0.000131,0.000137
0.810000,0.000816,0.000288,0.000006,0.000112,0.000216,0.000195
0.811000,0.000752,0.000251,0.000007,0.000117,0.000195,0.000184
0.812000,0.000704,0.000251,0.000002,0.000122,0.000187,0.000142
0.813000,0.000720,0.000244,0.000005,0.000114,0.000195,0.000162
0.814000,0.000704,0.000232,0.000005,0.000098,0.000201,0.000169
0.815000,0.000688,0.000254,0.000005,0.000110,0.000153,0.000166
0.816000,0.000704,0.000199,0.000005,0.000117,0.000221,0.000162
0.817000,0.000688,0.000268,0.000004,0.000109,0.000167,0.000140
0.818000,0.000800,0.000299,0.000005,0.000125,0.000200,0.000171
0.819000,0.000768,0.000280,0.000003,0.000122,0.000199,0.000164
0.820000,0.000800,0.000277,0.000005,0.000127,0.000226,0.000165
0.821000,0.000736,0.000240,0.000004,0.000145,0.000178,0.000170
0.822000,0.000624,0.000256,0.000005,0.000094,0.000129,0.000140
0.823000,0.000736,0.000176,0.000005,0.000135,0.000251,0.000170
0.824000,0.000912,0.000328,0.000005,0.000147,0.000228,0.000204
0.825000,0.000624,0.000183,0.000005,0.000119,0.000164,0.000152
0.826000,0.000736,0.000225,0.000004,0.000120,0.000235,0.000152
0.827000,0.000608,0.000178,0.000004,0.000128,0.000157,0.000142
0.828000,0.000608,0.000195,0.000005,0.000114,0.000163,0.000131
0.829000,0.000928,0.000304,0.000007,0.000136,0.000277,0.000206
0.830000,0.000928,0.000316,0.000005,0.000191,0.000226,0.000190
0.831000,0.000720,0.000247,0.000004,0.000103,0.000181,0.000186
0.832000,0.000752,0.000269,0.000005,0.000120,0.000185,0.000174
0.833000,0.000880,0.000257,0.000005,0.000147,0.000289,0.000183
0.834000,0.000592,0.000234,0.000005,0.000093,0.000137,0.000123
0.835000,0.000864,0.000251,0.000004,0.000160,0.000276,0.000174
0.836000,0.000816,0.000272,0.000006,0.000125,0.000185,0.000229
0.837000,0.000720,0.000264,0.000003,0.000091,0.000176,0.000186
0.838000,0.001120,0.000306,0.000006,0.000182,0.000345,0.000282
0.839000,0.000784,0.000255,0.000005,0.000146,0.000186,0.000192
0.840000,0.000768,0.000299,0.000005,0.000127,0.000174,0.000163
0.841000,0.000672,0.000198,0.000005,0.000140,0.000187,0.000143
0.842000,0.000560,0.000193,0.000003,0.000081,0.000118,0.000165
0.843000,0.000688,0.000193,0.000003,0.000116,0.000176,0.000199
0.844000,0.000736,0.000206,0.000004,0.000129,0.000220,0.000178
0.845000,0.000848,0.000248,0.000006,0.000153,0.000237,0.000204
0.846000,0.000672,0.000242,0.000004,0.000122,0.000187,0.000117
0.847000,0.000800,0.000278,0.000005,0.000108,0.000226,0.000183
0.848000,0.000704,0.000191,0.000004,0.000123,0.000200,0.000186
0.849000,0.000800,0.000194,0.000005,0.000146,0.000233,0.000222
0.850000,0.000800,0.000220,0.000007,0.000158,0.000241,0.000175
0.851000,0.000592,0.000199,0.000005,0.000111,0.000137,0.000140
0.852000,0.000784,0.000251,0.000005,0.000136,0.000219,0.000174
0.853000,0.000768,0.000292,0.000005,0.000120,0.000162,0.000189
0.854000,0.000960,0.000312,0.000008,0.000146,0.000320,0.000175
0.855000,0.000624,0.000179,0.000004,0.000104,0.000186,0.000151
0.856000,0.000672,0.000244,0.000005,0.000108,0.000159,0.000157
0.857000,0.000752,0.000237,0.000006,0.000114,0.000224,0.000172
0.858000,0.000608,0.000200,0.000003,0.000102,0.000162,0.000142
0.859000,0.000560,0.000186,0.000003,0.000109,0.000145,0.000117
0.860000,0.000736,0.000229,0.000005,0.000120,0.000200,0.000182
0.861000,0.000576,0.000199,0.000003,0.000085,0.000155,0.000133
0.862000,0.000848,0.000261,0.000004,0.000156,0.000228,0.000200
0.863000,0.000608,0.000187,0.000005,0.000099,0.000163,0.000155
0.864000,0.000640,0.000216,0.000004,0.000107,0.000165,0.000147
0.865000,0.000544,0.000124,0.000003,0.000139,0.000141,0.000137
0.866000,0.000864,0.000258,0.000006,0.000145,0.000249,0.000206
0.867000,0.000864,0.000266,0.000004,0.000151,0.000237,0.000207
0.868000,0.000528,0.000135,0.000003,0.000072,0.000153,0.000165
0.869000,0.000752,0.000225,0.000004,0.000119,0.000199,0.000205
0.870000,0.000656,0.000244,0.000003,0.000104,0.000163,0.000141
0.871000,0.000624,0.000171,0.000004,0.000120,0.000196,0.000133
0.872000,0.000832,0.000299,0.000004,0.000116,0.000203,0.000210
0.873000,0.000544,0.000209,0.000003,0.000067,0.000147,0.000118
0.874000,0.000640,0.000221,0.000003,0.000084,0.000199,0.000134
0.875000,0.000592,0.000160,0.000005,0.000084,0.000162,0.000181
0.876000,0.000656,0.000210,0.000004,0.000092,0.000175,0.000175
0.877000,0.000784,0.000257,0.000004,0.000139,0.000186,0.000198
0.878000,0.000688,0.000218,0.000004,0.000093,0.000179,0.000195
0.879000,0.000672,0.000249,0.000006,0.000076,0.000167,0.000174
0.880000,0.000816,0.000261,0.000007,0.000100,0.000225,0.000223
0.881000,0.000592,0.000203,0.000005,0.000080,0.000131,0.000173
0.882000,0.000672,0.000206,0.000006,0.000112,0.000173,0.000176
0.883000,0.000944,0.000278,0.000006,0.000147,0.000242,0.000271
0.884000,0.000656,0.000227,0.000004,0.000117,0.000147,0.000162
0.885000,0.000784,0.000241,0.000005,0.000131,0.000212,0.000196
0.886000,0.000720,0.000220,0.000004,0.000148,0.000168,0.000180
0.887000,0.000672,0.000234,0.000004,0.000121,0.000151,0.000161
0.888000,0.000800,0.000195,0.000003,0.000147,0.000216,0.000240
0.889000,0.000688,0.000209,0.000005,0.000107,0.000195,0.000172
0.890000,0.000720,0.000235,0.000005,0.000138,0.000177,0.000165
0.891000,0.000848,0.000260,0.000005,0.000165,0.000220,0.000198
0.892000,0.000768,0.000246,0.000007,0.000117,0.000205,0.000193
0.893000,0.000704,0.000215,0.000004,0.000116,0.000161,0.000208
0.894000,0.001104,0.000340,0.000007,0.000174,0.000286,0.000297
0.895000,0.000704,0.000247,0.000004,0.000121,0.000143,0.000188
0.896000,0.000592,0.000218,0.000003,0.000083,0.000132,0.000157
0.897000,0.000720,0.000261,0.000005,0.000112,0.000169,0.000175
0.898000,0.000688,0.000226,0.000003,0.000122,0.000145,0.000191
0.899000,0.000864,0.000248,0.000005,0.000157,0.000222,0.000232
0.900000,0.000976,0.000305,0.000006,0.000148,0.000278,0.000239
0.901000,0.000800,0.000287,0.000006,0.000124,0.000160,0.000224
0.902000,0.001056,0.000351,0.000008,0.000135,0.000280,0.000282
0.903000,0.000912,0.000367,0.000006,0.000122,0.000170,0.000248
0.904000,0.000752,0.000257,0.000004,0.000113,0.000151,0.000227
0.905000,0.000784,0.000242,0.000005,0.000125,0.000172,0.000240
0.906000,0.000688,0.000222,0.000003,0.000109,0.000158,0.000195
0.907000,0.000720,0.000259,0.000004,0.000121,0.000142,0.000194
0.908000,0.000704,0.000210,0.000004,0.000104,0.000171,0.000215
0.909000,0.000992,0.000375,0.000004,0.000164,0.000207,0.000242
0.910000,0.000960,0.000332,0.000006,0.000150,0.000217,0.000255
0.911000,0.000800,0.000255,0.000004,0.000139,0.000186,0.000216
0.912000,0.000736,0.000249,0.000004,0.000120,0.000154,0.000208
0.913000,0.000960,0.000331,0.000005,0.000171,0.000191,0.000262
0.914000,0.000832,0.000280,0.000003,0.000107,0.000213,0.000229
0.915000,0.000752,0.000235,0.000004,0.000137,0.000174,0.000202
0.916000,0.000672,0.000217,0.000003,0.000116,0.000154,0.000181
0.917000,0.000928,0.000290,0.000004,0.000152,0.000226,0.000256
0.918000,0.000752,0.000218,0.000005,0.000102,0.000188,0.000239
0.919000,0.000688,0.000262,0.000004,0.000079,0.000155,0.000189
0.920000,0.000736,0.000234,0.000005,0.000133,0.000151,0.000213
0.921000,0.000944,0.000318,0.000005,0.000129,0.000227,0.000266
0.922000,0.000976,0.000284,0.000006,0.000160,0.000250,0.000277
0.923000,0.000880,0.000311,0.000005,0.000143,0.000207,0.000214
0.924000,0.000656,0.000229,0.000003,0.000104,0.000138,0.000182
0.925000,0.000800,0.000273,0.000006,0.000126,0.000193,0.000202
0.926000,0.000720,0.000276,0.000004,0.000128,0.000153,0.000159
0.927000,0.000832,0.000300,0.000004,0.000128,0.000177,0.000224
0.928000,0.000832,0.000270,0.000007,0.000105,0.000216,0.000235
0.929000,0.000736,0.000236,0.000005,0.000124,0.000194,0.000177
0.930000,0.000784,0.000281,0.000005,0.000114,0.000188,0.000196
0.931000,0.000736,0.000216,0.000004,0.000123,0.000212,0.000182
0.932000,0.000752,0.000251,0.000006,0.000103,0.000197,0.000195
0.933000,0.000960,0.000277,0.000006,0.000172,0.000259,0.000245
0.934000,0.000976,0.000257,0.000005,0.000149,0.000268,0.000296
0.935000,0.001008,0.000321,0.000005,0.000147,0.000260,0.000275
0.936000,0.000848,0.000288,0.000004,0.000137,0.000226,0.000194
0.937000,0.000720,0.000217,0.000005,0.000140,0.000138,0.000221
0.938000,0.000848,0.000290,0.000004,0.000153,0.000185,0.000215
0.939000,0.000864,0.000290,0.000006,0.000158,0.000182,0.000228
0.940000,0.000848,0.000272,0.000004,0.000145,0.000220,0.000207
0.941000,0.000816,0.000268,0.000004,0.000136,0.000194,0.000214
0.942000,0.000912,0.000296,0.000005,0.000175,0.000185,0.000251
0.943000,0.000640,0.000207,0.000003,0.000098,0.000155,0.000177
0.944000,0.000816,0.000259,0.000004,0.000108,0.000199,0.000245
0.945000,0.000912,0.000312,0.000005,0.000128,0.000223,0.000245
0.946000,0.000880,0.000257,0.000006,0.000168,0.000216,0.000234
0.947000,0.000864,0.000316,0.000005,0.000156,0.000187,0.000201
0.948000,0.000736,0.000228,0.000004,0.000127,0.000181,0.000196
0.949000,0.000752,0.000271,0.000003,0.000109,0.000192,0.000177
0.950000,0.000752,0.000280,0.000005,0.000102,0.000160,0.000205
0.951000,0.000976,0.000284,0.000006,0.000149,0.000256,0.000281
0.952000,0.000688,0.000192,0.000003,0.000126,0.000170,0.000197
0.953000,0.000880,0.000311,0.000005,0.000142,0.000189,0.000233
0.954000,0.000656,0.000213,0.000005,0.000105,0.000146,0.000187
0.955000,0.000688,0.000229,0.000004,0.000115,0.000146,0.000194
0.956000,0.000720,0.000254,0.000004,0.000104,0.000157,0.000202
0.957000,0.000816,0.000274,0.000004,0.000163,0.000151,0.000224
0.958000,0.000944,0.000293,0.000005,0.000152,0.000224,0.000270
0.959000,0.000736,0.000226,0.000004,0.000124,0.000177,0.000206
0.960000,0.000736,0.000258,0.000003,0.000121,0.000168,0.000186
0.961000,0.000944,0.000307,0.000005,0.000122,0.000210,0.000301
0.962000,0.000896,0.000250,0.000004,0.000164,0.000214,0.000265
0.963000,0.000912,0.000299,0.000004,0.000125,0.000224,0.000261
0.964000,0.000928,0.000297,0.000005,0.000169,0.000208,0.000249
0.965000,0.000832,0.000266,0.000005,0.000114,0.000210,0.000238
0.966000,0.000784,0.000261,0.000004,0.000103,0.000172,0.000244
0.967000,0.000736,0.000221,0.000005,0.000134,0.000175,0.000202
0.968000,0.000624,0.000217,0.000002,0.000091,0.000150,0.000164
0.969000,0.000512,0.000176,0.000002,0.000086,0.000114,0.000134
0.970000,0.000800,0.000205,0.000003,0.000132,0.000207,0.000252
0.971000,0.000752,0.000264,0.000005,0.000116,0.000153,0.000213
0.972000,0.000960,0.000370,0.000004,0.000141,0.000196,0.000248
0.973000,0.000736,0.000230,0.000004,0.000112,0.000148,0.000242
0.974000,0.000944,0.000327,0.000005,0.000126,0.000196,0.000291
0.975000,0.000960,0.000282,0.000004,0.000158,0.000242,0.000274
0.976000,0.000752,0.000233,0.000005,0.000138,0.000174,0.000202
0.977000,0.000768,0.000261,0.000004,0.000116,0.000143,0.000244
0.978000,0.000848,0.000291,0.000005,0.000125,0.000179,0.000247
0.979000,0.000880,0.000273,0.000004,0.000160,0.000192,0.000251
0.980000,0.000864,0.000267,0.000004,0.000137,0.000220,0.000237
0.981000,0.001024,0.000351,0.000007,0.000139,0.000244,0.000284
0.982000,0.000896,0.000304,0.000006,0.000167,0.000172,0.000247
0.983000,0.000800,0.000209,0.000004,0.000131,0.000193,0.000262
0.984000,0.000912,0.000308,0.000004,0.000133,0.000202,0.000265
0.985000,0.000976,0.000349,0.000007,0.000115,0.000198,0.000308
0.986000,0.000656,0.000212,0.000004,0.000086,0.000153,0.000201
0.987000,0.000736,0.000221,0.000004,0.000097,0.000184,0.000230
0.988000,0.000512,0.000188,0.000002,0.000074,0.000104,0.000144
0.989000,0.000880,0.000247,0.000006,0.000124,0.000215,0.000289
0.990000,0.000688,0.000244,0.000003,0.000131,0.000134,0.000175
0.991000,0.000496,0.000172,0.000003,0.000091,0.000083,0.000148
0.992000,0.000720,0.000236,0.000004,0.000137,0.000144,0.000199
0.993000,0.000720,0.000284,0.000006,0.000098,0.000133,0.000199
0.994000,0.000784,0.000270,0.000004,0.000100,0.000181,0.000229
0.995000,0.000560,0.000173,0.000003,0.000100,0.000140,0.000144
0.996000,0.000720,0.000229,0.000006,0.000138,0.000150,0.000196
0.997000,0.000592,0.000193,0.000003,0.000081,0.000111,0.000204
0.998000,0.000704,0.000190,0.000003,0.000105,0.000151,0.000254
0.999000,0.000800,0.000239,0.000004,0.000140,0.000179,0.000237
1.000000,0.000864,0.000270,0.000003,0.000152,0.000175,0.000263
1.001000,0.000912,0.000331,0.000006,0.000172,0.000180,0.000224
1.002000,0.000832,0.000284,0.000004,0.000121,0.000170,0.000253
1.003000,0.000736,0.000214,0.000004,0.000104,0.000162,0.000252
1.004000,0.000800,0.000271,0.000005,0.000139,0.000133,0.000252
1.005000,0.000704,0.000221,0.000005,0.000131,0.000128,0.000219
1.006000,0.000784,0.000231,0.000005,0.000132,0.000174,0.000242
1.007000,0.000864,0.000285,0.000005,0.000133,0.000185,0.000255
1.008000,0.000720,0.000253,0.000004,0.000101,0.000141,0.000221
1.009000,0.000656,0.000206,0.000003,0.000129,0.000136,0.000182
1.010000,0.000848,0.000295,0.000006,0.000135,0.000159,0.000253
1.011000,0.000688,0.000204,0.000005,0.000097,0.000151,0.000232
1.012000,0.000752,0.000233,0.000006,0.000118,0.000153,0.000241
1.013000,0.000656,0.000209,0.000004,0.000102,0.000141,0.000201
1.014000,0.000688,0.000200,0.000005,0.000092,0.000152,0.000239
1.015000,0.000848,0.000278,0.000006,0.000121,0.000176,0.000268
1.016000,0.000880,0.000286,0.000003,0.000156,0.000181,0.000255
1.017000,0.000912,0.000292,0.000004,0.000199,0.000181,0.000237
1.018000,0.000720,0.000252,0.000003,0.000122,0.000138,0.000205
1.019000,0.000848,0.000300,0.000004,0.000145,0.000168,0.000231
1.020000,0.000816,0.000247,0.000005,0.000115,0.000195,0.000254
1.021000,0.000816,0.000282,0.000004,0.000136,0.000176,0.000218
1.022000,0.001008,0.000341,0.000006,0.000195,0.000193,0.000272
1.023000,0.000736,0.000250,0.000005,0.000166,0.000129,0.000186
1.024000,0.001040,0.000326,0.000005,0.000198,0.000207,0.000304
1.025000,0.000784,0.000240,0.000004,0.000148,0.000177,0.000215
1.026000,0.000928,0.000315,0.000005,0.000135,0.000203,0.000270
1.027000,0.000784,0.000232,0.000005,0.000140,0.000186,0.000220
1.028000,0.000832,0.000264,0.000005,0.000148,0.000163,0.000252
1.029000,0.000768,0.000199,0.000004,0.000142,0.000196,0.000227
1.030000,0.000816,0.000247,0.000004,0.000156,0.000197,0.000212
1.031000,0.001104,0.000364,0.000006,0.000182,0.000244,0.000307
1.032000,0.000848,0.000266,0.000003,0.000117,0.000194,0.000268
1.033000,0.000896,0.000312,0.000003,0.000121,0.000181,0.000279
1.034000,0.000832,0.000246,0.000004,0.000136,0.000179,0.000268
1.035000,0.000928,0.000265,0.000005,0.000169,0.000199,0.000291
1.036000,0.000992,0.000316,0.000007,0.000203,0.000167,0.000299
1.037000,0.000848,0.000263,0.000004,0.000162,0.000188,0.000230
1.038000,0.000960,0.000340,0.000004,0.000186,0.000179,0.000252
1.039000,0.001040,0.000342,0.000003,0.000189,0.000206,0.000300
1.040000,0.001008,0.000322,0.000005,0.000189,0.000214,0.000278
1.041000,0.000928,0.000327,0.000006,0.000173,0.000207,0.000215
1.042000,0.000864,0.000283,0.000004,0.000134,0.000170,0.000273
1.043000,0.001008,0.000316,0.000005,0.000160,0.000237,0.000290
1.044000,0.001008,0.000320,0.000005,0.000216,0.000237,0.000231
1.045000,0.000912,0.000304,0.000006,0.000166,0.000188,0.000249
1.046000,0.000864,0.000282,0.000003,0.000169,0.000183,0.000227
1.047000,0.000800,0.000222,0.000004,0.000138,0.000162,0.000274
1.048000,0.001056,0.000331,0.000005,0.000195,0.000240,0.000285
1.049000,0.000736,0.000233,0.000005,0.000131,0.000148,0.000219
1.050000,0.000960,0.000343,0.000004,0.000160,0.000183,0.000270
1.051000,0.000896,0.000275,0.000006,0.000144,0.000196,0.000275
1.052000,0.000832,0.000297,0.000004,0.000144,0.000181,0.000205
1.053000,0.001024,0.000324,0.000005,0.000176,0.000195,0.000324
1.054000,0.000944,0.000268,0.000003,0.000208,0.000200,0.000264
1.055000,0.001056,0.000342,0.000005,0.000178,0.000247,0.000284
1.056000,0.000768,0.000244,0.000003,0.000123,0.000169,0.000229
1.057000,0.000752,0.000252,0.000004,0.000130,0.000126,0.000241
1.058000,0.000784,0.000268,0.000004,0.000121,0.000147,0.000245
1.059000,0.000880,0.000272,0.000004,0.000150,0.000216,0.000239
1.060000,0.001072,0.000374,0.000005,0.000164,0.000218,0.000311
1.061000,0.000928,0.000285,0.000007,0.000159,0.000211,0.000266
1.062000,0.000912,0.000305,0.000006,0.000138,0.000177,0.000286
1.063000,0.001008,0.000347,0.000005,0.000154,0.000208,0.000294
1.064000,0.001024,0.000290,0.000004,0.000187,0.000231,0.000313
1.065000,0.000832,0.000318,0.000004,0.000144,0.000172,0.000194
1.066000,0.001232,0.000415,0.000006,0.000199,0.000252,0.000361
1.067000,0.000912,0.000311,0.000005,0.000144,0.000203,0.000249
1.068000,0.000800,0.000270,0.000002,0.000140,0.000182,0.000206
1.069000,0.000592,0.000213,0.000004,0.000110,0.000130,0.000136
1.070000,0.000896,0.000273,0.000004,0.000185,0.000184,0.000251
1.071000,0.001008,0.000343,0.000007,0.000178,0.000213,0.000267
1.072000,0.000944,0.000309,0.000005,0.000194,0.000195,0.000241
1.073000,0.000848,0.000269,0.000004,0.000157,0.000193,0.000225
1.074000,0.000832,0.000270,0.000005,0.000148,0.000205,0.000204
1.075000,0.000784,0.000228,0.000004,0.000127,0.000242,0.000184
1.076000,0.000768,0.000256,0.000006,0.000144,0.000165,0.000197
1.077000,0.000944,0.000344,0.000004,0.000132,0.000229,0.000235
1.078000,0.000976,0.000359,0.000006,0.000124,0.000207,0.000281
1.079000,0.000912,0.000344,0.000005,0.000156,0.000191,0.000216
1.080000,0.000896,0.000305,0.000004,0.000151,0.000227,0.000209
1.081000,0.000912,0.000325,0.000005,0.000134,0.000189,0.000259
1.082000,0.000960,0.000318,0.000004,0.000164,0.000225,0.000250
1.083000,0.000928,0.000328,0.000003,0.000138,0.000207,0.000252
1.084000,0.001008,0.000392,0.000006,0.000138,0.000225,0.000248
1.085000,0.000656,0.000221,0.000004,0.000129,0.000120,0.000182
1.086000,0.000912,0.000290,0.000005,0.000200,0.000151,0.000265
1.087000,0.000944,0.000323,0.000004,0.000165,0.000196,0.000257
1.088000,0.000832,0.000289,0.000004,0.000145,0.000177,0.000217
1.089000,0.000896,0.000305,0.000004,0.000166,0.000222,0.000198
1.090000,0.000960,0.000352,0.000006,0.000151,0.000204,0.000248
1.091000,0.000912,0.000291,0.000003,0.000126,0.000221,0.000271
1.092000,0.000832,0.000284,0.000005,0.000148,0.000149,0.000246
1.093000,0.000752,0.000227,0.000003,0.000120,0.000149,0.000254
1.094000,0.000832,0.000280,0.000003,0.000143,0.000183,0.000224
1.095000,0.001040,0.000349,0.000008,0.000152,0.000254,0.000278
1.096000,0.000832,0.000283,0.000004,0.000157,0.000201,0.000187
1.097000,0.000736,0.000289,0.000004,0.000118,0.000154,0.000171
1.098000,0.000864,0.000281,0.000008,0.000167,0.000171,0.000238
1.099000,0.000752,0.000280,0.000005,0.000129,0.000143,0.000196
1.100000,0.000864,0.000287,0.000004,0.000144,0.000197,0.000232
1.101000,0.000720,0.000227,0.000005,0.000095,0.000165,0.000228
1.102000,0.000816,0.000339,0.000005,0.000144,0.000134,0.000194
1.103000,0.000864,0.000307,0.000003,0.000109,0.000235,0.000210
1.104000,0.001072,0.000360,0.000004,0.000175,0.000209,0.000323
1.105000,0.000800,0.000280,0.000004,0.000132,0.000137,0.000247
1.106000,0.000608,0.000225,0.000004,0.000091,0.000137,0.000151
1.107000,0.000880,0.000295,0.000004,0.000147,0.000222,0.000212
1.108000,0.000704,0.000269,0.000004,0.000094,0.000145,0.000193
1.109000,0.000752,0.000279,0.000003,0.000098,0.000151,0.000221
1.110000,0.000960,0.000325,0.000004,0.000139,0.000241,0.000252
1.111000,0.000704,0.000267,0.000006,0.000115,0.000155,0.000161
1.112000,0.000896,0.000337,0.000004,0.000143,0.000206,0.000207
1.113000,0.000912,0.000316,0.000005,0.000132,0.000211,0.000247
1.114000,0.000816,0.000326,0.000004,0.000136,0.000160,0.000189
1.115000,0.000912,0.000310,0.000005,0.000162,0.000192,0.000242
1.116000,0.000768,0.000257,0.000004,0.000122,0.000169,0.000216
1.117000,0.001008,0.000344,0.000005,0.000169,0.000249,0.000240
1.118000,0.000768,0.000298,0.000004,0.000130,0.000177,0.000160
1.119000,0.000848,0.000297,0.000003,0.000134,0.000191,0.000224
1.120000,0.000896,0.000287,0.000004,0.000143,0.000202,0.000261
1.121000,0.000800,0.000312,0.000005,0.000118,0.000162,0.000204
1.122000,0.000832,0.000305,0.000004,0.000118,0.000178,0.000227
1.123000,0.000976,0.000341,0.000006,0.000183,0.000211,0.000235
1.124000,0.000864,0.000293,0.000004,0.000139,0.000200,0.000228
1.125000,0.000800,0.000292,0.000004,0.000120,0.000185,0.000198
1.126000,0.000720,0.000277,0.000003,0.000119,0.000146,0.000176
1.127000,0.000960,0.000344,0.000005,0.000155,0.000233,0.000223
1.128000,0.000880,0.000315,0.000004,0.000140,0.000195,0.000226
1.129000,0.000592,0.000238,0.000003,0.000095,0.000125,0.000131
1.130000,0.000960,0.000374,0.000005,0.000146,0.000192,0.000243
1.131000,0.001008,0.000368,0.000004,0.000163,0.000225,0.000249
1.132000,0.000912,0.000320,0.000004,0.000151,0.000199,0.000238
1.133000,0.000688,0.000256,0.000004,0.000104,0.000159,0.000166
1.134000,0.000688,0.000230,0.000002,0.000101,0.000159,0.000196
1.135000,0.000976,0.000334,0.000004,0.000173,0.000250,0.000215
1.136000,0.000960,0.000342,0.000005,0.000151,0.000197,0.000264
1.137000,0.000768,0.000260,0.000003,0.000102,0.000204,0.000199
1.138000,0.000752,0.000278,0.000003,0.000114,0.000144,0.000213
1.139000,0.000832,0.000313,0.000004,0.000125,0.000194,0.000196
1.140000,0.000928,0.000358,0.000005,0.000151,0.000208,0.000206
1.141000,0.001088,0.000426,0.000004,0.000177,0.000208,0.000274
1.142000,0.000816,0.000309,0.000003,0.000144,0.000162,0.000198
1.143000,0.000976,0.000371,0.000005,0.000178,0.000192,0.000230
1.144000,0.000816,0.000316,0.000004,0.000116,0.000156,0.000225
1.145000,0.000944,0.000346,0.000006,0.000129,0.000220,0.000244
1.146000,0.000688,0.000232,0.000003,0.000140,0.000164,0.000150
1.147000,0.000848,0.000267,0.000004,0.000125,0.000211,0.000240
1.148000,0.000640,0.000201,0.000003,0.000094,0.000172,0.000169
1.149000,0.000880,0.000331,0.000004,0.000122,0.000198,0.000224
1.150000,0.000832,0.000326,0.000005,0.000137,0.000146,0.000218
1.151000,0.000880,0.000342,0.000004,0.000149,0.000181,0.000204
1.152000,0.000784,0.000296,0.000004,0.000105,0.000182,0.000198
1.153000,0.000672,0.000264,0.000004,0.000096,0.000115,0.000194
1.154000,0.000800,0.000312,0.000005,0.000111,0.000193,0.000179
1.155000,0.000752,0.000290,0.000004,0.000133,0.000158,0.000168
1.156000,0.000736,0.000285,0.000003,0.000130,0.000149,0.000169
1.157000,0.000960,0.000340,0.000005,0.000156,0.000220,0.000239
1.158000,0.000512,0.000184,0.000002,0.000103,0.000099,0.000124
1.159000,0.000816,0.000307,0.000003,0.000129,0.000162,0.000216
1.160000,0.000864,0.000319,0.000005,0.000159,0.000186,0.000195
1.161000,0.000752,0.000231,0.000003,0.000153,0.000164,0.000201
1.162000,0.000784,0.000274,0.000003,0.000130,0.000168,0.000209
1.163000,0.000816,0.000294,0.000006,0.000157,0.000164,0.000196
1.164000,0.000736,0.000237,0.000003,0.000122,0.000165,0.000209
1.165000,0.000736,0.000282,0.000004,0.000122,0.000147,0.000181
1.166000,0.000752,0.000233,0.000003,0.000131,0.000171,0.000213
1.167000,0.000880,0.000326,0.000003,0.000154,0.000199,0.000198
1.168000,0.001024,0.000370,0.000006,0.000200,0.000181,0.000268
1.169000,0.000960,0.000351,0.000003,0.000158,0.000231,0.000216
1.170000,0.000896,0.000319,0.000004,0.000166,0.000191,0.000217
1.171000,0.000704,0.000239,0.000003,0.000136,0.000154,0.000172
1.172000,0.001008,0.000333,0.000005,0.000189,0.000211,0.000270
1.173000,0.000832,0.000273,0.000004,0.000113,0.000202,0.000240
1.174000,0.000800,0.000258,0.000004,0.000140,0.000155,0.000242
1.175000,0.000784,0.000282,0.000003,0.000117,0.000198,0.000183
1.176000,0.000912,0.000318,0.000005,0.000151,0.000210,0.000229
1.177000,0.000720,0.000261,0.000003,0.000131,0.000144,0.000181
1.178000,0.000800,0.000267,0.000003,0.000146,0.000160,0.000224
1.179000,0.000944,0.000331,0.000004,0.000169,0.000206,0.000234
1.180000,0.000816,0.000292,0.000003,0.000131,0.000173,0.000218
1.181000,0.000784,0.000285,0.000003,0.000165,0.000171,0.000160
1.182000,0.000832,0.000304,0.000004,0.000173,0.000165,0.000186
1.183000,0.000896,0.000314,0.000005,0.000167,0.000184,0.000226
1.184000,0.000784,0.000283,0.000003,0.000150,0.000163,0.000186
1.185000,0.001008,0.000319,0.000006,0.000195,0.000230,0.000258
1.186000,0.000848,0.000256,0.000004,0.000159,0.000169,0.000259
1.187000,0.000624,0.000206,0.000003,0.000117,0.000113,0.000185
1.188000,0.000480,0.000171,0.000002,0.000082,0.000100,0.000125
1.189000,0.000752,0.000254,0.000005,0.000139,0.000164,0.000190
1.190000,0.001024,0.000370,0.000004,0.000155,0.000225,0.000271
1.191000,0.000704,0.000244,0.000003,0.000149,0.000162,0.000146
1.192000,0.000928,0.000293,0.000003,0.000193,0.000209,0.000229
1.193000,0.000688,0.000231,0.000002,0.000116,0.000160,0.000179
1.194000,0.000848,0.000288,0.000004,0.000164,0.000154,0.000237
1.195000,0.000896,0.000280,0.000003,0.000156,0.000204,0.000253
1.196000,0.000880,0.000274,0.000004,0.000169,0.000198,0.000235
1.197000,0.000688,0.000225,0.000003,0.000127,0.000148,0.000187
1.198000,0.000640,0.000204,0.000003,0.000118,0.000146,0.000169
1.199000,0.000784,0.000259,0.000006,0.000154,0.000169,0.000196
1.200000,0.000768,0.000250,0.000003,0.000114,0.000198,0.000203
1.201000,0.000688,0.000214,0.000003,0.000106,0.000162,0.000203
1.202000,0.000832,0.000291,0.000003,0.000154,0.000196,0.000188
1.203000,0.000672,0.000200,0.000003,0.000136,0.000156,0.000178
1.204000,0.000800,0.000255,0.000003,0.000129,0.000173,0.000241
1.205000,0.000848,0.000280,0.000005,0.000150,0.000192,0.000220
1.206000,0.000896,0.000312,0.000003,0.000175,0.000202,0.000205
1.207000,0.000848,0.000241,0.000004,0.000161,0.000206,0.000237
1.208000,0.000832,0.000260,0.000005,0.000152,0.000213,0.000202
1.209000,0.000832,0.000277,0.000005,0.000130,0.000185,0.000235
1.210000,0.000704,0.000228,0.000002,0.000115,0.000188,0.000171
1.211000,0.000800,0.000237,0.000004,0.000116,0.000206,0.000237
1.212000,0.000768,0.000235,0.000004,0.000118,0.000199,0.000213
1.213000,0.000656,0.000187,0.000004,0.000092,0.000152,0.000220
1.214000,0.000800,0.000241,0.000004,0.000126,0.000200,0.000228
1.215000,0.000816,0.000233,0.000003,0.000165,0.000169,0.000246
1.216000,0.000960,0.000292,0.000005,0.000177,0.000213,0.000274
1.217000,0.000752,0.000197,0.000003,0.000117,0.000193,0.000243
1.218000,0.000800,0.000275,0.000004,0.000127,0.000193,0.000200
1.219000,0.000720,0.000160,0.000003,0.000136,0.000186,0.000236
1.220000,0.000592,0.000133,0.000002,0.000114,0.000152,0.000191
1.221000,0.000672,0.000196,0.000004,0.000154,0.000152,0.000167
1.222000,0.000864,0.000278,0.000004,0.000162,0.000214,0.000206
1.223000,0.000640,0.000178,0.000002,0.000147,0.000132,0.000181
1.224000,0.000896,0.000263,0.000004,0.000148,0.000211,0.000270
1.225000,0.000656,0.000220,0.000003,0.000103,0.000144,0.000186
1.226000,0.000656,0.000169,0.000002,0.000111,0.000154,0.000220
1.227000,0.000784,0.000237,0.000004,0.000108,0.000190,0.000245
1.228000,0.000672,0.000226,0.000002,0.000132,0.000124,0.000187
1.229000,0.000704,0.000210,0.000004,0.000120,0.000192,0.000179
1.230000,0.000672,0.000193,0.000003,0.000110,0.000171,0.000195
1.231000,0.000656,0.000203,0.000003,0.000094,0.000151,0.000206
1.232000,0.000688,0.000205,0.000003,0.000140,0.000144,0.000196
1.233000,0.000800,0.000251,0.000003,0.000153,0.000167,0.000226
1.234000,0.000624,0.000189,0.000002,0.000102,0.000160,0.000172
1.235000,0.000560,0.000134,0.000003,0.000092,0.000149,0.000183
1.236000,0.000752,0.000223,0.000002,0.000141,0.000174,0.000213
1.237000,0.000640,0.000172,0.000003,0.000109,0.000166,0.000191
1.238000,0.000688,0.000211,0.000002,0.000123,0.000168,0.000184
1.239000,0.000800,0.000235,0.000004,0.000159,0.000198,0.000204
1.240000,0.000720,0.000222,0.000003,0.000108,0.000175,0.000213
1.241000,0.000400,0.000128,0.000002,0.000070,0.000085,0.000115
1.242000,0.000736,0.000219,0.000004,0.000116,0.000179,0.000218
1.243000,0.000656,0.000193,0.000002,0.000124,0.000156,0.000182
1.244000,0.000672,0.000185,0.000004,0.000097,0.000156,0.000230
1.245000,0.000704,0.000199,0.000002,0.000108,0.000160,0.000235
1.246000,0.000768,0.000244,0.000003,0.000116,0.000200,0.000206
1.247000,0.000720,0.000201,0.000003,0.000111,0.000189,0.000216
1.248000,0.000816,0.000241,0.000004,0.000160,0.000180,0.000232
1.249000,0.000608,0.000178,0.000002,0.000110,0.000149,0.000169
1.250000,0.000640,0.000206,0.000003,0.000100,0.000160,0.000171
1.251000,0.001072,0.000343,0.000007,0.000195,0.000258,0.000269
1.252000,0.000592,0.000209,0.000003,0.000094,0.000122,0.000165
1.253000,0.000656,0.000202,0.000002,0.000125,0.000141,0.000186
1.254000,0.000656,0.000183,0.000003,0.000122,0.000147,0.000200
1.255000,0.000672,0.000191,0.000003,0.000107,0.000165,0.000205
1.256000,0.000736,0.000247,0.000003,0.000107,0.000180,0.000199
1.257000,0.000576,0.000154,0.000002,0.000086,0.000152,0.000182
1.258000,0.000592,0.000167,0.000003,0.000097,0.000144,0.000181
1.259000,0.000688,0.000218,0.000003,0.000123,0.000159,0.000185
1.260000,0.000688,0.000190,0.000002,0.000112,0.000165,0.000219
1.261000,0.000896,0.000281,0.000002,0.000159,0.000204,0.000250
1.262000,0.000544,0.000179,0.000003,0.000095,0.000127,0.000141
1.263000,0.000736,0.000205,0.000003,0.000118,0.000194,0.000216
1.264000,0.000800,0.000263,0.000003,0.000110,0.000211,0.000214
1.265000,0.000608,0.000200,0.000003,0.000102,0.000133,0.000170
1.266000,0.000672,0.000198,0.000002,0.000079,0.000161,0.000231
1.267000,0.000512,0.000146,0.000002,0.000101,0.000135,0.000128
1.268000,0.000704,0.000165,0.000004,0.000130,0.000172,0.000233
1.269000,0.000640,0.000206,0.000004,0.000104,0.000157,0.000170
1.270000,0.000544,0.000157,0.000002,0.000082,0.000138,0.000164
1.271000,0.000624,0.000195,0.000002,0.000105,0.000147,0.000174
1.272000,0.000480,0.000128,0.000002,0.000084,0.000114,0.000151
1.273000,0.000576,0.000181,0.000003,0.000082,0.000148,0.000162
1.274000,0.000512,0.000144,0.000002,0.000092,0.000125,0.000148
1.275000,0.000704,0.000198,0.000004,0.000102,0.000175,0.000225
1.276000,0.000512,0.000120,0.000003,0.000087,0.000128,0.000173
1.277000,0.000720,0.000225,0.000004,0.000120,0.000197,0.000174
1.278000,0.000544,0.000187,0.000003,0.000067,0.000126,0.000162
1.279000,0.000592,0.000203,0.000003,0.000089,0.000134,0.000164
1.280000,0.000544,0.000187,0.000004,0.000101,0.000111,0.000141
1.281000,0.000688,0.000203,0.000003,0.000117,0.000186,0.000179
1.282000,0.000464,0.000146,0.000002,0.000068,0.000101,0.000148
1.283000,0.000528,0.000183,0.000002,0.000092,0.000107,0.000144
1.284000,0.000592,0.000171,0.000003,0.000095,0.000140,0.000184
1.285000,0.000624,0.000201,0.000004,0.000084,0.000150,0.000185
1.286000,0.000608,0.000172,0.000002,0.000080,0.000150,0.000203
1.287000,0.000608,0.000199,0.000003,0.000071,0.000159,0.000176
1.288000,0.000624,0.000183,0.000002,0.000089,0.000143,0.000208
1.289000,0.000400,0.000124,0.000004,0.000057,0.000090,0.000126
1.290000,0.000656,0.000203,0.000004,0.000109,0.000149,0.000191
1.291000,0.000448,0.000146,0.000002,0.000087,0.000102,0.000111
1.292000,0.000704,0.000174,0.000003,0.000137,0.000170,0.000220
1.293000,0.000544,0.000174,0.000001,0.000098,0.000113,0.000157
1.294000,0.000576,0.000175,0.000003,0.000100,0.000135,0.000163
1.295000,0.000496,0.000140,0.000003,0.000081,0.000104,0.000169
1.296000,0.000432,0.000138,0.000002,0.000065,0.000088,0.000139
1.297000,0.000672,0.000216,0.000003,0.000088,0.000166,0.000200
1.298000,0.000576,0.000166,0.000002,0.000086,0.000159,0.000163
1.299000,0.000368,0.000119,0.000002,0.000044,0.000090,0.000113
1.300000,0.000672,0.000168,0.000003,0.000121,0.000188,0.000192
1.301000,0.000416,0.000137,0.000002,0.000070,0.000086,0.000121
1.302000,0.000688,0.000196,0.000003,0.000110,0.000174,0.000205
1.303000,0.000512,0.000152,0.000002,0.000062,0.000135,0.000160
1.304000,0.000496,0.000140,0.000002,0.000075,0.000117,0.000162
1.305000,0.000528,0.000163,0.000001,0.000076,0.000129,0.000160
1.306000,0.000432,0.000129,0.000001,0.000057,0.000119,0.000126
1.307000,0.000416,0.000138,0.000001,0.000060,0.000091,0.000126
1.308000,0.000384,0.000104,0.000002,0.000064,0.000099,0.000115
1.309000,0.000416,0.000105,0.000002,0.000043,0.000099,0.000168
1.310000,0.000512,0.000155,0.000002,0.000071,0.000116,0.000168
1.311000,0.000576,0.000145,0.000002,0.000067,0.000147,0.000215
1.312000,0.000480,0.000151,0.000002,0.000069,0.000100,0.000158
1.313000,0.000496,0.000115,0.000002,0.000053,0.000148,0.000178
1.314000,0.000448,0.000148,0.000002,0.000078,0.000125,0.000096
1.315000,0.000752,0.000211,0.000004,0.000108,0.000195,0.000235
1.316000,0.000336,0.000114,0.000001,0.000056,0.000073,0.000092
1.317000,0.000448,0.000148,0.000003,0.000066,0.000094,0.000138
1.318000,0.000544,0.000165,0.000003,0.000075,0.000123,0.000178
1.319000,0.000480,0.000132,0.000002,0.000069,0.000111,0.000165
1.320000,0.000640,0.000154,0.000002,0.000086,0.000173,0.000225
1.321000,0.000448,0.000136,0.000001,0.000057,0.000093,0.000161
1.322000,0.000576,0.000150,0.000003,0.000082,0.000149,0.000192
1.323000,0.000336,0.000072,0.000001,0.000044,0.000101,0.000118
1.324000,0.000688,0.000210,0.000003,0.000106,0.000135,0.000234
1.325000,0.000512,0.000169,0.000003,0.000072,0.000137,0.000131
1.326000,0.000496,0.000165,0.000002,0.000070,0.000117,0.000143
1.327000,0.000432,0.000117,0.000001,0.000063,0.000110,0.000140
1.328000,0.000576,0.000163,0.000002,0.000071,0.000133,0.000206
1.329000,0.000272,0.000066,0.000001,0.000038,0.000059,0.000108
1.330000,0.000544,0.000149,0.000001,0.000086,0.000119,0.000188
1.331000,0.000608,0.000205,0.000002,0.000084,0.000121,0.000197
1.332000,0.000592,0.000181,0.000001,0.000091,0.000155,0.000164
1.333000,0.000512,0.000169,0.000002,0.000072,0.000118,0.000152
1.334000,0.000448,0.000138,0.000002,0.000076,0.000093,0.000139
1.335000,0.000336,0.000102,0.000001,0.000045,0.000088,0.000099
1.336000,0.000352,0.000112,0.000001,0.000045,0.000092,0.000101
1.337000,0.000480,0.000187,0.000002,0.000062,0.000117,0.000112
1.338000,0.000640,0.000167,0.000003,0.000090,0.000172,0.000209
1.339000,0.000592,0.000145,0.000002,0.000070,0.000158,0.000217
1.340000,0.000352,0.000093,0.000001,0.000039,0.000093,0.000126
1.341000,0.000752,0.000220,0.000002,0.000097,0.000202,0.000230
1.342000,0.000592,0.000186,0.000002,0.000068,0.000142,0.000195
1.343000,0.000592,0.000148,0.000003,0.000077,0.000135,0.000229
1.344000,0.000480,0.000126,0.000002,0.000058,0.000121,0.000174
1.345000,0.000416,0.000135,0.000001,0.000063,0.000094,0.000123
1.346000,0.000608,0.000219,0.000003,0.000074,0.000107,0.000206
1.347000,0.000592,0.000184,0.000002,0.000063,0.000145,0.000198
1.348000,0.000512,0.000148,0.000002,0.000067,0.000115,0.000180
1.349000,0.000576,0.000191,0.000002,0.000074,0.000126,0.000183
1.350000,0.000512,0.000165,0.000002,0.000082,0.000106,0.000157
1.351000,0.000400,0.000127,0.000002,0.000076,0.000073,0.000122
1.352000,0.000384,0.000111,0.000002,0.000053,0.000096,0.000123
1.353000,0.000512,0.000172,0.000002,0.000065,0.000097,0.000177
1.354000,0.000448,0.000141,0.000001,0.000040,0.000100,0.000166
1.355000,0.000464,0.000128,0.000002,0.000045,0.000122,0.000168
1.356000,0.000544,0.000160,0.000002,0.000084,0.000111,0.000186
1.357000,0.000624,0.000171,0.000003,0.000078,0.000149,0.000222
1.358000,0.000496,0.000128,0.000003,0.000053,0.000122,0.000190
1.359000,0.000400,0.000097,0.000001,0.000058,0.000091,0.000153
1.360000,0.000528,0.000160,0.000002,0.000069,0.000115,0.000182
1.361000,0.000560,0.000150,0.000002,0.000087,0.000115,0.000206
1.362000,0.000672,0.000171,0.000003,0.000099,0.000152,0.000246
1.363000,0.000448,0.000148,0.000002,0.000058,0.000097,0.000144
1.364000,0.000496,0.000112,0.000001,0.000079,0.000094,0.000210
1.365000,0.000480,0.000149,0.000002,0.000074,0.000090,0.000165
1.366000,0.000416,0.000095,0.000002,0.000042,0.000104,0.000172
1.367000,0.000384,0.000102,0.000002,0.000055,0.000096,0.000129
1.368000,0.000512,0.000148,0.000002,0.000067,0.000111,0.000184
1.369000,0.000560,0.000169,0.000001,0.000092,0.000103,0.000194
1.370000,0.000336,0.000106,0.000001,0.000037,0.000087,0.000105
1.371000,0.000624,0.000174,0.000003,0.000092,0.000151,0.000204
1.372000,0.000496,0.000155,0.000002,0.000063,0.000106,0.000170
1.373000,0.000576,0.000139,0.000001,0.000065,0.000157,0.000214
1.374000,0.000528,0.000151,0.000002,0.000075,0.000150,0.000150
1.375000,0.000512,0.000124,0.000002,0.000061,0.000147,0.000178
1.376000,0.000560,0.000167,0.000002,0.000080,0.000111,0.000199
1.377000,0.000496,0.000132,0.000003,0.000077,0.000124,0.000160
1.378000,0.000400,0.000091,0.000002,0.000044,0.000105,0.000158
1.379000,0.000464,0.000138,0.000003,0.000076,0.000096,0.000150
1.380000,0.000496,0.000112,0.000001,0.000067,0.000120,0.000196
1.381000,0.000544,0.000189,0.000003,0.000072,0.000110,0.000170
1.382000,0.000528,0.000156,0.000002,0.000058,0.000119,0.000193
1.383000,0.000432,0.000131,0.000001,0.000073,0.000084,0.000143
1.384000,0.000480,0.000129,0.000002,0.000085,0.000111,0.000154
1.385000,0.000416,0.000094,0.000002,0.000052,0.000113,0.000155
1.386000,0.000416,0.000112,0.000001,0.000069,0.000093,0.000141
1.387000,0.000352,0.000108,0.000002,0.000039,0.000069,0.000134
1.388000,0.000432,0.000118,0.000001,0.000056,0.000102,0.000155
1.389000,0.000448,0.000126,0.000002,0.000083,0.000078,0.000158
1.390000,0.000432,0.000119,0.000003,0.000061,0.000079,0.000170
1.391000,0.000304,0.000076,0.000001,0.000056,0.000076,0.000094
1.392000,0.000560,0.000145,0.000001,0.000075,0.000132,0.000207
1.393000,0.000496,0.000147,0.000002,0.000076,0.000086,0.000185
1.394000,0.000528,0.000158,0.000001,0.000072,0.000115,0.000182
1.395000,0.000432,0.000124,0.000001,0.000043,0.000099,0.000164
1.396000,0.000496,0.000144,0.000002,0.000058,0.000120,0.000172
1.397000,0.000512,0.000156,0.000002,0.000055,0.000126,0.000172
1.398000,0.000464,0.000147,0.000001,0.000066,0.000094,0.000156
1.399000,0.000432,0.000136,0.000002,0.000069,0.000095,0.000130
1.400000,0.000608,0.000141,0.000003,0.000091,0.000139,0.000234
1.401000,0.000512,0.000118,0.000002,0.000075,0.000138,0.000180
1.402000,0.000448,0.000116,0.000002,0.000073,0.000111,0.000146
1.403000,0.000320,0.000108,0.000002,0.000051,0.000061,0.000098
1.404000,0.000528,0.000137,0.000003,0.000076,0.000126,0.000186
1.405000,0.000352,0.000095,0.000001,0.000056,0.000094,0.000106
1.406000,0.000416,0.000099,0.000002,0.000049,0.000112,0.000155
1.407000,0.000304,0.000092,0.000001,0.000047,0.000059,0.000105
1.408000,0.000352,0.000096,0.000001,0.000051,0.000090,0.000114
1.409000,0.000512,0.000133,0.000002,0.000068,0.000125,0.000184
1.410000,0.000448,0.000100,0.000002,0.000080,0.000103,0.000163
1.411000,0.000304,0.000090,0.000001,0.000062,0.000070,0.000081
1.412000,0.000400,0.000093,0.000002,0.000065,0.000104,0.000136
1.413000,0.000288,0.000066,0.000001,0.000041,0.000079,0.000101
1.414000,0.000352,0.000102,0.000001,0.000058,0.000083,0.000109
1.415000,0.000624,0.000196,0.000002,0.000076,0.000154,0.000196
1.416000,0.000336,0.000107,0.000002,0.000066,0.000067,0.000094
1.417000,0.000480,0.000126,0.000002,0.000073,0.000130,0.000149
1.418000,0.000336,0.000106,0.000001,0.000046,0.000077,0.000105
1.419000,0.000544,0.000154,0.000002,0.000085,0.000124,0.000179
1.420000,0.000432,0.000125,0.000001,0.000074,0.000103,0.000129
1.421000,0.000464,0.000153,0.000002,0.000055,0.000113,0.000141
1.422000,0.000320,0.000066,0.000002,0.000058,0.000083,0.000111
1.423000,0.000496,0.000156,0.000001,0.000076,0.000111,0.000152
1.424000,0.000416,0.000135,0.000001,0.000070,0.000079,0.000132
1.425000,0.000448,0.000143,0.000002,0.000063,0.000089,0.000152
1.426000,0.000480,0.000142,0.000001,0.000069,0.000115,0.000153
1.427000,0.000400,0.000127,0.000001,0.000049,0.000097,0.000126
1.428000,0.000464,0.000133,0.000001,0.000058,0.000123,0.000149
1.429000,0.000512,0.000144,0.000002,0.000087,0.000121,0.000157
1.430000,0.000352,0.000105,0.000001,0.000060,0.000082,0.000104
1.431000,0.000480,0.000144,0.000002,0.000085,0.000126,0.000123
1.432000,0.000416,0.000137,0.000002,0.000062,0.000088,0.000127
1.433000,0.000416,0.000121,0.000001,0.000068,0.000092,0.000135
1.434000,0.000288,0.000091,0.000001,0.000042,0.000073,0.000081
1.435000,0.000464,0.000144,0.000002,0.000093,0.000077,0.000149
1.436000,0.000432,0.000125,0.000001,0.000046,0.000106,0.000153
1.437000,0.000416,0.000111,0.000002,0.000084,0.000091,0.000128
1.438000,0.000288,0.000085,0.000001,0.000038,0.000055,0.000110
1.439000,0.000416,0.000100,0.000002,0.000071,0.000107,0.000135
1.440000,0.000496,0.000149,0.000002,0.000074,0.000118,0.000154
1.441000,0.000304,0.000077,0.000002,0.000054,0.000067,0.000104
1.442000,0.000400,0.000119,0.000001,0.000048,0.000092,0.000140
1.443000,0.000480,0.000132,0.000003,0.000074,0.000107,0.000163
1.444000,0.000432,0.000113,0.000004,0.000067,0.000105,0.000143
1.445000,0.000480,0.000137,0.000001,0.000078,0.000102,0.000162
1.446000,0.000416,0.000125,0.000002,0.000066,0.000087,0.000136
1.447000,0.000272,0.000083,0.000001,0.000037,0.000066,0.000086
1.448000,0.000384,0.000108,0.000002,0.000065,0.000086,0.000122
1.449000,0.000304,0.000100,0.000001,0.000043,0.000078,0.000083
1.450000,0.000368,0.000103,0.000001,0.000058,0.000072,0.000134
1.451000,0.000288,0.000093,0.000001,0.000048,0.000066,0.000080
1.452000,0.000384,0.000082,0.000002,0.000049,0.000091,0.000161
1.453000,0.000384,0.000100,0.000002,0.000053,0.000088,0.000142
1.454000,0.000464,0.000134,0.000001,0.000066,0.000107,0.000156
1.455000,0.000240,0.000051,0.000001,0.000042,0.000054,0.000092
1.456000,0.000336,0.000118,0.000002,0.000044,0.000076,0.000096
1.457000,0.000320,0.000097,0.000001,0.000029,0.000067,0.000126
1.458000,0.000384,0.000095,0.000001,0.000061,0.000070,0.000158
1.459000,0.000432,0.000135,0.000001,0.000068,0.000092,0.000135
1.460000,0.000400,0.000112,0.000001,0.000069,0.000100,0.000117
1.461000,0.000416,0.000122,0.000003,0.000063,0.000094,0.000134
1.462000,0.000368,0.000112,0.000002,0.000050,0.000063,0.000141
1.463000,0.000400,0.000083,0.000001,0.000061,0.000093,0.000162
1.464000,0.000336,0.000066,0.000001,0.000042,0.000081,0.000145
1.465000,0.000384,0.000076,0.000002,0.000059,0.000086,0.000161
1.466000,0.000336,0.000083,0.000001,0.000054,0.000071,0.000128
1.467000,0.000400,0.000107,0.000001,0.000083,0.000078,0.000130
1.468000,0.000448,0.000135,0.000002,0.000057,0.000112,0.000142
1.469000,0.000272,0.000069,0.000001,0.000043,0.000065,0.000094
1.470000,0.000336,0.000100,0.000001,0.000053,0.000065,0.000118
1.471000,0.000384,0.000095,0.000001,0.000055,0.000095,0.000139
1.472000,0.000384,0.000117,0.000002,0.000070,0.000057,0.000138
1.473000,0.000272,0.000086,0.000001,0.000038,0.000077,0.000070
1.474000,0.000464,0.000136,0.000001,0.000075,0.000100,0.000152
1.475000,0.000304,0.000067,0.000001,0.000039,0.000073,0.000124
1.476000,0.000448,0.000111,0.000002,0.000092,0.000104,0.000139
1.477000,0.000384,0.000115,0.000002,0.000085,0.000087,0.000096
1.478000,0.000352,0.000100,0.000001,0.000050,0.000087,0.000114
1.479000,0.000272,0.000066,0.000001,0.000040,0.000067,0.000098
1.480000,0.000416,0.000130,0.000001,0.000063,0.000080,0.000141
1.481000,0.000464,0.000121,0.000001,0.000075,0.000107,0.000160
1.482000,0.000496,0.000165,0.000002,0.000086,0.000117,0.000126
1.483000,0.000288,0.000072,0.000001,0.000045,0.000073,0.000096
1.484000,0.000432,0.000119,0.000002,0.000066,0.000087,0.000159
1.485000,0.000336,0.000101,0.000001,0.000059,0.000059,0.000116
1.486000,0.000288,0.000071,0.000001,0.000050,0.000071,0.000095
1.487000,0.000576,0.000180,0.000001,0.000090,0.000109,0.000196
1.488000,0.000352,0.000134,0.000002,0.000060,0.000068,0.000089
1.489000,0.000288,0.000092,0.000001,0.000039,0.000063,0.000094
1.490000,0.000480,0.000130,0.000001,0.000078,0.000102,0.000169
1.491000,0.000352,0.000094,0.000001,0.000042,0.000061,0.000153
1.492000,0.000288,0.000095,0.000001,0.000038,0.000062,0.000093
1.493000,0.000336,0.000102,0.000001,0.000062,0.000065,0.000105
1.494000,0.000384,0.000101,0.000002,0.000067,0.000080,0.000134
1.495000,0.000432,0.000135,0.000001,0.000062,0.000098,0.000136
1.496000,0.000416,0.000140,0.000002,0.000070,0.000081,0.000123
1.497000,0.000576,0.000198,0.000002,0.000077,0.000111,0.000188
1.498000,0.000496,0.000135,0.000001,0.000075,0.000098,0.000186
1.499000,0.000368,0.000126,0.000001,0.000057,0.000073,0.000112
1.500000,0.000368,0.000132,0.000001,0.000056,0.000088,0.000091
1.501000,0.000320,0.000097,0.000001,0.000053,0.000064,0.000105
1.502000,0.000432,0.000122,0.000001,0.000075,0.000087,0.000146
1.503000,0.000480,0.000154,0.000001,0.000074,0.000096,0.000155
1.504000,0.000496,0.000139,0.000002,0.000057,0.000103,0.000196
1.505000,0.000400,0.000094,0.000001,0.000064,0.000096,0.000145
1.506000,0.000352,0.000068,0.000001,0.000048,0.000079,0.000155
1.507000,0.000432,0.000124,0.000002,0.000081,0.000108,0.000118
1.508000,0.000496,0.000155,0.000001,0.000085,0.000102,0.000153
1.509000,0.000384,0.000109,0.000001,0.000060,0.000088,0.000126
1.510000,0.000384,0.000119,0.000002,0.000074,0.000079,0.000110
1.511000,0.000352,0.000108,0.000001,0.000075,0.000079,0.000088
1.512000,0.000368,0.000103,0.000001,0.000046,0.000063,0.000155
1.513000,0.000320,0.000086,0.000001,0.000058,0.000075,0.000100
1.514000,0.000368,0.000093,0.000001,0.000067,0.000085,0.000123
1.515000,0.000464,0.000103,0.000002,0.000064,0.000113,0.000183
1.516000,0.000464,0.000111,0.000002,0.000078,0.000094,0.000179
1.517000,0.000384,0.000099,0.000001,0.000066,0.000071,0.000147
1.518000,0.000368,0.000112,0.000001,0.000060,0.000077,0.000118
1.519000,0.000448,0.000113,0.000001,0.000077,0.000090,0.000167
1.520000,0.000480,0.000146,0.000002,0.000065,0.000119,0.000147
1.521000,0.000400,0.000109,0.000001,0.000049,0.000092,0.000149
1.522000,0.000416,0.000101,0.000001,0.000062,0.000083,0.000169
1.523000,0.000384,0.000097,0.000001,0.000084,0.000074,0.000128
1.524000,0.000320,0.000082,0.000001,0.000086,0.000048,0.000103
1.525000,0.000384,0.000092,0.000002,0.000088,0.000080,0.000122
1.526000,0.000416,0.000099,0.000002,0.000080,0.000103,0.000132
1.527000,0.000352,0.000065,0.000001,0.000070,0.000076,0.000140
1.528000,0.000288,0.000086,0.000001,0.000035,0.000074,0.000092
1.529000,0.000288,0.000062,0.000001,0.000043,0.000073,0.000109
1.530000,0.000352,0.000099,0.000001,0.000065,0.000077,0.000110
1.531000,0.000416,0.000131,0.000001,0.000062,0.000091,0.000131
1.532000,0.000416,0.000140,0.000002,0.000070,0.000086,0.000120
1.533000,0.000464,0.000148,0.000002,0.000079,0.000101,0.000135
1.534000,0.000480,0.000106,0.000003,0.000091,0.000114,0.000167
1.535000,0.000304,0.000093,0.000001,0.000057,0.000061,0.000093
1.536000,0.000272,0.000067,0.000001,0.000046,0.000058,0.000101
1.537000,0.000352,0.000105,0.000001,0.000057,0.000085,0.000104
1.538000,0.000432,0.000111,0.000001,0.000077,0.000102,0.000140
1.539000,0.000432,0.000138,0.000001,0.000069,0.000100,0.000125
1.540000,0.000416,0.000103,0.000002,0.000089,0.000072,0.000150
1.541000,0.000352,0.000077,0.000001,0.000064,0.000074,0.000136
1.542000,0.000224,0.000060,0.000000,0.000035,0.000040,0.000089
1.543000,0.000416,0.000122,0.000002,0.000059,0.000091,0.000142
1.544000,0.000304,0.000100,0.000001,0.000041,0.000063,0.000098
1.545000,0.000352,0.000084,0.000001,0.000057,0.000065,0.000146
1.546000,0.000304,0.000101,0.000001,0.000043,0.000074,0.000085
1.547000,0.000512,0.000140,0.000002,0.000075,0.000109,0.000185
1.548000,0.000432,0.000124,0.000001,0.000060,0.000104,0.000144
1.549000,0.000288,0.000075,0.000001,0.000051,0.000056,0.000105
1.550000,0.000320,0.000092,0.000001,0.000054,0.000067,0.000105
1.551000,0.000400,0.000119,0.000001,0.000075,0.000083,0.000123
1.552000,0.000480,0.000120,0.000002,0.000099,0.000106,0.000153
1.553000,0.000352,0.000081,0.000001,0.000072,0.000064,0.000133
1.554000,0.000496,0.000128,0.000002,0.000094,0.000103,0.000169
1.555000,0.000256,0.000055,0.000001,0.000038,0.000061,0.000101
1.556000,0.000400,0.000108,0.000002,0.000082,0.000079,0.000130
1.557000,0.000496,0.000133,0.000002,0.000081,0.000106,0.000175
1.558000,0.000272,0.000064,0.000001,0.000069,0.000058,0.000080
1.559000,0.000528,0.000147,0.000001,0.000093,0.000119,0.000168
1.560000,0.000352,0.000087,0.000001,0.000062,0.000071,0.000131
1.561000,0.000256,0.000071,0.000001,0.000047,0.000052,0.000084
1.562000,0.000528,0.000139,0.000001,0.000093,0.000116,0.000179
1.563000,0.000368,0.000088,0.000001,0.000067,0.000075,0.000137
1.564000,0.000432,0.000110,0.000002,0.000075,0.000097,0.000148
1.565000,0.000448,0.000127,0.000001,0.000085,0.000092,0.000143
1.566000,0.000256,0.000062,0.000001,0.000045,0.000064,0.000084
1.567000,0.000464,0.000119,0.000001,0.000091,0.000099,0.000154
1.568000,0.000272,0.000065,0.000001,0.000054,0.000059,0.000093
1.569000,0.000576,0.000121,0.000002,0.000102,0.000129,0.000223
1.570000,0.000464,0.000122,0.000002,0.000084,0.000100,0.000156
1.571000,0.000352,0.000080,0.000001,0.000059,0.000087,0.000125
1.572000,0.000400,0.000092,0.000002,0.000068,0.000088,0.000150
1.573000,0.000352,0.000068,0.000001,0.000060,0.000082,0.000141
1.574000,0.000288,0.000080,0.000001,0.000058,0.000055,0.000094
1.575000,0.000368,0.000091,0.000001,0.000070,0.000060,0.000145
1.576000,0.000288,0.000068,0.000001,0.000060,0.000057,0.000103
1.577000,0.000400,0.000083,0.000001,0.000073,0.000084,0.000159
1.578000,0.000336,0.000081,0.000001,0.000062,0.000064,0.000128
1.579000,0.000352,0.000090,0.000001,0.000067,0.000073,0.000121
1.580000,0.000448,0.000098,0.000001,0.000072,0.000093,0.000184
1.581000,0.000384,0.000105,0.000001,0.000067,0.000080,0.000131
1.582000,0.000352,0.000089,0.000001,0.000054,0.000074,0.000134
1.583000,0.000336,0.000073,0.000001,0.000047,0.000071,0.000144
1.584000,0.000272,0.000061,0.000002,0.000051,0.000056,0.000103
1.585000,0.000384,0.000119,0.000001,0.000068,0.000064,0.000132
1.586000,0.000416,0.000108,0.000001,0.000071,0.000086,0.000150
1.587000,0.000304,0.000064,0.000001,0.000062,0.000047,0.000131
1.588000,0.000272,0.000073,0.000001,0.000047,0.000060,0.000090
1.589000,0.000288,0.000071,0.000001,0.000056,0.000047,0.000114
1.590000,0.000544,0.000127,0.000003,0.000109,0.000107,0.000198
1.591000,0.000304,0.000069,0.000002,0.000056,0.000060,0.000118
1.592000,0.000320,0.000082,0.000001,0.000065,0.000058,0.000113
1.593000,0.000320,0.000088,0.000001,0.000054,0.000068,0.000108
1.594000,0.000304,0.000084,0.000001,0.000050,0.000069,0.000100
1.595000,0.000208,0.000038,0.000001,0.000039,0.000044,0.000086
1.596000,0.000416,0.000115,0.000001,0.000085,0.000085,0.000130
1.597000,0.000368,0.000088,0.000001,0.000057,0.000071,0.000151
1.598000,0.000416,0.000079,0.000002,0.000072,0.000087,0.000176
1.599000,0.000352,0.000076,0.000001,0.000065,0.000068,0.000143
1.600000,0.000448,0.000086,0.000001,0.000088,0.000104,0.000169
1.601000,0.000288,0.000077,0.000002,0.000048,0.000047,0.000114
1.602000,0.000400,0.000082,0.000001,0.000070,0.000090,0.000156
1.603000,0.000304,0.000053,0.000001,0.000067,0.000071,0.000113
1.604000,0.000400,0.000093,0.000001,0.000087,0.000078,0.000141
1.605000,0.000352,0.000079,0.000001,0.000070,0.000075,0.000127
1.606000,0.000384,0.000065,0.000001,0.000080,0.000095,0.000142
1.607000,0.000352,0.000062,0.000001,0.000069,0.000044,0.000177
1.608000,0.000496,0.000113,0.000002,0.000106,0.000103,0.000172
1.609000,0.000336,0.000060,0.000001,0.000074,0.000083,0.000118
1.610000,0.000384,0.000079,0.000001,0.000058,0.000099,0.000146
1.611000,0.000368,0.000104,0.000001,0.000072,0.000073,0.000118
1.612000,0.000560,0.000138,0.000002,0.000096,0.000101,0.000223
1.613000,0.000400,0.000118,0.000001,0.000054,0.000090,0.000136
1.614000,0.000336,0.000077,0.000000,0.000050,0.000080,0.000129
1.615000,0.000224,0.000084,0.000001,0.000032,0.000028,0.000080
1.616000,0.000368,0.000076,0.000002,0.000064,0.000080,0.000147
1.617000,0.000432,0.000109,0.000002,0.000082,0.000091,0.000148
1.618000,0.000448,0.000119,0.000001,0.000078,0.000098,0.000153
1.619000,0.000304,0.000083,0.000000,0.000048,0.000063,0.000109
1.620000,0.000352,0.000084,0.000001,0.000089,0.000061,0.000117
1.621000,0.000368,0.000083,0.000002,0.000071,0.000079,0.000134
1.622000,0.000208,0.000054,0.000001,0.000028,0.000033,0.000091
1.623000,0.000352,0.000089,0.000001,0.000066,0.000074,0.000121
1.624000,0.000272,0.000108,0.000001,0.000036,0.000044,0.000083
1.625000,0.000400,0.000084,0.000001,0.000068,0.000105,0.000142
1.626000,0.000320,0.000086,0.000001,0.000043,0.000070,0.000119
1.627000,0.000224,0.000047,0.000001,0.000043,0.000053,0.000081
1.628000,0.000336,0.000065,0.000001,0.000073,0.000082,0.000115
1.629000,0.000320,0.000065,0.000001,0.000069,0.000069,0.000116
1.630000,0.000352,0.000063,0.000001,0.000059,0.000097,0.000132
1.631000,0.000256,0.000044,0.000001,0.000067,0.000057,0.000087
1.632000,0.000272,0.000076,0.000001,0.000032,0.000066,0.000097
1.633000,0.000240,0.000053,0.000001,0.000032,0.000057,0.000097
1.634000,0.000272,0.000053,0.000001,0.000048,0.000066,0.000103
1.635000,0.000208,0.000034,0.000001,0.000041,0.000048,0.000085
1.636000,0.000272,0.000074,0.000002,0.000049,0.000059,0.000088
1.637000,0.000288,0.000074,0.000001,0.000056,0.000072,0.000085
1.638000,0.000176,0.000028,0.000000,0.000039,0.000044,0.000064
1.639000,0.000224,0.000052,0.000000,0.000047,0.000054,0.000071
1.640000,0.000304,0.000079,0.000001,0.000051,0.000069,0.000105
1.641000,0.000368,0.000091,0.000002,0.000072,0.000092,0.000112
1.642000,0.000448,0.000089,0.000002,0.000079,0.000102,0.000176
1.643000,0.000160,0.000031,0.000000,0.000033,0.000032,0.000063
1.644000,0.000368,0.000077,0.000001,0.000071,0.000098,0.000121
1.645000,0.000400,0.000116,0.000001,0.000066,0.000112,0.000105
1.646000,0.000272,0.000063,0.000001,0.000045,0.000078,0.000085
1.647000,0.000432,0.000110,0.000002,0.000078,0.000112,0.000131
1.648000,0.000192,0.000033,0.000001,0.000033,0.000048,0.000077
1.649000,0.000304,0.000083,0.000001,0.000046,0.000071,0.000103
1.650000,0.000304,0.000086,0.000001,0.000055,0.000071,0.000091
1.651000,0.000256,0.000033,0.000001,0.000058,0.000068,0.000097
1.652000,0.000416,0.000068,0.000001,0.000101,0.000093,0.000154
1.653000,0.000288,0.000071,0.000002,0.000041,0.000066,0.000109
1.654000,0.000352,0.000079,0.000001,0.000074,0.000076,0.000122
1.655000,0.000304,0.000067,0.000001,0.000059,0.000078,0.000099
1.656000,0.000256,0.000035,0.000001,0.000041,0.000076,0.000103
1.657000,0.000336,0.000087,0.000001,0.000079,0.000079,0.000090
1.658000,0.000224,0.000043,0.000001,0.000045,0.000044,0.000091
1.659000,0.000256,0.000056,0.000001,0.000036,0.000064,0.000100
1.660000,0.000288,0.000074,0.000001,0.000049,0.000069,0.000095
1.661000,0.000400,0.000112,0.000001,0.000075,0.000099,0.000113
1.662000,0.000176,0.000035,0.000000,0.000029,0.000047,0.000065
1.663000,0.000384,0.000081,0.000001,0.000067,0.000098,0.000136
1.664000,0.000272,0.000076,0.000001,0.000050,0.000080,0.000065
1.665000,0.000400,0.000102,0.000001,0.000078,0.000076,0.000144
1.666000,0.000336,0.000081,0.000001,0.000073,0.000086,0.000096
1.667000,0.000352,0.000071,0.000001,0.000075,0.000085,0.000120
1.668000,0.000496,0.000130,0.000002,0.000103,0.000120,0.000141
1.669000,0.000400,0.000094,0.000001,0.000069,0.000106,0.000130
1.670000,0.000400,0.000099,0.000001,0.000064,0.000106,0.000130
1.671000,0.000464,0.000139,0.000002,0.000082,0.000111,0.000131
1.672000,0.000320,0.000094,0.000001,0.000057,0.000081,0.000087
1.673000,0.000368,0.000084,0.000001,0.000079,0.000090,0.000114
1.674000,0.000512,0.000118,0.000002,0.000095,0.000119,0.000178
1.675000,0.000384,0.000085,0.000002,0.000074,0.000101,0.000123
1.676000,0.000352,0.000079,0.000002,0.000062,0.000100,0.000109
1.677000,0.000320,0.000065,0.000001,0.000072,0.000074,0.000109
1.678000,0.000400,0.000076,0.000002,0.000076,0.000102,0.000145
1.679000,0.000400,0.000096,0.000001,0.000083,0.000090,0.000130
1.680000,0.000320,0.000052,0.000001,0.000059,0.000090,0.000117
1.681000,0.000432,0.000098,0.000001,0.000085,0.000115,0.000132
1.682000,0.000384,0.000087,0.000002,0.000067,0.000091,0.000137
1.683000,0.000320,0.000067,0.000001,0.000051,0.000087,0.000114
1.684000,0.000288,0.000076,0.000001,0.000047,0.000057,0.000106
1.685000,0.000336,0.000058,0.000001,0.000070,0.000083,0.000125
1.686000,0.000304,0.000066,0.000001,0.000061,0.000074,0.000103
1.687000,0.000272,0.000066,0.000001,0.000050,0.000064,0.000091
1.688000,0.000176,0.000063,0.000001,0.000023,0.000035,0.000054
1.689000,0.000304,0.000087,0.000001,0.000054,0.000073,0.000089
1.690000,0.000336,0.000092,0.000002,0.000066,0.000078,0.000098
1.691000,0.000432,0.000106,0.000001,0.000065,0.000116,0.000144
1.692000,0.000240,0.000066,0.000000,0.000035,0.000058,0.000080
1.693000,0.000256,0.000048,0.000001,0.000043,0.000064,0.000100
1.694000,0.000272,0.000058,0.000001,0.000047,0.000081,0.000085
1.695000,0.000384,0.000089,0.000001,0.000081,0.000083,0.000130
1.696000,0.000288,0.000069,0.000001,0.000045,0.000075,0.000098
1.697000,0.000368,0.000075,0.000002,0.000066,0.000100,0.000125
1.698000,0.000224,0.000066,0.000001,0.000030,0.000053,0.000074
1.699000,0.000288,0.000061,0.000001,0.000052,0.000076,0.000098
1.700000,0.000224,0.000055,0.000000,0.000040,0.000047,0.000081
1.701000,0.000240,0.000041,0.000001,0.000047,0.000065,0.000086
1.702000,0.000208,0.000050,0.000000,0.000032,0.000056,0.000070
1.703000,0.000368,0.000118,0.000001,0.000057,0.000083,0.000109
1.704000,0.000320,0.000110,0.000001,0.000068,0.000054,0.000088
1.705000,0.000192,0.000075,0.000001,0.000033,0.000037,0.000046
1.706000,0.000288,0.000089,0.000000,0.000049,0.000067,0.000082
1.707000,0.000208,0.000060,0.000001,0.000034,0.000039,0.000074
1.708000,0.000384,0.000104,0.000001,0.000074,0.000093,0.000112
1.709000,0.000304,0.000092,0.000000,0.000061,0.000056,0.000094
1.710000,0.000240,0.000079,0.000001,0.000033,0.000060,0.000067
1.711000,0.000144,0.000029,0.000001,0.000033,0.000031,0.000051
1.712000,0.000128,0.000044,0.000000,0.000024,0.000022,0.000038
1.713000,0.000272,0.000056,0.000001,0.000055,0.000069,0.000091
1.714000,0.000368,0.000087,0.000002,0.000070,0.000086,0.000123
1.715000,0.000304,0.000062,0.000001,0.000068,0.000066,0.000107
1.716000,0.000176,0.000055,0.000001,0.000020,0.000040,0.000060
1.717000,0.000272,0.000071,0.000001,0.000032,0.000075,0.000093
1.718000,0.000288,0.000066,0.000001,0.000060,0.000066,0.000095
1.719000,0.000240,0.000047,0.000001,0.000056,0.000059,0.000076
1.720000,0.000256,0.000062,0.000001,0.000044,0.000059,0.000090
1.721000,0.000176,0.000048,0.000000,0.000041,0.000028,0.000059
1.722000,0.000256,0.000066,0.000001,0.000045,0.000066,0.000078
1.723000,0.000272,0.000067,0.000001,0.000056,0.000045,0.000103
1.724000,0.000304,0.000078,0.000001,0.000052,0.000078,0.000095
1.725000,0.000240,0.000053,0.000001,0.000060,0.000041,0.000086
1.726000,0.000256,0.000068,0.000001,0.000042,0.000064,0.000082
1.727000,0.000288,0.000076,0.000001,0.000048,0.000059,0.000103
1.728000,0.000256,0.000068,0.000001,0.000048,0.000047,0.000091
1.729000,0.000304,0.000080,0.000001,0.000056,0.000064,0.000103
1.730000,0.000256,0.000072,0.000000,0.000045,0.000045,0.000093
1.731000,0.000272,0.000070,0.000001,0.000056,0.000054,0.000091
1.732000,0.000176,0.000054,0.000000,0.000027,0.000033,0.000062
1.733000,0.000304,0.000065,0.000001,0.000055,0.000065,0.000118
1.734000,0.000176,0.000032,0.000001,0.000034,0.000053,0.000057
1.735000,0.000272,0.000051,0.000001,0.000062,0.000064,0.000094
1.736000,0.000144,0.000046,0.000001,0.000027,0.000027,0.000043
1.737000,0.000256,0.000080,0.000001,0.000045,0.000047,0.000084
1.738000,0.000112,0.000019,0.000000,0.000028,0.000020,0.000044
1.739000,0.000256,0.000052,0.000001,0.000058,0.000047,0.000097
1.740000,0.000144,0.000028,0.000000,0.000037,0.000031,0.000048
1.741000,0.000256,0.000057,0.000000,0.000052,0.000061,0.000086
1.742000,0.000192,0.000051,0.000000,0.000031,0.000048,0.000062
1.743000,0.000176,0.000053,0.000000,0.000038,0.000033,0.000052
1.744000,0.000304,0.000078,0.000001,0.000062,0.000055,0.000109
1.745000,0.000288,0.000071,0.000001,0.000054,0.000055,0.000108
1.746000,0.000272,0.000095,0.000001,0.000060,0.000040,0.000076
1.747000,0.000256,0.000074,0.000001,0.000050,0.000048,0.000084
1.748000,0.000288,0.000074,0.000001,0.000058,0.000057,0.000097
1.749000,0.000240,0.000052,0.000001,0.000052,0.000054,0.000081
1.750000,0.000352,0.000086,0.000001,0.000067,0.000073,0.000125
1.751000,0.000224,0.000045,0.000001,0.000055,0.000041,0.000082
1.752000,0.000272,0.000086,0.000001,0.000042,0.000057,0.000085
1.753000,0.000288,0.000095,0.000001,0.000052,0.000053,0.000088
1.754000,0.000288,0.000071,0.000001,0.000060,0.000063,0.000094
1.755000,0.000272,0.000061,0.000001,0.000048,0.000060,0.000103
1.756000,0.000272,0.000079,0.000001,0.000046,0.000060,0.000085
1.757000,0.000160,0.000049,0.000001,0.000025,0.000039,0.000047
1.758000,0.000176,0.000047,0.000000,0.000030,0.000034,0.000065
1.759000,0.000240,0.000057,0.000001,0.000053,0.000035,0.000094
1.760000,0.000224,0.000054,0.000001,0.000049,0.000059,0.000062
1.761000,0.000272,0.000083,0.000001,0.000051,0.000057,0.000081
1.762000,0.000336,0.000126,0.000001,0.000060,0.000074,0.000076
1.763000,0.000320,0.000103,0.000001,0.000061,0.000073,0.000082
1.764000,0.000256,0.000063,0.000000,0.000043,0.000055,0.000094
1.765000,0.000208,0.000075,0.000001,0.000035,0.000033,0.000065
1.766000,0.000144,0.000022,0.000000,0.000033,0.000030,0.000059
1.767000,0.000176,0.000055,0.000001,0.000032,0.000033,0.000056
1.768000,0.000240,0.000085,0.000001,0.000044,0.000037,0.000072
1.769000,0.000128,0.000028,0.000000,0.000027,0.000029,0.000044
1.770000,0.000112,0.000036,0.000001,0.000017,0.000029,0.000029
1.771000,0.000240,0.000067,0.000000,0.000057,0.000034,0.000082
1.772000,0.000144,0.000053,0.000000,0.000020,0.000026,0.000045
1.773000,0.000304,0.000096,0.000001,0.000048,0.000073,0.000087
1.774000,0.000208,0.000061,0.000001,0.000034,0.000042,0.000070
1.775000,0.000224,0.000062,0.000001,0.000044,0.000031,0.000085
1.776000,0.000304,0.000088,0.000001,0.000066,0.000047,0.000102
1.777000,0.000208,0.000049,0.000001,0.000048,0.000045,0.000065
1.778000,0.000224,0.000075,0.000001,0.000038,0.000050,0.000061
1.779000,0.000240,0.000069,0.000000,0.000042,0.000055,0.000075
1.780000,0.000400,0.000098,0.000001,0.000078,0.000082,0.000140
1.781000,0.000128,0.000034,0.000000,0.000025,0.000020,0.000049
1.782000,0.000304,0.000079,0.000002,0.000058,0.000064,0.000102
1.783000,0.000224,0.000054,0.000001,0.000042,0.000051,0.000075
1.784000,0.000144,0.000034,0.000000,0.000030,0.000033,0.000047
1.785000,0.000224,0.000048,0.000000,0.000041,0.000053,0.000082
1.786000,0.000320,0.000090,0.000001,0.000055,0.000071,0.000104
1.787000,0.000320,0.000094,0.000001,0.000069,0.000072,0.000085
1.788000,0.000176,0.000051,0.000000,0.000029,0.000034,0.000062
1.789000,0.000240,0.000080,0.000001,0.000041,0.000052,0.000067
1.790000,0.000224,0.000079,0.000000,0.000038,0.000048,0.000059
1.791000,0.000144,0.000033,0.000000,0.000029,0.000042,0.000040
1.792000,0.000272,0.000063,0.000001,0.000058,0.000066,0.000085
1.793000,0.000144,0.000043,0.000001,0.000025,0.000028,0.000047
1.794000,0.000336,0.000110,0.000001,0.000065,0.000060,0.000099
1.795000,0.000208,0.000041,0.000000,0.000048,0.000044,0.000074
1.796000,0.000224,0.000060,0.000000,0.000050,0.000050,0.000064
1.797000,0.000272,0.000077,0.000000,0.000060,0.000054,0.000081
1.798000,0.000112,0.000023,0.000001,0.000018,0.000027,0.000044
1.799000,0.000320,0.000061,0.000001,0.000069,0.000064,0.000126
1.800000,0.000208,0.000057,0.000000,0.000050,0.000041,0.000060
1.801000,0.000128,0.000032,0.000001,0.000026,0.000024,0.000045
1.802000,0.000128,0.000043,0.000000,0.000026,0.000018,0.000041
1.803000,0.000240,0.000057,0.000001,0.000046,0.000047,0.000089
1.804000,0.000128,0.000023,0.000001,0.000030,0.000022,0.000053
1.805000,0.000256,0.000093,0.000001,0.000048,0.000033,0.000082
1.806000,0.000208,0.000043,0.000001,0.000045,0.000037,0.000082
1.807000,0.000256,0.000059,0.000001,0.000046,0.000060,0.000089
1.808000,0.000208,0.000050,0.000001,0.000041,0.000041,0.000075
1.809000,0.000176,0.000039,0.000000,0.000037,0.000038,0.000063
1.810000,0.000224,0.000047,0.000001,0.000050,0.000046,0.000080
1.811000,0.000288,0.000077,0.000001,0.000065,0.000055,0.000090
1.812000,0.000192,0.000043,0.000000,0.000046,0.000036,0.000066
1.813000,0.000240,0.000059,0.000001,0.000048,0.000052,0.000080
1.814000,0.000128,0.000032,0.000000,0.000020,0.000035,0.000041
1.815000,0.000320,0.000066,0.000000,0.000077,0.000059,0.000117
1.816000,0.000256,0.000073,0.000000,0.000044,0.000046,0.000093
1.817000,0.000272,0.000086,0.000001,0.000052,0.000050,0.000084
1.818000,0.000256,0.000070,0.000001,0.000060,0.000052,0.000073
1.819000,0.000256,0.000043,0.000001,0.000077,0.000039,0.000096
1.820000,0.000160,0.000036,0.000000,0.000040,0.000030,0.000053
1.821000,0.000320,0.000080,0.000001,0.000068,0.000063,0.000108
1.822000,0.000112,0.000037,0.000000,0.000024,0.000019,0.000033
1.823000,0.000176,0.000052,0.000001,0.000029,0.000039,0.000055
1.824000,0.000288,0.000094,0.000001,0.000055,0.000050,0.000088
1.825000,0.000112,0.000020,0.000000,0.000021,0.000026,0.000045
1.826000,0.000160,0.000039,0.000001,0.000039,0.000024,0.000057
1.827000,0.000336,0.000111,0.000001,0.000067,0.000054,0.000103
1.828000,0.000304,0.000081,0.000001,0.000061,0.000061,0.000100
1.829000,0.000208,0.000049,0.000000,0.000055,0.000036,0.000068
1.830000,0.000256,0.000074,0.000001,0.000047,0.000051,0.000084
1.831000,0.000224,0.000053,0.000001,0.000054,0.000041,0.000075
1.832000,0.000160,0.000043,0.000000,0.000033,0.000030,0.000053
1.833000,0.000256,0.000060,0.000001,0.000053,0.000055,0.000088
1.834000,0.000256,0.000073,0.000001,0.000065,0.000035,0.000083
1.835000,0.000288,0.000057,0.000001,0.000083,0.000049,0.000098
1.836000,0.000176,0.000044,0.000001,0.000044,0.000031,0.000056
1.837000,0.000288,0.000078,0.000001,0.000069,0.000047,0.000093
1.838000,0.000336,0.000096,0.000001,0.000074,0.000065,0.000100
1.839000,0.000240,0.000067,0.000000,0.000044,0.000050,0.000078
1.840000,0.000208,0.000077,0.000001,0.000036,0.000033,0.000062
1.841000,0.000096,0.000027,0.000000,0.000020,0.000017,0.000033
1.842000,0.000288,0.000076,0.000001,0.000058,0.000042,0.000111
1.843000,0.000112,0.000021,0.000000,0.000034,0.000013,0.000043
1.844000,0.000224,0.000070,0.000001,0.000040,0.000035,0.000078
1.845000,0.000192,0.000049,0.000000,0.000037,0.000043,0.000062
1.846000,0.000240,0.000045,0.000000,0.000050,0.000055,0.000090
1.847000,0.000208,0.000058,0.000000,0.000049,0.000030,0.000071
1.848000,0.000368,0.000119,0.000001,0.000075,0.000064,0.000109
1.849000,0.000304,0.000083,0.000001,0.000067,0.000061,0.000092
1.850000,0.000160,0.000039,0.000000,0.000035,0.000027,0.000058
1.851000,0.000208,0.000082,0.000001,0.000036,0.000037,0.000051
1.852000,0.000352,0.000125,0.000001,0.000071,0.000047,0.000108
1.853000,0.000304,0.000089,0.000000,0.000058,0.000053,0.000103
1.854000,0.000288,0.000108,0.000001,0.000046,0.000050,0.000084
1.855000,0.000176,0.000044,0.000001,0.000041,0.000029,0.000061
1.856000,0.000192,0.000056,0.000000,0.000038,0.000031,0.000066
1.857000,0.000256,0.000074,0.000001,0.000044,0.000054,0.000083
1.858000,0.000256,0.000052,0.000001,0.000049,0.000051,0.000103
1.859000,0.000192,0.000079,0.000000,0.000036,0.000030,0.000046
1.860000,0.000288,0.000073,0.000001,0.000073,0.000034,0.000108
1.861000,0.000208,0.000076,0.000000,0.000046,0.000034,0.000052
1.862000,0.000368,0.000110,0.000001,0.000072,0.000059,0.000125
1.863000,0.000288,0.000079,0.000001,0.000052,0.000049,0.000107
1.864000,0.000224,0.000071,0.000001,0.000048,0.000037,0.000068
1.865000,0.000192,0.000068,0.000001,0.000032,0.000025,0.000066
1.866000,0.000112,0.000042,0.000000,0.000017,0.000018,0.000036
1.867000,0.000240,0.000081,0.000001,0.000050,0.000033,0.000074
1.868000,0.000144,0.000044,0.000001,0.000028,0.000028,0.000044
1.869000,0.000288,0.000089,0.000001,0.000061,0.000049,0.000088
1.870000,0.000272,0.000089,0.000001,0.000055,0.000039,0.000088
1.871000,0.000272,0.000111,0.000001,0.000036,0.000056,0.000069
1.872000,0.000160,0.000038,0.000001,0.000033,0.000034,0.000054
1.873000,0.000224,0.000080,0.000000,0.000043,0.000043,0.000058
1.874000,0.000272,0.000073,0.000001,0.000050,0.000047,0.000102
1.875000,0.000192,0.000069,0.000001,0.000035,0.000020,0.000068
1.876000,0.000160,0.000040,0.000001,0.000035,0.000028,0.000056
1.877000,0.000224,0.000078,0.000001,0.000038,0.000042,0.000065
1.878000,0.000256,0.000063,0.000001,0.000053,0.000039,0.000100
1.879000,0.000208,0.000047,0.000001,0.000050,0.000027,0.000083
1.880000,0.000176,0.000058,0.000001,0.000031,0.000033,0.000053
1.881000,0.000128,0.000058,0.000000,0.000012,0.000027,0.000030
1.882000,0.000144,0.000063,0.000000,0.000016,0.000027,0.000038
1.883000,0.000144,0.000039,0.000000,0.000030,0.000017,0.000058
1.884000,0.000256,0.000084,0.000001,0.000032,0.000042,0.000098
1.885000,0.000176,0.000058,0.000000,0.000032,0.000035,0.000051
1.886000,0.000224,0.000086,0.000001,0.000034,0.000034,0.000068
1.887000,0.000176,0.000041,0.000000,0.000034,0.000032,0.000069
1.888000,0.000144,0.000056,0.000000,0.000021,0.000018,0.000049
1.889000,0.000224,0.000074,0.000000,0.000045,0.000027,0.000077
1.890000,0.000144,0.000049,0.000001,0.000024,0.000022,0.000048
1.891000,0.000160,0.000059,0.000000,0.000026,0.000018,0.000056
1.892000,0.000112,0.000042,0.000000,0.000023,0.000022,0.000026
1.893000,0.000144,0.000032,0.000000,0.000031,0.000019,0.000062
1.894000,0.000208,0.000061,0.000001,0.000028,0.000028,0.000090
1.895000,0.000208,0.000057,0.000001,0.000044,0.000034,0.000072
1.896000,0.000208,0.000065,0.000001,0.000034,0.000020,0.000088
1.897000,0.000128,0.000041,0.000001,0.000022,0.000020,0.000044
1.898000,0.000192,0.000053,0.000001,0.000034,0.000028,0.000075
1.899000,0.000224,0.000067,0.000001,0.000036,0.000031,0.000090
1.900000,0.000096,0.000029,0.000000,0.000021,0.000013,0.000032
1.901000,0.000272,0.000074,0.000001,0.000050,0.000032,0.000115
1.902000,0.000256,0.000066,0.000001,0.000049,0.000038,0.000102
1.903000,0.000208,0.000053,0.000001,0.000043,0.000027,0.000085
1.904000,0.000160,0.000062,0.000001,0.000022,0.000025,0.000051
1.905000,0.000192,0.000056,0.000001,0.000049,0.000026,0.000060
1.906000,0.000288,0.000083,0.000001,0.000062,0.000025,0.000117
1.907000,0.000160,0.000045,0.000001,0.000033,0.000021,0.000060
1.908000,0.000128,0.000027,0.000000,0.000026,0.000021,0.000054
1.909000,0.000144,0.000051,0.000000,0.000020,0.000020,0.000052
1.910000,0.000352,0.000119,0.000001,0.000052,0.000053,0.000127
1.911000,0.000160,0.000061,0.000001,0.000025,0.000023,0.000051
1.912000,0.000128,0.000052,0.000000,0.000019,0.000019,0.000038
1.913000,0.000272,0.000086,0.000001,0.000049,0.000041,0.000096
1.914000,0.000224,0.000077,0.000001,0.000039,0.000024,0.000083
1.915000,0.000112,0.000023,0.000000,0.000027,0.000021,0.000040
1.916000,0.000208,0.000044,0.000000,0.000052,0.000031,0.000081
1.917000,0.000208,0.000064,0.000000,0.000030,0.000028,0.000086
1.918000,0.000144,0.000056,0.000000,0.000027,0.000018,0.000043
1.919000,0.000144,0.000049,0.000000,0.000026,0.000015,0.000054
1.920000,0.000160,0.000042,0.000001,0.000034,0.000020,0.000063
1.921000,0.000256,0.000103,0.000001,0.000045,0.000034,0.000074
1.922000,0.000240,0.000066,0.000000,0.000051,0.000030,0.000093
1.923000,0.000272,0.000101,0.000001,0.000043,0.000031,0.000096
1.924000,0.000192,0.000042,0.000001,0.000049,0.000022,0.000079
1.925000,0.000288,0.000082,0.000001,0.000051,0.000048,0.000105
1.926000,0.000144,0.000053,0.000000,0.000026,0.000017,0.000047
1.927000,0.000224,0.000054,0.000001,0.000057,0.000030,0.000082
1.928000,0.000160,0.000070,0.000000,0.000020,0.000022,0.000048
1.929000,0.000080,0.000037,0.000000,0.000004,0.000009,0.000029
1.930000,0.000064,0.000034,0.000000,0.000006,0.000008,0.000015
1.931000,0.000192,0.000059,0.000001,0.000043,0.000028,0.000061
1.932000,0.000176,0.000053,0.000001,0.000029,0.000025,0.000068
1.933000,0.000144,0.000042,0.000001,0.000022,0.000023,0.000056
1.934000,0.000128,0.000035,0.000001,0.000027,0.000016,0.000049
1.935000,0.000288,0.000101,0.000001,0.000049,0.000038,0.000098
1.936000,0.000112,0.000029,0.000000,0.000019,0.000021,0.000042
1.937000,0.000144,0.000056,0.000000,0.000020,0.000019,0.000048
1.938000,0.000208,0.000056,0.000001,0.000038,0.000040,0.000074
1.939000,0.000208,0.000069,0.000001,0.000039,0.000031,0.000068
1.940000,0.000096,0.000029,0.000000,0.000017,0.000016,0.000034
1.941000,0.000176,0.000057,0.000000,0.000027,0.000029,0.000063
1.942000,0.000208,0.000067,0.000001,0.000037,0.000036,0.000068
1.943000,0.000160,0.000029,0.000001,0.000040,0.000013,0.000077
1.944000,0.000096,0.000028,0.000000,0.000018,0.000021,0.000029
1.945000,0.000208,0.000048,0.000001,0.000037,0.000048,0.000075
1.946000,0.000080,0.000015,0.000000,0.000012,0.000020,0.000033
1.947000,0.000176,0.000060,0.000001,0.000024,0.000026,0.000065
1.948000,0.000080,0.000034,0.000000,0.000006,0.000015,0.000025
1.949000,0.000144,0.000051,0.000000,0.000024,0.000013,0.000056
1.950000,0.000256,0.000057,0.000001,0.000055,0.000045,0.000097
1.951000,0.000160,0.000064,0.000000,0.000021,0.000024,0.000050
1.952000,0.000256,0.000072,0.000001,0.000042,0.000044,0.000097
1.953000,0.000224,0.000057,0.000000,0.000036,0.000038,0.000092
1.954000,0.000096,0.000025,0.000000,0.000017,0.000018,0.000035
1.955000,0.000208,0.000068,0.000001,0.000029,0.000044,0.000066
1.956000,0.000208,0.000056,0.000001,0.000032,0.000031,0.000088
1.957000,0.000272,0.000062,0.000001,0.000051,0.000053,0.000105
1.958000,0.000224,0.000070,0.000001,0.000030,0.000033,0.000090
1.959000,0.000320,0.000099,0.000001,0.000044,0.000039,0.000137
1.960000,0.000128,0.000041,0.000000,0.000017,0.000016,0.000054
1.961000,0.000144,0.000038,0.000000,0.000019,0.000026,0.000060
1.962000,0.000224,0.000081,0.000001,0.000029,0.000035,0.000079
1.963000,0.000160,0.000047,0.000001,0.000023,0.000029,0.000061
1.964000,0.000144,0.000047,0.000001,0.000021,0.000033,0.000042
1.965000,0.000160,0.000028,0.000000,0.000026,0.000025,0.000082
1.966000,0.000144,0.000036,0.000000,0.000021,0.000016,0.000071
1.967000,0.000160,0.000051,0.000000,0.000016,0.000045,0.000048
1.968000,0.000160,0.000030,0.000000,0.000031,0.000029,0.000071
1.969000,0.000224,0.000069,0.000001,0.000034,0.000038,0.000081
1.970000,0.000208,0.000046,0.000000,0.000032,0.000039,0.000090
1.971000,0.000208,0.000058,0.000000,0.000034,0.000040,0.000076
1.972000,0.000272,0.000057,0.000001,0.000064,0.000037,0.000114
1.973000,0.000224,0.000087,0.000001,0.000027,0.000042,0.000066
1.974000,0.000096,0.000042,0.000000,0.000009,0.000022,0.000022
1.975000,0.000128,0.000045,0.000001,0.000016,0.000020,0.000047
1.976000,0.000224,0.000060,0.000001,0.000036,0.000033,0.000095
1.977000,0.000144,0.000049,0.000000,0.000018,0.000021,0.000055
1.978000,0.000272,0.000099,0.000001,0.000039,0.000040,0.000093
1.979000,0.000288,0.000076,0.000000,0.000055,0.000051,0.000106
1.980000,0.000192,0.000067,0.000001,0.000027,0.000030,0.000068
1.981000,0.000288,0.000095,0.000001,0.000035,0.000053,0.000105
1.982000,0.000240,0.000084,0.000000,0.000026,0.000044,0.000085
1.983000,0.000192,0.000065,0.000001,0.000026,0.000039,0.000061
1.984000,0.000112,0.000019,0.000001,0.000023,0.000025,0.000044
1.985000,0.000368,0.000130,0.000001,0.000045,0.000073,0.000119
1.986000,0.000176,0.000054,0.000000,0.000029,0.000034,0.000058
1.987000,0.000192,0.000051,0.000000,0.000031,0.000039,0.000071
1.988000,0.000224,0.000067,0.000001,0.000045,0.000045,0.000067
1.989000,0.000208,0.000059,0.000000,0.000032,0.000029,0.000088
1.990000,0.000176,0.000057,0.000001,0.000022,0.000035,0.000061
1.991000,0.000208,0.000066,0.000000,0.000024,0.000061,0.000056
1.992000,0.000128,0.000024,0.000000,0.000020,0.000029,0.000055
1.993000,0.000080,0.000032,0.000000,0.000008,0.000017,0.000023
1.994000,0.000208,0.000058,0.000000,0.000039,0.000039,0.000071
1.995000,0.000208,0.000081,0.000000,0.000022,0.000051,0.000054
1.996000,0.000160,0.000051,0.000001,0.000023,0.000038,0.000046
1.997000,0.000224,0.000084,0.000001,0.000021,0.000055,0.000064
1.998000,0.000160,0.000049,0.000000,0.000021,0.000037,0.000053
1.999000,0.000224,0.000070,0.000000,0.000026,0.000053,0.000075
2.000000,0.000112,0.000039,0.000000,0.000009,0.000034,0.000030
2.001000,0.000224,0.000080,0.000001,0.000034,0.000048,0.000062
2.002000,0.000208,0.000059,0.000000,0.000036,0.000052,0.000061
2.003000,0.000144,0.000053,0.000000,0.000020,0.000035,0.000035
2.004000,0.000192,0.000068,0.000001,0.000020,0.000048,0.000054
2.005000,0.000208,0.000058,0.000000,0.000032,0.000044,0.000074
2.006000,0.000112,0.000039,0.000000,0.000015,0.000024,0.000034
2.007000,0.000144,0.000060,0.000000,0.000012,0.000030,0.000042
2.008000,0.000128,0.000046,0.000000,0.000021,0.000023,0.000038
2.009000,0.000144,0.000040,0.000000,0.000026,0.000027,0.000051
2.010000,0.000256,0.000081,0.000001,0.000036,0.000056,0.000082
2.011000,0.000144,0.000032,0.000000,0.000018,0.000038,0.000055
2.012000,0.000176,0.000036,0.000001,0.000035,0.000039,0.000065
2.013000,0.000160,0.000058,0.000000,0.000023,0.000032,0.000047
2.014000,0.000176,0.000055,0.000001,0.000026,0.000038,0.000057
2.015000,0.000144,0.000057,0.000000,0.000021,0.000023,0.000042
2.016000,0.000208,0.000058,0.000001,0.000031,0.000036,0.000083
2.017000,0.000160,0.000054,0.000000,0.000023,0.000038,0.000045
2.018000,0.000208,0.000062,0.000000,0.000032,0.000049,0.000064
2.019000,0.000208,0.000058,0.000001,0.000040,0.000044,0.000066
2.020000,0.000128,0.000040,0.000001,0.000019,0.000027,0.000041
2.021000,0.000160,0.000050,0.000000,0.000026,0.000040,0.000044
2.022000,0.000192,0.000068,0.000000,0.000027,0.000047,0.000049
2.023000,0.000224,0.000064,0.000001,0.000035,0.000054,0.000070
2.024000,0.000176,0.000041,0.000001,0.000031,0.000041,0.000062
2.025000,0.000176,0.000055,0.000000,0.000033,0.000036,0.000051
2.026000,0.000160,0.000064,0.000000,0.000007,0.000048,0.000041
2.027000,0.000160,0.000038,0.000000,0.000028,0.000039,0.000054
2.028000,0.000160,0.000064,0.000000,0.000021,0.000036,0.000038
2.029000,0.000224,0.000056,0.000001,0.000045,0.000040,0.000082
2.030000,0.000112,0.000033,0.000000,0.000009,0.000030,0.000039
2.031000,0.000208,0.000065,0.000001,0.000025,0.000059,0.000059
2.032000,0.000240,0.000082,0.000000,0.000036,0.000042,0.000079
2.033000,0.000208,0.000075,0.000001,0.000029,0.000044,0.000059
2.034000,0.000288,0.000075,0.000001,0.000052,0.000066,0.000093
2.035000,0.000096,0.000033,0.000000,0.000016,0.000021,0.000025
2.036000,0.000224,0.000049,0.000001,0.000047,0.000045,0.000082
2.037000,0.000160,0.000030,0.000001,0.000041,0.000033,0.000056
2.038000,0.000208,0.000071,0.000001,0.000029,0.000050,0.000058
2.039000,0.000128,0.000031,0.000000,0.000024,0.000025,0.000047
2.040000,0.000176,0.000059,0.000000,0.000027,0.000038,0.000052
2.041000,0.000208,0.000061,0.000000,0.000041,0.000040,0.000066
2.042000,0.000224,0.000073,0.000001,0.000030,0.000064,0.000056
2.043000,0.000096,0.000030,0.000000,0.000013,0.000030,0.000023
2.044000,0.000208,0.000043,0.000000,0.000040,0.000053,0.000072
2.045000,0.000256,0.000067,0.000000,0.000043,0.000053,0.000093
2.046000,0.000192,0.000053,0.000000,0.000032,0.000044,0.000063
2.047000,0.000352,0.000109,0.000001,0.000058,0.000079,0.000106
2.048000,0.000176,0.000051,0.000000,0.000027,0.000038,0.000060
2.049000,0.000176,0.000052,0.000001,0.000028,0.000036,0.000060
2.050000,0.000176,0.000063,0.000000,0.000018,0.000061,0.000034
2.051000,0.000112,0.000034,0.000001,0.000022,0.000012,0.000043
2.052000,0.000128,0.000043,0.000000,0.000022,0.000027,0.000036
2.053000,0.000208,0.000076,0.000000,0.000022,0.000059,0.000051
2.054000,0.000192,0.000064,0.000000,0.000025,0.000032,0.000071
2.055000,0.000096,0.000024,0.000000,0.000021,0.000019,0.000033
2.056000,0.000144,0.000057,0.000000,0.000027,0.000020,0.000039
2.057000,0.000160,0.000076,0.000001,0.000012,0.000034,0.000037
2.058000,0.000224,0.000095,0.000000,0.000030,0.000055,0.000044
2.059000,0.000160,0.000063,0.000000,0.000031,0.000029,0.000037
2.060000,0.000176,0.000064,0.000000,0.000024,0.000029,0.000058
2.061000,0.000160,0.000039,0.000000,0.000030,0.000031,0.000059
2.062000,0.000128,0.000034,0.000000,0.000019,0.000031,0.000044
2.063000,0.000240,0.000086,0.000001,0.000042,0.000052,0.000059
2.064000,0.000256,0.000089,0.000001,0.000044,0.000052,0.000070
2.065000,0.000208,0.000075,0.000001,0.000029,0.000042,0.000061
2.066000,0.000176,0.000038,0.000000,0.000031,0.000046,0.000060
2.067000,0.000144,0.000055,0.000000,0.000020,0.000021,0.000048
2.068000,0.000160,0.000056,0.000000,0.000017,0.000040,0.000045
2.069000,0.000208,0.000089,0.000001,0.000028,0.000046,0.000044
2.070000,0.000128,0.000051,0.000000,0.000018,0.000026,0.000034
2.071000,0.000240,0.000097,0.000001,0.000028,0.000042,0.000072
2.072000,0.000224,0.000096,0.000001,0.000033,0.000040,0.000053
2.073000,0.000256,0.000102,0.000000,0.000027,0.000049,0.000078
2.074000,0.000160,0.000052,0.000000,0.000026,0.000031,0.000051
2.075000,0.000128,0.000050,0.000000,0.000018,0.000027,0.000033
2.076000,0.000240,0.000088,0.000001,0.000033,0.000058,0.000059
2.077000,0.000160,0.000049,0.000001,0.000022,0.000025,0.000063
2.078000,0.000160,0.000068,0.000000,0.000023,0.000028,0.000041
2.079000,0.000224,0.000082,0.000001,0.000034,0.000049,0.000058
2.080000,0.000208,0.000059,0.000001,0.000039,0.000042,0.000068
2.081000,0.000208,0.000077,0.000000,0.000034,0.000034,0.000063
2.082000,0.000240,0.000079,0.000001,0.000040,0.000051,0.000070
2.083000,0.000288,0.000116,0.000001,0.000038,0.000048,0.000085
2.084000,0.000192,0.000070,0.000000,0.000034,0.000032,0.000056
2.085000,0.000144,0.000041,0.000001,0.000027,0.000033,0.000043
2.086000,0.000176,0.000054,0.000000,0.000026,0.000039,0.000056
2.087000,0.000192,0.000053,0.000001,0.000032,0.000042,0.000064
2.088000,0.000208,0.000082,0.000000,0.000032,0.000047,0.000047
2.089000,0.000224,0.000058,0.000000,0.000036,0.000039,0.000090
2.090000,0.000144,0.000053,0.000000,0.000019,0.000032,0.000039
2.091000,0.000304,0.000114,0.000001,0.000041,0.000068,0.000080
2.092000,0.000240,0.000074,0.000001,0.000047,0.000047,0.000072
2.093000,0.000112,0.000038,0.000000,0.000016,0.000021,0.000036
2.094000,0.000352,0.000138,0.000001,0.000041,0.000067,0.000105
2.095000,0.000224,0.000083,0.000001,0.000035,0.000043,0.000063
2.096000,0.000192,0.000061,0.000000,0.000038,0.000031,0.000061
2.097000,0.000240,0.000071,0.000000,0.000041,0.000046,0.000081
2.098000,0.000192,0.000059,0.000000,0.000032,0.000041,0.000060
2.099000,0.000240,0.000061,0.000001,0.000053,0.000051,0.000074
2.100000,0.000208,0.000064,0.000000,0.000031,0.000038,0.000074
2.101000,0.000096,0.000029,0.000000,0.000020,0.000019,0.000028
2.102000,0.000256,0.000071,0.000000,0.000050,0.000048,0.000087
2.103000,0.000192,0.000052,0.000000,0.000040,0.000039,0.000060
2.104000,0.000256,0.000083,0.000000,0.000041,0.000057,0.000074
2.105000,0.000160,0.000030,0.000000,0.000038,0.000035,0.000057
2.106000,0.000176,0.000070,0.000001,0.000025,0.000042,0.000039
2.107000,0.000240,0.000064,0.000001,0.000041,0.000045,0.000089
2.108000,0.000256,0.000079,0.000001,0.000045,0.000059,0.000072
2.109000,0.000176,0.000057,0.000000,0.000035,0.000035,0.000050
2.110000,0.000128,0.000043,0.000000,0.000014,0.000038,0.000033
2.111000,0.000176,0.000052,0.000000,0.000035,0.000036,0.000053
2.112000,0.000080,0.000034,0.000000,0.000010,0.000014,0.000022
2.113000,0.000192,0.000052,0.000001,0.000028,0.000047,0.000065
2.114000,0.000240,0.000087,0.000001,0.000036,0.000064,0.000053
2.115000,0.000352,0.000115,0.000000,0.000054,0.000092,0.000091
2.116000,0.000192,0.000067,0.000000,0.000027,0.000050,0.000048
2.117000,0.000176,0.000048,0.000001,0.000029,0.000043,0.000055
2.118000,0.000272,0.000083,0.000000,0.000052,0.000048,0.000088
2.119000,0.000128,0.000033,0.000000,0.000028,0.000024,0.000044
2.120000,0.000144,0.000058,0.000000,0.000018,0.000032,0.000036
2.121000,0.000240,0.000085,0.000000,0.000044,0.000049,0.000061
2.122000,0.000240,0.000055,0.000000,0.000040,0.000055,0.000089
2.123000,0.000176,0.000051,0.000000,0.000026,0.000044,0.000054
2.124000,0.000128,0.000032,0.000000,0.000027,0.000027,0.000042
2.125000,0.000160,0.000051,0.000000,0.000024,0.000039,0.000046
2.126000,0.000224,0.000071,0.000000,0.000047,0.000038,0.000067
2.127000,0.000160,0.000041,0.000001,0.000034,0.000030,0.000054
2.128000,0.000176,0.000050,0.000001,0.000028,0.000043,0.000054
2.129000,0.000144,0.000037,0.000001,0.000030,0.000023,0.000054
2.130000,0.000112,0.000031,0.000000,0.000019,0.000028,0.000034
2.131000,0.000160,0.000043,0.000000,0.000026,0.000048,0.000042
2.132000,0.000176,0.000053,0.000000,0.000026,0.000039,0.000057
2.133000,0.000208,0.000050,0.000001,0.000042,0.000052,0.000063
2.134000,0.000240,0.000050,0.000000,0.000052,0.000052,0.000086
2.135000,0.000192,0.000064,0.000001,0.000030,0.000051,0.000047
2.136000,0.000160,0.000040,0.000001,0.000030,0.000033,0.000056
2.137000,0.000128,0.000033,0.000001,0.000022,0.000023,0.000049
2.138000,0.000192,0.000056,0.000001,0.000034,0.000039,0.000063
2.139000,0.000128,0.000044,0.000001,0.000016,0.000029,0.000038
2.140000,0.000080,0.000031,0.000000,0.000007,0.000027,0.000015
2.141000,0.000144,0.000041,0.000000,0.000030,0.000036,0.000037
2.142000,0.000080,0.000019,0.000000,0.000015,0.000017,0.000029
2.143000,0.000224,0.000082,0.000000,0.000030,0.000039,0.000073
2.144000,0.000112,0.000042,0.000000,0.000023,0.000019,0.000028
2.145000,0.000192,0.000052,0.000001,0.000030,0.000047,0.000062
2.146000,0.000144,0.000048,0.000000,0.000018,0.000045,0.000033
2.147000,0.000144,0.000047,0.000000,0.000031,0.000034,0.000032
2.148000,0.000128,0.000034,0.000000,0.000028,0.000025,0.000040
2.149000,0.000080,0.000031,0.000000,0.000015,0.000010,0.000024
2.150000,0.000240,0.000083,0.000001,0.000032,0.000045,0.000080
2.151000,0.000192,0.000069,0.000000,0.000032,0.000037,0.000053
2.152000,0.000048,0.000014,0.000000,0.000010,0.000006,0.000018
2.153000,0.000160,0.000064,0.000001,0.000023,0.000040,0.000032
2.154000,0.000144,0.000035,0.000000,0.000034,0.000019,0.000055
2.155000,0.000080,0.000032,0.000000,0.000015,0.000016,0.000016
2.156000,0.000176,0.000066,0.000000,0.000025,0.000039,0.000044
2.157000,0.000176,0.000050,0.000001,0.000026,0.000033,0.000067
2.158000,0.000128,0.000040,0.000000,0.000020,0.000022,0.000045
2.159000,0.000080,0.000028,0.000000,0.000014,0.000012,0.000025
2.160000,0.000176,0.000058,0.000001,0.000034,0.000030,0.000053
2.161000,0.000160,0.000040,0.000000,0.000033,0.000035,0.000051
2.162000,0.000128,0.000042,0.000000,0.000018,0.000031,0.000037
2.163000,0.000128,0.000038,0.000000,0.000022,0.000024,0.000044
2.164000,0.000064,0.000016,0.000000,0.000015,0.000012,0.000022
2.165000,0.000144,0.000033,0.000000,0.000034,0.000029,0.000047
2.166000,0.000112,0.000028,0.000000,0.000026,0.000020,0.000037
2.167000,0.000128,0.000045,0.000000,0.000026,0.000031,0.000025
2.168000,0.000064,0.000029,0.000000,0.000005,0.000016,0.000014
2.169000,0.000128,0.000044,0.000000,0.000020,0.000035,0.000030
2.170000,0.000096,0.000021,0.000000,0.000018,0.000017,0.000039
2.171000,0.000096,0.000027,0.000000,0.000023,0.000012,0.000033
2.172000,0.000112,0.000041,0.000000,0.000019,0.000024,0.000028
2.173000,0.000064,0.000027,0.000000,0.000006,0.000016,0.000015
2.174000,0.000112,0.000042,0.000000,0.000014,0.000024,0.000032
2.175000,0.000112,0.000039,0.000000,0.000019,0.000022,0.000032
2.176000,0.000128,0.000033,0.000000,0.000028,0.000020,0.000047
2.177000,0.000160,0.000038,0.000001,0.000034,0.000031,0.000057
2.178000,0.000160,0.000035,0.000001,0.000043,0.000021,0.000061
2.179000,0.000096,0.000031,0.000000,0.000020,0.000009,0.000035
2.180000,0.000080,0.000026,0.000000,0.000017,0.000015,0.000023
2.181000,0.000064,0.000020,0.000000,0.000008,0.000014,0.000021
2.182000,0.000144,0.000037,0.000000,0.000029,0.000030,0.000047
2.183000,0.000048,0.000013,0.000000,0.000012,0.000009,0.000013
2.184000,0.000128,0.000041,0.000000,0.000019,0.000031,0.000037
2.185000,0.000112,0.000026,0.000000,0.000023,0.000026,0.000036
2.186000,0.000128,0.000063,0.000000,0.000006,0.000024,0.000035
2.187000,0.000192,0.000067,0.000000,0.000032,0.000028,0.000065
2.188000,0.000128,0.000060,0.000001,0.000015,0.000027,0.000026
2.189000,0.000128,0.000059,0.000000,0.000015,0.000020,0.000035
2.190000,0.000128,0.000040,0.000000,0.000023,0.000025,0.000040
2.191000,0.000144,0.000055,0.000001,0.000018,0.000031,0.000039
2.192000,0.000160,0.000068,0.000000,0.000021,0.000030,0.000041
2.193000,0.000112,0.000042,0.000000,0.000015,0.000033,0.000023
2.194000,0.000128,0.000057,0.000000,0.000013,0.000031,0.000027
2.195000,0.000240,0.000083,0.000000,0.000025,0.000060,0.000072
2.196000,0.000048,0.000018,0.000000,0.000008,0.000010,0.000012
2.197000,0.000176,0.000043,0.000000,0.000033,0.000030,0.000070
2.198000,0.000192,0.000075,0.000000,0.000012,0.000048,0.000056
2.199000,0.000144,0.000042,0.000000,0.000026,0.000031,0.000044
2.200000,0.000208,0.000073,0.000001,0.000023,0.000051,0.000060
2.201000,0.000096,0.000028,0.000000,0.000017,0.000023,0.000028
2.202000,0.000112,0.000040,0.000000,0.000019,0.000022,0.000032
2.203000,0.000144,0.000046,0.000000,0.000016,0.000031,0.000050
2.204000,0.000240,0.000084,0.000001,0.000027,0.000063,0.000066
2.205000,0.000112,0.000041,0.000000,0.000013,0.000031,0.000028
2.206000,0.000176,0.000066,0.000000,0.000019,0.000029,0.000061
2.207000,0.000176,0.000059,0.000001,0.000024,0.000038,0.000055
2.208000,0.000112,0.000054,0.000000,0.000012,0.000021,0.000025
2.209000,0.000128,0.000037,0.000000,0.000019,0.000032,0.000040
2.210000,0.000160,0.000050,0.000001,0.000024,0.000030,0.000055
2.211000,0.000160,0.000062,0.000000,0.000026,0.000025,0.000047
2.212000,0.000176,0.000058,0.000001,0.000013,0.000045,0.000059
2.213000,0.000112,0.000037,0.000000,0.000014,0.000018,0.000043
2.214000,0.000080,0.000024,0.000000,0.000011,0.000012,0.000032
2.215000,0.000144,0.000055,0.000000,0.000017,0.000029,0.000042
2.216000,0.000080,0.000027,0.000000,0.000016,0.000010,0.000027
2.217000,0.000144,0.000049,0.000000,0.000013,0.000027,0.000054
2.218000,0.000176,0.000065,0.000001,0.000013,0.000039,0.000058
2.219000,0.000112,0.000036,0.000000,0.000015,0.000017,0.000043
2.220000,0.000112,0.000041,0.000000,0.000014,0.000022,0.000034
2.221000,0.000080,0.000024,0.000000,0.000011,0.000017,0.000028
2.222000,0.000128,0.000052,0.000000,0.000008,0.000026,0.000041
2.223000,0.000144,0.000044,0.000001,0.000026,0.000025,0.000048
2.224000,0.000144,0.000051,0.000000,0.000017,0.000032,0.000044
2.225000,0.000192,0.000067,0.000001,0.000027,0.000033,0.000065
2.226000,0.000176,0.000059,0.000000,0.000015,0.000033,0.000069
2.227000,0.000064,0.000019,0.000000,0.000013,0.000010,0.000021
2.228000,0.000144,0.000057,0.000000,0.000016,0.000025,0.000045
2.229000,0.000064,0.000019,0.000000,0.000004,0.000015,0.000026
2.230000,0.000080,0.000030,0.000000,0.000011,0.000011,0.000028
2.231000,0.000176,0.000052,0.000000,0.000037,0.000030,0.000058
2.232000,0.000048,0.000016,0.000000,0.000003,0.000012,0.000016
2.233000,0.000224,0.000069,0.000001,0.000040,0.000035,0.000080
2.234000,0.000096,0.000032,0.000000,0.000014,0.000021,0.000029
2.235000,0.000064,0.000011,0.000000,0.000015,0.000018,0.000020
2.236000,0.000080,0.000013,0.000000,0.000017,0.000017,0.000033
2.237000,0.000128,0.000046,0.000001,0.000017,0.000028,0.000036
2.238000,0.000064,0.000021,0.000000,0.000008,0.000015,0.000019
2.239000,0.000144,0.000055,0.000001,0.000013,0.000026,0.000049
2.240000,0.000016,0.000002,0.000000,0.000005,0.000005,0.000005
2.241000,0.000160,0.000039,0.000001,0.000042,0.000027,0.000051
2.242000,0.000064,0.000018,0.000000,0.000009,0.000016,0.000020
2.243000,0.000032,0.000011,0.000000,0.000001,0.000010,0.000010
2.244000,0.000032,0.000013,0.000000,0.000001,0.000008,0.000009
2.245000,0.000112,0.000036,0.000000,0.000017,0.000023,0.000035
2.246000,0.000080,0.000023,0.000000,0.000018,0.000013,0.000025
2.247000,0.000048,0.000006,0.000000,0.000014,0.000012,0.000015
2.248000,0.000032,0.000010,0.000000,0.000006,0.000006,0.000010
2.249000,0.000064,0.000015,0.000000,0.000011,0.000017,0.000021
2.250000,0.000032,0.000008,0.000000,0.000005,0.000009,0.000009
2.251000,0.000016,0.000002,0.000000,0.000005,0.000004,0.000005
2.252000,0.000096,0.000032,0.000000,0.000016,0.000019,0.000028
2.253000,0.000048,0.000008,0.000000,0.000008,0.000008,0.000024
2.254000,0.000032,0.000012,0.000000,0.000001,0.000011,0.000007
2.255000,0.000096,0.000024,0.000000,0.000015,0.000030,0.000028
2.256000,0.000096,0.000023,0.000000,0.000013,0.000021,0.000039
2.257000,0.000048,0.000014,0.000000,0.000010,0.000009,0.000015
2.258000,0.000080,0.000015,0.000000,0.000012,0.000022,0.000030
2.259000,0.000096,0.000030,0.000000,0.000014,0.000022,0.000030
2.260000,0.000064,0.000011,0.000000,0.000011,0.000016,0.000025
2.261000,0.000160,0.000042,0.000000,0.000026,0.000040,0.000052
2.262000,0.000064,0.000021,0.000000,0.000005,0.000021,0.000017
2.263000,0.000064,0.000016,0.000000,0.000012,0.000013,0.000022
2.264000,0.000048,0.000007,0.000000,0.000011,0.000010,0.000020
2.265000,0.000048,0.000015,0.000000,0.000008,0.000012,0.000013
2.266000,0.000096,0.000037,0.000001,0.000019,0.000018,0.000022
2.267000,0.000064,0.000024,0.000000,0.000003,0.000020,0.000017
2.268000,0.000112,0.000030,0.000000,0.000009,0.000030,0.000043
2.269000,0.000016,0.000005,0.000000,0.000000,0.000005,0.000006
2.270000,0.000080,0.000031,0.000000,0.000010,0.000017,0.000021
2.271000,0.000048,0.000016,0.000000,0.000004,0.000013,0.000014
2.272000,0.000080,0.000029,0.000000,0.000006,0.000020,0.000025
2.273000,0.000064,0.000018,0.000000,0.000009,0.000016,0.000021
2.274000,0.000016,0.000007,0.000000,0.000003,0.000002,0.000005
2.275000,0.000096,0.000029,0.000000,0.000012,0.000020,0.000034
2.276000,0.000064,0.000025,0.000000,0.000004,0.000019,0.000016
2.277000,0.000032,0.000010,0.000000,0.000007,0.000006,0.000009
2.278000,0.000032,0.000009,0.000000,0.000005,0.000008,0.000011
2.279000,0.000080,0.000033,0.000001,0.000008,0.000018,0.000021
2.280000,0.000016,0.000005,0.000000,0.000001,0.000006,0.000004
2.281000,0.000080,0.000034,0.000000,0.000010,0.000017,0.000019
2.282000,0.000016,0.000006,0.000000,0.000000,0.000006,0.000004
2.284000,0.000048,0.000019,0.000000,0.000002,0.000013,0.000014
2.285000,0.000048,0.000016,0.000000,0.000009,0.000012,0.000010
2.286000,0.000048,0.000015,0.000000,0.000005,0.000011,0.000017
2.287000,0.000016,0.000002,0.000000,0.000004,0.000004,0.000006
2.288000,0.000016,0.000001,0.000000,0.000003,0.000002,0.000010
2.289000,0.000064,0.000016,0.000000,0.000011,0.000017,0.000019
2.290000,0.000048,0.000017,0.000000,0.000004,0.000012,0.000016
2.291000,0.000048,0.000008,0.000000,0.000007,0.000011,0.000022
2.292000,0.000032,0.000016,0.000000,0.000001,0.000004,0.000010
2.293000,0.000096,0.000025,0.000001,0.000016,0.000028,0.000027
2.294000,0.000032,0.000012,0.000000,0.000003,0.000009,0.000008
2.295000,0.000016,0.000005,0.000000,0.000000,0.000005,0.000006
2.296000,0.000080,0.000010,0.000000,0.000014,0.000018,0.000037
2.297000,0.000048,0.000008,0.000000,0.000009,0.000013,0.000017
2.298000,0.000048,0.000012,0.000000,0.000005,0.000014,0.000017
2.299000,0.000096,0.000030,0.000000,0.000018,0.000017,0.000030
2.300000,0.000032,0.000008,0.000000,0.000004,0.000009,0.000011
2.301000,0.000032,0.000014,0.000000,0.000003,0.000007,0.000008
2.302000,0.000064,0.000014,0.000000,0.000010,0.000016,0.000024
2.303000,0.000064,0.000015,0.000000,0.000004,0.000017,0.000027
2.304000,0.000016,0.000002,0.000000,0.000005,0.000004,0.000005
2.305000,0.000032,0.000013,0.000000,0.000006,0.000009,0.000004
2.306000,0.000064,0.000010,0.000000,0.000012,0.000015,0.000028
2.307000,0.000048,0.000009,0.000000,0.000008,0.000012,0.000018
2.308000,0.000032,0.000011,0.000000,0.000004,0.000010,0.000008
2.309000,0.000032,0.000002,0.000000,0.000005,0.000004,0.000021
2.310000,0.000016,0.000001,0.000000,0.000003,0.000002,0.000010
2.311000,0.000032,0.000003,0.000000,0.000007,0.000006,0.000016
2.312000,0.000048,0.000011,0.000000,0.000011,0.000013,0.000013
2.313000,0.000016,0.000004,0.000000,0.000000,0.000005,0.000006
2.314000,0.000064,0.000019,0.000000,0.000008,0.000020,0.000018
2.315000,0.000048,0.000009,0.000000,0.000008,0.000013,0.000018
2.316000,0.000032,0.000009,0.000000,0.000001,0.000010,0.000012
2.317000,0.000048,0.000016,0.000000,0.000004,0.000014,0.000014
2.318000,0.000032,0.000011,0.000000,0.000003,0.000009,0.000008
2.319000,0.000032,0.000013,0.000000,0.000006,0.000006,0.000007
2.320000,0.000016,0.000006,0.000000,0.000000,0.000005,0.000004
2.321000,0.000016,0.000006,0.000000,0.000000,0.000005,0.000004
2.324000,0.000016,0.000007,0.000000,0.000003,0.000004,0.000002
2.326000,0.000032,0.000006,0.000000,0.000003,0.000008,0.000016
2.327000,0.000016,0.000002,0.000000,0.000004,0.000004,0.000006
2.328000,0.000048,0.000011,0.000000,0.000005,0.000014,0.000018
2.329000,0.000016,0.000005,0.000000,0.000001,0.000005,0.000006
2.330000,0.000032,0.000005,0.000000,0.000003,0.000007,0.000016
2.331000,0.000032,0.000004,0.000000,0.000009,0.000008,0.000011
2.333000,0.000016,0.000001,0.000000,0.000005,0.000005,0.000005
2.334000,0.000048,0.000014,0.000000,0.000008,0.000012,0.000014
2.335000,0.000016,0.000006,0.000000,0.000000,0.000006,0.000004
2.336000,0.000016,0.000005,0.000000,0.000000,0.000005,0.000006
2.337000,0.000032,0.000012,0.000000,0.000001,0.000011,0.000008
2.338000,0.000032,0.000004,0.000000,0.000009,0.000008,0.000012
2.339000,0.000032,0.000007,0.000000,0.000005,0.000009,0.000011
2.340000,0.000016,0.000002,0.000000,0.000004,0.000004,0.000006
2.341000,0.000064,0.000013,0.000000,0.000009,0.000018,0.000023
2.342000,0.000048,0.000005,0.000000,0.000011,0.000011,0.000022
2.343000,0.000016,0.000005,0.000000,0.000001,0.000005,0.000006
2.344000,0.000064,0.000017,0.000000,0.000015,0.000017,0.000015
2.346000,0.000016,0.000004,0.000000,0.000000,0.000005,0.000006
2.348000,0.000016,0.000007,0.000000,0.000003,0.000004,0.000002
2.349000,0.000064,0.000022,0.000000,0.000007,0.000019,0.000016
2.350000,0.000080,0.000026,0.000000,0.000011,0.000023,0.000019
2.351000,0.000016,0.000001,0.000000,0.000003,0.000002,0.000010
2.352000,0.000016,0.000002,0.000000,0.000004,0.000004,0.000006
2.354000,0.000032,0.000006,0.000000,0.000003,0.000008,0.000016
2.356000,0.000032,0.000010,0.000000,0.000001,0.000011,0.000010
2.357000,0.000080,0.000017,0.000000,0.000011,0.000025,0.000027
2.358000,0.000016,0.000001,0.000000,0.000003,0.000003,0.000010
2.359000,0.000032,0.000010,0.000000,0.000000,0.000010,0.000012
2.361000,0.000016,0.000006,0.000000,0.000000,0.000005,0.000004
2.362000,0.000048,0.000011,0.000000,0.000006,0.000015,0.000017
2.364000,0.000064,0.000016,0.000000,0.000007,0.000020,0.000021
2.366000,0.000016,0.000006,0.000000,0.000000,0.000005,0.000005
2.367000,0.000016,0.000005,0.000000,0.000001,0.000005,0.000006
2.368000,0.000016,0.000005,0.000000,0.000000,0.000005,0.000006
2.369000,0.000016,0.000005,0.000000,0.000000,0.000005,0.000005
2.370000,0.000080,0.000018,0.000000,0.000011,0.000025,0.000027
2.371000,0.000048,0.000016,0.000000,0.000001,0.000015,0.000016
2.372000,0.000048,0.000016,0.000000,0.000001,0.000015,0.000016
2.373000,0.000016,0.000005,0.000000,0.000001,0.000005,0.000006
2.376000,0.000016,0.000006,0.000000,0.000000,0.000005,0.000005
2.377000,0.000016,0.000006,0.000000,0.000000,0.000005,0.000006
2.378000,0.000016,0.000005,0.000000,0.000001,0.000005,0.000006
2.379000,0.000016,0.000006,0.000000,0.000000,0.000005,0.000004
2.380000,0.000016,0.000002,0.000000,0.000005,0.000004,0.000006
2.382000,0.000032,0.000010,0.000000,0.000001,0.000010,0.000011
2.383000,0.000016,0.000005,0.000000,0.000001,0.000005,0.000006
2.384000,0.000016,0.000002,0.000000,0.000005,0.000004,0.000006
2.385000,0.000016,0.000005,0.000000,0.000001,0.000005,0.000006
2.386000,0.000048,0.000008,0.000000,0.000010,0.000013,0.000017
2.388000,0.000064,0.000013,0.000000,0.000010,0.000019,0.000021
2.389000,0.000016,0.000005,0.000000,0.000001,0.000005,0.000005
2.390000,0.000016,0.000006,0.000000,0.000000,0.000005,0.000006
2.393000,0.000016,0.000006,0.000000,0.000000,0.000005,0.000004
2.394000,0.000080,0.000029,0.000000,0.000002,0.000022,0.000027
2.397000,0.000032,0.000003,0.000000,0.000010,0.000008,0.000011
2.398000,0.000032,0.000008,0.000000,0.000005,0.000009,0.000010
2.399000,0.000032,0.000008,0.000000,0.000005,0.000009,0.000009
2.400000,0.000032,0.000010,0.000000,0.000001,0.000010,0.000011
2.401000,0.000064,0.000018,0.000000,0.000006,0.000018,0.000022
2.402000,0.000016,0.000007,0.000000,0.000000,0.000003,0.000006
2.403000,0.000032,0.000010,0.000000,0.000001,0.000010,0.000010
2.404000,0.000016,0.000006,0.000000,0.000000,0.000004,0.000006
2.406000,0.000016,0.000005,0.000000,0.000001,0.000005,0.000005
2.407000,0.000016,0.000001,0.000000,0.000005,0.000004,0.000005
2.409000,0.000032,0.000010,0.000000,0.000001,0.000011,0.000011
2.410000,0.000016,0.000006,0.000000,0.000000,0.000004,0.000006
2.412000,0.000048,0.000015,0.000000,0.000001,0.000015,0.000016
2.413000,0.000016,0.000005,0.000000,0.000000,0.000005,0.000005
2.415000,0.000016,0.000005,0.000000,0.000001,0.000005,0.000005
2.416000,0.000032,0.000012,0.000000,0.000000,0.000009,0.000011
2.417000,0.000016,0.000005,0.000000,0.000001,0.000005,0.000005
2.418000,0.000016,0.000005,0.000000,0.000001,0.000005,0.000005
2.419000,0.000032,0.000010,0.000000,0.000001,0.000010,0.000011
2.420000,0.000016,0.000002,0.000000,0.000004,0.000004,0.000006
2.422000,0.000016,0.000007,0.000000,0.000001,0.000003,0.000006
2.423000,0.000016,0.000005,0.000000,0.000001,0.000005,0.000006
2.426000,0.000016,0.000006,0.000000,0.000000,0.000005,0.000005
2.427000,0.000016,0.000005,0.000000,0.000000,0.000005,0.000005
2.428000,0.000016,0.000006,0.000000,0.000000,0.000004,0.000006
2.432000,0.000032,0.000011,0.000000,0.000001,0.000009,0.000011
2.434000,0.000032,0.000010,0.000000,0.000002,0.000009,0.000011
2.435000,0.000016,0.000006,0.000000,0.000000,0.000004,0.000006
2.437000,0.000016,0.000005,0.000000,0.000001,0.000005,0.000006
2.441000,0.000016,0.000005,0.000000,0.000001,0.000005,0.000006
2.442000,0.000016,0.000005,0.000000,0.000001,0.000005,0.000005
2.443000,0.000016,0.000002,0.000000,0.000005,0.000004,0.000006
2.445000,0.000016,0.000005,0.000000,0.000001,0.000005,0.000006
2.446000,0.000016,0.000005,0.000000,0.000001,0.000005,0.000006
2.449000,0.000032,0.000013,0.000000,0.000001,0.000007,0.000012
2.452000,0.000016,0.000005,0.000000,0.000001,0.000005,0.000005
2.454000,0.000032,0.000011,0.000000,0.000001,0.000008,0.000011
2.457000,0.000016,0.000002,0.000000,0.000005,0.000004,0.000006
2.459000,0.000032,0.000004,0.000000,0.000009,0.000008,0.000011
2.461000,0.000048,0.000011,0.000000,0.000006,0.000014,0.000017
2.462000,0.000032,0.000010,0.000000,0.000001,0.000010,0.000011
2.465000,0.000016,0.000002,0.000000,0.000004,0.000004,0.000006
2.466000,0.000016,0.000006,0.000000,0.000000,0.000004,0.000006
2.468000,0.000032,0.000012,0.000000,0.000001,0.000007,0.000012
2.472000,0.000016,0.000007,0.000000,0.000001,0.000003,0.000006
2.473000,0.000032,0.000013,0.000000,0.000000,0.000007,0.000012
2.474000,0.000032,0.000011,0.000000,0.000000,0.000009,0.000012
2.477000,0.000016,0.000005,0.000000,0.000000,0.000004,0.000006
2.478000,0.000016,0.000005,0.000000,0.000000,0.000004,0.000006
2.479000,0.000016,0.000006,0.000000,0.000001,0.000003,0.000006
2.484000,0.000032,0.000011,0.000000,0.000001,0.000008,0.000011
2.486000,0.000016,0.000006,0.000000,0.000001,0.000003,0.000006
2.489000,0.000016,0.000006,0.000000,0.000001,0.000003,0.000006
2.490000,0.000016,0.000007,0.000000,0.000001,0.000002,0.000006
2.493000,0.000016,0.000007,0.000000,0.000001,0.000002,0.000006
2.496000,0.000016,0.000007,0.000000,0.000001,0.000002,0.000006
2.499000,0.000032,0.000012,0.000000,0.000001,0.000006,0.000013
2.501000,0.000016,0.000006,0.000000,0.000000,0.000004,0.000006
2.502000,0.000016,0.000007,0.000000,0.000001,0.000002,0.000006
2.505000,0.000016,0.000006,0.000000,0.000001,0.000003,0.000006
2.506000,0.000016,0.000006,0.000000,0.000001,0.000004,0.000006
2.508000,0.000032,0.000013,0.000000,0.000001,0.000005,0.000013
2.511000,0.000016,0.000006,0.000000,0.000000,0.000003,0.000007
2.514000,0.000032,0.000012,0.000000,0.000001,0.000007,0.000012
2.515000,0.000016,0.000007,0.000000,0.000001,0.000002,0.000006
2.516000,0.000048,0.000019,0.000000,0.000002,0.000009,0.000019
2.517000,0.000016,0.000007,0.000000,0.000001,0.000002,0.000006
2.519000,0.000016,0.000006,0.000000,0.000000,0.000003,0.000006
2.522000,0.000048,0.000018,0.000000,0.000002,0.000009,0.000019
2.526000,0.000016,0.000006,0.000000,0.000000,0.000004,0.000006
2.527000,0.000016,0.000006,0.000000,0.000001,0.000004,0.000006
2.529000,0.000016,0.000007,0.000000,0.000000,0.000003,0.000007
2.531000,0.000032,0.000013,0.000000,0.000001,0.000005,0.000013
2.533000,0.000048,0.000018,0.000000,0.000001,0.000010,0.000019
2.534000,0.000048,0.000018,0.000000,0.000001,0.000009,0.000019
2.535000,0.000016,0.000006,0.000000,0.000000,0.000003,0.000007
2.538000,0.000016,0.000006,0.000000,0.000001,0.000004,0.000006
2.539000,0.000032,0.000012,0.000000,0.000001,0.000007,0.000013
2.540000,0.000016,0.000005,0.000000,0.000001,0.000004,0.000006
2.543000,0.000032,0.000012,0.000000,0.000001,0.000006,0.000012
2.544000,0.000032,0.000012,0.000000,0.000000,0.000006,0.000014
2.546000,0.000048,0.000019,0.000000,0.000000,0.000009,0.000020
2.547000,0.000048,0.000018,0.000000,0.000002,0.000009,0.000019
2.548000,0.000032,0.000012,0.000000,0.000000,0.000006,0.000014
2.550000,0.000016,0.000006,0.000000,0.000001,0.000002,0.000006
2.551000,0.000048,0.000018,0.000000,0.000001,0.000009,0.000019
2.552000,0.000048,0.000017,0.000000,0.000002,0.000012,0.000017
2.554000,0.000016,0.000005,0.000000,0.000001,0.000004,0.000006
2.555000,0.000016,0.000006,0.000000,0.000001,0.000002,0.000007
2.556000,0.000032,0.000011,0.000000,0.000001,0.000007,0.000013
2.557000,0.000016,0.000006,0.000000,0.000001,0.000004,0.000006
2.560000,0.000032,0.000012,0.000000,0.000001,0.000007,0.000013
2.561000,0.000016,0.000006,0.000000,0.000000,0.000003,0.000007
2.562000,0.000016,0.000005,0.000000,0.000001,0.000004,0.000006
2.563000,0.000032,0.000011,0.000000,0.000001,0.000007,0.000013
2.564000,0.000048,0.000017,0.000000,0.000002,0.000011,0.000018
2.565000,0.000032,0.000012,0.000000,0.000001,0.000007,0.000013
2.566000,0.000032,0.000011,0.000000,0.000001,0.000008,0.000012
2.567000,0.000048,0.000019,0.000000,0.000002,0.000008,0.000020
2.569000,0.000016,0.000005,0.000000,0.000001,0.000004,0.000006
2.571000,0.000032,0.000010,0.000000,0.000002,0.000008,0.000012
2.572000,0.000016,0.000005,0.000000,0.000001,0.000004,0.000006
2.573000,0.000016,0.000006,0.000000,0.000000,0.000003,0.000007
2.574000,0.000016,0.000006,0.000000,0.000000,0.000003,0.000007
2.576000,0.000032,0.000012,0.000000,0.000001,0.000007,0.000013
2.577000,0.000032,0.000011,0.000000,0.000001,0.000007,0.000013
2.578000,0.000016,0.000006,0.000000,0.000001,0.000003,0.000007
2.582000,0.000032,0.000012,0.000000,0.000001,0.000006,0.000013
2.583000,0.000032,0.000010,0.000000,0.000001,0.000008,0.000013
2.584000,0.000032,0.000012,0.000000,0.000001,0.000006,0.000012
2.585000,0.000032,0.000010,0.000000,0.000002,0.000008,0.000012
2.587000,0.000032,0.000012,0.000000,0.000000,0.000006,0.000013
2.589000,0.000016,0.000006,0.000000,0.000001,0.000003,0.000007
2.590000,0.000016,0.000005,0.000000,0.000001,0.000004,0.000006
2.591000,0.000032,0.000013,0.000000,0.000000,0.000006,0.000013
2.592000,0.000016,0.000006,0.000000,0.000000,0.000003,0.000007
2.593000,0.000016,0.000006,0.000000,0.000000,0.000003,0.000007
2.596000,0.000016,0.000006,0.000000,0.000000,0.000003,0.000007
2.597000,0.000016,0.000006,0.000000,0.000000,0.000003,0.000007
2.599000,0.000016,0.000006,0.000000,0.000000,0.000003,0.000007
2.600000,0.000048,0.000018,0.000000,0.000001,0.000009,0.000020
2.601000,0.000032,0.000012,0.000000,0.000001,0.000007,0.000012
2.602000,0.000032,0.000011,0.000000,0.000001,0.000007,0.000013
2.603000,0.000032,0.000011,0.000000,0.000001,0.000007,0.000013
2.604000,0.000016,0.000006,0.000000,0.000000,0.000003,0.000007
2.606000,0.000032,0.000013,0.000000,0.000001,0.000005,0.000013
2.607000,0.000016,0.000006,0.000000,0.000001,0.000004,0.000006
2.608000,0.000016,0.000005,0.000000,0.000000,0.000003,0.000007
2.609000,0.000016,0.000006,0.000000,0.000001,0.000003,0.000006
2.610000,0.000032,0.000012,0.000000,0.000001,0.000006,0.000012
2.611000,0.000032,0.000011,0.000000,0.000001,0.000007,0.000014
2.612000,0.000016,0.000005,0.000000,0.000000,0.000003,0.000007
2.613000,0.000016,0.000006,0.000000,0.000001,0.000004,0.000006
2.614000,0.000016,0.000006,0.000000,0.000001,0.000003,0.000006
2.616000,0.000032,0.000011,0.000000,0.000001,0.000007,0.000013
2.618000,0.000016,0.000006,0.000000,0.000001,0.000004,0.000006
2.621000,0.000016,0.000006,0.000000,0.000001,0.000004,0.000006
2.622000,0.000016,0.000006,0.000000,0.000001,0.000004,0.000006
2.629000,0.000016,0.000006,0.000000,0.000001,0.000003,0.000007
2.635000,0.000016,0.000005,0.000000,0.000001,0.000003,0.000007
2.644000,0.000016,0.000005,0.000000,0.000001,0.000004,0.000007
2.652000,0.000016,0.000005,0.000000,0.000001,0.000003,0.000007
2.655000,0.000016,0.000005,0.000000,0.000001,0.000003,0.000007
2.656000,0.000016,0.000005,0.000000,0.000001,0.000004,0.000007
2.659000,0.000016,0.000005,0.000000,0.000001,0.000004,0.000007
2.668000,0.000016,0.000005,0.000000,0.000001,0.000004,0.000007
2.673000,0.000016,0.000005,0.000000,0.000001,0.000004,0.000007
2.674000,0.000016,0.000005,0.000000,0.000001,0.000004,0.000007
2.675000,0.000016,0.000005,0.000000,0.000001,0.000004,0.000007
2.676000,0.000016,0.000005,0.000000,0.000001,0.000003,0.000007
2.677000,0.000016,0.000005,0.000000,0.000001,0.000003,0.000007
2.741000,0.000016,0.000005,0.000000,0.000001,0.000003,0.000007
2.750000,0.000032,0.000010,0.000000,0.000002,0.000007,0.000014
2.751000,0.000016,0.000005,0.000000,0.000001,0.000004,0.000007
2.754000,0.000016,0.000005,0.000000,0.000001,0.000003,0.000007
2.766000,0.000016,0.000005,0.000000,0.000001,0.000003,0.000007
2.767000,0.000016,0.000005,0.000000,0.000001,0.000004,0.000006
2.769000,0.000016,0.000005,0.000000,0.000001,0.000004,0.000007
2.771000,0.000016,0.000005,0.000000,0.000001,0.000004,0.000007
2.773000,0.000016,0.000005,0.000000,0.000001,0.000004,0.000007
2.774000,0.000016,0.000005,0.000000,0.000001,0.000004,0.000006
2.776000,0.000016,0.000005,0.000000,0.000001,0.000003,0.000007
2.783000,0.000016,0.000005,0.000000,0.000001,0.000004,0.000007
2.789000,0.000016,0.000005,0.000000,0.000001,0.000003,0.000007
2.790000,0.000032,0.000010,0.000000,0.000002,0.000007,0.000013
2.793000,0.000016,0.000005,0.000000,0.000001,0.000004,0.000007
2.794000,0.000016,0.000005,0.000000,0.000001,0.000003,0.000007
2.796000,0.000016,0.000005,0.000000,0.000001,0.000004,0.000007
2.800000,0.000016,0.000005,0.000000,0.000001,0.000003,0.000007
2.801000,0.000016,0.000004,0.000000,0.000001,0.000004,0.000007
2.808000,0.000032,0.000009,0.000000,0.000003,0.000007,0.000013
2.811000,0.000016,0.000005,0.000000,0.000001,0.000004,0.000007
2.812000,0.000016,0.000004,0.000000,0.000001,0.000004,0.000007
2.817000,0.000016,0.000005,0.000000,0.000001,0.000003,0.000007
2.818000,0.000016,0.000005,0.000000,0.000001,0.000003,0.000007
2.819000,0.000016,0.000005,0.000000,0.000001,0.000004,0.000007
2.820000,0.000016,0.000004,0.000000,0.000001,0.000004,0.000007
2.821000,0.000016,0.000005,0.000000,0.000001,0.000003,0.000007
2.823000,0.000016,0.000005,0.000000,0.000001,0.000003,0.000007
2.825000,0.000016,0.000004,0.000000,0.000001,0.000004,0.000007
2.835000,0.000016,0.000005,0.000000,0.000001,0.000003,0.000007
2.836000,0.000016,0.000005,0.000000,0.000001,0.000003,0.000007
2.838000,0.000016,0.000005,0.000000,0.000001,0.000003,0.000007
2.844000,0.000016,0.000004,0.000000,0.000002,0.000004,0.000007
2.849000,0.000016,0.000005,0.000000,0.000001,0.000003,0.000007
2.856000,0.000016,0.000004,0.000000,0.000002,0.000004,0.000007
2.860000,0.000032,0.000008,0.000000,0.000003,0.000008,0.000014
2.870000,0.000016,0.000004,0.000000,0.000002,0.000004,0.000006
2.872000,0.000016,0.000004,0.000000,0.000002,0.000004,0.000007
2.874000,0.000032,0.000007,0.000000,0.000003,0.000008,0.000013
2.875000,0.000016,0.000003,0.000000,0.000001,0.000004,0.000007
2.877000,0.000016,0.000004,0.000000,0.000002,0.000004,0.000007
2.878000,0.000016,0.000004,0.000000,0.000002,0.000004,0.000007
2.881000,0.000032,0.000007,0.000000,0.000003,0.000008,0.000014
2.882000,0.000016,0.000004,0.000000,0.000001,0.000004,0.000007
2.883000,0.000016,0.000004,0.000000,0.000002,0.000004,0.000006
2.884000,0.000016,0.000004,0.000000,0.000002,0.000004,0.000006
2.885000,0.000064,0.000015,0.000000,0.000006,0.000015,0.000027
2.887000,0.000016,0.000004,0.000000,0.000001,0.000004,0.000007
2.889000,0.000016,0.000004,0.000000,0.000002,0.000004,0.000007
2.892000,0.000032,0.000008,0.000000,0.000003,0.000008,0.000013
2.894000,0.000032,0.000008,0.000000,0.000003,0.000008,0.000013
2.896000,0.000016,0.000004,0.000000,0.000002,0.000004,0.000007
2.899000,0.000032,0.000008,0.000000,0.000003,0.000008,0.000013
2.900000,0.000016,0.000004,0.000000,0.000001,0.000004,0.000007
2.902000,0.000016,0.000004,0.000000,0.000001,0.000004,0.000007
2.903000,0.000032,0.000008,0.000000,0.000003,0.000008,0.000013
2.904000,0.000016,0.000004,0.000000,0.000001,0.000004,0.000007
2.907000,0.000048,0.000012,0.000000,0.000004,0.000012,0.000021
2.909000,0.000016,0.000004,0.000000,0.000001,0.000004,0.000007
2.913000,0.000016,0.000004,0.000000,0.000002,0.000004,0.000007
2.915000,0.000016,0.000004,0.000000,0.000001,0.000004,0.000007
2.916000,0.000016,0.000004,0.000000,0.000001,0.000004,0.000007
2.918000,0.000016,0.000004,0.000000,0.000001,0.000004,0.000007
2.920000,0.000032,0.000008,0.000000,0.000002,0.000008,0.000014
2.921000,0.000016,0.000004,0.000000,0.000001,0.000004,0.000007
2.929000,0.000032,0.000007,0.000000,0.000002,0.000008,0.000014
2.933000,0.000016,0.000003,0.000000,0.000001,0.000004,0.000007
2.935000,0.000032,0.000008,0.000000,0.000003,0.000007,0.000014
2.936000,0.000016,0.000003,0.000000,0.000001,0.000004,0.000007
2.939000,0.000016,0.000004,0.000000,0.000001,0.000004,0.000007
2.941000,0.000016,0.000003,0.000000,0.000001,0.000004,0.000007
2.944000,0.000048,0.000012,0.000000,0.000004,0.000011,0.000021
2.945000,0.000016,0.000004,0.000000,0.000001,0.000004,0.000007
2.947000,0.000032,0.000007,0.000000,0.000002,0.000009,0.000014
2.948000,0.000032,0.000007,0.000000,0.000003,0.000008,0.000014
2.952000,0.000016,0.000005,0.000000,0.000001,0.000003,0.000007
2.953000,0.000032,0.000007,0.000000,0.000002,0.000008,0.000014
2.954000,0.000016,0.000004,0.000000,0.000001,0.000004,0.000007
2.956000,0.000032,0.000007,0.000000,0.000002,0.000008,0.000014
2.958000,0.000016,0.000004,0.000000,0.000001,0.000004,0.000007
2.960000,0.000016,0.000004,0.000000,0.000001,0.000004,0.000007
2.961000,0.000032,0.000008,0.000000,0.000003,0.000007,0.000014
2.963000,0.000032,0.000008,0.000000,0.000002,0.000008,0.000014
2.971000,0.000016,0.000005,0.000000,0.000001,0.000003,0.000007
2.974000,0.000016,0.000003,0.000000,0.000001,0.000004,0.000007
2.977000,0.000016,0.000004,0.000000,0.000001,0.000004,0.000007
2.978000,0.000016,0.000004,0.000000,0.000001,0.000004,0.000007
2.980000,0.000032,0.000007,0.000000,0.000002,0.000008,0.000014
2.985000,0.000016,0.000004,0.000000,0.000001,0.000004,0.000007
2.987000,0.000016,0.000004,0.000000,0.000001,0.000004,0.000007
2.989000,0.000032,0.000008,0.000000,0.000002,0.000008,0.000014
2.991000,0.000016,0.000003,0.000000,0.000001,0.000004,0.000007
2.992000,0.000016,0.000004,0.000000,0.000002,0.000004,0.000007
2.995000,0.000016,0.000004,0.000000,0.000002,0.000004,0.000007
2.996000,0.000016,0.000003,0.000000,0.000001,0.000004,0.000007
2.997000,0.000048,0.000011,0.000000,0.000004,0.000012,0.000021
3.001000,0.000016,0.000004,0.000000,0.000001,0.000004,0.000007
3.002000,0.000016,0.000003,0.000000,0.000001,0.000004,0.000007
3.008000,0.000016,0.000004,0.000000,0.000001,0.000004,0.000007
3.009000,0.000016,0.000004,0.000000,0.000002,0.000004,0.000007
3.012000,0.000032,0.000007,0.000000,0.000003,0.000008,0.000014
3.013000,0.000016,0.000004,0.000000,0.000002,0.000004,0.000007
3.015000,0.000016,0.000003,0.000000,0.000001,0.000004,0.000007
3.019000,0.000016,0.000003,0.000000,0.000001,0.000004,0.000007
3.020000,0.000032,0.000008,0.000000,0.000002,0.000007,0.000014
3.021000,0.000032,0.000008,0.000000,0.000002,0.000007,0.000014
3.023000,0.000016,0.000004,0.000000,0.000002,0.000004,0.000007
3.024000,0.000016,0.000003,0.000000,0.000001,0.000004,0.000007
3.025000,0.000016,0.000003,0.000000,0.000001,0.000004,0.000007
3.026000,0.000032,0.000007,0.000000,0.000003,0.000009,0.000014
3.028000,0.000016,0.000004,0.000000,0.000001,0.000004,0.000007
3.029000,0.000016,0.000003,0.000000,0.000002,0.000005,0.000007
3.030000,0.000016,0.000004,0.000000,0.000001,0.000004,0.000007
3.032000,0.000016,0.000003,0.000000,0.000001,0.000004,0.000007
3.034000,0.000016,0.000004,0.000000,0.000001,0.000004,0.000007
3.035000,0.000016,0.000003,0.000000,0.000001,0.000004,0.000007
3.037000,0.000032,0.000008,0.000000,0.000002,0.000008,0.000014
3.039000,0.000032,0.000007,0.000000,0.000003,0.000009,0.000014
3.040000,0.000016,0.000004,0.000000,0.000001,0.000004,0.000007
3.041000,0.000048,0.000011,0.000000,0.000003,0.000012,0.000021
3.042000,0.000032,0.000007,0.000000,0.000002,0.000009,0.000014
3.043000,0.000032,0.000007,0.000000,0.000002,0.000008,0.000014
3.046000,0.000016,0.000003,0.000000,0.000001,0.000004,0.000007
3.047000,0.000048,0.000012,0.000000,0.000003,0.000011,0.000021
3.049000,0.000048,0.000010,0.000000,0.000004,0.000013,0.000021
3.050000,0.000016,0.000004,0.000000,0.000001,0.000003,0.000007
3.053000,0.000048,0.000011,0.000000,0.000004,0.000012,0.000021
3.054000,0.000016,0.000004,0.000000,0.000001,0.000003,0.000007
3.055000,0.000016,0.000003,0.000000,0.000001,0.000004,0.000007
3.056000,0.000032,0.000006,0.000000,0.000003,0.000009,0.000014
3.062000,0.000032,0.000006,0.000000,0.000003,0.000009,0.000014
3.065000,0.000032,0.000007,0.000000,0.000002,0.000008,0.000014
3.069000,0.000016,0.000003,0.000000,0.000002,0.000004,0.000007
3.071000,0.000016,0.000003,0.000000,0.000002,0.000005,0.000007
3.074000,0.000064,0.000014,0.000000,0.000005,0.000017,0.000028
3.076000,0.000016,0.000003,0.000000,0.000002,0.000004,0.000007
3.077000,0.000016,0.000003,0.000000,0.000002,0.000005,0.000007
3.080000,0.000016,0.000004,0.000000,0.000001,0.000004,0.000007
3.081000,0.000016,0.000003,0.000000,0.000001,0.000005,0.000007
3.083000,0.000016,0.000003,0.000000,0.000002,0.000004,0.000007
3.089000,0.000032,0.000007,0.000000,0.000002,0.000008,0.000014
3.096000,0.000016,0.000004,0.000000,0.000002,0.000004,0.000007
3.101000,0.000016,0.000003,0.000000,0.000002,0.000004,0.000007
3.104000,0.000016,0.000003,0.000000,0.000002,0.000004,0.000007
3.106000,0.000016,0.000003,0.000000,0.000002,0.000004,0.000007
3.107000,0.000016,0.000003,0.000000,0.000002,0.000004,0.000007
3.111000,0.000016,0.000003,0.000000,0.000002,0.000004,0.000007
3.113000,0.000032,0.000006,0.000000,0.000003,0.000009,0.000014
3.115000,0.000016,0.000003,0.000000,0.000001,0.000005,0.000007
3.118000,0.000016,0.000003,0.000000,0.000001,0.000005,0.000007
3.123000,0.000016,0.000003,0.000000,0.000001,0.000005,0.000007
3.130000,0.000016,0.000003,0.000000,0.000001,0.000005,0.000007
3.136000,0.000016,0.000003,0.000000,0.000001,0.000005,0.000007
3.148000,0.000016,0.000003,0.000000,0.000001,0.000005,0.000007
