t,finish1,finish2,finish3,release1,release2,release3,start1,start2,start3
0.750000,1,0,0,1,1,0,1,1,0
1.709276,0,0,1,1,0,1,0,0,1
1.884461,1,0,0,0,0,1,1,0,0
2.345001,0,1,1,1,1,1,0,0,1
2.911473,0,0,0,1,0,1,0,1,0
3.129450,0,1,1,1,0,1,0,0,1
3.790353,1,0,0,0,0,0,1,0,0
4.606629,0,0,1,1,0,0,1,0,1
5.441449,1,0,1,0,1,1,1,1,1
6.315679,0,1,0,1,1,0,1,0,0
6.795791,1,1,0,0,0,0,0,1,1
7.085543,1,0,0,1,1,1,1,1,0
7.937908,0,0,1,0,1,0,0,1,0
8.325433,0,1,0,0,0,0,0,0,0
8.843947,0,1,0,0,0,1,0,0,1
9.188728,0,0,1,0,0,0,0,0,1
9.744613,0,0,1,1,0,1,1,0,1
10.655150,1,0,1,0,1,0,1,1,0
11.560188,1,1,0,0,1,0,0,1,0
11.578140,0,1,0,0,0,0,0,0,0
12.074994,1,0,0,1,0,1,1,0,1
12.974148,1,0,1,1,0,1,1,0,0
13.275906,0,0,0,0,1,0,0,1,1
14.219157,1,0,1,0,1,1,0,1,0
14.936018,0,1,0,0,1,1,0,0,0
15.267196,1,1,1,1,1,0,1,1,1
15.404901,0,1,1,1,0,1,1,1,1
16.103732,0,1,0,1,0,1,1,0,0
16.320732,1,0,0,1,0,0,1,0,0
17.217787,0,0,0,0,1,1,0,1,0
17.771128,1,0,0,0,0,0,0,0,0
18.170666,0,1,0,1,0,0,1,0,1
18.331506,1,0,0,1,1,0,0,0,1
19.092026,0,0,0,0,0,1,0,1,0
19.260014,1,1,0,1,1,0,1,1,0
19.511116,0,1,1,0,1,0,0,1,1
20.311814,1,1,1,0,1,0,1,1,1
20.965682,0,1,0,1,0,0,0,0,0
21.412096,0,0,0,1,0,1,0,0,0
22.282761,0,0,0,0,0,1,0,0,0
23.205668,1,0,1,1,1,1,1,0,1
23.729525,1,0,0,1,1,0,0,0,1
23.886619,0,0,0,0,0,1,1,0,1
24.534334,1,0,1,0,0,0,0,0,0
24.561170,1,1,1,1,1,0,1,1,1
24.942420,0,1,1,1,0,1,1,1,1
25.858974,0,0,0,0,1,1,1,0,1
26.019083,1,0,1,0,0,1,1,1,0
26.723472,0,0,0,1,1,0,0,1,0
27.163866,1,1,0,0,1,0,1,1,1
27.278888,1,0,0,1,1,0,1,1,0
27.462283,0,0,0,0,0,1,0,0,0
27.720757,1,0,1,0,0,1,0,0,1
27.853679,0,0,0,1,1,1,1,1,0
28.728804,1,1,0,1,1,1,0,0,1
29.601172,1,1,1,0,0,1,0,1,0
30.334316,0,0,0,0,0,1,1,1,0
30.452432,1,1,1,0,1,1,0,0,0
31.024289,0,1,1,1,0,1,0,1,0
31.043208,1,1,0,1,0,1,1,0,0
31.544713,0,0,0,1,1,1,0,0,0
32.524959,0,0,0,1,1,1,0,0,0
33.301045,0,0,0,0,0,0,1,0,1
33.756136,0,1,1,0,0,0,0,0,1
34.721495,1,0,1,0,1,0,0,0,0
35.269602,1,0,1,1,0,0,1,1,1
36.254911,0,0,1,1,1,1,0,0,0
37.027257,0,0,0,1,0,0,1,0,1
37.993228,1,0,1,0,0,0,1,1,1
38.726828,0,1,1,1,0,0,0,0,1
39.622711,0,0,0,0,0,1,1,0,1
40.056267,0,0,0,1,1,1,0,1,0
40.604403,0,0,1,0,0,1,1,1,1
41.094995,0,0,1,1,0,1,0,0,0
41.511164,1,0,1,0,1,0,0,0,0
41.694371,1,0,1,0,0,0,1,1,1
42.121302,1,1,0,1,1,0,1,1,0
42.636073,1,0,1,1,1,0,1,0,0
42.948626,0,1,1,1,1,0,0,0,1
43.166505,1,0,0,0,0,0,1,0,1
43.967475,1,0,1,0,1,0,0,1,1
44.198200,0,1,1,0,0,1,0,1,1
44.996107,0,1,0,1,1,0,1,1,0
45.084463,1,0,0,0,0,0,1,1,0
45.829323,0,1,0,0,1,0,1,1,0
46.156707,0,1,1,1,0,0,1,0,0
46.353278,0,1,0,1,0,0,0,1,0
46.625645,0,0,0,1,0,0,1,0,0
47.147491,0,0,1,0,0,1,1,0,1
47.266020,1,1,0,0,0,1,0,0,0
47.596161,1,1,0,0,1,0,0,1,0
48.575472,0,1,0,1,0,1,0,0,1
49.295978,1,1,1,1,1,1,0,1,1
50.225127,1,1,1,1,1,0,0,0,1
50.609359,0,1,1,1,0,0,1,1,0
50.697990,1,0,0,0,1,0,0,0,0
51.150947,0,1,0,1,1,0,0,1,1
51.552780,0,0,0,0,0,1,0,1,1
51.876817,1,0,1,0,0,0,0,0,0
52.448674,1,1,0,1,1,1,0,0,1
53.209783,0,1,1,1,0,0,0,1,1
53.360959,0,1,0,1,1,1,1,0,1
53.570281,1,1,0,0,1,1,1,1,0
54.005154,1,1,1,1,0,1,0,0,0
54.503937,0,1,0,1,1,1,0,1,1
55.014231,1,0,0,1,0,1,1,1,0
55.588833,0,1,0,0,1,1,0,1,1
55.908400,1,0,1,1,1,0,1,1,1
56.793515,1,1,0,1,1,1,1,0,0
57.480448,0,0,1,0,0,0,1,1,1
57.702039,1,1,0,1,0,1,0,0,0
58.392154,0,0,0,1,1,0,0,1,1
58.650250,0,0,1,0,0,1,0,0,1
58.935554,0,0,1,1,0,1,0,0,1
59.183946,1,1,0,1,1,1,1,1,0
59.229346,1,1,1,1,1,1,1,1,1
59.515153,1,0,0,1,1,0,1,0,1
59.993453,1,0,0,0,1,1,1,0,1
60.643288,0,0,1,1,0,1,0,0,1
61.218488,1,0,0,0,1,0,1,0,1
61.246783,1,0,0,1,1,0,1,0,1
61.310221,0,1,1,1,0,1,0,0,1
61.853838,1,1,0,0,0,0,1,1,0
62.711124,0,0,1,1,0,1,1,0,1
63.218007,0,0,0,0,0,1,0,0,1
64.179929,0,1,1,1,0,1,0,1,1
64.858469,1,1,1,1,0,1,0,1,1
65.027737,1,0,1,0,0,1,1,0,1
65.692392,1,0,0,1,0,0,1,1,0
65.873693,0,1,1,1,1,1,0,0,1
66.833163,0,0,1,1,1,1,1,0,1
67.665741,0,0,1,1,0,1,0,0,0
68.114691,0,0,1,0,0,1,1,1,0
68.874474,0,1,1,0,0,1,0,0,0
69.456806,1,1,0,0,1,0,0,0,1
69.502705,0,0,1,1,0,1,1,1,0
69.976993,1,1,0,1,0,0,0,0,0
70.707801,1,0,0,0,0,0,0,1,1
71.071566,1,1,0,0,1,1,1,1,0
71.274311,0,0,1,1,1,1,0,0,0
71.280114,0,0,1,1,0,0,1,1,0
72.070179,1,0,0,1,0,0,0,0,1
72.749033,0,0,0,1,1,1,0,1,0
73.672296,1,0,1,1,1,0,1,0,1
74.223470,0,0,0,1,1,1,0,1,0
74.899317,0,0,0,1,0,1,0,1,1
75.242906,0,1,0,0,0,0,0,0,1
75.883697,0,1,1,0,1,0,1,1,0
76.536154,0,0,1,0,0,0,1,0,0
77.337478,1,0,0,1,0,1,1,0,1
78.137021,1,1,1,0,1,0,0,1,0
78.508618,0,0,0,0,1,1,0,1,0
79.356596,0,0,1,1,0,1,1,0,0
79.812857,1,1,0,0,1,1,0,1,0
80.528659,1,1,1,1,0,0,0,0,1
81.405364,1,1,1,0,1,0,1,0,0
82.275160,0,0,0,1,1,1,1,0,1
83.156935,0,1,0,1,1,0,1,1,1
83.375975,1,1,1,1,0,1,1,1,0
83.735550,0,0,1,0,1,0,1,0,0
84.631774,1,0,0,0,0,1,0,1,0
85.618967,1,0,1,1,1,1,0,0,1
85.854300,0,1,1,0,0,1,1,1,0
85.948866,0,1,0,0,0,1,1,1,0
86.355659,1,0,0,1,0,1,0,0,0
87.157905,0,1,0,1,0,1,0,0,0
87.650720,0,0,0,0,0,1,0,0,1
88.502720,1,0,0,0,0,1,1,0,1
88.709008,0,1,0,1,1,0,0,0,0
89.503029,1,0,1,0,1,0,0,1,1
90.347051,0,1,1,0,0,1,0,0,0
90.920811,0,0,1,1,0,1,0,1,1
91.725539,1,0,1,0,1,0,1,1,0
92.635693,0,1,0,1,0,0,0,0,1
93.256530,1,0,1,1,1,0,0,1,1
94.016658,1,0,1,0,0,1,1,0,1
94.106854,0,0,0,1,1,1,0,1,0
94.709866,0,0,0,1,1,1,1,0,0
95.009418,0,1,0,0,1,1,0,1,1
95.166140,0,0,1,1,0,1,1,0,1
95.934384,1,1,0,1,0,1,0,1,1
96.916053,0,1,0,1,1,1,1,1,1
97.202794,1,0,0,0,0,1,1,0,1
97.425794,1,0,0,0,1,0,0,1,0
97.549576,0,1,0,1,1,0,0,0,1
98.104827,1,1,1,1,0,1,0,0,0
98.952365,0,0,1,0,0,1,0,1,0
99.260749,1,1,1,1,0,1,1,0,1
99.543519,1,0,1,0,1,1,1,1,0
99.951157,0,0,0,0,0,1,0,0,1
100.304745,0,1,0,0,0,0,0,0,1
100.492249,1,1,1,1,0,1,1,0,1
100.576661,0,0,0,0,1,0,0,1,0
101.486587,1,0,1,0,1,1,1,1,0
101.487587,0,0,1,0,1,1,1,0,0
101.557667,1,1,0,1,0,1,0,0,1
102.501001,0,1,1,1,1,1,0,1,0
102.635201,0,1,0,1,0,1,1,1,1
103.013647,0,1,0,1,1,0,1,0,1
103.849106,1,0,1,0,1,0,1,0,0
104.261165,1,0,1,1,0,0,0,1,0
104.974180,1,0,1,0,1,1,0,0,1
105.835430,1,1,1,0,1,1,1,1,1
106.578112,0,0,1,1,1,0,0,0,1
106.863038,1,1,0,1,0,1,1,1,0
107.634871,1,1,0,1,0,1,1,1,1
107.807600,0,1,1,1,0,1,0,0,0
108.125410,0,1,1,1,0,1,1,1,0
109.098288,0,1,0,1,0,1,0,0,0
109.878068,0,1,1,0,1,1,1,0,0
110.395485,1,0,0,0,0,0,0,0,1
111.295585,1,0,1,1,0,1,1,1,1
111.831370,0,1,0,0,1,1,0,0,1
112.327007,0,0,1,1,0,1,1,1,1
113.060607,0,1,0,0,1,0,1,1,1
113.423563,0,1,1,0,1,1,1,1,1
113.689871,0,0,1,0,0,0,1,0,1
114.400613,0,1,1,1,0,0,0,0,1
114.914825,0,1,1,1,0,1,1,0,0
115.364943,1,0,1,0,0,1,1,0,0
115.860860,0,1,1,0,1,0,1,1,1
116.396209,1,0,1,1,1,0,1,0,1
116.524141,1,1,0,0,1,1,0,1,1
117.049439,1,0,1,1,1,0,0,1,0
117.203242,0,0,1,1,0,0,0,1,1
117.959286,1,1,1,0,1,0,1,1,0
118.460924,0,1,0,1,0,1,0,0,0
119.215326,1,1,1,1,1,0,0,1,1
119.259141,1,1,0,0,1,0,0,0,1
119.665141,0,1,1,1,0,1,0,1,0
120.385313,1,0,0,0,1,0,1,1,0
120.636063,1,0,0,1,1,0,1,0,1
120.729993,0,0,0,0,0,1,0,0,1
121.440134,1,0,0,0,1,1,1,0,1
122.311374,1,1,0,0,1,1,1,1,0
122.700874,0,0,1,1,0,0,1,1,0
123.285783,1,1,1,1,0,0,1,1,0
123.889419,1,1,0,1,1,1,0,1,0
124.816321,1,1,1,1,1,1,1,0,0
125.723541,1,1,1,0,1,0,1,1,1
126.019459,0,1,1,0,0,0,1,1,1
126.316229,0,0,1,1,1,1,0,1,1
127.247749,1,0,1,1,1,1,1,1,0
127.936399,0,1,1,1,0,0,0,0,1
128.229790,1,0,1,0,0,1,1,0,1
129.014666,1,1,0,0,1,0,0,1,1
129.737817,0,0,0,0,0,0,1,0,0
129.864093,1,0,1,0,1,1,0,0,0
130.152007,0,0,0,0,1,0,0,1,1
131.101599,1,1,0,1,0,1,1,0,1
131.454519,0,1,1,1,1,1,0,1,1
131.734779,0,1,0,1,0,0,1,0,1
132.297716,0,0,0,0,0,0,0,0,1
133.197470,1,1,1,0,1,1,0,0,0
133.751814,1,0,0,1,0,0,1,0,1
134.036740,0,0,0,0,0,1,1,1,1
134.067061,0,0,1,1,1,0,0,1,1
134.281307,1,1,1,0,0,1,1,0,1
134.330586,0,0,1,0,0,0,0,0,0
135.007168,1,0,1,1,0,1,1,1,1
135.877668,1,1,1,0,1,1,0,1,0
136.286711,1,0,0,1,1,0,1,0,0
136.431896,1,0,1,0,0,1,0,0,0
137.258924,1,1,0,0,0,0,0,1,0
137.584753,0,0,0,1,1,1,1,1,0
138.290066,1,1,0,0,1,0,0,1,1
138.529450,0,0,0,1,0,1,0,0,1
139.399580,1,1,0,0,1,0,1,1,1
139.849406,1,1,0,1,1,0,1,0,1
140.022748,0,0,1,1,1,0,1,1,1
140.844976,0,1,0,1,0,1,0,0,0
141.691748,0,0,1,1,1,1,0,1,1
142.223162,1,0,1,1,1,1,0,1,0
142.719681,0,1,0,0,0,0,1,1,0
142.786309,0,1,1,1,1,1,1,1,1
143.419960,1,0,0,1,0,0,0,0,1
143.538603,0,0,0,0,1,1,0,1,1
144.358659,1,1,0,1,1,1,1,0,0
145.271246,1,0,1,1,1,0,0,0,1
145.364416,1,0,1,0,1,0,1,1,1
145.605571,0,0,1,1,0,0,1,0,0
145.900394,0,1,1,0,0,0,1,0,0
146.737228,1,1,0,1,0,0,1,0,0
147.627582,1,0,1,1,1,0,0,0,0
148.115656,0,1,0,0,1,1,1,0,1
148.865906,0,1,1,0,0,0,1,0,0
149.094305,1,1,1,0,0,1,1,1,1
149.311897,0,1,0,0,0,1,0,0,1
150.172979,0,0,1,0,1,1,1,0,1
150.780702,1,0,1,1,1,0,1,1,0
151.624192,1,1,1,1,1,1,0,0,1
151.973899,0,1,0,0,0,0,1,1,1
152.474399,1,0,1,0,0,1,0,1,0
152.531418,0,1,0,0,1,0,0,0,0
153.191708,1,0,0,0,1,1,1,0,0
153.632342,1,1,1,0,0,1,0,1,0
154.181988,0,1,0,0,0,1,1,1,0
154.607741,0,1,1,1,0,1,0,1,0
154.678116,1,0,0,1,0,1,1,0,0
154.914960,0,0,0,0,1,0,0,0,0
155.245162,0,0,1,0,1,0,0,1,0
155.357162,0,0,0,1,0,1,1,1,0
155.785445,0,0,0,1,0,0,0,1,1
156.055129,1,0,0,0,1,1,1,1,0
156.923291,0,1,0,1,0,0,1,0,0
157.880780,1,1,1,1,0,1,1,1,0
158.710496,0,1,0,1,0,0,1,0,0
158.983413,1,0,0,0,1,1,0,0,0
158.997194,0,1,0,1,1,0,0,0,0
159.826910,0,0,1,0,0,0,0,1,1
160.300913,0,0,0,0,0,1,0,0,0
160.810767,1,1,0,1,1,0,1,1,0
161.409159,1,1,0,0,1,1,0,0,1
161.800013,0,1,0,0,0,0,1,1,0
162.197053,1,1,0,0,1,1,0,0,0
162.771698,1,0,0,1,1,1,0,1,1
163.465881,1,1,0,0,1,0,1,0,0
164.146418,0,0,0,1,0,0,1,1,0
164.353633,0,0,1,0,0,1,1,0,0
164.558582,0,1,1,1,0,0,1,0,0
165.105764,1,0,1,1,0,0,0,1,0
165.240901,0,1,1,0,1,1,1,1,0
165.986900,1,0,1,1,0,0,1,1,1
166.130614,0,0,1,0,1,0,0,0,0
166.876631,1,0,0,1,0,0,0,1,1
166.910493,0,1,1,1,1,1,0,0,0
167.851418,1,1,0,0,1,1,0,0,0
168.661062,1,0,1,1,0,1,1,1,0
169.229361,0,0,0,1,0,0,1,1,0
169.513289,1,1,0,1,0,1,1,0,1
169.682673,0,1,0,0,1,0,1,0,1
170.556168,0,0,0,1,1,1,0,1,0
171.225777,0,1,0,1,0,0,0,1,0
172.152517,1,0,0,0,1,0,1,1,1
172.872096,1,0,1,1,0,0,1,0,0
173.841239,0,1,1,0,1,1,1,0,1
173.902602,1,1,1,1,0,0,1,1,1
174.413729,0,1,1,1,1,0,1,1,1
174.793088,1,0,0,1,1,0,0,0,1
175.407039,0,0,0,1,0,1,0,0,0
176.086373,0,1,0,0,0,0,0,0,1
176.438669,0,0,0,1,0,0,0,0,0
176.979214,1,0,0,1,0,1,0,0,0
177.344822,0,1,1,1,1,1,1,0,1
177.515549,1,1,1,1,1,1,1,1,0
178.305836,0,1,0,1,0,0,0,1,0
178.679520,0,0,0,1,0,1,1,0,1
178.827913,1,1,0,0,1,1,1,1,0
179.718724,0,1,1,0,0,0,0,1,1
179.959990,0,0,1,0,0,1,0,0,0
180.607196,0,0,0,1,0,0,0,0,1
180.722006,1,1,1,0,1,0,0,1,1
181.232300,0,0,0,0,0,1,0,0,0
181.977483,1,0,1,0,0,0,1,0,1
181.987125,0,0,1,1,0,1,0,0,1
182.500980,0,0,0,1,0,0,1,0,0
182.663241,0,0,0,1,0,0,0,0,1
183.302157,1,0,0,1,1,1,0,0,1
184.226118,0,0,1,0,0,1,1,1,0
184.408754,1,0,0,0,0,0,0,0,1
184.939015,1,0,1,1,1,1,0,0,0
185.468897,1,1,0,0,0,1,1,1,1
185.915605,1,0,1,0,0,1,1,0,0
186.165225,1,1,0,0,0,1,0,0,1
186.794168,0,1,1,0,1,0,0,1,0
187.499889,0,1,1,0,1,0,0,1,0
188.195148,0,0,0,1,0,1,1,0,1
188.795548,1,0,1,1,1,0,1,0,1
189.454244,1,0,1,0,1,1,1,0,0
190.067431,1,0,1,1,1,0,0,0,1
190.273255,1,0,0,0,0,0,0,1,1
190.763961,0,0,0,0,0,1,0,1,1
191.346417,0,1,1,0,0,0,1,1,0
192.234727,1,0,1,1,1,1,1,1,0
192.641336,1,1,1,1,0,0,0,0,0
193.629443,1,0,0,1,1,0,0,0,1
194.071179,0,1,0,1,0,1,0,0,1
194.571679,1,0,1,1,0,1,0,1,0
195.373869,0,0,0,1,1,0,0,0,1
196.370376,1,0,1,1,1,1,0,0,0
196.587210,1,1,0,1,0,0,0,1,1
197.243156,0,0,1,0,1,0,1,0,0
197.434048,1,0,0,0,1,0,0,0,1
197.435048,0,0,0,1,1,1,1,0,0
197.916337,0,1,1,1,1,1,1,0,1
198.485375,1,0,1,1,0,0,1,0,1
199.041375,1,0,1,0,0,1,0,1,1
199.834901,1,0,0,1,0,1,1,0,1
200.764953,0,1,0,1,0,1,0,1,1
201.003339,0,0,1,0,0,0,1,1,1
201.066346,1,0,0,0,0,0,0,1,1
201.894561,1,1,0,0,1,0,0,0,0
202.351024,1,1,0,0,1,0,1,0,1
202.944024,0,0,0,0,0,1,1,1,0
203.603608,1,1,0,1,1,1,1,0,1
204.543217,0,1,1,0,0,1,1,1,0
205.176822,1,1,0,1,0,1,0,0,1
205.612681,0,1,0,0,1,1,1,1,0
205.690527,1,1,0,1,0,1,0,0,1
206.389623,1,0,0,0,0,1,0,1,1
206.435165,1,0,0,0,1,1,1,1,0
207.430700,1,0,1,0,0,0,1,0,1
207.448010,1,0,0,0,1,1,1,1,0
207.804863,1,1,1,1,0,1,1,0,0
208.739993,1,0,1,1,1,0,0,0,1
209.415735,0,0,0,1,0,0,0,0,0
210.035109,1,1,0,0,1,0,1,1,1
210.826153,1,0,1,0,1,0,1,0,1
211.740056,0,1,1,0,1,0,0,1,1
212.029656,0,1,1,1,1,1,0,0,0
212.586985,0,1,0,1,1,0,0,1,0
212.613933,0,0,0,0,0,0,1,0,0
213.282546,1,1,0,1,1,0,1,0,0
213.917880,0,1,0,0,0,1,1,1,0
214.584880,0,0,1,1,0,0,1,0,1
215.360931,0,1,0,1,1,0,0,1,1
215.683435,1,0,1,1,1,1,1,1,0
216.424952,0,0,1,0,0,1,0,1,1
217.338083,0,1,0,1,0,0,0,1,1
217.615914,1,0,1,1,0,1,1,0,0
217.998785,0,1,0,1,1,1,1,1,0
218.919275,1,0,0,1,0,0,0,1,0
219.037804,0,1,1,1,0,0,1,1,1
219.328569,0,0,0,0,1,0,0,1,1
219.541037,0,1,0,0,1,0,1,1,1
220.243715,1,0,1,0,1,0,1,1,1
220.259021,1,1,1,1,1,1,1,1,1
220.745204,0,0,0,1,1,1,0,0,1
221.497745,1,0,1,1,1,1,1,1,1
222.150356,0,0,1,1,0,0,0,0,0
222.820411,0,1,1,1,1,0,0,1,1
222.871195,1,0,0,1,1,0,1,1,0
223.726041,1,1,0,1,1,1,0,1,1
224.291215,1,0,1,1,0,0,0,0,0
225.151820,1,1,1,1,1,1,1,0,1
225.251422,0,1,1,1,1,1,1,1,1
225.451753,0,0,0,0,0,0,1,0,1
225.593804,0,0,0,1,1,1,0,1,0
225.717930,1,0,0,0,0,1,0,0,1
226.493770,0,0,0,0,1,0,0,1,1
226.991349,0,0,0,1,1,1,1,1,1
227.982226,1,1,0,1,1,0,1,0,0
228.291057,1,0,1,0,1,1,0,0,1
228.949126,1,1,0,1,0,1,1,0,1
229.004097,0,1,0,1,1,1,1,1,1
229.446066,0,0,0,1,0,0,1,1,1
229.825458,1,0,0,0,1,1,0,0,0
230.815479,0,0,1,0,1,1,1,1,1
231.202990,1,0,1,0,0,0,0,1,1
231.588654,0,1,0,1,1,1,0,0,0
231.880200,1,0,1,1,1,0,1,1,1
232.625177,1,0,0,0,0,0,1,1,1
233.201657,0,0,0,1,0,0,0,1,1
233.251648,0,0,0,0,0,0,1,1,1
233.627549,0,1,1,1,1,0,0,1,1
234.477699,1,0,1,1,1,0,1,0,1
235.387969,0,0,1,1,1,0,1,1,0
235.750199,0,0,1,1,0,1,0,1,1
236.152913,1,1,0,1,1,0,0,1,1
236.669790,0,1,0,1,0,0,0,0,1
237.408838,0,0,1,0,0,0,1,1,0
237.739226,1,0,0,0,1,0,1,0,0
238.165043,1,1,1,0,1,0,0,1,0
238.718197,0,1,1,0,0,1,1,1,1
238.784940,1,0,1,0,1,1,1,0,0
239.746796,0,1,0,0,0,0,1,0,1
240.678963,1,0,0,0,1,1,1,1,0
241.371027,1,1,0,0,0,0,1,1,1
241.640092,1,0,0,0,1,1,0,1,0
242.413239,0,0,0,0,0,0,0,0,1
242.674395,0,1,0,1,1,1,1,0,1
242.852813,1,1,0,1,0,1,1,0,1
243.406755,1,1,0,1,0,1,0,0,0
243.423405,1,0,0,1,0,1,0,0,0
243.569421,0,1,1,1,1,1,0,0,1
244.526797,1,1,1,1,1,0,0,1,1
244.716561,1,0,1,0,0,1,1,0,0
245.263744,1,1,1,1,1,0,1,0,0
245.859329,0,0,1,1,1,1,1,1,0
246.692829,1,0,0,1,0,1,0,0,0
247.152066,1,0,1,1,1,0,1,0,0
247.591652,0,1,1,0,0,0,0,1,1
247.968857,1,0,0,0,1,1,0,1,0
248.643164,1,0,1,0,0,1,1,0,0
249.360371,1,1,0,0,0,1,0,0,0
250.020782,1,0,0,0,1,1,0,1,1
250.564492,0,0,0,0,0,0,0,0,1
251.083108,0,1,1,1,1,1,0,1,1
251.585780,1,0,1,1,1,1,1,1,0
251.614460,1,0,1,0,0,1,1,1,0
252.375048,1,0,0,1,0,0,0,0,1
252.776208,1,1,0,1,1,1,1,1,1
253.671351,1,0,0,0,1,1,0,1,1
253.678796,0,0,0,0,0,0,1,0,1
254.656894,0,1,0,0,1,1,1,1,0
255.084098,0,1,0,1,0,1,0,0,0
255.107826,0,0,1,1,1,1,1,1,1
255.970866,1,0,1,0,1,0,0,1,0
256.510733,1,0,0,0,0,0,1,0,0
256.807017,0,0,0,1,0,1,0,1,0
257.571959,1,0,1,0,1,1,1,1,1
257.795534,0,1,1,1,1,0,1,1,1
258.458356,1,0,0,1,0,0,0,0,1
258.575518,1,1,0,0,1,0,1,0,1
259.163087,1,1,0,1,0,0,1,0,1
259.995316,0,0,0,0,1,0,1,0,0
260.388912,1,1,0,0,0,0,0,1,0
260.639662,1,0,0,1,1,0,0,0,1
261.326722,0,0,1,1,0,0,0,1,1
261.442257,0,0,0,0,0,0,1,1,1
262.160660,1,0,0,0,1,1,0,1,1
262.208974,1,1,0,1,0,1,0,1,0
262.574900,0,0,0,1,1,0,1,1,1
263.387054,0,1,0,0,0,0,1,0,0
263.805335,1,0,0,1,0,0,1,0,1
264.345568,1,1,0,1,0,1,0,0,0
265.188133,1,1,0,0,0,1,1,0,1
266.079867,0,1,1,0,1,0,1,0,1
266.492391,0,1,0,0,1,1,0,0,1
267.077421,0,1,0,0,0,1,0,1,0
267.794519,0,0,1,0,1,1,0,0,1
268.769334,0,0,0,1,0,1,0,1,0
269.191409,1,1,0,1,1,0,0,1,0
269.397023,1,0,0,0,1,0,0,0,0
269.884183,1,1,0,0,1,1,1,0,0
270.880774,0,1,1,1,1,1,1,0,0
271.080528,0,0,0,1,0,1,0,0,1
271.292365,0,1,0,0,1,1,0,0,0
272.006936,0,1,0,0,0,0,0,0,0
272.100095,1,0,0,1,0,1,0,0,0
272.802786,0,0,0,1,1,0,1,1,0
273.448643,1,1,0,0,1,1,1,0,1
273.709311,0,0,0,1,1,1,1,0,0
273.770184,1,1,1,0,1,0,0,0,0
273.838770,1,0,0,0,1,1,0,0,0
274.255924,1,1,0,0,1,1,1,1,1
274.520730,0,1,1,1,0,1,1,0,0
274.529835,0,1,0,1,1,1,1,0,1
274.930435,0,1,1,0,1,0,1,0,0
275.236579,0,1,0,1,1,0,1,0,1
275.695335,1,0,1,0,1,0,0,0,1
276.439181,1,0,1,0,1,0,1,0,0
276.596479,1,1,0,0,1,1,0,0,0
277.157894,1,0,1,1,1,0,0,0,1
277.529657,0,1,1,0,0,1,1,0,1
277.569080,1,0,1,0,0,1,1,1,1
278.334394,0,1,1,0,0,1,0,0,1
278.391995,1,0,1,0,0,1,1,0,0
279.265032,1,1,0,0,0,0,1,0,1
279.449213,0,0,0,0,0,1,0,1,0
280.184245,0,0,0,0,0,0,1,1,0
280.898817,0,0,0,1,1,1,1,1,0
281.471279,0,0,1,1,1,0,1,1,0
282.340061,1,0,0,0,0,0,0,0,1
282.354381,1,1,0,1,1,1,1,1,1
283.283024,0,1,0,0,0,0,1,1,0
283.747724,1,0,1,0,0,0,1,0,0
283.862694,1,0,1,0,0,0,1,1,1
284.167868,0,1,0,0,1,1,0,1,0
284.590025,1,1,1,0,0,0,1,0,1
285.501084,0,1,0,1,0,0,0,1,0
285.954820,0,0,1,1,1,1,0,0,0
286.044420,0,1,1,0,1,1,0,0,1
286.088311,1,1,0,0,1,0,1,1,0
286.307644,0,0,1,1,0,0,1,0,1
286.936734,1,1,1,0,1,1,0,1,0
287.881642,0,1,0,1,0,1,1,0,0
287.964736,1,0,0,0,1,0,0,0,0
288.110924,0,0,0,1,0,1,0,0,0
288.654688,0,1,1,1,0,1,0,0,1
289.290047,1,0,0,0,1,1,1,1,1
289.412390,0,0,0,0,1,0,0,1,0
289.449717,1,0,0,1,0,1,1,1,1
289.984641,1,1,0,1,0,1,1,1,1
290.512470,0,0,0,1,0,1,1,1,0
290.814538,0,0,1,0,1,0,1,0,0
291.027333,0,0,0,1,0,0,0,0,0
291.166246,0,1,0,0,0,0,0,0,1
291.973832,1,1,0,1,1,0,0,1,1
292.372178,1,0,0,0,0,0,0,1,1
292.902849,0,1,0,0,0,1,0,1,1
293.869746,0,1,0,1,1,1,0,1,1
294.649749,1,0,1,0,0,1,0,1,0
294.773076,0,0,0,1,1,1,1,0,1
294.868244,0,0,0,1,0,1,1,0,1
295.819983,1,0,1,1,0,0,0,0,0
296.341526,0,0,0,1,0,0,0,1,1
296.992718,0,1,0,1,1,0,1,1,1
297.260626,0,1,1,1,0,1,1,1,0
297.558688,0,0,0,1,1,1,1,1,1
298.334194,1,0,1,1,1,0,0,1,1
299.327512,0,0,0,1,1,1,0,1,0
299.896482,0,0,0,0,0,1,1,1,1
300.384327,0,1,0,0,0,0,0,1,0
301.216556,1,0,0,1,1,1,0,1,0
301.261322,1,1,0,1,1,1,1,0,0
301.739172,0,0,0,0,0,1,1,1,0
301.931786,1,0,1,0,1,1,1,0,1
302.797913,1,0,1,0,1,1,1,0,0
302.983425,1,1,0,0,0,1,1,1,0
303.106465,0,0,0,1,0,0,0,0,0
303.815090,1,0,0,1,1,1,0,1,0
303.883655,1,1,1,1,0,0,0,1,0
304.492512,1,1,1,0,0,1,1,0,1
305.093992,1,0,1,0,1,0,1,0,0
305.261727,1,0,1,1,0,1,1,0,1
305.556450,0,1,1,1,0,1,1,0,0
306.441623,1,0,0,1,0,1,1,0,1
306.606842,0,0,1,0,0,0,0,1,1
306.913686,1,1,1,1,0,0,0,1,0
307.661307,0,0,0,0,1,1,1,1,1
307.689162,1,0,1,1,1,0,0,1,0
308.010516,1,1,1,1,0,1,0,0,1
308.741688,0,1,0,0,1,1,0,0,0
308.954729,1,0,1,1,1,0,0,1,0
309.344779,1,0,1,1,0,0,0,0,1
310.188685,1,1,1,0,0,0,0,1,0
310.218869,1,0,1,1,1,1,0,0,1
310.517366,1,1,1,0,1,0,1,1,1
311.130077,1,0,0,0,1,0,0,0,0
311.531918,0,1,1,1,1,1,0,0,1
311.730089,0,0,0,1,0,1,1,0,1
312.695935,1,1,1,0,1,1,0,1,0
313.493013,0,0,1,0,0,0,1,0,0
313.995779,1,1,0,0,0,0,1,1,1
314.635153,1,1,1,1,1,1,1,0,0
314.996903,0,1,1,0,0,1,0,1,1
315.106014,1,1,0,1,1,0,1,0,0
315.586760,1,1,0,1,1,1,1,0,0
316.308913,0,1,0,0,0,1,1,1,1
317.278362,1,1,0,0,1,0,0,0,0
318.033153,0,1,1,0,0,0,0,0,0
318.567760,0,0,0,0,1,0,0,0,0
319.449657,0,1,1,0,0,0,1,0,1
320.006883,1,1,1,1,0,1,1,1,1
320.218198,0,1,0,1,0,1,1,1,0
320.311485,1,0,0,1,1,0,0,0,0
320.785130,0,0,0,0,1,0,0,0,0
320.934828,1,0,1,0,0,0,0,0,1
321.487000,1,0,0,0,1,1,0,0,1
322.095955,1,0,1,0,1,0,1,0,0
322.121999,1,0,1,0,1,0,1,1,1
322.835089,0,1,1,1,1,1,0,0,0
323.718234,0,0,0,0,0,1,0,0,0
324.025050,0,1,1,0,1,1,1,0,0
324.622512,0,0,1,1,1,1,1,1,1
325.338392,1,0,1,1,0,0,0,1,0
326.086050,1,1,1,1,0,0,1,0,0
327.072905,0,0,1,0,0,1,0,1,0
327.818309,1,1,0,1,1,0,0,1,0
328.455528,1,1,1,1,0,0,1,1,1
328.867019,0,0,1,0,0,1,0,0,0
329.155218,0,0,0,1,1,0,0,0,1
329.684711,0,1,0,1,1,1,1,1,1
329.734069,0,1,0,1,1,0,0,1,1
330.691917,1,0,1,1,0,1,1,0,0
331.654360,1,0,1,1,1,1,0,1,1
332.176246,0,0,0,0,1,0,0,1,0
332.758715,0,0,1,1,0,1,1,0,0
332.967055,0,1,0,0,0,1,0,0,1
333.182390,0,1,1,1,0,1,1,1,0
333.690129,0,0,0,0,0,1,0,1,1
334.346247,0,0,0,1,0,1,0,0,1
334.373783,0,0,0,1,0,1,1,1,0
335.038454,0,1,0,1,1,1,0,1,1
335.130272,0,1,0,1,1,1,0,1,1
336.085272,0,1,0,1,0,0,1,1,1
337.032638,1,1,1,0,1,1,1,1,1
337.609257,0,0,1,0,0,1,0,1,0
338.433216,0,0,0,1,0,0,0,0,0
338.933716,1,0,1,0,1,1,0,0,0
339.780145,0,1,1,1,1,0,1,0,1
340.387435,0,1,1,0,1,1,1,0,0
340.941453,0,0,1,1,0,1,1,1,0
341.519730,1,1,0,0,0,0,0,1,1
342.322396,0,0,1,1,0,0,1,0,0
343.058275,1,0,1,1,0,0,0,0,1
343.112855,1,0,1,1,0,1,0,1,0
344.095390,0,0,0,1,0,0,0,0,0
344.359762,1,1,1,1,1,1,1,1,1
345.058477,1,1,1,1,1,1,1,1,1
345.974644,1,1,0,1,0,0,0,0,1
345.975644,1,1,0,1,0,1,0,0,0
346.493026,0,0,1,0,1,1,0,0,1
347.242345,0,0,1,0,0,1,1,0,0
347.678712,0,1,0,1,0,1,1,0,1
347.806569,1,0,1,0,0,0,1,1,1
348.471407,0,0,0,0,0,0,0,0,1
349.321128,0,1,0,1,1,1,1,0,1
350.079611,0,0,0,0,0,1,1,1,0
350.266519,1,0,0,1,0,1,0,1,1
351.052974,0,0,1,1,0,0,0,1,0
351.385082,0,0,1,0,0,1,1,1,1
351.598287,1,1,1,1,0,1,1,0,0
352.497253,1,1,0,1,1,1,1,1,0
352.686547,0,0,0,0,1,0,1,0,0
352.887347,1,0,0,0,0,0,1,0,1
353.749163,1,1,0,1,1,0,0,0,0
354.136939,1,1,1,0,1,0,1,0,0
354.795644,0,1,1,0,1,0,1,0,1
355.184685,0,1,0,1,0,1,1,1,1
355.297426,1,0,0,0,1,1,0,0,0
355.501926,1,1,1,0,1,1,1,1,1
356.305043,1,1,0,1,1,0,1,0,0
357.299813,0,0,1,0,1,1,1,1,0
357.755500,0,0,1,0,1,0,0,1,1
358.515577,1,0,0,1,1,0,1,1,1
359.144520,0,0,1,1,0,0,0,0,0
359.924020,0,1,0,0,1,1,1,0,0
359.946185,1,1,1,1,1,0,1,1,1
360.048779,1,1,0,1,1,1,1,1,0
360.390008,1,0,0,1,1,0,0,0,1
360.602087,0,1,1,0,0,0,1,0,1
361.286613,0,0,1,0,1,1,0,1,0
361.816496,1,0,0,0,0,1,0,0,0
362.156092,0,1,0,0,0,0,0,0,1
362.527689,1,1,0,1,1,1,0,0,0
362.811942,1,1,0,1,1,0,1,0,1
363.053424,1,0,0,0,0,0,0,1,1
363.681005,0,0,1,1,1,0,0,1,0
364.454362,1,0,0,1,1,1,1,0,1
365.258480,1,1,1,1,1,1,0,0,1
365.814856,0,0,0,1,1,1,0,1,0
365.894985,1,1,1,1,0,0,0,1,0
366.033210,0,1,0,0,0,0,0,1,0
366.260634,0,1,1,1,1,0,0,0,1
367.228408,0,1,0,1,1,1,1,0,1
367.608873,1,0,0,0,1,1,0,0,0
368.504326,0,0,1,0,0,1,1,0,0
368.762711,0,0,1,1,0,1,0,1,1
368.951641,0,1,1,1,0,0,1,1,0
369.127466,1,1,1,0,0,1,0,1,1
370.097257,1,0,1,0,1,1,1,0,0
370.466916,1,1,1,0,0,1,0,1,1
371.463435,0,1,0,0,1,0,0,0,1
371.641889,0,0,1,1,1,0,0,0,1
372.106710,1,0,0,0,1,1,0,0,0
372.933363,0,1,0,0,0,1,1,0,1
373.830796,1,1,0,0,1,1,1,0,1
373.990821,0,0,0,0,0,0,0,1,0
374.609163,0,1,0,1,0,0,1,0,0
374.805745,1,0,0,1,0,1,0,0,0
374.828345,0,0,0,1,1,1,1,1,1
375.549698,0,0,1,1,0,1,1,1,0
375.829314,1,1,0,1,0,1,0,1,1
376.121162,1,0,0,0,0,1,0,1,1
377.083860,0,1,1,0,0,1,1,1,1
377.790350,1,1,0,0,0,0,1,1,0
378.157650,1,1,1,0,0,1,0,0,1
378.283525,0,0,1,0,1,1,0,0,0
379.162434,1,1,1,1,0,1,0,1,1
379.877210,0,1,0,0,0,1,1,0,0
380.604461,1,0,1,1,1,1,1,1,0
381.134187,0,0,0,0,0,1,1,0,1
381.972898,1,0,1,0,1,1,1,0,0
382.875387,0,0,1,0,0,0,1,1,1
383.732672,1,0,0,0,0,0,1,1,1
383.814321,0,0,0,0,0,0,1,1,1
384.229872,0,1,0,0,1,1,1,1,1
384.370438,0,0,1,1,1,1,1,0,0
384.619852,1,1,1,1,1,0,0,0,1
385.515479,1,1,1,1,1,1,1,0,1
385.863514,0,1,1,1,0,1,1,1,0
386.810160,1,0,1,1,1,1,0,0,1
387.544967,0,0,0,1,1,1,0,0,0
388.327236,0,1,0,1,1,1,1,1,1
389.201100,1,1,1,0,1,1,1,1,0
389.963407,1,0,0,1,1,1,0,1,0
390.380120,0,1,0,1,1,0,1,1,0
390.667685,1,0,0,0,1,0,1,1,1
391.345427,1,0,0,0,0,1,1,1,0
391.810956,1,0,0,0,0,0,1,1,0
391.836993,0,1,1,1,0,1,0,0,1
392.111772,0,1,1,0,0,0,1,1,1
392.861107,1,1,0,0,1,0,1,0,0
393.145743,0,0,0,1,1,0,1,1,1
393.400078,1,0,0,0,0,0,1,1,1
394.244945,0,0,0,1,0,0,0,1,0
394.730370,0,1,0,0,1,0,1,1,1
395.655976,1,1,0,0,1,1,0,1,1
396.369830,0,1,1,1,1,0,0,0,0
397.358730,1,1,0,0,1,1,0,0,1
398.262356,1,0,1,1,0,1,1,1,1
399.122889,1,0,0,1,0,0,0,0,0
399.207139,1,0,0,0,0,1,1,1,0
399.374133,1,0,1,0,1,1,1,0,0
399.855636,0,1,1,0,0,1,0,0,1
400.045827,0,0,1,0,1,0,1,0,1
400.488673,1,0,1,1,1,0,1,1,1
400.744794,0,0,0,0,0,0,0,1,1
401.201220,0,1,0,0,1,1,1,0,0
401.427099,0,1,0,1,0,1,1,0,1
401.878062,0,0,0,1,0,1,1,1,1
402.705158,1,1,1,1,1,0,1,0,0
403.303836,1,1,0,0,0,1,0,1,0
403.554586,0,0,1,0,0,1,0,0,0
403.856347,0,0,1,0,1,0,0,0,0
404.170059,0,1,1,1,0,0,0,0,1
404.769195,0,0,1,0,1,0,1,0,1
404.894380,1,0,0,1,0,0,0,0,0
405.867024,0,0,0,1,1,1,1,1,1
406.766001,1,0,0,1,0,0,1,0,0
407.451501,0,1,0,0,0,1,1,1,1
407.785140,1,1,1,0,1,0,0,1,0
408.249150,0,0,1,0,1,0,0,1,0
408.645630,1,0,1,0,1,0,1,0,0
409.496876,0,1,1,1,0,1,1,1,0
409.801144,1,0,1,0,0,0,0,0,0
410.060976,0,1,1,1,0,1,1,1,0
410.432065,0,1,1,0,0,0,1,0,1
411.040867,1,0,0,0,0,1,0,0,1
411.635023,0,0,1,1,0,1,0,0,1
412.041326,1,1,1,0,0,1,0,0,0
412.322997,0,0,0,1,1,1,0,1,0
412.823497,1,1,0,1,1,1,0,0,1
413.373225,0,0,0,1,0,1,1,1,0
414.123744,1,0,1,1,0,1,0,0,0
414.390892,0,0,1,1,1,1,0,0,0
414.499129,1,1,0,1,0,0,0,0,0
414.954220,1,0,1,0,0,0,1,1,0
415.041030,0,1,1,1,0,1,0,1,1
415.132849,1,1,1,1,1,1,1,1,1
415.749998,1,1,1,0,0,1,0,1,0
416.187375,1,1,1,1,1,0,0,0,0
417.122223,0,0,1,1,0,1,1,1,1
417.286325,1,1,1,0,1,0,0,0,0
417.863325,0,0,0,1,1,1,1,1,0
418.212291,0,0,0,0,1,1,1,0,1
418.537105,0,1,0,0,0,1,0,1,0
419.481250,0,0,1,1,0,1,1,1,0
419.977330,0,0,1,1,0,0,0,0,0
420.260239,1,0,0,1,1,0,0,1,1
420.931495,0,1,1,1,1,1,0,1,0
421.059169,1,1,0,1,1,0,1,1,0
421.589052,0,1,1,0,1,0,1,0,0
421.702895,0,0,0,0,1,0,0,1,0
422.583933,1,0,0,0,0,1,1,0,1
422.776046,0,0,1,1,1,0,1,0,0
422.890407,1,1,0,0,0,0,1,0,1
423.202021,0,0,1,1,0,1,0,1,1
423.864185,1,0,1,0,0,1,0,0,1
424.705902,1,0,0,1,0,1,1,1,1
425.033920,1,1,0,1,1,1,0,0,0
425.795908,0,1,1,1,1,0,0,0,0
426.675461,0,1,0,1,1,0,1,0,1
427.532596,1,1,0,0,1,1,0,0,1
427.611120,0,1,1,1,0,0,1,1,1
428.578932,1,1,0,1,1,0,1,0,0
429.445993,1,1,0,0,0,1,1,1,0
430.256159,0,1,0,1,1,1,0,1,1
430.916170,0,1,1,0,0,1,0,1,1
431.823955,0,1,0,0,1,0,0,1,0
431.997274,1,0,0,0,0,1,1,0,1
432.866635,0,1,0,0,0,1,1,0,1
432.884800,1,1,0,1,0,0,1,1,0
433.494493,0,0,0,0,1,0,0,1,0
433.681973,1,1,0,0,0,1,1,1,0
434.483698,1,1,0,1,1,0,1,0,0
435.114656,0,0,0,0,1,1,1,0,1
435.479553,1,1,1,1,1,0,0,1,0
435.670285,1,1,1,1,0,1,0,0,1
436.649180,0,0,0,0,0,0,0,1,1
437.080213,1,1,0,1,0,1,0,1,1
437.542700,1,0,0,0,1,0,1,0,0
438.187245,1,1,0,1,0,1,1,0,1
439.003290,0,1,1,0,1,1,0,0,0
439.936252,0,1,0,1,0,1,1,1,0
440.582908,0,0,0,0,0,0,1,0,0
441.413866,0,1,0,1,0,1,1,1,1
441.895970,1,0,1,1,1,0,0,0,0
442.142825,1,0,0,0,0,1,1,0,1
443.056532,1,0,1,0,0,1,1,1,1
443.270282,1,1,0,0,0,0,0,0,0
443.544205,1,0,1,0,1,0,1,0,0
443.706189,0,1,1,1,1,0,0,0,0
443.989012,1,1,0,1,0,0,1,0,1
444.836661,1,0,1,0,1,0,1,0,0
445.273054,0,1,1,0,0,1,0,0,1
445.613394,1,1,1,1,1,0,0,1,1
446.535952,1,1,1,1,0,1,0,0,1
447.517993,0,1,1,0,0,1,1,1,0
447.763793,1,0,1,0,0,0,1,1,0
448.036238,1,0,1,1,1,1,0,1,0
448.435952,1,1,1,1,0,1,1,0,0
449.206673,0,0,0,1,1,0,1,0,0
449.618953,0,1,1,0,0,0,1,0,0
450.034417,0,1,1,0,1,1,1,1,1
450.046834,0,1,1,1,1,1,1,0,0
450.253906,1,1,0,0,1,1,1,1,0
450.274117,0,0,1,0,0,1,1,0,0
450.507395,0,0,1,0,0,1,0,0,0
450.642372,1,0,1,0,1,1,1,0,1
451.354940,0,0,1,1,1,0,1,1,1
452.217069,0,1,0,1,0,1,0,0,1
453.191842,1,0,1,0,1,0,0,0,0
454.134533,0,0,1,1,1,1,1,1,1
454.263131,0,0,1,1,1,0,1,0,0
454.372424,1,1,1,0,1,0,0,1,0
455.151014,1,0,1,1,0,1,0,1,1
455.336778,0,0,1,1,0,0,0,0,1
456.013572,0,0,0,1,1,1,1,0,0
456.125572,1,0,1,0,0,1,1,0,1
456.626072,0,1,1,0,1,0,0,1,0
457.226472,1,0,1,0,0,1,1,1,1
457.390787,1,1,0,1,1,1,0,0,1
457.601483,0,1,1,1,1,0,0,1,0
458.141554,0,0,0,0,0,1,0,0,0
459.026433,1,0,0,0,1,0,1,0,0
459.769508,0,0,1,1,1,1,0,0,0
460.316628,0,1,1,1,1,1,0,0,1
460.882422,0,1,0,1,0,0,1,1,1
461.326202,0,0,0,1,1,0,0,1,1
461.390902,1,0,1,0,0,0,1,0,0
462.349028,0,0,1,0,0,0,1,0,0
462.618576,1,1,1,0,1,0,1,1,0
463.036185,1,0,1,1,1,0,1,0,1
463.099329,0,1,1,1,1,1,1,0,1
463.981337,1,0,1,0,1,1,0,0,0
464.292372,1,0,1,0,1,1,0,0,0
465.008705,0,0,1,0,0,1,1,1,0
465.741500,1,1,1,1,1,1,0,0,0
466.694265,1,1,0,0,0,1,0,0,0
466.895695,1,1,1,0,0,1,1,1,0
467.025903,1,1,0,1,1,0,1,0,0
467.897198,0,1,0,1,0,1,1,1,0
467.992499,0,0,0,1,1,0,0,1,1
468.716411,1,0,1,1,0,1,0,0,1
469.708824,1,0,1,1,0,0,0,1,1
470.042824,1,0,0,1,1,0,1,1,0
470.713234,0,1,1,0,0,0,1,1,1
471.683476,1,1,1,1,1,0,0,0,1
471.894253,0,0,1,1,0,0,1,1,1
472.169131,0,1,1,0,0,0,1,1,1
472.412878,1,0,0,0,1,0,1,0,0
473.355382,1,0,0,0,0,0,1,0,1
473.575942,1,0,1,1,1,0,1,1,1
474.389173,1,0,1,0,0,1,0,0,0
475.072823,0,1,0,0,1,0,1,1,1
476.059849,0,0,0,1,0,0,0,0,1
476.237143,0,1,1,0,0,0,0,1,0
476.756773,1,0,1,0,0,0,1,0,1
476.757773,0,0,1,1,0,1,0,1,0
477.351929,1,0,1,1,1,1,0,1,0
478.082811,1,1,0,0,0,0,1,0,0
478.526870,1,1,1,0,1,1,0,0,1
478.591187,0,0,1,0,1,1,1,1,0
479.115599,0,1,0,1,1,1,1,0,1
479.328308,0,1,0,0,1,0,0,1,0
479.867072,0,1,1,1,0,1,1,0,0
480.566257,1,0,1,0,0,0,0,1,0
480.726404,1,0,0,0,1,1,0,1,0
480.797150,1,0,1,0,0,0,0,0,1
480.925381,0,1,0,0,0,0,1,0,1
481.433169,1,0,1,1,0,1,0,1,1
482.253460,0,0,1,0,1,1,0,1,0
482.502449,1,0,1,0,0,1,1,0,1
482.810519,0,1,1,1,0,1,1,1,0
483.183154,0,0,1,1,1,0,0,0,1
483.520288,1,0,0,1,0,1,1,0,0
483.729154,0,0,0,0,0,1,1,0,1
484.099663,1,0,1,0,1,1,1,1,0
485.007650,0,0,0,0,0,1,0,0,0
485.241426,1,1,1,0,1,1,1,0,0
485.555546,0,0,1,1,0,1,1,0,1
485.653418,1,0,1,1,0,0,1,1,1
485.912371,1,0,1,1,0,0,0,1,1
486.402909,1,0,0,0,1,0,0,0,1
487.301448,0,1,1,0,1,0,0,1,1
487.620147,1,1,1,1,1,1,0,1,1
488.395949,0,0,1,0,0,1,0,1,1
489.326971,0,0,0,0,1,0,1,1,0
489.659023,1,1,1,0,0,1,0,1,1
490.143963,0,0,1,0,1,0,1,1,1
490.397686,1,1,1,1,1,0,0,0,0
490.571132,0,0,1,1,0,0,1,1,0
491.159075,0,1,0,0,0,1,1,0,1
491.847084,1,0,0,0,1,0,1,0,0
492.631666,0,1,1,0,0,0,1,0,0
492.844166,0,0,0,0,0,1,0,1,1
493.482696,0,1,0,0,1,0,0,1,0
493.483696,0,0,0,0,0,1,0,0,1
493.615482,1,1,0,1,0,0,0,0,1
494.150333,0,0,0,0,0,0,0,0,1
494.561715,0,1,0,1,1,1,0,0,0
494.864416,0,0,0,0,0,1,0,0,1
494.936619,1,0,0,0,0,0,1,0,0
495.113518,1,0,0,0,1,1,1,1,0
495.410704,0,1,0,0,1,1,0,0,0
495.504138,0,0,0,1,0,1,1,0,1
495.828758,0,0,0,1,1,0,0,0,1
496.293952,1,0,0,1,1,0,1,0,1
496.367634,0,1,0,0,1,0,0,0,1
497.025798,0,0,1,0,1,1,0,1,1
497.213825,1,0,1,0,0,0,0,0,0
497.566854,0,1,1,1,1,1,0,1,1
498.340494,1,0,0,0,0,1,0,1,0
498.724623,1,0,0,0,0,1,0,0,1
498.881115,0,1,0,0,1,1,0,1,0
499.107047,0,1,0,1,1,0,1,1,0
499.451316,1,0,0,0,1,0,1,1,0
500.140516,1,0,1,1,0,0,0,1,0
500.412500,1,1,1,1,0,0,1,1,1
500.838694,1,0,1,1,1,0,0,1,0
501.471591,1,0,0,1,1,1,1,0,0
501.904591,1,0,0,1,1,1,0,1,0
502.400185,1,1,0,1,1,1,0,1,1
502.551188,1,0,1,1,1,1,1,0,1
503.332200,0,1,1,1,0,1,1,1,0
503.717075,1,0,0,0,1,1,1,1,0
503.873260,0,1,1,0,0,1,0,1,1
504.451807,1,0,1,1,0,0,0,0,1
504.649579,1,0,0,0,0,0,0,1,0
505.343328,1,0,1,1,0,1,1,0,0
505.815767,1,1,0,0,1,0,1,1,1
506.531456,0,0,0,1,1,1,1,1,1
507.224071,1,1,1,0,0,0,1,1,1
507.620509,0,1,1,1,1,0,1,0,0
507.781505,1,0,1,1,1,0,0,1,1
507.917963,0,1,0,0,1,1,1,0,1
508.472498,0,1,1,0,1,0,1,1,0
508.845675,1,0,0,0,0,0,0,1,0
509.450009,0,1,1,1,0,1,1,0,0
509.699649,1,0,1,0,1,1,0,0,0
510.420649,1,0,1,0,1,1,1,1,1
510.749068,0,0,0,1,1,0,0,0,0
511.300206,0,0,0,0,0,0,1,0,0
511.631402,0,0,0,1,0,0,1,0,1
512.598102,1,0,0,1,0,0,0,0,0
512.762872,1,1,1,0,1,0,0,1,1
512.766772,1,0,0,1,1,0,0,0,0
512.956594,1,0,0,0,1,0,0,0,1
513.644407,1,1,1,1,0,0,0,0,1
514.096856,0,1,1,1,1,0,0,0,1
514.746924,0,0,1,1,0,1,1,0,0
514.755677,1,1,0,1,1,0,0,0,0
515.325940,1,0,0,0,0,1,1,1,0
515.913562,1,0,1,0,0,0,0,1,1
516.234893,1,0,1,0,0,0,0,1,0
516.558472,1,1,1,1,0,1,0,0,1
517.399801,1,1,1,0,0,0,0,0,1
518.106471,1,1,1,0,1,1,0,1,1
518.559439,0,0,0,1,0,1,1,0,0
518.560439,1,0,0,0,0,0,0,0,0
519.050823,1,0,1,0,1,0,0,0,0
519.655210,1,1,1,1,0,0,1,0,1
520.047474,0,0,0,0,1,0,1,1,1
520.930708,0,0,1,0,1,0,0,1,1
521.922684,1,0,1,1,0,0,1,1,0
522.066598,0,0,0,1,0,1,0,1,0
522.546058,1,1,0,1,0,1,1,0,1
523.060881,0,0,0,1,0,1,0,0,0
523.627009,1,1,0,0,1,1,1,1,1
524.145523,1,0,1,1,1,0,1,0,1
524.784628,0,1,0,1,1,1,1,1,1
525.674722,1,1,0,1,1,0,1,0,0
526.495553,1,0,0,1,1,1,1,0,0
526.683866,0,0,1,1,0,1,1,0,1
527.427460,0,0,1,0,1,0,0,1,0
527.886686,0,0,0,1,0,0,1,1,1
527.937636,1,0,1,0,1,1,1,1,0
528.861456,0,0,1,0,1,1,0,0,1
529.185277,1,0,0,0,1,1,1,0,0
529.630277,1,1,0,1,0,1,0,1,1
530.208807,1,1,0,0,0,1,1,1,0
530.378836,0,1,1,1,0,0,1,0,0
531.107567,1,0,1,1,0,0,1,0,1
531.631979,1,0,0,0,1,1,1,0,0
531.856933,1,0,1,0,1,1,1,1,0
532.175587,1,1,1,1,0,1,1,0,1
532.772482,0,1,1,0,1,0,0,0,1
532.886226,1,0,0,1,1,1,0,0,0
533.274088,0,1,0,0,0,0,1,0,1
533.334219,1,0,1,1,0,0,0,0,0
534.143933,1,0,1,0,0,0,1,1,0
535.046417,1,0,1,0,0,0,1,1,0
535.326825,1,0,0,0,0,1,1,1,1
536.016370,0,0,1,0,0,1,1,1,0
536.096656,0,0,0,0,0,0,1,1,1
536.535874,0,0,1,0,1,1,0,0,0
536.788493,1,1,1,0,1,1,0,1,0
537.632976,0,1,0,0,1,0,0,0,1
538.227687,0,1,1,1,0,0,1,0,0
538.823900,1,1,0,1,1,1,0,0,0
539.061314,1,1,1,1,0,0,1,1,0
539.699915,0,0,1,1,0,0,0,0,1
540.501085,0,0,1,1,1,0,0,1,0
540.502085,1,0,0,1,1,0,0,1,1
541.132889,0,1,1,1,0,0,1,0,0
541.384676,1,0,0,1,1,0,0,0,0
542.308889,0,1,1,0,1,1,1,1,0
542.497202,1,0,0,0,1,0,0,1,1
543.492577,0,1,0,0,0,0,0,0,0
544.198317,1,0,0,1,0,0,1,1,1
544.945761,0,1,0,1,1,1,0,0,1
545.049139,0,1,0,0,1,1,1,1,1
545.074428,0,1,1,0,1,0,1,1,1
546.014428,0,1,1,0,1,0,1,1,1
546.844385,0,1,0,0,1,0,0,0,1
547.199461,0,1,0,1,0,1,0,0,0
547.346366,1,1,1,1,0,1,1,0,0
548.341346,1,1,0,0,0,1,0,0,0
548.425089,1,0,1,1,0,1,1,0,0
549.092089,1,0,0,1,0,1,1,1,1
549.219946,0,0,1,1,1,1,1,0,0
549.459067,0,1,0,1,0,0,0,1,0
549.919946,1,0,1,0,1,1,1,1,1
550.360891,0,1,1,0,1,1,1,1,0
550.856133,1,1,0,1,0,1,0,1,1
550.863234,0,1,1,0,1,0,0,0,0
551.107358,1,0,0,1,0,1,0,0,0
551.214635,1,1,0,0,0,0,0,0,1
552.084795,1,0,0,1,0,1,1,1,1
552.868145,1,1,0,1,0,1,0,0,1
553.639366,0,1,1,1,0,1,0,0,0
554.166231,0,0,1,0,1,1,0,1,0
555.113652,1,0,1,0,1,0,1,1,0
556.011000,0,1,1,0,1,1,1,0,1
556.526713,0,1,0,1,0,1,0,1,1
556.555373,0,1,0,1,1,1,0,0,0
557.440684,0,0,1,1,1,0,1,0,0
557.800299,1,0,1,0,1,1,0,1,0
558.182156,0,0,0,1,0,0,0,1,1
558.694120,0,1,1,1,0,1,1,0,0
558.729767,0,0,1,0,0,1,0,0,0
559.413063,1,0,1,0,1,1,0,1,1
559.460818,0,0,1,0,1,0,1,0,0
559.884093,1,0,1,0,1,0,1,0,0
560.200376,1,0,0,1,0,1,1,1,0
561.016050,1,1,0,1,0,1,0,1,1
561.397621,1,0,1,0,0,1,1,1,0
561.699072,0,1,0,1,0,0,0,1,0
561.868254,0,1,1,1,1,0,1,1,1
562.769852,0,1,1,0,1,1,0,1,1
563.063160,1,0,0,1,0,1,1,0,1
563.239423,1,0,0,1,1,0,0,0,0
563.302550,1,1,1,0,0,1,0,1,1
563.345175,1,0,0,1,0,0,1,1,0
563.824832,0,0,0,0,0,0,1,0,0
564.131587,0,0,0,0,0,0,1,0,1
564.509760,0,1,1,0,1,1,0,1,1
564.719275,0,1,0,1,1,1,0,1,0
564.780455,0,0,1,0,0,1,0,1,1
565.157661,0,1,1,1,0,0,1,0,0
565.949808,1,0,0,1,0,1,0,1,1
566.616808,1,1,0,1,1,0,1,1,1
567.295135,0,0,1,1,1,0,0,1,1
567.554497,0,1,0,1,0,0,1,1,0
568.470497,1,1,1,1,0,1,1,0,1
569.297186,1,1,0,0,1,0,0,1,0
569.797686,0,0,1,1,1,1,0,1,1
570.589820,1,0,0,0,1,1,0,1,0
570.842224,1,0,0,1,1,1,1,1,1
571.602906,1,1,0,0,1,1,1,1,1
572.423598,0,1,1,1,1,0,1,0,1
573.170839,1,1,1,0,0,0,0,0,0
573.304174,0,0,1,1,1,0,0,0,1
574.128994,0,1,1,0,0,1,1,1,1
574.592807,0,1,1,1,1,1,0,1,0
575.059217,0,0,0,1,1,1,0,0,0
575.139085,1,1,0,0,0,0,0,0,1
576.043639,0,1,1,0,1,1,1,0,1
576.848955,0,0,0,0,0,0,0,0,1
577.665549,1,1,0,0,0,1,0,0,1
578.518607,1,0,0,0,1,1,0,1,1
578.569356,0,0,1,1,0,0,1,1,1
578.933911,0,1,0,0,1,0,0,1,1
579.019877,1,0,1,1,0,0,0,0,0
579.475919,0,1,0,1,1,0,1,1,0
580.275163,1,1,1,0,0,0,1,0,0
580.391128,0,1,0,0,0,0,0,0,0
581.069524,1,0,0,0,1,1,1,0,0
581.562854,1,0,1,0,1,1,1,0,1
581.669180,1,0,1,0,1,0,0,1,0
581.670180,0,0,0,0,0,0,0,0,1
582.134513,0,1,0,0,1,1,0,1,0
582.701084,1,1,0,1,1,0,0,1,0
583.475616,0,1,1,1,0,0,1,1,1
583.730093,1,1,0,0,0,0,1,0,0
584.369009,0,0,1,1,1,1,0,0,1
584.915087,1,0,1,1,0,0,0,0,1
585.393870,1,1,0,1,1,0,0,1,0
586.365470,1,0,1,0,0,1,1,0,1
586.391655,0,0,1,1,1,1,0,0,1
587.013367,1,0,1,1,1,1,1,0,0
587.204736,0,1,0,1,1,1,1,0,0
587.669855,0,1,1,1,1,1,1,1,0
587.932275,0,1,0,0,0,1,1,0,1
588.282760,1,1,0,0,1,1,1,1,1
588.570337,0,1,0,0,0,0,1,0,1
588.634371,1,1,1,1,1,0,0,0,0
588.866512,0,1,1,1,0,1,1,0,1
589.242887,0,0,0,1,0,0,0,1,0
589.531855,1,0,1,1,0,1,1,0,1
589.964699,0,0,1,0,1,0,1,0,0
590.498836,0,0,1,0,1,1,1,1,0
591.071590,0,1,0,0,0,1,1,1,1
591.920539,0,0,0,0,1,0,1,1,1
592.206332,1,0,0,1,0,1,1,0,0
593.038691,1,1,1,1,1,1,1,0,1
593.602957,1,0,0,0,1,0,0,1,0
593.692277,1,0,1,1,0,0,1,0,0
594.378638,0,1,1,1,1,1,1,1,1
594.683221,1,0,0,0,0,1,0,0,0
594.987767,1,1,0,0,0,0,0,1,1
595.300857,1,0,1,0,1,1,0,1,1
595.547987,1,1,0,0,0,0,1,1,0
595.692461,1,0,0,1,1,1,0,0,0
595.774496,1,1,1,1,0,0,1,1,0
596.105010,0,1,1,0,1,1,1,0,0
596.303771,1,1,1,1,1,1,0,0,1
596.392918,0,1,1,0,0,0,1,0,1
596.992018,1,1,1,0,0,1,1,0,1
597.221554,0,1,0,1,1,0,0,0,1
598.156213,0,1,0,0,1,1,1,1,0
598.424997,0,1,0,0,0,0,1,0,0
599.326138,1,0,0,1,0,1,0,0,1
599.816122,0,0,0,1,1,1,0,0,0
600.176849,0,1,1,1,1,0,1,0,0
600.706731,0,1,1,0,0,1,0,1,1
601.065834,0,1,0,1,1,1,1,0,0
601.153704,1,0,0,0,1,0,0,1,1
601.909016,1,0,1,0,0,1,1,0,0
602.009916,0,1,0,1,0,1,0,1,1
602.052614,0,1,1,1,0,0,1,0,0
602.679971,0,1,0,0,1,0,1,0,0
603.467384,1,0,0,0,0,1,0,1,1
603.828138,0,1,0,1,1,0,1,1,1
604.122135,1,1,1,1,0,0,0,1,1
604.597408,1,1,1,1,1,1,1,0,0
604.880533,1,0,0,0,1,0,1,0,1
605.205698,0,1,1,1,0,0,0,0,0
605.693390,0,0,0,1,0,1,1,0,1
606.420936,0,0,1,1,1,0,1,0,0
606.663074,0,0,0,1,0,1,1,1,0
607.177302,0,1,1,0,1,1,1,0,0
607.791164,1,0,1,1,0,0,1,0,1
608.227851,1,0,0,0,1,0,0,0,1
608.914439,1,1,0,1,0,1,1,0,1
609.055700,0,0,0,1,0,1,0,0,0
609.640679,0,1,0,1,0,1,1,1,0
609.925192,0,0,0,1,0,0,1,1,0
610.771013,0,0,1,0,1,0,0,1,1
611.607440,1,0,1,0,0,0,1,1,1
612.223601,1,0,0,0,1,0,1,0,0
612.619694,0,0,0,1,0,0,0,1,1
613.229059,0,0,0,1,0,1,1,1,0
614.010337,1,1,0,0,0,0,0,1,0
615.006006,1,0,0,0,1,1,0,1,0
615.835681,1,0,0,0,1,1,0,1,0
616.319153,0,1,0,1,1,1,1,0,0
616.591182,0,1,1,1,1,1,1,1,1
617.290072,1,1,0,1,1,0,0,0,0
618.250685,0,0,0,1,1,0,1,0,0
618.486744,0,1,0,0,0,0,0,0,1
619.344029,1,1,0,0,0,1,0,0,1
619.530808,1,1,1,0,1,0,1,0,0
620.021114,1,1,1,0,0,0,0,1,0
620.908982,1,1,1,1,0,1,0,0,1
621.867603,0,1,1,0,1,0,1,0,1
622.080794,0,0,1,1,0,0,1,1,0
622.417269,0,0,0,0,0,0,0,0,1
622.565330,1,0,1,0,1,1,1,1,0
622.802068,0,0,0,1,0,1,1,1,1
623.612767,0,0,1,1,0,0,1,1,1
624.575767,1,0,1,1,0,0,1,1,0
624.658652,1,0,0,1,0,0,1,1,1
625.265282,0,0,0,0,1,0,1,1,0
626.095799,1,1,1,1,0,1,1,1,0
626.725569,1,1,0,0,1,0,0,1,0
626.852843,0,0,0,1,0,1,0,0,1
627.612699,1,0,1,0,0,0,0,0,1
628.158608,0,0,0,0,0,0,1,1,1
629.080467,0,1,1,1,1,0,0,0,0
629.294369,0,0,1,1,0,0,1,1,1
629.352028,1,0,1,0,1,1,0,0,1
629.367633,1,0,0,0,0,1,0,0,0
629.561072,0,0,1,1,0,1,1,1,0
630.132054,0,0,1,1,1,1,1,1,1
631.064569,0,0,1,0,1,0,0,0,0
631.877729,0,1,1,0,1,1,0,0,0
632.725920,0,0,1,1,0,1,1,0,0
632.938247,1,1,0,1,1,0,0,1,1
633.672601,0,0,0,1,1,0,1,1,1
634.298207,1,1,0,1,1,1,1,0,1
634.536470,1,1,1,1,1,0,1,0,0
634.733262,1,0,1,1,0,1,1,1,0
635.501554,0,0,1,1,0,0,1,1,1
636.400670,0,1,0,1,1,1,0,0,0
637.177955,1,1,0,1,0,1,0,0,1
637.224441,1,1,0,1,0,1,0,0,1
637.350649,1,0,0,0,0,1,1,0,1
638.069377,1,1,0,0,0,1,1,0,0
638.771940,0,0,1,1,1,0,0,0,1
639.206831,0,0,1,0,1,0,1,0,0
639.555483,1,0,1,1,1,1,1,0,0
640.475272,0,0,0,1,0,0,0,0,0
641.127344,1,1,1,0,1,0,1,1,0
641.308785,1,1,1,0,1,0,0,1,1
642.301302,0,1,0,0,0,0,0,0,0
643.048417,0,1,0,0,1,1,1,1,1
643.363239,0,0,0,1,0,0,1,1,0
643.917257,0,1,1,1,1,0,0,1,0
644.868525,1,1,0,1,0,1,1,1,1
645.520004,1,1,1,0,0,0,0,1,1
646.468851,1,1,1,0,1,0,1,1,1
646.840447,1,1,1,1,1,0,0,0,1
647.090170,1,1,0,1,0,0,1,0,0
647.654936,1,1,0,0,0,0,1,0,1
648.122136,0,0,0,1,1,0,1,0,1
648.289636,0,0,0,1,1,1,1,1,1
648.506747,1,1,0,1,1,1,1,1,1
648.696995,1,1,0,1,0,1,0,0,0
649.418792,0,0,1,0,0,0,1,1,1
649.713077,0,0,1,1,1,0,1,0,0
649.732528,1,0,0,0,1,1,0,0,0
649.973198,0,0,0,1,1,0,1,1,1
650.763558,1,0,0,1,0,1,1,1,0
651.317723,0,0,0,1,1,0,0,1,1
652.135569,1,1,0,0,1,0,1,0,0
652.446119,1,1,1,1,0,1,0,1,0
653.442033,1,0,0,0,1,1,0,1,0
653.683817,1,0,0,0,1,0,1,0,1
653.941210,1,0,0,0,1,1,1,1,1
654.004182,1,1,0,0,0,0,1,0,0
654.684705,1,0,1,0,0,1,0,1,0
655.441047,0,0,0,1,1,1,1,0,1
655.691797,1,0,1,0,0,1,1,0,1
656.454329,1,0,1,1,1,0,0,0,0
657.071218,1,1,0,1,1,1,1,1,0
657.242073,0,0,1,1,1,0,1,1,0
657.957442,1,1,1,0,1,0,0,1,0
658.369128,0,0,0,0,1,0,0,1,0
658.460277,0,1,1,0,0,1,1,1,1
658.980154,0,0,0,0,1,0,1,1,1
659.832154,0,1,0,1,1,0,0,0,0
660.281731,0,0,1,0,1,1,1,1,1
661.128039,0,1,0,1,1,0,0,0,0
661.231225,0,1,1,1,1,0,1,1,0
661.489473,1,0,0,1,0,1,1,1,0
662.224531,1,0,0,1,1,0,0,1,0
662.820110,1,1,0,1,1,0,0,0,1
662.874881,0,1,1,0,0,0,0,0,1
663.717735,0,0,1,1,1,1,1,1,0
664.294075,0,0,1,0,0,0,0,0,1
664.437790,0,1,1,1,1,1,0,0,1
664.831254,1,0,0,0,0,1,0,1,1
665.038453,0,1,1,1,0,0,1,1,1
665.283352,1,1,0,0,1,1,0,1,1
665.432754,1,1,0,0,0,0,0,0,1
665.433754,1,1,1,0,1,1,1,0,0
666.258254,1,1,0,0,0,1,0,1,1
666.642953,0,0,1,1,1,1,1,1,0
667.095424,0,0,1,1,1,1,0,0,0
667.555019,0,1,1,0,1,0,1,1,0
668.518526,1,1,1,0,0,1,0,1,0
668.862132,0,0,1,0,0,1,0,1,1
669.442552,1,1,1,1,1,0,1,0,1
669.443552,1,0,1,1,1,0,0,1,0
669.841230,1,0,0,1,0,1,0,1,0
669.994970,0,1,0,0,1,0,0,1,1
670.920546,0,0,1,1,0,0,1,0,1
671.032546,0,0,1,0,0,1,0,0,1
672.012158,1,1,1,0,1,0,1,1,0
672.349270,0,0,0,1,1,0,0,0,1
673.206556,0,0,1,1,1,0,1,0,0
673.941181,1,1,0,1,0,1,1,1,1
674.164181,1,0,1,1,0,1,0,0,0
674.198311,1,0,0,1,0,1,1,1,0
674.760247,0,1,0,1,0,1,1,0,0
674.858914,1,0,1,1,1,1,1,1,1
675.346700,1,0,0,0,0,1,0,1,0
676.101862,1,0,0,1,1,1,0,1,1
676.189959,1,0,0,1,0,0,1,0,0
676.470250,1,1,1,1,0,1,0,0,0
676.666423,1,0,0,0,1,0,1,1,0
676.922723,1,0,0,1,0,0,1,1,1
677.339775,0,1,0,1,1,1,0,1,1
677.353210,0,1,1,0,0,0,1,1,1
677.878214,0,1,1,1,0,0,0,0,0
678.091123,1,1,0,0,0,0,0,1,0
678.852971,0,0,1,0,0,0,1,1,0
679.613820,0,1,0,1,1,1,0,1,1
680.002937,0,1,0,1,0,1,1,1,0
680.898564,0,0,0,0,1,1,0,0,0
681.316259,1,0,0,0,0,1,0,0,1
681.420323,0,1,1,1,1,0,1,0,0
681.849466,1,0,1,0,0,0,0,0,1
682.817888,0,0,1,0,0,1,1,1,1
683.305414,0,0,0,0,1,0,0,1,1
683.461637,0,0,1,1,0,0,1,0,0
684.305629,0,1,1,1,1,1,0,1,1
684.488625,1,0,1,0,1,0,0,0,1
684.601680,0,0,0,0,1,0,0,0,0
684.709481,0,0,1,0,1,1,1,0,0
684.868474,0,0,0,0,0,1,1,1,0
684.896799,1,0,0,1,0,1,1,1,0
685.494101,0,0,1,1,1,0,1,1,0
686.017567,0,0,1,0,1,0,1,0,0
686.220288,1,0,0,0,0,0,1,0,0
687.006131,1,1,0,0,0,0,0,0,1
687.842472,0,1,1,1,1,0,0,0,0
688.681522,1,1,1,0,1,1,0,1,0
689.552022,0,0,1,1,1,1,0,0,0
689.664022,1,1,0,1,1,0,1,0,0
690.111567,1,1,1,1,1,1,1,0,0
690.719210,1,1,0,1,1,1,1,1,0
691.096352,1,0,1,1,1,0,1,1,0
691.810923,0,1,1,0,1,1,0,1,0
692.595379,1,0,1,1,1,1,1,1,0
693.383826,0,1,0,0,1,0,1,1,1
694.103160,0,1,0,1,1,0,1,0,0
694.170760,1,1,0,1,1,0,0,0,1
694.576087,1,0,0,0,0,0,0,1,0
694.915458,0,1,1,1,1,1,0,0,0
694.920802,0,1,0,1,0,0,1,1,1
695.861770,1,1,0,1,0,0,0,1,0
696.138247,0,1,0,1,1,1,0,0,1
696.190816,0,0,0,1,0,1,0,1,1
696.447512,0,0,0,1,0,1,1,1,1
696.615012,1,1,0,0,1,0,0,1,1
697.222644,1,0,1,1,1,1,1,0,1
698.060901,0,0,1,1,0,1,0,1,1
698.116509,0,0,0,1,0,1,1,1,1
698.585126,1,0,1,1,0,1,1,0,0
699.475661,1,0,1,0,0,0,1,0,0
699.587022,0,0,0,1,1,0,1,1,1
700.478220,0,1,0,1,0,0,0,0,1
701.186060,1,0,0,0,0,1,1,0,1
702.117681,1,0,0,0,1,0,1,0,1
702.525681,1,1,0,1,0,1,1,0,0
703.153445,1,1,0,0,0,0,0,1,1
703.161985,1,0,1,1,1,0,0,0,1
703.601435,0,0,1,1,0,0,0,0,0
704.235947,0,1,1,0,1,0,0,0,1
704.339888,1,1,1,1,0,0,0,1,1
704.845207,0,0,1,0,0,0,0,1,1
705.359207,0,1,1,0,1,1,0,0,0
705.485955,0,1,0,1,1,0,0,0,0
705.563801,1,0,1,0,0,1,0,0,0
705.974917,1,1,0,0,0,0,0,1,0
706.001346,1,1,0,0,1,1,1,1,1
706.608481,1,0,0,0,0,0,0,0,0
707.312660,0,0,1,0,1,1,1,0,0
707.852026,0,1,1,1,1,0,1,1,0
708.062494,1,0,1,1,1,1,1,0,1
708.857273,1,1,0,1,0,1,0,0,0
708.957512,1,0,0,1,0,0,1,1,1
709.578764,1,1,0,0,0,0,1,1,1
710.157061,1,0,1,1,0,1,0,1,0
710.305496,1,1,1,0,1,1,0,1,0
711.091890,1,1,1,0,1,0,1,0,1
711.326106,1,0,1,1,0,1,1,1,0
712.221685,1,1,0,0,1,1,0,0,0
712.936256,1,1,1,1,1,0,0,1,1
712.985012,0,1,1,1,1,0,1,1,1
713.025905,1,1,0,0,1,1,0,1,1
713.352666,0,0,1,1,0,1,1,1,1
713.827218,1,0,0,1,0,1,1,0,0
714.767937,0,1,0,0,0,1,0,0,0
714.987073,0,1,0,1,1,1,1,1,0
715.573073,0,1,0,0,1,1,1,0,0
715.624023,0,0,1,0,0,1,1,1,1
715.744903,0,1,1,1,0,1,1,0,0
715.812731,1,0,1,0,0,0,1,1,1
716.320267,1,0,0,1,1,1,1,1,1
716.909567,1,1,0,0,1,0,1,1,0
717.124638,1,0,0,0,0,1,0,0,0
717.877826,1,0,1,0,1,0,0,1,1
718.095452,1,1,1,0,0,1,1,1,0
718.602544,0,1,0,1,0,0,0,0,0
719.113824,0,1,0,0,1,0,0,1,0
719.573644,0,1,1,1,0,1,0,0,1
720.512302,0,0,0,1,0,0,0,0,1
721.495959,1,1,0,0,0,0,0,1,1
721.713372,1,0,0,0,0,1,0,1,1
722.351959,0,1,0,1,0,0,1,1,1
722.726323,0,0,0,0,1,0,0,1,0
722.751427,1,1,1,1,1,1,1,1,1
723.093179,1,0,1,1,0,0,1,0,0
723.728160,0,1,0,0,0,0,0,1,0
723.836109,0,1,1,0,1,0,1,1,0
724.153195,0,0,1,0,0,0,0,1,0
724.950529,1,1,1,0,0,1,1,0,1
725.949087,0,0,0,0,0,0,1,0,1
726.775676,0,1,0,1,0,0,0,0,1
727.174094,0,0,1,1,0,1,0,0,1
727.763263,0,0,1,0,0,0,0,1,1
728.518694,1,1,1,1,1,0,1,1,0
728.720719,1,0,1,0,1,0,1,0,0
729.691336,1,1,0,1,0,0,1,0,0
730.370229,0,1,0,0,1,0,0,0,1
730.590450,1,1,0,1,0,0,0,1,0
731.335803,1,0,1,0,0,0,0,0,1
731.386753,1,0,1,1,0,0,0,0,0
731.708187,0,1,1,0,0,1,1,0,0
732.555519,1,1,0,0,1,0,0,1,1
733.096519,1,1,1,1,1,0,0,0,0
733.755397,1,1,1,1,1,1,0,1,0
734.041087,1,1,1,0,1,0,0,1,1
734.548784,0,1,1,0,0,1,0,0,0
735.049284,1,1,0,0,0,1,1,0,0
735.739924,0,1,1,0,0,1,0,0,0
736.350070,1,0,0,0,1,0,1,1,1
737.286304,0,1,0,1,1,0,0,0,0
738.125926,0,0,0,0,1,0,1,0,0
738.810452,1,0,1,0,1,0,1,1,0
739.506101,1,1,0,0,0,0,0,0,1
740.202057,0,0,0,1,1,1,0,0,1
740.255636,1,1,0,0,0,1,0,0,0
740.882896,1,0,0,1,0,0,0,1,0
741.719794,0,0,0,1,1,0,0,1,0
741.838537,0,0,0,1,1,1,0,0,0
742.815305,1,0,1,0,1,0,1,1,1
743.282096,1,1,0,0,1,1,1,1,0
743.851055,1,1,0,1,0,1,0,0,0
744.465502,0,0,1,0,0,0,1,0,0
744.592369,0,1,1,1,1,0,0,1,1
745.427355,0,1,0,0,0,1,0,1,0
746.249177,1,1,1,1,1,1,1,0,1
746.996344,1,1,1,0,0,1,1,0,1
747.496844,1,1,0,1,0,0,0,0,1
748.191861,0,1,0,0,1,0,1,0,1
749.173669,0,1,1,1,0,1,1,0,1
749.943702,0,1,1,1,1,1,0,0,0
750.610702,1,0,0,1,1,1,1,1,1
751.291409,0,0,0,1,1,1,1,1,0
751.825529,0,0,0,1,1,1,0,0,1
751.993575,0,1,0,0,1,0,1,1,1
752.875272,1,1,1,0,0,0,1,1,0
753.860752,0,0,1,0,1,1,0,0,0
753.988660,0,0,1,1,0,1,0,1,1
754.589483,0,1,0,1,0,1,0,0,1
755.560940,0,0,1,0,0,1,0,1,1
755.642896,0,1,0,0,0,0,0,0,0
756.259734,0,0,0,0,0,1,1,0,0
756.266076,0,0,0,0,0,1,0,1,1
757.193739,0,1,0,0,0,1,1,0,1
757.521618,0,0,1,1,1,0,0,1,0
758.117261,0,1,1,0,1,1,0,0,1
758.227243,1,0,0,0,1,0,1,1,1
758.916673,0,1,1,0,0,1,1,0,1
759.303749,1,0,1,1,0,0,0,1,1
759.760326,1,0,1,0,0,1,1,0,1
759.954681,1,0,0,1,0,1,1,0,0
760.059245,0,1,1,1,0,0,0,1,1
760.613410,0,1,1,0,1,1,0,0,1
760.680760,1,1,1,1,1,1,0,1,1
761.555885,1,0,1,0,0,0,1,0,1
761.929845,1,1,1,1,0,1,0,0,0
762.636022,0,0,0,0,0,0,1,0,1
762.917147,1,0,1,1,0,1,0,0,1
763.288103,0,0,1,0,0,0,1,0,1
763.952109,0,1,0,0,0,1,0,1,0
764.155897,0,1,1,0,0,1,1,0,1
764.782337,0,0,1,1,0,1,0,1,1
765.679069,1,0,0,0,1,1,0,0,1
765.811721,1,1,0,1,0,0,0,0,0
766.745460,0,1,0,0,0,0,0,0,1
767.067855,0,1,1,0,0,0,0,0,1
767.937550,0,0,0,1,0,1,0,1,1
768.268269,0,0,1,0,0,1,0,1,0
768.876505,1,0,0,1,1,0,0,1,1
769.698905,0,1,0,1,1,1,0,0,1
770.297072,1,1,1,0,1,0,0,1,0
771.002066,1,1,1,1,1,1,1,1,0
771.583009,1,0,0,1,1,1,0,1,0
772.321503,0,1,1,0,0,1,0,0,0
773.222942,0,1,1,1,0,1,1,0,1
773.702186,0,0,0,1,1,1,0,1,0
774.518883,1,1,0,1,0,0,1,0,0
774.943373,1,0,0,0,0,0,1,1,1
775.342381,0,0,1,1,0,1,1,0,0
776.288457,0,1,0,0,1,0,0,1,1
776.663310,1,1,0,1,0,1,1,1,0
777.091897,0,0,0,1,1,0,1,1,0
777.134862,1,0,1,0,1,0,0,0,1
777.145793,1,1,0,0,1,0,1,1,1
777.596200,1,0,0,1,1,0,0,1,0
778.413456,1,0,1,1,1,1,0,0,0
778.558325,1,0,1,0,0,0,1,0,1
778.643817,1,0,1,1,0,1,1,0,1
778.716329,0,0,0,0,1,1,1,0,0
779.421908,0,1,1,0,1,1,1,0,0
779.598343,1,0,1,0,0,0,0,1,1
780.146715,0,1,1,0,1,0,1,1,1
780.161438,0,0,1,0,1,1,1,0,0
780.672718,1,1,1,1,0,0,0,1,0
780.924863,0,0,1,1,0,1,1,0,0
781.739081,0,1,0,0,1,1,0,0,1
781.946412,1,0,1,0,1,0,1,0,1
782.628136,1,0,0,1,1,1,1,1,1
783.213998,0,1,0,0,0,0,1,1,0
783.635743,0,0,0,0,0,1,1,1,1
783.811299,0,1,1,0,0,0,1,0,0
784.547976,0,1,0,0,0,0,0,0,0
785.252768,0,0,0,1,0,0,1,0,0
785.561970,0,0,0,1,0,1,0,1,0
785.700316,0,0,1,1,0,1,0,1,1
786.586024,1,1,1,0,0,0,0,1,0
786.890292,1,1,0,1,0,0,1,0,0
787.187292,1,0,0,0,1,1,1,1,1
787.359837,0,1,1,0,1,1,0,0,1
788.155497,1,0,0,1,1,1,1,1,1
788.544650,1,1,0,0,0,0,1,0,1
788.549256,1,0,0,0,1,0,1,1,0
788.892136,0,0,0,0,0,0,1,0,1
789.524449,0,0,0,0,1,1,1,1,0
790.286051,0,1,0,0,0,0,1,0,1
790.739513,0,1,1,0,0,1,1,1,0
791.583850,1,1,1,0,0,0,1,1,1
792.198522,0,0,0,1,0,0,0,0,1
792.526144,0,0,0,1,1,0,0,0,0
793.286384,1,0,1,1,1,0,0,1,1
794.115615,1,0,1,0,0,0,0,1,0
794.709546,1,1,1,0,1,1,0,0,1
794.936427,1,0,0,1,1,1,1,0,1
795.050097,0,0,0,0,1,1,1,0,0
795.786298,0,0,1,1,0,0,1,0,0
796.056691,0,0,0,0,1,1,0,0,1
796.956791,0,0,0,1,0,0,0,1,1
797.439860,1,1,1,0,0,0,1,0,1
797.990985,1,1,1,1,0,0,1,0,0
798.686205,0,1,1,1,0,0,1,1,1
798.927596,1,0,1,1,0,0,1,0,1
799.569665,0,1,1,0,0,1,1,0,1
800.522094,0,0,0,0,0,0,1,1,1
801.301210,1,0,1,0,1,0,0,1,0
801.884793,0,0,0,1,0,0,1,1,1
802.727753,1,0,1,1,1,1,0,0,1
803.656603,1,1,0,0,0,1,1,1,0
804.490915,0,0,0,1,1,0,0,1,1
804.674390,0,1,1,1,1,1,1,0,1
805.227076,1,0,0,0,1,0,1,0,0
805.736614,1,0,0,0,0,1,1,1,0
806.304106,0,1,1,1,0,1,1,0,0
807.104306,1,0,0,0,1,0,1,1,1
807.155980,1,1,0,1,1,0,1,1,1
808.121923,1,1,1,0,0,1,0,0,0
808.482767,1,1,1,1,1,0,0,1,0
808.679832,0,1,1,0,0,1,0,0,0
809.276657,0,0,1,0,1,0,0,1,1
810.141079,1,0,1,0,1,0,1,0,0
810.161822,0,0,1,1,0,1,0,0,1
810.501193,1,0,0,0,0,1,0,1,0
810.986068,1,1,0,1,0,1,1,1,0
811.023032,1,1,0,1,0,0,0,0,1
812.001976,1,0,0,0,1,1,1,1,1
812.571637,0,1,0,1,0,1,1,0,0
812.756879,0,0,0,1,1,1,0,1,0
813.487583,0,0,0,0,1,1,1,1,1
813.937409,1,1,0,0,0,1,1,1,1
814.710789,1,1,1,0,1,1,0,1,0
814.826932,1,1,1,1,0,1,1,1,1
815.267925,1,0,1,1,0,1,1,1,1
815.813284,1,0,1,1,1,1,1,1,0
816.434781,0,1,1,1,1,1,0,1,1
817.168381,1,0,1,0,0,0,1,0,0
817.637148,1,0,0,0,1,1,1,1,0
818.630461,0,0,0,0,1,1,1,1,0
819.566572,1,0,1,0,0,1,1,0,0
819.734510,1,0,0,1,1,0,1,1,0
820.666396,1,1,1,0,0,1,1,0,0
821.220982,1,1,0,1,0,0,0,0,0
821.302982,0,1,1,1,1,0,1,1,0
821.602245,1,1,1,1,1,0,1,1,0
822.260121,0,0,1,0,1,1,0,1,0
822.356097,0,1,0,1,1,1,0,0,1
822.540111,1,0,0,0,1,0,1,1,1
822.733728,0,1,1,1,1,0,0,1,0
823.516803,0,0,1,0,0,0,1,0,0
823.657759,1,1,1,1,1,1,1,0,1
823.801633,1,0,0,0,0,0,0,1,1
824.449950,0,0,0,1,0,1,0,0,0
825.407373,0,0,0,0,1,1,0,0,0
826.313191,0,0,0,1,1,1,1,1,0
826.834583,1,0,0,0,1,0,0,1,1
827.367837,1,1,0,0,0,1,1,1,1
827.733791,1,1,1,1,0,1,0,0,1
827.758691,0,0,1,1,0,1,0,0,0
828.180222,1,1,0,0,1,1,1,0,1
828.352947,1,1,1,1,1,1,0,1,0
828.560192,0,1,1,0,0,0,0,1,0
829.356692,0,1,0,0,1,0,0,1,0
829.673552,0,0,1,1,1,0,1,1,1
830.128459,1,1,1,1,0,0,0,0,0
831.077329,0,0,0,0,1,0,0,1,0
831.380961,0,0,1,0,0,1,1,0,0
831.517797,0,1,1,1,0,0,1,0,0
832.032569,0,0,0,0,1,1,1,0,0
832.140110,0,1,1,1,1,0,1,1,1
833.008493,1,0,1,0,1,1,1,1,0
833.502856,0,0,0,0,1,0,0,1,0
833.755884,1,1,0,1,0,0,1,0,1
834.285151,0,0,1,0,0,0,1,1,0
834.394096,1,0,0,1,0,0,1,0,0
834.955788,1,0,0,1,0,0,0,0,1
835.749451,1,0,0,1,1,1,1,1,0
836.667219,0,1,0,0,1,1,0,1,0
837.097109,0,1,1,1,0,1,1,0,1
837.755598,1,1,1,0,1,1,0,1,0
838.176738,0,1,1,0,1,1,1,0,1
838.507536,0,0,0,1,0,0,0,1,0
838.670254,0,1,1,1,0,0,0,1,1
839.069845,1,1,0,0,0,1,1,0,0
839.667263,0,0,1,0,0,0,0,1,1
840.600166,0,0,1,0,0,1,1,0,1
840.913354,0,0,1,1,0,0,1,1,0
840.954555,1,1,1,0,1,1,0,0,1
841.189171,0,0,0,1,1,1,0,0,1
841.626731,0,0,1,0,0,0,1,1,0
841.941371,1,1,1,1,0,1,0,0,1
842.053371,0,1,1,0,0,1,0,0,1
842.698514,1,0,0,1,1,0,1,0,0
843.526761,0,0,1,0,1,1,0,0,0
843.826041,1,0,0,0,1,1,1,1,0
844.684590,1,0,1,0,1,0,0,0,0
845.235498,1,1,1,1,1,0,0,0,0
845.969098,0,0,0,1,0,1,0,0,1
846.421701,0,0,0,1,0,1,1,0,1
846.496337,1,0,0,1,1,0,0,1,0
847.070676,1,1,0,1,1,0,1,1,0
847.195776,1,1,1,0,1,0,0,0,1
847.745766,1,0,1,1,0,1,1,0,1
848.140461,0,1,0,1,1,0,0,1,0
848.605770,0,1,0,0,1,0,1,1,1
849.192446,0,0,1,1,0,1,1,1,0
849.661256,1,1,1,0,0,0,1,0,1
849.917144,0,1,1,1,1,0,1,1,1
850.408039,0,1,0,1,1,0,0,1,0
851.339324,1,0,1,1,1,0,0,1,0
851.845437,1,0,0,0,1,1,0,1,1
852.312637,1,0,1,1,0,0,1,1,0
853.062887,1,1,0,0,0,0,0,1,0
853.839523,1,1,0,1,0,0,0,1,1
854.640474,1,1,1,0,1,0,0,0,1
855.264169,1,1,1,0,0,1,0,0,0
855.422349,1,0,0,0,1,0,1,0,1
855.729326,0,0,1,1,1,0,0,0,0
855.948626,0,1,1,0,0,1,0,0,0
856.715526,1,1,0,1,1,0,0,0,0
857.082790,0,0,0,0,0,1,0,0,1
857.566579,0,0,1,1,1,0,0,0,0
858.138867,0,0,1,1,0,0,1,0,0
858.989140,1,1,0,1,1,1,0,1,0
859.212140,1,1,1,0,1,0,1,1,1
860.181959,0,1,0,0,1,1,0,0,1
860.408773,0,1,1,1,1,0,1,0,0
860.770717,1,0,1,0,1,0,1,0,0
861.151165,0,1,1,1,1,0,1,0,0
861.260287,1,0,0,1,0,1,1,1,0
861.264774,1,1,1,1,0,0,1,0,1
861.324468,0,0,1,0,1,0,1,1,1
861.974108,0,1,0,0,1,0,0,1,1
862.498394,0,1,1,0,1,1,0,1,1
862.908392,0,0,0,1,1,1,0,1,0
863.795133,1,1,1,0,0,0,1,0,1
864.523405,1,0,1,1,0,1,1,0,1
864.873556,1,0,1,0,0,0,1,1,0
865.159203,1,0,1,0,0,1,0,1,0
865.535468,0,1,1,1,1,1,0,0,0
865.888784,0,0,0,1,0,1,1,0,1
866.180429,0,1,1,1,1,0,0,1,1
866.846315,1,1,0,0,0,1,1,0,1
867.452214,1,1,1,1,1,0,1,0,0
867.453214,1,1,1,1,0,0,1,0,1
868.304001,1,1,0,0,0,0,1,1,0
868.643525,1,0,1,1,1,1,0,0,0
869.539710,1,0,1,1,0,1,1,0,0
870.300734,0,0,0,1,0,0,0,1,0
870.388545,1,0,0,1,0,0,0,1,0
870.452773,1,1,1,1,0,0,0,1,1
870.827383,0,0,0,1,0,1,1,1,0
871.695162,0,0,0,1,0,0,1,1,0
872.498176,0,1,1,0,1,0,0,0,0
872.948105,1,1,0,1,0,0,1,0,0
873.560562,0,0,1,1,0,0,1,1,1
874.103473,1,0,0,0,0,0,0,0,0
875.086341,0,0,1,1,0,1,1,0,0
875.580231,0,1,1,0,1,0,1,1,1
876.310303,0,0,1,1,0,0,0,0,1
877.130730,1,1,0,0,1,0,0,0,1
877.965883,0,0,1,1,1,0,0,1,1
878.795840,1,1,0,1,1,0,1,1,0
879.133901,0,0,1,0,0,1,1,0,1
879.279918,1,0,0,1,0,0,0,1,0
879.504719,0,0,0,1,0,0,0,1,0
879.979500,0,0,0,0,1,0,1,1,0
880.153208,1,0,1,1,1,1,0,1,1
880.205178,1,0,1,1,1,1,1,0,1
880.444974,1,0,1,0,1,0,1,0,0
881.035548,1,1,0,0,1,1,0,0,1
881.238577,1,0,0,0,0,0,0,1,1
881.396177,0,1,0,1,1,1,0,0,0
881.464525,0,1,1,1,0,1,0,1,1
882.214775,1,1,0,1,1,0,1,1,1
882.927509,0,0,1,0,0,0,1,1,0
883.814450,0,1,0,0,1,0,0,1,1
884.571542,1,0,0,1,0,1,1,0,1
885.264953,0,0,1,0,1,1,0,1,0
886.015203,1,1,0,1,0,1,1,0,0
886.911449,1,0,1,0,0,1,0,0,1
886.912449,1,1,0,0,1,1,1,1,1
887.891194,1,0,0,0,0,0,1,1,0
888.883137,0,1,0,1,0,1,0,1,0
889.804204,1,1,1,0,1,0,0,0,0
890.120273,1,0,1,0,0,0,0,0,1
890.307527,1,1,1,0,0,0,0,0,1
890.848346,1,0,1,0,1,1,0,1,1
891.720521,1,0,0,1,1,0,1,1,0
892.333462,1,1,0,0,1,0,1,0,0
892.795539,0,1,1,1,1,0,0,0,1
892.963039,0,0,0,0,1,0,0,1,1
893.925459,0,0,0,0,1,1,0,1,1
894.296308,0,0,0,0,1,0,0,0,0
895.114671,1,0,0,0,1,0,1,0,0
896.066400,1,1,1,0,0,1,1,1,1
896.900454,1,1,1,1,1,1,0,1,1
897.594927,0,1,0,1,0,1,0,1,0
897.986250,0,0,1,0,0,1,1,1,0
898.026537,1,1,1,0,1,1,1,1,1
898.744767,0,0,0,1,1,0,1,0,0
899.665982,0,0,0,0,0,0,0,0,1
900.077530,1,0,1,0,1,1,0,0,0
900.593803,0,0,0,0,1,1,1,0,1
900.716229,0,0,0,0,0,1,0,0,0
901.381715,1,1,0,1,1,0,1,0,0
901.895476,0,0,1,1,0,0,0,0,1
902.230123,1,1,0,1,1,1,1,0,0
902.766301,1,0,1,0,1,1,1,0,1
902.824078,0,0,1,1,1,1,0,0,1
902.908328,1,1,0,1,0,1,0,0,1
903.179058,1,0,1,1,1,0,1,0,1
903.465326,1,1,0,1,0,0,0,1,1
904.373219,0,0,1,1,0,1,1,1,1
904.798037,0,1,1,0,1,0,1,1,1
905.497984,1,0,1,0,1,0,0,1,0
906.161020,1,1,0,0,1,0,0,0,0
907.031467,1,1,0,1,1,0,0,1,1
907.451548,0,0,1,0,0,1,0,0,0
907.542876,1,0,1,0,0,0,1,1,1
907.964884,1,0,0,0,1,1,1,1,0
908.814967,1,1,1,0,1,1,1,1,0
909.656443,0,0,0,1,1,1,0,0,1
909.990443,0,1,0,1,1,0,1,1,0
910.503212,1,1,1,0,0,0,0,1,0
911.076972,1,1,1,0,1,0,1,0,1
911.123237,1,1,1,0,0,1,1,1,0
911.832138,0,0,0,1,0,1,0,1,1
912.510490,0,1,0,0,1,1,0,1,1
912.642847,1,1,1,1,0,0,0,0,0
913.309847,1,0,0,1,1,0,0,0,1
913.476579,1,0,0,1,1,0,0,0,1
914.289267,1,1,0,0,0,1,0,0,1
914.410318,0,0,0,0,0,1,0,1,0
914.607201,1,0,0,0,0,1,0,1,1
915.112242,1,0,1,1,1,0,0,1,0
915.436032,0,0,0,0,1,0,1,0,1
916.177391,0,0,1,0,0,0,0,0,0
916.908157,0,0,0,0,0,1,1,1,1
917.775112,0,0,0,1,1,0,0,1,0
918.351955,0,0,1,0,1,1,1,0,0
919.202105,1,0,0,1,0,0,1,0,0
919.385888,1,1,1,0,0,0,0,0,1
920.287085,0,1,0,1,0,1,0,1,1
920.897232,1,0,0,1,0,1,0,0,0
921.872257,1,1,1,1,0,0,1,1,1
922.617077,0,0,1,1,1,0,0,0,1
923.373814,0,1,0,1,1,1,0,1,0
923.460443,0,1,1,1,0,0,0,1,0
924.176990,1,1,0,1,1,0,0,1,0
924.586456,1,0,1,1,0,1,1,1,1
925.501826,1,1,1,0,1,1,0,1,0
926.296249,0,1,0,1,1,0,0,0,1
926.923129,0,1,1,0,0,0,0,1,0
927.545941,1,1,0,1,0,1,0,0,0
928.508005,1,0,1,1,1,1,1,1,1
929.172372,0,0,0,1,1,1,1,0,0
929.991702,1,1,1,1,0,0,1,1,1
930.387297,0,0,0,0,1,1,1,0,1
931.023464,0,0,1,0,0,0,1,0,0
931.302418,1,0,1,0,1,0,1,0,0
931.842579,0,1,1,1,0,0,0,0,1
932.037325,1,1,1,0,1,0,0,1,1
932.163200,1,0,0,1,1,1,0,0,0
932.470861,1,1,0,1,1,1,1,0,0
933.334351,0,0,0,1,0,0,0,1,0
933.949897,1,1,1,1,0,1,1,1,0
934.168345,0,0,0,1,1,1,1,0,0
934.612995,0,0,1,1,1,1,0,1,0
935.235203,1,1,1,1,0,1,0,1,1
935.374558,1,0,0,0,1,1,1,1,0
936.088589,0,0,1,1,0,0,0,0,1
936.236983,0,0,0,1,1,1,1,1,0
936.491998,0,1,0,1,0,0,0,1,0
936.898622,1,0,1,0,0,0,0,1,1
937.246580,1,0,0,1,0,1,1,0,0
937.493861,0,0,1,1,0,0,1,0,0
937.656493,1,0,0,0,1,0,0,0,1
938.055199,0,0,0,0,1,0,0,0,0
938.976797,1,1,0,1,0,0,0,0,1
939.664609,1,1,1,0,1,0,1,1,1
940.198409,1,0,1,0,1,0,1,1,0
940.957579,0,0,0,1,0,1,1,1,1
941.754935,0,0,0,0,0,1,1,0,1
941.866935,1,0,0,0,1,0,0,1,1
942.455133,1,0,0,1,1,0,0,0,0
942.719028,1,0,1,1,0,1,0,0,1
942.942028,0,1,1,0,0,0,0,0,1
943.384446,0,0,0,1,1,1,1,0,0
944.002137,0,1,0,0,1,1,0,0,1
944.344675,0,1,1,1,0,0,1,0,0
945.166939,0,1,1,0,1,1,0,1,1
946.142548,0,0,0,1,1,0,1,1,0
946.376648,1,1,1,0,0,1,1,0,0
947.364315,1,1,1,1,1,0,1,0,1
947.745886,1,1,0,1,1,1,0,1,1
948.106898,1,1,0,1,1,1,0,1,1
948.210027,0,1,1,1,0,0,1,1,0
949.174865,1,1,1,1,0,0,0,1,1
949.989337,0,0,0,0,1,1,0,0,1
950.293605,0,0,0,0,0,1,1,0,0
950.844111,0,1,0,0,1,1,1,0,1
951.552413,0,0,1,0,1,0,1,0,0
951.696340,0,1,1,0,1,0,1,0,1
952.521515,1,0,1,1,1,0,0,1,1
953.490411,1,0,1,1,1,1,1,1,1
953.638699,1,0,0,1,1,0,0,0,0
953.786646,1,0,1,0,1,1,1,0,0
954.708437,1,1,0,0,0,1,1,1,0
954.716607,1,1,0,0,0,1,0,1,0
954.909723,1,0,0,0,0,0,1,0,0
955.893907,1,0,1,0,0,1,1,0,0
956.575320,0,0,0,1,1,1,0,1,0
956.886594,0,1,0,0,1,0,0,1,1
957.625361,0,0,1,1,0,1,1,0,0
958.557248,1,0,0,0,0,0,1,1,1
958.706650,1,0,0,0,1,0,1,0,0
959.693642,0,0,1,1,1,0,1,0,1
960.339345,0,0,1,1,1,0,0,1,0
960.926225,0,1,0,1,1,1,1,0,1
961.858385,0,1,0,1,0,0,0,0,1
962.367553,0,1,1,1,0,1,1,1,0
962.481344,1,0,0,0,1,0,1,0,1
963.368486,1,1,1,1,0,0,1,0,1
963.557976,0,0,0,1,1,1,0,1,1
963.851049,0,0,1,1,0,1,1,1,0
964.109302,0,1,1,0,0,1,1,0,1
964.694823,0,1,0,0,1,1,1,0,1
965.018996,1,1,1,0,0,0,0,1,1
965.398799,0,1,1,0,0,0,1,0,0
965.653643,0,0,1,0,0,1,1,1,1
966.272144,1,0,1,1,1,1,0,0,0
966.934700,1,1,0,1,1,0,1,0,1
967.134120,1,1,1,1,1,1,1,1,1
967.863642,1,1,1,1,0,0,1,1,1
968.834963,0,0,1,1,0,1,0,1,0
969.553994,1,0,1,1,0,0,1,1,1
970.421295,1,0,1,1,1,1,1,0,0
970.864616,0,1,1,1,0,0,1,1,1
970.934445,0,0,1,0,0,1,1,0,0
971.137148,0,0,0,1,0,1,0,0,1
971.401218,1,1,0,1,0,1,0,0,1
971.439304,0,1,1,1,0,0,1,0,1
972.375875,1,0,1,1,1,1,0,0,0
973.271813,1,0,0,1,1,1,1,1,0
973.558535,1,0,0,1,0,0,0,0,0
974.033735,1,1,1,1,0,1,1,0,0
974.477535,0,0,0,1,1,1,0,1,0
975.406098,0,0,1,0,0,0,0,1,1
975.864973,1,1,1,0,1,0,0,1,1
976.567065,0,1,0,0,0,1,0,0,1
976.649499,0,1,1,1,0,1,1,0,1
977.087561,0,1,0,0,0,1,1,0,1
977.910896,0,0,1,0,1,1,0,1,0
978.629696,1,0,0,0,0,1,1,1,0
979.122617,0,0,0,1,0,1,0,1,0
979.761034,0,0,1,0,0,0,0,1,1
980.623808,1,0,0,0,0,0,1,0,1
980.686718,1,1,0,0,0,0,0,0,1
981.652031,0,0,1,1,0,1,0,0,0
981.771724,0,0,0,1,0,0,1,0,0
982.468456,0,1,1,1,0,1,1,1,1
983.061012,0,0,0,1,0,1,0,1,0
983.745027,0,0,0,0,0,1,0,1,1
984.707704,1,0,0,0,1,1,0,1,1
985.128479,1,0,0,0,0,0,1,1,1
985.416274,0,0,1,1,0,0,1,0,1
985.449808,0,1,0,0,0,0,0,1,1
985.920926,1,0,0,1,0,1,1,1,1
986.795275,0,1,0,0,0,1,1,0,0
987.308685,0,0,0,1,1,0,1,0,0
987.367677,0,0,0,0,1,1,1,1,1
988.034677,0,1,1,0,1,1,1,1,1
988.424012,1,1,1,1,1,1,0,0,0
989.323634,1,0,0,0,0,1,1,0,0
990.089634,0,1,0,1,0,0,0,1,0
990.423634,1,0,1,0,1,0,0,0,1
991.299791,0,0,1,1,1,1,0,0,1
991.482031,1,0,1,1,1,1,0,1,0
991.666054,0,0,0,0,1,1,1,0,0
992.147979,1,1,0,0,1,0,0,1,1
992.630191,0,1,0,0,1,1,1,1,0
993.291349,1,0,0,0,1,0,1,0,0
994.093384,0,1,0,1,0,1,0,0,1
994.688503,0,1,0,0,0,0,1,0,0
995.550710,1,1,1,0,1,0,1,0,0
996.486128,1,1,0,0,0,1,0,1,1
997.464411,1,0,1,0,0,1,0,1,0
998.334107,1,1,0,0,1,0,0,1,0
998.693863,1,1,0,0,1,0,0,0,1
999.554218,0,1,0,0,1,1,1,0,1
1000.014104,0,1,1,0,1,1,1,0,1
1000.179404,0,1,0,1,0,0,0,0,0
1000.259757,0,0,0,1,1,1,0,0,1
1000.614933,0,1,1,1,1,1,1,1,1
1000.646605,1,0,0,0,1,1,1,1,0
1000.741850,1,1,1,0,0,1,0,1,0
1001.476490,0,0,1,1,0,1,1,1,1
1001.695056,1,0,1,0,0,1,0,0,0
1002.466955,1,1,0,1,1,1,1,1,0
1002.705006,1,1,0,0,0,0,1,1,1
1002.919827,0,0,0,0,0,1,1,1,0
1003.902453,1,1,0,0,0,0,0,0,1
1004.119237,0,0,0,1,1,1,1,0,0
1004.925659,0,1,1,1,1,1,0,0,0
1005.835102,0,0,0,0,0,1,0,1,0
1006.786522,0,1,0,0,0,1,1,1,1
1007.775574,0,1,0,1,1,0,1,1,1
1007.776574,0,1,0,1,1,0,0,1,1
1008.529102,0,1,1,0,0,0,0,0,0
1008.883822,0,0,1,1,1,1,0,1,0
1009.660618,0,0,0,0,1,1,1,0,0
1010.126300,1,1,0,0,1,0,0,0,0
1010.137540,1,1,1,0,0,0,0,0,1
1010.150451,0,1,0,1,0,1,1,0,0
1010.989322,1,0,1,1,1,1,0,0,0
1011.635055,0,1,1,0,1,1,0,1,1
1011.933893,1,0,0,1,1,0,0,0,0
1012.599194,1,0,0,1,0,1,0,1,0
1013.524228,1,0,0,0,1,1,0,0,1
1013.619224,1,0,1,1,1,1,1,1,0
1014.570562,1,0,1,0,1,0,0,1,0
1015.097351,0,1,1,0,0,1,0,0,1
1015.978849,0,1,1,0,1,0,0,1,1
1016.164422,1,0,1,0,1,0,0,0,1
1016.588911,1,0,1,0,1,0,0,0,0
1016.874611,1,1,1,1,0,0,1,1,1
1017.637709,0,0,0,0,1,0,0,0,0
1017.959572,0,0,1,0,1,1,0,0,0
1018.112568,1,1,1,1,0,0,0,0,1
1019.030913,1,0,1,0,0,1,1,0,1
1019.789677,0,1,1,1,1,1,0,0,0
1020.379734,0,1,1,1,0,1,1,0,1
1021.200866,0,1,0,1,0,1,1,0,0
1022.114231,0,1,1,1,0,0,0,0,0
1023.023413,1,0,1,0,0,1,0,0,0
1023.203615,1,1,1,0,0,0,1,0,0
1023.699976,0,1,1,1,0,0,1,0,0
1023.781618,0,0,1,1,0,1,0,1,1
1023.926898,0,1,0,0,1,0,1,1,1
1024.167424,0,1,1,0,1,1,0,1,0
1024.984591,0,1,0,0,1,1,1,1,0
1025.689289,0,0,0,1,1,0,1,0,1
1026.683366,1,1,0,0,0,1,1,1,1
1027.542792,0,0,0,0,0,1,1,1,1
1027.648771,0,1,1,0,1,0,0,0,0
1028.174246,0,1,0,1,1,0,1,1,1
1028.230364,0,1,1,0,1,0,1,0,1
1028.746543,1,0,0,1,0,1,1,0,1
1029.469270,0,0,0,1,1,0,1,1,0
1030.242224,0,0,0,1,1,0,1,1,0
1031.188015,0,1,1,0,0,0,1,1,0
1031.942896,0,0,1,0,1,1,1,1,0
1032.517907,1,1,1,0,1,0,1,1,0
1032.748961,1,1,1,0,1,0,0,0,0
1033.114950,1,0,0,1,0,0,1,1,1
1033.251736,1,1,0,1,0,0,0,1,0
1033.979786,0,1,1,1,1,1,1,0,0
1034.308960,0,0,1,1,0,0,0,0,0
1034.360671,1,1,0,0,1,0,1,0,0
1034.896045,0,0,1,1,1,0,0,0,0
1034.897045,0,1,1,1,0,1,1,1,1
1035.520041,0,0,0,0,0,1,0,0,1
1036.109071,0,0,0,1,1,0,0,1,1
1036.871149,0,0,1,1,0,0,0,1,1
1037.052262,0,0,1,1,1,1,1,1,0
1037.139771,1,1,0,1,0,1,0,1,1
1038.044229,1,0,1,1,0,0,1,1,0
1038.831872,0,0,0,1,0,0,0,1,0
1039.749804,1,0,0,1,0,0,1,0,1
1039.990524,0,1,0,1,1,0,1,0,1
1040.850895,1,0,0,1,1,1,1,1,1
1041.396065,0,0,0,0,1,1,1,0,1
1041.417749,1,1,0,0,1,0,0,0,0
1042.223253,1,0,1,1,1,1,0,0,0
1042.707376,0,1,0,1,1,0,1,0,0
1042.869054,0,0,0,0,1,1,1,1,0
1043.542109,1,1,0,1,1,0,1,0,1
1044.459389,0,1,0,0,1,1,0,1,0
1044.833349,0,0,1,1,0,0,1,0,1
1045.072781,1,0,1,1,0,1,1,0,0
1045.440435,0,1,1,0,1,0,1,1,1
1045.720670,0,0,1,1,1,0,0,1,1
1045.841841,0,0,1,0,0,1,1,1,1
1046.349279,1,0,0,1,0,1,0,0,0
1047.084057,1,0,0,1,0,0,1,1,1
1047.261710,0,0,1,0,1,0,1,0,0
1047.748280,0,0,1,1,1,0,0,1,0
1047.749280,1,0,1,0,1,1,0,1,1
1048.199771,1,0,1,0,1,0,1,1,0
1048.567807,0,1,0,1,0,0,1,1,1
1048.862630,1,0,1,0,0,1,1,0,1
1048.918980,0,1,0,1,1,0,0,0,1
1049.636765,0,0,0,1,0,1,1,0,1
1050.425228,1,0,0,1,0,1,1,1,1
1050.511065,1,1,0,0,0,1,0,1,1
1050.785125,0,0,0,1,0,1,1,0,1
1050.836708,0,1,0,0,1,1,0,0,1
1051.504310,0,0,1,0,0,1,1,0,0
1051.506376,0,1,0,1,0,0,1,0,0
1051.711990,0,0,0,0,0,1,0,1,1
1052.145116,0,1,1,0,1,0,0,0,1
1052.164877,1,0,0,0,0,0,0,1,1
1052.379777,0,1,1,1,1,1,0,0,0
1052.908523,0,0,1,1,0,1,0,1,1
1053.560035,0,1,0,0,0,0,0,0,0
1054.365539,1,0,1,0,0,1,0,0,0
1054.366539,0,1,0,0,0,0,1,0,1
1055.182553,1,1,0,1,0,1,0,1,0
1056.005874,1,1,1,0,1,1,0,0,1
1056.948290,1,0,0,1,0,1,0,1,0
1057.465586,1,1,0,0,0,1,1,0,0
1057.604793,0,0,0,0,0,1,1,1,1
1057.672393,1,1,0,0,1,0,1,1,1
1058.482107,1,1,1,1,1,0,1,1,1
1059.410866,0,0,0,0,1,0,1,1,1
1059.798697,1,1,0,1,0,1,1,1,1
1060.372078,0,0,0,1,0,0,0,1,1
1060.616274,0,0,1,0,0,0,0,1,0
1061.078858,1,1,1,1,1,0,1,1,0
1061.571966,1,0,1,0,0,0,0,1,1
1062.191893,1,0,0,1,1,0,0,0,0
1062.350630,0,0,0,0,1,0,0,0,1
1063.174336,0,1,0,1,1,1,0,0,0
1063.698100,0,0,0,0,0,0,0,1,0
1064.279716,1,1,1,0,0,1,0,1,0
1064.366233,1,0,0,0,0,1,1,1,1
1064.920139,0,0,0,1,1,0,1,1,1
1065.202583,1,0,1,1,1,1,0,0,0
1066.119621,0,1,0,0,0,1,1,1,1
1066.359053,0,0,1,0,1,0,1,0,1
1066.972805,1,0,1,0,1,0,0,1,1
1067.955691,1,0,1,0,1,0,0,1,1
1068.684476,0,0,0,0,0,0,0,1,0
1069.199007,1,1,1,1,0,0,0,1,1
1069.381810,1,1,1,1,1,1,0,1,1
1070.125058,0,1,1,0,1,0,1,1,1
1071.079648,0,1,0,0,1,1,1,1,1
1071.171862,1,0,0,1,1,1,1,1,0
1071.484265,1,0,1,0,1,1,1,0,1
1071.842430,1,1,0,1,1,0,1,1,0
1072.629110,1,1,1,1,1,0,0,0,1
1072.684110,0,0,0,0,0,0,1,0,0
1072.862258,1,1,0,1,1,0,0,0,0
1073.520697,1,0,1,1,1,0,0,0,1
1073.729660,1,1,1,1,0,0,1,0,0
1074.452986,1,1,0,0,1,0,0,1,0
1074.537972,0,0,0,1,0,1,0,1,0
1075.310864,1,0,1,0,0,1,0,1,1
1075.348864,1,0,0,0,1,0,1,0,1
1075.560986,1,1,0,0,1,1,0,0,1
1076.247347,0,0,0,0,1,0,1,1,1
1077.123162,1,1,1,0,1,0,0,1,0
1077.859221,0,0,1,1,1,0,0,1,1
1078.770895,1,1,1,0,0,0,0,1,0
1079.205174,0,0,0,1,1,1,1,1,0
1079.290596,1,0,1,1,1,1,1,0,0
1079.780646,1,0,1,1,0,1,0,1,0
1079.911951,0,1,1,0,0,1,0,1,0
1080.047180,1,1,1,0,1,0,0,0,1
1080.498242,1,1,0,1,0,1,1,0,0
1080.659486,0,0,1,0,1,1,1,1,1
1081.051913,0,1,0,1,1,0,0,1,1
1081.275875,1,1,1,1,0,0,0,1,0
1081.958118,0,1,0,0,1,1,1,0,0
1082.488001,1,1,0,1,1,0,0,0,1
1082.988501,1,0,0,0,1,0,0,1,0
1082.997419,1,1,0,1,1,0,1,0,1
1083.909184,0,1,0,1,1,1,1,1,0
1084.481938,1,1,0,0,0,0,1,1,0
1084.674236,1,1,1,1,1,0,1,1,0
1085.061946,0,1,0,1,0,1,1,0,0
1085.607855,0,1,0,0,0,0,1,1,1
1086.385855,1,1,0,0,0,1,1,1,0
1086.752686,0,0,0,1,1,0,0,1,1
1086.797642,0,0,1,1,1,1,1,0,0
1087.229105,0,0,0,0,1,1,0,1,1
1087.917729,1,1,0,0,0,1,1,0,0
1088.721753,0,1,1,1,0,1,0,0,0
1089.488727,1,0,1,1,0,0,1,0,0
1089.789812,1,1,0,1,0,0,1,1,0
1090.656904,0,1,0,1,1,1,1,0,0
1091.249212,1,0,0,1,0,1,1,1,0
1091.256466,0,1,0,0,0,0,1,0,1
1092.190868,0,0,0,1,1,1,0,0,0
1092.650831,1,0,0,0,1,0,0,0,0
1093.036062,0,1,0,0,1,1,0,0,1
1093.448043,1,1,1,1,1,0,0,0,0
1093.621751,1,0,1,1,0,1,1,1,1
1093.759347,1,1,0,1,1,0,1,0,0
1094.211508,1,0,1,0,1,0,1,0,1
1094.285283,0,0,0,1,1,0,1,0,0
1094.379093,0,1,1,1,0,0,1,0,1
1094.835451,0,1,1,1,0,0,1,1,0
1095.695241,0,1,0,0,1,0,0,1,0
1095.736347,0,1,0,1,0,1,0,1,0
1096.389399,1,0,0,1,0,1,0,1,0
1096.618487,1,0,1,1,1,0,1,0,1
1097.492608,0,0,0,1,0,1,0,1,0
1097.825114,0,0,1,1,0,1,0,1,0
1097.847299,1,1,0,0,0,1,0,0,0
1098.258516,0,0,0,1,0,1,0,0,1
1099.219633,1,1,1,1,1,1,0,1,1
1099.970432,0,1,0,0,0,1,0,0,0
1100.696688,0,1,0,1,0,0,0,1,0
1100.818779,0,0,1,0,1,0,0,0,0
1101.508745,0,0,0,1,1,1,0,1,0
1101.597297,1,1,0,0,1,1,0,0,0
1102.190649,1,0,0,1,1,0,1,1,0
1102.427164,1,1,0,1,1,1,1,0,1
1103.027564,0,0,0,1,0,1,1,0,1
1103.819673,0,1,0,0,0,1,1,1,1
1104.166481,0,1,1,1,0,0,0,0,1
1104.551712,1,0,1,1,1,1,1,1,1
1105.451812,1,1,0,1,0,0,1,0,0
1106.198544,1,1,1,0,0,0,1,1,0
1106.421804,1,1,0,0,0,0,0,1,0
1106.889978,1,1,1,1,0,1,0,0,0
1107.397320,1,1,0,0,0,1,1,1,0
1108.191177,1,0,0,1,1,0,1,1,1
1108.440589,1,0,0,0,1,0,1,1,1
1109.130019,0,0,1,0,1,0,1,0,1
1109.283277,0,1,1,1,0,1,0,0,0
1109.538260,1,0,1,0,1,1,1,0,1
1110.531856,0,0,1,1,0,0,0,1,0
1111.425221,0,0,0,1,1,0,1,1,1
1111.571771,0,1,0,0,0,1,1,1,1
1112.194967,1,1,0,1,0,1,1,1,1
1112.278876,0,0,0,0,1,1,1,1,1
1112.843980,0,0,0,0,1,1,1,1,0
1113.069980,1,0,1,0,1,1,0,0,1
1113.464525,1,1,1,1,0,0,0,0,1
1113.616030,0,0,1,0,1,1,0,1,1
1113.689123,1,1,1,0,0,1,1,1,0
1114.172973,1,0,1,0,0,0,1,0,1
1115.077350,0,1,1,0,1,1,0,1,0
1115.280438,1,1,1,1,1,1,1,0,1
1116.256072,1,0,1,1,0,1,0,0,1
1116.545516,0,1,1,1,1,1,1,0,0
1116.602737,1,1,1,0,1,1,0,1,0
1116.704281,0,0,0,0,0,1,0,0,1
1116.818035,1,1,1,0,1,0,0,0,1
1116.856876,0,1,1,1,0,0,0,1,1
1117.025202,1,1,0,1,0,0,0,1,0
1117.582927,0,0,0,0,0,0,0,1,0
1118.215149,1,1,0,1,1,1,1,0,1
1119.152576,0,1,1,1,0,1,1,0,0
1119.940157,1,1,1,0,1,0,0,1,0
1120.271644,1,1,0,1,0,0,1,0,1
1120.626457,1,1,0,1,0,0,0,0,0
1121.395653,0,1,1,1,1,0,0,1,0
1122.210653,0,1,0,0,1,0,0,1,0
1122.505932,0,0,0,0,0,1,0,0,0
1123.282553,0,0,0,0,0,1,1,1,0
1123.740050,1,0,1,0,0,1,0,1,0
1124.726730,1,1,0,0,0,1,1,0,0
1125.298305,1,1,0,1,0,1,0,1,1
1126.051106,0,0,0,0,1,0,0,0,1
1126.514678,0,1,1,1,0,1,0,0,0
1127.434114,1,0,1,1,0,0,0,0,0
1127.755078,1,0,0,1,1,1,0,0,0
1128.617285,0,1,1,1,1,0,1,0,0
1129.062715,0,1,0,0,0,1,1,1,1
1129.468072,0,1,0,0,1,0,1,0,0
1129.550758,0,0,0,1,1,1,1,1,1
1129.648729,1,1,0,1,1,1,0,0,1
1130.070360,1,0,0,0,0,0,1,1,1
1130.380079,0,1,0,0,1,0,1,0,1
1130.858664,1,0,1,1,0,0,0,0,0
1130.995775,0,1,1,0,0,1,0,0,0
1131.684908,0,0,1,1,0,0,0,1,1
1131.728548,1,0,0,1,0,1,1,1,1
1132.574856,0,1,0,0,1,0,0,0,1
1133.256294,1,1,0,0,1,1,1,0,0
1133.750471,1,1,1,0,1,0,1,0,1
1134.014759,0,0,0,1,0,0,0,0,0
1134.029865,1,1,1,1,0,1,1,1,1
1134.851665,1,1,1,0,0,0,0,1,1
1135.027248,0,0,0,0,0,0,0,1,0
1135.266105,0,1,1,0,1,1,0,1,0
1135.290611,1,1,1,0,0,0,1,0,0
1136.061428,0,1,1,1,1,0,1,0,1
1136.106532,1,1,0,0,0,1,1,0,1
1136.396716,0,1,0,0,0,0,1,1,1
1137.255709,1,1,0,0,0,0,1,1,0
1137.353138,1,1,0,0,1,0,0,0,0
1138.238070,1,1,0,0,1,1,0,0,1
1139.033012,0,1,0,0,1,1,1,1,0
1139.772280,0,1,1,1,0,0,1,0,0
1139.859549,0,1,1,0,1,1,0,1,1
1140.225619,0,1,0,1,1,1,0,1,1
1141.055058,1,1,1,1,1,1,1,1,0
1141.117511,1,1,0,1,0,1,1,0,0
1141.215943,0,1,0,0,0,1,1,0,0
1141.228273,0,1,1,1,0,0,0,1,0
1141.347836,1,1,1,1,1,0,1,0,1
1141.769983,1,0,1,1,0,0,1,1,1
1141.793183,1,1,0,0,1,1,0,0,0
1142.714659,0,0,1,1,1,1,0,0,0
1142.717993,0,1,1,0,0,1,1,0,0
1142.943421,0,0,0,0,0,1,0,0,1
1143.787732,1,0,1,1,0,1,1,0,1
1144.064446,1,0,0,0,1,0,0,0,0
1144.980585,1,1,0,0,0,1,1,1,1
1145.474050,1,1,1,0,0,0,0,0,1
1145.940703,1,0,0,1,0,0,1,1,0
1146.370071,1,0,1,0,1,1,1,1,1
1146.483945,1,1,1,0,1,0,1,0,0
1147.120797,1,0,0,1,1,1,0,0,1
1147.193154,1,1,1,0,0,1,0,1,0
1147.877681,0,1,1,1,1,1,0,0,1
1148.500316,1,1,0,0,1,0,0,0,1
1149.404521,1,0,1,1,1,0,0,1,1
1149.830096,0,1,0,0,0,1,0,0,1
1150.045005,0,0,1,1,1,0,0,0,0
1150.460800,1,1,0,0,0,0,0,1,1
1150.922877,0,1,1,1,0,1,1,1,1
1151.750864,1,1,1,0,0,0,0,0,1
1152.308450,1,0,1,1,0,0,1,0,1
1152.450193,0,1,1,0,0,0,1,1,1
1152.463327,1,0,1,0,0,1,0,1,1
1152.631113,0,1,1,0,0,0,0,0,0
1153.214863,0,0,1,1,0,1,1,1,1
1153.860183,0,0,0,1,1,0,1,0,0
1154.125538,1,1,0,1,0,0,0,1,1
1154.737262,0,0,1,0,0,1,0,1,1
1155.264682,1,0,1,0,1,0,1,1,1
1155.406345,1,0,1,1,1,1,0,1,0
1155.835488,0,0,0,1,0,0,0,1,0
1156.787241,0,0,1,1,0,0,1,1,0
1157.115876,0,0,1,1,1,1,1,1,0
1158.086370,1,1,0,0,1,0,0,0,0
1158.236979,0,1,1,0,1,1,1,0,1
1158.708772,0,0,0,1,0,0,1,0,0
1159.139754,0,0,1,0,1,1,0,1,1
1159.414452,0,0,0,1,0,0,0,1,1
1159.925087,1,1,0,1,0,0,1,1,0
1160.487169,0,1,0,1,1,0,0,0,1
1160.547990,1,0,0,1,1,1,0,0,1
1161.159714,0,0,0,1,1,0,0,1,1
1161.243964,1,0,1,1,1,0,1,1,0
1161.427251,0,1,1,0,0,0,1,1,1
1162.081917,1,0,0,0,0,1,1,1,0
1162.819680,1,1,1,0,0,0,0,0,1
1163.686193,0,1,1,1,0,1,1,0,1
1164.239272,0,1,0,1,0,0,0,0,1
1164.861624,0,0,0,1,1,0,1,1,0
1164.937549,1,1,0,0,1,0,0,0,1
1165.515611,1,0,0,1,1,0,1,0,0
1165.516611,0,0,0,1,0,1,0,1,1
1166.253716,1,0,1,1,1,1,0,0,0
1166.608811,0,1,1,0,0,1,0,1,1
1166.787204,0,1,1,1,0,0,0,1,0
1167.189688,0,0,0,0,0,1,0,0,0
1168.132835,0,1,1,1,0,1,0,1,0
1168.347036,1,0,1,1,0,0,1,0,0
1168.578679,0,0,1,1,1,0,0,0,0
1169.488447,0,0,1,0,0,0,1,1,0
1170.474620,0,1,1,1,1,1,1,1,0
1170.693695,1,1,0,0,1,1,1,0,1
1170.813375,1,1,0,0,1,0,1,1,0
1171.215970,1,0,1,0,1,1,0,1,0
1171.616570,1,1,0,0,1,0,0,0,1
1172.049111,0,0,1,0,0,0,0,1,0
1172.946166,1,1,0,0,1,1,1,1,1
1173.578887,0,1,1,1,0,0,1,1,1
1174.301116,1,1,1,0,0,0,0,1,0
1175.094141,1,0,0,0,0,0,0,0,0
1175.703607,1,1,1,0,1,1,0,0,1
1175.862227,1,1,0,0,0,1,1,0,0
1176.584407,0,0,1,0,0,0,0,0,0
1176.659977,0,1,1,0,0,1,0,1,1
1177.562330,1,0,1,1,1,1,0,1,1
1177.582311,1,1,0,0,1,1,1,0,0
1178.261025,1,1,1,1,0,1,1,0,0
1178.312674,1,1,0,1,0,1,1,0,1
1178.387189,1,1,0,1,0,0,0,1,1
1179.223716,0,0,0,0,0,0,0,0,1
1179.913040,1,1,1,0,1,0,1,0,1
1180.216576,1,0,1,0,1,0,0,1,0
1180.772576,1,0,0,0,1,0,1,1,0
1181.622663,0,0,0,0,1,1,1,0,0
1182.098049,1,0,0,1,1,0,0,1,1
1182.272788,1,1,0,1,1,0,1,0,1
1182.664095,0,0,0,0,0,0,1,0,0
1182.842257,1,0,0,0,0,0,1,1,0
1183.467305,1,1,1,0,1,1,0,0,0
1183.909322,1,1,1,1,0,1,1,0,0
1184.365488,0,0,1,0,1,1,1,1,0
1184.436233,0,0,0,0,0,1,0,0,1
1184.454637,0,0,1,1,0,1,0,0,0
1184.721500,1,1,0,1,0,0,1,1,0
1184.873169,0,1,0,1,1,0,0,1,1
1185.763147,0,1,1,0,1,0,1,0,0
1186.222849,1,0,0,1,0,0,1,1,0
1186.464027,0,1,0,0,1,1,1,0,0
1187.096793,0,1,1,1,1,1,1,1,1
1187.125017,0,1,1,1,1,0,1,1,0
1187.612120,0,0,0,0,1,1,1,0,1
1188.019063,1,0,1,0,1,0,1,1,1
1188.712800,0,0,0,1,0,1,0,1,1
1188.748853,1,1,0,0,0,0,0,0,0
1189.037739,0,0,0,0,1,0,1,0,1
1189.324168,0,1,1,0,0,1,0,1,1
1190.187758,0,1,0,0,0,1,1,1,1
1190.283004,1,1,0,1,1,0,0,1,1
1191.242504,1,1,0,1,0,1,0,1,1
1191.315750,0,0,0,1,1,0,1,0,1
1191.621911,1,1,0,0,1,1,1,0,0
1191.717411,0,0,0,1,0,1,0,1,1
1191.897286,0,1,1,1,1,0,1,0,1
1192.137333,0,1,1,0,1,0,1,0,1
1192.755086,0,0,0,1,1,1,0,0,0
1193.413206,0,1,0,0,0,0,1,1,1
1194.095089,1,0,0,1,0,0,0,0,0
1194.302778,0,1,1,1,1,1,1,0,0
1194.868914,1,1,0,1,1,1,0,1,1
1195.836689,0,1,0,1,0,1,0,0,0
1196.245520,1,1,0,0,0,0,1,1,0
1197.206911,0,0,1,0,1,1,0,1,1
1198.132802,1,0,0,1,0,0,1,1,0
1198.755131,1,1,0,1,0,1,1,1,0
1199.311131,0,0,0,0,1,1,0,0,0
1200.304120,0,0,0,0,0,1,0,0,0
1200.548166,0,1,1,0,1,0,0,1,0
1201.108711,0,1,1,1,0,0,1,1,1
1202.009909,1,1,0,0,0,0,0,0,0
1202.816959,1,0,1,0,0,0,0,1,1
1203.518369,1,0,1,1,1,1,0,0,0
1204.506919,0,1,0,0,1,1,1,1,0
1204.865999,0,1,0,1,0,0,1,0,0
1205.864388,0,1,1,1,1,0,0,0,0
1206.151302,1,0,1,1,1,1,1,0,0
1206.211067,0,1,0,1,0,0,0,0,0
1206.627236,0,1,1,0,1,1,1,0,0
1206.727964,1,0,0,0,1,1,1,1,1
1207.688004,0,1,0,0,0,0,0,1,1
1208.176209,1,1,0,1,1,1,1,1,0
1209.093804,0,0,0,0,1,1,0,0,0
1209.456628,0,0,0,0,1,0,1,1,0
1209.505690,0,0,1,1,0,1,1,0,1
1209.909956,1,1,0,0,0,1,0,1,1
1210.242132,1,0,1,1,1,1,0,1,1
1211.101710,1,1,0,1,1,0,0,1,1
1211.962776,0,0,1,0,0,1,1,1,0
1212.909826,0,1,0,1,0,1,0,0,1
1213.834713,0,1,0,0,0,1,1,1,1
1214.348453,1,1,0,1,0,1,0,1,0
1214.892119,0,1,0,1,1,0,0,1,1
1215.713194,1,0,1,1,1,1,1,1,0
1216.327122,1,0,1,0,1,1,1,0,0
1217.069316,1,1,1,1,0,0,0,1,1
1217.538486,1,1,0,1,0,0,0,0,1
1218.151776,0,0,0,0,0,0,1,0,0
1219.137706,0,1,1,0,0,0,0,1,1
1219.757405,1,1,0,1,1,0,1,1,1
1219.963733,0,1,0,1,1,1,0,0,1
1220.448864,0,0,0,1,1,0,0,0,0
1220.949364,1,0,0,1,0,1,1,0,1
1220.981324,0,0,1,0,1,0,0,0,0
1221.017254,1,1,0,0,0,1,1,0,1
1221.419914,0,0,0,0,0,1,1,0,0
1222.234336,1,0,0,0,1,0,1,0,1
1222.475812,1,1,1,0,0,0,0,0,0
1222.679253,1,1,0,1,1,1,1,0,1
1222.948852,1,1,0,0,1,0,1,1,0
1223.259737,1,1,0,0,1,1,1,0,0
1223.894249,0,1,0,0,0,0,1,1,1
1224.091481,0,1,1,0,1,1,0,1,1
1224.760602,1,1,0,0,1,1,0,1,0
1225.512963,1,1,0,1,1,1,0,0,1
1225.702881,1,0,1,1,0,1,1,1,0
1226.323261,0,1,0,0,0,1,0,1,0
1226.688429,1,1,0,1,1,0,1,0,0
1227.242594,0,0,1,1,1,0,0,0,0
1227.297594,1,0,1,0,1,1,0,1,0
1227.597963,0,1,1,1,1,1,1,1,1
1227.926222,0,0,1,0,1,0,0,0,1
1228.829933,0,0,0,1,1,0,0,0,0
1228.996701,0,1,1,1,0,1,1,1,1
1229.563272,0,0,0,1,0,1,1,0,1
1230.538493,0,1,1,1,0,0,1,0,1
1231.424410,1,0,0,0,1,0,0,1,1
1231.706681,1,1,0,0,0,0,0,0,1
1232.094156,0,0,0,1,0,1,1,1,1
1233.055880,1,1,0,0,1,1,0,0,1
1233.281984,1,1,0,1,1,1,1,1,0
1234.211315,1,0,1,1,0,0,1,0,1
1234.874303,0,1,0,0,1,0,1,1,0
1235.038950,0,1,1,1,1,1,0,1,0
1235.515959,0,1,1,0,1,0,0,0,1
1235.898310,1,1,1,0,0,0,0,1,1
1236.000050,0,1,0,0,0,1,1,0,1
1236.733446,1,0,0,0,0,1,1,0,0
1237.488408,1,1,1,1,0,0,1,1,1
1238.473571,1,0,1,0,1,1,0,0,1
1238.657820,0,0,0,0,1,1,1,1,0
1238.931041,1,0,1,1,1,1,0,1,0
1239.478819,0,1,1,0,1,1,1,1,0
1240.400882,1,0,0,0,0,1,0,0,1
1240.867500,1,1,1,1,1,0,1,0,0
1241.632209,0,1,0,1,0,0,1,1,1
1242.190484,0,1,1,1,0,0,0,0,0
1242.568738,0,0,0,1,1,1,0,1,1
1243.561053,0,1,1,1,0,0,1,1,1
1244.213788,1,0,1,1,0,1,1,1,1
1244.995824,1,0,0,0,1,0,0,1,0
1245.405506,1,0,0,1,0,1,0,1,0
1245.421491,0,1,0,0,0,1,1,0,0
1245.622291,1,1,0,0,0,1,0,0,1
1246.421411,1,0,1,1,0,1,1,0,0
1247.283405,0,0,1,1,0,1,1,0,0
1247.708508,0,1,0,0,1,1,1,1,0
1248.397470,1,0,0,1,1,0,0,1,1
1248.730482,1,0,1,1,0,1,0,0,1
1249.252433,1,0,1,1,1,1,0,1,1
1249.516937,0,0,0,0,0,1,1,0,1
1249.636046,0,1,0,1,1,0,1,1,0
1250.566157,0,0,1,0,1,1,1,1,1
1251.204816,1,0,1,0,1,0,1,1,1
1251.784185,1,0,1,0,0,0,0,1,1
1252.267114,1,1,1,0,0,1,0,1,1
1252.773044,0,1,1,0,1,1,0,1,1
1253.261927,0,0,1,1,1,1,1,0,1
1253.736632,1,1,0,0,1,0,0,0,1
1254.114178,0,1,0,1,0,1,0,1,1
1254.547242,1,1,1,0,0,0,1,0,0
1255.297492,0,1,0,1,0,0,1,1,1
1255.298492,1,0,1,0,0,0,0,1,0
1255.928047,1,0,1,1,0,0,1,1,1
1256.868895,0,1,1,1,0,1,1,1,0
1257.544220,0,0,0,1,0,1,0,1,0
1258.020736,1,0,1,0,0,0,0,1,0
1258.861102,0,1,1,1,0,1,0,1,1
1259.278244,1,0,1,1,1,0,1,0,0
1259.789437,1,0,0,1,0,1,0,0,1
1260.767798,0,1,0,1,1,0,1,0,0
1260.800144,1,1,1,0,0,0,1,0,1
1260.994701,0,1,1,0,0,1,1,0,0
1261.186754,0,0,0,0,0,1,0,0,0
1261.785516,1,0,0,0,0,0,1,1,1
1261.804548,0,1,1,0,1,0,1,1,0
1262.204702,0,0,1,0,1,0,0,0,0
1262.916958,1,0,0,1,0,1,0,1,1
1263.203387,1,0,0,0,0,0,1,0,1
1263.420157,1,1,1,1,1,1,0,1,1
1263.538686,0,0,1,1,1,0,1,1,0
1263.617002,0,0,0,0,1,1,1,0,0
1263.717902,0,0,0,1,0,0,1,0,0
1264.089104,0,1,1,0,1,0,1,0,1
1264.480295,0,1,0,1,0,0,0,1,0
1264.960078,1,1,0,1,0,0,1,1,1
1265.405240,1,0,1,0,0,1,1,1,1
1266.027909,1,0,0,1,1,0,0,1,0
1266.422911,1,0,0,1,0,1,1,1,0
1266.839470,1,0,0,1,0,1,1,1,1
1267.046875,0,1,0,0,1,1,1,1,0
1267.689875,0,0,0,1,1,0,1,0,1
1268.094227,0,0,0,0,1,1,0,1,0
1268.938133,0,1,1,1,0,1,1,1,0
1269.393902,0,1,0,0,1,1,1,0,0
1269.946949,1,0,0,1,1,0,0,0,1
1270.942123,0,1,1,1,0,0,0,0,0
1270.982819,1,1,0,1,0,1,1,0,0
1271.708899,0,0,0,1,1,0,0,1,0
1271.912742,0,0,1,0,1,1,1,0,0
1272.832822,1,1,1,0,0,1,1,0,1
1273.435198,0,0,0,0,1,1,1,0,0
1274.325690,1,0,0,1,1,1,0,0,1
1274.392414,1,1,1,0,1,1,1,0,0
1275.008183,0,1,0,1,0,0,0,1,0
1275.608583,0,0,0,1,1,0,0,1,0
1275.883787,1,1,1,1,1,0,1,0,1
1276.369595,1,0,0,1,0,0,0,0,0
1276.601134,1,0,0,1,0,1,0,1,1
1277.568054,0,0,1,0,1,1,1,0,0
1277.706457,1,0,1,0,0,1,0,0,0
1278.422235,0,0,1,0,0,1,1,1,1
1278.884312,1,0,0,0,0,1,0,1,1
1279.480816,1,1,1,0,1,1,1,0,0
1279.567292,1,1,0,1,0,0,0,1,0
1279.638091,1,0,0,1,1,1,1,0,1
1280.269412,0,0,0,1,0,1,1,0,1
1280.943789,0,0,0,0,0,0,0,1,1
1281.813438,0,0,0,0,1,1,0,0,1
1282.716238,0,1,1,1,0,0,1,1,0
1283.476670,0,1,1,1,0,1,1,1,1
1283.953756,0,1,1,0,0,0,0,1,0
1284.462204,1,1,0,1,0,0,0,0,0
1284.839326,1,0,0,1,1,0,0,0,1
1285.044533,0,0,1,0,1,1,0,1,1
1285.621880,0,1,0,1,0,0,0,0,0
1286.516995,0,0,0,1,0,1,1,0,0
1287.463477,1,0,0,1,0,0,0,0,0
1287.493494,1,0,0,1,1,1,1,0,1
1288.003075,1,1,0,1,1,0,1,1,0
1288.139261,0,1,1,1,1,0,1,0,0
1288.213142,1,1,0,1,1,1,1,0,1
1288.245361,0,0,1,0,1,0,0,0,1
1288.506920,1,0,0,0,1,0,1,1,1
1288.597116,0,1,0,1,1,0,1,1,0
1289.525589,1,0,1,1,1,1,0,0,1
1289.572205,0,0,0,1,0,0,1,0,0
1289.660075,0,1,1,0,1,1,0,0,1
1290.368441,1,0,1,1,0,1,0,0,0
1291.173138,1,1,0,1,0,1,1,0,0
1291.499623,1,0,1,1,1,1,1,0,1
1291.846902,0,0,1,0,1,0,1,0,1
1291.892443,1,0,1,0,0,0,0,1,1
1292.383317,0,1,0,1,1,0,0,0,0
1292.942390,0,0,1,0,0,0,1,0,0
1293.333675,1,1,1,0,1,1,0,0,0
1294.217299,0,0,1,1,0,1,0,0,0
1294.336712,0,1,0,0,0,1,1,0,1
1295.315112,0,1,1,0,1,1,0,1,1
1295.615812,1,1,1,1,0,1,1,0,1
1296.159478,0,1,0,1,1,1,1,1,0
1297.101432,0,0,0,1,0,1,0,1,1
1297.272632,0,1,1,0,0,0,0,1,0
1298.166117,1,0,0,1,0,1,1,0,0
1298.396772,0,1,1,1,1,0,1,1,1
1298.638348,0,0,1,1,1,1,1,1,0
1299.557621,1,0,1,0,0,1,1,1,0
1299.720621,1,1,1,0,1,0,0,1,0
1300.209228,1,0,1,1,1,1,1,1,1
1300.395228,0,0,1,1,0,1,1,1,1
1300.859179,1,1,1,0,1,0,1,1,0
1301.322659,0,1,0,0,1,0,1,0,0
1301.886193,0,0,1,0,0,1,1,1,1
1302.709898,1,1,0,1,1,0,1,0,1
1303.652579,0,0,1,1,1,0,0,0,1
1304.452779,0,1,0,0,1,1,1,0,0
1305.133099,0,0,0,1,0,0,0,0,1
1305.348465,0,1,0,0,1,1,1,1,1
1305.504044,1,1,1,1,1,0,1,1,0
1305.838440,1,1,0,1,1,1,0,0,0
1306.048461,0,0,1,0,0,1,1,1,1
1306.410771,0,0,0,0,0,0,0,1,1
1307.111071,1,0,1,1,0,0,0,1,0
1307.430246,0,1,0,0,1,1,0,0,1
1307.983261,1,0,1,0,1,0,1,1,0
1308.469489,1,0,1,0,1,0,1,0,1
1309.298372,0,0,1,1,1,0,0,0,0
1310.026336,0,0,0,1,0,0,0,0,0
1310.484822,1,0,0,0,0,0,0,1,0
1310.634609,0,0,0,1,1,1,0,1,0
1311.349181,0,1,0,1,1,1,0,1,0
1311.713821,1,1,1,1,0,1,0,0,0
1312.284479,0,0,0,0,1,1,0,1,1
1312.808272,1,0,0,0,0,0,1,0,1
1312.889380,1,0,0,1,1,0,1,1,1
1313.813004,1,1,1,0,1,1,0,1,1
1314.612224,1,1,1,1,0,1,1,1,0
1315.450140,1,0,0,0,0,1,1,1,0
1315.734133,1,0,1,0,0,0,1,1,0
1315.892001,0,0,0,1,1,0,1,1,0
1316.741406,0,0,0,0,0,0,1,0,0
1316.881639,1,1,1,1,1,1,1,1,1
1317.044897,1,1,0,0,1,1,0,1,1
1317.647336,1,1,1,1,0,1,0,1,1
1318.633926,1,1,1,1,0,1,1,0,0
1318.721398,0,1,0,1,0,1,0,1,0
1318.889264,0,1,0,0,0,0,0,1,1
1319.724075,1,1,0,0,0,1,0,1,1
1320.128559,1,1,0,1,0,1,0,1,0
1320.178632,1,1,1,1,1,0,1,0,1
1320.641755,1,1,1,0,1,1,1,0,1
1321.392005,0,1,0,1,0,1,0,1,1
1322.132615,1,0,0,0,1,1,1,1,0
1322.743837,0,0,1,0,0,0,0,0,0
1322.942441,1,1,0,0,0,1,0,0,0
1323.873066,0,0,1,1,1,1,0,0,1
1324.473466,1,1,1,0,0,1,1,0,1
1324.761028,1,0,1,0,1,1,0,0,1
1325.082711,0,1,0,1,1,0,0,1,1
1325.186058,0,1,1,1,0,0,0,0,1
1325.834558,1,1,0,1,1,1,1,1,0
1325.927664,1,0,1,0,0,1,0,1,0
1326.424130,1,0,1,0,0,0,0,0,0
1326.505141,1,1,1,0,1,0,1,1,1
1326.928132,1,1,0,1,0,1,0,1,0
1327.666570,1,0,1,0,1,1,1,1,0
1327.732283,1,1,1,1,1,0,1,1,0
1327.975079,0,0,0,0,0,1,0,1,0
1328.386958,1,1,1,0,0,0,1,1,0
1328.548469,0,1,0,0,1,1,0,1,0
1329.081830,0,0,1,1,0,1,0,1,1
1329.207705,1,0,1,0,1,1,1,1,0
1329.232931,1,1,0,0,0,1,1,0,1
1329.233931,1,0,1,1,0,1,1,1,0
1329.597280,0,1,0,0,1,0,0,0,0
1330.128079,1,1,1,1,1,1,1,1,0
1331.005867,0,0,0,0,0,0,1,0,1
1331.838387,0,0,1,1,1,0,0,1,0
1331.983139,1,0,0,0,0,1,1,1,0
1332.327734,0,1,0,1,0,0,0,1,1
1332.553897,0,1,1,1,0,1,0,1,0
1333.041720,1,0,1,0,1,0,1,1,1
1333.909829,0,0,1,1,0,0,0,0,0
1334.677690,1,0,1,0,1,0,0,1,1
1334.799007,1,1,1,1,0,1,0,1,0
1335.707496,1,0,1,0,1,1,0,0,1
1336.380092,0,1,1,1,1,0,1,0,1
1336.554596,0,0,0,0,1,1,0,0,1
1337.244096,1,1,1,0,0,0,0,1,1
1337.329518,0,1,0,0,1,1,0,1,1
1337.909511,1,1,1,1,1,0,0,0,1
1338.217896,0,0,0,0,0,0,0,1,0
1338.438844,0,1,0,1,1,1,1,1,1
1339.292251,1,0,0,0,1,1,0,0,1
1339.361513,0,1,1,1,0,0,0,1,1
1339.692960,1,1,0,0,1,0,1,1,0
1340.489923,0,1,0,0,0,0,1,0,1
1340.712626,0,1,0,0,1,0,1,0,0
1340.938401,0,1,1,0,0,0,0,1,0
1341.741876,0,0,1,0,0,1,0,1,1
1341.983261,1,0,1,1,0,1,0,0,1
1342.627717,1,0,0,1,0,0,0,1,1
1342.797915,1,0,0,1,1,0,1,0,1
1343.252321,0,1,0,0,1,1,0,1,0
1343.317737,1,1,1,1,0,1,0,1,1
1344.160517,1,0,1,0,1,1,1,0,0
1344.229246,1,1,0,1,1,0,0,0,1
1344.421118,0,0,1,0,1,1,1,1,0
1345.254618,1,0,1,0,0,0,0,0,0
1345.522465,1,1,0,1,0,1,0,1,0
1346.040274,0,0,1,0,1,0,0,0,0
1346.683231,1,0,0,1,0,0,0,1,1
1346.967339,1,1,1,0,1,1,1,1,0
1347.182609,1,0,0,0,1,1,0,0,0
1347.609287,0,0,1,1,1,0,0,0,0
1347.967417,0,0,1,0,1,0,1,1,0
1348.800917,1,1,0,1,1,0,0,1,1
1349.007804,0,1,0,0,1,0,0,0,1
1349.106268,0,0,0,1,1,0,1,1,0
1349.345125,0,1,1,1,0,1,0,1,0
1349.891034,1,1,0,0,0,0,1,0,1
1350.351344,1,1,0,0,1,1,0,0,1
1350.778604,0,1,1,1,1,1,1,1,1
1351.386139,0,1,1,1,0,1,1,1,1
1352.011180,0,0,1,1,0,1,0,0,0
1352.537969,1,0,1,1,1,0,0,1,1
1353.061253,1,0,0,1,1,1,1,0,1
1353.733264,0,1,0,1,1,1,0,0,0
1354.692370,1,0,0,1,1,1,1,0,1
1354.759238,1,1,1,0,1,1,0,0,0
1355.052030,1,1,1,1,1,1,1,0,0
1356.049096,0,1,0,1,1,1,1,0,1
1356.670687,1,1,0,0,1,0,1,0,0
1357.490429,1,1,0,0,1,0,1,1,1
1357.734475,0,0,1,1,0,0,0,1,0
1357.818351,1,1,1,0,0,0,0,1,0
1358.021946,1,0,0,0,0,0,0,1,0
1358.448505,0,1,1,1,0,1,0,0,0
1358.464927,1,0,1,1,1,1,0,0,0
1358.608641,1,0,0,1,0,1,0,1,1
1359.179220,1,1,1,0,1,0,0,1,0
1359.906766,0,0,0,0,0,1,0,1,0
1360.197272,1,1,1,0,0,1,1,1,0
1360.690087,1,0,1,0,1,1,1,0,0
1361.269137,1,0,0,0,0,1,1,0,0
1361.428276,1,1,1,1,0,1,0,1,0
1361.765944,0,1,1,0,0,0,0,0,0
1361.923413,1,1,0,0,0,1,0,1,0
1362.304280,0,0,1,1,0,1,1,0,0
1363.104480,0,1,0,0,1,1,1,1,0
1363.463522,0,0,1,0,1,1,0,0,0
1363.569680,0,0,0,0,0,1,1,1,1
1364.511673,1,0,0,0,1,0,1,0,1
1365.002980,0,1,0,0,1,1,0,1,0
1365.303069,0,1,0,1,1,1,1,0,0
1365.732942,1,0,1,0,0,0,1,1,0
1365.835479,1,1,0,0,0,0,0,1,1
1366.715079,0,0,1,0,0,0,0,1,0
1367.371507,1,0,1,1,1,0,1,0,1
1367.397420,0,0,1,0,1,0,0,0,1
1368.172005,1,0,1,0,0,0,0,0,0
1368.476149,1,0,1,1,1,1,0,1,0
1368.892057,0,1,1,1,1,1,0,1,0
1369.770198,0,1,1,1,0,0,0,1,1
1370.262362,1,0,1,1,1,1,1,0,1
1371.080141,0,0,0,0,0,1,0,0,1
1371.095869,0,0,1,0,0,1,1,1,0
1371.468590,0,0,1,0,1,0,0,1,1
1372.275800,1,1,1,0,1,1,0,0,1
1372.640958,0,1,1,1,0,0,0,1,1
1373.469858,1,0,1,1,0,1,0,0,0
1373.936770,1,1,0,1,1,1,1,1,1
1374.519277,0,0,0,1,1,0,0,1,1
1375.138095,1,1,1,1,1,0,0,0,0
1375.413820,0,0,1,0,1,0,1,1,1
1375.947855,0,0,0,0,0,1,1,0,0
1375.961581,0,0,1,0,0,1,0,0,0
1376.363703,1,0,0,1,1,0,0,1,1
1377.096175,1,1,0,1,0,0,0,0,1
1377.583386,1,1,0,1,0,1,1,0,1
1378.493588,0,1,0,0,0,1,0,1,0
1379.126531,1,0,1,0,1,1,0,1,1
1379.382469,1,0,1,1,0,0,0,1,0
1379.389998,1,1,1,1,1,1,0,0,0
1380.172359,1,0,1,0,1,0,1,0,0
1381.015750,0,0,0,1,0,1,1,0,1
1381.658964,0,1,1,1,0,0,1,0,1
1381.821261,1,0,0,1,0,0,1,0,0
1381.872211,1,0,0,0,0,0,1,0,1
1382.493884,0,0,1,0,1,1,0,0,1
1382.597484,1,1,0,1,1,1,0,0,1
1383.280969,1,1,0,1,0,0,0,1,0
1383.887460,0,1,1,0,1,1,0,1,0
1384.829547,1,0,0,1,0,0,0,0,1
1385.486456,1,0,1,0,1,1,0,0,1
1386.099089,0,0,0,1,0,1,0,0,0
1386.965889,0,1,1,1,1,0,0,0,0
1387.945418,1,1,1,0,1,1,1,0,0
1387.952891,0,0,1,0,1,1,0,0,1
1388.538212,1,0,1,1,1,1,0,1,1
1388.970645,1,0,0,1,0,1,1,1,1
1389.506322,1,1,1,1,0,0,0,1,1
1390.262663,0,1,1,0,1,0,1,1,1
1391.241317,1,1,0,0,1,1,0,0,1
1392.239346,0,1,1,0,1,1,1,0,1
1393.051863,0,1,0,0,1,1,0,0,1
1393.491448,1,0,1,1,0,1,0,0,0
1393.672345,0,0,0,1,1,0,0,1,1
1394.070298,1,1,0,1,1,1,1,1,0
1394.380268,0,1,0,1,1,1,1,1,1
1395.368334,0,1,1,0,1,0,0,0,0
1395.539377,1,1,1,1,0,0,0,1,1
1395.990807,0,1,1,1,1,1,1,0,0
1396.387916,0,0,0,0,0,1,0,0,0
1397.145971,1,0,0,1,0,0,1,0,1
1397.640045,1,1,1,0,0,1,1,0,0
1398.236077,1,1,0,0,1,1,1,0,1
1399.142421,1,1,0,0,0,0,1,0,1
1399.804839,1,1,0,0,0,1,1,1,0
1400.602480,1,0,1,1,0,0,1,1,1
1401.033050,0,1,1,0,0,0,1,0,1
1401.470280,0,0,1,1,0,0,0,0,1
1401.556909,0,0,0,1,0,1,0,1,1
1402.186909,0,1,1,1,0,0,0,1,1
1403.068706,0,0,0,0,1,1,0,1,1
1403.627179,1,0,1,0,0,1,0,1,1
1404.361884,0,0,0,1,1,1,1,1,0
1404.368039,0,1,0,0,0,0,1,0,0
1404.487564,1,1,1,0,1,1,1,1,1
1404.739947,0,0,0,0,0,0,0,1,0
1404.809885,1,0,1,1,0,1,0,1,0
1405.690585,0,0,1,0,0,1,0,0,0
1405.846206,1,0,0,0,1,0,0,1,0
1406.254147,1,1,1,0,1,0,0,0,0
1407.223543,0,1,1,1,1,1,1,1,0
1407.264151,1,1,1,0,1,1,0,0,1
1407.792840,0,0,0,0,1,0,1,1,0
1407.801907,1,1,1,0,1,1,1,1,1
1408.371216,0,1,1,0,0,0,0,0,1
1408.966762,0,0,1,0,1,0,1,1,1
1409.142451,1,1,1,1,0,1,0,0,0
1409.286475,0,1,1,1,1,0,1,0,0
1409.302166,0,1,0,0,0,1,1,1,1
1410.074502,0,0,0,0,1,1,1,1,1
1410.926502,1,1,0,0,0,0,1,0,0
1410.968278,1,0,1,0,0,1,1,0,0
1411.954007,1,1,0,1,1,0,0,1,0
1412.035723,0,1,0,1,0,0,1,1,0
1412.948950,0,1,0,0,1,0,1,1,0
1413.373440,0,1,0,0,1,1,0,1,0
1413.541754,1,1,0,1,0,1,1,1,0
1414.266920,1,1,0,1,1,0,1,1,1
1414.767420,1,0,0,0,0,1,1,1,1
1415.612422,1,0,0,0,0,0,0,0,0
1416.467481,0,0,1,1,1,1,0,1,0
1416.941355,0,0,0,1,1,1,1,0,0
1417.633647,1,0,1,0,0,0,0,0,0
1417.652199,1,1,1,1,1,0,0,0,1
1417.909699,1,0,0,0,0,1,1,0,1
1418.557214,1,0,0,0,0,1,0,0,1
1419.377394,0,1,1,0,1,1,1,0,1
1419.843276,1,0,0,0,0,0,0,0,1
1420.184463,0,0,0,0,1,0,0,1,0
1420.835298,1,1,0,0,1,0,0,1,1
1421.538752,0,1,0,1,0,1,0,0,0
1421.797239,0,1,0,1,1,1,0,0,1
1422.161124,1,0,0,1,0,1,1,1,1
1422.911374,0,1,1,0,0,1,0,0,1
1423.457283,1,1,0,0,1,0,1,1,0
1424.061544,0,0,1,0,1,1,1,0,1
1424.792582,0,1,1,1,1,0,1,1,0
1425.565307,0,1,0,0,0,1,0,0,0
1426.325930,1,1,1,1,1,0,1,0,0
1426.331025,1,1,0,0,1,0,0,1,1
1426.916432,0,0,1,0,1,0,0,1,0
1427.637865,1,1,1,1,1,0,1,0,0
1428.377347,0,1,0,1,0,1,0,1,1
1428.805847,0,1,0,1,1,1,1,0,0
1428.857445,1,1,0,1,0,1,1,1,1
1429.465529,1,1,1,1,1,0,1,1,1
1429.493018,0,1,1,1,1,1,0,1,1
1429.556025,0,0,0,1,0,0,0,0,1
1429.833171,1,1,1,0,0,0,1,1,0
1430.180763,1,1,1,1,1,1,1,1,0
1430.700262,0,1,0,0,1,0,0,0,1
1431.217058,0,0,1,1,0,0,0,0,0
1431.459129,0,0,0,0,1,0,1,1,0
1432.208334,1,0,0,1,1,0,0,0,0
1432.572436,0,0,0,1,0,0,0,1,0
1432.980287,1,1,0,0,0,1,1,0,1
1433.382990,1,0,0,0,1,1,1,0,0
1434.269701,1,0,0,1,1,1,0,1,0
1434.975878,0,0,0,1,1,0,0,0,1
1435.904146,1,1,0,0,0,1,1,0,1
1436.810490,1,1,1,0,1,1,0,0,1
1437.277081,0,0,0,1,0,1,1,1,1
1438.200857,1,0,1,0,1,1,0,1,0
1438.926780,0,0,0,0,0,1,1,1,1
1439.195455,0,1,0,1,0,1,0,1,0
1439.396902,1,0,1,0,0,1,0,1,0
1439.974662,1,1,0,1,0,0,0,1,1
1440.013040,1,0,1,0,0,0,0,1,1
1440.414403,0,1,0,1,1,0,1,1,0
1441.320332,1,1,1,1,0,1,1,1,0
1442.097463,0,0,1,1,1,0,1,1,0
1442.729237,1,1,0,0,1,1,1,0,0
1443.063237,1,1,1,1,0,0,0,1,1
1443.796178,0,1,1,0,1,0,0,1,1
1444.007323,0,1,1,0,1,1,1,0,0
1444.275323,0,0,0,0,0,0,0,1,0
1445.256423,0,0,0,0,0,1,1,1,0
1445.295316,1,0,1,0,1,1,0,0,0
1446.059266,1,1,1,0,1,1,0,1,0
1446.149728,0,1,1,0,0,1,1,1,1
1446.954478,1,1,1,0,1,0,1,0,0
1447.945141,0,0,0,0,0,0,1,0,0
1448.003656,1,0,1,0,1,0,0,0,0
1448.923960,0,0,0,1,1,1,1,1,1
1448.948970,1,1,0,0,1,1,0,1,1
1448.960311,1,0,0,0,1,1,1,0,1
1448.961311,1,1,1,0,1,1,1,1,0
1449.186225,1,0,1,1,1,0,1,0,1
1450.146064,0,0,1,0,1,0,0,0,0
1450.880937,1,1,1,0,1,1,1,0,0
1451.710473,1,1,0,0,0,0,1,0,1
1452.228903,1,0,1,1,0,0,1,0,1
1452.817255,0,0,1,0,0,1,1,0,1
1453.352752,0,0,0,1,0,1,1,0,0
1453.592223,0,0,0,0,0,1,0,0,0
1453.654255,0,1,1,0,1,0,1,0,1
1454.353942,0,0,1,1,1,1,0,1,0
1455.048821,0,0,0,0,1,1,1,1,1
1455.137485,1,0,1,1,1,1,1,1,0
1455.725580,0,1,0,1,1,0,1,1,0
1456.520981,1,1,0,1,1,1,1,1,0
1457.165845,1,0,0,0,1,1,0,0,1
1458.106203,0,0,1,0,0,0,0,1,0
1458.472540,1,1,0,0,1,0,1,1,1
1459.060766,0,1,1,1,1,0,0,0,0
1459.955772,1,1,1,1,0,0,1,1,0
1460.205558,0,1,0,0,0,0,1,0,0
1460.860797,1,0,1,0,1,1,0,1,1
1461.847627,0,0,1,1,1,0,1,0,0
1462.622406,1,0,1,1,1,0,0,1,1
1463.076190,0,0,0,0,1,0,0,0,0
1463.234336,1,1,1,1,1,0,1,0,0
1463.984175,0,1,1,0,1,1,0,0,0
1464.578741,1,0,1,0,0,0,1,1,1
1465.264414,0,0,1,0,1,1,0,0,0
1465.484373,0,1,0,1,1,0,1,1,0
1465.564792,1,0,0,1,0,0,1,0,0
1466.538683,0,1,0,0,0,0,1,1,0
1467.506587,0,1,1,1,1,1,0,1,1
1467.531691,0,0,0,1,0,0,0,0,1
1468.059527,1,1,0,1,1,0,0,0,1
1468.483384,1,1,1,0,1,0,1,1,0
1468.855336,0,1,0,0,1,1,0,1,0
1468.897112,1,1,1,0,1,1,0,0,1
1469.465319,1,1,1,1,1,0,1,0,1
1469.510135,1,0,1,1,1,0,1,1,0
1469.905107,0,0,0,0,0,1,1,1,1
1470.250274,1,0,0,1,0,1,0,1,1
1470.782742,0,1,0,1,1,1,0,1,1
1471.374867,1,1,0,1,0,0,0,1,0
1472.370781,0,0,0,0,1,1,0,1,0
1473.170420,1,1,0,1,0,1,0,1,1
1473.571020,1,0,1,0,1,1,0,0,0
1474.021570,0,1,1,0,1,0,1,0,1
1474.310326,1,0,0,1,1,1,1,0,1
1474.494794,0,0,1,0,0,0,1,0,0
1475.244113,1,0,0,0,1,0,1,0,0
1475.467113,0,1,0,0,0,0,1,1,1
1476.356671,1,0,1,0,1,1,0,0,1
1476.649815,1,0,0,1,0,0,0,1,1
1477.033376,0,0,1,0,0,0,0,0,1
1477.621145,1,1,0,1,0,1,0,0,0
1478.502598,0,0,0,0,0,1,0,0,1
1479.036674,1,0,1,1,0,0,0,1,1
1479.254974,1,1,0,0,0,0,0,0,0
1479.372408,1,1,1,0,0,0,0,0,1
1479.762589,1,1,1,1,0,1,1,0,0
1479.796298,0,1,1,0,1,0,1,1,1
1480.653971,0,0,0,1,1,0,0,0,0
1481.496301,1,1,1,1,1,1,0,0,1
1482.009946,0,1,1,0,0,0,1,0,1
1482.172307,1,1,1,1,0,0,0,1,0
1482.862272,1,0,1,0,0,0,1,1,0
1482.909955,1,0,1,0,1,0,1,1,0
1483.160705,0,0,1,1,1,0,1,1,0
1483.299017,1,0,0,1,0,0,0,0,0
1483.922510,0,0,0,1,1,1,0,1,1
1484.194132,1,0,1,1,0,0,1,1,0
1485.158885,0,1,0,0,0,0,0,0,1
1485.721823,1,1,0,0,0,0,1,0,1
1486.066904,1,1,1,1,1,0,1,1,0
1486.310415,0,0,1,1,1,1,1,0,1
1486.736229,0,1,1,1,1,1,0,0,0
1487.693860,1,1,1,0,1,0,0,1,0
1488.274201,1,1,1,1,1,1,1,1,1
1488.941960,0,0,0,1,1,1,0,1,1
1489.675373,0,0,0,1,1,1,1,0,1
1490.044648,0,0,0,1,0,0,0,0,1
1490.572476,1,1,1,1,0,1,0,0,1
1490.930075,1,1,0,1,1,1,1,1,0
1491.819210,0,0,0,1,0,1,0,1,1
1492.740637,1,0,1,1,0,0,1,0,0
1493.304566,0,1,0,0,0,1,0,0,0
1493.391194,0,0,0,1,0,1,1,0,1
1493.975552,1,1,1,0,0,1,0,1,1
1494.060283,1,1,1,0,1,1,1,1,0
1494.431093,0,0,1,1,1,0,1,1,0
1494.987927,0,1,0,1,1,1,1,0,1
1495.939708,0,1,0,0,0,1,1,0,1
1496.532116,0,1,1,0,0,0,1,1,1
1496.730821,1,1,1,1,0,0,0,0,1
1497.127259,0,1,0,0,1,0,0,0,0
1497.731716,0,1,1,0,0,1,1,0,1
1498.309724,1,0,0,0,1,1,1,1,0
1498.587200,0,0,1,0,0,0,0,0,1
1498.971761,1,1,0,1,0,0,0,0,0
1499.310768,1,0,0,1,0,0,0,0,0
1499.724172,1,1,0,0,1,1,0,0,0
1499.782573,1,0,0,1,1,1,0,0,0
1500.767145,0,1,0,0,0,1,1,0,1
1501.586997,1,0,0,1,0,0,1,1,0
1501.666044,0,1,1,0,1,1,0,0,0
1502.346972,0,1,0,0,0,0,0,0,1
1502.504240,1,1,1,1,0,1,0,1,1
1503.078036,0,1,1,1,0,0,1,0,0
1503.382530,0,0,1,1,1,1,1,1,0
1503.800101,0,0,1,1,0,0,0,0,0
1504.489301,1,1,1,0,1,0,0,0,0
1505.081225,1,0,0,1,0,1,0,1,1
1505.448007,0,0,0,1,1,0,1,1,0
1506.039494,0,1,1,1,1,1,0,0,1
1506.428994,0,0,0,0,0,0,1,1,1
1506.585652,0,0,0,1,1,1,0,0,0
1507.031836,0,0,0,1,1,0,0,1,1
1507.990758,0,0,0,1,0,0,0,1,0
1508.296051,0,0,0,0,1,1,0,0,1
1508.667712,1,0,0,0,0,1,0,0,1
1509.568137,1,1,0,0,1,1,1,0,0
1510.290381,1,0,1,1,0,0,1,0,0
1511.015375,1,0,1,1,1,1,0,0,0
1511.727375,1,1,1,1,0,0,1,0,0
1512.648016,0,1,0,0,0,1,0,1,1
1513.060848,0,0,0,1,1,0,0,0,0
1513.227301,1,0,0,0,0,0,1,0,1
1513.406694,1,1,1,1,1,1,1,0,1
1513.994677,1,1,0,1,1,1,1,1,0
1514.467529,0,0,0,1,0,0,1,0,0
1515.238751,0,0,1,0,1,1,1,0,1
1515.320173,0,1,0,1,1,0,1,1,1
1515.654173,1,1,1,0,0,0,1,1,1
1516.433731,0,1,0,0,1,0,0,1,0
1516.517451,1,0,0,0,1,0,0,1,1
1517.432829,0,0,1,0,0,0,1,0,1
1517.889321,1,0,1,1,1,1,0,0,0
1518.875290,1,1,0,1,0,0,1,1,0
1519.305870,1,1,1,0,1,0,0,1,0
1519.705315,1,0,1,0,0,0,0,0,0
1520.547353,1,0,1,1,0,0,1,0,1
1520.611487,1,0,1,0,0,1,1,1,1
1521.212492,0,0,1,1,1,1,1,1,0
1522.141585,1,1,0,1,1,0,1,1,0
1522.521516,0,0,0,1,1,0,0,1,1
1522.578016,0,1,0,0,0,0,0,0,0
1523.094174,1,0,0,1,0,0,1,1,0
1523.420855,1,1,0,1,1,0,0,1,1
1524.357538,0,0,1,1,0,0,0,0,1
1524.880743,0,0,0,1,1,1,1,1,1
1525.135078,0,1,1,1,1,0,0,0,0
1525.518599,0,0,1,0,0,0,0,0,1
1525.697765,1,1,1,1,1,0,0,1,0
1526.050525,0,1,0,1,0,0,1,0,1
1526.390367,0,1,1,0,1,0,1,1,1
1527.264218,0,1,1,0,0,0,1,1,1
1527.926248,1,1,0,1,0,0,1,0,1
1528.812725,0,1,0,1,0,0,0,0,1
1529.313837,1,0,1,1,1,0,0,0,1
1529.662181,0,0,0,1,1,1,0,0,0
1530.110102,0,1,0,1,1,1,0,0,0
1530.349801,1,0,1,1,0,0,0,1,0
1531.051876,0,1,1,0,1,0,1,0,1
1531.655288,0,1,0,0,1,1,0,1,1
1531.704648,0,1,1,1,0,0,0,0,0
1532.634976,0,1,1,0,1,1,1,1,1
1533.588678,1,0,0,1,1,1,1,0,1
1533.883100,1,1,0,1,0,0,0,1,0
1534.338191,0,0,1,1,1,0,0,1,1
1534.408088,1,0,0,0,0,0,1,1,1
1535.006051,0,1,1,0,0,0,1,1,1
1535.412020,1,0,1,0,0,0,1,0,0
1535.644337,0,0,1,1,1,1,1,0,1
1536.626763,0,0,0,1,1,1,0,1,0
1536.836793,1,0,0,1,1,1,0,1,1
1537.403693,1,1,1,1,0,0,1,0,0
1537.827739,1,0,1,1,1,1,1,1,0
1538.616715,0,1,0,0,1,1,1,1,1
1539.290531,1,0,1,1,0,1,0,0,1
1540.277211,1,1,1,0,1,1,1,1,1
1540.866438,0,0,1,1,1,0,1,1,1
1540.984438,0,0,0,1,0,0,1,0,1
1541.110925,1,1,0,0,1,1,1,0,0
1541.900126,1,0,0,0,1,1,1,0,0
1542.027984,1,1,0,0,0,1,1,0,1
1542.808286,1,1,1,0,0,0,1,0,0
1543.051785,1,1,1,1,0,0,0,1,1
1543.223263,1,0,0,1,1,1,1,1,0
1544.131540,0,0,0,1,0,1,0,1,1
1544.822906,1,1,1,0,0,0,1,1,0
1544.877288,1,1,0,0,1,0,0,0,1
1544.924753,1,1,0,0,0,1,0,1,0
1545.162261,1,0,1,1,0,1,1,1,1
1545.847475,1,0,0,0,0,1,1,1,0
1545.978052,0,1,0,0,1,1,0,1,0
1546.599931,1,0,1,1,0,1,1,1,0
1546.743646,1,0,0,0,1,0,1,0,0
1547.376197,0,1,0,0,0,1,0,1,0
1547.691597,1,0,0,1,0,0,1,0,0
1547.746835,0,1,0,1,1,1,1,0,1
1547.777218,0,0,1,1,0,1,0,1,1
1548.681830,0,0,0,0,1,1,1,0,0
1548.726572,1,1,0,0,0,0,0,1,1
1549.057074,1,1,1,1,0,0,1,0,0
1549.389264,0,1,0,0,1,0,1,1,0
1549.777632,0,0,1,0,1,1,0,0,1
1550.390264,1,0,1,0,0,1,1,0,0
1551.073822,1,1,0,1,0,1,0,0,0
1551.162646,1,1,1,0,1,1,1,0,1
1551.829646,0,0,1,0,1,0,1,0,1
1552.005471,0,0,1,1,0,1,1,1,1
1552.176369,0,1,1,1,0,0,1,1,0
1552.578469,0,1,1,0,1,0,1,0,0
1552.596970,0,1,0,1,0,0,0,0,1
1552.858674,0,0,0,0,1,1,1,1,0
1552.975959,1,0,0,1,0,1,1,1,0
1553.778773,0,0,0,0,0,0,1,1,1
1554.416690,0,0,1,1,1,0,0,0,0
1554.930036,1,1,0,0,1,0,1,1,1
1555.529802,1,1,1,1,0,0,1,1,0
1556.052776,0,0,0,1,0,0,0,0,0
1556.739624,0,0,0,1,1,1,0,0,1
1557.427999,1,1,1,1,1,1,1,1,1
1557.928499,0,1,1,0,1,0,1,0,1
1558.266495,0,1,1,0,0,1,0,1,0
1558.753072,1,1,0,0,0,0,1,1,1
1558.795988,1,0,0,1,1,0,0,1,1
1559.754933,0,0,1,0,1,1,1,1,0
1559.787013,1,0,1,0,0,0,1,0,0
1560.067831,1,1,1,1,0,0,1,1,1
1560.744240,0,0,1,0,0,1,1,0,0
1560.956998,0,0,1,0,0,1,1,1,0
1561.457498,1,1,0,1,1,0,0,0,0
1561.643843,0,1,0,0,0,1,0,1,1
1561.953713,1,0,0,0,1,0,0,0,1
1562.103292,1,1,1,1,1,1,1,0,0
1562.942163,1,1,1,1,0,0,0,0,0
1563.298560,0,1,0,0,1,0,0,0,1
1563.462999,1,1,1,1,0,1,1,0,1
1563.478690,0,1,1,1,1,0,0,1,0
1564.240833,0,0,1,1,1,1,1,0,1
1564.491583,0,0,1,0,0,0,1,0,0
1564.631333,1,0,1,1,0,1,0,1,1
1564.917401,1,1,1,0,1,0,1,1,0
1565.423867,1,1,0,1,0,0,0,0,0
1566.299768,1,0,1,1,1,0,0,1,0
1566.376293,0,1,0,0,0,1,1,1,0
1567.122677,0,0,1,0,0,1,1,1,0
1567.456037,0,1,1,1,1,0,0,1,0
1568.407892,1,1,1,1,0,1,1,0,1
1568.865799,1,1,1,1,1,1,1,0,0
1569.756817,1,1,1,0,0,1,0,0,0
1569.800029,1,1,0,0,1,1,0,0,1
1569.858942,1,1,1,0,1,1,1,1,0
1569.909816,0,0,1,1,0,0,1,1,0
1570.003626,1,0,0,1,0,0,0,0,1
1570.595329,1,0,1,1,1,0,1,1,1
1571.048496,0,0,0,1,1,1,1,1,1
1571.200366,0,0,0,1,1,1,1,0,1
1571.538477,1,0,1,1,1,0,0,0,1
1572.433687,0,1,1,1,1,1,1,0,1
1572.507469,1,0,1,0,1,1,0,1,1
1572.786316,1,0,0,0,1,0,0,0,0
1573.732606,0,1,1,0,1,1,1,0,0
1574.159389,1,0,1,0,0,0,0,1,0
1574.545872,0,0,1,0,1,1,0,1,1
1574.883700,1,0,0,1,0,1,0,0,1
1574.942894,1,0,1,0,1,1,0,1,1
1575.466940,1,0,0,0,1,1,0,1,0
1576.007969,0,0,1,0,0,1,0,0,1
1576.406421,1,0,1,1,0,1,0,0,1
1577.259841,1,1,1,0,1,0,1,0,0
1577.896568,0,0,0,1,1,0,1,0,1
1578.521677,1,1,1,0,1,1,0,1,1
1578.633677,1,0,0,0,0,1,1,0,0
1578.938324,0,1,0,1,0,0,1,1,0
1579.777441,1,1,1,0,1,1,1,0,1
1580.724862,1,1,1,0,1,1,1,1,0
1580.762233,1,0,0,0,1,0,1,0,0
1581.707894,0,0,1,0,1,0,1,1,0
1582.208394,0,1,1,1,0,0,0,0,1
1582.473416,0,0,1,0,1,1,1,0,1
1582.665713,0,1,0,1,0,1,0,1,0
1582.871160,0,0,0,0,0,0,1,0,0
1583.348367,1,0,0,1,0,0,0,1,1
1584.139124,0,0,1,1,0,0,0,0,1
1585.042341,1,0,0,1,1,0,0,1,1
1585.417966,1,1,1,1,0,0,0,0,1
1586.318266,1,0,1,1,0,0,1,1,0
1587.088935,0,0,0,1,1,1,1,1,1
1587.605902,1,1,0,1,0,1,0,0,1
1588.488736,1,1,0,0,0,0,1,0,0
1588.557446,0,1,0,1,1,0,1,0,0
1589.156387,0,0,1,1,0,0,1,1,1
1589.838320,0,1,1,1,1,0,1,0,1
1590.446363,1,0,0,1,1,0,1,1,1
1591.042793,0,0,0,1,0,1,0,0,1
1591.181135,1,0,0,1,1,1,1,0,0
1591.359589,0,1,1,1,1,1,1,1,0
1591.459082,0,1,0,0,1,1,1,0,0
1591.755241,0,0,1,1,1,0,0,0,0
1592.413401,1,0,0,1,1,0,1,0,1
1593.038776,1,1,1,1,0,0,0,1,0
1593.975049,0,0,0,0,1,1,1,1,0
1594.320217,0,0,0,1,1,1,1,0,0
1594.726098,1,1,0,0,0,0,1,0,0
1594.974163,1,1,0,1,1,1,1,0,1
1595.947374,1,1,1,1,1,0,1,0,0
1596.561397,1,0,0,0,0,1,0,0,1
1597.145009,1,0,1,1,0,1,1,0,1
1597.389203,0,1,0,0,1,1,1,1,0
1598.221289,1,1,1,1,0,1,1,1,1
1598.301400,1,0,0,0,0,1,0,0,0
1598.603718,1,1,0,1,1,0,1,1,0
1599.030884,0,1,0,0,1,1,1,1,0
1599.109326,1,0,1,0,1,0,1,1,0
1599.744919,1,0,0,0,1,0,1,1,0
1600.080737,0,1,0,0,1,0,0,1,1
1600.723070,0,1,0,1,1,0,1,1,0
1600.817145,1,0,0,1,1,0,1,1,1
1601.349145,1,1,0,1,0,0,1,0,1
1601.667546,0,0,0,0,0,1,0,1,1
1602.505288,0,0,1,1,0,1,1,0,1
1603.040742,0,0,1,0,1,0,0,1,0
1603.846194,1,1,1,1,1,1,1,1,0
1604.565074,1,0,1,1,0,1,0,1,0
1604.776908,0,1,0,1,0,0,0,1,0
1605.728120,1,1,0,1,0,1,0,1,0
1606.007182,0,0,1,1,1,0,1,1,0
1606.514306,1,0,0,1,0,1,0,1,1
1606.801976,1,1,0,0,0,0,0,1,1
1607.405466,1,0,1,0,0,0,1,1,1
1607.761852,1,1,0,1,1,1,1,0,1
1608.523671,0,1,0,1,1,1,0,1,0
1609.441525,0,1,0,0,1,0,1,1,1
1609.854564,0,1,1,0,0,0,0,0,1
1610.686128,0,1,1,0,0,1,0,1,1
1611.493358,0,0,0,0,1,0,0,0,1
1611.668097,1,1,1,0,1,0,0,0,0
1612.405797,0,0,1,0,1,1,1,1,1
1612.653304,1,0,0,1,0,0,0,1,0
1613.323322,1,0,1,1,1,1,0,0,1
1614.259691,1,1,1,1,0,0,1,0,1
1614.778122,0,1,0,0,1,0,1,1,0
1615.345940,0,0,0,0,0,0,1,0,1
1616.052594,1,0,1,0,1,1,0,1,1
1616.338615,1,1,0,0,1,1,1,0,1
1616.339615,0,0,1,1,0,1,1,0,0
1616.932128,0,1,1,0,1,0,0,0,1
1617.902158,0,1,0,0,1,1,0,1,1
1618.340992,0,1,1,0,1,0,1,1,0
1618.427620,0,1,1,0,0,1,0,0,0
1618.958859,1,1,1,1,1,0,1,0,0
1619.797471,1,1,1,0,1,1,0,1,0
1620.160100,1,0,1,1,0,0,1,0,0
1620.785475,1,0,1,0,0,1,1,0,0
1621.595542,0,1,0,1,0,1,1,1,1
1621.929542,1,1,1,1,1,0,1,1,0
1622.804402,0,0,0,0,1,0,1,1,1
1623.218781,0,1,0,0,1,1,1,0,0
1623.409019,0,0,0,1,1,1,1,1,0
1623.637897,1,0,1,1,1,1,0,1,1
1623.713321,1,1,1,0,0,0,0,0,0
1624.298906,1,0,1,1,0,1,0,0,0
1624.299906,1,0,1,1,1,1,1,0,0
1625.292961,1,1,0,0,0,1,1,0,1
1625.422563,1,1,1,1,1,0,1,0,0
1625.901227,0,1,0,1,0,1,1,1,1
1626.018777,1,1,0,1,1,0,1,1,1
1626.566494,0,0,0,0,1,0,1,0,1
1627.443269,0,0,0,0,1,1,1,1,0
1627.559198,0,1,0,0,1,1,1,1,0
1628.297412,0,1,1,0,0,0,1,1,0
1628.832761,1,0,0,0,1,1,0,1,0
1629.146351,0,1,0,0,1,0,0,1,0
1630.064800,0,0,1,0,0,0,1,1,1
1630.861182,1,0,0,1,0,0,0,1,0
1631.803923,1,1,1,1,0,0,0,1,1
1632.704023,0,1,0,0,0,0,0,0,0
1632.748545,0,0,1,1,1,1,1,0,0
1633.140458,0,0,0,0,0,1,1,0,1
1633.421360,1,1,1,1,1,0,1,1,1
1633.933213,0,0,0,0,0,1,0,1,1
1634.200613,1,1,0,0,0,0,0,1,1
1634.418263,0,1,1,0,1,0,0,1,1
1635.132251,0,1,1,1,1,0,1,0,1
1635.889755,0,1,0,1,0,0,0,0,1
1636.343212,0,1,1,1,0,0,0,0,1
1636.562744,1,0,1,0,1,1,1,0,0
1637.252630,1,1,1,0,0,0,0,0,1
1637.466940,1,1,1,1,0,1,1,0,0
1637.897889,1,0,1,0,1,0,0,0,1
1638.300347,1,1,0,1,1,1,0,0,0
1638.880902,1,0,1,0,1,0,0,0,1
1639.292781,0,1,0,0,0,0,1,1,1
1639.560611,0,1,0,0,1,0,0,0,1
1639.959239,1,0,1,0,1,0,1,0,1
1640.657739,0,1,0,0,0,1,1,0,1
1640.834489,1,0,1,1,1,0,1,0,1
1641.257813,1,1,1,1,0,1,1,1,1
1641.308608,1,0,0,0,0,0,1,1,1
1642.206146,1,1,1,1,0,0,0,0,1
1643.050831,0,0,1,1,1,0,0,1,0
1643.651891,0,0,1,1,1,1,0,1,1
1644.084672,1,1,0,1,0,1,0,0,1
1644.768661,1,1,1,0,0,0,0,0,1
1645.540516,0,0,0,1,0,1,0,0,1
1646.074316,1,0,0,1,1,0,0,1,0
1646.474916,0,1,0,1,1,0,1,1,1
1646.863151,0,1,1,1,0,1,1,0,1
1647.335679,1,1,0,1,0,0,0,1,1
1647.634253,1,0,0,0,0,0,1,0,1
1648.299771,0,1,0,0,1,0,1,1,1
1649.041181,0,1,1,0,1,0,0,1,1
1650.020015,1,1,0,0,0,1,0,1,0
1650.843416,0,0,1,1,1,0,0,0,0
1650.979554,0,0,1,1,1,0,1,0,0
1651.713271,1,1,0,0,0,0,1,0,1
1652.096344,1,0,0,1,1,1,0,1,0
1652.373538,0,1,1,0,1,1,0,1,0
1652.601584,0,1,1,1,1,0,0,0,0
1653.278925,0,1,1,1,0,1,1,0,0
1653.840589,0,1,1,1,1,1,0,0,0
1653.991019,0,0,0,1,0,1,0,1,0
1654.250584,0,0,1,0,0,1,1,0,1
1655.185289,0,0,0,1,0,1,1,0,1
1655.596740,1,1,0,0,0,1,1,1,1
1656.486378,0,0,0,1,0,1,0,0,1
1656.632618,1,1,0,0,1,1,0,1,1
1657.492133,1,1,1,1,1,0,0,0,1
1658.434899,0,1,0,0,0,0,0,1,0
1658.923680,1,1,0,0,1,1,1,0,1
1659.413056,0,1,0,0,0,0,0,0,0
1659.471574,0,1,1,0,1,1,1,1,0
1659.543931,1,0,1,0,1,0,1,1,0
1660.517592,0,1,0,0,0,0,0,1,0
1660.617187,1,1,1,0,1,0,0,0,0
1661.604621,1,0,0,0,0,0,0,0,0
1661.994266,1,1,1,1,1,0,0,0,0
1662.337516,1,1,1,1,1,0,1,1,0
1662.738116,1,1,1,0,1,1,0,1,0
1663.427244,0,1,1,1,1,1,0,1,1
1663.991351,0,0,1,1,0,0,0,0,1
1664.633376,1,1,1,0,0,1,1,1,1
1665.387720,1,1,0,1,1,0,0,0,0
1665.918847,1,1,1,0,0,1,1,1,1
1666.284176,1,1,1,1,1,0,1,1,1
1666.944091,1,1,0,1,0,0,0,0,1
1667.052014,0,0,1,1,0,0,1,0,0
1667.477589,1,1,0,0,0,0,1,0,0
1668.226704,1,1,1,0,0,1,0,1,1
1669.181348,0,0,1,1,1,0,0,0,1
1669.977985,1,1,0,0,1,0,0,1,1
1670.110768,0,0,0,1,0,1,0,1,1
1670.625959,0,1,1,1,1,1,1,0,0
1670.998235,1,0,1,0,0,0,1,0,1
1671.503004,0,0,1,0,0,0,1,1,1
1671.869975,0,1,0,1,0,0,0,1,1
1672.127560,1,1,0,0,1,0,0,0,1
1672.225685,0,1,1,1,1,0,1,1,0
1672.257405,1,0,0,0,0,1,1,1,1
1672.964365,1,0,1,0,0,1,1,1,1
1673.205125,0,0,1,1,1,0,0,0,0
1673.728093,1,0,1,0,0,1,0,1,1
1674.648325,1,1,0,1,0,1,1,1,1
1674.673866,0,1,1,0,1,1,0,0,0
1674.718609,0,0,1,1,0,0,1,1,1
1675.103840,0,1,1,0,1,0,1,1,1
1675.695553,0,0,0,0,1,0,0,1,0
1676.013233,0,1,1,1,1,1,1,0,0
1676.014233,0,0,0,1,0,0,1,0,1
1676.292733,0,0,1,0,0,1,1,1,1
1676.299345,0,1,0,1,0,1,1,1,0
1676.966345,1,0,0,0,1,0,1,1,1
1677.931640,0,1,1,0,1,0,1,1,0
1678.127567,1,0,0,0,0,1,1,0,1
1678.772689,1,0,1,0,1,1,0,1,1
1679.544621,0,0,1,0,1,0,1,0,1
1680.252038,1,1,1,0,0,1,0,1,1
1680.394536,1,1,0,0,1,1,0,0,0
1680.792198,1,1,0,1,1,1,1,0,1
1681.141940,0,1,1,1,0,0,1,1,1
1681.621350,0,1,0,0,1,0,0,0,1
1681.684787,0,0,1,1,1,1,1,1,0
1682.663532,1,1,0,0,0,1,1,0,0
1683.500234,1,1,1,0,1,1,1,1,1
1683.758439,1,1,0,0,1,1,1,1,1
1684.187069,0,1,1,0,1,0,0,1,1
1684.361969,1,1,0,0,1,1,1,1,0
1685.069508,0,1,1,1,0,1,1,1,0
1685.490206,1,0,1,0,1,0,1,0,1
1685.910142,1,0,0,0,1,1,0,1,0
1686.143393,0,0,0,0,0,1,0,0,1
1686.952095,1,0,0,1,1,0,0,0,1
1687.559631,1,1,0,0,1,1,0,0,1
1688.459731,0,1,0,1,0,0,1,0,0
1688.865088,1,1,1,1,0,1,1,1,0
1689.323342,0,0,0,0,0,0,0,0,1
1689.391860,1,1,1,1,0,0,0,0,0
1690.306817,0,0,0,0,0,0,1,0,0
1691.036893,1,1,1,1,0,0,1,0,0
1691.269471,0,1,1,0,0,0,0,0,0
1691.447864,0,1,0,0,1,0,1,1,0
1692.440829,0,0,0,1,1,1,1,0,1
1692.955399,0,1,1,1,0,1,0,1,0
1693.503363,1,0,1,1,1,0,0,0,0
1694.245194,0,0,0,1,0,1,0,1,1
1694.428551,0,0,1,0,1,0,0,0,1
1695.047980,1,0,1,0,0,1,0,1,1
1695.741980,1,1,0,1,1,0,1,0,0
1696.134525,1,0,1,1,1,0,1,0,1
1696.247738,0,1,0,0,1,1,0,1,1
1696.845228,0,0,0,1,0,0,0,1,1
1697.705368,0,0,0,0,0,0,1,1,0
1698.016402,0,0,0,1,0,0,0,1,0
1698.034762,1,0,0,1,1,0,1,1,1
1698.368762,0,1,0,0,0,1,1,1,0
1698.394947,1,1,1,1,0,0,1,0,0
1698.731363,0,1,1,0,1,1,0,1,0
1699.717978,1,0,0,1,1,0,1,0,0
1700.432842,0,0,0,1,0,1,0,0,0
1700.764178,0,0,0,1,0,0,1,0,0
1701.110986,0,0,1,0,0,0,0,0,1
1701.286459,1,1,1,1,1,0,0,0,0
1702.224022,0,0,1,0,0,1,0,0,0
1702.689747,1,1,1,1,1,0,0,1,0
1703.476000,1,0,0,1,0,0,0,0,0
1703.733500,0,1,1,0,0,0,0,0,1
1704.123124,1,0,0,0,0,0,1,1,0
1705.034381,1,1,1,1,1,1,0,0,0
1705.933617,0,1,1,0,0,0,1,0,1
1706.201017,1,1,0,0,1,0,1,1,0
1706.629857,0,0,0,1,0,0,0,1,1
1706.983445,0,0,0,0,1,1,0,0,0
1707.652316,1,0,0,0,1,1,1,1,1
1708.364978,0,1,1,0,0,0,1,0,1
1708.486056,0,1,1,1,1,1,0,0,0
1708.487056,0,0,1,0,0,0,0,1,0
1709.104925,1,0,0,1,1,0,1,1,0
1710.028079,1,0,0,1,0,0,1,1,1
1710.886306,0,1,0,1,1,1,1,0,0
1711.315771,1,1,0,0,1,1,1,1,0
1712.080925,1,1,0,1,1,1,0,1,1
1712.493955,1,0,0,0,0,0,0,0,1
1712.777965,0,1,1,0,1,0,0,1,1
1713.454556,1,0,1,0,0,0,1,0,1
1713.664649,1,1,0,0,0,1,1,0,0
1714.648750,1,1,0,0,0,1,0,0,0
1714.948446,0,0,1,0,1,1,0,1,0
1715.417889,0,0,1,1,1,1,0,1,0
1715.731955,1,0,1,0,1,0,0,1,0
1715.894737,0,0,0,1,1,0,0,1,1
1716.373135,1,1,0,0,0,1,1,1,0
1717.021556,1,1,0,1,1,1,1,0,1
1717.865328,1,0,0,1,1,0,1,0,0
1718.296873,0,0,1,1,1,1,0,0,0
1718.423873,1,1,1,0,1,0,0,0,0
1718.424873,1,1,1,1,0,0,1,0,1
1718.988946,0,0,1,0,0,1,0,0,1
1719.872219,1,0,0,0,0,0,1,0,1
1720.304821,1,0,1,1,1,0,0,0,1
1721.271886,1,1,0,0,0,0,1,1,1
1722.127214,1,1,0,1,0,0,1,1,1
1722.445641,1,0,0,0,0,0,0,0,1
1722.553676,1,1,0,0,0,1,1,1,1
1723.391109,1,1,0,1,1,0,0,0,1
1723.496313,0,1,1,1,1,1,0,0,0
1724.048044,0,1,0,1,0,0,0,1,0
1724.502538,0,1,0,1,0,0,0,1,1
1724.624629,0,1,0,0,0,1,1,1,1
1724.842079,0,1,0,0,0,1,0,1,1
1725.081279,0,1,0,1,1,0,0,1,1
1725.850741,0,0,1,1,0,1,1,0,1
1725.886614,0,0,0,1,1,1,0,0,0
1725.968614,1,0,1,0,1,1,0,0,1
1726.956964,1,0,0,0,1,1,1,1,1
1727.084259,0,1,0,0,1,0,0,0,0
1727.734733,0,1,1,1,1,0,1,1,0
1728.337114,1,0,0,1,1,1,0,0,0
1729.290649,1,0,1,0,1,1,0,1,0
1730.248960,0,1,1,1,1,0,1,1,0
1730.946510,1,1,0,0,0,1,1,0,1
1731.647034,0,0,1,0,1,1,0,0,0
1732.085768,1,1,1,0,0,1,0,1,0
1732.147931,1,0,0,0,0,0,1,0,1
1732.593864,1,1,1,1,0,0,1,0,1
1733.531426,0,1,1,1,0,1,1,0,1
1734.318498,0,1,1,0,0,1,0,0,0
1734.942820,1,1,0,1,0,0,0,0,0
1735.660177,1,0,1,0,0,0,0,1,1
1736.623913,1,0,0,1,1,0,0,1,0
1736.759699,0,1,0,1,0,0,1,1,1
1737.513032,1,1,0,0,1,1,1,1,1
1737.547949,0,0,1,1,1,0,0,0,1
1738.524917,0,1,0,0,1,1,1,1,1
1739.037750,1,0,1,1,1,1,0,0,1
1739.120487,1,0,1,1,0,0,1,0,0
1739.121487,0,0,0,1,0,0,1,0,1
1739.691865,0,0,0,0,1,0,0,1,0
1740.240533,1,0,0,1,1,0,1,0,1
1740.705316,1,1,1,0,0,1,1,0,1
1741.123312,1,1,1,1,0,0,0,1,0
1741.348088,1,0,1,1,0,1,0,1,1
1742.123798,0,0,1,0,1,1,0,0,0
1742.330841,0,0,1,1,0,0,1,1,1
1743.046020,1,1,0,1,1,1,1,1,0
1743.258347,1,1,1,0,0,1,0,1,1
1743.383333,0,1,0,1,1,0,1,1,0
1743.757172,0,0,1,1,0,1,1,1,1
1744.675621,0,1,0,0,1,1,0,0,1
1744.819335,0,0,1,1,0,0,0,1,0
1745.587683,0,1,0,0,0,0,1,0,0
1745.625127,0,1,0,0,0,0,1,1,1
1745.911556,0,1,1,1,0,1,1,1,0
1746.812409,0,1,0,1,1,0,0,1,0
1747.627529,1,1,0,1,1,1,0,0,1
1748.293859,1,1,0,0,1,0,1,1,0
1749.032034,0,1,1,1,0,0,1,0,0
1749.617464,0,1,1,0,0,0,1,0,0
1750.526645,1,1,1,0,1,1,0,1,0
1751.296539,0,1,1,0,0,0,1,0,1
1752.015746,1,1,0,1,1,0,1,0,1
1752.048972,1,0,0,1,0,0,1,0,0
1752.520965,0,0,0,0,1,0,0,1,0
1752.992526,1,1,0,1,1,1,1,0,1
1753.553855,0,1,0,1,0,1,0,0,1
1753.727097,0,1,0,1,1,1,0,0,1
1754.393755,1,1,1,0,0,1,0,1,0
1755.164255,0,1,0,0,1,1,1,0,0
1755.945223,0,0,1,1,1,0,0,0,1
1756.876934,0,1,0,1,1,1,1,0,1
1756.953858,0,0,0,0,0,1,0,1,0
1757.952055,0,1,1,1,0,0,1,1,0
1758.044963,0,1,1,0,0,1,1,1,1
1758.167625,0,1,1,1,0,0,0,1,0
1758.658875,1,1,1,0,0,0,0,1,0
1759.323333,0,1,1,0,0,0,1,1,1
1759.762797,0,0,0,1,0,0,0,1,1
1760.554770,1,1,1,0,1,1,1,1,1
1761.265585,1,1,1,0,0,0,1,0,0
1761.990393,0,1,1,0,1,0,0,1,1
1762.191193,1,1,1,1,1,1,0,0,0
1762.359767,0,1,1,0,1,1,1,0,1
1762.686707,0,1,1,1,0,1,1,0,1
1763.545182,1,1,1,1,0,1,0,1,0
1763.660223,1,0,1,1,1,1,0,1,1
1764.302373,1,0,1,1,1,1,1,0,1
1765.300283,1,1,1,1,0,0,1,0,1
1766.003969,0,0,1,0,0,0,0,1,0
1766.912427,1,1,1,0,1,1,1,1,0
1766.987929,0,1,1,0,1,1,0,1,0
1767.126406,0,1,0,0,1,0,0,1,0
1767.894565,1,0,0,0,0,1,0,1,0
1768.295165,1,0,1,1,0,0,0,0,1
1768.872414,0,1,1,0,1,0,1,0,1
1769.273014,1,1,0,0,0,1,0,1,1
1769.897002,1,1,0,0,0,0,1,1,1
1770.754288,0,1,1,0,0,1,0,0,0
1771.396103,1,1,1,0,1,1,1,0,1
1772.075265,1,0,0,0,0,0,1,1,1
1772.454092,0,1,1,1,1,1,0,0,0
1772.582001,1,0,1,1,0,1,1,0,1
1773.372266,0,1,1,1,0,0,0,1,1
1774.032400,0,1,1,0,1,1,0,1,0
1774.873171,1,0,1,0,0,0,0,0,0
1775.523521,0,0,0,0,1,0,0,1,1
1775.793181,0,0,1,0,0,0,0,1,0
1776.709610,1,1,1,1,1,1,1,1,0
1777.220555,1,1,1,0,0,1,0,0,0
1778.042978,0,1,1,1,1,0,1,1,1
1778.810537,0,0,0,0,1,1,0,1,0
1779.242099,1,1,1,0,0,1,1,1,1
1779.953371,1,1,0,1,0,0,1,0,1
1780.498698,1,0,0,1,0,0,0,0,0
1781.433658,0,1,1,0,0,0,0,0,0
1781.680164,1,0,1,0,0,1,0,0,1
1781.959732,0,0,0,1,0,1,0,0,1
1782.582831,0,0,0,0,1,1,1,0,1
1782.601055,1,0,0,1,1,1,1,0,0
1782.864710,1,0,1,1,1,0,0,0,0
1783.467757,1,0,1,0,0,0,0,1,0
1783.830872,1,1,0,1,1,1,1,0,1
1784.656541,0,0,1,1,1,1,0,0,1
1784.791187,0,0,1,1,1,0,1,0,1
1785.115892,1,0,1,0,1,0,0,0,0
1785.165623,1,0,0,1,0,0,0,0,1
1786.098123,0,1,1,0,0,1,0,1,0
1786.224792,0,1,1,1,0,0,0,1,0
1787.092752,1,0,0,0,1,0,1,1,0
1788.033745,1,0,0,1,0,1,1,1,0
1788.794532,0,0,1,1,0,1,1,1,0
1789.515566,1,0,1,1,0,1,1,0,0
1790.237444,1,1,0,0,0,0,0,0,0
1791.155349,1,0,0,0,1,0,1,1,1
1791.991671,1,1,0,1,0,0,1,0,0
1792.245537,1,1,0,0,0,1,1,1,0
1792.284400,0,0,0,0,0,0,1,1,1
1792.934888,0,0,1,0,1,0,1,0,1
1793.269973,0,1,1,1,1,0,0,0,0
1793.723350,0,1,1,1,0,0,0,1,0
1794.173339,0,1,1,0,0,1,1,0,1
1794.818760,1,0,0,1,0,1,1,0,1
1794.983274,0,1,0,0,1,0,1,0,1
1795.712956,0,0,0,1,0,1,0,1,0
1796.393928,0,1,0,1,1,1,1,0,1
1796.480647,0,0,1,1,0,0,0,0,1
1796.725955,1,1,0,0,1,1,1,1,0
1797.537843,1,0,0,0,1,0,1,1,0
1798.445781,1,0,0,1,0,1,0,1,1
1798.919590,0,1,1,1,1,1,1,1,0
1799.531939,1,0,0,1,0,1,0,1,1
1800.254439,1,1,1,1,1,1,1,1,1
1800.801844,0,0,0,0,0,0,1,0,1
1801.016076,1,0,0,0,1,1,1,1,1
1801.931584,0,0,0,0,0,1,0,0,0
1802.439919,1,1,1,0,1,1,0,0,0
1802.510368,1,0,0,1,1,0,1,0,1
1803.386477,0,0,1,1,1,0,1,1,0
1804.365334,0,0,0,1,0,0,1,1,0
1804.717334,0,0,1,0,1,0,0,0,1
1805.409949,0,0,0,0,0,1,0,1,1
1806.042795,1,1,1,1,1,0,0,0,0
1806.746063,0,0,0,0,1,1,1,0,0
1807.285654,0,1,1,1,1,1,0,1,0
1807.656059,1,1,0,0,1,0,0,1,1
1807.816899,0,1,0,1,0,1,0,0,1
1808.531923,1,0,0,1,1,0,1,0,0
1809.414799,0,1,0,0,1,0,0,0,1
1809.763665,0,1,1,0,1,0,1,0,1
1809.956082,1,1,1,0,0,1,0,1,1
1810.157215,1,0,1,1,1,0,1,0,0
1810.473259,1,0,0,1,1,1,1,0,1
1810.854180,0,0,0,0,1,0,1,1,0
1811.458717,0,1,0,0,0,0,0,0,1
1812.119093,0,0,1,1,0,0,1,1,1
1812.136621,1,1,1,1,0,0,1,0,0
1812.887835,1,0,1,0,0,0,1,1,1
1813.801714,0,1,0,0,0,0,0,0,0
1814.547683,0,1,0,0,0,0,0,1,0
1815.045936,0,0,1,1,1,0,1,1,0
1815.911717,1,1,1,1,1,0,0,1,1
1816.807170,1,0,1,0,0,1,1,0,0
1817.332082,1,0,0,0,0,0,0,0,0
1817.996135,1,1,0,0,0,1,0,1,0
1818.674182,0,1,0,0,0,0,1,1,0
1818.716237,0,0,0,0,1,1,0,0,0
1819.050237,0,1,1,1,0,0,0,1,1
1819.729686,1,0,0,0,0,0,1,0,1
1820.292084,1,0,0,1,1,0,1,1,1
1821.076865,1,0,1,0,1,0,0,0,1
1821.865744,1,1,0,0,0,0,1,0,1
1822.143641,1,0,1,1,0,1,0,0,0
1822.965497,1,1,1,0,1,0,0,0,1
1823.497301,1,0,0,0,0,0,0,1,1
1823.897901,0,0,0,1,0,0,0,1,1
1824.087901,1,0,1,0,0,1,0,1,0
1824.493322,1,1,0,0,1,1,1,0,1
1824.780599,1,0,1,1,1,1,1,0,1
1825.530032,1,0,1,1,1,0,1,0,0
1825.612583,0,0,0,0,1,0,1,1,0
1826.243737,1,1,0,0,0,1,0,1,1
1826.466737,1,0,0,0,0,1,1,0,1
1826.960914,0,0,1,1,0,1,1,0,1
1827.425450,1,0,0,1,1,0,0,0,0
1827.927177,1,1,0,0,1,1,0,1,1
1828.536986,1,1,1,1,1,0,1,1,0
1829.055609,0,1,0,0,1,0,1,1,1
1829.317848,1,0,0,1,1,1,1,0,0
1830.179999,0,0,1,0,0,1,1,1,1
1830.302970,1,0,1,0,1,0,1,0,0
1831.157518,1,0,0,1,0,0,1,0,1
1831.972688,0,0,0,1,1,0,1,0,1
1832.111202,1,1,1,0,0,1,0,0,1
1832.268857,0,0,0,1,0,0,1,1,0
1832.775887,0,0,1,0,1,0,1,1,0
1833.237964,1,1,1,0,0,0,1,1,1
1833.527445,0,1,0,0,1,1,1,0,1
1834.492037,0,0,0,1,1,0,0,0,1
1834.852000,0,0,0,1,0,1,1,1,1
1835.035956,1,1,0,1,0,1,0,0,1
1835.761287,0,1,1,0,0,0,0,1,1
1835.899246,0,0,1,0,0,1,0,0,1
1836.095238,0,0,0,0,0,0,1,0,1
1836.761617,1,0,1,1,0,1,0,0,1
1837.505675,1,0,1,1,1,1,1,0,0
1837.847604,1,1,0,0,0,0,1,0,0
1838.844687,1,0,1,0,1,0,0,1,0
1839.296591,1,0,0,0,0,1,1,1,0
1839.980166,1,0,0,0,1,0,1,1,0
1840.866380,1,1,1,1,0,0,1,0,0
1841.296466,0,1,1,0,1,1,0,1,1
1842.186528,1,1,1,1,0,0,0,0,1
1842.292318,0,0,1,1,0,0,0,0,1
1843.007309,0,0,1,0,0,0,0,0,1
1843.704220,0,0,1,1,1,1,1,1,0
1843.852994,1,1,0,0,1,1,1,1,0
1844.380647,0,1,1,0,1,1,0,1,0
1844.504201,1,0,1,1,1,0,0,0,0
1845.319694,0,1,0,1,0,1,1,0,1
1846.073634,0,0,1,0,0,1,1,1,1
1846.741110,1,0,0,0,1,0,0,1,0
1847.517000,1,0,0,0,0,1,1,0,0
1847.777944,1,1,1,0,1,0,1,0,1
1848.485185,1,1,1,0,0,1,0,1,0
1848.585413,0,0,0,1,1,0,1,1,1
1849.462728,1,1,0,1,0,1,0,1,1
1850.027680,1,1,1,1,0,0,0,0,0
1850.643828,0,0,0,0,0,1,1,1,0
1851.078706,0,1,1,1,1,0,1,1,0
1851.385726,0,0,0,0,1,0,0,1,0
1851.871181,1,0,0,1,1,1,1,1,0
1852.023753,1,1,1,1,0,0,0,1,1
1852.825454,1,1,0,1,1,1,0,1,1
1853.370162,1,0,1,0,0,1,1,0,0
1853.554312,0,0,0,1,1,0,1,0,0
1854.416872,0,1,0,0,0,0,0,0,0
1854.638412,1,0,0,0,0,1,0,1,1
1854.791698,1,1,0,1,0,0,0,1,0
1854.836133,0,1,1,0,0,1,0,0,1
1855.777014,1,0,1,0,1,1,0,1,0
1856.527264,1,1,1,1,0,1,0,0,0
1857.197849,0,1,1,1,1,1,1,1,0
1857.227276,1,1,0,0,0,0,1,0,0
1857.536956,0,1,1,1,0,1,0,0,0
1857.852195,1,0,1,0,1,1,1,1,0
1858.791472,0,1,0,0,0,1,1,0,1
1858.792472,0,1,1,1,0,0,1,0,0
1859.680011,1,1,0,0,0,1,0,0,0
1860.473812,1,1,1,0,1,0,1,1,1
1861.396966,0,1,0,0,1,0,1,0,1
1862.348171,0,1,1,0,0,1,0,0,0
1862.981674,1,0,0,1,1,1,0,1,0
1862.984552,0,0,1,1,0,0,1,0,0
1863.068078,0,0,0,1,1,1,1,1,0
1863.327165,0,1,1,1,0,0,0,0,0
1863.841350,1,1,1,0,0,0,1,1,0
1864.624605,1,1,1,1,0,0,1,1,0
1865.005390,1,0,1,1,0,0,0,1,1
1865.712450,0,1,0,0,0,0,1,0,0
1866.306463,0,0,1,0,1,0,0,1,0
1867.023099,0,1,1,1,0,1,1,1,0
1867.935670,0,0,0,0,1,0,1,1,0
1868.492084,0,0,0,1,1,1,1,1,0
1869.316070,1,1,1,1,0,0,1,1,1
1869.710065,0,1,1,1,1,0,1,1,1
1869.769830,0,0,0,1,0,1,0,1,0
1870.040079,1,1,1,1,0,0,0,0,1
1870.868533,1,0,0,0,1,0,0,1,1
1871.621103,0,1,1,1,0,0,1,0,1
1872.269773,0,0,1,1,1,1,0,0,0
1873.149121,0,0,0,0,0,1,1,1,0
1873.377852,1,1,1,0,1,1,0,1,0
1873.981374,0,0,0,0,0,0,0,1,1
1874.650443,0,0,0,1,1,1,1,0,0
1875.362779,0,0,1,1,0,0,0,0,1
1875.587758,0,0,0,0,0,0,0,0,1
1876.357220,0,0,1,1,1,0,0,1,1
1877.017282,0,1,0,1,0,1,1,0,0
1877.720410,0,0,1,0,1,0,0,0,1
1877.812962,1,1,1,1,0,0,0,0,1
1877.831802,1,1,0,0,1,0,1,0,0
1878.490790,1,0,0,1,0,1,0,0,0
1879.273216,0,1,1,0,0,1,0,0,0
1879.630526,0,0,1,0,1,1,1,0,1
1880.073152,1,0,1,1,0,1,1,0,0
1880.708269,1,1,1,1,0,1,1,1,1
1880.877110,0,1,1,0,0,0,0,1,0
1881.408679,1,0,0,1,1,0,0,0,1
1881.710924,1,1,0,1,1,0,1,1,1
1882.463980,0,1,0,0,1,0,0,1,1
1882.634677,0,0,1,0,0,0,0,1,1
1883.147770,1,1,1,1,0,1,0,0,0
1883.781690,0,0,1,0,1,0,0,0,1
1884.180411,1,1,1,1,0,0,1,1,1
1885.089700,0,0,0,1,0,0,1,1,1
1885.572361,1,0,0,1,1,0,1,1,1
1886.414195,1,0,0,1,1,1,1,0,1
1886.910995,0,1,1,1,0,1,0,1,1
1887.191477,0,1,0,1,1,1,1,0,0
1887.902047,0,0,0,1,1,0,1,0,1
1888.419990,1,1,1,1,1,1,0,0,1
1888.570598,0,1,1,0,0,0,1,1,0
1889.328417,1,0,1,0,0,1,1,1,1
1889.935952,0,1,0,0,1,0,1,0,0
1890.210530,1,1,0,1,0,0,1,0,1
1890.287790,1,1,0,1,1,1,0,0,0
1890.633458,0,1,1,0,1,0,0,0,1
1891.620876,1,1,1,1,0,0,0,0,0
1892.594448,1,0,0,1,1,0,1,0,0
1893.400454,0,0,0,0,1,0,1,0,1
1894.001676,0,0,1,1,1,1,1,0,1
1894.951726,0,1,0,1,1,1,0,1,0
1895.238155,0,1,0,1,1,0,0,0,0
1895.618663,1,0,0,1,0,0,1,1,0
1896.444633,0,1,1,0,1,1,1,0,0
1897.391823,1,1,0,1,0,1,1,1,1
1898.254597,1,0,1,0,0,0,1,0,1
1898.605641,1,1,1,1,1,1,0,1,1
1898.805024,0,1,0,1,0,0,1,1,1
1898.926144,1,1,0,1,1,0,1,0,0
1899.679834,1,1,1,0,1,0,1,1,0
1899.933840,0,0,1,1,1,1,1,1,1
1900.458979,0,0,0,0,1,0,0,0,0
1901.024763,0,0,1,0,0,1,0,0,0
1901.352276,1,0,0,1,0,0,1,1,0
1901.453742,1,1,0,0,0,0,0,1,0
1901.882885,0,1,0,1,1,1,1,0,0
1902.794216,1,0,0,1,0,1,0,1,0
1903.221809,0,1,0,0,1,1,0,1,1
1904.079552,1,0,0,1,1,0,1,1,0
1905.027287,0,0,1,1,1,0,0,0,1
1905.139404,0,0,0,0,1,1,0,1,0
1905.371099,0,0,0,0,0,0,1,0,1
1905.681263,1,0,0,0,0,1,0,0,1
1906.431513,0,0,0,0,1,1,1,1,1
1906.930885,1,1,0,0,1,1,0,0,0
1907.731085,1,1,0,0,0,0,1,1,0
1908.434425,0,1,0,1,1,0,1,1,1
1908.817396,0,0,1,1,0,0,1,1,1
1908.969143,1,1,1,0,1,0,1,0,1
1909.104769,0,1,0,0,0,1,1,1,1
1909.931427,0,0,0,0,0,0,1,0,0
1909.976659,1,1,0,0,1,0,1,1,1
1910.686926,0,1,1,0,0,0,1,1,0
1910.720808,1,1,0,1,0,0,0,0,1
1910.828844,0,1,1,0,1,1,0,0,0
1910.949127,0,1,0,0,0,0,1,0,1
1911.699377,1,0,1,1,1,1,1,0,1
1911.950127,1,0,1,1,0,0,0,0,0
1912.345808,1,1,1,0,0,1,0,1,1
1912.739429,0,0,0,0,0,0,1,1,1
1913.382643,0,1,0,1,0,1,0,1,1
1913.466085,0,0,0,0,0,0,1,0,1
1914.108234,0,1,0,0,1,0,0,1,0
1914.684745,0,0,0,0,0,1,0,0,1
1915.246522,0,0,1,0,1,1,0,1,0
1916.040117,0,0,0,1,0,0,0,1,1
1916.396211,1,1,1,1,0,1,1,1,1
1916.856606,0,0,0,1,1,0,0,0,1
1916.887193,1,1,1,1,1,1,1,1,1
1917.793435,1,0,0,1,1,0,0,1,1
1918.466032,0,0,1,0,0,1,1,0,0
1919.416082,0,0,0,1,0,0,1,1,0
1920.083082,1,1,0,1,1,0,0,0,1
1920.711232,0,0,0,0,1,1,0,0,1
1921.136807,0,0,1,0,0,1,1,1,1
1921.672218,0,0,0,0,1,0,0,1,1
1921.801661,1,1,0,1,0,0,1,0,1
1922.649142,0,0,0,0,1,0,1,1,0
1922.975190,0,0,1,1,1,1,0,1,1
1923.803644,1,1,0,1,1,1,0,0,0
1924.098468,1,0,1,0,0,0,1,1,0
1924.726162,1,0,1,1,0,0,1,1,1
1924.763760,1,0,1,0,1,0,0,0,1
1924.786048,1,1,0,0,1,1,1,1,0
1925.386448,0,0,0,1,0,1,0,0,0
1925.392545,0,0,0,0,1,1,0,1,0
1925.570856,1,0,0,1,1,0,1,0,0
1925.608248,1,1,1,1,0,1,1,1,1
1926.592996,0,1,0,1,0,0,1,0,1
1926.899769,1,0,0,1,0,1,1,0,1
1927.761840,0,1,0,1,0,1,1,0,0
1928.111115,1,1,0,0,0,0,1,0,0
1928.164096,1,1,0,1,0,0,0,1,1
1928.983196,1,0,1,1,1,1,0,1,1
1929.792143,0,1,0,0,1,1,1,1,1
1930.045227,0,0,1,0,1,0,0,0,0
1931.017982,1,0,0,1,1,1,0,1,0
1931.760345,1,0,1,1,1,1,0,0,1
1931.948074,0,0,0,0,1,0,1,1,0
1932.944862,0,0,1,0,1,0,1,1,0
1933.490771,1,1,1,1,1,0,0,1,1
1934.481668,0,1,1,1,1,1,1,0,0
1935.259320,1,0,0,1,1,0,0,0,1
1935.361707,0,1,1,1,1,0,0,1,1
1936.268051,1,1,1,1,1,1,0,1,1
1936.802247,0,0,1,1,0,0,1,1,0
1936.908714,0,1,0,1,1,1,1,0,0
1937.185300,0,0,0,0,1,1,1,0,0
1937.791690,1,1,1,0,0,0,0,0,1
1938.229433,1,0,0,0,0,1,0,1,1
1939.192250,0,1,1,0,1,0,0,0,1
1939.295015,0,0,0,0,1,0,0,0,1
1939.441169,1,1,0,0,0,0,0,0,1
1939.887288,0,1,0,0,1,1,1,0,1
1940.871231,1,1,1,0,1,1,1,0,0
1941.198548,0,1,0,0,1,0,1,0,1
1941.575493,1,1,1,1,0,0,1,0,0
1941.612119,0,1,0,0,1,1,1,0,1
1941.824264,0,0,0,1,0,1,0,1,1
1942.313057,0,0,1,0,1,1,0,0,1
1943.109712,1,1,1,0,0,0,0,0,1
1943.361107,1,0,1,0,0,1,0,1,1
1943.861607,0,0,0,0,0,0,0,1,1
1944.762368,0,1,1,0,1,1,0,0,1
1945.474760,0,1,0,1,1,1,1,1,0
1945.754576,1,1,1,1,0,0,1,0,0
1946.010876,0,0,1,1,1,0,0,0,1
1946.862131,1,0,0,1,1,0,0,0,1
1947.460685,0,1,0,1,0,1,1,0,0
1947.680217,0,1,1,1,1,0,1,0,0
1948.482462,0,0,0,1,1,0,1,0,0
1948.963280,1,1,1,1,1,0,0,1,1
1949.230680,1,0,0,0,1,1,1,1,1
1949.659823,1,0,1,1,0,1,1,0,0
1950.037258,1,1,1,1,1,0,0,1,1
1950.219051,1,0,1,0,1,1,1,0,1
1950.512442,1,1,1,1,0,0,1,1,0
1950.527057,1,1,0,0,1,1,1,1,1
1951.075701,0,0,1,0,0,0,1,1,1
1951.173379,1,0,0,1,1,1,0,1,0
1952.031711,0,1,1,0,1,0,1,0,0
1952.298844,0,1,0,1,0,1,0,1,0
1952.338838,1,1,0,1,1,0,1,0,1
1953.329659,0,0,1,0,0,1,0,1,0
1954.155640,0,0,1,1,0,0,1,0,0
1955.137577,1,0,0,0,0,0,0,1,1
1955.919829,0,1,1,1,0,0,1,0,0
1956.874858,0,1,0,1,1,0,0,1,0
1957.657862,0,0,1,0,0,0,0,0,0
1957.761368,0,0,0,0,0,1,0,1,0
1958.131261,0,0,1,0,1,0,1,1,1
1958.789876,1,0,0,1,0,0,1,1,0
1959.741608,0,1,0,0,0,1,1,1,1
1960.483801,1,1,1,0,0,0,1,0,0
1960.742529,0,0,1,1,0,0,0,0,0
1961.521716,0,1,1,0,1,1,0,1,1
1962.321113,1,1,0,1,0,1,0,0,0
1962.376604,1,0,0,1,0,0,1,0,1
1962.534790,0,0,0,0,1,0,0,0,1
1963.440440,0,0,1,0,0,1,1,1,1
1964.358972,0,1,0,1,1,1,0,1,0
1964.625207,0,1,1,1,1,1,1,0,0
1965.391674,0,1,0,1,0,1,1,0,0
1965.667066,1,0,0,1,1,0,0,0,1
1966.001066,0,1,0,1,0,0,0,1,0
1966.574896,0,0,1,0,0,0,0,0,1
1966.788664,1,0,1,1,0,0,1,1,0
1966.941839,0,1,1,1,1,1,1,1,0
1966.981946,1,0,0,1,0,0,1,0,0
1967.339223,1,0,0,1,0,1,0,0,0
1967.747560,1,0,1,1,1,1,1,0,0
1968.058594,1,0,0,0,1,1,1,1,1
1968.902971,1,0,0,1,0,1,0,1,0
1969.472050,1,1,0,1,1,1,0,0,0
1970.423711,1,1,0,1,0,0,1,0,1
1971.409440,1,1,0,0,0,0,0,1,1
1972.399152,0,1,1,0,1,1,1,0,1
1972.734981,1,0,1,1,1,1,1,0,1
1973.731790,1,0,0,0,1,0,0,1,1
1973.924322,0,0,0,1,1,1,0,0,0
1974.533850,1,1,1,0,1,1,1,1,1
1974.812806,0,1,1,1,1,1,1,1,1
1975.725063,0,0,0,1,1,0,1,1,0
1975.935531,0,1,1,1,1,0,0,1,1
1976.547255,0,0,1,0,0,0,0,1,0
1976.855138,1,1,1,1,1,0,0,1,1
1977.802559,0,0,0,0,0,1,1,0,0
1978.647159,1,1,0,0,1,1,0,0,0
1979.272319,0,1,1,1,0,0,1,1,1
1979.644518,0,0,1,0,0,1,0,1,1
1979.672087,1,0,0,1,0,1,1,0,1
1980.319499,0,1,1,1,1,0,1,0,0
1981.270242,1,1,1,0,1,1,0,1,1
1981.832627,0,0,0,1,0,1,0,1,0
1982.114899,0,1,1,1,0,0,1,1,0
1982.605508,1,1,0,1,0,1,1,1,1
1983.256395,1,0,0,0,1,1,0,0,1
1983.405229,1,1,0,0,1,1,1,1,0
1983.816841,0,0,0,1,1,0,1,1,0
1984.240805,1,0,1,1,0,0,1,1,0
1985.204193,1,1,0,1,1,0,0,0,1
1986.113703,0,0,1,1,1,0,1,1,1
1986.523296,0,1,1,0,0,0,0,0,0
1987.240394,0,0,0,0,0,0,1,1,0
1987.354641,1,1,1,0,1,1,1,1,1
1988.260920,0,0,1,1,0,1,1,0,0
1989.006535,1,0,0,0,1,1,0,0,0
1989.170363,0,1,0,0,0,1,0,0,0
1989.174153,0,0,0,1,0,1,0,0,1
1989.807134,1,1,1,0,1,0,0,1,1
1990.247885,1,1,0,1,1,1,0,1,1
1990.842350,0,0,1,1,0,0,1,1,1
1991.106480,1,1,0,0,0,0,0,0,0
1991.652389,1,1,0,1,0,0,1,1,1
1992.283365,1,0,0,0,1,0,0,0,0
1992.875171,1,0,0,1,1,1,1,0,0
1993.857367,1,0,1,0,1,0,1,0,0
1994.661759,0,1,1,0,1,0,0,1,1
1995.125126,0,1,1,0,1,1,0,0,1
1995.857102,0,1,1,0,0,1,0,1,1
1996.666471,1,1,1,0,1,1,0,1,1
1997.037832,1,1,1,1,1,1,0,1,0
1997.802152,0,1,0,1,0,0,0,0,0
1998.411967,1,0,1,0,0,1,0,0,0
1999.314026,0,0,0,0,0,1,0,1,1
1999.520045,0,0,0,0,1,1,0,1,1
1999.852663,1,1,1,1,0,0,0,0,1
2000.281806,1,0,1,0,1,1,0,0,1
2000.649345,1,1,1,1,1,1,1,1,1
2001.191171,1,1,0,1,1,1,0,1,0
2001.369563,0,1,1,1,0,0,0,0,1
2001.465557,1,1,0,1,1,1,1,1,0
2002.257643,0,1,1,0,0,0,0,1,1
2002.358543,0,1,0,0,0,0,1,0,1
2003.229640,0,1,1,0,0,0,0,0,0
2003.341640,0,0,0,1,0,0,0,1,0
2003.485126,0,0,1,1,0,0,1,0,0
2004.374126,0,0,0,1,1,1,1,0,0
2004.530659,0,1,0,1,0,0,1,1,0
2005.199740,1,0,1,0,0,1,1,1,0
2006.196507,0,0,0,0,1,0,0,1,1
2007.156864,0,0,1,1,0,1,1,1,0
2007.788106,1,0,0,1,0,0,0,1,0
2007.859179,0,0,0,0,1,0,0,1,0
2007.996999,1,1,1,0,1,1,1,0,0
2008.387175,0,1,0,1,0,1,0,1,1
2008.438757,1,1,1,0,1,1,0,0,1
2008.672857,0,1,0,0,0,1,1,0,1
2009.077774,1,1,1,1,0,0,1,0,1
2009.410131,0,1,0,1,0,0,0,1,0
2009.533102,1,0,1,0,0,0,1,1,0
2010.324161,1,1,0,0,0,1,1,1,0
2011.004528,0,1,1,1,0,1,1,1,0
2011.790762,1,1,0,1,0,1,1,0,0
2012.543714,1,0,1,1,0,1,0,1,0
2013.074671,1,1,0,0,0,1,0,1,0
2013.336176,1,1,1,0,1,1,0,1,1
2013.924308,0,1,0,1,1,1,1,1,1
2014.134730,1,0,0,0,0,1,0,0,0
2014.199496,0,1,0,1,0,1,0,0,0
2015.193193,1,1,0,1,0,1,1,0,0
2016.091321,1,0,0,0,1,1,1,1,0
2016.474917,0,0,1,0,0,0,1,1,1
2016.743941,0,1,0,0,0,1,1,0,0
2017.400065,0,0,1,1,1,1,1,1,0
2018.182101,1,0,1,0,0,0,1,1,1
2018.574231,1,0,1,0,0,1,0,0,0
2019.420130,0,1,0,0,0,0,1,0,0
2019.715916,0,0,0,0,1,1,1,1,1
2019.721708,1,1,0,1,1,1,0,0,1
2020.227579,1,0,1,0,0,1,1,1,0
2020.578336,0,1,1,1,1,1,0,1,0
2021.375895,1,0,1,0,1,1,0,1,0
2021.409793,0,1,0,1,1,0,1,1,1
2021.984375,0,0,0,1,0,0,1,1,1
2022.792259,1,0,1,0,1,1,0,1,1
2023.743066,0,0,0,1,1,1,0,1,0
2024.467786,0,1,0,1,1,0,0,1,1
2024.695303,0,1,1,1,1,0,0,0,0
2025.164800,1,1,1,0,1,0,1,0,1
2025.583986,1,1,0,0,0,1,0,0,1
2026.131106,0,1,0,0,1,1,1,1,0
2026.149530,0,0,0,1,0,0,1,0,1
2026.769167,1,1,0,1,0,0,0,0,0
2027.129615,1,0,0,1,1,0,0,0,0
2027.320901,1,1,1,0,1,1,1,1,1
2028.002671,1,1,0,1,0,1,0,1,0
2028.430054,1,0,1,1,0,0,1,0,0
2029.129726,0,1,1,0,1,0,1,0,0
2029.652980,1,1,0,1,1,1,1,0,0
2030.348597,1,0,0,0,0,0,0,1,0
2030.464402,1,1,0,1,0,0,1,1,1
2031.130580,1,1,1,0,1,1,1,1,1
2031.348754,0,1,1,0,0,0,0,0,1
2031.367147,0,1,1,0,0,1,0,1,0
2031.913287,1,0,0,0,0,0,1,1,0
2032.017970,0,1,1,1,0,1,0,1,0
2032.732024,0,0,0,1,1,0,1,0,1
2032.776716,1,1,1,1,1,1,1,1,0
2033.618979,1,1,0,1,1,0,0,1,0
2033.749479,1,1,0,0,0,1,1,1,0
2034.456692,0,0,0,0,1,1,0,0,1
2034.658019,0,1,1,1,0,0,1,0,0
2034.854475,0,1,0,0,1,0,1,1,0
2035.381265,1,1,0,1,0,1,0,1,0
2036.034079,0,1,1,0,0,1,1,0,1
2036.981500,1,1,0,0,0,1,0,0,0
2036.997300,1,1,1,0,0,1,1,1,1
2037.986634,1,1,1,0,0,1,0,0,0
2038.325227,0,0,0,0,0,0,1,1,0
2039.304140,1,1,0,1,0,1,0,0,1
2039.880201,0,0,0,1,1,1,0,0,0
2040.516798,1,0,0,1,1,1,1,0,0
2041.510545,0,0,0,1,1,0,1,0,1
2041.675018,0,0,0,1,1,0,1,1,0
2041.819654,1,0,1,1,0,0,1,0,1
2042.031245,1,0,1,1,0,1,1,1,0
2042.584178,1,1,1,1,0,0,1,1,1
2043.517371,0,0,0,1,0,1,0,0,1
2044.390669,0,0,1,0,0,1,0,1,1
2045.145181,1,1,0,0,0,1,1,0,0
2045.412581,1,0,1,1,1,1,0,1,1
2046.389387,0,1,1,1,1,1,0,0,0
2047.331112,1,0,0,0,0,0,0,0,1
2047.698651,1,0,1,0,1,0,1,0,1
2047.741276,1,0,1,0,0,0,0,0,1
2047.812317,0,0,1,1,0,1,1,1,0
2048.202308,0,0,1,0,0,1,1,1,0
2049.056422,0,1,1,0,1,0,1,0,0
2049.648040,0,0,0,1,0,0,1,1,0
2050.646695,0,1,1,0,1,0,1,0,0
2051.530265,1,0,0,0,1,1,1,1,1
2051.693300,1,1,1,1,1,0,0,1,1
2052.305903,0,1,0,1,1,1,0,0,0
2053.000135,1,1,1,0,1,1,0,1,0
2053.243080,1,0,1,0,1,1,1,0,0
2053.518561,0,1,1,1,1,1,1,0,1
2054.373468,1,0,1,0,0,1,1,0,1
2054.986994,0,1,0,0,1,1,0,1,1
2055.381539,1,1,0,1,1,0,1,1,1
2056.051999,1,0,0,0,1,1,1,0,0
2057.046774,0,1,0,0,1,0,0,1,1
2057.137237,0,0,0,1,0,0,0,1,0
2057.832327,1,0,0,1,1,1,0,0,1
2058.045444,1,1,1,1,1,0,1,1,1
2058.997587,0,1,0,1,1,1,0,1,0
2059.352929,1,0,1,0,0,1,0,1,0
2059.978304,0,1,1,0,1,0,0,1,1
2060.892564,1,0,1,1,1,0,0,0,1
2061.523468,0,1,1,0,1,0,1,1,1
2061.983006,0,1,1,1,0,0,0,0,1
2062.365846,0,1,0,0,0,0,1,1,1
2062.448989,1,1,0,1,0,0,0,0,1
2063.093446,0,0,0,0,1,0,1,0,1
2063.817648,0,0,0,0,0,1,1,1,1
2064.309910,1,1,0,0,0,1,1,0,1
2064.745605,0,0,0,0,1,1,0,1,0
2065.174748,1,1,0,1,0,1,1,0,1
2065.675248,1,1,0,0,1,0,1,0,0
2066.327171,1,1,1,1,0,1,0,0,1
2066.798131,0,1,1,0,0,0,1,1,1
2066.897624,0,0,1,1,0,1,0,1,0
2067.384511,0,1,0,0,1,0,1,0,1
2067.506649,1,0,0,0,0,0,1,0,0
2068.215415,1,0,0,1,1,1,0,1,0
2068.586102,1,0,1,0,0,0,1,0,0
2069.226812,1,1,1,0,0,0,1,1,1
2069.835099,1,0,1,0,0,1,1,0,0
2070.060745,0,0,1,1,0,0,0,1,0
2070.290800,0,1,1,0,0,0,0,1,1
2071.201869,0,1,1,0,0,0,1,0,0
2071.324949,1,0,1,0,1,0,0,0,1
2072.261377,1,1,1,1,0,0,0,1,1
2072.720100,1,0,1,0,1,0,0,1,1
2073.115150,0,0,0,0,1,1,0,1,0
2073.477491,0,1,0,0,0,0,0,1,0
2073.690960,0,1,0,0,1,0,0,0,1
2073.844527,1,1,1,1,1,1,0,0,0
2074.087348,1,1,1,1,1,1,1,1,1
2074.724075,1,1,1,0,0,1,0,0,0
2075.403577,0,1,0,0,1,0,1,0,1
2075.507214,1,1,1,0,0,1,0,1,0
2076.392778,0,1,1,0,0,0,0,1,1
2076.783084,1,1,0,1,1,0,0,0,1
2077.370112,0,0,1,1,1,0,0,0,1
2077.808769,0,0,0,0,0,1,0,0,1
2078.064769,1,1,0,0,1,0,0,1,1
2078.351197,1,0,0,0,1,1,1,1,0
2078.416534,0,1,0,1,0,1,1,0,0
2078.863368,0,0,1,1,0,1,1,0,1
2079.374753,1,1,0,0,0,1,0,1,0
2079.852753,0,1,1,0,0,0,0,1,1
2079.938119,0,0,0,0,0,1,1,1,1
2080.339098,0,0,1,1,0,1,0,0,1
2080.415023,0,1,0,1,1,1,1,1,0
2081.076652,1,0,1,1,1,1,0,1,0
2081.910152,0,1,1,0,1,0,1,0,1
2081.953690,0,0,1,0,1,0,1,0,0
2082.404857,1,0,1,0,0,1,1,0,1
2083.375561,0,1,0,0,0,1,0,1,1
2084.151841,1,0,0,0,1,0,0,0,1
2084.731749,1,1,1,1,1,0,0,0,1
2085.170502,1,0,1,1,0,0,0,1,0
2086.043686,0,1,0,0,1,0,0,0,1
2086.179454,0,1,0,1,0,0,1,1,1
2087.146892,1,0,1,1,1,0,0,1,0
2087.206217,1,1,1,1,1,1,0,0,1
2087.656491,1,0,1,0,0,1,1,0,1
2088.281866,0,0,1,0,0,0,1,0,0
2088.425581,1,1,0,1,1,1,0,1,0
2088.738768,0,0,1,0,1,1,0,1,1
2089.187218,1,1,0,0,1,0,0,0,0
2089.803144,1,1,1,1,1,0,1,1,1
2089.954759,1,0,1,0,0,0,0,0,0
2090.871068,1,0,1,0,1,0,1,0,0
2091.061255,1,1,1,0,0,0,0,1,0
2091.135774,0,0,1,0,1,0,0,1,0
2091.796873,1,0,1,1,1,0,1,1,1
2092.043529,1,1,0,1,1,0,0,1,0
2092.195063,0,0,1,1,0,1,1,1,1
2092.532839,0,1,1,0,0,0,0,1,1
2092.533839,0,0,1,1,1,1,0,1,0
2093.005329,1,0,1,1,1,1,1,1,0
2093.869662,1,1,1,0,1,0,1,1,0
2094.811640,0,0,0,0,1,1,0,0,0
2095.228291,1,0,0,1,0,1,0,0,0
2096.045375,1,0,0,0,0,0,1,0,0
2096.744744,1,1,0,1,0,0,1,1,0
2096.845644,0,1,1,1,1,0,0,0,0
2097.652289,1,1,0,0,0,1,1,1,1
2097.961728,0,0,1,0,1,1,1,1,0
2098.624856,1,0,0,0,1,0,0,0,1
2099.222622,0,1,1,1,1,0,1,0,0
2099.518812,1,1,1,1,0,0,0,1,0
2100.409989,1,0,0,0,1,1,1,0,1
2100.637268,1,0,0,0,0,1,0,0,1
2101.352131,0,1,0,1,0,1,1,0,0
2102.079676,1,1,1,1,1,0,0,0,1
2102.354656,1,1,1,1,0,1,0,0,1
2103.302394,0,0,0,0,1,1,0,1,1
2104.064768,0,0,0,0,1,0,1,1,0
2104.696194,1,0,1,0,1,0,1,1,1
2104.970343,1,1,0,1,1,0,1,1,1
2105.135465,1,0,1,1,1,0,1,1,0
2105.606517,0,0,1,0,1,0,0,1,1
2105.747528,0,0,1,0,1,1,0,1,0
2106.588365,0,0,0,0,0,0,0,1,0
2106.640162,1,1,0,1,0,1,0,0,1
2107.280933,0,0,0,1,1,0,1,1,0
2108.212508,1,1,1,1,1,0,1,1,1
2108.678451,1,0,0,1,1,1,1,1,0
2108.884288,1,0,1,1,1,1,1,1,0
2109.147979,0,1,0,0,1,0,0,0,1
2110.144753,0,1,0,0,0,1,0,0,1
2110.617156,0,1,1,1,0,1,0,1,0
2111.476721,0,1,0,1,0,0,1,0,0
2111.807273,0,0,1,0,0,1,1,0,1
2112.610102,0,1,0,1,1,0,0,1,1
2113.217995,0,1,1,1,0,0,1,0,1
2113.413245,1,1,1,0,1,1,0,1,1
2113.926502,0,1,1,1,0,0,1,1,0
2114.202737,1,1,0,1,1,1,1,0,0
2114.395504,0,1,1,0,1,0,1,0,1
2115.064850,0,1,0,0,1,1,1,1,0
2115.848787,0,0,0,1,1,1,0,1,0
2115.868636,1,1,0,0,0,0,0,1,0
2116.069681,1,1,1,1,1,0,0,0,0
2116.344555,1,1,0,1,1,1,0,0,1
2116.546311,0,0,1,1,0,1,0,1,0
2116.935081,0,1,1,1,0,0,1,1,1
2117.172777,0,1,0,0,1,1,1,1,0
2117.290867,1,0,1,1,1,1,0,1,1
2117.530944,1,0,0,0,0,0,0,0,0
2117.728691,0,0,1,0,1,1,1,0,0
2118.132827,0,0,0,1,1,1,1,1,0
2118.452491,1,0,0,0,0,1,1,0,1
2118.620979,1,0,1,0,1,0,0,0,1
2118.801799,1,1,1,0,0,1,0,0,0
2119.520864,1,1,1,1,1,1,0,1,0
2119.635674,0,0,1,1,0,0,1,0,1
2120.069574,1,1,0,1,1,1,1,0,1
2120.904928,0,1,0,1,0,1,1,0,0
2121.656677,1,0,0,0,0,1,1,0,0
2121.907427,0,0,0,0,0,1,1,1,1
2122.165566,0,0,1,0,0,1,1,0,1
2122.482040,0,0,0,0,0,0,1,0,1
2122.760923,1,0,1,1,0,0,1,1,1
2123.595647,1,0,1,0,0,1,1,1,0
2123.837582,1,0,0,1,1,1,1,1,1
2124.767089,0,0,1,0,1,1,0,1,1
2125.383042,1,0,0,1,1,0,1,1,1
2125.886086,1,1,0,1,0,1,0,1,1
2126.311737,0,0,0,1,1,1,0,1,0
2126.821177,0,1,1,0,1,0,0,0,0
2127.771917,1,1,1,0,1,0,0,1,0
2127.906117,0,0,1,1,0,0,1,0,0
2128.690875,0,0,1,1,0,0,1,0,0
2128.691875,0,1,0,0,1,1,1,1,1
2129.633111,0,0,1,0,0,0,0,1,1
2130.263190,1,0,1,1,0,1,0,0,1
2130.846410,0,1,1,0,1,1,0,1,1
2131.134721,1,1,1,1,1,1,0,1,0
2131.274019,1,1,0,0,1,1,1,1,0
2131.849187,1,1,0,0,1,1,0,1,0
2132.592704,0,0,0,0,0,0,0,0,1
2132.787309,0,1,1,1,1,1,0,0,1
2133.565309,1,1,1,1,0,1,0,1,1
2134.463716,0,0,0,1,1,0,0,1,1
2134.897616,1,1,0,1,1,1,0,1,0
2135.306926,0,0,1,0,0,0,1,1,0
2135.325250,1,0,1,0,1,0,1,0,0
2135.432863,0,0,0,1,0,1,0,0,1
2135.849356,0,0,0,1,0,0,0,1,1
2136.314735,0,1,0,0,0,1,1,0,1
2136.941221,1,1,0,0,0,1,1,0,1
2137.063312,0,0,0,1,0,0,0,1,0
2137.588787,0,0,1,0,0,1,1,0,0
2137.766506,0,1,0,0,1,1,0,0,1
2138.201218,1,1,0,1,1,0,0,0,1
2138.202218,1,1,1,1,1,1,1,0,0
2138.931163,0,0,1,1,1,0,0,0,1
2139.528969,0,0,0,0,0,0,1,0,0
2140.124652,1,0,1,0,1,0,1,1,1
2140.912098,0,0,0,0,0,1,0,1,1
2141.439289,1,1,1,0,1,0,0,0,1
2142.116468,0,0,1,0,1,0,0,0,1
2142.675733,0,0,1,0,1,1,1,1,1
2143.324033,0,1,1,0,0,0,1,0,1
2143.963104,1,0,0,0,0,1,0,0,1
2144.116522,0,1,0,0,1,1,1,1,1
2144.507594,1,1,0,0,0,0,1,1,0
2144.934945,1,0,1,0,1,0,0,1,0
2145.806456,0,0,0,1,1,1,0,1,0
2146.152511,1,1,1,0,1,1,1,1,0
2146.333386,1,0,0,0,1,1,0,0,0
2147.287977,0,1,1,1,0,1,1,0,1
2147.940111,1,0,1,1,0,0,1,0,0
2148.449693,1,0,0,1,1,0,1,0,1
2148.651307,1,0,1,1,1,1,0,1,0
2149.060245,0,0,0,0,1,1,0,0,0
2149.619767,1,0,0,1,1,0,1,1,0
2149.879767,1,1,1,0,0,0,1,1,0
2150.430675,1,0,0,1,1,0,0,0,1
2150.586764,0,0,1,1,0,1,1,1,0
2150.901993,0,0,1,1,1,0,1,1,0
2150.958555,1,1,1,1,1,0,1,0,1
2151.161006,0,0,0,0,0,1,0,1,0
2151.176578,1,1,1,1,1,1,1,0,1
2152.127795,0,0,1,1,0,1,1,0,0
2152.295295,0,1,1,1,0,1,0,1,0
2152.433486,1,0,1,0,0,1,0,1,1
2153.054555,1,1,1,0,0,1,0,1,1
2153.455155,1,1,1,0,0,0,1,0,1
2154.150647,1,0,1,1,1,1,0,1,1
2154.722504,1,1,1,0,0,1,0,1,0
2155.103941,1,1,1,1,1,1,1,1,0
2155.855444,0,0,0,0,0,1,0,1,1
2156.601730,0,1,1,0,0,1,0,0,1
2157.147919,1,0,0,1,1,1,0,1,0
2157.506494,1,0,0,1,1,0,1,0,1
2158.369922,0,0,1,0,1,0,0,1,0
2159.164958,0,0,0,1,0,0,0,1,0
2159.714516,1,0,0,1,1,1,0,0,0
2160.281087,0,0,0,1,0,0,1,0,1
2160.864326,1,1,0,1,0,1,0,1,1
2161.040151,0,1,0,1,1,0,0,1,0
2161.523518,0,0,1,1,1,0,0,0,1
2161.526485,1,0,0,1,1,1,0,1,1
2162.267408,0,0,0,1,1,0,1,1,1
2162.374184,0,0,1,1,0,1,1,0,0
2163.035588,0,0,0,0,1,0,0,1,1
2163.446250,1,0,0,0,1,0,0,0,1
2164.299607,0,0,1,0,0,0,1,1,1
2164.414822,0,0,1,1,0,0,0,1,0
2165.340270,1,1,1,0,0,1,0,1,0
2166.165483,0,0,1,1,0,0,0,0,1
2166.475495,1,0,0,0,0,0,0,0,1
2166.812128,1,1,0,1,1,1,1,1,0
2167.711699,0,1,1,0,1,0,0,1,1
2168.663843,0,0,1,1,1,1,1,1,1
2169.215094,1,0,0,0,1,0,0,0,1
2169.465844,1,1,1,1,0,0,1,1,1
2170.403941,0,0,1,1,0,1,0,0,0
2170.993335,1,1,1,1,1,0,1,1,0
2171.951360,1,1,1,0,1,1,0,0,1
2172.661661,1,1,1,0,0,0,0,0,1
2173.146501,1,1,0,1,0,1,0,0,0
2173.871592,0,1,0,0,0,0,0,1,1
2174.104536,1,1,0,1,1,0,1,1,0
2174.497093,1,0,0,1,1,0,1,0,0
2174.980369,0,0,0,0,1,1,0,1,0
2175.596914,0,0,0,1,1,1,1,0,1
2176.145937,0,0,0,0,1,1,0,1,1
2176.689129,1,1,0,1,1,1,0,1,0
2177.401008,1,0,0,1,0,1,0,0,1
2178.296195,0,0,1,1,1,1,1,0,0
2178.419749,1,0,1,0,1,1,0,0,1
2178.884658,1,1,0,0,1,0,0,0,0
2179.431408,1,1,0,1,0,1,1,1,1
2179.712703,1,0,1,1,0,0,0,0,0
2180.225191,0,1,0,1,1,1,1,0,1
2180.346760,0,0,1,0,1,1,1,1,0
2180.407402,0,1,1,1,0,1,0,1,1
2180.656215,1,0,1,0,1,0,1,0,0
2181.031840,0,0,0,0,0,0,1,1,0
2181.294117,1,1,0,0,0,1,1,0,1
2182.270590,1,0,0,1,0,0,1,0,1
2182.813576,0,0,0,0,1,0,1,1,0
2183.485334,0,1,1,0,1,1,1,1,1
2184.290749,1,0,0,1,1,0,1,0,1
2184.667373,1,1,0,1,0,0,0,0,1
2185.480747,0,1,1,1,0,1,1,0,0
2186.449667,1,0,0,1,1,1,0,0,0
2187.415350,1,0,1,1,0,0,0,1,1
2187.587350,1,0,0,1,0,1,1,1,0
2188.333691,1,1,0,0,1,1,1,1,0
2189.114038,0,1,0,0,0,0,0,1,1
2189.752726,0,1,1,0,1,0,1,1,1
2190.510797,0,1,0,1,1,0,0,1,1
2190.515319,1,1,1,0,1,1,0,0,0
2190.676017,0,1,1,0,0,1,0,1,1
2190.801425,1,0,0,1,1,1,0,0,1
2190.929282,1,1,1,1,1,0,1,0,1
2191.587876,0,0,0,1,0,0,0,0,0
2192.420697,1,1,0,1,1,0,1,1,1
2193.110951,0,0,0,0,1,0,0,0,1
2193.925570,1,1,0,1,1,1,0,0,1
2194.091399,1,1,0,1,1,0,1,1,0
2194.901113,1,0,1,0,1,1,1,0,1
2195.252241,0,1,1,0,0,0,0,0,0
2195.936889,1,1,0,0,1,0,0,0,0
2196.483237,0,1,0,1,0,1,1,1,0
2196.530966,1,0,1,0,1,1,0,0,0
2197.047729,1,0,1,1,0,1,0,0,0
2197.102792,1,1,0,0,0,1,0,0,0
2197.371382,1,0,1,1,0,0,1,0,0
2197.592311,0,1,1,0,1,1,1,1,1
2198.342561,1,1,1,0,1,0,0,1,0
2199.103940,0,1,1,1,0,0,0,0,1
2199.739412,0,0,0,1,1,0,1,1,1
2199.956522,0,0,0,1,1,0,0,0,0
2200.691797,0,1,0,1,0,1,0,1,1
2200.807056,0,1,0,0,0,1,0,1,0
2201.460602,1,1,0,0,1,0,1,0,0
2201.488847,1,0,1,1,1,1,0,0,1
2201.719362,1,0,1,1,1,0,1,0,0
2202.340431,1,0,1,0,0,0,0,0,1
2202.803280,0,1,0,1,1,0,1,0,0
2203.161276,1,0,1,0,1,0,0,1,0
2203.952110,1,0,0,1,0,1,0,0,1
2203.971490,0,1,1,0,1,0,1,1,0
2204.065867,1,1,0,1,1,1,1,0,0
2204.874108,1,0,1,1,1,1,1,0,0
2205.128020,0,0,1,0,0,1,0,1,0
2205.449012,0,1,1,1,0,1,1,1,1
2206.162427,1,1,0,1,1,0,0,0,0
2207.081250,0,1,1,0,0,1,1,1,0
2207.831500,1,0,0,1,1,0,1,1,1
2208.136774,1,0,1,1,0,1,0,1,1
2208.237530,0,1,0,1,1,1,1,1,0
2209.005004,1,0,0,0,0,0,1,1,1
2209.105723,0,1,1,1,0,0,0,1,0
2210.061848,0,1,0,0,1,1,1,1,1
2210.206441,1,0,1,0,0,0,0,1,0
2210.772272,1,0,1,1,0,1,0,0,0
2210.966098,1,1,1,0,1,1,1,0,1
2211.685766,0,1,1,0,1,0,1,1,0
2211.908997,1,0,1,1,1,0,0,1,0
2211.957169,1,1,1,0,0,0,0,0,0
2212.182883,1,1,0,1,1,0,1,1,1
2212.558189,1,0,0,0,0,1,1,1,1
2212.941947,0,0,1,0,1,0,0,0,0
2213.504885,0,1,1,0,1,1,0,0,1
2214.391418,0,1,0,1,0,1,0,0,1
2214.918265,0,1,1,1,1,0,1,0,1
2215.054999,1,1,1,1,0,1,0,1,0
2215.717814,0,0,0,1,1,1,0,1,0
2216.478899,1,1,0,0,0,0,0,0,0
2217.314561,0,0,0,1,0,0,1,0,1
2217.913863,1,1,0,1,0,1,1,1,0
2218.822764,0,0,0,1,1,1,1,1,1
2218.949466,1,0,1,0,0,1,1,1,1
2219.247903,1,1,0,0,1,1,1,0,0
2219.466550,1,0,1,0,1,1,0,0,1
2219.984117,1,1,0,0,0,0,0,0,0
2220.362836,1,1,0,0,0,0,1,1,1
2220.670170,1,0,1,1,0,1,0,1,1
2221.438079,1,1,0,1,1,0,0,1,0
2221.955803,0,1,1,1,1,0,0,0,1
2222.262948,0,0,0,0,0,0,1,0,1
2222.976785,0,0,1,0,1,0,0,0,0
2223.644846,0,0,1,1,0,1,1,0,0
2224.491584,0,1,0,1,0,0,1,0,1
2225.415535,1,0,1,1,0,0,1,0,1
2225.994711,0,1,1,0,1,1,0,1,1
2226.520609,1,0,1,0,0,0,0,0,1
2226.521609,0,1,1,0,0,0,0,0,0
2227.381125,0,0,1,0,0,0,0,0,1
2227.997116,1,0,0,0,0,0,0,1,1
2228.389840,1,0,0,1,0,0,0,1,1
2228.752181,1,0,1,0,1,0,1,1,0
2229.620001,1,1,0,1,1,1,1,1,0
2230.196766,1,1,0,0,0,0,0,0,1
2230.493245,0,0,1,1,1,1,0,0,0
2231.292303,0,0,0,0,0,0,1,1,1
2231.356265,0,1,0,1,1,0,0,0,1
2231.392628,1,0,1,1,0,0,1,1,1
2232.192581,1,0,1,1,0,1,1,1,0
2232.511144,0,0,0,0,0,1,0,1,1
2232.629127,0,0,0,0,0,0,1,0,1
2233.098452,0,0,1,1,0,1,1,1,1
2233.656271,1,0,0,1,0,1,0,0,1
2234.577512,0,0,1,0,1,1,0,1,1
2235.132892,0,0,1,1,1,0,1,0,0
2235.536235,0,0,1,1,0,1,0,1,1
2236.429025,1,1,1,1,0,1,1,1,1
2237.367462,1,1,1,1,1,1,0,0,1
2238.008847,1,0,1,1,0,0,1,1,0
2238.961886,1,0,1,1,0,1,1,0,1
2239.764409,1,0,1,0,0,0,1,1,0
2239.802107,0,1,1,1,0,1,0,0,1
2239.895027,1,1,0,1,1,0,0,0,1
2240.038339,1,1,1,0,1,1,1,0,0
2240.239139,0,0,1,0,0,0,0,1,1
2241.222762,1,0,1,0,1,0,0,0,0
2242.026562,0,1,0,0,0,0,0,0,1
2242.715963,1,1,1,1,0,0,1,0,1
2243.066762,0,0,0,0,1,1,1,1,0
2243.436894,1,0,1,0,0,0,0,1,1
2244.126777,1,0,1,0,0,0,1,1,1
2244.255376,0,1,0,1,0,1,0,0,1
2245.156643,0,1,1,1,0,0,0,0,0
2245.410390,0,1,1,0,0,0,1,0,1
2246.317851,0,1,0,0,0,0,0,0,0
2246.360767,1,0,0,0,0,1,1,1,1
2246.506360,0,1,0,0,0,1,0,0,0
2247.006860,1,0,0,0,1,1,1,0,1
2247.326291,0,0,0,0,1,0,1,1,1
2248.033390,0,1,1,0,1,1,0,1,0
2248.294284,0,0,0,1,1,1,1,0,0
2248.299609,1,1,1,0,1,1,1,0,0
2248.367634,1,1,0,1,1,0,1,1,1
2249.275216,1,1,1,0,0,0,1,1,0
2249.867173,1,0,1,0,0,1,0,1,0
2250.264471,0,1,0,1,1,1,0,1,0
2250.355036,1,1,1,0,1,0,0,1,1
2250.839909,0,0,1,0,1,1,1,0,1
2251.706709,1,1,0,1,0,0,0,0,1
2251.801954,1,1,1,1,0,1,0,0,0
2252.659240,0,1,1,1,0,1,0,0,0
2253.134210,1,1,1,1,0,0,1,1,0
2253.791696,0,1,1,0,1,0,1,1,0
2254.761785,1,0,1,1,0,0,0,1,0
2255.509291,0,0,0,1,1,0,1,0,0
2255.780721,0,1,1,0,0,1,1,0,0
2256.023483,1,1,1,0,0,1,1,0,1
2256.783904,0,0,1,0,1,0,1,0,0
2257.335722,1,1,0,1,0,0,1,0,0
2257.973829,0,0,1,0,0,1,1,0,1
2258.292502,1,1,1,1,0,1,0,1,1
2258.803127,1,1,0,1,1,0,0,1,0
2259.663500,0,0,0,0,0,0,0,1,0
2260.416436,0,1,1,1,1,1,0,0,1
2260.973217,0,0,1,1,1,1,1,1,1
2261.726971,1,0,1,1,1,1,1,0,0
2261.948706,1,0,0,1,1,0,0,1,0
2262.041164,1,0,1,0,0,0,1,1,0
2262.553281,0,1,0,1,1,1,1,1,1
2262.951610,0,0,1,0,0,1,1,0,0
2263.830753,1,0,1,1,1,1,0,0,0
2264.433762,0,0,1,1,1,0,0,1,1
2265.330092,0,0,0,0,1,1,0,1,1
2265.930492,0,0,1,1,1,1,0,1,1
2266.355904,1,1,0,1,0,0,1,1,1
2266.526170,0,0,0,1,0,0,0,0,1
2266.598527,0,1,0,0,1,0,1,1,1
2267.287776,1,1,0,1,0,1,1,0,1
2267.398119,0,0,1,1,1,1,1,1,0
2267.471774,0,1,1,0,0,0,1,1,0
2268.258219,1,1,0,0,1,1,1,1,1
2268.683794,0,0,0,0,1,0,1,0,1
2269.035093,1,0,1,0,0,0,1,0,0
2269.917884,0,0,0,1,0,1,0,1,1
2270.361227,1,0,0,0,1,0,0,0,1
2270.456473,1,1,1,1,0,1,0,1,0
2271.329863,1,0,0,0,0,1,1,0,0
2271.718661,0,1,0,1,0,1,0,1,1
2271.869388,0,0,1,1,1,1,1,0,1
2272.683993,1,0,0,0,0,1,1,0,1
2273.158792,0,0,1,0,0,0,0,1,1
2273.767778,1,0,0,0,1,1,1,0,0
2274.030221,0,0,1,1,0,0,1,1,1
2274.051310,0,0,1,0,1,0,1,1,0
2274.629085,1,1,0,1,0,1,0,1,0
2275.579498,1,0,0,0,0,0,1,1,1
2276.261635,1,1,1,1,1,1,0,1,1
2276.755081,1,1,1,1,0,0,0,1,0
2277.568365,0,0,1,1,0,1,0,1,0
2278.531648,0,1,0,1,1,1,0,0,0
2279.046697,1,0,1,1,1,1,1,1,0
2279.594196,0,0,0,1,0,1,1,1,1
2280.090849,1,1,0,0,1,0,1,1,1
2280.323364,0,1,1,1,0,1,0,0,1
2280.325454,0,1,1,0,0,0,0,0,0
2280.344954,0,1,1,0,1,1,0,0,1
2280.705145,1,0,0,1,1,1,0,1,0
2281.587191,1,1,1,1,1,1,1,1,0
2282.486485,0,1,1,1,0,1,0,1,0
2282.596467,0,0,0,0,0,1,0,0,1
2283.072316,0,0,0,1,1,1,0,0,1
2283.226842,1,1,1,0,1,1,1,1,0
2284.010614,0,1,0,0,0,0,0,0,0
2284.875411,1,0,1,1,1,0,0,0,0
2285.581653,0,1,0,1,0,1,0,1,0
2286.563676,1,1,1,0,0,0,1,1,0
2286.782690,1,0,1,0,0,1,1,0,1
2286.922440,0,0,0,1,1,1,0,0,1
2287.278718,0,1,1,1,0,1,0,1,1
2288.100944,0,1,0,0,0,0,0,0,0
2288.119329,1,0,1,1,1,0,0,1,0
2289.027230,1,0,1,1,0,1,1,1,0
2290.018009,0,0,0,1,1,1,0,1,0
2290.110682,1,0,1,0,1,1,0,0,0
2290.877812,1,1,0,0,0,0,1,1,1
2291.414932,1,1,1,1,0,0,1,1,1
2292.301720,0,1,0,1,0,1,1,0,1
2293.126654,0,1,0,1,0,0,1,0,0
2293.970197,1,1,1,0,0,0,1,0,0
2294.961434,1,0,0,1,0,1,0,1,1
2295.907769,1,0,0,0,1,1,1,1,1
2296.266901,1,1,0,0,1,1,1,1,0
2296.696466,0,1,0,1,0,0,1,0,0
2297.583805,1,0,1,0,0,1,0,0,0
2298.233581,0,0,1,1,1,0,1,0,0
2299.115128,1,0,1,0,1,0,1,0,1
2299.769321,1,0,0,1,0,1,1,0,0
2299.854206,0,0,0,0,1,0,1,0,1
2300.412900,1,1,0,1,0,0,1,1,1
2300.875803,0,0,1,0,0,1,0,1,0
2301.576899,1,0,1,0,0,0,1,1,1
2301.683712,0,1,1,0,1,1,0,1,1
2302.206438,1,1,0,0,1,1,1,0,0
2303.099402,0,1,0,0,1,1,0,1,1
2303.380527,1,0,1,0,0,0,0,0,1
2303.970681,0,0,1,1,1,0,0,1,1
2304.223429,0,0,1,1,0,0,0,1,0
2304.360401,0,0,1,1,0,0,1,0,1
2304.806091,1,0,0,0,1,0,1,1,0
2305.306591,1,1,1,1,1,1,1,0,1
2306.012014,1,0,1,1,0,1,1,0,1
2306.262764,1,1,1,0,0,0,1,0,0
2306.553796,0,0,1,0,1,0,1,0,1
2306.934883,1,0,1,0,1,1,0,0,0
2307.097592,0,0,1,0,1,1,1,0,1
2307.956516,0,0,0,0,0,0,0,0,1
2307.995554,0,0,1,0,1,1,0,0,0
2308.015741,1,1,0,1,0,0,0,0,0
2308.803953,0,0,0,1,0,1,1,1,0
2308.813196,1,1,0,0,1,1,1,1,1
2308.817245,0,1,0,1,0,0,1,1,0
2309.445263,1,1,0,1,1,1,1,0,1
2310.051718,1,0,1,0,0,1,0,1,1
2310.650293,0,0,1,1,0,0,0,0,1
2311.098169,0,0,1,1,1,0,1,1,1
2311.583167,1,1,1,0,1,0,1,0,0
2312.538767,1,0,1,1,1,0,0,1,1
2313.099207,0,0,1,1,1,0,0,0,1
2313.165644,1,1,1,0,0,1,1,0,0
2314.004176,0,0,0,1,0,0,0,0,1
2314.613263,1,1,0,1,1,0,1,0,0
2315.116378,0,0,0,0,1,1,0,1,0
2315.861461,0,0,0,0,1,0,0,0,1
2316.627418,0,0,0,1,0,0,1,0,1
2316.992461,1,0,1,0,1,1,0,1,0
2317.325441,1,1,0,0,1,0,0,0,1
2318.042647,1,0,0,0,0,1,0,1,0
2318.224933,0,0,1,0,1,0,0,0,1
2318.293607,0,1,1,0,1,0,0,0,0
2318.994471,1,0,0,0,0,0,1,1,1
2319.779676,0,1,0,1,1,0,0,1,0
2320.132226,0,0,0,1,0,0,1,1,0
2320.273727,1,1,1,0,1,1,1,1,0
2320.877855,1,1,1,0,1,0,0,0,1
2321.636718,1,1,1,1,0,1,0,1,1
2322.192718,1,1,0,0,1,0,0,1,0
2322.816974,1,1,0,0,1,0,1,0,0
2323.271351,0,1,1,1,1,0,1,0,0
2323.839160,0,0,1,1,0,1,1,0,1
2324.320342,1,1,0,1,1,0,1,1,1
2324.468155,0,1,1,0,0,1,1,1,1
2325.433814,1,1,0,1,0,1,1,1,0
2326.134940,0,1,0,0,0,0,1,0,0
2327.119351,0,1,1,1,1,0,1,1,1
2328.062031,0,0,1,0,1,0,1,1,1
2328.517748,1,1,1,0,0,0,1,1,1
2328.670859,1,0,1,0,1,0,1,0,1
2329.129029,1,1,0,1,1,1,0,1,1
2329.242005,0,1,1,0,1,1,0,0,1
2329.421760,0,0,1,1,1,1,0,0,1
2330.216578,0,1,0,0,0,1,0,1,1
2331.050078,0,0,1,0,0,0,1,0,0
2331.539367,1,1,0,1,0,1,1,1,0
2332.340936,1,0,1,1,0,1,0,0,0
2332.561592,0,1,0,0,0,1,1,0,0
2332.865718,0,1,1,0,1,0,1,1,0
2332.997990,0,0,1,0,0,0,0,0,1
2333.672371,1,1,0,1,1,0,0,0,0
2334.082899,0,1,0,0,1,0,1,1,1
2334.092365,0,0,0,0,1,0,1,1,1
2335.069365,1,1,1,1,0,1,0,1,1
2335.935649,0,1,0,0,1,1,1,0,1
2335.936649,1,1,1,1,1,0,0,1,1
2336.636949,0,1,1,1,1,1,0,0,1
2337.614993,1,1,1,1,1,0,1,0,1
2337.667293,1,0,1,1,0,0,0,0,0
2338.159762,1,0,1,1,1,0,0,0,0
2338.259429,0,1,0,1,0,1,0,1,0
2338.879192,1,1,0,1,0,0,1,1,0
2339.590676,1,1,0,1,0,1,0,1,1
2340.087846,1,0,1,0,0,1,0,0,1
2340.571969,1,0,0,1,1,1,1,0,0
2341.228051,1,0,1,0,0,1,1,0,1
2342.138493,0,1,1,1,1,0,0,0,1
2342.689779,0,1,0,1,1,1,1,0,1
2342.791999,0,0,0,0,1,0,0,1,1
2343.290318,1,0,0,1,0,0,0,1,1
2343.550318,0,0,1,1,1,1,1,0,1
2344.536863,0,0,1,1,0,1,0,0,0
2345.330174,1,1,1,0,0,0,1,1,0
2346.281486,0,0,1,0,0,1,0,1,0
2347.261791,0,1,1,0,0,0,1,1,1
2347.560662,1,0,0,0,0,0,1,0,0
2348.025279,0,1,0,1,1,1,0,1,0
2348.083561,0,0,1,1,0,1,0,1,0
2348.129292,1,0,1,1,1,1,0,1,0
2348.529892,0,0,0,1,0,1,1,0,1
2349.207919,1,0,1,1,0,1,1,1,1
2349.422990,1,1,0,1,1,1,1,1,0
2349.718432,1,1,1,0,1,1,1,1,0
2350.602366,1,1,0,0,0,0,1,1,0
2350.937278,0,1,1,1,1,0,1,1,1
2351.215910,1,0,1,1,1,1,1,1,0
2352.108072,0,0,1,1,0,0,0,1,1
2352.536064,1,1,0,1,1,1,1,1,1
2352.776507,0,1,0,1,0,0,0,0,0
2353.416129,1,1,0,1,0,1,1,1,0
2353.767677,1,1,1,1,0,0,1,0,0
2354.198851,0,1,0,1,0,0,0,1,1
2354.825671,0,1,0,0,1,1,1,1,1
2355.077162,1,1,1,1,0,1,0,0,0
2355.700181,1,0,0,1,1,1,0,1,1
2356.454525,0,0,1,1,1,1,0,1,0
2357.403081,0,1,1,1,0,1,1,0,1
2357.957449,1,1,0,0,0,1,0,1,1
2358.845829,0,0,0,1,1,0,1,1,1
2359.104533,1,0,1,0,0,0,1,0,0
2359.991213,1,0,0,0,1,0,1,1,1
2360.260863,0,0,1,1,1,1,1,0,0
2360.805050,1,0,0,1,1,0,1,1,0
2361.662336,0,1,1,1,1,0,0,1,1
2362.619695,0,1,1,0,1,1,0,1,0
2362.687936,0,0,1,1,1,0,0,1,0
2362.750340,0,1,0,0,0,0,0,1,1
2362.983918,1,0,1,1,0,0,0,0,0
2363.377208,1,0,0,1,1,1,0,0,1
2363.641103,0,0,0,1,1,0,0,0,1
2363.754591,0,0,1,1,0,0,0,1,0
2364.721291,0,1,1,0,0,0,0,0,1
2365.586010,0,1,1,1,0,0,1,0,1
2365.872664,0,1,0,0,0,0,1,0,0
2366.743505,1,0,0,0,0,1,1,1,0
2367.300024,0,0,0,0,1,0,1,1,1
2368.010658,0,0,0,1,1,0,0,1,1
2368.194168,0,0,0,0,1,1,0,1,0
2368.866176,1,1,0,1,1,0,0,0,1
2369.418736,0,1,1,1,1,1,0,0,0
2369.773867,0,0,1,0,1,1,0,0,0
2370.186310,0,1,1,1,0,1,0,0,0
2370.663654,1,1,0,0,0,1,0,0,0
2371.099471,1,1,0,1,1,1,1,0,1
2371.894289,0,1,1,0,1,1,1,1,1
2372.612520,0,1,1,0,0,0,0,1,1
2372.690071,0,0,1,1,1,0,1,1,1
2373.656207,0,0,0,1,0,0,0,1,1
2373.855284,1,0,0,0,0,1,0,1,0
2374.571416,0,0,1,0,1,0,0,0,1
2375.458321,0,0,0,0,1,1,0,1,1
2375.998726,1,0,1,1,0,1,1,1,1
2376.905335,0,1,1,1,0,0,1,0,1
2377.435926,1,1,0,1,1,0,0,1,1
2378.275456,0,1,1,1,0,1,0,0,1
2378.952702,1,1,0,0,1,1,1,1,0
2379.375126,1,1,1,0,1,1,0,1,0
2379.723124,0,1,1,1,1,1,0,0,1
2379.936646,0,0,0,1,0,1,0,1,1
2380.319617,0,1,1,1,1,0,0,0,0
2381.027175,1,0,1,0,0,0,1,0,1
2381.326577,1,0,1,0,0,1,1,1,0
2381.498199,0,0,0,1,1,0,0,1,1
2382.367377,0,1,1,0,0,1,0,1,0
2383.105477,0,1,1,0,1,1,1,0,1
2384.049147,0,1,1,1,1,0,0,0,1
2384.394551,0,1,1,0,0,1,0,1,1
2385.284905,0,0,1,1,0,1,0,0,1
2385.601980,0,1,1,1,1,0,1,0,1
2385.741077,0,0,0,0,0,1,1,1,0
2386.195610,1,1,0,1,0,0,0,1,1
2386.373633,1,1,0,1,0,0,1,0,0
2386.949957,0,0,1,0,1,0,1,1,1
2387.732734,1,1,1,1,1,1,0,1,0
2388.013928,1,1,0,1,0,1,1,1,1
2388.199561,0,0,0,0,0,1,1,1,1
2388.981201,1,0,1,1,1,0,0,0,0
2389.598605,0,1,1,1,0,1,0,1,0
2390.294383,1,0,0,1,0,0,0,0,0
2391.017737,0,0,1,1,0,1,1,1,1
2391.249946,1,1,1,1,1,1,0,0,0
2391.543130,1,0,1,1,0,0,0,0,1
2391.723575,1,0,0,0,0,0,1,1,0
2391.901876,0,1,1,1,1,1,0,1,1
2392.176055,0,0,0,1,1,1,1,0,0
2392.994419,0,1,1,1,0,0,0,1,0
2393.712933,1,0,0,0,0,1,1,0,0
2393.738753,0,1,0,0,0,1,1,0,0
2393.774004,1,0,0,0,0,1,1,1,1
2394.255011,1,0,1,0,1,0,0,0,1
2394.858087,0,0,0,1,0,1,1,0,0
2394.877306,1,0,0,1,0,1,1,1,0
2395.800280,1,1,0,0,1,0,0,1,0
2396.554670,0,1,0,1,0,1,0,1,0
2396.784607,1,0,1,1,1,1,1,0,0
2397.591907,0,0,1,1,1,1,1,1,1
2397.671738,0,1,0,1,0,1,1,1,1
2397.908754,0,0,1,1,0,0,1,1,1
2398.651586,0,1,0,0,0,0,1,0,1
2398.665518,0,0,0,0,0,1,0,1,0
2398.971718,1,0,1,0,0,1,1,0,0
2398.973884,0,0,1,1,1,0,1,0,0
2399.253294,0,0,0,1,1,0,1,0,1
2400.216656,0,1,0,0,1,0,0,1,1
2400.512875,0,0,0,1,0,0,0,1,1
2401.085173,0,0,1,0,1,0,1,0,0
2401.409625,0,0,1,0,1,1,0,0,1
2401.881098,1,0,1,1,1,1,1,1,0
2402.734748,1,0,1,0,1,0,0,0,1
2402.789457,0,0,0,0,1,1,1,1,1
2403.368380,1,1,0,1,0,0,1,1,1
2403.369380,1,0,1,1,1,0,1,1,0
2403.661350,1,1,1,0,1,1,0,0,0
2404.360047,1,1,1,0,1,1,1,1,1
2404.830565,0,0,1,1,0,0,0,0,0
2405.826416,0,1,0,0,1,1,1,0,0
2406.727177,0,1,1,1,0,0,1,0,0
2407.701676,0,0,1,0,1,0,1,0,1
2408.089223,1,1,0,0,1,0,1,0,0
2409.059777,1,0,0,0,0,0,0,1,0
2409.060777,0,1,1,1,1,0,1,1,1
2409.906215,0,1,0,0,0,1,1,1,1
2410.006376,1,0,1,1,0,1,1,1,0
2410.540513,0,1,1,0,1,1,0,1,1
2410.793752,0,1,0,0,0,1,0,1,0
2411.114067,0,0,1,1,0,1,0,0,0
2411.383763,1,1,1,0,0,0,1,0,0
2411.573849,1,1,1,0,1,0,1,0,0
2412.318841,0,0,0,1,0,1,0,1,1
2413.165639,0,1,0,1,0,0,1,0,0
2413.203788,0,1,0,0,0,1,0,0,1
2414.189972,0,1,1,1,0,1,0,0,1
2415.070494,1,1,1,0,1,0,0,0,1
2415.104028,1,1,1,0,1,0,0,0,0
2415.487545,0,0,0,0,0,0,0,0,1
2416.103314,0,0,0,1,1,0,0,1,1
2416.592138,1,0,1,0,0,1,1,1,0
2417.578339,1,0,0,0,1,0,1,1,0
2418.029755,0,0,1,1,0,0,1,1,1
2418.739070,0,1,1,0,1,1,0,0,0
2418.897580,1,1,1,1,1,1,0,1,1
2419.722811,0,1,1,1,0,0,0,1,0
2420.219241,0,1,0,0,0,0,1,0,1
2420.316783,0,0,0,0,0,0,1,0,0
2421.123292,1,0,1,1,0,0,0,1,0
2422.005147,0,1,0,0,0,1,1,1,1
2422.938460,1,1,0,1,0,1,1,0,0
2423.890075,1,1,1,0,1,1,1,0,0
2424.009522,1,0,1,0,1,1,1,1,0
2424.372404,0,1,0,1,0,0,0,0,1
2425.284115,1,0,1,1,1,1,0,1,0
2425.929258,0,0,0,1,0,0,0,1,0
2426.871623,1,1,1,0,1,1,1,0,1
2426.999480,0,1,1,0,1,0,1,1,0
2427.255259,1,1,1,0,1,0,1,0,0
2428.232346,1,0,0,1,0,0,0,0,1
2428.293286,1,1,1,0,1,1,1,1,0
2428.346925,0,0,1,0,1,0,1,1,1
2428.671925,0,1,0,0,1,1,1,1,0
2429.011952,1,0,1,1,0,0,1,0,1
2429.787278,0,0,0,1,1,0,0,0,1
2430.519125,1,0,0,1,0,0,0,0,0
2430.779752,1,1,0,1,1,0,1,0,1
2431.474610,1,1,0,1,0,1,1,1,0
2432.230410,1,0,0,0,0,0,0,0,1
2432.539673,1,0,1,0,0,1,1,0,1
2432.926209,1,1,1,1,1,0,0,0,1
2433.695671,1,0,0,1,0,1,1,0,1
2434.291782,1,1,0,0,1,1,0,0,1
2435.216160,1,0,1,0,0,1,1,1,1
2435.446781,1,0,0,0,0,1,0,1,1
2436.207890,1,1,0,0,1,0,1,0,1
2436.337835,0,0,0,1,1,1,1,0,1
2436.609056,1,0,0,0,0,1,1,0,1
2436.761650,1,1,1,1,0,0,1,0,0
2437.753875,1,1,0,0,0,1,1,1,1
2438.446636,1,1,1,1,1,1,0,0,1
2438.521636,1,0,1,0,1,0,1,1,1
2439.392099,1,1,0,1,1,0,0,1,1
2440.168639,0,0,1,0,1,1,1,0,1
2440.524262,0,1,1,1,0,0,0,1,0
2441.097297,0,1,1,0,0,0,0,1,0
2441.195999,1,1,0,1,1,1,0,1,1
2441.274538,0,1,0,0,1,1,1,1,1
2442.065288,0,0,1,0,0,1,1,0,1
2442.367873,0,0,0,0,0,0,1,1,0
2442.829619,0,1,0,1,0,1,0,0,0
2443.119486,0,1,1,0,0,1,0,1,0
2443.807447,1,0,0,0,0,0,0,1,0
2444.668972,1,0,1,0,0,1,0,0,1
2444.733004,1,0,0,1,1,0,1,0,1
2444.963888,1,0,0,1,1,1,1,1,0
2445.515386,0,0,1,1,0,1,1,1,1
2445.712066,1,0,0,1,1,0,1,0,0
2446.688947,1,0,0,1,0,1,1,0,0
2447.091661,1,0,1,1,0,0,1,0,1
2447.449447,0,1,1,0,0,0,1,0,0
2447.603072,1,1,1,0,1,1,1,0,0
2447.810655,1,1,0,1,0,1,1,1,1
2448.542685,0,0,0,0,0,0,0,0,1
2449.237123,0,1,0,1,1,0,1,1,1
2449.348076,1,1,0,0,0,0,1,1,1
2450.168984,1,1,1,1,0,0,1,1,0
2450.856213,1,0,0,0,0,0,0,0,1
2451.668367,1,0,0,0,1,0,0,0,1
2452.308281,1,1,0,0,0,0,1,1,0
2452.560570,1,0,0,1,0,1,1,0,1
2452.961170,0,1,1,1,1,0,0,0,1
2453.647506,1,0,1,1,0,0,1,0,1
2454.567773,0,1,1,0,0,1,1,0,0
2455.405359,1,0,1,1,0,1,0,1,0
2455.706439,0,0,0,0,1,0,0,0,0
2456.433985,1,0,1,1,0,1,1,0,1
2456.898894,1,0,0,1,1,0,0,1,0
2457.673313,0,0,0,1,1,0,0,1,1
2458.247234,1,0,1,0,1,0,1,1,0
2459.230584,1,1,1,1,0,0,0,0,1
2459.560990,0,0,1,1,1,0,1,1,0
2460.483631,0,0,0,0,0,1,0,0,1
2461.052386,0,1,0,1,0,0,1,0,1
2461.834294,0,0,0,1,0,1,1,0,1
2462.796665,1,0,0,1,0,0,0,1,1
2463.204515,0,0,0,1,0,1,0,0,0
2464.134244,1,0,0,0,1,1,0,1,1
2464.922067,1,1,1,1,0,0,0,0,0
2465.612707,0,0,0,1,0,0,0,0,0
2466.149755,0,0,1,0,1,1,1,0,1
2467.097551,1,1,1,0,0,1,0,0,1
2467.598051,0,0,1,0,0,0,1,0,0
2468.471647,1,0,1,1,1,0,1,1,1
2468.922489,0,0,0,0,0,1,1,1,0
2468.975979,1,1,1,1,1,0,0,0,1
2469.026110,1,0,1,1,1,0,0,0,0
2469.624139,0,1,0,0,1,0,1,1,1
2470.252926,1,1,0,1,0,0,1,0,0
2470.312691,0,0,1,0,1,1,1,1,0
2470.882984,0,0,1,1,1,1,0,0,0
2471.453307,0,1,1,1,1,0,1,1,1
2471.603690,0,0,0,1,1,1,0,0,0
2471.663273,1,0,1,0,0,0,1,1,1
2472.627722,1,1,1,0,1,1,1,0,0
2473.419374,0,1,0,1,1,1,1,0,0
2474.024864,0,1,0,1,1,1,1,0,1
2474.216443,1,1,1,1,1,0,1,0,1
2475.175500,1,1,0,1,1,0,1,1,0
2475.202116,0,0,0,0,1,1,1,0,0
2475.918466,0,0,1,1,0,0,0,0,0
2475.995892,1,0,0,1,1,0,1,0,1
2476.813722,0,1,0,1,0,0,1,1,0
2477.790308,1,0,1,0,0,0,0,1,1
2478.489638,0,1,1,1,0,1,0,0,0
2479.320807,1,1,0,0,0,0,0,1,0
2479.635330,1,0,1,0,1,0,1,1,0
2480.240988,1,1,1,0,1,0,0,1,0
2480.974588,1,1,0,0,0,1,0,1,1
2481.285356,0,0,1,1,0,0,0,1,1
2481.969609,1,1,1,0,1,1,1,1,0
2482.107023,0,0,0,1,0,1,0,0,0
2482.474806,1,0,0,1,1,1,1,1,1
2482.555640,0,0,0,0,0,0,0,1,0
2483.476730,1,1,1,0,1,0,1,0,1
2483.597828,0,1,0,0,0,0,0,0,0
2483.953948,0,1,1,0,0,0,0,0,1
2483.982813,0,0,1,0,1,1,0,1,0
2484.039551,0,0,1,1,1,1,1,1,1
2484.123058,1,0,0,1,0,1,0,1,1
2484.312275,1,0,1,0,0,0,1,0,1
2484.331948,1,1,1,0,0,1,0,0,0
2484.942507,0,1,1,0,1,1,1,0,0
2484.943507,0,0,0,0,1,0,1,0,0
2485.248001,1,0,0,1,1,1,1,1,0
2485.723728,0,1,1,1,0,0,1,0,1
2486.276414,1,0,1,1,0,0,0,1,1
2486.627412,1,1,0,0,1,1,1,1,1
2487.284244,0,1,0,1,1,0,1,0,1
2487.726361,0,0,0,1,0,1,1,1,0
2488.085698,1,1,1,0,0,1,1,1,0
2488.942104,1,0,1,0,1,1,1,0,1
2489.165104,1,1,0,0,1,0,1,1,0
2489.994543,1,0,0,1,0,1,0,0,1
2490.091743,1,0,0,0,1,1,1,0,0
2491.064339,0,0,1,1,1,1,1,1,1
2491.301155,1,0,0,0,1,0,1,0,1
2491.664635,0,1,0,1,0,0,0,0,0
2492.452726,1,0,0,0,1,0,1,0,1
2493.234195,0,1,1,1,0,1,1,0,1
2493.790195,1,1,0,0,0,0,0,1,0
2494.771770,1,1,0,0,0,1,0,1,0
2494.946510,1,1,1,0,0,0,1,0,1
2495.367632,0,1,1,0,0,0,0,0,0
2496.047808,0,1,0,1,1,0,0,0,1
2496.487393,0,0,0,1,0,0,1,1,1
2496.961878,1,1,1,0,1,1,0,1,1
2497.301824,1,0,0,0,0,0,0,1,0
2497.523947,1,1,1,0,1,1,0,1,0
2497.699485,0,0,0,0,1,0,1,1,0
2497.976012,0,0,0,1,1,0,1,1,1
2498.647300,0,1,0,0,0,1,1,1,1
2499.443911,0,0,0,0,1,1,0,1,0
2499.463480,1,0,0,0,0,0,1,1,0
2499.498928,0,1,1,0,0,1,0,1,0
2499.668818,0,1,0,1,1,0,1,0,1
2500.371957,1,0,1,0,0,0,1,1,1
2500.681667,1,1,0,1,0,0,0,0,0
2500.767415,1,0,0,0,0,1,1,0,1
2501.648287,1,0,0,1,1,1,0,0,1
2502.412117,1,1,1,0,0,1,0,0,1
2503.085213,1,0,0,0,0,0,1,0,1
2503.708150,1,0,1,0,0,1,0,0,0
2504.671823,1,0,1,0,1,1,1,1,0
2505.362274,1,1,1,0,1,0,1,0,1
2505.970028,0,0,1,0,0,0,0,0,1
2506.596937,1,0,1,1,1,1,1,1,0
2506.619193,1,0,0,1,1,0,1,0,1
2507.090310,1,0,0,0,1,0,1,1,1
2507.685434,0,0,0,0,1,1,1,1,0
2508.432167,0,1,0,0,1,1,1,1,0
2508.469213,0,1,1,1,0,0,1,1,0
2509.233546,0,0,0,1,1,0,0,0,0
2509.905874,1,1,1,0,1,0,1,1,1
2510.607368,0,1,0,0,1,1,0,0,1
2511.245959,0,0,1,0,1,0,1,1,1
2511.802841,0,0,0,1,1,1,0,1,0
2512.412524,0,1,0,0,1,1,0,0,1
2512.669366,1,1,1,1,0,0,1,0,1
2513.618135,0,1,0,1,1,1,0,0,0
2514.599286,1,0,0,1,1,1,0,0,0
2515.493548,1,1,0,0,0,0,1,0,0
2515.885045,1,1,1,1,1,1,1,1,0
2516.139845,1,1,0,0,1,0,0,0,0
2516.667363,1,0,0,0,0,0,1,0,1
2517.208363,1,1,1,0,0,1,1,0,1
2518.162858,1,0,1,0,0,0,1,1,0
2518.600203,0,0,0,1,0,1,1,1,1
2519.304634,0,0,0,0,0,0,1,0,0
2519.450093,1,0,0,0,1,1,0,0,0
2519.992974,0,1,1,1,1,0,0,1,0
2520.071388,0,0,1,0,1,1,0,0,0
2520.207464,1,1,1,0,0,1,1,1,1
2520.893728,1,1,0,1,0,0,0,0,0
2521.258220,1,1,1,1,1,0,0,0,1
2521.787527,1,1,1,1,1,0,1,0,0
2522.522834,0,0,0,1,1,1,0,0,0
2523.062977,0,0,1,1,1,1,0,1,0
2523.214960,0,1,1,1,1,0,1,1,1
2523.490685,1,0,1,1,0,1,0,1,0
2523.990660,1,0,1,0,1,1,1,0,0
2524.051460,1,0,0,1,1,1,1,0,0
2524.934555,1,1,1,0,1,1,0,0,1
2525.678341,0,1,1,0,0,1,1,0,1
2525.833034,1,0,0,1,1,0,1,0,0
2526.629086,0,1,0,0,0,1,1,1,0
2527.267063,0,0,1,1,0,1,0,1,1
2527.491976,0,0,0,0,0,0,1,0,0
2528.360902,1,0,0,1,0,1,0,1,0
2529.282549,1,0,1,0,1,1,0,1,0
2529.408424,0,0,1,0,1,1,1,0,0
2530.180582,1,0,1,0,0,0,1,1,1
2531.075861,1,1,1,0,1,1,0,0,1
2531.689855,0,0,1,0,0,1,0,0,1
2531.814327,1,1,0,0,0,0,1,1,0
2532.001770,1,1,0,0,0,0,1,1,1
2532.426624,0,0,1,1,1,1,1,1,1
2533.086746,1,1,0,0,0,1,1,0,0
2533.846676,1,0,1,1,0,1,0,0,1
2534.506210,0,0,1,1,0,1,1,1,0
2534.889806,0,1,0,1,1,1,1,1,0
2534.898066,1,1,1,1,0,0,1,1,0
2535.117855,0,1,1,0,0,0,1,0,1
2535.383650,1,0,1,1,1,0,1,0,0
2536.292832,0,1,1,1,1,1,0,1,1
2536.948349,0,1,0,1,0,1,1,0,1
2537.500233,0,1,1,1,1,1,0,1,0
2537.624398,0,1,1,1,0,1,1,0,0
2537.997214,0,1,1,1,1,0,1,1,0
2538.452533,1,1,0,1,1,1,0,0,0
2538.976917,0,0,1,0,0,0,1,1,0
2539.245092,0,1,0,1,1,1,0,1,0
2539.540703,1,1,1,1,1,0,0,1,0
2540.305744,0,0,1,0,1,1,1,0,0
2540.797162,0,0,1,1,1,0,1,1,1
2540.938403,0,1,1,1,0,1,0,0,0
2541.560309,0,0,0,0,0,1,1,1,1
2542.151080,0,1,0,1,1,0,0,0,0
2542.604729,1,1,1,1,1,0,0,1,1
2542.651138,0,0,0,1,1,0,0,1,1
2543.629958,1,0,0,1,0,1,0,1,0
2543.920523,0,0,0,0,1,0,0,0,1
2543.974616,0,0,0,0,0,0,0,0,1
2544.102206,0,0,1,1,0,0,0,0,0
2544.985971,0,0,0,0,1,1,0,0,1
2545.361596,1,0,0,1,1,1,0,1,0
2546.219478,1,1,0,0,0,1,1,1,1
2546.528251,0,1,0,1,0,0,1,1,0
2547.484354,1,0,0,0,1,0,0,1,0
2547.549392,0,1,1,1,0,0,1,1,0
2548.204909,0,0,1,1,1,0,1,1,1
2548.218257,1,0,1,1,1,1,0,1,1
2548.344132,0,1,1,0,1,1,1,0,1
2548.561132,0,0,0,0,1,0,1,0,1
2549.099228,1,0,0,1,0,1,1,1,0
2550.072402,1,1,1,1,0,1,1,1,1
2551.022239,0,0,0,0,0,1,1,1,0
2551.077422,0,0,0,0,1,0,0,1,1
2551.507668,1,1,0,0,0,1,1,1,0
2551.940953,0,0,1,0,1,0,0,0,0
2552.030932,0,0,1,1,1,1,1,1,0
2552.075005,1,1,1,1,1,0,0,0,0
2552.656732,1,1,1,1,1,0,0,1,0
2552.900172,0,1,1,0,1,0,1,0,0
2553.647434,1,0,0,1,0,1,0,1,0
2554.031029,0,1,0,0,1,0,1,0,1
2554.261212,0,0,1,0,1,1,0,0,1
2554.369796,0,1,0,0,1,0,1,1,1
2554.600692,0,0,1,1,0,0,0,1,1
2555.559067,0,0,0,0,1,0,1,1,1
2555.850099,0,1,1,1,1,1,1,0,0
2556.383362,1,0,0,0,0,0,1,1,0
2557.224867,0,1,1,0,0,1,1,1,0
2557.925167,0,0,1,0,1,0,0,1,1
2558.776598,0,1,0,0,0,0,1,1,0
2559.276457,1,1,1,0,1,1,0,1,0
2559.745738,1,1,0,0,0,0,0,0,1
2560.379907,1,0,1,0,1,1,0,1,1
2560.400887,0,0,1,0,0,1,1,1,0
2561.230603,1,0,0,1,0,1,1,0,0
2561.366844,0,1,0,1,1,1,0,0,1
2561.384777,1,1,0,1,1,0,0,1,0
2561.925022,1,0,0,0,1,0,0,1,1
2562.755800,1,0,1,0,1,0,1,1,1
2563.490914,0,1,1,0,0,0,1,1,1
2564.152364,0,0,1,1,1,1,0,0,1
2564.586665,0,1,1,1,1,1,0,0,0
2565.172187,1,1,1,1,0,0,1,1,0
2565.667701,0,1,0,1,1,1,0,0,1
2565.718651,0,1,1,1,1,0,0,1,1
2565.971332,1,1,0,1,1,1,0,0,1
2566.880513,0,1,0,0,1,0,1,0,1
2567.691666,1,1,1,1,1,0,0,0,1
2568.638329,1,0,1,1,1,1,0,0,0
2568.882329,1,0,0,1,0,1,1,0,0
2569.074997,1,0,1,1,0,0,1,1,0
2569.174940,1,1,0,1,1,1,1,1,1
2569.998646,1,0,0,1,1,1,1,1,0
2570.059347,0,1,0,1,1,1,0,0,0
2570.223735,0,0,0,1,0,1,0,1,1
2570.761274,1,0,1,1,1,0,1,0,0
2571.430670,0,1,1,0,1,1,1,0,0
2571.611963,0,0,1,1,1,1,1,0,0
2571.890058,1,1,1,0,1,1,1,1,1
2572.314363,1,0,0,0,0,0,0,0,0
2573.263800,1,1,1,1,0,1,1,0,0
2573.344475,0,1,1,0,0,1,1,1,1
2573.583534,1,0,0,0,0,1,1,1,0
2573.922905,1,1,1,1,0,1,0,0,0
2574.048371,1,0,1,0,0,1,0,0,1
2574.528284,0,0,0,0,0,0,0,1,1
2574.906604,1,1,0,1,1,1,0,1,0
2575.284276,1,0,0,0,1,1,0,1,0
2575.988797,0,0,0,1,0,0,0,0,1
2576.122108,1,0,1,0,0,0,1,1,0
2576.618246,1,0,0,1,0,1,0,0,1
2577.402376,0,1,0,1,0,0,0,1,1
2578.057397,1,0,0,1,1,1,1,1,0
2578.177681,0,1,1,0,0,1,1,1,0
2579.148298,1,1,0,0,0,1,1,1,1
2579.988560,0,0,1,1,0,1,1,1,1
2580.217592,0,1,0,1,1,1,1,1,0
2580.721965,0,0,1,1,1,1,0,0,1
2581.166564,0,1,0,1,0,1,1,0,1
2582.110314,1,1,0,1,1,1,0,1,1
2582.139064,1,1,1,0,0,1,1,1,1
2582.760091,1,1,0,0,1,1,1,0,1
2583.443741,0,0,0,0,1,0,1,0,1
2583.780488,0,0,1,1,1,1,0,1,1
2584.411035,0,0,0,0,0,1,0,1,1
2585.231727,0,0,0,1,1,1,1,1,1
2585.560177,1,0,0,0,0,0,1,0,1
2586.178207,0,1,0,0,0,0,0,1,0
2586.374074,1,0,0,1,0,1,1,0,1
2587.249199,1,1,0,1,0,1,1,0,1
2587.431835,1,0,1,1,1,0,0,1,0
2588.191098,1,0,1,0,0,0,1,1,1
2589.156912,0,1,0,0,0,0,1,1,1
2589.367363,1,0,1,1,1,0,1,0,0
2590.075138,0,1,1,1,1,0,1,0,1
2590.245460,0,0,1,1,0,1,1,1,1
2590.656460,0,0,0,1,0,0,1,1,1
2590.900162,0,1,1,0,1,1,1,1,0
2591.171007,1,0,0,0,0,0,1,1,1
2592.002636,0,1,1,1,0,1,1,1,0
2592.249767,1,1,1,0,1,1,1,0,1
2592.656158,1,1,1,0,1,1,1,1,0
2592.996441,0,1,0,1,0,1,0,0,1
2593.072313,0,0,1,1,0,1,1,0,1
2593.995322,0,0,0,0,1,0,1,0,0
2594.844679,1,1,1,1,0,0,0,0,0
2595.427514,1,0,0,0,0,0,0,0,1
2595.466212,1,0,0,0,0,1,1,0,0
2595.690468,0,1,1,0,1,0,0,0,0
2595.939236,1,0,0,0,0,0,1,1,0
2596.588710,1,1,1,1,0,1,0,0,0
2596.918947,1,1,1,1,1,0,0,0,1
2596.924820,1,0,0,1,1,0,1,1,1
2597.722226,0,0,0,0,0,1,0,1,0
2598.032972,1,0,1,1,0,0,0,1,1
2598.422472,0,0,0,0,0,1,1,0,0
2598.745304,1,1,1,0,0,0,1,0,0
2599.406861,1,0,1,1,1,0,1,0,1
2599.422052,1,0,0,1,1,1,0,1,1
2600.289083,1,1,0,0,1,1,0,0,0
2600.383949,0,0,1,1,0,1,1,0,1
2601.036949,0,0,0,1,1,0,0,0,1
2602.000192,0,1,0,1,0,0,0,1,1
2602.638827,1,0,1,1,0,1,0,0,0
2602.658519,1,1,0,0,1,1,1,0,0
2603.015598,1,0,1,0,1,0,1,0,1
2603.183098,0,0,1,1,1,1,1,1,1
2603.840848,1,1,1,0,0,1,1,0,1
2604.295619,0,1,0,0,0,0,1,1,0
2605.215613,0,0,0,1,0,1,1,1,0
2605.467312,0,1,0,0,0,0,0,1,0
2605.701011,0,0,1,0,1,0,0,1,0
2606.069892,1,0,0,0,0,0,1,1,0
2606.455269,0,1,0,1,0,1,0,1,1
2606.919335,1,1,0,0,1,1,1,1,0
2607.105494,1,0,1,1,0,0,0,1,1
2608.099049,1,0,0,0,1,1,1,1,0
2608.280534,0,0,0,1,1,0,1,1,1
2608.677776,0,0,0,1,1,0,1,1,0
2609.329533,1,0,0,0,1,0,0,1,0
2609.971866,0,0,0,0,1,1,0,0,1
2610.493446,0,0,1,0,0,1,0,0,1
2611.106042,0,0,0,0,1,1,0,0,0
2611.995626,0,1,1,1,1,0,1,1,0
2612.281751,1,0,1,0,1,0,0,1,1
2613.238629,1,1,0,0,0,0,0,0,0
2614.136614,1,0,0,1,1,0,0,0,1
2614.603249,1,0,1,1,0,1,0,0,0
2614.718348,1,0,1,0,0,0,0,1,0
2615.601677,0,1,1,1,0,1,1,0,0
2615.693074,1,1,0,0,1,0,0,0,0
2616.096268,0,0,1,1,0,1,0,1,0
2616.388720,1,1,1,0,1,1,0,1,0
2616.488386,1,1,0,1,1,0,1,0,1
2616.748781,0,1,1,1,1,0,1,1,0
2616.762038,1,0,1,1,0,0,0,1,0
2617.633626,1,1,0,1,1,1,0,1,0
2617.646496,1,0,1,1,1,0,0,1,0
2618.355346,1,1,0,1,1,0,0,1,0
2619.143957,1,1,1,1,0,1,0,1,1
2620.058573,1,1,0,0,0,1,0,1,0
2620.287916,1,1,1,0,0,1,1,1,1
2621.084318,1,0,0,1,0,0,1,0,1
2621.464249,1,0,1,1,1,0,1,0,1
2622.005753,0,0,1,1,1,0,1,1,0
2622.524906,1,0,0,0,1,1,1,1,0
2623.452538,0,1,1,0,0,0,1,0,0
2623.796944,0,0,1,0,0,1,0,1,1
2624.719566,0,1,1,1,0,0,1,0,0
2625.597316,1,0,1,1,0,0,0,0,0
2625.891554,1,0,1,1,1,0,1,0,0
2626.355758,0,1,0,1,1,1,1,1,1
2626.496122,0,0,0,1,0,1,0,0,1
2627.361681,1,1,0,0,1,1,0,0,1
2627.620820,0,0,1,0,0,0,1,1,0
2628.130145,0,0,1,1,0,1,1,0,0
2628.402803,0,1,1,1,1,1,0,1,0
2628.987127,1,0,1,0,1,0,1,1,1
2629.766054,0,1,0,0,0,1,0,0,0
2630.152950,1,1,1,0,1,1,0,0,0
2630.751975,0,1,1,0,0,0,0,1,1
2631.455376,0,1,0,0,1,0,0,0,1
2631.826831,0,0,1,1,1,0,1,1,0
2632.137942,1,0,0,0,0,1,1,0,1
2632.757528,1,0,1,1,0,1,0,0,1
2633.646060,0,0,0,1,1,0,1,1,1
2634.248564,1,0,1,0,0,1,1,1,1
2634.500672,1,0,1,1,1,0,0,1,0
2635.228218,0,0,1,1,0,1,1,0,0
2636.020929,0,1,1,0,0,1,0,1,1
2636.157386,1,0,0,0,1,1,1,0,0
2637.024052,0,1,1,1,0,0,0,1,1
2637.485375,1,1,0,0,0,0,0,0,0
2638.255651,0,1,1,0,0,1,1,1,0
2638.982287,0,0,1,0,0,1,1,0,0
2639.711920,1,0,0,0,0,0,0,1,1
2640.296407,1,0,1,1,1,1,0,1,1
2640.752977,1,0,0,0,1,0,0,1,0
2641.151698,0,1,0,0,1,1,1,0,0
2641.256166,1,0,1,1,1,0,1,1,1
2641.569602,0,1,1,0,0,1,0,0,1
2641.654325,0,0,0,0,1,0,0,1,0
2642.037493,0,1,1,1,1,0,0,0,1
2642.395962,0,0,1,0,0,0,1,0,1
2642.577633,1,0,0,1,0,0,1,1,0
2642.800760,0,1,0,1,0,1,1,0,1
2643.760546,0,1,1,1,0,1,1,1,1
2643.887169,1,1,1,1,1,0,1,1,1
2644.217436,0,0,0,0,0,0,0,1,1
2644.633115,1,1,1,1,0,1,0,1,1
2645.598496,0,0,1,0,0,0,1,1,0
2646.183453,0,1,0,1,1,1,0,1,0
2646.793599,1,1,1,1,0,0,1,0,0
2647.724208,1,0,0,1,1,0,0,0,1
2647.736720,0,1,1,1,1,0,1,1,1
2648.196563,0,0,0,0,0,1,1,1,1
2648.608111,0,1,0,1,0,1,1,0,1
2648.707172,0,1,1,1,0,1,1,1,0
2649.534534,1,1,1,0,0,0,1,1,0
2649.971990,1,0,1,1,1,0,1,0,0
2650.711502,1,0,0,0,1,1,0,0,1
2651.640145,1,1,1,1,1,0,1,0,1
2652.187423,1,0,1,0,0,1,1,0,1
2653.149365,0,0,1,0,1,0,1,1,0
2653.487238,0,0,1,0,1,1,0,0,1
2653.639128,0,0,1,0,0,1,1,0,1
2654.199270,0,0,0,0,0,0,0,1,0
2654.692753,1,1,1,0,0,0,1,0,1
2655.427531,1,1,0,1,1,0,0,1,0
2655.740719,1,1,1,1,1,1,1,0,0
2656.464465,0,1,0,1,0,1,0,0,1
2656.847895,1,0,0,0,0,1,0,1,0
2657.573975,0,0,1,1,0,0,1,0,0
2658.111953,1,0,1,0,0,1,0,0,0
2658.436439,1,0,1,1,1,0,1,1,0
2659.147655,1,1,0,0,1,1,0,0,1
2659.400201,1,0,0,0,1,1,1,0,1
2660.330870,0,1,0,1,0,1,1,1,0
2661.185320,0,1,1,0,0,0,1,1,1
2661.581310,1,0,0,1,1,1,1,1,1
2662.568502,1,1,1,1,1,0,0,1,0
2662.795217,0,0,1,1,0,0,0,1,1
2662.872722,1,1,0,1,0,0,1,0,1
2663.862555,0,0,1,1,1,0,1,0,0
2663.893155,1,0,0,1,0,1,1,1,1
2664.343705,0,1,1,0,0,0,1,0,0
2664.720418,0,1,0,0,0,0,0,0,1
2665.277192,0,0,0,1,1,0,0,1,1
2665.852012,1,0,1,1,1,1,0,1,0
2666.605423,1,1,0,0,1,0,1,1,0
2667.409010,0,0,0,0,0,0,0,1,0
2668.234359,1,1,1,0,0,1,1,0,0
2668.541341,0,1,1,1,0,0,1,0,0
2669.405435,1,1,1,0,1,1,0,0,0
2670.276531,1,1,0,1,0,0,0,1,1
2671.184445,1,0,0,0,0,0,0,0,1
2671.701735,0,1,0,0,1,0,0,0,1
2672.422236,0,1,1,0,0,1,1,1,0
2673.157795,1,0,1,0,0,1,0,1,0
2673.219913,0,0,0,0,1,0,0,0,0
2673.545221,1,0,1,0,1,0,1,0,1
2673.629471,1,1,1,1,0,0,0,0,1
2674.078759,0,0,0,1,0,0,1,0,0
2674.829892,0,1,1,0,1,0,1,0,1
2675.320598,0,1,0,0,0,1,0,0,1
2675.519400,0,1,0,1,1,1,1,0,1
2675.781008,1,0,0,0,1,0,0,0,1
2676.069161,1,0,0,0,0,1,0,1,1
2676.695127,1,0,1,1,0,0,1,0,1
2677.299967,1,1,1,1,1,1,0,0,0
2677.807923,1,1,0,1,0,1,1,0,1
2678.334772,1,1,0,0,0,1,0,0,1
2679.119302,0,0,0,1,0,1,1,0,0
2679.702137,0,0,0,1,0,0,0,0,0
2680.222130,0,1,0,0,1,1,1,1,1
2680.907851,1,1,0,1,0,1,1,1,1
2681.169553,1,1,1,1,0,0,1,1,1
2681.998583,0,1,0,1,0,0,0,1,0
2682.499083,0,0,0,1,0,0,1,0,1
2682.519029,0,1,1,1,1,0,1,0,1
2682.876815,1,1,1,1,0,1,0,1,0
2683.015473,1,1,0,0,1,1,1,0,0
2683.604120,1,0,1,1,0,0,1,0,1
2684.266516,0,1,1,1,1,0,0,1,0
2684.540231,0,1,0,1,0,1,0,1,1
2684.997176,1,0,0,0,1,1,0,0,1
2685.430176,1,0,0,1,0,0,1,0,0
2685.490522,1,0,1,0,1,1,0,0,0
2686.433591,0,0,0,0,1,1,1,1,1
2686.862147,0,1,0,0,0,0,0,1,1
2687.538147,0,0,1,0,1,1,1,0,0
2687.911908,0,0,0,0,1,1,1,1,0
2688.291046,0,1,1,1,1,0,0,0,0
2688.447669,1,0,0,0,1,0,0,0,0
2689.340339,0,0,1,1,0,1,0,0,1
2689.599302,0,1,0,0,1,0,1,1,1
2689.818331,0,0,1,0,1,1,1,0,0
2690.470365,0,0,0,0,0,1,1,1,1
2690.685436,0,1,0,0,0,0,0,1,0
2691.450483,1,0,1,0,1,0,0,0,0
2691.728983,1,1,1,1,1,0,1,0,0
2691.900308,1,0,1,0,0,1,0,0,1
2692.080846,0,0,0,1,1,1,0,1,0
2692.136389,0,1,0,1,1,0,0,1,0
2692.517960,1,1,1,1,0,0,0,1,0
2692.986577,1,1,0,0,1,0,0,1,1
2693.691367,0,1,0,1,0,0,0,0,1
2694.106283,1,1,0,0,0,0,0,1,0
2694.650364,1,1,0,0,0,1,1,1,0
2695.005047,1,1,0,1,1,0,0,0,1
2695.546047,1,0,0,1,1,0,1,1,0
2696.404628,0,1,1,1,1,0,1,1,1
2696.636166,0,1,1,0,0,0,1,1,0
2696.687621,1,1,1,1,1,1,0,1,0
2696.989732,0,0,1,0,0,0,0,1,0
2697.700601,0,1,1,0,1,0,0,1,1
2698.074467,0,1,0,0,0,0,0,0,0
2698.653555,0,0,1,0,0,1,1,0,0
2699.564232,0,0,1,1,0,1,0,1,1
2699.751816,1,0,0,1,0,1,0,1,0
2700.330687,1,1,0,1,0,0,1,1,1
2700.771310,0,0,0,1,1,0,0,1,0
2701.072010,0,1,0,0,0,1,1,0,0
2701.872210,1,1,1,1,1,1,1,0,1
2702.770617,1,0,0,1,1,1,1,0,1
2703.276232,1,0,1,1,1,0,1,0,1
2703.735621,1,1,1,1,0,0,0,1,0
2704.391138,0,0,0,1,1,1,1,0,1
2704.473921,1,0,1,0,1,1,1,0,0
2704.610379,0,1,1,1,0,1,1,0,1
2705.582693,1,0,0,1,0,1,0,1,0
2706.438693,0,0,1,0,0,0,0,0,0
2707.407334,1,0,1,1,1,1,1,0,0
2707.631334,1,1,0,0,1,1,1,1,1
2708.245541,1,0,1,0,0,1,0,1,0
2708.851996,0,1,1,1,0,0,1,0,0
2709.738238,0,1,0,0,1,1,0,0,0
2710.139852,0,0,0,0,1,1,0,1,0
2711.119307,0,0,1,1,0,1,1,0,1
2711.189527,1,0,0,1,1,0,1,0,1
2711.949942,0,0,0,1,0,1,1,1,0
2712.829801,1,1,1,0,1,0,0,0,1
2713.476200,1,0,0,1,1,1,0,0,0
2713.832108,0,1,1,1,0,0,1,0,0
2714.018294,1,0,0,1,1,0,1,1,0
2714.685294,1,1,1,0,0,1,0,1,0
2715.406662,0,0,1,1,0,1,0,1,1
2716.195273,0,1,0,0,1,1,0,1,0
2716.202609,1,0,0,1,0,0,0,1,0
2717.118525,0,1,0,0,0,0,0,1,1
2717.277262,1,0,1,1,1,1,0,1,1
2717.609930,1,1,0,1,0,1,0,1,1
2717.625901,0,1,1,1,1,0,0,1,0
2717.719592,0,0,1,1,0,1,0,0,1
2718.658372,1,1,1,0,1,0,1,1,1
2719.352428,1,0,0,1,1,1,1,0,0
2720.329462,0,1,0,1,0,0,1,1,0
2720.730840,0,0,0,0,1,1,0,0,0
2721.128084,0,1,1,0,1,0,0,1,1
2721.921658,1,1,1,0,1,0,0,0,1
2722.480541,0,0,1,1,0,1,0,0,1
2723.433442,1,0,0,1,0,1,0,0,1
2724.159357,1,0,0,0,1,1,1,0,1
2724.730068,0,0,0,0,1,1,1,0,1
2725.389283,0,0,0,0,1,1,1,0,1
2725.783246,0,1,0,0,1,1,1,0,1
2726.502976,0,1,1,0,1,1,1,0,0
2727.357978,0,1,1,1,0,0,1,1,0
2727.368403,1,0,0,1,1,0,0,1,1
2727.790633,1,0,1,1,1,1,1,1,0
2728.546913,1,1,0,1,1,1,1,1,0
2728.806028,1,0,1,1,0,1,1,1,0
2729.186975,0,0,1,1,0,1,0,0,1
2729.187975,0,1,0,0,0,1,0,1,0
2729.206173,0,1,0,0,0,1,1,1,0
2729.873173,0,0,1,0,0,1,1,0,0
2730.489346,1,1,1,0,0,0,0,0,1
2731.153360,0,0,1,0,0,1,1,0,0
2731.958960,0,0,0,1,1,1,1,1,0
2732.525786,0,0,0,1,0,1,0,1,0
2733.178181,0,0,1,1,0,0,0,1,1
2733.343851,0,1,0,1,0,1,1,0,1
2734.050868,1,0,0,0,1,0,1,0,1
2734.522825,0,1,1,1,1,0,1,0,0
2734.730127,0,0,0,1,0,1,1,0,1
2735.185832,1,0,1,1,1,1,1,0,0
2735.241804,0,0,0,0,0,1,0,0,0
2735.422624,0,0,1,1,0,1,0,1,0
2735.576224,0,1,1,1,0,1,1,0,0
2735.585053,1,1,1,0,0,0,0,0,0
2735.726653,1,1,1,1,0,1,0,1,0
2736.079518,0,1,0,0,1,1,0,1,1
2736.759526,1,1,0,1,1,0,1,1,1
2737.102041,1,1,0,0,1,1,1,0,1
2737.820444,0,0,1,0,0,1,1,1,1
2738.178884,1,0,1,1,1,0,1,0,1
2738.807355,1,0,0,0,0,0,1,0,1
2739.753111,1,0,0,0,1,0,0,1,0
2740.261582,0,1,0,1,0,1,0,1,1
2740.543813,0,0,1,1,0,1,1,0,1
2740.911467,1,0,0,0,0,1,1,0,1
2740.973630,0,0,0,1,1,1,0,1,0
2741.818856,1,1,1,1,1,0,1,1,0
2742.512076,0,1,1,1,0,1,1,0,1
2743.283491,1,1,1,1,0,0,1,1,1
2743.284491,0,1,0,0,0,1,1,0,1
2744.138266,0,1,1,0,1,0,0,0,1
2744.748719,0,1,0,0,1,1,1,1,0
2745.282408,1,1,0,1,0,0,0,1,1
2745.681611,1,1,0,1,1,0,0,0,1
2746.493063,0,0,1,0,1,1,0,0,1
2746.817411,1,0,0,1,1,1,1,0,1
2746.969539,1,1,1,0,0,0,1,0,0
2747.962062,0,0,1,1,0,1,0,1,1
2748.398927,0,0,0,1,0,0,1,1,0
2748.761244,0,0,1,1,1,0,0,1,0
2749.755419,1,0,1,0,1,0,0,1,1
2750.664600,1,1,0,1,1,1,0,0,0
2751.414026,1,0,1,0,1,0,1,1,0
2751.552346,0,1,1,1,1,0,1,0,1
2752.233776,0,1,0,1,0,0,0,0,0
2752.246296,0,0,0,0,0,0,1,1,0
2752.852645,1,0,1,0,1,1,0,1,1
2753.795883,0,0,1,1,1,1,0,0,0
2753.981698,0,1,0,0,1,1,0,1,1
2754.025945,1,1,1,0,0,1,1,1,1
2754.374728,1,0,1,1,0,1,0,1,0
2755.089058,1,1,1,1,0,0,1,1,1
2755.987671,0,0,1,1,0,1,1,1,1
2756.321671,0,1,0,0,0,1,1,1,1
2756.908653,1,0,0,0,0,1,0,0,0
2757.176053,1,0,0,0,1,1,0,1,1
2757.818224,1,0,1,1,1,0,0,1,0
2758.532796,1,0,1,0,0,1,1,0,1
2759.443211,1,0,1,0,1,0,0,0,0
2760.208343,1,0,1,1,1,0,0,0,0
2761.116237,1,1,1,0,0,1,0,1,0
2762.026653,1,1,1,1,1,0,1,1,0
2762.217939,1,0,1,0,0,1,1,0,1
2762.689896,1,1,1,1,1,0,0,0,0
2763.639745,1,1,1,1,1,0,1,0,1
2764.140245,0,1,0,1,1,1,0,1,0
2764.936745,1,1,0,1,0,0,0,1,1
2765.819216,1,0,0,1,0,1,1,0,1
2766.622783,0,1,0,0,1,0,1,0,1
2766.671048,0,1,0,0,1,1,0,0,0
2766.674894,0,0,0,0,1,0,1,1,1
2766.931927,0,1,1,1,0,0,0,1,0
2767.684133,1,0,1,1,0,1,1,0,1
2768.452786,1,1,1,1,0,1,0,0,0
2769.091109,1,1,1,0,1,0,1,1,0
2769.655288,1,1,1,1,1,0,0,1,1
2770.228814,0,0,1,1,1,1,0,1,0
2770.930941,0,0,0,0,0,0,0,1,0
2771.527618,1,0,1,1,0,1,0,0,0
2771.985115,1,1,0,0,1,1,1,1,0
2772.258569,1,1,0,1,1,0,0,1,1
2772.732780,0,0,0,1,1,0,0,0,0
2773.055826,0,1,1,0,1,0,0,1,0
2773.161984,1,0,1,0,0,0,1,1,0
2773.191311,0,0,0,0,0,1,1,0,0
2773.265023,1,0,0,1,1,0,0,1,1
2773.348820,1,0,0,0,0,1,0,1,1
2774.031794,1,1,1,0,0,1,0,1,1
2774.739181,1,1,1,1,1,0,1,0,0
2775.390324,0,0,1,1,0,0,1,0,1
2775.439102,0,0,0,0,1,0,0,1,0
2776.292805,0,0,1,0,1,0,1,0,0
2776.502711,0,0,1,1,0,1,1,0,0
2776.926771,0,0,0,1,1,0,1,1,1
2777.154326,1,0,1,0,0,1,1,1,1
2777.555405,1,1,1,1,0,1,1,1,0
2778.192132,0,0,0,1,1,1,1,1,1
2778.923850,0,0,1,0,0,1,1,0,1
2779.134699,0,1,0,1,1,0,1,1,1
2779.314624,0,1,0,1,1,0,1,1,1
2780.203624,0,0,1,0,1,0,1,1,0
2781.082585,0,1,0,0,1,0,0,1,0
2781.405756,0,0,1,0,0,1,1,0,0
2782.243623,1,0,0,0,1,1,0,0,1
2782.482180,1,1,0,0,1,0,1,1,1
2783.046943,1,1,0,1,0,1,0,0,0
2783.899550,0,1,0,1,0,1,1,1,0
2784.099959,0,1,0,1,1,0,1,0,0
2784.585875,0,1,1,0,0,0,0,1,1
2785.233531,1,0,0,0,1,1,1,0,0
2785.874622,0,1,1,1,1,0,1,1,1
2786.466470,0,1,1,1,0,1,1,0,0
2787.032439,0,1,1,0,1,1,0,0,0
2787.110403,0,0,0,1,0,1,1,1,1
2787.646867,0,1,0,1,0,0,0,0,1
2788.299319,0,0,1,0,0,0,0,0,0
2788.728797,1,0,0,0,1,1,0,1,0
2789.185862,1,1,1,0,1,0,1,1,0
2789.204611,1,0,0,1,1,1,0,0,1
2789.217944,0,0,1,1,1,1,0,1,0
2789.611729,0,1,0,1,1,0,0,1,0
2789.762345,0,1,0,1,0,1,1,0,1
2790.444482,1,0,1,0,1,0,1,0,1
2790.607730,1,1,0,0,0,0,0,1,1
2791.570518,0,0,1,1,1,1,1,0,1
2791.981622,1,0,1,1,0,0,0,0,1
2792.821262,1,1,1,1,0,1,1,0,1
2793.092431,0,1,0,1,1,1,1,1,1
2793.433427,1,1,0,1,0,0,0,1,0
2793.584160,0,1,1,0,0,1,1,0,1
2794.214588,1,1,0,0,0,0,0,0,0
2794.377745,0,1,1,1,0,1,0,1,1
2795.361002,1,0,0,0,0,1,0,1,0
2796.150021,0,1,1,1,0,1,0,0,0
2796.579164,1,0,0,1,0,1,0,0,1
2796.964520,0,0,0,0,1,0,0,0,0
2797.756095,1,1,0,1,1,0,0,1,0
2798.722986,0,1,0,1,0,0,0,1,1
2799.206356,1,1,0,0,1,0,1,0,1
2799.694352,0,0,1,1,1,0,0,1,1
2799.995385,0,0,1,0,1,1,1,1,1
2800.467688,0,0,1,0,0,0,0,1,1
2800.527374,1,0,1,0,1,1,1,1,1
2801.356726,0,1,1,0,1,0,1,0,0
2802.026700,1,0,0,1,1,0,0,1,1
2802.208734,0,0,1,0,1,0,1,0,1
2802.801883,0,0,0,1,0,1,1,1,0
2803.313915,0,0,0,0,1,0,0,1,0
2803.496136,0,1,1,1,1,1,1,0,1
2803.564659,1,1,0,0,0,1,0,1,1
2803.680764,1,1,0,1,0,0,0,1,1
2804.014764,1,0,0,1,0,0,0,0,1
2804.893804,0,0,1,1,0,1,1,0,1
2805.558852,1,0,0,0,1,1,1,0,0
2806.453218,0,1,0,0,0,0,1,0,0
2807.046991,0,0,1,0,1,0,0,0,1
2807.130933,0,0,0,0,0,1,0,1,0
2807.977907,0,1,1,0,0,1,1,0,0
2808.817149,0,0,1,0,1,1,0,0,1
2809.632847,1,0,1,1,0,0,1,0,1
2810.561693,0,1,1,0,1,1,0,1,1
2811.486768,1,0,0,1,1,1,1,0,1
2811.666161,0,0,1,1,1,0,1,1,1
2811.695435,1,1,1,1,0,1,1,0,0
2811.961230,0,0,1,1,1,1,0,1,0
2812.374405,0,1,0,1,0,1,0,0,0
2813.047210,1,1,0,1,1,0,1,0,0
2813.348229,0,1,0,1,1,1,0,0,1
2813.526642,0,0,1,1,0,0,1,1,1
2813.833415,1,1,1,0,1,0,1,1,0
2814.259423,0,1,0,0,0,0,1,1,0
2814.963620,0,1,1,1,1,1,0,0,1
2815.522572,1,0,0,1,0,0,0,1,1
2815.621959,1,0,1,1,0,1,0,1,0
2816.399150,0,0,0,1,0,1,0,1,0
2816.861734,1,1,1,1,0,1,0,1,1
2817.708334,0,1,0,1,1,0,1,1,1
2817.762005,1,1,0,0,1,1,0,0,1
2818.431627,0,1,1,0,0,1,0,0,1
2818.474938,1,1,1,1,0,0,1,1,1
2818.713795,1,0,0,1,0,1,1,0,1
2818.752732,1,1,1,1,0,1,0,0,0
2819.419114,1,0,1,1,0,1,0,0,0
2819.457267,0,0,0,1,0,1,0,0,1
2819.947257,1,0,1,1,1,0,1,0,0
2820.928408,1,1,1,1,0,1,1,1,0
2821.420929,0,1,0,0,1,1,1,1,1
2822.261325,0,0,0,0,1,0,0,1,0
2822.790610,1,1,0,0,0,0,0,0,1
2823.774497,1,0,0,0,1,1,1,1,0
2824.696428,1,1,1,1,1,1,0,1,1
2825.103961,0,1,1,0,1,0,0,1,0
2825.677038,0,1,1,0,1,0,0,0,1
2825.803082,0,1,0,0,1,1,1,0,1
2826.665662,0,0,0,1,0,0,1,0,0
2827.203625,0,0,1,1,1,0,1,0,0
2828.077550,1,0,1,1,1,0,1,0,0
2828.927412,1,1,1,0,1,1,0,0,0
2829.484872,0,0,0,1,0,0,0,1,0
2830.007384,1,0,0,1,0,0,0,0,0
2830.603533,1,0,0,0,0,0,0,1,0
2831.051962,0,0,0,0,1,0,0,0,1
2831.863386,1,1,1,1,1,0,1,1,0
2832.639730,1,0,1,0,0,1,0,0,0
2833.539282,0,1,0,0,1,1,1,0,0
2834.212023,1,0,0,0,0,1,0,0,1
2835.143983,1,1,0,0,1,1,1,0,0
2835.156259,1,0,1,0,0,0,0,1,0
2835.734715,1,1,0,1,0,0,0,1,1
2836.075800,1,0,1,1,0,1,0,1,0
2836.806839,0,0,0,1,0,1,1,0,0
2837.414537,1,0,0,0,1,0,0,1,0
2837.529585,1,0,0,0,0,0,1,0,1
2838.426240,1,0,0,1,0,0,1,0,1
2839.327166,0,0,1,1,0,0,0,0,0
2840.085503,0,1,0,1,0,1,1,1,0
2840.096697,1,0,0,1,1,0,0,0,1
2840.805123,0,1,0,0,0,0,1,0,1
2841.623196,0,1,0,1,1,0,0,0,1
2841.952635,1,1,1,1,0,0,1,1,1
2842.345969,1,0,1,1,1,1,1,1,0
2842.741892,0,0,1,0,1,1,1,0,0
2842.870969,1,1,1,0,0,0,0,1,1
2843.177219,0,0,1,0,1,0,0,0,0
2843.335768,0,0,0,0,0,0,1,0,0
2843.941371,0,0,1,0,1,1,0,1,0
2844.054957,0,1,0,1,0,1,0,0,0
2844.493721,0,1,0,1,1,1,0,0,1
2845.234079,1,1,1,0,0,0,1,1,0
2845.608332,1,1,0,0,0,0,0,0,1
2846.481187,1,1,1,0,0,1,1,0,1
2846.981687,0,0,1,0,1,1,1,0,0
2847.284505,1,0,0,1,1,0,0,0,0
2847.493451,0,1,0,1,1,1,1,0,1
2848.277840,0,1,0,1,1,0,0,1,1
2848.948813,1,0,1,0,1,1,0,0,0
2849.054164,1,1,1,0,1,0,1,1,1
2849.612577,0,1,0,1,0,1,0,0,0
2849.652000,1,0,1,1,0,0,1,1,1
2850.339812,1,0,1,0,0,1,0,0,0
2850.713662,1,0,1,0,0,0,0,1,1
2851.043031,0,0,1,1,0,1,0,1,1
2851.400318,1,0,1,1,0,0,1,1,0
2852.384376,0,0,1,0,0,1,1,0,0
2853.109242,0,0,0,0,0,0,0,1,0
2853.573761,0,0,0,1,0,1,1,1,1
2854.517327,0,0,1,1,0,0,0,0,1
2854.952965,0,0,0,1,1,0,0,0,0
2855.438329,0,1,0,0,1,0,0,0,0
2855.609449,0,0,0,1,1,1,1,0,0
2855.906812,0,1,0,0,1,0,0,0,1
2855.910990,0,1,1,1,1,1,1,1,1
2856.106138,0,0,0,0,0,1,0,1,0
2856.905173,0,0,0,0,0,0,1,0,0
2857.287370,0,0,0,1,1,0,1,0,1
2858.083386,1,1,0,1,1,1,1,1,0
2859.019377,0,1,1,1,1,1,0,0,0
2859.433007,0,1,0,1,0,1,0,0,1
2860.328764,0,1,0,1,0,1,1,0,0
2860.987642,0,1,0,0,1,1,1,0,1
2861.835991,0,0,0,0,1,1,0,0,0
2862.000093,1,0,1,1,1,1,1,0,0
2862.655222,1,0,1,0,0,0,0,1,1
2863.379183,0,1,1,1,0,0,1,1,1
2863.468035,0,1,0,1,0,1,1,1,0
2864.011349,1,0,0,1,1,1,0,0,0
2864.798298,0,1,1,0,1,0,0,0,0
2865.538593,1,1,1,0,0,0,1,1,1
2866.007874,1,0,1,1,0,0,1,1,0
2866.479596,1,0,1,1,0,1,0,0,1
2867.031349,1,1,0,0,1,0,0,0,0
2867.062170,0,1,1,1,0,0,1,0,1
2867.906177,0,1,1,1,1,1,0,1,0
2868.807731,1,0,1,1,0,1,0,0,1
2868.924777,1,0,0,0,0,1,1,0,1
2869.098653,1,0,0,1,0,1,0,1,0
2869.825105,0,0,0,1,0,0,1,0,1
2870.265902,1,1,1,1,0,1,0,0,1
2871.062715,1,1,1,0,0,0,0,1,0
2871.231036,1,0,0,0,1,0,1,0,1
2872.019759,0,0,0,0,0,0,1,0,0
2872.407025,1,0,0,1,0,1,1,0,1
2873.168326,0,1,1,0,1,1,0,1,0
2873.270235,1,0,0,0,0,0,0,1,1
2873.717433,0,1,0,1,1,1,1,1,0
2874.279246,1,0,1,0,0,0,1,0,0
2874.320668,0,1,0,0,1,1,0,0,0
2874.338952,0,1,0,1,0,1,1,0,0
2875.240528,1,1,0,1,1,1,1,1,1
2875.421903,1,0,1,0,1,0,0,1,0
2876.375879,0,1,0,1,1,0,0,1,0
2876.865900,1,1,1,1,1,0,0,0,1
2877.337119,1,1,0,1,0,1,0,1,1
2877.381496,0,1,1,0,0,0,0,1,0
2878.270776,1,1,0,0,1,0,0,0,0
2879.219807,1,0,0,0,1,1,1,0,0
2879.343452,0,1,0,1,1,1,0,1,0
2880.141407,1,0,1,0,0,1,1,0,1
2880.664272,0,1,0,0,1,1,0,1,0
2881.085904,1,1,0,0,0,0,1,1,1
2881.716021,1,1,0,0,1,0,1,0,1
2882.413117,1,0,0,1,0,1,1,0,1
2882.959963,1,0,1,1,1,0,0,0,1
2883.409838,0,1,1,1,0,0,0,0,0
2883.657166,0,0,1,0,1,1,0,0,1
2884.208277,1,1,0,0,1,0,1,0,1
2884.373930,1,0,0,1,1,0,0,0,1
2884.734908,0,1,0,0,1,1,0,0,1
2885.506323,1,0,1,1,0,0,1,1,0
2886.445470,1,1,0,0,0,0,1,0,0
2886.534410,0,0,0,0,1,1,1,0,1
2887.384377,0,1,0,0,1,1,1,0,0
2887.658585,1,0,1,1,0,1,0,0,0
2887.810769,1,1,1,0,0,1,0,1,1
2888.241203,0,0,0,0,0,0,1,0,0
2888.546138,1,0,0,1,1,1,1,0,0
2889.357594,0,0,1,1,1,0,0,1,0
2889.499216,0,0,1,1,0,1,1,1,0
2890.263271,1,0,0,1,0,0,0,1,0
2890.580460,0,0,0,1,1,0,1,0,0
2891.061535,1,0,0,0,1,0,1,1,1
2891.113274,0,0,1,1,1,0,0,1,0
2891.280774,1,0,0,1,1,1,1,0,0
2891.494566,0,0,1,1,1,1,1,0,1
2891.641626,0,1,1,1,0,1,1,1,1
2892.582211,0,0,1,1,1,1,1,1,1
2892.984556,0,1,1,0,0,0,1,0,1
2893.049513,1,1,0,0,0,1,0,0,1
2893.550013,0,0,0,0,1,0,0,1,0
2894.151210,1,0,0,0,1,0,1,0,0
2894.345513,1,1,0,0,1,1,1,1,0
2895.110063,0,1,0,1,0,0,1,0,1
2895.769134,0,1,1,0,1,1,1,0,0
2896.336001,1,0,0,1,0,0,1,1,0
2897.071868,0,1,1,0,1,1,1,0,1
2897.133704,1,1,1,0,1,1,1,0,0
2897.725592,0,1,0,0,0,0,1,1,1
2898.035397,1,1,0,1,0,1,1,0,0
2898.734389,0,0,0,1,0,1,1,1,0
2899.440205,0,1,0,1,1,1,1,1,1
2900.133025,1,0,1,0,0,0,0,1,0
2900.530824,0,0,0,0,0,1,0,1,1
2901.046461,1,1,0,0,1,1,0,1,1
2901.093926,0,1,1,1,1,0,0,1,1
2902.064388,0,0,0,0,0,1,1,0,1
2902.525987,0,1,1,1,0,0,0,0,0
2902.714678,1,1,1,0,1,1,0,0,0
2903.034589,0,0,0,0,1,1,0,0,0
2903.137570,0,0,0,0,0,0,1,0,1
2903.776820,1,1,0,0,0,1,1,1,1
2904.263560,0,0,1,1,1,0,1,1,1
2905.083185,0,0,0,0,1,1,1,0,0
2905.814679,0,1,1,0,1,1,1,1,1
2906.610051,1,1,0,0,0,1,0,1,0
2906.968471,0,0,1,0,0,1,1,1,1
2907.009971,0,1,0,0,1,0,1,0,1
2907.180834,1,1,1,0,1,0,0,1,1
2907.310048,0,0,0,0,1,1,0,0,0
2907.830041,0,1,0,0,1,1,1,1,1
2908.259184,0,1,0,1,1,1,1,1,0
2908.557407,1,0,0,1,1,0,0,1,1
2908.967089,0,0,1,0,1,0,0,0,1
2909.660536,1,0,0,1,1,0,1,0,1
2910.516868,0,1,0,1,1,1,1,1,1
2911.291673,0,0,0,1,0,0,0,0,0
2912.110820,0,0,1,1,1,1,1,0,1
2912.397248,1,0,1,1,1,1,1,1,1
2913.071458,1,0,0,0,0,1,0,1,1
2913.263756,1,0,1,1,0,1,1,1,1
2913.486756,1,0,1,0,0,0,0,1,1
2914.305293,0,1,0,0,1,0,1,1,1
2914.588189,1,0,1,1,0,0,1,0,0
2914.589189,0,1,0,1,1,0,1,1,1
2914.832371,0,1,1,0,0,0,0,0,1
2915.519431,1,0,1,0,0,0,1,0,0
2915.999154,0,1,1,1,0,1,1,0,0
2916.566675,1,0,0,0,0,0,0,1,0
2916.698496,0,1,0,1,0,0,1,0,1
2916.884438,1,0,0,1,1,0,1,1,1
2917.224515,1,0,1,1,0,1,1,1,1
2917.300497,0,0,0,1,0,0,0,1,1
2917.801659,0,1,0,0,0,1,1,1,0
2918.471454,0,1,1,1,1,0,0,0,1
2919.107950,1,1,1,0,0,1,0,0,1
2919.885703,0,1,0,1,1,0,0,0,1
2920.857679,0,1,0,1,0,0,1,1,0
2921.221148,1,1,0,1,0,0,1,0,1
2922.047193,1,0,0,0,0,0,1,1,0
2922.680246,1,0,1,1,0,1,0,1,0
2923.642947,0,0,0,0,1,0,1,1,1
2924.177121,0,1,0,0,1,1,1,0,1
2924.853049,0,1,1,0,0,0,0,1,0
2925.038738,1,0,1,0,1,0,1,1,0
2925.554574,0,0,0,1,1,0,1,1,1
2925.959395,1,0,0,0,1,0,1,1,0
2926.462679,0,0,1,0,0,0,0,1,1
2926.865971,0,1,0,1,0,1,0,0,1
2926.910787,0,0,0,1,1,0,0,1,0
2927.889226,0,1,1,1,1,0,1,1,1
2928.712931,1,0,1,1,0,0,1,0,1
2928.734963,1,1,0,1,1,0,0,0,0
2929.475963,0,0,1,0,0,1,0,0,1
2930.357943,0,0,1,1,1,0,1,0,0
2930.380980,0,1,1,1,0,0,1,0,0
2931.361919,0,1,1,1,0,0,0,1,1
2931.570585,1,0,1,0,0,0,1,1,1
2931.705422,1,0,1,0,1,0,0,0,0
2931.721204,1,1,1,0,1,0,1,1,0
2932.531739,1,1,0,1,1,1,0,1,1
2932.936590,1,0,1,1,1,0,1,0,1
2933.372638,0,1,0,1,1,0,0,0,1
2933.439870,0,1,1,1,1,0,0,0,0
2933.948870,0,1,1,1,1,1,0,1,1
2934.808500,0,0,0,0,1,0,1,0,1
2935.691819,1,1,0,1,0,0,1,0,0
2936.544200,0,1,1,1,1,1,0,0,1
2936.977624,0,1,1,1,0,1,0,0,1
2937.833848,1,0,1,1,0,1,1,0,0
2938.630842,1,1,0,1,1,0,1,0,0
2939.045222,0,1,0,1,1,1,0,0,1
2939.905826,1,0,1,0,1,1,0,1,0
2940.282794,0,1,1,1,0,1,1,0,1
2941.179322,0,0,0,1,0,0,0,1,1
2941.565828,0,0,0,0,0,1,0,1,0
2942.036099,0,1,1,1,0,1,1,0,0
2942.620456,0,0,1,1,0,0,0,0,1
2942.702456,1,1,1,0,1,1,0,1,0
2943.147105,0,0,1,1,0,1,1,1,0
2943.558004,1,0,0,1,0,1,0,0,1
2943.845730,0,1,1,0,1,0,1,0,0
2944.527053,1,1,1,1,1,1,1,0,1
2945.357893,1,1,1,0,1,1,1,1,0
2945.376937,1,0,1,1,1,1,0,0,0
2945.784247,0,0,0,0,0,0,1,0,1
2946.501863,0,0,0,1,0,1,1,0,1
2946.833684,1,1,1,1,1,1,1,1,1
2947.302570,1,1,0,1,1,1,0,1,0
2947.414316,1,1,0,0,1,1,1,1,1
2947.994999,0,1,0,1,0,1,0,0,1
2948.957478,1,0,1,1,1,0,0,1,0
2949.783806,1,1,0,1,0,1,0,0,0
2950.179506,0,0,0,0,0,0,0,1,0
2950.575982,1,1,0,0,0,1,1,0,0
2951.181216,0,1,1,1,1,0,1,0,0
2951.367565,0,1,0,0,0,1,0,0,0
2952.097793,0,0,0,1,0,0,0,0,1
2952.285339,0,1,1,0,1,1,1,1,1
2952.354028,1,1,1,1,0,0,1,1,0
2952.432620,0,1,0,0,0,1,1,0,1
2952.687774,1,0,0,1,0,0,1,1,1
2953.373274,1,1,1,0,0,1,1,1,0
2953.681658,0,0,0,0,0,0,1,1,0
2954.521498,0,0,0,1,0,1,0,1,1
2954.668419,1,1,0,0,1,1,1,0,0
2955.489728,0,0,1,1,1,1,1,1,0
2956.298234,0,0,1,0,1,0,0,0,0
2956.598825,1,1,1,0,0,0,1,1,0
2957.420817,0,1,0,0,1,0,0,1,0
2958.208820,1,1,0,0,0,0,0,1,0
2959.070345,0,0,0,0,1,0,1,1,1
2959.424924,0,0,1,1,0,0,1,0,1
2959.807486,1,1,1,1,0,1,0,1,1
2960.039962,0,0,0,1,0,1,1,0,1
2960.235628,0,0,1,0,1,1,1,1,0
2960.767647,1,0,1,0,1,0,0,1,1
2960.798757,1,0,1,1,0,1,0,0,1
2961.514908,1,1,1,1,1,1,0,1,1
2961.637543,1,0,1,1,0,1,1,1,0
2961.820179,1,1,1,0,1,1,0,1,0
2962.698065,0,1,0,1,0,0,0,0,1
2962.898865,1,1,0,0,0,0,0,1,0
2963.890983,0,1,0,1,1,0,1,1,1
2964.668983,0,0,0,1,1,1,0,0,1
2965.532858,0,0,1,1,0,1,0,1,1
2966.221513,0,1,1,1,0,1,0,1,0
2966.292186,1,0,1,0,1,0,1,1,1
2966.418061,1,1,1,1,0,0,1,0,0
2967.411063,1,0,1,0,1,0,1,1,1
2968.218866,1,1,1,1,1,1,1,1,0
2968.451342,1,1,1,0,0,1,0,0,1
2968.999594,0,0,0,0,1,1,0,0,0
2969.154286,1,0,0,0,1,0,0,0,1
2969.525286,0,0,1,0,0,0,1,0,0
2970.264826,0,1,1,0,1,0,1,1,1
2970.660328,1,1,1,1,0,0,0,0,1
2970.838659,1,0,0,0,0,1,0,1,0
2970.996805,0,0,0,1,0,1,0,1,0
2971.044593,0,0,1,0,0,1,0,1,0
2971.470517,1,0,0,0,1,1,1,0,1
2972.200429,1,0,0,1,0,1,1,0,0
2972.437556,1,1,0,1,0,1,0,0,0
2973.194050,0,0,1,1,1,0,0,0,1
2973.761983,1,0,1,0,1,1,0,1,1
2974.472715,1,1,1,1,1,1,1,1,1
2974.549044,0,0,1,0,0,1,0,1,1
2974.983263,1,0,0,0,1,0,1,1,1
2975.078852,1,1,1,1,1,0,1,0,0
2975.579352,1,0,0,1,1,0,0,0,1
2975.974829,1,1,0,1,1,1,0,1,0
2976.169353,1,0,1,0,0,1,1,0,1
2976.286419,1,1,0,0,0,1,1,0,1
2976.967590,1,0,0,0,0,0,1,1,1
2977.943024,1,1,0,1,0,0,1,0,1
2978.148289,1,1,1,1,0,1,1,1,0
2978.230533,0,1,1,1,0,1,0,0,0
2979.140379,1,1,1,1,0,0,1,1,0
2979.163745,0,1,1,1,1,0,1,0,0
2979.832225,0,1,1,0,1,0,1,0,1
2980.766501,0,1,0,1,0,0,0,1,1
2981.079689,1,1,1,1,1,1,0,0,0
2981.754631,0,1,0,0,0,0,1,1,0
2982.118903,1,0,1,1,0,0,0,1,1
2983.083851,0,1,0,1,0,1,1,0,1
2983.084851,0,0,1,1,1,1,0,0,1
2983.457160,1,1,1,1,0,0,0,0,1
2984.087160,1,0,0,0,0,1,0,1,0
2984.350274,0,0,0,0,1,1,1,1,0
2984.800560,1,0,1,0,0,0,0,1,0
2985.467560,0,1,0,0,0,1,1,1,0
2986.213731,0,1,1,0,0,0,0,0,1
2987.197081,1,1,0,0,0,1,1,1,1
2987.921206,1,0,1,1,0,0,0,1,1
2988.271359,1,0,0,1,0,0,0,1,0
2989.178429,0,0,0,1,0,1,1,0,0
2989.838539,1,0,1,0,1,1,1,0,1
2989.927273,0,1,0,0,1,0,1,0,1
2990.022870,1,1,0,1,0,0,1,0,1
2990.376965,0,1,0,1,1,1,0,0,1
2991.058751,0,1,0,1,0,1,1,1,0
2991.306961,0,0,0,1,0,0,1,1,0
2992.093704,0,1,1,0,1,1,0,1,0
2992.354838,0,1,0,1,1,0,1,1,0
2993.127792,0,0,0,1,0,1,1,0,0
2993.869410,0,0,1,0,0,0,1,1,1
2993.910681,1,1,0,1,0,1,0,0,1
2994.217285,1,1,0,0,1,0,0,0,1
2994.314607,1,1,0,0,1,0,1,1,0
2994.354126,1,1,1,1,1,1,0,0,0
2995.209131,0,1,0,1,0,1,0,1,1
2995.350948,1,0,1,1,1,1,0,0,1
2995.710947,0,0,0,1,1,1,1,0,1
2996.564596,0,0,1,0,1,0,0,0,1
2996.622527,0,1,0,0,0,1,1,0,0
2996.859850,0,1,0,0,0,1,0,1,1
2996.860850,0,0,0,1,1,0,1,1,0
2997.517038,0,0,1,0,0,1,0,0,0
2998.074624,0,0,0,0,1,1,1,1,1
2999.057029,0,0,1,0,0,0,1,0,1
2999.505498,1,1,0,0,0,0,0,0,0
3000.275336,1,0,0,1,1,0,0,0,1
3000.739287,1,1,0,1,1,1,1,1,1
3001.105454,1,1,1,0,0,0,0,1,1
3001.106454,0,1,1,1,0,0,0,0,0
3001.764514,1,1,0,1,0,1,1,0,0
3002.475073,1,0,1,0,1,1,1,0,1
3002.640743,1,1,1,1,0,1,0,0,1
3002.663461,0,0,1,0,0,1,1,1,0
3003.508444,0,1,0,1,1,1,1,0,0
3004.151839,0,0,1,0,0,1,0,0,1
3004.873496,1,0,1,0,1,0,0,1,1
3005.848728,1,1,1,1,0,0,1,1,0
3006.577434,0,1,0,0,0,0,1,1,0
3006.613859,1,1,0,0,1,0,1,1,0
3007.385389,1,1,1,1,0,1,0,0,1
3007.472017,1,0,1,1,0,0,1,1,1
3007.797533,0,0,1,0,1,0,0,0,1
3008.027888,0,1,1,1,1,0,0,0,1
3008.127290,0,1,1,0,1,1,1,1,1
3009.023455,0,1,1,0,0,1,1,0,1
3009.325049,0,0,1,0,0,0,1,1,0
3009.823978,1,1,0,0,0,1,0,0,0
3010.099796,0,0,0,0,0,1,1,0,1
3010.588308,0,1,0,1,1,1,1,1,1
3011.458301,0,1,1,0,1,0,1,1,0
3011.983730,1,1,0,1,1,0,1,1,0
3012.807594,0,0,1,0,0,1,0,1,0
3013.039665,0,1,1,1,1,1,1,1,1
3013.612347,0,1,1,1,0,1,0,0,0
3014.077735,1,1,1,1,1,1,0,0,1
3014.619257,1,0,0,0,0,1,1,1,1
3015.421538,0,1,0,1,1,1,0,0,1
3015.692443,1,0,1,1,0,0,0,0,0
3015.883253,0,0,0,0,1,1,0,0,1
3016.448332,0,0,0,0,0,1,1,1,1
3017.421175,0,1,1,0,1,0,0,0,0
3017.711558,1,0,1,0,0,0,1,0,0
3017.907485,0,1,1,0,0,0,1,1,0
3018.310155,0,1,0,0,1,1,0,1,0
3018.341677,0,0,1,1,1,0,0,0,0
3018.401217,0,0,0,1,0,0,1,1,1
3019.101517,0,1,1,0,0,0,1,1,1
3019.585255,1,1,1,0,0,1,1,0,0
3020.182673,1,0,0,1,1,0,0,1,1
3020.199323,1,1,0,1,1,0,1,0,0
3020.615063,1,1,0,0,1,1,1,1,0
3020.985512,1,1,0,0,0,0,0,1,1
3021.372091,1,0,1,1,0,0,0,0,0
3021.838535,0,1,0,1,0,0,1,1,1
3022.804086,0,1,0,0,1,0,0,1,0
3023.319346,1,0,0,1,1,0,0,1,1
3023.678657,0,0,0,0,1,1,0,1,1
3024.159177,0,1,1,1,1,0,1,1,0
3024.771031,0,0,1,0,0,1,0,0,0
3024.929572,0,1,0,1,0,0,1,1,0
3025.459455,0,0,0,0,1,0,1,1,1
3026.288355,1,0,0,0,0,0,0,0,0
3026.795501,1,0,1,1,1,1,1,1,1
3027.319019,1,1,0,1,0,1,1,1,1
3027.541729,0,1,0,0,1,1,1,1,1
3028.503306,1,0,1,0,0,0,0,0,1
3029.217878,0,1,0,1,1,0,0,0,1
3029.600555,0,1,1,0,0,1,1,1,0
3030.175449,1,1,1,1,1,0,1,1,1
3030.426199,1,1,1,0,1,0,1,1,0
3031.183021,0,0,0,0,1,0,0,0,1
3031.537224,1,0,1,1,0,0,1,1,1
3031.625765,0,0,1,0,0,0,1,0,1
3031.657884,0,0,0,1,0,1,0,0,0
3032.009828,0,0,0,0,0,1,0,0,1
3032.231968,1,0,1,0,1,1,1,1,0
3032.955229,0,1,0,1,0,1,0,0,1
3033.206743,0,1,0,0,1,1,0,1,1
3033.903381,1,1,1,1,0,0,1,0,1
3034.102596,0,0,1,0,1,1,0,0,1
3034.208753,0,0,1,1,0,0,1,0,1
3034.544310,1,1,0,1,0,0,0,1,0
3035.304550,0,1,1,1,1,1,0,0,1
3035.404624,0,1,0,1,0,1,1,1,1
3036.062463,0,0,1,1,1,0,1,0,1
3036.298793,1,1,0,0,0,0,0,1,1
3036.348924,0,0,1,1,1,0,0,1,1
3037.115787,1,1,1,1,1,1,0,1,0
3037.153336,0,0,0,0,0,0,1,0,0
3037.895529,0,1,1,0,0,0,0,0,0
3037.919762,0,1,1,1,1,1,0,0,0
3037.958562,1,1,1,1,1,0,0,0,1
3038.365647,0,0,1,1,1,1,0,0,1
3038.580606,0,1,0,0,0,1,0,0,0
3039.151458,1,1,1,1,1,1,0,0,0
3039.690610,1,1,1,0,1,1,1,1,1
3040.448947,0,0,0,1,1,0,0,1,0
3040.868285,0,1,1,0,1,0,0,0,0
3041.460878,0,1,0,0,0,0,1,0,1
3042.346783,0,0,1,1,0,0,0,0,0
3043.086539,0,1,0,0,1,1,1,1,0
3043.779346,1,1,0,0,1,1,1,1,0
3043.967507,0,0,0,1,0,1,0,1,1
3044.446927,1,1,0,0,0,1,0,0,1
3045.291169,0,1,1,1,0,1,0,1,0
3045.512782,0,0,1,0,0,1,1,0,1
3045.800648,1,1,1,0,1,0,0,0,1
3046.075464,0,1,0,0,0,0,0,0,0
3046.785899,0,1,1,1,1,0,1,1,0
3046.911530,1,0,0,1,0,0,0,0,1
3047.003467,1,0,1,0,1,1,0,1,0
3047.679807,1,1,1,0,0,1,0,0,0
3048.173272,0,0,0,0,0,1,1,0,0
3048.844834,0,0,0,0,0,0,1,1,1
3049.803613,1,1,0,1,1,1,0,0,0
3050.026613,1,1,1,0,0,0,0,0,1
3050.995024,1,0,0,0,0,0,1,1,0
3051.984618,0,0,1,1,0,0,0,1,1
3052.292507,1,0,1,1,0,0,1,0,0
3052.718270,0,0,1,0,0,1,0,1,0
3053.367270,0,1,1,1,1,1,0,1,1
3054.110349,1,1,0,0,1,1,1,0,1
3054.196370,0,0,0,1,1,1,1,0,1
3054.468704,0,1,1,0,1,0,1,0,1
3055.191659,0,1,1,1,1,0,0,0,0
3055.587001,0,1,0,0,1,0,0,1,1
3055.839058,1,0,1,0,1,0,1,0,1
3055.970476,1,1,1,1,0,0,1,0,1
3056.182274,1,0,0,0,0,1,0,1,0
3056.679965,1,0,1,1,1,1,1,0,0
3056.922415,1,1,0,1,1,1,1,1,1
3057.866221,0,0,0,0,1,1,1,0,1
3058.753697,1,1,0,0,1,0,0,1,0
3059.409503,1,1,1,0,1,1,1,1,1
3060.131879,0,1,0,1,0,0,0,0,0
3060.201134,0,0,0,0,1,0,0,0,0
3060.448119,1,0,1,1,1,1,0,1,1
3060.717221,1,1,0,1,1,1,0,0,0
3061.688030,1,1,1,1,1,1,1,1,1
3062.588922,1,1,0,0,1,0,0,1,0
3063.072922,1,0,0,1,0,0,1,0,1
3063.188949,0,0,0,0,1,1,0,0,0
3063.778429,0,0,1,1,0,1,1,0,0
3064.145776,0,0,1,1,0,1,0,1,0
3064.757276,1,1,0,1,0,1,1,1,0
3065.257776,0,0,1,0,1,0,1,1,0
3066.002376,1,0,1,1,0,0,0,1,1
3066.098948,0,1,0,1,0,1,1,1,0
3067.015698,0,0,0,1,1,0,1,0,1
3067.884380,1,0,0,0,0,0,1,0,0
3068.196717,0,0,1,1,0,1,0,1,0
3068.782038,1,0,1,0,0,1,1,0,0
3069.401915,1,0,0,1,0,1,0,0,1
3069.555425,0,1,0,0,1,0,1,1,1
3069.842925,1,1,1,1,0,1,0,0,0
3070.089495,1,1,1,0,0,0,1,1,0
3070.610866,0,1,0,0,1,1,0,1,0
3071.210258,1,0,1,0,1,0,1,1,1
3071.765663,0,1,0,0,0,1,1,0,1
3072.064638,1,0,0,0,0,0,1,0,0
3072.791147,1,1,1,1,1,0,0,1,0
3073.035098,0,0,0,0,1,1,1,1,1
3073.700669,0,0,0,1,0,0,0,0,0
3074.556344,1,0,1,1,1,0,0,0,0
3075.271444,1,1,0,1,0,1,1,1,0
3075.498024,0,0,1,1,0,1,0,1,1
3076.368284,0,0,0,0,0,1,0,1,0
3077.110403,0,1,1,0,0,0,1,0,0
3077.344108,0,1,0,0,0,1,0,1,0
3077.426182,0,1,0,1,0,0,1,0,0
3077.869141,1,0,1,1,1,0,1,0,1
3078.107640,0,0,0,0,0,0,0,0,1
3078.503245,1,1,0,0,1,0,0,0,1
3079.481323,1,1,1,1,0,0,1,0,0
3080.111126,1,0,0,1,0,0,0,0,1
3080.375513,0,0,1,0,0,0,1,1,1
3081.344571,0,0,0,0,0,0,1,1,0
3081.578275,0,0,1,0,1,1,1,1,1
3082.452840,1,0,1,1,0,1,1,0,1
3083.033260,0,0,1,1,0,1,0,1,0
3083.881580,0,0,0,0,0,0,1,0,1
3083.902560,0,0,0,0,1,1,0,1,1
3084.788605,1,0,1,0,0,1,0,1,1
3084.969530,0,1,1,1,1,1,1,0,0
3085.752356,1,1,0,0,0,1,1,1,1
3086.034911,0,0,0,1,1,1,1,1,0
3086.355226,1,0,1,0,0,0,1,0,1
3086.954498,1,0,0,0,1,0,0,0,0
3087.801603,1,0,0,1,0,0,1,0,0
3088.092984,0,1,1,0,1,0,0,0,1
3089.073680,0,1,1,1,0,0,0,1,0
3090.019517,1,1,1,0,0,1,1,1,0
3090.868962,1,1,1,0,0,0,1,0,1
3091.190116,0,1,1,1,1,0,0,1,0
3091.486462,1,1,1,1,1,0,1,1,0
3092.201623,0,1,0,1,1,0,1,0,0
3092.960968,1,0,0,0,0,0,0,1,0
3093.269921,0,1,1,0,1,0,1,1,0
3094.228404,1,0,1,0,1,1,0,0,1
3095.073004,0,0,1,0,1,1,0,0,1
3095.428565,1,0,1,0,0,0,1,1,1
3095.854310,1,1,1,1,0,0,1,1,1
3096.390774,0,0,0,0,1,0,1,1,0
3096.715865,1,1,1,0,0,1,0,0,1
3097.049865,1,1,0,1,1,1,0,0,0
3097.059382,1,0,1,1,0,1,0,0,1
3097.525263,0,0,0,1,0,1,1,1,0
3098.421425,1,0,1,1,1,1,0,1,0
3099.268101,0,1,1,0,1,1,0,1,0
3100.047444,0,1,1,0,0,1,0,0,1
3100.257912,1,0,1,0,1,0,1,0,1
3101.051281,0,1,0,0,1,1,0,0,0
3101.642516,0,0,0,1,0,1,1,0,1
3101.946637,0,0,1,0,1,1,1,0,1
3102.541430,0,1,1,0,0,1,1,0,1
3103.522032,1,1,1,1,1,0,0,1,1
3104.138248,0,0,1,0,0,0,1,0,0
3104.617936,1,1,0,0,1,1,1,1,1
3105.282102,0,1,1,1,0,1,1,0,1
3106.060102,1,1,0,0,1,0,0,1,0
3106.854123,0,1,1,1,1,1,1,1,0
3107.487980,1,0,1,1,1,1,1,1,0
3107.732639,0,0,1,0,0,0,1,0,1
3107.941547,0,1,0,0,0,0,1,1,1
3108.869526,0,1,1,1,0,1,0,1,0
3109.834208,0,1,0,1,0,1,0,1,0
3110.792941,1,0,1,0,0,1,1,0,0
3110.838341,1,0,1,0,1,0,0,0,0
3110.911637,1,1,1,1,0,0,0,1,0
3111.238721,0,1,0,0,1,1,1,1,0
3111.869654,0,1,1,1,1,1,1,0,1
3112.444359,1,1,0,1,0,0,0,1,0
3112.500999,0,1,1,1,0,0,1,0,0
3113.446999,0,0,1,1,1,1,0,0,1
3113.519570,1,0,1,0,0,1,0,1,0
3113.813591,0,0,1,1,1,1,1,0,0
3114.272466,1,0,0,0,1,1,0,0,1
3114.480330,1,1,1,1,1,0,1,0,1
3114.585434,1,0,0,1,1,0,0,0,1
3115.081309,1,1,1,0,1,0,1,1,0
3115.410552,1,1,0,0,1,1,0,0,1
3115.545892,0,1,1,1,0,0,0,0,1
3116.221892,1,0,0,1,1,0,0,1,1
3116.724694,0,0,1,0,1,0,0,1,0
3116.780185,1,1,1,0,0,1,0,1,0
3117.287068,1,1,0,1,0,0,1,1,0
3117.622661,0,1,0,0,1,1,1,0,0
3118.037041,1,0,0,0,0,1,1,0,0
3118.200308,1,1,0,0,1,0,0,1,1
3118.574475,1,1,1,0,0,1,1,0,0
3119.452538,1,1,0,0,1,0,1,0,1
3119.843338,0,1,0,0,1,0,1,1,1
3120.772370,1,0,0,1,0,0,0,1,0
3120.909409,1,0,1,1,1,1,1,0,0
3121.360565,0,0,0,1,0,1,1,0,1
3121.725784,1,1,0,1,1,0,0,0,0
3122.510828,1,1,0,1,0,0,1,1,0
3123.401449,0,1,1,0,1,0,1,0,1
3123.640455,1,0,1,1,0,1,0,1,0
3124.240855,1,0,0,0,0,1,1,1,1
3125.124692,0,0,1,1,1,1,0,0,0
3125.212954,1,0,1,1,0,0,0,1,0
3125.672954,0,1,1,0,0,0,0,0,0
3126.387526,0,0,0,1,1,1,0,0,0
3126.916059,1,0,0,0,1,0,0,1,1
3127.783595,1,0,0,1,0,0,1,1,0
3127.878251,1,1,1,1,1,1,0,0,0
3128.713150,1,0,0,1,1,0,1,0,0
3128.750050,1,1,0,1,1,1,1,0,1
3128.849543,0,1,1,1,0,1,1,1,1
3129.181703,1,1,0,1,1,1,1,1,1
3130.140299,1,1,1,0,1,0,0,0,0
3130.658429,0,0,1,1,0,1,0,0,1
3131.379541,0,0,0,0,1,0,0,1,0
3131.380541,0,1,1,0,1,0,1,0,0
3132.153385,0,0,1,1,1,1,0,1,1
3133.120963,1,1,0,0,0,0,1,0,0
3133.172821,1,1,1,1,0,1,1,0,1
3133.743803,1,1,1,0,0,1,1,1,0
3134.442934,0,0,1,1,1,1,0,1,0
3135.223641,1,1,1,1,0,0,0,1,0
3135.681383,0,0,0,0,1,1,0,1,1
3135.714609,0,0,0,1,1,0,0,1,0
3135.924823,1,1,1,1,1,0,1,1,0
3136.216794,1,1,0,1,0,1,0,1,0
3137.170741,0,1,0,1,0,1,0,0,0
3137.268298,1,1,0,0,0,1,1,0,0
3137.744805,0,0,0,0,0,1,1,0,0
3138.518109,1,0,0,0,1,0,0,0,1
3139.096844,0,1,0,0,0,1,1,0,1
3139.686675,0,1,1,1,0,0,0,0,0
3140.258205,1,1,1,1,0,0,1,0,1
3141.144266,1,1,1,1,0,0,0,1,1
3141.917425,1,1,1,1,0,1,0,0,0
3142.000535,0,1,1,1,0,0,1,0,1
3142.501035,1,0,0,1,0,1,0,1,1
3142.817104,0,1,1,1,1,0,0,1,0
3143.531676,0,0,0,0,1,1,1,1,0
3143.941357,0,0,0,0,1,1,1,1,1
3144.894712,0,1,1,0,0,1,1,1,1
3145.429660,1,0,1,0,1,1,0,0,1
3145.792261,0,0,1,0,1,1,1,1,0
3146.591089,1,0,0,0,0,1,1,1,1
3146.621974,1,1,1,1,0,0,1,0,0
3147.022574,0,1,0,0,0,0,1,0,0
3147.656274,1,1,0,0,1,0,0,0,0
3148.145974,0,0,0,0,1,1,1,1,1
3148.643166,1,0,1,1,1,0,0,0,0
3148.791763,0,0,1,0,0,0,1,0,1
3148.937063,0,0,0,1,0,1,1,1,1
3149.164799,0,0,1,0,0,1,0,0,0
3149.429452,1,0,0,1,0,0,0,1,1
3150.142798,1,1,0,1,1,1,0,1,0
3150.846308,0,1,1,1,0,1,0,1,1
3150.960967,1,0,1,1,0,1,0,1,0
3151.784932,1,0,0,0,1,1,0,1,0
3152.256475,0,0,0,1,1,0,1,1,0
3152.979910,1,0,0,1,1,1,1,0,1
3153.310015,1,1,1,1,0,0,1,0,1
3153.367703,0,1,1,0,0,0,0,0,1
3154.308253,0,1,1,1,1,0,0,0,1
3154.692604,0,1,1,0,0,0,0,1,1
3154.859336,1,1,0,1,0,1,0,0,0
3155.287283,0,1,0,1,0,1,1,1,1
3155.595554,1,1,1,0,1,0,0,1,0
3155.862111,0,1,1,1,0,1,0,1,1
3156.108540,0,0,1,1,0,1,1,0,1
3157.064656,1,1,0,1,1,0,0,0,1
3157.396575,1,1,0,0,1,1,1,1,0
3158.284674,1,0,0,0,1,0,1,1,1
3158.655574,0,0,1,0,0,1,1,1,1
3158.888899,1,1,0,0,0,0,0,0,1
3159.513389,0,1,0,1,1,1,0,0,1
3159.677542,1,0,0,0,1,1,0,0,0
3160.552086,1,1,0,0,0,1,0,1,1
3160.991918,1,0,0,1,1,1,1,1,0
3161.177918,1,1,1,1,1,0,0,1,0
3162.000790,1,1,0,1,1,1,1,1,0
3162.484913,0,1,1,0,1,0,0,1,0
3162.729816,0,1,1,0,1,1,1,0,1
3163.446202,0,1,1,0,0,1,1,0,0
3164.436311,1,0,1,1,1,0,1,1,1
3165.000978,0,0,0,0,1,1,0,1,0
3165.788095,0,1,0,0,1,1,0,1,0
3166.457717,0,1,1,0,1,1,0,1,1
3167.226823,1,0,1,1,0,1,0,0,0
3168.155666,0,0,0,0,1,0,1,0,1
3168.693816,0,0,0,0,0,1,1,1,0
3169.466870,0,1,0,0,1,1,1,0,0
3169.889405,1,1,0,1,0,0,0,0,1
3169.953110,0,0,1,0,0,0,1,0,0
3170.291204,1,1,0,0,1,1,0,0,0
3170.526518,1,1,1,0,0,1,0,1,0
3170.802437,0,0,1,0,0,0,0,0,0
3171.472979,1,1,0,0,1,0,1,1,0
3171.962985,1,0,0,1,1,1,0,1,0
3172.528047,0,1,0,1,0,1,0,0,0
3173.368521,1,1,1,1,0,1,1,0,1
3174.043229,1,1,1,1,0,1,0,0,1
3174.435729,1,1,0,1,0,0,1,1,1
3175.366354,1,0,1,1,1,1,1,0,0
3176.156983,1,1,0,1,0,0,1,1,0
3177.150410,1,0,0,0,0,1,0,0,0
3177.481040,1,1,1,1,1,1,0,0,0
3177.520586,1,0,0,1,1,0,1,0,0
3178.004216,1,0,0,0,1,1,1,0,0
3178.259507,1,1,0,0,1,1,1,1,1
3178.672236,1,1,1,1,1,1,0,1,0
3179.619819,0,0,1,0,1,1,1,0,0
3180.513008,0,1,0,0,0,1,1,0,1
3181.006505,0,1,1,0,0,1,0,0,1
3181.693216,0,1,1,1,0,1,0,0,1
3181.886794,1,0,1,1,1,0,0,1,1
3182.366783,0,1,0,1,1,1,1,1,0
3183.290684,1,0,0,1,1,1,0,0,0
3183.662741,0,1,1,1,0,0,0,0,1
3184.577720,1,1,0,1,0,0,1,1,0
3185.133720,1,0,0,0,0,0,1,1,0
3185.649356,0,1,1,1,1,0,1,1,0
3186.478099,1,1,1,1,1,1,0,0,1
3186.529682,0,0,0,1,0,1,0,1,0
3187.518783,1,1,0,0,0,1,1,0,1
3187.625070,0,0,0,1,1,0,0,1,0
3187.805890,1,1,0,0,1,1,1,1,0
3188.413426,0,0,1,0,0,0,1,0,0
3189.156258,1,1,1,1,1,1,1,0,1
3189.603331,0,0,1,1,0,1,0,0,1
3190.489325,1,0,0,1,1,0,0,1,1
3191.099816,1,0,0,1,0,0,1,1,1
3191.116548,1,0,1,1,1,1,0,0,1
3191.597769,0,0,0,1,1,0,0,0,0
3192.239001,0,0,0,1,1,0,1,0,0
3192.557363,1,1,0,0,0,1,0,0,0
3193.370883,0,0,0,1,1,1,0,0,0
3193.997813,1,1,1,0,1,1,1,1,1
3194.310655,0,1,1,0,0,1,0,0,0
3194.472678,0,1,1,1,0,1,1,1,1
3195.301898,1,0,0,1,0,0,1,1,0
3195.511589,1,0,1,0,1,0,0,1,1
3195.883005,0,0,0,1,1,0,1,1,1
3195.978647,0,0,1,0,0,0,1,1,0
3196.487710,0,1,1,0,0,1,1,0,0
3197.140998,1,1,1,1,0,0,0,0,0
3197.517921,0,1,1,1,1,1,0,0,0
3198.467971,1,1,1,1,1,1,0,1,1
3199.081994,0,1,1,0,1,1,1,0,1
3199.740642,1,1,0,0,0,1,1,1,1
3200.228112,0,1,0,0,1,1,0,0,0
3200.597165,1,0,0,1,1,1,0,0,0
3201.000931,1,1,1,1,1,1,0,0,0
3201.928454,1,0,0,0,1,1,0,1,1
3202.007245,1,0,1,0,1,1,0,0,1
3202.654063,0,1,1,1,0,1,0,1,1
3203.354363,0,1,1,1,1,0,1,0,1
3203.955918,1,1,0,1,0,1,0,0,1
3204.406468,0,0,0,1,0,0,1,1,1
3204.892420,0,1,0,0,0,1,0,0,1
3205.851451,0,1,1,1,1,1,0,1,1
3206.606473,1,0,0,0,0,0,1,1,1
3206.940473,1,0,1,0,1,0,1,1,1
3207.878483,1,1,1,0,1,1,0,0,0
3208.049124,1,0,1,0,0,0,0,1,0
3208.202603,1,0,0,0,1,1,0,1,1
3208.589027,0,1,1,1,1,1,1,1,1
3209.534864,1,1,1,0,1,0,1,0,1
3210.476100,1,0,1,0,1,1,1,1,0
3210.990054,0,0,1,1,0,1,0,1,1
3211.011373,0,0,0,0,0,0,1,1,0
3211.514474,0,0,0,1,0,1,0,1,0
3211.570668,0,0,0,1,0,1,0,0,0
3212.252804,1,1,1,0,0,0,0,1,1
3212.973838,1,1,1,1,1,1,1,1,1
3213.361103,1,1,0,1,1,0,0,0,1
3214.105545,1,1,0,0,0,1,1,0,1
3214.371886,0,0,1,0,0,0,1,1,0
3214.441000,0,1,0,0,0,0,0,1,0
3214.707945,1,1,0,1,1,1,0,0,0
3215.158495,0,0,0,1,1,0,1,1,0
3215.183597,1,0,1,0,0,1,1,1,0
3215.838487,0,1,0,1,0,1,1,0,1
3216.690676,0,1,1,0,1,0,1,0,0
3217.225917,1,0,0,0,1,1,0,0,1
3217.943648,1,0,1,0,1,0,1,1,1
3218.161910,0,0,1,0,1,0,0,1,0
3218.197963,1,0,1,1,1,0,0,0,0
3218.585672,0,0,1,0,0,1,1,1,0
3218.918379,0,0,1,0,1,0,0,0,0
3219.639247,1,1,1,0,1,0,0,1,1
3220.002808,1,0,1,0,1,0,0,0,1
3220.790995,1,1,1,0,1,0,1,1,0
3221.640792,0,0,1,1,0,0,0,0,0
3222.249879,0,0,1,1,1,1,1,0,1
3222.340342,0,1,1,0,0,1,0,1,0
3222.928371,1,0,1,1,1,1,1,1,0
3223.466904,1,0,1,0,1,0,0,1,0
3224.053768,0,1,1,1,0,0,0,0,0
3224.098065,1,1,1,1,0,0,0,1,0
3224.774580,1,0,1,0,0,1,0,0,1
3225.098450,0,1,1,1,1,0,0,0,1
3226.062316,1,1,0,1,1,1,1,0,0
3226.436078,0,1,0,0,0,1,0,1,0
3226.477929,0,0,0,1,0,0,0,0,0
3226.548981,1,1,0,0,0,0,1,0,0
3227.507971,0,1,0,0,0,1,1,0,0
3228.338649,0,1,0,1,1,0,0,1,1
3228.910506,0,0,1,0,0,0,0,1,0
3229.778445,1,0,1,1,1,1,0,1,1
3230.451783,0,1,0,1,0,1,1,1,0
3231.072624,1,1,0,0,0,1,1,1,1
3231.697595,0,1,0,0,0,1,1,1,0
3232.463408,0,1,1,1,0,1,1,1,0
3233.380158,1,1,0,0,1,0,0,1,1
3234.214549,0,1,1,0,0,1,1,1,0
3234.393337,0,0,1,1,1,0,1,0,0
3235.093264,0,0,0,0,1,0,0,1,0
3236.015532,0,1,0,1,0,0,1,0,0
3236.403288,1,0,1,0,0,1,1,0,1
3237.203488,0,0,1,0,0,0,0,1,1
3237.770942,1,1,1,0,1,0,1,0,0
3238.263253,0,0,0,0,1,1,0,1,1
3239.132237,0,1,0,1,1,1,0,1,1
3239.802292,1,1,0,1,1,0,1,1,1
3240.704205,1,0,1,0,0,0,1,1,1
3241.191755,1,0,0,1,1,0,0,1,1
3241.238164,1,1,0,1,0,0,0,1,0
3241.480981,1,0,0,0,0,0,0,0,1
3242.277133,0,1,1,1,0,0,0,1,0
3242.281350,1,1,1,1,1,0,0,0,0
3242.666072,1,0,1,0,1,0,1,1,1
3243.075754,0,0,1,1,0,0,1,1,1
3243.670754,0,1,0,0,0,0,1,1,0
3244.461937,0,1,1,1,1,0,1,1,1
3245.405121,0,1,1,0,1,1,1,1,0
3245.949577,1,1,0,1,1,1,0,0,0
3246.354987,0,1,1,1,0,0,0,0,1
3246.445449,0,1,1,0,0,1,0,1,1
3247.097065,0,1,0,1,1,1,1,1,1
3247.998039,1,0,1,0,0,0,1,0,0
3248.515923,0,1,0,1,1,0,0,0,1
3248.972607,1,0,0,0,1,1,1,0,1
3249.047194,0,0,1,1,0,0,1,0,0
3249.946575,1,0,0,1,0,0,1,0,1
3250.016813,0,0,0,0,0,0,1,1,1
3250.699802,1,1,0,0,0,1,0,0,0
3250.763974,0,0,1,0,0,0,1,1,1
3251.084830,0,0,0,1,1,0,1,1,0
3251.900548,1,1,1,0,1,1,1,0,0
3252.888512,1,0,1,1,0,1,0,0,0
3253.500915,1,1,1,1,0,0,0,1,1
3254.446092,1,1,1,1,1,1,1,0,0
3254.614412,0,1,0,0,1,1,1,0,1
3255.313001,1,0,1,0,0,1,0,0,0
3255.563190,0,0,1,1,0,0,0,1,0
3256.172889,0,1,1,0,0,0,0,0,0
3256.976722,1,0,1,1,0,0,0,0,1
3257.310722,0,1,1,0,1,0,0,0,1
3258.211811,0,0,0,1,0,1,1,1,1
3258.866880,0,1,1,1,0,1,1,0,0
3259.158850,0,1,0,1,0,1,0,1,1
3259.293050,1,0,1,1,1,1,1,0,1
3260.026908,0,0,0,1,1,0,0,1,1
3260.517722,1,1,1,0,1,1,1,0,0
3261.253669,1,0,0,1,1,1,1,1,0
3261.386795,0,0,1,1,0,1,0,0,0
3261.810258,0,0,1,1,0,1,0,1,0
3262.379919,0,0,0,1,0,1,0,1,0
3263.281936,1,1,1,0,0,1,1,0,0
3264.220958,0,0,1,0,1,0,0,0,1
3264.887958,0,0,1,0,1,0,1,1,0
3265.674198,0,1,1,1,1,1,0,1,1
3266.307442,1,1,1,1,1,1,0,0,0
3266.428100,1,0,1,1,0,0,0,1,0
3267.392421,1,1,1,1,1,1,0,0,0
3268.077857,1,1,0,0,0,0,0,1,0
3268.812068,1,0,0,0,1,0,1,0,1
3269.061623,1,0,1,1,1,0,0,1,0
3269.576703,0,1,1,0,0,1,1,0,1
3270.351259,0,1,1,0,1,0,1,1,1
3270.841565,1,1,1,1,1,0,1,0,1
3271.427649,1,1,0,1,0,1,1,1,0
3272.160274,0,1,0,1,1,1,0,0,0
3272.445142,1,0,0,1,1,1,1,1,0
3273.345242,1,1,1,1,0,1,1,1,1
3273.406929,0,1,1,0,1,1,0,1,1
3274.318782,1,0,0,0,1,1,1,1,1
3274.903373,0,0,0,0,1,1,1,1,0
3275.609803,1,1,1,1,0,1,1,0,0
3275.978855,0,0,1,1,0,0,0,0,1
3276.090855,0,0,1,0,1,0,0,0,1
3276.160414,0,0,0,0,1,0,0,0,1
3276.965371,0,0,0,1,1,0,1,0,1
3277.572981,1,0,0,0,0,0,1,1,1
3277.997249,1,0,0,0,1,0,0,1,1
3278.548996,0,0,1,0,1,1,0,0,0
3278.758742,0,0,1,1,0,1,0,0,0
3279.470075,0,0,1,0,0,1,1,1,0
3279.959652,0,0,0,0,0,0,1,1,0
3280.684468,1,1,0,1,1,0,1,0,1
3280.709834,0,1,0,0,1,0,0,0,0
3280.745453,0,0,1,1,1,1,1,0,0
3280.955767,0,0,0,1,0,0,1,1,1
3281.250591,0,0,0,1,1,1,1,0,0
3281.662637,1,1,0,1,0,1,0,1,1
3281.970115,1,1,0,0,0,0,0,1,0
3282.422718,1,1,1,1,1,1,0,1,0
3282.728676,0,1,1,1,1,1,1,1,1
3283.199921,1,1,0,0,1,1,1,1,1
3283.684764,0,1,1,1,0,1,1,1,0
3283.753591,1,1,1,0,1,0,1,0,0
3284.540876,0,0,1,0,0,0,0,1,0
3285.240192,0,0,0,0,1,1,1,0,1
3285.404270,1,1,0,1,1,0,1,1,0
3286.375900,0,1,0,0,0,1,0,0,0
3286.569177,1,1,1,0,0,0,0,1,1
3286.616859,0,0,0,0,1,0,1,1,1
3286.712261,1,0,1,1,0,0,0,0,1
3287.095856,1,0,0,1,1,0,1,0,0
3287.411778,0,1,1,1,1,0,0,1,0
3287.922107,0,0,0,1,1,1,1,0,0
3288.729489,1,1,0,0,1,0,1,1,0
3289.098748,1,1,0,0,1,1,0,1,0
3289.833349,0,0,1,0,1,1,1,0,1
3290.626928,1,1,1,1,0,0,0,0,0
3290.761128,1,1,0,1,1,0,0,1,1
3291.662683,0,1,1,0,0,1,0,1,1
3292.180607,1,1,1,1,1,1,0,1,0
3292.241612,1,0,1,1,0,1,0,1,1
3292.431896,0,0,0,1,0,1,0,0,1
3293.415160,1,1,0,1,0,0,0,1,1
3293.421474,0,1,0,1,0,1,1,0,0
3293.770574,0,0,0,0,1,0,0,1,1
3294.276951,0,1,0,1,0,1,1,0,1
3294.297539,1,0,0,0,0,0,1,1,1
3294.301504,0,1,1,0,0,0,1,0,0
3294.822505,0,1,1,1,1,1,0,1,1
3295.078756,1,0,0,0,1,1,1,0,1
3295.158531,1,0,1,1,0,0,0,0,1
3296.010986,0,1,1,0,1,0,1,1,1
3296.803711,0,0,1,0,1,1,1,0,0
3297.663500,0,1,1,0,0,1,1,0,0
3297.819807,0,1,1,0,1,1,1,1,1
3298.423652,1,0,0,1,0,1,0,0,1
3299.129828,0,1,0,1,1,0,1,0,1
3299.836005,1,1,0,0,1,0,0,0,0
3300.125953,1,0,1,0,1,0,1,0,0
3300.897557,0,0,1,0,0,1,0,1,0
3301.186730,1,0,1,0,1,0,1,0,1
3301.888783,0,0,1,0,0,1,1,1,1
3302.426641,1,0,1,1,1,1,0,0,0
3302.902518,1,1,1,0,1,0,0,1,0
3303.316105,1,0,0,1,0,0,0,1,0
3303.513337,0,1,0,1,0,0,1,1,0
3304.034795,1,0,0,0,1,1,0,1,0
3304.455577,0,0,1,1,0,1,0,0,1
3304.948907,1,1,0,1,0,1,1,1,0
3305.604989,0,1,0,0,0,1,0,1,0
3305.793302,1,0,0,1,1,1,1,0,1
3306.501850,1,0,0,0,1,0,0,1,0
3307.072712,1,1,1,0,0,1,1,1,0
3307.544737,1,0,0,0,1,1,1,0,1
3308.091749,0,1,0,0,1,1,1,1,0
3308.905729,1,1,1,1,1,0,1,0,1
3309.603002,0,1,1,1,0,1,1,0,0
3309.898159,1,1,0,1,1,1,1,0,0
3310.232159,1,1,1,1,0,1,0,0,0
3310.762399,1,1,1,1,0,0,1,0,1
3311.704486,1,1,0,0,0,0,1,0,1
3312.381553,0,1,1,1,0,1,1,1,1
3312.965303,1,1,1,0,0,1,0,0,0
3313.400573,0,0,1,0,0,0,1,1,1
3313.498376,0,0,0,1,1,0,1,1,0
3314.209878,0,0,1,0,0,0,1,0,1
3314.960128,1,0,0,0,0,1,0,0,1
3315.853783,0,1,1,0,0,1,0,1,0
3316.307375,1,1,0,0,1,0,1,1,1
3316.939837,0,1,0,1,1,1,0,1,0
3317.862258,0,0,1,0,0,0,1,1,1
3317.918459,0,0,0,0,1,1,1,1,1
3318.111048,1,0,1,1,0,0,1,0,0
3318.331312,0,1,0,0,1,1,1,0,1
3319.079656,1,0,0,1,1,0,1,1,1
3319.833041,0,1,0,0,1,0,1,0,1
3320.337569,1,1,0,0,1,0,0,1,0
3320.912511,0,1,1,1,0,1,0,0,0
3320.975948,1,0,0,1,0,1,0,0,1
3321.818211,0,1,1,1,1,1,0,0,1
3322.401961,1,1,0,1,1,0,1,0,0
3322.405784,0,1,0,1,0,1,1,1,0
3323.220138,1,1,1,1,0,1,0,1,0
3323.973873,1,1,0,1,1,1,0,1,0
3324.908617,0,0,1,0,1,0,0,0,1
3325.031623,1,1,0,1,0,1,0,1,0
3325.476884,1,1,0,0,1,0,0,0,0
3325.641357,1,0,1,0,0,0,1,0,1
3326.347787,0,0,0,1,1,1,0,1,1
3327.344318,0,1,1,0,1,1,0,0,1
3327.915523,1,1,1,1,1,1,1,1,1
3328.494616,1,0,1,0,0,1,1,1,0
3328.709239,0,0,1,1,0,0,0,1,1
3328.813909,0,0,1,1,1,1,0,1,0
3329.566182,1,1,0,0,1,0,1,1,1
3330.411204,1,1,0,1,1,0,0,0,0
3331.331284,1,1,0,0,0,0,1,0,0
3331.737752,0,1,1,0,1,0,1,1,1
3332.463601,1,0,0,1,1,0,1,1,0
3333.020080,0,0,0,1,0,1,0,1,0
3333.609702,1,1,0,1,0,1,0,0,0
3334.110202,1,1,1,0,1,1,1,0,0
3334.826066,1,0,1,1,1,0,1,0,0
3335.817147,1,1,0,0,0,0,1,0,0
3336.478037,1,1,1,0,1,0,0,0,0
3336.596498,0,1,1,1,0,1,1,0,1
3337.494681,1,0,0,1,1,0,0,1,1
3337.788020,0,0,0,0,1,0,0,1,0
3338.627969,1,1,0,0,0,0,0,0,1
3338.782121,1,0,1,1,0,1,1,1,0
3339.519784,0,0,0,1,0,1,0,1,1
3340.501620,0,0,1,0,0,1,0,0,1
3340.793506,0,1,0,0,1,1,1,0,1
3341.709031,1,1,0,0,0,0,1,0,0
3341.870319,1,1,1,1,0,0,0,0,1
3342.515835,1,0,1,1,1,0,1,0,1
3342.757918,1,1,1,1,0,0,0,0,0
3342.939410,0,1,1,0,0,1,1,1,0
3343.727805,1,0,1,0,0,0,0,1,1
3343.813878,0,1,0,1,1,1,1,0,1
3343.842867,1,1,1,1,1,0,1,1,1
3344.122867,0,1,1,0,1,0,0,0,0
3344.675278,0,1,0,0,1,0,0,0,1
3345.260012,0,0,1,1,1,1,1,1,0
3345.676294,1,1,1,1,1,0,1,1,0
3345.933733,1,1,0,0,1,0,1,0,0
3346.743173,0,0,0,0,1,0,1,1,1
3347.699223,1,1,1,0,1,1,0,0,0
3348.035926,0,0,0,1,1,1,0,0,1
3348.643838,0,1,1,1,0,0,0,0,0
3349.380597,1,0,1,1,0,0,1,0,1
3349.672350,1,0,0,0,0,1,1,0,1
3350.528165,0,1,1,1,1,0,1,0,1
3351.041775,0,0,0,1,1,0,0,1,0
3351.813432,0,1,1,1,1,1,1,1,0
3352.243450,1,0,0,0,1,1,1,0,1
3352.962078,0,1,1,0,0,0,1,0,1
3353.411372,1,1,1,1,0,1,1,0,0
3353.576271,1,1,1,1,1,1,1,1,1
3353.719985,0,1,0,0,0,1,0,0,0
3354.525769,0,1,0,0,0,0,1,1,0
3355.090490,1,1,1,1,0,0,1,1,1
3355.949122,0,1,0,0,0,1,0,1,1
3356.254721,0,1,1,0,1,1,1,0,0
3356.885228,0,1,0,1,1,0,0,0,1
3357.797576,0,0,0,1,0,0,1,1,0
3358.755645,0,0,0,1,0,0,0,1,0
3359.304707,0,1,0,1,1,0,1,0,1
3359.830955,0,1,0,1,1,1,0,1,1
3360.303705,1,0,1,0,1,0,0,0,1
3361.006130,1,0,0,1,1,1,0,1,1
3361.981991,1,1,0,0,0,1,1,1,1
3362.138175,0,1,1,1,1,1,0,0,0
3362.233421,1,1,0,0,0,0,0,1,1
3362.364725,0,0,1,0,1,0,1,1,0
3362.968063,1,1,1,1,0,1,1,1,1
3363.838659,1,0,0,0,1,1,0,1,1
3364.221841,1,1,0,0,1,1,0,1,1
3364.431091,1,1,1,1,1,0,1,1,0
3365.290022,1,1,0,1,0,0,0,0,1
3366.187595,1,0,0,1,1,0,1,0,0
3366.747559,0,1,1,1,1,0,1,0,0
3367.319142,0,1,0,1,1,0,0,0,1
3367.678479,1,1,0,0,1,0,0,1,0
3367.809248,0,1,1,1,0,0,0,1,1
3368.758235,1,0,1,0,0,0,0,0,1
3369.282521,0,0,0,0,1,0,1,1,1
3369.447150,1,1,1,1,0,0,0,0,0
3370.269988,1,1,1,1,0,0,1,1,0
3371.231879,0,1,1,0,1,0,1,1,0
3372.228532,1,0,0,0,1,0,1,0,1
3372.782338,0,0,1,1,1,1,0,0,1
3373.037775,0,1,1,1,0,1,0,1,1
3373.817217,1,0,1,1,0,0,1,0,1
3374.573558,0,0,0,1,1,0,0,0,0
3375.263951,1,1,1,1,0,1,1,0,1
3375.566649,1,1,0,1,1,1,1,0,1
3376.345817,1,0,1,0,1,1,0,0,1
3377.193969,1,1,1,1,0,0,1,0,0
3378.058969,1,1,0,0,0,1,1,0,0
3378.865046,1,1,1,1,0,1,1,1,0
3379.463234,0,0,1,0,0,1,0,1,0
3379.676787,1,1,1,0,0,0,1,0,0
3380.572976,1,0,1,1,0,0,0,0,0
3381.434652,1,1,0,0,1,1,1,1,0
3381.859546,1,0,1,0,0,1,1,0,0
3382.107279,1,0,0,1,0,1,1,0,0
3382.901602,1,1,0,1,0,1,1,1,1
3383.409627,0,0,0,0,1,1,1,0,0
3384.052462,1,1,1,1,1,1,1,0,0
3384.357726,0,0,0,1,1,0,0,0,0
3384.813702,1,1,1,0,1,1,1,1,1
3385.740421,0,0,0,0,0,1,1,0,1
3386.729045,0,1,1,1,1,0,1,1,0
3387.471238,0,0,1,0,1,0,0,0,1
3387.637211,0,0,0,1,1,0,0,1,1
3388.075463,1,0,0,1,1,0,1,0,0
3388.723298,1,0,0,0,0,0,1,0,0
3389.704160,0,0,0,1,1,1,0,1,0
3390.441413,1,0,0,1,1,1,1,0,1
3390.976646,1,0,1,1,1,1,1,0,0
3391.226245,0,0,1,0,0,1,1,0,1
3391.333749,0,1,0,0,1,1,0,0,0
3391.571954,1,1,0,1,0,0,0,0,0
3391.840026,1,1,1,0,0,1,0,1,1
3391.939599,1,1,1,1,1,0,1,1,0
3392.092971,1,0,0,0,0,1,1,1,0
3393.080806,1,0,0,0,1,1,1,1,1
3394.052426,0,0,1,0,0,0,1,1,1
3394.725319,1,1,1,1,0,1,0,0,0
3394.826219,0,1,0,1,0,1,0,0,1
3395.268638,1,1,0,0,0,1,0,0,0
3396.045579,1,1,0,1,0,0,0,1,1
3396.243169,1,0,1,1,0,0,0,0,1
3396.693719,1,1,1,1,0,1,0,1,0
3396.794187,0,0,1,0,0,1,1,0,0
3397.201516,0,1,0,0,0,1,1,1,1
3397.298820,0,1,1,0,1,0,1,1,1
3398.004096,1,0,0,1,0,1,0,0,1
3398.751263,1,1,0,1,1,0,1,1,0
3398.806094,0,0,0,1,1,0,0,0,0
3399.695094,0,1,0,0,1,0,1,0,0
3399.884584,0,0,0,1,1,0,1,0,1
3400.874644,0,1,1,1,0,0,1,1,1
3401.222071,0,0,1,1,1,0,1,0,0
3401.972321,1,0,1,0,1,0,1,0,0
3402.630522,0,0,0,0,1,0,0,0,0
3403.017863,0,1,0,1,0,0,1,1,1
3403.567333,1,0,0,1,0,0,1,0,0
3403.674708,0,1,1,1,1,0,1,1,0
3404.071863,0,1,1,1,1,1,0,1,1
3404.517943,0,0,0,1,1,0,0,1,0
3404.945372,1,0,1,1,1,1,0,1,1
3404.998381,1,1,1,1,0,1,1,0,0
3405.542697,1,1,0,0,1,0,1,1,0
3406.201768,0,0,1,1,0,1,0,0,1
3406.217429,1,0,0,1,0,1,0,0,1
3406.279820,0,0,0,0,0,1,0,0,0
3406.292391,0,1,1,0,1,0,0,0,1
3406.598870,1,0,1,1,0,0,0,1,1
3406.823154,1,0,1,0,0,0,0,1,0
3407.083154,1,1,0,0,1,1,0,0,0
3407.327426,0,1,1,0,1,0,0,0,1
3407.820782,0,1,1,1,1,1,1,0,1
3408.766221,0,1,0,0,1,0,1,0,1
3409.462881,0,0,1,1,0,0,1,0,1
3409.550537,1,1,1,1,1,0,1,1,0
3410.129905,0,1,0,0,0,0,0,0,1
3410.799133,0,0,0,1,1,0,0,0,0
3411.445828,0,0,0,0,0,0,0,1,1
3412.270565,1,0,0,1,0,0,1,0,0
3412.587038,0,0,1,1,1,0,1,0,0
3412.624498,1,0,0,0,0,0,0,1,0
3412.995370,0,1,1,0,1,1,0,1,1
3413.659223,0,0,0,0,1,1,1,0,0
3413.888566,0,1,1,0,0,1,0,1,1
3414.298247,1,0,0,1,1,0,0,1,1
3414.925996,1,1,0,0,1,1,1,1,0
3415.363204,0,1,1,0,0,1,0,1,1
3416.338268,0,1,0,0,0,1,1,1,0
3416.364720,1,1,1,1,1,0,1,0,1
3417.346269,1,0,0,1,0,0,1,1,1
3418.315340,1,0,1,1,0,1,1,1,1
3418.806295,1,0,0,1,0,0,0,1,1
3419.233099,0,1,0,0,0,0,0,1,1
3419.490984,1,0,0,0,0,1,0,0,1
3420.456830,1,0,0,1,0,1,0,1,1
3420.707580,0,0,1,1,1,0,1,0,0
3421.657474,1,1,1,1,1,0,1,0,0
3422.109967,0,0,0,1,0,0,0,1,1
3422.746169,0,0,0,0,0,1,0,0,0
3422.842654,1,1,1,1,1,1,0,0,0
3423.455945,0,0,1,1,1,1,1,0,1
3423.879379,0,1,0,1,0,0,1,1,1
3424.370174,0,0,0,0,1,0,1,1,0
3424.980387,0,1,1,1,1,0,1,1,1
3425.424764,1,0,0,1,1,0,1,1,1
3425.784379,1,0,0,0,0,1,1,1,0
3426.698994,0,0,0,1,1,1,1,0,0
3427.281604,0,1,0,1,1,0,0,1,0
3427.672387,1,0,0,0,0,1,0,0,0
3428.276209,1,1,0,0,0,0,0,0,0
3428.373811,0,0,0,0,0,0,1,1,0
3428.384726,0,0,0,0,1,1,1,0,1
3429.075857,0,1,1,1,0,1,0,0,0
3430.060682,0,0,0,1,0,0,1,0,1
3430.882743,1,1,1,1,1,1,1,1,0
3430.914016,0,1,0,0,1,0,0,1,0
3431.293298,1,1,1,0,0,0,0,0,0
3431.423532,1,0,0,1,1,0,1,1,0
3432.308222,0,0,0,0,1,1,0,0,1
3432.869343,1,0,1,1,0,0,1,1,1
3433.314477,0,1,0,0,1,0,1,0,0
3434.152375,0,1,1,0,0,1,1,0,1
3434.686520,0,1,1,0,1,0,0,1,1
3435.367961,0,1,1,0,1,1,0,0,0
3435.599239,0,0,0,1,0,0,0,0,0
3435.674408,1,0,1,0,0,1,1,0,1
3435.857044,0,1,0,1,0,0,0,1,1
3436.539588,0,0,0,1,1,1,0,0,1
3436.977015,1,0,1,1,1,0,0,0,1
3437.573419,1,1,1,0,0,1,0,0,1
3438.316285,1,0,1,0,0,0,0,0,1
3438.724150,0,1,1,0,1,1,0,1,0
3439.447419,0,1,0,1,0,0,0,1,1
3440.444636,1,0,1,0,0,1,1,1,1
3440.533654,0,0,0,1,1,1,0,0,0
3441.005611,1,0,1,1,0,1,1,1,1
3441.506111,1,0,0,1,0,1,1,0,1
3441.682339,1,0,1,0,0,1,1,0,1
3441.773377,1,0,0,0,0,1,1,1,0
3442.604941,1,1,0,1,0,0,1,1,1
3443.289764,1,1,1,1,1,1,1,0,0
3444.195575,0,0,1,1,0,0,1,0,1
3444.913666,1,1,1,0,0,1,0,1,1
3445.029029,0,1,0,1,1,1,1,0,1
3445.833653,0,1,1,0,0,1,0,1,0
3446.290124,0,1,1,0,0,0,0,1,1
3446.722791,1,0,1,0,0,1,1,1,1
3447.029176,0,1,1,1,0,1,1,1,1
3447.857766,1,0,1,1,1,1,0,1,1
3448.676328,1,0,0,1,1,1,0,1,1
3449.037281,0,0,1,1,1,1,0,0,0
3449.311931,1,1,1,1,1,1,1,0,0
3450.169216,0,1,1,1,1,1,0,1,0
3450.541040,0,1,1,0,1,1,1,1,0
3451.134527,1,0,0,0,1,0,1,1,0
3451.997410,0,0,0,1,1,1,0,1,1
3452.001921,1,1,0,0,0,0,0,0,1
3452.116180,1,0,0,1,1,1,1,1,0
3452.616680,0,0,1,0,1,0,0,1,0
3452.966387,0,1,0,1,1,0,1,0,0
3453.909336,0,0,0,0,1,1,0,0,1
3454.204615,1,1,1,1,1,0,1,0,0
3454.854043,0,1,0,0,0,1,0,0,0
3455.821593,1,1,1,1,0,1,1,1,0
3456.661223,1,1,1,0,0,1,0,1,0
3457.161723,1,1,0,0,0,1,1,1,0
3457.634473,0,1,1,1,1,1,0,1,1
3458.203594,1,0,0,0,0,1,1,0,0
3458.593815,0,1,1,1,0,0,1,1,0
3459.526016,1,1,1,0,0,1,1,1,0
3460.321143,1,1,0,0,1,1,1,1,1
3461.159540,0,0,0,0,0,1,1,0,0
3461.588474,0,1,1,1,0,0,1,0,0
3462.122891,0,1,1,0,0,0,1,0,0
3462.905717,1,1,1,0,0,0,0,1,1
3463.438816,1,0,0,0,1,1,0,1,0
3464.397965,0,1,0,0,1,1,0,0,1
3464.415897,1,0,1,1,1,0,1,1,0
3465.310262,1,0,0,1,1,1,1,0,1
3465.982859,0,1,0,0,0,1,1,1,1
3466.040042,1,0,1,0,1,1,0,1,0
3466.707042,1,1,0,1,1,1,1,1,0
3467.599687,0,0,0,1,1,0,1,1,1
3467.600687,0,1,1,0,0,0,0,0,0
3467.895510,0,1,1,0,0,1,0,1,0
3468.341757,0,0,0,0,0,1,1,0,1
3469.061336,1,0,0,1,0,1,0,1,1
3469.715529,1,0,1,0,0,1,0,0,1
3470.593760,1,0,0,1,0,1,0,0,0
3471.231908,0,0,1,0,1,0,0,0,1
3471.276563,1,1,0,0,1,0,0,0,1
3471.299431,1,0,0,0,1,0,0,0,0
3471.848021,0,1,1,1,0,0,0,0,0
3472.816326,1,1,1,0,0,1,0,0,1
3473.203874,1,0,1,0,1,1,0,1,1
3473.855186,0,1,1,1,0,1,1,1,1
3473.996847,1,1,1,0,0,0,0,1,1
3474.323880,1,0,0,0,0,1,0,0,0
3474.961498,0,1,1,0,0,0,0,0,0
3475.264279,0,1,0,1,1,1,1,0,1
3475.338890,1,0,0,1,1,0,1,1,0
3476.261639,0,1,1,0,1,0,0,1,1
3476.981403,0,1,0,1,1,0,0,0,0
3477.598517,1,0,0,0,0,0,0,1,0
3478.360870,1,1,0,0,1,1,1,1,1
3479.141001,1,0,0,0,0,1,1,1,0
3480.062076,1,0,1,0,0,1,1,1,0
3480.454971,1,1,1,1,0,1,1,1,1
3481.067647,0,1,1,0,0,0,1,1,0
3481.631790,1,0,0,1,0,1,1,0,1
3481.848640,1,0,0,0,1,1,1,1,1
3482.135565,1,1,1,1,1,0,0,0,0
3482.895875,0,0,1,1,0,1,1,0,1
3483.197410,1,0,0,0,0,1,1,1,0
3483.754191,1,1,1,0,1,1,0,0,1
3484.594988,0,0,0,0,1,1,1,0,0
3485.355615,1,0,1,1,1,1,0,0,0
3485.439434,0,0,1,0,0,0,0,1,1
3486.221471,0,0,0,1,1,0,0,0,1
3487.034731,0,1,0,1,1,1,0,0,1
3487.607334,0,0,0,1,1,1,1,0,0
3488.359407,0,0,0,0,1,0,1,1,1
3488.850483,1,0,1,1,0,1,0,0,0
3489.231177,0,1,0,1,0,1,1,0,0
3489.274637,1,0,0,1,0,0,1,0,0
3489.650608,0,0,0,1,1,0,0,0,1
3490.228848,1,0,0,1,1,1,0,0,0
3491.058430,1,1,0,0,1,0,1,1,1
3491.110148,0,0,0,1,1,0,1,0,1
3491.823163,1,1,0,0,0,0,0,0,1
3492.440598,1,0,0,0,0,0,0,1,1
3492.844907,1,0,1,1,1,0,0,0,1
3493.411478,1,0,0,0,1,1,1,1,0
3493.724961,0,1,1,0,0,1,0,1,0
3494.487494,0,0,1,1,1,1,0,0,1
3494.890746,0,1,0,1,0,0,0,1,0
3495.784874,0,1,0,0,1,1,1,1,1
3496.575406,1,1,0,1,0,1,0,1,0
3496.951031,0,1,1,1,0,1,0,1,1
3497.360713,1,0,1,0,0,1,1,0,1
3497.840199,0,1,0,0,0,1,1,0,1
3498.367152,0,1,0,0,0,1,1,0,0
3498.794049,0,0,0,0,1,1,1,0,0
3499.080477,0,1,0,0,1,0,1,1,1
3499.141882,1,0,1,1,1,0,1,1,0
3499.831727,1,0,1,1,0,0,0,0,0
3500.281716,1,0,1,1,1,1,1,1,1
3500.513569,0,1,1,0,0,1,0,0,0
3500.648526,0,0,1,0,1,0,0,0,0
3500.743182,0,1,0,1,0,0,1,0,0
3500.744182,0,0,0,0,1,1,0,1,1
3501.366288,1,1,1,1,0,1,1,1,1
3502.255500,0,1,0,1,0,0,0,1,0
3502.597880,1,0,1,1,0,1,1,0,1
3502.849296,0,1,1,0,1,1,0,1,1
3503.658736,0,1,0,0,1,1,0,0,1
3504.296136,0,1,1,1,1,1,0,0,1
3504.443463,1,0,1,1,0,0,0,1,1
3505.391701,1,0,0,1,1,0,1,0,0
3505.767326,1,1,1,1,0,0,1,1,1
3506.435800,0,0,1,0,0,1,0,0,0
3507.418868,1,1,1,1,0,0,0,1,0
3508.262245,1,1,0,0,0,0,0,0,1
3508.984280,0,0,1,0,1,1,0,0,0
3509.351374,0,1,1,1,1,0,1,0,1
3510.185999,0,0,0,0,1,1,0,1,1
3510.585314,0,1,0,1,0,0,1,1,0
3511.396314,0,0,1,1,0,1,1,0,0
3512.240220,0,1,0,1,1,0,1,1,1
3512.629541,1,0,0,0,1,0,1,1,0
3513.614404,1,1,1,0,1,0,1,0,0
3514.158493,0,0,1,0,1,0,0,1,0
3514.267929,1,1,0,0,0,1,0,1,0
3515.125523,1,0,0,1,0,1,0,1,0
3515.208074,1,1,0,1,1,1,0,1,0
3515.405599,1,0,0,1,1,1,0,0,1
3515.467941,0,1,0,0,1,1,0,1,1
3515.881572,0,0,1,1,0,1,1,0,1
3516.460940,1,0,1,0,1,1,0,1,0
3516.629020,0,1,1,0,0,0,0,1,1
3517.281430,0,0,1,1,0,0,0,0,0
3517.639130,1,0,0,0,1,0,0,1,1
3518.274158,0,1,0,1,1,1,1,1,0
3518.376181,1,1,0,1,0,0,0,0,1
3518.750241,0,1,1,0,0,1,0,1,0
3518.799580,0,1,1,1,1,1,1,0,1
3519.378948,1,0,1,1,1,0,0,0,0
3520.137810,0,1,0,0,0,0,1,1,1
3520.212810,0,0,0,0,1,0,0,0,0
3520.255984,0,1,0,1,0,1,1,1,1
3520.389272,0,1,0,0,0,1,0,0,0
3520.614128,0,0,1,0,1,1,0,1,1
3520.944012,1,0,1,1,1,1,0,0,0
3521.734290,1,0,0,1,1,0,0,1,0
3521.986387,1,1,0,0,1,1,1,1,1
3522.908583,1,1,1,0,0,0,0,0,1
3523.275139,0,0,1,1,0,0,0,0,1
3523.728455,1,0,1,0,0,1,0,0,0
3524.064683,1,1,1,0,0,1,1,1,1
3524.896949,1,1,1,0,0,0,0,1,1
3525.417933,0,0,0,1,0,1,1,1,0
3526.407754,1,0,0,0,0,0,0,0,0
3526.433514,0,0,0,0,1,1,1,0,0
3526.941819,0,1,0,1,1,1,0,0,1
3527.024928,0,0,0,1,0,0,0,0,0
3527.900053,0,0,1,0,0,0,0,0,1
3527.954031,0,0,0,0,0,0,0,1,0
3527.955031,1,0,1,0,1,0,0,1,1
3528.375679,0,0,0,1,0,0,0,0,0
3529.367952,1,1,0,1,1,1,1,1,1
3529.610187,0,0,1,1,0,0,1,0,0
3530.205475,1,0,1,1,0,0,1,0,0
3530.552209,0,1,0,1,1,1,0,0,0
3531.250186,1,1,0,0,1,0,0,1,0
3532.129242,1,1,0,0,1,1,0,0,1
3532.175052,1,1,0,0,1,0,0,0,1
3532.584402,0,1,0,0,1,0,1,0,1
3532.843810,1,0,1,0,0,0,0,1,1
3533.654457,0,0,1,1,1,0,0,1,1
3534.097888,0,1,0,0,1,0,0,1,1
3534.961978,1,1,0,0,1,0,0,0,1
3535.616869,0,0,0,1,1,1,0,1,0
3535.819613,0,1,1,1,0,1,1,1,0
3536.590335,1,0,1,1,1,1,1,0,1
3536.754160,1,1,1,0,1,0,0,0,0
3537.471310,0,1,1,1,1,1,0,0,1
3537.911165,0,1,1,0,1,1,0,0,0
3538.098645,0,0,1,1,0,1,0,1,1
3538.476758,0,0,0,1,0,1,1,1,1
3538.482310,1,1,0,0,1,0,1,0,0
3538.871745,1,0,1,0,0,1,1,0,1
3539.455495,0,0,1,0,0,1,0,0,0
3540.298840,0,1,0,1,0,0,1,0,1
3541.199437,1,0,0,0,1,0,1,1,1
3541.646419,0,1,1,1,0,0,0,0,0
3542.613257,1,1,1,1,0,1,0,0,0
3542.908080,0,0,1,1,1,0,1,1,1
3543.696822,0,1,1,0,0,0,1,0,1
3544.210341,0,0,0,1,1,0,1,0,1
3544.554371,1,0,1,1,0,1,0,0,0
3545.435312,1,1,1,0,1,0,0,0,1
3546.218386,0,0,0,1,1,0,1,1,1
3546.987848,1,0,0,1,0,1,1,1,0
3547.717414,0,1,1,0,0,1,1,1,1
3548.324277,1,0,0,0,1,1,1,1,0
3549.061160,0,0,1,0,0,1,1,1,1
3549.316563,1,1,1,0,1,1,0,1,0
3550.099389,1,0,0,0,0,1,1,0,1
3550.628688,0,0,1,0,0,1,1,1,0
3551.175013,1,0,1,1,1,0,1,1,1
3551.904317,1,0,1,0,0,1,1,1,0
3552.255482,0,1,1,1,0,1,1,1,1
3552.631652,0,1,0,0,0,1,1,1,1
3552.632652,0,0,0,0,0,1,1,1,1
3552.663252,1,1,0,1,0,1,1,1,1
3553.231919,1,1,0,0,0,1,1,0,0
3553.316169,1,1,1,1,1,1,1,1,0
3553.847611,0,0,1,0,0,1,0,0,1
3554.420809,0,1,0,0,0,1,1,0,1
3555.144090,0,0,1,0,0,0,1,0,1
3555.972387,1,1,1,1,0,0,1,0,1
3556.851740,0,0,1,0,1,0,1,0,1
3557.711294,1,1,1,0,0,0,1,1,0
3557.720244,1,1,0,0,1,0,0,1,1
3557.956963,1,0,1,1,1,1,0,1,0
3558.293253,1,0,0,1,1,1,0,1,1
3558.839162,1,1,1,0,0,1,0,0,0
3558.860020,1,0,1,1,1,1,0,1,1
3559.587122,1,0,0,1,0,1,1,0,1
3560.094166,0,1,0,0,0,0,1,1,1
3560.247954,0,1,0,0,1,1,0,0,0
3561.088890,1,1,1,1,1,1,1,0,0
3561.302710,0,1,1,1,0,0,0,0,0
3561.505262,0,1,1,0,1,0,0,1,0
3561.609503,0,0,1,0,0,1,1,1,1
3561.796292,1,0,1,0,0,0,0,1,1
3561.984605,0,0,1,0,0,1,0,0,1
3562.062451,0,0,0,1,1,1,0,1,0
3562.142024,1,1,1,1,1,0,0,1,0
3562.713450,0,1,0,1,0,1,1,0,0
3562.778165,0,0,1,0,0,0,0,0,0
3563.115988,1,1,0,0,0,0,0,1,0
3563.406894,1,0,1,0,0,1,0,1,0
3564.268460,0,1,1,0,1,1,1,1,0
3564.792521,1,1,1,1,0,0,1,0,0
3565.010695,0,1,1,0,0,0,0,0,0
3565.682333,1,1,1,0,0,1,1,1,1
3566.481129,1,1,1,1,0,0,0,0,1
3566.967850,0,1,1,0,1,1,0,1,0
3567.259217,1,0,1,1,0,0,0,0,1
3567.805458,0,0,1,0,0,1,1,1,0
3568.611862,0,0,0,1,1,1,1,1,1
3569.603396,1,0,0,0,0,0,0,0,0
3569.693075,1,0,0,0,0,0,0,0,1
3570.646610,1,1,0,0,1,1,1,1,1
3571.109384,0,1,1,0,0,1,1,1,1
3571.285564,0,0,0,0,1,0,0,0,0
3572.269537,1,1,0,1,1,1,1,1,1
3573.031314,0,1,0,1,0,0,0,0,0
3573.433221,1,1,1,1,0,0,1,1,0
3573.659637,1,1,0,1,0,1,1,0,1
3573.828946,0,0,1,1,1,1,1,1,1
3574.741173,1,0,0,1,1,0,1,1,1
3574.977892,1,0,1,1,1,1,0,1,0
3575.493795,1,1,1,0,1,0,1,0,1
3575.610829,1,0,0,1,1,0,1,1,0
3575.678429,1,1,1,1,1,1,1,1,0
3576.463455,1,0,1,0,0,1,1,1,1
3576.939439,1,0,1,0,1,1,1,1,1
3577.868420,1,0,1,1,1,1,0,1,1
3578.828460,1,1,1,0,0,1,0,1,0
3579.523210,0,1,1,1,1,1,0,0,0
3579.620633,0,1,0,1,0,1,0,0,0
3580.306661,0,1,0,1,1,0,0,0,1
3581.145285,1,1,1,0,0,0,0,0,0
3582.135948,0,1,0,1,0,1,1,1,0
3582.169831,0,0,1,1,0,1,0,0,1
3582.180973,1,1,1,1,1,1,1,0,1
3582.855373,0,1,0,1,1,0,1,0,0
3583.473732,1,0,1,1,1,1,0,1,0
3584.028633,0,1,1,0,1,1,0,1,1
3584.392428,0,0,0,1,0,0,1,0,1
3584.975805,0,1,1,1,0,1,0,1,1
3585.309805,0,0,1,0,1,0,0,1,0
3585.930982,0,0,0,1,1,1,1,0,0
3586.855815,0,1,1,0,1,1,1,0,1
3587.795508,0,1,0,1,0,1,1,0,1
3588.733986,1,1,1,1,1,1,1,1,0
3588.867264,0,1,0,0,0,1,1,1,0
3589.070892,0,0,0,1,0,1,1,1,0
3589.786505,1,0,0,1,1,1,1,1,1
3590.192566,0,0,1,1,1,1,1,1,1
3590.593166,0,0,1,0,1,0,0,0,1
3591.452423,0,0,1,1,0,0,0,0,0
3592.226064,1,0,1,1,0,0,0,1,0
3592.770081,1,1,0,0,1,1,1,1,0
3593.659081,0,1,1,0,0,0,0,1,1
3594.345312,0,1,0,1,0,1,1,1,0
3595.145512,1,0,0,0,1,0,1,1,1
3595.419572,0,0,0,0,1,0,0,0,1
3595.548884,1,1,0,1,1,1,1,1,1
3595.656278,1,0,0,1,0,0,1,1,0
3596.633744,1,0,0,1,1,1,0,1,0
3597.068616,0,0,1,1,1,0,1,1,0
3597.511666,1,1,1,0,1,1,1,0,0
3598.475046,0,1,1,1,1,1,0,1,0
3598.659437,0,0,0,1,0,0,0,0,1
3599.553816,0,1,0,1,0,1,1,1,1
3599.556382,0,0,1,0,0,1,1,0,0
3600.373509,0,0,1,1,1,1,1,0,0
3600.555723,1,1,0,0,0,1,1,1,1
3601.246508,1,1,0,0,0,1,0,1,0
3601.831015,1,1,0,1,1,1,0,0,0
3602.119512,0,0,0,1,0,1,1,1,1
3602.554667,0,0,0,1,0,1,1,0,1
3603.083985,0,1,0,0,1,1,0,0,1
3604.023761,1,1,1,0,1,0,1,0,1
3604.210439,1,0,1,0,1,0,1,0,1
3604.563360,1,0,0,0,0,1,1,1,1
3605.549675,0,1,0,1,0,1,0,1,0
3605.622866,0,0,1,0,1,1,1,1,1
3605.930011,1,1,1,1,0,1,0,0,0
3606.341978,0,0,0,0,1,1,1,0,0
3606.487536,0,1,1,1,0,1,1,1,0
3606.768438,1,1,1,0,0,1,0,1,1
3607.728719,0,1,1,0,0,1,0,0,0
3607.905342,0,0,1,0,1,0,0,1,0
3608.651542,1,0,0,1,0,0,0,1,0
3608.777824,0,0,0,0,0,0,1,1,0
3608.912508,0,1,1,0,0,1,0,1,0
3609.573104,0,0,0,1,1,0,0,1,0
3609.652075,1,0,1,1,0,1,0,1,1
3610.403971,1,1,0,0,1,0,1,1,1
3611.104271,0,1,0,0,0,0,1,0,0
3611.262648,1,0,0,1,1,0,0,1,1
3611.337259,0,0,1,1,0,0,1,0,0
3612.210574,0,0,0,1,1,1,1,1,0
3613.119924,0,1,0,1,1,0,1,0,1
3613.629506,1,1,1,1,1,1,1,0,0
3613.811831,1,0,1,1,1,1,1,0,0
3614.524989,1,0,0,0,0,1,0,0,1
3615.256837,0,1,1,0,1,0,0,1,0
3615.781835,0,0,1,1,0,0,1,1,0
3616.725878,1,1,0,0,0,1,0,0,1
3617.354059,1,1,0,0,0,0,1,1,0
3617.970605,1,0,1,0,1,1,0,1,1
3618.205413,1,1,0,0,0,0,0,0,0
3618.820257,1,0,1,1,1,1,1,0,1
3619.546478,0,1,1,1,0,0,1,1,1
3619.700728,0,0,1,0,0,0,0,0,1
3619.989575,1,1,1,0,1,1,1,1,0
3620.321569,0,0,1,1,1,0,0,0,1
3621.137662,1,1,1,0,0,0,1,1,1
3621.923129,1,0,0,1,1,0,1,1,1
3622.706221,0,1,0,1,0,1,1,1,0
3622.739671,0,0,1,0,0,1,1,0,1
3623.260769,1,0,0,1,1,1,0,0,1
3624.129753,1,0,1,1,0,1,0,1,0
3624.584492,0,1,0,1,1,0,0,0,1
3625.422225,0,1,1,1,0,0,1,1,0
3626.245319,0,1,0,0,0,1,1,0,0
3627.089334,1,0,1,0,1,0,1,0,1
3627.185248,1,1,0,1,1,0,0,1,1
3628.065121,1,1,0,1,1,1,0,0,0
3628.894224,0,1,1,0,0,1,1,1,1
3629.503887,1,0,0,0,1,0,1,1,0
3629.804587,0,1,1,1,0,0,1,0,0
3630.685787,1,1,1,0,1,1,0,0,1
3630.951953,0,0,1,0,0,0,0,0,1
3631.581687,1,1,1,1,1,1,1,1,1
3632.092594,0,1,1,1,0,0,1,1,0
3632.244386,0,0,1,0,1,0,1,1,1
3632.448376,1,0,1,1,1,0,0,0,1
3633.218876,1,0,0,1,0,1,0,0,1
3633.815831,1,1,0,0,1,1,0,0,0
3634.013257,1,1,0,1,0,0,1,1,0
3634.210282,0,0,1,1,1,1,1,0,1
3635.179515,0,0,0,0,1,0,1,0,1
3636.081422,0,1,1,1,0,0,1,1,0
3636.475879,1,1,1,1,1,1,0,0,1
3637.416910,1,0,1,1,0,0,0,0,0
3638.154383,0,0,1,0,1,1,0,0,1
3638.781948,1,1,0,0,1,1,0,1,1
3639.416423,0,1,1,1,0,1,0,1,0
3640.195681,1,1,0,0,0,0,0,0,0
3640.533300,1,0,0,0,0,1,0,1,1
3641.109680,0,0,1,0,1,1,1,0,0
3641.341625,0,0,1,0,1,0,0,1,1
3642.152879,1,1,0,1,1,0,0,0,0
3642.741325,1,1,1,1,1,0,1,1,1
3643.494608,0,1,0,1,1,1,0,1,1
3644.126337,1,0,1,0,1,1,0,1,0
3644.205448,0,0,0,0,1,0,0,0,1
3645.140187,0,0,0,0,0,1,0,1,1
3645.187100,1,1,0,1,1,0,1,0,0
3645.772163,1,1,0,0,1,0,0,0,1
3645.999740,1,1,1,0,1,0,1,0,1
3646.422193,1,1,0,0,0,0,0,0,1
3646.810561,0,1,0,0,1,1,1,0,0
3647.611719,1,0,1,1,0,0,0,0,1
3648.310595,1,0,0,0,0,0,0,1,0
3648.464162,0,1,0,0,0,0,0,0,1
3649.015287,0,0,1,0,1,1,1,0,0
3649.523551,1,0,1,0,0,1,1,0,1
3650.314600,0,1,0,0,0,1,1,0,0
3650.781141,0,0,0,0,1,0,1,1,1
3650.929881,1,1,1,1,0,0,1,1,0
3651.038012,0,1,1,1,1,0,0,1,1
3651.647099,1,1,1,1,1,1,0,0,1
3652.023082,0,1,0,1,1,1,0,0,0
3652.115814,0,0,1,1,0,0,1,1,1
3652.892203,1,1,0,0,0,1,1,1,0
3653.715297,0,1,1,0,0,1,1,1,1
3654.221246,1,1,0,1,0,1,0,0,0
3654.252101,0,0,1,0,1,1,1,0,1
3654.658004,0,0,1,1,1,1,0,0,0
3655.410828,1,1,0,0,1,0,1,0,0
3655.453753,0,0,1,1,0,1,0,1,1
3655.545571,0,0,1,0,1,0,0,0,1
3655.572861,0,1,1,0,1,1,0,0,1
3656.459079,0,0,1,1,0,1,1,0,1
3657.200880,0,0,1,1,0,0,0,0,1
3657.650517,1,0,1,0,0,0,0,0,0
3658.108745,0,0,0,0,1,0,0,0,1
3658.476815,0,0,1,1,0,0,0,0,0
3658.673575,1,1,1,1,1,0,0,0,1
3658.784741,0,1,1,0,1,1,0,1,0
3659.351212,1,1,0,0,0,1,0,0,0
3660.141601,0,1,1,0,1,0,1,0,0
3660.519315,1,1,0,1,0,0,1,1,1
3661.089349,1,1,1,1,0,1,1,0,1
3661.548907,1,0,0,0,0,1,0,1,1
3662.302400,1,0,0,0,0,1,1,0,1
3662.682874,0,1,1,1,1,0,1,1,1
3663.534733,1,0,0,1,1,0,0,1,0
3664.368233,0,0,1,0,0,0,1,1,0
3664.929251,1,0,1,1,0,0,1,1,1
3665.876466,0,0,1,1,1,1,1,0,1
3666.566139,0,0,0,0,1,0,0,0,1
3666.885838,1,1,0,0,0,1,1,1,1
3666.919379,0,0,1,0,0,1,0,0,0
3667.120728,1,0,0,1,0,0,1,0,0
3668.046877,0,0,1,0,1,1,0,0,1
3668.687067,0,1,1,1,0,0,1,0,0
3668.964387,1,1,1,0,0,0,0,1,1
3669.026328,0,0,0,1,1,1,1,0,1
3669.967128,0,1,1,1,1,0,0,1,0
3670.081771,1,1,0,0,1,1,0,0,1
3670.936332,0,0,0,1,1,0,0,1,1
3671.165813,0,0,1,0,0,1,1,1,0
3671.370776,1,1,1,0,1,0,1,0,1
3671.405704,0,1,1,1,0,1,0,1,1
3671.670440,1,0,1,1,1,1,0,1,0
3672.491775,1,1,1,1,1,1,1,0,0
3672.784880,0,1,0,1,0,1,0,0,0
3673.310355,0,0,0,0,0,1,0,1,0
3673.710955,0,1,0,1,0,0,1,1,1
3674.364528,0,0,0,1,1,0,0,1,0
3675.273710,1,0,1,1,1,1,0,0,1
3675.877554,1,1,0,1,0,0,1,0,0
3676.434735,0,0,1,0,1,1,0,0,0
3676.478048,1,0,1,0,0,1,1,0,0
3677.224017,0,0,0,1,1,1,1,0,0
3678.016907,1,0,0,1,1,1,0,1,1
3678.764325,1,1,1,0,1,1,1,1,1
3678.780622,0,1,0,1,0,1,1,0,0
3679.589721,1,0,1,1,1,1,1,0,1
3680.324541,1,0,1,0,1,0,0,0,0
3680.421598,1,1,1,0,0,0,0,0,1
3681.384042,1,0,1,1,0,1,0,1,1
3681.615424,0,1,1,0,0,0,1,1,1
3682.045263,1,0,0,1,1,0,0,0,0
3682.151420,0,1,0,0,1,1,1,0,0
3682.521282,1,1,0,0,1,0,1,1,0
3683.227013,1,1,0,1,1,0,1,0,1
3684.159460,1,1,0,0,1,0,1,1,0
3684.188883,1,0,0,1,1,0,1,1,1
3684.571597,0,1,0,0,1,1,0,0,0
3684.661004,1,1,0,0,1,1,1,0,0
3685.115076,0,1,0,0,0,0,1,1,0
3685.987694,0,0,0,1,0,0,1,1,1
3686.597281,1,1,1,1,0,0,1,1,1
3686.900499,1,1,0,0,0,0,1,1,1
3687.198499,0,1,0,1,0,1,0,1,0
3687.672262,1,1,0,1,0,1,1,1,1
3688.364877,0,1,0,1,1,0,0,1,1
3688.476422,1,0,0,1,1,1,1,1,0
3689.436462,0,0,0,0,1,1,0,1,1
3689.799811,0,0,1,0,0,1,0,1,0
3690.018176,0,0,0,0,0,1,0,1,0
3690.095742,0,0,1,0,1,0,1,1,1
3690.267899,0,0,0,1,0,1,0,0,0
3690.726219,1,1,1,0,0,1,1,1,0
3691.046899,0,0,1,1,1,0,0,1,0
3691.790212,0,0,1,0,0,0,1,1,0
3692.173876,0,0,1,1,0,1,1,1,1
3692.492740,1,1,0,1,1,1,0,1,0
3693.114014,1,1,0,0,0,1,1,0,1
3693.809212,1,1,1,1,0,1,0,1,0
3694.224797,0,0,0,1,1,0,1,0,1
3694.867843,1,1,1,0,0,0,0,0,0
3695.337547,1,0,0,1,0,0,0,0,0
3695.838047,1,0,1,0,1,1,0,1,1
3695.941560,0,1,1,1,1,1,0,0,0
3696.907460,0,0,1,1,0,1,1,1,0
3696.941344,1,0,0,0,1,1,1,1,0
3697.151024,0,1,0,0,0,1,0,1,1
3698.048034,0,1,1,1,1,1,1,0,0
3698.119198,1,1,1,0,0,1,1,0,1
3698.446471,1,0,1,1,0,1,1,0,1
3698.827275,0,1,0,1,1,0,0,1,1
3699.248246,1,1,1,0,1,1,0,1,1
3699.419618,1,1,0,0,0,0,1,1,0
3699.689750,1,1,0,0,0,0,1,1,1
3700.229100,1,1,1,0,1,1,1,0,1
3700.982800,1,1,0,1,1,1,1,1,0
3701.680842,1,0,0,0,1,0,0,0,0
3702.298280,0,0,1,0,1,1,1,1,0
3702.835508,0,1,1,0,0,1,1,0,1
3703.659214,0,0,1,0,0,0,0,1,1
3704.229123,1,0,0,0,1,0,1,0,1
3705.154571,1,1,0,0,0,0,0,1,1
3705.617571,1,1,0,1,0,1,0,0,0
3705.967871,0,0,0,1,1,1,0,0,0
3706.541083,1,0,1,0,0,1,0,1,1
3706.838599,1,0,0,1,0,1,1,0,0
3706.998531,0,1,1,0,0,1,0,1,1
3707.533559,0,1,0,1,1,0,1,1,1
3707.555966,1,1,1,1,0,1,0,1,0
3707.586803,1,1,0,0,0,0,0,1,0
3708.100917,0,0,0,0,1,1,1,1,1
3708.996899,1,0,1,0,0,1,1,0,0
3709.350865,1,1,1,0,1,1,0,0,1
3710.104276,1,0,0,1,0,0,0,0,0
3710.490137,0,0,0,1,1,0,0,0,0
3710.651976,0,1,1,1,1,1,0,1,0
3710.763210,0,0,1,0,0,1,1,0,1
3710.887094,1,0,0,1,1,0,1,0,0
3711.080976,0,1,0,0,0,1,0,0,1
3711.086121,1,1,1,1,1,0,0,1,0
3711.866905,1,0,0,1,0,0,0,1,1
3712.457623,0,0,1,0,0,0,1,0,1
3712.701623,1,0,1,0,1,1,1,1,0
3713.099285,0,0,1,0,0,1,0,0,0
3713.313969,0,1,1,0,1,0,1,0,1
3713.690410,0,0,1,0,1,1,1,0,1
3714.623363,1,0,1,0,1,1,0,0,0
3715.470552,0,0,0,1,1,1,0,0,0
3715.710973,0,1,1,0,1,1,0,1,1
3716.161085,0,0,0,1,1,0,1,1,1
3716.506978,1,1,1,1,1,1,1,0,0
3716.775470,0,1,1,0,0,0,0,1,0
3716.893374,0,1,0,0,1,1,1,1,0
3717.804630,1,1,0,1,1,1,0,1,1
3717.929908,0,0,1,1,1,1,1,1,0
3718.076731,0,0,0,0,0,1,0,1,0
3718.445455,1,1,0,1,1,0,1,1,0
3719.240481,1,0,0,0,1,1,0,1,1
3719.530520,0,0,1,0,0,1,1,1,1
3720.345477,1,1,1,0,1,1,0,1,0
3720.913394,0,1,0,1,0,0,0,0,0
3721.023798,1,0,0,0,0,1,1,1,0
3721.203682,1,0,1,1,1,0,0,1,1
3721.814328,0,1,0,1,1,0,0,1,0
3722.755564,1,0,1,1,1,1,1,0,1
3723.497648,1,1,0,1,0,1,1,1,1
3724.195808,0,1,1,1,0,1,1,0,1
3724.507435,1,1,0,0,1,0,0,0,0
3725.305475,0,0,1,0,0,1,1,1,1
3726.146171,1,0,1,0,1,0,0,0,1
3726.925439,0,1,0,0,0,0,1,1,0
3727.457553,1,0,0,0,0,1,0,1,1
3728.081231,1,1,1,0,1,1,0,0,0
3728.239162,0,0,1,0,0,1,0,1,0
3728.287500,1,0,0,0,0,0,0,0,0
3728.969846,1,1,0,0,1,1,1,0,1
3729.867384,1,1,1,1,0,1,1,1,0
3729.945807,0,1,1,0,1,1,1,0,1
3730.356328,0,0,0,0,1,1,1,0,0
3731.123887,1,1,1,0,1,0,0,1,1
3731.246370,1,1,0,0,0,1,1,0,1
3731.960941,1,1,1,1,0,1,1,0,0
3732.700034,1,0,1,0,1,1,1,1,1
3732.773878,0,1,1,0,0,0,1,0,1
3733.168947,0,1,0,0,1,0,0,1,0
3733.956185,0,1,0,1,1,0,0,1,1
3734.767127,1,0,0,1,1,0,1,1,0
3734.865821,1,1,0,0,0,0,0,0,1
3735.778530,0,1,1,0,0,1,1,1,0
3736.685386,0,1,0,1,1,0,0,1,1
3737.615858,0,0,0,1,0,0,0,0,1
3738.302055,1,0,1,1,1,0,0,0,0
3738.623047,0,0,0,1,1,1,1,0,0
3738.686249,0,0,1,0,1,1,1,1,0
3738.975644,1,0,0,0,0,1,1,0,1
3739.725894,1,1,1,0,1,0,1,1,0
3740.682187,0,0,0,0,1,0,0,0,1
3741.474409,0,0,0,1,0,1,0,0,1
3741.520525,0,1,1,1,0,0,1,0,1
3742.270775,1,1,0,0,0,0,0,1,0
3742.587169,1,1,0,1,0,0,1,1,1
3743.252931,1,0,1,1,0,0,1,1,0
3743.964595,1,0,1,1,0,1,0,1,0
3743.965595,0,1,1,1,1,0,1,0,1
3744.536273,0,0,1,0,1,0,1,1,1
3745.344514,1,1,1,0,1,1,1,1,1
3745.953738,1,1,0,1,0,1,0,0,0
3746.637388,1,1,1,1,0,1,1,0,0
3747.517508,1,0,0,1,1,1,0,0,0
3748.203102,1,1,1,1,0,0,1,1,0
3748.613113,1,1,1,0,1,1,0,1,1
3749.013713,1,1,0,1,0,0,0,0,1
3749.087712,1,1,1,0,0,0,1,0,0
3750.073837,1,1,0,1,1,0,1,1,0
3750.633261,0,1,1,0,1,1,1,0,1
3750.812028,0,1,0,1,0,0,0,1,0
3751.663443,1,1,0,1,0,1,0,1,1
3752.520728,1,1,0,1,0,1,0,0,1
3752.779283,0,0,0,1,1,1,0,1,0
3752.834774,1,0,1,1,1,1,1,1,0
3753.484356,0,1,1,0,0,1,0,0,1
3754.321446,0,0,1,0,0,0,1,0,0
3754.907070,1,0,0,0,1,1,1,0,1
3755.903257,0,0,1,1,1,1,1,1,1
3756.320343,0,1,1,0,1,0,1,0,0
3757.255345,1,0,0,1,1,0,0,0,1
3757.407796,1,0,1,1,1,1,0,0,0
3757.456368,0,1,0,1,0,0,0,0,1
3758.174882,0,0,0,1,0,1,0,1,1
3758.626384,1,1,1,0,1,1,0,0,0
3758.805424,1,0,1,0,1,0,0,0,1
3759.538695,0,1,0,0,1,0,0,1,0
3760.507798,1,1,0,0,1,0,1,1,0
3760.786715,0,0,1,1,0,0,0,1,1
3761.520090,1,0,0,0,0,0,0,0,1
3761.685239,0,0,1,1,0,0,0,0,0
3762.440143,1,0,0,0,0,1,0,0,0
3762.552260,1,0,1,1,1,1,1,1,0
3762.565748,0,0,0,0,0,1,0,0,1
3763.066248,0,0,1,0,1,0,0,0,0
3763.870831,0,0,0,0,0,1,0,0,1
3764.380231,1,1,1,0,0,1,0,1,1
3764.885596,0,1,0,1,0,0,1,1,0
3765.410220,0,1,0,0,1,0,1,0,1
3765.797767,0,1,1,0,0,0,1,0,1
3766.100588,1,1,0,0,1,0,1,1,0
3766.709732,1,0,0,1,0,0,1,0,0
3766.917543,0,1,0,1,0,1,0,1,1
3767.646920,1,0,1,1,1,0,1,1,1
3768.246054,0,1,0,1,1,1,0,1,0
3769.237461,0,1,0,1,0,0,1,1,1
3769.300399,0,1,1,0,1,1,1,1,1
3769.818323,0,1,1,0,0,1,0,1,1
3770.499998,1,0,0,0,0,1,1,0,0
3771.250248,1,1,0,0,1,0,0,1,1
3771.916812,1,0,0,1,1,0,1,1,0
3772.249250,0,0,1,0,1,1,0,0,0
3772.963822,1,0,1,1,1,1,1,0,0
3773.901840,0,0,1,0,1,0,0,1,1
3774.106477,0,1,1,0,1,0,1,1,1
3774.294186,0,0,0,0,0,1,0,1,1
3774.779498,1,1,1,0,0,1,1,1,0
3775.248115,1,1,0,0,1,0,0,0,1
3775.810197,0,1,1,1,1,0,0,0,0
3776.266950,0,1,0,1,1,0,1,0,1
3776.830796,0,0,1,1,0,1,0,0,1
3777.543904,1,0,0,1,0,0,1,0,0
3778.266954,0,1,0,1,0,1,1,1,1
3778.908963,1,0,1,1,0,1,1,1,0
3778.909963,1,0,0,1,0,0,0,0,0
3779.195913,0,1,0,1,0,0,0,0,0
3779.594943,1,1,0,0,1,0,0,1,0
3779.797404,0,1,1,1,1,1,0,1,1
3780.420528,0,1,1,0,1,0,0,1,0
3781.175901,0,0,0,0,0,1,0,0,0
3781.531044,1,0,0,1,0,1,1,1,0
3782.100103,1,0,0,1,1,0,1,0,1
3782.765636,0,1,0,0,1,1,0,1,0
3783.126812,1,0,0,1,1,0,1,1,1
3783.982484,1,0,0,1,1,0,1,1,1
3784.902846,1,1,0,1,0,0,1,0,0
3785.428500,1,0,0,1,1,0,1,0,0
3786.054155,0,0,0,1,0,0,0,1,0
3786.284796,1,0,0,0,0,0,0,0,0
3787.125347,0,1,0,0,0,1,1,0,0
3787.732482,0,0,0,0,0,0,1,1,0
3788.594641,1,0,0,1,1,0,0,0,1
3789.012512,1,0,0,1,0,1,0,0,1
3789.227670,1,0,0,1,0,0,0,0,1
3789.974006,1,1,1,1,0,1,1,1,0
3790.217833,0,0,0,1,0,1,0,0,0
3790.399140,1,0,0,0,0,1,0,1,1
3790.966737,0,1,0,0,1,0,0,1,1
3791.292993,0,0,0,0,0,1,1,0,1
3791.435833,1,0,0,1,1,0,1,1,0
3792.190527,1,0,0,1,0,1,0,0,0
3793.063097,1,1,1,1,0,0,1,1,0
3793.693337,1,1,0,0,0,1,1,0,0
3794.627014,1,0,1,0,1,1,1,0,0
3795.460514,0,0,0,1,1,1,0,0,1
3795.500298,0,1,0,0,1,0,1,1,0
3795.727126,0,0,1,0,1,1,0,1,1
3796.035158,0,1,0,1,0,0,1,0,1
3796.433318,1,0,0,0,1,1,1,0,0
3796.767318,1,0,0,0,0,0,1,0,1
3797.036343,0,1,1,0,1,1,1,1,0
3797.589700,1,0,1,1,0,1,0,1,1
3797.640417,1,1,0,0,0,0,0,0,0
3798.073417,1,1,0,1,1,1,0,1,1
3798.767210,1,1,0,0,1,1,1,1,0
3799.412835,1,1,0,0,1,0,0,0,1
3799.659609,1,0,0,0,1,0,1,0,1
3799.685971,0,1,1,1,0,1,0,1,0
3800.160635,0,0,1,0,0,1,0,1,0
3800.783618,0,0,0,0,1,1,1,1,1
3801.136922,0,1,0,0,1,0,0,0,0
3801.986130,1,0,1,0,1,1,1,0,0
3802.982893,0,0,0,0,0,0,0,0,1
3803.561012,1,0,0,0,0,0,1,0,0
3804.422361,1,1,0,1,0,1,1,0,1
3804.501444,0,1,1,0,1,0,1,0,1
3805.390444,1,1,0,0,1,0,1,1,0
3805.536159,1,0,0,1,0,1,1,0,1
3805.800053,1,1,1,1,0,1,0,0,1
3806.761146,1,1,1,0,1,0,1,0,1
3807.372646,0,1,1,0,0,0,1,1,1
3808.367002,0,1,0,1,1,0,0,0,1
3808.949199,1,0,1,0,1,1,0,1,1
3809.105553,0,1,1,0,0,1,1,0,1
3810.054716,1,1,1,1,1,1,0,1,1
3810.192918,1,0,1,1,0,0,1,1,1
3810.993427,0,1,0,0,0,0,0,1,0
3811.228734,1,1,1,1,0,1,0,0,1
3811.937359,1,0,0,1,1,0,1,0,0
3812.248481,1,0,0,0,0,0,0,0,0
3812.910067,0,1,0,1,1,0,0,1,1
3813.586447,1,1,1,0,1,1,1,0,1
3814.388905,0,1,0,0,1,0,1,1,1
3815.281824,0,0,1,0,1,0,1,0,0
3815.529330,1,0,1,0,1,1,0,1,0
3816.288647,0,0,0,0,0,1,1,0,1
3816.447565,0,1,1,0,0,0,0,1,1
3817.019769,0,0,1,1,1,0,0,0,0
3817.358777,0,0,0,0,0,0,1,0,0
3817.692777,1,1,0,1,1,0,0,1,0
3817.763954,1,1,1,1,0,1,1,0,1
3817.790791,0,1,0,1,1,0,0,0,0
3818.371946,0,1,0,1,0,1,1,1,0
3818.757882,1,0,1,0,1,0,1,1,0
3819.227453,0,1,0,1,1,1,0,1,1
3819.342346,0,0,1,1,1,1,1,0,0
3819.444295,1,0,0,1,1,0,0,0,1
3819.810953,1,0,0,1,1,1,0,1,0
3820.677159,1,0,1,0,0,1,1,0,0
3821.126985,1,1,1,1,1,0,1,0,0
3821.980977,1,0,0,1,1,0,1,0,1
3822.736656,0,0,0,0,0,1,0,0,0
3823.242173,0,1,1,1,1,0,0,1,0
3823.248849,1,1,1,0,1,0,0,1,0
3823.954062,1,0,0,0,0,1,0,1,0
3824.224502,1,0,0,1,0,0,1,1,0
3824.562979,1,0,1,1,0,0,0,0,0
3824.656851,0,0,0,1,1,1,0,1,1
3824.719452,0,1,1,0,1,0,0,1,1
3824.929514,0,1,0,1,0,1,1,0,0
3825.913170,1,1,0,1,1,0,0,0,0
3826.621795,1,0,0,0,1,1,0,0,0
3827.152568,1,0,0,1,0,1,1,0,1
3827.507304,0,1,1,1,0,1,1,1,0
3828.407232,1,0,0,1,1,1,0,1,0
3828.685557,0,1,0,1,1,1,0,1,0
3829.660970,1,0,0,1,0,1,1,0,1
3829.794382,1,0,0,1,0,1,0,1,1
3830.130710,0,0,0,0,0,0,1,1,0
3830.509537,1,1,1,0,0,1,1,1,0
3830.712394,0,1,0,0,0,0,0,0,0
3831.533765,1,0,0,0,0,1,1,0,0
3831.694483,0,1,1,1,1,0,0,0,1
3832.468903,1,1,1,1,0,0,0,0,1
3833.059403,0,0,0,0,1,0,0,1,1
3833.669317,0,1,0,1,1,1,1,1,0
3834.019633,1,0,1,0,1,1,0,0,1
3835.000695,1,1,0,0,0,1,1,0,0
3835.681570,0,1,1,1,1,1,0,1,0
3836.339055,1,1,1,1,0,1,1,1,1
3836.638684,0,1,0,1,0,1,0,0,1
3836.778274,0,0,0,0,1,1,1,0,1
3837.135096,1,1,0,0,0,0,0,1,1
3837.950622,1,0,1,0,0,1,0,0,0
3837.987380,1,1,0,0,0,1,1,1,1
3838.684617,1,1,0,0,1,0,1,1,0
3839.067951,1,0,0,0,1,0,0,1,1
3840.032706,0,0,1,0,1,1,0,1,0
3840.840238,0,1,1,0,1,0,0,0,1
3840.926867,1,1,1,0,0,0,1,0,0
3841.413619,0,1,1,1,0,1,1,0,1
3841.995377,0,1,0,0,1,1,0,0,0
3842.952475,1,1,1,0,1,1,0,0,0
3843.053375,0,0,0,0,0,0,0,1,0
3843.865316,1,1,1,1,1,1,1,0,0
3844.265916,1,1,1,0,1,0,1,0,1
3844.698916,0,1,1,1,0,1,1,1,1
3844.801854,0,1,0,1,1,1,1,0,0
3845.380520,0,0,0,0,0,0,1,0,0
3845.386874,0,0,1,1,0,0,1,1,1
3845.917989,0,1,1,1,0,0,0,1,0
3846.843452,1,1,0,0,1,0,1,0,1
3847.836433,0,1,0,1,1,1,1,1,0
3848.801358,1,1,0,1,1,0,0,0,1
3849.620151,1,0,1,1,0,1,1,0,1
3850.523001,0,0,0,0,1,1,0,1,1
3851.469406,0,0,1,0,1,1,1,1,0
3852.099757,1,0,0,1,1,1,0,0,0
3852.488084,1,0,0,0,1,1,0,1,1
3853.403096,1,1,0,1,0,0,0,0,1
3853.875500,1,1,0,1,1,0,1,0,0
3854.342158,1,0,0,0,1,0,1,0,1
3854.576411,0,0,0,0,0,1,1,0,1
3855.493598,1,0,1,0,0,0,1,0,0
3856.164005,1,1,1,0,1,0,1,0,0
3856.320405,0,1,1,1,0,1,1,1,0
3857.112552,0,0,1,1,0,0,1,0,0
3857.824774,1,1,0,0,1,0,0,1,1
3858.359283,1,0,1,1,1,1,1,0,0
3858.879947,0,1,0,1,1,0,0,0,1
3859.174360,1,0,0,0,1,0,1,0,0
3859.521951,1,1,1,0,0,1,1,0,0
3860.113849,0,1,0,0,0,1,1,1,0
3860.124740,1,1,1,1,1,1,0,1,1
3860.309529,1,1,1,1,1,1,0,1,0
3860.672236,1,0,1,1,0,1,1,1,0
3861.406877,1,0,1,0,1,1,0,1,0
3862.201002,0,1,1,1,0,1,0,1,1
3862.552301,1,1,0,0,0,0,0,0,0
3863.064138,0,0,1,0,1,1,0,1,0
3863.972545,0,0,1,1,1,0,1,1,1
3864.792003,0,0,0,1,0,0,0,0,0
3865.579744,1,0,1,1,0,0,1,0,1
3865.801351,0,0,0,0,1,0,1,1,1
3866.774351,1,1,1,0,1,1,0,1,1
3866.810800,0,0,1,1,0,0,1,1,0
3866.894394,0,1,0,1,1,0,1,1,1
3867.567367,0,1,1,1,0,0,1,1,1
3868.210582,1,0,1,0,0,0,0,1,1
3868.283771,1,0,0,1,0,0,0,1,0
3868.553252,1,1,1,1,0,0,0,1,1
3869.206271,1,0,0,1,0,1,1,0,0
3869.462571,1,0,1,1,1,1,1,1,1
3869.855995,0,1,1,0,1,0,1,0,1
3870.643221,0,1,1,1,1,0,0,0,0
3871.087386,1,0,0,0,0,0,1,0,0
3871.795371,0,1,0,1,1,0,0,0,0
3872.100919,0,1,1,1,1,0,0,0,0
3872.881512,1,1,0,1,0,0,0,1,0
3873.630959,1,0,1,1,0,0,0,0,0
3874.431159,1,1,0,0,1,1,0,0,0
3875.238087,0,1,1,0,1,1,0,0,1
3875.275414,1,1,1,0,1,1,0,0,0
3875.515169,1,0,0,0,0,1,1,1,0
3875.516169,1,1,1,0,1,1,1,1,1
3875.760319,0,0,0,1,0,0,1,0,1
3876.390083,1,1,1,0,0,1,0,1,1
3876.651416,0,0,0,0,1,0,1,0,0
3876.991526,0,1,1,0,1,1,1,0,0
3877.037935,1,0,0,1,1,0,1,1,1
3877.524935,1,0,1,1,0,1,1,1,0
3877.598002,1,1,0,1,1,1,0,0,0
3877.830372,1,1,1,0,1,1,1,0,1
3878.444551,0,1,0,0,0,1,1,1,1
3879.276780,1,0,0,0,1,1,1,1,0
3879.288259,1,1,0,1,0,1,0,1,0
3880.066463,1,0,0,0,0,0,0,1,0
3880.926161,0,0,0,0,0,1,1,0,0
3881.210608,0,0,0,1,1,1,1,0,1
3881.801379,1,1,1,0,1,0,1,1,1
3882.378725,1,0,1,0,0,0,0,1,0
3883.057945,1,0,1,1,1,0,0,1,0
3883.733794,1,1,1,0,0,1,0,0,0
3884.484044,0,1,1,1,0,0,0,1,0
3884.625047,0,1,0,1,0,1,0,1,1
3885.260547,1,0,1,0,0,0,1,1,0
3885.846093,1,0,1,0,0,0,1,1,1
3886.444322,0,0,1,0,1,0,1,1,0
3886.932795,1,0,1,1,1,0,0,1,0
3887.188086,1,0,0,1,0,1,0,0,0
3888.084963,1,0,0,0,1,1,1,1,0
3888.141463,0,0,0,1,0,1,1,0,1
3888.717172,1,1,0,1,0,1,0,0,1
3888.830089,0,1,1,0,0,0,0,0,1
3888.942089,0,0,0,1,1,0,1,1,1
3889.738211,0,1,0,0,1,0,1,0,1
3890.170597,0,1,1,0,1,1,1,0,1
3890.933211,0,0,1,1,1,1,1,1,0
3891.383393,0,0,0,1,1,1,1,0,0
3892.193163,1,0,0,1,0,1,0,0,0
3893.026663,0,0,0,1,1,1,0,0,1
3893.422683,1,1,0,1,0,0,1,0,0
3893.792362,1,0,1,0,0,0,0,1,1
3894.639972,0,1,1,0,0,0,0,0,0
3894.992233,1,0,1,1,1,1,1,1,1
3895.136541,0,1,0,0,0,1,0,0,1
3895.886791,0,1,1,0,1,1,0,0,0
3896.702992,1,0,1,1,1,1,0,0,1
3897.626797,1,1,1,0,1,0,1,1,0
3898.329659,1,0,1,0,0,0,1,1,0
3898.435870,0,1,0,0,1,1,1,1,0
3898.436870,0,1,1,0,1,1,1,0,0
3898.975793,0,0,0,0,1,1,0,0,1
3899.284408,1,1,1,0,0,1,0,1,0
3899.728467,1,1,1,1,1,0,1,1,0
3900.722215,0,0,0,0,0,1,1,1,0
3901.599889,0,0,0,1,1,1,0,0,1
3902.198485,1,1,1,1,0,0,0,0,1
3902.253952,0,0,1,1,0,0,1,1,1
3903.157322,1,0,1,0,0,0,1,0,1
3903.248361,0,1,1,0,1,0,0,1,1
3903.457486,0,0,0,0,0,0,0,1,0
3904.062048,0,0,1,1,0,0,0,0,0
3904.539494,0,1,0,0,1,0,0,1,0
3905.365475,1,0,1,1,1,1,0,1,1
3905.486164,1,1,1,1,1,1,0,0,0
3906.317854,1,0,1,0,1,1,1,0,0
3906.545686,1,1,0,0,1,0,0,0,0
3907.301139,0,1,1,1,0,1,1,1,0
3908.169402,1,0,0,0,1,0,0,1,1
3908.707629,0,1,0,0,1,1,0,1,1
3908.748911,1,1,1,0,0,1,0,0,0
3909.598735,0,0,1,0,1,1,1,1,0
3910.572445,1,1,0,0,1,0,1,1,0
3910.845165,1,0,0,0,1,1,1,1,0
3911.771074,0,0,0,1,1,1,0,0,0
3911.938223,1,1,0,1,1,0,0,1,0
3912.147610,0,0,1,0,1,1,1,1,1
3913.124531,0,0,0,1,0,1,1,1,0
3914.074581,1,1,0,1,1,1,1,1,0
3914.301769,0,1,1,1,0,1,1,1,1
3914.764571,0,1,0,1,1,0,1,0,0
3915.059092,1,1,0,0,0,1,0,1,0
3915.388090,0,0,0,0,1,1,1,0,1
3915.867968,0,0,1,0,0,0,0,1,1
3916.777150,0,1,0,1,1,1,1,0,1
3917.570889,0,0,0,0,0,1,1,1,1
3918.328769,1,1,1,1,0,1,0,1,0
3918.387287,1,0,0,0,1,0,0,1,1
3919.050448,1,1,0,1,1,1,1,0,1
3919.846639,0,0,1,1,1,1,0,0,0
3920.744639,1,0,1,1,0,1,0,1,1
3921.665771,0,1,0,1,0,0,0,0,0
3921.970814,1,0,1,0,1,0,0,0,0
3922.116043,0,0,0,0,1,0,1,1,1
3922.577912,0,1,1,1,1,0,0,1,1
3922.784081,1,1,1,0,0,0,0,0,0
3923.495000,0,0,1,1,0,1,1,0,1
3924.061805,1,0,0,0,0,1,0,1,1
3925.041417,1,0,0,0,1,0,1,0,0
3925.258201,0,0,1,0,1,1,1,0,1
3925.525393,1,1,0,1,0,1,1,0,0
3926.393172,1,1,0,0,0,1,0,1,1
3926.784116,0,1,0,1,0,0,0,1,0
3927.065852,1,0,0,0,1,0,1,1,1
3927.867386,0,0,0,0,1,1,0,0,0
3928.134123,0,0,0,1,1,0,0,0,1
3928.274057,1,1,1,0,1,0,1,0,1
3929.230767,0,1,0,1,1,0,1,1,1
3929.326117,1,0,1,1,0,0,1,0,0
3929.884251,0,0,0,0,1,1,0,0,1
3930.434701,1,1,0,0,1,1,0,1,0
3931.222831,0,1,0,1,0,1,0,0,1
3932.020109,0,0,1,1,0,0,0,1,0
3932.662343,1,0,0,1,0,1,1,1,1
3932.914184,1,1,0,0,1,1,1,1,1
3933.394502,1,1,0,1,1,0,0,1,0
3933.407200,1,0,1,0,0,0,1,0,1
3933.505859,1,1,1,0,1,0,0,0,1
3933.801888,1,1,1,1,1,1,1,1,1
3934.078239,1,1,1,0,1,0,1,0,1
3934.970847,1,1,0,0,1,0,0,1,0
3935.623826,1,1,1,1,1,1,0,0,1
3936.569193,0,0,1,0,0,1,1,0,1
3936.806950,0,1,0,1,0,0,1,0,0
3937.405500,0,0,0,0,0,1,1,1,0
3937.975037,1,0,1,1,1,1,0,1,1
3938.442783,0,0,1,1,0,0,0,1,1
3939.099090,0,1,1,1,0,1,0,1,1
3940.005306,0,0,1,1,0,1,0,1,1
3940.945071,1,0,0,0,1,0,1,1,1
3941.277065,0,1,0,1,0,1,1,1,1
3941.963930,1,0,0,0,0,1,0,1,0
3942.331470,1,1,0,0,0,0,1,1,0
3943.046041,0,0,1,1,0,0,1,0,0
3943.259019,1,1,1,1,0,0,1,1,0
3943.792333,1,0,1,1,0,0,1,0,0
3943.869237,1,0,0,1,0,0,0,1,1
3944.651420,1,1,0,0,1,0,1,0,1
3944.884861,1,0,1,0,0,0,0,1,1
3945.678665,0,1,0,0,0,1,1,0,1
3946.265380,1,0,0,0,1,1,1,0,1
3946.576053,1,0,0,1,1,1,1,1,0
3946.788545,0,0,0,0,0,0,1,1,1
3947.252754,1,0,1,1,1,1,1,1,1
3947.569559,1,0,0,1,1,1,1,0,0
3947.848851,1,0,1,0,1,1,0,1,1
3947.849851,0,1,0,0,1,1,1,1,0
3948.738618,1,0,1,1,1,1,1,0,0
3949.062931,1,1,0,0,0,1,0,0,0
3949.657719,1,0,0,0,1,1,1,0,1
3949.746602,1,1,0,1,0,1,1,0,1
3950.716145,1,0,0,0,1,0,0,1,0
3951.144322,1,1,1,0,1,1,0,0,0
3951.599413,1,1,1,1,0,0,1,0,1
3951.789413,0,0,1,1,1,0,1,1,1
3951.796879,1,1,1,1,1,1,1,1,1
3951.865911,1,0,1,1,0,1,0,0,1
3952.448488,1,1,0,0,1,0,0,1,1
3953.206860,0,0,1,1,1,0,1,0,0
3953.225700,0,0,0,0,1,1,1,1,0
3953.235619,1,0,1,0,0,1,1,0,1
3953.620422,1,0,0,1,1,1,1,0,1
3954.531939,0,0,1,0,1,1,0,0,0
3955.287262,0,1,0,1,0,1,1,0,1
3955.516429,0,0,1,1,1,1,0,1,0
3956.001013,0,1,1,0,0,1,0,1,0
3956.054920,0,0,0,0,1,1,1,0,1
3956.782651,0,1,0,0,1,0,1,0,1
3957.249851,0,1,1,0,1,1,0,0,0
3957.387637,0,0,1,1,0,0,1,1,0
3958.219596,1,0,1,0,1,0,1,1,1
3958.259392,0,1,1,0,0,0,0,1,0
3958.901918,0,1,1,1,0,1,0,1,0
3959.802880,0,1,1,1,0,1,1,1,0
3960.734148,1,1,0,0,0,1,1,1,0
3960.984898,0,0,1,1,1,0,1,0,0
3961.490280,0,0,0,1,1,1,0,0,0
3962.039151,1,0,0,0,0,1,0,0,1
3962.964282,0,1,1,1,1,1,0,0,1
3963.953384,0,0,0,1,1,1,0,1,0
3964.646723,0,0,0,0,0,0,1,1,1
3965.607638,1,1,1,0,1,0,0,0,1
3965.735597,1,1,1,1,1,0,0,1,1
3966.261198,0,1,1,1,1,0,1,1,1
3966.832249,0,1,0,0,1,0,1,1,0
3967.450608,0,0,1,0,0,1,1,0,0
3967.715413,0,0,1,1,1,1,1,0,0
3968.565339,1,0,0,1,0,1,1,0,1
3969.386613,0,1,1,1,0,1,0,1,1
3969.394749,0,1,0,1,1,1,1,0,0
3970.194488,0,0,0,1,1,1,0,1,0
3971.102171,0,1,1,0,0,1,0,0,0
3971.557262,1,1,1,1,0,0,0,0,0
3972.453019,1,0,1,1,0,1,0,0,1
3972.782415,0,1,1,1,1,0,0,1,1
3973.544558,1,1,0,1,1,1,1,0,0
3974.461392,1,0,1,0,1,0,1,0,1
3975.197767,1,1,1,1,1,0,1,1,0
3975.791594,1,1,1,1,1,1,0,0,1
3975.886713,0,0,0,0,0,1,0,0,1
3976.526459,0,0,1,1,0,1,1,1,0
3977.140291,0,0,0,1,0,1,0,1,1
3977.234446,1,0,0,1,1,1,1,1,1
3978.005508,1,1,1,0,1,1,1,0,1
3979.000563,0,0,0,1,1,0,0,1,1
3979.183701,1,1,0,0,0,0,0,0,0
3979.697135,0,0,0,1,1,1,0,0,1
3980.284656,1,0,0,1,1,0,1,0,0
3980.516194,1,1,1,1,0,1,1,0,0
3981.050735,0,0,1,1,0,0,0,1,0
3981.178369,1,1,0,0,0,1,0,0,0
3982.059754,1,1,0,1,0,1,0,1,1
3982.814386,0,0,0,0,1,0,1,0,1
3982.815386,0,1,1,0,0,1,1,1,0
3983.318058,0,0,1,0,1,0,1,0,0
3984.040332,0,1,1,1,0,1,1,1,0
3984.296437,0,0,0,1,0,1,1,1,1
3984.559800,0,0,1,0,0,1,0,1,0
3985.334523,0,0,1,0,0,0,0,0,1
3985.682544,0,0,0,0,1,0,1,1,0
3986.002586,1,0,1,0,1,1,1,1,0
3986.045132,1,0,1,0,1,1,1,0,1
3986.923914,0,0,0,1,0,1,0,1,1
3986.949845,0,1,1,0,0,0,1,0,0
3987.386254,0,0,0,1,1,0,1,1,0
3988.103870,1,1,0,1,1,1,1,0,1
3988.511243,1,1,1,1,1,1,1,0,1
3988.805183,0,1,0,1,0,1,0,0,0
3989.105247,1,0,0,1,0,0,1,1,0
3990.024772,0,0,0,1,0,1,1,0,1
3990.984162,1,0,0,0,1,1,0,1,0
3991.546004,0,1,0,1,1,1,0,0,1
3991.586335,1,0,1,1,0,1,0,1,1
3992.323440,1,1,1,1,0,1,0,0,1
3992.935065,1,0,0,0,0,1,0,1,0
3993.882486,1,1,1,0,0,1,0,1,0
3994.186213,1,0,1,1,1,1,1,1,0
3994.733763,0,0,1,1,0,0,0,0,1
3995.497157,0,0,0,1,1,1,1,0,0
3996.435443,1,1,1,1,1,0,1,1,1
3997.272876,1,1,0,0,0,1,0,0,0
3997.735417,0,1,1,1,1,1,0,1,1
3997.790755,0,0,0,1,1,1,0,1,1
3997.991031,1,1,1,1,1,1,1,0,0
3998.230922,0,0,0,0,1,0,1,1,1
3998.737071,1,0,1,1,0,1,0,0,1
3999.081408,0,0,1,0,0,1,1,1,1
3999.738894,1,1,1,1,1,0,1,0,1
4000.141244,0,0,0,1,1,1,0,0,0
4000.187851,1,0,1,1,0,1,0,0,0
4000.730267,1,0,1,1,0,1,1,0,1
4001.379267,1,0,1,1,0,0,1,0,1
4002.046267,1,1,0,0,1,1,1,1,0
4002.257057,0,0,1,1,0,1,1,1,1
4002.822602,1,1,1,0,1,0,1,0,0
4002.969619,1,1,0,1,1,1,1,1,1
4003.480132,1,0,0,0,1,0,0,0,0
4003.534300,1,0,0,0,1,1,1,0,1
4004.352756,0,1,1,1,0,0,1,0,1
4004.967791,0,0,1,0,0,1,1,0,0
4005.060468,0,0,0,1,1,1,1,1,0
4005.703682,0,0,0,1,0,0,0,1,0
4006.642873,0,1,1,1,0,1,0,1,1
4007.490682,0,1,1,1,1,0,0,0,0
4008.307619,0,1,1,0,1,0,1,0,1
4008.910887,0,0,1,0,1,1,1,1,0
4009.747299,0,1,0,0,1,1,1,1,0
4010.472574,0,1,1,1,1,1,0,0,0
4011.233219,1,1,1,1,1,0,0,1,0
4011.629148,1,1,1,0,0,0,1,0,1
4012.561008,1,0,0,1,0,1,0,0,0
4013.191733,1,1,1,1,1,0,1,0,1
4013.854570,0,1,1,0,1,1,0,1,0
4014.837793,1,1,1,0,0,0,0,0,0
4015.534699,0,0,1,0,0,1,0,0,0
4015.904058,1,1,0,1,0,1,1,1,1
4016.105181,0,1,0,1,1,0,1,1,0
4016.805190,0,0,1,0,1,0,0,0,1
4017.164985,1,0,1,0,0,1,1,0,0
4017.973157,0,1,1,0,1,0,0,0,1
4018.282173,0,1,0,0,0,0,0,0,1
4018.454570,1,0,0,1,1,1,0,1,1
4019.299527,0,0,1,1,0,0,0,1,0
4019.735404,1,0,0,1,0,1,1,1,1
4020.580984,1,0,1,0,0,1,1,1,0
4021.494864,0,0,1,0,0,1,1,0,1
4021.638578,1,0,0,0,0,1,0,1,1
4022.541483,0,1,1,0,0,1,1,0,1
4022.542483,1,1,1,0,1,1,0,1,1
4023.386389,0,0,0,1,0,1,1,1,1
4024.045413,0,1,1,1,0,1,0,1,1
4024.133796,1,1,1,0,1,1,1,1,0
4024.289571,1,1,1,0,1,1,0,0,0
4025.049305,0,0,1,1,0,1,0,1,0
4025.917511,0,0,0,0,0,1,1,1,0
4026.232740,0,1,1,1,1,0,0,1,1
4027.191871,1,0,0,1,0,0,0,0,0
4027.861557,1,0,1,0,0,1,0,0,1
4028.052420,0,1,0,0,1,0,0,0,1
4028.632941,0,1,1,1,0,1,0,1,1
4029.532267,1,0,0,0,0,1,0,1,0
4029.600171,1,1,0,1,0,0,1,0,0
4030.507708,1,0,1,1,0,1,1,1,0
4031.431126,1,1,1,0,0,0,0,0,1
4031.660315,0,1,0,0,0,1,1,0,0
4031.891853,1,0,0,1,0,0,1,0,0
4032.863184,1,1,1,1,1,0,1,1,1
4033.523549,0,1,1,0,1,1,1,0,1
4033.661431,0,1,1,0,1,0,1,1,1
4034.048278,1,1,0,1,0,1,0,0,0
4034.573680,0,0,0,0,0,0,1,1,0
4035.572164,1,1,0,1,1,0,0,0,1
4036.202164,0,1,1,0,1,0,1,0,1
4037.098443,0,1,0,1,1,1,1,1,0
4037.975759,1,0,1,0,0,0,0,1,0
4038.005799,0,1,0,1,0,0,0,0,0
4038.703721,0,0,0,0,1,0,0,0,0
4039.592121,1,1,0,0,1,1,1,0,1
4039.654915,0,1,1,1,1,0,0,1,0
4039.686653,0,1,0,0,1,1,1,1,1
4040.285115,0,1,1,0,0,0,1,0,0
4040.411663,1,1,1,0,1,1,0,1,1
4040.571383,0,1,0,0,0,1,1,0,1
4040.622480,1,1,0,0,1,0,1,1,1
4040.875179,0,1,1,0,0,1,1,1,0
4041.721934,0,0,1,1,0,1,1,0,1
4042.096919,0,1,0,1,0,0,1,1,0
4042.561484,0,0,1,1,0,0,1,0,0
4043.159712,0,0,0,0,1,0,0,0,1
4043.293912,0,1,1,1,0,1,1,0,0
4043.731317,0,1,0,1,1,0,0,1,1
4043.932659,0,1,0,0,1,0,0,0,1
4044.019847,0,1,0,0,1,0,1,1,0
4044.291409,0,0,1,0,0,1,1,1,1
4045.123297,1,1,0,0,0,1,0,0,0
4045.129486,1,1,0,0,1,1,1,1,0
4045.899437,1,0,1,0,0,0,0,1,1
4046.563707,1,1,1,1,0,0,1,0,0
4047.366402,0,0,1,0,1,0,1,0,1
4047.852673,0,1,1,1,0,0,1,0,1
4048.802567,0,0,0,0,1,0,0,1,0
4049.445781,1,0,0,0,0,1,0,1,1
4049.944952,0,0,0,0,1,0,1,1,0
4050.622870,1,1,1,1,1,0,1,0,1
4051.305946,1,0,0,0,0,1,1,1,1
4051.405946,1,1,1,0,0,0,1,0,1
4052.101903,1,1,1,1,1,1,0,0,1
4052.519153,1,0,0,1,1,0,0,0,1
4052.780136,0,1,0,1,1,0,1,0,1
4053.483198,0,1,1,1,0,1,0,0,0
4054.365106,1,1,1,0,1,0,0,0,1
4054.753359,1,0,0,1,0,1,0,1,1
4055.646466,0,0,0,0,0,1,0,1,0
4056.230325,1,1,0,1,0,0,0,0,0
4056.595803,0,1,0,1,1,0,0,0,1
4056.641870,1,0,1,1,0,1,0,0,1
4057.318314,0,1,0,0,1,0,0,1,1
4057.504022,1,0,0,1,0,1,1,0,0
4058.376243,1,0,0,1,0,1,1,1,1
4059.142883,0,1,0,1,1,1,1,0,1
4059.509223,0,1,0,0,1,1,1,0,0
4059.869195,1,1,1,0,0,1,0,0,0
4060.452582,0,0,1,1,0,0,1,0,1
4060.680996,0,1,1,0,0,0,1,1,1
4060.773408,1,0,1,0,1,0,0,0,0
4060.911039,1,0,0,0,0,0,1,1,1
4061.436876,0,1,1,0,1,1,1,0,0
4062.262920,0,1,0,0,1,0,1,0,0
4062.545690,1,0,0,0,0,1,0,1,1
4062.809584,1,1,0,1,1,0,1,0,0
4063.187911,1,1,0,1,1,0,1,1,1
4063.373455,0,0,1,1,1,0,0,0,1
4064.332870,1,1,1,1,1,0,1,0,0
4064.777214,1,0,0,0,1,1,0,0,0
4065.155670,1,0,0,0,1,0,1,1,0
4065.337807,0,0,0,1,0,0,1,1,0
4065.938207,1,1,0,0,1,0,1,1,0
4066.729527,0,1,0,1,0,0,1,0,1
4066.850707,0,1,0,0,0,1,1,0,1
4067.386681,1,0,1,1,0,0,1,0,1
4068.163931,1,1,1,0,0,1,1,0,1
4068.769638,1,0,0,1,0,1,0,1,0
4068.788598,0,1,0,0,1,1,0,1,0
4068.989398,0,1,1,0,0,1,1,1,0
4069.511267,1,1,0,0,0,0,0,1,1
4070.011767,0,1,1,0,1,1,0,0,1
4070.721799,0,0,0,0,1,0,1,1,0
4071.540162,0,1,1,1,0,0,0,1,0
4071.745292,0,0,1,1,1,1,1,1,0
4071.811113,0,1,0,0,1,0,0,0,1
4072.327248,0,0,0,1,1,1,0,1,1
4072.456792,0,1,0,0,0,0,0,0,0
4072.816212,1,1,0,0,1,1,0,1,1
4073.372345,1,1,0,0,1,0,0,1,1
4074.149251,1,0,1,1,0,1,0,1,1
4075.067366,1,1,0,0,1,0,0,0,1
4075.203095,1,0,1,0,1,1,0,1,1
4075.744132,1,1,0,0,0,0,1,0,0
4076.498401,0,0,1,1,0,1,1,0,1
4076.652011,1,0,1,1,0,0,1,1,1
4076.765680,0,0,1,0,1,0,0,1,0
4077.674862,0,0,1,0,0,0,1,1,0
4078.314006,1,1,1,1,0,1,0,0,0
4078.500613,1,1,0,0,0,1,1,1,1
4078.705002,0,1,0,0,0,0,1,0,1
4079.562796,0,1,1,0,1,0,1,0,0
4080.260069,0,0,0,1,0,1,1,0,1
4080.971305,1,1,0,1,0,0,1,0,0
4081.755521,1,1,0,0,0,1,0,1,0
4081.889621,1,0,1,1,0,0,1,0,0
4082.723121,0,0,1,0,0,1,0,1,0
4083.275732,0,1,1,0,1,0,1,1,1
4083.338174,0,0,1,0,1,1,0,1,0
4083.562270,1,1,1,1,0,0,0,0,0
4083.849048,1,1,1,1,0,0,0,0,1
4084.158435,0,0,1,0,1,1,0,1,0
4084.198896,1,0,0,0,1,1,0,0,0
4085.160473,0,1,1,0,1,0,0,0,1
4085.278882,1,1,1,1,0,0,1,1,1
4085.918777,0,1,1,0,1,1,0,1,1
4086.902370,0,0,0,0,0,0,1,1,1
4087.030362,0,0,1,1,0,1,0,0,0
4087.956142,1,1,1,0,0,0,0,1,1
4088.228678,1,0,0,1,1,0,0,0,1
4088.955533,0,0,1,1,0,0,0,0,0
4089.935829,0,0,1,0,1,0,1,0,0
4090.642160,0,0,0,0,1,1,1,0,0
4091.024117,1,1,0,1,1,1,1,0,0
4091.441100,1,1,0,0,1,0,0,1,1
4092.284081,1,0,1,0,0,0,1,1,1
4092.319530,0,1,0,1,1,0,0,1,1
4092.374931,1,0,1,0,1,1,0,1,0
4092.995666,1,1,1,1,0,1,1,1,1
4093.129710,1,0,1,0,0,1,0,0,1
4093.473525,1,0,0,1,0,0,1,1,0
4093.786712,0,1,1,0,1,1,1,1,0
4094.005524,1,0,0,1,1,1,1,1,0
4094.731208,1,1,0,1,1,0,0,0,0
4095.099073,0,1,0,1,1,1,1,1,1
4095.618445,1,0,0,0,1,0,1,1,0
4095.811200,0,0,1,1,0,1,1,1,1
4095.848729,1,1,0,0,1,1,0,0,0
4096.159888,1,0,0,0,0,0,1,1,1
4096.184394,0,0,0,0,1,1,1,1,0
4096.765491,0,0,1,0,0,0,0,0,0
4097.241499,1,1,1,1,0,1,1,0,1
4097.579321,0,1,1,1,0,0,0,1,1
4098.201246,0,1,0,0,0,0,1,0,1
4098.563423,0,0,1,1,1,0,0,1,1
4099.327548,1,0,0,0,1,0,0,1,0
4099.689689,0,1,0,0,0,0,0,0,1
4100.610339,1,1,0,0,1,1,1,1,1
4100.991763,0,1,1,1,1,0,1,0,1
4101.430195,1,0,1,0,0,0,0,1,1
4101.836504,1,0,1,1,0,1,0,1,1
4102.649191,0,0,0,0,0,0,1,0,1
4103.362165,0,1,1,1,0,1,0,0,1
4103.893956,0,0,0,1,1,0,0,0,0
4103.913343,0,0,1,1,0,1,0,0,1
4104.337225,1,0,1,1,0,1,1,1,0
4104.751873,0,0,0,0,0,1,0,1,1
4105.189822,1,1,1,0,1,0,1,0,1
4105.531683,0,1,0,1,1,1,0,0,1
4106.396225,0,0,0,0,0,1,1,1,0
4106.532742,0,0,1,0,1,1,1,1,1
4107.497566,0,1,0,0,0,1,1,0,0
4108.405821,0,0,1,1,0,0,1,0,1
4108.835770,1,1,0,1,0,0,0,1,1
4109.825051,0,1,1,1,0,0,0,1,1
4110.748331,0,1,1,0,0,1,1,0,1
4111.524175,1,0,0,1,0,1,0,1,1
4111.886718,0,1,0,1,1,0,1,0,1
4111.970333,0,0,1,1,0,0,0,0,0
4111.990182,1,0,1,0,1,1,0,0,1
4112.875889,1,1,1,1,0,0,1,1,0
4113.267802,1,0,0,1,0,1,1,1,0
4113.285783,1,0,0,1,1,0,0,0,0
4113.649332,0,0,0,0,1,1,0,1,0
4113.942593,0,1,1,1,1,0,1,1,0
4114.347779,1,0,0,1,0,0,0,0,0
4115.198675,0,0,1,1,1,1,0,1,0
4116.160252,0,1,0,1,1,0,1,1,1
4116.890664,0,0,0,0,1,1,1,0,0
4117.041622,1,0,0,0,0,1,1,0,0
4117.537959,0,0,1,0,1,1,1,0,1
4117.579278,0,1,0,0,0,1,0,1,1
4118.325073,0,1,1,1,1,0,1,0,1
4118.710304,0,1,0,0,1,0,0,0,1
4119.360961,1,1,0,1,1,1,0,1,1
4119.444190,0,0,1,1,1,1,0,0,1
4119.882429,0,0,1,0,0,0,0,1,0
4120.044342,0,1,1,0,0,0,0,1,1
4120.047671,1,0,1,0,1,0,1,0,1
4120.296407,1,0,0,0,0,1,0,1,0
4120.799666,0,0,0,0,0,1,0,0,0
4120.872023,1,0,1,1,1,0,0,1,1
4121.305923,1,1,1,0,0,0,0,0,1
4121.582158,1,1,1,0,0,1,1,0,0
4122.478653,1,0,1,1,0,1,1,1,0
4122.842926,1,1,0,0,1,0,1,1,1
4123.051165,0,1,1,0,1,1,1,1,1
4123.264042,1,1,1,1,0,0,0,0,1
4123.606805,0,1,0,1,0,0,1,0,0
4123.695331,1,1,1,1,0,1,0,0,1
4124.029331,1,0,0,1,0,0,0,1,1
4124.611886,0,1,1,1,0,1,0,0,0
4125.307237,0,1,0,0,1,1,0,0,1
4126.124493,1,0,1,1,0,1,1,1,1
4126.341423,1,1,1,0,1,1,1,0,1
4126.650431,0,0,1,0,1,0,0,1,1
4126.858230,1,0,0,0,0,1,1,0,1
4127.401392,1,1,0,1,1,1,0,0,0
4128.068392,1,0,0,1,0,0,1,1,0
4128.753490,1,1,1,1,1,0,1,1,1
4129.296004,0,0,1,0,0,0,1,0,1
4129.822404,0,1,1,0,1,0,0,1,1
4130.635092,0,0,0,1,0,1,1,1,1
4130.669591,0,0,1,0,0,1,0,0,0
4130.918553,0,1,1,1,0,1,1,1,0
4131.604314,1,1,0,1,0,1,1,0,0
4131.744757,1,1,1,0,1,1,0,1,0
4132.547771,0,0,1,1,0,1,0,0,0
4133.068251,1,0,0,1,1,1,0,1,0
4133.160070,1,1,1,0,1,1,1,1,1
4133.326170,1,0,0,1,0,1,0,0,0
4133.460154,1,0,1,1,0,1,0,1,0
4133.470714,0,1,0,0,1,1,1,1,0
4133.857489,0,0,1,1,1,1,1,1,0
4133.901923,0,0,0,1,1,0,1,1,0
4134.443366,0,1,0,0,0,1,0,1,1
4135.181945,0,0,1,0,1,1,0,0,0
4135.719537,0,1,0,1,1,1,1,1,0
4135.831222,0,1,0,0,0,0,0,1,1
4136.142256,1,0,0,0,1,1,0,1,1
4136.646042,0,1,1,1,1,1,1,0,0
4137.116452,0,0,1,0,0,1,1,1,1
4137.420179,1,1,1,0,1,1,1,1,0
4138.316283,0,1,1,0,0,0,0,0,0
4138.954008,1,0,0,1,1,0,1,1,1
4139.392948,1,0,0,1,1,1,1,1,0
4140.388391,0,0,1,1,0,1,0,0,0
4140.637077,0,1,1,0,0,0,1,1,0
4141.254481,1,0,0,1,0,0,0,1,0
4141.824926,1,0,1,0,0,1,0,0,1
4142.439485,1,0,1,0,1,0,1,1,1
4143.239685,0,0,0,1,0,1,1,0,0
4144.117202,1,0,1,0,0,0,0,1,1
4144.627925,1,0,0,1,0,0,1,1,1
4145.456730,1,0,0,0,1,0,0,0,1
4146.305063,0,1,0,1,0,0,1,1,0
4146.602520,1,0,1,1,1,1,1,1,1
4146.855369,0,0,1,0,1,0,0,1,1
4147.694797,0,1,0,1,0,0,0,1,1
4148.679812,0,0,0,0,0,0,0,0,1
4149.169212,0,1,1,1,1,0,0,1,0
4149.396587,1,0,0,1,0,0,1,1,1
4149.855637,1,1,0,1,0,1,0,0,0
4149.870808,1,0,1,1,0,0,1,0,0
4150.651672,0,0,1,1,0,0,1,0,1
4151.165795,0,1,1,0,1,1,1,0,1
4151.833717,0,0,0,0,0,1,0,1,1
4152.375842,0,1,0,1,1,0,0,1,1
4152.854542,1,0,0,0,1,1,1,1,1
4153.791459,1,0,1,1,1,1,0,1,0
4154.132308,0,0,0,0,0,0,0,1,1
4154.688752,1,1,1,0,0,0,0,0,1
4155.453693,0,0,1,0,1,1,1,1,1
4156.327540,0,0,0,0,0,1,0,0,1
4157.173708,1,0,0,0,0,1,0,0,1
4157.668150,1,0,0,0,1,0,1,0,0
4158.271995,0,1,1,0,0,1,1,0,0
4158.955985,1,0,0,1,0,1,0,0,0
4159.665953,0,0,1,1,1,1,1,0,0
4160.058009,0,0,0,1,0,1,1,1,1
4160.828479,0,1,0,1,0,1,1,1,0
4161.648705,0,0,1,1,1,0,1,1,1
4162.590676,1,0,1,0,0,0,0,1,1
4162.846252,0,0,1,1,0,1,0,1,1
4163.442756,1,1,1,1,0,0,1,1,0
4163.464530,1,1,0,0,0,0,0,0,1
4163.913505,1,0,1,1,0,1,0,1,1
4164.107021,1,0,1,0,0,0,0,0,1
4164.300281,1,0,0,1,0,1,1,0,1
4165.055800,1,0,0,0,0,1,1,1,0
4165.291402,0,0,0,0,1,0,0,0,1
4165.906858,1,1,1,0,1,0,0,1,1
4166.436741,1,0,0,0,0,0,0,0,1
4167.368341,1,1,1,1,0,0,0,1,0
4167.539805,0,1,0,0,1,0,1,1,0
4168.408184,1,1,1,1,1,1,1,1,1
4169.168593,0,1,1,0,1,1,1,0,0
4169.352031,0,1,1,0,0,1,0,1,1
4169.498989,1,1,0,0,0,0,0,0,0
4169.507698,0,1,0,0,0,0,0,0,1
4170.393433,1,0,0,0,0,1,1,0,0
4170.494175,0,0,0,1,0,0,1,0,0
4170.597750,1,1,0,0,1,0,0,0,1
4170.952826,1,1,0,0,1,1,0,1,1
4171.813662,0,1,1,1,0,1,0,1,1
4172.586878,1,0,0,0,0,0,0,1,1
4172.721078,0,0,1,1,0,1,0,1,0
4173.321478,1,0,0,0,1,1,0,1,1
4173.910205,1,1,0,0,0,1,1,0,1
4174.213491,1,1,1,0,0,1,0,0,0
4175.000371,0,0,0,1,0,0,1,1,0
4175.665401,0,0,0,0,1,1,1,1,0
4176.011669,1,1,0,1,0,0,1,0,0
4176.859007,1,0,0,1,1,0,1,0,1
4177.390268,0,1,0,1,0,0,1,1,0
4178.379030,0,1,1,1,1,0,1,1,1
4178.980566,0,0,0,0,1,1,1,0,0
4178.996044,0,0,0,0,0,0,1,0,0
4179.539666,0,1,1,0,0,1,1,0,0
4180.497455,1,0,0,1,1,1,1,1,0
4181.012646,1,0,1,0,1,1,1,1,0
4181.124353,0,0,1,1,0,1,0,1,0
4181.544289,1,1,1,1,0,1,0,0,0
4181.646060,0,1,1,1,0,0,1,0,0
4182.056938,0,0,0,0,0,1,0,0,0
4182.218727,1,0,0,1,0,1,0,0,0
4183.090154,0,1,0,0,1,0,1,0,0
4183.775952,0,1,0,1,1,0,0,1,1
4184.526202,1,0,0,0,1,0,1,1,0
4185.417450,1,0,1,1,0,1,1,1,0
4185.916361,1,1,1,1,1,1,0,0,1
4186.771497,0,0,0,0,1,0,0,0,0
4187.688788,0,0,0,1,1,0,1,0,1
4188.564120,0,0,0,0,1,1,1,0,1
4189.345471,1,0,1,0,0,0,0,0,0
4189.631900,1,0,1,1,0,1,0,1,0
4189.819927,1,0,1,1,1,0,1,1,1
4190.197362,1,0,1,0,1,0,0,0,0
4190.622180,1,0,1,1,1,1,0,1,1
4190.728766,1,0,1,1,1,1,0,0,0
4191.490908,0,1,1,0,0,0,1,0,0
4191.911178,1,1,0,1,0,0,0,0,0
4192.155632,1,1,1,0,0,1,0,1,1
4192.769181,0,0,1,1,1,1,1,0,1
4193.311842,0,0,0,1,0,0,0,0,1
4194.239333,0,0,1,1,0,1,1,0,1
4194.998698,0,1,1,0,1,0,1,1,0
4195.441669,0,0,0,1,0,0,0,1,1
4195.711536,0,0,1,0,1,1,0,1,0
4195.717457,1,1,0,1,1,1,1,1,1
4196.459651,1,0,0,0,1,0,0,0,0
4196.570660,0,0,0,0,0,0,1,0,1
4197.554802,1,0,1,0,0,0,0,1,0
4197.950756,0,0,0,1,1,0,1,1,0
4198.878713,1,1,1,1,1,0,0,0,0
4199.509517,1,0,0,1,1,1,0,1,1
4200.312381,1,1,0,1,1,1,1,0,0
4200.434228,0,0,1,1,1,0,0,0,0
4201.239655,0,1,1,0,1,0,0,1,0
4201.408711,1,0,0,1,1,1,1,1,0
4202.177450,0,0,0,0,1,0,0,1,0
4202.348128,1,1,1,1,1,1,1,1,1
4202.582440,0,1,1,0,1,1,0,0,0
4202.727895,0,0,0,1,0,1,1,0,1
4203.359983,1,1,0,0,1,1,1,1,1
4203.511606,1,1,1,0,1,0,0,0,1
4203.547054,1,0,1,0,1,0,1,1,0
4204.344554,1,1,1,1,1,0,0,1,1
4204.573104,1,0,1,1,0,0,0,0,1
4205.000073,0,1,1,1,0,0,0,0,0
4205.790606,1,0,0,1,1,1,1,1,1
4206.746577,0,1,1,0,0,0,0,0,0
4207.373524,1,0,0,0,1,0,0,1,0
4208.307510,1,0,1,0,1,1,0,1,1
4208.805204,0,1,0,0,0,0,1,0,1
4209.609198,1,1,0,0,1,0,1,1,1
4209.807723,0,1,1,1,1,1,1,0,1
4209.843864,0,0,0,0,1,0,0,1,1
4210.704816,1,1,0,0,1,1,0,1,0
4211.127494,1,0,0,0,1,0,1,0,0
4211.897508,1,1,1,0,0,0,0,0,1
4211.956702,0,0,1,0,1,0,1,0,1
4212.869128,0,1,0,1,0,0,0,1,1
4213.074574,1,1,0,0,0,1,1,1,1
4213.141298,1,0,0,0,1,1,1,0,1
4213.660135,1,1,1,0,0,1,0,0,0
4213.802694,0,0,1,0,0,1,0,1,0
4214.646366,0,1,1,0,0,1,1,1,1
4215.625697,1,0,0,1,1,0,1,1,1
4215.701501,1,0,0,0,1,1,1,1,1
4216.648657,1,0,0,0,1,0,0,0,0
4216.906893,0,0,0,1,1,0,0,0,1
4217.180347,0,1,0,1,0,1,1,1,1
4217.389294,1,0,1,1,0,1,1,0,0
4218.309943,1,0,0,0,0,0,1,0,1
4218.426681,1,1,1,1,1,1,0,0,0
4219.040791,0,1,1,0,0,0,1,1,0
4219.759991,0,1,0,1,0,1,1,0,0
4220.709040,1,0,1,1,1,1,1,1,0
4221.620860,0,1,1,1,1,1,1,0,1
4221.722769,1,1,0,1,0,1,1,0,0
4222.381199,1,1,0,1,1,0,0,0,1
4223.044037,1,0,1,1,1,0,0,1,1
4223.790667,0,0,0,1,1,0,1,0,0
4224.299437,1,0,0,0,0,0,0,1,0
4224.413244,1,0,1,0,0,0,0,1,0
4224.677138,1,1,1,1,0,0,1,1,1
4225.021285,0,0,1,1,1,0,0,1,0
4225.771535,1,1,1,1,0,1,1,1,1
4226.185914,0,0,1,1,0,0,1,0,0
4227.034740,1,1,0,0,1,0,0,0,0
4227.518863,0,1,0,1,0,0,0,0,0
4228.196401,1,1,1,0,0,0,0,0,1
4228.796801,1,1,0,0,1,0,1,0,0
4229.054686,1,1,0,0,0,0,1,1,0
4229.619225,1,1,0,1,1,1,1,1,1
4229.640475,1,1,0,1,0,0,0,1,1
4230.242491,1,1,0,1,1,0,1,0,0
4231.067094,1,0,0,0,1,0,0,0,1
4231.806187,1,1,1,0,1,0,1,0,1
4232.241096,1,0,0,1,0,1,0,0,1
4232.306966,0,0,0,0,0,1,0,1,0
4232.491992,1,1,1,0,1,0,0,0,1
4232.669098,0,1,0,0,1,1,0,0,0
4232.670098,1,0,1,1,0,0,1,1,1
4233.204042,0,1,1,1,0,1,1,1,1
4234.192942,0,1,1,1,0,1,1,0,1
4234.566204,1,1,0,1,1,1,1,1,0
4235.442470,0,0,1,0,0,0,0,1,0
4235.868402,0,1,1,1,0,0,1,1,1
4236.083566,1,0,0,0,0,1,0,0,0
4236.101055,0,1,1,0,1,1,0,0,1
4236.123891,1,1,1,0,0,1,1,1,0
4236.244226,1,0,0,1,1,1,1,1,0
4236.810986,1,1,0,0,0,1,1,0,1
4236.903090,0,1,0,1,0,1,0,1,0
4237.340760,0,1,0,0,0,1,1,0,1
4237.477987,1,0,0,1,0,0,0,1,0
4238.039505,0,1,0,0,1,0,1,0,1
4238.231154,0,1,0,0,1,1,0,1,0
4238.704951,0,0,1,1,0,0,1,1,0
4238.749035,0,0,1,1,1,1,1,0,1
4239.700955,1,0,0,1,1,0,1,0,1
4240.588675,0,0,1,1,1,0,1,1,0
4240.632533,1,0,1,1,0,0,0,1,0
4240.992481,0,1,1,0,1,0,0,0,0
4241.349646,1,0,1,0,1,0,1,0,1
4242.316892,0,1,1,1,0,0,1,1,1
4243.090398,0,1,1,0,1,0,1,0,0
4243.135227,0,0,1,0,0,0,1,1,1
4243.560046,0,0,0,1,0,0,0,0,1
4244.506949,0,1,1,1,1,1,1,0,1
4244.561949,1,1,1,0,0,0,1,0,1
4245.109952,0,0,1,1,0,1,0,1,1
4245.807873,0,1,0,0,0,0,0,1,1
4246.603098,0,1,0,0,1,1,1,1,1
4247.447290,0,0,0,0,0,0,1,1,0
4247.579472,0,0,1,0,0,0,0,1,1
4247.748445,0,0,1,1,0,1,0,1,0
4247.834706,1,1,1,0,0,1,1,1,1
4248.345697,1,0,1,1,0,1,0,0,1
4249.247755,0,0,0,1,1,1,1,1,0
4250.081469,0,0,1,1,1,0,1,0,0
4251.009827,1,1,0,0,1,0,1,1,1
4251.509215,1,0,0,1,1,0,0,0,0
4251.848969,1,0,0,0,0,1,0,0,1
4251.993904,0,1,1,1,1,1,1,1,0
4252.000054,0,0,0,1,0,1,1,1,1
4252.721725,1,1,1,0,0,0,0,1,0
4253.435191,1,1,1,1,1,1,0,0,0
4254.389690,0,0,0,1,1,0,0,0,1
4254.925735,1,0,0,1,0,0,1,1,0
4254.963540,1,1,1,0,1,0,0,1,1
4255.204684,1,0,0,0,0,1,1,0,1
4255.752196,1,1,0,0,0,1,0,1,1
4256.591782,0,0,1,0,0,1,1,1,0
4257.017584,0,0,0,0,0,1,1,0,1
4257.631231,0,0,0,0,1,1,0,0,0
4258.059133,1,0,0,1,1,1,1,1,1
4258.595091,1,1,0,1,1,1,0,0,1
4258.955946,1,0,1,1,1,1,1,1,1
4259.741874,1,0,0,0,1,1,0,1,1
4260.703451,1,1,0,1,0,0,0,1,1
4261.475722,1,1,1,1,0,1,0,0,0
4261.742449,1,0,0,1,0,0,0,1,1
4262.280478,1,1,1,1,0,1,1,0,1
4262.383031,1,1,0,1,1,0,0,1,1
4262.570412,1,0,0,1,0,1,1,0,0
4262.746561,0,1,1,0,1,1,1,1,0
4263.248108,0,1,1,0,1,1,0,0,1
4263.329999,0,0,1,1,1,0,1,1,1
4263.611283,0,0,0,0,0,1,0,0,0
4264.013456,0,0,1,1,0,0,0,0,1
4264.157170,1,0,0,1,0,0,0,0,1
4264.351525,1,1,0,1,1,0,1,0,0
4264.979491,1,1,0,1,1,1,1,1,0
4265.763765,0,0,1,0,0,1,1,0,0
4265.983933,0,0,0,1,1,0,0,1,1
4266.787803,1,0,1,1,0,1,1,0,1
4267.555017,0,1,0,1,0,1,0,0,0
4267.785886,0,1,1,0,0,0,0,0,1
4267.946147,1,0,0,0,1,1,1,1,0
4268.071676,1,0,1,1,1,1,1,0,0
4268.775023,0,0,0,1,1,1,1,1,1
4269.659085,1,0,1,1,0,1,1,1,0
4270.573298,0,1,1,0,0,1,1,0,1
4271.250092,1,0,1,0,0,0,1,0,0
4271.626216,1,1,0,1,0,1,1,1,1
4271.700695,0,0,0,1,1,0,1,1,1
4272.375002,1,1,0,1,0,0,1,1,1
4272.452848,1,0,1,1,1,1,1,0,1
4272.879386,1,0,0,1,0,1,0,0,1
4273.214833,1,1,1,0,0,1,0,0,1
4273.378714,1,0,0,0,1,1,1,0,1
4273.450593,1,1,1,1,0,0,1,0,0
4273.898074,0,1,1,0,1,0,0,0,1
4274.158229,1,1,1,0,0,0,1,0,1
4274.171412,1,0,0,1,0,0,0,1,0
4274.252287,1,0,0,1,1,1,1,1,0
4274.780963,1,1,0,0,1,0,0,0,0
4274.781963,1,0,1,0,1,1,0,0,0
4275.596473,1,1,0,1,1,0,1,1,1
4276.400378,1,1,1,0,0,0,0,1,1
4276.498148,0,0,0,0,0,1,1,0,1
4276.716741,1,0,0,1,1,0,1,1,1
4277.498757,1,1,1,1,1,0,0,1,0
4277.554820,1,1,0,1,1,0,0,0,0
4277.985002,1,1,1,1,0,1,0,1,0
4278.518650,0,0,1,0,0,0,1,1,1
4279.479692,1,1,1,1,1,0,0,0,1
4280.231878,1,1,1,0,1,1,0,0,1
4281.174688,0,0,1,1,0,0,0,1,0
4281.458061,1,0,0,0,0,1,1,1,1
4281.899796,0,1,1,0,0,1,0,0,0
4282.707800,1,0,1,1,1,1,1,0,1
4283.436169,1,0,0,0,0,0,0,1,0
4284.255945,0,1,0,0,1,0,1,0,0
4284.651209,1,1,1,0,0,1,1,0,1
4284.867184,1,1,1,0,0,1,1,1,1
4285.729544,0,0,1,1,1,0,0,1,0
4285.978850,0,1,1,1,1,1,1,0,1
4286.855797,1,0,0,1,1,1,0,0,1
4287.036565,1,1,1,1,0,1,1,0,0
4287.259362,0,1,0,1,1,0,1,1,0
4287.393844,0,0,0,1,1,1,0,0,0
4288.284738,0,0,0,0,0,1,0,0,1
4288.980695,1,0,1,0,0,1,1,1,1
4289.299349,0,0,0,0,1,0,0,0,0
4290.153854,0,0,1,0,1,1,1,0,1
4291.147649,1,1,1,1,1,0,1,1,0
4291.811087,1,1,1,0,1,0,1,0,0
4292.540866,1,1,0,0,0,0,0,1,0
4292.845454,1,0,0,1,0,0,0,0,1
4293.187779,1,1,0,1,1,0,0,1,0
4294.039065,0,1,0,1,0,1,0,0,1
4295.029921,0,0,0,0,0,1,0,0,0
4295.696921,1,0,0,0,0,0,0,0,0
4296.445928,0,1,0,0,1,1,1,0,0
4297.217241,1,0,0,0,1,1,1,1,0
4297.695973,1,1,1,1,0,0,0,1,0
4298.390268,0,0,0,1,1,1,1,1,0
4298.958203,1,1,0,1,1,1,0,1,0
4299.400952,1,1,0,1,1,0,1,1,0
4299.401952,1,1,1,1,0,0,1,1,0
4300.339998,0,0,1,0,0,0,0,1,1
4301.101031,0,0,0,1,1,0,1,0,0
4302.003813,1,0,1,0,0,0,0,0,0
4302.092267,0,0,1,1,0,1,1,1,0
4302.988205,1,0,0,1,1,1,0,0,0
4303.554157,1,0,1,1,0,1,1,0,1
4304.214497,1,0,0,1,0,1,1,1,0
4304.316313,1,0,1,1,1,0,1,1,0
4304.677294,1,1,1,1,1,0,1,0,0
4304.894294,0,1,0,0,0,1,1,0,1
4305.061067,1,1,0,0,0,1,0,1,1
4305.619884,0,0,0,0,0,0,1,0,1
4305.958410,1,1,1,0,1,1,1,1,0
4306.667865,1,0,0,1,1,1,1,0,0
4307.322448,0,1,0,0,0,0,1,1,0
4308.037019,1,1,1,1,1,1,0,0,0
4308.038019,0,0,0,0,1,0,0,0,0
4308.246851,1,1,1,0,0,0,1,1,1
4308.457641,1,1,0,0,1,0,1,0,1
4309.158106,1,0,0,1,1,0,0,1,1
4309.164968,1,0,1,0,1,1,0,1,1
4309.438423,1,1,0,1,1,1,1,1,1
4309.638442,1,0,1,0,0,0,1,1,1
4310.046221,0,0,1,0,0,0,1,0,1
4310.518523,0,1,0,0,1,0,1,1,1
4311.451476,1,1,1,0,0,0,0,0,0
4312.076851,1,0,1,1,0,0,0,1,0
4312.423268,0,0,0,1,1,1,0,1,1
4312.927931,1,1,0,1,1,1,1,0,0
4313.705931,0,0,0,0,1,1,1,0,0
4313.906731,1,0,0,1,1,0,1,0,0
4314.263870,0,1,0,0,1,1,1,1,0
4314.590859,1,0,1,0,0,1,0,1,0
4315.439287,0,0,0,0,0,1,0,1,0
4316.099048,0,0,0,1,1,0,1,0,0
4316.983778,1,1,1,1,1,1,1,1,1
4317.463173,0,1,1,0,1,0,0,1,0
4318.100247,0,1,1,1,1,0,0,0,1
4318.711896,0,0,0,0,0,1,1,0,0
4318.987714,0,0,0,1,1,0,0,0,0
4319.102334,0,1,0,1,0,1,0,1,1
4319.366098,0,0,0,0,0,0,1,1,0
4319.654311,1,0,1,1,1,0,1,0,0
4320.003078,1,0,1,0,0,1,1,1,1
4320.966495,1,1,1,0,1,1,0,1,1
4321.666795,1,0,0,1,1,1,1,1,1
4321.913401,0,1,1,1,0,0,1,1,0
4322.521930,1,0,0,1,1,1,1,0,0
4323.173152,0,0,0,1,1,0,1,1,0
4323.995665,1,1,1,1,1,1,1,0,0
4324.391618,1,1,0,1,1,0,1,1,1
4325.037428,1,1,1,0,0,1,0,1,1
4325.482164,1,1,0,0,0,0,0,1,0
4326.209213,0,0,0,0,1,1,0,0,1
4326.342297,1,0,1,1,1,0,1,1,0
4327.281584,1,1,1,1,0,0,1,0,0
4327.761873,1,1,1,0,1,0,0,0,1
4328.535537,1,1,0,0,0,1,0,1,0
4328.953730,0,1,1,1,0,1,0,1,0
4329.755833,0,0,0,0,0,1,1,0,0
4330.577014,1,0,0,1,0,0,1,1,1
4330.681004,0,1,1,1,1,1,0,1,1
4331.481204,0,0,0,0,1,0,0,1,0
4331.798889,0,0,1,1,1,1,0,1,1
4332.625150,1,1,1,0,1,1,1,0,1
4333.242555,0,1,0,0,0,1,1,1,0
4333.867100,0,0,0,1,0,0,1,1,0
4334.620185,1,0,1,0,1,0,0,1,1
4335.353622,0,0,0,1,0,1,1,1,1
4336.205488,0,0,0,1,1,0,0,1,0
4336.787624,0,0,0,1,0,1,0,1,0
4336.797925,0,0,0,1,1,1,0,0,0
4337.057242,1,0,1,0,1,1,1,1,1
4337.660814,0,0,0,1,0,1,1,0,1
4338.449261,0,1,0,1,0,0,1,1,1
4338.825681,1,0,0,0,0,1,1,1,0
4339.440428,1,1,1,0,1,1,0,1,0
4340.085079,0,0,1,0,1,0,0,0,1
4340.825250,1,1,0,1,0,0,1,0,1
4341.265853,1,1,0,0,0,1,0,0,0
4341.394737,1,1,0,0,0,0,0,1,1
4341.720520,0,1,1,0,0,1,0,0,1
4342.672155,0,0,0,0,0,0,0,1,1
4343.650617,1,1,1,0,0,1,0,1,1
4343.722733,0,1,0,0,1,0,1,1,1
4343.897892,0,1,1,0,0,1,0,1,0
4344.761208,0,1,1,1,0,0,0,0,0
4345.162353,1,1,0,1,1,1,0,0,0
4345.213909,1,0,1,1,1,1,1,0,0
4345.515534,1,1,0,1,0,0,0,0,0
4346.292784,0,1,1,1,1,1,0,0,1
4346.830855,1,0,1,0,1,1,1,1,1
4347.206480,0,1,0,0,1,0,1,0,0
4348.032158,1,0,1,0,1,0,1,0,0
4348.783545,1,1,1,1,1,0,0,1,0
4349.647586,0,0,0,1,0,1,1,1,0
4350.636234,0,0,0,0,1,0,1,0,1
4351.444118,1,1,1,0,1,0,0,0,1
4352.086963,1,0,0,0,1,0,0,0,1
4352.892189,1,1,0,0,1,0,0,0,0
4353.483346,1,1,0,1,1,1,0,1,1
4354.431174,0,1,0,1,0,0,1,1,1
4355.378511,0,0,0,1,1,0,0,1,1
4355.686166,0,1,0,1,1,0,0,1,0
4356.419949,1,0,1,1,0,0,1,1,1
4356.420949,0,0,0,0,1,0,1,1,1
4356.693220,1,1,0,1,0,1,1,0,1
4357.361619,1,1,0,0,0,0,0,0,1
4357.705205,1,1,1,1,0,1,0,0,1
4357.766166,0,1,0,0,1,1,0,0,1
4358.370033,1,0,0,0,1,1,1,1,0
4359.121502,0,0,1,0,0,1,1,1,0
4359.750862,0,1,0,1,1,0,1,1,1
4359.764508,1,1,1,0,1,1,1,1,1
4359.796726,1,1,0,0,1,0,0,1,1
4360.701478,0,0,1,0,1,0,0,1,1
4361.198969,0,0,1,1,0,1,0,0,0
4361.873150,0,0,0,0,0,1,0,0,0
4362.632986,0,1,0,0,1,1,0,0,0
4363.325197,1,1,1,1,1,1,0,0,0
4363.364620,0,0,0,0,0,1,1,0,1
4363.655386,0,1,0,1,1,0,1,0,1
4363.910203,1,0,0,1,0,0,1,0,0
4364.538027,0,1,0,0,0,1,0,0,0
4365.036364,1,0,0,1,1,1,1,0,1
4365.877925,1,1,0,1,0,1,0,1,0
4366.711425,0,0,1,1,0,1,0,1,1
4367.573300,0,0,1,1,1,0,0,1,1
4367.980144,0,0,0,0,1,1,1,1,0
4368.289205,1,0,0,1,1,1,0,0,0
4369.067653,0,0,1,0,0,0,0,1,0
4370.060307,1,0,0,1,1,1,1,1,1
4370.787247,1,1,0,1,0,0,1,1,0
4371.586976,1,1,1,1,1,0,0,0,1
4371.851270,0,1,1,1,1,0,0,0,1
4372.428241,1,1,0,1,0,0,0,1,0
4373.281079,0,0,1,1,0,0,1,1,1
4373.305045,1,1,0,0,1,0,0,0,1
4373.602849,0,0,1,1,1,1,0,0,1
4374.139211,0,1,1,1,1,1,0,1,0
4374.870997,0,0,0,1,0,1,1,1,1
4374.967407,0,1,1,1,0,0,1,1,1
4375.317707,0,1,0,1,1,1,1,0,1
4375.551896,1,0,0,0,0,1,0,1,0
4376.176662,1,1,0,1,0,0,1,1,0
4376.768883,0,0,1,0,1,1,1,0,0
4377.076636,1,1,0,1,0,0,1,0,1
4377.622065,1,0,1,1,1,1,1,0,0
4378.388208,0,1,0,0,1,0,1,1,0
4379.079875,1,1,1,0,1,0,1,1,1
4379.476583,0,1,0,0,1,0,0,0,1
4380.342489,0,0,0,0,0,1,0,1,1
4381.299510,0,1,1,0,1,1,0,0,1
4381.454288,0,1,1,0,1,1,1,1,1
4381.969925,0,0,0,0,0,0,0,1,1
4382.348454,1,1,0,0,1,1,0,1,0
4382.539999,1,1,0,1,0,1,1,0,1
4383.453003,0,1,0,0,1,1,1,1,0
4383.528186,1,0,1,1,0,1,0,0,1
4383.686117,1,0,1,1,1,0,1,1,0
4383.759468,1,1,1,0,1,0,0,1,0
4384.655307,1,1,0,0,1,1,0,0,1
4385.578589,1,0,1,1,0,0,0,0,1
4385.755293,1,1,0,1,0,0,1,0,1
4386.753793,0,0,0,0,1,0,1,0,0
4386.850407,0,1,1,0,0,0,0,1,1
4387.375882,0,0,0,0,1,0,1,1,0
4387.816917,0,0,1,0,0,1,1,1,0
4388.433660,1,0,0,0,0,0,0,1,0
4388.516770,1,1,0,0,1,1,1,1,0
4388.940500,0,1,1,0,0,1,1,1,1
4388.941500,1,1,1,0,0,1,1,1,0
4389.572742,0,0,0,1,1,1,0,1,0
4389.766002,1,0,0,0,1,1,0,0,0
4390.721692,1,0,1,0,1,0,0,0,1
4391.709256,1,1,0,1,1,1,1,1,0
4392.186111,0,1,0,0,0,0,0,0,0
4392.454603,0,1,1,0,0,1,0,1,1
4392.953775,1,1,1,0,1,0,0,1,0
4393.621601,0,1,1,0,1,0,1,0,0
4393.740387,0,0,1,1,1,1,1,1,1
4394.426763,1,0,0,0,0,1,1,1,0
4394.690788,1,1,0,1,0,1,1,1,0
4395.685568,1,0,0,1,1,0,0,0,0
4395.918894,1,1,1,0,0,0,0,0,1
4396.798533,1,0,0,1,1,0,0,0,1
4397.052569,0,1,0,1,1,1,1,1,0
4397.995541,1,0,1,0,1,0,0,0,1
4398.697210,1,0,1,0,0,0,1,1,0
4398.824068,1,1,1,1,0,1,1,1,1
4399.006109,0,0,0,0,1,0,0,0,0
4399.155487,0,1,1,0,0,1,0,1,1
4400.103406,0,1,1,0,1,0,0,0,0
4400.563946,1,1,0,1,0,1,1,1,0
4401.120704,0,0,1,1,1,1,0,1,1
4401.873529,0,1,0,1,0,0,1,1,0
4402.172308,1,0,1,1,1,1,0,1,1
4402.682602,0,1,1,0,0,0,1,1,0
4403.589151,0,1,0,0,0,0,1,1,1
4404.575233,1,0,1,1,0,0,0,1,1
4404.779239,1,1,0,1,1,1,0,1,0
4405.262065,0,1,1,0,0,1,0,1,0
4406.035730,1,1,0,1,1,0,1,0,1
4406.862800,1,0,0,1,0,1,1,0,0
4407.380898,0,1,0,1,0,1,1,1,0
4407.476089,1,0,0,0,0,1,0,1,1
4407.882683,0,1,0,1,1,1,1,1,0
4408.592748,0,1,0,0,1,1,0,1,0
4409.557069,0,0,1,1,1,1,1,0,0
4409.632621,0,0,1,1,0,0,1,0,1
4409.873887,0,1,0,0,1,1,1,1,0
4410.444210,1,0,0,0,0,1,1,0,0
4410.922992,1,0,0,1,0,1,0,1,1
4411.123792,0,1,0,1,1,0,0,1,1
4411.979283,0,0,0,1,1,0,1,1,0
4412.677698,0,1,1,0,1,1,1,1,1
4412.735784,1,1,1,1,1,1,0,0,0
4412.881890,0,1,1,0,0,1,1,1,0
4413.081104,0,0,0,1,1,1,1,0,1
4413.617817,1,0,0,0,1,1,0,0,0
4414.613694,1,0,1,0,0,1,1,0,1
4415.542337,1,1,1,1,1,1,1,0,1
4416.075591,1,1,1,1,1,1,1,0,1
4416.735080,1,0,0,0,0,1,0,1,1
4417.069080,1,1,0,0,1,1,1,0,1
4417.741539,1,0,0,0,1,0,0,0,0
4418.454719,0,1,0,1,0,0,1,0,1
4419.175625,0,0,0,1,1,0,1,0,1
4419.252947,1,0,1,1,0,0,0,0,1
4419.803661,0,1,1,1,0,1,1,1,0
4420.754220,1,1,1,0,0,0,1,1,0
4421.080476,0,1,0,1,0,0,0,1,1
4421.731470,0,0,1,1,0,1,1,1,1
4422.491857,1,1,0,1,0,1,1,1,1
4423.125412,0,0,1,0,0,1,1,0,0
4424.073760,0,1,0,0,1,0,0,0,0
4424.365152,0,0,1,0,1,1,0,1,0
4424.854169,0,0,0,1,1,0,1,0,0
4425.421360,1,0,1,1,0,1,1,0,1
4425.635762,0,0,0,0,1,1,0,0,0
4425.697435,1,1,1,1,1,1,0,0,1
4426.672903,1,0,0,0,1,0,0,1,0
4426.783741,1,1,1,1,0,1,0,0,0
4427.280485,0,1,0,1,0,0,0,0,1
4427.760895,0,0,1,1,0,0,0,1,1
4427.800318,0,0,1,0,1,0,1,0,1
4428.391792,1,1,0,1,1,0,0,0,0
4429.036240,0,0,0,0,1,0,1,0,1
4429.974645,0,0,0,0,0,0,0,1,1
4430.093174,0,1,0,0,1,1,0,1,0
4430.597722,1,0,1,0,1,1,1,1,1
4431.261943,1,0,1,1,1,1,0,0,0
4432.253161,1,1,0,0,0,1,1,0,1
4433.152843,0,0,1,0,0,1,1,0,0
4433.837369,1,1,0,1,1,0,1,0,0
4434.191310,0,1,0,1,1,0,1,1,1
4434.924186,0,0,1,1,0,0,1,0,0
4435.563579,0,1,0,1,1,0,0,1,1
4436.115049,1,1,1,0,0,1,1,0,1
4436.263300,0,1,1,0,0,0,1,1,1
4436.863700,1,0,1,1,1,0,1,1,0
4437.048536,1,0,0,1,0,1,0,1,1
4437.796614,1,1,0,1,0,1,1,0,1
4437.909477,0,0,1,0,0,1,0,0,1
4438.095477,1,0,1,0,0,1,0,0,1
4438.496077,1,0,1,0,1,0,0,0,0
4438.991271,0,1,0,0,1,1,0,1,1
4439.480952,0,0,1,0,0,1,1,1,0
4440.101085,1,1,1,1,0,1,0,1,0
4440.720119,0,1,1,1,1,1,0,1,1
4441.468758,1,1,1,0,0,0,0,1,1
4442.446371,1,1,1,0,1,1,0,0,1
4442.728340,0,1,0,0,0,0,0,1,1
4442.975605,0,1,1,0,0,1,1,0,0
4443.691255,1,0,1,1,1,1,1,1,0
4444.354514,1,0,0,1,0,1,1,1,1
4444.918911,1,1,0,1,0,1,1,0,0
4444.941395,0,0,1,0,1,1,1,1,1
4445.561819,0,1,1,0,0,0,0,0,1
4445.980640,1,1,0,1,0,0,0,1,0
4446.491998,0,0,1,0,1,0,0,0,1
4446.573635,0,1,1,0,0,0,0,0,0
4447.500200,1,1,0,0,0,0,1,0,0
4447.571089,0,1,0,1,0,0,0,1,0
4448.476907,1,0,1,1,0,1,1,1,0
4448.828645,0,0,0,1,1,0,1,1,0
4449.410696,0,1,0,0,0,0,1,1,1
4449.629899,1,1,0,1,1,0,0,0,1
4450.402007,0,0,1,0,1,1,0,0,0
4451.096255,0,0,1,0,0,1,1,1,0
4451.251251,0,0,0,1,0,1,0,1,0
4451.829798,0,0,0,0,0,0,1,0,1
4452.554151,1,0,1,0,1,1,0,0,1
4453.054651,1,0,0,0,1,0,0,0,1
4453.509742,0,0,0,1,1,1,1,1,1
4454.412588,0,0,0,1,0,1,1,1,1
4454.768815,1,1,0,1,0,0,0,0,1
4455.002664,1,0,1,1,0,0,0,0,1
4455.958752,0,0,1,1,0,1,0,0,0
4456.570252,1,0,0,1,0,0,1,1,1
4457.154112,1,1,0,0,0,1,0,0,0
4457.581514,1,1,1,1,1,0,0,1,0
4458.570849,0,0,0,1,1,0,1,0,0
4459.549131,0,1,1,1,0,1,1,1,0
4460.534494,1,0,1,0,1,1,0,1,0
4460.848178,1,0,1,1,1,0,1,1,1
4461.230890,0,1,1,1,1,0,1,1,0
4461.324654,0,0,0,0,1,0,1,0,0
4461.694237,0,1,1,1,0,1,1,1,0
4462.028237,1,1,1,0,1,1,0,1,1
4462.452761,0,1,1,1,1,0,1,0,0
4462.665540,1,1,1,1,0,0,0,1,0
4463.567193,1,1,0,0,1,0,1,0,0
4464.192568,1,0,0,0,0,0,1,0,1
4464.218923,1,1,0,1,1,0,1,1,1
4464.548507,1,1,1,1,1,0,1,0,0
4465.124442,1,0,0,1,0,1,0,0,0
4465.757267,1,0,1,1,1,1,1,0,0
4465.884930,1,0,1,0,0,1,1,1,1
4466.551930,1,1,0,0,0,1,0,1,0
4467.143248,0,0,0,0,1,0,0,0,1
4467.937617,0,1,0,1,1,1,0,1,0
4468.749686,0,0,1,1,1,0,0,0,0
4468.859503,1,1,1,0,0,0,1,1,1
4468.988270,0,0,0,1,0,1,0,1,0
4469.660883,0,0,1,0,0,1,0,1,1
4469.858978,1,0,0,0,1,1,0,1,0
4470.504557,1,0,0,1,1,0,0,1,1
4470.641784,0,0,1,0,0,0,0,0,1
4470.968091,0,1,1,1,1,1,1,1,0
4471.662448,1,0,0,1,0,1,0,0,0
4471.726025,1,1,0,0,0,0,1,0,1
4472.192333,1,1,0,0,1,1,1,0,1
4472.858574,1,0,1,0,1,1,0,0,1
4473.785220,0,1,0,0,0,1,0,1,0
4474.459176,1,1,0,0,1,0,0,0,1
4474.673555,0,0,0,1,1,0,1,0,0
4475.309278,1,1,0,1,1,1,0,1,0
4475.542334,1,1,0,0,0,0,1,1,1
4476.064749,0,1,0,1,1,0,0,1,1
4476.768271,1,1,0,0,0,1,0,1,0
4477.194378,0,0,1,0,1,0,0,1,0
4477.722104,1,1,1,1,0,0,0,1,0
4477.756778,1,1,0,0,1,1,0,0,0
4478.380897,0,1,0,1,1,0,1,0,0
4478.577133,0,1,1,0,0,1,0,1,0
4478.638374,1,0,0,0,0,1,0,0,0
4479.512030,1,0,1,1,0,1,0,1,1
4479.560705,0,1,1,1,1,0,1,0,1
4479.894705,0,0,1,0,0,1,0,0,0
4479.904904,1,0,1,0,0,0,1,1,0
4480.002906,0,0,1,0,1,0,1,0,1
4480.642156,1,0,1,1,1,0,0,1,1
4480.767016,0,0,1,0,0,1,0,1,1
4481.551647,1,0,1,1,1,0,1,0,0
4482.123504,0,1,1,0,1,0,0,1,1
4483.017228,1,0,1,1,1,1,1,0,0
4483.031299,0,1,0,0,1,0,1,0,1
4483.654752,1,0,0,0,0,1,1,0,1
4484.600230,1,1,1,0,0,0,0,1,0
4484.702955,1,0,1,1,0,0,1,0,1
4485.602400,1,1,1,1,1,0,1,1,1
4485.877515,1,1,0,0,1,1,1,0,1
4486.723652,0,0,1,1,1,1,0,0,1
4486.985929,0,1,0,0,1,1,1,1,1
4487.581256,1,0,1,1,1,0,0,1,1
4488.503256,1,1,0,1,1,0,0,0,1
4489.239418,1,0,0,1,1,1,1,0,0
4489.723405,0,1,1,0,0,0,0,0,0
4490.328090,0,1,0,0,1,0,1,0,1
4490.933527,0,0,1,1,0,0,1,1,0
4491.674886,0,1,0,0,0,0,0,1,1
4492.113448,1,0,1,0,1,1,1,0,0
4492.256241,1,0,1,0,0,0,1,0,1
4492.464105,0,0,1,1,0,0,1,0,0
4493.130145,1,1,0,1,0,0,0,0,0
4493.788451,0,0,1,1,1,0,0,1,1
4494.436454,0,0,0,0,0,0,0,1,0
4495.396128,1,0,0,0,0,1,0,1,1
4496.167982,0,1,1,0,1,0,0,1,1
4496.486982,1,1,0,0,0,1,1,0,1
4496.950173,0,0,0,1,0,0,1,0,0
4497.938093,0,0,1,0,1,1,1,1,1
4498.897483,1,1,0,1,0,0,1,1,0
4499.450897,0,0,0,0,1,1,0,1,0
4500.254806,1,1,1,0,0,1,1,1,1
4500.852910,1,0,1,0,1,1,0,0,0
4501.688994,0,1,1,1,0,0,0,0,1
4502.189494,0,1,1,0,1,1,0,1,1
4502.396171,0,1,1,1,0,1,1,0,1
4502.849486,0,1,0,0,1,0,0,0,1
4502.870736,0,0,1,1,1,0,0,1,0
4503.579983,1,1,0,1,1,0,1,1,1
4504.016955,0,1,0,1,1,0,1,0,1
4504.955189,1,1,1,1,1,0,1,1,1
4504.977986,0,0,0,1,1,1,1,0,0
4505.461836,0,0,1,1,1,1,0,1,0
4505.595808,1,1,1,0,1,1,0,0,0
4505.809984,1,1,0,0,0,0,0,0,0
4506.606106,0,1,1,0,1,0,0,1,0
4507.351092,0,0,1,1,0,1,0,1,0
4508.290885,1,0,1,1,0,0,0,0,0
4508.473521,1,0,1,0,1,0,0,0,0
4508.506083,1,1,0,0,0,1,0,0,0
4509.056420,0,1,1,0,1,0,0,1,1
4509.221961,1,0,0,0,1,1,0,0,0
4509.681685,1,0,0,0,1,1,0,0,1
4510.068375,0,1,0,1,0,0,0,1,0
4510.302386,0,1,1,1,1,0,1,0,0
4510.371137,0,1,1,0,0,0,0,0,0
4511.152472,0,1,0,1,1,1,1,1,1
4511.669266,0,1,0,0,1,0,1,1,0
4512.616397,0,0,1,1,1,1,0,0,0
4512.680360,0,1,1,1,1,1,0,0,0
4513.362496,0,1,1,0,0,1,0,0,0
4513.598555,1,0,1,1,0,0,0,1,1
4513.726575,1,1,0,0,0,1,1,1,1
4513.807664,1,0,1,0,0,1,1,0,0
4514.675104,1,1,0,1,0,0,0,0,0
4515.532390,0,1,0,0,1,0,1,0,1
4515.533390,1,0,1,1,1,1,0,1,1
4515.982218,0,0,0,0,0,1,0,0,0
4516.758243,1,0,0,0,0,1,0,1,1
4517.256488,0,1,0,1,1,0,0,0,0
4517.838139,0,0,0,0,0,0,1,0,0
4518.820014,0,0,1,0,0,0,1,0,1
4519.787354,0,0,0,1,1,1,1,0,1
4520.737728,1,1,1,0,1,1,1,0,1
4521.700506,0,1,0,1,0,0,1,1,0
4522.626157,0,0,1,0,0,1,0,1,1
4523.206933,0,1,1,1,0,1,0,0,1
4523.660896,1,0,1,1,1,1,1,1,1
4524.480103,1,0,0,1,1,1,0,0,0
4524.498476,0,0,1,0,1,1,0,0,0
4524.911620,0,1,1,0,0,1,0,0,1
4524.986496,0,0,1,0,0,0,0,1,1
4525.615308,1,0,0,1,1,1,0,1,0
4526.281816,1,1,0,1,1,1,0,0,1
4527.227538,0,1,0,0,0,0,0,1,0
4528.148372,0,1,0,1,0,0,0,1,0
4528.158978,0,1,1,0,0,1,0,1,0
4528.622580,0,0,0,0,1,1,1,0,1
4529.414516,0,0,1,0,1,0,0,0,0
4530.165607,1,1,1,1,0,1,0,0,1
4530.366407,0,1,1,1,0,0,1,0,0
4530.448407,0,1,1,1,0,0,1,1,0
4531.052673,1,1,1,1,0,1,1,1,0
4531.438768,1,1,1,1,0,0,0,0,0
4532.010625,1,1,1,0,0,0,0,1,1
4532.335520,0,1,1,0,1,1,0,1,1
4532.396234,0,0,0,0,0,1,1,0,1
4532.895286,0,1,0,0,1,0,1,0,0
4533.416633,1,0,1,0,0,0,1,0,0
4533.656862,1,1,1,0,1,0,0,1,1
4533.803171,1,1,0,0,0,1,0,0,1
4534.595414,0,0,0,0,0,1,1,1,0
4534.926891,1,0,0,0,0,0,1,1,0
4535.001132,0,1,0,1,0,1,0,0,1
4535.374816,1,1,1,1,1,1,0,0,0
4535.526627,0,1,0,0,1,1,1,1,1
4535.689627,1,0,0,0,0,0,1,0,1
4536.544695,0,1,0,0,1,0,0,0,0
4536.623431,0,0,1,0,1,0,1,0,1
4537.382852,0,1,1,1,0,1,1,0,1
4538.273432,0,1,0,1,0,0,0,1,0
4538.817256,1,0,1,1,1,0,0,0,1
4539.047930,0,0,1,1,1,0,0,1,1
4539.562885,1,1,1,1,0,0,1,1,0
4540.478346,1,0,1,1,0,1,0,0,1
4541.443711,0,0,0,1,1,0,1,0,1
4541.937766,1,1,0,1,0,1,0,0,0
4542.254847,0,0,1,0,1,1,1,1,0
4542.849697,1,1,1,1,0,0,1,1,1
4543.730836,1,1,1,0,1,0,1,0,1
4544.038718,0,0,0,1,0,0,0,1,0
4544.354910,0,0,1,0,0,0,0,1,0
4545.246323,1,1,0,0,0,0,1,0,1
4545.605319,1,1,0,0,1,1,0,0,1
4546.206285,1,0,0,1,0,1,1,1,1
4546.626220,1,0,0,1,0,0,1,0,1
4547.380506,0,0,0,1,1,1,1,0,0
4548.339896,1,1,1,1,1,1,0,1,1
4548.626616,1,1,0,0,0,1,0,0,1
4548.698072,0,0,1,0,1,1,0,1,1
4549.173597,0,0,1,1,1,1,1,0,0
4549.433919,1,0,0,0,0,1,1,1,0
4549.515835,1,0,0,1,1,0,1,1,0
4549.794335,0,1,0,1,1,1,0,1,0
4550.612085,0,1,0,0,0,0,1,0,1
4551.266277,1,1,1,0,1,1,1,1,0
4551.892280,0,0,1,1,1,1,0,0,1
4552.440955,1,0,1,0,1,0,0,0,0
4552.531783,1,0,1,0,1,1,0,1,0
4553.451126,0,0,0,1,0,0,1,0,1
4553.803828,0,0,0,0,1,1,1,1,0
4554.064126,1,1,0,1,0,0,1,1,1
4554.683902,1,0,0,1,0,0,1,0,0
4555.314299,0,1,1,1,1,0,0,1,1
4555.409165,0,1,0,0,0,0,0,1,1
4556.318489,1,0,1,0,0,0,0,0,0
4557.126373,1,0,1,1,0,0,1,0,1
4557.756373,0,1,1,0,0,1,1,1,1
4558.657682,1,0,0,1,1,1,0,0,0
4558.823019,0,0,0,0,1,1,0,1,1
4559.527816,0,1,1,1,1,0,0,1,1
4560.345274,1,0,1,1,0,1,1,0,1
4560.971862,1,1,0,1,0,1,0,1,0
4561.247587,1,0,1,1,0,0,0,0,1
4561.528650,0,0,1,0,0,0,0,0,1
4562.497979,0,0,0,0,1,0,1,0,0
4563.378004,0,1,0,1,1,0,1,0,1
4564.223454,1,0,0,1,0,0,0,0,1
4565.077983,0,1,0,0,0,1,1,0,0
4565.829435,0,1,0,0,0,1,1,0,0
4566.450223,1,0,1,0,1,1,0,0,0
4566.538990,1,1,1,1,0,0,0,0,0
4566.896776,0,1,0,0,0,1,1,0,1
4567.640235,0,0,1,0,1,1,0,1,0
4568.373835,0,0,0,1,0,0,0,0,1
4569.028502,1,1,1,0,0,0,1,0,1
4570.007471,1,0,1,0,0,0,0,0,1
4570.475790,0,0,0,0,0,1,0,0,1
4571.425721,0,0,1,1,1,0,0,0,0
4571.597357,1,1,0,0,1,0,1,1,0
4572.142046,1,0,1,0,0,1,1,0,1
4572.753301,1,1,1,1,1,1,0,1,1
4572.908194,0,1,0,0,1,0,1,0,0
4573.318948,0,0,0,1,1,1,1,1,0
4574.217727,0,1,0,1,0,0,1,0,0
4575.154155,0,1,0,0,0,0,1,0,1
4575.783249,1,0,1,0,1,1,0,1,0
4576.687570,1,1,1,0,1,1,0,1,1
4577.649872,1,0,1,0,0,1,1,0,1
4578.118742,1,1,1,0,1,0,1,1,0
4578.328886,0,1,1,1,0,0,0,1,0
4578.620293,1,1,0,0,1,0,1,0,1
4579.596075,0,0,0,0,0,0,0,1,1
4580.368439,0,1,0,1,0,1,0,0,1
4580.885501,0,1,0,1,0,0,0,0,0
4580.927444,1,0,0,1,0,0,0,1,0
4581.601300,0,0,1,0,1,0,0,1,0
4582.167910,1,1,1,0,1,0,0,0,0
4582.964828,0,0,1,1,0,0,0,1,0
4583.637287,0,0,1,0,0,1,1,1,1
4583.666085,1,1,1,1,1,0,1,0,0
4583.956758,1,0,1,1,0,0,0,0,0
4584.528038,1,0,1,1,1,1,1,1,0
4584.606341,1,0,0,0,0,0,0,1,0
4585.507118,0,1,1,1,1,0,1,1,0
4586.187125,0,1,0,1,1,0,0,0,1
4586.770263,1,0,0,0,1,0,0,1,0
4586.908583,0,1,0,1,1,1,0,1,1
4586.987123,1,1,1,1,1,1,1,0,1
4587.615372,0,1,1,0,1,1,0,1,0
4588.339567,0,1,1,1,0,0,0,0,1
4588.729607,0,0,0,0,0,0,1,1,1
4589.340734,0,0,1,1,0,0,0,0,1
4589.465577,0,0,1,1,1,0,1,1,0
4589.956878,0,1,1,1,1,0,0,1,1
4590.174055,1,0,0,0,0,1,0,1,1
4590.841055,1,1,1,0,1,1,1,0,0
4591.257480,1,1,0,0,1,1,0,0,1
4592.153943,1,1,0,1,0,0,0,1,1
4592.559118,0,1,0,1,1,1,1,1,1
4593.466403,1,1,0,1,1,0,0,1,0
4594.171102,0,1,1,1,1,0,0,0,0
4594.681761,1,1,0,0,1,0,0,1,1
4595.230784,0,1,1,0,0,1,0,1,1
4595.620197,1,1,1,0,1,1,0,1,0
4596.118109,0,0,0,1,0,1,1,1,0
4596.143245,1,0,0,0,1,0,0,1,0
4596.711245,1,0,0,1,0,1,1,0,0
4597.483494,1,0,1,1,0,0,0,1,0
4597.986049,0,0,0,1,1,1,0,0,1
4598.555641,0,0,1,0,1,0,1,0,1
4598.812100,1,1,0,0,0,1,1,1,1
4599.670981,0,1,1,1,0,0,1,1,0
4600.137108,0,0,1,1,1,0,1,1,0
4600.316501,0,0,0,0,1,1,1,1,0
4600.981043,1,0,0,0,1,1,0,1,1
4601.052985,1,0,0,0,0,1,0,1,1
4601.953085,0,0,0,0,0,1,0,0,1
4602.023967,0,0,1,0,0,1,0,0,0
4602.415290,0,0,1,1,1,0,1,1,1
4602.489949,1,0,1,0,0,1,0,0,0
4603.209663,1,0,0,0,0,1,0,0,1
4603.776763,0,1,0,1,0,1,0,1,1
4604.598371,0,1,0,0,0,0,0,0,1
4605.129116,1,0,1,1,0,0,1,0,0
4605.397848,0,0,0,0,1,0,0,0,1
4606.095001,1,0,0,1,0,1,0,0,0
4606.650163,1,0,0,0,1,1,0,0,1
4607.546755,0,0,0,0,0,0,1,0,1
4608.116335,1,0,1,1,1,1,1,0,1
4609.071142,1,0,1,1,1,1,0,0,1
4609.075160,0,1,1,1,1,0,1,0,0
4609.440081,1,0,0,0,1,1,1,0,0
4610.141168,1,0,1,0,0,1,1,0,0
4610.636313,0,1,0,0,1,0,1,1,1
4611.230940,0,1,0,0,1,0,1,1,0
4611.329657,0,1,1,1,0,0,0,0,0
4611.909229,1,0,1,1,0,1,1,1,0
4612.101120,1,1,0,0,1,0,0,0,1
4612.624522,1,1,0,0,1,1,1,1,0
4612.653663,0,0,1,1,0,0,0,0,1
4613.315973,1,1,1,0,0,1,1,0,1
4613.784247,0,0,0,1,1,1,0,0,1
4613.897415,0,0,0,1,0,0,0,1,1
4614.458928,1,1,1,0,0,0,0,1,1
4614.987136,1,1,1,1,1,0,1,1,1
4615.330112,1,1,1,1,0,1,0,0,1
4615.534161,1,0,1,0,1,1,0,1,1
4615.811573,1,1,1,0,0,1,0,0,0
4616.414011,1,0,0,0,0,0,1,0,1
4616.998113,0,0,0,0,0,1,1,0,1
4617.238359,1,1,1,0,1,1,0,0,1
4618.024089,1,1,1,0,1,0,1,0,1
4618.027511,1,0,1,0,0,1,1,1,0
4618.303236,0,0,1,1,1,1,1,0,0
4618.528695,1,1,1,1,1,1,0,1,0
4619.165736,1,0,1,0,0,0,0,0,0
4619.698280,1,1,0,0,1,1,1,1,1
4620.380416,0,1,0,0,1,1,0,1,0
4620.545860,0,1,0,1,1,1,1,1,0
4621.277339,1,0,0,1,0,0,1,0,0
4621.463086,0,1,0,0,0,0,1,1,0
4622.053424,0,1,0,1,0,0,0,0,0
4622.423003,1,0,0,0,0,0,1,0,0
4622.601908,0,1,0,1,1,1,0,1,1
4623.332759,1,1,0,0,1,0,0,0,0
4623.778910,0,0,0,0,1,1,0,0,0
4624.223747,0,0,1,1,0,0,1,0,0
4624.528339,1,1,1,1,0,1,1,1,1
4625.034042,0,0,0,1,1,1,1,0,1
4625.869456,1,1,1,1,1,1,1,1,1
4626.585689,0,1,1,1,1,1,1,1,1
4627.093942,0,1,1,1,1,0,1,1,0
4627.401824,0,1,0,1,1,1,1,0,0
4627.735140,0,0,1,1,1,1,1,0,0
4628.148426,0,1,1,1,0,0,0,1,0
4628.837803,1,0,1,1,0,0,1,1,0
4629.270596,0,1,0,0,0,0,1,1,0
4629.888235,1,0,0,0,1,1,1,0,1
4630.263329,1,0,1,0,0,0,0,1,1
4631.029046,0,0,1,0,0,1,0,0,0
4631.832060,1,0,0,1,1,1,1,0,1
4632.353665,0,0,0,0,1,0,1,1,1
4632.433772,0,0,1,1,1,1,1,0,1
4632.493001,1,0,0,0,1,1,0,1,0
4633.397858,1,1,0,1,0,1,1,0,1
4634.019383,1,0,0,1,0,0,1,0,0
4634.874366,1,1,0,0,0,1,0,1,1
4635.122007,0,1,1,0,1,0,0,1,0
4635.295084,1,1,1,0,1,1,0,1,1
4635.389975,1,1,1,1,0,0,0,0,1
4635.449658,0,0,1,1,1,1,1,0,1
4636.234614,1,1,1,0,0,0,1,1,1
4636.793442,0,0,0,1,1,0,1,1,0
4636.960942,0,1,1,1,0,0,0,0,0
4637.123942,1,1,0,0,0,0,0,0,0
4637.765571,1,0,1,0,1,1,0,0,0
4638.194158,1,1,0,1,0,1,1,1,1
4638.448901,1,0,1,1,0,1,0,0,0
4639.172448,1,0,0,1,0,0,0,0,1
4639.941685,1,1,0,1,1,0,0,0,1
4640.930122,1,0,0,1,1,1,1,0,1
4641.561122,1,0,1,0,0,1,0,0,0
4642.149769,0,0,0,1,1,0,1,0,0
4642.181215,0,0,0,1,0,1,0,1,1
4643.135389,1,1,0,0,0,0,1,0,1
4643.603737,1,1,0,0,0,0,1,0,1
4643.735155,0,1,1,1,0,1,0,0,1
4644.324426,0,1,1,0,1,0,1,0,1
4644.601083,0,1,1,0,0,1,1,0,1
4644.778377,0,1,0,0,0,0,1,1,0
4644.842873,0,0,1,1,0,0,0,1,0
4645.499467,0,1,1,1,1,0,1,0,1
4646.430070,0,1,0,0,0,1,1,1,0
4646.986611,1,1,0,0,1,0,0,1,1
4647.397593,0,1,1,0,1,0,0,0,0
4647.875388,0,0,1,0,1,1,0,0,1
4648.250128,1,0,0,0,0,0,0,0,0
4648.863973,0,1,1,1,0,1,1,0,1
4648.957544,0,0,1,1,0,0,0,1,1
4649.392892,1,0,0,1,1,1,0,0,1
4650.161926,0,0,0,1,1,1,1,1,0
4650.162926,0,1,0,0,0,1,1,1,1
4651.084287,1,0,0,0,0,0,0,1,1
4652.013257,1,1,0,0,0,1,0,0,0
4652.636320,1,1,1,0,1,0,1,1,0
4653.272248,1,1,0,0,1,1,1,0,1
4653.451036,0,0,0,1,1,0,0,1,1
4654.066805,0,1,0,1,0,0,0,0,1
4654.244099,0,0,1,1,0,1,1,0,0
4654.783588,0,0,0,1,1,0,0,1,0
4655.643910,1,0,1,1,1,1,0,1,1
4656.193475,0,0,1,0,0,0,1,1,1
4656.504582,1,1,0,0,1,0,0,0,0
4656.822338,1,0,0,0,0,0,0,1,0
4657.197528,1,1,1,1,1,0,0,0,1
4658.138763,0,1,1,1,1,0,1,0,1
4658.265563,1,0,0,1,0,0,0,0,1
4658.926012,0,0,1,0,0,1,1,0,1
4659.315936,0,1,1,0,0,0,1,1,0
4659.988677,0,1,1,1,0,0,0,1,0
4660.620323,1,1,0,1,0,1,0,1,0
4661.194662,0,1,1,0,0,0,0,0,0
4661.894962,0,1,1,1,0,0,0,0,1
4662.835252,1,1,0,1,0,0,1,1,1
4662.843250,0,0,1,1,1,0,0,1,0
4663.204603,0,1,0,0,1,1,0,1,1
4663.720110,1,1,1,0,1,0,1,0,0
4664.518557,0,1,1,0,1,1,0,0,1
4664.975412,0,1,0,0,1,1,1,1,0
4665.363630,1,1,0,0,1,1,0,0,0
4666.274326,1,0,0,0,1,0,0,0,0
4667.076071,1,0,0,0,1,0,1,1,1
4667.191965,1,0,0,0,0,1,1,0,0
4667.434762,1,1,1,0,0,1,0,0,0
4667.564204,1,1,0,0,0,1,1,1,1
4667.840276,1,0,1,0,0,0,0,1,0
4668.404774,1,0,1,1,0,1,1,0,1
4668.703401,1,1,0,1,0,1,0,1,0
4669.624115,0,0,0,0,1,0,1,0,1
4669.853042,0,0,0,0,1,1,1,0,1
4670.289113,0,0,0,1,1,0,1,0,1
4671.179166,0,1,0,0,0,0,0,0,0
4671.429118,0,1,0,1,0,1,0,1,1
4671.456640,1,1,0,0,0,1,1,0,1
4672.047842,0,1,0,0,0,0,1,0,1
4672.175400,1,1,1,1,1,1,0,0,1
4672.318738,0,1,0,1,1,1,0,1,0
4672.684218,1,1,0,1,0,1,1,0,0
4672.777490,1,1,1,0,1,1,0,1,1
4673.389783,0,0,0,0,1,0,1,0,0
4673.747057,0,1,0,0,1,0,1,1,0
4674.318341,0,1,0,1,1,0,0,1,1
4674.478699,1,0,1,1,0,0,1,1,0
4675.353824,1,1,1,1,1,1,0,1,1
4675.640252,0,0,0,0,0,1,1,1,1
4676.520611,1,1,1,0,0,0,1,0,0
4677.142001,0,0,1,0,1,0,0,0,1
4677.999287,1,1,1,0,1,0,0,1,1
4678.647155,1,1,1,1,1,1,0,1,1
4679.032128,0,0,1,0,0,0,1,0,1
4679.036874,0,0,0,0,1,1,0,0,1
4679.308096,1,0,0,1,1,0,1,0,1
4679.889086,0,1,1,1,0,0,1,1,0
4680.677114,0,0,0,1,0,1,0,0,0
4680.943244,0,1,0,1,0,0,0,1,1
4681.668907,0,1,1,0,0,1,0,1,1
4682.093962,0,1,1,1,1,0,1,1,1
4682.195702,0,0,1,0,0,0,0,1,0
4682.825765,1,0,0,0,0,0,1,0,0
4683.013019,1,0,1,0,0,1,1,1,1
4683.855188,0,1,1,0,1,1,0,1,0
4684.257599,0,1,0,0,1,1,0,1,0
4685.076620,0,0,1,1,1,1,1,0,0
4685.454699,0,1,0,0,1,1,0,1,1
4685.614902,0,0,0,1,0,0,1,1,1
4685.831417,1,1,0,0,0,1,1,0,1
4686.085328,0,1,1,1,1,1,0,0,1
4686.846296,1,1,1,0,1,0,1,1,0
4687.746396,1,1,1,1,0,1,1,0,1
4688.666765,1,0,0,1,0,0,0,1,1
4688.820479,0,1,0,0,1,0,0,1,0
4689.712847,1,1,1,1,0,1,1,1,1
4690.490847,1,1,0,1,1,0,0,0,1
4691.098278,1,0,1,0,1,1,0,0,1
4692.001336,0,1,1,1,1,1,0,1,1
4692.982663,0,1,1,0,0,0,0,1,1
4693.250063,0,0,1,1,0,1,1,1,1
4693.355005,1,0,1,0,0,0,1,1,0
4694.202005,1,0,0,1,0,0,1,1,1
4694.872580,1,1,1,0,0,1,0,1,0
4695.801019,0,0,1,1,0,1,0,1,1
4696.171471,1,0,0,1,0,1,0,1,1
4696.594068,0,0,1,1,0,0,1,1,0
4697.507775,0,1,0,1,1,1,0,0,1
4697.913523,0,1,0,1,0,1,1,1,1
4698.822962,1,0,1,0,1,1,0,0,1
4699.163813,1,0,1,1,0,0,0,1,0
4699.949860,0,1,1,0,1,1,0,0,1
4700.527456,1,1,1,1,0,0,1,1,0
4700.612601,1,1,1,1,1,0,1,1,1
4700.782898,0,0,1,1,0,0,0,0,0
4701.737390,0,0,1,0,1,0,0,1,0
4702.305766,0,0,1,1,0,0,0,0,0
4702.358823,0,0,0,0,1,1,0,0,0
4702.845685,0,0,0,1,0,0,0,0,1
4703.734959,0,1,0,1,1,1,1,0,0
4704.039695,0,0,1,1,1,1,1,0,0
4704.124087,1,0,1,0,0,1,1,0,1
4704.725251,0,1,0,0,1,0,1,1,1
4705.489081,0,1,1,0,1,0,0,1,0
4705.678668,1,0,1,1,1,1,1,0,0
4705.924521,1,0,0,0,1,1,0,1,0
4706.486687,0,1,1,1,1,1,0,1,0
4707.020349,1,0,1,0,0,1,1,1,1
4707.986244,1,0,0,0,1,1,1,0,0
4708.280054,1,1,1,0,0,0,1,1,0
4709.007600,1,1,1,0,0,0,0,0,0
4709.751990,1,0,1,1,1,1,0,1,1
4710.505462,1,0,0,0,0,0,1,0,1
4710.632416,0,1,1,1,1,1,0,1,1
4711.346987,1,0,0,1,0,0,0,0,0
4712.263380,1,0,0,0,0,1,1,1,1
4712.729572,1,1,1,1,0,1,1,1,1
4713.712601,0,1,0,1,1,1,0,1,1
4713.737820,0,0,0,1,1,1,0,0,1
4713.754900,0,0,0,0,1,0,0,0,0
4714.668814,1,0,1,0,1,0,0,1,0
4714.709529,1,0,1,0,0,0,0,1,0
4715.202994,0,0,0,0,0,0,0,1,0
4715.469354,0,1,0,1,1,0,1,1,1
4716.467255,0,1,0,1,1,0,0,1,0
4716.657922,1,1,0,0,0,1,0,0,0
4717.149517,0,1,0,0,1,0,1,0,1
4717.420964,0,0,1,0,0,1,1,1,0
4717.660592,0,0,0,1,1,0,0,0,0
4718.340348,0,0,0,0,1,1,0,0,1
4719.158712,0,1,1,0,0,1,0,1,0
4719.766151,1,0,0,0,1,1,0,0,0
4720.464956,1,1,0,0,0,0,1,0,1
4721.401415,0,0,1,1,0,0,1,0,0
4721.941731,1,0,0,0,0,0,0,0,1
4722.395258,1,1,0,0,1,0,0,0,0
4723.171952,0,0,0,0,0,0,1,1,0
4723.588594,1,1,0,1,0,0,1,1,0
4724.105060,1,0,0,1,0,1,1,0,0
4724.704370,0,0,0,0,0,0,0,0,1
4725.203309,0,0,1,0,0,0,1,0,0
4725.690354,1,1,0,1,1,1,0,1,1
4726.136142,0,0,1,0,1,1,0,0,1
4726.380312,0,0,1,0,1,0,1,1,1
4726.440821,1,1,1,0,0,0,1,1,0
4727.306868,0,0,0,0,1,0,0,1,1
4727.316587,1,1,1,1,1,1,1,0,1
4727.727177,0,0,0,0,0,0,1,1,1
4728.184927,0,1,1,1,0,0,0,1,1
4729.036927,0,1,1,1,0,1,0,0,0
4729.580126,0,0,0,0,1,1,1,0,0
4729.761178,1,0,1,1,0,0,1,1,0
4729.905453,0,0,1,0,1,0,1,1,0
4730.509024,0,1,1,1,1,0,1,0,1
4730.961988,1,0,1,0,1,0,1,0,0
4730.983129,1,0,0,0,0,1,0,1,1
4731.232203,1,0,1,1,0,0,0,1,1
4731.561821,0,0,1,0,1,1,0,0,1
4732.522535,1,0,0,0,1,1,0,1,1
4732.651612,1,1,1,0,1,0,1,1,1
4733.618312,0,0,1,0,0,1,0,0,1
4733.965119,0,1,1,1,0,1,0,0,0
4734.384748,0,0,0,0,1,1,0,0,0
4735.208029,1,0,0,1,0,1,0,0,0
4736.024003,0,1,1,0,1,0,1,1,1
4736.979224,1,1,0,1,0,0,1,0,1
4737.083894,0,0,0,0,0,0,0,1,0
4737.665489,1,1,1,0,1,0,1,0,1
4738.618661,0,1,1,1,1,1,0,1,1
4739.328629,0,1,1,0,1,1,1,0,1
4740.249413,0,0,0,0,1,0,0,0,0
4741.081961,0,0,0,0,1,0,1,1,1
4741.098490,1,1,1,0,1,1,0,0,0
4741.232298,0,1,1,0,1,0,0,0,1
4741.486867,0,0,1,1,1,0,0,1,0
4742.455648,1,0,1,1,1,0,0,0,0
4742.838816,0,1,0,1,1,0,1,1,0
4743.483508,1,1,0,0,0,0,1,0,0
4743.723799,1,0,0,1,1,1,0,1,0
4744.427322,1,0,1,0,0,0,1,1,1
4745.089924,0,1,0,1,0,1,0,1,0
4745.097194,1,1,1,0,1,0,1,1,1
4745.716165,1,1,0,0,1,0,1,0,1
4745.761077,0,0,0,1,1,0,1,1,0
4745.845435,0,1,1,1,1,1,1,0,1
4745.906077,0,0,1,1,1,1,0,1,0
4746.158135,0,1,1,1,0,0,0,0,1
4746.607041,0,0,1,0,0,0,0,0,0
4746.750755,0,0,0,1,1,0,1,1,0
4747.719166,0,1,1,0,0,1,0,1,0
4748.049105,1,1,1,1,1,0,0,1,1
4748.232032,0,0,0,1,1,0,1,0,0
4749.165301,0,0,1,0,1,0,0,0,0
4749.659397,1,0,0,1,1,1,0,1,1
4749.853610,1,0,1,1,0,0,0,1,0
4750.081436,0,1,1,0,1,0,0,1,0
4750.947732,0,0,0,0,1,1,0,1,1
4751.022876,0,1,1,1,0,1,1,0,0
4751.844084,0,1,0,1,1,0,0,1,1
4752.390745,1,1,1,0,1,0,1,0,0
4752.427696,1,0,0,1,1,0,1,0,1
4752.863744,1,1,1,1,1,1,0,1,0
4753.000202,1,0,0,1,1,1,1,0,0
4753.588414,1,0,0,1,0,0,0,0,0
4754.462989,1,1,0,1,0,1,1,1,1
4754.921363,0,1,1,1,1,0,0,0,0
4755.255363,1,1,0,0,0,0,1,1,1
4755.509443,1,1,0,1,0,0,0,0,0
4755.621059,0,0,0,0,1,0,1,1,0
4756.594489,1,1,1,1,1,0,1,0,1
4757.407112,1,1,1,0,1,0,0,1,0
4757.785093,0,0,1,1,0,1,0,1,1
4757.968746,1,1,0,0,1,1,0,1,0
4758.665858,1,1,1,0,1,0,1,1,1
4759.253914,0,0,0,1,0,0,1,1,1
4760.164039,1,1,0,0,0,1,0,1,1
4760.590539,1,1,0,1,1,1,0,0,1
4761.276803,0,0,0,1,0,1,1,1,1
4761.568960,0,1,1,1,1,1,0,0,1
4761.758357,0,0,0,0,0,0,0,0,1
4761.952147,1,1,1,0,1,0,0,0,1
4762.482468,0,1,1,1,0,1,0,1,0
4763.206148,1,0,0,0,1,1,0,1,0
4763.403304,0,1,1,0,1,1,0,1,0
4763.666143,0,1,1,1,0,1,0,1,1
4764.565234,0,1,0,0,0,1,1,0,0
4764.578025,1,0,1,1,1,0,0,1,0
4765.428280,0,1,1,1,1,0,1,1,0
4766.095280,1,0,0,0,0,0,1,1,1
4766.096280,0,0,0,1,1,0,1,0,1
4766.391540,1,0,1,1,1,0,0,1,1
4767.071860,0,1,1,0,1,1,1,1,0
4767.472460,0,1,0,0,1,1,0,1,0
4768.438233,1,1,0,1,0,0,1,0,0
4768.741158,0,1,1,1,1,0,1,0,0
4769.368821,1,0,0,1,1,1,0,0,0
4769.446668,0,0,1,0,1,0,0,0,0
4769.812687,0,1,0,1,1,1,1,0,1
4770.246587,1,1,0,1,0,0,0,1,0
4770.670021,1,1,1,0,0,0,1,0,1
4771.199319,1,1,1,1,1,0,0,0,1
4771.762896,1,0,1,1,0,0,1,0,1
4772.075920,1,0,0,1,0,0,1,1,1
4772.446628,1,1,0,1,0,0,0,0,1
4773.433308,1,1,1,0,0,1,0,0,1
4773.451514,1,1,1,1,1,1,1,0,1
4774.409037,0,1,0,0,1,1,1,1,1
4774.423618,1,0,1,0,0,0,1,0,1
4774.959968,1,0,1,1,1,1,1,0,1
4775.106571,0,1,1,0,1,0,0,0,1
4775.657479,1,0,0,1,1,1,1,1,0
4776.559132,1,0,0,1,1,1,1,0,0
4776.633285,1,1,0,0,1,1,1,1,1
4776.684419,1,0,1,1,0,1,0,1,1
4776.994954,0,0,1,1,0,1,1,0,1
4777.946288,1,0,1,0,1,1,0,1,1
4778.146527,1,0,0,1,1,0,0,1,1
4778.546445,1,1,0,0,1,1,0,1,1
4778.604577,1,1,1,1,0,0,1,1,0
4778.664135,1,0,1,0,1,0,0,1,1
4778.801362,1,0,0,1,1,1,1,0,0
4778.974459,1,1,0,0,1,0,0,0,1
4779.934499,0,1,1,0,1,0,0,0,0
4780.016599,0,0,1,1,1,1,1,0,1
4780.878708,1,1,0,1,1,0,0,1,0
4781.007731,0,0,1,0,1,1,1,0,1
4781.240544,1,1,0,1,1,0,1,1,1
4781.439847,0,0,0,1,1,1,1,0,0
4781.520058,0,1,0,1,0,0,1,1,0
4781.941150,0,1,0,1,0,1,0,1,1
4782.899698,0,1,1,0,1,1,1,1,1
4783.606758,0,0,0,0,0,0,1,0,0
4783.808776,1,1,1,0,1,0,1,0,0
4784.392526,0,1,0,1,1,0,0,1,1
4785.210890,1,1,0,0,1,0,0,0,1
4786.120072,0,1,0,0,0,0,0,0,1
4786.941811,1,0,1,1,0,0,0,1,1
4787.423871,1,0,1,1,1,0,1,1,0
4787.911852,0,0,1,1,0,0,0,1,1
4788.411672,1,0,0,1,0,1,1,1,1
4788.654249,1,0,1,1,1,1,0,0,0
4789.087469,0,1,0,0,0,0,1,0,1
4790.046188,0,0,1,1,0,1,0,1,1
4790.675411,1,0,0,0,0,0,1,0,0
4790.937651,0,0,0,0,1,1,0,1,1
4791.604651,1,0,1,1,1,0,1,1,0
4792.478851,0,1,1,0,1,1,1,0,0
4793.207952,1,0,0,0,0,0,1,1,0
4793.641509,0,0,0,0,0,1,0,1,0
4793.975509,1,0,0,0,0,0,0,1,0
4794.779214,0,1,1,0,0,1,1,1,0
4795.553537,0,1,1,1,1,1,0,0,1
4796.125394,1,0,1,1,1,1,1,0,1
4796.430049,0,0,0,0,1,1,1,1,0
4797.024394,0,0,1,0,1,0,1,0,1
4797.742625,1,1,1,0,0,1,0,0,1
4798.527689,0,1,1,1,0,0,0,0,0
4799.111927,0,1,0,0,1,1,0,0,1
4799.780198,1,0,0,1,1,1,0,0,1
4800.413682,0,0,1,0,1,0,1,1,1
4800.414682,0,0,1,1,0,1,0,1,0
4801.348650,0,1,0,1,1,0,1,1,1
4802.215689,1,0,0,0,0,1,0,1,1
4802.250746,0,0,1,0,0,0,0,1,0
4802.966911,1,0,1,1,0,1,1,1,1
4803.377213,0,1,1,1,1,0,1,0,1
4804.293963,1,1,1,1,1,1,0,0,1
4804.448949,1,1,1,0,0,0,1,1,1
4804.601183,1,1,0,1,1,1,0,1,1
4805.424082,1,1,0,1,1,1,0,0,0
4805.846378,1,1,0,1,0,0,0,0,1
4806.647302,1,0,0,1,1,1,0,0,1
4807.569659,1,0,0,1,1,0,1,1,1
4808.159356,1,0,1,1,0,1,0,0,0
4808.871292,1,1,0,1,1,0,1,0,1
4809.654778,1,0,0,0,0,1,1,0,1
4810.289403,0,1,0,1,1,1,0,0,0
4810.511781,0,1,0,1,0,1,1,0,1
4810.999623,0,1,1,0,1,0,1,1,0
4811.661817,0,0,0,1,0,0,0,1,1
4812.355777,0,1,1,0,0,0,0,0,1
4812.693701,0,0,1,0,0,0,1,0,1
4813.378798,1,0,0,0,1,0,1,0,1
4813.465183,1,1,0,0,1,1,1,0,1
4814.453874,1,1,0,0,0,0,0,1,1
4814.826073,1,0,1,0,0,1,0,1,0
4815.567196,1,0,1,0,1,0,1,0,0
4816.414806,0,0,1,0,0,1,0,1,1
4816.937024,0,1,1,0,1,0,1,0,1
4817.271024,0,1,0,1,1,1,1,1,0
4818.084577,1,1,1,0,1,0,0,0,0
4818.880480,1,1,0,0,0,1,0,1,1
4819.636450,1,1,0,1,0,1,1,0,0
4819.792284,0,1,1,0,1,0,0,1,1
4820.607441,1,0,1,1,1,0,0,0,0
4821.345923,0,0,0,1,0,0,1,1,0
4821.772029,1,0,1,0,1,0,1,1,1
4822.291558,1,0,0,1,1,1,1,0,1
4823.003601,0,0,0,1,1,0,1,1,1
4823.629591,1,0,0,1,0,0,1,1,0
4824.118933,0,0,1,1,1,0,0,1,1
4824.776253,0,1,1,0,0,1,1,1,0
4825.235272,1,0,0,1,1,1,0,1,0
4825.899595,1,1,0,0,1,1,0,1,0
4826.263234,1,1,1,0,1,1,0,0,1
4826.954126,0,1,1,1,1,1,1,1,1
4827.337722,1,0,0,1,0,1,1,0,1
4827.585601,1,0,1,0,1,1,1,0,1
4827.800030,0,0,1,0,0,0,0,0,0
4828.483274,1,0,0,1,1,0,0,1,1
4828.959604,0,1,0,1,0,1,1,1,1
4829.520650,1,1,0,0,0,0,0,0,0
4830.021150,1,1,0,0,0,0,0,1,1
4830.127503,0,1,1,1,1,1,0,1,0
4830.454086,0,1,0,0,1,0,1,1,1
4830.876415,0,0,1,0,1,1,0,0,0
4831.386905,0,0,0,0,0,1,0,1,1
4831.886366,0,1,0,1,0,1,1,1,0
4832.828192,1,0,1,1,1,0,1,0,1
4832.829192,1,0,0,0,0,0,0,0,1
4833.211105,1,0,0,0,0,1,0,0,1
4833.222733,0,1,0,0,0,1,1,1,0
4833.782806,1,1,1,1,0,1,1,1,0
4834.204168,1,0,1,0,0,0,0,1,1
4834.961433,0,1,1,1,1,0,1,1,0
4835.079724,0,0,1,1,0,0,0,0,0
4836.024224,0,0,0,1,1,0,1,0,0
4836.773110,0,1,1,1,1,0,0,1,0
4837.394772,0,1,0,1,1,0,0,0,0
4837.975548,1,0,0,0,0,1,1,0,0
4838.409151,0,1,1,0,1,0,1,0,1
4838.731258,0,1,1,1,0,0,1,1,0
4839.162895,1,1,0,1,1,1,0,1,1
4839.542021,0,0,0,1,0,1,1,1,0
4839.773032,0,0,1,0,0,1,1,1,1
4840.155262,0,0,0,0,0,1,0,1,1
4840.869834,1,1,1,0,1,1,1,0,1
4841.658551,0,0,1,1,1,0,1,1,1
4841.771281,1,1,1,1,0,1,1,0,0
4842.095974,1,0,1,0,1,0,0,0,0
4842.645557,0,0,0,0,1,1,0,0,1
4842.944728,1,1,1,1,0,0,0,1,0
4843.365308,0,1,0,1,1,0,0,0,0
4844.219387,1,0,0,1,0,1,1,0,1
4844.789992,0,0,0,0,1,1,0,0,1
4844.931811,0,1,0,0,1,1,1,0,1
4845.838684,0,0,1,0,1,0,1,0,0
4846.448564,1,1,0,1,1,0,1,0,1
4847.206300,1,1,0,0,1,1,1,0,1
4847.710039,1,1,0,1,0,0,0,1,1
4847.829230,0,1,1,1,0,0,1,1,0
4848.260355,0,0,0,1,1,1,1,1,1
4849.000773,0,1,1,0,0,0,1,0,1
4849.265542,1,0,1,0,0,1,1,1,1
4849.832934,1,1,1,1,0,1,0,1,0
4850.310753,1,0,1,1,1,0,0,1,0
4851.217372,0,0,0,0,1,0,0,1,1
4851.632492,0,0,1,0,0,1,1,1,1
4852.050231,0,0,1,0,0,0,0,0,0
4852.338615,0,0,0,1,0,0,1,0,1
4852.934430,0,1,1,1,0,0,1,1,1
4853.043245,0,1,0,0,1,1,1,1,0
4853.204085,1,1,0,0,1,0,0,0,0
4854.177524,0,0,0,1,0,1,1,0,1
4854.339313,1,1,1,0,1,1,1,0,0
4855.316259,0,0,0,0,0,1,1,0,0
4855.779084,1,0,0,0,0,0,1,1,1
4856.176137,1,0,0,1,1,1,0,0,0
4856.544725,0,1,1,1,1,0,0,0,0
4857.280989,1,1,0,1,1,1,0,0,1
4857.676223,1,0,1,1,0,1,0,0,1
4858.235785,0,0,1,1,0,0,1,0,0
4858.979595,0,0,1,0,1,1,0,0,0
4859.786874,1,1,0,0,0,1,0,0,1
4860.703715,0,0,1,0,1,1,0,1,0
4860.834178,0,1,0,1,0,1,1,0,1
4860.923524,0,0,1,0,0,1,0,1,1
4861.905306,1,0,1,1,1,0,1,1,0
4862.617908,0,0,0,1,0,1,1,0,1
4863.094871,1,1,0,1,1,1,1,1,0
4863.637445,0,0,1,1,0,1,1,1,1
4864.171911,0,1,1,1,0,1,0,1,0
4864.705791,1,0,1,0,0,0,1,1,0
4865.328157,0,0,1,0,1,1,0,1,1
4866.319066,0,0,0,1,0,0,0,1,0
4867.011479,1,0,0,1,1,0,0,0,1
4867.419823,1,1,1,1,1,0,1,0,0
4867.617596,1,1,0,1,1,0,0,0,0
4867.991264,1,1,1,0,0,1,1,0,1
4867.992264,0,0,0,1,1,0,0,0,0
4868.239191,1,0,0,1,0,1,1,1,0
4868.618384,1,0,0,1,0,0,0,1,0
4868.935855,0,0,0,0,1,1,1,1,1
4869.453926,1,1,1,0,1,0,1,0,1
4869.751730,1,1,0,1,1,0,1,0,1
4870.475360,1,0,1,1,1,0,1,1,1
4871.271680,1,1,1,1,1,1,1,1,0
4872.212280,1,1,1,1,0,1,0,0,1
4872.338889,1,1,1,1,1,1,1,0,0
4872.890422,0,1,0,0,1,1,0,1,0
4873.750595,1,0,1,0,1,1,1,0,1
4873.907120,0,1,0,0,1,0,0,0,0
4874.712684,1,0,1,1,1,1,0,1,0
4874.944222,1,1,0,0,1,1,1,0,1
4875.171696,1,0,0,1,0,1,0,0,1
4875.398276,0,0,1,1,1,0,1,0,0
4875.834325,0,1,1,0,0,1,0,0,0
4876.491864,0,1,1,0,0,1,0,0,0
4877.137995,1,1,1,0,1,0,0,1,1
4877.965754,1,0,0,1,1,1,1,1,0
4878.453555,0,0,1,1,0,0,0,1,1
4878.670496,0,0,0,1,0,1,0,0,0
4878.898789,0,0,0,1,0,1,0,0,1
4878.956679,1,0,0,1,0,0,0,0,1
4879.466399,1,1,1,1,0,0,1,1,1
4880.182398,0,1,0,0,1,1,1,0,1
4880.887916,1,1,1,0,1,0,0,0,1
4881.754640,0,0,0,0,0,0,1,0,0
4881.975884,0,1,1,0,1,0,1,1,1
4882.597884,1,0,1,1,1,1,1,1,1
4883.390544,1,1,0,0,1,1,1,0,0
4883.968432,1,1,1,0,0,1,0,1,0
4884.743657,1,1,1,0,1,1,1,1,1
4885.244157,0,1,1,0,1,0,1,0,1
4885.730385,1,0,0,0,1,0,0,0,1
4886.421794,0,1,0,1,0,1,1,1,1
4887.232110,0,1,1,0,0,1,0,1,1
4887.417226,1,1,0,0,1,0,1,0,1
4888.134591,1,1,0,0,0,0,0,0,1
4889.044123,0,1,0,0,1,0,1,1,0
4889.730036,0,0,0,0,0,1,0,1,0
4890.189866,1,0,1,1,1,1,0,1,0
4890.381630,1,0,1,1,0,1,0,1,0
4891.037596,0,0,1,1,1,1,0,1,0
4891.869623,0,0,1,1,0,0,1,1,0
4892.512292,0,1,0,1,0,1,0,1,1
4893.348105,1,1,0,0,0,1,1,1,0
4894.272106,0,1,1,1,0,0,0,1,0
4895.005706,1,0,0,0,1,1,0,1,0
4895.045536,0,0,0,0,0,1,1,0,0
4895.475507,1,0,0,0,0,0,0,0,1
4895.600958,1,0,0,0,1,1,1,0,1
4896.004540,0,1,0,0,0,0,1,1,0
4896.232204,1,0,0,1,1,0,1,1,1
4896.970796,0,1,1,0,1,1,1,1,1
4897.434969,1,0,1,0,0,1,0,1,0
4898.046179,0,1,1,1,1,1,1,0,0
4898.624437,0,0,0,1,1,0,1,0,1
4898.828416,0,1,0,1,0,1,0,0,0
4899.021028,1,0,0,0,1,0,0,1,0
4899.355028,1,0,1,1,0,0,1,0,1
4899.778682,1,0,1,0,1,0,1,0,1
4900.654978,0,0,0,0,1,1,0,1,1
4901.155478,1,0,0,0,0,0,1,1,0
4902.026509,0,0,0,1,1,1,1,0,1
4902.136615,0,1,1,0,0,0,0,1,1
4902.506107,1,1,1,0,0,1,0,0,0
4902.844067,1,1,1,1,1,0,0,0,1
4903.344567,1,0,0,1,1,1,0,0,0
4903.501789,0,1,0,0,0,0,1,1,0
4904.287280,0,0,0,1,0,0,1,0,0
4905.092945,1,0,1,1,0,0,0,0,1
4905.290599,0,0,1,0,0,1,0,0,0
4906.028956,1,0,0,0,0,0,0,0,1
4906.290410,1,1,0,0,0,0,0,1,1
4907.096574,0,0,0,1,1,1,0,0,0
4907.294637,1,0,1,0,1,1,1,1,0
4908.113001,1,0,0,1,0,0,1,0,0
4908.815862,0,0,1,1,0,1,0,1,1
4908.891507,1,1,1,0,1,0,0,0,1
4909.206401,0,1,0,1,1,1,1,1,1
4909.812919,1,0,0,1,0,1,0,0,0
4910.179832,0,1,1,1,0,0,0,0,0
4910.298033,1,0,1,1,0,0,1,0,1
4910.447033,0,1,0,1,1,0,0,0,0
4911.056120,0,0,1,0,0,1,1,0,1
4912.003309,0,0,1,0,0,0,1,1,1
4912.432452,1,0,1,1,0,1,1,0,0
4913.284593,1,0,1,1,1,1,0,1,0
4913.373627,0,1,1,1,0,0,0,1,0
4914.334391,0,1,1,1,0,1,0,1,0
4915.106194,1,1,1,0,1,1,0,0,0
4915.952501,0,1,1,1,0,1,1,0,1
4916.291094,0,0,0,1,0,1,0,1,0
4917.064973,0,1,1,1,1,0,0,0,0
4917.114312,0,1,0,1,1,0,0,1,0
4917.795187,1,1,0,0,0,1,1,0,0
4917.973819,1,0,0,1,0,0,1,0,0
4918.664604,1,0,1,0,1,1,1,0,1
4919.586251,1,0,0,1,1,1,0,0,1
4920.211894,1,0,1,0,0,0,1,0,1
4920.253275,0,0,1,0,1,0,0,0,1
4920.376602,1,0,1,0,0,0,0,0,0
4920.516459,1,1,1,1,1,1,0,0,0
4920.977479,1,0,0,0,1,0,0,0,1
4921.056929,1,1,0,1,1,0,1,0,1
4921.343197,0,0,0,1,1,0,0,0,1
4921.685394,0,0,1,1,0,0,0,1,1
4921.838765,1,1,1,1,0,1,1,1,0
4922.836363,0,1,0,1,1,0,1,1,1
4923.249994,1,0,0,1,0,0,1,1,1
4923.582303,1,1,1,1,1,0,1,0,0
4924.471776,0,1,0,0,0,0,1,1,0
4924.812305,0,0,0,1,1,0,0,1,0
4925.318534,0,0,0,1,0,1,1,1,0
4925.643534,1,1,0,1,1,0,1,1,1
4926.529171,0,1,1,0,1,1,0,0,0
4926.800577,1,1,1,0,0,1,1,1,0
4927.473439,1,1,0,1,1,1,0,0,1
4928.320349,0,0,1,0,1,0,0,0,0
4929.142159,1,0,0,1,0,0,0,0,1
4930.125053,1,1,0,1,0,1,0,1,1
4930.763533,1,0,1,0,1,1,1,1,0
4931.078049,1,0,0,1,1,1,0,1,0
4932.009213,1,0,0,0,0,1,1,1,1
4932.205643,0,0,1,0,0,1,1,1,1
4932.278177,1,1,0,0,1,0,1,1,0
4932.524727,1,1,1,0,1,0,1,1,1
4932.849847,1,1,0,1,0,0,0,1,0
4933.085095,1,0,0,0,1,1,0,1,1
4933.761234,0,1,1,0,0,1,1,0,1
4934.104148,0,0,1,0,1,0,1,1,0
4934.438148,0,1,1,1,1,0,0,0,1
4934.686173,0,1,1,1,0,0,0,1,0
4935.170023,0,0,0,0,1,0,0,0,1
4935.541875,1,0,0,1,0,0,0,1,0
4935.581797,1,1,1,0,0,1,0,1,1
4936.161385,1,1,0,0,1,1,1,1,1
4936.373513,0,1,1,1,0,0,0,0,1
4936.908805,0,1,1,1,1,1,1,0,0
4937.864539,1,1,0,1,0,0,0,0,1
4937.930134,1,1,0,0,1,1,1,1,0
4938.372797,1,0,0,1,1,1,1,1,0
4938.552723,1,0,0,1,1,1,0,0,0
4938.814825,1,0,1,1,1,1,0,0,0
4938.884801,0,1,0,1,1,1,0,0,0
4939.373340,1,0,1,1,1,1,1,0,1
4939.586142,0,1,0,1,0,0,1,1,0
4939.898271,0,0,0,1,1,1,1,0,1
4940.886206,0,1,0,0,0,1,1,0,1
4941.722693,0,1,1,0,0,1,0,1,1
4942.175164,1,0,0,0,0,1,1,1,0
4943.085701,0,1,1,0,1,1,1,1,1
4943.788460,0,0,1,0,1,0,0,0,0
4944.634040,0,0,1,0,0,0,1,1,0
4945.515515,0,1,1,0,0,0,1,0,0
4946.458967,1,0,0,0,0,0,1,1,1
4946.986387,0,0,1,1,1,1,0,1,1
4947.205254,1,0,1,0,0,1,0,0,1
4948.183477,1,1,1,1,1,0,1,0,0
4948.932289,1,0,1,0,0,1,0,0,1
4949.355012,0,0,1,1,1,1,0,1,0
4949.404700,1,1,1,1,0,0,0,0,1
4949.449391,0,0,0,0,0,1,1,0,1
4949.978788,0,1,1,1,1,0,1,0,1
4950.251311,1,1,0,1,0,1,0,1,0
4951.097619,0,0,0,1,1,0,0,0,0
4951.343100,0,0,0,1,1,1,1,1,1
4952.065141,0,0,0,0,0,0,1,0,0
4952.779549,0,1,1,1,0,1,1,1,1
4953.265535,0,0,0,0,0,0,0,1,0
4953.596850,1,1,1,0,1,0,0,0,0
4954.110158,1,1,1,1,1,0,1,0,0
4954.170367,1,0,1,1,1,0,1,0,0
4955.029332,0,0,1,0,1,1,1,1,1
4955.353450,1,1,0,0,1,1,0,0,1
4956.239279,1,1,0,0,0,0,1,1,0
4956.959447,0,1,1,1,1,0,1,0,0
4957.522590,1,1,1,1,0,1,1,0,1
4957.706893,1,1,0,1,0,0,1,1,0
4958.078676,0,0,0,1,1,0,0,0,0
4958.495533,1,1,0,1,0,0,1,0,1
4959.424643,1,0,1,0,0,0,1,0,0
4960.286710,1,0,1,0,1,1,1,0,1
4961.276791,1,1,1,1,0,0,1,0,1
4961.918659,1,1,0,1,1,0,1,1,0
4962.385162,0,1,1,0,1,0,1,0,1
4962.824152,1,1,1,1,0,1,1,0,1
4963.154981,1,1,1,0,1,1,1,0,0
4963.410244,0,1,0,0,1,0,0,0,0
4964.390560,1,0,0,0,1,1,1,1,1
4964.852092,0,0,1,0,0,0,0,1,1
4965.097745,1,1,0,0,0,1,0,0,0
4965.785381,0,0,0,1,1,1,1,1,1
4966.603599,0,1,1,1,1,0,0,0,0
4967.362858,1,0,0,1,1,0,1,1,1
4967.388678,1,1,1,0,1,0,1,0,1
4967.822713,0,1,0,0,0,1,0,1,0
4968.691696,0,1,1,1,0,0,1,1,1
4968.698185,0,0,1,1,1,0,1,0,1
4968.999910,1,0,0,0,1,1,0,1,1
4969.404950,1,1,1,0,1,1,0,0,1
4969.592967,0,1,0,1,0,1,0,1,0
4970.159085,1,1,1,0,0,0,1,1,1
4970.666443,1,1,1,1,0,0,0,1,1
4970.986190,1,1,0,0,0,0,0,1,0
4971.588358,0,0,0,1,1,1,0,1,1
4972.415387,0,1,0,0,1,0,1,0,1
4973.140874,1,1,0,1,0,0,1,1,0
4973.665294,0,0,0,1,1,1,1,1,1
4973.935865,1,1,0,0,1,1,0,0,0
4974.105710,1,0,1,0,1,0,1,1,0
