Camera1_START->CollisionAlert_FINISH,Camera1_START->Camera1_FINISH,Camera1_FINISH->Perception_CameraPerception_START,Perception_CameraPerception_START->Perception_CameraPerception_FINISH,Perception_CameraPerception_FINISH->Perception_Fusion_START,Perception_Fusion_START->Perception_Fusion_FINISH,Perception_Fusion_FINISH->SemanticExtraction_ObjectDetection_START,SemanticExtraction_ObjectDetection_START->SemanticExtraction_ObjectDetection_FINISH,SemanticExtraction_ObjectDetection_FINISH->SemanticExtraction_Prediction_START,SemanticExtraction_Prediction_START->SemanticExtraction_Prediction_FINISH,SemanticExtraction_Prediction_FINISH->CollisionDetection_TimeToCollision_START,CollisionDetection_TimeToCollision_START->CollisionDetection_TimeToCollision_FINISH,CollisionDetection_TimeToCollision_FINISH->CollisionDetection_BrakingDecision_START,CollisionDetection_BrakingDecision_START->CollisionDetection_BrakingDecision_FINISH,CollisionDetection_BrakingDecision_FINISH->CollisionAlert_START,CollisionAlert_START->CollisionAlert_FINISH,Perception_CameraPerception_START,Perception_Fusion_START,SemanticExtraction_ObjectDetection_START,SemanticExtraction_Prediction_START,CollisionDetection_TimeToCollision_START,CollisionDetection_BrakingDecision_START,CollisionAlert_START
0.390207,0.006805,0.014729,0.006444,0.088363,0.016310,0.000000,0.058082,0.005386,0.011175,0.143455,0.035729,0.000000,0.002203,0.000000,0.001526,0,1,1,1,1,1,1
0.476309,0.008310,0.068785,0.010367,0.096745,0.021659,0.000000,0.059983,0.000000,0.011456,0.153384,0.036493,0.000000,0.006601,0.000000,0.002526,0,1,2,2,2,2,2
0.471165,0.002745,0.082157,0.013480,0.098687,0.018484,0.000000,0.046612,0.015013,0.008261,0.144475,0.029529,0.000000,0.008523,0.000000,0.003199,0,1,2,2,2,2,2
0.467237,0.008198,0.088835,0.011610,0.078726,0.027556,0.000000,0.060199,0.000000,0.009818,0.146688,0.026285,0.000000,0.005460,0.000000,0.003862,0,1,2,2,2,2,2
0.464917,0.002413,0.111203,0.012156,0.072432,0.018877,0.000000,0.047438,0.002110,0.009385,0.147813,0.031589,0.000000,0.006836,0.000000,0.002665,0,1,2,2,2,2,2
0.497467,0.001801,0.104010,0.011198,0.077138,0.025534,0.000000,0.064472,0.000000,0.010328,0.152472,0.032420,0.009245,0.006793,0.000000,0.002056,0,1,2,2,2,2,2
0.485070,0.004412,0.097290,0.005835,0.092404,0.025464,0.000000,0.046629,0.008521,0.009245,0.158177,0.030032,0.000000,0.005961,0.000000,0.001100,0,1,2,2,2,2,2
0.485118,0.002976,0.098902,0.006937,0.090621,0.021543,0.000000,0.045828,0.020898,0.010544,0.149406,0.030803,0.000000,0.006171,0.000000,0.000489,1,2,2,2,2,2,2
0.453871,0.004574,0.065708,0.007702,0.092580,0.021837,0.000000,0.033742,0.026740,0.008944,0.157982,0.027191,0.000000,0.004997,0.000000,0.001874,0,1,1,2,2,2,2
0.391220,0.004372,0.101924,0.012197,0.085197,0.031347,0.000000,0.032415,0.000000,0.009659,0.075496,0.032713,0.000000,0.004332,0.000000,0.001568,1,2,2,2,1,1,1
0.452663,0.006091,0.083001,0.008684,0.067691,0.028862,0.000000,0.055160,0.005773,0.010667,0.149664,0.027562,0.000000,0.006500,0.000000,0.003008,0,1,1,2,2,2,2
0.450291,0.005471,0.070077,0.010839,0.087459,0.020424,0.000000,0.051608,0.006300,0.010001,0.147957,0.031945,0.000000,0.007081,0.000000,0.001129,0,1,1,2,2,2,2
0.511148,0.004107,0.116924,0.006660,0.090718,0.028726,0.000000,0.041276,0.000000,0.009941,0.158069,0.035989,0.010412,0.006321,0.000000,0.002005,0,2,2,2,2,2,2
0.484714,0.006674,0.067023,0.011028,0.087903,0.022017,0.000000,0.036457,0.029001,0.010412,0.166494,0.031484,0.010215,0.004258,0.000000,0.001748,0,1,2,2,2,2,2
0.460572,0.005266,0.074335,0.010313,0.092955,0.018680,0.000000,0.050055,0.017905,0.010215,0.148796,0.029095,0.000000,0.002236,0.000000,0.000721,0,1,1,2,2,2,2
0.456843,0.005902,0.069522,0.010507,0.105640,0.030198,0.000000,0.041267,0.000314,0.010074,0.152700,0.023089,0.000000,0.006356,0.000000,0.001274,0,1,2,2,2,2,2
0.450043,0.006865,0.089013,0.007585,0.076215,0.024195,0.006587,0.040744,0.004505,0.010972,0.145291,0.028963,0.000000,0.007647,0.000000,0.001461,0,1,2,2,2,2,2
0.459295,0.005247,0.081962,0.011630,0.084691,0.024822,0.015746,0.049879,0.000000,0.010618,0.138521,0.026702,0.000000,0.007194,0.000000,0.002283,0,1,2,2,2,2,2
0.452881,0.007668,0.084475,0.007737,0.086674,0.024145,0.000000,0.045130,0.002067,0.009921,0.152010,0.026577,0.000000,0.002882,0.000000,0.003595,0,1,2,2,2,2,2
0.490657,0.006812,0.080601,0.010205,0.092958,0.023819,0.015934,0.052360,0.000000,0.011469,0.151931,0.035575,0.000000,0.007391,0.000000,0.001602,0,1,2,2,2,2,2
0.380983,0.003596,0.089755,0.013712,0.088044,0.026038,0.000000,0.046403,0.000000,0.009346,0.061560,0.034396,0.000000,0.006181,0.000000,0.001952,0,1,2,2,1,1,1
0.460316,0.004470,0.096585,0.011042,0.087471,0.027891,0.000000,0.048991,0.003648,0.008865,0.131530,0.032986,0.000000,0.005332,0.000000,0.001505,0,1,2,2,2,2,2
0.381249,0.005230,0.129604,0.015771,0.049331,0.022560,0.000000,0.036017,0.000000,0.009737,0.073635,0.034073,0.000000,0.002617,0.000000,0.002674,0,2,2,2,1,1,1
0.407099,0.005991,0.137858,0.009221,0.044734,0.028172,0.000000,0.043362,0.000000,0.010328,0.079361,0.026252,0.010431,0.007459,0.000000,0.003930,0,2,2,2,1,1,1
0.434093,0.008069,0.030774,0.014846,0.080216,0.027203,0.000000,0.052072,0.007353,0.010431,0.156727,0.030527,0.010271,0.004309,0.000000,0.001295,0,1,1,2,1,2,2
0.473983,0.004673,0.112561,0.013563,0.070284,0.024211,0.000000,0.043660,0.017170,0.010271,0.148781,0.020823,0.000000,0.007049,0.000000,0.000937,1,2,2,2,2,2,2
0.508970,0.007647,0.102980,0.009874,0.078368,0.030313,0.000000,0.062921,0.000000,0.010301,0.151761,0.033764,0.010649,0.007123,0.000000,0.003269,1,2,2,2,2,2,2
0.383700,0.005872,0.008148,0.011909,0.074429,0.024734,0.000000,0.053281,0.013283,0.010649,0.143085,0.026166,0.000000,0.008792,0.000000,0.003352,0,1,1,1,1,1,1
0.491067,0.003736,0.115008,0.007672,0.084629,0.026829,0.018965,0.045317,0.000000,0.010307,0.138079,0.030132,0.000000,0.008905,0.000000,0.001488,1,2,2,2,2,2,2
0.455036,0.004013,0.086703,0.010193,0.067631,0.019652,0.000000,0.052299,0.015806,0.010431,0.155076,0.024948,0.000000,0.006283,0.000000,0.002001,0,1,2,2,2,2,2
0.453459,0.003559,0.087380,0.009512,0.072715,0.032121,0.000000,0.057261,0.000000,0.010278,0.148963,0.025253,0.000000,0.004819,0.000000,0.001598,0,1,1,2,2,2,2
0.469168,0.001029,0.086203,0.010461,0.086741,0.027306,0.000000,0.049351,0.000000,0.009073,0.158499,0.031553,0.000000,0.005795,0.000000,0.003157,0,1,2,2,2,2,2
0.442798,0.003675,0.079027,0.011363,0.087916,0.021217,0.000000,0.036936,0.027652,0.009045,0.135177,0.025718,0.000000,0.002523,0.000000,0.002549,0,1,2,2,2,2,2
0.350160,0.005847,0.079520,0.014386,0.083903,0.026246,0.000000,0.058613,0.000000,0.009499,0.042129,0.022231,0.000000,0.004470,0.000000,0.003316,0,1,2,2,1,1,1
0.414229,0.004724,0.117523,0.008160,0.091101,0.027037,0.000000,0.060801,0.000000,0.010085,0.038070,0.035910,0.011522,0.005802,0.000000,0.003494,1,2,2,3,1,1,1
0.466016,0.007532,0.088337,0.011472,0.078186,0.024389,0.008395,0.040671,0.003864,0.011522,0.154213,0.031873,0.000000,0.004485,0.000000,0.001077,0,1,2,2,2,2,2
0.480470,0.003835,0.108337,0.011519,0.072725,0.018013,0.000000,0.059998,0.000000,0.011157,0.152702,0.033314,0.000000,0.005855,0.000000,0.003015,0,1,2,2,2,2,2
0.470818,0.005434,0.092139,0.013333,0.086711,0.024020,0.000000,0.048539,0.009727,0.009160,0.145905,0.030106,0.000000,0.004846,0.000000,0.000898,0,1,2,2,2,2,2
0.384188,0.003495,0.099716,0.009621,0.084599,0.022719,0.000000,0.053308,0.000000,0.011732,0.046144,0.035885,0.011285,0.003295,0.000000,0.002389,0,1,2,2,1,1,1
0.464989,0.005617,0.092833,0.012716,0.080504,0.029138,0.000000,0.042049,0.003486,0.011285,0.152382,0.029839,0.000000,0.004065,0.000000,0.001075,1,1,2,2,2,2,2
0.466657,0.005610,0.096782,0.010703,0.082193,0.028338,0.000000,0.053092,0.000000,0.008814,0.142443,0.029346,0.000000,0.007356,0.000000,0.001980,1,1,2,2,2,2,2
0.477634,0.005434,0.100340,0.010364,0.086286,0.034358,0.017155,0.050735,0.000000,0.010989,0.130057,0.028159,0.000000,0.002049,0.000000,0.001708,1,1,2,2,2,2,2
0.422283,0.005278,0.074793,0.014188,0.086327,0.023048,0.000000,0.049269,0.000000,0.010593,0.132730,0.022809,0.000000,0.001803,0.000000,0.001445,0,1,2,2,1,2,2
0.478616,0.006627,0.099369,0.010416,0.081628,0.024562,0.000000,0.061643,0.000000,0.010606,0.152274,0.027522,0.000000,0.002832,0.000000,0.001137,0,2,2,2,2,2,2
0.450982,0.004447,0.072779,0.012646,0.081722,0.027655,0.000000,0.053705,0.000000,0.009500,0.154338,0.027239,0.000000,0.004867,0.000000,0.002084,0,1,1,2,2,2,2
0.499275,0.004412,0.107969,0.009920,0.089237,0.028861,0.000000,0.069752,0.000000,0.011831,0.132569,0.035156,0.000000,0.007309,0.000000,0.002259,1,2,2,2,2,2,2
0.386441,0.001502,0.115497,0.006737,0.090351,0.023346,0.000000,0.049107,0.000000,0.009598,0.053030,0.033488,0.000000,0.002814,0.000000,0.000971,0,2,2,3,1,1,1
0.444805,0.004416,0.094652,0.008241,0.070191,0.029740,0.000000,0.057751,0.000000,0.008972,0.130018,0.030482,0.000000,0.007309,0.000000,0.003033,0,1,2,2,2,2,2
0.457541,0.005684,0.089575,0.010157,0.077303,0.022422,0.011874,0.052205,0.000000,0.009930,0.146407,0.028297,0.000000,0.003079,0.000000,0.000608,0,1,2,2,2,2,2
0.457216,0.008468,0.066500,0.011502,0.096519,0.016348,0.000000,0.067440,0.000000,0.009627,0.149317,0.024226,0.000000,0.006078,0.000000,0.001191,0,1,2,2,2,2,2
0.477659,0.002482,0.092019,0.010354,0.079086,0.028918,0.000000,0.053840,0.000000,0.008732,0.160048,0.027139,0.009005,0.004913,0.000000,0.001123,0,1,2,2,2,2,2
0.472170,0.005092,0.095304,0.013894,0.075131,0.022525,0.000000,0.052815,0.000727,0.009005,0.160636,0.027258,0.000000,0.007280,0.000000,0.002503,0,1,2,2,2,2,2
0.481109,0.006797,0.082390,0.011928,0.089005,0.029923,0.000000,0.067127,0.000000,0.008341,0.137733,0.037681,0.000000,0.008541,0.000000,0.001643,0,1,2,2,2,2,2
0.352640,0.006805,0.074499,0.007472,0.007944,0.021868,0.000000,0.036503,0.026992,0.009815,0.132249,0.024207,0.000000,0.002466,0.000000,0.001820,0,0,1,1,1,1,1
0.480950,0.005788,0.093742,0.008503,0.079886,0.032106,0.000000,0.040704,0.000000,0.008430,0.175901,0.029438,0.000000,0.004001,0.000000,0.002451,0,1,2,2,2,2,2
0.485266,0.005468,0.099512,0.012553,0.077210,0.024644,0.000000,0.052696,0.007270,0.009274,0.147668,0.031804,0.010372,0.003658,0.000000,0.003137,0,1,2,2,2,2,2
0.431815,0.005502,0.104706,0.009885,0.046462,0.026474,0.000000,0.038281,0.006026,0.010372,0.147808,0.032033,0.000000,0.002359,0.000000,0.001907,0,1,1,2,2,2,2
0.461788,0.004280,0.082325,0.013122,0.097448,0.018989,0.000000,0.047038,0.002284,0.009409,0.152550,0.027679,0.000000,0.006415,0.000000,0.000249,1,2,2,2,2,2,2
0.457388,0.003948,0.103437,0.006814,0.090157,0.018592,0.000000,0.053077,0.000000,0.008983,0.140574,0.025581,0.000000,0.004480,0.000000,0.001745,0,1,2,2,2,2,2
0.440784,0.003743,0.074137,0.008937,0.091391,0.025867,0.000000,0.044337,0.000000,0.010036,0.152671,0.023108,0.000000,0.005510,0.000000,0.001047,0,1,1,2,1,2,2
0.475259,0.004744,0.119428,0.006192,0.066375,0.020042,0.000000,0.053583,0.005103,0.009700,0.158727,0.028226,0.000000,0.002250,0.000000,0.000889,1,2,2,2,2,2,2
0.478167,0.004613,0.081560,0.006025,0.089134,0.021994,0.011896,0.044822,0.000000,0.009932,0.156311,0.034523,0.009897,0.004650,0.000000,0.002810,0,1,1,2,2,2,2
0.443507,0.005625,0.079816,0.013023,0.074052,0.025625,0.000000,0.031803,0.033263,0.009897,0.132669,0.032171,0.000000,0.003750,0.000000,0.001813,0,1,2,2,2,2,2
0.451681,0.006054,0.080041,0.008954,0.084371,0.022024,0.015311,0.045729,0.000000,0.010853,0.141518,0.027560,0.000000,0.006857,0.000000,0.002409,0,1,1,2,2,2,2
0.456943,0.005462,0.078249,0.009187,0.087496,0.027804,0.000000,0.060955,0.000000,0.010602,0.144663,0.028077,0.000000,0.001509,0.000000,0.002939,0,1,2,2,2,2,2
0.449700,0.004300,0.071565,0.009061,0.094298,0.025151,0.000000,0.047153,0.002978,0.008985,0.142592,0.037777,0.000000,0.003417,0.000000,0.002423,0,1,2,2,2,2,2
0.465958,0.004018,0.083302,0.014785,0.085535,0.028347,0.000000,0.067307,0.000000,0.010595,0.140679,0.026437,0.000000,0.002670,0.000000,0.002283,0,1,2,2,2,2,2
0.368754,0.002378,0.085358,0.007097,0.098511,0.025112,0.000000,0.053652,0.000000,0.009633,0.039748,0.036945,0.000000,0.008675,0.000000,0.001645,0,1,2,2,1,1,1
0.345114,0.002881,0.092459,0.007755,0.076979,0.025597,0.000000,0.034955,0.000000,0.009816,0.068059,0.022989,0.000000,0.002366,0.000000,0.001258,0,1,2,2,1,1,1
0.456470,0.004955,0.084681,0.011796,0.084124,0.022309,0.007913,0.056902,0.000000,0.009138,0.136036,0.030559,0.000000,0.005909,0.000000,0.002148,0,1,2,2,2,2,2
0.501392,0.001326,0.086407,0.006783,0.091205,0.025507,0.008575,0.046494,0.000000,0.011255,0.166586,0.038970,0.011165,0.003923,0.000000,0.003196,0,1,2,2,2,2,2
0.480526,0.005238,0.086493,0.009417,0.093802,0.020633,0.000000,0.045923,0.024524,0.011165,0.139449,0.025511,0.009933,0.006636,0.000000,0.001802,0,1,2,2,2,2,2
0.484184,0.005879,0.154113,0.009628,0.020817,0.024280,0.000000,0.044996,0.004325,0.009933,0.171857,0.027755,0.000000,0.008671,0.000000,0.001930,0,1,2,2,2,2,2
0.476322,0.003196,0.090284,0.013561,0.106407,0.019328,0.000000,0.051579,0.000114,0.010679,0.145776,0.032010,0.000000,0.002985,0.000000,0.000403,0,1,2,2,2,2,2
0.475153,0.006462,0.064607,0.006046,0.093503,0.029012,0.000000,0.039363,0.006869,0.010478,0.165595,0.034240,0.009617,0.006298,0.000000,0.003063,0,1,2,2,2,2,2
0.440154,0.007808,0.063425,0.015611,0.076116,0.025439,0.000000,0.043873,0.027421,0.009617,0.134188,0.030245,0.000000,0.003631,0.000000,0.002780,0,1,2,2,2,2,2
0.444185,0.001031,0.069230,0.009322,0.084449,0.032909,0.000000,0.063636,0.000000,0.009804,0.142629,0.027120,0.000000,0.002256,0.000000,0.001799,0,1,1,2,2,2,2
0.433490,0.006216,0.080930,0.006550,0.086261,0.025257,0.000000,0.056732,0.000000,0.008805,0.126155,0.028594,0.000000,0.006264,0.000000,0.001726,0,1,2,2,2,2,2
0.453718,0.004537,0.087010,0.011460,0.070758,0.026157,0.000000,0.044569,0.000000,0.010257,0.158788,0.031925,0.000000,0.005665,0.000000,0.002592,0,1,2,2,2,2,2
0.507686,0.004937,0.108745,0.012978,0.080471,0.022755,0.004501,0.046387,0.005109,0.010312,0.176250,0.030746,0.000000,0.003912,0.000000,0.000583,0,2,2,2,2,2,2
0.354255,0.005366,0.087535,0.007140,0.077629,0.019805,0.000000,0.059053,0.000000,0.009307,0.048965,0.034434,0.000000,0.004933,0.000000,0.000088,0,1,1,2,1,1,1
0.446000,0.004349,0.073240,0.011691,0.092130,0.026972,0.000000,0.058127,0.000000,0.011482,0.136743,0.023668,0.000000,0.006004,0.000000,0.001594,0,1,1,2,2,2,2
0.463502,0.004358,0.080678,0.009936,0.085058,0.026808,0.008919,0.049170,0.000000,0.009859,0.142748,0.037741,0.000000,0.007681,0.000000,0.000546,1,1,2,2,2,2,2
0.475242,0.004683,0.084503,0.012464,0.079506,0.021377,0.000000,0.057372,0.005164,0.010680,0.159240,0.032004,0.000000,0.007402,0.000000,0.000847,0,1,2,2,2,2,2
0.482971,0.005982,0.083658,0.006295,0.092284,0.020893,0.000000,0.042214,0.025581,0.010798,0.153776,0.034875,0.000000,0.004065,0.000000,0.002550,1,1,2,2,2,2,2
0.359033,0.004569,0.099186,0.011716,0.073054,0.033278,0.000000,0.049873,0.000000,0.010255,0.033921,0.035440,0.000000,0.005667,0.000000,0.002074,0,1,2,2,1,1,1
0.449919,0.005603,0.078973,0.010068,0.103359,0.026176,0.000000,0.045895,0.000000,0.011134,0.137812,0.025796,0.000000,0.002205,0.000000,0.002898,1,1,2,2,2,2,2
0.478903,0.004126,0.100160,0.015147,0.072117,0.023757,0.000000,0.058487,0.000000,0.009444,0.156877,0.031834,0.000000,0.005716,0.000000,0.001238,1,2,2,2,2,2,2
0.481081,0.007722,0.082617,0.008822,0.097677,0.023284,0.000000,0.047927,0.010319,0.009889,0.149182,0.033700,0.000000,0.007554,0.000000,0.002388,1,1,2,2,2,2,2
0.485806,0.003239,0.103048,0.005038,0.093026,0.027410,0.000000,0.049090,0.000767,0.010382,0.151619,0.033776,0.000000,0.005718,0.000000,0.002693,1,1,2,2,2,2,2
0.492459,0.003294,0.101277,0.011188,0.085824,0.025736,0.016823,0.049544,0.000000,0.010069,0.149720,0.027183,0.000000,0.008671,0.000000,0.003130,0,2,2,2,2,2,2
0.468294,0.003819,0.075828,0.011657,0.075235,0.023723,0.004413,0.046707,0.017924,0.011058,0.153216,0.038628,0.000000,0.005459,0.000000,0.000627,0,1,2,2,2,2,2
0.351577,0.004357,0.069298,0.010972,0.084952,0.023319,0.000000,0.041331,0.000000,0.010606,0.067930,0.030150,0.000000,0.005756,0.000000,0.002906,0,1,2,2,1,1,1
0.475656,0.006950,0.101596,0.008731,0.102536,0.032955,0.000000,0.056098,0.000000,0.010692,0.117390,0.031482,0.000000,0.005352,0.000000,0.001874,1,2,2,2,2,2,2
0.447305,0.008890,0.080170,0.006131,0.083153,0.018161,0.000000,0.049658,0.000000,0.009537,0.149139,0.038787,0.000000,0.003474,0.000000,0.000205,0,1,2,2,2,2,2
0.494725,0.005030,0.105677,0.015430,0.090887,0.027765,0.000000,0.039372,0.000000,0.009490,0.155439,0.034197,0.008429,0.002048,0.000000,0.000961,1,2,2,2,2,2,2
0.439868,0.003549,0.083134,0.005603,0.081336,0.017070,0.000000,0.040967,0.021214,0.008429,0.151303,0.021738,0.000000,0.003767,0.000000,0.001758,0,1,2,2,2,2,2
0.462709,0.003506,0.075479,0.011099,0.082123,0.032947,0.000000,0.050848,0.000000,0.010151,0.156954,0.033544,0.000000,0.004908,0.000000,0.001150,0,1,1,2,2,2,2
0.447141,0.004942,0.088902,0.012684,0.081097,0.033622,0.000000,0.034630,0.007927,0.010428,0.145672,0.022626,0.000000,0.002114,0.000000,0.002497,0,1,2,2,2,2,2
0.473789,0.006836,0.070782,0.008596,0.094319,0.027888,0.000000,0.041052,0.000000,0.011493,0.168777,0.037576,0.000000,0.003530,0.000000,0.002940,0,1,2,2,2,2,2
0.461493,0.005082,0.096095,0.006277,0.078954,0.029144,0.000000,0.060854,0.000000,0.011890,0.133283,0.033994,0.000000,0.003311,0.000000,0.002609,0,1,2,2,2,2,2
0.379851,0.003117,0.092008,0.010653,0.085091,0.027794,0.000000,0.061026,0.000000,0.010197,0.052484,0.031823,0.000000,0.004040,0.000000,0.001618,0,1,2,2,1,1,1
0.475983,0.006851,0.095319,0.008694,0.073739,0.031169,0.000000,0.058658,0.005217,0.009097,0.150859,0.031181,0.000000,0.003744,0.000000,0.001455,0,1,2,2,2,2,2
0.465894,0.007108,0.090490,0.007628,0.081514,0.017239,0.000000,0.062063,0.009089,0.010685,0.135032,0.039051,0.000000,0.002242,0.000000,0.003753,1,1,2,2,2,2,2
0.474793,0.007731,0.077982,0.008815,0.096270,0.032919,0.000000,0.050672,0.000000,0.010371,0.152384,0.031842,0.000000,0.003769,0.000000,0.002038,0,1,2,2,2,2,2
0.446163,0.007723,0.059451,0.009641,0.091519,0.024909,0.000000,0.058389,0.000000,0.010478,0.141765,0.032876,0.000000,0.007404,0.000000,0.002008,0,1,1,2,1,2,2
0.463656,0.002695,0.066432,0.013651,0.082982,0.020861,0.011294,0.063291,0.000000,0.009569,0.144235,0.033929,0.009632,0.003903,0.000000,0.001182,0,1,1,2,2,2,2
0.470299,0.006171,0.093050,0.008025,0.087945,0.028017,0.000000,0.048789,0.012455,0.009632,0.141207,0.028777,0.000000,0.004674,0.000000,0.001557,1,2,2,2,2,2,2
0.469453,0.005561,0.066005,0.008147,0.083315,0.024974,0.000000,0.050167,0.001352,0.009738,0.169943,0.034357,0.009693,0.005406,0.000000,0.000795,0,1,1,2,2,2,2
0.477738,0.006311,0.067500,0.008079,0.085025,0.027903,0.000000,0.051639,0.008470,0.009693,0.167510,0.027662,0.010081,0.004364,0.000000,0.003501,0,1,1,2,2,2,2
0.438226,0.006372,0.065744,0.009870,0.099391,0.026136,0.000000,0.040641,0.013730,0.010081,0.127816,0.032965,0.000000,0.004741,0.000000,0.000739,0,1,1,2,2,2,2
0.463556,0.003844,0.079373,0.011151,0.070350,0.019765,0.015453,0.040523,0.000000,0.009040,0.170650,0.034488,0.000000,0.005498,0.000000,0.003421,0,1,2,2,2,2,2
0.472238,0.003058,0.078835,0.010491,0.080662,0.018570,0.006662,0.037907,0.025289,0.009852,0.155552,0.027285,0.011114,0.004629,0.000000,0.002332,0,1,2,2,2,2,2
0.470445,0.006991,0.068235,0.012658,0.094797,0.024298,0.000000,0.042148,0.007857,0.011114,0.163106,0.029625,0.000000,0.008274,0.000000,0.001342,0,1,2,2,2,2,2
0.473968,0.004449,0.079636,0.007638,0.093257,0.022129,0.000000,0.050986,0.012374,0.008488,0.141109,0.038799,0.009303,0.005349,0.000000,0.000451,0,1,2,2,2,2,2
0.451916,0.004883,0.078667,0.011246,0.083883,0.025256,0.005850,0.049163,0.002796,0.009303,0.143335,0.030859,0.000000,0.005103,0.000000,0.001572,0,1,2,2,2,2,2
0.470943,0.004469,0.090494,0.014914,0.069306,0.024974,0.000000,0.048903,0.000000,0.009737,0.164125,0.035731,0.000000,0.006790,0.000000,0.001500,1,1,2,2,2,2,2
0.479246,0.004997,0.096013,0.008765,0.073522,0.023556,0.004030,0.051616,0.008043,0.008786,0.150086,0.034150,0.011292,0.002879,0.000000,0.001511,0,1,2,2,2,2,2
0.374611,0.003918,0.092137,0.014288,0.085675,0.026079,0.000000,0.063492,0.000000,0.008694,0.043015,0.029024,0.000000,0.007217,0.000000,0.001072,0,1,2,2,1,1,1
0.486531,0.003408,0.101495,0.007223,0.075639,0.025857,0.000000,0.055771,0.003387,0.009135,0.157988,0.037763,0.000000,0.006953,0.000000,0.001912,0,1,2,2,2,2,2
0.470220,0.005080,0.089892,0.006004,0.091906,0.024008,0.000000,0.043865,0.027000,0.010198,0.140043,0.026874,0.000000,0.002812,0.000000,0.002538,0,1,2,2,2,2,2
0.479167,0.005842,0.087291,0.013486,0.087024,0.026822,0.000000,0.050645,0.000000,0.010536,0.160150,0.031566,0.000000,0.004741,0.000000,0.001064,1,1,2,2,2,2,2
0.484745,0.003919,0.103052,0.007749,0.083296,0.016901,0.000000,0.060882,0.004397,0.011338,0.158377,0.031155,0.000000,0.001727,0.000000,0.001952,0,1,2,2,2,2,2
0.462087,0.007462,0.055294,0.008951,0.097431,0.028375,0.003691,0.057369,0.000000,0.009523,0.153026,0.030179,0.000000,0.007355,0.000000,0.003431,0,1,1,2,2,2,2
0.464985,0.003477,0.065061,0.015086,0.093202,0.023863,0.000000,0.044451,0.014694,0.009417,0.152417,0.039104,0.000000,0.002746,0.000000,0.001467,0,1,2,2,2,2,2
0.442198,0.001978,0.082962,0.014566,0.074516,0.023868,0.008561,0.047814,0.012070,0.010594,0.128830,0.027028,0.000000,0.006465,0.000000,0.002946,0,1,2,2,2,2,2
0.480034,0.003951,0.099592,0.010327,0.092393,0.025728,0.000000,0.051312,0.000000,0.010753,0.146431,0.034784,0.000000,0.002282,0.000000,0.002481,1,2,2,2,2,2,2
0.414235,0.005048,0.029787,0.009022,0.100324,0.023997,0.000000,0.053659,0.000000,0.010527,0.142113,0.032915,0.000000,0.003698,0.000000,0.003145,0,1,1,2,1,2,2
0.473935,0.005015,0.086626,0.005649,0.076054,0.027765,0.008704,0.056852,0.000000,0.010840,0.149537,0.031257,0.011038,0.003414,0.000000,0.001184,0,1,2,2,2,2,2
0.447386,0.005499,0.077058,0.008018,0.078648,0.021450,0.000000,0.049878,0.019656,0.011038,0.142788,0.026650,0.000000,0.006214,0.000000,0.000489,0,1,2,2,2,2,2
0.459701,0.006219,0.087442,0.004879,0.083690,0.025162,0.006824,0.053882,0.000000,0.009365,0.138169,0.036313,0.000000,0.004917,0.000000,0.002839,0,1,1,2,2,2,2
0.452927,0.002959,0.089655,0.009435,0.083653,0.028006,0.018205,0.046194,0.000000,0.009556,0.118233,0.029717,0.011542,0.003136,0.000000,0.002636,0,1,2,2,2,2,2
0.358565,0.004675,0.067428,0.007156,0.000925,0.023274,0.000000,0.031936,0.002707,0.011542,0.166982,0.037762,0.000000,0.002128,0.000000,0.002050,0,0,1,1,1,1,1
0.464896,0.001141,0.107577,0.006645,0.073953,0.025184,0.000511,0.039208,0.003984,0.011305,0.165618,0.022403,0.000000,0.006044,0.000000,0.001323,0,1,2,2,2,2,2
0.451379,0.003994,0.088653,0.010862,0.098927,0.028555,0.000000,0.054898,0.000000,0.009897,0.125822,0.022706,0.000000,0.005248,0.000000,0.001817,0,1,2,2,2,2,2
0.463696,0.007997,0.094833,0.005703,0.084806,0.025845,0.000000,0.059540,0.000000,0.010717,0.138456,0.027811,0.000000,0.005364,0.000000,0.002624,0,2,2,2,2,2,2
0.493322,0.003427,0.097856,0.011747,0.080378,0.032038,0.000000,0.044440,0.000000,0.011175,0.170586,0.033177,0.000000,0.005715,0.000000,0.002783,0,1,2,2,2,2,2
0.491641,0.004842,0.080261,0.008775,0.098104,0.026691,0.000000,0.044768,0.028278,0.010049,0.138115,0.030069,0.011791,0.007723,0.000000,0.002175,0,1,2,2,2,2,2
0.466773,0.005985,0.096198,0.011680,0.078081,0.024751,0.000000,0.049825,0.003614,0.011791,0.146145,0.030739,0.000000,0.005196,0.000000,0.002768,0,1,2,2,2,2,2
0.474259,0.004060,0.083230,0.010731,0.100310,0.022520,0.000000,0.051763,0.000000,0.010809,0.149583,0.030171,0.000000,0.008586,0.000000,0.002496,0,1,2,2,2,2,2
0.490952,0.002806,0.094810,0.008564,0.091819,0.031878,0.000000,0.065381,0.000000,0.009793,0.150509,0.029642,0.000000,0.003597,0.000000,0.002153,0,1,2,2,2,2,2
0.397339,0.004205,0.106820,0.011451,0.085462,0.028527,0.000000,0.047034,0.000000,0.010463,0.057754,0.029390,0.010163,0.003015,0.000000,0.003055,0,2,2,2,1,1,1
0.450606,0.005185,0.083146,0.009758,0.068069,0.018703,0.000000,0.053959,0.010857,0.010163,0.149734,0.033910,0.000000,0.005201,0.000000,0.001921,0,1,2,2,2,2,2
0.501901,0.004625,0.096968,0.009414,0.093818,0.021699,0.000000,0.058002,0.000000,0.008585,0.160452,0.028618,0.011088,0.005598,0.000000,0.003034,0,1,2,2,2,2,2
0.470658,0.002196,0.087296,0.010243,0.071997,0.017454,0.000000,0.055177,0.008020,0.011088,0.155368,0.036277,0.010151,0.003598,0.000000,0.001793,0,1,1,2,2,2,2
0.469141,0.001836,0.065699,0.013169,0.094292,0.023039,0.000000,0.043304,0.014828,0.010151,0.153649,0.039050,0.000000,0.007033,0.000000,0.003091,0,1,1,2,2,2,2
0.380102,0.002653,0.119854,0.008306,0.077656,0.018882,0.000000,0.036169,0.000000,0.011382,0.070910,0.026895,0.000000,0.004665,0.000000,0.002730,0,2,2,2,1,2,2
0.473536,0.003694,0.077323,0.011080,0.088057,0.029313,0.003617,0.056620,0.000000,0.010443,0.138582,0.036798,0.009400,0.006384,0.000000,0.002225,0,1,2,2,2,2,2
0.460401,0.002197,0.073582,0.007880,0.095045,0.027725,0.000000,0.050010,0.002340,0.009400,0.154547,0.032667,0.000000,0.002884,0.000000,0.002124,0,1,2,2,2,2,2
0.467993,0.004971,0.072441,0.012111,0.096809,0.025843,0.000000,0.062305,0.000000,0.008306,0.149363,0.029571,0.000000,0.004611,0.000000,0.001662,0,1,2,2,2,2,2
0.465041,0.005314,0.089617,0.013283,0.076726,0.025186,0.000000,0.057351,0.001939,0.008863,0.145411,0.034195,0.000000,0.005603,0.000000,0.001553,0,1,2,2,2,2,2
0.469999,0.004604,0.091393,0.009784,0.073987,0.024406,0.000000,0.069154,0.000000,0.011741,0.146878,0.027384,0.000000,0.007821,0.000000,0.002847,0,1,2,2,2,2,2
0.460367,0.006079,0.106864,0.010841,0.070371,0.022443,0.010292,0.054182,0.000000,0.010279,0.136364,0.026972,0.000000,0.004138,0.000000,0.001542,0,1,2,2,2,2,2
0.468800,0.007475,0.077397,0.009416,0.091989,0.019975,0.000000,0.067818,0.000000,0.009571,0.155486,0.027436,0.000000,0.001010,0.000000,0.001227,0,1,2,2,2,2,2
0.451886,0.004931,0.072043,0.011231,0.074497,0.031035,0.007839,0.057895,0.000000,0.009418,0.140020,0.030351,0.008995,0.002273,0.000000,0.001358,0,1,1,2,2,2,2
0.482793,0.003686,0.107542,0.009775,0.075374,0.022815,0.000000,0.047683,0.006944,0.008995,0.161565,0.032887,0.000000,0.003326,0.000000,0.002201,1,1,2,2,2,2,2
0.477585,0.002494,0.076165,0.012236,0.072491,0.026543,0.000000,0.044429,0.016174,0.010250,0.168785,0.031519,0.009793,0.006168,0.000000,0.000538,0,1,1,2,2,2,2
0.455367,0.004558,0.100506,0.012982,0.075738,0.029786,0.000000,0.059495,0.011710,0.009793,0.120056,0.021539,0.000000,0.006290,0.000000,0.002914,0,1,2,2,2,2,2
0.487784,0.007750,0.094610,0.012483,0.094586,0.026748,0.000000,0.067550,0.000000,0.009332,0.138939,0.027106,0.000000,0.005216,0.000000,0.003464,1,1,2,2,2,2,2
0.446541,0.005362,0.065153,0.007159,0.085636,0.028768,0.000000,0.049270,0.014160,0.010753,0.149104,0.024817,0.000000,0.003721,0.000000,0.002638,0,1,2,2,1,2,2
0.454187,0.002181,0.074944,0.009586,0.088998,0.025407,0.000000,0.044014,0.000000,0.010912,0.157539,0.032555,0.000000,0.006704,0.000000,0.001347,0,1,1,2,2,2,2
0.472953,0.004553,0.109179,0.007539,0.080623,0.023742,0.011136,0.047441,0.005704,0.009607,0.142646,0.025047,0.000000,0.003638,0.000000,0.002098,0,2,2,2,2,2,2
0.451751,0.006683,0.082731,0.013040,0.075488,0.017252,0.000000,0.061852,0.000000,0.011828,0.149817,0.026030,0.000000,0.004681,0.000000,0.002349,0,1,2,2,2,2,2
0.458720,0.007717,0.068995,0.011566,0.099483,0.022529,0.005631,0.046872,0.000000,0.010451,0.153221,0.028045,0.000000,0.003687,0.000000,0.000523,0,1,1,2,2,2,2
0.473570,0.003674,0.078893,0.014957,0.094238,0.018966,0.000000,0.060584,0.000000,0.009857,0.150165,0.033357,0.000000,0.007700,0.000000,0.001179,0,1,2,2,2,2,2
0.472113,0.005845,0.086104,0.009405,0.081233,0.028959,0.012912,0.046964,0.001190,0.011118,0.146653,0.033135,0.000000,0.007259,0.000000,0.001336,0,1,2,2,2,2,2
0.461474,0.003088,0.098872,0.013624,0.068021,0.025346,0.000000,0.064883,0.000000,0.009675,0.148984,0.021344,0.000000,0.006577,0.000000,0.001060,0,1,2,2,2,2,2
0.477583,0.003539,0.077049,0.012988,0.096863,0.024484,0.000000,0.042498,0.004713,0.008906,0.165620,0.030739,0.000000,0.007787,0.000000,0.002397,0,1,2,2,2,2,2
0.426888,0.002904,0.060908,0.010033,0.083483,0.034533,0.000000,0.052747,0.000000,0.010114,0.133155,0.029237,0.000000,0.006731,0.000000,0.003043,0,1,1,2,2,2,2
0.501312,0.004450,0.091583,0.011760,0.080697,0.028324,0.000000,0.063015,0.000000,0.009950,0.159366,0.033458,0.009293,0.006606,0.000000,0.002810,0,1,2,2,2,2,2
0.466303,0.004587,0.090154,0.010486,0.080501,0.018850,0.000000,0.052751,0.028637,0.009293,0.127253,0.038047,0.000000,0.003864,0.000000,0.001880,0,1,2,2,2,2,2
0.277842,0.005471,0.051437,0.012584,0.078264,0.024548,0.000000,0.038323,0.000000,0.009084,0.020666,0.030452,0.000000,0.003101,0.000000,0.003912,0,1,1,1,1,1,1
0.408779,0.005815,0.087186,0.007700,0.089859,0.028732,0.000000,0.031338,0.000000,0.010911,0.111169,0.028563,0.000000,0.006316,0.000000,0.001190,0,1,2,2,1,1,1
0.397938,0.007093,0.089838,0.006479,0.091340,0.032150,0.012610,0.048099,0.000000,0.008465,0.061426,0.030002,0.000000,0.007750,0.000000,0.002686,1,1,2,2,1,2,2
0.495281,0.006087,0.090103,0.010983,0.080336,0.030296,0.000000,0.063815,0.013532,0.009678,0.159752,0.025185,0.000000,0.003555,0.000000,0.001959,0,1,2,2,2,2,2
0.414898,0.003147,0.088483,0.011618,0.082900,0.023288,0.000000,0.055826,0.000000,0.009271,0.090961,0.030669,0.009068,0.006240,0.000000,0.003427,0,1,2,2,1,1,1
0.522551,0.008721,0.094620,0.008833,0.083841,0.022750,0.000000,0.049840,0.029397,0.009068,0.162747,0.032528,0.010948,0.006428,0.000000,0.002830,0,1,2,2,2,2,2
0.492664,0.004571,0.066270,0.007523,0.082543,0.024846,0.000000,0.056762,0.027692,0.010948,0.169989,0.032984,0.000000,0.006003,0.000000,0.002533,0,1,1,2,2,2,2
0.365422,0.005923,0.062492,0.010556,0.085773,0.019289,0.000000,0.044277,0.000000,0.009015,0.094093,0.028614,0.000000,0.002359,0.000000,0.003031,0,1,1,2,1,1,1
0.506199,0.006159,0.103322,0.006863,0.090130,0.025202,0.000000,0.057136,0.008511,0.010553,0.158162,0.033831,0.000000,0.004393,0.000000,0.001937,1,2,2,2,2,2,2
0.514680,0.006696,0.097396,0.007822,0.082093,0.021266,0.000000,0.054080,0.036629,0.010672,0.165875,0.025643,0.000000,0.003540,0.000000,0.002968,1,2,2,2,2,2,2
0.388557,0.008156,0.062154,0.007695,0.096860,0.031027,0.000000,0.044515,0.000000,0.009576,0.075116,0.036246,0.011092,0.005338,0.000000,0.000782,0,1,1,2,1,1,1
0.531990,0.007855,0.115305,0.012305,0.064287,0.029149,0.000000,0.046304,0.030881,0.011092,0.162410,0.032401,0.009899,0.006564,0.000000,0.003538,1,2,2,2,2,2,2
0.389788,0.004271,0.071650,0.007171,0.099505,0.022442,0.000000,0.045071,0.000000,0.011123,0.088298,0.023834,0.010583,0.002770,0.000000,0.003070,0,1,2,2,1,1,1
0.479468,0.001252,0.072943,0.012535,0.088643,0.031854,0.000000,0.050047,0.016709,0.010583,0.150478,0.037076,0.000000,0.005788,0.000000,0.001560,0,1,1,2,2,2,2
0.495323,0.005522,0.082798,0.013129,0.073221,0.027162,0.000000,0.063426,0.014754,0.009866,0.168331,0.034642,0.000000,0.002070,0.000000,0.000402,0,1,2,2,2,2,2
0.493392,0.004747,0.077797,0.014752,0.087512,0.023710,0.000000,0.053606,0.035931,0.010020,0.145635,0.031514,0.000000,0.006183,0.000000,0.001985,0,1,2,2,2,2,2
0.498890,0.007043,0.071810,0.009397,0.095728,0.032753,0.000000,0.059166,0.015550,0.010461,0.164007,0.026775,0.000000,0.005024,0.000000,0.001176,1,1,2,2,2,2,2
0.389853,0.002616,0.080508,0.011439,0.086925,0.025558,0.000000,0.062914,0.000000,0.009631,0.067167,0.029305,0.009714,0.003224,0.000000,0.000852,0,1,2,2,1,1,1
0.513695,0.002463,0.090399,0.011995,0.084513,0.026957,0.000000,0.056639,0.004924,0.009714,0.181888,0.027958,0.010830,0.004773,0.000000,0.000642,0,1,2,2,2,2,2
0.510829,0.008173,0.089740,0.005685,0.093427,0.028830,0.000000,0.068201,0.005634,0.010830,0.163777,0.027228,0.000000,0.006882,0.000000,0.002422,0,1,2,2,2,2,2
0.383186,0.004219,0.102126,0.008092,0.076526,0.027925,0.000000,0.047024,0.000000,0.011401,0.069125,0.029393,0.000000,0.005164,0.000000,0.002191,0,1,2,3,1,2,2
0.477904,0.004949,0.078536,0.006171,0.071090,0.024737,0.000000,0.039599,0.023608,0.009473,0.173999,0.022743,0.011882,0.008795,0.000000,0.002322,0,1,1,2,2,2,2
0.478908,0.004953,0.064388,0.012274,0.083238,0.027146,0.000000,0.062381,0.002365,0.011882,0.161218,0.029644,0.011765,0.005487,0.000000,0.002167,0,1,1,2,2,2,2
0.489337,0.004901,0.099781,0.008819,0.081862,0.026492,0.000000,0.050196,0.023762,0.011765,0.153902,0.021055,0.000000,0.006185,0.000000,0.000617,1,2,2,2,2,2,2
0.466636,0.004362,0.074898,0.012524,0.078548,0.029222,0.000000,0.063529,0.000000,0.008829,0.164522,0.026869,0.000000,0.002858,0.000000,0.000475,0,1,1,2,2,2,2
0.482327,0.006220,0.077297,0.009958,0.078798,0.032645,0.000000,0.049761,0.011904,0.010669,0.158334,0.037486,0.000000,0.006461,0.000000,0.002794,0,1,1,2,2,2,2
0.402368,0.008634,0.086374,0.013043,0.087027,0.019756,0.000000,0.044492,0.000000,0.010754,0.094889,0.027430,0.000000,0.008522,0.000000,0.001447,1,2,2,3,1,1,2
0.540030,0.007194,0.109628,0.010119,0.077181,0.024160,0.000000,0.050923,0.024487,0.011085,0.178530,0.036944,0.000000,0.005845,0.000000,0.003934,0,2,2,2,2,2,2
0.377285,0.005450,0.070135,0.014721,0.083840,0.022243,0.000000,0.054958,0.000000,0.009596,0.076589,0.034144,0.000000,0.004212,0.000000,0.001397,0,1,1,2,1,1,1
0.473270,0.004108,0.089164,0.009467,0.067199,0.026285,0.000000,0.045254,0.034284,0.008476,0.153602,0.028193,0.000000,0.005599,0.000000,0.001639,0,1,1,2,2,2,2
0.494866,0.006163,0.076872,0.008501,0.088792,0.024778,0.000000,0.045756,0.021030,0.009736,0.162493,0.033071,0.008088,0.008217,0.000000,0.001369,0,1,1,2,2,2,2
0.499603,0.005039,0.077434,0.006449,0.095970,0.025099,0.000000,0.062247,0.008735,0.008088,0.162245,0.029518,0.010422,0.005588,0.000000,0.002769,0,1,2,2,2,2,2
0.501001,0.005470,0.089288,0.010317,0.078720,0.023442,0.000000,0.047248,0.027645,0.010422,0.159235,0.034052,0.009251,0.005046,0.000000,0.000865,0,1,2,2,2,2,2
0.403369,0.002419,0.100730,0.011059,0.079993,0.028003,0.012675,0.035005,0.000000,0.009306,0.088564,0.030092,0.000000,0.004158,0.000000,0.001365,0,1,2,2,1,1,2
0.309484,0.006928,0.085746,0.012940,0.075701,0.025812,0.000000,0.056021,0.000000,0.010140,0.000000,0.029725,0.000000,0.003716,0.000000,0.002755,0,1,2,2,1,1,1
0.393644,0.004508,0.079705,0.005502,0.097336,0.028426,0.009110,0.047866,0.000000,0.008417,0.068022,0.024997,0.010243,0.008220,0.000000,0.001292,0,1,2,2,1,2,2
0.475969,0.005108,0.087828,0.011627,0.087719,0.025401,0.000000,0.041286,0.016044,0.010243,0.157625,0.028667,0.000000,0.003095,0.000000,0.001326,0,1,2,2,2,2,2
0.499286,0.003840,0.092917,0.012629,0.084443,0.027588,0.000000,0.045307,0.010322,0.010276,0.171015,0.028621,0.009749,0.001425,0.000000,0.001154,0,1,2,2,2,2,2
0.510489,0.006051,0.088808,0.009067,0.085155,0.026615,0.000000,0.058288,0.015163,0.009749,0.173956,0.034345,0.000000,0.001972,0.000000,0.001320,0,1,2,2,2,2,2
0.428431,0.007905,0.089580,0.007283,0.096653,0.024896,0.012124,0.043575,0.000000,0.008470,0.093812,0.037624,0.000000,0.004134,0.000000,0.002375,1,2,2,2,1,2,2
0.426352,0.007076,0.106841,0.011083,0.080169,0.023827,0.000000,0.055739,0.000000,0.008494,0.087145,0.037658,0.000000,0.006594,0.000000,0.001726,0,2,2,2,1,2,2
0.380862,0.003460,0.074640,0.010784,0.080258,0.034740,0.006890,0.056575,0.000000,0.010448,0.063391,0.031712,0.000000,0.005457,0.000000,0.002507,0,1,1,2,1,1,1
0.376914,0.008348,0.067057,0.008849,0.084543,0.030241,0.010371,0.040110,0.000000,0.011291,0.077949,0.031423,0.000000,0.003918,0.000000,0.002814,0,1,2,2,1,1,1
0.390043,0.007651,0.062375,0.008172,0.087222,0.021026,0.000000,0.037178,0.000000,0.008829,0.120878,0.029916,0.000000,0.004399,0.000000,0.002397,0,1,2,2,1,1,1
0.383983,0.002496,0.083974,0.011103,0.073755,0.025961,0.000000,0.051069,0.000000,0.009455,0.083731,0.024030,0.010304,0.005493,0.000000,0.002612,0,1,1,2,1,1,1
0.471777,0.004084,0.074135,0.008137,0.082331,0.021362,0.000000,0.058283,0.016064,0.010304,0.164417,0.026346,0.000000,0.004536,0.000000,0.001778,0,1,1,2,2,2,2
0.398883,0.001791,0.075711,0.013884,0.085408,0.028794,0.012923,0.063106,0.000000,0.009000,0.053228,0.037101,0.010635,0.005612,0.000000,0.001690,0,1,2,2,1,1,1
0.433841,0.003021,0.124043,0.011235,0.097133,0.019084,0.000000,0.046634,0.000000,0.009440,0.089637,0.026543,0.000000,0.004913,0.000000,0.002158,1,2,2,2,1,2,2
0.398364,0.003798,0.069896,0.008551,0.096717,0.019690,0.000000,0.056137,0.000000,0.009596,0.080350,0.033292,0.010174,0.008619,0.000000,0.001544,0,2,2,2,1,1,2
0.506291,0.003872,0.090518,0.009166,0.076679,0.019115,0.000000,0.052629,0.028727,0.010174,0.176355,0.033926,0.000000,0.003442,0.000000,0.001688,0,1,2,2,2,2,2
0.502668,0.002642,0.083860,0.009307,0.094596,0.030555,0.000000,0.058981,0.026260,0.009534,0.154290,0.028784,0.000000,0.003039,0.000000,0.000820,0,1,2,2,2,2,2
0.402122,0.005656,0.091002,0.005411,0.082794,0.024244,0.000000,0.052201,0.000000,0.008997,0.099083,0.025601,0.000000,0.006486,0.000000,0.000647,1,1,2,3,1,2,2
0.407631,0.005780,0.095131,0.011373,0.075237,0.021317,0.008717,0.053951,0.000000,0.009934,0.095836,0.024987,0.000000,0.003133,0.000000,0.002235,0,1,2,2,1,2,2
0.386080,0.005861,0.086411,0.012051,0.094535,0.026332,0.008277,0.054635,0.000000,0.009228,0.046830,0.039089,0.000000,0.001879,0.000000,0.000952,0,1,2,2,1,1,2
0.513774,0.005286,0.100104,0.011851,0.076472,0.026750,0.000000,0.065991,0.001329,0.010026,0.175073,0.032588,0.000000,0.006724,0.000000,0.001580,0,1,2,2,2,2,2
0.396583,0.003733,0.110393,0.007609,0.075405,0.023649,0.003567,0.055460,0.000000,0.010478,0.069108,0.029633,0.000000,0.003863,0.000000,0.003685,1,1,2,2,1,1,1
0.364298,0.004177,0.070803,0.007973,0.078020,0.021448,0.000000,0.066566,0.000000,0.010322,0.069369,0.028563,0.000000,0.003278,0.000000,0.003779,0,1,1,2,1,1,1
0.477678,0.007785,0.059378,0.008855,0.082023,0.021733,0.000000,0.058570,0.023899,0.009773,0.166275,0.030123,0.000000,0.008188,0.000000,0.001076,0,1,1,2,2,2,2
0.486507,0.006620,0.070130,0.010743,0.083834,0.028683,0.000000,0.042169,0.038110,0.011104,0.150425,0.033675,0.000000,0.008024,0.000000,0.002990,0,1,1,2,2,2,2
0.378516,0.007101,0.070397,0.013553,0.072853,0.032071,0.000000,0.046458,0.000000,0.009649,0.094611,0.026462,0.000000,0.003866,0.000000,0.001495,0,1,1,2,1,1,1
0.477497,0.006259,0.059770,0.011339,0.096416,0.025640,0.000000,0.056940,0.021578,0.008973,0.163855,0.020970,0.000000,0.004400,0.000000,0.001357,0,1,1,2,2,2,2
0.387497,0.008342,0.088905,0.008023,0.064126,0.022761,0.007702,0.051148,0.000000,0.009857,0.092859,0.026898,0.000000,0.004588,0.000000,0.002288,0,1,1,2,1,1,1
0.383263,0.003743,0.092060,0.012356,0.069899,0.024007,0.000000,0.053453,0.000000,0.009264,0.077277,0.033848,0.000000,0.006143,0.000000,0.001213,0,1,2,2,1,1,1
0.486919,0.006106,0.072878,0.015447,0.091427,0.028091,0.000000,0.042033,0.026798,0.011729,0.146848,0.028243,0.010580,0.005873,0.000000,0.000866,0,1,1,2,2,2,2
0.413828,0.005903,0.072538,0.006853,0.096228,0.031296,0.002388,0.039560,0.000000,0.011167,0.098589,0.032056,0.009799,0.003761,0.000000,0.003690,0,1,2,2,1,1,1
0.505137,0.003821,0.086235,0.011758,0.079223,0.033120,0.000000,0.058385,0.026084,0.009799,0.146468,0.027854,0.011913,0.006958,0.000000,0.003519,0,1,2,2,2,2,2
0.496976,0.005062,0.088504,0.009216,0.078845,0.021509,0.000000,0.054898,0.024675,0.011913,0.166380,0.030603,0.000000,0.003125,0.000000,0.002246,0,1,2,2,2,2,2
0.391601,0.005850,0.092989,0.014380,0.078959,0.032824,0.019823,0.042161,0.000000,0.010923,0.060326,0.026141,0.000000,0.005646,0.000000,0.001579,0,1,2,2,1,1,2
0.402882,0.007172,0.093010,0.011041,0.081582,0.025935,0.012692,0.044841,0.000000,0.009144,0.085039,0.026545,0.000000,0.002280,0.000000,0.003601,1,1,2,2,1,1,2
0.408639,0.003763,0.088705,0.011227,0.088278,0.029966,0.002653,0.064662,0.000000,0.011826,0.070109,0.029555,0.000000,0.005114,0.000000,0.002781,0,1,2,2,1,1,1
0.514024,0.008025,0.093529,0.008274,0.079116,0.030894,0.000000,0.061404,0.024306,0.010017,0.165226,0.025778,0.000000,0.006068,0.000000,0.001387,0,1,2,2,2,2,2
0.409714,0.006934,0.110668,0.011539,0.065637,0.021861,0.000000,0.044207,0.000000,0.008966,0.096942,0.032114,0.000000,0.007161,0.000000,0.003685,0,1,2,3,1,2,2
0.500792,0.004232,0.068448,0.006139,0.086080,0.027226,0.000000,0.050922,0.032133,0.009856,0.170975,0.035823,0.000000,0.007754,0.000000,0.001204,0,1,1,2,2,2,2
0.421578,0.006968,0.085072,0.010444,0.099619,0.028930,0.000000,0.059536,0.000000,0.010647,0.071611,0.028631,0.010199,0.007183,0.000000,0.002738,1,1,2,3,1,2,2
0.495984,0.007502,0.092840,0.009231,0.096406,0.026991,0.000000,0.046743,0.024181,0.010199,0.146962,0.024136,0.000000,0.007853,0.000000,0.002940,0,2,2,2,2,2,2
0.512725,0.005786,0.119118,0.008974,0.072252,0.019737,0.000000,0.062230,0.006732,0.011096,0.154522,0.036194,0.008522,0.004922,0.000000,0.002640,0,2,2,2,2,2,2
0.503687,0.005588,0.114420,0.008432,0.070114,0.019592,0.000000,0.062583,0.015801,0.008522,0.162801,0.022060,0.009302,0.002030,0.000000,0.002442,0,2,2,2,2,2,2
0.529663,0.007226,0.107849,0.005103,0.085349,0.025271,0.000000,0.054771,0.007137,0.009302,0.172878,0.034177,0.011541,0.006051,0.000000,0.003008,1,2,2,2,2,2,2
0.493992,0.004757,0.074122,0.006295,0.086310,0.025501,0.000000,0.067737,0.013165,0.011541,0.168473,0.030073,0.000000,0.004552,0.000000,0.001466,0,1,1,2,2,2,2
0.509020,0.005722,0.121867,0.011126,0.068465,0.026036,0.000000,0.055035,0.016004,0.009934,0.158886,0.030941,0.000000,0.004237,0.000000,0.000767,1,2,2,2,2,2,2
0.480868,0.006063,0.066801,0.013765,0.088717,0.028616,0.000000,0.046727,0.023647,0.009044,0.157294,0.032115,0.000000,0.005295,0.000000,0.002784,0,1,1,2,2,2,2
0.488507,0.007760,0.076896,0.010013,0.088983,0.023051,0.000000,0.055222,0.018126,0.008124,0.160709,0.030372,0.000000,0.005465,0.000000,0.003786,0,1,2,2,2,2,2
0.489121,0.004237,0.089246,0.013013,0.087683,0.028938,0.000000,0.048307,0.017756,0.011230,0.151880,0.028183,0.000000,0.005678,0.000000,0.002970,0,1,2,2,2,2,2
0.493866,0.003784,0.087012,0.007748,0.099853,0.025316,0.000000,0.062699,0.000000,0.010546,0.146109,0.034902,0.011749,0.003010,0.000000,0.001138,0,1,2,2,2,2,2
0.512776,0.003967,0.102118,0.010721,0.073282,0.024073,0.000000,0.064777,0.001148,0.011749,0.184243,0.032059,0.000000,0.002861,0.000000,0.001778,0,2,2,2,2,2,2
0.415688,0.002751,0.099255,0.013793,0.076452,0.018712,0.000000,0.060095,0.000000,0.008237,0.094476,0.033812,0.000000,0.005943,0.000000,0.002162,0,1,2,2,1,1,1
0.423871,0.006025,0.092051,0.009041,0.092563,0.025423,0.000000,0.053204,0.000000,0.009775,0.092617,0.035290,0.000000,0.007141,0.000000,0.000741,0,1,2,2,1,2,2
0.412721,0.001839,0.098474,0.012614,0.084367,0.025429,0.000000,0.054281,0.000000,0.010773,0.077984,0.028314,0.009863,0.005708,0.000000,0.003075,0,2,2,2,1,2,2
0.501613,0.004565,0.106847,0.010011,0.073826,0.030004,0.000000,0.054378,0.014912,0.009863,0.159261,0.029575,0.000000,0.006290,0.000000,0.002081,1,2,2,2,2,2,2
0.471835,0.004554,0.063379,0.010064,0.096757,0.021176,0.000000,0.045865,0.026970,0.008667,0.159972,0.027616,0.000000,0.004057,0.000000,0.002758,0,1,1,2,2,2,2
0.388852,0.006266,0.114620,0.008679,0.076435,0.034817,0.013240,0.037850,0.000000,0.008623,0.059667,0.024586,0.000000,0.001060,0.000000,0.003009,1,2,2,3,1,1,2
0.482700,0.002344,0.072864,0.012932,0.077840,0.017822,0.000000,0.058199,0.013012,0.010825,0.166297,0.032590,0.010547,0.006801,0.000000,0.000627,0,1,1,2,2,2,2
0.496933,0.004270,0.078097,0.006293,0.080018,0.030167,0.000000,0.065547,0.001206,0.010547,0.182546,0.028829,0.000000,0.006440,0.000000,0.002973,0,1,1,2,2,2,2
0.390865,0.004427,0.088104,0.012806,0.071856,0.030815,0.008989,0.047539,0.000000,0.011117,0.074100,0.021322,0.009065,0.007471,0.000000,0.003254,0,1,2,2,1,1,1
0.487503,0.005868,0.080560,0.007366,0.082213,0.027066,0.000000,0.051930,0.017572,0.009065,0.168713,0.030026,0.000000,0.004953,0.000000,0.002171,0,1,2,2,2,2,2
0.389313,0.004630,0.074980,0.009693,0.089834,0.025930,0.000000,0.055886,0.000000,0.009474,0.067965,0.033922,0.011198,0.003623,0.000000,0.002178,0,1,2,2,1,1,1
0.492810,0.002052,0.089892,0.009589,0.075821,0.021241,0.000000,0.051592,0.024332,0.011198,0.166188,0.030380,0.000000,0.007756,0.000000,0.002769,0,1,1,2,2,2,2
0.486392,0.002160,0.084185,0.008806,0.087820,0.024697,0.000000,0.065322,0.016941,0.008500,0.149944,0.032293,0.000000,0.002680,0.000000,0.003044,0,1,1,2,2,2,2
0.489432,0.008991,0.070776,0.009942,0.090967,0.025667,0.000000,0.048297,0.032523,0.008697,0.157821,0.031423,0.000000,0.003787,0.000000,0.000541,0,1,2,2,2,2,2
0.475529,0.003204,0.084012,0.008200,0.081313,0.030673,0.000000,0.049271,0.032347,0.010625,0.141269,0.028912,0.000000,0.005218,0.000000,0.000485,0,1,2,2,2,2,2
0.512020,0.006292,0.096951,0.010321,0.074213,0.022465,0.000000,0.057120,0.011208,0.010782,0.183516,0.033322,0.000000,0.004617,0.000000,0.001213,0,1,2,2,2,2,2
0.377273,0.003875,0.056534,0.014573,0.084697,0.022417,0.004658,0.045480,0.000000,0.010942,0.092132,0.034065,0.000000,0.006139,0.000000,0.001761,0,1,1,2,1,1,1
0.408290,0.007981,0.084481,0.010890,0.085754,0.031214,0.000000,0.046116,0.000000,0.009488,0.091221,0.036032,0.000000,0.003833,0.000000,0.001280,1,1,2,2,1,2,2
0.491572,0.004915,0.098964,0.007755,0.078752,0.033756,0.000000,0.061125,0.022434,0.010028,0.140975,0.024352,0.000000,0.005053,0.000000,0.003463,0,1,2,2,2,2,2
0.500265,0.002431,0.105193,0.011144,0.078118,0.027514,0.000000,0.041117,0.025883,0.011181,0.153190,0.036954,0.000000,0.005574,0.000000,0.001966,0,1,2,2,2,2,2
0.481928,0.008839,0.070299,0.009466,0.083670,0.019126,0.000000,0.049132,0.026741,0.011387,0.162287,0.023861,0.010593,0.004132,0.000000,0.002395,0,1,1,2,2,2,2
0.483066,0.003993,0.066919,0.008382,0.091093,0.027652,0.000000,0.060292,0.009781,0.010593,0.165767,0.028834,0.000000,0.008121,0.000000,0.001639,0,1,1,2,2,2,2
0.387557,0.004264,0.065196,0.008736,0.092397,0.016746,0.017043,0.043786,0.000000,0.011301,0.084624,0.023529,0.011767,0.004383,0.000000,0.003785,0,1,2,2,1,1,1
0.531299,0.004651,0.102438,0.011638,0.095372,0.029765,0.000000,0.048050,0.008711,0.011767,0.171843,0.037399,0.000000,0.008049,0.000000,0.001616,1,2,2,2,2,2,2
0.380256,0.007140,0.067992,0.009239,0.083857,0.033070,0.011782,0.047655,0.000000,0.011667,0.069238,0.022265,0.009584,0.004620,0.000000,0.002147,0,1,1,2,1,1,1
0.493510,0.007607,0.064132,0.014201,0.085682,0.025624,0.000000,0.055551,0.013611,0.009584,0.185616,0.028694,0.000000,0.001878,0.000000,0.001330,0,1,2,2,2,2,2
0.387922,0.005816,0.078977,0.012514,0.089791,0.024633,0.005653,0.054536,0.000000,0.010719,0.071041,0.027314,0.000000,0.004150,0.000000,0.002778,0,1,2,2,1,1,1
0.382884,0.008084,0.072865,0.007128,0.094137,0.022039,0.000000,0.058028,0.000000,0.009908,0.067082,0.029733,0.009420,0.003580,0.000000,0.000880,0,1,2,2,1,1,1
0.491222,0.004099,0.075561,0.010394,0.088078,0.032831,0.000000,0.042763,0.016106,0.009420,0.175603,0.031648,0.000000,0.002457,0.000000,0.002262,0,1,2,2,2,2,2
0.391024,0.006653,0.101097,0.008502,0.068293,0.032786,0.006834,0.045863,0.000000,0.009036,0.081473,0.025364,0.000000,0.004309,0.000000,0.000814,0,1,2,2,1,1,1
0.430314,0.005480,0.098425,0.009161,0.005202,0.021423,0.000000,0.060993,0.024181,0.010847,0.155973,0.033032,0.000000,0.004326,0.000000,0.001271,1,1,1,2,1,2,2
0.535750,0.007132,0.111783,0.015011,0.083352,0.031456,0.000000,0.045688,0.034754,0.008967,0.159756,0.031468,0.000000,0.004069,0.000000,0.002314,1,2,2,3,2,2,2
0.393802,0.006458,0.096645,0.008475,0.080652,0.019526,0.000000,0.064656,0.000000,0.008977,0.065720,0.026943,0.009249,0.003725,0.000000,0.002776,1,1,2,3,1,1,2
0.507665,0.006394,0.095568,0.013032,0.076060,0.021545,0.000000,0.039545,0.023531,0.009249,0.175644,0.024489,0.010941,0.008109,0.000000,0.003558,1,1,2,2,2,2,2
0.468288,0.005167,0.058877,0.010041,0.086976,0.019243,0.000000,0.054754,0.021195,0.010941,0.171937,0.025493,0.000000,0.003023,0.000000,0.000641,0,1,1,2,2,2,2
0.402799,0.006003,0.097901,0.007997,0.078664,0.026165,0.016752,0.050820,0.000000,0.010243,0.074962,0.031006,0.000000,0.001032,0.000000,0.001254,0,1,2,2,1,2,2
0.395069,0.004821,0.097985,0.011643,0.078130,0.021446,0.015415,0.058114,0.000000,0.009860,0.067036,0.021416,0.000000,0.006651,0.000000,0.002552,0,1,2,2,1,2,2
0.505082,0.004044,0.088214,0.013611,0.091672,0.025716,0.000000,0.045357,0.024007,0.009796,0.154809,0.030652,0.011595,0.003571,0.000000,0.002038,1,1,2,2,2,2,2
0.488200,0.006642,0.067360,0.005830,0.092245,0.027683,0.000000,0.042682,0.015673,0.011595,0.179263,0.033579,0.000000,0.003902,0.000000,0.001746,0,1,1,2,2,2,2
0.516614,0.006387,0.103930,0.010061,0.084762,0.024165,0.000000,0.057665,0.034305,0.008342,0.149571,0.027368,0.000000,0.007764,0.000000,0.002294,1,2,2,2,2,2,2
0.393928,0.003872,0.067163,0.009737,0.094121,0.033856,0.000000,0.047165,0.000000,0.011130,0.093784,0.024444,0.000000,0.006178,0.000000,0.002478,0,1,1,2,1,1,1
0.388337,0.004740,0.073726,0.015766,0.085146,0.016263,0.000000,0.036213,0.000000,0.009632,0.113166,0.027538,0.000000,0.005459,0.000000,0.000688,0,1,2,2,1,1,1
0.394185,0.003515,0.063748,0.012105,0.086974,0.015848,0.000000,0.050743,0.000000,0.011418,0.113720,0.024467,0.000000,0.008140,0.000000,0.003507,0,1,1,2,1,1,1
0.437869,0.006396,0.116947,0.007805,0.091238,0.030368,0.000000,0.035611,0.000000,0.009653,0.087940,0.039732,0.009455,0.002396,0.000000,0.000328,1,2,2,2,1,2,2
0.483158,0.002710,0.087505,0.006238,0.083257,0.025928,0.000000,0.065427,0.022106,0.009455,0.131849,0.033914,0.011002,0.003073,0.000000,0.000694,0,1,2,2,2,2,2
0.492208,0.006205,0.073296,0.011272,0.089295,0.017799,0.000000,0.049366,0.024264,0.011002,0.155996,0.032811,0.009977,0.007922,0.000000,0.003003,0,1,2,2,2,2,2
0.501979,0.007202,0.095598,0.012921,0.072025,0.022637,0.000000,0.050884,0.010399,0.009977,0.188448,0.029936,0.000000,0.001366,0.000000,0.000586,0,1,1,2,2,2,2
0.400787,0.008940,0.075239,0.005289,0.092097,0.020110,0.000000,0.056720,0.000000,0.008695,0.091477,0.023507,0.009542,0.007353,0.000000,0.001818,1,1,2,2,1,1,1
0.518149,0.004815,0.095466,0.010305,0.073558,0.026736,0.000000,0.053775,0.019043,0.009542,0.172556,0.035534,0.008442,0.005644,0.000000,0.002733,0,1,2,2,2,2,2
0.496630,0.004299,0.098564,0.009166,0.079650,0.025069,0.000000,0.056131,0.029889,0.008442,0.152740,0.027904,0.000000,0.003401,0.000000,0.001375,0,1,2,2,2,2,2
0.427690,0.003376,0.090042,0.014035,0.085704,0.026485,0.014243,0.033701,0.000000,0.008959,0.102473,0.037380,0.000000,0.008264,0.000000,0.003028,0,1,2,3,1,2,2
0.375390,0.001943,0.069971,0.007557,0.083274,0.022826,0.000000,0.049274,0.000000,0.010264,0.094890,0.028820,0.000000,0.003842,0.000000,0.002729,0,1,2,2,1,1,1
0.482690,0.001915,0.059286,0.004279,0.100365,0.029986,0.000000,0.050788,0.028383,0.009026,0.172345,0.020094,0.000000,0.004725,0.000000,0.001498,0,1,1,2,2,2,2
0.410129,0.005012,0.101743,0.014041,0.080538,0.028763,0.000000,0.049006,0.000000,0.010764,0.091700,0.021143,0.000000,0.004933,0.000000,0.002486,0,2,2,3,1,2,2
0.311810,0.003865,0.108687,0.007086,0.076774,0.026817,0.000000,0.041742,0.000000,0.008589,0.000000,0.030753,0.000000,0.004584,0.000000,0.002913,0,2,2,2,1,1,1
0.382481,0.002257,0.068239,0.010805,0.086400,0.027915,0.000000,0.046260,0.000000,0.011143,0.103417,0.021034,0.000000,0.003657,0.000000,0.001354,0,1,1,2,1,1,1
0.484347,0.007904,0.067086,0.007441,0.085737,0.027784,0.000000,0.064209,0.022081,0.011102,0.143725,0.030307,0.009765,0.004743,0.000000,0.002463,0,1,1,2,2,2,2
0.407902,0.004318,0.120036,0.005851,0.076534,0.026046,0.000000,0.045847,0.000000,0.009847,0.081221,0.033574,0.000000,0.002966,0.000000,0.001662,1,2,2,3,1,2,2
0.491204,0.007233,0.086902,0.010142,0.074310,0.030502,0.000000,0.050993,0.013333,0.009603,0.158001,0.032757,0.010359,0.004034,0.000000,0.003035,0,1,2,2,2,2,2
0.486549,0.005629,0.055750,0.010169,0.109200,0.031821,0.000000,0.051320,0.011618,0.010359,0.164016,0.027264,0.000000,0.006503,0.000000,0.002900,0,1,2,2,2,2,2
0.499418,0.006252,0.067365,0.014517,0.086479,0.024271,0.000000,0.056273,0.030066,0.008948,0.161445,0.034854,0.000000,0.005318,0.000000,0.003630,0,1,2,2,2,2,2
0.493211,0.004097,0.079142,0.008711,0.088011,0.025393,0.000000,0.053991,0.038848,0.009360,0.144303,0.032420,0.000000,0.007014,0.000000,0.001921,0,1,2,2,2,2,2
0.410471,0.002608,0.081635,0.007696,0.098368,0.023737,0.000000,0.037696,0.000000,0.008927,0.105182,0.030559,0.009385,0.002913,0.000000,0.001765,0,1,1,2,1,1,1
0.502519,0.002865,0.104527,0.009094,0.076479,0.029587,0.000000,0.057646,0.019953,0.009385,0.142816,0.036866,0.009670,0.002085,0.000000,0.001546,0,1,2,2,2,2,2
0.498836,0.004500,0.087957,0.015455,0.078688,0.021039,0.000000,0.046335,0.036002,0.009670,0.163334,0.030889,0.000000,0.003998,0.000000,0.000969,0,1,2,2,2,2,2
0.394413,0.002894,0.093596,0.008972,0.076800,0.015642,0.000000,0.045328,0.000000,0.010933,0.105883,0.029578,0.000000,0.004598,0.000000,0.000189,0,1,2,2,1,2,2
0.479608,0.002473,0.092675,0.006664,0.093164,0.030227,0.000000,0.051279,0.018873,0.009719,0.140719,0.025509,0.000000,0.006752,0.000000,0.001554,0,1,2,2,2,2,2
0.508885,0.007411,0.101599,0.008949,0.081148,0.026083,0.000000,0.044239,0.010481,0.011742,0.184661,0.027188,0.000000,0.004208,0.000000,0.001176,0,1,2,2,2,2,2
0.389524,0.001637,0.099456,0.010048,0.081439,0.023948,0.000000,0.060149,0.000000,0.009969,0.071584,0.027627,0.000000,0.002431,0.000000,0.001236,0,1,2,2,1,1,1
0.443962,0.002162,0.063328,0.006946,0.095286,0.028319,0.000000,0.059522,0.002733,0.010306,0.148686,0.023257,0.000000,0.001758,0.000000,0.001659,0,1,1,2,2,2,2
0.478390,0.004625,0.068252,0.008671,0.083106,0.023731,0.000000,0.048707,0.007489,0.010655,0.190982,0.026442,0.000000,0.005533,0.000000,0.000197,0,1,1,2,2,2,2
0.377335,0.004152,0.069438,0.005728,0.091651,0.031905,0.000000,0.044549,0.000000,0.009621,0.081490,0.033062,0.000000,0.004125,0.000000,0.001614,0,1,1,2,1,1,1
0.377894,0.006383,0.072072,0.013168,0.084376,0.031183,0.000000,0.052106,0.000000,0.008696,0.071060,0.030365,0.000000,0.006636,0.000000,0.001849,0,1,2,2,1,1,1
0.426878,0.008155,0.100350,0.007646,0.090290,0.019512,0.000000,0.062661,0.000000,0.010952,0.093306,0.027734,0.000000,0.004017,0.000000,0.002255,1,2,2,2,1,2,2
0.389545,0.004840,0.079440,0.012726,0.093651,0.022947,0.000000,0.046483,0.000000,0.009549,0.079742,0.027611,0.008944,0.002259,0.000000,0.001353,0,1,1,2,1,1,1
0.494210,0.005952,0.077009,0.014167,0.074938,0.027051,0.000000,0.068254,0.011873,0.008944,0.174268,0.026925,0.000000,0.002405,0.000000,0.002424,0,1,2,2,2,2,2
0.388015,0.007273,0.072572,0.009139,0.086551,0.029667,0.001405,0.058941,0.000000,0.008082,0.083237,0.025721,0.000000,0.003648,0.000000,0.001779,0,1,1,2,1,1,1
0.504345,0.005102,0.075090,0.013183,0.092157,0.028587,0.000000,0.045934,0.028364,0.009186,0.152954,0.034731,0.010574,0.006725,0.000000,0.001758,0,1,2,2,2,2,2
0.451493,0.001949,0.050486,0.013414,0.083493,0.031235,0.000000,0.049932,0.022477,0.010574,0.145113,0.027025,0.008427,0.004815,0.000000,0.002553,0,1,1,2,2,2,2
0.484831,0.005454,0.082321,0.005847,0.089484,0.028263,0.000000,0.058768,0.000166,0.008427,0.163880,0.034784,0.000000,0.005186,0.000000,0.002251,0,1,2,2,2,2,2
0.497452,0.005662,0.076967,0.013765,0.088055,0.024114,0.000000,0.057488,0.019195,0.009967,0.157825,0.028816,0.009620,0.005252,0.000000,0.000726,0,1,2,2,2,2,2
0.515121,0.005823,0.091089,0.006684,0.092099,0.018651,0.000000,0.052584,0.016609,0.009620,0.178342,0.038035,0.000000,0.003830,0.000000,0.001755,0,1,2,2,2,2,2
0.392590,0.007361,0.091387,0.008490,0.082757,0.022751,0.003778,0.058910,0.000000,0.010784,0.059954,0.030083,0.011160,0.004226,0.000000,0.000949,0,1,2,2,1,1,1
0.493845,0.005072,0.095580,0.009132,0.086870,0.030868,0.000000,0.037674,0.014448,0.011160,0.165898,0.030158,0.000000,0.006481,0.000000,0.000504,1,1,2,2,2,2,2
0.495872,0.003184,0.096249,0.010477,0.085022,0.031568,0.000000,0.048750,0.018468,0.011850,0.151972,0.034031,0.000000,0.003107,0.000000,0.001194,0,1,2,2,2,2,2
0.386584,0.005449,0.081899,0.014444,0.087731,0.027967,0.000000,0.031650,0.000000,0.008625,0.091573,0.028948,0.000000,0.005674,0.000000,0.002624,0,1,2,2,1,1,1
0.501853,0.005732,0.093969,0.007372,0.087084,0.025391,0.000000,0.036934,0.030278,0.009225,0.173336,0.024658,0.000000,0.007206,0.000000,0.000668,0,1,2,2,2,2,2
0.505438,0.004524,0.090042,0.011971,0.099425,0.025087,0.000000,0.049680,0.020687,0.008189,0.160181,0.025927,0.000000,0.007791,0.000000,0.001934,0,1,2,2,2,2,2
0.414725,0.006946,0.089533,0.009371,0.098947,0.025507,0.000000,0.044712,0.000000,0.009891,0.089676,0.029697,0.000000,0.008547,0.000000,0.001898,1,2,2,3,1,1,2
0.492428,0.003925,0.100437,0.008811,0.090253,0.020081,0.000000,0.056261,0.033247,0.009839,0.129481,0.031018,0.000000,0.006401,0.000000,0.002674,0,1,2,2,2,2,2
0.462911,0.002876,0.071586,0.011033,0.087623,0.029666,0.000000,0.045353,0.011645,0.009417,0.157214,0.030959,0.000000,0.003147,0.000000,0.002392,0,1,1,2,2,2,2
0.417559,0.008299,0.100345,0.008781,0.089923,0.020601,0.000000,0.050206,0.000000,0.009138,0.098168,0.023807,0.000000,0.006547,0.000000,0.001744,1,2,2,2,1,1,1
0.523984,0.003882,0.109533,0.004993,0.092410,0.019296,0.000000,0.058046,0.026831,0.009606,0.163054,0.028864,0.000000,0.005012,0.000000,0.002457,0,2,2,2,2,2,2
0.330488,0.006042,0.088019,0.012988,0.010942,0.024765,0.000000,0.033302,0.000000,0.010897,0.112850,0.023232,0.000000,0.006364,0.000000,0.001087,0,1,1,2,1,1,1
0.413228,0.005300,0.113999,0.010527,0.088752,0.021605,0.000000,0.068114,0.000000,0.009351,0.058482,0.027571,0.000000,0.008470,0.000000,0.001057,0,2,2,2,1,2,2
0.497349,0.003369,0.079714,0.012755,0.094445,0.017021,0.000000,0.053489,0.022480,0.010381,0.165761,0.031294,0.000000,0.004150,0.000000,0.002490,0,1,2,2,2,2,2
0.484377,0.005355,0.076829,0.005386,0.101136,0.025754,0.000000,0.068639,0.013199,0.009217,0.137647,0.031870,0.000000,0.007123,0.000000,0.002222,0,1,2,2,2,2,2
0.405203,0.005074,0.091074,0.013852,0.082294,0.024828,0.000000,0.063526,0.000000,0.009235,0.079145,0.031606,0.000000,0.002577,0.000000,0.001992,0,1,2,2,1,1,1
0.407491,0.005422,0.115101,0.008363,0.003284,0.027675,0.000000,0.044791,0.033019,0.010530,0.132875,0.021731,0.000000,0.004024,0.000000,0.000676,1,1,1,2,1,2,2
0.517858,0.008235,0.083179,0.011971,0.088745,0.032313,0.000000,0.051750,0.000000,0.009708,0.186940,0.031389,0.009833,0.002569,0.000000,0.001226,0,1,2,2,2,2,2
0.532609,0.004888,0.119919,0.008103,0.098430,0.028747,0.000000,0.058389,0.022137,0.009833,0.134826,0.031244,0.010570,0.005048,0.000000,0.000475,1,2,2,3,2,2,2
0.502907,0.002834,0.099775,0.010982,0.081992,0.025367,0.000000,0.053646,0.012210,0.010570,0.167334,0.030207,0.000000,0.004063,0.000000,0.003927,0,2,2,2,2,2,2
0.508386,0.004287,0.104914,0.009709,0.087397,0.031978,0.000000,0.044746,0.016800,0.011433,0.156774,0.022761,0.009209,0.005210,0.000000,0.003168,0,1,2,2,2,2,2
0.521768,0.006021,0.090760,0.011754,0.098373,0.021840,0.000000,0.047595,0.015023,0.009209,0.171177,0.034111,0.009752,0.005568,0.000000,0.000585,1,2,2,2,2,2,2
0.492854,0.004955,0.098477,0.011140,0.089161,0.018558,0.000000,0.056640,0.030018,0.009752,0.136537,0.028805,0.000000,0.006412,0.000000,0.002399,0,2,2,2,2,2,2
0.418985,0.005036,0.081263,0.008074,0.010649,0.033017,0.000000,0.062313,0.000000,0.009875,0.161382,0.031576,0.010814,0.003725,0.000000,0.001261,0,1,1,2,1,2,2
0.511805,0.004172,0.111835,0.015118,0.069732,0.027736,0.000000,0.047703,0.027631,0.010814,0.166058,0.023878,0.000000,0.003911,0.000000,0.003217,0,2,2,2,2,2,2
0.497035,0.003821,0.082308,0.010444,0.085364,0.027926,0.000000,0.066806,0.000805,0.010221,0.167285,0.036917,0.000000,0.003406,0.000000,0.001732,0,1,1,2,2,2,2
0.383290,0.008402,0.073147,0.012423,0.076679,0.020868,0.006325,0.049895,0.000000,0.009541,0.089843,0.032337,0.000000,0.003219,0.000000,0.000611,0,1,1,2,1,1,1
0.441772,0.003356,0.090956,0.004519,0.010341,0.025694,0.000000,0.057431,0.027377,0.011094,0.171875,0.034017,0.000000,0.003691,0.000000,0.001421,0,1,1,1,1,2,2
0.429478,0.007569,0.114147,0.012091,0.076404,0.033276,0.006547,0.063344,0.000000,0.009631,0.067922,0.025010,0.010593,0.002460,0.000000,0.000484,0,2,2,3,1,2,2
0.499299,0.006198,0.072665,0.011089,0.091404,0.028745,0.000000,0.054472,0.019346,0.010593,0.169295,0.029501,0.000000,0.003982,0.000000,0.002009,0,1,2,2,2,2,2
0.388019,0.005507,0.074250,0.005743,0.097358,0.019960,0.000000,0.037893,0.000000,0.011616,0.087490,0.030142,0.009621,0.005172,0.000000,0.003267,0,1,2,2,1,1,2
0.490312,0.005829,0.087370,0.010070,0.081147,0.027605,0.000000,0.044598,0.013564,0.009621,0.182024,0.021470,0.000000,0.005412,0.000000,0.001602,0,1,2,2,2,2,2
0.490347,0.006473,0.082118,0.011605,0.087587,0.027710,0.000000,0.052178,0.024158,0.010910,0.152724,0.030085,0.000000,0.003370,0.000000,0.001429,0,1,2,2,2,2,2
0.436150,0.003573,0.119404,0.008678,0.098358,0.022795,0.000000,0.060290,0.000000,0.010836,0.073837,0.032466,0.000000,0.003884,0.000000,0.002029,1,2,2,3,2,2,2
0.509183,0.005190,0.089775,0.013839,0.082863,0.026126,0.000000,0.063224,0.022036,0.008717,0.157509,0.033651,0.000000,0.002447,0.000000,0.003806,0,1,2,2,2,2,2
0.405428,0.006216,0.093447,0.014983,0.082562,0.029419,0.000000,0.052655,0.000000,0.009263,0.082720,0.029280,0.000000,0.003890,0.000000,0.000993,1,1,2,3,1,2,2
0.408739,0.004472,0.089865,0.009374,0.091383,0.025166,0.000000,0.054410,0.000000,0.009499,0.092445,0.026698,0.000000,0.002989,0.000000,0.002438,0,1,2,2,1,2,2
0.511885,0.002905,0.093898,0.009495,0.097699,0.030686,0.000000,0.069905,0.004002,0.009199,0.146386,0.029992,0.008480,0.006140,0.000000,0.003098,0,2,2,2,2,2,2
0.498497,0.005247,0.092342,0.010710,0.091061,0.022070,0.000000,0.047931,0.023920,0.008480,0.165144,0.025197,0.000000,0.003775,0.000000,0.002620,0,2,2,2,2,2,2
0.510728,0.004690,0.095393,0.012852,0.092865,0.033849,0.000000,0.047846,0.011111,0.008905,0.166118,0.027686,0.000000,0.006444,0.000000,0.002969,1,2,2,2,2,2,2
0.474570,0.005219,0.067195,0.013246,0.105435,0.024335,0.000000,0.067707,0.000000,0.009175,0.142803,0.031419,0.000000,0.006601,0.000000,0.001435,0,1,2,2,2,2,2
0.397698,0.001170,0.076492,0.011374,0.088646,0.023065,0.000000,0.058618,0.000000,0.008194,0.091807,0.026679,0.000000,0.007984,0.000000,0.003669,0,1,2,2,1,1,1
0.531351,0.003339,0.104529,0.010707,0.093982,0.020605,0.000000,0.049938,0.014073,0.011982,0.183215,0.035811,0.000000,0.002188,0.000000,0.000982,0,2,2,2,2,2,2
0.431646,0.005482,0.105107,0.005016,0.100793,0.022285,0.000000,0.031785,0.000000,0.010888,0.118660,0.025907,0.000000,0.003961,0.000000,0.001762,0,2,2,2,1,2,2
0.527241,0.006915,0.112966,0.013664,0.086471,0.024258,0.000000,0.060275,0.018470,0.009875,0.156305,0.027012,0.000000,0.007512,0.000000,0.003518,0,2,2,2,2,2,2
0.301163,0.001775,0.087832,0.010020,0.086625,0.028219,0.000000,0.038563,0.000000,0.010924,0.001229,0.032965,0.000000,0.001210,0.000000,0.001801,0,1,2,2,1,1,1
0.395766,0.004322,0.084245,0.005024,0.100895,0.031971,0.015290,0.060845,0.000000,0.009912,0.039370,0.028575,0.008913,0.004761,0.000000,0.001643,0,1,2,2,1,1,1
0.401529,0.006464,0.085710,0.014902,0.081962,0.018828,0.000000,0.043449,0.000000,0.008405,0.097258,0.031259,0.009279,0.002259,0.000000,0.001754,0,1,2,2,1,2,2
0.385361,0.003611,0.087287,0.008370,0.094508,0.023749,0.012582,0.057124,0.000000,0.011244,0.057026,0.024385,0.000000,0.003683,0.000000,0.001792,0,1,2,2,1,1,1
0.392899,0.007089,0.073845,0.010040,0.010601,0.028493,0.000000,0.051995,0.002766,0.010174,0.167466,0.024893,0.000000,0.003337,0.000000,0.002200,0,0,1,1,1,2,2
0.515387,0.004388,0.092685,0.011556,0.082889,0.027656,0.000000,0.053704,0.020623,0.010409,0.175339,0.029493,0.000000,0.004955,0.000000,0.001690,0,2,2,2,2,2,2
0.399176,0.006371,0.094998,0.013690,0.088232,0.018495,0.000000,0.039334,0.000000,0.010199,0.093971,0.028776,0.000000,0.002894,0.000000,0.002216,1,2,2,2,1,1,1
0.410625,0.002049,0.095668,0.011360,0.094982,0.026436,0.000000,0.060688,0.000000,0.009885,0.066428,0.036842,0.000000,0.005890,0.000000,0.000397,0,2,2,2,1,2,2
0.425009,0.003127,0.101051,0.011625,0.087423,0.025008,0.000000,0.063589,0.000000,0.010993,0.064729,0.038952,0.010372,0.007278,0.000000,0.000862,1,2,2,2,1,1,1
0.510630,0.006101,0.100769,0.007001,0.093286,0.018709,0.000000,0.047442,0.034916,0.010372,0.140541,0.033592,0.011605,0.004328,0.000000,0.001968,1,1,2,2,2,2,2
0.477476,0.001884,0.073402,0.009672,0.082257,0.024949,0.000000,0.055011,0.014361,0.011605,0.173650,0.023844,0.000000,0.006228,0.000000,0.000613,0,1,1,2,2,2,2
0.414743,0.006307,0.114901,0.010081,0.069934,0.020490,0.000000,0.039239,0.000000,0.009690,0.099257,0.026079,0.009511,0.007309,0.000000,0.001945,0,2,2,2,1,2,2
0.483931,0.001715,0.061704,0.005556,0.111562,0.022703,0.000000,0.049556,0.010065,0.009511,0.174271,0.027999,0.000000,0.006913,0.000000,0.002376,0,1,1,2,2,2,2
0.434980,0.006631,0.106887,0.012714,0.092421,0.018474,0.000000,0.060350,0.000000,0.010085,0.090029,0.031008,0.000000,0.004548,0.000000,0.001833,0,2,2,2,1,2,2
0.448889,0.003655,0.112680,0.009390,0.096479,0.021448,0.012142,0.045700,0.000000,0.010098,0.091220,0.038010,0.000000,0.005437,0.000000,0.002630,1,2,2,2,1,2,2
0.399761,0.003712,0.085485,0.006768,0.083239,0.015566,0.015981,0.041049,0.000000,0.010534,0.095175,0.033046,0.000000,0.007984,0.000000,0.001222,0,1,2,2,1,2,2
0.499307,0.005584,0.094198,0.013963,0.070694,0.026320,0.000000,0.059832,0.033776,0.009033,0.143834,0.023968,0.009252,0.006245,0.000000,0.002608,0,1,2,2,2,2,2
0.500202,0.006883,0.084795,0.011085,0.084635,0.026818,0.000000,0.044802,0.023077,0.009252,0.164456,0.033199,0.000000,0.007583,0.000000,0.003617,1,1,2,2,2,2,2
0.506997,0.004643,0.086510,0.011521,0.089759,0.017043,0.000000,0.050913,0.037732,0.009753,0.148414,0.031755,0.010440,0.006006,0.000000,0.002508,0,1,2,2,2,2,2
0.516012,0.006511,0.085965,0.011076,0.092888,0.025715,0.000000,0.046177,0.021514,0.010440,0.177487,0.031384,0.000000,0.004802,0.000000,0.002053,0,1,2,2,2,2,2
0.385208,0.005862,0.066883,0.011309,0.085356,0.026308,0.000000,0.046273,0.000000,0.010942,0.086713,0.036493,0.000000,0.006030,0.000000,0.003039,0,1,1,2,1,1,1
0.477830,0.006060,0.059390,0.005578,0.093265,0.033917,0.000000,0.062442,0.020542,0.009170,0.136661,0.035923,0.009406,0.003801,0.000000,0.001675,0,1,1,2,2,2,2
0.391158,0.006856,0.095306,0.010638,0.088869,0.019760,0.000000,0.053522,0.000000,0.010281,0.073599,0.028890,0.000000,0.001429,0.000000,0.002008,0,2,2,3,1,2,2
0.475053,0.005097,0.060216,0.010069,0.102787,0.024421,0.000000,0.047122,0.008707,0.010535,0.176279,0.023791,0.000000,0.004005,0.000000,0.002024,0,1,2,2,2,2,2
0.413438,0.004085,0.105266,0.008749,0.089957,0.026255,0.000000,0.047494,0.000000,0.010627,0.088333,0.026005,0.000000,0.004736,0.000000,0.001931,0,1,2,2,1,1,1
0.386128,0.007177,0.074354,0.005717,0.088466,0.032799,0.000000,0.061327,0.000000,0.011612,0.071928,0.027404,0.000000,0.003356,0.000000,0.001988,0,1,2,2,1,1,1
0.473799,0.006250,0.076191,0.008072,0.091719,0.025196,0.000000,0.059483,0.016224,0.009388,0.142399,0.028739,0.000000,0.007474,0.000000,0.002664,0,1,1,2,2,2,2
0.467516,0.005206,0.076030,0.010629,0.089911,0.025096,0.000000,0.038734,0.028371,0.010119,0.143679,0.031576,0.000000,0.006421,0.000000,0.001744,0,1,2,2,2,2,2
0.492784,0.001988,0.078381,0.010064,0.098355,0.023291,0.000000,0.057019,0.000000,0.009756,0.179441,0.029875,0.000000,0.002485,0.000000,0.002129,0,1,2,2,2,2,2
0.502763,0.001338,0.074504,0.007121,0.100715,0.026277,0.000000,0.052778,0.028591,0.010535,0.155828,0.036291,0.000000,0.006274,0.000000,0.002511,0,1,2,2,2,2,2
0.415277,0.004022,0.094359,0.012188,0.078438,0.023671,0.000000,0.061373,0.000000,0.009745,0.088936,0.032946,0.000000,0.007219,0.000000,0.002380,0,2,2,2,1,1,1
0.294800,0.005357,0.079147,0.010419,0.088322,0.022092,0.000000,0.042549,0.000000,0.009283,0.000000,0.029909,0.000000,0.005537,0.000000,0.002185,0,1,1,2,1,1,1
0.521658,0.007309,0.115500,0.010698,0.089506,0.033374,0.000000,0.059749,0.002068,0.010425,0.154397,0.031406,0.000000,0.004326,0.000000,0.002900,1,2,2,2,2,2,2
0.498927,0.004728,0.085753,0.008364,0.086348,0.028553,0.000000,0.048139,0.025695,0.010413,0.153965,0.033290,0.009807,0.003032,0.000000,0.000840,0,1,2,2,2,2,2
0.518809,0.003689,0.090472,0.009119,0.096052,0.031205,0.000000,0.051248,0.004512,0.009807,0.174461,0.032466,0.010667,0.003392,0.000000,0.001719,0,1,2,2,2,2,2
0.404684,0.007046,0.069010,0.005092,0.013289,0.028155,0.000000,0.054666,0.029134,0.010667,0.155623,0.024753,0.000000,0.004027,0.000000,0.003222,0,1,1,1,1,1,2
0.510005,0.003934,0.105066,0.007954,0.083790,0.024387,0.000000,0.058067,0.016960,0.010255,0.152380,0.034211,0.008443,0.003901,0.000000,0.000657,0,2,2,2,2,2,2
0.517320,0.006597,0.089709,0.011605,0.091649,0.026091,0.000000,0.039882,0.031549,0.008443,0.172444,0.032816,0.000000,0.003094,0.000000,0.003441,1,2,2,2,2,2,2
0.400688,0.004489,0.051847,0.008763,0.104480,0.023986,0.000000,0.050454,0.000000,0.008968,0.099847,0.039701,0.000000,0.006391,0.000000,0.001762,0,1,1,2,1,1,1
0.501758,0.003217,0.106724,0.010988,0.094650,0.023612,0.000000,0.047903,0.013920,0.009270,0.158783,0.029115,0.000000,0.001760,0.000000,0.001816,0,2,2,2,2,2,2
0.482036,0.007215,0.070702,0.011712,0.087286,0.020843,0.000000,0.057269,0.011531,0.009489,0.178487,0.021748,0.000000,0.002993,0.000000,0.002761,0,1,2,2,2,2,2
0.395473,0.007286,0.078613,0.013775,0.086786,0.019877,0.000000,0.047770,0.000000,0.008544,0.097740,0.028185,0.000000,0.003230,0.000000,0.003667,0,1,2,2,1,1,1
0.424717,0.007683,0.101924,0.008775,0.091998,0.034182,0.000000,0.048544,0.000000,0.011031,0.092657,0.022830,0.000000,0.003138,0.000000,0.001955,0,2,2,2,1,2,2
0.317771,0.002576,0.109211,0.006945,0.006239,0.032127,0.000000,0.068986,0.000000,0.011370,0.040112,0.032958,0.000000,0.004938,0.000000,0.002309,1,1,1,1,1,1,1
0.413193,0.003276,0.079263,0.007175,0.020763,0.027142,0.000000,0.057011,0.000000,0.010856,0.163022,0.036903,0.000000,0.005674,0.000000,0.002108,0,0,1,1,1,1,1
0.314159,0.007337,0.087432,0.007662,0.089872,0.027089,0.000000,0.053326,0.000000,0.009872,0.000000,0.024142,0.000000,0.004447,0.000000,0.002980,0,1,2,2,1,1,1
0.495165,0.006525,0.084942,0.008220,0.088439,0.029670,0.000000,0.049907,0.020169,0.009133,0.162338,0.029428,0.000000,0.003776,0.000000,0.002618,0,1,2,2,2,2,2
0.504847,0.003821,0.091482,0.007746,0.084061,0.026044,0.000000,0.062170,0.018311,0.011292,0.169815,0.022404,0.000000,0.004100,0.000000,0.003601,0,1,2,2,2,2,2
0.418607,0.005376,0.088126,0.008847,0.094106,0.017483,0.000000,0.053318,0.000000,0.009211,0.096653,0.026157,0.010405,0.005314,0.000000,0.003611,0,1,2,2,1,1,1
0.389790,0.002757,0.097674,0.010108,0.079642,0.021080,0.000000,0.054314,0.000000,0.009738,0.074753,0.031520,0.000000,0.007293,0.000000,0.000911,0,1,2,2,1,2,2
0.511925,0.005632,0.092925,0.009331,0.098888,0.030015,0.000000,0.055256,0.000000,0.010798,0.159082,0.033916,0.010105,0.004040,0.000000,0.001937,1,2,2,2,2,2,2
0.474800,0.002439,0.066227,0.005955,0.102098,0.019921,0.000000,0.046177,0.021822,0.010105,0.166095,0.027710,0.000000,0.004336,0.000000,0.001915,0,1,2,2,2,2,2
0.386749,0.005920,0.077268,0.007223,0.020221,0.025230,0.000000,0.047416,0.025683,0.009416,0.143058,0.021015,0.000000,0.001081,0.000000,0.003218,0,1,1,2,1,2,2
0.397925,0.005840,0.102990,0.011704,0.093112,0.028419,0.009961,0.053392,0.000000,0.009505,0.054616,0.020954,0.000000,0.005006,0.000000,0.002426,0,2,2,3,1,2,2
0.434749,0.005084,0.101800,0.006767,0.095836,0.032598,0.000000,0.040549,0.000000,0.010057,0.092973,0.029983,0.010983,0.005394,0.000000,0.002725,0,2,2,2,1,1,1
0.482551,0.002410,0.076119,0.010773,0.096656,0.023668,0.000000,0.059709,0.014267,0.010983,0.153334,0.027987,0.000000,0.003994,0.000000,0.002651,0,1,2,2,2,2,2
0.427021,0.002718,0.112153,0.004692,0.086085,0.024063,0.000000,0.047838,0.000000,0.011766,0.091825,0.032939,0.008209,0.004029,0.000000,0.000704,0,2,2,3,1,2,2
0.496410,0.006257,0.074945,0.005516,0.101504,0.027153,0.000000,0.057637,0.009340,0.008209,0.168355,0.033220,0.000000,0.002904,0.000000,0.001370,0,1,2,2,2,2,2
0.419270,0.004768,0.105843,0.010941,0.092392,0.024555,0.013261,0.042885,0.000000,0.008712,0.060325,0.037366,0.009512,0.006145,0.000000,0.002565,1,2,2,3,1,2,2
0.496916,0.005639,0.072372,0.012771,0.099496,0.025031,0.000000,0.046613,0.008609,0.009512,0.184055,0.029914,0.000000,0.001698,0.000000,0.001206,0,1,2,2,2,2,2
0.397265,0.005484,0.074734,0.011367,0.100070,0.018545,0.000000,0.063698,0.000000,0.009800,0.076643,0.027204,0.000000,0.006789,0.000000,0.002931,0,1,2,2,1,1,1
0.411822,0.006722,0.099154,0.006428,0.013534,0.026977,0.000000,0.063310,0.013629,0.010500,0.147104,0.020400,0.000000,0.002321,0.000000,0.001743,1,1,1,1,2,2,2
0.505653,0.005332,0.083717,0.010635,0.093361,0.030363,0.000000,0.032722,0.021648,0.010448,0.180564,0.027028,0.000000,0.007364,0.000000,0.002471,0,1,2,2,2,2,2
0.490131,0.003610,0.089226,0.011573,0.093336,0.019936,0.000000,0.054419,0.032129,0.011795,0.129594,0.027469,0.008412,0.006465,0.000000,0.002167,1,1,2,2,2,2,2
0.474183,0.004525,0.088490,0.008459,0.088992,0.016778,0.000000,0.047162,0.020122,0.008412,0.160178,0.025806,0.000000,0.004226,0.000000,0.001033,0,1,2,2,2,2,2
0.421464,0.002559,0.093833,0.011315,0.085287,0.015842,0.000000,0.064200,0.000000,0.008284,0.098942,0.035712,0.000000,0.002711,0.000000,0.002779,0,1,2,2,1,1,1
0.532826,0.001920,0.096734,0.010966,0.095452,0.019436,0.000000,0.062649,0.000000,0.010241,0.181945,0.032738,0.011264,0.006770,0.000000,0.002711,0,2,2,2,2,2,2
0.524071,0.005924,0.096819,0.011094,0.095241,0.031410,0.000000,0.059476,0.013255,0.011264,0.166226,0.027692,0.000000,0.003283,0.000000,0.002387,0,2,2,2,2,2,2
0.415704,0.008231,0.090048,0.010258,0.098912,0.027502,0.000000,0.047185,0.000000,0.010178,0.076928,0.030307,0.011392,0.002688,0.000000,0.002075,0,2,2,3,1,2,2
0.509357,0.004987,0.106807,0.006790,0.091846,0.029498,0.000000,0.051117,0.009769,0.011392,0.156088,0.026110,0.010531,0.004077,0.000000,0.000345,0,2,2,2,2,2,2
0.519868,0.004642,0.108123,0.008168,0.091551,0.021905,0.000000,0.044913,0.017547,0.010531,0.171322,0.033101,0.000000,0.006306,0.000000,0.001759,0,2,2,2,2,2,2
0.295765,0.003313,0.085973,0.011727,0.076839,0.025158,0.000000,0.047059,0.000000,0.008480,0.003917,0.025334,0.000000,0.006363,0.000000,0.001602,0,1,2,2,1,1,1
0.393977,0.005381,0.073436,0.014278,0.086958,0.020375,0.000000,0.035803,0.000000,0.010089,0.106952,0.036739,0.000000,0.003068,0.000000,0.000898,0,1,1,2,1,1,1
0.502681,0.006245,0.085468,0.012270,0.076111,0.023196,0.000000,0.049313,0.039365,0.010605,0.154759,0.028841,0.009364,0.004865,0.000000,0.002279,0,1,2,2,2,2,2
0.489750,0.003324,0.072817,0.007436,0.093478,0.025123,0.000000,0.064434,0.022440,0.009364,0.145082,0.031777,0.009762,0.004439,0.000000,0.000274,0,1,2,2,2,2,2
0.417439,0.004890,0.104261,0.013009,0.087607,0.026864,0.000000,0.055254,0.000000,0.008251,0.083975,0.026759,0.000000,0.005854,0.000000,0.000715,1,2,2,3,1,2,2
0.475646,0.006352,0.078391,0.008152,0.100105,0.024645,0.000000,0.065387,0.003554,0.011507,0.138463,0.033634,0.000000,0.004081,0.000000,0.001375,0,1,2,2,2,2,2
0.433979,0.006808,0.116973,0.012754,0.085878,0.017157,0.000000,0.048924,0.000000,0.009423,0.099967,0.030982,0.000000,0.003542,0.000000,0.001571,1,2,2,3,1,2,2
0.416357,0.006732,0.087708,0.005922,0.090793,0.024420,0.013454,0.053672,0.000000,0.011295,0.078057,0.029694,0.009558,0.003676,0.000000,0.001376,0,1,2,2,1,1,1
0.384230,0.002811,0.092068,0.007316,0.089212,0.020600,0.000000,0.060031,0.000000,0.009694,0.069736,0.028577,0.000000,0.002109,0.000000,0.002076,0,1,2,2,1,1,2
0.390035,0.004468,0.082013,0.014062,0.092798,0.028855,0.000000,0.042042,0.000000,0.009964,0.084629,0.025379,0.000000,0.004252,0.000000,0.001573,0,1,2,3,1,2,2
0.516086,0.006027,0.091056,0.011016,0.093584,0.030052,0.000000,0.061636,0.000000,0.010546,0.153794,0.037734,0.009670,0.008912,0.000000,0.002059,0,2,2,2,2,2,2
0.395619,0.003153,0.081743,0.012469,0.005486,0.019621,0.000000,0.039273,0.036695,0.009670,0.153077,0.028121,0.000000,0.004846,0.000000,0.001465,0,1,1,1,1,1,1
0.526248,0.007376,0.096897,0.008593,0.093478,0.030081,0.000000,0.062742,0.000000,0.009629,0.170063,0.037445,0.000000,0.007947,0.000000,0.001997,0,2,2,2,2,2,2
0.406339,0.005621,0.103835,0.009447,0.082533,0.017794,0.000000,0.047420,0.000000,0.010019,0.100020,0.021169,0.000000,0.006468,0.000000,0.002013,0,2,2,3,1,1,1
0.421838,0.006503,0.098552,0.009164,0.092097,0.018689,0.000000,0.036501,0.000000,0.010678,0.101299,0.030548,0.009629,0.005824,0.000000,0.002354,0,2,2,2,1,2,2
0.492486,0.002848,0.069044,0.007350,0.099731,0.033056,0.000000,0.041302,0.017483,0.009629,0.159553,0.035512,0.010288,0.004731,0.000000,0.001959,0,1,1,2,2,2,2
0.407435,0.007204,0.065983,0.009450,0.089088,0.017824,0.000000,0.039403,0.000000,0.011382,0.123859,0.026614,0.010387,0.005029,0.000000,0.001212,0,1,2,2,1,1,1
0.466194,0.007137,0.078419,0.009480,0.088463,0.034491,0.000000,0.055655,0.016669,0.010387,0.137834,0.020934,0.000000,0.002776,0.000000,0.003949,0,1,1,2,2,2,2
0.497453,0.002869,0.083212,0.007202,0.092349,0.027267,0.000000,0.051832,0.000034,0.009360,0.186820,0.030299,0.000000,0.003859,0.000000,0.002350,0,1,2,2,2,2,2
0.426740,0.008197,0.103927,0.007588,0.000610,0.022698,0.000000,0.057965,0.029753,0.010282,0.135884,0.030533,0.009226,0.007116,0.000000,0.002961,0,1,1,2,1,1,2
0.485241,0.002410,0.079671,0.008922,0.097627,0.019954,0.000000,0.045148,0.021225,0.009226,0.157949,0.037790,0.000000,0.003825,0.000000,0.001494,0,1,2,2,2,2,2
0.478351,0.005351,0.074977,0.012008,0.097996,0.024300,0.000000,0.045089,0.024798,0.009417,0.156317,0.021992,0.000000,0.003941,0.000000,0.002165,0,1,2,2,2,2,2
0.542420,0.004357,0.119174,0.011575,0.084777,0.024994,0.000000,0.047944,0.018589,0.010721,0.172645,0.031339,0.010751,0.002985,0.000000,0.002569,0,2,2,3,2,2,2
0.401973,0.005764,0.086442,0.008186,0.004828,0.021113,0.000000,0.038672,0.031293,0.010751,0.149620,0.027323,0.010700,0.006252,0.000000,0.001029,0,0,1,1,1,1,1
0.501231,0.005023,0.088327,0.012049,0.091457,0.019256,0.000000,0.054434,0.014327,0.010700,0.169031,0.029828,0.000000,0.004953,0.000000,0.001846,0,2,2,3,2,2,2
0.406127,0.001980,0.090465,0.008146,0.111098,0.024306,0.000000,0.050157,0.000000,0.009156,0.063283,0.034274,0.009109,0.003632,0.000000,0.000521,0,1,2,2,1,2,2
0.407000,0.004675,0.089758,0.007780,0.092695,0.022182,0.000000,0.054807,0.000000,0.011580,0.086046,0.032660,0.000000,0.004483,0.000000,0.000334,0,2,2,2,1,1,2
0.520407,0.002898,0.090871,0.010028,0.095283,0.021810,0.000000,0.056621,0.032349,0.010219,0.145446,0.037995,0.009778,0.004619,0.000000,0.002490,0,1,2,2,2,2,2
0.520906,0.008279,0.092619,0.006400,0.096964,0.026962,0.000000,0.045969,0.026275,0.009778,0.169132,0.029323,0.000000,0.007041,0.000000,0.002164,0,1,2,2,2,2,2
0.318450,0.001943,0.077959,0.010835,0.020170,0.024756,0.000000,0.053774,0.000000,0.009283,0.070235,0.032826,0.009260,0.005933,0.000000,0.001476,0,0,1,1,1,1,1
0.405754,0.002000,0.108465,0.011970,0.081221,0.025422,0.000000,0.065051,0.000000,0.010281,0.065325,0.028197,0.000000,0.004868,0.000000,0.002954,0,2,2,2,1,2,2
0.483535,0.005706,0.066203,0.011154,0.091250,0.034710,0.000000,0.068307,0.000000,0.009903,0.160977,0.027667,0.000000,0.006710,0.000000,0.000948,0,1,2,2,2,2,2
0.417898,0.005733,0.081259,0.011027,0.015793,0.025048,0.000000,0.046763,0.031539,0.009029,0.158521,0.023568,0.000000,0.007171,0.000000,0.002447,1,1,1,2,1,2,2
0.394659,0.006660,0.076865,0.009567,0.082429,0.032292,0.005709,0.040012,0.000000,0.009403,0.095717,0.027376,0.000000,0.006229,0.000000,0.002400,0,1,1,2,1,1,1
0.330004,0.004428,0.090602,0.008699,0.004471,0.030838,0.000000,0.061053,0.000000,0.011686,0.080690,0.030123,0.000000,0.003923,0.000000,0.003491,0,1,1,1,1,1,1
0.438063,0.006207,0.113557,0.008704,0.080440,0.019561,0.000000,0.048915,0.000000,0.010659,0.090016,0.038952,0.011014,0.006702,0.000000,0.003336,0,2,2,2,1,2,2
0.485378,0.007875,0.070778,0.009791,0.092384,0.030556,0.000000,0.068410,0.004036,0.011014,0.142730,0.030625,0.009613,0.004953,0.000000,0.002613,0,1,2,2,2,2,2
0.533124,0.004900,0.107759,0.014544,0.091918,0.021677,0.000000,0.062173,0.000822,0.009613,0.184767,0.027322,0.000000,0.006077,0.000000,0.001552,0,2,2,2,2,2,2
0.399373,0.001654,0.085208,0.008675,0.089576,0.030560,0.000790,0.056990,0.000000,0.009952,0.085005,0.022318,0.000000,0.005906,0.000000,0.002739,0,1,2,2,1,1,1
0.490516,0.005617,0.082359,0.012260,0.086692,0.034747,0.000000,0.047359,0.028212,0.010304,0.149961,0.027225,0.000000,0.004353,0.000000,0.001427,0,1,1,2,2,2,2
0.412299,0.006768,0.093941,0.010280,0.082363,0.033368,0.015753,0.048038,0.000000,0.009734,0.083271,0.025963,0.000000,0.001456,0.000000,0.001364,0,1,2,3,1,1,2
0.408103,0.007642,0.083326,0.013377,0.095648,0.031368,0.010080,0.050391,0.000000,0.010974,0.061412,0.034305,0.000000,0.007247,0.000000,0.002333,0,1,2,2,1,1,1
0.399511,0.004992,0.088209,0.011943,0.095887,0.023941,0.011635,0.044552,0.000000,0.011129,0.059331,0.031064,0.009814,0.005329,0.000000,0.001685,0,2,2,2,1,2,2
0.405332,0.007707,0.088402,0.010491,0.086365,0.018480,0.000000,0.046803,0.000000,0.011200,0.103926,0.024348,0.000000,0.005005,0.000000,0.002605,0,2,2,3,1,2,2
0.507910,0.003301,0.106382,0.011576,0.075223,0.028859,0.000000,0.053316,0.002495,0.010243,0.169562,0.030252,0.011175,0.004198,0.000000,0.001328,0,2,2,2,2,2,2
0.499891,0.003961,0.071308,0.012556,0.080585,0.023790,0.000000,0.049787,0.020948,0.011175,0.169617,0.037803,0.008801,0.007627,0.000000,0.001933,0,1,1,2,2,2,2
0.448969,0.008166,0.092082,0.006464,0.040781,0.027218,0.000000,0.049348,0.019791,0.009626,0.161523,0.025791,0.000000,0.005669,0.000000,0.002510,0,1,1,1,1,1,1
0.446769,0.006996,0.088006,0.014151,0.046494,0.029045,0.000000,0.054415,0.008963,0.009600,0.156062,0.025854,0.000000,0.005624,0.000000,0.001559,1,1,1,2,2,2,2
0.451752,0.003952,0.100359,0.008558,0.040118,0.026654,0.000000,0.041721,0.026598,0.011317,0.150386,0.031375,0.000000,0.008316,0.000000,0.002398,1,1,1,2,2,2,2
0.409034,0.008721,0.072816,0.009385,0.042043,0.027274,0.000000,0.063068,0.000000,0.009557,0.136013,0.034284,0.000000,0.004941,0.000000,0.000932,0,1,1,2,1,2,2
0.417869,0.005768,0.072011,0.006137,0.038389,0.016270,0.000000,0.033406,0.037306,0.011141,0.162710,0.027513,0.000000,0.004814,0.000000,0.002404,0,1,1,2,1,2,2
0.421723,0.007541,0.073269,0.010067,0.038283,0.027523,0.000000,0.037006,0.024957,0.010900,0.158379,0.026648,0.000000,0.006589,0.000000,0.000561,0,1,1,2,1,2,2
0.408734,0.004573,0.084349,0.006937,0.034075,0.030762,0.000000,0.066857,0.000000,0.011865,0.131087,0.034747,0.000000,0.001883,0.000000,0.001599,0,1,1,2,1,2,2
0.434691,0.006916,0.067446,0.004488,0.060153,0.019711,0.000000,0.054837,0.000000,0.010795,0.163118,0.030152,0.009852,0.003690,0.000000,0.003533,0,1,1,2,1,2,2
0.422052,0.006777,0.063784,0.007936,0.049814,0.031580,0.000000,0.035489,0.024888,0.009852,0.156754,0.028262,0.000000,0.005491,0.000000,0.001425,0,1,1,2,1,2,2
0.432966,0.002875,0.071145,0.011365,0.053775,0.025487,0.000000,0.048046,0.010481,0.008825,0.157503,0.038178,0.000000,0.002542,0.000000,0.002744,0,1,1,2,1,2,2
0.447459,0.007477,0.083695,0.007644,0.039991,0.015374,0.000000,0.048061,0.030712,0.010774,0.153126,0.031318,0.009385,0.006380,0.000000,0.003522,0,1,1,2,1,2,2
0.422271,0.001974,0.077547,0.009747,0.049881,0.022827,0.000000,0.051919,0.013356,0.009385,0.140505,0.030856,0.009388,0.003642,0.000000,0.001244,0,1,1,2,1,2,2
0.412262,0.007493,0.058556,0.009386,0.037528,0.019410,0.000000,0.043631,0.001795,0.009388,0.178808,0.029934,0.008887,0.004035,0.000000,0.003411,0,1,1,1,1,2,2
0.431668,0.004311,0.083884,0.009920,0.046893,0.015797,0.000000,0.044763,0.026397,0.008887,0.151477,0.028490,0.000000,0.008033,0.000000,0.002816,0,1,1,2,1,2,2
0.460403,0.007013,0.096258,0.008827,0.038276,0.026569,0.000000,0.054298,0.000507,0.009027,0.166954,0.038100,0.010167,0.002514,0.000000,0.001893,0,1,1,2,2,2,2
0.403980,0.005460,0.072480,0.008267,0.031316,0.028568,0.000000,0.052056,0.017650,0.010167,0.128400,0.033291,0.010193,0.004611,0.000000,0.001521,0,1,1,2,1,1,2
0.385441,0.004928,0.075389,0.008877,0.025579,0.016085,0.000000,0.053223,0.003048,0.010193,0.153974,0.026919,0.000000,0.005324,0.000000,0.001902,0,1,1,2,1,2,2
0.422966,0.005406,0.085389,0.009611,0.044343,0.021635,0.000000,0.050426,0.001099,0.008821,0.164973,0.023816,0.000000,0.006055,0.000000,0.001392,0,1,1,2,1,2,2
0.440913,0.005565,0.090433,0.011144,0.043237,0.016388,0.000000,0.043349,0.014449,0.008866,0.172971,0.028936,0.000000,0.003048,0.000000,0.002527,1,1,1,2,1,2,2
0.415349,0.007062,0.062019,0.012738,0.051710,0.029576,0.000000,0.049358,0.000000,0.008468,0.151881,0.035861,0.000000,0.003132,0.000000,0.003544,0,1,1,1,1,1,1
0.440926,0.008060,0.097532,0.010901,0.045410,0.016594,0.000000,0.047388,0.019991,0.010207,0.152566,0.025459,0.000000,0.004174,0.000000,0.002644,0,1,1,2,2,2,2
0.428035,0.003687,0.074193,0.005161,0.050089,0.021470,0.000000,0.057687,0.000000,0.009354,0.154073,0.033290,0.009392,0.006989,0.000000,0.002650,0,1,1,2,1,2,2
0.434546,0.001644,0.084533,0.015595,0.029195,0.025711,0.000000,0.054430,0.001056,0.009392,0.175333,0.029347,0.000000,0.006001,0.000000,0.002309,0,1,1,2,1,2,2
0.430833,0.005357,0.070122,0.007790,0.044151,0.024960,0.000000,0.047007,0.033644,0.011008,0.147579,0.032737,0.000000,0.005111,0.000000,0.001367,0,1,1,2,1,2,2
0.441930,0.001764,0.072861,0.008912,0.044716,0.023596,0.000000,0.047015,0.031609,0.010987,0.158230,0.023125,0.009273,0.008108,0.000000,0.001734,0,1,1,2,1,2,2
0.435522,0.004591,0.092140,0.007198,0.026458,0.030192,0.000000,0.051139,0.013891,0.009273,0.163312,0.031918,0.000000,0.004394,0.000000,0.001016,0,1,1,2,1,2,2
0.434190,0.002872,0.075451,0.008294,0.055697,0.019050,0.000000,0.047755,0.028206,0.009810,0.156623,0.024657,0.000000,0.002434,0.000000,0.003341,0,1,1,2,2,2,2
0.426189,0.005475,0.076329,0.004190,0.058656,0.019642,0.000000,0.054807,0.013064,0.010807,0.141670,0.033831,0.000000,0.006414,0.000000,0.001304,0,1,1,2,2,2,2
0.433101,0.005432,0.083409,0.014133,0.038084,0.030269,0.000000,0.061583,0.000000,0.009175,0.157341,0.025901,0.000000,0.007194,0.000000,0.000580,0,1,1,2,2,2,2
0.435628,0.004306,0.096017,0.013453,0.035596,0.023439,0.000000,0.039324,0.023862,0.011235,0.153501,0.029091,0.000000,0.003261,0.000000,0.002543,1,1,1,2,1,2,2
0.440112,0.006608,0.077455,0.007998,0.052951,0.025154,0.000000,0.045048,0.018760,0.010037,0.153492,0.037834,0.000000,0.002663,0.000000,0.002112,0,1,1,2,2,2,2
0.453750,0.006966,0.083605,0.009899,0.056357,0.034099,0.000000,0.052060,0.000000,0.011050,0.164696,0.025475,0.000000,0.007432,0.000000,0.002111,0,1,1,2,2,2,2
0.463225,0.003696,0.108858,0.012973,0.031175,0.017419,0.000000,0.049042,0.031126,0.010149,0.154479,0.024621,0.009666,0.007401,0.000000,0.002620,1,1,1,2,2,2,2
0.447436,0.005443,0.101610,0.010239,0.032011,0.022677,0.000000,0.063332,0.008303,0.009666,0.159657,0.025539,0.000000,0.006482,0.000000,0.002477,1,1,1,2,2,2,2
0.456521,0.006200,0.087222,0.009540,0.047786,0.029121,0.000000,0.047227,0.021082,0.009763,0.160469,0.027765,0.000000,0.007386,0.000000,0.002960,0,1,1,2,2,2,2
0.442166,0.007283,0.094032,0.013380,0.045121,0.024230,0.000000,0.053864,0.018601,0.009882,0.138406,0.030670,0.000000,0.006188,0.000000,0.000509,0,1,1,2,2,2,2
0.396737,0.005748,0.087072,0.007217,0.027153,0.023936,0.000000,0.046339,0.013549,0.011245,0.143544,0.024231,0.000000,0.006284,0.000000,0.000419,0,1,1,2,1,2,2
0.413064,0.004497,0.061918,0.005568,0.052824,0.017384,0.000000,0.050895,0.002708,0.010037,0.168697,0.031670,0.000000,0.004212,0.000000,0.002654,0,1,1,2,1,2,2
0.432169,0.004807,0.071964,0.008225,0.047949,0.025786,0.000000,0.054625,0.000000,0.009381,0.158262,0.032132,0.010210,0.006951,0.000000,0.001877,0,1,1,1,1,1,1
0.476938,0.002596,0.107511,0.013249,0.035889,0.025959,0.000000,0.040299,0.023102,0.010210,0.169460,0.031808,0.010949,0.005845,0.000000,0.000061,0,1,1,2,2,2,2
0.413660,0.006023,0.085302,0.013203,0.032114,0.030378,0.000000,0.057486,0.005814,0.010949,0.140476,0.027393,0.000000,0.004316,0.000000,0.000206,0,1,1,2,1,2,2
0.431936,0.003726,0.065940,0.011427,0.051820,0.029072,0.000000,0.058234,0.000000,0.009099,0.148220,0.034264,0.009892,0.006953,0.000000,0.003289,0,1,1,2,1,2,2
0.423777,0.007768,0.082030,0.012564,0.033986,0.015664,0.000000,0.048271,0.015519,0.009892,0.163500,0.029870,0.000000,0.004059,0.000000,0.000654,0,1,1,2,1,2,2
0.424891,0.003426,0.092897,0.009813,0.029416,0.017160,0.000000,0.065388,0.006696,0.011114,0.153797,0.023156,0.000000,0.008346,0.000000,0.003682,0,1,1,2,1,2,2
0.432302,0.003637,0.092748,0.007397,0.036595,0.022136,0.000000,0.052538,0.008132,0.011127,0.158337,0.033590,0.000000,0.004420,0.000000,0.001645,0,1,1,2,1,2,2
0.392241,0.006337,0.047941,0.009574,0.051350,0.018970,0.000000,0.040004,0.025577,0.009668,0.144856,0.030524,0.000000,0.004972,0.000000,0.002468,0,1,1,1,1,1,1
0.436882,0.006158,0.083253,0.007468,0.051894,0.030614,0.000000,0.055746,0.000000,0.009478,0.158181,0.024156,0.000000,0.006622,0.000000,0.003312,0,1,1,2,1,2,2
0.427521,0.006808,0.079939,0.009625,0.054730,0.016367,0.000000,0.050335,0.014616,0.009844,0.141634,0.037241,0.000000,0.003846,0.000000,0.002536,0,1,1,2,1,2,2
0.429631,0.004405,0.090109,0.011500,0.043513,0.026362,0.000000,0.051020,0.000000,0.009599,0.155557,0.034731,0.000000,0.001857,0.000000,0.000978,0,1,1,2,2,2,2
0.432783,0.005435,0.090128,0.013855,0.039980,0.027879,0.000000,0.047167,0.007720,0.010050,0.159423,0.024769,0.000000,0.005264,0.000000,0.001113,0,1,1,2,1,2,2
0.451268,0.005166,0.088926,0.006330,0.054035,0.025768,0.000000,0.050013,0.004476,0.008746,0.169595,0.027716,0.000000,0.007852,0.000000,0.002645,0,1,1,2,1,2,2
0.456412,0.007802,0.105213,0.005569,0.033652,0.033338,0.000000,0.061826,0.001725,0.009576,0.153693,0.033648,0.000000,0.007593,0.000000,0.002777,0,1,1,2,2,2,2
0.408931,0.003539,0.075098,0.010396,0.034468,0.033216,0.000000,0.037219,0.028834,0.008629,0.144125,0.027725,0.000000,0.003324,0.000000,0.002358,0,1,1,2,1,2,2
0.469651,0.006052,0.120194,0.014596,0.014456,0.030878,0.000000,0.049784,0.006713,0.008683,0.162895,0.037372,0.009043,0.005908,0.000000,0.003077,1,1,1,2,2,2,2
0.432307,0.003089,0.065230,0.013367,0.047867,0.024775,0.000000,0.051559,0.015531,0.009043,0.156145,0.029296,0.009910,0.004995,0.000000,0.001500,0,1,1,2,1,2,2
0.450875,0.004701,0.068834,0.013574,0.033932,0.025111,0.000000,0.059655,0.010847,0.009910,0.167717,0.036336,0.011434,0.008497,0.000000,0.000327,0,1,1,2,1,2,2
0.428190,0.005706,0.073121,0.008853,0.047846,0.018796,0.000000,0.054543,0.023765,0.011434,0.141528,0.028857,0.008426,0.003985,0.000000,0.001330,0,1,1,2,1,2,2
0.419492,0.004899,0.079315,0.008535,0.043118,0.027875,0.000000,0.048455,0.005190,0.008426,0.153402,0.030794,0.000000,0.007592,0.000000,0.001891,0,1,1,2,1,2,2
0.453261,0.004805,0.095490,0.010761,0.025420,0.024994,0.000000,0.049796,0.009135,0.010574,0.176339,0.036258,0.000000,0.008348,0.000000,0.001341,0,1,1,2,1,2,2
0.318476,0.003593,0.078560,0.013558,0.039875,0.026995,0.000000,0.049994,0.000000,0.011078,0.062654,0.024138,0.000000,0.006236,0.000000,0.001795,0,1,1,2,1,1,1
0.428493,0.002228,0.082322,0.009712,0.051954,0.021491,0.000000,0.042008,0.007943,0.009812,0.173652,0.020737,0.000000,0.004630,0.000000,0.002004,0,1,1,1,2,2,2
0.455183,0.007485,0.084694,0.006754,0.043239,0.034436,0.000000,0.066689,0.000000,0.010432,0.156742,0.028586,0.009253,0.005096,0.000000,0.001777,0,1,1,2,1,2,2
0.445961,0.005261,0.083886,0.011286,0.041366,0.030542,0.000000,0.050607,0.018036,0.009253,0.135112,0.038249,0.011211,0.008801,0.000000,0.002351,0,1,1,2,2,2,2
0.458682,0.002010,0.089146,0.009719,0.048139,0.030841,0.000000,0.042978,0.003139,0.011211,0.172290,0.033963,0.008672,0.002991,0.000000,0.003583,0,1,1,2,2,2,2
0.449873,0.003143,0.098831,0.012284,0.037679,0.019617,0.000000,0.063014,0.009898,0.008672,0.163600,0.023406,0.000000,0.007103,0.000000,0.002626,0,1,1,2,1,2,2
0.426075,0.007727,0.044600,0.010576,0.050155,0.024031,0.000000,0.062001,0.017516,0.010636,0.153125,0.027550,0.010596,0.005242,0.000000,0.002320,0,1,1,2,1,2,2
0.459585,0.007593,0.094739,0.012701,0.039063,0.022650,0.000000,0.054989,0.013061,0.010596,0.159600,0.030051,0.009020,0.004122,0.000000,0.001400,0,1,1,2,2,2,2
0.429495,0.005864,0.090918,0.007640,0.047634,0.022715,0.000000,0.046543,0.024439,0.009020,0.143583,0.026907,0.000000,0.003496,0.000000,0.000736,1,1,1,2,2,2,2
0.422351,0.004326,0.072261,0.008173,0.031706,0.023665,0.000000,0.039511,0.018063,0.009695,0.177421,0.034243,0.000000,0.003101,0.000000,0.000186,0,1,1,2,1,2,2
0.425791,0.008128,0.072144,0.009855,0.035521,0.024430,0.000000,0.067541,0.007358,0.008493,0.151809,0.030012,0.000000,0.008233,0.000000,0.002267,0,1,1,2,1,1,2
0.431117,0.003350,0.066163,0.007618,0.052458,0.027445,0.000000,0.040910,0.026142,0.009221,0.147295,0.029738,0.010836,0.007263,0.000000,0.002678,0,1,1,2,1,2,2
0.424046,0.004465,0.061072,0.007569,0.056885,0.020704,0.000000,0.049712,0.010796,0.010836,0.158672,0.032843,0.000000,0.008497,0.000000,0.001995,0,1,1,2,1,2,2
0.430860,0.001415,0.069075,0.011514,0.038476,0.030808,0.000000,0.067912,0.005358,0.009017,0.153720,0.034786,0.000000,0.006805,0.000000,0.001974,0,1,1,2,1,2,2
0.473458,0.006862,0.098720,0.008631,0.046833,0.032137,0.000000,0.053552,0.017785,0.008978,0.164253,0.028710,0.000000,0.006047,0.000000,0.000950,1,1,1,2,2,2,2
0.430286,0.003184,0.096878,0.010888,0.033673,0.022990,0.000000,0.056627,0.018170,0.009201,0.130021,0.028717,0.009381,0.007510,0.000000,0.003046,0,1,1,2,1,2,2
0.429879,0.007292,0.071558,0.010081,0.055743,0.020714,0.000000,0.036234,0.010507,0.009381,0.160797,0.030107,0.009827,0.005461,0.000000,0.002177,0,1,1,2,2,2,2
0.432928,0.003619,0.102977,0.008138,0.014798,0.032992,0.000000,0.042381,0.008889,0.009827,0.178886,0.022053,0.000000,0.006343,0.000000,0.002025,0,1,1,2,1,2,2
0.440259,0.005541,0.083948,0.008404,0.049033,0.027283,0.000000,0.049621,0.009458,0.010035,0.153230,0.027725,0.009535,0.003264,0.000000,0.003182,0,1,1,2,1,2,2
0.436369,0.006555,0.080360,0.010718,0.039180,0.030743,0.000000,0.057148,0.000239,0.009535,0.156716,0.035302,0.000000,0.007125,0.000000,0.002748,0,1,1,2,2,2,2
0.445295,0.003044,0.096684,0.011133,0.034752,0.028494,0.000000,0.059154,0.002721,0.009736,0.143616,0.036084,0.010146,0.007131,0.000000,0.002600,0,1,1,2,1,2,2
0.451001,0.003652,0.088575,0.009865,0.041794,0.018522,0.000000,0.064106,0.001460,0.010146,0.177186,0.030513,0.000000,0.004591,0.000000,0.000591,0,1,1,2,1,2,2
0.405510,0.006985,0.063193,0.010283,0.039597,0.022103,0.000000,0.056290,0.022060,0.010553,0.138116,0.029680,0.000000,0.004215,0.000000,0.002435,0,1,1,1,1,2,2
0.426221,0.006247,0.097707,0.009884,0.034516,0.022749,0.000000,0.055092,0.011286,0.010052,0.145796,0.028773,0.000000,0.002737,0.000000,0.001382,0,1,1,2,2,2,2
0.467243,0.001797,0.109398,0.007309,0.032901,0.027444,0.000000,0.047014,0.000000,0.008558,0.178298,0.037474,0.010089,0.003671,0.000000,0.003290,0,1,1,2,2,2,2
0.421114,0.003667,0.063615,0.007086,0.043282,0.028764,0.000000,0.042785,0.029848,0.010089,0.154497,0.024544,0.009316,0.003116,0.000000,0.000505,0,1,1,1,1,1,1
0.448684,0.006372,0.094864,0.012621,0.041086,0.030157,0.000000,0.052764,0.005772,0.009316,0.159553,0.029642,0.000000,0.004572,0.000000,0.001965,0,1,1,2,2,2,2
0.408615,0.006324,0.060737,0.009180,0.049745,0.027420,0.000000,0.053094,0.009195,0.010235,0.148548,0.029966,0.000000,0.001364,0.000000,0.002807,0,1,1,2,1,2,2
0.457587,0.006664,0.119804,0.008207,0.023992,0.026442,0.000000,0.067128,0.000000,0.009386,0.152379,0.026787,0.009607,0.004357,0.000000,0.002834,0,1,1,2,2,2,2
0.436243,0.008552,0.075322,0.011602,0.035581,0.025598,0.000000,0.051098,0.000864,0.009607,0.167375,0.031532,0.011210,0.005897,0.000000,0.002005,0,1,1,2,1,2,2
0.433586,0.004039,0.067655,0.008546,0.048893,0.020126,0.000000,0.046490,0.025329,0.011210,0.165563,0.030213,0.000000,0.002436,0.000000,0.003086,0,1,1,2,1,2,2
0.432545,0.003144,0.063030,0.009130,0.064100,0.018140,0.000000,0.042863,0.030621,0.010603,0.145566,0.027951,0.009243,0.005662,0.000000,0.002492,0,1,1,2,1,2,2
0.412219,0.005622,0.061080,0.008406,0.058763,0.024828,0.000000,0.046937,0.011795,0.009243,0.153957,0.022237,0.000000,0.006509,0.000000,0.002842,0,1,1,2,2,2,2
0.451479,0.007910,0.068243,0.011535,0.051456,0.029084,0.000000,0.060079,0.000000,0.008761,0.165982,0.030539,0.011035,0.004322,0.000000,0.002533,0,1,1,2,1,2,2
0.408292,0.003686,0.077152,0.009502,0.046603,0.027124,0.000000,0.062753,0.009259,0.011035,0.129617,0.026757,0.000000,0.003241,0.000000,0.001563,0,1,1,2,1,2,2
0.420785,0.005119,0.083992,0.012865,0.043276,0.026591,0.000000,0.037401,0.000000,0.008856,0.172862,0.025753,0.000000,0.002966,0.000000,0.001104,0,1,1,2,2,2,2
0.433028,0.007576,0.097072,0.010080,0.034354,0.025906,0.000000,0.067337,0.000000,0.008317,0.140125,0.032886,0.000000,0.005473,0.000000,0.003902,0,1,1,2,1,2,2
0.426800,0.004652,0.089000,0.012253,0.048472,0.028163,0.000000,0.047073,0.001795,0.009385,0.146408,0.027973,0.000000,0.008375,0.000000,0.003251,0,1,1,2,1,2,2
0.448666,0.006544,0.077025,0.011230,0.061873,0.028708,0.000000,0.037844,0.002265,0.009151,0.174935,0.031979,0.000000,0.005314,0.000000,0.001798,0,1,1,2,1,2,2
0.455583,0.006584,0.091507,0.006086,0.051349,0.019219,0.000000,0.066826,0.008586,0.010279,0.145516,0.034395,0.008821,0.006190,0.000000,0.000225,0,1,1,2,1,2,2
0.450954,0.004298,0.090411,0.009926,0.051430,0.026199,0.000000,0.051651,0.006968,0.008821,0.163949,0.030331,0.000000,0.004312,0.000000,0.002658,0,1,1,2,2,2,2
0.419040,0.006259,0.076548,0.008944,0.026423,0.029375,0.000000,0.058207,0.011448,0.009337,0.143884,0.033149,0.009849,0.003395,0.000000,0.002222,0,1,1,2,1,2,2
0.410766,0.005627,0.053019,0.011249,0.048148,0.022703,0.000000,0.053989,0.010171,0.009849,0.161981,0.027950,0.000000,0.003793,0.000000,0.002287,0,1,1,2,1,2,2
0.412878,0.002205,0.081447,0.012542,0.033523,0.028836,0.000000,0.063665,0.000000,0.010112,0.138396,0.034866,0.000000,0.005923,0.000000,0.001363,0,1,1,2,1,2,2
0.416495,0.001925,0.068830,0.011490,0.047744,0.024236,0.000000,0.031181,0.026942,0.010008,0.166407,0.020421,0.000000,0.005784,0.000000,0.001527,0,1,1,2,1,2,2
0.395680,0.007347,0.072925,0.009874,0.035804,0.026258,0.000000,0.052772,0.012944,0.008701,0.142338,0.021363,0.000000,0.002190,0.000000,0.003164,0,1,1,2,1,2,2
0.416289,0.004454,0.068092,0.009002,0.041217,0.020507,0.000000,0.065379,0.000000,0.009737,0.162106,0.026027,0.000000,0.007881,0.000000,0.001887,0,1,1,2,1,2,2
0.438702,0.005562,0.089790,0.007597,0.023517,0.022353,0.000000,0.048978,0.018702,0.009398,0.169003,0.034807,0.000000,0.007102,0.000000,0.001893,0,1,1,2,1,1,1
0.428650,0.004692,0.095603,0.009436,0.024115,0.028593,0.000000,0.062089,0.014945,0.010405,0.146704,0.027644,0.000000,0.003654,0.000000,0.000770,0,1,1,2,1,2,2
0.454744,0.006731,0.096482,0.007438,0.027482,0.028727,0.000000,0.059875,0.003536,0.010793,0.170168,0.037334,0.000000,0.005142,0.000000,0.001036,0,1,1,2,1,2,2
0.420769,0.005020,0.084372,0.009438,0.041791,0.027015,0.000000,0.050185,0.038149,0.009362,0.126587,0.022247,0.000000,0.003943,0.000000,0.002660,0,1,1,2,2,2,2
0.435849,0.005049,0.079779,0.007701,0.047715,0.028555,0.000000,0.062222,0.000000,0.008652,0.151774,0.036299,0.000000,0.006037,0.000000,0.002066,0,1,1,2,2,2,2
0.436619,0.006964,0.078976,0.012087,0.044928,0.030908,0.000000,0.054592,0.006717,0.009573,0.155507,0.032413,0.000000,0.002690,0.000000,0.001264,1,1,1,2,1,2,2
0.436546,0.005182,0.090576,0.006360,0.044589,0.015852,0.000000,0.048747,0.028180,0.011408,0.146140,0.031405,0.000000,0.006749,0.000000,0.001358,0,1,1,2,1,2,2
0.403292,0.007468,0.051232,0.007015,0.047320,0.022973,0.000000,0.044184,0.021478,0.008763,0.163617,0.022695,0.000000,0.005598,0.000000,0.000949,0,1,1,2,1,2,2
0.449510,0.006664,0.085434,0.006399,0.045094,0.028947,0.000000,0.065208,0.000000,0.010117,0.149551,0.036351,0.009831,0.003641,0.000000,0.002273,0,1,1,2,1,2,2
0.451648,0.002760,0.092582,0.012084,0.047288,0.019187,0.000000,0.046334,0.016009,0.009831,0.158730,0.028754,0.010691,0.006386,0.000000,0.001012,1,1,1,2,2,2,2
0.437287,0.005214,0.095653,0.014703,0.038001,0.016820,0.000000,0.051549,0.014100,0.010691,0.160458,0.024072,0.000000,0.005079,0.000000,0.000947,0,1,1,2,2,2,2
0.466803,0.006154,0.107438,0.013673,0.027339,0.028153,0.000000,0.037550,0.018380,0.010031,0.175090,0.033710,0.000000,0.007631,0.000000,0.001654,1,1,1,2,2,2,2
0.368865,0.004256,0.098734,0.008075,0.058415,0.032938,0.000000,0.050240,0.000000,0.009836,0.048748,0.039077,0.009826,0.006148,0.000000,0.002572,1,1,1,2,1,1,1
0.464132,0.007005,0.099177,0.009580,0.038574,0.027524,0.000000,0.031476,0.038661,0.009826,0.155877,0.029828,0.010326,0.005823,0.000000,0.000455,1,1,1,2,2,2,2
0.462199,0.007852,0.101481,0.008098,0.036112,0.024279,0.000000,0.063107,0.005878,0.010326,0.156256,0.034546,0.008428,0.003213,0.000000,0.002623,0,1,1,2,2,2,2
0.424808,0.008721,0.073576,0.010893,0.042690,0.025162,0.000000,0.044086,0.012429,0.008428,0.163638,0.030135,0.000000,0.003748,0.000000,0.001302,0,1,1,2,1,2,2
0.427440,0.003819,0.074123,0.014361,0.042407,0.023718,0.000000,0.044527,0.024877,0.009396,0.150772,0.023485,0.011706,0.003543,0.000000,0.000706,0,1,1,2,1,2,2
0.424674,0.004772,0.062951,0.015199,0.054272,0.020955,0.000000,0.048171,0.005409,0.011706,0.166133,0.024989,0.000000,0.008096,0.000000,0.002021,0,1,1,2,1,2,2
0.435410,0.005806,0.078283,0.008925,0.038345,0.025087,0.000000,0.055858,0.012589,0.010410,0.169314,0.026570,0.000000,0.001822,0.000000,0.002401,0,1,1,2,1,2,2
0.442580,0.005534,0.088541,0.011080,0.042365,0.024541,0.000000,0.064078,0.000018,0.009421,0.160959,0.029980,0.000000,0.003403,0.000000,0.002660,0,1,1,2,1,2,2
0.430533,0.005241,0.091871,0.009112,0.033266,0.022869,0.000000,0.053086,0.025486,0.009787,0.141939,0.024514,0.009324,0.002534,0.000000,0.001504,0,1,1,2,2,2,2
0.462149,0.004812,0.096745,0.010644,0.026368,0.024615,0.000000,0.052706,0.003245,0.009324,0.181797,0.033273,0.011772,0.005320,0.000000,0.001528,0,1,1,2,2,2,2
0.437231,0.004495,0.089722,0.011743,0.039964,0.029260,0.000000,0.052755,0.016603,0.011772,0.131382,0.031027,0.009581,0.007065,0.000000,0.001862,1,1,1,2,1,2,2
0.433009,0.004197,0.096229,0.010818,0.034318,0.024759,0.000000,0.037130,0.015558,0.009581,0.157312,0.037890,0.000000,0.004624,0.000000,0.000593,0,1,1,2,2,2,2
0.444023,0.006033,0.078949,0.014040,0.043673,0.024820,0.000000,0.041075,0.023619,0.008712,0.160488,0.027429,0.010517,0.001548,0.000000,0.003120,0,1,1,2,1,2,2
0.434959,0.003372,0.089057,0.011975,0.041523,0.026987,0.000000,0.053989,0.003413,0.010517,0.156572,0.029605,0.000000,0.006500,0.000000,0.001449,0,1,1,2,1,2,2
0.442944,0.007491,0.096115,0.011313,0.041321,0.025973,0.000000,0.051181,0.004716,0.008422,0.165047,0.026036,0.000000,0.003402,0.000000,0.001927,0,1,1,2,2,2,2
0.453025,0.008150,0.100828,0.008798,0.028949,0.034756,0.000000,0.047755,0.011892,0.009869,0.149770,0.032082,0.009420,0.008035,0.000000,0.002721,0,1,1,2,2,2,2
0.433640,0.002636,0.064076,0.010927,0.042145,0.021468,0.000000,0.033832,0.028824,0.009420,0.161894,0.039271,0.009414,0.008707,0.000000,0.001026,0,1,1,2,1,2,2
0.446160,0.005013,0.050832,0.010121,0.067876,0.027893,0.000000,0.043468,0.010062,0.009414,0.170237,0.032927,0.010675,0.006221,0.000000,0.001421,0,1,1,2,1,2,2
0.431930,0.005080,0.098876,0.009329,0.047465,0.025593,0.000000,0.048068,0.028864,0.010675,0.127251,0.028210,0.000000,0.001688,0.000000,0.000831,0,1,1,2,2,2,2
0.466051,0.003036,0.106661,0.011628,0.042551,0.030492,0.000000,0.045717,0.000000,0.009709,0.173373,0.027430,0.011763,0.001309,0.000000,0.002382,0,1,1,2,2,2,2
0.456640,0.006595,0.107116,0.009157,0.032595,0.025248,0.000000,0.049018,0.023867,0.011763,0.148500,0.027821,0.009514,0.004101,0.000000,0.001345,1,1,1,2,2,2,2
0.396772,0.004802,0.066685,0.009474,0.044518,0.019055,0.000000,0.046334,0.017634,0.009514,0.149319,0.027921,0.000000,0.001435,0.000000,0.000081,0,1,1,2,1,2,2
0.431329,0.004358,0.075313,0.010889,0.043023,0.023500,0.000000,0.041539,0.002263,0.011511,0.184552,0.027244,0.000000,0.004832,0.000000,0.002305,0,1,1,2,1,2,2
0.440408,0.004434,0.075460,0.011287,0.048757,0.019079,0.000000,0.059484,0.010380,0.009252,0.159228,0.024575,0.008006,0.008825,0.000000,0.001641,0,1,1,2,1,1,2
0.434090,0.005553,0.088749,0.011342,0.031578,0.021628,0.000000,0.052123,0.016064,0.008006,0.157423,0.034517,0.000000,0.005456,0.000000,0.001651,1,1,1,2,2,2,2
0.412090,0.005434,0.077842,0.008933,0.044627,0.016064,0.000000,0.040502,0.038507,0.009192,0.134805,0.030618,0.000000,0.003884,0.000000,0.001682,1,1,1,2,2,2,2
0.419629,0.003880,0.096267,0.011245,0.027361,0.031702,0.000000,0.067905,0.000000,0.011380,0.132994,0.033469,0.000000,0.002351,0.000000,0.001075,0,1,1,2,1,2,2
0.454036,0.008273,0.091610,0.010990,0.042417,0.034397,0.000000,0.046004,0.000000,0.009532,0.157073,0.032750,0.010594,0.007931,0.000000,0.002465,1,1,1,2,1,2,2
0.461362,0.007443,0.089324,0.008388,0.042366,0.029457,0.000000,0.047669,0.008683,0.010594,0.163117,0.039024,0.009833,0.004132,0.000000,0.001332,0,1,1,2,1,2,2
0.399050,0.006507,0.056426,0.007854,0.044284,0.025418,0.000000,0.053681,0.022052,0.009833,0.134525,0.031232,0.000000,0.006481,0.000000,0.000757,0,1,1,2,1,2,2
0.444232,0.008211,0.104933,0.009423,0.027264,0.028859,0.000000,0.047470,0.007102,0.010530,0.170790,0.023453,0.000000,0.005642,0.000000,0.000555,0,1,1,2,2,2,2
0.332670,0.004731,0.112179,0.011192,0.031925,0.030351,0.000000,0.060392,0.000000,0.008836,0.046525,0.022412,0.000000,0.001973,0.000000,0.002154,1,1,1,2,1,1,1
0.401495,0.004319,0.078319,0.007510,0.027489,0.032885,0.000000,0.055359,0.000000,0.009835,0.156451,0.023955,0.000000,0.003990,0.000000,0.001383,0,1,1,1,1,2,2
0.410210,0.007243,0.057333,0.010067,0.053234,0.020951,0.000000,0.065573,0.000000,0.008570,0.156477,0.023302,0.000000,0.005975,0.000000,0.001485,0,1,1,2,1,1,1
0.475855,0.006555,0.114525,0.012423,0.031264,0.024001,0.000000,0.053630,0.001619,0.010287,0.167917,0.039094,0.009705,0.001989,0.000000,0.002846,0,1,1,2,2,2,2
0.435695,0.004119,0.072313,0.009204,0.042974,0.026120,0.000000,0.038900,0.036680,0.009705,0.149048,0.031549,0.009786,0.003968,0.000000,0.001329,0,1,1,2,1,2,2
0.469209,0.005890,0.109880,0.011329,0.034395,0.028582,0.000000,0.048276,0.015968,0.009786,0.161892,0.024910,0.009995,0.006298,0.000000,0.002008,1,1,1,2,2,2,2
0.437854,0.001093,0.073804,0.011729,0.044913,0.023546,0.000000,0.046428,0.019071,0.009995,0.163378,0.037941,0.000000,0.005584,0.000000,0.000372,0,1,1,2,1,2,2
0.427488,0.007660,0.063801,0.008448,0.059935,0.024720,0.000000,0.053379,0.023113,0.011535,0.137625,0.028296,0.000000,0.006252,0.000000,0.002724,0,1,1,2,1,2,2
0.436156,0.006900,0.068502,0.012783,0.040946,0.027947,0.000000,0.062239,0.007069,0.008927,0.152435,0.028533,0.011472,0.004575,0.000000,0.003828,0,1,1,2,1,2,2
0.430537,0.004155,0.091829,0.009521,0.024399,0.026708,0.000000,0.043453,0.016588,0.011472,0.171119,0.021113,0.000000,0.007305,0.000000,0.002875,0,1,1,2,1,2,2
0.420750,0.006060,0.088418,0.013447,0.032841,0.030922,0.000000,0.053969,0.005390,0.010995,0.149339,0.024577,0.000000,0.002497,0.000000,0.002295,0,1,1,2,1,2,2
0.436006,0.003497,0.091443,0.007811,0.041344,0.018732,0.000000,0.045410,0.012847,0.009977,0.156056,0.033018,0.010607,0.003441,0.000000,0.001823,0,1,1,2,2,2,2
0.437442,0.007465,0.075741,0.010781,0.048965,0.018443,0.000000,0.058663,0.001807,0.010607,0.158412,0.028893,0.009933,0.005149,0.000000,0.002583,0,1,1,2,1,2,2
0.461501,0.001309,0.111686,0.011275,0.024208,0.023261,0.000000,0.039481,0.009855,0.009933,0.180546,0.030151,0.009141,0.008336,0.000000,0.002319,0,1,1,2,1,2,2
0.423249,0.004886,0.087186,0.006520,0.047440,0.025225,0.000000,0.046482,0.025077,0.009141,0.134431,0.030537,0.000000,0.005139,0.000000,0.001185,0,1,1,2,1,2,2
0.450205,0.003235,0.093818,0.014240,0.037358,0.028208,0.000000,0.059836,0.000000,0.011035,0.160899,0.034812,0.000000,0.004541,0.000000,0.002223,1,1,1,2,2,2,2
0.325869,0.002200,0.061544,0.008368,0.049322,0.021588,0.000000,0.050946,0.000000,0.009985,0.083778,0.028450,0.000000,0.007633,0.000000,0.002055,0,1,1,1,1,1,1
0.442502,0.006516,0.092843,0.009313,0.045911,0.029241,0.000000,0.042252,0.030140,0.009635,0.138105,0.028604,0.000000,0.008422,0.000000,0.001520,0,1,1,2,2,2,2
0.397807,0.008312,0.060631,0.011935,0.038702,0.031029,0.000000,0.051926,0.007331,0.009785,0.144215,0.027853,0.000000,0.003442,0.000000,0.002646,0,1,1,2,1,2,2
0.449105,0.008226,0.105069,0.007212,0.040943,0.025163,0.000000,0.042309,0.004096,0.009358,0.172573,0.027894,0.000000,0.002964,0.000000,0.003298,1,1,1,2,2,2,2
0.410584,0.002658,0.054996,0.007438,0.065923,0.015145,0.000000,0.045384,0.021142,0.008400,0.158662,0.026181,0.000000,0.003018,0.000000,0.001637,0,1,1,1,1,1,1
0.234495,0.004882,0.093792,0.012692,0.019893,0.021578,0.000000,0.042432,0.000000,0.009998,0.003456,0.022129,0.000000,0.002833,0.000000,0.000810,1,1,1,1,0,0,0
0.329320,0.003090,0.125545,0.012124,0.082905,0.022215,0.000000,0.040522,0.000000,0.011735,0.003429,0.023090,0.000000,0.003636,0.000000,0.001029,1,2,2,3,1,1,1
0.351294,0.001350,0.145001,0.014412,0.070616,0.021410,0.000000,0.047363,0.000000,0.010089,0.000000,0.031835,0.000000,0.006536,0.000000,0.002682,0,2,2,2,1,1,1
0.515600,0.003808,0.080041,0.014694,0.103608,0.031642,0.000000,0.047835,0.024218,0.009404,0.147504,0.030239,0.011747,0.008357,0.000000,0.002503,0,2,2,2,2,2,2
0.439142,0.004962,0.129626,0.012116,0.050183,0.020999,0.000000,0.047706,0.000000,0.009915,0.118650,0.034301,0.000000,0.007738,0.000000,0.002946,0,1,2,3,1,2,2
0.412261,0.005198,0.103488,0.006507,0.089262,0.022169,0.000000,0.050184,0.000000,0.008687,0.095170,0.025501,0.000000,0.004372,0.000000,0.001723,0,1,2,2,1,2,2
0.330851,0.005346,0.128584,0.008124,0.054656,0.033872,0.000000,0.040946,0.000000,0.011056,0.014647,0.030509,0.000000,0.002008,0.000000,0.001103,0,2,2,2,1,1,1
0.342783,0.002571,0.087755,0.007220,0.008825,0.022494,0.006867,0.060315,0.000000,0.008286,0.085693,0.037025,0.009661,0.002857,0.000000,0.003214,0,1,1,1,1,1,1
0.429780,0.003962,0.089304,0.010284,0.008859,0.022116,0.000000,0.059287,0.035212,0.009661,0.154282,0.028725,0.000000,0.006145,0.000000,0.001943,0,1,1,1,2,2,2
0.347689,0.003128,0.088498,0.009781,0.025767,0.022480,0.000000,0.058506,0.000000,0.008313,0.077766,0.039387,0.010240,0.002886,0.000000,0.000937,0,1,1,1,1,1,1
0.415802,0.003959,0.078058,0.009236,0.025510,0.024627,0.000000,0.060082,0.031738,0.010240,0.133806,0.030621,0.000000,0.006722,0.000000,0.001203,0,1,1,1,1,2,2
0.408041,0.002965,0.063769,0.013306,0.101084,0.020082,0.000000,0.055409,0.000000,0.009987,0.105184,0.029080,0.000000,0.004945,0.000000,0.002230,0,1,2,3,1,2,2
0.351356,0.005535,0.095835,0.009644,0.009438,0.019619,0.000000,0.053092,0.000000,0.010772,0.104800,0.034297,0.000000,0.006298,0.000000,0.002026,0,1,1,1,1,1,1
0.331196,0.005545,0.091015,0.006609,0.012131,0.026651,0.000000,0.047935,0.000000,0.010254,0.095223,0.029743,0.000000,0.005444,0.000000,0.000646,1,1,1,1,1,1,1
0.349675,0.008327,0.119987,0.010909,0.085447,0.022356,0.000000,0.041213,0.000000,0.008772,0.016611,0.027198,0.000000,0.006480,0.000000,0.002375,0,2,2,2,1,1,1
0.396407,0.005079,0.096764,0.009998,0.075259,0.019040,0.000000,0.063473,0.000000,0.010621,0.073427,0.025197,0.011679,0.003674,0.000000,0.002196,0,1,2,2,1,1,2
0.459601,0.005628,0.130126,0.009570,0.076974,0.030310,0.008723,0.053864,0.000000,0.009046,0.100755,0.029490,0.000000,0.004511,0.000000,0.000604,0,2,2,2,2,2,2
0.316529,0.005472,0.072012,0.010747,0.001958,0.027353,0.005747,0.058078,0.000000,0.008985,0.093700,0.027359,0.000000,0.002628,0.000000,0.002490,0,0,1,1,1,1,1
0.355638,0.006335,0.101039,0.010648,0.014006,0.019744,0.000000,0.049505,0.000000,0.011492,0.105947,0.029828,0.000000,0.005645,0.000000,0.001449,1,1,1,2,1,1,1
0.420914,0.005299,0.105342,0.010961,0.077709,0.019255,0.000000,0.046619,0.000000,0.011558,0.104458,0.032129,0.000000,0.005407,0.000000,0.002177,0,2,2,2,1,2,2
0.535724,0.005624,0.086010,0.007913,0.102453,0.023859,0.000000,0.060259,0.029920,0.010469,0.171432,0.030749,0.000000,0.005406,0.000000,0.001630,0,1,2,2,2,2,2
0.335990,0.006170,0.069595,0.012161,0.008562,0.019973,0.000000,0.049923,0.000000,0.009241,0.124207,0.030892,0.000000,0.005062,0.000000,0.000204,0,1,1,1,1,1,1
0.433978,0.005600,0.122120,0.012050,0.062594,0.021781,0.000000,0.049753,0.000000,0.010820,0.105939,0.033143,0.000000,0.008374,0.000000,0.001804,0,1,2,2,2,2,2
0.350678,0.001651,0.084854,0.011615,0.013620,0.028518,0.000000,0.046029,0.000000,0.009374,0.115289,0.036276,0.000000,0.001001,0.000000,0.002451,0,1,1,1,1,1,1
0.426122,0.007107,0.090836,0.011696,0.098834,0.026543,0.000000,0.061970,0.000000,0.009273,0.083543,0.028915,0.000000,0.006185,0.000000,0.001220,0,2,2,2,1,2,2
0.354013,0.005669,0.088229,0.009995,0.008681,0.021571,0.000000,0.047956,0.000000,0.010739,0.113424,0.039664,0.000000,0.005682,0.000000,0.002403,0,1,1,2,1,1,1
0.424672,0.004563,0.124406,0.011739,0.074701,0.027915,0.005710,0.049497,0.000000,0.008892,0.078980,0.025428,0.009665,0.001743,0.000000,0.001433,0,2,2,2,1,2,2
0.494056,0.005377,0.097125,0.011017,0.062347,0.025192,0.000000,0.061473,0.017324,0.009665,0.162588,0.036262,0.000000,0.005125,0.000000,0.000561,0,1,2,2,2,2,2
0.518512,0.007282,0.119887,0.011579,0.079576,0.022945,0.000000,0.056484,0.032052,0.009592,0.148028,0.025235,0.000000,0.004545,0.000000,0.001307,0,2,2,3,2,2,2
0.438697,0.005660,0.096247,0.009033,0.007556,0.025505,0.000000,0.066435,0.007143,0.010965,0.178270,0.025411,0.000000,0.004309,0.000000,0.002163,0,1,1,2,1,2,2
0.354453,0.002163,0.130709,0.009650,0.081483,0.026373,0.000000,0.054560,0.000000,0.009905,0.000000,0.031792,0.000000,0.006197,0.000000,0.001621,0,2,2,3,1,1,1
0.347462,0.005294,0.095413,0.009050,0.013877,0.025536,0.010789,0.037638,0.000000,0.009008,0.086911,0.035807,0.011795,0.005369,0.000000,0.000975,0,1,1,2,1,1,1
0.452170,0.003594,0.094853,0.009427,0.026839,0.021394,0.000000,0.044476,0.031189,0.011795,0.174669,0.029473,0.000000,0.004287,0.000000,0.000174,1,1,1,2,2,2,2
0.348391,0.004252,0.099868,0.012486,0.014306,0.028353,0.000000,0.041894,0.000000,0.009941,0.107593,0.025358,0.000000,0.003130,0.000000,0.001210,0,1,1,1,1,1,1
0.316581,0.001960,0.073730,0.011557,0.016711,0.020048,0.007044,0.046518,0.000000,0.008792,0.097313,0.023814,0.000000,0.006650,0.000000,0.002444,0,0,1,1,1,1,1
0.309578,0.002944,0.120484,0.010360,0.065060,0.028931,0.000000,0.036507,0.000000,0.009645,0.002723,0.024034,0.000000,0.006296,0.000000,0.002594,0,2,2,2,1,1,1
0.314979,0.005978,0.074277,0.015687,0.011201,0.020015,0.011571,0.050663,0.000000,0.010061,0.081770,0.028767,0.000000,0.003936,0.000000,0.001053,0,1,1,1,1,1,1
0.314100,0.003226,0.063406,0.014741,0.030154,0.020311,0.000000,0.042103,0.000000,0.008521,0.093081,0.029314,0.000000,0.006005,0.000000,0.003238,0,0,1,1,1,1,1
0.461680,0.007628,0.105759,0.009618,0.019134,0.026519,0.000000,0.052515,0.024710,0.009390,0.176049,0.021260,0.000000,0.007026,0.000000,0.002072,1,1,1,2,2,2,2
0.343068,0.005864,0.080778,0.014825,0.002312,0.018110,0.000000,0.058798,0.000000,0.011340,0.114797,0.028711,0.000000,0.006942,0.000000,0.000591,0,1,1,2,1,1,1
0.337830,0.006400,0.082149,0.008674,0.013718,0.030436,0.016173,0.062770,0.000000,0.011520,0.072030,0.024389,0.000000,0.007488,0.000000,0.002083,0,1,1,1,1,1,1
0.426271,0.004870,0.118302,0.007831,0.085374,0.032655,0.009516,0.056548,0.000000,0.011456,0.059187,0.030370,0.000000,0.006874,0.000000,0.003288,0,2,2,2,2,2,2
0.500164,0.008063,0.082408,0.009086,0.088442,0.030595,0.000000,0.042479,0.030881,0.009445,0.166978,0.025829,0.000000,0.004904,0.000000,0.001054,0,1,2,2,2,2,2
0.345322,0.006324,0.107613,0.010331,0.086193,0.022527,0.000000,0.056920,0.000000,0.009561,0.011505,0.023984,0.000000,0.008337,0.000000,0.002027,0,2,2,3,1,1,1
0.405174,0.002911,0.067224,0.014750,0.099459,0.026845,0.000000,0.043599,0.000000,0.011948,0.101918,0.027560,0.000000,0.007758,0.000000,0.001202,0,1,2,2,1,1,2
0.353374,0.006376,0.088561,0.013400,0.014040,0.026574,0.000000,0.030714,0.000000,0.008591,0.110505,0.036816,0.010432,0.006762,0.000000,0.000603,0,1,1,1,1,1,1
0.448730,0.002065,0.089102,0.007230,0.028927,0.026370,0.000000,0.049817,0.034075,0.010432,0.159444,0.034750,0.000000,0.005066,0.000000,0.001452,0,1,1,1,2,2,2
0.519968,0.006948,0.111792,0.007633,0.070234,0.019191,0.000000,0.068550,0.021765,0.010693,0.162198,0.031452,0.000000,0.007394,0.000000,0.002118,0,1,2,2,2,2,2
0.347574,0.002979,0.146180,0.009428,0.074641,0.022590,0.000000,0.039727,0.000000,0.008216,0.006087,0.031998,0.000000,0.001821,0.000000,0.003907,1,2,2,3,1,1,1
0.375326,0.005760,0.060881,0.011668,0.085901,0.031569,0.000000,0.045189,0.000000,0.009005,0.090460,0.029718,0.000000,0.004393,0.000000,0.000782,0,1,1,2,1,1,1
0.363238,0.006156,0.108314,0.013794,0.012174,0.021104,0.000000,0.060347,0.000000,0.009778,0.084258,0.032238,0.008904,0.002531,0.000000,0.003640,1,1,1,2,1,1,1
0.398888,0.005145,0.082112,0.007000,0.007553,0.026605,0.000000,0.055936,0.031907,0.008904,0.140794,0.026553,0.000000,0.003591,0.000000,0.002788,0,1,1,1,1,2,2
0.337204,0.004258,0.072834,0.008350,0.007992,0.029644,0.000000,0.062715,0.000000,0.010808,0.103624,0.027327,0.000000,0.007314,0.000000,0.002338,0,1,1,1,1,1,1
0.434344,0.002539,0.090327,0.009274,0.098344,0.019254,0.000000,0.039982,0.000000,0.010229,0.124920,0.033713,0.000000,0.003552,0.000000,0.002210,0,1,2,2,1,1,1
0.342085,0.005335,0.071547,0.012429,0.012331,0.028951,0.010883,0.045125,0.000000,0.010497,0.105837,0.033004,0.000000,0.003608,0.000000,0.002538,0,1,1,1,1,1,1
0.328799,0.005072,0.077862,0.008181,0.008446,0.027271,0.000000,0.054751,0.000000,0.010483,0.105279,0.025458,0.000000,0.002686,0.000000,0.003310,0,1,1,1,1,1,1
0.316408,0.006924,0.080198,0.011157,0.005258,0.025476,0.000000,0.060530,0.000000,0.009359,0.076803,0.032361,0.000000,0.007053,0.000000,0.001289,0,1,1,1,1,1,1
0.429143,0.003898,0.090221,0.008791,0.013099,0.026904,0.000000,0.040769,0.031069,0.010754,0.160619,0.026366,0.009726,0.004741,0.000000,0.002186,0,1,1,1,1,2,2
0.430976,0.003350,0.070188,0.007990,0.032502,0.019972,0.000000,0.059112,0.020890,0.009726,0.177368,0.025098,0.000000,0.002954,0.000000,0.001826,0,1,1,2,1,2,2
0.339082,0.003926,0.086185,0.012964,0.005475,0.033367,0.000000,0.038956,0.000000,0.009870,0.114115,0.027487,0.000000,0.003371,0.000000,0.003366,1,1,1,1,1,1,1
0.460281,0.002894,0.091258,0.013967,0.015719,0.029259,0.000000,0.061196,0.020902,0.009899,0.156789,0.037983,0.011342,0.006910,0.000000,0.002163,0,1,1,1,2,2,2
0.450596,0.005263,0.133363,0.010617,0.087187,0.021601,0.000000,0.049856,0.000000,0.011602,0.086021,0.035820,0.000000,0.008384,0.000000,0.000882,0,2,2,3,2,2,2
0.348104,0.003287,0.098971,0.010524,0.013473,0.022006,0.000000,0.057948,0.000000,0.011130,0.099106,0.023985,0.000000,0.003803,0.000000,0.003871,1,1,1,2,1,1,1
0.314581,0.003124,0.061191,0.006092,0.037509,0.030949,0.000000,0.051252,0.000000,0.008101,0.078085,0.029973,0.000000,0.007542,0.000000,0.000763,0,0,1,1,1,1,1
0.339631,0.001372,0.130987,0.008995,0.088187,0.026431,0.000000,0.044193,0.000000,0.010510,0.000000,0.022390,0.000000,0.004479,0.000000,0.002087,0,2,2,3,1,1,1
0.407879,0.006837,0.104767,0.005677,0.074953,0.024985,0.000000,0.047699,0.000000,0.010958,0.092475,0.030976,0.000000,0.004933,0.000000,0.003619,1,1,2,2,1,2,2
0.412731,0.002983,0.074888,0.009580,0.007713,0.025067,0.000000,0.054548,0.031520,0.009710,0.148032,0.032786,0.010650,0.003327,0.000000,0.001927,0,0,1,1,1,2,2
0.418965,0.006105,0.057299,0.011804,0.021212,0.027573,0.000000,0.056261,0.018223,0.010650,0.176163,0.026108,0.000000,0.004667,0.000000,0.002900,0,0,1,2,1,2,2
0.324854,0.005624,0.068696,0.006515,0.017808,0.021830,0.000000,0.044700,0.000000,0.011289,0.109236,0.031925,0.000000,0.005763,0.000000,0.001468,0,0,1,1,1,1,1
0.338154,0.002921,0.086882,0.005688,0.008496,0.019730,0.000000,0.047727,0.000000,0.010857,0.116013,0.030561,0.000000,0.007152,0.000000,0.002127,0,1,1,1,1,1,1
0.368677,0.006141,0.106947,0.012800,0.011907,0.022042,0.000000,0.045371,0.000000,0.009922,0.118292,0.028563,0.000000,0.005235,0.000000,0.001457,0,1,1,2,1,1,1
0.327039,0.003388,0.081594,0.011812,0.008160,0.025013,0.000000,0.052832,0.000000,0.010038,0.106217,0.023826,0.000000,0.002771,0.000000,0.001388,0,1,1,1,1,1,1
0.353015,0.002273,0.089411,0.008675,0.003629,0.017611,0.000000,0.040452,0.000000,0.010200,0.135165,0.037881,0.000000,0.005482,0.000000,0.002236,0,1,1,1,1,1,1
0.445129,0.007223,0.106083,0.009169,0.091818,0.027870,0.000000,0.056340,0.000000,0.009346,0.104407,0.025824,0.000000,0.004949,0.000000,0.002100,0,2,2,2,2,2,2
0.394982,0.002790,0.087390,0.012941,0.077850,0.020644,0.000000,0.067118,0.000000,0.009265,0.081037,0.027109,0.000000,0.007122,0.000000,0.001716,0,1,2,2,1,2,2
0.346139,0.004549,0.091366,0.014204,0.007294,0.031277,0.000000,0.053208,0.000000,0.008433,0.097416,0.030801,0.000000,0.004819,0.000000,0.002772,0,1,1,2,1,1,1
0.334223,0.003715,0.127233,0.009776,0.080369,0.015163,0.000000,0.036004,0.000000,0.009836,0.024462,0.024238,0.000000,0.001709,0.000000,0.001718,1,2,2,3,1,1,1
0.351254,0.004500,0.091837,0.006522,0.010319,0.025865,0.000000,0.048995,0.000000,0.008037,0.114953,0.031159,0.000000,0.006909,0.000000,0.002158,0,1,1,1,1,1,1
0.348696,0.007323,0.100779,0.014391,0.003781,0.025636,0.000000,0.065586,0.000000,0.009846,0.084076,0.031688,0.000000,0.003733,0.000000,0.001857,1,1,1,1,1,1,1
0.407288,0.005227,0.060541,0.008813,0.009038,0.028764,0.000000,0.067218,0.033361,0.010289,0.133818,0.030137,0.010575,0.005625,0.000000,0.003882,0,0,1,1,1,2,2
0.461925,0.005488,0.125982,0.009781,0.080595,0.027655,0.000000,0.043630,0.000000,0.011204,0.122214,0.027206,0.000000,0.006308,0.000000,0.001862,1,2,2,3,2,2,2
0.324514,0.006540,0.073784,0.008073,0.000475,0.023830,0.000000,0.063078,0.000000,0.009730,0.101219,0.034188,0.000000,0.002077,0.000000,0.001520,0,0,1,1,1,1,1
0.334788,0.002369,0.074487,0.015278,0.001332,0.023342,0.000000,0.062213,0.000000,0.010466,0.106329,0.030234,0.000000,0.007294,0.000000,0.001444,0,0,1,1,1,1,1
0.335979,0.004268,0.089422,0.010700,0.096664,0.018433,0.000000,0.056769,0.000000,0.008863,0.008364,0.037997,0.000000,0.003098,0.000000,0.001401,0,2,2,2,1,1,1
0.425215,0.005261,0.116268,0.008887,0.075723,0.025208,0.000000,0.059731,0.000000,0.010625,0.083455,0.030123,0.000000,0.008642,0.000000,0.001292,0,1,2,2,1,2,2
0.325043,0.005211,0.073759,0.010205,0.022044,0.021145,0.000000,0.056115,0.000000,0.008958,0.086866,0.035927,0.000000,0.004229,0.000000,0.000584,0,1,1,1,1,1,1
0.312715,0.002613,0.123834,0.009000,0.064397,0.015910,0.000000,0.035399,0.000000,0.009084,0.014385,0.030463,0.000000,0.005248,0.000000,0.002382,0,2,2,2,1,1,1
0.397882,0.008116,0.056301,0.014139,0.097462,0.027745,0.000000,0.045436,0.000000,0.010231,0.096078,0.024882,0.010777,0.004405,0.000000,0.002310,0,1,2,2,1,1,1
0.466246,0.004237,0.119706,0.009428,0.007688,0.026805,0.000000,0.062340,0.017067,0.010777,0.168606,0.035364,0.000000,0.003976,0.000000,0.000252,1,1,1,1,2,2,2
0.520604,0.005688,0.120716,0.010160,0.072272,0.025750,0.000000,0.061170,0.037909,0.011067,0.141808,0.029006,0.000000,0.002486,0.000000,0.002572,0,2,2,2,2,2,2
0.437635,0.004355,0.131019,0.012868,0.061825,0.024380,0.019834,0.035172,0.000000,0.009364,0.100310,0.031274,0.000000,0.004175,0.000000,0.003059,0,2,2,3,1,2,2
0.355015,0.003386,0.089688,0.011568,0.020763,0.026211,0.008346,0.057297,0.000000,0.011028,0.082998,0.035104,0.000000,0.005704,0.000000,0.002922,0,1,1,1,1,1,1
0.535128,0.005095,0.137274,0.009101,0.066621,0.029614,0.000000,0.047465,0.019350,0.010605,0.170628,0.029665,0.000000,0.007675,0.000000,0.002035,0,2,2,3,2,2,2
0.337090,0.004530,0.145471,0.008171,0.062701,0.017018,0.000000,0.050838,0.000000,0.010946,0.003947,0.024614,0.000000,0.006709,0.000000,0.002145,1,2,2,2,1,1,1
0.329863,0.005565,0.091656,0.012201,0.012115,0.024513,0.000000,0.034505,0.000000,0.009945,0.103072,0.028571,0.000000,0.005298,0.000000,0.002422,0,1,1,2,1,1,1
0.451415,0.007334,0.144452,0.010176,0.056112,0.025773,0.012148,0.030946,0.000000,0.009529,0.113499,0.034543,0.000000,0.006611,0.000000,0.000292,0,2,2,2,2,2,2
0.350743,0.003880,0.100752,0.010270,0.006295,0.028728,0.000000,0.035653,0.000000,0.009842,0.119931,0.029009,0.000000,0.002869,0.000000,0.003514,0,1,1,1,1,1,1
0.427373,0.007167,0.080486,0.012694,0.093217,0.019580,0.000000,0.034688,0.000000,0.010278,0.133684,0.031130,0.000000,0.003000,0.000000,0.001449,0,1,2,2,1,2,2
0.305825,0.004973,0.086757,0.006897,0.005752,0.022434,0.000000,0.046060,0.000000,0.011416,0.088339,0.024140,0.000000,0.007420,0.000000,0.001637,0,0,1,1,1,1,1
0.293626,0.005693,0.074951,0.006450,0.010767,0.023102,0.002818,0.057048,0.000000,0.010245,0.074008,0.023427,0.000000,0.004358,0.000000,0.000759,0,0,1,1,1,1,1
0.429909,0.006384,0.074538,0.006550,0.015685,0.033197,0.000000,0.050269,0.006565,0.010832,0.185778,0.032309,0.000000,0.005214,0.000000,0.002588,0,0,1,1,1,1,2
0.326042,0.005667,0.082382,0.010878,0.006366,0.023905,0.007726,0.054494,0.000000,0.010666,0.083386,0.024042,0.009803,0.004650,0.000000,0.002077,0,1,1,1,1,1,1
0.425407,0.006782,0.070931,0.009316,0.019194,0.024996,0.000000,0.059791,0.019331,0.009803,0.169977,0.031282,0.000000,0.003017,0.000000,0.000987,0,1,1,1,1,2,2
0.414089,0.003960,0.092491,0.010622,0.095005,0.016042,0.000000,0.043792,0.000000,0.010736,0.113049,0.023238,0.000000,0.003265,0.000000,0.001889,0,2,2,3,1,2,2
0.329068,0.008868,0.063921,0.005159,0.030948,0.021254,0.000000,0.053870,0.000000,0.009341,0.101751,0.026471,0.000000,0.005544,0.000000,0.001941,0,1,1,1,1,1,1
0.332445,0.005564,0.085764,0.007616,0.012549,0.019989,0.000000,0.040541,0.000000,0.008707,0.113798,0.031231,0.000000,0.006053,0.000000,0.000633,0,1,1,1,1,1,1
0.329524,0.005581,0.084803,0.014835,0.005084,0.015563,0.000000,0.038038,0.000000,0.009314,0.115455,0.024465,0.008203,0.005782,0.000000,0.002401,0,1,1,1,1,1,1
0.426810,0.006927,0.088741,0.011065,0.013972,0.028076,0.000000,0.046046,0.020982,0.008203,0.165530,0.029943,0.000000,0.004945,0.000000,0.002380,0,1,1,1,1,2,2
0.319318,0.005106,0.056108,0.009343,0.005126,0.028739,0.013790,0.048901,0.000000,0.008628,0.108696,0.026457,0.000000,0.004932,0.000000,0.003492,0,0,1,1,1,1,1
0.438386,0.006909,0.107155,0.007684,0.104669,0.023312,0.000000,0.058182,0.000000,0.010834,0.090293,0.022435,0.000000,0.003801,0.000000,0.003112,0,2,2,2,1,2,2
0.440892,0.005184,0.119597,0.013693,0.084511,0.028572,0.014024,0.052932,0.000000,0.009753,0.076742,0.028827,0.000000,0.005736,0.000000,0.001321,0,2,2,3,2,2,2
0.334180,0.005536,0.096248,0.013149,0.015160,0.024950,0.013362,0.039398,0.000000,0.010525,0.079424,0.030658,0.000000,0.004071,0.000000,0.001699,1,1,1,2,1,1,1
0.340304,0.004689,0.100416,0.014863,0.001979,0.024706,0.000000,0.058540,0.000000,0.010152,0.091761,0.030727,0.000000,0.001190,0.000000,0.001281,1,1,1,2,1,1,1
0.323065,0.005020,0.065698,0.009242,0.015267,0.018965,0.000000,0.052802,0.000000,0.010564,0.105681,0.035256,0.000000,0.001478,0.000000,0.003092,0,0,1,1,1,1,1
0.296115,0.001671,0.069573,0.010229,0.015015,0.024958,0.003732,0.039264,0.000000,0.010764,0.085821,0.026880,0.000000,0.007754,0.000000,0.000454,0,0,1,1,1,1,1
0.417348,0.005578,0.068349,0.013552,0.004445,0.028757,0.000000,0.046814,0.031104,0.010735,0.171808,0.029625,0.000000,0.005996,0.000000,0.000585,0,0,1,1,1,2,2
0.360090,0.007642,0.102339,0.009900,0.016998,0.025568,0.013738,0.032137,0.000000,0.010101,0.105558,0.028611,0.000000,0.005385,0.000000,0.002113,0,1,1,2,1,1,1
0.430307,0.004707,0.121074,0.008770,0.065316,0.020642,0.000000,0.048105,0.000000,0.009085,0.107184,0.036651,0.000000,0.006482,0.000000,0.002291,0,2,2,2,1,2,2
0.325316,0.004319,0.090740,0.009908,0.003304,0.028948,0.000000,0.050207,0.000000,0.009496,0.098347,0.024203,0.000000,0.004983,0.000000,0.000861,0,1,1,1,1,1,1
0.427990,0.005444,0.111831,0.004814,0.079478,0.031265,0.010146,0.041527,0.000000,0.009461,0.093842,0.035372,0.000000,0.002611,0.000000,0.002199,0,2,2,2,1,2,2
0.327916,0.002888,0.081472,0.013609,0.011006,0.030942,0.000000,0.036766,0.000000,0.009463,0.105538,0.029888,0.000000,0.003865,0.000000,0.002479,0,1,1,1,1,1,1
0.418733,0.006513,0.101176,0.005171,0.096266,0.025181,0.000000,0.064640,0.000000,0.011507,0.076334,0.020159,0.000000,0.008802,0.000000,0.002984,0,2,2,2,1,2,2
0.291317,0.006188,0.059707,0.009487,0.003019,0.023921,0.000000,0.043132,0.000000,0.009013,0.106337,0.027184,0.000000,0.002777,0.000000,0.000552,0,0,1,1,1,1,1
0.433465,0.005465,0.090630,0.011809,0.107882,0.026314,0.000000,0.045862,0.000000,0.010071,0.100793,0.029497,0.000000,0.004006,0.000000,0.001136,0,2,2,2,1,2,2
0.336166,0.005380,0.087633,0.011573,0.012851,0.022511,0.000000,0.037767,0.000000,0.009914,0.115446,0.029912,0.000000,0.002476,0.000000,0.000703,0,1,1,1,1,1,1
0.347312,0.004478,0.083171,0.008026,0.017802,0.030817,0.000000,0.044199,0.000000,0.010746,0.103578,0.026914,0.010245,0.006184,0.000000,0.001152,0,1,1,1,1,1,1
0.448133,0.002865,0.093926,0.009671,0.018180,0.027009,0.000000,0.059646,0.019114,0.010245,0.160876,0.037686,0.000000,0.006230,0.000000,0.002685,0,1,1,1,2,2,2
0.340545,0.002701,0.098246,0.005516,0.019665,0.026898,0.012682,0.045430,0.000000,0.010915,0.084508,0.029680,0.000000,0.002293,0.000000,0.002011,0,1,1,2,1,1,1
0.305257,0.002096,0.069511,0.009758,0.017385,0.021700,0.000000,0.053645,0.000000,0.010312,0.084464,0.031668,0.000000,0.002244,0.000000,0.002474,0,0,1,1,1,1,1
0.348474,0.003252,0.099914,0.013326,0.010519,0.018607,0.000000,0.062787,0.000000,0.008713,0.095444,0.029073,0.000000,0.004711,0.000000,0.002128,0,1,1,2,1,1,1
0.330737,0.005445,0.080578,0.010150,0.004174,0.026871,0.003467,0.067466,0.000000,0.010934,0.083259,0.032990,0.000000,0.002830,0.000000,0.002573,0,1,1,1,1,1,1
0.407212,0.001113,0.114106,0.008628,0.074834,0.020403,0.009061,0.066375,0.000000,0.009642,0.069699,0.028065,0.000000,0.004146,0.000000,0.001140,0,2,2,2,1,2,2
0.333960,0.006107,0.062523,0.005705,0.026109,0.030350,0.000000,0.053700,0.000000,0.010189,0.103206,0.030346,0.000000,0.003933,0.000000,0.001792,0,0,1,1,1,1,1
0.331059,0.006550,0.075237,0.015946,0.005995,0.025071,0.000000,0.038467,0.000000,0.008744,0.116804,0.031245,0.000000,0.004643,0.000000,0.002357,0,1,1,1,1,1,1
0.436261,0.008471,0.101811,0.013990,0.073689,0.024012,0.000000,0.056165,0.000000,0.010607,0.112995,0.026400,0.000000,0.006366,0.000000,0.001755,0,2,2,2,2,2,2
0.325769,0.007852,0.076578,0.010494,0.014665,0.019183,0.000000,0.052275,0.000000,0.009552,0.100987,0.024833,0.000000,0.006459,0.000000,0.002891,0,1,1,1,1,1,1
0.336597,0.004216,0.067375,0.008985,0.031023,0.028617,0.000000,0.060819,0.000000,0.010704,0.074542,0.032772,0.009197,0.006451,0.000000,0.001896,0,1,1,1,1,1,1
0.459169,0.005590,0.113213,0.007114,0.022030,0.018548,0.000000,0.053018,0.031388,0.009197,0.166094,0.026555,0.000000,0.003561,0.000000,0.002861,1,1,1,2,2,2,2
0.452337,0.004306,0.129999,0.012372,0.068430,0.028926,0.000000,0.046036,0.000000,0.008510,0.105910,0.038504,0.000000,0.007763,0.000000,0.001581,0,2,2,3,1,2,2
0.324174,0.005157,0.090521,0.006437,0.010534,0.022169,0.010920,0.049380,0.000000,0.009551,0.087430,0.029028,0.000000,0.001592,0.000000,0.001455,0,1,1,1,1,1,1
0.328614,0.004154,0.089052,0.009186,0.014938,0.020235,0.000000,0.052553,0.000000,0.010304,0.091691,0.029627,0.000000,0.005801,0.000000,0.001073,0,1,1,1,1,1,1
0.445960,0.006927,0.090543,0.006473,0.012181,0.021826,0.000000,0.061907,0.028922,0.008853,0.173604,0.025745,0.000000,0.006168,0.000000,0.002811,0,1,1,1,1,2,2
0.332061,0.006674,0.075658,0.013224,0.025439,0.020870,0.000000,0.041458,0.000000,0.009810,0.103008,0.028661,0.000000,0.006224,0.000000,0.001035,0,1,1,1,1,1,1
0.450932,0.005514,0.133951,0.012013,0.072226,0.025035,0.000000,0.048510,0.000000,0.010178,0.091232,0.038040,0.009816,0.003315,0.000000,0.001102,0,2,2,2,2,2,2
0.459521,0.006259,0.090979,0.005234,0.022390,0.025845,0.000000,0.056415,0.031292,0.009816,0.177670,0.026868,0.000000,0.003167,0.000000,0.003586,0,1,1,1,1,2,2
0.319664,0.003099,0.068666,0.014000,0.011507,0.021372,0.000000,0.044647,0.000000,0.010219,0.112961,0.026104,0.000000,0.004481,0.000000,0.002608,0,1,1,1,1,1,1
0.424121,0.007815,0.114634,0.012981,0.062360,0.026242,0.000000,0.058909,0.000000,0.009265,0.089349,0.026046,0.011214,0.003959,0.000000,0.001347,0,1,2,2,1,2,2
0.408049,0.004168,0.067401,0.011226,0.019858,0.024417,0.000000,0.063982,0.018937,0.011214,0.145863,0.025355,0.010683,0.003633,0.000000,0.001312,0,1,1,1,1,2,2
0.507395,0.002793,0.104316,0.005547,0.091711,0.023619,0.000000,0.050217,0.014622,0.010683,0.175421,0.020726,0.000000,0.005106,0.000000,0.002634,0,2,2,2,2,2,2
0.415108,0.008119,0.061173,0.010353,0.020852,0.032715,0.000000,0.051182,0.023367,0.008629,0.167238,0.028585,0.000000,0.002362,0.000000,0.000533,0,1,1,1,1,2,2
0.324342,0.005219,0.071157,0.007157,0.015388,0.021001,0.000000,0.045350,0.000000,0.008671,0.109127,0.035907,0.000000,0.004943,0.000000,0.000422,0,0,1,1,1,1,1
0.338447,0.002478,0.077810,0.007812,0.026437,0.023116,0.001744,0.045781,0.000000,0.011130,0.101676,0.030568,0.000000,0.006411,0.000000,0.003484,0,1,1,1,1,1,1
0.335434,0.002121,0.067458,0.008929,0.032885,0.019331,0.014708,0.040425,0.000000,0.008519,0.091045,0.033017,0.009883,0.005829,0.000000,0.001284,0,1,1,1,1,1,1
0.470414,0.005424,0.113996,0.013432,0.013161,0.017783,0.000000,0.064563,0.023966,0.009883,0.177800,0.023932,0.000000,0.004238,0.000000,0.002236,1,1,1,2,2,2,2
0.334992,0.007573,0.080990,0.008185,0.013801,0.031000,0.000000,0.051834,0.000000,0.010262,0.084571,0.039465,0.000000,0.006854,0.000000,0.000457,0,1,1,1,1,1,1
0.421441,0.007078,0.087947,0.007080,0.010603,0.029919,0.000000,0.048441,0.042687,0.010600,0.144644,0.027064,0.000000,0.003502,0.000000,0.001876,0,1,1,2,2,2,2
0.297202,0.008762,0.079813,0.013628,0.078776,0.028414,0.000000,0.038771,0.000000,0.009264,0.005169,0.027532,0.000000,0.005907,0.000000,0.001166,0,1,2,2,1,1,1
0.392132,0.004489,0.065609,0.012303,0.101433,0.029166,0.006552,0.046859,0.000000,0.009729,0.085086,0.025594,0.000000,0.002845,0.000000,0.002467,0,1,2,2,1,1,1
0.349610,0.005424,0.098350,0.007917,0.004278,0.029171,0.016070,0.052133,0.000000,0.010987,0.081885,0.034836,0.000000,0.006799,0.000000,0.001760,1,1,1,2,1,1,1
0.356088,0.003270,0.098569,0.008262,0.008122,0.030041,0.000000,0.054128,0.000000,0.009210,0.107882,0.033106,0.000000,0.002030,0.000000,0.001468,0,1,1,2,1,1,1
0.441066,0.003510,0.133405,0.011315,0.074157,0.021804,0.000000,0.056776,0.000000,0.009751,0.089789,0.022633,0.009840,0.007149,0.000000,0.000937,1,2,2,2,2,2,2
0.404964,0.005108,0.059849,0.007096,0.029260,0.025121,0.000000,0.053788,0.013281,0.009840,0.172863,0.021253,0.000000,0.004801,0.000000,0.002704,0,0,1,1,1,2,2
0.426030,0.002859,0.089529,0.013351,0.090901,0.024923,0.000000,0.053913,0.000000,0.009689,0.097873,0.036606,0.000000,0.005152,0.000000,0.001234,0,1,2,2,1,2,2
0.324800,0.006265,0.075838,0.010287,0.006048,0.029817,0.000000,0.055285,0.000000,0.009640,0.081115,0.030955,0.010160,0.007088,0.000000,0.002302,0,0,1,1,1,1,1
0.428163,0.005270,0.064461,0.012725,0.014487,0.027620,0.000000,0.068281,0.012171,0.010160,0.171152,0.031921,0.000000,0.008302,0.000000,0.001613,0,0,1,1,1,2,2
0.339304,0.002391,0.071055,0.013973,0.016459,0.028811,0.008631,0.044480,0.000000,0.008808,0.112067,0.024239,0.000000,0.005124,0.000000,0.003266,0,1,1,1,1,1,1
0.319295,0.004299,0.118088,0.008849,0.079708,0.021094,0.000000,0.036807,0.000000,0.010027,0.002051,0.031125,0.000000,0.004983,0.000000,0.002264,0,2,2,2,1,1,1
0.374930,0.006548,0.082757,0.009683,0.082630,0.025381,0.000000,0.053983,0.000000,0.010747,0.069006,0.030553,0.000000,0.003068,0.000000,0.000574,0,1,2,2,1,1,1
0.476188,0.008195,0.130592,0.009195,0.029400,0.029914,0.000000,0.061085,0.006878,0.008592,0.163838,0.026031,0.000000,0.001902,0.000000,0.000566,0,1,1,2,2,2,2
0.317611,0.006643,0.026475,0.010046,0.069111,0.017053,0.000000,0.066587,0.000000,0.009660,0.060573,0.035545,0.009509,0.003841,0.000000,0.002568,0,1,1,2,1,1,1
0.480995,0.008280,0.067386,0.008457,0.093753,0.015068,0.000000,0.042897,0.034403,0.009509,0.165419,0.029709,0.000000,0.003100,0.000000,0.003014,1,1,1,2,2,2,2
0.428263,0.004440,0.106359,0.007644,0.039126,0.025894,0.000000,0.044185,0.020301,0.009184,0.135398,0.026114,0.000000,0.007749,0.000000,0.001869,0,1,1,2,2,2,2
0.456477,0.002838,0.103536,0.010771,0.039929,0.022833,0.000000,0.064946,0.000000,0.009273,0.167501,0.025773,0.000000,0.007864,0.000000,0.001213,0,1,1,2,2,2,2
0.375623,0.005526,0.068307,0.010353,0.066749,0.026361,0.000000,0.037524,0.000000,0.010566,0.105453,0.029551,0.010282,0.002874,0.000000,0.002077,1,1,1,2,1,1,1
0.448954,0.006373,0.053331,0.012073,0.080792,0.020750,0.000000,0.060337,0.028493,0.010282,0.137974,0.028346,0.000000,0.007776,0.000000,0.002427,0,1,1,2,2,2,2
0.430322,0.005437,0.096841,0.011413,0.046796,0.027968,0.000000,0.040039,0.019504,0.009191,0.143241,0.021876,0.000000,0.006100,0.000000,0.001916,0,1,1,2,2,2,2
0.427736,0.004687,0.039157,0.009971,0.081379,0.020352,0.000000,0.038874,0.003679,0.009398,0.184577,0.028306,0.000000,0.005162,0.000000,0.002194,0,1,1,2,1,2,2
0.440197,0.004366,0.075725,0.010614,0.083176,0.019373,0.000000,0.042263,0.026444,0.009639,0.137629,0.025409,0.000000,0.003707,0.000000,0.001852,0,1,1,2,2,2,2
0.488566,0.001797,0.107538,0.011439,0.081610,0.026487,0.000000,0.036756,0.006411,0.009835,0.178917,0.020961,0.000000,0.003963,0.000000,0.002852,0,2,2,2,2,2,2
0.472939,0.001182,0.086612,0.008309,0.067350,0.017990,0.000000,0.050573,0.021380,0.009870,0.164654,0.035038,0.000000,0.008403,0.000000,0.001578,0,1,1,2,2,2,2
0.470466,0.006191,0.071102,0.010377,0.087460,0.027518,0.000000,0.059669,0.012320,0.009574,0.142604,0.027159,0.010345,0.004672,0.000000,0.001475,0,1,1,2,2,2,2
0.476398,0.007528,0.061029,0.013145,0.085018,0.025567,0.000000,0.040435,0.025393,0.010345,0.173085,0.029320,0.000000,0.004901,0.000000,0.000632,0,1,2,2,2,2,2
0.458429,0.007096,0.098955,0.010667,0.055763,0.028400,0.000000,0.047345,0.028425,0.010133,0.136183,0.027252,0.000000,0.004764,0.000000,0.003446,0,1,1,2,2,2,2
0.435219,0.003132,0.091555,0.009829,0.039474,0.025199,0.000000,0.049823,0.004285,0.010340,0.154410,0.030037,0.010450,0.004994,0.000000,0.001691,0,1,1,2,2,2,2
0.494692,0.005293,0.073368,0.006513,0.090435,0.026539,0.000000,0.035702,0.013980,0.010450,0.179595,0.035175,0.011469,0.003386,0.000000,0.002787,0,1,2,2,2,2,2
0.479322,0.005473,0.093766,0.005940,0.075882,0.027049,0.000000,0.044909,0.028379,0.011469,0.147204,0.021965,0.009673,0.005433,0.000000,0.002180,0,1,2,2,2,2,2
0.504853,0.007668,0.092564,0.007998,0.065818,0.025876,0.000000,0.047177,0.016005,0.009673,0.186713,0.029472,0.010037,0.004113,0.000000,0.001739,0,1,2,2,2,2,2
0.498119,0.007339,0.119041,0.010173,0.055856,0.030624,0.000000,0.043728,0.024700,0.010037,0.150281,0.029772,0.011042,0.004543,0.000000,0.000983,1,1,2,2,2,2,2
0.432864,0.006389,0.034556,0.011923,0.069639,0.025218,0.000000,0.059472,0.010268,0.011042,0.147481,0.037717,0.009051,0.007528,0.000000,0.002580,0,1,1,2,1,2,2
0.488709,0.004475,0.096135,0.012119,0.076149,0.023855,0.000000,0.066252,0.001992,0.009051,0.158246,0.036489,0.000000,0.001739,0.000000,0.002207,1,1,2,2,2,2,2
0.491643,0.001374,0.084469,0.010229,0.093261,0.020867,0.000000,0.040191,0.037854,0.010244,0.152813,0.034867,0.000000,0.003423,0.000000,0.002051,0,1,2,2,2,2,2
0.452661,0.005256,0.058215,0.013310,0.087209,0.022768,0.000000,0.048969,0.023699,0.008688,0.141397,0.034463,0.000000,0.006080,0.000000,0.002607,0,1,1,2,2,2,2
0.489974,0.006975,0.087969,0.012887,0.093934,0.033579,0.000000,0.060622,0.000000,0.010708,0.147117,0.032087,0.000000,0.002964,0.000000,0.001132,1,1,2,2,2,2,2
0.446390,0.007296,0.037817,0.012617,0.065181,0.032296,0.000000,0.066853,0.001679,0.009693,0.157753,0.036510,0.010106,0.005469,0.000000,0.003120,0,1,1,2,1,2,2
0.455172,0.005405,0.072133,0.007810,0.071350,0.025500,0.000000,0.048241,0.034250,0.010106,0.135908,0.033217,0.000000,0.007840,0.000000,0.003412,0,1,1,2,2,2,2
0.463225,0.005698,0.073791,0.013688,0.083361,0.021213,0.000000,0.054540,0.002328,0.011565,0.160068,0.031107,0.000000,0.003395,0.000000,0.002471,0,1,1,2,2,2,2
0.448024,0.008120,0.078143,0.007302,0.082709,0.034041,0.000000,0.055745,0.000000,0.010274,0.137404,0.026346,0.000000,0.004331,0.000000,0.003609,0,1,1,2,2,2,2
0.410384,0.002943,0.152968,0.012175,0.038745,0.022384,0.000000,0.040926,0.000000,0.011477,0.084522,0.037086,0.000000,0.006658,0.000000,0.000500,0,2,2,3,1,1,1
0.428339,0.003881,0.037147,0.008813,0.096346,0.022842,0.000000,0.058465,0.018696,0.009139,0.134616,0.030189,0.000000,0.005851,0.000000,0.002354,0,1,1,2,1,2,2
0.483770,0.007966,0.067500,0.009903,0.083421,0.024574,0.000000,0.068159,0.000000,0.009494,0.173420,0.030108,0.000000,0.007539,0.000000,0.001686,0,1,2,2,2,2,2
0.377929,0.001821,0.124148,0.014265,0.047939,0.031396,0.000000,0.044932,0.000000,0.008820,0.068754,0.029837,0.000000,0.002754,0.000000,0.003263,0,1,2,2,1,1,1
0.438539,0.005647,0.059841,0.007921,0.074333,0.015447,0.000000,0.057960,0.019785,0.011203,0.137197,0.034895,0.008828,0.003196,0.000000,0.002286,0,1,1,2,2,2,2
0.494336,0.007399,0.075279,0.007290,0.086948,0.020819,0.000000,0.050582,0.010720,0.008828,0.177740,0.033970,0.010240,0.003137,0.000000,0.001384,1,1,1,2,2,2,2
0.453696,0.007358,0.058284,0.009353,0.071487,0.024837,0.000000,0.046088,0.031991,0.010240,0.145577,0.031280,0.009845,0.004746,0.000000,0.002610,1,1,1,2,1,2,2
0.459409,0.005168,0.109245,0.012073,0.029852,0.018600,0.000000,0.057934,0.006761,0.009845,0.173449,0.030796,0.000000,0.003310,0.000000,0.002376,0,1,1,2,2,2,2
0.487305,0.006115,0.097064,0.013955,0.071930,0.024442,0.000000,0.067047,0.009653,0.010142,0.144135,0.033847,0.000000,0.005747,0.000000,0.003228,0,1,2,2,2,2,2
0.458509,0.008607,0.065543,0.006712,0.082984,0.022765,0.000000,0.047672,0.018623,0.011684,0.153816,0.034568,0.000000,0.004271,0.000000,0.001264,0,1,1,2,2,2,2
0.455775,0.007080,0.062733,0.004737,0.088721,0.034469,0.000000,0.063863,0.000000,0.008024,0.153800,0.024681,0.000000,0.004653,0.000000,0.003014,1,1,1,2,2,2,2
0.467484,0.005519,0.102525,0.010691,0.043943,0.023978,0.000000,0.049496,0.019551,0.009153,0.165875,0.030304,0.000000,0.002963,0.000000,0.003486,0,1,2,2,2,2,2
0.460231,0.007600,0.093840,0.009793,0.048794,0.024257,0.000000,0.053948,0.027705,0.008444,0.147961,0.030530,0.000000,0.005402,0.000000,0.001957,0,1,1,2,2,2,2
0.447639,0.006864,0.070391,0.010788,0.053970,0.032373,0.000000,0.057740,0.000000,0.011216,0.157127,0.030337,0.009353,0.004930,0.000000,0.002550,0,1,1,2,2,2,2
0.381938,0.006421,0.094512,0.009495,0.093034,0.032375,0.000000,0.033621,0.000000,0.011440,0.063063,0.029245,0.000000,0.006899,0.000000,0.001833,0,2,2,3,1,1,1
0.483599,0.006719,0.105781,0.011479,0.077231,0.026494,0.000000,0.060226,0.000000,0.010463,0.148860,0.020769,0.008321,0.003527,0.000000,0.003729,1,2,2,2,2,2,2
0.490107,0.006452,0.083488,0.009538,0.067789,0.028087,0.000000,0.040912,0.002180,0.008321,0.188507,0.037892,0.010492,0.005736,0.000000,0.000713,0,1,1,2,2,2,2
0.464297,0.007999,0.063484,0.008538,0.096993,0.024871,0.000000,0.047887,0.023606,0.010492,0.131544,0.030706,0.009543,0.007269,0.000000,0.001365,0,1,1,2,2,2,2
0.475277,0.006497,0.080591,0.011613,0.069592,0.021505,0.000000,0.034781,0.025005,0.009543,0.168307,0.027976,0.009403,0.007919,0.000000,0.002545,0,1,2,2,2,2,2
0.476983,0.004182,0.087926,0.008198,0.071545,0.027818,0.000000,0.051926,0.004651,0.009403,0.167755,0.033483,0.000000,0.007885,0.000000,0.002211,0,1,1,2,2,2,2
0.444174,0.005237,0.057347,0.005006,0.084287,0.029105,0.000000,0.045789,0.018977,0.009933,0.150685,0.030666,0.000000,0.004256,0.000000,0.002886,0,1,1,2,1,2,2
0.470068,0.005057,0.118452,0.012861,0.038986,0.027130,0.000000,0.060961,0.012036,0.010809,0.153150,0.020681,0.000000,0.006584,0.000000,0.003361,0,1,2,2,2,2,2
0.460071,0.004154,0.130454,0.010403,0.037612,0.020242,0.000000,0.059816,0.006242,0.011323,0.143634,0.031540,0.000000,0.002515,0.000000,0.002136,0,1,2,2,2,2,2
0.432288,0.006183,0.056832,0.010726,0.068472,0.025138,0.000000,0.037283,0.020657,0.010551,0.162188,0.029429,0.000000,0.002656,0.000000,0.002173,0,1,1,2,2,2,2
0.499294,0.004853,0.099383,0.007494,0.068532,0.020352,0.000000,0.064250,0.000591,0.009996,0.171586,0.035892,0.011092,0.003651,0.000000,0.001622,0,1,2,2,2,2,2
0.482402,0.003531,0.140163,0.010204,0.026338,0.026587,0.000000,0.047319,0.030375,0.011092,0.156453,0.023134,0.000000,0.005962,0.000000,0.001244,1,1,2,2,2,2,2
0.458255,0.005477,0.112419,0.005752,0.038494,0.028397,0.000000,0.058248,0.001442,0.010322,0.165671,0.026546,0.000000,0.003721,0.000000,0.001766,0,1,1,2,2,2,2
0.488256,0.003389,0.092126,0.014776,0.077923,0.024483,0.000000,0.060388,0.004530,0.011476,0.165395,0.026613,0.000000,0.004908,0.000000,0.002249,0,1,2,2,2,2,2
0.444455,0.002604,0.043315,0.004544,0.080110,0.023753,0.000000,0.050442,0.018113,0.010133,0.176026,0.030097,0.000000,0.004031,0.000000,0.001287,0,1,1,2,1,2,2
0.379283,0.008245,0.070697,0.009402,0.082470,0.029741,0.000000,0.041980,0.000000,0.009622,0.076391,0.037334,0.009226,0.001720,0.000000,0.002455,0,1,1,2,1,1,1
0.464256,0.003435,0.086517,0.011102,0.065041,0.023990,0.000000,0.049098,0.030335,0.009226,0.139235,0.028698,0.010309,0.005363,0.000000,0.001907,0,1,1,2,2,2,2
0.449582,0.005904,0.079609,0.007892,0.074269,0.025933,0.000000,0.039943,0.014923,0.010309,0.158159,0.026982,0.000000,0.004027,0.000000,0.001632,1,1,1,2,2,2,2
0.445817,0.001928,0.083049,0.010676,0.079698,0.029036,0.000000,0.062690,0.000000,0.009854,0.134429,0.027705,0.000000,0.005231,0.000000,0.001521,0,1,1,2,2,2,2
0.441330,0.003128,0.072392,0.014527,0.085305,0.021860,0.000000,0.046803,0.003117,0.010394,0.155805,0.024918,0.000000,0.002982,0.000000,0.000099,0,1,2,2,2,2,2
0.449395,0.005795,0.040817,0.011749,0.080502,0.027778,0.000000,0.049745,0.000000,0.011245,0.169182,0.035242,0.010528,0.004563,0.000000,0.002249,0,1,1,2,1,2,2
0.474118,0.003814,0.085065,0.008208,0.071716,0.023805,0.000000,0.049436,0.023068,0.010528,0.155631,0.028492,0.008841,0.003811,0.000000,0.001703,0,1,1,2,2,2,2
0.507696,0.007225,0.144990,0.013501,0.046031,0.024325,0.000000,0.038040,0.019801,0.008841,0.160569,0.030956,0.008994,0.004001,0.000000,0.000422,1,2,2,3,2,2,2
0.427951,0.006973,0.043223,0.009485,0.088056,0.023417,0.000000,0.050010,0.010341,0.008994,0.148721,0.031739,0.000000,0.004538,0.000000,0.002454,1,1,1,2,2,2,2
0.465312,0.003096,0.098664,0.014904,0.068119,0.024383,0.000000,0.053969,0.000000,0.010784,0.160916,0.021694,0.000000,0.006244,0.000000,0.002539,0,1,2,2,2,2,2
0.489174,0.006298,0.092979,0.011198,0.076528,0.024520,0.000000,0.057275,0.000000,0.009503,0.172028,0.032622,0.000000,0.003079,0.000000,0.003144,0,1,2,2,2,2,2
0.493873,0.008400,0.091255,0.007315,0.082994,0.023550,0.000000,0.048190,0.027163,0.009909,0.153196,0.036769,0.000000,0.002950,0.000000,0.002182,1,1,2,2,2,2,2
0.384570,0.004728,0.107037,0.005992,0.070580,0.024406,0.000000,0.048730,0.000000,0.010453,0.075959,0.023947,0.009136,0.003087,0.000000,0.000515,0,2,2,2,1,1,1
0.479965,0.003755,0.094326,0.010543,0.042057,0.027671,0.000000,0.040423,0.022588,0.009136,0.181602,0.034900,0.009431,0.002932,0.000000,0.000601,0,1,1,2,2,2,2
0.439451,0.006551,0.036775,0.012075,0.073605,0.028228,0.000000,0.047416,0.030120,0.009431,0.158453,0.029304,0.000000,0.006465,0.000000,0.001028,0,1,1,2,1,2,2
0.444436,0.004996,0.101707,0.009121,0.050730,0.030760,0.000000,0.049041,0.028721,0.010254,0.121794,0.031804,0.000000,0.004356,0.000000,0.001152,0,1,1,2,2,2,2
0.408004,0.004666,0.153695,0.014981,0.019117,0.030727,0.000000,0.064372,0.000000,0.009212,0.070400,0.031784,0.000000,0.006582,0.000000,0.002468,0,2,2,3,1,2,2
0.433072,0.007830,0.048803,0.007795,0.067584,0.027915,0.000000,0.046201,0.035597,0.011037,0.143656,0.030956,0.000000,0.002138,0.000000,0.003560,0,1,1,2,1,2,2
0.498736,0.003350,0.079235,0.013735,0.070651,0.021533,0.000000,0.053174,0.022551,0.010738,0.178781,0.037683,0.000000,0.004025,0.000000,0.003280,0,1,1,2,2,2,2
0.371392,0.006061,0.118112,0.010116,0.041314,0.022123,0.000000,0.039666,0.000000,0.011353,0.085554,0.026670,0.000000,0.008069,0.000000,0.002354,0,1,1,2,1,1,1
0.456385,0.004671,0.084813,0.011887,0.047977,0.027235,0.000000,0.055119,0.004380,0.010544,0.153693,0.039935,0.010497,0.002192,0.000000,0.003442,0,1,1,2,2,2,2
0.472471,0.005916,0.080736,0.011781,0.074798,0.027767,0.000000,0.039405,0.035424,0.010497,0.154143,0.027645,0.000000,0.002862,0.000000,0.001497,0,1,2,2,2,2,2
0.360588,0.003206,0.094809,0.008228,0.078804,0.026923,0.000000,0.045334,0.000000,0.008700,0.059490,0.028244,0.000000,0.003679,0.000000,0.003171,0,1,1,2,1,1,1
0.467135,0.002528,0.115977,0.010942,0.048400,0.023790,0.000000,0.050094,0.005669,0.010593,0.167277,0.025634,0.000000,0.003365,0.000000,0.002866,0,1,1,2,2,2,2
0.440724,0.008188,0.056440,0.008266,0.069185,0.030549,0.000000,0.066595,0.000000,0.010363,0.141301,0.029668,0.009085,0.008474,0.000000,0.002610,1,1,1,2,1,2,2
0.477175,0.006241,0.081027,0.012586,0.093139,0.021398,0.000000,0.039072,0.003406,0.009085,0.173276,0.030043,0.000000,0.007217,0.000000,0.000685,0,1,2,2,2,2,2
0.477984,0.004982,0.126153,0.010880,0.044829,0.015084,0.000000,0.045663,0.028643,0.011412,0.152593,0.031364,0.000000,0.004474,0.000000,0.001907,1,1,2,2,2,2,2
0.490095,0.004763,0.098902,0.006850,0.080070,0.027904,0.000000,0.059293,0.000000,0.009310,0.153963,0.031525,0.008895,0.005774,0.000000,0.002846,0,1,2,2,2,2,2
0.492547,0.002578,0.103417,0.004341,0.074440,0.021798,0.000000,0.049217,0.019921,0.008895,0.163611,0.034896,0.000000,0.006916,0.000000,0.002517,0,1,2,2,2,2,2
0.492875,0.004017,0.082839,0.011158,0.098974,0.027829,0.000000,0.051531,0.016835,0.010494,0.138878,0.034263,0.009460,0.004418,0.000000,0.002179,0,1,2,2,2,2,2
0.458407,0.003094,0.072030,0.008909,0.076970,0.028683,0.000000,0.043453,0.011205,0.009460,0.168696,0.028907,0.000000,0.004715,0.000000,0.002285,0,1,1,2,2,2,2
0.349693,0.006299,0.089658,0.009086,0.058441,0.016604,0.000000,0.034856,0.000000,0.009428,0.091713,0.025553,0.000000,0.005991,0.000000,0.002064,0,1,2,2,1,1,1
0.444098,0.001007,0.129479,0.006434,0.022372,0.026568,0.000000,0.060548,0.004955,0.009334,0.153019,0.023731,0.000000,0.006210,0.000000,0.000441,0,1,1,2,2,2,2
0.461627,0.007955,0.108268,0.012432,0.030021,0.031182,0.000000,0.043645,0.010767,0.011397,0.165390,0.035160,0.000000,0.004139,0.000000,0.001271,0,1,1,2,2,2,2
0.447078,0.004009,0.110109,0.012593,0.041293,0.028039,0.000000,0.053007,0.013604,0.010673,0.132278,0.032889,0.000000,0.005418,0.000000,0.003166,0,1,1,2,2,2,2
0.458146,0.006880,0.058677,0.011996,0.091778,0.026739,0.000000,0.058242,0.000000,0.009896,0.157085,0.029978,0.000000,0.004118,0.000000,0.002757,0,1,1,2,2,2,2
0.466516,0.004181,0.087149,0.008883,0.070013,0.027027,0.000000,0.044469,0.015981,0.009143,0.162092,0.029869,0.000000,0.006941,0.000000,0.000768,0,1,1,2,2,2,2
0.487693,0.003519,0.130085,0.013458,0.030098,0.022771,0.000000,0.033988,0.033222,0.010299,0.166977,0.035830,0.000000,0.005106,0.000000,0.002340,0,1,1,2,2,2,2
0.461732,0.006475,0.086408,0.006127,0.083307,0.022268,0.000000,0.042342,0.039061,0.009838,0.135151,0.024095,0.000000,0.004615,0.000000,0.002045,0,1,2,2,2,2,2
0.465417,0.004399,0.089628,0.007594,0.082615,0.021830,0.000000,0.050889,0.005766,0.009539,0.160066,0.025485,0.000000,0.005476,0.000000,0.002130,0,1,2,2,2,2,2
0.447870,0.004615,0.056696,0.009145,0.074570,0.033603,0.000000,0.059054,0.000000,0.008236,0.152418,0.035263,0.010131,0.001619,0.000000,0.002520,0,1,1,2,2,2,2
0.484888,0.006714,0.097119,0.008184,0.069333,0.025688,0.000000,0.060926,0.002360,0.010131,0.152014,0.037843,0.009074,0.003973,0.000000,0.001529,0,1,2,2,2,2,2
0.494362,0.004337,0.096621,0.015452,0.073495,0.030822,0.000000,0.051798,0.000059,0.009074,0.174522,0.034686,0.000000,0.002461,0.000000,0.001035,0,1,2,2,2,2,2
0.366573,0.003372,0.085053,0.008754,0.102082,0.028574,0.000000,0.047600,0.000000,0.009409,0.051437,0.021238,0.000000,0.006085,0.000000,0.002969,0,1,2,2,1,1,1
0.487713,0.006245,0.142667,0.006708,0.036008,0.024704,0.000000,0.035603,0.013002,0.009834,0.178352,0.027323,0.000000,0.005650,0.000000,0.001617,0,1,2,2,2,2,2
0.506385,0.006227,0.101836,0.011598,0.072799,0.017977,0.000000,0.064792,0.012644,0.009982,0.156073,0.033346,0.009895,0.008978,0.000000,0.000238,0,1,2,2,2,2,2
0.423601,0.006315,0.067470,0.007038,0.047941,0.031612,0.000000,0.046840,0.018114,0.009895,0.153736,0.026229,0.000000,0.005063,0.000000,0.003348,0,1,1,2,1,2,2
0.466497,0.005771,0.066379,0.015702,0.063859,0.030762,0.000000,0.048661,0.022871,0.010588,0.155748,0.029337,0.008981,0.005239,0.000000,0.002599,0,1,1,2,2,2,2
0.425549,0.005985,0.035301,0.006926,0.083570,0.032459,0.000000,0.037934,0.017038,0.008981,0.148786,0.029055,0.011790,0.006906,0.000000,0.000818,0,1,1,2,1,2,2
0.504773,0.006234,0.105535,0.013210,0.067691,0.019018,0.000000,0.055774,0.005096,0.011790,0.175093,0.035494,0.000000,0.007499,0.000000,0.002339,0,1,2,2,2,2,2
0.386563,0.001446,0.080119,0.009760,0.071714,0.024319,0.014890,0.056597,0.000000,0.010306,0.062234,0.037274,0.010048,0.005425,0.000000,0.002431,0,1,1,2,1,1,1
0.466256,0.004654,0.081674,0.013115,0.070449,0.020171,0.000000,0.059334,0.020796,0.010048,0.143727,0.028255,0.008015,0.004867,0.000000,0.001151,0,1,1,2,2,2,2
0.516959,0.004235,0.153776,0.011117,0.039099,0.019091,0.000000,0.052729,0.007939,0.008015,0.189291,0.023822,0.000000,0.005512,0.000000,0.002333,1,2,2,2,2,2,2
0.356255,0.005637,0.088723,0.012612,0.075381,0.026020,0.000000,0.052585,0.000000,0.011086,0.055089,0.022861,0.000000,0.003571,0.000000,0.002690,0,1,2,2,1,1,1
0.453665,0.004726,0.085249,0.013911,0.066782,0.031948,0.000000,0.064178,0.000000,0.011483,0.138702,0.032707,0.000000,0.002895,0.000000,0.001084,0,1,1,2,2,2,2
0.455941,0.004686,0.106921,0.007709,0.062293,0.032380,0.000000,0.035765,0.005161,0.009434,0.152894,0.029706,0.000000,0.006903,0.000000,0.002089,0,1,2,2,2,2,2
0.465314,0.005893,0.072970,0.012728,0.089630,0.024006,0.000000,0.049767,0.000000,0.009916,0.163920,0.030641,0.000000,0.004857,0.000000,0.000986,0,1,2,2,2,2,2
0.492895,0.004991,0.088324,0.007190,0.077923,0.028508,0.000000,0.038665,0.021910,0.010593,0.177741,0.030809,0.000000,0.004521,0.000000,0.001720,0,1,2,2,2,2,2
0.479105,0.004669,0.084339,0.011215,0.077378,0.034775,0.000000,0.058658,0.020575,0.010688,0.132292,0.037380,0.000000,0.005050,0.000000,0.002086,0,1,2,2,2,2,2
0.475306,0.006020,0.096374,0.010740,0.081743,0.026893,0.000000,0.057771,0.002118,0.009558,0.145616,0.023872,0.010110,0.002846,0.000000,0.001645,0,1,2,2,2,2,2
0.471286,0.004241,0.099343,0.009314,0.072504,0.030652,0.000000,0.043763,0.002021,0.010110,0.170447,0.024263,0.000000,0.002681,0.000000,0.001947,0,1,2,2,2,2,2
0.504621,0.004584,0.078712,0.008386,0.099578,0.021857,0.000000,0.061245,0.000000,0.010178,0.172435,0.030681,0.010781,0.005560,0.000000,0.000624,1,1,2,2,2,2,2
0.366817,0.005532,0.151661,0.012165,0.029760,0.028719,0.000000,0.054210,0.000000,0.009924,0.041518,0.023702,0.000000,0.008499,0.000000,0.001127,0,1,2,2,1,1,1
0.411653,0.005167,0.038083,0.014671,0.078628,0.028433,0.000000,0.050269,0.000000,0.011521,0.142739,0.035702,0.000000,0.004655,0.000000,0.001785,0,1,1,2,1,2,2
0.466421,0.002524,0.058821,0.009094,0.094117,0.030801,0.000000,0.061935,0.000000,0.009237,0.156199,0.030276,0.008699,0.002664,0.000000,0.002054,0,1,2,2,2,2,2
0.461241,0.004461,0.102610,0.013290,0.048726,0.022182,0.000000,0.044067,0.018241,0.008699,0.161207,0.032414,0.000000,0.002402,0.000000,0.002942,0,1,1,2,2,2,2
0.481519,0.006253,0.075252,0.007944,0.071597,0.026769,0.000000,0.056268,0.016152,0.009059,0.174425,0.027722,0.000000,0.006097,0.000000,0.003981,0,1,1,2,2,2,2
0.338180,0.004182,0.049836,0.008173,0.078636,0.030522,0.000000,0.032942,0.000000,0.009878,0.079300,0.025334,0.010570,0.006495,0.000000,0.002312,0,1,1,1,1,1,1
0.464934,0.004437,0.066212,0.007088,0.094023,0.017460,0.000000,0.053567,0.009354,0.010570,0.162191,0.033947,0.000000,0.004177,0.000000,0.001908,0,1,1,2,2,2,2
0.493726,0.003480,0.151129,0.013187,0.034829,0.023869,0.000000,0.054600,0.017195,0.009593,0.146812,0.033413,0.000000,0.004037,0.000000,0.001582,1,2,2,2,2,2,2
0.449996,0.001775,0.058275,0.009865,0.071229,0.029106,0.000000,0.057825,0.000636,0.008593,0.170973,0.022947,0.009611,0.007077,0.000000,0.002084,0,1,1,2,1,2,2
0.475167,0.004779,0.073627,0.015695,0.083542,0.025643,0.000000,0.043894,0.017737,0.009611,0.154757,0.027727,0.010152,0.005375,0.000000,0.002628,0,1,2,2,2,2,2
0.427406,0.005899,0.054926,0.014040,0.066290,0.021616,0.000000,0.047051,0.017341,0.010152,0.154615,0.030370,0.000000,0.002946,0.000000,0.002160,0,1,1,2,2,2,2
0.454420,0.003558,0.054684,0.007622,0.085963,0.027645,0.000000,0.049590,0.000000,0.009933,0.164032,0.032321,0.010798,0.007170,0.000000,0.001104,1,1,1,2,2,2,2
0.474889,0.004945,0.130590,0.006681,0.034987,0.025866,0.000000,0.056636,0.011301,0.010798,0.149077,0.026986,0.010714,0.004636,0.000000,0.001672,0,1,2,2,2,2,2
0.467006,0.002342,0.122768,0.006217,0.050578,0.028219,0.000000,0.035161,0.014951,0.010714,0.163879,0.027482,0.000000,0.002296,0.000000,0.002399,0,1,2,2,2,2,2
0.482929,0.005613,0.138929,0.007990,0.029301,0.031232,0.000000,0.066106,0.000000,0.009959,0.152725,0.032843,0.000000,0.005490,0.000000,0.002741,1,1,2,2,2,2,2
0.451785,0.003339,0.097590,0.007010,0.049594,0.023328,0.000000,0.062800,0.005025,0.009126,0.160423,0.027546,0.000000,0.003897,0.000000,0.002107,1,1,1,2,2,2,2
0.470021,0.005703,0.133496,0.010972,0.035129,0.027632,0.000000,0.056426,0.016502,0.009219,0.142823,0.022037,0.000000,0.007364,0.000000,0.002718,1,1,2,2,2,2,2
0.468346,0.007116,0.099248,0.009163,0.052338,0.030189,0.000000,0.053254,0.000000,0.010934,0.147178,0.038958,0.011176,0.005324,0.000000,0.003468,0,1,1,2,2,2,2
0.463371,0.005163,0.058524,0.009743,0.087370,0.028078,0.000000,0.053890,0.008919,0.011176,0.162264,0.028916,0.000000,0.007125,0.000000,0.002203,0,1,2,2,2,2,2
0.385594,0.006344,0.138581,0.010792,0.043118,0.023623,0.000000,0.047989,0.000000,0.011946,0.061228,0.023941,0.010132,0.005821,0.000000,0.002079,0,1,2,2,1,1,2
0.441182,0.003194,0.087309,0.013133,0.027889,0.017388,0.000000,0.045801,0.008483,0.010132,0.193640,0.027200,0.000000,0.006164,0.000000,0.000849,0,1,1,1,1,2,2
0.457528,0.005031,0.092462,0.011993,0.054840,0.021542,0.000000,0.068560,0.020117,0.009314,0.135069,0.031046,0.000000,0.006348,0.000000,0.001206,1,1,1,2,2,2,2
0.462075,0.005915,0.109989,0.011701,0.045568,0.032519,0.000000,0.036762,0.015271,0.008643,0.161345,0.025481,0.000000,0.006853,0.000000,0.002028,1,1,1,2,2,2,2
0.416891,0.004606,0.069638,0.008189,0.059844,0.031687,0.000000,0.063743,0.000000,0.009702,0.139717,0.024066,0.000000,0.004175,0.000000,0.001524,0,1,1,2,1,2,2
0.453939,0.005875,0.078863,0.015169,0.075888,0.025817,0.000000,0.056437,0.000000,0.009641,0.155701,0.024704,0.000000,0.004098,0.000000,0.001746,0,1,2,2,2,2,2
0.466651,0.005371,0.070519,0.008865,0.091998,0.025073,0.000000,0.044975,0.005629,0.010841,0.157897,0.029269,0.009856,0.005518,0.000000,0.000840,0,1,2,2,2,2,2
0.477690,0.004717,0.085788,0.011833,0.070988,0.022646,0.000000,0.047722,0.011119,0.009856,0.182020,0.024560,0.000000,0.003679,0.000000,0.002762,0,1,2,2,2,2,2
0.365537,0.004049,0.119276,0.011880,0.044632,0.021937,0.007136,0.049968,0.000000,0.011461,0.059806,0.028213,0.000000,0.004662,0.000000,0.002517,0,1,2,2,1,1,1
0.469169,0.006056,0.054590,0.009334,0.074159,0.019363,0.000000,0.051775,0.015840,0.009578,0.174717,0.037683,0.010194,0.003835,0.000000,0.002045,0,1,1,2,2,2,2
0.455533,0.006590,0.075645,0.008146,0.084235,0.027194,0.000000,0.048612,0.035829,0.010194,0.131664,0.020256,0.000000,0.004818,0.000000,0.002350,0,1,1,2,2,2,2
0.452013,0.004394,0.061618,0.008235,0.075788,0.023486,0.000000,0.061312,0.000000,0.010275,0.153951,0.036436,0.010563,0.004896,0.000000,0.001059,0,1,1,2,2,2,2
0.448976,0.006326,0.062002,0.011678,0.079077,0.019986,0.000000,0.052651,0.004564,0.010563,0.169966,0.025370,0.000000,0.006101,0.000000,0.000692,1,1,1,2,2,2,2
0.481953,0.006789,0.098933,0.009768,0.080879,0.032530,0.000000,0.056102,0.000000,0.009806,0.150286,0.032155,0.000000,0.002268,0.000000,0.002437,0,1,2,2,2,2,2
0.452876,0.007472,0.094027,0.012783,0.041715,0.025662,0.000000,0.039481,0.028473,0.010017,0.154543,0.030451,0.000000,0.005563,0.000000,0.002689,0,1,1,2,2,2,2
0.408008,0.002782,0.056601,0.011901,0.052227,0.028317,0.000000,0.060002,0.005230,0.009087,0.143309,0.030720,0.000000,0.005200,0.000000,0.002632,0,1,1,2,1,2,2
0.467583,0.003671,0.073333,0.008931,0.095037,0.028281,0.000000,0.052661,0.000000,0.008201,0.141986,0.036770,0.011114,0.006337,0.000000,0.001261,0,1,1,2,2,2,2
0.466469,0.006226,0.079557,0.004430,0.078983,0.025431,0.000000,0.041589,0.014532,0.011114,0.154433,0.032719,0.008223,0.007156,0.000000,0.002076,1,1,2,2,2,2,2
0.450606,0.002055,0.075796,0.011485,0.072899,0.026911,0.000000,0.056727,0.004750,0.008223,0.156254,0.030636,0.000000,0.003400,0.000000,0.001470,0,1,1,2,2,2,2
0.497754,0.005175,0.105602,0.005884,0.085053,0.023900,0.000000,0.058255,0.000000,0.009999,0.161320,0.023403,0.010021,0.006795,0.000000,0.002347,1,1,2,2,2,2,2
0.466375,0.007265,0.075452,0.009446,0.077459,0.029050,0.000000,0.048746,0.000857,0.010021,0.167603,0.031593,0.000000,0.007622,0.000000,0.001261,0,1,1,2,2,2,2
0.477413,0.005828,0.078972,0.008982,0.076304,0.023350,0.000000,0.061016,0.014542,0.010715,0.155305,0.029996,0.008926,0.002001,0.000000,0.001476,0,1,2,2,2,2,2
0.457165,0.004128,0.100168,0.008020,0.063044,0.025582,0.000000,0.040980,0.023623,0.008926,0.145259,0.027384,0.000000,0.006880,0.000000,0.003171,0,1,1,2,2,2,2
0.472400,0.005780,0.104505,0.012226,0.051573,0.020507,0.000000,0.059484,0.002883,0.008849,0.175994,0.022787,0.000000,0.004767,0.000000,0.003045,0,1,2,2,2,2,2
0.498868,0.005376,0.089069,0.008629,0.079588,0.022171,0.000000,0.060752,0.006354,0.008023,0.170133,0.030749,0.010471,0.004832,0.000000,0.002721,0,1,1,2,2,2,2
0.460286,0.004776,0.121092,0.008260,0.051073,0.027581,0.000000,0.039813,0.029497,0.010471,0.132136,0.028266,0.000000,0.006488,0.000000,0.000833,0,1,2,2,2,2,2
0.476610,0.006371,0.079877,0.010061,0.082990,0.025761,0.000000,0.042224,0.014304,0.010355,0.176014,0.024995,0.000000,0.001607,0.000000,0.002051,0,1,2,2,2,2,2
0.478843,0.007000,0.121127,0.008947,0.053432,0.022455,0.000000,0.043398,0.019236,0.008401,0.160166,0.026612,0.000000,0.007283,0.000000,0.000786,0,1,2,2,2,2,2
0.492690,0.007114,0.089757,0.011323,0.080260,0.023405,0.000000,0.052980,0.015479,0.009981,0.161047,0.021274,0.010597,0.006448,0.000000,0.003025,1,1,2,2,2,2,2
0.459797,0.004370,0.087353,0.013123,0.031997,0.027137,0.000000,0.065448,0.015493,0.010745,0.162321,0.034445,0.000000,0.007063,0.000000,0.000302,0,1,1,1,1,1,1
0.354633,0.003689,0.103125,0.008050,0.022124,0.027948,0.000000,0.050000,0.000000,0.010410,0.082659,0.028125,0.010799,0.006001,0.000000,0.001703,1,1,1,2,1,1,1
0.415967,0.004108,0.071270,0.009873,0.018726,0.027740,0.000000,0.052907,0.018417,0.010799,0.166852,0.027637,0.000000,0.005458,0.000000,0.002180,0,1,1,1,1,2,2
0.465043,0.001464,0.083235,0.007603,0.058489,0.027102,0.000000,0.045305,0.027622,0.011197,0.169771,0.027002,0.000000,0.002257,0.000000,0.003996,0,1,1,2,2,2,2
0.320102,0.004517,0.058588,0.013284,0.038893,0.021778,0.000000,0.043167,0.000000,0.011021,0.093551,0.028015,0.000000,0.005043,0.000000,0.002245,0,1,1,1,1,1,1
0.479070,0.002443,0.116613,0.014573,0.008242,0.024930,0.000000,0.056190,0.030590,0.008291,0.164573,0.034824,0.010000,0.005150,0.000000,0.002651,0,1,1,2,2,2,2
0.439038,0.003920,0.077917,0.007535,0.025090,0.022459,0.000000,0.060818,0.030176,0.010000,0.164464,0.028567,0.000000,0.006662,0.000000,0.001430,0,1,1,2,1,2,2
0.355446,0.005745,0.073432,0.010179,0.031459,0.028256,0.000000,0.044330,0.000000,0.010468,0.103574,0.038841,0.000000,0.006126,0.000000,0.003036,0,1,1,2,1,1,1
0.343287,0.004687,0.067558,0.013718,0.031678,0.023872,0.000000,0.056783,0.000000,0.009349,0.095835,0.033347,0.000000,0.004046,0.000000,0.002414,0,1,1,1,1,1,1
0.316592,0.002604,0.062998,0.012870,0.009973,0.021788,0.000000,0.056100,0.000000,0.009506,0.093390,0.037590,0.000000,0.007101,0.000000,0.002672,0,0,1,1,1,1,1
0.454553,0.003521,0.078169,0.009248,0.032759,0.029619,0.000000,0.054664,0.036871,0.010950,0.157965,0.029746,0.000000,0.007452,0.000000,0.003589,0,1,1,1,2,2,2
0.353833,0.003123,0.096918,0.011197,0.008463,0.031345,0.000000,0.052886,0.000000,0.010123,0.106349,0.027966,0.000000,0.004279,0.000000,0.001184,0,1,1,1,1,1,1
0.344951,0.005807,0.102826,0.010370,0.007691,0.028188,0.000000,0.057677,0.000000,0.010565,0.088638,0.022833,0.000000,0.008220,0.000000,0.002136,0,1,1,2,1,1,1
0.353448,0.007500,0.074986,0.013170,0.034094,0.029440,0.000000,0.044865,0.000000,0.010232,0.104266,0.027484,0.000000,0.004891,0.000000,0.002520,0,1,1,2,1,1,1
0.438180,0.006343,0.111285,0.012752,0.102095,0.025751,0.000000,0.067923,0.000000,0.008059,0.070101,0.026737,0.000000,0.005603,0.000000,0.001531,0,2,2,3,2,2,2
0.468039,0.007637,0.096442,0.006513,0.025665,0.028410,0.000000,0.047231,0.028407,0.010368,0.178585,0.027082,0.000000,0.008633,0.000000,0.003066,1,1,1,1,2,2,2
0.328502,0.004170,0.063187,0.008563,0.039228,0.025345,0.000000,0.060680,0.000000,0.009748,0.080292,0.029977,0.000000,0.004124,0.000000,0.003188,0,1,1,1,1,1,1
0.387733,0.006551,0.093694,0.012376,0.033178,0.019078,0.013821,0.047761,0.000000,0.010373,0.107208,0.036839,0.000000,0.004182,0.000000,0.002672,0,1,1,2,1,1,1
0.371291,0.005953,0.087829,0.009416,0.042232,0.028825,0.000000,0.052395,0.000000,0.009580,0.099115,0.032221,0.000000,0.002408,0.000000,0.001317,1,1,1,2,1,1,1
0.370238,0.006638,0.105036,0.006942,0.027419,0.028935,0.000000,0.045407,0.000000,0.009534,0.088728,0.035572,0.011260,0.001975,0.000000,0.002792,1,1,1,2,1,1,1
0.434555,0.005806,0.073150,0.011487,0.019014,0.024771,0.000000,0.060771,0.029315,0.011260,0.162716,0.027914,0.000000,0.005246,0.000000,0.003105,0,1,1,1,2,2,2
0.336273,0.005961,0.076185,0.008026,0.030389,0.028641,0.000000,0.056391,0.000000,0.008149,0.081725,0.033253,0.000000,0.004190,0.000000,0.003363,0,1,1,1,1,1,1
0.340713,0.001959,0.077234,0.013190,0.020790,0.016522,0.000000,0.041375,0.000000,0.009332,0.108986,0.035779,0.009525,0.005707,0.000000,0.000314,0,1,1,2,1,1,1
0.450099,0.003687,0.073942,0.008730,0.037376,0.024052,0.000000,0.053235,0.025449,0.009525,0.172132,0.032305,0.000000,0.007270,0.000000,0.002396,0,1,1,1,1,2,2
0.349227,0.002862,0.083196,0.011359,0.017174,0.032056,0.000000,0.030577,0.000000,0.008661,0.108666,0.035615,0.010772,0.006812,0.000000,0.001477,0,1,1,2,1,1,1
0.451773,0.004874,0.097248,0.007082,0.003441,0.024248,0.000000,0.069513,0.023320,0.010772,0.171816,0.033278,0.000000,0.003886,0.000000,0.002295,0,1,1,1,2,2,2
0.330791,0.006608,0.079958,0.009762,0.027768,0.020723,0.000000,0.066622,0.000000,0.009928,0.074122,0.026968,0.000000,0.007069,0.000000,0.001263,0,1,1,1,1,1,1
0.458078,0.005899,0.081924,0.011044,0.027401,0.027423,0.000000,0.041649,0.032699,0.009852,0.185483,0.031235,0.000000,0.002558,0.000000,0.000911,0,1,1,2,2,2,2
0.351539,0.003294,0.085789,0.013332,0.021355,0.025319,0.006949,0.062685,0.000000,0.010634,0.083214,0.031899,0.000000,0.005025,0.000000,0.002044,0,1,1,1,1,1,1
0.353555,0.007047,0.067034,0.008910,0.053656,0.022396,0.000000,0.055029,0.000000,0.011262,0.098186,0.022958,0.000000,0.005945,0.000000,0.001132,0,1,1,2,1,1,1
0.330403,0.005067,0.053305,0.005314,0.041714,0.029122,0.016377,0.053489,0.000000,0.008917,0.082912,0.027267,0.000000,0.004365,0.000000,0.002554,0,0,1,1,1,1,1
0.330805,0.003035,0.059198,0.007917,0.021891,0.025047,0.000000,0.055963,0.000000,0.011491,0.109511,0.026332,0.000000,0.008532,0.000000,0.001888,0,1,1,2,1,1,1
0.363872,0.003613,0.077276,0.013884,0.048655,0.023619,0.007710,0.051984,0.000000,0.009959,0.094175,0.028006,0.000000,0.002972,0.000000,0.002019,0,1,1,2,1,1,1
0.317125,0.006084,0.066152,0.010870,0.025827,0.027229,0.000000,0.039187,0.000000,0.010502,0.096062,0.028173,0.000000,0.004282,0.000000,0.002757,0,1,1,1,1,1,1
0.349011,0.004531,0.101932,0.014105,0.020184,0.019363,0.000000,0.046378,0.000000,0.009099,0.102395,0.024436,0.000000,0.005680,0.000000,0.000908,1,1,1,2,1,1,1
0.359622,0.004451,0.099688,0.012704,0.026292,0.032619,0.007644,0.056819,0.000000,0.008957,0.056983,0.032684,0.010877,0.006478,0.000000,0.003426,1,1,1,2,1,1,1
0.470258,0.007526,0.084575,0.008890,0.039398,0.028833,0.000000,0.043067,0.026722,0.010877,0.182267,0.034375,0.000000,0.003340,0.000000,0.000388,1,1,1,2,2,2,2
0.328926,0.005583,0.059579,0.009874,0.028798,0.017127,0.000000,0.045854,0.000000,0.009687,0.117449,0.025279,0.000000,0.006702,0.000000,0.002994,0,1,1,1,1,1,1
0.467447,0.007284,0.112788,0.008852,0.018724,0.024523,0.000000,0.057240,0.031630,0.009667,0.141923,0.036193,0.009671,0.007797,0.000000,0.001155,1,1,1,2,2,2,2
0.443418,0.003355,0.080458,0.008962,0.031158,0.028094,0.000000,0.031190,0.034153,0.009671,0.173739,0.033024,0.000000,0.007891,0.000000,0.001723,0,1,1,2,1,2,2
0.347006,0.003109,0.080243,0.005423,0.039112,0.033914,0.011267,0.051366,0.000000,0.008931,0.070333,0.027715,0.010668,0.003126,0.000000,0.001799,0,1,1,1,1,1,1
0.443909,0.006447,0.058250,0.011882,0.047663,0.022310,0.000000,0.068449,0.016220,0.010668,0.166700,0.030714,0.000000,0.003958,0.000000,0.000648,0,1,1,1,2,2,2
0.351114,0.005354,0.081561,0.012315,0.028317,0.027912,0.010012,0.049473,0.000000,0.010230,0.086292,0.031808,0.000000,0.004818,0.000000,0.003022,0,1,1,1,1,1,1
0.387243,0.005582,0.116413,0.005241,0.029098,0.026164,0.000000,0.034682,0.000000,0.008982,0.125410,0.028689,0.000000,0.003724,0.000000,0.003258,1,1,2,2,1,1,1
0.343077,0.008568,0.092857,0.011539,0.011081,0.022354,0.010095,0.033081,0.000000,0.009364,0.113165,0.027069,0.000000,0.002763,0.000000,0.001141,0,1,1,1,1,1,1
0.349491,0.004839,0.086625,0.008752,0.027079,0.017711,0.000000,0.044419,0.000000,0.010497,0.109516,0.030641,0.000000,0.006129,0.000000,0.003283,0,1,1,1,1,1,1
0.339990,0.006660,0.081730,0.006687,0.035935,0.024000,0.000000,0.053073,0.000000,0.011592,0.090824,0.020953,0.000000,0.005612,0.000000,0.002924,0,1,1,1,1,1,1
0.366607,0.003653,0.078045,0.009133,0.038884,0.019599,0.009944,0.045378,0.000000,0.011044,0.101934,0.031263,0.009464,0.005795,0.000000,0.002471,0,1,1,2,1,1,1
0.445223,0.007050,0.092942,0.009977,0.025895,0.027178,0.000000,0.055235,0.030532,0.009464,0.151449,0.026671,0.000000,0.007036,0.000000,0.001794,0,1,1,2,2,2,2
0.367287,0.004248,0.078059,0.009870,0.050039,0.026195,0.000000,0.051633,0.000000,0.009291,0.096321,0.033979,0.000000,0.007291,0.000000,0.000361,0,1,1,1,1,1,1
0.363038,0.003701,0.102951,0.009398,0.016794,0.017851,0.000000,0.051246,0.000000,0.011044,0.108336,0.034124,0.000000,0.005222,0.000000,0.002371,0,1,1,2,1,1,1
0.321887,0.007280,0.073814,0.006414,0.029826,0.021655,0.000000,0.041336,0.000000,0.009842,0.080953,0.031757,0.010231,0.006239,0.000000,0.002540,0,1,1,1,1,1,1
0.439367,0.001191,0.058728,0.014535,0.036798,0.020048,0.000000,0.061408,0.010458,0.010231,0.188908,0.030840,0.000000,0.002528,0.000000,0.003694,0,1,1,1,1,2,2
0.361427,0.007514,0.100951,0.006736,0.022296,0.026980,0.000000,0.059821,0.000000,0.009899,0.093320,0.026574,0.000000,0.004575,0.000000,0.002761,1,1,1,2,1,1,1
0.343911,0.001148,0.095795,0.013171,0.003224,0.027415,0.000000,0.054470,0.000000,0.009237,0.089164,0.032109,0.011338,0.005520,0.000000,0.001320,0,1,1,1,1,1,1
0.422175,0.004626,0.082471,0.006558,0.019250,0.027836,0.000000,0.055031,0.030931,0.011338,0.151741,0.025453,0.000000,0.005103,0.000000,0.001837,0,1,1,1,1,2,2
0.336048,0.007255,0.066261,0.005400,0.045244,0.023061,0.000000,0.037201,0.000000,0.008872,0.109247,0.028904,0.000000,0.002634,0.000000,0.001969,0,1,1,1,1,1,1
0.378696,0.002404,0.113128,0.011926,0.022091,0.028308,0.000000,0.042776,0.000000,0.010946,0.112053,0.027154,0.000000,0.005499,0.000000,0.002411,1,1,1,2,1,1,1
0.331433,0.006153,0.090697,0.010474,0.023136,0.021361,0.000000,0.043637,0.000000,0.010699,0.089340,0.020938,0.008428,0.005625,0.000000,0.000945,0,1,1,1,1,1,1
0.425124,0.005393,0.081746,0.013124,0.021822,0.022069,0.000000,0.059148,0.016046,0.008428,0.165055,0.026037,0.000000,0.003769,0.000000,0.002487,0,1,1,2,2,2,2
0.449313,0.003957,0.100724,0.008318,0.025663,0.029683,0.000000,0.053214,0.003607,0.009668,0.171733,0.034026,0.000000,0.006462,0.000000,0.002258,0,1,1,2,2,2,2
0.362816,0.006674,0.120324,0.014535,0.016244,0.022069,0.000000,0.046581,0.000000,0.008542,0.100754,0.020244,0.000000,0.004747,0.000000,0.002102,1,1,1,2,1,1,1
0.447408,0.005468,0.082365,0.011771,0.031458,0.021899,0.000000,0.064594,0.009931,0.010837,0.171161,0.031290,0.000000,0.004623,0.000000,0.002011,0,1,1,1,2,2,2
0.322337,0.003706,0.067254,0.006312,0.039714,0.020314,0.000000,0.059219,0.000000,0.009210,0.075508,0.034185,0.000000,0.004468,0.000000,0.002447,0,0,1,1,1,1,1
0.378596,0.006397,0.074585,0.009309,0.042670,0.024617,0.000000,0.039240,0.000000,0.009889,0.127227,0.037072,0.000000,0.005636,0.000000,0.001954,0,1,1,2,1,1,1
0.351608,0.003254,0.097896,0.011454,0.021112,0.025151,0.000000,0.042143,0.000000,0.011100,0.099626,0.032472,0.000000,0.005551,0.000000,0.001849,0,1,1,1,1,1,1
0.451588,0.003895,0.092416,0.010860,0.031415,0.027383,0.000000,0.050077,0.034225,0.011033,0.152199,0.029069,0.000000,0.005141,0.000000,0.003875,1,1,1,2,2,2,2
0.463576,0.003768,0.095106,0.015411,0.027974,0.024577,0.000000,0.069225,0.012551,0.010712,0.159591,0.036007,0.000000,0.007187,0.000000,0.001467,0,1,1,2,2,2,2
0.330819,0.004428,0.062028,0.007461,0.043576,0.025884,0.000000,0.061862,0.000000,0.009773,0.073658,0.032247,0.000000,0.008195,0.000000,0.001707,0,1,1,1,1,1,1
0.448566,0.003529,0.104446,0.012892,0.035450,0.024911,0.000000,0.054928,0.027628,0.010363,0.136616,0.030779,0.000000,0.005584,0.000000,0.001440,1,1,1,2,2,2,2
0.433778,0.005926,0.074817,0.011455,0.018212,0.022504,0.000000,0.055518,0.027427,0.008523,0.170005,0.033177,0.000000,0.005342,0.000000,0.000872,0,1,1,2,1,2,2
0.349052,0.004000,0.061233,0.007701,0.046516,0.018221,0.000000,0.046028,0.000000,0.009052,0.117114,0.031192,0.000000,0.007154,0.000000,0.000841,0,1,1,1,1,1,1
0.332682,0.006573,0.079439,0.011515,0.021425,0.034790,0.011004,0.057941,0.000000,0.009991,0.065664,0.026445,0.000000,0.005787,0.000000,0.002108,0,1,1,1,1,1,1
0.434499,0.003566,0.072831,0.008338,0.039578,0.025153,0.000000,0.050648,0.032086,0.011856,0.149530,0.034057,0.000000,0.004186,0.000000,0.002670,0,1,1,2,2,2,2
0.318610,0.002603,0.086595,0.010257,0.021439,0.023586,0.000000,0.039829,0.000000,0.008089,0.093719,0.023336,0.000000,0.007565,0.000000,0.001592,0,1,1,2,1,1,1
0.438210,0.002897,0.081190,0.012307,0.026012,0.025916,0.000000,0.048545,0.021152,0.008575,0.175828,0.029603,0.000000,0.003917,0.000000,0.002268,0,1,1,1,1,2,2
0.340867,0.007259,0.089972,0.012063,0.017599,0.026439,0.000000,0.049959,0.000000,0.009778,0.082541,0.026792,0.010965,0.005005,0.000000,0.002495,0,1,1,2,1,1,1
0.438384,0.005687,0.092653,0.009630,0.025507,0.021827,0.000000,0.054604,0.014824,0.010965,0.175022,0.022143,0.000000,0.003399,0.000000,0.002123,0,1,1,1,2,2,2
0.359376,0.003053,0.087926,0.011052,0.021016,0.027152,0.000000,0.055149,0.000000,0.010504,0.096953,0.037637,0.000000,0.007395,0.000000,0.001539,0,1,1,2,1,1,1
0.331708,0.003618,0.072877,0.006229,0.048182,0.027044,0.000000,0.038743,0.000000,0.010676,0.087585,0.030898,0.000000,0.005427,0.000000,0.000429,0,1,1,2,1,1,1
0.440753,0.006910,0.095352,0.010547,0.025936,0.023756,0.000000,0.057387,0.014331,0.010165,0.160347,0.031754,0.000000,0.001518,0.000000,0.002750,0,1,1,2,2,2,2
0.360761,0.003561,0.080023,0.005701,0.042584,0.025202,0.000000,0.049848,0.000000,0.011535,0.100555,0.033529,0.000000,0.005579,0.000000,0.002644,0,1,1,2,1,1,1
0.455771,0.002816,0.085954,0.010672,0.031136,0.026044,0.000000,0.062471,0.038670,0.010287,0.139196,0.039856,0.000000,0.007201,0.000000,0.001468,0,1,1,1,2,2,2
0.450763,0.002421,0.100879,0.012687,0.027844,0.027889,0.000000,0.053896,0.032838,0.009947,0.141545,0.031216,0.000000,0.006434,0.000000,0.003167,1,1,1,2,2,2,2
0.364405,0.005924,0.079699,0.010902,0.046536,0.022041,0.000000,0.041323,0.000000,0.010207,0.108484,0.031914,0.000000,0.006174,0.000000,0.001201,1,1,1,2,1,1,1
0.379740,0.003010,0.121410,0.008705,0.015360,0.022805,0.007715,0.048017,0.000000,0.009487,0.103501,0.032959,0.000000,0.004809,0.000000,0.001962,0,1,1,2,1,1,1
0.335631,0.008938,0.068029,0.010496,0.020649,0.024559,0.000000,0.040470,0.000000,0.010570,0.111166,0.031562,0.000000,0.006882,0.000000,0.002310,0,1,1,1,1,1,1
0.442527,0.004722,0.076633,0.007013,0.034402,0.023929,0.000000,0.053863,0.033758,0.011920,0.153511,0.032597,0.000000,0.007228,0.000000,0.002951,0,1,1,1,2,2,2
0.336589,0.008167,0.068792,0.006614,0.030643,0.022375,0.000000,0.054337,0.000000,0.009651,0.098850,0.031454,0.000000,0.003530,0.000000,0.002176,0,1,1,1,1,1,1
0.355018,0.005164,0.112162,0.011621,0.022598,0.031262,0.010844,0.056890,0.000000,0.011565,0.054755,0.032123,0.000000,0.003869,0.000000,0.002165,1,1,1,2,1,1,1
0.420632,0.004364,0.085845,0.005196,0.024197,0.027058,0.000000,0.051783,0.021305,0.010239,0.158556,0.028496,0.000000,0.002780,0.000000,0.000813,0,1,1,1,2,2,2
0.360529,0.007194,0.058873,0.012933,0.052958,0.028112,0.000000,0.038738,0.000000,0.011818,0.100546,0.031237,0.009475,0.005720,0.000000,0.002925,0,1,1,2,1,1,1
0.483148,0.004549,0.113743,0.007689,0.038253,0.024228,0.000000,0.064546,0.022206,0.009475,0.164111,0.029114,0.000000,0.003644,0.000000,0.001590,0,1,1,2,2,2,2
0.337527,0.004275,0.072081,0.009284,0.047606,0.020376,0.000000,0.054685,0.000000,0.010774,0.076595,0.033885,0.000000,0.005965,0.000000,0.002001,0,1,1,2,1,1,1
0.455311,0.005694,0.081241,0.007350,0.029434,0.021730,0.000000,0.052293,0.038254,0.011468,0.175709,0.024501,0.000000,0.004585,0.000000,0.003052,0,1,1,1,2,2,2
0.367975,0.005296,0.090897,0.013417,0.023649,0.022279,0.000000,0.039476,0.000000,0.009212,0.122526,0.030886,0.000000,0.006913,0.000000,0.003424,0,1,1,2,1,1,1
0.348302,0.004820,0.071003,0.012623,0.046195,0.017884,0.000000,0.044722,0.000000,0.010476,0.091649,0.037866,0.000000,0.008075,0.000000,0.002989,0,1,1,1,1,1,1
0.458245,0.004984,0.091075,0.012028,0.028778,0.020431,0.000000,0.048976,0.039960,0.010221,0.157633,0.027461,0.011718,0.004054,0.000000,0.000926,0,1,1,2,2,2,2
0.419044,0.004175,0.064476,0.009964,0.022958,0.026003,0.000000,0.056743,0.026614,0.011718,0.142625,0.034444,0.011559,0.006046,0.000000,0.001719,0,1,1,2,1,2,2
0.462085,0.004766,0.082536,0.014357,0.035962,0.020866,0.000000,0.060567,0.015147,0.011559,0.174420,0.036368,0.000000,0.004974,0.000000,0.000563,0,1,1,2,2,2,2
0.443958,0.008516,0.094776,0.008489,0.032177,0.026999,0.000000,0.054371,0.038266,0.010600,0.143750,0.023408,0.000000,0.002177,0.000000,0.000429,0,1,1,2,2,2,2
0.370343,0.006326,0.099455,0.010007,0.028661,0.032767,0.000000,0.059142,0.000000,0.009026,0.078260,0.029727,0.011181,0.003874,0.000000,0.001917,1,1,1,2,1,1,1
0.429390,0.002466,0.075072,0.012587,0.030146,0.032150,0.000000,0.043072,0.026699,0.011181,0.152316,0.033935,0.000000,0.007161,0.000000,0.002605,0,1,1,1,1,2,2
0.324350,0.002213,0.087947,0.007642,0.007341,0.030444,0.000000,0.066388,0.000000,0.009768,0.077702,0.031719,0.000000,0.003121,0.000000,0.000065,0,1,1,2,1,1,1
0.368796,0.006256,0.096607,0.011757,0.037382,0.026490,0.000000,0.048073,0.000000,0.010647,0.096085,0.030128,0.000000,0.004217,0.000000,0.001154,1,1,1,2,1,1,1
0.327973,0.002067,0.078447,0.013742,0.021001,0.023818,0.004944,0.035247,0.000000,0.010412,0.104172,0.027365,0.000000,0.003696,0.000000,0.003062,0,1,1,1,1,1,1
0.442276,0.006927,0.063571,0.015199,0.034514,0.033934,0.000000,0.065967,0.006707,0.010015,0.170080,0.029945,0.000000,0.003779,0.000000,0.001638,0,1,1,1,2,2,2
0.351692,0.003889,0.092550,0.011801,0.006989,0.028637,0.000000,0.052477,0.000000,0.008621,0.111217,0.028493,0.000000,0.004168,0.000000,0.002850,0,1,1,2,1,1,1
0.346427,0.008584,0.075974,0.012196,0.023777,0.022593,0.000000,0.062287,0.000000,0.010346,0.093052,0.033547,0.000000,0.002340,0.000000,0.001731,0,1,1,1,1,1,1
0.431181,0.003351,0.090560,0.010108,0.023571,0.028162,0.000000,0.060008,0.031071,0.009058,0.133755,0.033016,0.000000,0.005679,0.000000,0.002842,0,1,1,2,2,2,2
0.449520,0.002681,0.082294,0.007027,0.039411,0.030975,0.000000,0.057151,0.010594,0.008804,0.173766,0.029548,0.000000,0.006786,0.000000,0.000483,0,1,1,2,2,2,2
0.366848,0.005299,0.081457,0.011708,0.039547,0.024120,0.000000,0.064597,0.000000,0.010965,0.083198,0.028074,0.010903,0.004397,0.000000,0.002583,1,1,1,2,1,1,1
0.441456,0.003754,0.082215,0.015178,0.037949,0.032422,0.000000,0.057175,0.021612,0.010903,0.136376,0.037253,0.000000,0.004376,0.000000,0.002243,0,1,1,2,2,2,2
0.448045,0.006170,0.087949,0.007247,0.026004,0.022123,0.000000,0.058347,0.035365,0.009536,0.160009,0.027293,0.000000,0.006931,0.000000,0.001071,0,1,1,2,2,2,2
0.352912,0.004290,0.104831,0.013877,0.011062,0.029603,0.000000,0.055071,0.000000,0.009353,0.073767,0.038731,0.008715,0.002731,0.000000,0.000881,1,1,1,2,1,1,1
0.410822,0.007745,0.034522,0.011688,0.050647,0.023905,0.000000,0.051397,0.028021,0.008715,0.153698,0.023896,0.010250,0.004389,0.000000,0.001949,0,1,1,1,1,2,2
0.471656,0.006809,0.089698,0.009159,0.027982,0.021378,0.000000,0.064471,0.008539,0.010250,0.183241,0.031286,0.011316,0.005281,0.000000,0.002246,0,1,1,2,2,2,2
0.450954,0.005891,0.106315,0.007375,0.021220,0.030067,0.000000,0.058166,0.027340,0.011316,0.153590,0.023193,0.000000,0.002555,0.000000,0.003926,1,1,1,2,2,2,2
0.431809,0.006286,0.072460,0.012100,0.017617,0.034508,0.000000,0.058106,0.014855,0.010347,0.167268,0.031026,0.000000,0.005605,0.000000,0.001631,0,1,1,2,1,2,2
0.322418,0.008245,0.074324,0.014918,0.019200,0.020031,0.000000,0.036940,0.000000,0.009188,0.099260,0.031535,0.000000,0.006751,0.000000,0.002026,0,1,1,1,1,1,1
0.329692,0.003620,0.071228,0.012765,0.019176,0.020170,0.000000,0.036998,0.000000,0.009809,0.125007,0.023086,0.000000,0.004901,0.000000,0.002932,0,1,1,1,1,1,1
0.326392,0.006340,0.074875,0.011210,0.028773,0.022581,0.000000,0.055312,0.000000,0.009932,0.081527,0.027697,0.000000,0.005832,0.000000,0.002313,0,1,1,1,1,1,1
0.349981,0.004848,0.080362,0.013338,0.021593,0.029356,0.000000,0.054063,0.000000,0.008957,0.093465,0.035515,0.000000,0.007285,0.000000,0.001199,0,1,1,2,1,1,1
0.375071,0.003886,0.116357,0.011500,0.021189,0.026402,0.000000,0.053787,0.000000,0.010370,0.087297,0.030890,0.009643,0.001031,0.000000,0.002719,0,1,1,2,1,1,1
0.423563,0.004393,0.096318,0.010253,0.018935,0.026671,0.000000,0.064259,0.010622,0.009643,0.157306,0.020726,0.000000,0.002968,0.000000,0.001469,0,1,1,1,2,2,2
0.479115,0.004129,0.116864,0.011786,0.023823,0.026156,0.000000,0.054913,0.019392,0.009100,0.179797,0.027873,0.000000,0.003545,0.000000,0.001737,1,1,1,2,2,2,2
0.334944,0.006325,0.100960,0.004876,0.006028,0.021230,0.009608,0.054472,0.000000,0.008439,0.081016,0.034792,0.000000,0.005687,0.000000,0.001511,0,1,1,2,1,1,1
0.410838,0.008144,0.038334,0.009323,0.038095,0.028775,0.000000,0.053836,0.026157,0.009424,0.161061,0.030007,0.000000,0.005923,0.000000,0.001759,0,0,1,1,1,2,2
0.331016,0.007428,0.083411,0.010470,0.029751,0.022784,0.000000,0.069298,0.000000,0.010219,0.063556,0.031366,0.000000,0.002519,0.000000,0.000214,0,1,1,1,1,1,1
0.466230,0.003467,0.076291,0.011092,0.048712,0.018235,0.000000,0.049851,0.023649,0.011184,0.178945,0.037518,0.000000,0.003442,0.000000,0.003844,0,1,1,1,2,2,2
0.374902,0.006480,0.094975,0.007667,0.026012,0.030540,0.010558,0.046381,0.000000,0.009546,0.088059,0.035360,0.010244,0.005399,0.000000,0.003681,0,1,1,2,1,1,1
0.469613,0.006309,0.115343,0.010972,0.001861,0.032528,0.000000,0.056183,0.033940,0.010244,0.160098,0.033099,0.000000,0.005772,0.000000,0.003264,1,1,1,2,2,2,2
0.344856,0.005808,0.092045,0.013074,0.031774,0.021199,0.000000,0.054712,0.000000,0.011000,0.075096,0.020397,0.010639,0.005814,0.000000,0.003298,1,1,1,2,1,1,1
0.471903,0.002855,0.099310,0.009987,0.031590,0.032258,0.000000,0.034493,0.015020,0.010639,0.196501,0.032174,0.000000,0.005712,0.000000,0.001364,0,1,1,2,2,2,2
0.352241,0.004115,0.079207,0.008409,0.046786,0.025114,0.000000,0.062296,0.000000,0.010159,0.078392,0.030042,0.000000,0.006127,0.000000,0.001594,0,1,1,2,1,1,1
0.309246,0.006546,0.065976,0.012214,0.015637,0.026955,0.000000,0.045768,0.000000,0.010172,0.097284,0.025301,0.000000,0.002223,0.000000,0.001170,0,1,1,1,1,1,1
0.329453,0.003713,0.079540,0.013223,0.023466,0.017264,0.000000,0.056562,0.000000,0.009208,0.090951,0.032231,0.000000,0.002466,0.000000,0.000829,0,1,1,1,1,1,1
0.363753,0.003768,0.099946,0.007125,0.040434,0.026323,0.000000,0.062891,0.000000,0.010813,0.064308,0.032883,0.009990,0.002578,0.000000,0.002694,0,1,1,2,1,1,1
0.483451,0.007494,0.105175,0.012147,0.027627,0.028885,0.000000,0.057241,0.010823,0.009990,0.174098,0.032269,0.008814,0.006209,0.000000,0.002679,1,1,1,2,2,2,2
0.433992,0.005579,0.079168,0.007832,0.031354,0.025445,0.000000,0.055067,0.030304,0.008814,0.152643,0.023832,0.008233,0.003715,0.000000,0.002006,0,1,1,2,1,2,2
0.424752,0.004198,0.070675,0.007618,0.040767,0.030424,0.000000,0.053260,0.014683,0.008233,0.167280,0.022752,0.000000,0.003436,0.000000,0.001426,0,1,1,2,2,2,2
0.349928,0.007282,0.062049,0.005013,0.060918,0.025867,0.000000,0.034955,0.000000,0.009551,0.103199,0.030580,0.000000,0.008196,0.000000,0.002318,0,1,1,2,1,1,1
0.338782,0.005261,0.089289,0.008826,0.016357,0.027545,0.000000,0.040359,0.000000,0.010586,0.102435,0.030900,0.000000,0.004081,0.000000,0.003143,0,1,1,2,1,1,1
0.454695,0.004532,0.089719,0.010854,0.022230,0.023996,0.000000,0.056028,0.027921,0.011001,0.170340,0.028184,0.000000,0.006117,0.000000,0.003773,0,1,1,2,2,2,2
0.361400,0.003986,0.078950,0.008351,0.037217,0.030374,0.000000,0.054209,0.000000,0.009452,0.096598,0.036626,0.000000,0.003527,0.000000,0.002110,0,1,1,2,1,1,1
0.338772,0.005343,0.060492,0.011167,0.017349,0.019638,0.000000,0.044347,0.000000,0.008433,0.129269,0.034536,0.000000,0.006312,0.000000,0.001886,0,0,1,1,1,1,1
0.315812,0.003500,0.053282,0.007161,0.029647,0.020741,0.000000,0.053858,0.000000,0.009209,0.099804,0.033745,0.000000,0.003693,0.000000,0.001172,0,1,1,1,1,1,1
0.438462,0.004493,0.092684,0.012091,0.028364,0.031796,0.000000,0.046920,0.031556,0.010937,0.147102,0.026863,0.000000,0.004671,0.000000,0.000985,0,1,1,1,2,2,2
0.445735,0.003784,0.101749,0.011609,0.018858,0.027951,0.000000,0.054855,0.021339,0.010147,0.162536,0.026962,0.000000,0.005714,0.000000,0.000231,1,1,1,2,2,2,2
0.318105,0.005092,0.051443,0.004672,0.047684,0.025374,0.000000,0.030843,0.000000,0.010753,0.104840,0.031140,0.000000,0.004402,0.000000,0.001862,0,1,1,1,1,1,1
0.370758,0.005011,0.080610,0.012032,0.039584,0.032790,0.000000,0.049609,0.000000,0.010269,0.088226,0.032327,0.011193,0.006454,0.000000,0.002653,1,1,1,2,1,1,1
0.457063,0.008699,0.095839,0.007929,0.028129,0.028216,0.000000,0.053182,0.028805,0.011193,0.156016,0.031400,0.000000,0.003732,0.000000,0.003923,0,1,1,2,2,2,2
0.324020,0.004037,0.071110,0.007438,0.027147,0.022450,0.000000,0.064155,0.000000,0.010567,0.082588,0.027546,0.000000,0.005889,0.000000,0.001093,0,1,1,1,1,1,1
0.447795,0.005009,0.070582,0.009134,0.026182,0.028549,0.000000,0.056602,0.027076,0.008946,0.176041,0.030536,0.000000,0.006188,0.000000,0.002950,0,1,1,1,1,2,2
0.325084,0.005460,0.073934,0.009710,0.031082,0.022663,0.007344,0.055753,0.000000,0.009919,0.075074,0.029326,0.000000,0.003664,0.000000,0.001155,0,1,1,1,1,1,1
0.325781,0.005471,0.075357,0.011566,0.029548,0.022923,0.000000,0.056307,0.000000,0.010050,0.083584,0.026874,0.000000,0.002756,0.000000,0.001345,0,1,1,2,1,1,1
0.437562,0.006043,0.076913,0.009164,0.032550,0.025019,0.000000,0.051400,0.025293,0.010905,0.169580,0.028243,0.000000,0.001433,0.000000,0.001019,0,1,1,1,1,2,2
0.377181,0.006906,0.118687,0.011685,0.026314,0.027606,0.000000,0.064683,0.000000,0.008759,0.085376,0.021864,0.000000,0.003334,0.000000,0.001967,1,1,1,2,1,1,1
0.353913,0.001625,0.083142,0.009135,0.033262,0.022229,0.000000,0.048717,0.000000,0.010498,0.108137,0.027959,0.000000,0.006945,0.000000,0.002264,0,1,1,2,1,1,1
0.330630,0.003603,0.064089,0.010317,0.045504,0.021710,0.000000,0.056118,0.000000,0.009926,0.087230,0.025094,0.000000,0.005850,0.000000,0.001189,0,1,1,1,1,1,1
0.466006,0.002983,0.105668,0.004757,0.045750,0.023049,0.000000,0.056689,0.024766,0.008430,0.156966,0.030408,0.000000,0.004265,0.000000,0.002275,1,1,1,2,2,2,2
0.349258,0.001869,0.099897,0.012882,0.014591,0.028742,0.000000,0.055954,0.000000,0.009452,0.088744,0.032112,0.000000,0.004062,0.000000,0.000953,0,1,1,2,1,1,1
0.342023,0.004574,0.089474,0.010176,0.028285,0.023842,0.000000,0.048608,0.000000,0.008495,0.083649,0.031365,0.008738,0.003656,0.000000,0.001161,0,1,1,2,1,1,1
0.462319,0.004796,0.095414,0.008775,0.026628,0.031871,0.000000,0.042772,0.022052,0.008738,0.180914,0.034376,0.000000,0.004160,0.000000,0.001823,0,1,1,2,2,2,2
0.337332,0.005201,0.101188,0.009085,0.019037,0.018401,0.000000,0.039092,0.000000,0.010125,0.095314,0.031011,0.000000,0.006827,0.000000,0.002051,1,1,1,2,1,1,1
0.442946,0.005240,0.073443,0.012322,0.007082,0.024139,0.000000,0.048670,0.032706,0.008988,0.180199,0.032218,0.009696,0.004850,0.000000,0.003393,0,1,1,1,1,2,2
0.466839,0.003970,0.090248,0.005585,0.044201,0.022701,0.000000,0.065787,0.027062,0.009696,0.150981,0.031054,0.010431,0.003040,0.000000,0.002083,1,1,1,2,2,2,2
0.413173,0.005868,0.088512,0.009257,0.005899,0.023490,0.000000,0.057693,0.030825,0.010431,0.150216,0.021067,0.000000,0.007587,0.000000,0.002328,0,1,1,2,1,2,2
0.439990,0.004488,0.077314,0.012031,0.026162,0.024404,0.000000,0.048431,0.019615,0.009849,0.169919,0.031077,0.009548,0.004239,0.000000,0.002913,0,1,1,2,1,2,2
0.468576,0.005981,0.109017,0.006232,0.016948,0.033764,0.000000,0.066528,0.019147,0.009548,0.157770,0.038890,0.000000,0.002706,0.000000,0.002045,0,1,1,2,2,2,2
0.321105,0.003403,0.097043,0.006452,0.091557,0.026178,0.000000,0.050226,0.000000,0.008187,0.000000,0.029236,0.000000,0.006017,0.000000,0.002806,0,2,2,2,1,1,1
0.425335,0.007033,0.086774,0.010121,0.091202,0.027031,0.000000,0.044487,0.000000,0.010321,0.111243,0.028714,0.000000,0.005088,0.000000,0.003321,1,1,2,2,1,2,2
0.427849,0.006118,0.098311,0.007452,0.085148,0.015401,0.000000,0.057511,0.000000,0.011060,0.108963,0.032612,0.000000,0.004615,0.000000,0.000658,0,1,2,2,1,2,2
0.389883,0.002476,0.061503,0.014712,0.092105,0.019694,0.000000,0.042373,0.000000,0.009276,0.112647,0.032080,0.000000,0.001322,0.000000,0.001695,0,1,1,2,1,1,1
0.402822,0.003425,0.064827,0.009926,0.091897,0.034683,0.000000,0.065539,0.000000,0.008471,0.082983,0.032882,0.000000,0.006101,0.000000,0.002088,0,1,1,2,1,1,1
0.320637,0.004698,0.102342,0.012453,0.082097,0.028223,0.000000,0.049666,0.000000,0.008619,0.000000,0.025416,0.000000,0.005109,0.000000,0.002014,1,2,2,3,1,1,1
0.400521,0.008998,0.059969,0.008711,0.085145,0.026472,0.000000,0.048682,0.000000,0.009706,0.108956,0.035074,0.000000,0.007762,0.000000,0.001046,0,1,2,2,1,1,2
0.414299,0.007834,0.069886,0.007645,0.083139,0.029188,0.000000,0.055119,0.000000,0.008791,0.107054,0.037167,0.000000,0.004828,0.000000,0.003648,0,1,1,2,1,1,1
0.363245,0.003358,0.110277,0.006747,0.094816,0.030405,0.000000,0.066810,0.000000,0.010463,0.000000,0.032162,0.000000,0.007776,0.000000,0.000431,1,2,2,2,1,1,1
0.411321,0.005234,0.080282,0.013212,0.084600,0.025899,0.000000,0.037013,0.000000,0.010802,0.114793,0.036294,0.000000,0.002892,0.000000,0.000300,0,1,2,2,1,2,2
0.405418,0.008196,0.063492,0.014775,0.091402,0.017929,0.000000,0.063862,0.000000,0.011481,0.091500,0.034723,0.000000,0.005580,0.000000,0.002478,0,1,2,2,1,2,2
0.445295,0.006693,0.113353,0.004253,0.089447,0.033145,0.000000,0.053569,0.000000,0.010329,0.089229,0.038265,0.000000,0.005921,0.000000,0.001091,0,2,2,3,2,2,2
0.502520,0.006696,0.085044,0.006484,0.093143,0.033215,0.000000,0.057830,0.029301,0.011111,0.148734,0.024601,0.000000,0.004715,0.000000,0.001646,0,1,2,2,2,2,2
0.416187,0.003969,0.092356,0.013088,0.078365,0.030379,0.000000,0.053473,0.000000,0.009660,0.104181,0.021921,0.000000,0.008461,0.000000,0.000334,0,1,2,3,1,2,2
0.432120,0.006217,0.089911,0.007098,0.079116,0.025450,0.000000,0.051967,0.000000,0.008525,0.123668,0.036254,0.000000,0.002746,0.000000,0.001168,0,1,2,2,1,1,2
0.322715,0.006119,0.092871,0.009675,0.074166,0.015943,0.000000,0.039245,0.000000,0.010216,0.030530,0.039035,0.000000,0.003510,0.000000,0.001405,0,2,2,2,1,1,1
0.421918,0.002353,0.087536,0.013826,0.089729,0.027919,0.000000,0.053109,0.000000,0.010669,0.096015,0.034983,0.000000,0.004610,0.000000,0.001169,0,1,2,2,1,2,2
0.307534,0.008909,0.102640,0.010264,0.075906,0.018506,0.000000,0.046408,0.000000,0.008565,0.000000,0.027833,0.000000,0.007005,0.000000,0.001498,0,2,2,2,1,1,1
0.381142,0.005747,0.065478,0.014803,0.072597,0.018613,0.000000,0.058086,0.000000,0.010977,0.101008,0.027129,0.000000,0.002963,0.000000,0.003741,0,1,1,2,1,1,1
0.418968,0.004762,0.086627,0.010654,0.091728,0.019712,0.000000,0.044911,0.000000,0.010364,0.120036,0.021846,0.000000,0.006034,0.000000,0.002294,0,1,2,2,1,2,2
0.377983,0.007764,0.063710,0.014701,0.086800,0.032551,0.000000,0.049543,0.000000,0.010011,0.084819,0.020763,0.000000,0.005889,0.000000,0.001432,0,1,1,2,1,1,1
0.406868,0.008922,0.085067,0.004617,0.104281,0.030641,0.000000,0.059140,0.000000,0.009635,0.074593,0.025926,0.000000,0.002650,0.000000,0.001396,0,2,2,2,1,2,2
0.533770,0.004727,0.086647,0.015035,0.099069,0.028099,0.000000,0.061575,0.009813,0.010469,0.165545,0.037729,0.008776,0.002740,0.000000,0.003546,0,1,2,2,2,2,2
0.508518,0.006940,0.068937,0.011237,0.084008,0.020299,0.000000,0.067894,0.028473,0.008776,0.170254,0.033954,0.000000,0.006604,0.000000,0.001142,0,1,2,2,2,2,2
0.418387,0.007082,0.105869,0.012768,0.077713,0.027089,0.000000,0.045976,0.000000,0.009889,0.094824,0.029273,0.000000,0.007030,0.000000,0.000874,1,2,2,3,1,2,2
0.425231,0.004274,0.092904,0.009761,0.068004,0.026199,0.000000,0.056964,0.000000,0.009637,0.105148,0.034703,0.010441,0.003845,0.000000,0.003351,0,1,2,2,1,2,2
0.507227,0.005732,0.081857,0.013195,0.085430,0.034774,0.000000,0.052178,0.034622,0.010441,0.143512,0.029745,0.010076,0.001771,0.000000,0.003894,0,1,2,2,2,2,2
0.495927,0.003183,0.089284,0.009290,0.082577,0.024118,0.000000,0.056290,0.025823,0.010076,0.152946,0.027910,0.011407,0.001224,0.000000,0.001799,0,1,2,2,2,2,2
0.513874,0.003188,0.078423,0.007710,0.093237,0.027471,0.000000,0.056407,0.019127,0.011407,0.176276,0.035629,0.000000,0.002741,0.000000,0.002258,0,1,2,2,2,2,2
0.408109,0.004514,0.091671,0.010407,0.079271,0.029201,0.000000,0.052757,0.000000,0.010877,0.097496,0.023887,0.000000,0.006251,0.000000,0.001777,0,1,2,2,1,2,2
0.415255,0.003935,0.087919,0.008612,0.085709,0.024886,0.000000,0.043604,0.000000,0.010360,0.099663,0.037104,0.008391,0.002898,0.000000,0.002174,0,1,2,2,1,2,2
0.512106,0.005347,0.080171,0.010885,0.092618,0.025935,0.005619,0.063259,0.017800,0.008391,0.161922,0.036008,0.000000,0.002966,0.000000,0.001185,0,1,2,2,2,2,2
0.425426,0.004400,0.093906,0.010210,0.074622,0.021156,0.000000,0.054732,0.000000,0.009634,0.121908,0.028929,0.000000,0.003857,0.000000,0.002072,1,1,2,3,1,2,2
0.372434,0.005644,0.065072,0.010482,0.082057,0.027325,0.000000,0.049705,0.000000,0.010515,0.092725,0.021464,0.000000,0.003965,0.000000,0.003480,0,1,1,2,1,1,1
0.507641,0.003675,0.095406,0.011260,0.088803,0.028326,0.009926,0.056832,0.007417,0.010450,0.155103,0.029816,0.000000,0.007506,0.000000,0.003121,1,1,2,2,2,2,2
0.405774,0.004374,0.060515,0.008537,0.096153,0.020486,0.000000,0.064415,0.000000,0.009877,0.101164,0.034277,0.000000,0.004252,0.000000,0.001724,0,1,1,2,1,1,1
0.386372,0.004324,0.081390,0.012639,0.067808,0.021989,0.000000,0.051422,0.000000,0.008560,0.104567,0.028160,0.000000,0.002071,0.000000,0.003442,0,1,1,2,1,1,1
0.385352,0.003598,0.066535,0.008530,0.093011,0.028624,0.000000,0.052812,0.000000,0.009525,0.078805,0.034898,0.000000,0.006856,0.000000,0.002158,0,1,1,2,1,2,2
0.443224,0.004027,0.108702,0.009016,0.077620,0.023190,0.000000,0.048008,0.000000,0.010409,0.118328,0.038410,0.000000,0.003139,0.000000,0.002375,0,2,2,2,1,2,2
0.413053,0.006998,0.067678,0.008874,0.086839,0.016933,0.000000,0.034068,0.000000,0.009279,0.134811,0.036634,0.000000,0.008557,0.000000,0.002382,0,1,1,2,1,1,1
0.442492,0.005268,0.107280,0.007318,0.083266,0.019517,0.000000,0.057598,0.000000,0.009474,0.114400,0.031430,0.000000,0.004243,0.000000,0.002698,0,2,2,2,2,2,2
0.400190,0.007574,0.070638,0.011980,0.086155,0.022053,0.000000,0.036806,0.000000,0.009660,0.112538,0.038448,0.000000,0.003843,0.000000,0.000495,0,1,1,2,1,2,2
0.395772,0.006949,0.078057,0.010913,0.085218,0.017332,0.000000,0.054072,0.000000,0.009967,0.093085,0.034753,0.000000,0.003097,0.000000,0.002329,0,1,2,2,1,2,2
0.405472,0.003283,0.080299,0.010909,0.083249,0.026667,0.000000,0.044703,0.000000,0.008072,0.108611,0.034348,0.000000,0.004509,0.000000,0.000822,0,1,1,2,1,1,2
0.490735,0.006413,0.082149,0.011905,0.078416,0.028290,0.000000,0.067938,0.031504,0.008887,0.137419,0.030911,0.000000,0.005103,0.000000,0.001800,0,1,2,2,2,2,2
0.506893,0.005701,0.083463,0.015147,0.073025,0.021141,0.000000,0.057965,0.033369,0.008543,0.169239,0.032950,0.000000,0.003439,0.000000,0.002911,0,1,2,2,2,2,2
0.391402,0.005925,0.099468,0.008521,0.069846,0.025463,0.000000,0.049005,0.000000,0.011343,0.085467,0.030657,0.000000,0.003285,0.000000,0.002422,0,1,2,2,1,1,1
0.446413,0.005834,0.123703,0.006874,0.074073,0.026532,0.000000,0.046548,0.000000,0.010128,0.114330,0.029717,0.000000,0.005649,0.000000,0.003025,1,2,2,2,2,2,2
0.385253,0.007035,0.088223,0.014221,0.083524,0.018218,0.000000,0.041144,0.000000,0.008686,0.095799,0.022560,0.000000,0.004404,0.000000,0.001439,0,1,2,2,1,1,1
0.502300,0.005060,0.086628,0.009310,0.090320,0.020387,0.000000,0.057425,0.014684,0.010563,0.166999,0.033491,0.000000,0.004864,0.000000,0.002569,0,1,2,2,2,2,2
0.518086,0.002985,0.095026,0.006569,0.087352,0.030103,0.000000,0.059482,0.021687,0.011165,0.166131,0.028572,0.000000,0.006175,0.000000,0.002839,0,1,2,2,2,2,2
0.488274,0.003569,0.060862,0.007681,0.099515,0.024612,0.000000,0.054765,0.032593,0.009102,0.162388,0.028420,0.000000,0.003978,0.000000,0.000789,0,1,1,2,2,2,2
0.395462,0.005073,0.061047,0.008116,0.090232,0.022006,0.000000,0.035550,0.000000,0.010669,0.129243,0.025500,0.000000,0.007529,0.000000,0.000497,0,1,1,2,1,1,1
0.378230,0.006472,0.066034,0.009379,0.090582,0.026214,0.000000,0.061175,0.000000,0.009996,0.074427,0.030237,0.000000,0.003330,0.000000,0.000384,0,1,1,2,1,1,1
0.412629,0.008779,0.102517,0.010358,0.078164,0.030685,0.000000,0.052136,0.000000,0.010812,0.079969,0.030137,0.000000,0.005475,0.000000,0.003597,0,2,2,2,1,2,2
0.485871,0.006758,0.053780,0.009588,0.093577,0.025741,0.000000,0.060848,0.026350,0.010488,0.174322,0.020391,0.000000,0.002494,0.000000,0.001534,0,1,1,2,2,2,2
0.385282,0.004922,0.078925,0.008512,0.073768,0.033141,0.000000,0.048217,0.000000,0.011100,0.080848,0.033449,0.010299,0.001273,0.000000,0.000828,0,1,1,2,1,1,1
0.494537,0.004895,0.087664,0.012084,0.065150,0.023550,0.000000,0.061089,0.019750,0.010299,0.163930,0.027009,0.008937,0.007670,0.000000,0.002510,0,1,2,2,2,2,2
0.537930,0.004772,0.064756,0.009927,0.096738,0.026747,0.000000,0.057131,0.018690,0.008937,0.190770,0.039938,0.010191,0.007214,0.000000,0.002119,0,1,1,2,2,2,2
0.553893,0.003629,0.113223,0.013454,0.077580,0.029608,0.012462,0.065832,0.036615,0.010191,0.150358,0.033114,0.000000,0.006221,0.000000,0.001606,0,2,2,2,2,2,2
0.331243,0.004445,0.128628,0.008439,0.074198,0.016991,0.000000,0.041255,0.000000,0.011063,0.010610,0.031181,0.000000,0.002521,0.000000,0.001912,0,2,2,2,1,1,1
0.409302,0.004539,0.095461,0.008287,0.078325,0.020979,0.000000,0.053235,0.000000,0.008629,0.101790,0.027723,0.000000,0.007471,0.000000,0.002863,1,1,2,2,1,2,2
0.407955,0.007844,0.078268,0.008432,0.080674,0.022171,0.000000,0.064199,0.000000,0.010094,0.099656,0.027122,0.000000,0.006374,0.000000,0.003121,0,1,2,2,1,1,1
0.308803,0.005027,0.088871,0.009447,0.077058,0.028167,0.000000,0.052047,0.000000,0.008755,0.002383,0.032436,0.000000,0.003026,0.000000,0.001586,0,1,2,2,1,1,1
0.424002,0.005746,0.073908,0.014193,0.096417,0.018433,0.000000,0.051990,0.000000,0.009654,0.099876,0.035724,0.010403,0.005761,0.000000,0.001897,0,1,1,2,1,2,2
0.411143,0.004436,0.085968,0.006632,0.092570,0.028611,0.000000,0.030829,0.000000,0.009379,0.122555,0.027402,0.000000,0.001934,0.000000,0.000827,0,1,2,2,1,2,2
0.419856,0.003587,0.090589,0.007836,0.100890,0.028469,0.000000,0.036264,0.000000,0.010345,0.110955,0.024203,0.000000,0.004714,0.000000,0.002004,0,1,2,3,1,2,2
0.408726,0.002316,0.102886,0.004675,0.074536,0.023360,0.000000,0.058523,0.000000,0.009597,0.088294,0.038539,0.000000,0.003426,0.000000,0.002574,1,2,2,2,1,2,2
0.524130,0.005916,0.102947,0.008848,0.077092,0.027450,0.000000,0.052172,0.031673,0.009828,0.169173,0.028807,0.000000,0.006526,0.000000,0.003698,1,1,2,2,2,2,2
0.422047,0.003480,0.100789,0.006779,0.085075,0.031186,0.000000,0.041733,0.000000,0.009129,0.101924,0.033431,0.000000,0.006514,0.000000,0.002007,1,1,2,3,1,2,2
0.375562,0.007605,0.066018,0.011464,0.075428,0.026243,0.000000,0.052989,0.000000,0.010090,0.094475,0.026386,0.000000,0.002148,0.000000,0.002716,0,1,1,2,1,1,1
0.328864,0.003272,0.108455,0.007862,0.087765,0.031113,0.000000,0.048481,0.000000,0.011005,0.001092,0.024759,0.000000,0.003747,0.000000,0.001313,0,2,2,2,1,1,1
0.393070,0.003644,0.082818,0.009445,0.068442,0.027151,0.000000,0.055617,0.000000,0.009036,0.084746,0.033928,0.008636,0.007352,0.000000,0.002255,0,1,1,2,1,1,1
0.496640,0.007073,0.064275,0.009576,0.083758,0.023642,0.008534,0.048363,0.030475,0.008636,0.175038,0.030674,0.000000,0.003843,0.000000,0.002753,0,1,2,2,2,2,2
0.407695,0.004425,0.080839,0.008785,0.079221,0.027985,0.000000,0.059604,0.000000,0.009248,0.096160,0.030624,0.000000,0.007343,0.000000,0.003461,0,1,2,2,1,1,1
0.395747,0.003989,0.081099,0.009811,0.091006,0.021724,0.000000,0.043890,0.000000,0.009712,0.089509,0.028575,0.010121,0.004811,0.000000,0.001500,0,1,2,2,1,1,1
0.490835,0.003783,0.079500,0.008397,0.089109,0.023701,0.000000,0.051336,0.023889,0.010121,0.162679,0.029922,0.000000,0.006475,0.000000,0.001923,0,1,1,2,2,2,2
0.396153,0.004443,0.081621,0.015398,0.087367,0.025694,0.000000,0.053738,0.000000,0.011429,0.083448,0.029346,0.000000,0.002726,0.000000,0.000943,0,1,2,2,1,1,1
0.400419,0.006781,0.080936,0.009748,0.088021,0.025858,0.000000,0.048410,0.000000,0.010174,0.095117,0.031176,0.000000,0.003956,0.000000,0.000242,0,1,2,2,1,1,1
0.405773,0.003450,0.088958,0.010854,0.082747,0.021463,0.000000,0.068942,0.000000,0.009821,0.091577,0.023485,0.000000,0.002757,0.000000,0.001719,0,1,2,2,1,1,1
0.494589,0.002905,0.090802,0.009549,0.094028,0.034221,0.000000,0.060687,0.013251,0.010005,0.143172,0.030376,0.000000,0.003007,0.000000,0.002586,0,1,2,2,2,2,2
0.510832,0.004409,0.088407,0.012888,0.090014,0.017893,0.012897,0.055964,0.012980,0.011186,0.161398,0.034214,0.000000,0.006018,0.000000,0.002564,0,2,2,2,2,2,2
0.503122,0.004943,0.097000,0.012188,0.076121,0.020874,0.011669,0.055774,0.029928,0.010295,0.137936,0.028603,0.010539,0.006357,0.000000,0.000895,0,1,2,2,2,2,2
0.518451,0.005235,0.093647,0.011009,0.081787,0.030254,0.008309,0.044640,0.014488,0.010539,0.186100,0.025644,0.000000,0.003977,0.000000,0.002822,1,1,2,2,2,2,2
0.519102,0.003499,0.098235,0.004946,0.092096,0.029245,0.000000,0.065021,0.024544,0.008940,0.157784,0.028886,0.000000,0.004620,0.000000,0.001286,0,1,2,2,2,2,2
0.521864,0.004448,0.105694,0.012774,0.077029,0.027820,0.000000,0.064439,0.026387,0.010270,0.158268,0.028512,0.000000,0.004685,0.000000,0.001538,1,1,2,2,2,2,2
0.408969,0.003992,0.108370,0.009798,0.078497,0.021527,0.000000,0.062125,0.000000,0.009894,0.073177,0.032547,0.000000,0.006136,0.000000,0.002906,0,2,2,3,1,2,2
0.488832,0.004741,0.068055,0.012038,0.076340,0.020389,0.007162,0.048460,0.034670,0.010744,0.172885,0.025280,0.000000,0.005560,0.000000,0.002508,0,1,1,2,2,2,2
0.429204,0.005021,0.101455,0.008634,0.081017,0.023419,0.000000,0.053220,0.000000,0.009573,0.108587,0.034166,0.000000,0.003429,0.000000,0.000683,1,1,2,3,1,2,2
0.377449,0.007565,0.071613,0.006546,0.085350,0.027604,0.000000,0.031667,0.000000,0.010646,0.101731,0.028503,0.000000,0.005163,0.000000,0.001061,0,1,1,2,1,1,1
0.510526,0.004526,0.064780,0.010571,0.089375,0.017979,0.000000,0.057009,0.032332,0.009072,0.180288,0.034866,0.000000,0.008002,0.000000,0.001726,0,1,1,2,2,2,2
0.405121,0.002402,0.081217,0.010862,0.091264,0.025691,0.000000,0.048218,0.000000,0.009266,0.101243,0.026911,0.000000,0.005468,0.000000,0.002579,0,1,1,2,1,1,1
0.405422,0.006264,0.088156,0.013047,0.066587,0.025019,0.000000,0.044659,0.000000,0.011173,0.116658,0.025128,0.000000,0.006219,0.000000,0.002512,0,1,2,2,1,2,2
0.391934,0.006091,0.085395,0.008091,0.072263,0.019323,0.000000,0.053278,0.000000,0.010531,0.097205,0.026187,0.011155,0.001404,0.000000,0.001011,0,1,2,2,1,2,2
0.511374,0.004096,0.082960,0.015167,0.093848,0.023525,0.000000,0.038685,0.021182,0.011155,0.180975,0.031934,0.000000,0.005383,0.000000,0.002464,0,1,2,2,2,2,2
0.402705,0.006387,0.080649,0.010386,0.082982,0.028507,0.000000,0.058640,0.000000,0.010292,0.081776,0.037086,0.000000,0.005267,0.000000,0.000733,0,1,2,2,1,1,1
0.417381,0.006193,0.082413,0.010716,0.078828,0.030097,0.000000,0.061416,0.000000,0.009525,0.099137,0.030961,0.000000,0.004121,0.000000,0.003974,0,1,2,2,1,2,2
0.371377,0.005530,0.050461,0.008126,0.080640,0.026157,0.000000,0.045988,0.000000,0.009122,0.107842,0.027835,0.000000,0.006698,0.000000,0.002978,0,1,1,2,1,1,1
0.510275,0.005012,0.088186,0.012916,0.082085,0.026363,0.000000,0.055685,0.032992,0.010914,0.148458,0.030875,0.010529,0.003856,0.000000,0.002404,0,1,2,2,2,2,2
0.524546,0.006898,0.093036,0.006991,0.083785,0.028401,0.010921,0.054178,0.012054,0.010529,0.174582,0.034992,0.000000,0.005425,0.000000,0.002754,1,1,2,2,2,2,2
0.430936,0.004823,0.094561,0.009797,0.082324,0.025097,0.000000,0.040724,0.000000,0.009017,0.119506,0.038405,0.000000,0.003424,0.000000,0.003258,0,1,2,2,1,2,2
0.526086,0.003414,0.110755,0.006299,0.088696,0.028571,0.000000,0.068303,0.023133,0.010195,0.137188,0.032757,0.008628,0.006207,0.000000,0.001940,1,1,2,2,2,2,2
0.545220,0.005030,0.098762,0.008647,0.107989,0.032668,0.000000,0.056063,0.003431,0.008628,0.180070,0.033514,0.000000,0.008305,0.000000,0.002113,1,2,2,2,2,2,2
0.383666,0.008129,0.063805,0.013188,0.088388,0.029869,0.000000,0.046362,0.000000,0.009935,0.090756,0.026705,0.000000,0.004715,0.000000,0.001814,0,1,1,2,1,1,1
0.549072,0.005171,0.100136,0.006303,0.091875,0.028264,0.000000,0.052553,0.029681,0.008675,0.181473,0.036061,0.000000,0.008160,0.000000,0.000720,1,2,2,2,2,2,2
0.390362,0.005135,0.077064,0.010062,0.080466,0.028724,0.000000,0.050872,0.000000,0.010041,0.095249,0.023040,0.000000,0.006964,0.000000,0.002745,0,1,2,2,1,1,1
0.425126,0.003033,0.119738,0.014630,0.065522,0.024580,0.000000,0.049720,0.000000,0.008234,0.092712,0.032828,0.010064,0.002386,0.000000,0.001679,1,2,2,2,2,2,2
0.495119,0.005492,0.069474,0.011954,0.094401,0.027673,0.006376,0.045665,0.019041,0.010064,0.157407,0.034954,0.008454,0.003384,0.000000,0.000780,0,1,2,2,2,2,2
0.491527,0.006697,0.073390,0.011830,0.084411,0.026638,0.010366,0.044181,0.025627,0.008454,0.164294,0.030335,0.000000,0.004611,0.000000,0.000693,0,1,2,2,2,2,2
0.414135,0.005993,0.078590,0.014093,0.085726,0.023483,0.000000,0.030361,0.000000,0.010661,0.120149,0.037632,0.000000,0.006053,0.000000,0.001394,0,1,2,2,1,1,1
0.396633,0.004700,0.080097,0.012106,0.088455,0.028223,0.000000,0.045751,0.000000,0.009596,0.102567,0.022421,0.000000,0.002002,0.000000,0.000715,0,1,2,2,1,1,1
0.409380,0.005176,0.091988,0.012487,0.079183,0.029139,0.000000,0.045933,0.000000,0.010845,0.095938,0.033267,0.000000,0.004675,0.000000,0.000749,0,1,2,2,1,2,2
0.422075,0.004230,0.084103,0.012491,0.087186,0.022190,0.000000,0.044051,0.000000,0.010398,0.124176,0.023018,0.000000,0.007737,0.000000,0.002495,0,1,2,2,1,1,2
0.308807,0.002971,0.088523,0.012682,0.080989,0.024071,0.000000,0.042403,0.000000,0.009128,0.014388,0.028493,0.000000,0.001982,0.000000,0.003177,0,2,2,2,1,1,1
0.398430,0.002436,0.103260,0.008578,0.078463,0.021873,0.000000,0.042066,0.000000,0.010687,0.099285,0.026598,0.000000,0.003328,0.000000,0.001856,0,1,2,2,1,2,2
0.480217,0.002833,0.059717,0.015715,0.072063,0.028416,0.013333,0.051807,0.019110,0.009753,0.161671,0.028758,0.009031,0.006655,0.000000,0.001355,0,1,1,2,2,2,2
0.504439,0.003459,0.091738,0.007824,0.090895,0.029686,0.000000,0.051371,0.024394,0.009031,0.151889,0.030951,0.009229,0.001530,0.000000,0.002442,0,1,2,2,2,2,2
0.526325,0.005085,0.093763,0.006203,0.097189,0.020572,0.000000,0.054471,0.015419,0.009229,0.183397,0.034823,0.000000,0.003643,0.000000,0.002531,0,1,2,2,2,2,2
0.416188,0.003644,0.094839,0.008368,0.086775,0.028756,0.000000,0.049039,0.000000,0.009243,0.107403,0.024982,0.000000,0.002092,0.000000,0.001047,0,1,2,2,1,2,2
0.407131,0.004906,0.065979,0.007523,0.090411,0.029266,0.000000,0.061547,0.000000,0.008414,0.093722,0.039433,0.000000,0.005232,0.000000,0.000698,0,1,1,2,1,1,1
0.317984,0.002403,0.105606,0.007941,0.082984,0.021424,0.000000,0.040666,0.000000,0.009884,0.016129,0.027380,0.000000,0.001633,0.000000,0.001934,0,2,2,2,1,1,1
0.379988,0.004922,0.068668,0.011942,0.079111,0.024072,0.000000,0.036640,0.000000,0.010079,0.113840,0.024414,0.000000,0.003817,0.000000,0.002483,0,1,1,2,1,2,2
0.479988,0.004280,0.075385,0.004152,0.092036,0.017957,0.000000,0.059387,0.026879,0.010455,0.150512,0.032545,0.000000,0.004335,0.000000,0.002065,0,1,1,2,2,2,2
0.422336,0.007817,0.090218,0.009920,0.096749,0.023378,0.000000,0.046964,0.000000,0.009428,0.106972,0.024488,0.000000,0.005501,0.000000,0.000901,0,2,2,3,1,2,2
0.416092,0.007969,0.071422,0.009256,0.081444,0.018889,0.000000,0.046426,0.000000,0.009836,0.128651,0.033827,0.000000,0.006564,0.000000,0.001808,0,1,1,2,1,1,1
0.393689,0.006887,0.074361,0.008216,0.081766,0.021878,0.000000,0.045178,0.000000,0.011033,0.114889,0.023447,0.000000,0.003528,0.000000,0.002506,0,1,1,2,1,1,1
0.512646,0.006269,0.087827,0.007698,0.083064,0.029813,0.000000,0.058188,0.014432,0.009124,0.176013,0.030249,0.000000,0.008168,0.000000,0.001801,0,1,1,2,2,2,2
0.411822,0.002207,0.099148,0.015162,0.067175,0.023692,0.000000,0.052102,0.000000,0.009375,0.111051,0.027598,0.000000,0.001528,0.000000,0.002784,0,1,2,2,1,1,2
0.411394,0.002697,0.092815,0.006855,0.089283,0.030599,0.000000,0.054040,0.000000,0.008946,0.092349,0.027962,0.000000,0.003863,0.000000,0.001985,1,1,2,2,1,2,2
0.363781,0.002391,0.052901,0.013922,0.082326,0.034428,0.000000,0.047033,0.000000,0.010550,0.089587,0.022439,0.000000,0.004645,0.000000,0.003559,0,1,1,2,1,1,1
0.428944,0.007683,0.074899,0.010743,0.092778,0.031506,0.000000,0.050230,0.000000,0.009001,0.112086,0.033680,0.000000,0.004780,0.000000,0.001558,0,1,2,2,1,2,2
0.428221,0.005201,0.102755,0.014283,0.068759,0.030248,0.000000,0.067648,0.000000,0.009173,0.091595,0.030921,0.000000,0.006388,0.000000,0.001250,0,1,2,2,1,1,1
0.328321,0.005968,0.077743,0.009548,0.003194,0.028094,0.000000,0.042089,0.000000,0.010796,0.093149,0.038552,0.010250,0.006669,0.000000,0.002269,0,0,1,1,1,1,1
0.427868,0.003780,0.100527,0.011240,0.076983,0.021092,0.000000,0.058196,0.000000,0.011170,0.109380,0.029228,0.000000,0.003141,0.000000,0.003131,0,1,2,2,1,2,2
0.414675,0.004821,0.104321,0.009116,0.077371,0.030011,0.000000,0.056057,0.000000,0.008617,0.075624,0.039337,0.000000,0.006454,0.000000,0.002946,1,1,2,3,1,2,2
0.489592,0.005822,0.065074,0.007923,0.090032,0.015100,0.000000,0.068350,0.028099,0.009114,0.159038,0.036743,0.000000,0.002394,0.000000,0.001903,0,1,1,2,2,2,2
0.442993,0.007192,0.100917,0.004765,0.089517,0.023648,0.000000,0.050736,0.000000,0.010282,0.115554,0.033975,0.000000,0.004140,0.000000,0.002267,0,1,2,3,1,2,2
0.401282,0.005449,0.080132,0.008886,0.071329,0.024812,0.000000,0.036631,0.000000,0.010119,0.119858,0.038494,0.000000,0.003812,0.000000,0.001760,0,1,1,2,1,1,1
0.437536,0.005439,0.099449,0.008308,0.092015,0.021466,0.000000,0.032079,0.000000,0.009397,0.123971,0.036971,0.000000,0.005974,0.000000,0.002467,0,1,2,2,2,2,2
0.496687,0.005367,0.072564,0.007553,0.091146,0.029819,0.000000,0.066119,0.033520,0.008743,0.145937,0.030098,0.000000,0.003728,0.000000,0.002093,0,1,1,2,2,2,2
0.403248,0.007094,0.075902,0.010693,0.088424,0.025717,0.000000,0.051956,0.000000,0.010306,0.094357,0.030242,0.000000,0.005794,0.000000,0.002763,0,1,2,3,1,2,2
0.397199,0.002188,0.089810,0.008839,0.077349,0.027492,0.000000,0.055786,0.000000,0.008653,0.078047,0.034076,0.008529,0.005242,0.000000,0.001188,0,1,2,2,1,1,1
0.513251,0.005033,0.077971,0.012911,0.084861,0.031416,0.000000,0.042535,0.029271,0.008529,0.176325,0.034719,0.000000,0.007190,0.000000,0.002490,0,1,2,2,2,2,2
0.409688,0.004043,0.088837,0.010606,0.083726,0.025785,0.000000,0.061872,0.000000,0.010846,0.088855,0.027783,0.000000,0.005028,0.000000,0.002307,0,1,2,2,1,1,2
0.317421,0.003661,0.093317,0.009589,0.083074,0.033966,0.000000,0.043863,0.000000,0.010483,0.000000,0.032678,0.000000,0.005734,0.000000,0.001056,0,2,2,2,1,1,1
0.413884,0.002616,0.102572,0.005514,0.078874,0.027401,0.000000,0.037520,0.000000,0.009080,0.114196,0.031631,0.000000,0.002194,0.000000,0.002286,0,1,2,2,1,2,2
0.422594,0.007359,0.089880,0.009507,0.074534,0.021036,0.000000,0.058625,0.000000,0.009709,0.112713,0.032732,0.000000,0.004212,0.000000,0.002287,0,1,2,2,1,2,2
0.513193,0.003369,0.087487,0.010579,0.087494,0.026131,0.018097,0.057629,0.030781,0.011098,0.145298,0.028302,0.000000,0.004672,0.000000,0.002256,0,1,2,2,2,2,2
0.403722,0.004801,0.091389,0.011845,0.081734,0.028343,0.000000,0.030077,0.000000,0.010027,0.113400,0.026387,0.000000,0.004010,0.000000,0.001709,1,1,2,3,1,2,2
0.523704,0.005683,0.096687,0.010873,0.086773,0.032059,0.000000,0.067917,0.002746,0.011546,0.166357,0.035632,0.000000,0.006455,0.000000,0.000976,0,1,2,2,2,2,2
0.399823,0.006301,0.094575,0.006370,0.096695,0.027093,0.000000,0.051589,0.000000,0.010529,0.074612,0.024720,0.000000,0.005523,0.000000,0.001816,1,2,2,3,1,2,2
0.523823,0.003990,0.112957,0.014360,0.065115,0.027388,0.000000,0.069184,0.007007,0.011825,0.176397,0.029702,0.000000,0.005314,0.000000,0.000584,1,2,2,2,2,2,2
0.409228,0.006996,0.062823,0.007928,0.087769,0.021967,0.000000,0.049841,0.000000,0.008993,0.124194,0.030330,0.000000,0.007894,0.000000,0.000493,0,1,1,2,1,1,1
0.407540,0.005424,0.070496,0.009207,0.077231,0.019420,0.000000,0.062462,0.000000,0.009219,0.112051,0.033528,0.000000,0.006380,0.000000,0.002122,0,1,1,2,1,1,1
0.411053,0.003997,0.071978,0.004886,0.094293,0.027747,0.000000,0.045694,0.000000,0.010991,0.115209,0.028866,0.000000,0.004420,0.000000,0.002972,0,1,1,2,1,2,2
0.408532,0.007014,0.071630,0.007817,0.090164,0.030406,0.000000,0.042797,0.000000,0.009288,0.110287,0.031627,0.000000,0.004857,0.000000,0.002645,0,1,2,2,1,2,2
0.413699,0.003362,0.088956,0.010849,0.073079,0.024446,0.000000,0.044437,0.000000,0.009248,0.115811,0.033840,0.000000,0.005744,0.000000,0.003927,0,1,2,2,1,2,2
0.392370,0.005856,0.081501,0.010483,0.080976,0.028627,0.000000,0.048619,0.000000,0.011807,0.090370,0.026831,0.000000,0.005205,0.000000,0.002095,0,1,2,2,1,2,2
0.409614,0.004045,0.093188,0.010716,0.074284,0.019522,0.000000,0.049938,0.000000,0.009010,0.110936,0.029240,0.000000,0.005956,0.000000,0.002779,0,1,2,2,1,2,2
0.400749,0.006431,0.094591,0.008951,0.071867,0.030844,0.000000,0.033869,0.000000,0.008607,0.100474,0.036872,0.000000,0.005791,0.000000,0.002452,0,1,2,2,1,1,1
0.433096,0.005102,0.084274,0.009236,0.084058,0.020326,0.000000,0.035336,0.000000,0.011723,0.134298,0.038048,0.000000,0.007599,0.000000,0.003096,0,1,2,2,1,2,2
0.392015,0.003290,0.086204,0.015840,0.075216,0.027513,0.000000,0.047474,0.000000,0.010933,0.097075,0.022307,0.000000,0.004798,0.000000,0.001365,0,1,2,3,1,1,2
0.508649,0.004080,0.102736,0.008679,0.084551,0.020461,0.000000,0.050969,0.022318,0.010385,0.172083,0.028414,0.000000,0.002424,0.000000,0.001549,0,1,2,2,2,2,2
0.423253,0.003001,0.093356,0.010976,0.081752,0.024873,0.000000,0.047604,0.000000,0.009493,0.118809,0.024797,0.000000,0.006504,0.000000,0.002088,0,1,2,2,1,1,1
0.415968,0.003637,0.090548,0.013666,0.073250,0.019128,0.000000,0.066317,0.000000,0.010411,0.101364,0.030437,0.000000,0.006248,0.000000,0.000962,0,1,2,2,1,2,2
0.378690,0.005570,0.061285,0.009547,0.090019,0.023574,0.000000,0.042618,0.000000,0.008792,0.084655,0.035887,0.008912,0.006668,0.000000,0.001163,0,1,1,2,1,1,1
0.533314,0.005365,0.091686,0.006436,0.095067,0.020904,0.000000,0.059049,0.018479,0.008912,0.189615,0.033713,0.000000,0.003444,0.000000,0.000644,1,1,2,2,2,2,2
0.401188,0.003383,0.106910,0.008233,0.074464,0.030652,0.000000,0.064366,0.000000,0.009518,0.069063,0.027729,0.000000,0.006812,0.000000,0.000058,0,1,2,2,1,2,2
0.480210,0.005055,0.071406,0.009433,0.084203,0.022405,0.000000,0.057360,0.019165,0.008776,0.170909,0.022201,0.000000,0.006418,0.000000,0.002879,0,1,2,2,2,2,2
0.449454,0.008593,0.061885,0.009847,0.045791,0.022882,0.000000,0.053175,0.023639,0.009622,0.174032,0.032751,0.000000,0.006511,0.000000,0.000726,0,1,1,1,1,2,2
0.332226,0.004519,0.056985,0.012805,0.065030,0.025535,0.000000,0.036495,0.000000,0.008656,0.084676,0.028188,0.000000,0.006566,0.000000,0.002771,0,1,1,2,1,1,1
0.493874,0.005259,0.093411,0.011164,0.051673,0.020545,0.000000,0.057156,0.024517,0.010999,0.182235,0.028308,0.000000,0.007687,0.000000,0.000920,0,1,1,2,2,2,2
0.370072,0.006796,0.093679,0.008969,0.059930,0.031701,0.000000,0.034314,0.000000,0.010870,0.093108,0.025648,0.000000,0.003610,0.000000,0.001447,0,1,1,2,1,1,1
0.352965,0.003601,0.079807,0.011715,0.041633,0.018999,0.000000,0.054238,0.000000,0.008101,0.083313,0.032708,0.010644,0.004558,0.000000,0.003648,0,1,1,2,1,1,1
0.439493,0.005853,0.082594,0.006692,0.039234,0.022998,0.000000,0.057097,0.019486,0.010644,0.158982,0.029148,0.000000,0.005381,0.000000,0.001384,0,1,1,1,2,2,2
0.449432,0.003422,0.086044,0.010990,0.051657,0.026657,0.000000,0.047468,0.015338,0.009896,0.151312,0.038131,0.000000,0.005986,0.000000,0.002531,0,1,1,2,2,2,2
0.450586,0.005190,0.087225,0.008505,0.039404,0.027438,0.000000,0.040868,0.037607,0.010209,0.155244,0.031614,0.000000,0.005276,0.000000,0.002006,0,1,1,2,2,2,2
0.466094,0.008528,0.078471,0.010090,0.050545,0.020270,0.000000,0.058628,0.025609,0.011195,0.158513,0.030485,0.009606,0.003173,0.000000,0.000981,0,1,1,2,2,2,2
0.454452,0.007375,0.082479,0.008524,0.055631,0.024133,0.000000,0.051313,0.024943,0.009606,0.146163,0.030491,0.010017,0.001813,0.000000,0.001964,0,1,1,2,2,2,2
0.437026,0.004985,0.084496,0.007943,0.048488,0.024358,0.008602,0.034957,0.028151,0.010017,0.154629,0.022177,0.000000,0.005351,0.000000,0.002872,0,1,1,2,2,2,2
0.473263,0.005239,0.090339,0.009734,0.043672,0.026326,0.000000,0.048460,0.011241,0.011547,0.172996,0.037554,0.010016,0.004309,0.000000,0.001830,0,1,1,2,2,2,2
0.433093,0.003970,0.088105,0.008537,0.055864,0.020096,0.000000,0.063698,0.020937,0.010016,0.133387,0.021962,0.000000,0.003703,0.000000,0.002818,0,1,1,2,2,2,2
0.481558,0.004926,0.086607,0.009166,0.051709,0.025825,0.000000,0.046678,0.007184,0.010669,0.191368,0.034045,0.010390,0.001909,0.000000,0.001082,0,1,1,2,2,2,2
0.465223,0.006037,0.092309,0.008321,0.056279,0.029823,0.000000,0.052869,0.025237,0.010390,0.146341,0.029936,0.000000,0.005937,0.000000,0.001744,1,1,1,2,2,2,2
0.478016,0.002867,0.100419,0.012683,0.042105,0.021123,0.000000,0.051762,0.033887,0.010715,0.146357,0.037042,0.010137,0.006003,0.000000,0.002916,0,1,1,2,2,2,2
0.459617,0.005302,0.095936,0.009600,0.055356,0.024889,0.009875,0.055260,0.004617,0.010137,0.142266,0.030755,0.009536,0.005185,0.000000,0.000903,1,1,1,2,2,2,2
0.436703,0.001897,0.059933,0.013041,0.053507,0.021047,0.000000,0.037041,0.025272,0.009536,0.176494,0.032779,0.000000,0.004118,0.000000,0.002038,0,1,1,2,1,2,2
0.322879,0.006772,0.078090,0.009568,0.035073,0.016452,0.000000,0.052896,0.000000,0.011328,0.078177,0.027158,0.000000,0.007060,0.000000,0.000305,0,1,1,2,1,1,1
0.433579,0.003605,0.073023,0.009081,0.043092,0.026068,0.000000,0.044868,0.024102,0.011347,0.165995,0.022824,0.000000,0.006432,0.000000,0.003142,0,1,1,1,2,2,2
0.435055,0.003750,0.075919,0.015915,0.041246,0.025911,0.000000,0.051716,0.020002,0.009175,0.156555,0.028423,0.000000,0.004150,0.000000,0.002293,0,1,1,2,1,2,2
0.460289,0.004219,0.068722,0.011798,0.043504,0.018240,0.000000,0.054967,0.030106,0.008949,0.176612,0.037599,0.000000,0.003796,0.000000,0.001777,0,1,1,2,2,2,2
0.337317,0.004423,0.082222,0.005326,0.049258,0.023747,0.000000,0.049730,0.000000,0.008902,0.070886,0.024162,0.009922,0.006681,0.000000,0.002058,0,1,1,2,1,1,1
0.462273,0.006356,0.088854,0.008098,0.043033,0.022111,0.000000,0.048618,0.003032,0.009922,0.191306,0.032125,0.000000,0.008490,0.000000,0.000328,0,1,1,2,2,2,2
0.446133,0.003423,0.074914,0.013093,0.054645,0.022389,0.000000,0.066674,0.027469,0.010417,0.141053,0.027647,0.000000,0.002928,0.000000,0.001481,0,1,1,2,1,2,2
0.453063,0.004622,0.093125,0.009431,0.033651,0.025945,0.000000,0.058935,0.021464,0.008248,0.157406,0.034607,0.000000,0.003856,0.000000,0.001773,0,1,1,2,2,2,2
0.412491,0.002615,0.057727,0.011064,0.045394,0.027802,0.000000,0.053167,0.023180,0.010807,0.154276,0.020571,0.000000,0.003646,0.000000,0.002242,0,1,1,2,1,2,2
0.345690,0.007370,0.086318,0.009878,0.045641,0.020588,0.000000,0.051072,0.000000,0.011900,0.078741,0.029606,0.000000,0.003573,0.000000,0.001003,0,1,1,2,1,1,1
0.474409,0.008113,0.091184,0.007435,0.040792,0.031683,0.000000,0.037941,0.027292,0.011085,0.169587,0.031464,0.009791,0.004993,0.000000,0.003049,0,1,1,2,2,2,2
0.473479,0.005425,0.096155,0.008764,0.047069,0.026373,0.000000,0.048788,0.028135,0.009791,0.165074,0.033407,0.000000,0.002925,0.000000,0.001573,0,1,1,2,2,2,2
0.348108,0.005623,0.081257,0.007376,0.061620,0.025007,0.000000,0.045133,0.000000,0.010177,0.072331,0.030387,0.000000,0.007188,0.000000,0.002009,1,1,1,2,1,1,1
0.478446,0.002092,0.087302,0.012757,0.052445,0.027259,0.000000,0.063154,0.001001,0.009364,0.173988,0.028280,0.011946,0.008101,0.000000,0.000757,0,1,1,2,2,2,2
0.472380,0.002913,0.094153,0.012504,0.052223,0.033186,0.017015,0.047311,0.000350,0.011946,0.158161,0.027926,0.008661,0.004461,0.000000,0.001570,0,1,1,2,2,2,2
0.473967,0.002598,0.106185,0.008131,0.048170,0.028359,0.000000,0.057806,0.009978,0.008661,0.163599,0.033929,0.000000,0.005446,0.000000,0.001105,0,1,2,2,2,2,2
0.435322,0.005640,0.062032,0.007502,0.063563,0.026027,0.000000,0.036928,0.039319,0.010727,0.136023,0.031479,0.009316,0.005066,0.000000,0.001700,0,1,1,2,2,2,2
0.458067,0.006211,0.056820,0.012246,0.061647,0.024261,0.000000,0.055356,0.006467,0.009316,0.189797,0.028911,0.000000,0.004426,0.000000,0.002609,0,1,1,2,2,2,2
0.366984,0.005928,0.103184,0.009813,0.048261,0.033712,0.000000,0.043724,0.000000,0.010160,0.078509,0.027932,0.000000,0.003402,0.000000,0.002359,0,1,1,2,1,1,1
0.460863,0.003255,0.073025,0.012333,0.052271,0.029302,0.000000,0.040651,0.024097,0.010539,0.167948,0.032975,0.010102,0.003765,0.000000,0.000600,0,1,1,2,2,2,2
0.447324,0.002724,0.084900,0.004841,0.045634,0.024321,0.000000,0.053307,0.031514,0.010102,0.155528,0.027805,0.000000,0.004069,0.000000,0.002579,0,1,1,2,2,2,2
0.354842,0.004661,0.082167,0.015251,0.049706,0.028410,0.000000,0.052029,0.000000,0.009664,0.070072,0.024867,0.009893,0.005626,0.000000,0.002496,0,1,1,2,1,1,1
0.446705,0.005031,0.079578,0.010671,0.050408,0.021615,0.000000,0.052405,0.017688,0.009893,0.159576,0.022252,0.010093,0.005768,0.000000,0.001727,0,1,1,1,2,2,2
0.434691,0.008150,0.074921,0.008287,0.063043,0.023238,0.000000,0.052022,0.001120,0.010093,0.163683,0.027490,0.000000,0.001277,0.000000,0.001367,0,1,1,2,2,2,2
0.453936,0.005370,0.096481,0.009961,0.036886,0.022308,0.008762,0.062801,0.000000,0.011197,0.159898,0.035111,0.000000,0.003687,0.000000,0.001474,0,1,1,2,2,2,2
0.467904,0.005878,0.080959,0.008686,0.058198,0.019859,0.000000,0.055515,0.024701,0.010308,0.152974,0.031397,0.010928,0.007936,0.000000,0.000565,0,1,1,2,2,2,2
0.462684,0.003229,0.084376,0.007678,0.057805,0.024449,0.000000,0.054007,0.019959,0.010928,0.162265,0.028361,0.000000,0.006957,0.000000,0.002670,0,1,1,2,2,2,2
0.465545,0.005874,0.085158,0.008647,0.059228,0.023440,0.000000,0.056715,0.020472,0.009376,0.150800,0.026808,0.010995,0.005435,0.000000,0.002597,1,1,1,2,2,2,2
0.473418,0.002944,0.089400,0.014093,0.047274,0.023208,0.000000,0.053871,0.019075,0.010995,0.160724,0.031787,0.009325,0.008710,0.000000,0.002012,0,1,1,2,2,2,2
0.471625,0.006868,0.081755,0.015968,0.046969,0.017056,0.000000,0.059772,0.026605,0.009325,0.166393,0.033185,0.000000,0.005201,0.000000,0.002528,0,1,1,2,2,2,2
0.352929,0.006781,0.062565,0.007623,0.046166,0.026094,0.000000,0.047622,0.000000,0.011429,0.096815,0.032238,0.010305,0.004043,0.000000,0.001248,0,1,1,1,1,1,1
0.487032,0.006682,0.103882,0.010420,0.037838,0.031254,0.000000,0.053062,0.027447,0.010305,0.168970,0.033844,0.000000,0.002469,0.000000,0.000859,1,1,1,2,2,2,2
0.388081,0.005190,0.097463,0.014940,0.047229,0.027520,0.000000,0.057753,0.000000,0.010739,0.079056,0.033520,0.009326,0.002296,0.000000,0.003049,1,1,1,2,1,1,1
0.490906,0.005592,0.101862,0.009914,0.048864,0.023667,0.000000,0.055695,0.028521,0.009326,0.159045,0.033486,0.008448,0.003985,0.000000,0.002501,1,1,1,2,2,2,2
0.424759,0.006944,0.065585,0.010140,0.059049,0.027065,0.000000,0.049706,0.025389,0.008448,0.143256,0.023414,0.000000,0.005045,0.000000,0.000718,0,1,1,2,2,2,2
0.431953,0.004230,0.078511,0.011034,0.044839,0.020989,0.000000,0.044250,0.021781,0.009037,0.165777,0.024694,0.000000,0.006563,0.000000,0.000248,0,1,1,2,2,2,2
0.457732,0.004423,0.070109,0.012128,0.053471,0.024605,0.000000,0.051178,0.018300,0.011264,0.162771,0.032666,0.010394,0.005286,0.000000,0.001137,0,1,1,2,1,2,2
0.466275,0.007758,0.069305,0.009434,0.060163,0.023332,0.000000,0.062315,0.011416,0.010394,0.172111,0.031839,0.000000,0.007511,0.000000,0.000697,0,1,1,2,2,2,2
0.346178,0.008474,0.068912,0.008511,0.054731,0.028341,0.000000,0.053314,0.000000,0.009453,0.076664,0.030718,0.000000,0.005683,0.000000,0.001377,0,1,1,2,1,1,1
0.343419,0.008746,0.073528,0.010045,0.061439,0.024963,0.000000,0.052632,0.000000,0.009450,0.059830,0.025506,0.008568,0.006333,0.000000,0.002379,0,1,1,2,1,1,1
0.456871,0.003002,0.080014,0.008582,0.052263,0.026356,0.000000,0.056897,0.000791,0.008568,0.181363,0.023843,0.009928,0.002518,0.000000,0.002746,0,1,1,2,2,2,2
0.451024,0.003188,0.087020,0.007715,0.049821,0.025108,0.000000,0.064137,0.004645,0.009928,0.162467,0.029015,0.000000,0.004978,0.000000,0.003002,0,1,1,2,2,2,2
0.463773,0.002727,0.079584,0.013037,0.053769,0.033186,0.000000,0.066468,0.000857,0.009567,0.153052,0.031468,0.011041,0.006479,0.000000,0.002538,0,1,1,2,2,2,2
0.441261,0.006119,0.082907,0.013169,0.045815,0.024880,0.000000,0.069030,0.004268,0.011041,0.155070,0.026143,0.000000,0.002390,0.000000,0.000429,0,1,1,2,2,2,2
0.453580,0.005248,0.091072,0.007664,0.058508,0.022008,0.000000,0.040125,0.018430,0.010319,0.163517,0.028589,0.000000,0.006127,0.000000,0.001973,0,1,1,2,2,2,2
0.446706,0.005741,0.107236,0.015150,0.037825,0.028305,0.000000,0.031731,0.027697,0.010833,0.146570,0.027029,0.000000,0.005680,0.000000,0.002909,0,1,1,2,2,2,2
0.439309,0.004332,0.064260,0.010871,0.041734,0.026906,0.000000,0.034019,0.031849,0.011767,0.172787,0.034787,0.000000,0.003520,0.000000,0.002477,0,1,1,2,1,2,2
0.443476,0.007470,0.062154,0.007202,0.059743,0.031457,0.000000,0.036405,0.033583,0.009341,0.154126,0.034345,0.000000,0.005454,0.000000,0.002196,0,1,1,2,1,2,2
0.484687,0.005440,0.109625,0.014752,0.029811,0.032504,0.000000,0.068314,0.016270,0.011430,0.163602,0.026642,0.000000,0.004160,0.000000,0.002137,0,1,2,2,2,2,2
0.355606,0.007275,0.092780,0.007143,0.053157,0.019185,0.000000,0.033219,0.000000,0.008755,0.094483,0.031481,0.000000,0.007411,0.000000,0.000717,0,1,1,2,1,1,1
0.453431,0.005332,0.087550,0.006301,0.034757,0.034490,0.000000,0.036495,0.020689,0.011621,0.167309,0.031456,0.011373,0.005732,0.000000,0.000326,0,1,1,2,2,2,2
0.480016,0.007100,0.100326,0.010425,0.050622,0.020144,0.000000,0.057132,0.023774,0.011373,0.155665,0.033324,0.000000,0.008246,0.000000,0.001885,1,1,2,2,2,2,2
0.447900,0.004069,0.070991,0.008558,0.054162,0.026263,0.019585,0.033261,0.030864,0.011411,0.149423,0.023085,0.010845,0.002590,0.000000,0.002793,0,1,1,2,2,2,2
0.436090,0.005559,0.075575,0.007396,0.055218,0.029344,0.000000,0.056721,0.003804,0.010845,0.156153,0.026457,0.000000,0.005772,0.000000,0.003246,0,1,1,2,2,2,2
0.443962,0.008793,0.075071,0.011403,0.050851,0.022838,0.000000,0.051091,0.014316,0.010002,0.153902,0.025667,0.010370,0.007744,0.000000,0.001914,0,1,1,2,2,2,2
0.460066,0.005782,0.075820,0.005710,0.050315,0.026785,0.000000,0.038381,0.024023,0.010370,0.187595,0.026853,0.000000,0.007272,0.000000,0.001160,0,1,1,2,2,2,2
0.452295,0.005674,0.072018,0.013152,0.059507,0.028621,0.000000,0.048577,0.032242,0.009778,0.131909,0.033238,0.011250,0.003990,0.000000,0.002339,0,1,1,2,2,2,2
0.427948,0.005279,0.051008,0.010712,0.049794,0.018363,0.000000,0.045286,0.024284,0.011250,0.180490,0.028392,0.000000,0.001917,0.000000,0.001173,0,1,1,2,1,2,2
0.378864,0.007644,0.089005,0.005781,0.044756,0.026819,0.000000,0.034534,0.000000,0.011362,0.110754,0.032015,0.010690,0.002921,0.000000,0.002583,1,1,1,2,1,1,1
0.459224,0.005841,0.094417,0.011589,0.042506,0.029423,0.000000,0.064151,0.015290,0.010690,0.154709,0.023135,0.000000,0.006206,0.000000,0.001267,0,1,1,2,2,2,2
0.348215,0.008312,0.083692,0.007685,0.054863,0.018517,0.000000,0.035530,0.000000,0.010298,0.088412,0.025023,0.008894,0.004378,0.000000,0.002611,0,1,1,2,1,1,1
0.480002,0.005627,0.092471,0.007840,0.054660,0.026010,0.000000,0.040803,0.006044,0.008894,0.197691,0.031620,0.000000,0.006288,0.000000,0.002054,0,1,1,2,2,2,2
0.380228,0.003774,0.089762,0.013957,0.056099,0.023540,0.000000,0.041185,0.000000,0.009954,0.108464,0.029563,0.000000,0.003922,0.000000,0.000008,1,1,1,2,1,1,1
0.359337,0.004893,0.092151,0.009474,0.050656,0.031184,0.000000,0.051801,0.000000,0.010941,0.068272,0.035631,0.000000,0.002333,0.000000,0.002001,0,1,1,2,1,1,1
0.476078,0.005633,0.116649,0.008195,0.035732,0.020343,0.000000,0.043731,0.029600,0.009763,0.162542,0.023627,0.011274,0.006766,0.000000,0.002223,0,1,1,2,2,2,2
0.485907,0.003088,0.098273,0.009696,0.052850,0.028967,0.000000,0.055478,0.008467,0.011274,0.178737,0.032097,0.000000,0.005029,0.000000,0.001951,0,1,1,2,2,2,2
0.333667,0.002849,0.085921,0.010500,0.043270,0.029385,0.000000,0.059944,0.000000,0.010992,0.055173,0.027829,0.000000,0.007120,0.000000,0.000684,0,1,1,1,1,1,1
0.447643,0.005716,0.087279,0.004641,0.035690,0.031749,0.000000,0.069063,0.000000,0.010680,0.162916,0.035200,0.000000,0.004437,0.000000,0.000272,0,1,1,2,2,2,2
0.341490,0.007748,0.059875,0.011969,0.056894,0.025723,0.000000,0.062411,0.000000,0.009418,0.061704,0.028614,0.010964,0.003610,0.000000,0.002560,0,1,1,2,1,1,1
0.486517,0.004859,0.105939,0.010210,0.042144,0.023657,0.000000,0.043054,0.026980,0.010964,0.176463,0.037016,0.000000,0.004848,0.000000,0.000383,1,1,1,2,2,2,2
0.428502,0.004338,0.076777,0.012483,0.039466,0.032866,0.000000,0.055028,0.035511,0.009517,0.131012,0.025897,0.000000,0.002856,0.000000,0.002751,0,1,1,2,1,2,2
0.461458,0.007298,0.070124,0.012400,0.054451,0.021101,0.000000,0.058918,0.002392,0.009279,0.192136,0.027277,0.000000,0.005122,0.000000,0.000960,0,1,1,2,2,2,2
0.352966,0.006629,0.069368,0.005681,0.052745,0.031502,0.000000,0.063178,0.000000,0.010782,0.079037,0.025956,0.000000,0.006554,0.000000,0.001534,0,1,1,2,1,1,1
0.347927,0.006149,0.080513,0.010018,0.048412,0.033431,0.000000,0.053277,0.000000,0.009443,0.072790,0.029486,0.000000,0.002881,0.000000,0.001527,0,1,1,2,1,1,1
0.473671,0.006253,0.078740,0.009092,0.054215,0.022920,0.000000,0.053698,0.021825,0.009126,0.163946,0.036257,0.009693,0.005538,0.000000,0.002368,0,1,1,2,2,2,2
0.467233,0.004245,0.086538,0.004128,0.052366,0.030778,0.000000,0.058443,0.022249,0.009693,0.161022,0.031884,0.000000,0.004856,0.000000,0.001031,1,1,1,2,2,2,2
0.462895,0.006429,0.100130,0.009540,0.039166,0.028147,0.000000,0.059585,0.024869,0.010899,0.136751,0.027871,0.009247,0.007769,0.000000,0.002492,0,1,1,2,2,2,2
0.464766,0.004859,0.093525,0.008815,0.056749,0.023209,0.000000,0.055338,0.002410,0.009247,0.183685,0.022105,0.000000,0.003742,0.000000,0.001082,0,1,1,2,2,2,2
0.343326,0.006444,0.101120,0.011676,0.040055,0.015742,0.000000,0.068689,0.000000,0.011276,0.055008,0.025822,0.000000,0.003770,0.000000,0.003724,1,1,1,2,1,1,1
0.439762,0.004623,0.054035,0.011939,0.051366,0.026086,0.000000,0.043376,0.015665,0.008311,0.183160,0.020835,0.008831,0.007925,0.000000,0.003610,0,1,1,1,2,2,2
0.457786,0.007268,0.101497,0.008304,0.045771,0.023787,0.013671,0.046351,0.008990,0.008831,0.155568,0.031821,0.000000,0.004798,0.000000,0.001129,1,1,1,2,2,2,2
0.487683,0.004867,0.100107,0.007555,0.049955,0.020738,0.000000,0.047956,0.028845,0.010348,0.165852,0.034922,0.009809,0.003463,0.000000,0.003266,0,1,2,2,2,2,2
0.478597,0.005777,0.105111,0.009339,0.049124,0.023148,0.000000,0.047839,0.031198,0.009809,0.159866,0.030776,0.000000,0.004661,0.000000,0.001949,1,1,1,2,2,2,2
0.336315,0.005435,0.085150,0.013290,0.027452,0.025515,0.000000,0.051635,0.000000,0.010888,0.079169,0.031818,0.000000,0.003792,0.000000,0.002171,0,1,1,2,1,1,1
0.441141,0.001738,0.086932,0.014311,0.033977,0.018216,0.000000,0.069947,0.009247,0.008700,0.162716,0.029883,0.000000,0.003884,0.000000,0.001590,0,1,1,1,2,2,2
0.353636,0.001342,0.076397,0.009580,0.053013,0.031773,0.000000,0.033083,0.000000,0.010834,0.101503,0.028123,0.000000,0.006520,0.000000,0.001468,0,1,1,2,1,1,1
0.336987,0.004270,0.093566,0.007556,0.032629,0.022385,0.000000,0.054772,0.000000,0.009330,0.068983,0.037950,0.000000,0.003456,0.000000,0.002090,0,1,1,2,1,1,1
0.464176,0.001228,0.097934,0.004951,0.044569,0.029075,0.000000,0.063087,0.000000,0.010228,0.163523,0.038814,0.000000,0.007473,0.000000,0.003294,0,1,1,2,2,2,2
0.433032,0.003252,0.075178,0.009322,0.055841,0.032725,0.010901,0.047162,0.026980,0.010387,0.130037,0.020828,0.000000,0.007139,0.000000,0.003280,0,1,1,2,1,2,2
0.442616,0.005996,0.068996,0.012978,0.067389,0.024288,0.008925,0.043516,0.000022,0.009112,0.171971,0.020965,0.000000,0.005164,0.000000,0.003294,0,1,1,2,2,2,2
0.454117,0.003184,0.074079,0.009247,0.058429,0.023099,0.000000,0.053629,0.018699,0.008354,0.171457,0.029255,0.000000,0.002852,0.000000,0.001833,0,1,1,2,2,2,2
0.342049,0.006702,0.075878,0.010026,0.050824,0.026933,0.000000,0.042608,0.000000,0.010420,0.083679,0.029591,0.000000,0.005156,0.000000,0.000232,0,1,1,2,1,1,1
0.458700,0.001432,0.098325,0.010739,0.036128,0.017349,0.000000,0.044775,0.033832,0.010772,0.162314,0.034916,0.000000,0.005772,0.000000,0.002346,0,1,1,2,2,2,2
0.353815,0.005475,0.100413,0.011333,0.038186,0.033394,0.000000,0.059346,0.000000,0.011323,0.060288,0.025385,0.000000,0.007422,0.000000,0.001250,0,1,1,2,1,1,1
0.402046,0.003920,0.059520,0.010235,0.051545,0.026204,0.000000,0.039981,0.029055,0.009262,0.145321,0.020681,0.000000,0.004099,0.000000,0.002223,0,1,1,1,1,2,2
0.470216,0.007501,0.088418,0.013227,0.048379,0.032900,0.000000,0.054939,0.000000,0.009884,0.174976,0.031961,0.000000,0.005725,0.000000,0.002306,1,1,1,2,2,2,2
0.433319,0.006157,0.066089,0.013025,0.050810,0.021635,0.000000,0.047254,0.032693,0.010111,0.152932,0.027857,0.000000,0.001500,0.000000,0.003256,0,1,1,2,1,2,2
0.469803,0.004004,0.097391,0.006891,0.055756,0.026837,0.000000,0.057848,0.015086,0.009809,0.150138,0.026779,0.010622,0.006762,0.000000,0.001880,0,1,1,2,2,2,2
0.483447,0.004723,0.112536,0.007465,0.044572,0.020886,0.000000,0.048606,0.015536,0.010622,0.167959,0.035330,0.010033,0.003977,0.000000,0.001202,0,1,1,2,2,2,2
0.443409,0.006214,0.077466,0.012175,0.029454,0.033308,0.000000,0.050027,0.026573,0.010033,0.150408,0.032132,0.009512,0.004561,0.000000,0.001546,0,1,1,2,1,2,2
0.435727,0.002230,0.077519,0.010761,0.040901,0.020306,0.000000,0.054833,0.024328,0.009512,0.159519,0.029923,0.000000,0.004280,0.000000,0.001615,0,1,1,2,2,2,2
0.436926,0.004231,0.064456,0.007137,0.061428,0.026255,0.002840,0.059727,0.009217,0.009612,0.150016,0.038365,0.000000,0.001377,0.000000,0.002265,0,1,1,2,1,2,2
0.437670,0.001233,0.088396,0.005570,0.041092,0.026423,0.000000,0.048294,0.025363,0.010198,0.160676,0.023583,0.000000,0.004158,0.000000,0.002684,0,1,1,2,2,2,2
0.459236,0.008980,0.082631,0.011367,0.039019,0.028602,0.000000,0.057426,0.008834,0.010095,0.168700,0.038360,0.000000,0.003400,0.000000,0.001822,0,1,1,2,1,2,2
0.367641,0.003226,0.077730,0.008902,0.053508,0.032851,0.000000,0.036157,0.000000,0.009740,0.098049,0.031259,0.009466,0.004147,0.000000,0.002606,0,1,1,2,1,1,1
0.451116,0.003366,0.099100,0.012657,0.026474,0.024773,0.000000,0.062043,0.022087,0.009466,0.150033,0.022788,0.010355,0.005636,0.000000,0.002338,0,1,1,1,2,2,2
0.479548,0.005459,0.096660,0.015275,0.032377,0.016256,0.000509,0.047857,0.020385,0.010355,0.187693,0.031050,0.008774,0.004837,0.000000,0.002061,0,1,1,2,2,2,2
0.458315,0.001517,0.091262,0.010241,0.043186,0.029821,0.000000,0.061852,0.027568,0.008774,0.141671,0.034318,0.000000,0.006981,0.000000,0.001124,0,1,1,2,2,2,2
0.345142,0.007634,0.098902,0.008011,0.035478,0.024895,0.000000,0.054392,0.000000,0.009832,0.066902,0.034175,0.000000,0.002427,0.000000,0.002494,0,1,1,2,1,1,1
0.428099,0.002143,0.056654,0.008221,0.056389,0.023110,0.000000,0.051349,0.011954,0.011372,0.168014,0.032474,0.000000,0.004939,0.000000,0.001480,0,1,1,1,1,2,2
0.425792,0.003743,0.059153,0.012745,0.041920,0.031665,0.000000,0.045184,0.036078,0.009814,0.141885,0.026126,0.010534,0.003827,0.000000,0.003118,0,1,1,2,1,2,2
0.472809,0.005846,0.104526,0.004577,0.046090,0.028898,0.000000,0.043609,0.008796,0.010534,0.184490,0.027302,0.000000,0.005097,0.000000,0.003044,0,1,1,2,2,2,2
0.384936,0.006672,0.080794,0.013603,0.059395,0.029472,0.000000,0.062756,0.000000,0.010495,0.075195,0.038276,0.000000,0.006037,0.000000,0.002241,0,1,1,2,1,1,1
0.371580,0.005122,0.105925,0.013681,0.033409,0.022104,0.000000,0.045426,0.000000,0.010684,0.095241,0.033068,0.000000,0.005046,0.000000,0.001874,1,1,1,2,1,1,1
0.438620,0.006005,0.081777,0.010625,0.026879,0.027671,0.000000,0.057374,0.027592,0.008289,0.159639,0.027180,0.000000,0.002713,0.000000,0.002876,0,1,1,1,2,2,2
0.481533,0.004086,0.096048,0.007266,0.061528,0.025064,0.000000,0.047629,0.027900,0.009454,0.162549,0.034028,0.000000,0.004869,0.000000,0.001112,0,1,1,2,2,2,2
0.389788,0.006936,0.101612,0.013131,0.052115,0.023074,0.000000,0.055750,0.000000,0.011195,0.075090,0.034648,0.010825,0.002569,0.000000,0.002843,0,1,1,2,1,1,1
0.440387,0.004701,0.070531,0.010714,0.046073,0.020712,0.000000,0.064981,0.024030,0.010825,0.151868,0.032458,0.000000,0.001768,0.000000,0.001726,0,1,1,2,2,2,2
0.442678,0.006827,0.071006,0.004605,0.050706,0.034738,0.000000,0.043733,0.027130,0.008990,0.158726,0.028347,0.000000,0.006349,0.000000,0.001521,0,1,1,2,2,2,2
0.428812,0.007001,0.085007,0.013850,0.034359,0.020844,0.000000,0.054692,0.028629,0.010681,0.142273,0.024218,0.000000,0.005684,0.000000,0.001574,0,1,1,2,2,2,2
0.446160,0.004060,0.091791,0.006901,0.041127,0.028088,0.000000,0.053290,0.002711,0.008380,0.170069,0.035077,0.000000,0.003207,0.000000,0.001459,0,1,1,2,2,2,2
0.443987,0.002463,0.080393,0.005018,0.061061,0.029800,0.000000,0.047751,0.021022,0.008708,0.155019,0.028751,0.000000,0.003736,0.000000,0.000265,0,1,1,2,2,2,2
0.476877,0.005626,0.078868,0.007221,0.060606,0.031566,0.000000,0.051262,0.010752,0.009355,0.170493,0.030892,0.011535,0.005533,0.000000,0.003168,0,1,1,2,2,2,2
0.462987,0.007407,0.088144,0.011816,0.043844,0.024006,0.000000,0.054181,0.029100,0.011535,0.150177,0.024127,0.010611,0.004859,0.000000,0.003180,0,1,1,2,2,2,2
0.456495,0.003824,0.084399,0.010538,0.057322,0.031270,0.000000,0.037290,0.022804,0.010611,0.164137,0.028641,0.000000,0.004126,0.000000,0.001533,0,1,1,2,2,2,2
0.363220,0.006138,0.102608,0.012640,0.039166,0.023561,0.000000,0.051147,0.000000,0.010542,0.072590,0.035264,0.000000,0.006829,0.000000,0.002735,0,1,1,2,1,1,1
0.432840,0.003620,0.065514,0.008569,0.038969,0.023431,0.000000,0.063243,0.023801,0.011018,0.157885,0.028415,0.000000,0.006707,0.000000,0.001668,0,1,1,1,1,2,2
0.354068,0.004302,0.089166,0.007728,0.057500,0.027616,0.000000,0.053387,0.000000,0.011659,0.057889,0.026902,0.009854,0.005213,0.000000,0.002852,0,1,1,2,1,1,1
0.479836,0.001971,0.090742,0.009435,0.058157,0.024000,0.000000,0.050244,0.002149,0.009854,0.184281,0.030124,0.009976,0.006625,0.000000,0.002278,0,1,1,2,2,2,2
0.446109,0.006500,0.051299,0.012847,0.051401,0.034149,0.000000,0.046727,0.026577,0.009976,0.171184,0.029199,0.000000,0.003403,0.000000,0.002847,0,1,1,2,1,2,2
0.344559,0.007764,0.054313,0.006822,0.058151,0.022322,0.000000,0.058315,0.000000,0.009066,0.088037,0.024607,0.010212,0.004314,0.000000,0.000636,0,1,1,1,1,1,1
0.475322,0.006373,0.080802,0.012208,0.064532,0.032567,0.000000,0.063650,0.003050,0.010212,0.166509,0.028605,0.000000,0.004517,0.000000,0.002297,0,1,1,2,2,2,2
0.440326,0.005820,0.073242,0.011267,0.048280,0.032481,0.000000,0.069980,0.000262,0.009799,0.156536,0.026850,0.000000,0.001939,0.000000,0.003870,0,1,1,2,2,2,2
0.436906,0.005949,0.074828,0.012344,0.034463,0.033309,0.010112,0.048183,0.020629,0.008935,0.151534,0.024364,0.010164,0.001427,0.000000,0.000665,0,1,1,2,2,2,2
0.438353,0.004182,0.079089,0.012829,0.046215,0.022696,0.000000,0.055152,0.006266,0.010164,0.162493,0.024173,0.009772,0.003815,0.000000,0.001507,0,1,1,2,2,2,2
0.468580,0.004966,0.078812,0.013155,0.034815,0.028614,0.000000,0.060251,0.003997,0.009772,0.182801,0.030958,0.010728,0.008038,0.000000,0.001673,0,1,1,2,2,2,2
0.447268,0.001156,0.071990,0.010818,0.060515,0.022205,0.000000,0.054087,0.030235,0.010728,0.143347,0.036318,0.000000,0.003173,0.000000,0.002696,0,1,1,2,2,2,2
0.436938,0.005074,0.085614,0.009920,0.044282,0.025634,0.000000,0.056434,0.019106,0.009488,0.155297,0.021676,0.000000,0.002283,0.000000,0.002130,0,1,1,2,2,2,2
0.438998,0.001892,0.088775,0.015282,0.048103,0.034512,0.000000,0.037549,0.010580,0.010416,0.152174,0.033652,0.000000,0.004434,0.000000,0.001629,0,1,1,2,2,2,2
0.454261,0.005090,0.094515,0.012321,0.033300,0.018226,0.000000,0.054820,0.021257,0.009612,0.160695,0.036347,0.000000,0.006736,0.000000,0.001342,0,1,1,2,2,2,2
0.445028,0.004835,0.127201,0.011208,0.006771,0.027591,0.000000,0.042632,0.033186,0.008408,0.139331,0.035587,0.000000,0.005703,0.000000,0.002575,0,1,1,2,2,2,2
0.465207,0.006121,0.075204,0.009671,0.062471,0.027936,0.000000,0.039289,0.023875,0.008309,0.168680,0.028332,0.009965,0.003089,0.000000,0.002265,0,1,1,2,2,2,2
0.463591,0.006835,0.088345,0.012574,0.048009,0.022429,0.011065,0.045837,0.017323,0.009965,0.165132,0.028939,0.000000,0.004452,0.000000,0.002686,0,1,1,2,2,2,2
0.359112,0.004761,0.084651,0.009295,0.055325,0.023991,0.000000,0.059791,0.000000,0.009561,0.075493,0.030692,0.000000,0.003677,0.000000,0.001875,0,1,1,2,1,1,1
0.337379,0.005747,0.062212,0.011275,0.043957,0.028580,0.000000,0.052107,0.000000,0.010413,0.075781,0.030527,0.009380,0.005272,0.000000,0.002128,0,1,1,2,1,1,1
0.462372,0.008337,0.108917,0.009257,0.041993,0.024887,0.000000,0.034859,0.028396,0.009380,0.156625,0.024634,0.008070,0.005747,0.000000,0.001270,1,1,1,2,2,2,2
0.460317,0.003544,0.093938,0.009327,0.054421,0.021384,0.000000,0.050196,0.015393,0.008070,0.172966,0.023683,0.000000,0.005174,0.000000,0.002221,0,1,1,2,2,2,2
0.472923,0.006589,0.087310,0.007982,0.069346,0.032309,0.000000,0.057414,0.000000,0.010486,0.159925,0.031886,0.000000,0.007511,0.000000,0.002165,0,1,1,2,2,2,2
0.443142,0.006466,0.072970,0.011949,0.036105,0.025037,0.000000,0.051696,0.034550,0.009001,0.155127,0.033121,0.000000,0.005792,0.000000,0.001328,0,1,1,2,1,2,2
0.353700,0.006300,0.067481,0.010330,0.060655,0.023120,0.000000,0.065913,0.000000,0.011105,0.064460,0.026335,0.009145,0.007631,0.000000,0.001225,0,1,1,2,1,1,1
0.431004,0.006818,0.071550,0.012994,0.048558,0.029992,0.000000,0.048636,0.016031,0.009145,0.142822,0.032178,0.008884,0.002046,0.000000,0.001350,0,1,1,1,2,2,2
0.453333,0.003029,0.074418,0.007850,0.051578,0.022852,0.000000,0.060503,0.002256,0.008884,0.182273,0.029512,0.000000,0.008999,0.000000,0.001179,0,1,1,2,2,2,2
0.344244,0.008915,0.053215,0.008966,0.081456,0.029383,0.000000,0.048833,0.000000,0.009230,0.054899,0.033146,0.008906,0.004294,0.000000,0.003001,0,1,1,1,1,1,1
0.478315,0.002139,0.095293,0.008349,0.080406,0.023003,0.016357,0.030393,0.006725,0.008906,0.161322,0.032531,0.008931,0.002553,0.000000,0.001407,0,1,2,2,2,2,2
0.433377,0.005118,0.047173,0.006763,0.086415,0.023574,0.000000,0.038228,0.025767,0.008931,0.154107,0.028872,0.000000,0.006314,0.000000,0.002115,0,1,1,2,1,2,2
0.472624,0.006389,0.087082,0.009786,0.083438,0.034942,0.000000,0.052369,0.000000,0.009099,0.157100,0.022135,0.000000,0.006634,0.000000,0.003650,1,1,2,2,2,2,2
0.442811,0.005262,0.064482,0.013325,0.073566,0.022308,0.000000,0.062349,0.000000,0.009831,0.146339,0.038095,0.000000,0.003680,0.000000,0.003574,0,1,1,2,1,2,2
0.456460,0.005116,0.138624,0.013771,0.030079,0.029728,0.000000,0.044106,0.014028,0.009616,0.144092,0.023624,0.000000,0.002162,0.000000,0.001514,0,1,2,2,2,2,2
0.451849,0.004066,0.072773,0.013467,0.065524,0.025909,0.000000,0.045193,0.000000,0.010342,0.174004,0.033115,0.000000,0.004886,0.000000,0.002570,0,1,1,2,2,2,2
0.419825,0.006732,0.023761,0.008825,0.084760,0.022606,0.000000,0.058635,0.013141,0.009770,0.144249,0.033572,0.009154,0.003420,0.000000,0.001200,0,1,1,1,1,1,1
0.461886,0.008231,0.073394,0.007882,0.067300,0.023779,0.000000,0.048302,0.013822,0.009154,0.170558,0.028081,0.000000,0.008577,0.000000,0.002806,0,1,1,2,2,2,2
0.463930,0.007259,0.061133,0.007668,0.090907,0.027116,0.000000,0.062234,0.004748,0.010478,0.157090,0.026608,0.000000,0.005782,0.000000,0.002907,0,1,1,2,2,2,2
0.413522,0.006569,0.107815,0.012836,0.072023,0.024245,0.000000,0.054723,0.000000,0.010893,0.070518,0.032219,0.010729,0.008424,0.000000,0.002528,0,2,2,2,1,1,1
0.448127,0.001983,0.088907,0.009084,0.064004,0.020821,0.000000,0.049218,0.027499,0.010729,0.137442,0.031486,0.000000,0.005462,0.000000,0.001492,0,1,1,2,2,2,2
0.465841,0.006488,0.078133,0.008906,0.077888,0.023150,0.000000,0.048506,0.003721,0.010502,0.167017,0.035795,0.000000,0.004027,0.000000,0.001708,0,1,1,2,2,2,2
0.477337,0.005153,0.075016,0.010243,0.081675,0.025671,0.000000,0.047333,0.022008,0.010238,0.147344,0.033950,0.011562,0.003464,0.000000,0.003680,0,1,1,2,2,2,2
0.504224,0.004740,0.131279,0.007520,0.058254,0.024302,0.000000,0.037114,0.028456,0.011562,0.154908,0.027010,0.011686,0.005215,0.000000,0.002178,1,2,2,2,2,2,2
0.489276,0.001880,0.085489,0.004428,0.079395,0.020510,0.000000,0.059728,0.004950,0.011686,0.180788,0.034649,0.000000,0.003356,0.000000,0.002417,0,1,1,2,2,2,2
0.483453,0.005091,0.093372,0.012060,0.071536,0.026583,0.000000,0.052897,0.027830,0.010190,0.146185,0.033377,0.000000,0.003196,0.000000,0.001136,0,1,1,2,2,2,2
0.489387,0.006752,0.084195,0.007959,0.078058,0.025497,0.000000,0.050535,0.029338,0.010700,0.147108,0.034488,0.008991,0.003350,0.000000,0.002416,0,1,2,2,2,2,2
0.483865,0.008558,0.092939,0.010164,0.067355,0.023804,0.000000,0.056901,0.016497,0.008991,0.144842,0.035097,0.011322,0.006400,0.000000,0.000995,0,1,2,2,2,2,2
0.485886,0.005787,0.108817,0.010252,0.053276,0.028552,0.000000,0.050824,0.011093,0.011322,0.159135,0.033220,0.009895,0.003101,0.000000,0.000612,0,1,2,2,2,2,2
0.475647,0.001839,0.094775,0.009781,0.076301,0.025036,0.000000,0.040024,0.027269,0.009895,0.163563,0.022481,0.000000,0.002137,0.000000,0.002546,0,1,2,2,2,2,2
0.449230,0.005981,0.043912,0.014680,0.084742,0.017279,0.000000,0.062232,0.011414,0.009661,0.164567,0.028092,0.000000,0.005139,0.000000,0.001531,0,1,1,2,2,2,2
0.497036,0.002807,0.093462,0.004264,0.090983,0.030396,0.000000,0.058125,0.004659,0.010664,0.152880,0.032238,0.010140,0.003437,0.000000,0.002981,1,1,2,2,2,2,2
0.468229,0.008806,0.053424,0.013058,0.077639,0.029133,0.000000,0.036862,0.028927,0.010140,0.173910,0.030283,0.000000,0.002935,0.000000,0.003112,0,1,1,2,2,2,2
0.392921,0.004163,0.091090,0.007104,0.093691,0.029612,0.000000,0.056259,0.000000,0.008418,0.070551,0.027314,0.000000,0.001646,0.000000,0.003073,1,1,2,2,1,1,1
0.374986,0.008240,0.058831,0.012993,0.088103,0.029542,0.000000,0.052551,0.000000,0.009086,0.078835,0.029933,0.000000,0.005890,0.000000,0.000982,0,1,1,2,1,1,1
0.372646,0.004690,0.072229,0.013174,0.072894,0.024719,0.000000,0.042904,0.000000,0.010516,0.086963,0.035831,0.000000,0.007774,0.000000,0.000952,0,1,2,2,1,1,1
0.462619,0.003759,0.072621,0.011018,0.083675,0.022993,0.000000,0.057960,0.020868,0.009306,0.145228,0.027985,0.000000,0.005561,0.000000,0.001645,0,1,2,2,2,2,2
0.488342,0.003976,0.085555,0.006667,0.073816,0.031236,0.000000,0.053812,0.008828,0.009255,0.160222,0.039135,0.008846,0.005542,0.000000,0.001452,0,1,1,2,2,2,2
0.458382,0.006514,0.092258,0.011485,0.058658,0.023790,0.000000,0.059587,0.020346,0.008846,0.143412,0.026477,0.000000,0.006175,0.000000,0.000834,0,1,2,2,2,2,2
0.457203,0.002743,0.075073,0.007546,0.094017,0.032469,0.000000,0.064231,0.000000,0.011166,0.132821,0.030817,0.000000,0.005602,0.000000,0.000718,0,1,1,2,2,2,2
0.474067,0.001972,0.088065,0.008745,0.072594,0.032039,0.000000,0.053412,0.003606,0.008830,0.173078,0.026654,0.000000,0.004171,0.000000,0.000901,0,1,2,2,2,2,2
0.461051,0.004459,0.075658,0.010262,0.084699,0.025363,0.000000,0.055590,0.017285,0.010076,0.145440,0.026012,0.000000,0.004786,0.000000,0.001421,0,1,2,2,2,2,2
0.498505,0.006458,0.086377,0.007469,0.082807,0.022098,0.000000,0.033262,0.022949,0.008812,0.176687,0.032161,0.011067,0.007848,0.000000,0.000510,0,1,2,2,2,2,2
0.505330,0.004549,0.097798,0.006992,0.067352,0.028189,0.000000,0.045528,0.031061,0.011067,0.168076,0.037714,0.000000,0.004876,0.000000,0.002128,0,1,2,2,2,2,2
0.382839,0.007440,0.087423,0.010112,0.071405,0.026723,0.000000,0.051645,0.000000,0.009463,0.068915,0.034496,0.010038,0.003880,0.000000,0.001299,0,1,2,2,1,1,2
0.487402,0.006093,0.104314,0.009785,0.061425,0.024481,0.000000,0.054184,0.010108,0.010038,0.153845,0.036508,0.008832,0.006116,0.000000,0.001673,0,1,1,2,2,2,2
0.495407,0.007646,0.096507,0.006668,0.072721,0.021110,0.000000,0.049801,0.017578,0.008832,0.178794,0.032564,0.000000,0.002683,0.000000,0.000503,1,1,2,2,2,2,2
0.359177,0.002992,0.076023,0.014479,0.061284,0.022801,0.000000,0.067284,0.000000,0.010500,0.067362,0.028449,0.000000,0.006394,0.000000,0.001609,0,1,1,2,1,1,1
0.473905,0.001921,0.095694,0.009541,0.046976,0.032016,0.000000,0.054479,0.018320,0.010165,0.155429,0.039837,0.000000,0.006265,0.000000,0.003262,0,1,1,2,2,2,2
0.391114,0.005893,0.106361,0.006549,0.068681,0.033685,0.000000,0.042359,0.000000,0.010105,0.076625,0.030336,0.000000,0.007367,0.000000,0.003153,0,1,2,2,1,1,1
0.454735,0.005588,0.064323,0.013024,0.076848,0.019528,0.000000,0.044341,0.031511,0.011540,0.150729,0.032120,0.000000,0.004477,0.000000,0.000706,0,1,1,2,2,2,2
0.451354,0.006898,0.087191,0.011445,0.060458,0.021527,0.000000,0.047466,0.021938,0.010291,0.153074,0.026316,0.000000,0.004537,0.000000,0.000213,0,1,1,2,2,2,2
0.464876,0.003266,0.077463,0.013752,0.073623,0.024199,0.000000,0.046247,0.015156,0.009974,0.166144,0.027511,0.000000,0.004398,0.000000,0.003143,0,1,1,2,2,2,2
0.455486,0.001289,0.066736,0.010786,0.092253,0.027196,0.000000,0.050588,0.015540,0.011478,0.140158,0.034056,0.000000,0.005146,0.000000,0.000260,0,1,1,2,2,2,2
0.495171,0.003333,0.098648,0.008243,0.061796,0.028249,0.000000,0.044020,0.012941,0.009893,0.177147,0.033244,0.008772,0.006675,0.000000,0.002210,0,1,2,2,2,2,2
0.479724,0.006267,0.069372,0.013155,0.087915,0.021832,0.000000,0.062336,0.017716,0.008772,0.156824,0.030101,0.000000,0.002226,0.000000,0.003208,0,1,2,2,2,2,2
0.371101,0.004528,0.079368,0.011045,0.072574,0.029575,0.000000,0.060059,0.000000,0.009739,0.067005,0.030689,0.000000,0.003850,0.000000,0.002669,0,1,1,2,1,1,1
0.477047,0.005049,0.092261,0.006940,0.068409,0.023174,0.000000,0.050574,0.021578,0.010257,0.160376,0.032233,0.000000,0.003197,0.000000,0.002999,0,1,1,2,2,2,2
0.474155,0.002687,0.094886,0.014367,0.060812,0.030010,0.000000,0.069382,0.002181,0.008849,0.156136,0.031427,0.000000,0.002881,0.000000,0.000537,1,1,1,2,2,2,2
0.396408,0.004681,0.070045,0.008218,0.030405,0.015094,0.000000,0.062392,0.020261,0.010044,0.145632,0.024171,0.000000,0.003504,0.000000,0.001961,0,1,1,2,1,2,2
0.497258,0.001897,0.135732,0.006468,0.031535,0.025216,0.015113,0.045994,0.000000,0.009924,0.176999,0.030771,0.009678,0.005539,0.000000,0.002392,0,1,1,2,2,2,2
0.467016,0.001583,0.068992,0.005589,0.076504,0.027764,0.000000,0.045561,0.023274,0.009678,0.151716,0.036358,0.009426,0.008481,0.000000,0.002090,0,1,1,2,2,2,2
0.487712,0.003758,0.088454,0.007169,0.092700,0.022646,0.000000,0.038348,0.031563,0.009426,0.153036,0.031434,0.000000,0.006445,0.000000,0.002733,0,1,2,2,2,2,2
0.453009,0.004544,0.052277,0.005084,0.093366,0.024060,0.000000,0.044914,0.028557,0.011310,0.159416,0.026188,0.000000,0.001898,0.000000,0.001395,0,1,1,2,2,2,2
0.371471,0.005348,0.078986,0.006641,0.064812,0.033116,0.000000,0.041018,0.000000,0.009440,0.081834,0.031570,0.010322,0.005672,0.000000,0.002712,0,1,1,2,1,1,1
0.442343,0.002594,0.060749,0.006999,0.089753,0.024166,0.000000,0.044250,0.023657,0.010322,0.140674,0.033114,0.000000,0.002963,0.000000,0.003102,0,1,1,2,2,2,2
0.469011,0.008215,0.071467,0.010108,0.062417,0.022589,0.000000,0.051671,0.015456,0.010223,0.167564,0.034361,0.009338,0.003413,0.000000,0.002189,0,1,1,2,2,2,2
0.515626,0.005751,0.100854,0.008795,0.072091,0.032626,0.000000,0.053394,0.015661,0.009338,0.171387,0.035465,0.000000,0.007612,0.000000,0.002652,1,1,2,2,2,2,2
0.364172,0.005540,0.073255,0.007502,0.085230,0.019358,0.000000,0.057117,0.000000,0.011153,0.061176,0.028683,0.010591,0.004030,0.000000,0.000537,0,1,1,2,1,1,1
0.449877,0.005972,0.077927,0.008631,0.074990,0.024648,0.000000,0.044501,0.011651,0.010591,0.163384,0.020997,0.000000,0.004116,0.000000,0.002469,0,1,1,2,2,2,2
0.394522,0.004526,0.104742,0.009369,0.080149,0.020101,0.000000,0.054029,0.000000,0.010519,0.077687,0.028876,0.000000,0.003850,0.000000,0.000674,1,2,2,2,1,1,1
0.473209,0.006764,0.067327,0.013193,0.080296,0.030715,0.000000,0.038421,0.024104,0.009486,0.165865,0.022032,0.010386,0.002918,0.000000,0.001702,0,1,2,2,2,2,2
0.478824,0.004379,0.068642,0.013425,0.083369,0.027965,0.000000,0.057441,0.006370,0.010386,0.160154,0.030703,0.008298,0.004604,0.000000,0.003088,0,1,2,2,2,2,2
0.480342,0.005966,0.092944,0.010434,0.056039,0.024859,0.000000,0.046794,0.027921,0.008298,0.165218,0.034398,0.000000,0.005176,0.000000,0.002295,0,1,1,2,2,2,2
0.387080,0.005166,0.020081,0.007625,0.074543,0.033682,0.000000,0.068364,0.003823,0.010282,0.134762,0.021375,0.000000,0.005868,0.000000,0.001509,0,1,1,2,1,2,2
0.476413,0.001708,0.082675,0.005552,0.089702,0.018629,0.000000,0.059972,0.000000,0.010178,0.155010,0.035140,0.009786,0.005420,0.000000,0.002641,0,1,2,2,2,2,2
0.492189,0.003957,0.088680,0.011806,0.068854,0.024753,0.000000,0.059522,0.002348,0.009786,0.173332,0.039670,0.000000,0.006782,0.000000,0.002699,0,1,1,2,2,2,2
0.484258,0.004278,0.088674,0.015125,0.068098,0.023091,0.000000,0.053852,0.036756,0.009662,0.138607,0.027943,0.011506,0.004759,0.000000,0.001907,0,1,1,2,2,2,2
0.490717,0.004780,0.094138,0.010924,0.073729,0.022486,0.000000,0.052885,0.009281,0.011506,0.178349,0.027236,0.000000,0.002388,0.000000,0.003015,0,1,2,2,2,2,2
0.386634,0.006793,0.100506,0.011988,0.069972,0.026995,0.000000,0.047414,0.000000,0.009492,0.078896,0.028589,0.000000,0.004934,0.000000,0.001055,0,1,2,2,1,1,1
0.471970,0.005120,0.058037,0.011207,0.080195,0.026802,0.000000,0.059355,0.012753,0.009956,0.153040,0.038900,0.011091,0.003949,0.000000,0.001565,0,1,1,2,2,2,2
0.451511,0.007543,0.066834,0.006663,0.079939,0.022070,0.000000,0.042934,0.032471,0.011091,0.149328,0.027453,0.000000,0.003486,0.000000,0.001699,0,1,1,2,2,2,2
0.474383,0.003512,0.094131,0.014438,0.078731,0.024729,0.000000,0.045328,0.023167,0.010127,0.138549,0.031701,0.000000,0.007847,0.000000,0.002123,1,1,2,2,2,2,2
0.449985,0.004745,0.081301,0.009306,0.062335,0.027073,0.000000,0.052079,0.003641,0.010660,0.154288,0.028240,0.010073,0.002920,0.000000,0.003324,0,1,1,2,2,2,2
0.474876,0.004154,0.100025,0.012323,0.077831,0.026526,0.000000,0.046913,0.001545,0.010073,0.165626,0.025211,0.000000,0.004146,0.000000,0.000503,1,1,2,2,2,2,2
0.480744,0.005506,0.091964,0.010980,0.085867,0.023330,0.000000,0.060169,0.000000,0.010422,0.161706,0.027779,0.000000,0.001909,0.000000,0.001112,1,1,2,2,2,2,2
0.462698,0.006388,0.111010,0.005639,0.045441,0.023663,0.000000,0.055935,0.000310,0.009887,0.169433,0.031910,0.000000,0.001984,0.000000,0.001098,0,1,1,2,2,2,2
0.471203,0.003204,0.090057,0.013449,0.060498,0.023524,0.000000,0.045584,0.027737,0.011503,0.162201,0.025509,0.000000,0.004910,0.000000,0.003027,0,1,1,2,2,2,2
0.370810,0.003743,0.094092,0.013220,0.060545,0.022664,0.000000,0.034493,0.000000,0.008758,0.086760,0.031736,0.009687,0.003471,0.000000,0.001641,0,1,1,2,1,1,1
0.453801,0.006858,0.081330,0.007659,0.082116,0.021103,0.000000,0.055111,0.003549,0.009687,0.158930,0.025648,0.000000,0.001675,0.000000,0.000135,0,1,1,2,2,2,2
0.496812,0.002370,0.082303,0.007147,0.085943,0.029706,0.000000,0.055429,0.000000,0.009002,0.173335,0.030036,0.011232,0.008999,0.000000,0.001310,0,1,2,2,2,2,2
0.476869,0.007141,0.099796,0.013766,0.055919,0.019179,0.000000,0.057436,0.024322,0.011232,0.151479,0.023282,0.009007,0.001709,0.000000,0.002601,0,1,2,2,2,2,2
0.461596,0.003597,0.094593,0.011932,0.067968,0.027323,0.000000,0.040218,0.019876,0.009007,0.153289,0.025072,0.000000,0.007048,0.000000,0.001673,0,1,1,2,2,2,2
0.493464,0.004307,0.087836,0.012489,0.075279,0.029050,0.000000,0.042219,0.011126,0.008537,0.173260,0.032754,0.009952,0.003985,0.000000,0.002670,0,1,2,2,2,2,2
0.433316,0.002910,0.056235,0.010608,0.086142,0.024349,0.000000,0.048618,0.015019,0.009952,0.143959,0.029029,0.000000,0.004557,0.000000,0.001938,0,1,1,2,1,2,2
0.460668,0.006772,0.101842,0.009778,0.068148,0.030773,0.000000,0.048618,0.003309,0.009563,0.153723,0.026547,0.000000,0.001377,0.000000,0.000218,0,1,2,2,2,2,2
0.458957,0.003547,0.052589,0.007390,0.081534,0.024200,0.000000,0.044314,0.013890,0.009626,0.175818,0.027042,0.010746,0.006308,0.000000,0.001953,0,1,1,2,2,2,2
0.437162,0.003378,0.066616,0.008016,0.072693,0.022007,0.000000,0.056315,0.013395,0.010746,0.156024,0.020921,0.000000,0.004400,0.000000,0.002651,0,1,1,2,2,2,2
0.495791,0.006951,0.107882,0.008199,0.071291,0.026377,0.000000,0.030350,0.018126,0.010702,0.178206,0.031033,0.000000,0.004873,0.000000,0.001801,1,1,2,2,2,2,2
0.478135,0.003866,0.076853,0.010074,0.070190,0.027287,0.000000,0.048483,0.027020,0.010343,0.159324,0.038590,0.000000,0.003425,0.000000,0.002680,0,1,1,2,2,2,2
0.403498,0.005466,0.106267,0.009822,0.076911,0.032622,0.000000,0.061092,0.000000,0.010026,0.067529,0.029174,0.000000,0.002634,0.000000,0.001955,1,1,2,3,1,1,2
0.389792,0.007327,0.107690,0.009554,0.073843,0.031505,0.000000,0.044326,0.000000,0.010301,0.067118,0.031643,0.000000,0.003954,0.000000,0.002531,1,2,2,2,1,2,2
0.452805,0.003578,0.073171,0.014790,0.076174,0.029693,0.000000,0.051999,0.004198,0.010331,0.158656,0.024695,0.000000,0.004478,0.000000,0.001042,0,1,1,2,2,2,2
0.466181,0.002789,0.078065,0.015187,0.066153,0.031137,0.000000,0.053710,0.006360,0.009279,0.152509,0.032118,0.009953,0.007547,0.000000,0.001374,0,1,1,2,2,2,2
0.440196,0.007876,0.046041,0.011783,0.081614,0.026765,0.007083,0.034267,0.002306,0.009953,0.167943,0.029186,0.009920,0.003819,0.000000,0.001640,0,1,1,2,1,2,2
0.428672,0.005717,0.051037,0.013554,0.068285,0.024285,0.000000,0.047762,0.015098,0.009920,0.154445,0.025365,0.009794,0.002511,0.000000,0.000899,0,1,1,2,1,2,2
0.487748,0.006926,0.071748,0.009124,0.079075,0.023117,0.000000,0.055185,0.006714,0.009794,0.178706,0.039406,0.000000,0.004631,0.000000,0.003322,0,1,1,2,2,2,2
0.377079,0.007552,0.087311,0.009176,0.071018,0.023448,0.000000,0.068223,0.000000,0.009922,0.072621,0.022696,0.000000,0.002645,0.000000,0.002467,0,1,1,2,1,1,1
0.391317,0.004539,0.095641,0.007331,0.073129,0.024464,0.000000,0.045501,0.000000,0.009716,0.081816,0.035146,0.008820,0.003352,0.000000,0.001862,0,1,1,2,1,1,1
0.473213,0.004973,0.089141,0.013299,0.074008,0.024779,0.000000,0.047295,0.026827,0.008820,0.145376,0.030214,0.000000,0.005665,0.000000,0.002816,1,1,2,2,2,2,2
0.471639,0.007089,0.083693,0.014111,0.080093,0.033498,0.000000,0.047706,0.004973,0.009414,0.151447,0.032598,0.000000,0.004496,0.000000,0.002521,0,1,2,2,2,2,2
0.462967,0.005282,0.096180,0.013083,0.062960,0.028856,0.000000,0.037756,0.027191,0.009505,0.150800,0.023913,0.000000,0.004614,0.000000,0.002827,1,1,2,2,2,2,2
0.490713,0.006120,0.086404,0.009095,0.084847,0.025492,0.000000,0.057460,0.000000,0.010043,0.173913,0.031185,0.000000,0.003899,0.000000,0.002255,0,1,2,2,2,2,2
0.493596,0.005793,0.102113,0.009078,0.073690,0.030158,0.000000,0.043747,0.027014,0.010585,0.153131,0.022708,0.010773,0.003227,0.000000,0.001579,1,1,2,2,2,2,2
0.496141,0.007154,0.097051,0.009847,0.076371,0.033024,0.004103,0.044281,0.006355,0.010773,0.167257,0.032081,0.000000,0.006379,0.000000,0.001465,1,1,2,2,2,2,2
0.480722,0.004321,0.135706,0.009119,0.044567,0.016159,0.000000,0.056620,0.031528,0.011780,0.130813,0.032755,0.000000,0.007049,0.000000,0.000305,0,1,2,2,2,2,2
0.484956,0.006939,0.083670,0.010328,0.090203,0.028313,0.000000,0.060566,0.001699,0.008464,0.158094,0.029405,0.000000,0.005747,0.000000,0.001528,0,1,2,2,2,2,2
0.467546,0.004236,0.076778,0.013102,0.064458,0.025532,0.000000,0.057204,0.011325,0.010373,0.162261,0.026437,0.008521,0.006436,0.000000,0.000883,0,1,1,2,2,2,2
0.473783,0.006036,0.076575,0.006718,0.079143,0.030241,0.000000,0.033964,0.022180,0.008521,0.170357,0.024317,0.011033,0.002269,0.000000,0.002429,0,1,1,2,2,2,2
0.453512,0.007385,0.070817,0.008710,0.074508,0.024162,0.000000,0.053369,0.021823,0.011033,0.147216,0.030305,0.000000,0.003475,0.000000,0.000709,0,1,2,2,2,2,2
0.434700,0.002801,0.034206,0.012302,0.088413,0.020182,0.000000,0.032817,0.028918,0.009267,0.166821,0.032693,0.000000,0.005174,0.000000,0.001106,0,1,1,2,2,2,2
0.478083,0.003178,0.085464,0.007831,0.079622,0.018568,0.000000,0.039839,0.035659,0.008472,0.153621,0.038839,0.000000,0.005583,0.000000,0.001407,0,1,1,2,2,2,2
0.469215,0.005968,0.081362,0.005452,0.082474,0.026353,0.000000,0.063998,0.014188,0.010614,0.143935,0.028628,0.000000,0.004127,0.000000,0.002116,0,1,1,2,2,2,2
0.466633,0.003959,0.092415,0.011595,0.068153,0.024377,0.000000,0.057783,0.008097,0.009448,0.156864,0.028454,0.000000,0.004327,0.000000,0.001161,0,1,2,2,2,2,2
0.493598,0.001033,0.136901,0.011139,0.026131,0.030622,0.000000,0.053977,0.008160,0.009598,0.159673,0.039649,0.011094,0.003544,0.000000,0.002077,0,1,2,2,2,2,2
0.484592,0.004696,0.089588,0.004706,0.078508,0.022646,0.000000,0.040756,0.038255,0.011094,0.154095,0.032799,0.000000,0.003471,0.000000,0.003978,0,1,2,2,2,2,2
0.350347,0.005920,0.050664,0.015701,0.077869,0.033555,0.000000,0.058284,0.000000,0.010039,0.065344,0.024349,0.000000,0.007892,0.000000,0.000730,0,1,1,2,1,1,1
0.503383,0.001645,0.142732,0.007072,0.036884,0.025440,0.000000,0.042316,0.027550,0.009999,0.168022,0.033167,0.000000,0.006115,0.000000,0.002441,0,1,2,2,2,2,2
0.339396,0.001583,0.065587,0.014371,0.064878,0.028170,0.000000,0.043001,0.000000,0.010983,0.070894,0.033982,0.000000,0.002478,0.000000,0.003469,0,1,1,2,1,1,1
0.489343,0.008131,0.089473,0.007053,0.072544,0.030569,0.000000,0.041727,0.020270,0.009836,0.159418,0.034590,0.010219,0.003383,0.000000,0.002130,1,1,2,2,2,2,2
0.477326,0.002313,0.099724,0.009262,0.072932,0.016642,0.000000,0.044633,0.032375,0.010219,0.156842,0.025427,0.000000,0.005342,0.000000,0.001615,0,1,2,2,2,2,2
0.448695,0.004164,0.066240,0.010941,0.079314,0.026037,0.000000,0.054568,0.001868,0.008463,0.154515,0.035858,0.000000,0.003984,0.000000,0.002743,0,1,1,2,2,2,2
0.450608,0.006887,0.118946,0.011151,0.022303,0.026891,0.000000,0.033129,0.028894,0.008913,0.154433,0.035020,0.000000,0.003097,0.000000,0.000944,0,1,1,2,2,2,2
0.475037,0.003664,0.062638,0.012519,0.081657,0.023663,0.005894,0.055323,0.006993,0.009318,0.175221,0.026365,0.000000,0.008757,0.000000,0.003025,0,1,1,2,2,2,2
0.440715,0.002991,0.089685,0.008995,0.061554,0.029572,0.000000,0.057851,0.025246,0.011013,0.118692,0.023324,0.000000,0.008359,0.000000,0.003433,0,1,1,2,2,2,2
0.465227,0.005937,0.080270,0.005211,0.072755,0.025946,0.000000,0.048905,0.000000,0.010898,0.166319,0.035944,0.008373,0.001787,0.000000,0.002882,0,1,1,2,2,2,2
0.501316,0.007046,0.102518,0.008341,0.083594,0.022827,0.000000,0.046346,0.016465,0.008373,0.166658,0.032627,0.000000,0.004389,0.000000,0.002132,1,1,2,2,2,2,2
0.514517,0.004891,0.120804,0.012617,0.065423,0.031796,0.000000,0.054116,0.012107,0.008810,0.164534,0.030800,0.000000,0.006511,0.000000,0.002108,1,2,2,2,2,2,2
0.380270,0.005205,0.081657,0.009665,0.077159,0.020434,0.000000,0.043548,0.000000,0.008978,0.081074,0.035403,0.009869,0.005122,0.000000,0.002156,1,1,1,2,1,1,1
0.455309,0.002038,0.089795,0.014878,0.061195,0.020209,0.000000,0.059988,0.016097,0.009869,0.147032,0.027001,0.000000,0.003506,0.000000,0.003701,0,1,1,2,2,2,2
0.486905,0.006184,0.076595,0.008009,0.088173,0.027734,0.000000,0.059303,0.000000,0.008480,0.172377,0.032435,0.000000,0.006918,0.000000,0.000697,0,1,1,2,2,2,2
0.391674,0.004783,0.084534,0.006517,0.091697,0.025098,0.000000,0.056268,0.000000,0.010996,0.058715,0.032426,0.010388,0.008240,0.000000,0.002012,0,1,2,2,1,1,1
0.487654,0.005800,0.098949,0.009355,0.067663,0.024963,0.005223,0.061093,0.001042,0.010388,0.148386,0.038774,0.010461,0.004303,0.000000,0.001254,0,1,1,2,2,2,2
0.488353,0.004630,0.092374,0.008470,0.074011,0.022232,0.000000,0.048656,0.021129,0.010461,0.172716,0.025595,0.000000,0.004565,0.000000,0.003514,0,1,2,2,2,2,2
0.467377,0.002770,0.102317,0.009280,0.074438,0.031248,0.008488,0.039271,0.019320,0.010007,0.131980,0.029955,0.000000,0.005813,0.000000,0.002490,1,1,2,2,2,2,2
0.467370,0.007775,0.078196,0.013152,0.057234,0.025105,0.000000,0.060811,0.000000,0.010832,0.168838,0.035308,0.000000,0.007904,0.000000,0.002215,0,1,1,2,2,2,2
0.353845,0.006036,0.050294,0.012888,0.082235,0.015329,0.000000,0.045620,0.000000,0.009824,0.078024,0.034884,0.011706,0.004856,0.000000,0.002149,0,1,1,2,1,1,1
0.497168,0.003603,0.099587,0.008916,0.079766,0.029093,0.000000,0.030707,0.017067,0.011706,0.179852,0.032408,0.000000,0.001766,0.000000,0.002697,0,1,2,2,2,2,2
0.373974,0.008448,0.067131,0.012416,0.071986,0.029896,0.000000,0.042050,0.000000,0.009812,0.096260,0.029362,0.000000,0.005147,0.000000,0.001466,0,1,1,2,1,1,1
0.362723,0.006085,0.079233,0.011343,0.067220,0.026397,0.000000,0.051134,0.000000,0.008519,0.079301,0.028992,0.000000,0.002368,0.000000,0.002131,0,1,1,2,1,1,1
0.464015,0.005369,0.077431,0.009497,0.073318,0.025876,0.000000,0.055984,0.014610,0.009988,0.151236,0.029234,0.008761,0.002406,0.000000,0.000305,0,1,1,2,2,2,2
0.513554,0.005670,0.111850,0.008197,0.070014,0.024655,0.000000,0.036868,0.028553,0.008761,0.174229,0.026338,0.011276,0.006236,0.000000,0.000907,1,1,2,2,2,2,2
0.442704,0.007683,0.076793,0.011351,0.074996,0.023565,0.000000,0.054446,0.014450,0.011276,0.140888,0.022136,0.000000,0.004448,0.000000,0.000672,0,1,1,2,2,2,2
0.482047,0.006378,0.084698,0.011039,0.066190,0.018779,0.000000,0.051020,0.005884,0.009012,0.186069,0.034402,0.000000,0.006469,0.000000,0.002107,0,1,1,2,2,2,2
0.369032,0.005165,0.080846,0.006169,0.071541,0.024452,0.000000,0.068882,0.000000,0.010780,0.060651,0.024448,0.010530,0.004023,0.000000,0.001545,0,1,1,2,1,1,1
0.462541,0.005589,0.088026,0.013083,0.070423,0.023828,0.000000,0.040268,0.014264,0.010530,0.162095,0.028375,0.000000,0.003970,0.000000,0.002090,0,1,2,2,2,2,2
0.487881,0.005453,0.094293,0.009179,0.065685,0.021001,0.000000,0.052875,0.012954,0.010022,0.174260,0.034745,0.000000,0.006932,0.000000,0.000482,0,1,2,2,2,2,2
0.449753,0.007024,0.123041,0.012953,0.039918,0.032131,0.000000,0.041391,0.032474,0.009179,0.120929,0.023558,0.000000,0.005106,0.000000,0.002049,1,1,1,2,2,2,2
0.483994,0.006418,0.085073,0.008976,0.076459,0.019675,0.000000,0.053348,0.000000,0.009606,0.176653,0.029461,0.011153,0.004588,0.000000,0.002584,0,1,2,2,2,2,2
0.477858,0.004970,0.101025,0.009963,0.061566,0.032670,0.000000,0.051853,0.006872,0.011153,0.155690,0.033313,0.000000,0.007171,0.000000,0.001612,0,1,1,2,2,2,2
0.445083,0.007193,0.064095,0.008810,0.064042,0.022180,0.000000,0.063216,0.014881,0.010532,0.149440,0.026633,0.009026,0.003309,0.000000,0.001726,0,1,1,2,2,2,2
0.485649,0.004766,0.094492,0.013004,0.071640,0.020907,0.000000,0.058357,0.003223,0.009026,0.173709,0.029302,0.000000,0.006285,0.000000,0.000938,1,1,2,2,2,2,2
0.464670,0.006634,0.060221,0.008169,0.081043,0.030640,0.000000,0.056030,0.012020,0.009629,0.151208,0.032140,0.011672,0.004383,0.000000,0.000881,0,1,1,2,2,2,2
0.473456,0.008085,0.087704,0.008132,0.080632,0.027815,0.000000,0.052612,0.016086,0.011672,0.138869,0.023290,0.010535,0.005137,0.000000,0.002887,1,1,2,2,2,2,2
0.457153,0.005110,0.068873,0.011918,0.072965,0.021410,0.000000,0.037541,0.007919,0.010535,0.167610,0.034545,0.009554,0.006501,0.000000,0.002672,0,1,1,2,2,2,2
0.479271,0.002287,0.060710,0.011010,0.088443,0.027209,0.000000,0.041950,0.008150,0.009554,0.178407,0.030459,0.011001,0.008235,0.000000,0.001856,0,1,1,2,2,2,2
0.442842,0.006567,0.093543,0.006514,0.047201,0.028987,0.000000,0.049703,0.026606,0.011001,0.138527,0.026684,0.000000,0.005266,0.000000,0.002243,0,1,1,2,2,2,2
0.504699,0.006910,0.112188,0.004067,0.074328,0.027197,0.002545,0.042187,0.006767,0.010338,0.168151,0.032130,0.009302,0.005916,0.000000,0.002673,1,1,2,2,2,2,2
0.442994,0.008833,0.068470,0.013524,0.074375,0.019710,0.000000,0.060224,0.011553,0.009302,0.149576,0.022593,0.000000,0.002149,0.000000,0.002685,0,1,1,2,2,2,2
0.453621,0.008998,0.064965,0.007176,0.093739,0.023553,0.000000,0.038090,0.006077,0.010062,0.170378,0.024523,0.000000,0.005261,0.000000,0.000799,1,1,1,2,2,2,2
0.486236,0.004755,0.086352,0.005169,0.077497,0.024775,0.000000,0.037859,0.015691,0.011094,0.165719,0.038297,0.008822,0.007479,0.000000,0.002727,0,1,1,2,2,2,2
0.473228,0.002095,0.082736,0.008249,0.089682,0.032349,0.000000,0.042337,0.014430,0.008822,0.158113,0.029290,0.000000,0.001847,0.000000,0.003278,0,1,2,2,2,2,2
0.383129,0.008056,0.065258,0.005736,0.092702,0.027258,0.000000,0.050527,0.000000,0.009729,0.087805,0.031579,0.000000,0.003725,0.000000,0.000754,1,1,2,2,1,1,1
0.371569,0.006546,0.066521,0.013368,0.094297,0.020764,0.000000,0.041476,0.000000,0.010157,0.071690,0.039667,0.000000,0.004338,0.000000,0.002745,0,1,2,2,1,1,1
0.465495,0.005754,0.095389,0.014660,0.060293,0.025787,0.000000,0.057774,0.009760,0.009803,0.148081,0.031722,0.000000,0.004941,0.000000,0.001531,0,1,2,2,2,2,2
0.472825,0.006632,0.086923,0.010771,0.081366,0.028020,0.000000,0.048433,0.004642,0.011470,0.156085,0.029855,0.000000,0.005757,0.000000,0.002871,0,1,2,2,2,2,2
0.487112,0.005793,0.091736,0.007823,0.070942,0.030451,0.000000,0.063357,0.002731,0.009435,0.164177,0.034443,0.000000,0.005016,0.000000,0.001208,0,1,2,2,2,2,2
0.479315,0.003048,0.085868,0.010023,0.082022,0.029738,0.000000,0.059038,0.018771,0.009985,0.146943,0.024295,0.000000,0.008079,0.000000,0.001505,0,1,2,2,2,2,2
0.476594,0.006215,0.084180,0.011115,0.089183,0.029733,0.000000,0.049772,0.009371,0.010751,0.149031,0.031851,0.000000,0.004614,0.000000,0.000778,1,1,2,2,2,2,2
0.447292,0.002879,0.063774,0.007532,0.083578,0.031845,0.000000,0.063308,0.000000,0.009315,0.149986,0.028199,0.000000,0.003909,0.000000,0.002967,0,1,1,2,2,2,2
