t,finish1,finish1_force,finish2,finish2_force,finish3,release1,release2,release3,res0_DROP,res0_EXECUTION,res0_FORCE,res0_FREE,res0_RELEASE,res0_SPAWN,res0_TAKEN,start1,start2,start3
0.000000,0,0,0,0,0,1,0,1,0,1,0,1,0,1,0,1,0,1
0.015867,1,0,0,1,0,0,1,0,0,1,1,0,1,1,1,0,1,0
0.036536,0,0,0,0,1,0,0,0,0,0,0,0,0,0,0,0,0,0
0.038015,0,0,1,0,0,0,0,0,1,0,0,0,1,0,0,0,0,0
0.051002,0,0,0,0,0,0,0,1,0,0,0,0,0,0,0,0,0,1
0.051815,0,0,0,0,0,1,0,0,0,1,0,1,0,1,0,1,0,0
0.064162,1,0,0,1,0,0,1,0,0,1,1,0,1,1,1,0,1,0
0.088393,0,0,0,0,1,0,0,0,0,0,0,0,0,0,0,0,0,0
0.089851,0,0,1,0,0,0,0,0,1,0,0,0,1,0,0,0,0,0
0.099026,0,0,0,0,0,1,0,0,0,1,0,1,0,1,0,1,0,0
0.100970,0,0,0,0,0,0,0,1,0,0,0,0,0,0,0,0,0,1
0.118121,1,0,0,1,0,0,1,0,0,1,1,0,1,1,1,0,1,0
0.136702,0,0,0,0,1,0,0,0,0,0,0,0,0,0,0,0,0,0
0.141588,0,0,1,0,0,0,0,0,1,0,0,0,1,0,0,0,0,0
0.149134,0,0,0,0,0,0,0,1,0,0,0,0,0,0,0,0,0,1
0.150227,0,0,0,0,0,1,0,0,0,1,0,1,0,1,0,1,0,0
0.164071,1,0,0,0,0,0,0,0,1,0,0,0,1,0,0,0,0,0
0.182493,0,0,0,0,1,0,0,0,0,0,0,0,0,0,0,0,0,0
0.199368,0,0,0,0,0,0,0,1,0,0,0,0,0,0,0,0,0,1
0.199815,0,0,0,0,0,1,1,0,0,1,0,1,0,1,0,1,0,0
0.214411,1,0,0,1,0,0,0,0,0,1,1,0,1,0,0,0,1,0
0.235526,0,0,0,0,1,0,0,0,0,0,0,0,0,0,0,0,0,0
0.237868,0,0,1,0,0,0,0,0,1,0,0,0,1,0,0,0,0,0
0.245923,0,0,0,0,0,0,1,0,0,1,0,1,0,1,0,0,1,0
0.248535,0,0,0,0,0,0,0,1,0,0,0,0,0,0,0,0,0,1
0.250786,0,0,0,0,0,1,0,0,0,0,0,0,0,1,1,0,0,0
0.266588,0,1,1,0,0,0,0,0,0,1,1,0,1,0,0,1,0,0
0.283460,0,0,0,0,1,0,0,0,0,0,0,0,0,0,0,0,0,0
0.283878,1,0,0,1,0,0,1,0,0,1,1,0,1,1,1,0,1,0
0.298476,0,0,0,0,0,1,0,0,0,0,0,0,0,1,1,0,0,0
0.300468,0,0,0,0,0,0,0,1,0,0,0,0,0,0,0,0,0,1
0.312617,0,1,1,0,0,0,0,0,0,1,1,0,1,0,0,1,0,0
0.328100,1,0,0,1,0,0,1,0,0,1,1,0,1,1,1,0,1,0
0.338892,0,0,0,0,1,0,0,0,0,0,0,0,0,0,0,0,0,0
0.348868,0,0,0,0,0,0,0,1,0,0,0,0,0,0,0,0,0,1
0.349557,0,0,0,0,0,1,0,0,0,0,0,0,0,1,1,0,0,0
0.355579,0,1,1,0,0,0,0,0,0,1,1,0,1,0,0,1,0,0
0.370501,1,0,0,0,0,0,0,0,1,0,0,0,1,0,0,0,0,0
0.386987,0,0,0,0,1,0,0,0,0,0,0,0,0,0,0,0,0,0
0.398661,0,0,0,0,0,0,1,1,0,1,0,1,0,1,0,0,1,1
0.400807,0,0,0,0,0,1,0,0,0,0,0,0,0,1,1,0,0,0
0.424112,0,1,1,0,0,0,0,0,0,1,1,0,1,0,0,1,0,0
0.433287,0,0,0,0,1,0,0,0,0,0,0,0,0,0,0,0,0,0
0.439227,1,0,0,1,0,0,1,0,0,1,1,0,1,1,1,0,1,0
0.447012,0,0,0,0,0,0,0,1,0,0,0,0,0,0,0,0,0,1
0.448500,0,0,0,0,0,1,0,0,0,0,0,0,0,1,1,0,0,0
0.468601,0,1,1,0,0,0,0,0,0,1,1,0,1,0,0,1,0,0
0.480897,0,0,0,0,1,0,0,0,0,0,0,0,0,0,0,0,0,0
0.487572,1,0,0,0,0,0,0,0,1,0,0,0,1,0,0,0,0,0
0.496883,0,0,0,0,0,0,1,1,0,1,0,1,0,1,0,0,1,1
0.500520,0,0,0,0,0,1,0,0,0,0,0,0,0,1,1,0,0,0
0.522093,0,1,1,0,0,0,0,0,0,1,1,0,1,0,0,1,0,0
0.528060,0,0,0,0,1,0,0,0,0,0,0,0,0,0,0,0,0,0
0.539780,1,0,0,0,0,0,0,0,1,0,0,0,1,0,0,0,0,0
0.550035,0,0,0,0,0,0,0,1,0,0,0,0,0,0,0,0,0,1
0.551008,0,0,0,0,0,1,0,0,0,1,0,1,0,1,0,1,0,0
0.570247,1,0,0,0,0,0,0,0,1,0,0,0,1,0,0,0,0,0
0.589637,0,0,0,0,1,0,0,0,0,0,0,0,0,0,0,0,0,0
0.598720,0,0,0,0,0,1,0,0,0,1,0,1,0,1,0,1,0,0
0.599339,0,0,0,0,0,0,0,1,0,0,0,0,0,0,0,0,0,1
0.611592,1,0,0,1,0,0,1,0,0,1,1,0,1,1,1,0,1,0
0.620932,0,0,0,0,0,0,1,0,0,0,0,0,0,1,1,0,0,0
0.636968,0,0,0,0,1,0,1,0,0,0,0,0,0,1,1,0,0,0
0.637974,0,0,1,1,0,0,0,0,0,1,1,0,1,0,0,0,1,0
0.649681,0,0,0,0,0,1,0,0,0,0,0,0,0,1,1,0,0,0
0.650805,0,0,0,0,0,0,0,1,0,0,0,0,0,0,0,0,0,1
0.664882,0,1,1,0,0,0,0,0,0,1,1,0,1,0,0,1,0,0
0.675596,1,0,0,1,0,0,1,0,0,1,1,0,1,1,1,0,1,0
0.684561,0,0,0,0,1,0,0,0,0,0,0,0,0,0,0,0,0,0
0.698042,0,0,1,1,0,0,0,0,0,1,1,0,1,0,0,0,1,0
0.701511,0,0,0,0,0,1,0,0,0,0,0,0,0,1,1,0,0,0
0.703866,0,0,0,0,0,0,0,1,0,0,0,0,0,0,0,0,0,1
0.724964,0,1,1,0,0,0,0,0,0,1,1,0,1,0,0,1,0,0
0.735369,0,0,0,0,1,0,0,0,0,0,0,0,0,0,0,0,0,0
0.735706,1,0,0,1,0,0,1,0,0,1,1,0,1,1,1,0,1,0
0.748602,0,0,0,0,0,0,0,1,0,0,0,0,0,0,0,0,0,1
0.751169,0,0,0,0,0,1,0,0,0,0,0,0,0,1,1,0,0,0
0.756020,0,1,1,0,0,0,0,0,0,1,1,0,1,0,0,1,0,0
0.774168,1,0,0,0,0,0,0,0,1,0,0,0,1,0,0,0,0,0
0.785188,0,0,0,0,1,0,1,0,0,1,0,1,0,1,0,0,1,0
0.798280,0,0,0,0,0,0,0,1,0,0,0,0,0,0,0,0,0,1
0.798710,0,0,0,0,0,1,0,0,0,0,0,0,0,1,1,0,0,0
0.806624,0,1,1,0,0,0,0,0,0,1,1,0,1,0,0,1,0,0
0.823119,1,0,0,0,0,0,0,0,1,0,0,0,1,0,0,0,0,0
0.825980,0,0,0,0,0,0,1,0,0,1,0,1,0,1,0,0,1,0
0.828840,0,0,0,0,1,0,0,0,0,0,0,0,0,0,0,0,0,0
0.848814,0,0,0,0,0,0,0,1,0,0,0,0,0,0,0,0,0,1
0.850651,0,0,0,0,0,1,0,0,0,0,0,0,0,1,1,0,0,0
0.854919,0,1,1,0,0,0,0,0,0,1,1,0,1,0,0,1,0,0
0.866121,1,0,0,1,0,0,1,0,0,1,1,0,1,1,1,0,1,0
0.885880,0,0,0,0,1,0,0,0,0,0,0,0,0,0,0,0,0,0
0.891508,0,0,1,0,0,0,0,0,1,0,0,0,1,0,0,0,0,0
0.898912,0,0,0,0,0,1,0,0,0,1,0,1,0,1,0,1,0,0
0.901420,0,0,0,0,0,0,0,1,0,0,0,0,0,0,0,0,0,1
0.915585,1,0,0,0,0,0,0,0,1,0,0,0,1,0,0,0,0,0
0.924582,0,0,0,0,0,0,1,0,0,1,0,1,0,1,0,0,1,0
0.937261,0,0,0,0,1,0,0,0,0,0,0,0,0,0,0,0,0,0
0.949414,0,0,0,0,0,0,0,1,0,0,0,0,0,0,0,0,0,1
0.949901,0,0,0,0,0,1,0,0,0,0,0,0,0,1,1,0,0,0
0.949965,0,1,1,0,0,0,0,0,0,1,1,0,1,0,0,1,0,0
0.961884,1,0,0,0,0,0,0,0,1,0,0,0,1,0,0,0,0,0
0.987673,0,0,0,0,1,0,1,0,0,1,0,1,0,1,0,0,1,0
1.000175,0,0,0,0,0,1,0,0,0,0,0,0,0,1,1,0,0,0
1.001004,0,0,0,0,0,0,0,1,0,0,0,0,0,0,0,0,0,1
1.013055,0,1,1,0,0,0,0,0,0,1,1,0,1,0,0,1,0,0
1.027302,1,0,0,0,0,0,0,0,1,0,0,0,1,0,0,0,0,0
1.030271,0,0,0,0,0,0,1,0,0,1,0,1,0,1,0,0,1,0
1.034690,0,0,0,0,1,0,0,0,0,0,0,0,0,0,0,0,0,0
1.049194,0,0,0,0,0,1,0,0,0,0,0,0,0,1,1,0,0,0
1.050410,0,1,1,0,0,0,0,0,0,1,1,0,1,0,0,1,0,0
1.051596,0,0,0,0,0,0,0,1,0,0,0,0,0,0,0,0,0,1
1.069229,1,0,0,1,0,0,1,0,0,1,1,0,1,1,1,0,1,0
1.084626,0,0,0,0,1,0,0,0,0,0,0,0,0,0,0,0,0,0
1.097367,0,0,1,0,0,0,0,0,1,0,0,0,1,0,0,0,0,0
1.099943,0,0,0,0,0,1,0,0,0,1,0,1,0,1,0,1,0,0
1.101321,0,0,0,0,0,0,0,1,0,0,0,0,0,0,0,0,0,1
1.112310,1,0,0,0,0,0,0,0,1,0,0,0,1,0,0,0,0,0
1.122599,0,0,0,0,0,0,1,0,0,1,0,1,0,1,0,0,1,0
1.138495,0,0,0,0,1,0,0,0,0,0,0,0,0,0,0,0,0,0
1.148250,0,0,1,0,0,0,0,0,1,0,0,0,1,0,0,0,0,0
1.148350,0,0,0,0,0,0,0,1,0,0,0,0,0,0,0,0,0,1
1.150088,0,0,0,0,0,1,0,0,0,1,0,1,0,1,0,1,0,0
1.163760,1,0,0,0,0,0,0,0,1,0,0,0,1,0,0,0,0,0
1.178993,0,0,0,0,1,0,1,0,0,1,0,1,0,1,0,0,1,0
1.199332,0,0,0,0,0,0,0,1,0,0,0,0,0,0,0,0,0,1
1.200319,0,0,0,0,0,1,0,0,0,0,0,0,0,1,1,0,0,0
1.201050,0,1,1,0,0,0,0,0,0,1,1,0,1,0,0,1,0,0
1.217659,1,0,0,1,0,0,1,0,0,1,1,0,1,1,1,0,1,0
1.239059,0,0,0,0,1,0,0,0,0,0,0,0,0,0,0,0,0,0
1.246857,0,0,1,0,0,0,0,0,1,0,0,0,1,0,0,0,0,0
1.246919,0,0,0,0,0,0,0,1,0,0,0,0,0,0,0,0,0,1
1.250665,0,0,0,0,0,1,0,0,0,1,0,1,0,1,0,1,0,0
1.265212,1,0,0,1,0,0,1,0,0,1,1,0,1,1,1,0,1,0
1.281193,0,0,0,0,1,0,0,0,0,0,0,0,0,0,0,0,0,0
1.288395,0,0,1,0,0,0,0,0,1,0,0,0,1,0,0,0,0,0
1.300287,0,0,0,0,0,1,0,0,0,1,0,1,0,1,0,1,0,0
1.301848,0,0,0,0,0,0,0,1,0,0,0,0,0,0,0,0,0,1
1.315048,1,0,0,0,0,0,0,0,1,0,0,0,1,0,0,0,0,0
1.325626,0,0,0,0,0,0,1,0,0,1,0,1,0,1,0,0,1,0
1.336677,0,0,0,0,1,0,0,0,0,0,0,0,0,0,0,0,0,0
1.348680,0,0,1,0,0,0,0,0,1,0,0,0,1,0,0,0,0,0
1.350501,0,0,0,0,0,0,0,1,0,0,0,0,0,0,0,0,0,1
1.351738,0,0,0,0,0,1,0,0,0,1,0,1,0,1,0,1,0,0
1.369231,1,0,0,1,0,0,1,0,0,1,1,0,1,1,1,0,1,0
1.385470,0,0,0,0,1,0,0,0,0,0,0,0,0,0,0,0,0,0
1.392597,0,0,1,0,0,0,0,0,1,0,0,0,1,0,0,0,0,0
1.400762,0,0,0,0,0,1,0,0,0,1,0,1,0,1,0,1,0,0
1.400901,0,0,0,0,0,0,0,1,0,0,0,0,0,0,0,0,0,1
1.412244,1,0,0,1,0,0,1,0,0,1,1,0,1,1,1,0,1,0
1.432920,0,0,1,0,0,0,0,0,1,0,0,0,1,0,0,0,0,0
1.438209,0,0,0,0,1,0,0,0,0,0,0,0,0,0,0,0,0,0
1.450530,0,0,0,0,0,0,0,1,0,0,0,0,0,0,0,0,0,1
1.451556,0,0,0,0,0,1,0,0,0,1,0,1,0,1,0,1,0,0
1.468491,1,0,0,1,0,0,1,0,0,1,1,0,1,1,1,0,1,0
1.487261,0,0,0,0,1,0,0,0,0,0,0,0,0,0,0,0,0,0
1.494066,0,0,1,0,0,0,0,0,1,0,0,0,1,0,0,0,0,0
1.500481,0,0,0,0,0,1,0,0,0,1,0,1,0,1,0,1,0,0
1.502349,0,0,0,0,0,0,0,1,0,0,0,0,0,0,0,0,0,1
1.511965,1,0,0,1,0,0,1,0,0,1,1,0,1,1,1,0,1,0
1.532883,0,0,0,0,1,0,0,0,0,0,0,0,0,0,0,0,0,0
1.539011,0,0,1,0,0,0,0,0,1,0,0,0,1,0,0,0,0,0
1.548916,0,0,0,0,0,1,0,0,0,1,0,1,0,1,0,1,0,0
1.550194,0,0,0,0,0,0,0,1,0,0,0,0,0,0,0,0,0,1
1.565482,1,0,0,1,0,0,1,0,0,1,1,0,1,1,1,0,1,0
1.587275,0,0,1,0,0,0,0,0,1,0,0,0,1,0,0,0,0,0
1.588743,0,0,0,0,1,0,0,0,0,0,0,0,0,0,0,0,0,0
1.599612,0,0,0,0,0,1,0,0,0,1,0,1,0,1,0,1,0,0
1.600273,0,0,0,0,0,0,0,1,0,0,0,0,0,0,0,0,0,1
1.612260,1,0,0,1,0,0,1,0,0,1,1,0,1,1,1,0,1,0
1.633429,0,0,0,0,1,0,0,0,0,0,0,0,0,0,0,0,0,0
1.635428,0,0,1,0,0,0,0,0,1,0,0,0,1,0,0,0,0,0
1.646648,0,0,0,0,0,0,0,1,0,0,0,0,0,0,0,0,0,1
1.649074,0,0,0,0,0,1,0,0,0,1,0,1,0,1,0,1,0,0
1.661163,1,0,0,0,0,0,0,0,1,0,0,0,1,0,0,0,0,0
1.685831,0,0,0,0,1,0,1,0,0,1,0,1,0,1,0,0,1,0
1.700300,0,0,0,0,0,0,0,1,0,0,0,0,0,0,0,0,0,1
1.701693,0,0,0,0,0,1,0,0,0,0,0,0,0,1,1,0,0,0
1.708120,0,1,1,0,0,0,0,0,0,1,1,0,1,0,0,1,0,0
1.719961,1,0,0,1,0,0,1,0,0,1,1,0,1,1,1,0,1,0
1.733564,0,0,0,0,1,0,0,0,0,0,0,0,0,0,0,0,0,0
1.742585,0,0,1,0,0,0,0,0,1,0,0,0,1,0,0,0,0,0
1.748814,0,0,0,0,0,1,0,0,0,1,0,1,0,1,0,1,0,0
1.751126,0,0,0,0,0,0,0,1,0,0,0,0,0,0,0,0,0,1
1.766160,1,0,0,0,0,0,0,0,1,0,0,0,1,0,0,0,0,0
1.785381,0,0,0,0,1,0,0,0,0,0,0,0,0,0,0,0,0,0
1.791609,0,0,0,0,0,0,1,0,0,1,0,1,0,1,0,0,1,0
1.800425,0,0,0,0,0,0,0,1,0,0,0,0,0,0,0,0,0,1
1.801624,0,0,0,0,0,1,0,0,0,0,0,0,0,1,1,0,0,0
1.814853,0,1,1,0,0,0,0,0,0,1,1,0,1,0,0,1,0,0
1.830296,1,0,0,1,0,0,1,0,0,1,1,0,1,1,1,0,1,0
1.833585,0,0,0,0,1,0,0,0,0,0,0,0,0,0,0,0,0,0
1.849464,0,0,0,0,0,0,0,1,0,0,0,0,0,0,0,0,0,1
1.850056,0,0,0,0,0,1,0,0,0,0,0,0,0,1,1,0,0,0
1.857546,0,1,1,0,0,0,0,0,0,1,1,0,1,0,0,1,0,0
1.876887,1,0,0,1,0,0,1,0,0,1,1,0,1,1,1,0,1,0
1.888011,0,0,0,0,1,0,0,0,0,0,0,0,0,0,0,0,0,0
1.898369,0,0,1,0,0,0,0,0,1,0,0,0,1,0,0,0,0,0
1.900856,0,0,0,0,0,0,0,1,0,0,0,0,0,0,0,0,0,1
1.901211,0,0,0,0,0,1,0,0,0,1,0,1,0,1,0,1,0,0
1.919693,1,0,0,0,0,0,0,0,1,0,0,0,1,0,0,0,0,0
1.937473,0,0,0,0,1,0,1,0,0,1,0,1,0,1,0,0,1,0
1.946175,0,0,0,0,0,0,0,1,0,0,0,0,0,0,0,0,0,1
1.950331,0,0,0,0,0,1,0,0,0,0,0,0,0,1,1,0,0,0
1.962917,0,1,1,0,0,0,0,0,0,1,1,0,1,0,0,1,0,0
1.978799,1,0,0,1,0,0,1,0,0,1,1,0,1,1,1,0,1,0
1.980673,0,0,0,0,1,0,0,0,0,0,0,0,0,0,0,0,0,0
1.997273,0,0,0,0,0,0,0,1,0,0,0,0,0,0,0,0,0,1
2.000807,0,0,0,0,0,1,0,0,0,0,0,0,0,1,1,0,0,0
2.002313,0,1,1,0,0,0,0,0,0,1,1,0,1,0,0,1,0,0
2.021123,1,0,0,0,0,0,0,0,1,0,0,0,1,0,0,0,0,0
2.036037,0,0,0,0,1,0,0,0,0,0,0,0,0,0,0,0,0,0
2.049922,0,0,0,0,0,1,1,0,0,1,0,1,0,1,0,1,0,0
2.051113,0,0,0,0,0,0,0,1,0,0,0,0,0,0,0,0,0,1
2.061166,1,0,0,1,0,0,0,0,0,1,1,0,1,0,0,0,1,0
2.085074,0,0,0,0,1,0,1,0,0,0,0,0,0,1,1,0,0,0
2.088910,0,0,1,1,0,0,0,0,0,1,1,0,1,0,0,0,1,0
2.097748,0,0,0,0,0,0,0,1,0,0,0,0,0,0,0,0,0,1
2.099504,0,0,0,0,0,1,0,0,0,0,0,0,0,1,1,0,0,0
2.116402,0,1,1,0,0,0,0,0,0,1,1,0,1,0,0,1,0,0
2.131878,1,0,0,0,0,0,0,0,1,0,0,0,1,0,0,0,0,0
2.133517,0,0,0,0,1,0,1,0,0,1,0,1,0,1,0,0,1,0
2.149103,0,0,0,0,0,1,0,0,0,0,0,0,0,1,1,0,0,0
2.152526,0,0,0,0,0,0,0,1,0,0,0,0,0,0,0,0,0,1
2.161401,0,1,1,0,0,0,0,0,0,1,1,0,1,0,0,1,0,0
2.177109,1,0,0,1,0,0,1,0,0,1,1,0,1,1,1,0,1,0
2.182798,0,0,0,0,1,0,0,0,0,0,0,0,0,0,0,0,0,0
2.196771,0,0,0,0,0,0,0,1,0,0,0,0,0,0,0,0,0,1
2.199811,0,0,0,0,0,1,0,0,0,0,0,0,0,1,1,0,0,0
2.203323,0,1,1,0,0,0,0,0,0,1,1,0,1,0,0,1,0,0
2.216601,1,0,0,0,0,0,0,0,1,0,0,0,1,0,0,0,0,0
2.233638,0,0,0,0,1,0,1,0,0,1,0,1,0,1,0,0,1,0
2.249749,0,0,0,0,0,0,0,1,0,0,0,0,0,0,0,0,0,1
2.249855,0,0,0,0,0,1,0,0,0,0,0,0,0,1,1,0,0,0
2.260932,0,1,1,0,0,0,0,0,0,1,1,0,1,0,0,1,0,0
2.277168,1,0,0,0,0,0,0,0,1,0,0,0,1,0,0,0,0,0
2.288733,0,0,0,0,1,0,0,0,0,0,0,0,0,0,0,0,0,0
2.299311,0,0,0,0,0,1,1,0,0,1,0,1,0,1,0,0,1,0
2.301190,0,0,0,0,0,0,0,1,0,0,0,0,0,0,0,0,0,1
2.321185,0,1,1,0,0,0,0,0,0,1,1,0,1,0,0,1,0,0
2.334603,1,0,0,1,0,0,1,0,0,1,1,0,1,1,1,0,1,0
2.334941,0,0,0,0,1,0,0,0,0,0,0,0,0,0,0,0,0,0
2.347936,0,0,0,0,0,0,0,1,0,0,0,0,0,0,0,0,0,1
2.349479,0,0,0,0,0,1,0,0,0,0,0,0,0,1,1,0,0,0
2.361971,0,1,1,0,0,0,0,0,0,1,1,0,1,0,0,1,0,0
2.372134,1,0,0,0,0,0,0,0,1,0,0,0,1,0,0,0,0,0
2.380155,0,0,0,0,1,0,0,0,0,0,0,0,0,0,0,0,0,0
2.381262,0,0,0,0,0,0,1,0,0,1,0,1,0,1,0,0,1,0
2.399213,0,0,0,0,0,0,0,1,0,0,0,0,0,0,0,0,0,1
2.401170,0,0,0,0,0,1,0,0,0,0,0,0,0,1,1,0,0,0
2.404853,0,1,1,0,0,0,0,0,0,1,1,0,1,0,0,1,0,0
2.420044,1,0,0,0,0,0,0,0,1,0,0,0,1,0,0,0,0,0
2.430044,0,0,0,0,1,0,0,0,0,0,0,0,0,0,0,0,0,0
2.449036,0,0,0,0,0,0,1,1,0,1,0,1,0,1,0,0,1,1
2.449120,0,0,0,0,0,1,0,0,0,0,0,0,0,1,1,0,0,0
2.475375,0,1,1,0,0,0,0,0,0,1,1,0,1,0,0,1,0,0
2.487103,0,0,0,0,1,0,0,0,0,0,0,0,0,0,0,0,0,0
2.490985,1,0,0,1,0,0,1,0,0,1,1,0,1,1,1,0,1,0
2.497429,0,0,0,0,0,0,0,1,0,0,0,0,0,0,0,0,0,1
2.498825,0,0,0,0,0,1,0,0,0,0,0,0,0,1,1,0,0,0
2.515540,0,1,1,0,0,0,0,0,0,1,1,0,1,0,0,1,0,0
2.527290,1,0,0,1,0,0,1,0,0,1,1,0,1,1,1,0,1,0
2.537180,0,0,0,0,1,0,0,0,0,0,0,0,0,0,0,0,0,0
2.550669,0,0,0,0,0,1,0,0,0,0,0,0,0,1,1,0,0,0
2.550914,0,0,0,0,0,0,0,1,0,0,0,0,0,0,0,0,0,1
2.555583,0,1,1,0,0,0,0,0,0,1,1,0,1,0,0,1,0,0
2.567475,1,0,0,0,0,0,0,0,1,0,0,0,1,0,0,0,0,0
2.582502,0,0,0,0,0,0,1,0,0,1,0,1,0,1,0,0,1,0
2.587225,0,0,0,0,1,0,0,0,0,0,0,0,0,0,0,0,0,0
2.598962,0,0,0,0,0,1,0,0,0,0,0,0,0,1,1,0,0,0
2.601551,0,0,0,0,0,0,0,1,0,0,0,0,0,0,0,0,0,1
2.604478,0,1,1,0,0,0,0,0,0,1,1,0,1,0,0,1,0,0
2.617518,1,0,0,1,0,0,1,0,0,1,1,0,1,1,1,0,1,0
2.634222,0,0,0,0,1,0,0,0,0,0,0,0,0,0,0,0,0,0
2.639668,0,0,1,0,0,0,0,0,1,0,0,0,1,0,0,0,0,0
2.647953,0,0,0,0,0,0,0,1,0,0,0,0,0,0,0,0,0,1
2.650205,0,0,0,0,0,1,0,0,0,1,0,1,0,1,0,1,0,0
2.664036,1,0,0,1,0,0,1,0,0,1,1,0,1,1,1,0,1,0
2.680468,0,0,0,0,1,0,0,0,0,0,0,0,0,0,0,0,0,0
2.686426,0,0,1,0,0,0,0,0,1,0,0,0,1,0,0,0,0,0
2.698947,0,0,0,0,0,0,0,1,0,0,0,0,0,0,0,0,0,1
2.700864,0,0,0,0,0,1,0,0,0,1,0,1,0,1,0,1,0,0
2.715802,1,0,0,0,0,0,0,0,1,0,0,0,1,0,0,0,0,0
2.735779,0,0,0,0,1,0,1,0,0,1,0,1,0,1,0,0,1,0
2.751081,0,0,0,0,0,1,0,0,0,0,0,0,0,1,1,0,0,0
2.753327,0,0,0,0,0,0,0,1,0,0,0,0,0,0,0,0,0,1
2.762894,0,1,1,0,0,0,0,0,0,1,1,0,1,0,0,1,0,0
2.782645,1,0,0,1,0,0,1,0,0,1,1,0,1,1,1,0,1,0
2.791140,0,0,0,0,1,0,0,0,0,0,0,0,0,0,0,0,0,0
2.799969,0,0,0,0,0,1,0,0,0,0,0,0,0,1,1,0,0,0
2.802076,0,0,0,0,0,0,0,1,0,0,0,0,0,0,0,0,0,1
2.804487,0,1,1,0,0,0,0,0,0,1,1,0,1,0,0,1,0,0
2.817729,1,0,0,0,0,0,0,0,1,0,0,0,1,0,0,0,0,0
2.829238,0,0,0,0,0,0,1,0,0,1,0,1,0,1,0,0,1,0
2.834280,0,0,0,0,1,0,0,0,0,0,0,0,0,0,0,0,0,0
2.849330,0,0,1,0,0,0,0,0,1,0,0,0,1,0,0,0,0,0
2.849529,0,0,0,0,0,0,0,1,0,0,0,0,0,0,0,0,0,1
2.850552,0,0,0,0,0,1,0,0,0,1,0,1,0,1,0,1,0,0
2.867101,1,0,0,0,0,0,0,0,1,0,0,0,1,0,0,0,0,0
2.870208,0,0,0,0,0,0,1,0,0,1,0,1,0,1,0,0,1,0
2.882119,0,0,0,0,1,0,0,0,0,0,0,0,0,0,0,0,0,0
2.894180,0,0,1,0,0,0,0,0,1,0,0,0,1,0,0,0,0,0
2.900112,0,0,0,0,0,1,0,0,0,1,0,1,0,1,0,1,0,0
2.901446,0,0,0,0,0,0,0,1,0,0,0,0,0,0,0,0,0,1
2.914822,1,0,0,1,0,0,1,0,0,1,1,0,1,1,1,0,1,0
2.937340,0,0,1,0,0,0,0,0,1,0,0,0,1,0,0,0,0,0
2.939991,0,0,0,0,1,0,0,0,0,0,0,0,0,0,0,0,0,0
2.946060,0,0,0,0,0,0,0,1,0,0,0,0,0,0,0,0,0,1
2.949048,0,0,0,0,0,1,0,0,0,1,0,1,0,1,0,1,0,0
2.961281,1,0,0,0,0,0,0,0,1,0,0,0,1,0,0,0,0,0
2.984782,0,0,0,0,1,0,1,0,0,1,0,1,0,1,0,0,1,0
2.998002,0,0,0,0,0,0,0,1,0,0,0,0,0,0,0,0,0,1
3.000947,0,0,0,0,0,1,0,0,0,0,0,0,0,1,1,0,0,0
3.007336,0,1,1,0,0,0,0,0,0,1,1,0,1,0,0,1,0,0
3.017892,1,0,0,0,0,0,0,0,1,0,0,0,1,0,0,0,0,0
3.029123,0,0,0,0,0,0,1,0,0,1,0,1,0,1,0,0,1,0
3.034736,0,0,0,0,1,0,0,0,0,0,0,0,0,0,0,0,0,0
3.048949,0,0,0,0,0,1,0,0,0,0,0,0,0,1,1,0,0,0
3.048990,0,0,0,0,0,0,0,1,0,0,0,0,0,0,0,0,0,1
3.054681,0,1,1,0,0,0,0,0,0,1,1,0,1,0,0,1,0,0
3.068635,1,0,0,0,0,0,0,0,1,0,0,0,1,0,0,0,0,0
3.071809,0,0,0,0,0,0,1,0,0,1,0,1,0,1,0,0,1,0
3.084476,0,0,0,0,1,0,0,0,0,0,0,0,0,0,0,0,0,0
3.092113,0,0,1,0,0,0,0,0,1,0,0,0,1,0,0,0,0,0
3.098444,0,0,0,0,0,1,0,0,0,1,0,1,0,1,0,1,0,0
3.098928,0,0,0,0,0,0,0,1,0,0,0,0,0,0,0,0,0,1
3.111618,1,0,0,1,0,0,1,0,0,1,1,0,1,1,1,0,1,0
3.132837,0,0,1,0,0,0,0,0,1,0,0,0,1,0,0,0,0,0
3.136053,0,0,0,0,1,0,0,0,0,0,0,0,0,0,0,0,0,0
3.149825,0,0,0,0,0,1,0,0,0,1,0,1,0,1,0,1,0,0
3.150050,0,0,0,0,0,0,0,1,0,0,0,0,0,0,0,0,0,1
3.168600,1,0,0,1,0,0,1,0,0,1,1,0,1,1,1,0,1,0
3.186782,0,0,0,0,1,0,0,0,0,0,0,0,0,0,0,0,0,0
3.194394,0,0,1,0,0,0,0,0,1,0,0,0,1,0,0,0,0,0
3.200409,0,0,0,0,0,1,0,0,0,1,0,1,0,1,0,1,0,0
3.200722,0,0,0,0,0,0,0,1,0,0,0,0,0,0,0,0,0,1
3.212036,1,0,0,0,0,0,0,0,1,0,0,0,1,0,0,0,0,0
3.233396,0,0,0,0,1,0,0,0,0,0,0,0,0,0,0,0,0,0
3.250079,0,0,0,0,0,1,1,0,0,1,0,1,0,1,0,1,0,0
3.251785,0,0,0,0,0,0,0,1,0,0,0,0,0,0,0,0,0,1
3.266423,1,0,0,1,0,0,1,0,0,1,1,0,1,1,1,0,1,0
3.288410,0,0,0,0,1,0,0,0,0,0,0,0,0,0,0,0,0,0
3.291179,0,0,1,1,0,0,0,0,0,1,1,0,1,0,0,0,1,0
3.296457,0,0,0,0,0,0,0,1,0,0,0,0,0,0,0,0,0,1
3.299421,0,0,0,0,0,1,0,0,0,0,0,0,0,1,1,0,0,0
3.314556,0,1,1,0,0,0,0,0,0,1,1,0,1,0,0,1,0,0
3.330725,1,0,0,0,0,0,0,0,1,0,0,0,1,0,0,0,0,0
3.331585,0,0,0,0,1,0,1,0,0,1,0,1,0,1,0,0,1,0
3.349791,0,0,0,0,0,0,0,1,0,0,0,0,0,0,0,0,0,1
3.350507,0,0,0,0,0,1,0,0,0,0,0,0,0,1,1,0,0,0
3.351886,0,1,1,0,0,0,0,0,0,1,1,0,1,0,0,1,0,0
3.366579,1,0,0,0,0,0,0,0,1,0,0,0,1,0,0,0,0,0
3.386768,0,0,0,0,0,0,1,0,0,1,0,1,0,1,0,0,1,0
3.388914,0,0,0,0,1,0,0,0,0,0,0,0,0,0,0,0,0,0
3.397471,0,0,0,0,0,0,0,1,0,0,0,0,0,0,0,0,0,1
3.399387,0,0,0,0,0,1,0,0,0,0,0,0,0,1,1,0,0,0
3.408490,0,1,1,0,0,0,0,0,0,1,1,0,1,0,0,1,0,0
3.426922,1,0,0,1,0,0,1,0,0,1,1,0,1,1,1,0,1,0
3.429489,0,0,0,0,1,0,0,0,0,0,0,0,0,0,0,0,0,0
3.446718,0,0,0,0,0,0,0,1,0,0,0,0,0,0,0,0,0,1
3.450171,0,0,1,0,0,0,0,0,1,0,0,0,1,0,0,0,0,0
3.450832,0,0,0,0,0,1,0,0,0,1,0,1,0,1,0,1,0,0
3.466113,1,0,0,0,0,0,0,0,1,0,0,0,1,0,0,0,0,0
3.467860,0,0,0,0,0,0,1,0,0,1,0,1,0,1,0,0,1,0
3.476838,0,0,0,0,1,0,0,0,0,0,0,0,0,0,0,0,0,0
3.495871,0,0,1,0,0,0,0,0,1,0,0,0,1,0,0,0,0,0
3.499060,0,0,0,0,0,1,0,0,0,1,0,1,0,1,0,1,0,0
3.503684,0,0,0,0,0,0,0,1,0,0,0,0,0,0,0,0,0,1
3.517065,1,0,0,1,0,0,1,0,0,1,1,0,1,1,1,0,1,0
3.542518,0,0,0,0,1,0,0,0,0,0,0,0,0,0,0,0,0,0
3.542539,0,0,1,0,0,0,0,0,1,0,0,0,1,0,0,0,0,0
3.548756,0,0,0,0,0,1,0,0,0,1,0,1,0,1,0,1,0,0
3.548953,0,0,0,0,0,0,0,1,0,0,0,0,0,0,0,0,0,1
3.562133,1,0,0,1,0,0,1,0,0,1,1,0,1,1,1,0,1,0
3.585467,0,0,0,0,1,0,0,0,0,0,0,0,0,0,0,0,0,0
3.585829,0,0,1,0,0,0,0,0,1,0,0,0,1,0,0,0,0,0
3.598878,0,0,0,0,0,1,0,0,0,1,0,1,0,1,0,1,0,0
3.599395,0,0,0,0,0,0,0,1,0,0,0,0,0,0,0,0,0,1
3.610309,1,0,0,0,0,0,0,0,1,0,0,0,1,0,0,0,0,0
3.634924,0,0,0,0,1,0,1,0,0,1,0,1,0,1,0,0,1,0
3.649698,0,0,0,0,0,0,0,1,0,0,0,0,0,0,0,0,0,1
3.650178,0,0,0,0,0,1,0,0,0,0,0,0,0,1,1,0,0,0
3.661010,0,1,1,0,0,0,0,0,0,1,1,0,1,0,0,1,0,0
3.673868,1,0,0,1,0,0,1,0,0,1,1,0,1,1,1,0,1,0
3.681409,0,0,0,0,1,0,0,0,0,0,0,0,0,0,0,0,0,0
3.695011,0,0,1,0,0,0,0,0,1,0,0,0,1,0,0,0,0,0
3.696221,0,0,0,0,0,0,0,1,0,0,0,0,0,0,0,0,0,1
3.698662,0,0,0,0,0,1,0,0,0,1,0,1,0,1,0,1,0,0
3.711713,1,0,0,0,0,0,0,0,1,0,0,0,1,0,0,0,0,0
3.712764,0,0,0,0,0,0,1,0,0,1,0,1,0,1,0,0,1,0
3.735358,0,0,1,0,0,0,0,0,1,0,0,0,1,0,0,0,0,0
3.735487,0,0,0,0,1,0,0,0,0,0,0,0,0,0,0,0,0,0
3.747172,0,0,0,0,0,0,0,1,0,0,0,0,0,0,0,0,0,1
3.751971,0,0,0,0,0,1,0,0,0,1,0,1,0,1,0,1,0,0
3.765571,1,0,0,1,0,0,1,0,0,1,1,0,1,1,1,0,1,0
3.785863,0,0,0,0,1,0,0,0,0,0,0,0,0,0,0,0,0,0
3.789756,0,0,1,0,0,0,0,0,1,0,0,0,1,0,0,0,0,0
3.800258,0,0,0,0,0,1,0,0,0,1,0,1,0,1,0,1,0,0
3.802196,0,0,0,0,0,0,0,1,0,0,0,0,0,0,0,0,0,1
3.817599,1,0,0,0,0,0,0,0,1,0,0,0,1,0,0,0,0,0
3.821070,0,0,0,0,0,0,1,0,0,1,0,1,0,1,0,0,1,0
3.837026,0,0,0,0,1,0,0,0,0,0,0,0,0,0,0,0,0,0
3.848383,0,0,0,0,0,1,0,0,0,0,0,0,0,1,1,0,0,0
3.849025,0,1,1,0,0,0,0,0,0,1,1,0,1,0,0,1,0,0
3.849958,0,0,0,0,0,0,0,1,0,0,0,0,0,0,0,0,0,1
3.865333,1,0,0,0,0,0,0,0,1,0,0,0,1,0,0,0,0,0
3.886353,0,0,0,0,1,0,1,0,0,1,0,1,0,1,0,0,1,0
3.900060,0,0,0,0,0,1,0,0,0,0,0,0,0,1,1,0,0,0
3.901578,0,0,0,0,0,0,0,1,0,0,0,0,0,0,0,0,0,1
3.907012,0,1,1,0,0,0,0,0,0,1,1,0,1,0,0,1,0,0
3.920974,1,0,0,1,0,0,1,0,0,1,1,0,1,1,1,0,1,0
3.939758,0,0,0,0,1,0,0,0,0,0,0,0,0,0,0,0,0,0
3.946457,0,0,1,0,0,0,0,0,1,0,0,0,1,0,0,0,0,0
3.949431,0,0,0,0,0,1,0,0,0,1,0,1,0,1,0,1,0,0
3.950785,0,0,0,0,0,0,0,1,0,0,0,0,0,0,0,0,0,1
3.965080,1,0,0,1,0,0,1,0,0,1,1,0,1,1,1,0,1,0
3.983104,0,0,0,0,1,0,0,0,0,0,0,0,0,0,0,0,0,0
3.991300,0,0,1,0,0,0,0,0,1,0,0,0,1,0,0,0,0,0
4.000068,0,0,0,0,0,1,0,0,0,1,0,1,0,1,0,1,0,0
4.001078,0,0,0,0,0,0,0,1,0,0,0,0,0,0,0,0,0,1
4.015868,1,0,0,1,0,0,1,0,0,1,1,0,1,1,1,0,1,0
4.032822,0,0,0,0,1,0,0,0,0,0,0,0,0,0,0,0,0,0
4.039396,0,0,1,0,0,0,0,0,1,0,0,0,1,0,0,0,0,0
4.049014,0,0,0,0,0,0,0,1,0,0,0,0,0,0,0,0,0,1
4.050037,0,0,0,0,0,1,0,0,0,1,0,1,0,1,0,1,0,0
4.068852,1,0,0,0,0,0,0,0,1,0,0,0,1,0,0,0,0,0
4.088724,0,0,0,0,1,0,0,0,0,0,0,0,0,0,0,0,0,0
4.092640,0,0,0,0,0,0,1,0,0,1,0,1,0,1,0,0,1,0
4.099787,0,0,0,0,0,0,0,1,0,0,0,0,0,0,0,0,0,1
4.100977,0,0,0,0,0,1,0,0,0,0,0,0,0,1,1,0,0,0
4.115414,0,1,1,0,0,0,0,0,0,1,1,0,1,0,0,1,0,0
4.125778,1,0,0,0,0,0,0,0,1,0,0,0,1,0,0,0,0,0
4.135702,0,0,0,0,1,0,0,0,0,0,0,0,0,0,0,0,0,0
4.149631,0,0,0,0,0,1,0,0,0,1,0,1,0,1,0,1,0,0
4.151295,0,0,0,0,0,0,1,1,0,0,0,0,0,1,1,0,0,1
4.160774,1,0,0,1,0,0,0,0,0,1,1,0,1,0,0,0,1,0
4.186014,0,0,1,0,0,0,0,0,1,0,0,0,1,0,0,0,0,0
4.187433,0,0,0,0,0,0,1,0,0,1,0,1,0,1,0,0,1,0
4.189186,0,0,0,0,1,0,0,0,0,0,0,0,0,0,0,0,0,0
4.197773,0,0,0,0,0,0,0,1,0,0,0,0,0,0,0,0,0,1
4.200223,0,0,0,0,0,1,0,0,0,0,0,0,0,1,1,0,0,0
4.209354,0,1,1,0,0,0,0,0,0,1,1,0,1,0,0,1,0,0
4.226057,1,0,0,0,0,0,0,0,1,0,0,0,1,0,0,0,0,0
4.228590,0,0,0,0,0,0,1,0,0,1,0,1,0,1,0,0,1,0
4.234030,0,0,0,0,1,0,0,0,0,0,0,0,0,0,0,0,0,0
4.248989,0,0,0,0,0,1,0,0,0,0,0,0,0,1,1,0,0,0
4.249877,0,1,1,0,0,0,0,0,0,1,1,0,1,0,0,1,0,0
4.252100,0,0,0,0,0,0,0,1,0,0,0,0,0,0,0,0,0,1
4.269172,1,0,0,1,0,0,1,0,0,1,1,0,1,1,1,0,1,0
4.288902,0,0,0,0,1,0,0,0,0,0,0,0,0,0,0,0,0,0
4.289391,0,0,1,0,0,0,0,0,1,0,0,0,1,0,0,0,0,0
4.299126,0,0,0,0,0,1,0,0,0,1,0,1,0,1,0,1,0,0
4.301120,0,0,0,0,0,0,0,1,0,0,0,0,0,0,0,0,0,1
4.311664,1,0,0,0,0,0,0,0,1,0,0,0,1,0,0,0,0,0
4.340356,0,0,0,0,1,0,1,0,0,1,0,1,0,1,0,0,1,0
4.349672,0,0,0,0,0,1,0,0,0,0,0,0,0,1,1,0,0,0
4.351586,0,0,0,0,0,0,0,1,0,0,0,0,0,0,0,0,0,1
4.365449,0,1,1,0,0,0,0,0,0,1,1,0,1,0,0,1,0,0
4.378217,1,0,0,0,0,0,0,0,1,0,0,0,1,0,0,0,0,0
4.385767,0,0,0,0,0,0,1,0,0,1,0,1,0,1,0,0,1,0
4.389549,0,0,0,0,1,0,0,0,0,0,0,0,0,0,0,0,0,0
4.397856,0,0,0,0,0,0,0,1,0,0,0,0,0,0,0,0,0,1
4.400050,0,0,0,0,0,1,0,0,0,0,0,0,0,1,1,0,0,0
4.409029,0,1,1,0,0,0,0,0,0,1,1,0,1,0,0,1,0,0
4.419321,1,0,0,0,0,0,0,0,1,0,0,0,1,0,0,0,0,0
4.424017,0,0,0,0,0,0,1,0,0,1,0,1,0,1,0,0,1,0
4.437268,0,0,0,0,1,0,0,0,0,0,0,0,0,0,0,0,0,0
4.447954,0,0,0,0,0,0,0,1,0,0,0,0,0,0,0,0,0,1
4.449617,0,0,0,0,0,1,0,0,0,0,0,0,0,1,1,0,0,0
4.453908,0,1,1,0,0,0,0,0,0,1,1,0,1,0,0,1,0,0
4.465395,1,0,0,0,0,0,0,0,1,0,0,0,1,0,0,0,0,0
4.480021,0,0,0,0,1,0,1,0,0,1,0,1,0,1,0,0,1,0
4.500845,0,0,0,0,0,0,0,1,0,0,0,0,0,0,0,0,0,1
4.500888,0,0,0,0,0,1,0,0,0,0,0,0,0,1,1,0,0,0
4.501752,0,1,1,0,0,0,0,0,0,1,1,0,1,0,0,1,0,0
4.513773,1,0,0,0,0,0,0,0,1,0,0,0,1,0,0,0,0,0
4.534921,0,0,0,0,1,0,0,0,0,0,0,0,0,0,0,0,0,0
4.548012,0,0,0,0,0,0,0,1,0,0,0,0,0,0,0,0,0,1
4.550031,0,0,0,0,0,1,0,0,0,1,0,1,0,1,0,1,0,0
4.564439,1,0,0,0,0,0,0,0,1,0,0,0,1,0,0,0,0,0
4.583731,0,0,0,0,1,0,0,0,0,0,0,0,0,0,0,0,0,0
4.587928,0,0,0,0,0,0,1,0,0,1,0,1,0,1,0,0,1,0
4.598455,0,0,0,0,0,1,1,0,0,0,0,0,0,1,1,0,0,0
4.599075,0,0,0,0,0,0,0,1,0,0,0,0,0,0,0,0,0,1
4.614186,0,1,1,0,0,0,0,0,0,1,1,0,1,0,0,0,1,0
4.637018,0,0,0,0,1,0,0,0,0,0,0,0,0,0,0,0,0,0
4.638849,0,1,1,0,0,0,0,0,0,1,1,0,1,0,0,1,0,0
4.648822,0,0,0,0,0,0,0,1,0,0,0,0,0,0,0,0,0,1
4.650009,0,0,0,0,0,1,0,0,0,0,0,0,0,1,1,0,0,0
4.653022,1,1,0,1,0,0,1,0,0,1,1,0,1,1,1,0,1,0
4.677322,0,1,1,0,0,0,0,0,0,1,1,0,1,0,0,1,0,0
4.685640,0,0,0,0,1,0,0,0,0,0,0,0,0,0,0,0,0,0
4.695489,1,0,0,1,0,0,1,0,0,1,1,0,1,1,1,0,1,0
4.700368,0,0,0,0,0,1,0,0,0,0,0,0,0,1,1,0,0,0
4.701502,0,0,0,0,0,0,0,1,0,0,0,0,0,0,0,0,0,1
4.717768,0,1,1,0,0,0,0,0,0,1,1,0,1,0,0,1,0,0
4.735308,1,0,0,0,0,0,0,0,1,0,0,0,1,0,0,0,0,0
4.735458,0,0,0,0,0,0,1,0,0,1,0,1,0,1,0,0,1,0
4.735607,0,0,0,0,1,0,0,0,0,0,0,0,0,0,0,0,0,0
4.749640,0,0,0,0,0,1,0,0,0,0,0,0,0,1,1,0,0,0
4.752709,0,0,0,0,0,0,0,1,0,0,0,0,0,0,0,0,0,1
4.756293,0,1,1,0,0,0,0,0,0,1,1,0,1,0,0,1,0,0
4.768695,1,0,0,0,0,0,0,0,1,0,0,0,1,0,0,0,0,0
4.788845,0,0,0,0,1,0,1,0,0,1,0,1,0,1,0,0,1,0
4.798339,0,0,0,0,0,0,0,1,0,0,0,0,0,0,0,0,0,1
4.798974,0,0,0,0,0,1,0,0,0,0,0,0,0,1,1,0,0,0
4.810772,0,1,1,0,0,0,0,0,0,1,1,0,1,0,0,1,0,0
4.828018,1,0,0,1,0,0,1,0,0,1,1,0,1,1,1,0,1,0
4.833884,0,0,0,0,1,0,0,0,0,0,0,0,0,0,0,0,0,0
4.849047,0,0,0,0,0,1,0,0,0,0,0,0,0,1,1,0,0,0
4.851556,0,0,0,0,0,0,0,1,0,0,0,0,0,0,0,0,0,1
4.853541,0,1,1,0,0,0,0,0,0,1,1,0,1,0,0,1,0,0
4.868018,1,0,0,1,0,0,1,0,0,1,1,0,1,1,1,0,1,0
4.884141,0,0,0,0,1,0,0,0,0,0,0,0,0,0,0,0,0,0
4.894611,0,0,1,0,0,0,0,0,1,0,0,0,1,0,0,0,0,0
4.896652,0,0,0,0,0,0,0,1,0,0,0,0,0,0,0,0,0,1
4.900471,0,0,0,0,0,1,0,0,0,1,0,1,0,1,0,1,0,0
4.915064,1,0,0,0,0,0,0,0,1,0,0,0,1,0,0,0,0,0
4.926981,0,0,0,0,0,0,1,0,0,1,0,1,0,1,0,0,1,0
4.933829,0,0,0,0,1,0,0,0,0,0,0,0,0,0,0,0,0,0
4.948068,0,0,0,0,0,0,0,1,0,0,0,0,0,0,0,0,0,1
4.950745,0,0,1,0,0,0,0,0,1,0,0,0,1,0,0,0,0,0
4.950924,0,0,0,0,0,1,0,0,0,1,0,1,0,1,0,1,0,0
4.961352,1,0,0,1,0,0,1,0,0,1,1,0,1,1,1,0,1,0
4.985887,0,0,1,0,0,0,0,0,1,0,0,0,1,0,0,0,0,0
4.987394,0,0,0,0,1,0,0,0,0,0,0,0,0,0,0,0,0,0
4.999071,0,0,0,0,0,0,0,1,0,0,0,0,0,0,0,0,0,1
5.000762,0,0,0,0,0,1,0,0,0,1,0,1,0,1,0,1,0,0
5.015811,1,0,0,0,0,0,0,0,1,0,0,0,1,0,0,0,0,0
5.022449,0,0,0,0,0,0,1,0,0,1,0,1,0,1,0,0,1,0
5.037189,0,0,0,0,1,0,0,0,0,0,0,0,0,0,0,0,0,0
5.044733,0,0,1,0,0,0,0,0,1,0,0,0,1,0,0,0,0,0
5.049988,0,0,0,0,0,0,0,1,0,0,0,0,0,0,0,0,0,1
5.050281,0,0,0,0,0,1,0,0,0,1,0,1,0,1,0,1,0,0
5.060310,1,0,0,1,0,0,1,0,0,1,1,0,1,1,1,0,1,0
5.082807,0,0,0,0,1,0,0,0,0,0,0,0,0,0,0,0,0,0
5.083520,0,0,1,0,0,0,0,0,1,0,0,0,1,0,0,0,0,0
5.101059,0,0,0,0,0,1,0,0,0,1,0,1,0,1,0,1,0,0
5.102310,0,0,0,0,0,0,0,1,0,0,0,0,0,0,0,0,0,1
5.116252,1,0,0,0,0,0,0,0,1,0,0,0,1,0,0,0,0,0
5.118404,0,0,0,0,0,0,1,0,0,1,0,1,0,1,0,0,1,0
5.140251,0,0,0,0,1,0,0,0,0,0,0,0,0,0,0,0,0,0
5.140479,0,0,1,0,0,0,0,0,1,0,0,0,1,0,0,0,0,0
5.148256,0,0,0,0,0,0,0,1,0,0,0,0,0,0,0,0,0,1
5.149180,0,0,0,0,0,1,0,0,0,1,0,1,0,1,0,1,0,0
5.164485,1,0,0,1,0,0,1,0,0,1,1,0,1,1,1,0,1,0
5.185600,0,0,0,0,1,0,0,0,0,0,0,0,0,0,0,0,0,0
5.194090,0,0,1,0,0,0,0,0,1,0,0,0,1,0,0,0,0,0
5.199019,0,0,0,0,0,1,0,0,0,1,0,1,0,1,0,1,0,0
5.202519,0,0,0,0,0,0,0,1,0,0,0,0,0,0,0,0,0,1
5.211797,1,0,0,1,0,0,1,0,0,1,1,0,1,1,1,0,1,0
5.235291,0,0,0,0,1,0,0,0,0,0,0,0,0,0,0,0,0,0
5.239093,0,0,1,0,0,0,0,0,1,0,0,0,1,0,0,0,0,0
5.249424,0,0,0,0,0,1,0,0,0,1,0,1,0,1,0,1,0,0
5.253086,0,0,0,0,0,0,0,1,0,0,0,0,0,0,0,0,0,1
5.262652,1,0,0,0,0,0,0,0,1,0,0,0,1,0,0,0,0,0
5.288761,0,0,0,0,1,0,0,0,0,0,0,0,0,0,0,0,0,0
5.299357,0,0,0,0,0,1,1,0,0,1,0,1,0,1,0,1,0,0
5.302989,0,0,0,0,0,0,0,1,0,0,0,0,0,0,0,0,0,1
5.311936,1,0,0,1,0,0,0,0,0,1,1,0,1,0,0,0,1,0
5.339258,0,0,1,1,0,0,1,0,0,1,1,0,1,1,1,0,1,0
5.341505,0,0,0,0,1,0,0,0,0,0,0,0,0,0,0,0,0,0
5.346653,0,0,0,0,0,0,0,1,0,0,0,0,0,0,0,0,0,1
5.349939,0,0,0,0,0,1,0,0,0,0,0,0,0,1,1,0,0,0
5.366058,0,1,1,0,0,0,0,0,0,1,1,0,1,0,0,1,0,0
5.376453,1,0,0,0,0,0,0,0,1,0,0,0,1,0,0,0,0,0
5.377574,0,0,0,0,0,0,1,0,0,1,0,1,0,1,0,0,1,0
5.379015,0,0,0,0,1,0,0,0,0,0,0,0,0,0,0,0,0,0
5.401477,0,0,0,0,0,0,0,1,0,0,0,0,0,0,0,0,0,1
5.401609,0,0,0,0,0,1,0,0,0,0,0,0,0,1,1,0,0,0
5.407205,0,1,1,0,0,0,0,0,0,1,1,0,1,0,0,1,0,0
5.418011,1,0,0,1,0,0,1,0,0,1,1,0,1,1,1,0,1,0
5.440588,0,0,0,0,1,0,0,0,0,0,0,0,0,0,0,0,0,0
5.441883,0,0,1,0,0,0,0,0,1,0,0,0,1,0,0,0,0,0
5.450896,0,0,0,0,0,1,0,0,0,1,0,1,0,1,0,1,0,0
5.453642,0,0,0,0,0,0,0,1,0,0,0,0,0,0,0,0,0,1
5.462527,1,0,0,0,0,0,0,0,1,0,0,0,1,0,0,0,0,0
5.483801,0,0,0,0,1,0,0,0,0,0,0,0,0,0,0,0,0,0
5.498272,0,0,0,0,0,0,0,1,0,0,0,0,0,0,0,0,0,1
5.500134,0,0,0,0,0,1,0,0,0,1,0,1,0,1,0,1,0,0
5.510380,1,0,0,0,0,0,0,0,1,0,0,0,1,0,0,0,0,0
5.535518,0,0,0,0,1,0,0,0,0,0,0,0,0,0,0,0,0,0
5.546856,0,0,0,0,0,0,1,0,0,1,0,1,0,1,0,0,1,0
5.548592,0,0,0,0,0,0,1,1,0,0,0,0,0,1,1,0,0,1
5.549666,0,0,0,0,0,1,0,0,0,0,0,0,0,1,1,0,0,0
5.575244,0,0,1,1,0,0,0,0,0,1,1,0,1,0,0,0,1,0
5.586590,0,0,0,0,1,0,0,0,0,0,0,0,0,0,0,0,0,0
5.595791,0,1,1,0,0,0,0,0,0,1,1,0,1,0,0,1,0,0
5.599357,0,0,0,0,0,1,0,0,0,0,0,0,0,1,1,0,0,0
5.601455,0,0,0,0,0,0,0,1,0,0,0,0,0,0,0,0,0,1
5.615317,1,1,0,0,0,0,0,0,0,1,1,0,1,0,0,1,0,0
5.621663,0,0,0,0,0,0,1,0,0,0,0,0,0,1,1,0,0,0
5.632321,1,0,0,1,0,0,0,0,0,1,1,0,1,0,0,0,1,0
5.633354,0,0,0,0,1,0,0,0,0,0,0,0,0,0,0,0,0,0
5.643171,0,0,0,0,0,0,1,0,0,0,0,0,0,1,1,0,0,0
5.647288,0,0,0,0,0,0,0,1,0,0,0,0,0,0,0,0,0,1
5.648373,0,0,0,0,0,1,0,0,0,0,0,0,0,1,1,0,0,0
5.658733,0,0,1,1,0,0,0,0,0,1,1,0,1,0,0,0,1,0
5.682953,0,1,1,0,0,0,0,0,0,1,1,0,1,0,0,1,0,0
5.683319,0,0,0,0,1,0,0,0,0,0,0,0,0,0,0,0,0,0
5.696034,1,0,0,1,0,0,1,0,0,1,1,0,1,1,1,0,1,0
5.700525,0,0,0,0,0,1,0,0,0,0,0,0,0,1,1,0,0,0
5.700870,0,0,0,0,0,0,0,1,0,0,0,0,0,0,0,0,0,1
5.717581,0,1,1,0,0,0,0,0,0,1,1,0,1,0,0,1,0,0
5.728745,1,0,0,1,0,0,1,0,0,1,1,0,1,1,1,0,1,0
5.731199,0,0,0,0,1,0,0,0,0,0,0,0,0,0,0,0,0,0
5.749837,0,0,0,0,0,1,0,0,0,0,0,0,0,1,1,0,0,0
5.750520,0,1,1,0,0,0,0,0,0,1,1,0,1,0,0,1,0,0
5.751610,0,0,0,0,0,0,0,1,0,0,0,0,0,0,0,0,0,1
5.762353,1,0,0,1,0,0,1,0,0,1,1,0,1,1,1,0,1,0
5.783036,0,0,0,0,1,0,0,0,0,0,0,0,0,0,0,0,0,0
5.783078,0,0,1,0,0,0,0,0,1,0,0,0,1,0,0,0,0,0
5.799614,0,0,0,0,0,1,0,0,0,1,0,1,0,1,0,1,0,0
5.801546,0,0,0,0,0,0,0,1,0,0,0,0,0,0,0,0,0,1
5.816030,1,0,0,0,0,0,0,0,1,0,0,0,1,0,0,0,0,0
5.828799,0,0,0,0,0,0,1,0,0,1,0,1,0,1,0,0,1,0
5.836436,0,0,0,0,1,0,0,0,0,0,0,0,0,0,0,0,0,0
5.849863,0,0,0,0,0,1,0,0,0,0,0,0,0,1,1,0,0,0
5.851795,0,0,0,0,0,0,0,1,0,0,0,0,0,0,0,0,0,1
5.855587,0,1,1,0,0,0,0,0,0,1,1,0,1,0,0,1,0,0
5.870679,1,0,0,0,0,0,0,0,1,0,0,0,1,0,0,0,0,0
5.891605,0,0,0,0,1,0,0,0,0,0,0,0,0,0,0,0,0,0
5.899756,0,0,0,0,0,1,0,0,0,1,0,1,0,1,0,1,0,0
5.901344,0,0,0,0,0,0,0,1,0,0,0,0,0,0,0,0,0,1
5.914744,1,0,0,0,0,0,0,0,1,0,0,0,1,0,0,0,0,0
5.924356,0,0,0,0,0,0,1,0,0,1,0,1,0,1,0,0,1,0
5.938603,0,0,0,0,1,0,0,0,0,0,0,0,0,0,0,0,0,0
5.939667,0,0,0,0,0,0,1,0,0,0,0,0,0,1,1,0,0,0
5.947338,0,0,1,1,0,0,0,0,0,1,1,0,1,0,0,0,1,0
5.949557,0,0,0,0,0,1,0,0,0,0,0,0,0,1,1,0,0,0
5.949682,0,0,0,0,0,0,0,1,0,0,0,0,0,0,0,0,0,1
5.971319,0,1,1,0,0,0,0,0,0,1,1,0,1,0,0,1,0,0
5.987958,0,0,0,0,1,0,0,0,0,0,0,0,0,0,0,0,0,0
5.990984,1,0,0,0,0,0,0,0,1,0,0,0,1,0,0,0,0,0
5.994820,0,0,0,0,0,0,1,0,0,1,0,1,0,1,0,0,1,0
5.999381,0,0,0,0,0,1,0,0,0,0,0,0,0,1,1,0,0,0
6.000247,0,0,0,0,0,0,0,1,0,0,0,0,0,0,0,0,0,1
6.018478,0,1,1,0,0,0,0,0,0,1,1,0,1,0,0,1,0,0
6.034168,0,0,0,0,1,0,0,0,0,0,0,0,0,0,0,0,0,0
6.037306,1,0,0,0,0,0,0,0,1,0,0,0,1,0,0,0,0,0
6.047256,0,0,0,0,0,0,0,1,0,0,0,0,0,0,0,0,0,1
6.048351,0,0,0,0,0,0,1,0,0,1,0,1,0,1,0,0,1,0
6.050391,0,0,0,0,0,1,0,0,0,0,0,0,0,1,1,0,0,0
6.072233,0,1,1,0,0,0,0,0,0,1,1,0,1,0,0,1,0,0
6.085753,0,0,0,0,1,0,0,0,0,0,0,0,0,0,0,0,0,0
6.089329,1,0,0,0,0,0,0,0,1,0,0,0,1,0,0,0,0,0
6.099312,0,0,0,0,0,0,1,1,0,1,0,1,0,1,0,0,1,1
6.099590,0,0,0,0,0,1,0,0,0,0,0,0,0,1,1,0,0,0
6.125255,0,1,1,0,0,0,0,0,0,1,1,0,1,0,0,1,0,0
6.132830,0,0,0,0,1,0,0,0,0,0,0,0,0,0,0,0,0,0
6.140492,1,0,0,1,0,0,1,0,0,1,1,0,1,1,1,0,1,0
6.146884,0,0,0,0,0,0,0,1,0,0,0,0,0,0,0,0,0,1
6.150078,0,0,0,0,0,1,0,0,0,0,0,0,0,1,1,0,0,0
6.164982,0,1,1,0,0,0,0,0,0,1,1,0,1,0,0,1,0,0
6.180088,0,0,0,0,1,0,0,0,0,0,0,0,0,0,0,0,0,0
6.182734,1,0,0,0,0,0,0,0,1,0,0,0,1,0,0,0,0,0
6.200152,0,0,0,0,0,0,0,1,0,0,0,0,0,0,0,0,0,1
6.201074,0,0,0,0,0,0,1,0,0,1,0,1,0,1,0,0,1,0
6.201874,0,0,0,0,0,1,0,0,0,0,0,0,0,1,1,0,0,0
6.227158,0,1,1,0,0,0,0,0,0,1,1,0,1,0,0,1,0,0
6.235946,0,0,0,0,1,0,0,0,0,0,0,0,0,0,0,0,0,0
6.237468,1,0,0,1,0,0,1,0,0,1,1,0,1,1,1,0,1,0
6.250387,0,0,0,0,0,0,0,1,0,0,0,0,0,0,0,0,0,1
6.251002,0,0,0,0,0,1,0,0,0,0,0,0,0,1,1,0,0,0
6.258953,0,1,1,0,0,0,0,0,0,1,1,0,1,0,0,1,0,0
6.273482,1,0,0,1,0,0,1,0,0,1,1,0,1,1,1,0,1,0
6.280507,0,0,0,0,1,0,0,0,0,0,0,0,0,0,0,0,0,0
6.295839,0,0,1,0,0,0,0,0,1,0,0,0,1,0,0,0,0,0
6.299002,0,0,0,0,0,1,0,0,0,1,0,1,0,1,0,1,0,0
6.301516,0,0,0,0,0,0,0,1,0,0,0,0,0,0,0,0,0,1
6.312123,1,0,0,1,0,0,1,0,0,1,1,0,1,1,1,0,1,0
6.338052,0,0,0,0,1,0,0,0,0,0,0,0,0,0,0,0,0,0
6.339369,0,0,1,0,0,0,0,0,1,0,0,0,1,0,0,0,0,0
6.348274,0,0,0,0,0,1,0,0,0,1,0,1,0,1,0,1,0,0
6.348277,0,0,0,0,0,0,0,1,0,0,0,0,0,0,0,0,0,1
6.363699,1,0,0,0,0,0,0,0,1,0,0,0,1,0,0,0,0,0
6.379443,0,0,0,0,1,0,1,0,0,1,0,1,0,1,0,0,1,0
6.400353,0,0,0,0,0,0,0,1,0,0,0,0,0,0,0,0,0,1
6.401020,0,0,0,0,0,1,0,0,0,0,0,0,0,1,1,0,0,0
6.405099,0,1,1,0,0,0,0,0,0,1,1,0,1,0,0,1,0,0
6.420396,1,0,0,1,0,0,1,0,0,1,1,0,1,1,1,0,1,0
6.434335,0,0,0,0,1,0,0,0,0,0,0,0,0,0,0,0,0,0
6.447624,0,0,1,0,0,0,0,0,1,0,0,0,1,0,0,0,0,0
6.448452,0,0,0,0,0,1,0,0,0,1,0,1,0,1,0,1,0,0
6.449621,0,0,0,0,0,0,0,1,0,0,0,0,0,0,0,0,0,1
6.461593,1,0,0,1,0,0,1,0,0,1,1,0,1,1,1,0,1,0
6.486866,0,0,0,0,1,0,0,0,0,0,0,0,0,0,0,0,0,0
6.489697,0,0,1,0,0,0,0,0,1,0,0,0,1,0,0,0,0,0
6.499604,0,0,0,0,0,1,0,0,0,1,0,1,0,1,0,1,0,0
6.503836,0,0,0,0,0,0,0,1,0,0,0,0,0,0,0,0,0,1
6.514469,1,0,0,1,0,0,1,0,0,1,1,0,1,1,1,0,1,0
6.536107,0,0,1,0,0,0,0,0,1,0,0,0,1,0,0,0,0,0
6.539068,0,0,0,0,1,0,0,0,0,0,0,0,0,0,0,0,0,0
6.547447,0,0,0,0,0,0,0,1,0,0,0,0,0,0,0,0,0,1
6.548773,0,0,0,0,0,1,0,0,0,1,0,1,0,1,0,1,0,0
6.559259,1,0,0,0,0,0,0,0,1,0,0,0,1,0,0,0,0,0
6.582168,0,0,0,0,1,0,0,0,0,0,0,0,0,0,0,0,0,0
6.598587,0,0,0,0,0,0,0,1,0,0,0,0,0,0,0,0,0,1
6.600050,0,0,0,0,0,1,1,0,0,1,0,1,0,1,0,0,1,0
6.623762,0,1,1,0,0,0,0,0,0,1,1,0,1,0,0,1,0,0
6.632551,0,0,0,0,1,0,0,0,0,0,0,0,0,0,0,0,0,0
6.638569,1,0,0,0,0,0,0,0,1,0,0,0,1,0,0,0,0,0
6.649081,0,0,0,0,0,1,1,0,0,1,0,1,0,1,0,1,0,0
6.649411,0,0,0,0,0,0,0,1,0,0,0,0,0,0,0,0,0,1
6.662305,1,0,0,1,0,0,1,0,0,1,1,0,1,1,1,0,1,0
6.684150,0,0,0,0,1,0,0,0,0,0,0,0,0,0,0,0,0,0
6.689575,0,0,1,1,0,0,0,0,0,1,1,0,1,0,0,0,1,0
6.699480,0,0,0,0,0,1,0,0,0,0,0,0,0,1,1,0,0,0
6.701582,0,0,0,0,0,0,0,1,0,0,0,0,0,0,0,0,0,1
6.715826,0,1,1,0,0,0,0,0,0,1,1,0,1,0,0,1,0,0
6.728165,1,0,0,1,0,0,1,0,0,1,1,0,1,1,1,0,1,0
6.739836,0,0,0,0,1,0,0,0,0,0,0,0,0,0,0,0,0,0
6.749369,0,0,0,0,0,1,0,0,0,0,0,0,0,1,1,0,0,0
6.750601,0,0,0,0,0,0,0,1,0,0,0,0,0,0,0,0,0,1
6.755786,0,1,1,0,0,0,0,0,0,1,1,0,1,0,0,1,0,0
6.768893,1,0,0,1,0,0,1,0,0,1,1,0,1,1,1,0,1,0
6.789832,0,0,1,0,0,0,0,0,1,0,0,0,1,0,0,0,0,0
6.790441,0,0,0,0,1,0,0,0,0,0,0,0,0,0,0,0,0,0
6.799671,0,0,0,0,0,1,0,0,0,1,0,1,0,1,0,1,0,0
6.801447,0,0,0,0,0,0,0,1,0,0,0,0,0,0,0,0,0,1
6.811072,1,0,0,0,0,0,0,0,1,0,0,0,1,0,0,0,0,0
6.836769,0,0,0,0,1,0,1,0,0,1,0,1,0,1,0,0,1,0
6.850301,0,0,0,0,0,1,0,0,0,0,0,0,0,1,1,0,0,0
6.851965,0,0,0,0,0,0,0,1,0,0,0,0,0,0,0,0,0,1
6.866352,0,1,1,0,0,0,0,0,0,1,1,0,1,0,0,1,0,0
6.883991,1,0,0,1,0,0,1,0,0,1,1,0,1,1,1,0,1,0
6.890373,0,0,0,0,1,0,0,0,0,0,0,0,0,0,0,0,0,0
6.900674,0,0,0,0,0,1,0,0,0,0,0,0,0,1,1,0,0,0
6.901178,0,0,0,0,0,0,0,1,0,0,0,0,0,0,0,0,0,1
6.912477,0,1,1,0,0,0,0,0,0,1,1,0,1,0,0,1,0,0
6.926510,1,0,0,1,0,0,1,0,0,1,1,0,1,1,1,0,1,0
6.936913,0,0,0,0,1,0,0,0,0,0,0,0,0,0,0,0,0,0
6.947064,0,0,0,0,0,0,0,1,0,0,0,0,0,0,0,0,0,1
6.951500,0,0,0,0,0,1,0,0,0,0,0,0,0,1,1,0,0,0
6.952287,0,1,1,0,0,0,0,0,0,1,1,0,1,0,0,1,0,0
6.968272,1,0,0,1,0,0,1,0,0,1,1,0,1,1,1,0,1,0
6.984362,0,0,0,0,1,0,0,0,0,0,0,0,0,0,0,0,0,0
6.992762,0,0,1,0,0,0,0,0,1,0,0,0,1,0,0,0,0,0
7.000048,0,0,0,0,0,1,0,0,0,1,0,1,0,1,0,1,0,0
7.002602,0,0,0,0,0,0,0,1,0,0,0,0,0,0,0,0,0,1
7.010398,1,0,0,1,0,0,1,0,0,1,1,0,1,1,1,0,1,0
7.038132,0,0,0,0,1,0,0,0,0,0,0,0,0,0,0,0,0,0
7.039160,0,0,1,0,0,0,0,0,1,0,0,0,1,0,0,0,0,0
7.046662,0,0,0,0,0,0,0,1,0,0,0,0,0,0,0,0,0,1
7.049244,0,0,0,0,0,1,0,0,0,1,0,1,0,1,0,1,0,0
7.059569,1,0,0,0,0,0,0,0,1,0,0,0,1,0,0,0,0,0
7.077429,0,0,0,0,1,0,0,0,0,0,0,0,0,0,0,0,0,0
7.099822,0,0,0,0,0,1,1,0,0,1,0,1,0,1,0,1,0,0
7.103033,0,0,0,0,0,0,0,1,0,0,0,0,0,0,0,0,0,1
7.111377,1,0,0,1,0,0,1,0,0,1,1,0,1,1,1,0,1,0
7.137372,0,0,1,1,0,0,0,0,0,1,1,0,1,0,0,0,1,0
7.137766,0,0,0,0,1,0,0,0,0,0,0,0,0,0,0,0,0,0
7.150238,0,0,0,0,0,0,0,1,0,0,0,0,0,0,0,0,0,1
7.150335,0,0,0,0,0,1,0,0,0,0,0,0,0,1,1,0,0,0
7.158235,0,1,1,0,0,0,0,0,0,1,1,0,1,0,0,1,0,0
7.173774,1,0,0,0,0,0,0,0,1,0,0,0,1,0,0,0,0,0
7.187020,0,0,0,0,1,0,0,0,0,0,0,0,0,0,0,0,0,0
7.200077,0,0,0,0,0,1,1,0,0,1,0,1,0,1,0,1,0,0
7.201642,0,0,0,0,0,0,0,1,0,0,0,0,0,0,0,0,0,1
7.215843,1,0,0,1,0,0,1,0,0,1,1,0,1,1,1,0,1,0
7.239611,0,0,0,0,1,0,0,0,0,0,0,0,0,0,0,0,0,0
7.243689,0,0,1,1,0,0,0,0,0,1,1,0,1,0,0,0,1,0
7.247925,0,0,0,0,0,0,0,1,0,0,0,0,0,0,0,0,0,1
7.250347,0,0,0,0,0,1,0,0,0,0,0,0,0,1,1,0,0,0
7.266934,0,1,1,0,0,0,0,0,0,1,1,0,1,0,0,1,0,0
7.279811,1,0,0,0,0,0,0,0,1,0,0,0,1,0,0,0,0,0
7.281016,0,0,0,0,0,0,1,0,0,1,0,1,0,1,0,0,1,0
7.282060,0,0,0,0,1,0,0,0,0,0,0,0,0,0,0,0,0,0
7.297834,0,0,0,0,0,0,0,1,0,0,0,0,0,0,0,0,0,1
7.298944,0,0,0,0,0,1,0,0,0,0,0,0,0,1,1,0,0,0
7.308671,0,1,1,0,0,0,0,0,0,1,1,0,1,0,0,1,0,0
7.322416,1,0,0,1,0,0,1,0,0,1,1,0,1,1,1,0,1,0
7.334926,0,0,0,0,1,0,0,0,0,0,0,0,0,0,0,0,0,0
7.342556,0,0,1,0,0,0,0,0,1,0,0,0,1,0,0,0,0,0
7.349538,0,0,0,0,0,1,0,0,0,1,0,1,0,1,0,1,0,0
7.349845,0,0,0,0,0,0,0,1,0,0,0,0,0,0,0,0,0,1
7.364099,1,0,0,0,0,0,0,0,1,0,0,0,1,0,0,0,0,0
7.388794,0,0,0,0,1,0,0,0,0,0,0,0,0,0,0,0,0,0
7.396999,0,0,0,0,0,0,0,1,0,0,0,0,0,0,0,0,0,1
7.399980,0,0,0,0,0,1,1,0,0,1,0,1,0,1,0,1,0,0
7.419196,1,0,0,1,0,0,1,0,0,1,1,0,1,1,1,0,1,0
7.431179,0,0,0,0,1,0,0,0,0,0,0,0,0,0,0,0,0,0
7.442523,0,0,1,1,0,0,0,0,0,1,1,0,1,0,0,0,1,0
7.446843,0,0,0,0,0,0,0,1,0,0,0,0,0,0,0,0,0,1
7.449855,0,0,0,0,0,1,0,0,0,0,0,0,0,1,1,0,0,0
7.469147,0,1,1,0,0,0,0,0,0,1,1,0,1,0,0,1,0,0
7.483099,0,0,0,0,1,0,0,0,0,0,0,0,0,0,0,0,0,0
7.485176,1,0,0,0,0,0,0,0,1,0,0,0,1,0,0,0,0,0
7.496829,0,0,0,0,0,0,0,1,0,0,0,0,0,0,0,0,0,1
7.500348,0,0,0,0,0,1,0,0,0,1,0,1,0,1,0,1,0,0
7.510987,1,0,0,0,0,0,0,0,1,0,0,0,1,0,0,0,0,0
7.535275,0,0,0,0,1,0,1,0,0,1,0,1,0,1,0,0,1,0
7.545890,0,0,0,0,0,0,1,0,0,0,0,0,0,1,1,0,0,0
7.549323,0,0,0,0,0,0,0,1,0,0,0,0,0,0,0,0,0,1
7.550772,0,0,0,0,0,1,0,0,0,0,0,0,0,1,1,0,0,0
7.558836,0,0,1,1,0,0,0,0,0,1,1,0,1,0,0,0,1,0
7.584660,0,0,0,0,1,0,0,0,0,0,0,0,0,0,0,0,0,0
7.587914,0,1,1,0,0,0,0,0,0,1,1,0,1,0,0,1,0,0
7.599024,0,0,0,0,0,1,0,0,0,0,0,0,0,1,1,0,0,0
7.599637,0,0,0,0,0,0,0,1,0,0,0,0,0,0,0,0,0,1
7.604138,1,1,0,1,0,0,1,0,0,1,1,0,1,1,1,1,0,0
7.620469,1,0,0,1,0,0,1,0,0,1,1,0,1,1,1,0,1,0
7.638263,0,0,0,0,1,0,0,0,0,0,0,0,0,0,0,0,0,0
7.648339,0,0,0,0,0,0,0,1,0,0,0,0,0,0,0,0,0,1
7.649771,0,0,0,0,0,1,0,0,0,0,0,0,0,1,1,0,0,0
7.649981,0,0,1,1,0,0,0,0,0,1,1,0,1,0,0,1,0,0
7.660551,1,0,0,1,0,0,0,0,0,1,1,0,1,0,0,0,1,0
7.665961,0,0,0,0,0,0,1,0,0,0,0,0,0,1,1,0,0,0
7.681663,0,0,1,1,0,0,0,0,0,1,1,0,1,0,0,0,1,0
7.682900,0,0,0,0,1,0,0,0,0,0,0,0,0,0,0,0,0,0
7.699212,0,0,0,0,0,0,0,1,0,0,0,0,0,0,0,0,0,1
7.700772,0,0,0,0,0,1,0,0,0,0,0,0,0,1,1,0,0,0
7.706983,0,1,1,0,0,0,0,0,0,1,1,0,1,0,0,1,0,0
7.721597,1,0,0,0,0,0,0,0,1,0,0,0,1,0,0,0,0,0
7.727967,0,0,0,0,0,0,1,0,0,1,0,1,0,1,0,0,1,0
7.738250,0,0,0,0,1,0,0,0,0,0,0,0,0,0,0,0,0,0
7.748199,0,0,0,0,0,1,0,0,0,0,0,0,0,1,1,0,0,0
7.748716,0,1,1,0,0,0,0,0,0,1,1,0,1,0,0,1,0,0
7.752845,0,0,0,0,0,0,0,1,0,0,0,0,0,0,0,0,0,1
7.761439,1,0,0,1,0,0,1,0,0,1,1,0,1,1,1,0,1,0
7.786222,0,0,1,0,0,0,0,0,1,0,0,0,1,0,0,0,0,0
7.792491,0,0,0,0,1,0,0,0,0,0,0,0,0,0,0,0,0,0
7.798096,0,0,0,0,0,0,0,1,0,0,0,0,0,0,0,0,0,1
7.799548,0,0,0,0,0,1,0,0,0,1,0,1,0,1,0,1,0,0
7.813497,1,0,0,0,0,0,0,0,1,0,0,0,1,0,0,0,0,0
7.832538,0,0,0,0,1,0,0,0,0,0,0,0,0,0,0,0,0,0
7.849679,0,0,0,0,0,1,1,0,0,1,0,1,0,1,0,1,0,0
7.852071,0,0,0,0,0,0,0,1,0,0,0,0,0,0,0,0,0,1
7.863018,1,0,0,1,0,0,1,0,0,1,1,0,1,1,1,0,1,0
7.884487,0,0,0,0,1,0,0,0,0,0,0,0,0,0,0,0,0,0
7.892839,0,0,1,1,0,0,0,0,0,1,1,0,1,0,0,0,1,0
7.896163,0,0,0,0,0,0,0,1,0,0,0,0,0,0,0,0,0,1
7.901743,0,0,0,0,0,1,0,0,0,0,0,0,0,1,1,0,0,0
7.918435,0,1,1,0,0,0,0,0,0,1,1,0,1,0,0,1,0,0
7.933838,1,0,0,1,0,0,1,0,0,1,1,0,1,1,1,0,1,0
7.935958,0,0,0,0,1,0,0,0,0,0,0,0,0,0,0,0,0,0
7.949598,0,0,0,0,0,0,0,1,0,0,0,0,0,0,0,0,0,1
7.951273,0,0,0,0,0,1,0,0,0,0,0,0,0,1,1,0,0,0
7.961441,0,1,1,0,0,0,0,0,0,1,1,0,1,0,0,1,0,0
7.978931,1,0,0,1,0,0,1,0,0,1,1,0,1,1,1,0,1,0
7.981841,0,0,0,0,1,0,0,0,0,0,0,0,0,0,0,0,0,0
8.000632,0,0,0,0,0,1,0,0,0,0,0,0,0,1,1,0,0,0
8.002362,0,0,0,0,0,0,0,1,0,0,0,0,0,0,0,0,0,1
8.008220,0,1,1,0,0,0,0,0,0,1,1,0,1,0,0,1,0,0
8.023128,1,0,0,1,0,0,1,0,0,1,1,0,1,1,1,0,1,0
8.041465,0,0,0,0,1,0,0,0,0,0,0,0,0,0,0,0,0,0
8.044355,0,0,1,0,0,0,0,0,1,0,0,0,1,0,0,0,0,0
8.049674,0,0,0,0,0,0,0,1,0,0,0,0,0,0,0,0,0,1
8.051841,0,0,0,0,0,1,0,0,0,1,0,1,0,1,0,1,0,0
8.064203,1,0,0,1,0,0,1,0,0,1,1,0,1,1,1,0,1,0
8.084140,0,0,0,0,1,0,0,0,0,0,0,0,0,0,0,0,0,0
8.085351,0,0,1,0,0,0,0,0,1,0,0,0,1,0,0,0,0,0
8.098267,0,0,0,0,0,0,0,1,0,0,0,0,0,0,0,0,0,1
8.101419,0,0,0,0,0,1,0,0,0,1,0,1,0,1,0,1,0,0
8.120080,1,0,0,1,0,0,1,0,0,1,1,0,1,1,1,0,1,0
8.137804,0,0,0,0,1,0,0,0,0,0,0,0,0,0,0,0,0,0
8.144381,0,0,1,0,0,0,0,0,1,0,0,0,1,0,0,0,0,0
8.148251,0,0,0,0,0,1,0,0,0,1,0,1,0,1,0,1,0,0
8.150060,0,0,0,0,0,0,0,1,0,0,0,0,0,0,0,0,0,1
8.160767,1,0,0,1,0,0,1,0,0,1,1,0,1,1,1,0,1,0
8.181463,0,0,1,0,0,0,0,0,1,0,0,0,1,0,0,0,0,0
8.188654,0,0,0,0,1,0,0,0,0,0,0,0,0,0,0,0,0,0
8.196938,0,0,0,0,0,0,0,1,0,0,0,0,0,0,0,0,0,1
8.200249,0,0,0,0,0,1,0,0,0,1,0,1,0,1,0,1,0,0
8.215605,1,0,0,1,0,0,1,0,0,1,1,0,1,1,1,0,1,0
8.232462,0,0,0,0,1,0,0,0,0,0,0,0,0,0,0,0,0,0
8.238141,0,0,1,0,0,0,0,0,1,0,0,0,1,0,0,0,0,0
8.250087,0,0,0,0,0,0,0,1,0,0,0,0,0,0,0,0,0,1
8.250541,0,0,0,0,0,1,0,0,0,1,0,1,0,1,0,1,0,0
8.267376,1,0,0,1,0,0,1,0,0,1,1,0,1,1,1,0,1,0
8.284405,0,0,0,0,1,0,0,0,0,0,0,0,0,0,0,0,0,0
8.290698,0,0,1,0,0,0,0,0,1,0,0,0,1,0,0,0,0,0
8.297954,0,0,0,0,0,0,0,1,0,0,0,0,0,0,0,0,0,1
8.298784,0,0,0,0,0,1,0,0,0,1,0,1,0,1,0,1,0,0
8.309641,1,0,0,1,0,0,1,0,0,1,1,0,1,1,1,0,1,0
8.333322,0,0,0,0,1,0,0,0,0,0,0,0,0,0,0,0,0,0
8.335400,0,0,1,0,0,0,0,0,1,0,0,0,1,0,0,0,0,0
8.347010,0,0,0,0,0,0,0,1,0,0,0,0,0,0,0,0,0,1
8.351801,0,0,0,0,0,1,0,0,0,1,0,1,0,1,0,1,0,0
8.369163,1,0,0,0,0,0,0,0,1,0,0,0,1,0,0,0,0,0
8.374054,0,0,0,0,0,0,1,0,0,1,0,1,0,1,0,0,1,0
8.380714,0,0,0,0,1,0,0,0,0,0,0,0,0,0,0,0,0,0
8.398348,0,0,0,0,0,0,0,1,0,0,0,0,0,0,0,0,0,1
8.398402,0,0,1,0,0,0,0,0,1,0,0,0,1,0,0,0,0,0
8.399158,0,0,0,0,0,1,0,0,0,1,0,1,0,1,0,1,0,0
8.413603,1,0,0,0,0,0,0,0,1,0,0,0,1,0,0,0,0,0
8.432320,0,0,0,0,1,0,0,0,0,0,0,0,0,0,0,0,0,0
8.450642,0,0,0,0,0,1,0,0,0,1,0,1,0,1,0,1,0,0
8.453071,0,0,0,0,0,0,1,1,0,0,0,0,0,1,1,0,0,1
8.466512,1,0,0,1,0,0,1,0,0,1,1,0,1,1,1,0,1,0
8.491626,0,0,0,0,1,0,0,0,0,0,0,0,0,0,0,0,0,0
8.493188,0,0,1,1,0,0,0,0,0,1,1,0,1,0,0,0,1,0
8.500349,0,0,0,0,0,1,0,0,0,0,0,0,0,1,1,0,0,0
8.501595,0,0,0,0,0,0,0,1,0,0,0,0,0,0,0,0,0,1
8.517489,0,1,1,0,0,0,0,0,0,1,1,0,1,0,0,1,0,0
8.533690,0,0,0,0,1,0,0,0,0,0,0,0,0,0,0,0,0,0
8.534570,1,0,0,0,0,0,0,0,1,0,0,0,1,0,0,0,0,0
8.549535,0,0,0,0,0,0,0,1,0,0,0,0,0,0,0,0,0,1
8.549802,0,0,0,0,0,1,1,0,0,1,0,1,0,1,0,1,0,0
8.566147,1,0,0,1,0,0,1,0,0,1,1,0,1,1,1,0,1,0
8.587908,0,0,1,1,0,0,0,0,0,1,1,0,1,0,0,0,1,0
8.588537,0,0,0,0,1,0,0,0,0,0,0,0,0,0,0,0,0,0
8.598861,0,0,0,0,0,0,0,1,0,0,0,0,0,0,0,0,0,1
8.600005,0,0,0,0,0,1,0,0,0,0,0,0,0,1,1,0,0,0
8.615248,0,1,1,0,0,0,0,0,0,1,1,0,1,0,0,1,0,0
8.632096,0,0,0,0,1,0,0,0,0,0,0,0,0,0,0,0,0,0
8.632506,1,0,0,0,0,0,0,0,1,0,0,0,1,0,0,0,0,0
8.641642,0,0,0,0,0,0,1,0,0,1,0,1,0,1,0,0,1,0
8.649573,0,0,0,0,0,0,0,1,0,0,0,0,0,0,0,0,0,1
8.650784,0,0,0,0,0,1,0,0,0,0,0,0,0,1,1,0,0,0
8.663143,0,1,1,0,0,0,0,0,0,1,1,0,1,0,0,1,0,0
8.679330,1,0,0,1,0,0,1,0,0,1,1,0,1,1,1,0,1,0
8.687199,0,0,0,0,1,0,0,0,0,0,0,0,0,0,0,0,0,0
8.699347,0,0,0,0,0,1,0,0,0,0,0,0,0,1,1,0,0,0
8.702314,0,0,0,0,0,0,0,1,0,0,0,0,0,0,0,0,0,1
8.703352,0,1,1,0,0,0,0,0,0,1,1,0,1,0,0,1,0,0
8.720845,1,0,0,0,0,0,0,0,1,0,0,0,1,0,0,0,0,0
8.736170,0,0,0,0,1,0,0,0,0,0,0,0,0,0,0,0,0,0
8.747075,0,0,0,0,0,0,1,1,0,1,0,1,0,1,0,0,1,1
8.748289,0,0,0,0,0,1,0,0,0,0,0,0,0,1,1,0,0,0
8.767156,0,1,1,0,0,0,0,0,0,1,1,0,1,0,0,1,0,0
8.778823,0,0,0,0,1,0,0,0,0,0,0,0,0,0,0,0,0,0
8.781158,1,0,0,1,0,0,1,0,0,1,1,0,1,1,1,0,1,0
8.797565,0,0,0,0,0,0,0,1,0,0,0,0,0,0,0,0,0,1
8.799802,0,0,0,0,0,1,0,0,0,0,0,0,0,1,1,0,0,0
8.801774,0,1,1,0,0,0,0,0,0,1,1,0,1,0,0,1,0,0
8.814900,1,0,0,1,0,0,1,0,0,1,1,0,1,1,1,0,1,0
8.832918,0,0,0,0,1,0,0,0,0,0,0,0,0,0,0,0,0,0
8.835715,0,0,1,0,0,0,0,0,1,0,0,0,1,0,0,0,0,0
8.849750,0,0,0,0,0,1,0,0,0,1,0,1,0,1,0,1,0,0
8.852380,0,0,0,0,0,0,0,1,0,0,0,0,0,0,0,0,0,1
8.865742,1,0,0,1,0,0,1,0,0,1,1,0,1,1,1,0,1,0
8.886467,0,0,1,0,0,0,0,0,1,0,0,0,1,0,0,0,0,0
8.891455,0,0,0,0,1,0,0,0,0,0,0,0,0,0,0,0,0,0
8.899183,0,0,0,0,0,1,0,0,0,1,0,1,0,1,0,1,0,0
8.903351,0,0,0,0,0,0,0,1,0,0,0,0,0,0,0,0,0,1
8.913252,1,0,0,1,0,0,1,0,0,1,1,0,1,1,1,0,1,0
8.934541,0,0,1,0,0,0,0,0,1,0,0,0,1,0,0,0,0,0
8.940351,0,0,0,0,1,0,0,0,0,0,0,0,0,0,0,0,0,0
8.948219,0,0,0,0,0,0,0,1,0,0,0,0,0,0,0,0,0,1
8.948521,0,0,0,0,0,1,0,0,0,1,0,1,0,1,0,1,0,0
8.959092,1,0,0,1,0,0,1,0,0,1,1,0,1,1,1,0,1,0
8.983000,0,0,0,0,1,0,0,0,0,0,0,0,0,0,0,0,0,0
8.985379,0,0,1,0,0,0,0,0,1,0,0,0,1,0,0,0,0,0
9.000471,0,0,0,0,0,0,0,1,0,0,0,0,0,0,0,0,0,1
9.001047,0,0,0,0,0,1,0,0,0,1,0,1,0,1,0,1,0,0
9.016217,1,0,0,0,0,0,0,0,1,0,0,0,1,0,0,0,0,0
9.038465,0,0,0,0,1,0,0,0,0,0,0,0,0,0,0,0,0,0
9.041954,0,0,0,0,0,0,1,0,0,1,0,1,0,1,0,0,1,0
9.048674,0,0,0,0,0,0,0,1,0,0,0,0,0,0,0,0,0,1
9.049477,0,0,0,0,0,1,0,0,0,0,0,0,0,1,1,0,0,0
9.065553,0,1,1,0,0,0,0,0,0,1,1,0,1,0,0,1,0,0
9.080341,1,0,0,0,0,0,0,0,1,0,0,0,1,0,0,0,0,0
9.083987,0,0,0,0,1,0,1,0,0,1,0,1,0,1,0,0,1,0
9.100008,0,0,0,0,0,1,0,0,0,0,0,0,0,1,1,0,0,0
9.103678,0,0,0,0,0,0,0,1,0,0,0,0,0,0,0,0,0,1
9.108038,0,1,1,0,0,0,0,0,0,1,1,0,1,0,0,1,0,0
9.119988,1,0,0,0,0,0,0,0,1,0,0,0,1,0,0,0,0,0
9.122692,0,0,0,0,0,0,1,0,0,1,0,1,0,1,0,0,1,0
9.143535,0,0,0,0,1,0,0,0,0,0,0,0,0,0,0,0,0,0
9.148180,0,0,1,0,0,0,0,0,1,0,0,0,1,0,0,0,0,0
9.150224,0,0,0,0,0,1,0,0,0,1,0,1,0,1,0,1,0,0
9.150623,0,0,0,0,0,0,0,1,0,0,0,0,0,0,0,0,0,1
9.165098,1,0,0,1,0,0,1,0,0,1,1,0,1,1,1,0,1,0
9.185432,0,0,0,0,1,0,0,0,0,0,0,0,0,0,0,0,0,0
9.185939,0,0,1,0,0,0,0,0,1,0,0,0,1,0,0,0,0,0
9.200281,0,0,0,0,0,1,0,0,0,1,0,1,0,1,0,1,0,0
9.201776,0,0,0,0,0,0,0,1,0,0,0,0,0,0,0,0,0,1
9.210620,1,0,0,1,0,0,1,0,0,1,1,0,1,1,1,0,1,0
9.239912,0,0,1,0,0,0,0,0,1,0,0,0,1,0,0,0,0,0
9.240061,0,0,0,0,1,0,0,0,0,0,0,0,0,0,0,0,0,0
9.246487,0,0,0,0,0,0,0,1,0,0,0,0,0,0,0,0,0,1
9.249726,0,0,0,0,0,1,0,0,0,1,0,1,0,1,0,1,0,0
9.264469,1,0,0,1,0,0,1,0,0,1,1,0,1,1,1,0,1,0
9.278904,0,0,0,0,1,0,0,0,0,0,0,0,0,0,0,0,0,0
9.285672,0,0,1,0,0,0,0,0,1,0,0,0,1,0,0,0,0,0
9.299859,0,0,0,0,0,1,0,0,0,1,0,1,0,1,0,1,0,0
9.301910,0,0,0,0,0,0,0,1,0,0,0,0,0,0,0,0,0,1
9.311433,1,0,0,1,0,0,1,0,0,1,1,0,1,1,1,0,1,0
9.332836,0,0,1,0,0,0,0,0,1,0,0,0,1,0,0,0,0,0
9.340457,0,0,0,0,1,0,0,0,0,0,0,0,0,0,0,0,0,0
9.351701,0,0,0,0,0,1,0,0,0,1,0,1,0,1,0,1,0,0
9.352187,0,0,0,0,0,0,0,1,0,0,0,0,0,0,0,0,0,1
9.363282,1,0,0,1,0,0,1,0,0,1,1,0,1,1,1,0,1,0
9.384888,0,0,0,0,1,0,0,0,0,0,0,0,0,0,0,0,0,0
9.385573,0,0,1,0,0,0,0,0,1,0,0,0,1,0,0,0,0,0
9.397141,0,0,0,0,0,0,0,1,0,0,0,0,0,0,0,0,0,1
9.400079,0,0,0,0,0,1,0,0,0,1,0,1,0,1,0,1,0,0
9.410642,1,0,0,0,0,0,0,0,1,0,0,0,1,0,0,0,0,0
9.434186,0,0,0,0,1,0,0,0,0,0,0,0,0,0,0,0,0,0
9.450610,0,0,0,0,0,1,1,0,0,1,0,1,0,1,0,0,1,0
9.452748,0,0,0,0,0,0,0,1,0,0,0,0,0,0,0,0,0,1
9.477601,0,1,1,0,0,0,0,0,0,1,1,0,1,0,0,1,0,0
9.487468,0,0,0,0,1,0,0,0,0,0,0,0,0,0,0,0,0,0
9.491075,1,0,0,1,0,0,1,0,0,1,1,0,1,1,1,0,1,0
9.498478,0,0,0,0,0,1,0,0,0,0,0,0,0,1,1,0,0,0
9.501040,0,0,0,0,0,0,0,1,0,0,0,0,0,0,0,0,0,1
9.516622,0,1,1,0,0,0,0,0,0,1,1,0,1,0,0,1,0,0
9.528488,1,0,0,0,0,0,0,0,1,0,0,0,1,0,0,0,0,0
9.540615,0,0,0,0,1,0,1,0,0,1,0,1,0,1,0,0,1,0
9.547777,0,0,0,0,0,0,0,1,0,0,0,0,0,0,0,0,0,1
9.549347,0,0,0,0,0,1,0,0,0,0,0,0,0,1,1,0,0,0
9.561197,0,1,1,0,0,0,0,0,0,1,1,0,1,0,0,1,0,0
9.574349,1,0,0,1,0,0,1,0,0,1,1,0,1,1,1,0,1,0
9.586266,0,0,0,0,1,0,0,0,0,0,0,0,0,0,0,0,0,0
9.595143,0,0,1,0,0,0,0,0,1,0,0,0,1,0,0,0,0,0
9.599844,0,0,0,0,0,1,0,0,0,1,0,1,0,1,0,1,0,0
9.599882,0,0,0,0,0,0,0,1,0,0,0,0,0,0,0,0,0,1
9.617910,1,0,0,1,0,0,1,0,0,1,1,0,1,1,1,0,1,0
9.637178,0,0,0,0,1,0,0,0,0,0,0,0,0,0,0,0,0,0
9.645503,0,0,1,0,0,0,0,0,1,0,0,0,1,0,0,0,0,0
9.647201,0,0,0,0,0,0,0,1,0,0,0,0,0,0,0,0,0,1
9.650089,0,0,0,0,0,1,0,0,0,1,0,1,0,1,0,1,0,0
9.665046,1,0,0,1,0,0,1,0,0,1,1,0,1,1,1,0,1,0
9.681999,0,0,0,0,1,0,0,0,0,0,0,0,0,0,0,0,0,0
9.691145,0,0,1,0,0,0,0,0,1,0,0,0,1,0,0,0,0,0
9.699382,0,0,0,0,0,1,0,0,0,1,0,1,0,1,0,1,0,0
9.700476,0,0,0,0,0,0,0,1,0,0,0,0,0,0,0,0,0,1
9.713498,1,0,0,1,0,0,1,0,0,1,1,0,1,1,1,0,1,0
9.734523,0,0,0,0,1,0,0,0,0,0,0,0,0,0,0,0,0,0
9.736686,0,0,1,0,0,0,0,0,1,0,0,0,1,0,0,0,0,0
9.749805,0,0,0,0,0,0,0,1,0,0,0,0,0,0,0,0,0,1
9.749862,0,0,0,0,0,1,0,0,0,1,0,1,0,1,0,1,0,0
9.762145,1,0,0,1,0,0,1,0,0,1,1,0,1,1,1,0,1,0
9.784322,0,0,0,0,1,0,0,0,0,0,0,0,0,0,0,0,0,0
9.787971,0,0,1,0,0,0,0,0,1,0,0,0,1,0,0,0,0,0
9.799864,0,0,0,0,0,0,0,1,0,0,0,0,0,0,0,0,0,1
9.800658,0,0,0,0,0,1,0,0,0,1,0,1,0,1,0,1,0,0
9.811465,1,0,0,1,0,0,1,0,0,1,1,0,1,1,1,0,1,0
9.830590,0,0,0,0,1,0,0,0,0,0,0,0,0,0,0,0,0,0
9.838441,0,0,1,0,0,0,0,0,1,0,0,0,1,0,0,0,0,0
9.848733,0,0,0,0,0,1,0,0,0,1,0,1,0,1,0,1,0,0
9.852811,0,0,0,0,0,0,0,1,0,0,0,0,0,0,0,0,0,1
9.865586,1,0,0,1,0,0,1,0,0,1,1,0,1,1,1,0,1,0
9.885430,0,0,0,0,1,0,0,0,0,0,0,0,0,0,0,0,0,0
9.886729,0,0,1,0,0,0,0,0,1,0,0,0,1,0,0,0,0,0
9.901055,0,0,0,0,0,0,0,1,0,0,0,0,0,0,0,0,0,1
9.901330,0,0,0,0,0,1,0,0,0,1,0,1,0,1,0,1,0,0
9.915405,1,0,0,1,0,0,1,0,0,1,1,0,1,1,1,0,1,0
9.938957,0,0,0,0,1,0,0,0,0,0,0,0,0,0,0,0,0,0
9.940259,0,0,1,0,0,0,0,0,1,0,0,0,1,0,0,0,0,0
9.951357,0,0,0,0,0,0,0,1,0,0,0,0,0,0,0,0,0,1
9.951576,0,0,0,0,0,1,0,0,0,1,0,1,0,1,0,1,0,0
9.970109,1,0,0,1,0,0,1,0,0,1,1,0,1,1,1,0,1,0
9.988602,0,0,0,0,1,0,0,0,0,0,0,0,0,0,0,0,0,0
9.991335,0,0,1,0,0,0,0,0,1,0,0,0,1,0,0,0,0,0
9.998264,0,0,0,0,0,0,0,1,0,0,0,0,0,0,0,0,0,1
9.999526,0,0,0,0,0,1,0,0,0,1,0,1,0,1,0,1,0,0
10.012414,1,0,0,1,0,0,1,0,0,1,1,0,1,1,1,0,1,0
10.036812,0,0,0,0,1,0,0,0,0,0,0,0,0,0,0,0,0,0
10.041031,0,0,1,0,0,0,0,0,1,0,0,0,1,0,0,0,0,0
10.048835,0,0,0,0,0,0,0,1,0,0,0,0,0,0,0,0,0,1
10.049763,0,0,0,0,0,1,0,0,0,1,0,1,0,1,0,1,0,0
10.062134,1,0,0,0,0,0,0,0,1,0,0,0,1,0,0,0,0,0
10.083983,0,0,0,0,1,0,1,0,0,1,0,1,0,1,0,0,1,0
10.100572,0,0,0,0,0,1,0,0,0,0,0,0,0,1,1,0,0,0
10.102979,0,0,0,0,0,0,0,1,0,0,0,0,0,0,0,0,0,1
10.109269,0,1,1,0,0,0,0,0,0,1,1,0,1,0,0,1,0,0
10.122665,1,0,0,0,0,0,0,0,1,0,0,0,1,0,0,0,0,0
10.138807,0,0,0,0,0,0,1,0,0,1,0,1,0,1,0,0,1,0
10.142243,0,0,0,0,1,0,0,0,0,0,0,0,0,0,0,0,0,0
10.146111,0,0,0,0,0,0,0,1,0,0,0,0,0,0,0,0,0,1
10.149518,0,0,0,0,0,1,0,0,0,0,0,0,0,1,1,0,0,0
10.159454,0,1,1,0,0,0,0,0,0,1,1,0,1,0,0,1,0,0
10.172937,1,0,0,1,0,0,1,0,0,1,1,0,1,1,1,0,1,0
10.179990,0,0,0,0,1,0,0,0,0,0,0,0,0,0,0,0,0,0
10.199952,0,0,0,0,0,1,0,0,0,0,0,0,0,1,1,0,0,0
10.200312,0,1,1,0,0,0,0,0,0,1,1,0,1,0,0,1,0,0
10.200861,0,0,0,0,0,0,0,1,0,0,0,0,0,0,0,0,0,1
10.213162,1,0,0,0,0,0,0,0,1,0,0,0,1,0,0,0,0,0
10.226188,0,0,0,0,0,0,1,0,0,1,0,1,0,1,0,0,1,0
10.239697,0,0,0,0,1,0,0,0,0,0,0,0,0,0,0,0,0,0
10.249125,0,0,0,0,0,0,0,1,0,0,0,0,0,0,0,0,0,1
10.249974,0,0,0,0,0,1,0,0,0,0,0,0,0,1,1,0,0,0
10.250167,0,1,1,0,0,0,0,0,0,1,1,0,1,0,0,1,0,0
10.261851,1,0,0,0,0,0,0,0,1,0,0,0,1,0,0,0,0,0
10.279830,0,0,0,0,0,0,1,0,0,1,0,1,0,1,0,0,1,0
10.281197,0,0,0,0,1,0,0,0,0,0,0,0,0,0,0,0,0,0
10.299507,0,0,0,0,0,1,0,0,0,0,0,0,0,1,1,0,0,0
10.299778,0,0,0,0,0,0,0,1,0,0,0,0,0,0,0,0,0,1
10.300721,0,1,1,0,0,0,0,0,0,1,1,0,1,0,0,1,0,0
10.311264,1,0,0,0,0,0,0,0,1,0,0,0,1,0,0,0,0,0
10.323556,0,0,0,0,0,0,1,0,0,1,0,1,0,1,0,0,1,0
10.335402,0,0,0,0,1,0,0,0,0,0,0,0,0,0,0,0,0,0
10.348183,0,0,0,0,0,1,0,0,0,0,0,0,0,1,1,0,0,0
10.348956,0,0,0,0,0,0,0,1,0,0,0,0,0,0,0,0,0,1
10.349804,0,1,1,0,0,0,0,0,0,1,1,0,1,0,0,1,0,0
10.361611,1,0,0,1,0,0,1,0,0,1,1,0,1,1,1,0,1,0
10.382224,0,0,1,0,0,0,0,0,1,0,0,0,1,0,0,0,0,0
10.384461,0,0,0,0,1,0,0,0,0,0,0,0,0,0,0,0,0,0
10.398512,0,0,0,0,0,1,0,0,0,1,0,1,0,1,0,1,0,0
10.399768,0,0,0,0,0,0,0,1,0,0,0,0,0,0,0,0,0,1
10.410949,1,0,0,0,0,0,0,0,1,0,0,0,1,0,0,0,0,0
10.414007,0,0,0,0,0,0,1,0,0,1,0,1,0,1,0,0,1,0
10.433522,0,0,0,0,1,0,0,0,0,0,0,0,0,0,0,0,0,0
10.435673,0,0,1,0,0,0,0,0,1,0,0,0,1,0,0,0,0,0
10.449440,0,0,0,0,0,1,0,0,0,1,0,1,0,1,0,1,0,0
10.452459,0,0,0,0,0,0,0,1,0,0,0,0,0,0,0,0,0,1
10.460947,1,0,0,1,0,0,1,0,0,1,1,0,1,1,1,0,1,0
10.486533,0,0,0,0,1,0,0,0,0,0,0,0,0,0,0,0,0,0
10.487834,0,0,1,0,0,0,0,0,1,0,0,0,1,0,0,0,0,0
10.499021,0,0,0,0,0,0,0,1,0,0,0,0,0,0,0,0,0,1
10.500074,0,0,0,0,0,1,0,0,0,1,0,1,0,1,0,1,0,0
10.517125,1,0,0,0,0,0,0,0,1,0,0,0,1,0,0,0,0,0
10.532741,0,0,0,0,1,0,1,0,0,1,0,1,0,1,0,0,1,0
10.549530,0,0,0,0,0,1,0,0,0,0,0,0,0,1,1,0,0,0
10.550966,0,0,0,0,0,0,0,1,0,0,0,0,0,0,0,0,0,1
10.561104,0,1,1,0,0,0,0,0,0,1,1,0,1,0,0,1,0,0
10.571227,1,0,0,0,0,0,0,0,1,0,0,0,1,0,0,0,0,0
10.587056,0,0,0,0,1,0,0,0,0,0,0,0,0,0,0,0,0,0
10.594249,0,0,0,0,0,0,1,0,0,1,0,1,0,1,0,0,1,0
10.599212,0,0,0,0,0,1,0,0,0,0,0,0,0,1,1,0,0,0
10.599965,0,0,0,0,0,0,0,1,0,0,0,0,0,0,0,0,0,1
10.614653,0,1,1,0,0,0,0,0,0,1,1,0,1,0,0,1,0,0
10.625199,1,0,0,1,0,0,1,0,0,1,1,0,1,1,1,0,1,0
10.637955,0,0,0,0,1,0,0,0,0,0,0,0,0,0,0,0,0,0
10.646938,0,0,1,0,0,0,0,0,1,0,0,0,1,0,0,0,0,0
10.649103,0,0,0,0,0,1,0,0,0,1,0,1,0,1,0,1,0,0
10.649337,0,0,0,0,0,0,0,1,0,0,0,0,0,0,0,0,0,1
10.667809,1,0,0,1,0,0,1,0,0,1,1,0,1,1,1,0,1,0
10.686541,0,0,0,0,1,0,0,0,0,0,0,0,0,0,0,0,0,0
10.693784,0,0,1,0,0,0,0,0,1,0,0,0,1,0,0,0,0,0
10.699969,0,0,0,0,0,0,0,1,0,0,0,0,0,0,0,0,0,1
10.700005,0,0,0,0,0,1,0,0,0,1,0,1,0,1,0,1,0,0
10.710084,1,0,0,1,0,0,1,0,0,1,1,0,1,1,1,0,1,0
10.732671,0,0,1,0,0,0,0,0,1,0,0,0,1,0,0,0,0,0
10.735869,0,0,0,0,1,0,0,0,0,0,0,0,0,0,0,0,0,0
10.750351,0,0,0,0,0,1,0,0,0,1,0,1,0,1,0,1,0,0
10.751951,0,0,0,0,0,0,0,1,0,0,0,0,0,0,0,0,0,1
10.764032,1,0,0,1,0,0,1,0,0,1,1,0,1,1,1,0,1,0
10.784427,0,0,1,0,0,0,0,0,1,0,0,0,1,0,0,0,0,0
10.789626,0,0,0,0,1,0,0,0,0,0,0,0,0,0,0,0,0,0
10.798949,0,0,0,0,0,1,0,0,0,1,0,1,0,1,0,1,0,0
10.800520,0,0,0,0,0,0,0,1,0,0,0,0,0,0,0,0,0,1
10.814252,1,0,0,1,0,0,1,0,0,1,1,0,1,1,1,0,1,0
10.837934,0,0,0,0,1,0,0,0,0,0,0,0,0,0,0,0,0,0
10.842306,0,0,1,0,0,0,0,0,1,0,0,0,1,0,0,0,0,0
10.850351,0,0,0,0,0,1,0,0,0,1,0,1,0,1,0,1,0,0
10.850686,0,0,0,0,0,0,0,1,0,0,0,0,0,0,0,0,0,1
10.865742,1,0,0,0,0,0,0,0,1,0,0,0,1,0,0,0,0,0
10.870572,0,0,0,0,0,0,1,0,0,1,0,1,0,1,0,0,1,0
10.885301,0,0,0,0,1,0,0,0,0,0,0,0,0,0,0,0,0,0
10.891672,0,0,1,0,0,0,0,0,1,0,0,0,1,0,0,0,0,0
10.898659,0,0,0,0,0,1,0,0,0,1,0,1,0,1,0,1,0,0
10.898762,0,0,0,0,0,0,0,1,0,0,0,0,0,0,0,0,0,1
10.911666,1,0,0,1,0,0,1,0,0,1,1,0,1,1,1,0,1,0
10.933574,0,0,1,0,0,0,0,0,1,0,0,0,1,0,0,0,0,0
10.936247,0,0,0,0,1,0,0,0,0,0,0,0,0,0,0,0,0,0
10.949402,0,0,0,0,0,0,0,1,0,0,0,0,0,0,0,0,0,1
10.950275,0,0,0,0,0,1,0,0,0,1,0,1,0,1,0,1,0,0
10.969148,1,0,0,0,0,0,0,0,1,0,0,0,1,0,0,0,0,0
10.983884,0,0,0,0,1,0,1,0,0,1,0,1,0,1,0,0,1,0
10.998712,0,0,0,0,0,1,0,0,0,0,0,0,0,1,1,0,0,0
11.000187,0,0,0,0,0,0,0,1,0,0,0,0,0,0,0,0,0,1
11.010982,0,1,1,0,0,0,0,0,0,1,1,0,1,0,0,1,0,0
11.027942,1,0,0,0,0,0,0,0,1,0,0,0,1,0,0,0,0,0
11.029003,0,0,0,0,0,0,1,0,0,1,0,1,0,1,0,0,1,0
11.036916,0,0,0,0,1,0,0,0,0,0,0,0,0,0,0,0,0,0
11.051205,0,0,0,0,0,1,0,0,0,0,0,0,0,1,1,0,0,0
11.051529,0,0,0,0,0,0,0,1,0,0,0,0,0,0,0,0,0,1
11.055806,0,1,1,0,0,0,0,0,0,1,1,0,1,0,0,1,0,0
11.072130,1,0,0,0,0,0,0,0,1,0,0,0,1,0,0,0,0,0
11.075204,0,0,0,0,0,0,1,0,0,1,0,1,0,1,0,0,1,0
11.090881,0,0,0,0,1,0,0,0,0,0,0,0,0,0,0,0,0,0
11.099373,0,0,0,0,0,1,0,0,0,0,0,0,0,1,1,0,0,0
11.099761,0,0,0,0,0,0,0,1,0,0,0,0,0,0,0,0,0,1
11.100618,0,1,1,0,0,0,0,0,0,1,1,0,1,0,0,1,0,0
11.112624,1,0,0,0,0,0,0,0,1,0,0,0,1,0,0,0,0,0
11.134162,0,0,0,0,1,0,1,0,0,1,0,1,0,1,0,0,1,0
11.149043,0,0,0,0,0,1,0,0,0,0,0,0,0,1,1,0,0,0
11.149278,0,0,0,0,0,0,0,1,0,0,0,0,0,0,0,0,0,1
11.155186,0,1,1,0,0,0,0,0,0,1,1,0,1,0,0,1,0,0
11.172583,1,0,0,1,0,0,1,0,0,1,1,0,1,1,1,0,1,0
11.183190,0,0,0,0,1,0,0,0,0,0,0,0,0,0,0,0,0,0
11.195446,0,0,1,0,0,0,0,0,1,0,0,0,1,0,0,0,0,0
11.198627,0,0,0,0,0,1,0,0,0,1,0,1,0,1,0,1,0,0
11.198845,0,0,0,0,0,0,0,1,0,0,0,0,0,0,0,0,0,1
11.213770,1,0,0,0,0,0,0,0,1,0,0,0,1,0,0,0,0,0
11.230483,0,0,0,0,1,0,1,0,0,1,0,1,0,1,0,0,1,0
11.249409,0,0,0,0,0,1,0,0,0,0,0,0,0,1,1,0,0,0
11.251709,0,0,0,0,0,0,0,1,0,0,0,0,0,0,0,0,0,1
11.255833,0,1,1,0,0,0,0,0,0,1,1,0,1,0,0,1,0,0
11.274951,1,0,0,1,0,0,1,0,0,1,1,0,1,1,1,0,1,0
11.289549,0,0,0,0,1,0,0,0,0,0,0,0,0,0,0,0,0,0
11.296889,0,0,1,0,0,0,0,0,1,0,0,0,1,0,0,0,0,0
11.297259,0,0,0,0,0,0,0,1,0,0,0,0,0,0,0,0,0,1
11.300037,0,0,0,0,0,1,0,0,0,1,0,1,0,1,0,1,0,0
11.314317,1,0,0,1,0,0,1,0,0,1,1,0,1,1,1,0,1,0
11.333746,0,0,0,0,1,0,0,0,0,0,0,0,0,0,0,0,0,0
11.339918,0,0,1,0,0,0,0,0,1,0,0,0,1,0,0,0,0,0
11.349988,0,0,0,0,0,1,0,0,0,1,0,1,0,1,0,1,0,0
11.351878,0,0,0,0,0,0,0,1,0,0,0,0,0,0,0,0,0,1
11.364303,1,0,0,1,0,0,1,0,0,1,1,0,1,1,1,0,1,0
11.388935,0,0,0,0,1,0,0,0,0,0,0,0,0,0,0,0,0,0
11.392481,0,0,1,0,0,0,0,0,1,0,0,0,1,0,0,0,0,0
11.399699,0,0,0,0,0,1,0,0,0,1,0,1,0,1,0,1,0,0
11.401465,0,0,0,0,0,0,0,1,0,0,0,0,0,0,0,0,0,1
11.414825,1,0,0,0,0,0,0,0,1,0,0,0,1,0,0,0,0,0
11.427627,0,0,0,0,0,0,1,0,0,1,0,1,0,1,0,0,1,0
11.437627,0,0,0,0,1,0,0,0,0,0,0,0,0,0,0,0,0,0
11.447846,0,0,1,0,0,0,0,0,1,0,0,0,1,0,0,0,0,0
11.450541,0,0,0,0,0,1,0,0,0,1,0,1,0,1,0,1,0,0
11.452535,0,0,0,0,0,0,0,1,0,0,0,0,0,0,0,0,0,1
11.465407,1,0,0,0,0,0,0,0,1,0,0,0,1,0,0,0,0,0
11.488276,0,0,0,0,1,0,1,0,0,1,0,1,0,1,0,0,1,0
11.499361,0,0,0,0,0,1,0,0,0,0,0,0,0,1,1,0,0,0
11.502086,0,0,0,0,0,0,0,1,0,0,0,0,0,0,0,0,0,1
11.509966,0,1,1,0,0,0,0,0,0,1,1,0,1,0,0,1,0,0
11.520066,1,0,0,1,0,0,1,0,0,1,1,0,1,1,1,0,1,0
11.539295,0,0,0,0,1,0,0,0,0,0,0,0,0,0,0,0,0,0
11.540251,0,0,1,0,0,0,0,0,1,0,0,0,1,0,0,0,0,0
11.546992,0,0,0,0,0,0,0,1,0,0,0,0,0,0,0,0,0,1
11.549971,0,0,0,0,0,1,0,0,0,1,0,1,0,1,0,1,0,0
11.562542,1,0,0,1,0,0,1,0,0,1,1,0,1,1,1,0,1,0
11.584921,0,0,0,0,1,0,0,0,0,0,0,0,0,0,0,0,0,0
11.587954,0,0,1,0,0,0,0,0,1,0,0,0,1,0,0,0,0,0
11.596457,0,0,0,0,0,0,0,1,0,0,0,0,0,0,0,0,0,1
11.599914,0,0,0,0,0,1,0,0,0,1,0,1,0,1,0,1,0,0
11.614571,1,0,0,0,0,0,0,0,1,0,0,0,1,0,0,0,0,0
11.631382,0,0,0,0,1,0,1,0,0,1,0,1,0,1,0,0,1,0
11.650296,0,0,0,0,0,0,0,1,0,0,0,0,0,0,0,0,0,1
11.651122,0,0,0,0,0,1,0,0,0,0,0,0,0,1,1,0,0,0
11.651693,0,1,1,0,0,0,0,0,0,1,1,0,1,0,0,1,0,0
11.669993,1,0,0,0,0,0,0,0,1,0,0,0,1,0,0,0,0,0
11.674020,0,0,0,0,0,0,1,0,0,1,0,1,0,1,0,0,1,0
11.687128,0,0,0,0,1,0,0,0,0,0,0,0,0,0,0,0,0,0
11.700071,0,0,1,0,0,0,0,0,1,0,0,0,1,0,0,0,0,0
11.700411,0,0,0,0,0,1,0,0,0,1,0,1,0,1,0,1,0,0
11.701117,0,0,0,0,0,0,0,1,0,0,0,0,0,0,0,0,0,1
11.714348,1,0,0,0,0,0,0,0,1,0,0,0,1,0,0,0,0,0
11.716037,0,0,0,0,0,0,1,0,0,1,0,1,0,1,0,0,1,0
11.740008,0,0,0,0,1,0,0,0,0,0,0,0,0,0,0,0,0,0
11.741736,0,0,1,0,0,0,0,0,1,0,0,0,1,0,0,0,0,0
11.748880,0,0,0,0,0,0,0,1,0,0,0,0,0,0,0,0,0,1
11.749061,0,0,0,0,0,1,0,0,0,1,0,1,0,1,0,1,0,0
11.759912,1,0,0,0,0,0,0,0,1,0,0,0,1,0,0,0,0,0
11.767923,0,0,0,0,0,0,1,0,0,1,0,1,0,1,0,0,1,0
11.787617,0,0,0,0,1,0,0,0,0,0,0,0,0,0,0,0,0,0
11.792729,0,0,1,0,0,0,0,0,1,0,0,0,1,0,0,0,0,0
11.800704,0,0,0,0,0,1,0,0,0,1,0,1,0,1,0,1,0,0
11.803504,0,0,0,0,0,0,0,1,0,0,0,0,0,0,0,0,0,1
11.814482,1,0,0,0,0,0,0,0,1,0,0,0,1,0,0,0,0,0
11.839197,0,0,0,0,1,0,1,0,0,1,0,1,0,1,0,0,1,0
11.847471,0,0,0,0,0,0,0,1,0,0,0,0,0,0,0,0,0,1
11.851824,0,0,0,0,0,1,0,0,0,0,0,0,0,1,1,0,0,0
11.862489,0,1,1,0,0,0,0,0,0,1,1,0,1,0,0,1,0,0
11.878726,1,0,0,0,0,0,0,0,1,0,0,0,1,0,0,0,0,0
11.886130,0,0,0,0,1,0,1,0,0,1,0,1,0,1,0,0,1,0
11.898880,0,0,0,0,0,0,0,1,0,0,0,0,0,0,0,0,0,1
11.900968,0,0,0,0,0,1,0,0,0,0,0,0,0,1,1,0,0,0
11.914360,0,1,1,0,0,0,0,0,0,1,1,0,1,0,0,1,0,0
11.926063,1,0,0,1,0,0,1,0,0,1,1,0,1,1,1,0,1,0
11.935054,0,0,0,0,1,0,0,0,0,0,0,0,0,0,0,0,0,0
11.951892,0,0,0,0,0,1,0,0,0,0,0,0,0,1,1,0,0,0
11.952100,0,0,0,0,0,0,0,1,0,0,0,0,0,0,0,0,0,1
11.954548,0,1,1,0,0,0,0,0,0,1,1,0,1,0,0,1,0,0
11.966808,1,0,0,0,0,0,0,0,1,0,0,0,1,0,0,0,0,0
11.987873,0,0,0,0,1,0,1,0,0,1,0,1,0,1,0,0,1,0
11.999017,0,0,0,0,0,1,0,0,0,0,0,0,0,1,1,0,0,0
12.001332,0,0,0,0,0,0,0,1,0,0,0,0,0,0,0,0,0,1
12.010063,0,1,1,0,0,0,0,0,0,1,1,0,1,0,0,1,0,0
12.022002,1,0,0,1,0,0,1,0,0,1,1,0,1,1,1,0,1,0
12.037491,0,0,0,0,1,0,0,0,0,0,0,0,0,0,0,0,0,0
12.042779,0,0,1,0,0,0,0,0,1,0,0,0,1,0,0,0,0,0
12.048626,0,0,0,0,0,0,0,1,0,0,0,0,0,0,0,0,0,1
12.049425,0,0,0,0,0,1,0,0,0,1,0,1,0,1,0,1,0,0
12.066312,1,0,0,0,0,0,0,0,1,0,0,0,1,0,0,0,0,0
12.079704,0,0,0,0,1,0,0,0,0,0,0,0,0,0,0,0,0,0
12.099897,0,0,0,0,0,1,0,0,0,1,0,1,0,1,0,1,0,0
12.100780,0,0,0,0,0,0,1,1,0,0,0,0,0,1,1,0,0,1
12.113407,1,0,0,1,0,0,0,0,0,1,1,0,1,0,0,0,1,0
12.136144,0,0,0,0,1,0,0,0,0,0,0,0,0,0,0,0,0,0
12.139084,0,0,1,1,0,0,1,0,0,1,1,0,1,1,1,0,1,0
12.149099,0,0,0,0,0,1,0,0,0,0,0,0,0,1,1,0,0,0
12.150938,0,0,0,0,0,0,0,1,0,0,0,0,0,0,0,0,0,1
12.163879,0,1,1,0,0,0,0,0,0,1,1,0,1,0,0,1,0,0
12.180968,1,0,0,1,0,0,1,0,0,1,1,0,1,1,1,0,1,0
12.186706,0,0,0,0,1,0,0,0,0,0,0,0,0,0,0,0,0,0
12.199935,0,0,0,0,0,1,0,0,0,0,0,0,0,1,1,0,0,0
12.200560,0,0,0,0,0,0,0,1,0,0,0,0,0,0,0,0,0,1
12.206429,0,1,1,0,0,0,0,0,0,1,1,0,1,0,0,1,0,0
12.216650,1,0,0,1,0,0,1,0,0,1,1,0,1,1,1,0,1,0
12.234654,0,0,0,0,1,0,0,0,0,0,0,0,0,0,0,0,0,0
12.240287,0,0,1,0,0,0,0,0,1,0,0,0,1,0,0,0,0,0
12.248598,0,0,0,0,0,0,0,1,0,0,0,0,0,0,0,0,0,1
12.251826,0,0,0,0,0,1,0,0,0,1,0,1,0,1,0,1,0,0
12.269101,1,0,0,1,0,0,1,0,0,1,1,0,1,1,1,0,1,0
12.279046,0,0,0,0,1,0,0,0,0,0,0,0,0,0,0,0,0,0
12.290200,0,0,1,0,0,0,0,0,1,0,0,0,1,0,0,0,0,0
12.299473,0,0,0,0,0,0,0,1,0,0,0,0,0,0,0,0,0,1
12.300598,0,0,0,0,0,1,0,0,0,1,0,1,0,1,0,1,0,0
12.314049,1,0,0,0,0,0,0,0,1,0,0,0,1,0,0,0,0,0
12.335122,0,0,0,0,1,0,1,0,0,1,0,1,0,1,0,0,1,0
12.348707,0,0,0,0,0,1,0,0,0,0,0,0,0,1,1,0,0,0
12.351663,0,0,0,0,0,0,0,1,0,0,0,0,0,0,0,0,0,1
12.362838,0,1,1,0,0,0,0,0,0,1,1,0,1,0,0,1,0,0
12.377674,1,0,0,1,0,0,1,0,0,1,1,0,1,1,1,0,1,0
12.388768,0,0,0,0,1,0,0,0,0,0,0,0,0,0,0,0,0,0
12.398870,0,0,0,0,0,1,0,0,0,0,0,0,0,1,1,0,0,0
12.399793,0,1,1,0,0,0,0,0,0,1,1,0,1,0,0,1,0,0
12.399934,0,0,0,0,0,0,0,1,0,0,0,0,0,0,0,0,0,1
12.418314,1,0,0,1,0,0,1,0,0,1,1,0,1,1,1,0,1,0
12.438079,0,0,0,0,1,0,0,0,0,0,0,0,0,0,0,0,0,0
12.447681,0,0,1,0,0,0,0,0,1,0,0,0,1,0,0,0,0,0
12.448732,0,0,0,0,0,1,0,0,0,1,0,1,0,1,0,1,0,0
12.451002,0,0,0,0,0,0,0,1,0,0,0,0,0,0,0,0,0,1
12.461915,1,0,0,0,0,0,0,0,1,0,0,0,1,0,0,0,0,0
12.486470,0,0,0,0,0,0,1,0,0,1,0,1,0,1,0,0,1,0
12.489299,0,0,0,0,1,0,0,0,0,0,0,0,0,0,0,0,0,0
12.497676,0,0,0,0,0,0,0,1,0,0,0,0,0,0,0,0,0,1
12.499519,0,0,0,0,0,1,0,0,0,0,0,0,0,1,1,0,0,0
12.515646,0,1,1,0,0,0,0,0,0,1,1,0,1,0,0,1,0,0
12.531333,0,0,0,0,1,0,0,0,0,0,0,0,0,0,0,0,0,0
12.532355,1,0,0,1,0,0,1,0,0,1,1,0,1,1,1,0,1,0
12.548220,0,0,0,0,0,0,0,1,0,0,0,0,0,0,0,0,0,1
12.550177,0,0,0,0,0,1,0,0,0,0,0,0,0,1,1,0,0,0
12.559803,0,1,1,0,0,0,0,0,0,1,1,0,1,0,0,1,0,0
12.571192,1,0,0,1,0,0,1,0,0,1,1,0,1,1,1,0,1,0
12.587389,0,0,0,0,1,0,0,0,0,0,0,0,0,0,0,0,0,0
12.594098,0,0,1,0,0,0,0,0,1,0,0,0,1,0,0,0,0,0
12.599779,0,0,0,0,0,1,0,0,0,1,0,1,0,1,0,1,0,0
12.600228,0,0,0,0,0,0,0,1,0,0,0,0,0,0,0,0,0,1
12.611535,1,0,0,1,0,0,1,0,0,1,1,0,1,1,1,0,1,0
12.635506,0,0,1,0,0,0,0,0,1,0,0,0,1,0,0,0,0,0
12.638542,0,0,0,0,1,0,0,0,0,0,0,0,0,0,0,0,0,0
12.647759,0,0,0,0,0,0,0,1,0,0,0,0,0,0,0,0,0,1
12.650312,0,0,0,0,0,1,0,0,0,1,0,1,0,1,0,1,0,0
12.669869,1,0,0,1,0,0,1,0,0,1,1,0,1,1,1,0,1,0
12.680304,0,0,0,0,1,0,0,0,0,0,0,0,0,0,0,0,0,0
12.694657,0,0,1,0,0,0,0,0,1,0,0,0,1,0,0,0,0,0
12.697925,0,0,0,0,0,0,0,1,0,0,0,0,0,0,0,0,0,1
12.700073,0,0,0,0,0,1,0,0,0,1,0,1,0,1,0,1,0,0
12.711911,1,0,0,0,0,0,0,0,1,0,0,0,1,0,0,0,0,0
12.731203,0,0,0,0,0,0,1,0,0,1,0,1,0,1,0,0,1,0
12.737367,0,0,0,0,1,0,0,0,0,0,0,0,0,0,0,0,0,0
12.749119,0,0,0,0,0,1,0,0,0,0,0,0,0,1,1,0,0,0
12.749921,0,0,0,0,0,0,0,1,0,0,0,0,0,0,0,0,0,1
12.753564,0,1,1,0,0,0,0,0,0,1,1,0,1,0,0,1,0,0
12.764667,1,0,0,1,0,0,1,0,0,1,1,0,1,1,1,0,1,0
12.788486,0,0,0,0,1,0,0,0,0,0,0,0,0,0,0,0,0,0
12.790698,0,0,1,0,0,0,0,0,1,0,0,0,1,0,0,0,0,0
12.800355,0,0,0,0,0,0,0,1,0,0,0,0,0,0,0,0,0,1
12.800882,0,0,0,0,0,1,0,0,0,1,0,1,0,1,0,1,0,0
12.811840,1,0,0,0,0,0,0,0,1,0,0,0,1,0,0,0,0,0
12.823158,0,0,0,0,0,0,1,0,0,1,0,1,0,1,0,0,1,0
12.834512,0,0,0,0,1,0,0,0,0,0,0,0,0,0,0,0,0,0
12.846664,0,0,1,0,0,0,0,0,1,0,0,0,1,0,0,0,0,0
12.846728,0,0,0,0,0,0,0,1,0,0,0,0,0,0,0,0,0,1
12.850484,0,0,0,0,0,1,0,0,0,1,0,1,0,1,0,1,0,0
12.863185,1,0,0,1,0,0,1,0,0,1,1,0,1,1,1,0,1,0
12.884788,0,0,0,0,1,0,0,0,0,0,0,0,0,0,0,0,0,0
12.891441,0,0,1,0,0,0,0,0,1,0,0,0,1,0,0,0,0,0
12.901513,0,0,0,0,0,1,0,0,0,1,0,1,0,1,0,1,0,0
12.902698,0,0,0,0,0,0,0,1,0,0,0,0,0,0,0,0,0,1
12.921385,1,0,0,0,0,0,0,0,1,0,0,0,1,0,0,0,0,0
12.937916,0,0,0,0,1,0,0,0,0,0,0,0,0,0,0,0,0,0
12.947930,0,0,0,0,0,0,0,1,0,0,0,0,0,0,0,0,0,1
12.950563,0,0,0,0,0,1,1,0,0,1,0,1,0,1,0,0,1,0
12.973753,0,1,1,0,0,0,0,0,0,1,1,0,1,0,0,1,0,0
12.982751,0,0,0,0,1,0,0,0,0,0,0,0,0,0,0,0,0,0
12.990943,1,0,0,0,0,0,0,0,1,0,0,0,1,0,0,0,0,0
12.992437,0,0,0,0,0,0,1,0,0,1,0,1,0,1,0,0,1,0
12.999656,0,0,0,0,0,1,0,0,0,0,0,0,0,1,1,0,0,0
13.003384,0,0,0,0,0,0,0,1,0,0,0,0,0,0,0,0,0,1
13.015526,0,1,1,0,0,0,0,0,0,1,1,0,1,0,0,1,0,0
13.030155,1,0,0,0,0,0,0,0,1,0,0,0,1,0,0,0,0,0
13.035229,0,0,0,0,1,0,1,0,0,1,0,1,0,1,0,0,1,0
13.050143,0,0,0,0,0,0,0,1,0,0,0,0,0,0,0,0,0,1
13.050890,0,0,0,0,0,1,0,0,0,0,0,0,0,1,1,0,0,0
13.060516,0,1,1,0,0,0,0,0,0,1,1,0,1,0,0,1,0,0
13.075110,1,0,0,0,0,0,0,0,1,0,0,0,1,0,0,0,0,0
13.083792,0,0,0,0,0,0,1,0,0,1,0,1,0,1,0,0,1,0
13.089182,0,0,0,0,1,0,0,0,0,0,0,0,0,0,0,0,0,0
13.097068,0,0,0,0,0,0,0,1,0,0,0,0,0,0,0,0,0,1
13.101361,0,0,0,0,0,1,0,0,0,0,0,0,0,1,1,0,0,0
13.105939,0,1,1,0,0,0,0,0,0,1,1,0,1,0,0,1,0,0
13.116732,1,0,0,0,0,0,0,0,1,0,0,0,1,0,0,0,0,0
13.124478,0,0,0,0,0,0,1,0,0,1,0,1,0,1,0,0,1,0
13.128763,0,0,0,0,1,0,0,0,0,0,0,0,0,0,0,0,0,0
13.149101,0,0,1,0,0,0,0,0,1,0,0,0,1,0,0,0,0,0
13.149136,0,0,0,0,0,0,0,1,0,0,0,0,0,0,0,0,0,1
13.149704,0,0,0,0,0,1,0,0,0,1,0,1,0,1,0,1,0,0
13.161113,1,0,0,1,0,0,1,0,0,1,1,0,1,1,1,0,1,0
13.185891,0,0,0,0,1,0,0,0,0,0,0,0,0,0,0,0,0,0
13.188469,0,0,1,0,0,0,0,0,1,0,0,0,1,0,0,0,0,0
13.198539,0,0,0,0,0,0,0,1,0,0,0,0,0,0,0,0,0,1
13.198803,0,0,0,0,0,1,0,0,0,1,0,1,0,1,0,1,0,0
13.210225,1,0,0,1,0,0,1,0,0,1,1,0,1,1,1,0,1,0
13.231067,0,0,1,0,0,0,0,0,1,0,0,0,1,0,0,0,0,0
13.237650,0,0,0,0,1,0,0,0,0,0,0,0,0,0,0,0,0,0
13.249386,0,0,0,0,0,1,0,0,0,1,0,1,0,1,0,1,0,0
13.251391,0,0,0,0,0,0,0,1,0,0,0,0,0,0,0,0,0,1
13.265033,1,0,0,1,0,0,1,0,0,1,1,0,1,1,1,0,1,0
13.287440,0,0,1,0,0,0,0,0,1,0,0,0,1,0,0,0,0,0
13.290042,0,0,0,0,1,0,0,0,0,0,0,0,0,0,0,0,0,0
13.297035,0,0,0,0,0,0,0,1,0,0,0,0,0,0,0,0,0,1
13.300434,0,0,0,0,0,1,0,0,0,1,0,1,0,1,0,1,0,0
13.314033,1,0,0,0,0,0,0,0,1,0,0,0,1,0,0,0,0,0
13.325774,0,0,0,0,0,0,1,0,0,1,0,1,0,1,0,0,1,0
13.331322,0,0,0,0,1,0,0,0,0,0,0,0,0,0,0,0,0,0
13.347178,0,0,1,0,0,0,0,0,1,0,0,0,1,0,0,0,0,0
13.348038,0,0,0,0,0,0,0,1,0,0,0,0,0,0,0,0,0,1
13.351126,0,0,0,0,0,1,0,0,0,1,0,1,0,1,0,1,0,0
13.364621,1,0,0,0,0,0,0,0,1,0,0,0,1,0,0,0,0,0
13.385380,0,0,0,0,1,0,1,0,0,1,0,1,0,1,0,0,1,0
13.400227,0,0,0,0,0,1,0,0,0,0,0,0,0,1,1,0,0,0
13.400319,0,0,0,0,0,0,0,1,0,0,0,0,0,0,0,0,0,1
13.406997,0,1,1,0,0,0,0,0,0,1,1,0,1,0,0,1,0,0
13.417302,1,0,0,1,0,0,1,0,0,1,1,0,1,1,1,0,1,0
13.430955,0,0,0,0,1,0,0,0,0,0,0,0,0,0,0,0,0,0
13.439283,0,0,1,0,0,0,0,0,1,0,0,0,1,0,0,0,0,0
13.448271,0,0,0,0,0,0,0,1,0,0,0,0,0,0,0,0,0,1
13.449528,0,0,0,0,0,1,0,0,0,1,0,1,0,1,0,1,0,0
13.466653,1,0,0,1,0,0,1,0,0,1,1,0,1,1,1,0,1,0
13.481590,0,0,0,0,1,0,0,0,0,0,0,0,0,0,0,0,0,0
13.487555,0,0,1,0,0,0,0,0,1,0,0,0,1,0,0,0,0,0
13.498843,0,0,0,0,0,1,0,0,0,1,0,1,0,1,0,1,0,0
13.501472,0,0,0,0,0,0,0,1,0,0,0,0,0,0,0,0,0,1
13.512614,1,0,0,0,0,0,0,0,1,0,0,0,1,0,0,0,0,0
13.539863,0,0,0,0,1,0,0,0,0,0,0,0,0,0,0,0,0,0
13.549770,0,0,0,0,0,1,1,0,0,1,0,1,0,1,0,1,0,0
13.553553,0,0,0,0,0,0,0,1,0,0,0,0,0,0,0,0,0,1
13.568162,1,0,0,1,0,0,1,0,0,1,1,0,1,1,1,0,1,0
13.585634,0,0,0,0,1,0,0,0,0,0,0,0,0,0,0,0,0,0
13.593761,0,0,1,1,0,0,0,0,0,1,1,0,1,0,0,0,1,0
13.600232,0,0,0,0,0,0,0,1,0,0,0,0,0,0,0,0,0,1
13.600557,0,0,0,0,0,1,0,0,0,0,0,0,0,1,1,0,0,0
13.619382,0,1,1,0,0,0,0,0,0,1,1,0,1,0,0,1,0,0
13.636309,1,0,0,0,0,0,0,0,1,0,0,0,1,0,0,0,0,0
13.639498,0,0,0,0,1,0,1,0,0,1,0,1,0,1,0,0,1,0
13.648214,0,0,0,0,0,0,0,1,0,0,0,0,0,0,0,0,0,1
13.650308,0,0,0,0,0,1,0,0,0,0,0,0,0,1,1,0,0,0
13.666079,0,1,1,0,0,0,0,0,0,1,1,0,1,0,0,1,0,0
13.679031,1,0,0,1,0,0,1,0,0,1,1,0,1,1,1,0,1,0
13.685957,0,0,0,0,1,0,0,0,0,0,0,0,0,0,0,0,0,0
13.700383,0,0,0,0,0,1,0,0,0,0,0,0,0,1,1,0,0,0
13.702517,0,1,1,0,0,0,0,0,0,1,1,0,1,0,0,1,0,0
13.703375,0,0,0,0,0,0,0,1,0,0,0,0,0,0,0,0,0,1
13.720749,1,0,0,0,0,0,0,0,1,0,0,0,1,0,0,0,0,0
13.739804,0,0,0,0,1,0,1,0,0,1,0,1,0,1,0,0,1,0
13.748665,0,0,0,0,0,0,0,1,0,0,0,0,0,0,0,0,0,1
13.749933,0,0,0,0,0,1,0,0,0,0,0,0,0,1,1,0,0,0
13.760629,0,1,1,0,0,0,0,0,0,1,1,0,1,0,0,1,0,0
13.776927,1,0,0,0,0,0,0,0,1,0,0,0,1,0,0,0,0,0
13.785431,0,0,0,0,1,0,0,0,0,0,0,0,0,0,0,0,0,0
13.799243,0,0,0,0,0,1,0,0,0,1,0,1,0,1,0,1,0,0
13.802707,0,0,0,0,0,0,0,1,0,0,0,0,0,0,0,0,0,1
13.812576,0,0,0,0,0,0,1,0,0,0,0,0,0,1,1,0,0,0
13.814414,1,0,0,1,0,0,0,0,0,1,1,0,1,0,0,0,1,0
13.835702,0,0,0,0,0,0,1,0,0,0,0,0,0,1,1,0,0,0
13.841184,0,0,0,0,1,0,0,0,0,0,0,0,0,0,0,0,0,0
13.842109,0,0,1,1,0,0,0,0,0,1,1,0,1,0,0,0,1,0
13.850545,0,0,0,0,0,1,0,0,0,0,0,0,0,1,1,0,0,0
13.851654,0,0,0,0,0,0,0,1,0,0,0,0,0,0,0,0,0,1
13.864719,0,1,1,0,0,0,0,0,0,1,1,0,1,0,0,1,0,0
13.877387,1,0,0,1,0,0,1,0,0,1,1,0,1,1,1,0,1,0
13.887965,0,0,0,0,1,0,0,0,0,0,0,0,0,0,0,0,0,0
13.900681,0,0,0,0,0,0,0,1,0,0,0,0,0,0,0,0,0,1
13.901081,0,0,0,0,0,1,0,0,0,0,0,0,0,1,1,0,0,0
13.904966,0,1,1,0,0,0,0,0,0,1,1,0,1,0,0,1,0,0
13.921658,1,0,0,0,0,0,0,0,1,0,0,0,1,0,0,0,0,0
13.925307,0,0,0,0,0,0,1,0,0,1,0,1,0,1,0,0,1,0
13.935578,0,0,0,0,1,0,0,0,0,0,0,0,0,0,0,0,0,0
13.946765,0,0,1,0,0,0,0,0,1,0,0,0,1,0,0,0,0,0
13.948880,0,0,0,0,0,1,0,0,0,1,0,1,0,1,0,1,0,0
13.949135,0,0,0,0,0,0,0,1,0,0,0,0,0,0,0,0,0,1
13.962744,1,0,0,1,0,0,1,0,0,1,1,0,1,1,1,0,1,0
13.983016,0,0,0,0,1,0,0,0,0,0,0,0,0,0,0,0,0,0
13.985407,0,0,1,0,0,0,0,0,1,0,0,0,1,0,0,0,0,0
13.996875,0,0,0,0,0,0,0,1,0,0,0,0,0,0,0,0,0,1
14.001126,0,0,0,0,0,1,0,0,0,1,0,1,0,1,0,1,0,0
14.014313,1,0,0,1,0,0,1,0,0,1,1,0,1,1,1,0,1,0
14.036502,0,0,0,0,1,0,0,0,0,0,0,0,0,0,0,0,0,0
14.041019,0,0,1,0,0,0,0,0,1,0,0,0,1,0,0,0,0,0
14.046409,0,0,0,0,0,0,0,1,0,0,0,0,0,0,0,0,0,1
14.048274,0,0,0,0,0,1,0,0,0,1,0,1,0,1,0,1,0,0
14.060661,1,0,0,1,0,0,1,0,0,1,1,0,1,1,1,0,1,0
14.079536,0,0,0,0,1,0,0,0,0,0,0,0,0,0,0,0,0,0
14.082568,0,0,1,0,0,0,0,0,1,0,0,0,1,0,0,0,0,0
14.097643,0,0,0,0,0,0,0,1,0,0,0,0,0,0,0,0,0,1
14.098414,0,0,0,0,0,1,0,0,0,1,0,1,0,1,0,1,0,0
14.117588,1,0,0,1,0,0,1,0,0,1,1,0,1,1,1,0,1,0
14.133364,0,0,0,0,1,0,0,0,0,0,0,0,0,0,0,0,0,0
14.143411,0,0,1,0,0,0,0,0,1,0,0,0,1,0,0,0,0,0
14.148030,0,0,0,0,0,0,0,1,0,0,0,0,0,0,0,0,0,1
14.150015,0,0,0,0,0,1,0,0,0,1,0,1,0,1,0,1,0,0
14.163874,1,0,0,0,0,0,0,0,1,0,0,0,1,0,0,0,0,0
14.179770,0,0,0,0,1,0,0,0,0,0,0,0,0,0,0,0,0,0
14.198129,0,0,0,0,0,0,1,1,0,1,0,1,0,1,0,0,1,1
14.200036,0,0,0,0,0,1,0,0,0,0,0,0,0,1,1,0,0,0
14.226706,0,1,1,0,0,0,0,0,0,1,1,0,1,0,0,1,0,0
14.235894,0,0,0,0,1,0,0,0,0,0,0,0,0,0,0,0,0,0
14.237058,1,0,0,1,0,0,1,0,0,1,1,0,1,1,1,0,1,0
14.249963,0,0,0,0,0,1,0,0,0,0,0,0,0,1,1,0,0,0
14.251479,0,0,0,0,0,0,0,1,0,0,0,0,0,0,0,0,0,1
14.260146,0,1,1,0,0,0,0,0,0,1,1,0,1,0,0,1,0,0
14.277570,1,0,0,1,0,0,1,0,0,1,1,0,1,1,1,0,1,0
14.285537,0,0,0,0,1,0,0,0,0,0,0,0,0,0,0,0,0,0
14.296549,0,0,0,0,0,0,0,1,0,0,0,0,0,0,0,0,0,1
14.298652,0,0,1,0,0,0,0,0,1,0,0,0,1,0,0,0,0,0
14.300404,0,0,0,0,0,1,0,0,0,1,0,1,0,1,0,1,0,0
14.312537,1,0,0,1,0,0,1,0,0,1,1,0,1,1,1,0,1,0
14.335983,0,0,0,0,1,0,0,0,0,0,0,0,0,0,0,0,0,0
14.338982,0,0,1,0,0,0,0,0,1,0,0,0,1,0,0,0,0,0
14.349470,0,0,0,0,0,1,0,0,0,1,0,1,0,1,0,1,0,0
14.350754,0,0,0,0,0,0,0,1,0,0,0,0,0,0,0,0,0,1
14.369124,1,0,0,0,0,0,0,0,1,0,0,0,1,0,0,0,0,0
14.386494,0,0,0,0,1,0,1,0,0,1,0,1,0,1,0,0,1,0
14.399751,0,0,0,0,0,0,0,1,0,0,0,0,0,0,0,0,0,1
14.400411,0,0,0,0,0,1,0,0,0,0,0,0,0,1,1,0,0,0
14.407861,0,1,1,0,0,0,0,0,0,1,1,0,1,0,0,1,0,0
14.427709,1,0,0,0,0,0,0,0,1,0,0,0,1,0,0,0,0,0
14.435976,0,0,0,0,1,0,1,0,0,1,0,1,0,1,0,0,1,0
14.448416,0,0,0,0,0,1,0,0,0,0,0,0,0,1,1,0,0,0
14.448665,0,0,0,0,0,0,0,1,0,0,0,0,0,0,0,0,0,1
14.459956,0,1,1,0,0,0,0,0,0,1,1,0,1,0,0,1,0,0
14.470767,1,0,0,1,0,0,1,0,0,1,1,0,1,1,1,0,1,0
14.483617,0,0,0,0,1,0,0,0,0,0,0,0,0,0,0,0,0,0
14.492723,0,0,1,0,0,0,0,0,1,0,0,0,1,0,0,0,0,0
14.498928,0,0,0,0,0,1,0,0,0,1,0,1,0,1,0,1,0,0
14.499798,0,0,0,0,0,0,0,1,0,0,0,0,0,0,0,0,0,1
14.513281,1,0,0,0,0,0,0,0,1,0,0,0,1,0,0,0,0,0
14.534795,0,0,0,0,1,0,0,0,0,0,0,0,0,0,0,0,0,0
14.550863,0,0,0,0,0,1,1,0,0,1,0,1,0,1,0,0,1,0
14.550966,0,0,0,0,0,0,0,1,0,0,0,0,0,0,0,0,0,1
14.572706,0,1,1,0,0,0,0,0,0,1,1,0,1,0,0,1,0,0
14.587027,1,0,0,0,0,0,0,0,1,0,0,0,1,0,0,0,0,0
14.590152,0,0,0,0,1,0,1,0,0,1,0,1,0,1,0,0,1,0
14.600613,0,0,0,0,0,0,0,1,0,0,0,0,0,0,0,0,0,1
14.600985,0,0,0,0,0,1,0,0,0,0,0,0,0,1,1,0,0,0
14.618052,0,1,1,0,0,0,0,0,0,1,1,0,1,0,0,1,0,0
14.630408,1,0,0,1,0,0,1,0,0,1,1,0,1,1,1,0,1,0
14.632633,0,0,0,0,1,0,0,0,0,0,0,0,0,0,0,0,0,0
14.650366,0,0,0,0,0,1,0,0,0,0,0,0,0,1,1,0,0,0
14.652452,0,0,0,0,0,0,0,1,0,0,0,0,0,0,0,0,0,1
14.653800,0,1,1,0,0,0,0,0,0,1,1,0,1,0,0,1,0,0
14.669300,1,0,0,1,0,0,1,0,0,1,1,0,1,1,1,0,1,0
14.692256,0,0,0,0,1,0,0,0,0,0,0,0,0,0,0,0,0,0
14.692857,0,0,1,0,0,0,0,0,1,0,0,0,1,0,0,0,0,0
14.700022,0,0,0,0,0,1,0,0,0,1,0,1,0,1,0,1,0,0
14.700277,0,0,0,0,0,0,0,1,0,0,0,0,0,0,0,0,0,1
14.717305,1,0,0,1,0,0,1,0,0,1,1,0,1,1,1,0,1,0
14.740173,0,0,0,0,1,0,0,0,0,0,0,0,0,0,0,0,0,0
14.742023,0,0,1,0,0,0,0,0,1,0,0,0,1,0,0,0,0,0
14.748272,0,0,0,0,0,0,0,1,0,0,0,0,0,0,0,0,0,1
14.751598,0,0,0,0,0,1,0,0,0,1,0,1,0,1,0,1,0,0
14.765150,1,0,0,1,0,0,1,0,0,1,1,0,1,1,1,0,1,0
14.784039,0,0,0,0,1,0,0,0,0,0,0,0,0,0,0,0,0,0
14.791560,0,0,1,0,0,0,0,0,1,0,0,0,1,0,0,0,0,0
14.799749,0,0,0,0,0,1,0,0,0,1,0,1,0,1,0,1,0,0
14.801800,0,0,0,0,0,0,0,1,0,0,0,0,0,0,0,0,0,1
14.814913,1,0,0,0,0,0,0,0,1,0,0,0,1,0,0,0,0,0
14.837766,0,0,0,0,0,0,1,0,0,1,0,1,0,1,0,0,1,0
14.838896,0,0,0,0,1,0,0,0,0,0,0,0,0,0,0,0,0,0
14.847377,0,0,0,0,0,0,0,1,0,0,0,0,0,0,0,0,0,1
14.850589,0,0,0,0,0,1,0,0,0,0,0,0,0,1,1,0,0,0
14.858911,0,1,1,0,0,0,0,0,0,1,1,0,1,0,0,1,0,0
14.870779,1,0,0,0,0,0,0,0,1,0,0,0,1,0,0,0,0,0
14.879227,0,0,0,0,1,0,1,0,0,1,0,1,0,1,0,0,1,0
14.897479,0,0,0,0,0,0,0,1,0,0,0,0,0,0,0,0,0,1
14.899434,0,0,0,0,0,1,0,0,0,0,0,0,0,1,1,0,0,0
14.903312,0,1,1,0,0,0,0,0,0,1,1,0,1,0,0,1,0,0
14.919655,1,0,0,1,0,0,1,0,0,1,1,0,1,1,1,0,1,0
14.927884,0,0,0,0,1,0,0,0,0,0,0,0,0,0,0,0,0,0
14.943236,0,0,1,0,0,0,0,0,1,0,0,0,1,0,0,0,0,0
14.947753,0,0,0,0,0,0,0,1,0,0,0,0,0,0,0,0,0,1
14.948168,0,0,0,0,0,1,0,0,0,1,0,1,0,1,0,1,0,0
14.964104,1,0,0,0,0,0,0,0,1,0,0,0,1,0,0,0,0,0
14.984475,0,0,0,0,1,0,0,0,0,0,0,0,0,0,0,0,0,0
15.001894,0,0,0,0,0,1,1,0,0,1,0,1,0,1,0,1,0,0
15.002013,0,0,0,0,0,0,0,1,0,0,0,0,0,0,0,0,0,1
15.016191,1,0,0,1,0,0,0,0,0,1,1,0,1,0,0,0,1,0
15.036286,0,0,0,0,1,0,1,0,0,0,0,0,0,1,1,0,0,0
15.036890,0,0,1,1,0,0,0,0,0,1,1,0,1,0,0,0,1,0
15.049927,0,0,0,0,0,1,0,0,0,0,0,0,0,1,1,0,0,0
15.052379,0,0,0,0,0,0,0,1,0,0,0,0,0,0,0,0,0,1
15.059308,0,1,1,0,0,0,0,0,0,1,1,0,1,0,0,1,0,0
15.073394,1,0,0,1,0,0,1,0,0,1,1,0,1,1,1,0,1,0
15.087846,0,0,0,0,1,0,0,0,0,0,0,0,0,0,0,0,0,0
15.094657,0,0,1,0,0,0,0,0,1,0,0,0,1,0,0,0,0,0
15.100410,0,0,0,0,0,1,0,0,0,1,0,1,0,1,0,1,0,0
15.103946,0,0,0,0,0,0,0,1,0,0,0,0,0,0,0,0,0,1
15.112315,1,0,0,0,0,0,0,0,1,0,0,0,1,0,0,0,0,0
15.114084,0,0,0,0,0,0,1,0,0,1,0,1,0,1,0,0,1,0
15.139556,0,0,1,0,0,0,0,0,1,0,0,0,1,0,0,0,0,0
15.142412,0,0,0,0,1,0,0,0,0,0,0,0,0,0,0,0,0,0
15.149892,0,0,0,0,0,0,0,1,0,0,0,0,0,0,0,0,0,1
15.150415,0,0,0,0,0,1,0,0,0,1,0,1,0,1,0,1,0,0
15.163335,1,0,0,0,0,0,0,0,1,0,0,0,1,0,0,0,0,0
15.183650,0,0,0,0,1,0,1,0,0,1,0,1,0,1,0,0,1,0
15.199304,0,0,0,0,0,1,0,0,0,0,0,0,0,1,1,0,0,0
15.201873,0,0,0,0,0,0,0,1,0,0,0,0,0,0,0,0,0,1
15.205850,0,1,1,0,0,0,0,0,0,1,1,0,1,0,0,1,0,0
15.220114,1,0,0,0,0,0,0,0,1,0,0,0,1,0,0,0,0,0
15.239424,0,0,0,0,1,0,1,0,0,1,0,1,0,1,0,0,1,0
15.250019,0,0,0,0,0,0,0,1,0,0,0,0,0,0,0,0,0,1
15.251182,0,0,0,0,0,1,0,0,0,0,0,0,0,1,1,0,0,0
15.263412,0,1,1,0,0,0,0,0,0,1,1,0,1,0,0,1,0,0
15.280085,1,0,0,1,0,0,1,0,0,1,1,0,1,1,1,0,1,0
15.286435,0,0,0,0,1,0,0,0,0,0,0,0,0,0,0,0,0,0
15.296800,0,0,0,0,0,0,0,1,0,0,0,0,0,0,0,0,0,1
15.300663,0,0,0,0,0,1,0,0,0,0,0,0,0,1,1,0,0,0
15.301391,0,1,1,0,0,0,0,0,0,1,1,0,1,0,0,1,0,0
15.313030,1,0,0,0,0,0,0,0,1,0,0,0,1,0,0,0,0,0
15.332224,0,0,0,0,1,0,1,0,0,1,0,1,0,1,0,0,1,0
15.349717,0,0,0,0,0,0,0,1,0,0,0,0,0,0,0,0,0,1
15.349945,0,0,0,0,0,1,0,0,0,0,0,0,0,1,1,0,0,0
15.357598,0,1,1,0,0,0,0,0,0,1,1,0,1,0,0,1,0,0
15.372668,1,0,0,0,0,0,0,0,1,0,0,0,1,0,0,0,0,0
15.383667,0,0,0,0,1,0,1,0,0,1,0,1,0,1,0,0,1,0
15.399593,0,0,0,0,0,0,0,1,0,0,0,0,0,0,0,0,0,1
15.401573,0,0,0,0,0,1,0,0,0,0,0,0,0,1,1,0,0,0
15.407135,0,1,1,0,0,0,0,0,0,1,1,0,1,0,0,1,0,0
15.421299,1,0,0,1,0,0,1,0,0,1,1,0,1,1,1,0,1,0
15.437474,0,0,0,0,1,0,0,0,0,0,0,0,0,0,0,0,0,0
15.443730,0,0,1,0,0,0,0,0,1,0,0,0,1,0,0,0,0,0
15.449439,0,0,0,0,0,0,0,1,0,0,0,0,0,0,0,0,0,1
15.449569,0,0,0,0,0,1,0,0,0,1,0,1,0,1,0,1,0,0
15.462998,1,0,0,0,0,0,0,0,1,0,0,0,1,0,0,0,0,0
15.466688,0,0,0,0,0,0,1,0,0,1,0,1,0,1,0,0,1,0
15.485846,0,0,0,0,1,0,0,0,0,0,0,0,0,0,0,0,0,0
15.489206,0,0,1,0,0,0,0,0,1,0,0,0,1,0,0,0,0,0
15.500951,0,0,0,0,0,1,0,0,0,1,0,1,0,1,0,1,0,0
15.502460,0,0,0,0,0,0,0,1,0,0,0,0,0,0,0,0,0,1
15.514772,1,0,0,0,0,0,0,0,1,0,0,0,1,0,0,0,0,0
15.540199,0,0,0,0,1,0,0,0,0,0,0,0,0,0,0,0,0,0
15.543668,0,0,0,0,0,0,1,0,0,1,0,1,0,1,0,0,1,0
15.550240,0,0,0,0,0,1,0,0,0,0,0,0,0,1,1,0,0,0
15.551254,0,0,0,0,0,0,0,1,0,0,0,0,0,0,0,0,0,1
15.573272,0,1,1,0,0,0,0,0,0,1,1,0,1,0,0,1,0,0
15.587920,1,0,0,1,0,0,1,0,0,1,1,0,1,1,1,0,1,0
15.588100,0,0,0,0,1,0,0,0,0,0,0,0,0,0,0,0,0,0
15.599668,0,0,0,0,0,1,0,0,0,0,0,0,0,1,1,0,0,0
15.600903,0,0,0,0,0,0,0,1,0,0,0,0,0,0,0,0,0,1
15.615144,0,1,1,0,0,0,0,0,0,1,1,0,1,0,0,1,0,0
15.633646,1,0,0,1,0,0,1,0,0,1,1,0,1,1,1,0,1,0
15.637915,0,0,0,0,1,0,0,0,0,0,0,0,0,0,0,0,0,0
15.650833,0,0,0,0,0,1,0,0,0,0,0,0,0,1,1,0,0,0
15.652987,0,0,0,0,0,0,0,1,0,0,0,0,0,0,0,0,0,1
15.661578,0,1,1,0,0,0,0,0,0,1,1,0,1,0,0,1,0,0
15.675256,1,0,0,0,0,0,0,0,1,0,0,0,1,0,0,0,0,0
15.679249,0,0,0,0,0,0,1,0,0,1,0,1,0,1,0,0,1,0
15.686536,0,0,0,0,1,0,0,0,0,0,0,0,0,0,0,0,0,0
15.699465,0,0,0,0,0,1,0,0,0,0,0,0,0,1,1,0,0,0
15.701077,0,0,0,0,0,0,0,1,0,0,0,0,0,0,0,0,0,1
15.703937,0,1,1,0,0,0,0,0,0,1,1,0,1,0,0,1,0,0
15.718979,1,0,0,0,0,0,0,0,1,0,0,0,1,0,0,0,0,0
15.738900,0,0,0,0,1,0,1,0,0,1,0,1,0,1,0,0,1,0
15.751052,0,0,0,0,0,1,0,0,0,0,0,0,0,1,1,0,0,0
15.753633,0,0,0,0,0,0,0,1,0,0,0,0,0,0,0,0,0,1
15.763767,0,1,1,0,0,0,0,0,0,1,1,0,1,0,0,1,0,0
15.774256,1,0,0,1,0,0,1,0,0,1,1,0,1,1,1,0,1,0
15.784790,0,0,0,0,1,0,0,0,0,0,0,0,0,0,0,0,0,0
15.797676,0,0,0,0,0,0,0,1,0,0,0,0,0,0,0,0,0,1
15.799278,0,0,0,0,0,1,0,0,0,0,0,0,0,1,1,0,0,0
15.800985,0,1,1,0,0,0,0,0,0,1,1,0,1,0,0,1,0,0
15.815758,1,0,0,1,0,0,1,0,0,1,1,0,1,1,1,0,1,0
15.830252,0,0,0,0,1,0,0,0,0,0,0,0,0,0,0,0,0,0
15.843919,0,0,1,0,0,0,0,0,1,0,0,0,1,0,0,0,0,0
15.848391,0,0,0,0,0,1,0,0,0,1,0,1,0,1,0,1,0,0
15.852180,0,0,0,0,0,0,0,1,0,0,0,0,0,0,0,0,0,1
15.861879,1,0,0,1,0,0,1,0,0,1,1,0,1,1,1,0,1,0
15.883665,0,0,1,0,0,0,0,0,1,0,0,0,1,0,0,0,0,0
15.889256,0,0,0,0,1,0,0,0,0,0,0,0,0,0,0,0,0,0
15.900904,0,0,0,0,0,1,0,0,0,1,0,1,0,1,0,1,0,0
15.900942,0,0,0,0,0,0,0,1,0,0,0,0,0,0,0,0,0,1
15.913638,1,0,0,0,0,0,0,0,1,0,0,0,1,0,0,0,0,0
15.934351,0,0,0,0,1,0,1,0,0,1,0,1,0,1,0,0,1,0
15.946326,0,0,0,0,0,0,0,1,0,0,0,0,0,0,0,0,0,1
15.949435,0,0,0,0,0,1,0,0,0,0,0,0,0,1,1,0,0,0
15.958199,0,1,1,0,0,0,0,0,0,1,1,0,1,0,0,1,0,0
15.969920,1,0,0,0,0,0,0,0,1,0,0,0,1,0,0,0,0,0
15.986324,0,0,0,0,1,0,1,0,0,1,0,1,0,1,0,0,1,0
16.000549,0,0,0,0,0,0,0,1,0,0,0,0,0,0,0,0,0,1
16.001718,0,0,0,0,0,1,0,0,0,0,0,0,0,1,1,0,0,0
16.012671,0,1,1,0,0,0,0,0,0,1,1,0,1,0,0,1,0,0
16.026849,1,0,0,1,0,0,1,0,0,1,1,0,1,1,1,0,1,0
16.034838,0,0,0,0,1,0,0,0,0,0,0,0,0,0,0,0,0,0
16.048112,0,0,1,0,0,0,0,0,1,0,0,0,1,0,0,0,0,0
16.050634,0,0,0,0,0,1,0,0,0,1,0,1,0,1,0,1,0,0
16.051087,0,0,0,0,0,0,0,1,0,0,0,0,0,0,0,0,0,1
16.067461,1,0,0,0,0,0,0,0,1,0,0,0,1,0,0,0,0,0
16.086140,0,0,0,0,1,0,0,0,0,0,0,0,0,0,0,0,0,0
16.100038,0,0,0,0,0,0,0,1,0,0,0,0,0,0,0,0,0,1
16.101244,0,0,0,0,0,1,0,0,0,1,0,1,0,1,0,1,0,0
16.113911,1,0,0,1,0,0,1,0,0,1,1,0,1,1,1,0,1,0
16.122354,0,0,0,0,0,0,1,0,0,0,0,0,0,1,1,0,0,0
16.131649,0,0,0,0,1,0,0,0,0,0,0,0,0,0,0,0,0,0
16.141036,0,0,1,1,0,0,0,0,0,1,1,0,1,0,0,0,1,0
16.150296,0,0,0,0,0,1,0,0,0,0,0,0,0,1,1,0,0,0
16.151205,0,0,0,0,0,0,0,1,0,0,0,0,0,0,0,0,0,1
16.166350,0,1,1,0,0,0,0,0,0,1,1,0,1,0,0,1,0,0
16.180180,1,0,0,0,0,0,0,0,1,0,0,0,1,0,0,0,0,0
16.182683,0,0,0,0,0,0,1,0,0,1,0,1,0,1,0,0,1,0
16.184763,0,0,0,0,1,0,0,0,0,0,0,0,0,0,0,0,0,0
16.201090,0,0,0,0,0,1,0,0,0,0,0,0,0,1,1,0,0,0
16.201526,0,0,0,0,0,0,0,1,0,0,0,0,0,0,0,0,0,1
16.204594,0,1,1,0,0,0,0,0,0,1,1,0,1,0,0,1,0,0
16.219279,1,0,0,0,0,0,0,0,1,0,0,0,1,0,0,0,0,0
16.237680,0,0,0,0,1,0,1,0,0,1,0,1,0,1,0,0,1,0
16.248914,0,0,0,0,0,1,0,0,0,0,0,0,0,1,1,0,0,0
16.249313,0,0,0,0,0,0,0,1,0,0,0,0,0,0,0,0,0,1
16.258576,0,1,1,0,0,0,0,0,0,1,1,0,1,0,0,1,0,0
16.273859,1,0,0,0,0,0,0,0,1,0,0,0,1,0,0,0,0,0
16.283565,0,0,0,0,1,0,1,0,0,1,0,1,0,1,0,0,1,0
16.299564,0,0,0,0,0,0,0,1,0,0,0,0,0,0,0,0,0,1
16.300680,0,0,0,0,0,1,0,0,0,0,0,0,0,1,1,0,0,0
16.305356,0,1,1,0,0,0,0,0,0,1,1,0,1,0,0,1,0,0
16.317307,1,0,0,1,0,0,1,0,0,1,1,0,1,1,1,0,1,0
16.334531,0,0,0,0,1,0,0,0,0,0,0,0,0,0,0,0,0,0
16.342367,0,0,1,0,0,0,0,0,1,0,0,0,1,0,0,0,0,0
16.348763,0,0,0,0,0,0,0,1,0,0,0,0,0,0,0,0,0,1
16.349357,0,0,0,0,0,1,0,0,0,1,0,1,0,1,0,1,0,0
16.364611,1,0,0,0,0,0,0,0,1,0,0,0,1,0,0,0,0,0
16.380981,0,0,0,0,0,0,1,0,0,1,0,1,0,1,0,0,1,0
16.385015,0,0,0,0,1,0,0,0,0,0,0,0,0,0,0,0,0,0
16.399669,0,0,0,0,0,1,0,0,0,0,0,0,0,1,1,0,0,0
16.402063,0,0,0,0,0,0,0,1,0,0,0,0,0,0,0,0,0,1
16.403024,0,1,1,0,0,0,0,0,0,1,1,0,1,0,0,1,0,0
16.420018,1,0,0,1,0,0,1,0,0,1,1,0,1,1,1,0,1,0
16.438030,0,0,0,0,1,0,0,0,0,0,0,0,0,0,0,0,0,0
16.448540,0,0,0,0,0,0,0,1,0,0,0,0,0,0,0,0,0,1
16.448590,0,0,1,0,0,0,0,0,1,0,0,0,1,0,0,0,0,0
16.451527,0,0,0,0,0,1,0,0,0,1,0,1,0,1,0,1,0,0
16.469044,1,0,0,1,0,0,1,0,0,1,1,0,1,1,1,0,1,0
16.483789,0,0,0,0,1,0,0,0,0,0,0,0,0,0,0,0,0,0
16.491409,0,0,1,0,0,0,0,0,1,0,0,0,1,0,0,0,0,0
16.499183,0,0,0,0,0,0,0,1,0,0,0,0,0,0,0,0,0,1
16.500046,0,0,0,0,0,1,0,0,0,1,0,1,0,1,0,1,0,0
16.511200,1,0,0,0,0,0,0,0,1,0,0,0,1,0,0,0,0,0
16.536157,0,0,0,0,1,0,0,0,0,0,0,0,0,0,0,0,0,0
16.549905,0,0,0,0,0,0,0,1,0,0,0,0,0,0,0,0,0,1
16.550755,0,0,0,0,0,1,0,0,0,1,0,1,0,1,0,1,0,0
16.559727,0,0,0,0,0,0,1,0,0,0,0,0,0,1,1,0,0,0
16.561918,1,0,0,1,0,0,1,0,0,1,1,0,1,1,1,0,1,0
16.583138,0,0,0,0,1,0,0,0,0,0,0,0,0,0,0,0,0,0
16.589997,0,0,1,1,0,0,0,0,0,1,1,0,1,0,0,0,1,0
16.599679,0,0,0,0,0,0,0,1,0,0,0,0,0,0,0,0,0,1
16.599802,0,0,0,0,0,1,0,0,0,0,0,0,0,1,1,0,0,0
16.612630,0,1,1,0,0,0,0,0,0,1,1,0,1,0,0,1,0,0
16.628743,1,0,0,0,0,0,0,0,1,0,0,0,1,0,0,0,0,0
16.637613,0,0,0,0,1,0,0,0,0,0,0,0,0,0,0,0,0,0
16.639240,0,0,0,0,0,0,1,0,0,1,0,1,0,1,0,0,1,0
16.648544,0,0,0,0,0,0,0,1,0,0,0,0,0,0,0,0,0,1
16.650054,0,0,0,0,0,1,0,0,0,0,0,0,0,1,1,0,0,0
16.669164,0,1,1,0,0,0,0,0,0,1,1,0,1,0,0,1,0,0
16.680910,0,0,0,0,1,0,0,0,0,0,0,0,0,0,0,0,0,0
16.684483,1,0,0,0,0,0,0,0,1,0,0,0,1,0,0,0,0,0
16.701028,0,0,0,0,0,1,0,0,0,1,0,1,0,1,0,1,0,0
16.701412,0,0,0,0,0,0,1,1,0,0,0,0,0,1,1,0,0,1
16.714432,1,0,0,1,0,0,0,0,0,1,1,0,1,0,0,0,1,0
16.739929,0,0,1,1,0,0,1,0,0,1,1,0,1,1,1,0,1,0
16.741110,0,0,0,0,1,0,0,0,0,0,0,0,0,0,0,0,0,0
16.747830,0,0,0,0,0,0,0,1,0,0,0,0,0,0,0,0,0,1
16.750239,0,0,0,0,0,1,0,0,0,0,0,0,0,1,1,0,0,0
16.766152,0,1,1,0,0,0,0,0,0,1,1,0,1,0,0,1,0,0
16.779411,1,0,0,0,0,0,0,0,1,0,0,0,1,0,0,0,0,0
16.787276,0,0,0,0,1,0,0,0,0,0,0,0,0,0,0,0,0,0
16.796661,0,0,0,0,0,0,0,1,0,0,0,0,0,0,0,0,0,1
16.797918,0,0,0,0,0,0,1,0,0,1,0,1,0,1,0,0,1,0
16.799023,0,0,0,0,0,1,0,0,0,0,0,0,0,1,1,0,0,0
16.826450,0,1,1,0,0,0,0,0,0,1,1,0,1,0,0,1,0,0
16.832774,0,0,0,0,1,0,0,0,0,0,0,0,0,0,0,0,0,0
16.842173,1,0,0,0,0,0,0,0,1,0,0,0,1,0,0,0,0,0
16.848741,0,0,0,0,0,0,0,1,0,0,0,0,0,0,0,0,0,1
16.850307,0,0,0,0,0,1,1,0,0,1,0,1,0,1,0,0,1,0
16.879978,0,1,1,0,0,0,0,0,0,1,1,0,1,0,0,1,0,0
16.881165,0,0,0,0,1,0,0,0,0,0,0,0,0,0,0,0,0,0
16.895636,1,0,0,0,0,0,0,0,1,0,0,0,1,0,0,0,0,0
16.898408,0,0,0,0,0,1,1,0,0,1,0,1,0,1,0,1,0,0
16.901621,0,0,0,0,0,0,0,1,0,0,0,0,0,0,0,0,0,1
16.915520,1,0,0,1,0,0,0,0,0,1,1,0,1,0,0,0,1,0
16.935765,0,0,0,0,1,0,1,0,0,0,0,0,0,1,1,0,0,0
16.944252,0,0,1,1,0,0,0,0,0,1,1,0,1,0,0,0,1,0
16.946092,0,0,0,0,0,0,0,1,0,0,0,0,0,0,0,0,0,1
16.950701,0,0,0,0,0,1,0,0,0,0,0,0,0,1,1,0,0,0
16.967962,0,1,1,0,0,0,0,0,0,1,1,0,1,0,0,1,0,0
16.978015,1,0,0,1,0,0,1,0,0,1,1,0,1,1,1,0,1,0
16.985901,0,0,0,0,1,0,0,0,0,0,0,0,0,0,0,0,0,0
16.999347,0,0,0,0,0,1,0,0,0,0,0,0,0,1,1,0,0,0
17.000270,0,0,0,0,0,0,0,1,0,0,0,0,0,0,0,0,0,1
17.004761,0,1,1,0,0,0,0,0,0,1,1,0,1,0,0,1,0,0
17.015927,1,0,0,1,0,0,1,0,0,1,1,0,1,1,1,0,1,0
17.038699,0,0,0,0,1,0,0,0,0,0,0,0,0,0,0,0,0,0
17.045684,0,0,1,0,0,0,0,0,1,0,0,0,1,0,0,0,0,0
17.050173,0,0,0,0,0,1,0,0,0,1,0,1,0,1,0,1,0,0
17.050280,0,0,0,0,0,0,0,1,0,0,0,0,0,0,0,0,0,1
17.062956,1,0,0,1,0,0,1,0,0,1,1,0,1,1,1,0,1,0
17.088734,0,0,1,0,0,0,0,0,1,0,0,0,1,0,0,0,0,0
17.089799,0,0,0,0,1,0,0,0,0,0,0,0,0,0,0,0,0,0
17.096151,0,0,0,0,0,0,0,1,0,0,0,0,0,0,0,0,0,1
17.098661,0,0,0,0,0,1,0,0,0,1,0,1,0,1,0,1,0,0
17.110533,1,0,0,0,0,0,0,0,1,0,0,0,1,0,0,0,0,0
17.117800,0,0,0,0,0,0,1,0,0,1,0,1,0,1,0,0,1,0
17.132006,0,0,0,0,1,0,0,0,0,0,0,0,0,0,0,0,0,0
17.145207,0,0,1,0,0,0,0,0,1,0,0,0,1,0,0,0,0,0
17.150202,0,0,0,0,0,1,0,0,0,1,0,1,0,1,0,1,0,0
17.152997,0,0,0,0,0,0,0,1,0,0,0,0,0,0,0,0,0,1
17.169260,1,0,0,1,0,0,1,0,0,1,1,0,1,1,1,0,1,0
17.187952,0,0,0,0,1,0,0,0,0,0,0,0,0,0,0,0,0,0
17.193973,0,0,1,0,0,0,0,0,1,0,0,0,1,0,0,0,0,0
17.197237,0,0,0,0,0,0,0,1,0,0,0,0,0,0,0,0,0,1
17.200072,0,0,0,0,0,1,0,0,0,1,0,1,0,1,0,1,0,0
17.216158,1,0,0,0,0,0,0,0,1,0,0,0,1,0,0,0,0,0
17.237140,0,0,0,0,1,0,0,0,0,0,0,0,0,0,0,0,0,0
17.240220,0,0,0,0,0,0,1,0,0,1,0,1,0,1,0,0,1,0
17.249060,0,0,0,0,0,0,0,1,0,0,0,0,0,0,0,0,0,1
17.250458,0,0,0,0,0,1,0,0,0,0,0,0,0,1,1,0,0,0
17.263633,0,1,1,0,0,0,0,0,0,1,1,0,1,0,0,1,0,0
17.279868,1,0,0,1,0,0,1,0,0,1,1,0,1,1,1,0,1,0
17.283683,0,0,0,0,1,0,0,0,0,0,0,0,0,0,0,0,0,0
17.299447,0,0,0,0,0,0,0,1,0,0,0,0,0,0,0,0,0,1
17.299961,0,0,0,0,0,1,0,0,0,0,0,0,0,1,1,0,0,0
17.307880,0,1,1,0,0,0,0,0,0,1,1,0,1,0,0,1,0,0
17.323057,1,0,0,1,0,0,1,0,0,1,1,0,1,1,1,0,1,0
17.337756,0,0,0,0,1,0,0,0,0,0,0,0,0,0,0,0,0,0
17.350192,0,0,0,0,0,1,0,0,0,0,0,0,0,1,1,0,0,0
17.352307,0,1,1,0,0,0,0,0,0,1,1,0,1,0,0,1,0,0
17.352606,0,0,0,0,0,0,0,1,0,0,0,0,0,0,0,0,0,1
17.369788,1,0,0,1,0,0,1,0,0,1,1,0,1,1,1,0,1,0
17.390166,0,0,0,0,1,0,0,0,0,0,0,0,0,0,0,0,0,0
17.390833,0,0,1,0,0,0,0,0,1,0,0,0,1,0,0,0,0,0
17.400161,0,0,0,0,0,1,0,0,0,1,0,1,0,1,0,1,0,0
17.403933,0,0,0,0,0,0,0,1,0,0,0,0,0,0,0,0,0,1
17.413125,1,0,0,1,0,0,1,0,0,1,1,0,1,1,1,0,1,0
17.438307,0,0,0,0,1,0,0,0,0,0,0,0,0,0,0,0,0,0
17.438951,0,0,1,0,0,0,0,0,1,0,0,0,1,0,0,0,0,0
17.449762,0,0,0,0,0,1,0,0,0,1,0,1,0,1,0,1,0,0
17.449772,0,0,0,0,0,0,0,1,0,0,0,0,0,0,0,0,0,1
17.468080,1,0,0,0,0,0,0,0,1,0,0,0,1,0,0,0,0,0
17.487167,0,0,0,0,1,0,0,0,0,0,0,0,0,0,0,0,0,0
17.497061,0,0,0,0,0,0,0,1,0,0,0,0,0,0,0,0,0,1
17.498808,0,0,0,0,0,1,1,0,0,1,0,1,0,1,0,0,1,0
17.525728,0,1,1,0,0,0,0,0,0,1,1,0,1,0,0,1,0,0
17.532950,0,0,0,0,1,0,0,0,0,0,0,0,0,0,0,0,0,0
17.539544,1,0,0,0,0,0,0,0,1,0,0,0,1,0,0,0,0,0
17.551028,0,0,0,0,0,1,0,0,0,1,0,1,0,1,0,1,0,0
17.553276,0,0,0,0,0,0,0,1,0,0,0,0,0,0,0,0,0,1
17.563245,1,0,0,0,0,0,0,0,1,0,0,0,1,0,0,0,0,0
17.566156,0,0,0,0,0,0,1,0,0,1,0,1,0,1,0,0,1,0
17.577600,0,0,0,0,0,0,1,0,0,0,0,0,0,1,1,0,0,0
17.590064,0,0,1,1,0,0,0,0,0,1,1,0,1,0,0,0,1,0
17.590149,0,0,0,0,1,0,0,0,0,0,0,0,0,0,0,0,0,0
17.600259,0,0,0,0,0,1,0,0,0,0,0,0,0,1,1,0,0,0
17.601184,0,0,0,0,0,0,0,1,0,0,0,0,0,0,0,0,0,1
17.611934,0,1,1,0,0,0,0,0,0,1,1,0,1,0,0,1,0,0
17.628293,1,0,0,0,0,0,0,0,1,0,0,0,1,0,0,0,0,0
17.638708,0,0,0,0,1,0,1,0,0,1,0,1,0,1,0,0,1,0
17.648958,0,0,0,0,0,1,0,0,0,0,0,0,0,1,1,0,0,0
17.649572,0,0,0,0,0,0,0,1,0,0,0,0,0,0,0,0,0,1
17.663449,0,1,1,0,0,0,0,0,0,1,1,0,1,0,0,1,0,0
17.676450,1,0,0,1,0,0,1,0,0,1,1,0,1,1,1,0,1,0
17.686614,0,0,0,0,1,0,0,0,0,0,0,0,0,0,0,0,0,0
17.699677,0,0,0,0,0,0,0,1,0,0,0,0,0,0,0,0,0,1
17.699800,0,0,0,0,0,1,0,0,0,0,0,0,0,1,1,0,0,0
17.700519,0,1,1,0,0,0,0,0,0,1,1,0,1,0,0,1,0,0
17.711660,1,0,0,1,0,0,1,0,0,1,1,0,1,1,1,0,1,0
17.735181,0,0,0,0,1,0,0,0,0,0,0,0,0,0,0,0,0,0
17.737265,0,0,1,0,0,0,0,0,1,0,0,0,1,0,0,0,0,0
17.750699,0,0,0,0,0,1,0,0,0,1,0,1,0,1,0,1,0,0
17.751895,0,0,0,0,0,0,0,1,0,0,0,0,0,0,0,0,0,1
17.770460,1,0,0,1,0,0,1,0,0,1,1,0,1,1,1,0,1,0
17.784735,0,0,0,0,1,0,0,0,0,0,0,0,0,0,0,0,0,0
17.796776,0,0,0,0,0,0,0,1,0,0,0,0,0,0,0,0,0,1
17.798972,0,0,1,0,0,0,0,0,1,0,0,0,1,0,0,0,0,0
17.800183,0,0,0,0,0,1,0,0,0,1,0,1,0,1,0,1,0,0
17.814210,1,0,0,0,0,0,0,0,1,0,0,0,1,0,0,0,0,0
17.820499,0,0,0,0,0,0,1,0,0,1,0,1,0,1,0,0,1,0
17.834212,0,0,0,0,1,0,0,0,0,0,0,0,0,0,0,0,0,0
17.842617,0,0,1,0,0,0,0,0,1,0,0,0,1,0,0,0,0,0
17.849093,0,0,0,0,0,0,0,1,0,0,0,0,0,0,0,0,0,1
17.849567,0,0,0,0,0,1,0,0,0,1,0,1,0,1,0,1,0,0
17.864831,1,0,0,0,0,0,0,0,1,0,0,0,1,0,0,0,0,0
17.882590,0,0,0,0,1,0,0,0,0,0,0,0,0,0,0,0,0,0
17.899082,0,0,0,0,0,1,0,0,0,1,0,1,0,1,0,1,0,0
17.903175,0,0,0,0,0,0,1,1,0,0,0,0,0,1,1,0,0,1
17.910974,1,0,0,1,0,0,1,0,0,1,1,0,1,1,1,0,1,0
17.935689,0,0,0,0,1,0,0,0,0,0,0,0,0,0,0,0,0,0
17.940235,0,0,1,1,0,0,0,0,0,1,1,0,1,0,0,0,1,0
17.946182,0,0,0,0,0,0,0,1,0,0,0,0,0,0,0,0,0,1
17.950479,0,0,0,0,0,1,0,0,0,0,0,0,0,1,1,0,0,0
17.966158,0,1,1,0,0,0,0,0,0,1,1,0,1,0,0,1,0,0
17.978171,0,0,0,0,1,0,0,0,0,0,0,0,0,0,0,0,0,0
17.981497,1,0,0,0,0,0,0,0,1,0,0,0,1,0,0,0,0,0
17.998194,0,0,0,0,0,0,1,1,0,1,0,1,0,1,0,0,1,1
18.000715,0,0,0,0,0,1,0,0,0,0,0,0,0,1,1,0,0,0
18.020691,0,1,1,0,0,0,0,0,0,1,1,0,1,0,0,1,0,0
18.036976,1,0,0,1,0,0,1,0,0,1,1,0,1,1,1,0,1,0
18.037005,0,0,0,0,1,0,0,0,0,0,0,0,0,0,0,0,0,0
18.048994,0,0,0,0,0,0,0,1,0,0,0,0,0,0,0,0,0,1
18.050719,0,0,0,0,0,1,0,0,0,0,0,0,0,1,1,0,0,0
18.063883,0,1,1,0,0,0,0,0,0,1,1,0,1,0,0,1,0,0
18.077823,1,0,0,1,0,0,1,0,0,1,1,0,1,1,1,0,1,0
18.086797,0,0,0,0,1,0,0,0,0,0,0,0,0,0,0,0,0,0
18.098021,0,0,1,0,0,0,0,0,1,0,0,0,1,0,0,0,0,0
18.100136,0,0,0,0,0,1,0,0,0,1,0,1,0,1,0,1,0,0
18.103004,0,0,0,0,0,0,0,1,0,0,0,0,0,0,0,0,0,1
18.113143,1,0,0,1,0,0,1,0,0,1,1,0,1,1,1,0,1,0
18.133512,0,0,1,0,0,0,0,0,1,0,0,0,1,0,0,0,0,0
18.142419,0,0,0,0,1,0,0,0,0,0,0,0,0,0,0,0,0,0
18.148843,0,0,0,0,0,1,0,0,0,1,0,1,0,1,0,1,0,0
18.152640,0,0,0,0,0,0,0,1,0,0,0,0,0,0,0,0,0,1
18.162242,1,0,0,1,0,0,1,0,0,1,1,0,1,1,1,0,1,0
18.186311,0,0,1,0,0,0,0,0,1,0,0,0,1,0,0,0,0,0
18.188658,0,0,0,0,1,0,0,0,0,0,0,0,0,0,0,0,0,0
18.199292,0,0,0,0,0,0,0,1,0,0,0,0,0,0,0,0,0,1
18.199641,0,0,0,0,0,1,0,0,0,1,0,1,0,1,0,1,0,0
18.218764,1,0,0,0,0,0,0,0,1,0,0,0,1,0,0,0,0,0
18.231665,0,0,0,0,1,0,1,0,0,1,0,1,0,1,0,0,1,0
18.249634,0,0,0,0,0,1,0,0,0,0,0,0,0,1,1,0,0,0
18.252326,0,1,1,0,0,0,0,0,0,1,1,0,1,0,0,1,0,0
18.252624,0,0,0,0,0,0,0,1,0,0,0,0,0,0,0,0,0,1
18.266175,1,0,0,1,0,0,1,0,0,1,1,0,1,1,1,0,1,0
18.289466,0,0,1,0,0,0,0,0,1,0,0,0,1,0,0,0,0,0
18.290692,0,0,0,0,1,0,0,0,0,0,0,0,0,0,0,0,0,0
18.297369,0,0,0,0,0,0,0,1,0,0,0,0,0,0,0,0,0,1
18.300492,0,0,0,0,0,1,0,0,0,1,0,1,0,1,0,1,0,0
18.315028,1,0,0,0,0,0,0,0,1,0,0,0,1,0,0,0,0,0
18.333281,0,0,0,0,1,0,1,0,0,1,0,1,0,1,0,0,1,0
18.347240,0,0,0,0,0,0,0,1,0,0,0,0,0,0,0,0,0,1
18.349189,0,0,0,0,0,1,0,0,0,0,0,0,0,1,1,0,0,0
18.354241,0,1,1,0,0,0,0,0,0,1,1,0,1,0,0,1,0,0
18.364688,1,0,0,0,0,0,0,0,1,0,0,0,1,0,0,0,0,0
18.374180,0,0,0,0,0,0,1,0,0,1,0,1,0,1,0,0,1,0
18.379865,0,0,0,0,1,0,0,0,0,0,0,0,0,0,0,0,0,0
18.399376,0,0,0,0,0,1,0,0,0,0,0,0,0,1,1,0,0,0
18.400682,0,0,0,0,0,0,0,1,0,0,0,0,0,0,0,0,0,1
18.402088,0,1,1,0,0,0,0,0,0,1,1,0,1,0,0,1,0,0
18.412627,1,0,0,1,0,0,1,0,0,1,1,0,1,1,1,0,1,0
18.432684,0,0,1,0,0,0,0,0,1,0,0,0,1,0,0,0,0,0
18.439684,0,0,0,0,1,0,0,0,0,0,0,0,0,0,0,0,0,0
18.449285,0,0,0,0,0,1,0,0,0,1,0,1,0,1,0,1,0,0
18.450910,0,0,0,0,0,0,0,1,0,0,0,0,0,0,0,0,0,1
18.465448,1,0,0,1,0,0,1,0,0,1,1,0,1,1,1,0,1,0
18.487410,0,0,1,0,0,0,0,0,1,0,0,0,1,0,0,0,0,0
18.488535,0,0,0,0,1,0,0,0,0,0,0,0,0,0,0,0,0,0
18.496525,0,0,0,0,0,0,0,1,0,0,0,0,0,0,0,0,0,1
18.500301,0,0,0,0,0,1,0,0,0,1,0,1,0,1,0,1,0,0
18.512098,1,0,0,1,0,0,1,0,0,1,1,0,1,1,1,0,1,0
18.533764,0,0,0,0,1,0,0,0,0,0,0,0,0,0,0,0,0,0
18.540633,0,0,1,0,0,0,0,0,1,0,0,0,1,0,0,0,0,0
18.549531,0,0,0,0,0,0,0,1,0,0,0,0,0,0,0,0,0,1
18.549555,0,0,0,0,0,1,0,0,0,1,0,1,0,1,0,1,0,0
18.568432,1,0,0,0,0,0,0,0,1,0,0,0,1,0,0,0,0,0
18.575236,0,0,0,0,0,0,1,0,0,1,0,1,0,1,0,0,1,0
18.588308,0,0,0,0,1,0,0,0,0,0,0,0,0,0,0,0,0,0
18.597514,0,0,0,0,0,0,0,1,0,0,0,0,0,0,0,0,0,1
18.597670,0,0,1,0,0,0,0,0,1,0,0,0,1,0,0,0,0,0
18.600184,0,0,0,0,0,1,0,0,0,1,0,1,0,1,0,1,0,0
18.616011,1,0,0,1,0,0,1,0,0,1,1,0,1,1,1,0,1,0
18.634775,0,0,0,0,1,0,0,0,0,0,0,0,0,0,0,0,0,0
18.639552,0,0,1,0,0,0,0,0,1,0,0,0,1,0,0,0,0,0
18.649768,0,0,0,0,0,1,0,0,0,1,0,1,0,1,0,1,0,0
18.651947,0,0,0,0,0,0,0,1,0,0,0,0,0,0,0,0,0,1
18.660527,1,0,0,1,0,0,1,0,0,1,1,0,1,1,1,0,1,0
18.680779,0,0,1,0,0,0,0,0,1,0,0,0,1,0,0,0,0,0
18.688799,0,0,0,0,1,0,0,0,0,0,0,0,0,0,0,0,0,0
18.697587,0,0,0,0,0,0,0,1,0,0,0,0,0,0,0,0,0,1
18.699277,0,0,0,0,0,1,0,0,0,1,0,1,0,1,0,1,0,0
18.716493,1,0,0,0,0,0,0,0,1,0,0,0,1,0,0,0,0,0
18.731910,0,0,0,0,1,0,1,0,0,1,0,1,0,1,0,0,1,0
18.747894,0,0,0,0,0,0,0,1,0,0,0,0,0,0,0,0,0,1
18.749911,0,0,0,0,0,1,0,0,0,0,0,0,0,1,1,0,0,0
18.760120,0,1,1,0,0,0,0,0,0,1,1,0,1,0,0,1,0,0
18.775835,1,0,0,1,0,0,1,0,0,1,1,0,1,1,1,0,1,0
18.784265,0,0,0,0,1,0,0,0,0,0,0,0,0,0,0,0,0,0
18.796966,0,0,0,0,0,0,0,1,0,0,0,0,0,0,0,0,0,1
18.799997,0,0,0,0,0,1,0,0,0,0,0,0,0,1,1,0,0,0
18.804239,0,1,1,0,0,0,0,0,0,1,1,0,1,0,0,1,0,0
18.820967,1,0,0,1,0,0,1,0,0,1,1,0,1,1,1,0,1,0
18.832141,0,0,0,0,1,0,0,0,0,0,0,0,0,0,0,0,0,0
18.844921,0,0,1,0,0,0,0,0,1,0,0,0,1,0,0,0,0,0
18.846953,0,0,0,0,0,0,0,1,0,0,0,0,0,0,0,0,0,1
18.848774,0,0,0,0,0,1,0,0,0,1,0,1,0,1,0,1,0,0
18.865854,1,0,0,1,0,0,1,0,0,1,1,0,1,1,1,0,1,0
18.881222,0,0,0,0,1,0,0,0,0,0,0,0,0,0,0,0,0,0
18.892145,0,0,1,0,0,0,0,0,1,0,0,0,1,0,0,0,0,0
18.899913,0,0,0,0,0,1,0,0,0,1,0,1,0,1,0,1,0,0
18.903923,0,0,0,0,0,0,0,1,0,0,0,0,0,0,0,0,0,1
18.917704,1,0,0,1,0,0,1,0,0,1,1,0,1,1,1,0,1,0
18.940999,0,0,0,0,1,0,0,0,0,0,0,0,0,0,0,0,0,0
18.942130,0,0,1,0,0,0,0,0,1,0,0,0,1,0,0,0,0,0
18.947174,0,0,0,0,0,0,0,1,0,0,0,0,0,0,0,0,0,1
18.948573,0,0,0,0,0,1,0,0,0,1,0,1,0,1,0,1,0,0
18.966161,1,0,0,0,0,0,0,0,1,0,0,0,1,0,0,0,0,0
18.978108,0,0,0,0,1,0,0,0,0,0,0,0,0,0,0,0,0,0
19.000412,0,0,0,0,0,1,0,0,0,1,0,1,0,1,0,1,0,0
19.001619,0,0,0,0,0,0,0,1,0,0,0,0,0,0,0,0,0,1
19.013105,1,0,0,1,0,0,1,0,0,1,1,0,1,1,1,0,1,0
19.036506,0,0,0,0,1,0,0,0,0,0,0,0,0,0,0,0,0,0
19.036913,0,0,0,0,0,0,1,0,0,0,0,0,0,1,1,0,0,0
19.037320,0,0,1,1,0,0,0,0,0,1,1,0,1,0,0,0,1,0
19.048260,0,0,0,0,0,0,0,1,0,0,0,0,0,0,0,0,0,1
19.049875,0,0,0,0,0,1,0,0,0,0,0,0,0,1,1,0,0,0
19.060800,0,1,1,0,0,0,0,0,0,1,1,0,1,0,0,1,0,0
19.076571,1,0,0,1,0,0,1,0,0,1,1,0,1,1,1,0,1,0
19.086701,0,0,0,0,1,0,0,0,0,0,0,0,0,0,0,0,0,0
19.097848,0,0,1,0,0,0,0,0,1,0,0,0,1,0,0,0,0,0
19.098250,0,0,0,0,0,0,0,1,0,0,0,0,0,0,0,0,0,1
19.100612,0,0,0,0,0,1,0,0,0,1,0,1,0,1,0,1,0,0
19.113704,1,0,0,1,0,0,1,0,0,1,1,0,1,1,1,0,1,0
19.138184,0,0,0,0,1,0,0,0,0,0,0,0,0,0,0,0,0,0
19.143444,0,0,1,0,0,0,0,0,1,0,0,0,1,0,0,0,0,0
19.148309,0,0,0,0,0,0,0,1,0,0,0,0,0,0,0,0,0,1
19.151990,0,0,0,0,0,1,0,0,0,1,0,1,0,1,0,1,0,0
19.170563,1,0,0,1,0,0,1,0,0,1,1,0,1,1,1,0,1,0
19.184282,0,0,0,0,1,0,0,0,0,0,0,0,0,0,0,0,0,0
19.193712,0,0,1,0,0,0,0,0,1,0,0,0,1,0,0,0,0,0
19.198804,0,0,0,0,0,0,0,1,0,0,0,0,0,0,0,0,0,1
19.200833,0,0,0,0,0,1,0,0,0,1,0,1,0,1,0,1,0,0
19.218051,1,0,0,1,0,0,1,0,0,1,1,0,1,1,1,0,1,0
19.236492,0,0,0,0,1,0,0,0,0,0,0,0,0,0,0,0,0,0
19.240125,0,0,1,0,0,0,0,0,1,0,0,0,1,0,0,0,0,0
19.248544,0,0,0,0,0,1,0,0,0,1,0,1,0,1,0,1,0,0
19.253772,0,0,0,0,0,0,0,1,0,0,0,0,0,0,0,0,0,1
19.260408,1,0,0,0,0,0,0,0,1,0,0,0,1,0,0,0,0,0
19.293631,0,0,0,0,1,0,0,0,0,0,0,0,0,0,0,0,0,0
19.297750,0,0,0,0,0,0,1,0,0,1,0,1,0,1,0,0,1,0
19.299632,0,0,0,0,0,1,0,0,0,0,0,0,0,1,1,0,0,0
19.301234,0,0,0,0,0,0,0,1,0,0,0,0,0,0,0,0,0,1
19.318187,0,1,1,0,0,0,0,0,0,1,1,0,1,0,0,1,0,0
19.333428,1,0,0,0,0,0,0,0,1,0,0,0,1,0,0,0,0,0
19.339585,0,0,0,0,1,0,1,0,0,1,0,1,0,1,0,0,1,0
19.349986,0,0,0,0,0,1,0,0,0,0,0,0,0,1,1,0,0,0
19.350882,0,0,0,0,0,0,0,1,0,0,0,0,0,0,0,0,0,1
19.364416,0,1,1,0,0,0,0,0,0,1,1,0,1,0,0,1,0,0
19.377057,1,0,0,0,0,0,0,0,1,0,0,0,1,0,0,0,0,0
19.379131,0,0,0,0,0,0,1,0,0,1,0,1,0,1,0,0,1,0
19.387035,0,0,0,0,1,0,0,0,0,0,0,0,0,0,0,0,0,0
19.397499,0,0,0,0,0,0,0,1,0,0,0,0,0,0,0,0,0,1
19.401846,0,0,0,0,0,1,0,0,0,0,0,0,0,1,1,0,0,0
19.406608,0,1,1,0,0,0,0,0,0,1,1,0,1,0,0,1,0,0
19.423740,1,0,0,0,0,0,0,0,1,0,0,0,1,0,0,0,0,0
19.427039,0,0,0,0,0,0,1,0,0,1,0,1,0,1,0,0,1,0
19.430235,0,0,0,0,1,0,0,0,0,0,0,0,0,0,0,0,0,0
19.448663,0,0,0,0,0,0,0,1,0,0,0,0,0,0,0,0,0,1
19.449661,0,0,0,0,0,1,0,0,0,0,0,0,0,1,1,0,0,0
19.453571,0,1,1,0,0,0,0,0,0,1,1,0,1,0,0,1,0,0
19.463686,1,0,0,0,0,0,0,0,1,0,0,0,1,0,0,0,0,0
19.487868,0,0,0,0,1,0,0,0,0,0,0,0,0,0,0,0,0,0
19.501042,0,0,0,0,0,1,1,0,0,1,0,1,0,1,0,1,0,0
19.501617,0,0,0,0,0,0,0,1,0,0,0,0,0,0,0,0,0,1
19.514853,1,0,0,1,0,0,1,0,0,1,1,0,1,1,1,0,1,0
19.538936,0,0,1,1,0,0,0,0,0,1,1,0,1,0,0,0,1,0
19.539114,0,0,0,0,1,0,0,0,0,0,0,0,0,0,0,0,0,0
19.548778,0,0,0,0,0,0,0,1,0,0,0,0,0,0,0,0,0,1
19.549481,0,0,0,0,0,1,0,0,0,0,0,0,0,1,1,0,0,0
19.565744,0,1,1,0,0,0,0,0,0,1,1,0,1,0,0,1,0,0
19.582425,1,0,0,0,0,0,0,0,1,0,0,0,1,0,0,0,0,0
19.582455,0,0,0,0,1,0,0,0,0,0,0,0,0,0,0,0,0,0
19.587830,0,0,0,0,0,0,1,0,0,1,0,1,0,1,0,0,1,0
19.599483,0,0,0,0,0,0,0,1,0,0,0,0,0,0,0,0,0,1
19.599947,0,0,0,0,0,1,0,0,0,0,0,0,0,1,1,0,0,0
19.614103,0,1,1,0,0,0,0,0,0,1,1,0,1,0,0,1,0,0
19.630965,1,0,0,1,0,0,1,0,0,1,1,0,1,1,1,0,1,0
19.631934,0,0,0,0,1,0,0,0,0,0,0,0,0,0,0,0,0,0
19.648302,0,0,0,0,0,1,0,0,0,0,0,0,0,1,1,0,0,0
19.652384,0,0,0,0,0,0,0,1,0,0,0,0,0,0,0,0,0,1
19.655394,0,1,1,0,0,0,0,0,0,1,1,0,1,0,0,1,0,0
19.671514,1,0,0,1,0,0,1,0,0,1,1,0,1,1,1,0,1,0
19.686094,0,0,0,0,1,0,0,0,0,0,0,0,0,0,0,0,0,0
19.692141,0,0,1,0,0,0,0,0,1,0,0,0,1,0,0,0,0,0
19.698518,0,0,0,0,0,0,0,1,0,0,0,0,0,0,0,0,0,1
19.701050,0,0,0,0,0,1,0,0,0,1,0,1,0,1,0,1,0,0
19.716563,1,0,0,1,0,0,1,0,0,1,1,0,1,1,1,0,1,0
19.735072,0,0,0,0,1,0,0,0,0,0,0,0,0,0,0,0,0,0
19.742231,0,0,1,0,0,0,0,0,1,0,0,0,1,0,0,0,0,0
19.748515,0,0,0,0,0,1,0,0,0,1,0,1,0,1,0,1,0,0
19.749040,0,0,0,0,0,0,0,1,0,0,0,0,0,0,0,0,0,1
19.762189,1,0,0,1,0,0,1,0,0,1,1,0,1,1,1,0,1,0
19.786787,0,0,0,0,1,0,0,0,0,0,0,0,0,0,0,0,0,0
19.791438,0,0,1,0,0,0,0,0,1,0,0,0,1,0,0,0,0,0
19.797791,0,0,0,0,0,0,0,1,0,0,0,0,0,0,0,0,0,1
19.799799,0,0,0,0,0,1,0,0,0,1,0,1,0,1,0,1,0,0
19.817258,1,0,0,1,0,0,1,0,0,1,1,0,1,1,1,0,1,0
19.835561,0,0,0,0,1,0,0,0,0,0,0,0,0,0,0,0,0,0
19.839944,0,0,1,0,0,0,0,0,1,0,0,0,1,0,0,0,0,0
19.848222,0,0,0,0,0,0,0,1,0,0,0,0,0,0,0,0,0,1
19.849864,0,0,0,0,0,1,0,0,0,1,0,1,0,1,0,1,0,0
19.865811,1,0,0,1,0,0,1,0,0,1,1,0,1,1,1,0,1,0
19.883749,0,0,0,0,1,0,0,0,0,0,0,0,0,0,0,0,0,0
19.891507,0,0,1,0,0,0,0,0,1,0,0,0,1,0,0,0,0,0
19.897424,0,0,0,0,0,0,0,1,0,0,0,0,0,0,0,0,0,1
19.900911,0,0,0,0,0,1,0,0,0,1,0,1,0,1,0,1,0,0
19.918141,1,0,0,0,0,0,0,0,1,0,0,0,1,0,0,0,0,0
19.934571,0,0,0,0,1,0,1,0,0,1,0,1,0,1,0,0,1,0
19.948413,0,0,0,0,0,1,0,0,0,0,0,0,0,1,1,0,0,0
19.951700,0,0,0,0,0,0,0,1,0,0,0,0,0,0,0,0,0,1
19.958339,0,1,1,0,0,0,0,0,0,1,1,0,1,0,0,1,0,0
19.974429,1,0,0,1,0,0,1,0,0,1,1,0,1,1,1,0,1,0
19.986655,0,0,0,0,1,0,0,0,0,0,0,0,0,0,0,0,0,0
19.996812,0,0,1,0,0,0,0,0,1,0,0,0,1,0,0,0,0,0
19.998412,0,0,0,0,0,0,0,1,0,0,0,0,0,0,0,0,0,1
20.001253,0,0,0,0,0,1,0,0,0,1,0,1,0,1,0,1,0,0
20.015096,1,0,0,1,0,0,1,0,0,1,1,0,1,1,1,0,1,0
20.033213,0,0,0,0,1,0,0,0,0,0,0,0,0,0,0,0,0,0
20.038981,0,0,1,0,0,0,0,0,1,0,0,0,1,0,0,0,0,0
20.049047,0,0,0,0,0,1,0,0,0,1,0,1,0,1,0,1,0,0
20.050205,0,0,0,0,0,0,0,1,0,0,0,0,0,0,0,0,0,1
20.061215,1,0,0,0,0,0,0,0,1,0,0,0,1,0,0,0,0,0
20.089090,0,0,0,0,1,0,0,0,0,0,0,0,0,0,0,0,0,0
20.098881,0,0,0,0,0,1,1,0,0,1,0,1,0,1,0,0,1,0
20.098999,0,0,0,0,0,0,0,1,0,0,0,0,0,0,0,0,0,1
20.125752,0,1,1,0,0,0,0,0,0,1,1,0,1,0,0,1,0,0
20.137636,1,0,0,0,0,0,0,0,1,0,0,0,1,0,0,0,0,0
20.137834,0,0,0,0,0,0,1,0,0,1,0,1,0,1,0,0,1,0
20.138033,0,0,0,0,1,0,0,0,0,0,0,0,0,0,0,0,0,0
20.150055,0,0,0,0,0,0,0,1,0,0,0,0,0,0,0,0,0,1
20.150278,0,0,0,0,0,1,0,0,0,0,0,0,0,1,1,0,0,0
20.164630,0,1,1,0,0,0,0,0,0,1,1,0,1,0,0,1,0,0
20.179148,1,0,0,0,0,0,0,0,1,0,0,0,1,0,0,0,0,0
20.189350,0,0,0,0,1,0,0,0,0,0,0,0,0,0,0,0,0,0
20.200745,0,0,0,0,0,1,1,0,0,1,0,1,0,1,0,1,0,0
20.201558,0,0,0,0,0,0,0,1,0,0,0,0,0,0,0,0,0,1
20.217591,1,0,0,1,0,0,1,0,0,1,1,0,1,1,1,0,1,0
20.236278,0,0,0,0,1,0,0,0,0,0,0,0,0,0,0,0,0,0
20.240113,0,0,1,1,0,0,0,0,0,1,1,0,1,0,0,0,1,0
20.250552,0,0,0,0,0,1,0,0,0,0,0,0,0,1,1,0,0,0
20.252017,0,0,0,0,0,0,0,1,0,0,0,0,0,0,0,0,0,1
20.260369,0,1,1,0,0,0,0,0,0,1,1,0,1,0,0,1,0,0
20.275119,1,0,0,1,0,0,1,0,0,1,1,0,1,1,1,0,1,0
20.289560,0,0,0,0,1,0,0,0,0,0,0,0,0,0,0,0,0,0
20.301076,0,0,0,0,0,0,0,1,0,0,0,0,0,0,0,0,0,1
20.301407,0,0,0,0,0,1,0,0,0,0,0,0,0,1,1,0,0,0
20.304498,0,1,1,0,0,0,0,0,0,1,1,0,1,0,0,1,0,0
20.317533,1,0,0,1,0,0,1,0,0,1,1,0,1,1,1,0,1,0
20.336410,0,0,0,0,1,0,0,0,0,0,0,0,0,0,0,0,0,0
20.341858,0,0,1,0,0,0,0,0,1,0,0,0,1,0,0,0,0,0
20.347124,0,0,0,0,0,0,0,1,0,0,0,0,0,0,0,0,0,1
20.350489,0,0,0,0,0,1,0,0,0,1,0,1,0,1,0,1,0,0
20.364689,1,0,0,0,0,0,0,0,1,0,0,0,1,0,0,0,0,0
20.368075,0,0,0,0,0,0,1,0,0,1,0,1,0,1,0,0,1,0
20.382795,0,0,0,0,1,0,0,0,0,0,0,0,0,0,0,0,0,0
20.389868,0,0,1,0,0,0,0,0,1,0,0,0,1,0,0,0,0,0
20.399632,0,0,0,0,0,0,0,1,0,0,0,0,0,0,0,0,0,1
20.401472,0,0,0,0,0,1,0,0,0,1,0,1,0,1,0,1,0,0
20.417898,1,0,0,0,0,0,0,0,1,0,0,0,1,0,0,0,0,0
20.436123,0,0,0,0,1,0,0,0,0,0,0,0,0,0,0,0,0,0
20.448354,0,0,0,0,0,1,1,0,0,1,0,1,0,1,0,1,0,0
20.453107,0,0,0,0,0,0,0,1,0,0,0,0,0,0,0,0,0,1
20.465393,1,0,0,1,0,0,0,0,0,1,1,0,1,0,0,0,1,0
20.485393,0,0,1,1,0,0,1,0,0,1,1,0,1,1,1,0,1,0
20.489020,0,0,0,0,1,0,0,0,0,0,0,0,0,0,0,0,0,0
20.498679,0,0,0,0,0,0,0,1,0,0,0,0,0,0,0,0,0,1
20.500425,0,0,0,0,0,1,0,0,0,0,0,0,0,1,1,0,0,0
20.507273,0,1,1,0,0,0,0,0,0,1,1,0,1,0,0,1,0,0
20.521330,1,0,0,1,0,0,1,0,0,1,1,0,1,1,1,0,1,0
20.536574,0,0,0,0,1,0,0,0,0,0,0,0,0,0,0,0,0,0
20.546794,0,0,0,0,0,0,0,1,0,0,0,0,0,0,0,0,0,1
20.549197,0,0,1,0,0,0,0,0,1,0,0,0,1,0,0,0,0,0
20.549684,0,0,0,0,0,1,0,0,0,1,0,1,0,1,0,1,0,0
20.569662,1,0,0,0,0,0,0,0,1,0,0,0,1,0,0,0,0,0
20.578065,0,0,0,0,1,0,0,0,0,0,0,0,0,0,0,0,0,0
20.600669,0,0,0,0,0,1,1,0,0,1,0,1,0,1,0,1,0,0
20.603948,0,0,0,0,0,0,0,1,0,0,0,0,0,0,0,0,0,1
20.616238,1,0,0,1,0,0,1,0,0,1,1,0,1,1,1,0,1,0
20.641458,0,0,0,0,1,0,0,0,0,0,0,0,0,0,0,0,0,0
20.642059,0,0,1,1,0,0,0,0,0,1,1,0,1,0,0,0,1,0
20.650733,0,0,0,0,0,1,0,0,0,0,0,0,0,1,1,0,0,0
20.651080,0,0,0,0,0,0,0,1,0,0,0,0,0,0,0,0,0,1
20.662951,0,1,1,0,0,0,0,0,0,1,1,0,1,0,0,1,0,0
20.678145,1,0,0,0,0,0,0,0,1,0,0,0,1,0,0,0,0,0
20.684344,0,0,0,0,1,0,1,0,0,1,0,1,0,1,0,0,1,0
20.699052,0,0,0,0,0,0,0,1,0,0,0,0,0,0,0,0,0,1
20.700616,0,0,0,0,0,1,0,0,0,0,0,0,0,1,1,0,0,0
20.706445,0,1,1,0,0,0,0,0,0,1,1,0,1,0,0,1,0,0
20.716531,1,0,0,0,0,0,0,0,1,0,0,0,1,0,0,0,0,0
20.734043,0,0,0,0,1,0,0,0,0,0,0,0,0,0,0,0,0,0
20.748873,0,0,0,0,0,1,0,0,0,1,0,1,0,1,0,1,0,0
20.752516,0,0,0,0,0,0,0,1,0,0,0,0,0,0,0,0,0,1
20.754719,0,0,0,0,0,0,1,0,0,0,0,0,0,1,1,0,0,0
20.768755,1,0,0,1,0,0,1,0,0,1,1,0,1,1,1,0,1,0
20.790703,0,0,0,0,1,0,0,0,0,0,0,0,0,0,0,0,0,0
20.796689,0,0,1,1,0,0,0,0,0,1,1,0,1,0,0,0,1,0
20.799928,0,0,0,0,0,0,0,1,0,0,0,0,0,0,0,0,0,1
20.801353,0,0,0,0,0,1,0,0,0,0,0,0,0,1,1,0,0,0
20.819253,0,1,1,0,0,0,0,0,0,1,1,0,1,0,0,1,0,0
20.830988,0,0,0,0,1,0,0,0,0,0,0,0,0,0,0,0,0,0
20.834773,1,0,0,1,0,0,1,0,0,1,1,0,1,1,1,0,1,0
20.850288,0,0,0,0,0,1,0,0,0,0,0,0,0,1,1,0,0,0
20.851866,0,0,0,0,0,0,0,1,0,0,0,0,0,0,0,0,0,1
20.858276,0,1,1,0,0,0,0,0,0,1,1,0,1,0,0,1,0,0
20.875046,1,0,0,0,0,0,0,0,1,0,0,0,1,0,0,0,0,0
20.886788,0,0,0,0,1,0,0,0,0,0,0,0,0,0,0,0,0,0
20.898529,0,0,0,0,0,1,0,0,0,1,0,1,0,1,0,1,0,0
20.899866,0,0,0,0,0,0,1,1,0,0,0,0,0,1,1,0,0,1
20.914312,1,0,0,1,0,0,1,0,0,1,1,0,1,1,1,0,1,0
20.934569,0,0,1,1,0,0,0,0,0,1,1,0,1,0,0,0,1,0
20.935169,0,0,0,0,1,0,0,0,0,0,0,0,0,0,0,0,0,0
20.950448,0,0,0,0,0,1,0,0,0,0,0,0,0,1,1,0,0,0
20.951578,0,0,0,0,0,0,0,1,0,0,0,0,0,0,0,0,0,1
20.960061,0,1,1,0,0,0,0,0,0,1,1,0,1,0,0,1,0,0
20.975450,1,0,0,1,0,0,1,0,0,1,1,0,1,1,1,0,1,0
20.987275,0,0,0,0,1,0,0,0,0,0,0,0,0,0,0,0,0,0
20.999766,0,0,1,0,0,0,0,0,1,0,0,0,1,0,0,0,0,0
21.000345,0,0,0,0,0,1,0,0,0,1,0,1,0,1,0,1,0,0
21.000994,0,0,0,0,0,0,0,1,0,0,0,0,0,0,0,0,0,1
21.015672,1,0,0,1,0,0,1,0,0,1,1,0,1,1,1,0,1,0
21.034237,0,0,0,0,1,0,0,0,0,0,0,0,0,0,0,0,0,0
21.042778,0,0,1,0,0,0,0,0,1,0,0,0,1,0,0,0,0,0
21.049159,0,0,0,0,0,1,0,0,0,1,0,1,0,1,0,1,0,0
21.050675,0,0,0,0,0,0,0,1,0,0,0,0,0,0,0,0,0,1
21.065454,1,0,0,0,0,0,0,0,1,0,0,0,1,0,0,0,0,0
21.090495,0,0,0,0,1,0,0,0,0,0,0,0,0,0,0,0,0,0
21.098808,0,0,0,0,0,1,1,0,0,1,0,1,0,1,0,0,1,0
21.103935,0,0,0,0,0,0,0,1,0,0,0,0,0,0,0,0,0,1
21.124333,0,1,1,0,0,0,0,0,0,1,1,0,1,0,0,1,0,0
21.137778,0,0,0,0,1,0,0,0,0,0,0,0,0,0,0,0,0,0
21.142998,1,0,0,1,0,0,1,0,0,1,1,0,1,1,1,0,1,0
21.148724,0,0,0,0,0,1,0,0,0,0,0,0,0,1,1,0,0,0
21.152435,0,0,0,0,0,0,0,1,0,0,0,0,0,0,0,0,0,1
21.169925,0,1,1,0,0,0,0,0,0,1,1,0,1,0,0,1,0,0
21.184837,1,0,0,1,0,0,1,0,0,1,1,0,1,1,1,0,1,0
21.191267,0,0,0,0,1,0,0,0,0,0,0,0,0,0,0,0,0,0
21.197035,0,0,0,0,0,0,0,1,0,0,0,0,0,0,0,0,0,1
21.199141,0,0,0,0,0,1,0,0,0,0,0,0,0,1,1,0,0,0
21.209838,0,1,1,0,0,0,0,0,0,1,1,0,1,0,0,1,0,0
21.226302,1,0,0,1,0,0,1,0,0,1,1,0,1,1,1,0,1,0
21.231687,0,0,0,0,1,0,0,0,0,0,0,0,0,0,0,0,0,0
21.248187,0,0,0,0,0,1,0,0,0,0,0,0,0,1,1,0,0,0
21.248932,0,1,1,0,0,0,0,0,0,1,1,0,1,0,0,1,0,0
21.251539,0,0,0,0,0,0,0,1,0,0,0,0,0,0,0,0,0,1
21.266006,1,0,0,0,0,0,0,0,1,0,0,0,1,0,0,0,0,0
21.289292,0,0,0,0,1,0,1,0,0,1,0,1,0,1,0,0,1,0
21.300028,0,0,0,0,0,1,0,0,0,0,0,0,0,1,1,0,0,0
21.301859,0,0,0,0,0,0,0,1,0,0,0,0,0,0,0,0,0,1
21.318065,0,1,1,0,0,0,0,0,0,1,1,0,1,0,0,1,0,0
21.334226,1,0,0,1,0,0,1,0,0,1,1,0,1,1,1,0,1,0
21.338019,0,0,0,0,1,0,0,0,0,0,0,0,0,0,0,0,0,0
21.348319,0,0,0,0,0,0,0,1,0,0,0,0,0,0,0,0,0,1
21.351642,0,0,0,0,0,1,0,0,0,0,0,0,0,1,1,0,0,0
21.359256,0,1,1,0,0,0,0,0,0,1,1,0,1,0,0,1,0,0
21.370086,1,0,0,0,0,0,0,0,1,0,0,0,1,0,0,0,0,0
21.388212,0,0,0,0,1,0,1,0,0,1,0,1,0,1,0,0,1,0
21.399496,0,0,0,0,0,1,0,0,0,0,0,0,0,1,1,0,0,0
21.399997,0,0,0,0,0,0,0,1,0,0,0,0,0,0,0,0,0,1
21.414463,0,1,1,0,0,0,0,0,0,1,1,0,1,0,0,1,0,0
21.434251,1,0,0,1,0,0,1,0,0,1,1,0,1,1,1,0,1,0
21.438399,0,0,0,0,1,0,0,0,0,0,0,0,0,0,0,0,0,0
21.449369,0,0,0,0,0,1,0,0,0,0,0,0,0,1,1,0,0,0
21.449912,0,0,0,0,0,0,0,1,0,0,0,0,0,0,0,0,0,1
21.460480,0,1,1,0,0,0,0,0,0,1,1,0,1,0,0,1,0,0
21.473173,1,0,0,1,0,0,1,0,0,1,1,0,1,1,1,0,1,0
21.488540,0,0,0,0,1,0,0,0,0,0,0,0,0,0,0,0,0,0
21.494590,0,0,1,0,0,0,0,0,1,0,0,0,1,0,0,0,0,0
21.499748,0,0,0,0,0,1,0,0,0,1,0,1,0,1,0,1,0,0
21.499892,0,0,0,0,0,0,0,1,0,0,0,0,0,0,0,0,0,1
21.515095,1,0,0,1,0,0,1,0,0,1,1,0,1,1,1,0,1,0
21.535734,0,0,0,0,1,0,0,0,0,0,0,0,0,0,0,0,0,0
21.543923,0,0,1,0,0,0,0,0,1,0,0,0,1,0,0,0,0,0
21.547040,0,0,0,0,0,0,0,1,0,0,0,0,0,0,0,0,0,1
21.550090,0,0,0,0,0,1,0,0,0,1,0,1,0,1,0,1,0,0
21.565733,1,0,0,0,0,0,0,0,1,0,0,0,1,0,0,0,0,0
21.583757,0,0,0,0,1,0,0,0,0,0,0,0,0,0,0,0,0,0
21.598719,0,0,0,0,0,1,1,0,0,1,0,1,0,1,0,1,0,0
21.600459,0,0,0,0,0,0,0,1,0,0,0,0,0,0,0,0,0,1
21.618632,1,0,0,1,0,0,0,0,0,1,1,0,1,0,0,0,1,0
21.625300,0,0,0,0,0,0,1,0,0,0,0,0,0,1,1,0,0,0
21.633088,0,0,0,0,1,0,0,0,0,0,0,0,0,0,0,0,0,0
21.643309,0,0,1,1,0,0,0,0,0,1,1,0,1,0,0,0,1,0
21.649072,0,0,0,0,0,1,0,0,0,0,0,0,0,1,1,0,0,0
21.652156,0,0,0,0,0,0,0,1,0,0,0,0,0,0,0,0,0,1
21.663798,0,1,1,0,0,0,0,0,0,1,1,0,1,0,0,1,0,0
21.678062,1,0,0,1,0,0,1,0,0,1,1,0,1,1,1,0,1,0
21.687085,0,0,0,0,1,0,0,0,0,0,0,0,0,0,0,0,0,0
21.698905,0,0,0,0,0,1,0,0,0,0,0,0,0,1,1,0,0,0
21.702280,0,0,0,0,0,0,0,1,0,0,0,0,0,0,0,0,0,1
21.703111,0,1,1,0,0,0,0,0,0,1,1,0,1,0,0,1,0,0
21.719967,1,0,0,1,0,0,1,0,0,1,1,0,1,1,1,0,1,0
21.738628,0,0,0,0,1,0,0,0,0,0,0,0,0,0,0,0,0,0
21.746471,0,0,0,0,0,0,0,1,0,0,0,0,0,0,0,0,0,1
21.746494,0,0,1,0,0,0,0,0,1,0,0,0,1,0,0,0,0,0
21.751410,0,0,0,0,0,1,0,0,0,1,0,1,0,1,0,1,0,0
21.763633,1,0,0,1,0,0,1,0,0,1,1,0,1,1,1,0,1,0
21.784899,0,0,1,0,0,0,0,0,1,0,0,0,1,0,0,0,0,0
21.785655,0,0,0,0,1,0,0,0,0,0,0,0,0,0,0,0,0,0
21.796817,0,0,0,0,0,0,0,1,0,0,0,0,0,0,0,0,0,1
21.800507,0,0,0,0,0,1,0,0,0,1,0,1,0,1,0,1,0,0
21.815005,1,0,0,1,0,0,1,0,0,1,1,0,1,1,1,0,1,0
21.830429,0,0,0,0,1,0,0,0,0,0,0,0,0,0,0,0,0,0
21.842579,0,0,1,0,0,0,0,0,1,0,0,0,1,0,0,0,0,0
21.849393,0,0,0,0,0,0,0,1,0,0,0,0,0,0,0,0,0,1
21.850316,0,0,0,0,0,1,0,0,0,1,0,1,0,1,0,1,0,0
21.864771,1,0,0,0,0,0,0,0,1,0,0,0,1,0,0,0,0,0
21.889295,0,0,0,0,1,0,1,0,0,1,0,1,0,1,0,0,1,0
21.901888,0,0,0,0,0,1,0,0,0,0,0,0,0,1,1,0,0,0
21.902694,0,0,0,0,0,0,0,1,0,0,0,0,0,0,0,0,0,1
21.915662,0,1,1,0,0,0,0,0,0,1,1,0,1,0,0,1,0,0
21.930738,1,0,0,1,0,0,1,0,0,1,1,0,1,1,1,0,1,0
21.939791,0,0,0,0,1,0,0,0,0,0,0,0,0,0,0,0,0,0
21.949159,0,0,0,0,0,0,0,1,0,0,0,0,0,0,0,0,0,1
21.951230,0,0,0,0,0,1,0,0,0,0,0,0,0,1,1,0,0,0
21.959181,0,1,1,0,0,0,0,0,0,1,1,0,1,0,0,1,0,0
21.977271,1,0,0,0,0,0,0,0,1,0,0,0,1,0,0,0,0,0
21.984998,0,0,0,0,1,0,1,0,0,1,0,1,0,1,0,0,1,0
21.999605,0,0,0,0,0,1,0,0,0,0,0,0,0,1,1,0,0,0
22.001571,0,0,0,0,0,0,0,1,0,0,0,0,0,0,0,0,0,1
22.013697,0,1,1,0,0,0,0,0,0,1,1,0,1,0,0,1,0,0
22.023817,1,0,0,0,0,0,0,0,1,0,0,0,1,0,0,0,0,0
22.041195,0,0,0,0,1,0,0,0,0,0,0,0,0,0,0,0,0,0
22.047724,0,0,0,0,0,0,0,1,0,0,0,0,0,0,0,0,0,1
22.051044,0,0,0,0,0,1,1,0,0,1,0,1,0,1,0,1,0,0
22.070296,1,0,0,1,0,0,0,0,0,1,1,0,1,0,0,0,1,0
22.081188,0,0,0,0,1,0,1,0,0,0,0,0,0,1,1,0,0,0
22.095154,0,0,1,1,0,0,0,0,0,1,1,0,1,0,0,0,1,0
22.099962,0,0,0,0,0,1,0,0,0,0,0,0,0,1,1,0,0,0
22.103859,0,0,0,0,0,0,0,1,0,0,0,0,0,0,0,0,0,1
22.119331,0,1,1,0,0,0,0,0,0,1,1,0,1,0,0,1,0,0
22.129539,1,0,0,0,0,0,0,0,1,0,0,0,1,0,0,0,0,0
22.139950,0,0,0,0,1,0,1,0,0,1,0,1,0,1,0,0,1,0
22.148826,0,0,0,0,0,0,0,1,0,0,0,0,0,0,0,0,0,1
22.150543,0,0,0,0,0,1,0,0,0,0,0,0,0,1,1,0,0,0
22.164684,0,1,1,0,0,0,0,0,0,1,1,0,1,0,0,1,0,0
22.175091,1,0,0,1,0,0,1,0,0,1,1,0,1,1,1,0,1,0
22.183218,0,0,0,0,1,0,0,0,0,0,0,0,0,0,0,0,0,0
22.195205,0,0,1,0,0,0,0,0,1,0,0,0,1,0,0,0,0,0
22.199751,0,0,0,0,0,1,0,0,0,1,0,1,0,1,0,1,0,0
22.200963,0,0,0,0,0,0,0,1,0,0,0,0,0,0,0,0,0,1
22.210023,1,0,0,1,0,0,1,0,0,1,1,0,1,1,1,0,1,0
22.234640,0,0,1,0,0,0,0,0,1,0,0,0,1,0,0,0,0,0
22.237348,0,0,0,0,1,0,0,0,0,0,0,0,0,0,0,0,0,0
22.248814,0,0,0,0,0,1,0,0,0,1,0,1,0,1,0,1,0,0
22.248931,0,0,0,0,0,0,0,1,0,0,0,0,0,0,0,0,0,1
22.268775,1,0,0,1,0,0,1,0,0,1,1,0,1,1,1,0,1,0
22.286838,0,0,0,0,1,0,0,0,0,0,0,0,0,0,0,0,0,0
22.294418,0,0,1,0,0,0,0,0,1,0,0,0,1,0,0,0,0,0
22.296758,0,0,0,0,0,0,0,1,0,0,0,0,0,0,0,0,0,1
22.300135,0,0,0,0,0,1,0,0,0,1,0,1,0,1,0,1,0,0
22.318937,1,0,0,1,0,0,1,0,0,1,1,0,1,1,1,0,1,0
22.329252,0,0,0,0,1,0,0,0,0,0,0,0,0,0,0,0,0,0
22.343911,0,0,1,0,0,0,0,0,1,0,0,0,1,0,0,0,0,0
22.350260,0,0,0,0,0,1,0,0,0,1,0,1,0,1,0,1,0,0
22.350824,0,0,0,0,0,0,0,1,0,0,0,0,0,0,0,0,0,1
22.362148,1,0,0,1,0,0,1,0,0,1,1,0,1,1,1,0,1,0
22.386457,0,0,0,0,1,0,0,0,0,0,0,0,0,0,0,0,0,0
22.389069,0,0,1,0,0,0,0,0,1,0,0,0,1,0,0,0,0,0
22.398195,0,0,0,0,0,0,0,1,0,0,0,0,0,0,0,0,0,1
22.399314,0,0,0,0,0,1,0,0,0,1,0,1,0,1,0,1,0,0
22.412950,1,0,0,0,0,0,0,0,1,0,0,0,1,0,0,0,0,0
22.421898,0,0,0,0,0,0,1,0,0,1,0,1,0,1,0,0,1,0
22.435571,0,0,0,0,1,0,0,0,0,0,0,0,0,0,0,0,0,0
22.448179,0,0,1,0,0,0,0,0,1,0,0,0,1,0,0,0,0,0
22.448853,0,0,0,0,0,0,0,1,0,0,0,0,0,0,0,0,0,1
22.450640,0,0,0,0,0,1,0,0,0,1,0,1,0,1,0,1,0,0
22.466973,1,0,0,0,0,0,0,0,1,0,0,0,1,0,0,0,0,0
22.484468,0,0,0,0,1,0,0,0,0,0,0,0,0,0,0,0,0,0
22.500507,0,0,0,0,0,0,0,1,0,0,0,0,0,0,0,0,0,1
22.500578,0,0,0,0,0,1,1,0,0,1,0,1,0,1,0,0,1,0
22.522694,0,1,1,0,0,0,0,0,0,1,1,0,1,0,0,1,0,0
22.536571,0,0,0,0,1,0,0,0,0,0,0,0,0,0,0,0,0,0
22.536615,1,0,0,0,0,0,0,0,1,0,0,0,1,0,0,0,0,0
22.542045,0,0,0,0,0,0,1,0,0,1,0,1,0,1,0,0,1,0
22.550612,0,0,0,0,0,1,0,0,0,0,0,0,0,1,1,0,0,0
22.551126,0,0,0,0,0,0,0,1,0,0,0,0,0,0,0,0,0,1
22.564809,0,1,1,0,0,0,0,0,0,1,1,0,1,0,0,1,0,0
22.576609,1,0,0,0,0,0,0,0,1,0,0,0,1,0,0,0,0,0
22.590734,0,0,0,0,1,0,0,0,0,0,0,0,0,0,0,0,0,0
22.599150,0,0,0,0,0,1,1,0,0,1,0,1,0,1,0,0,1,0
22.601690,0,0,0,0,0,0,0,1,0,0,0,0,0,0,0,0,0,1
22.625135,0,1,1,0,0,0,0,0,0,1,1,0,1,0,0,1,0,0
22.635911,1,0,0,1,0,0,1,0,0,1,1,0,1,1,1,0,1,0
22.637434,0,0,0,0,1,0,0,0,0,0,0,0,0,0,0,0,0,0
22.649291,0,0,0,0,0,0,0,1,0,0,0,0,0,0,0,0,0,1
22.650034,0,0,0,0,0,1,0,0,0,0,0,0,0,1,1,0,0,0
22.665058,0,1,1,0,0,0,0,0,0,1,1,0,1,0,0,1,0,0
22.682601,1,0,0,1,0,0,1,0,0,1,1,0,1,1,1,0,1,0
22.687921,0,0,0,0,1,0,0,0,0,0,0,0,0,0,0,0,0,0
22.699751,0,0,0,0,0,1,0,0,0,0,0,0,0,1,1,0,0,0
22.700871,0,0,0,0,0,0,0,1,0,0,0,0,0,0,0,0,0,1
22.706917,0,1,1,0,0,0,0,0,0,1,1,0,1,0,0,1,0,0
22.721751,1,0,0,1,0,0,1,0,0,1,1,0,1,1,1,0,1,0
22.737727,0,0,0,0,1,0,0,0,0,0,0,0,0,0,0,0,0,0
22.747332,0,0,1,0,0,0,0,0,1,0,0,0,1,0,0,0,0,0
22.751517,0,0,0,0,0,1,0,0,0,1,0,1,0,1,0,1,0,0
22.753409,0,0,0,0,0,0,0,1,0,0,0,0,0,0,0,0,0,1
22.762486,1,0,0,0,0,0,0,0,1,0,0,0,1,0,0,0,0,0
22.790972,0,0,0,0,1,0,0,0,0,0,0,0,0,0,0,0,0,0
22.798422,0,0,0,0,0,1,1,0,0,1,0,1,0,1,0,0,1,0
22.803238,0,0,0,0,0,0,0,1,0,0,0,0,0,0,0,0,0,1
22.821346,0,1,1,0,0,0,0,0,0,1,1,0,1,0,0,1,0,0
22.834597,1,0,0,1,0,0,1,0,0,1,1,0,1,1,1,0,1,0
22.834645,0,0,0,0,1,0,0,0,0,0,0,0,0,0,0,0,0,0
22.850892,0,0,0,0,0,1,0,0,0,0,0,0,0,1,1,0,0,0
22.853209,0,0,0,0,0,0,0,1,0,0,0,0,0,0,0,0,0,1
22.857029,0,1,1,0,0,0,0,0,0,1,1,0,1,0,0,1,0,0
22.873873,1,0,0,1,0,0,1,0,0,1,1,0,1,1,1,0,1,0
22.889902,0,0,0,0,1,0,0,0,0,0,0,0,0,0,0,0,0,0
22.896447,0,0,1,0,0,0,0,0,1,0,0,0,1,0,0,0,0,0
22.899174,0,0,0,0,0,1,0,0,0,1,0,1,0,1,0,1,0,0
22.900328,0,0,0,0,0,0,0,1,0,0,0,0,0,0,0,0,0,1
22.913449,1,0,0,0,0,0,0,0,1,0,0,0,1,0,0,0,0,0
22.933516,0,0,0,0,1,0,0,0,0,0,0,0,0,0,0,0,0,0
22.948349,0,0,0,0,0,0,0,1,0,0,0,0,0,0,0,0,0,1
22.948783,0,0,0,0,0,1,1,0,0,1,0,1,0,1,0,1,0,0
22.965386,1,0,0,1,0,0,1,0,0,1,1,0,1,1,1,0,1,0
22.981517,0,0,0,0,1,0,0,0,0,0,0,0,0,0,0,0,0,0
22.990605,0,0,1,1,0,0,0,0,0,1,1,0,1,0,0,0,1,0
22.998861,0,0,0,0,0,1,0,0,0,0,0,0,0,1,1,0,0,0
23.003847,0,0,0,0,0,0,0,1,0,0,0,0,0,0,0,0,0,1
23.017574,0,1,1,0,0,0,0,0,0,1,1,0,1,0,0,1,0,0
23.029173,1,0,0,1,0,0,1,0,0,1,1,0,1,1,1,0,1,0
23.037357,0,0,0,0,1,0,0,0,0,0,0,0,0,0,0,0,0,0
23.048266,0,0,0,0,0,0,0,1,0,0,0,0,0,0,0,0,0,1
23.050199,0,0,0,0,0,1,0,0,0,0,0,0,0,1,1,0,0,0
23.056474,0,1,1,0,0,0,0,0,0,1,1,0,1,0,0,1,0,0
23.068349,1,0,0,0,0,0,0,0,1,0,0,0,1,0,0,0,0,0
23.087416,0,0,0,0,1,0,0,0,0,0,0,0,0,0,0,0,0,0
23.098775,0,0,0,0,0,0,1,1,0,1,0,1,0,1,0,0,1,1
23.100843,0,0,0,0,0,1,0,0,0,0,0,0,0,1,1,0,0,0
23.122436,0,1,1,0,0,0,0,0,0,1,1,0,1,0,0,1,0,0
23.134878,1,0,0,0,0,0,0,0,1,0,0,0,1,0,0,0,0,0
23.136217,0,0,0,0,1,0,1,0,0,1,0,1,0,1,0,0,1,0
23.150368,0,0,0,0,0,0,0,1,0,0,0,0,0,0,0,0,0,1
23.150590,0,0,0,0,0,1,0,0,0,0,0,0,0,1,1,0,0,0
23.159058,0,1,1,0,0,0,0,0,0,1,1,0,1,0,0,1,0,0
23.173064,1,0,0,1,0,0,1,0,0,1,1,0,1,1,1,0,1,0
23.188581,0,0,0,0,1,0,0,0,0,0,0,0,0,0,0,0,0,0
23.198733,0,0,1,0,0,0,0,0,1,0,0,0,1,0,0,0,0,0
23.198765,0,0,0,0,0,0,0,1,0,0,0,0,0,0,0,0,0,1
23.200187,0,0,0,0,0,1,0,0,0,1,0,1,0,1,0,1,0,0
23.212349,1,0,0,1,0,0,1,0,0,1,1,0,1,1,1,0,1,0
23.234051,0,0,0,0,1,0,0,0,0,0,0,0,0,0,0,0,0,0
23.237133,0,0,1,0,0,0,0,0,1,0,0,0,1,0,0,0,0,0
23.246160,0,0,0,0,0,0,0,1,0,0,0,0,0,0,0,0,0,1
23.250097,0,0,0,0,0,1,0,0,0,1,0,1,0,1,0,1,0,0
23.269707,1,0,0,0,0,0,0,0,1,0,0,0,1,0,0,0,0,0
23.284604,0,0,0,0,1,0,0,0,0,0,0,0,0,0,0,0,0,0
23.298681,0,0,0,0,0,0,0,1,0,0,0,0,0,0,0,0,0,1
23.300498,0,0,0,0,0,1,1,0,0,1,0,1,0,1,0,1,0,0
23.317819,1,0,0,1,0,0,0,0,0,1,1,0,1,0,0,0,1,0
23.336143,0,0,0,0,1,0,1,0,0,0,0,0,0,1,1,0,0,0
23.345283,0,0,1,1,0,0,0,0,0,1,1,0,1,0,0,0,1,0
23.349380,0,0,0,0,0,1,0,0,0,0,0,0,0,1,1,0,0,0
23.350978,0,0,0,0,0,0,0,1,0,0,0,0,0,0,0,0,0,1
23.373204,0,1,1,0,0,0,0,0,0,1,1,0,1,0,0,1,0,0
23.387530,0,0,0,0,1,0,0,0,0,0,0,0,0,0,0,0,0,0
23.388950,1,0,0,0,0,0,0,0,1,0,0,0,1,0,0,0,0,0
23.398818,0,0,0,0,0,1,0,0,0,1,0,1,0,1,0,1,0,0
23.400458,0,0,0,0,0,0,0,1,0,0,0,0,0,0,0,0,0,1
23.412553,1,0,0,1,0,0,1,0,0,1,1,0,1,1,1,0,1,0
23.420966,0,0,0,0,0,0,1,0,0,0,0,0,0,1,1,0,0,0
23.434359,0,0,0,0,1,0,0,0,0,0,0,0,0,0,0,0,0,0
23.441695,0,0,1,1,0,0,0,0,0,1,1,0,1,0,0,0,1,0
23.450896,0,0,0,0,0,1,0,0,0,0,0,0,0,1,1,0,0,0
23.451596,0,0,0,0,0,0,0,1,0,0,0,0,0,0,0,0,0,1
23.468030,0,1,1,0,0,0,0,0,0,1,1,0,1,0,0,1,0,0
23.480921,1,0,0,1,0,0,1,0,0,1,1,0,1,1,1,0,1,0
23.488543,0,0,0,0,1,0,0,0,0,0,0,0,0,0,0,0,0,0
23.501253,0,0,0,0,0,1,0,0,0,0,0,0,0,1,1,0,0,0
23.501427,0,0,0,0,0,0,0,1,0,0,0,0,0,0,0,0,0,1
23.508102,0,1,1,0,0,0,0,0,0,1,1,0,1,0,0,1,0,0
23.523071,1,0,0,1,0,0,1,0,0,1,1,0,1,1,1,0,1,0
23.533049,0,0,0,0,1,0,0,0,0,0,0,0,0,0,0,0,0,0
23.545362,0,0,1,0,0,0,0,0,1,0,0,0,1,0,0,0,0,0
23.550642,0,0,0,0,0,1,0,0,0,1,0,1,0,1,0,1,0,0
23.552708,0,0,0,0,0,0,0,1,0,0,0,0,0,0,0,0,0,1
23.561734,1,0,0,1,0,0,1,0,0,1,1,0,1,1,1,0,1,0
23.582330,0,0,1,0,0,0,0,0,1,0,0,0,1,0,0,0,0,0
23.591132,0,0,0,0,1,0,0,0,0,0,0,0,0,0,0,0,0,0
23.599310,0,0,0,0,0,0,0,1,0,0,0,0,0,0,0,0,0,1
23.600601,0,0,0,0,0,1,0,0,0,1,0,1,0,1,0,1,0,0
23.618438,1,0,0,0,0,0,0,0,1,0,0,0,1,0,0,0,0,0
23.636654,0,0,0,0,1,0,1,0,0,1,0,1,0,1,0,0,1,0
23.649886,0,0,0,0,0,1,0,0,0,0,0,0,0,1,1,0,0,0
23.650992,0,0,0,0,0,0,0,1,0,0,0,0,0,0,0,0,0,1
23.658764,0,1,1,0,0,0,0,0,0,1,1,0,1,0,0,1,0,0
23.670144,1,0,0,0,0,0,0,0,1,0,0,0,1,0,0,0,0,0
23.677567,0,0,0,0,0,0,1,0,0,1,0,1,0,1,0,0,1,0
23.688961,0,0,0,0,1,0,0,0,0,0,0,0,0,0,0,0,0,0
23.698839,0,0,0,0,0,1,0,0,0,0,0,0,0,1,1,0,0,0
23.701421,0,0,0,0,0,0,0,1,0,0,0,0,0,0,0,0,0,1
23.706490,0,1,1,0,0,0,0,0,0,1,1,0,1,0,0,1,0,0
23.719473,1,0,0,0,0,0,0,0,1,0,0,0,1,0,0,0,0,0
23.726569,0,0,0,0,0,0,1,0,0,1,0,1,0,1,0,0,1,0
23.740388,0,0,0,0,1,0,0,0,0,0,0,0,0,0,0,0,0,0
23.749272,0,0,1,0,0,0,0,0,1,0,0,0,1,0,0,0,0,0
23.750085,0,0,0,0,0,1,0,0,0,1,0,1,0,1,0,1,0,0
23.750931,0,0,0,0,0,0,0,1,0,0,0,0,0,0,0,0,0,1
23.766356,1,0,0,0,0,0,0,0,1,0,0,0,1,0,0,0,0,0
23.788362,0,0,0,0,1,0,0,0,0,0,0,0,0,0,0,0,0,0
23.800781,0,0,0,0,0,1,0,0,0,1,0,1,0,1,0,1,0,0
23.801255,0,0,0,0,0,0,1,1,0,0,0,0,0,1,1,0,0,1
23.818163,1,0,0,1,0,0,0,0,0,1,1,0,1,0,0,0,1,0
23.836459,0,0,0,0,1,0,1,0,0,0,0,0,0,1,1,0,0,0
23.845521,0,0,1,1,0,0,0,0,0,1,1,0,1,0,0,0,1,0
23.850079,0,0,0,0,0,1,0,0,0,0,0,0,0,1,1,0,0,0
23.851900,0,0,0,0,0,0,0,1,0,0,0,0,0,0,0,0,0,1
23.871228,0,1,1,0,0,0,0,0,0,1,1,0,1,0,0,1,0,0
23.890144,1,0,0,1,0,0,1,0,0,1,1,0,1,1,1,0,1,0
23.891635,0,0,0,0,1,0,0,0,0,0,0,0,0,0,0,0,0,0
23.898588,0,0,0,0,0,0,0,1,0,0,0,0,0,0,0,0,0,1
23.899572,0,0,0,0,0,1,0,0,0,0,0,0,0,1,1,0,0,0
23.912734,0,1,1,0,0,0,0,0,0,1,1,0,1,0,0,1,0,0
23.924175,1,0,0,0,0,0,0,0,1,0,0,0,1,0,0,0,0,0
23.937496,0,0,0,0,1,0,0,0,0,0,0,0,0,0,0,0,0,0
23.946466,0,0,0,0,0,0,1,1,0,1,0,1,0,1,0,0,1,1
23.950809,0,0,0,0,0,1,0,0,0,0,0,0,0,1,1,0,0,0
23.970907,0,1,1,0,0,0,0,0,0,1,1,0,1,0,0,1,0,0
23.981678,1,0,0,1,0,0,1,0,0,1,1,0,1,1,1,0,1,0
23.984646,0,0,0,0,1,0,0,0,0,0,0,0,0,0,0,0,0,0
23.998200,0,0,0,0,0,0,0,1,0,0,0,0,0,0,0,0,0,1
23.999135,0,0,0,0,0,1,0,0,0,0,0,0,0,1,1,0,0,0
24.008710,0,1,1,0,0,0,0,0,0,1,1,0,1,0,0,1,0,0
24.022110,1,0,0,0,0,0,0,0,1,0,0,0,1,0,0,0,0,0
24.026072,0,0,0,0,0,0,1,0,0,1,0,1,0,1,0,0,1,0
24.037915,0,0,0,0,1,0,0,0,0,0,0,0,0,0,0,0,0,0
24.048945,0,0,0,0,0,1,0,0,0,0,0,0,0,1,1,0,0,0
24.050842,0,1,1,0,0,0,0,0,0,1,1,0,1,0,0,1,0,0
24.053043,0,0,0,0,0,0,0,1,0,0,0,0,0,0,0,0,0,1
24.064549,1,0,0,1,0,0,1,0,0,1,1,0,1,1,1,0,1,0
24.089967,0,0,1,0,0,0,0,0,1,0,0,0,1,0,0,0,0,0
24.090192,0,0,0,0,1,0,0,0,0,0,0,0,0,0,0,0,0,0
24.099088,0,0,0,0,0,1,0,0,0,1,0,1,0,1,0,1,0,0
24.099733,0,0,0,0,0,0,0,1,0,0,0,0,0,0,0,0,0,1
24.111558,1,0,0,1,0,0,1,0,0,1,1,0,1,1,1,0,1,0
24.136178,0,0,1,0,0,0,0,0,1,0,0,0,1,0,0,0,0,0
24.138969,0,0,0,0,1,0,0,0,0,0,0,0,0,0,0,0,0,0
24.148824,0,0,0,0,0,0,0,1,0,0,0,0,0,0,0,0,0,1
24.149009,0,0,0,0,0,1,0,0,0,1,0,1,0,1,0,1,0,0
24.166318,1,0,0,0,0,0,0,0,1,0,0,0,1,0,0,0,0,0
24.187107,0,0,0,0,1,0,1,0,0,1,0,1,0,1,0,0,1,0
24.196886,0,0,0,0,0,0,0,1,0,0,0,0,0,0,0,0,0,1
24.200987,0,0,0,0,0,1,0,0,0,0,0,0,0,1,1,0,0,0
24.213533,0,1,1,0,0,0,0,0,0,1,1,0,1,0,0,1,0,0
24.226749,1,0,0,1,0,0,1,0,0,1,1,0,1,1,1,0,1,0
24.235220,0,0,0,0,1,0,0,0,0,0,0,0,0,0,0,0,0,0
24.246040,0,0,0,0,0,0,0,1,0,0,0,0,0,0,0,0,0,1
24.250235,0,0,0,0,0,1,0,0,0,0,0,0,0,1,1,0,0,0
24.253705,0,1,1,0,0,0,0,0,0,1,1,0,1,0,0,1,0,0
24.271075,1,0,0,0,0,0,0,0,1,0,0,0,1,0,0,0,0,0
24.273107,0,0,0,0,0,0,1,0,0,1,0,1,0,1,0,0,1,0
24.276943,0,0,0,0,1,0,0,0,0,0,0,0,0,0,0,0,0,0
24.295243,0,0,1,0,0,0,0,0,1,0,0,0,1,0,0,0,0,0
24.297914,0,0,0,0,0,0,0,1,0,0,0,0,0,0,0,0,0,1
24.300855,0,0,0,0,0,1,0,0,0,1,0,1,0,1,0,1,0,0
24.311736,1,0,0,1,0,0,1,0,0,1,1,0,1,1,1,0,1,0
24.331181,0,0,0,0,1,0,0,0,0,0,0,0,0,0,0,0,0,0
24.337833,0,0,1,0,0,0,0,0,1,0,0,0,1,0,0,0,0,0
24.351264,0,0,0,0,0,0,0,1,0,0,0,0,0,0,0,0,0,1
24.351948,0,0,0,0,0,1,0,0,0,1,0,1,0,1,0,1,0,0
24.366115,1,0,0,1,0,0,1,0,0,1,1,0,1,1,1,0,1,0
24.387737,0,0,0,0,1,0,0,0,0,0,0,0,0,0,0,0,0,0
24.394472,0,0,1,0,0,0,0,0,1,0,0,0,1,0,0,0,0,0
24.400242,0,0,0,0,0,1,0,0,0,1,0,1,0,1,0,1,0,0
24.401402,0,0,0,0,0,0,0,1,0,0,0,0,0,0,0,0,0,1
24.410394,1,0,0,1,0,0,1,0,0,1,1,0,1,1,1,0,1,0
24.438885,0,0,0,0,1,0,0,0,0,0,0,0,0,0,0,0,0,0
24.439150,0,0,1,0,0,0,0,0,1,0,0,0,1,0,0,0,0,0
24.449278,0,0,0,0,0,0,0,1,0,0,0,0,0,0,0,0,0,1
24.449855,0,0,0,0,0,1,0,0,0,1,0,1,0,1,0,1,0,0
24.466543,1,0,0,0,0,0,0,0,1,0,0,0,1,0,0,0,0,0
24.485286,0,0,0,0,1,0,0,0,0,0,0,0,0,0,0,0,0,0
24.493417,0,0,0,0,0,0,1,0,0,1,0,1,0,1,0,0,1,0
24.500408,0,0,0,0,0,1,0,0,0,0,0,0,0,1,1,0,0,0
24.501493,0,0,0,0,0,0,0,1,0,0,0,0,0,0,0,0,0,1
24.515399,0,1,1,0,0,0,0,0,0,1,1,0,1,0,0,1,0,0
24.527706,1,0,0,1,0,0,1,0,0,1,1,0,1,1,1,0,1,0
24.539862,0,0,0,0,1,0,0,0,0,0,0,0,0,0,0,0,0,0
24.548382,0,0,0,0,0,0,0,1,0,0,0,0,0,0,0,0,0,1
24.549387,0,0,1,0,0,0,0,0,1,0,0,0,1,0,0,0,0,0
24.549638,0,0,0,0,0,1,0,0,0,1,0,1,0,1,0,1,0,0
24.561762,1,0,0,0,0,0,0,0,1,0,0,0,1,0,0,0,0,0
24.563086,0,0,0,0,0,0,1,0,0,1,0,1,0,1,0,0,1,0
24.583814,0,0,1,0,0,0,0,0,1,0,0,0,1,0,0,0,0,0
24.587750,0,0,0,0,1,0,0,0,0,0,0,0,0,0,0,0,0,0
24.599112,0,0,0,0,0,1,0,0,0,1,0,1,0,1,0,1,0,0
24.600861,0,0,0,0,0,0,0,1,0,0,0,0,0,0,0,0,0,1
24.613632,1,0,0,0,0,0,0,0,1,0,0,0,1,0,0,0,0,0
24.635007,0,0,0,0,1,0,0,0,0,0,0,0,0,0,0,0,0,0
24.640441,0,0,0,0,0,0,1,0,0,1,0,1,0,1,0,0,1,0
24.648461,0,0,0,0,0,0,0,1,0,0,0,0,0,0,0,0,0,1
24.649445,0,0,0,0,0,1,0,0,0,0,0,0,0,1,1,0,0,0
24.667483,0,1,1,0,0,0,0,0,0,1,1,0,1,0,0,1,0,0
24.677897,1,0,0,1,0,0,1,0,0,1,1,0,1,1,1,0,1,0
24.681878,0,0,0,0,1,0,0,0,0,0,0,0,0,0,0,0,0,0
24.696899,0,0,0,0,0,0,0,1,0,0,0,0,0,0,0,0,0,1
24.699130,0,0,1,0,0,0,0,0,1,0,0,0,1,0,0,0,0,0
24.700324,0,0,0,0,0,1,0,0,0,1,0,1,0,1,0,1,0,0
24.717470,1,0,0,0,0,0,0,0,1,0,0,0,1,0,0,0,0,0
24.733156,0,0,0,0,1,0,0,0,0,0,0,0,0,0,0,0,0,0
24.749169,0,0,0,0,0,1,1,0,0,1,0,1,0,1,0,1,0,0
24.752714,0,0,0,0,0,0,0,1,0,0,0,0,0,0,0,0,0,1
24.760052,1,0,0,1,0,0,0,0,0,1,1,0,1,0,0,0,1,0
24.786240,0,0,1,1,0,0,1,0,0,1,1,0,1,1,1,0,1,0
24.786968,0,0,0,0,1,0,0,0,0,0,0,0,0,0,0,0,0,0
24.799131,0,0,0,0,0,1,0,0,0,0,0,0,0,1,1,0,0,0
24.802405,0,0,0,0,0,0,0,1,0,0,0,0,0,0,0,0,0,1
24.813871,0,1,1,0,0,0,0,0,0,1,1,0,1,0,0,1,0,0
24.825311,1,0,0,0,0,0,0,0,1,0,0,0,1,0,0,0,0,0
24.837219,0,0,0,0,1,0,0,0,0,0,0,0,0,0,0,0,0,0
24.849158,0,0,0,0,0,0,0,1,0,0,0,0,0,0,0,0,0,1
24.850140,0,0,0,0,0,0,1,0,0,1,0,1,0,1,0,0,1,0
24.851112,0,0,0,0,0,1,0,0,0,0,0,0,0,1,1,0,0,0
24.875543,0,1,1,0,0,0,0,0,0,1,1,0,1,0,0,1,0,0
24.884569,0,0,0,0,1,0,0,0,0,0,0,0,0,0,0,0,0,0
24.893211,1,0,0,0,0,0,0,0,1,0,0,0,1,0,0,0,0,0
24.899932,0,0,0,0,0,0,1,1,0,1,0,1,0,1,0,0,1,1
24.901117,0,0,0,0,0,1,0,0,0,0,0,0,0,1,1,0,0,0
24.926506,0,1,1,0,0,0,0,0,0,1,1,0,1,0,0,1,0,0
24.935664,0,0,0,0,1,0,0,0,0,0,0,0,0,0,0,0,0,0
24.940048,1,0,0,1,0,0,1,0,0,1,1,0,1,1,1,0,1,0
24.947952,0,0,0,0,0,0,0,1,0,0,0,0,0,0,0,0,0,1
24.950327,0,0,0,0,0,1,0,0,0,0,0,0,0,1,1,0,0,0
24.965922,0,1,1,0,0,0,0,0,0,1,1,0,1,0,0,1,0,0
24.977810,1,0,0,0,0,0,0,0,1,0,0,0,1,0,0,0,0,0
24.984602,0,0,0,0,1,0,1,0,0,1,0,1,0,1,0,0,1,0
24.998130,0,0,0,0,0,1,0,0,0,0,0,0,0,1,1,0,0,0
25.000883,0,0,0,0,0,0,0,1,0,0,0,0,0,0,0,0,0,1
25.005081,0,1,1,0,0,0,0,0,0,1,1,0,1,0,0,1,0,0
25.022537,1,0,0,0,0,0,0,0,1,0,0,0,1,0,0,0,0,0
25.036943,0,0,0,0,1,0,0,0,0,0,0,0,0,0,0,0,0,0
25.050624,0,0,0,0,0,1,1,0,0,1,0,1,0,1,0,0,1,0
25.053415,0,0,0,0,0,0,0,1,0,0,0,0,0,0,0,0,0,1
25.075736,0,1,1,0,0,0,0,0,0,1,1,0,1,0,0,1,0,0
25.084155,0,0,0,0,1,0,0,0,0,0,0,0,0,0,0,0,0,0
25.090407,1,0,0,0,0,0,0,0,1,0,0,0,1,0,0,0,0,0
25.098386,0,0,0,0,0,0,1,1,0,1,0,1,0,1,0,0,1,1
25.099672,0,0,0,0,0,1,0,0,0,0,0,0,0,1,1,0,0,0
25.122240,0,1,1,0,0,0,0,0,0,1,1,0,1,0,0,1,0,0
25.134476,0,0,0,0,1,0,0,0,0,0,0,0,0,0,0,0,0,0
25.136947,1,0,0,0,0,0,0,0,1,0,0,0,1,0,0,0,0,0
25.150259,0,0,0,0,0,0,0,1,0,0,0,0,0,0,0,0,0,1
25.150616,0,0,0,0,0,0,1,0,0,1,0,1,0,1,0,0,1,0
25.151378,0,0,0,0,0,1,0,0,0,0,0,0,0,1,1,0,0,0
25.170684,0,1,1,0,0,0,0,0,0,1,1,0,1,0,0,1,0,0
25.184316,0,0,0,0,1,0,0,0,0,0,0,0,0,0,0,0,0,0
25.190399,1,0,0,1,0,0,1,0,0,1,1,0,1,1,1,0,1,0
25.198834,0,0,0,0,0,1,0,0,0,0,0,0,0,1,1,0,0,0
25.203053,0,0,0,0,0,0,0,1,0,0,0,0,0,0,0,0,0,1
25.213168,0,1,1,0,0,0,0,0,0,1,1,0,1,0,0,1,0,0
25.224824,1,0,0,1,0,0,1,0,0,1,1,0,1,1,1,0,1,0
25.242836,0,0,0,0,1,0,0,0,0,0,0,0,0,0,0,0,0,0
25.248952,0,0,1,0,0,0,0,0,1,0,0,0,1,0,0,0,0,0
25.250420,0,0,0,0,0,1,0,0,0,1,0,1,0,1,0,1,0,0
25.252350,0,0,0,0,0,0,0,1,0,0,0,0,0,0,0,0,0,1
25.263213,1,0,0,1,0,0,1,0,0,1,1,0,1,1,1,0,1,0
25.287390,0,0,0,0,1,0,0,0,0,0,0,0,0,0,0,0,0,0
25.288582,0,0,1,0,0,0,0,0,1,0,0,0,1,0,0,0,0,0
25.299204,0,0,0,0,0,0,0,1,0,0,0,0,0,0,0,0,0,1
25.300899,0,0,0,0,0,1,0,0,0,1,0,1,0,1,0,1,0,0
25.316657,1,0,0,1,0,0,1,0,0,1,1,0,1,1,1,0,1,0
25.334484,0,0,0,0,1,0,0,0,0,0,0,0,0,0,0,0,0,0
25.346330,0,0,1,0,0,0,0,0,1,0,0,0,1,0,0,0,0,0
25.350695,0,0,0,0,0,1,0,0,0,1,0,1,0,1,0,1,0,0
25.350824,0,0,0,0,0,0,0,1,0,0,0,0,0,0,0,0,0,1
25.368225,1,0,0,0,0,0,0,0,1,0,0,0,1,0,0,0,0,0
25.385630,0,0,0,0,1,0,1,0,0,1,0,1,0,1,0,0,1,0
25.399771,0,0,0,0,0,0,0,1,0,0,0,0,0,0,0,0,0,1
25.401169,0,0,0,0,0,1,0,0,0,0,0,0,0,1,1,0,0,0
25.407829,0,1,1,0,0,0,0,0,0,1,1,0,1,0,0,1,0,0
25.425116,1,0,0,1,0,0,1,0,0,1,1,0,1,1,1,0,1,0
25.434100,0,0,0,0,1,0,0,0,0,0,0,0,0,0,0,0,0,0
25.449189,0,0,0,0,0,1,0,0,0,0,0,0,0,1,1,0,0,0
25.449575,0,1,1,0,0,0,0,0,0,1,1,0,1,0,0,1,0,0
25.450851,0,0,0,0,0,0,0,1,0,0,0,0,0,0,0,0,0,1
25.460087,1,0,0,0,0,0,0,0,1,0,0,0,1,0,0,0,0,0
25.486599,0,0,0,0,1,0,1,0,0,1,0,1,0,1,0,0,1,0
25.499095,0,0,0,0,0,1,0,0,0,0,0,0,0,1,1,0,0,0
25.499286,0,0,0,0,0,0,0,1,0,0,0,0,0,0,0,0,0,1
25.513837,0,1,1,0,0,0,0,0,0,1,1,0,1,0,0,1,0,0
25.526056,1,0,0,1,0,0,1,0,0,1,1,0,1,1,1,0,1,0
25.533546,0,0,0,0,1,0,0,0,0,0,0,0,0,0,0,0,0,0
25.551857,0,0,0,0,0,0,0,1,0,0,0,0,0,0,0,0,0,1
25.551930,0,0,0,0,0,1,0,0,0,0,0,0,0,1,1,0,0,0
25.552849,0,1,1,0,0,0,0,0,0,1,1,0,1,0,0,1,0,0
25.570276,1,0,0,0,0,0,0,0,1,0,0,0,1,0,0,0,0,0
25.588888,0,0,0,0,1,0,1,0,0,1,0,1,0,1,0,0,1,0
25.598986,0,0,0,0,0,0,0,1,0,0,0,0,0,0,0,0,0,1
25.599013,0,0,0,0,0,1,0,0,0,0,0,0,0,1,1,0,0,0
25.615830,0,1,1,0,0,0,0,0,0,1,1,0,1,0,0,1,0,0
25.631671,0,0,0,0,1,0,0,0,0,0,0,0,0,0,0,0,0,0
25.632112,1,0,0,1,0,0,1,0,0,1,1,0,1,1,1,0,1,0
25.650050,0,0,0,0,0,1,0,0,0,0,0,0,0,1,1,0,0,0
25.651635,0,0,0,0,0,0,0,1,0,0,0,0,0,0,0,0,0,1
25.657596,0,1,1,0,0,0,0,0,0,1,1,0,1,0,0,1,0,0
25.672972,1,0,0,1,0,0,1,0,0,1,1,0,1,1,1,0,1,0
25.687214,0,0,0,0,1,0,0,0,0,0,0,0,0,0,0,0,0,0
25.696968,0,0,0,0,0,0,0,1,0,0,0,0,0,0,0,0,0,1
25.699166,0,0,1,0,0,0,0,0,1,0,0,0,1,0,0,0,0,0
25.700848,0,0,0,0,0,1,0,0,0,1,0,1,0,1,0,1,0,0
25.719703,1,0,0,1,0,0,1,0,0,1,1,0,1,1,1,0,1,0
25.733635,0,0,0,0,1,0,0,0,0,0,0,0,0,0,0,0,0,0
25.744718,0,0,1,0,0,0,0,0,1,0,0,0,1,0,0,0,0,0
25.747566,0,0,0,0,0,0,0,1,0,0,0,0,0,0,0,0,0,1
25.749134,0,0,0,0,0,1,0,0,0,1,0,1,0,1,0,1,0,0
25.765603,1,0,0,1,0,0,1,0,0,1,1,0,1,1,1,0,1,0
25.781929,0,0,0,0,1,0,0,0,0,0,0,0,0,0,0,0,0,0
25.793505,0,0,1,0,0,0,0,0,1,0,0,0,1,0,0,0,0,0
25.801115,0,0,0,0,0,1,0,0,0,1,0,1,0,1,0,1,0,0
25.801563,0,0,0,0,0,0,0,1,0,0,0,0,0,0,0,0,0,1
25.816384,1,0,0,0,0,0,0,0,1,0,0,0,1,0,0,0,0,0
25.832989,0,0,0,0,1,0,1,0,0,1,0,1,0,1,0,0,1,0
25.849485,0,0,0,0,0,1,0,0,0,0,0,0,0,1,1,0,0,0
25.850282,0,0,0,0,0,0,0,1,0,0,0,0,0,0,0,0,0,1
25.857513,0,1,1,0,0,0,0,0,0,1,1,0,1,0,0,1,0,0
25.873210,1,0,0,1,0,0,1,0,0,1,1,0,1,1,1,0,1,0
25.883309,0,0,0,0,1,0,0,0,0,0,0,0,0,0,0,0,0,0
25.895763,0,0,1,0,0,0,0,0,1,0,0,0,1,0,0,0,0,0
25.898125,0,0,0,0,0,1,0,0,0,1,0,1,0,1,0,1,0,0
25.903445,0,0,0,0,0,0,0,1,0,0,0,0,0,0,0,0,0,1
25.914424,1,0,0,1,0,0,1,0,0,1,1,0,1,1,1,0,1,0
25.940214,0,0,0,0,1,0,0,0,0,0,0,0,0,0,0,0,0,0
25.941827,0,0,1,0,0,0,0,0,1,0,0,0,1,0,0,0,0,0
25.949772,0,0,0,0,0,0,0,1,0,0,0,0,0,0,0,0,0,1
25.950177,0,0,0,0,0,1,0,0,0,1,0,1,0,1,0,1,0,0
25.964342,1,0,0,1,0,0,1,0,0,1,1,0,1,1,1,0,1,0
25.985699,0,0,0,0,1,0,0,0,0,0,0,0,0,0,0,0,0,0
25.987022,0,0,1,0,0,0,0,0,1,0,0,0,1,0,0,0,0,0
25.996756,0,0,0,0,0,0,0,1,0,0,0,0,0,0,0,0,0,1
25.999964,0,0,0,0,0,1,0,0,0,1,0,1,0,1,0,1,0,0
26.014325,1,0,0,0,0,0,0,0,1,0,0,0,1,0,0,0,0,0
26.036419,0,0,0,0,1,0,0,0,0,0,0,0,0,0,0,0,0,0
26.042763,0,0,0,0,0,0,1,0,0,1,0,1,0,1,0,0,1,0
26.049980,0,0,0,0,0,1,0,0,0,0,0,0,0,1,1,0,0,0
26.051098,0,0,0,0,0,0,0,1,0,0,0,0,0,0,0,0,0,1
26.065886,0,1,1,0,0,0,0,0,0,1,1,0,1,0,0,1,0,0
26.084553,0,0,0,0,1,0,0,0,0,0,0,0,0,0,0,0,0,0
26.084812,1,0,0,1,0,0,1,0,0,1,1,0,1,1,1,0,1,0
26.098959,0,0,0,0,0,1,0,0,0,0,0,0,0,1,1,0,0,0
26.100131,0,0,0,0,0,0,0,1,0,0,0,0,0,0,0,0,0,1
26.107630,0,1,1,0,0,0,0,0,0,1,1,0,1,0,0,1,0,0
26.127375,1,0,0,1,0,0,1,0,0,1,1,0,1,1,1,0,1,0
26.134191,0,0,0,0,1,0,0,0,0,0,0,0,0,0,0,0,0,0
26.147432,0,0,1,0,0,0,0,0,1,0,0,0,1,0,0,0,0,0
26.148200,0,0,0,0,0,1,0,0,0,1,0,1,0,1,0,1,0,0
26.149074,0,0,0,0,0,0,0,1,0,0,0,0,0,0,0,0,0,1
26.164784,1,0,0,0,0,0,0,0,1,0,0,0,1,0,0,0,0,0
26.184809,0,0,0,0,1,0,1,0,0,1,0,1,0,1,0,0,1,0
26.196344,0,0,0,0,0,0,0,1,0,0,0,0,0,0,0,0,0,1
26.200204,0,0,0,0,0,1,0,0,0,0,0,0,0,1,1,0,0,0
26.212830,0,1,1,0,0,0,0,0,0,1,1,0,1,0,0,1,0,0
26.228099,1,0,0,0,0,0,0,0,1,0,0,0,1,0,0,0,0,0
26.234119,0,0,0,0,1,0,0,0,0,0,0,0,0,0,0,0,0,0
26.249498,0,0,0,0,0,0,1,1,0,1,0,1,0,1,0,0,1,1
26.250777,0,0,0,0,0,1,0,0,0,0,0,0,0,1,1,0,0,0
26.270290,0,1,1,0,0,0,0,0,0,1,1,0,1,0,0,1,0,0
26.282510,0,0,0,0,1,0,0,0,0,0,0,0,0,0,0,0,0,0
26.289231,1,0,0,1,0,0,1,0,0,1,1,0,1,1,1,0,1,0
26.298606,0,0,0,0,0,1,0,0,0,0,0,0,0,1,1,0,0,0
26.302120,0,0,0,0,0,0,0,1,0,0,0,0,0,0,0,0,0,1
26.315615,0,1,1,0,0,0,0,0,0,1,1,0,1,0,0,1,0,0
26.329044,1,0,0,1,0,0,1,0,0,1,1,0,1,1,1,0,1,0
26.335261,0,0,0,0,1,0,0,0,0,0,0,0,0,0,0,0,0,0
26.349272,0,0,0,0,0,1,0,0,0,0,0,0,0,1,1,0,0,0
26.352112,0,0,0,0,0,0,0,1,0,0,0,0,0,0,0,0,0,1
26.353875,0,1,1,0,0,0,0,0,0,1,1,0,1,0,0,1,0,0
26.368171,1,0,0,0,0,0,0,0,1,0,0,0,1,0,0,0,0,0
26.381548,0,0,0,0,0,0,1,0,0,1,0,1,0,1,0,0,1,0
26.383785,0,0,0,0,1,0,0,0,0,0,0,0,0,0,0,0,0,0
26.400839,0,0,0,0,0,0,0,1,0,0,0,0,0,0,0,0,0,1
26.401434,0,0,0,0,0,1,0,0,0,0,0,0,0,1,1,0,0,0
26.402967,0,1,1,0,0,0,0,0,0,1,1,0,1,0,0,1,0,0
26.415035,1,0,0,1,0,0,1,0,0,1,1,0,1,1,1,0,1,0
26.436088,0,0,1,0,0,0,0,0,1,0,0,0,1,0,0,0,0,0
26.438961,0,0,0,0,1,0,0,0,0,0,0,0,0,0,0,0,0,0
26.448664,0,0,0,0,0,1,0,0,0,1,0,1,0,1,0,1,0,0
26.450475,0,0,0,0,0,0,0,1,0,0,0,0,0,0,0,0,0,1
26.465738,1,0,0,1,0,0,1,0,0,1,1,0,1,1,1,0,1,0
26.481969,0,0,0,0,1,0,0,0,0,0,0,0,0,0,0,0,0,0
26.491836,0,0,1,0,0,0,0,0,1,0,0,0,1,0,0,0,0,0
26.498199,0,0,0,0,0,0,0,1,0,0,0,0,0,0,0,0,0,1
26.499885,0,0,0,0,0,1,0,0,0,1,0,1,0,1,0,1,0,0
26.513762,1,0,0,0,0,0,0,0,1,0,0,0,1,0,0,0,0,0
26.533072,0,0,0,0,1,0,0,0,0,0,0,0,0,0,0,0,0,0
26.549342,0,0,0,0,0,1,0,0,0,1,0,1,0,1,0,1,0,0
26.550758,0,0,0,0,0,0,0,1,0,0,0,0,0,0,0,0,0,1
26.562740,1,0,0,1,0,0,1,0,0,1,1,0,1,1,1,0,1,0
26.583219,0,0,0,0,1,0,1,0,0,0,0,0,0,1,1,0,0,0
26.584327,0,0,1,1,0,0,0,0,0,1,1,0,1,0,0,0,1,0
26.599256,0,0,0,0,0,0,0,1,0,0,0,0,0,0,0,0,0,1
26.601512,0,0,0,0,0,1,0,0,0,0,0,0,0,1,1,0,0,0
26.605871,0,1,1,0,0,0,0,0,0,1,1,0,1,0,0,1,0,0
26.621278,1,0,0,1,0,0,1,0,0,1,1,0,1,1,1,0,1,0
26.633869,0,0,0,0,1,0,0,0,0,0,0,0,0,0,0,0,0,0
26.642770,0,0,1,0,0,0,0,0,1,0,0,0,1,0,0,0,0,0
26.650270,0,0,0,0,0,0,0,1,0,0,0,0,0,0,0,0,0,1
26.651356,0,0,0,0,0,1,0,0,0,1,0,1,0,1,0,1,0,0
26.670139,1,0,0,0,0,0,0,0,1,0,0,0,1,0,0,0,0,0
26.686900,0,0,0,0,1,0,1,0,0,1,0,1,0,1,0,0,1,0
26.701501,0,0,0,0,0,1,0,0,0,0,0,0,0,1,1,0,0,0
26.702384,0,0,0,0,0,0,0,1,0,0,0,0,0,0,0,0,0,1
26.714401,0,1,1,0,0,0,0,0,0,1,1,0,1,0,0,1,0,0
26.728272,1,0,0,0,0,0,0,0,1,0,0,0,1,0,0,0,0,0
26.737368,0,0,0,0,1,0,0,0,0,0,0,0,0,0,0,0,0,0
26.742937,0,0,0,0,0,0,1,0,0,1,0,1,0,1,0,0,1,0
26.749253,0,0,0,0,0,1,0,0,0,0,0,0,0,1,1,0,0,0
26.750153,0,0,0,0,0,0,0,1,0,0,0,0,0,0,0,0,0,1
26.770810,0,1,1,0,0,0,0,0,0,1,1,0,1,0,0,1,0,0
26.784515,0,0,0,0,1,0,0,0,0,0,0,0,0,0,0,0,0,0
26.786187,1,0,0,1,0,0,1,0,0,1,1,0,1,1,1,0,1,0
26.796333,0,0,0,0,0,0,0,1,0,0,0,0,0,0,0,0,0,1
26.800060,0,0,0,0,0,1,0,0,0,0,0,0,0,1,1,0,0,0
26.811599,0,1,1,0,0,0,0,0,0,1,1,0,1,0,0,1,0,0
26.824517,1,0,0,1,0,0,1,0,0,1,1,0,1,1,1,0,1,0
26.831750,0,0,0,0,1,0,0,0,0,0,0,0,0,0,0,0,0,0
26.844806,0,0,1,0,0,0,0,0,1,0,0,0,1,0,0,0,0,0
26.849225,0,0,0,0,0,1,0,0,0,1,0,1,0,1,0,1,0,0
26.852092,0,0,0,0,0,0,0,1,0,0,0,0,0,0,0,0,0,1
26.862895,1,0,0,0,0,0,0,0,1,0,0,0,1,0,0,0,0,0
26.890613,0,0,0,0,1,0,1,0,0,1,0,1,0,1,0,0,1,0
26.899158,0,0,0,0,0,0,0,1,0,0,0,0,0,0,0,0,0,1
26.899337,0,0,0,0,0,1,0,0,0,0,0,0,0,1,1,0,0,0
26.910637,0,1,1,0,0,0,0,0,0,1,1,0,1,0,0,1,0,0
26.927670,1,0,0,0,0,0,0,0,1,0,0,0,1,0,0,0,0,0
26.933948,0,0,0,0,0,0,1,0,0,1,0,1,0,1,0,0,1,0
26.939077,0,0,0,0,1,0,0,0,0,0,0,0,0,0,0,0,0,0
26.949305,0,0,0,0,0,1,0,0,0,0,0,0,0,1,1,0,0,0
26.949512,0,0,0,0,0,0,0,1,0,0,0,0,0,0,0,0,0,1
26.959370,0,1,1,0,0,0,0,0,0,1,1,0,1,0,0,1,0,0
26.974096,1,0,0,1,0,0,1,0,0,1,1,0,1,1,1,0,1,0
26.987389,0,0,0,0,1,0,0,0,0,0,0,0,0,0,0,0,0,0
26.999071,0,0,1,0,0,0,0,0,1,0,0,0,1,0,0,0,0,0
26.999347,0,0,0,0,0,1,0,0,0,1,0,1,0,1,0,1,0,0
27.003097,0,0,0,0,0,0,0,1,0,0,0,0,0,0,0,0,0,1
27.012598,1,0,0,1,0,0,1,0,0,1,1,0,1,1,1,0,1,0
27.038568,0,0,1,0,0,0,0,0,1,0,0,0,1,0,0,0,0,0
27.042133,0,0,0,0,1,0,0,0,0,0,0,0,0,0,0,0,0,0
27.048809,0,0,0,0,0,1,0,0,0,1,0,1,0,1,0,1,0,0
27.049879,0,0,0,0,0,0,0,1,0,0,0,0,0,0,0,0,0,1
27.064268,1,0,0,1,0,0,1,0,0,1,1,0,1,1,1,0,1,0
27.084821,0,0,1,0,0,0,0,0,1,0,0,0,1,0,0,0,0,0
27.089672,0,0,0,0,1,0,0,0,0,0,0,0,0,0,0,0,0,0
27.100061,0,0,0,0,0,0,0,1,0,0,0,0,0,0,0,0,0,1
27.100590,0,0,0,0,0,1,0,0,0,1,0,1,0,1,0,1,0,0
27.111009,1,0,0,1,0,0,1,0,0,1,1,0,1,1,1,0,1,0
27.132329,0,0,1,0,0,0,0,0,1,0,0,0,1,0,0,0,0,0
27.138000,0,0,0,0,1,0,0,0,0,0,0,0,0,0,0,0,0,0
27.149631,0,0,0,0,0,0,0,1,0,0,0,0,0,0,0,0,0,1
27.149894,0,0,0,0,0,1,0,0,0,1,0,1,0,1,0,1,0,0
27.167925,1,0,0,1,0,0,1,0,0,1,1,0,1,1,1,0,1,0
27.188591,0,0,0,0,1,0,0,0,0,0,0,0,0,0,0,0,0,0
27.190011,0,0,1,0,0,0,0,0,1,0,0,0,1,0,0,0,0,0
27.198639,0,0,0,0,0,0,0,1,0,0,0,0,0,0,0,0,0,1
27.199773,0,0,0,0,0,1,0,0,0,1,0,1,0,1,0,1,0,0
27.211098,1,0,0,0,0,0,0,0,1,0,0,0,1,0,0,0,0,0
27.234247,0,0,0,0,1,0,0,0,0,0,0,0,0,0,0,0,0,0
27.248038,0,0,0,0,0,1,0,0,0,1,0,1,0,1,0,1,0,0
27.249262,0,0,0,0,0,0,1,0,0,0,0,0,0,1,1,0,0,0
27.250561,0,0,0,0,0,0,0,1,0,0,0,0,0,0,0,0,0,1
27.266579,1,0,0,1,0,0,1,0,0,1,1,0,1,1,1,0,1,0
27.288150,0,0,0,0,1,0,0,0,0,0,0,0,0,0,0,0,0,0
27.292348,0,0,1,1,0,0,0,0,0,1,1,0,1,0,0,0,1,0
27.297047,0,0,0,0,0,0,0,1,0,0,0,0,0,0,0,0,0,1
27.300616,0,0,0,0,0,1,0,0,0,0,0,0,0,1,1,0,0,0
27.317803,0,1,1,0,0,0,0,0,0,1,1,0,1,0,0,1,0,0
27.335161,0,0,0,0,1,0,0,0,0,0,0,0,0,0,0,0,0,0
27.336546,1,0,0,1,0,0,1,0,0,1,1,0,1,1,1,0,1,0
27.348726,0,0,0,0,0,1,0,0,0,0,0,0,0,1,1,0,0,0
27.349369,0,0,0,0,0,0,0,1,0,0,0,0,0,0,0,0,0,1
27.359255,0,1,1,0,0,0,0,0,0,1,1,0,1,0,0,1,0,0
27.373323,1,0,0,0,0,0,0,0,1,0,0,0,1,0,0,0,0,0
27.384827,0,0,0,0,1,0,1,0,0,1,0,1,0,1,0,0,1,0
27.396482,0,0,0,0,0,0,0,1,0,0,0,0,0,0,0,0,0,1
27.399955,0,0,0,0,0,1,0,0,0,0,0,0,0,1,1,0,0,0
27.411002,0,1,1,0,0,0,0,0,0,1,1,0,1,0,0,1,0,0
27.421687,1,0,0,0,0,0,0,0,1,0,0,0,1,0,0,0,0,0
27.427175,0,0,0,0,0,0,1,0,0,1,0,1,0,1,0,0,1,0
27.434260,0,0,0,0,1,0,0,0,0,0,0,0,0,0,0,0,0,0
27.447216,0,0,0,0,0,0,0,1,0,0,0,0,0,0,0,0,0,1
27.448241,0,0,1,0,0,0,0,0,1,0,0,0,1,0,0,0,0,0
27.450827,0,0,0,0,0,1,0,0,0,1,0,1,0,1,0,1,0,0
27.463609,1,0,0,1,0,0,1,0,0,1,1,0,1,1,1,0,1,0
27.484316,0,0,0,0,1,0,0,0,0,0,0,0,0,0,0,0,0,0
27.485580,0,0,1,0,0,0,0,0,1,0,0,0,1,0,0,0,0,0
27.499938,0,0,0,0,0,1,0,0,0,1,0,1,0,1,0,1,0,0
27.500160,0,0,0,0,0,0,0,1,0,0,0,0,0,0,0,0,0,1
27.514348,1,0,0,0,0,0,0,0,1,0,0,0,1,0,0,0,0,0
27.534519,0,0,0,0,1,0,0,0,0,0,0,0,0,0,0,0,0,0
27.548647,0,0,0,0,0,0,1,1,0,1,0,1,0,1,0,0,1,1
27.550476,0,0,0,0,0,1,0,0,0,0,0,0,0,1,1,0,0,0
27.573024,0,1,1,0,0,0,0,0,0,1,1,0,1,0,0,1,0,0
27.581150,0,0,0,0,1,0,0,0,0,0,0,0,0,0,0,0,0,0
27.587839,1,0,0,0,0,0,0,0,1,0,0,0,1,0,0,0,0,0
27.598660,0,0,0,0,0,1,0,0,0,1,0,1,0,1,0,1,0,0
27.600195,0,0,0,0,0,0,1,1,0,0,0,0,0,1,1,0,0,1
27.613330,1,0,0,1,0,0,0,0,0,1,1,0,1,0,0,0,1,0
27.637108,0,0,1,0,0,0,0,0,1,0,0,0,1,0,0,0,0,0
27.640060,0,0,0,0,1,0,1,0,0,1,0,1,0,1,0,0,1,0
27.648260,0,0,0,0,0,1,0,0,0,0,0,0,0,1,1,0,0,0
27.652715,0,0,0,0,0,0,0,1,0,0,0,0,0,0,0,0,0,1
27.668419,0,1,1,0,0,0,0,0,0,1,1,0,1,0,0,1,0,0
27.684955,0,0,0,0,1,0,0,0,0,0,0,0,0,0,0,0,0,0
27.685045,1,0,0,0,0,0,0,0,1,0,0,0,1,0,0,0,0,0
27.699333,0,0,0,0,0,0,1,1,0,1,0,1,0,1,0,0,1,1
27.701246,0,0,0,0,0,1,0,0,0,0,0,0,0,1,1,0,0,0
27.720801,0,1,1,0,0,0,0,0,0,1,1,0,1,0,0,1,0,0
27.735983,1,0,0,1,0,0,1,0,0,1,1,0,1,1,1,0,1,0
27.738352,0,0,0,0,1,0,0,0,0,0,0,0,0,0,0,0,0,0
27.746511,0,0,0,0,0,0,0,1,0,0,0,0,0,0,0,0,0,1
27.748899,0,0,0,0,0,1,0,0,0,0,0,0,0,1,1,0,0,0
27.757560,0,1,1,0,0,0,0,0,0,1,1,0,1,0,0,1,0,0
27.771764,1,0,0,0,0,0,0,0,1,0,0,0,1,0,0,0,0,0
27.782056,0,0,0,0,0,0,1,0,0,1,0,1,0,1,0,0,1,0
27.783233,0,0,0,0,1,0,0,0,0,0,0,0,0,0,0,0,0,0
27.797409,0,0,0,0,0,0,0,1,0,0,0,0,0,0,0,0,0,1
27.799700,0,0,0,0,0,1,0,0,0,0,0,0,0,1,1,0,0,0
27.808228,0,1,1,0,0,0,0,0,0,1,1,0,1,0,0,1,0,0
27.824304,1,0,0,1,0,0,1,0,0,1,1,0,1,1,1,0,1,0
27.833553,0,0,0,0,1,0,0,0,0,0,0,0,0,0,0,0,0,0
27.847341,0,0,1,0,0,0,0,0,1,0,0,0,1,0,0,0,0,0
27.848696,0,0,0,0,0,1,0,0,0,1,0,1,0,1,0,1,0,0
27.851458,0,0,0,0,0,0,0,1,0,0,0,0,0,0,0,0,0,1
27.865335,1,0,0,0,0,0,0,0,1,0,0,0,1,0,0,0,0,0
27.887350,0,0,0,0,1,0,1,0,0,1,0,1,0,1,0,0,1,0
27.900065,0,0,0,0,0,0,0,1,0,0,0,0,0,0,0,0,0,1
27.900705,0,0,0,0,0,1,0,0,0,0,0,0,0,1,1,0,0,0
27.914742,0,1,1,0,0,0,0,0,0,1,1,0,1,0,0,1,0,0
27.926692,1,0,0,1,0,0,1,0,0,1,1,0,1,1,1,0,1,0
27.932465,0,0,0,0,1,0,0,0,0,0,0,0,0,0,0,0,0,0
27.948396,0,0,0,0,0,1,0,0,0,0,0,0,0,1,1,0,0,0
27.951451,0,0,0,0,0,0,0,1,0,0,0,0,0,0,0,0,0,1
27.951511,0,1,1,0,0,0,0,0,0,1,1,0,1,0,0,1,0,0
27.970544,1,0,0,1,0,0,1,0,0,1,1,0,1,1,1,0,1,0
27.987379,0,0,0,0,1,0,0,0,0,0,0,0,0,0,0,0,0,0
27.993064,0,0,1,0,0,0,0,0,1,0,0,0,1,0,0,0,0,0
28.000522,0,0,0,0,0,1,0,0,0,1,0,1,0,1,0,1,0,0
28.001233,0,0,0,0,0,0,0,1,0,0,0,0,0,0,0,0,0,1
28.012831,1,0,0,0,0,0,0,0,1,0,0,0,1,0,0,0,0,0
28.035346,0,0,0,0,1,0,1,0,0,1,0,1,0,1,0,0,1,0
28.050492,0,0,0,0,0,1,0,0,0,0,0,0,0,1,1,0,0,0
28.051887,0,0,0,0,0,0,0,1,0,0,0,0,0,0,0,0,0,1
28.059766,0,1,1,0,0,0,0,0,0,1,1,0,1,0,0,1,0,0
28.076894,1,0,0,0,0,0,0,0,1,0,0,0,1,0,0,0,0,0
28.090411,0,0,0,0,1,0,0,0,0,0,0,0,0,0,0,0,0,0
28.098910,0,0,0,0,0,0,0,1,0,0,0,0,0,0,0,0,0,1
28.099664,0,0,0,0,0,0,1,0,0,1,0,1,0,1,0,0,1,0
28.099965,0,0,0,0,0,1,0,0,0,0,0,0,0,1,1,0,0,0
28.121428,0,1,1,0,0,0,0,0,0,1,1,0,1,0,0,1,0,0
28.135593,0,0,0,0,1,0,0,0,0,0,0,0,0,0,0,0,0,0
28.136187,1,0,0,1,0,0,1,0,0,1,1,0,1,1,1,0,1,0
28.148443,0,0,0,0,0,1,0,0,0,0,0,0,0,1,1,0,0,0
28.150518,0,0,0,0,0,0,0,1,0,0,0,0,0,0,0,0,0,1
28.164781,0,1,1,0,0,0,0,0,0,1,1,0,1,0,0,1,0,0
28.181530,1,0,0,1,0,0,1,0,0,1,1,0,1,1,1,0,1,0
28.185579,0,0,0,0,1,0,0,0,0,0,0,0,0,0,0,0,0,0
28.199840,0,0,0,0,0,0,0,1,0,0,0,0,0,0,0,0,0,1
28.200839,0,0,0,0,0,1,0,0,0,0,0,0,0,1,1,0,0,0
28.206942,0,1,1,0,0,0,0,0,0,1,1,0,1,0,0,1,0,0
28.221540,1,0,0,1,0,0,1,0,0,1,1,0,1,1,1,0,1,0
28.236527,0,0,0,0,1,0,0,0,0,0,0,0,0,0,0,0,0,0
28.245783,0,0,1,0,0,0,0,0,1,0,0,0,1,0,0,0,0,0
28.248503,0,0,0,0,0,1,0,0,0,1,0,1,0,1,0,1,0,0
28.250591,0,0,0,0,0,0,0,1,0,0,0,0,0,0,0,0,0,1
28.267856,1,0,0,1,0,0,1,0,0,1,1,0,1,1,1,0,1,0
28.287557,0,0,0,0,1,0,0,0,0,0,0,0,0,0,0,0,0,0
28.296942,0,0,1,0,0,0,0,0,1,0,0,0,1,0,0,0,0,0
28.297406,0,0,0,0,0,0,0,1,0,0,0,0,0,0,0,0,0,1
28.299460,0,0,0,0,0,1,0,0,0,1,0,1,0,1,0,1,0,0
28.313999,1,0,0,0,0,0,0,0,1,0,0,0,1,0,0,0,0,0
28.334394,0,0,0,0,1,0,1,0,0,1,0,1,0,1,0,0,1,0
28.346303,0,0,0,0,0,0,0,1,0,0,0,0,0,0,0,0,0,1
28.348522,0,0,0,0,0,1,0,0,0,0,0,0,0,1,1,0,0,0
28.356334,0,1,1,0,0,0,0,0,0,1,1,0,1,0,0,1,0,0
28.369523,1,0,0,1,0,0,1,0,0,1,1,0,1,1,1,0,1,0
28.381694,0,0,0,0,1,0,0,0,0,0,0,0,0,0,0,0,0,0
28.398122,0,0,1,0,0,0,0,0,1,0,0,0,1,0,0,0,0,0
28.399867,0,0,0,0,0,1,0,0,0,1,0,1,0,1,0,1,0,0
28.400751,0,0,0,0,0,0,0,1,0,0,0,0,0,0,0,0,0,1
28.416538,1,0,0,1,0,0,1,0,0,1,1,0,1,1,1,0,1,0
28.439330,0,0,0,0,1,0,0,0,0,0,0,0,0,0,0,0,0,0
28.441000,0,0,1,0,0,0,0,0,1,0,0,0,1,0,0,0,0,0
28.448325,0,0,0,0,0,1,0,0,0,1,0,1,0,1,0,1,0,0
28.451254,0,0,0,0,0,0,0,1,0,0,0,0,0,0,0,0,0,1
28.465453,1,0,0,1,0,0,1,0,0,1,1,0,1,1,1,0,1,0
28.487533,0,0,0,0,1,0,0,0,0,0,0,0,0,0,0,0,0,0
28.490344,0,0,1,0,0,0,0,0,1,0,0,0,1,0,0,0,0,0
28.497672,0,0,0,0,0,0,0,1,0,0,0,0,0,0,0,0,0,1
28.498563,0,0,0,0,0,1,0,0,0,1,0,1,0,1,0,1,0,0
28.510888,1,0,0,1,0,0,1,0,0,1,1,0,1,1,1,0,1,0
28.531159,0,0,0,0,1,0,0,0,0,0,0,0,0,0,0,0,0,0
28.540163,0,0,1,0,0,0,0,0,1,0,0,0,1,0,0,0,0,0
28.550316,0,0,0,0,0,1,0,0,0,1,0,1,0,1,0,1,0,0
28.553414,0,0,0,0,0,0,0,1,0,0,0,0,0,0,0,0,0,1
28.566837,1,0,0,0,0,0,0,0,1,0,0,0,1,0,0,0,0,0
28.592323,0,0,0,0,1,0,0,0,0,0,0,0,0,0,0,0,0,0
28.598715,0,0,0,0,0,0,0,1,0,0,0,0,0,0,0,0,0,1
28.598854,0,0,0,0,0,0,1,0,0,1,0,1,0,1,0,0,1,0
28.598993,0,0,0,0,0,1,0,0,0,0,0,0,0,1,1,0,0,0
28.620709,0,1,1,0,0,0,0,0,0,1,1,0,1,0,0,1,0,0
28.631612,0,0,0,0,1,0,0,0,0,0,0,0,0,0,0,0,0,0
28.632406,1,0,0,0,0,0,0,0,1,0,0,0,1,0,0,0,0,0
28.638044,0,0,0,0,0,0,1,0,0,1,0,1,0,1,0,0,1,0
28.649013,0,0,0,0,0,0,0,1,0,0,0,0,0,0,0,0,0,1
28.649677,0,0,0,0,0,1,0,0,0,0,0,0,0,1,1,0,0,0
28.663625,0,1,1,0,0,0,0,0,0,1,1,0,1,0,0,1,0,0
28.678255,1,0,0,1,0,0,1,0,0,1,1,0,1,1,1,0,1,0
28.679483,0,0,0,0,1,0,0,0,0,0,0,0,0,0,0,0,0,0
28.698471,0,0,1,0,0,0,0,0,1,0,0,0,1,0,0,0,0,0
28.699037,0,0,0,0,0,0,0,1,0,0,0,0,0,0,0,0,0,1
28.699416,0,0,0,0,0,1,0,0,0,1,0,1,0,1,0,1,0,0
28.712351,1,0,0,0,0,0,0,0,1,0,0,0,1,0,0,0,0,0
28.731931,0,0,0,0,1,0,0,0,0,0,0,0,0,0,0,0,0,0
28.735449,0,0,0,0,0,0,1,0,0,1,0,1,0,1,0,0,1,0
28.746884,0,0,0,0,0,0,0,1,0,0,0,0,0,0,0,0,0,1
28.748751,0,0,0,0,0,1,0,0,0,0,0,0,0,1,1,0,0,0
28.761737,0,1,1,0,0,0,0,0,0,1,1,0,1,0,0,1,0,0
28.777235,1,0,0,1,0,0,1,0,0,1,1,0,1,1,1,0,1,0
28.785143,0,0,0,0,1,0,0,0,0,0,0,0,0,0,0,0,0,0
28.801138,0,0,0,0,0,1,0,0,0,0,0,0,0,1,1,0,0,0
28.801149,0,0,0,0,0,0,0,1,0,0,0,0,0,0,0,0,0,1
28.802818,0,1,1,0,0,0,0,0,0,1,1,0,1,0,0,1,0,0
28.813319,1,0,0,1,0,0,1,0,0,1,1,0,1,1,1,0,1,0
28.840655,0,0,0,0,1,0,0,0,0,0,0,0,0,0,0,0,0,0
28.840774,0,0,1,0,0,0,0,0,1,0,0,0,1,0,0,0,0,0
28.848050,0,0,0,0,0,0,0,1,0,0,0,0,0,0,0,0,0,1
28.850907,0,0,0,0,0,1,0,0,0,1,0,1,0,1,0,1,0,0
28.867738,1,0,0,0,0,0,0,0,1,0,0,0,1,0,0,0,0,0
28.882786,0,0,0,0,0,0,1,0,0,1,0,1,0,1,0,0,1,0
28.886279,0,0,0,0,1,0,0,0,0,0,0,0,0,0,0,0,0,0
28.899583,0,0,0,0,0,0,0,1,0,0,0,0,0,0,0,0,0,1
28.899911,0,0,0,0,0,1,0,0,0,0,0,0,0,1,1,0,0,0
28.904085,0,1,1,0,0,0,0,0,0,1,1,0,1,0,0,1,0,0
28.915677,1,0,0,0,0,0,0,0,1,0,0,0,1,0,0,0,0,0
28.932373,0,0,0,0,0,0,1,0,0,1,0,1,0,1,0,0,1,0
28.933796,0,0,0,0,1,0,0,0,0,0,0,0,0,0,0,0,0,0
28.947896,0,0,0,0,0,0,0,1,0,0,0,0,0,0,0,0,0,1
28.948930,0,0,0,0,0,1,0,0,0,0,0,0,0,1,1,0,0,0
28.954573,0,1,1,0,0,0,0,0,0,1,1,0,1,0,0,1,0,0
28.967287,1,0,0,1,0,0,1,0,0,1,1,0,1,1,1,0,1,0
28.982416,0,0,0,0,1,0,0,0,0,0,0,0,0,0,0,0,0,0
28.987769,0,0,1,0,0,0,0,0,1,0,0,0,1,0,0,0,0,0
29.000516,0,0,0,0,0,1,0,0,0,1,0,1,0,1,0,1,0,0
29.003334,0,0,0,0,0,0,0,1,0,0,0,0,0,0,0,0,0,1
29.013535,1,0,0,1,0,0,1,0,0,1,1,0,1,1,1,0,1,0
29.033706,0,0,1,0,0,0,0,0,1,0,0,0,1,0,0,0,0,0
29.042990,0,0,0,0,1,0,0,0,0,0,0,0,0,0,0,0,0,0
29.050878,0,0,0,0,0,1,0,0,0,1,0,1,0,1,0,1,0,0
29.051913,0,0,0,0,0,0,0,1,0,0,0,0,0,0,0,0,0,1
29.061307,1,0,0,1,0,0,1,0,0,1,1,0,1,1,1,0,1,0
29.082632,0,0,0,0,1,0,0,0,0,0,0,0,0,0,0,0,0,0
29.083324,0,0,1,0,0,0,0,0,1,0,0,0,1,0,0,0,0,0
29.099827,0,0,0,0,0,1,0,0,0,1,0,1,0,1,0,1,0,0
29.103114,0,0,0,0,0,0,0,1,0,0,0,0,0,0,0,0,0,1
29.118335,1,0,0,1,0,0,1,0,0,1,1,0,1,1,1,0,1,0
29.138521,0,0,1,0,0,0,0,0,1,0,0,0,1,0,0,0,0,0
29.138817,0,0,0,0,1,0,0,0,0,0,0,0,0,0,0,0,0,0
29.150953,0,0,0,0,0,1,0,0,0,1,0,1,0,1,0,1,0,0
29.151672,0,0,0,0,0,0,0,1,0,0,0,0,0,0,0,0,0,1
29.164067,1,0,0,0,0,0,0,0,1,0,0,0,1,0,0,0,0,0
29.186007,0,0,0,0,1,0,0,0,0,0,0,0,0,0,0,0,0,0
29.198128,0,0,0,0,0,1,0,0,0,1,0,1,0,1,0,1,0,0
29.202381,0,0,0,0,0,0,1,1,0,0,0,0,0,1,1,0,0,1
29.215161,1,0,0,1,0,0,0,0,0,1,1,0,1,0,0,0,1,0
29.228399,0,0,0,0,0,0,1,0,0,0,0,0,0,1,1,0,0,0
29.235333,0,0,0,0,1,0,0,0,0,0,0,0,0,0,0,0,0,0
29.243513,0,0,1,1,0,0,0,0,0,1,1,0,1,0,0,0,1,0
29.250385,0,0,0,0,0,1,0,0,0,0,0,0,0,1,1,0,0,0
29.251525,0,0,0,0,0,0,0,1,0,0,0,0,0,0,0,0,0,1
29.269344,0,1,1,0,0,0,0,0,0,1,1,0,1,0,0,1,0,0
29.283488,1,0,0,1,0,0,1,0,0,1,1,0,1,1,1,0,1,0
29.285400,0,0,0,0,1,0,0,0,0,0,0,0,0,0,0,0,0,0
29.299306,0,0,0,0,0,0,0,1,0,0,0,0,0,0,0,0,0,1
29.300233,0,0,0,0,0,1,0,0,0,0,0,0,0,1,1,0,0,0
29.307583,0,1,1,0,0,0,0,0,0,1,1,0,1,0,0,1,0,0
29.324670,1,0,0,1,0,0,1,0,0,1,1,0,1,1,1,0,1,0
29.338419,0,0,0,0,1,0,0,0,0,0,0,0,0,0,0,0,0,0
29.345523,0,0,1,0,0,0,0,0,1,0,0,0,1,0,0,0,0,0
29.346074,0,0,0,0,0,0,0,1,0,0,0,0,0,0,0,0,0,1
29.350458,0,0,0,0,0,1,0,0,0,1,0,1,0,1,0,1,0,0
29.362587,1,0,0,1,0,0,1,0,0,1,1,0,1,1,1,0,1,0
29.381536,0,0,0,0,1,0,0,0,0,0,0,0,0,0,0,0,0,0
29.388451,0,0,1,0,0,0,0,0,1,0,0,0,1,0,0,0,0,0
29.399061,0,0,0,0,0,1,0,0,0,1,0,1,0,1,0,1,0,0
29.399802,0,0,0,0,0,0,0,1,0,0,0,0,0,0,0,0,0,1
29.410021,1,0,0,1,0,0,1,0,0,1,1,0,1,1,1,0,1,0
29.430489,0,0,0,0,1,0,0,0,0,0,0,0,0,0,0,0,0,0
29.431128,0,0,1,0,0,0,0,0,1,0,0,0,1,0,0,0,0,0
29.449408,0,0,0,0,0,0,0,1,0,0,0,0,0,0,0,0,0,1
29.451082,0,0,0,0,0,1,0,0,0,1,0,1,0,1,0,1,0,0
29.466021,1,0,0,1,0,0,1,0,0,1,1,0,1,1,1,0,1,0
29.486206,0,0,0,0,1,0,0,0,0,0,0,0,0,0,0,0,0,0
29.488862,0,0,1,0,0,0,0,0,1,0,0,0,1,0,0,0,0,0
29.499621,0,0,0,0,0,1,0,0,0,1,0,1,0,1,0,1,0,0
29.500293,0,0,0,0,0,0,0,1,0,0,0,0,0,0,0,0,0,1
29.517464,1,0,0,0,0,0,0,0,1,0,0,0,1,0,0,0,0,0
29.530546,0,0,0,0,1,0,0,0,0,0,0,0,0,0,0,0,0,0
29.533166,0,0,0,0,0,0,1,0,0,1,0,1,0,1,0,0,1,0
29.549485,0,0,0,0,0,0,0,1,0,0,0,0,0,0,0,0,0,1
29.549934,0,0,0,0,0,1,0,0,0,0,0,0,0,1,1,0,0,0
29.556533,0,1,1,0,0,0,0,0,0,1,1,0,1,0,0,1,0,0
29.571601,1,0,0,1,0,0,1,0,0,1,1,0,1,1,1,0,1,0
29.586992,0,0,0,0,1,0,0,0,0,0,0,0,0,0,0,0,0,0
29.592488,0,0,1,0,0,0,0,0,1,0,0,0,1,0,0,0,0,0
29.599001,0,0,0,0,0,0,0,1,0,0,0,0,0,0,0,0,0,1
29.599103,0,0,0,0,0,1,0,0,0,1,0,1,0,1,0,1,0,0
29.613331,1,0,0,1,0,0,1,0,0,1,1,0,1,1,1,0,1,0
29.632292,0,0,0,0,1,0,0,0,0,0,0,0,0,0,0,0,0,0
29.640734,0,0,1,0,0,0,0,0,1,0,0,0,1,0,0,0,0,0
29.650785,0,0,0,0,0,1,0,0,0,1,0,1,0,1,0,1,0,0
29.651119,0,0,0,0,0,0,0,1,0,0,0,0,0,0,0,0,0,1
29.665599,1,0,0,1,0,0,1,0,0,1,1,0,1,1,1,0,1,0
29.685879,0,0,1,0,0,0,0,0,1,0,0,0,1,0,0,0,0,0
29.689158,0,0,0,0,1,0,0,0,0,0,0,0,0,0,0,0,0,0
29.697412,0,0,0,0,0,0,0,1,0,0,0,0,0,0,0,0,0,1
29.701226,0,0,0,0,0,1,0,0,0,1,0,1,0,1,0,1,0,0
29.714627,1,0,0,1,0,0,1,0,0,1,1,0,1,1,1,0,1,0
29.734647,0,0,0,0,1,0,0,0,0,0,0,0,0,0,0,0,0,0
29.741466,0,0,1,0,0,0,0,0,1,0,0,0,1,0,0,0,0,0
29.751652,0,0,0,0,0,0,0,1,0,0,0,0,0,0,0,0,0,1
29.751817,0,0,0,0,0,1,0,0,0,1,0,1,0,1,0,1,0,0
29.762867,1,0,0,1,0,0,1,0,0,1,1,0,1,1,1,0,1,0
29.791181,0,0,1,0,0,0,0,0,1,0,0,0,1,0,0,0,0,0
29.791634,0,0,0,0,1,0,0,0,0,0,0,0,0,0,0,0,0,0
29.801061,0,0,0,0,0,0,0,1,0,0,0,0,0,0,0,0,0,1
29.801268,0,0,0,0,0,1,0,0,0,1,0,1,0,1,0,1,0,0
29.818368,1,0,0,0,0,0,0,0,1,0,0,0,1,0,0,0,0,0
29.825788,0,0,0,0,0,0,1,0,0,1,0,1,0,1,0,0,1,0
29.833464,0,0,0,0,1,0,0,0,0,0,0,0,0,0,0,0,0,0
29.846163,0,0,0,0,0,0,0,1,0,0,0,0,0,0,0,0,0,1
29.850244,0,0,0,0,0,1,0,0,0,0,0,0,0,1,1,0,0,0
29.853253,0,1,1,0,0,0,0,0,0,1,1,0,1,0,0,1,0,0
29.871136,1,0,0,0,0,0,0,0,1,0,0,0,1,0,0,0,0,0
29.881154,0,0,0,0,1,0,1,0,0,1,0,1,0,1,0,0,1,0
29.899754,0,0,0,0,0,1,0,0,0,0,0,0,0,1,1,0,0,0
29.901849,0,0,0,0,0,0,0,1,0,0,0,0,0,0,0,0,0,1
29.902571,0,1,1,0,0,0,0,0,0,1,1,0,1,0,0,1,0,0
29.914751,1,0,0,1,0,0,1,0,0,1,1,0,1,1,1,0,1,0
29.938477,0,0,0,0,1,0,0,0,0,0,0,0,0,0,0,0,0,0
29.938604,0,0,1,0,0,0,0,0,1,0,0,0,1,0,0,0,0,0
29.947748,0,0,0,0,0,0,0,1,0,0,0,0,0,0,0,0,0,1
29.950010,0,0,0,0,0,1,0,0,0,1,0,1,0,1,0,1,0,0
29.963438,1,0,0,1,0,0,1,0,0,1,1,0,1,1,1,0,1,0
29.981162,0,0,0,0,1,0,0,0,0,0,0,0,0,0,0,0,0,0
29.987530,0,0,1,0,0,0,0,0,1,0,0,0,1,0,0,0,0,0
29.997418,0,0,0,0,0,0,0,1,0,0,0,0,0,0,0,0,0,1
30.000064,0,0,0,0,0,1,0,0,0,1,0,1,0,1,0,1,0,0
30.018971,1,0,0,0,0,0,0,0,1,0,0,0,1,0,0,0,0,0
30.028106,0,0,0,0,0,0,1,0,0,1,0,1,0,1,0,0,1,0
30.030344,0,0,0,0,1,0,0,0,0,0,0,0,0,0,0,0,0,0
30.048143,0,0,0,0,0,0,0,1,0,0,0,0,0,0,0,0,0,1
30.050313,0,0,1,0,0,0,0,0,1,0,0,0,1,0,0,0,0,0
30.051069,0,0,0,0,0,1,0,0,0,1,0,1,0,1,0,1,0,0
30.062721,1,0,0,1,0,0,1,0,0,1,1,0,1,1,1,0,1,0
30.082855,0,0,0,0,1,0,0,0,0,0,0,0,0,0,0,0,0,0
30.084854,0,0,1,0,0,0,0,0,1,0,0,0,1,0,0,0,0,0
30.099126,0,0,0,0,0,1,0,0,0,1,0,1,0,1,0,1,0,0
30.099136,0,0,0,0,0,0,0,1,0,0,0,0,0,0,0,0,0,1
30.115686,1,0,0,0,0,0,0,0,1,0,0,0,1,0,0,0,0,0
30.135395,0,0,0,0,1,0,1,0,0,1,0,1,0,1,0,0,1,0
30.149067,0,0,0,0,0,0,0,1,0,0,0,0,0,0,0,0,0,1
30.150258,0,0,0,0,0,1,0,0,0,0,0,0,0,1,1,0,0,0
30.160251,0,1,1,0,0,0,0,0,0,1,1,0,1,0,0,1,0,0
30.172555,1,0,0,0,0,0,0,0,1,0,0,0,1,0,0,0,0,0
30.182001,0,0,0,0,0,0,1,0,0,1,0,1,0,1,0,0,1,0
30.185119,0,0,0,0,1,0,0,0,0,0,0,0,0,0,0,0,0,0
30.200096,0,0,0,0,0,1,0,0,0,0,0,0,0,1,1,0,0,0
30.201899,0,0,0,0,0,0,0,1,0,0,0,0,0,0,0,0,0,1
30.207964,0,1,1,0,0,0,0,0,0,1,1,0,1,0,0,1,0,0
30.219228,1,0,0,0,0,0,0,0,1,0,0,0,1,0,0,0,0,0
30.238337,0,0,0,0,1,0,1,0,0,1,0,1,0,1,0,0,1,0
30.251006,0,0,0,0,0,1,0,0,0,0,0,0,0,1,1,0,0,0
30.251024,0,0,0,0,0,0,0,1,0,0,0,0,0,0,0,0,0,1
30.267559,0,1,1,0,0,0,0,0,0,1,1,0,1,0,0,1,0,0
30.284843,1,0,0,1,0,0,1,0,0,1,1,0,1,1,1,0,1,0
30.285263,0,0,0,0,1,0,0,0,0,0,0,0,0,0,0,0,0,0
30.296120,0,0,0,0,0,0,0,1,0,0,0,0,0,0,0,0,0,1
30.299816,0,0,0,0,0,1,0,0,0,0,0,0,0,1,1,0,0,0
30.306917,0,1,1,0,0,0,0,0,0,1,1,0,1,0,0,1,0,0
30.325275,1,0,0,1,0,0,1,0,0,1,1,0,1,1,1,0,1,0
30.334474,0,0,0,0,1,0,0,0,0,0,0,0,0,0,0,0,0,0
30.347162,0,0,0,0,0,0,0,1,0,0,0,0,0,0,0,0,0,1
30.347321,0,0,1,0,0,0,0,0,1,0,0,0,1,0,0,0,0,0
30.349515,0,0,0,0,0,1,0,0,0,1,0,1,0,1,0,1,0,0
30.360853,1,0,0,0,0,0,0,0,1,0,0,0,1,0,0,0,0,0
30.383786,0,0,0,0,1,0,1,0,0,1,0,1,0,1,0,0,1,0
30.400009,0,0,0,0,0,1,0,0,0,0,0,0,0,1,1,0,0,0
30.400236,0,0,0,0,0,0,0,1,0,0,0,0,0,0,0,0,0,1
30.409621,0,1,1,0,0,0,0,0,0,1,1,0,1,0,0,1,0,0
30.425195,1,0,0,0,0,0,0,0,1,0,0,0,1,0,0,0,0,0
30.435220,0,0,0,0,1,0,1,0,0,1,0,1,0,1,0,0,1,0
30.448269,0,0,0,0,0,1,0,0,0,0,0,0,0,1,1,0,0,0
30.449776,0,0,0,0,0,0,0,1,0,0,0,0,0,0,0,0,0,1
30.463514,0,1,1,0,0,0,0,0,0,1,1,0,1,0,0,1,0,0
30.478120,1,0,0,0,0,0,0,0,1,0,0,0,1,0,0,0,0,0
30.487043,0,0,0,0,1,0,1,0,0,1,0,1,0,1,0,0,1,0
30.500803,0,0,0,0,0,1,0,0,0,0,0,0,0,1,1,0,0,0
30.502619,0,0,0,0,0,0,0,1,0,0,0,0,0,0,0,0,0,1
30.513874,0,1,1,0,0,0,0,0,0,1,1,0,1,0,0,1,0,0
30.529453,1,0,0,0,0,0,0,0,1,0,0,0,1,0,0,0,0,0
30.538469,0,0,0,0,1,0,1,0,0,1,0,1,0,1,0,0,1,0
30.548916,0,0,0,0,0,0,0,1,0,0,0,0,0,0,0,0,0,1
30.549625,0,0,0,0,0,1,0,0,0,0,0,0,0,1,1,0,0,0
30.562730,0,1,1,0,0,0,0,0,0,1,1,0,1,0,0,1,0,0
30.575532,1,0,0,0,0,0,0,0,1,0,0,0,1,0,0,0,0,0
30.583974,0,0,0,0,1,0,1,0,0,1,0,1,0,1,0,0,1,0
30.596591,0,0,0,0,0,0,0,1,0,0,0,0,0,0,0,0,0,1
30.599709,0,0,0,0,0,1,0,0,0,0,0,0,0,1,1,0,0,0
30.607765,0,1,1,0,0,0,0,0,0,1,1,0,1,0,0,1,0,0
30.620409,1,0,0,1,0,0,1,0,0,1,1,0,1,1,1,0,1,0
30.630348,0,0,0,0,1,0,0,0,0,0,0,0,0,0,0,0,0,0
30.645549,0,0,1,0,0,0,0,0,1,0,0,0,1,0,0,0,0,0
30.649590,0,0,0,0,0,1,0,0,0,1,0,1,0,1,0,1,0,0
30.653835,0,0,0,0,0,0,0,1,0,0,0,0,0,0,0,0,0,1
30.665431,1,0,0,0,0,0,0,0,1,0,0,0,1,0,0,0,0,0
30.689133,0,0,0,0,1,0,1,0,0,1,0,1,0,1,0,0,1,0
30.700158,0,0,0,0,0,1,0,0,0,0,0,0,0,1,1,0,0,0
30.701468,0,0,0,0,0,0,0,1,0,0,0,0,0,0,0,0,0,1
30.710526,0,1,1,0,0,0,0,0,0,1,1,0,1,0,0,1,0,0
30.728016,1,0,0,1,0,0,1,0,0,1,1,0,1,1,1,0,1,0
30.733284,0,0,0,0,1,0,0,0,0,0,0,0,0,0,0,0,0,0
30.748845,0,0,0,0,0,1,0,0,0,0,0,0,0,1,1,0,0,0
30.750642,0,0,0,0,0,0,0,1,0,0,0,0,0,0,0,0,0,1
30.755362,0,1,1,0,0,0,0,0,0,1,1,0,1,0,0,1,0,0
30.766750,1,0,0,1,0,0,1,0,0,1,1,0,1,1,1,0,1,0
30.784724,0,0,0,0,1,0,0,0,0,0,0,0,0,0,0,0,0,0
30.789413,0,0,1,0,0,0,0,0,1,0,0,0,1,0,0,0,0,0
30.799509,0,0,0,0,0,1,0,0,0,1,0,1,0,1,0,1,0,0
30.801500,0,0,0,0,0,0,0,1,0,0,0,0,0,0,0,0,0,1
30.816715,1,0,0,1,0,0,1,0,0,1,1,0,1,1,1,0,1,0
30.834412,0,0,0,0,1,0,0,0,0,0,0,0,0,0,0,0,0,0
30.838924,0,0,1,0,0,0,0,0,1,0,0,0,1,0,0,0,0,0
30.849814,0,0,0,0,0,1,0,0,0,1,0,1,0,1,0,1,0,0
30.850675,0,0,0,0,0,0,0,1,0,0,0,0,0,0,0,0,0,1
30.863892,1,0,0,1,0,0,1,0,0,1,1,0,1,1,1,0,1,0
30.885593,0,0,0,0,1,0,0,0,0,0,0,0,0,0,0,0,0,0
30.885776,0,0,1,0,0,0,0,0,1,0,0,0,1,0,0,0,0,0
30.901058,0,0,0,0,0,1,0,0,0,1,0,1,0,1,0,1,0,0
30.903317,0,0,0,0,0,0,0,1,0,0,0,0,0,0,0,0,0,1
30.921014,1,0,0,1,0,0,1,0,0,1,1,0,1,1,1,0,1,0
30.938267,0,0,0,0,1,0,0,0,0,0,0,0,0,0,0,0,0,0
30.946442,0,0,1,0,0,0,0,0,1,0,0,0,1,0,0,0,0,0
30.950939,0,0,0,0,0,1,0,0,0,1,0,1,0,1,0,1,0,0
30.952760,0,0,0,0,0,0,0,1,0,0,0,0,0,0,0,0,0,1
30.966798,1,0,0,1,0,0,1,0,0,1,1,0,1,1,1,0,1,0
30.989251,0,0,0,0,1,0,0,0,0,0,0,0,0,0,0,0,0,0
30.993461,0,0,1,0,0,0,0,0,1,0,0,0,1,0,0,0,0,0
31.000350,0,0,0,0,0,1,0,0,0,1,0,1,0,1,0,1,0,0
31.001908,0,0,0,0,0,0,0,1,0,0,0,0,0,0,0,0,0,1
31.015555,1,0,0,1,0,0,1,0,0,1,1,0,1,1,1,0,1,0
31.040200,0,0,1,0,0,0,0,0,1,0,0,0,1,0,0,0,0,0
31.040936,0,0,0,0,1,0,0,0,0,0,0,0,0,0,0,0,0,0
31.050271,0,0,0,0,0,1,0,0,0,1,0,1,0,1,0,1,0,0
31.050935,0,0,0,0,0,0,0,1,0,0,0,0,0,0,0,0,0,1
31.061443,1,0,0,0,0,0,0,0,1,0,0,0,1,0,0,0,0,0
31.063455,0,0,0,0,0,0,1,0,0,1,0,1,0,1,0,0,1,0
31.084794,0,0,1,0,0,0,0,0,1,0,0,0,1,0,0,0,0,0
31.086924,0,0,0,0,1,0,0,0,0,0,0,0,0,0,0,0,0,0
31.099311,0,0,0,0,0,1,0,0,0,1,0,1,0,1,0,1,0,0
31.101743,0,0,0,0,0,0,0,1,0,0,0,0,0,0,0,0,0,1
31.110109,1,0,0,1,0,0,1,0,0,1,1,0,1,1,1,0,1,0
31.131971,0,0,1,0,0,0,0,0,1,0,0,0,1,0,0,0,0,0
31.132813,0,0,0,0,1,0,0,0,0,0,0,0,0,0,0,0,0,0
31.149751,0,0,0,0,0,0,0,1,0,0,0,0,0,0,0,0,0,1
31.150657,0,0,0,0,0,1,0,0,0,1,0,1,0,1,0,1,0,0
31.161882,1,0,0,1,0,0,1,0,0,1,1,0,1,1,1,0,1,0
31.186211,0,0,1,0,0,0,0,0,1,0,0,0,1,0,0,0,0,0
31.188331,0,0,0,0,1,0,0,0,0,0,0,0,0,0,0,0,0,0
31.198408,0,0,0,0,0,1,0,0,0,1,0,1,0,1,0,1,0,0
31.198510,0,0,0,0,0,0,0,1,0,0,0,0,0,0,0,0,0,1
31.217280,1,0,0,0,0,0,0,0,1,0,0,0,1,0,0,0,0,0
31.231244,0,0,0,0,1,0,1,0,0,1,0,1,0,1,0,0,1,0
31.248411,0,0,0,0,0,0,0,1,0,0,0,0,0,0,0,0,0,1
31.250246,0,0,0,0,0,1,0,0,0,0,0,0,0,1,1,0,0,0
31.254570,0,1,1,0,0,0,0,0,0,1,1,0,1,0,0,1,0,0
31.271217,1,0,0,0,0,0,0,0,1,0,0,0,1,0,0,0,0,0
31.277703,0,0,0,0,0,0,1,0,0,1,0,1,0,1,0,0,1,0
31.283452,0,0,0,0,1,0,0,0,0,0,0,0,0,0,0,0,0,0
31.300830,0,0,0,0,0,1,0,0,0,0,0,0,0,1,1,0,0,0
31.302655,0,0,0,0,0,0,0,1,0,0,0,0,0,0,0,0,0,1
31.302980,0,1,1,0,0,0,0,0,0,1,1,0,1,0,0,1,0,0
31.317250,1,0,0,0,0,0,0,0,1,0,0,0,1,0,0,0,0,0
31.337823,0,0,0,0,1,0,1,0,0,1,0,1,0,1,0,0,1,0
31.348885,0,0,0,0,0,1,0,0,0,0,0,0,0,1,1,0,0,0
31.351534,0,0,0,0,0,0,0,1,0,0,0,0,0,0,0,0,0,1
31.359962,0,1,1,0,0,0,0,0,0,1,1,0,1,0,0,1,0,0
31.372094,1,0,0,1,0,0,1,0,0,1,1,0,1,1,1,0,1,0
31.385309,0,0,0,0,1,0,0,0,0,0,0,0,0,0,0,0,0,0
31.400134,0,0,0,0,0,1,0,0,0,0,0,0,0,1,1,0,0,0
31.400137,0,1,1,0,0,0,0,0,0,1,1,0,1,0,0,1,0,0
31.401020,0,0,0,0,0,0,0,1,0,0,0,0,0,0,0,0,0,1
31.415032,1,0,0,1,0,0,1,0,0,1,1,0,1,1,1,0,1,0
31.436769,0,0,0,0,1,0,0,0,0,0,0,0,0,0,0,0,0,0
31.440061,0,0,1,0,0,0,0,0,1,0,0,0,1,0,0,0,0,0
31.449325,0,0,0,0,0,0,0,1,0,0,0,0,0,0,0,0,0,1
31.450424,0,0,0,0,0,1,0,0,0,1,0,1,0,1,0,1,0,0
31.462272,1,0,0,1,0,0,1,0,0,1,1,0,1,1,1,0,1,0
31.486257,0,0,0,0,1,0,0,0,0,0,0,0,0,0,0,0,0,0
31.489112,0,0,1,0,0,0,0,0,1,0,0,0,1,0,0,0,0,0
31.500572,0,0,0,0,0,1,0,0,0,1,0,1,0,1,0,1,0,0
31.502183,0,0,0,0,0,0,0,1,0,0,0,0,0,0,0,0,0,1
31.513073,1,0,0,0,0,0,0,0,1,0,0,0,1,0,0,0,0,0
31.535762,0,0,0,0,1,0,1,0,0,1,0,1,0,1,0,0,1,0
31.549367,0,0,0,0,0,1,0,0,0,0,0,0,0,1,1,0,0,0
31.549872,0,0,0,0,0,0,0,1,0,0,0,0,0,0,0,0,0,1
31.558092,0,1,1,0,0,0,0,0,0,1,1,0,1,0,0,1,0,0
31.577467,1,0,0,1,0,0,1,0,0,1,1,0,1,1,1,0,1,0
31.581912,0,0,0,0,1,0,0,0,0,0,0,0,0,0,0,0,0,0
31.597314,0,0,0,0,0,0,0,1,0,0,0,0,0,0,0,0,0,1
31.599873,0,0,0,0,0,1,0,0,0,0,0,0,0,1,1,0,0,0
31.603975,0,1,1,0,0,0,0,0,0,1,1,0,1,0,0,1,0,0
31.620280,1,0,0,1,0,0,1,0,0,1,1,0,1,1,1,0,1,0
31.632056,0,0,0,0,1,0,0,0,0,0,0,0,0,0,0,0,0,0
31.645761,0,0,1,0,0,0,0,0,1,0,0,0,1,0,0,0,0,0
31.647747,0,0,0,0,0,0,0,1,0,0,0,0,0,0,0,0,0,1
31.649348,0,0,0,0,0,1,0,0,0,1,0,1,0,1,0,1,0,0
31.665645,1,0,0,0,0,0,0,0,1,0,0,0,1,0,0,0,0,0
31.679595,0,0,0,0,1,0,0,0,0,0,0,0,0,0,0,0,0,0
31.698855,0,0,0,0,0,1,1,0,0,1,0,1,0,1,0,0,1,0
31.702233,0,0,0,0,0,0,0,1,0,0,0,0,0,0,0,0,0,1
31.720301,0,1,1,0,0,0,0,0,0,1,1,0,1,0,0,1,0,0
31.734013,1,0,0,1,0,0,1,0,0,1,1,0,1,1,1,0,1,0
31.739799,0,0,0,0,1,0,0,0,0,0,0,0,0,0,0,0,0,0
31.747039,0,0,0,0,0,0,0,1,0,0,0,0,0,0,0,0,0,1
31.750593,0,0,0,0,0,1,0,0,0,0,0,0,0,1,1,0,0,0
31.761598,0,1,1,0,0,0,0,0,0,1,1,0,1,0,0,1,0,0
31.778869,0,0,0,0,1,0,0,0,0,0,0,0,0,0,0,0,0,0
31.778941,1,0,0,1,0,0,1,0,0,1,1,0,1,1,1,0,1,0
31.801029,0,0,0,0,0,1,0,0,0,0,0,0,0,1,1,0,0,0
31.802107,0,0,0,0,0,0,0,1,0,0,0,0,0,0,0,0,0,1
31.806565,0,1,1,0,0,0,0,0,0,1,1,0,1,0,0,1,0,0
31.821039,1,0,0,0,0,0,0,0,1,0,0,0,1,0,0,0,0,0
31.836376,0,0,0,0,1,0,1,0,0,1,0,1,0,1,0,0,1,0
31.848117,0,0,0,0,0,0,0,1,0,0,0,0,0,0,0,0,0,1
31.849214,0,0,0,0,0,1,0,0,0,0,0,0,0,1,1,0,0,0
31.856415,0,1,1,0,0,0,0,0,0,1,1,0,1,0,0,1,0,0
31.871662,1,0,0,1,0,0,1,0,0,1,1,0,1,1,1,0,1,0
31.885968,0,0,0,0,1,0,0,0,0,0,0,0,0,0,0,0,0,0
31.899052,0,0,0,0,0,1,0,0,0,0,0,0,0,1,1,0,0,0
31.899987,0,1,1,0,0,0,0,0,0,1,1,0,1,0,0,1,0,0
31.903797,0,0,0,0,0,0,0,1,0,0,0,0,0,0,0,0,0,1
31.914635,1,0,0,1,0,0,1,0,0,1,1,0,1,1,1,0,1,0
31.939260,0,0,0,0,1,0,0,0,0,0,0,0,0,0,0,0,0,0
31.942986,0,0,1,0,0,0,0,0,1,0,0,0,1,0,0,0,0,0
31.950322,0,0,0,0,0,1,0,0,0,1,0,1,0,1,0,1,0,0
31.951213,0,0,0,0,0,0,0,1,0,0,0,0,0,0,0,0,0,1
31.965450,1,0,0,0,0,0,0,0,1,0,0,0,1,0,0,0,0,0
31.984623,0,0,0,0,0,0,1,0,0,1,0,1,0,1,0,0,1,0
31.988970,0,0,0,0,1,0,0,0,0,0,0,0,0,0,0,0,0,0
31.998025,0,0,0,0,0,0,0,1,0,0,0,0,0,0,0,0,0,1
31.999353,0,0,0,0,0,1,0,0,0,0,0,0,0,1,1,0,0,0
32.008843,0,1,1,0,0,0,0,0,0,1,1,0,1,0,0,1,0,0
32.019709,1,0,0,1,0,0,1,0,0,1,1,0,1,1,1,0,1,0
32.035510,0,0,0,0,1,0,0,0,0,0,0,0,0,0,0,0,0,0
32.043549,0,0,1,0,0,0,0,0,1,0,0,0,1,0,0,0,0,0
32.047899,0,0,0,0,0,0,0,1,0,0,0,0,0,0,0,0,0,1
32.051366,0,0,0,0,0,1,0,0,0,1,0,1,0,1,0,1,0,0
32.066718,1,0,0,0,0,0,0,0,1,0,0,0,1,0,0,0,0,0
32.070552,0,0,0,0,0,0,1,0,0,1,0,1,0,1,0,0,1,0
32.081087,0,0,0,0,1,0,0,0,0,0,0,0,0,0,0,0,0,0
32.097755,0,0,1,0,0,0,0,0,1,0,0,0,1,0,0,0,0,0
32.099849,0,0,0,0,0,1,0,0,0,1,0,1,0,1,0,1,0,0
32.102338,0,0,0,0,0,0,0,1,0,0,0,0,0,0,0,0,0,1
32.109916,1,0,0,1,0,0,1,0,0,1,1,0,1,1,1,0,1,0
32.131052,0,0,1,0,0,0,0,0,1,0,0,0,1,0,0,0,0,0
32.140037,0,0,0,0,1,0,0,0,0,0,0,0,0,0,0,0,0,0
32.150949,0,0,0,0,0,1,0,0,0,1,0,1,0,1,0,1,0,0
32.151645,0,0,0,0,0,0,0,1,0,0,0,0,0,0,0,0,0,1
32.166859,1,0,0,1,0,0,1,0,0,1,1,0,1,1,1,0,1,0
32.182945,0,0,0,0,1,0,0,0,0,0,0,0,0,0,0,0,0,0
32.190157,0,0,1,0,0,0,0,0,1,0,0,0,1,0,0,0,0,0
32.197248,0,0,0,0,0,0,0,1,0,0,0,0,0,0,0,0,0,1
32.200952,0,0,0,0,0,1,0,0,0,1,0,1,0,1,0,1,0,0
32.213643,1,0,0,1,0,0,1,0,0,1,1,0,1,1,1,0,1,0
32.232571,0,0,0,0,1,0,0,0,0,0,0,0,0,0,0,0,0,0
32.234385,0,0,1,0,0,0,0,0,1,0,0,0,1,0,0,0,0,0
32.246454,0,0,0,0,0,0,0,1,0,0,0,0,0,0,0,0,0,1
32.251194,0,0,0,0,0,1,0,0,0,1,0,1,0,1,0,1,0,0
32.267448,1,0,0,0,0,0,0,0,1,0,0,0,1,0,0,0,0,0
32.270898,0,0,0,0,0,0,1,0,0,1,0,1,0,1,0,0,1,0
32.281080,0,0,0,0,1,0,0,0,0,0,0,0,0,0,0,0,0,0
32.298083,0,0,0,0,0,0,0,1,0,0,0,0,0,0,0,0,0,1
32.300018,0,0,0,0,0,1,0,0,0,0,0,0,0,1,1,0,0,0
32.300747,0,1,1,0,0,0,0,0,0,1,1,0,1,0,0,1,0,0
32.315423,1,0,0,0,0,0,0,0,1,0,0,0,1,0,0,0,0,0
32.317616,0,0,0,0,0,0,1,0,0,1,0,1,0,1,0,0,1,0
32.329353,0,0,0,0,1,0,0,0,0,0,0,0,0,0,0,0,0,0
32.344356,0,0,1,0,0,0,0,0,1,0,0,0,1,0,0,0,0,0
32.348797,0,0,0,0,0,1,0,0,0,1,0,1,0,1,0,1,0,0
32.351602,0,0,0,0,0,0,0,1,0,0,0,0,0,0,0,0,0,1
32.363355,1,0,0,0,0,0,0,0,1,0,0,0,1,0,0,0,0,0
32.374201,0,0,0,0,0,0,1,0,0,1,0,1,0,1,0,0,1,0
32.384191,0,0,0,0,1,0,0,0,0,0,0,0,0,0,0,0,0,0
32.396365,0,0,1,0,0,0,0,0,1,0,0,0,1,0,0,0,0,0
32.399274,0,0,0,0,0,1,0,0,0,1,0,1,0,1,0,1,0,0
32.400985,0,0,0,0,0,0,0,1,0,0,0,0,0,0,0,0,0,1
32.409901,1,0,0,0,0,0,0,0,1,0,0,0,1,0,0,0,0,0
32.435249,0,0,0,0,1,0,1,0,0,1,0,1,0,1,0,0,1,0
32.448120,0,0,0,0,0,1,0,0,0,0,0,0,0,1,1,0,0,0
32.450517,0,0,0,0,0,0,0,1,0,0,0,0,0,0,0,0,0,1
32.455769,0,1,1,0,0,0,0,0,0,1,1,0,1,0,0,1,0,0
32.468330,1,0,0,1,0,0,1,0,0,1,1,0,1,1,1,0,1,0
32.484339,0,0,0,0,1,0,0,0,0,0,0,0,0,0,0,0,0,0
32.497925,0,0,1,0,0,0,0,0,1,0,0,0,1,0,0,0,0,0
32.500377,0,0,0,0,0,0,0,1,0,0,0,0,0,0,0,0,0,1
32.500608,0,0,0,0,0,1,0,0,0,1,0,1,0,1,0,1,0,0
32.512247,1,0,0,0,0,0,0,0,1,0,0,0,1,0,0,0,0,0
32.526502,0,0,0,0,0,0,1,0,0,1,0,1,0,1,0,0,1,0
32.536259,0,0,0,0,1,0,0,0,0,0,0,0,0,0,0,0,0,0
32.549550,0,0,0,0,0,1,0,0,0,0,0,0,0,1,1,0,0,0
32.549684,0,0,0,0,0,0,0,1,0,0,0,0,0,0,0,0,0,1
32.550549,0,1,1,0,0,0,0,0,0,1,1,0,1,0,0,1,0,0
32.564987,1,0,0,1,0,0,1,0,0,1,1,0,1,1,1,0,1,0
32.586123,0,0,1,0,0,0,0,0,1,0,0,0,1,0,0,0,0,0
32.588871,0,0,0,0,1,0,0,0,0,0,0,0,0,0,0,0,0,0
32.600295,0,0,0,0,0,1,0,0,0,1,0,1,0,1,0,1,0,0
32.601097,0,0,0,0,0,0,0,1,0,0,0,0,0,0,0,0,0,1
32.615109,1,0,0,0,0,0,0,0,1,0,0,0,1,0,0,0,0,0
32.630370,0,0,0,0,0,0,1,0,0,1,0,1,0,1,0,0,1,0
32.636881,0,0,0,0,1,0,0,0,0,0,0,0,0,0,0,0,0,0
32.648771,0,0,0,0,0,1,0,0,0,0,0,0,0,1,1,0,0,0
32.649905,0,0,0,0,0,0,0,1,0,0,0,0,0,0,0,0,0,1
32.655250,0,1,1,0,0,0,0,0,0,1,1,0,1,0,0,1,0,0
32.669715,1,0,0,1,0,0,1,0,0,1,1,0,1,1,1,0,1,0
32.687647,0,0,0,0,1,0,0,0,0,0,0,0,0,0,0,0,0,0
32.697941,0,0,1,0,0,0,0,0,1,0,0,0,1,0,0,0,0,0
32.698763,0,0,0,0,0,0,0,1,0,0,0,0,0,0,0,0,0,1
32.700061,0,0,0,0,0,1,0,0,0,1,0,1,0,1,0,1,0,0
32.719627,1,0,0,1,0,0,1,0,0,1,1,0,1,1,1,0,1,0
32.738203,0,0,0,0,1,0,0,0,0,0,0,0,0,0,0,0,0,0
32.742446,0,0,1,0,0,0,0,0,1,0,0,0,1,0,0,0,0,0
32.748298,0,0,0,0,0,0,0,1,0,0,0,0,0,0,0,0,0,1
32.749328,0,0,0,0,0,1,0,0,0,1,0,1,0,1,0,1,0,0
32.761707,1,0,0,0,0,0,0,0,1,0,0,0,1,0,0,0,0,0
32.773668,0,0,0,0,0,0,1,0,0,1,0,1,0,1,0,0,1,0
32.783610,0,0,0,0,1,0,0,0,0,0,0,0,0,0,0,0,0,0
32.795718,0,0,1,0,0,0,0,0,1,0,0,0,1,0,0,0,0,0
32.797661,0,0,0,0,0,0,0,1,0,0,0,0,0,0,0,0,0,1
32.798842,0,0,0,0,0,1,0,0,0,1,0,1,0,1,0,1,0,0
32.811030,1,0,0,0,0,0,0,0,1,0,0,0,1,0,0,0,0,0
32.832309,0,0,0,0,1,0,1,0,0,1,0,1,0,1,0,0,1,0
32.850791,0,0,0,0,0,1,0,0,0,0,0,0,0,1,1,0,0,0
32.852298,0,0,0,0,0,0,0,1,0,0,0,0,0,0,0,0,0,1
32.859733,0,1,1,0,0,0,0,0,0,1,1,0,1,0,0,1,0,0
32.876805,1,0,0,0,0,0,0,0,1,0,0,0,1,0,0,0,0,0
32.884173,0,0,0,0,1,0,1,0,0,1,0,1,0,1,0,0,1,0
32.899913,0,0,0,0,0,1,0,0,0,0,0,0,0,1,1,0,0,0
32.902614,0,0,0,0,0,0,0,1,0,0,0,0,0,0,0,0,0,1
32.905031,0,1,1,0,0,0,0,0,0,1,1,0,1,0,0,1,0,0
32.916892,1,0,0,0,0,0,0,0,1,0,0,0,1,0,0,0,0,0
32.938568,0,0,0,0,1,0,1,0,0,1,0,1,0,1,0,0,1,0
32.949187,0,0,0,0,0,1,0,0,0,0,0,0,0,1,1,0,0,0
32.951279,0,0,0,0,0,0,0,1,0,0,0,0,0,0,0,0,0,1
32.960434,0,1,1,0,0,0,0,0,0,1,1,0,1,0,0,1,0,0
32.973396,1,0,0,0,0,0,0,0,1,0,0,0,1,0,0,0,0,0
32.982210,0,0,0,0,1,0,1,0,0,1,0,1,0,1,0,0,1,0
33.001109,0,0,0,0,0,1,0,0,0,0,0,0,0,1,1,0,0,0
33.002803,0,0,0,0,0,0,0,1,0,0,0,0,0,0,0,0,0,1
33.008260,0,1,1,0,0,0,0,0,0,1,1,0,1,0,0,1,0,0
33.024597,1,0,0,0,0,0,0,0,1,0,0,0,1,0,0,0,0,0
33.038370,0,0,0,0,1,0,1,0,0,1,0,1,0,1,0,0,1,0
33.049046,0,0,0,0,0,0,0,1,0,0,0,0,0,0,0,0,0,1
33.050114,0,0,0,0,0,1,0,0,0,0,0,0,0,1,1,0,0,0
33.060999,0,1,1,0,0,0,0,0,0,1,1,0,1,0,0,1,0,0
33.072904,1,0,0,1,0,0,1,0,0,1,1,0,1,1,1,0,1,0
33.083756,0,0,0,0,1,0,0,0,0,0,0,0,0,0,0,0,0,0
33.098905,0,0,1,0,0,0,0,0,1,0,0,0,1,0,0,0,0,0
33.099275,0,0,0,0,0,0,0,1,0,0,0,0,0,0,0,0,0,1
33.099312,0,0,0,0,0,1,0,0,0,1,0,1,0,1,0,1,0,0
33.110358,1,0,0,1,0,0,1,0,0,1,1,0,1,1,1,0,1,0
33.133802,0,0,0,0,1,0,0,0,0,0,0,0,0,0,0,0,0,0
33.137068,0,0,1,0,0,0,0,0,1,0,0,0,1,0,0,0,0,0
33.148342,0,0,0,0,0,0,0,1,0,0,0,0,0,0,0,0,0,1
33.151288,0,0,0,0,0,1,0,0,0,1,0,1,0,1,0,1,0,0
33.164928,1,0,0,1,0,0,1,0,0,1,1,0,1,1,1,0,1,0
33.186875,0,0,1,0,0,0,0,0,1,0,0,0,1,0,0,0,0,0
33.188280,0,0,0,0,1,0,0,0,0,0,0,0,0,0,0,0,0,0
33.198679,0,0,0,0,0,0,0,1,0,0,0,0,0,0,0,0,0,1
33.199929,0,0,0,0,0,1,0,0,0,1,0,1,0,1,0,1,0,0
33.215000,1,0,0,0,0,0,0,0,1,0,0,0,1,0,0,0,0,0
33.227163,0,0,0,0,0,0,1,0,0,1,0,1,0,1,0,0,1,0
33.236704,0,0,0,0,1,0,0,0,0,0,0,0,0,0,0,0,0,0
33.250956,0,0,0,0,0,1,0,0,0,0,0,0,0,1,1,0,0,0
33.252235,0,0,0,0,0,0,0,1,0,0,0,0,0,0,0,0,0,1
33.253925,0,1,1,0,0,0,0,0,0,1,1,0,1,0,0,1,0,0
33.264831,1,0,0,0,0,0,0,0,1,0,0,0,1,0,0,0,0,0
33.284469,0,0,0,0,1,0,0,0,0,0,0,0,0,0,0,0,0,0
33.301246,0,0,0,0,0,0,1,1,0,1,0,1,0,1,0,0,1,1
33.301522,0,0,0,0,0,1,0,0,0,0,0,0,0,1,1,0,0,0
33.328297,0,1,1,0,0,0,0,0,0,1,1,0,1,0,0,1,0,0
33.339821,0,0,0,0,1,0,0,0,0,0,0,0,0,0,0,0,0,0
33.341545,1,0,0,0,0,0,0,0,1,0,0,0,1,0,0,0,0,0
33.344707,0,0,0,0,0,0,1,0,0,1,0,1,0,1,0,0,1,0
33.347607,0,0,0,0,0,0,0,1,0,0,0,0,0,0,0,0,0,1
33.348837,0,0,0,0,0,1,0,0,0,0,0,0,0,1,1,0,0,0
33.367538,0,1,1,0,0,0,0,0,0,1,1,0,1,0,0,1,0,0
33.381680,1,0,0,1,0,0,1,0,0,1,1,0,1,1,1,0,1,0
33.382797,0,0,0,0,1,0,0,0,0,0,0,0,0,0,0,0,0,0
33.398263,0,0,0,0,0,0,0,1,0,0,0,0,0,0,0,0,0,1
33.401121,0,0,0,0,0,1,0,0,0,0,0,0,0,1,1,0,0,0
33.404104,0,1,1,0,0,0,0,0,0,1,1,0,1,0,0,1,0,0
33.419452,1,0,0,1,0,0,1,0,0,1,1,0,1,1,1,0,1,0
33.436867,0,0,0,0,1,0,0,0,0,0,0,0,0,0,0,0,0,0
33.441123,0,0,1,0,0,0,0,0,1,0,0,0,1,0,0,0,0,0
33.450504,0,0,0,0,0,1,0,0,0,1,0,1,0,1,0,1,0,0
33.450863,0,0,0,0,0,0,0,1,0,0,0,0,0,0,0,0,0,1
33.467210,1,0,0,1,0,0,1,0,0,1,1,0,1,1,1,0,1,0
33.487552,0,0,0,0,1,0,0,0,0,0,0,0,0,0,0,0,0,0
33.497157,0,0,1,0,0,0,0,0,1,0,0,0,1,0,0,0,0,0
33.498895,0,0,0,0,0,1,0,0,0,1,0,1,0,1,0,1,0,0
33.502466,0,0,0,0,0,0,0,1,0,0,0,0,0,0,0,0,0,1
33.515054,1,0,0,1,0,0,1,0,0,1,1,0,1,1,1,0,1,0
33.539288,0,0,1,0,0,0,0,0,1,0,0,0,1,0,0,0,0,0
33.542029,0,0,0,0,1,0,0,0,0,0,0,0,0,0,0,0,0,0
33.548156,0,0,0,0,0,0,0,1,0,0,0,0,0,0,0,0,0,1
33.551810,0,0,0,0,0,1,0,0,0,1,0,1,0,1,0,1,0,0
33.569391,1,0,0,1,0,0,1,0,0,1,1,0,1,1,1,0,1,0
33.579776,0,0,0,0,1,0,0,0,0,0,0,0,0,0,0,0,0,0
33.595287,0,0,1,0,0,0,0,0,1,0,0,0,1,0,0,0,0,0
33.598802,0,0,0,0,0,0,0,1,0,0,0,0,0,0,0,0,0,1
33.600780,0,0,0,0,0,1,0,0,0,1,0,1,0,1,0,1,0,0
33.614198,1,0,0,0,0,0,0,0,1,0,0,0,1,0,0,0,0,0
33.632366,0,0,0,0,1,0,0,0,0,0,0,0,0,0,0,0,0,0
33.651019,0,0,0,0,0,1,1,0,0,1,0,1,0,1,0,0,1,0
33.651451,0,0,0,0,0,0,0,1,0,0,0,0,0,0,0,0,0,1
33.676098,0,1,1,0,0,0,0,0,0,1,1,0,1,0,0,1,0,0
33.682999,0,0,0,0,1,0,0,0,0,0,0,0,0,0,0,0,0,0
33.688156,1,0,0,0,0,0,0,0,1,0,0,0,1,0,0,0,0,0
33.700044,0,0,0,0,0,0,0,1,0,0,0,0,0,0,0,0,0,1
33.701535,0,0,0,0,0,1,0,0,0,1,0,1,0,1,0,1,0,0
33.717303,1,0,0,0,0,0,0,0,1,0,0,0,1,0,0,0,0,0
33.719534,0,0,0,0,0,0,1,0,0,1,0,1,0,1,0,0,1,0
33.732549,0,0,0,0,1,0,1,0,0,0,0,0,0,1,1,0,0,0
33.739560,0,0,1,1,0,0,0,0,0,1,1,0,1,0,0,0,1,0
33.747299,0,0,0,0,0,0,0,1,0,0,0,0,0,0,0,0,0,1
33.750091,0,0,0,0,0,1,0,0,0,0,0,0,0,1,1,0,0,0
33.760183,0,1,1,0,0,0,0,0,0,1,1,0,1,0,0,1,0,0
33.773838,1,0,0,0,0,0,0,0,1,0,0,0,1,0,0,0,0,0
33.784649,0,0,0,0,1,0,0,0,0,0,0,0,0,0,0,0,0,0
33.799009,0,0,0,0,0,1,1,0,0,1,0,1,0,1,0,0,1,0
33.802321,0,0,0,0,0,0,0,1,0,0,0,0,0,0,0,0,0,1
33.822078,0,1,1,0,0,0,0,0,0,1,1,0,1,0,0,1,0,0
33.837135,1,0,0,0,0,0,0,0,1,0,0,0,1,0,0,0,0,0
33.840131,0,0,0,0,1,0,0,0,0,0,0,0,0,0,0,0,0,0
33.851092,0,0,0,0,0,1,1,0,0,1,0,1,0,1,0,0,1,0
33.853178,0,0,0,0,0,0,0,1,0,0,0,0,0,0,0,0,0,1
33.873133,0,1,1,0,0,0,0,0,0,1,1,0,1,0,0,1,0,0
33.884624,1,0,0,1,0,0,1,0,0,1,1,0,1,1,1,0,1,0
33.889006,0,0,0,0,1,0,0,0,0,0,0,0,0,0,0,0,0,0
33.896565,0,0,0,0,0,0,0,1,0,0,0,0,0,0,0,0,0,1
33.899680,0,0,0,0,0,1,0,0,0,0,0,0,0,1,1,0,0,0
33.906802,0,1,1,0,0,0,0,0,0,1,1,0,1,0,0,1,0,0
33.924566,1,0,0,1,0,0,1,0,0,1,1,0,1,1,1,0,1,0
33.932539,0,0,0,0,1,0,0,0,0,0,0,0,0,0,0,0,0,0
33.947120,0,0,1,0,0,0,0,0,1,0,0,0,1,0,0,0,0,0
33.947661,0,0,0,0,0,0,0,1,0,0,0,0,0,0,0,0,0,1
33.949882,0,0,0,0,0,1,0,0,0,1,0,1,0,1,0,1,0,0
33.966859,1,0,0,1,0,0,1,0,0,1,1,0,1,1,1,0,1,0
33.985464,0,0,0,0,1,0,0,0,0,0,0,0,0,0,0,0,0,0
33.989130,0,0,1,0,0,0,0,0,1,0,0,0,1,0,0,0,0,0
33.998383,0,0,0,0,0,0,0,1,0,0,0,0,0,0,0,0,0,1
34.001272,0,0,0,0,0,1,0,0,0,1,0,1,0,1,0,1,0,0
34.012317,1,0,0,1,0,0,1,0,0,1,1,0,1,1,1,0,1,0
34.030164,0,0,0,0,1,0,0,0,0,0,0,0,0,0,0,0,0,0
34.036093,0,0,1,0,0,0,0,0,1,0,0,0,1,0,0,0,0,0
34.050169,0,0,0,0,0,1,0,0,0,1,0,1,0,1,0,1,0,0
34.051126,0,0,0,0,0,0,0,1,0,0,0,0,0,0,0,0,0,1
34.060538,1,0,0,0,0,0,0,0,1,0,0,0,1,0,0,0,0,0
34.071525,0,0,0,0,0,0,1,0,0,1,0,1,0,1,0,0,1,0
34.090578,0,0,0,0,1,0,0,0,0,0,0,0,0,0,0,0,0,0
34.095179,0,0,1,0,0,0,0,0,1,0,0,0,1,0,0,0,0,0
34.099752,0,0,0,0,0,0,0,1,0,0,0,0,0,0,0,0,0,1
34.100396,0,0,0,0,0,1,0,0,0,1,0,1,0,1,0,1,0,0
34.113688,1,0,0,0,0,0,0,0,1,0,0,0,1,0,0,0,0,0
34.138126,0,0,0,0,1,0,1,0,0,1,0,1,0,1,0,0,1,0
34.148877,0,0,0,0,0,1,0,0,0,0,0,0,0,1,1,0,0,0
34.151586,0,0,0,0,0,0,0,1,0,0,0,0,0,0,0,0,0,1
34.163259,0,1,1,0,0,0,0,0,0,1,1,0,1,0,0,1,0,0
34.175224,1,0,0,1,0,0,1,0,0,1,1,0,1,1,1,0,1,0
34.182980,0,0,0,0,1,0,0,0,0,0,0,0,0,0,0,0,0,0
34.199860,0,0,0,0,0,1,0,0,0,0,0,0,0,1,1,0,0,0
34.202182,0,1,1,0,0,0,0,0,0,1,1,0,1,0,0,1,0,0
34.203423,0,0,0,0,0,0,0,1,0,0,0,0,0,0,0,0,0,1
34.220605,1,0,0,1,0,0,1,0,0,1,1,0,1,1,1,0,1,0
34.241999,0,0,1,0,0,0,0,0,1,0,0,0,1,0,0,0,0,0
34.242148,0,0,0,0,1,0,0,0,0,0,0,0,0,0,0,0,0,0
34.249692,0,0,0,0,0,1,0,0,0,1,0,1,0,1,0,1,0,0
34.251385,0,0,0,0,0,0,0,1,0,0,0,0,0,0,0,0,0,1
34.267752,1,0,0,1,0,0,1,0,0,1,1,0,1,1,1,0,1,0
34.287544,0,0,0,0,1,0,0,0,0,0,0,0,0,0,0,0,0,0
34.288859,0,0,1,0,0,0,0,0,1,0,0,0,1,0,0,0,0,0
34.298798,0,0,0,0,0,0,0,1,0,0,0,0,0,0,0,0,0,1
34.301217,0,0,0,0,0,1,0,0,0,1,0,1,0,1,0,1,0,0
34.317822,1,0,0,0,0,0,0,0,1,0,0,0,1,0,0,0,0,0
34.336840,0,0,0,0,1,0,1,0,0,1,0,1,0,1,0,0,1,0
34.350088,0,0,0,0,0,1,0,0,0,0,0,0,0,1,1,0,0,0
34.351447,0,0,0,0,0,0,0,1,0,0,0,0,0,0,0,0,0,1
34.359849,0,1,1,0,0,0,0,0,0,1,1,0,1,0,0,1,0,0
34.373996,1,0,0,1,0,0,1,0,0,1,1,0,1,1,1,0,1,0
34.382174,0,0,0,0,1,0,0,0,0,0,0,0,0,0,0,0,0,0
34.396101,0,0,1,0,0,0,0,0,1,0,0,0,1,0,0,0,0,0
34.400367,0,0,0,0,0,1,0,0,0,1,0,1,0,1,0,1,0,0
34.402779,0,0,0,0,0,0,0,1,0,0,0,0,0,0,0,0,0,1
34.415766,1,0,0,1,0,0,1,0,0,1,1,0,1,1,1,0,1,0
34.437641,0,0,1,0,0,0,0,0,1,0,0,0,1,0,0,0,0,0
34.441281,0,0,0,0,1,0,0,0,0,0,0,0,0,0,0,0,0,0
34.447150,0,0,0,0,0,0,0,1,0,0,0,0,0,0,0,0,0,1
34.450369,0,0,0,0,0,1,0,0,0,1,0,1,0,1,0,1,0,0
34.462759,1,0,0,0,0,0,0,0,1,0,0,0,1,0,0,0,0,0
34.483638,0,0,0,0,1,0,0,0,0,0,0,0,0,0,0,0,0,0
34.499110,0,0,0,0,0,1,1,0,0,1,0,1,0,1,0,0,1,0
34.503134,0,0,0,0,0,0,0,1,0,0,0,0,0,0,0,0,0,1
34.527273,0,1,1,0,0,0,0,0,0,1,1,0,1,0,0,1,0,0
34.540440,0,0,0,0,1,0,0,0,0,0,0,0,0,0,0,0,0,0
34.540715,1,0,0,0,0,0,0,0,1,0,0,0,1,0,0,0,0,0
34.548554,0,0,0,0,0,1,1,0,0,1,0,1,0,1,0,0,1,0
34.551208,0,0,0,0,0,0,0,1,0,0,0,0,0,0,0,0,0,1
34.569095,0,1,1,0,0,0,0,0,0,1,1,0,1,0,0,1,0,0
34.583519,1,0,0,0,0,0,0,0,1,0,0,0,1,0,0,0,0,0
34.586952,0,0,0,0,0,0,1,0,0,1,0,1,0,1,0,0,1,0
34.588885,0,0,0,0,1,0,0,0,0,0,0,0,0,0,0,0,0,0
34.600592,0,0,0,0,0,1,0,0,0,0,0,0,0,1,1,0,0,0
34.601525,0,0,0,0,0,0,0,1,0,0,0,0,0,0,0,0,0,1
34.609883,0,1,1,0,0,0,0,0,0,1,1,0,1,0,0,1,0,0
34.629456,1,0,0,1,0,0,1,0,0,1,1,0,1,1,1,0,1,0
34.639894,0,0,0,0,1,0,0,0,0,0,0,0,0,0,0,0,0,0
34.647821,0,0,0,0,0,0,0,1,0,0,0,0,0,0,0,0,0,1
34.650919,0,0,0,0,0,1,0,0,0,0,0,0,0,1,1,0,0,0
34.658915,0,1,1,0,0,0,0,0,0,1,1,0,1,0,0,1,0,0
34.673936,1,0,0,1,0,0,1,0,0,1,1,0,1,1,1,0,1,0
34.679786,0,0,0,0,1,0,0,0,0,0,0,0,0,0,0,0,0,0
34.698777,0,0,1,0,0,0,0,0,1,0,0,0,1,0,0,0,0,0
34.699972,0,0,0,0,0,1,0,0,0,1,0,1,0,1,0,1,0,0
34.703161,0,0,0,0,0,0,0,1,0,0,0,0,0,0,0,0,0,1
34.716016,1,0,0,0,0,0,0,0,1,0,0,0,1,0,0,0,0,0
34.717069,0,0,0,0,0,0,1,0,0,1,0,1,0,1,0,0,1,0
34.738879,0,0,0,0,1,0,0,0,0,0,0,0,0,0,0,0,0,0
34.745801,0,0,1,0,0,0,0,0,1,0,0,0,1,0,0,0,0,0
34.750259,0,0,0,0,0,0,0,1,0,0,0,0,0,0,0,0,0,1
34.751406,0,0,0,0,0,1,0,0,0,1,0,1,0,1,0,1,0,0
34.767415,1,0,0,0,0,0,0,0,1,0,0,0,1,0,0,0,0,0
34.784791,0,0,0,0,1,0,0,0,0,0,0,0,0,0,0,0,0,0
34.797875,0,0,0,0,0,0,0,1,0,0,0,0,0,0,0,0,0,1
34.799512,0,0,0,0,0,0,1,0,0,1,0,1,0,1,0,0,1,0
34.800944,0,0,0,0,0,1,0,0,0,0,0,0,0,1,1,0,0,0
34.821681,0,1,1,0,0,0,0,0,0,1,1,0,1,0,0,1,0,0
34.831572,0,0,0,0,1,0,0,0,0,0,0,0,0,0,0,0,0,0
34.834317,1,0,0,1,0,0,1,0,0,1,1,0,1,1,1,0,1,0
34.848807,0,0,0,0,0,1,0,0,0,0,0,0,0,1,1,0,0,0
34.848892,0,0,0,0,0,0,0,1,0,0,0,0,0,0,0,0,0,1
34.859286,0,1,1,0,0,0,0,0,0,1,1,0,1,0,0,1,0,0
34.872324,1,0,0,0,0,0,0,0,1,0,0,0,1,0,0,0,0,0
34.878457,0,0,0,0,0,0,1,0,0,1,0,1,0,1,0,0,1,0
34.884519,0,0,0,0,1,0,0,0,0,0,0,0,0,0,0,0,0,0
34.897197,0,0,0,0,0,0,0,1,0,0,0,0,0,0,0,0,0,1
34.898852,0,0,0,0,0,1,0,0,0,0,0,0,0,1,1,0,0,0
34.902428,0,1,1,0,0,0,0,0,0,1,1,0,1,0,0,1,0,0
34.920816,1,0,0,0,0,0,0,0,1,0,0,0,1,0,0,0,0,0
34.931069,0,0,0,0,1,0,1,0,0,1,0,1,0,1,0,0,1,0
34.948464,0,0,0,0,0,0,0,1,0,0,0,0,0,0,0,0,0,1
34.951150,0,0,0,0,0,1,0,0,0,0,0,0,0,1,1,0,0,0
34.953174,0,1,1,0,0,0,0,0,0,1,1,0,1,0,0,1,0,0
34.970610,1,0,0,0,0,0,0,0,1,0,0,0,1,0,0,0,0,0
34.974555,0,0,0,0,0,0,1,0,0,1,0,1,0,1,0,0,1,0
34.980982,0,0,0,0,1,0,0,0,0,0,0,0,0,0,0,0,0,0
35.000027,0,0,0,0,0,1,0,0,0,0,0,0,0,1,1,0,0,0
35.000044,0,0,0,0,0,0,0,1,0,0,0,0,0,0,0,0,0,1
35.000590,0,1,1,0,0,0,0,0,0,1,1,0,1,0,0,1,0,0
35.013988,1,0,0,0,0,0,0,0,1,0,0,0,1,0,0,0,0,0
35.032922,0,0,0,0,1,0,0,0,0,0,0,0,0,0,0,0,0,0
35.048502,0,0,0,0,0,0,1,1,0,1,0,1,0,1,0,0,1,1
35.048974,0,0,0,0,0,1,0,0,0,0,0,0,0,1,1,0,0,0
35.075400,0,1,1,0,0,0,0,0,0,1,1,0,1,0,0,1,0,0
35.087463,0,0,0,0,1,0,0,0,0,0,0,0,0,0,0,0,0,0
35.089063,1,0,0,0,0,0,0,0,1,0,0,0,1,0,0,0,0,0
35.099773,0,0,0,0,0,1,1,0,0,1,0,1,0,1,0,1,0,0
35.100732,0,0,0,0,0,0,0,1,0,0,0,0,0,0,0,0,0,1
35.115305,1,0,0,1,0,0,0,0,0,1,1,0,1,0,0,0,1,0
35.133048,0,0,0,0,1,0,1,0,0,0,0,0,0,1,1,0,0,0
35.137444,0,0,1,1,0,0,0,0,0,1,1,0,1,0,0,0,1,0
35.148788,0,0,0,0,0,0,0,1,0,0,0,0,0,0,0,0,0,1
35.148963,0,0,0,0,0,1,0,0,0,0,0,0,0,1,1,0,0,0
35.163284,0,1,1,0,0,0,0,0,0,1,1,0,1,0,0,1,0,0
35.182681,1,0,0,0,0,0,0,0,1,0,0,0,1,0,0,0,0,0
35.184706,0,0,0,0,1,0,0,0,0,0,0,0,0,0,0,0,0,0
35.194941,0,0,0,0,0,0,1,0,0,1,0,1,0,1,0,0,1,0
35.198657,0,0,0,0,0,1,0,0,0,0,0,0,0,1,1,0,0,0
35.200143,0,0,0,0,0,0,0,1,0,0,0,0,0,0,0,0,0,1
35.216894,0,1,1,0,0,0,0,0,0,1,1,0,1,0,0,1,0,0
35.232061,1,0,0,0,0,0,0,0,1,0,0,0,1,0,0,0,0,0
35.233886,0,0,0,0,0,0,1,0,0,1,0,1,0,1,0,0,1,0
35.235451,0,0,0,0,1,0,0,0,0,0,0,0,0,0,0,0,0,0
35.251794,0,0,0,0,0,1,0,0,0,0,0,0,0,1,1,0,0,0
35.253463,0,0,0,0,0,0,0,1,0,0,0,0,0,0,0,0,0,1
35.260322,0,1,1,0,0,0,0,0,0,1,1,0,1,0,0,1,0,0
35.276335,1,0,0,0,0,0,0,0,1,0,0,0,1,0,0,0,0,0
35.280631,0,0,0,0,0,0,1,0,0,1,0,1,0,1,0,0,1,0
35.289900,0,0,0,0,1,0,0,0,0,0,0,0,0,0,0,0,0,0
35.299144,0,0,0,0,0,0,0,1,0,0,0,0,0,0,0,0,0,1
35.300315,0,0,0,0,0,1,0,0,0,0,0,0,0,1,1,0,0,0
35.304067,0,1,1,0,0,0,0,0,0,1,1,0,1,0,0,1,0,0
35.323538,1,0,0,0,0,0,0,0,1,0,0,0,1,0,0,0,0,0
35.336454,0,0,0,0,1,0,1,0,0,1,0,1,0,1,0,0,1,0
35.350785,0,0,0,0,0,1,0,0,0,0,0,0,0,1,1,0,0,0
35.352886,0,0,0,0,0,0,0,1,0,0,0,0,0,0,0,0,0,1
35.363785,0,1,1,0,0,0,0,0,0,1,1,0,1,0,0,1,0,0
35.376908,1,0,0,0,0,0,0,0,1,0,0,0,1,0,0,0,0,0
35.391629,0,0,0,0,1,0,1,0,0,1,0,1,0,1,0,0,1,0
35.398822,0,0,0,0,0,0,0,1,0,0,0,0,0,0,0,0,0,1
35.399553,0,0,0,0,0,1,0,0,0,0,0,0,0,1,1,0,0,0
35.417717,0,1,1,0,0,0,0,0,0,1,1,0,1,0,0,1,0,0
35.433756,0,0,0,0,1,0,0,0,0,0,0,0,0,0,0,0,0,0
35.435792,1,0,0,0,0,0,0,0,1,0,0,0,1,0,0,0,0,0
35.450459,0,0,0,0,0,1,0,0,0,1,0,1,0,1,0,1,0,0
35.451356,0,0,0,0,0,0,0,1,0,0,0,0,0,0,0,0,0,1
35.462512,1,0,0,0,0,0,0,0,1,0,0,0,1,0,0,0,0,0
35.489256,0,0,0,0,1,0,1,0,0,1,0,1,0,1,0,0,1,0
35.500519,0,0,0,0,0,1,0,0,0,0,0,0,0,1,1,0,0,0
35.503430,0,0,0,0,0,0,0,1,0,0,0,0,0,0,0,0,0,1
35.515033,0,1,1,1,0,0,1,0,0,1,1,0,1,1,1,0,1,0
35.536785,0,0,0,0,1,0,0,0,0,0,0,0,0,0,0,0,0,0
35.537581,0,1,1,0,0,0,0,0,0,1,1,0,1,0,0,1,0,0
35.548335,0,0,0,0,0,0,0,1,0,0,0,0,0,0,0,0,0,1
35.549383,0,0,0,0,0,1,0,0,0,0,0,0,0,1,1,0,0,0
35.556838,1,1,0,1,0,0,1,0,0,1,1,0,1,1,1,1,0,0
35.570853,1,0,0,1,0,0,1,0,0,1,1,0,1,1,1,0,1,0
35.582426,0,0,0,0,1,0,0,0,0,0,0,0,0,0,0,0,0,0
35.599053,0,0,0,0,0,0,0,1,0,0,0,0,0,0,0,0,0,1
35.599821,0,0,0,0,0,1,0,0,0,0,0,0,0,1,1,0,0,0
35.600126,0,1,1,1,0,0,0,0,0,1,1,0,1,0,0,0,1,0
35.622888,0,1,1,0,0,0,0,0,0,1,1,0,1,0,0,1,0,0
35.638186,0,0,0,0,1,0,0,0,0,0,0,0,0,0,0,0,0,0
35.638232,1,0,0,0,0,0,0,0,1,0,0,0,1,0,0,0,0,0
35.650085,0,0,0,0,0,0,1,1,0,1,0,1,0,1,0,0,1,1
35.650594,0,0,0,0,0,1,0,0,0,0,0,0,0,1,1,0,0,0
35.678374,0,1,1,0,0,0,0,0,0,1,1,0,1,0,0,1,0,0
35.687045,0,0,0,0,1,0,0,0,0,0,0,0,0,0,0,0,0,0
35.695522,1,0,0,1,0,0,1,0,0,1,1,0,1,1,1,0,1,0
35.697879,0,0,0,0,0,0,0,1,0,0,0,0,0,0,0,0,0,1
35.698218,0,0,0,0,0,1,0,0,0,0,0,0,0,1,1,0,0,0
35.718793,0,1,1,0,0,0,0,0,0,1,1,0,1,0,0,1,0,0
35.735660,1,0,0,0,0,0,0,0,1,0,0,0,1,0,0,0,0,0
35.736135,0,0,0,0,0,0,1,0,0,1,0,1,0,1,0,0,1,0
35.736609,0,0,0,0,1,0,0,0,0,0,0,0,0,0,0,0,0,0
35.749952,0,0,0,0,0,1,0,0,0,0,0,0,0,1,1,0,0,0
35.753339,0,0,0,0,0,0,0,1,0,0,0,0,0,0,0,0,0,1
35.763250,0,1,1,0,0,0,0,0,0,1,1,0,1,0,0,1,0,0
35.777964,1,0,0,1,0,0,1,0,0,1,1,0,1,1,1,0,1,0
35.787086,0,0,0,0,1,0,0,0,0,0,0,0,0,0,0,0,0,0
35.799602,0,0,0,0,0,1,0,0,0,0,0,0,0,1,1,0,0,0
35.799688,0,0,0,0,0,0,0,1,0,0,0,0,0,0,0,0,0,1
35.800080,0,1,1,0,0,0,0,0,0,1,1,0,1,0,0,1,0,0
35.816300,1,0,0,1,0,0,1,0,0,1,1,0,1,1,1,0,1,0
35.831259,0,0,0,0,1,0,0,0,0,0,0,0,0,0,0,0,0,0
35.836491,0,0,1,0,0,0,0,0,1,0,0,0,1,0,0,0,0,0
35.850043,0,0,0,0,0,0,0,1,0,0,0,0,0,0,0,0,0,1
35.850598,0,0,0,0,0,1,0,0,0,1,0,1,0,1,0,1,0,0
35.863712,1,0,0,1,0,0,1,0,0,1,1,0,1,1,1,0,1,0
35.884984,0,0,1,0,0,0,0,0,1,0,0,0,1,0,0,0,0,0
35.888646,0,0,0,0,1,0,0,0,0,0,0,0,0,0,0,0,0,0
35.898725,0,0,0,0,0,0,0,1,0,0,0,0,0,0,0,0,0,1
35.898932,0,0,0,0,0,1,0,0,0,1,0,1,0,1,0,1,0,0
35.910159,1,0,0,0,0,0,0,0,1,0,0,0,1,0,0,0,0,0
35.932659,0,0,0,0,1,0,1,0,0,1,0,1,0,1,0,0,1,0
35.947541,0,0,0,0,0,0,0,1,0,0,0,0,0,0,0,0,0,1
35.950431,0,0,0,0,0,1,0,0,0,0,0,0,0,1,1,0,0,0
35.960016,0,1,1,0,0,0,0,0,0,1,1,0,1,0,0,1,0,0
35.972147,1,0,0,1,0,0,1,0,0,1,1,0,1,1,1,0,1,0
35.987350,0,0,0,0,1,0,0,0,0,0,0,0,0,0,0,0,0,0
35.997128,0,0,1,0,0,0,0,0,1,0,0,0,1,0,0,0,0,0
35.999335,0,0,0,0,0,1,0,0,0,1,0,1,0,1,0,1,0,0
36.000801,0,0,0,0,0,0,0,1,0,0,0,0,0,0,0,0,0,1
36.017266,1,0,0,0,0,0,0,0,1,0,0,0,1,0,0,0,0,0
36.019678,0,0,0,0,0,0,1,0,0,1,0,1,0,1,0,0,1,0
36.037307,0,0,0,0,1,0,0,0,0,0,0,0,0,0,0,0,0,0
36.040297,0,0,1,0,0,0,0,0,1,0,0,0,1,0,0,0,0,0
36.048771,0,0,0,0,0,1,0,0,0,1,0,1,0,1,0,1,0,0
36.052591,0,0,0,0,0,0,0,1,0,0,0,0,0,0,0,0,0,1
36.064595,1,0,0,0,0,0,0,0,1,0,0,0,1,0,0,0,0,0
36.089405,0,0,0,0,1,0,0,0,0,0,0,0,0,0,0,0,0,0
36.093148,0,0,0,0,0,0,1,0,0,1,0,1,0,1,0,0,1,0
36.096499,0,0,0,0,0,0,0,1,0,0,0,0,0,0,0,0,0,1
36.101169,0,0,0,0,0,1,0,0,0,0,0,0,0,1,1,0,0,0
36.115284,0,1,1,0,0,0,0,0,0,1,1,0,1,0,0,1,0,0
36.131517,1,0,0,1,0,0,1,0,0,1,1,0,1,1,1,0,1,0
36.132800,0,0,0,0,1,0,0,0,0,0,0,0,0,0,0,0,0,0
36.149834,0,0,0,0,0,1,0,0,0,0,0,0,0,1,1,0,0,0
36.150943,0,0,0,0,0,0,0,1,0,0,0,0,0,0,0,0,0,1
36.151806,0,1,1,0,0,0,0,0,0,1,1,0,1,0,0,1,0,0
36.166998,1,0,0,1,0,0,1,0,0,1,1,0,1,1,1,0,1,0
36.188327,0,0,0,0,1,0,0,0,0,0,0,0,0,0,0,0,0,0
36.191383,0,0,1,0,0,0,0,0,1,0,0,0,1,0,0,0,0,0
36.199892,0,0,0,0,0,1,0,0,0,1,0,1,0,1,0,1,0,0
36.201856,0,0,0,0,0,0,0,1,0,0,0,0,0,0,0,0,0,1
36.219871,1,0,0,0,0,0,0,0,1,0,0,0,1,0,0,0,0,0
36.241832,0,0,0,0,1,0,0,0,0,0,0,0,0,0,0,0,0,0
36.250552,0,0,0,0,0,0,1,1,0,1,0,1,0,1,0,0,1,1
36.251703,0,0,0,0,0,1,0,0,0,0,0,0,0,1,1,0,0,0
36.273043,0,1,1,0,0,0,0,0,0,1,1,0,1,0,0,1,0,0
36.283955,0,0,0,0,1,0,0,0,0,0,0,0,0,0,0,0,0,0
36.290800,1,0,0,1,0,0,1,0,0,1,1,0,1,1,1,0,1,0
36.299527,0,0,0,0,0,1,0,0,0,0,0,0,0,1,1,0,0,0
36.303839,0,0,0,0,0,0,0,1,0,0,0,0,0,0,0,0,0,1
36.311822,0,1,1,0,0,0,0,0,0,1,1,0,1,0,0,1,0,0
36.322653,1,0,0,1,0,0,1,0,0,1,1,0,1,1,1,0,1,0
36.335469,0,0,0,0,1,0,0,0,0,0,0,0,0,0,0,0,0,0
36.346152,0,0,0,0,0,0,0,1,0,0,0,0,0,0,0,0,0,1
36.347908,0,0,1,0,0,0,0,0,1,0,0,0,1,0,0,0,0,0
36.349405,0,0,0,0,0,1,0,0,0,1,0,1,0,1,0,1,0,0
36.360185,1,0,0,0,0,0,0,0,1,0,0,0,1,0,0,0,0,0
36.381567,0,0,0,0,1,0,1,0,0,1,0,1,0,1,0,0,1,0
36.401045,0,0,0,0,0,1,0,0,0,0,0,0,0,1,1,0,0,0
36.403835,0,0,0,0,0,0,0,1,0,0,0,0,0,0,0,0,0,1
36.406913,0,1,1,0,0,0,0,0,0,1,1,0,1,0,0,1,0,0
36.422677,1,0,0,0,0,0,0,0,1,0,0,0,1,0,0,0,0,0
36.423972,0,0,0,0,0,0,1,0,0,1,0,1,0,1,0,0,1,0
36.438425,0,0,0,0,1,0,0,0,0,0,0,0,0,0,0,0,0,0
36.446236,0,0,0,0,0,0,0,1,0,0,0,0,0,0,0,0,0,1
36.450456,0,0,0,0,0,1,0,0,0,0,0,0,0,1,1,0,0,0
36.450705,0,1,1,0,0,0,0,0,0,1,1,0,1,0,0,1,0,0
36.469762,1,0,0,1,0,0,1,0,0,1,1,0,1,1,1,0,1,0
36.484853,0,0,0,0,1,0,0,0,0,0,0,0,0,0,0,0,0,0
36.496263,0,0,1,0,0,0,0,0,1,0,0,0,1,0,0,0,0,0
36.500156,0,0,0,0,0,1,0,0,0,1,0,1,0,1,0,1,0,0
36.501270,0,0,0,0,0,0,0,1,0,0,0,0,0,0,0,0,0,1
36.517338,1,0,0,1,0,0,1,0,0,1,1,0,1,1,1,0,1,0
36.540593,0,0,0,0,1,0,0,0,0,0,0,0,0,0,0,0,0,0
36.543622,0,0,1,0,0,0,0,0,1,0,0,0,1,0,0,0,0,0
36.548969,0,0,0,0,0,0,0,1,0,0,0,0,0,0,0,0,0,1
36.550976,0,0,0,0,0,1,0,0,0,1,0,1,0,1,0,1,0,0
36.565387,1,0,0,0,0,0,0,0,1,0,0,0,1,0,0,0,0,0
36.586430,0,0,0,0,1,0,0,0,0,0,0,0,0,0,0,0,0,0
36.598915,0,0,0,0,0,1,1,0,0,1,0,1,0,1,0,1,0,0
36.599241,0,0,0,0,0,0,0,1,0,0,0,0,0,0,0,0,0,1
36.612454,1,0,0,1,0,0,0,0,0,1,1,0,1,0,0,0,1,0
36.616375,0,0,0,0,0,0,1,0,0,0,0,0,0,1,1,0,0,0
36.630273,0,0,0,0,1,0,0,0,0,0,0,0,0,0,0,0,0,0
36.634611,0,0,1,1,0,0,0,0,0,1,1,0,1,0,0,0,1,0
36.650158,0,0,0,0,0,0,0,1,0,0,0,0,0,0,0,0,0,1
36.650902,0,0,0,0,0,1,0,0,0,0,0,0,0,1,1,0,0,0
36.657579,0,1,1,0,0,0,0,0,0,1,1,0,1,0,0,1,0,0
36.667908,1,0,0,1,0,0,1,0,0,1,1,0,1,1,1,0,1,0
36.687426,0,0,0,0,1,0,0,0,0,0,0,0,0,0,0,0,0,0
36.696781,0,0,1,0,0,0,0,0,1,0,0,0,1,0,0,0,0,0
36.699477,0,0,0,0,0,1,0,0,0,1,0,1,0,1,0,1,0,0
36.701305,0,0,0,0,0,0,0,1,0,0,0,0,0,0,0,0,0,1
36.710430,1,0,0,0,0,0,0,0,1,0,0,0,1,0,0,0,0,0
36.739066,0,0,0,0,1,0,1,0,0,1,0,1,0,1,0,0,1,0
36.750922,0,0,0,0,0,1,0,0,0,0,0,0,0,1,1,0,0,0
36.753641,0,0,0,0,0,0,0,1,0,0,0,0,0,0,0,0,0,1
36.760023,0,1,1,0,0,0,0,0,0,1,1,0,1,0,0,1,0,0
36.779777,1,0,0,1,0,0,1,0,0,1,1,0,1,1,1,0,1,0
36.793146,0,0,0,0,1,0,0,0,0,0,0,0,0,0,0,0,0,0
36.799998,0,0,0,0,0,0,0,1,0,0,0,0,0,0,0,0,0,1
36.800130,0,0,0,0,0,1,0,0,0,0,0,0,0,1,1,0,0,0
36.804232,0,1,1,0,0,0,0,0,0,1,1,0,1,0,0,1,0,0
36.817947,1,0,0,0,0,0,0,0,1,0,0,0,1,0,0,0,0,0
36.834939,0,0,0,0,1,0,0,0,0,0,0,0,0,0,0,0,0,0
36.849311,0,0,0,0,0,1,1,0,0,1,0,1,0,1,0,0,1,0
36.850201,0,0,0,0,0,0,0,1,0,0,0,0,0,0,0,0,0,1
36.875274,0,1,1,0,0,0,0,0,0,1,1,0,1,0,0,1,0,0
36.886860,0,0,0,0,1,0,0,0,0,0,0,0,0,0,0,0,0,0
36.887511,1,0,0,0,0,0,0,0,1,0,0,0,1,0,0,0,0,0
36.897738,0,0,0,0,0,0,0,1,0,0,0,0,0,0,0,0,0,1
36.898702,0,0,0,0,0,1,1,0,0,1,0,1,0,1,0,0,1,0
36.919564,0,1,1,0,0,0,0,0,0,1,1,0,1,0,0,1,0,0
36.934370,0,0,0,0,1,0,0,0,0,0,0,0,0,0,0,0,0,0
36.937432,1,0,0,0,0,0,0,0,1,0,0,0,1,0,0,0,0,0
36.948962,0,0,0,0,0,1,1,0,0,1,0,1,0,1,0,0,1,0
36.952186,0,0,0,0,0,0,0,1,0,0,0,0,0,0,0,0,0,1
36.972973,0,1,1,0,0,0,0,0,0,1,1,0,1,0,0,1,0,0
36.987837,0,0,0,0,1,0,0,0,0,0,0,0,0,0,0,0,0,0
36.989321,1,0,0,0,0,0,0,0,1,0,0,0,1,0,0,0,0,0
36.994420,0,0,0,0,0,0,1,0,0,1,0,1,0,1,0,0,1,0
36.998762,0,0,0,0,0,0,0,1,0,0,0,0,0,0,0,0,0,1
36.998889,0,0,0,0,0,1,0,0,0,0,0,0,0,1,1,0,0,0
37.021033,0,1,1,0,0,0,0,0,0,1,1,0,1,0,0,1,0,0
37.032244,1,0,0,1,0,0,1,0,0,1,1,0,1,1,1,0,1,0
37.036957,0,0,0,0,1,0,0,0,0,0,0,0,0,0,0,0,0,0
37.048755,0,0,0,0,0,1,0,0,0,0,0,0,0,1,1,0,0,0
37.053292,0,0,0,0,0,0,0,1,0,0,0,0,0,0,0,0,0,1
37.058052,0,1,1,0,0,0,0,0,0,1,1,0,1,0,0,1,0,0
37.070277,1,0,0,1,0,0,1,0,0,1,1,0,1,1,1,0,1,0
37.091378,0,0,1,0,0,0,0,0,1,0,0,0,1,0,0,0,0,0
37.092779,0,0,0,0,1,0,0,0,0,0,0,0,0,0,0,0,0,0
37.101073,0,0,0,0,0,1,0,0,0,1,0,1,0,1,0,1,0,0
37.103494,0,0,0,0,0,0,0,1,0,0,0,0,0,0,0,0,0,1
37.111675,1,0,0,0,0,0,0,0,1,0,0,0,1,0,0,0,0,0
37.140255,0,0,0,0,1,0,1,0,0,1,0,1,0,1,0,0,1,0
37.149430,0,0,0,0,0,1,0,0,0,0,0,0,0,1,1,0,0,0
37.152567,0,0,0,0,0,0,0,1,0,0,0,0,0,0,0,0,0,1
37.161547,0,1,1,0,0,0,0,0,0,1,1,0,1,0,0,1,0,0
37.174322,1,0,0,0,0,0,0,0,1,0,0,0,1,0,0,0,0,0
37.192270,0,0,0,0,1,0,1,0,0,1,0,1,0,1,0,0,1,0
37.197692,0,0,0,0,0,0,0,1,0,0,0,0,0,0,0,0,0,1
37.198277,0,0,0,0,0,1,0,0,0,0,0,0,0,1,1,0,0,0
37.217864,0,1,1,0,0,0,0,0,0,1,1,0,1,0,0,1,0,0
37.229002,1,0,0,0,0,0,0,0,1,0,0,0,1,0,0,0,0,0
37.229166,0,0,0,0,1,0,0,0,0,0,0,0,0,0,0,0,0,0
37.250464,0,0,0,0,0,0,1,1,0,1,0,1,0,1,0,0,1,1
37.250545,0,0,0,0,0,1,0,0,0,0,0,0,0,1,1,0,0,0
37.276190,0,1,1,0,0,0,0,0,0,1,1,0,1,0,0,1,0,0
37.284501,0,0,0,0,1,0,0,0,0,0,0,0,0,0,0,0,0,0
37.289294,1,0,0,0,0,0,0,0,1,0,0,0,1,0,0,0,0,0
37.298059,0,0,0,0,0,0,1,1,0,1,0,1,0,1,0,0,1,1
37.300584,0,0,0,0,0,1,0,0,0,0,0,0,0,1,1,0,0,0
37.327587,0,1,1,0,0,0,0,0,0,1,1,0,1,0,0,1,0,0
37.335593,0,0,0,0,1,0,0,0,0,0,0,0,0,0,0,0,0,0
37.339476,1,0,0,0,0,0,0,0,1,0,0,0,1,0,0,0,0,0
37.350369,0,0,0,0,0,1,1,0,0,1,0,1,0,1,0,1,0,0
37.351981,0,0,0,0,0,0,0,1,0,0,0,0,0,0,0,0,0,1
37.367771,1,0,0,1,0,0,0,0,0,1,1,0,1,0,0,0,1,0
37.390716,0,0,0,0,1,0,1,0,0,0,0,0,0,1,1,0,0,0
37.395038,0,0,1,1,0,0,0,0,0,1,1,0,1,0,0,0,1,0
37.396138,0,0,0,0,0,0,0,1,0,0,0,0,0,0,0,0,0,1
37.401408,0,0,0,0,0,1,0,0,0,0,0,0,0,1,1,0,0,0
37.415733,0,1,1,0,0,0,0,0,0,1,1,0,1,0,0,1,0,0
37.427096,0,0,0,0,1,0,0,0,0,0,0,0,0,0,0,0,0,0
37.427258,1,0,0,0,0,0,0,0,1,0,0,0,1,0,0,0,0,0
37.448823,0,0,0,0,0,1,1,0,0,1,0,1,0,1,0,0,1,0
37.450833,0,0,0,0,0,0,0,1,0,0,0,0,0,0,0,0,0,1
37.471287,0,1,1,0,0,0,0,0,0,1,1,0,1,0,0,1,0,0
37.488487,0,0,0,0,1,0,0,0,0,0,0,0,0,0,0,0,0,0
37.489395,1,0,0,0,0,0,0,0,1,0,0,0,1,0,0,0,0,0
37.498625,0,0,0,0,0,0,1,1,0,1,0,1,0,1,0,0,1,1
37.499854,0,0,0,0,0,1,0,0,0,0,0,0,0,1,1,0,0,0
37.526364,0,1,1,0,0,0,0,0,0,1,1,0,1,0,0,1,0,0
37.537717,1,0,0,0,0,0,0,0,1,0,0,0,1,0,0,0,0,0
37.538343,0,0,0,0,1,0,0,0,0,0,0,0,0,0,0,0,0,0
37.547349,0,0,0,0,0,0,1,0,0,1,0,1,0,1,0,0,1,0
37.548485,0,0,0,0,0,0,0,1,0,0,0,0,0,0,0,0,0,1
37.549085,0,0,0,0,0,1,0,0,0,0,0,0,0,1,1,0,0,0
37.574276,0,1,1,0,0,0,0,0,0,1,1,0,1,0,0,1,0,0
37.584573,0,0,0,0,1,0,0,0,0,0,0,0,0,0,0,0,0,0
37.584927,1,0,0,1,0,0,1,0,0,1,1,0,1,1,1,0,1,0
37.597236,0,0,0,0,0,0,0,1,0,0,0,0,0,0,0,0,0,1
37.601810,0,0,0,0,0,1,0,0,0,0,0,0,0,1,1,0,0,0
37.610375,0,1,1,0,0,0,0,0,0,1,1,0,1,0,0,1,0,0
37.623011,1,0,0,0,0,0,0,0,1,0,0,0,1,0,0,0,0,0
37.627517,0,0,0,0,1,0,1,0,0,1,0,1,0,1,0,0,1,0
37.650131,0,0,0,0,0,1,0,0,0,0,0,0,0,1,1,0,0,0
37.650832,0,0,0,0,0,0,0,1,0,0,0,0,0,0,0,0,0,1
37.655880,0,1,1,0,0,0,0,0,0,1,1,0,1,0,0,1,0,0
37.672264,1,0,0,1,0,0,1,0,0,1,1,0,1,1,1,0,1,0
37.684384,0,0,0,0,1,0,0,0,0,0,0,0,0,0,0,0,0,0
37.696378,0,0,0,0,0,0,0,1,0,0,0,0,0,0,0,0,0,1
37.700261,0,0,0,0,0,1,0,0,0,0,0,0,0,1,1,0,0,0
37.700689,0,1,1,0,0,0,0,0,0,1,1,0,1,0,0,1,0,0
37.712650,1,0,0,0,0,0,0,0,1,0,0,0,1,0,0,0,0,0
37.730317,0,0,0,0,1,0,1,0,0,1,0,1,0,1,0,0,1,0
37.749295,0,0,0,0,0,0,0,1,0,0,0,0,0,0,0,0,0,1
37.749966,0,0,0,0,0,1,0,0,0,0,0,0,0,1,1,0,0,0
37.752163,0,1,1,0,0,0,0,0,0,1,1,0,1,0,0,1,0,0
37.766788,1,0,0,0,0,0,0,0,1,0,0,0,1,0,0,0,0,0
37.785931,0,0,0,0,1,0,1,0,0,1,0,1,0,1,0,0,1,0
37.799392,0,0,0,0,0,0,0,1,0,0,0,0,0,0,0,0,0,1
37.800954,0,0,0,0,0,1,0,0,0,0,0,0,0,1,1,0,0,0
37.806207,0,1,1,0,0,0,0,0,0,1,1,0,1,0,0,1,0,0
37.816874,1,0,0,0,0,0,0,0,1,0,0,0,1,0,0,0,0,0
37.833883,0,0,0,0,1,0,1,0,0,1,0,1,0,1,0,0,1,0
37.850677,0,0,0,0,0,0,0,1,0,0,0,0,0,0,0,0,0,1
37.850785,0,0,0,0,0,1,0,0,0,0,0,0,0,1,1,0,0,0
37.862272,0,1,1,0,0,0,0,0,0,1,1,0,1,0,0,1,0,0
37.876381,1,0,0,0,0,0,0,0,1,0,0,0,1,0,0,0,0,0
37.883232,0,0,0,0,1,0,0,0,0,0,0,0,0,0,0,0,0,0
37.896939,0,0,0,0,0,0,0,1,0,0,0,0,0,0,0,0,0,1
37.900012,0,0,0,0,0,1,1,0,0,1,0,1,0,1,0,0,1,0
37.922507,0,1,1,0,0,0,0,0,0,1,1,0,1,0,0,1,0,0
37.935270,1,0,0,1,0,0,1,0,0,1,1,0,1,1,1,0,1,0
37.936666,0,0,0,0,1,0,0,0,0,0,0,0,0,0,0,0,0,0
37.947621,0,0,0,0,0,0,0,1,0,0,0,0,0,0,0,0,0,1
37.951940,0,0,0,0,0,1,0,0,0,0,0,0,0,1,1,0,0,0
37.960347,0,1,1,0,0,0,0,0,0,1,1,0,1,0,0,1,0,0
37.974483,1,0,0,0,0,0,0,0,1,0,0,0,1,0,0,0,0,0
37.982554,0,0,0,0,1,0,1,0,0,1,0,1,0,1,0,0,1,0
37.998742,0,0,0,0,0,1,0,0,0,0,0,0,0,1,1,0,0,0
37.999865,0,0,0,0,0,0,0,1,0,0,0,0,0,0,0,0,0,1
38.002611,0,1,1,0,0,0,0,0,0,1,1,0,1,0,0,1,0,0
38.013209,1,0,0,0,0,0,0,0,1,0,0,0,1,0,0,0,0,0
38.038174,0,0,0,0,1,0,0,0,0,0,0,0,0,0,0,0,0,0
38.051198,0,0,0,0,0,1,0,0,0,1,0,1,0,1,0,1,0,0
38.051881,0,0,0,0,0,0,1,0,0,0,0,0,0,1,1,0,0,0
38.052473,0,0,0,0,0,0,0,1,0,0,0,0,0,0,0,0,0,1
38.064626,1,0,0,1,0,0,1,0,0,1,1,0,1,1,1,0,1,0
38.089550,0,0,1,1,0,0,0,0,0,1,1,0,1,0,0,0,1,0
38.090748,0,0,0,0,1,0,0,0,0,0,0,0,0,0,0,0,0,0
38.096882,0,0,0,0,0,0,0,1,0,0,0,0,0,0,0,0,0,1
38.101209,0,0,0,0,0,1,0,0,0,0,0,0,0,1,1,0,0,0
38.112492,0,1,1,0,0,0,0,0,0,1,1,0,1,0,0,1,0,0
38.130402,0,0,0,0,1,0,0,0,0,0,0,0,0,0,0,0,0,0
38.131810,1,0,0,0,0,0,0,0,1,0,0,0,1,0,0,0,0,0
38.142831,0,0,0,0,0,0,1,0,0,1,0,1,0,1,0,0,1,0
38.146369,0,0,0,0,0,0,0,1,0,0,0,0,0,0,0,0,0,1
38.150064,0,0,0,0,0,1,0,0,0,0,0,0,0,1,1,0,0,0
38.165496,0,1,1,0,0,0,0,0,0,1,1,0,1,0,0,1,0,0
38.179999,1,0,0,1,0,0,1,0,0,1,1,0,1,1,1,0,1,0
38.185677,0,0,0,0,1,0,0,0,0,0,0,0,0,0,0,0,0,0
38.198318,0,0,0,0,0,0,0,1,0,0,0,0,0,0,0,0,0,1
38.200555,0,0,0,0,0,1,0,0,0,0,0,0,0,1,1,0,0,0
38.203764,0,1,1,0,0,0,0,0,0,1,1,0,1,0,0,1,0,0
38.215887,1,0,0,1,0,0,1,0,0,1,1,0,1,1,1,0,1,0
38.233432,0,0,0,0,1,0,0,0,0,0,0,0,0,0,0,0,0,0
38.244206,0,0,1,0,0,0,0,0,1,0,0,0,1,0,0,0,0,0
38.246674,0,0,0,0,0,0,0,1,0,0,0,0,0,0,0,0,0,1
38.250663,0,0,0,0,0,1,0,0,0,1,0,1,0,1,0,1,0,0
38.268187,1,0,0,0,0,0,0,0,1,0,0,0,1,0,0,0,0,0
38.269377,0,0,0,0,0,0,1,0,0,1,0,1,0,1,0,0,1,0
38.279990,0,0,0,0,1,0,0,0,0,0,0,0,0,0,0,0,0,0
38.295016,0,0,1,0,0,0,0,0,1,0,0,0,1,0,0,0,0,0
38.300548,0,0,0,0,0,1,0,0,0,1,0,1,0,1,0,1,0,0
38.303717,0,0,0,0,0,0,0,1,0,0,0,0,0,0,0,0,0,1
38.314641,1,0,0,0,0,0,0,0,1,0,0,0,1,0,0,0,0,0
38.342691,0,0,0,0,1,0,0,0,0,0,0,0,0,0,0,0,0,0
38.346200,0,0,0,0,0,0,1,1,0,1,0,1,0,1,0,0,1,1
38.351171,0,0,0,0,0,1,0,0,0,0,0,0,0,1,1,0,0,0
38.368262,0,1,1,0,0,0,0,0,0,1,1,0,1,0,0,1,0,0
38.378435,0,0,0,0,1,0,0,0,0,0,0,0,0,0,0,0,0,0
38.383895,1,0,0,1,0,0,1,0,0,1,1,0,1,1,1,0,1,0
38.398900,0,0,0,0,0,0,0,1,0,0,0,0,0,0,0,0,0,1
38.399539,0,0,0,0,0,1,0,0,0,0,0,0,0,1,1,0,0,0
38.412659,0,1,1,0,0,0,0,0,0,1,1,0,1,0,0,1,0,0
38.425104,1,0,0,1,0,0,1,0,0,1,1,0,1,1,1,0,1,0
38.438479,0,0,0,0,1,0,0,0,0,0,0,0,0,0,0,0,0,0
38.448356,0,0,1,0,0,0,0,0,1,0,0,0,1,0,0,0,0,0
38.450418,0,0,0,0,0,1,0,0,0,1,0,1,0,1,0,1,0,0
38.452945,0,0,0,0,0,0,0,1,0,0,0,0,0,0,0,0,0,1
38.465233,1,0,0,1,0,0,1,0,0,1,1,0,1,1,1,0,1,0
38.486306,0,0,0,0,1,0,0,0,0,0,0,0,0,0,0,0,0,0
38.489241,0,0,1,0,0,0,0,0,1,0,0,0,1,0,0,0,0,0
38.499683,0,0,0,0,0,1,0,0,0,1,0,1,0,1,0,1,0,0
38.500328,0,0,0,0,0,0,0,1,0,0,0,0,0,0,0,0,0,1
38.511579,1,0,0,0,0,0,0,0,1,0,0,0,1,0,0,0,0,0
38.539942,0,0,0,0,1,0,0,0,0,0,0,0,0,0,0,0,0,0
38.549393,0,0,0,0,0,1,1,0,0,1,0,1,0,1,0,1,0,0
38.553178,0,0,0,0,0,0,0,1,0,0,0,0,0,0,0,0,0,1
38.564205,1,0,0,1,0,0,0,0,0,1,1,0,1,0,0,0,1,0
38.592972,0,0,0,0,1,0,1,0,0,0,0,0,0,1,1,0,0,0
38.593427,0,0,1,1,0,0,0,0,0,1,1,0,1,0,0,0,1,0
38.599093,0,0,0,0,0,1,0,0,0,0,0,0,0,1,1,0,0,0
38.599529,0,0,0,0,0,0,0,1,0,0,0,0,0,0,0,0,0,1
38.614229,0,1,1,0,0,0,0,0,0,1,1,0,1,0,0,1,0,0
38.628318,1,0,0,0,0,0,0,0,1,0,0,0,1,0,0,0,0,0
38.636313,0,0,0,0,1,0,1,0,0,1,0,1,0,1,0,0,1,0
38.646038,0,0,0,0,0,0,0,1,0,0,0,0,0,0,0,0,0,1
38.651023,0,0,0,0,0,1,0,0,0,0,0,0,0,1,1,0,0,0
38.662162,0,1,1,0,0,0,0,0,0,1,1,0,1,0,0,1,0,0
38.672481,1,0,0,0,0,0,0,0,1,0,0,0,1,0,0,0,0,0
38.684935,0,0,0,0,1,0,1,0,0,1,0,1,0,1,0,0,1,0
38.696666,0,0,0,0,0,0,0,1,0,0,0,0,0,0,0,0,0,1
38.699703,0,0,0,0,0,1,0,0,0,0,0,0,0,1,1,0,0,0
38.706345,0,1,1,0,0,0,0,0,0,1,1,0,1,0,0,1,0,0
38.721854,1,0,0,0,0,0,0,0,1,0,0,0,1,0,0,0,0,0
38.723696,0,0,0,0,0,0,1,0,0,1,0,1,0,1,0,0,1,0
38.732452,0,0,0,0,1,0,0,0,0,0,0,0,0,0,0,0,0,0
38.747279,0,0,1,0,0,0,0,0,1,0,0,0,1,0,0,0,0,0
38.749694,0,0,0,0,0,1,0,0,0,1,0,1,0,1,0,1,0,0
38.749822,0,0,0,0,0,0,0,1,0,0,0,0,0,0,0,0,0,1
38.762733,1,0,0,1,0,0,1,0,0,1,1,0,1,1,1,0,1,0
38.783603,0,0,1,0,0,0,0,0,1,0,0,0,1,0,0,0,0,0
38.787925,0,0,0,0,1,0,0,0,0,0,0,0,0,0,0,0,0,0
38.800648,0,0,0,0,0,1,0,0,0,1,0,1,0,1,0,1,0,0
38.803138,0,0,0,0,0,0,0,1,0,0,0,0,0,0,0,0,0,1
38.813444,1,0,0,1,0,0,1,0,0,1,1,0,1,1,1,0,1,0
38.834778,0,0,1,0,0,0,0,0,1,0,0,0,1,0,0,0,0,0
38.842786,0,0,0,0,1,0,0,0,0,0,0,0,0,0,0,0,0,0
38.849857,0,0,0,0,0,1,0,0,0,1,0,1,0,1,0,1,0,0
38.851785,0,0,0,0,0,0,0,1,0,0,0,0,0,0,0,0,0,1
38.861015,1,0,0,0,0,0,0,0,1,0,0,0,1,0,0,0,0,0
38.883122,0,0,0,0,1,0,0,0,0,0,0,0,0,0,0,0,0,0
38.893583,0,0,0,0,0,0,1,0,0,1,0,1,0,1,0,0,1,0
38.896067,0,0,0,0,0,0,0,1,0,0,0,0,0,0,0,0,0,1
38.900940,0,0,0,0,0,1,0,0,0,0,0,0,0,1,1,0,0,0
38.920099,0,1,1,0,0,0,0,0,0,1,1,0,1,0,0,1,0,0
38.931803,0,0,0,0,1,0,0,0,0,0,0,0,0,0,0,0,0,0
38.937658,1,0,0,1,0,0,1,0,0,1,1,0,1,1,1,0,1,0
38.950096,0,0,0,0,0,1,0,0,0,0,0,0,0,1,1,0,0,0
38.951055,0,0,0,0,0,0,0,1,0,0,0,0,0,0,0,0,0,1
38.964662,0,1,1,0,0,0,0,0,0,1,1,0,1,0,0,1,0,0
38.977604,1,0,0,0,0,0,0,0,1,0,0,0,1,0,0,0,0,0
38.989194,0,0,0,0,1,0,1,0,0,1,0,1,0,1,0,0,1,0
38.999802,0,0,0,0,0,1,0,0,0,0,0,0,0,1,1,0,0,0
39.000599,0,0,0,0,0,0,0,1,0,0,0,0,0,0,0,0,0,1
39.009677,0,1,1,0,0,0,0,0,0,1,1,0,1,0,0,1,0,0
39.028902,1,0,0,0,0,0,0,0,1,0,0,0,1,0,0,0,0,0
39.030765,0,0,0,0,0,0,1,0,0,1,0,1,0,1,0,0,1,0
39.035304,0,0,0,0,1,0,0,0,0,0,0,0,0,0,0,0,0,0
39.049297,0,0,0,0,0,0,0,1,0,0,0,0,0,0,0,0,0,1
39.049864,0,0,0,0,0,1,0,0,0,0,0,0,0,1,1,0,0,0
39.058897,0,1,1,0,0,0,0,0,0,1,1,0,1,0,0,1,0,0
39.069544,1,0,0,1,0,0,1,0,0,1,1,0,1,1,1,0,1,0
39.086893,0,0,0,0,1,0,0,0,0,0,0,0,0,0,0,0,0,0
39.093337,0,0,1,0,0,0,0,0,1,0,0,0,1,0,0,0,0,0
39.099967,0,0,0,0,0,1,0,0,0,1,0,1,0,1,0,1,0,0
39.101400,0,0,0,0,0,0,0,1,0,0,0,0,0,0,0,0,0,1
39.113370,1,0,0,0,0,0,0,0,1,0,0,0,1,0,0,0,0,0
39.128640,0,0,0,0,0,0,1,0,0,1,0,1,0,1,0,0,1,0
39.137323,0,0,0,0,1,0,0,0,0,0,0,0,0,0,0,0,0,0
39.151096,0,0,0,0,0,1,0,0,0,0,0,0,0,1,1,0,0,0
39.153718,0,0,0,0,0,0,0,1,0,0,0,0,0,0,0,0,0,1
39.157399,0,1,1,0,0,0,0,0,0,1,1,0,1,0,0,1,0,0
39.173412,1,0,0,0,0,0,0,0,1,0,0,0,1,0,0,0,0,0
39.179707,0,0,0,0,0,0,1,0,0,1,0,1,0,1,0,0,1,0
39.190050,0,0,0,0,1,0,0,0,0,0,0,0,0,0,0,0,0,0
39.198877,0,0,0,0,0,1,0,0,0,0,0,0,0,1,1,0,0,0
39.199220,0,0,0,0,0,0,0,1,0,0,0,0,0,0,0,0,0,1
39.206578,0,1,1,0,0,0,0,0,0,1,1,0,1,0,0,1,0,0
39.220397,1,0,0,0,0,0,0,0,1,0,0,0,1,0,0,0,0,0
39.235186,0,0,0,0,1,0,1,0,0,1,0,1,0,1,0,0,1,0
39.250260,0,0,0,0,0,1,0,0,0,0,0,0,0,1,1,0,0,0
39.251777,0,0,0,0,0,0,0,1,0,0,0,0,0,0,0,0,0,1
39.265167,0,1,1,0,0,0,0,0,0,1,1,0,1,0,0,1,0,0
39.278787,1,0,0,0,0,0,0,0,1,0,0,0,1,0,0,0,0,0
39.291422,0,0,0,0,1,0,1,0,0,1,0,1,0,1,0,0,1,0
39.299699,0,0,0,0,0,0,0,1,0,0,0,0,0,0,0,0,0,1
39.300628,0,0,0,0,0,1,0,0,0,0,0,0,0,1,1,0,0,0
39.317452,0,1,1,0,0,0,0,0,0,1,1,0,1,0,0,1,0,0
39.332945,1,0,0,1,0,0,1,0,0,1,1,0,1,1,1,0,1,0
39.334547,0,0,0,0,1,0,0,0,0,0,0,0,0,0,0,0,0,0
39.350406,0,0,0,0,0,1,0,0,0,0,0,0,0,1,1,0,0,0
39.350638,0,0,0,0,0,0,0,1,0,0,0,0,0,0,0,0,0,1
39.355767,0,1,1,0,0,0,0,0,0,1,1,0,1,0,0,1,0,0
39.369383,1,0,0,1,0,0,1,0,0,1,1,0,1,1,1,0,1,0
39.387213,0,0,0,0,1,0,0,0,0,0,0,0,0,0,0,0,0,0
39.398226,0,0,1,0,0,0,0,0,1,0,0,0,1,0,0,0,0,0
39.399759,0,0,0,0,0,0,0,1,0,0,0,0,0,0,0,0,0,1
39.401270,0,0,0,0,0,1,0,0,0,1,0,1,0,1,0,1,0,0
39.414803,1,0,0,1,0,0,1,0,0,1,1,0,1,1,1,0,1,0
39.435979,0,0,0,0,1,0,0,0,0,0,0,0,0,0,0,0,0,0
39.438087,0,0,1,0,0,0,0,0,1,0,0,0,1,0,0,0,0,0
39.449217,0,0,0,0,0,1,0,0,0,1,0,1,0,1,0,1,0,0
39.451467,0,0,0,0,0,0,0,1,0,0,0,0,0,0,0,0,0,1
39.466594,1,0,0,1,0,0,1,0,0,1,1,0,1,1,1,0,1,0
39.483784,0,0,0,0,1,0,0,0,0,0,0,0,0,0,0,0,0,0
39.490396,0,0,1,0,0,0,0,0,1,0,0,0,1,0,0,0,0,0
39.498872,0,0,0,0,0,1,0,0,0,1,0,1,0,1,0,1,0,0
39.502115,0,0,0,0,0,0,0,1,0,0,0,0,0,0,0,0,0,1
39.518171,1,0,0,1,0,0,1,0,0,1,1,0,1,1,1,0,1,0
39.537924,0,0,0,0,1,0,0,0,0,0,0,0,0,0,0,0,0,0
39.547391,0,0,1,0,0,0,0,0,1,0,0,0,1,0,0,0,0,0
39.550605,0,0,0,0,0,1,0,0,0,1,0,1,0,1,0,1,0,0
39.553367,0,0,0,0,0,0,0,1,0,0,0,0,0,0,0,0,0,1
39.565678,1,0,0,1,0,0,1,0,0,1,1,0,1,1,1,0,1,0
39.587125,0,0,1,0,0,0,0,0,1,0,0,0,1,0,0,0,0,0
39.589360,0,0,0,0,1,0,0,0,0,0,0,0,0,0,0,0,0,0
39.600470,0,0,0,0,0,1,0,0,0,1,0,1,0,1,0,1,0,0
39.602376,0,0,0,0,0,0,0,1,0,0,0,0,0,0,0,0,0,1
39.611175,1,0,0,0,0,0,0,0,1,0,0,0,1,0,0,0,0,0
39.637905,0,0,0,0,1,0,1,0,0,1,0,1,0,1,0,0,1,0
39.649951,0,0,0,0,0,1,0,0,0,0,0,0,0,1,1,0,0,0
39.651895,0,0,0,0,0,0,0,1,0,0,0,0,0,0,0,0,0,1
39.661101,0,1,1,0,0,0,0,0,0,1,1,0,1,0,0,1,0,0
39.672712,1,0,0,1,0,0,1,0,0,1,1,0,1,1,1,0,1,0
39.686099,0,0,0,0,1,0,0,0,0,0,0,0,0,0,0,0,0,0
39.697776,0,0,1,0,0,0,0,0,1,0,0,0,1,0,0,0,0,0
39.699128,0,0,0,0,0,1,0,0,0,1,0,1,0,1,0,1,0,0
39.703512,0,0,0,0,0,0,0,1,0,0,0,0,0,0,0,0,0,1
39.710435,1,0,0,0,0,0,0,0,1,0,0,0,1,0,0,0,0,0
39.738572,0,0,0,0,1,0,1,0,0,1,0,1,0,1,0,0,1,0
39.746700,0,0,0,0,0,0,0,1,0,0,0,0,0,0,0,0,0,1
39.750219,0,0,0,0,0,1,0,0,0,0,0,0,0,1,1,0,0,0
39.766540,0,1,1,0,0,0,0,0,0,1,1,0,1,0,0,1,0,0
39.779947,1,0,0,1,0,0,1,0,0,1,1,0,1,1,1,0,1,0
39.786424,0,0,0,0,1,0,0,0,0,0,0,0,0,0,0,0,0,0
39.796428,0,0,0,0,0,0,0,1,0,0,0,0,0,0,0,0,0,1
39.799652,0,0,0,0,0,1,0,0,0,0,0,0,0,1,1,0,0,0
39.800413,0,1,1,0,0,0,0,0,0,1,1,0,1,0,0,1,0,0
39.819213,1,0,0,1,0,0,1,0,0,1,1,0,1,1,1,0,1,0
39.836267,0,0,0,0,1,0,0,0,0,0,0,0,0,0,0,0,0,0
39.845234,0,0,1,0,0,0,0,0,1,0,0,0,1,0,0,0,0,0
39.850710,0,0,0,0,0,1,0,0,0,1,0,1,0,1,0,1,0,0
39.851511,0,0,0,0,0,0,0,1,0,0,0,0,0,0,0,0,0,1
39.860889,1,0,0,1,0,0,1,0,0,1,1,0,1,1,1,0,1,0
39.885318,0,0,1,0,0,0,0,0,1,0,0,0,1,0,0,0,0,0
39.890741,0,0,0,0,1,0,0,0,0,0,0,0,0,0,0,0,0,0
39.898225,0,0,0,0,0,1,0,0,0,1,0,1,0,1,0,1,0,0
39.899102,0,0,0,0,0,0,0,1,0,0,0,0,0,0,0,0,0,1
39.910361,1,0,0,1,0,0,1,0,0,1,1,0,1,1,1,0,1,0
39.934356,0,0,0,0,1,0,0,0,0,0,0,0,0,0,0,0,0,0
39.934966,0,0,1,0,0,0,0,0,1,0,0,0,1,0,0,0,0,0
39.950180,0,0,0,0,0,1,0,0,0,1,0,1,0,1,0,1,0,0
39.950584,0,0,0,0,0,0,0,1,0,0,0,0,0,0,0,0,0,1
39.963115,1,0,0,1,0,0,1,0,0,1,1,0,1,1,1,0,1,0
39.989191,0,0,1,0,0,0,0,0,1,0,0,0,1,0,0,0,0,0
39.989256,0,0,0,0,1,0,0,0,0,0,0,0,0,0,0,0,0,0
39.997169,0,0,0,0,0,0,0,1,0,0,0,0,0,0,0,0,0,1
39.998968,0,0,0,0,0,1,0,0,0,1,0,1,0,1,0,1,0,0
40.014150,1,0,0,0,0,0,0,0,1,0,0,0,1,0,0,0,0,0
40.034227,0,0,0,0,1,0,1,0,0,1,0,1,0,1,0,0,1,0
40.046566,0,0,0,0,0,0,0,1,0,0,0,0,0,0,0,0,0,1
40.050642,0,0,0,0,0,1,0,0,0,0,0,0,0,1,1,0,0,0
40.062728,0,1,1,0,0,0,0,0,0,1,1,0,1,0,0,1,0,0
40.079826,1,0,0,1,0,0,1,0,0,1,1,0,1,1,1,0,1,0
40.086386,0,0,0,0,1,0,0,0,0,0,0,0,0,0,0,0,0,0
40.100256,0,0,0,0,0,0,0,1,0,0,0,0,0,0,0,0,0,1
40.101476,0,0,0,0,0,1,0,0,0,0,0,0,0,1,1,0,0,0
40.107936,0,1,1,0,0,0,0,0,0,1,1,0,1,0,0,1,0,0
40.118739,1,0,0,1,0,0,1,0,0,1,1,0,1,1,1,0,1,0
40.135741,0,0,0,0,1,0,0,0,0,0,0,0,0,0,0,0,0,0
40.138799,0,0,1,0,0,0,0,0,1,0,0,0,1,0,0,0,0,0
40.149546,0,0,0,0,0,1,0,0,0,1,0,1,0,1,0,1,0,0
40.150653,0,0,0,0,0,0,0,1,0,0,0,0,0,0,0,0,0,1
40.164565,1,0,0,0,0,0,0,0,1,0,0,0,1,0,0,0,0,0
40.184968,0,0,0,0,1,0,1,0,0,1,0,1,0,1,0,0,1,0
40.199142,0,0,0,0,0,0,0,1,0,0,0,0,0,0,0,0,0,1
40.199666,0,0,0,0,0,1,0,0,0,0,0,0,0,1,1,0,0,0
40.209536,0,1,1,0,0,0,0,0,0,1,1,0,1,0,0,1,0,0
40.221892,1,0,0,0,0,0,0,0,1,0,0,0,1,0,0,0,0,0
40.226000,0,0,0,0,0,0,1,0,0,1,0,1,0,1,0,0,1,0
40.234895,0,0,0,0,1,0,0,0,0,0,0,0,0,0,0,0,0,0
40.249385,0,0,0,0,0,0,0,1,0,0,0,0,0,0,0,0,0,1
40.250244,0,0,0,0,0,1,0,0,0,0,0,0,0,1,1,0,0,0
40.254911,0,1,1,0,0,0,0,0,0,1,1,0,1,0,0,1,0,0
40.272432,1,0,0,1,0,0,1,0,0,1,1,0,1,1,1,0,1,0
40.285332,0,0,0,0,1,0,0,0,0,0,0,0,0,0,0,0,0,0
40.295324,0,0,1,0,0,0,0,0,1,0,0,0,1,0,0,0,0,0
40.300169,0,0,0,0,0,0,0,1,0,0,0,0,0,0,0,0,0,1
40.301286,0,0,0,0,0,1,0,0,0,1,0,1,0,1,0,1,0,0
40.317092,1,0,0,0,0,0,0,0,1,0,0,0,1,0,0,0,0,0
40.337639,0,0,0,0,1,0,1,0,0,1,0,1,0,1,0,0,1,0
40.347651,0,0,0,0,0,0,0,1,0,0,0,0,0,0,0,0,0,1
40.349306,0,0,0,0,0,1,0,0,0,0,0,0,0,1,1,0,0,0
40.365479,0,1,1,0,0,0,0,0,0,1,1,0,1,0,0,1,0,0
40.384144,1,0,0,1,0,0,1,0,0,1,1,0,1,1,1,0,1,0
40.387177,0,0,0,0,1,0,0,0,0,0,0,0,0,0,0,0,0,0
40.398050,0,0,0,0,0,0,0,1,0,0,0,0,0,0,0,0,0,1
40.399002,0,0,0,0,0,1,0,0,0,0,0,0,0,1,1,0,0,0
40.405977,0,1,1,0,0,0,0,0,0,1,1,0,1,0,0,1,0,0
40.424595,1,0,0,0,0,0,0,0,1,0,0,0,1,0,0,0,0,0
40.436549,0,0,0,0,1,0,1,0,0,1,0,1,0,1,0,0,1,0
40.450771,0,0,0,0,0,0,0,1,0,0,0,0,0,0,0,0,0,1
40.450834,0,0,0,0,0,1,0,0,0,0,0,0,0,1,1,0,0,0
40.461113,0,1,1,0,0,0,0,0,0,1,1,0,1,0,0,1,0,0
40.479414,1,0,0,1,0,0,1,0,0,1,1,0,1,1,1,0,1,0
40.488264,0,0,0,0,1,0,0,0,0,0,0,0,0,0,0,0,0,0
40.500108,0,0,1,0,0,0,0,0,1,0,0,0,1,0,0,0,0,0
40.500558,0,0,0,0,0,0,0,1,0,0,0,0,0,0,0,0,0,1
40.500940,0,0,0,0,0,1,0,0,0,1,0,1,0,1,0,1,0,0
40.517577,1,0,0,1,0,0,1,0,0,1,1,0,1,1,1,0,1,0
40.539433,0,0,0,0,1,0,0,0,0,0,0,0,0,0,0,0,0,0
40.542007,0,0,1,0,0,0,0,0,1,0,0,0,1,0,0,0,0,0
40.547450,0,0,0,0,0,0,0,1,0,0,0,0,0,0,0,0,0,1
40.550048,0,0,0,0,0,1,0,0,0,1,0,1,0,1,0,1,0,0
40.568813,1,0,0,1,0,0,1,0,0,1,1,0,1,1,1,0,1,0
40.581462,0,0,0,0,1,0,0,0,0,0,0,0,0,0,0,0,0,0
40.592531,0,0,1,0,0,0,0,0,1,0,0,0,1,0,0,0,0,0
40.597648,0,0,0,0,0,0,0,1,0,0,0,0,0,0,0,0,0,1
40.598879,0,0,0,0,0,1,0,0,0,1,0,1,0,1,0,1,0,0
40.609924,1,0,0,1,0,0,1,0,0,1,1,0,1,1,1,0,1,0
40.632867,0,0,0,0,1,0,0,0,0,0,0,0,0,0,0,0,0,0
40.633734,0,0,1,0,0,0,0,0,1,0,0,0,1,0,0,0,0,0
40.650762,0,0,0,0,0,1,0,0,0,1,0,1,0,1,0,1,0,0
40.653055,0,0,0,0,0,0,0,1,0,0,0,0,0,0,0,0,0,1
40.667369,1,0,0,0,0,0,0,0,1,0,0,0,1,0,0,0,0,0
40.672098,0,0,0,0,0,0,1,0,0,1,0,1,0,1,0,0,1,0
40.687937,0,0,0,0,1,0,0,0,0,0,0,0,0,0,0,0,0,0
40.695345,0,0,1,0,0,0,0,0,1,0,0,0,1,0,0,0,0,0
40.699659,0,0,0,0,0,1,0,0,0,1,0,1,0,1,0,1,0,0
40.700232,0,0,0,0,0,0,0,1,0,0,0,0,0,0,0,0,0,1
40.716732,1,0,0,1,0,0,1,0,0,1,1,0,1,1,1,0,1,0
40.737290,0,0,0,0,1,0,0,0,0,0,0,0,0,0,0,0,0,0
40.740220,0,0,1,0,0,0,0,0,1,0,0,0,1,0,0,0,0,0
40.746461,0,0,0,0,0,0,0,1,0,0,0,0,0,0,0,0,0,1
40.750660,0,0,0,0,0,1,0,0,0,1,0,1,0,1,0,1,0,0
40.770623,1,0,0,0,0,0,0,0,1,0,0,0,1,0,0,0,0,0
40.776600,0,0,0,0,1,0,0,0,0,0,0,0,0,0,0,0,0,0
40.784362,0,0,0,0,0,0,1,0,0,1,0,1,0,1,0,0,1,0
40.796845,0,0,0,0,0,0,0,1,0,0,0,0,0,0,0,0,0,1
40.799655,0,0,0,0,0,1,0,0,0,0,0,0,0,1,1,0,0,0
40.812127,0,1,1,0,0,0,0,0,0,1,1,0,1,0,0,1,0,0
40.831808,1,0,0,0,0,0,0,0,1,0,0,0,1,0,0,0,0,0
40.833943,0,0,0,0,1,0,0,0,0,0,0,0,0,0,0,0,0,0
40.848722,0,0,0,0,0,0,1,1,0,1,0,1,0,1,0,0,1,1
40.849379,0,0,0,0,0,1,0,0,0,0,0,0,0,1,1,0,0,0
40.876202,0,1,1,0,0,0,0,0,0,1,1,0,1,0,0,1,0,0
40.885682,0,0,0,0,1,0,0,0,0,0,0,0,0,0,0,0,0,0
40.889601,1,0,0,0,0,0,0,0,1,0,0,0,1,0,0,0,0,0
40.894852,0,0,0,0,0,0,1,0,0,1,0,1,0,1,0,0,1,0
40.897820,0,0,0,0,0,0,0,1,0,0,0,0,0,0,0,0,0,1
40.900256,0,0,0,0,0,1,0,0,0,0,0,0,0,1,1,0,0,0
40.917758,0,1,1,0,0,0,0,0,0,1,1,0,1,0,0,1,0,0
40.937001,1,0,0,0,0,0,0,0,1,0,0,0,1,0,0,0,0,0
40.937214,0,0,0,0,1,0,1,0,0,1,0,1,0,1,0,0,1,0
40.949648,0,0,0,0,0,0,0,1,0,0,0,0,0,0,0,0,0,1
40.950995,0,0,0,0,0,1,0,0,0,0,0,0,0,1,1,0,0,0
40.962282,0,1,1,0,0,0,0,0,0,1,1,0,1,0,0,1,0,0
40.974004,1,0,0,0,0,0,0,0,1,0,0,0,1,0,0,0,0,0
40.983981,0,0,0,0,1,0,1,0,0,1,0,1,0,1,0,0,1,0
41.001907,0,0,0,0,0,1,0,0,0,0,0,0,0,1,1,0,0,0
41.002159,0,0,0,0,0,0,0,1,0,0,0,0,0,0,0,0,0,1
41.004258,0,1,1,0,0,0,0,0,0,1,1,0,1,0,0,1,0,0
41.019438,1,0,0,0,0,0,0,0,1,0,0,0,1,0,0,0,0,0
41.023810,0,0,0,0,0,0,1,0,0,1,0,1,0,1,0,0,1,0
41.040091,0,0,0,0,1,0,0,0,0,0,0,0,0,0,0,0,0,0
41.048339,0,0,0,0,0,0,0,1,0,0,0,0,0,0,0,0,0,1
41.049818,0,0,0,0,0,1,0,0,0,0,0,0,0,1,1,0,0,0
41.051362,0,1,1,0,0,0,0,0,0,1,1,0,1,0,0,1,0,0
41.070877,1,0,0,1,0,0,1,0,0,1,1,0,1,1,1,0,1,0
41.086909,0,0,0,0,1,0,0,0,0,0,0,0,0,0,0,0,0,0
41.096467,0,0,1,0,0,0,0,0,1,0,0,0,1,0,0,0,0,0
41.098953,0,0,0,0,0,1,0,0,0,1,0,1,0,1,0,1,0,0
41.100229,0,0,0,0,0,0,0,1,0,0,0,0,0,0,0,0,0,1
41.110707,1,0,0,0,0,0,0,0,1,0,0,0,1,0,0,0,0,0
41.113372,0,0,0,0,0,0,1,0,0,1,0,1,0,1,0,0,1,0
41.131483,0,0,0,0,1,0,0,0,0,0,0,0,0,0,0,0,0,0
41.140861,0,0,1,0,0,0,0,0,1,0,0,0,1,0,0,0,0,0
41.149658,0,0,0,0,0,1,0,0,0,1,0,1,0,1,0,1,0,0
41.152530,0,0,0,0,0,0,0,1,0,0,0,0,0,0,0,0,0,1
41.165966,1,0,0,1,0,0,1,0,0,1,1,0,1,1,1,0,1,0
41.188582,0,0,1,0,0,0,0,0,1,0,0,0,1,0,0,0,0,0
41.191976,0,0,0,0,1,0,0,0,0,0,0,0,0,0,0,0,0,0
41.200199,0,0,0,0,0,1,0,0,0,1,0,1,0,1,0,1,0,0
41.201483,0,0,0,0,0,0,0,1,0,0,0,0,0,0,0,0,0,1
41.214183,1,0,0,1,0,0,1,0,0,1,1,0,1,1,1,0,1,0
41.237058,0,0,0,0,1,0,0,0,0,0,0,0,0,0,0,0,0,0
41.242008,0,0,1,0,0,0,0,0,1,0,0,0,1,0,0,0,0,0
41.248110,0,0,0,0,0,1,0,0,0,1,0,1,0,1,0,1,0,0
41.249794,0,0,0,0,0,0,0,1,0,0,0,0,0,0,0,0,0,1
41.260822,1,0,0,1,0,0,1,0,0,1,1,0,1,1,1,0,1,0
41.281090,0,0,1,0,0,0,0,0,1,0,0,0,1,0,0,0,0,0
41.282341,0,0,0,0,1,0,0,0,0,0,0,0,0,0,0,0,0,0
41.297822,0,0,0,0,0,0,0,1,0,0,0,0,0,0,0,0,0,1
41.301121,0,0,0,0,0,1,0,0,0,1,0,1,0,1,0,1,0,0
41.316776,1,0,0,0,0,0,0,0,1,0,0,0,1,0,0,0,0,0
41.321837,0,0,0,0,0,0,1,0,0,1,0,1,0,1,0,0,1,0
41.330346,0,0,0,0,1,0,0,0,0,0,0,0,0,0,0,0,0,0
41.343858,0,0,1,0,0,0,0,0,1,0,0,0,1,0,0,0,0,0
41.348889,0,0,0,0,0,1,0,0,0,1,0,1,0,1,0,1,0,0
41.349131,0,0,0,0,0,0,0,1,0,0,0,0,0,0,0,0,0,1
41.363676,1,0,0,1,0,0,1,0,0,1,1,0,1,1,1,0,1,0
41.382412,0,0,0,0,1,0,0,0,0,0,0,0,0,0,0,0,0,0
41.387657,0,0,1,0,0,0,0,0,1,0,0,0,1,0,0,0,0,0
41.399042,0,0,0,0,0,1,0,0,0,1,0,1,0,1,0,1,0,0
41.399509,0,0,0,0,0,0,0,1,0,0,0,0,0,0,0,0,0,1
41.412493,1,0,0,0,0,0,0,0,1,0,0,0,1,0,0,0,0,0
41.431870,0,0,0,0,1,0,0,0,0,0,0,0,0,0,0,0,0,0
41.449474,0,0,0,0,0,1,0,0,0,1,0,1,0,1,0,1,0,0
41.449639,0,0,0,0,0,0,1,1,0,0,0,0,0,1,1,0,0,1
41.464372,1,0,0,1,0,0,0,0,0,1,1,0,1,0,0,0,1,0
41.486197,0,0,0,0,1,0,1,0,0,0,0,0,0,1,1,0,0,0
41.492177,0,0,1,1,0,0,0,0,0,1,1,0,1,0,0,0,1,0
41.498368,0,0,0,0,0,1,0,0,0,0,0,0,0,1,1,0,0,0
41.500860,0,0,0,0,0,0,0,1,0,0,0,0,0,0,0,0,0,1
41.514195,0,1,1,0,0,0,0,0,0,1,1,0,1,0,0,1,0,0
41.528415,1,0,0,1,0,0,1,0,0,1,1,0,1,1,1,0,1,0
41.534677,0,0,0,0,1,0,0,0,0,0,0,0,0,0,0,0,0,0
41.549206,0,0,0,0,0,1,0,0,0,0,0,0,0,1,1,0,0,0
41.551987,0,0,0,0,0,0,0,1,0,0,0,0,0,0,0,0,0,1
41.552181,0,1,1,0,0,0,0,0,0,1,1,0,1,0,0,1,0,0
41.567693,1,0,0,1,0,0,1,0,0,1,1,0,1,1,1,0,1,0
41.585501,0,0,0,0,1,0,0,0,0,0,0,0,0,0,0,0,0,0
41.592294,0,0,1,0,0,0,0,0,1,0,0,0,1,0,0,0,0,0
41.600521,0,0,0,0,0,1,0,0,0,1,0,1,0,1,0,1,0,0
41.600798,0,0,0,0,0,0,0,1,0,0,0,0,0,0,0,0,0,1
41.616526,1,0,0,1,0,0,1,0,0,1,1,0,1,1,1,0,1,0
41.633524,0,0,0,0,1,0,0,0,0,0,0,0,0,0,0,0,0,0
41.643643,0,0,1,0,0,0,0,0,1,0,0,0,1,0,0,0,0,0
41.649297,0,0,0,0,0,1,0,0,0,1,0,1,0,1,0,1,0,0
41.649946,0,0,0,0,0,0,0,1,0,0,0,0,0,0,0,0,0,1
41.667531,1,0,0,1,0,0,1,0,0,1,1,0,1,1,1,0,1,0
41.682063,0,0,0,0,1,0,0,0,0,0,0,0,0,0,0,0,0,0
41.693324,0,0,1,0,0,0,0,0,1,0,0,0,1,0,0,0,0,0
41.699093,0,0,0,0,0,1,0,0,0,1,0,1,0,1,0,1,0,0
41.700705,0,0,0,0,0,0,0,1,0,0,0,0,0,0,0,0,0,1
41.713640,1,0,0,1,0,0,1,0,0,1,1,0,1,1,1,0,1,0
41.735629,0,0,0,0,1,0,0,0,0,0,0,0,0,0,0,0,0,0
41.739941,0,0,1,0,0,0,0,0,1,0,0,0,1,0,0,0,0,0
41.747680,0,0,0,0,0,0,0,1,0,0,0,0,0,0,0,0,0,1
41.749890,0,0,0,0,0,1,0,0,0,1,0,1,0,1,0,1,0,0
41.764688,1,0,0,1,0,0,1,0,0,1,1,0,1,1,1,0,1,0
41.787132,0,0,0,0,1,0,0,0,0,0,0,0,0,0,0,0,0,0
41.787428,0,0,1,0,0,0,0,0,1,0,0,0,1,0,0,0,0,0
41.799393,0,0,0,0,0,1,0,0,0,1,0,1,0,1,0,1,0,0
41.802096,0,0,0,0,0,0,0,1,0,0,0,0,0,0,0,0,0,1
41.814293,1,0,0,0,0,0,0,0,1,0,0,0,1,0,0,0,0,0
41.835668,0,0,0,0,1,0,0,0,0,0,0,0,0,0,0,0,0,0
41.843415,0,0,0,0,0,0,1,0,0,1,0,1,0,1,0,0,1,0
41.847233,0,0,0,0,0,0,0,1,0,0,0,0,0,0,0,0,0,1
41.848733,0,0,0,0,0,1,0,0,0,0,0,0,0,1,1,0,0,0
41.868663,0,1,1,0,0,0,0,0,0,1,1,0,1,0,0,1,0,0
41.883968,1,0,0,0,0,0,0,0,1,0,0,0,1,0,0,0,0,0
41.884010,0,0,0,0,1,0,1,0,0,1,0,1,0,1,0,0,1,0
41.900248,0,0,0,0,0,1,0,0,0,0,0,0,0,1,1,0,0,0
41.901556,0,0,0,0,0,0,0,1,0,0,0,0,0,0,0,0,0,1
41.906053,0,1,1,0,0,0,0,0,0,1,1,0,1,0,0,1,0,0
41.919084,1,0,0,0,0,0,0,0,1,0,0,0,1,0,0,0,0,0
41.937912,0,0,0,0,1,0,0,0,0,0,0,0,0,0,0,0,0,0
41.947726,0,0,0,0,0,0,0,1,0,0,0,0,0,0,0,0,0,1
41.948886,0,0,0,0,0,1,0,0,0,1,0,1,0,1,0,1,0,0
41.950943,0,0,0,0,0,0,1,0,0,0,0,0,0,1,1,0,0,0
41.963024,1,0,0,1,0,0,1,0,0,1,1,0,1,1,1,0,1,0
41.980479,0,0,0,0,1,0,0,0,0,0,0,0,0,0,0,0,0,0
41.984001,0,0,1,1,0,0,0,0,0,1,1,0,1,0,0,0,1,0
41.998953,0,0,0,0,0,1,0,0,0,0,0,0,0,1,1,0,0,0
42.002336,0,0,0,0,0,0,0,1,0,0,0,0,0,0,0,0,0,1
42.012502,0,1,1,0,0,0,0,0,0,1,1,0,1,0,0,1,0,0
42.027453,1,0,0,1,0,0,1,0,0,1,1,0,1,1,1,0,1,0
42.036656,0,0,0,0,1,0,0,0,0,0,0,0,0,0,0,0,0,0
42.050803,0,0,0,0,0,0,0,1,0,0,0,0,0,0,0,0,0,1
42.050956,0,0,0,0,0,1,0,0,0,0,0,0,0,1,1,0,0,0
42.053330,0,1,1,0,0,0,0,0,0,1,1,0,1,0,0,1,0,0
42.071136,1,0,0,0,0,0,0,0,1,0,0,0,1,0,0,0,0,0
42.081764,0,0,0,0,0,0,1,0,0,1,0,1,0,1,0,0,1,0
42.084368,0,0,0,0,1,0,0,0,0,0,0,0,0,0,0,0,0,0
42.097862,0,0,0,0,0,0,0,1,0,0,0,0,0,0,0,0,0,1
42.099401,0,0,0,0,0,1,0,0,0,0,0,0,0,1,1,0,0,0
42.107429,0,1,1,0,0,0,0,0,0,1,1,0,1,0,0,1,0,0
42.120642,1,0,0,0,0,0,0,0,1,0,0,0,1,0,0,0,0,0
42.128954,0,0,0,0,1,0,0,0,0,0,0,0,0,0,0,0,0,0
42.137899,0,0,0,0,0,0,1,0,0,1,0,1,0,1,0,0,1,0
42.146190,0,0,0,0,0,0,0,1,0,0,0,0,0,0,0,0,0,1
42.148754,0,0,0,0,0,1,0,0,0,0,0,0,0,1,1,0,0,0
42.166332,0,1,1,0,0,0,0,0,0,1,1,0,1,0,0,1,0,0
42.180514,1,0,0,1,0,0,1,0,0,1,1,0,1,1,1,0,1,0
42.182705,0,0,0,0,1,0,0,0,0,0,0,0,0,0,0,0,0,0
42.196957,0,0,0,0,0,0,0,1,0,0,0,0,0,0,0,0,0,1
42.199045,0,0,0,0,0,1,0,0,0,0,0,0,0,1,1,0,0,0
42.201739,0,1,1,0,0,0,0,0,0,1,1,0,1,0,0,1,0,0
42.219379,1,0,0,1,0,0,1,0,0,1,1,0,1,1,1,0,1,0
42.231895,0,0,0,0,1,0,0,0,0,0,0,0,0,0,0,0,0,0
42.239929,0,0,1,0,0,0,0,0,1,0,0,0,1,0,0,0,0,0
42.250387,0,0,0,0,0,0,0,1,0,0,0,0,0,0,0,0,0,1
42.250776,0,0,0,0,0,1,0,0,0,1,0,1,0,1,0,1,0,0
42.265196,1,0,0,0,0,0,0,0,1,0,0,0,1,0,0,0,0,0
42.286262,0,0,0,0,1,0,1,0,0,1,0,1,0,1,0,0,1,0
42.301095,0,0,0,0,0,1,0,0,0,0,0,0,0,1,1,0,0,0
42.301851,0,0,0,0,0,0,0,1,0,0,0,0,0,0,0,0,0,1
42.316097,0,1,1,0,0,0,0,0,0,1,1,0,1,0,0,1,0,0
42.329448,1,0,0,1,0,0,1,0,0,1,1,0,1,1,1,0,1,0
42.337680,0,0,0,0,1,0,0,0,0,0,0,0,0,0,0,0,0,0
42.351113,0,0,0,0,0,1,0,0,0,0,0,0,0,1,1,0,0,0
42.352472,0,0,0,0,0,0,0,1,0,0,0,0,0,0,0,0,0,1
42.354982,0,1,1,0,0,0,0,0,0,1,1,0,1,0,0,1,0,0
42.367031,1,0,0,0,0,0,0,0,1,0,0,0,1,0,0,0,0,0
42.390353,0,0,0,0,1,0,1,0,0,1,0,1,0,1,0,0,1,0
42.400545,0,0,0,0,0,1,0,0,0,0,0,0,0,1,1,0,0,0
42.402403,0,0,0,0,0,0,0,1,0,0,0,0,0,0,0,0,0,1
42.414119,0,1,1,0,0,0,0,0,0,1,1,0,1,0,0,1,0,0
42.432812,1,0,0,1,0,0,1,0,0,1,1,0,1,1,1,0,1,0
42.437943,0,0,0,0,1,0,0,0,0,0,0,0,0,0,0,0,0,0
42.449586,0,0,0,0,0,1,0,0,0,0,0,0,0,1,1,0,0,0
42.450238,0,0,0,0,0,0,0,1,0,0,0,0,0,0,0,0,0,1
42.455136,0,1,1,0,0,0,0,0,0,1,1,0,1,0,0,1,0,0
42.473201,1,0,0,0,0,0,0,0,1,0,0,0,1,0,0,0,0,0
42.474590,0,0,0,0,0,0,1,0,0,1,0,1,0,1,0,0,1,0
42.489996,0,0,0,0,1,0,0,0,0,0,0,0,0,0,0,0,0,0
42.496039,0,0,1,0,0,0,0,0,1,0,0,0,1,0,0,0,0,0
42.496049,0,0,0,0,0,0,0,1,0,0,0,0,0,0,0,0,0,1
42.498374,0,0,0,0,0,1,0,0,0,1,0,1,0,1,0,1,0,0
42.512132,1,0,0,1,0,0,1,0,0,1,1,0,1,1,1,0,1,0
42.533599,0,0,0,0,1,0,0,0,0,0,0,0,0,0,0,0,0,0
42.539403,0,0,1,0,0,0,0,0,1,0,0,0,1,0,0,0,0,0
42.549122,0,0,0,0,0,0,0,1,0,0,0,0,0,0,0,0,0,1
42.550279,0,0,0,0,0,1,0,0,0,1,0,1,0,1,0,1,0,0
42.560754,1,0,0,0,0,0,0,0,1,0,0,0,1,0,0,0,0,0
42.574611,0,0,0,0,0,0,1,0,0,1,0,1,0,1,0,0,1,0
42.584023,0,0,0,0,1,0,0,0,0,0,0,0,0,0,0,0,0,0
42.596292,0,0,1,0,0,0,0,0,1,0,0,0,1,0,0,0,0,0
42.599001,0,0,0,0,0,1,0,0,0,1,0,1,0,1,0,1,0,0
42.599194,0,0,0,0,0,0,0,1,0,0,0,0,0,0,0,0,0,1
42.617853,1,0,0,0,0,0,0,0,1,0,0,0,1,0,0,0,0,0
42.633210,0,0,0,0,1,0,0,0,0,0,0,0,0,0,0,0,0,0
42.634414,0,0,0,0,0,0,1,0,0,1,0,1,0,1,0,0,1,0
42.649035,0,0,0,0,0,1,0,0,0,0,0,0,0,1,1,0,0,0
42.650413,0,0,0,0,0,0,0,1,0,0,0,0,0,0,0,0,0,1
42.658936,0,1,1,0,0,0,0,0,0,1,1,0,1,0,0,1,0,0
42.671720,1,0,0,1,0,0,1,0,0,1,1,0,1,1,1,0,1,0
42.686387,0,0,0,0,1,0,0,0,0,0,0,0,0,0,0,0,0,0
42.699460,0,0,1,0,0,0,0,0,1,0,0,0,1,0,0,0,0,0
42.699845,0,0,0,0,0,1,0,0,0,1,0,1,0,1,0,1,0,0
42.701461,0,0,0,0,0,0,0,1,0,0,0,0,0,0,0,0,0,1
42.715618,1,0,0,1,0,0,1,0,0,1,1,0,1,1,1,0,1,0
42.737549,0,0,1,0,0,0,0,0,1,0,0,0,1,0,0,0,0,0
42.740084,0,0,0,0,1,0,0,0,0,0,0,0,0,0,0,0,0,0
42.749954,0,0,0,0,0,0,0,1,0,0,0,0,0,0,0,0,0,1
42.750541,0,0,0,0,0,1,0,0,0,1,0,1,0,1,0,1,0,0
42.761483,1,0,0,1,0,0,1,0,0,1,1,0,1,1,1,0,1,0
42.787750,0,0,0,0,1,0,0,0,0,0,0,0,0,0,0,0,0,0
42.788874,0,0,1,0,0,0,0,0,1,0,0,0,1,0,0,0,0,0
42.797510,0,0,0,0,0,0,0,1,0,0,0,0,0,0,0,0,0,1
42.800234,0,0,0,0,0,1,0,0,0,1,0,1,0,1,0,1,0,0
42.817431,1,0,0,1,0,0,1,0,0,1,1,0,1,1,1,0,1,0
42.835632,0,0,0,0,1,0,0,0,0,0,0,0,0,0,0,0,0,0
42.843126,0,0,1,0,0,0,0,0,1,0,0,0,1,0,0,0,0,0
42.850179,0,0,0,0,0,1,0,0,0,1,0,1,0,1,0,1,0,0
42.851981,0,0,0,0,0,0,0,1,0,0,0,0,0,0,0,0,0,1
42.864630,1,0,0,1,0,0,1,0,0,1,1,0,1,1,1,0,1,0
42.886323,0,0,0,0,1,0,0,0,0,0,0,0,0,0,0,0,0,0
42.886911,0,0,1,0,0,0,0,0,1,0,0,0,1,0,0,0,0,0
42.899129,0,0,0,0,0,0,0,1,0,0,0,0,0,0,0,0,0,1
42.900282,0,0,0,0,0,1,0,0,0,1,0,1,0,1,0,1,0,0
42.910991,1,0,0,0,0,0,0,0,1,0,0,0,1,0,0,0,0,0
42.934849,0,0,0,0,1,0,1,0,0,1,0,1,0,1,0,0,1,0
42.948865,0,0,0,0,0,0,0,1,0,0,0,0,0,0,0,0,0,1
42.951181,0,0,0,0,0,1,0,0,0,0,0,0,0,1,1,0,0,0
42.963535,0,1,1,0,0,0,0,0,0,1,1,0,1,0,0,1,0,0
42.981645,1,0,0,0,0,0,0,0,1,0,0,0,1,0,0,0,0,0
42.985716,0,0,0,0,1,0,0,0,0,0,0,0,0,0,0,0,0,0
43.000766,0,0,0,0,0,1,1,0,0,1,0,1,0,1,0,0,1,0
43.002315,0,0,0,0,0,0,0,1,0,0,0,0,0,0,0,0,0,1
43.022501,0,1,1,0,0,0,0,0,0,1,1,0,1,0,0,1,0,0
43.036512,1,0,0,1,0,0,1,0,0,1,1,0,1,1,1,0,1,0
43.041840,0,0,0,0,1,0,0,0,0,0,0,0,0,0,0,0,0,0
43.050210,0,0,0,0,0,1,0,0,0,0,0,0,0,1,1,0,0,0
43.050346,0,0,0,0,0,0,0,1,0,0,0,0,0,0,0,0,0,1
43.064357,0,1,1,0,0,0,0,0,0,1,1,0,1,0,0,1,0,0
43.082357,1,0,0,0,0,0,0,0,1,0,0,0,1,0,0,0,0,0
43.087498,0,0,0,0,1,0,0,0,0,0,0,0,0,0,0,0,0,0
43.099301,0,0,0,0,0,1,0,0,0,1,0,1,0,1,0,1,0,0
43.099560,0,0,0,0,0,0,1,1,0,0,0,0,0,1,1,0,0,1
43.116450,1,0,0,1,0,0,0,0,0,1,1,0,1,0,0,0,1,0
43.122566,0,0,0,0,0,0,1,0,0,0,0,0,0,1,1,0,0,0
43.132172,0,0,0,0,1,0,0,0,0,0,0,0,0,0,0,0,0,0
43.139636,0,0,1,1,0,0,0,0,0,1,1,0,1,0,0,0,1,0
43.149446,0,0,0,0,0,1,0,0,0,0,0,0,0,1,1,0,0,0
43.151513,0,0,0,0,0,0,0,1,0,0,0,0,0,0,0,0,0,1
43.165099,0,1,1,0,0,0,0,0,0,1,1,0,1,0,0,1,0,0
43.177621,1,0,0,0,0,0,0,0,1,0,0,0,1,0,0,0,0,0
43.191195,0,0,0,0,1,0,0,0,0,0,0,0,0,0,0,0,0,0
43.199300,0,0,0,0,0,1,1,0,0,1,0,1,0,1,0,0,1,0
43.203600,0,0,0,0,0,0,0,1,0,0,0,0,0,0,0,0,0,1
43.220627,0,1,1,0,0,0,0,0,0,1,1,0,1,0,0,1,0,0
43.231857,1,0,0,1,0,0,1,0,0,1,1,0,1,1,1,0,1,0
43.237565,0,0,0,0,1,0,0,0,0,0,0,0,0,0,0,0,0,0
43.248699,0,0,0,0,0,0,0,1,0,0,0,0,0,0,0,0,0,1
43.249587,0,0,0,0,0,1,0,0,0,0,0,0,0,1,1,0,0,0
43.254038,0,1,1,0,0,0,0,0,0,1,1,0,1,0,0,1,0,0
43.266349,1,0,0,0,0,0,0,0,1,0,0,0,1,0,0,0,0,0
43.286800,0,0,0,0,1,0,1,0,0,1,0,1,0,1,0,0,1,0
43.298765,0,0,0,0,0,0,0,1,0,0,0,0,0,0,0,0,0,1
43.301023,0,0,0,0,0,1,0,0,0,0,0,0,0,1,1,0,0,0
43.312284,0,1,1,0,0,0,0,0,0,1,1,0,1,0,0,1,0,0
43.328121,1,0,0,1,0,0,1,0,0,1,1,0,1,1,1,0,1,0
43.333253,0,0,0,0,1,0,0,0,0,0,0,0,0,0,0,0,0,0
43.348878,0,0,0,0,0,0,0,1,0,0,0,0,0,0,0,0,0,1
43.349910,0,0,0,0,0,1,0,0,0,0,0,0,0,1,1,0,0,0
43.354281,0,1,1,0,0,0,0,0,0,1,1,0,1,0,0,1,0,0
43.371368,1,0,0,1,0,0,1,0,0,1,1,0,1,1,1,0,1,0
43.387576,0,0,0,0,1,0,0,0,0,0,0,0,0,0,0,0,0,0
43.398799,0,0,1,0,0,0,0,0,1,0,0,0,1,0,0,0,0,0
43.399137,0,0,0,0,0,0,0,1,0,0,0,0,0,0,0,0,0,1
43.400410,0,0,0,0,0,1,0,0,0,1,0,1,0,1,0,1,0,0
43.414797,1,0,0,0,0,0,0,0,1,0,0,0,1,0,0,0,0,0
43.434904,0,0,0,0,1,0,1,0,0,1,0,1,0,1,0,0,1,0
43.446177,0,0,0,0,0,0,0,1,0,0,0,0,0,0,0,0,0,1
43.448404,0,0,0,0,0,1,0,0,0,0,0,0,0,1,1,0,0,0
43.460711,0,1,1,0,0,0,0,0,0,1,1,0,1,0,0,1,0,0
43.471472,1,0,0,1,0,0,1,0,0,1,1,0,1,1,1,0,1,0
43.484158,0,0,0,0,1,0,0,0,0,0,0,0,0,0,0,0,0,0
43.499432,0,0,1,0,0,0,0,0,1,0,0,0,1,0,0,0,0,0
43.500293,0,0,0,0,0,0,0,1,0,0,0,0,0,0,0,0,0,1
43.500773,0,0,0,0,0,1,0,0,0,1,0,1,0,1,0,1,0,0
43.518478,1,0,0,0,0,0,0,0,1,0,0,0,1,0,0,0,0,0
43.538706,0,0,0,0,1,0,0,0,0,0,0,0,0,0,0,0,0,0
43.548865,0,0,0,0,0,1,1,0,0,1,0,1,0,1,0,1,0,0
43.552738,0,0,0,0,0,0,0,1,0,0,0,0,0,0,0,0,0,1
43.564005,1,0,0,1,0,0,0,0,0,1,1,0,1,0,0,0,1,0
43.584905,0,0,1,1,0,0,1,0,0,1,1,0,1,1,1,0,1,0
43.589555,0,0,0,0,1,0,0,0,0,0,0,0,0,0,0,0,0,0
43.598355,0,0,0,0,0,0,0,1,0,0,0,0,0,0,0,0,0,1
43.601411,0,0,0,0,0,1,0,0,0,0,0,0,0,1,1,0,0,0
43.610689,0,1,1,0,0,0,0,0,0,1,1,0,1,0,0,1,0,0
43.622066,1,0,0,1,0,0,1,0,0,1,1,0,1,1,1,0,1,0
43.636704,0,0,0,0,1,0,0,0,0,0,0,0,0,0,0,0,0,0
43.649727,0,0,1,0,0,0,0,0,1,0,0,0,1,0,0,0,0,0
43.649764,0,0,0,0,0,1,0,0,0,1,0,1,0,1,0,1,0,0
43.652766,0,0,0,0,0,0,0,1,0,0,0,0,0,0,0,0,0,1
43.663357,1,0,0,1,0,0,1,0,0,1,1,0,1,1,1,0,1,0
43.683494,0,0,1,0,0,0,0,0,1,0,0,0,1,0,0,0,0,0
43.688659,0,0,0,0,1,0,0,0,0,0,0,0,0,0,0,0,0,0
43.699600,0,0,0,0,0,1,0,0,0,1,0,1,0,1,0,1,0,0
43.700444,0,0,0,0,0,0,0,1,0,0,0,0,0,0,0,0,0,1
43.711517,1,0,0,1,0,0,1,0,0,1,1,0,1,1,1,0,1,0
43.735667,0,0,1,0,0,0,0,0,1,0,0,0,1,0,0,0,0,0
43.736658,0,0,0,0,1,0,0,0,0,0,0,0,0,0,0,0,0,0
43.750658,0,0,0,0,0,1,0,0,0,1,0,1,0,1,0,1,0,0
43.750830,0,0,0,0,0,0,0,1,0,0,0,0,0,0,0,0,0,1
43.765384,1,0,0,0,0,0,0,0,1,0,0,0,1,0,0,0,0,0
43.785965,0,0,0,0,1,0,0,0,0,0,0,0,0,0,0,0,0,0
43.799985,0,0,0,0,0,0,1,1,0,1,0,1,0,1,0,0,1,1
43.800042,0,0,0,0,0,1,0,0,0,0,0,0,0,1,1,0,0,0
43.825891,0,1,1,0,0,0,0,0,0,1,1,0,1,0,0,1,0,0
43.836887,0,0,0,0,1,0,0,0,0,0,0,0,0,0,0,0,0,0
43.838005,1,0,0,1,0,0,1,0,0,1,1,0,1,1,1,0,1,0
43.849945,0,0,0,0,0,1,0,0,0,0,0,0,0,1,1,0,0,0
43.851820,0,0,0,0,0,0,0,1,0,0,0,0,0,0,0,0,0,1
43.863652,0,1,1,0,0,0,0,0,0,1,1,0,1,0,0,1,0,0
43.875465,1,0,0,1,0,0,1,0,0,1,1,0,1,1,1,0,1,0
43.889778,0,0,0,0,1,0,0,0,0,0,0,0,0,0,0,0,0,0
43.900188,0,0,0,0,0,1,0,0,0,0,0,0,0,1,1,0,0,0
43.900936,0,0,0,0,0,0,0,1,0,0,0,0,0,0,0,0,0,1
43.902721,0,1,1,0,0,0,0,0,0,1,1,0,1,0,0,1,0,0
43.916533,1,0,0,0,0,0,0,0,1,0,0,0,1,0,0,0,0,0
43.937697,0,0,0,0,1,0,1,0,0,1,0,1,0,1,0,0,1,0
43.946170,0,0,0,0,0,0,0,1,0,0,0,0,0,0,0,0,0,1
43.949104,0,0,0,0,0,1,0,0,0,0,0,0,0,1,1,0,0,0
43.960459,0,1,1,0,0,0,0,0,0,1,1,0,1,0,0,1,0,0
43.973144,1,0,0,0,0,0,0,0,1,0,0,0,1,0,0,0,0,0
43.985599,0,0,0,0,1,0,0,0,0,0,0,0,0,0,0,0,0,0
43.999717,0,0,0,0,0,1,1,0,0,1,0,1,0,1,0,0,1,0
44.003058,0,0,0,0,0,0,0,1,0,0,0,0,0,0,0,0,0,1
44.020628,0,1,1,0,0,0,0,0,0,1,1,0,1,0,0,1,0,0
44.033528,0,0,0,0,1,0,0,0,0,0,0,0,0,0,0,0,0,0
44.034417,1,0,0,0,0,0,0,0,1,0,0,0,1,0,0,0,0,0
44.037633,0,0,0,0,0,0,1,0,0,1,0,1,0,1,0,0,1,0
44.048855,0,0,0,0,0,1,0,0,0,0,0,0,0,1,1,0,0,0
44.049825,0,0,0,0,0,0,0,1,0,0,0,0,0,0,0,0,0,1
44.059371,0,1,1,0,0,0,0,0,0,1,1,0,1,0,0,1,0,0
44.071470,1,0,0,0,0,0,0,0,1,0,0,0,1,0,0,0,0,0
44.081722,0,0,0,0,0,0,1,0,0,1,0,1,0,1,0,0,1,0
44.085603,0,0,0,0,1,0,0,0,0,0,0,0,0,0,0,0,0,0
44.099323,0,0,0,0,0,1,0,0,0,0,0,0,0,1,1,0,0,0
44.101571,0,0,0,0,0,0,0,1,0,0,0,0,0,0,0,0,0,1
44.102499,0,1,1,0,0,0,0,0,0,1,1,0,1,0,0,1,0,0
44.120210,1,0,0,0,0,0,0,0,1,0,0,0,1,0,0,0,0,0
44.133991,0,0,0,0,0,0,1,0,0,1,0,1,0,1,0,0,1,0
44.141080,0,0,0,0,1,0,0,0,0,0,0,0,0,0,0,0,0,0
44.151027,0,0,0,0,0,1,0,0,0,0,0,0,0,1,1,0,0,0
44.153423,0,0,0,0,0,0,0,1,0,0,0,0,0,0,0,0,0,1
44.156388,0,1,1,0,0,0,0,0,0,1,1,0,1,0,0,1,0,0
44.167213,1,0,0,1,0,0,1,0,0,1,1,0,1,1,1,0,1,0
44.187059,0,0,0,0,1,0,0,0,0,0,0,0,0,0,0,0,0,0
44.192692,0,0,1,0,0,0,0,0,1,0,0,0,1,0,0,0,0,0
44.199785,0,0,0,0,0,1,0,0,0,1,0,1,0,1,0,1,0,0
44.203200,0,0,0,0,0,0,0,1,0,0,0,0,0,0,0,0,0,1
44.214501,1,0,0,1,0,0,1,0,0,1,1,0,1,1,1,0,1,0
44.233885,0,0,0,0,1,0,0,0,0,0,0,0,0,0,0,0,0,0
44.237892,0,0,1,0,0,0,0,0,1,0,0,0,1,0,0,0,0,0
44.247551,0,0,0,0,0,0,0,1,0,0,0,0,0,0,0,0,0,1
44.250732,0,0,0,0,0,1,0,0,0,1,0,1,0,1,0,1,0,0
44.269046,1,0,0,0,0,0,0,0,1,0,0,0,1,0,0,0,0,0
44.284536,0,0,0,0,1,0,0,0,0,0,0,0,0,0,0,0,0,0
44.301086,0,0,0,0,0,1,1,0,0,1,0,1,0,1,0,1,0,0
44.302600,0,0,0,0,0,0,0,1,0,0,0,0,0,0,0,0,0,1
44.315065,1,0,0,1,0,0,1,0,0,1,1,0,1,1,1,0,1,0
44.336662,0,0,1,1,0,0,0,0,0,1,1,0,1,0,0,0,1,0
44.340512,0,0,0,0,1,0,0,0,0,0,0,0,0,0,0,0,0,0
44.348901,0,0,0,0,0,1,0,0,0,0,0,0,0,1,1,0,0,0
44.349678,0,0,0,0,0,0,0,1,0,0,0,0,0,0,0,0,0,1
44.359449,0,1,1,0,0,0,0,0,0,1,1,0,1,0,0,1,0,0
44.375665,1,0,0,1,0,0,1,0,0,1,1,0,1,1,1,0,1,0
44.384470,0,0,0,0,1,0,0,0,0,0,0,0,0,0,0,0,0,0
44.399840,0,0,0,0,0,1,0,0,0,0,0,0,0,1,1,0,0,0
44.401636,0,0,0,0,0,0,0,1,0,0,0,0,0,0,0,0,0,1
44.402288,0,1,1,0,0,0,0,0,0,1,1,0,1,0,0,1,0,0
44.418612,1,0,0,1,0,0,1,0,0,1,1,0,1,1,1,0,1,0
44.440902,0,0,0,0,1,0,0,0,0,0,0,0,0,0,0,0,0,0
44.442058,0,0,1,0,0,0,0,0,1,0,0,0,1,0,0,0,0,0
44.450195,0,0,0,0,0,0,0,1,0,0,0,0,0,0,0,0,0,1
44.450598,0,0,0,0,0,1,0,0,0,1,0,1,0,1,0,1,0,0
44.465447,1,0,0,0,0,0,0,0,1,0,0,0,1,0,0,0,0,0
44.484598,0,0,0,0,1,0,1,0,0,1,0,1,0,1,0,0,1,0
44.498520,0,0,0,0,0,1,0,0,0,0,0,0,0,1,1,0,0,0
44.501330,0,0,0,0,0,0,0,1,0,0,0,0,0,0,0,0,0,1
44.506071,0,1,1,0,0,0,0,0,0,1,1,0,1,0,0,1,0,0
44.516099,1,0,0,0,0,0,0,0,1,0,0,0,1,0,0,0,0,0
44.535543,0,0,0,0,1,0,0,0,0,0,0,0,0,0,0,0,0,0
44.547152,0,0,0,0,0,0,1,0,0,1,0,1,0,1,0,0,1,0
44.548508,0,0,0,0,0,0,0,1,0,0,0,0,0,0,0,0,0,1
44.548987,0,0,0,0,0,1,0,0,0,0,0,0,0,1,1,0,0,0
44.571648,0,1,1,0,0,0,0,0,0,1,1,0,1,0,0,1,0,0
44.582237,1,0,0,0,0,0,0,0,1,0,0,0,1,0,0,0,0,0
44.583374,0,0,0,0,1,0,0,0,0,0,0,0,0,0,0,0,0,0
44.590018,0,0,0,0,0,0,1,0,0,1,0,1,0,1,0,0,1,0
44.596273,0,0,0,0,0,0,0,1,0,0,0,0,0,0,0,0,0,1
44.599444,0,0,0,0,0,1,0,0,0,0,0,0,0,1,1,0,0,0
44.611748,0,1,1,0,0,0,0,0,0,1,1,0,1,0,0,1,0,0
44.624070,1,0,0,1,0,0,1,0,0,1,1,0,1,1,1,0,1,0
44.633302,0,0,0,0,1,0,0,0,0,0,0,0,0,0,0,0,0,0
44.649003,0,0,0,0,0,0,0,1,0,0,0,0,0,0,0,0,0,1
44.649967,0,0,1,0,0,0,0,0,1,0,0,0,1,0,0,0,0,0
44.650029,0,0,0,0,0,1,0,0,0,1,0,1,0,1,0,1,0,0
44.664933,1,0,0,1,0,0,1,0,0,1,1,0,1,1,1,0,1,0
44.680396,0,0,0,0,1,0,0,0,0,0,0,0,0,0,0,0,0,0
44.692604,0,0,1,0,0,0,0,0,1,0,0,0,1,0,0,0,0,0
44.698150,0,0,0,0,0,1,0,0,0,1,0,1,0,1,0,1,0,0
44.701658,0,0,0,0,0,0,0,1,0,0,0,0,0,0,0,0,0,1
44.716110,1,0,0,0,0,0,0,0,1,0,0,0,1,0,0,0,0,0
44.732975,0,0,0,0,1,0,1,0,0,1,0,1,0,1,0,0,1,0
44.750619,0,0,0,0,0,1,0,0,0,0,0,0,0,1,1,0,0,0
44.752043,0,0,0,0,0,0,0,1,0,0,0,0,0,0,0,0,0,1
44.759876,0,1,1,0,0,0,0,0,0,1,1,0,1,0,0,1,0,0
44.770948,1,0,0,1,0,0,1,0,0,1,1,0,1,1,1,0,1,0
44.785595,0,0,0,0,1,0,0,0,0,0,0,0,0,0,0,0,0,0
44.792024,0,0,1,0,0,0,0,0,1,0,0,0,1,0,0,0,0,0
44.796539,0,0,0,0,0,0,0,1,0,0,0,0,0,0,0,0,0,1
44.799577,0,0,0,0,0,1,0,0,0,1,0,1,0,1,0,1,0,0
44.814480,1,0,0,1,0,0,1,0,0,1,1,0,1,1,1,0,1,0
44.831724,0,0,0,0,1,0,0,0,0,0,0,0,0,0,0,0,0,0
44.842006,0,0,1,0,0,0,0,0,1,0,0,0,1,0,0,0,0,0
44.848464,0,0,0,0,0,1,0,0,0,1,0,1,0,1,0,1,0,0
44.849383,0,0,0,0,0,0,0,1,0,0,0,0,0,0,0,0,0,1
44.860112,1,0,0,0,0,0,0,0,1,0,0,0,1,0,0,0,0,0
44.887597,0,0,0,0,1,0,1,0,0,1,0,1,0,1,0,0,1,0
44.900143,0,0,0,0,0,1,0,0,0,0,0,0,0,1,1,0,0,0
44.903382,0,0,0,0,0,0,0,1,0,0,0,0,0,0,0,0,0,1
44.912496,0,1,1,0,0,0,0,0,0,1,1,0,1,0,0,1,0,0
44.925122,1,0,0,1,0,0,1,0,0,1,1,0,1,1,1,0,1,0
44.938573,0,0,0,0,1,0,0,0,0,0,0,0,0,0,0,0,0,0
44.950000,0,0,0,0,0,0,0,1,0,0,0,0,0,0,0,0,0,1
44.951883,0,0,0,0,0,1,0,0,0,0,0,0,0,1,1,0,0,0
44.954104,0,1,1,0,0,0,0,0,0,1,1,0,1,0,0,1,0,0
44.966745,1,0,0,1,0,0,1,0,0,1,1,0,1,1,1,0,1,0
44.986195,0,0,0,0,1,0,0,0,0,0,0,0,0,0,0,0,0,0
44.996454,0,0,1,0,0,0,0,0,1,0,0,0,1,0,0,0,0,0
45.001304,0,0,0,0,0,1,0,0,0,1,0,1,0,1,0,1,0,0
45.003546,0,0,0,0,0,0,0,1,0,0,0,0,0,0,0,0,0,1
45.011360,1,0,0,1,0,0,1,0,0,1,1,0,1,1,1,0,1,0
45.040199,0,0,1,0,0,0,0,0,1,0,0,0,1,0,0,0,0,0
45.040337,0,0,0,0,1,0,0,0,0,0,0,0,0,0,0,0,0,0
45.049192,0,0,0,0,0,1,0,0,0,1,0,1,0,1,0,1,0,0
45.050527,0,0,0,0,0,0,0,1,0,0,0,0,0,0,0,0,0,1
45.066410,1,0,0,1,0,0,1,0,0,1,1,0,1,1,1,0,1,0
45.089652,0,0,0,0,1,0,0,0,0,0,0,0,0,0,0,0,0,0
45.089860,0,0,1,0,0,0,0,0,1,0,0,0,1,0,0,0,0,0
45.098611,0,0,0,0,0,0,0,1,0,0,0,0,0,0,0,0,0,1
45.100498,0,0,0,0,0,1,0,0,0,1,0,1,0,1,0,1,0,0
45.111929,1,0,0,1,0,0,1,0,0,1,1,0,1,1,1,0,1,0
45.132010,0,0,1,0,0,0,0,0,1,0,0,0,1,0,0,0,0,0
45.137028,0,0,0,0,1,0,0,0,0,0,0,0,0,0,0,0,0,0
45.149099,0,0,0,0,0,1,0,0,0,1,0,1,0,1,0,1,0,0
45.153507,0,0,0,0,0,0,0,1,0,0,0,0,0,0,0,0,0,1
45.168747,1,0,0,1,0,0,1,0,0,1,1,0,1,1,1,0,1,0
45.191747,0,0,0,0,1,0,0,0,0,0,0,0,0,0,0,0,0,0
45.197390,0,0,0,0,0,0,0,1,0,0,0,0,0,0,0,0,0,1
45.197470,0,0,1,0,0,0,0,0,1,0,0,0,1,0,0,0,0,0
45.199511,0,0,0,0,0,1,0,0,0,1,0,1,0,1,0,1,0,0
45.216867,1,0,0,1,0,0,1,0,0,1,1,0,1,1,1,0,1,0
45.232960,0,0,0,0,1,0,0,0,0,0,0,0,0,0,0,0,0,0
45.246729,0,0,1,0,0,0,0,0,1,0,0,0,1,0,0,0,0,0
45.248815,0,0,0,0,0,1,0,0,0,1,0,1,0,1,0,1,0,0
45.250018,0,0,0,0,0,0,0,1,0,0,0,0,0,0,0,0,0,1
45.262217,1,0,0,0,0,0,0,0,1,0,0,0,1,0,0,0,0,0
45.288393,0,0,0,0,1,0,0,0,0,0,0,0,0,0,0,0,0,0
45.300191,0,0,0,0,0,1,1,0,0,1,0,1,0,1,0,1,0,0
45.301874,0,0,0,0,0,0,0,1,0,0,0,0,0,0,0,0,0,1
45.312144,1,0,0,1,0,0,0,0,0,1,1,0,1,0,0,0,1,0
45.328913,0,0,0,0,0,0,1,0,0,0,0,0,0,1,1,0,0,0
45.335530,0,0,0,0,1,0,0,0,0,0,0,0,0,0,0,0,0,0
45.341537,0,0,1,1,0,0,0,0,0,1,1,0,1,0,0,0,1,0
45.348758,0,0,0,0,0,1,0,0,0,0,0,0,0,1,1,0,0,0
45.352271,0,0,0,0,0,0,0,1,0,0,0,0,0,0,0,0,0,1
45.365361,0,1,1,0,0,0,0,0,0,1,1,0,1,0,0,1,0,0
45.376390,1,0,0,1,0,0,1,0,0,1,1,0,1,1,1,0,1,0
45.388322,0,0,0,0,1,0,0,0,0,0,0,0,0,0,0,0,0,0
45.396197,0,0,0,0,0,0,0,1,0,0,0,0,0,0,0,0,0,1
45.400450,0,0,0,0,0,1,0,0,0,0,0,0,0,1,1,0,0,0
45.401741,0,1,1,0,0,0,0,0,0,1,1,0,1,0,0,1,0,0
45.420022,1,0,0,1,0,0,1,0,0,1,1,0,1,1,1,0,1,0
45.433192,0,0,0,0,1,0,0,0,0,0,0,0,0,0,0,0,0,0
45.443474,0,0,1,0,0,0,0,0,1,0,0,0,1,0,0,0,0,0
45.450619,0,0,0,0,0,1,0,0,0,1,0,1,0,1,0,1,0,0
45.450811,0,0,0,0,0,0,0,1,0,0,0,0,0,0,0,0,0,1
45.466337,1,0,0,0,0,0,0,0,1,0,0,0,1,0,0,0,0,0
45.479911,0,0,0,0,0,0,1,0,0,1,0,1,0,1,0,0,1,0
45.485314,0,0,0,0,1,0,0,0,0,0,0,0,0,0,0,0,0,0
45.501254,0,0,0,0,0,1,0,0,0,0,0,0,0,1,1,0,0,0
45.501963,0,0,0,0,0,0,0,1,0,0,0,0,0,0,0,0,0,1
45.504045,0,1,1,0,0,0,0,0,0,1,1,0,1,0,0,1,0,0
45.521014,1,0,0,1,0,0,1,0,0,1,1,0,1,1,1,0,1,0
45.538880,0,0,0,0,1,0,0,0,0,0,0,0,0,0,0,0,0,0
45.546680,0,0,0,0,0,0,0,1,0,0,0,0,0,0,0,0,0,1
45.549643,0,0,1,0,0,0,0,0,1,0,0,0,1,0,0,0,0,0
45.550638,0,0,0,0,0,1,0,0,0,1,0,1,0,1,0,1,0,0
45.565044,1,0,0,0,0,0,0,0,1,0,0,0,1,0,0,0,0,0
45.580283,0,0,0,0,1,0,1,0,0,1,0,1,0,1,0,0,1,0
45.599378,0,0,0,0,0,1,0,0,0,0,0,0,0,1,1,0,0,0
45.601318,0,0,0,0,0,0,0,1,0,0,0,0,0,0,0,0,0,1
45.606325,0,1,1,0,0,0,0,0,0,1,1,0,1,0,0,1,0,0
45.620558,1,0,0,0,0,0,0,0,1,0,0,0,1,0,0,0,0,0
45.631151,0,0,0,0,0,0,1,0,0,1,0,1,0,1,0,0,1,0
45.633966,0,0,0,0,1,0,0,0,0,0,0,0,0,0,0,0,0,0
45.649799,0,0,0,0,0,1,0,0,0,0,0,0,0,1,1,0,0,0
45.651677,0,1,1,0,0,0,0,0,0,1,1,0,1,0,0,1,0,0
45.652698,0,0,0,0,0,0,0,1,0,0,0,0,0,0,0,0,0,1
45.668575,1,0,0,0,0,0,0,0,1,0,0,0,1,0,0,0,0,0
45.689867,0,0,0,0,1,0,1,0,0,1,0,1,0,1,0,0,1,0
45.697243,0,0,0,0,0,0,0,1,0,0,0,0,0,0,0,0,0,1
45.700562,0,0,0,0,0,1,0,0,0,0,0,0,0,1,1,0,0,0
45.709896,0,1,1,0,0,0,0,0,0,1,1,0,1,0,0,1,0,0
45.723072,1,0,0,0,0,0,0,0,1,0,0,0,1,0,0,0,0,0
45.735676,0,0,0,0,1,0,1,0,0,1,0,1,0,1,0,0,1,0
45.750836,0,0,0,0,0,0,0,1,0,0,0,0,0,0,0,0,0,1
45.751002,0,0,0,0,0,1,0,0,0,0,0,0,0,1,1,0,0,0
45.758024,0,1,1,0,0,0,0,0,0,1,1,0,1,0,0,1,0,0
45.775110,1,0,0,0,0,0,0,0,1,0,0,0,1,0,0,0,0,0
45.785422,0,0,0,0,1,0,0,0,0,0,0,0,0,0,0,0,0,0
45.799900,0,0,0,0,0,0,1,1,0,1,0,1,0,1,0,0,1,1
45.799951,0,0,0,0,0,1,0,0,0,0,0,0,0,1,1,0,0,0
45.821199,0,1,1,0,0,0,0,0,0,1,1,0,1,0,0,1,0,0
45.834721,1,0,0,1,0,0,1,0,0,1,1,0,1,1,1,0,1,0
45.835442,0,0,0,0,1,0,0,0,0,0,0,0,0,0,0,0,0,0
45.846330,0,0,0,0,0,0,0,1,0,0,0,0,0,0,0,0,0,1
45.849238,0,0,0,0,0,1,0,0,0,0,0,0,0,1,1,0,0,0
45.863956,0,1,1,0,0,0,0,0,0,1,1,0,1,0,0,1,0,0
45.876785,1,0,0,0,0,0,0,0,1,0,0,0,1,0,0,0,0,0
45.878651,0,0,0,0,1,0,1,0,0,1,0,1,0,1,0,0,1,0
45.898535,0,0,0,0,0,1,0,0,0,0,0,0,0,1,1,0,0,0
45.901357,0,0,0,0,0,0,0,1,0,0,0,0,0,0,0,0,0,1
45.907417,0,1,1,0,0,0,0,0,0,1,1,0,1,0,0,1,0,0
45.922190,1,0,0,1,0,0,1,0,0,1,1,0,1,1,1,0,1,0
45.936891,0,0,0,0,1,0,0,0,0,0,0,0,0,0,0,0,0,0
45.948863,0,0,1,0,0,0,0,0,1,0,0,0,1,0,0,0,0,0
45.949808,0,0,0,0,0,0,0,1,0,0,0,0,0,0,0,0,0,1
45.950459,0,0,0,0,0,1,0,0,0,1,0,1,0,1,0,1,0,0
45.963298,1,0,0,0,0,0,0,0,1,0,0,0,1,0,0,0,0,0
45.986138,0,0,0,0,1,0,1,0,0,1,0,1,0,1,0,0,1,0
46.000661,0,0,0,0,0,1,0,0,0,0,0,0,0,1,1,0,0,0
46.002344,0,0,0,0,0,0,0,1,0,0,0,0,0,0,0,0,0,1
46.011163,0,1,1,0,0,0,0,0,0,1,1,0,1,0,0,1,0,0
46.029006,1,0,0,1,0,0,1,0,0,1,1,0,1,1,1,0,1,0
46.042213,0,0,0,0,1,0,0,0,0,0,0,0,0,0,0,0,0,0
46.049312,0,0,1,0,0,0,0,0,1,0,0,0,1,0,0,0,0,0
46.050759,0,0,0,0,0,1,0,0,0,1,0,1,0,1,0,1,0,0
46.052629,0,0,0,0,0,0,0,1,0,0,0,0,0,0,0,0,0,1
46.063367,1,0,0,0,0,0,0,0,1,0,0,0,1,0,0,0,0,0
46.078435,0,0,0,0,0,0,1,0,0,1,0,1,0,1,0,0,1,0
46.084563,0,0,0,0,1,0,0,0,0,0,0,0,0,0,0,0,0,0
46.096761,0,0,0,0,0,0,0,1,0,0,0,0,0,0,0,0,0,1
46.099742,0,0,0,0,0,1,0,0,0,0,0,0,0,1,1,0,0,0
46.105097,0,1,1,0,0,0,0,0,0,1,1,0,1,0,0,1,0,0
46.115195,1,0,0,0,0,0,0,0,1,0,0,0,1,0,0,0,0,0
46.133319,0,0,0,0,1,0,0,0,0,0,0,0,0,0,0,0,0,0
46.148784,0,0,0,0,0,0,1,1,0,1,0,1,0,1,0,0,1,1
46.150769,0,0,0,0,0,1,0,0,0,0,0,0,0,1,1,0,0,0
46.176607,0,1,1,0,0,0,0,0,0,1,1,0,1,0,0,1,0,0
46.185339,0,0,0,0,1,0,0,0,0,0,0,0,0,0,0,0,0,0
46.191716,1,0,0,0,0,0,0,0,1,0,0,0,1,0,0,0,0,0
46.195635,0,0,0,0,0,0,1,0,0,1,0,1,0,1,0,0,1,0
46.198536,0,0,0,0,0,0,0,1,0,0,0,0,0,0,0,0,0,1
46.199509,0,0,0,0,0,1,0,0,0,0,0,0,0,1,1,0,0,0
46.217647,0,1,1,0,0,0,0,0,0,1,1,0,1,0,0,1,0,0
46.231424,0,0,0,0,1,0,0,0,0,0,0,0,0,0,0,0,0,0
46.234528,1,0,0,1,0,0,1,0,0,1,1,0,1,1,1,0,1,0
46.250934,0,0,0,0,0,1,0,0,0,0,0,0,0,1,1,0,0,0
46.251760,0,0,0,0,0,0,0,1,0,0,0,0,0,0,0,0,0,1
46.259788,0,1,1,0,0,0,0,0,0,1,1,0,1,0,0,1,0,0
46.275059,1,0,0,1,0,0,1,0,0,1,1,0,1,1,1,0,1,0
46.291505,0,0,0,0,1,0,0,0,0,0,0,0,0,0,0,0,0,0
46.296950,0,0,0,0,0,0,0,1,0,0,0,0,0,0,0,0,0,1
46.301572,0,0,0,0,0,1,0,0,0,0,0,0,0,1,1,0,0,0
46.303304,0,1,1,0,0,0,0,0,0,1,1,0,1,0,0,1,0,0
46.313934,1,0,0,1,0,0,1,0,0,1,1,0,1,1,1,0,1,0
46.332515,0,0,0,0,1,0,0,0,0,0,0,0,0,0,0,0,0,0
46.341304,0,0,1,0,0,0,0,0,1,0,0,0,1,0,0,0,0,0
46.348490,0,0,0,0,0,0,0,1,0,0,0,0,0,0,0,0,0,1
46.349661,0,0,0,0,0,1,0,0,0,1,0,1,0,1,0,1,0,0
46.366096,1,0,0,1,0,0,1,0,0,1,1,0,1,1,1,0,1,0
46.387184,0,0,1,0,0,0,0,0,1,0,0,0,1,0,0,0,0,0
46.387936,0,0,0,0,1,0,0,0,0,0,0,0,0,0,0,0,0,0
46.400068,0,0,0,0,0,0,0,1,0,0,0,0,0,0,0,0,0,1
46.400990,0,0,0,0,0,1,0,0,0,1,0,1,0,1,0,1,0,0
46.415193,1,0,0,1,0,0,1,0,0,1,1,0,1,1,1,0,1,0
46.435661,0,0,1,0,0,0,0,0,1,0,0,0,1,0,0,0,0,0
46.438027,0,0,0,0,1,0,0,0,0,0,0,0,0,0,0,0,0,0
46.449033,0,0,0,0,0,1,0,0,0,1,0,1,0,1,0,1,0,0
46.449887,0,0,0,0,0,0,0,1,0,0,0,0,0,0,0,0,0,1
46.466961,1,0,0,0,0,0,0,0,1,0,0,0,1,0,0,0,0,0
46.487795,0,0,0,0,1,0,1,0,0,1,0,1,0,1,0,0,1,0
46.499896,0,0,0,0,0,0,0,1,0,0,0,0,0,0,0,0,0,1
46.499980,0,0,0,0,0,1,0,0,0,0,0,0,0,1,1,0,0,0
46.514923,0,1,1,0,0,0,0,0,0,1,1,0,1,0,0,1,0,0
46.526995,1,0,0,0,0,0,0,0,1,0,0,0,1,0,0,0,0,0
46.533202,0,0,0,0,1,0,0,0,0,0,0,0,0,0,0,0,0,0
46.548739,0,0,0,0,0,0,0,1,0,0,0,0,0,0,0,0,0,1
46.550069,0,0,0,0,0,1,1,0,0,1,0,1,0,1,0,0,1,0
46.571768,0,1,1,0,0,0,0,0,0,1,1,0,1,0,0,1,0,0
46.582370,1,0,0,0,0,0,0,0,1,0,0,0,1,0,0,0,0,0
46.588169,0,0,0,0,1,0,0,0,0,0,0,0,0,0,0,0,0,0
46.598325,0,0,0,0,0,0,0,1,0,0,0,0,0,0,0,0,0,1
46.598807,0,0,0,0,0,0,1,0,0,1,0,1,0,1,0,0,1,0
46.599666,0,0,0,0,0,1,0,0,0,0,0,0,0,1,1,0,0,0
46.620666,0,1,1,0,0,0,0,0,0,1,1,0,1,0,0,1,0,0
46.633335,0,0,0,0,1,0,0,0,0,0,0,0,0,0,0,0,0,0
46.635301,1,0,0,1,0,0,1,0,0,1,1,0,1,1,1,0,1,0
46.646996,0,0,0,0,0,0,0,1,0,0,0,0,0,0,0,0,0,1
46.650462,0,0,0,0,0,1,0,0,0,0,0,0,0,1,1,0,0,0
46.662543,0,1,1,0,0,0,0,0,0,1,1,0,1,0,0,1,0,0
46.680546,1,0,0,0,0,0,0,0,1,0,0,0,1,0,0,0,0,0
46.681885,0,0,0,0,1,0,0,0,0,0,0,0,0,0,0,0,0,0
46.699852,0,0,0,0,0,1,1,0,0,1,0,1,0,1,0,0,1,0
46.702897,0,0,0,0,0,0,0,1,0,0,0,0,0,0,0,0,0,1
46.726046,0,1,1,0,0,0,0,0,0,1,1,0,1,0,0,1,0,0
46.736662,1,0,0,0,0,0,0,0,1,0,0,0,1,0,0,0,0,0
46.739565,0,0,0,0,1,0,0,0,0,0,0,0,0,0,0,0,0,0
46.741416,0,0,0,0,0,0,1,0,0,1,0,1,0,1,0,0,1,0
46.750075,0,0,0,0,0,1,0,0,0,0,0,0,0,1,1,0,0,0
46.751610,0,0,0,0,0,0,0,1,0,0,0,0,0,0,0,0,0,1
46.763148,0,1,1,0,0,0,0,0,0,1,1,0,1,0,0,1,0,0
46.778612,1,0,0,1,0,0,1,0,0,1,1,0,1,1,1,0,1,0
46.789326,0,0,0,0,1,0,0,0,0,0,0,0,0,0,0,0,0,0
46.797890,0,0,0,0,0,0,0,1,0,0,0,0,0,0,0,0,0,1
46.800589,0,0,0,0,0,1,0,0,0,0,0,0,0,1,1,0,0,0
46.805580,0,1,1,0,0,0,0,0,0,1,1,0,1,0,0,1,0,0
46.818182,1,0,0,0,0,0,0,0,1,0,0,0,1,0,0,0,0,0
46.834201,0,0,0,0,1,0,1,0,0,1,0,1,0,1,0,0,1,0
46.848810,0,0,0,0,0,0,0,1,0,0,0,0,0,0,0,0,0,1
46.850880,0,0,0,0,0,1,0,0,0,0,0,0,0,1,1,0,0,0
46.862931,0,1,1,0,0,0,0,0,0,1,1,0,1,0,0,1,0,0
46.881448,1,0,0,1,0,0,1,0,0,1,1,0,1,1,1,0,1,0
46.886163,0,0,0,0,1,0,0,0,0,0,0,0,0,0,0,0,0,0
46.900302,0,0,0,0,0,1,0,0,0,0,0,0,0,1,1,0,0,0
46.901964,0,0,0,0,0,0,0,1,0,0,0,0,0,0,0,0,0,1
46.902664,0,1,1,0,0,0,0,0,0,1,1,0,1,0,0,1,0,0
46.917769,1,0,0,0,0,0,0,0,1,0,0,0,1,0,0,0,0,0
46.937652,0,0,0,0,1,0,1,0,0,1,0,1,0,1,0,0,1,0
46.948228,0,0,0,0,0,0,0,1,0,0,0,0,0,0,0,0,0,1
46.949304,0,0,0,0,0,1,0,0,0,0,0,0,0,1,1,0,0,0
46.966445,0,1,1,0,0,0,0,0,0,1,1,0,1,0,0,1,0,0
46.983413,1,0,0,1,0,0,1,0,0,1,1,0,1,1,1,0,1,0
46.984032,0,0,0,0,1,0,0,0,0,0,0,0,0,0,0,0,0,0
46.997386,0,0,0,0,0,0,0,1,0,0,0,0,0,0,0,0,0,1
46.998777,0,0,0,0,0,1,0,0,0,0,0,0,0,1,1,0,0,0
47.009107,0,1,1,0,0,0,0,0,0,1,1,0,1,0,0,1,0,0
47.024390,1,0,0,0,0,0,0,0,1,0,0,0,1,0,0,0,0,0
47.026161,0,0,0,0,0,0,1,0,0,1,0,1,0,1,0,0,1,0
47.033477,0,0,0,0,1,0,0,0,0,0,0,0,0,0,0,0,0,0
47.049960,0,0,0,0,0,1,0,0,0,0,0,0,0,1,1,0,0,0
47.050818,0,1,1,0,0,0,0,0,0,1,1,0,1,0,0,1,0,0
47.053737,0,0,0,0,0,0,0,1,0,0,0,0,0,0,0,0,0,1
47.070472,1,0,0,0,0,0,0,0,1,0,0,0,1,0,0,0,0,0
47.085651,0,0,0,0,1,0,1,0,0,1,0,1,0,1,0,0,1,0
47.099479,0,0,0,0,0,1,0,0,0,0,0,0,0,1,1,0,0,0
47.103263,0,0,0,0,0,0,0,1,0,0,0,0,0,0,0,0,0,1
47.109016,0,1,1,0,0,0,0,0,0,1,1,0,1,0,0,1,0,0
47.124448,1,0,0,1,0,0,1,0,0,1,1,0,1,1,1,0,1,0
47.138064,0,0,0,0,1,0,0,0,0,0,0,0,0,0,0,0,0,0
47.146181,0,0,1,0,0,0,0,0,1,0,0,0,1,0,0,0,0,0
47.147391,0,0,0,0,0,0,0,1,0,0,0,0,0,0,0,0,0,1
47.149641,0,0,0,0,0,1,0,0,0,1,0,1,0,1,0,1,0,0
47.162966,1,0,0,1,0,0,1,0,0,1,1,0,1,1,1,0,1,0
47.186200,0,0,0,0,1,0,0,0,0,0,0,0,0,0,0,0,0,0
47.188992,0,0,1,0,0,0,0,0,1,0,0,0,1,0,0,0,0,0
47.199877,0,0,0,0,0,1,0,0,0,1,0,1,0,1,0,1,0,0
47.202775,0,0,0,0,0,0,0,1,0,0,0,0,0,0,0,0,0,1
47.217008,1,0,0,0,0,0,0,0,1,0,0,0,1,0,0,0,0,0
47.238326,0,0,0,0,1,0,0,0,0,0,0,0,0,0,0,0,0,0
47.250005,0,0,0,0,0,1,1,0,0,1,0,1,0,1,0,0,1,0
47.250744,0,0,0,0,0,0,0,1,0,0,0,0,0,0,0,0,0,1
47.274627,0,1,1,0,0,0,0,0,0,1,1,0,1,0,0,1,0,0
47.283757,0,0,0,0,1,0,0,0,0,0,0,0,0,0,0,0,0,0
47.287752,1,0,0,1,0,0,1,0,0,1,1,0,1,1,1,0,1,0
47.297172,0,0,0,0,0,0,0,1,0,0,0,0,0,0,0,0,0,1
47.301220,0,0,0,0,0,1,0,0,0,0,0,0,0,1,1,0,0,0
47.311830,0,1,1,0,0,0,0,0,0,1,1,0,1,0,0,1,0,0
47.323999,1,0,0,1,0,0,1,0,0,1,1,0,1,1,1,0,1,0
47.337103,0,0,0,0,1,0,0,0,0,0,0,0,0,0,0,0,0,0
47.348874,0,0,0,0,0,0,0,1,0,0,0,0,0,0,0,0,0,1
47.350693,0,0,0,0,0,1,0,0,0,0,0,0,0,1,1,0,0,0
47.352170,0,1,1,0,0,0,0,0,0,1,1,0,1,0,0,1,0,0
47.370815,1,0,0,0,0,0,0,0,1,0,0,0,1,0,0,0,0,0
47.388403,0,0,0,0,1,0,0,0,0,0,0,0,0,0,0,0,0,0
47.392493,0,0,0,0,0,0,1,0,0,1,0,1,0,1,0,0,1,0
47.398853,0,0,0,0,0,1,0,0,0,0,0,0,0,1,1,0,0,0
47.401348,0,0,0,0,0,0,0,1,0,0,0,0,0,0,0,0,0,1
47.415653,0,1,1,0,0,0,0,0,0,1,1,0,1,0,0,1,0,0
47.427473,1,0,0,0,0,0,0,0,1,0,0,0,1,0,0,0,0,0
47.434064,0,0,0,0,0,0,1,0,0,1,0,1,0,1,0,0,1,0
47.435494,0,0,0,0,1,0,0,0,0,0,0,0,0,0,0,0,0,0
47.448241,0,0,0,0,0,0,0,1,0,0,0,0,0,0,0,0,0,1
47.449524,0,0,0,0,0,1,0,0,0,0,0,0,0,1,1,0,0,0
47.455314,0,1,1,0,0,0,0,0,0,1,1,0,1,0,0,1,0,0
47.468157,1,0,0,1,0,0,1,0,0,1,1,0,1,1,1,0,1,0
47.484515,0,0,0,0,1,0,0,0,0,0,0,0,0,0,0,0,0,0
47.491689,0,0,1,0,0,0,0,0,1,0,0,0,1,0,0,0,0,0
47.496505,0,0,0,0,0,0,0,1,0,0,0,0,0,0,0,0,0,1
47.500077,0,0,0,0,0,1,0,0,0,1,0,1,0,1,0,1,0,0
47.511645,1,0,0,1,0,0,1,0,0,1,1,0,1,1,1,0,1,0
47.534407,0,0,0,0,1,0,0,0,0,0,0,0,0,0,0,0,0,0
47.540021,0,0,1,0,0,0,0,0,1,0,0,0,1,0,0,0,0,0
47.548974,0,0,0,0,0,1,0,0,0,1,0,1,0,1,0,1,0,0
47.549888,0,0,0,0,0,0,0,1,0,0,0,0,0,0,0,0,0,1
47.568945,1,0,0,1,0,0,1,0,0,1,1,0,1,1,1,0,1,0
47.584877,0,0,0,0,1,0,0,0,0,0,0,0,0,0,0,0,0,0
47.589151,0,0,1,0,0,0,0,0,1,0,0,0,1,0,0,0,0,0
47.600329,0,0,0,0,0,1,0,0,0,1,0,1,0,1,0,1,0,0
47.600586,0,0,0,0,0,0,0,1,0,0,0,0,0,0,0,0,0,1
47.613329,1,0,0,0,0,0,0,0,1,0,0,0,1,0,0,0,0,0
47.627713,0,0,0,0,0,0,1,0,0,1,0,1,0,1,0,0,1,0
47.634311,0,0,0,0,1,0,0,0,0,0,0,0,0,0,0,0,0,0
47.646212,0,0,0,0,0,0,0,1,0,0,0,0,0,0,0,0,0,1
47.650429,0,0,0,0,0,1,0,0,0,0,0,0,0,1,1,0,0,0
47.651870,0,1,1,0,0,0,0,0,0,1,1,0,1,0,0,1,0,0
47.668321,1,0,0,1,0,0,1,0,0,1,1,0,1,1,1,0,1,0
47.680557,0,0,0,0,1,0,0,0,0,0,0,0,0,0,0,0,0,0
47.689806,0,0,1,0,0,0,0,0,1,0,0,0,1,0,0,0,0,0
47.697559,0,0,0,0,0,0,0,1,0,0,0,0,0,0,0,0,0,1
47.700389,0,0,0,0,0,1,0,0,0,1,0,1,0,1,0,1,0,0
47.718369,1,0,0,0,0,0,0,0,1,0,0,0,1,0,0,0,0,0
47.733347,0,0,0,0,1,0,0,0,0,0,0,0,0,0,0,0,0,0
47.749822,0,0,0,0,0,0,1,1,0,1,0,1,0,1,0,0,1,1
47.749836,0,0,0,0,0,1,0,0,0,0,0,0,0,1,1,0,0,0
47.778792,0,1,1,0,0,0,0,0,0,1,1,0,1,0,0,1,0,0
47.787987,0,0,0,0,1,0,0,0,0,0,0,0,0,0,0,0,0,0
47.792587,1,0,0,0,0,0,0,0,1,0,0,0,1,0,0,0,0,0
47.799595,0,0,0,0,0,1,1,0,0,1,0,1,0,1,0,1,0,0
47.800920,0,0,0,0,0,0,0,1,0,0,0,0,0,0,0,0,0,1
47.814283,1,0,0,1,0,0,0,0,0,1,1,0,1,0,0,0,1,0
47.819623,0,0,0,0,0,0,1,0,0,0,0,0,0,1,1,0,0,0
47.835834,0,0,0,0,1,0,0,0,0,0,0,0,0,0,0,0,0,0
47.839562,0,0,1,1,0,0,0,0,0,1,1,0,1,0,0,0,1,0
47.851277,0,0,0,0,0,1,0,0,0,0,0,0,0,1,1,0,0,0
47.852679,0,0,0,0,0,0,0,1,0,0,0,0,0,0,0,0,0,1
47.863731,0,1,1,0,0,0,0,0,0,1,1,0,1,0,0,1,0,0
47.879170,1,0,0,1,0,0,1,0,0,1,1,0,1,1,1,0,1,0
47.886053,0,0,0,0,1,0,0,0,0,0,0,0,0,0,0,0,0,0
47.899006,0,0,0,0,0,1,0,0,0,0,0,0,0,1,1,0,0,0
47.899070,0,0,0,0,0,0,0,1,0,0,0,0,0,0,0,0,0,1
47.907585,0,1,1,0,0,0,0,0,0,1,1,0,1,0,0,1,0,0
47.917623,1,0,0,0,0,0,0,0,1,0,0,0,1,0,0,0,0,0
47.935546,0,0,0,0,1,0,0,0,0,0,0,0,0,0,0,0,0,0
47.939220,0,0,0,0,0,0,1,0,0,1,0,1,0,1,0,0,1,0
47.951067,0,0,0,0,0,1,0,0,0,0,0,0,0,1,1,0,0,0
47.951604,0,0,0,0,0,0,0,1,0,0,0,0,0,0,0,0,0,1
47.959713,0,1,1,0,0,0,0,0,0,1,1,0,1,0,0,1,0,0
47.973186,1,0,0,1,0,0,1,0,0,1,1,0,1,1,1,0,1,0
47.991518,0,0,0,0,1,0,0,0,0,0,0,0,0,0,0,0,0,0
47.993963,0,0,1,0,0,0,0,0,1,0,0,0,1,0,0,0,0,0
47.999191,0,0,0,0,0,0,0,1,0,0,0,0,0,0,0,0,0,1
47.999984,0,0,0,0,0,1,0,0,0,1,0,1,0,1,0,1,0,0
48.017999,1,0,0,1,0,0,1,0,0,1,1,0,1,1,1,0,1,0
48.035827,0,0,0,0,1,0,0,0,0,0,0,0,0,0,0,0,0,0
48.038884,0,0,1,0,0,0,0,0,1,0,0,0,1,0,0,0,0,0
48.051808,0,0,0,0,0,1,0,0,0,1,0,1,0,1,0,1,0,0
48.053209,0,0,0,0,0,0,0,1,0,0,0,0,0,0,0,0,0,1
48.066071,1,0,0,1,0,0,1,0,0,1,1,0,1,1,1,0,1,0
48.087258,0,0,1,0,0,0,0,0,1,0,0,0,1,0,0,0,0,0
48.088357,0,0,0,0,1,0,0,0,0,0,0,0,0,0,0,0,0,0
48.097857,0,0,0,0,0,0,0,1,0,0,0,0,0,0,0,0,0,1
48.101247,0,0,0,0,0,1,0,0,0,1,0,1,0,1,0,1,0,0
48.112345,1,0,0,0,0,0,0,0,1,0,0,0,1,0,0,0,0,0
48.132758,0,0,0,0,1,0,0,0,0,0,0,0,0,0,0,0,0,0
48.149166,0,0,0,0,0,1,1,0,0,1,0,1,0,1,0,0,1,0
48.151821,0,0,0,0,0,0,0,1,0,0,0,0,0,0,0,0,0,1
48.175246,0,1,1,0,0,0,0,0,0,1,1,0,1,0,0,1,0,0
48.185053,0,0,0,0,1,0,0,0,0,0,0,0,0,0,0,0,0,0
48.192064,1,0,0,0,0,0,0,0,1,0,0,0,1,0,0,0,0,0
48.199524,0,0,0,0,0,0,0,1,0,0,0,0,0,0,0,0,0,1
48.199578,0,0,0,0,0,1,0,0,0,1,0,1,0,1,0,1,0,0
48.200578,0,0,0,0,0,0,1,0,0,0,0,0,0,1,1,0,0,0
48.210606,1,0,0,1,0,0,0,0,0,1,1,0,1,0,0,0,1,0
48.231616,0,0,0,0,0,0,1,0,0,0,0,0,0,1,1,0,0,0
48.234049,0,0,0,0,1,0,0,0,0,0,0,0,0,0,0,0,0,0
48.235422,0,0,1,1,0,0,0,0,0,1,1,0,1,0,0,0,1,0
48.249591,0,0,0,0,0,1,0,0,0,0,0,0,0,1,1,0,0,0
48.251514,0,0,0,0,0,0,0,1,0,0,0,0,0,0,0,0,0,1
48.256648,0,1,1,0,0,0,0,0,0,1,1,0,1,0,0,1,0,0
48.275203,1,0,0,1,0,0,1,0,0,1,1,0,1,1,1,0,1,0
48.288385,0,0,0,0,1,0,0,0,0,0,0,0,0,0,0,0,0,0
48.297924,0,0,1,0,0,0,0,0,1,0,0,0,1,0,0,0,0,0
48.298913,0,0,0,0,0,0,0,1,0,0,0,0,0,0,0,0,0,1
48.301095,0,0,0,0,0,1,0,0,0,1,0,1,0,1,0,1,0,0
48.317147,1,0,0,0,0,0,0,0,1,0,0,0,1,0,0,0,0,0
48.329819,0,0,0,0,1,0,0,0,0,0,0,0,0,0,0,0,0,0
48.349276,0,0,0,0,0,1,0,0,0,1,0,1,0,1,0,1,0,0
48.350961,0,0,0,0,0,0,1,0,0,0,0,0,0,1,1,0,0,0
48.352261,0,0,0,0,0,0,0,1,0,0,0,0,0,0,0,0,0,1
48.363664,1,0,0,1,0,0,0,0,0,1,1,0,1,0,0,0,1,0
48.380613,0,0,0,0,0,0,1,0,0,0,0,0,0,1,1,0,0,0
48.389467,0,0,1,1,0,0,0,0,0,1,1,0,1,0,0,0,1,0
48.391321,0,0,0,0,1,0,0,0,0,0,0,0,0,0,0,0,0,0
48.401383,0,0,0,0,0,1,0,0,0,0,0,0,0,1,1,0,0,0
48.403689,0,0,0,0,0,0,0,1,0,0,0,0,0,0,0,0,0,1
48.414937,0,1,1,0,0,0,0,0,0,1,1,0,1,0,0,1,0,0
48.426588,1,0,0,0,0,0,0,0,1,0,0,0,1,0,0,0,0,0
48.429845,0,0,0,0,0,0,1,0,0,1,0,1,0,1,0,0,1,0
48.441895,0,0,0,0,1,0,0,0,0,0,0,0,0,0,0,0,0,0
48.450209,0,0,0,0,0,1,0,0,0,0,0,0,0,1,1,0,0,0
48.451362,0,0,0,0,0,0,0,1,0,0,0,0,0,0,0,0,0,1
48.455875,0,1,1,0,0,0,0,0,0,1,1,0,1,0,0,1,0,0
48.467591,1,0,0,1,0,0,1,0,0,1,1,0,1,1,1,0,1,0
48.487243,0,0,0,0,1,0,0,0,0,0,0,0,0,0,0,0,0,0
48.494020,0,0,1,0,0,0,0,0,1,0,0,0,1,0,0,0,0,0
48.500104,0,0,0,0,0,1,0,0,0,1,0,1,0,1,0,1,0,0
48.502224,0,0,0,0,0,0,0,1,0,0,0,0,0,0,0,0,0,1
48.511012,1,0,0,0,0,0,0,0,1,0,0,0,1,0,0,0,0,0
48.529033,0,0,0,0,0,0,1,0,0,1,0,1,0,1,0,0,1,0
48.540995,0,0,0,0,1,0,0,0,0,0,0,0,0,0,0,0,0,0
48.548522,0,0,0,0,0,1,0,0,0,0,0,0,0,1,1,0,0,0
48.553751,0,0,0,0,0,0,0,1,0,0,0,0,0,0,0,0,0,1
48.554540,0,1,1,0,0,0,0,0,0,1,1,0,1,0,0,1,0,0
48.571991,1,0,0,0,0,0,0,0,1,0,0,0,1,0,0,0,0,0
48.586440,0,0,0,0,1,0,0,0,0,0,0,0,0,0,0,0,0,0
48.593563,0,0,0,0,0,0,1,0,0,1,0,1,0,1,0,0,1,0
48.598451,0,0,0,0,0,0,0,1,0,0,0,0,0,0,0,0,0,1
48.600022,0,0,0,0,0,1,0,0,0,0,0,0,0,1,1,0,0,0
48.615585,0,1,1,0,0,0,0,0,0,1,1,0,1,0,0,1,0,0
48.628303,1,0,0,0,0,0,0,0,1,0,0,0,1,0,0,0,0,0
48.634035,0,0,0,0,1,0,1,0,0,1,0,1,0,1,0,0,1,0
48.646676,0,0,0,0,0,0,0,1,0,0,0,0,0,0,0,0,0,1
48.650480,0,0,0,0,0,1,0,0,0,0,0,0,0,1,1,0,0,0
48.655693,0,1,1,0,0,0,0,0,0,1,1,0,1,0,0,1,0,0
48.668947,1,0,0,1,0,0,1,0,0,1,1,0,1,1,1,0,1,0
48.685325,0,0,0,0,1,0,0,0,0,0,0,0,0,0,0,0,0,0
48.694871,0,0,1,0,0,0,0,0,1,0,0,0,1,0,0,0,0,0
48.697455,0,0,0,0,0,0,0,1,0,0,0,0,0,0,0,0,0,1
48.700322,0,0,0,0,0,1,0,0,0,1,0,1,0,1,0,1,0,0
48.711941,1,0,0,1,0,0,1,0,0,1,1,0,1,1,1,0,1,0
48.731521,0,0,0,0,1,0,0,0,0,0,0,0,0,0,0,0,0,0
48.734379,0,0,1,0,0,0,0,0,1,0,0,0,1,0,0,0,0,0
48.748347,0,0,0,0,0,0,0,1,0,0,0,0,0,0,0,0,0,1
48.749515,0,0,0,0,0,1,0,0,0,1,0,1,0,1,0,1,0,0
48.761506,1,0,0,1,0,0,1,0,0,1,1,0,1,1,1,0,1,0
48.781884,0,0,1,0,0,0,0,0,1,0,0,0,1,0,0,0,0,0
48.787822,0,0,0,0,1,0,0,0,0,0,0,0,0,0,0,0,0,0
48.799671,0,0,0,0,0,1,0,0,0,1,0,1,0,1,0,1,0,0
48.800221,0,0,0,0,0,0,0,1,0,0,0,0,0,0,0,0,0,1
48.818382,1,0,0,0,0,0,0,0,1,0,0,0,1,0,0,0,0,0
48.837110,0,0,0,0,1,0,1,0,0,1,0,1,0,1,0,0,1,0
48.849809,0,0,0,0,0,1,0,0,0,0,0,0,0,1,1,0,0,0
48.850168,0,0,0,0,0,0,0,1,0,0,0,0,0,0,0,0,0,1
48.859483,0,1,1,0,0,0,0,0,0,1,1,0,1,0,0,1,0,0
48.872825,1,0,0,1,0,0,1,0,0,1,1,0,1,1,1,0,1,0
48.883436,0,0,0,0,1,0,0,0,0,0,0,0,0,0,0,0,0,0
48.895122,0,0,1,0,0,0,0,0,1,0,0,0,1,0,0,0,0,0
48.897975,0,0,0,0,0,0,0,1,0,0,0,0,0,0,0,0,0,1
48.898498,0,0,0,0,0,1,0,0,0,1,0,1,0,1,0,1,0,0
48.916972,1,0,0,0,0,0,0,0,1,0,0,0,1,0,0,0,0,0
48.927187,0,0,0,0,0,0,1,0,0,1,0,1,0,1,0,0,1,0
48.936788,0,0,0,0,1,0,0,0,0,0,0,0,0,0,0,0,0,0
48.948581,0,0,0,0,0,0,0,1,0,0,0,0,0,0,0,0,0,1
48.950092,0,0,0,0,0,1,0,0,0,0,0,0,0,1,1,0,0,0
48.956477,0,1,1,0,0,0,0,0,0,1,1,0,1,0,0,1,0,0
48.972587,1,0,0,1,0,0,1,0,0,1,1,0,1,1,1,0,1,0
48.982048,0,0,0,0,1,0,0,0,0,0,0,0,0,0,0,0,0,0
48.997680,0,0,1,0,0,0,0,0,1,0,0,0,1,0,0,0,0,0
48.999243,0,0,0,0,0,0,0,1,0,0,0,0,0,0,0,0,0,1
48.999748,0,0,0,0,0,1,0,0,0,1,0,1,0,1,0,1,0,0
49.013447,1,0,0,1,0,0,1,0,0,1,1,0,1,1,1,0,1,0
49.036612,0,0,1,0,0,0,0,0,1,0,0,0,1,0,0,0,0,0
49.037213,0,0,0,0,1,0,0,0,0,0,0,0,0,0,0,0,0,0
49.048510,0,0,0,0,0,0,0,1,0,0,0,0,0,0,0,0,0,1
49.050164,0,0,0,0,0,1,0,0,0,1,0,1,0,1,0,1,0,0
49.065964,1,0,0,1,0,0,1,0,0,1,1,0,1,1,1,0,1,0
49.083149,0,0,0,0,1,0,0,0,0,0,0,0,0,0,0,0,0,0
49.086230,0,0,1,0,0,0,0,0,1,0,0,0,1,0,0,0,0,0
49.097746,0,0,0,0,0,0,0,1,0,0,0,0,0,0,0,0,0,1
49.101483,0,0,0,0,0,1,0,0,0,1,0,1,0,1,0,1,0,0
49.114825,1,0,0,0,0,0,0,0,1,0,0,0,1,0,0,0,0,0
49.122824,0,0,0,0,0,0,1,0,0,1,0,1,0,1,0,0,1,0
49.128688,0,0,0,0,1,0,0,0,0,0,0,0,0,0,0,0,0,0
49.144373,0,0,1,0,0,0,0,0,1,0,0,0,1,0,0,0,0,0
49.149705,0,0,0,0,0,1,0,0,0,1,0,1,0,1,0,1,0,0
49.152950,0,0,0,0,0,0,0,1,0,0,0,0,0,0,0,0,0,1
49.165857,1,0,0,0,0,0,0,0,1,0,0,0,1,0,0,0,0,0
49.187967,0,0,0,0,1,0,1,0,0,1,0,1,0,1,0,0,1,0
49.198868,0,0,0,0,0,0,0,1,0,0,0,0,0,0,0,0,0,1
49.199640,0,0,0,0,0,1,0,0,0,0,0,0,0,1,1,0,0,0
49.214513,0,1,1,0,0,0,0,0,0,1,1,0,1,0,0,1,0,0
49.231689,1,0,0,0,0,0,0,0,1,0,0,0,1,0,0,0,0,0
49.237852,0,0,0,0,1,0,0,0,0,0,0,0,0,0,0,0,0,0
49.245076,0,0,0,0,0,0,1,0,0,1,0,1,0,1,0,0,1,0
49.251051,0,0,0,0,0,0,0,1,0,0,0,0,0,0,0,0,0,1
49.251715,0,0,0,0,0,1,0,0,0,0,0,0,0,1,1,0,0,0
49.274193,0,1,1,0,0,0,0,0,0,1,1,0,1,0,0,1,0,0
49.285012,0,0,0,0,1,0,0,0,0,0,0,0,0,0,0,0,0,0
49.286310,1,0,0,1,0,0,1,0,0,1,1,0,1,1,1,0,1,0
49.299917,0,0,0,0,0,0,0,1,0,0,0,0,0,0,0,0,0,1
49.300403,0,0,0,0,0,1,0,0,0,0,0,0,0,1,1,0,0,0
49.309432,0,1,1,0,0,0,0,0,0,1,1,0,1,0,0,1,0,0
49.321564,1,0,0,1,0,0,1,0,0,1,1,0,1,1,1,0,1,0
49.333630,0,0,0,0,1,0,0,0,0,0,0,0,0,0,0,0,0,0
49.346070,0,0,1,0,0,0,0,0,1,0,0,0,1,0,0,0,0,0
49.350278,0,0,0,0,0,1,0,0,0,1,0,1,0,1,0,1,0,0
49.353080,0,0,0,0,0,0,0,1,0,0,0,0,0,0,0,0,0,1
49.360306,1,0,0,1,0,0,1,0,0,1,1,0,1,1,1,0,1,0
49.383457,0,0,1,0,0,0,0,0,1,0,0,0,1,0,0,0,0,0
49.392484,0,0,0,0,1,0,0,0,0,0,0,0,0,0,0,0,0,0
49.396591,0,0,0,0,0,0,0,1,0,0,0,0,0,0,0,0,0,1
49.398585,0,0,0,0,0,1,0,0,0,1,0,1,0,1,0,1,0,0
49.409618,1,0,0,1,0,0,1,0,0,1,1,0,1,1,1,0,1,0
49.429509,0,0,0,0,1,0,0,0,0,0,0,0,0,0,0,0,0,0
49.429935,0,0,1,0,0,0,0,0,1,0,0,0,1,0,0,0,0,0
49.448372,0,0,0,0,0,0,0,1,0,0,0,0,0,0,0,0,0,1
49.449901,0,0,0,0,0,1,0,0,0,1,0,1,0,1,0,1,0,0
49.465794,1,0,0,0,0,0,0,0,1,0,0,0,1,0,0,0,0,0
49.476056,0,0,0,0,0,0,1,0,0,1,0,1,0,1,0,0,1,0
49.484246,0,0,0,0,1,0,0,0,0,0,0,0,0,0,0,0,0,0
49.496951,0,0,1,0,0,0,0,0,1,0,0,0,1,0,0,0,0,0
49.497316,0,0,0,0,0,0,0,1,0,0,0,0,0,0,0,0,0,1
49.500542,0,0,0,0,0,1,0,0,0,1,0,1,0,1,0,1,0,0
49.516173,1,0,0,1,0,0,1,0,0,1,1,0,1,1,1,0,1,0
49.528252,0,0,0,0,1,0,0,0,0,0,0,0,0,0,0,0,0,0
49.544781,0,0,1,0,0,0,0,0,1,0,0,0,1,0,0,0,0,0
49.546474,0,0,0,0,0,0,0,1,0,0,0,0,0,0,0,0,0,1
49.551527,0,0,0,0,0,1,0,0,0,1,0,1,0,1,0,1,0,0
49.564155,1,0,0,0,0,0,0,0,1,0,0,0,1,0,0,0,0,0
49.583574,0,0,0,0,1,0,1,0,0,1,0,1,0,1,0,0,1,0
49.600821,0,0,0,0,0,1,0,0,0,0,0,0,0,1,1,0,0,0
49.601240,0,0,0,0,0,0,0,1,0,0,0,0,0,0,0,0,0,1
49.611996,0,1,1,0,0,0,0,0,0,1,1,0,1,0,0,1,0,0
49.629710,1,0,0,1,0,0,1,0,0,1,1,0,1,1,1,0,1,0
49.636175,0,0,0,0,1,0,0,0,0,0,0,0,0,0,0,0,0,0
49.649423,0,0,0,0,0,1,0,0,0,0,0,0,0,1,1,0,0,0
49.650060,0,0,0,0,0,0,0,1,0,0,0,0,0,0,0,0,0,1
49.652966,0,1,1,0,0,0,0,0,0,1,1,0,1,0,0,1,0,0
49.666651,1,0,0,1,0,0,1,0,0,1,1,0,1,1,1,0,1,0
49.688765,0,0,0,0,1,0,0,0,0,0,0,0,0,0,0,0,0,0
49.693131,0,0,1,0,0,0,0,0,1,0,0,0,1,0,0,0,0,0
49.698941,0,0,0,0,0,0,0,1,0,0,0,0,0,0,0,0,0,1
49.699319,0,0,0,0,0,1,0,0,0,1,0,1,0,1,0,1,0,0
49.714303,1,0,0,0,0,0,0,0,1,0,0,0,1,0,0,0,0,0
49.734729,0,0,0,0,1,0,0,0,0,0,0,0,0,0,0,0,0,0
49.749382,0,0,0,0,0,1,0,0,0,1,0,1,0,1,0,1,0,0
49.750071,0,0,0,0,0,0,0,1,0,0,0,0,0,0,0,0,0,1
49.752292,0,0,0,0,0,0,1,0,0,0,0,0,0,1,1,0,0,0
49.765186,1,0,0,1,0,0,1,0,0,1,1,0,1,1,1,0,1,0
49.780345,0,0,0,0,1,0,0,0,0,0,0,0,0,0,0,0,0,0
49.789198,0,0,1,1,0,0,0,0,0,1,1,0,1,0,0,0,1,0
49.798504,0,0,0,0,0,0,0,1,0,0,0,0,0,0,0,0,0,1
49.801368,0,0,0,0,0,1,0,0,0,0,0,0,0,1,1,0,0,0
49.817282,0,1,1,0,0,0,0,0,0,1,1,0,1,0,0,1,0,0
49.828315,1,0,0,1,0,0,1,0,0,1,1,0,1,1,1,0,1,0
49.836640,0,0,0,0,1,0,0,0,0,0,0,0,0,0,0,0,0,0
49.848867,0,0,1,0,0,0,0,0,1,0,0,0,1,0,0,0,0,0
49.850559,0,0,0,0,0,1,0,0,0,1,0,1,0,1,0,1,0,0
49.852597,0,0,0,0,0,0,0,1,0,0,0,0,0,0,0,0,0,1
49.864590,1,0,0,1,0,0,1,0,0,1,1,0,1,1,1,0,1,0
49.891104,0,0,1,0,0,0,0,0,1,0,0,0,1,0,0,0,0,0
49.891521,0,0,0,0,1,0,0,0,0,0,0,0,0,0,0,0,0,0
49.899096,0,0,0,0,0,1,0,0,0,1,0,1,0,1,0,1,0,0
49.899771,0,0,0,0,0,0,0,1,0,0,0,0,0,0,0,0,0,1
49.912443,1,0,0,1,0,0,1,0,0,1,1,0,1,1,1,0,1,0
49.937905,0,0,1,0,0,0,0,0,1,0,0,0,1,0,0,0,0,0
49.938783,0,0,0,0,1,0,0,0,0,0,0,0,0,0,0,0,0,0
49.947722,0,0,0,0,0,0,0,1,0,0,0,0,0,0,0,0,0,1
49.949624,0,0,0,0,0,1,0,0,0,1,0,1,0,1,0,1,0,0
49.964109,1,0,0,0,0,0,0,0,1,0,0,0,1,0,0,0,0,0
49.983454,0,0,0,0,1,0,1,0,0,1,0,1,0,1,0,0,1,0
50.000162,0,0,0,0,0,1,0,0,0,0,0,0,0,1,1,0,0,0
50.002016,0,0,0,0,0,0,0,1,0,0,0,0,0,0,0,0,0,1
50.006676,0,1,1,0,0,0,0,0,0,1,1,0,1,0,0,1,0,0
50.021768,1,0,0,1,0,0,1,0,0,1,1,0,1,1,1,0,1,0
50.034477,0,0,0,0,1,0,0,0,0,0,0,0,0,0,0,0,0,0
50.048171,0,0,1,0,0,0,0,0,1,0,0,0,1,0,0,0,0,0
50.050632,0,0,0,0,0,1,0,0,0,1,0,1,0,1,0,1,0,0
50.050859,0,0,0,0,0,0,0,1,0,0,0,0,0,0,0,0,0,1
50.070629,1,0,0,1,0,0,1,0,0,1,1,0,1,1,1,0,1,0
50.085893,0,0,0,0,1,0,0,0,0,0,0,0,0,0,0,0,0,0
50.096667,0,0,1,0,0,0,0,0,1,0,0,0,1,0,0,0,0,0
50.100905,0,0,0,0,0,0,0,1,0,0,0,0,0,0,0,0,0,1
50.101748,0,0,0,0,0,1,0,0,0,1,0,1,0,1,0,1,0,0
50.119827,1,0,0,0,0,0,0,0,1,0,0,0,1,0,0,0,0,0
50.139309,0,0,0,0,1,0,0,0,0,0,0,0,0,0,0,0,0,0
50.144383,0,0,0,0,0,0,1,0,0,1,0,1,0,1,0,0,1,0
50.149766,0,0,0,0,0,1,0,0,0,0,0,0,0,1,1,0,0,0
50.152515,0,0,0,0,0,0,0,1,0,0,0,0,0,0,0,0,0,1
50.168947,0,1,1,0,0,0,0,0,0,1,1,0,1,0,0,1,0,0
50.181117,1,0,0,1,0,0,1,0,0,1,1,0,1,1,1,0,1,0
50.187649,0,0,0,0,1,0,0,0,0,0,0,0,0,0,0,0,0,0
50.197533,0,0,0,0,0,0,0,1,0,0,0,0,0,0,0,0,0,1
50.198807,0,0,0,0,0,1,0,0,0,0,0,0,0,1,1,0,0,0
50.206309,0,1,1,0,0,0,0,0,0,1,1,0,1,0,0,1,0,0
50.217962,1,0,0,0,0,0,0,0,1,0,0,0,1,0,0,0,0,0
50.231585,0,0,0,0,1,0,1,0,0,1,0,1,0,1,0,0,1,0
50.249205,0,0,0,0,0,0,0,1,0,0,0,0,0,0,0,0,0,1
50.249434,0,0,0,0,0,1,0,0,0,0,0,0,0,1,1,0,0,0
50.254585,0,1,1,0,0,0,0,0,0,1,1,0,1,0,0,1,0,0
50.271580,1,0,0,1,0,0,1,0,0,1,1,0,1,1,1,0,1,0
50.285186,0,0,0,0,1,0,0,0,0,0,0,0,0,0,0,0,0,0
50.297397,0,0,1,0,0,0,0,0,1,0,0,0,1,0,0,0,0,0
50.298388,0,0,0,0,0,0,0,1,0,0,0,0,0,0,0,0,0,1
50.300216,0,0,0,0,0,1,0,0,0,1,0,1,0,1,0,1,0,0
50.319355,1,0,0,0,0,0,0,0,1,0,0,0,1,0,0,0,0,0
50.336503,0,0,0,0,1,0,0,0,0,0,0,0,0,0,0,0,0,0
50.350925,0,0,0,0,0,1,1,0,0,1,0,1,0,1,0,1,0,0
50.352455,0,0,0,0,0,0,0,1,0,0,0,0,0,0,0,0,0,1
50.368717,1,0,0,1,0,0,0,0,0,1,1,0,1,0,0,0,1,0
50.389048,0,0,1,0,0,0,0,0,1,0,0,0,1,0,0,0,0,0
50.389493,0,0,0,0,1,0,0,0,0,0,0,0,0,0,0,0,0,0
50.397315,0,0,0,0,0,0,0,1,0,0,0,0,0,0,0,0,0,1
50.399876,0,0,0,0,0,1,1,0,0,1,0,1,0,1,0,0,1,0
50.426756,0,1,1,0,0,0,0,0,0,1,1,0,1,0,0,1,0,0
50.435162,0,0,0,0,1,0,0,0,0,0,0,0,0,0,0,0,0,0
50.439806,1,0,0,1,0,0,1,0,0,1,1,0,1,1,1,0,1,0
50.448994,0,0,0,0,0,1,0,0,0,0,0,0,0,1,1,0,0,0
50.450549,0,0,0,0,0,0,0,1,0,0,0,0,0,0,0,0,0,1
50.462890,0,1,1,0,0,0,0,0,0,1,1,0,1,0,0,1,0,0
50.478237,1,0,0,0,0,0,0,0,1,0,0,0,1,0,0,0,0,0
50.481060,0,0,0,0,0,0,1,0,0,1,0,1,0,1,0,0,1,0
50.482569,0,0,0,0,1,0,0,0,0,0,0,0,0,0,0,0,0,0
50.499118,0,0,0,0,0,1,0,0,0,0,0,0,0,1,1,0,0,0
50.502378,0,0,0,0,0,0,0,1,0,0,0,0,0,0,0,0,0,1
50.507211,0,1,1,0,0,0,0,0,0,1,1,0,1,0,0,1,0,0
50.517773,1,0,0,0,0,0,0,0,1,0,0,0,1,0,0,0,0,0
50.540106,0,0,0,0,1,0,1,0,0,1,0,1,0,1,0,0,1,0
50.549769,0,0,0,0,0,1,0,0,0,0,0,0,0,1,1,0,0,0
50.550509,0,0,0,0,0,0,0,1,0,0,0,0,0,0,0,0,0,1
50.563617,0,1,1,0,0,0,0,0,0,1,1,0,1,0,0,1,0,0
50.576564,1,0,0,1,0,0,1,0,0,1,1,0,1,1,1,0,1,0
50.584878,0,0,0,0,1,0,0,0,0,0,0,0,0,0,0,0,0,0
50.596794,0,0,1,0,0,0,0,0,1,0,0,0,1,0,0,0,0,0
50.597490,0,0,0,0,0,0,0,1,0,0,0,0,0,0,0,0,0,1
50.600971,0,0,0,0,0,1,0,0,0,1,0,1,0,1,0,1,0,0
50.615897,1,0,0,1,0,0,1,0,0,1,1,0,1,1,1,0,1,0
50.630012,0,0,0,0,1,0,0,0,0,0,0,0,0,0,0,0,0,0
50.641218,0,0,1,0,0,0,0,0,1,0,0,0,1,0,0,0,0,0
50.649665,0,0,0,0,0,1,0,0,0,1,0,1,0,1,0,1,0,0
50.653498,0,0,0,0,0,0,0,1,0,0,0,0,0,0,0,0,0,1
50.660287,1,0,0,1,0,0,1,0,0,1,1,0,1,1,1,0,1,0
50.688000,0,0,1,0,0,0,0,0,1,0,0,0,1,0,0,0,0,0
50.692202,0,0,0,0,1,0,0,0,0,0,0,0,0,0,0,0,0,0
50.699541,0,0,0,0,0,1,0,0,0,1,0,1,0,1,0,1,0,0
50.702109,0,0,0,0,0,0,0,1,0,0,0,0,0,0,0,0,0,1
50.712979,1,0,0,0,0,0,0,0,1,0,0,0,1,0,0,0,0,0
50.738412,0,0,0,0,1,0,1,0,0,1,0,1,0,1,0,0,1,0
50.750579,0,0,0,0,0,1,0,0,0,0,0,0,0,1,1,0,0,0
50.751069,0,0,0,0,0,0,0,1,0,0,0,0,0,0,0,0,0,1
50.760004,0,1,1,0,0,0,0,0,0,1,1,0,1,0,0,1,0,0
50.775056,1,0,0,0,0,0,0,0,1,0,0,0,1,0,0,0,0,0
50.789821,0,0,0,0,1,0,1,0,0,1,0,1,0,1,0,0,1,0
50.799050,0,0,0,0,0,1,0,0,0,0,0,0,0,1,1,0,0,0
50.801468,0,0,0,0,0,0,0,1,0,0,0,0,0,0,0,0,0,1
50.817499,0,1,1,0,0,0,0,0,0,1,1,0,1,0,0,1,0,0
50.834856,1,0,0,0,0,0,0,0,1,0,0,0,1,0,0,0,0,0
50.836656,0,0,0,0,0,0,1,0,0,1,0,1,0,1,0,0,1,0
50.838581,0,0,0,0,1,0,0,0,0,0,0,0,0,0,0,0,0,0
50.850995,0,0,0,0,0,1,0,0,0,0,0,0,0,1,1,0,0,0
50.853547,0,0,0,0,0,0,0,1,0,0,0,0,0,0,0,0,0,1
50.862071,0,1,1,0,0,0,0,0,0,1,1,0,1,0,0,1,0,0
50.876845,1,0,0,0,0,0,0,0,1,0,0,0,1,0,0,0,0,0
50.889274,0,0,0,0,1,0,1,0,0,1,0,1,0,1,0,0,1,0
50.900142,0,0,0,0,0,0,0,1,0,0,0,0,0,0,0,0,0,1
50.900923,0,0,0,0,0,1,0,0,0,0,0,0,0,1,1,0,0,0
50.914306,0,1,1,0,0,0,0,0,0,1,1,0,1,0,0,1,0,0
50.926749,1,0,0,1,0,0,1,0,0,1,1,0,1,1,1,0,1,0
50.937190,0,0,0,0,1,0,0,0,0,0,0,0,0,0,0,0,0,0
50.948749,0,0,0,0,0,0,0,1,0,0,0,0,0,0,0,0,0,1
50.950428,0,0,0,0,0,1,0,0,0,0,0,0,0,1,1,0,0,0
50.955956,0,1,1,0,0,0,0,0,0,1,1,0,1,0,0,1,0,0
50.967991,1,0,0,0,0,0,0,0,1,0,0,0,1,0,0,0,0,0
50.978782,0,0,0,0,1,0,1,0,0,1,0,1,0,1,0,0,1,0
50.998979,0,0,0,0,0,1,0,0,0,0,0,0,0,1,1,0,0,0
51.001870,0,0,0,0,0,0,0,1,0,0,0,0,0,0,0,0,0,1
51.004400,0,1,1,0,0,0,0,0,0,1,1,0,1,0,0,1,0,0
51.016220,1,0,0,1,0,0,1,0,0,1,1,0,1,1,1,0,1,0
51.037368,0,0,0,0,1,0,0,0,0,0,0,0,0,0,0,0,0,0
51.042710,0,0,1,0,0,0,0,0,1,0,0,0,1,0,0,0,0,0
51.049000,0,0,0,0,0,1,0,0,0,1,0,1,0,1,0,1,0,0
51.049905,0,0,0,0,0,0,0,1,0,0,0,0,0,0,0,0,0,1
51.066537,1,0,0,1,0,0,1,0,0,1,1,0,1,1,1,0,1,0
51.088155,0,0,0,0,1,0,0,0,0,0,0,0,0,0,0,0,0,0
51.088344,0,0,1,0,0,0,0,0,1,0,0,0,1,0,0,0,0,0
51.100288,0,0,0,0,0,1,0,0,0,1,0,1,0,1,0,1,0,0
51.103163,0,0,0,0,0,0,0,1,0,0,0,0,0,0,0,0,0,1
51.117036,1,0,0,1,0,0,1,0,0,1,1,0,1,1,1,0,1,0
51.138379,0,0,1,0,0,0,0,0,1,0,0,0,1,0,0,0,0,0
51.139594,0,0,0,0,1,0,0,0,0,0,0,0,0,0,0,0,0,0
51.148912,0,0,0,0,0,0,0,1,0,0,0,0,0,0,0,0,0,1
51.151013,0,0,0,0,0,1,0,0,0,1,0,1,0,1,0,1,0,0
51.168424,1,0,0,1,0,0,1,0,0,1,1,0,1,1,1,0,1,0
51.186203,0,0,0,0,1,0,0,0,0,0,0,0,0,0,0,0,0,0
51.195265,0,0,1,0,0,0,0,0,1,0,0,0,1,0,0,0,0,0
51.200484,0,0,0,0,0,1,0,0,0,1,0,1,0,1,0,1,0,0
51.202638,0,0,0,0,0,0,0,1,0,0,0,0,0,0,0,0,0,1
51.212999,1,0,0,1,0,0,1,0,0,1,1,0,1,1,1,0,1,0
51.238930,0,0,0,0,1,0,0,0,0,0,0,0,0,0,0,0,0,0
51.242728,0,0,1,0,0,0,0,0,1,0,0,0,1,0,0,0,0,0
51.250137,0,0,0,0,0,1,0,0,0,1,0,1,0,1,0,1,0,0
51.252565,0,0,0,0,0,0,0,1,0,0,0,0,0,0,0,0,0,1
51.267868,1,0,0,0,0,0,0,0,1,0,0,0,1,0,0,0,0,0
51.283138,0,0,0,0,1,0,0,0,0,0,0,0,0,0,0,0,0,0
51.292903,0,0,0,0,0,0,1,0,0,1,0,1,0,1,0,0,1,0
51.299442,0,0,0,0,0,1,0,0,0,0,0,0,0,1,1,0,0,0
51.301028,0,0,0,0,0,0,0,1,0,0,0,0,0,0,0,0,0,1
51.318019,0,1,1,0,0,0,0,0,0,1,1,0,1,0,0,1,0,0
51.329505,1,0,0,0,0,0,0,0,1,0,0,0,1,0,0,0,0,0
51.338400,0,0,0,0,0,0,1,0,0,1,0,1,0,1,0,0,1,0
51.339642,0,0,0,0,1,0,0,0,0,0,0,0,0,0,0,0,0,0
51.347275,0,0,0,0,0,0,0,1,0,0,0,0,0,0,0,0,0,1
51.349731,0,0,0,0,0,1,0,0,0,0,0,0,0,1,1,0,0,0
51.364773,0,1,1,0,0,0,0,0,0,1,1,0,1,0,0,1,0,0
51.379418,1,0,0,1,0,0,1,0,0,1,1,0,1,1,1,0,1,0
51.387250,0,0,0,0,1,0,0,0,0,0,0,0,0,0,0,0,0,0
51.401021,0,0,1,0,0,0,0,0,1,0,0,0,1,0,0,0,0,0
51.401150,0,0,0,0,0,0,0,1,0,0,0,0,0,0,0,0,0,1
51.401503,0,0,0,0,0,1,0,0,0,1,0,1,0,1,0,1,0,0
51.412465,1,0,0,0,0,0,0,0,1,0,0,0,1,0,0,0,0,0
51.435436,0,0,0,0,0,0,1,0,0,1,0,1,0,1,0,0,1,0
51.440209,0,0,0,0,1,0,0,0,0,0,0,0,0,0,0,0,0,0
51.448971,0,0,0,0,0,1,0,0,0,0,0,0,0,1,1,0,0,0
51.453263,0,0,0,0,0,0,0,1,0,0,0,0,0,0,0,0,0,1
51.463678,0,1,1,0,0,0,0,0,0,1,1,0,1,0,0,1,0,0
51.476401,1,0,0,1,0,0,1,0,0,1,1,0,1,1,1,0,1,0
51.491275,0,0,0,0,1,0,0,0,0,0,0,0,0,0,0,0,0,0
51.498649,0,0,0,0,0,0,0,1,0,0,0,0,0,0,0,0,0,1
51.499727,0,0,0,0,0,1,0,0,0,0,0,0,0,1,1,0,0,0
51.501092,0,1,1,0,0,0,0,0,0,1,1,0,1,0,0,1,0,0
51.513545,1,0,0,1,0,0,1,0,0,1,1,0,1,1,1,0,1,0
51.533129,0,0,0,0,1,0,0,0,0,0,0,0,0,0,0,0,0,0
51.539843,0,0,1,0,0,0,0,0,1,0,0,0,1,0,0,0,0,0
51.549512,0,0,0,0,0,0,0,1,0,0,0,0,0,0,0,0,0,1
51.551626,0,0,0,0,0,1,0,0,0,1,0,1,0,1,0,1,0,0
51.562593,1,0,0,1,0,0,1,0,0,1,1,0,1,1,1,0,1,0
51.581488,0,0,0,0,1,0,0,0,0,0,0,0,0,0,0,0,0,0
51.587663,0,0,1,0,0,0,0,0,1,0,0,0,1,0,0,0,0,0
51.601145,0,0,0,0,0,0,0,1,0,0,0,0,0,0,0,0,0,1
51.601207,0,0,0,0,0,1,0,0,0,1,0,1,0,1,0,1,0,0
51.618124,1,0,0,1,0,0,1,0,0,1,1,0,1,1,1,0,1,0
51.636532,0,0,0,0,1,0,0,0,0,0,0,0,0,0,0,0,0,0
51.647710,0,0,1,0,0,0,0,0,1,0,0,0,1,0,0,0,0,0
51.648549,0,0,0,0,0,1,0,0,0,1,0,1,0,1,0,1,0,0
51.652200,0,0,0,0,0,0,0,1,0,0,0,0,0,0,0,0,0,1
51.665889,1,0,0,1,0,0,1,0,0,1,1,0,1,1,1,0,1,0
51.690201,0,0,0,0,1,0,0,0,0,0,0,0,0,0,0,0,0,0
51.692377,0,0,1,0,0,0,0,0,1,0,0,0,1,0,0,0,0,0
51.699859,0,0,0,0,0,1,0,0,0,1,0,1,0,1,0,1,0,0
51.703387,0,0,0,0,0,0,0,1,0,0,0,0,0,0,0,0,0,1
51.712898,1,0,0,0,0,0,0,0,1,0,0,0,1,0,0,0,0,0
51.737457,0,0,0,0,1,0,1,0,0,1,0,1,0,1,0,0,1,0
51.749838,0,0,0,0,0,1,0,0,0,0,0,0,0,1,1,0,0,0
51.753885,0,0,0,0,0,0,0,1,0,0,0,0,0,0,0,0,0,1
51.766243,0,1,1,0,0,0,0,0,0,1,1,0,1,0,0,1,0,0
51.777352,1,0,0,0,0,0,0,0,1,0,0,0,1,0,0,0,0,0
51.792635,0,0,0,0,1,0,1,0,0,1,0,1,0,1,0,0,1,0
51.799935,0,0,0,0,0,1,0,0,0,0,0,0,0,1,1,0,0,0
51.803169,0,0,0,0,0,0,0,1,0,0,0,0,0,0,0,0,0,1
51.816213,0,1,1,0,0,0,0,0,0,1,1,0,1,0,0,1,0,0
51.828742,1,0,0,1,0,0,1,0,0,1,1,0,1,1,1,0,1,0
51.841094,0,0,0,0,1,0,0,0,0,0,0,0,0,0,0,0,0,0
51.849403,0,0,0,0,0,1,0,0,0,0,0,0,0,1,1,0,0,0
51.852762,0,1,1,0,0,0,0,0,0,1,1,0,1,0,0,1,0,0
51.852867,0,0,0,0,0,0,0,1,0,0,0,0,0,0,0,0,0,1
51.864958,1,0,0,1,0,0,1,0,0,1,1,0,1,1,1,0,1,0
51.889639,0,0,0,0,1,0,0,0,0,0,0,0,0,0,0,0,0,0
51.891590,0,0,1,0,0,0,0,0,1,0,0,0,1,0,0,0,0,0
51.898845,0,0,0,0,0,1,0,0,0,1,0,1,0,1,0,1,0,0
51.899931,0,0,0,0,0,0,0,1,0,0,0,0,0,0,0,0,0,1
51.914181,1,0,0,1,0,0,1,0,0,1,1,0,1,1,1,0,1,0
51.932156,0,0,0,0,1,0,0,0,0,0,0,0,0,0,0,0,0,0
51.944136,0,0,1,0,0,0,0,0,1,0,0,0,1,0,0,0,0,0
51.949274,0,0,0,0,0,1,0,0,0,1,0,1,0,1,0,1,0,0
51.950814,0,0,0,0,0,0,0,1,0,0,0,0,0,0,0,0,0,1
51.963221,1,0,0,0,0,0,0,0,1,0,0,0,1,0,0,0,0,0
51.977755,0,0,0,0,0,0,1,0,0,1,0,1,0,1,0,0,1,0
51.989513,0,0,0,0,1,0,0,0,0,0,0,0,0,0,0,0,0,0
51.998600,0,0,1,0,0,0,0,0,1,0,0,0,1,0,0,0,0,0
51.999750,0,0,0,0,0,1,0,0,0,1,0,1,0,1,0,1,0,0
52.000896,0,0,0,0,0,0,0,1,0,0,0,0,0,0,0,0,0,1
52.010052,1,0,0,1,0,0,1,0,0,1,1,0,1,1,1,0,1,0
52.031427,0,0,1,0,0,0,0,0,1,0,0,0,1,0,0,0,0,0
52.040437,0,0,0,0,1,0,0,0,0,0,0,0,0,0,0,0,0,0
52.049505,0,0,0,0,0,0,0,1,0,0,0,0,0,0,0,0,0,1
52.049905,0,0,0,0,0,1,0,0,0,1,0,1,0,1,0,1,0,0
52.061942,1,0,0,1,0,0,1,0,0,1,1,0,1,1,1,0,1,0
52.082388,0,0,0,0,1,0,0,0,0,0,0,0,0,0,0,0,0,0
52.085231,0,0,1,0,0,0,0,0,1,0,0,0,1,0,0,0,0,0
52.096090,0,0,0,0,0,0,0,1,0,0,0,0,0,0,0,0,0,1
52.100238,0,0,0,0,0,1,0,0,0,1,0,1,0,1,0,1,0,0
52.117881,1,0,0,0,0,0,0,0,1,0,0,0,1,0,0,0,0,0
52.129609,0,0,0,0,1,0,0,0,0,0,0,0,0,0,0,0,0,0
52.150011,0,0,0,0,0,1,1,0,0,1,0,1,0,1,0,1,0,0
52.153985,0,0,0,0,0,0,0,1,0,0,0,0,0,0,0,0,0,1
52.163509,1,0,0,1,0,0,0,0,0,1,1,0,1,0,0,0,1,0
52.184457,0,0,1,1,0,0,1,0,0,1,1,0,1,1,1,0,1,0
52.191460,0,0,0,0,1,0,0,0,0,0,0,0,0,0,0,0,0,0
52.196352,0,0,0,0,0,0,0,1,0,0,0,0,0,0,0,0,0,1
52.201803,0,0,0,0,0,1,0,0,0,0,0,0,0,1,1,0,0,0
52.211585,0,1,1,0,0,0,0,0,0,1,1,0,1,0,0,1,0,0
52.226830,1,0,0,0,0,0,0,0,1,0,0,0,1,0,0,0,0,0
52.231043,0,0,0,0,1,0,0,0,0,0,0,0,0,0,0,0,0,0
52.233642,0,0,0,0,0,0,1,0,0,1,0,1,0,1,0,0,1,0
52.250424,0,0,0,0,0,1,0,0,0,0,0,0,0,1,1,0,0,0
52.253351,0,0,0,0,0,0,0,1,0,0,0,0,0,0,0,0,0,1
52.258954,0,1,1,0,0,0,0,0,0,1,1,0,1,0,0,1,0,0
52.277414,1,0,0,0,0,0,0,0,1,0,0,0,1,0,0,0,0,0
52.281051,0,0,0,0,0,0,1,0,0,1,0,1,0,1,0,0,1,0
52.286756,0,0,0,0,1,0,0,0,0,0,0,0,0,0,0,0,0,0
52.300416,0,0,0,0,0,1,0,0,0,0,0,0,0,1,1,0,0,0
52.302108,0,0,0,0,0,0,0,1,0,0,0,0,0,0,0,0,0,1
52.303542,0,1,1,0,0,0,0,0,0,1,1,0,1,0,0,1,0,0
52.318524,1,0,0,0,0,0,0,0,1,0,0,0,1,0,0,0,0,0
52.340359,0,0,0,0,1,0,1,0,0,1,0,1,0,1,0,0,1,0
52.349443,0,0,0,0,0,1,0,0,0,0,0,0,0,1,1,0,0,0
52.349801,0,0,0,0,0,0,0,1,0,0,0,0,0,0,0,0,0,1
52.367511,0,1,1,0,0,0,0,0,0,1,1,0,1,0,0,1,0,0
52.384193,1,0,0,0,0,0,0,0,1,0,0,0,1,0,0,0,0,0
52.386304,0,0,0,0,1,0,0,0,0,0,0,0,0,0,0,0,0,0
52.389366,0,0,0,0,0,0,1,0,0,1,0,1,0,1,0,0,1,0
52.397301,0,0,0,0,0,0,0,1,0,0,0,0,0,0,0,0,0,1
52.400968,0,0,0,0,0,1,0,0,0,0,0,0,0,1,1,0,0,0
52.412529,0,1,1,0,0,0,0,0,0,1,1,0,1,0,0,1,0,0
52.426222,1,0,0,1,0,0,1,0,0,1,1,0,1,1,1,0,1,0
52.433861,0,0,0,0,1,0,0,0,0,0,0,0,0,0,0,0,0,0
52.449071,0,0,0,0,0,1,0,0,0,0,0,0,0,1,1,0,0,0
52.449901,0,0,0,0,0,0,0,1,0,0,0,0,0,0,0,0,0,1
52.454747,0,1,1,0,0,0,0,0,0,1,1,0,1,0,0,1,0,0
52.466662,1,0,0,1,0,0,1,0,0,1,1,0,1,1,1,0,1,0
52.489350,0,0,0,0,1,0,0,0,0,0,0,0,0,0,0,0,0,0
52.495599,0,0,1,0,0,0,0,0,1,0,0,0,1,0,0,0,0,0
52.497559,0,0,0,0,0,0,0,1,0,0,0,0,0,0,0,0,0,1
52.499732,0,0,0,0,0,1,0,0,0,1,0,1,0,1,0,1,0,0
52.513485,1,0,0,0,0,0,0,0,1,0,0,0,1,0,0,0,0,0
52.532493,0,0,0,0,1,0,1,0,0,1,0,1,0,1,0,0,1,0
52.550958,0,0,0,0,0,1,0,0,0,0,0,0,0,1,1,0,0,0
52.553795,0,0,0,0,0,0,0,1,0,0,0,0,0,0,0,0,0,1
52.556289,0,1,1,0,0,0,0,0,0,1,1,0,1,0,0,1,0,0
52.566979,1,0,0,0,0,0,0,0,1,0,0,0,1,0,0,0,0,0
52.588065,0,0,0,0,1,0,1,0,0,1,0,1,0,1,0,0,1,0
52.598318,0,0,0,0,0,0,0,1,0,0,0,0,0,0,0,0,0,1
52.600099,0,0,0,0,0,1,0,0,0,0,0,0,0,1,1,0,0,0
52.611327,0,1,1,0,0,0,0,0,0,1,1,0,1,0,0,1,0,0
52.628766,1,0,0,1,0,0,1,0,0,1,1,0,1,1,1,0,1,0
52.634234,0,0,0,0,1,0,0,0,0,0,0,0,0,0,0,0,0,0
52.647142,0,0,0,0,0,0,0,1,0,0,0,0,0,0,0,0,0,1
52.651476,0,0,0,0,0,1,0,0,0,0,0,0,0,1,1,0,0,0
52.653639,0,1,1,0,0,0,0,0,0,1,1,0,1,0,0,1,0,0
52.664138,1,0,0,0,0,0,0,0,1,0,0,0,1,0,0,0,0,0
52.675885,0,0,0,0,0,0,1,0,0,1,0,1,0,1,0,0,1,0
52.683427,0,0,0,0,1,0,0,0,0,0,0,0,0,0,0,0,0,0
52.697514,0,0,1,0,0,0,0,0,1,0,0,0,1,0,0,0,0,0
52.698549,0,0,0,0,0,1,0,0,0,1,0,1,0,1,0,1,0,0
52.701584,0,0,0,0,0,0,0,1,0,0,0,0,0,0,0,0,0,1
52.713411,1,0,0,0,0,0,0,0,1,0,0,0,1,0,0,0,0,0
52.737471,0,0,0,0,1,0,0,0,0,0,0,0,0,0,0,0,0,0
52.746016,0,0,0,0,0,0,1,0,0,1,0,1,0,1,0,0,1,0
52.750557,0,0,0,0,0,1,0,0,0,0,0,0,0,1,1,0,0,0
52.751014,0,0,0,0,0,0,0,1,0,0,0,0,0,0,0,0,0,1
52.773965,0,1,1,0,0,0,0,0,0,1,1,0,1,0,0,1,0,0
52.781973,0,0,0,0,1,0,0,0,0,0,0,0,0,0,0,0,0,0
52.787181,1,0,0,0,0,0,0,0,1,0,0,0,1,0,0,0,0,0
52.799288,0,0,0,0,0,1,1,0,0,1,0,1,0,1,0,1,0,0
52.801607,0,0,0,0,0,0,0,1,0,0,0,0,0,0,0,0,0,1
52.815716,1,0,0,1,0,0,1,0,0,1,1,0,1,1,1,0,1,0
52.835637,0,0,0,0,1,0,0,0,0,0,0,0,0,0,0,0,0,0
52.839830,0,0,1,1,0,0,0,0,0,1,1,0,1,0,0,0,1,0
52.849113,0,0,0,0,0,0,0,1,0,0,0,0,0,0,0,0,0,1
52.849532,0,0,0,0,0,1,0,0,0,0,0,0,0,1,1,0,0,0
52.863460,0,1,1,0,0,0,0,0,0,1,1,0,1,0,0,1,0,0
52.874248,1,0,0,1,0,0,1,0,0,1,1,0,1,1,1,0,1,0
52.885408,0,0,0,0,1,0,0,0,0,0,0,0,0,0,0,0,0,0
52.895312,0,0,1,0,0,0,0,0,1,0,0,0,1,0,0,0,0,0
52.899120,0,0,0,0,0,0,0,1,0,0,0,0,0,0,0,0,0,1
52.901253,0,0,0,0,0,1,0,0,0,1,0,1,0,1,0,1,0,0
52.920842,1,0,0,0,0,0,0,0,1,0,0,0,1,0,0,0,0,0
52.932948,0,0,0,0,1,0,1,0,0,1,0,1,0,1,0,0,1,0
52.949391,0,0,0,0,0,1,0,0,0,0,0,0,0,1,1,0,0,0
52.950115,0,0,0,0,0,0,0,1,0,0,0,0,0,0,0,0,0,1
52.959166,0,1,1,0,0,0,0,0,0,1,1,0,1,0,0,1,0,0
52.973258,1,0,0,0,0,0,0,0,1,0,0,0,1,0,0,0,0,0
52.977198,0,0,0,0,0,0,1,0,0,1,0,1,0,1,0,0,1,0
52.982798,0,0,0,0,1,0,0,0,0,0,0,0,0,0,0,0,0,0
53.000483,0,0,0,0,0,1,0,0,0,0,0,0,0,1,1,0,0,0
53.000576,0,1,1,0,0,0,0,0,0,1,1,0,1,0,0,1,0,0
53.001019,0,0,0,0,0,0,0,1,0,0,0,0,0,0,0,0,0,1
53.012678,1,0,0,1,0,0,1,0,0,1,1,0,1,1,1,0,1,0
53.035706,0,0,0,0,1,0,0,0,0,0,0,0,0,0,0,0,0,0
53.038641,0,0,1,0,0,0,0,0,1,0,0,0,1,0,0,0,0,0
53.047528,0,0,0,0,0,0,0,1,0,0,0,0,0,0,0,0,0,1
53.049098,0,0,0,0,0,1,0,0,0,1,0,1,0,1,0,1,0,0
53.063825,1,0,0,1,0,0,1,0,0,1,1,0,1,1,1,0,1,0
53.082481,0,0,0,0,1,0,0,0,0,0,0,0,0,0,0,0,0,0
53.084737,0,0,1,0,0,0,0,0,1,0,0,0,1,0,0,0,0,0
53.101123,0,0,0,0,0,1,0,0,0,1,0,1,0,1,0,1,0,0
53.101609,0,0,0,0,0,0,0,1,0,0,0,0,0,0,0,0,0,1
53.116513,1,0,0,0,0,0,0,0,1,0,0,0,1,0,0,0,0,0
53.132646,0,0,0,0,0,0,1,0,0,1,0,1,0,1,0,0,1,0
53.140072,0,0,0,0,1,0,0,0,0,0,0,0,0,0,0,0,0,0
53.149253,0,0,0,0,0,1,0,0,0,0,0,0,0,1,1,0,0,0
53.153743,0,0,0,0,0,0,0,1,0,0,0,0,0,0,0,0,0,1
53.156925,0,1,1,0,0,0,0,0,0,1,1,0,1,0,0,1,0,0
53.168892,1,0,0,0,0,0,0,0,1,0,0,0,1,0,0,0,0,0
53.178772,0,0,0,0,0,0,1,0,0,1,0,1,0,1,0,0,1,0
53.193246,0,0,0,0,1,0,0,0,0,0,0,0,0,0,0,0,0,0
53.198008,0,0,0,0,0,0,0,1,0,0,0,0,0,0,0,0,0,1
53.198919,0,0,0,0,0,1,0,0,0,0,0,0,0,1,1,0,0,0
53.203572,0,1,1,0,0,0,0,0,0,1,1,0,1,0,0,1,0,0
53.214282,1,0,0,1,0,0,1,0,0,1,1,0,1,1,1,0,1,0
53.233743,0,0,0,0,1,0,0,0,0,0,0,0,0,0,0,0,0,0
53.234991,0,0,1,0,0,0,0,0,1,0,0,0,1,0,0,0,0,0
53.249213,0,0,0,0,0,1,0,0,0,1,0,1,0,1,0,1,0,0
53.250772,0,0,0,0,0,0,0,1,0,0,0,0,0,0,0,0,0,1
53.260468,1,0,0,1,0,0,1,0,0,1,1,0,1,1,1,0,1,0
53.283515,0,0,0,0,1,0,0,0,0,0,0,0,0,0,0,0,0,0
53.286363,0,0,1,0,0,0,0,0,1,0,0,0,1,0,0,0,0,0
53.299877,0,0,0,0,0,0,0,1,0,0,0,0,0,0,0,0,0,1
53.301129,0,0,0,0,0,1,0,0,0,1,0,1,0,1,0,1,0,0
53.318299,1,0,0,1,0,0,1,0,0,1,1,0,1,1,1,0,1,0
53.335395,0,0,0,0,1,0,0,0,0,0,0,0,0,0,0,0,0,0
53.341317,0,0,1,0,0,0,0,0,1,0,0,0,1,0,0,0,0,0
53.349901,0,0,0,0,0,1,0,0,0,1,0,1,0,1,0,1,0,0
53.353600,0,0,0,0,0,0,0,1,0,0,0,0,0,0,0,0,0,1
53.366110,1,0,0,0,0,0,0,0,1,0,0,0,1,0,0,0,0,0
53.389150,0,0,0,0,1,0,0,0,0,0,0,0,0,0,0,0,0,0
53.393805,0,0,0,0,0,0,1,0,0,1,0,1,0,1,0,0,1,0
53.400847,0,0,0,0,0,1,0,0,0,0,0,0,0,1,1,0,0,0
53.402159,0,0,0,0,0,0,0,1,0,0,0,0,0,0,0,0,0,1
53.416849,0,1,1,0,0,0,0,0,0,1,1,0,1,0,0,1,0,0
53.433286,1,0,0,0,0,0,0,0,1,0,0,0,1,0,0,0,0,0
53.438335,0,0,0,0,1,0,1,0,0,1,0,1,0,1,0,0,1,0
53.448155,0,0,0,0,0,0,0,1,0,0,0,0,0,0,0,0,0,1
53.449106,0,0,0,0,0,1,0,0,0,0,0,0,0,1,1,0,0,0
53.466557,0,1,1,0,0,0,0,0,0,1,1,0,1,0,0,1,0,0
53.483697,0,0,0,0,1,0,0,0,0,0,0,0,0,0,0,0,0,0
53.485217,1,0,0,1,0,0,1,0,0,1,1,0,1,1,1,0,1,0
53.499939,0,0,0,0,0,0,0,1,0,0,0,0,0,0,0,0,0,1
53.501469,0,0,0,0,0,1,0,0,0,0,0,0,0,1,1,0,0,0
53.514144,0,1,1,0,0,0,0,0,0,1,1,0,1,0,0,1,0,0
53.527397,1,0,0,0,0,0,0,0,1,0,0,0,1,0,0,0,0,0
53.539473,0,0,0,0,1,0,1,0,0,1,0,1,0,1,0,0,1,0
53.549452,0,0,0,0,0,1,0,0,0,0,0,0,0,1,1,0,0,0
53.553577,0,0,0,0,0,0,0,1,0,0,0,0,0,0,0,0,0,1
53.566881,0,1,1,0,0,0,0,0,0,1,1,0,1,0,0,1,0,0
53.586076,1,0,0,1,0,0,1,0,0,1,1,0,1,1,1,0,1,0
53.589810,0,0,0,0,1,0,0,0,0,0,0,0,0,0,0,0,0,0
53.599814,0,0,0,0,0,0,0,1,0,0,0,0,0,0,0,0,0,1
53.601154,0,0,0,0,0,1,0,0,0,0,0,0,0,1,1,0,0,0
53.613193,0,1,1,0,0,0,0,0,0,1,1,0,1,0,0,1,0,0
53.626706,1,0,0,0,0,0,0,0,1,0,0,0,1,0,0,0,0,0
53.638937,0,0,0,0,1,0,0,0,0,0,0,0,0,0,0,0,0,0
53.649964,0,0,0,0,0,1,1,0,0,1,0,1,0,1,0,1,0,0
53.650993,0,0,0,0,0,0,0,1,0,0,0,0,0,0,0,0,0,1
53.665204,1,0,0,1,0,0,1,0,0,1,1,0,1,1,1,0,1,0
53.684567,0,0,0,0,1,0,0,0,0,0,0,0,0,0,0,0,0,0
53.693972,0,0,1,1,0,0,0,0,0,1,1,0,1,0,0,0,1,0
53.700754,0,0,0,0,0,1,0,0,0,0,0,0,0,1,1,0,0,0
53.702398,0,0,0,0,0,0,0,1,0,0,0,0,0,0,0,0,0,1
53.721700,0,1,1,0,0,0,0,0,0,1,1,0,1,0,0,1,0,0
53.735033,1,0,0,1,0,0,1,0,0,1,1,0,1,1,1,0,1,0
53.740533,0,0,0,0,1,0,0,0,0,0,0,0,0,0,0,0,0,0
53.747730,0,0,0,0,0,0,0,1,0,0,0,0,0,0,0,0,0,1
53.749819,0,0,0,0,0,1,0,0,0,0,0,0,0,1,1,0,0,0
53.764138,0,1,1,0,0,0,0,0,0,1,1,0,1,0,0,1,0,0
53.778022,0,0,0,0,1,0,0,0,0,0,0,0,0,0,0,0,0,0
53.778647,1,0,0,0,0,0,0,0,1,0,0,0,1,0,0,0,0,0
53.789309,0,0,0,0,0,0,1,0,0,1,0,1,0,1,0,0,1,0
53.797625,0,0,0,0,0,0,0,1,0,0,0,0,0,0,0,0,0,1
53.801120,0,0,0,0,0,1,0,0,0,0,0,0,0,1,1,0,0,0
53.814152,0,1,1,0,0,0,0,0,0,1,1,0,1,0,0,1,0,0
53.830030,1,0,0,0,0,0,0,0,1,0,0,0,1,0,0,0,0,0
53.830973,0,0,0,0,0,0,1,0,0,1,0,1,0,1,0,0,1,0
53.831747,0,0,0,0,1,0,0,0,0,0,0,0,0,0,0,0,0,0
53.849435,0,0,0,0,0,1,0,0,0,0,0,0,0,1,1,0,0,0
53.851952,0,0,0,0,0,0,0,1,0,0,0,0,0,0,0,0,0,1
53.856623,0,1,1,0,0,0,0,0,0,1,1,0,1,0,0,1,0,0
53.871123,1,0,0,0,0,0,0,0,1,0,0,0,1,0,0,0,0,0
53.885231,0,0,0,0,1,0,1,0,0,1,0,1,0,1,0,0,1,0
53.899613,0,0,0,0,0,1,0,0,0,0,0,0,0,1,1,0,0,0
53.901271,0,0,0,0,0,0,0,1,0,0,0,0,0,0,0,0,0,1
53.908883,0,1,1,0,0,0,0,0,0,1,1,0,1,0,0,1,0,0
53.920822,1,0,0,1,0,0,1,0,0,1,1,0,1,1,1,0,1,0
53.939341,0,0,0,0,1,0,0,0,0,0,0,0,0,0,0,0,0,0
53.942215,0,0,1,0,0,0,0,0,1,0,0,0,1,0,0,0,0,0
53.948596,0,0,0,0,0,0,0,1,0,0,0,0,0,0,0,0,0,1
53.949322,0,0,0,0,0,1,0,0,0,1,0,1,0,1,0,1,0,0
53.964261,1,0,0,1,0,0,1,0,0,1,1,0,1,1,1,0,1,0
53.986888,0,0,0,0,1,0,0,0,0,0,0,0,0,0,0,0,0,0
53.987191,0,0,1,0,0,0,0,0,1,0,0,0,1,0,0,0,0,0
53.998604,0,0,0,0,0,0,0,1,0,0,0,0,0,0,0,0,0,1
53.999317,0,0,0,0,0,1,0,0,0,1,0,1,0,1,0,1,0,0
54.013130,1,0,0,0,0,0,0,0,1,0,0,0,1,0,0,0,0,0
54.034118,0,0,0,0,1,0,0,0,0,0,0,0,0,0,0,0,0,0
54.039082,0,0,0,0,0,0,1,0,0,1,0,1,0,1,0,0,1,0
54.048246,0,0,0,0,0,0,0,1,0,0,0,0,0,0,0,0,0,1
54.050833,0,0,0,0,0,1,0,0,0,0,0,0,0,1,1,0,0,0
54.068865,0,1,1,0,0,0,0,0,0,1,1,0,1,0,0,1,0,0
54.081145,0,0,0,0,1,0,0,0,0,0,0,0,0,0,0,0,0,0
54.086706,1,0,0,0,0,0,0,0,1,0,0,0,1,0,0,0,0,0
54.095694,0,0,0,0,0,0,1,0,0,1,0,1,0,1,0,0,1,0
54.099039,0,0,0,0,0,0,0,1,0,0,0,0,0,0,0,0,0,1
54.100371,0,0,0,0,0,1,0,0,0,0,0,0,0,1,1,0,0,0
54.118182,0,1,1,0,0,0,0,0,0,1,1,0,1,0,0,1,0,0
54.129594,1,0,0,1,0,0,1,0,0,1,1,0,1,1,1,0,1,0
54.135689,0,0,0,0,1,0,0,0,0,0,0,0,0,0,0,0,0,0
54.148748,0,0,0,0,0,1,0,0,0,0,0,0,0,1,1,0,0,0
54.151298,0,0,0,0,0,0,0,1,0,0,0,0,0,0,0,0,0,1
54.153778,0,1,1,0,0,0,0,0,0,1,1,0,1,0,0,1,0,0
54.171305,1,0,0,0,0,0,0,0,1,0,0,0,1,0,0,0,0,0
54.176274,0,0,0,0,0,0,1,0,0,1,0,1,0,1,0,0,1,0
54.183105,0,0,0,0,1,0,0,0,0,0,0,0,0,0,0,0,0,0
54.200914,0,0,0,0,0,1,0,0,0,0,0,0,0,1,1,0,0,0
54.202496,0,0,0,0,0,0,0,1,0,0,0,0,0,0,0,0,0,1
54.203390,0,1,1,0,0,0,0,0,0,1,1,0,1,0,0,1,0,0
54.215387,1,0,0,1,0,0,1,0,0,1,1,0,1,1,1,0,1,0
54.239745,0,0,1,0,0,0,0,0,1,0,0,0,1,0,0,0,0,0
54.241124,0,0,0,0,1,0,0,0,0,0,0,0,0,0,0,0,0,0
54.250502,0,0,0,0,0,0,0,1,0,0,0,0,0,0,0,0,0,1
54.251770,0,0,0,0,0,1,0,0,0,1,0,1,0,1,0,1,0,0
54.262416,1,0,0,1,0,0,1,0,0,1,1,0,1,1,1,0,1,0
54.288305,0,0,0,0,1,0,0,0,0,0,0,0,0,0,0,0,0,0
54.290235,0,0,1,0,0,0,0,0,1,0,0,0,1,0,0,0,0,0
54.300317,0,0,0,0,0,1,0,0,0,1,0,1,0,1,0,1,0,0
54.300699,0,0,0,0,0,0,0,1,0,0,0,0,0,0,0,0,0,1
54.315380,1,0,0,1,0,0,1,0,0,1,1,0,1,1,1,0,1,0
54.336136,0,0,0,0,1,0,0,0,0,0,0,0,0,0,0,0,0,0
54.342147,0,0,1,0,0,0,0,0,1,0,0,0,1,0,0,0,0,0
54.349256,0,0,0,0,0,0,0,1,0,0,0,0,0,0,0,0,0,1
54.349573,0,0,0,0,0,1,0,0,0,1,0,1,0,1,0,1,0,0
54.360164,1,0,0,0,0,0,0,0,1,0,0,0,1,0,0,0,0,0
54.386171,0,0,0,0,1,0,1,0,0,1,0,1,0,1,0,0,1,0
54.398041,0,0,0,0,0,0,0,1,0,0,0,0,0,0,0,0,0,1
54.400055,0,0,0,0,0,1,0,0,0,0,0,0,0,1,1,0,0,0
54.409838,0,1,1,0,0,0,0,0,0,1,1,0,1,0,0,1,0,0
54.429227,1,0,0,0,0,0,0,0,1,0,0,0,1,0,0,0,0,0
54.433472,0,0,0,0,1,0,1,0,0,1,0,1,0,1,0,0,1,0
54.450098,0,0,0,0,0,0,0,1,0,0,0,0,0,0,0,0,0,1
54.450325,0,0,0,0,0,1,0,0,0,0,0,0,0,1,1,0,0,0
54.455946,0,1,1,0,0,0,0,0,0,1,1,0,1,0,0,1,0,0
54.471493,1,0,0,1,0,0,1,0,0,1,1,0,1,1,1,0,1,0
54.486756,0,0,0,0,1,0,0,0,0,0,0,0,0,0,0,0,0,0
54.493828,0,0,1,0,0,0,0,0,1,0,0,0,1,0,0,0,0,0
54.500989,0,0,0,0,0,1,0,0,0,1,0,1,0,1,0,1,0,0
54.502861,0,0,0,0,0,0,0,1,0,0,0,0,0,0,0,0,0,1
54.516005,1,0,0,0,0,0,0,0,1,0,0,0,1,0,0,0,0,0
54.529742,0,0,0,0,0,0,1,0,0,1,0,1,0,1,0,0,1,0
54.542386,0,0,0,0,1,0,0,0,0,0,0,0,0,0,0,0,0,0
54.550595,0,0,0,0,0,1,0,0,0,0,0,0,0,1,1,0,0,0
54.551529,0,0,0,0,0,0,0,1,0,0,0,0,0,0,0,0,0,1
54.552531,0,1,1,0,0,0,0,0,0,1,1,0,1,0,0,1,0,0
54.567034,1,0,0,1,0,0,1,0,0,1,1,0,1,1,1,0,1,0
54.588000,0,0,1,0,0,0,0,0,1,0,0,0,1,0,0,0,0,0
54.588174,0,0,0,0,1,0,0,0,0,0,0,0,0,0,0,0,0,0
54.599040,0,0,0,0,0,0,0,1,0,0,0,0,0,0,0,0,0,1
54.600006,0,0,0,0,0,1,0,0,0,1,0,1,0,1,0,1,0,0
54.617064,1,0,0,0,0,0,0,0,1,0,0,0,1,0,0,0,0,0
54.635355,0,0,0,0,0,0,1,0,0,1,0,1,0,1,0,0,1,0
54.638047,0,0,0,0,1,0,0,0,0,0,0,0,0,0,0,0,0,0
54.649638,0,0,0,0,0,1,0,0,0,0,0,0,0,1,1,0,0,0
54.650380,0,0,0,0,0,0,0,1,0,0,0,0,0,0,0,0,0,1
54.658106,0,1,1,0,0,0,0,0,0,1,1,0,1,0,0,1,0,0
54.671662,1,0,0,1,0,0,1,0,0,1,1,0,1,1,1,0,1,0
54.688222,0,0,0,0,1,0,0,0,0,0,0,0,0,0,0,0,0,0
54.693977,0,0,1,0,0,0,0,0,1,0,0,0,1,0,0,0,0,0
54.699828,0,0,0,0,0,1,0,0,0,1,0,1,0,1,0,1,0,0
54.702107,0,0,0,0,0,0,0,1,0,0,0,0,0,0,0,0,0,1
54.712348,1,0,0,1,0,0,1,0,0,1,1,0,1,1,1,0,1,0
54.734757,0,0,1,0,0,0,0,0,1,0,0,0,1,0,0,0,0,0
54.737340,0,0,0,0,1,0,0,0,0,0,0,0,0,0,0,0,0,0
54.749219,0,0,0,0,0,1,0,0,0,1,0,1,0,1,0,1,0,0
54.751994,0,0,0,0,0,0,0,1,0,0,0,0,0,0,0,0,0,1
54.765528,1,0,0,1,0,0,1,0,0,1,1,0,1,1,1,0,1,0
54.785813,0,0,0,0,1,0,0,0,0,0,0,0,0,0,0,0,0,0
54.794475,0,0,1,0,0,0,0,0,1,0,0,0,1,0,0,0,0,0
54.799852,0,0,0,0,0,1,0,0,0,1,0,1,0,1,0,1,0,0
54.802987,0,0,0,0,0,0,0,1,0,0,0,0,0,0,0,0,0,1
54.810224,1,0,0,0,0,0,0,0,1,0,0,0,1,0,0,0,0,0
54.821516,0,0,0,0,0,0,1,0,0,1,0,1,0,1,0,0,1,0
54.839830,0,0,0,0,1,0,0,0,0,0,0,0,0,0,0,0,0,0
54.844943,0,0,1,0,0,0,0,0,1,0,0,0,1,0,0,0,0,0
54.850686,0,0,0,0,0,1,0,0,0,1,0,1,0,1,0,1,0,0
54.852435,0,0,0,0,0,0,0,1,0,0,0,0,0,0,0,0,0,1
54.864530,1,0,0,1,0,0,1,0,0,1,1,0,1,1,1,0,1,0
54.884847,0,0,0,0,1,0,0,0,0,0,0,0,0,0,0,0,0,0
54.885821,0,0,1,0,0,0,0,0,1,0,0,0,1,0,0,0,0,0
54.900260,0,0,0,0,0,1,0,0,0,1,0,1,0,1,0,1,0,0
54.903480,0,0,0,0,0,0,0,1,0,0,0,0,0,0,0,0,0,1
54.913786,1,0,0,1,0,0,1,0,0,1,1,0,1,1,1,0,1,0
54.939326,0,0,1,0,0,0,0,0,1,0,0,0,1,0,0,0,0,0
54.942136,0,0,0,0,1,0,0,0,0,0,0,0,0,0,0,0,0,0
54.948569,0,0,0,0,0,1,0,0,0,1,0,1,0,1,0,1,0,0
54.952725,0,0,0,0,0,0,0,1,0,0,0,0,0,0,0,0,0,1
54.963424,1,0,0,0,0,0,0,0,1,0,0,0,1,0,0,0,0,0
54.991506,0,0,0,0,1,0,1,0,0,1,0,1,0,1,0,0,1,0
54.998119,0,0,0,0,0,0,0,1,0,0,0,0,0,0,0,0,0,1
54.999448,0,0,0,0,0,1,0,0,0,0,0,0,0,1,1,0,0,0
55.011533,0,1,1,0,0,0,0,0,0,1,1,0,1,0,0,1,0,0
55.031265,1,0,0,0,0,0,0,0,1,0,0,0,1,0,0,0,0,0
55.033722,0,0,0,0,1,0,1,0,0,1,0,1,0,1,0,0,1,0
55.048916,0,0,0,0,0,1,0,0,0,0,0,0,0,1,1,0,0,0
55.049002,0,0,0,0,0,0,0,1,0,0,0,0,0,0,0,0,0,1
55.060066,0,1,1,0,0,0,0,0,0,1,1,0,1,0,0,1,0,0
55.075223,1,0,0,0,0,0,0,0,1,0,0,0,1,0,0,0,0,0
55.083435,0,0,0,0,1,0,1,0,0,1,0,1,0,1,0,0,1,0
55.099176,0,0,0,0,0,0,0,1,0,0,0,0,0,0,0,0,0,1
55.099578,0,0,0,0,0,1,0,0,0,0,0,0,0,1,1,0,0,0
55.106568,0,1,1,0,0,0,0,0,0,1,1,0,1,0,0,1,0,0
55.120361,1,0,0,1,0,0,1,0,0,1,1,0,1,1,1,0,1,0
55.135528,0,0,0,0,1,0,0,0,0,0,0,0,0,0,0,0,0,0
55.142696,0,0,1,0,0,0,0,0,1,0,0,0,1,0,0,0,0,0
55.149610,0,0,0,0,0,1,0,0,0,1,0,1,0,1,0,1,0,0
55.151101,0,0,0,0,0,0,0,1,0,0,0,0,0,0,0,0,0,1
55.161454,1,0,0,0,0,0,0,0,1,0,0,0,1,0,0,0,0,0
55.183620,0,0,0,0,1,0,0,0,0,0,0,0,0,0,0,0,0,0
55.196596,0,0,0,0,0,0,1,0,0,1,0,1,0,1,0,0,1,0
55.201199,0,0,0,0,0,1,0,0,0,0,0,0,0,1,1,0,0,0
55.203972,0,0,0,0,0,0,0,1,0,0,0,0,0,0,0,0,0,1
55.221091,0,1,1,0,0,0,0,0,0,1,1,0,1,0,0,1,0,0
55.235493,1,0,0,0,0,0,0,0,1,0,0,0,1,0,0,0,0,0
55.243926,0,0,0,0,1,0,0,0,0,0,0,0,0,0,0,0,0,0
55.250435,0,0,0,0,0,1,1,0,0,1,0,1,0,1,0,1,0,0
55.250607,0,0,0,0,0,0,0,1,0,0,0,0,0,0,0,0,0,1
55.263925,1,0,0,1,0,0,0,0,0,1,1,0,1,0,0,0,1,0
55.285999,0,0,0,0,1,0,0,0,0,0,0,0,0,0,0,0,0,0
55.292971,0,0,1,0,0,0,0,0,1,0,0,0,1,0,0,0,0,0
55.300206,0,0,0,0,0,0,1,1,0,1,0,1,0,1,0,0,1,1
55.301056,0,0,0,0,0,1,0,0,0,0,0,0,0,1,1,0,0,0
55.322741,0,1,1,0,0,0,0,0,0,1,1,0,1,0,0,1,0,0
55.330750,0,0,0,0,1,0,0,0,0,0,0,0,0,0,0,0,0,0
55.333014,1,0,0,1,0,0,1,0,0,1,1,0,1,1,1,0,1,0
55.351519,0,0,0,0,0,0,0,1,0,0,0,0,0,0,0,0,0,1
55.351533,0,0,0,0,0,1,0,0,0,0,0,0,0,1,1,0,0,0
55.359261,0,1,1,0,0,0,0,0,0,1,1,0,1,0,0,1,0,0
55.371858,1,0,0,0,0,0,0,0,1,0,0,0,1,0,0,0,0,0
55.383130,0,0,0,0,0,0,1,0,0,1,0,1,0,1,0,0,1,0
55.388281,0,0,0,0,1,0,0,0,0,0,0,0,0,0,0,0,0,0
55.399577,0,0,0,0,0,1,0,0,0,0,0,0,0,1,1,0,0,0
55.401511,0,0,0,0,0,0,0,1,0,0,0,0,0,0,0,0,0,1
55.408202,0,1,1,0,0,0,0,0,0,1,1,0,1,0,0,1,0,0
55.426645,1,0,0,1,0,0,1,0,0,1,1,0,1,1,1,0,1,0
55.438877,0,0,0,0,1,0,0,0,0,0,0,0,0,0,0,0,0,0
55.449049,0,0,1,0,0,0,0,0,1,0,0,0,1,0,0,0,0,0
55.451453,0,0,0,0,0,1,0,0,0,1,0,1,0,1,0,1,0,0
55.451833,0,0,0,0,0,0,0,1,0,0,0,0,0,0,0,0,0,1
55.465705,1,0,0,1,0,0,1,0,0,1,1,0,1,1,1,0,1,0
55.486512,0,0,0,0,1,0,0,0,0,0,0,0,0,0,0,0,0,0
55.487551,0,0,1,0,0,0,0,0,1,0,0,0,1,0,0,0,0,0
55.500048,0,0,0,0,0,0,0,1,0,0,0,0,0,0,0,0,0,1
55.500824,0,0,0,0,0,1,0,0,0,1,0,1,0,1,0,1,0,0
55.510867,1,0,0,0,0,0,0,0,1,0,0,0,1,0,0,0,0,0
55.534083,0,0,0,0,1,0,0,0,0,0,0,0,0,0,0,0,0,0
55.548903,0,0,0,0,0,1,0,0,0,1,0,1,0,1,0,1,0,0
55.550657,0,0,0,0,0,0,1,0,0,0,0,0,0,1,1,0,0,0
55.553745,0,0,0,0,0,0,0,1,0,0,0,0,0,0,0,0,0,1
55.566676,1,0,0,1,0,0,1,0,0,1,1,0,1,1,1,0,1,0
55.587252,0,0,1,1,0,0,0,0,0,1,1,0,1,0,0,0,1,0
55.590061,0,0,0,0,1,0,0,0,0,0,0,0,0,0,0,0,0,0
55.600034,0,0,0,0,0,1,0,0,0,0,0,0,0,1,1,0,0,0
55.603892,0,0,0,0,0,0,0,1,0,0,0,0,0,0,0,0,0,1
55.608844,0,1,1,0,0,0,0,0,0,1,1,0,1,0,0,1,0,0
55.620159,1,0,0,0,0,0,0,0,1,0,0,0,1,0,0,0,0,0
55.641192,0,0,0,0,1,0,1,0,0,1,0,1,0,1,0,0,1,0
55.650061,0,0,0,0,0,0,0,1,0,0,0,0,0,0,0,0,0,1
55.650191,0,0,0,0,0,1,0,0,0,0,0,0,0,1,1,0,0,0
55.666821,0,1,1,0,0,0,0,0,0,1,1,0,1,0,0,1,0,0
55.679685,1,0,0,1,0,0,1,0,0,1,1,0,1,1,1,0,1,0
55.689171,0,0,0,0,1,0,0,0,0,0,0,0,0,0,0,0,0,0
55.700573,0,0,0,0,0,1,0,0,0,0,0,0,0,1,1,0,0,0
55.701126,0,0,0,0,0,0,0,1,0,0,0,0,0,0,0,0,0,1
55.703935,0,1,1,0,0,0,0,0,0,1,1,0,1,0,0,1,0,0
55.723901,1,0,0,0,0,0,0,0,1,0,0,0,1,0,0,0,0,0
55.734990,0,0,0,0,1,0,0,0,0,0,0,0,0,0,0,0,0,0
55.749418,0,0,0,0,0,1,1,0,0,1,0,1,0,1,0,1,0,0
55.751865,0,0,0,0,0,0,0,1,0,0,0,0,0,0,0,0,0,1
55.762621,1,0,0,1,0,0,0,0,0,1,1,0,1,0,0,0,1,0
55.765023,0,0,0,0,0,0,1,0,0,0,0,0,0,1,1,0,0,0
55.783165,0,0,1,1,0,0,0,0,0,1,1,0,1,0,0,0,1,0
55.785132,0,0,0,0,1,0,0,0,0,0,0,0,0,0,0,0,0,0
55.800241,0,0,0,0,0,1,0,0,0,0,0,0,0,1,1,0,0,0
55.802158,0,0,0,0,0,0,0,1,0,0,0,0,0,0,0,0,0,1
55.810692,0,1,1,0,0,0,0,0,0,1,1,0,1,0,0,1,0,0
55.830616,1,0,0,1,0,0,1,0,0,1,1,0,1,1,1,0,1,0
55.833532,0,0,0,0,1,0,0,0,0,0,0,0,0,0,0,0,0,0
55.849489,0,0,0,0,0,1,0,0,0,0,0,0,0,1,1,0,0,0
55.852037,0,0,0,0,0,0,0,1,0,0,0,0,0,0,0,0,0,1
55.852813,0,1,1,0,0,0,0,0,0,1,1,0,1,0,0,1,0,0
55.865436,1,0,0,0,0,0,0,0,1,0,0,0,1,0,0,0,0,0
55.889753,0,0,0,0,1,0,1,0,0,1,0,1,0,1,0,0,1,0
55.898030,0,0,0,0,0,0,0,1,0,0,0,0,0,0,0,0,0,1
55.899652,0,0,0,0,0,1,0,0,0,0,0,0,0,1,1,0,0,0
55.909965,0,1,1,0,0,0,0,0,0,1,1,0,1,0,0,1,0,0
55.927367,1,0,0,0,0,0,0,0,1,0,0,0,1,0,0,0,0,0
55.933561,0,0,0,0,1,0,1,0,0,1,0,1,0,1,0,0,1,0
55.949513,0,0,0,0,0,1,0,0,0,0,0,0,0,1,1,0,0,0
55.950008,0,0,0,0,0,0,0,1,0,0,0,0,0,0,0,0,0,1
55.957677,0,1,1,0,0,0,0,0,0,1,1,0,1,0,0,1,0,0
55.970690,1,0,0,1,0,0,1,0,0,1,1,0,1,1,1,0,1,0
55.984879,0,0,0,0,1,0,0,0,0,0,0,0,0,0,0,0,0,0
55.995994,0,0,1,0,0,0,0,0,1,0,0,0,1,0,0,0,0,0
55.999778,0,0,0,0,0,1,0,0,0,1,0,1,0,1,0,1,0,0
56.003818,0,0,0,0,0,0,0,1,0,0,0,0,0,0,0,0,0,1
56.011019,1,0,0,1,0,0,1,0,0,1,1,0,1,1,1,0,1,0
56.036402,0,0,0,0,1,0,0,0,0,0,0,0,0,0,0,0,0,0
56.039344,0,0,1,0,0,0,0,0,1,0,0,0,1,0,0,0,0,0
56.050963,0,0,0,0,0,1,0,0,0,1,0,1,0,1,0,1,0,0
56.051938,0,0,0,0,0,0,0,1,0,0,0,0,0,0,0,0,0,1
56.065803,1,0,0,0,0,0,0,0,1,0,0,0,1,0,0,0,0,0
56.088226,0,0,0,0,1,0,1,0,0,1,0,1,0,1,0,0,1,0
56.098666,0,0,0,0,0,1,0,0,0,0,0,0,0,1,1,0,0,0
56.098709,0,0,0,0,0,0,0,1,0,0,0,0,0,0,0,0,0,1
56.110322,0,1,1,0,0,0,0,0,0,1,1,0,1,0,0,1,0,0
56.124577,1,0,0,0,0,0,0,0,1,0,0,0,1,0,0,0,0,0
56.133780,0,0,0,0,1,0,1,0,0,1,0,1,0,1,0,0,1,0
56.149436,0,0,0,0,0,1,0,0,0,0,0,0,0,1,1,0,0,0
56.153964,0,0,0,0,0,0,0,1,0,0,0,0,0,0,0,0,0,1
56.159982,0,1,1,0,0,0,0,0,0,1,1,0,1,0,0,1,0,0
56.175670,1,0,0,0,0,0,0,0,1,0,0,0,1,0,0,0,0,0
56.187844,0,0,0,0,1,0,1,0,0,1,0,1,0,1,0,0,1,0
56.198369,0,0,0,0,0,1,0,0,0,0,0,0,0,1,1,0,0,0
56.201911,0,0,0,0,0,0,0,1,0,0,0,0,0,0,0,0,0,1
56.215004,0,1,1,0,0,0,0,0,0,1,1,0,1,0,0,1,0,0
56.232106,0,0,0,0,1,0,0,0,0,0,0,0,0,0,0,0,0,0
56.234754,1,0,0,1,0,0,1,0,0,1,1,0,1,1,1,0,1,0
56.249618,0,0,0,0,0,0,0,1,0,0,0,0,0,0,0,0,0,1
56.250070,0,0,0,0,0,1,0,0,0,0,0,0,0,1,1,0,0,0
56.258501,0,1,1,0,0,0,0,0,0,1,1,0,1,0,0,1,0,0
56.272757,1,0,0,0,0,0,0,0,1,0,0,0,1,0,0,0,0,0
56.289144,0,0,0,0,1,0,0,0,0,0,0,0,0,0,0,0,0,0
56.301000,0,0,0,0,0,1,1,0,0,1,0,1,0,1,0,1,0,0
56.301451,0,0,0,0,0,0,0,1,0,0,0,0,0,0,0,0,0,1
56.315293,1,0,0,1,0,0,1,0,0,1,1,0,1,1,1,0,1,0
56.336159,0,0,0,0,1,0,0,0,0,0,0,0,0,0,0,0,0,0
56.341200,0,0,1,1,0,0,0,0,0,1,1,0,1,0,0,0,1,0
56.350637,0,0,0,0,0,1,0,0,0,0,0,0,0,1,1,0,0,0
56.351037,0,0,0,0,0,0,0,1,0,0,0,0,0,0,0,0,0,1
56.369569,0,1,1,0,0,0,0,0,0,1,1,0,1,0,0,1,0,0
56.380900,1,0,0,1,0,0,1,0,0,1,1,0,1,1,1,0,1,0
56.387878,0,0,0,0,1,0,0,0,0,0,0,0,0,0,0,0,0,0
56.399835,0,0,0,0,0,1,0,0,0,0,0,0,0,1,1,0,0,0
56.401287,0,0,0,0,0,0,0,1,0,0,0,0,0,0,0,0,0,1
56.405412,0,1,1,0,0,0,0,0,0,1,1,0,1,0,0,1,0,0
56.422986,1,0,0,1,0,0,1,0,0,1,1,0,1,1,1,0,1,0
56.439353,0,0,0,0,1,0,0,0,0,0,0,0,0,0,0,0,0,0
56.447084,0,0,0,0,0,0,0,1,0,0,0,0,0,0,0,0,0,1
56.448977,0,0,0,0,0,1,0,0,0,0,0,0,0,1,1,0,0,0
56.449663,0,1,1,0,0,0,0,0,0,1,1,0,1,0,0,1,0,0
56.464107,1,0,0,0,0,0,0,0,1,0,0,0,1,0,0,0,0,0
56.481816,0,0,0,0,0,0,1,0,0,1,0,1,0,1,0,0,1,0
56.485554,0,0,0,0,1,0,0,0,0,0,0,0,0,0,0,0,0,0
56.500507,0,0,0,0,0,1,0,0,0,0,0,0,0,1,1,0,0,0
56.503958,0,0,0,0,0,0,0,1,0,0,0,0,0,0,0,0,0,1
56.509706,0,1,1,0,0,0,0,0,0,1,1,0,1,0,0,1,0,0
56.525402,1,0,0,1,0,0,1,0,0,1,1,0,1,1,1,0,1,0
56.543435,0,0,0,0,1,0,0,0,0,0,0,0,0,0,0,0,0,0
56.545672,0,0,1,0,0,0,0,0,1,0,0,0,1,0,0,0,0,0
56.547183,0,0,0,0,0,0,0,1,0,0,0,0,0,0,0,0,0,1
56.551125,0,0,0,0,0,1,0,0,0,1,0,1,0,1,0,1,0,0
56.562069,1,0,0,0,0,0,0,0,1,0,0,0,1,0,0,0,0,0
56.585472,0,0,0,0,1,0,0,0,0,0,0,0,0,0,0,0,0,0
56.590233,0,0,0,0,0,0,1,0,0,1,0,1,0,1,0,0,1,0
56.598418,0,0,0,0,0,0,0,1,0,0,0,0,0,0,0,0,0,1
56.600251,0,0,0,0,0,1,0,0,0,0,0,0,0,1,1,0,0,0
56.613220,0,1,1,0,0,0,0,0,0,1,1,0,1,0,0,1,0,0
56.632100,1,0,0,0,0,0,0,0,1,0,0,0,1,0,0,0,0,0
56.636953,0,0,0,0,1,0,1,0,0,1,0,1,0,1,0,0,1,0
56.648148,0,0,0,0,0,0,0,1,0,0,0,0,0,0,0,0,0,1
56.650762,0,0,0,0,0,1,0,0,0,0,0,0,0,1,1,0,0,0
56.665678,0,1,1,0,0,0,0,0,0,1,1,0,1,0,0,1,0,0
56.676227,1,0,0,0,0,0,0,0,1,0,0,0,1,0,0,0,0,0
56.684980,0,0,0,0,1,0,0,0,0,0,0,0,0,0,0,0,0,0
56.689017,0,0,0,0,0,0,1,0,0,1,0,1,0,1,0,0,1,0
56.697878,0,0,0,0,0,0,0,1,0,0,0,0,0,0,0,0,0,1
56.699877,0,0,0,0,0,1,0,0,0,0,0,0,0,1,1,0,0,0
56.716093,0,1,1,0,0,0,0,0,0,1,1,0,1,0,0,1,0,0
56.731421,0,0,0,0,1,0,0,0,0,0,0,0,0,0,0,0,0,0
56.731898,1,0,0,1,0,0,1,0,0,1,1,0,1,1,1,0,1,0
56.749490,0,0,0,0,0,1,0,0,0,0,0,0,0,1,1,0,0,0
56.751993,0,0,0,0,0,0,0,1,0,0,0,0,0,0,0,0,0,1
56.760495,0,1,1,0,0,0,0,0,0,1,1,0,1,0,0,1,0,0
56.776273,1,0,0,0,0,0,0,0,1,0,0,0,1,0,0,0,0,0
56.790964,0,0,0,0,1,0,1,0,0,1,0,1,0,1,0,0,1,0
56.798136,0,0,0,0,0,1,0,0,0,0,0,0,0,1,1,0,0,0
56.801899,0,0,0,0,0,0,0,1,0,0,0,0,0,0,0,0,0,1
56.814094,0,1,1,0,0,0,0,0,0,1,1,0,1,0,0,1,0,0
56.830932,1,0,0,0,0,0,0,0,1,0,0,0,1,0,0,0,0,0
56.834933,0,0,0,0,1,0,0,0,0,0,0,0,0,0,0,0,0,0
56.848227,0,0,0,0,0,0,1,1,0,1,0,1,0,1,0,0,1,1
56.849623,0,0,0,0,0,1,0,0,0,0,0,0,0,1,1,0,0,0
56.874771,0,1,1,0,0,0,0,0,0,1,1,0,1,0,0,1,0,0
56.880464,0,0,0,0,1,0,0,0,0,0,0,0,0,0,0,0,0,0
56.886762,1,0,0,1,0,0,1,0,0,1,1,0,1,1,1,0,1,0
56.900635,0,0,0,0,0,1,0,0,0,0,0,0,0,1,1,0,0,0
56.903101,0,0,0,0,0,0,0,1,0,0,0,0,0,0,0,0,0,1
56.908372,0,1,1,0,0,0,0,0,0,1,1,0,1,0,0,1,0,0
56.924455,1,0,0,1,0,0,1,0,0,1,1,0,1,1,1,0,1,0
56.938937,0,0,0,0,1,0,0,0,0,0,0,0,0,0,0,0,0,0
56.949921,0,0,0,0,0,0,0,1,0,0,0,0,0,0,0,0,0,1
56.950058,0,0,0,0,0,1,0,0,0,0,0,0,0,1,1,0,0,0
56.951567,0,1,1,0,0,0,0,0,0,1,1,0,1,0,0,1,0,0
56.965989,1,0,0,1,0,0,1,0,0,1,1,0,1,1,1,0,1,0
56.984733,0,0,0,0,1,0,0,0,0,0,0,0,0,0,0,0,0,0
56.990154,0,0,1,0,0,0,0,0,1,0,0,0,1,0,0,0,0,0
56.998404,0,0,0,0,0,0,0,1,0,0,0,0,0,0,0,0,0,1
57.000739,0,0,0,0,0,1,0,0,0,1,0,1,0,1,0,1,0,0
57.015401,1,0,0,1,0,0,1,0,0,1,1,0,1,1,1,0,1,0
57.036778,0,0,0,0,1,0,0,0,0,0,0,0,0,0,0,0,0,0
57.043157,0,0,1,0,0,0,0,0,1,0,0,0,1,0,0,0,0,0
57.048357,0,0,0,0,0,0,0,1,0,0,0,0,0,0,0,0,0,1
57.051125,0,0,0,0,0,1,0,0,0,1,0,1,0,1,0,1,0,0
57.066869,1,0,0,1,0,0,1,0,0,1,1,0,1,1,1,0,1,0
57.083629,0,0,0,0,1,0,0,0,0,0,0,0,0,0,0,0,0,0
57.096244,0,0,1,0,0,0,0,0,1,0,0,0,1,0,0,0,0,0
57.097002,0,0,0,0,0,0,0,1,0,0,0,0,0,0,0,0,0,1
57.099380,0,0,0,0,0,1,0,0,0,1,0,1,0,1,0,1,0,0
57.116245,1,0,0,1,0,0,1,0,0,1,1,0,1,1,1,0,1,0
57.130192,0,0,0,0,1,0,0,0,0,0,0,0,0,0,0,0,0,0
57.141021,0,0,1,0,0,0,0,0,1,0,0,0,1,0,0,0,0,0
57.149478,0,0,0,0,0,1,0,0,0,1,0,1,0,1,0,1,0,0
57.150541,0,0,0,0,0,0,0,1,0,0,0,0,0,0,0,0,0,1
57.164266,1,0,0,1,0,0,1,0,0,1,1,0,1,1,1,0,1,0
57.184542,0,0,1,0,0,0,0,0,1,0,0,0,1,0,0,0,0,0
57.185851,0,0,0,0,1,0,0,0,0,0,0,0,0,0,0,0,0,0
57.199336,0,0,0,0,0,0,0,1,0,0,0,0,0,0,0,0,0,1
57.200703,0,0,0,0,0,1,0,0,0,1,0,1,0,1,0,1,0,0
57.217096,1,0,0,1,0,0,1,0,0,1,1,0,1,1,1,0,1,0
57.233331,0,0,0,0,1,0,0,0,0,0,0,0,0,0,0,0,0,0
57.245242,0,0,1,0,0,0,0,0,1,0,0,0,1,0,0,0,0,0
57.246974,0,0,0,0,0,0,0,1,0,0,0,0,0,0,0,0,0,1
57.249795,0,0,0,0,0,1,0,0,0,1,0,1,0,1,0,1,0,0
57.269225,1,0,0,1,0,0,1,0,0,1,1,0,1,1,1,0,1,0
57.284722,0,0,0,0,1,0,0,0,0,0,0,0,0,0,0,0,0,0
57.290809,0,0,1,0,0,0,0,0,1,0,0,0,1,0,0,0,0,0
57.300691,0,0,0,0,0,1,0,0,0,1,0,1,0,1,0,1,0,0
57.302114,0,0,0,0,0,0,0,1,0,0,0,0,0,0,0,0,0,1
57.315376,1,0,0,0,0,0,0,0,1,0,0,0,1,0,0,0,0,0
57.336022,0,0,0,0,1,0,1,0,0,1,0,1,0,1,0,0,1,0
57.351571,0,0,0,0,0,0,0,1,0,0,0,0,0,0,0,0,0,1
57.351669,0,0,0,0,0,1,0,0,0,0,0,0,0,1,1,0,0,0
57.363028,0,1,1,0,0,0,0,0,0,1,1,0,1,0,0,1,0,0
57.376886,1,0,0,1,0,0,1,0,0,1,1,0,1,1,1,0,1,0
57.382503,0,0,0,0,1,0,0,0,0,0,0,0,0,0,0,0,0,0
57.398009,0,0,1,0,0,0,0,0,1,0,0,0,1,0,0,0,0,0
57.400388,0,0,0,0,0,1,0,0,0,1,0,1,0,1,0,1,0,0
57.401889,0,0,0,0,0,0,0,1,0,0,0,0,0,0,0,0,0,1
57.411132,1,0,0,0,0,0,0,0,1,0,0,0,1,0,0,0,0,0
57.420349,0,0,0,0,0,0,1,0,0,1,0,1,0,1,0,0,1,0
57.438309,0,0,0,0,1,0,0,0,0,0,0,0,0,0,0,0,0,0
57.447019,0,0,1,0,0,0,0,0,1,0,0,0,1,0,0,0,0,0
57.448629,0,0,0,0,0,0,0,1,0,0,0,0,0,0,0,0,0,1
57.449917,0,0,0,0,0,1,0,0,0,1,0,1,0,1,0,1,0,0
57.469084,1,0,0,1,0,0,1,0,0,1,1,0,1,1,1,0,1,0
57.479694,0,0,0,0,1,0,0,0,0,0,0,0,0,0,0,0,0,0
57.497727,0,0,1,0,0,0,0,0,1,0,0,0,1,0,0,0,0,0
57.500228,0,0,0,0,0,1,0,0,0,1,0,1,0,1,0,1,0,0
57.503825,0,0,0,0,0,0,0,1,0,0,0,0,0,0,0,0,0,1
57.513159,1,0,0,0,0,0,0,0,1,0,0,0,1,0,0,0,0,0
57.532041,0,0,0,0,0,0,1,0,0,1,0,1,0,1,0,0,1,0
57.539746,0,0,0,0,1,0,0,0,0,0,0,0,0,0,0,0,0,0
57.546859,0,0,0,0,0,0,0,1,0,0,0,0,0,0,0,0,0,1
57.550401,0,0,0,0,0,1,0,0,0,0,0,0,0,1,1,0,0,0
57.556832,0,1,1,0,0,0,0,0,0,1,1,0,1,0,0,1,0,0
57.569311,1,0,0,0,0,0,0,0,1,0,0,0,1,0,0,0,0,0
57.581878,0,0,0,0,1,0,1,0,0,1,0,1,0,1,0,0,1,0
57.599401,0,0,0,0,0,0,0,1,0,0,0,0,0,0,0,0,0,1
57.599818,0,0,0,0,0,1,0,0,0,0,0,0,0,1,1,0,0,0
57.604588,0,1,1,0,0,0,0,0,0,1,1,0,1,0,0,1,0,0
57.616981,1,0,0,0,0,0,0,0,1,0,0,0,1,0,0,0,0,0
57.632950,0,0,0,0,0,0,1,0,0,1,0,1,0,1,0,0,1,0
57.634800,0,0,0,0,1,0,0,0,0,0,0,0,0,0,0,0,0,0
57.649684,0,0,0,0,0,1,0,0,0,0,0,0,0,1,1,0,0,0
57.651887,0,0,0,0,0,0,0,1,0,0,0,0,0,0,0,0,0,1
57.658579,0,1,1,0,0,0,0,0,0,1,1,0,1,0,0,1,0,0
57.669390,1,0,0,0,0,0,0,0,1,0,0,0,1,0,0,0,0,0
57.687712,0,0,0,0,1,0,0,0,0,0,0,0,0,0,0,0,0,0
57.698818,0,0,0,0,0,0,0,1,0,0,0,0,0,0,0,0,0,1
57.701427,0,0,0,0,0,1,0,0,0,1,0,1,0,1,0,1,0,0
57.711318,0,0,0,0,0,0,1,0,0,0,0,0,0,1,1,0,0,0
57.716535,1,0,0,1,0,0,0,0,0,1,1,0,1,0,0,0,1,0
57.734659,0,0,0,0,1,0,1,0,0,0,0,0,0,1,1,0,0,0
57.744457,0,0,1,1,0,0,0,0,0,1,1,0,1,0,0,0,1,0
57.750326,0,0,0,0,0,1,0,0,0,0,0,0,0,1,1,0,0,0
57.752616,0,0,0,0,0,0,0,1,0,0,0,0,0,0,0,0,0,1
57.766913,0,1,1,0,0,0,0,0,0,1,1,0,1,0,0,1,0,0
57.777523,1,0,0,1,0,0,1,0,0,1,1,0,1,1,1,0,1,0
57.788827,0,0,0,0,1,0,0,0,0,0,0,0,0,0,0,0,0,0
57.797331,0,0,0,0,0,0,0,1,0,0,0,0,0,0,0,0,0,1
57.798987,0,0,0,0,0,1,0,0,0,0,0,0,0,1,1,0,0,0
57.804200,0,1,1,0,0,0,0,0,0,1,1,0,1,0,0,1,0,0
57.821878,1,0,0,1,0,0,1,0,0,1,1,0,1,1,1,0,1,0
57.833860,0,0,0,0,1,0,0,0,0,0,0,0,0,0,0,0,0,0
57.843081,0,0,1,0,0,0,0,0,1,0,0,0,1,0,0,0,0,0
57.850011,0,0,0,0,0,1,0,0,0,1,0,1,0,1,0,1,0,0
57.852840,0,0,0,0,0,0,0,1,0,0,0,0,0,0,0,0,0,1
57.864676,1,0,0,0,0,0,0,0,1,0,0,0,1,0,0,0,0,0
57.887403,0,0,0,0,1,0,1,0,0,1,0,1,0,1,0,0,1,0
57.900594,0,0,0,0,0,1,0,0,0,0,0,0,0,1,1,0,0,0
57.902043,0,0,0,0,0,0,0,1,0,0,0,0,0,0,0,0,0,1
57.908670,0,1,1,0,0,0,0,0,0,1,1,0,1,0,0,1,0,0
57.922355,1,0,0,0,0,0,0,0,1,0,0,0,1,0,0,0,0,0
57.938502,0,0,0,0,1,0,1,0,0,1,0,1,0,1,0,0,1,0
57.948978,0,0,0,0,0,1,0,0,0,0,0,0,0,1,1,0,0,0
57.949573,0,0,0,0,0,0,0,1,0,0,0,0,0,0,0,0,0,1
57.966309,0,1,1,0,0,0,0,0,0,1,1,0,1,0,0,1,0,0
57.980371,0,0,0,0,1,0,0,0,0,0,0,0,0,0,0,0,0,0
57.984366,1,0,0,0,0,0,0,0,1,0,0,0,1,0,0,0,0,0
58.000846,0,0,0,0,0,0,1,1,0,1,0,1,0,1,0,0,1,1
58.001247,0,0,0,0,0,1,0,0,0,0,0,0,0,1,1,0,0,0
58.028375,0,1,1,0,0,0,0,0,0,1,1,0,1,0,0,1,0,0
58.037669,0,0,0,0,1,0,0,0,0,0,0,0,0,0,0,0,0,0
58.038872,1,0,0,1,0,0,1,0,0,1,1,0,1,1,1,0,1,0
58.049447,0,0,0,0,0,1,0,0,0,0,0,0,0,1,1,0,0,0
58.052513,0,0,0,0,0,0,0,1,0,0,0,0,0,0,0,0,0,1
58.067303,0,1,1,0,0,0,0,0,0,1,1,0,1,0,0,1,0,0
58.080556,1,0,0,0,0,0,0,0,1,0,0,0,1,0,0,0,0,0
58.090334,0,0,0,0,1,0,0,0,0,0,0,0,0,0,0,0,0,0
58.101849,0,0,0,0,0,1,1,0,0,1,0,1,0,1,0,1,0,0
58.103254,0,0,0,0,0,0,0,1,0,0,0,0,0,0,0,0,0,1
58.113682,1,0,0,1,0,0,0,0,0,1,1,0,1,0,0,0,1,0
58.116683,0,0,0,0,0,0,1,0,0,0,0,0,0,1,1,0,0,0
58.133707,0,0,1,1,0,0,0,0,0,1,1,0,1,0,0,0,1,0
58.141577,0,0,0,0,1,0,0,0,0,0,0,0,0,0,0,0,0,0
58.150481,0,0,0,0,0,1,0,0,0,0,0,0,0,1,1,0,0,0
58.153982,0,0,0,0,0,0,0,1,0,0,0,0,0,0,0,0,0,1
58.156056,0,1,1,0,0,0,0,0,0,1,1,0,1,0,0,1,0,0
58.170855,1,0,0,0,0,0,0,0,1,0,0,0,1,0,0,0,0,0
58.180166,0,0,0,0,0,0,1,0,0,1,0,1,0,1,0,0,1,0
58.192420,0,0,0,0,1,0,0,0,0,0,0,0,0,0,0,0,0,0
58.199356,0,0,0,0,0,1,0,0,0,0,0,0,0,1,1,0,0,0
58.199932,0,0,0,0,0,0,0,1,0,0,0,0,0,0,0,0,0,1
58.207562,0,1,1,0,0,0,0,0,0,1,1,0,1,0,0,1,0,0
58.222311,1,0,0,1,0,0,1,0,0,1,1,0,1,1,1,0,1,0
58.237198,0,0,0,0,1,0,0,0,0,0,0,0,0,0,0,0,0,0
58.242824,0,0,1,0,0,0,0,0,1,0,0,0,1,0,0,0,0,0
58.249992,0,0,0,0,0,0,0,1,0,0,0,0,0,0,0,0,0,1
58.250322,0,0,0,0,0,1,0,0,0,1,0,1,0,1,0,1,0,0
58.262398,1,0,0,0,0,0,0,0,1,0,0,0,1,0,0,0,0,0
58.283093,0,0,0,0,1,0,0,0,0,0,0,0,0,0,0,0,0,0
58.298198,0,0,0,0,0,1,0,0,0,1,0,1,0,1,0,1,0,0
58.299592,0,0,0,0,0,0,0,1,0,0,0,0,0,0,0,0,0,1
58.306916,0,0,0,0,0,0,1,0,0,0,0,0,0,1,1,0,0,0
58.311321,1,0,0,1,0,0,0,0,0,1,1,0,1,0,0,0,1,0
58.333707,0,0,0,0,1,0,0,0,0,0,0,0,0,0,0,0,0,0
58.337874,0,0,1,0,0,0,0,0,1,0,0,0,1,0,0,0,0,0
58.341990,0,0,0,0,0,0,1,0,0,1,0,1,0,1,0,0,1,0
58.348663,0,0,0,0,0,1,0,0,0,0,0,0,0,1,1,0,0,0
58.352944,0,0,0,0,0,0,0,1,0,0,0,0,0,0,0,0,0,1
58.369552,0,1,1,0,0,0,0,0,0,1,1,0,1,0,0,1,0,0
58.383592,1,0,0,0,0,0,0,0,1,0,0,0,1,0,0,0,0,0
58.388143,0,0,0,0,0,0,1,0,0,1,0,1,0,1,0,0,1,0
58.391204,0,0,0,0,1,0,0,0,0,0,0,0,0,0,0,0,0,0
58.398936,0,0,0,0,0,1,0,0,0,0,0,0,0,1,1,0,0,0
58.399213,0,0,0,0,0,0,0,1,0,0,0,0,0,0,0,0,0,1
58.413113,0,1,1,0,0,0,0,0,0,1,1,0,1,0,0,1,0,0
58.427254,1,0,0,1,0,0,1,0,0,1,1,0,1,1,1,0,1,0
58.436020,0,0,0,0,1,0,0,0,0,0,0,0,0,0,0,0,0,0
58.449139,0,0,0,0,0,0,0,1,0,0,0,0,0,0,0,0,0,1
58.450742,0,0,0,0,0,1,0,0,0,0,0,0,0,1,1,0,0,0
58.452941,0,1,1,0,0,0,0,0,0,1,1,0,1,0,0,1,0,0
58.467605,1,0,0,0,0,0,0,0,1,0,0,0,1,0,0,0,0,0
58.486033,0,0,0,0,1,0,0,0,0,0,0,0,0,0,0,0,0,0
58.490190,0,0,0,0,0,0,1,0,0,1,0,1,0,1,0,0,1,0
58.498278,0,0,0,0,0,0,0,1,0,0,0,0,0,0,0,0,0,1
58.501077,0,0,0,0,0,1,0,0,0,0,0,0,0,1,1,0,0,0
58.515690,0,1,1,0,0,0,0,0,0,1,1,0,1,0,0,1,0,0
58.526992,1,0,0,1,0,0,1,0,0,1,1,0,1,1,1,0,1,0
58.529626,0,0,0,0,1,0,0,0,0,0,0,0,0,0,0,0,0,0
58.548150,0,0,0,0,0,0,0,1,0,0,0,0,0,0,0,0,0,1
58.549464,0,0,1,0,0,0,0,0,1,0,0,0,1,0,0,0,0,0
58.550522,0,0,0,0,0,1,0,0,0,1,0,1,0,1,0,1,0,0
58.563031,1,0,0,0,0,0,0,0,1,0,0,0,1,0,0,0,0,0
58.570811,0,0,0,0,0,0,1,0,0,1,0,1,0,1,0,0,1,0
58.586126,0,0,0,0,1,0,0,0,0,0,0,0,0,0,0,0,0,0
58.596136,0,0,1,0,0,0,0,0,1,0,0,0,1,0,0,0,0,0
58.600870,0,0,0,0,0,1,0,0,0,1,0,1,0,1,0,1,0,0
58.601947,0,0,0,0,0,0,0,1,0,0,0,0,0,0,0,0,0,1
58.620093,1,0,0,0,0,0,0,0,1,0,0,0,1,0,0,0,0,0
58.638387,0,0,0,0,1,0,1,0,0,1,0,1,0,1,0,0,1,0
58.649094,0,0,0,0,0,1,0,0,0,0,0,0,0,1,1,0,0,0
58.649226,0,0,0,0,0,0,0,1,0,0,0,0,0,0,0,0,0,1
58.661744,0,1,1,0,0,0,0,0,0,1,1,0,1,0,0,1,0,0
58.676121,1,0,0,0,0,0,0,0,1,0,0,0,1,0,0,0,0,0
58.687113,0,0,0,0,1,0,0,0,0,0,0,0,0,0,0,0,0,0
58.697805,0,0,0,0,0,0,1,1,0,1,0,1,0,1,0,0,1,1
58.699789,0,0,0,0,0,1,0,0,0,0,0,0,0,1,1,0,0,0
58.720152,0,1,1,0,0,0,0,0,0,1,1,0,1,0,0,1,0,0
58.729702,0,0,0,0,1,0,0,0,0,0,0,0,0,0,0,0,0,0
58.733177,1,0,0,1,0,0,1,0,0,1,1,0,1,1,1,0,1,0
58.749309,0,0,0,0,0,1,0,0,0,0,0,0,0,1,1,0,0,0
58.753635,0,0,0,0,0,0,0,1,0,0,0,0,0,0,0,0,0,1
58.760151,0,1,1,0,0,0,0,0,0,1,1,0,1,0,0,1,0,0
58.773718,1,0,0,0,0,0,0,0,1,0,0,0,1,0,0,0,0,0
58.785263,0,0,0,0,1,0,1,0,0,1,0,1,0,1,0,0,1,0
58.798518,0,0,0,0,0,0,0,1,0,0,0,0,0,0,0,0,0,1
58.800691,0,0,0,0,0,1,0,0,0,0,0,0,0,1,1,0,0,0
58.813639,0,1,1,0,0,0,0,0,0,1,1,0,1,0,0,1,0,0
58.829543,1,0,0,0,0,0,0,0,1,0,0,0,1,0,0,0,0,0
58.834405,0,0,0,0,1,0,0,0,0,0,0,0,0,0,0,0,0,0
58.850149,0,0,0,0,0,1,1,0,0,1,0,1,0,1,0,1,0,0
58.853522,0,0,0,0,0,0,0,1,0,0,0,0,0,0,0,0,0,1
58.868531,1,0,0,1,0,0,1,0,0,1,1,0,1,1,1,0,1,0
58.891334,0,0,0,0,1,0,0,0,0,0,0,0,0,0,0,0,0,0
58.894015,0,0,1,1,0,0,0,0,0,1,1,0,1,0,0,0,1,0
58.899678,0,0,0,0,0,1,0,0,0,0,0,0,0,1,1,0,0,0
58.902266,0,0,0,0,0,0,0,1,0,0,0,0,0,0,0,0,0,1
58.919214,0,1,1,0,0,0,0,0,0,1,1,0,1,0,0,1,0,0
58.931756,1,0,0,1,0,0,1,0,0,1,1,0,1,1,1,0,1,0
58.935811,0,0,0,0,1,0,0,0,0,0,0,0,0,0,0,0,0,0
58.950519,0,0,0,0,0,1,0,0,0,0,0,0,0,1,1,0,0,0
58.951708,0,0,0,0,0,0,0,1,0,0,0,0,0,0,0,0,0,1
58.956081,0,1,1,0,0,0,0,0,0,1,1,0,1,0,0,1,0,0
58.966317,1,0,0,1,0,0,1,0,0,1,1,0,1,1,1,0,1,0
58.986761,0,0,0,0,1,0,0,0,0,0,0,0,0,0,0,0,0,0
58.990416,0,0,1,0,0,0,0,0,1,0,0,0,1,0,0,0,0,0
58.999706,0,0,0,0,0,1,0,0,0,1,0,1,0,1,0,1,0,0
59.000303,0,0,0,0,0,0,0,1,0,0,0,0,0,0,0,0,0,1
59.010153,1,0,0,0,0,0,0,0,1,0,0,0,1,0,0,0,0,0
59.038397,0,0,0,0,1,0,1,0,0,1,0,1,0,1,0,0,1,0
59.051638,0,0,0,0,0,1,0,0,0,0,0,0,0,1,1,0,0,0
59.052627,0,0,0,0,0,0,0,1,0,0,0,0,0,0,0,0,0,1
59.063147,0,1,1,0,0,0,0,0,0,1,1,0,1,0,0,1,0,0
59.073758,1,0,0,0,0,0,0,0,1,0,0,0,1,0,0,0,0,0
59.092079,0,0,0,0,1,0,1,0,0,1,0,1,0,1,0,0,1,0
59.096272,0,0,0,0,0,0,0,1,0,0,0,0,0,0,0,0,0,1
59.098408,0,0,0,0,0,1,0,0,0,0,0,0,0,1,1,0,0,0
59.116027,0,1,1,0,0,0,0,0,0,1,1,0,1,0,0,1,0,0
59.131915,1,0,0,0,0,0,0,0,1,0,0,0,1,0,0,0,0,0
59.133313,0,0,0,0,1,0,1,0,0,1,0,1,0,1,0,0,1,0
59.149389,0,0,0,0,0,1,0,0,0,0,0,0,0,1,1,0,0,0
59.152890,0,0,0,0,0,0,0,1,0,0,0,0,0,0,0,0,0,1
59.157410,0,1,1,0,0,0,0,0,0,1,1,0,1,0,0,1,0,0
59.169666,1,0,0,0,0,0,0,0,1,0,0,0,1,0,0,0,0,0
59.182003,0,0,0,0,0,0,1,0,0,1,0,1,0,1,0,0,1,0
59.185627,0,0,0,0,1,0,0,0,0,0,0,0,0,0,0,0,0,0
59.198628,0,0,0,0,0,1,0,0,0,0,0,0,0,1,1,0,0,0
59.203199,0,1,1,0,0,0,0,0,0,1,1,0,1,0,0,1,0,0
59.203589,0,0,0,0,0,0,0,1,0,0,0,0,0,0,0,0,0,1
59.214522,1,0,0,1,0,0,1,0,0,1,1,0,1,1,1,0,1,0
59.236878,0,0,1,0,0,0,0,0,1,0,0,0,1,0,0,0,0,0
59.242134,0,0,0,0,1,0,0,0,0,0,0,0,0,0,0,0,0,0
59.248116,0,0,0,0,0,0,0,1,0,0,0,0,0,0,0,0,0,1
59.249164,0,0,0,0,0,1,0,0,0,1,0,1,0,1,0,1,0,0
59.265150,1,0,0,0,0,0,0,0,1,0,0,0,1,0,0,0,0,0
59.287572,0,0,0,0,1,0,0,0,0,0,0,0,0,0,0,0,0,0
59.298751,0,0,0,0,0,1,1,0,0,1,0,1,0,1,0,0,1,0
59.301821,0,0,0,0,0,0,0,1,0,0,0,0,0,0,0,0,0,1
59.321318,0,1,1,0,0,0,0,0,0,1,1,0,1,0,0,1,0,0
59.334466,1,0,0,1,0,0,1,0,0,1,1,0,1,1,1,0,1,0
59.337474,0,0,0,0,1,0,0,0,0,0,0,0,0,0,0,0,0,0
59.348892,0,0,0,0,0,0,0,1,0,0,0,0,0,0,0,0,0,1
59.351404,0,0,0,0,0,1,0,0,0,0,0,0,0,1,1,0,0,0
59.362979,0,1,1,0,0,0,0,0,0,1,1,0,1,0,0,1,0,0
59.381718,1,0,0,0,0,0,0,0,1,0,0,0,1,0,0,0,0,0
59.385851,0,0,0,0,1,0,0,0,0,0,0,0,0,0,0,0,0,0
59.399355,0,0,0,0,0,0,0,1,0,0,0,0,0,0,0,0,0,1
59.399852,0,0,0,0,0,0,1,0,0,1,0,1,0,1,0,0,1,0
59.400349,0,0,0,0,0,1,0,0,0,0,0,0,0,1,1,0,0,0
59.421425,0,1,1,0,0,0,0,0,0,1,1,0,1,0,0,1,0,0
59.432022,1,0,0,0,0,0,0,0,1,0,0,0,1,0,0,0,0,0
59.432953,0,0,0,0,0,0,1,0,0,1,0,1,0,1,0,0,1,0
59.433845,0,0,0,0,1,0,0,0,0,0,0,0,0,0,0,0,0,0
59.447663,0,0,0,0,0,0,0,1,0,0,0,0,0,0,0,0,0,1
59.449311,0,0,0,0,0,1,0,0,0,0,0,0,0,1,1,0,0,0
59.454365,0,1,1,0,0,0,0,0,0,1,1,0,1,0,0,1,0,0
59.466093,1,0,0,0,0,0,0,0,1,0,0,0,1,0,0,0,0,0
59.486700,0,0,0,0,1,0,0,0,0,0,0,0,0,0,0,0,0,0
59.499661,0,0,0,0,0,1,0,0,0,1,0,1,0,1,0,1,0,0
59.503498,0,0,0,0,0,0,1,1,0,0,0,0,0,1,1,0,0,1
59.512227,1,0,0,1,0,0,1,0,0,1,1,0,1,1,1,0,1,0
59.533587,0,0,1,1,0,0,0,0,0,1,1,0,1,0,0,0,1,0
59.541447,0,0,0,0,1,0,0,0,0,0,0,0,0,0,0,0,0,0
59.550669,0,0,0,0,0,1,0,0,0,0,0,0,0,1,1,0,0,0
59.553116,0,0,0,0,0,0,0,1,0,0,0,0,0,0,0,0,0,1
59.558101,0,1,1,0,0,0,0,0,0,1,1,0,1,0,0,1,0,0
59.571298,1,0,0,1,0,0,1,0,0,1,1,0,1,1,1,0,1,0
59.590204,0,0,0,0,1,0,0,0,0,0,0,0,0,0,0,0,0,0
59.596857,0,0,1,0,0,0,0,0,1,0,0,0,1,0,0,0,0,0
59.599134,0,0,0,0,0,1,0,0,0,1,0,1,0,1,0,1,0,0
59.602447,0,0,0,0,0,0,0,1,0,0,0,0,0,0,0,0,0,1
59.611549,1,0,0,0,0,0,0,0,1,0,0,0,1,0,0,0,0,0
59.634459,0,0,0,0,1,0,0,0,0,0,0,0,0,0,0,0,0,0
59.649056,0,0,0,0,0,0,1,1,0,1,0,1,0,1,0,0,1,1
59.650850,0,0,0,0,0,1,0,0,0,0,0,0,0,1,1,0,0,0
59.678945,0,1,1,0,0,0,0,0,0,1,1,0,1,0,0,1,0,0
59.684684,0,0,0,0,1,0,0,0,0,0,0,0,0,0,0,0,0,0
59.695241,1,0,0,0,0,0,0,0,1,0,0,0,1,0,0,0,0,0
59.696781,0,0,0,0,0,0,0,1,0,0,0,0,0,0,0,0,0,1
59.698032,0,0,0,0,0,0,1,0,0,1,0,1,0,1,0,0,1,0
59.699087,0,0,0,0,0,1,0,0,0,0,0,0,0,1,1,0,0,0
59.725786,0,1,1,0,0,0,0,0,0,1,1,0,1,0,0,1,0,0
59.733008,0,0,0,0,1,0,0,0,0,0,0,0,0,0,0,0,0,0
59.741167,1,0,0,1,0,0,1,0,0,1,1,0,1,1,1,0,1,0
59.748519,0,0,0,0,0,1,0,0,0,0,0,0,0,1,1,0,0,0
59.751014,0,0,0,0,0,0,0,1,0,0,0,0,0,0,0,0,0,1
59.766539,0,1,1,0,0,0,0,0,0,1,1,0,1,0,0,1,0,0
59.781499,1,0,0,0,0,0,0,0,1,0,0,0,1,0,0,0,0,0
59.788016,0,0,0,0,1,0,1,0,0,1,0,1,0,1,0,0,1,0
59.797903,0,0,0,0,0,0,0,1,0,0,0,0,0,0,0,0,0,1
59.800761,0,0,0,0,0,1,0,0,0,0,0,0,0,1,1,0,0,0
59.808359,0,1,1,0,0,0,0,0,0,1,1,0,1,0,0,1,0,0
59.825308,1,0,0,0,0,0,0,0,1,0,0,0,1,0,0,0,0,0
59.834523,0,0,0,0,1,0,1,0,0,1,0,1,0,1,0,0,1,0
59.849450,0,0,0,0,0,1,0,0,0,0,0,0,0,1,1,0,0,0
59.851396,0,0,0,0,0,0,0,1,0,0,0,0,0,0,0,0,0,1
59.863105,0,1,1,0,0,0,0,0,0,1,1,0,1,0,0,1,0,0
59.873934,1,0,0,0,0,0,0,0,1,0,0,0,1,0,0,0,0,0
59.888599,0,0,0,0,1,0,1,0,0,1,0,1,0,1,0,0,1,0
59.898014,0,0,0,0,0,0,0,1,0,0,0,0,0,0,0,0,0,1
59.900453,0,0,0,0,0,1,0,0,0,0,0,0,0,1,1,0,0,0
59.911779,0,1,1,0,0,0,0,0,0,1,1,0,1,0,0,1,0,0
59.926952,1,0,0,0,0,0,0,0,1,0,0,0,1,0,0,0,0,0
59.933617,0,0,0,0,0,0,1,0,0,1,0,1,0,1,0,0,1,0
59.935170,0,0,0,0,1,0,0,0,0,0,0,0,0,0,0,0,0,0
59.950461,0,0,0,0,0,0,0,1,0,0,0,0,0,0,0,0,0,1
59.950650,0,0,0,0,0,1,0,0,0,0,0,0,0,1,1,0,0,0
59.954350,0,1,1,0,0,0,0,0,0,1,1,0,1,0,0,1,0,0
59.966619,1,0,0,0,0,0,0,0,1,0,0,0,1,0,0,0,0,0
59.981279,0,0,0,0,0,0,1,0,0,1,0,1,0,1,0,0,1,0
59.982502,0,0,0,0,1,0,0,0,0,0,0,0,0,0,0,0,0,0
59.997352,0,0,0,0,0,0,0,1,0,0,0,0,0,0,0,0,0,1
59.999723,0,0,0,0,0,1,0,0,0,0,0,0,0,1,1,0,0,0
60.007885,0,1,1,0,0,0,0,0,0,1,1,0,1,0,0,1,0,0
60.024914,1,0,0,0,0,0,0,0,1,0,0,0,1,0,0,0,0,0
60.031782,0,0,0,0,1,0,1,0,0,1,0,1,0,1,0,0,1,0
60.049117,0,0,0,0,0,1,0,0,0,0,0,0,0,1,1,0,0,0
60.052770,0,0,0,0,0,0,0,1,0,0,0,0,0,0,0,0,0,1
60.058048,0,1,1,0,0,0,0,0,0,1,1,0,1,0,0,1,0,0
60.074506,1,0,0,1,0,0,1,0,0,1,1,0,1,1,1,0,1,0
60.083174,0,0,0,0,1,0,0,0,0,0,0,0,0,0,0,0,0,0
60.098995,0,0,0,0,0,0,0,1,0,0,0,0,0,0,0,0,0,1
60.100452,0,0,1,0,0,0,0,0,1,0,0,0,1,0,0,0,0,0
60.101747,0,0,0,0,0,1,0,0,0,1,0,1,0,1,0,1,0,0
60.119560,1,0,0,0,0,0,0,0,1,0,0,0,1,0,0,0,0,0
60.134800,0,0,0,0,1,0,0,0,0,0,0,0,0,0,0,0,0,0
60.151412,0,0,0,0,0,0,1,1,0,1,0,1,0,1,0,0,1,1
60.151488,0,0,0,0,0,1,0,0,0,0,0,0,0,1,1,0,0,0
60.174513,0,1,1,0,0,0,0,0,0,1,1,0,1,0,0,1,0,0
60.187825,0,0,0,0,1,0,0,0,0,0,0,0,0,0,0,0,0,0
60.192578,1,0,0,0,0,0,0,0,1,0,0,0,1,0,0,0,0,0
60.198984,0,0,0,0,0,0,1,1,0,1,0,1,0,1,0,0,1,1
60.201366,0,0,0,0,0,1,0,0,0,0,0,0,0,1,1,0,0,0
60.222651,0,1,1,0,0,0,0,0,0,1,1,0,1,0,0,1,0,0
60.233490,1,0,0,0,0,0,0,0,1,0,0,0,1,0,0,0,0,0
60.235704,0,0,0,0,1,0,1,0,0,1,0,1,0,1,0,0,1,0
60.249501,0,0,0,0,0,0,0,1,0,0,0,0,0,0,0,0,0,1
60.250882,0,0,0,0,0,1,0,0,0,0,0,0,0,1,1,0,0,0
60.260455,0,1,1,0,0,0,0,0,0,1,1,0,1,0,0,1,0,0
60.276119,1,0,0,1,0,0,1,0,0,1,1,0,1,1,1,0,1,0
60.282250,0,0,0,0,1,0,0,0,0,0,0,0,0,0,0,0,0,0
60.298933,0,0,0,0,0,0,0,1,0,0,0,0,0,0,0,0,0,1
60.299203,0,0,0,0,0,1,0,0,0,0,0,0,0,1,1,0,0,0
60.299224,0,1,1,0,0,0,0,0,0,1,1,0,1,0,0,1,0,0
60.310206,1,0,0,0,0,0,0,0,1,0,0,0,1,0,0,0,0,0
60.312509,0,0,0,0,0,0,1,0,0,1,0,1,0,1,0,0,1,0
60.333518,0,0,0,0,1,0,0,0,0,0,0,0,0,0,0,0,0,0
60.338354,0,0,1,0,0,0,0,0,1,0,0,0,1,0,0,0,0,0
60.350433,0,0,0,0,0,1,0,0,0,1,0,1,0,1,0,1,0,0
60.352539,0,0,0,0,0,0,0,1,0,0,0,0,0,0,0,0,0,1
60.367413,1,0,0,1,0,0,1,0,0,1,1,0,1,1,1,0,1,0
60.386260,0,0,0,0,1,0,0,0,0,0,0,0,0,0,0,0,0,0
60.394743,0,0,1,0,0,0,0,0,1,0,0,0,1,0,0,0,0,0
60.399455,0,0,0,0,0,0,0,1,0,0,0,0,0,0,0,0,0,1
60.399739,0,0,0,0,0,1,0,0,0,1,0,1,0,1,0,1,0,0
60.410275,1,0,0,1,0,0,1,0,0,1,1,0,1,1,1,0,1,0
60.432419,0,0,1,0,0,0,0,0,1,0,0,0,1,0,0,0,0,0
60.436155,0,0,0,0,1,0,0,0,0,0,0,0,0,0,0,0,0,0
60.449390,0,0,0,0,0,1,0,0,0,1,0,1,0,1,0,1,0,0
60.451482,0,0,0,0,0,0,0,1,0,0,0,0,0,0,0,0,0,1
60.466141,1,0,0,1,0,0,1,0,0,1,1,0,1,1,1,0,1,0
60.484404,0,0,0,0,1,0,0,0,0,0,0,0,0,0,0,0,0,0
60.486728,0,0,1,0,0,0,0,0,1,0,0,0,1,0,0,0,0,0
60.499474,0,0,0,0,0,1,0,0,0,1,0,1,0,1,0,1,0,0
60.501852,0,0,0,0,0,0,0,1,0,0,0,0,0,0,0,0,0,1
60.514375,1,0,0,0,0,0,0,0,1,0,0,0,1,0,0,0,0,0
60.538592,0,0,0,0,1,0,1,0,0,1,0,1,0,1,0,0,1,0
60.546027,0,0,0,0,0,0,0,1,0,0,0,0,0,0,0,0,0,1
60.550656,0,0,0,0,0,1,0,0,0,0,0,0,0,1,1,0,0,0
60.558842,0,1,1,0,0,0,0,0,0,1,1,0,1,0,0,1,0,0
60.572184,1,0,0,1,0,0,1,0,0,1,1,0,1,1,1,0,1,0
60.582280,0,0,0,0,1,0,0,0,0,0,0,0,0,0,0,0,0,0
60.593904,0,0,1,0,0,0,0,0,1,0,0,0,1,0,0,0,0,0
60.598292,0,0,0,0,0,1,0,0,0,1,0,1,0,1,0,1,0,0
60.601362,0,0,0,0,0,0,0,1,0,0,0,0,0,0,0,0,0,1
60.611992,1,0,0,0,0,0,0,0,1,0,0,0,1,0,0,0,0,0
60.632210,0,0,0,0,1,0,1,0,0,1,0,1,0,1,0,0,1,0
60.649568,0,0,0,0,0,1,0,0,0,0,0,0,0,1,1,0,0,0
60.651448,0,0,0,0,0,0,0,1,0,0,0,0,0,0,0,0,0,1
60.655644,0,1,1,0,0,0,0,0,0,1,1,0,1,0,0,1,0,0
60.672230,1,0,0,0,0,0,0,0,1,0,0,0,1,0,0,0,0,0
60.681662,0,0,0,0,1,0,1,0,0,1,0,1,0,1,0,0,1,0
60.699889,0,0,0,0,0,0,0,1,0,0,0,0,0,0,0,0,0,1
60.700056,0,0,0,0,0,1,0,0,0,0,0,0,0,1,1,0,0,0
60.709810,0,1,1,0,0,0,0,0,0,1,1,0,1,0,0,1,0,0
60.725895,1,0,0,0,0,0,0,0,1,0,0,0,1,0,0,0,0,0
60.731876,0,0,0,0,1,0,0,0,0,0,0,0,0,0,0,0,0,0
60.749946,0,0,0,0,0,1,1,0,0,1,0,1,0,1,0,1,0,0
60.751223,0,0,0,0,0,0,0,1,0,0,0,0,0,0,0,0,0,1
60.766361,1,0,0,1,0,0,0,0,0,1,1,0,1,0,0,0,1,0
60.790166,0,0,0,0,1,0,1,0,0,0,0,0,0,1,1,0,0,0
60.790456,0,0,1,1,0,0,0,0,0,1,1,0,1,0,0,0,1,0
60.800078,0,0,0,0,0,1,0,0,0,0,0,0,0,1,1,0,0,0
60.803881,0,0,0,0,0,0,0,1,0,0,0,0,0,0,0,0,0,1
60.815428,0,1,1,0,0,0,0,0,0,1,1,0,1,0,0,1,0,0
60.832157,1,0,0,1,0,0,1,0,0,1,1,0,1,1,1,0,1,0
60.840472,0,0,0,0,1,0,0,0,0,0,0,0,0,0,0,0,0,0
60.850390,0,0,0,0,0,1,0,0,0,0,0,0,0,1,1,0,0,0
60.850768,0,0,0,0,0,0,0,1,0,0,0,0,0,0,0,0,0,1
60.853651,0,1,1,0,0,0,0,0,0,1,1,0,1,0,0,1,0,0
60.865537,1,0,0,1,0,0,1,0,0,1,1,0,1,1,1,0,1,0
60.887692,0,0,0,0,1,0,0,0,0,0,0,0,0,0,0,0,0,0
60.892664,0,0,1,0,0,0,0,0,1,0,0,0,1,0,0,0,0,0
60.900161,0,0,0,0,0,0,0,1,0,0,0,0,0,0,0,0,0,1
60.901627,0,0,0,0,0,1,0,0,0,1,0,1,0,1,0,1,0,0
60.917864,1,0,0,0,0,0,0,0,1,0,0,0,1,0,0,0,0,0
60.931511,0,0,0,0,0,0,1,0,0,1,0,1,0,1,0,0,1,0
60.935603,0,0,0,0,1,0,0,0,0,0,0,0,0,0,0,0,0,0
60.950575,0,0,0,0,0,1,0,0,0,0,0,0,0,1,1,0,0,0
60.952318,0,0,0,0,0,0,0,1,0,0,0,0,0,0,0,0,0,1
60.953405,0,1,1,0,0,0,0,0,0,1,1,0,1,0,0,1,0,0
60.966834,1,0,0,0,0,0,0,0,1,0,0,0,1,0,0,0,0,0
60.982717,0,0,0,0,1,0,1,0,0,1,0,1,0,1,0,0,1,0
60.997968,0,0,0,0,0,0,0,1,0,0,0,0,0,0,0,0,0,1
60.999287,0,0,0,0,0,1,0,0,0,0,0,0,0,1,1,0,0,0
61.003934,0,1,1,0,0,0,0,0,0,1,1,0,1,0,0,1,0,0
61.014291,1,0,0,0,0,0,0,0,1,0,0,0,1,0,0,0,0,0
61.027847,0,0,0,0,0,0,1,0,0,1,0,1,0,1,0,0,1,0
61.034126,0,0,0,0,1,0,0,0,0,0,0,0,0,0,0,0,0,0
61.049049,0,0,1,0,0,0,0,0,1,0,0,0,1,0,0,0,0,0
61.049723,0,0,0,0,0,1,0,0,0,1,0,1,0,1,0,1,0,0
61.049767,0,0,0,0,0,0,0,1,0,0,0,0,0,0,0,0,0,1
61.060465,1,0,0,1,0,0,1,0,0,1,1,0,1,1,1,0,1,0
61.084416,0,0,0,0,1,0,0,0,0,0,0,0,0,0,0,0,0,0
61.085315,0,0,1,0,0,0,0,0,1,0,0,0,1,0,0,0,0,0
61.098525,0,0,0,0,0,0,0,1,0,0,0,0,0,0,0,0,0,1
61.101865,0,0,0,0,0,1,0,0,0,1,0,1,0,1,0,1,0,0
61.117912,1,0,0,0,0,0,0,0,1,0,0,0,1,0,0,0,0,0
61.126892,0,0,0,0,0,0,1,0,0,1,0,1,0,1,0,0,1,0
61.129002,0,0,0,0,1,0,0,0,0,0,0,0,0,0,0,0,0,0
61.147548,0,0,0,0,0,0,0,1,0,0,0,0,0,0,0,0,0,1
61.149608,0,0,0,0,0,1,0,0,0,0,0,0,0,1,1,0,0,0
61.150979,0,1,1,0,0,0,0,0,0,1,1,0,1,0,0,1,0,0
61.166775,1,0,0,0,0,0,0,0,1,0,0,0,1,0,0,0,0,0
61.179091,0,0,0,0,0,0,1,0,0,1,0,1,0,1,0,0,1,0
61.186513,0,0,0,0,1,0,0,0,0,0,0,0,0,0,0,0,0,0
61.199984,0,0,0,0,0,1,0,0,0,0,0,0,0,1,1,0,0,0
61.201765,0,0,0,0,0,0,0,1,0,0,0,0,0,0,0,0,0,1
61.204689,0,1,1,0,0,0,0,0,0,1,1,0,1,0,0,1,0,0
61.220460,1,0,0,0,0,0,0,0,1,0,0,0,1,0,0,0,0,0
61.231677,0,0,0,0,0,0,1,0,0,1,0,1,0,1,0,0,1,0
61.238467,0,0,0,0,1,0,0,0,0,0,0,0,0,0,0,0,0,0
61.248320,0,0,0,0,0,1,0,0,0,0,0,0,0,1,1,0,0,0
61.253620,0,0,0,0,0,0,0,1,0,0,0,0,0,0,0,0,0,1
61.257894,0,1,1,0,0,0,0,0,0,1,1,0,1,0,0,1,0,0
61.273667,1,0,0,1,0,0,1,0,0,1,1,0,1,1,1,0,1,0
61.287625,0,0,0,0,1,0,0,0,0,0,0,0,0,0,0,0,0,0
61.296553,0,0,1,0,0,0,0,0,1,0,0,0,1,0,0,0,0,0
61.300804,0,0,0,0,0,1,0,0,0,1,0,1,0,1,0,1,0,0
61.302593,0,0,0,0,0,0,0,1,0,0,0,0,0,0,0,0,0,1
61.317564,1,0,0,0,0,0,0,0,1,0,0,0,1,0,0,0,0,0
61.325262,0,0,0,0,0,0,1,0,0,1,0,1,0,1,0,0,1,0
61.336979,0,0,0,0,1,0,0,0,0,0,0,0,0,0,0,0,0,0
61.350152,0,0,0,0,0,0,0,1,0,0,0,0,0,0,0,0,0,1
61.351834,0,0,0,0,0,1,0,0,0,0,0,0,0,1,1,0,0,0
61.354039,0,1,1,0,0,0,0,0,0,1,1,0,1,0,0,1,0,0
61.372113,1,0,0,1,0,0,1,0,0,1,1,0,1,1,1,0,1,0
61.385119,0,0,0,0,1,0,0,0,0,0,0,0,0,0,0,0,0,0
61.393527,0,0,1,0,0,0,0,0,1,0,0,0,1,0,0,0,0,0
61.399201,0,0,0,0,0,0,0,1,0,0,0,0,0,0,0,0,0,1
61.399349,0,0,0,0,0,1,0,0,0,1,0,1,0,1,0,1,0,0
61.414621,1,0,0,1,0,0,1,0,0,1,1,0,1,1,1,0,1,0
61.436065,0,0,0,0,1,0,0,0,0,0,0,0,0,0,0,0,0,0
61.437431,0,0,1,0,0,0,0,0,1,0,0,0,1,0,0,0,0,0
61.448532,0,0,0,0,0,1,0,0,0,1,0,1,0,1,0,1,0,0
61.451221,0,0,0,0,0,0,0,1,0,0,0,0,0,0,0,0,0,1
61.459079,1,0,0,1,0,0,1,0,0,1,1,0,1,1,1,0,1,0
61.485632,0,0,1,0,0,0,0,0,1,0,0,0,1,0,0,0,0,0
61.490509,0,0,0,0,1,0,0,0,0,0,0,0,0,0,0,0,0,0
61.499709,0,0,0,0,0,1,0,0,0,1,0,1,0,1,0,1,0,0
61.501162,0,0,0,0,0,0,0,1,0,0,0,0,0,0,0,0,0,1
61.510075,1,0,0,0,0,0,0,0,1,0,0,0,1,0,0,0,0,0
61.536958,0,0,0,0,1,0,0,0,0,0,0,0,0,0,0,0,0,0
61.542155,0,0,0,0,0,0,1,0,0,1,0,1,0,1,0,0,1,0
61.549916,0,0,0,0,0,1,0,0,0,0,0,0,0,1,1,0,0,0
61.551439,0,0,0,0,0,0,0,1,0,0,0,0,0,0,0,0,0,1
61.563421,0,1,1,0,0,0,0,0,0,1,1,0,1,0,0,1,0,0
61.576579,1,0,0,0,0,0,0,0,1,0,0,0,1,0,0,0,0,0
61.586660,0,0,0,0,1,0,1,0,0,1,0,1,0,1,0,0,1,0
61.598889,0,0,0,0,0,1,0,0,0,0,0,0,0,1,1,0,0,0
61.600683,0,0,0,0,0,0,0,1,0,0,0,0,0,0,0,0,0,1
61.607527,0,1,1,0,0,0,0,0,0,1,1,0,1,0,0,1,0,0
61.623399,1,0,0,1,0,0,1,0,0,1,1,0,1,1,1,0,1,0
61.634449,0,0,0,0,1,0,0,0,0,0,0,0,0,0,0,0,0,0
61.647962,0,0,0,0,0,0,0,1,0,0,0,0,0,0,0,0,0,1
61.650211,0,0,1,0,0,0,0,0,1,0,0,0,1,0,0,0,0,0
61.650670,0,0,0,0,0,1,0,0,0,1,0,1,0,1,0,1,0,0
61.664564,1,0,0,0,0,0,0,0,1,0,0,0,1,0,0,0,0,0
61.686876,0,0,0,0,1,0,0,0,0,0,0,0,0,0,0,0,0,0
61.697013,0,0,0,0,0,0,1,0,0,1,0,1,0,1,0,0,1,0
61.700185,0,0,0,0,0,0,0,1,0,0,0,0,0,0,0,0,0,1
61.701012,0,0,0,0,0,1,0,0,0,0,0,0,0,1,1,0,0,0
61.723848,0,1,1,0,0,0,0,0,0,1,1,0,1,0,0,1,0,0
61.732068,0,0,0,0,1,0,0,0,0,0,0,0,0,0,0,0,0,0
61.740490,1,0,0,0,0,0,0,0,1,0,0,0,1,0,0,0,0,0
61.743102,0,0,0,0,0,0,1,0,0,1,0,1,0,1,0,0,1,0
61.749814,0,0,0,0,0,1,0,0,0,0,0,0,0,1,1,0,0,0
61.751387,0,0,0,0,0,0,0,1,0,0,0,0,0,0,0,0,0,1
61.768644,0,1,1,0,0,0,0,0,0,1,1,0,1,0,0,1,0,0
61.782386,1,0,0,0,0,0,0,0,1,0,0,0,1,0,0,0,0,0
61.789825,0,0,0,0,1,0,1,0,0,1,0,1,0,1,0,0,1,0
61.799666,0,0,0,0,0,1,0,0,0,0,0,0,0,1,1,0,0,0
61.801551,0,0,0,0,0,0,0,1,0,0,0,0,0,0,0,0,0,1
61.811699,0,1,1,0,0,0,0,0,0,1,1,0,1,0,0,1,0,0
61.826643,1,0,0,1,0,0,1,0,0,1,1,0,1,1,1,0,1,0
61.836164,0,0,0,0,1,0,0,0,0,0,0,0,0,0,0,0,0,0
61.849439,0,0,1,0,0,0,0,0,1,0,0,0,1,0,0,0,0,0
61.849775,0,0,0,0,0,0,0,1,0,0,0,0,0,0,0,0,0,1
61.850679,0,0,0,0,0,1,0,0,0,1,0,1,0,1,0,1,0,0
61.864121,1,0,0,0,0,0,0,0,1,0,0,0,1,0,0,0,0,0
61.889431,0,0,0,0,1,0,0,0,0,0,0,0,0,0,0,0,0,0
61.896915,0,0,0,0,0,0,1,0,0,1,0,1,0,1,0,0,1,0
61.899508,0,0,0,0,0,0,0,1,0,0,0,0,0,0,0,0,0,1
61.900199,0,0,0,0,0,1,0,0,0,0,0,0,0,1,1,0,0,0
61.924339,0,1,1,0,0,0,0,0,0,1,1,0,1,0,0,1,0,0
61.934770,0,0,0,0,1,0,0,0,0,0,0,0,0,0,0,0,0,0
61.934893,1,0,0,0,0,0,0,0,1,0,0,0,1,0,0,0,0,0
61.943794,0,0,0,0,0,0,1,0,0,1,0,1,0,1,0,0,1,0
61.948602,0,0,0,0,0,0,0,1,0,0,0,0,0,0,0,0,0,1
61.950416,0,0,0,0,0,1,0,0,0,0,0,0,0,1,1,0,0,0
61.964718,0,1,1,0,0,0,0,0,0,1,1,0,1,0,0,1,0,0
61.980785,1,0,0,0,0,0,0,0,1,0,0,0,1,0,0,0,0,0
61.982204,0,0,0,0,0,0,1,0,0,1,0,1,0,1,0,0,1,0
61.983404,0,0,0,0,1,0,0,0,0,0,0,0,0,0,0,0,0,0
61.998430,0,0,0,0,0,1,0,0,0,0,0,0,0,1,1,0,0,0
62.003683,0,0,0,0,0,0,0,1,0,0,0,0,0,0,0,0,0,1
62.006452,0,1,1,0,0,0,0,0,0,1,1,0,1,0,0,1,0,0
62.025232,1,0,0,1,0,0,1,0,0,1,1,0,1,1,1,0,1,0
62.037334,0,0,0,0,1,0,0,0,0,0,0,0,0,0,0,0,0,0
62.047121,0,0,1,0,0,0,0,0,1,0,0,0,1,0,0,0,0,0
62.048102,0,0,0,0,0,0,0,1,0,0,0,0,0,0,0,0,0,1
62.051043,0,0,0,0,0,1,0,0,0,1,0,1,0,1,0,1,0,0
62.062584,1,0,0,0,0,0,0,0,1,0,0,0,1,0,0,0,0,0
62.083612,0,0,0,0,1,0,1,0,0,1,0,1,0,1,0,0,1,0
62.100132,0,0,0,0,0,1,0,0,0,0,0,0,0,1,1,0,0,0
62.101348,0,0,0,0,0,0,0,1,0,0,0,0,0,0,0,0,0,1
62.108330,0,1,1,0,0,0,0,0,0,1,1,0,1,0,0,1,0,0
62.121360,1,0,0,0,0,0,0,0,1,0,0,0,1,0,0,0,0,0
62.134863,0,0,0,0,1,0,1,0,0,1,0,1,0,1,0,0,1,0
62.148836,0,0,0,0,0,0,0,1,0,0,0,0,0,0,0,0,0,1
62.150448,0,0,0,0,0,1,0,0,0,0,0,0,0,1,1,0,0,0
62.158197,0,1,1,0,0,0,0,0,0,1,1,0,1,0,0,1,0,0
62.171689,1,0,0,0,0,0,0,0,1,0,0,0,1,0,0,0,0,0
62.186073,0,0,0,0,1,0,0,0,0,0,0,0,0,0,0,0,0,0
62.198709,0,0,0,0,0,0,0,1,0,0,0,0,0,0,0,0,0,1
62.198780,0,0,0,0,0,0,1,0,0,1,0,1,0,1,0,0,1,0
62.198850,0,0,0,0,0,1,0,0,0,0,0,0,0,1,1,0,0,0
62.225474,0,1,1,0,0,0,0,0,0,1,1,0,1,0,0,1,0,0
62.236905,1,0,0,1,0,0,1,0,0,1,1,0,1,1,1,0,1,0
62.237857,0,0,0,0,1,0,0,0,0,0,0,0,0,0,0,0,0,0
62.250507,0,0,0,0,0,1,0,0,0,0,0,0,0,1,1,0,0,0
62.251056,0,0,0,0,0,0,0,1,0,0,0,0,0,0,0,0,0,1
62.264088,0,1,1,0,0,0,0,0,0,1,1,0,1,0,0,1,0,0
62.276226,1,0,0,1,0,0,1,0,0,1,1,0,1,1,1,0,1,0
62.289052,0,0,0,0,1,0,0,0,0,0,0,0,0,0,0,0,0,0
62.298822,0,0,0,0,0,1,0,0,0,0,0,0,0,1,1,0,0,0
62.301002,0,1,1,0,0,0,0,0,0,1,1,0,1,0,0,1,0,0
62.301520,0,0,0,0,0,0,0,1,0,0,0,0,0,0,0,0,0,1
62.317115,1,0,0,0,0,0,0,0,1,0,0,0,1,0,0,0,0,0
62.341427,0,0,0,0,1,0,0,0,0,0,0,0,0,0,0,0,0,0
62.349510,0,0,0,0,0,0,1,1,0,1,0,1,0,1,0,0,1,1
62.350989,0,0,0,0,0,1,0,0,0,0,0,0,0,1,1,0,0,0
62.376222,0,1,1,0,0,0,0,0,0,1,1,0,1,0,0,1,0,0
62.380175,0,0,0,0,1,0,0,0,0,0,0,0,0,0,0,0,0,0
62.390835,1,0,0,1,0,0,1,0,0,1,1,0,1,1,1,0,1,0
62.399990,0,0,0,0,0,1,0,0,0,0,0,0,0,1,1,0,0,0
62.400307,0,0,0,0,0,0,0,1,0,0,0,0,0,0,0,0,0,1
62.418183,0,1,1,0,0,0,0,0,0,1,1,0,1,0,0,1,0,0
62.431280,1,0,0,0,0,0,0,0,1,0,0,0,1,0,0,0,0,0
62.432473,0,0,0,0,0,0,1,0,0,1,0,1,0,1,0,0,1,0
62.437168,0,0,0,0,1,0,0,0,0,0,0,0,0,0,0,0,0,0
62.447097,0,0,0,0,0,0,0,1,0,0,0,0,0,0,0,0,0,1
62.451668,0,0,0,0,0,1,0,0,0,0,0,0,0,1,1,0,0,0
62.460106,0,1,1,0,0,0,0,0,0,1,1,0,1,0,0,1,0,0
62.472547,1,0,0,1,0,0,1,0,0,1,1,0,1,1,1,0,1,0
62.485233,0,0,0,0,1,0,0,0,0,0,0,0,0,0,0,0,0,0
62.498029,0,0,1,0,0,0,0,0,1,0,0,0,1,0,0,0,0,0
62.498623,0,0,0,0,0,1,0,0,0,1,0,1,0,1,0,1,0,0
62.499848,0,0,0,0,0,0,0,1,0,0,0,0,0,0,0,0,0,1
62.514229,1,0,0,0,0,0,0,0,1,0,0,0,1,0,0,0,0,0
62.528864,0,0,0,0,0,0,1,0,0,1,0,1,0,1,0,0,1,0
62.532620,0,0,0,0,1,0,0,0,0,0,0,0,0,0,0,0,0,0
62.549085,0,0,0,0,0,1,0,0,0,0,0,0,0,1,1,0,0,0
62.551230,0,1,1,0,0,0,0,0,0,1,1,0,1,0,0,1,0,0
62.552063,0,0,0,0,0,0,0,1,0,0,0,0,0,0,0,0,0,1
62.566283,1,0,0,1,0,0,1,0,0,1,1,0,1,1,1,0,1,0
62.588674,0,0,0,0,1,0,0,0,0,0,0,0,0,0,0,0,0,0
62.591945,0,0,1,0,0,0,0,0,1,0,0,0,1,0,0,0,0,0
62.596908,0,0,0,0,0,0,0,1,0,0,0,0,0,0,0,0,0,1
62.599399,0,0,0,0,0,1,0,0,0,1,0,1,0,1,0,1,0,0
62.617487,1,0,0,1,0,0,1,0,0,1,1,0,1,1,1,0,1,0
62.636851,0,0,0,0,1,0,0,0,0,0,0,0,0,0,0,0,0,0
62.643781,0,0,1,0,0,0,0,0,1,0,0,0,1,0,0,0,0,0
62.650237,0,0,0,0,0,1,0,0,0,1,0,1,0,1,0,1,0,0
62.652528,0,0,0,0,0,0,0,1,0,0,0,0,0,0,0,0,0,1
62.661264,1,0,0,1,0,0,1,0,0,1,1,0,1,1,1,0,1,0
62.685885,0,0,1,0,0,0,0,0,1,0,0,0,1,0,0,0,0,0
62.688063,0,0,0,0,1,0,0,0,0,0,0,0,0,0,0,0,0,0
62.696418,0,0,0,0,0,0,0,1,0,0,0,0,0,0,0,0,0,1
62.700418,0,0,0,0,0,1,0,0,0,1,0,1,0,1,0,1,0,0
62.717713,1,0,0,1,0,0,1,0,0,1,1,0,1,1,1,0,1,0
62.733693,0,0,0,0,1,0,0,0,0,0,0,0,0,0,0,0,0,0
62.746237,0,0,1,0,0,0,0,0,1,0,0,0,1,0,0,0,0,0
62.747325,0,0,0,0,0,0,0,1,0,0,0,0,0,0,0,0,0,1
62.749547,0,0,0,0,0,1,0,0,0,1,0,1,0,1,0,1,0,0
62.765167,1,0,0,1,0,0,1,0,0,1,1,0,1,1,1,0,1,0
62.784954,0,0,0,0,1,0,0,0,0,0,0,0,0,0,0,0,0,0
62.788368,0,0,1,0,0,0,0,0,1,0,0,0,1,0,0,0,0,0
62.799957,0,0,0,0,0,1,0,0,0,1,0,1,0,1,0,1,0,0
62.802816,0,0,0,0,0,0,0,1,0,0,0,0,0,0,0,0,0,1
62.813794,1,0,0,0,0,0,0,0,1,0,0,0,1,0,0,0,0,0
62.838174,0,0,0,0,1,0,0,0,0,0,0,0,0,0,0,0,0,0
62.843868,0,0,0,0,0,0,1,0,0,1,0,1,0,1,0,0,1,0
62.848113,0,0,0,0,0,1,0,0,0,0,0,0,0,1,1,0,0,0
62.848593,0,0,0,0,0,0,0,1,0,0,0,0,0,0,0,0,0,1
62.864017,0,1,1,0,0,0,0,0,0,1,1,0,1,0,0,1,0,0
62.881818,0,0,0,0,1,0,0,0,0,0,0,0,0,0,0,0,0,0
62.882135,1,0,0,0,0,0,0,0,1,0,0,0,1,0,0,0,0,0
62.889380,0,0,0,0,0,0,1,0,0,1,0,1,0,1,0,0,1,0
62.900094,0,0,0,0,0,1,0,0,0,0,0,0,0,1,1,0,0,0
62.901597,0,0,0,0,0,0,0,1,0,0,0,0,0,0,0,0,0,1
62.913341,0,1,1,0,0,0,0,0,0,1,1,0,1,0,0,1,0,0
62.928785,1,0,0,0,0,0,0,0,1,0,0,0,1,0,0,0,0,0
62.939601,0,0,0,0,1,0,0,0,0,0,0,0,0,0,0,0,0,0
62.949769,0,0,0,0,0,1,0,0,0,1,0,1,0,1,0,1,0,0
62.952151,0,0,0,0,0,0,0,1,0,0,0,0,0,0,0,0,0,1
62.960078,1,0,0,1,0,0,1,0,0,1,1,0,1,1,1,0,1,0
62.980290,0,0,1,0,0,0,0,0,1,0,0,0,1,0,0,0,0,0
62.991084,0,0,0,0,1,0,1,0,0,1,0,1,0,1,0,0,1,0
62.998841,0,0,0,0,0,1,0,0,0,0,0,0,0,1,1,0,0,0
63.000808,0,0,0,0,0,0,0,1,0,0,0,0,0,0,0,0,0,1
63.016130,0,1,1,0,0,0,0,0,0,1,1,0,1,0,0,1,0,0
63.033959,1,0,0,1,0,0,1,0,0,1,1,0,1,1,1,0,1,0
63.039145,0,0,0,0,1,0,0,0,0,0,0,0,0,0,0,0,0,0
63.047618,0,0,0,0,0,0,0,1,0,0,0,0,0,0,0,0,0,1
63.050877,0,0,0,0,0,1,0,0,0,0,0,0,0,1,1,0,0,0
63.059998,0,1,1,0,0,0,0,0,0,1,1,0,1,0,0,1,0,0
63.079953,1,0,0,0,0,0,0,0,1,0,0,0,1,0,0,0,0,0
63.086386,0,0,0,0,1,0,1,0,0,1,0,1,0,1,0,0,1,0
63.099874,0,0,0,0,0,1,0,0,0,0,0,0,0,1,1,0,0,0
63.102471,0,0,0,0,0,0,0,1,0,0,0,0,0,0,0,0,0,1
63.108788,0,1,1,0,0,0,0,0,0,1,1,0,1,0,0,1,0,0
63.125200,1,0,0,0,0,0,0,0,1,0,0,0,1,0,0,0,0,0
63.130243,0,0,0,0,0,0,1,0,0,1,0,1,0,1,0,0,1,0
63.140208,0,0,0,0,1,0,0,0,0,0,0,0,0,0,0,0,0,0
63.146771,0,0,0,0,0,0,0,1,0,0,0,0,0,0,0,0,0,1
63.149961,0,0,0,0,0,1,0,0,0,0,0,0,0,1,1,0,0,0
63.157279,0,1,1,0,0,0,0,0,0,1,1,0,1,0,0,1,0,0
63.170888,1,0,0,1,0,0,1,0,0,1,1,0,1,1,1,0,1,0
63.177345,0,0,0,0,1,0,0,0,0,0,0,0,0,0,0,0,0,0
63.198123,0,0,1,0,0,0,0,0,1,0,0,0,1,0,0,0,0,0
63.199073,0,0,0,0,0,1,0,0,0,1,0,1,0,1,0,1,0,0
63.201704,0,0,0,0,0,0,0,1,0,0,0,0,0,0,0,0,0,1
63.210256,1,0,0,0,0,0,0,0,1,0,0,0,1,0,0,0,0,0
63.241020,0,0,0,0,1,0,1,0,0,1,0,1,0,1,0,0,1,0
63.250430,0,0,0,0,0,1,0,0,0,0,0,0,0,1,1,0,0,0
63.250951,0,0,0,0,0,0,0,1,0,0,0,0,0,0,0,0,0,1
63.263440,0,1,1,0,0,0,0,0,0,1,1,0,1,0,0,1,0,0
63.277117,1,0,0,0,0,0,0,0,1,0,0,0,1,0,0,0,0,0
63.282016,0,0,0,0,0,0,1,0,0,1,0,1,0,1,0,0,1,0
63.286325,0,0,0,0,1,0,0,0,0,0,0,0,0,0,0,0,0,0
63.299448,0,0,0,0,0,1,0,0,0,0,0,0,0,1,1,0,0,0
63.302109,0,0,0,0,0,0,0,1,0,0,0,0,0,0,0,0,0,1
63.311792,0,1,1,0,0,0,0,0,0,1,1,0,1,0,0,1,0,0
63.327911,1,0,0,1,0,0,1,0,0,1,1,0,1,1,1,0,1,0
63.337221,0,0,0,0,1,0,0,0,0,0,0,0,0,0,0,0,0,0
63.349299,0,0,0,0,0,0,0,1,0,0,0,0,0,0,0,0,0,1
63.350316,0,0,0,0,0,1,0,0,0,0,0,0,0,1,1,0,0,0
63.353047,0,1,1,0,0,0,0,0,0,1,1,0,1,0,0,1,0,0
63.369033,1,0,0,1,0,0,1,0,0,1,1,0,1,1,1,0,1,0
63.382542,0,0,0,0,1,0,0,0,0,0,0,0,0,0,0,0,0,0
63.393029,0,0,1,0,0,0,0,0,1,0,0,0,1,0,0,0,0,0
63.398630,0,0,0,0,0,0,0,1,0,0,0,0,0,0,0,0,0,1
63.401306,0,0,0,0,0,1,0,0,0,1,0,1,0,1,0,1,0,0
63.415557,1,0,0,1,0,0,1,0,0,1,1,0,1,1,1,0,1,0
63.434370,0,0,0,0,1,0,0,0,0,0,0,0,0,0,0,0,0,0
63.444271,0,0,1,0,0,0,0,0,1,0,0,0,1,0,0,0,0,0
63.451176,0,0,0,0,0,1,0,0,0,1,0,1,0,1,0,1,0,0
63.452458,0,0,0,0,0,0,0,1,0,0,0,0,0,0,0,0,0,1
63.467808,1,0,0,1,0,0,1,0,0,1,1,0,1,1,1,0,1,0
63.487852,0,0,1,0,0,0,0,0,1,0,0,0,1,0,0,0,0,0
63.491206,0,0,0,0,1,0,0,0,0,0,0,0,0,0,0,0,0,0
63.496876,0,0,0,0,0,0,0,1,0,0,0,0,0,0,0,0,0,1
63.500894,0,0,0,0,0,1,0,0,0,1,0,1,0,1,0,1,0,0
63.516015,1,0,0,0,0,0,0,0,1,0,0,0,1,0,0,0,0,0
63.529064,0,0,0,0,1,0,0,0,0,0,0,0,0,0,0,0,0,0
63.550274,0,0,0,0,0,1,1,0,0,1,0,1,0,1,0,1,0,0
63.552765,0,0,0,0,0,0,0,1,0,0,0,0,0,0,0,0,0,1
63.563643,1,0,0,1,0,0,1,0,0,1,1,0,1,1,1,0,1,0
63.588870,0,0,1,1,0,0,0,0,0,1,1,0,1,0,0,0,1,0
63.590591,0,0,0,0,1,0,0,0,0,0,0,0,0,0,0,0,0,0
63.598974,0,0,0,0,0,0,0,1,0,0,0,0,0,0,0,0,0,1
63.600517,0,0,0,0,0,1,0,0,0,0,0,0,0,1,1,0,0,0
63.615820,0,1,1,0,0,0,0,0,0,1,1,0,1,0,0,1,0,0
63.627069,1,0,0,0,0,0,0,0,1,0,0,0,1,0,0,0,0,0
63.630421,0,0,0,0,0,0,1,0,0,1,0,1,0,1,0,0,1,0
63.633464,0,0,0,0,1,0,0,0,0,0,0,0,0,0,0,0,0,0
63.648396,0,0,0,0,0,0,0,1,0,0,0,0,0,0,0,0,0,1
63.650669,0,0,0,0,0,1,0,0,0,0,0,0,0,1,1,0,0,0
63.656386,0,1,1,0,0,0,0,0,0,1,1,0,1,0,0,1,0,0
63.668327,1,0,0,0,0,0,0,0,1,0,0,0,1,0,0,0,0,0
63.680307,0,0,0,0,0,0,1,0,0,1,0,1,0,1,0,0,1,0
63.684895,0,0,0,0,1,0,0,0,0,0,0,0,0,0,0,0,0,0
63.699992,0,0,0,0,0,1,0,0,0,0,0,0,0,1,1,0,0,0
63.700320,0,0,0,0,0,0,0,1,0,0,0,0,0,0,0,0,0,1
63.705433,0,1,1,0,0,0,0,0,0,1,1,0,1,0,0,1,0,0
63.722987,1,0,0,0,0,0,0,0,1,0,0,0,1,0,0,0,0,0
63.736761,0,0,0,0,1,0,1,0,0,1,0,1,0,1,0,0,1,0
63.750265,0,0,0,0,0,1,0,0,0,0,0,0,0,1,1,0,0,0
63.750741,0,0,0,0,0,0,0,1,0,0,0,0,0,0,0,0,0,1
63.765632,0,1,1,0,0,0,0,0,0,1,1,0,1,0,0,1,0,0
63.781386,1,0,0,1,0,0,1,0,0,1,1,0,1,1,1,0,1,0
63.786676,0,0,0,0,1,0,0,0,0,0,0,0,0,0,0,0,0,0
63.800299,0,0,0,0,0,1,0,0,0,0,0,0,0,1,1,0,0,0
63.801944,0,0,0,0,0,0,0,1,0,0,0,0,0,0,0,0,0,1
63.802489,0,1,1,0,0,0,0,0,0,1,1,0,1,0,0,1,0,0
63.816545,1,0,0,0,0,0,0,0,1,0,0,0,1,0,0,0,0,0
63.839229,0,0,0,0,1,0,1,0,0,1,0,1,0,1,0,0,1,0
63.847827,0,0,0,0,0,0,0,1,0,0,0,0,0,0,0,0,0,1
63.851195,0,0,0,0,0,1,0,0,0,0,0,0,0,1,1,0,0,0
63.865401,0,1,1,0,0,0,0,0,0,1,1,0,1,0,0,1,0,0
63.878779,1,0,0,1,0,0,1,0,0,1,1,0,1,1,1,0,1,0
63.882870,0,0,0,0,1,0,0,0,0,0,0,0,0,0,0,0,0,0
63.898686,0,0,0,0,0,0,0,1,0,0,0,0,0,0,0,0,0,1
63.899424,0,0,0,0,0,1,0,0,0,0,0,0,0,1,1,0,0,0
63.906984,0,1,1,0,0,0,0,0,0,1,1,0,1,0,0,1,0,0
63.917376,1,0,0,0,0,0,0,0,1,0,0,0,1,0,0,0,0,0
63.934506,0,0,0,0,1,0,0,0,0,0,0,0,0,0,0,0,0,0
63.951270,0,0,0,0,0,1,1,0,0,1,0,1,0,1,0,1,0,0
63.953520,0,0,0,0,0,0,0,1,0,0,0,0,0,0,0,0,0,1
63.964896,1,0,0,1,0,0,0,0,0,1,1,0,1,0,0,0,1,0
63.990217,0,0,0,0,1,0,1,0,0,0,0,0,0,1,1,0,0,0
63.993014,0,0,1,1,0,0,0,0,0,1,1,0,1,0,0,0,1,0
63.999388,0,0,0,0,0,0,0,1,0,0,0,0,0,0,0,0,0,1
64.001792,0,0,0,0,0,1,0,0,0,0,0,0,0,1,1,0,0,0
64.020675,0,1,1,0,0,0,0,0,0,1,1,0,1,0,0,1,0,0
64.035131,0,0,0,0,1,0,0,0,0,0,0,0,0,0,0,0,0,0
64.038972,1,0,0,0,0,0,0,0,1,0,0,0,1,0,0,0,0,0
64.046067,0,0,0,0,0,0,1,0,0,1,0,1,0,1,0,0,1,0
64.049794,0,0,0,0,0,0,0,1,0,0,0,0,0,0,0,0,0,1
64.050602,0,0,0,0,0,1,0,0,0,0,0,0,0,1,1,0,0,0
64.066429,0,1,1,0,0,0,0,0,0,1,1,0,1,0,0,1,0,0
64.078620,1,0,0,0,0,0,0,0,1,0,0,0,1,0,0,0,0,0
64.085166,0,0,0,0,1,0,1,0,0,1,0,1,0,1,0,0,1,0
64.100707,0,0,0,0,0,1,0,0,0,0,0,0,0,1,1,0,0,0
64.100895,0,0,0,0,0,0,0,1,0,0,0,0,0,0,0,0,0,1
64.109387,0,1,1,0,0,0,0,0,0,1,1,0,1,0,0,1,0,0
64.124625,1,0,0,1,0,0,1,0,0,1,1,0,1,1,1,0,1,0
64.138567,0,0,0,0,1,0,0,0,0,0,0,0,0,0,0,0,0,0
64.145837,0,0,1,0,0,0,0,0,1,0,0,0,1,0,0,0,0,0
64.147592,0,0,0,0,0,0,0,1,0,0,0,0,0,0,0,0,0,1
64.151902,0,0,0,0,0,1,0,0,0,1,0,1,0,1,0,1,0,0
64.167616,1,0,0,0,0,0,0,0,1,0,0,0,1,0,0,0,0,0
64.179271,0,0,0,0,0,0,1,0,0,1,0,1,0,1,0,0,1,0
64.186496,0,0,0,0,1,0,0,0,0,0,0,0,0,0,0,0,0,0
64.198999,0,0,0,0,0,1,0,0,0,0,0,0,0,1,1,0,0,0
64.203252,0,0,0,0,0,0,0,1,0,0,0,0,0,0,0,0,0,1
64.204972,0,1,1,0,0,0,0,0,0,1,1,0,1,0,0,1,0,0
64.224916,1,0,0,0,0,0,0,0,1,0,0,0,1,0,0,0,0,0
64.233477,0,0,0,0,0,0,1,0,0,1,0,1,0,1,0,0,1,0
64.238921,0,0,0,0,1,0,0,0,0,0,0,0,0,0,0,0,0,0
64.249268,0,0,0,0,0,1,0,0,0,0,0,0,0,1,1,0,0,0
64.252264,0,0,0,0,0,0,0,1,0,0,0,0,0,0,0,0,0,1
64.260550,0,1,1,0,0,0,0,0,0,1,1,0,1,0,0,1,0,0
64.272464,1,0,0,1,0,0,1,0,0,1,1,0,1,1,1,0,1,0
64.290217,0,0,0,0,1,0,0,0,0,0,0,0,0,0,0,0,0,0
64.294661,0,0,1,0,0,0,0,0,1,0,0,0,1,0,0,0,0,0
64.298987,0,0,0,0,0,0,0,1,0,0,0,0,0,0,0,0,0,1
64.300184,0,0,0,0,0,1,0,0,0,1,0,1,0,1,0,1,0,0
64.316728,1,0,0,0,0,0,0,0,1,0,0,0,1,0,0,0,0,0
64.334587,0,0,0,0,1,0,0,0,0,0,0,0,0,0,0,0,0,0
64.340030,0,0,0,0,0,0,1,0,0,1,0,1,0,1,0,0,1,0
64.348921,0,0,0,0,0,0,0,1,0,0,0,0,0,0,0,0,0,1
64.349231,0,0,0,0,0,1,0,0,0,0,0,0,0,1,1,0,0,0
64.367173,0,1,1,0,0,0,0,0,0,1,1,0,1,0,0,1,0,0
64.378946,1,0,0,0,0,0,0,0,1,0,0,0,1,0,0,0,0,0
64.388747,0,0,0,0,1,0,0,0,0,0,0,0,0,0,0,0,0,0
64.399049,0,0,0,0,0,1,1,0,0,1,0,1,0,1,0,1,0,0
64.401360,0,0,0,0,0,0,0,1,0,0,0,0,0,0,0,0,0,1
64.410670,1,0,0,1,0,0,0,0,0,1,1,0,1,0,0,0,1,0
64.422859,0,0,0,0,0,0,1,0,0,0,0,0,0,1,1,0,0,0
64.432424,0,0,1,1,0,0,0,0,0,1,1,0,1,0,0,0,1,0
64.433625,0,0,0,0,1,0,0,0,0,0,0,0,0,0,0,0,0,0
64.447820,0,0,0,0,0,0,0,1,0,0,0,0,0,0,0,0,0,1
64.449921,0,0,0,0,0,1,0,0,0,0,0,0,0,1,1,0,0,0
64.455687,0,1,1,0,0,0,0,0,0,1,1,0,1,0,0,1,0,0
64.473573,1,0,0,1,0,0,1,0,0,1,1,0,1,1,1,0,1,0
64.479641,0,0,0,0,1,0,0,0,0,0,0,0,0,0,0,0,0,0
64.495607,0,0,1,0,0,0,0,0,1,0,0,0,1,0,0,0,0,0
64.500526,0,0,0,0,0,1,0,0,0,1,0,1,0,1,0,1,0,0
64.500987,0,0,0,0,0,0,0,1,0,0,0,0,0,0,0,0,0,1
64.512170,1,0,0,1,0,0,1,0,0,1,1,0,1,1,1,0,1,0
64.536494,0,0,1,0,0,0,0,0,1,0,0,0,1,0,0,0,0,0
64.538065,0,0,0,0,1,0,0,0,0,0,0,0,0,0,0,0,0,0
64.547004,0,0,0,0,0,0,0,1,0,0,0,0,0,0,0,0,0,1
64.549859,0,0,0,0,0,1,0,0,0,1,0,1,0,1,0,1,0,0
64.562581,1,0,0,0,0,0,0,0,1,0,0,0,1,0,0,0,0,0
64.570997,0,0,0,0,0,0,1,0,0,1,0,1,0,1,0,0,1,0
64.586829,0,0,0,0,1,0,0,0,0,0,0,0,0,0,0,0,0,0
64.599845,0,0,1,0,0,0,0,0,1,0,0,0,1,0,0,0,0,0
64.599976,0,0,0,0,0,1,0,0,0,1,0,1,0,1,0,1,0,0
64.600647,0,0,0,0,0,0,0,1,0,0,0,0,0,0,0,0,0,1
64.611109,1,0,0,1,0,0,1,0,0,1,1,0,1,1,1,0,1,0
64.632699,0,0,1,0,0,0,0,0,1,0,0,0,1,0,0,0,0,0
64.637760,0,0,0,0,1,0,0,0,0,0,0,0,0,0,0,0,0,0
64.648377,0,0,0,0,0,1,0,0,0,1,0,1,0,1,0,1,0,0
64.649610,0,0,0,0,0,0,0,1,0,0,0,0,0,0,0,0,0,1
64.660327,1,0,0,1,0,0,1,0,0,1,1,0,1,1,1,0,1,0
64.687739,0,0,0,0,1,0,0,0,0,0,0,0,0,0,0,0,0,0
64.689389,0,0,1,0,0,0,0,0,1,0,0,0,1,0,0,0,0,0
64.699646,0,0,0,0,0,0,0,1,0,0,0,0,0,0,0,0,0,1
64.699921,0,0,0,0,0,1,0,0,0,1,0,1,0,1,0,1,0,0
64.716627,1,0,0,1,0,0,1,0,0,1,1,0,1,1,1,0,1,0
64.736548,0,0,0,0,1,0,0,0,0,0,0,0,0,0,0,0,0,0
64.741505,0,0,1,0,0,0,0,0,1,0,0,0,1,0,0,0,0,0
64.748103,0,0,0,0,0,0,0,1,0,0,0,0,0,0,0,0,0,1
64.750616,0,0,0,0,0,1,0,0,0,1,0,1,0,1,0,1,0,0
64.769890,1,0,0,1,0,0,1,0,0,1,1,0,1,1,1,0,1,0
64.778633,0,0,0,0,1,0,0,0,0,0,0,0,0,0,0,0,0,0
64.792922,0,0,1,0,0,0,0,0,1,0,0,0,1,0,0,0,0,0
64.800642,0,0,0,0,0,1,0,0,0,1,0,1,0,1,0,1,0,0
64.800688,0,0,0,0,0,0,0,1,0,0,0,0,0,0,0,0,0,1
64.815430,1,0,0,1,0,0,1,0,0,1,1,0,1,1,1,0,1,0
64.834990,0,0,0,0,1,0,0,0,0,0,0,0,0,0,0,0,0,0
64.840651,0,0,1,0,0,0,0,0,1,0,0,0,1,0,0,0,0,0
64.850779,0,0,0,0,0,0,0,1,0,0,0,0,0,0,0,0,0,1
64.851892,0,0,0,0,0,1,0,0,0,1,0,1,0,1,0,1,0,0
64.869183,1,0,0,0,0,0,0,0,1,0,0,0,1,0,0,0,0,0
64.890313,0,0,0,0,1,0,1,0,0,1,0,1,0,1,0,0,1,0
64.897228,0,0,0,0,0,0,0,1,0,0,0,0,0,0,0,0,0,1
64.900185,0,0,0,0,0,1,0,0,0,0,0,0,0,1,1,0,0,0
64.917823,0,1,1,0,0,0,0,0,0,1,1,0,1,0,0,1,0,0
64.933495,0,0,0,0,1,0,0,0,0,0,0,0,0,0,0,0,0,0
64.933575,1,0,0,0,0,0,0,0,1,0,0,0,1,0,0,0,0,0
64.939373,0,0,0,0,0,0,1,0,0,1,0,1,0,1,0,0,1,0
64.949714,0,0,0,0,0,1,0,0,0,0,0,0,0,1,1,0,0,0
64.950535,0,0,0,0,0,0,0,1,0,0,0,0,0,0,0,0,0,1
64.966976,0,1,1,0,0,0,0,0,0,1,1,0,1,0,0,1,0,0
64.982693,0,0,0,0,1,0,0,0,0,0,0,0,0,0,0,0,0,0
64.984448,1,0,0,0,0,0,0,0,1,0,0,0,1,0,0,0,0,0
64.997828,0,0,0,0,0,0,1,0,0,1,0,1,0,1,0,0,1,0
64.999112,0,0,0,0,0,0,0,1,0,0,0,0,0,0,0,0,0,1
65.000088,0,0,0,0,0,1,0,0,0,0,0,0,0,1,1,0,0,0
65.024428,0,1,1,0,0,0,0,0,0,1,1,0,1,0,0,1,0,0
65.036092,0,0,0,0,1,0,0,0,0,0,0,0,0,0,0,0,0,0
65.037556,1,0,0,1,0,0,1,0,0,1,1,0,1,1,1,0,1,0
65.049255,0,0,0,0,0,0,0,1,0,0,0,0,0,0,0,0,0,1
65.050795,0,0,0,0,0,1,0,0,0,0,0,0,0,1,1,0,0,0
65.066317,0,1,1,0,0,0,0,0,0,1,1,0,1,0,0,1,0,0
65.083034,0,0,0,0,1,0,0,0,0,0,0,0,0,0,0,0,0,0
65.084259,1,0,0,0,0,0,0,0,1,0,0,0,1,0,0,0,0,0
65.100638,0,0,0,0,0,0,1,1,0,1,0,1,0,1,0,0,1,1
65.100907,0,0,0,0,0,1,0,0,0,0,0,0,0,1,1,0,0,0
65.123472,0,1,1,0,0,0,0,0,0,1,1,0,1,0,0,1,0,0
65.136552,1,0,0,1,0,0,1,0,0,1,1,0,1,1,1,0,1,0
65.140290,0,0,0,0,1,0,0,0,0,0,0,0,0,0,0,0,0,0
65.149071,0,0,0,0,0,1,0,0,0,0,0,0,0,1,1,0,0,0
65.151025,0,0,0,0,0,0,0,1,0,0,0,0,0,0,0,0,0,1
65.159495,0,1,1,0,0,0,0,0,0,1,1,0,1,0,0,1,0,0
65.177094,1,0,0,1,0,0,1,0,0,1,1,0,1,1,1,0,1,0
65.188946,0,0,0,0,1,0,0,0,0,0,0,0,0,0,0,0,0,0
65.200085,0,0,0,0,0,0,0,1,0,0,0,0,0,0,0,0,0,1
65.200477,0,0,0,0,0,1,0,0,0,0,0,0,0,1,1,0,0,0
65.200728,0,1,1,0,0,0,0,0,0,1,1,0,1,0,0,1,0,0
65.212819,1,0,0,0,0,0,0,0,1,0,0,0,1,0,0,0,0,0
65.233324,0,0,0,0,1,0,1,0,0,1,0,1,0,1,0,0,1,0
65.248826,0,0,0,0,0,1,0,0,0,0,0,0,0,1,1,0,0,0
65.251192,0,0,0,0,0,0,0,1,0,0,0,0,0,0,0,0,0,1
65.262912,0,1,1,0,0,0,0,0,0,1,1,0,1,0,0,1,0,0
65.274307,1,0,0,0,0,0,0,0,1,0,0,0,1,0,0,0,0,0
65.290007,0,0,0,0,1,0,0,0,0,0,0,0,0,0,0,0,0,0
65.291119,0,0,0,0,0,0,1,0,0,1,0,1,0,1,0,0,1,0
65.299703,0,0,0,0,0,1,0,0,0,0,0,0,0,1,1,0,0,0
65.303660,0,0,0,0,0,0,0,1,0,0,0,0,0,0,0,0,0,1
65.315343,0,1,1,0,0,0,0,0,0,1,1,0,1,0,0,1,0,0
65.335217,1,0,0,0,0,0,0,0,1,0,0,0,1,0,0,0,0,0
65.342841,0,0,0,0,1,0,0,0,0,0,0,0,0,0,0,0,0,0
65.351015,0,0,0,0,0,0,1,1,0,1,0,1,0,1,0,0,1,1
65.351139,0,0,0,0,0,1,0,0,0,0,0,0,0,1,1,0,0,0
65.371587,0,1,1,0,0,0,0,0,0,1,1,0,1,0,0,1,0,0
65.383623,1,0,0,1,0,0,1,0,0,1,1,0,1,1,1,0,1,0
65.389106,0,0,0,0,1,0,0,0,0,0,0,0,0,0,0,0,0,0
65.398755,0,0,0,0,0,1,0,0,0,0,0,0,0,1,1,0,0,0
65.401750,0,0,0,0,0,0,0,1,0,0,0,0,0,0,0,0,0,1
65.409116,0,1,1,0,0,0,0,0,0,1,1,0,1,0,0,1,0,0
65.423864,1,0,0,1,0,0,1,0,0,1,1,0,1,1,1,0,1,0
65.437656,0,0,0,0,1,0,0,0,0,0,0,0,0,0,0,0,0,0
65.446212,0,0,1,0,0,0,0,0,1,0,0,0,1,0,0,0,0,0
65.448500,0,0,0,0,0,1,0,0,0,1,0,1,0,1,0,1,0,0
65.449775,0,0,0,0,0,0,0,1,0,0,0,0,0,0,0,0,0,1
65.461055,1,0,0,1,0,0,1,0,0,1,1,0,1,1,1,0,1,0
65.482724,0,0,1,0,0,0,0,0,1,0,0,0,1,0,0,0,0,0
65.487594,0,0,0,0,1,0,0,0,0,0,0,0,0,0,0,0,0,0
65.496390,0,0,0,0,0,0,0,1,0,0,0,0,0,0,0,0,0,1
65.501054,0,0,0,0,0,1,0,0,0,1,0,1,0,1,0,1,0,0
65.518100,1,0,0,0,0,0,0,0,1,0,0,0,1,0,0,0,0,0
65.534900,0,0,0,0,1,0,1,0,0,1,0,1,0,1,0,0,1,0
65.549771,0,0,0,0,0,1,0,0,0,0,0,0,0,1,1,0,0,0
65.551763,0,0,0,0,0,0,0,1,0,0,0,0,0,0,0,0,0,1
65.558427,0,1,1,0,0,0,0,0,0,1,1,0,1,0,0,1,0,0
65.570436,1,0,0,1,0,0,1,0,0,1,1,0,1,1,1,0,1,0
65.589918,0,0,0,0,1,0,0,0,0,0,0,0,0,0,0,0,0,0
65.592116,0,0,1,0,0,0,0,0,1,0,0,0,1,0,0,0,0,0
65.597411,0,0,0,0,0,0,0,1,0,0,0,0,0,0,0,0,0,1
65.599517,0,0,0,0,0,1,0,0,0,1,0,1,0,1,0,1,0,0
65.613392,1,0,0,1,0,0,1,0,0,1,1,0,1,1,1,0,1,0
65.635927,0,0,0,0,1,0,0,0,0,0,0,0,0,0,0,0,0,0
65.639101,0,0,1,0,0,0,0,0,1,0,0,0,1,0,0,0,0,0
65.647627,0,0,0,0,0,0,0,1,0,0,0,0,0,0,0,0,0,1
65.649250,0,0,0,0,0,1,0,0,0,1,0,1,0,1,0,1,0,0
65.664395,1,0,0,1,0,0,1,0,0,1,1,0,1,1,1,0,1,0
65.682099,0,0,0,0,1,0,0,0,0,0,0,0,0,0,0,0,0,0
65.689002,0,0,1,0,0,0,0,0,1,0,0,0,1,0,0,0,0,0
65.698610,0,0,0,0,0,1,0,0,0,1,0,1,0,1,0,1,0,0
65.699008,0,0,0,0,0,0,0,1,0,0,0,0,0,0,0,0,0,1
65.716834,1,0,0,1,0,0,1,0,0,1,1,0,1,1,1,0,1,0
65.735650,0,0,0,0,1,0,0,0,0,0,0,0,0,0,0,0,0,0
65.746336,0,0,1,0,0,0,0,0,1,0,0,0,1,0,0,0,0,0
65.748819,0,0,0,0,0,1,0,0,0,1,0,1,0,1,0,1,0,0
65.750449,0,0,0,0,0,0,0,1,0,0,0,0,0,0,0,0,0,1
65.760833,1,0,0,0,0,0,0,0,1,0,0,0,1,0,0,0,0,0
65.782135,0,0,0,0,0,0,1,0,0,1,0,1,0,1,0,0,1,0
65.786330,0,0,0,0,1,0,0,0,0,0,0,0,0,0,0,0,0,0
65.799578,0,0,0,0,0,1,0,0,0,0,0,0,0,1,1,0,0,0
65.800579,0,0,0,0,0,0,0,1,0,0,0,0,0,0,0,0,0,1
65.805831,0,1,1,0,0,0,0,0,0,1,1,0,1,0,0,1,0,0
65.818253,1,0,0,0,0,0,0,0,1,0,0,0,1,0,0,0,0,0
65.839511,0,0,0,0,1,0,1,0,0,1,0,1,0,1,0,0,1,0
65.849154,0,0,0,0,0,1,0,0,0,0,0,0,0,1,1,0,0,0
65.849554,0,0,0,0,0,0,0,1,0,0,0,0,0,0,0,0,0,1
65.863245,0,1,1,0,0,0,0,0,0,1,1,0,1,0,0,1,0,0
65.876754,1,0,0,0,0,0,0,0,1,0,0,0,1,0,0,0,0,0
65.886438,0,0,0,0,1,0,1,0,0,1,0,1,0,1,0,0,1,0
65.901439,0,0,0,0,0,0,0,1,0,0,0,0,0,0,0,0,0,1
65.901457,0,0,0,0,0,1,0,0,0,0,0,0,0,1,1,0,0,0
65.908589,0,1,1,0,0,0,0,0,0,1,1,0,1,0,0,1,0,0
65.923371,1,0,0,0,0,0,0,0,1,0,0,0,1,0,0,0,0,0
65.925922,0,0,0,0,0,0,1,0,0,1,0,1,0,1,0,0,1,0
65.939668,0,0,0,0,1,0,0,0,0,0,0,0,0,0,0,0,0,0
65.950830,0,0,0,0,0,1,0,0,0,0,0,0,0,1,1,0,0,0
65.952699,0,0,0,0,0,0,0,1,0,0,0,0,0,0,0,0,0,1
65.953382,0,1,1,0,0,0,0,0,0,1,1,0,1,0,0,1,0,0
65.972977,1,0,0,0,0,0,0,0,1,0,0,0,1,0,0,0,0,0
65.988672,0,0,0,0,1,0,0,0,0,0,0,0,0,0,0,0,0,0
65.999615,0,0,0,0,0,0,0,1,0,0,0,0,0,0,0,0,0,1
65.999765,0,0,0,0,0,1,0,0,0,1,0,1,0,1,0,1,0,0
66.013365,1,0,0,1,0,0,1,0,0,1,1,0,1,1,1,0,1,0
66.029751,0,0,0,0,0,0,1,0,0,0,0,0,0,1,1,0,0,0
66.037103,0,0,0,0,1,0,0,0,0,0,0,0,0,0,0,0,0,0
66.042105,0,0,1,1,0,0,0,0,0,1,1,0,1,0,0,0,1,0
66.049535,0,0,0,0,0,0,0,1,0,0,0,0,0,0,0,0,0,1
66.050326,0,0,0,0,0,1,0,0,0,0,0,0,0,1,1,0,0,0
66.067592,0,1,1,0,0,0,0,0,0,1,1,0,1,0,0,1,0,0
66.084834,0,0,0,0,1,0,0,0,0,0,0,0,0,0,0,0,0,0
66.086081,1,0,0,0,0,0,0,0,1,0,0,0,1,0,0,0,0,0
66.100200,0,0,0,0,0,1,1,0,0,1,0,1,0,1,0,1,0,0
66.102633,0,0,0,0,0,0,0,1,0,0,0,0,0,0,0,0,0,1
66.112781,1,0,0,1,0,0,0,0,0,1,1,0,1,0,0,0,1,0
66.134936,0,0,0,0,1,0,0,0,0,0,0,0,0,0,0,0,0,0
66.135856,0,0,1,1,0,0,1,0,0,1,1,0,1,1,1,0,1,0
66.149013,0,0,0,0,0,1,0,0,0,0,0,0,0,1,1,0,0,0
66.153620,0,0,0,0,0,0,0,1,0,0,0,0,0,0,0,0,0,1
66.157073,0,1,1,0,0,0,0,0,0,1,1,0,1,0,0,1,0,0
66.174481,1,0,0,0,0,0,0,0,1,0,0,0,1,0,0,0,0,0
66.185784,0,0,0,0,1,0,0,0,0,0,0,0,0,0,0,0,0,0
66.199244,0,0,0,0,0,0,0,1,0,0,0,0,0,0,0,0,0,1
66.200596,0,0,0,0,0,1,0,0,0,1,0,1,0,1,0,1,0,0
66.211081,0,0,0,0,0,0,1,0,0,0,0,0,0,1,1,0,0,0
66.218301,1,0,0,1,0,0,1,0,0,1,1,0,1,1,1,0,1,0
66.234290,0,0,0,0,1,0,0,0,0,0,0,0,0,0,0,0,0,0
66.240932,0,0,1,1,0,0,0,0,0,1,1,0,1,0,0,0,1,0
66.250301,0,0,0,0,0,1,0,0,0,0,0,0,0,1,1,0,0,0
66.251284,0,0,0,0,0,0,0,1,0,0,0,0,0,0,0,0,0,1
66.265468,0,1,1,0,0,0,0,0,0,1,1,0,1,0,0,1,0,0
66.280868,1,0,0,0,0,0,0,0,1,0,0,0,1,0,0,0,0,0
66.286497,0,0,0,0,1,0,1,0,0,1,0,1,0,1,0,0,1,0
66.300836,0,0,0,0,0,1,0,0,0,0,0,0,0,1,1,0,0,0
66.302915,0,0,0,0,0,0,0,1,0,0,0,0,0,0,0,0,0,1
66.310892,0,1,1,0,0,0,0,0,0,1,1,0,1,0,0,1,0,0
66.325521,1,0,0,1,0,0,1,0,0,1,1,0,1,1,1,0,1,0
66.334655,0,0,0,0,1,0,0,0,0,0,0,0,0,0,0,0,0,0
66.347509,0,0,0,0,0,0,0,1,0,0,0,0,0,0,0,0,0,1
66.349641,0,0,0,0,0,1,0,0,0,0,0,0,0,1,1,0,0,0
66.352461,0,1,1,0,0,0,0,0,0,1,1,0,1,0,0,1,0,0
66.366571,1,0,0,0,0,0,0,0,1,0,0,0,1,0,0,0,0,0
66.387387,0,0,0,0,1,0,1,0,0,1,0,1,0,1,0,0,1,0
66.399541,0,0,0,0,0,0,0,1,0,0,0,0,0,0,0,0,0,1
66.400033,0,0,0,0,0,1,0,0,0,0,0,0,0,1,1,0,0,0
66.410937,0,1,1,0,0,0,0,0,0,1,1,0,1,0,0,1,0,0
66.427486,1,0,0,1,0,0,1,0,0,1,1,0,1,1,1,0,1,0
66.438269,0,0,0,0,1,0,0,0,0,0,0,0,0,0,0,0,0,0
66.450448,0,0,0,0,0,1,0,0,0,0,0,0,0,1,1,0,0,0
66.451095,0,0,0,0,0,0,0,1,0,0,0,0,0,0,0,0,0,1
66.455166,0,1,1,0,0,0,0,0,0,1,1,0,1,0,0,1,0,0
66.466356,1,0,0,0,0,0,0,0,1,0,0,0,1,0,0,0,0,0
66.486416,0,0,0,0,1,0,0,0,0,0,0,0,0,0,0,0,0,0
66.499471,0,0,0,0,0,1,1,0,0,1,0,1,0,1,0,0,1,0
66.500022,0,0,0,0,0,0,0,1,0,0,0,0,0,0,0,0,0,1
66.520972,0,1,1,0,0,0,0,0,0,1,1,0,1,0,0,1,0,0
66.534832,0,0,0,0,1,0,0,0,0,0,0,0,0,0,0,0,0,0
66.536195,1,0,0,0,0,0,0,0,1,0,0,0,1,0,0,0,0,0
66.538221,0,0,0,0,0,0,1,0,0,1,0,1,0,1,0,0,1,0
66.550465,0,0,0,0,0,1,0,0,0,0,0,0,0,1,1,0,0,0
66.550558,0,0,0,0,0,0,0,1,0,0,0,0,0,0,0,0,0,1
66.560814,0,1,1,0,0,0,0,0,0,1,1,0,1,0,0,1,0,0
66.572267,1,0,0,0,0,0,0,0,1,0,0,0,1,0,0,0,0,0
66.576155,0,0,0,0,0,0,1,0,0,1,0,1,0,1,0,0,1,0
66.587339,0,0,0,0,1,0,0,0,0,0,0,0,0,0,0,0,0,0
66.598552,0,0,0,0,0,1,0,0,0,0,0,0,0,1,1,0,0,0
66.602198,0,1,1,0,0,0,0,0,0,1,1,0,1,0,0,1,0,0
66.603676,0,0,0,0,0,0,0,1,0,0,0,0,0,0,0,0,0,1
66.615666,1,0,0,0,0,0,0,0,1,0,0,0,1,0,0,0,0,0
66.634784,0,0,0,0,1,0,1,0,0,1,0,1,0,1,0,0,1,0
66.646446,0,0,0,0,0,0,0,1,0,0,0,0,0,0,0,0,0,1
66.649294,0,0,0,0,0,1,0,0,0,0,0,0,0,1,1,0,0,0
66.660748,0,1,1,0,0,0,0,0,0,1,1,0,1,0,0,1,0,0
66.673272,1,0,0,1,0,0,1,0,0,1,1,0,1,1,1,0,1,0
66.679807,0,0,0,0,1,0,0,0,0,0,0,0,0,0,0,0,0,0
66.699979,0,0,0,0,0,0,0,1,0,0,0,0,0,0,0,0,0,1
66.700584,0,0,0,0,0,1,0,0,0,0,0,0,0,1,1,0,0,0
66.702299,0,1,1,0,0,0,0,0,0,1,1,0,1,0,0,1,0,0
66.718801,1,0,0,1,0,0,1,0,0,1,1,0,1,1,1,0,1,0
66.738561,0,0,0,0,1,0,0,0,0,0,0,0,0,0,0,0,0,0
66.742580,0,0,1,0,0,0,0,0,1,0,0,0,1,0,0,0,0,0
66.749098,0,0,0,0,0,1,0,0,0,1,0,1,0,1,0,1,0,0
66.749616,0,0,0,0,0,0,0,1,0,0,0,0,0,0,0,0,0,1
66.768085,1,0,0,0,0,0,0,0,1,0,0,0,1,0,0,0,0,0
66.780651,0,0,0,0,0,0,1,0,0,1,0,1,0,1,0,0,1,0
66.788045,0,0,0,0,1,0,0,0,0,0,0,0,0,0,0,0,0,0
66.799131,0,0,0,0,0,1,0,0,0,0,0,0,0,1,1,0,0,0
66.801678,0,1,1,0,0,0,0,0,0,1,1,0,1,0,0,1,0,0
66.801913,0,0,0,0,0,0,0,1,0,0,0,0,0,0,0,0,0,1
66.817965,1,0,0,0,0,0,0,0,1,0,0,0,1,0,0,0,0,0
66.837262,0,0,0,0,1,0,0,0,0,0,0,0,0,0,0,0,0,0
66.846695,0,0,0,0,0,0,1,1,0,1,0,1,0,1,0,0,1,1
66.849541,0,0,0,0,0,1,0,0,0,0,0,0,0,1,1,0,0,0
66.869106,0,1,1,0,0,0,0,0,0,1,1,0,1,0,0,1,0,0
66.876906,0,0,0,0,1,0,0,0,0,0,0,0,0,0,0,0,0,0
66.881951,1,0,0,0,0,0,0,0,1,0,0,0,1,0,0,0,0,0
66.899693,0,0,0,0,0,1,1,0,0,1,0,1,0,1,0,1,0,0
66.900077,0,0,0,0,0,0,0,1,0,0,0,0,0,0,0,0,0,1
66.917306,1,0,0,1,0,0,1,0,0,1,1,0,1,1,1,0,1,0
66.931714,0,0,0,0,1,0,0,0,0,0,0,0,0,0,0,0,0,0
66.937955,0,0,1,1,0,0,0,0,0,1,1,0,1,0,0,0,1,0
66.948463,0,0,0,0,0,1,0,0,0,0,0,0,0,1,1,0,0,0
66.953750,0,0,0,0,0,0,0,1,0,0,0,0,0,0,0,0,0,1
66.959120,0,1,1,0,0,0,0,0,0,1,1,0,1,0,0,1,0,0
66.975080,1,0,0,0,0,0,0,0,1,0,0,0,1,0,0,0,0,0
66.978342,0,0,0,0,0,0,1,0,0,1,0,1,0,1,0,0,1,0
66.991910,0,0,0,0,1,0,0,0,0,0,0,0,0,0,0,0,0,0
66.997841,0,0,0,0,0,0,0,1,0,0,0,0,0,0,0,0,0,1
67.000725,0,0,0,0,0,1,0,0,0,0,0,0,0,1,1,0,0,0
67.004550,0,1,1,0,0,0,0,0,0,1,1,0,1,0,0,1,0,0
67.018682,1,0,0,0,0,0,0,0,1,0,0,0,1,0,0,0,0,0
67.032462,0,0,0,0,1,0,1,0,0,1,0,1,0,1,0,0,1,0
67.046052,0,0,0,0,0,0,0,1,0,0,0,0,0,0,0,0,0,1
67.049826,0,0,0,0,0,1,0,0,0,0,0,0,0,1,1,0,0,0
67.059470,0,1,1,0,0,0,0,0,0,1,1,0,1,0,0,1,0,0
67.072450,1,0,0,1,0,0,1,0,0,1,1,0,1,1,1,0,1,0
67.082542,0,0,0,0,1,0,0,0,0,0,0,0,0,0,0,0,0,0
67.093953,0,0,1,0,0,0,0,0,1,0,0,0,1,0,0,0,0,0
67.100032,0,0,0,0,0,1,0,0,0,1,0,1,0,1,0,1,0,0
67.100070,0,0,0,0,0,0,0,1,0,0,0,0,0,0,0,0,0,1
67.113983,1,0,0,1,0,0,1,0,0,1,1,0,1,1,1,0,1,0
67.137576,0,0,0,0,1,0,0,0,0,0,0,0,0,0,0,0,0,0
67.139520,0,0,1,0,0,0,0,0,1,0,0,0,1,0,0,0,0,0
67.150610,0,0,0,0,0,1,0,0,0,1,0,1,0,1,0,1,0,0
67.153219,0,0,0,0,0,0,0,1,0,0,0,0,0,0,0,0,0,1
67.166083,1,0,0,0,0,0,0,0,1,0,0,0,1,0,0,0,0,0
67.188750,0,0,0,0,1,0,1,0,0,1,0,1,0,1,0,0,1,0
67.198087,0,0,0,0,0,1,0,0,0,0,0,0,0,1,1,0,0,0
67.203668,0,0,0,0,0,0,0,1,0,0,0,0,0,0,0,0,0,1
67.213735,0,1,1,0,0,0,0,0,0,1,1,0,1,0,0,1,0,0
67.224373,1,0,0,0,0,0,0,0,1,0,0,0,1,0,0,0,0,0
67.235404,0,0,0,0,1,0,0,0,0,0,0,0,0,0,0,0,0,0
67.246428,0,0,0,0,0,0,1,0,0,1,0,1,0,1,0,0,1,0
67.248090,0,0,0,0,0,0,0,1,0,0,0,0,0,0,0,0,0,1
67.248989,0,0,0,0,0,1,0,0,0,0,0,0,0,1,1,0,0,0
67.271428,0,1,1,0,0,0,0,0,0,1,1,0,1,0,0,1,0,0
67.282180,0,0,0,0,1,0,0,0,0,0,0,0,0,0,0,0,0,0
67.284607,1,0,0,0,0,0,0,0,1,0,0,0,1,0,0,0,0,0
67.300604,0,0,0,0,0,1,0,0,0,1,0,1,0,1,0,1,0,0
67.301822,0,0,0,0,0,0,1,0,0,0,0,0,0,1,1,0,0,0
67.302903,0,0,0,0,0,0,0,1,0,0,0,0,0,0,0,0,0,1
67.316254,1,0,0,1,0,0,0,0,0,1,1,0,1,0,0,0,1,0
67.340100,0,0,1,0,0,0,0,0,1,0,0,0,1,0,0,0,0,0
67.340236,0,0,0,0,1,0,0,0,0,0,0,0,0,0,0,0,0,0
67.347123,0,0,0,0,0,0,1,0,0,1,0,1,0,1,0,0,1,0
67.348907,0,0,0,0,0,0,0,1,0,0,0,0,0,0,0,0,0,1
67.350939,0,0,0,0,0,1,0,0,0,0,0,0,0,1,1,0,0,0
67.371237,0,1,1,0,0,0,0,0,0,1,1,0,1,0,0,1,0,0
67.381632,1,0,0,0,0,0,0,0,1,0,0,0,1,0,0,0,0,0
67.386311,0,0,0,0,1,0,1,0,0,1,0,1,0,1,0,0,1,0
67.400073,0,0,0,0,0,1,0,0,0,0,0,0,0,1,1,0,0,0
67.402028,0,0,0,0,0,0,0,1,0,0,0,0,0,0,0,0,0,1
67.410099,0,1,1,0,0,0,0,0,0,1,1,0,1,0,0,1,0,0
67.426271,1,0,0,0,0,0,0,0,1,0,0,0,1,0,0,0,0,0
67.437352,0,0,0,0,1,0,0,0,0,0,0,0,0,0,0,0,0,0
67.442172,0,0,0,0,0,0,1,0,0,1,0,1,0,1,0,0,1,0
67.449366,0,0,0,0,0,1,0,0,0,0,0,0,0,1,1,0,0,0
67.452331,0,0,0,0,0,0,0,1,0,0,0,0,0,0,0,0,0,1
67.465075,0,1,1,0,0,0,0,0,0,1,1,0,1,0,0,1,0,0
67.479107,1,0,0,1,0,0,1,0,0,1,1,0,1,1,1,0,1,0
67.485972,0,0,0,0,1,0,0,0,0,0,0,0,0,0,0,0,0,0
67.500759,0,0,0,0,0,1,0,0,0,0,0,0,0,1,1,0,0,0
67.501308,0,0,0,0,0,0,0,1,0,0,0,0,0,0,0,0,0,1
67.503817,0,1,1,0,0,0,0,0,0,1,1,0,1,0,0,1,0,0
67.518419,1,0,0,0,0,0,0,0,1,0,0,0,1,0,0,0,0,0
67.536604,0,0,0,0,1,0,0,0,0,0,0,0,0,0,0,0,0,0
67.549107,0,0,0,0,0,0,1,1,0,1,0,1,0,1,0,0,1,1
67.549329,0,0,0,0,0,1,0,0,0,0,0,0,0,1,1,0,0,0
67.571430,0,1,1,0,0,0,0,0,0,1,1,0,1,0,0,1,0,0
67.582806,0,0,0,0,1,0,0,0,0,0,0,0,0,0,0,0,0,0
67.586213,1,0,0,0,0,0,0,0,1,0,0,0,1,0,0,0,0,0
67.593405,0,0,0,0,0,0,1,0,0,1,0,1,0,1,0,0,1,0
67.599370,0,0,0,0,0,1,0,0,0,0,0,0,0,1,1,0,0,0
67.601008,0,0,0,0,0,0,0,1,0,0,0,0,0,0,0,0,0,1
67.616385,0,1,1,0,0,0,0,0,0,1,1,0,1,0,0,1,0,0
67.636012,1,0,0,1,0,0,1,0,0,1,1,0,1,1,1,0,1,0
67.637494,0,0,0,0,1,0,0,0,0,0,0,0,0,0,0,0,0,0
67.649788,0,0,0,0,0,0,0,1,0,0,0,0,0,0,0,0,0,1
67.651034,0,0,0,0,0,1,0,0,0,0,0,0,0,1,1,0,0,0
67.659821,0,1,1,0,0,0,0,0,0,1,1,0,1,0,0,1,0,0
67.671299,1,0,0,1,0,0,1,0,0,1,1,0,1,1,1,0,1,0
67.685875,0,0,0,0,1,0,0,0,0,0,0,0,0,0,0,0,0,0
67.691857,0,0,1,0,0,0,0,0,1,0,0,0,1,0,0,0,0,0
67.697396,0,0,0,0,0,0,0,1,0,0,0,0,0,0,0,0,0,1
67.700617,0,0,0,0,0,1,0,0,0,1,0,1,0,1,0,1,0,0
67.711821,1,0,0,0,0,0,0,0,1,0,0,0,1,0,0,0,0,0
67.733590,0,0,0,0,1,0,1,0,0,1,0,1,0,1,0,0,1,0
67.746749,0,0,0,0,0,0,0,1,0,0,0,0,0,0,0,0,0,1
67.748769,0,0,0,0,0,1,0,0,0,0,0,0,0,1,1,0,0,0
67.762201,0,1,1,0,0,0,0,0,0,1,1,0,1,0,0,1,0,0
67.780306,1,0,0,0,0,0,0,0,1,0,0,0,1,0,0,0,0,0
67.782802,0,0,0,0,1,0,0,0,0,0,0,0,0,0,0,0,0,0
67.784994,0,0,0,0,0,0,1,0,0,1,0,1,0,1,0,0,1,0
67.799256,0,0,0,0,0,0,0,1,0,0,0,0,0,0,0,0,0,1
67.800314,0,0,0,0,0,1,0,0,0,0,0,0,0,1,1,0,0,0
67.810242,0,1,1,0,0,0,0,0,0,1,1,0,1,0,0,1,0,0
67.821584,1,0,0,1,0,0,1,0,0,1,1,0,1,1,1,0,1,0
67.830664,0,0,0,0,1,0,0,0,0,0,0,0,0,0,0,0,0,0
67.849399,0,0,0,0,0,0,0,1,0,0,0,0,0,0,0,0,0,1
67.849456,0,0,1,0,0,0,0,0,1,0,0,0,1,0,0,0,0,0
67.849844,0,0,0,0,0,1,0,0,0,1,0,1,0,1,0,1,0,0
67.864285,1,0,0,0,0,0,0,0,1,0,0,0,1,0,0,0,0,0
67.867621,0,0,0,0,0,0,1,0,0,1,0,1,0,1,0,0,1,0
67.884060,0,0,0,0,1,0,0,0,0,0,0,0,0,0,0,0,0,0
67.891064,0,0,1,0,0,0,0,0,1,0,0,0,1,0,0,0,0,0
67.900146,0,0,0,0,0,1,0,0,0,1,0,1,0,1,0,1,0,0
67.900500,0,0,0,0,0,0,0,1,0,0,0,0,0,0,0,0,0,1
67.917656,1,0,0,0,0,0,0,0,1,0,0,0,1,0,0,0,0,0
67.937489,0,0,0,0,1,0,0,0,0,0,0,0,0,0,0,0,0,0
67.946918,0,0,0,0,0,0,1,1,0,1,0,1,0,1,0,0,1,1
67.950295,0,0,0,0,0,1,0,0,0,0,0,0,0,1,1,0,0,0
67.972931,0,1,1,0,0,0,0,0,0,1,1,0,1,0,0,1,0,0
67.980919,0,0,0,0,1,0,0,0,0,0,0,0,0,0,0,0,0,0
67.990253,1,0,0,1,0,0,1,0,0,1,1,0,1,1,1,0,1,0
67.999869,0,0,0,0,0,1,0,0,0,0,0,0,0,1,1,0,0,0
68.002223,0,0,0,0,0,0,0,1,0,0,0,0,0,0,0,0,0,1
68.011685,0,1,1,0,0,0,0,0,0,1,1,0,1,0,0,1,0,0
68.027316,1,0,0,0,0,0,0,0,1,0,0,0,1,0,0,0,0,0
68.034838,0,0,0,0,1,0,0,0,0,0,0,0,0,0,0,0,0,0
68.039668,0,0,0,0,0,0,1,0,0,1,0,1,0,1,0,0,1,0
68.050433,0,0,0,0,0,0,0,1,0,0,0,0,0,0,0,0,0,1
68.051835,0,0,0,0,0,1,0,0,0,0,0,0,0,1,1,0,0,0
68.066139,0,1,1,0,0,0,0,0,0,1,1,0,1,0,0,1,0,0
68.081707,1,0,0,1,0,0,1,0,0,1,1,0,1,1,1,0,1,0
68.082925,0,0,0,0,1,0,0,0,0,0,0,0,0,0,0,0,0,0
68.098953,0,0,0,0,0,1,0,0,0,0,0,0,0,1,1,0,0,0
68.099702,0,0,0,0,0,0,0,1,0,0,0,0,0,0,0,0,0,1
68.105261,0,1,1,0,0,0,0,0,0,1,1,0,1,0,0,1,0,0
68.116833,1,0,0,1,0,0,1,0,0,1,1,0,1,1,1,0,1,0
68.135636,0,0,0,0,1,0,0,0,0,0,0,0,0,0,0,0,0,0
68.143532,0,0,1,0,0,0,0,0,1,0,0,0,1,0,0,0,0,0
68.150363,0,0,0,0,0,1,0,0,0,1,0,1,0,1,0,1,0,0
68.150628,0,0,0,0,0,0,0,1,0,0,0,0,0,0,0,0,0,1
68.166540,1,0,0,1,0,0,1,0,0,1,1,0,1,1,1,0,1,0
68.185831,0,0,0,0,1,0,0,0,0,0,0,0,0,0,0,0,0,0
68.186642,0,0,1,0,0,0,0,0,1,0,0,0,1,0,0,0,0,0
68.198572,0,0,0,0,0,0,0,1,0,0,0,0,0,0,0,0,0,1
68.199786,0,0,0,0,0,1,0,0,0,1,0,1,0,1,0,1,0,0
68.211752,1,0,0,1,0,0,1,0,0,1,1,0,1,1,1,0,1,0
68.231216,0,0,0,0,1,0,0,0,0,0,0,0,0,0,0,0,0,0
68.232086,0,0,1,0,0,0,0,0,1,0,0,0,1,0,0,0,0,0
68.247365,0,0,0,0,0,0,0,1,0,0,0,0,0,0,0,0,0,1
68.248848,0,0,0,0,0,1,0,0,0,1,0,1,0,1,0,1,0,0
68.264941,1,0,0,1,0,0,1,0,0,1,1,0,1,1,1,0,1,0
68.281700,0,0,0,0,1,0,0,0,0,0,0,0,0,0,0,0,0,0
68.286162,0,0,1,0,0,0,0,0,1,0,0,0,1,0,0,0,0,0
68.299391,0,0,0,0,0,0,0,1,0,0,0,0,0,0,0,0,0,1
68.299670,0,0,0,0,0,1,0,0,0,1,0,1,0,1,0,1,0,0
68.314323,1,0,0,1,0,0,1,0,0,1,1,0,1,1,1,0,1,0
68.335639,0,0,1,0,0,0,0,0,1,0,0,0,1,0,0,0,0,0
68.339105,0,0,0,0,1,0,0,0,0,0,0,0,0,0,0,0,0,0
68.348680,0,0,0,0,0,0,0,1,0,0,0,0,0,0,0,0,0,1
68.350384,0,0,0,0,0,1,0,0,0,1,0,1,0,1,0,1,0,0
68.362693,1,0,0,0,0,0,0,0,1,0,0,0,1,0,0,0,0,0
68.388299,0,0,0,0,1,0,0,0,0,0,0,0,0,0,0,0,0,0
68.390006,0,0,0,0,0,0,1,0,0,1,0,1,0,1,0,0,1,0
68.400561,0,0,0,0,0,0,0,1,0,0,0,0,0,0,0,0,0,1
68.401146,0,0,0,0,0,1,0,0,0,0,0,0,0,1,1,0,0,0
68.415482,0,1,1,0,0,0,0,0,0,1,1,0,1,0,0,1,0,0
68.426072,1,0,0,0,0,0,0,0,1,0,0,0,1,0,0,0,0,0
68.439757,0,0,0,0,1,0,0,0,0,0,0,0,0,0,0,0,0,0
68.448827,0,0,0,0,0,1,1,0,0,1,0,1,0,1,0,1,0,0
68.451843,0,0,0,0,0,0,0,1,0,0,0,0,0,0,0,0,0,1
68.463338,1,0,0,1,0,0,1,0,0,1,1,0,1,1,1,0,1,0
68.486970,0,0,0,0,1,0,0,0,0,0,0,0,0,0,0,0,0,0
68.490199,0,0,1,1,0,0,0,0,0,1,1,0,1,0,0,0,1,0
68.501240,0,0,0,0,0,0,0,1,0,0,0,0,0,0,0,0,0,1
68.501509,0,0,0,0,0,1,0,0,0,0,0,0,0,1,1,0,0,0
68.516899,0,1,1,0,0,0,0,0,0,1,1,0,1,0,0,1,0,0
68.534070,1,0,0,1,0,0,1,0,0,1,1,0,1,1,1,0,1,0
68.540677,0,0,0,0,1,0,0,0,0,0,0,0,0,0,0,0,0,0
68.547173,0,0,0,0,0,0,0,1,0,0,0,0,0,0,0,0,0,1
68.550595,0,0,0,0,0,1,0,0,0,0,0,0,0,1,1,0,0,0
68.560465,0,1,1,0,0,0,0,0,0,1,1,0,1,0,0,1,0,0
68.575628,1,0,0,0,0,0,0,0,1,0,0,0,1,0,0,0,0,0
68.579077,0,0,0,0,1,0,1,0,0,1,0,1,0,1,0,0,1,0
68.599371,0,0,0,0,0,1,0,0,0,0,0,0,0,1,1,0,0,0
68.603575,0,0,0,0,0,0,0,1,0,0,0,0,0,0,0,0,0,1
68.604114,0,1,1,0,0,0,0,0,0,1,1,0,1,0,0,1,0,0
68.614843,1,0,0,1,0,0,1,0,0,1,1,0,1,1,1,0,1,0
68.641256,0,0,0,0,1,0,0,0,0,0,0,0,0,0,0,0,0,0
68.643556,0,0,1,0,0,0,0,0,1,0,0,0,1,0,0,0,0,0
68.649010,0,0,0,0,0,0,0,1,0,0,0,0,0,0,0,0,0,1
68.649997,0,0,0,0,0,1,0,0,0,1,0,1,0,1,0,1,0,0
68.669450,1,0,0,0,0,0,0,0,1,0,0,0,1,0,0,0,0,0
68.684242,0,0,0,0,1,0,0,0,0,0,0,0,0,0,0,0,0,0
68.698632,0,0,0,0,0,0,1,1,0,1,0,1,0,1,0,0,1,1
68.698826,0,0,0,0,0,1,0,0,0,0,0,0,0,1,1,0,0,0
68.722601,0,1,1,0,0,0,0,0,0,1,1,0,1,0,0,1,0,0
68.728929,0,0,0,0,1,0,0,0,0,0,0,0,0,0,0,0,0,0
68.734846,1,0,0,0,0,0,0,0,1,0,0,0,1,0,0,0,0,0
68.750700,0,0,0,0,0,1,1,0,0,1,0,1,0,1,0,1,0,0
68.750957,0,0,0,0,0,0,0,1,0,0,0,0,0,0,0,0,0,1
68.764255,1,0,0,1,0,0,1,0,0,1,1,0,1,1,1,0,1,0
68.784514,0,0,1,1,0,0,0,0,0,1,1,0,1,0,0,0,1,0
68.790752,0,0,0,0,1,0,0,0,0,0,0,0,0,0,0,0,0,0
68.798912,0,0,0,0,0,0,0,1,0,0,0,0,0,0,0,0,0,1
68.801189,0,0,0,0,0,1,0,0,0,0,0,0,0,1,1,0,0,0
68.806065,0,1,1,0,0,0,0,0,0,1,1,0,1,0,0,1,0,0
68.823037,1,0,0,0,0,0,0,0,1,0,0,0,1,0,0,0,0,0
68.837102,0,0,0,0,1,0,0,0,0,0,0,0,0,0,0,0,0,0
68.849429,0,0,0,0,0,1,0,0,0,1,0,1,0,1,0,1,0,0
68.851184,0,0,0,0,0,0,1,1,0,0,0,0,0,1,1,0,0,1
68.865317,1,0,0,1,0,0,0,0,0,1,1,0,1,0,0,0,1,0
68.884870,0,0,0,0,1,0,0,0,0,0,0,0,0,0,0,0,0,0
68.889799,0,0,1,0,0,0,0,0,1,0,0,0,1,0,0,0,0,0
68.896544,0,0,0,0,0,0,1,0,0,1,0,1,0,1,0,0,1,0
68.900373,0,0,0,0,0,1,0,0,0,0,0,0,0,1,1,0,0,0
68.902665,0,0,0,0,0,0,0,1,0,0,0,0,0,0,0,0,0,1
68.925120,0,1,1,0,0,0,0,0,0,1,1,0,1,0,0,1,0,0
68.935321,1,0,0,0,0,0,0,0,1,0,0,0,1,0,0,0,0,0
68.937302,0,0,0,0,1,0,0,0,0,0,0,0,0,0,0,0,0,0
68.948045,0,0,0,0,0,0,0,1,0,0,0,0,0,0,0,0,0,1
68.949043,0,0,0,0,0,0,1,0,0,1,0,1,0,1,0,0,1,0
68.949609,0,0,0,0,0,1,0,0,0,0,0,0,0,1,1,0,0,0
68.978753,0,1,1,0,0,0,0,0,0,1,1,0,1,0,0,1,0,0
68.986362,0,0,0,0,1,0,0,0,0,0,0,0,0,0,0,0,0,0
68.998104,1,0,0,1,0,0,1,0,0,1,1,0,1,1,1,0,1,0
69.000646,0,0,0,0,0,1,0,0,0,0,0,0,0,1,1,0,0,0
69.003700,0,0,0,0,0,0,0,1,0,0,0,0,0,0,0,0,0,1
69.024438,0,1,1,0,0,0,0,0,0,1,1,0,1,0,0,1,0,0
69.037050,0,0,0,0,1,0,0,0,0,0,0,0,0,0,0,0,0,0
69.037827,1,0,0,1,0,0,1,0,0,1,1,0,1,1,1,0,1,0
69.051099,0,0,0,0,0,1,0,0,0,0,0,0,0,1,1,0,0,0
69.053427,0,0,0,0,0,0,0,1,0,0,0,0,0,0,0,0,0,1
69.058618,0,1,1,0,0,0,0,0,0,1,1,0,1,0,0,1,0,0
69.073777,1,0,0,1,0,0,1,0,0,1,1,0,1,1,1,0,1,0
69.087059,0,0,0,0,1,0,0,0,0,0,0,0,0,0,0,0,0,0
69.099126,0,0,0,0,0,0,0,1,0,0,0,0,0,0,0,0,0,1
69.100639,0,0,1,0,0,0,0,0,1,0,0,0,1,0,0,0,0,0
69.100720,0,0,0,0,0,1,0,0,0,1,0,1,0,1,0,1,0,0
69.114678,1,0,0,1,0,0,1,0,0,1,1,0,1,1,1,0,1,0
69.135407,0,0,0,0,1,0,0,0,0,0,0,0,0,0,0,0,0,0
69.141951,0,0,1,0,0,0,0,0,1,0,0,0,1,0,0,0,0,0
69.149079,0,0,0,0,0,1,0,0,0,1,0,1,0,1,0,1,0,0
69.151903,0,0,0,0,0,0,0,1,0,0,0,0,0,0,0,0,0,1
69.161544,1,0,0,0,0,0,0,0,1,0,0,0,1,0,0,0,0,0
69.186526,0,0,0,0,1,0,1,0,0,1,0,1,0,1,0,0,1,0
69.200582,0,0,0,0,0,1,0,0,0,0,0,0,0,1,1,0,0,0
69.201148,0,0,0,0,0,0,0,1,0,0,0,0,0,0,0,0,0,1
69.209042,0,1,1,0,0,0,0,0,0,1,1,0,1,0,0,1,0,0
69.219950,1,0,0,1,0,0,1,0,0,1,1,0,1,1,1,0,1,0
69.233227,0,0,0,0,1,0,0,0,0,0,0,0,0,0,0,0,0,0
69.246906,0,0,1,0,0,0,0,0,1,0,0,0,1,0,0,0,0,0
69.247538,0,0,0,0,0,0,0,1,0,0,0,0,0,0,0,0,0,1
69.248434,0,0,0,0,0,1,0,0,0,1,0,1,0,1,0,1,0,0
69.259699,1,0,0,1,0,0,1,0,0,1,1,0,1,1,1,0,1,0
69.281616,0,0,1,0,0,0,0,0,1,0,0,0,1,0,0,0,0,0
69.283235,0,0,0,0,1,0,0,0,0,0,0,0,0,0,0,0,0,0
69.299039,0,0,0,0,0,1,0,0,0,1,0,1,0,1,0,1,0,0
69.300156,0,0,0,0,0,0,0,1,0,0,0,0,0,0,0,0,0,1
69.315830,1,0,0,1,0,0,1,0,0,1,1,0,1,1,1,0,1,0
69.338190,0,0,0,0,1,0,0,0,0,0,0,0,0,0,0,0,0,0
69.341789,0,0,1,0,0,0,0,0,1,0,0,0,1,0,0,0,0,0
69.349343,0,0,0,0,0,0,0,1,0,0,0,0,0,0,0,0,0,1
69.351501,0,0,0,0,0,1,0,0,0,1,0,1,0,1,0,1,0,0
69.367271,1,0,0,0,0,0,0,0,1,0,0,0,1,0,0,0,0,0
69.369292,0,0,0,0,0,0,1,0,0,1,0,1,0,1,0,0,1,0
69.384741,0,0,0,0,1,0,0,0,0,0,0,0,0,0,0,0,0,0
69.391722,0,0,1,0,0,0,0,0,1,0,0,0,1,0,0,0,0,0
69.397227,0,0,0,0,0,0,0,1,0,0,0,0,0,0,0,0,0,1
69.398974,0,0,0,0,0,1,0,0,0,1,0,1,0,1,0,1,0,0
69.411449,1,0,0,1,0,0,1,0,0,1,1,0,1,1,1,0,1,0
69.429544,0,0,0,0,1,0,0,0,0,0,0,0,0,0,0,0,0,0
69.435853,0,0,1,0,0,0,0,0,1,0,0,0,1,0,0,0,0,0
69.449369,0,0,0,0,0,1,0,0,0,1,0,1,0,1,0,1,0,0
69.452914,0,0,0,0,0,0,0,1,0,0,0,0,0,0,0,0,0,1
69.464660,1,0,0,0,0,0,0,0,1,0,0,0,1,0,0,0,0,0
69.488915,0,0,0,0,1,0,0,0,0,0,0,0,0,0,0,0,0,0
69.499529,0,0,0,0,0,1,0,0,0,1,0,1,0,1,0,1,0,0
69.500145,0,0,0,0,0,0,1,1,0,0,0,0,0,1,1,0,0,1
69.512271,1,0,0,1,0,0,0,0,0,1,1,0,1,0,0,0,1,0
69.537107,0,0,1,0,0,0,0,0,1,0,0,0,1,0,0,0,0,0
69.537937,0,0,0,0,1,0,0,0,0,0,0,0,0,0,0,0,0,0
69.545230,0,0,0,0,0,0,1,0,0,1,0,1,0,1,0,0,1,0
69.548049,0,0,0,0,0,1,0,0,0,0,0,0,0,1,1,0,0,0
69.550035,0,0,0,0,0,0,0,1,0,0,0,0,0,0,0,0,0,1
69.572263,0,1,1,0,0,0,0,0,0,1,1,0,1,0,0,1,0,0
69.580122,0,0,0,0,1,0,0,0,0,0,0,0,0,0,0,0,0,0
69.584209,1,0,0,0,0,0,0,0,1,0,0,0,1,0,0,0,0,0
69.599774,0,0,0,0,0,0,0,1,0,0,0,0,0,0,0,0,0,1
69.600049,0,0,0,0,0,1,0,0,0,1,0,1,0,1,0,1,0,0
69.614903,1,0,0,0,0,0,0,0,1,0,0,0,1,0,0,0,0,0
69.637491,0,0,0,0,1,0,0,0,0,0,0,0,0,0,0,0,0,0
69.649377,0,0,0,0,0,0,0,1,0,0,0,0,0,0,0,0,0,1
69.650303,0,0,0,0,0,0,1,0,0,1,0,1,0,1,0,0,1,0
69.651180,0,0,0,0,0,1,0,0,0,0,0,0,0,1,1,0,0,0
69.674873,0,1,1,0,0,0,0,0,0,1,1,0,1,0,0,1,0,0
69.685773,1,0,0,1,0,0,1,0,0,1,1,0,1,1,1,0,1,0
69.687576,0,0,0,0,0,0,1,0,0,0,0,0,0,1,1,0,0,0
69.688638,0,0,0,0,1,0,0,0,0,0,0,0,0,0,0,0,0,0
69.697403,0,0,0,0,0,0,0,1,0,0,0,0,0,0,0,0,0,1
69.700759,0,0,0,0,0,1,0,0,0,0,0,0,0,1,1,0,0,0
69.709273,0,1,1,0,0,0,0,0,0,1,1,0,1,0,0,0,1,0
69.732983,0,0,0,0,1,0,0,0,0,0,0,0,0,0,0,0,0,0
69.735474,0,1,1,0,0,0,0,0,0,1,1,0,1,0,0,1,0,0
69.747514,1,0,0,1,0,0,1,0,0,1,1,0,1,1,1,0,1,0
69.750378,0,0,0,0,0,1,0,0,0,0,0,0,0,1,1,0,0,0
69.752331,0,0,0,0,0,0,0,1,0,0,0,0,0,0,0,0,0,1
69.774432,0,1,1,0,0,0,0,0,0,1,1,0,1,0,0,1,0,0
69.784588,0,0,0,0,1,0,0,0,0,0,0,0,0,0,0,0,0,0
69.794042,1,0,0,0,0,0,0,0,1,0,0,0,1,0,0,0,0,0
69.795248,0,0,0,0,0,0,1,0,0,1,0,1,0,1,0,0,1,0
69.798467,0,0,0,0,0,0,0,1,0,0,0,0,0,0,0,0,0,1
69.799135,0,0,0,0,0,1,0,0,0,0,0,0,0,1,1,0,0,0
69.824278,0,1,1,0,0,0,0,0,0,1,1,0,1,0,0,1,0,0
69.833098,0,0,0,0,1,0,0,0,0,0,0,0,0,0,0,0,0,0
69.837254,1,0,0,1,0,0,1,0,0,1,1,0,1,1,1,0,1,0
69.849411,0,0,0,0,0,1,0,0,0,0,0,0,0,1,1,0,0,0
69.850790,0,0,0,0,0,0,0,1,0,0,0,0,0,0,0,0,0,1
69.857397,0,1,1,0,0,0,0,0,0,1,1,0,1,0,0,1,0,0
69.876681,1,0,0,0,0,0,0,0,1,0,0,0,1,0,0,0,0,0
69.886835,0,0,0,0,1,0,0,0,0,0,0,0,0,0,0,0,0,0
69.895172,0,0,0,0,0,0,1,0,0,1,0,1,0,1,0,0,1,0
69.898485,0,0,0,0,0,0,0,1,0,0,0,0,0,0,0,0,0,1
69.900658,0,0,0,0,0,1,0,0,0,0,0,0,0,1,1,0,0,0
69.915489,0,1,1,0,0,0,0,0,0,1,1,0,1,0,0,1,0,0
69.931051,1,0,0,0,0,0,0,0,1,0,0,0,1,0,0,0,0,0
69.937150,0,0,0,0,1,0,0,0,0,0,0,0,0,0,0,0,0,0
69.950263,0,0,0,0,0,1,0,0,0,1,0,1,0,1,0,1,0,0
69.951166,0,0,0,0,0,0,1,0,0,0,0,0,0,1,1,0,0,0
69.951953,0,0,0,0,0,0,0,1,0,0,0,0,0,0,0,0,0,1
69.964547,1,0,0,1,0,0,1,0,0,1,1,0,1,1,1,0,1,0
69.989338,0,0,1,1,0,0,0,0,0,1,1,0,1,0,0,0,1,0
69.990642,0,0,0,0,1,0,0,0,0,0,0,0,0,0,0,0,0,0
70.000161,0,0,0,0,0,1,0,0,0,0,0,0,0,1,1,0,0,0
70.003390,0,0,0,0,0,0,0,1,0,0,0,0,0,0,0,0,0,1
70.017957,0,1,1,0,0,0,0,0,0,1,1,0,1,0,0,1,0,0
70.034023,1,0,0,1,0,0,1,0,0,1,1,0,1,1,1,0,1,0
70.042063,0,0,0,0,1,0,0,0,0,0,0,0,0,0,0,0,0,0
70.049299,0,0,0,0,0,0,0,1,0,0,0,0,0,0,0,0,0,1
70.050412,0,0,0,0,0,1,0,0,0,0,0,0,0,1,1,0,0,0
70.059755,0,1,1,0,0,0,0,0,0,1,1,0,1,0,0,1,0,0
70.076113,1,0,0,0,0,0,0,0,1,0,0,0,1,0,0,0,0,0
70.077881,0,0,0,0,0,0,1,0,0,1,0,1,0,1,0,0,1,0
70.080570,0,0,0,0,1,0,0,0,0,0,0,0,0,0,0,0,0,0
70.100478,0,0,1,0,0,0,0,0,1,0,0,0,1,0,0,0,0,0
70.101068,0,0,0,0,0,1,0,0,0,1,0,1,0,1,0,1,0,0
70.101448,0,0,0,0,0,0,0,1,0,0,0,0,0,0,0,0,0,1
70.117806,1,0,0,0,0,0,0,0,1,0,0,0,1,0,0,0,0,0
70.140630,0,0,0,0,1,0,1,0,0,1,0,1,0,1,0,0,1,0
70.147408,0,0,0,0,0,0,0,1,0,0,0,0,0,0,0,0,0,1
70.149869,0,0,0,0,0,1,0,0,0,0,0,0,0,1,1,0,0,0
70.167425,0,1,1,0,0,0,0,0,0,1,1,0,1,0,0,1,0,0
70.184753,1,0,0,1,0,0,1,0,0,1,1,0,1,1,1,0,1,0
70.185055,0,0,0,0,1,0,0,0,0,0,0,0,0,0,0,0,0,0
70.199286,0,0,0,0,0,1,0,0,0,0,0,0,0,1,1,0,0,0
70.200491,0,0,0,0,0,0,0,1,0,0,0,0,0,0,0,0,0,1
70.213187,0,1,1,0,0,0,0,0,0,1,1,0,1,0,0,1,0,0
70.229785,1,0,0,0,0,0,0,0,1,0,0,0,1,0,0,0,0,0
70.233240,0,0,0,0,0,0,1,0,0,1,0,1,0,1,0,0,1,0
70.236158,0,0,0,0,1,0,0,0,0,0,0,0,0,0,0,0,0,0
70.250436,0,0,0,0,0,1,0,0,0,0,0,0,0,1,1,0,0,0
70.251186,0,0,0,0,0,0,0,1,0,0,0,0,0,0,0,0,0,1
70.259897,0,1,1,0,0,0,0,0,0,1,1,0,1,0,0,1,0,0
70.276837,1,0,0,0,0,0,0,0,1,0,0,0,1,0,0,0,0,0
70.281368,0,0,0,0,1,0,1,0,0,1,0,1,0,1,0,0,1,0
70.297348,0,0,0,0,0,0,0,1,0,0,0,0,0,0,0,0,0,1
70.301699,0,0,0,0,0,1,0,0,0,0,0,0,0,1,1,0,0,0
70.307126,0,1,1,0,0,0,0,0,0,1,1,0,1,0,0,1,0,0
70.322045,1,0,0,0,0,0,0,0,1,0,0,0,1,0,0,0,0,0
70.335715,0,0,0,0,1,0,1,0,0,1,0,1,0,1,0,0,1,0
70.349264,0,0,0,0,0,1,0,0,0,0,0,0,0,1,1,0,0,0
70.352631,0,0,0,0,0,0,0,1,0,0,0,0,0,0,0,0,0,1
70.361846,0,1,1,0,0,0,0,0,0,1,1,0,1,0,0,1,0,0
70.381521,1,0,0,1,0,0,1,0,0,1,1,0,1,1,1,0,1,0
70.389276,0,0,0,0,1,0,0,0,0,0,0,0,0,0,0,0,0,0
70.397766,0,0,0,0,0,0,0,1,0,0,0,0,0,0,0,0,0,1
70.399499,0,0,0,0,0,1,0,0,0,0,0,0,0,1,1,0,0,0
70.403426,0,1,1,0,0,0,0,0,0,1,1,0,1,0,0,1,0,0
70.419277,1,0,0,1,0,0,1,0,0,1,1,0,1,1,1,0,1,0
70.435949,0,0,0,0,1,0,0,0,0,0,0,0,0,0,0,0,0,0
70.440475,0,0,1,0,0,0,0,0,1,0,0,0,1,0,0,0,0,0
70.448169,0,0,0,0,0,0,0,1,0,0,0,0,0,0,0,0,0,1
70.448888,0,0,0,0,0,1,0,0,0,1,0,1,0,1,0,1,0,0
70.461568,1,0,0,1,0,0,1,0,0,1,1,0,1,1,1,0,1,0
70.483602,0,0,1,0,0,0,0,0,1,0,0,0,1,0,0,0,0,0
70.485095,0,0,0,0,1,0,0,0,0,0,0,0,0,0,0,0,0,0
70.496216,0,0,0,0,0,0,0,1,0,0,0,0,0,0,0,0,0,1
70.500176,0,0,0,0,0,1,0,0,0,1,0,1,0,1,0,1,0,0
70.514403,1,0,0,1,0,0,1,0,0,1,1,0,1,1,1,0,1,0
70.528474,0,0,0,0,1,0,0,0,0,0,0,0,0,0,0,0,0,0
70.542193,0,0,1,0,0,0,0,0,1,0,0,0,1,0,0,0,0,0
70.549038,0,0,0,0,0,1,0,0,0,1,0,1,0,1,0,1,0,0
70.551293,0,0,0,0,0,0,0,1,0,0,0,0,0,0,0,0,0,1
70.567805,1,0,0,0,0,0,0,0,1,0,0,0,1,0,0,0,0,0
70.588734,0,0,0,0,1,0,1,0,0,1,0,1,0,1,0,0,1,0
70.599869,0,0,0,0,0,1,0,0,0,0,0,0,0,1,1,0,0,0
70.600524,0,0,0,0,0,0,0,1,0,0,0,0,0,0,0,0,0,1
70.612928,0,1,1,0,0,0,0,0,0,1,1,0,1,0,0,1,0,0
70.628468,1,0,0,1,0,0,1,0,0,1,1,0,1,1,1,0,1,0
70.634416,0,0,0,0,1,0,0,0,0,0,0,0,0,0,0,0,0,0
70.648958,0,0,0,0,0,0,0,1,0,0,0,0,0,0,0,0,0,1
70.649151,0,0,0,0,0,1,0,0,0,0,0,0,0,1,1,0,0,0
70.652950,0,1,1,0,0,0,0,0,0,1,1,0,1,0,0,1,0,0
70.666965,1,0,0,1,0,0,1,0,0,1,1,0,1,1,1,0,1,0
70.684328,0,0,0,0,1,0,0,0,0,0,0,0,0,0,0,0,0,0
70.695726,0,0,1,0,0,0,0,0,1,0,0,0,1,0,0,0,0,0
70.699681,0,0,0,0,0,0,0,1,0,0,0,0,0,0,0,0,0,1
70.701096,0,0,0,0,0,1,0,0,0,1,0,1,0,1,0,1,0,0
70.715676,1,0,0,1,0,0,1,0,0,1,1,0,1,1,1,0,1,0
70.733287,0,0,0,0,1,0,0,0,0,0,0,0,0,0,0,0,0,0
70.743522,0,0,1,0,0,0,0,0,1,0,0,0,1,0,0,0,0,0
70.749041,0,0,0,0,0,1,0,0,0,1,0,1,0,1,0,1,0,0
70.749133,0,0,0,0,0,0,0,1,0,0,0,0,0,0,0,0,0,1
70.759676,1,0,0,0,0,0,0,0,1,0,0,0,1,0,0,0,0,0
70.785935,0,0,0,0,1,0,1,0,0,1,0,1,0,1,0,0,1,0
70.800008,0,0,0,0,0,1,0,0,0,0,0,0,0,1,1,0,0,0
70.800892,0,0,0,0,0,0,0,1,0,0,0,0,0,0,0,0,0,1
70.814365,0,1,1,0,0,0,0,0,0,1,1,0,1,0,0,1,0,0
70.828643,1,0,0,1,0,0,1,0,0,1,1,0,1,1,1,0,1,0
70.836325,0,0,0,0,1,0,0,0,0,0,0,0,0,0,0,0,0,0
70.848273,0,0,0,0,0,0,0,1,0,0,0,0,0,0,0,0,0,1
70.850342,0,0,0,0,0,1,0,0,0,0,0,0,0,1,1,0,0,0
70.852110,0,1,1,0,0,0,0,0,0,1,1,0,1,0,0,1,0,0
70.863730,1,0,0,1,0,0,1,0,0,1,1,0,1,1,1,0,1,0
70.884109,0,0,0,0,1,0,0,0,0,0,0,0,0,0,0,0,0,0
70.891054,0,0,1,0,0,0,0,0,1,0,0,0,1,0,0,0,0,0
70.900542,0,0,0,0,0,1,0,0,0,1,0,1,0,1,0,1,0,0
70.903026,0,0,0,0,0,0,0,1,0,0,0,0,0,0,0,0,0,1
70.911734,1,0,0,0,0,0,0,0,1,0,0,0,1,0,0,0,0,0
70.936754,0,0,0,0,0,0,1,0,0,1,0,1,0,1,0,0,1,0
70.939987,0,0,0,0,1,0,0,0,0,0,0,0,0,0,0,0,0,0
70.950748,0,0,0,0,0,1,0,0,0,0,0,0,0,1,1,0,0,0
70.952080,0,0,0,0,0,0,0,1,0,0,0,0,0,0,0,0,0,1
70.958743,0,1,1,0,0,0,0,0,0,1,1,0,1,0,0,1,0,0
70.973857,1,0,0,1,0,0,1,0,0,1,1,0,1,1,1,0,1,0
70.987474,0,0,0,0,1,0,0,0,0,0,0,0,0,0,0,0,0,0
70.999101,0,0,1,0,0,0,0,0,1,0,0,0,1,0,0,0,0,0
70.999664,0,0,0,0,0,1,0,0,0,1,0,1,0,1,0,1,0,0
71.002428,0,0,0,0,0,0,0,1,0,0,0,0,0,0,0,0,0,1
71.019385,1,0,0,1,0,0,1,0,0,1,1,0,1,1,1,0,1,0
71.037172,0,0,0,0,1,0,0,0,0,0,0,0,0,0,0,0,0,0
71.040314,0,0,1,0,0,0,0,0,1,0,0,0,1,0,0,0,0,0
71.048757,0,0,0,0,0,1,0,0,0,1,0,1,0,1,0,1,0,0
71.049917,0,0,0,0,0,0,0,1,0,0,0,0,0,0,0,0,0,1
71.062042,1,0,0,1,0,0,1,0,0,1,1,0,1,1,1,0,1,0
71.086621,0,0,1,0,0,0,0,0,1,0,0,0,1,0,0,0,0,0
71.087346,0,0,0,0,1,0,0,0,0,0,0,0,0,0,0,0,0,0
71.098912,0,0,0,0,0,0,0,1,0,0,0,0,0,0,0,0,0,1
71.099511,0,0,0,0,0,1,0,0,0,1,0,1,0,1,0,1,0,0
71.111442,1,0,0,1,0,0,1,0,0,1,1,0,1,1,1,0,1,0
71.129405,0,0,0,0,1,0,0,0,0,0,0,0,0,0,0,0,0,0
71.132230,0,0,1,0,0,0,0,0,1,0,0,0,1,0,0,0,0,0
71.149483,0,0,0,0,0,1,0,0,0,1,0,1,0,1,0,1,0,0
71.150709,0,0,0,0,0,0,0,1,0,0,0,0,0,0,0,0,0,1
71.167022,1,0,0,0,0,0,0,0,1,0,0,0,1,0,0,0,0,0
71.177885,0,0,0,0,0,0,1,0,0,1,0,1,0,1,0,0,1,0
71.182904,0,0,0,0,1,0,0,0,0,0,0,0,0,0,0,0,0,0
71.200124,0,0,1,0,0,0,0,0,1,0,0,0,1,0,0,0,0,0
71.201108,0,0,0,0,0,0,0,1,0,0,0,0,0,0,0,0,0,1
71.201530,0,0,0,0,0,1,0,0,0,1,0,1,0,1,0,1,0,0
71.215856,1,0,0,1,0,0,1,0,0,1,1,0,1,1,1,0,1,0
71.235297,0,0,0,0,1,0,0,0,0,0,0,0,0,0,0,0,0,0
71.245236,0,0,1,0,0,0,0,0,1,0,0,0,1,0,0,0,0,0
71.246969,0,0,0,0,0,0,0,1,0,0,0,0,0,0,0,0,0,1
71.248720,0,0,0,0,0,1,0,0,0,1,0,1,0,1,0,1,0,0
71.261661,1,0,0,0,0,0,0,0,1,0,0,0,1,0,0,0,0,0
71.277632,0,0,0,0,0,0,1,0,0,1,0,1,0,1,0,0,1,0
71.282839,0,0,0,0,1,0,0,0,0,0,0,0,0,0,0,0,0,0
71.299464,0,0,0,0,0,1,0,0,0,0,0,0,0,1,1,0,0,0
71.302067,0,1,1,0,0,0,0,0,0,1,1,0,1,0,0,1,0,0
71.302288,0,0,0,0,0,0,0,1,0,0,0,0,0,0,0,0,0,1
71.315545,1,0,0,0,0,0,0,0,1,0,0,0,1,0,0,0,0,0
71.334643,0,0,0,0,0,0,1,0,0,1,0,1,0,1,0,0,1,0
71.336092,0,0,0,0,1,0,0,0,0,0,0,0,0,0,0,0,0,0
71.349161,0,0,0,0,0,0,0,1,0,0,0,0,0,0,0,0,0,1
71.351543,0,0,0,0,0,1,0,0,0,0,0,0,0,1,1,0,0,0
71.363678,0,1,1,0,0,0,0,0,0,1,1,0,1,0,0,1,0,0
71.375086,1,0,0,1,0,0,1,0,0,1,1,0,1,1,1,0,1,0
71.382737,0,0,0,0,1,0,0,0,0,0,0,0,0,0,0,0,0,0
71.397193,0,0,1,0,0,0,0,0,1,0,0,0,1,0,0,0,0,0
71.398069,0,0,0,0,0,0,0,1,0,0,0,0,0,0,0,0,0,1
71.401616,0,0,0,0,0,1,0,0,0,1,0,1,0,1,0,1,0,0
71.416066,1,0,0,0,0,0,0,0,1,0,0,0,1,0,0,0,0,0
71.426508,0,0,0,0,0,0,1,0,0,1,0,1,0,1,0,0,1,0
71.436425,0,0,0,0,1,0,0,0,0,0,0,0,0,0,0,0,0,0
71.450103,0,0,0,0,0,0,0,1,0,0,0,0,0,0,0,0,0,1
71.451276,0,0,0,0,0,1,0,0,0,0,0,0,0,1,1,0,0,0
71.451506,0,1,1,0,0,0,0,0,0,1,1,0,1,0,0,1,0,0
71.467755,1,0,0,0,0,0,0,0,1,0,0,0,1,0,0,0,0,0
71.484597,0,0,0,0,1,0,0,0,0,0,0,0,0,0,0,0,0,0
71.500989,0,0,0,0,0,1,1,0,0,1,0,1,0,1,0,0,1,0
71.501090,0,0,0,0,0,0,0,1,0,0,0,0,0,0,0,0,0,1
71.523284,0,1,1,0,0,0,0,0,0,1,1,0,1,0,0,1,0,0
71.538135,1,0,0,1,0,0,1,0,0,1,1,0,1,1,1,0,1,0
71.540247,0,0,0,0,1,0,0,0,0,0,0,0,0,0,0,0,0,0
71.550674,0,0,0,0,0,1,0,0,0,0,0,0,0,1,1,0,0,0
71.552798,0,0,0,0,0,0,0,1,0,0,0,0,0,0,0,0,0,1
71.561353,0,1,1,0,0,0,0,0,0,1,1,0,1,0,0,1,0,0
71.573155,1,0,0,0,0,0,0,0,1,0,0,0,1,0,0,0,0,0
71.585529,0,0,0,0,1,0,0,0,0,0,0,0,0,0,0,0,0,0
71.587562,0,0,0,0,0,0,1,0,0,1,0,1,0,1,0,0,1,0
71.600389,0,0,0,0,0,0,0,1,0,0,0,0,0,0,0,0,0,1
71.601973,0,0,0,0,0,1,0,0,0,0,0,0,0,1,1,0,0,0
71.615261,0,1,1,0,0,0,0,0,0,1,1,0,1,0,0,1,0,0
71.630454,0,0,0,0,1,0,0,0,0,0,0,0,0,0,0,0,0,0
71.631037,1,0,0,0,0,0,0,0,1,0,0,0,1,0,0,0,0,0
71.641813,0,0,0,0,0,0,1,0,0,1,0,1,0,1,0,0,1,0
71.648724,0,0,0,0,0,0,0,1,0,0,0,0,0,0,0,0,0,1
71.650504,0,0,0,0,0,1,0,0,0,0,0,0,0,1,1,0,0,0
71.668317,0,1,1,0,0,0,0,0,0,1,1,0,1,0,0,1,0,0
71.679701,1,0,0,1,0,0,1,0,0,1,1,0,1,1,1,0,1,0
71.686286,0,0,0,0,1,0,0,0,0,0,0,0,0,0,0,0,0,0
71.698001,0,0,0,0,0,0,0,1,0,0,0,0,0,0,0,0,0,1
71.701526,0,0,0,0,0,1,0,0,0,0,0,0,0,1,1,0,0,0
71.702696,0,1,1,0,0,0,0,0,0,1,1,0,1,0,0,1,0,0
71.714064,1,0,0,1,0,0,1,0,0,1,1,0,1,1,1,0,1,0
71.737199,0,0,0,0,1,0,0,0,0,0,0,0,0,0,0,0,0,0
71.742657,0,0,1,0,0,0,0,0,1,0,0,0,1,0,0,0,0,0
71.749536,0,0,0,0,0,1,0,0,0,1,0,1,0,1,0,1,0,0
71.751686,0,0,0,0,0,0,0,1,0,0,0,0,0,0,0,0,0,1
71.761838,1,0,0,0,0,0,0,0,1,0,0,0,1,0,0,0,0,0
71.784633,0,0,0,0,0,0,1,0,0,1,0,1,0,1,0,0,1,0
71.789431,0,0,0,0,1,0,0,0,0,0,0,0,0,0,0,0,0,0
71.801144,0,0,0,0,0,1,0,0,0,0,0,0,0,1,1,0,0,0
71.801525,0,0,0,0,0,0,0,1,0,0,0,0,0,0,0,0,0,1
71.804796,0,1,1,0,0,0,0,0,0,1,1,0,1,0,0,1,0,0
71.818731,1,0,0,0,0,0,0,0,1,0,0,0,1,0,0,0,0,0
71.838811,0,0,0,0,1,0,0,0,0,0,0,0,0,0,0,0,0,0
71.849902,0,0,0,0,0,0,1,1,0,1,0,1,0,1,0,0,1,1
71.851022,0,0,0,0,0,1,0,0,0,0,0,0,0,1,1,0,0,0
71.877135,0,1,1,0,0,0,0,0,0,1,1,0,1,0,0,1,0,0
71.888650,0,0,0,0,1,0,0,0,0,0,0,0,0,0,0,0,0,0
71.888826,1,0,0,0,0,0,0,0,1,0,0,0,1,0,0,0,0,0
71.897890,0,0,0,0,0,0,0,1,0,0,0,0,0,0,0,0,0,1
71.899578,0,0,0,0,0,1,1,0,0,1,0,1,0,1,0,0,1,0
71.927137,0,1,1,0,0,0,0,0,0,1,1,0,1,0,0,1,0,0
71.937293,0,0,0,0,1,0,0,0,0,0,0,0,0,0,0,0,0,0
71.941726,1,0,0,1,0,0,1,0,0,1,1,0,1,1,1,0,1,0
71.949740,0,0,0,0,0,1,0,0,0,0,0,0,0,1,1,0,0,0
71.950657,0,0,0,0,0,0,0,1,0,0,0,0,0,0,0,0,0,1
71.965600,0,1,1,0,0,0,0,0,0,1,1,0,1,0,0,1,0,0
71.978663,1,0,0,1,0,0,1,0,0,1,1,0,1,1,1,0,1,0
71.986523,0,0,0,0,1,0,0,0,0,0,0,0,0,0,0,0,0,0
71.999192,0,0,0,0,0,1,0,0,0,0,0,0,0,1,1,0,0,0
72.002266,0,0,0,0,0,0,0,1,0,0,0,0,0,0,0,0,0,1
72.006420,0,1,1,0,0,0,0,0,0,1,1,0,1,0,0,1,0,0
72.020368,1,0,0,0,0,0,0,0,1,0,0,0,1,0,0,0,0,0
72.038385,0,0,0,0,1,0,1,0,0,1,0,1,0,1,0,0,1,0
72.049547,0,0,0,0,0,1,0,0,0,0,0,0,0,1,1,0,0,0
72.053166,0,0,0,0,0,0,0,1,0,0,0,0,0,0,0,0,0,1
72.065905,0,1,1,0,0,0,0,0,0,1,1,0,1,0,0,1,0,0
72.079104,1,0,0,0,0,0,0,0,1,0,0,0,1,0,0,0,0,0
72.090103,0,0,0,0,0,0,1,0,0,1,0,1,0,1,0,0,1,0
72.091762,0,0,0,0,1,0,0,0,0,0,0,0,0,0,0,0,0,0
72.100146,0,0,0,0,0,1,0,0,0,0,0,0,0,1,1,0,0,0
72.103543,0,0,0,0,0,0,0,1,0,0,0,0,0,0,0,0,0,1
72.110575,0,1,1,0,0,0,0,0,0,1,1,0,1,0,0,1,0,0
72.126895,1,0,0,0,0,0,0,0,1,0,0,0,1,0,0,0,0,0
72.139476,0,0,0,0,1,0,1,0,0,1,0,1,0,1,0,0,1,0
72.147154,0,0,0,0,0,0,0,1,0,0,0,0,0,0,0,0,0,1
72.148189,0,0,0,0,0,1,0,0,0,0,0,0,0,1,1,0,0,0
72.163365,0,1,1,0,0,0,0,0,0,1,1,0,1,0,0,1,0,0
72.178002,1,0,0,1,0,0,1,0,0,1,1,0,1,1,1,0,1,0
72.180437,0,0,0,0,1,0,0,0,0,0,0,0,0,0,0,0,0,0
72.198969,0,0,0,0,0,0,0,1,0,0,0,0,0,0,0,0,0,1
72.199421,0,0,1,0,0,0,0,0,1,0,0,0,1,0,0,0,0,0
72.200292,0,0,0,0,0,1,0,0,0,1,0,1,0,1,0,1,0,0
72.217236,1,0,0,1,0,0,1,0,0,1,1,0,1,1,1,0,1,0
72.237861,0,0,0,0,1,0,0,0,0,0,0,0,0,0,0,0,0,0
72.242213,0,0,1,0,0,0,0,0,1,0,0,0,1,0,0,0,0,0
72.250779,0,0,0,0,0,0,0,1,0,0,0,0,0,0,0,0,0,1
72.250905,0,0,0,0,0,1,0,0,0,1,0,1,0,1,0,1,0,0
72.269533,1,0,0,1,0,0,1,0,0,1,1,0,1,1,1,0,1,0
72.286091,0,0,0,0,1,0,0,0,0,0,0,0,0,0,0,0,0,0
72.295072,0,0,1,0,0,0,0,0,1,0,0,0,1,0,0,0,0,0
72.298498,0,0,0,0,0,1,0,0,0,1,0,1,0,1,0,1,0,0
72.300564,0,0,0,0,0,0,0,1,0,0,0,0,0,0,0,0,0,1
72.311056,1,0,0,0,0,0,0,0,1,0,0,0,1,0,0,0,0,0
72.314444,0,0,0,0,0,0,1,0,0,1,0,1,0,1,0,0,1,0
72.335194,0,0,1,0,0,0,0,0,1,0,0,0,1,0,0,0,0,0
72.339318,0,0,0,0,1,0,0,0,0,0,0,0,0,0,0,0,0,0
72.350152,0,0,0,0,0,0,0,1,0,0,0,0,0,0,0,0,0,1
72.350228,0,0,0,0,0,1,0,0,0,1,0,1,0,1,0,1,0,0
72.363233,1,0,0,1,0,0,1,0,0,1,1,0,1,1,1,0,1,0
72.390024,0,0,1,0,0,0,0,0,1,0,0,0,1,0,0,0,0,0
72.390065,0,0,0,0,1,0,0,0,0,0,0,0,0,0,0,0,0,0
72.396206,0,0,0,0,0,0,0,1,0,0,0,0,0,0,0,0,0,1
72.398867,0,0,0,0,0,1,0,0,0,1,0,1,0,1,0,1,0,0
72.413249,1,0,0,0,0,0,0,0,1,0,0,0,1,0,0,0,0,0
72.429449,0,0,0,0,0,0,1,0,0,1,0,1,0,1,0,0,1,0
72.432814,0,0,0,0,1,0,0,0,0,0,0,0,0,0,0,0,0,0
72.446824,0,0,0,0,0,0,0,1,0,0,0,0,0,0,0,0,0,1
72.449712,0,0,0,0,0,1,0,0,0,0,0,0,0,1,1,0,0,0
72.454533,0,1,1,0,0,0,0,0,0,1,1,0,1,0,0,1,0,0
72.472447,1,0,0,0,0,0,0,0,1,0,0,0,1,0,0,0,0,0
72.476619,0,0,0,0,0,0,1,0,0,1,0,1,0,1,0,0,1,0
72.481497,0,0,0,0,1,0,0,0,0,0,0,0,0,0,0,0,0,0
72.498239,0,0,0,0,0,1,0,0,0,0,0,0,0,1,1,0,0,0
72.500370,0,0,0,0,0,0,0,1,0,0,0,0,0,0,0,0,0,1
72.501797,0,1,1,0,0,0,0,0,0,1,1,0,1,0,0,1,0,0
72.521539,1,0,0,1,0,0,1,0,0,1,1,0,1,1,1,0,1,0
72.534015,0,0,0,0,1,0,0,0,0,0,0,0,0,0,0,0,0,0
72.549324,0,0,0,0,0,1,0,0,0,0,0,0,0,1,1,0,0,0
72.549626,0,1,1,0,0,0,0,0,0,1,1,0,1,0,0,1,0,0
72.551909,0,0,0,0,0,0,0,1,0,0,0,0,0,0,0,0,0,1
72.566594,1,0,0,0,0,0,0,0,1,0,0,0,1,0,0,0,0,0
72.584169,0,0,0,0,0,0,1,0,0,1,0,1,0,1,0,0,1,0
72.587614,0,0,0,0,1,0,0,0,0,0,0,0,0,0,0,0,0,0
72.597493,0,0,0,0,0,0,0,1,0,0,0,0,0,0,0,0,0,1
72.599727,0,0,0,0,0,1,0,0,0,0,0,0,0,1,1,0,0,0
72.606069,0,1,1,0,0,0,0,0,0,1,1,0,1,0,0,1,0,0
72.620878,1,0,0,0,0,0,0,0,1,0,0,0,1,0,0,0,0,0
72.631318,0,0,0,0,1,0,1,0,0,1,0,1,0,1,0,0,1,0
72.646682,0,0,0,0,0,0,0,1,0,0,0,0,0,0,0,0,0,1
72.649978,0,0,0,0,0,1,0,0,0,0,0,0,0,1,1,0,0,0
72.655952,0,1,1,0,0,0,0,0,0,1,1,0,1,0,0,1,0,0
72.673870,1,0,0,0,0,0,0,0,1,0,0,0,1,0,0,0,0,0
72.678361,0,0,0,0,1,0,1,0,0,1,0,1,0,1,0,0,1,0
72.696851,0,0,0,0,0,0,0,1,0,0,0,0,0,0,0,0,0,1
72.699261,0,0,0,0,0,1,0,0,0,0,0,0,0,1,1,0,0,0
72.706379,0,1,1,0,0,0,0,0,0,1,1,0,1,0,0,1,0,0
72.719668,1,0,0,1,0,0,1,0,0,1,1,0,1,1,1,0,1,0
72.731089,0,0,0,0,1,0,0,0,0,0,0,0,0,0,0,0,0,0
72.746433,0,0,1,0,0,0,0,0,1,0,0,0,1,0,0,0,0,0
72.750127,0,0,0,0,0,1,0,0,0,1,0,1,0,1,0,1,0,0
72.751386,0,0,0,0,0,0,0,1,0,0,0,0,0,0,0,0,0,1
72.765328,1,0,0,1,0,0,1,0,0,1,1,0,1,1,1,0,1,0
72.790831,0,0,0,0,1,0,0,0,0,0,0,0,0,0,0,0,0,0
72.790843,0,0,1,0,0,0,0,0,1,0,0,0,1,0,0,0,0,0
72.799069,0,0,0,0,0,1,0,0,0,1,0,1,0,1,0,1,0,0
72.800089,0,0,0,0,0,0,0,1,0,0,0,0,0,0,0,0,0,1
72.812558,1,0,0,0,0,0,0,0,1,0,0,0,1,0,0,0,0,0
72.838461,0,0,0,0,1,0,1,0,0,1,0,1,0,1,0,0,1,0
72.850019,0,0,0,0,0,1,0,0,0,0,0,0,0,1,1,0,0,0
72.850505,0,0,0,0,0,0,0,1,0,0,0,0,0,0,0,0,0,1
72.863090,0,1,1,0,0,0,0,0,0,1,1,0,1,0,0,1,0,0
72.874190,1,0,0,0,0,0,0,0,1,0,0,0,1,0,0,0,0,0
72.889858,0,0,0,0,1,0,0,0,0,0,0,0,0,0,0,0,0,0
72.896770,0,0,0,0,0,0,1,0,0,1,0,1,0,1,0,0,1,0
72.899857,0,0,0,0,0,1,0,0,0,0,0,0,0,1,1,0,0,0
72.901823,0,0,0,0,0,0,0,1,0,0,0,0,0,0,0,0,0,1
72.919409,0,1,1,0,0,0,0,0,0,1,1,0,1,0,0,1,0,0
72.932742,0,0,0,0,1,0,0,0,0,0,0,0,0,0,0,0,0,0
72.938921,1,0,0,1,0,0,1,0,0,1,1,0,1,1,1,0,1,0
72.950032,0,0,0,0,0,0,0,1,0,0,0,0,0,0,0,0,0,1
72.951192,0,0,0,0,0,1,0,0,0,0,0,0,0,1,1,0,0,0
72.958950,0,1,1,0,0,0,0,0,0,1,1,0,1,0,0,1,0,0
72.978529,1,0,0,1,0,0,1,0,0,1,1,0,1,1,1,0,1,0
72.983232,0,0,0,0,1,0,0,0,0,0,0,0,0,0,0,0,0,0
72.998746,0,0,0,0,0,1,0,0,0,0,0,0,0,1,1,0,0,0
73.000815,0,0,0,0,0,0,0,1,0,0,0,0,0,0,0,0,0,1
73.003317,0,1,1,0,0,0,0,0,0,1,1,0,1,0,0,1,0,0
73.016179,1,0,0,1,0,0,1,0,0,1,1,0,1,1,1,0,1,0
73.034113,0,0,0,0,1,0,0,0,0,0,0,0,0,0,0,0,0,0
73.043375,0,0,1,0,0,0,0,0,1,0,0,0,1,0,0,0,0,0
73.051352,0,0,0,0,0,1,0,0,0,1,0,1,0,1,0,1,0,0
73.052080,0,0,0,0,0,0,0,1,0,0,0,0,0,0,0,0,0,1
73.065403,1,0,0,1,0,0,1,0,0,1,1,0,1,1,1,0,1,0
73.085583,0,0,0,0,1,0,0,0,0,0,0,0,0,0,0,0,0,0
73.090337,0,0,1,0,0,0,0,0,1,0,0,0,1,0,0,0,0,0
73.097755,0,0,0,0,0,0,0,1,0,0,0,0,0,0,0,0,0,1
73.098967,0,0,0,0,0,1,0,0,0,1,0,1,0,1,0,1,0,0
73.114135,1,0,0,0,0,0,0,0,1,0,0,0,1,0,0,0,0,0
73.134253,0,0,0,0,0,0,1,0,0,1,0,1,0,1,0,0,1,0
73.135940,0,0,0,0,1,0,0,0,0,0,0,0,0,0,0,0,0,0
73.148994,0,0,0,0,0,0,0,1,0,0,0,0,0,0,0,0,0,1
73.150493,0,0,0,0,0,1,0,0,0,0,0,0,0,1,1,0,0,0
73.154944,0,1,1,0,0,0,0,0,0,1,1,0,1,0,0,1,0,0
73.171754,1,0,0,0,0,0,0,0,1,0,0,0,1,0,0,0,0,0
73.185969,0,0,0,0,1,0,1,0,0,1,0,1,0,1,0,0,1,0
73.199451,0,0,0,0,0,1,0,0,0,0,0,0,0,1,1,0,0,0
73.201186,0,0,0,0,0,0,0,1,0,0,0,0,0,0,0,0,0,1
73.206600,0,1,1,0,0,0,0,0,0,1,1,0,1,0,0,1,0,0
73.222507,1,0,0,0,0,0,0,0,1,0,0,0,1,0,0,0,0,0
73.234536,0,0,0,0,1,0,1,0,0,1,0,1,0,1,0,0,1,0
73.246004,0,0,0,0,0,0,0,1,0,0,0,0,0,0,0,0,0,1
73.249269,0,0,0,0,0,1,0,0,0,0,0,0,0,1,1,0,0,0
73.262744,0,1,1,0,0,0,0,0,0,1,1,0,1,0,0,1,0,0
73.276464,1,0,0,0,0,0,0,0,1,0,0,0,1,0,0,0,0,0
73.285041,0,0,0,0,1,0,1,0,0,1,0,1,0,1,0,0,1,0
73.298479,0,0,0,0,0,0,0,1,0,0,0,0,0,0,0,0,0,1
73.300201,0,0,0,0,0,1,0,0,0,0,0,0,0,1,1,0,0,0
73.311811,0,1,1,0,0,0,0,0,0,1,1,0,1,0,0,1,0,0
73.325502,1,0,0,0,0,0,0,0,1,0,0,0,1,0,0,0,0,0
73.335332,0,0,0,0,1,0,1,0,0,1,0,1,0,1,0,0,1,0
73.349734,0,0,0,0,0,1,0,0,0,0,0,0,0,1,1,0,0,0
73.351580,0,0,0,0,0,0,0,1,0,0,0,0,0,0,0,0,0,1
73.363200,0,1,1,0,0,0,0,0,0,1,1,0,1,0,0,1,0,0
73.375379,1,0,0,0,0,0,0,0,1,0,0,0,1,0,0,0,0,0
73.387987,0,0,0,0,1,0,0,0,0,0,0,0,0,0,0,0,0,0
73.397262,0,0,0,0,0,0,0,1,0,0,0,0,0,0,0,0,0,1
73.398454,0,0,0,0,0,0,1,0,0,1,0,1,0,1,0,0,1,0
73.399973,0,0,0,0,0,1,0,0,0,0,0,0,0,1,1,0,0,0
73.419926,0,1,1,0,0,0,0,0,0,1,1,0,1,0,0,1,0,0
73.435670,0,0,0,0,1,0,0,0,0,0,0,0,0,0,0,0,0,0
73.437785,1,0,0,0,0,0,0,0,1,0,0,0,1,0,0,0,0,0
73.448853,0,0,0,0,0,1,1,0,0,1,0,1,0,1,0,0,1,0
73.449482,0,0,0,0,0,0,0,1,0,0,0,0,0,0,0,0,0,1
73.473784,0,1,1,0,0,0,0,0,0,1,1,0,1,0,0,1,0,0
73.487223,0,0,0,0,1,0,0,0,0,0,0,0,0,0,0,0,0,0
73.490649,1,0,0,1,0,0,1,0,0,1,1,0,1,1,1,0,1,0
73.499270,0,0,0,0,0,0,0,1,0,0,0,0,0,0,0,0,0,1
73.501464,0,0,0,0,0,1,0,0,0,0,0,0,0,1,1,0,0,0
73.519512,0,1,1,0,0,0,0,0,0,1,1,0,1,0,0,1,0,0
73.533034,1,0,0,1,0,0,1,0,0,1,1,0,1,1,1,0,1,0
73.539185,0,0,0,0,1,0,0,0,0,0,0,0,0,0,0,0,0,0
73.546003,0,0,0,0,0,0,0,1,0,0,0,0,0,0,0,0,0,1
73.549362,0,0,0,0,0,1,0,0,0,0,0,0,0,1,1,0,0,0
73.561579,0,1,1,0,0,0,0,0,0,1,1,0,1,0,0,1,0,0
73.573056,1,0,0,0,0,0,0,0,1,0,0,0,1,0,0,0,0,0
73.578086,0,0,0,0,1,0,1,0,0,1,0,1,0,1,0,0,1,0
73.599164,0,0,0,0,0,0,0,1,0,0,0,0,0,0,0,0,0,1
73.600516,0,0,0,0,0,1,0,0,0,0,0,0,0,1,1,0,0,0
73.603753,0,1,1,0,0,0,0,0,0,1,1,0,1,0,0,1,0,0
73.617428,1,0,0,0,0,0,0,0,1,0,0,0,1,0,0,0,0,0
73.624867,0,0,0,0,0,0,1,0,0,1,0,1,0,1,0,0,1,0
73.638175,0,0,0,0,1,0,0,0,0,0,0,0,0,0,0,0,0,0
73.649899,0,0,0,0,0,1,0,0,0,0,0,0,0,1,1,0,0,0
73.649964,0,0,0,0,0,0,0,1,0,0,0,0,0,0,0,0,0,1
73.654658,0,1,1,0,0,0,0,0,0,1,1,0,1,0,0,1,0,0
73.670053,1,0,0,0,0,0,0,0,1,0,0,0,1,0,0,0,0,0
73.682971,0,0,0,0,1,0,0,0,0,0,0,0,0,0,0,0,0,0
73.695846,0,0,0,0,0,0,1,0,0,1,0,1,0,1,0,0,1,0
73.697607,0,0,0,0,0,0,0,1,0,0,0,0,0,0,0,0,0,1
73.699562,0,0,0,0,0,1,0,0,0,0,0,0,0,1,1,0,0,0
73.716899,0,1,1,0,0,0,0,0,0,1,1,0,1,0,0,1,0,0
73.733590,1,0,0,1,0,0,1,0,0,1,1,0,1,1,1,0,1,0
73.734379,0,0,0,0,1,0,0,0,0,0,0,0,0,0,0,0,0,0
73.750451,0,0,0,0,0,1,0,0,0,0,0,0,0,1,1,0,0,0
73.753348,0,0,0,0,0,0,0,1,0,0,0,0,0,0,0,0,0,1
73.757205,0,1,1,0,0,0,0,0,0,1,1,0,1,0,0,1,0,0
73.771336,1,0,0,1,0,0,1,0,0,1,1,0,1,1,1,0,1,0
73.792614,0,0,0,0,1,0,0,0,0,0,0,0,0,0,0,0,0,0
73.799469,0,0,0,0,0,0,0,1,0,0,0,0,0,0,0,0,0,1
73.800696,0,0,1,0,0,0,0,0,1,0,0,0,1,0,0,0,0,0
73.801098,0,0,0,0,0,1,0,0,0,1,0,1,0,1,0,1,0,0
73.811542,1,0,0,0,0,0,0,0,1,0,0,0,1,0,0,0,0,0
73.832076,0,0,0,0,1,0,0,0,0,0,0,0,0,0,0,0,0,0
73.848230,0,0,0,0,0,0,0,1,0,0,0,0,0,0,0,0,0,1
73.850218,0,0,0,0,0,0,1,0,0,1,0,1,0,1,0,0,1,0
73.851253,0,0,0,0,0,1,0,0,0,0,0,0,0,1,1,0,0,0
73.875082,0,1,1,0,0,0,0,0,0,1,1,0,1,0,0,1,0,0
73.886336,0,0,0,0,1,0,0,0,0,0,0,0,0,0,0,0,0,0
73.892492,1,0,0,1,0,0,1,0,0,1,1,0,1,1,1,0,1,0
73.901289,0,0,0,0,0,1,0,0,0,0,0,0,0,1,1,0,0,0
73.902754,0,0,0,0,0,0,0,1,0,0,0,0,0,0,0,0,0,1
73.916755,0,1,1,0,0,0,0,0,0,1,1,0,1,0,0,1,0,0
73.935403,1,0,0,1,0,0,1,0,0,1,1,0,1,1,1,0,1,0
73.937154,0,0,0,0,1,0,0,0,0,0,0,0,0,0,0,0,0,0
73.947386,0,0,0,0,0,0,0,1,0,0,0,0,0,0,0,0,0,1
73.950010,0,0,0,0,0,1,0,0,0,0,0,0,0,1,1,0,0,0
73.959014,0,1,1,0,0,0,0,0,0,1,1,0,1,0,0,1,0,0
73.971031,1,0,0,1,0,0,1,0,0,1,1,0,1,1,1,0,1,0
73.981406,0,0,0,0,1,0,0,0,0,0,0,0,0,0,0,0,0,0
73.995720,0,0,1,0,0,0,0,0,1,0,0,0,1,0,0,0,0,0
74.000861,0,0,0,0,0,1,0,0,0,1,0,1,0,1,0,1,0,0
74.003356,0,0,0,0,0,0,0,1,0,0,0,0,0,0,0,0,0,1
74.016790,1,0,0,0,0,0,0,0,1,0,0,0,1,0,0,0,0,0
74.038002,0,0,0,0,1,0,1,0,0,1,0,1,0,1,0,0,1,0
74.047678,0,0,0,0,0,0,0,1,0,0,0,0,0,0,0,0,0,1
74.049582,0,0,0,0,0,1,0,0,0,0,0,0,0,1,1,0,0,0
74.060904,0,1,1,0,0,0,0,0,0,1,1,0,1,0,0,1,0,0
74.071763,1,0,0,1,0,0,1,0,0,1,1,0,1,1,1,0,1,0
74.085228,0,0,0,0,1,0,0,0,0,0,0,0,0,0,0,0,0,0
74.094490,0,0,1,0,0,0,0,0,1,0,0,0,1,0,0,0,0,0
74.099698,0,0,0,0,0,1,0,0,0,1,0,1,0,1,0,1,0,0
74.102674,0,0,0,0,0,0,0,1,0,0,0,0,0,0,0,0,0,1
74.112572,1,0,0,1,0,0,1,0,0,1,1,0,1,1,1,0,1,0
74.136314,0,0,0,0,1,0,0,0,0,0,0,0,0,0,0,0,0,0
74.141807,0,0,1,0,0,0,0,0,1,0,0,0,1,0,0,0,0,0
74.149361,0,0,0,0,0,0,0,1,0,0,0,0,0,0,0,0,0,1
74.150863,0,0,0,0,0,1,0,0,0,1,0,1,0,1,0,1,0,0
74.162123,1,0,0,1,0,0,1,0,0,1,1,0,1,1,1,0,1,0
74.181403,0,0,0,0,1,0,0,0,0,0,0,0,0,0,0,0,0,0
74.186003,0,0,1,0,0,0,0,0,1,0,0,0,1,0,0,0,0,0
74.198580,0,0,0,0,0,0,0,1,0,0,0,0,0,0,0,0,0,1
74.200943,0,0,0,0,0,1,0,0,0,1,0,1,0,1,0,1,0,0
74.215762,1,0,0,0,0,0,0,0,1,0,0,0,1,0,0,0,0,0
74.234166,0,0,0,0,1,0,1,0,0,1,0,1,0,1,0,0,1,0
74.249609,0,0,0,0,0,0,0,1,0,0,0,0,0,0,0,0,0,1
74.250898,0,0,0,0,0,1,0,0,0,0,0,0,0,1,1,0,0,0
74.255550,0,1,1,0,0,0,0,0,0,1,1,0,1,0,0,1,0,0
74.268441,1,0,0,0,0,0,0,0,1,0,0,0,1,0,0,0,0,0
74.283323,0,0,0,0,1,0,1,0,0,1,0,1,0,1,0,0,1,0
74.299251,0,0,0,0,0,0,0,1,0,0,0,0,0,0,0,0,0,1
74.300015,0,0,0,0,0,1,0,0,0,0,0,0,0,1,1,0,0,0
74.312487,0,1,1,0,0,0,0,0,0,1,1,0,1,0,0,1,0,0
74.327161,1,0,0,0,0,0,0,0,1,0,0,0,1,0,0,0,0,0
74.335981,0,0,0,0,1,0,0,0,0,0,0,0,0,0,0,0,0,0
74.337269,0,0,0,0,0,0,1,0,0,1,0,1,0,1,0,0,1,0
74.346738,0,0,0,0,0,0,0,1,0,0,0,0,0,0,0,0,0,1
74.348768,0,0,0,0,0,1,0,0,0,0,0,0,0,1,1,0,0,0
74.361645,0,1,1,0,0,0,0,0,0,1,1,0,1,0,0,1,0,0
74.375706,1,0,0,0,0,0,0,0,1,0,0,0,1,0,0,0,0,0
74.381613,0,0,0,0,1,0,1,0,0,1,0,1,0,1,0,0,1,0
74.398590,0,0,0,0,0,1,0,0,0,0,0,0,0,1,1,0,0,0
74.399094,0,0,0,0,0,0,0,1,0,0,0,0,0,0,0,0,0,1
74.407473,0,1,1,0,0,0,0,0,0,1,1,0,1,0,0,1,0,0
74.417892,1,0,0,1,0,0,1,0,0,1,1,0,1,1,1,0,1,0
74.432198,0,0,0,0,1,0,0,0,0,0,0,0,0,0,0,0,0,0
74.438076,0,0,1,0,0,0,0,0,1,0,0,0,1,0,0,0,0,0
74.450480,0,0,0,0,0,1,0,0,0,1,0,1,0,1,0,1,0,0
74.453912,0,0,0,0,0,0,0,1,0,0,0,0,0,0,0,0,0,1
74.464556,1,0,0,0,0,0,0,0,1,0,0,0,1,0,0,0,0,0
74.491395,0,0,0,0,1,0,0,0,0,0,0,0,0,0,0,0,0,0
74.496156,0,0,0,0,0,0,1,0,0,1,0,1,0,1,0,0,1,0
74.500260,0,0,0,0,0,0,0,1,0,0,0,0,0,0,0,0,0,1
74.501362,0,0,0,0,0,1,0,0,0,0,0,0,0,1,1,0,0,0
74.524182,0,1,1,0,0,0,0,0,0,1,1,0,1,0,0,1,0,0
74.535466,0,0,0,0,1,0,0,0,0,0,0,0,0,0,0,0,0,0
74.535906,1,0,0,0,0,0,0,0,1,0,0,0,1,0,0,0,0,0
74.538152,0,0,0,0,0,0,1,0,0,1,0,1,0,1,0,0,1,0
74.551477,0,0,0,0,0,1,0,0,0,0,0,0,0,1,1,0,0,0
74.551512,0,0,0,0,0,0,0,1,0,0,0,0,0,0,0,0,0,1
74.559438,0,1,1,0,0,0,0,0,0,1,1,0,1,0,0,1,0,0
74.574356,1,0,0,0,0,0,0,0,1,0,0,0,1,0,0,0,0,0
74.590333,0,0,0,0,1,0,1,0,0,1,0,1,0,1,0,0,1,0
74.599813,0,0,0,0,0,1,0,0,0,0,0,0,0,1,1,0,0,0
74.601106,0,0,0,0,0,0,0,1,0,0,0,0,0,0,0,0,0,1
74.615126,0,1,1,0,0,0,0,0,0,1,1,0,1,0,0,1,0,0
74.629178,1,0,0,1,0,0,1,0,0,1,1,0,1,1,1,0,1,0
74.633772,0,0,0,0,1,0,0,0,0,0,0,0,0,0,0,0,0,0
74.650484,0,0,0,0,0,1,0,0,0,0,0,0,0,1,1,0,0,0
74.651065,0,1,1,0,0,0,0,0,0,1,1,0,1,0,0,1,0,0
74.652911,0,0,0,0,0,0,0,1,0,0,0,0,0,0,0,0,0,1
74.662789,1,0,0,1,0,0,1,0,0,1,1,0,1,1,1,0,1,0
74.684865,0,0,0,0,1,0,0,0,0,0,0,0,0,0,0,0,0,0
74.688988,0,0,1,0,0,0,0,0,1,0,0,0,1,0,0,0,0,0
74.698943,0,0,0,0,0,0,0,1,0,0,0,0,0,0,0,0,0,1
74.700123,0,0,0,0,0,1,0,0,0,1,0,1,0,1,0,1,0,0
74.716265,1,0,0,0,0,0,0,0,1,0,0,0,1,0,0,0,0,0
74.735926,0,0,0,0,1,0,0,0,0,0,0,0,0,0,0,0,0,0
74.749792,0,0,0,0,0,1,0,0,0,1,0,1,0,1,0,1,0,0
74.753681,0,0,0,0,0,0,0,1,0,0,0,0,0,0,0,0,0,1
74.761630,0,0,0,0,0,0,1,0,0,0,0,0,0,1,1,0,0,0
74.767106,1,0,0,1,0,0,0,0,0,1,1,0,1,0,0,0,1,0
74.783352,0,0,0,0,0,0,1,0,0,0,0,0,0,1,1,0,0,0
74.790450,0,0,1,1,0,0,0,0,0,1,1,0,1,0,0,0,1,0
74.791814,0,0,0,0,1,0,0,0,0,0,0,0,0,0,0,0,0,0
74.800095,0,0,0,0,0,1,0,0,0,0,0,0,0,1,1,0,0,0
74.802175,0,0,0,0,0,0,0,1,0,0,0,0,0,0,0,0,0,1
74.811785,0,1,1,0,0,0,0,0,0,1,1,0,1,0,0,1,0,0
74.827368,1,0,0,0,0,0,0,0,1,0,0,0,1,0,0,0,0,0
74.830467,0,0,0,0,0,0,1,0,0,1,0,1,0,1,0,0,1,0
74.834295,0,0,0,0,1,0,0,0,0,0,0,0,0,0,0,0,0,0
74.847586,0,0,0,0,0,0,0,1,0,0,0,0,0,0,0,0,0,1
74.851064,0,0,0,0,0,1,0,0,0,0,0,0,0,1,1,0,0,0
74.853253,0,1,1,0,0,0,0,0,0,1,1,0,1,0,0,1,0,0
74.864182,1,0,0,1,0,0,1,0,0,1,1,0,1,1,1,0,1,0
74.881408,0,0,0,0,1,0,0,0,0,0,0,0,0,0,0,0,0,0
74.890065,0,0,1,0,0,0,0,0,1,0,0,0,1,0,0,0,0,0
74.900356,0,0,0,0,0,1,0,0,0,1,0,1,0,1,0,1,0,0
74.901917,0,0,0,0,0,0,0,1,0,0,0,0,0,0,0,0,0,1
74.919813,1,0,0,1,0,0,1,0,0,1,1,0,1,1,1,0,1,0
74.939847,0,0,0,0,1,0,0,0,0,0,0,0,0,0,0,0,0,0
74.943542,0,0,1,0,0,0,0,0,1,0,0,0,1,0,0,0,0,0
74.947267,0,0,0,0,0,0,0,1,0,0,0,0,0,0,0,0,0,1
74.949718,0,0,0,0,0,1,0,0,0,1,0,1,0,1,0,1,0,0
74.963700,1,0,0,0,0,0,0,0,1,0,0,0,1,0,0,0,0,0
74.982350,0,0,0,0,1,0,1,0,0,1,0,1,0,1,0,0,1,0
75.000489,0,0,0,0,0,1,0,0,0,0,0,0,0,1,1,0,0,0
75.000586,0,0,0,0,0,0,0,1,0,0,0,0,0,0,0,0,0,1
75.007612,0,1,1,0,0,0,0,0,0,1,1,0,1,0,0,1,0,0
75.022670,1,0,0,0,0,0,0,0,1,0,0,0,1,0,0,0,0,0
75.039503,0,0,0,0,1,0,1,0,0,1,0,1,0,1,0,0,1,0
75.049560,0,0,0,0,0,1,0,0,0,0,0,0,0,1,1,0,0,0
75.053047,0,0,0,0,0,0,0,1,0,0,0,0,0,0,0,0,0,1
75.061421,0,1,1,0,0,0,0,0,0,1,1,0,1,0,0,1,0,0
75.071530,1,0,0,0,0,0,0,0,1,0,0,0,1,0,0,0,0,0
75.090636,0,0,0,0,1,0,1,0,0,1,0,1,0,1,0,0,1,0
75.099333,0,0,0,0,0,1,0,0,0,0,0,0,0,1,1,0,0,0
75.100101,0,0,0,0,0,0,0,1,0,0,0,0,0,0,0,0,0,1
75.115855,0,1,1,0,0,0,0,0,0,1,1,0,1,0,0,1,0,0
75.129818,1,0,0,1,0,0,1,0,0,1,1,0,1,1,1,0,1,0
75.134310,0,0,0,0,1,0,0,0,0,0,0,0,0,0,0,0,0,0
75.150739,0,0,0,0,0,1,0,0,0,0,0,0,0,1,1,0,0,0
75.151344,0,0,0,0,0,0,0,1,0,0,0,0,0,0,0,0,0,1
75.152529,0,1,1,0,0,0,0,0,0,1,1,0,1,0,0,1,0,0
75.166683,1,0,0,1,0,0,1,0,0,1,1,0,1,1,1,0,1,0
75.183752,0,0,0,0,1,0,0,0,0,0,0,0,0,0,0,0,0,0
75.193905,0,0,1,0,0,0,0,0,1,0,0,0,1,0,0,0,0,0
75.199895,0,0,0,0,0,0,0,1,0,0,0,0,0,0,0,0,0,1
75.200811,0,0,0,0,0,1,0,0,0,1,0,1,0,1,0,1,0,0
75.211447,1,0,0,0,0,0,0,0,1,0,0,0,1,0,0,0,0,0
75.218999,0,0,0,0,0,0,1,0,0,1,0,1,0,1,0,0,1,0
75.239504,0,0,0,0,1,0,0,0,0,0,0,0,0,0,0,0,0,0
75.247260,0,0,1,0,0,0,0,0,1,0,0,0,1,0,0,0,0,0
75.248338,0,0,0,0,0,1,0,0,0,1,0,1,0,1,0,1,0,0
75.248908,0,0,0,0,0,0,0,1,0,0,0,0,0,0,0,0,0,1
75.263043,1,0,0,1,0,0,1,0,0,1,1,0,1,1,1,0,1,0
75.280503,0,0,0,0,1,0,0,0,0,0,0,0,0,0,0,0,0,0
75.287355,0,0,1,0,0,0,0,0,1,0,0,0,1,0,0,0,0,0
75.299997,0,0,0,0,0,1,0,0,0,1,0,1,0,1,0,1,0,0
75.301500,0,0,0,0,0,0,0,1,0,0,0,0,0,0,0,0,0,1
75.317473,1,0,0,1,0,0,1,0,0,1,1,0,1,1,1,0,1,0
75.338606,0,0,1,0,0,0,0,0,1,0,0,0,1,0,0,0,0,0
75.339534,0,0,0,0,1,0,0,0,0,0,0,0,0,0,0,0,0,0
75.347803,0,0,0,0,0,0,0,1,0,0,0,0,0,0,0,0,0,1
75.348978,0,0,0,0,0,1,0,0,0,1,0,1,0,1,0,1,0,0
75.368455,1,0,0,1,0,0,1,0,0,1,1,0,1,1,1,0,1,0
75.385683,0,0,0,0,1,0,0,0,0,0,0,0,0,0,0,0,0,0
75.392042,0,0,1,0,0,0,0,0,1,0,0,0,1,0,0,0,0,0
75.399166,0,0,0,0,0,1,0,0,0,1,0,1,0,1,0,1,0,0
75.399390,0,0,0,0,0,0,0,1,0,0,0,0,0,0,0,0,0,1
75.412597,1,0,0,1,0,0,1,0,0,1,1,0,1,1,1,0,1,0
75.434320,0,0,0,0,1,0,0,0,0,0,0,0,0,0,0,0,0,0
75.437689,0,0,1,0,0,0,0,0,1,0,0,0,1,0,0,0,0,0
75.451045,0,0,0,0,0,1,0,0,0,1,0,1,0,1,0,1,0,0
75.452825,0,0,0,0,0,0,0,1,0,0,0,0,0,0,0,0,0,1
75.465814,1,0,0,1,0,0,1,0,0,1,1,0,1,1,1,0,1,0
75.485856,0,0,0,0,1,0,0,0,0,0,0,0,0,0,0,0,0,0
75.488303,0,0,1,0,0,0,0,0,1,0,0,0,1,0,0,0,0,0
75.499063,0,0,0,0,0,1,0,0,0,1,0,1,0,1,0,1,0,0
75.500578,0,0,0,0,0,0,0,1,0,0,0,0,0,0,0,0,0,1
75.514930,1,0,0,1,0,0,1,0,0,1,1,0,1,1,1,0,1,0
75.535277,0,0,1,0,0,0,0,0,1,0,0,0,1,0,0,0,0,0
75.536888,0,0,0,0,1,0,0,0,0,0,0,0,0,0,0,0,0,0
75.548828,0,0,0,0,0,1,0,0,0,1,0,1,0,1,0,1,0,0
75.550428,0,0,0,0,0,0,0,1,0,0,0,0,0,0,0,0,0,1
75.565915,1,0,0,1,0,0,1,0,0,1,1,0,1,1,1,0,1,0
75.585667,0,0,0,0,1,0,0,0,0,0,0,0,0,0,0,0,0,0
75.587951,0,0,1,0,0,0,0,0,1,0,0,0,1,0,0,0,0,0
75.597834,0,0,0,0,0,0,0,1,0,0,0,0,0,0,0,0,0,1
75.599785,0,0,0,0,0,1,0,0,0,1,0,1,0,1,0,1,0,0
75.614645,1,0,0,0,0,0,0,0,1,0,0,0,1,0,0,0,0,0
75.628242,0,0,0,0,1,0,1,0,0,1,0,1,0,1,0,0,1,0
75.647214,0,0,0,0,0,0,0,1,0,0,0,0,0,0,0,0,0,1
75.650510,0,0,0,0,0,1,0,0,0,0,0,0,0,1,1,0,0,0
75.655647,0,1,1,0,0,0,0,0,0,1,1,0,1,0,0,1,0,0
75.667250,1,0,0,0,0,0,0,0,1,0,0,0,1,0,0,0,0,0
75.678158,0,0,0,0,1,0,0,0,0,0,0,0,0,0,0,0,0,0
75.698965,0,0,0,0,0,0,0,1,0,0,0,0,0,0,0,0,0,1
75.700410,0,0,0,0,0,1,1,0,0,1,0,1,0,1,0,1,0,0
75.716438,1,0,0,1,0,0,1,0,0,1,1,0,1,1,1,0,1,0
75.735795,0,0,0,0,1,0,0,0,0,0,0,0,0,0,0,0,0,0
75.743149,0,0,1,1,0,0,0,0,0,1,1,0,1,0,0,0,1,0
75.749141,0,0,0,0,0,1,0,0,0,0,0,0,0,1,1,0,0,0
75.750408,0,0,0,0,0,0,0,1,0,0,0,0,0,0,0,0,0,1
75.766991,0,1,1,0,0,0,0,0,0,1,1,0,1,0,0,1,0,0
75.779969,1,0,0,1,0,0,1,0,0,1,1,0,1,1,1,0,1,0
75.786642,0,0,0,0,1,0,0,0,0,0,0,0,0,0,0,0,0,0
75.800535,0,0,0,0,0,1,0,0,0,0,0,0,0,1,1,0,0,0
75.803592,0,0,0,0,0,0,0,1,0,0,0,0,0,0,0,0,0,1
75.805102,0,1,1,0,0,0,0,0,0,1,1,0,1,0,0,1,0,0
75.817408,1,0,0,0,0,0,0,0,1,0,0,0,1,0,0,0,0,0
75.835337,0,0,0,0,0,0,1,0,0,1,0,1,0,1,0,0,1,0
75.838848,0,0,0,0,1,0,0,0,0,0,0,0,0,0,0,0,0,0
75.848721,0,0,0,0,0,0,0,1,0,0,0,0,0,0,0,0,0,1
75.851978,0,0,0,0,0,1,0,0,0,0,0,0,0,1,1,0,0,0
75.855595,0,1,1,0,0,0,0,0,0,1,1,0,1,0,0,1,0,0
75.869387,1,0,0,0,0,0,0,0,1,0,0,0,1,0,0,0,0,0
75.884342,0,0,0,0,1,0,0,0,0,0,0,0,0,0,0,0,0,0
75.885927,0,0,0,0,0,0,1,0,0,1,0,1,0,1,0,0,1,0
75.898344,0,0,0,0,0,0,0,1,0,0,0,0,0,0,0,0,0,1
75.899860,0,0,0,0,0,1,0,0,0,0,0,0,0,1,1,0,0,0
75.908688,0,1,1,0,0,0,0,0,0,1,1,0,1,0,0,1,0,0
75.922679,1,0,0,1,0,0,1,0,0,1,1,0,1,1,1,0,1,0
75.932603,0,0,0,0,1,0,0,0,0,0,0,0,0,0,0,0,0,0
75.944826,0,0,1,0,0,0,0,0,1,0,0,0,1,0,0,0,0,0
75.951925,0,0,0,0,0,1,0,0,0,1,0,1,0,1,0,1,0,0
75.952380,0,0,0,0,0,0,0,1,0,0,0,0,0,0,0,0,0,1
75.971130,1,0,0,1,0,0,1,0,0,1,1,0,1,1,1,0,1,0
75.985977,0,0,0,0,1,0,0,0,0,0,0,0,0,0,0,0,0,0
75.992107,0,0,1,0,0,0,0,0,1,0,0,0,1,0,0,0,0,0
75.999689,0,0,0,0,0,0,0,1,0,0,0,0,0,0,0,0,0,1
76.001372,0,0,0,0,0,1,0,0,0,1,0,1,0,1,0,1,0,0
76.015464,1,0,0,0,0,0,0,0,1,0,0,0,1,0,0,0,0,0
76.038322,0,0,0,0,1,0,1,0,0,1,0,1,0,1,0,0,1,0
76.050865,0,0,0,0,0,1,0,0,0,0,0,0,0,1,1,0,0,0
76.052347,0,0,0,0,0,0,0,1,0,0,0,0,0,0,0,0,0,1
76.060206,0,1,1,0,0,0,0,0,0,1,1,0,1,0,0,1,0,0
76.078204,1,0,0,1,0,0,1,0,0,1,1,0,1,1,1,0,1,0
76.088474,0,0,0,0,1,0,0,0,0,0,0,0,0,0,0,0,0,0
76.098279,0,0,0,0,0,0,0,1,0,0,0,0,0,0,0,0,0,1
76.099975,0,0,0,0,0,1,0,0,0,0,0,0,0,1,1,0,0,0
76.104758,0,1,1,0,0,0,0,0,0,1,1,0,1,0,0,1,0,0
76.123308,1,0,0,1,0,0,1,0,0,1,1,0,1,1,1,0,1,0
76.131940,0,0,0,0,1,0,0,0,0,0,0,0,0,0,0,0,0,0
76.148530,0,0,1,0,0,0,0,0,1,0,0,0,1,0,0,0,0,0
76.151051,0,0,0,0,0,1,0,0,0,1,0,1,0,1,0,1,0,0
76.151162,0,0,0,0,0,0,0,1,0,0,0,0,0,0,0,0,0,1
76.162652,1,0,0,1,0,0,1,0,0,1,1,0,1,1,1,0,1,0
76.182740,0,0,1,0,0,0,0,0,1,0,0,0,1,0,0,0,0,0
76.185632,0,0,0,0,1,0,0,0,0,0,0,0,0,0,0,0,0,0
76.201161,0,0,0,0,0,1,0,0,0,1,0,1,0,1,0,1,0,0
76.203846,0,0,0,0,0,0,0,1,0,0,0,0,0,0,0,0,0,1
76.215532,1,0,0,1,0,0,1,0,0,1,1,0,1,1,1,0,1,0
76.241011,0,0,0,0,1,0,0,0,0,0,0,0,0,0,0,0,0,0
76.241019,0,0,1,0,0,0,0,0,1,0,0,0,1,0,0,0,0,0
76.250292,0,0,0,0,0,1,0,0,0,1,0,1,0,1,0,1,0,0
76.252627,0,0,0,0,0,0,0,1,0,0,0,0,0,0,0,0,0,1
76.261041,1,0,0,0,0,0,0,0,1,0,0,0,1,0,0,0,0,0
76.285889,0,0,0,0,1,0,1,0,0,1,0,1,0,1,0,0,1,0
76.299604,0,0,0,0,0,1,0,0,0,0,0,0,0,1,1,0,0,0
76.302978,0,0,0,0,0,0,0,1,0,0,0,0,0,0,0,0,0,1
76.307397,0,1,1,0,0,0,0,0,0,1,1,0,1,0,0,1,0,0
76.321518,1,0,0,0,0,0,0,0,1,0,0,0,1,0,0,0,0,0
76.338787,0,0,0,0,1,0,1,0,0,1,0,1,0,1,0,0,1,0
76.350824,0,0,0,0,0,0,0,1,0,0,0,0,0,0,0,0,0,1
76.351046,0,0,0,0,0,1,0,0,0,0,0,0,0,1,1,0,0,0
76.364657,0,1,1,0,0,0,0,0,0,1,1,0,1,0,0,1,0,0
76.378080,1,0,0,1,0,0,1,0,0,1,1,0,1,1,1,0,1,0
76.388940,0,0,0,0,1,0,0,0,0,0,0,0,0,0,0,0,0,0
76.399871,0,0,0,0,0,1,0,0,0,0,0,0,0,1,1,0,0,0
76.401757,0,0,0,0,0,0,0,1,0,0,0,0,0,0,0,0,0,1
76.402694,0,1,1,0,0,0,0,0,0,1,1,0,1,0,0,1,0,0
76.415426,1,0,0,0,0,0,0,0,1,0,0,0,1,0,0,0,0,0
76.438849,0,0,0,0,1,0,0,0,0,0,0,0,0,0,0,0,0,0
76.443032,0,0,0,0,0,0,1,0,0,1,0,1,0,1,0,0,1,0
76.449177,0,0,0,0,0,0,0,1,0,0,0,0,0,0,0,0,0,1
76.449286,0,0,0,0,0,1,0,0,0,0,0,0,0,1,1,0,0,0
76.468245,0,1,1,0,0,0,0,0,0,1,1,0,1,0,0,1,0,0
76.486197,0,0,0,0,1,0,0,0,0,0,0,0,0,0,0,0,0,0
76.487392,1,0,0,1,0,0,1,0,0,1,1,0,1,1,1,0,1,0
76.499775,0,0,0,0,0,1,0,0,0,0,0,0,0,1,1,0,0,0
76.501692,0,0,0,0,0,0,0,1,0,0,0,0,0,0,0,0,0,1
76.508797,0,1,1,0,0,0,0,0,0,1,1,0,1,0,0,1,0,0
76.524186,1,0,0,0,0,0,0,0,1,0,0,0,1,0,0,0,0,0
76.528609,0,0,0,0,0,0,1,0,0,1,0,1,0,1,0,0,1,0
76.539778,0,0,0,0,1,0,0,0,0,0,0,0,0,0,0,0,0,0
76.548779,0,0,1,0,0,0,0,0,1,0,0,0,1,0,0,0,0,0
76.549227,0,0,0,0,0,0,0,1,0,0,0,0,0,0,0,0,0,1
76.549955,0,0,0,0,0,1,0,0,0,1,0,1,0,1,0,1,0,0
76.567174,1,0,0,0,0,0,0,0,1,0,0,0,1,0,0,0,0,0
76.586566,0,0,0,0,1,0,0,0,0,0,0,0,0,0,0,0,0,0
76.600116,0,0,0,0,0,1,0,0,0,1,0,1,0,1,0,1,0,0
76.600445,0,0,0,0,0,0,1,1,0,0,0,0,0,1,1,0,0,1
76.618147,1,0,0,1,0,0,0,0,0,1,1,0,1,0,0,0,1,0
76.626275,0,0,0,0,0,0,1,0,0,0,0,0,0,1,1,0,0,0
76.636158,0,0,0,0,1,0,0,0,0,0,0,0,0,0,0,0,0,0
76.642346,0,0,1,1,0,0,0,0,0,1,1,0,1,0,0,0,1,0
76.650184,0,0,0,0,0,0,0,1,0,0,0,0,0,0,0,0,0,1
76.650213,0,0,0,0,0,1,0,0,0,0,0,0,0,1,1,0,0,0
76.666831,0,1,1,0,0,0,0,0,0,1,1,0,1,0,0,1,0,0
76.679424,1,0,0,1,0,0,1,0,0,1,1,0,1,1,1,0,1,0
76.688461,0,0,0,0,1,0,0,0,0,0,0,0,0,0,0,0,0,0
76.698287,0,0,0,0,0,1,0,0,0,0,0,0,0,1,1,0,0,0
76.699815,0,1,1,0,0,0,0,0,0,1,1,0,1,0,0,1,0,0
76.701456,0,0,0,0,0,0,0,1,0,0,0,0,0,0,0,0,0,1
76.711235,1,0,0,0,0,0,0,0,1,0,0,0,1,0,0,0,0,0
76.740875,0,0,0,0,1,0,0,0,0,0,0,0,0,0,0,0,0,0
76.748880,0,0,0,0,0,1,1,0,0,1,0,1,0,1,0,0,1,0
76.749713,0,0,0,0,0,0,0,1,0,0,0,0,0,0,0,0,0,1
76.774548,0,1,1,0,0,0,0,0,0,1,1,0,1,0,0,1,0,0
76.786334,1,0,0,1,0,0,1,0,0,1,1,0,1,1,1,0,1,0
76.788770,0,0,0,0,1,0,0,0,0,0,0,0,0,0,0,0,0,0
76.799885,0,0,0,0,0,1,0,0,0,0,0,0,0,1,1,0,0,0
76.803491,0,0,0,0,0,0,0,1,0,0,0,0,0,0,0,0,0,1
76.815158,0,1,1,0,0,0,0,0,0,1,1,0,1,0,0,1,0,0
76.833291,1,0,0,0,0,0,0,0,1,0,0,0,1,0,0,0,0,0
76.839235,0,0,0,0,1,0,0,0,0,0,0,0,0,0,0,0,0,0
76.849719,0,0,0,0,0,1,1,0,0,1,0,1,0,1,0,0,1,0
76.850294,0,0,0,0,0,0,0,1,0,0,0,0,0,0,0,0,0,1
76.878432,0,1,1,0,0,0,0,0,0,1,1,0,1,0,0,1,0,0
76.885789,0,0,0,0,1,0,0,0,0,0,0,0,0,0,0,0,0,0
76.891274,1,0,0,1,0,0,1,0,0,1,1,0,1,1,1,0,1,0
76.899124,0,0,0,0,0,0,0,1,0,0,0,0,0,0,0,0,0,1
76.900036,0,0,0,0,0,1,0,0,0,0,0,0,0,1,1,0,0,0
76.918641,0,1,1,0,0,0,0,0,0,1,1,0,1,0,0,1,0,0
76.932949,0,0,0,0,1,0,0,0,0,0,0,0,0,0,0,0,0,0
76.933936,1,0,0,1,0,0,1,0,0,1,1,0,1,1,1,0,1,0
76.950457,0,0,0,0,0,1,0,0,0,0,0,0,0,1,1,0,0,0
76.950669,0,0,0,0,0,0,0,1,0,0,0,0,0,0,0,0,0,1
76.955031,0,1,1,0,0,0,0,0,0,1,1,0,1,0,0,1,0,0
76.968032,1,0,0,0,0,0,0,0,1,0,0,0,1,0,0,0,0,0
76.988242,0,0,0,0,1,0,0,0,0,0,0,0,0,0,0,0,0,0
76.997863,0,0,0,0,0,0,0,1,0,0,0,0,0,0,0,0,0,1
77.000277,0,0,0,0,0,1,1,0,0,1,0,1,0,1,0,0,1,0
77.020698,0,1,1,0,0,0,0,0,0,1,1,0,1,0,0,1,0,0
77.032990,1,0,0,0,0,0,0,0,1,0,0,0,1,0,0,0,0,0
77.034525,0,0,0,0,0,0,1,0,0,1,0,1,0,1,0,0,1,0
77.036936,0,0,0,0,1,0,0,0,0,0,0,0,0,0,0,0,0,0
77.048664,0,0,0,0,0,0,0,1,0,0,0,0,0,0,0,0,0,1
77.050220,0,0,0,0,0,1,0,0,0,0,0,0,0,1,1,0,0,0
77.058759,0,1,1,0,0,0,0,0,0,1,1,0,1,0,0,1,0,0
77.072574,1,0,0,1,0,0,1,0,0,1,1,0,1,1,1,0,1,0
77.082885,0,0,0,0,1,0,0,0,0,0,0,0,0,0,0,0,0,0
77.093992,0,0,1,0,0,0,0,0,1,0,0,0,1,0,0,0,0,0
77.099015,0,0,0,0,0,1,0,0,0,1,0,1,0,1,0,1,0,0
77.101223,0,0,0,0,0,0,0,1,0,0,0,0,0,0,0,0,0,1
77.118901,1,0,0,0,0,0,0,0,1,0,0,0,1,0,0,0,0,0
77.122387,0,0,0,0,0,0,1,0,0,1,0,1,0,1,0,0,1,0
77.135205,0,0,0,0,1,0,0,0,0,0,0,0,0,0,0,0,0,0
77.146307,0,0,1,0,0,0,0,0,1,0,0,0,1,0,0,0,0,0
77.148211,0,0,0,0,0,0,0,1,0,0,0,0,0,0,0,0,0,1
77.150226,0,0,0,0,0,1,0,0,0,1,0,1,0,1,0,1,0,0
77.162253,1,0,0,0,0,0,0,0,1,0,0,0,1,0,0,0,0,0
77.188038,0,0,0,0,1,0,0,0,0,0,0,0,0,0,0,0,0,0
77.193489,0,0,0,0,0,0,1,0,0,1,0,1,0,1,0,0,1,0
77.199642,0,0,0,0,0,0,0,1,0,0,0,0,0,0,0,0,0,1
77.200717,0,0,0,0,0,1,0,0,0,0,0,0,0,1,1,0,0,0
77.217857,0,1,1,0,0,0,0,0,0,1,1,0,1,0,0,1,0,0
77.229681,1,0,0,1,0,0,1,0,0,1,1,0,1,1,1,0,1,0
77.235273,0,0,0,0,1,0,0,0,0,0,0,0,0,0,0,0,0,0
77.250816,0,0,0,0,0,1,0,0,0,0,0,0,0,1,1,0,0,0
77.252999,0,0,0,0,0,0,0,1,0,0,0,0,0,0,0,0,0,1
77.257814,0,1,1,0,0,0,0,0,0,1,1,0,1,0,0,1,0,0
77.273644,1,0,0,1,0,0,1,0,0,1,1,0,1,1,1,0,1,0
77.291146,0,0,0,0,1,0,0,0,0,0,0,0,0,0,0,0,0,0
77.296376,0,0,1,0,0,0,0,0,1,0,0,0,1,0,0,0,0,0
77.297262,0,0,0,0,0,0,0,1,0,0,0,0,0,0,0,0,0,1
77.298442,0,0,0,0,0,1,0,0,0,1,0,1,0,1,0,1,0,0
77.312335,1,0,0,1,0,0,1,0,0,1,1,0,1,1,1,0,1,0
77.332523,0,0,0,0,1,0,0,0,0,0,0,0,0,0,0,0,0,0
77.335562,0,0,1,0,0,0,0,0,1,0,0,0,1,0,0,0,0,0
77.349899,0,0,0,0,0,1,0,0,0,1,0,1,0,1,0,1,0,0
77.350189,0,0,0,0,0,0,0,1,0,0,0,0,0,0,0,0,0,1
77.362882,1,0,0,1,0,0,1,0,0,1,1,0,1,1,1,0,1,0
77.387014,0,0,1,0,0,0,0,0,1,0,0,0,1,0,0,0,0,0
77.389927,0,0,0,0,1,0,0,0,0,0,0,0,0,0,0,0,0,0
77.398738,0,0,0,0,0,1,0,0,0,1,0,1,0,1,0,1,0,0
77.400898,0,0,0,0,0,0,0,1,0,0,0,0,0,0,0,0,0,1
77.410277,1,0,0,0,0,0,0,0,1,0,0,0,1,0,0,0,0,0
77.439523,0,0,0,0,1,0,1,0,0,1,0,1,0,1,0,0,1,0
77.448662,0,0,0,0,0,1,0,0,0,0,0,0,0,1,1,0,0,0
77.453772,0,0,0,0,0,0,0,1,0,0,0,0,0,0,0,0,0,1
77.466668,0,1,1,0,0,0,0,0,0,1,1,0,1,0,0,1,0,0
77.481758,1,0,0,0,0,0,0,0,1,0,0,0,1,0,0,0,0,0
77.485896,0,0,0,0,1,0,0,0,0,0,0,0,0,0,0,0,0,0
77.500806,0,0,0,0,0,1,1,0,0,1,0,1,0,1,0,0,1,0
77.501515,0,0,0,0,0,0,0,1,0,0,0,0,0,0,0,0,0,1
77.529174,0,1,1,0,0,0,0,0,0,1,1,0,1,0,0,1,0,0
77.531942,0,0,0,0,1,0,0,0,0,0,0,0,0,0,0,0,0,0
77.544648,1,0,0,1,0,0,1,0,0,1,1,0,1,1,1,0,1,0
77.549095,0,0,0,0,0,0,0,1,0,0,0,0,0,0,0,0,0,1
77.549485,0,0,0,0,0,1,0,0,0,0,0,0,0,1,1,0,0,0
77.571285,0,1,1,0,0,0,0,0,0,1,1,0,1,0,0,1,0,0
77.583515,1,0,0,0,0,0,0,0,1,0,0,0,1,0,0,0,0,0
77.583544,0,0,0,0,0,0,1,0,0,1,0,1,0,1,0,0,1,0
77.583572,0,0,0,0,1,0,0,0,0,0,0,0,0,0,0,0,0,0
77.596466,0,0,0,0,0,0,0,1,0,0,0,0,0,0,0,0,0,1
77.600241,0,0,0,0,0,1,0,0,0,0,0,0,0,1,1,0,0,0
77.609571,0,1,1,0,0,0,0,0,0,1,1,0,1,0,0,1,0,0
77.621305,1,0,0,1,0,0,1,0,0,1,1,0,1,1,1,0,1,0
77.634338,0,0,0,0,1,0,0,0,0,0,0,0,0,0,0,0,0,0
77.644682,0,0,1,0,0,0,0,0,1,0,0,0,1,0,0,0,0,0
77.648368,0,0,0,0,0,0,0,1,0,0,0,0,0,0,0,0,0,1
77.649049,0,0,0,0,0,1,0,0,0,1,0,1,0,1,0,1,0,0
77.662673,1,0,0,0,0,0,0,0,1,0,0,0,1,0,0,0,0,0
77.667297,0,0,0,0,0,0,1,0,0,1,0,1,0,1,0,0,1,0
77.682473,0,0,0,0,1,0,0,0,0,0,0,0,0,0,0,0,0,0
77.689817,0,0,1,0,0,0,0,0,1,0,0,0,1,0,0,0,0,0
77.699467,0,0,0,0,0,1,0,0,0,1,0,1,0,1,0,1,0,0
77.700993,0,0,0,0,0,0,0,1,0,0,0,0,0,0,0,0,0,1
77.711345,1,0,0,1,0,0,1,0,0,1,1,0,1,1,1,0,1,0
77.737021,0,0,1,0,0,0,0,0,1,0,0,0,1,0,0,0,0,0
77.740257,0,0,0,0,1,0,0,0,0,0,0,0,0,0,0,0,0,0
77.749337,0,0,0,0,0,1,0,0,0,1,0,1,0,1,0,1,0,0
77.750296,0,0,0,0,0,0,0,1,0,0,0,0,0,0,0,0,0,1
77.763363,1,0,0,1,0,0,1,0,0,1,1,0,1,1,1,0,1,0
77.786603,0,0,1,0,0,0,0,0,1,0,0,0,1,0,0,0,0,0
77.788158,0,0,0,0,1,0,0,0,0,0,0,0,0,0,0,0,0,0
77.797128,0,0,0,0,0,0,0,1,0,0,0,0,0,0,0,0,0,1
77.799673,0,0,0,0,0,1,0,0,0,1,0,1,0,1,0,1,0,0
77.810780,1,0,0,0,0,0,0,0,1,0,0,0,1,0,0,0,0,0
77.828387,0,0,0,0,0,0,1,0,0,1,0,1,0,1,0,0,1,0
77.830305,0,0,0,0,1,0,0,0,0,0,0,0,0,0,0,0,0,0
77.849571,0,0,0,0,0,0,0,1,0,0,0,0,0,0,0,0,0,1
77.850906,0,0,0,0,0,1,0,0,0,0,0,0,0,1,1,0,0,0
77.855066,0,1,1,0,0,0,0,0,0,1,1,0,1,0,0,1,0,0
77.865996,1,0,0,0,0,0,0,0,1,0,0,0,1,0,0,0,0,0
77.877015,0,0,0,0,0,0,1,0,0,1,0,1,0,1,0,0,1,0
77.881731,0,0,0,0,1,0,0,0,0,0,0,0,0,0,0,0,0,0
77.898877,0,0,0,0,0,1,0,0,0,0,0,0,0,1,1,0,0,0
77.900905,0,0,0,0,0,0,0,1,0,0,0,0,0,0,0,0,0,1
77.906497,0,1,1,0,0,0,0,0,0,1,1,0,1,0,0,1,0,0
77.918558,1,0,0,1,0,0,1,0,0,1,1,0,1,1,1,0,1,0
77.933194,0,0,0,0,1,0,0,0,0,0,0,0,0,0,0,0,0,0
77.941144,0,0,1,0,0,0,0,0,1,0,0,0,1,0,0,0,0,0
77.948781,0,0,0,0,0,0,0,1,0,0,0,0,0,0,0,0,0,1
77.949848,0,0,0,0,0,1,0,0,0,1,0,1,0,1,0,1,0,0
77.961313,1,0,0,1,0,0,1,0,0,1,1,0,1,1,1,0,1,0
77.982509,0,0,0,0,1,0,0,0,0,0,0,0,0,0,0,0,0,0
77.987469,0,0,1,0,0,0,0,0,1,0,0,0,1,0,0,0,0,0
77.999635,0,0,0,0,0,0,0,1,0,0,0,0,0,0,0,0,0,1
78.000143,0,0,0,0,0,1,0,0,0,1,0,1,0,1,0,1,0,0
78.017938,1,0,0,0,0,0,0,0,1,0,0,0,1,0,0,0,0,0
78.030920,0,0,0,0,1,0,1,0,0,1,0,1,0,1,0,0,1,0
78.048827,0,0,0,0,0,0,0,1,0,0,0,0,0,0,0,0,0,1
78.049885,0,0,0,0,0,1,0,0,0,0,0,0,0,1,1,0,0,0
78.053148,0,1,1,0,0,0,0,0,0,1,1,0,1,0,0,1,0,0
78.070974,1,0,0,1,0,0,1,0,0,1,1,0,1,1,1,0,1,0
78.085706,0,0,0,0,1,0,0,0,0,0,0,0,0,0,0,0,0,0
78.097667,0,0,1,0,0,0,0,0,1,0,0,0,1,0,0,0,0,0
78.097814,0,0,0,0,0,0,0,1,0,0,0,0,0,0,0,0,0,1
78.101167,0,0,0,0,0,1,0,0,0,1,0,1,0,1,0,1,0,0
78.112191,1,0,0,1,0,0,1,0,0,1,1,0,1,1,1,0,1,0
78.129970,0,0,0,0,1,0,0,0,0,0,0,0,0,0,0,0,0,0
78.133640,0,0,1,0,0,0,0,0,1,0,0,0,1,0,0,0,0,0
78.148853,0,0,0,0,0,0,0,1,0,0,0,0,0,0,0,0,0,1
78.150310,0,0,0,0,0,1,0,0,0,1,0,1,0,1,0,1,0,0
78.161384,1,0,0,0,0,0,0,0,1,0,0,0,1,0,0,0,0,0
78.183145,0,0,0,0,1,0,1,0,0,1,0,1,0,1,0,0,1,0
78.200282,0,0,0,0,0,0,0,1,0,0,0,0,0,0,0,0,0,1
78.200543,0,0,0,0,0,1,0,0,0,0,0,0,0,1,1,0,0,0
78.211583,0,1,1,0,0,0,0,0,0,1,1,0,1,0,0,1,0,0
78.231118,1,0,0,0,0,0,0,0,1,0,0,0,1,0,0,0,0,0
78.233589,0,0,0,0,1,0,1,0,0,1,0,1,0,1,0,0,1,0
78.248377,0,0,0,0,0,0,0,1,0,0,0,0,0,0,0,0,0,1
78.249515,0,0,0,0,0,1,0,0,0,0,0,0,0,1,1,0,0,0
78.253943,0,1,1,0,0,0,0,0,0,1,1,0,1,0,0,1,0,0
78.270105,1,0,0,1,0,0,1,0,0,1,1,0,1,1,1,0,1,0
78.286254,0,0,0,0,1,0,0,0,0,0,0,0,0,0,0,0,0,0
78.290617,0,0,1,0,0,0,0,0,1,0,0,0,1,0,0,0,0,0
78.299260,0,0,0,0,0,0,0,1,0,0,0,0,0,0,0,0,0,1
78.299986,0,0,0,0,0,1,0,0,0,1,0,1,0,1,0,1,0,0
78.319510,1,0,0,0,0,0,0,0,1,0,0,0,1,0,0,0,0,0
78.337026,0,0,0,0,1,0,1,0,0,1,0,1,0,1,0,0,1,0
78.349573,0,0,0,0,0,1,0,0,0,0,0,0,0,1,1,0,0,0
78.350809,0,0,0,0,0,0,0,1,0,0,0,0,0,0,0,0,0,1
78.362450,0,1,1,0,0,0,0,0,0,1,1,0,1,0,0,1,0,0
78.374240,1,0,0,1,0,0,1,0,0,1,1,0,1,1,1,0,1,0
78.383385,0,0,0,0,1,0,0,0,0,0,0,0,0,0,0,0,0,0
78.394696,0,0,1,0,0,0,0,0,1,0,0,0,1,0,0,0,0,0
78.398344,0,0,0,0,0,0,0,1,0,0,0,0,0,0,0,0,0,1
78.399429,0,0,0,0,0,1,0,0,0,1,0,1,0,1,0,1,0,0
78.417768,1,0,0,0,0,0,0,0,1,0,0,0,1,0,0,0,0,0
78.436440,0,0,0,0,1,0,0,0,0,0,0,0,0,0,0,0,0,0
78.448917,0,0,0,0,0,0,1,0,0,1,0,1,0,1,0,0,1,0
78.450427,0,0,0,0,0,0,0,1,0,0,0,0,0,0,0,0,0,1
78.450515,0,0,0,0,0,1,0,0,0,0,0,0,0,1,1,0,0,0
78.469020,0,1,1,0,0,0,0,0,0,1,1,0,1,0,0,1,0,0
78.479241,1,0,0,0,0,0,0,0,1,0,0,0,1,0,0,0,0,0
78.483285,0,0,0,0,1,0,1,0,0,1,0,1,0,1,0,0,1,0
78.498022,0,0,0,0,0,0,0,1,0,0,0,0,0,0,0,0,0,1
78.501164,0,0,0,0,0,1,0,0,0,0,0,0,0,1,1,0,0,0
78.508976,0,1,1,0,0,0,0,0,0,1,1,0,1,0,0,1,0,0
78.524170,1,0,0,1,0,0,1,0,0,1,1,0,1,1,1,0,1,0
78.529829,0,0,0,0,1,0,0,0,0,0,0,0,0,0,0,0,0,0
78.546654,0,0,1,0,0,0,0,0,1,0,0,0,1,0,0,0,0,0
78.549572,0,0,0,0,0,1,0,0,0,1,0,1,0,1,0,1,0,0
78.550930,0,0,0,0,0,0,0,1,0,0,0,0,0,0,0,0,0,1
78.560962,1,0,0,1,0,0,1,0,0,1,1,0,1,1,1,0,1,0
78.582314,0,0,1,0,0,0,0,0,1,0,0,0,1,0,0,0,0,0
78.588390,0,0,0,0,1,0,0,0,0,0,0,0,0,0,0,0,0,0
78.598884,0,0,0,0,0,1,0,0,0,1,0,1,0,1,0,1,0,0
78.603111,0,0,0,0,0,0,0,1,0,0,0,0,0,0,0,0,0,1
78.616692,1,0,0,0,0,0,0,0,1,0,0,0,1,0,0,0,0,0
78.636623,0,0,0,0,1,0,1,0,0,1,0,1,0,1,0,0,1,0
78.649231,0,0,0,0,0,0,0,1,0,0,0,0,0,0,0,0,0,1
78.650066,0,0,0,0,0,1,0,0,0,0,0,0,0,1,1,0,0,0
78.661543,0,1,1,0,0,0,0,0,0,1,1,0,1,0,0,1,0,0
78.675595,1,0,0,0,0,0,0,0,1,0,0,0,1,0,0,0,0,0
78.686577,0,0,0,0,1,0,1,0,0,1,0,1,0,1,0,0,1,0
78.700715,0,0,0,0,0,1,0,0,0,0,0,0,0,1,1,0,0,0
78.700994,0,0,0,0,0,0,0,1,0,0,0,0,0,0,0,0,0,1
78.707528,0,1,1,0,0,0,0,0,0,1,1,0,1,0,0,1,0,0
78.719382,1,0,0,0,0,0,0,0,1,0,0,0,1,0,0,0,0,0
78.736274,0,0,0,0,1,0,0,0,0,0,0,0,0,0,0,0,0,0
78.740735,0,0,0,0,0,0,1,0,0,1,0,1,0,1,0,0,1,0
78.750721,0,0,0,0,0,1,0,0,0,0,0,0,0,1,1,0,0,0
78.751316,0,0,0,0,0,0,0,1,0,0,0,0,0,0,0,0,0,1
78.764702,0,1,1,0,0,0,0,0,0,1,1,0,1,0,0,1,0,0
78.778105,1,0,0,0,0,0,0,0,1,0,0,0,1,0,0,0,0,0
78.783906,0,0,0,0,1,0,0,0,0,0,0,0,0,0,0,0,0,0
78.798879,0,0,0,0,0,0,0,1,0,0,0,0,0,0,0,0,0,1
78.800825,0,0,0,0,0,1,0,0,0,1,0,1,0,1,0,1,0,0
78.813974,1,0,0,1,0,0,1,0,0,1,1,0,1,1,1,0,1,0
78.836696,0,0,1,0,0,0,0,0,1,0,0,0,1,0,0,0,0,0
78.837191,0,0,0,0,0,0,1,0,0,1,0,1,0,1,0,0,1,0
78.837779,0,0,0,0,1,0,0,0,0,0,0,0,0,0,0,0,0,0
78.847963,0,0,0,0,0,0,0,1,0,0,0,0,0,0,0,0,0,1
78.851328,0,0,0,0,0,1,0,0,0,0,0,0,0,1,1,0,0,0
78.862742,0,1,1,0,0,0,0,0,0,1,1,0,1,0,0,1,0,0
78.878635,0,0,0,0,1,0,0,0,0,0,0,0,0,0,0,0,0,0
78.878894,1,0,0,1,0,0,1,0,0,1,1,0,1,1,1,0,1,0
78.899631,0,0,0,0,0,1,0,0,0,0,0,0,0,1,1,0,0,0
78.899843,0,0,0,0,0,0,0,1,0,0,0,0,0,0,0,0,0,1
78.903228,0,1,1,0,0,0,0,0,0,1,1,0,1,0,0,1,0,0
78.916083,1,0,0,0,0,0,0,0,1,0,0,0,1,0,0,0,0,0
78.938405,0,0,0,0,1,0,1,0,0,1,0,1,0,1,0,0,1,0
78.949359,0,0,0,0,0,1,0,0,0,0,0,0,0,1,1,0,0,0
78.949917,0,0,0,0,0,0,0,1,0,0,0,0,0,0,0,0,0,1
78.964920,0,1,1,0,0,0,0,0,0,1,1,0,1,0,0,1,0,0
78.979962,1,0,0,1,0,0,1,0,0,1,1,0,1,1,1,0,1,0
78.981787,0,0,0,0,1,0,0,0,0,0,0,0,0,0,0,0,0,0
78.999318,0,0,0,0,0,1,0,0,0,0,0,0,0,1,1,0,0,0
79.002350,0,0,0,0,0,0,0,1,0,0,0,0,0,0,0,0,0,1
79.006023,0,1,1,0,0,0,0,0,0,1,1,0,1,0,0,1,0,0
79.016585,1,0,0,0,0,0,0,0,1,0,0,0,1,0,0,0,0,0
79.040433,0,0,0,0,1,0,1,0,0,1,0,1,0,1,0,0,1,0
79.051088,0,0,0,0,0,1,0,0,0,0,0,0,0,1,1,0,0,0
79.053351,0,0,0,0,0,0,0,1,0,0,0,0,0,0,0,0,0,1
79.063656,0,1,1,0,0,0,0,0,0,1,1,0,1,0,0,1,0,0
79.082714,1,0,0,1,0,0,1,0,0,1,1,0,1,1,1,0,1,0
79.092681,0,0,0,0,1,0,0,0,0,0,0,0,0,0,0,0,0,0
79.099937,0,0,0,0,0,1,0,0,0,0,0,0,0,1,1,0,0,0
79.101152,0,0,0,0,0,0,0,1,0,0,0,0,0,0,0,0,0,1
79.103444,0,1,1,0,0,0,0,0,0,1,1,0,1,0,0,1,0,0
79.113919,1,0,0,1,0,0,1,0,0,1,1,0,1,1,1,0,1,0
79.135308,0,0,1,0,0,0,0,0,1,0,0,0,1,0,0,0,0,0
79.136400,0,0,0,0,1,0,0,0,0,0,0,0,0,0,0,0,0,0
79.148097,0,0,0,0,0,0,0,1,0,0,0,0,0,0,0,0,0,1
79.150473,0,0,0,0,0,1,0,0,0,1,0,1,0,1,0,1,0,0
79.160921,1,0,0,0,0,0,0,0,1,0,0,0,1,0,0,0,0,0
79.186673,0,0,0,0,1,0,0,0,0,0,0,0,0,0,0,0,0,0
79.193063,0,0,0,0,0,0,1,0,0,1,0,1,0,1,0,0,1,0
79.200731,0,0,0,0,0,1,0,0,0,0,0,0,0,1,1,0,0,0
79.203141,0,0,0,0,0,0,0,1,0,0,0,0,0,0,0,0,0,1
79.222729,0,1,1,0,0,0,0,0,0,1,1,0,1,0,0,1,0,0
79.236223,0,0,0,0,1,0,0,0,0,0,0,0,0,0,0,0,0,0
79.236297,1,0,0,0,0,0,0,0,1,0,0,0,1,0,0,0,0,0
79.250427,0,0,0,0,0,1,0,0,0,1,0,1,0,1,0,1,0,0
79.250457,0,0,0,0,0,0,1,0,0,0,0,0,0,1,1,0,0,0
79.250487,0,0,0,0,0,0,0,1,0,0,0,0,0,0,0,0,0,1
79.265363,1,0,0,1,0,0,0,0,0,1,1,0,1,0,0,0,1,0
79.287348,0,0,0,0,1,0,0,0,0,0,0,0,0,0,0,0,0,0
79.290629,0,0,1,0,0,0,0,0,1,0,0,0,1,0,0,0,0,0
79.298711,0,0,0,0,0,0,1,1,0,1,0,1,0,1,0,0,1,1
79.299988,0,0,0,0,0,1,0,0,0,0,0,0,0,1,1,0,0,0
79.322177,0,1,1,0,0,0,0,0,0,1,1,0,1,0,0,1,0,0
79.333071,0,0,0,0,1,0,0,0,0,0,0,0,0,0,0,0,0,0
79.338851,1,0,0,0,0,0,0,0,1,0,0,0,1,0,0,0,0,0
79.349873,0,0,0,0,0,1,1,0,0,1,0,1,0,1,0,0,1,0
79.351190,0,0,0,0,0,0,0,1,0,0,0,0,0,0,0,0,0,1
79.378117,0,1,1,0,0,0,0,0,0,1,1,0,1,0,0,1,0,0
79.389311,0,0,0,0,1,0,0,0,0,0,0,0,0,0,0,0,0,0
79.393832,1,0,0,1,0,0,1,0,0,1,1,0,1,1,1,0,1,0
79.397409,0,0,0,0,0,0,0,1,0,0,0,0,0,0,0,0,0,1
79.401558,0,0,0,0,0,1,0,0,0,0,0,0,0,1,1,0,0,0
79.416587,0,1,1,0,0,0,0,0,0,1,1,0,1,0,0,1,0,0
79.429697,1,0,0,1,0,0,1,0,0,1,1,0,1,1,1,0,1,0
79.435043,0,0,0,0,1,0,0,0,0,0,0,0,0,0,0,0,0,0
79.449117,0,0,0,0,0,0,0,1,0,0,0,0,0,0,0,0,0,1
79.450651,0,0,1,0,0,0,0,0,1,0,0,0,1,0,0,0,0,0
79.451970,0,0,0,0,0,1,0,0,0,1,0,1,0,1,0,1,0,0
79.468605,1,0,0,0,0,0,0,0,1,0,0,0,1,0,0,0,0,0
79.488227,0,0,0,0,1,0,1,0,0,1,0,1,0,1,0,0,1,0
79.499359,0,0,0,0,0,1,0,0,0,0,0,0,0,1,1,0,0,0
79.501674,0,0,0,0,0,0,0,1,0,0,0,0,0,0,0,0,0,1
79.508677,0,1,1,0,0,0,0,0,0,1,1,0,1,0,0,1,0,0
79.523371,1,0,0,1,0,0,1,0,0,1,1,0,1,1,1,0,1,0
79.537988,0,0,0,0,1,0,0,0,0,0,0,0,0,0,0,0,0,0
79.550244,0,0,1,0,0,0,0,0,1,0,0,0,1,0,0,0,0,0
79.551771,0,0,0,0,0,1,0,0,0,1,0,1,0,1,0,1,0,0
79.551891,0,0,0,0,0,0,0,1,0,0,0,0,0,0,0,0,0,1
79.562691,1,0,0,0,0,0,0,0,1,0,0,0,1,0,0,0,0,0
79.591873,0,0,0,0,1,0,1,0,0,1,0,1,0,1,0,0,1,0
79.597461,0,0,0,0,0,0,0,1,0,0,0,0,0,0,0,0,0,1
79.600211,0,0,0,0,0,1,0,0,0,0,0,0,0,1,1,0,0,0
79.618481,0,1,1,0,0,0,0,0,0,1,1,0,1,0,0,1,0,0
79.630459,1,0,0,0,0,0,0,0,1,0,0,0,1,0,0,0,0,0
79.637012,0,0,0,0,1,0,0,0,0,0,0,0,0,0,0,0,0,0
79.650914,0,0,0,0,0,1,1,0,0,1,0,1,0,1,0,0,1,0
79.652921,0,0,0,0,0,0,0,1,0,0,0,0,0,0,0,0,0,1
79.678319,0,1,1,0,0,0,0,0,0,1,1,0,1,0,0,1,0,0
79.692445,0,0,0,0,1,0,0,0,0,0,0,0,0,0,0,0,0,0
79.694887,1,0,0,1,0,0,1,0,0,1,1,0,1,1,1,0,1,0
79.698948,0,0,0,0,0,0,0,1,0,0,0,0,0,0,0,0,0,1
79.701953,0,0,0,0,0,1,0,0,0,0,0,0,0,1,1,0,0,0
79.718569,0,1,1,0,0,0,0,0,0,1,1,0,1,0,0,1,0,0
79.729039,1,0,0,1,0,0,1,0,0,1,1,0,1,1,1,0,1,0
79.736518,0,0,0,0,1,0,0,0,0,0,0,0,0,0,0,0,0,0
79.751150,0,0,0,0,0,0,0,1,0,0,0,0,0,0,0,0,0,1
79.751695,0,0,0,0,0,1,0,0,0,0,0,0,0,1,1,0,0,0
79.754684,0,1,1,0,0,0,0,0,0,1,1,0,1,0,0,1,0,0
79.768836,1,0,0,1,0,0,1,0,0,1,1,0,1,1,1,0,1,0
79.786745,0,0,0,0,1,0,0,0,0,0,0,0,0,0,0,0,0,0
79.795410,0,0,1,0,0,0,0,0,1,0,0,0,1,0,0,0,0,0
79.801613,0,0,0,0,0,1,0,0,0,1,0,1,0,1,0,1,0,0
79.803312,0,0,0,0,0,0,0,1,0,0,0,0,0,0,0,0,0,1
79.818248,1,0,0,1,0,0,1,0,0,1,1,0,1,1,1,0,1,0
79.838316,0,0,0,0,1,0,0,0,0,0,0,0,0,0,0,0,0,0
79.840471,0,0,1,0,0,0,0,0,1,0,0,0,1,0,0,0,0,0
79.850775,0,0,0,0,0,1,0,0,0,1,0,1,0,1,0,1,0,0
79.851830,0,0,0,0,0,0,0,1,0,0,0,0,0,0,0,0,0,1
79.863508,1,0,0,1,0,0,1,0,0,1,1,0,1,1,1,0,1,0
79.887432,0,0,1,0,0,0,0,0,1,0,0,0,1,0,0,0,0,0
79.889507,0,0,0,0,1,0,0,0,0,0,0,0,0,0,0,0,0,0
79.899207,0,0,0,0,0,1,0,0,0,1,0,1,0,1,0,1,0,0
79.900498,0,0,0,0,0,0,0,1,0,0,0,0,0,0,0,0,0,1
79.912883,1,0,0,0,0,0,0,0,1,0,0,0,1,0,0,0,0,0
79.922246,0,0,0,0,0,0,1,0,0,1,0,1,0,1,0,0,1,0
79.935790,0,0,0,0,1,0,0,0,0,0,0,0,0,0,0,0,0,0
79.947021,0,0,1,0,0,0,0,0,1,0,0,0,1,0,0,0,0,0
79.948066,0,0,0,0,0,0,0,1,0,0,0,0,0,0,0,0,0,1
79.949362,0,0,0,0,0,1,0,0,0,1,0,1,0,1,0,1,0,0
79.963328,1,0,0,0,0,0,0,0,1,0,0,0,1,0,0,0,0,0
79.967337,0,0,0,0,0,0,1,0,0,1,0,1,0,1,0,0,1,0
79.980372,0,0,0,0,1,0,0,0,0,0,0,0,0,0,0,0,0,0
79.991833,0,0,1,0,0,0,0,0,1,0,0,0,1,0,0,0,0,0
79.996171,0,0,0,0,0,0,0,1,0,0,0,0,0,0,0,0,0,1
79.999036,0,0,0,0,0,1,0,0,0,1,0,1,0,1,0,1,0,0
80.015787,1,0,0,1,0,0,1,0,0,1,1,0,1,1,1,0,1,0
80.028292,0,0,0,0,1,0,0,0,0,0,0,0,0,0,0,0,0,0
80.039788,0,0,1,0,0,0,0,0,1,0,0,0,1,0,0,0,0,0
80.047046,0,0,0,0,0,0,0,1,0,0,0,0,0,0,0,0,0,1
80.050035,0,0,0,0,0,1,0,0,0,1,0,1,0,1,0,1,0,0
80.061906,1,0,0,1,0,0,1,0,0,1,1,0,1,1,1,0,1,0
80.084390,0,0,1,0,0,0,0,0,1,0,0,0,1,0,0,0,0,0
80.085205,0,0,0,0,1,0,0,0,0,0,0,0,0,0,0,0,0,0
80.099104,0,0,0,0,0,1,0,0,0,1,0,1,0,1,0,1,0,0
80.100646,0,0,0,0,0,0,0,1,0,0,0,0,0,0,0,0,0,1
80.115310,1,0,0,1,0,0,1,0,0,1,1,0,1,1,1,0,1,0
80.134830,0,0,0,0,1,0,0,0,0,0,0,0,0,0,0,0,0,0
80.141788,0,0,1,0,0,0,0,0,1,0,0,0,1,0,0,0,0,0
80.148640,0,0,0,0,0,0,0,1,0,0,0,0,0,0,0,0,0,1
80.149252,0,0,0,0,0,1,0,0,0,1,0,1,0,1,0,1,0,0
80.162337,1,0,0,0,0,0,0,0,1,0,0,0,1,0,0,0,0,0
80.184868,0,0,0,0,1,0,0,0,0,0,0,0,0,0,0,0,0,0
80.193730,0,0,0,0,0,0,1,0,0,1,0,1,0,1,0,0,1,0
80.197604,0,0,0,0,0,0,0,1,0,0,0,0,0,0,0,0,0,1
80.200787,0,0,0,0,0,1,0,0,0,0,0,0,0,1,1,0,0,0
80.215779,0,1,1,0,0,0,0,0,0,1,1,0,1,0,0,1,0,0
80.229161,1,0,0,0,0,0,0,0,1,0,0,0,1,0,0,0,0,0
80.231052,0,0,0,0,0,0,1,0,0,1,0,1,0,1,0,0,1,0
80.235531,0,0,0,0,1,0,0,0,0,0,0,0,0,0,0,0,0,0
80.249991,0,0,0,0,0,1,0,0,0,0,0,0,0,1,1,0,0,0
80.252978,0,0,0,0,0,0,0,1,0,0,0,0,0,0,0,0,0,1
80.259074,0,1,1,0,0,0,0,0,0,1,1,0,1,0,0,1,0,0
80.276876,1,0,0,1,0,0,1,0,0,1,1,0,1,1,1,0,1,0
80.288782,0,0,0,0,1,0,0,0,0,0,0,0,0,0,0,0,0,0
80.297453,0,0,0,0,0,0,0,1,0,0,0,0,0,0,0,0,0,1
80.299701,0,0,1,0,0,0,0,0,1,0,0,0,1,0,0,0,0,0
80.300748,0,0,0,0,0,1,0,0,0,1,0,1,0,1,0,1,0,0
80.313962,1,0,0,0,0,0,0,0,1,0,0,0,1,0,0,0,0,0
80.321059,0,0,0,0,0,0,1,0,0,1,0,1,0,1,0,0,1,0
80.335675,0,0,0,0,1,0,0,0,0,0,0,0,0,0,0,0,0,0
80.348456,0,0,1,0,0,0,0,0,1,0,0,0,1,0,0,0,0,0
80.349628,0,0,0,0,0,1,0,0,0,1,0,1,0,1,0,1,0,0
80.351872,0,0,0,0,0,0,0,1,0,0,0,0,0,0,0,0,0,1
80.362768,1,0,0,0,0,0,0,0,1,0,0,0,1,0,0,0,0,0
80.383273,0,0,0,0,0,0,1,0,0,1,0,1,0,1,0,0,1,0
80.389234,0,0,0,0,1,0,0,0,0,0,0,0,0,0,0,0,0,0
80.398758,0,0,0,0,0,1,0,0,0,0,0,0,0,1,1,0,0,0
80.402532,0,0,0,0,0,0,0,1,0,0,0,0,0,0,0,0,0,1
80.406910,0,1,1,0,0,0,0,0,0,1,1,0,1,0,0,1,0,0
80.423024,1,0,0,0,0,0,0,0,1,0,0,0,1,0,0,0,0,0
80.428800,0,0,0,0,0,0,1,0,0,1,0,1,0,1,0,0,1,0
80.434819,0,0,0,0,1,0,0,0,0,0,0,0,0,0,0,0,0,0
80.447213,0,0,0,0,0,0,0,1,0,0,0,0,0,0,0,0,0,1
80.450300,0,0,0,0,0,1,0,0,0,0,0,0,0,1,1,0,0,0
80.456169,0,1,1,0,0,0,0,0,0,1,1,0,1,0,0,1,0,0
80.471380,1,0,0,1,0,0,1,0,0,1,1,0,1,1,1,0,1,0
80.485740,0,0,0,0,1,0,0,0,0,0,0,0,0,0,0,0,0,0
80.492224,0,0,1,0,0,0,0,0,1,0,0,0,1,0,0,0,0,0
80.499817,0,0,0,0,0,1,0,0,0,1,0,1,0,1,0,1,0,0
80.501863,0,0,0,0,0,0,0,1,0,0,0,0,0,0,0,0,0,1
80.519762,1,0,0,0,0,0,0,0,1,0,0,0,1,0,0,0,0,0
80.521608,0,0,0,0,0,0,1,0,0,1,0,1,0,1,0,0,1,0
80.532761,0,0,0,0,1,0,0,0,0,0,0,0,0,0,0,0,0,0
80.544654,0,0,1,0,0,0,0,0,1,0,0,0,1,0,0,0,0,0
80.549994,0,0,0,0,0,1,0,0,0,1,0,1,0,1,0,1,0,0
80.552379,0,0,0,0,0,0,0,1,0,0,0,0,0,0,0,0,0,1
80.567797,1,0,0,1,0,0,1,0,0,1,1,0,1,1,1,0,1,0
80.588041,0,0,1,0,0,0,0,0,1,0,0,0,1,0,0,0,0,0
80.592076,0,0,0,0,1,0,0,0,0,0,0,0,0,0,0,0,0,0
80.599320,0,0,0,0,0,1,0,0,0,1,0,1,0,1,0,1,0,0
80.601845,0,0,0,0,0,0,0,1,0,0,0,0,0,0,0,0,0,1
80.612865,1,0,0,0,0,0,0,0,1,0,0,0,1,0,0,0,0,0
80.617921,0,0,0,0,0,0,1,0,0,1,0,1,0,1,0,0,1,0
80.636656,0,0,0,0,1,0,0,0,0,0,0,0,0,0,0,0,0,0
80.641514,0,0,1,0,0,0,0,0,1,0,0,0,1,0,0,0,0,0
80.646022,0,0,0,0,0,0,0,1,0,0,0,0,0,0,0,0,0,1
80.650243,0,0,0,0,0,1,0,0,0,1,0,1,0,1,0,1,0,0
80.667184,1,0,0,1,0,0,1,0,0,1,1,0,1,1,1,0,1,0
80.683770,0,0,0,0,1,0,0,0,0,0,0,0,0,0,0,0,0,0
80.696196,0,0,1,0,0,0,0,0,1,0,0,0,1,0,0,0,0,0
80.698364,0,0,0,0,0,1,0,0,0,1,0,1,0,1,0,1,0,0
80.700638,0,0,0,0,0,0,0,1,0,0,0,0,0,0,0,0,0,1
80.714050,1,0,0,0,0,0,0,0,1,0,0,0,1,0,0,0,0,0
80.737532,0,0,0,0,1,0,1,0,0,1,0,1,0,1,0,0,1,0
80.748882,0,0,0,0,0,0,0,1,0,0,0,0,0,0,0,0,0,1
80.748907,0,0,0,0,0,1,0,0,0,0,0,0,0,1,1,0,0,0
80.766243,0,1,1,0,0,0,0,0,0,1,1,0,1,0,0,1,0,0
80.778748,1,0,0,0,0,0,0,0,1,0,0,0,1,0,0,0,0,0
80.783179,0,0,0,0,1,0,0,0,0,0,0,0,0,0,0,0,0,0
80.800134,0,0,0,0,0,1,0,0,0,1,0,1,0,1,0,1,0,0
80.802785,0,0,0,0,0,0,0,1,0,0,0,0,0,0,0,0,0,1
80.806273,0,0,0,0,0,0,1,0,0,0,0,0,0,1,1,0,0,0
80.815778,1,0,0,1,0,0,0,0,0,1,1,0,1,0,0,0,1,0
80.839632,0,0,0,0,1,0,0,0,0,0,0,0,0,0,0,0,0,0
80.842199,0,0,1,0,0,0,0,0,1,0,0,0,1,0,0,0,0,0
80.849496,0,0,0,0,0,1,1,0,0,1,0,1,0,1,0,0,1,0
80.852512,0,0,0,0,0,0,0,1,0,0,0,0,0,0,0,0,0,1
80.871182,0,1,1,0,0,0,0,0,0,1,1,0,1,0,0,1,0,0
80.881378,1,0,0,0,0,0,0,0,1,0,0,0,1,0,0,0,0,0
80.890229,0,0,0,0,1,0,1,0,0,1,0,1,0,1,0,0,1,0
80.896102,0,0,0,0,0,0,0,1,0,0,0,0,0,0,0,0,0,1
80.899498,0,0,0,0,0,1,0,0,0,0,0,0,0,1,1,0,0,0
80.911888,0,1,1,0,0,0,0,0,0,1,1,0,1,0,0,1,0,0
80.925891,1,0,0,0,0,0,0,0,1,0,0,0,1,0,0,0,0,0
80.933646,0,0,0,0,1,0,0,0,0,0,0,0,0,0,0,0,0,0
80.940614,0,0,0,0,0,0,1,0,0,1,0,1,0,1,0,0,1,0
80.950508,0,0,0,0,0,1,0,0,0,0,0,0,0,1,1,0,0,0
80.951180,0,0,0,0,0,0,0,1,0,0,0,0,0,0,0,0,0,1
80.962530,0,1,1,0,0,0,0,0,0,1,1,0,1,0,0,1,0,0
80.980989,1,0,0,0,0,0,0,0,1,0,0,0,1,0,0,0,0,0
80.991127,0,0,0,0,1,0,1,0,0,1,0,1,0,1,0,0,1,0
80.998371,0,0,0,0,0,0,0,1,0,0,0,0,0,0,0,0,0,1
80.998485,0,0,0,0,0,1,0,0,0,0,0,0,0,1,1,0,0,0
81.015796,0,1,1,0,0,0,0,0,0,1,1,0,1,0,0,1,0,0
81.030884,1,0,0,0,0,0,0,0,1,0,0,0,1,0,0,0,0,0
81.035849,0,0,0,0,1,0,0,0,0,0,0,0,0,0,0,0,0,0
81.048686,0,0,0,0,0,1,1,0,0,1,0,1,0,1,0,0,1,0
81.053599,0,0,0,0,0,0,0,1,0,0,0,0,0,0,0,0,0,1
81.071327,0,1,1,0,0,0,0,0,0,1,1,0,1,0,0,1,0,0
81.085877,0,0,0,0,1,0,0,0,0,0,0,0,0,0,0,0,0,0
81.086902,1,0,0,1,0,0,1,0,0,1,1,0,1,1,1,0,1,0
81.097821,0,0,0,0,0,0,0,1,0,0,0,0,0,0,0,0,0,1
81.098343,0,0,0,0,0,1,0,0,0,0,0,0,0,1,1,0,0,0
81.116071,0,1,1,0,0,0,0,0,0,1,1,0,1,0,0,1,0,0
81.132834,1,0,0,0,0,0,0,0,1,0,0,0,1,0,0,0,0,0
81.135869,0,0,0,0,0,0,1,0,0,1,0,1,0,1,0,0,1,0
81.137409,0,0,0,0,1,0,0,0,0,0,0,0,0,0,0,0,0,0
81.150312,0,0,0,0,0,1,0,0,0,0,0,0,0,1,1,0,0,0
81.153823,0,0,0,0,0,0,0,1,0,0,0,0,0,0,0,0,0,1
81.157385,0,1,1,0,0,0,0,0,0,1,1,0,1,0,0,1,0,0
81.173915,1,0,0,1,0,0,1,0,0,1,1,0,1,1,1,0,1,0
81.189217,0,0,0,0,1,0,0,0,0,0,0,0,0,0,0,0,0,0
81.197862,0,0,1,0,0,0,0,0,1,0,0,0,1,0,0,0,0,0
81.198735,0,0,0,0,0,1,0,0,0,1,0,1,0,1,0,1,0,0
81.201853,0,0,0,0,0,0,0,1,0,0,0,0,0,0,0,0,0,1
81.213001,1,0,0,0,0,0,0,0,1,0,0,0,1,0,0,0,0,0
81.235710,0,0,0,0,0,0,1,0,0,1,0,1,0,1,0,0,1,0
81.240519,0,0,0,0,1,0,0,0,0,0,0,0,0,0,0,0,0,0
81.250312,0,0,0,0,0,1,0,0,0,0,0,0,0,1,1,0,0,0
81.250615,0,0,0,0,0,0,0,1,0,0,0,0,0,0,0,0,0,1
81.258745,0,1,1,0,0,0,0,0,0,1,1,0,1,0,0,1,0,0
81.275270,1,0,0,1,0,0,1,0,0,1,1,0,1,1,1,0,1,0
81.280718,0,0,0,0,1,0,0,0,0,0,0,0,0,0,0,0,0,0
81.296946,0,0,0,0,0,0,0,1,0,0,0,0,0,0,0,0,0,1
81.298804,0,0,0,0,0,1,0,0,0,0,0,0,0,1,1,0,0,0
81.301151,0,1,1,0,0,0,0,0,0,1,1,0,1,0,0,1,0,0
81.316120,1,0,0,1,0,0,1,0,0,1,1,0,1,1,1,0,1,0
81.333340,0,0,0,0,1,0,0,0,0,0,0,0,0,0,0,0,0,0
81.340051,0,0,1,0,0,0,0,0,1,0,0,0,1,0,0,0,0,0
81.347902,0,0,0,0,0,0,0,1,0,0,0,0,0,0,0,0,0,1
81.350679,0,0,0,0,0,1,0,0,0,1,0,1,0,1,0,1,0,0
81.368527,1,0,0,1,0,0,1,0,0,1,1,0,1,1,1,0,1,0
81.385123,0,0,0,0,1,0,0,0,0,0,0,0,0,0,0,0,0,0
81.392477,0,0,1,0,0,0,0,0,1,0,0,0,1,0,0,0,0,0
81.398490,0,0,0,0,0,1,0,0,0,1,0,1,0,1,0,1,0,0
81.398885,0,0,0,0,0,0,0,1,0,0,0,0,0,0,0,0,0,1
81.415886,1,0,0,0,0,0,0,0,1,0,0,0,1,0,0,0,0,0
81.436348,0,0,0,0,1,0,1,0,0,1,0,1,0,1,0,0,1,0
81.449101,0,0,0,0,0,1,0,0,0,0,0,0,0,1,1,0,0,0
81.452352,0,0,0,0,0,0,0,1,0,0,0,0,0,0,0,0,0,1
81.460161,0,1,1,0,0,0,0,0,0,1,1,0,1,0,0,1,0,0
81.475533,1,0,0,1,0,0,1,0,0,1,1,0,1,1,1,0,1,0
81.492081,0,0,0,0,1,0,0,0,0,0,0,0,0,0,0,0,0,0
81.496878,0,0,0,0,0,0,0,1,0,0,0,0,0,0,0,0,0,1
81.498779,0,0,1,0,0,0,0,0,1,0,0,0,1,0,0,0,0,0
81.499889,0,0,0,0,0,1,0,0,0,1,0,1,0,1,0,1,0,0
81.511963,1,0,0,0,0,0,0,0,1,0,0,0,1,0,0,0,0,0
81.533821,0,0,0,0,1,0,0,0,0,0,0,0,0,0,0,0,0,0
81.550521,0,0,0,0,0,1,1,0,0,1,0,1,0,1,0,1,0,0
81.552291,0,0,0,0,0,0,0,1,0,0,0,0,0,0,0,0,0,1
81.565724,1,0,0,1,0,0,1,0,0,1,1,0,1,1,1,0,1,0
81.588344,0,0,1,1,0,0,0,0,0,1,1,0,1,0,0,0,1,0
81.589820,0,0,0,0,1,0,0,0,0,0,0,0,0,0,0,0,0,0
81.598566,0,0,0,0,0,1,0,0,0,0,0,0,0,1,1,0,0,0
81.600945,0,0,0,0,0,0,0,1,0,0,0,0,0,0,0,0,0,1
81.612540,0,1,1,0,0,0,0,0,0,1,1,0,1,0,0,1,0,0
81.626177,1,0,0,1,0,0,1,0,0,1,1,0,1,1,1,0,1,0
81.639056,0,0,0,0,1,0,0,0,0,0,0,0,0,0,0,0,0,0
81.649215,0,0,1,0,0,0,0,0,1,0,0,0,1,0,0,0,0,0
81.650051,0,0,0,0,0,1,0,0,0,1,0,1,0,1,0,1,0,0
81.650054,0,0,0,0,0,0,0,1,0,0,0,0,0,0,0,0,0,1
81.661509,1,0,0,0,0,0,0,0,1,0,0,0,1,0,0,0,0,0
81.683993,0,0,0,0,1,0,0,0,0,0,0,0,0,0,0,0,0,0
81.692021,0,0,0,0,0,0,1,0,0,1,0,1,0,1,0,0,1,0
81.697446,0,0,0,0,0,0,0,1,0,0,0,0,0,0,0,0,0,1
81.700863,0,0,0,0,0,1,0,0,0,0,0,0,0,1,1,0,0,0
81.713960,0,1,1,0,0,0,0,0,0,1,1,0,1,0,0,1,0,0
81.725790,1,0,0,0,0,0,0,0,1,0,0,0,1,0,0,0,0,0
81.732835,0,0,0,0,0,0,1,0,0,1,0,1,0,1,0,0,1,0
81.736481,0,0,0,0,1,0,0,0,0,0,0,0,0,0,0,0,0,0
81.750426,0,0,0,0,0,0,0,1,0,0,0,0,0,0,0,0,0,1
81.751443,0,0,0,0,0,1,0,0,0,0,0,0,0,1,1,0,0,0
81.756665,0,1,1,0,0,0,0,0,0,1,1,0,1,0,0,1,0,0
81.767727,1,0,0,0,0,0,0,0,1,0,0,0,1,0,0,0,0,0
81.786757,0,0,0,0,1,0,1,0,0,1,0,1,0,1,0,0,1,0
81.800266,0,0,0,0,0,0,0,1,0,0,0,0,0,0,0,0,0,1
81.800734,0,0,0,0,0,1,0,0,0,0,0,0,0,1,1,0,0,0
81.813727,0,1,1,0,0,0,0,0,0,1,1,0,1,0,0,1,0,0
81.825233,1,0,0,1,0,0,1,0,0,1,1,0,1,1,1,0,1,0
81.837230,0,0,0,0,1,0,0,0,0,0,0,0,0,0,0,0,0,0
81.849709,0,0,0,0,0,0,0,1,0,0,0,0,0,0,0,0,0,1
81.851146,0,0,0,0,0,1,0,0,0,0,0,0,0,1,1,0,0,0
81.854743,0,1,1,0,0,0,0,0,0,1,1,0,1,0,0,1,0,0
81.871822,1,0,0,1,0,0,1,0,0,1,1,0,1,1,1,0,1,0
81.886730,0,0,0,0,1,0,0,0,0,0,0,0,0,0,0,0,0,0
81.893533,0,0,1,0,0,0,0,0,1,0,0,0,1,0,0,0,0,0
81.899596,0,0,0,0,0,0,0,1,0,0,0,0,0,0,0,0,0,1
81.900703,0,0,0,0,0,1,0,0,0,1,0,1,0,1,0,1,0,0
81.912358,1,0,0,0,0,0,0,0,1,0,0,0,1,0,0,0,0,0
81.934519,0,0,0,0,1,0,1,0,0,1,0,1,0,1,0,0,1,0
81.948750,0,0,0,0,0,1,0,0,0,0,0,0,0,1,1,0,0,0
81.949706,0,0,0,0,0,0,0,1,0,0,0,0,0,0,0,0,0,1
81.963848,0,1,1,0,0,0,0,0,0,1,1,0,1,0,0,1,0,0
81.976093,1,0,0,1,0,0,1,0,0,1,1,0,1,1,1,0,1,0
81.987843,0,0,0,0,1,0,0,0,0,0,0,0,0,0,0,0,0,0
81.998197,0,0,1,0,0,0,0,0,1,0,0,0,1,0,0,0,0,0
81.999409,0,0,0,0,0,1,0,0,0,1,0,1,0,1,0,1,0,0
82.000932,0,0,0,0,0,0,0,1,0,0,0,0,0,0,0,0,0,1
82.010234,1,0,0,0,0,0,0,0,1,0,0,0,1,0,0,0,0,0
82.032584,0,0,0,0,0,0,1,0,0,1,0,1,0,1,0,0,1,0
82.035109,0,0,0,0,1,0,0,0,0,0,0,0,0,0,0,0,0,0
82.048445,0,0,0,0,0,1,0,0,0,0,0,0,0,1,1,0,0,0
82.052540,0,0,0,0,0,0,0,1,0,0,0,0,0,0,0,0,0,1
82.054599,0,1,1,0,0,0,0,0,0,1,1,0,1,0,0,1,0,0
82.071493,1,0,0,1,0,0,1,0,0,1,1,0,1,1,1,0,1,0
82.085186,0,0,0,0,1,0,0,0,0,0,0,0,0,0,0,0,0,0
82.092950,0,0,1,0,0,0,0,0,1,0,0,0,1,0,0,0,0,0
82.098591,0,0,0,0,0,0,0,1,0,0,0,0,0,0,0,0,0,1
82.099035,0,0,0,0,0,1,0,0,0,1,0,1,0,1,0,1,0,0
82.110124,1,0,0,1,0,0,1,0,0,1,1,0,1,1,1,0,1,0
82.133452,0,0,0,0,1,0,0,0,0,0,0,0,0,0,0,0,0,0
82.133651,0,0,1,0,0,0,0,0,1,0,0,0,1,0,0,0,0,0
82.149626,0,0,0,0,0,0,0,1,0,0,0,0,0,0,0,0,0,1
82.149846,0,0,0,0,0,1,0,0,0,1,0,1,0,1,0,1,0,0
82.159960,1,0,0,1,0,0,1,0,0,1,1,0,1,1,1,0,1,0
82.184035,0,0,0,0,1,0,0,0,0,0,0,0,0,0,0,0,0,0
82.184796,0,0,1,0,0,0,0,0,1,0,0,0,1,0,0,0,0,0
82.197194,0,0,0,0,0,0,0,1,0,0,0,0,0,0,0,0,0,1
82.198594,0,0,0,0,0,1,0,0,0,1,0,1,0,1,0,1,0,0
82.209173,1,0,0,1,0,0,1,0,0,1,1,0,1,1,1,0,1,0
82.230234,0,0,1,0,0,0,0,0,1,0,0,0,1,0,0,0,0,0
82.235454,0,0,0,0,1,0,0,0,0,0,0,0,0,0,0,0,0,0
82.248098,0,0,0,0,0,1,0,0,0,1,0,1,0,1,0,1,0,0
82.250621,0,0,0,0,0,0,0,1,0,0,0,0,0,0,0,0,0,1
82.263408,1,0,0,1,0,0,1,0,0,1,1,0,1,1,1,0,1,0
82.283728,0,0,1,0,0,0,0,0,1,0,0,0,1,0,0,0,0,0
82.287357,0,0,0,0,1,0,0,0,0,0,0,0,0,0,0,0,0,0
82.299055,0,0,0,0,0,0,0,1,0,0,0,0,0,0,0,0,0,1
82.301303,0,0,0,0,0,1,0,0,0,1,0,1,0,1,0,1,0,0
82.312315,1,0,0,1,0,0,1,0,0,1,1,0,1,1,1,0,1,0
82.332685,0,0,0,0,1,0,0,0,0,0,0,0,0,0,0,0,0,0
82.336146,0,0,1,0,0,0,0,0,1,0,0,0,1,0,0,0,0,0
82.349974,0,0,0,0,0,1,0,0,0,1,0,1,0,1,0,1,0,0
82.353901,0,0,0,0,0,0,0,1,0,0,0,0,0,0,0,0,0,1
82.362452,1,0,0,0,0,0,0,0,1,0,0,0,1,0,0,0,0,0
82.392771,0,0,0,0,1,0,0,0,0,0,0,0,0,0,0,0,0,0
82.399827,0,0,0,0,0,1,0,0,0,1,0,1,0,1,0,1,0,0
82.399944,0,0,0,0,0,0,1,0,0,0,0,0,0,1,1,0,0,0
82.400061,0,0,0,0,0,0,0,1,0,0,0,0,0,0,0,0,0,1
82.414698,1,0,0,1,0,0,0,0,0,1,1,0,1,0,0,0,1,0
82.436741,0,0,0,0,1,0,1,0,0,0,0,0,0,1,1,0,0,0
82.438237,0,0,1,1,0,0,0,0,0,1,1,0,1,0,0,0,1,0
82.446367,0,0,0,0,0,0,0,1,0,0,0,0,0,0,0,0,0,1
82.451108,0,0,0,0,0,1,0,0,0,0,0,0,0,1,1,0,0,0
82.467862,0,1,1,0,0,0,0,0,0,1,1,0,1,0,0,1,0,0
82.479245,0,0,0,0,1,0,0,0,0,0,0,0,0,0,0,0,0,0
82.482549,1,0,0,1,0,0,1,0,0,1,1,0,1,1,1,0,1,0
82.498241,0,0,0,0,0,0,0,1,0,0,0,0,0,0,0,0,0,1
82.499714,0,0,0,0,0,1,0,0,0,0,0,0,0,1,1,0,0,0
82.512033,0,1,1,0,0,0,0,0,0,1,1,0,1,0,0,1,0,0
82.526253,1,0,0,1,0,0,1,0,0,1,1,0,1,1,1,0,1,0
82.531923,0,0,0,0,1,0,0,0,0,0,0,0,0,0,0,0,0,0
82.549944,0,0,1,0,0,0,0,0,1,0,0,0,1,0,0,0,0,0
82.551218,0,0,0,0,0,1,0,0,0,1,0,1,0,1,0,1,0,0
82.553826,0,0,0,0,0,0,0,1,0,0,0,0,0,0,0,0,0,1
82.562713,1,0,0,0,0,0,0,0,1,0,0,0,1,0,0,0,0,0
82.592128,0,0,0,0,1,0,1,0,0,1,0,1,0,1,0,0,1,0
82.596611,0,0,0,0,0,0,0,1,0,0,0,0,0,0,0,0,0,1
82.601181,0,0,0,0,0,1,0,0,0,0,0,0,0,1,1,0,0,0
82.619801,0,1,1,0,0,0,0,0,0,1,1,0,1,0,0,1,0,0
82.633908,0,0,0,0,1,0,0,0,0,0,0,0,0,0,0,0,0,0
82.636007,1,0,0,1,0,0,1,0,0,1,1,0,1,1,1,0,1,0
82.648586,0,0,0,0,0,1,0,0,0,0,0,0,0,1,1,0,0,0
82.652000,0,0,0,0,0,0,0,1,0,0,0,0,0,0,0,0,0,1
82.659582,0,1,1,0,0,0,0,0,0,1,1,0,1,0,0,1,0,0
82.670433,1,0,0,1,0,0,1,0,0,1,1,0,1,1,1,0,1,0
82.688748,0,0,0,0,1,0,0,0,0,0,0,0,0,0,0,0,0,0
82.695168,0,0,1,0,0,0,0,0,1,0,0,0,1,0,0,0,0,0
82.698839,0,0,0,0,0,0,0,1,0,0,0,0,0,0,0,0,0,1
82.700928,0,0,0,0,0,1,0,0,0,1,0,1,0,1,0,1,0,0
82.717381,1,0,0,0,0,0,0,0,1,0,0,0,1,0,0,0,0,0
82.733750,0,0,0,0,0,0,1,0,0,1,0,1,0,1,0,0,1,0
82.738481,0,0,0,0,1,0,0,0,0,0,0,0,0,0,0,0,0,0
82.749773,0,0,0,0,0,0,0,1,0,0,0,0,0,0,0,0,0,1
82.750347,0,0,0,0,0,1,0,0,0,0,0,0,0,1,1,0,0,0
82.757515,0,1,1,0,0,0,0,0,0,1,1,0,1,0,0,1,0,0
82.771303,1,0,0,1,0,0,1,0,0,1,1,0,1,1,1,0,1,0
82.785024,0,0,0,0,1,0,0,0,0,0,0,0,0,0,0,0,0,0
82.792520,0,0,1,0,0,0,0,0,1,0,0,0,1,0,0,0,0,0
82.799510,0,0,0,0,0,1,0,0,0,1,0,1,0,1,0,1,0,0
82.800608,0,0,0,0,0,0,0,1,0,0,0,0,0,0,0,0,0,1
82.816835,1,0,0,0,0,0,0,0,1,0,0,0,1,0,0,0,0,0
82.835622,0,0,0,0,1,0,1,0,0,1,0,1,0,1,0,0,1,0
82.849244,0,0,0,0,0,1,0,0,0,0,0,0,0,1,1,0,0,0
82.850799,0,0,0,0,0,0,0,1,0,0,0,0,0,0,0,0,0,1
82.858538,0,1,1,0,0,0,0,0,0,1,1,0,1,0,0,1,0,0
82.875125,1,0,0,0,0,0,0,0,1,0,0,0,1,0,0,0,0,0
82.881419,0,0,0,0,1,0,1,0,0,1,0,1,0,1,0,0,1,0
82.901113,0,0,0,0,0,1,0,0,0,0,0,0,0,1,1,0,0,0
82.901721,0,1,1,0,0,0,0,0,0,1,1,0,1,0,0,1,0,0
82.901761,0,0,0,0,0,0,0,1,0,0,0,0,0,0,0,0,0,1
82.920751,1,0,0,0,0,0,0,0,1,0,0,0,1,0,0,0,0,0
82.940662,0,0,0,0,1,0,0,0,0,0,0,0,0,0,0,0,0,0
82.950597,0,0,0,0,0,1,1,0,0,1,0,1,0,1,0,1,0,0
82.953507,0,0,0,0,0,0,0,1,0,0,0,0,0,0,0,0,0,1
82.960802,1,0,0,1,0,0,1,0,0,1,1,0,1,1,1,0,1,0
82.983936,0,0,1,1,0,0,0,0,0,1,1,0,1,0,0,0,1,0
82.986587,0,0,0,0,1,0,0,0,0,0,0,0,0,0,0,0,0,0
83.000476,0,0,0,0,0,1,0,0,0,0,0,0,0,1,1,0,0,0
83.003509,0,0,0,0,0,0,0,1,0,0,0,0,0,0,0,0,0,1
83.005214,0,1,1,0,0,0,0,0,0,1,1,0,1,0,0,1,0,0
83.015299,1,0,0,0,0,0,0,0,1,0,0,0,1,0,0,0,0,0
83.042111,0,0,0,0,1,0,1,0,0,1,0,1,0,1,0,0,1,0
83.047370,0,0,0,0,0,0,0,1,0,0,0,0,0,0,0,0,0,1
83.049608,0,0,0,0,0,1,0,0,0,0,0,0,0,1,1,0,0,0
83.066904,0,1,1,0,0,0,0,0,0,1,1,0,1,0,0,1,0,0
83.082656,1,0,0,1,0,0,1,0,0,1,1,0,1,1,1,0,1,0
83.084032,0,0,0,0,1,0,0,0,0,0,0,0,0,0,0,0,0,0
83.099565,0,0,0,0,0,1,0,0,0,0,0,0,0,1,1,0,0,0
83.100870,0,0,0,0,0,0,0,1,0,0,0,0,0,0,0,0,0,1
83.109088,0,1,1,0,0,0,0,0,0,1,1,0,1,0,0,1,0,0
83.121279,1,0,0,1,0,0,1,0,0,1,1,0,1,1,1,0,1,0
83.140546,0,0,0,0,1,0,0,0,0,0,0,0,0,0,0,0,0,0
83.145088,0,0,1,0,0,0,0,0,1,0,0,0,1,0,0,0,0,0
83.148842,0,0,0,0,0,0,0,1,0,0,0,0,0,0,0,0,0,1
83.151320,0,0,0,0,0,1,0,0,0,1,0,1,0,1,0,1,0,0
83.162198,1,0,0,0,0,0,0,0,1,0,0,0,1,0,0,0,0,0
83.179255,0,0,0,0,1,0,0,0,0,0,0,0,0,0,0,0,0,0
83.199815,0,0,0,0,0,1,0,0,0,1,0,1,0,1,0,1,0,0
83.203448,0,0,0,0,0,0,1,1,0,0,0,0,0,1,1,0,0,1
83.216536,1,0,0,1,0,0,1,0,0,1,1,0,1,1,1,0,1,0
83.238506,0,0,0,0,1,0,0,0,0,0,0,0,0,0,0,0,0,0
83.238908,0,0,1,1,0,0,0,0,0,1,1,0,1,0,0,0,1,0
83.250578,0,0,0,0,0,1,0,0,0,0,0,0,0,1,1,0,0,0
83.252497,0,0,0,0,0,0,0,1,0,0,0,0,0,0,0,0,0,1
83.263684,0,1,1,0,0,0,0,0,0,1,1,0,1,0,0,1,0,0
83.277272,1,0,0,1,0,0,1,0,0,1,1,0,1,1,1,0,1,0
83.291213,0,0,0,0,1,0,0,0,0,0,0,0,0,0,0,0,0,0
83.298081,0,0,0,0,0,1,0,0,0,0,0,0,0,1,1,0,0,0
83.299725,0,0,0,0,0,0,0,1,0,0,0,0,0,0,0,0,0,1
83.306606,0,1,1,0,0,0,0,0,0,1,1,0,1,0,0,1,0,0
83.318809,1,0,0,0,0,0,0,0,1,0,0,0,1,0,0,0,0,0
83.327606,0,0,0,0,0,0,1,0,0,1,0,1,0,1,0,0,1,0
83.333537,0,0,0,0,1,0,0,0,0,0,0,0,0,0,0,0,0,0
83.350775,0,0,0,0,0,0,0,1,0,0,0,0,0,0,0,0,0,1
83.351030,0,0,0,0,0,1,0,0,0,0,0,0,0,1,1,0,0,0
83.352323,0,1,1,0,0,0,0,0,0,1,1,0,1,0,0,1,0,0
83.369458,1,0,0,1,0,0,1,0,0,1,1,0,1,1,1,0,1,0
83.387320,0,0,0,0,1,0,0,0,0,0,0,0,0,0,0,0,0,0
83.398438,0,0,1,0,0,0,0,0,1,0,0,0,1,0,0,0,0,0
83.399742,0,0,0,0,0,1,0,0,0,1,0,1,0,1,0,1,0,0
83.400459,0,0,0,0,0,0,0,1,0,0,0,0,0,0,0,0,0,1
83.418181,1,0,0,0,0,0,0,0,1,0,0,0,1,0,0,0,0,0
83.431951,0,0,0,0,1,0,0,0,0,0,0,0,0,0,0,0,0,0
83.448567,0,0,0,0,0,0,1,1,0,1,0,1,0,1,0,0,1,1
83.449064,0,0,0,0,0,1,0,0,0,0,0,0,0,1,1,0,0,0
83.470635,0,1,1,0,0,0,0,0,0,1,1,0,1,0,0,1,0,0
83.487252,0,0,0,0,1,0,0,0,0,0,0,0,0,0,0,0,0,0
83.490201,1,0,0,0,0,0,0,0,1,0,0,0,1,0,0,0,0,0
83.496582,0,0,0,0,0,0,0,1,0,0,0,0,0,0,0,0,0,1
83.499084,0,0,0,0,0,1,0,0,0,1,0,1,0,1,0,1,0,0
83.503053,0,0,0,0,0,0,1,0,0,0,0,0,0,1,1,0,0,0
83.515707,1,0,0,1,0,0,1,0,0,1,1,0,1,1,1,0,1,0
83.530418,0,0,0,0,1,0,0,0,0,0,0,0,0,0,0,0,0,0
83.542332,0,0,1,1,0,0,0,0,0,1,1,0,1,0,0,0,1,0
83.549240,0,0,0,0,0,1,0,0,0,0,0,0,0,1,1,0,0,0
83.553735,0,0,0,0,0,0,0,1,0,0,0,0,0,0,0,0,0,1
83.569159,0,1,1,0,0,0,0,0,0,1,1,0,1,0,0,1,0,0
83.581390,1,0,0,0,0,0,0,0,1,0,0,0,1,0,0,0,0,0
83.586148,0,0,0,0,0,0,1,0,0,1,0,1,0,1,0,0,1,0
83.590906,0,0,0,0,1,0,0,0,0,0,0,0,0,0,0,0,0,0
83.597934,0,0,0,0,0,0,0,1,0,0,0,0,0,0,0,0,0,1
83.599658,0,0,0,0,0,1,0,0,0,0,0,0,0,1,1,0,0,0
83.610888,0,1,1,0,0,0,0,0,0,1,1,0,1,0,0,1,0,0
83.625333,1,0,0,0,0,0,0,0,1,0,0,0,1,0,0,0,0,0
83.634519,0,0,0,0,1,0,0,0,0,0,0,0,0,0,0,0,0,0
83.640757,0,0,0,0,0,0,1,0,0,1,0,1,0,1,0,0,1,0
83.650373,0,0,0,0,0,1,0,0,0,0,0,0,0,1,1,0,0,0
83.652226,0,0,0,0,0,0,0,1,0,0,0,0,0,0,0,0,0,1
83.670512,0,1,1,0,0,0,0,0,0,1,1,0,1,0,0,1,0,0
83.687702,1,0,0,0,0,0,0,0,1,0,0,0,1,0,0,0,0,0
83.689943,0,0,0,0,1,0,0,0,0,0,0,0,0,0,0,0,0,0
83.699562,0,0,0,0,0,1,0,0,0,1,0,1,0,1,0,1,0,0
83.699932,0,0,0,0,0,0,1,1,0,0,0,0,0,1,1,0,0,1
83.716042,1,0,0,1,0,0,1,0,0,1,1,0,1,1,1,0,1,0
83.739358,0,0,0,0,1,0,0,0,0,0,0,0,0,0,0,0,0,0
83.742720,0,0,1,1,0,0,0,0,0,1,1,0,1,0,0,0,1,0
83.746036,0,0,0,0,0,0,0,1,0,0,0,0,0,0,0,0,0,1
83.749096,0,0,0,0,0,1,0,0,0,0,0,0,0,1,1,0,0,0
83.766218,0,1,1,0,0,0,0,0,0,1,1,0,1,0,0,1,0,0
83.783833,0,0,0,0,1,0,0,0,0,0,0,0,0,0,0,0,0,0
83.785460,1,0,0,1,0,0,1,0,0,1,1,0,1,1,1,0,1,0
83.797300,0,0,0,0,0,0,0,1,0,0,0,0,0,0,0,0,0,1
83.800092,0,0,0,0,0,1,0,0,0,0,0,0,0,1,1,0,0,0
83.811226,0,1,1,0,0,0,0,0,0,1,1,0,1,0,0,1,0,0
83.828322,1,0,0,0,0,0,0,0,1,0,0,0,1,0,0,0,0,0
83.831173,0,0,0,0,1,0,1,0,0,1,0,1,0,1,0,0,1,0
83.850604,0,0,0,0,0,0,0,1,0,0,0,0,0,0,0,0,0,1
83.851337,0,0,1,0,0,0,0,0,1,0,0,0,1,0,0,0,0,0
83.851459,0,0,0,0,0,1,0,0,0,1,0,1,0,1,0,1,0,0
83.866468,1,0,0,1,0,0,1,0,0,1,1,0,1,1,1,0,1,0
83.888502,0,0,0,0,1,0,0,0,0,0,0,0,0,0,0,0,0,0
83.891537,0,0,1,0,0,0,0,0,1,0,0,0,1,0,0,0,0,0
83.898716,0,0,0,0,0,0,0,1,0,0,0,0,0,0,0,0,0,1
83.900102,0,0,0,0,0,1,0,0,0,1,0,1,0,1,0,1,0,0
83.912146,1,0,0,0,0,0,0,0,1,0,0,0,1,0,0,0,0,0
83.930863,0,0,0,0,1,0,1,0,0,1,0,1,0,1,0,0,1,0
83.948591,0,0,0,0,0,1,0,0,0,0,0,0,0,1,1,0,0,0
83.951196,0,0,0,0,0,0,0,1,0,0,0,0,0,0,0,0,0,1
83.952360,0,1,1,0,0,0,0,0,0,1,1,0,1,0,0,1,0,0
83.966420,1,0,0,1,0,0,1,0,0,1,1,0,1,1,1,0,1,0
83.983993,0,0,0,0,1,0,0,0,0,0,0,0,0,0,0,0,0,0
83.990129,0,0,1,0,0,0,0,0,1,0,0,0,1,0,0,0,0,0
84.000647,0,0,0,0,0,1,0,0,0,1,0,1,0,1,0,1,0,0
84.001651,0,0,0,0,0,0,0,1,0,0,0,0,0,0,0,0,0,1
84.019788,1,0,0,0,0,0,0,0,1,0,0,0,1,0,0,0,0,0
84.037029,0,0,0,0,1,0,0,0,0,0,0,0,0,0,0,0,0,0
84.048347,0,0,0,0,0,0,0,1,0,0,0,0,0,0,0,0,0,1
84.049739,0,0,0,0,0,0,1,0,0,1,0,1,0,1,0,0,1,0
84.050896,0,0,0,0,0,1,0,0,0,0,0,0,0,1,1,0,0,0
84.079350,0,1,1,0,0,0,0,0,0,1,1,0,1,0,0,1,0,0
84.086057,0,0,0,0,1,0,0,0,0,0,0,0,0,0,0,0,0,0
84.093817,1,0,0,1,0,0,1,0,0,1,1,0,1,1,1,0,1,0
84.097894,0,0,0,0,0,0,0,1,0,0,0,0,0,0,0,0,0,1
84.099468,0,0,0,0,0,1,0,0,0,0,0,0,0,1,1,0,0,0
84.122474,0,1,1,0,0,0,0,0,0,1,1,0,1,0,0,1,0,0
84.136222,0,0,0,0,1,0,0,0,0,0,0,0,0,0,0,0,0,0
84.142060,1,0,0,0,0,0,0,0,1,0,0,0,1,0,0,0,0,0
84.149324,0,0,0,0,0,1,1,0,0,1,0,1,0,1,0,1,0,0
84.153824,0,0,0,0,0,0,0,1,0,0,0,0,0,0,0,0,0,1
84.161894,1,0,0,1,0,0,0,0,0,1,1,0,1,0,0,0,1,0
84.186618,0,0,1,0,0,0,0,0,1,0,0,0,1,0,0,0,0,0
84.187112,0,0,0,0,0,0,1,0,0,1,0,1,0,1,0,0,1,0
84.187606,0,0,0,0,1,0,0,0,0,0,0,0,0,0,0,0,0,0
84.201293,0,0,0,0,0,0,0,1,0,0,0,0,0,0,0,0,0,1
84.201677,0,0,0,0,0,1,0,0,0,0,0,0,0,1,1,0,0,0
84.209360,0,1,1,0,0,0,0,0,0,1,1,0,1,0,0,1,0,0
84.219749,1,0,0,1,0,0,1,0,0,1,1,0,1,1,1,0,1,0
84.240167,0,0,0,0,1,0,0,0,0,0,0,0,0,0,0,0,0,0
84.243067,0,0,1,0,0,0,0,0,1,0,0,0,1,0,0,0,0,0
84.249668,0,0,0,0,0,1,0,0,0,1,0,1,0,1,0,1,0,0
84.253468,0,0,0,0,0,0,0,1,0,0,0,0,0,0,0,0,0,1
84.262372,1,0,0,1,0,0,1,0,0,1,1,0,1,1,1,0,1,0
84.289431,0,0,0,0,1,0,0,0,0,0,0,0,0,0,0,0,0,0
84.290146,0,0,1,0,0,0,0,0,1,0,0,0,1,0,0,0,0,0
84.297914,0,0,0,0,0,0,0,1,0,0,0,0,0,0,0,0,0,1
84.300569,0,0,0,0,0,1,0,0,0,1,0,1,0,1,0,1,0,0
84.319243,1,0,0,1,0,0,1,0,0,1,1,0,1,1,1,0,1,0
84.333860,0,0,0,0,1,0,0,0,0,0,0,0,0,0,0,0,0,0
84.339854,0,0,1,0,0,0,0,0,1,0,0,0,1,0,0,0,0,0
84.349041,0,0,0,0,0,0,0,1,0,0,0,0,0,0,0,0,0,1
84.349076,0,0,0,0,0,1,0,0,0,1,0,1,0,1,0,1,0,0
84.367154,1,0,0,0,0,0,0,0,1,0,0,0,1,0,0,0,0,0
84.383017,0,0,0,0,1,0,1,0,0,1,0,1,0,1,0,0,1,0
84.397879,0,0,0,0,0,0,0,1,0,0,0,0,0,0,0,0,0,1
84.399544,0,0,0,0,0,1,0,0,0,0,0,0,0,1,1,0,0,0
84.407759,0,1,1,0,0,0,0,0,0,1,1,0,1,0,0,1,0,0
84.420984,1,0,0,1,0,0,1,0,0,1,1,0,1,1,1,0,1,0
84.436472,0,0,0,0,1,0,0,0,0,0,0,0,0,0,0,0,0,0
84.447796,0,0,1,0,0,0,0,0,1,0,0,0,1,0,0,0,0,0
84.448349,0,0,0,0,0,1,0,0,0,1,0,1,0,1,0,1,0,0
84.448909,0,0,0,0,0,0,0,1,0,0,0,0,0,0,0,0,0,1
84.464408,1,0,0,0,0,0,0,0,1,0,0,0,1,0,0,0,0,0
84.482391,0,0,0,0,1,0,0,0,0,0,0,0,0,0,0,0,0,0
84.484105,0,0,0,0,0,0,1,0,0,1,0,1,0,1,0,0,1,0
84.497987,0,0,0,0,0,0,0,1,0,0,0,0,0,0,0,0,0,1
84.500135,0,0,0,0,0,1,0,0,0,0,0,0,0,1,1,0,0,0
84.508099,0,1,1,0,0,0,0,0,0,1,1,0,1,0,0,1,0,0
84.522903,1,0,0,1,0,0,1,0,0,1,1,0,1,1,1,0,1,0
84.536219,0,0,0,0,1,0,0,0,0,0,0,0,0,0,0,0,0,0
84.545596,0,0,1,0,0,0,0,0,1,0,0,0,1,0,0,0,0,0
84.548872,0,0,0,0,0,0,0,1,0,0,0,0,0,0,0,0,0,1
84.550445,0,0,0,0,0,1,0,0,0,1,0,1,0,1,0,1,0,0
84.564495,1,0,0,0,0,0,0,0,1,0,0,0,1,0,0,0,0,0
84.587891,0,0,0,0,1,0,1,0,0,1,0,1,0,1,0,0,1,0
84.599253,0,0,0,0,0,1,0,0,0,0,0,0,0,1,1,0,0,0
84.603496,0,0,0,0,0,0,0,1,0,0,0,0,0,0,0,0,0,1
84.608959,0,1,1,0,0,0,0,0,0,1,1,0,1,0,0,1,0,0
84.622434,1,0,0,0,0,0,0,0,1,0,0,0,1,0,0,0,0,0
84.642060,0,0,0,0,1,0,1,0,0,1,0,1,0,1,0,0,1,0
84.649238,0,0,0,0,0,0,0,1,0,0,0,0,0,0,0,0,0,1
84.650868,0,0,0,0,0,1,0,0,0,0,0,0,0,1,1,0,0,0
84.664252,0,1,1,0,0,0,0,0,0,1,1,0,1,0,0,1,0,0
84.675813,1,0,0,1,0,0,1,0,0,1,1,0,1,1,1,0,1,0
84.686408,0,0,0,0,1,0,0,0,0,0,0,0,0,0,0,0,0,0
84.696210,0,0,1,0,0,0,0,0,1,0,0,0,1,0,0,0,0,0
84.698164,0,0,0,0,0,1,0,0,0,1,0,1,0,1,0,1,0,0
84.700649,0,0,0,0,0,0,0,1,0,0,0,0,0,0,0,0,0,1
84.713334,1,0,0,1,0,0,1,0,0,1,1,0,1,1,1,0,1,0
84.733183,0,0,0,0,1,0,0,0,0,0,0,0,0,0,0,0,0,0
84.735926,0,0,1,0,0,0,0,0,1,0,0,0,1,0,0,0,0,0
84.747962,0,0,0,0,0,0,0,1,0,0,0,0,0,0,0,0,0,1
84.751007,0,0,0,0,0,1,0,0,0,1,0,1,0,1,0,1,0,0
84.768045,1,0,0,0,0,0,0,0,1,0,0,0,1,0,0,0,0,0
84.781511,0,0,0,0,0,0,1,0,0,1,0,1,0,1,0,0,1,0
84.787826,0,0,0,0,1,0,0,0,0,0,0,0,0,0,0,0,0,0
84.799568,0,0,0,0,0,1,0,0,0,0,0,0,0,1,1,0,0,0
84.801711,0,0,0,0,0,0,0,1,0,0,0,0,0,0,0,0,0,1
84.806908,0,1,1,0,0,0,0,0,0,1,1,0,1,0,0,1,0,0
84.818647,1,0,0,1,0,0,1,0,0,1,1,0,1,1,1,0,1,0
84.836523,0,0,0,0,1,0,0,0,0,0,0,0,0,0,0,0,0,0
84.840055,0,0,1,0,0,0,0,0,1,0,0,0,1,0,0,0,0,0
84.848232,0,0,0,0,0,0,0,1,0,0,0,0,0,0,0,0,0,1
84.850644,0,0,0,0,0,1,0,0,0,1,0,1,0,1,0,1,0,0
84.862596,1,0,0,1,0,0,1,0,0,1,1,0,1,1,1,0,1,0
84.885489,0,0,1,0,0,0,0,0,1,0,0,0,1,0,0,0,0,0
84.885668,0,0,0,0,1,0,0,0,0,0,0,0,0,0,0,0,0,0
84.900230,0,0,0,0,0,1,0,0,0,1,0,1,0,1,0,1,0,0
84.900374,0,0,0,0,0,0,0,1,0,0,0,0,0,0,0,0,0,1
84.912178,1,0,0,0,0,0,0,0,1,0,0,0,1,0,0,0,0,0
84.937335,0,0,0,0,1,0,1,0,0,1,0,1,0,1,0,0,1,0
84.948760,0,0,0,0,0,0,0,1,0,0,0,0,0,0,0,0,0,1
84.949209,0,0,0,0,0,1,0,0,0,0,0,0,0,1,1,0,0,0
84.960158,0,1,1,0,0,0,0,0,0,1,1,0,1,0,0,1,0,0
84.978756,1,0,0,0,0,0,0,0,1,0,0,0,1,0,0,0,0,0
84.979525,0,0,0,0,0,0,1,0,0,1,0,1,0,1,0,0,1,0
84.980430,0,0,0,0,1,0,0,0,0,0,0,0,0,0,0,0,0,0
84.998953,0,0,0,0,0,0,0,1,0,0,0,0,0,0,0,0,0,1
84.999878,0,0,0,0,0,1,0,0,0,0,0,0,0,1,1,0,0,0
85.008599,0,1,1,0,0,0,0,0,0,1,1,0,1,0,0,1,0,0
85.024408,1,0,0,1,0,0,1,0,0,1,1,0,1,1,1,0,1,0
85.031708,0,0,0,0,1,0,0,0,0,0,0,0,0,0,0,0,0,0
85.049695,0,0,0,0,0,0,0,1,0,0,0,0,0,0,0,0,0,1
85.050153,0,0,0,0,0,1,0,0,0,0,0,0,0,1,1,0,0,0
85.052177,0,1,1,0,0,0,0,0,0,1,1,0,1,0,0,1,0,0
85.063274,1,0,0,1,0,0,1,0,0,1,1,0,1,1,1,0,1,0
85.086263,0,0,1,0,0,0,0,0,1,0,0,0,1,0,0,0,0,0
85.088294,0,0,0,0,1,0,0,0,0,0,0,0,0,0,0,0,0,0
85.099548,0,0,0,0,0,0,0,1,0,0,0,0,0,0,0,0,0,1
85.101330,0,0,0,0,0,1,0,0,0,1,0,1,0,1,0,1,0,0
85.119685,1,0,0,1,0,0,1,0,0,1,1,0,1,1,1,0,1,0
85.134994,0,0,0,0,1,0,0,0,0,0,0,0,0,0,0,0,0,0
85.142247,0,0,1,0,0,0,0,0,1,0,0,0,1,0,0,0,0,0
85.147929,0,0,0,0,0,0,0,1,0,0,0,0,0,0,0,0,0,1
85.149674,0,0,0,0,0,1,0,0,0,1,0,1,0,1,0,1,0,0
85.164062,1,0,0,1,0,0,1,0,0,1,1,0,1,1,1,0,1,0
85.181700,0,0,0,0,1,0,0,0,0,0,0,0,0,0,0,0,0,0
85.191066,0,0,1,0,0,0,0,0,1,0,0,0,1,0,0,0,0,0
85.200412,0,0,0,0,0,0,0,1,0,0,0,0,0,0,0,0,0,1
85.201544,0,0,0,0,0,1,0,0,0,1,0,1,0,1,0,1,0,0
85.220562,1,0,0,1,0,0,1,0,0,1,1,0,1,1,1,0,1,0
85.232738,0,0,0,0,1,0,0,0,0,0,0,0,0,0,0,0,0,0
85.244764,0,0,1,0,0,0,0,0,1,0,0,0,1,0,0,0,0,0
85.246424,0,0,0,0,0,0,0,1,0,0,0,0,0,0,0,0,0,1
85.251270,0,0,0,0,0,1,0,0,0,1,0,1,0,1,0,1,0,0
85.266831,1,0,0,0,0,0,0,0,1,0,0,0,1,0,0,0,0,0
85.278085,0,0,0,0,1,0,1,0,0,1,0,1,0,1,0,0,1,0
85.299691,0,0,0,0,0,1,0,0,0,0,0,0,0,1,1,0,0,0
85.299911,0,0,0,0,0,0,0,1,0,0,0,0,0,0,0,0,0,1
85.300476,0,1,1,0,0,0,0,0,0,1,1,0,1,0,0,1,0,0
85.319889,1,0,0,0,0,0,0,0,1,0,0,0,1,0,0,0,0,0
85.339137,0,0,0,0,1,0,1,0,0,1,0,1,0,1,0,0,1,0
85.350635,0,0,0,0,0,0,0,1,0,0,0,0,0,0,0,0,0,1
85.350815,0,0,0,0,0,1,0,0,0,0,0,0,0,1,1,0,0,0
85.360158,0,1,1,0,0,0,0,0,0,1,1,0,1,0,0,1,0,0
85.376045,1,0,0,1,0,0,1,0,0,1,1,0,1,1,1,0,1,0
85.388921,0,0,0,0,1,0,0,0,0,0,0,0,0,0,0,0,0,0
85.397318,0,0,0,0,0,0,0,1,0,0,0,0,0,0,0,0,0,1
85.399021,0,0,0,0,0,1,0,0,0,0,0,0,0,1,1,0,0,0
85.404851,0,1,1,0,0,0,0,0,0,1,1,0,1,0,0,1,0,0
85.415417,1,0,0,1,0,0,1,0,0,1,1,0,1,1,1,0,1,0
85.435345,0,0,0,0,1,0,0,0,0,0,0,0,0,0,0,0,0,0
85.435426,0,0,1,0,0,0,0,0,1,0,0,0,1,0,0,0,0,0
85.448641,0,0,0,0,0,1,0,0,0,1,0,1,0,1,0,1,0,0
85.451534,0,0,0,0,0,0,0,1,0,0,0,0,0,0,0,0,0,1
85.460230,1,0,0,0,0,0,0,0,1,0,0,0,1,0,0,0,0,0
85.488052,0,0,0,0,1,0,1,0,0,1,0,1,0,1,0,0,1,0
85.499771,0,0,0,0,0,1,0,0,0,0,0,0,0,1,1,0,0,0
85.499776,0,0,0,0,0,0,0,1,0,0,0,0,0,0,0,0,0,1
85.511294,0,1,1,0,0,0,0,0,0,1,1,0,1,0,0,1,0,0
85.522465,1,0,0,0,0,0,0,0,1,0,0,0,1,0,0,0,0,0
85.534196,0,0,0,0,1,0,0,0,0,0,0,0,0,0,0,0,0,0
85.546238,0,0,0,0,0,0,0,1,0,0,0,0,0,0,0,0,0,1
85.550242,0,0,0,0,0,1,1,0,0,1,0,1,0,1,0,0,1,0
85.573731,0,1,1,0,0,0,0,0,0,1,1,0,1,0,0,1,0,0
85.583519,0,0,0,0,1,0,0,0,0,0,0,0,0,0,0,0,0,0
85.586755,1,0,0,0,0,0,0,0,1,0,0,0,1,0,0,0,0,0
85.601475,0,0,0,0,0,1,1,0,0,1,0,1,0,1,0,0,1,0
85.602290,0,0,0,0,0,0,0,1,0,0,0,0,0,0,0,0,0,1
85.630992,0,1,1,0,0,0,0,0,0,1,1,0,1,0,0,1,0,0
85.634677,0,0,0,0,1,0,0,0,0,0,0,0,0,0,0,0,0,0
85.644856,1,0,0,1,0,0,1,0,0,1,1,0,1,1,1,0,1,0
85.649188,0,0,0,0,0,0,0,1,0,0,0,0,0,0,0,0,0,1
85.649885,0,0,0,0,0,1,0,0,0,0,0,0,0,1,1,0,0,0
85.671929,0,1,1,0,0,0,0,0,0,1,1,0,1,0,0,1,0,0
85.686481,1,0,0,1,0,0,1,0,0,1,1,0,1,1,1,0,1,0
85.688749,0,0,0,0,1,0,0,0,0,0,0,0,0,0,0,0,0,0
85.699583,0,0,0,0,0,0,0,1,0,0,0,0,0,0,0,0,0,1
85.699978,0,0,0,0,0,1,0,0,0,0,0,0,0,1,1,0,0,0
85.707767,0,1,1,0,0,0,0,0,0,1,1,0,1,0,0,1,0,0
85.721894,1,0,0,0,0,0,0,0,1,0,0,0,1,0,0,0,0,0
85.729646,0,0,0,0,1,0,1,0,0,1,0,1,0,1,0,0,1,0
85.750417,0,0,0,0,0,1,0,0,0,0,0,0,0,1,1,0,0,0
85.750832,0,1,1,0,0,0,0,0,0,1,1,0,1,0,0,1,0,0
85.751238,0,0,0,0,0,0,0,1,0,0,0,0,0,0,0,0,0,1
85.768513,1,0,0,1,0,0,1,0,0,1,1,0,1,1,1,0,1,0
85.786188,0,0,0,0,1,0,0,0,0,0,0,0,0,0,0,0,0,0
85.793488,0,0,1,0,0,0,0,0,1,0,0,0,1,0,0,0,0,0
85.798809,0,0,0,0,0,1,0,0,0,1,0,1,0,1,0,1,0,0
85.799522,0,0,0,0,0,0,0,1,0,0,0,0,0,0,0,0,0,1
85.809834,1,0,0,0,0,0,0,0,1,0,0,0,1,0,0,0,0,0
85.813314,0,0,0,0,0,0,1,0,0,1,0,1,0,1,0,0,1,0
85.832950,0,0,0,0,1,0,0,0,0,0,0,0,0,0,0,0,0,0
85.836863,0,0,1,0,0,0,0,0,1,0,0,0,1,0,0,0,0,0
85.850073,0,0,0,0,0,0,0,1,0,0,0,0,0,0,0,0,0,1
85.850089,0,0,0,0,0,1,0,0,0,1,0,1,0,1,0,1,0,0
85.864587,1,0,0,0,0,0,0,0,1,0,0,0,1,0,0,0,0,0
85.868551,0,0,0,0,0,0,1,0,0,1,0,1,0,1,0,0,1,0
85.888279,0,0,0,0,1,0,0,0,0,0,0,0,0,0,0,0,0,0
85.891762,0,0,1,0,0,0,0,0,1,0,0,0,1,0,0,0,0,0
85.898476,0,0,0,0,0,1,0,0,0,1,0,1,0,1,0,1,0,0
85.898493,0,0,0,0,0,0,0,1,0,0,0,0,0,0,0,0,0,1
85.917239,1,0,0,0,0,0,0,0,1,0,0,0,1,0,0,0,0,0
85.931393,0,0,0,0,1,0,0,0,0,0,0,0,0,0,0,0,0,0
85.938904,0,0,0,0,0,0,1,0,0,1,0,1,0,1,0,0,1,0
85.949124,0,0,0,0,0,1,0,0,0,0,0,0,0,1,1,0,0,0
85.949439,0,0,0,0,0,0,0,1,0,0,0,0,0,0,0,0,0,1
85.968278,0,1,1,0,0,0,0,0,0,1,1,0,1,0,0,1,0,0
85.983392,0,0,0,0,1,0,0,0,0,0,0,0,0,0,0,0,0,0
85.984024,1,0,0,1,0,0,1,0,0,1,1,0,1,1,1,0,1,0
85.999987,0,0,0,0,0,1,0,0,0,0,0,0,0,1,1,0,0,0
86.002259,0,0,0,0,0,0,0,1,0,0,0,0,0,0,0,0,0,1
86.004150,0,1,1,0,0,0,0,0,0,1,1,0,1,0,0,1,0,0
86.021391,1,0,0,1,0,0,1,0,0,1,1,0,1,1,1,0,1,0
86.039987,0,0,0,0,1,0,0,0,0,0,0,0,0,0,0,0,0,0
86.046729,0,0,1,0,0,0,0,0,1,0,0,0,1,0,0,0,0,0
86.049299,0,0,0,0,0,1,0,0,0,1,0,1,0,1,0,1,0,0
86.049402,0,0,0,0,0,0,0,1,0,0,0,0,0,0,0,0,0,1
86.063600,1,0,0,1,0,0,1,0,0,1,1,0,1,1,1,0,1,0
86.083740,0,0,0,0,1,0,0,0,0,0,0,0,0,0,0,0,0,0
86.090816,0,0,1,0,0,0,0,0,1,0,0,0,1,0,0,0,0,0
86.099889,0,0,0,0,0,0,0,1,0,0,0,0,0,0,0,0,0,1
86.101507,0,0,0,0,0,1,0,0,0,1,0,1,0,1,0,1,0,0
86.116218,1,0,0,1,0,0,1,0,0,1,1,0,1,1,1,0,1,0
86.130003,0,0,0,0,1,0,0,0,0,0,0,0,0,0,0,0,0,0
86.144585,0,0,1,0,0,0,0,0,1,0,0,0,1,0,0,0,0,0
86.149307,0,0,0,0,0,0,0,1,0,0,0,0,0,0,0,0,0,1
86.150362,0,0,0,0,0,1,0,0,0,1,0,1,0,1,0,1,0,0
86.165270,1,0,0,0,0,0,0,0,1,0,0,0,1,0,0,0,0,0
86.171140,0,0,0,0,0,0,1,0,0,1,0,1,0,1,0,0,1,0
86.185393,0,0,0,0,1,0,0,0,0,0,0,0,0,0,0,0,0,0
86.191285,0,0,1,0,0,0,0,0,1,0,0,0,1,0,0,0,0,0
86.196869,0,0,0,0,0,0,0,1,0,0,0,0,0,0,0,0,0,1
86.199597,0,0,0,0,0,1,0,0,0,1,0,1,0,1,0,1,0,0
86.216816,1,0,0,1,0,0,1,0,0,1,1,0,1,1,1,0,1,0
86.236160,0,0,0,0,1,0,0,0,0,0,0,0,0,0,0,0,0,0
86.241623,0,0,1,0,0,0,0,0,1,0,0,0,1,0,0,0,0,0
86.248885,0,0,0,0,0,0,0,1,0,0,0,0,0,0,0,0,0,1
86.250549,0,0,0,0,0,1,0,0,0,1,0,1,0,1,0,1,0,0
86.264074,1,0,0,1,0,0,1,0,0,1,1,0,1,1,1,0,1,0
86.285979,0,0,0,0,1,0,0,0,0,0,0,0,0,0,0,0,0,0
86.290193,0,0,1,0,0,0,0,0,1,0,0,0,1,0,0,0,0,0
86.298828,0,0,0,0,0,1,0,0,0,1,0,1,0,1,0,1,0,0
86.302754,0,0,0,0,0,0,0,1,0,0,0,0,0,0,0,0,0,1
86.312416,1,0,0,1,0,0,1,0,0,1,1,0,1,1,1,0,1,0
86.335467,0,0,0,0,1,0,0,0,0,0,0,0,0,0,0,0,0,0
86.336065,0,0,1,0,0,0,0,0,1,0,0,0,1,0,0,0,0,0
86.350677,0,0,0,0,0,0,0,1,0,0,0,0,0,0,0,0,0,1
86.350704,0,0,0,0,0,1,0,0,0,1,0,1,0,1,0,1,0,0
86.367657,1,0,0,1,0,0,1,0,0,1,1,0,1,1,1,0,1,0
86.387968,0,0,0,0,1,0,0,0,0,0,0,0,0,0,0,0,0,0
86.390073,0,0,1,0,0,0,0,0,1,0,0,0,1,0,0,0,0,0
86.397611,0,0,0,0,0,0,0,1,0,0,0,0,0,0,0,0,0,1
86.400205,0,0,0,0,0,1,0,0,0,1,0,1,0,1,0,1,0,0
86.414854,1,0,0,0,0,0,0,0,1,0,0,0,1,0,0,0,0,0
86.432624,0,0,0,0,1,0,0,0,0,0,0,0,0,0,0,0,0,0
86.434698,0,0,0,0,0,0,1,0,0,1,0,1,0,1,0,0,1,0
86.446354,0,0,0,0,0,0,0,1,0,0,0,0,0,0,0,0,0,1
86.449324,0,0,0,0,0,1,0,0,0,0,0,0,0,1,1,0,0,0
86.464436,0,1,1,0,0,0,0,0,0,1,1,0,1,0,0,1,0,0
86.481260,0,0,0,0,1,0,0,0,0,0,0,0,0,0,0,0,0,0
86.481270,1,0,0,0,0,0,0,0,1,0,0,0,1,0,0,0,0,0
86.489799,0,0,0,0,0,0,1,0,0,1,0,1,0,1,0,0,1,0
86.501321,0,0,0,0,0,0,0,1,0,0,0,0,0,0,0,0,0,1
86.501478,0,0,0,0,0,1,0,0,0,0,0,0,0,1,1,0,0,0
86.511498,0,1,1,0,0,0,0,0,0,1,1,0,1,0,0,1,0,0
86.521539,1,0,0,1,0,0,1,0,0,1,1,0,1,1,1,0,1,0
86.538750,0,0,0,0,1,0,0,0,0,0,0,0,0,0,0,0,0,0
86.545537,0,0,1,0,0,0,0,0,1,0,0,0,1,0,0,0,0,0
86.549551,0,0,0,0,0,1,0,0,0,1,0,1,0,1,0,1,0,0
86.550384,0,0,0,0,0,0,0,1,0,0,0,0,0,0,0,0,0,1
86.563944,1,0,0,0,0,0,0,0,1,0,0,0,1,0,0,0,0,0
86.576277,0,0,0,0,0,0,1,0,0,1,0,1,0,1,0,0,1,0
86.584050,0,0,0,0,1,0,0,0,0,0,0,0,0,0,0,0,0,0
86.600195,0,0,0,0,0,1,0,0,0,0,0,0,0,1,1,0,0,0
86.601875,0,0,0,0,0,0,0,1,0,0,0,0,0,0,0,0,0,1
86.604255,0,1,1,0,0,0,0,0,0,1,1,0,1,0,0,1,0,0
86.623081,1,0,0,1,0,0,1,0,0,1,1,0,1,1,1,0,1,0
86.638767,0,0,0,0,1,0,0,0,0,0,0,0,0,0,0,0,0,0
86.648678,0,0,0,0,0,0,0,1,0,0,0,0,0,0,0,0,0,1
86.648874,0,0,1,0,0,0,0,0,1,0,0,0,1,0,0,0,0,0
86.649310,0,0,0,0,0,1,0,0,0,1,0,1,0,1,0,1,0,0
86.665517,1,0,0,0,0,0,0,0,1,0,0,0,1,0,0,0,0,0
86.686828,0,0,0,0,1,0,0,0,0,0,0,0,0,0,0,0,0,0
86.698019,0,0,0,0,0,0,1,1,0,1,0,1,0,1,0,0,1,1
86.701483,0,0,0,0,0,1,0,0,0,0,0,0,0,1,1,0,0,0
86.720077,0,1,1,0,0,0,0,0,0,1,1,0,1,0,0,1,0,0
86.730758,0,0,0,0,1,0,0,0,0,0,0,0,0,0,0,0,0,0
86.735857,1,0,0,0,0,0,0,0,1,0,0,0,1,0,0,0,0,0
86.749176,0,0,0,0,0,0,1,1,0,1,0,1,0,1,0,0,1,1
86.751860,0,0,0,0,0,1,0,0,0,0,0,0,0,1,1,0,0,0
86.777483,0,1,1,0,0,0,0,0,0,1,1,0,1,0,0,1,0,0
86.780756,0,0,0,0,1,0,0,0,0,0,0,0,0,0,0,0,0,0
86.795277,1,0,0,1,0,0,1,0,0,1,1,0,1,1,1,0,1,0
86.797285,0,0,0,0,0,0,0,1,0,0,0,0,0,0,0,0,0,1
86.799051,0,0,0,0,0,1,0,0,0,0,0,0,0,1,1,0,0,0
86.817354,0,1,1,0,0,0,0,0,0,1,1,0,1,0,0,1,0,0
86.830847,1,0,0,1,0,0,1,0,0,1,1,0,1,1,1,0,1,0
86.835879,0,0,0,0,1,0,0,0,0,0,0,0,0,0,0,0,0,0
86.849149,0,0,0,0,0,1,0,0,0,0,0,0,0,1,1,0,0,0
86.850659,0,0,0,0,0,0,0,1,0,0,0,0,0,0,0,0,0,1
86.855480,0,1,1,0,0,0,0,0,0,1,1,0,1,0,0,1,0,0
86.870154,1,0,0,1,0,0,1,0,0,1,1,0,1,1,1,0,1,0
86.890047,0,0,0,0,1,0,0,0,0,0,0,0,0,0,0,0,0,0
86.891417,0,0,1,0,0,0,0,0,1,0,0,0,1,0,0,0,0,0
86.897825,0,0,0,0,0,0,0,1,0,0,0,0,0,0,0,0,0,1
86.900457,0,0,0,0,0,1,0,0,0,1,0,1,0,1,0,1,0,0
86.914531,1,0,0,0,0,0,0,0,1,0,0,0,1,0,0,0,0,0
86.930160,0,0,0,0,1,0,0,0,0,0,0,0,0,0,0,0,0,0
86.946542,0,0,0,0,0,0,1,1,0,1,0,1,0,1,0,0,1,1
86.950243,0,0,0,0,0,1,0,0,0,0,0,0,0,1,1,0,0,0
86.969138,0,1,1,0,0,0,0,0,0,1,1,0,1,0,0,1,0,0
86.979059,0,0,0,0,1,0,0,0,0,0,0,0,0,0,0,0,0,0
86.986561,1,0,0,1,0,0,1,0,0,1,1,0,1,1,1,0,1,0
86.998071,0,0,0,0,0,0,0,1,0,0,0,0,0,0,0,0,0,1
86.999730,0,0,0,0,0,1,0,0,0,0,0,0,0,1,1,0,0,0
87.008513,0,1,1,0,0,0,0,0,0,1,1,0,1,0,0,1,0,0
87.023314,1,0,0,1,0,0,1,0,0,1,1,0,1,1,1,0,1,0
87.034193,0,0,0,0,1,0,0,0,0,0,0,0,0,0,0,0,0,0
87.046501,0,0,1,0,0,0,0,0,1,0,0,0,1,0,0,0,0,0
87.049663,0,0,0,0,0,0,0,1,0,0,0,0,0,0,0,0,0,1
87.050736,0,0,0,0,0,1,0,0,0,1,0,1,0,1,0,1,0,0
87.061455,1,0,0,1,0,0,1,0,0,1,1,0,1,1,1,0,1,0
87.081326,0,0,0,0,1,0,0,0,0,0,0,0,0,0,0,0,0,0
87.083635,0,0,1,0,0,0,0,0,1,0,0,0,1,0,0,0,0,0
87.099745,0,0,0,0,0,1,0,0,0,1,0,1,0,1,0,1,0,0
87.102829,0,0,0,0,0,0,0,1,0,0,0,0,0,0,0,0,0,1
87.112545,1,0,0,1,0,0,1,0,0,1,1,0,1,1,1,0,1,0
87.132732,0,0,1,0,0,0,0,0,1,0,0,0,1,0,0,0,0,0
87.139431,0,0,0,0,1,0,0,0,0,0,0,0,0,0,0,0,0,0
87.147689,0,0,0,0,0,0,0,1,0,0,0,0,0,0,0,0,0,1
87.149415,0,0,0,0,0,1,0,0,0,1,0,1,0,1,0,1,0,0
87.161125,1,0,0,1,0,0,1,0,0,1,1,0,1,1,1,0,1,0
87.180965,0,0,0,0,1,0,0,0,0,0,0,0,0,0,0,0,0,0
87.181469,0,0,1,0,0,0,0,0,1,0,0,0,1,0,0,0,0,0
87.201003,0,0,0,0,0,1,0,0,0,1,0,1,0,1,0,1,0,0
87.203325,0,0,0,0,0,0,0,1,0,0,0,0,0,0,0,0,0,1
87.217374,1,0,0,0,0,0,0,0,1,0,0,0,1,0,0,0,0,0
87.219433,0,0,0,0,0,0,1,0,0,1,0,1,0,1,0,0,1,0
87.237518,0,0,0,0,1,0,0,0,0,0,0,0,0,0,0,0,0,0
87.244979,0,0,1,0,0,0,0,0,1,0,0,0,1,0,0,0,0,0
87.246919,0,0,0,0,0,0,0,1,0,0,0,0,0,0,0,0,0,1
87.249931,0,0,0,0,0,1,0,0,0,1,0,1,0,1,0,1,0,0
87.261883,1,0,0,0,0,0,0,0,1,0,0,0,1,0,0,0,0,0
87.264768,0,0,0,0,0,0,1,0,0,1,0,1,0,1,0,0,1,0
87.282216,0,0,0,0,1,0,0,0,0,0,0,0,0,0,0,0,0,0
87.290185,0,0,1,0,0,0,0,0,1,0,0,0,1,0,0,0,0,0
87.296158,0,0,0,0,0,0,0,1,0,0,0,0,0,0,0,0,0,1
87.300467,0,0,0,0,0,1,0,0,0,1,0,1,0,1,0,1,0,0
87.315177,1,0,0,1,0,0,1,0,0,1,1,0,1,1,1,0,1,0
87.334329,0,0,0,0,1,0,0,0,0,0,0,0,0,0,0,0,0,0
87.343522,0,0,1,0,0,0,0,0,1,0,0,0,1,0,0,0,0,0
87.346086,0,0,0,0,0,0,0,1,0,0,0,0,0,0,0,0,0,1
87.348793,0,0,0,0,0,1,0,0,0,1,0,1,0,1,0,1,0,0
87.366535,1,0,0,1,0,0,1,0,0,1,1,0,1,1,1,0,1,0
87.379097,0,0,0,0,1,0,0,0,0,0,0,0,0,0,0,0,0,0
87.388360,0,0,1,0,0,0,0,0,1,0,0,0,1,0,0,0,0,0
87.400535,0,0,0,0,0,0,0,1,0,0,0,0,0,0,0,0,0,1
87.400929,0,0,0,0,0,1,0,0,0,1,0,1,0,1,0,1,0,0
87.412261,1,0,0,1,0,0,1,0,0,1,1,0,1,1,1,0,1,0
87.433481,0,0,1,0,0,0,0,0,1,0,0,0,1,0,0,0,0,0
87.440270,0,0,0,0,1,0,0,0,0,0,0,0,0,0,0,0,0,0
87.450113,0,0,0,0,0,1,0,0,0,1,0,1,0,1,0,1,0,0
87.450450,0,0,0,0,0,0,0,1,0,0,0,0,0,0,0,0,0,1
87.469972,1,0,0,1,0,0,1,0,0,1,1,0,1,1,1,0,1,0
87.483838,0,0,0,0,1,0,0,0,0,0,0,0,0,0,0,0,0,0
87.491724,0,0,1,0,0,0,0,0,1,0,0,0,1,0,0,0,0,0
87.499887,0,0,0,0,0,1,0,0,0,1,0,1,0,1,0,1,0,0
87.500689,0,0,0,0,0,0,0,1,0,0,0,0,0,0,0,0,0,1
87.511137,1,0,0,1,0,0,1,0,0,1,1,0,1,1,1,0,1,0
87.536823,0,0,0,0,1,0,0,0,0,0,0,0,0,0,0,0,0,0
87.540819,0,0,1,0,0,0,0,0,1,0,0,0,1,0,0,0,0,0
87.550258,0,0,0,0,0,1,0,0,0,1,0,1,0,1,0,1,0,0
87.551038,0,0,0,0,0,0,0,1,0,0,0,0,0,0,0,0,0,1
87.561435,1,0,0,1,0,0,1,0,0,1,1,0,1,1,1,0,1,0
87.582931,0,0,1,0,0,0,0,0,1,0,0,0,1,0,0,0,0,0
87.587376,0,0,0,0,1,0,0,0,0,0,0,0,0,0,0,0,0,0
87.599610,0,0,0,0,0,0,0,1,0,0,0,0,0,0,0,0,0,1
87.601096,0,0,0,0,0,1,0,0,0,1,0,1,0,1,0,1,0,0
87.617202,1,0,0,0,0,0,0,0,1,0,0,0,1,0,0,0,0,0
87.639105,0,0,0,0,1,0,1,0,0,1,0,1,0,1,0,0,1,0
87.650434,0,0,0,0,0,0,0,1,0,0,0,0,0,0,0,0,0,1
87.651170,0,0,0,0,0,1,0,0,0,0,0,0,0,1,1,0,0,0
87.661950,0,1,1,0,0,0,0,0,0,1,1,0,1,0,0,1,0,0
87.674798,1,0,0,1,0,0,1,0,0,1,1,0,1,1,1,0,1,0
87.681802,0,0,0,0,1,0,0,0,0,0,0,0,0,0,0,0,0,0
87.697705,0,0,0,0,0,0,0,1,0,0,0,0,0,0,0,0,0,1
87.701107,0,0,0,0,0,1,0,0,0,0,0,0,0,1,1,0,0,0
87.704364,0,1,1,0,0,0,0,0,0,1,1,0,1,0,0,1,0,0
87.716852,1,0,0,0,0,0,0,0,1,0,0,0,1,0,0,0,0,0
87.735687,0,0,0,0,1,0,1,0,0,1,0,1,0,1,0,0,1,0
87.749757,0,0,0,0,0,0,0,1,0,0,0,0,0,0,0,0,0,1
87.750008,0,0,0,0,0,1,0,0,0,0,0,0,0,1,1,0,0,0
87.757014,0,1,1,0,0,0,0,0,0,1,1,0,1,0,0,1,0,0
87.771866,1,0,0,1,0,0,1,0,0,1,1,0,1,1,1,0,1,0
87.784433,0,0,0,0,1,0,0,0,0,0,0,0,0,0,0,0,0,0
87.793842,0,0,1,0,0,0,0,0,1,0,0,0,1,0,0,0,0,0
87.801487,0,0,0,0,0,1,0,0,0,1,0,1,0,1,0,1,0,0
87.803435,0,0,0,0,0,0,0,1,0,0,0,0,0,0,0,0,0,1
87.818927,1,0,0,0,0,0,0,0,1,0,0,0,1,0,0,0,0,0
87.841242,0,0,0,0,1,0,1,0,0,1,0,1,0,1,0,0,1,0
87.849987,0,0,0,0,0,1,0,0,0,0,0,0,0,1,1,0,0,0
87.853905,0,0,0,0,0,0,0,1,0,0,0,0,0,0,0,0,0,1
87.865038,0,1,1,0,0,0,0,0,0,1,1,0,1,0,0,1,0,0
87.881812,1,0,0,1,0,0,1,0,0,1,1,0,1,1,1,0,1,0
87.892565,0,0,0,0,1,0,0,0,0,0,0,0,0,0,0,0,0,0
87.897433,0,0,0,0,0,0,0,1,0,0,0,0,0,0,0,0,0,1
87.898189,0,0,0,0,0,1,0,0,0,0,0,0,0,1,1,0,0,0
87.902593,0,1,1,0,0,0,0,0,0,1,1,0,1,0,0,1,0,0
87.921559,1,0,0,1,0,0,1,0,0,1,1,0,1,1,1,0,1,0
87.935960,0,0,0,0,1,0,0,0,0,0,0,0,0,0,0,0,0,0
87.949761,0,0,0,0,0,1,0,0,0,0,0,0,0,1,1,0,0,0
87.951163,0,1,1,0,0,0,0,0,0,1,1,0,1,0,0,1,0,0
87.953437,0,0,0,0,0,0,0,1,0,0,0,0,0,0,0,0,0,1
87.969913,1,0,0,0,0,0,0,0,1,0,0,0,1,0,0,0,0,0
87.981272,0,0,0,0,0,0,1,0,0,1,0,1,0,1,0,0,1,0
87.985692,0,0,0,0,1,0,0,0,0,0,0,0,0,0,0,0,0,0
88.000061,0,0,0,0,0,0,0,1,0,0,0,0,0,0,0,0,0,1
88.001552,0,0,0,0,0,1,0,0,0,0,0,0,0,1,1,0,0,0
88.006006,0,1,1,0,0,0,0,0,0,1,1,0,1,0,0,1,0,0
88.023185,1,0,0,0,0,0,0,0,1,0,0,0,1,0,0,0,0,0
88.036609,0,0,0,0,1,0,0,0,0,0,0,0,0,0,0,0,0,0
88.049647,0,0,0,0,0,0,1,1,0,1,0,1,0,1,0,0,1,1
88.051558,0,0,0,0,0,1,0,0,0,0,0,0,0,1,1,0,0,0
88.077524,0,1,1,0,0,0,0,0,0,1,1,0,1,0,0,1,0,0
88.083513,0,0,0,0,1,0,0,0,0,0,0,0,0,0,0,0,0,0
88.089188,1,0,0,1,0,0,1,0,0,1,1,0,1,1,1,0,1,0
88.099775,0,0,0,0,0,0,0,1,0,0,0,0,0,0,0,0,0,1
88.100080,0,0,0,0,0,1,0,0,0,0,0,0,0,1,1,0,0,0
88.113279,0,1,1,0,0,0,0,0,0,1,1,0,1,0,0,1,0,0
88.125377,1,0,0,1,0,0,1,0,0,1,1,0,1,1,1,0,1,0
88.138007,0,0,0,0,1,0,0,0,0,0,0,0,0,0,0,0,0,0
88.148071,0,0,0,0,0,0,0,1,0,0,0,0,0,0,0,0,0,1
88.150379,0,0,0,0,0,1,0,0,0,0,0,0,0,1,1,0,0,0
88.152292,0,1,1,0,0,0,0,0,0,1,1,0,1,0,0,1,0,0
88.166947,1,0,0,0,0,0,0,0,1,0,0,0,1,0,0,0,0,0
88.185228,0,0,0,0,0,0,1,0,0,1,0,1,0,1,0,0,1,0
88.186251,0,0,0,0,1,0,0,0,0,0,0,0,0,0,0,0,0,0
88.199789,0,0,0,0,0,1,0,0,0,0,0,0,0,1,1,0,0,0
88.200604,0,0,0,0,0,0,0,1,0,0,0,0,0,0,0,0,0,1
88.207092,0,1,1,0,0,0,0,0,0,1,1,0,1,0,0,1,0,0
88.223413,1,0,0,0,0,0,0,0,1,0,0,0,1,0,0,0,0,0
88.231994,0,0,0,0,0,0,1,0,0,1,0,1,0,1,0,0,1,0
88.239849,0,0,0,0,1,0,0,0,0,0,0,0,0,0,0,0,0,0
88.250745,0,0,0,0,0,0,0,1,0,0,0,0,0,0,0,0,0,1
88.251192,0,0,0,0,0,1,0,0,0,0,0,0,0,1,1,0,0,0
88.261502,0,1,1,0,0,0,0,0,0,1,1,0,1,0,0,1,0,0
88.274133,1,0,0,0,0,0,0,0,1,0,0,0,1,0,0,0,0,0
88.287119,0,0,0,0,1,0,0,0,0,0,0,0,0,0,0,0,0,0
88.291734,0,0,0,0,0,0,1,0,0,1,0,1,0,1,0,0,1,0
88.296314,0,0,0,0,0,0,0,1,0,0,0,0,0,0,0,0,0,1
88.300357,0,0,0,0,0,1,0,0,0,0,0,0,0,1,1,0,0,0
88.319275,0,1,1,0,0,0,0,0,0,1,1,0,1,0,0,1,0,0
88.330397,0,0,0,0,1,0,0,0,0,0,0,0,0,0,0,0,0,0
88.335552,1,0,0,1,0,0,1,0,0,1,1,0,1,1,1,0,1,0
88.350144,0,0,0,0,0,0,0,1,0,0,0,0,0,0,0,0,0,1
88.351163,0,0,0,0,0,1,0,0,0,0,0,0,0,1,1,0,0,0
88.364866,0,1,1,0,0,0,0,0,0,1,1,0,1,0,0,1,0,0
88.376537,1,0,0,0,0,0,0,0,1,0,0,0,1,0,0,0,0,0
88.377723,0,0,0,0,0,0,1,0,0,1,0,1,0,1,0,0,1,0
88.381761,0,0,0,0,1,0,0,0,0,0,0,0,0,0,0,0,0,0
88.399941,0,0,0,0,0,1,0,0,0,0,0,0,0,1,1,0,0,0
88.403243,0,0,0,0,0,0,0,1,0,0,0,0,0,0,0,0,0,1
88.407538,0,1,1,0,0,0,0,0,0,1,1,0,1,0,0,1,0,0
88.418543,1,0,0,0,0,0,0,0,1,0,0,0,1,0,0,0,0,0
88.435483,0,0,0,0,1,0,0,0,0,0,0,0,0,0,0,0,0,0
88.450216,0,0,0,0,0,1,1,0,0,1,0,1,0,1,0,0,1,0
88.451605,0,0,0,0,0,0,0,1,0,0,0,0,0,0,0,0,0,1
88.477659,0,1,1,0,0,0,0,0,0,1,1,0,1,0,0,1,0,0
88.484008,0,0,0,0,1,0,0,0,0,0,0,0,0,0,0,0,0,0
88.493978,1,0,0,0,0,0,0,0,1,0,0,0,1,0,0,0,0,0
88.501062,0,0,0,0,0,1,0,0,0,1,0,1,0,1,0,1,0,0
88.501264,0,0,0,0,0,0,1,0,0,0,0,0,0,1,1,0,0,0
88.501466,0,0,0,0,0,0,0,1,0,0,0,0,0,0,0,0,0,1
88.513641,1,0,0,1,0,0,1,0,0,1,1,0,1,1,1,0,1,0
88.536344,0,0,0,0,1,0,0,0,0,0,0,0,0,0,0,0,0,0
88.536449,0,0,1,1,0,0,0,0,0,1,1,0,1,0,0,0,1,0
88.550896,0,0,0,0,0,1,0,0,0,0,0,0,0,1,1,0,0,0
88.551915,0,0,0,0,0,0,0,1,0,0,0,0,0,0,0,0,0,1
88.562559,0,1,1,0,0,0,0,0,0,1,1,0,1,0,0,1,0,0
88.576791,1,0,0,1,0,0,1,0,0,1,1,0,1,1,1,0,1,0
88.591310,0,0,0,0,1,0,0,0,0,0,0,0,0,0,0,0,0,0
88.597412,0,0,0,0,0,0,0,1,0,0,0,0,0,0,0,0,0,1
88.599534,0,0,0,0,0,1,0,0,0,0,0,0,0,1,1,0,0,0
88.600781,0,1,1,0,0,0,0,0,0,1,1,0,1,0,0,1,0,0
88.619072,1,0,0,1,0,0,1,0,0,1,1,0,1,1,1,0,1,0
88.627697,0,0,0,0,1,0,0,0,0,0,0,0,0,0,0,0,0,0
88.643792,0,0,1,0,0,0,0,0,1,0,0,0,1,0,0,0,0,0
88.651626,0,0,0,0,0,1,0,0,0,1,0,1,0,1,0,1,0,0
88.652525,0,0,0,0,0,0,0,1,0,0,0,0,0,0,0,0,0,1
88.664421,1,0,0,0,0,0,0,0,1,0,0,0,1,0,0,0,0,0
88.689057,0,0,0,0,1,0,1,0,0,1,0,1,0,1,0,0,1,0
88.701932,0,0,0,0,0,1,0,0,0,0,0,0,0,1,1,0,0,0
88.703758,0,0,0,0,0,0,0,1,0,0,0,0,0,0,0,0,0,1
88.714968,0,1,1,0,0,0,0,0,0,1,1,0,1,0,0,1,0,0
88.732857,1,0,0,1,0,0,1,0,0,1,1,0,1,1,1,0,1,0
88.737497,0,0,0,0,1,0,0,0,0,0,0,0,0,0,0,0,0,0
88.750772,0,0,0,0,0,0,0,1,0,0,0,0,0,0,0,0,0,1
88.751052,0,0,0,0,0,1,0,0,0,0,0,0,0,1,1,0,0,0
88.758860,0,1,1,0,0,0,0,0,0,1,1,0,1,0,0,1,0,0
88.775401,1,0,0,0,0,0,0,0,1,0,0,0,1,0,0,0,0,0
88.789114,0,0,0,0,1,0,1,0,0,1,0,1,0,1,0,0,1,0
88.801223,0,0,0,0,0,1,0,0,0,0,0,0,0,1,1,0,0,0
88.803153,0,0,0,0,0,0,0,1,0,0,0,0,0,0,0,0,0,1
88.817618,0,1,1,0,0,0,0,0,0,1,1,0,1,0,0,1,0,0
88.832747,1,0,0,0,0,0,0,0,1,0,0,0,1,0,0,0,0,0
88.835295,0,0,0,0,1,0,1,0,0,1,0,1,0,1,0,0,1,0
88.850598,0,0,0,0,0,1,0,0,0,0,0,0,0,1,1,0,0,0
88.850819,0,0,0,0,0,0,0,1,0,0,0,0,0,0,0,0,0,1
88.862332,0,1,1,0,0,0,0,0,0,1,1,0,1,0,0,1,0,0
88.879268,1,0,0,1,0,0,1,0,0,1,1,0,1,1,1,0,1,0
88.887900,0,0,0,0,1,0,0,0,0,0,0,0,0,0,0,0,0,0
88.898402,0,0,0,0,0,0,0,1,0,0,0,0,0,0,0,0,0,1
88.900800,0,0,1,0,0,0,0,0,1,0,0,0,1,0,0,0,0,0
88.901396,0,0,0,0,0,1,0,0,0,1,0,1,0,1,0,1,0,0
88.912730,1,0,0,0,0,0,0,0,1,0,0,0,1,0,0,0,0,0
88.935734,0,0,0,0,1,0,0,0,0,0,0,0,0,0,0,0,0,0
88.950459,0,0,0,0,0,1,1,0,0,1,0,1,0,1,0,1,0,0
88.953693,0,0,0,0,0,0,0,1,0,0,0,0,0,0,0,0,0,1
88.960477,1,0,0,1,0,0,0,0,0,1,1,0,1,0,0,0,1,0
88.983748,0,0,1,1,0,0,1,0,0,1,1,0,1,1,1,0,1,0
88.986640,0,0,0,0,1,0,0,0,0,0,0,0,0,0,0,0,0,0
88.998668,0,0,0,0,0,1,0,0,0,0,0,0,0,1,1,0,0,0
89.001655,0,0,0,0,0,0,0,1,0,0,0,0,0,0,0,0,0,1
89.006968,0,1,1,0,0,0,0,0,0,1,1,0,1,0,0,1,0,0
89.022806,1,0,0,1,0,0,1,0,0,1,1,0,1,1,1,0,1,0
89.038876,0,0,0,0,1,0,0,0,0,0,0,0,0,0,0,0,0,0
89.044555,0,0,1,0,0,0,0,0,1,0,0,0,1,0,0,0,0,0
89.050347,0,0,0,0,0,0,0,1,0,0,0,0,0,0,0,0,0,1
89.050947,0,0,0,0,0,1,0,0,0,1,0,1,0,1,0,1,0,0
89.068758,1,0,0,1,0,0,1,0,0,1,1,0,1,1,1,0,1,0
89.082814,0,0,0,0,1,0,0,0,0,0,0,0,0,0,0,0,0,0
89.098025,0,0,1,0,0,0,0,0,1,0,0,0,1,0,0,0,0,0
89.100464,0,0,0,0,0,1,0,0,0,1,0,1,0,1,0,1,0,0
89.101433,0,0,0,0,0,0,0,1,0,0,0,0,0,0,0,0,0,1
89.117887,1,0,0,0,0,0,0,0,1,0,0,0,1,0,0,0,0,0
89.135068,0,0,0,0,0,0,1,0,0,1,0,1,0,1,0,0,1,0
89.136706,0,0,0,0,1,0,0,0,0,0,0,0,0,0,0,0,0,0
89.148520,0,0,0,0,0,0,0,1,0,0,0,0,0,0,0,0,0,1
89.151291,0,0,0,0,0,1,0,0,0,0,0,0,0,1,1,0,0,0
89.162427,0,1,1,0,0,0,0,0,0,1,1,0,1,0,0,1,0,0
89.176428,1,0,0,0,0,0,0,0,1,0,0,0,1,0,0,0,0,0
89.181218,0,0,0,0,1,0,0,0,0,0,0,0,0,0,0,0,0,0
89.200442,0,0,0,0,0,1,1,0,0,1,0,1,0,1,0,0,1,0
89.203448,0,0,0,0,0,0,0,1,0,0,0,0,0,0,0,0,0,1
89.227151,0,1,1,0,0,0,0,0,0,1,1,0,1,0,0,1,0,0
89.238296,0,0,0,0,1,0,0,0,0,0,0,0,0,0,0,0,0,0
89.243962,1,0,0,1,0,0,1,0,0,1,1,0,1,1,1,0,1,0
89.247949,0,0,0,0,0,0,0,1,0,0,0,0,0,0,0,0,0,1
89.248718,0,0,0,0,0,1,0,0,0,0,0,0,0,1,1,0,0,0
89.266713,0,1,1,0,0,0,0,0,0,1,1,0,1,0,0,1,0,0
89.276878,1,0,0,1,0,0,1,0,0,1,1,0,1,1,1,0,1,0
89.284930,0,0,0,0,1,0,0,0,0,0,0,0,0,0,0,0,0,0
89.297134,0,0,0,0,0,0,0,1,0,0,0,0,0,0,0,0,0,1
89.299740,0,0,0,0,0,1,0,0,0,0,0,0,0,1,1,0,0,0
89.303679,0,1,1,0,0,0,0,0,0,1,1,0,1,0,0,1,0,0
89.322683,1,0,0,0,0,0,0,0,1,0,0,0,1,0,0,0,0,0
89.333293,0,0,0,0,0,0,1,0,0,1,0,1,0,1,0,0,1,0
89.334675,0,0,0,0,1,0,0,0,0,0,0,0,0,0,0,0,0,0
89.348728,0,0,0,0,0,0,0,1,0,0,0,0,0,0,0,0,0,1
89.349644,0,0,0,0,0,1,0,0,0,0,0,0,0,1,1,0,0,0
89.356638,0,1,1,0,0,0,0,0,0,1,1,0,1,0,0,1,0,0
89.373431,1,0,0,1,0,0,1,0,0,1,1,0,1,1,1,0,1,0
89.384078,0,0,0,0,1,0,0,0,0,0,0,0,0,0,0,0,0,0
89.399131,0,0,0,0,0,1,0,0,0,0,0,0,0,1,1,0,0,0
89.399976,0,0,0,0,0,0,0,1,0,0,0,0,0,0,0,0,0,1
89.400865,0,1,1,0,0,0,0,0,0,1,1,0,1,0,0,1,0,0
89.416171,1,0,0,1,0,0,1,0,0,1,1,0,1,1,1,0,1,0
89.429985,0,0,0,0,1,0,0,0,0,0,0,0,0,0,0,0,0,0
89.443444,0,0,1,0,0,0,0,0,1,0,0,0,1,0,0,0,0,0
89.449940,0,0,0,0,0,0,0,1,0,0,0,0,0,0,0,0,0,1
89.451360,0,0,0,0,0,1,0,0,0,1,0,1,0,1,0,1,0,0
89.468181,1,0,0,1,0,0,1,0,0,1,1,0,1,1,1,0,1,0
89.482328,0,0,0,0,1,0,0,0,0,0,0,0,0,0,0,0,0,0
89.497894,0,0,1,0,0,0,0,0,1,0,0,0,1,0,0,0,0,0
89.499071,0,0,0,0,0,1,0,0,0,1,0,1,0,1,0,1,0,0
89.502553,0,0,0,0,0,0,0,1,0,0,0,0,0,0,0,0,0,1
89.512609,1,0,0,1,0,0,1,0,0,1,1,0,1,1,1,0,1,0
89.536254,0,0,1,0,0,0,0,0,1,0,0,0,1,0,0,0,0,0
89.538316,0,0,0,0,1,0,0,0,0,0,0,0,0,0,0,0,0,0
89.549679,0,0,0,0,0,1,0,0,0,1,0,1,0,1,0,1,0,0
89.552639,0,0,0,0,0,0,0,1,0,0,0,0,0,0,0,0,0,1
89.561529,1,0,0,1,0,0,1,0,0,1,1,0,1,1,1,0,1,0
89.589376,0,0,1,0,0,0,0,0,1,0,0,0,1,0,0,0,0,0
89.590273,0,0,0,0,1,0,0,0,0,0,0,0,0,0,0,0,0,0
89.599895,0,0,0,0,0,0,0,1,0,0,0,0,0,0,0,0,0,1
89.600754,0,0,0,0,0,1,0,0,0,1,0,1,0,1,0,1,0,0
89.616419,1,0,0,1,0,0,1,0,0,1,1,0,1,1,1,0,1,0
89.636974,0,0,0,0,1,0,0,0,0,0,0,0,0,0,0,0,0,0
89.643093,0,0,1,0,0,0,0,0,1,0,0,0,1,0,0,0,0,0
89.650326,0,0,0,0,0,1,0,0,0,1,0,1,0,1,0,1,0,0
89.650732,0,0,0,0,0,0,0,1,0,0,0,0,0,0,0,0,0,1
89.668181,1,0,0,0,0,0,0,0,1,0,0,0,1,0,0,0,0,0
89.671953,0,0,0,0,0,0,1,0,0,1,0,1,0,1,0,0,1,0
89.687621,0,0,0,0,1,0,0,0,0,0,0,0,0,0,0,0,0,0
89.694371,0,0,1,0,0,0,0,0,1,0,0,0,1,0,0,0,0,0
89.700788,0,0,0,0,0,1,0,0,0,1,0,1,0,1,0,1,0,0
89.702166,0,0,0,0,0,0,0,1,0,0,0,0,0,0,0,0,0,1
89.717318,1,0,0,1,0,0,1,0,0,1,1,0,1,1,1,0,1,0
89.734267,0,0,0,0,1,0,0,0,0,0,0,0,0,0,0,0,0,0
89.738858,0,0,1,0,0,0,0,0,1,0,0,0,1,0,0,0,0,0
89.746383,0,0,0,0,0,0,0,1,0,0,0,0,0,0,0,0,0,1
89.749862,0,0,0,0,0,1,0,0,0,1,0,1,0,1,0,1,0,0
89.765033,1,0,0,1,0,0,1,0,0,1,1,0,1,1,1,0,1,0
89.778802,0,0,0,0,1,0,0,0,0,0,0,0,0,0,0,0,0,0
89.792975,0,0,1,0,0,0,0,0,1,0,0,0,1,0,0,0,0,0
89.799222,0,0,0,0,0,1,0,0,0,1,0,1,0,1,0,1,0,0
89.800043,0,0,0,0,0,0,0,1,0,0,0,0,0,0,0,0,0,1
89.815716,1,0,0,1,0,0,1,0,0,1,1,0,1,1,1,0,1,0
89.837420,0,0,0,0,1,0,0,0,0,0,0,0,0,0,0,0,0,0
89.841963,0,0,1,0,0,0,0,0,1,0,0,0,1,0,0,0,0,0
89.849894,0,0,0,0,0,0,0,1,0,0,0,0,0,0,0,0,0,1
89.850925,0,0,0,0,0,1,0,0,0,1,0,1,0,1,0,1,0,0
89.865859,1,0,0,0,0,0,0,0,1,0,0,0,1,0,0,0,0,0
89.885279,0,0,0,0,1,0,1,0,0,1,0,1,0,1,0,0,1,0
89.899832,0,0,0,0,0,1,0,0,0,0,0,0,0,1,1,0,0,0
89.903528,0,0,0,0,0,0,0,1,0,0,0,0,0,0,0,0,0,1
89.913804,0,1,1,0,0,0,0,0,0,1,1,0,1,0,0,1,0,0
89.929269,1,0,0,0,0,0,0,0,1,0,0,0,1,0,0,0,0,0
89.940667,0,0,0,0,1,0,1,0,0,1,0,1,0,1,0,0,1,0
89.949586,0,0,0,0,0,1,0,0,0,0,0,0,0,1,1,0,0,0
89.950741,0,0,0,0,0,0,0,1,0,0,0,0,0,0,0,0,0,1
89.963150,0,1,1,0,0,0,0,0,0,1,1,0,1,0,0,1,0,0
89.982138,1,0,0,1,0,0,1,0,0,1,1,0,1,1,1,0,1,0
89.986605,0,0,0,0,1,0,0,0,0,0,0,0,0,0,0,0,0,0
90.000254,0,0,0,0,0,1,0,0,0,0,0,0,0,1,1,0,0,0
90.003734,0,0,0,0,0,0,0,1,0,0,0,0,0,0,0,0,0,1
90.007202,0,1,1,0,0,0,0,0,0,1,1,0,1,0,0,1,0,0
90.017703,1,0,0,0,0,0,0,0,1,0,0,0,1,0,0,0,0,0
90.042577,0,0,0,0,1,0,0,0,0,0,0,0,0,0,0,0,0,0
90.046007,0,0,0,0,0,0,1,0,0,1,0,1,0,1,0,0,1,0
90.047452,0,0,0,0,0,0,0,1,0,0,0,0,0,0,0,0,0,1
90.050538,0,0,0,0,0,1,0,0,0,0,0,0,0,1,1,0,0,0
90.068488,0,1,1,0,0,0,0,0,0,1,1,0,1,0,0,1,0,0
90.080370,0,0,0,0,1,0,0,0,0,0,0,0,0,0,0,0,0,0
90.086665,1,0,0,1,0,0,1,0,0,1,1,0,1,1,1,0,1,0
90.096069,0,0,0,0,0,0,0,1,0,0,0,0,0,0,0,0,0,1
90.101195,0,0,0,0,0,1,0,0,0,0,0,0,0,1,1,0,0,0
90.107988,0,1,1,0,0,0,0,0,0,1,1,0,1,0,0,1,0,0
90.123013,1,0,0,0,0,0,0,0,1,0,0,0,1,0,0,0,0,0
90.134477,0,0,0,0,1,0,1,0,0,1,0,1,0,1,0,0,1,0
90.149449,0,0,0,0,0,1,0,0,0,0,0,0,0,1,1,0,0,0
90.150942,0,0,0,0,0,0,0,1,0,0,0,0,0,0,0,0,0,1
90.157088,0,1,1,0,0,0,0,0,0,1,1,0,1,0,0,1,0,0
90.176693,1,0,0,0,0,0,0,0,1,0,0,0,1,0,0,0,0,0
90.183127,0,0,0,0,0,0,1,0,0,1,0,1,0,1,0,0,1,0
90.190424,0,0,0,0,1,0,0,0,0,0,0,0,0,0,0,0,0,0
90.200920,0,0,0,0,0,1,0,0,0,0,0,0,0,1,1,0,0,0
90.201355,0,0,0,0,0,0,0,1,0,0,0,0,0,0,0,0,0,1
90.203189,0,1,1,0,0,0,0,0,0,1,1,0,1,0,0,1,0,0
90.215707,1,0,0,1,0,0,1,0,0,1,1,0,1,1,1,0,1,0
90.235018,0,0,0,0,1,0,0,0,0,0,0,0,0,0,0,0,0,0
90.236507,0,0,1,0,0,0,0,0,1,0,0,0,1,0,0,0,0,0
90.250156,0,0,0,0,0,1,0,0,0,1,0,1,0,1,0,1,0,0
90.250782,0,0,0,0,0,0,0,1,0,0,0,0,0,0,0,0,0,1
90.265123,1,0,0,1,0,0,1,0,0,1,1,0,1,1,1,0,1,0
90.281405,0,0,0,0,1,0,0,0,0,0,0,0,0,0,0,0,0,0
90.292878,0,0,1,0,0,0,0,0,1,0,0,0,1,0,0,0,0,0
90.299512,0,0,0,0,0,0,0,1,0,0,0,0,0,0,0,0,0,1
90.299840,0,0,0,0,0,1,0,0,0,1,0,1,0,1,0,1,0,0
90.310657,1,0,0,1,0,0,1,0,0,1,1,0,1,1,1,0,1,0
90.331590,0,0,1,0,0,0,0,0,1,0,0,0,1,0,0,0,0,0
90.333275,0,0,0,0,1,0,0,0,0,0,0,0,0,0,0,0,0,0
90.348004,0,0,0,0,0,0,0,1,0,0,0,0,0,0,0,0,0,1
90.350928,0,0,0,0,0,1,0,0,0,1,0,1,0,1,0,1,0,0
90.364792,1,0,0,1,0,0,1,0,0,1,1,0,1,1,1,0,1,0
90.383057,0,0,0,0,1,0,0,0,0,0,0,0,0,0,0,0,0,0
90.390882,0,0,1,0,0,0,0,0,1,0,0,0,1,0,0,0,0,0
90.398231,0,0,0,0,0,0,0,1,0,0,0,0,0,0,0,0,0,1
90.399363,0,0,0,0,0,1,0,0,0,1,0,1,0,1,0,1,0,0
90.409585,1,0,0,0,0,0,0,0,1,0,0,0,1,0,0,0,0,0
90.429568,0,0,0,0,1,0,1,0,0,1,0,1,0,1,0,0,1,0
90.449598,0,0,0,0,0,1,0,0,0,0,0,0,0,1,1,0,0,0
90.451273,0,0,0,0,0,0,0,1,0,0,0,0,0,0,0,0,0,1
90.454525,0,1,1,0,0,0,0,0,0,1,1,0,1,0,0,1,0,0
90.467650,1,0,0,1,0,0,1,0,0,1,1,0,1,1,1,0,1,0
90.484521,0,0,0,0,1,0,0,0,0,0,0,0,0,0,0,0,0,0
90.488768,0,0,1,0,0,0,0,0,1,0,0,0,1,0,0,0,0,0
90.500034,0,0,0,0,0,1,0,0,0,1,0,1,0,1,0,1,0,0
90.502542,0,0,0,0,0,0,0,1,0,0,0,0,0,0,0,0,0,1
90.514757,1,0,0,1,0,0,1,0,0,1,1,0,1,1,1,0,1,0
90.541317,0,0,1,0,0,0,0,0,1,0,0,0,1,0,0,0,0,0
90.542416,0,0,0,0,1,0,0,0,0,0,0,0,0,0,0,0,0,0
90.548994,0,0,0,0,0,1,0,0,0,1,0,1,0,1,0,1,0,0
90.551068,0,0,0,0,0,0,0,1,0,0,0,0,0,0,0,0,0,1
90.563472,1,0,0,1,0,0,1,0,0,1,1,0,1,1,1,0,1,0
90.589801,0,0,0,0,1,0,0,0,0,0,0,0,0,0,0,0,0,0
90.589813,0,0,1,0,0,0,0,0,1,0,0,0,1,0,0,0,0,0
90.601012,0,0,0,0,0,1,0,0,0,1,0,1,0,1,0,1,0,0
90.603683,0,0,0,0,0,0,0,1,0,0,0,0,0,0,0,0,0,1
90.613948,1,0,0,0,0,0,0,0,1,0,0,0,1,0,0,0,0,0
90.641831,0,0,0,0,1,0,1,0,0,1,0,1,0,1,0,0,1,0
90.650069,0,0,0,0,0,1,0,0,0,0,0,0,0,1,1,0,0,0
90.650666,0,0,0,0,0,0,0,1,0,0,0,0,0,0,0,0,0,1
90.662358,0,1,1,0,0,0,0,0,0,1,1,0,1,0,0,1,0,0
90.681510,1,0,0,0,0,0,0,0,1,0,0,0,1,0,0,0,0,0
90.690200,0,0,0,0,1,0,0,0,0,0,0,0,0,0,0,0,0,0
90.699751,0,0,0,0,0,1,1,0,0,1,0,1,0,1,0,1,0,0
90.701681,0,0,0,0,0,0,0,1,0,0,0,0,0,0,0,0,0,1
90.719033,1,0,0,1,0,0,0,0,0,1,1,0,1,0,0,0,1,0
90.737513,0,0,0,0,0,0,1,0,0,0,0,0,0,1,1,0,0,0
90.739792,0,0,0,0,1,0,0,0,0,0,0,0,0,0,0,0,0,0
90.739925,0,0,1,1,0,0,0,0,0,1,1,0,1,0,0,0,1,0
90.750830,0,0,0,0,0,1,0,0,0,0,0,0,0,1,1,0,0,0
90.753954,0,0,0,0,0,0,0,1,0,0,0,0,0,0,0,0,0,1
90.761068,0,1,1,0,0,0,0,0,0,1,1,0,1,0,0,1,0,0
90.779378,1,0,0,0,0,0,0,0,1,0,0,0,1,0,0,0,0,0
90.790985,0,0,0,0,1,0,0,0,0,0,0,0,0,0,0,0,0,0
90.795809,0,0,0,0,0,0,1,0,0,1,0,1,0,1,0,0,1,0
90.798938,0,0,0,0,0,0,0,1,0,0,0,0,0,0,0,0,0,1
90.800247,0,0,0,0,0,1,0,0,0,0,0,0,0,1,1,0,0,0
90.823233,0,1,1,0,0,0,0,0,0,1,1,0,1,0,0,1,0,0
90.835374,0,0,0,0,1,0,0,0,0,0,0,0,0,0,0,0,0,0
90.842397,1,0,0,0,0,0,0,0,1,0,0,0,1,0,0,0,0,0
90.848470,0,0,0,0,0,1,1,0,0,1,0,1,0,1,0,0,1,0
90.851403,0,0,0,0,0,0,0,1,0,0,0,0,0,0,0,0,0,1
90.876505,0,1,1,0,0,0,0,0,0,1,1,0,1,0,0,1,0,0
90.885164,0,0,0,0,1,0,0,0,0,0,0,0,0,0,0,0,0,0
90.888130,1,0,0,0,0,0,0,0,1,0,0,0,1,0,0,0,0,0
90.900953,0,0,0,0,0,1,1,0,0,1,0,1,0,1,0,1,0,0
90.901910,0,0,0,0,0,0,0,1,0,0,0,0,0,0,0,0,0,1
90.918515,1,0,0,1,0,0,1,0,0,1,1,0,1,1,1,0,1,0
90.941441,0,0,0,0,1,0,0,0,0,0,0,0,0,0,0,0,0,0
90.945959,0,0,1,1,0,0,0,0,0,1,1,0,1,0,0,0,1,0
90.947082,0,0,0,0,0,0,0,1,0,0,0,0,0,0,0,0,0,1
90.949267,0,0,0,0,0,1,0,0,0,0,0,0,0,1,1,0,0,0
90.969283,0,1,1,0,0,0,0,0,0,1,1,0,1,0,0,1,0,0
90.979725,1,0,0,0,0,0,0,0,1,0,0,0,1,0,0,0,0,0
90.985139,0,0,0,0,1,0,0,0,0,0,0,0,0,0,0,0,0,0
90.999343,0,0,0,0,0,1,1,0,0,1,0,1,0,1,0,1,0,0
90.999835,0,0,0,0,0,0,0,1,0,0,0,0,0,0,0,0,0,1
91.014824,1,0,0,1,0,0,1,0,0,1,1,0,1,1,1,0,1,0
91.036732,0,0,0,0,1,0,0,0,0,0,0,0,0,0,0,0,0,0
91.040644,0,0,1,1,0,0,0,0,0,1,1,0,1,0,0,0,1,0
91.050252,0,0,0,0,0,0,0,1,0,0,0,0,0,0,0,0,0,1
91.050335,0,0,0,0,0,1,0,0,0,0,0,0,0,1,1,0,0,0
91.068163,0,1,1,0,0,0,0,0,0,1,1,0,1,0,0,1,0,0
91.081773,1,0,0,0,0,0,0,0,1,0,0,0,1,0,0,0,0,0
91.087599,0,0,0,0,1,0,0,0,0,0,0,0,0,0,0,0,0,0
91.089139,0,0,0,0,0,0,1,0,0,1,0,1,0,1,0,0,1,0
91.099370,0,0,0,0,0,1,0,0,0,0,0,0,0,1,1,0,0,0
91.099948,0,0,0,0,0,0,0,1,0,0,0,0,0,0,0,0,0,1
91.114771,0,1,1,0,0,0,0,0,0,1,1,0,1,0,0,1,0,0
91.128977,1,0,0,0,0,0,0,0,1,0,0,0,1,0,0,0,0,0
91.133375,0,0,0,0,0,0,1,0,0,1,0,1,0,1,0,0,1,0
91.134895,0,0,0,0,1,0,0,0,0,0,0,0,0,0,0,0,0,0
91.150214,0,0,0,0,0,1,0,0,0,0,0,0,0,1,1,0,0,0
91.152614,0,0,0,0,0,0,0,1,0,0,0,0,0,0,0,0,0,1
91.158508,0,1,1,0,0,0,0,0,0,1,1,0,1,0,0,1,0,0
91.172859,1,0,0,1,0,0,1,0,0,1,1,0,1,1,1,0,1,0
91.188596,0,0,0,0,1,0,0,0,0,0,0,0,0,0,0,0,0,0
91.193178,0,0,1,0,0,0,0,0,1,0,0,0,1,0,0,0,0,0
91.198956,0,0,0,0,0,0,0,1,0,0,0,0,0,0,0,0,0,1
91.198980,0,0,0,0,0,1,0,0,0,1,0,1,0,1,0,1,0,0
91.217632,1,0,0,0,0,0,0,0,1,0,0,0,1,0,0,0,0,0
91.227985,0,0,0,0,0,0,1,0,0,1,0,1,0,1,0,0,1,0
91.230242,0,0,0,0,1,0,0,0,0,0,0,0,0,0,0,0,0,0
91.248502,0,0,0,0,0,0,0,1,0,0,0,0,0,0,0,0,0,1
91.249323,0,0,0,0,0,1,0,0,0,0,0,0,0,1,1,0,0,0
91.250878,0,1,1,0,0,0,0,0,0,1,1,0,1,0,0,1,0,0
91.267782,1,0,0,1,0,0,1,0,0,1,1,0,1,1,1,0,1,0
91.286285,0,0,0,0,1,0,0,0,0,0,0,0,0,0,0,0,0,0
91.292300,0,0,1,0,0,0,0,0,1,0,0,0,1,0,0,0,0,0
91.300182,0,0,0,0,0,1,0,0,0,1,0,1,0,1,0,1,0,0
91.301643,0,0,0,0,0,0,0,1,0,0,0,0,0,0,0,0,0,1
91.319928,1,0,0,0,0,0,0,0,1,0,0,0,1,0,0,0,0,0
91.341108,0,0,0,0,1,0,1,0,0,1,0,1,0,1,0,0,1,0
91.347736,0,0,0,0,0,0,0,1,0,0,0,0,0,0,0,0,0,1
91.350688,0,0,0,0,0,1,0,0,0,0,0,0,0,1,1,0,0,0
91.366521,0,1,1,0,0,0,0,0,0,1,1,0,1,0,0,1,0,0
91.383726,0,0,0,0,1,0,0,0,0,0,0,0,0,0,0,0,0,0
91.384788,1,0,0,1,0,0,1,0,0,1,1,0,1,1,1,0,1,0
91.398792,0,0,0,0,0,0,0,1,0,0,0,0,0,0,0,0,0,1
91.400448,0,0,0,0,0,1,0,0,0,0,0,0,0,1,1,0,0,0
91.406851,0,1,1,0,0,0,0,0,0,1,1,0,1,0,0,1,0,0
91.421786,1,0,0,0,0,0,0,0,1,0,0,0,1,0,0,0,0,0
91.430495,0,0,0,0,0,0,1,0,0,1,0,1,0,1,0,0,1,0
91.434687,0,0,0,0,1,0,0,0,0,0,0,0,0,0,0,0,0,0
91.450472,0,0,0,0,0,1,0,0,0,0,0,0,0,1,1,0,0,0
91.452675,0,0,0,0,0,0,0,1,0,0,0,0,0,0,0,0,0,1
91.456275,0,1,1,0,0,0,0,0,0,1,1,0,1,0,0,1,0,0
91.474470,1,0,0,1,0,0,1,0,0,1,1,0,1,1,1,0,1,0
91.487397,0,0,0,0,1,0,0,0,0,0,0,0,0,0,0,0,0,0
91.498862,0,0,0,0,0,0,0,1,0,0,0,0,0,0,0,0,0,1
91.500599,0,0,1,0,0,0,0,0,1,0,0,0,1,0,0,0,0,0
91.501695,0,0,0,0,0,1,0,0,0,1,0,1,0,1,0,1,0,0
91.519087,1,0,0,1,0,0,1,0,0,1,1,0,1,1,1,0,1,0
91.533520,0,0,0,0,1,0,0,0,0,0,0,0,0,0,0,0,0,0
91.539760,0,0,1,0,0,0,0,0,1,0,0,0,1,0,0,0,0,0
91.548240,0,0,0,0,0,1,0,0,0,1,0,1,0,1,0,1,0,0
91.553319,0,0,0,0,0,0,0,1,0,0,0,0,0,0,0,0,0,1
91.564700,1,0,0,0,0,0,0,0,1,0,0,0,1,0,0,0,0,0
91.589932,0,0,0,0,1,0,0,0,0,0,0,0,0,0,0,0,0,0
91.594280,0,0,0,0,0,0,1,0,0,1,0,1,0,1,0,0,1,0
91.599117,0,0,0,0,0,0,0,1,0,0,0,0,0,0,0,0,0,1
91.601046,0,0,0,0,0,1,0,0,0,0,0,0,0,1,1,0,0,0
91.618947,0,1,1,0,0,0,0,0,0,1,1,0,1,0,0,1,0,0
91.629469,1,0,0,1,0,0,1,0,0,1,1,0,1,1,1,0,1,0
91.635412,0,0,0,0,1,0,0,0,0,0,0,0,0,0,0,0,0,0
91.648728,0,0,0,0,0,0,0,1,0,0,0,0,0,0,0,0,0,1
91.649101,0,0,0,0,0,1,0,0,0,0,0,0,0,1,1,0,0,0
91.653092,0,1,1,0,0,0,0,0,0,1,1,0,1,0,0,1,0,0
91.666584,1,0,0,1,0,0,1,0,0,1,1,0,1,1,1,0,1,0
91.684130,0,0,0,0,1,0,0,0,0,0,0,0,0,0,0,0,0,0
91.691300,0,0,1,0,0,0,0,0,1,0,0,0,1,0,0,0,0,0
91.699020,0,0,0,0,0,1,0,0,0,1,0,1,0,1,0,1,0,0
91.702160,0,0,0,0,0,0,0,1,0,0,0,0,0,0,0,0,0,1
91.714416,1,0,0,1,0,0,1,0,0,1,1,0,1,1,1,0,1,0
91.735021,0,0,0,0,1,0,0,0,0,0,0,0,0,0,0,0,0,0
91.736196,0,0,1,0,0,0,0,0,1,0,0,0,1,0,0,0,0,0
91.748954,0,0,0,0,0,0,0,1,0,0,0,0,0,0,0,0,0,1
91.750240,0,0,0,0,0,1,0,0,0,1,0,1,0,1,0,1,0,0
91.761940,1,0,0,0,0,0,0,0,1,0,0,0,1,0,0,0,0,0
91.784943,0,0,0,0,1,0,0,0,0,0,0,0,0,0,0,0,0,0
91.795773,0,0,0,0,0,0,1,0,0,1,0,1,0,1,0,0,1,0
91.799903,0,0,0,0,0,1,0,0,0,0,0,0,0,1,1,0,0,0
91.800399,0,0,0,0,0,0,0,1,0,0,0,0,0,0,0,0,0,1
91.819289,0,1,1,0,0,0,0,0,0,1,1,0,1,0,0,1,0,0
91.834886,1,0,0,0,0,0,0,0,1,0,0,0,1,0,0,0,0,0
91.836461,0,0,0,0,1,0,0,0,0,0,0,0,0,0,0,0,0,0
91.850564,0,0,0,0,0,0,1,1,0,1,0,1,0,1,0,0,1,1
91.851021,0,0,0,0,0,1,0,0,0,0,0,0,0,1,1,0,0,0
91.880386,0,1,1,0,0,0,0,0,0,1,1,0,1,0,0,1,0,0
91.885429,0,0,0,0,1,0,0,0,0,0,0,0,0,0,0,0,0,0
91.891826,1,0,0,1,0,0,1,0,0,1,1,0,1,1,1,0,1,0
91.898741,0,0,0,0,0,1,0,0,0,0,0,0,0,1,1,0,0,0
91.899873,0,0,0,0,0,0,0,1,0,0,0,0,0,0,0,0,0,1
91.918320,0,1,1,0,0,0,0,0,0,1,1,0,1,0,0,1,0,0
91.930755,1,0,0,0,0,0,0,0,1,0,0,0,1,0,0,0,0,0
91.936016,0,0,0,0,0,0,1,0,0,1,0,1,0,1,0,0,1,0
91.938156,0,0,0,0,1,0,0,0,0,0,0,0,0,0,0,0,0,0
91.946660,0,0,0,0,0,0,0,1,0,0,0,0,0,0,0,0,0,1
91.949449,0,0,0,0,0,1,0,0,0,0,0,0,0,1,1,0,0,0
91.963338,0,1,1,0,0,0,0,0,0,1,1,0,1,0,0,1,0,0
91.975945,1,0,0,1,0,0,1,0,0,1,1,0,1,1,1,0,1,0
91.985909,0,0,0,0,1,0,0,0,0,0,0,0,0,0,0,0,0,0
91.998054,0,0,0,0,0,0,0,1,0,0,0,0,0,0,0,0,0,1
91.999312,0,0,1,0,0,0,0,0,1,0,0,0,1,0,0,0,0,0
92.000316,0,0,0,0,0,1,0,0,0,1,0,1,0,1,0,1,0,0
92.018076,1,0,0,1,0,0,1,0,0,1,1,0,1,1,1,0,1,0
92.034584,0,0,0,0,1,0,0,0,0,0,0,0,0,0,0,0,0,0
92.041419,0,0,1,0,0,0,0,0,1,0,0,0,1,0,0,0,0,0
92.049178,0,0,0,0,0,1,0,0,0,1,0,1,0,1,0,1,0,0
92.053655,0,0,0,0,0,0,0,1,0,0,0,0,0,0,0,0,0,1
92.059549,1,0,0,0,0,0,0,0,1,0,0,0,1,0,0,0,0,0
92.087034,0,0,0,0,1,0,0,0,0,0,0,0,0,0,0,0,0,0
92.099957,0,0,0,0,0,1,1,0,0,1,0,1,0,1,0,0,1,0
92.102019,0,0,0,0,0,0,0,1,0,0,0,0,0,0,0,0,0,1
92.121814,0,1,1,0,0,0,0,0,0,1,1,0,1,0,0,1,0,0
92.135846,1,0,0,0,0,0,0,0,1,0,0,0,1,0,0,0,0,0
92.136228,0,0,0,0,1,0,0,0,0,0,0,0,0,0,0,0,0,0
92.139885,0,0,0,0,0,0,1,0,0,1,0,1,0,1,0,0,1,0
92.147087,0,0,0,0,0,0,0,1,0,0,0,0,0,0,0,0,0,1
92.148215,0,0,0,0,0,1,0,0,0,0,0,0,0,1,1,0,0,0
92.161734,0,1,1,0,0,0,0,0,0,1,1,0,1,0,0,1,0,0
92.178125,1,0,0,0,0,0,0,0,1,0,0,0,1,0,0,0,0,0
92.186004,0,0,0,0,1,0,1,0,0,1,0,1,0,1,0,0,1,0
92.198953,0,0,0,0,0,0,0,1,0,0,0,0,0,0,0,0,0,1
92.199630,0,0,0,0,0,1,0,0,0,0,0,0,0,1,1,0,0,0
92.212616,0,1,1,0,0,0,0,0,0,1,1,0,1,0,0,1,0,0
92.225382,1,0,0,1,0,0,1,0,0,1,1,0,1,1,1,0,1,0
92.236727,0,0,0,0,1,0,0,0,0,0,0,0,0,0,0,0,0,0
92.250990,0,0,0,0,0,1,0,0,0,0,0,0,0,1,1,0,0,0
92.253466,0,0,0,0,0,0,0,1,0,0,0,0,0,0,0,0,0,1
92.255098,0,1,1,0,0,0,0,0,0,1,1,0,1,0,0,1,0,0
92.270507,1,0,0,1,0,0,1,0,0,1,1,0,1,1,1,0,1,0
92.292748,0,0,0,0,1,0,0,0,0,0,0,0,0,0,0,0,0,0
92.293040,0,0,1,0,0,0,0,0,1,0,0,0,1,0,0,0,0,0
92.298848,0,0,0,0,0,1,0,0,0,1,0,1,0,1,0,1,0,0
92.303691,0,0,0,0,0,0,0,1,0,0,0,0,0,0,0,0,0,1
92.318487,1,0,0,0,0,0,0,0,1,0,0,0,1,0,0,0,0,0
92.329512,0,0,0,0,0,0,1,0,0,1,0,1,0,1,0,0,1,0
92.335871,0,0,0,0,1,0,0,0,0,0,0,0,0,0,0,0,0,0
92.350593,0,0,0,0,0,1,0,0,0,0,0,0,0,1,1,0,0,0
92.352535,0,1,1,0,0,0,0,0,0,1,1,0,1,0,0,1,0,0
92.353234,0,0,0,0,0,0,0,1,0,0,0,0,0,0,0,0,0,1
92.363051,1,0,0,0,0,0,0,0,1,0,0,0,1,0,0,0,0,0
92.384924,0,0,0,0,1,0,0,0,0,0,0,0,0,0,0,0,0,0
92.399717,0,0,0,0,0,1,1,0,0,1,0,1,0,1,0,0,1,0
92.402159,0,0,0,0,0,0,0,1,0,0,0,0,0,0,0,0,0,1
92.424656,0,1,1,0,0,0,0,0,0,1,1,0,1,0,0,1,0,0
92.437142,1,0,0,0,0,0,0,0,1,0,0,0,1,0,0,0,0,0
92.438139,0,0,0,0,0,0,1,0,0,1,0,1,0,1,0,0,1,0
92.439133,0,0,0,0,1,0,0,0,0,0,0,0,0,0,0,0,0,0
92.448989,0,0,0,0,0,1,0,0,0,0,0,0,0,1,1,0,0,0
92.450180,0,0,0,0,0,0,0,1,0,0,0,0,0,0,0,0,0,1
92.466444,0,1,1,0,0,0,0,0,0,1,1,0,1,0,0,1,0,0
92.484867,1,0,0,1,0,0,1,0,0,1,1,0,1,1,1,0,1,0
92.486043,0,0,0,0,1,0,0,0,0,0,0,0,0,0,0,0,0,0
92.500861,0,0,0,0,0,1,0,0,0,0,0,0,0,1,1,0,0,0
92.502998,0,0,0,0,0,0,0,1,0,0,0,0,0,0,0,0,0,1
92.508227,0,1,1,0,0,0,0,0,0,1,1,0,1,0,0,1,0,0
92.524814,1,0,0,0,0,0,0,0,1,0,0,0,1,0,0,0,0,0
92.534006,0,0,0,0,0,0,1,0,0,1,0,1,0,1,0,0,1,0
92.538658,0,0,0,0,1,0,0,0,0,0,0,0,0,0,0,0,0,0
92.546284,0,0,0,0,0,0,0,1,0,0,0,0,0,0,0,0,0,1
92.549166,0,0,0,0,0,1,0,0,0,0,0,0,0,1,1,0,0,0
92.559143,0,1,1,0,0,0,0,0,0,1,1,0,1,0,0,1,0,0
92.574203,1,0,0,1,0,0,1,0,0,1,1,0,1,1,1,0,1,0
92.578512,0,0,0,0,1,0,0,0,0,0,0,0,0,0,0,0,0,0
92.599636,0,0,0,0,0,1,0,0,0,0,0,0,0,1,1,0,0,0
92.600248,0,1,1,0,0,0,0,0,0,1,1,0,1,0,0,1,0,0
92.601829,0,0,0,0,0,0,0,1,0,0,0,0,0,0,0,0,0,1
92.610616,1,0,0,0,0,0,0,0,1,0,0,0,1,0,0,0,0,0
92.639358,0,0,0,0,1,0,1,0,0,1,0,1,0,1,0,0,1,0
92.650064,0,0,0,0,0,0,0,1,0,0,0,0,0,0,0,0,0,1
92.650833,0,0,0,0,0,1,0,0,0,0,0,0,0,1,1,0,0,0
92.659648,0,1,1,0,0,0,0,0,0,1,1,0,1,0,0,1,0,0
92.672666,1,0,0,0,0,0,0,0,1,0,0,0,1,0,0,0,0,0
92.677450,0,0,0,0,0,0,1,0,0,1,0,1,0,1,0,0,1,0
92.685608,0,0,0,0,1,0,0,0,0,0,0,0,0,0,0,0,0,0
92.696793,0,0,0,0,0,0,0,1,0,0,0,0,0,0,0,0,0,1
92.700380,0,0,0,0,0,1,0,0,0,0,0,0,0,1,1,0,0,0
92.703990,0,1,1,0,0,0,0,0,0,1,1,0,1,0,0,1,0,0
92.715601,1,0,0,1,0,0,1,0,0,1,1,0,1,1,1,0,1,0
92.734290,0,0,0,0,1,0,0,0,0,0,0,0,0,0,0,0,0,0
92.744412,0,0,1,0,0,0,0,0,1,0,0,0,1,0,0,0,0,0
92.748084,0,0,0,0,0,0,0,1,0,0,0,0,0,0,0,0,0,1
92.749056,0,0,0,0,0,1,0,0,0,1,0,1,0,1,0,1,0,0
92.767232,1,0,0,1,0,0,1,0,0,1,1,0,1,1,1,0,1,0
92.785229,0,0,0,0,1,0,0,0,0,0,0,0,0,0,0,0,0,0
92.788767,0,0,1,0,0,0,0,0,1,0,0,0,1,0,0,0,0,0
92.799748,0,0,0,0,0,1,0,0,0,1,0,1,0,1,0,1,0,0
92.799794,0,0,0,0,0,0,0,1,0,0,0,0,0,0,0,0,0,1
92.812159,1,0,0,0,0,0,0,0,1,0,0,0,1,0,0,0,0,0
92.833935,0,0,0,0,1,0,0,0,0,0,0,0,0,0,0,0,0,0
92.848811,0,0,0,0,0,1,1,0,0,1,0,1,0,1,0,1,0,0
92.850368,0,0,0,0,0,0,0,1,0,0,0,0,0,0,0,0,0,1
92.864478,1,0,0,1,0,0,0,0,0,1,1,0,1,0,0,0,1,0
92.882753,0,0,0,0,1,0,1,0,0,0,0,0,0,1,1,0,0,0
92.891042,0,0,1,1,0,0,0,0,0,1,1,0,1,0,0,0,1,0
92.900243,0,0,0,0,0,1,0,0,0,0,0,0,0,1,1,0,0,0
92.902420,0,0,0,0,0,0,0,1,0,0,0,0,0,0,0,0,0,1
92.919169,0,1,1,0,0,0,0,0,0,1,1,0,1,0,0,1,0,0
92.934105,1,0,0,1,0,0,1,0,0,1,1,0,1,1,1,0,1,0
92.938780,0,0,0,0,1,0,0,0,0,0,0,0,0,0,0,0,0,0
92.950936,0,0,0,0,0,1,0,0,0,0,0,0,0,1,1,0,0,0
92.952059,0,0,0,0,0,0,0,1,0,0,0,0,0,0,0,0,0,1
92.960340,0,1,1,0,0,0,0,0,0,1,1,0,1,0,0,1,0,0
92.972391,1,0,0,1,0,0,1,0,0,1,1,0,1,1,1,0,1,0
92.990773,0,0,0,0,1,0,0,0,0,0,0,0,0,0,0,0,0,0
92.996583,0,0,1,0,0,0,0,0,1,0,0,0,1,0,0,0,0,0
93.001388,0,0,0,0,0,1,0,0,0,1,0,1,0,1,0,1,0,0
93.003129,0,0,0,0,0,0,0,1,0,0,0,0,0,0,0,0,0,1
93.015943,1,0,0,1,0,0,1,0,0,1,1,0,1,1,1,0,1,0
93.040742,0,0,1,0,0,0,0,0,1,0,0,0,1,0,0,0,0,0
93.042874,0,0,0,0,1,0,0,0,0,0,0,0,0,0,0,0,0,0
93.048956,0,0,0,0,0,1,0,0,0,1,0,1,0,1,0,1,0,0
93.052399,0,0,0,0,0,0,0,1,0,0,0,0,0,0,0,0,0,1
93.061058,1,0,0,1,0,0,1,0,0,1,1,0,1,1,1,0,1,0
93.082811,0,0,1,0,0,0,0,0,1,0,0,0,1,0,0,0,0,0
93.088441,0,0,0,0,1,0,0,0,0,0,0,0,0,0,0,0,0,0
93.097503,0,0,0,0,0,0,0,1,0,0,0,0,0,0,0,0,0,1
93.100177,0,0,0,0,0,1,0,0,0,1,0,1,0,1,0,1,0,0
93.110372,1,0,0,1,0,0,1,0,0,1,1,0,1,1,1,0,1,0
93.136039,0,0,1,0,0,0,0,0,1,0,0,0,1,0,0,0,0,0
93.137484,0,0,0,0,1,0,0,0,0,0,0,0,0,0,0,0,0,0
93.149439,0,0,0,0,0,0,0,1,0,0,0,0,0,0,0,0,0,1
93.149470,0,0,0,0,0,1,0,0,0,1,0,1,0,1,0,1,0,0
93.159949,1,0,0,1,0,0,1,0,0,1,1,0,1,1,1,0,1,0
93.182507,0,0,1,0,0,0,0,0,1,0,0,0,1,0,0,0,0,0
93.185841,0,0,0,0,1,0,0,0,0,0,0,0,0,0,0,0,0,0
93.199460,0,0,0,0,0,1,0,0,0,1,0,1,0,1,0,1,0,0
93.200204,0,0,0,0,0,0,0,1,0,0,0,0,0,0,0,0,0,1
93.216461,1,0,0,1,0,0,1,0,0,1,1,0,1,1,1,0,1,0
93.232020,0,0,0,0,1,0,0,0,0,0,0,0,0,0,0,0,0,0
93.241708,0,0,1,0,0,0,0,0,1,0,0,0,1,0,0,0,0,0
93.250974,0,0,0,0,0,0,0,1,0,0,0,0,0,0,0,0,0,1
93.251729,0,0,0,0,0,1,0,0,0,1,0,1,0,1,0,1,0,0
93.270636,1,0,0,1,0,0,1,0,0,1,1,0,1,1,1,0,1,0
93.289671,0,0,0,0,1,0,0,0,0,0,0,0,0,0,0,0,0,0
93.294620,0,0,1,0,0,0,0,0,1,0,0,0,1,0,0,0,0,0
93.298101,0,0,0,0,0,0,0,1,0,0,0,0,0,0,0,0,0,1
93.298173,0,0,0,0,0,1,0,0,0,1,0,1,0,1,0,1,0,0
93.312676,1,0,0,1,0,0,1,0,0,1,1,0,1,1,1,0,1,0
93.334349,0,0,0,0,1,0,0,0,0,0,0,0,0,0,0,0,0,0
93.337719,0,0,1,0,0,0,0,0,1,0,0,0,1,0,0,0,0,0
93.348968,0,0,0,0,0,0,0,1,0,0,0,0,0,0,0,0,0,1
93.351337,0,0,0,0,0,1,0,0,0,1,0,1,0,1,0,1,0,0
93.369202,1,0,0,1,0,0,1,0,0,1,1,0,1,1,1,0,1,0
93.381873,0,0,0,0,1,0,0,0,0,0,0,0,0,0,0,0,0,0
93.391067,0,0,1,0,0,0,0,0,1,0,0,0,1,0,0,0,0,0
93.401255,0,0,0,0,0,1,0,0,0,1,0,1,0,1,0,1,0,0
93.403612,0,0,0,0,0,0,0,1,0,0,0,0,0,0,0,0,0,1
93.420559,1,0,0,1,0,0,1,0,0,1,1,0,1,1,1,0,1,0
93.441364,0,0,0,0,1,0,0,0,0,0,0,0,0,0,0,0,0,0
93.446304,0,0,1,0,0,0,0,0,1,0,0,0,1,0,0,0,0,0
93.450428,0,0,0,0,0,1,0,0,0,1,0,1,0,1,0,1,0,0
93.451662,0,0,0,0,0,0,0,1,0,0,0,0,0,0,0,0,0,1
93.465847,1,0,0,0,0,0,0,0,1,0,0,0,1,0,0,0,0,0
93.486568,0,0,0,0,1,0,1,0,0,1,0,1,0,1,0,0,1,0
93.498922,0,0,0,0,0,1,0,0,0,0,0,0,0,1,1,0,0,0
93.502235,0,0,0,0,0,0,0,1,0,0,0,0,0,0,0,0,0,1
93.511671,0,1,1,0,0,0,0,0,0,1,1,0,1,0,0,1,0,0
93.522875,1,0,0,1,0,0,1,0,0,1,1,0,1,1,1,0,1,0
93.540679,0,0,0,0,1,0,0,0,0,0,0,0,0,0,0,0,0,0
93.544320,0,0,1,0,0,0,0,0,1,0,0,0,1,0,0,0,0,0
93.550221,0,0,0,0,0,1,0,0,0,1,0,1,0,1,0,1,0,0
93.552711,0,0,0,0,0,0,0,1,0,0,0,0,0,0,0,0,0,1
93.568724,1,0,0,1,0,0,1,0,0,1,1,0,1,1,1,0,1,0
93.585425,0,0,0,0,1,0,0,0,0,0,0,0,0,0,0,0,0,0
93.593466,0,0,1,0,0,0,0,0,1,0,0,0,1,0,0,0,0,0
93.597961,0,0,0,0,0,0,0,1,0,0,0,0,0,0,0,0,0,1
93.600075,0,0,0,0,0,1,0,0,0,1,0,1,0,1,0,1,0,0
93.610644,1,0,0,0,0,0,0,0,1,0,0,0,1,0,0,0,0,0
93.629498,0,0,0,0,1,0,1,0,0,1,0,1,0,1,0,0,1,0
93.648965,0,0,0,0,0,0,0,1,0,0,0,0,0,0,0,0,0,1
93.649815,0,0,0,0,0,1,0,0,0,0,0,0,0,1,1,0,0,0
93.657101,0,1,1,0,0,0,0,0,0,1,1,0,1,0,0,1,0,0
93.675077,1,0,0,0,0,0,0,0,1,0,0,0,1,0,0,0,0,0
93.682780,0,0,0,0,1,0,1,0,0,1,0,1,0,1,0,0,1,0
93.698663,0,0,0,0,0,1,0,0,0,0,0,0,0,1,1,0,0,0
93.700551,0,0,0,0,0,0,0,1,0,0,0,0,0,0,0,0,0,1
93.707856,0,1,1,0,0,0,0,0,0,1,1,0,1,0,0,1,0,0
93.718073,1,0,0,0,0,0,0,0,1,0,0,0,1,0,0,0,0,0
93.722589,0,0,0,0,0,0,1,0,0,1,0,1,0,1,0,0,1,0
93.734969,0,0,0,0,1,0,0,0,0,0,0,0,0,0,0,0,0,0
93.744077,0,0,1,0,0,0,0,0,1,0,0,0,1,0,0,0,0,0
93.749710,0,0,0,0,0,0,0,1,0,0,0,0,0,0,0,0,0,1
93.749858,0,0,0,0,0,1,0,0,0,1,0,1,0,1,0,1,0,0
93.761146,1,0,0,1,0,0,1,0,0,1,1,0,1,1,1,0,1,0
93.786456,0,0,0,0,1,0,0,0,0,0,0,0,0,0,0,0,0,0
93.787518,0,0,1,0,0,0,0,0,1,0,0,0,1,0,0,0,0,0
93.799610,0,0,0,0,0,0,0,1,0,0,0,0,0,0,0,0,0,1
93.801845,0,0,0,0,0,1,0,0,0,1,0,1,0,1,0,1,0,0
93.817029,1,0,0,0,0,0,0,0,1,0,0,0,1,0,0,0,0,0
93.818229,0,0,0,0,0,0,1,0,0,1,0,1,0,1,0,0,1,0
93.838842,0,0,0,0,1,0,0,0,0,0,0,0,0,0,0,0,0,0
93.839238,0,0,1,0,0,0,0,0,1,0,0,0,1,0,0,0,0,0
93.850705,0,0,0,0,0,1,0,0,0,1,0,1,0,1,0,1,0,0
93.852354,0,0,0,0,0,0,0,1,0,0,0,0,0,0,0,0,0,1
93.865742,1,0,0,0,0,0,0,0,1,0,0,0,1,0,0,0,0,0
93.890973,0,0,0,0,1,0,0,0,0,0,0,0,0,0,0,0,0,0
93.894632,0,0,0,0,0,0,1,0,0,1,0,1,0,1,0,0,1,0
93.900318,0,0,0,0,0,1,0,0,0,0,0,0,0,1,1,0,0,0
93.901849,0,0,0,0,0,0,0,1,0,0,0,0,0,0,0,0,0,1
93.914785,0,1,1,0,0,0,0,0,0,1,1,0,1,0,0,1,0,0
93.927938,1,0,0,0,0,0,0,0,1,0,0,0,1,0,0,0,0,0
93.935867,0,0,0,0,1,0,1,0,0,1,0,1,0,1,0,0,1,0
93.949171,0,0,0,0,0,1,0,0,0,0,0,0,0,1,1,0,0,0
93.950412,0,0,0,0,0,0,0,1,0,0,0,0,0,0,0,0,0,1
93.963831,0,1,1,0,0,0,0,0,0,1,1,0,1,0,0,1,0,0
93.977408,1,0,0,1,0,0,1,0,0,1,1,0,1,1,1,0,1,0
93.989836,0,0,0,0,1,0,0,0,0,0,0,0,0,0,0,0,0,0
93.998667,0,0,0,0,0,1,0,0,0,0,0,0,0,1,1,0,0,0
93.998708,0,0,0,0,0,0,0,1,0,0,0,0,0,0,0,0,0,1
94.000664,0,1,1,0,0,0,0,0,0,1,1,0,1,0,0,1,0,0
94.018939,1,0,0,1,0,0,1,0,0,1,1,0,1,1,1,0,1,0
94.038198,0,0,0,0,1,0,0,0,0,0,0,0,0,0,0,0,0,0
94.044381,0,0,1,0,0,0,0,0,1,0,0,0,1,0,0,0,0,0
94.051377,0,0,0,0,0,0,0,1,0,0,0,0,0,0,0,0,0,1
94.051600,0,0,0,0,0,1,0,0,0,1,0,1,0,1,0,1,0,0
94.066149,1,0,0,1,0,0,1,0,0,1,1,0,1,1,1,0,1,0
94.086671,0,0,0,0,1,0,0,0,0,0,0,0,0,0,0,0,0,0
94.094581,0,0,1,0,0,0,0,0,1,0,0,0,1,0,0,0,0,0
94.096929,0,0,0,0,0,0,0,1,0,0,0,0,0,0,0,0,0,1
94.099530,0,0,0,0,0,1,0,0,0,1,0,1,0,1,0,1,0,0
94.115070,1,0,0,1,0,0,1,0,0,1,1,0,1,1,1,0,1,0
94.133239,0,0,0,0,1,0,0,0,0,0,0,0,0,0,0,0,0,0
94.138017,0,0,1,0,0,0,0,0,1,0,0,0,1,0,0,0,0,0
94.149322,0,0,0,0,0,0,0,1,0,0,0,0,0,0,0,0,0,1
94.149455,0,0,0,0,0,1,0,0,0,1,0,1,0,1,0,1,0,0
94.166967,1,0,0,1,0,0,1,0,0,1,1,0,1,1,1,0,1,0
94.187843,0,0,0,0,1,0,0,0,0,0,0,0,0,0,0,0,0,0
94.188459,0,0,1,0,0,0,0,0,1,0,0,0,1,0,0,0,0,0
94.199970,0,0,0,0,0,1,0,0,0,1,0,1,0,1,0,1,0,0
94.203159,0,0,0,0,0,0,0,1,0,0,0,0,0,0,0,0,0,1
94.214894,1,0,0,1,0,0,1,0,0,1,1,0,1,1,1,0,1,0
94.238773,0,0,1,0,0,0,0,0,1,0,0,0,1,0,0,0,0,0
94.240506,0,0,0,0,1,0,0,0,0,0,0,0,0,0,0,0,0,0
94.249457,0,0,0,0,0,1,0,0,0,1,0,1,0,1,0,1,0,0
94.252675,0,0,0,0,0,0,0,1,0,0,0,0,0,0,0,0,0,1
94.265099,1,0,0,0,0,0,0,0,1,0,0,0,1,0,0,0,0,0
94.290711,0,0,0,0,1,0,1,0,0,1,0,1,0,1,0,0,1,0
94.298280,0,0,0,0,0,0,0,1,0,0,0,0,0,0,0,0,0,1
94.300232,0,0,0,0,0,1,0,0,0,0,0,0,0,1,1,0,0,0
94.318696,0,1,1,0,0,0,0,0,0,1,1,0,1,0,0,1,0,0
94.333423,1,0,0,1,0,0,1,0,0,1,1,0,1,1,1,0,1,0
94.333791,0,0,0,0,1,0,0,0,0,0,0,0,0,0,0,0,0,0
94.347189,0,0,0,0,0,0,0,1,0,0,0,0,0,0,0,0,0,1
94.349532,0,0,0,0,0,1,0,0,0,0,0,0,0,1,1,0,0,0
94.358492,0,1,1,0,0,0,0,0,0,1,1,0,1,0,0,1,0,0
94.375348,1,0,0,0,0,0,0,0,1,0,0,0,1,0,0,0,0,0
94.384254,0,0,0,0,1,0,0,0,0,0,0,0,0,0,0,0,0,0
94.398362,0,0,0,0,0,0,0,1,0,0,0,0,0,0,0,0,0,1
94.399918,0,0,0,0,0,0,1,0,0,1,0,1,0,1,0,0,1,0
94.401105,0,0,0,0,0,1,0,0,0,0,0,0,0,1,1,0,0,0
94.424781,0,1,1,0,0,0,0,0,0,1,1,0,1,0,0,1,0,0
94.437660,0,0,0,0,1,0,0,0,0,0,0,0,0,0,0,0,0,0
94.439474,1,0,0,1,0,0,1,0,0,1,1,0,1,1,1,0,1,0
94.450444,0,0,0,0,0,1,0,0,0,0,0,0,0,1,1,0,0,0
94.450634,0,0,0,0,0,0,0,1,0,0,0,0,0,0,0,0,0,1
94.462756,0,1,1,0,0,0,0,0,0,1,1,0,1,0,0,1,0,0
94.480544,1,0,0,0,0,0,0,0,1,0,0,0,1,0,0,0,0,0
94.488154,0,0,0,0,1,0,0,0,0,0,0,0,0,0,0,0,0,0
94.491134,0,0,0,0,0,0,1,0,0,1,0,1,0,1,0,0,1,0
94.497968,0,0,0,0,0,0,0,1,0,0,0,0,0,0,0,0,0,1
94.499610,0,0,0,0,0,1,0,0,0,0,0,0,0,1,1,0,0,0
94.518953,0,1,1,0,0,0,0,0,0,1,1,0,1,0,0,1,0,0
94.535074,1,0,0,1,0,0,1,0,0,1,1,0,1,1,1,0,1,0
94.536768,0,0,0,0,1,0,0,0,0,0,0,0,0,0,0,0,0,0
94.546569,0,0,0,0,0,0,0,1,0,0,0,0,0,0,0,0,0,1
94.550867,0,0,0,0,0,1,0,0,0,0,0,0,0,1,1,0,0,0
94.564436,0,1,1,0,0,0,0,0,0,1,1,0,1,0,0,1,0,0
94.579365,1,0,0,0,0,0,0,0,1,0,0,0,1,0,0,0,0,0
94.584812,0,0,0,0,1,0,0,0,0,0,0,0,0,0,0,0,0,0
94.595294,0,0,0,0,0,0,1,0,0,1,0,1,0,1,0,0,1,0
94.596445,0,0,0,0,0,0,0,1,0,0,0,0,0,0,0,0,0,1
94.600619,0,0,0,0,0,1,0,0,0,0,0,0,0,1,1,0,0,0
94.625137,0,1,1,0,0,0,0,0,0,1,1,0,1,0,0,1,0,0
94.631951,0,0,0,0,1,0,0,0,0,0,0,0,0,0,0,0,0,0
94.638202,1,0,0,0,0,0,0,0,1,0,0,0,1,0,0,0,0,0
94.650102,0,0,0,0,0,1,0,0,0,1,0,1,0,1,0,1,0,0
94.651205,0,0,0,0,0,0,1,0,0,0,0,0,0,1,1,0,0,0
94.653547,0,0,0,0,0,0,0,1,0,0,0,0,0,0,0,0,0,1
94.665678,1,0,0,1,0,0,1,0,0,1,1,0,1,1,1,0,1,0
94.686123,0,0,0,0,1,0,0,0,0,0,0,0,0,0,0,0,0,0
94.688273,0,0,1,1,0,0,0,0,0,1,1,0,1,0,0,0,1,0
94.698004,0,0,0,0,0,1,0,0,0,0,0,0,0,1,1,0,0,0
94.700325,0,0,0,0,0,0,0,1,0,0,0,0,0,0,0,0,0,1
94.715990,0,1,1,0,0,0,0,0,0,1,1,0,1,0,0,1,0,0
94.727420,1,0,0,1,0,0,1,0,0,1,1,0,1,1,1,0,1,0
94.734142,0,0,0,0,1,0,0,0,0,0,0,0,0,0,0,0,0,0
94.748187,0,0,1,0,0,0,0,0,1,0,0,0,1,0,0,0,0,0
94.749187,0,0,0,0,0,0,0,1,0,0,0,0,0,0,0,0,0,1
94.751228,0,0,0,0,0,1,0,0,0,1,0,1,0,1,0,1,0,0
94.768870,1,0,0,1,0,0,1,0,0,1,1,0,1,1,1,0,1,0
94.781889,0,0,0,0,1,0,0,0,0,0,0,0,0,0,0,0,0,0
94.789304,0,0,1,0,0,0,0,0,1,0,0,0,1,0,0,0,0,0
94.798750,0,0,0,0,0,0,0,1,0,0,0,0,0,0,0,0,0,1
94.800541,0,0,0,0,0,1,0,0,0,1,0,1,0,1,0,1,0,0
94.815993,1,0,0,0,0,0,0,0,1,0,0,0,1,0,0,0,0,0
94.834522,0,0,0,0,1,0,1,0,0,1,0,1,0,1,0,0,1,0
94.850528,0,0,0,0,0,1,0,0,0,0,0,0,0,1,1,0,0,0
94.852756,0,0,0,0,0,0,0,1,0,0,0,0,0,0,0,0,0,1
94.864112,0,1,1,0,0,0,0,0,0,1,1,0,1,0,0,1,0,0
94.881444,1,0,0,0,0,0,0,0,1,0,0,0,1,0,0,0,0,0
94.887600,0,0,0,0,1,0,1,0,0,1,0,1,0,1,0,0,1,0
94.898005,0,0,0,0,0,0,0,1,0,0,0,0,0,0,0,0,0,1
94.898915,0,0,0,0,0,1,0,0,0,0,0,0,0,1,1,0,0,0
94.908658,0,1,1,0,0,0,0,0,0,1,1,0,1,0,0,1,0,0
94.925777,1,0,0,0,0,0,0,0,1,0,0,0,1,0,0,0,0,0
94.935058,0,0,0,0,1,0,1,0,0,1,0,1,0,1,0,0,1,0
94.949283,0,0,0,0,0,0,0,1,0,0,0,0,0,0,0,0,0,1
94.950192,0,0,0,0,0,1,0,0,0,0,0,0,0,1,1,0,0,0
94.955919,0,1,1,0,0,0,0,0,0,1,1,0,1,0,0,1,0,0
94.968988,1,0,0,0,0,0,0,0,1,0,0,0,1,0,0,0,0,0
94.986408,0,0,0,0,1,0,0,0,0,0,0,0,0,0,0,0,0,0
94.998544,0,0,0,0,0,0,0,1,0,0,0,0,0,0,0,0,0,1
94.998966,0,0,0,0,0,0,1,0,0,1,0,1,0,1,0,0,1,0
94.999387,0,0,0,0,0,1,0,0,0,0,0,0,0,1,1,0,0,0
95.019478,0,1,1,0,0,0,0,0,0,1,1,0,1,0,0,1,0,0
95.031040,0,0,0,0,1,0,0,0,0,0,0,0,0,0,0,0,0,0
95.035714,1,0,0,1,0,0,1,0,0,1,1,0,1,1,1,0,1,0
95.047513,0,0,0,0,0,0,0,1,0,0,0,0,0,0,0,0,0,1
95.049456,0,0,0,0,0,1,0,0,0,0,0,0,0,1,1,0,0,0
95.063450,0,1,1,0,0,0,0,0,0,1,1,0,1,0,0,1,0,0
95.082898,1,0,0,0,0,0,0,0,1,0,0,0,1,0,0,0,0,0
95.083173,0,0,0,0,0,0,1,0,0,1,0,1,0,1,0,0,1,0
95.083448,0,0,0,0,1,0,0,0,0,0,0,0,0,0,0,0,0,0
95.098890,0,0,0,0,0,1,0,0,0,0,0,0,0,1,1,0,0,0
95.099877,0,0,0,0,0,0,0,1,0,0,0,0,0,0,0,0,0,1
95.108517,0,1,1,0,0,0,0,0,0,1,1,0,1,0,0,1,0,0
95.125797,1,0,0,0,0,0,0,0,1,0,0,0,1,0,0,0,0,0
95.133894,0,0,0,0,0,0,1,0,0,1,0,1,0,1,0,0,1,0
95.135808,0,0,0,0,1,0,0,0,0,0,0,0,0,0,0,0,0,0
95.146564,0,0,0,0,0,0,0,1,0,0,0,0,0,0,0,0,0,1
95.150426,0,0,0,0,0,1,0,0,0,0,0,0,0,1,1,0,0,0
95.155247,0,1,1,0,0,0,0,0,0,1,1,0,1,0,0,1,0,0
95.170638,1,0,0,1,0,0,1,0,0,1,1,0,1,1,1,0,1,0
95.182041,0,0,0,0,1,0,0,0,0,0,0,0,0,0,0,0,0,0
95.198531,0,0,1,0,0,0,0,0,1,0,0,0,1,0,0,0,0,0
95.199708,0,0,0,0,0,1,0,0,0,1,0,1,0,1,0,1,0,0
95.203084,0,0,0,0,0,0,0,1,0,0,0,0,0,0,0,0,0,1
95.209731,1,0,0,0,0,0,0,0,1,0,0,0,1,0,0,0,0,0
95.217576,0,0,0,0,0,0,1,0,0,1,0,1,0,1,0,0,1,0
95.233903,0,0,0,0,1,0,0,0,0,0,0,0,0,0,0,0,0,0
95.240745,0,0,1,0,0,0,0,0,1,0,0,0,1,0,0,0,0,0
95.249088,0,0,0,0,0,1,0,0,0,1,0,1,0,1,0,1,0,0
95.253319,0,0,0,0,0,0,0,1,0,0,0,0,0,0,0,0,0,1
95.259668,1,0,0,1,0,0,1,0,0,1,1,0,1,1,1,0,1,0
95.282952,0,0,1,0,0,0,0,0,1,0,0,0,1,0,0,0,0,0
95.284238,0,0,0,0,1,0,0,0,0,0,0,0,0,0,0,0,0,0
95.300452,0,0,0,0,0,0,0,1,0,0,0,0,0,0,0,0,0,1
95.300849,0,0,0,0,0,1,0,0,0,1,0,1,0,1,0,1,0,0
95.317674,1,0,0,1,0,0,1,0,0,1,1,0,1,1,1,0,1,0
95.338752,0,0,0,0,1,0,0,0,0,0,0,0,0,0,0,0,0,0
95.341031,0,0,1,0,0,0,0,0,1,0,0,0,1,0,0,0,0,0
95.350794,0,0,0,0,0,1,0,0,0,1,0,1,0,1,0,1,0,0
95.353412,0,0,0,0,0,0,0,1,0,0,0,0,0,0,0,0,0,1
95.361905,1,0,0,0,0,0,0,0,1,0,0,0,1,0,0,0,0,0
95.388637,0,0,0,0,1,0,1,0,0,1,0,1,0,1,0,0,1,0
95.399794,0,0,0,0,0,0,0,1,0,0,0,0,0,0,0,0,0,1
95.400966,0,0,0,0,0,1,0,0,0,0,0,0,0,1,1,0,0,0
95.409244,0,1,1,0,0,0,0,0,0,1,1,0,1,0,0,1,0,0
95.425149,1,0,0,0,0,0,0,0,1,0,0,0,1,0,0,0,0,0
95.435567,0,0,0,0,1,0,0,0,0,0,0,0,0,0,0,0,0,0
95.447574,0,0,0,0,0,0,1,1,0,1,0,1,0,1,0,0,1,1
95.448420,0,0,0,0,0,1,0,0,0,0,0,0,0,1,1,0,0,0
95.473346,0,1,1,0,0,0,0,0,0,1,1,0,1,0,0,1,0,0
95.482532,0,0,0,0,1,0,0,0,0,0,0,0,0,0,0,0,0,0
95.484400,1,0,0,1,0,0,1,0,0,1,1,0,1,1,1,0,1,0
95.499920,0,0,0,0,0,1,0,0,0,0,0,0,0,1,1,0,0,0
95.500667,0,0,0,0,0,0,0,1,0,0,0,0,0,0,0,0,0,1
95.507662,0,1,1,0,0,0,0,0,0,1,1,0,1,0,0,1,0,0
95.522945,1,0,0,0,0,0,0,0,1,0,0,0,1,0,0,0,0,0
95.537703,0,0,0,0,1,0,1,0,0,1,0,1,0,1,0,0,1,0
95.548307,0,0,0,0,0,0,0,1,0,0,0,0,0,0,0,0,0,1
95.549959,0,0,0,0,0,1,0,0,0,0,0,0,0,1,1,0,0,0
95.563331,0,1,1,0,0,0,0,0,0,1,1,0,1,0,0,1,0,0
95.580820,1,0,0,1,0,0,1,0,0,1,1,0,1,1,1,0,1,0
95.584988,0,0,0,0,1,0,0,0,0,0,0,0,0,0,0,0,0,0
95.599272,0,0,0,0,0,1,0,0,0,0,0,0,0,1,1,0,0,0
95.600648,0,0,0,0,0,0,0,1,0,0,0,0,0,0,0,0,0,1
95.602341,0,1,1,0,0,0,0,0,0,1,1,0,1,0,0,1,0,0
95.617487,1,0,0,0,0,0,0,0,1,0,0,0,1,0,0,0,0,0
95.634377,0,0,0,0,1,0,0,0,0,0,0,0,0,0,0,0,0,0
95.648518,0,0,0,0,0,1,0,0,0,1,0,1,0,1,0,1,0,0
95.650663,0,0,0,0,0,0,0,1,0,0,0,0,0,0,0,0,0,1
95.665394,1,0,0,0,0,0,0,0,1,0,0,0,1,0,0,0,0,0
95.687098,0,0,0,0,1,0,0,0,0,0,0,0,0,0,0,0,0,0
95.698279,0,0,0,0,0,0,1,1,0,1,0,1,0,1,0,0,1,1
95.699266,0,0,0,0,0,1,0,0,0,0,0,0,0,1,1,0,0,0
95.709491,0,0,0,0,0,0,1,0,0,0,0,0,0,1,1,0,0,0
