t,finish1,finish1_force,finish2,finish2_force,finish3,release1,release2,release3,res0_DROP,res0_EXECUTION,res0_FORCE,res0_FREE,res0_RELEASE,res0_SPAWN,res0_TAKEN,start1,start2,start3
0.000000,0,0,0,0,0,1,0,1,0,1,0,1,0,1,0,1,0,1
0.010042,1,0,0,1,0,0,1,0,0,1,1,0,1,1,1,0,1,0
0.032050,0,0,0,0,1,0,0,0,0,0,0,0,0,0,0,0,0,0
0.034214,0,0,1,0,0,0,0,0,1,0,0,0,1,0,0,0,0,0
0.049179,0,0,0,0,0,0,0,1,0,0,0,0,0,0,0,0,0,1
0.050691,0,0,0,0,0,1,0,0,0,1,0,1,0,1,0,1,0,0
0.064755,1,0,0,1,0,0,1,0,0,1,1,0,1,1,1,0,1,0
0.088636,0,0,0,0,1,0,0,0,0,0,0,0,0,0,0,0,0,0
0.091651,0,0,1,0,0,0,0,0,1,0,0,0,1,0,0,0,0,0
0.100859,0,0,0,0,0,1,0,0,0,1,0,1,0,1,0,1,0,0
0.103485,0,0,0,0,0,0,0,1,0,0,0,0,0,0,0,0,0,1
0.111842,1,0,0,1,0,0,1,0,0,1,1,0,1,1,1,0,1,0
0.139658,0,0,0,0,1,0,0,0,0,0,0,0,0,0,0,0,0,0
0.141723,0,0,1,0,0,0,0,0,1,0,0,0,1,0,0,0,0,0
0.148566,0,0,0,0,0,0,0,1,0,0,0,0,0,0,0,0,0,1
0.150193,0,0,0,0,0,1,0,0,0,1,0,1,0,1,0,1,0,0
0.167292,1,0,0,1,0,0,1,0,0,1,1,0,1,1,1,0,1,0
0.187232,0,0,0,0,1,0,0,0,0,0,0,0,0,0,0,0,0,0
0.189789,0,0,1,0,0,0,0,0,1,0,0,0,1,0,0,0,0,0
0.199402,0,0,0,0,0,1,0,0,0,1,0,1,0,1,0,1,0,0
0.201945,0,0,0,0,0,0,0,1,0,0,0,0,0,0,0,0,0,1
0.218240,1,0,0,1,0,0,1,0,0,1,1,0,1,1,1,0,1,0
0.234021,0,0,0,0,1,0,0,0,0,0,0,0,0,0,0,0,0,0
0.240120,0,0,1,0,0,0,0,0,1,0,0,0,1,0,0,0,0,0
0.250159,0,0,0,0,0,1,0,0,0,1,0,1,0,1,0,1,0,0
0.251294,0,0,0,0,0,0,0,1,0,0,0,0,0,0,0,0,0,1
0.264377,1,0,0,0,0,0,0,0,1,0,0,0,1,0,0,0,0,0
0.269175,0,0,0,0,0,0,1,0,0,1,0,1,0,1,0,0,1,0
0.287543,0,0,0,0,1,0,0,0,0,0,0,0,0,0,0,0,0,0
0.298148,0,0,1,0,0,0,0,0,1,0,0,0,1,0,0,0,0,0
0.298766,0,0,0,0,0,0,0,1,0,0,0,0,0,0,0,0,0,1
0.300209,0,0,0,0,0,1,0,0,0,1,0,1,0,1,0,1,0,0
0.310592,1,0,0,0,0,0,0,0,1,0,0,0,1,0,0,0,0,0
0.332453,0,0,0,0,1,0,1,0,0,1,0,1,0,1,0,0,1,0
0.349637,0,0,0,0,0,1,0,0,0,0,0,0,0,1,1,0,0,0
0.351369,0,0,0,0,0,0,0,1,0,0,0,0,0,0,0,0,0,1
0.362140,0,1,1,0,0,0,0,0,0,1,1,0,1,0,0,1,0,0
0.372919,1,0,0,0,0,0,0,0,1,0,0,0,1,0,0,0,0,0
0.390519,0,0,0,0,1,0,1,0,0,1,0,1,0,1,0,0,1,0
0.400352,0,0,0,0,0,1,0,0,0,0,0,0,0,1,1,0,0,0
0.401995,0,0,0,0,0,0,0,1,0,0,0,0,0,0,0,0,0,1
0.412363,0,1,1,0,0,0,0,0,0,1,1,0,1,0,0,1,0,0
0.425720,1,0,0,1,0,0,1,0,0,1,1,0,1,1,1,0,1,0
0.436819,0,0,0,0,1,0,0,0,0,0,0,0,0,0,0,0,0,0
0.449544,0,0,0,0,0,0,0,1,0,0,0,0,0,0,0,0,0,1
0.449691,0,0,0,0,0,1,0,0,0,0,0,0,0,1,1,0,0,0
0.450236,0,1,1,0,0,0,0,0,0,1,1,0,1,0,0,1,0,0
0.467889,1,0,0,0,0,0,0,0,1,0,0,0,1,0,0,0,0,0
0.483658,0,0,0,0,1,0,1,0,0,1,0,1,0,1,0,0,1,0
0.499982,0,0,0,0,0,0,0,1,0,0,0,0,0,0,0,0,0,1
0.501552,0,0,0,0,0,1,0,0,0,0,0,0,0,1,1,0,0,0
0.509187,0,1,1,0,0,0,0,0,0,1,1,0,1,0,0,1,0,0
0.528920,1,0,0,0,0,0,0,0,1,0,0,0,1,0,0,0,0,0
0.531217,0,0,0,0,0,0,1,0,0,1,0,1,0,1,0,0,1,0
0.535420,0,0,0,0,1,0,0,0,0,0,0,0,0,0,0,0,0,0
0.546853,0,0,0,0,0,0,0,1,0,0,0,0,0,0,0,0,0,1
0.550428,0,0,0,0,0,1,0,0,0,0,0,0,0,1,1,0,0,0
0.552702,0,1,1,0,0,0,0,0,0,1,1,0,1,0,0,1,0,0
0.567373,1,0,0,0,0,0,0,0,1,0,0,0,1,0,0,0,0,0
0.575239,0,0,0,0,0,0,1,0,0,1,0,1,0,1,0,0,1,0
0.582263,0,0,0,0,1,0,0,0,0,0,0,0,0,0,0,0,0,0
0.598614,0,0,0,0,0,0,0,1,0,0,0,0,0,0,0,0,0,1
0.599248,0,0,1,0,0,0,0,0,1,0,0,0,1,0,0,0,0,0
0.599815,0,0,0,0,0,1,0,0,0,1,0,1,0,1,0,1,0,0
0.615210,1,0,0,0,0,0,0,0,1,0,0,0,1,0,0,0,0,0
0.624515,0,0,0,0,0,0,1,0,0,1,0,1,0,1,0,0,1,0
0.633630,0,0,0,0,1,0,0,0,0,0,0,0,0,0,0,0,0,0
0.649428,0,0,0,0,0,1,0,0,0,0,0,0,0,1,1,0,0,0
0.650173,0,0,0,0,0,0,0,1,0,0,0,0,0,0,0,0,0,1
0.652501,0,1,1,0,0,0,0,0,0,1,1,0,1,0,0,1,0,0
0.663243,1,0,0,0,0,0,0,0,1,0,0,0,1,0,0,0,0,0
0.686214,0,0,0,0,1,0,0,0,0,0,0,0,0,0,0,0,0,0
0.696827,0,0,0,0,0,0,1,1,0,1,0,1,0,1,0,0,1,1
0.699570,0,0,0,0,0,1,0,0,0,0,0,0,0,1,1,0,0,0
0.724873,0,1,1,0,0,0,0,0,0,1,1,0,1,0,0,1,0,0
0.734279,0,0,0,0,1,0,0,0,0,0,0,0,0,0,0,0,0,0
0.737645,1,0,0,0,0,0,0,0,1,0,0,0,1,0,0,0,0,0
0.749674,0,0,0,0,0,0,1,1,0,1,0,1,0,1,0,0,1,1
0.751063,0,0,0,0,0,1,0,0,0,0,0,0,0,1,1,0,0,0
0.775657,0,1,1,0,0,0,0,0,0,1,1,0,1,0,0,1,0,0
0.786371,0,0,0,0,1,0,0,0,0,0,0,0,0,0,0,0,0,0
0.791149,1,0,0,1,0,0,1,0,0,1,1,0,1,1,1,0,1,0
0.798120,0,0,0,0,0,0,0,1,0,0,0,0,0,0,0,0,0,1
0.799912,0,0,0,0,0,1,0,0,0,0,0,0,0,1,1,0,0,0
0.817032,0,1,1,0,0,0,0,0,0,1,1,0,1,0,0,1,0,0
0.829899,1,0,0,1,0,0,1,0,0,1,1,0,1,1,1,0,1,0
0.834742,0,0,0,0,1,0,0,0,0,0,0,0,0,0,0,0,0,0
0.850091,0,0,0,0,0,0,0,1,0,0,0,0,0,0,0,0,0,1
0.850586,0,0,0,0,0,1,0,0,0,0,0,0,0,1,1,0,0,0
0.854994,0,1,1,0,0,0,0,0,0,1,1,0,1,0,0,1,0,0
0.869456,1,0,0,0,0,0,0,0,1,0,0,0,1,0,0,0,0,0
0.889658,0,0,0,0,1,0,1,0,0,1,0,1,0,1,0,0,1,0
0.899921,0,0,0,0,0,0,0,1,0,0,0,0,0,0,0,0,0,1
0.900595,0,0,0,0,0,1,0,0,0,0,0,0,0,1,1,0,0,0
0.917450,0,1,1,0,0,0,0,0,0,1,1,0,1,0,0,1,0,0
0.934733,1,0,0,1,0,0,1,0,0,1,1,0,1,1,1,0,1,0
0.939419,0,0,0,0,1,0,0,0,0,0,0,0,0,0,0,0,0,0
0.949027,0,0,0,0,0,0,0,1,0,0,0,0,0,0,0,0,0,1
0.950430,0,0,0,0,0,1,0,0,0,0,0,0,0,1,1,0,0,0
0.962548,0,1,1,0,0,0,0,0,0,1,1,0,1,0,0,1,0,0
0.980748,1,0,0,1,0,0,1,0,0,1,1,0,1,1,1,0,1,0
0.986173,0,0,0,0,1,0,0,0,0,0,0,0,0,0,0,0,0,0
1.001627,0,0,0,0,0,1,0,0,0,0,0,0,0,1,1,0,0,0
1.001937,0,0,0,0,0,0,0,1,0,0,0,0,0,0,0,0,0,1
1.010693,0,1,1,0,0,0,0,0,0,1,1,0,1,0,0,1,0,0
1.027622,1,0,0,1,0,0,1,0,0,1,1,0,1,1,1,0,1,0
1.037790,0,0,0,0,1,0,0,0,0,0,0,0,0,0,0,0,0,0
1.049654,0,0,0,0,0,1,0,0,0,0,0,0,0,1,1,0,0,0
1.051397,0,0,0,0,0,0,0,1,0,0,0,0,0,0,0,0,0,1
1.055864,0,1,1,0,0,0,0,0,0,1,1,0,1,0,0,1,0,0
1.071595,1,0,0,1,0,0,1,0,0,1,1,0,1,1,1,0,1,0
1.087321,0,0,0,0,1,0,0,0,0,0,0,0,0,0,0,0,0,0
1.094295,0,0,1,0,0,0,0,0,1,0,0,0,1,0,0,0,0,0
1.099519,0,0,0,0,0,1,0,0,0,1,0,1,0,1,0,1,0,0
1.102546,0,0,0,0,0,0,0,1,0,0,0,0,0,0,0,0,0,1
1.112463,1,0,0,1,0,0,1,0,0,1,1,0,1,1,1,0,1,0
1.135488,0,0,0,0,1,0,0,0,0,0,0,0,0,0,0,0,0,0
1.140544,0,0,1,0,0,0,0,0,1,0,0,0,1,0,0,0,0,0
1.150086,0,0,0,0,0,1,0,0,0,1,0,1,0,1,0,1,0,0
1.152563,0,0,0,0,0,0,0,1,0,0,0,0,0,0,0,0,0,1
1.168605,1,0,0,1,0,0,1,0,0,1,1,0,1,1,1,0,1,0
1.182982,0,0,0,0,1,0,0,0,0,0,0,0,0,0,0,0,0,0
1.197115,0,0,1,0,0,0,0,0,1,0,0,0,1,0,0,0,0,0
1.199550,0,0,0,0,0,1,0,0,0,1,0,1,0,1,0,1,0,0
1.203621,0,0,0,0,0,0,0,1,0,0,0,0,0,0,0,0,0,1
1.215222,1,0,0,1,0,0,1,0,0,1,1,0,1,1,1,0,1,0
1.241254,0,0,0,0,1,0,0,0,0,0,0,0,0,0,0,0,0,0
1.241316,0,0,1,0,0,0,0,0,1,0,0,0,1,0,0,0,0,0
1.250300,0,0,0,0,0,1,0,0,0,1,0,1,0,1,0,1,0,0
1.253517,0,0,0,0,0,0,0,1,0,0,0,0,0,0,0,0,0,1
1.263685,1,0,0,1,0,0,1,0,0,1,1,0,1,1,1,0,1,0
1.284242,0,0,1,0,0,0,0,0,1,0,0,0,1,0,0,0,0,0
1.288922,0,0,0,0,1,0,0,0,0,0,0,0,0,0,0,0,0,0
1.301485,0,0,0,0,0,1,0,0,0,1,0,1,0,1,0,1,0,0
1.302150,0,0,0,0,0,0,0,1,0,0,0,0,0,0,0,0,0,1
1.318621,1,0,0,1,0,0,1,0,0,1,1,0,1,1,1,0,1,0
1.339830,0,0,0,0,1,0,0,0,0,0,0,0,0,0,0,0,0,0
1.342159,0,0,1,0,0,0,0,0,1,0,0,0,1,0,0,0,0,0
1.350367,0,0,0,0,0,1,0,0,0,1,0,1,0,1,0,1,0,0
1.352068,0,0,0,0,0,0,0,1,0,0,0,0,0,0,0,0,0,1
1.361507,1,0,0,1,0,0,1,0,0,1,1,0,1,1,1,0,1,0
1.387864,0,0,0,0,1,0,0,0,0,0,0,0,0,0,0,0,0,0
1.389457,0,0,1,0,0,0,0,0,1,0,0,0,1,0,0,0,0,0
1.397598,0,0,0,0,0,0,0,1,0,0,0,0,0,0,0,0,0,1
1.398476,0,0,0,0,0,1,0,0,0,1,0,1,0,1,0,1,0,0
1.410600,1,0,0,1,0,0,1,0,0,1,1,0,1,1,1,0,1,0
1.434053,0,0,1,0,0,0,0,0,1,0,0,0,1,0,0,0,0,0
1.434494,0,0,0,0,1,0,0,0,0,0,0,0,0,0,0,0,0,0
1.450256,0,0,0,0,0,1,0,0,0,1,0,1,0,1,0,1,0,0
1.450986,0,0,0,0,0,0,0,1,0,0,0,0,0,0,0,0,0,1
1.467852,1,0,0,0,0,0,0,0,1,0,0,0,1,0,0,0,0,0
1.486368,0,0,0,0,1,0,0,0,0,0,0,0,0,0,0,0,0,0
1.496927,0,0,0,0,0,0,1,0,0,1,0,1,0,1,0,0,1,0
1.498703,0,0,0,0,0,0,0,1,0,0,0,0,0,0,0,0,0,1
1.500315,0,0,0,0,0,1,0,0,0,0,0,0,0,1,1,0,0,0
1.518727,0,1,1,0,0,0,0,0,0,1,1,0,1,0,0,1,0,0
1.533594,1,0,0,1,0,0,1,0,0,1,1,0,1,1,1,0,1,0
1.534144,0,0,0,0,1,0,0,0,0,0,0,0,0,0,0,0,0,0
1.548230,0,0,0,0,0,0,0,1,0,0,0,0,0,0,0,0,0,1
1.548905,0,0,0,0,0,1,0,0,0,0,0,0,0,1,1,0,0,0
1.561399,0,1,1,0,0,0,0,0,0,1,1,0,1,0,0,1,0,0
1.579512,1,0,0,0,0,0,0,0,1,0,0,0,1,0,0,0,0,0
1.579561,0,0,0,0,1,0,1,0,0,1,0,1,0,1,0,0,1,0
1.598342,0,0,0,0,0,0,0,1,0,0,0,0,0,0,0,0,0,1
1.599671,0,0,0,0,0,1,0,0,0,0,0,0,0,1,1,0,0,0
1.601212,0,1,1,0,0,0,0,0,0,1,1,0,1,0,0,1,0,0
1.620142,1,0,0,0,0,0,0,0,1,0,0,0,1,0,0,0,0,0
1.626343,0,0,0,0,0,0,1,0,0,1,0,1,0,1,0,0,1,0
1.637179,0,0,0,0,1,0,0,0,0,0,0,0,0,0,0,0,0,0
1.649036,0,0,0,0,0,1,0,0,0,0,0,0,0,1,1,0,0,0
1.649458,0,0,0,0,0,0,0,1,0,0,0,0,0,0,0,0,0,1
1.649716,0,1,1,0,0,0,0,0,0,1,1,0,1,0,0,1,0,0
1.660115,1,0,0,0,0,0,0,0,1,0,0,0,1,0,0,0,0,0
1.682534,0,0,0,0,0,0,1,0,0,1,0,1,0,1,0,0,1,0
1.685654,0,0,0,0,1,0,0,0,0,0,0,0,0,0,0,0,0,0
1.699614,0,0,0,0,0,1,0,0,0,0,0,0,0,1,1,0,0,0
1.700301,0,0,0,0,0,0,0,1,0,0,0,0,0,0,0,0,0,1
1.710949,0,1,1,0,0,0,0,0,0,1,1,0,1,0,0,1,0,0
1.721896,1,0,0,0,0,0,0,0,1,0,0,0,1,0,0,0,0,0
1.733146,0,0,0,0,1,0,0,0,0,0,0,0,0,0,0,0,0,0
1.748448,0,0,0,0,0,0,0,1,0,0,0,0,0,0,0,0,0,1
1.748781,0,0,0,0,0,1,1,0,0,1,0,1,0,1,0,1,0,0
1.760302,1,0,0,1,0,0,1,0,0,1,1,0,1,1,1,0,1,0
1.784419,0,0,0,0,1,0,0,0,0,0,0,0,0,0,0,0,0,0
1.787707,0,0,1,1,0,0,0,0,0,1,1,0,1,0,0,0,1,0
1.796212,0,0,0,0,0,0,0,1,0,0,0,0,0,0,0,0,0,1
1.799561,0,0,0,0,0,1,0,0,0,0,0,0,0,1,1,0,0,0
1.817109,0,1,1,0,0,0,0,0,0,1,1,0,1,0,0,1,0,0
1.829758,0,0,0,0,1,0,0,0,0,0,0,0,0,0,0,0,0,0
1.831871,1,0,0,0,0,0,0,0,1,0,0,0,1,0,0,0,0,0
1.843502,0,0,0,0,0,0,1,0,0,1,0,1,0,1,0,0,1,0
1.848695,0,0,0,0,0,0,0,1,0,0,0,0,0,0,0,0,0,1
1.849873,0,0,0,0,0,1,0,0,0,0,0,0,0,1,1,0,0,0
1.868031,0,1,1,0,0,0,0,0,0,1,1,0,1,0,0,1,0,0
1.880347,1,0,0,0,0,0,0,0,1,0,0,0,1,0,0,0,0,0
1.887904,0,0,0,0,1,0,0,0,0,0,0,0,0,0,0,0,0,0
1.901585,0,0,0,0,0,0,1,1,0,1,0,1,0,1,0,0,1,1
1.901595,0,0,0,0,0,1,0,0,0,0,0,0,0,1,1,0,0,0
1.926253,0,1,1,0,0,0,0,0,0,1,1,0,1,0,0,1,0,0
1.939484,0,0,0,0,1,0,0,0,0,0,0,0,0,0,0,0,0,0
1.940060,1,0,0,1,0,0,1,0,0,1,1,0,1,1,1,0,1,0
1.951021,0,0,0,0,0,0,0,1,0,0,0,0,0,0,0,0,0,1
1.951712,0,0,0,0,0,1,0,0,0,0,0,0,0,1,1,0,0,0
1.961573,0,1,1,0,0,0,0,0,0,1,1,0,1,0,0,1,0,0
1.977061,1,0,0,1,0,0,1,0,0,1,1,0,1,1,1,0,1,0
1.987253,0,0,0,0,1,0,0,0,0,0,0,0,0,0,0,0,0,0
1.998175,0,0,1,0,0,0,0,0,1,0,0,0,1,0,0,0,0,0
1.998638,0,0,0,0,0,1,0,0,0,1,0,1,0,1,0,1,0,0
2.001648,0,0,0,0,0,0,0,1,0,0,0,0,0,0,0,0,0,1
2.010896,1,0,0,0,0,0,0,0,1,0,0,0,1,0,0,0,0,0
2.036352,0,0,0,0,1,0,1,0,0,1,0,1,0,1,0,0,1,0
2.049767,0,0,0,0,0,1,0,0,0,0,0,0,0,1,1,0,0,0
2.053195,0,0,0,0,0,0,0,1,0,0,0,0,0,0,0,0,0,1
2.064551,0,1,1,0,0,0,0,0,0,1,1,0,1,0,0,1,0,0
2.079814,1,0,0,0,0,0,0,0,1,0,0,0,1,0,0,0,0,0
2.088048,0,0,0,0,1,0,1,0,0,1,0,1,0,1,0,0,1,0
2.100312,0,0,0,0,0,1,0,0,0,0,0,0,0,1,1,0,0,0
2.103538,0,0,0,0,0,0,0,1,0,0,0,0,0,0,0,0,0,1
2.111892,0,1,1,0,0,0,0,0,0,1,1,0,1,0,0,1,0,0
2.130499,1,0,0,1,0,0,1,0,0,1,1,0,1,1,1,0,1,0
2.141196,0,0,0,0,1,0,0,0,0,0,0,0,0,0,0,0,0,0
2.150009,0,0,0,0,0,0,0,1,0,0,0,0,0,0,0,0,0,1
2.150430,0,0,0,0,0,1,0,0,0,0,0,0,0,1,1,0,0,0
2.157332,0,1,1,0,0,0,0,0,0,1,1,0,1,0,0,1,0,0
2.167687,1,0,0,0,0,0,0,0,1,0,0,0,1,0,0,0,0,0
2.177302,0,0,0,0,0,0,1,0,0,1,0,1,0,1,0,0,1,0
2.184972,0,0,0,0,1,0,0,0,0,0,0,0,0,0,0,0,0,0
2.200133,0,0,1,0,0,0,0,0,1,0,0,0,1,0,0,0,0,0
2.200620,0,0,0,0,0,1,0,0,0,1,0,1,0,1,0,1,0,0
2.201560,0,0,0,0,0,0,0,1,0,0,0,0,0,0,0,0,0,1
2.215034,1,0,0,0,0,0,0,0,1,0,0,0,1,0,0,0,0,0
2.239123,0,0,0,0,1,0,0,0,0,0,0,0,0,0,0,0,0,0
2.249925,0,0,0,0,0,1,1,0,0,1,0,1,0,1,0,0,1,0
2.250385,0,0,0,0,0,0,0,1,0,0,0,0,0,0,0,0,0,1
2.274428,0,1,1,0,0,0,0,0,0,1,1,0,1,0,0,1,0,0
2.281241,0,0,0,0,1,0,0,0,0,0,0,0,0,0,0,0,0,0
2.287792,1,0,0,0,0,0,0,0,1,0,0,0,1,0,0,0,0,0
2.293494,0,0,0,0,0,0,1,0,0,1,0,1,0,1,0,0,1,0
2.299718,0,0,0,0,0,0,0,1,0,0,0,0,0,0,0,0,0,1
2.299864,0,0,0,0,0,1,0,0,0,0,0,0,0,1,1,0,0,0
2.316442,0,1,1,0,0,0,0,0,0,1,1,0,1,0,0,1,0,0
2.331093,1,0,0,0,0,0,0,0,1,0,0,0,1,0,0,0,0,0
2.333582,0,0,0,0,1,0,0,0,0,0,0,0,0,0,0,0,0,0
2.350065,0,0,0,0,0,1,1,0,0,1,0,1,0,1,0,0,1,0
2.351964,0,0,0,0,0,0,0,1,0,0,0,0,0,0,0,0,0,1
2.371593,0,1,1,0,0,0,0,0,0,1,1,0,1,0,0,1,0,0
2.383973,1,0,0,1,0,0,1,0,0,1,1,0,1,1,1,0,1,0
2.387348,0,0,0,0,1,0,0,0,0,0,0,0,0,0,0,0,0,0
2.398958,0,0,0,0,0,0,0,1,0,0,0,0,0,0,0,0,0,1
2.401126,0,0,0,0,0,1,0,0,0,0,0,0,0,1,1,0,0,0
2.410569,0,1,1,0,0,0,0,0,0,1,1,0,1,0,0,1,0,0
2.424306,1,0,0,1,0,0,1,0,0,1,1,0,1,1,1,0,1,0
2.437005,0,0,0,0,1,0,0,0,0,0,0,0,0,0,0,0,0,0
2.447067,0,0,1,0,0,0,0,0,1,0,0,0,1,0,0,0,0,0
2.449170,0,0,0,0,0,1,0,0,0,1,0,1,0,1,0,1,0,0
2.451014,0,0,0,0,0,0,0,1,0,0,0,0,0,0,0,0,0,1
2.467508,1,0,0,1,0,0,1,0,0,1,1,0,1,1,1,0,1,0
2.489236,0,0,0,0,1,0,0,0,0,0,0,0,0,0,0,0,0,0
2.489956,0,0,1,0,0,0,0,0,1,0,0,0,1,0,0,0,0,0
2.498692,0,0,0,0,0,0,0,1,0,0,0,0,0,0,0,0,0,1
2.500065,0,0,0,0,0,1,0,0,0,1,0,1,0,1,0,1,0,0
2.512077,1,0,0,0,0,0,0,0,1,0,0,0,1,0,0,0,0,0
2.534846,0,0,0,0,1,0,1,0,0,1,0,1,0,1,0,0,1,0
2.549254,0,0,0,0,0,1,0,0,0,0,0,0,0,1,1,0,0,0
2.552617,0,0,0,0,0,0,0,1,0,0,0,0,0,0,0,0,0,1
2.561194,0,1,1,0,0,0,0,0,0,1,1,0,1,0,0,1,0,0
2.572594,1,0,0,0,0,0,0,0,1,0,0,0,1,0,0,0,0,0
2.585272,0,0,0,0,1,0,1,0,0,1,0,1,0,1,0,0,1,0
2.599892,0,0,0,0,0,1,0,0,0,0,0,0,0,1,1,0,0,0
2.600658,0,0,0,0,0,0,0,1,0,0,0,0,0,0,0,0,0,1
2.612760,0,1,1,0,0,0,0,0,0,1,1,0,1,0,0,1,0,0
2.623391,1,0,0,1,0,0,1,0,0,1,1,0,1,1,1,0,1,0
2.635607,0,0,0,0,1,0,0,0,0,0,0,0,0,0,0,0,0,0
2.644934,0,0,1,0,0,0,0,0,1,0,0,0,1,0,0,0,0,0
2.646307,0,0,0,0,0,0,0,1,0,0,0,0,0,0,0,0,0,1
2.649496,0,0,0,0,0,1,0,0,0,1,0,1,0,1,0,1,0,0
2.660996,1,0,0,0,0,0,0,0,1,0,0,0,1,0,0,0,0,0
2.682639,0,0,0,0,1,0,0,0,0,0,0,0,0,0,0,0,0,0
2.699781,0,0,0,0,0,1,1,0,0,1,0,1,0,1,0,0,1,0
2.700490,0,0,0,0,0,0,0,1,0,0,0,0,0,0,0,0,0,1
2.722681,0,1,1,0,0,0,0,0,0,1,1,0,1,0,0,1,0,0
2.738332,0,0,0,0,1,0,0,0,0,0,0,0,0,0,0,0,0,0
2.741605,1,0,0,0,0,0,0,0,1,0,0,0,1,0,0,0,0,0
2.748337,0,0,0,0,0,1,1,0,0,1,0,1,0,1,0,1,0,0
2.750158,0,0,0,0,0,0,0,1,0,0,0,0,0,0,0,0,0,1
2.764607,1,0,0,1,0,0,0,0,0,1,1,0,1,0,0,0,1,0
2.783315,0,0,0,0,1,0,1,0,0,0,0,0,0,1,1,0,0,0
2.788600,0,0,1,1,0,0,0,0,0,1,1,0,1,0,0,0,1,0
2.800403,0,0,0,0,0,1,0,0,0,0,0,0,0,1,1,0,0,0
2.801940,0,0,0,0,0,0,0,1,0,0,0,0,0,0,0,0,0,1
2.809460,0,1,1,0,0,0,0,0,0,1,1,0,1,0,0,1,0,0
2.825018,1,0,0,1,0,0,1,0,0,1,1,0,1,1,1,0,1,0
2.837244,0,0,0,0,1,0,0,0,0,0,0,0,0,0,0,0,0,0
2.845502,0,0,1,0,0,0,0,0,1,0,0,0,1,0,0,0,0,0
2.848471,0,0,0,0,0,1,0,0,0,1,0,1,0,1,0,1,0,0
2.848803,0,0,0,0,0,0,0,1,0,0,0,0,0,0,0,0,0,1
2.867983,1,0,0,1,0,0,1,0,0,1,1,0,1,1,1,0,1,0
2.885318,0,0,0,0,1,0,0,0,0,0,0,0,0,0,0,0,0,0
2.897530,0,0,1,0,0,0,0,0,1,0,0,0,1,0,0,0,0,0
2.899560,0,0,0,0,0,0,0,1,0,0,0,0,0,0,0,0,0,1
2.900161,0,0,0,0,0,1,0,0,0,1,0,1,0,1,0,1,0,0
2.912258,1,0,0,0,0,0,0,0,1,0,0,0,1,0,0,0,0,0
2.932217,0,0,0,0,1,0,0,0,0,0,0,0,0,0,0,0,0,0
2.950222,0,0,0,0,0,1,0,0,0,1,0,1,0,1,0,1,0,0
2.953270,0,0,0,0,0,0,1,1,0,0,0,0,0,1,1,0,0,1
2.967816,1,0,0,1,0,0,0,0,0,1,1,0,1,0,0,0,1,0
2.984811,0,0,0,0,1,0,1,0,0,0,0,0,0,1,1,0,0,0
2.992475,0,0,1,1,0,0,0,0,0,1,1,0,1,0,0,0,1,0
2.999031,0,0,0,0,0,1,0,0,0,0,0,0,0,1,1,0,0,0
3.000653,0,0,0,0,0,0,0,1,0,0,0,0,0,0,0,0,0,1
3.020451,0,1,1,0,0,0,0,0,0,1,1,0,1,0,0,1,0,0
3.034554,0,0,0,0,1,0,0,0,0,0,0,0,0,0,0,0,0,0
3.036942,1,0,0,1,0,0,1,0,0,1,1,0,1,1,1,0,1,0
3.050843,0,0,0,0,0,1,0,0,0,0,0,0,0,1,1,0,0,0
3.051179,0,0,0,0,0,0,0,1,0,0,0,0,0,0,0,0,0,1
3.059216,0,1,1,0,0,0,0,0,0,1,1,0,1,0,0,1,0,0
3.070574,1,0,0,0,0,0,0,0,1,0,0,0,1,0,0,0,0,0
3.087600,0,0,0,0,1,0,1,0,0,1,0,1,0,1,0,0,1,0
3.098980,0,0,0,0,0,1,0,0,0,0,0,0,0,1,1,0,0,0
3.099764,0,0,0,0,0,0,0,1,0,0,0,0,0,0,0,0,0,1
3.114387,0,1,1,0,0,0,0,0,0,1,1,0,1,0,0,1,0,0
3.129332,1,0,0,0,0,0,0,0,1,0,0,0,1,0,0,0,0,0
3.134951,0,0,0,0,1,0,0,0,0,0,0,0,0,0,0,0,0,0
3.150456,0,0,0,0,0,1,1,0,0,1,0,1,0,1,0,0,1,0
3.152152,0,0,0,0,0,0,0,1,0,0,0,0,0,0,0,0,0,1
3.174539,0,1,1,0,0,0,0,0,0,1,1,0,1,0,0,1,0,0
3.187722,0,0,0,0,1,0,0,0,0,0,0,0,0,0,0,0,0,0
3.193168,1,0,0,0,0,0,0,0,1,0,0,0,1,0,0,0,0,0
3.197181,0,0,0,0,0,0,1,1,0,1,0,1,0,1,0,0,1,1
3.198274,0,0,0,0,0,1,0,0,0,0,0,0,0,1,1,0,0,0
3.220902,0,1,1,0,0,0,0,0,0,1,1,0,1,0,0,1,0,0
3.231884,0,0,0,0,1,0,0,0,0,0,0,0,0,0,0,0,0,0
3.235213,1,0,0,0,0,0,0,0,1,0,0,0,1,0,0,0,0,0
3.249035,0,0,0,0,0,1,0,0,0,1,0,1,0,1,0,1,0,0
3.250551,0,0,0,0,0,0,1,0,0,0,0,0,0,1,1,0,0,0
3.251660,0,0,0,0,0,0,0,1,0,0,0,0,0,0,0,0,0,1
3.261688,1,0,0,1,0,0,0,0,0,1,1,0,1,0,0,0,1,0
3.287576,0,0,1,1,0,0,1,0,0,1,1,0,1,1,1,0,1,0
3.290688,0,0,0,0,1,0,0,0,0,0,0,0,0,0,0,0,0,0
3.296268,0,0,0,0,0,0,0,1,0,0,0,0,0,0,0,0,0,1
3.298509,0,0,0,0,0,1,0,0,0,0,0,0,0,1,1,0,0,0
3.315159,0,1,1,0,0,0,0,0,0,1,1,0,1,0,0,1,0,0
3.326906,1,0,0,0,0,0,0,0,1,0,0,0,1,0,0,0,0,0
3.334863,0,0,0,0,1,0,0,0,0,0,0,0,0,0,0,0,0,0
3.347097,0,0,0,0,0,0,1,0,0,1,0,1,0,1,0,0,1,0
3.348572,0,0,0,0,0,0,0,1,0,0,0,0,0,0,0,0,0,1
3.350051,0,0,0,0,0,1,0,0,0,0,0,0,0,1,1,0,0,0
3.369131,0,1,1,0,0,0,0,0,0,1,1,0,1,0,0,1,0,0
3.383599,0,0,0,0,1,0,0,0,0,0,0,0,0,0,0,0,0,0
3.384579,1,0,0,0,0,0,0,0,1,0,0,0,1,0,0,0,0,0
3.396179,0,0,0,0,0,0,1,0,0,1,0,1,0,1,0,0,1,0
3.398383,0,0,0,0,0,0,0,1,0,0,0,0,0,0,0,0,0,1
3.400950,0,0,0,0,0,1,0,0,0,0,0,0,0,1,1,0,0,0
3.421171,0,1,1,0,0,0,0,0,0,1,1,0,1,0,0,1,0,0
3.434627,1,0,0,0,0,0,0,0,1,0,0,0,1,0,0,0,0,0
3.435399,0,0,0,0,1,0,1,0,0,1,0,1,0,1,0,0,1,0
3.448214,0,0,0,0,0,0,0,1,0,0,0,0,0,0,0,0,0,1
3.450617,0,0,0,0,0,1,0,0,0,0,0,0,0,1,1,0,0,0
3.459764,0,1,1,0,0,0,0,0,0,1,1,0,1,0,0,1,0,0
3.474023,1,0,0,0,0,0,0,0,1,0,0,0,1,0,0,0,0,0
3.478281,0,0,0,0,1,0,0,0,0,0,0,0,0,0,0,0,0,0
3.500850,0,0,0,0,0,1,1,0,0,1,0,1,0,1,0,1,0,0
3.503670,0,0,0,0,0,0,0,1,0,0,0,0,0,0,0,0,0,1
3.513655,1,0,0,1,0,0,0,0,0,1,1,0,1,0,0,0,1,0
3.542109,0,0,0,0,1,0,1,0,0,0,0,0,0,1,1,0,0,0
3.543078,0,0,1,1,0,0,0,0,0,1,1,0,1,0,0,0,1,0
3.551461,0,0,0,0,0,1,0,0,0,0,0,0,0,1,1,0,0,0
3.552767,0,0,0,0,0,0,0,1,0,0,0,0,0,0,0,0,0,1
3.566615,0,1,1,0,0,0,0,0,0,1,1,0,1,0,0,1,0,0
3.579673,1,0,0,1,0,0,1,0,0,1,1,0,1,1,1,0,1,0
3.590962,0,0,0,0,1,0,0,0,0,0,0,0,0,0,0,0,0,0
3.600633,0,0,0,0,0,1,0,0,0,0,0,0,0,1,1,0,0,0
3.602741,0,0,0,0,0,0,0,1,0,0,0,0,0,0,0,0,0,1
3.607431,0,1,1,0,0,0,0,0,0,1,1,0,1,0,0,1,0,0
3.618134,1,0,0,0,0,0,0,0,1,0,0,0,1,0,0,0,0,0
3.637490,0,0,0,0,0,0,1,0,0,1,0,1,0,1,0,0,1,0
3.639996,0,0,0,0,1,0,0,0,0,0,0,0,0,0,0,0,0,0
3.650831,0,0,0,0,0,1,0,0,0,0,0,0,0,1,1,0,0,0
3.651975,0,0,0,0,0,0,0,1,0,0,0,0,0,0,0,0,0,1
3.664520,0,1,1,0,0,0,0,0,0,1,1,0,1,0,0,1,0,0
3.683402,1,0,0,1,0,0,1,0,0,1,1,0,1,1,1,0,1,0
3.686454,0,0,0,0,1,0,0,0,0,0,0,0,0,0,0,0,0,0
3.699217,0,0,0,0,0,0,0,1,0,0,0,0,0,0,0,0,0,1
3.700411,0,0,0,0,0,1,0,0,0,0,0,0,0,1,1,0,0,0
3.706539,0,1,1,0,0,0,0,0,0,1,1,0,1,0,0,1,0,0
3.717941,1,0,0,0,0,0,0,0,1,0,0,0,1,0,0,0,0,0
3.730799,0,0,0,0,1,0,1,0,0,1,0,1,0,1,0,0,1,0
3.748983,0,0,0,0,0,0,0,1,0,0,0,0,0,0,0,0,0,1
3.750272,0,0,0,0,0,1,0,0,0,0,0,0,0,1,1,0,0,0
3.751353,0,1,1,0,0,0,0,0,0,1,1,0,1,0,0,1,0,0
3.764818,1,0,0,1,0,0,1,0,0,1,1,0,1,1,1,0,1,0
3.784962,0,0,1,0,0,0,0,0,1,0,0,0,1,0,0,0,0,0
3.786331,0,0,0,0,1,0,0,0,0,0,0,0,0,0,0,0,0,0
3.799845,0,0,0,0,0,1,0,0,0,1,0,1,0,1,0,1,0,0
3.800627,0,0,0,0,0,0,0,1,0,0,0,0,0,0,0,0,0,1
3.817291,1,0,0,1,0,0,1,0,0,1,1,0,1,1,1,0,1,0
3.839911,0,0,0,0,1,0,0,0,0,0,0,0,0,0,0,0,0,0
3.841932,0,0,1,0,0,0,0,0,1,0,0,0,1,0,0,0,0,0
3.850628,0,0,0,0,0,0,0,1,0,0,0,0,0,0,0,0,0,1
3.851255,0,0,0,0,0,1,0,0,0,1,0,1,0,1,0,1,0,0
3.867849,1,0,0,1,0,0,1,0,0,1,1,0,1,1,1,0,1,0
3.885858,0,0,0,0,1,0,0,0,0,0,0,0,0,0,0,0,0,0
3.896353,0,0,1,0,0,0,0,0,1,0,0,0,1,0,0,0,0,0
3.897772,0,0,0,0,0,0,0,1,0,0,0,0,0,0,0,0,0,1
3.899349,0,0,0,0,0,1,0,0,0,1,0,1,0,1,0,1,0,0
3.910838,1,0,0,1,0,0,1,0,0,1,1,0,1,1,1,0,1,0
3.930139,0,0,0,0,1,0,0,0,0,0,0,0,0,0,0,0,0,0
3.937000,0,0,1,0,0,0,0,0,1,0,0,0,1,0,0,0,0,0
3.949210,0,0,0,0,0,0,0,1,0,0,0,0,0,0,0,0,0,1
3.950545,0,0,0,0,0,1,0,0,0,1,0,1,0,1,0,1,0,0
3.967420,1,0,0,1,0,0,1,0,0,1,1,0,1,1,1,0,1,0
3.984760,0,0,0,0,1,0,0,0,0,0,0,0,0,0,0,0,0,0
3.996057,0,0,1,0,0,0,0,0,1,0,0,0,1,0,0,0,0,0
3.998551,0,0,0,0,0,0,0,1,0,0,0,0,0,0,0,0,0,1
4.000572,0,0,0,0,0,1,0,0,0,1,0,1,0,1,0,1,0,0
4.013613,1,0,0,1,0,0,1,0,0,1,1,0,1,1,1,0,1,0
4.034895,0,0,0,0,1,0,0,0,0,0,0,0,0,0,0,0,0,0
4.038074,0,0,1,0,0,0,0,0,1,0,0,0,1,0,0,0,0,0
4.047139,0,0,0,0,0,0,0,1,0,0,0,0,0,0,0,0,0,1
4.049532,0,0,0,0,0,1,0,0,0,1,0,1,0,1,0,1,0,0
4.061417,1,0,0,0,0,0,0,0,1,0,0,0,1,0,0,0,0,0
4.080805,0,0,0,0,0,0,1,0,0,1,0,1,0,1,0,0,1,0
4.083528,0,0,0,0,1,0,0,0,0,0,0,0,0,0,0,0,0,0
4.100948,0,0,0,0,0,1,0,0,0,0,0,0,0,1,1,0,0,0
4.101694,0,0,0,0,0,0,0,1,0,0,0,0,0,0,0,0,0,1
4.107604,0,1,1,0,0,0,0,0,0,1,1,0,1,0,0,1,0,0
4.121944,1,0,0,1,0,0,1,0,0,1,1,0,1,1,1,0,1,0
4.139223,0,0,0,0,1,0,0,0,0,0,0,0,0,0,0,0,0,0
4.148015,0,0,1,0,0,0,0,0,1,0,0,0,1,0,0,0,0,0
4.149503,0,0,0,0,0,1,0,0,0,1,0,1,0,1,0,1,0,0
4.152830,0,0,0,0,0,0,0,1,0,0,0,0,0,0,0,0,0,1
4.167722,1,0,0,1,0,0,1,0,0,1,1,0,1,1,1,0,1,0
4.188389,0,0,0,0,1,0,0,0,0,0,0,0,0,0,0,0,0,0
4.195189,0,0,1,0,0,0,0,0,1,0,0,0,1,0,0,0,0,0
4.199716,0,0,0,0,0,1,0,0,0,1,0,1,0,1,0,1,0,0
4.202170,0,0,0,0,0,0,0,1,0,0,0,0,0,0,0,0,0,1
4.217060,1,0,0,1,0,0,1,0,0,1,1,0,1,1,1,0,1,0
4.235083,0,0,0,0,1,0,0,0,0,0,0,0,0,0,0,0,0,0
4.242505,0,0,1,0,0,0,0,0,1,0,0,0,1,0,0,0,0,0
4.249041,0,0,0,0,0,1,0,0,0,1,0,1,0,1,0,1,0,0
4.250574,0,0,0,0,0,0,0,1,0,0,0,0,0,0,0,0,0,1
4.265186,1,0,0,0,0,0,0,0,1,0,0,0,1,0,0,0,0,0
4.282343,0,0,0,0,1,0,1,0,0,1,0,1,0,1,0,0,1,0
4.297028,0,0,0,0,0,0,0,1,0,0,0,0,0,0,0,0,0,1
4.300845,0,0,0,0,0,1,0,0,0,0,0,0,0,1,1,0,0,0
4.310109,0,1,1,0,0,0,0,0,0,1,1,0,1,0,0,1,0,0
4.320827,1,0,0,0,0,0,0,0,1,0,0,0,1,0,0,0,0,0
4.323433,0,0,0,0,0,0,1,0,0,1,0,1,0,1,0,0,1,0
4.331255,0,0,0,0,1,0,0,0,0,0,0,0,0,0,0,0,0,0
4.347162,0,0,1,0,0,0,0,0,1,0,0,0,1,0,0,0,0,0
4.349051,0,0,0,0,0,0,0,1,0,0,0,0,0,0,0,0,0,1
4.350137,0,0,0,0,0,1,0,0,0,1,0,1,0,1,0,1,0,0
4.364220,1,0,0,0,0,0,0,0,1,0,0,0,1,0,0,0,0,0
4.382462,0,0,0,0,0,0,1,0,0,1,0,1,0,1,0,0,1,0
4.388301,0,0,0,0,1,0,0,0,0,0,0,0,0,0,0,0,0,0
4.400088,0,0,0,0,0,1,0,0,0,0,0,0,0,1,1,0,0,0
4.400091,0,0,0,0,0,0,0,1,0,0,0,0,0,0,0,0,0,1
4.405513,0,1,1,0,0,0,0,0,0,1,1,0,1,0,0,1,0,0
4.422426,1,0,0,0,0,0,0,0,1,0,0,0,1,0,0,0,0,0
4.437405,0,0,0,0,1,0,1,0,0,1,0,1,0,1,0,0,1,0
4.446326,0,0,0,0,0,0,0,1,0,0,0,0,0,0,0,0,0,1
4.450226,0,0,0,0,0,1,0,0,0,0,0,0,0,1,1,0,0,0
4.464190,0,1,1,0,0,0,0,0,0,1,1,0,1,0,0,1,0,0
4.478193,1,0,0,0,0,0,0,0,1,0,0,0,1,0,0,0,0,0
4.481463,0,0,0,0,1,0,1,0,0,1,0,1,0,1,0,0,1,0
4.497750,0,0,0,0,0,0,0,1,0,0,0,0,0,0,0,0,0,1
4.498971,0,0,0,0,0,1,0,0,0,0,0,0,0,1,1,0,0,0
4.510436,0,1,1,0,0,0,0,0,0,1,1,0,1,0,0,1,0,0
4.525187,1,0,0,1,0,0,1,0,0,1,1,0,1,1,1,0,1,0
4.531149,0,0,0,0,1,0,0,0,0,0,0,0,0,0,0,0,0,0
4.548638,0,0,0,0,0,0,0,1,0,0,0,0,0,0,0,0,0,1
4.551676,0,0,0,0,0,1,0,0,0,0,0,0,0,1,1,0,0,0
4.551929,0,1,1,0,0,0,0,0,0,1,1,0,1,0,0,1,0,0
4.566876,1,0,0,1,0,0,1,0,0,1,1,0,1,1,1,0,1,0
4.586385,0,0,0,0,1,0,0,0,0,0,0,0,0,0,0,0,0,0
4.592004,0,0,1,0,0,0,0,0,1,0,0,0,1,0,0,0,0,0
4.600875,0,0,0,0,0,1,0,0,0,1,0,1,0,1,0,1,0,0
4.601049,0,0,0,0,0,0,0,1,0,0,0,0,0,0,0,0,0,1
4.614440,1,0,0,0,0,0,0,0,1,0,0,0,1,0,0,0,0,0
4.633174,0,0,0,0,0,0,1,0,0,1,0,1,0,1,0,0,1,0
4.638368,0,0,0,0,1,0,0,0,0,0,0,0,0,0,0,0,0,0
4.649357,0,0,0,0,0,1,0,0,0,0,0,0,0,1,1,0,0,0
4.653085,0,0,0,0,0,0,0,1,0,0,0,0,0,0,0,0,0,1
4.662732,0,1,1,0,0,0,0,0,0,1,1,0,1,0,0,1,0,0
4.674205,1,0,0,1,0,0,1,0,0,1,1,0,1,1,1,0,1,0
4.692065,0,0,0,0,1,0,0,0,0,0,0,0,0,0,0,0,0,0
4.694372,0,0,1,0,0,0,0,0,1,0,0,0,1,0,0,0,0,0
4.699153,0,0,0,0,0,1,0,0,0,1,0,1,0,1,0,1,0,0
4.700092,0,0,0,0,0,0,0,1,0,0,0,0,0,0,0,0,0,1
4.712223,1,0,0,0,0,0,0,0,1,0,0,0,1,0,0,0,0,0
4.720050,0,0,0,0,0,0,1,0,0,1,0,1,0,1,0,0,1,0
4.734704,0,0,0,0,1,0,0,0,0,0,0,0,0,0,0,0,0,0
4.741911,0,0,1,0,0,0,0,0,1,0,0,0,1,0,0,0,0,0
4.748405,0,0,0,0,0,0,0,1,0,0,0,0,0,0,0,0,0,1
4.750214,0,0,0,0,0,1,0,0,0,1,0,1,0,1,0,1,0,0
4.769737,1,0,0,1,0,0,1,0,0,1,1,0,1,1,1,0,1,0
4.783568,0,0,0,0,1,0,0,0,0,0,0,0,0,0,0,0,0,0
4.798645,0,0,1,0,0,0,0,0,1,0,0,0,1,0,0,0,0,0
4.799046,0,0,0,0,0,1,0,0,0,1,0,1,0,1,0,1,0,0
4.803360,0,0,0,0,0,0,0,1,0,0,0,0,0,0,0,0,0,1
4.815234,1,0,0,0,0,0,0,0,1,0,0,0,1,0,0,0,0,0
4.822850,0,0,0,0,0,0,1,0,0,1,0,1,0,1,0,0,1,0
4.842497,0,0,0,0,1,0,0,0,0,0,0,0,0,0,0,0,0,0
4.848216,0,0,0,0,0,0,0,1,0,0,0,0,0,0,0,0,0,1
4.849601,0,0,0,0,0,1,0,0,0,0,0,0,0,1,1,0,0,0
4.851800,0,1,1,0,0,0,0,0,0,1,1,0,1,0,0,1,0,0
4.870889,1,0,0,0,0,0,0,0,1,0,0,0,1,0,0,0,0,0
4.882585,0,0,0,0,1,0,1,0,0,1,0,1,0,1,0,0,1,0
4.898430,0,0,0,0,0,0,0,1,0,0,0,0,0,0,0,0,0,1
4.899469,0,0,0,0,0,1,0,0,0,0,0,0,0,1,1,0,0,0
4.904663,0,1,1,0,0,0,0,0,0,1,1,0,1,0,0,1,0,0
4.921983,1,0,0,0,0,0,0,0,1,0,0,0,1,0,0,0,0,0
4.931244,0,0,0,0,1,0,0,0,0,0,0,0,0,0,0,0,0,0
4.949282,0,0,0,0,0,0,0,1,0,0,0,0,0,0,0,0,0,1
4.949719,0,0,0,0,0,1,0,0,0,1,0,1,0,1,0,1,0,0
4.969046,1,0,0,1,0,0,1,0,0,1,1,0,1,1,1,0,1,0
4.986864,0,0,0,0,1,0,1,0,0,0,0,0,0,1,1,0,0,0
4.991586,0,0,1,1,0,0,0,0,0,1,1,0,1,0,0,0,1,0
4.999022,0,0,0,0,0,0,0,1,0,0,0,0,0,0,0,0,0,1
5.000589,0,0,0,0,0,1,0,0,0,0,0,0,0,1,1,0,0,0
5.018420,0,1,1,0,0,0,0,0,0,1,1,0,1,0,0,1,0,0
5.032294,1,0,0,1,0,0,1,0,0,1,1,0,1,1,1,0,1,0
5.035720,0,0,0,0,1,0,0,0,0,0,0,0,0,0,0,0,0,0
5.046076,0,0,0,0,0,0,0,1,0,0,0,0,0,0,0,0,0,1
5.050485,0,0,0,0,0,1,0,0,0,0,0,0,0,1,1,0,0,0
5.055398,0,1,1,0,0,0,0,0,0,1,1,0,1,0,0,1,0,0
5.068308,1,0,0,0,0,0,0,0,1,0,0,0,1,0,0,0,0,0
5.077216,0,0,0,0,1,0,0,0,0,0,0,0,0,0,0,0,0,0
5.098405,0,0,0,0,0,0,1,1,0,1,0,1,0,1,0,0,1,1
5.101259,0,0,0,0,0,1,0,0,0,0,0,0,0,1,1,0,0,0
5.127042,0,1,1,0,0,0,0,0,0,1,1,0,1,0,0,1,0,0
5.133787,0,0,0,0,1,0,0,0,0,0,0,0,0,0,0,0,0,0
5.145492,1,0,0,1,0,0,1,0,0,1,1,0,1,1,1,0,1,0
5.147305,0,0,0,0,0,0,0,1,0,0,0,0,0,0,0,0,0,1
5.149789,0,0,0,0,0,1,0,0,0,0,0,0,0,1,1,0,0,0
5.172297,0,1,1,0,0,0,0,0,0,1,1,0,1,0,0,1,0,0
5.182779,0,0,0,0,1,0,0,0,0,0,0,0,0,0,0,0,0,0
5.188634,1,0,0,1,0,0,1,0,0,1,1,0,1,1,1,0,1,0
5.199714,0,0,0,0,0,1,0,0,0,0,0,0,0,1,1,0,0,0
5.202265,0,0,0,0,0,0,0,1,0,0,0,0,0,0,0,0,0,1
5.217043,0,1,1,0,0,0,0,0,0,1,1,0,1,0,0,1,0,0
5.236379,1,0,0,0,0,0,0,0,1,0,0,0,1,0,0,0,0,0
5.237483,0,0,0,0,1,0,1,0,0,1,0,1,0,1,0,0,1,0
5.249440,0,0,0,0,0,1,0,0,0,0,0,0,0,1,1,0,0,0
5.252548,0,0,0,0,0,0,0,1,0,0,0,0,0,0,0,0,0,1
5.264936,0,1,1,0,0,0,0,0,0,1,1,0,1,0,0,1,0,0
5.275804,1,0,0,0,0,0,0,0,1,0,0,0,1,0,0,0,0,0
5.282862,0,0,0,0,1,0,1,0,0,1,0,1,0,1,0,0,1,0
5.297026,0,0,0,0,0,0,0,1,0,0,0,0,0,0,0,0,0,1
5.298830,0,0,0,0,0,1,0,0,0,0,0,0,0,1,1,0,0,0
5.307143,0,1,1,0,0,0,0,0,0,1,1,0,1,0,0,1,0,0
5.324007,1,0,0,0,0,0,0,0,1,0,0,0,1,0,0,0,0,0
5.330381,0,0,0,0,1,0,1,0,0,1,0,1,0,1,0,0,1,0
5.347970,0,0,0,0,0,0,0,1,0,0,0,0,0,0,0,0,0,1
5.350167,0,0,0,0,0,1,0,0,0,0,0,0,0,1,1,0,0,0
5.357466,0,1,1,0,0,0,0,0,0,1,1,0,1,0,0,1,0,0
5.372495,1,0,0,0,0,0,0,0,1,0,0,0,1,0,0,0,0,0
5.379920,0,0,0,0,1,0,1,0,0,1,0,1,0,1,0,0,1,0
5.399193,0,0,0,0,0,1,0,0,0,0,0,0,0,1,1,0,0,0
5.400766,0,0,0,0,0,0,0,1,0,0,0,0,0,0,0,0,0,1
5.407981,0,1,1,0,0,0,0,0,0,1,1,0,1,0,0,1,0,0
5.422736,1,0,0,1,0,0,1,0,0,1,1,0,1,1,1,0,1,0
5.432505,0,0,0,0,1,0,0,0,0,0,0,0,0,0,0,0,0,0
5.447276,0,0,0,0,0,0,0,1,0,0,0,0,0,0,0,0,0,1
5.449434,0,0,0,0,0,1,0,0,0,0,0,0,0,1,1,0,0,0
5.452047,0,1,1,0,0,0,0,0,0,1,1,0,1,0,0,1,0,0
5.471758,1,0,0,1,0,0,1,0,0,1,1,0,1,1,1,0,1,0
5.480086,0,0,0,0,1,0,0,0,0,0,0,0,0,0,0,0,0,0
5.496588,0,0,1,0,0,0,0,0,1,0,0,0,1,0,0,0,0,0
5.501074,0,0,0,0,0,1,0,0,0,1,0,1,0,1,0,1,0,0
5.501797,0,0,0,0,0,0,0,1,0,0,0,0,0,0,0,0,0,1
5.513870,1,0,0,0,0,0,0,0,1,0,0,0,1,0,0,0,0,0
5.539849,0,0,0,0,1,0,1,0,0,1,0,1,0,1,0,0,1,0
5.549268,0,0,0,0,0,1,0,0,0,0,0,0,0,1,1,0,0,0
5.552049,0,0,0,0,0,0,0,1,0,0,0,0,0,0,0,0,0,1
5.564783,0,1,1,0,0,0,0,0,0,1,1,0,1,0,0,1,0,0
5.579464,1,0,0,1,0,0,1,0,0,1,1,0,1,1,1,0,1,0
5.591982,0,0,0,0,1,0,0,0,0,0,0,0,0,0,0,0,0,0
5.599519,0,0,0,0,0,0,0,1,0,0,0,0,0,0,0,0,0,1
5.599583,0,0,0,0,0,1,0,0,0,0,0,0,0,1,1,0,0,0
5.604149,0,1,1,0,0,0,0,0,0,1,1,0,1,0,0,1,0,0
5.620789,1,0,0,0,0,0,0,0,1,0,0,0,1,0,0,0,0,0
5.634735,0,0,0,0,1,0,1,0,0,1,0,1,0,1,0,0,1,0
5.649838,0,0,0,0,0,1,0,0,0,0,0,0,0,1,1,0,0,0
5.651955,0,0,0,0,0,0,0,1,0,0,0,0,0,0,0,0,0,1
5.661764,0,1,1,0,0,0,0,0,0,1,1,0,1,0,0,1,0,0
5.675768,1,0,0,1,0,0,1,0,0,1,1,0,1,1,1,0,1,0
5.690106,0,0,0,0,1,0,0,0,0,0,0,0,0,0,0,0,0,0
5.696384,0,0,1,0,0,0,0,0,1,0,0,0,1,0,0,0,0,0
5.700558,0,0,0,0,0,0,0,1,0,0,0,0,0,0,0,0,0,1
5.701593,0,0,0,0,0,1,0,0,0,1,0,1,0,1,0,1,0,0
5.712564,1,0,0,0,0,0,0,0,1,0,0,0,1,0,0,0,0,0
5.735377,0,0,0,0,1,0,1,0,0,1,0,1,0,1,0,0,1,0
5.748209,0,0,0,0,0,1,0,0,0,0,0,0,0,1,1,0,0,0
5.752039,0,0,0,0,0,0,0,1,0,0,0,0,0,0,0,0,0,1
5.762628,0,1,1,0,0,0,0,0,0,1,1,0,1,0,0,1,0,0
5.778895,1,0,0,1,0,0,1,0,0,1,1,0,1,1,1,0,1,0
5.791971,0,0,0,0,1,0,0,0,0,0,0,0,0,0,0,0,0,0
5.798347,0,0,0,0,0,1,0,0,0,0,0,0,0,1,1,0,0,0
5.798478,0,0,0,0,0,0,0,1,0,0,0,0,0,0,0,0,0,1
5.799148,0,1,1,0,0,0,0,0,0,1,1,0,1,0,0,1,0,0
5.817955,1,0,0,1,0,0,1,0,0,1,1,0,1,1,1,0,1,0
5.831700,0,0,0,0,1,0,0,0,0,0,0,0,0,0,0,0,0,0
5.842904,0,0,1,0,0,0,0,0,1,0,0,0,1,0,0,0,0,0
5.847211,0,0,0,0,0,0,0,1,0,0,0,0,0,0,0,0,0,1
5.849481,0,0,0,0,0,1,0,0,0,1,0,1,0,1,0,1,0,0
5.867690,1,0,0,1,0,0,1,0,0,1,1,0,1,1,1,0,1,0
5.881696,0,0,0,0,1,0,0,0,0,0,0,0,0,0,0,0,0,0
5.891913,0,0,1,0,0,0,0,0,1,0,0,0,1,0,0,0,0,0
5.898740,0,0,0,0,0,1,0,0,0,1,0,1,0,1,0,1,0,0
5.898751,0,0,0,0,0,0,0,1,0,0,0,0,0,0,0,0,0,1
5.909966,1,0,0,0,0,0,0,0,1,0,0,0,1,0,0,0,0,0
5.922224,0,0,0,0,0,0,1,0,0,1,0,1,0,1,0,0,1,0
5.934692,0,0,0,0,1,0,0,0,0,0,0,0,0,0,0,0,0,0
5.947326,0,0,1,0,0,0,0,0,1,0,0,0,1,0,0,0,0,0
5.947729,0,0,0,0,0,0,0,1,0,0,0,0,0,0,0,0,0,1
5.950303,0,0,0,0,0,1,0,0,0,1,0,1,0,1,0,1,0,0
5.962195,1,0,0,1,0,0,1,0,0,1,1,0,1,1,1,0,1,0
5.982376,0,0,1,0,0,0,0,0,1,0,0,0,1,0,0,0,0,0
5.984292,0,0,0,0,1,0,0,0,0,0,0,0,0,0,0,0,0,0
5.998729,0,0,0,0,0,1,0,0,0,1,0,1,0,1,0,1,0,0
6.001604,0,0,0,0,0,0,0,1,0,0,0,0,0,0,0,0,0,1
6.013019,1,0,0,1,0,0,1,0,0,1,1,0,1,1,1,0,1,0
6.039328,0,0,0,0,1,0,0,0,0,0,0,0,0,0,0,0,0,0
6.040426,0,0,1,0,0,0,0,0,1,0,0,0,1,0,0,0,0,0
6.047985,0,0,0,0,0,0,0,1,0,0,0,0,0,0,0,0,0,1
6.050783,0,0,0,0,0,1,0,0,0,1,0,1,0,1,0,1,0,0
6.062087,1,0,0,1,0,0,1,0,0,1,1,0,1,1,1,0,1,0
6.082111,0,0,0,0,1,0,0,0,0,0,0,0,0,0,0,0,0,0
6.087380,0,0,1,0,0,0,0,0,1,0,0,0,1,0,0,0,0,0
6.099252,0,0,0,0,0,1,0,0,0,1,0,1,0,1,0,1,0,0
6.100075,0,0,0,0,0,0,0,1,0,0,0,0,0,0,0,0,0,1
6.118216,1,0,0,1,0,0,1,0,0,1,1,0,1,1,1,0,1,0
6.135435,0,0,0,0,1,0,0,0,0,0,0,0,0,0,0,0,0,0
6.140621,0,0,1,0,0,0,0,0,1,0,0,0,1,0,0,0,0,0
6.150100,0,0,0,0,0,1,0,0,0,1,0,1,0,1,0,1,0,0
6.152657,0,0,0,0,0,0,0,1,0,0,0,0,0,0,0,0,0,1
6.169454,1,0,0,0,0,0,0,0,1,0,0,0,1,0,0,0,0,0
6.190603,0,0,0,0,1,0,1,0,0,1,0,1,0,1,0,0,1,0
6.198235,0,0,0,0,0,0,0,1,0,0,0,0,0,0,0,0,0,1
6.201792,0,0,0,0,0,1,0,0,0,0,0,0,0,1,1,0,0,0
6.216540,0,1,1,0,0,0,0,0,0,1,1,0,1,0,0,1,0,0
6.227831,1,0,0,1,0,0,1,0,0,1,1,0,1,1,1,0,1,0
6.233020,0,0,0,0,1,0,0,0,0,0,0,0,0,0,0,0,0,0
6.250458,0,0,0,0,0,1,0,0,0,0,0,0,0,1,1,0,0,0
6.251834,0,1,1,0,0,0,0,0,0,1,1,0,1,0,0,1,0,0
6.252811,0,0,0,0,0,0,0,1,0,0,0,0,0,0,0,0,0,1
6.266430,1,0,0,1,0,0,1,0,0,1,1,0,1,1,1,0,1,0
6.284227,0,0,0,0,1,0,0,0,0,0,0,0,0,0,0,0,0,0
6.292198,0,0,1,0,0,0,0,0,1,0,0,0,1,0,0,0,0,0
6.298756,0,0,0,0,0,0,0,1,0,0,0,0,0,0,0,0,0,1
6.300629,0,0,0,0,0,1,0,0,0,1,0,1,0,1,0,1,0,0
6.315441,1,0,0,1,0,0,1,0,0,1,1,0,1,1,1,0,1,0
6.337641,0,0,0,0,1,0,0,0,0,0,0,0,0,0,0,0,0,0
6.341316,0,0,1,0,0,0,0,0,1,0,0,0,1,0,0,0,0,0
6.349708,0,0,0,0,0,1,0,0,0,1,0,1,0,1,0,1,0,0
6.352472,0,0,0,0,0,0,0,1,0,0,0,0,0,0,0,0,0,1
6.361048,1,0,0,0,0,0,0,0,1,0,0,0,1,0,0,0,0,0
6.385981,0,0,0,0,1,0,0,0,0,0,0,0,0,0,0,0,0,0
6.398090,0,0,0,0,0,1,1,0,0,1,0,1,0,1,0,0,1,0
6.399924,0,0,0,0,0,0,0,1,0,0,0,0,0,0,0,0,0,1
6.418227,0,1,1,0,0,0,0,0,0,1,1,0,1,0,0,1,0,0
6.432499,1,0,0,0,0,0,0,0,1,0,0,0,1,0,0,0,0,0
6.437886,0,0,0,0,1,0,0,0,0,0,0,0,0,0,0,0,0,0
6.448959,0,0,0,0,0,0,0,1,0,0,0,0,0,0,0,0,0,1
6.449008,0,0,0,0,0,1,1,0,0,1,0,1,0,1,0,1,0,0
6.464313,1,0,0,1,0,0,1,0,0,1,1,0,1,1,1,0,1,0
6.483857,0,0,0,0,1,0,0,0,0,0,0,0,0,0,0,0,0,0
6.485790,0,0,1,1,0,0,0,0,0,1,1,0,1,0,0,0,1,0
6.499001,0,0,0,0,0,1,0,0,0,0,0,0,0,1,1,0,0,0
6.502486,0,0,0,0,0,0,0,1,0,0,0,0,0,0,0,0,0,1
6.514380,0,1,1,0,0,0,0,0,0,1,1,0,1,0,0,1,0,0
6.527144,1,0,0,1,0,0,1,0,0,1,1,0,1,1,1,0,1,0
6.542024,0,0,0,0,1,0,0,0,0,0,0,0,0,0,0,0,0,0
6.548507,0,0,0,0,0,0,0,1,0,0,0,0,0,0,0,0,0,1
6.549053,0,0,0,0,0,1,0,0,0,0,0,0,0,1,1,0,0,0
6.552255,0,1,1,0,0,0,0,0,0,1,1,0,1,0,0,1,0,0
6.565063,1,0,0,0,0,0,0,0,1,0,0,0,1,0,0,0,0,0
6.583665,0,0,0,0,1,0,1,0,0,1,0,1,0,1,0,0,1,0
6.599471,0,0,0,0,0,1,0,0,0,0,0,0,0,1,1,0,0,0
6.603866,0,1,1,0,0,0,0,0,0,1,1,0,1,0,0,1,0,0
6.603930,0,0,0,0,0,0,0,1,0,0,0,0,0,0,0,0,0,1
6.618115,1,0,0,1,0,0,1,0,0,1,1,0,1,1,1,0,1,0
6.641589,0,0,1,0,0,0,0,0,1,0,0,0,1,0,0,0,0,0
6.642689,0,0,0,0,1,0,0,0,0,0,0,0,0,0,0,0,0,0
6.650132,0,0,0,0,0,1,0,0,0,1,0,1,0,1,0,1,0,0
6.653859,0,0,0,0,0,0,0,1,0,0,0,0,0,0,0,0,0,1
6.666720,1,0,0,0,0,0,0,0,1,0,0,0,1,0,0,0,0,0
6.689226,0,0,0,0,1,0,1,0,0,1,0,1,0,1,0,0,1,0
6.698812,0,0,0,0,0,0,0,1,0,0,0,0,0,0,0,0,0,1
6.700883,0,0,0,0,0,1,0,0,0,0,0,0,0,1,1,0,0,0
6.711229,0,1,1,0,0,0,0,0,0,1,1,0,1,0,0,1,0,0
6.723316,1,0,0,0,0,0,0,0,1,0,0,0,1,0,0,0,0,0
6.736355,0,0,0,0,1,0,1,0,0,1,0,1,0,1,0,0,1,0
6.748916,0,0,0,0,0,0,0,1,0,0,0,0,0,0,0,0,0,1
6.750067,0,0,0,0,0,1,0,0,0,0,0,0,0,1,1,0,0,0
6.757285,0,1,1,0,0,0,0,0,0,1,1,0,1,0,0,1,0,0
6.770953,1,0,0,1,0,0,1,0,0,1,1,0,1,1,1,0,1,0
6.784876,0,0,0,0,1,0,0,0,0,0,0,0,0,0,0,0,0,0
6.799336,0,0,0,0,0,0,0,1,0,0,0,0,0,0,0,0,0,1
6.800414,0,0,0,0,0,1,0,0,0,0,0,0,0,1,1,0,0,0
6.800783,0,1,1,0,0,0,0,0,0,1,1,0,1,0,0,1,0,0
6.811581,1,0,0,1,0,0,1,0,0,1,1,0,1,1,1,0,1,0
6.829798,0,0,0,0,1,0,0,0,0,0,0,0,0,0,0,0,0,0
6.832926,0,0,1,0,0,0,0,0,1,0,0,0,1,0,0,0,0,0
6.850086,0,0,0,0,0,1,0,0,0,1,0,1,0,1,0,1,0,0
6.851400,0,0,0,0,0,0,0,1,0,0,0,0,0,0,0,0,0,1
6.865348,1,0,0,0,0,0,0,0,1,0,0,0,1,0,0,0,0,0
6.874766,0,0,0,0,0,0,1,0,0,1,0,1,0,1,0,0,1,0
6.891201,0,0,0,0,1,0,0,0,0,0,0,0,0,0,0,0,0,0
6.895801,0,0,1,0,0,0,0,0,1,0,0,0,1,0,0,0,0,0
6.899563,0,0,0,0,0,1,0,0,0,1,0,1,0,1,0,1,0,0
6.902146,0,0,0,0,0,0,0,1,0,0,0,0,0,0,0,0,0,1
6.913231,1,0,0,0,0,0,0,0,1,0,0,0,1,0,0,0,0,0
6.930999,0,0,0,0,0,0,1,0,0,1,0,1,0,1,0,0,1,0
6.934736,0,0,0,0,1,0,0,0,0,0,0,0,0,0,0,0,0,0
6.948464,0,0,0,0,0,1,0,0,0,0,0,0,0,1,1,0,0,0
6.950692,0,0,0,0,0,0,0,1,0,0,0,0,0,0,0,0,0,1
6.952200,0,1,1,0,0,0,0,0,0,1,1,0,1,0,0,1,0,0
6.970995,1,0,0,1,0,0,1,0,0,1,1,0,1,1,1,0,1,0
6.987780,0,0,0,0,1,0,0,0,0,0,0,0,0,0,0,0,0,0
6.994238,0,0,1,0,0,0,0,0,1,0,0,0,1,0,0,0,0,0
6.999107,0,0,0,0,0,0,0,1,0,0,0,0,0,0,0,0,0,1
6.999989,0,0,0,0,0,1,0,0,0,1,0,1,0,1,0,1,0,0
7.015619,1,0,0,0,0,0,0,0,1,0,0,0,1,0,0,0,0,0
7.031259,0,0,0,0,0,0,1,0,0,1,0,1,0,1,0,0,1,0
7.036153,0,0,0,0,1,0,0,0,0,0,0,0,0,0,0,0,0,0
7.049636,0,0,0,0,0,1,0,0,0,0,0,0,0,1,1,0,0,0
7.049847,0,0,0,0,0,0,0,1,0,0,0,0,0,0,0,0,0,1
7.058374,0,1,1,0,0,0,0,0,0,1,1,0,1,0,0,1,0,0
7.071176,1,0,0,0,0,0,0,0,1,0,0,0,1,0,0,0,0,0
7.082692,0,0,0,0,1,0,0,0,0,0,0,0,0,0,0,0,0,0
7.101786,0,0,0,0,0,1,0,0,0,1,0,1,0,1,0,1,0,0
7.101865,0,0,0,0,0,0,1,0,0,0,0,0,0,1,1,0,0,0
7.101944,0,0,0,0,0,0,0,1,0,0,0,0,0,0,0,0,0,1
7.115853,1,0,0,1,0,0,0,0,0,1,1,0,1,0,0,0,1,0
7.136478,0,0,0,0,0,0,1,0,0,0,0,0,0,1,1,0,0,0
7.140677,0,0,1,1,0,0,0,0,0,1,1,0,1,0,0,0,1,0
7.141156,0,0,0,0,1,0,0,0,0,0,0,0,0,0,0,0,0,0
7.149040,0,0,0,0,0,0,0,1,0,0,0,0,0,0,0,0,0,1
7.150412,0,0,0,0,0,1,0,0,0,0,0,0,0,1,1,0,0,0
7.169576,0,1,1,0,0,0,0,0,0,1,1,0,1,0,0,1,0,0
7.188297,1,0,0,1,0,0,1,0,0,1,1,0,1,1,1,0,1,0
7.188610,0,0,0,0,1,0,0,0,0,0,0,0,0,0,0,0,0,0
7.200689,0,0,0,0,0,0,0,1,0,0,0,0,0,0,0,0,0,1
7.200929,0,0,0,0,0,1,0,0,0,0,0,0,0,1,1,0,0,0
7.208563,0,1,1,0,0,0,0,0,0,1,1,0,1,0,0,1,0,0
7.219922,1,0,0,1,0,0,1,0,0,1,1,0,1,1,1,0,1,0
7.240537,0,0,0,0,1,0,0,0,0,0,0,0,0,0,0,0,0,0
7.245208,0,0,1,0,0,0,0,0,1,0,0,0,1,0,0,0,0,0
7.247693,0,0,0,0,0,0,0,1,0,0,0,0,0,0,0,0,0,1
7.250513,0,0,0,0,0,1,0,0,0,1,0,1,0,1,0,1,0,0
7.265734,1,0,0,0,0,0,0,0,1,0,0,0,1,0,0,0,0,0
7.287136,0,0,0,0,1,0,0,0,0,0,0,0,0,0,0,0,0,0
7.298226,0,0,0,0,0,0,0,1,0,0,0,0,0,0,0,0,0,1
7.301648,0,0,0,0,0,1,0,0,0,1,0,1,0,1,0,1,0,0
7.316510,0,0,0,0,0,0,1,0,0,0,0,0,0,1,1,0,0,0
7.318660,1,0,0,1,0,0,1,0,0,1,1,0,1,1,1,0,1,0
7.329842,0,0,0,0,1,0,0,0,0,0,0,0,0,0,0,0,0,0
7.347299,0,0,1,1,0,0,0,0,0,1,1,0,1,0,0,0,1,0
7.348307,0,0,0,0,0,1,0,0,0,0,0,0,0,1,1,0,0,0
7.348711,0,0,0,0,0,0,0,1,0,0,0,0,0,0,0,0,0,1
7.370335,0,1,1,0,0,0,0,0,0,1,1,0,1,0,0,1,0,0
7.384210,1,0,0,0,0,0,0,0,1,0,0,0,1,0,0,0,0,0
7.384306,0,0,0,0,0,0,1,0,0,1,0,1,0,1,0,0,1,0
7.384401,0,0,0,0,1,0,0,0,0,0,0,0,0,0,0,0,0,0
7.397997,0,0,0,0,0,0,0,1,0,0,0,0,0,0,0,0,0,1
7.401333,0,0,0,0,0,1,0,0,0,0,0,0,0,1,1,0,0,0
7.412487,0,1,1,0,0,0,0,0,0,1,1,0,1,0,0,1,0,0
7.425103,1,0,0,0,0,0,0,0,1,0,0,0,1,0,0,0,0,0
7.436709,0,0,0,0,1,0,1,0,0,1,0,1,0,1,0,0,1,0
7.448090,0,0,0,0,0,0,0,1,0,0,0,0,0,0,0,0,0,1
7.450908,0,0,0,0,0,1,0,0,0,0,0,0,0,1,1,0,0,0
7.462067,0,1,1,0,0,0,0,0,0,1,1,0,1,0,0,1,0,0
7.477031,1,0,0,0,0,0,0,0,1,0,0,0,1,0,0,0,0,0
7.486509,0,0,0,0,1,0,1,0,0,1,0,1,0,1,0,0,1,0
7.499064,0,0,0,0,0,1,0,0,0,0,0,0,0,1,1,0,0,0
7.502698,0,0,0,0,0,0,0,1,0,0,0,0,0,0,0,0,0,1
7.511913,0,1,1,0,0,0,0,0,0,1,1,0,1,0,0,1,0,0
7.524835,1,0,0,1,0,0,1,0,0,1,1,0,1,1,1,0,1,0
7.540424,0,0,0,0,1,0,0,0,0,0,0,0,0,0,0,0,0,0
7.546599,0,0,1,0,0,0,0,0,1,0,0,0,1,0,0,0,0,0
7.549596,0,0,0,0,0,1,0,0,0,1,0,1,0,1,0,1,0,0
7.553791,0,0,0,0,0,0,0,1,0,0,0,0,0,0,0,0,0,1
7.566279,1,0,0,0,0,0,0,0,1,0,0,0,1,0,0,0,0,0
7.591623,0,0,0,0,1,0,1,0,0,1,0,1,0,1,0,0,1,0
7.599778,0,0,0,0,0,1,0,0,0,0,0,0,0,1,1,0,0,0
7.603756,0,0,0,0,0,0,0,1,0,0,0,0,0,0,0,0,0,1
7.615326,0,1,1,0,0,0,0,0,0,1,1,0,1,0,0,1,0,0
7.628709,1,0,0,0,0,0,0,0,1,0,0,0,1,0,0,0,0,0
7.639010,0,0,0,0,1,0,0,0,0,0,0,0,0,0,0,0,0,0
7.643210,0,0,0,0,0,0,1,0,0,1,0,1,0,1,0,0,1,0
7.650374,0,0,0,0,0,0,0,1,0,0,0,0,0,0,0,0,0,1
7.650516,0,0,0,0,0,1,0,0,0,0,0,0,0,1,1,0,0,0
7.672025,0,1,1,0,0,0,0,0,0,1,1,0,1,0,0,1,0,0
7.681648,0,0,0,0,1,0,0,0,0,0,0,0,0,0,0,0,0,0
7.682912,1,0,0,0,0,0,0,0,1,0,0,0,1,0,0,0,0,0
7.701171,0,0,0,0,0,1,1,0,0,1,0,1,0,1,0,1,0,0
7.701403,0,0,0,0,0,0,0,1,0,0,0,0,0,0,0,0,0,1
7.711249,1,0,0,1,0,0,0,0,0,1,1,0,1,0,0,0,1,0
7.738921,0,0,0,0,1,0,1,0,0,0,0,0,0,1,1,0,0,0
7.739246,0,0,1,1,0,0,0,0,0,1,1,0,1,0,0,0,1,0
7.748208,0,0,0,0,0,1,0,0,0,0,0,0,0,1,1,0,0,0
7.750503,0,0,0,0,0,0,0,1,0,0,0,0,0,0,0,0,0,1
7.761960,0,1,1,0,0,0,0,0,0,1,1,0,1,0,0,1,0,0
7.773324,1,0,0,0,0,0,0,0,1,0,0,0,1,0,0,0,0,0
7.789431,0,0,0,0,1,0,0,0,0,0,0,0,0,0,0,0,0,0
7.792168,0,0,0,0,0,0,1,0,0,1,0,1,0,1,0,0,1,0
7.797000,0,0,0,0,0,0,0,1,0,0,0,0,0,0,0,0,0,1
7.799981,0,0,0,0,0,1,0,0,0,0,0,0,0,1,1,0,0,0
7.819213,0,1,1,0,0,0,0,0,0,1,1,0,1,0,0,1,0,0
7.829056,0,0,0,0,1,0,0,0,0,0,0,0,0,0,0,0,0,0
7.837445,1,0,0,0,0,0,0,0,1,0,0,0,1,0,0,0,0,0
7.849725,0,0,0,0,0,0,0,1,0,0,0,0,0,0,0,0,0,1
7.849826,0,0,0,0,0,0,1,0,0,1,0,1,0,1,0,0,1,0
7.849926,0,0,0,0,0,1,0,0,0,0,0,0,0,1,1,0,0,0
7.878473,0,1,1,0,0,0,0,0,0,1,1,0,1,0,0,1,0,0
7.882431,0,0,0,0,1,0,0,0,0,0,0,0,0,0,0,0,0,0
7.888593,1,0,0,0,0,0,0,0,1,0,0,0,1,0,0,0,0,0
7.899574,0,0,0,0,0,1,0,0,0,1,0,1,0,1,0,1,0,0
7.901122,0,0,0,0,0,0,1,0,0,0,0,0,0,1,1,0,0,0
7.902154,0,0,0,0,0,0,0,1,0,0,0,0,0,0,0,0,0,1
7.913552,1,0,0,1,0,0,0,0,0,1,1,0,1,0,0,0,1,0
7.929532,0,0,0,0,0,0,1,0,0,0,0,0,0,1,1,0,0,0
7.936944,0,0,0,0,1,0,0,0,0,0,0,0,0,0,0,0,0,0
7.943266,0,0,1,1,0,0,0,0,0,1,1,0,1,0,0,0,1,0
7.949256,0,0,0,0,0,1,0,0,0,0,0,0,0,1,1,0,0,0
7.950633,0,0,0,0,0,0,0,1,0,0,0,0,0,0,0,0,0,1
7.966855,0,1,1,0,0,0,0,0,0,1,1,0,1,0,0,1,0,0
7.983877,0,0,0,0,1,0,0,0,0,0,0,0,0,0,0,0,0,0
7.984953,1,0,0,1,0,0,1,0,0,1,1,0,1,1,1,0,1,0
7.999849,0,0,0,0,0,1,0,0,0,0,0,0,0,1,1,0,0,0
8.002373,0,0,0,0,0,0,0,1,0,0,0,0,0,0,0,0,0,1
8.005919,0,1,1,0,0,0,0,0,0,1,1,0,1,0,0,1,0,0
8.019791,1,0,0,1,0,0,1,0,0,1,1,0,1,1,1,0,1,0
8.039436,0,0,0,0,1,0,0,0,0,0,0,0,0,0,0,0,0,0
8.047784,0,0,1,0,0,0,0,0,1,0,0,0,1,0,0,0,0,0
8.048930,0,0,0,0,0,0,0,1,0,0,0,0,0,0,0,0,0,1
8.049724,0,0,0,0,0,1,0,0,0,1,0,1,0,1,0,1,0,0
8.062441,1,0,0,0,0,0,0,0,1,0,0,0,1,0,0,0,0,0
8.084520,0,0,0,0,1,0,1,0,0,1,0,1,0,1,0,0,1,0
8.097830,0,0,0,0,0,0,0,1,0,0,0,0,0,0,0,0,0,1
8.099526,0,0,0,0,0,1,0,0,0,0,0,0,0,1,1,0,0,0
8.109924,0,1,1,0,0,0,0,0,0,1,1,0,1,0,0,1,0,0
8.124159,1,0,0,1,0,0,1,0,0,1,1,0,1,1,1,0,1,0
8.136545,0,0,0,0,1,0,0,0,0,0,0,0,0,0,0,0,0,0
8.149346,0,0,1,0,0,0,0,0,1,0,0,0,1,0,0,0,0,0
8.149988,0,0,0,0,0,1,0,0,0,1,0,1,0,1,0,1,0,0
8.153327,0,0,0,0,0,0,0,1,0,0,0,0,0,0,0,0,0,1
8.162766,1,0,0,1,0,0,1,0,0,1,1,0,1,1,1,0,1,0
8.186722,0,0,0,0,1,0,0,0,0,0,0,0,0,0,0,0,0,0
8.190294,0,0,1,0,0,0,0,0,1,0,0,0,1,0,0,0,0,0
8.196545,0,0,0,0,0,0,0,1,0,0,0,0,0,0,0,0,0,1
8.199546,0,0,0,0,0,1,0,0,0,1,0,1,0,1,0,1,0,0
8.217159,1,0,0,0,0,0,0,0,1,0,0,0,1,0,0,0,0,0
8.232439,0,0,0,0,1,0,1,0,0,1,0,1,0,1,0,0,1,0
8.251281,0,0,0,0,0,0,0,1,0,0,0,0,0,0,0,0,0,1
8.251326,0,0,0,0,0,1,0,0,0,0,0,0,0,1,1,0,0,0
8.254871,0,1,1,0,0,0,0,0,0,1,1,0,1,0,0,1,0,0
8.265711,1,0,0,1,0,0,1,0,0,1,1,0,1,1,1,0,1,0
8.283644,0,0,0,0,1,0,0,0,0,0,0,0,0,0,0,0,0,0
8.287008,0,0,1,0,0,0,0,0,1,0,0,0,1,0,0,0,0,0
8.299466,0,0,0,0,0,1,0,0,0,1,0,1,0,1,0,1,0,0
8.302379,0,0,0,0,0,0,0,1,0,0,0,0,0,0,0,0,0,1
8.316804,1,0,0,0,0,0,0,0,1,0,0,0,1,0,0,0,0,0
8.342251,0,0,0,0,1,0,1,0,0,1,0,1,0,1,0,0,1,0
8.349957,0,0,0,0,0,1,0,0,0,0,0,0,0,1,1,0,0,0
8.351608,0,0,0,0,0,0,0,1,0,0,0,0,0,0,0,0,0,1
8.369286,0,1,1,0,0,0,0,0,0,1,1,0,1,0,0,1,0,0
8.380932,1,0,0,0,0,0,0,0,1,0,0,0,1,0,0,0,0,0
8.388679,0,0,0,0,0,0,1,0,0,1,0,1,0,1,0,0,1,0
8.391213,0,0,0,0,1,0,0,0,0,0,0,0,0,0,0,0,0,0
8.397993,0,0,0,0,0,0,0,1,0,0,0,0,0,0,0,0,0,1
8.401036,0,0,0,0,0,1,0,0,0,0,0,0,0,1,1,0,0,0
8.411627,0,1,1,0,0,0,0,0,0,1,1,0,1,0,0,1,0,0
8.427580,1,0,0,0,0,0,0,0,1,0,0,0,1,0,0,0,0,0
8.436072,0,0,0,0,1,0,0,0,0,0,0,0,0,0,0,0,0,0
8.450979,0,0,0,0,0,1,0,0,0,1,0,1,0,1,0,1,0,0
8.453171,0,0,0,0,0,0,0,1,0,0,0,0,0,0,0,0,0,1
8.467585,1,0,0,0,0,0,0,0,1,0,0,0,1,0,0,0,0,0
8.491062,0,0,0,0,1,0,0,0,0,0,0,0,0,0,0,0,0,0
8.498931,0,0,0,0,0,1,1,0,0,1,0,1,0,1,0,1,0,0
8.501245,0,0,0,0,0,0,0,1,0,0,0,0,0,0,0,0,0,1
8.514779,1,0,0,1,0,0,0,0,0,1,1,0,1,0,0,0,1,0
8.540522,0,0,0,0,1,0,1,0,0,0,0,0,0,1,1,0,0,0
8.540703,0,0,1,1,0,0,0,0,0,1,1,0,1,0,0,0,1,0
8.549757,0,0,0,0,0,1,1,0,0,0,0,0,0,1,1,0,0,0
8.550803,0,0,0,0,0,0,0,1,0,0,0,0,0,0,0,0,0,1
8.561065,0,1,1,1,0,0,0,0,0,1,1,0,1,0,0,0,1,0
8.586772,0,0,0,0,1,0,0,0,0,0,0,0,0,0,0,0,0,0
8.586842,0,1,1,0,0,0,0,0,0,1,1,0,1,0,0,1,0,0
8.600981,0,0,0,0,0,1,0,0,0,0,0,0,0,1,1,0,0,0
8.601158,1,1,0,0,0,0,1,0,0,1,1,0,1,1,1,0,1,0
8.602533,0,0,0,0,0,0,0,1,0,0,0,0,0,0,0,0,0,1
8.624102,0,1,1,0,0,0,0,0,0,1,1,0,1,0,0,1,0,0
8.637196,0,0,0,0,1,0,0,0,0,0,0,0,0,0,0,0,0,0
8.640069,1,0,0,1,0,0,1,0,0,1,1,0,1,1,1,0,1,0
8.649037,0,0,0,0,0,1,0,0,0,0,0,0,0,1,1,0,0,0
8.650585,0,0,0,0,0,0,0,1,0,0,0,0,0,0,0,0,0,1
8.665089,0,1,1,0,0,0,0,0,0,1,1,0,1,0,0,1,0,0
8.677193,1,0,0,1,0,0,1,0,0,1,1,0,1,1,1,0,1,0
8.687109,0,0,0,0,1,0,0,0,0,0,0,0,0,0,0,0,0,0
8.699065,0,0,0,0,0,1,0,0,0,0,0,0,0,1,1,0,0,0
8.699798,0,1,1,0,0,0,0,0,0,1,1,0,1,0,0,1,0,0
8.701714,0,0,0,0,0,0,0,1,0,0,0,0,0,0,0,0,0,1
8.716379,1,0,0,0,0,0,0,0,1,0,0,0,1,0,0,0,0,0
8.738906,0,0,0,0,1,0,1,0,0,1,0,1,0,1,0,0,1,0
8.749081,0,0,0,0,0,1,0,0,0,0,0,0,0,1,1,0,0,0
8.750526,0,0,0,0,0,0,0,1,0,0,0,0,0,0,0,0,0,1
8.765374,0,1,1,0,0,0,0,0,0,1,1,0,1,0,0,1,0,0
8.778369,1,0,0,0,0,0,0,0,1,0,0,0,1,0,0,0,0,0
8.781008,0,0,0,0,1,0,0,0,0,0,0,0,0,0,0,0,0,0
8.787901,0,0,0,0,0,0,1,0,0,1,0,1,0,1,0,0,1,0
8.800162,0,0,0,0,0,1,0,0,0,0,0,0,0,1,1,0,0,0
8.802790,0,0,0,0,0,0,0,1,0,0,0,0,0,0,0,0,0,1
8.808524,0,1,1,0,0,0,0,0,0,1,1,0,1,0,0,1,0,0
8.825965,1,0,0,1,0,0,1,0,0,1,1,0,1,1,1,0,1,0
8.842412,0,0,0,0,1,0,0,0,0,0,0,0,0,0,0,0,0,0
8.849681,0,0,0,0,0,1,0,0,0,0,0,0,0,1,1,0,0,0
8.853297,0,1,1,0,0,0,0,0,0,1,1,0,1,0,0,1,0,0
8.853833,0,0,0,0,0,0,0,1,0,0,0,0,0,0,0,0,0,1
8.868211,1,0,0,1,0,0,1,0,0,1,1,0,1,1,1,0,1,0
8.890747,0,0,0,0,1,0,0,0,0,0,0,0,0,0,0,0,0,0
8.894577,0,0,1,0,0,0,0,0,1,0,0,0,1,0,0,0,0,0
8.898334,0,0,0,0,0,1,0,0,0,1,0,1,0,1,0,1,0,0
8.899870,0,0,0,0,0,0,0,1,0,0,0,0,0,0,0,0,0,1
8.909761,1,0,0,1,0,0,1,0,0,1,1,0,1,1,1,0,1,0
8.932563,0,0,0,0,1,0,0,0,0,0,0,0,0,0,0,0,0,0
8.933240,0,0,1,0,0,0,0,0,1,0,0,0,1,0,0,0,0,0
8.949957,0,0,0,0,0,1,0,0,0,1,0,1,0,1,0,1,0,0
8.952037,0,0,0,0,0,0,0,1,0,0,0,0,0,0,0,0,0,1
8.962764,1,0,0,1,0,0,1,0,0,1,1,0,1,1,1,0,1,0
8.982896,0,0,0,0,1,0,0,0,0,0,0,0,0,0,0,0,0,0
8.987331,0,0,1,0,0,0,0,0,1,0,0,0,1,0,0,0,0,0
9.001273,0,0,0,0,0,1,0,0,0,1,0,1,0,1,0,1,0,0
9.003692,0,0,0,0,0,0,0,1,0,0,0,0,0,0,0,0,0,1
9.012688,1,0,0,0,0,0,0,0,1,0,0,0,1,0,0,0,0,0
9.025445,0,0,0,0,0,0,1,0,0,1,0,1,0,1,0,0,1,0
9.033910,0,0,0,0,1,0,0,0,0,0,0,0,0,0,0,0,0,0
9.048372,0,0,0,0,0,0,0,1,0,0,0,0,0,0,0,0,0,1
9.050405,0,0,0,0,0,1,0,0,0,0,0,0,0,1,1,0,0,0
9.053595,0,1,1,0,0,0,0,0,0,1,1,0,1,0,0,1,0,0
9.064652,1,0,0,1,0,0,1,0,0,1,1,0,1,1,1,0,1,0
9.079716,0,0,0,0,1,0,0,0,0,0,0,0,0,0,0,0,0,0
9.084842,0,0,1,0,0,0,0,0,1,0,0,0,1,0,0,0,0,0
9.098514,0,0,0,0,0,0,0,1,0,0,0,0,0,0,0,0,0,1
9.098895,0,0,0,0,0,1,0,0,0,1,0,1,0,1,0,1,0,0
9.118884,1,0,0,1,0,0,1,0,0,1,1,0,1,1,1,0,1,0
9.137279,0,0,0,0,1,0,0,0,0,0,0,0,0,0,0,0,0,0
9.146975,0,0,1,0,0,0,0,0,1,0,0,0,1,0,0,0,0,0
9.149060,0,0,0,0,0,0,0,1,0,0,0,0,0,0,0,0,0,1
9.151204,0,0,0,0,0,1,0,0,0,1,0,1,0,1,0,1,0,0
9.169123,1,0,0,0,0,0,0,0,1,0,0,0,1,0,0,0,0,0
9.172107,0,0,0,0,0,0,1,0,0,1,0,1,0,1,0,0,1,0
9.181652,0,0,0,0,1,0,0,0,0,0,0,0,0,0,0,0,0,0
9.199612,0,0,0,0,0,0,0,1,0,0,0,0,0,0,0,0,0,1
9.199814,0,0,1,0,0,0,0,0,1,0,0,0,1,0,0,0,0,0
9.201309,0,0,0,0,0,1,0,0,0,1,0,1,0,1,0,1,0,0
9.220454,1,0,0,1,0,0,1,0,0,1,1,0,1,1,1,0,1,0
9.229960,0,0,0,0,1,0,0,0,0,0,0,0,0,0,0,0,0,0
9.248739,0,0,1,0,0,0,0,0,1,0,0,0,1,0,0,0,0,0
9.250571,0,0,0,0,0,1,0,0,0,1,0,1,0,1,0,1,0,0
9.252794,0,0,0,0,0,0,0,1,0,0,0,0,0,0,0,0,0,1
9.268520,1,0,0,1,0,0,1,0,0,1,1,0,1,1,1,0,1,0
9.286295,0,0,0,0,1,0,0,0,0,0,0,0,0,0,0,0,0,0
9.297627,0,0,1,0,0,0,0,0,1,0,0,0,1,0,0,0,0,0
9.299626,0,0,0,0,0,0,0,1,0,0,0,0,0,0,0,0,0,1
9.300437,0,0,0,0,0,1,0,0,0,1,0,1,0,1,0,1,0,0
9.313413,1,0,0,1,0,0,1,0,0,1,1,0,1,1,1,0,1,0
9.337295,0,0,0,0,1,0,0,0,0,0,0,0,0,0,0,0,0,0
9.338363,0,0,1,0,0,0,0,0,1,0,0,0,1,0,0,0,0,0
9.349801,0,0,0,0,0,1,0,0,0,1,0,1,0,1,0,1,0,0
9.350548,0,0,0,0,0,0,0,1,0,0,0,0,0,0,0,0,0,1
9.363542,1,0,0,1,0,0,1,0,0,1,1,0,1,1,1,0,1,0
9.387255,0,0,0,0,1,0,0,0,0,0,0,0,0,0,0,0,0,0
9.390574,0,0,1,0,0,0,0,0,1,0,0,0,1,0,0,0,0,0
9.398471,0,0,0,0,0,0,0,1,0,0,0,0,0,0,0,0,0,1
9.401690,0,0,0,0,0,1,0,0,0,1,0,1,0,1,0,1,0,0
9.413612,1,0,0,0,0,0,0,0,1,0,0,0,1,0,0,0,0,0
9.437691,0,0,0,0,1,0,0,0,0,0,0,0,0,0,0,0,0,0
9.445077,0,0,0,0,0,0,1,0,0,1,0,1,0,1,0,0,1,0
9.446085,0,0,0,0,0,0,0,1,0,0,0,0,0,0,0,0,0,1
9.450365,0,0,0,0,0,1,0,0,0,0,0,0,0,1,1,0,0,0
9.472500,0,1,1,0,0,0,0,0,0,1,1,0,1,0,0,1,0,0
9.485403,0,0,0,0,1,0,0,0,0,0,0,0,0,0,0,0,0,0
9.485553,1,0,0,0,0,0,0,0,1,0,0,0,1,0,0,0,0,0
9.500536,0,0,0,0,0,1,0,0,0,1,0,1,0,1,0,1,0,0
9.502176,0,0,0,0,0,0,1,1,0,0,0,0,0,1,1,0,0,1
9.514084,1,0,0,1,0,0,0,0,0,1,1,0,1,0,0,0,1,0
9.534741,0,0,1,1,0,0,1,0,0,1,1,0,1,1,1,0,1,0
9.538063,0,0,0,0,1,0,0,0,0,0,0,0,0,0,0,0,0,0
9.548474,0,0,0,0,0,0,0,1,0,0,0,0,0,0,0,0,0,1
9.551501,0,0,0,0,0,1,0,0,0,0,0,0,0,1,1,0,0,0
9.563214,0,1,1,0,0,0,0,0,0,1,1,0,1,0,0,1,0,0
9.573742,1,0,0,1,0,0,1,0,0,1,1,0,1,1,1,0,1,0
9.584676,0,0,0,0,1,0,0,0,0,0,0,0,0,0,0,0,0,0
9.599663,0,0,1,0,0,0,0,0,1,0,0,0,1,0,0,0,0,0
9.600282,0,0,0,0,0,1,0,0,0,1,0,1,0,1,0,1,0,0
9.602155,0,0,0,0,0,0,0,1,0,0,0,0,0,0,0,0,0,1
9.613888,1,0,0,0,0,0,0,0,1,0,0,0,1,0,0,0,0,0
9.638108,0,0,0,0,1,0,0,0,0,0,0,0,0,0,0,0,0,0
9.641006,0,0,0,0,0,0,1,0,0,1,0,1,0,1,0,0,1,0
9.650556,0,0,0,0,0,1,0,0,0,0,0,0,0,1,1,0,0,0
9.650710,0,0,0,0,0,0,0,1,0,0,0,0,0,0,0,0,0,1
9.666118,0,1,1,0,0,0,0,0,0,1,1,0,1,0,0,1,0,0
9.678602,1,0,0,0,0,0,0,0,1,0,0,0,1,0,0,0,0,0
9.686002,0,0,0,0,0,0,1,0,0,1,0,1,0,1,0,0,1,0
9.688724,0,0,0,0,1,0,0,0,0,0,0,0,0,0,0,0,0,0
9.698758,0,0,0,0,0,1,0,0,0,0,0,0,0,1,1,0,0,0
9.701626,0,0,0,0,0,0,0,1,0,0,0,0,0,0,0,0,0,1
9.710846,0,1,1,0,0,0,0,0,0,1,1,0,1,0,0,1,0,0
9.727322,1,0,0,0,0,0,0,0,1,0,0,0,1,0,0,0,0,0
9.741618,0,0,0,0,1,0,1,0,0,1,0,1,0,1,0,0,1,0
9.748538,0,0,0,0,0,0,0,1,0,0,0,0,0,0,0,0,0,1
9.749695,0,0,0,0,0,1,0,0,0,0,0,0,0,1,1,0,0,0
9.768272,0,1,1,0,0,0,0,0,0,1,1,0,1,0,0,1,0,0
9.781940,1,0,0,1,0,0,1,0,0,1,1,0,1,1,1,0,1,0
9.787342,0,0,0,0,1,0,0,0,0,0,0,0,0,0,0,0,0,0
9.797992,0,0,0,0,0,0,0,1,0,0,0,0,0,0,0,0,0,1
9.799713,0,0,0,0,0,1,0,0,0,0,0,0,0,1,1,0,0,0
9.809135,0,1,1,0,0,0,0,0,0,1,1,0,1,0,0,1,0,0
9.819694,1,0,0,0,0,0,0,0,1,0,0,0,1,0,0,0,0,0
9.823792,0,0,0,0,0,0,1,0,0,1,0,1,0,1,0,0,1,0
9.837107,0,0,0,0,1,0,0,0,0,0,0,0,0,0,0,0,0,0
9.846686,0,0,1,0,0,0,0,0,1,0,0,0,1,0,0,0,0,0
9.850839,0,0,0,0,0,1,0,0,0,1,0,1,0,1,0,1,0,0
9.851565,0,0,0,0,0,0,0,1,0,0,0,0,0,0,0,0,0,1
9.865987,1,0,0,1,0,0,1,0,0,1,1,0,1,1,1,0,1,0
9.885414,0,0,0,0,1,0,0,0,0,0,0,0,0,0,0,0,0,0
9.889853,0,0,1,0,0,0,0,0,1,0,0,0,1,0,0,0,0,0
9.899939,0,0,0,0,0,0,0,1,0,0,0,0,0,0,0,0,0,1
9.900054,0,0,0,0,0,1,0,0,0,1,0,1,0,1,0,1,0,0
9.916084,1,0,0,0,0,0,0,0,1,0,0,0,1,0,0,0,0,0
9.923143,0,0,0,0,0,0,1,0,0,1,0,1,0,1,0,0,1,0
9.935068,0,0,0,0,1,0,0,0,0,0,0,0,0,0,0,0,0,0
9.949323,0,0,0,0,0,1,0,0,0,0,0,0,0,1,1,0,0,0
9.950109,0,0,0,0,0,0,0,1,0,0,0,0,0,0,0,0,0,1
9.950356,0,1,1,0,0,0,0,0,0,1,1,0,1,0,0,1,0,0
9.964855,1,0,0,0,0,0,0,0,1,0,0,0,1,0,0,0,0,0
9.988428,0,0,0,0,1,0,0,0,0,0,0,0,0,0,0,0,0,0
9.998402,0,0,0,0,0,1,1,0,0,1,0,1,0,1,0,0,1,0
10.001947,0,0,0,0,0,0,0,1,0,0,0,0,0,0,0,0,0,1
10.018720,0,1,1,0,0,0,0,0,0,1,1,0,1,0,0,1,0,0
10.035417,1,0,0,0,0,0,0,0,1,0,0,0,1,0,0,0,0,0
10.036795,0,0,0,0,0,0,1,0,0,1,0,1,0,1,0,0,1,0
10.040144,0,0,0,0,1,0,0,0,0,0,0,0,0,0,0,0,0,0
10.047541,0,0,0,0,0,0,0,1,0,0,0,0,0,0,0,0,0,1
10.049386,0,0,0,0,0,1,0,0,0,0,0,0,0,1,1,0,0,0
10.061194,0,1,1,0,0,0,0,0,0,1,1,0,1,0,0,1,0,0
10.071887,1,0,0,0,0,0,0,0,1,0,0,0,1,0,0,0,0,0
10.077583,0,0,0,0,0,0,1,0,0,1,0,1,0,1,0,0,1,0
10.079610,0,0,0,0,1,0,0,0,0,0,0,0,0,0,0,0,0,0
10.098970,0,0,0,0,0,1,0,0,0,0,0,0,0,1,1,0,0,0
10.099413,0,0,0,0,0,0,0,1,0,0,0,0,0,0,0,0,0,1
10.101420,0,1,1,0,0,0,0,0,0,1,1,0,1,0,0,1,0,0
10.116784,1,0,0,1,0,0,1,0,0,1,1,0,1,1,1,0,1,0
10.129936,0,0,0,0,1,0,0,0,0,0,0,0,0,0,0,0,0,0
10.140138,0,0,1,0,0,0,0,0,1,0,0,0,1,0,0,0,0,0
10.150115,0,0,0,0,0,1,0,0,0,1,0,1,0,1,0,1,0,0
10.152651,0,0,0,0,0,0,0,1,0,0,0,0,0,0,0,0,0,1
10.164646,1,0,0,0,0,0,0,0,1,0,0,0,1,0,0,0,0,0
10.174754,0,0,0,0,0,0,1,0,0,1,0,1,0,1,0,0,1,0
10.191869,0,0,0,0,1,0,0,0,0,0,0,0,0,0,0,0,0,0
10.200269,0,0,0,0,0,1,0,0,0,0,0,0,0,1,1,0,0,0
10.200653,0,0,0,0,0,0,0,1,0,0,0,0,0,0,0,0,0,1
10.204039,0,1,1,0,0,0,0,0,0,1,1,0,1,0,0,1,0,0
10.215315,1,0,0,1,0,0,1,0,0,1,1,0,1,1,1,0,1,0
10.240516,0,0,0,0,1,0,0,0,0,0,0,0,0,0,0,0,0,0
10.241743,0,0,1,0,0,0,0,0,1,0,0,0,1,0,0,0,0,0
10.249318,0,0,0,0,0,1,0,0,0,1,0,1,0,1,0,1,0,0
10.253695,0,0,0,0,0,0,0,1,0,0,0,0,0,0,0,0,0,1
10.262114,1,0,0,1,0,0,1,0,0,1,1,0,1,1,1,0,1,0
10.285689,0,0,1,0,0,0,0,0,1,0,0,0,1,0,0,0,0,0
10.291174,0,0,0,0,1,0,0,0,0,0,0,0,0,0,0,0,0,0
10.296763,0,0,0,0,0,0,0,1,0,0,0,0,0,0,0,0,0,1
10.299213,0,0,0,0,0,1,0,0,0,1,0,1,0,1,0,1,0,0
10.318525,1,0,0,1,0,0,1,0,0,1,1,0,1,1,1,0,1,0
10.334053,0,0,0,0,1,0,0,0,0,0,0,0,0,0,0,0,0,0
10.347121,0,0,1,0,0,0,0,0,1,0,0,0,1,0,0,0,0,0
10.348343,0,0,0,0,0,1,0,0,0,1,0,1,0,1,0,1,0,0
10.351921,0,0,0,0,0,0,0,1,0,0,0,0,0,0,0,0,0,1
10.365480,1,0,0,1,0,0,1,0,0,1,1,0,1,1,1,0,1,0
10.388288,0,0,1,0,0,0,0,0,1,0,0,0,1,0,0,0,0,0
10.390349,0,0,0,0,1,0,0,0,0,0,0,0,0,0,0,0,0,0
10.398087,0,0,0,0,0,0,0,1,0,0,0,0,0,0,0,0,0,1
10.400931,0,0,0,0,0,1,0,0,0,1,0,1,0,1,0,1,0,0
10.414811,1,0,0,1,0,0,1,0,0,1,1,0,1,1,1,0,1,0
10.432753,0,0,0,0,1,0,0,0,0,0,0,0,0,0,0,0,0,0
10.440864,0,0,1,0,0,0,0,0,1,0,0,0,1,0,0,0,0,0
10.446979,0,0,0,0,0,0,0,1,0,0,0,0,0,0,0,0,0,1
10.450575,0,0,0,0,0,1,0,0,0,1,0,1,0,1,0,1,0,0
10.465809,1,0,0,1,0,0,1,0,0,1,1,0,1,1,1,0,1,0
10.486021,0,0,1,0,0,0,0,0,1,0,0,0,1,0,0,0,0,0
10.486843,0,0,0,0,1,0,0,0,0,0,0,0,0,0,0,0,0,0
10.498491,0,0,0,0,0,1,0,0,0,1,0,1,0,1,0,1,0,0
10.503597,0,0,0,0,0,0,0,1,0,0,0,0,0,0,0,0,0,1
10.516069,1,0,0,0,0,0,0,0,1,0,0,0,1,0,0,0,0,0
10.521500,0,0,0,0,0,0,1,0,0,1,0,1,0,1,0,0,1,0
10.542042,0,0,0,0,1,0,0,0,0,0,0,0,0,0,0,0,0,0
10.547282,0,0,0,0,0,0,0,1,0,0,0,0,0,0,0,0,0,1
10.547922,0,0,1,0,0,0,0,0,1,0,0,0,1,0,0,0,0,0
10.549084,0,0,0,0,0,1,0,0,0,1,0,1,0,1,0,1,0,0
10.559368,1,0,0,0,0,0,0,0,1,0,0,0,1,0,0,0,0,0
10.585345,0,0,0,0,1,0,1,0,0,1,0,1,0,1,0,0,1,0
10.598363,0,0,0,0,0,1,0,0,0,0,0,0,0,1,1,0,0,0
10.599105,0,0,0,0,0,0,0,1,0,0,0,0,0,0,0,0,0,1
10.610572,0,1,1,0,0,0,0,0,0,1,1,0,1,0,0,1,0,0
10.628364,1,0,0,0,0,0,0,0,1,0,0,0,1,0,0,0,0,0
10.637216,0,0,0,0,1,0,0,0,0,0,0,0,0,0,0,0,0,0
10.649033,0,0,0,0,0,1,1,0,0,1,0,1,0,1,0,0,1,0
10.650532,0,0,0,0,0,0,0,1,0,0,0,0,0,0,0,0,0,1
10.677906,0,1,1,0,0,0,0,0,0,1,1,0,1,0,0,1,0,0
10.689471,0,0,0,0,1,0,0,0,0,0,0,0,0,0,0,0,0,0
10.689848,1,0,0,1,0,0,1,0,0,1,1,0,1,1,1,0,1,0
10.700959,0,0,0,0,0,1,0,0,0,0,0,0,0,1,1,0,0,0
10.703706,0,0,0,0,0,0,0,1,0,0,0,0,0,0,0,0,0,1
10.717129,0,1,1,0,0,0,0,0,0,1,1,0,1,0,0,1,0,0
10.732141,1,0,0,0,0,0,0,0,1,0,0,0,1,0,0,0,0,0
10.738631,0,0,0,0,0,0,1,0,0,1,0,1,0,1,0,0,1,0
10.740437,0,0,0,0,1,0,0,0,0,0,0,0,0,0,0,0,0,0
10.750047,0,0,0,0,0,1,0,0,0,0,0,0,0,1,1,0,0,0
10.752048,0,0,0,0,0,0,0,1,0,0,0,0,0,0,0,0,0,1
10.766122,0,1,1,0,0,0,0,0,0,1,1,0,1,0,0,1,0,0
10.777948,1,0,0,0,0,0,0,0,1,0,0,0,1,0,0,0,0,0
10.789343,0,0,0,0,1,0,1,0,0,1,0,1,0,1,0,0,1,0
10.801107,0,0,0,0,0,1,0,0,0,0,0,0,0,1,1,0,0,0
10.802153,0,0,0,0,0,0,0,1,0,0,0,0,0,0,0,0,0,1
10.814140,0,1,1,0,0,0,0,0,0,1,1,0,1,0,0,1,0,0
10.830345,1,0,0,1,0,0,1,0,0,1,1,0,1,1,1,0,1,0
10.838155,0,0,0,0,1,0,0,0,0,0,0,0,0,0,0,0,0,0
10.848855,0,0,0,0,0,0,0,1,0,0,0,0,0,0,0,0,0,1
10.849546,0,0,0,0,0,1,0,0,0,0,0,0,0,1,1,0,0,0
10.853136,0,1,1,0,0,0,0,0,0,1,1,0,1,0,0,1,0,0
10.868034,1,0,0,1,0,0,1,0,0,1,1,0,1,1,1,0,1,0
10.887311,0,0,0,0,1,0,0,0,0,0,0,0,0,0,0,0,0,0
10.896812,0,0,1,0,0,0,0,0,1,0,0,0,1,0,0,0,0,0
10.899224,0,0,0,0,0,1,0,0,0,1,0,1,0,1,0,1,0,0
10.900588,0,0,0,0,0,0,0,1,0,0,0,0,0,0,0,0,0,1
10.909657,1,0,0,1,0,0,1,0,0,1,1,0,1,1,1,0,1,0
10.935818,0,0,1,0,0,0,0,0,1,0,0,0,1,0,0,0,0,0
10.936229,0,0,0,0,1,0,0,0,0,0,0,0,0,0,0,0,0,0
10.948439,0,0,0,0,0,1,0,0,0,1,0,1,0,1,0,1,0,0
10.949619,0,0,0,0,0,0,0,1,0,0,0,0,0,0,0,0,0,1
10.962792,1,0,0,0,0,0,0,0,1,0,0,0,1,0,0,0,0,0
10.989227,0,0,0,0,1,0,0,0,0,0,0,0,0,0,0,0,0,0
10.999546,0,0,0,0,0,1,0,0,0,1,0,1,0,1,0,1,0,0
11.003559,0,0,0,0,0,0,1,1,0,0,0,0,0,1,1,0,0,1
11.018735,1,0,0,1,0,0,1,0,0,1,1,0,1,1,1,0,1,0
11.038258,0,0,0,0,1,0,0,0,0,0,0,0,0,0,0,0,0,0
11.046894,0,0,0,0,0,0,0,1,0,0,0,0,0,0,0,0,0,1
11.048134,0,0,1,1,0,0,0,0,0,1,1,0,1,0,0,0,1,0
11.051013,0,0,0,0,0,1,0,0,0,0,0,0,0,1,1,0,0,0
11.072048,0,1,1,0,0,0,0,0,0,1,1,0,1,0,0,1,0,0
11.085670,1,0,0,1,0,0,1,0,0,1,1,0,1,1,1,0,1,0
11.086645,0,0,0,0,1,0,0,0,0,0,0,0,0,0,0,0,0,0
11.099613,0,0,0,0,0,1,0,0,0,0,0,0,0,1,1,0,0,0
11.100030,0,0,0,0,0,0,0,1,0,0,0,0,0,0,0,0,0,1
11.115636,0,1,1,0,0,0,0,0,0,1,1,0,1,0,0,1,0,0
11.130351,1,0,0,0,0,0,0,0,1,0,0,0,1,0,0,0,0,0
11.139731,0,0,0,0,1,0,1,0,0,1,0,1,0,1,0,0,1,0
11.149816,0,0,0,0,0,0,0,1,0,0,0,0,0,0,0,0,0,1
11.150106,0,0,0,0,0,1,0,0,0,0,0,0,0,1,1,0,0,0
11.165259,0,1,1,0,0,0,0,0,0,1,1,0,1,0,0,1,0,0
11.178788,1,0,0,0,0,0,0,0,1,0,0,0,1,0,0,0,0,0
11.180312,0,0,0,0,0,0,1,0,0,1,0,1,0,1,0,0,1,0
11.184553,0,0,0,0,1,0,0,0,0,0,0,0,0,0,0,0,0,0
11.199129,0,0,0,0,0,1,0,0,0,0,0,0,0,1,1,0,0,0
11.200079,0,0,0,0,0,0,0,1,0,0,0,0,0,0,0,0,0,1
11.209245,0,1,1,0,0,0,0,0,0,1,1,0,1,0,0,1,0,0
11.224340,1,0,0,0,0,0,0,0,1,0,0,0,1,0,0,0,0,0
11.237202,0,0,0,0,1,0,1,0,0,1,0,1,0,1,0,0,1,0
11.249837,0,0,0,0,0,0,0,1,0,0,0,0,0,0,0,0,0,1
11.249890,0,0,0,0,0,1,0,0,0,0,0,0,0,1,1,0,0,0
11.264749,0,1,1,0,0,0,0,0,0,1,1,0,1,0,0,1,0,0
11.279804,1,0,0,0,0,0,0,0,1,0,0,0,1,0,0,0,0,0
11.285237,0,0,0,0,1,0,0,0,0,0,0,0,0,0,0,0,0,0
11.298668,0,0,0,0,0,0,0,1,0,0,0,0,0,0,0,0,0,1
11.299685,0,0,0,0,0,1,0,0,0,1,0,1,0,1,0,1,0,0
11.304003,0,0,0,0,0,0,1,0,0,0,0,0,0,1,1,0,0,0
11.313298,1,0,0,1,0,0,0,0,0,1,1,0,1,0,0,0,1,0
11.332911,0,0,0,0,1,0,0,0,0,0,0,0,0,0,0,0,0,0
11.341033,0,0,1,1,0,0,1,0,0,1,1,0,1,1,1,0,1,0
11.349767,0,0,0,0,0,1,0,0,0,0,0,0,0,1,1,0,0,0
11.351574,0,0,0,0,0,0,0,1,0,0,0,0,0,0,0,0,0,1
11.362331,0,1,1,0,0,0,0,0,0,1,1,0,1,0,0,1,0,0
11.376347,1,0,0,1,0,0,1,0,0,1,1,0,1,1,1,0,1,0
11.385455,0,0,0,0,1,0,0,0,0,0,0,0,0,0,0,0,0,0
11.399635,0,0,0,0,0,1,0,0,0,0,0,0,0,1,1,0,0,0
11.401303,0,0,0,0,0,0,0,1,0,0,0,0,0,0,0,0,0,1
11.403142,0,1,1,0,0,0,0,0,0,1,1,0,1,0,0,1,0,0
11.420157,1,0,0,0,0,0,0,0,1,0,0,0,1,0,0,0,0,0
11.427785,0,0,0,0,0,0,1,0,0,1,0,1,0,1,0,0,1,0
11.433649,0,0,0,0,1,0,0,0,0,0,0,0,0,0,0,0,0,0
11.448910,0,0,0,0,0,1,0,0,0,0,0,0,0,1,1,0,0,0
11.451501,0,0,0,0,0,0,0,1,0,0,0,0,0,0,0,0,0,1
11.452254,0,1,1,0,0,0,0,0,0,1,1,0,1,0,0,1,0,0
11.466807,1,0,0,0,0,0,0,0,1,0,0,0,1,0,0,0,0,0
11.488850,0,0,0,0,1,0,1,0,0,1,0,1,0,1,0,0,1,0
11.500035,0,0,0,0,0,1,0,0,0,0,0,0,0,1,1,0,0,0
11.501378,0,0,0,0,0,0,0,1,0,0,0,0,0,0,0,0,0,1
11.515849,0,1,1,0,0,0,0,0,0,1,1,0,1,0,0,1,0,0
11.528971,1,0,0,0,0,0,0,0,1,0,0,0,1,0,0,0,0,0
11.535737,0,0,0,0,0,0,1,0,0,1,0,1,0,1,0,0,1,0
11.538649,0,0,0,0,1,0,0,0,0,0,0,0,0,0,0,0,0,0
11.549544,0,0,0,0,0,1,0,0,0,0,0,0,0,1,1,0,0,0
11.552587,0,0,0,0,0,0,0,1,0,0,0,0,0,0,0,0,0,1
11.563444,0,1,1,0,0,0,0,0,0,1,1,0,1,0,0,1,0,0
11.581645,1,0,0,1,0,0,1,0,0,1,1,0,1,1,1,0,1,0
11.590573,0,0,0,0,1,0,0,0,0,0,0,0,0,0,0,0,0,0
11.600806,0,0,0,0,0,1,0,0,0,0,0,0,0,1,1,0,0,0
11.602908,0,0,0,0,0,0,0,1,0,0,0,0,0,0,0,0,0,1
11.609725,0,1,1,0,0,0,0,0,0,1,1,0,1,0,0,1,0,0
11.621474,1,0,0,1,0,0,1,0,0,1,1,0,1,1,1,0,1,0
11.636742,0,0,0,0,1,0,0,0,0,0,0,0,0,0,0,0,0,0
11.643700,0,0,1,0,0,0,0,0,1,0,0,0,1,0,0,0,0,0
11.651405,0,0,0,0,0,1,0,0,0,1,0,1,0,1,0,1,0,0
11.653723,0,0,0,0,0,0,0,1,0,0,0,0,0,0,0,0,0,1
11.664474,1,0,0,1,0,0,1,0,0,1,1,0,1,1,1,0,1,0
11.685910,0,0,1,0,0,0,0,0,1,0,0,0,1,0,0,0,0,0
11.693353,0,0,0,0,1,0,0,0,0,0,0,0,0,0,0,0,0,0
11.699314,0,0,0,0,0,1,0,0,0,1,0,1,0,1,0,1,0,0
11.700226,0,0,0,0,0,0,0,1,0,0,0,0,0,0,0,0,0,1
11.714190,1,0,0,1,0,0,1,0,0,1,1,0,1,1,1,0,1,0
11.734966,0,0,0,0,1,0,0,0,0,0,0,0,0,0,0,0,0,0
11.744052,0,0,1,0,0,0,0,0,1,0,0,0,1,0,0,0,0,0
11.746383,0,0,0,0,0,0,0,1,0,0,0,0,0,0,0,0,0,1
11.751982,0,0,0,0,0,1,0,0,0,1,0,1,0,1,0,1,0,0
11.765887,1,0,0,0,0,0,0,0,1,0,0,0,1,0,0,0,0,0
11.782170,0,0,0,0,1,0,1,0,0,1,0,1,0,1,0,0,1,0
11.800134,0,0,0,0,0,1,0,0,0,0,0,0,0,1,1,0,0,0
11.800943,0,0,0,0,0,0,0,1,0,0,0,0,0,0,0,0,0,1
11.806129,0,1,1,0,0,0,0,0,0,1,1,0,1,0,0,1,0,0
11.822919,1,0,0,1,0,0,1,0,0,1,1,0,1,1,1,0,1,0
11.837262,0,0,0,0,1,0,0,0,0,0,0,0,0,0,0,0,0,0
11.845338,0,0,1,0,0,0,0,0,1,0,0,0,1,0,0,0,0,0
11.851359,0,0,0,0,0,1,0,0,0,1,0,1,0,1,0,1,0,0
11.853168,0,0,0,0,0,0,0,1,0,0,0,0,0,0,0,0,0,1
11.866955,1,0,0,0,0,0,0,0,1,0,0,0,1,0,0,0,0,0
11.885140,0,0,0,0,0,0,1,0,0,1,0,1,0,1,0,0,1,0
11.891713,0,0,0,0,1,0,0,0,0,0,0,0,0,0,0,0,0,0
11.899384,0,0,0,0,0,0,0,1,0,0,0,0,0,0,0,0,0,1
11.900736,0,0,0,0,0,1,0,0,0,0,0,0,0,1,1,0,0,0
11.910774,0,1,1,0,0,0,0,0,0,1,1,0,1,0,0,1,0,0
11.925368,1,0,0,1,0,0,1,0,0,1,1,0,1,1,1,0,1,0
11.937206,0,0,0,0,1,0,0,0,0,0,0,0,0,0,0,0,0,0
11.950377,0,0,0,0,0,1,0,0,0,0,0,0,0,1,1,0,0,0
11.951169,0,1,1,0,0,0,0,0,0,1,1,0,1,0,0,1,0,0
11.952781,0,0,0,0,0,0,0,1,0,0,0,0,0,0,0,0,0,1
11.968230,1,0,0,1,0,0,1,0,0,1,1,0,1,1,1,0,1,0
11.988477,0,0,1,0,0,0,0,0,1,0,0,0,1,0,0,0,0,0
11.989352,0,0,0,0,1,0,0,0,0,0,0,0,0,0,0,0,0,0
11.998480,0,0,0,0,0,0,0,1,0,0,0,0,0,0,0,0,0,1
12.000137,0,0,0,0,0,1,0,0,0,1,0,1,0,1,0,1,0,0
12.013734,1,0,0,1,0,0,1,0,0,1,1,0,1,1,1,0,1,0
12.036886,0,0,0,0,1,0,0,0,0,0,0,0,0,0,0,0,0,0
12.042208,0,0,1,0,0,0,0,0,1,0,0,0,1,0,0,0,0,0
12.049339,0,0,0,0,0,1,0,0,0,1,0,1,0,1,0,1,0,0
12.049437,0,0,0,0,0,0,0,1,0,0,0,0,0,0,0,0,0,1
12.064209,1,0,0,1,0,0,1,0,0,1,1,0,1,1,1,0,1,0
12.084787,0,0,1,0,0,0,0,0,1,0,0,0,1,0,0,0,0,0
12.085140,0,0,0,0,1,0,0,0,0,0,0,0,0,0,0,0,0,0
12.101190,0,0,0,0,0,1,0,0,0,1,0,1,0,1,0,1,0,0
12.103509,0,0,0,0,0,0,0,1,0,0,0,0,0,0,0,0,0,1
12.114373,1,0,0,1,0,0,1,0,0,1,1,0,1,1,1,0,1,0
12.137056,0,0,1,0,0,0,0,0,1,0,0,0,1,0,0,0,0,0
12.138392,0,0,0,0,1,0,0,0,0,0,0,0,0,0,0,0,0,0
12.146700,0,0,0,0,0,0,0,1,0,0,0,0,0,0,0,0,0,1
12.149975,0,0,0,0,0,1,0,0,0,1,0,1,0,1,0,1,0,0
12.165637,1,0,0,0,0,0,0,0,1,0,0,0,1,0,0,0,0,0
12.185828,0,0,0,0,1,0,1,0,0,1,0,1,0,1,0,0,1,0
12.198243,0,0,0,0,0,0,0,1,0,0,0,0,0,0,0,0,0,1
12.199372,0,0,0,0,0,1,0,0,0,0,0,0,0,1,1,0,0,0
12.210512,0,1,1,0,0,0,0,0,0,1,1,0,1,0,0,1,0,0
12.228986,1,0,0,1,0,0,1,0,0,1,1,0,1,1,1,0,1,0
12.230847,0,0,0,0,1,0,0,0,0,0,0,0,0,0,0,0,0,0
12.249074,0,0,0,0,0,0,0,1,0,0,0,0,0,0,0,0,0,1
12.250533,0,0,0,0,0,1,0,0,0,0,0,0,0,1,1,0,0,0
12.256619,0,1,1,0,0,0,0,0,0,1,1,0,1,0,0,1,0,0
12.274346,1,0,0,0,0,0,0,0,1,0,0,0,1,0,0,0,0,0
12.279258,0,0,0,0,1,0,0,0,0,0,0,0,0,0,0,0,0,0
12.280565,0,0,0,0,0,0,1,0,0,1,0,1,0,1,0,0,1,0
12.298163,0,0,0,0,0,0,0,1,0,0,0,0,0,0,0,0,0,1
12.299651,0,0,0,0,0,1,0,0,0,0,0,0,0,1,1,0,0,0
12.310564,0,1,1,0,0,0,0,0,0,1,1,0,1,0,0,1,0,0
12.328379,1,0,0,1,0,0,1,0,0,1,1,0,1,1,1,0,1,0
12.333816,0,0,0,0,1,0,0,0,0,0,0,0,0,0,0,0,0,0
12.347069,0,0,0,0,0,0,0,1,0,0,0,0,0,0,0,0,0,1
12.349390,0,0,0,0,0,1,0,0,0,0,0,0,0,1,1,0,0,0
12.353235,0,1,1,0,0,0,0,0,0,1,1,0,1,0,0,1,0,0
12.372636,1,0,0,0,0,0,0,0,1,0,0,0,1,0,0,0,0,0
12.383558,0,0,0,0,0,0,1,0,0,1,0,1,0,1,0,0,1,0
12.385652,0,0,0,0,1,0,0,0,0,0,0,0,0,0,0,0,0,0
12.399808,0,0,0,0,0,1,0,0,0,0,0,0,0,1,1,0,0,0
12.401361,0,0,0,0,0,0,0,1,0,0,0,0,0,0,0,0,0,1
12.410806,0,1,1,0,0,0,0,0,0,1,1,0,1,0,0,1,0,0
12.424723,1,0,0,0,0,0,0,0,1,0,0,0,1,0,0,0,0,0
12.440865,0,0,0,0,1,0,1,0,0,1,0,1,0,1,0,0,1,0
12.446487,0,0,0,0,0,0,0,1,0,0,0,0,0,0,0,0,0,1
12.448177,0,0,0,0,0,1,0,0,0,0,0,0,0,1,1,0,0,0
12.462035,0,1,1,0,0,0,0,0,0,1,1,0,1,0,0,1,0,0
12.472608,1,0,0,0,0,0,0,0,1,0,0,0,1,0,0,0,0,0
12.476403,0,0,0,0,0,0,1,0,0,1,0,1,0,1,0,0,1,0
12.479422,0,0,0,0,1,0,0,0,0,0,0,0,0,0,0,0,0,0
12.498479,0,0,0,0,0,1,0,0,0,0,0,0,0,1,1,0,0,0
12.498858,0,0,0,0,0,0,0,1,0,0,0,0,0,0,0,0,0,1
12.498912,0,1,1,0,0,0,0,0,0,1,1,0,1,0,0,1,0,0
12.517570,1,0,0,0,0,0,0,0,1,0,0,0,1,0,0,0,0,0
12.529532,0,0,0,0,0,0,1,0,0,1,0,1,0,1,0,0,1,0
12.535060,0,0,0,0,1,0,0,0,0,0,0,0,0,0,0,0,0,0
12.546308,0,0,0,0,0,0,0,1,0,0,0,0,0,0,0,0,0,1
12.550602,0,0,0,0,0,1,0,0,0,0,0,0,0,1,1,0,0,0
12.553488,0,1,1,0,0,0,0,0,0,1,1,0,1,0,0,1,0,0
12.570849,1,0,0,0,0,0,0,0,1,0,0,0,1,0,0,0,0,0
12.577055,0,0,0,0,1,0,0,0,0,0,0,0,0,0,0,0,0,0
12.600164,0,0,0,0,0,1,0,0,0,1,0,1,0,1,0,1,0,0
12.601309,0,0,0,0,0,0,1,1,0,0,0,0,0,1,1,0,0,1
12.615218,1,0,0,1,0,0,1,0,0,1,1,0,1,1,1,0,1,0
12.637205,0,0,1,1,0,0,0,0,0,1,1,0,1,0,0,0,1,0
12.639774,0,0,0,0,1,0,0,0,0,0,0,0,0,0,0,0,0,0
12.648595,0,0,0,0,0,1,0,0,0,0,0,0,0,1,1,0,0,0
12.653590,0,0,0,0,0,0,0,1,0,0,0,0,0,0,0,0,0,1
12.661300,0,1,1,0,0,0,0,0,0,1,1,0,1,0,0,1,0,0
12.677126,1,0,0,1,0,0,1,0,0,1,1,0,1,1,1,0,1,0
12.692283,0,0,0,0,1,0,0,0,0,0,0,0,0,0,0,0,0,0
12.699532,0,0,0,0,0,1,0,0,0,0,0,0,0,1,1,0,0,0
12.701180,0,1,1,0,0,0,0,0,0,1,1,0,1,0,0,1,0,0
12.701361,0,0,0,0,0,0,0,1,0,0,0,0,0,0,0,0,0,1
12.719862,1,0,0,0,0,0,0,0,1,0,0,0,1,0,0,0,0,0
12.737447,0,0,0,0,1,0,0,0,0,0,0,0,0,0,0,0,0,0
12.749742,0,0,0,0,0,1,1,0,0,1,0,1,0,1,0,1,0,0
12.753492,0,0,0,0,0,0,0,1,0,0,0,0,0,0,0,0,0,1
12.760367,1,0,0,1,0,0,1,0,0,1,1,0,1,1,1,0,1,0
12.782559,0,0,1,1,0,0,0,0,0,1,1,0,1,0,0,0,1,0
12.789767,0,0,0,0,1,0,0,0,0,0,0,0,0,0,0,0,0,0
12.799331,0,0,0,0,0,1,0,0,0,0,0,0,0,1,1,0,0,0
12.803283,0,0,0,0,0,0,0,1,0,0,0,0,0,0,0,0,0,1
12.811240,0,1,1,0,0,0,0,0,0,1,1,0,1,0,0,1,0,0
12.830637,1,0,0,0,0,0,0,0,1,0,0,0,1,0,0,0,0,0
12.836938,0,0,0,0,1,0,1,0,0,1,0,1,0,1,0,0,1,0
12.849923,0,0,0,0,0,1,0,0,0,0,0,0,0,1,1,0,0,0
12.853386,0,0,0,0,0,0,0,1,0,0,0,0,0,0,0,0,0,1
12.860055,0,1,1,0,0,0,0,0,0,1,1,0,1,0,0,1,0,0
12.876297,1,0,0,0,0,0,0,0,1,0,0,0,1,0,0,0,0,0
12.884633,0,0,0,0,1,0,0,0,0,0,0,0,0,0,0,0,0,0
12.892723,0,0,0,0,0,0,1,0,0,1,0,1,0,1,0,0,1,0
12.897531,0,0,0,0,0,0,0,1,0,0,0,0,0,0,0,0,0,1
12.900082,0,0,0,0,0,1,0,0,0,0,0,0,0,1,1,0,0,0
12.915650,0,1,1,0,0,0,0,0,0,1,1,0,1,0,0,1,0,0
12.930339,1,0,0,0,0,0,0,0,1,0,0,0,1,0,0,0,0,0
12.931811,0,0,0,0,1,0,0,0,0,0,0,0,0,0,0,0,0,0
12.938751,0,0,0,0,0,0,1,0,0,1,0,1,0,1,0,0,1,0
12.949232,0,0,0,0,0,1,0,0,0,0,0,0,0,1,1,0,0,0
12.950875,0,0,0,0,0,0,0,1,0,0,0,0,0,0,0,0,0,1
12.962762,0,1,1,0,0,0,0,0,0,1,1,0,1,0,0,1,0,0
12.976776,1,0,0,0,0,0,0,0,1,0,0,0,1,0,0,0,0,0
12.987536,0,0,0,0,1,0,0,0,0,0,0,0,0,0,0,0,0,0
12.992829,0,0,0,0,0,0,1,0,0,1,0,1,0,1,0,0,1,0
13.000212,0,0,0,0,0,0,0,1,0,0,0,0,0,0,0,0,0,1
13.000390,0,0,0,0,0,1,0,0,0,0,0,0,0,1,1,0,0,0
13.021408,0,1,1,0,0,0,0,0,0,1,1,0,1,0,0,1,0,0
13.031216,0,0,0,0,1,0,0,0,0,0,0,0,0,0,0,0,0,0
13.037437,1,0,0,1,0,0,1,0,0,1,1,0,1,1,1,0,1,0
13.049341,0,0,0,0,0,0,0,1,0,0,0,0,0,0,0,0,0,1
13.049997,0,0,0,0,0,1,0,0,0,0,0,0,0,1,1,0,0,0
13.065152,0,1,1,0,0,0,0,0,0,1,1,0,1,0,0,1,0,0
13.080179,1,0,0,0,0,0,0,0,1,0,0,0,1,0,0,0,0,0
13.087147,0,0,0,0,1,0,0,0,0,0,0,0,0,0,0,0,0,0
13.100986,0,0,0,0,0,1,0,0,0,1,0,1,0,1,0,1,0,0
13.101843,0,0,0,0,0,0,1,1,0,0,0,0,0,1,1,0,0,1
13.113961,1,0,0,1,0,0,0,0,0,1,1,0,1,0,0,0,1,0
13.140708,0,0,0,0,1,0,0,0,0,0,0,0,0,0,0,0,0,0
13.142555,0,0,0,0,0,0,1,0,0,0,0,0,0,1,1,0,0,0
13.143761,0,0,1,1,0,0,0,0,0,1,1,0,1,0,0,0,1,0
13.149951,0,0,0,0,0,1,0,0,0,0,0,0,0,1,1,0,0,0
13.152011,0,0,0,0,0,0,0,1,0,0,0,0,0,0,0,0,0,1
13.169904,0,1,1,0,0,0,0,0,0,1,1,0,1,0,0,1,0,0
13.180530,1,0,0,0,0,0,0,0,1,0,0,0,1,0,0,0,0,0
13.184496,0,0,0,0,0,0,1,0,0,1,0,1,0,1,0,0,1,0
13.189434,0,0,0,0,1,0,0,0,0,0,0,0,0,0,0,0,0,0
13.199639,0,0,0,0,0,0,0,1,0,0,0,0,0,0,0,0,0,1
13.201676,0,0,0,0,0,1,0,0,0,0,0,0,0,1,1,0,0,0
13.208872,0,1,1,0,0,0,0,0,0,1,1,0,1,0,0,1,0,0
13.225407,1,0,0,0,0,0,0,0,1,0,0,0,1,0,0,0,0,0
13.238884,0,0,0,0,1,0,0,0,0,0,0,0,0,0,0,0,0,0
13.249957,0,0,0,0,0,1,1,0,0,1,0,1,0,1,0,0,1,0
13.252409,0,0,0,0,0,0,0,1,0,0,0,0,0,0,0,0,0,1
13.271567,0,1,1,0,0,0,0,0,0,1,1,0,1,0,0,1,0,0
13.286515,1,0,0,1,0,0,1,0,0,1,1,0,1,1,1,0,1,0
13.290701,0,0,0,0,1,0,0,0,0,0,0,0,0,0,0,0,0,0
13.299971,0,0,0,0,0,1,0,0,0,0,0,0,0,1,1,0,0,0
13.301841,0,0,0,0,0,0,0,1,0,0,0,0,0,0,0,0,0,1
13.312722,0,1,1,0,0,0,0,0,0,1,1,0,1,0,0,1,0,0
13.329904,1,0,0,1,0,0,1,0,0,1,1,0,1,1,1,0,1,0
13.336091,0,0,0,0,1,0,0,0,0,0,0,0,0,0,0,0,0,0
13.350250,0,0,0,0,0,0,0,1,0,0,0,0,0,0,0,0,0,1
13.350923,0,0,0,0,0,1,0,0,0,0,0,0,0,1,1,0,0,0
13.353373,0,1,1,0,0,0,0,0,0,1,1,0,1,0,0,1,0,0
13.367360,1,0,0,1,0,0,1,0,0,1,1,0,1,1,1,0,1,0
13.388878,0,0,0,0,1,0,0,0,0,0,0,0,0,0,0,0,0,0
13.390694,0,0,1,0,0,0,0,0,1,0,0,0,1,0,0,0,0,0
13.398868,0,0,0,0,0,0,0,1,0,0,0,0,0,0,0,0,0,1
13.400206,0,0,0,0,0,1,0,0,0,1,0,1,0,1,0,1,0,0
13.416668,1,0,0,1,0,0,1,0,0,1,1,0,1,1,1,0,1,0
13.434097,0,0,0,0,1,0,0,0,0,0,0,0,0,0,0,0,0,0
13.439007,0,0,1,0,0,0,0,0,1,0,0,0,1,0,0,0,0,0
13.447657,0,0,0,0,0,0,0,1,0,0,0,0,0,0,0,0,0,1
13.448853,0,0,0,0,0,1,0,0,0,1,0,1,0,1,0,1,0,0
13.467650,1,0,0,0,0,0,0,0,1,0,0,0,1,0,0,0,0,0
13.482039,0,0,0,0,1,0,1,0,0,1,0,1,0,1,0,0,1,0
13.498667,0,0,0,0,0,0,0,1,0,0,0,0,0,0,0,0,0,1
13.499908,0,0,0,0,0,1,0,0,0,0,0,0,0,1,1,0,0,0
13.505088,0,1,1,0,0,0,0,0,0,1,1,0,1,0,0,1,0,0
13.520893,1,0,0,0,0,0,0,0,1,0,0,0,1,0,0,0,0,0
13.536787,0,0,0,0,1,0,0,0,0,0,0,0,0,0,0,0,0,0
13.545266,0,0,0,0,0,0,1,0,0,1,0,1,0,1,0,0,1,0
13.549908,0,0,0,0,0,1,0,0,0,0,0,0,0,1,1,0,0,0
13.553449,0,0,0,0,0,0,0,1,0,0,0,0,0,0,0,0,0,1
13.573920,0,1,1,0,0,0,0,0,0,1,1,0,1,0,0,1,0,0
13.586230,1,0,0,0,0,0,0,0,1,0,0,0,1,0,0,0,0,0
13.587917,0,0,0,0,0,0,1,0,0,1,0,1,0,1,0,0,1,0
13.592973,0,0,0,0,1,0,0,0,0,0,0,0,0,0,0,0,0,0
13.600931,0,0,0,0,0,0,0,1,0,0,0,0,0,0,0,0,0,1
13.601594,0,0,0,0,0,1,0,0,0,0,0,0,0,1,1,0,0,0
13.612482,0,1,1,0,0,0,0,0,0,1,1,0,1,0,0,1,0,0
13.623546,1,0,0,1,0,0,1,0,0,1,1,0,1,1,1,0,1,0
13.637772,0,0,0,0,1,0,0,0,0,0,0,0,0,0,0,0,0,0
13.647005,0,0,0,0,0,0,0,1,0,0,0,0,0,0,0,0,0,1
13.649380,0,0,0,0,0,1,0,0,0,0,0,0,0,1,1,0,0,0
13.650124,0,1,1,0,0,0,0,0,0,1,1,0,1,0,0,1,0,0
13.667043,1,0,0,0,0,0,0,0,1,0,0,0,1,0,0,0,0,0
13.681526,0,0,0,0,1,0,0,0,0,0,0,0,0,0,0,0,0,0
13.700992,0,0,0,0,0,1,0,0,0,1,0,1,0,1,0,1,0,0
13.702406,0,0,0,0,0,0,0,1,0,0,0,0,0,0,0,0,0,1
13.720928,1,0,0,1,0,0,1,0,0,1,1,0,1,1,1,0,1,0
13.722487,0,0,0,0,0,0,1,0,0,0,0,0,0,1,1,0,0,0
13.740653,0,0,0,0,1,0,0,0,0,0,0,0,0,0,0,0,0,0
13.749691,0,0,1,1,0,0,0,0,0,1,1,0,1,0,0,0,1,0
13.749783,0,0,0,0,0,1,0,0,0,0,0,0,0,1,1,0,0,0
13.751399,0,0,0,0,0,0,0,1,0,0,0,0,0,0,0,0,0,1
13.776664,0,1,1,0,0,0,0,0,0,1,1,0,1,0,0,1,0,0
13.786440,0,0,0,0,1,0,0,0,0,0,0,0,0,0,0,0,0,0
13.789846,1,0,0,0,0,0,0,0,1,0,0,0,1,0,0,0,0,0
13.801396,0,0,0,0,0,0,1,1,0,1,0,1,0,1,0,0,1,1
13.801978,0,0,0,0,0,1,0,0,0,0,0,0,0,1,1,0,0,0
13.826006,0,1,1,0,0,0,0,0,0,1,1,0,1,0,0,1,0,0
13.839484,0,0,0,0,1,0,0,0,0,0,0,0,0,0,0,0,0,0
13.843495,1,0,0,1,0,0,1,0,0,1,1,0,1,1,1,0,1,0
13.848949,0,0,0,0,0,0,0,1,0,0,0,0,0,0,0,0,0,1
13.850187,0,0,0,0,0,1,0,0,0,0,0,0,0,1,1,0,0,0
13.866426,0,1,1,0,0,0,0,0,0,1,1,0,1,0,0,1,0,0
13.883564,1,0,0,1,0,0,1,0,0,1,1,0,1,1,1,0,1,0
13.888048,0,0,0,0,1,0,0,0,0,0,0,0,0,0,0,0,0,0
13.900768,0,0,0,0,0,0,0,1,0,0,0,0,0,0,0,0,0,1
13.900797,0,0,0,0,0,1,0,0,0,0,0,0,0,1,1,0,0,0
13.903852,0,1,1,0,0,0,0,0,0,1,1,0,1,0,0,1,0,0
13.921009,1,0,0,0,0,0,0,0,1,0,0,0,1,0,0,0,0,0
13.929498,0,0,0,0,0,0,1,0,0,1,0,1,0,1,0,0,1,0
13.934716,0,0,0,0,1,0,0,0,0,0,0,0,0,0,0,0,0,0
13.950643,0,0,0,0,0,1,0,0,0,0,0,0,0,1,1,0,0,0
13.950853,0,0,0,0,0,0,0,1,0,0,0,0,0,0,0,0,0,1
13.953269,0,1,1,0,0,0,0,0,0,1,1,0,1,0,0,1,0,0
13.970362,1,0,0,1,0,0,1,0,0,1,1,0,1,1,1,0,1,0
13.990215,0,0,0,0,1,0,0,0,0,0,0,0,0,0,0,0,0,0
13.997884,0,0,1,0,0,0,0,0,1,0,0,0,1,0,0,0,0,0
13.999404,0,0,0,0,0,1,0,0,0,1,0,1,0,1,0,1,0,0
13.999608,0,0,0,0,0,0,0,1,0,0,0,0,0,0,0,0,0,1
14.011472,1,0,0,1,0,0,1,0,0,1,1,0,1,1,1,0,1,0
14.034156,0,0,1,0,0,0,0,0,1,0,0,0,1,0,0,0,0,0
14.038506,0,0,0,0,1,0,0,0,0,0,0,0,0,0,0,0,0,0
14.048646,0,0,0,0,0,1,0,0,0,1,0,1,0,1,0,1,0,0
14.049487,0,0,0,0,0,0,0,1,0,0,0,0,0,0,0,0,0,1
14.060774,1,0,0,1,0,0,1,0,0,1,1,0,1,1,1,0,1,0
14.080302,0,0,0,0,1,0,0,0,0,0,0,0,0,0,0,0,0,0
14.082577,0,0,1,0,0,0,0,0,1,0,0,0,1,0,0,0,0,0
14.100314,0,0,0,0,0,1,0,0,0,1,0,1,0,1,0,1,0,0
14.100403,0,0,0,0,0,0,0,1,0,0,0,0,0,0,0,0,0,1
14.115339,1,0,0,1,0,0,1,0,0,1,1,0,1,1,1,0,1,0
14.139587,0,0,0,0,1,0,0,0,0,0,0,0,0,0,0,0,0,0
14.141376,0,0,1,0,0,0,0,0,1,0,0,0,1,0,0,0,0,0
14.150084,0,0,0,0,0,1,0,0,0,1,0,1,0,1,0,1,0,0
14.153062,0,0,0,0,0,0,0,1,0,0,0,0,0,0,0,0,0,1
14.164701,1,0,0,0,0,0,0,0,1,0,0,0,1,0,0,0,0,0
14.187003,0,0,0,0,1,0,0,0,0,0,0,0,0,0,0,0,0,0
14.199030,0,0,0,0,0,1,1,0,0,1,0,1,0,1,0,1,0,0
14.199060,0,0,0,0,0,0,0,1,0,0,0,0,0,0,0,0,0,1
14.213850,1,0,0,1,0,0,0,0,0,1,1,0,1,0,0,0,1,0
14.227889,0,0,0,0,0,0,1,0,0,0,0,0,0,1,1,0,0,0
14.235869,0,0,1,1,0,0,0,0,0,1,1,0,1,0,0,0,1,0
14.237308,0,0,0,0,1,0,0,0,0,0,0,0,0,0,0,0,0,0
14.248271,0,0,0,0,0,1,0,0,0,0,0,0,0,1,1,0,0,0
14.253785,0,0,0,0,0,0,0,1,0,0,0,0,0,0,0,0,0,1
14.260230,0,1,1,0,0,0,0,0,0,1,1,0,1,0,0,1,0,0
14.277223,1,0,0,0,0,0,0,0,1,0,0,0,1,0,0,0,0,0
14.288805,0,0,0,0,0,0,1,0,0,1,0,1,0,1,0,0,1,0
14.293602,0,0,0,0,1,0,0,0,0,0,0,0,0,0,0,0,0,0
14.298831,0,0,0,0,0,1,0,0,0,0,0,0,0,1,1,0,0,0
14.299023,0,0,0,0,0,0,0,1,0,0,0,0,0,0,0,0,0,1
14.316551,0,1,1,0,0,0,0,0,0,1,1,0,1,0,0,1,0,0
14.329756,0,0,0,0,1,0,0,0,0,0,0,0,0,0,0,0,0,0
14.334740,1,0,0,0,0,0,0,0,1,0,0,0,1,0,0,0,0,0
14.350749,0,0,0,0,0,1,1,0,0,1,0,1,0,1,0,0,1,0
14.352557,0,0,0,0,0,0,0,1,0,0,0,0,0,0,0,0,0,1
14.373457,0,1,1,0,0,0,0,0,0,1,1,0,1,0,0,1,0,0
14.386417,1,0,0,0,0,0,0,0,1,0,0,0,1,0,0,0,0,0
14.390450,0,0,0,0,1,0,0,0,0,0,0,0,0,0,0,0,0,0
14.392207,0,0,0,0,0,0,1,0,0,1,0,1,0,1,0,0,1,0
14.399013,0,0,0,0,0,1,0,0,0,0,0,0,0,1,1,0,0,0
14.399193,0,0,0,0,0,0,0,1,0,0,0,0,0,0,0,0,0,1
14.419340,0,1,1,0,0,0,0,0,0,1,1,0,1,0,0,1,0,0
14.429945,1,0,0,0,0,0,0,0,1,0,0,0,1,0,0,0,0,0
14.432120,0,0,0,0,0,0,1,0,0,1,0,1,0,1,0,0,1,0
14.436369,0,0,0,0,1,0,0,0,0,0,0,0,0,0,0,0,0,0
14.448732,0,0,0,0,0,0,0,1,0,0,0,0,0,0,0,0,0,1
14.449850,0,0,0,0,0,1,0,0,0,0,0,0,0,1,1,0,0,0
14.458073,0,1,1,0,0,0,0,0,0,1,1,0,1,0,0,1,0,0
14.471889,1,0,0,1,0,0,1,0,0,1,1,0,1,1,1,0,1,0
14.488700,0,0,0,0,1,0,0,0,0,0,0,0,0,0,0,0,0,0
14.497257,0,0,0,0,0,0,0,1,0,0,0,0,0,0,0,0,0,1
14.500305,0,0,0,0,0,1,0,0,0,0,0,0,0,1,1,0,0,0
14.500873,0,1,1,0,0,0,0,0,0,1,1,0,1,0,0,1,0,0
14.518981,1,0,0,1,0,0,1,0,0,1,1,0,1,1,1,0,1,0
14.527925,0,0,0,0,1,0,0,0,0,0,0,0,0,0,0,0,0,0
14.543865,0,0,1,0,0,0,0,0,1,0,0,0,1,0,0,0,0,0
14.549552,0,0,0,0,0,0,0,1,0,0,0,0,0,0,0,0,0,1
14.549720,0,0,0,0,0,1,0,0,0,1,0,1,0,1,0,1,0,0
14.564398,1,0,0,1,0,0,1,0,0,1,1,0,1,1,1,0,1,0
14.584024,0,0,0,0,1,0,0,0,0,0,0,0,0,0,0,0,0,0
14.593408,0,0,1,0,0,0,0,0,1,0,0,0,1,0,0,0,0,0
14.599735,0,0,0,0,0,1,0,0,0,1,0,1,0,1,0,1,0,0
14.603373,0,0,0,0,0,0,0,1,0,0,0,0,0,0,0,0,0,1
14.614067,1,0,0,0,0,0,0,0,1,0,0,0,1,0,0,0,0,0
14.640934,0,0,0,0,0,0,1,0,0,1,0,1,0,1,0,0,1,0
14.642390,0,0,0,0,1,0,0,0,0,0,0,0,0,0,0,0,0,0
14.648355,0,0,0,0,0,0,0,1,0,0,0,0,0,0,0,0,0,1
14.650218,0,0,0,0,0,1,0,0,0,0,0,0,0,1,1,0,0,0
14.667049,0,1,1,0,0,0,0,0,0,1,1,0,1,0,0,1,0,0
14.679901,0,0,0,0,1,0,0,0,0,0,0,0,0,0,0,0,0,0
14.686632,1,0,0,0,0,0,0,0,1,0,0,0,1,0,0,0,0,0
14.689736,0,0,0,0,0,0,1,0,0,1,0,1,0,1,0,0,1,0
14.699930,0,0,0,0,0,1,0,0,0,0,0,0,0,1,1,0,0,0
14.702657,0,0,0,0,0,0,0,1,0,0,0,0,0,0,0,0,0,1
14.711923,0,1,1,0,0,0,0,0,0,1,1,0,1,0,0,1,0,0
14.726675,1,0,0,0,0,0,0,0,1,0,0,0,1,0,0,0,0,0
14.734694,0,0,0,0,1,0,1,0,0,1,0,1,0,1,0,0,1,0
14.749872,0,0,0,0,0,1,0,0,0,0,0,0,0,1,1,0,0,0
14.752993,0,0,0,0,0,0,0,1,0,0,0,0,0,0,0,0,0,1
14.758350,0,1,1,0,0,0,0,0,0,1,1,0,1,0,0,1,0,0
14.776157,1,0,0,1,0,0,1,0,0,1,1,0,1,1,1,0,1,0
14.789415,0,0,0,0,1,0,0,0,0,0,0,0,0,0,0,0,0,0
14.798417,0,0,0,0,0,0,0,1,0,0,0,0,0,0,0,0,0,1
14.800664,0,0,0,0,0,1,0,0,0,0,0,0,0,1,1,0,0,0
14.803013,0,1,1,0,0,0,0,0,0,1,1,0,1,0,0,1,0,0
14.821341,1,0,0,1,0,0,1,0,0,1,1,0,1,1,1,0,1,0
14.836626,0,0,0,0,1,0,0,0,0,0,0,0,0,0,0,0,0,0
14.845620,0,0,1,0,0,0,0,0,1,0,0,0,1,0,0,0,0,0
14.849631,0,0,0,0,0,1,0,0,0,1,0,1,0,1,0,1,0,0
14.852200,0,0,0,0,0,0,0,1,0,0,0,0,0,0,0,0,0,1
14.863508,1,0,0,1,0,0,1,0,0,1,1,0,1,1,1,0,1,0
14.885584,0,0,1,0,0,0,0,0,1,0,0,0,1,0,0,0,0,0
14.891006,0,0,0,0,1,0,0,0,0,0,0,0,0,0,0,0,0,0
14.899623,0,0,0,0,0,0,0,1,0,0,0,0,0,0,0,0,0,1
14.900102,0,0,0,0,0,1,0,0,0,1,0,1,0,1,0,1,0,0
14.920031,1,0,0,1,0,0,1,0,0,1,1,0,1,1,1,0,1,0
14.932043,0,0,0,0,1,0,0,0,0,0,0,0,0,0,0,0,0,0
14.946112,0,0,1,0,0,0,0,0,1,0,0,0,1,0,0,0,0,0
14.950680,0,0,0,0,0,1,0,0,0,1,0,1,0,1,0,1,0,0
14.951369,0,0,0,0,0,0,0,1,0,0,0,0,0,0,0,0,0,1
14.964397,1,0,0,0,0,0,0,0,1,0,0,0,1,0,0,0,0,0
14.981183,0,0,0,0,0,0,1,0,0,1,0,1,0,1,0,0,1,0
14.983170,0,0,0,0,1,0,0,0,0,0,0,0,0,0,0,0,0,0
14.998630,0,0,0,0,0,1,0,0,0,0,0,0,0,1,1,0,0,0
15.000829,0,0,0,0,0,0,0,1,0,0,0,0,0,0,0,0,0,1
15.009647,0,1,1,0,0,0,0,0,0,1,1,0,1,0,0,1,0,0
15.026591,1,0,0,1,0,0,1,0,0,1,1,0,1,1,1,0,1,0
15.031473,0,0,0,0,1,0,0,0,0,0,0,0,0,0,0,0,0,0
15.046645,0,0,0,0,0,0,0,1,0,0,0,0,0,0,0,0,0,1
15.048627,0,0,1,0,0,0,0,0,1,0,0,0,1,0,0,0,0,0
15.051048,0,0,0,0,0,1,0,0,0,1,0,1,0,1,0,1,0,0
15.067859,1,0,0,1,0,0,1,0,0,1,1,0,1,1,1,0,1,0
15.084779,0,0,0,0,1,0,0,0,0,0,0,0,0,0,0,0,0,0
15.091871,0,0,1,0,0,0,0,0,1,0,0,0,1,0,0,0,0,0
15.097121,0,0,0,0,0,0,0,1,0,0,0,0,0,0,0,0,0,1
15.100036,0,0,0,0,0,1,0,0,0,1,0,1,0,1,0,1,0,0
15.112060,1,0,0,0,0,0,0,0,1,0,0,0,1,0,0,0,0,0
15.132646,0,0,0,0,1,0,0,0,0,0,0,0,0,0,0,0,0,0
15.142814,0,0,0,0,0,0,1,0,0,1,0,1,0,1,0,0,1,0
15.150547,0,0,0,0,0,1,0,0,0,0,0,0,0,1,1,0,0,0
15.151482,0,0,0,0,0,0,0,1,0,0,0,0,0,0,0,0,0,1
15.168964,0,1,1,0,0,0,0,0,0,1,1,0,1,0,0,1,0,0
15.183174,1,0,0,1,0,0,1,0,0,1,1,0,1,1,1,0,1,0
15.186215,0,0,0,0,1,0,0,0,0,0,0,0,0,0,0,0,0,0
15.198336,0,0,0,0,0,0,0,1,0,0,0,0,0,0,0,0,0,1
15.199206,0,0,0,0,0,1,0,0,0,0,0,0,0,1,1,0,0,0
15.207674,0,1,1,0,0,0,0,0,0,1,1,0,1,0,0,1,0,0
15.218983,1,0,0,1,0,0,1,0,0,1,1,0,1,1,1,0,1,0
15.231434,0,0,0,0,1,0,0,0,0,0,0,0,0,0,0,0,0,0
15.241560,0,0,1,0,0,0,0,0,1,0,0,0,1,0,0,0,0,0
15.248528,0,0,0,0,0,0,0,1,0,0,0,0,0,0,0,0,0,1
15.249610,0,0,0,0,0,1,0,0,0,1,0,1,0,1,0,1,0,0
15.263438,1,0,0,0,0,0,0,0,1,0,0,0,1,0,0,0,0,0
15.285166,0,0,0,0,1,0,0,0,0,0,0,0,0,0,0,0,0,0
15.291455,0,0,0,0,0,0,1,0,0,1,0,1,0,1,0,0,1,0
15.299443,0,0,0,0,0,0,0,1,0,0,0,0,0,0,0,0,0,1
15.301624,0,0,0,0,0,1,0,0,0,0,0,0,0,1,1,0,0,0
15.319791,0,1,1,0,0,0,0,0,0,1,1,0,1,0,0,1,0,0
15.330305,1,0,0,0,0,0,0,0,1,0,0,0,1,0,0,0,0,0
15.332164,0,0,0,0,1,0,0,0,0,0,0,0,0,0,0,0,0,0
15.350193,0,0,0,0,0,0,0,1,0,0,0,0,0,0,0,0,0,1
15.350644,0,0,0,0,0,1,0,0,0,1,0,1,0,1,0,1,0,0
15.370135,1,0,0,1,0,0,1,0,0,1,1,0,1,1,1,0,1,0
15.388991,0,0,0,0,1,0,1,0,0,0,0,0,0,1,1,0,0,0
15.391807,0,0,1,1,0,0,0,0,0,1,1,0,1,0,0,0,1,0
15.400748,0,0,0,0,0,1,0,0,0,0,0,0,0,1,1,0,0,0
15.401988,0,0,0,0,0,0,0,1,0,0,0,0,0,0,0,0,0,1
15.413258,0,1,1,0,0,0,0,0,0,1,1,0,1,0,0,1,0,0
15.429503,1,0,0,1,0,0,1,0,0,1,1,0,1,1,1,0,1,0
15.437587,0,0,0,0,1,0,0,0,0,0,0,0,0,0,0,0,0,0
15.450203,0,0,0,0,0,1,0,0,0,0,0,0,0,1,1,0,0,0
15.450366,0,0,0,0,0,0,0,1,0,0,0,0,0,0,0,0,0,1
15.456395,0,1,1,0,0,0,0,0,0,1,1,0,1,0,0,1,0,0
15.471010,1,0,0,0,0,0,0,0,1,0,0,0,1,0,0,0,0,0
15.478431,0,0,0,0,0,0,1,0,0,1,0,1,0,1,0,0,1,0
15.489586,0,0,0,0,1,0,0,0,0,0,0,0,0,0,0,0,0,0
15.497719,0,0,0,0,0,0,0,1,0,0,0,0,0,0,0,0,0,1
15.500117,0,0,0,0,0,1,0,0,0,0,0,0,0,1,1,0,0,0
15.508190,0,1,1,0,0,0,0,0,0,1,1,0,1,0,0,1,0,0
15.525102,1,0,0,0,0,0,0,0,1,0,0,0,1,0,0,0,0,0
15.526361,0,0,0,0,0,0,1,0,0,1,0,1,0,1,0,0,1,0
15.530959,0,0,0,0,1,0,0,0,0,0,0,0,0,0,0,0,0,0
15.549174,0,0,0,0,0,1,0,0,0,0,0,0,0,1,1,0,0,0
15.550405,0,0,0,0,0,0,0,1,0,0,0,0,0,0,0,0,0,1
15.556189,0,1,1,0,0,0,0,0,0,1,1,0,1,0,0,1,0,0
15.575345,1,0,0,1,0,0,1,0,0,1,1,0,1,1,1,0,1,0
15.586125,0,0,0,0,1,0,0,0,0,0,0,0,0,0,0,0,0,0
15.597432,0,0,1,0,0,0,0,0,1,0,0,0,1,0,0,0,0,0
15.597801,0,0,0,0,0,0,0,1,0,0,0,0,0,0,0,0,0,1
15.600028,0,0,0,0,0,1,0,0,0,1,0,1,0,1,0,1,0,0
15.612664,1,0,0,0,0,0,0,0,1,0,0,0,1,0,0,0,0,0
15.629297,0,0,0,0,0,0,1,0,0,1,0,1,0,1,0,0,1,0
15.630877,0,0,0,0,1,0,0,0,0,0,0,0,0,0,0,0,0,0
15.651248,0,0,0,0,0,0,0,1,0,0,0,0,0,0,0,0,0,1
15.651331,0,0,0,0,0,1,0,0,0,0,0,0,0,1,1,0,0,0
15.651606,0,1,1,0,0,0,0,0,0,1,1,0,1,0,0,1,0,0
15.665604,1,0,0,1,0,0,1,0,0,1,1,0,1,1,1,0,1,0
15.683700,0,0,0,0,1,0,0,0,0,0,0,0,0,0,0,0,0,0
15.688785,0,0,1,0,0,0,0,0,1,0,0,0,1,0,0,0,0,0
15.699544,0,0,0,0,0,0,0,1,0,0,0,0,0,0,0,0,0,1
15.701000,0,0,0,0,0,1,0,0,0,1,0,1,0,1,0,1,0,0
15.717458,1,0,0,0,0,0,0,0,1,0,0,0,1,0,0,0,0,0
15.735490,0,0,0,0,1,0,1,0,0,1,0,1,0,1,0,0,1,0
15.750752,0,0,0,0,0,1,0,0,0,0,0,0,0,1,1,0,0,0
15.753288,0,0,0,0,0,0,0,1,0,0,0,0,0,0,0,0,0,1
15.761744,0,1,1,0,0,0,0,0,0,1,1,0,1,0,0,1,0,0
15.775884,1,0,0,1,0,0,1,0,0,1,1,0,1,1,1,0,1,0
15.788102,0,0,0,0,1,0,0,0,0,0,0,0,0,0,0,0,0,0
15.799840,0,0,0,0,0,1,0,0,0,0,0,0,0,1,1,0,0,0
15.801219,0,0,0,0,0,0,0,1,0,0,0,0,0,0,0,0,0,1
15.802593,0,1,1,0,0,0,0,0,0,1,1,0,1,0,0,1,0,0
15.817318,1,0,0,0,0,0,0,0,1,0,0,0,1,0,0,0,0,0
15.834870,0,0,0,0,1,0,1,0,0,1,0,1,0,1,0,0,1,0
15.849363,0,0,0,0,0,1,0,0,0,0,0,0,0,1,1,0,0,0
15.853450,0,0,0,0,0,0,0,1,0,0,0,0,0,0,0,0,0,1
15.855170,0,1,1,0,0,0,0,0,0,1,1,0,1,0,0,1,0,0
15.873784,1,0,0,1,0,0,1,0,0,1,1,0,1,1,1,0,1,0
15.887538,0,0,0,0,1,0,0,0,0,0,0,0,0,0,0,0,0,0
15.898811,0,0,0,0,0,0,0,1,0,0,0,0,0,0,0,0,0,1
15.900759,0,0,0,0,0,1,0,0,0,0,0,0,0,1,1,0,0,0
15.903489,0,1,1,0,0,0,0,0,0,1,1,0,1,0,0,1,0,0
15.916431,1,0,0,1,0,0,1,0,0,1,1,0,1,1,1,0,1,0
15.935263,0,0,0,0,1,0,0,0,0,0,0,0,0,0,0,0,0,0
15.941492,0,0,1,0,0,0,0,0,1,0,0,0,1,0,0,0,0,0
15.950302,0,0,0,0,0,1,0,0,0,1,0,1,0,1,0,1,0,0
15.951278,0,0,0,0,0,0,0,1,0,0,0,0,0,0,0,0,0,1
15.965571,1,0,0,1,0,0,1,0,0,1,1,0,1,1,1,0,1,0
15.983473,0,0,0,0,1,0,0,0,0,0,0,0,0,0,0,0,0,0
15.993464,0,0,1,0,0,0,0,0,1,0,0,0,1,0,0,0,0,0
16.000230,0,0,0,0,0,0,0,1,0,0,0,0,0,0,0,0,0,1
16.001409,0,0,0,0,0,1,0,0,0,1,0,1,0,1,0,1,0,0
16.015408,1,0,0,1,0,0,1,0,0,1,1,0,1,1,1,0,1,0
16.038737,0,0,0,0,1,0,0,0,0,0,0,0,0,0,0,0,0,0
16.043205,0,0,1,0,0,0,0,0,1,0,0,0,1,0,0,0,0,0
16.050643,0,0,0,0,0,1,0,0,0,1,0,1,0,1,0,1,0,0
16.051998,0,0,0,0,0,0,0,1,0,0,0,0,0,0,0,0,0,1
16.062231,1,0,0,1,0,0,1,0,0,1,1,0,1,1,1,0,1,0
16.085859,0,0,1,0,0,0,0,0,1,0,0,0,1,0,0,0,0,0
16.086520,0,0,0,0,1,0,0,0,0,0,0,0,0,0,0,0,0,0
16.097425,0,0,0,0,0,0,0,1,0,0,0,0,0,0,0,0,0,1
16.100757,0,0,0,0,0,1,0,0,0,1,0,1,0,1,0,1,0,0
16.113365,1,0,0,0,0,0,0,0,1,0,0,0,1,0,0,0,0,0
16.121076,0,0,0,0,0,0,1,0,0,1,0,1,0,1,0,0,1,0
16.128007,0,0,0,0,1,0,0,0,0,0,0,0,0,0,0,0,0,0
16.147072,0,0,1,0,0,0,0,0,1,0,0,0,1,0,0,0,0,0
16.148447,0,0,0,0,0,1,0,0,0,1,0,1,0,1,0,1,0,0
16.148551,0,0,0,0,0,0,0,1,0,0,0,0,0,0,0,0,0,1
16.162059,1,0,0,0,0,0,0,0,1,0,0,0,1,0,0,0,0,0
16.166016,0,0,0,0,0,0,1,0,0,1,0,1,0,1,0,0,1,0
16.184452,0,0,0,0,1,0,0,0,0,0,0,0,0,0,0,0,0,0
16.193048,0,0,1,0,0,0,0,0,1,0,0,0,1,0,0,0,0,0
16.199766,0,0,0,0,0,0,0,1,0,0,0,0,0,0,0,0,0,1
16.200674,0,0,0,0,0,1,0,0,0,1,0,1,0,1,0,1,0,0
16.211380,1,0,0,0,0,0,0,0,1,0,0,0,1,0,0,0,0,0
16.233859,0,0,0,0,1,0,0,0,0,0,0,0,0,0,0,0,0,0
16.241832,0,0,0,0,0,0,1,0,0,1,0,1,0,1,0,0,1,0
16.248515,0,0,0,0,0,1,0,0,0,0,0,0,0,1,1,0,0,0
16.248883,0,0,0,0,0,0,0,1,0,0,0,0,0,0,0,0,0,1
16.266912,0,1,1,0,0,0,0,0,0,1,1,0,1,0,0,1,0,0
16.283070,1,0,0,1,0,0,1,0,0,1,1,0,1,1,1,0,1,0
16.287868,0,0,0,0,1,0,0,0,0,0,0,0,0,0,0,0,0,0
16.300113,0,0,0,0,0,0,0,1,0,0,0,0,0,0,0,0,0,1
16.300756,0,0,0,0,0,1,0,0,0,0,0,0,0,1,1,0,0,0
16.313010,0,1,1,0,0,0,0,0,0,1,1,0,1,0,0,1,0,0
16.328540,1,0,0,1,0,0,1,0,0,1,1,0,1,1,1,0,1,0
16.338685,0,0,0,0,1,0,0,0,0,0,0,0,0,0,0,0,0,0
16.350233,0,0,0,0,0,1,0,0,0,0,0,0,0,1,1,0,0,0
16.352839,0,0,0,0,0,0,0,1,0,0,0,0,0,0,0,0,0,1
16.357296,0,1,1,0,0,0,0,0,0,1,1,0,1,0,0,1,0,0
16.371965,1,0,0,0,0,0,0,0,1,0,0,0,1,0,0,0,0,0
16.390503,0,0,0,0,1,0,1,0,0,1,0,1,0,1,0,0,1,0
16.398072,0,0,0,0,0,0,0,1,0,0,0,0,0,0,0,0,0,1
16.400363,0,0,0,0,0,1,0,0,0,0,0,0,0,1,1,0,0,0
16.417453,0,1,1,0,0,0,0,0,0,1,1,0,1,0,0,1,0,0
16.431416,1,0,0,0,0,0,0,0,1,0,0,0,1,0,0,0,0,0
16.433284,0,0,0,0,0,0,1,0,0,1,0,1,0,1,0,0,1,0
16.434403,0,0,0,0,1,0,0,0,0,0,0,0,0,0,0,0,0,0
16.449490,0,0,0,0,0,1,0,0,0,0,0,0,0,1,1,0,0,0
16.453344,0,0,0,0,0,0,0,1,0,0,0,0,0,0,0,0,0,1
16.462580,0,1,1,0,0,0,0,0,0,1,1,0,1,0,0,1,0,0
16.480579,1,0,0,1,0,0,1,0,0,1,1,0,1,1,1,0,1,0
16.490724,0,0,0,0,1,0,0,0,0,0,0,0,0,0,0,0,0,0
16.498659,0,0,0,0,0,1,0,0,0,0,0,0,0,1,1,0,0,0
16.499820,0,0,0,0,0,0,0,1,0,0,0,0,0,0,0,0,0,1
16.500849,0,1,1,0,0,0,0,0,0,1,1,0,1,0,0,1,0,0
16.520761,1,0,0,0,0,0,0,0,1,0,0,0,1,0,0,0,0,0
16.531595,0,0,0,0,0,0,1,0,0,1,0,1,0,1,0,0,1,0
16.534880,0,0,0,0,1,0,0,0,0,0,0,0,0,0,0,0,0,0
16.550680,0,0,0,0,0,1,0,0,0,0,0,0,0,1,1,0,0,0
16.552079,0,1,1,0,0,0,0,0,0,1,1,0,1,0,0,1,0,0
16.553373,0,0,0,0,0,0,0,1,0,0,0,0,0,0,0,0,0,1
16.563973,1,0,0,1,0,0,1,0,0,1,1,0,1,1,1,0,1,0
16.584226,0,0,0,0,1,0,0,0,0,0,0,0,0,0,0,0,0,0
16.589629,0,0,1,0,0,0,0,0,1,0,0,0,1,0,0,0,0,0
16.598750,0,0,0,0,0,0,0,1,0,0,0,0,0,0,0,0,0,1
16.598873,0,0,0,0,0,1,0,0,0,1,0,1,0,1,0,1,0,0
16.612369,1,0,0,1,0,0,1,0,0,1,1,0,1,1,1,0,1,0
16.632618,0,0,0,0,1,0,0,0,0,0,0,0,0,0,0,0,0,0
16.638643,0,0,1,0,0,0,0,0,1,0,0,0,1,0,0,0,0,0
16.649022,0,0,0,0,0,0,0,1,0,0,0,0,0,0,0,0,0,1
16.650829,0,0,0,0,0,1,0,0,0,1,0,1,0,1,0,1,0,0
16.664213,1,0,0,0,0,0,0,0,1,0,0,0,1,0,0,0,0,0
16.680883,0,0,0,0,0,0,1,0,0,1,0,1,0,1,0,0,1,0
16.688151,0,0,0,0,1,0,0,0,0,0,0,0,0,0,0,0,0,0
16.697517,0,0,0,0,0,0,0,1,0,0,0,0,0,0,0,0,0,1
16.701110,0,0,0,0,0,1,0,0,0,0,0,0,0,1,1,0,0,0
16.705973,0,1,1,0,0,0,0,0,0,1,1,0,1,0,0,1,0,0
16.725110,1,0,0,0,0,0,0,0,1,0,0,0,1,0,0,0,0,0
16.729210,0,0,0,0,1,0,1,0,0,1,0,1,0,1,0,0,1,0
16.746894,0,0,0,0,0,0,0,1,0,0,0,0,0,0,0,0,0,1
16.750827,0,0,1,0,0,0,0,0,1,0,0,0,1,0,0,0,0,0
16.751149,0,0,0,0,0,1,0,0,0,1,0,1,0,1,0,1,0,0
16.763600,1,0,0,0,0,0,0,0,1,0,0,0,1,0,0,0,0,0
16.777925,0,0,0,0,1,0,0,0,0,0,0,0,0,0,0,0,0,0
16.798024,0,0,0,0,0,0,1,1,0,1,0,1,0,1,0,0,1,1
16.799594,0,0,0,0,0,1,0,0,0,0,0,0,0,1,1,0,0,0
16.824070,0,1,1,0,0,0,0,0,0,1,1,0,1,0,0,1,0,0
16.829652,0,0,0,0,1,0,0,0,0,0,0,0,0,0,0,0,0,0
16.836056,1,0,0,0,0,0,0,0,1,0,0,0,1,0,0,0,0,0
16.850718,0,0,0,0,0,1,1,0,0,1,0,1,0,1,0,1,0,0
16.852083,0,0,0,0,0,0,0,1,0,0,0,0,0,0,0,0,0,1
16.862844,1,0,0,1,0,0,1,0,0,1,1,0,1,1,1,0,1,0
16.883096,0,0,1,1,0,0,0,0,0,1,1,0,1,0,0,0,1,0
16.888487,0,0,0,0,1,0,0,0,0,0,0,0,0,0,0,0,0,0
16.899448,0,0,0,0,0,1,0,0,0,0,0,0,0,1,1,0,0,0
16.900124,0,0,0,0,0,0,0,1,0,0,0,0,0,0,0,0,0,1
16.905157,0,1,1,0,0,0,0,0,0,1,1,0,1,0,0,1,0,0
16.920023,1,0,0,0,0,0,0,0,1,0,0,0,1,0,0,0,0,0
16.938943,0,0,0,0,1,0,0,0,0,0,0,0,0,0,0,0,0,0
16.948720,0,0,0,0,0,0,0,1,0,0,0,0,0,0,0,0,0,1
16.949659,0,0,0,0,0,1,0,0,0,1,0,1,0,1,0,1,0,0
16.954084,0,0,0,0,0,0,1,0,0,0,0,0,0,1,1,0,0,0
16.964003,1,0,0,1,0,0,0,0,0,1,1,0,1,0,0,0,1,0
16.978900,0,0,0,0,0,0,1,0,0,0,0,0,0,1,1,0,0,0
16.986161,0,0,0,0,1,0,0,0,0,0,0,0,0,0,0,0,0,0
16.991677,0,0,1,1,0,0,0,0,0,1,1,0,1,0,0,0,1,0
16.999208,0,0,0,0,0,0,0,1,0,0,0,0,0,0,0,0,0,1
17.000561,0,0,0,0,0,1,0,0,0,0,0,0,0,1,1,0,0,0
17.018204,0,1,1,0,0,0,0,0,0,1,1,0,1,0,0,1,0,0
17.034283,1,0,0,1,0,0,1,0,0,1,1,0,1,1,1,0,1,0
17.034604,0,0,0,0,1,0,0,0,0,0,0,0,0,0,0,0,0,0
17.049045,0,0,0,0,0,1,0,0,0,0,0,0,0,1,1,0,0,0
17.053259,0,0,0,0,0,0,0,1,0,0,0,0,0,0,0,0,0,1
17.059760,0,1,1,0,0,0,0,0,0,1,1,0,1,0,0,1,0,0
17.074176,1,0,0,1,0,0,1,0,0,1,1,0,1,1,1,0,1,0
17.091522,0,0,0,0,1,0,0,0,0,0,0,0,0,0,0,0,0,0
17.098327,0,0,0,0,0,1,0,0,0,0,0,0,0,1,1,0,0,0
17.098578,0,1,1,0,0,0,0,0,0,1,1,0,1,0,0,1,0,0
17.101632,0,0,0,0,0,0,0,1,0,0,0,0,0,0,0,0,0,1
17.114275,1,0,0,1,0,0,1,0,0,1,1,0,1,1,1,0,1,0
17.132623,0,0,0,0,1,0,0,0,0,0,0,0,0,0,0,0,0,0
17.136000,0,0,1,0,0,0,0,0,1,0,0,0,1,0,0,0,0,0
17.149917,0,0,0,0,0,1,0,0,0,1,0,1,0,1,0,1,0,0
17.150161,0,0,0,0,0,0,0,1,0,0,0,0,0,0,0,0,0,1
17.164675,1,0,0,0,0,0,0,0,1,0,0,0,1,0,0,0,0,0
17.188126,0,0,0,0,1,0,1,0,0,1,0,1,0,1,0,0,1,0
17.199454,0,0,0,0,0,1,0,0,0,0,0,0,0,1,1,0,0,0
17.202535,0,0,0,0,0,0,0,1,0,0,0,0,0,0,0,0,0,1
17.209859,0,1,1,0,0,0,0,0,0,1,1,0,1,0,0,1,0,0
17.223659,1,0,0,1,0,0,1,0,0,1,1,0,1,1,1,0,1,0
17.236711,0,0,0,0,1,0,0,0,0,0,0,0,0,0,0,0,0,0
17.250059,0,0,0,0,0,1,0,0,0,0,0,0,0,1,1,0,0,0
17.250265,0,0,0,0,0,0,0,1,0,0,0,0,0,0,0,0,0,1
17.250399,0,1,1,0,0,0,0,0,0,1,1,0,1,0,0,1,0,0
17.264183,1,0,0,1,0,0,1,0,0,1,1,0,1,1,1,0,1,0
17.282002,0,0,0,0,1,0,0,0,0,0,0,0,0,0,0,0,0,0
17.292752,0,0,1,0,0,0,0,0,1,0,0,0,1,0,0,0,0,0
17.301528,0,0,0,0,0,1,0,0,0,1,0,1,0,1,0,1,0,0
17.302355,0,0,0,0,0,0,0,1,0,0,0,0,0,0,0,0,0,1
17.313751,1,0,0,1,0,0,1,0,0,1,1,0,1,1,1,0,1,0
17.338105,0,0,1,0,0,0,0,0,1,0,0,0,1,0,0,0,0,0
17.339507,0,0,0,0,1,0,0,0,0,0,0,0,0,0,0,0,0,0
17.346923,0,0,0,0,0,0,0,1,0,0,0,0,0,0,0,0,0,1
17.349973,0,0,0,0,0,1,0,0,0,1,0,1,0,1,0,1,0,0
17.361028,1,0,0,0,0,0,0,0,1,0,0,0,1,0,0,0,0,0
17.385198,0,0,0,0,1,0,1,0,0,1,0,1,0,1,0,0,1,0
17.399848,0,0,0,0,0,1,0,0,0,0,0,0,0,1,1,0,0,0
17.402917,0,0,0,0,0,0,0,1,0,0,0,0,0,0,0,0,0,1
17.406612,0,1,1,0,0,0,0,0,0,1,1,0,1,0,0,1,0,0
17.416980,1,0,0,0,0,0,0,0,1,0,0,0,1,0,0,0,0,0
17.436156,0,0,0,0,1,0,1,0,0,1,0,1,0,1,0,0,1,0
17.448629,0,0,0,0,0,1,0,0,0,0,0,0,0,1,1,0,0,0
17.450835,0,0,0,0,0,0,0,1,0,0,0,0,0,0,0,0,0,1
17.460028,0,1,1,0,0,0,0,0,0,1,1,0,1,0,0,1,0,0
17.471059,1,0,0,0,0,0,0,0,1,0,0,0,1,0,0,0,0,0
17.486186,0,0,0,0,1,0,1,0,0,1,0,1,0,1,0,0,1,0
17.497674,0,0,0,0,0,0,0,1,0,0,0,0,0,0,0,0,0,1
17.500470,0,0,0,0,0,1,0,0,0,0,0,0,0,1,1,0,0,0
17.512130,0,1,1,0,0,0,0,0,0,1,1,0,1,0,0,1,0,0
17.523484,1,0,0,0,0,0,0,0,1,0,0,0,1,0,0,0,0,0
17.528024,0,0,0,0,1,0,1,0,0,1,0,1,0,1,0,0,1,0
17.549709,0,0,0,0,0,1,0,0,0,0,0,0,0,1,1,0,0,0
17.550272,0,0,0,0,0,0,0,1,0,0,0,0,0,0,0,0,0,1
17.553149,0,1,1,0,0,0,0,0,0,1,1,0,1,0,0,1,0,0
17.570066,1,0,0,1,0,0,1,0,0,1,1,0,1,1,1,0,1,0
17.583101,0,0,0,0,1,0,0,0,0,0,0,0,0,0,0,0,0,0
17.594899,0,0,1,0,0,0,0,0,1,0,0,0,1,0,0,0,0,0
17.599132,0,0,0,0,0,1,0,0,0,1,0,1,0,1,0,1,0,0
17.601907,0,0,0,0,0,0,0,1,0,0,0,0,0,0,0,0,0,1
17.617204,1,0,0,0,0,0,0,0,1,0,0,0,1,0,0,0,0,0
17.632650,0,0,0,0,0,0,1,0,0,1,0,1,0,1,0,0,1,0
17.639566,0,0,0,0,1,0,0,0,0,0,0,0,0,0,0,0,0,0
17.648912,0,0,0,0,0,0,0,1,0,0,0,0,0,0,0,0,0,1
17.649586,0,0,0,0,0,1,0,0,0,0,0,0,0,1,1,0,0,0
17.656982,0,1,1,0,0,0,0,0,0,1,1,0,1,0,0,1,0,0
17.668510,1,0,0,1,0,0,1,0,0,1,1,0,1,1,1,0,1,0
17.685480,0,0,0,0,1,0,0,0,0,0,0,0,0,0,0,0,0,0
17.693846,0,0,1,0,0,0,0,0,1,0,0,0,1,0,0,0,0,0
17.699658,0,0,0,0,0,0,0,1,0,0,0,0,0,0,0,0,0,1
17.700851,0,0,0,0,0,1,0,0,0,1,0,1,0,1,0,1,0,0
17.712861,1,0,0,1,0,0,1,0,0,1,1,0,1,1,1,0,1,0
17.730916,0,0,0,0,1,0,0,0,0,0,0,0,0,0,0,0,0,0
17.736636,0,0,1,0,0,0,0,0,1,0,0,0,1,0,0,0,0,0
17.750258,0,0,0,0,0,1,0,0,0,1,0,1,0,1,0,1,0,0
17.751031,0,0,0,0,0,0,0,1,0,0,0,0,0,0,0,0,0,1
17.769121,1,0,0,0,0,0,0,0,1,0,0,0,1,0,0,0,0,0
17.781809,0,0,0,0,1,0,0,0,0,0,0,0,0,0,0,0,0,0
17.800825,0,0,0,0,0,1,1,0,0,1,0,1,0,1,0,1,0,0
17.800980,0,0,0,0,0,0,0,1,0,0,0,0,0,0,0,0,0,1
17.814935,1,0,0,1,0,0,0,0,0,1,1,0,1,0,0,0,1,0
17.832982,0,0,0,0,1,0,0,0,0,0,0,0,0,0,0,0,0,0
17.842521,0,0,1,0,0,0,0,0,1,0,0,0,1,0,0,0,0,0
17.849673,0,0,0,0,0,0,0,1,0,0,0,0,0,0,0,0,0,1
17.851001,0,0,0,0,0,1,1,0,0,1,0,1,0,1,0,0,1,0
17.872139,0,1,1,0,0,0,0,0,0,1,1,0,1,0,0,1,0,0
17.881497,0,0,0,0,1,0,0,0,0,0,0,0,0,0,0,0,0,0
17.886973,1,0,0,1,0,0,1,0,0,1,1,0,1,1,1,0,1,0
17.899883,0,0,0,0,0,1,0,0,0,0,0,0,0,1,1,0,0,0
17.899909,0,0,0,0,0,0,0,1,0,0,0,0,0,0,0,0,0,1
17.915426,0,1,1,0,0,0,0,0,0,1,1,0,1,0,0,1,0,0
17.934095,1,0,0,1,0,0,1,0,0,1,1,0,1,1,1,0,1,0
17.938347,0,0,0,0,1,0,0,0,0,0,0,0,0,0,0,0,0,0
17.950721,0,0,0,0,0,0,0,1,0,0,0,0,0,0,0,0,0,1
17.950876,0,0,0,0,0,1,0,0,0,0,0,0,0,1,1,0,0,0
17.957169,0,1,1,0,0,0,0,0,0,1,1,0,1,0,0,1,0,0
17.969998,1,0,0,1,0,0,1,0,0,1,1,0,1,1,1,0,1,0
17.982661,0,0,0,0,1,0,0,0,0,0,0,0,0,0,0,0,0,0
17.998927,0,0,1,0,0,0,0,0,1,0,0,0,1,0,0,0,0,0
17.999710,0,0,0,0,0,0,0,1,0,0,0,0,0,0,0,0,0,1
18.000397,0,0,0,0,0,1,0,0,0,1,0,1,0,1,0,1,0,0
18.015343,1,0,0,0,0,0,0,0,1,0,0,0,1,0,0,0,0,0
18.023132,0,0,0,0,0,0,1,0,0,1,0,1,0,1,0,0,1,0
18.033959,0,0,0,0,1,0,0,0,0,0,0,0,0,0,0,0,0,0
18.046699,0,0,1,0,0,0,0,0,1,0,0,0,1,0,0,0,0,0
18.047890,0,0,0,0,0,0,0,1,0,0,0,0,0,0,0,0,0,1
18.050797,0,0,0,0,0,1,0,0,0,1,0,1,0,1,0,1,0,0
18.069745,1,0,0,1,0,0,1,0,0,1,1,0,1,1,1,0,1,0
18.084242,0,0,0,0,1,0,0,0,0,0,0,0,0,0,0,0,0,0
18.092478,0,0,1,0,0,0,0,0,1,0,0,0,1,0,0,0,0,0
18.098270,0,0,0,0,0,0,0,1,0,0,0,0,0,0,0,0,0,1
18.101018,0,0,0,0,0,1,0,0,0,1,0,1,0,1,0,1,0,0
18.113202,1,0,0,0,0,0,0,0,1,0,0,0,1,0,0,0,0,0
18.120651,0,0,0,0,0,0,1,0,0,1,0,1,0,1,0,0,1,0
18.131190,0,0,0,0,1,0,0,0,0,0,0,0,0,0,0,0,0,0
18.143301,0,0,1,0,0,0,0,0,1,0,0,0,1,0,0,0,0,0
18.146515,0,0,0,0,0,0,0,1,0,0,0,0,0,0,0,0,0,1
18.148098,0,0,0,0,0,1,0,0,0,1,0,1,0,1,0,1,0,0
18.162808,1,0,0,0,0,0,0,0,1,0,0,0,1,0,0,0,0,0
18.165024,0,0,0,0,0,0,1,0,0,1,0,1,0,1,0,0,1,0
18.184175,0,0,0,0,1,0,0,0,0,0,0,0,0,0,0,0,0,0
18.193698,0,0,1,0,0,0,0,0,1,0,0,0,1,0,0,0,0,0
18.200408,0,0,0,0,0,0,0,1,0,0,0,0,0,0,0,0,0,1
18.201518,0,0,0,0,0,1,0,0,0,1,0,1,0,1,0,1,0,0
18.217439,1,0,0,1,0,0,1,0,0,1,1,0,1,1,1,0,1,0
18.237599,0,0,0,0,1,0,0,0,0,0,0,0,0,0,0,0,0,0
18.246149,0,0,1,0,0,0,0,0,1,0,0,0,1,0,0,0,0,0
18.248441,0,0,0,0,0,0,0,1,0,0,0,0,0,0,0,0,0,1
18.251535,0,0,0,0,0,1,0,0,0,1,0,1,0,1,0,1,0,0
18.270950,1,0,0,0,0,0,0,0,1,0,0,0,1,0,0,0,0,0
18.279756,0,0,0,0,1,0,1,0,0,1,0,1,0,1,0,0,1,0
18.297945,0,0,0,0,0,0,0,1,0,0,0,0,0,0,0,0,0,1
18.301645,0,0,0,0,0,1,0,0,0,0,0,0,0,1,1,0,0,0
18.306134,0,1,1,0,0,0,0,0,0,1,1,0,1,0,0,1,0,0
18.319389,1,0,0,1,0,0,1,0,0,1,1,0,1,1,1,0,1,0
18.337869,0,0,0,0,1,0,0,0,0,0,0,0,0,0,0,0,0,0
18.342891,0,0,1,0,0,0,0,0,1,0,0,0,1,0,0,0,0,0
18.347382,0,0,0,0,0,0,0,1,0,0,0,0,0,0,0,0,0,1
18.350465,0,0,0,0,0,1,0,0,0,1,0,1,0,1,0,1,0,0
18.362819,1,0,0,1,0,0,1,0,0,1,1,0,1,1,1,0,1,0
18.383866,0,0,1,0,0,0,0,0,1,0,0,0,1,0,0,0,0,0
18.385055,0,0,0,0,1,0,0,0,0,0,0,0,0,0,0,0,0,0
18.396113,0,0,0,0,0,0,0,1,0,0,0,0,0,0,0,0,0,1
18.401211,0,0,0,0,0,1,0,0,0,1,0,1,0,1,0,1,0,0
18.413891,1,0,0,0,0,0,0,0,1,0,0,0,1,0,0,0,0,0
18.432211,0,0,0,0,1,0,1,0,0,1,0,1,0,1,0,0,1,0
18.450870,0,0,0,0,0,0,0,1,0,0,0,0,0,0,0,0,0,1
18.451033,0,0,0,0,0,1,0,0,0,0,0,0,0,1,1,0,0,0
18.461509,0,1,1,0,0,0,0,0,0,1,1,0,1,0,0,1,0,0
18.479131,1,0,0,0,0,0,0,0,1,0,0,0,1,0,0,0,0,0
18.490241,0,0,0,0,1,0,0,0,0,0,0,0,0,0,0,0,0,0
18.500157,0,0,0,0,0,1,0,0,0,1,0,1,0,1,0,1,0,0
18.501325,0,0,0,0,0,0,0,1,0,0,0,0,0,0,0,0,0,1
18.516298,1,0,0,0,0,0,0,0,1,0,0,0,1,0,0,0,0,0
18.522414,0,0,0,0,0,0,1,0,0,1,0,1,0,1,0,0,1,0
18.540977,0,0,0,0,1,0,1,0,0,0,0,0,0,1,1,0,0,0
18.543507,0,0,1,1,0,0,0,0,0,1,1,0,1,0,0,0,1,0
18.549058,0,0,0,0,0,1,0,0,0,0,0,0,0,1,1,0,0,0
18.549272,0,0,0,0,0,0,0,1,0,0,0,0,0,0,0,0,0,1
18.564796,0,1,1,0,0,0,0,0,0,1,1,0,1,0,0,1,0,0
18.578304,1,0,0,0,0,0,0,0,1,0,0,0,1,0,0,0,0,0
18.581628,0,0,0,0,1,0,1,0,0,1,0,1,0,1,0,0,1,0
18.598383,0,0,0,0,0,1,0,0,0,0,0,0,0,1,1,0,0,0
18.603601,0,0,0,0,0,0,0,1,0,0,0,0,0,0,0,0,0,1
18.608832,0,1,1,0,0,0,0,0,0,1,1,0,1,0,0,1,0,0
18.622429,1,0,0,0,0,0,0,0,1,0,0,0,1,0,0,0,0,0
18.642186,0,0,0,0,1,0,1,0,0,1,0,1,0,1,0,0,1,0
18.649636,0,0,0,0,0,1,0,0,0,0,0,0,0,1,1,0,0,0
18.653058,0,0,0,0,0,0,0,1,0,0,0,0,0,0,0,0,0,1
18.667615,0,1,1,0,0,0,0,0,0,1,1,0,1,0,0,1,0,0
18.683576,1,0,0,1,0,0,1,0,0,1,1,0,1,1,1,0,1,0
18.684714,0,0,0,0,1,0,0,0,0,0,0,0,0,0,0,0,0,0
18.701254,0,0,0,0,0,1,0,0,0,0,0,0,0,1,1,0,0,0
18.702538,0,0,0,0,0,0,0,1,0,0,0,0,0,0,0,0,0,1
18.709425,0,1,1,0,0,0,0,0,0,1,1,0,1,0,0,1,0,0
18.729294,1,0,0,0,0,0,0,0,1,0,0,0,1,0,0,0,0,0
18.739478,0,0,0,0,1,0,0,0,0,0,0,0,0,0,0,0,0,0
18.747454,0,0,0,0,0,0,1,1,0,1,0,1,0,1,0,0,1,1
18.748593,0,0,0,0,0,1,0,0,0,0,0,0,0,1,1,0,0,0
18.771123,0,1,1,0,0,0,0,0,0,1,1,0,1,0,0,1,0,0
18.786697,0,0,0,0,1,0,0,0,0,0,0,0,0,0,0,0,0,0
18.788559,1,0,0,0,0,0,0,0,1,0,0,0,1,0,0,0,0,0
18.794207,0,0,0,0,0,0,1,0,0,1,0,1,0,1,0,0,1,0
18.799254,0,0,0,0,0,1,0,0,0,0,0,0,0,1,1,0,0,0
18.800838,0,0,0,0,0,0,0,1,0,0,0,0,0,0,0,0,0,1
18.820855,0,1,1,0,0,0,0,0,0,1,1,0,1,0,0,1,0,0
18.832216,0,0,0,0,1,0,0,0,0,0,0,0,0,0,0,0,0,0
18.832264,1,0,0,0,0,0,0,0,1,0,0,0,1,0,0,0,0,0
18.851388,0,0,0,0,0,1,1,0,0,1,0,1,0,1,0,0,1,0
18.852764,0,0,0,0,0,0,0,1,0,0,0,0,0,0,0,0,0,1
18.871937,0,1,1,0,0,0,0,0,0,1,1,0,1,0,0,1,0,0
18.886704,0,0,0,0,1,0,0,0,0,0,0,0,0,0,0,0,0,0
18.890489,1,0,0,0,0,0,0,0,1,0,0,0,1,0,0,0,0,0
18.900035,0,0,0,0,0,0,1,1,0,1,0,1,0,1,0,0,1,1
18.900952,0,0,0,0,0,1,0,0,0,0,0,0,0,1,1,0,0,0
18.922547,0,1,1,0,0,0,0,0,0,1,1,0,1,0,0,1,0,0
18.930099,0,0,0,0,1,0,0,0,0,0,0,0,0,0,0,0,0,0
18.935491,1,0,0,0,0,0,0,0,1,0,0,0,1,0,0,0,0,0
18.944842,0,0,0,0,0,0,1,0,0,1,0,1,0,1,0,0,1,0
18.950624,0,0,0,0,0,1,0,0,0,0,0,0,0,1,1,0,0,0
18.951414,0,0,0,0,0,0,0,1,0,0,0,0,0,0,0,0,0,1
18.974262,0,1,1,0,0,0,0,0,0,1,1,0,1,0,0,1,0,0
18.988397,1,0,0,0,0,0,0,0,1,0,0,0,1,0,0,0,0,0
18.989079,0,0,0,0,1,0,1,0,0,1,0,1,0,1,0,0,1,0
18.999736,0,0,0,0,0,0,0,1,0,0,0,0,0,0,0,0,0,1
18.999823,0,0,0,0,0,1,0,0,0,0,0,0,0,1,1,0,0,0
19.011321,0,1,1,0,0,0,0,0,0,1,1,0,1,0,0,1,0,0
19.024339,1,0,0,1,0,0,1,0,0,1,1,0,1,1,1,0,1,0
19.035441,0,0,0,0,1,0,0,0,0,0,0,0,0,0,0,0,0,0
19.047451,0,0,1,0,0,0,0,0,1,0,0,0,1,0,0,0,0,0
19.050997,0,0,0,0,0,1,0,0,0,1,0,1,0,1,0,1,0,0
19.052611,0,0,0,0,0,0,0,1,0,0,0,0,0,0,0,0,0,1
19.061669,1,0,0,1,0,0,1,0,0,1,1,0,1,1,1,0,1,0
19.087321,0,0,1,0,0,0,0,0,1,0,0,0,1,0,0,0,0,0
19.089328,0,0,0,0,1,0,0,0,0,0,0,0,0,0,0,0,0,0
19.099929,0,0,0,0,0,1,0,0,0,1,0,1,0,1,0,1,0,0
19.100329,0,0,0,0,0,0,0,1,0,0,0,0,0,0,0,0,0,1
19.117339,1,0,0,1,0,0,1,0,0,1,1,0,1,1,1,0,1,0
19.137514,0,0,0,0,1,0,0,0,0,0,0,0,0,0,0,0,0,0
19.138677,0,0,1,0,0,0,0,0,1,0,0,0,1,0,0,0,0,0
19.148027,0,0,0,0,0,0,0,1,0,0,0,0,0,0,0,0,0,1
19.150025,0,0,0,0,0,1,0,0,0,1,0,1,0,1,0,1,0,0
19.166011,1,0,0,1,0,0,1,0,0,1,1,0,1,1,1,0,1,0
19.187803,0,0,0,0,1,0,0,0,0,0,0,0,0,0,0,0,0,0
19.188623,0,0,1,0,0,0,0,0,1,0,0,0,1,0,0,0,0,0
19.197301,0,0,0,0,0,0,0,1,0,0,0,0,0,0,0,0,0,1
19.198975,0,0,0,0,0,1,0,0,0,1,0,1,0,1,0,1,0,0
19.210837,1,0,0,1,0,0,1,0,0,1,1,0,1,1,1,0,1,0
19.235236,0,0,0,0,1,0,0,0,0,0,0,0,0,0,0,0,0,0
19.236535,0,0,1,0,0,0,0,0,1,0,0,0,1,0,0,0,0,0
19.247647,0,0,0,0,0,0,0,1,0,0,0,0,0,0,0,0,0,1
19.250442,0,0,0,0,0,1,0,0,0,1,0,1,0,1,0,1,0,0
19.260529,1,0,0,0,0,0,0,0,1,0,0,0,1,0,0,0,0,0
19.283243,0,0,0,0,1,0,0,0,0,0,0,0,0,0,0,0,0,0
19.299995,0,0,0,0,0,0,1,1,0,1,0,1,0,1,0,0,1,1
19.300677,0,0,0,0,0,1,0,0,0,0,0,0,0,1,1,0,0,0
19.329639,0,1,1,0,0,0,0,0,0,1,1,0,1,0,0,1,0,0
19.337191,0,0,0,0,1,0,0,0,0,0,0,0,0,0,0,0,0,0
19.349039,1,0,0,0,0,0,0,0,1,0,0,0,1,0,0,0,0,0
19.350183,0,0,0,0,0,1,1,0,0,1,0,1,0,1,0,0,1,0
19.350867,0,0,0,0,0,0,0,1,0,0,0,0,0,0,0,0,0,1
19.371330,0,1,1,0,0,0,0,0,0,1,1,0,1,0,0,1,0,0
19.386715,0,0,0,0,1,0,0,0,0,0,0,0,0,0,0,0,0,0
19.387955,1,0,0,1,0,0,1,0,0,1,1,0,1,1,1,0,1,0
19.396628,0,0,0,0,0,0,0,1,0,0,0,0,0,0,0,0,0,1
19.399634,0,0,0,0,0,1,0,0,0,0,0,0,0,1,1,0,0,0
19.415174,0,1,1,0,0,0,0,0,0,1,1,0,1,0,0,1,0,0
19.430107,1,0,0,0,0,0,0,0,1,0,0,0,1,0,0,0,0,0
19.433277,0,0,0,0,1,0,1,0,0,1,0,1,0,1,0,0,1,0
19.446089,0,0,0,0,0,0,0,1,0,0,0,0,0,0,0,0,0,1
19.449189,0,0,0,0,0,1,0,0,0,0,0,0,0,1,1,0,0,0
19.460753,0,1,1,0,0,0,0,0,0,1,1,0,1,0,0,1,0,0
19.478305,1,0,0,1,0,0,1,0,0,1,1,0,1,1,1,0,1,0
19.485556,0,0,0,0,1,0,0,0,0,0,0,0,0,0,0,0,0,0
19.500131,0,0,0,0,0,1,0,0,0,0,0,0,0,1,1,0,0,0
19.500552,0,0,0,0,0,0,0,1,0,0,0,0,0,0,0,0,0,1
19.507568,0,1,1,0,0,0,0,0,0,1,1,0,1,0,0,1,0,0
19.520573,1,0,0,0,0,0,0,0,1,0,0,0,1,0,0,0,0,0
19.539037,0,0,0,0,1,0,0,0,0,0,0,0,0,0,0,0,0,0
19.549961,0,0,0,0,0,0,1,0,0,1,0,1,0,1,0,0,1,0
19.551692,0,0,0,0,0,1,0,0,0,0,0,0,0,1,1,0,0,0
19.552528,0,0,0,0,0,0,0,1,0,0,0,0,0,0,0,0,0,1
19.572413,0,1,1,0,0,0,0,0,0,1,1,0,1,0,0,1,0,0
19.586150,1,0,0,1,0,0,1,0,0,1,1,0,1,1,1,0,1,0
19.587514,0,0,0,0,1,0,0,0,0,0,0,0,0,0,0,0,0,0
19.598504,0,0,0,0,0,1,0,0,0,0,0,0,0,1,1,0,0,0
19.601394,0,0,0,0,0,0,0,1,0,0,0,0,0,0,0,0,0,1
19.611238,0,1,1,0,0,0,0,0,0,1,1,0,1,0,0,1,0,0
19.625326,1,0,0,0,0,0,0,0,1,0,0,0,1,0,0,0,0,0
19.640067,0,0,0,0,1,0,0,0,0,0,0,0,0,0,0,0,0,0
19.648529,0,0,0,0,0,1,1,0,0,1,0,1,0,1,0,0,1,0
19.651817,0,0,0,0,0,0,0,1,0,0,0,0,0,0,0,0,0,1
19.668551,0,1,1,0,0,0,0,0,0,1,1,0,1,0,0,1,0,0
19.679153,1,0,0,1,0,0,1,0,0,1,1,0,1,1,1,0,1,0
19.690328,0,0,0,0,1,0,0,0,0,0,0,0,0,0,0,0,0,0
19.700510,0,0,0,0,0,1,0,0,0,0,0,0,0,1,1,0,0,0
19.703862,0,0,0,0,0,0,0,1,0,0,0,0,0,0,0,0,0,1
19.705791,0,1,1,0,0,0,0,0,0,1,1,0,1,0,0,1,0,0
19.718758,1,0,0,0,0,0,0,0,1,0,0,0,1,0,0,0,0,0
19.734104,0,0,0,0,0,0,1,0,0,1,0,1,0,1,0,0,1,0
19.741771,0,0,0,0,1,0,0,0,0,0,0,0,0,0,0,0,0,0
19.748673,0,0,0,0,0,1,0,0,0,0,0,0,0,1,1,0,0,0
19.751370,0,0,0,0,0,0,0,1,0,0,0,0,0,0,0,0,0,1
19.756861,0,1,1,0,0,0,0,0,0,1,1,0,1,0,0,1,0,0
19.772393,1,0,0,0,0,0,0,0,1,0,0,0,1,0,0,0,0,0
19.783665,0,0,0,0,1,0,1,0,0,1,0,1,0,1,0,0,1,0
19.800056,0,0,0,0,0,1,0,0,0,0,0,0,0,1,1,0,0,0
19.800111,0,0,0,0,0,0,0,1,0,0,0,0,0,0,0,0,0,1
19.808007,0,1,1,0,0,0,0,0,0,1,1,0,1,0,0,1,0,0
19.825403,1,0,0,1,0,0,1,0,0,1,1,0,1,1,1,0,1,0
19.839819,0,0,0,0,1,0,0,0,0,0,0,0,0,0,0,0,0,0
19.847182,0,0,1,0,0,0,0,0,1,0,0,0,1,0,0,0,0,0
19.848753,0,0,0,0,0,1,0,0,0,1,0,1,0,1,0,1,0,0
19.852298,0,0,0,0,0,0,0,1,0,0,0,0,0,0,0,0,0,1
19.859624,1,0,0,0,0,0,0,0,1,0,0,0,1,0,0,0,0,0
19.871983,0,0,0,0,0,0,1,0,0,1,0,1,0,1,0,0,1,0
19.888007,0,0,0,0,1,0,0,0,0,0,0,0,0,0,0,0,0,0
19.894643,0,0,1,0,0,0,0,0,1,0,0,0,1,0,0,0,0,0
19.900490,0,0,0,0,0,1,0,0,0,1,0,1,0,1,0,1,0,0
19.901217,0,0,0,0,0,0,0,1,0,0,0,0,0,0,0,0,0,1
19.912235,1,0,0,1,0,0,1,0,0,1,1,0,1,1,1,0,1,0
19.933976,0,0,0,0,1,0,0,0,0,0,0,0,0,0,0,0,0,0
19.934321,0,0,1,0,0,0,0,0,1,0,0,0,1,0,0,0,0,0
19.950092,0,0,0,0,0,0,0,1,0,0,0,0,0,0,0,0,0,1
19.950823,0,0,0,0,0,1,0,0,0,1,0,1,0,1,0,1,0,0
19.966511,1,0,0,0,0,0,0,0,1,0,0,0,1,0,0,0,0,0
19.985292,0,0,0,0,1,0,1,0,0,1,0,1,0,1,0,0,1,0
19.998868,0,0,0,0,0,1,0,0,0,0,0,0,0,1,1,0,0,0
20.000147,0,0,0,0,0,0,0,1,0,0,0,0,0,0,0,0,0,1
20.007009,0,1,1,0,0,0,0,0,0,1,1,0,1,0,0,1,0,0
20.018978,1,0,0,0,0,0,0,0,1,0,0,0,1,0,0,0,0,0
20.029717,0,0,0,0,0,0,1,0,0,1,0,1,0,1,0,0,1,0
20.033597,0,0,0,0,1,0,0,0,0,0,0,0,0,0,0,0,0,0
20.049533,0,0,0,0,0,1,0,0,0,0,0,0,0,1,1,0,0,0
20.049825,0,1,1,0,0,0,0,0,0,1,1,0,1,0,0,1,0,0
20.051082,0,0,0,0,0,0,0,1,0,0,0,0,0,0,0,0,0,1
20.066506,1,0,0,1,0,0,1,0,0,1,1,0,1,1,1,0,1,0
20.088889,0,0,0,0,1,0,0,0,0,0,0,0,0,0,0,0,0,0
20.089538,0,0,1,0,0,0,0,0,1,0,0,0,1,0,0,0,0,0
20.097943,0,0,0,0,0,0,0,1,0,0,0,0,0,0,0,0,0,1
20.100085,0,0,0,0,0,1,0,0,0,1,0,1,0,1,0,1,0,0
20.113823,1,0,0,1,0,0,1,0,0,1,1,0,1,1,1,0,1,0
20.134685,0,0,0,0,1,0,0,0,0,0,0,0,0,0,0,0,0,0
20.139799,0,0,1,0,0,0,0,0,1,0,0,0,1,0,0,0,0,0
20.149292,0,0,0,0,0,0,0,1,0,0,0,0,0,0,0,0,0,1
20.149554,0,0,0,0,0,1,0,0,0,1,0,1,0,1,0,1,0,0
20.167638,1,0,0,1,0,0,1,0,0,1,1,0,1,1,1,0,1,0
20.184736,0,0,0,0,1,0,0,0,0,0,0,0,0,0,0,0,0,0
20.193646,0,0,1,0,0,0,0,0,1,0,0,0,1,0,0,0,0,0
20.201432,0,0,0,0,0,0,0,1,0,0,0,0,0,0,0,0,0,1
20.201993,0,0,0,0,0,1,0,0,0,1,0,1,0,1,0,1,0,0
20.214307,1,0,0,0,0,0,0,0,1,0,0,0,1,0,0,0,0,0
20.227927,0,0,0,0,0,0,1,0,0,1,0,1,0,1,0,0,1,0
20.239840,0,0,0,0,1,0,0,0,0,0,0,0,0,0,0,0,0,0
20.248228,0,0,0,0,0,0,0,1,0,0,0,0,0,0,0,0,0,1
20.248867,0,0,1,0,0,0,0,0,1,0,0,0,1,0,0,0,0,0
20.249872,0,0,0,0,0,1,0,0,0,1,0,1,0,1,0,1,0,0
20.267275,1,0,0,0,0,0,0,0,1,0,0,0,1,0,0,0,0,0
20.288021,0,0,0,0,1,0,0,0,0,0,0,0,0,0,0,0,0,0
20.292769,0,0,0,0,0,0,1,0,0,1,0,1,0,1,0,0,1,0
20.297740,0,0,0,0,0,0,0,1,0,0,0,0,0,0,0,0,0,1
20.299388,0,0,0,0,0,1,0,0,0,0,0,0,0,1,1,0,0,0
20.319516,0,1,1,0,0,0,0,0,0,1,1,0,1,0,0,1,0,0
20.336298,1,0,0,0,0,0,0,0,1,0,0,0,1,0,0,0,0,0
20.336760,0,0,0,0,0,0,1,0,0,1,0,1,0,1,0,0,1,0
20.337223,0,0,0,0,1,0,0,0,0,0,0,0,0,0,0,0,0,0
20.348634,0,0,0,0,0,1,0,0,0,0,0,0,0,1,1,0,0,0
20.350567,0,0,0,0,0,0,0,1,0,0,0,0,0,0,0,0,0,1
20.364957,0,1,1,0,0,0,0,0,0,1,1,0,1,0,0,1,0,0
20.383327,1,0,0,1,0,0,1,0,0,1,1,0,1,1,1,0,1,0
20.386098,0,0,0,0,1,0,0,0,0,0,0,0,0,0,0,0,0,0
20.400431,0,0,0,0,0,1,0,0,0,0,0,0,0,1,1,0,0,0
20.401720,0,0,0,0,0,0,0,1,0,0,0,0,0,0,0,0,0,1
20.409552,0,1,1,0,0,0,0,0,0,1,1,0,1,0,0,1,0,0
20.429398,1,0,0,1,0,0,1,0,0,1,1,0,1,1,1,0,1,0
20.433442,0,0,0,0,1,0,0,0,0,0,0,0,0,0,0,0,0,0
20.449406,0,0,0,0,0,1,0,0,0,0,0,0,0,1,1,0,0,0
20.450881,0,1,1,0,0,0,0,0,0,1,1,0,1,0,0,1,0,0
20.453013,0,0,0,0,0,0,0,1,0,0,0,0,0,0,0,0,0,1
20.461207,1,0,0,0,0,0,0,0,1,0,0,0,1,0,0,0,0,0
20.488736,0,0,0,0,1,0,0,0,0,0,0,0,0,0,0,0,0,0
20.498661,0,0,0,0,0,0,1,0,0,1,0,1,0,1,0,0,1,0
20.500368,0,0,0,0,0,0,0,1,0,0,0,0,0,0,0,0,0,1
20.501149,0,0,0,0,0,1,0,0,0,0,0,0,0,1,1,0,0,0
20.525462,0,1,1,0,0,0,0,0,0,1,1,0,1,0,0,1,0,0
20.533391,0,0,0,0,1,0,0,0,0,0,0,0,0,0,0,0,0,0
20.539788,1,0,0,0,0,0,0,0,1,0,0,0,1,0,0,0,0,0
20.550644,0,0,0,0,0,1,1,0,0,1,0,1,0,1,0,1,0,0
20.550802,0,0,0,0,0,0,0,1,0,0,0,0,0,0,0,0,0,1
20.568552,1,0,0,1,0,0,0,0,0,1,1,0,1,0,0,0,1,0
20.586987,0,0,0,0,1,0,1,0,0,0,0,0,0,1,1,0,0,0
20.595069,0,0,1,1,0,0,0,0,0,1,1,0,1,0,0,0,1,0
20.599255,0,0,0,0,0,1,0,0,0,0,0,0,0,1,1,0,0,0
20.602268,0,0,0,0,0,0,0,1,0,0,0,0,0,0,0,0,0,1
20.623922,0,1,1,0,0,0,0,0,0,1,1,0,1,0,0,1,0,0
20.639517,1,0,0,1,0,0,1,0,0,1,1,0,1,1,1,0,1,0
20.640728,0,0,0,0,1,0,0,0,0,0,0,0,0,0,0,0,0,0
20.649318,0,0,0,0,0,0,0,1,0,0,0,0,0,0,0,0,0,1
20.651028,0,0,0,0,0,1,0,0,0,0,0,0,0,1,1,0,0,0
20.662317,0,1,1,0,0,0,0,0,0,1,1,0,1,0,0,1,0,0
20.676061,1,0,0,1,0,0,1,0,0,1,1,0,1,1,1,0,1,0
20.687009,0,0,0,0,1,0,0,0,0,0,0,0,0,0,0,0,0,0
20.699290,0,0,0,0,0,1,0,0,0,0,0,0,0,1,1,0,0,0
20.699344,0,0,0,0,0,0,0,1,0,0,0,0,0,0,0,0,0,1
20.699467,0,1,1,0,0,0,0,0,0,1,1,0,1,0,0,1,0,0
20.710837,1,0,0,1,0,0,1,0,0,1,1,0,1,1,1,0,1,0
20.732504,0,0,0,0,1,0,0,0,0,0,0,0,0,0,0,0,0,0
20.732953,0,0,1,0,0,0,0,0,1,0,0,0,1,0,0,0,0,0
20.748385,0,0,0,0,0,0,0,1,0,0,0,0,0,0,0,0,0,1
20.750056,0,0,0,0,0,1,0,0,0,1,0,1,0,1,0,1,0,0
20.765923,1,0,0,0,0,0,0,0,1,0,0,0,1,0,0,0,0,0
20.778813,0,0,0,0,0,0,1,0,0,1,0,1,0,1,0,0,1,0
20.781827,0,0,0,0,1,0,0,0,0,0,0,0,0,0,0,0,0,0
20.799091,0,0,0,0,0,0,0,1,0,0,0,0,0,0,0,0,0,1
20.800386,0,0,0,0,0,1,0,0,0,0,0,0,0,1,1,0,0,0
20.806833,0,1,1,0,0,0,0,0,0,1,1,0,1,0,0,1,0,0
20.824835,1,0,0,1,0,0,1,0,0,1,1,0,1,1,1,0,1,0
20.837688,0,0,0,0,1,0,0,0,0,0,0,0,0,0,0,0,0,0
20.849130,0,0,0,0,0,1,0,0,0,0,0,0,0,1,1,0,0,0
20.851903,0,0,0,0,0,0,0,1,0,0,0,0,0,0,0,0,0,1
20.853507,0,1,1,0,0,0,0,0,0,1,1,0,1,0,0,1,0,0
20.864450,1,0,0,1,0,0,1,0,0,1,1,0,1,1,1,0,1,0
20.888073,0,0,1,0,0,0,0,0,1,0,0,0,1,0,0,0,0,0
20.889299,0,0,0,0,1,0,0,0,0,0,0,0,0,0,0,0,0,0
20.898947,0,0,0,0,0,1,0,0,0,1,0,1,0,1,0,1,0,0
20.901885,0,0,0,0,0,0,0,1,0,0,0,0,0,0,0,0,0,1
20.911361,1,0,0,1,0,0,1,0,0,1,1,0,1,1,1,0,1,0
20.935951,0,0,1,0,0,0,0,0,1,0,0,0,1,0,0,0,0,0
20.940708,0,0,0,0,1,0,0,0,0,0,0,0,0,0,0,0,0,0
20.947537,0,0,0,0,0,0,0,1,0,0,0,0,0,0,0,0,0,1
20.949945,0,0,0,0,0,1,0,0,0,1,0,1,0,1,0,1,0,0
20.966208,1,0,0,0,0,0,0,0,1,0,0,0,1,0,0,0,0,0
20.982997,0,0,0,0,1,0,0,0,0,0,0,0,0,0,0,0,0,0
20.993695,0,0,0,0,0,0,1,0,0,1,0,1,0,1,0,0,1,0
20.997536,0,0,0,0,0,0,0,1,0,0,0,0,0,0,0,0,0,1
20.999866,0,0,0,0,0,1,0,0,0,0,0,0,0,1,1,0,0,0
21.022901,0,1,1,0,0,0,0,0,0,1,1,0,1,0,0,1,0,0
21.033477,0,0,0,0,1,0,0,0,0,0,0,0,0,0,0,0,0,0
21.035372,1,0,0,1,0,0,1,0,0,1,1,0,1,1,1,0,1,0
21.050282,0,0,0,0,0,1,0,0,0,0,0,0,0,1,1,0,0,0
21.052502,0,0,0,0,0,0,0,1,0,0,0,0,0,0,0,0,0,1
21.059098,0,1,1,0,0,0,0,0,0,1,1,0,1,0,0,1,0,0
21.074348,1,0,0,1,0,0,1,0,0,1,1,0,1,1,1,0,1,0
21.086864,0,0,0,0,1,0,0,0,0,0,0,0,0,0,0,0,0,0
21.098021,0,0,0,0,0,0,0,1,0,0,0,0,0,0,0,0,0,1
21.099986,0,0,0,0,0,1,0,0,0,0,0,0,0,1,1,0,0,0
21.101485,0,1,1,0,0,0,0,0,0,1,1,0,1,0,0,1,0,0
21.117506,1,0,0,1,0,0,1,0,0,1,1,0,1,1,1,0,1,0
21.129419,0,0,0,0,1,0,0,0,0,0,0,0,0,0,0,0,0,0
21.140627,0,0,1,0,0,0,0,0,1,0,0,0,1,0,0,0,0,0
21.149613,0,0,0,0,0,1,0,0,0,1,0,1,0,1,0,1,0,0
21.151976,0,0,0,0,0,0,0,1,0,0,0,0,0,0,0,0,0,1
21.163670,1,0,0,1,0,0,1,0,0,1,1,0,1,1,1,0,1,0
21.189053,0,0,0,0,1,0,0,0,0,0,0,0,0,0,0,0,0,0
21.192991,0,0,1,0,0,0,0,0,1,0,0,0,1,0,0,0,0,0
21.199297,0,0,0,0,0,0,0,1,0,0,0,0,0,0,0,0,0,1
21.201587,0,0,0,0,0,1,0,0,0,1,0,1,0,1,0,1,0,0
21.214724,1,0,0,1,0,0,1,0,0,1,1,0,1,1,1,0,1,0
21.232040,0,0,0,0,1,0,0,0,0,0,0,0,0,0,0,0,0,0
21.239375,0,0,1,0,0,0,0,0,1,0,0,0,1,0,0,0,0,0
21.248427,0,0,0,0,0,1,0,0,0,1,0,1,0,1,0,1,0,0
21.251228,0,0,0,0,0,0,0,1,0,0,0,0,0,0,0,0,0,1
21.266647,1,0,0,0,0,0,0,0,1,0,0,0,1,0,0,0,0,0
21.291080,0,0,0,0,1,0,1,0,0,1,0,1,0,1,0,0,1,0
21.300792,0,0,0,0,0,1,0,0,0,0,0,0,0,1,1,0,0,0
21.303357,0,0,0,0,0,0,0,1,0,0,0,0,0,0,0,0,0,1
21.317121,0,1,1,0,0,0,0,0,0,1,1,0,1,0,0,1,0,0
21.330411,1,0,0,1,0,0,1,0,0,1,1,0,1,1,1,0,1,0
21.337012,0,0,0,0,1,0,0,0,0,0,0,0,0,0,0,0,0,0
21.348763,0,0,0,0,0,0,0,1,0,0,0,0,0,0,0,0,0,1
21.350456,0,0,0,0,0,1,0,0,0,0,0,0,0,1,1,0,0,0
21.357980,0,1,1,0,0,0,0,0,0,1,1,0,1,0,0,1,0,0
21.374980,1,0,0,1,0,0,1,0,0,1,1,0,1,1,1,0,1,0
21.385891,0,0,0,0,1,0,0,0,0,0,0,0,0,0,0,0,0,0
21.398676,0,0,0,0,0,1,0,0,0,0,0,0,0,1,1,0,0,0
21.399144,0,0,0,0,0,0,0,1,0,0,0,0,0,0,0,0,0,1
21.404486,0,1,1,0,0,0,0,0,0,1,1,0,1,0,0,1,0,0
21.419361,1,0,0,0,0,0,0,0,1,0,0,0,1,0,0,0,0,0
21.426622,0,0,0,0,0,0,1,0,0,1,0,1,0,1,0,0,1,0
21.433479,0,0,0,0,1,0,0,0,0,0,0,0,0,0,0,0,0,0
21.448803,0,0,0,0,0,1,0,0,0,0,0,0,0,1,1,0,0,0
21.448806,0,0,0,0,0,0,0,1,0,0,0,0,0,0,0,0,0,1
21.454004,0,1,1,0,0,0,0,0,0,1,1,0,1,0,0,1,0,0
21.471825,1,0,0,0,0,0,0,0,1,0,0,0,1,0,0,0,0,0
21.485137,0,0,0,0,1,0,1,0,0,1,0,1,0,1,0,0,1,0
21.496211,0,0,0,0,0,0,0,1,0,0,0,0,0,0,0,0,0,1
21.499214,0,0,0,0,0,1,0,0,0,0,0,0,0,1,1,0,0,0
21.510799,0,1,1,0,0,0,0,0,0,1,1,0,1,0,0,1,0,0
21.521854,1,0,0,0,0,0,0,0,1,0,0,0,1,0,0,0,0,0
21.529272,0,0,0,0,1,0,0,0,0,0,0,0,0,0,0,0,0,0
21.547259,0,0,0,0,0,0,0,1,0,0,0,0,0,0,0,0,0,1
21.548517,0,0,0,0,0,0,1,0,0,1,0,1,0,1,0,0,1,0
21.550665,0,0,0,0,0,1,0,0,0,0,0,0,0,1,1,0,0,0
21.576357,0,1,1,0,0,0,0,0,0,1,1,0,1,0,0,1,0,0
21.584860,0,0,0,0,1,0,0,0,0,0,0,0,0,0,0,0,0,0
21.591753,1,0,0,0,0,0,0,0,1,0,0,0,1,0,0,0,0,0
21.599673,0,0,0,0,0,1,0,0,0,1,0,1,0,1,0,1,0,0
21.603877,0,0,0,0,0,0,0,1,0,0,0,0,0,0,0,0,0,1
21.616429,1,0,0,0,0,0,0,0,1,0,0,0,1,0,0,0,0,0
21.643773,0,0,0,0,1,0,1,0,0,1,0,1,0,1,0,0,1,0
21.645753,0,0,0,0,0,0,1,0,0,0,0,0,0,1,1,0,0,0
21.648285,0,0,0,0,0,1,0,0,0,0,0,0,0,1,1,0,0,0
21.650385,0,0,0,0,0,0,0,1,0,0,0,0,0,0,0,0,0,1
21.672320,0,0,1,1,0,0,0,0,0,1,1,0,1,0,0,1,0,0
21.688725,0,0,0,0,1,0,0,0,0,0,0,0,0,0,0,0,0,0
21.690433,1,0,0,1,0,0,1,0,0,1,1,0,1,1,1,0,1,0
21.698970,0,0,0,0,0,0,0,1,0,0,0,0,0,0,0,0,0,1
21.700171,0,0,0,0,0,1,0,0,0,0,0,0,0,1,1,0,0,0
21.711692,0,1,1,1,0,0,0,0,0,1,1,0,1,0,0,1,0,0
21.726134,1,0,0,1,0,0,0,0,0,1,1,0,1,0,0,0,1,0
21.733928,0,0,0,0,1,0,0,0,0,0,0,0,0,0,0,0,0,0
21.747427,0,0,1,0,0,0,0,0,1,0,0,0,1,0,0,0,0,0
21.749719,0,0,0,0,0,0,0,1,0,0,0,0,0,0,0,0,0,1
21.749918,0,0,0,0,0,1,1,0,0,1,0,1,0,1,0,0,1,0
21.777116,0,1,1,0,0,0,0,0,0,1,1,0,1,0,0,1,0,0
21.781535,0,0,0,0,1,0,0,0,0,0,0,0,0,0,0,0,0,0
21.790928,1,0,0,1,0,0,1,0,0,1,1,0,1,1,1,0,1,0
21.800047,0,0,0,0,0,1,0,0,0,0,0,0,0,1,1,0,0,0
21.800689,0,0,0,0,0,0,0,1,0,0,0,0,0,0,0,0,0,1
21.814489,0,1,1,0,0,0,0,0,0,1,1,0,1,0,0,1,0,0
21.832139,1,0,0,1,0,0,1,0,0,1,1,0,1,1,1,0,1,0
21.838359,0,0,0,0,1,0,0,0,0,0,0,0,0,0,0,0,0,0
21.848911,0,0,0,0,0,1,0,0,0,0,0,0,0,1,1,0,0,0
21.853512,0,0,0,0,0,0,0,1,0,0,0,0,0,0,0,0,0,1
21.859552,0,1,1,0,0,0,0,0,0,1,1,0,1,0,0,1,0,0
21.871454,1,0,0,0,0,0,0,0,1,0,0,0,1,0,0,0,0,0
21.892435,0,0,0,0,1,0,1,0,0,1,0,1,0,1,0,0,1,0
21.898633,0,0,0,0,0,0,0,1,0,0,0,0,0,0,0,0,0,1
21.899078,0,0,0,0,0,1,0,0,0,0,0,0,0,1,1,0,0,0
21.917864,0,1,1,0,0,0,0,0,0,1,1,0,1,0,0,1,0,0
21.930636,1,0,0,0,0,0,0,0,1,0,0,0,1,0,0,0,0,0
21.934534,0,0,0,0,1,0,1,0,0,1,0,1,0,1,0,0,1,0
21.948642,0,0,0,0,0,0,0,1,0,0,0,0,0,0,0,0,0,1
21.950986,0,0,0,0,0,1,0,0,0,0,0,0,0,1,1,0,0,0
21.958597,0,1,1,0,0,0,0,0,0,1,1,0,1,0,0,1,0,0
21.973658,1,0,0,0,0,0,0,0,1,0,0,0,1,0,0,0,0,0
21.986998,0,0,0,0,1,0,0,0,0,0,0,0,0,0,0,0,0,0
22.001690,0,0,0,0,0,1,0,0,0,1,0,1,0,1,0,1,0,0
22.003961,0,0,0,0,0,0,0,1,0,0,0,0,0,0,0,0,0,1
22.016000,1,0,0,0,0,0,0,0,1,0,0,0,1,0,0,0,0,0
22.042389,0,0,0,0,1,0,0,0,0,0,0,0,0,0,0,0,0,0
22.046246,0,0,0,0,0,0,1,0,0,1,0,1,0,1,0,0,1,0
22.047296,0,0,0,0,0,0,1,1,0,0,0,0,0,1,1,0,0,1
22.050148,0,0,0,0,0,1,0,0,0,0,0,0,0,1,1,0,0,0
22.074320,0,0,1,1,0,0,0,0,0,1,1,0,1,0,0,0,1,0
22.080652,0,0,0,0,1,0,0,0,0,0,0,0,0,0,0,0,0,0
22.097393,0,1,1,0,0,0,0,0,0,1,1,0,1,0,0,1,0,0
22.098006,0,0,0,0,0,0,0,1,0,0,0,0,0,0,0,0,0,1
22.100476,0,0,0,0,0,1,0,0,0,0,0,0,0,1,1,0,0,0
22.112103,1,1,0,1,0,0,1,0,0,1,1,0,1,1,1,0,1,0
22.137248,0,0,0,0,1,0,0,0,0,0,0,0,0,0,0,0,0,0
22.137399,0,1,1,0,0,0,0,0,0,1,1,0,1,0,0,1,0,0
22.149937,1,0,0,1,0,0,1,0,0,1,1,0,1,1,1,0,1,0
22.150287,0,0,0,0,0,1,0,0,0,0,0,0,0,1,1,0,0,0
22.150374,0,0,0,0,0,0,0,1,0,0,0,0,0,0,0,0,0,1
22.171025,0,1,1,0,0,0,0,0,0,1,1,0,1,0,0,1,0,0
22.188827,0,0,0,0,1,0,0,0,0,0,0,0,0,0,0,0,0,0
22.188981,1,0,0,1,0,0,1,0,0,1,1,0,1,1,1,0,1,0
22.199544,0,0,0,0,0,1,0,0,0,0,0,0,0,1,1,0,0,0
22.201708,0,0,0,0,0,0,0,1,0,0,0,0,0,0,0,0,0,1
22.218207,0,1,1,0,0,0,0,0,0,1,1,0,1,0,0,1,0,0
22.233697,1,0,0,1,0,0,1,0,0,1,1,0,1,1,1,0,1,0
22.238408,0,0,0,0,1,0,0,0,0,0,0,0,0,0,0,0,0,0
22.250759,0,0,0,0,0,1,0,0,0,0,0,0,0,1,1,0,0,0
22.251635,0,0,0,0,0,0,0,1,0,0,0,0,0,0,0,0,0,1
22.257348,0,1,1,0,0,0,0,0,0,1,1,0,1,0,0,1,0,0
22.272170,1,0,0,0,0,0,0,0,1,0,0,0,1,0,0,0,0,0
22.278679,0,0,0,0,0,0,1,0,0,1,0,1,0,1,0,0,1,0
22.286474,0,0,0,0,1,0,0,0,0,0,0,0,0,0,0,0,0,0
22.299220,0,0,0,0,0,1,0,0,0,0,0,0,0,1,1,0,0,0
22.302520,0,0,0,0,0,0,0,1,0,0,0,0,0,0,0,0,0,1
22.303638,0,1,1,0,0,0,0,0,0,1,1,0,1,0,0,1,0,0
22.316657,1,0,0,0,0,0,0,0,1,0,0,0,1,0,0,0,0,0
22.339627,0,0,0,0,1,0,1,0,0,1,0,1,0,1,0,0,1,0
22.350091,0,0,0,0,0,1,0,0,0,0,0,0,0,1,1,0,0,0
22.352742,0,0,0,0,0,0,0,1,0,0,0,0,0,0,0,0,0,1
22.362975,0,1,1,0,0,0,0,0,0,1,1,0,1,0,0,1,0,0
22.380459,1,0,0,1,0,0,1,0,0,1,1,0,1,1,1,0,1,0
22.385967,0,0,0,0,1,0,0,0,0,0,0,0,0,0,0,0,0,0
22.399940,0,0,0,0,0,1,0,0,0,0,0,0,0,1,1,0,0,0
22.400508,0,0,0,0,0,0,0,1,0,0,0,0,0,0,0,0,0,1
22.404778,0,1,1,0,0,0,0,0,0,1,1,0,1,0,0,1,0,0
22.417647,1,0,0,0,0,0,0,0,1,0,0,0,1,0,0,0,0,0
22.435296,0,0,0,0,1,0,1,0,0,1,0,1,0,1,0,0,1,0
22.446427,0,0,0,0,0,0,0,1,0,0,0,0,0,0,0,0,0,1
22.449185,0,0,0,0,0,1,0,0,0,0,0,0,0,1,1,0,0,0
22.456244,0,1,1,0,0,0,0,0,0,1,1,0,1,0,0,1,0,0
22.471493,1,0,0,1,0,0,1,0,0,1,1,0,1,1,1,0,1,0
22.483510,0,0,0,0,1,0,0,0,0,0,0,0,0,0,0,0,0,0
22.498234,0,0,1,0,0,0,0,0,1,0,0,0,1,0,0,0,0,0
22.500060,0,0,0,0,0,1,0,0,0,1,0,1,0,1,0,1,0,0
22.501855,0,0,0,0,0,0,0,1,0,0,0,0,0,0,0,0,0,1
22.510169,1,0,0,0,0,0,0,0,1,0,0,0,1,0,0,0,0,0
22.537788,0,0,0,0,1,0,1,0,0,1,0,1,0,1,0,0,1,0
22.549581,0,0,0,0,0,0,0,1,0,0,0,0,0,0,0,0,0,1
22.549698,0,0,0,0,0,1,0,0,0,0,0,0,0,1,1,0,0,0
22.559418,0,1,1,0,0,0,0,0,0,1,1,0,1,0,0,1,0,0
22.579326,1,0,0,1,0,0,1,0,0,1,1,0,1,1,1,0,1,0
22.584675,0,0,0,0,1,0,0,0,0,0,0,0,0,0,0,0,0,0
22.597927,0,0,0,0,0,0,0,1,0,0,0,0,0,0,0,0,0,1
22.599552,0,0,0,0,0,1,0,0,0,0,0,0,0,1,1,0,0,0
22.601235,0,1,1,0,0,0,0,0,0,1,1,0,1,0,0,1,0,0
22.616271,1,0,0,1,0,0,1,0,0,1,1,0,1,1,1,0,1,0
22.636092,0,0,0,0,1,0,0,0,0,0,0,0,0,0,0,0,0,0
22.637447,0,0,1,0,0,0,0,0,1,0,0,0,1,0,0,0,0,0
22.648705,0,0,0,0,0,0,0,1,0,0,0,0,0,0,0,0,0,1
22.651625,0,0,0,0,0,1,0,0,0,1,0,1,0,1,0,1,0,0
22.666306,1,0,0,1,0,0,1,0,0,1,1,0,1,1,1,0,1,0
22.686838,0,0,0,0,1,0,0,0,0,0,0,0,0,0,0,0,0,0
22.688671,0,0,1,0,0,0,0,0,1,0,0,0,1,0,0,0,0,0
22.701067,0,0,0,0,0,1,0,0,0,1,0,1,0,1,0,1,0,0
22.702161,0,0,0,0,0,0,0,1,0,0,0,0,0,0,0,0,0,1
22.713870,1,0,0,1,0,0,1,0,0,1,1,0,1,1,1,0,1,0
22.738589,0,0,0,0,1,0,0,0,0,0,0,0,0,0,0,0,0,0
22.741079,0,0,1,0,0,0,0,0,1,0,0,0,1,0,0,0,0,0
22.748678,0,0,0,0,0,1,0,0,0,1,0,1,0,1,0,1,0,0
22.748851,0,0,0,0,0,0,0,1,0,0,0,0,0,0,0,0,0,1
22.765373,1,0,0,1,0,0,1,0,0,1,1,0,1,1,1,0,1,0
22.787583,0,0,0,0,1,0,0,0,0,0,0,0,0,0,0,0,0,0
22.791049,0,0,1,0,0,0,0,0,1,0,0,0,1,0,0,0,0,0
22.799761,0,0,0,0,0,1,0,0,0,1,0,1,0,1,0,1,0,0
22.803371,0,0,0,0,0,0,0,1,0,0,0,0,0,0,0,0,0,1
22.812885,1,0,0,0,0,0,0,0,1,0,0,0,1,0,0,0,0,0
22.840894,0,0,0,0,1,0,1,0,0,1,0,1,0,1,0,0,1,0
22.847888,0,0,0,0,0,0,0,1,0,0,0,0,0,0,0,0,0,1
22.851132,0,0,0,0,0,1,0,0,0,0,0,0,0,1,1,0,0,0
22.866372,0,1,1,0,0,0,0,0,0,1,1,0,1,0,0,1,0,0
22.877067,1,0,0,1,0,0,1,0,0,1,1,0,1,1,1,0,1,0
22.887430,0,0,0,0,1,0,0,0,0,0,0,0,0,0,0,0,0,0
22.899219,0,0,1,0,0,0,0,0,1,0,0,0,1,0,0,0,0,0
22.900662,0,0,0,0,0,1,0,0,0,1,0,1,0,1,0,1,0,0
22.901853,0,0,0,0,0,0,0,1,0,0,0,0,0,0,0,0,0,1
22.919826,1,0,0,0,0,0,0,0,1,0,0,0,1,0,0,0,0,0
22.928763,0,0,0,0,0,0,1,0,0,1,0,1,0,1,0,0,1,0
22.936422,0,0,0,0,1,0,0,0,0,0,0,0,0,0,0,0,0,0
22.949300,0,0,0,0,0,1,0,0,0,0,0,0,0,1,1,0,0,0
22.951558,0,0,0,0,0,0,0,1,0,0,0,0,0,0,0,0,0,1
22.955342,0,1,1,0,0,0,0,0,0,1,1,0,1,0,0,1,0,0
22.966113,1,0,0,1,0,0,1,0,0,1,1,0,1,1,1,0,1,0
22.986980,0,0,1,0,0,0,0,0,1,0,0,0,1,0,0,0,0,0
22.990385,0,0,0,0,1,0,0,0,0,0,0,0,0,0,0,0,0,0
22.997571,0,0,0,0,0,0,0,1,0,0,0,0,0,0,0,0,0,1
22.998744,0,0,0,0,0,1,0,0,0,1,0,1,0,1,0,1,0,0
23.015236,1,0,0,0,0,0,0,0,1,0,0,0,1,0,0,0,0,0
23.029644,0,0,0,0,1,0,1,0,0,1,0,1,0,1,0,0,1,0
23.048059,0,0,0,0,0,0,0,1,0,0,0,0,0,0,0,0,0,1
23.050496,0,0,0,0,0,1,0,0,0,0,0,0,0,1,1,0,0,0
23.054631,0,1,1,0,0,0,0,0,0,1,1,0,1,0,0,1,0,0
23.066545,1,0,0,1,0,0,1,0,0,1,1,0,1,1,1,0,1,0
23.085494,0,0,0,0,1,0,0,0,0,0,0,0,0,0,0,0,0,0
23.092067,0,0,1,0,0,0,0,0,1,0,0,0,1,0,0,0,0,0
23.100987,0,0,0,0,0,0,0,1,0,0,0,0,0,0,0,0,0,1
23.101951,0,0,0,0,0,1,0,0,0,1,0,1,0,1,0,1,0,0
23.116486,1,0,0,0,0,0,0,0,1,0,0,0,1,0,0,0,0,0
23.128604,0,0,0,0,0,0,1,0,0,1,0,1,0,1,0,0,1,0
23.135185,0,0,0,0,1,0,0,0,0,0,0,0,0,0,0,0,0,0
23.150155,0,0,0,0,0,1,0,0,0,0,0,0,0,1,1,0,0,0
23.151483,0,1,1,0,0,0,0,0,0,1,1,0,1,0,0,1,0,0
23.153366,0,0,0,0,0,0,0,1,0,0,0,0,0,0,0,0,0,1
23.169219,1,0,0,0,0,0,0,0,1,0,0,0,1,0,0,0,0,0
23.186577,0,0,0,0,1,0,0,0,0,0,0,0,0,0,0,0,0,0
23.189404,0,0,0,0,0,0,1,0,0,1,0,1,0,1,0,0,1,0
23.199154,0,0,0,0,0,1,0,0,0,0,0,0,0,1,1,0,0,0
23.199480,0,0,0,0,0,0,0,1,0,0,0,0,0,0,0,0,0,1
23.213893,0,1,1,0,0,0,0,0,0,1,1,0,1,0,0,1,0,0
23.225252,1,0,0,0,0,0,0,0,1,0,0,0,1,0,0,0,0,0
23.237399,0,0,0,0,1,0,1,0,0,1,0,1,0,1,0,0,1,0
23.249668,0,0,0,0,0,1,0,0,0,0,0,0,0,1,1,0,0,0
23.252237,0,0,0,0,0,0,0,1,0,0,0,0,0,0,0,0,0,1
23.264813,0,1,1,0,0,0,0,0,0,1,1,0,1,0,0,1,0,0
23.279919,1,0,0,1,0,0,1,0,0,1,1,0,1,1,1,0,1,0
23.288522,0,0,0,0,1,0,0,0,0,0,0,0,0,0,0,0,0,0
23.300635,0,0,1,0,0,0,0,0,1,0,0,0,1,0,0,0,0,0
23.301102,0,0,0,0,0,0,0,1,0,0,0,0,0,0,0,0,0,1
23.301761,0,0,0,0,0,1,0,0,0,1,0,1,0,1,0,1,0,0
23.320862,1,0,0,1,0,0,1,0,0,1,1,0,1,1,1,0,1,0
23.340696,0,0,0,0,1,0,0,0,0,0,0,0,0,0,0,0,0,0
23.346230,0,0,1,0,0,0,0,0,1,0,0,0,1,0,0,0,0,0
23.348183,0,0,0,0,0,1,0,0,0,1,0,1,0,1,0,1,0,0
23.349029,0,0,0,0,0,0,0,1,0,0,0,0,0,0,0,0,0,1
23.362694,1,0,0,1,0,0,1,0,0,1,1,0,1,1,1,0,1,0
23.387655,0,0,0,0,1,0,0,0,0,0,0,0,0,0,0,0,0,0
23.392629,0,0,1,0,0,0,0,0,1,0,0,0,1,0,0,0,0,0
23.399591,0,0,0,0,0,1,0,0,0,1,0,1,0,1,0,1,0,0
23.400547,0,0,0,0,0,0,0,1,0,0,0,0,0,0,0,0,0,1
23.418645,1,0,0,1,0,0,1,0,0,1,1,0,1,1,1,0,1,0
23.438856,0,0,1,0,0,0,0,0,1,0,0,0,1,0,0,0,0,0
23.439397,0,0,0,0,1,0,0,0,0,0,0,0,0,0,0,0,0,0
23.447535,0,0,0,0,0,0,0,1,0,0,0,0,0,0,0,0,0,1
23.450410,0,0,0,0,0,1,0,0,0,1,0,1,0,1,0,1,0,0
23.465521,1,0,0,0,0,0,0,0,1,0,0,0,1,0,0,0,0,0
23.483100,0,0,0,0,1,0,0,0,0,0,0,0,0,0,0,0,0,0
23.498382,0,0,0,0,0,0,1,1,0,1,0,1,0,1,0,0,1,1
23.499355,0,0,0,0,0,1,0,0,0,0,0,0,0,1,1,0,0,0
23.523073,0,1,1,0,0,0,0,0,0,1,1,0,1,0,0,1,0,0
23.535129,1,0,0,1,0,0,1,0,0,1,1,0,1,1,1,0,1,0
23.536879,0,0,0,0,1,0,0,0,0,0,0,0,0,0,0,0,0,0
23.548429,0,0,0,0,0,0,0,1,0,0,0,0,0,0,0,0,0,1
23.551161,0,0,0,0,0,1,0,0,0,0,0,0,0,1,1,0,0,0
23.558140,0,1,1,0,0,0,0,0,0,1,1,0,1,0,0,1,0,0
23.572175,1,0,0,0,0,0,0,0,1,0,0,0,1,0,0,0,0,0
23.583535,0,0,0,0,1,0,0,0,0,0,0,0,0,0,0,0,0,0
23.597977,0,0,0,0,0,0,0,1,0,0,0,0,0,0,0,0,0,1
23.599311,0,0,0,0,0,1,0,0,0,1,0,1,0,1,0,1,0,0
23.611957,1,0,0,1,0,0,1,0,0,1,1,0,1,1,1,0,1,0
23.617093,0,0,0,0,0,0,1,0,0,0,0,0,0,1,1,0,0,0
23.631939,0,0,0,0,1,0,0,0,0,0,0,0,0,0,0,0,0,0
23.632129,0,0,1,1,0,0,0,0,0,1,1,0,1,0,0,0,1,0
23.649101,0,0,0,0,0,1,0,0,0,0,0,0,0,1,1,0,0,0
23.651670,0,0,0,0,0,0,0,1,0,0,0,0,0,0,0,0,0,1
23.654601,0,1,1,0,0,0,0,0,0,1,1,0,1,0,0,1,0,0
23.665548,1,0,0,0,0,0,0,0,1,0,0,0,1,0,0,0,0,0
23.686311,0,0,0,0,1,0,0,0,0,0,0,0,0,0,0,0,0,0
23.694406,0,0,0,0,0,0,1,0,0,1,0,1,0,1,0,0,1,0
23.698502,0,0,0,0,0,0,0,1,0,0,0,0,0,0,0,0,0,1
23.698791,0,0,0,0,0,1,0,0,0,0,0,0,0,1,1,0,0,0
23.720337,0,1,1,0,0,0,0,0,0,1,1,0,1,0,0,1,0,0
23.732469,0,0,0,0,1,0,0,0,0,0,0,0,0,0,0,0,0,0
23.734687,1,0,0,0,0,0,0,0,1,0,0,0,1,0,0,0,0,0
23.749596,0,0,0,0,0,0,0,1,0,0,0,0,0,0,0,0,0,1
23.749602,0,0,0,0,0,0,1,0,0,1,0,1,0,1,0,0,1,0
23.749607,0,0,0,0,0,1,0,0,0,0,0,0,0,1,1,0,0,0
23.775144,0,1,1,0,0,0,0,0,0,1,1,0,1,0,0,1,0,0
23.783739,0,0,0,0,1,0,0,0,0,0,0,0,0,0,0,0,0,0
23.790113,1,0,0,0,0,0,0,0,1,0,0,0,1,0,0,0,0,0
23.797986,0,0,0,0,0,0,1,1,0,1,0,1,0,1,0,0,1,1
23.801075,0,0,0,0,0,1,0,0,0,0,0,0,0,1,1,0,0,0
23.822565,0,1,1,0,0,0,0,0,0,1,1,0,1,0,0,1,0,0
23.834848,0,0,0,0,1,0,0,0,0,0,0,0,0,0,0,0,0,0
23.837219,1,0,0,0,0,0,0,0,1,0,0,0,1,0,0,0,0,0
23.848360,0,0,0,0,0,0,1,1,0,1,0,1,0,1,0,0,1,1
23.849055,0,0,0,0,0,1,0,0,0,0,0,0,0,1,1,0,0,0
23.872207,0,1,1,0,0,0,0,0,0,1,1,0,1,0,0,1,0,0
23.884032,0,0,0,0,1,0,0,0,0,0,0,0,0,0,0,0,0,0
23.890666,1,0,0,0,0,0,0,0,1,0,0,0,1,0,0,0,0,0
23.897874,0,0,0,0,0,0,0,1,0,0,0,0,0,0,0,0,0,1
23.898731,0,0,0,0,0,0,1,0,0,1,0,1,0,1,0,0,1,0
23.899477,0,0,0,0,0,1,0,0,0,0,0,0,0,1,1,0,0,0
23.920425,0,1,1,0,0,0,0,0,0,1,1,0,1,0,0,1,0,0
23.934425,0,0,0,0,1,0,0,0,0,0,0,0,0,0,0,0,0,0
23.935644,1,0,0,1,0,0,1,0,0,1,1,0,1,1,1,0,1,0
23.949690,0,0,0,0,0,1,0,0,0,0,0,0,0,1,1,0,0,0
23.951285,0,0,0,0,0,0,0,1,0,0,0,0,0,0,0,0,0,1
23.958574,0,1,1,0,0,0,0,0,0,1,1,0,1,0,0,1,0,0
23.973925,1,0,0,1,0,0,1,0,0,1,1,0,1,1,1,0,1,0
23.987426,0,0,0,0,1,0,0,0,0,0,0,0,0,0,0,0,0,0
23.996789,0,0,1,0,0,0,0,0,1,0,0,0,1,0,0,0,0,0
24.000623,0,0,0,0,0,0,0,1,0,0,0,0,0,0,0,0,0,1
24.001144,0,0,0,0,0,1,0,0,0,1,0,1,0,1,0,1,0,0
24.011593,1,0,0,0,0,0,0,0,1,0,0,0,1,0,0,0,0,0
24.026058,0,0,0,0,0,0,1,0,0,1,0,1,0,1,0,0,1,0
24.035005,0,0,0,0,1,0,0,0,0,0,0,0,0,0,0,0,0,0
24.047286,0,0,1,0,0,0,0,0,1,0,0,0,1,0,0,0,0,0
24.049385,0,0,0,0,0,1,0,0,0,1,0,1,0,1,0,1,0,0
24.049532,0,0,0,0,0,0,0,1,0,0,0,0,0,0,0,0,0,1
24.064734,1,0,0,0,0,0,0,0,1,0,0,0,1,0,0,0,0,0
24.084240,0,0,0,0,1,0,0,0,0,0,0,0,0,0,0,0,0,0
24.100952,0,0,0,0,0,1,0,0,0,1,0,1,0,1,0,1,0,0
24.103289,0,0,0,0,0,0,1,1,0,0,0,0,0,1,1,0,0,1
24.112230,1,0,0,1,0,0,0,0,0,1,1,0,1,0,0,0,1,0
24.133823,0,0,1,1,0,0,1,0,0,1,1,0,1,1,1,0,1,0
24.141375,0,0,0,0,1,0,0,0,0,0,0,0,0,0,0,0,0,0
24.149857,0,0,0,0,0,1,0,0,0,0,0,0,0,1,1,0,0,0
24.152433,0,0,0,0,0,0,0,1,0,0,0,0,0,0,0,0,0,1
24.158905,0,1,1,0,0,0,0,0,0,1,1,0,1,0,0,1,0,0
24.171576,1,0,0,1,0,0,1,0,0,1,1,0,1,1,1,0,1,0
24.192187,0,0,0,0,1,0,0,0,0,0,0,0,0,0,0,0,0,0
24.192866,0,0,1,0,0,0,0,0,1,0,0,0,1,0,0,0,0,0
24.197735,0,0,0,0,0,0,0,1,0,0,0,0,0,0,0,0,0,1
24.200634,0,0,0,0,0,1,0,0,0,1,0,1,0,1,0,1,0,0
24.215300,1,0,0,0,0,0,0,0,1,0,0,0,1,0,0,0,0,0
24.234514,0,0,0,0,1,0,0,0,0,0,0,0,0,0,0,0,0,0
24.248197,0,0,0,0,0,0,0,1,0,0,0,0,0,0,0,0,0,1
24.250307,0,0,0,0,0,1,1,0,0,1,0,1,0,1,0,1,0,0
24.263919,1,0,0,1,0,0,1,0,0,1,1,0,1,1,1,0,1,0
24.281610,0,0,0,0,1,0,0,0,0,0,0,0,0,0,0,0,0,0
24.287434,0,0,1,1,0,0,0,0,0,1,1,0,1,0,0,0,1,0
24.299414,0,0,0,0,0,0,0,1,0,0,0,0,0,0,0,0,0,1
24.299576,0,0,0,0,0,1,0,0,0,0,0,0,0,1,1,0,0,0
24.317386,0,1,1,0,0,0,0,0,0,1,1,0,1,0,0,1,0,0
24.329851,1,0,0,1,0,0,1,0,0,1,1,0,1,1,1,0,1,0
24.337482,0,0,0,0,1,0,0,0,0,0,0,0,0,0,0,0,0,0
24.348798,0,0,0,0,0,0,0,1,0,0,0,0,0,0,0,0,0,1
24.350681,0,0,0,0,0,1,0,0,0,0,0,0,0,1,1,0,0,0
24.353676,0,1,1,0,0,0,0,0,0,1,1,0,1,0,0,1,0,0
24.367855,1,0,0,1,0,0,1,0,0,1,1,0,1,1,1,0,1,0
24.388180,0,0,1,0,0,0,0,0,1,0,0,0,1,0,0,0,0,0
24.388385,0,0,0,0,1,0,0,0,0,0,0,0,0,0,0,0,0,0
24.398958,0,0,0,0,0,1,0,0,0,1,0,1,0,1,0,1,0,0
24.400803,0,0,0,0,0,0,0,1,0,0,0,0,0,0,0,0,0,1
24.417974,1,0,0,0,0,0,0,0,1,0,0,0,1,0,0,0,0,0
24.424644,0,0,0,0,0,0,1,0,0,1,0,1,0,1,0,0,1,0
24.431384,0,0,0,0,1,0,0,0,0,0,0,0,0,0,0,0,0,0
24.448310,0,0,0,0,0,0,0,1,0,0,0,0,0,0,0,0,0,1
24.450393,0,0,1,0,0,0,0,0,1,0,0,0,1,0,0,0,0,0
24.450958,0,0,0,0,0,1,0,0,0,1,0,1,0,1,0,1,0,0
24.463179,1,0,0,0,0,0,0,0,1,0,0,0,1,0,0,0,0,0
24.483664,0,0,0,0,1,0,0,0,0,0,0,0,0,0,0,0,0,0
24.498375,0,0,0,0,0,1,1,0,0,1,0,1,0,1,0,1,0,0
24.499229,0,0,0,0,0,0,0,1,0,0,0,0,0,0,0,0,0,1
24.514214,1,0,0,1,0,0,1,0,0,1,1,0,1,1,1,0,1,0
24.533418,0,0,0,0,1,0,0,0,0,0,0,0,0,0,0,0,0,0
24.542777,0,0,1,1,0,0,0,0,0,1,1,0,1,0,0,0,1,0
24.550274,0,0,0,0,0,1,0,0,0,0,0,0,0,1,1,0,0,0
24.550481,0,0,0,0,0,0,0,1,0,0,0,0,0,0,0,0,0,1
24.563717,0,1,1,0,0,0,0,0,0,1,1,0,1,0,0,1,0,0
24.578106,1,0,0,1,0,0,1,0,0,1,1,0,1,1,1,0,1,0
24.585403,0,0,0,0,1,0,0,0,0,0,0,0,0,0,0,0,0,0
24.600085,0,0,0,0,0,1,0,0,0,0,0,0,0,1,1,0,0,0
24.603464,0,0,0,0,0,0,0,1,0,0,0,0,0,0,0,0,0,1
24.604350,0,1,1,0,0,0,0,0,0,1,1,0,1,0,0,1,0,0
24.614627,1,0,0,0,0,0,0,0,1,0,0,0,1,0,0,0,0,0
24.636247,0,0,0,0,1,0,1,0,0,1,0,1,0,1,0,0,1,0
24.647903,0,0,0,0,0,0,0,1,0,0,0,0,0,0,0,0,0,1
24.650421,0,0,0,0,0,1,0,0,0,0,0,0,0,1,1,0,0,0
24.661020,0,1,1,0,0,0,0,0,0,1,1,0,1,0,0,1,0,0
24.673326,1,0,0,0,0,0,0,0,1,0,0,0,1,0,0,0,0,0
24.686804,0,0,0,0,1,0,0,0,0,0,0,0,0,0,0,0,0,0
24.698037,0,0,0,0,0,0,0,1,0,0,0,0,0,0,0,0,0,1
24.699188,0,0,0,0,0,0,1,0,0,1,0,1,0,1,0,0,1,0
24.700290,0,0,0,0,0,1,0,0,0,0,0,0,0,1,1,0,0,0
24.725633,0,1,1,0,0,0,0,0,0,1,1,0,1,0,0,1,0,0
24.733434,0,0,0,0,1,0,0,0,0,0,0,0,0,0,0,0,0,0
24.737508,1,0,0,1,0,0,1,0,0,1,1,0,1,1,1,0,1,0
24.747525,0,0,0,0,0,0,0,1,0,0,0,0,0,0,0,0,0,1
24.749723,0,0,0,0,0,1,0,0,0,0,0,0,0,1,1,0,0,0
24.760989,0,1,1,0,0,0,0,0,0,1,1,0,1,0,0,1,0,0
24.777911,1,0,0,1,0,0,1,0,0,1,1,0,1,1,1,0,1,0
24.785656,0,0,0,0,1,0,0,0,0,0,0,0,0,0,0,0,0,0
24.800022,0,0,1,0,0,0,0,0,1,0,0,0,1,0,0,0,0,0
24.800100,0,0,0,0,0,1,0,0,0,1,0,1,0,1,0,1,0,0
24.800998,0,0,0,0,0,0,0,1,0,0,0,0,0,0,0,0,0,1
24.816811,1,0,0,0,0,0,0,0,1,0,0,0,1,0,0,0,0,0
24.840222,0,0,0,0,1,0,1,0,0,1,0,1,0,1,0,0,1,0
24.850836,0,0,0,0,0,1,0,0,0,0,0,0,0,1,1,0,0,0
24.852209,0,0,0,0,0,0,0,1,0,0,0,0,0,0,0,0,0,1
24.867188,0,1,1,0,0,0,0,0,0,1,1,0,1,0,0,1,0,0
24.879989,1,0,0,0,0,0,0,0,1,0,0,0,1,0,0,0,0,0
24.887538,0,0,0,0,1,0,1,0,0,1,0,1,0,1,0,0,1,0
24.899724,0,0,0,0,0,0,0,1,0,0,0,0,0,0,0,0,0,1
24.899923,0,0,0,0,0,1,0,0,0,0,0,0,0,1,1,0,0,0
24.917065,0,1,1,0,0,0,0,0,0,1,1,0,1,0,0,1,0,0
24.930538,1,0,0,0,0,0,0,0,1,0,0,0,1,0,0,0,0,0
24.937896,0,0,0,0,1,0,1,0,0,1,0,1,0,1,0,0,1,0
24.949696,0,0,0,0,0,1,0,0,0,0,0,0,0,1,1,0,0,0
24.951285,0,0,0,0,0,0,0,1,0,0,0,0,0,0,0,0,0,1
24.961246,0,1,1,0,0,0,0,0,0,1,1,0,1,0,0,1,0,0
24.975773,1,0,0,1,0,0,1,0,0,1,1,0,1,1,1,0,1,0
24.985676,0,0,0,0,1,0,0,0,0,0,0,0,0,0,0,0,0,0
24.999961,0,0,0,0,0,1,0,0,0,0,0,0,0,1,1,0,0,0
25.001884,0,1,1,0,0,0,0,0,0,1,1,0,1,0,0,1,0,0
25.002477,0,0,0,0,0,0,0,1,0,0,0,0,0,0,0,0,0,1
25.017715,1,0,0,0,0,0,0,0,1,0,0,0,1,0,0,0,0,0
25.041249,0,0,0,0,1,0,1,0,0,1,0,1,0,1,0,0,1,0
25.051074,0,0,0,0,0,1,0,0,0,0,0,0,0,1,1,0,0,0
25.051957,0,0,0,0,0,0,0,1,0,0,0,0,0,0,0,0,0,1
25.064519,0,1,1,0,0,0,0,0,0,1,1,0,1,0,0,1,0,0
25.079192,1,0,0,0,0,0,0,0,1,0,0,0,1,0,0,0,0,0
25.089427,0,0,0,0,1,0,0,0,0,0,0,0,0,0,0,0,0,0
25.101020,0,0,0,0,0,1,1,0,0,1,0,1,0,1,0,0,1,0
25.103929,0,0,0,0,0,0,0,1,0,0,0,0,0,0,0,0,0,1
25.126937,0,1,1,0,0,0,0,0,0,1,1,0,1,0,0,1,0,0
25.140091,0,0,0,0,1,0,0,0,0,0,0,0,0,0,0,0,0,0
25.141989,1,0,0,1,0,0,1,0,0,1,1,0,1,1,1,0,1,0
25.148093,0,0,0,0,0,0,0,1,0,0,0,0,0,0,0,0,0,1
25.149812,0,0,0,0,0,1,0,0,0,0,0,0,0,1,1,0,0,0
25.163167,0,1,1,0,0,0,0,0,0,1,1,0,1,0,0,1,0,0
25.176510,1,0,0,1,0,0,1,0,0,1,1,0,1,1,1,0,1,0
25.182525,0,0,0,0,1,0,0,0,0,0,0,0,0,0,0,0,0,0
25.198892,0,0,0,0,0,1,0,0,0,0,0,0,0,1,1,0,0,0
25.202457,0,0,0,0,0,0,0,1,0,0,0,0,0,0,0,0,0,1
25.204854,0,1,1,0,0,0,0,0,0,1,1,0,1,0,0,1,0,0
25.223857,1,0,0,1,0,0,1,0,0,1,1,0,1,1,1,0,1,0
25.240599,0,0,0,0,1,0,0,0,0,0,0,0,0,0,0,0,0,0
25.244429,0,0,1,0,0,0,0,0,1,0,0,0,1,0,0,0,0,0
25.248624,0,0,0,0,0,0,0,1,0,0,0,0,0,0,0,0,0,1
25.250764,0,0,0,0,0,1,0,0,0,1,0,1,0,1,0,1,0,0
25.268480,1,0,0,0,0,0,0,0,1,0,0,0,1,0,0,0,0,0
25.285743,0,0,0,0,1,0,1,0,0,1,0,1,0,1,0,0,1,0
25.299241,0,0,0,0,0,0,0,1,0,0,0,0,0,0,0,0,0,1
25.300460,0,0,0,0,0,1,0,0,0,0,0,0,0,1,1,0,0,0
25.312289,0,1,1,0,0,0,0,0,0,1,1,0,1,0,0,1,0,0
25.326512,1,0,0,0,0,0,0,0,1,0,0,0,1,0,0,0,0,0
25.331116,0,0,0,0,1,0,1,0,0,1,0,1,0,1,0,0,1,0
25.348414,0,0,0,0,0,1,0,0,0,0,0,0,0,1,1,0,0,0
25.351147,0,0,0,0,0,0,0,1,0,0,0,0,0,0,0,0,0,1
25.354443,0,1,1,0,0,0,0,0,0,1,1,0,1,0,0,1,0,0
25.371033,1,0,0,1,0,0,1,0,0,1,1,0,1,1,1,0,1,0
25.384522,0,0,0,0,1,0,0,0,0,0,0,0,0,0,0,0,0,0
25.392972,0,0,1,0,0,0,0,0,1,0,0,0,1,0,0,0,0,0
25.399371,0,0,0,0,0,1,0,0,0,1,0,1,0,1,0,1,0,0
25.403569,0,0,0,0,0,0,0,1,0,0,0,0,0,0,0,0,0,1
25.415988,1,0,0,0,0,0,0,0,1,0,0,0,1,0,0,0,0,0
25.437187,0,0,0,0,1,0,1,0,0,1,0,1,0,1,0,0,1,0
25.447814,0,0,0,0,0,0,0,1,0,0,0,0,0,0,0,0,0,1
25.450187,0,0,0,0,0,1,0,0,0,0,0,0,0,1,1,0,0,0
25.462939,0,1,1,0,0,0,0,0,0,1,1,0,1,0,0,1,0,0
25.478029,1,0,0,1,0,0,1,0,0,1,1,0,1,1,1,0,1,0
25.483213,0,0,0,0,1,0,0,0,0,0,0,0,0,0,0,0,0,0
25.498176,0,0,0,0,0,1,0,0,0,0,0,0,0,1,1,0,0,0
25.501588,0,0,0,0,0,0,0,1,0,0,0,0,0,0,0,0,0,1
25.504505,0,1,1,0,0,0,0,0,0,1,1,0,1,0,0,1,0,0
25.518846,1,0,0,0,0,0,0,0,1,0,0,0,1,0,0,0,0,0
25.534560,0,0,0,0,1,0,0,0,0,0,0,0,0,0,0,0,0,0
25.549690,0,0,0,0,0,1,1,0,0,1,0,1,0,1,0,0,1,0
25.552163,0,0,0,0,0,0,0,1,0,0,0,0,0,0,0,0,0,1
25.575252,0,1,1,0,0,0,0,0,0,1,1,0,1,0,0,1,0,0
25.589470,0,0,0,0,1,0,0,0,0,0,0,0,0,0,0,0,0,0
25.593898,1,0,0,1,0,0,1,0,0,1,1,0,1,1,1,0,1,0
25.600887,0,0,0,0,0,1,0,0,0,0,0,0,0,1,1,0,0,0
25.601271,0,0,0,0,0,0,0,1,0,0,0,0,0,0,0,0,0,1
25.615642,0,1,1,0,0,0,0,0,0,1,1,0,1,0,0,1,0,0
25.632503,0,0,0,0,1,0,0,0,0,0,0,0,0,0,0,0,0,0
25.634697,1,0,0,1,0,0,1,0,0,1,1,0,1,1,1,0,1,0
25.650355,0,0,0,0,0,0,0,1,0,0,0,0,0,0,0,0,0,1
25.650775,0,0,0,0,0,1,0,0,0,0,0,0,0,1,1,0,0,0
25.661995,0,1,1,0,0,0,0,0,0,1,1,0,1,0,0,1,0,0
25.680818,1,0,0,1,0,0,1,0,0,1,1,0,1,1,1,0,1,0
25.681353,0,0,0,0,1,0,0,0,0,0,0,0,0,0,0,0,0,0
25.699990,0,0,0,0,0,0,0,1,0,0,0,0,0,0,0,0,0,1
25.700010,0,0,0,0,0,1,0,0,0,0,0,0,0,1,1,0,0,0
25.703608,0,1,1,0,0,0,0,0,0,1,1,0,1,0,0,1,0,0
25.719307,1,0,0,0,0,0,0,0,1,0,0,0,1,0,0,0,0,0
25.736720,0,0,0,0,1,0,1,0,0,1,0,1,0,1,0,0,1,0
25.750070,0,0,0,0,0,1,0,0,0,0,0,0,0,1,1,0,0,0
25.751721,0,0,0,0,0,0,0,1,0,0,0,0,0,0,0,0,0,1
25.761318,0,1,1,0,0,0,0,0,0,1,1,0,1,0,0,1,0,0
25.775215,1,0,0,1,0,0,1,0,0,1,1,0,1,1,1,0,1,0
25.788651,0,0,0,0,1,0,0,0,0,0,0,0,0,0,0,0,0,0
25.796291,0,0,0,0,0,0,0,1,0,0,0,0,0,0,0,0,0,1
25.798460,0,0,0,0,0,1,0,0,0,0,0,0,0,1,1,0,0,0
25.802994,0,1,1,0,0,0,0,0,0,1,1,0,1,0,0,1,0,0
25.820872,1,0,0,0,0,0,0,0,1,0,0,0,1,0,0,0,0,0
25.832722,0,0,0,0,1,0,1,0,0,1,0,1,0,1,0,0,1,0
25.849679,0,0,0,0,0,1,0,0,0,0,0,0,0,1,1,0,0,0
25.850983,0,0,0,0,0,0,0,1,0,0,0,0,0,0,0,0,0,1
25.859720,0,1,1,0,0,0,0,0,0,1,1,0,1,0,0,1,0,0
25.873794,1,0,0,0,0,0,0,0,1,0,0,0,1,0,0,0,0,0
25.883500,0,0,0,0,0,0,1,0,0,1,0,1,0,1,0,0,1,0
25.886739,0,0,0,0,1,0,0,0,0,0,0,0,0,0,0,0,0,0
25.896531,0,0,0,0,0,0,0,1,0,0,0,0,0,0,0,0,0,1
25.900242,0,0,0,0,0,1,0,0,0,0,0,0,0,1,1,0,0,0
25.907364,0,1,1,0,0,0,0,0,0,1,1,0,1,0,0,1,0,0
25.924059,1,0,0,0,0,0,0,0,1,0,0,0,1,0,0,0,0,0
25.933261,0,0,0,0,1,0,1,0,0,1,0,1,0,1,0,0,1,0
25.949732,0,0,0,0,0,0,0,1,0,0,0,0,0,0,0,0,0,1
25.949951,0,0,0,0,0,1,0,0,0,0,0,0,0,1,1,0,0,0
25.954647,0,1,1,0,0,0,0,0,0,1,1,0,1,0,0,1,0,0
25.969449,1,0,0,1,0,0,1,0,0,1,1,0,1,1,1,0,1,0
25.980386,0,0,0,0,1,0,0,0,0,0,0,0,0,0,0,0,0,0
25.996205,0,0,1,0,0,0,0,0,1,0,0,0,1,0,0,0,0,0
26.000093,0,0,0,0,0,1,0,0,0,1,0,1,0,1,0,1,0,0
26.001814,0,0,0,0,0,0,0,1,0,0,0,0,0,0,0,0,0,1
26.014647,1,0,0,0,0,0,0,0,1,0,0,0,1,0,0,0,0,0
26.035966,0,0,0,0,0,0,1,0,0,1,0,1,0,1,0,0,1,0
26.038892,0,0,0,0,1,0,0,0,0,0,0,0,0,0,0,0,0,0
26.048267,0,0,0,0,0,0,0,1,0,0,0,0,0,0,0,0,0,1
26.050037,0,0,0,0,0,1,0,0,0,0,0,0,0,1,1,0,0,0
26.059265,0,1,1,0,0,0,0,0,0,1,1,0,1,0,0,1,0,0
26.072436,1,0,0,1,0,0,1,0,0,1,1,0,1,1,1,0,1,0
26.085142,0,0,0,0,1,0,0,0,0,0,0,0,0,0,0,0,0,0
26.096185,0,0,1,0,0,0,0,0,1,0,0,0,1,0,0,0,0,0
26.097551,0,0,0,0,0,0,0,1,0,0,0,0,0,0,0,0,0,1
26.101528,0,0,0,0,0,1,0,0,0,1,0,1,0,1,0,1,0,0
26.112307,1,0,0,1,0,0,1,0,0,1,1,0,1,1,1,0,1,0
26.130382,0,0,0,0,1,0,0,0,0,0,0,0,0,0,0,0,0,0
26.135042,0,0,1,0,0,0,0,0,1,0,0,0,1,0,0,0,0,0
26.150583,0,0,0,0,0,1,0,0,0,1,0,1,0,1,0,1,0,0
26.151148,0,0,0,0,0,0,0,1,0,0,0,0,0,0,0,0,0,1
26.169984,1,0,0,1,0,0,1,0,0,1,1,0,1,1,1,0,1,0
26.185987,0,0,0,0,1,0,0,0,0,0,0,0,0,0,0,0,0,0
26.192163,0,0,1,0,0,0,0,0,1,0,0,0,1,0,0,0,0,0
26.199692,0,0,0,0,0,1,0,0,0,1,0,1,0,1,0,1,0,0
26.201287,0,0,0,0,0,0,0,1,0,0,0,0,0,0,0,0,0,1
26.217874,1,0,0,1,0,0,1,0,0,1,1,0,1,1,1,0,1,0
26.238997,0,0,0,0,1,0,0,0,0,0,0,0,0,0,0,0,0,0
26.245042,0,0,1,0,0,0,0,0,1,0,0,0,1,0,0,0,0,0
26.247901,0,0,0,0,0,0,0,1,0,0,0,0,0,0,0,0,0,1
26.251711,0,0,0,0,0,1,0,0,0,1,0,1,0,1,0,1,0,0
26.267697,1,0,0,1,0,0,1,0,0,1,1,0,1,1,1,0,1,0
26.287399,0,0,0,0,1,0,0,0,0,0,0,0,0,0,0,0,0,0
26.289607,0,0,1,0,0,0,0,0,1,0,0,0,1,0,0,0,0,0
26.296343,0,0,0,0,0,0,0,1,0,0,0,0,0,0,0,0,0,1
26.299802,0,0,0,0,0,1,0,0,0,1,0,1,0,1,0,1,0,0
26.313038,1,0,0,0,0,0,0,0,1,0,0,0,1,0,0,0,0,0
26.332397,0,0,0,0,0,0,1,0,0,1,0,1,0,1,0,0,1,0
26.333805,0,0,0,0,1,0,0,0,0,0,0,0,0,0,0,0,0,0
26.348151,0,0,0,0,0,1,0,0,0,0,0,0,0,1,1,0,0,0
26.349448,0,0,0,0,0,0,0,1,0,0,0,0,0,0,0,0,0,1
26.356685,0,1,1,0,0,0,0,0,0,1,1,0,1,0,0,1,0,0
26.368050,1,0,0,1,0,0,1,0,0,1,1,0,1,1,1,0,1,0
26.389294,0,0,0,0,1,0,0,0,0,0,0,0,0,0,0,0,0,0
26.390333,0,0,1,0,0,0,0,0,1,0,0,0,1,0,0,0,0,0
26.399291,0,0,0,0,0,1,0,0,0,1,0,1,0,1,0,1,0,0
26.403485,0,0,0,0,0,0,0,1,0,0,0,0,0,0,0,0,0,1
26.415737,1,0,0,0,0,0,0,0,1,0,0,0,1,0,0,0,0,0
26.443012,0,0,0,0,1,0,0,0,0,0,0,0,0,0,0,0,0,0
26.446981,0,0,0,0,0,0,1,1,0,1,0,1,0,1,0,0,1,1
26.448506,0,0,0,0,0,1,0,0,0,0,0,0,0,1,1,0,0,0
26.467695,0,1,1,0,0,0,0,0,0,1,1,0,1,0,0,1,0,0
26.486495,1,0,0,0,0,0,0,0,1,0,0,0,1,0,0,0,0,0
26.486636,0,0,0,0,0,0,1,0,0,1,0,1,0,1,0,0,1,0
26.486777,0,0,0,0,1,0,0,0,0,0,0,0,0,0,0,0,0,0
26.498299,0,0,0,0,0,0,0,1,0,0,0,0,0,0,0,0,0,1
26.500097,0,0,0,0,0,1,0,0,0,0,0,0,0,1,1,0,0,0
26.512977,0,1,1,0,0,0,0,0,0,1,1,0,1,0,0,1,0,0
26.523385,1,0,0,0,0,0,0,0,1,0,0,0,1,0,0,0,0,0
26.537451,0,0,0,0,1,0,1,0,0,1,0,1,0,1,0,0,1,0
26.548018,0,0,0,0,0,0,0,1,0,0,0,0,0,0,0,0,0,1
26.549667,0,0,0,0,0,1,0,0,0,0,0,0,0,1,1,0,0,0
26.565776,0,1,1,0,0,0,0,0,0,1,1,0,1,0,0,1,0,0
26.576290,1,0,0,1,0,0,1,0,0,1,1,0,1,1,1,0,1,0
26.587295,0,0,0,0,1,0,0,0,0,0,0,0,0,0,0,0,0,0
26.596767,0,0,0,0,0,0,0,1,0,0,0,0,0,0,0,0,0,1
26.600624,0,0,0,0,0,1,0,0,0,0,0,0,0,1,1,0,0,0
26.601759,0,1,1,0,0,0,0,0,0,1,1,0,1,0,0,1,0,0
26.619234,1,0,0,0,0,0,0,0,1,0,0,0,1,0,0,0,0,0
26.622508,0,0,0,0,0,0,1,0,0,1,0,1,0,1,0,0,1,0
26.631090,0,0,0,0,1,0,0,0,0,0,0,0,0,0,0,0,0,0
26.648346,0,0,1,0,0,0,0,0,1,0,0,0,1,0,0,0,0,0
26.649160,0,0,0,0,0,0,0,1,0,0,0,0,0,0,0,0,0,1
26.649555,0,0,0,0,0,1,0,0,0,1,0,1,0,1,0,1,0,0
26.664016,1,0,0,1,0,0,1,0,0,1,1,0,1,1,1,0,1,0
26.685418,0,0,1,0,0,0,0,0,1,0,0,0,1,0,0,0,0,0
26.686625,0,0,0,0,1,0,0,0,0,0,0,0,0,0,0,0,0,0
26.698663,0,0,0,0,0,0,0,1,0,0,0,0,0,0,0,0,0,1
26.700187,0,0,0,0,0,1,0,0,0,1,0,1,0,1,0,1,0,0
26.710480,1,0,0,1,0,0,1,0,0,1,1,0,1,1,1,0,1,0
26.731627,0,0,0,0,1,0,0,0,0,0,0,0,0,0,0,0,0,0
26.738873,0,0,1,0,0,0,0,0,1,0,0,0,1,0,0,0,0,0
26.748201,0,0,0,0,0,0,0,1,0,0,0,0,0,0,0,0,0,1
26.750946,0,0,0,0,0,1,0,0,0,1,0,1,0,1,0,1,0,0
26.764328,1,0,0,1,0,0,1,0,0,1,1,0,1,1,1,0,1,0
26.784001,0,0,0,0,1,0,0,0,0,0,0,0,0,0,0,0,0,0
26.789246,0,0,1,0,0,0,0,0,1,0,0,0,1,0,0,0,0,0
26.798368,0,0,0,0,0,1,0,0,0,1,0,1,0,1,0,1,0,0
26.800084,0,0,0,0,0,0,0,1,0,0,0,0,0,0,0,0,0,1
26.810323,1,0,0,0,0,0,0,0,1,0,0,0,1,0,0,0,0,0
26.833816,0,0,0,0,1,0,0,0,0,0,0,0,0,0,0,0,0,0
26.847293,0,0,0,0,0,0,0,1,0,0,0,0,0,0,0,0,0,1
26.849591,0,0,0,0,0,1,1,0,0,1,0,1,0,1,0,1,0,0
26.861757,1,0,0,1,0,0,1,0,0,1,1,0,1,1,1,0,1,0
26.882744,0,0,0,0,1,0,0,0,0,0,0,0,0,0,0,0,0,0
26.887929,0,0,1,1,0,0,0,0,0,1,1,0,1,0,0,0,1,0
26.897966,0,0,0,0,0,0,0,1,0,0,0,0,0,0,0,0,0,1
26.901050,0,0,0,0,0,1,0,0,0,0,0,0,0,1,1,0,0,0
26.916038,0,1,1,0,0,0,0,0,0,1,1,0,1,0,0,1,0,0
26.931711,1,0,0,1,0,0,1,0,0,1,1,0,1,1,1,0,1,0
26.936495,0,0,0,0,1,0,0,0,0,0,0,0,0,0,0,0,0,0
26.950454,0,0,0,0,0,1,0,0,0,0,0,0,0,1,1,0,0,0
26.951550,0,0,0,0,0,0,0,1,0,0,0,0,0,0,0,0,0,1
26.953438,0,1,1,0,0,0,0,0,0,1,1,0,1,0,0,1,0,0
26.965912,1,0,0,0,0,0,0,0,1,0,0,0,1,0,0,0,0,0
26.987072,0,0,0,0,1,0,0,0,0,0,0,0,0,0,0,0,0,0
26.997325,0,0,0,0,0,0,1,0,0,1,0,1,0,1,0,0,1,0
26.998775,0,0,0,0,0,1,0,0,0,0,0,0,0,1,1,0,0,0
27.002422,0,0,0,0,0,0,0,1,0,0,0,0,0,0,0,0,0,1
27.020859,0,1,1,0,0,0,0,0,0,1,1,0,1,0,0,1,0,0
27.032278,1,0,0,0,0,0,0,0,1,0,0,0,1,0,0,0,0,0
27.041960,0,0,0,0,1,0,0,0,0,0,0,0,0,0,0,0,0,0
27.049566,0,0,0,0,0,1,1,0,0,1,0,1,0,1,0,1,0,0
27.051363,0,0,0,0,0,0,0,1,0,0,0,0,0,0,0,0,0,1
27.064907,1,0,0,1,0,0,0,0,0,1,1,0,1,0,0,0,1,0
27.090223,0,0,1,1,0,0,1,0,0,1,1,0,1,1,1,0,1,0
27.090486,0,0,0,0,1,0,0,0,0,0,0,0,0,0,0,0,0,0
27.100889,0,0,0,0,0,1,0,0,0,0,0,0,0,1,1,0,0,0
27.100901,0,0,0,0,0,0,0,1,0,0,0,0,0,0,0,0,0,1
27.118306,0,1,1,0,0,0,0,0,0,1,1,0,1,0,0,1,0,0
27.130017,1,0,0,0,0,0,0,0,1,0,0,0,1,0,0,0,0,0
27.135746,0,0,0,0,0,0,1,0,0,1,0,1,0,1,0,0,1,0
27.136788,0,0,0,0,1,0,0,0,0,0,0,0,0,0,0,0,0,0
27.148823,0,0,0,0,0,1,0,0,0,0,0,0,0,1,1,0,0,0
27.149348,0,0,0,0,0,0,0,1,0,0,0,0,0,0,0,0,0,1
27.159387,0,1,1,0,0,0,0,0,0,1,1,0,1,0,0,1,0,0
27.177884,1,0,0,1,0,0,1,0,0,1,1,0,1,1,1,0,1,0
27.185158,0,0,0,0,1,0,0,0,0,0,0,0,0,0,0,0,0,0
27.199546,0,0,0,0,0,0,0,1,0,0,0,0,0,0,0,0,0,1
27.199695,0,0,0,0,0,1,0,0,0,0,0,0,0,1,1,0,0,0
27.201339,0,1,1,0,0,0,0,0,0,1,1,0,1,0,0,1,0,0
27.215485,1,0,0,0,0,0,0,0,1,0,0,0,1,0,0,0,0,0
27.236349,0,0,0,0,1,0,1,0,0,1,0,1,0,1,0,0,1,0
27.249821,0,0,0,0,0,1,0,0,0,0,0,0,0,1,1,0,0,0
27.250796,0,0,0,0,0,0,0,1,0,0,0,0,0,0,0,0,0,1
27.260640,0,1,1,0,0,0,0,0,0,1,1,0,1,0,0,1,0,0
27.273862,1,0,0,0,0,0,0,0,1,0,0,0,1,0,0,0,0,0
27.284277,0,0,0,0,0,0,1,0,0,1,0,1,0,1,0,0,1,0
27.288135,0,0,0,0,1,0,0,0,0,0,0,0,0,0,0,0,0,0
27.296851,0,0,0,0,0,0,0,1,0,0,0,0,0,0,0,0,0,1
27.300043,0,0,0,0,0,1,0,0,0,0,0,0,0,1,1,0,0,0
27.309795,0,1,1,0,0,0,0,0,0,1,1,0,1,0,0,1,0,0
27.320290,1,0,0,0,0,0,0,0,1,0,0,0,1,0,0,0,0,0
27.329798,0,0,0,0,1,0,0,0,0,0,0,0,0,0,0,0,0,0
27.349130,0,0,0,0,0,0,1,1,0,1,0,1,0,1,0,0,1,1
27.350005,0,0,0,0,0,1,0,0,0,0,0,0,0,1,1,0,0,0
27.369907,0,1,1,0,0,0,0,0,0,1,1,0,1,0,0,1,0,0
27.385510,0,0,0,0,1,0,0,0,0,0,0,0,0,0,0,0,0,0
27.388459,1,0,0,1,0,0,1,0,0,1,1,0,1,1,1,0,1,0
27.399967,0,0,0,0,0,1,0,0,0,0,0,0,0,1,1,0,0,0
27.403013,0,0,0,0,0,0,0,1,0,0,0,0,0,0,0,0,0,1
27.416718,0,1,1,0,0,0,0,0,0,1,1,0,1,0,0,1,0,0
27.427517,1,0,0,0,0,0,0,0,1,0,0,0,1,0,0,0,0,0
27.436896,0,0,0,0,1,0,0,0,0,0,0,0,0,0,0,0,0,0
27.448875,0,0,0,0,0,1,1,0,0,1,0,1,0,1,0,0,1,0
27.449864,0,0,0,0,0,0,0,1,0,0,0,0,0,0,0,0,0,1
27.471989,0,1,1,0,0,0,0,0,0,1,1,0,1,0,0,1,0,0
27.488351,1,0,0,1,0,0,1,0,0,1,1,0,1,1,1,0,1,0
27.489296,0,0,0,0,1,0,0,0,0,0,0,0,0,0,0,0,0,0
27.496983,0,0,0,0,0,0,0,1,0,0,0,0,0,0,0,0,0,1
27.500892,0,0,0,0,0,1,0,0,0,0,0,0,0,1,1,0,0,0
27.508662,0,1,1,0,0,0,0,0,0,1,1,0,1,0,0,1,0,0
27.522698,1,0,0,1,0,0,1,0,0,1,1,0,1,1,1,0,1,0
27.536473,0,0,0,0,1,0,0,0,0,0,0,0,0,0,0,0,0,0
27.545784,0,0,1,0,0,0,0,0,1,0,0,0,1,0,0,0,0,0
27.547543,0,0,0,0,0,0,0,1,0,0,0,0,0,0,0,0,0,1
27.550389,0,0,0,0,0,1,0,0,0,1,0,1,0,1,0,1,0,0
27.568004,1,0,0,1,0,0,1,0,0,1,1,0,1,1,1,0,1,0
27.585534,0,0,0,0,1,0,0,0,0,0,0,0,0,0,0,0,0,0
27.588740,0,0,1,0,0,0,0,0,1,0,0,0,1,0,0,0,0,0
27.598852,0,0,0,0,0,1,0,0,0,1,0,1,0,1,0,1,0,0
27.601370,0,0,0,0,0,0,0,1,0,0,0,0,0,0,0,0,0,1
27.616768,1,0,0,0,0,0,0,0,1,0,0,0,1,0,0,0,0,0
27.637858,0,0,0,0,1,0,0,0,0,0,0,0,0,0,0,0,0,0
27.649545,0,0,0,0,0,1,1,0,0,1,0,1,0,1,0,0,1,0
27.651941,0,0,0,0,0,0,0,1,0,0,0,0,0,0,0,0,0,1
27.675894,0,1,1,0,0,0,0,0,0,1,1,0,1,0,0,1,0,0
27.689967,0,0,0,0,1,0,0,0,0,0,0,0,0,0,0,0,0,0
27.695855,1,0,0,1,0,0,1,0,0,1,1,0,1,1,1,0,1,0
27.698466,0,0,0,0,0,0,0,1,0,0,0,0,0,0,0,0,0,1
27.698546,0,0,0,0,0,1,0,0,0,0,0,0,0,1,1,0,0,0
27.723457,0,1,1,0,0,0,0,0,0,1,1,0,1,0,0,1,0,0
27.731473,0,0,0,0,1,0,0,0,0,0,0,0,0,0,0,0,0,0
27.736681,1,0,0,0,0,0,0,0,1,0,0,0,1,0,0,0,0,0
27.738239,0,0,0,0,0,0,1,0,0,1,0,1,0,1,0,0,1,0
27.747714,0,0,0,0,0,0,0,1,0,0,0,0,0,0,0,0,0,1
27.750787,0,0,0,0,0,1,0,0,0,0,0,0,0,1,1,0,0,0
27.765343,0,1,1,0,0,0,0,0,0,1,1,0,1,0,0,1,0,0
27.778724,1,0,0,0,0,0,0,0,1,0,0,0,1,0,0,0,0,0
27.779910,0,0,0,0,0,0,1,0,0,1,0,1,0,1,0,0,1,0
27.781128,0,0,0,0,1,0,0,0,0,0,0,0,0,0,0,0,0,0
27.798869,0,0,0,0,0,0,0,1,0,0,0,0,0,0,0,0,0,1
27.801448,0,0,0,0,0,1,0,0,0,0,0,0,0,1,1,0,0,0
27.806050,0,1,1,0,0,0,0,0,0,1,1,0,1,0,0,1,0,0
27.822411,1,0,0,1,0,0,1,0,0,1,1,0,1,1,1,0,1,0
27.833377,0,0,0,0,1,0,0,0,0,0,0,0,0,0,0,0,0,0
27.843270,0,0,1,0,0,0,0,0,1,0,0,0,1,0,0,0,0,0
27.850284,0,0,0,0,0,1,0,0,0,1,0,1,0,1,0,1,0,0
27.852102,0,0,0,0,0,0,0,1,0,0,0,0,0,0,0,0,0,1
27.863619,1,0,0,1,0,0,1,0,0,1,1,0,1,1,1,0,1,0
27.886294,0,0,0,0,1,0,0,0,0,0,0,0,0,0,0,0,0,0
27.887973,0,0,1,0,0,0,0,0,1,0,0,0,1,0,0,0,0,0
27.901056,0,0,0,0,0,1,0,0,0,1,0,1,0,1,0,1,0,0
27.903649,0,0,0,0,0,0,0,1,0,0,0,0,0,0,0,0,0,1
27.911170,1,0,0,0,0,0,0,0,1,0,0,0,1,0,0,0,0,0
27.929508,0,0,0,0,0,0,1,0,0,1,0,1,0,1,0,0,1,0
27.942491,0,0,0,0,1,0,0,0,0,0,0,0,0,0,0,0,0,0
27.950045,0,0,0,0,0,1,0,0,0,0,0,0,0,1,1,0,0,0
27.951229,0,0,0,0,0,0,0,1,0,0,0,0,0,0,0,0,0,1
27.951713,0,1,1,0,0,0,0,0,0,1,1,0,1,0,0,1,0,0
27.970940,1,0,0,0,0,0,0,0,1,0,0,0,1,0,0,0,0,0
27.988452,0,0,0,0,0,0,1,0,0,1,0,1,0,1,0,0,1,0
27.990773,0,0,0,0,1,0,0,0,0,0,0,0,0,0,0,0,0,0
27.999115,0,0,0,0,0,1,0,0,0,0,0,0,0,1,1,0,0,0
28.001980,0,0,0,0,0,0,0,1,0,0,0,0,0,0,0,0,0,1
28.013588,0,1,1,0,0,0,0,0,0,1,1,0,1,0,0,1,0,0
28.028282,1,0,0,0,0,0,0,0,1,0,0,0,1,0,0,0,0,0
28.037841,0,0,0,0,1,0,0,0,0,0,0,0,0,0,0,0,0,0
28.047264,0,0,0,0,0,0,1,1,0,1,0,1,0,1,0,0,1,1
28.050480,0,0,0,0,0,1,0,0,0,0,0,0,0,1,1,0,0,0
28.073418,0,1,1,0,0,0,0,0,0,1,1,0,1,0,0,1,0,0
28.085537,1,0,0,1,0,0,1,0,0,1,1,0,1,1,1,0,1,0
28.085704,0,0,0,0,1,0,0,0,0,0,0,0,0,0,0,0,0,0
28.098076,0,0,0,0,0,0,0,1,0,0,0,0,0,0,0,0,0,1
28.099827,0,0,0,0,0,1,0,0,0,0,0,0,0,1,1,0,0,0
28.109187,0,1,1,0,0,0,0,0,0,1,1,0,1,0,0,1,0,0
28.121965,1,0,0,1,0,0,1,0,0,1,1,0,1,1,1,0,1,0
28.133193,0,0,0,0,1,0,0,0,0,0,0,0,0,0,0,0,0,0
28.147651,0,0,1,0,0,0,0,0,1,0,0,0,1,0,0,0,0,0
28.149361,0,0,0,0,0,0,0,1,0,0,0,0,0,0,0,0,0,1
28.149778,0,0,0,0,0,1,0,0,0,1,0,1,0,1,0,1,0,0
28.163087,1,0,0,0,0,0,0,0,1,0,0,0,1,0,0,0,0,0
28.180205,0,0,0,0,1,0,0,0,0,0,0,0,0,0,0,0,0,0
28.185753,0,0,0,0,0,0,1,0,0,1,0,1,0,1,0,0,1,0
28.199537,0,0,0,0,0,0,0,1,0,0,0,0,0,0,0,0,0,1
28.200362,0,0,0,0,0,1,0,0,0,0,0,0,0,1,1,0,0,0
28.212846,0,1,1,0,0,0,0,0,0,1,1,0,1,0,0,1,0,0
28.224235,1,0,0,1,0,0,1,0,0,1,1,0,1,1,1,0,1,0
28.234987,0,0,0,0,1,0,0,0,0,0,0,0,0,0,0,0,0,0
28.247957,0,0,1,0,0,0,0,0,1,0,0,0,1,0,0,0,0,0
28.249379,0,0,0,0,0,0,0,1,0,0,0,0,0,0,0,0,0,1
28.250114,0,0,0,0,0,1,0,0,0,1,0,1,0,1,0,1,0,0
28.264710,1,0,0,0,0,0,0,0,1,0,0,0,1,0,0,0,0,0
28.281049,0,0,0,0,0,0,1,0,0,1,0,1,0,1,0,0,1,0
28.284137,0,0,0,0,1,0,0,0,0,0,0,0,0,0,0,0,0,0
28.297184,0,0,0,0,0,0,0,1,0,0,0,0,0,0,0,0,0,1
28.299737,0,0,0,0,0,1,0,0,0,0,0,0,0,1,1,0,0,0
28.303075,0,1,1,0,0,0,0,0,0,1,1,0,1,0,0,1,0,0
28.322678,1,0,0,1,0,0,1,0,0,1,1,0,1,1,1,0,1,0
28.336337,0,0,0,0,1,0,0,0,0,0,0,0,0,0,0,0,0,0
28.344369,0,0,1,0,0,0,0,0,1,0,0,0,1,0,0,0,0,0
28.348555,0,0,0,0,0,1,0,0,0,1,0,1,0,1,0,1,0,0
28.351422,0,0,0,0,0,0,0,1,0,0,0,0,0,0,0,0,0,1
28.365560,1,0,0,1,0,0,1,0,0,1,1,0,1,1,1,0,1,0
28.383289,0,0,0,0,1,0,0,0,0,0,0,0,0,0,0,0,0,0
28.388761,0,0,1,0,0,0,0,0,1,0,0,0,1,0,0,0,0,0
28.399712,0,0,0,0,0,1,0,0,0,1,0,1,0,1,0,1,0,0
28.402627,0,0,0,0,0,0,0,1,0,0,0,0,0,0,0,0,0,1
28.411868,1,0,0,0,0,0,0,0,1,0,0,0,1,0,0,0,0,0
28.436365,0,0,0,0,1,0,1,0,0,1,0,1,0,1,0,0,1,0
28.449159,0,0,0,0,0,1,0,0,0,0,0,0,0,1,1,0,0,0
28.449850,0,0,0,0,0,0,0,1,0,0,0,0,0,0,0,0,0,1
28.458850,0,1,1,0,0,0,0,0,0,1,1,0,1,0,0,1,0,0
28.471394,1,0,0,1,0,0,1,0,0,1,1,0,1,1,1,0,1,0
28.486160,0,0,0,0,1,0,0,0,0,0,0,0,0,0,0,0,0,0
28.499502,0,0,1,0,0,0,0,0,1,0,0,0,1,0,0,0,0,0
28.500305,0,0,0,0,0,1,0,0,0,1,0,1,0,1,0,1,0,0
28.502834,0,0,0,0,0,0,0,1,0,0,0,0,0,0,0,0,0,1
28.517212,1,0,0,1,0,0,1,0,0,1,1,0,1,1,1,0,1,0
28.539417,0,0,0,0,1,0,0,0,0,0,0,0,0,0,0,0,0,0
28.544691,0,0,1,0,0,0,0,0,1,0,0,0,1,0,0,0,0,0
28.549431,0,0,0,0,0,1,0,0,0,1,0,1,0,1,0,1,0,0
28.549866,0,0,0,0,0,0,0,1,0,0,0,0,0,0,0,0,0,1
28.564466,1,0,0,1,0,0,1,0,0,1,1,0,1,1,1,0,1,0
28.582682,0,0,0,0,1,0,0,0,0,0,0,0,0,0,0,0,0,0
28.587002,0,0,1,0,0,0,0,0,1,0,0,0,1,0,0,0,0,0
28.598206,0,0,0,0,0,0,0,1,0,0,0,0,0,0,0,0,0,1
28.601926,0,0,0,0,0,1,0,0,0,1,0,1,0,1,0,1,0,0
28.618200,1,0,0,1,0,0,1,0,0,1,1,0,1,1,1,0,1,0
28.636773,0,0,0,0,1,0,0,0,0,0,0,0,0,0,0,0,0,0
28.639561,0,0,1,0,0,0,0,0,1,0,0,0,1,0,0,0,0,0
28.648808,0,0,0,0,0,0,0,1,0,0,0,0,0,0,0,0,0,1
28.649563,0,0,0,0,0,1,0,0,0,1,0,1,0,1,0,1,0,0
28.664289,1,0,0,1,0,0,1,0,0,1,1,0,1,1,1,0,1,0
28.680429,0,0,0,0,1,0,0,0,0,0,0,0,0,0,0,0,0,0
28.687113,0,0,1,0,0,0,0,0,1,0,0,0,1,0,0,0,0,0
28.696691,0,0,0,0,0,0,0,1,0,0,0,0,0,0,0,0,0,1
28.699666,0,0,0,0,0,1,0,0,0,1,0,1,0,1,0,1,0,0
28.711558,1,0,0,0,0,0,0,0,1,0,0,0,1,0,0,0,0,0
28.736573,0,0,0,0,1,0,1,0,0,1,0,1,0,1,0,0,1,0
28.748358,0,0,0,0,0,0,0,1,0,0,0,0,0,0,0,0,0,1
28.751220,0,0,0,0,0,1,0,0,0,0,0,0,0,1,1,0,0,0
28.764541,0,1,1,0,0,0,0,0,0,1,1,0,1,0,0,1,0,0
28.778809,0,0,0,0,1,0,0,0,0,0,0,0,0,0,0,0,0,0
28.780512,1,0,0,0,0,0,0,0,1,0,0,0,1,0,0,0,0,0
28.796129,0,0,0,0,0,0,0,1,0,0,0,0,0,0,0,0,0,1
28.799800,0,0,0,0,0,1,0,0,0,1,0,1,0,1,0,1,0,0
28.805728,0,0,0,0,0,0,1,0,0,0,0,0,0,1,1,0,0,0
28.815581,1,0,0,1,0,0,0,0,0,1,1,0,1,0,0,0,1,0
28.835477,0,0,0,0,1,0,1,0,0,0,0,0,0,1,1,0,0,0
28.838413,0,0,1,1,0,0,0,0,0,1,1,0,1,0,0,0,1,0
28.848583,0,0,0,0,0,0,0,1,0,0,0,0,0,0,0,0,0,1
28.850834,0,0,0,0,0,1,0,0,0,0,0,0,0,1,1,0,0,0
28.863464,0,1,1,0,0,0,0,0,0,1,1,0,1,0,0,1,0,0
28.882834,1,0,0,0,0,0,0,0,1,0,0,0,1,0,0,0,0,0
28.883855,0,0,0,0,0,0,1,0,0,1,0,1,0,1,0,0,1,0
28.885480,0,0,0,0,1,0,0,0,0,0,0,0,0,0,0,0,0,0
28.899030,0,0,0,0,0,0,0,1,0,0,0,0,0,0,0,0,0,1
28.900365,0,0,0,0,0,1,0,0,0,0,0,0,0,1,1,0,0,0
28.907966,0,1,1,0,0,0,0,0,0,1,1,0,1,0,0,1,0,0
28.918015,1,0,0,0,0,0,0,0,1,0,0,0,1,0,0,0,0,0
28.932373,0,0,0,0,1,0,1,0,0,1,0,1,0,1,0,0,1,0
28.949174,0,0,0,0,0,0,0,1,0,0,0,0,0,0,0,0,0,1
28.951040,0,0,0,0,0,1,0,0,0,0,0,0,0,1,1,0,0,0
28.954887,0,1,1,0,0,0,0,0,0,1,1,0,1,0,0,1,0,0
28.967721,1,0,0,0,0,0,0,0,1,0,0,0,1,0,0,0,0,0
28.983575,0,0,0,0,1,0,0,0,0,0,0,0,0,0,0,0,0,0
28.999496,0,0,0,0,0,0,1,1,0,1,0,1,0,1,0,0,1,1
28.999520,0,0,0,0,0,1,0,0,0,0,0,0,0,1,1,0,0,0
29.029119,0,1,1,0,0,0,0,0,0,1,1,0,1,0,0,1,0,0
29.032326,0,0,0,0,1,0,0,0,0,0,0,0,0,0,0,0,0,0
29.048478,1,0,0,0,0,0,0,0,1,0,0,0,1,0,0,0,0,0
29.049595,0,0,0,0,0,0,1,0,0,1,0,1,0,1,0,0,1,0
29.050648,0,0,0,0,0,1,0,0,0,0,0,0,0,1,1,0,0,0
29.051566,0,0,0,0,0,0,0,1,0,0,0,0,0,0,0,0,0,1
29.076225,0,1,1,0,0,0,0,0,0,1,1,0,1,0,0,1,0,0
29.083780,0,0,0,0,1,0,0,0,0,0,0,0,0,0,0,0,0,0
29.092740,1,0,0,1,0,0,1,0,0,1,1,0,1,1,1,0,1,0
29.101555,0,0,0,0,0,1,0,0,0,0,0,0,0,1,1,0,0,0
29.103778,0,0,0,0,0,0,0,1,0,0,0,0,0,0,0,0,0,1
29.119525,0,1,1,0,0,0,0,0,0,1,1,0,1,0,0,1,0,0
29.137161,1,0,0,1,0,0,1,0,0,1,1,0,1,1,1,0,1,0
29.140314,0,0,0,0,1,0,0,0,0,0,0,0,0,0,0,0,0,0
29.146800,0,0,0,0,0,0,0,1,0,0,0,0,0,0,0,0,0,1
29.149670,0,0,0,0,0,1,0,0,0,0,0,0,0,1,1,0,0,0
29.161023,0,1,1,0,0,0,0,0,0,1,1,0,1,0,0,1,0,0
29.177411,1,0,0,0,0,0,0,0,1,0,0,0,1,0,0,0,0,0
29.181220,0,0,0,0,1,0,0,0,0,0,0,0,0,0,0,0,0,0
29.200253,0,0,0,0,0,1,1,0,0,1,0,1,0,1,0,0,1,0
29.201614,0,0,0,0,0,0,0,1,0,0,0,0,0,0,0,0,0,1
29.220393,0,1,1,0,0,0,0,0,0,1,1,0,1,0,0,1,0,0
29.234915,1,0,0,0,0,0,0,0,1,0,0,0,1,0,0,0,0,0
29.241087,0,0,0,0,1,0,1,0,0,1,0,1,0,1,0,0,1,0
29.246945,0,0,0,0,0,0,0,1,0,0,0,0,0,0,0,0,0,1
29.248365,0,0,0,0,0,1,0,0,0,0,0,0,0,1,1,0,0,0
29.263234,0,1,1,0,0,0,0,0,0,1,1,0,1,0,0,1,0,0
29.281066,1,0,0,1,0,0,1,0,0,1,1,0,1,1,1,0,1,0
29.285705,0,0,0,0,1,0,0,0,0,0,0,0,0,0,0,0,0,0
29.300076,0,0,0,0,0,0,0,1,0,0,0,0,0,0,0,0,0,1
29.300480,0,0,0,0,0,1,0,0,0,0,0,0,0,1,1,0,0,0
29.305716,0,1,1,0,0,0,0,0,0,1,1,0,1,0,0,1,0,0
29.316830,1,0,0,0,0,0,0,0,1,0,0,0,1,0,0,0,0,0
29.323791,0,0,0,0,0,0,1,0,0,1,0,1,0,1,0,0,1,0
29.333488,0,0,0,0,1,0,0,0,0,0,0,0,0,0,0,0,0,0
29.349084,0,0,0,0,0,1,0,0,0,0,0,0,0,1,1,0,0,0
29.349259,0,0,0,0,0,0,0,1,0,0,0,0,0,0,0,0,0,1
29.351399,0,1,1,0,0,0,0,0,0,1,1,0,1,0,0,1,0,0
29.363869,1,0,0,0,0,0,0,0,1,0,0,0,1,0,0,0,0,0
29.385224,0,0,0,0,1,0,1,0,0,1,0,1,0,1,0,0,1,0
29.400821,0,0,0,0,0,0,0,1,0,0,0,0,0,0,0,0,0,1
29.400823,0,0,0,0,0,1,0,0,0,0,0,0,0,1,1,0,0,0
29.408686,0,1,1,0,0,0,0,0,0,1,1,0,1,0,0,1,0,0
29.427752,1,0,0,1,0,0,1,0,0,1,1,0,1,1,1,0,1,0
29.439301,0,0,0,0,1,0,0,0,0,0,0,0,0,0,0,0,0,0
29.448299,0,0,0,0,0,1,0,0,0,0,0,0,0,1,1,0,0,0
29.450757,0,0,0,0,0,0,0,1,0,0,0,0,0,0,0,0,0,1
29.455071,0,1,1,0,0,0,0,0,0,1,1,0,1,0,0,1,0,0
29.466345,1,0,0,1,0,0,1,0,0,1,1,0,1,1,1,0,1,0
29.482547,0,0,0,0,1,0,0,0,0,0,0,0,0,0,0,0,0,0
29.487769,0,0,1,0,0,0,0,0,1,0,0,0,1,0,0,0,0,0
29.497806,0,0,0,0,0,0,0,1,0,0,0,0,0,0,0,0,0,1
29.500373,0,0,0,0,0,1,0,0,0,1,0,1,0,1,0,1,0,0
29.513358,1,0,0,1,0,0,1,0,0,1,1,0,1,1,1,0,1,0
29.535471,0,0,0,0,1,0,0,0,0,0,0,0,0,0,0,0,0,0
29.537223,0,0,1,0,0,0,0,0,1,0,0,0,1,0,0,0,0,0
29.549885,0,0,0,0,0,1,0,0,0,1,0,1,0,1,0,1,0,0
29.550524,0,0,0,0,0,0,0,1,0,0,0,0,0,0,0,0,0,1
29.562416,1,0,0,1,0,0,1,0,0,1,1,0,1,1,1,0,1,0
29.585134,0,0,0,0,1,0,0,0,0,0,0,0,0,0,0,0,0,0
29.586230,0,0,1,0,0,0,0,0,1,0,0,0,1,0,0,0,0,0
29.598231,0,0,0,0,0,0,0,1,0,0,0,0,0,0,0,0,0,1
29.598857,0,0,0,0,0,1,0,0,0,1,0,1,0,1,0,1,0,0
29.609172,1,0,0,1,0,0,1,0,0,1,1,0,1,1,1,0,1,0
29.632189,0,0,1,0,0,0,0,0,1,0,0,0,1,0,0,0,0,0
29.633468,0,0,0,0,1,0,0,0,0,0,0,0,0,0,0,0,0,0
29.648993,0,0,0,0,0,1,0,0,0,1,0,1,0,1,0,1,0,0
29.650986,0,0,0,0,0,0,0,1,0,0,0,0,0,0,0,0,0,1
29.659514,1,0,0,1,0,0,1,0,0,1,1,0,1,1,1,0,1,0
29.682628,0,0,0,0,1,0,0,0,0,0,0,0,0,0,0,0,0,0
29.683072,0,0,1,0,0,0,0,0,1,0,0,0,1,0,0,0,0,0
29.698564,0,0,0,0,0,1,0,0,0,1,0,1,0,1,0,1,0,0
29.698802,0,0,0,0,0,0,0,1,0,0,0,0,0,0,0,0,0,1
29.710298,1,0,0,1,0,0,1,0,0,1,1,0,1,1,1,0,1,0
29.733269,0,0,1,0,0,0,0,0,1,0,0,0,1,0,0,0,0,0
29.738732,0,0,0,0,1,0,0,0,0,0,0,0,0,0,0,0,0,0
29.748796,0,0,0,0,0,0,0,1,0,0,0,0,0,0,0,0,0,1
29.749221,0,0,0,0,0,1,0,0,0,1,0,1,0,1,0,1,0,0
29.765925,1,0,0,1,0,0,1,0,0,1,1,0,1,1,1,0,1,0
29.786865,0,0,1,0,0,0,0,0,1,0,0,0,1,0,0,0,0,0
29.787994,0,0,0,0,1,0,0,0,0,0,0,0,0,0,0,0,0,0
29.799649,0,0,0,0,0,1,0,0,0,1,0,1,0,1,0,1,0,0
29.800044,0,0,0,0,0,0,0,1,0,0,0,0,0,0,0,0,0,1
29.811534,1,0,0,1,0,0,1,0,0,1,1,0,1,1,1,0,1,0
29.832581,0,0,1,0,0,0,0,0,1,0,0,0,1,0,0,0,0,0
29.835890,0,0,0,0,1,0,0,0,0,0,0,0,0,0,0,0,0,0
29.849078,0,0,0,0,0,1,0,0,0,1,0,1,0,1,0,1,0,0
29.849738,0,0,0,0,0,0,0,1,0,0,0,0,0,0,0,0,0,1
29.866294,1,0,0,1,0,0,1,0,0,1,1,0,1,1,1,0,1,0
29.887529,0,0,0,0,1,0,0,0,0,0,0,0,0,0,0,0,0,0
29.895714,0,0,1,0,0,0,0,0,1,0,0,0,1,0,0,0,0,0
29.899660,0,0,0,0,0,1,0,0,0,1,0,1,0,1,0,1,0,0
29.901139,0,0,0,0,0,0,0,1,0,0,0,0,0,0,0,0,0,1
29.918029,1,0,0,1,0,0,1,0,0,1,1,0,1,1,1,0,1,0
29.936570,0,0,0,0,1,0,0,0,0,0,0,0,0,0,0,0,0,0
29.947880,0,0,1,0,0,0,0,0,1,0,0,0,1,0,0,0,0,0
29.949431,0,0,0,0,0,1,0,0,0,1,0,1,0,1,0,1,0,0
29.952376,0,0,0,0,0,0,0,1,0,0,0,0,0,0,0,0,0,1
29.964161,1,0,0,0,0,0,0,0,1,0,0,0,1,0,0,0,0,0
29.970879,0,0,0,0,0,0,1,0,0,1,0,1,0,1,0,0,1,0
29.989749,0,0,0,0,1,0,0,0,0,0,0,0,0,0,0,0,0,0
29.995530,0,0,1,0,0,0,0,0,1,0,0,0,1,0,0,0,0,0
29.997446,0,0,0,0,0,0,0,1,0,0,0,0,0,0,0,0,0,1
29.999837,0,0,0,0,0,1,0,0,0,1,0,1,0,1,0,1,0,0
30.014584,1,0,0,1,0,0,1,0,0,1,1,0,1,1,1,0,1,0
30.030427,0,0,0,0,1,0,0,0,0,0,0,0,0,0,0,0,0,0
30.040483,0,0,1,0,0,0,0,0,1,0,0,0,1,0,0,0,0,0
30.048657,0,0,0,0,0,0,0,1,0,0,0,0,0,0,0,0,0,1
30.050533,0,0,0,0,0,1,0,0,0,1,0,1,0,1,0,1,0,0
30.067443,1,0,0,1,0,0,1,0,0,1,1,0,1,1,1,0,1,0
30.086681,0,0,0,0,1,0,0,0,0,0,0,0,0,0,0,0,0,0
30.090474,0,0,1,0,0,0,0,0,1,0,0,0,1,0,0,0,0,0
30.098362,0,0,0,0,0,1,0,0,0,1,0,1,0,1,0,1,0,0
30.103842,0,0,0,0,0,0,0,1,0,0,0,0,0,0,0,0,0,1
30.118115,1,0,0,0,0,0,0,0,1,0,0,0,1,0,0,0,0,0
30.119708,0,0,0,0,0,0,1,0,0,1,0,1,0,1,0,0,1,0
30.135896,0,0,0,0,1,0,0,0,0,0,0,0,0,0,0,0,0,0
30.144162,0,0,1,0,0,0,0,0,1,0,0,0,1,0,0,0,0,0
30.148153,0,0,0,0,0,0,0,1,0,0,0,0,0,0,0,0,0,1
30.150837,0,0,0,0,0,1,0,0,0,1,0,1,0,1,0,1,0,0
30.167845,1,0,0,1,0,0,1,0,0,1,1,0,1,1,1,0,1,0
30.179415,0,0,0,0,1,0,0,0,0,0,0,0,0,0,0,0,0,0
30.189205,0,0,1,0,0,0,0,0,1,0,0,0,1,0,0,0,0,0
30.199189,0,0,0,0,0,1,0,0,0,1,0,1,0,1,0,1,0,0
30.202786,0,0,0,0,0,0,0,1,0,0,0,0,0,0,0,0,0,1
30.209859,1,0,0,1,0,0,1,0,0,1,1,0,1,1,1,0,1,0
30.234867,0,0,0,0,1,0,0,0,0,0,0,0,0,0,0,0,0,0
30.239280,0,0,1,0,0,0,0,0,1,0,0,0,1,0,0,0,0,0
30.249350,0,0,0,0,0,1,0,0,0,1,0,1,0,1,0,1,0,0
30.253935,0,0,0,0,0,0,0,1,0,0,0,0,0,0,0,0,0,1
30.259743,1,0,0,1,0,0,1,0,0,1,1,0,1,1,1,0,1,0
30.283982,0,0,1,0,0,0,0,0,1,0,0,0,1,0,0,0,0,0
30.292262,0,0,0,0,1,0,0,0,0,0,0,0,0,0,0,0,0,0
30.296270,0,0,0,0,0,0,0,1,0,0,0,0,0,0,0,0,0,1
30.299035,0,0,0,0,0,1,0,0,0,1,0,1,0,1,0,1,0,0
30.311473,1,0,0,1,0,0,1,0,0,1,1,0,1,1,1,0,1,0
30.329192,0,0,0,0,1,0,0,0,0,0,0,0,0,0,0,0,0,0
30.332914,0,0,1,0,0,0,0,0,1,0,0,0,1,0,0,0,0,0
30.350013,0,0,0,0,0,1,0,0,0,1,0,1,0,1,0,1,0,0
30.351080,0,0,0,0,0,0,0,1,0,0,0,0,0,0,0,0,0,1
30.368325,1,0,0,1,0,0,1,0,0,1,1,0,1,1,1,0,1,0
30.390205,0,0,1,0,0,0,0,0,1,0,0,0,1,0,0,0,0,0
30.390536,0,0,0,0,1,0,0,0,0,0,0,0,0,0,0,0,0,0
30.397044,0,0,0,0,0,0,0,1,0,0,0,0,0,0,0,0,0,1
30.401265,0,0,0,0,0,1,0,0,0,1,0,1,0,1,0,1,0,0
30.414013,1,0,0,1,0,0,1,0,0,1,1,0,1,1,1,0,1,0
30.436194,0,0,0,0,1,0,0,0,0,0,0,0,0,0,0,0,0,0
30.439013,0,0,1,0,0,0,0,0,1,0,0,0,1,0,0,0,0,0
30.449147,0,0,0,0,0,0,0,1,0,0,0,0,0,0,0,0,0,1
30.449401,0,0,0,0,0,1,0,0,0,1,0,1,0,1,0,1,0,0
30.462202,1,0,0,1,0,0,1,0,0,1,1,0,1,1,1,0,1,0
30.483659,0,0,1,0,0,0,0,0,1,0,0,0,1,0,0,0,0,0
30.484504,0,0,0,0,1,0,0,0,0,0,0,0,0,0,0,0,0,0
30.499071,0,0,0,0,0,1,0,0,0,1,0,1,0,1,0,1,0,0
30.499507,0,0,0,0,0,0,0,1,0,0,0,0,0,0,0,0,0,1
30.512389,1,0,0,0,0,0,0,0,1,0,0,0,1,0,0,0,0,0
30.532545,0,0,0,0,1,0,1,0,0,1,0,1,0,1,0,0,1,0
30.549851,0,0,0,0,0,0,0,1,0,0,0,0,0,0,0,0,0,1
30.551101,0,0,0,0,0,1,0,0,0,0,0,0,0,1,1,0,0,0
30.559212,0,1,1,0,0,0,0,0,0,1,1,0,1,0,0,1,0,0
30.575401,1,0,0,0,0,0,0,0,1,0,0,0,1,0,0,0,0,0
30.586171,0,0,0,0,1,0,1,0,0,1,0,1,0,1,0,0,1,0
30.600242,0,0,0,0,0,1,0,0,0,0,0,0,0,1,1,0,0,0
30.603608,0,0,0,0,0,0,0,1,0,0,0,0,0,0,0,0,0,1
30.614087,0,1,1,0,0,0,0,0,0,1,1,0,1,0,0,1,0,0
30.624658,1,0,0,1,0,0,1,0,0,1,1,0,1,1,1,0,1,0
30.643295,0,0,0,0,1,0,0,0,0,0,0,0,0,0,0,0,0,0
30.649098,0,0,0,0,0,0,0,1,0,0,0,0,0,0,0,0,0,1
30.649977,0,0,0,0,0,1,0,0,0,0,0,0,0,1,1,0,0,0
30.650264,0,1,1,0,0,0,0,0,0,1,1,0,1,0,0,1,0,0
30.666358,1,0,0,1,0,0,1,0,0,1,1,0,1,1,1,0,1,0
30.680520,0,0,0,0,1,0,0,0,0,0,0,0,0,0,0,0,0,0
30.688054,0,0,1,0,0,0,0,0,1,0,0,0,1,0,0,0,0,0
30.700498,0,0,0,0,0,0,0,1,0,0,0,0,0,0,0,0,0,1
30.701355,0,0,0,0,0,1,0,0,0,1,0,1,0,1,0,1,0,0
30.717780,1,0,0,1,0,0,1,0,0,1,1,0,1,1,1,0,1,0
30.738558,0,0,0,0,1,0,0,0,0,0,0,0,0,0,0,0,0,0
30.747376,0,0,1,0,0,0,0,0,1,0,0,0,1,0,0,0,0,0
30.750519,0,0,0,0,0,1,0,0,0,1,0,1,0,1,0,1,0,0
30.750757,0,0,0,0,0,0,0,1,0,0,0,0,0,0,0,0,0,1
30.765686,1,0,0,1,0,0,1,0,0,1,1,0,1,1,1,0,1,0
30.787855,0,0,1,0,0,0,0,0,1,0,0,0,1,0,0,0,0,0
30.789743,0,0,0,0,1,0,0,0,0,0,0,0,0,0,0,0,0,0
30.799605,0,0,0,0,0,0,0,1,0,0,0,0,0,0,0,0,0,1
30.799655,0,0,0,0,0,1,0,0,0,1,0,1,0,1,0,1,0,0
30.810242,1,0,0,0,0,0,0,0,1,0,0,0,1,0,0,0,0,0
30.831784,0,0,0,0,1,0,0,0,0,0,0,0,0,0,0,0,0,0
30.848276,0,0,0,0,0,0,1,1,0,1,0,1,0,1,0,0,1,1
30.850040,0,0,0,0,0,1,0,0,0,0,0,0,0,1,1,0,0,0
30.873750,0,1,1,0,0,0,0,0,0,1,1,0,1,0,0,1,0,0
30.884102,1,0,0,0,0,0,0,0,1,0,0,0,1,0,0,0,0,0
30.884190,0,0,0,0,0,0,1,0,0,1,0,1,0,1,0,0,1,0
30.884279,0,0,0,0,1,0,0,0,0,0,0,0,0,0,0,0,0,0
30.901060,0,0,0,0,0,1,0,0,0,0,0,0,0,1,1,0,0,0
30.903290,0,0,0,0,0,0,0,1,0,0,0,0,0,0,0,0,0,1
30.908613,0,1,1,0,0,0,0,0,0,1,1,0,1,0,0,1,0,0
30.924742,1,0,0,1,0,0,1,0,0,1,1,0,1,1,1,0,1,0
30.938223,0,0,0,0,1,0,0,0,0,0,0,0,0,0,0,0,0,0
30.945028,0,0,1,0,0,0,0,0,1,0,0,0,1,0,0,0,0,0
30.949920,0,0,0,0,0,1,0,0,0,1,0,1,0,1,0,1,0,0
30.951872,0,0,0,0,0,0,0,1,0,0,0,0,0,0,0,0,0,1
30.965415,1,0,0,0,0,0,0,0,1,0,0,0,1,0,0,0,0,0
30.989041,0,0,0,0,1,0,0,0,0,0,0,0,0,0,0,0,0,0
30.998099,0,0,0,0,0,1,1,0,0,1,0,1,0,1,0,1,0,0
31.002420,0,0,0,0,0,0,0,1,0,0,0,0,0,0,0,0,0,1
31.009170,1,0,0,1,0,0,0,0,0,1,1,0,1,0,0,0,1,0
31.035652,0,0,1,0,0,0,0,0,1,0,0,0,1,0,0,0,0,0
31.037606,0,0,0,0,1,0,1,0,0,1,0,1,0,1,0,0,1,0
31.050312,0,0,0,0,0,1,0,0,0,0,0,0,0,1,1,0,0,0
31.051612,0,0,0,0,0,0,0,1,0,0,0,0,0,0,0,0,0,1
31.058635,0,1,1,0,0,0,0,0,0,1,1,0,1,0,0,1,0,0
31.075967,1,0,0,0,0,0,0,0,1,0,0,0,1,0,0,0,0,0
31.086476,0,0,0,0,1,0,1,0,0,1,0,1,0,1,0,0,1,0
31.099903,0,0,0,0,0,1,0,0,0,0,0,0,0,1,1,0,0,0
31.101905,0,0,0,0,0,0,0,1,0,0,0,0,0,0,0,0,0,1
31.114239,0,1,1,0,0,0,0,0,0,1,1,0,1,0,0,1,0,0
31.124883,1,0,0,0,0,0,0,0,1,0,0,0,1,0,0,0,0,0
31.139097,0,0,0,0,1,0,0,0,0,0,0,0,0,0,0,0,0,0
31.146571,0,0,0,0,0,0,0,1,0,0,0,0,0,0,0,0,0,1
31.147743,0,0,0,0,0,0,1,0,0,1,0,1,0,1,0,0,1,0
31.149126,0,0,0,0,0,1,0,0,0,0,0,0,0,1,1,0,0,0
31.177521,0,1,1,0,0,0,0,0,0,1,1,0,1,0,0,1,0,0
31.183829,0,0,0,0,1,0,0,0,0,0,0,0,0,0,0,0,0,0
31.196965,1,0,0,1,0,0,1,0,0,1,1,0,1,1,1,0,1,0
31.199710,0,0,0,0,0,0,0,1,0,0,0,0,0,0,0,0,0,1
31.201121,0,0,0,0,0,1,0,0,0,0,0,0,0,1,1,0,0,0
31.220264,0,1,1,0,0,0,0,0,0,1,1,0,1,0,0,1,0,0
31.234302,0,0,0,0,1,0,0,0,0,0,0,0,0,0,0,0,0,0
31.236995,1,0,0,1,0,0,1,0,0,1,1,0,1,1,1,0,1,0
31.250261,0,0,0,0,0,0,0,1,0,0,0,0,0,0,0,0,0,1
31.250495,0,0,0,0,0,1,0,0,0,0,0,0,0,1,1,0,0,0
31.262425,0,1,1,0,0,0,0,0,0,1,1,0,1,0,0,1,0,0
31.272552,1,0,0,1,0,0,1,0,0,1,1,0,1,1,1,0,1,0
31.284203,0,0,0,0,1,0,0,0,0,0,0,0,0,0,0,0,0,0
31.299457,0,0,0,0,0,0,0,1,0,0,0,0,0,0,0,0,0,1
31.299968,0,0,0,0,0,1,0,0,0,0,0,0,0,1,1,0,0,0
31.300635,0,1,1,0,0,0,0,0,0,1,1,0,1,0,0,1,0,0
31.318272,1,0,0,0,0,0,0,0,1,0,0,0,1,0,0,0,0,0
31.325372,0,0,0,0,0,0,1,0,0,1,0,1,0,1,0,0,1,0
31.338270,0,0,0,0,1,0,0,0,0,0,0,0,0,0,0,0,0,0
31.346171,0,0,0,0,0,0,0,1,0,0,0,0,0,0,0,0,0,1
31.347029,0,0,1,0,0,0,0,0,1,0,0,0,1,0,0,0,0,0
31.350668,0,0,0,0,0,1,0,0,0,1,0,1,0,1,0,1,0,0
31.361327,1,0,0,0,0,0,0,0,1,0,0,0,1,0,0,0,0,0
31.374613,0,0,0,0,0,0,1,0,0,1,0,1,0,1,0,0,1,0
31.384665,0,0,0,0,1,0,0,0,0,0,0,0,0,0,0,0,0,0
31.394922,0,0,1,0,0,0,0,0,1,0,0,0,1,0,0,0,0,0
31.399809,0,0,0,0,0,1,0,0,0,1,0,1,0,1,0,1,0,0
31.402519,0,0,0,0,0,0,0,1,0,0,0,0,0,0,0,0,0,1
31.416686,1,0,0,1,0,0,1,0,0,1,1,0,1,1,1,0,1,0
31.436843,0,0,0,0,1,0,0,0,0,0,0,0,0,0,0,0,0,0
31.437528,0,0,1,0,0,0,0,0,1,0,0,0,1,0,0,0,0,0
31.451073,0,0,0,0,0,1,0,0,0,1,0,1,0,1,0,1,0,0
31.453257,0,0,0,0,0,0,0,1,0,0,0,0,0,0,0,0,0,1
31.462588,1,0,0,0,0,0,0,0,1,0,0,0,1,0,0,0,0,0
31.483139,0,0,0,0,0,0,1,0,0,1,0,1,0,1,0,0,1,0
31.490055,0,0,0,0,1,0,0,0,0,0,0,0,0,0,0,0,0,0
31.499568,0,0,0,0,0,0,0,1,0,0,0,0,0,0,0,0,0,1
31.499883,0,0,0,0,0,1,0,0,0,0,0,0,0,1,1,0,0,0
31.505544,0,1,1,0,0,0,0,0,0,1,1,0,1,0,0,1,0,0
31.519863,1,0,0,0,0,0,0,0,1,0,0,0,1,0,0,0,0,0
31.523819,0,0,0,0,0,0,1,0,0,1,0,1,0,1,0,0,1,0
31.534547,0,0,0,0,1,0,0,0,0,0,0,0,0,0,0,0,0,0
31.546497,0,0,1,0,0,0,0,0,1,0,0,0,1,0,0,0,0,0
31.550934,0,0,0,0,0,1,0,0,0,1,0,1,0,1,0,1,0,0
31.552589,0,0,0,0,0,0,0,1,0,0,0,0,0,0,0,0,0,1
31.563484,1,0,0,1,0,0,1,0,0,1,1,0,1,1,1,0,1,0
31.584205,0,0,1,0,0,0,0,0,1,0,0,0,1,0,0,0,0,0
31.586804,0,0,0,0,1,0,0,0,0,0,0,0,0,0,0,0,0,0
31.599384,0,0,0,0,0,1,0,0,0,1,0,1,0,1,0,1,0,0
31.603211,0,0,0,0,0,0,0,1,0,0,0,0,0,0,0,0,0,1
31.611693,1,0,0,0,0,0,0,0,1,0,0,0,1,0,0,0,0,0
31.635544,0,0,0,0,1,0,1,0,0,1,0,1,0,1,0,0,1,0
31.650898,0,0,0,0,0,1,0,0,0,0,0,0,0,1,1,0,0,0
31.652832,0,0,0,0,0,0,0,1,0,0,0,0,0,0,0,0,0,1
31.659240,0,1,1,0,0,0,0,0,0,1,1,0,1,0,0,1,0,0
31.669839,1,0,0,0,0,0,0,0,1,0,0,0,1,0,0,0,0,0
31.689705,0,0,0,0,1,0,0,0,0,0,0,0,0,0,0,0,0,0
31.694113,0,0,0,0,0,0,1,0,0,1,0,1,0,1,0,0,1,0
31.698997,0,0,0,0,0,1,0,0,0,0,0,0,0,1,1,0,0,0
31.700848,0,0,0,0,0,0,0,1,0,0,0,0,0,0,0,0,0,1
31.720093,0,1,1,0,0,0,0,0,0,1,1,0,1,0,0,1,0,0
31.736940,1,0,0,1,0,0,1,0,0,1,1,0,1,1,1,0,1,0
31.740168,0,0,0,0,1,0,0,0,0,0,0,0,0,0,0,0,0,0
31.749717,0,0,0,0,0,1,0,0,0,0,0,0,0,1,1,0,0,0
31.750880,0,0,0,0,0,0,0,1,0,0,0,0,0,0,0,0,0,1
31.759631,0,1,1,0,0,0,0,0,0,1,1,0,1,0,0,1,0,0
31.770877,1,0,0,0,0,0,0,0,1,0,0,0,1,0,0,0,0,0
31.789090,0,0,0,0,1,0,0,0,0,0,0,0,0,0,0,0,0,0
31.797693,0,0,0,0,0,0,1,1,0,1,0,1,0,1,0,0,1,1
31.799824,0,0,0,0,0,1,0,0,0,0,0,0,0,1,1,0,0,0
31.824249,0,1,1,0,0,0,0,0,0,1,1,0,1,0,0,1,0,0
31.835518,1,0,0,1,0,0,1,0,0,1,1,0,1,1,1,0,1,0
31.836716,0,0,0,0,1,0,0,0,0,0,0,0,0,0,0,0,0,0
31.847476,0,0,0,0,0,0,0,1,0,0,0,0,0,0,0,0,0,1
31.849475,0,0,0,0,0,1,0,0,0,0,0,0,0,1,1,0,0,0
31.856563,0,1,1,0,0,0,0,0,0,1,1,0,1,0,0,1,0,0
31.875145,1,0,0,1,0,0,1,0,0,1,1,0,1,1,1,0,1,0
31.882512,0,0,0,0,1,0,0,0,0,0,0,0,0,0,0,0,0,0
31.896172,0,0,1,0,0,0,0,0,1,0,0,0,1,0,0,0,0,0
31.900790,0,0,0,0,0,1,0,0,0,1,0,1,0,1,0,1,0,0
31.901619,0,0,0,0,0,0,0,1,0,0,0,0,0,0,0,0,0,1
31.914365,1,0,0,1,0,0,1,0,0,1,1,0,1,1,1,0,1,0
31.935021,0,0,0,0,1,0,0,0,0,0,0,0,0,0,0,0,0,0
31.944114,0,0,1,0,0,0,0,0,1,0,0,0,1,0,0,0,0,0
31.947475,0,0,0,0,0,0,0,1,0,0,0,0,0,0,0,0,0,1
31.951164,0,0,0,0,0,1,0,0,0,1,0,1,0,1,0,1,0,0
31.966061,1,0,0,1,0,0,1,0,0,1,1,0,1,1,1,0,1,0
31.985950,0,0,0,0,1,0,0,0,0,0,0,0,0,0,0,0,0,0
31.987367,0,0,1,0,0,0,0,0,1,0,0,0,1,0,0,0,0,0
31.998605,0,0,0,0,0,1,0,0,0,1,0,1,0,1,0,1,0,0
32.003336,0,0,0,0,0,0,0,1,0,0,0,0,0,0,0,0,0,1
32.015914,1,0,0,0,0,0,0,0,1,0,0,0,1,0,0,0,0,0
32.027870,0,0,0,0,0,0,1,0,0,1,0,1,0,1,0,0,1,0
32.043197,0,0,0,0,1,0,0,0,0,0,0,0,0,0,0,0,0,0
32.050079,0,0,0,0,0,0,0,1,0,0,0,0,0,0,0,0,0,1
32.050546,0,0,0,0,0,1,0,0,0,0,0,0,0,1,1,0,0,0
32.057608,0,1,1,0,0,0,0,0,0,1,1,0,1,0,0,1,0,0
32.070198,1,0,0,0,0,0,0,0,1,0,0,0,1,0,0,0,0,0
32.086178,0,0,0,0,1,0,0,0,0,0,0,0,0,0,0,0,0,0
32.097201,0,0,0,0,0,0,1,1,0,1,0,1,0,1,0,0,1,1
32.099536,0,0,0,0,0,1,0,0,0,0,0,0,0,1,1,0,0,0
32.120649,0,1,1,0,0,0,0,0,0,1,1,0,1,0,0,1,0,0
32.132762,0,0,0,0,1,0,0,0,0,0,0,0,0,0,0,0,0,0
32.136351,1,0,0,1,0,0,1,0,0,1,1,0,1,1,1,0,1,0
32.146499,0,0,0,0,0,0,0,1,0,0,0,0,0,0,0,0,0,1
32.150868,0,0,0,0,0,1,0,0,0,0,0,0,0,1,1,0,0,0
32.164092,0,1,1,0,0,0,0,0,0,1,1,0,1,0,0,1,0,0
32.176527,1,0,0,1,0,0,1,0,0,1,1,0,1,1,1,0,1,0
32.181532,0,0,0,0,1,0,0,0,0,0,0,0,0,0,0,0,0,0
32.199284,0,0,1,0,0,0,0,0,1,0,0,0,1,0,0,0,0,0
32.200077,0,0,0,0,0,0,0,1,0,0,0,0,0,0,0,0,0,1
32.200217,0,0,0,0,0,1,0,0,0,1,0,1,0,1,0,1,0,0
32.214115,1,0,0,0,0,0,0,0,1,0,0,0,1,0,0,0,0,0
32.239319,0,0,0,0,1,0,1,0,0,1,0,1,0,1,0,0,1,0
32.250170,0,0,0,0,0,1,0,0,0,0,0,0,0,1,1,0,0,0
32.251957,0,0,0,0,0,0,0,1,0,0,0,0,0,0,0,0,0,1
32.265907,0,1,1,0,0,0,0,0,0,1,1,0,1,0,0,1,0,0
32.279859,1,0,0,1,0,0,1,0,0,1,1,0,1,1,1,0,1,0
32.287762,0,0,0,0,1,0,0,0,0,0,0,0,0,0,0,0,0,0
32.298202,0,0,0,0,0,0,0,1,0,0,0,0,0,0,0,0,0,1
32.299396,0,0,0,0,0,1,0,0,0,0,0,0,0,1,1,0,0,0
32.303927,0,1,1,0,0,0,0,0,0,1,1,0,1,0,0,1,0,0
32.316154,1,0,0,1,0,0,1,0,0,1,1,0,1,1,1,0,1,0
32.331356,0,0,0,0,1,0,0,0,0,0,0,0,0,0,0,0,0,0
32.338775,0,0,1,0,0,0,0,0,1,0,0,0,1,0,0,0,0,0
32.349056,0,0,0,0,0,1,0,0,0,1,0,1,0,1,0,1,0,0
32.353512,0,0,0,0,0,0,0,1,0,0,0,0,0,0,0,0,0,1
32.365086,1,0,0,1,0,0,1,0,0,1,1,0,1,1,1,0,1,0
32.390860,0,0,1,0,0,0,0,0,1,0,0,0,1,0,0,0,0,0
32.392866,0,0,0,0,1,0,0,0,0,0,0,0,0,0,0,0,0,0
32.401164,0,0,0,0,0,1,0,0,0,1,0,1,0,1,0,1,0,0
32.402073,0,0,0,0,0,0,0,1,0,0,0,0,0,0,0,0,0,1
32.418576,1,0,0,0,0,0,0,0,1,0,0,0,1,0,0,0,0,0
32.435972,0,0,0,0,1,0,1,0,0,1,0,1,0,1,0,0,1,0
32.450017,0,0,0,0,0,0,0,1,0,0,0,0,0,0,0,0,0,1
32.450996,0,0,0,0,0,1,0,0,0,0,0,0,0,1,1,0,0,0
32.460308,0,1,1,0,0,0,0,0,0,1,1,0,1,0,0,1,0,0
32.475553,1,0,0,0,0,0,0,0,1,0,0,0,1,0,0,0,0,0
32.486116,0,0,0,0,1,0,1,0,0,1,0,1,0,1,0,0,1,0
32.496489,0,0,0,0,0,0,0,1,0,0,0,0,0,0,0,0,0,1
32.499212,0,0,0,0,0,1,0,0,0,0,0,0,0,1,1,0,0,0
32.511747,0,1,1,0,0,0,0,0,0,1,1,0,1,0,0,1,0,0
32.528503,1,0,0,1,0,0,1,0,0,1,1,0,1,1,1,0,1,0
32.532591,0,0,0,0,1,0,0,0,0,0,0,0,0,0,0,0,0,0
32.550710,0,0,0,0,0,1,0,0,0,0,0,0,0,1,1,0,0,0
32.551395,0,0,0,0,0,0,0,1,0,0,0,0,0,0,0,0,0,1
32.556885,0,1,1,0,0,0,0,0,0,1,1,0,1,0,0,1,0,0
32.569956,1,0,0,0,0,0,0,0,1,0,0,0,1,0,0,0,0,0
32.589458,0,0,0,0,1,0,0,0,0,0,0,0,0,0,0,0,0,0
32.598966,0,0,0,0,0,1,1,0,0,1,0,1,0,1,0,1,0,0
32.599441,0,0,0,0,0,0,0,1,0,0,0,0,0,0,0,0,0,1
32.610628,1,0,0,1,0,0,1,0,0,1,1,0,1,1,1,0,1,0
32.631944,0,0,1,1,0,0,0,0,0,1,1,0,1,0,0,0,1,0
32.636916,0,0,0,0,1,0,0,0,0,0,0,0,0,0,0,0,0,0
32.650304,0,0,0,0,0,0,0,1,0,0,0,0,0,0,0,0,0,1
32.650559,0,0,0,0,0,1,0,0,0,0,0,0,0,1,1,0,0,0
32.652586,0,1,1,0,0,0,0,0,0,1,1,0,1,0,0,1,0,0
32.670572,1,0,0,0,0,0,0,0,1,0,0,0,1,0,0,0,0,0
32.677002,0,0,0,0,0,0,1,0,0,1,0,1,0,1,0,0,1,0
32.686361,0,0,0,0,1,0,0,0,0,0,0,0,0,0,0,0,0,0
32.697269,0,0,0,0,0,0,0,1,0,0,0,0,0,0,0,0,0,1
32.699741,0,0,0,0,0,1,0,0,0,0,0,0,0,1,1,0,0,0
32.706955,0,1,1,0,0,0,0,0,0,1,1,0,1,0,0,1,0,0
32.720962,1,0,0,1,0,0,1,0,0,1,1,0,1,1,1,0,1,0
32.736856,0,0,0,0,1,0,0,0,0,0,0,0,0,0,0,0,0,0
32.741507,0,0,1,0,0,0,0,0,1,0,0,0,1,0,0,0,0,0
32.748105,0,0,0,0,0,1,0,0,0,1,0,1,0,1,0,1,0,0
32.752492,0,0,0,0,0,0,0,1,0,0,0,0,0,0,0,0,0,1
32.767177,1,0,0,0,0,0,0,0,1,0,0,0,1,0,0,0,0,0
32.786448,0,0,0,0,1,0,0,0,0,0,0,0,0,0,0,0,0,0
32.799229,0,0,0,0,0,0,1,1,0,1,0,1,0,1,0,0,1,1
32.799802,0,0,0,0,0,1,0,0,0,0,0,0,0,1,1,0,0,0
32.825021,0,1,1,0,0,0,0,0,0,1,1,0,1,0,0,1,0,0
32.834504,0,0,0,0,1,0,0,0,0,0,0,0,0,0,0,0,0,0
32.835964,1,0,0,0,0,0,0,0,1,0,0,0,1,0,0,0,0,0
32.837061,0,0,0,0,0,0,1,0,0,1,0,1,0,1,0,0,1,0
32.850930,0,0,0,0,0,1,0,0,0,0,0,0,0,1,1,0,0,0
32.852715,0,0,0,0,0,0,0,1,0,0,0,0,0,0,0,0,0,1
32.859738,0,1,1,0,0,0,0,0,0,1,1,0,1,0,0,1,0,0
32.872815,1,0,0,1,0,0,1,0,0,1,1,0,1,1,1,0,1,0
32.889497,0,0,0,0,1,0,0,0,0,0,0,0,0,0,0,0,0,0
32.895881,0,0,1,0,0,0,0,0,1,0,0,0,1,0,0,0,0,0
32.898642,0,0,0,0,0,0,0,1,0,0,0,0,0,0,0,0,0,1
32.900711,0,0,0,0,0,1,0,0,0,1,0,1,0,1,0,1,0,0
32.911137,1,0,0,1,0,0,1,0,0,1,1,0,1,1,1,0,1,0
32.935292,0,0,1,0,0,0,0,0,1,0,0,0,1,0,0,0,0,0
32.938150,0,0,0,0,1,0,0,0,0,0,0,0,0,0,0,0,0,0
32.950584,0,0,0,0,0,1,0,0,0,1,0,1,0,1,0,1,0,0
32.952294,0,0,0,0,0,0,0,1,0,0,0,0,0,0,0,0,0,1
32.966684,1,0,0,1,0,0,1,0,0,1,1,0,1,1,1,0,1,0
32.986099,0,0,0,0,1,0,0,0,0,0,0,0,0,0,0,0,0,0
32.989179,0,0,1,0,0,0,0,0,1,0,0,0,1,0,0,0,0,0
33.000734,0,0,0,0,0,0,0,1,0,0,0,0,0,0,0,0,0,1
33.001159,0,0,0,0,0,1,0,0,0,1,0,1,0,1,0,1,0,0
33.016094,1,0,0,1,0,0,1,0,0,1,1,0,1,1,1,0,1,0
33.031638,0,0,0,0,1,0,0,0,0,0,0,0,0,0,0,0,0,0
33.038209,0,0,1,0,0,0,0,0,1,0,0,0,1,0,0,0,0,0
33.047908,0,0,0,0,0,0,0,1,0,0,0,0,0,0,0,0,0,1
33.050195,0,0,0,0,0,1,0,0,0,1,0,1,0,1,0,1,0,0
33.066267,1,0,0,0,0,0,0,0,1,0,0,0,1,0,0,0,0,0
33.070201,0,0,0,0,0,0,1,0,0,1,0,1,0,1,0,0,1,0
33.084012,0,0,0,0,1,0,0,0,0,0,0,0,0,0,0,0,0,0
33.094424,0,0,1,0,0,0,0,0,1,0,0,0,1,0,0,0,0,0
33.101004,0,0,0,0,0,0,0,1,0,0,0,0,0,0,0,0,0,1
33.101080,0,0,0,0,0,1,0,0,0,1,0,1,0,1,0,1,0,0
33.116870,1,0,0,0,0,0,0,0,1,0,0,0,1,0,0,0,0,0
33.135508,0,0,0,0,1,0,1,0,0,1,0,1,0,1,0,0,1,0
33.149647,0,0,0,0,0,1,0,0,0,0,0,0,0,1,1,0,0,0
33.150962,0,0,0,0,0,0,0,1,0,0,0,0,0,0,0,0,0,1
33.155886,0,1,1,0,0,0,0,0,0,1,1,0,1,0,0,1,0,0
33.167547,1,0,0,1,0,0,1,0,0,1,1,0,1,1,1,0,1,0
33.188373,0,0,1,0,0,0,0,0,1,0,0,0,1,0,0,0,0,0
33.189617,0,0,0,0,1,0,0,0,0,0,0,0,0,0,0,0,0,0
33.200791,0,0,0,0,0,0,0,1,0,0,0,0,0,0,0,0,0,1
33.201118,0,0,0,0,0,1,0,0,0,1,0,1,0,1,0,1,0,0
33.215030,1,0,0,1,0,0,1,0,0,1,1,0,1,1,1,0,1,0
33.238058,0,0,0,0,1,0,0,0,0,0,0,0,0,0,0,0,0,0
33.243055,0,0,1,0,0,0,0,0,1,0,0,0,1,0,0,0,0,0
33.246769,0,0,0,0,0,0,0,1,0,0,0,0,0,0,0,0,0,1
33.248250,0,0,0,0,0,1,0,0,0,1,0,1,0,1,0,1,0,0
33.259313,1,0,0,1,0,0,1,0,0,1,1,0,1,1,1,0,1,0
33.283136,0,0,0,0,1,0,0,0,0,0,0,0,0,0,0,0,0,0
33.287761,0,0,1,0,0,0,0,0,1,0,0,0,1,0,0,0,0,0
33.297120,0,0,0,0,0,0,0,1,0,0,0,0,0,0,0,0,0,1
33.299612,0,0,0,0,0,1,0,0,0,1,0,1,0,1,0,1,0,0
33.314551,1,0,0,1,0,0,1,0,0,1,1,0,1,1,1,0,1,0
33.330989,0,0,0,0,1,0,0,0,0,0,0,0,0,0,0,0,0,0
33.343707,0,0,1,0,0,0,0,0,1,0,0,0,1,0,0,0,0,0
33.349250,0,0,0,0,0,1,0,0,0,1,0,1,0,1,0,1,0,0
33.352122,0,0,0,0,0,0,0,1,0,0,0,0,0,0,0,0,0,1
33.366599,1,0,0,0,0,0,0,0,1,0,0,0,1,0,0,0,0,0
33.370114,0,0,0,0,0,0,1,0,0,1,0,1,0,1,0,0,1,0
33.386924,0,0,0,0,1,0,0,0,0,0,0,0,0,0,0,0,0,0
33.397887,0,0,1,0,0,0,0,0,1,0,0,0,1,0,0,0,0,0
33.399278,0,0,0,0,0,1,0,0,0,1,0,1,0,1,0,1,0,0
33.399465,0,0,0,0,0,0,0,1,0,0,0,0,0,0,0,0,0,1
33.411824,1,0,0,0,0,0,0,0,1,0,0,0,1,0,0,0,0,0
33.436600,0,0,0,0,1,0,0,0,0,0,0,0,0,0,0,0,0,0
33.448194,0,0,0,0,0,0,0,1,0,0,0,0,0,0,0,0,0,1
33.450439,0,0,0,0,0,1,0,0,0,1,0,1,0,1,0,1,0,0
33.462251,0,0,0,0,0,0,1,0,0,0,0,0,0,1,1,0,0,0
33.464433,1,0,0,1,0,0,1,0,0,1,1,0,1,1,1,0,1,0
33.483949,0,0,0,0,1,0,0,0,0,0,0,0,0,0,0,0,0,0
33.488586,0,0,1,1,0,0,0,0,0,1,1,0,1,0,0,0,1,0
33.499083,0,0,0,0,0,1,0,0,0,0,0,0,0,1,1,0,0,0
33.503349,0,0,0,0,0,0,0,1,0,0,0,0,0,0,0,0,0,1
33.508963,0,1,1,0,0,0,0,0,0,1,1,0,1,0,0,1,0,0
33.521739,1,0,0,1,0,0,1,0,0,1,1,0,1,1,1,0,1,0
33.540876,0,0,0,0,1,0,0,0,0,0,0,0,0,0,0,0,0,0
33.547833,0,0,1,0,0,0,0,0,1,0,0,0,1,0,0,0,0,0
33.550862,0,0,0,0,0,1,0,0,0,1,0,1,0,1,0,1,0,0
33.552149,0,0,0,0,0,0,0,1,0,0,0,0,0,0,0,0,0,1
33.567876,1,0,0,0,0,0,0,0,1,0,0,0,1,0,0,0,0,0
33.575513,0,0,0,0,0,0,1,0,0,1,0,1,0,1,0,0,1,0
33.587779,0,0,0,0,1,0,0,0,0,0,0,0,0,0,0,0,0,0
33.600014,0,0,0,0,0,1,0,0,0,0,0,0,0,1,1,0,0,0
33.600044,0,1,1,0,0,0,0,0,0,1,1,0,1,0,0,1,0,0
33.601325,0,0,0,0,0,0,0,1,0,0,0,0,0,0,0,0,0,1
33.614334,1,0,0,1,0,0,1,0,0,1,1,0,1,1,1,0,1,0
33.634926,0,0,1,0,0,0,0,0,1,0,0,0,1,0,0,0,0,0
33.639422,0,0,0,0,1,0,0,0,0,0,0,0,0,0,0,0,0,0
33.647200,0,0,0,0,0,0,0,1,0,0,0,0,0,0,0,0,0,1
33.649627,0,0,0,0,0,1,0,0,0,1,0,1,0,1,0,1,0,0
33.663706,1,0,0,0,0,0,0,0,1,0,0,0,1,0,0,0,0,0
33.677340,0,0,0,0,1,0,1,0,0,1,0,1,0,1,0,0,1,0
33.699271,0,0,0,0,0,0,0,1,0,0,0,0,0,0,0,0,0,1
33.700215,0,0,0,0,0,1,0,0,0,0,0,0,0,1,1,0,0,0
33.701907,0,1,1,0,0,0,0,0,0,1,1,0,1,0,0,1,0,0
33.719356,1,0,0,0,0,0,0,0,1,0,0,0,1,0,0,0,0,0
33.738166,0,0,0,0,1,0,1,0,0,1,0,1,0,1,0,0,1,0
33.749633,0,0,0,0,0,0,0,1,0,0,0,0,0,0,0,0,0,1
33.751209,0,0,0,0,0,1,0,0,0,0,0,0,0,1,1,0,0,0
33.758510,0,1,1,0,0,0,0,0,0,1,1,0,1,0,0,1,0,0
33.777035,1,0,0,1,0,0,1,0,0,1,1,0,1,1,1,0,1,0
33.788075,0,0,0,0,1,0,0,0,0,0,0,0,0,0,0,0,0,0
33.797411,0,0,0,0,0,0,0,1,0,0,0,0,0,0,0,0,0,1
33.799579,0,0,0,0,0,1,0,0,0,0,0,0,0,1,1,0,0,0
33.806246,0,1,1,0,0,0,0,0,0,1,1,0,1,0,0,1,0,0
33.818049,1,0,0,1,0,0,1,0,0,1,1,0,1,1,1,0,1,0
33.835236,0,0,0,0,1,0,0,0,0,0,0,0,0,0,0,0,0,0
33.845915,0,0,1,0,0,0,0,0,1,0,0,0,1,0,0,0,0,0
33.849087,0,0,0,0,0,0,0,1,0,0,0,0,0,0,0,0,0,1
33.849929,0,0,0,0,0,1,0,0,0,1,0,1,0,1,0,1,0,0
33.864473,1,0,0,0,0,0,0,0,1,0,0,0,1,0,0,0,0,0
33.887732,0,0,0,0,1,0,0,0,0,0,0,0,0,0,0,0,0,0
33.899682,0,0,0,0,0,0,1,1,0,1,0,1,0,1,0,0,1,1
33.900640,0,0,0,0,0,1,0,0,0,0,0,0,0,1,1,0,0,0
33.923769,0,1,1,0,0,0,0,0,0,1,1,0,1,0,0,1,0,0
33.934560,0,0,0,0,1,0,0,0,0,0,0,0,0,0,0,0,0,0
33.938358,1,0,0,0,0,0,0,0,1,0,0,0,1,0,0,0,0,0
33.942944,0,0,0,0,0,0,1,0,0,1,0,1,0,1,0,0,1,0
33.950692,0,0,0,0,0,1,0,0,0,0,0,0,0,1,1,0,0,0
33.951037,0,0,0,0,0,0,0,1,0,0,0,0,0,0,0,0,0,1
33.972501,0,1,1,0,0,0,0,0,0,1,1,0,1,0,0,1,0,0
33.983253,0,0,0,0,1,0,0,0,0,0,0,0,0,0,0,0,0,0
33.985730,1,0,0,1,0,0,1,0,0,1,1,0,1,1,1,0,1,0
33.999936,0,0,0,0,0,0,0,1,0,0,0,0,0,0,0,0,0,1
34.000045,0,0,0,0,0,1,0,0,0,0,0,0,0,1,1,0,0,0
34.013834,0,1,1,0,0,0,0,0,0,1,1,0,1,0,0,1,0,0
34.027004,1,0,0,0,0,0,0,0,1,0,0,0,1,0,0,0,0,0
34.034121,0,0,0,0,0,0,1,0,0,1,0,1,0,1,0,0,1,0
34.036402,0,0,0,0,1,0,0,0,0,0,0,0,0,0,0,0,0,0
34.050566,0,0,0,0,0,0,0,1,0,0,0,0,0,0,0,0,0,1
34.050829,0,0,0,0,0,1,0,0,0,0,0,0,0,1,1,0,0,0
34.058297,0,1,1,0,0,0,0,0,0,1,1,0,1,0,0,1,0,0
34.070783,1,0,0,0,0,0,0,0,1,0,0,0,1,0,0,0,0,0
34.084273,0,0,0,0,1,0,0,0,0,0,0,0,0,0,0,0,0,0
34.096098,0,0,0,0,0,0,1,1,0,1,0,1,0,1,0,0,1,1
34.099687,0,0,0,0,0,1,0,0,0,0,0,0,0,1,1,0,0,0
34.122704,0,1,1,0,0,0,0,0,0,1,1,0,1,0,0,1,0,0
34.131280,0,0,0,0,1,0,0,0,0,0,0,0,0,0,0,0,0,0
34.136299,1,0,0,1,0,0,1,0,0,1,1,0,1,1,1,0,1,0
34.149533,0,0,0,0,0,1,0,0,0,0,0,0,0,1,1,0,0,0
34.151802,0,0,0,0,0,0,0,1,0,0,0,0,0,0,0,0,0,1
34.162603,0,1,1,0,0,0,0,0,0,1,1,0,1,0,0,1,0,0
34.176188,1,0,0,0,0,0,0,0,1,0,0,0,1,0,0,0,0,0
34.182269,0,0,0,0,0,0,1,0,0,1,0,1,0,1,0,0,1,0
34.185818,0,0,0,0,1,0,0,0,0,0,0,0,0,0,0,0,0,0
34.198318,0,0,0,0,0,0,0,1,0,0,0,0,0,0,0,0,0,1
34.201413,0,0,0,0,0,1,0,0,0,0,0,0,0,1,1,0,0,0
34.209490,0,1,1,0,0,0,0,0,0,1,1,0,1,0,0,1,0,0
34.227147,1,0,0,1,0,0,1,0,0,1,1,0,1,1,1,0,1,0
34.236080,0,0,0,0,1,0,0,0,0,0,0,0,0,0,0,0,0,0
34.249939,0,0,0,0,0,1,0,0,0,0,0,0,0,1,1,0,0,0
34.250276,0,0,0,0,0,0,0,1,0,0,0,0,0,0,0,0,0,1
34.251250,0,1,1,0,0,0,0,0,0,1,1,0,1,0,0,1,0,0
34.263407,1,0,0,1,0,0,1,0,0,1,1,0,1,1,1,0,1,0
34.283502,0,0,1,0,0,0,0,0,1,0,0,0,1,0,0,0,0,0
34.288245,0,0,0,0,1,0,0,0,0,0,0,0,0,0,0,0,0,0
34.299186,0,0,0,0,0,0,0,1,0,0,0,0,0,0,0,0,0,1
34.301455,0,0,0,0,0,1,0,0,0,1,0,1,0,1,0,1,0,0
34.313461,1,0,0,1,0,0,1,0,0,1,1,0,1,1,1,0,1,0
34.335046,0,0,0,0,1,0,0,0,0,0,0,0,0,0,0,0,0,0
34.336738,0,0,1,0,0,0,0,0,1,0,0,0,1,0,0,0,0,0
34.348981,0,0,0,0,0,1,0,0,0,1,0,1,0,1,0,1,0,0
34.351123,0,0,0,0,0,0,0,1,0,0,0,0,0,0,0,0,0,1
34.359942,1,0,0,0,0,0,0,0,1,0,0,0,1,0,0,0,0,0
34.388971,0,0,0,0,1,0,0,0,0,0,0,0,0,0,0,0,0,0
34.399047,0,0,0,0,0,0,1,1,0,1,0,1,0,1,0,0,1,1
34.400503,0,0,0,0,0,1,0,0,0,0,0,0,0,1,1,0,0,0
34.426308,0,1,1,0,0,0,0,0,0,1,1,0,1,0,0,1,0,0
34.430375,0,0,0,0,1,0,0,0,0,0,0,0,0,0,0,0,0,0
34.443653,1,0,0,0,0,0,0,0,1,0,0,0,1,0,0,0,0,0
34.449440,0,0,0,0,0,1,0,0,0,1,0,1,0,1,0,1,0,0
34.450461,0,0,0,0,0,0,1,1,0,0,0,0,0,1,1,0,0,1
34.465674,1,0,0,1,0,0,0,0,0,1,1,0,1,0,0,0,1,0
34.486162,0,0,0,0,1,0,1,0,0,0,0,0,0,1,1,0,0,0
34.487418,0,0,1,1,0,0,0,0,0,1,1,0,1,0,0,0,1,0
34.500384,0,0,0,0,0,1,0,0,0,0,0,0,0,1,1,0,0,0
34.503005,0,0,0,0,0,0,0,1,0,0,0,0,0,0,0,0,0,1
34.511014,0,1,1,0,0,0,0,0,0,1,1,0,1,0,0,1,0,0
34.527563,1,0,0,0,0,0,0,0,1,0,0,0,1,0,0,0,0,0
34.535887,0,0,0,0,1,0,1,0,0,1,0,1,0,1,0,0,1,0
34.548594,0,0,0,0,0,1,0,0,0,0,0,0,0,1,1,0,0,0
34.551808,0,0,0,0,0,0,0,1,0,0,0,0,0,0,0,0,0,1
34.560213,0,1,1,0,0,0,0,0,0,1,1,0,1,0,0,1,0,0
34.573968,1,0,0,1,0,0,1,0,0,1,1,0,1,1,1,0,1,0
34.582629,0,0,0,0,1,0,0,0,0,0,0,0,0,0,0,0,0,0
34.595181,0,0,1,0,0,0,0,0,1,0,0,0,1,0,0,0,0,0
34.597918,0,0,0,0,0,0,0,1,0,0,0,0,0,0,0,0,0,1
34.600725,0,0,0,0,0,1,0,0,0,1,0,1,0,1,0,1,0,0
34.616289,1,0,0,1,0,0,1,0,0,1,1,0,1,1,1,0,1,0
34.636935,0,0,0,0,1,0,0,0,0,0,0,0,0,0,0,0,0,0
34.640020,0,0,1,0,0,0,0,0,1,0,0,0,1,0,0,0,0,0
34.646416,0,0,0,0,0,0,0,1,0,0,0,0,0,0,0,0,0,1
34.650836,0,0,0,0,0,1,0,0,0,1,0,1,0,1,0,1,0,0
34.664371,1,0,0,0,0,0,0,0,1,0,0,0,1,0,0,0,0,0
34.682928,0,0,0,0,0,0,1,0,0,1,0,1,0,1,0,0,1,0
34.685021,0,0,0,0,1,0,0,0,0,0,0,0,0,0,0,0,0,0
34.699718,0,0,0,0,0,1,0,0,0,0,0,0,0,1,1,0,0,0
34.702363,0,0,0,0,0,0,0,1,0,0,0,0,0,0,0,0,0,1
34.706987,0,1,1,0,0,0,0,0,0,1,1,0,1,0,0,1,0,0
34.722048,1,0,0,1,0,0,1,0,0,1,1,0,1,1,1,0,1,0
34.739591,0,0,0,0,1,0,0,0,0,0,0,0,0,0,0,0,0,0
34.747540,0,0,1,0,0,0,0,0,1,0,0,0,1,0,0,0,0,0
34.750116,0,0,0,0,0,0,0,1,0,0,0,0,0,0,0,0,0,1
34.750882,0,0,0,0,0,1,0,0,0,1,0,1,0,1,0,1,0,0
34.770192,1,0,0,0,0,0,0,0,1,0,0,0,1,0,0,0,0,0
34.780788,0,0,0,0,1,0,0,0,0,0,0,0,0,0,0,0,0,0
34.799199,0,0,0,0,0,1,1,0,0,1,0,1,0,1,0,0,1,0
34.802051,0,0,0,0,0,0,0,1,0,0,0,0,0,0,0,0,0,1
34.822688,0,1,1,0,0,0,0,0,0,1,1,0,1,0,0,1,0,0
34.836458,1,0,0,0,0,0,0,0,1,0,0,0,1,0,0,0,0,0
34.841075,0,0,0,0,1,0,0,0,0,0,0,0,0,0,0,0,0,0
34.845265,0,0,0,0,0,0,1,0,0,1,0,1,0,1,0,0,1,0
34.850579,0,0,0,0,0,0,0,1,0,0,0,0,0,0,0,0,0,1
34.850975,0,0,0,0,0,1,0,0,0,0,0,0,0,1,1,0,0,0
34.867840,0,1,1,0,0,0,0,0,0,1,1,0,1,0,0,1,0,0
34.885455,1,0,0,1,0,0,1,0,0,1,1,0,1,1,1,0,1,0
34.886125,0,0,0,0,1,0,0,0,0,0,0,0,0,0,0,0,0,0
34.900360,0,0,0,0,0,1,0,0,0,0,0,0,0,1,1,0,0,0
34.903039,0,0,0,0,0,0,0,1,0,0,0,0,0,0,0,0,0,1
34.906979,0,1,1,0,0,0,0,0,0,1,1,0,1,0,0,1,0,0
34.921645,1,0,0,1,0,0,1,0,0,1,1,0,1,1,1,0,1,0
34.942401,0,0,0,0,1,0,0,0,0,0,0,0,0,0,0,0,0,0
34.945986,0,0,1,0,0,0,0,0,1,0,0,0,1,0,0,0,0,0
34.950397,0,0,0,0,0,1,0,0,0,1,0,1,0,1,0,1,0,0
34.952245,0,0,0,0,0,0,0,1,0,0,0,0,0,0,0,0,0,1
34.965023,1,0,0,0,0,0,0,0,1,0,0,0,1,0,0,0,0,0
34.990203,0,0,0,0,1,0,1,0,0,1,0,1,0,1,0,0,1,0
34.997907,0,0,0,0,0,0,0,1,0,0,0,0,0,0,0,0,0,1
34.999764,0,0,0,0,0,1,0,0,0,0,0,0,0,1,1,0,0,0
35.014076,0,1,1,0,0,0,0,0,0,1,1,0,1,0,0,1,0,0
35.033056,1,0,0,1,0,0,1,0,0,1,1,0,1,1,1,0,1,0
35.035607,0,0,0,0,1,0,0,0,0,0,0,0,0,0,0,0,0,0
35.047870,0,0,0,0,0,0,0,1,0,0,0,0,0,0,0,0,0,1
35.051070,0,0,0,0,0,1,0,0,0,0,0,0,0,1,1,0,0,0
35.056041,0,1,1,0,0,0,0,0,0,1,1,0,1,0,0,1,0,0
35.068374,1,0,0,0,0,0,0,0,1,0,0,0,1,0,0,0,0,0
35.086764,0,0,0,0,1,0,1,0,0,1,0,1,0,1,0,0,1,0
35.099127,0,0,0,0,0,0,0,1,0,0,0,0,0,0,0,0,0,1
35.100062,0,0,0,0,0,1,0,0,0,0,0,0,0,1,1,0,0,0
35.115647,0,1,1,0,0,0,0,0,0,1,1,0,1,0,0,1,0,0
35.130665,1,0,0,0,0,0,0,0,1,0,0,0,1,0,0,0,0,0
35.135580,0,0,0,0,0,0,1,0,0,1,0,1,0,1,0,0,1,0
35.137100,0,0,0,0,1,0,0,0,0,0,0,0,0,0,0,0,0,0
35.149999,0,0,0,0,0,1,0,0,0,0,0,0,0,1,1,0,0,0
35.151175,0,0,0,0,0,0,0,1,0,0,0,0,0,0,0,0,0,1
35.155679,0,1,1,0,0,0,0,0,0,1,1,0,1,0,0,1,0,0
35.169065,1,0,0,1,0,0,1,0,0,1,1,0,1,1,1,0,1,0
35.189314,0,0,0,0,1,0,0,0,0,0,0,0,0,0,0,0,0,0
35.198349,0,0,0,0,0,1,0,0,0,0,0,0,0,1,1,0,0,0
35.198851,0,1,1,0,0,0,0,0,0,1,1,0,1,0,0,1,0,0
35.202877,0,0,0,0,0,0,0,1,0,0,0,0,0,0,0,0,0,1
35.217887,1,0,0,1,0,0,1,0,0,1,1,0,1,1,1,0,1,0
35.238965,0,0,1,0,0,0,0,0,1,0,0,0,1,0,0,0,0,0
35.241499,0,0,0,0,1,0,0,0,0,0,0,0,0,0,0,0,0,0
35.249238,0,0,0,0,0,1,0,0,0,1,0,1,0,1,0,1,0,0
35.253012,0,0,0,0,0,0,0,1,0,0,0,0,0,0,0,0,0,1
35.261019,1,0,0,1,0,0,1,0,0,1,1,0,1,1,1,0,1,0
35.284863,0,0,0,0,1,0,0,0,0,0,0,0,0,0,0,0,0,0
35.290712,0,0,1,0,0,0,0,0,1,0,0,0,1,0,0,0,0,0
35.298547,0,0,0,0,0,1,0,0,0,1,0,1,0,1,0,1,0,0
35.301414,0,0,0,0,0,0,0,1,0,0,0,0,0,0,0,0,0,1
35.311976,1,0,0,1,0,0,1,0,0,1,1,0,1,1,1,0,1,0
35.333983,0,0,1,0,0,0,0,0,1,0,0,0,1,0,0,0,0,0
35.335248,0,0,0,0,1,0,0,0,0,0,0,0,0,0,0,0,0,0
35.346735,0,0,0,0,0,0,0,1,0,0,0,0,0,0,0,0,0,1
35.348582,0,0,0,0,0,1,0,0,0,1,0,1,0,1,0,1,0,0
35.361163,1,0,0,1,0,0,1,0,0,1,1,0,1,1,1,0,1,0
35.386017,0,0,0,0,1,0,0,0,0,0,0,0,0,0,0,0,0,0
35.388923,0,0,1,0,0,0,0,0,1,0,0,0,1,0,0,0,0,0
35.399087,0,0,0,0,0,0,0,1,0,0,0,0,0,0,0,0,0,1
35.399837,0,0,0,0,0,1,0,0,0,1,0,1,0,1,0,1,0,0
35.410714,1,0,0,1,0,0,1,0,0,1,1,0,1,1,1,0,1,0
35.436100,0,0,0,0,1,0,0,0,0,0,0,0,0,0,0,0,0,0
35.439063,0,0,1,0,0,0,0,0,1,0,0,0,1,0,0,0,0,0
35.450851,0,0,0,0,0,1,0,0,0,1,0,1,0,1,0,1,0,0
35.450875,0,0,0,0,0,0,0,1,0,0,0,0,0,0,0,0,0,1
35.467104,1,0,0,1,0,0,1,0,0,1,1,0,1,1,1,0,1,0
35.487854,0,0,0,0,1,0,0,0,0,0,0,0,0,0,0,0,0,0
35.492419,0,0,1,0,0,0,0,0,1,0,0,0,1,0,0,0,0,0
35.497149,0,0,0,0,0,0,0,1,0,0,0,0,0,0,0,0,0,1
35.499661,0,0,0,0,0,1,0,0,0,1,0,1,0,1,0,1,0,0
35.512920,1,0,0,0,0,0,0,0,1,0,0,0,1,0,0,0,0,0
35.521725,0,0,0,0,0,0,1,0,0,1,0,1,0,1,0,0,1,0
35.534433,0,0,0,0,1,0,0,0,0,0,0,0,0,0,0,0,0,0
35.544712,0,0,1,0,0,0,0,0,1,0,0,0,1,0,0,0,0,0
35.549574,0,0,0,0,0,1,0,0,0,1,0,1,0,1,0,1,0,0
35.549878,0,0,0,0,0,0,0,1,0,0,0,0,0,0,0,0,0,1
35.561837,1,0,0,0,0,0,0,0,1,0,0,0,1,0,0,0,0,0
35.588146,0,0,0,0,1,0,1,0,0,1,0,1,0,1,0,0,1,0
35.599366,0,0,0,0,0,1,0,0,0,0,0,0,0,1,1,0,0,0
35.602092,0,0,0,0,0,0,0,1,0,0,0,0,0,0,0,0,0,1
35.609917,0,1,1,0,0,0,0,0,0,1,1,0,1,0,0,1,0,0
35.628706,1,0,0,1,0,0,1,0,0,1,1,0,1,1,1,0,1,0
35.641578,0,0,0,0,1,0,0,0,0,0,0,0,0,0,0,0,0,0
35.649873,0,0,0,0,0,1,0,0,0,0,0,0,0,1,1,0,0,0
35.653299,0,1,1,0,0,0,0,0,0,1,1,0,1,0,0,1,0,0
35.653560,0,0,0,0,0,0,0,1,0,0,0,0,0,0,0,0,0,1
35.668618,1,0,0,0,0,0,0,0,1,0,0,0,1,0,0,0,0,0
35.684471,0,0,0,0,1,0,1,0,0,1,0,1,0,1,0,0,1,0
35.698860,0,0,0,0,0,0,0,1,0,0,0,0,0,0,0,0,0,1
35.700314,0,0,0,0,0,1,0,0,0,0,0,0,0,1,1,0,0,0
35.710721,0,1,1,0,0,0,0,0,0,1,1,0,1,0,0,1,0,0
35.726354,1,0,0,1,0,0,1,0,0,1,1,0,1,1,1,0,1,0
35.735673,0,0,0,0,1,0,0,0,0,0,0,0,0,0,0,0,0,0
35.746260,0,0,0,0,0,0,0,1,0,0,0,0,0,0,0,0,0,1
35.750261,0,0,0,0,0,1,0,0,0,0,0,0,0,1,1,0,0,0
35.751588,0,1,1,0,0,0,0,0,0,1,1,0,1,0,0,1,0,0
35.766818,1,0,0,0,0,0,0,0,1,0,0,0,1,0,0,0,0,0
35.783318,0,0,0,0,1,0,0,0,0,0,0,0,0,0,0,0,0,0
35.796132,0,0,0,0,0,0,0,1,0,0,0,0,0,0,0,0,0,1
35.799154,0,0,0,0,0,1,0,0,0,1,0,1,0,1,0,1,0,0
35.805167,0,0,0,0,0,0,1,0,0,0,0,0,0,1,1,0,0,0
35.818341,1,0,0,1,0,0,0,0,0,1,1,0,1,0,0,0,1,0
35.824047,0,0,0,0,0,0,1,0,0,0,0,0,0,1,1,0,0,0
35.832153,0,0,0,0,1,0,0,0,0,0,0,0,0,0,0,0,0,0
35.839406,0,0,1,1,0,0,0,0,0,1,1,0,1,0,0,0,1,0
35.848399,0,0,0,0,0,0,0,1,0,0,0,0,0,0,0,0,0,1
35.849937,0,0,0,0,0,1,0,0,0,0,0,0,0,1,1,0,0,0
35.862424,0,1,1,0,0,0,0,0,0,1,1,0,1,0,0,1,0,0
35.876478,1,0,0,1,0,0,1,0,0,1,1,0,1,1,1,0,1,0
35.884898,0,0,0,0,1,0,0,0,0,0,0,0,0,0,0,0,0,0
35.897626,0,0,1,0,0,0,0,0,1,0,0,0,1,0,0,0,0,0
35.900069,0,0,0,0,0,1,0,0,0,1,0,1,0,1,0,1,0,0
35.903595,0,0,0,0,0,0,0,1,0,0,0,0,0,0,0,0,0,1
35.911555,1,0,0,1,0,0,1,0,0,1,1,0,1,1,1,0,1,0
35.932822,0,0,1,0,0,0,0,0,1,0,0,0,1,0,0,0,0,0
35.936584,0,0,0,0,1,0,0,0,0,0,0,0,0,0,0,0,0,0
35.951050,0,0,0,0,0,1,0,0,0,1,0,1,0,1,0,1,0,0
35.951414,0,0,0,0,0,0,0,1,0,0,0,0,0,0,0,0,0,1
35.969897,1,0,0,1,0,0,1,0,0,1,1,0,1,1,1,0,1,0
35.983683,0,0,0,0,1,0,0,0,0,0,0,0,0,0,0,0,0,0
35.992466,0,0,1,0,0,0,0,0,1,0,0,0,1,0,0,0,0,0
35.999729,0,0,0,0,0,1,0,0,0,1,0,1,0,1,0,1,0,0
36.002343,0,0,0,0,0,0,0,1,0,0,0,0,0,0,0,0,0,1
36.011578,1,0,0,1,0,0,1,0,0,1,1,0,1,1,1,0,1,0
36.033410,0,0,1,0,0,0,0,0,1,0,0,0,1,0,0,0,0,0
36.038464,0,0,0,0,1,0,0,0,0,0,0,0,0,0,0,0,0,0
36.050063,0,0,0,0,0,1,0,0,0,1,0,1,0,1,0,1,0,0
36.051970,0,0,0,0,0,0,0,1,0,0,0,0,0,0,0,0,0,1
36.061213,1,0,0,1,0,0,1,0,0,1,1,0,1,1,1,0,1,0
36.083093,0,0,0,0,1,0,0,0,0,0,0,0,0,0,0,0,0,0
36.084947,0,0,1,0,0,0,0,0,1,0,0,0,1,0,0,0,0,0
36.097361,0,0,0,0,0,0,0,1,0,0,0,0,0,0,0,0,0,1
36.099493,0,0,0,0,0,1,0,0,0,1,0,1,0,1,0,1,0,0
36.117475,1,0,0,0,0,0,0,0,1,0,0,0,1,0,0,0,0,0
36.135955,0,0,0,0,1,0,1,0,0,1,0,1,0,1,0,0,1,0
36.148319,0,0,0,0,0,1,0,0,0,0,0,0,0,1,1,0,0,0
36.151252,0,0,0,0,0,0,0,1,0,0,0,0,0,0,0,0,0,1
36.158127,0,1,1,0,0,0,0,0,0,1,1,0,1,0,0,1,0,0
36.175640,1,0,0,0,0,0,0,0,1,0,0,0,1,0,0,0,0,0
36.189335,0,0,0,0,1,0,1,0,0,1,0,1,0,1,0,0,1,0
36.198375,0,0,0,0,0,0,0,1,0,0,0,0,0,0,0,0,0,1
36.200077,0,0,0,0,0,1,0,0,0,0,0,0,0,1,1,0,0,0
36.209752,0,1,1,0,0,0,0,0,0,1,1,0,1,0,0,1,0,0
36.227498,1,0,0,1,0,0,1,0,0,1,1,0,1,1,1,0,1,0
36.232653,0,0,0,0,1,0,0,0,0,0,0,0,0,0,0,0,0,0
36.249047,0,0,0,0,0,0,0,1,0,0,0,0,0,0,0,0,0,1
36.249908,0,0,0,0,0,1,0,0,0,0,0,0,0,1,1,0,0,0
36.250018,0,1,1,0,0,0,0,0,0,1,1,0,1,0,0,1,0,0
36.264298,1,0,0,1,0,0,1,0,0,1,1,0,1,1,1,0,1,0
36.284399,0,0,0,0,1,0,0,0,0,0,0,0,0,0,0,0,0,0
36.287135,0,0,1,0,0,0,0,0,1,0,0,0,1,0,0,0,0,0
36.299487,0,0,0,0,0,1,0,0,0,1,0,1,0,1,0,1,0,0
36.300088,0,0,0,0,0,0,0,1,0,0,0,0,0,0,0,0,0,1
36.317632,1,0,0,0,0,0,0,0,1,0,0,0,1,0,0,0,0,0
36.319385,0,0,0,0,0,0,1,0,0,1,0,1,0,1,0,0,1,0
36.330223,0,0,0,0,1,0,0,0,0,0,0,0,0,0,0,0,0,0
36.343962,0,0,1,0,0,0,0,0,1,0,0,0,1,0,0,0,0,0
36.347685,0,0,0,0,0,0,0,1,0,0,0,0,0,0,0,0,0,1
36.349978,0,0,0,0,0,1,0,0,0,1,0,1,0,1,0,1,0,0
36.360198,1,0,0,0,0,0,0,0,1,0,0,0,1,0,0,0,0,0
36.386087,0,0,0,0,1,0,0,0,0,0,0,0,0,0,0,0,0,0
36.390726,0,0,0,0,0,0,1,0,0,1,0,1,0,1,0,0,1,0
36.398885,0,0,0,0,0,0,0,1,0,0,0,0,0,0,0,0,0,1
36.400704,0,0,0,0,0,1,0,0,0,0,0,0,0,1,1,0,0,0
36.413673,0,1,1,0,0,0,0,0,0,1,1,0,1,0,0,1,0,0
36.429298,1,0,0,1,0,0,1,0,0,1,1,0,1,1,1,0,1,0
36.435014,0,0,0,0,1,0,0,0,0,0,0,0,0,0,0,0,0,0
36.449678,0,0,0,0,0,1,0,0,0,0,0,0,0,1,1,0,0,0
36.450190,0,0,0,0,0,0,0,1,0,0,0,0,0,0,0,0,0,1
36.457392,0,1,1,0,0,0,0,0,0,1,1,0,1,0,0,1,0,0
36.472146,1,0,0,0,0,0,0,0,1,0,0,0,1,0,0,0,0,0
36.481079,0,0,0,0,0,0,1,0,0,1,0,1,0,1,0,0,1,0
36.486090,0,0,0,0,1,0,0,0,0,0,0,0,0,0,0,0,0,0
36.497920,0,0,0,0,0,0,0,1,0,0,0,0,0,0,0,0,0,1
36.500785,0,0,0,0,0,1,0,0,0,0,0,0,0,1,1,0,0,0
36.503557,0,1,1,0,0,0,0,0,0,1,1,0,1,0,0,1,0,0
36.520068,1,0,0,1,0,0,1,0,0,1,1,0,1,1,1,0,1,0
36.534227,0,0,0,0,1,0,0,0,0,0,0,0,0,0,0,0,0,0
36.541857,0,0,1,0,0,0,0,0,1,0,0,0,1,0,0,0,0,0
36.550202,0,0,0,0,0,1,0,0,0,1,0,1,0,1,0,1,0,0
36.553190,0,0,0,0,0,0,0,1,0,0,0,0,0,0,0,0,0,1
36.568835,1,0,0,1,0,0,1,0,0,1,1,0,1,1,1,0,1,0
36.592327,0,0,0,0,1,0,0,0,0,0,0,0,0,0,0,0,0,0
36.594797,0,0,1,0,0,0,0,0,1,0,0,0,1,0,0,0,0,0
36.596487,0,0,0,0,0,0,0,1,0,0,0,0,0,0,0,0,0,1
36.600883,0,0,0,0,0,1,0,0,0,1,0,1,0,1,0,1,0,0
36.612936,1,0,0,0,0,0,0,0,1,0,0,0,1,0,0,0,0,0
36.635700,0,0,0,0,1,0,1,0,0,1,0,1,0,1,0,0,1,0
36.648407,0,0,0,0,0,1,0,0,0,0,0,0,0,1,1,0,0,0
36.653366,0,0,0,0,0,0,0,1,0,0,0,0,0,0,0,0,0,1
36.656066,0,1,1,0,0,0,0,0,0,1,1,0,1,0,0,1,0,0
36.667593,1,0,0,0,0,0,0,0,1,0,0,0,1,0,0,0,0,0
36.691369,0,0,0,0,1,0,0,0,0,0,0,0,0,0,0,0,0,0
36.698541,0,0,0,0,0,1,1,0,0,1,0,1,0,1,0,1,0,0
36.701281,0,0,0,0,0,0,0,1,0,0,0,0,0,0,0,0,0,1
36.712507,1,0,0,1,0,0,0,0,0,1,1,0,1,0,0,0,1,0
36.732615,0,0,1,1,0,0,1,0,0,1,1,0,1,1,1,0,1,0
36.732867,0,0,0,0,1,0,0,0,0,0,0,0,0,0,0,0,0,0
36.747922,0,0,0,0,0,0,0,1,0,0,0,0,0,0,0,0,0,1
36.750119,0,0,0,0,0,1,0,0,0,0,0,0,0,1,1,0,0,0
36.760012,0,1,1,0,0,0,0,0,0,1,1,0,1,0,0,1,0,0
36.774162,1,0,0,0,0,0,0,0,1,0,0,0,1,0,0,0,0,0
36.779623,0,0,0,0,1,0,1,0,0,1,0,1,0,1,0,0,1,0
36.799724,0,0,0,0,0,0,0,1,0,0,0,0,0,0,0,0,0,1
36.801599,0,0,0,0,0,1,0,0,0,0,0,0,0,1,1,0,0,0
36.803956,0,1,1,0,0,0,0,0,0,1,1,0,1,0,0,1,0,0
36.820262,1,0,0,1,0,0,1,0,0,1,1,0,1,1,1,0,1,0
36.835902,0,0,0,0,1,0,0,0,0,0,0,0,0,0,0,0,0,0
36.846066,0,0,0,0,0,0,0,1,0,0,0,0,0,0,0,0,0,1
36.847937,0,0,1,0,0,0,0,0,1,0,0,0,1,0,0,0,0,0
36.851074,0,0,0,0,0,1,0,0,0,1,0,1,0,1,0,1,0,0
36.864167,1,0,0,0,0,0,0,0,1,0,0,0,1,0,0,0,0,0
36.866879,0,0,0,0,0,0,1,0,0,1,0,1,0,1,0,0,1,0
36.883957,0,0,0,0,1,0,0,0,0,0,0,0,0,0,0,0,0,0
36.891635,0,0,1,0,0,0,0,0,1,0,0,0,1,0,0,0,0,0
36.899889,0,0,0,0,0,1,0,0,0,1,0,1,0,1,0,1,0,0
36.902622,0,0,0,0,0,0,0,1,0,0,0,0,0,0,0,0,0,1
36.917475,1,0,0,0,0,0,0,0,1,0,0,0,1,0,0,0,0,0
36.940297,0,0,0,0,0,0,1,0,0,1,0,1,0,1,0,0,1,0
36.941613,0,0,0,0,1,0,0,0,0,0,0,0,0,0,0,0,0,0
36.946710,0,0,0,0,0,0,0,1,0,0,0,0,0,0,0,0,0,1
36.949432,0,0,0,0,0,1,0,0,0,0,0,0,0,1,1,0,0,0
36.960757,0,1,1,0,0,0,0,0,0,1,1,0,1,0,0,1,0,0
36.973310,1,0,0,0,0,0,0,0,1,0,0,0,1,0,0,0,0,0
36.984580,0,0,0,0,1,0,1,0,0,1,0,1,0,1,0,0,1,0
36.999730,0,0,0,0,0,1,0,0,0,0,0,0,0,1,1,0,0,0
37.001596,0,0,0,0,0,0,0,1,0,0,0,0,0,0,0,0,0,1
37.012454,0,1,1,0,0,0,0,0,0,1,1,0,1,0,0,1,0,0
37.024306,1,0,0,1,0,0,1,0,0,1,1,0,1,1,1,0,1,0
37.035192,0,0,0,0,1,0,0,0,0,0,0,0,0,0,0,0,0,0
37.049729,0,0,0,0,0,0,0,1,0,0,0,0,0,0,0,0,0,1
37.049735,0,0,1,0,0,0,0,0,1,0,0,0,1,0,0,0,0,0
37.050980,0,0,0,0,0,1,0,0,0,1,0,1,0,1,0,1,0,0
37.062849,1,0,0,0,0,0,0,0,1,0,0,0,1,0,0,0,0,0
37.083803,0,0,0,0,1,0,1,0,0,1,0,1,0,1,0,0,1,0
37.099866,0,0,0,0,0,1,0,0,0,0,0,0,0,1,1,0,0,0
37.101461,0,0,0,0,0,0,0,1,0,0,0,0,0,0,0,0,0,1
37.112637,0,1,1,0,0,0,0,0,0,1,1,0,1,0,0,1,0,0
37.130209,1,0,0,0,0,0,0,0,1,0,0,0,1,0,0,0,0,0
37.134526,0,0,0,0,1,0,0,0,0,0,0,0,0,0,0,0,0,0
37.149304,0,0,0,0,0,0,0,1,0,0,0,0,0,0,0,0,0,1
37.151020,0,0,0,0,0,1,1,0,0,1,0,1,0,1,0,0,1,0
37.174760,0,1,1,0,0,0,0,0,0,1,1,0,1,0,0,1,0,0
37.185925,0,0,0,0,1,0,0,0,0,0,0,0,0,0,0,0,0,0
37.194259,1,0,0,1,0,0,1,0,0,1,1,0,1,1,1,0,1,0
37.200337,0,0,0,0,0,1,0,0,0,0,0,0,0,1,1,0,0,0
37.200901,0,0,0,0,0,0,0,1,0,0,0,0,0,0,0,0,0,1
37.220529,0,1,1,0,0,0,0,0,0,1,1,0,1,0,0,1,0,0
37.232263,0,0,0,0,1,0,0,0,0,0,0,0,0,0,0,0,0,0
37.233859,1,0,0,0,0,0,0,0,1,0,0,0,1,0,0,0,0,0
37.246999,0,0,0,0,0,0,0,1,0,0,0,0,0,0,0,0,0,1
37.251571,0,0,0,0,0,1,1,0,0,1,0,1,0,1,0,1,0,0
37.265632,1,0,0,1,0,0,0,0,0,1,1,0,1,0,0,0,1,0
37.279500,0,0,0,0,1,0,0,0,0,0,0,0,0,0,0,0,0,0
37.286550,0,0,1,1,0,0,1,0,0,1,1,0,1,1,1,0,1,0
37.298760,0,0,0,0,0,1,0,0,0,0,0,0,0,1,1,0,0,0
37.302003,0,0,0,0,0,0,0,1,0,0,0,0,0,0,0,0,0,1
37.307201,0,1,1,0,0,0,0,0,0,1,1,0,1,0,0,1,0,0
37.320753,1,0,0,1,0,0,1,0,0,1,1,0,1,1,1,0,1,0
37.337478,0,0,0,0,1,0,0,0,0,0,0,0,0,0,0,0,0,0
37.341465,0,0,1,0,0,0,0,0,1,0,0,0,1,0,0,0,0,0
37.348257,0,0,0,0,0,1,0,0,0,1,0,1,0,1,0,1,0,0
37.351230,0,0,0,0,0,0,0,1,0,0,0,0,0,0,0,0,0,1
37.364425,1,0,0,0,0,0,0,0,1,0,0,0,1,0,0,0,0,0
37.390588,0,0,0,0,1,0,0,0,0,0,0,0,0,0,0,0,0,0
37.399815,0,0,0,0,0,1,1,0,0,1,0,1,0,1,0,0,1,0
37.402643,0,0,0,0,0,0,0,1,0,0,0,0,0,0,0,0,0,1
37.428161,0,1,1,0,0,0,0,0,0,1,1,0,1,0,0,1,0,0
37.433590,0,0,0,0,1,0,0,0,0,0,0,0,0,0,0,0,0,0
37.442058,1,0,0,1,0,0,1,0,0,1,1,0,1,1,1,0,1,0
37.446197,0,0,0,0,0,0,0,1,0,0,0,0,0,0,0,0,0,1
37.449086,0,0,0,0,0,1,0,0,0,0,0,0,0,1,1,0,0,0
37.466005,0,1,1,0,0,0,0,0,0,1,1,0,1,0,0,1,0,0
37.481485,0,0,0,0,1,0,0,0,0,0,0,0,0,0,0,0,0,0
37.484919,1,0,0,1,0,0,1,0,0,1,1,0,1,1,1,0,1,0
37.499384,0,0,0,0,0,0,0,1,0,0,0,0,0,0,0,0,0,1
37.499641,0,0,0,0,0,1,0,0,0,0,0,0,0,1,1,0,0,0
37.505809,0,1,1,0,0,0,0,0,0,1,1,0,1,0,0,1,0,0
37.517979,1,0,0,0,0,0,0,0,1,0,0,0,1,0,0,0,0,0
37.526665,0,0,0,0,0,0,1,0,0,1,0,1,0,1,0,0,1,0
37.535570,0,0,0,0,1,0,0,0,0,0,0,0,0,0,0,0,0,0
37.548920,0,0,1,0,0,0,0,0,1,0,0,0,1,0,0,0,0,0
37.550712,0,0,0,0,0,1,0,0,0,1,0,1,0,1,0,1,0,0
37.552930,0,0,0,0,0,0,0,1,0,0,0,0,0,0,0,0,0,1
37.563791,1,0,0,0,0,0,0,0,1,0,0,0,1,0,0,0,0,0
37.590687,0,0,0,0,1,0,0,0,0,0,0,0,0,0,0,0,0,0
37.601426,0,0,0,0,0,1,1,0,0,1,0,1,0,1,0,1,0,0
37.602169,0,0,0,0,0,0,0,1,0,0,0,0,0,0,0,0,0,1
37.619279,1,0,0,1,0,0,1,0,0,1,1,0,1,1,1,0,1,0
37.638071,0,0,0,0,1,0,0,0,0,0,0,0,0,0,0,0,0,0
37.639675,0,0,1,1,0,0,0,0,0,1,1,0,1,0,0,0,1,0
37.649347,0,0,0,0,0,1,0,0,0,0,0,0,0,1,1,0,0,0
37.649600,0,0,0,0,0,0,0,1,0,0,0,0,0,0,0,0,0,1
37.659808,0,1,1,0,0,0,0,0,0,1,1,0,1,0,0,1,0,0
37.672731,1,0,0,0,0,0,0,0,1,0,0,0,1,0,0,0,0,0
37.682052,0,0,0,0,1,0,1,0,0,1,0,1,0,1,0,0,1,0
37.697697,0,0,0,0,0,0,0,1,0,0,0,0,0,0,0,0,0,1
37.699921,0,0,0,0,0,1,0,0,0,0,0,0,0,1,1,0,0,0
37.709094,0,1,1,0,0,0,0,0,0,1,1,0,1,0,0,1,0,0
37.726908,1,0,0,1,0,0,1,0,0,1,1,0,1,1,1,0,1,0
37.731605,0,0,0,0,1,0,0,0,0,0,0,0,0,0,0,0,0,0
37.747911,0,0,0,0,0,0,0,1,0,0,0,0,0,0,0,0,0,1
37.749433,0,0,0,0,0,1,0,0,0,0,0,0,0,1,1,0,0,0
37.754296,0,1,1,0,0,0,0,0,0,1,1,0,1,0,0,1,0,0
37.770600,1,0,0,1,0,0,1,0,0,1,1,0,1,1,1,0,1,0
37.778797,0,0,0,0,1,0,0,0,0,0,0,0,0,0,0,0,0,0
37.792372,0,0,1,0,0,0,0,0,1,0,0,0,1,0,0,0,0,0
37.798060,0,0,0,0,0,0,0,1,0,0,0,0,0,0,0,0,0,1
37.799654,0,0,0,0,0,1,0,0,0,1,0,1,0,1,0,1,0,0
37.811216,1,0,0,1,0,0,1,0,0,1,1,0,1,1,1,0,1,0
37.829960,0,0,0,0,1,0,0,0,0,0,0,0,0,0,0,0,0,0
37.838673,0,0,1,0,0,0,0,0,1,0,0,0,1,0,0,0,0,0
37.848821,0,0,0,0,0,1,0,0,0,1,0,1,0,1,0,1,0,0
37.849636,0,0,0,0,0,0,0,1,0,0,0,0,0,0,0,0,0,1
37.863269,1,0,0,0,0,0,0,0,1,0,0,0,1,0,0,0,0,0
37.886186,0,0,0,0,1,0,0,0,0,0,0,0,0,0,0,0,0,0
37.900682,0,0,0,0,0,0,1,1,0,1,0,1,0,1,0,0,1,1
37.900974,0,0,0,0,0,1,0,0,0,0,0,0,0,1,1,0,0,0
37.922095,0,1,1,0,0,0,0,0,0,1,1,0,1,0,0,1,0,0
37.936843,1,0,0,0,0,0,0,0,1,0,0,0,1,0,0,0,0,0
37.937299,0,0,0,0,0,0,1,0,0,1,0,1,0,1,0,0,1,0
37.937754,0,0,0,0,1,0,0,0,0,0,0,0,0,0,0,0,0,0
37.946111,0,0,0,0,0,0,0,1,0,0,0,0,0,0,0,0,0,1
37.948319,0,0,0,0,0,1,0,0,0,0,0,0,0,1,1,0,0,0
37.961008,0,1,1,0,0,0,0,0,0,1,1,0,1,0,0,1,0,0
37.973033,1,0,0,1,0,0,1,0,0,1,1,0,1,1,1,0,1,0
37.977677,0,0,0,0,1,0,0,0,0,0,0,0,0,0,0,0,0,0
37.994549,0,0,1,0,0,0,0,0,1,0,0,0,1,0,0,0,0,0
38.000421,0,0,0,0,0,0,0,1,0,0,0,0,0,0,0,0,0,1
38.001379,0,0,0,0,0,1,0,0,0,1,0,1,0,1,0,1,0,0
38.015198,1,0,0,1,0,0,1,0,0,1,1,0,1,1,1,0,1,0
38.036372,0,0,0,0,1,0,0,0,0,0,0,0,0,0,0,0,0,0
38.040451,0,0,1,0,0,0,0,0,1,0,0,0,1,0,0,0,0,0
38.047958,0,0,0,0,0,0,0,1,0,0,0,0,0,0,0,0,0,1
38.051140,0,0,0,0,0,1,0,0,0,1,0,1,0,1,0,1,0,0
38.065608,1,0,0,0,0,0,0,0,1,0,0,0,1,0,0,0,0,0
38.081056,0,0,0,0,0,0,1,0,0,1,0,1,0,1,0,0,1,0
38.083636,0,0,0,0,1,0,0,0,0,0,0,0,0,0,0,0,0,0
38.099233,0,0,0,0,0,1,0,0,0,0,0,0,0,1,1,0,0,0
38.102092,0,0,0,0,0,0,0,1,0,0,0,0,0,0,0,0,0,1
38.103665,0,1,1,0,0,0,0,0,0,1,1,0,1,0,0,1,0,0
38.120079,1,0,0,1,0,0,1,0,0,1,1,0,1,1,1,0,1,0
38.135988,0,0,0,0,1,0,0,0,0,0,0,0,0,0,0,0,0,0
38.146123,0,0,1,0,0,0,0,0,1,0,0,0,1,0,0,0,0,0
38.147422,0,0,0,0,0,0,0,1,0,0,0,0,0,0,0,0,0,1
38.151023,0,0,0,0,0,1,0,0,0,1,0,1,0,1,0,1,0,0
38.167180,1,0,0,0,0,0,0,0,1,0,0,0,1,0,0,0,0,0
38.175084,0,0,0,0,0,0,1,0,0,1,0,1,0,1,0,0,1,0
38.184401,0,0,0,0,1,0,0,0,0,0,0,0,0,0,0,0,0,0
38.200100,0,0,0,0,0,0,0,1,0,0,0,0,0,0,0,0,0,1
38.200107,0,0,0,0,0,1,0,0,0,0,0,0,0,1,1,0,0,0
38.201279,0,1,1,0,0,0,0,0,0,1,1,0,1,0,0,1,0,0
38.211874,1,0,0,1,0,0,1,0,0,1,1,0,1,1,1,0,1,0
38.233778,0,0,1,0,0,0,0,0,1,0,0,0,1,0,0,0,0,0
38.234281,0,0,0,0,1,0,0,0,0,0,0,0,0,0,0,0,0,0
38.250396,0,0,0,0,0,1,0,0,0,1,0,1,0,1,0,1,0,0
38.250720,0,0,0,0,0,0,0,1,0,0,0,0,0,0,0,0,0,1
38.269106,1,0,0,1,0,0,1,0,0,1,1,0,1,1,1,0,1,0
38.288265,0,0,0,0,1,0,0,0,0,0,0,0,0,0,0,0,0,0
38.297147,0,0,1,0,0,0,0,0,1,0,0,0,1,0,0,0,0,0
38.300111,0,0,0,0,0,0,0,1,0,0,0,0,0,0,0,0,0,1
38.300539,0,0,0,0,0,1,0,0,0,1,0,1,0,1,0,1,0,0
38.312514,1,0,0,0,0,0,0,0,1,0,0,0,1,0,0,0,0,0
38.332671,0,0,0,0,1,0,1,0,0,1,0,1,0,1,0,0,1,0
38.347228,0,0,0,0,0,0,0,1,0,0,0,0,0,0,0,0,0,1
38.351165,0,0,0,0,0,1,0,0,0,0,0,0,0,1,1,0,0,0
38.356162,0,1,1,0,0,0,0,0,0,1,1,0,1,0,0,1,0,0
38.373186,1,0,0,0,0,0,0,0,1,0,0,0,1,0,0,0,0,0
38.374573,0,0,0,0,0,0,1,0,0,1,0,1,0,1,0,0,1,0
38.385778,0,0,0,0,1,0,0,0,0,0,0,0,0,0,0,0,0,0
38.399313,0,0,1,0,0,0,0,0,1,0,0,0,1,0,0,0,0,0
38.399973,0,0,0,0,0,1,0,0,0,1,0,1,0,1,0,1,0,0
38.400803,0,0,0,0,0,0,0,1,0,0,0,0,0,0,0,0,0,1
38.417503,1,0,0,1,0,0,1,0,0,1,1,0,1,1,1,0,1,0
38.432052,0,0,0,0,1,0,0,0,0,0,0,0,0,0,0,0,0,0
38.443336,0,0,1,0,0,0,0,0,1,0,0,0,1,0,0,0,0,0
38.447449,0,0,0,0,0,0,0,1,0,0,0,0,0,0,0,0,0,1
38.449022,0,0,0,0,0,1,0,0,0,1,0,1,0,1,0,1,0,0
38.461334,1,0,0,1,0,0,1,0,0,1,1,0,1,1,1,0,1,0
38.482823,0,0,0,0,1,0,0,0,0,0,0,0,0,0,0,0,0,0
38.485898,0,0,1,0,0,0,0,0,1,0,0,0,1,0,0,0,0,0
38.500704,0,0,0,0,0,1,0,0,0,1,0,1,0,1,0,1,0,0
38.501147,0,0,0,0,0,0,0,1,0,0,0,0,0,0,0,0,0,1
38.514101,1,0,0,1,0,0,1,0,0,1,1,0,1,1,1,0,1,0
38.539380,0,0,0,0,1,0,0,0,0,0,0,0,0,0,0,0,0,0
38.542616,0,0,1,0,0,0,0,0,1,0,0,0,1,0,0,0,0,0
38.549115,0,0,0,0,0,0,0,1,0,0,0,0,0,0,0,0,0,1
38.549557,0,0,0,0,0,1,0,0,0,1,0,1,0,1,0,1,0,0
38.562919,1,0,0,1,0,0,1,0,0,1,1,0,1,1,1,0,1,0
38.585713,0,0,0,0,1,0,0,0,0,0,0,0,0,0,0,0,0,0
38.589411,0,0,1,0,0,0,0,0,1,0,0,0,1,0,0,0,0,0
38.599962,0,0,0,0,0,1,0,0,0,1,0,1,0,1,0,1,0,0
38.602047,0,0,0,0,0,0,0,1,0,0,0,0,0,0,0,0,0,1
38.614591,1,0,0,1,0,0,1,0,0,1,1,0,1,1,1,0,1,0
38.636249,0,0,1,0,0,0,0,0,1,0,0,0,1,0,0,0,0,0
38.639992,0,0,0,0,1,0,0,0,0,0,0,0,0,0,0,0,0,0
38.649239,0,0,0,0,0,0,0,1,0,0,0,0,0,0,0,0,0,1
38.651798,0,0,0,0,0,1,0,0,0,1,0,1,0,1,0,1,0,0
38.666678,1,0,0,1,0,0,1,0,0,1,1,0,1,1,1,0,1,0
38.683481,0,0,0,0,1,0,0,0,0,0,0,0,0,0,0,0,0,0
38.689328,0,0,1,0,0,0,0,0,1,0,0,0,1,0,0,0,0,0
38.698358,0,0,0,0,0,0,0,1,0,0,0,0,0,0,0,0,0,1
38.698653,0,0,0,0,0,1,0,0,0,1,0,1,0,1,0,1,0,0
38.716477,1,0,0,1,0,0,1,0,0,1,1,0,1,1,1,0,1,0
38.731153,0,0,0,0,1,0,0,0,0,0,0,0,0,0,0,0,0,0
38.737522,0,0,1,0,0,0,0,0,1,0,0,0,1,0,0,0,0,0
38.748548,0,0,0,0,0,0,0,1,0,0,0,0,0,0,0,0,0,1
38.750055,0,0,0,0,0,1,0,0,0,1,0,1,0,1,0,1,0,0
38.763160,1,0,0,1,0,0,1,0,0,1,1,0,1,1,1,0,1,0
38.783417,0,0,0,0,1,0,0,0,0,0,0,0,0,0,0,0,0,0
38.789812,0,0,1,0,0,0,0,0,1,0,0,0,1,0,0,0,0,0
38.799984,0,0,0,0,0,1,0,0,0,1,0,1,0,1,0,1,0,0
38.800978,0,0,0,0,0,0,0,1,0,0,0,0,0,0,0,0,0,1
38.819835,1,0,0,0,0,0,0,0,1,0,0,0,1,0,0,0,0,0
38.837559,0,0,0,0,1,0,1,0,0,1,0,1,0,1,0,0,1,0
38.850734,0,0,0,0,0,1,0,0,0,0,0,0,0,1,1,0,0,0
38.850932,0,0,0,0,0,0,0,1,0,0,0,0,0,0,0,0,0,1
38.866877,0,1,1,0,0,0,0,0,0,1,1,0,1,0,0,1,0,0
38.884815,1,0,0,0,0,0,0,0,1,0,0,0,1,0,0,0,0,0
38.887317,0,0,0,0,0,0,1,0,0,1,0,1,0,1,0,0,1,0
38.889631,0,0,0,0,1,0,0,0,0,0,0,0,0,0,0,0,0,0
38.899268,0,0,0,0,0,0,0,1,0,0,0,0,0,0,0,0,0,1
38.899754,0,0,0,0,0,1,0,0,0,0,0,0,0,1,1,0,0,0
38.907539,0,1,1,0,0,0,0,0,0,1,1,0,1,0,0,1,0,0
38.924892,1,0,0,1,0,0,1,0,0,1,1,0,1,1,1,0,1,0
38.933052,0,0,0,0,1,0,0,0,0,0,0,0,0,0,0,0,0,0
38.949052,0,0,0,0,0,0,0,1,0,0,0,0,0,0,0,0,0,1
38.950794,0,0,0,0,0,1,0,0,0,0,0,0,0,1,1,0,0,0
38.953967,0,1,1,0,0,0,0,0,0,1,1,0,1,0,0,1,0,0
38.972290,1,0,0,0,0,0,0,0,1,0,0,0,1,0,0,0,0,0
38.985398,0,0,0,0,1,0,1,0,0,1,0,1,0,1,0,0,1,0
38.999428,0,0,0,0,0,1,0,0,0,0,0,0,0,1,1,0,0,0
39.002445,0,0,0,0,0,0,0,1,0,0,0,0,0,0,0,0,0,1
39.011799,0,1,1,0,0,0,0,0,0,1,1,0,1,0,0,1,0,0
39.028859,1,0,0,0,0,0,0,0,1,0,0,0,1,0,0,0,0,0
39.032880,0,0,0,0,0,0,1,0,0,1,0,1,0,1,0,0,1,0
39.038969,0,0,0,0,1,0,0,0,0,0,0,0,0,0,0,0,0,0
39.049247,0,0,0,0,0,1,0,0,0,0,0,0,0,1,1,0,0,0
39.050352,0,0,0,0,0,0,0,1,0,0,0,0,0,0,0,0,0,1
39.059763,0,1,1,0,0,0,0,0,0,1,1,0,1,0,0,1,0,0
39.073749,1,0,0,1,0,0,1,0,0,1,1,0,1,1,1,0,1,0
39.081301,0,0,0,0,1,0,0,0,0,0,0,0,0,0,0,0,0,0
39.099530,0,0,1,0,0,0,0,0,1,0,0,0,1,0,0,0,0,0
39.100033,0,0,0,0,0,1,0,0,0,1,0,1,0,1,0,1,0,0
39.100943,0,0,0,0,0,0,0,1,0,0,0,0,0,0,0,0,0,1
39.110877,1,0,0,1,0,0,1,0,0,1,1,0,1,1,1,0,1,0
39.133483,0,0,1,0,0,0,0,0,1,0,0,0,1,0,0,0,0,0
39.136826,0,0,0,0,1,0,0,0,0,0,0,0,0,0,0,0,0,0
39.148450,0,0,0,0,0,0,0,1,0,0,0,0,0,0,0,0,0,1
39.150288,0,0,0,0,0,1,0,0,0,1,0,1,0,1,0,1,0,0
39.164922,1,0,0,0,0,0,0,0,1,0,0,0,1,0,0,0,0,0
39.186533,0,0,0,0,1,0,0,0,0,0,0,0,0,0,0,0,0,0
39.198047,0,0,0,0,0,0,0,1,0,0,0,0,0,0,0,0,0,1
39.200163,0,0,0,0,0,1,1,0,0,1,0,1,0,1,0,1,0,0
39.217790,1,0,0,1,0,0,1,0,0,1,1,0,1,1,1,0,1,0
39.237768,0,0,0,0,1,0,0,0,0,0,0,0,0,0,0,0,0,0
39.242678,0,0,1,1,0,0,0,0,0,1,1,0,1,0,0,0,1,0
39.250221,0,0,0,0,0,1,0,0,0,0,0,0,0,1,1,0,0,0
39.250235,0,0,0,0,0,0,0,1,0,0,0,0,0,0,0,0,0,1
39.266364,0,1,1,0,0,0,0,0,0,1,1,0,1,0,0,1,0,0
39.283794,1,0,0,1,0,0,1,0,0,1,1,0,1,1,1,0,1,0
39.287861,0,0,0,0,1,0,0,0,0,0,0,0,0,0,0,0,0,0
39.300241,0,0,0,0,0,0,0,1,0,0,0,0,0,0,0,0,0,1
39.301676,0,0,0,0,0,1,0,0,0,0,0,0,0,1,1,0,0,0
39.305786,0,1,1,0,0,0,0,0,0,1,1,0,1,0,0,1,0,0
39.324761,1,0,0,1,0,0,1,0,0,1,1,0,1,1,1,0,1,0
39.333650,0,0,0,0,1,0,0,0,0,0,0,0,0,0,0,0,0,0
39.346105,0,0,0,0,0,0,0,1,0,0,0,0,0,0,0,0,0,1
39.346860,0,0,1,0,0,0,0,0,1,0,0,0,1,0,0,0,0,0
39.348900,0,0,0,0,0,1,0,0,0,1,0,1,0,1,0,1,0,0
39.361767,1,0,0,1,0,0,1,0,0,1,1,0,1,1,1,0,1,0
39.384027,0,0,0,0,1,0,0,0,0,0,0,0,0,0,0,0,0,0
39.388676,0,0,1,0,0,0,0,0,1,0,0,0,1,0,0,0,0,0
39.398020,0,0,0,0,0,0,0,1,0,0,0,0,0,0,0,0,0,1
39.400137,0,0,0,0,0,1,0,0,0,1,0,1,0,1,0,1,0,0
39.410226,1,0,0,0,0,0,0,0,1,0,0,0,1,0,0,0,0,0
39.421027,0,0,0,0,0,0,1,0,0,1,0,1,0,1,0,0,1,0
39.433650,0,0,0,0,1,0,0,0,0,0,0,0,0,0,0,0,0,0
39.445310,0,0,1,0,0,0,0,0,1,0,0,0,1,0,0,0,0,0
39.449039,0,0,0,0,0,0,0,1,0,0,0,0,0,0,0,0,0,1
39.449660,0,0,0,0,0,1,0,0,0,1,0,1,0,1,0,1,0,0
39.461411,1,0,0,1,0,0,1,0,0,1,1,0,1,1,1,0,1,0
39.481709,0,0,0,0,1,0,0,0,0,0,0,0,0,0,0,0,0,0
39.483610,0,0,1,0,0,0,0,0,1,0,0,0,1,0,0,0,0,0
39.500355,0,0,0,0,0,1,0,0,0,1,0,1,0,1,0,1,0,0
39.500723,0,0,0,0,0,0,0,1,0,0,0,0,0,0,0,0,0,1
39.516349,1,0,0,0,0,0,0,0,1,0,0,0,1,0,0,0,0,0
39.536693,0,0,0,0,1,0,0,0,0,0,0,0,0,0,0,0,0,0
39.548110,0,0,0,0,0,0,1,1,0,1,0,1,0,1,0,0,1,1
39.550365,0,0,0,0,0,1,0,0,0,0,0,0,0,1,1,0,0,0
39.576561,0,1,1,0,0,0,0,0,0,1,1,0,1,0,0,1,0,0
39.580620,0,0,0,0,1,0,0,0,0,0,0,0,0,0,0,0,0,0
39.587779,1,0,0,1,0,0,1,0,0,1,1,0,1,1,1,0,1,0
39.599335,0,0,0,0,0,0,0,1,0,0,0,0,0,0,0,0,0,1
39.599520,0,0,0,0,0,1,0,0,0,0,0,0,0,1,1,0,0,0
39.615510,0,1,1,0,0,0,0,0,0,1,1,0,1,0,0,1,0,0
39.632913,1,0,0,0,0,0,0,0,1,0,0,0,1,0,0,0,0,0
39.638291,0,0,0,0,1,0,1,0,0,1,0,1,0,1,0,0,1,0
39.650186,0,0,0,0,0,1,0,0,0,0,0,0,0,1,1,0,0,0
39.652806,0,0,0,0,0,0,0,1,0,0,0,0,0,0,0,0,0,1
39.661021,0,1,1,0,0,0,0,0,0,1,1,0,1,0,0,1,0,0
39.678444,1,0,0,0,0,0,0,0,1,0,0,0,1,0,0,0,0,0
39.685376,0,0,0,0,0,0,1,0,0,1,0,1,0,1,0,0,1,0
39.687767,0,0,0,0,1,0,0,0,0,0,0,0,0,0,0,0,0,0
39.699827,0,0,0,0,0,1,0,0,0,0,0,0,0,1,1,0,0,0
39.701638,0,0,0,0,0,0,0,1,0,0,0,0,0,0,0,0,0,1
39.709993,0,1,1,0,0,0,0,0,0,1,1,0,1,0,0,1,0,0
39.721481,1,0,0,1,0,0,1,0,0,1,1,0,1,1,1,0,1,0
39.735305,0,0,0,0,1,0,0,0,0,0,0,0,0,0,0,0,0,0
39.746607,0,0,0,0,0,0,0,1,0,0,0,0,0,0,0,0,0,1
39.749674,0,0,1,0,0,0,0,0,1,0,0,0,1,0,0,0,0,0
39.750702,0,0,0,0,0,1,0,0,0,1,0,1,0,1,0,1,0,0
39.765021,1,0,0,0,0,0,0,0,1,0,0,0,1,0,0,0,0,0
39.778345,0,0,0,0,1,0,1,0,0,1,0,1,0,1,0,0,1,0
39.797963,0,0,0,0,0,0,0,1,0,0,0,0,0,0,0,0,0,1
39.798800,0,0,1,0,0,0,0,0,1,0,0,0,1,0,0,0,0,0
39.799978,0,0,0,0,0,1,0,0,0,1,0,1,0,1,0,1,0,0
39.817679,1,0,0,0,0,0,0,0,1,0,0,0,1,0,0,0,0,0
39.830655,0,0,0,0,1,0,0,0,0,0,0,0,0,0,0,0,0,0
39.850580,0,0,0,0,0,1,0,0,0,1,0,1,0,1,0,1,0,0
39.853611,0,0,0,0,0,0,1,1,0,0,0,0,0,1,1,0,0,1
39.868086,1,0,0,1,0,0,1,0,0,1,1,0,1,1,1,0,1,0
39.888276,0,0,0,0,1,0,0,0,0,0,0,0,0,0,0,0,0,0
39.889978,0,0,1,1,0,0,0,0,0,1,1,0,1,0,0,0,1,0
39.897667,0,0,0,0,0,0,0,1,0,0,0,0,0,0,0,0,0,1
39.901578,0,0,0,0,0,1,0,0,0,0,0,0,0,1,1,0,0,0
39.918490,0,1,1,0,0,0,0,0,0,1,1,0,1,0,0,1,0,0
39.931669,1,0,0,1,0,0,1,0,0,1,1,0,1,1,1,0,1,0
39.936790,0,0,0,0,1,0,0,0,0,0,0,0,0,0,0,0,0,0
39.949033,0,0,0,0,0,0,0,1,0,0,0,0,0,0,0,0,0,1
39.949043,0,0,0,0,0,1,0,0,0,0,0,0,0,1,1,0,0,0
39.955283,0,1,1,0,0,0,0,0,0,1,1,0,1,0,0,1,0,0
39.971635,1,0,0,1,0,0,1,0,0,1,1,0,1,1,1,0,1,0
39.982759,0,0,0,0,1,0,0,0,0,0,0,0,0,0,0,0,0,0
39.993257,0,0,1,0,0,0,0,0,1,0,0,0,1,0,0,0,0,0
40.001353,0,0,0,0,0,1,0,0,0,1,0,1,0,1,0,1,0,0
40.001484,0,0,0,0,0,0,0,1,0,0,0,0,0,0,0,0,0,1
40.013312,1,0,0,0,0,0,0,0,1,0,0,0,1,0,0,0,0,0
40.038347,0,0,0,0,1,0,1,0,0,1,0,1,0,1,0,0,1,0
40.046462,0,0,0,0,0,0,0,1,0,0,0,0,0,0,0,0,0,1
40.051097,0,0,0,0,0,1,0,0,0,0,0,0,0,1,1,0,0,0
40.065537,0,1,1,0,0,0,0,0,0,1,1,0,1,0,0,1,0,0
40.075905,1,0,0,1,0,0,1,0,0,1,1,0,1,1,1,0,1,0
40.082354,0,0,0,0,1,0,0,0,0,0,0,0,0,0,0,0,0,0
40.096063,0,0,0,0,0,0,0,1,0,0,0,0,0,0,0,0,0,1
40.098471,0,0,1,0,0,0,0,0,1,0,0,0,1,0,0,0,0,0
40.101468,0,0,0,0,0,1,0,0,0,1,0,1,0,1,0,1,0,0
40.116042,1,0,0,0,0,0,0,0,1,0,0,0,1,0,0,0,0,0
40.129111,0,0,0,0,0,0,1,0,0,1,0,1,0,1,0,0,1,0
40.132136,0,0,0,0,1,0,0,0,0,0,0,0,0,0,0,0,0,0
40.148430,0,0,0,0,0,1,0,0,0,0,0,0,0,1,1,0,0,0
40.150512,0,1,1,0,0,0,0,0,0,1,1,0,1,0,0,1,0,0
40.151344,0,0,0,0,0,0,0,1,0,0,0,0,0,0,0,0,0,1
40.161567,1,0,0,1,0,0,1,0,0,1,1,0,1,1,1,0,1,0
40.182635,0,0,1,0,0,0,0,0,1,0,0,0,1,0,0,0,0,0
40.190673,0,0,0,0,1,0,0,0,0,0,0,0,0,0,0,0,0,0
40.199695,0,0,0,0,0,0,0,1,0,0,0,0,0,0,0,0,0,1
40.201327,0,0,0,0,0,1,0,0,0,1,0,1,0,1,0,1,0,0
40.218901,1,0,0,0,0,0,0,0,1,0,0,0,1,0,0,0,0,0
40.237499,0,0,0,0,1,0,0,0,0,0,0,0,0,0,0,0,0,0
40.244285,0,0,0,0,0,0,1,0,0,1,0,1,0,1,0,0,1,0
40.246338,0,0,0,0,0,0,0,1,0,0,0,0,0,0,0,0,0,1
40.249256,0,0,0,0,0,1,0,0,0,0,0,0,0,1,1,0,0,0
40.267598,0,1,1,0,0,0,0,0,0,1,1,0,1,0,0,1,0,0
40.282170,1,0,0,1,0,0,1,0,0,1,1,0,1,1,1,0,1,0
40.286106,0,0,0,0,1,0,0,0,0,0,0,0,0,0,0,0,0,0
40.299301,0,0,0,0,0,1,0,0,0,0,0,0,0,1,1,0,0,0
40.299839,0,0,0,0,0,0,0,1,0,0,0,0,0,0,0,0,0,1
40.311521,0,1,1,0,0,0,0,0,0,1,1,0,1,0,0,1,0,0
40.329117,1,0,0,1,0,0,1,0,0,1,1,0,1,1,1,0,1,0
40.331936,0,0,0,0,1,0,0,0,0,0,0,0,0,0,0,0,0,0
40.350938,0,0,0,0,0,1,0,0,0,0,0,0,0,1,1,0,0,0
40.352106,0,0,0,0,0,0,0,1,0,0,0,0,0,0,0,0,0,1
40.354739,0,1,1,0,0,0,0,0,0,1,1,0,1,0,0,1,0,0
40.372561,1,0,0,0,0,0,0,0,1,0,0,0,1,0,0,0,0,0
40.389728,0,0,0,0,1,0,0,0,0,0,0,0,0,0,0,0,0,0
40.395603,0,0,0,0,0,0,1,0,0,1,0,1,0,1,0,0,1,0
40.396806,0,0,0,0,0,0,0,1,0,0,0,0,0,0,0,0,0,1
40.399492,0,0,0,0,0,1,0,0,0,0,0,0,0,1,1,0,0,0
40.422594,0,1,1,0,0,0,0,0,0,1,1,0,1,0,0,1,0,0
40.433566,0,0,0,0,1,0,0,0,0,0,0,0,0,0,0,0,0,0
40.433924,1,0,0,1,0,0,1,0,0,1,1,0,1,1,1,0,1,0
40.448162,0,0,0,0,0,0,0,1,0,0,0,0,0,0,0,0,0,1
40.449469,0,0,0,0,0,1,0,0,0,0,0,0,0,1,1,0,0,0
40.458035,0,1,1,0,0,0,0,0,0,1,1,0,1,0,0,1,0,0
40.471960,1,0,0,1,0,0,1,0,0,1,1,0,1,1,1,0,1,0
40.486269,0,0,0,0,1,0,0,0,0,0,0,0,0,0,0,0,0,0
40.497385,0,0,1,0,0,0,0,0,1,0,0,0,1,0,0,0,0,0
40.500888,0,0,0,0,0,1,0,0,0,1,0,1,0,1,0,1,0,0
40.502996,0,0,0,0,0,0,0,1,0,0,0,0,0,0,0,0,0,1
40.519155,1,0,0,0,0,0,0,0,1,0,0,0,1,0,0,0,0,0
40.534142,0,0,0,0,1,0,1,0,0,1,0,1,0,1,0,0,1,0
40.551213,0,0,0,0,0,1,0,0,0,0,0,0,0,1,1,0,0,0
40.552629,0,0,0,0,0,0,0,1,0,0,0,0,0,0,0,0,0,1
40.561417,0,1,1,0,0,0,0,0,0,1,1,0,1,0,0,1,0,0
40.573083,1,0,0,0,0,0,0,0,1,0,0,0,1,0,0,0,0,0
40.592200,0,0,0,0,1,0,1,0,0,1,0,1,0,1,0,0,1,0
40.600714,0,0,0,0,0,1,0,0,0,0,0,0,0,1,1,0,0,0
40.601668,0,0,0,0,0,0,0,1,0,0,0,0,0,0,0,0,0,1
40.619184,0,1,1,0,0,0,0,0,0,1,1,0,1,0,0,1,0,0
40.630792,1,0,0,0,0,0,0,0,1,0,0,0,1,0,0,0,0,0
40.639312,0,0,0,0,1,0,0,0,0,0,0,0,0,0,0,0,0,0
40.649931,0,0,0,0,0,1,1,0,0,1,0,1,0,1,0,1,0,0
40.653572,0,0,0,0,0,0,0,1,0,0,0,0,0,0,0,0,0,1
40.664427,1,0,0,1,0,0,0,0,0,1,1,0,1,0,0,0,1,0
40.689086,0,0,0,0,1,0,0,0,0,0,0,0,0,0,0,0,0,0
40.690039,0,0,1,0,0,0,0,0,1,0,0,0,1,0,0,0,0,0
40.698672,0,0,0,0,0,1,1,0,0,1,0,1,0,1,0,1,0,0
40.701331,0,0,0,0,0,0,0,1,0,0,0,0,0,0,0,0,0,1
40.714090,1,0,0,1,0,0,0,0,0,1,1,0,1,0,0,0,1,0
40.737255,0,0,1,1,0,0,1,0,0,1,1,0,1,1,1,0,1,0
40.739273,0,0,0,0,1,0,0,0,0,0,0,0,0,0,0,0,0,0
40.748108,0,0,0,0,0,0,0,1,0,0,0,0,0,0,0,0,0,1
40.750233,0,0,0,0,0,1,0,0,0,0,0,0,0,1,1,0,0,0
40.760069,0,1,1,0,0,0,0,0,0,1,1,0,1,0,0,1,0,0
40.774414,1,0,0,1,0,0,1,0,0,1,1,0,1,1,1,0,1,0
40.786325,0,0,0,0,1,0,0,0,0,0,0,0,0,0,0,0,0,0
40.799392,0,0,0,0,0,0,0,1,0,0,0,0,0,0,0,0,0,1
40.799836,0,0,1,0,0,0,0,0,1,0,0,0,1,0,0,0,0,0
40.800855,0,0,0,0,0,1,0,0,0,1,0,1,0,1,0,1,0,0
40.812316,1,0,0,1,0,0,1,0,0,1,1,0,1,1,1,0,1,0
40.833351,0,0,1,0,0,0,0,0,1,0,0,0,1,0,0,0,0,0
40.837955,0,0,0,0,1,0,0,0,0,0,0,0,0,0,0,0,0,0
40.850305,0,0,0,0,0,1,0,0,0,1,0,1,0,1,0,1,0,0
40.850470,0,0,0,0,0,0,0,1,0,0,0,0,0,0,0,0,0,1
40.867736,1,0,0,1,0,0,1,0,0,1,1,0,1,1,1,0,1,0
40.880803,0,0,0,0,1,0,0,0,0,0,0,0,0,0,0,0,0,0
40.896880,0,0,1,0,0,0,0,0,1,0,0,0,1,0,0,0,0,0
40.898958,0,0,0,0,0,1,0,0,0,1,0,1,0,1,0,1,0,0
40.899467,0,0,0,0,0,0,0,1,0,0,0,0,0,0,0,0,0,1
40.911628,1,0,0,1,0,0,1,0,0,1,1,0,1,1,1,0,1,0
40.934909,0,0,0,0,1,0,0,0,0,0,0,0,0,0,0,0,0,0
40.935680,0,0,1,0,0,0,0,0,1,0,0,0,1,0,0,0,0,0
40.948189,0,0,0,0,0,0,0,1,0,0,0,0,0,0,0,0,0,1
40.950657,0,0,0,0,0,1,0,0,0,1,0,1,0,1,0,1,0,0
40.969597,1,0,0,0,0,0,0,0,1,0,0,0,1,0,0,0,0,0
40.983243,0,0,0,0,1,0,0,0,0,0,0,0,0,0,0,0,0,0
40.998327,0,0,0,0,0,0,0,1,0,0,0,0,0,0,0,0,0,1
40.999659,0,0,0,0,0,1,0,0,0,1,0,1,0,1,0,1,0,0
41.007195,0,0,0,0,0,0,1,0,0,0,0,0,0,1,1,0,0,0
41.011931,1,0,0,1,0,0,1,0,0,1,1,0,1,1,1,0,1,0
41.037670,0,0,0,0,1,0,0,0,0,0,0,0,0,0,0,0,0,0
41.041737,0,0,1,1,0,0,0,0,0,1,1,0,1,0,0,0,1,0
41.050879,0,0,0,0,0,1,0,0,0,0,0,0,0,1,1,0,0,0
41.053287,0,0,0,0,0,0,0,1,0,0,0,0,0,0,0,0,0,1
41.062476,0,1,1,0,0,0,0,0,0,1,1,0,1,0,0,1,0,0
41.077485,1,0,0,0,0,0,0,0,1,0,0,0,1,0,0,0,0,0
41.088122,0,0,0,0,0,0,1,0,0,1,0,1,0,1,0,0,1,0
41.091819,0,0,0,0,1,0,0,0,0,0,0,0,0,0,0,0,0,0
41.100978,0,0,0,0,0,1,0,0,0,0,0,0,0,1,1,0,0,0
41.101340,0,0,0,0,0,0,0,1,0,0,0,0,0,0,0,0,0,1
41.109201,0,1,1,0,0,0,0,0,0,1,1,0,1,0,0,1,0,0
41.126543,1,0,0,0,0,0,0,0,1,0,0,0,1,0,0,0,0,0
41.137443,0,0,0,0,1,0,1,0,0,1,0,1,0,1,0,0,1,0
41.146886,0,0,0,0,0,0,0,1,0,0,0,0,0,0,0,0,0,1
41.149664,0,0,0,0,0,1,0,0,0,0,0,0,0,1,1,0,0,0
41.164139,0,1,1,0,0,0,0,0,0,1,1,0,1,0,0,1,0,0
41.175357,1,0,0,0,0,0,0,0,1,0,0,0,1,0,0,0,0,0
41.184528,0,0,0,0,1,0,0,0,0,0,0,0,0,0,0,0,0,0
41.199229,0,0,0,0,0,1,0,0,0,1,0,1,0,1,0,1,0,0
41.202078,0,0,0,0,0,0,0,1,0,0,0,0,0,0,0,0,0,1
41.214813,1,0,0,0,0,0,0,0,1,0,0,0,1,0,0,0,0,0
41.232705,0,0,0,0,0,0,1,0,0,1,0,1,0,1,0,0,1,0
41.236829,0,0,0,0,1,0,0,0,0,0,0,0,0,0,0,0,0,0
41.250287,0,0,0,0,0,0,1,1,0,0,0,0,0,1,1,0,0,1
41.251319,0,0,0,0,0,1,0,0,0,0,0,0,0,1,1,0,0,0
41.261004,0,1,1,0,0,0,0,0,0,1,1,0,1,0,0,0,1,0
41.282237,0,0,0,0,1,0,0,0,0,0,0,0,0,0,0,0,0,0
41.282412,0,1,1,0,0,0,0,0,0,1,1,0,1,0,0,1,0,0
41.297012,1,0,0,0,0,0,0,0,1,0,0,0,1,0,0,0,0,0
41.298405,0,0,0,0,0,0,1,0,0,1,0,1,0,1,0,0,1,0
41.300245,0,0,0,0,0,1,0,0,0,0,0,0,0,1,1,0,0,0
41.302987,0,0,0,0,0,0,0,1,0,0,0,0,0,0,0,0,0,1
41.319714,0,1,1,0,0,0,0,0,0,1,1,0,1,0,0,1,0,0
41.332766,1,0,0,1,0,0,1,0,0,1,1,0,1,1,1,0,1,0
41.339292,0,0,0,0,1,0,0,0,0,0,0,0,0,0,0,0,0,0
41.348175,0,0,0,0,0,0,0,1,0,0,0,0,0,0,0,0,0,1
41.351161,0,0,0,0,0,1,0,0,0,0,0,0,0,1,1,0,0,0
41.357446,0,1,1,0,0,0,0,0,0,1,1,0,1,0,0,1,0,0
41.369550,1,0,0,0,0,0,0,0,1,0,0,0,1,0,0,0,0,0
41.382176,0,0,0,0,1,0,1,0,0,1,0,1,0,1,0,0,1,0
41.398534,0,0,0,0,0,0,0,1,0,0,0,0,0,0,0,0,0,1
41.399008,0,0,0,0,0,1,0,0,0,0,0,0,0,1,1,0,0,0
41.410481,0,1,1,0,0,0,0,0,0,1,1,0,1,0,0,1,0,0
41.425964,1,0,0,1,0,0,1,0,0,1,1,0,1,1,1,0,1,0
41.435944,0,0,0,0,1,0,0,0,0,0,0,0,0,0,0,0,0,0
41.446011,0,0,1,0,0,0,0,0,1,0,0,0,1,0,0,0,0,0
41.450390,0,0,0,0,0,1,0,0,0,1,0,1,0,1,0,1,0,0
41.453009,0,0,0,0,0,0,0,1,0,0,0,0,0,0,0,0,0,1
41.461988,1,0,0,1,0,0,1,0,0,1,1,0,1,1,1,0,1,0
41.483169,0,0,0,0,1,0,0,0,0,0,0,0,0,0,0,0,0,0
41.490307,0,0,1,0,0,0,0,0,1,0,0,0,1,0,0,0,0,0
41.499227,0,0,0,0,0,1,0,0,0,1,0,1,0,1,0,1,0,0
41.499932,0,0,0,0,0,0,0,1,0,0,0,0,0,0,0,0,0,1
41.513008,1,0,0,0,0,0,0,0,1,0,0,0,1,0,0,0,0,0
41.536486,0,0,0,0,1,0,0,0,0,0,0,0,0,0,0,0,0,0
41.548236,0,0,0,0,0,0,1,1,0,1,0,1,0,1,0,0,1,1
41.550448,0,0,0,0,0,1,0,0,0,0,0,0,0,1,1,0,0,0
41.573091,0,1,1,0,0,0,0,0,0,1,1,0,1,0,0,1,0,0
41.583928,0,0,0,0,1,0,0,0,0,0,0,0,0,0,0,0,0,0
41.586735,1,0,0,1,0,0,1,0,0,1,1,0,1,1,1,0,1,0
41.599947,0,0,0,0,0,1,0,0,0,0,0,0,0,1,1,0,0,0
41.601598,0,0,0,0,0,0,0,1,0,0,0,0,0,0,0,0,0,1
41.612074,0,1,1,0,0,0,0,0,0,1,1,0,1,0,0,1,0,0
41.627675,1,0,0,1,0,0,1,0,0,1,1,0,1,1,1,0,1,0
41.639158,0,0,0,0,1,0,0,0,0,0,0,0,0,0,0,0,0,0
41.647566,0,0,0,0,0,0,0,1,0,0,0,0,0,0,0,0,0,1
41.651318,0,0,0,0,0,1,0,0,0,0,0,0,0,1,1,0,0,0
41.656436,0,1,1,0,0,0,0,0,0,1,1,0,1,0,0,1,0,0
41.668527,1,0,0,0,0,0,0,0,1,0,0,0,1,0,0,0,0,0
41.673328,0,0,0,0,0,0,1,0,0,1,0,1,0,1,0,0,1,0
41.680792,0,0,0,0,1,0,0,0,0,0,0,0,0,0,0,0,0,0
41.699725,0,0,0,0,0,1,0,0,0,0,0,0,0,1,1,0,0,0
41.700788,0,1,1,0,0,0,0,0,0,1,1,0,1,0,0,1,0,0
41.700948,0,0,0,0,0,0,0,1,0,0,0,0,0,0,0,0,0,1
41.718396,1,0,0,1,0,0,1,0,0,1,1,0,1,1,1,0,1,0
41.732607,0,0,0,0,1,0,0,0,0,0,0,0,0,0,0,0,0,0
41.747240,0,0,1,0,0,0,0,0,1,0,0,0,1,0,0,0,0,0
41.749569,0,0,0,0,0,1,0,0,0,1,0,1,0,1,0,1,0,0
41.749951,0,0,0,0,0,0,0,1,0,0,0,0,0,0,0,0,0,1
41.760739,1,0,0,0,0,0,0,0,1,0,0,0,1,0,0,0,0,0
41.777214,0,0,0,0,0,0,1,0,0,1,0,1,0,1,0,0,1,0
41.787758,0,0,0,0,1,0,0,0,0,0,0,0,0,0,0,0,0,0
41.799902,0,0,1,0,0,0,0,0,1,0,0,0,1,0,0,0,0,0
41.800148,0,0,0,0,0,1,0,0,0,1,0,1,0,1,0,1,0,0
41.801131,0,0,0,0,0,0,0,1,0,0,0,0,0,0,0,0,0,1
41.812016,1,0,0,1,0,0,1,0,0,1,1,0,1,1,1,0,1,0
41.834757,0,0,0,0,1,0,0,0,0,0,0,0,0,0,0,0,0,0
41.838039,0,0,1,0,0,0,0,0,1,0,0,0,1,0,0,0,0,0
41.848791,0,0,0,0,0,1,0,0,0,1,0,1,0,1,0,1,0,0
41.848933,0,0,0,0,0,0,0,1,0,0,0,0,0,0,0,0,0,1
41.860854,1,0,0,0,0,0,0,0,1,0,0,0,1,0,0,0,0,0
41.885916,0,0,0,0,1,0,0,0,0,0,0,0,0,0,0,0,0,0
41.898466,0,0,0,0,0,1,0,0,0,1,0,1,0,1,0,1,0,0
41.902003,0,0,0,0,0,0,0,1,0,0,0,0,0,0,0,0,0,1
41.909642,1,0,0,1,0,0,1,0,0,1,1,0,1,1,1,0,1,0
41.931121,0,0,0,0,0,0,1,0,0,0,0,0,0,1,1,0,0,0
41.936648,0,0,1,1,0,0,0,0,0,1,1,0,1,0,0,0,1,0
41.937992,0,0,0,0,1,0,0,0,0,0,0,0,0,0,0,0,0,0
41.950215,0,0,0,0,0,1,0,0,0,0,0,0,0,1,1,0,0,0
41.951894,0,0,0,0,0,0,0,1,0,0,0,0,0,0,0,0,0,1
41.958812,0,1,1,0,0,0,0,0,0,1,1,0,1,0,0,1,0,0
41.973474,1,0,0,0,0,0,0,0,1,0,0,0,1,0,0,0,0,0
41.988442,0,0,0,0,1,0,0,0,0,0,0,0,0,0,0,0,0,0
41.999144,0,0,0,0,0,0,1,1,0,1,0,1,0,1,0,0,1,1
42.001340,0,0,0,0,0,1,0,0,0,0,0,0,0,1,1,0,0,0
42.028104,0,1,1,0,0,0,0,0,0,1,1,0,1,0,0,1,0,0
42.032715,0,0,0,0,1,0,0,0,0,0,0,0,0,0,0,0,0,0
42.045434,1,0,0,0,0,0,0,0,1,0,0,0,1,0,0,0,0,0
42.048673,0,0,0,0,0,0,1,0,0,1,0,1,0,1,0,0,1,0
42.049732,0,0,0,0,0,1,0,0,0,0,0,0,0,1,1,0,0,0
42.050352,0,0,0,0,0,0,0,1,0,0,0,0,0,0,0,0,0,1
42.072147,0,1,1,0,0,0,0,0,0,1,1,0,1,0,0,1,0,0
42.084696,0,0,0,0,1,0,0,0,0,0,0,0,0,0,0,0,0,0
42.086421,1,0,0,1,0,0,1,0,0,1,1,0,1,1,1,0,1,0
42.100339,0,0,0,0,0,1,0,0,0,0,0,0,0,1,1,0,0,0
42.101264,0,0,0,0,0,0,0,1,0,0,0,0,0,0,0,0,0,1
42.109534,0,1,1,0,0,0,0,0,0,1,1,0,1,0,0,1,0,0
42.119871,1,0,0,1,0,0,1,0,0,1,1,0,1,1,1,0,1,0
42.131369,0,0,0,0,1,0,0,0,0,0,0,0,0,0,0,0,0,0
42.140662,0,0,1,0,0,0,0,0,1,0,0,0,1,0,0,0,0,0
42.150066,0,0,0,0,0,1,0,0,0,1,0,1,0,1,0,1,0,0
42.151441,0,0,0,0,0,0,0,1,0,0,0,0,0,0,0,0,0,1
42.164026,1,0,0,0,0,0,0,0,1,0,0,0,1,0,0,0,0,0
42.187423,0,0,0,0,1,0,1,0,0,1,0,1,0,1,0,0,1,0
42.199408,0,0,0,0,0,1,0,0,0,0,0,0,0,1,1,0,0,0
42.200338,0,0,0,0,0,0,0,1,0,0,0,0,0,0,0,0,0,1
42.207550,0,1,1,0,0,0,0,0,0,1,1,0,1,0,0,1,0,0
42.226419,1,0,0,0,0,0,0,0,1,0,0,0,1,0,0,0,0,0
42.232636,0,0,0,0,1,0,0,0,0,0,0,0,0,0,0,0,0,0
42.249610,0,0,0,0,0,1,0,0,0,1,0,1,0,1,0,1,0,0
42.250552,0,0,0,0,0,0,1,0,0,0,0,0,0,1,1,0,0,0
42.251460,0,0,0,0,0,0,0,1,0,0,0,0,0,0,0,0,0,1
42.266308,1,0,0,1,0,0,0,0,0,1,1,0,1,0,0,0,1,0
42.284970,0,0,0,0,1,0,0,0,0,0,0,0,0,0,0,0,0,0
42.290000,0,0,0,0,0,0,1,0,0,0,0,0,0,1,1,0,0,0
42.293940,0,0,1,1,0,0,0,0,0,1,1,0,1,0,0,0,1,0
42.301262,0,0,0,0,0,1,0,0,0,0,0,0,0,1,1,0,0,0
42.303780,0,0,0,0,0,0,0,1,0,0,0,0,0,0,0,0,0,1
42.315565,0,1,1,0,0,0,0,0,0,1,1,0,1,0,0,1,0,0
42.330134,1,0,0,0,0,0,0,0,1,0,0,0,1,0,0,0,0,0
42.340850,0,0,0,0,1,0,0,0,0,0,0,0,0,0,0,0,0,0
42.349693,0,0,0,0,0,0,0,1,0,0,0,0,0,0,0,0,0,1
42.349862,0,0,0,0,0,1,1,0,0,1,0,1,0,1,0,1,0,0
42.364235,1,0,0,1,0,0,1,0,0,1,1,0,1,1,1,0,1,0
42.385278,0,0,1,1,0,0,0,0,0,1,1,0,1,0,0,0,1,0
42.386699,0,0,0,0,1,0,0,0,0,0,0,0,0,0,0,0,0,0
42.400137,0,0,0,0,0,0,0,1,0,0,0,0,0,0,0,0,0,1
42.400621,0,0,0,0,0,1,0,0,0,0,0,0,0,1,1,0,0,0
42.409113,0,1,1,0,0,0,0,0,0,1,1,0,1,0,0,1,0,0
42.423836,1,0,0,0,0,0,0,0,1,0,0,0,1,0,0,0,0,0
42.439311,0,0,0,0,1,0,1,0,0,1,0,1,0,1,0,0,1,0
42.449005,0,0,0,0,0,0,0,1,0,0,0,0,0,0,0,0,0,1
42.449326,0,0,0,0,0,1,0,0,0,0,0,0,0,1,1,0,0,0
42.464578,0,1,1,0,0,0,0,0,0,1,1,0,1,0,0,1,0,0
42.479763,0,0,0,0,1,0,0,0,0,0,0,0,0,0,0,0,0,0
42.482643,1,0,0,1,0,0,1,0,0,1,1,0,1,1,1,0,1,0
42.498733,0,0,0,0,0,1,0,0,0,0,0,0,0,1,1,0,0,0
42.502349,0,0,0,0,0,0,0,1,0,0,0,0,0,0,0,0,0,1
42.502828,0,1,1,0,0,0,0,0,0,1,1,0,1,0,0,1,0,0
42.516404,1,0,0,0,0,0,0,0,1,0,0,0,1,0,0,0,0,0
42.538683,0,0,0,0,1,0,1,0,0,1,0,1,0,1,0,0,1,0
42.549100,0,0,0,0,0,0,0,1,0,0,0,0,0,0,0,0,0,1
42.549634,0,0,0,0,0,1,0,0,0,0,0,0,0,1,1,0,0,0
42.566503,0,1,1,0,0,0,0,0,0,1,1,0,1,0,0,1,0,0
42.578717,1,0,0,0,0,0,0,0,1,0,0,0,1,0,0,0,0,0
42.582360,0,0,0,0,1,0,1,0,0,1,0,1,0,1,0,0,1,0
42.600158,0,0,0,0,0,0,0,1,0,0,0,0,0,0,0,0,0,1
42.601470,0,0,0,0,0,1,0,0,0,0,0,0,0,1,1,0,0,0
42.608881,0,1,1,0,0,0,0,0,0,1,1,0,1,0,0,1,0,0
42.620592,1,0,0,0,0,0,0,0,1,0,0,0,1,0,0,0,0,0
42.638837,0,0,0,0,1,0,1,0,0,1,0,1,0,1,0,0,1,0
42.647628,0,0,0,0,0,0,0,1,0,0,0,0,0,0,0,0,0,1
42.650258,0,0,0,0,0,1,0,0,0,0,0,0,0,1,1,0,0,0
42.665089,0,1,1,0,0,0,0,0,0,1,1,0,1,0,0,1,0,0
42.677933,1,0,0,1,0,0,1,0,0,1,1,0,1,1,1,0,1,0
42.685000,0,0,0,0,1,0,0,0,0,0,0,0,0,0,0,0,0,0
42.698095,0,0,0,0,0,0,0,1,0,0,0,0,0,0,0,0,0,1
42.699756,0,0,0,0,0,1,0,0,0,0,0,0,0,1,1,0,0,0
42.700747,0,1,1,0,0,0,0,0,0,1,1,0,1,0,0,1,0,0
42.712326,1,0,0,0,0,0,0,0,1,0,0,0,1,0,0,0,0,0
42.724218,0,0,0,0,0,0,1,0,0,1,0,1,0,1,0,0,1,0
42.730256,0,0,0,0,1,0,0,0,0,0,0,0,0,0,0,0,0,0
42.744929,0,0,1,0,0,0,0,0,1,0,0,0,1,0,0,0,0,0
42.746925,0,0,0,0,0,0,0,1,0,0,0,0,0,0,0,0,0,1
42.751577,0,0,0,0,0,1,0,0,0,1,0,1,0,1,0,1,0,0
42.766704,1,0,0,1,0,0,1,0,0,1,1,0,1,1,1,0,1,0
42.778206,0,0,0,0,1,0,0,0,0,0,0,0,0,0,0,0,0,0
42.791221,0,0,1,0,0,0,0,0,1,0,0,0,1,0,0,0,0,0
42.799449,0,0,0,0,0,0,0,1,0,0,0,0,0,0,0,0,0,1
42.800950,0,0,0,0,0,1,0,0,0,1,0,1,0,1,0,1,0,0
42.814783,1,0,0,1,0,0,1,0,0,1,1,0,1,1,1,0,1,0
42.835415,0,0,0,0,1,0,0,0,0,0,0,0,0,0,0,0,0,0
42.838190,0,0,1,0,0,0,0,0,1,0,0,0,1,0,0,0,0,0
42.849449,0,0,0,0,0,1,0,0,0,1,0,1,0,1,0,1,0,0
42.849505,0,0,0,0,0,0,0,1,0,0,0,0,0,0,0,0,0,1
42.863873,1,0,0,1,0,0,1,0,0,1,1,0,1,1,1,0,1,0
42.884850,0,0,0,0,1,0,0,0,0,0,0,0,0,0,0,0,0,0
42.887956,0,0,1,0,0,0,0,0,1,0,0,0,1,0,0,0,0,0
42.899147,0,0,0,0,0,1,0,0,0,1,0,1,0,1,0,1,0,0
42.901100,0,0,0,0,0,0,0,1,0,0,0,0,0,0,0,0,0,1
42.911020,1,0,0,1,0,0,1,0,0,1,1,0,1,1,1,0,1,0
42.934407,0,0,1,0,0,0,0,0,1,0,0,0,1,0,0,0,0,0
42.937362,0,0,0,0,1,0,0,0,0,0,0,0,0,0,0,0,0,0
42.949960,0,0,0,0,0,1,0,0,0,1,0,1,0,1,0,1,0,0
42.953606,0,0,0,0,0,0,0,1,0,0,0,0,0,0,0,0,0,1
42.963219,1,0,0,0,0,0,0,0,1,0,0,0,1,0,0,0,0,0
42.993295,0,0,0,0,1,0,0,0,0,0,0,0,0,0,0,0,0,0
42.995467,0,0,0,0,0,0,1,0,0,1,0,1,0,1,0,0,1,0
42.997210,0,0,0,0,0,0,0,1,0,0,0,0,0,0,0,0,0,1
42.999352,0,0,0,0,0,1,0,0,0,0,0,0,0,1,1,0,0,0
43.023939,0,1,1,0,0,0,0,0,0,1,1,0,1,0,0,1,0,0
43.034065,0,0,0,0,1,0,0,0,0,0,0,0,0,0,0,0,0,0
43.037947,1,0,0,0,0,0,0,0,1,0,0,0,1,0,0,0,0,0
43.047563,0,0,0,0,0,0,0,1,0,0,0,0,0,0,0,0,0,1
43.048504,0,0,0,0,0,0,1,0,0,1,0,1,0,1,0,0,1,0
43.049332,0,0,0,0,0,1,0,0,0,0,0,0,0,1,1,0,0,0
43.071632,0,1,1,0,0,0,0,0,0,1,1,0,1,0,0,1,0,0
43.079275,0,0,0,0,1,0,0,0,0,0,0,0,0,0,0,0,0,0
43.082343,1,0,0,0,0,0,0,0,1,0,0,0,1,0,0,0,0,0
43.100511,0,0,0,0,0,1,1,0,0,1,0,1,0,1,0,1,0,0
43.101482,0,0,0,0,0,0,0,1,0,0,0,0,0,0,0,0,0,1
43.114308,1,0,0,1,0,0,0,0,0,1,1,0,1,0,0,0,1,0
43.121187,0,0,0,0,0,0,1,0,0,0,0,0,0,1,1,0,0,0
43.138822,0,0,1,1,0,0,0,0,0,1,1,0,1,0,0,0,1,0
43.140785,0,0,0,0,1,0,0,0,0,0,0,0,0,0,0,0,0,0
43.149663,0,0,0,0,0,1,0,0,0,0,0,0,0,1,1,0,0,0
43.151479,0,0,0,0,0,0,0,1,0,0,0,0,0,0,0,0,0,1
43.159003,0,1,1,0,0,0,0,0,0,1,1,0,1,0,0,1,0,0
43.173908,1,0,0,1,0,0,1,0,0,1,1,0,1,1,1,0,1,0
43.190647,0,0,0,0,1,0,0,0,0,0,0,0,0,0,0,0,0,0
43.195834,0,0,1,0,0,0,0,0,1,0,0,0,1,0,0,0,0,0
43.198592,0,0,0,0,0,0,0,1,0,0,0,0,0,0,0,0,0,1
43.200060,0,0,0,0,0,1,0,0,0,1,0,1,0,1,0,1,0,0
43.213597,1,0,0,1,0,0,1,0,0,1,1,0,1,1,1,0,1,0
43.236274,0,0,0,0,1,0,0,0,0,0,0,0,0,0,0,0,0,0
43.239453,0,0,1,0,0,0,0,0,1,0,0,0,1,0,0,0,0,0
43.247552,0,0,0,0,0,0,0,1,0,0,0,0,0,0,0,0,0,1
43.250182,0,0,0,0,0,1,0,0,0,1,0,1,0,1,0,1,0,0
43.262729,1,0,0,1,0,0,1,0,0,1,1,0,1,1,1,0,1,0
43.278184,0,0,0,0,1,0,0,0,0,0,0,0,0,0,0,0,0,0
43.290681,0,0,1,0,0,0,0,0,1,0,0,0,1,0,0,0,0,0
43.299525,0,0,0,0,0,1,0,0,0,1,0,1,0,1,0,1,0,0
43.299945,0,0,0,0,0,0,0,1,0,0,0,0,0,0,0,0,0,1
43.314908,1,0,0,0,0,0,0,0,1,0,0,0,1,0,0,0,0,0
43.336053,0,0,0,0,1,0,1,0,0,1,0,1,0,1,0,0,1,0
43.349005,0,0,0,0,0,0,0,1,0,0,0,0,0,0,0,0,0,1
43.350383,0,0,0,0,0,1,0,0,0,0,0,0,0,1,1,0,0,0
43.358344,0,1,1,0,0,0,0,0,0,1,1,0,1,0,0,1,0,0
43.368770,1,0,0,0,0,0,0,0,1,0,0,0,1,0,0,0,0,0
43.382836,0,0,0,0,1,0,0,0,0,0,0,0,0,0,0,0,0,0
43.399455,0,0,0,0,0,1,1,0,0,1,0,1,0,1,0,1,0,0
43.401340,0,0,0,0,0,0,0,1,0,0,0,0,0,0,0,0,0,1
43.410764,1,0,0,1,0,0,1,0,0,1,1,0,1,1,1,0,1,0
43.434734,0,0,1,1,0,0,0,0,0,1,1,0,1,0,0,0,1,0
43.436541,0,0,0,0,1,0,0,0,0,0,0,0,0,0,0,0,0,0
43.447135,0,0,0,0,0,0,0,1,0,0,0,0,0,0,0,0,0,1
43.450390,0,0,0,0,0,1,0,0,0,0,0,0,0,1,1,0,0,0
43.458138,0,1,1,0,0,0,0,0,0,1,1,0,1,0,0,1,0,0
43.476985,1,0,0,0,0,0,0,0,1,0,0,0,1,0,0,0,0,0
43.479844,0,0,0,0,1,0,1,0,0,1,0,1,0,1,0,0,1,0
43.499263,0,0,0,0,0,1,0,0,0,0,0,0,0,1,1,0,0,0
43.500366,0,0,0,0,0,0,0,1,0,0,0,0,0,0,0,0,0,1
43.506365,0,1,1,0,0,0,0,0,0,1,1,0,1,0,0,1,0,0
43.526080,1,0,0,1,0,0,1,0,0,1,1,0,1,1,1,0,1,0
43.538781,0,0,0,0,1,0,0,0,0,0,0,0,0,0,0,0,0,0
43.549600,0,0,0,0,0,1,0,0,0,0,0,0,0,1,1,0,0,0
43.551445,0,0,0,0,0,0,0,1,0,0,0,0,0,0,0,0,0,1
43.553943,0,1,1,0,0,0,0,0,0,1,1,0,1,0,0,1,0,0
43.567433,1,0,0,0,0,0,0,0,1,0,0,0,1,0,0,0,0,0
43.585403,0,0,0,0,1,0,0,0,0,0,0,0,0,0,0,0,0,0
43.599789,0,0,0,0,0,1,1,0,0,1,0,1,0,1,0,0,1,0
43.600547,0,0,0,0,0,0,0,1,0,0,0,0,0,0,0,0,0,1
43.621791,0,1,1,0,0,0,0,0,0,1,1,0,1,0,0,1,0,0
43.631933,1,0,0,0,0,0,0,0,1,0,0,0,1,0,0,0,0,0
43.636928,0,0,0,0,1,0,1,0,0,1,0,1,0,1,0,0,1,0
43.649429,0,0,0,0,0,1,0,0,0,0,0,0,0,1,1,0,0,0
43.650924,0,0,0,0,0,0,0,1,0,0,0,0,0,0,0,0,0,1
43.659899,0,1,1,0,0,0,0,0,0,1,1,0,1,0,0,1,0,0
43.676306,1,0,0,0,0,0,0,0,1,0,0,0,1,0,0,0,0,0
43.683215,0,0,0,0,0,0,1,0,0,1,0,1,0,1,0,0,1,0
43.689281,0,0,0,0,1,0,0,0,0,0,0,0,0,0,0,0,0,0
43.699987,0,0,0,0,0,0,0,1,0,0,0,0,0,0,0,0,0,1
43.700399,0,0,0,0,0,1,0,0,0,0,0,0,0,1,1,0,0,0
43.706897,0,1,1,0,0,0,0,0,0,1,1,0,1,0,0,1,0,0
43.717019,1,0,0,0,0,0,0,0,1,0,0,0,1,0,0,0,0,0
43.731226,0,0,0,0,0,0,1,0,0,1,0,1,0,1,0,0,1,0
43.735745,0,0,0,0,1,0,0,0,0,0,0,0,0,0,0,0,0,0
43.748767,0,0,0,0,0,0,0,1,0,0,0,0,0,0,0,0,0,1
43.749206,0,0,0,0,0,1,0,0,0,0,0,0,0,1,1,0,0,0
43.757683,0,1,1,0,0,0,0,0,0,1,1,0,1,0,0,1,0,0
43.774042,1,0,0,1,0,0,1,0,0,1,1,0,1,1,1,0,1,0
43.782853,0,0,0,0,1,0,0,0,0,0,0,0,0,0,0,0,0,0
43.798227,0,0,0,0,0,1,0,0,0,0,0,0,0,1,1,0,0,0
43.799601,0,0,0,0,0,0,0,1,0,0,0,0,0,0,0,0,0,1
43.803061,0,1,1,0,0,0,0,0,0,1,1,0,1,0,0,1,0,0
43.813880,1,0,0,1,0,0,1,0,0,1,1,0,1,1,1,0,1,0
43.830245,0,0,0,0,1,0,0,0,0,0,0,0,0,0,0,0,0,0
43.839238,0,0,1,0,0,0,0,0,1,0,0,0,1,0,0,0,0,0
43.849997,0,0,0,0,0,1,0,0,0,1,0,1,0,1,0,1,0,0
43.852850,0,0,0,0,0,0,0,1,0,0,0,0,0,0,0,0,0,1
43.861203,1,0,0,0,0,0,0,0,1,0,0,0,1,0,0,0,0,0
43.888984,0,0,0,0,1,0,1,0,0,1,0,1,0,1,0,0,1,0
43.900383,0,0,0,0,0,1,0,0,0,0,0,0,0,1,1,0,0,0
43.901177,0,0,0,0,0,0,0,1,0,0,0,0,0,0,0,0,0,1
43.916909,0,1,1,0,0,0,0,0,0,1,1,0,1,0,0,1,0,0
43.934965,1,0,0,0,0,0,0,0,1,0,0,0,1,0,0,0,0,0
43.937919,0,0,0,0,1,0,1,0,0,1,0,1,0,1,0,0,1,0
43.949822,0,0,0,0,0,1,0,0,0,0,0,0,0,1,1,0,0,0
43.950549,0,0,0,0,0,0,0,1,0,0,0,0,0,0,0,0,0,1
43.960777,0,1,1,0,0,0,0,0,0,1,1,0,1,0,0,1,0,0
43.977299,1,0,0,1,0,0,1,0,0,1,1,0,1,1,1,0,1,0
43.988254,0,0,0,0,1,0,0,0,0,0,0,0,0,0,0,0,0,0
43.999539,0,0,1,0,0,0,0,0,1,0,0,0,1,0,0,0,0,0
44.001125,0,0,0,0,0,1,0,0,0,1,0,1,0,1,0,1,0,0
44.001714,0,0,0,0,0,0,0,1,0,0,0,0,0,0,0,0,0,1
44.017843,1,0,0,1,0,0,1,0,0,1,1,0,1,1,1,0,1,0
44.038506,0,0,0,0,1,0,0,0,0,0,0,0,0,0,0,0,0,0
44.040833,0,0,1,0,0,0,0,0,1,0,0,0,1,0,0,0,0,0
44.048758,0,0,0,0,0,0,0,1,0,0,0,0,0,0,0,0,0,1
44.049775,0,0,0,0,0,1,0,0,0,1,0,1,0,1,0,1,0,0
44.065747,1,0,0,0,0,0,0,0,1,0,0,0,1,0,0,0,0,0
44.081559,0,0,0,0,1,0,0,0,0,0,0,0,0,0,0,0,0,0
44.098855,0,0,0,0,0,0,0,1,0,0,0,0,0,0,0,0,0,1
44.099029,0,0,0,0,0,0,1,0,0,1,0,1,0,1,0,0,1,0
44.099204,0,0,0,0,0,1,0,0,0,0,0,0,0,1,1,0,0,0
44.125715,0,1,1,0,0,0,0,0,0,1,1,0,1,0,0,1,0,0
44.130206,0,0,0,0,1,0,0,0,0,0,0,0,0,0,0,0,0,0
44.137406,1,0,0,0,0,0,0,0,1,0,0,0,1,0,0,0,0,0
44.148110,0,0,0,0,0,0,0,1,0,0,0,0,0,0,0,0,0,1
44.149833,0,0,0,0,0,1,0,0,0,1,0,1,0,1,0,1,0,0
44.156882,0,0,0,0,0,0,1,0,0,0,0,0,0,1,1,0,0,0
44.167927,1,0,0,1,0,0,1,0,0,1,1,0,1,1,1,0,1,0
44.183976,0,0,0,0,1,0,0,0,0,0,0,0,0,0,0,0,0,0
44.189279,0,0,1,1,0,0,0,0,0,1,1,0,1,0,0,0,1,0
44.200142,0,0,0,0,0,1,0,0,0,0,0,0,0,1,1,0,0,0
44.200492,0,0,0,0,0,0,0,1,0,0,0,0,0,0,0,0,0,1
44.211024,0,1,1,0,0,0,0,0,0,1,1,0,1,0,0,1,0,0
44.229979,1,0,0,1,0,0,1,0,0,1,1,0,1,1,1,0,1,0
44.233398,0,0,0,0,1,0,0,0,0,0,0,0,0,0,0,0,0,0
44.249326,0,0,0,0,0,1,0,0,0,0,0,0,0,1,1,0,0,0
44.250724,0,0,0,0,0,0,0,1,0,0,0,0,0,0,0,0,0,1
44.257638,0,1,1,0,0,0,0,0,0,1,1,0,1,0,0,1,0,0
44.271215,1,0,0,1,0,0,1,0,0,1,1,0,1,1,1,0,1,0
44.288094,0,0,0,0,1,0,0,0,0,0,0,0,0,0,0,0,0,0
44.298451,0,0,0,0,0,1,0,0,0,0,0,0,0,1,1,0,0,0
44.298913,0,0,0,0,0,0,0,1,0,0,0,0,0,0,0,0,0,1
44.300303,0,1,1,0,0,0,0,0,0,1,1,0,1,0,0,1,0,0
44.316992,1,0,0,0,0,0,0,0,1,0,0,0,1,0,0,0,0,0
44.332660,0,0,0,0,1,0,0,0,0,0,0,0,0,0,0,0,0,0
44.344725,0,0,0,0,0,0,1,0,0,1,0,1,0,1,0,0,1,0
44.351316,0,0,0,0,0,1,0,0,0,0,0,0,0,1,1,0,0,0
44.352482,0,0,0,0,0,0,0,1,0,0,0,0,0,0,0,0,0,1
44.373484,0,1,1,0,0,0,0,0,0,1,1,0,1,0,0,1,0,0
44.386555,0,0,0,0,1,0,0,0,0,0,0,0,0,0,0,0,0,0
44.387341,1,0,0,1,0,0,1,0,0,1,1,0,1,1,1,0,1,0
44.399908,0,0,0,0,0,1,0,0,0,0,0,0,0,1,1,0,0,0
44.401035,0,0,0,0,0,0,0,1,0,0,0,0,0,0,0,0,0,1
44.413351,0,1,1,0,0,0,0,0,0,1,1,0,1,0,0,1,0,0
44.426673,1,0,0,1,0,0,1,0,0,1,1,0,1,1,1,0,1,0
44.431454,0,0,0,0,1,0,0,0,0,0,0,0,0,0,0,0,0,0
44.450026,0,0,0,0,0,1,0,0,0,0,0,0,0,1,1,0,0,0
44.451348,0,0,0,0,0,0,0,1,0,0,0,0,0,0,0,0,0,1
44.451361,0,1,1,0,0,0,0,0,0,1,1,0,1,0,0,1,0,0
44.467541,1,0,0,1,0,0,1,0,0,1,1,0,1,1,1,0,1,0
44.486485,0,0,0,0,1,0,0,0,0,0,0,0,0,0,0,0,0,0
44.492847,0,0,1,0,0,0,0,0,1,0,0,0,1,0,0,0,0,0
44.497325,0,0,0,0,0,0,0,1,0,0,0,0,0,0,0,0,0,1
44.499837,0,0,0,0,0,1,0,0,0,1,0,1,0,1,0,1,0,0
44.511814,1,0,0,1,0,0,1,0,0,1,1,0,1,1,1,0,1,0
44.532444,0,0,1,0,0,0,0,0,1,0,0,0,1,0,0,0,0,0
44.533587,0,0,0,0,1,0,0,0,0,0,0,0,0,0,0,0,0,0
44.549871,0,0,0,0,0,1,0,0,0,1,0,1,0,1,0,1,0,0
44.549889,0,0,0,0,0,0,0,1,0,0,0,0,0,0,0,0,0,1
44.566829,1,0,0,0,0,0,0,0,1,0,0,0,1,0,0,0,0,0
44.584283,0,0,0,0,1,0,1,0,0,1,0,1,0,1,0,0,1,0
44.598850,0,0,0,0,0,0,0,1,0,0,0,0,0,0,0,0,0,1
44.600145,0,0,0,0,0,1,0,0,0,0,0,0,0,1,1,0,0,0
44.604855,0,1,1,0,0,0,0,0,0,1,1,0,1,0,0,1,0,0
44.624307,1,0,0,1,0,0,1,0,0,1,1,0,1,1,1,0,1,0
44.633678,0,0,0,0,1,0,0,0,0,0,0,0,0,0,0,0,0,0
44.650284,0,0,0,0,0,1,0,0,0,0,0,0,0,1,1,0,0,0
44.650619,0,0,0,0,0,0,0,1,0,0,0,0,0,0,0,0,0,1
44.651525,0,1,1,0,0,0,0,0,0,1,1,0,1,0,0,1,0,0
44.667727,1,0,0,1,0,0,1,0,0,1,1,0,1,1,1,0,1,0
44.686385,0,0,0,0,1,0,0,0,0,0,0,0,0,0,0,0,0,0
44.687858,0,0,1,0,0,0,0,0,1,0,0,0,1,0,0,0,0,0
44.701577,0,0,0,0,0,1,0,0,0,1,0,1,0,1,0,1,0,0
44.702440,0,0,0,0,0,0,0,1,0,0,0,0,0,0,0,0,0,1
44.714596,1,0,0,0,0,0,0,0,1,0,0,0,1,0,0,0,0,0
44.737785,0,0,0,0,1,0,0,0,0,0,0,0,0,0,0,0,0,0
44.745313,0,0,0,0,0,0,1,0,0,1,0,1,0,1,0,0,1,0
44.748203,0,0,0,0,0,0,0,1,0,0,0,0,0,0,0,0,0,1
44.748988,0,0,0,0,0,1,0,0,0,0,0,0,0,1,1,0,0,0
44.770511,0,1,1,0,0,0,0,0,0,1,1,0,1,0,0,1,0,0
44.783355,1,0,0,1,0,0,1,0,0,1,1,0,1,1,1,0,1,0
44.785696,0,0,0,0,1,0,0,0,0,0,0,0,0,0,0,0,0,0
44.798526,0,0,0,0,0,0,0,1,0,0,0,0,0,0,0,0,0,1
44.799298,0,0,0,0,0,1,0,0,0,0,0,0,0,1,1,0,0,0
44.809731,0,1,1,0,0,0,0,0,0,1,1,0,1,0,0,1,0,0
44.826651,1,0,0,1,0,0,1,0,0,1,1,0,1,1,1,0,1,0
44.835349,0,0,0,0,1,0,0,0,0,0,0,0,0,0,0,0,0,0
44.846504,0,0,0,0,0,0,0,1,0,0,0,0,0,0,0,0,0,1
44.849476,0,0,0,0,0,1,0,0,0,0,0,0,0,1,1,0,0,0
44.849907,0,1,1,0,0,0,0,0,0,1,1,0,1,0,0,1,0,0
44.860944,1,0,0,1,0,0,1,0,0,1,1,0,1,1,1,0,1,0
44.885037,0,0,0,0,1,0,0,0,0,0,0,0,0,0,0,0,0,0
44.885166,0,0,1,0,0,0,0,0,1,0,0,0,1,0,0,0,0,0
44.896316,0,0,0,0,0,0,0,1,0,0,0,0,0,0,0,0,0,1
44.899909,0,0,0,0,0,1,0,0,0,1,0,1,0,1,0,1,0,0
44.917534,1,0,0,1,0,0,1,0,0,1,1,0,1,1,1,0,1,0
44.935031,0,0,0,0,1,0,0,0,0,0,0,0,0,0,0,0,0,0
44.938606,0,0,1,0,0,0,0,0,1,0,0,0,1,0,0,0,0,0
44.947807,0,0,0,0,0,0,0,1,0,0,0,0,0,0,0,0,0,1
44.949955,0,0,0,0,0,1,0,0,0,1,0,1,0,1,0,1,0,0
44.965640,1,0,0,0,0,0,0,0,1,0,0,0,1,0,0,0,0,0
44.986556,0,0,0,0,1,0,1,0,0,1,0,1,0,1,0,0,1,0
44.997915,0,0,0,0,0,0,0,1,0,0,0,0,0,0,0,0,0,1
44.998767,0,0,0,0,0,1,0,0,0,0,0,0,0,1,1,0,0,0
45.008293,0,1,1,0,0,0,0,0,0,1,1,0,1,0,0,1,0,0
45.023885,1,0,0,1,0,0,1,0,0,1,1,0,1,1,1,0,1,0
45.035751,0,0,0,0,1,0,0,0,0,0,0,0,0,0,0,0,0,0
45.046684,0,0,1,0,0,0,0,0,1,0,0,0,1,0,0,0,0,0
45.047040,0,0,0,0,0,0,0,1,0,0,0,0,0,0,0,0,0,1
45.050510,0,0,0,0,0,1,0,0,0,1,0,1,0,1,0,1,0,0
45.061141,1,0,0,0,0,0,0,0,1,0,0,0,1,0,0,0,0,0
45.081222,0,0,0,0,1,0,1,0,0,1,0,1,0,1,0,0,1,0
45.100335,0,0,0,0,0,1,0,0,0,0,0,0,0,1,1,0,0,0
45.103378,0,0,0,0,0,0,0,1,0,0,0,0,0,0,0,0,0,1
45.106198,0,1,1,0,0,0,0,0,0,1,1,0,1,0,0,1,0,0
45.120220,1,0,0,0,0,0,0,0,1,0,0,0,1,0,0,0,0,0
45.139340,0,0,0,0,1,0,1,0,0,1,0,1,0,1,0,0,1,0
45.149021,0,0,0,0,0,1,0,0,0,0,0,0,0,1,1,0,0,0
45.152512,0,0,0,0,0,0,0,1,0,0,0,0,0,0,0,0,0,1
45.165692,0,1,1,0,0,0,0,0,0,1,1,0,1,0,0,1,0,0
45.183139,1,0,0,0,0,0,0,0,1,0,0,0,1,0,0,0,0,0
45.185670,0,0,0,0,1,0,0,0,0,0,0,0,0,0,0,0,0,0
45.200106,0,0,0,0,0,0,1,1,0,1,0,1,0,1,0,0,1,1
45.200407,0,0,0,0,0,1,0,0,0,0,0,0,0,1,1,0,0,0
45.224244,0,1,1,0,0,0,0,0,0,1,1,0,1,0,0,1,0,0
45.231810,0,0,0,0,1,0,0,0,0,0,0,0,0,0,0,0,0,0
45.243835,1,0,0,0,0,0,0,0,1,0,0,0,1,0,0,0,0,0
45.249568,0,0,0,0,0,1,0,0,0,1,0,1,0,1,0,1,0,0
45.250096,0,0,0,0,0,0,1,0,0,0,0,0,0,1,1,0,0,0
45.251045,0,0,0,0,0,0,0,1,0,0,0,0,0,0,0,0,0,1
45.268039,1,0,0,1,0,0,1,0,0,1,1,0,1,1,1,0,1,0
45.281550,0,0,0,0,1,0,0,0,0,0,0,0,0,0,0,0,0,0
45.294085,0,0,1,1,0,0,0,0,0,1,1,0,1,0,0,0,1,0
45.301253,0,0,0,0,0,1,0,0,0,0,0,0,0,1,1,0,0,0
45.302384,0,0,0,0,0,0,0,1,0,0,0,0,0,0,0,0,0,1
45.318229,0,1,1,0,0,0,0,0,0,1,1,0,1,0,0,1,0,0
45.335166,1,0,0,1,0,0,1,0,0,1,1,0,1,1,1,0,1,0
45.336665,0,0,0,0,1,0,0,0,0,0,0,0,0,0,0,0,0,0
45.346003,0,0,0,0,0,0,0,1,0,0,0,0,0,0,0,0,0,1
45.350897,0,0,0,0,0,1,0,0,0,0,0,0,0,1,1,0,0,0
45.360708,0,1,1,0,0,0,0,0,0,1,1,0,1,0,0,1,0,0
45.376397,1,0,0,1,0,0,1,0,0,1,1,0,1,1,1,0,1,0
45.383249,0,0,0,0,1,0,0,0,0,0,0,0,0,0,0,0,0,0
45.398726,0,0,0,0,0,0,0,1,0,0,0,0,0,0,0,0,0,1
45.398990,0,0,0,0,0,1,0,0,0,0,0,0,0,1,1,0,0,0
45.399403,0,1,1,0,0,0,0,0,0,1,1,0,1,0,0,1,0,0
45.410070,1,0,0,0,0,0,0,0,1,0,0,0,1,0,0,0,0,0
45.438407,0,0,0,0,1,0,0,0,0,0,0,0,0,0,0,0,0,0
45.450622,0,0,0,0,0,0,1,1,0,1,0,1,0,1,0,0,1,1
45.450779,0,0,0,0,0,1,0,0,0,0,0,0,0,1,1,0,0,0
45.474372,0,1,1,0,0,0,0,0,0,1,1,0,1,0,0,1,0,0
45.489855,0,0,0,0,1,0,0,0,0,0,0,0,0,0,0,0,0,0
45.491978,1,0,0,0,0,0,0,0,1,0,0,0,1,0,0,0,0,0
45.498155,0,0,0,0,0,0,1,1,0,1,0,1,0,1,0,0,1,1
45.500850,0,0,0,0,0,1,0,0,0,0,0,0,0,1,1,0,0,0
45.518491,0,1,1,0,0,0,0,0,0,1,1,0,1,0,0,1,0,0
45.529916,0,0,0,0,1,0,0,0,0,0,0,0,0,0,0,0,0,0
45.534971,1,0,0,0,0,0,0,0,1,0,0,0,1,0,0,0,0,0
45.541351,0,0,0,0,0,0,1,0,0,1,0,1,0,1,0,0,1,0
45.551367,0,0,0,0,0,0,0,1,0,0,0,0,0,0,0,0,0,1
45.551622,0,0,0,0,0,1,0,0,0,0,0,0,0,1,1,0,0,0
45.562727,0,1,1,0,0,0,0,0,0,1,1,0,1,0,0,1,0,0
45.576722,1,0,0,1,0,0,1,0,0,1,1,0,1,1,1,0,1,0
45.586079,0,0,0,0,1,0,0,0,0,0,0,0,0,0,0,0,0,0
45.599312,0,0,0,0,0,0,0,1,0,0,0,0,0,0,0,0,0,1
45.600529,0,0,0,0,0,1,0,0,0,0,0,0,0,1,1,0,0,0
45.600756,0,1,1,0,0,0,0,0,0,1,1,0,1,0,0,1,0,0
45.615248,1,0,0,0,0,0,0,0,1,0,0,0,1,0,0,0,0,0
45.633949,0,0,0,0,1,0,1,0,0,1,0,1,0,1,0,0,1,0
45.649854,0,0,0,0,0,1,0,0,0,0,0,0,0,1,1,0,0,0
45.653307,0,0,0,0,0,0,0,1,0,0,0,0,0,0,0,0,0,1
45.656720,0,1,1,0,0,0,0,0,0,1,1,0,1,0,0,1,0,0
45.676469,1,0,0,0,0,0,0,0,1,0,0,0,1,0,0,0,0,0
45.686936,0,0,0,0,0,0,1,0,0,1,0,1,0,1,0,0,1,0
45.691053,0,0,0,0,1,0,0,0,0,0,0,0,0,0,0,0,0,0
45.696768,0,0,0,0,0,0,0,1,0,0,0,0,0,0,0,0,0,1
45.700765,0,0,0,0,0,1,0,0,0,0,0,0,0,1,1,0,0,0
45.711862,0,1,1,0,0,0,0,0,0,1,1,0,1,0,0,1,0,0
45.730856,1,0,0,0,0,0,0,0,1,0,0,0,1,0,0,0,0,0
45.735578,0,0,0,0,1,0,1,0,0,1,0,1,0,1,0,0,1,0
45.750456,0,0,0,0,0,1,0,0,0,0,0,0,0,1,1,0,0,0
45.753760,0,0,0,0,0,0,0,1,0,0,0,0,0,0,0,0,0,1
45.758625,0,1,1,0,0,0,0,0,0,1,1,0,1,0,0,1,0,0
45.774591,1,0,0,0,0,0,0,0,1,0,0,0,1,0,0,0,0,0
45.790670,0,0,0,0,1,0,0,0,0,0,0,0,0,0,0,0,0,0
45.798266,0,0,0,0,0,1,0,0,0,1,0,1,0,1,0,1,0,0
45.799382,0,0,0,0,0,0,1,0,0,0,0,0,0,1,1,0,0,0
45.800824,0,0,0,0,0,0,0,1,0,0,0,0,0,0,0,0,0,1
45.815567,1,0,0,1,0,0,1,0,0,1,1,0,1,1,1,0,1,0
45.831146,0,0,0,0,1,0,0,0,0,0,0,0,0,0,0,0,0,0
45.843441,0,0,1,1,0,0,0,0,0,1,1,0,1,0,0,0,1,0
45.848766,0,0,0,0,0,1,0,0,0,0,0,0,0,1,1,0,0,0
45.852555,0,0,0,0,0,0,0,1,0,0,0,0,0,0,0,0,0,1
45.864898,0,1,1,0,0,0,0,0,0,1,1,0,1,0,0,1,0,0
45.883434,1,0,0,1,0,0,1,0,0,1,1,0,1,1,1,0,1,0
45.889557,0,0,0,0,1,0,0,0,0,0,0,0,0,0,0,0,0,0
45.896647,0,0,0,0,0,0,0,1,0,0,0,0,0,0,0,0,0,1
45.901026,0,0,0,0,0,1,0,0,0,0,0,0,0,1,1,0,0,0
45.908959,0,1,1,0,0,0,0,0,0,1,1,0,1,0,0,1,0,0
45.925149,1,0,0,1,0,0,1,0,0,1,1,0,1,1,1,0,1,0
45.935127,0,0,0,0,1,0,0,0,0,0,0,0,0,0,0,0,0,0
45.948175,0,0,0,0,0,1,0,0,0,0,0,0,0,1,1,0,0,0
45.950974,0,0,0,0,0,0,0,1,0,0,0,0,0,0,0,0,0,1
45.951781,0,1,1,0,0,0,0,0,0,1,1,0,1,0,0,1,0,0
45.966731,1,0,0,1,0,0,1,0,0,1,1,0,1,1,1,0,1,0
45.988869,0,0,0,0,1,0,0,0,0,0,0,0,0,0,0,0,0,0
45.988987,0,0,1,0,0,0,0,0,1,0,0,0,1,0,0,0,0,0
46.001138,0,0,0,0,0,1,0,0,0,1,0,1,0,1,0,1,0,0
46.002724,0,0,0,0,0,0,0,1,0,0,0,0,0,0,0,0,0,1
46.014661,1,0,0,1,0,0,1,0,0,1,1,0,1,1,1,0,1,0
46.037000,0,0,0,0,1,0,0,0,0,0,0,0,0,0,0,0,0,0
46.038229,0,0,1,0,0,0,0,0,1,0,0,0,1,0,0,0,0,0
46.048379,0,0,0,0,0,0,0,1,0,0,0,0,0,0,0,0,0,1
46.049250,0,0,0,0,0,1,0,0,0,1,0,1,0,1,0,1,0,0
46.063822,1,0,0,1,0,0,1,0,0,1,1,0,1,1,1,0,1,0
46.084701,0,0,1,0,0,0,0,0,1,0,0,0,1,0,0,0,0,0
46.088076,0,0,0,0,1,0,0,0,0,0,0,0,0,0,0,0,0,0
46.098558,0,0,0,0,0,0,0,1,0,0,0,0,0,0,0,0,0,1
46.099255,0,0,0,0,0,1,0,0,0,1,0,1,0,1,0,1,0,0
46.112104,1,0,0,0,0,0,0,0,1,0,0,0,1,0,0,0,0,0
46.134402,0,0,0,0,1,0,0,0,0,0,0,0,0,0,0,0,0,0
46.149304,0,0,0,0,0,0,0,1,0,0,0,0,0,0,0,0,0,1
46.150030,0,0,0,0,0,0,1,0,0,1,0,1,0,1,0,0,1,0
46.150550,0,0,0,0,0,1,0,0,0,0,0,0,0,1,1,0,0,0
46.177841,0,1,1,0,0,0,0,0,0,1,1,0,1,0,0,1,0,0
46.179606,0,0,0,0,1,0,0,0,0,0,0,0,0,0,0,0,0,0
46.192999,1,0,0,0,0,0,0,0,1,0,0,0,1,0,0,0,0,0
46.197389,0,0,0,0,0,0,1,1,0,1,0,1,0,1,0,0,1,1
46.199408,0,0,0,0,0,1,0,0,0,0,0,0,0,1,1,0,0,0
46.223779,0,1,1,0,0,0,0,0,0,1,1,0,1,0,0,1,0,0
46.236196,0,0,0,0,1,0,0,0,0,0,0,0,0,0,0,0,0,0
46.238675,1,0,0,1,0,0,1,0,0,1,1,0,1,1,1,0,1,0
46.250951,0,0,0,0,0,1,0,0,0,0,0,0,0,1,1,0,0,0
46.253499,0,0,0,0,0,0,0,1,0,0,0,0,0,0,0,0,0,1
46.265632,0,1,1,0,0,0,0,0,0,1,1,0,1,0,0,1,0,0
46.278296,1,0,0,0,0,0,0,0,1,0,0,0,1,0,0,0,0,0
46.293224,0,0,0,0,1,0,1,0,0,1,0,1,0,1,0,0,1,0
46.299076,0,0,0,0,0,1,0,0,0,0,0,0,0,1,1,0,0,0
46.299493,0,0,0,0,0,0,0,1,0,0,0,0,0,0,0,0,0,1
46.314187,0,1,1,0,0,0,0,0,0,1,1,0,1,0,0,1,0,0
46.327054,1,0,0,0,0,0,0,0,1,0,0,0,1,0,0,0,0,0
46.331377,0,0,0,0,1,0,0,0,0,0,0,0,0,0,0,0,0,0
46.348058,0,0,0,0,0,1,1,0,0,1,0,1,0,1,0,1,0,0
46.350596,0,0,0,0,0,0,0,1,0,0,0,0,0,0,0,0,0,1
46.361021,1,0,0,1,0,0,1,0,0,1,1,0,1,1,1,0,1,0
46.382325,0,0,0,0,1,0,0,0,0,0,0,0,0,0,0,0,0,0
46.386790,0,0,1,1,0,0,0,0,0,1,1,0,1,0,0,0,1,0
46.398809,0,0,0,0,0,0,0,1,0,0,0,0,0,0,0,0,0,1
46.400054,0,0,0,0,0,1,0,0,0,0,0,0,0,1,1,0,0,0
46.413331,0,1,1,0,0,0,0,0,0,1,1,0,1,0,0,1,0,0
46.430491,1,0,0,1,0,0,1,0,0,1,1,0,1,1,1,0,1,0
46.433183,0,0,0,0,1,0,0,0,0,0,0,0,0,0,0,0,0,0
46.450615,0,0,0,0,0,1,0,0,0,0,0,0,0,1,1,0,0,0
46.452442,0,0,0,0,0,0,0,1,0,0,0,0,0,0,0,0,0,1
46.459030,0,1,1,0,0,0,0,0,0,1,1,0,1,0,0,1,0,0
46.475771,1,0,0,1,0,0,1,0,0,1,1,0,1,1,1,0,1,0
46.486056,0,0,0,0,1,0,0,0,0,0,0,0,0,0,0,0,0,0
46.496491,0,0,0,0,0,0,0,1,0,0,0,0,0,0,0,0,0,1
46.498060,0,0,1,0,0,0,0,0,1,0,0,0,1,0,0,0,0,0
46.499420,0,0,0,0,0,1,0,0,0,1,0,1,0,1,0,1,0,0
46.515323,1,0,0,1,0,0,1,0,0,1,1,0,1,1,1,0,1,0
46.535292,0,0,0,0,1,0,0,0,0,0,0,0,0,0,0,0,0,0
46.539162,0,0,1,0,0,0,0,0,1,0,0,0,1,0,0,0,0,0
46.548936,0,0,0,0,0,0,0,1,0,0,0,0,0,0,0,0,0,1
46.551320,0,0,0,0,0,1,0,0,0,1,0,1,0,1,0,1,0,0
46.561732,1,0,0,1,0,0,1,0,0,1,1,0,1,1,1,0,1,0
46.582129,0,0,1,0,0,0,0,0,1,0,0,0,1,0,0,0,0,0
46.582680,0,0,0,0,1,0,0,0,0,0,0,0,0,0,0,0,0,0
46.599577,0,0,0,0,0,0,0,1,0,0,0,0,0,0,0,0,0,1
46.601395,0,0,0,0,0,1,0,0,0,1,0,1,0,1,0,1,0,0
46.618405,1,0,0,0,0,0,0,0,1,0,0,0,1,0,0,0,0,0
46.635221,0,0,0,0,1,0,1,0,0,1,0,1,0,1,0,0,1,0
46.646814,0,0,0,0,0,0,0,1,0,0,0,0,0,0,0,0,0,1
46.650551,0,0,0,0,0,1,0,0,0,0,0,0,0,1,1,0,0,0
46.655866,0,1,1,0,0,0,0,0,0,1,1,0,1,0,0,1,0,0
46.670477,1,0,0,1,0,0,1,0,0,1,1,0,1,1,1,0,1,0
46.678317,0,0,0,0,1,0,0,0,0,0,0,0,0,0,0,0,0,0
46.693126,0,0,1,0,0,0,0,0,1,0,0,0,1,0,0,0,0,0
46.699393,0,0,0,0,0,0,0,1,0,0,0,0,0,0,0,0,0,1
46.700707,0,0,0,0,0,1,0,0,0,1,0,1,0,1,0,1,0,0
46.712796,1,0,0,0,0,0,0,0,1,0,0,0,1,0,0,0,0,0
46.726145,0,0,0,0,0,0,1,0,0,1,0,1,0,1,0,0,1,0
46.730910,0,0,0,0,1,0,0,0,0,0,0,0,0,0,0,0,0,0
46.749081,0,0,0,0,0,1,0,0,0,0,0,0,0,1,1,0,0,0
46.750687,0,1,1,0,0,0,0,0,0,1,1,0,1,0,0,1,0,0
46.753370,0,0,0,0,0,0,0,1,0,0,0,0,0,0,0,0,0,1
46.762136,1,0,0,1,0,0,1,0,0,1,1,0,1,1,1,0,1,0
46.784139,0,0,1,0,0,0,0,0,1,0,0,0,1,0,0,0,0,0
46.792906,0,0,0,0,1,0,0,0,0,0,0,0,0,0,0,0,0,0
46.799706,0,0,0,0,0,1,0,0,0,1,0,1,0,1,0,1,0,0
46.802329,0,0,0,0,0,0,0,1,0,0,0,0,0,0,0,0,0,1
46.817543,1,0,0,1,0,0,1,0,0,1,1,0,1,1,1,0,1,0
46.839388,0,0,0,0,1,0,0,0,0,0,0,0,0,0,0,0,0,0
46.841077,0,0,1,0,0,0,0,0,1,0,0,0,1,0,0,0,0,0
46.848132,0,0,0,0,0,0,0,1,0,0,0,0,0,0,0,0,0,1
46.848403,0,0,0,0,0,1,0,0,0,1,0,1,0,1,0,1,0,0
46.860687,1,0,0,1,0,0,1,0,0,1,1,0,1,1,1,0,1,0
46.882555,0,0,1,0,0,0,0,0,1,0,0,0,1,0,0,0,0,0
46.882826,0,0,0,0,1,0,0,0,0,0,0,0,0,0,0,0,0,0
46.900599,0,0,0,0,0,1,0,0,0,1,0,1,0,1,0,1,0,0
46.902625,0,0,0,0,0,0,0,1,0,0,0,0,0,0,0,0,0,1
46.918579,1,0,0,0,0,0,0,0,1,0,0,0,1,0,0,0,0,0
46.919579,0,0,0,0,0,0,1,0,0,1,0,1,0,1,0,0,1,0
46.937397,0,0,0,0,1,0,0,0,0,0,0,0,0,0,0,0,0,0
46.945261,0,0,1,0,0,0,0,0,1,0,0,0,1,0,0,0,0,0
46.951253,0,0,0,0,0,1,0,0,0,1,0,1,0,1,0,1,0,0
46.953102,0,0,0,0,0,0,0,1,0,0,0,0,0,0,0,0,0,1
46.967518,1,0,0,1,0,0,1,0,0,1,1,0,1,1,1,0,1,0
46.989642,0,0,1,0,0,0,0,0,1,0,0,0,1,0,0,0,0,0
46.991243,0,0,0,0,1,0,0,0,0,0,0,0,0,0,0,0,0,0
47.000107,0,0,0,0,0,1,0,0,0,1,0,1,0,1,0,1,0,0
47.000129,0,0,0,0,0,0,0,1,0,0,0,0,0,0,0,0,0,1
47.014960,1,0,0,1,0,0,1,0,0,1,1,0,1,1,1,0,1,0
47.031954,0,0,0,0,1,0,0,0,0,0,0,0,0,0,0,0,0,0
47.044372,0,0,1,0,0,0,0,0,1,0,0,0,1,0,0,0,0,0
47.049571,0,0,0,0,0,1,0,0,0,1,0,1,0,1,0,1,0,0
47.051045,0,0,0,0,0,0,0,1,0,0,0,0,0,0,0,0,0,1
47.067167,1,0,0,0,0,0,0,0,1,0,0,0,1,0,0,0,0,0
47.070226,0,0,0,0,0,0,1,0,0,1,0,1,0,1,0,0,1,0
47.086013,0,0,0,0,1,0,0,0,0,0,0,0,0,0,0,0,0,0
47.093462,0,0,1,0,0,0,0,0,1,0,0,0,1,0,0,0,0,0
47.100089,0,0,0,0,0,1,0,0,0,1,0,1,0,1,0,1,0,0
47.102226,0,0,0,0,0,0,0,1,0,0,0,0,0,0,0,0,0,1
47.113020,1,0,0,0,0,0,0,0,1,0,0,0,1,0,0,0,0,0
47.121207,0,0,0,0,0,0,1,0,0,1,0,1,0,1,0,0,1,0
47.138316,0,0,0,0,1,0,0,0,0,0,0,0,0,0,0,0,0,0
47.149339,0,0,1,0,0,0,0,0,1,0,0,0,1,0,0,0,0,0
47.150343,0,0,0,0,0,1,0,0,0,1,0,1,0,1,0,1,0,0
47.151832,0,0,0,0,0,0,0,1,0,0,0,0,0,0,0,0,0,1
47.161229,1,0,0,0,0,0,0,0,1,0,0,0,1,0,0,0,0,0
47.190716,0,0,0,0,1,0,0,0,0,0,0,0,0,0,0,0,0,0
47.200656,0,0,0,0,0,1,1,0,0,1,0,1,0,1,0,1,0,0
47.203031,0,0,0,0,0,0,0,1,0,0,0,0,0,0,0,0,0,1
47.216920,1,0,0,1,0,0,1,0,0,1,1,0,1,1,1,0,1,0
47.237282,0,0,1,1,0,0,0,0,0,1,1,0,1,0,0,0,1,0
47.242104,0,0,0,0,1,0,0,0,0,0,0,0,0,0,0,0,0,0
47.247399,0,0,0,0,0,0,0,1,0,0,0,0,0,0,0,0,0,1
47.248538,0,0,0,0,0,1,0,0,0,0,0,0,0,1,1,0,0,0
47.260485,0,1,1,0,0,0,0,0,0,1,1,0,1,0,0,1,0,0
47.274131,1,0,0,1,0,0,1,0,0,1,1,0,1,1,1,0,1,0
47.284065,0,0,0,0,1,0,0,0,0,0,0,0,0,0,0,0,0,0
47.299569,0,0,0,0,0,0,0,1,0,0,0,0,0,0,0,0,0,1
47.299834,0,0,1,0,0,0,0,0,1,0,0,0,1,0,0,0,0,0
47.301142,0,0,0,0,0,1,0,0,0,1,0,1,0,1,0,1,0,0
47.315314,1,0,0,1,0,0,1,0,0,1,1,0,1,1,1,0,1,0
47.336255,0,0,0,0,1,0,0,0,0,0,0,0,0,0,0,0,0,0
47.336371,0,0,1,0,0,0,0,0,1,0,0,0,1,0,0,0,0,0
47.346769,0,0,0,0,0,0,0,1,0,0,0,0,0,0,0,0,0,1
47.350393,0,0,0,0,0,1,0,0,0,1,0,1,0,1,0,1,0,0
47.365847,1,0,0,0,0,0,0,0,1,0,0,0,1,0,0,0,0,0
47.384172,0,0,0,0,1,0,0,0,0,0,0,0,0,0,0,0,0,0
47.400555,0,0,0,0,0,0,1,1,0,1,0,1,0,1,0,0,1,1
47.400985,0,0,0,0,0,1,0,0,0,0,0,0,0,1,1,0,0,0
47.430391,0,1,1,0,0,0,0,0,0,1,1,0,1,0,0,1,0,0
47.436798,0,0,0,0,1,0,0,0,0,0,0,0,0,0,0,0,0,0
47.443145,1,0,0,0,0,0,0,0,1,0,0,0,1,0,0,0,0,0
47.449777,0,0,0,0,0,1,1,0,0,1,0,1,0,1,0,1,0,0
47.452126,0,0,0,0,0,0,0,1,0,0,0,0,0,0,0,0,0,1
47.465303,1,0,0,1,0,0,0,0,0,1,1,0,1,0,0,0,1,0
47.478831,0,0,0,0,0,0,1,0,0,0,0,0,0,1,1,0,0,0
47.485621,0,0,1,1,0,0,0,0,0,1,1,0,1,0,0,0,1,0
47.487381,0,0,0,0,1,0,0,0,0,0,0,0,0,0,0,0,0,0
47.497310,0,0,0,0,0,0,0,1,0,0,0,0,0,0,0,0,0,1
47.499884,0,0,0,0,0,1,0,0,0,0,0,0,0,1,1,0,0,0
47.513385,0,1,1,0,0,0,0,0,0,1,1,0,1,0,0,1,0,0
47.525104,1,0,0,1,0,0,1,0,0,1,1,0,1,1,1,0,1,0
47.533305,0,0,0,0,1,0,0,0,0,0,0,0,0,0,0,0,0,0
47.548160,0,0,1,0,0,0,0,0,1,0,0,0,1,0,0,0,0,0
47.549408,0,0,0,0,0,0,0,1,0,0,0,0,0,0,0,0,0,1
47.550565,0,0,0,0,0,1,0,0,0,1,0,1,0,1,0,1,0,0
47.562945,1,0,0,0,0,0,0,0,1,0,0,0,1,0,0,0,0,0
47.587281,0,0,0,0,1,0,1,0,0,1,0,1,0,1,0,0,1,0
47.599572,0,0,0,0,0,1,0,0,0,0,0,0,0,1,1,0,0,0
47.603639,0,0,0,0,0,0,0,1,0,0,0,0,0,0,0,0,0,1
47.607462,0,1,1,0,0,0,0,0,0,1,1,0,1,0,0,1,0,0
47.618679,1,0,0,1,0,0,1,0,0,1,1,0,1,1,1,0,1,0
47.638878,0,0,0,0,1,0,0,0,0,0,0,0,0,0,0,0,0,0
47.643749,0,0,1,0,0,0,0,0,1,0,0,0,1,0,0,0,0,0
47.649180,0,0,0,0,0,1,0,0,0,1,0,1,0,1,0,1,0,0
47.649774,0,0,0,0,0,0,0,1,0,0,0,0,0,0,0,0,0,1
47.660803,1,0,0,1,0,0,1,0,0,1,1,0,1,1,1,0,1,0
47.680273,0,0,0,0,1,0,0,0,0,0,0,0,0,0,0,0,0,0
47.689489,0,0,1,0,0,0,0,0,1,0,0,0,1,0,0,0,0,0
47.699595,0,0,0,0,0,0,0,1,0,0,0,0,0,0,0,0,0,1
47.700620,0,0,0,0,0,1,0,0,0,1,0,1,0,1,0,1,0,0
47.714901,1,0,0,1,0,0,1,0,0,1,1,0,1,1,1,0,1,0
47.735037,0,0,1,0,0,0,0,0,1,0,0,0,1,0,0,0,0,0
47.736861,0,0,0,0,1,0,0,0,0,0,0,0,0,0,0,0,0,0
47.747483,0,0,0,0,0,0,0,1,0,0,0,0,0,0,0,0,0,1
47.749535,0,0,0,0,0,1,0,0,0,1,0,1,0,1,0,1,0,0
47.765997,1,0,0,1,0,0,1,0,0,1,1,0,1,1,1,0,1,0
47.780720,0,0,0,0,1,0,0,0,0,0,0,0,0,0,0,0,0,0
47.787938,0,0,1,0,0,0,0,0,1,0,0,0,1,0,0,0,0,0
47.798770,0,0,0,0,0,0,0,1,0,0,0,0,0,0,0,0,0,1
47.799103,0,0,0,0,0,1,0,0,0,1,0,1,0,1,0,1,0,0
47.814755,1,0,0,0,0,0,0,0,1,0,0,0,1,0,0,0,0,0
47.830857,0,0,0,0,1,0,1,0,0,1,0,1,0,1,0,0,1,0
47.850235,0,0,0,0,0,1,0,0,0,0,0,0,0,1,1,0,0,0
47.853291,0,0,0,0,0,0,0,1,0,0,0,0,0,0,0,0,0,1
47.857803,0,1,1,0,0,0,0,0,0,1,1,0,1,0,0,1,0,0
47.876793,1,0,0,0,0,0,0,0,1,0,0,0,1,0,0,0,0,0
47.888746,0,0,0,0,1,0,1,0,0,1,0,1,0,1,0,0,1,0
47.898244,0,0,0,0,0,1,0,0,0,0,0,0,0,1,1,0,0,0
47.900066,0,0,0,0,0,0,0,1,0,0,0,0,0,0,0,0,0,1
47.916738,0,1,1,0,0,0,0,0,0,1,1,0,1,0,0,1,0,0
47.931807,1,0,0,0,0,0,0,0,1,0,0,0,1,0,0,0,0,0
47.934557,0,0,0,0,1,0,1,0,0,1,0,1,0,1,0,0,1,0
47.948814,0,0,0,0,0,0,0,1,0,0,0,0,0,0,0,0,0,1
47.949029,0,0,0,0,0,1,0,0,0,0,0,0,0,1,1,0,0,0
47.960806,0,1,1,0,0,0,0,0,0,1,1,0,1,0,0,1,0,0
47.975748,1,0,0,0,0,0,0,0,1,0,0,0,1,0,0,0,0,0
47.981778,0,0,0,0,1,0,0,0,0,0,0,0,0,0,0,0,0,0
47.996159,0,0,0,0,0,0,0,1,0,0,0,0,0,0,0,0,0,1
48.000810,0,0,0,0,0,1,1,0,0,1,0,1,0,1,0,1,0,0
48.013228,1,0,0,1,0,0,0,0,0,1,1,0,1,0,0,0,1,0
48.031013,0,0,0,0,1,0,0,0,0,0,0,0,0,0,0,0,0,0
48.038794,0,0,1,1,0,0,1,0,0,1,1,0,1,1,1,0,1,0
48.050173,0,0,0,0,0,1,0,0,0,0,0,0,0,1,1,0,0,0
48.052822,0,0,0,0,0,0,0,1,0,0,0,0,0,0,0,0,0,1
48.060606,0,1,1,0,0,0,0,0,0,1,1,0,1,0,0,1,0,0
48.077875,1,0,0,1,0,0,1,0,0,1,1,0,1,1,1,0,1,0
48.092291,0,0,0,0,1,0,0,0,0,0,0,0,0,0,0,0,0,0
48.100919,0,0,1,0,0,0,0,0,1,0,0,0,1,0,0,0,0,0
48.100967,0,0,0,0,0,0,0,1,0,0,0,0,0,0,0,0,0,1
48.101246,0,0,0,0,0,1,0,0,0,1,0,1,0,1,0,1,0,0
48.113177,1,0,0,1,0,0,1,0,0,1,1,0,1,1,1,0,1,0
48.132309,0,0,0,0,1,0,0,0,0,0,0,0,0,0,0,0,0,0
48.140524,0,0,1,0,0,0,0,0,1,0,0,0,1,0,0,0,0,0
48.149091,0,0,0,0,0,1,0,0,0,1,0,1,0,1,0,1,0,0
48.151140,0,0,0,0,0,0,0,1,0,0,0,0,0,0,0,0,0,1
48.160063,1,0,0,0,0,0,0,0,1,0,0,0,1,0,0,0,0,0
48.188973,0,0,0,0,1,0,1,0,0,1,0,1,0,1,0,0,1,0
48.197260,0,0,0,0,0,0,0,1,0,0,0,0,0,0,0,0,0,1
48.200151,0,0,0,0,0,1,0,0,0,0,0,0,0,1,1,0,0,0
48.210349,0,1,1,0,0,0,0,0,0,1,1,0,1,0,0,1,0,0
48.225920,1,0,0,0,0,0,0,0,1,0,0,0,1,0,0,0,0,0
48.230964,0,0,0,0,0,0,1,0,0,1,0,1,0,1,0,0,1,0
48.233702,0,0,0,0,1,0,0,0,0,0,0,0,0,0,0,0,0,0
48.249076,0,0,0,0,0,1,0,0,0,0,0,0,0,1,1,0,0,0
48.250310,0,0,0,0,0,0,0,1,0,0,0,0,0,0,0,0,0,1
48.256904,0,1,1,0,0,0,0,0,0,1,1,0,1,0,0,1,0,0
48.270467,1,0,0,1,0,0,1,0,0,1,1,0,1,1,1,0,1,0
48.282870,0,0,0,0,1,0,0,0,0,0,0,0,0,0,0,0,0,0
48.295957,0,0,1,0,0,0,0,0,1,0,0,0,1,0,0,0,0,0
48.300262,0,0,0,0,0,1,0,0,0,1,0,1,0,1,0,1,0,0
48.302922,0,0,0,0,0,0,0,1,0,0,0,0,0,0,0,0,0,1
48.315364,1,0,0,1,0,0,1,0,0,1,1,0,1,1,1,0,1,0
48.341877,0,0,0,0,1,0,0,0,0,0,0,0,0,0,0,0,0,0
48.343454,0,0,1,0,0,0,0,0,1,0,0,0,1,0,0,0,0,0
48.348908,0,0,0,0,0,0,0,1,0,0,0,0,0,0,0,0,0,1
48.349557,0,0,0,0,0,1,0,0,0,1,0,1,0,1,0,1,0,0
48.368724,1,0,0,1,0,0,1,0,0,1,1,0,1,1,1,0,1,0
48.387512,0,0,0,0,1,0,0,0,0,0,0,0,0,0,0,0,0,0
48.388945,0,0,1,0,0,0,0,0,1,0,0,0,1,0,0,0,0,0
48.399002,0,0,0,0,0,0,0,1,0,0,0,0,0,0,0,0,0,1
48.400775,0,0,0,0,0,1,0,0,0,1,0,1,0,1,0,1,0,0
48.414626,1,0,0,1,0,0,1,0,0,1,1,0,1,1,1,0,1,0
48.436520,0,0,0,0,1,0,0,0,0,0,0,0,0,0,0,0,0,0
48.438905,0,0,1,0,0,0,0,0,1,0,0,0,1,0,0,0,0,0
48.449497,0,0,0,0,0,0,0,1,0,0,0,0,0,0,0,0,0,1
48.450992,0,0,0,0,0,1,0,0,0,1,0,1,0,1,0,1,0,0
48.465862,1,0,0,1,0,0,1,0,0,1,1,0,1,1,1,0,1,0
48.482703,0,0,0,0,1,0,0,0,0,0,0,0,0,0,0,0,0,0
48.493429,0,0,1,0,0,0,0,0,1,0,0,0,1,0,0,0,0,0
48.500730,0,0,0,0,0,1,0,0,0,1,0,1,0,1,0,1,0,0
48.503110,0,0,0,0,0,0,0,1,0,0,0,0,0,0,0,0,0,1
48.516235,1,0,0,1,0,0,1,0,0,1,1,0,1,1,1,0,1,0
48.540221,0,0,1,0,0,0,0,0,1,0,0,0,1,0,0,0,0,0
48.542331,0,0,0,0,1,0,0,0,0,0,0,0,0,0,0,0,0,0
48.548939,0,0,0,0,0,0,0,1,0,0,0,0,0,0,0,0,0,1
48.549732,0,0,0,0,0,1,0,0,0,1,0,1,0,1,0,1,0,0
48.560886,1,0,0,1,0,0,1,0,0,1,1,0,1,1,1,0,1,0
48.586453,0,0,0,0,1,0,0,0,0,0,0,0,0,0,0,0,0,0
48.589811,0,0,1,0,0,0,0,0,1,0,0,0,1,0,0,0,0,0
48.600373,0,0,0,0,0,1,0,0,0,1,0,1,0,1,0,1,0,0
48.601236,0,0,0,0,0,0,0,1,0,0,0,0,0,0,0,0,0,1
48.613390,1,0,0,0,0,0,0,0,1,0,0,0,1,0,0,0,0,0
48.630426,0,0,0,0,0,0,1,0,0,1,0,1,0,1,0,0,1,0
48.632609,0,0,0,0,1,0,0,0,0,0,0,0,0,0,0,0,0,0
48.648271,0,0,0,0,0,0,0,1,0,0,0,0,0,0,0,0,0,1
48.650589,0,0,1,0,0,0,0,0,1,0,0,0,1,0,0,0,0,0
48.651253,0,0,0,0,0,1,0,0,0,1,0,1,0,1,0,1,0,0
48.665680,1,0,0,0,0,0,0,0,1,0,0,0,1,0,0,0,0,0
48.682189,0,0,0,0,1,0,0,0,0,0,0,0,0,0,0,0,0,0
48.699361,0,0,0,0,0,1,1,0,0,1,0,1,0,1,0,1,0,0
48.702183,0,0,0,0,0,0,0,1,0,0,0,0,0,0,0,0,0,1
48.718627,1,0,0,1,0,0,0,0,0,1,1,0,1,0,0,0,1,0
48.732425,0,0,0,0,1,0,0,0,0,0,0,0,0,0,0,0,0,0
48.741856,0,0,1,0,0,0,0,0,1,0,0,0,1,0,0,0,0,0
48.749559,0,0,0,0,0,1,1,0,0,1,0,1,0,1,0,1,0,0
48.749832,0,0,0,0,0,0,0,1,0,0,0,0,0,0,0,0,0,1
48.763432,1,0,0,1,0,0,0,0,0,1,1,0,1,0,0,0,1,0
48.778760,0,0,0,0,0,0,1,0,0,0,0,0,0,1,1,0,0,0
48.785886,0,0,0,0,1,0,0,0,0,0,0,0,0,0,0,0,0,0
48.788755,0,0,1,1,0,0,0,0,0,1,1,0,1,0,0,0,1,0
48.799916,0,0,0,0,0,1,0,0,0,0,0,0,0,1,1,0,0,0
48.802669,0,0,0,0,0,0,0,1,0,0,0,0,0,0,0,0,0,1
48.816300,0,1,1,0,0,0,0,0,0,1,1,0,1,0,0,1,0,0
48.828674,1,0,0,1,0,0,1,0,0,1,1,0,1,1,1,0,1,0
48.841521,0,0,0,0,1,0,0,0,0,0,0,0,0,0,0,0,0,0
48.847568,0,0,0,0,0,0,0,1,0,0,0,0,0,0,0,0,0,1
48.851015,0,0,0,0,0,1,0,0,0,0,0,0,0,1,1,0,0,0
48.851734,0,1,1,0,0,0,0,0,0,1,1,0,1,0,0,1,0,0
48.864660,1,0,0,1,0,0,1,0,0,1,1,0,1,1,1,0,1,0
48.883504,0,0,0,0,1,0,0,0,0,0,0,0,0,0,0,0,0,0
48.884937,0,0,1,0,0,0,0,0,1,0,0,0,1,0,0,0,0,0
48.899382,0,0,0,0,0,1,0,0,0,1,0,1,0,1,0,1,0,0
48.899720,0,0,0,0,0,0,0,1,0,0,0,0,0,0,0,0,0,1
48.917319,1,0,0,0,0,0,0,0,1,0,0,0,1,0,0,0,0,0
48.934028,0,0,0,0,1,0,1,0,0,1,0,1,0,1,0,0,1,0
48.949113,0,0,0,0,0,0,0,1,0,0,0,0,0,0,0,0,0,1
48.949737,0,0,0,0,0,1,0,0,0,0,0,0,0,1,1,0,0,0
48.957658,0,1,1,0,0,0,0,0,0,1,1,0,1,0,0,1,0,0
48.973320,1,0,0,0,0,0,0,0,1,0,0,0,1,0,0,0,0,0
48.983772,0,0,0,0,1,0,1,0,0,1,0,1,0,1,0,0,1,0
48.996556,0,0,0,0,0,0,0,1,0,0,0,0,0,0,0,0,0,1
48.999559,0,0,0,0,0,1,0,0,0,0,0,0,0,1,1,0,0,0
49.009185,0,1,1,0,0,0,0,0,0,1,1,0,1,0,0,1,0,0
49.021273,1,0,0,1,0,0,1,0,0,1,1,0,1,1,1,0,1,0
49.031372,0,0,0,0,1,0,0,0,0,0,0,0,0,0,0,0,0,0
49.050262,0,0,1,0,0,0,0,0,1,0,0,0,1,0,0,0,0,0
49.051483,0,0,0,0,0,1,0,0,0,1,0,1,0,1,0,1,0,0
49.051908,0,0,0,0,0,0,0,1,0,0,0,0,0,0,0,0,0,1
49.065075,1,0,0,0,0,0,0,0,1,0,0,0,1,0,0,0,0,0
49.090018,0,0,0,0,1,0,0,0,0,0,0,0,0,0,0,0,0,0
49.099200,0,0,0,0,0,1,0,0,0,1,0,1,0,1,0,1,0,0
49.100891,0,0,0,0,0,0,1,0,0,0,0,0,0,1,1,0,0,0
49.102893,0,0,0,0,0,0,0,1,0,0,0,0,0,0,0,0,0,1
49.114852,1,0,0,1,0,0,1,0,0,1,1,0,1,1,1,0,1,0
49.134695,0,0,0,0,1,0,0,0,0,0,0,0,0,0,0,0,0,0
49.143756,0,0,1,1,0,0,0,0,0,1,1,0,1,0,0,0,1,0
49.150548,0,0,0,0,0,1,0,0,0,0,0,0,0,1,1,0,0,0
49.151514,0,0,0,0,0,0,0,1,0,0,0,0,0,0,0,0,0,1
49.164694,0,1,1,0,0,0,0,0,0,1,1,0,1,0,0,1,0,0
49.180687,1,0,0,0,0,0,0,0,1,0,0,0,1,0,0,0,0,0
49.187451,0,0,0,0,1,0,0,0,0,0,0,0,0,0,0,0,0,0
49.200277,0,0,0,0,0,0,0,1,0,0,0,0,0,0,0,0,0,1
49.200933,0,0,0,0,0,1,0,0,0,1,0,1,0,1,0,1,0,0
49.217420,1,0,0,0,0,0,0,0,1,0,0,0,1,0,0,0,0,0
49.237253,0,0,0,0,1,0,1,0,0,1,0,1,0,1,0,0,1,0
49.250196,0,0,0,0,0,1,0,0,0,0,0,0,0,1,1,0,0,0
49.250810,0,0,0,0,0,0,0,1,0,0,0,0,0,0,0,0,0,1
49.262241,0,1,1,1,0,0,1,0,0,1,1,0,1,1,1,1,0,0
49.274566,1,0,0,1,0,0,1,0,0,1,1,0,1,1,1,0,1,0
49.289222,0,0,0,0,1,0,0,0,0,0,0,0,0,0,0,0,0,0
49.299257,0,0,1,1,0,0,0,0,0,1,1,0,1,0,0,0,1,0
49.300437,0,0,0,0,0,1,0,0,0,0,0,0,0,1,1,0,0,0
49.300705,0,0,0,0,0,0,0,1,0,0,0,0,0,0,0,0,0,1
49.329124,0,1,1,0,0,0,0,0,0,1,1,0,1,0,0,1,0,0
49.340336,0,0,0,0,1,0,0,0,0,0,0,0,0,0,0,0,0,0
49.345976,1,0,0,1,0,0,1,0,0,1,1,0,1,1,1,0,1,0
49.347755,0,0,0,0,0,0,0,1,0,0,0,0,0,0,0,0,0,1
49.349504,0,0,0,0,0,1,0,0,0,0,0,0,0,1,1,0,0,0
49.374918,0,1,1,0,0,0,0,0,0,1,1,0,1,0,0,1,0,0
49.382600,0,0,0,0,1,0,0,0,0,0,0,0,0,0,0,0,0,0
49.390094,1,0,0,0,0,0,0,0,1,0,0,0,1,0,0,0,0,0
49.396836,0,0,0,0,0,0,1,0,0,1,0,1,0,1,0,0,1,0
49.400528,0,0,0,0,0,0,0,1,0,0,0,0,0,0,0,0,0,1
49.400772,0,0,0,0,0,1,0,0,0,0,0,0,0,1,1,0,0,0
49.422188,0,1,1,0,0,0,0,0,0,1,1,0,1,0,0,1,0,0
49.434798,0,0,0,0,1,0,0,0,0,0,0,0,0,0,0,0,0,0
49.438709,1,0,0,1,0,0,1,0,0,1,1,0,1,1,1,0,1,0
49.448224,0,0,0,0,0,1,0,0,0,0,0,0,0,1,1,0,0,0
49.449171,0,0,0,0,0,0,0,1,0,0,0,0,0,0,0,0,0,1
49.462892,0,1,1,0,0,0,0,0,0,1,1,0,1,0,0,1,0,0
49.474519,1,0,0,1,0,0,1,0,0,1,1,0,1,1,1,0,1,0
49.485819,0,0,0,0,1,0,0,0,0,0,0,0,0,0,0,0,0,0
49.495572,0,0,1,0,0,0,0,0,1,0,0,0,1,0,0,0,0,0
49.497818,0,0,0,0,0,0,0,1,0,0,0,0,0,0,0,0,0,1
49.500978,0,0,0,0,0,1,0,0,0,1,0,1,0,1,0,1,0,0
49.511111,1,0,0,0,0,0,0,0,1,0,0,0,1,0,0,0,0,0
49.537305,0,0,0,0,1,0,0,0,0,0,0,0,0,0,0,0,0,0
49.540132,0,0,0,0,0,0,1,0,0,1,0,1,0,1,0,0,1,0
49.550132,0,0,0,0,0,0,0,1,0,0,0,0,0,0,0,0,0,1
49.550566,0,0,0,0,0,1,0,0,0,0,0,0,0,1,1,0,0,0
49.561751,0,1,1,0,0,0,0,0,0,1,1,0,1,0,0,1,0,0
49.575938,1,0,0,0,0,0,0,0,1,0,0,0,1,0,0,0,0,0
49.583805,0,0,0,0,1,0,0,0,0,0,0,0,0,0,0,0,0,0
49.601623,0,0,0,0,0,1,1,0,0,1,0,1,0,1,0,1,0,0
49.602199,0,0,0,0,0,0,0,1,0,0,0,0,0,0,0,0,0,1
49.613145,1,0,0,1,0,0,0,0,0,1,1,0,1,0,0,0,1,0
49.617170,0,0,0,0,0,0,1,0,0,0,0,0,0,1,1,0,0,0
49.636318,0,0,1,1,0,0,0,0,0,1,1,0,1,0,0,0,1,0
49.641736,0,0,0,0,1,0,0,0,0,0,0,0,0,0,0,0,0,0
49.649118,0,0,0,0,0,1,0,0,0,0,0,0,0,1,1,0,0,0
49.652386,0,0,0,0,0,0,0,1,0,0,0,0,0,0,0,0,0,1
49.661038,0,1,1,0,0,0,0,0,0,1,1,0,1,0,0,1,0,0
49.672744,1,0,0,1,0,0,1,0,0,1,1,0,1,1,1,0,1,0
49.684359,0,0,0,0,1,0,0,0,0,0,0,0,0,0,0,0,0,0
49.693387,0,0,1,0,0,0,0,0,1,0,0,0,1,0,0,0,0,0
49.699972,0,0,0,0,0,0,0,1,0,0,0,0,0,0,0,0,0,1
49.700080,0,0,0,0,0,1,0,0,0,1,0,1,0,1,0,1,0,0
49.711099,1,0,0,0,0,0,0,0,1,0,0,0,1,0,0,0,0,0
49.735606,0,0,0,0,1,0,0,0,0,0,0,0,0,0,0,0,0,0
49.739426,0,0,0,0,0,0,1,0,0,1,0,1,0,1,0,0,1,0
49.750880,0,0,0,0,0,0,0,1,0,0,0,0,0,0,0,0,0,1
49.751004,0,0,0,0,0,1,0,0,0,0,0,0,0,1,1,0,0,0
49.768133,0,1,1,0,0,0,0,0,0,1,1,0,1,0,0,1,0,0
49.781901,0,0,0,0,1,0,0,0,0,0,0,0,0,0,0,0,0,0
49.787282,1,0,0,1,0,0,1,0,0,1,1,0,1,1,1,0,1,0
49.799833,0,0,0,0,0,1,0,0,0,0,0,0,0,1,1,0,0,0
49.801745,0,0,0,0,0,0,0,1,0,0,0,0,0,0,0,0,0,1
49.808805,0,1,1,0,0,0,0,0,0,1,1,0,1,0,0,1,0,0
49.822310,1,0,0,0,0,0,0,0,1,0,0,0,1,0,0,0,0,0
49.836522,0,0,0,0,1,0,1,0,0,1,0,1,0,1,0,0,1,0
49.849933,0,0,0,0,0,1,0,0,0,0,0,0,0,1,1,0,0,0
49.851828,0,0,0,0,0,0,0,1,0,0,0,0,0,0,0,0,0,1
49.860790,0,1,1,0,0,0,0,0,0,1,1,0,1,0,0,1,0,0
49.876294,1,0,0,1,0,0,1,0,0,1,1,0,1,1,1,0,1,0
49.887808,0,0,0,0,1,0,0,0,0,0,0,0,0,0,0,0,0,0
49.900092,0,0,0,0,0,1,0,0,0,0,0,0,0,1,1,0,0,0
49.901934,0,1,1,0,0,0,0,0,0,1,1,0,1,0,0,1,0,0
49.903033,0,0,0,0,0,0,0,1,0,0,0,0,0,0,0,0,0,1
49.921757,1,0,0,0,0,0,0,0,1,0,0,0,1,0,0,0,0,0
49.923445,0,0,0,0,0,0,1,0,0,1,0,1,0,1,0,0,1,0
49.939182,0,0,0,0,1,0,0,0,0,0,0,0,0,0,0,0,0,0
49.950550,0,0,0,0,0,1,0,0,0,0,0,0,0,1,1,0,0,0
49.950778,0,0,0,0,0,0,0,1,0,0,0,0,0,0,0,0,0,1
49.952561,0,1,1,0,0,0,0,0,0,1,1,0,1,0,0,1,0,0
49.968390,1,0,0,0,0,0,0,0,1,0,0,0,1,0,0,0,0,0
49.971764,0,0,0,0,0,0,1,0,0,1,0,1,0,1,0,0,1,0
49.990171,0,0,0,0,1,0,0,0,0,0,0,0,0,0,0,0,0,0
49.999611,0,0,1,0,0,0,0,0,1,0,0,0,1,0,0,0,0,0
50.000017,0,0,0,0,0,1,0,0,0,1,0,1,0,1,0,1,0,0
50.000990,0,0,0,0,0,0,0,1,0,0,0,0,0,0,0,0,0,1
50.016710,1,0,0,1,0,0,1,0,0,1,1,0,1,1,1,0,1,0
50.035348,0,0,0,0,1,0,0,0,0,0,0,0,0,0,0,0,0,0
50.040053,0,0,1,0,0,0,0,0,1,0,0,0,1,0,0,0,0,0
50.048452,0,0,0,0,0,0,0,1,0,0,0,0,0,0,0,0,0,1
50.050313,0,0,0,0,0,1,0,0,0,1,0,1,0,1,0,1,0,0
50.063738,1,0,0,0,0,0,0,0,1,0,0,0,1,0,0,0,0,0
50.080462,0,0,0,0,1,0,0,0,0,0,0,0,0,0,0,0,0,0
50.100132,0,0,0,0,0,1,0,0,0,1,0,1,0,1,0,1,0,0
50.100755,0,0,0,0,0,0,0,1,0,0,0,0,0,0,0,0,0,1
50.105976,0,0,0,0,0,0,1,0,0,0,0,0,0,1,1,0,0,0
50.117603,1,0,0,1,0,0,0,0,0,1,1,0,1,0,0,0,1,0
50.124552,0,0,0,0,0,0,1,0,0,0,0,0,0,1,1,0,0,0
50.137252,0,0,0,0,1,0,0,0,0,0,0,0,0,0,0,0,0,0
50.140903,0,0,1,1,0,0,0,0,0,1,1,0,1,0,0,0,1,0
50.148761,0,0,0,0,0,1,0,0,0,0,0,0,0,1,1,0,0,0
50.153651,0,0,0,0,0,0,0,1,0,0,0,0,0,0,0,0,0,1
50.162574,0,1,1,0,0,0,0,0,0,1,1,0,1,0,0,1,0,0
50.172656,1,0,0,1,0,0,1,0,0,1,1,0,1,1,1,0,1,0
50.189696,0,0,0,0,1,0,0,0,0,0,0,0,0,0,0,0,0,0
50.194445,0,0,1,0,0,0,0,0,1,0,0,0,1,0,0,0,0,0
50.199627,0,0,0,0,0,1,0,0,0,1,0,1,0,1,0,1,0,0
50.202199,0,0,0,0,0,0,0,1,0,0,0,0,0,0,0,0,0,1
50.217633,1,0,0,1,0,0,1,0,0,1,1,0,1,1,1,0,1,0
50.239971,0,0,1,0,0,0,0,0,1,0,0,0,1,0,0,0,0,0
50.240312,0,0,0,0,1,0,0,0,0,0,0,0,0,0,0,0,0,0
50.246777,0,0,0,0,0,0,0,1,0,0,0,0,0,0,0,0,0,1
50.249695,0,0,0,0,0,1,0,0,0,1,0,1,0,1,0,1,0,0
50.263514,1,0,0,0,0,0,0,0,1,0,0,0,1,0,0,0,0,0
50.268790,0,0,0,0,0,0,1,0,0,1,0,1,0,1,0,0,1,0
50.277954,0,0,0,0,1,0,0,0,0,0,0,0,0,0,0,0,0,0
50.291676,0,0,1,0,0,0,0,0,1,0,0,0,1,0,0,0,0,0
50.296608,0,0,0,0,0,0,0,1,0,0,0,0,0,0,0,0,0,1
50.299999,0,0,0,0,0,1,0,0,0,1,0,1,0,1,0,1,0,0
50.316823,1,0,0,0,0,0,0,0,1,0,0,0,1,0,0,0,0,0
50.333287,0,0,0,0,1,0,0,0,0,0,0,0,0,0,0,0,0,0
50.347948,0,0,0,0,0,0,0,1,0,0,0,0,0,0,0,0,0,1
50.348766,0,0,0,0,0,1,1,0,0,1,0,1,0,1,0,0,1,0
50.373495,0,1,1,0,0,0,0,0,0,1,1,0,1,0,0,1,0,0
50.383006,0,0,0,0,1,0,0,0,0,0,0,0,0,0,0,0,0,0
50.389279,1,0,0,0,0,0,0,0,1,0,0,0,1,0,0,0,0,0
50.397974,0,0,0,0,0,0,1,1,0,1,0,1,0,1,0,0,1,1
50.400976,0,0,0,0,0,1,0,0,0,0,0,0,0,1,1,0,0,0
50.418243,0,1,1,0,0,0,0,0,0,1,1,0,1,0,0,1,0,0
50.428518,1,0,0,1,0,0,1,0,0,1,1,0,1,1,1,0,1,0
50.434958,0,0,0,0,1,0,0,0,0,0,0,0,0,0,0,0,0,0
50.448855,0,0,0,0,0,1,0,0,0,0,0,0,0,1,1,0,0,0
50.449221,0,0,0,0,0,0,0,1,0,0,0,0,0,0,0,0,0,1
50.457904,0,1,1,0,0,0,0,0,0,1,1,0,1,0,0,1,0,0
50.468916,1,0,0,1,0,0,1,0,0,1,1,0,1,1,1,0,1,0
50.480396,0,0,0,0,1,0,0,0,0,0,0,0,0,0,0,0,0,0
50.495489,0,0,1,0,0,0,0,0,1,0,0,0,1,0,0,0,0,0
50.499865,0,0,0,0,0,1,0,0,0,1,0,1,0,1,0,1,0,0
50.502886,0,0,0,0,0,0,0,1,0,0,0,0,0,0,0,0,0,1
50.511225,1,0,0,1,0,0,1,0,0,1,1,0,1,1,1,0,1,0
50.531728,0,0,1,0,0,0,0,0,1,0,0,0,1,0,0,0,0,0
50.537139,0,0,0,0,1,0,0,0,0,0,0,0,0,0,0,0,0,0
50.550805,0,0,0,0,0,1,0,0,0,1,0,1,0,1,0,1,0,0
50.553966,0,0,0,0,0,0,0,1,0,0,0,0,0,0,0,0,0,1
50.562087,1,0,0,1,0,0,1,0,0,1,1,0,1,1,1,0,1,0
50.587504,0,0,1,0,0,0,0,0,1,0,0,0,1,0,0,0,0,0
50.589886,0,0,0,0,1,0,0,0,0,0,0,0,0,0,0,0,0,0
50.599726,0,0,0,0,0,1,0,0,0,1,0,1,0,1,0,1,0,0
50.600985,0,0,0,0,0,0,0,1,0,0,0,0,0,0,0,0,0,1
50.615130,1,0,0,0,0,0,0,0,1,0,0,0,1,0,0,0,0,0
50.636725,0,0,0,0,1,0,1,0,0,1,0,1,0,1,0,0,1,0
50.648952,0,0,0,0,0,0,0,1,0,0,0,0,0,0,0,0,0,1
50.651097,0,0,0,0,0,1,0,0,0,0,0,0,0,1,1,0,0,0
50.665710,0,1,1,0,0,0,0,0,0,1,1,0,1,0,0,1,0,0
50.682728,0,0,0,0,1,0,0,0,0,0,0,0,0,0,0,0,0,0
50.683102,1,0,0,0,0,0,0,0,1,0,0,0,1,0,0,0,0,0
50.700175,0,0,0,0,0,1,1,0,0,1,0,1,0,1,0,1,0,0
50.701969,0,0,0,0,0,0,0,1,0,0,0,0,0,0,0,0,0,1
50.715876,1,0,0,1,0,0,1,0,0,1,1,0,1,1,1,0,1,0
50.733798,0,0,0,0,1,0,0,0,0,0,0,0,0,0,0,0,0,0
50.739304,0,0,1,1,0,0,0,0,0,1,1,0,1,0,0,0,1,0
50.749770,0,0,0,0,0,1,0,0,0,0,0,0,0,1,1,0,0,0
50.750034,0,0,0,0,0,0,0,1,0,0,0,0,0,0,0,0,0,1
50.765533,0,1,1,0,0,0,0,0,0,1,1,0,1,0,0,1,0,0
50.779167,1,0,0,0,0,0,0,0,1,0,0,0,1,0,0,0,0,0
50.789750,0,0,0,0,1,0,0,0,0,0,0,0,0,0,0,0,0,0
50.794075,0,0,0,0,0,0,1,0,0,1,0,1,0,1,0,0,1,0
50.798800,0,0,0,0,0,1,0,0,0,0,0,0,0,1,1,0,0,0
50.801124,0,0,0,0,0,0,0,1,0,0,0,0,0,0,0,0,0,1
50.815762,0,1,1,0,0,0,0,0,0,1,1,0,1,0,0,1,0,0
50.826755,1,0,0,1,0,0,1,0,0,1,1,0,1,1,1,0,1,0
50.836356,0,0,0,0,1,0,0,0,0,0,0,0,0,0,0,0,0,0
50.846460,0,0,0,0,0,0,0,1,0,0,0,0,0,0,0,0,0,1
50.849253,0,0,0,0,0,1,0,0,0,0,0,0,0,1,1,0,0,0
50.853212,0,1,1,0,0,0,0,0,0,1,1,0,1,0,0,1,0,0
50.865723,1,0,0,0,0,0,0,0,1,0,0,0,1,0,0,0,0,0
50.869557,0,0,0,0,0,0,1,0,0,1,0,1,0,1,0,0,1,0
50.885503,0,0,0,0,1,0,0,0,0,0,0,0,0,0,0,0,0,0
50.896607,0,0,1,0,0,0,0,0,1,0,0,0,1,0,0,0,0,0
50.899604,0,0,0,0,0,0,0,1,0,0,0,0,0,0,0,0,0,1
50.900494,0,0,0,0,0,1,0,0,0,1,0,1,0,1,0,1,0,0
50.913330,1,0,0,1,0,0,1,0,0,1,1,0,1,1,1,0,1,0
50.937188,0,0,0,0,1,0,0,0,0,0,0,0,0,0,0,0,0,0
50.938352,0,0,1,0,0,0,0,0,1,0,0,0,1,0,0,0,0,0
50.947834,0,0,0,0,0,0,0,1,0,0,0,0,0,0,0,0,0,1
50.951026,0,0,0,0,0,1,0,0,0,1,0,1,0,1,0,1,0,0
50.968972,1,0,0,0,0,0,0,0,1,0,0,0,1,0,0,0,0,0
50.975053,0,0,0,0,0,0,1,0,0,1,0,1,0,1,0,0,1,0
50.987528,0,0,0,0,1,0,0,0,0,0,0,0,0,0,0,0,0,0
50.997390,0,0,1,0,0,0,0,0,1,0,0,0,1,0,0,0,0,0
50.999516,0,0,0,0,0,0,0,1,0,0,0,0,0,0,0,0,0,1
51.000913,0,0,0,0,0,1,0,0,0,1,0,1,0,1,0,1,0,0
51.016873,1,0,0,0,0,0,0,0,1,0,0,0,1,0,0,0,0,0
51.036478,0,0,0,0,1,0,0,0,0,0,0,0,0,0,0,0,0,0
51.039659,0,0,0,0,0,0,1,0,0,1,0,1,0,1,0,0,1,0
51.049591,0,0,0,0,0,0,0,1,0,0,0,0,0,0,0,0,0,1
51.050901,0,0,0,0,0,1,0,0,0,0,0,0,0,1,1,0,0,0
51.065677,0,1,1,0,0,0,0,0,0,1,1,0,1,0,0,1,0,0
51.078522,1,0,0,0,0,0,0,0,1,0,0,0,1,0,0,0,0,0
51.084762,0,0,0,0,1,0,1,0,0,1,0,1,0,1,0,0,1,0
51.100375,0,0,0,0,0,0,0,1,0,0,0,0,0,0,0,0,0,1
51.100601,0,0,0,0,0,1,0,0,0,0,0,0,0,1,1,0,0,0
51.111533,0,1,1,0,0,0,0,0,0,1,1,0,1,0,0,1,0,0
51.125141,1,0,0,1,0,0,1,0,0,1,1,0,1,1,1,0,1,0
51.138506,0,0,0,0,1,0,0,0,0,0,0,0,0,0,0,0,0,0
51.145951,0,0,1,0,0,0,0,0,1,0,0,0,1,0,0,0,0,0
51.150739,0,0,0,0,0,1,0,0,0,1,0,1,0,1,0,1,0,0
51.152128,0,0,0,0,0,0,0,1,0,0,0,0,0,0,0,0,0,1
51.163763,1,0,0,0,0,0,0,0,1,0,0,0,1,0,0,0,0,0
51.178942,0,0,0,0,0,0,1,0,0,1,0,1,0,1,0,0,1,0
51.184831,0,0,0,0,1,0,0,0,0,0,0,0,0,0,0,0,0,0
51.196138,0,0,0,0,0,0,0,1,0,0,0,0,0,0,0,0,0,1
51.200886,0,0,0,0,0,1,0,0,0,0,0,0,0,1,1,0,0,0
51.204530,0,1,1,0,0,0,0,0,0,1,1,0,1,0,0,1,0,0
51.217519,1,0,0,1,0,0,1,0,0,1,1,0,1,1,1,0,1,0
51.229637,0,0,0,0,1,0,0,0,0,0,0,0,0,0,0,0,0,0
51.242449,0,0,1,0,0,0,0,0,1,0,0,0,1,0,0,0,0,0
51.247298,0,0,0,0,0,0,0,1,0,0,0,0,0,0,0,0,0,1
51.248492,0,0,0,0,0,1,0,0,0,1,0,1,0,1,0,1,0,0
51.261530,1,0,0,1,0,0,1,0,0,1,1,0,1,1,1,0,1,0
51.284043,0,0,0,0,1,0,0,0,0,0,0,0,0,0,0,0,0,0
51.287271,0,0,1,0,0,0,0,0,1,0,0,0,1,0,0,0,0,0
51.298970,0,0,0,0,0,0,0,1,0,0,0,0,0,0,0,0,0,1
51.301156,0,0,0,0,0,1,0,0,0,1,0,1,0,1,0,1,0,0
51.316159,1,0,0,0,0,0,0,0,1,0,0,0,1,0,0,0,0,0
51.332056,0,0,0,0,1,0,1,0,0,1,0,1,0,1,0,0,1,0
51.349628,0,0,0,0,0,1,0,0,0,0,0,0,0,1,1,0,0,0
51.352373,0,0,0,0,0,0,0,1,0,0,0,0,0,0,0,0,0,1
51.359412,0,1,1,0,0,0,0,0,0,1,1,0,1,0,0,1,0,0
51.376373,1,0,0,0,0,0,0,0,1,0,0,0,1,0,0,0,0,0
51.380962,0,0,0,0,0,0,1,0,0,1,0,1,0,1,0,0,1,0
51.385275,0,0,0,0,1,0,0,0,0,0,0,0,0,0,0,0,0,0
51.398515,0,0,0,0,0,0,0,1,0,0,0,0,0,0,0,0,0,1
51.399211,0,0,0,0,0,1,0,0,0,0,0,0,0,1,1,0,0,0
51.407018,0,1,1,0,0,0,0,0,0,1,1,0,1,0,0,1,0,0
51.423705,1,0,0,1,0,0,1,0,0,1,1,0,1,1,1,0,1,0
51.437757,0,0,0,0,1,0,0,0,0,0,0,0,0,0,0,0,0,0
51.444178,0,0,1,0,0,0,0,0,1,0,0,0,1,0,0,0,0,0
51.446667,0,0,0,0,0,0,0,1,0,0,0,0,0,0,0,0,0,1
51.449804,0,0,0,0,0,1,0,0,0,1,0,1,0,1,0,1,0,0
51.466541,1,0,0,0,0,0,0,0,1,0,0,0,1,0,0,0,0,0
51.476923,0,0,0,0,1,0,0,0,0,0,0,0,0,0,0,0,0,0
51.484669,0,0,0,0,0,0,1,0,0,1,0,1,0,1,0,0,1,0
51.499376,0,0,0,0,0,1,0,0,0,0,0,0,0,1,1,0,0,0
51.502616,0,0,0,0,0,0,0,1,0,0,0,0,0,0,0,0,0,1
51.504738,0,1,1,0,0,0,0,0,0,1,1,0,1,0,0,1,0,0
51.516711,1,0,0,1,0,0,1,0,0,1,1,0,1,1,1,0,1,0
51.540681,0,0,0,0,1,0,0,0,0,0,0,0,0,0,0,0,0,0
51.541901,0,0,1,0,0,0,0,0,1,0,0,0,1,0,0,0,0,0
51.548071,0,0,0,0,0,0,0,1,0,0,0,0,0,0,0,0,0,1
51.551226,0,0,0,0,0,1,0,0,0,1,0,1,0,1,0,1,0,0
51.565233,1,0,0,1,0,0,1,0,0,1,1,0,1,1,1,0,1,0
51.581386,0,0,0,0,1,0,0,0,0,0,0,0,0,0,0,0,0,0
51.585313,0,0,1,0,0,0,0,0,1,0,0,0,1,0,0,0,0,0
51.596802,0,0,0,0,0,0,0,1,0,0,0,0,0,0,0,0,0,1
51.600192,0,0,0,0,0,1,0,0,0,1,0,1,0,1,0,1,0,0
51.612893,1,0,0,0,0,0,0,0,1,0,0,0,1,0,0,0,0,0
51.634576,0,0,0,0,1,0,0,0,0,0,0,0,0,0,0,0,0,0
51.648625,0,0,0,0,0,1,1,0,0,1,0,1,0,1,0,0,1,0
51.650203,0,0,0,0,0,0,0,1,0,0,0,0,0,0,0,0,0,1
51.670695,0,1,1,0,0,0,0,0,0,1,1,0,1,0,0,1,0,0
51.683248,1,0,0,1,0,0,1,0,0,1,1,0,1,1,1,0,1,0
51.689812,0,0,0,0,1,0,0,0,0,0,0,0,0,0,0,0,0,0
51.698947,0,0,0,0,0,0,0,1,0,0,0,0,0,0,0,0,0,1
51.700119,0,0,0,0,0,1,0,0,0,0,0,0,0,1,1,0,0,0
51.707339,0,1,1,0,0,0,0,0,0,1,1,0,1,0,0,1,0,0
51.723331,1,0,0,1,0,0,1,0,0,1,1,0,1,1,1,0,1,0
51.736271,0,0,0,0,1,0,0,0,0,0,0,0,0,0,0,0,0,0
51.749384,0,0,0,0,0,1,0,0,0,0,0,0,0,1,1,0,0,0
51.750518,0,0,0,0,0,0,0,1,0,0,0,0,0,0,0,0,0,1
51.751058,0,1,1,0,0,0,0,0,0,1,1,0,1,0,0,1,0,0
51.766478,1,0,0,1,0,0,1,0,0,1,1,0,1,1,1,0,1,0
51.788612,0,0,0,0,1,0,0,0,0,0,0,0,0,0,0,0,0,0
51.795782,0,0,1,0,0,0,0,0,1,0,0,0,1,0,0,0,0,0
51.799136,0,0,0,0,0,0,0,1,0,0,0,0,0,0,0,0,0,1
51.801862,0,0,0,0,0,1,0,0,0,1,0,1,0,1,0,1,0,0
51.813256,1,0,0,1,0,0,1,0,0,1,1,0,1,1,1,0,1,0
51.836471,0,0,1,0,0,0,0,0,1,0,0,0,1,0,0,0,0,0
51.838811,0,0,0,0,1,0,0,0,0,0,0,0,0,0,0,0,0,0
51.849540,0,0,0,0,0,1,0,0,0,1,0,1,0,1,0,1,0,0
51.850397,0,0,0,0,0,0,0,1,0,0,0,0,0,0,0,0,0,1
51.866592,1,0,0,0,0,0,0,0,1,0,0,0,1,0,0,0,0,0
51.889425,0,0,0,0,1,0,0,0,0,0,0,0,0,0,0,0,0,0
51.892365,0,0,0,0,0,0,1,0,0,1,0,1,0,1,0,0,1,0
51.899976,0,0,0,0,0,1,0,0,0,0,0,0,0,1,1,0,0,0
51.903391,0,0,0,0,0,0,0,1,0,0,0,0,0,0,0,0,0,1
51.919350,0,1,1,0,0,0,0,0,0,1,1,0,1,0,0,1,0,0
51.933812,1,0,0,1,0,0,1,0,0,1,1,0,1,1,1,0,1,0
51.940722,0,0,0,0,1,0,0,0,0,0,0,0,0,0,0,0,0,0
51.948451,0,0,0,0,0,0,0,1,0,0,0,0,0,0,0,0,0,1
51.950726,0,0,0,0,0,1,0,0,0,0,0,0,0,1,1,0,0,0
51.960609,0,1,1,0,0,0,0,0,0,1,1,0,1,0,0,1,0,0
51.971969,1,0,0,1,0,0,1,0,0,1,1,0,1,1,1,0,1,0
51.983821,0,0,0,0,1,0,0,0,0,0,0,0,0,0,0,0,0,0
51.995247,0,0,1,0,0,0,0,0,1,0,0,0,1,0,0,0,0,0
51.999028,0,0,0,0,0,0,0,1,0,0,0,0,0,0,0,0,0,1
51.999348,0,0,0,0,0,1,0,0,0,1,0,1,0,1,0,1,0,0
52.017591,1,0,0,0,0,0,0,0,1,0,0,0,1,0,0,0,0,0
52.019471,0,0,0,0,0,0,1,0,0,1,0,1,0,1,0,0,1,0
52.036542,0,0,0,0,1,0,0,0,0,0,0,0,0,0,0,0,0,0
52.043762,0,0,1,0,0,0,0,0,1,0,0,0,1,0,0,0,0,0
52.048703,0,0,0,0,0,1,0,0,0,1,0,1,0,1,0,1,0,0
52.050025,0,0,0,0,0,0,0,1,0,0,0,0,0,0,0,0,0,1
52.063749,1,0,0,0,0,0,0,0,1,0,0,0,1,0,0,0,0,0
52.077237,0,0,0,0,0,0,1,0,0,1,0,1,0,1,0,0,1,0
52.081040,0,0,0,0,1,0,0,0,0,0,0,0,0,0,0,0,0,0
52.099632,0,0,0,0,0,0,0,1,0,0,0,0,0,0,0,0,0,1
52.101439,0,0,0,0,0,1,0,0,0,0,0,0,0,1,1,0,0,0
52.103397,0,1,1,0,0,0,0,0,0,1,1,0,1,0,0,1,0,0
52.122554,1,0,0,0,0,0,0,0,1,0,0,0,1,0,0,0,0,0
52.131439,0,0,0,0,0,0,1,0,0,1,0,1,0,1,0,0,1,0
52.137672,0,0,0,0,1,0,0,0,0,0,0,0,0,0,0,0,0,0
52.149985,0,0,0,0,0,0,0,1,0,0,0,0,0,0,0,0,0,1
52.151160,0,0,0,0,0,1,0,0,0,0,0,0,0,1,1,0,0,0
52.152190,0,1,1,0,0,0,0,0,0,1,1,0,1,0,0,1,0,0
52.164874,1,0,0,1,0,0,1,0,0,1,1,0,1,1,1,0,1,0
52.184836,0,0,0,0,1,0,0,0,0,0,0,0,0,0,0,0,0,0
52.191632,0,0,1,0,0,0,0,0,1,0,0,0,1,0,0,0,0,0
52.198830,0,0,0,0,0,1,0,0,0,1,0,1,0,1,0,1,0,0
52.199990,0,0,0,0,0,0,0,1,0,0,0,0,0,0,0,0,0,1
52.211892,1,0,0,1,0,0,1,0,0,1,1,0,1,1,1,0,1,0
52.236213,0,0,1,0,0,0,0,0,1,0,0,0,1,0,0,0,0,0
52.238942,0,0,0,0,1,0,0,0,0,0,0,0,0,0,0,0,0,0
52.250200,0,0,0,0,0,1,0,0,0,1,0,1,0,1,0,1,0,0
52.253311,0,0,0,0,0,0,0,1,0,0,0,0,0,0,0,0,0,1
52.263698,1,0,0,0,0,0,0,0,1,0,0,0,1,0,0,0,0,0
52.273895,0,0,0,0,0,0,1,0,0,1,0,1,0,1,0,0,1,0
52.287695,0,0,0,0,1,0,0,0,0,0,0,0,0,0,0,0,0,0
52.295839,0,0,1,0,0,0,0,0,1,0,0,0,1,0,0,0,0,0
52.298173,0,0,0,0,0,0,0,1,0,0,0,0,0,0,0,0,0,1
52.301309,0,0,0,0,0,1,0,0,0,1,0,1,0,1,0,1,0,0
52.313828,1,0,0,1,0,0,1,0,0,1,1,0,1,1,1,0,1,0
52.332176,0,0,0,0,1,0,0,0,0,0,0,0,0,0,0,0,0,0
52.334407,0,0,1,0,0,0,0,0,1,0,0,0,1,0,0,0,0,0
52.348441,0,0,0,0,0,0,0,1,0,0,0,0,0,0,0,0,0,1
52.350181,0,0,0,0,0,1,0,0,0,1,0,1,0,1,0,1,0,0
52.368430,1,0,0,1,0,0,1,0,0,1,1,0,1,1,1,0,1,0
52.382765,0,0,0,0,1,0,0,0,0,0,0,0,0,0,0,0,0,0
52.394823,0,0,1,0,0,0,0,0,1,0,0,0,1,0,0,0,0,0
52.398908,0,0,0,0,0,1,0,0,0,1,0,1,0,1,0,1,0,0
52.401722,0,0,0,0,0,0,0,1,0,0,0,0,0,0,0,0,0,1
52.415635,1,0,0,1,0,0,1,0,0,1,1,0,1,1,1,0,1,0
52.436120,0,0,0,0,1,0,0,0,0,0,0,0,0,0,0,0,0,0
52.439426,0,0,1,0,0,0,0,0,1,0,0,0,1,0,0,0,0,0
52.449763,0,0,0,0,0,1,0,0,0,1,0,1,0,1,0,1,0,0
52.453655,0,0,0,0,0,0,0,1,0,0,0,0,0,0,0,0,0,1
52.466677,1,0,0,1,0,0,1,0,0,1,1,0,1,1,1,0,1,0
52.487890,0,0,0,0,1,0,0,0,0,0,0,0,0,0,0,0,0,0
52.488743,0,0,1,0,0,0,0,0,1,0,0,0,1,0,0,0,0,0
52.499494,0,0,0,0,0,1,0,0,0,1,0,1,0,1,0,1,0,0
52.500032,0,0,0,0,0,0,0,1,0,0,0,0,0,0,0,0,0,1
52.516696,1,0,0,0,0,0,0,0,1,0,0,0,1,0,0,0,0,0
52.532403,0,0,0,0,1,0,0,0,0,0,0,0,0,0,0,0,0,0
52.549820,0,0,0,0,0,1,0,0,0,1,0,1,0,1,0,1,0,0
52.552540,0,0,0,0,0,0,1,1,0,0,0,0,0,1,1,0,0,1
52.568016,1,0,0,1,0,0,0,0,0,1,1,0,1,0,0,0,1,0
52.589379,0,0,1,0,0,0,0,0,1,0,0,0,1,0,0,0,0,0
52.589523,0,0,0,0,0,0,1,0,0,1,0,1,0,1,0,0,1,0
52.589668,0,0,0,0,1,0,0,0,0,0,0,0,0,0,0,0,0,0
52.599031,0,0,0,0,0,0,0,1,0,0,0,0,0,0,0,0,0,1
52.601961,0,0,0,0,0,1,0,0,0,0,0,0,0,1,1,0,0,0
52.615281,0,1,1,0,0,0,0,0,0,1,1,0,1,0,0,1,0,0
52.634846,1,0,0,1,0,0,1,0,0,1,1,0,1,1,1,0,1,0
52.637014,0,0,0,0,1,0,0,0,0,0,0,0,0,0,0,0,0,0
52.648938,0,0,0,0,0,0,0,1,0,0,0,0,0,0,0,0,0,1
52.649867,0,0,0,0,0,1,0,0,0,0,0,0,0,1,1,0,0,0
52.661151,0,1,1,0,0,0,0,0,0,1,1,0,1,0,0,1,0,0
52.680148,1,0,0,0,0,0,0,0,1,0,0,0,1,0,0,0,0,0
52.683078,0,0,0,0,0,0,1,0,0,1,0,1,0,1,0,0,1,0
52.684785,0,0,0,0,1,0,0,0,0,0,0,0,0,0,0,0,0,0
52.699164,0,0,0,0,0,0,0,1,0,0,0,0,0,0,0,0,0,1
52.700661,0,0,0,0,0,1,0,0,0,0,0,0,0,1,1,0,0,0
52.704025,0,1,1,0,0,0,0,0,0,1,1,0,1,0,0,1,0,0
52.715943,1,0,0,0,0,0,0,0,1,0,0,0,1,0,0,0,0,0
52.729525,0,0,0,0,1,0,0,0,0,0,0,0,0,0,0,0,0,0
52.742025,0,0,0,0,0,0,1,0,0,1,0,1,0,1,0,0,1,0
52.749942,0,0,0,0,0,1,0,0,0,0,0,0,0,1,1,0,0,0
52.753097,0,0,0,0,0,0,0,1,0,0,0,0,0,0,0,0,0,1
52.762845,0,1,1,0,0,0,0,0,0,1,1,0,1,0,0,1,0,0
52.780344,1,0,0,0,0,0,0,0,1,0,0,0,1,0,0,0,0,0
52.787810,0,0,0,0,1,0,1,0,0,1,0,1,0,1,0,0,1,0
52.799465,0,0,0,0,0,1,0,0,0,0,0,0,0,1,1,0,0,0
52.801231,0,0,0,0,0,0,0,1,0,0,0,0,0,0,0,0,0,1
52.810478,0,1,1,0,0,0,0,0,0,1,1,0,1,0,0,1,0,0
52.826626,1,0,0,0,0,0,0,0,1,0,0,0,1,0,0,0,0,0
52.832424,0,0,0,0,1,0,1,0,0,1,0,1,0,1,0,0,1,0
52.847412,0,0,0,0,0,0,0,1,0,0,0,0,0,0,0,0,0,1
52.850340,0,0,0,0,0,1,0,0,0,0,0,0,0,1,1,0,0,0
52.860451,0,1,1,0,0,0,0,0,0,1,1,0,1,0,0,1,0,0
52.874952,1,0,0,0,0,0,0,0,1,0,0,0,1,0,0,0,0,0
52.879018,0,0,0,0,0,0,1,0,0,1,0,1,0,1,0,0,1,0
52.882046,0,0,0,0,1,0,0,0,0,0,0,0,0,0,0,0,0,0
52.896620,0,0,0,0,0,0,0,1,0,0,0,0,0,0,0,0,0,1
52.899525,0,0,1,0,0,0,0,0,1,0,0,0,1,0,0,0,0,0
52.900185,0,0,0,0,0,1,0,0,0,1,0,1,0,1,0,1,0,0
52.916573,1,0,0,0,0,0,0,0,1,0,0,0,1,0,0,0,0,0
52.928733,0,0,0,0,1,0,0,0,0,0,0,0,0,0,0,0,0,0
52.944341,0,0,0,0,0,0,1,0,0,1,0,1,0,1,0,0,1,0
52.948707,0,0,0,0,0,0,0,1,0,0,0,0,0,0,0,0,0,1
52.950233,0,0,0,0,0,1,0,0,0,0,0,0,0,1,1,0,0,0
52.965370,0,1,1,0,0,0,0,0,0,1,1,0,1,0,0,1,0,0
52.978375,1,0,0,0,0,0,0,0,1,0,0,0,1,0,0,0,0,0
52.980533,0,0,0,0,1,0,1,0,0,1,0,1,0,1,0,0,1,0
52.999006,0,0,0,0,0,0,0,1,0,0,0,0,0,0,0,0,0,1
52.999588,0,0,0,0,0,1,0,0,0,0,0,0,0,1,1,0,0,0
53.007984,0,1,1,0,0,0,0,0,0,1,1,0,1,0,0,1,0,0
53.021741,1,0,0,1,0,0,1,0,0,1,1,0,1,1,1,0,1,0
53.038252,0,0,0,0,1,0,0,0,0,0,0,0,0,0,0,0,0,0
53.048062,0,0,0,0,0,1,0,0,0,0,0,0,0,1,1,0,0,0
53.050282,0,0,0,0,0,0,0,1,0,0,0,0,0,0,0,0,0,1
53.050689,0,1,1,0,0,0,0,0,0,1,1,0,1,0,0,1,0,0
53.063505,1,0,0,0,0,0,0,0,1,0,0,0,1,0,0,0,0,0
53.065048,0,0,0,0,0,0,1,0,0,1,0,1,0,1,0,0,1,0
53.081180,0,0,0,0,1,0,0,0,0,0,0,0,0,0,0,0,0,0
53.089949,0,0,1,0,0,0,0,0,1,0,0,0,1,0,0,0,0,0
53.098765,0,0,0,0,0,0,0,1,0,0,0,0,0,0,0,0,0,1
53.100528,0,0,0,0,0,1,0,0,0,1,0,1,0,1,0,1,0,0
53.115713,1,0,0,0,0,0,0,0,1,0,0,0,1,0,0,0,0,0
53.125665,0,0,0,0,0,0,1,0,0,1,0,1,0,1,0,0,1,0
53.132803,0,0,0,0,1,0,0,0,0,0,0,0,0,0,0,0,0,0
53.150923,0,0,0,0,0,0,0,1,0,0,0,0,0,0,0,0,0,1
53.151165,0,0,0,0,0,1,0,0,0,0,0,0,0,1,1,0,0,0
53.154648,0,1,1,0,0,0,0,0,0,1,1,0,1,0,0,1,0,0
53.169082,1,0,0,1,0,0,1,0,0,1,1,0,1,1,1,0,1,0
53.187373,0,0,0,0,1,0,0,0,0,0,0,0,0,0,0,0,0,0
53.193775,0,0,1,0,0,0,0,0,1,0,0,0,1,0,0,0,0,0
53.199846,0,0,0,0,0,0,0,1,0,0,0,0,0,0,0,0,0,1
53.200056,0,0,0,0,0,1,0,0,0,1,0,1,0,1,0,1,0,0
53.211940,1,0,0,1,0,0,1,0,0,1,1,0,1,1,1,0,1,0
53.234708,0,0,0,0,1,0,0,0,0,0,0,0,0,0,0,0,0,0
53.240528,0,0,1,0,0,0,0,0,1,0,0,0,1,0,0,0,0,0
53.247138,0,0,0,0,0,0,0,1,0,0,0,0,0,0,0,0,0,1
53.251246,0,0,0,0,0,1,0,0,0,1,0,1,0,1,0,1,0,0
53.267351,1,0,0,1,0,0,1,0,0,1,1,0,1,1,1,0,1,0
53.283896,0,0,0,0,1,0,0,0,0,0,0,0,0,0,0,0,0,0
53.291686,0,0,1,0,0,0,0,0,1,0,0,0,1,0,0,0,0,0
53.300445,0,0,0,0,0,1,0,0,0,1,0,1,0,1,0,1,0,0
53.300973,0,0,0,0,0,0,0,1,0,0,0,0,0,0,0,0,0,1
53.314865,1,0,0,1,0,0,1,0,0,1,1,0,1,1,1,0,1,0
53.336238,0,0,0,0,1,0,0,0,0,0,0,0,0,0,0,0,0,0
53.338515,0,0,1,0,0,0,0,0,1,0,0,0,1,0,0,0,0,0
53.347110,0,0,0,0,0,0,0,1,0,0,0,0,0,0,0,0,0,1
53.350258,0,0,0,0,0,1,0,0,0,1,0,1,0,1,0,1,0,0
53.366911,1,0,0,1,0,0,1,0,0,1,1,0,1,1,1,0,1,0
53.378023,0,0,0,0,1,0,0,0,0,0,0,0,0,0,0,0,0,0
53.387701,0,0,1,0,0,0,0,0,1,0,0,0,1,0,0,0,0,0
53.401102,0,0,0,0,0,1,0,0,0,1,0,1,0,1,0,1,0,0
53.402005,0,0,0,0,0,0,0,1,0,0,0,0,0,0,0,0,0,1
53.418116,1,0,0,0,0,0,0,0,1,0,0,0,1,0,0,0,0,0
53.433615,0,0,0,0,1,0,1,0,0,1,0,1,0,1,0,0,1,0
53.448209,0,0,0,0,0,0,0,1,0,0,0,0,0,0,0,0,0,1
53.449309,0,0,0,0,0,1,0,0,0,0,0,0,0,1,1,0,0,0
53.454081,0,1,1,0,0,0,0,0,0,1,1,0,1,0,0,1,0,0
53.467844,1,0,0,0,0,0,0,0,1,0,0,0,1,0,0,0,0,0
53.485660,0,0,0,0,1,0,1,0,0,1,0,1,0,1,0,0,1,0
53.498868,0,0,0,0,0,1,0,0,0,0,0,0,0,1,1,0,0,0
53.499858,0,0,0,0,0,0,0,1,0,0,0,0,0,0,0,0,0,1
53.506654,0,1,1,0,0,0,0,0,0,1,1,0,1,0,0,1,0,0
53.519643,1,0,0,0,0,0,0,0,1,0,0,0,1,0,0,0,0,0
53.531702,0,0,0,0,0,0,1,0,0,1,0,1,0,1,0,0,1,0
53.536569,0,0,0,0,1,0,0,0,0,0,0,0,0,0,0,0,0,0
53.547040,0,0,0,0,0,0,0,1,0,0,0,0,0,0,0,0,0,1
53.549581,0,0,0,0,0,1,0,0,0,0,0,0,0,1,1,0,0,0
53.557983,0,1,1,0,0,0,0,0,0,1,1,0,1,0,0,1,0,0
53.569777,1,0,0,1,0,0,1,0,0,1,1,0,1,1,1,0,1,0
53.582596,0,0,0,0,1,0,0,0,0,0,0,0,0,0,0,0,0,0
53.592613,0,0,1,0,0,0,0,0,1,0,0,0,1,0,0,0,0,0
53.601408,0,0,0,0,0,1,0,0,0,1,0,1,0,1,0,1,0,0
53.603189,0,0,0,0,0,0,0,1,0,0,0,0,0,0,0,0,0,1
53.618091,1,0,0,1,0,0,1,0,0,1,1,0,1,1,1,0,1,0
53.641762,0,0,0,0,1,0,0,0,0,0,0,0,0,0,0,0,0,0
53.644269,0,0,1,0,0,0,0,0,1,0,0,0,1,0,0,0,0,0
53.648958,0,0,0,0,0,0,0,1,0,0,0,0,0,0,0,0,0,1
53.650152,0,0,0,0,0,1,0,0,0,1,0,1,0,1,0,1,0,0
53.666810,1,0,0,0,0,0,0,0,1,0,0,0,1,0,0,0,0,0
53.673152,0,0,0,0,0,0,1,0,0,1,0,1,0,1,0,0,1,0
53.685421,0,0,0,0,1,0,0,0,0,0,0,0,0,0,0,0,0,0
53.695836,0,0,1,0,0,0,0,0,1,0,0,0,1,0,0,0,0,0
53.698542,0,0,0,0,0,0,0,1,0,0,0,0,0,0,0,0,0,1
53.699896,0,0,0,0,0,1,0,0,0,1,0,1,0,1,0,1,0,0
53.714741,1,0,0,0,0,0,0,0,1,0,0,0,1,0,0,0,0,0
53.725314,0,0,0,0,0,0,1,0,0,1,0,1,0,1,0,0,1,0
53.737378,0,0,0,0,1,0,0,0,0,0,0,0,0,0,0,0,0,0
53.749033,0,0,0,0,0,0,0,1,0,0,0,0,0,0,0,0,0,1
53.750739,0,0,1,0,0,0,0,0,1,0,0,0,1,0,0,0,0,0
53.751799,0,0,0,0,0,1,0,0,0,1,0,1,0,1,0,1,0,0
53.766726,1,0,0,1,0,0,1,0,0,1,1,0,1,1,1,0,1,0
53.782135,0,0,0,0,1,0,0,0,0,0,0,0,0,0,0,0,0,0
53.793551,0,0,1,0,0,0,0,0,1,0,0,0,1,0,0,0,0,0
53.799077,0,0,0,0,0,1,0,0,0,1,0,1,0,1,0,1,0,0
53.802427,0,0,0,0,0,0,0,1,0,0,0,0,0,0,0,0,0,1
53.810079,1,0,0,1,0,0,1,0,0,1,1,0,1,1,1,0,1,0
53.832152,0,0,1,0,0,0,0,0,1,0,0,0,1,0,0,0,0,0
53.836837,0,0,0,0,1,0,0,0,0,0,0,0,0,0,0,0,0,0
53.849589,0,0,0,0,0,1,0,0,0,1,0,1,0,1,0,1,0,0
53.850567,0,0,0,0,0,0,0,1,0,0,0,0,0,0,0,0,0,1
53.864326,1,0,0,0,0,0,0,0,1,0,0,0,1,0,0,0,0,0
53.890251,0,0,0,0,1,0,1,0,0,1,0,1,0,1,0,0,1,0
53.898999,0,0,0,0,0,1,0,0,0,0,0,0,0,1,1,0,0,0
53.900139,0,0,0,0,0,0,0,1,0,0,0,0,0,0,0,0,0,1
53.917624,0,1,1,0,0,0,0,0,0,1,1,0,1,0,0,1,0,0
53.936167,1,0,0,1,0,0,1,0,0,1,1,0,1,1,1,0,1,0
53.938223,0,0,0,0,1,0,0,0,0,0,0,0,0,0,0,0,0,0
53.947801,0,0,0,0,0,0,0,1,0,0,0,0,0,0,0,0,0,1
53.950369,0,0,0,0,0,1,0,0,0,0,0,0,0,1,1,0,0,0
53.961082,0,1,1,0,0,0,0,0,0,1,1,0,1,0,0,1,0,0
53.975403,1,0,0,1,0,0,1,0,0,1,1,0,1,1,1,0,1,0
53.981410,0,0,0,0,1,0,0,0,0,0,0,0,0,0,0,0,0,0
53.998944,0,0,0,0,0,1,0,0,0,0,0,0,0,1,1,0,0,0
53.998980,0,1,1,0,0,0,0,0,0,1,1,0,1,0,0,1,0,0
54.001015,0,0,0,0,0,0,0,1,0,0,0,0,0,0,0,0,0,1
54.012500,1,0,0,1,0,0,1,0,0,1,1,0,1,1,1,0,1,0
54.035319,0,0,0,0,1,0,0,0,0,0,0,0,0,0,0,0,0,0
54.036037,0,0,1,0,0,0,0,0,1,0,0,0,1,0,0,0,0,0
54.049989,0,0,0,0,0,1,0,0,0,1,0,1,0,1,0,1,0,0
54.050380,0,0,0,0,0,0,0,1,0,0,0,0,0,0,0,0,0,1
54.069242,1,0,0,0,0,0,0,0,1,0,0,0,1,0,0,0,0,0
54.085123,0,0,0,0,0,0,1,0,0,1,0,1,0,1,0,0,1,0
54.088190,0,0,0,0,1,0,0,0,0,0,0,0,0,0,0,0,0,0
54.100166,0,0,0,0,0,0,0,1,0,0,0,0,0,0,0,0,0,1
54.100492,0,0,0,0,0,1,0,0,0,0,0,0,0,1,1,0,0,0
54.107285,0,1,1,0,0,0,0,0,0,1,1,0,1,0,0,1,0,0
54.120495,1,0,0,0,0,0,0,0,1,0,0,0,1,0,0,0,0,0
54.136422,0,0,0,0,1,0,0,0,0,0,0,0,0,0,0,0,0,0
54.143988,0,0,0,0,0,0,1,0,0,1,0,1,0,1,0,0,1,0
54.148587,0,0,0,0,0,1,0,0,0,0,0,0,0,1,1,0,0,0
54.152338,0,0,0,0,0,0,0,1,0,0,0,0,0,0,0,0,0,1
54.169075,0,1,1,0,0,0,0,0,0,1,1,0,1,0,0,1,0,0
54.180816,1,0,0,0,0,0,0,0,1,0,0,0,1,0,0,0,0,0
54.184822,0,0,0,0,1,0,1,0,0,1,0,1,0,1,0,0,1,0
54.197717,0,0,0,0,0,0,0,1,0,0,0,0,0,0,0,0,0,1
54.200309,0,0,0,0,0,1,0,0,0,0,0,0,0,1,1,0,0,0
54.209013,0,1,1,0,0,0,0,0,0,1,1,0,1,0,0,1,0,0
54.222060,1,0,0,0,0,0,0,0,1,0,0,0,1,0,0,0,0,0
54.231584,0,0,0,0,1,0,0,0,0,0,0,0,0,0,0,0,0,0
54.246693,0,0,0,0,0,0,0,1,0,0,0,0,0,0,0,0,0,1
54.249038,0,0,0,0,0,1,0,0,0,1,0,1,0,1,0,1,0,0
54.263550,1,0,0,1,0,0,1,0,0,1,1,0,1,1,1,0,1,0
54.283189,0,0,0,0,1,0,0,0,0,0,0,0,0,0,0,0,0,0
54.285594,0,0,1,0,0,0,0,0,1,0,0,0,1,0,0,0,0,0
54.300621,0,0,0,0,0,1,1,0,0,1,0,1,0,1,0,1,0,0
54.301490,0,0,0,0,0,0,0,1,0,0,0,0,0,0,0,0,0,1
54.314314,1,0,0,1,0,0,1,0,0,1,1,0,1,1,1,0,1,0
54.336869,0,0,1,1,0,0,0,0,0,1,1,0,1,0,0,0,1,0
54.338786,0,0,0,0,1,0,0,0,0,0,0,0,0,0,0,0,0,0
54.348855,0,0,0,0,0,1,0,0,0,0,0,0,0,1,1,0,0,0
54.348965,0,0,0,0,0,0,0,1,0,0,0,0,0,0,0,0,0,1
54.364776,0,1,1,0,0,0,0,0,0,1,1,0,1,0,0,1,0,0
54.383420,0,0,0,0,1,0,0,0,0,0,0,0,0,0,0,0,0,0
54.384274,1,0,0,0,0,0,0,0,1,0,0,0,1,0,0,0,0,0
54.399649,0,0,0,0,0,0,0,1,0,0,0,0,0,0,0,0,0,1
54.401134,0,0,0,0,0,1,1,0,0,1,0,1,0,1,0,0,1,0
54.427547,0,1,1,0,0,0,0,0,0,1,1,0,1,0,0,1,0,0
54.430964,0,0,0,0,1,0,0,0,0,0,0,0,0,0,0,0,0,0
54.442539,1,0,0,0,0,0,0,0,1,0,0,0,1,0,0,0,0,0
54.451662,0,0,0,0,0,1,1,0,0,1,0,1,0,1,0,1,0,0
54.452336,0,0,0,0,0,0,0,1,0,0,0,0,0,0,0,0,0,1
54.470765,1,0,0,1,0,0,1,0,0,1,1,0,1,1,1,0,1,0
54.490522,0,0,0,0,1,0,0,0,0,0,0,0,0,0,0,0,0,0
54.493028,0,0,1,1,0,0,0,0,0,1,1,0,1,0,0,0,1,0
54.498153,0,0,0,0,0,0,0,1,0,0,0,0,0,0,0,0,0,1
54.499420,0,0,0,0,0,1,0,0,0,0,0,0,0,1,1,0,0,0
54.518162,0,1,1,0,0,0,0,0,0,1,1,0,1,0,0,1,0,0
54.534253,1,0,0,0,0,0,0,0,1,0,0,0,1,0,0,0,0,0
54.534524,0,0,0,0,0,0,1,0,0,1,0,1,0,1,0,0,1,0
54.535438,0,0,0,0,1,0,0,0,0,0,0,0,0,0,0,0,0,0
54.550244,0,0,0,0,0,1,0,0,0,0,0,0,0,1,1,0,0,0
54.551444,0,0,0,0,0,0,0,1,0,0,0,0,0,0,0,0,0,1
54.558734,0,1,1,0,0,0,0,0,0,1,1,0,1,0,0,1,0,0
54.572880,1,0,0,0,0,0,0,0,1,0,0,0,1,0,0,0,0,0
54.588934,0,0,0,0,1,0,0,0,0,0,0,0,0,0,0,0,0,0
54.589934,0,0,0,0,0,0,1,0,0,1,0,1,0,1,0,0,1,0
54.598624,0,0,0,0,0,1,0,0,0,0,0,0,0,1,1,0,0,0
54.602241,0,0,0,0,0,0,0,1,0,0,0,0,0,0,0,0,0,1
54.612939,0,1,1,0,0,0,0,0,0,1,1,0,1,0,0,1,0,0
54.624742,1,0,0,1,0,0,1,0,0,1,1,0,1,1,1,0,1,0
54.640595,0,0,0,0,1,0,0,0,0,0,0,0,0,0,0,0,0,0
54.647413,0,0,0,0,0,0,0,1,0,0,0,0,0,0,0,0,0,1
54.648719,0,0,1,0,0,0,0,0,1,0,0,0,1,0,0,0,0,0
54.651179,0,0,0,0,0,1,0,0,0,1,0,1,0,1,0,1,0,0
54.664595,1,0,0,0,0,0,0,0,1,0,0,0,1,0,0,0,0,0
54.683700,0,0,0,0,1,0,1,0,0,1,0,1,0,1,0,0,1,0
54.699673,0,0,0,0,0,0,0,1,0,0,0,0,0,0,0,0,0,1
54.699764,0,0,0,0,0,1,0,0,0,0,0,0,0,1,1,0,0,0
54.705920,0,1,1,0,0,0,0,0,0,1,1,0,1,0,0,1,0,0
54.723822,1,0,0,0,0,0,0,0,1,0,0,0,1,0,0,0,0,0
54.733092,0,0,0,0,1,0,0,0,0,0,0,0,0,0,0,0,0,0
54.747745,0,0,0,0,0,0,0,1,0,0,0,0,0,0,0,0,0,1
54.749410,0,0,0,0,0,0,1,0,0,1,0,1,0,1,0,0,1,0
54.751210,0,0,0,0,0,1,0,0,0,0,0,0,0,1,1,0,0,0
54.774120,0,1,1,0,0,0,0,0,0,1,1,0,1,0,0,1,0,0
54.782536,0,0,0,0,1,0,0,0,0,0,0,0,0,0,0,0,0,0
54.786893,1,0,0,0,0,0,0,0,1,0,0,0,1,0,0,0,0,0
54.797968,0,0,0,0,0,0,0,1,0,0,0,0,0,0,0,0,0,1
54.800368,0,0,0,0,0,1,0,0,0,1,0,1,0,1,0,1,0,0
54.811091,0,0,0,0,0,0,1,0,0,0,0,0,0,1,1,0,0,0
54.819751,1,0,0,1,0,0,0,0,0,1,1,0,1,0,0,0,1,0
54.833761,0,0,0,0,0,0,1,0,0,0,0,0,0,1,1,0,0,0
54.835755,0,0,0,0,1,0,0,0,0,0,0,0,0,0,0,0,0,0
54.843931,0,0,1,1,0,0,0,0,0,1,1,0,1,0,0,0,1,0
54.848183,0,0,0,0,0,1,0,0,0,0,0,0,0,1,1,0,0,0
54.849840,0,0,0,0,0,0,0,1,0,0,0,0,0,0,0,0,0,1
54.865142,0,1,1,0,0,0,0,0,0,1,1,0,1,0,0,1,0,0
54.879818,1,0,0,0,0,0,0,0,1,0,0,0,1,0,0,0,0,0
54.889231,0,0,0,0,1,0,1,0,0,1,0,1,0,1,0,0,1,0
54.900319,0,0,0,0,0,1,0,0,0,0,0,0,0,1,1,0,0,0
54.903445,0,0,0,0,0,0,0,1,0,0,0,0,0,0,0,0,0,1
54.910451,0,1,1,0,0,0,0,0,0,1,1,0,1,0,0,1,0,0
54.924407,1,0,0,1,0,0,1,0,0,1,1,0,1,1,1,0,1,0
54.938623,0,0,0,0,1,0,0,0,0,0,0,0,0,0,0,0,0,0
54.945128,0,0,1,0,0,0,0,0,1,0,0,0,1,0,0,0,0,0
54.948554,0,0,0,0,0,0,0,1,0,0,0,0,0,0,0,0,0,1
54.950216,0,0,0,0,0,1,0,0,0,1,0,1,0,1,0,1,0,0
54.967585,1,0,0,0,0,0,0,0,1,0,0,0,1,0,0,0,0,0
54.979020,0,0,0,0,0,0,1,0,0,1,0,1,0,1,0,0,1,0
54.981596,0,0,0,0,1,0,0,0,0,0,0,0,0,0,0,0,0,0
55.000003,0,0,0,0,0,1,0,0,0,0,0,0,0,1,1,0,0,0
55.003025,0,0,0,0,0,0,0,1,0,0,0,0,0,0,0,0,0,1
55.003303,0,1,1,0,0,0,0,0,0,1,1,0,1,0,0,1,0,0
55.014094,1,0,0,1,0,0,1,0,0,1,1,0,1,1,1,0,1,0
55.039799,0,0,1,0,0,0,0,0,1,0,0,0,1,0,0,0,0,0
55.042500,0,0,0,0,1,0,0,0,0,0,0,0,0,0,0,0,0,0
55.046425,0,0,0,0,0,0,0,1,0,0,0,0,0,0,0,0,0,1
55.049503,0,0,0,0,0,1,0,0,0,1,0,1,0,1,0,1,0,0
55.064559,1,0,0,1,0,0,1,0,0,1,1,0,1,1,1,0,1,0
55.084969,0,0,0,0,1,0,0,0,0,0,0,0,0,0,0,0,0,0
55.093192,0,0,1,0,0,0,0,0,1,0,0,0,1,0,0,0,0,0
55.099204,0,0,0,0,0,1,0,0,0,1,0,1,0,1,0,1,0,0
55.103822,0,0,0,0,0,0,0,1,0,0,0,0,0,0,0,0,0,1
55.117929,1,0,0,0,0,0,0,0,1,0,0,0,1,0,0,0,0,0
55.141034,0,0,0,0,1,0,0,0,0,0,0,0,0,0,0,0,0,0
55.149316,0,0,0,0,0,0,1,1,0,1,0,1,0,1,0,0,1,1
55.149629,0,0,0,0,0,1,0,0,0,0,0,0,0,1,1,0,0,0
55.173037,0,1,1,0,0,0,0,0,0,1,1,0,1,0,0,1,0,0
55.187038,0,0,0,0,1,0,0,0,0,0,0,0,0,0,0,0,0,0
55.187561,1,0,0,1,0,0,1,0,0,1,1,0,1,1,1,0,1,0
55.199547,0,0,0,0,0,1,0,0,0,0,0,0,0,1,1,0,0,0
55.201256,0,0,0,0,0,0,0,1,0,0,0,0,0,0,0,0,0,1
55.209027,0,1,1,0,0,0,0,0,0,1,1,0,1,0,0,1,0,0
55.223488,1,0,0,1,0,0,1,0,0,1,1,0,1,1,1,0,1,0
55.239458,0,0,0,0,1,0,0,0,0,0,0,0,0,0,0,0,0,0
55.245728,0,0,1,0,0,0,0,0,1,0,0,0,1,0,0,0,0,0
55.250420,0,0,0,0,0,1,0,0,0,1,0,1,0,1,0,1,0,0
55.252451,0,0,0,0,0,0,0,1,0,0,0,0,0,0,0,0,0,1
55.261719,1,0,0,1,0,0,1,0,0,1,1,0,1,1,1,0,1,0
55.283038,0,0,1,0,0,0,0,0,1,0,0,0,1,0,0,0,0,0
55.284128,0,0,0,0,1,0,0,0,0,0,0,0,0,0,0,0,0,0
55.297858,0,0,0,0,0,0,0,1,0,0,0,0,0,0,0,0,0,1
55.299066,0,0,0,0,0,1,0,0,0,1,0,1,0,1,0,1,0,0
55.309383,1,0,0,0,0,0,0,0,1,0,0,0,1,0,0,0,0,0
55.336575,0,0,0,0,1,0,0,0,0,0,0,0,0,0,0,0,0,0
55.347980,0,0,0,0,0,0,1,1,0,1,0,1,0,1,0,0,1,1
55.350760,0,0,0,0,0,1,0,0,0,0,0,0,0,1,1,0,0,0
55.370840,0,1,1,0,0,0,0,0,0,1,1,0,1,0,0,1,0,0
55.381834,1,0,0,0,0,0,0,0,1,0,0,0,1,0,0,0,0,0
55.382487,0,0,0,0,1,0,0,0,0,0,0,0,0,0,0,0,0,0
55.400744,0,0,0,0,0,1,0,0,0,1,0,1,0,1,0,1,0,0
55.401318,0,0,0,0,0,0,1,0,0,0,0,0,0,1,1,0,0,0
55.402219,0,0,0,0,0,0,0,1,0,0,0,0,0,0,0,0,0,1
55.414626,1,0,0,1,0,0,1,0,0,1,1,0,1,1,1,0,1,0
55.435071,0,0,1,1,0,0,0,0,0,1,1,0,1,0,0,0,1,0
55.436814,0,0,0,0,1,0,0,0,0,0,0,0,0,0,0,0,0,0
55.449256,0,0,0,0,0,1,0,0,0,0,0,0,0,1,1,0,0,0
55.450215,0,0,0,0,0,0,0,1,0,0,0,0,0,0,0,0,0,1
55.457884,0,1,1,0,0,0,0,0,0,1,1,0,1,0,0,1,0,0
55.473795,1,0,0,0,0,0,0,0,1,0,0,0,1,0,0,0,0,0
55.486455,0,0,0,0,1,0,0,0,0,0,0,0,0,0,0,0,0,0
55.500314,0,0,0,0,0,0,1,1,0,1,0,1,0,1,0,0,1,1
55.500324,0,0,0,0,0,1,0,0,0,0,0,0,0,1,1,0,0,0
55.524661,0,1,1,0,0,0,0,0,0,1,1,0,1,0,0,1,0,0
55.537737,1,0,0,1,0,0,1,0,0,1,1,0,1,1,1,0,1,0
55.538935,0,0,0,0,1,0,0,0,0,0,0,0,0,0,0,0,0,0
55.548281,0,0,0,0,0,1,0,0,0,0,0,0,0,1,1,0,0,0
55.548484,0,0,0,0,0,0,0,1,0,0,0,0,0,0,0,0,0,1
55.559962,0,1,1,0,0,0,0,0,0,1,1,0,1,0,0,1,0,0
55.574364,1,0,0,1,0,0,1,0,0,1,1,0,1,1,1,0,1,0
55.584181,0,0,0,0,1,0,0,0,0,0,0,0,0,0,0,0,0,0
55.598353,0,0,1,0,0,0,0,0,1,0,0,0,1,0,0,0,0,0
55.599851,0,0,0,0,0,1,0,0,0,1,0,1,0,1,0,1,0,0
55.603885,0,0,0,0,0,0,0,1,0,0,0,0,0,0,0,0,0,1
55.609894,1,0,0,1,0,0,1,0,0,1,1,0,1,1,1,0,1,0
55.632564,0,0,1,0,0,0,0,0,1,0,0,0,1,0,0,0,0,0
55.638789,0,0,0,0,1,0,0,0,0,0,0,0,0,0,0,0,0,0
55.650178,0,0,0,0,0,0,0,1,0,0,0,0,0,0,0,0,0,1
55.650546,0,0,0,0,0,1,0,0,0,1,0,1,0,1,0,1,0,0
55.666802,1,0,0,1,0,0,1,0,0,1,1,0,1,1,1,0,1,0
55.682672,0,0,0,0,1,0,0,0,0,0,0,0,0,0,0,0,0,0
55.692458,0,0,1,0,0,0,0,0,1,0,0,0,1,0,0,0,0,0
55.697272,0,0,0,0,0,0,0,1,0,0,0,0,0,0,0,0,0,1
55.701006,0,0,0,0,0,1,0,0,0,1,0,1,0,1,0,1,0,0
55.712955,1,0,0,1,0,0,1,0,0,1,1,0,1,1,1,0,1,0
55.729856,0,0,0,0,1,0,0,0,0,0,0,0,0,0,0,0,0,0
55.734730,0,0,1,0,0,0,0,0,1,0,0,0,1,0,0,0,0,0
55.749293,0,0,0,0,0,1,0,0,0,1,0,1,0,1,0,1,0,0
55.752216,0,0,0,0,0,0,0,1,0,0,0,0,0,0,0,0,0,1
55.765520,1,0,0,0,0,0,0,0,1,0,0,0,1,0,0,0,0,0
55.788107,0,0,0,0,1,0,1,0,0,1,0,1,0,1,0,0,1,0
55.799401,0,0,0,0,0,0,0,1,0,0,0,0,0,0,0,0,0,1
55.799914,0,0,0,0,0,1,0,0,0,0,0,0,0,1,1,0,0,0
55.817418,0,1,1,0,0,0,0,0,0,1,1,0,1,0,0,1,0,0
55.828970,1,0,0,0,0,0,0,0,1,0,0,0,1,0,0,0,0,0
55.832282,0,0,0,0,0,0,1,0,0,1,0,1,0,1,0,0,1,0
55.834477,0,0,0,0,1,0,0,0,0,0,0,0,0,0,0,0,0,0
55.849538,0,0,0,0,0,0,0,1,0,0,0,0,0,0,0,0,0,1
55.851933,0,0,0,0,0,1,0,0,0,0,0,0,0,1,1,0,0,0
55.856248,0,1,1,0,0,0,0,0,0,1,1,0,1,0,0,1,0,0
55.873200,1,0,0,0,0,0,0,0,1,0,0,0,1,0,0,0,0,0
55.884141,0,0,0,0,1,0,1,0,0,1,0,1,0,1,0,0,1,0
55.899095,0,0,0,0,0,0,0,1,0,0,0,0,0,0,0,0,0,1
55.900305,0,0,0,0,0,1,0,0,0,0,0,0,0,1,1,0,0,0
55.906697,0,1,1,0,0,0,0,0,0,1,1,0,1,0,0,1,0,0
55.924535,1,0,0,1,0,0,1,0,0,1,1,0,1,1,1,0,1,0
55.935467,0,0,0,0,1,0,0,0,0,0,0,0,0,0,0,0,0,0
55.947349,0,0,0,0,0,0,0,1,0,0,0,0,0,0,0,0,0,1
55.950492,0,0,0,0,0,1,0,0,0,0,0,0,0,1,1,0,0,0
55.951324,0,1,1,0,0,0,0,0,0,1,1,0,1,0,0,1,0,0
55.969176,1,0,0,1,0,0,1,0,0,1,1,0,1,1,1,0,1,0
55.980212,0,0,0,0,1,0,0,0,0,0,0,0,0,0,0,0,0,0
55.993575,0,0,1,0,0,0,0,0,1,0,0,0,1,0,0,0,0,0
56.000290,0,0,0,0,0,0,0,1,0,0,0,0,0,0,0,0,0,1
56.000559,0,0,0,0,0,1,0,0,0,1,0,1,0,1,0,1,0,0
56.013872,1,0,0,0,0,0,0,0,1,0,0,0,1,0,0,0,0,0
56.039093,0,0,0,0,1,0,0,0,0,0,0,0,0,0,0,0,0,0
56.049477,0,0,0,0,0,1,1,0,0,1,0,1,0,1,0,0,1,0
56.051135,0,0,0,0,0,0,0,1,0,0,0,0,0,0,0,0,0,1
56.079472,0,1,1,0,0,0,0,0,0,1,1,0,1,0,0,1,0,0
56.088270,0,0,0,0,1,0,0,0,0,0,0,0,0,0,0,0,0,0
56.095584,1,0,0,0,0,0,0,0,1,0,0,0,1,0,0,0,0,0
56.098285,0,0,0,0,0,1,0,0,0,1,0,1,0,1,0,1,0,0
56.099836,0,0,0,0,0,0,1,0,0,0,0,0,0,1,1,0,0,0
56.102075,0,0,0,0,0,0,0,1,0,0,0,0,0,0,0,0,0,1
56.112303,1,0,0,1,0,0,0,0,0,1,1,0,1,0,0,0,1,0
56.137368,0,0,1,0,0,0,0,0,1,0,0,0,1,0,0,0,0,0
56.138697,0,0,0,0,0,0,1,0,0,1,0,1,0,1,0,0,1,0
56.141491,0,0,0,0,1,0,0,0,0,0,0,0,0,0,0,0,0,0
56.149195,0,0,0,0,0,0,0,1,0,0,0,0,0,0,0,0,0,1
56.151750,0,0,0,0,0,1,0,0,0,0,0,0,0,1,1,0,0,0
56.164385,0,1,1,0,0,0,0,0,0,1,1,0,1,0,0,1,0,0
56.177161,1,0,0,0,0,0,0,0,1,0,0,0,1,0,0,0,0,0
56.183257,0,0,0,0,1,0,1,0,0,1,0,1,0,1,0,0,1,0
56.198760,0,0,0,0,0,0,0,1,0,0,0,0,0,0,0,0,0,1
56.199700,0,0,0,0,0,1,0,0,0,0,0,0,0,1,1,0,0,0
56.205663,0,1,1,0,0,0,0,0,0,1,1,0,1,0,0,1,0,0
56.216294,1,0,0,1,0,0,1,0,0,1,1,0,1,1,1,0,1,0
56.237878,0,0,0,0,1,0,0,0,0,0,0,0,0,0,0,0,0,0
56.239584,0,0,1,0,0,0,0,0,1,0,0,0,1,0,0,0,0,0
56.248748,0,0,0,0,0,0,0,1,0,0,0,0,0,0,0,0,0,1
56.250080,0,0,0,0,0,1,0,0,0,1,0,1,0,1,0,1,0,0
56.265875,1,0,0,1,0,0,1,0,0,1,1,0,1,1,1,0,1,0
56.282474,0,0,0,0,1,0,0,0,0,0,0,0,0,0,0,0,0,0
56.294379,0,0,1,0,0,0,0,0,1,0,0,0,1,0,0,0,0,0
56.296805,0,0,0,0,0,0,0,1,0,0,0,0,0,0,0,0,0,1
56.299593,0,0,0,0,0,1,0,0,0,1,0,1,0,1,0,1,0,0
56.312824,1,0,0,1,0,0,1,0,0,1,1,0,1,1,1,0,1,0
56.332878,0,0,1,0,0,0,0,0,1,0,0,0,1,0,0,0,0,0
56.336102,0,0,0,0,1,0,0,0,0,0,0,0,0,0,0,0,0,0
56.347175,0,0,0,0,0,0,0,1,0,0,0,0,0,0,0,0,0,1
56.349852,0,0,0,0,0,1,0,0,0,1,0,1,0,1,0,1,0,0
56.365302,1,0,0,0,0,0,0,0,1,0,0,0,1,0,0,0,0,0
56.369440,0,0,0,0,0,0,1,0,0,1,0,1,0,1,0,0,1,0
56.385987,0,0,0,0,1,0,0,0,0,0,0,0,0,0,0,0,0,0
56.392597,0,0,1,0,0,0,0,0,1,0,0,0,1,0,0,0,0,0
56.397372,0,0,0,0,0,0,0,1,0,0,0,0,0,0,0,0,0,1
56.401253,0,0,0,0,0,1,0,0,0,1,0,1,0,1,0,1,0,0
56.412650,1,0,0,1,0,0,1,0,0,1,1,0,1,1,1,0,1,0
56.433657,0,0,0,0,1,0,0,0,0,0,0,0,0,0,0,0,0,0
56.442455,0,0,1,0,0,0,0,0,1,0,0,0,1,0,0,0,0,0
56.447280,0,0,0,0,0,0,0,1,0,0,0,0,0,0,0,0,0,1
56.448943,0,0,0,0,0,1,0,0,0,1,0,1,0,1,0,1,0,0
56.459471,1,0,0,1,0,0,1,0,0,1,1,0,1,1,1,0,1,0
56.482858,0,0,0,0,1,0,0,0,0,0,0,0,0,0,0,0,0,0
56.486077,0,0,1,0,0,0,0,0,1,0,0,0,1,0,0,0,0,0
56.497085,0,0,0,0,0,0,0,1,0,0,0,0,0,0,0,0,0,1
56.500308,0,0,0,0,0,1,0,0,0,1,0,1,0,1,0,1,0,0
56.515883,1,0,0,0,0,0,0,0,1,0,0,0,1,0,0,0,0,0
56.535362,0,0,0,0,1,0,1,0,0,1,0,1,0,1,0,0,1,0
56.548460,0,0,0,0,0,0,0,1,0,0,0,0,0,0,0,0,0,1
56.549719,0,0,0,0,0,1,0,0,0,0,0,0,0,1,1,0,0,0
56.559513,0,1,1,0,0,0,0,0,0,1,1,0,1,0,0,1,0,0
56.569856,1,0,0,0,0,0,0,0,1,0,0,0,1,0,0,0,0,0
56.575794,0,0,0,0,0,0,1,0,0,1,0,1,0,1,0,0,1,0
56.583776,0,0,0,0,1,0,0,0,0,0,0,0,0,0,0,0,0,0
56.596054,0,0,1,0,0,0,0,0,1,0,0,0,1,0,0,0,0,0
56.597287,0,0,0,0,0,0,0,1,0,0,0,0,0,0,0,0,0,1
56.600832,0,0,0,0,0,1,0,0,0,1,0,1,0,1,0,1,0,0
56.612947,1,0,0,0,0,0,0,0,1,0,0,0,1,0,0,0,0,0
56.632411,0,0,0,0,1,0,0,0,0,0,0,0,0,0,0,0,0,0
56.645351,0,0,0,0,0,0,1,0,0,1,0,1,0,1,0,0,1,0
56.649884,0,0,0,0,0,0,0,1,0,0,0,0,0,0,0,0,0,1
56.651512,0,0,0,0,0,1,0,0,0,0,0,0,0,1,1,0,0,0
56.667205,0,1,1,0,0,0,0,0,0,1,1,0,1,0,0,1,0,0
56.680570,0,0,0,0,1,0,0,0,0,0,0,0,0,0,0,0,0,0
56.680946,1,0,0,1,0,0,1,0,0,1,1,0,1,1,1,0,1,0
56.699195,0,0,0,0,0,0,0,1,0,0,0,0,0,0,0,0,0,1
56.700564,0,0,0,0,0,1,0,0,0,0,0,0,0,1,1,0,0,0
56.706471,0,1,1,0,0,0,0,0,0,1,1,0,1,0,0,1,0,0
56.719577,1,0,0,1,0,0,1,0,0,1,1,0,1,1,1,0,1,0
56.737965,0,0,0,0,1,0,0,0,0,0,0,0,0,0,0,0,0,0
56.748548,0,0,0,0,0,1,0,0,0,0,0,0,0,1,1,0,0,0
56.749168,0,1,1,0,0,0,0,0,0,1,1,0,1,0,0,1,0,0
56.752151,0,0,0,0,0,0,0,1,0,0,0,0,0,0,0,0,0,1
56.764787,1,0,0,0,0,0,0,0,1,0,0,0,1,0,0,0,0,0
56.780574,0,0,0,0,0,0,1,0,0,1,0,1,0,1,0,0,1,0
56.786910,0,0,0,0,1,0,0,0,0,0,0,0,0,0,0,0,0,0
56.800103,0,0,0,0,0,1,0,0,0,0,0,0,0,1,1,0,0,0
56.801951,0,0,0,0,0,0,0,1,0,0,0,0,0,0,0,0,0,1
56.805740,0,1,1,0,0,0,0,0,0,1,1,0,1,0,0,1,0,0
56.818836,1,0,0,0,0,0,0,0,1,0,0,0,1,0,0,0,0,0
56.826690,0,0,0,0,0,0,1,0,0,1,0,1,0,1,0,0,1,0
56.840860,0,0,0,0,1,0,0,0,0,0,0,0,0,0,0,0,0,0
56.847209,0,0,0,0,0,0,0,1,0,0,0,0,0,0,0,0,0,1
56.848793,0,0,1,0,0,0,0,0,1,0,0,0,1,0,0,0,0,0
56.849378,0,0,0,0,0,1,0,0,0,1,0,1,0,1,0,1,0,0
56.867641,1,0,0,1,0,0,1,0,0,1,1,0,1,1,1,0,1,0
56.884773,0,0,0,0,1,0,0,0,0,0,0,0,0,0,0,0,0,0
56.895047,0,0,1,0,0,0,0,0,1,0,0,0,1,0,0,0,0,0
56.899496,0,0,0,0,0,1,0,0,0,1,0,1,0,1,0,1,0,0
56.899931,0,0,0,0,0,0,0,1,0,0,0,0,0,0,0,0,0,1
56.909980,1,0,0,0,0,0,0,0,1,0,0,0,1,0,0,0,0,0
56.911813,0,0,0,0,0,0,1,0,0,1,0,1,0,1,0,0,1,0
56.933915,0,0,1,0,0,0,0,0,1,0,0,0,1,0,0,0,0,0
56.937479,0,0,0,0,1,0,0,0,0,0,0,0,0,0,0,0,0,0
56.950054,0,0,0,0,0,1,0,0,0,1,0,1,0,1,0,1,0,0
56.953935,0,0,0,0,0,0,0,1,0,0,0,0,0,0,0,0,0,1
56.969240,1,0,0,1,0,0,1,0,0,1,1,0,1,1,1,0,1,0
56.992983,0,0,0,0,1,0,0,0,0,0,0,0,0,0,0,0,0,0
56.997101,0,0,1,0,0,0,0,0,1,0,0,0,1,0,0,0,0,0
56.999894,0,0,0,0,0,1,0,0,0,1,0,1,0,1,0,1,0,0
56.999948,0,0,0,0,0,0,0,1,0,0,0,0,0,0,0,0,0,1
57.011149,1,0,0,0,0,0,0,0,1,0,0,0,1,0,0,0,0,0
57.034408,0,0,0,0,1,0,1,0,0,1,0,1,0,1,0,0,1,0
57.049677,0,0,0,0,0,0,0,1,0,0,0,0,0,0,0,0,0,1
57.049892,0,0,0,0,0,1,0,0,0,0,0,0,0,1,1,0,0,0
57.061661,0,1,1,0,0,0,0,0,0,1,1,0,1,0,0,1,0,0
57.074630,1,0,0,1,0,0,1,0,0,1,1,0,1,1,1,0,1,0
57.088181,0,0,0,0,1,0,0,0,0,0,0,0,0,0,0,0,0,0
57.099540,0,0,0,0,0,1,0,0,0,0,0,0,0,1,1,0,0,0
57.102757,0,0,0,0,0,0,0,1,0,0,0,0,0,0,0,0,0,1
57.102983,0,1,1,0,0,0,0,0,0,1,1,0,1,0,0,1,0,0
57.122709,1,0,0,0,0,0,0,0,1,0,0,0,1,0,0,0,0,0
57.135778,0,0,0,0,1,0,1,0,0,1,0,1,0,1,0,0,1,0
57.147668,0,0,0,0,0,0,0,1,0,0,0,0,0,0,0,0,0,1
57.149672,0,0,0,0,0,1,0,0,0,0,0,0,0,1,1,0,0,0
57.156597,0,1,1,0,0,0,0,0,0,1,1,0,1,0,0,1,0,0
57.170592,1,0,0,0,0,0,0,0,1,0,0,0,1,0,0,0,0,0
57.185542,0,0,0,0,1,0,0,0,0,0,0,0,0,0,0,0,0,0
57.194638,0,0,0,0,0,0,1,0,0,1,0,1,0,1,0,0,1,0
57.197410,0,0,0,0,0,0,0,1,0,0,0,0,0,0,0,0,0,1
57.198648,0,0,0,0,0,1,0,0,0,0,0,0,0,1,1,0,0,0
57.222125,0,1,1,0,0,0,0,0,0,1,1,0,1,0,0,1,0,0
57.232539,0,0,0,0,1,0,0,0,0,0,0,0,0,0,0,0,0,0
57.239464,1,0,0,1,0,0,1,0,0,1,1,0,1,1,1,0,1,0
57.248493,0,0,0,0,0,1,0,0,0,0,0,0,0,1,1,0,0,0
57.249823,0,0,0,0,0,0,0,1,0,0,0,0,0,0,0,0,0,1
57.263560,0,1,1,0,0,0,0,0,0,1,1,0,1,0,0,1,0,0
57.281930,1,0,0,1,0,0,1,0,0,1,1,0,1,1,1,0,1,0
57.287546,0,0,0,0,1,0,0,0,0,0,0,0,0,0,0,0,0,0
57.298214,0,0,0,0,0,0,0,1,0,0,0,0,0,0,0,0,0,1
57.301523,0,0,0,0,0,1,0,0,0,0,0,0,0,1,1,0,0,0
57.310761,0,1,1,0,0,0,0,0,0,1,1,0,1,0,0,1,0,0
57.328718,0,0,0,0,1,0,0,0,0,0,0,0,0,0,0,0,0,0
57.329016,1,0,0,1,0,0,1,0,0,1,1,0,1,1,1,0,1,0
57.347629,0,0,0,0,0,0,0,1,0,0,0,0,0,0,0,0,0,1
57.350982,0,0,0,0,0,1,0,0,0,0,0,0,0,1,1,0,0,0
57.355336,0,1,1,0,0,0,0,0,0,1,1,0,1,0,0,1,0,0
57.365557,1,0,0,1,0,0,1,0,0,1,1,0,1,1,1,0,1,0
57.381765,0,0,0,0,1,0,0,0,0,0,0,0,0,0,0,0,0,0
57.386078,0,0,1,0,0,0,0,0,1,0,0,0,1,0,0,0,0,0
57.399666,0,0,0,0,0,1,0,0,0,1,0,1,0,1,0,1,0,0
57.401110,0,0,0,0,0,0,0,1,0,0,0,0,0,0,0,0,0,1
57.414295,1,0,0,1,0,0,1,0,0,1,1,0,1,1,1,0,1,0
57.439333,0,0,1,0,0,0,0,0,1,0,0,0,1,0,0,0,0,0
57.440925,0,0,0,0,1,0,0,0,0,0,0,0,0,0,0,0,0,0
57.449082,0,0,0,0,0,1,0,0,0,1,0,1,0,1,0,1,0,0
57.451851,0,0,0,0,0,0,0,1,0,0,0,0,0,0,0,0,0,1
57.462165,1,0,0,1,0,0,1,0,0,1,1,0,1,1,1,0,1,0
57.485883,0,0,0,0,1,0,0,0,0,0,0,0,0,0,0,0,0,0
57.488254,0,0,1,0,0,0,0,0,1,0,0,0,1,0,0,0,0,0
57.498643,0,0,0,0,0,1,0,0,0,1,0,1,0,1,0,1,0,0
57.503478,0,0,0,0,0,0,0,1,0,0,0,0,0,0,0,0,0,1
57.514876,1,0,0,1,0,0,1,0,0,1,1,0,1,1,1,0,1,0
57.535635,0,0,1,0,0,0,0,0,1,0,0,0,1,0,0,0,0,0
57.539184,0,0,0,0,1,0,0,0,0,0,0,0,0,0,0,0,0,0
57.549278,0,0,0,0,0,1,0,0,0,1,0,1,0,1,0,1,0,0
57.552404,0,0,0,0,0,0,0,1,0,0,0,0,0,0,0,0,0,1
57.562649,1,0,0,0,0,0,0,0,1,0,0,0,1,0,0,0,0,0
57.590117,0,0,0,0,1,0,0,0,0,0,0,0,0,0,0,0,0,0
57.599611,0,0,0,0,0,0,1,1,0,1,0,1,0,1,0,0,1,1
57.600558,0,0,0,0,0,1,0,0,0,0,0,0,0,1,1,0,0,0
57.624244,0,1,1,0,0,0,0,0,0,1,1,0,1,0,0,1,0,0
57.636630,0,0,0,0,1,0,0,0,0,0,0,0,0,0,0,0,0,0
57.639286,1,0,0,1,0,0,1,0,0,1,1,0,1,1,1,0,1,0
57.650824,0,0,0,0,0,1,0,0,0,0,0,0,0,1,1,0,0,0
57.653405,0,0,0,0,0,0,0,1,0,0,0,0,0,0,0,0,0,1
57.662649,0,1,1,0,0,0,0,0,0,1,1,0,1,0,0,1,0,0
57.678686,1,0,0,0,0,0,0,0,1,0,0,0,1,0,0,0,0,0
57.684964,0,0,0,0,1,0,0,0,0,0,0,0,0,0,0,0,0,0
57.698272,0,0,0,0,0,0,1,1,0,1,0,1,0,1,0,0,1,1
57.701297,0,0,0,0,0,1,0,0,0,0,0,0,0,1,1,0,0,0
57.725720,0,1,1,0,0,0,0,0,0,1,1,0,1,0,0,1,0,0
57.732438,0,0,0,0,1,0,0,0,0,0,0,0,0,0,0,0,0,0
57.741632,1,0,0,0,0,0,0,0,1,0,0,0,1,0,0,0,0,0
57.746635,0,0,0,0,0,0,0,1,0,0,0,0,0,0,0,0,0,1
57.750649,0,0,0,0,0,1,1,0,0,1,0,1,0,1,0,1,0,0
57.767343,1,0,0,1,0,0,1,0,0,1,1,0,1,1,1,0,1,0
57.783635,0,0,0,0,1,0,0,0,0,0,0,0,0,0,0,0,0,0
57.792635,0,0,1,1,0,0,0,0,0,1,1,0,1,0,0,0,1,0
57.800406,0,0,0,0,0,1,0,0,0,0,0,0,0,1,1,0,0,0
57.801415,0,0,0,0,0,0,0,1,0,0,0,0,0,0,0,0,0,1
57.815711,0,1,1,0,0,0,0,0,0,1,1,0,1,0,0,1,0,0
57.830779,1,0,0,0,0,0,0,0,1,0,0,0,1,0,0,0,0,0
57.835681,0,0,0,0,0,0,1,0,0,1,0,1,0,1,0,0,1,0
57.836720,0,0,0,0,1,0,0,0,0,0,0,0,0,0,0,0,0,0
57.849983,0,0,0,0,0,1,0,0,0,0,0,0,0,1,1,0,0,0
57.851145,0,0,0,0,0,0,0,1,0,0,0,0,0,0,0,0,0,1
57.860810,0,1,1,0,0,0,0,0,0,1,1,0,1,0,0,1,0,0
57.875416,1,0,0,0,0,0,0,0,1,0,0,0,1,0,0,0,0,0
57.889875,0,0,0,0,1,0,0,0,0,0,0,0,0,0,0,0,0,0
57.899325,0,0,0,0,0,0,1,1,0,1,0,1,0,1,0,0,1,1
57.900783,0,0,0,0,0,1,0,0,0,0,0,0,0,1,1,0,0,0
57.928848,0,1,1,0,0,0,0,0,0,1,1,0,1,0,0,1,0,0
57.933519,0,0,0,0,1,0,0,0,0,0,0,0,0,0,0,0,0,0
57.942966,1,0,0,1,0,0,1,0,0,1,1,0,1,1,1,0,1,0
57.947537,0,0,0,0,0,0,0,1,0,0,0,0,0,0,0,0,0,1
57.949875,0,0,0,0,0,1,0,0,0,0,0,0,0,1,1,0,0,0
57.971543,0,1,1,0,0,0,0,0,0,1,1,0,1,0,0,1,0,0
57.983003,0,0,0,0,1,0,0,0,0,0,0,0,0,0,0,0,0,0
57.983243,1,0,0,1,0,0,1,0,0,1,1,0,1,1,1,0,1,0
57.999253,0,0,0,0,0,1,0,0,0,0,0,0,0,1,1,0,0,0
58.002562,0,0,0,0,0,0,0,1,0,0,0,0,0,0,0,0,0,1
58.006913,0,1,1,0,0,0,0,0,0,1,1,0,1,0,0,1,0,0
58.019537,1,0,0,1,0,0,1,0,0,1,1,0,1,1,1,0,1,0
58.035270,0,0,0,0,1,0,0,0,0,0,0,0,0,0,0,0,0,0
58.043803,0,0,1,0,0,0,0,0,1,0,0,0,1,0,0,0,0,0
58.051163,0,0,0,0,0,1,0,0,0,1,0,1,0,1,0,1,0,0
58.053668,0,0,0,0,0,0,0,1,0,0,0,0,0,0,0,0,0,1
58.069851,1,0,0,1,0,0,1,0,0,1,1,0,1,1,1,0,1,0
58.085215,0,0,0,0,1,0,0,0,0,0,0,0,0,0,0,0,0,0
58.094631,0,0,1,0,0,0,0,0,1,0,0,0,1,0,0,0,0,0
58.098082,0,0,0,0,0,0,0,1,0,0,0,0,0,0,0,0,0,1
58.099377,0,0,0,0,0,1,0,0,0,1,0,1,0,1,0,1,0,0
58.111037,1,0,0,0,0,0,0,0,1,0,0,0,1,0,0,0,0,0
58.134292,0,0,0,0,1,0,1,0,0,1,0,1,0,1,0,0,1,0
58.149588,0,0,0,0,0,1,0,0,0,0,0,0,0,1,1,0,0,0
58.151993,0,0,0,0,0,0,0,1,0,0,0,0,0,0,0,0,0,1
58.162282,0,1,1,0,0,0,0,0,0,1,1,0,1,0,0,1,0,0
58.172737,1,0,0,1,0,0,1,0,0,1,1,0,1,1,1,0,1,0
58.188465,0,0,0,0,1,0,0,0,0,0,0,0,0,0,0,0,0,0
58.198072,0,0,0,0,0,1,0,0,0,0,0,0,0,1,1,0,0,0
58.199375,0,0,0,0,0,0,0,1,0,0,0,0,0,0,0,0,0,1
58.200657,0,1,1,0,0,0,0,0,0,1,1,0,1,0,0,1,0,0
58.213063,1,0,0,1,0,0,1,0,0,1,1,0,1,1,1,0,1,0
58.234567,0,0,1,0,0,0,0,0,1,0,0,0,1,0,0,0,0,0
58.235181,0,0,0,0,1,0,0,0,0,0,0,0,0,0,0,0,0,0
58.249636,0,0,0,0,0,0,0,1,0,0,0,0,0,0,0,0,0,1
58.249906,0,0,0,0,0,1,0,0,0,1,0,1,0,1,0,1,0,0
58.263912,1,0,0,0,0,0,0,0,1,0,0,0,1,0,0,0,0,0
58.283866,0,0,0,0,1,0,0,0,0,0,0,0,0,0,0,0,0,0
58.300402,0,0,0,0,0,1,1,0,0,1,0,1,0,1,0,0,1,0
58.303857,0,0,0,0,0,0,0,1,0,0,0,0,0,0,0,0,0,1
58.330029,0,1,1,0,0,0,0,0,0,1,1,0,1,0,0,1,0,0
58.337777,0,0,0,0,1,0,0,0,0,0,0,0,0,0,0,0,0,0
58.345462,1,0,0,1,0,0,1,0,0,1,1,0,1,1,1,0,1,0
58.346291,0,0,0,0,0,0,0,1,0,0,0,0,0,0,0,0,0,1
58.351149,0,0,0,0,0,1,0,0,0,0,0,0,0,1,1,0,0,0
58.370418,0,1,1,0,0,0,0,0,0,1,1,0,1,0,0,1,0,0
58.381155,0,0,0,0,1,0,0,0,0,0,0,0,0,0,0,0,0,0
58.384321,1,0,0,0,0,0,0,0,1,0,0,0,1,0,0,0,0,0
58.399229,0,0,0,0,0,1,1,0,0,1,0,1,0,1,0,1,0,0
58.399458,0,0,0,0,0,0,0,1,0,0,0,0,0,0,0,0,0,1
58.414398,1,0,0,1,0,0,1,0,0,1,1,0,1,1,1,0,1,0
58.434013,0,0,0,0,1,0,0,0,0,0,0,0,0,0,0,0,0,0
58.435379,0,0,1,1,0,0,0,0,0,1,1,0,1,0,0,0,1,0
58.449528,0,0,0,0,0,1,0,0,0,0,0,0,0,1,1,0,0,0
58.450677,0,0,0,0,0,0,0,1,0,0,0,0,0,0,0,0,0,1
58.460061,0,1,1,0,0,0,0,0,0,1,1,0,1,0,0,1,0,0
58.478141,1,0,0,0,0,0,0,0,1,0,0,0,1,0,0,0,0,0
58.488865,0,0,0,0,1,0,1,0,0,1,0,1,0,1,0,0,1,0
58.498656,0,0,0,0,0,1,0,0,0,0,0,0,0,1,1,0,0,0
58.501341,0,0,0,0,0,0,0,1,0,0,0,0,0,0,0,0,0,1
58.510467,0,1,1,0,0,0,0,0,0,1,1,0,1,0,0,1,0,0
58.523875,1,0,0,0,0,0,0,0,1,0,0,0,1,0,0,0,0,0
58.533194,0,0,0,0,1,0,0,0,0,0,0,0,0,0,0,0,0,0
58.545993,0,0,0,0,0,0,1,0,0,1,0,1,0,1,0,0,1,0
58.548829,0,0,0,0,0,0,0,1,0,0,0,0,0,0,0,0,0,1
58.551473,0,0,0,0,0,1,0,0,0,0,0,0,0,1,1,0,0,0
58.570299,0,1,1,0,0,0,0,0,0,1,1,0,1,0,0,1,0,0
58.582459,1,0,0,1,0,0,1,0,0,1,1,0,1,1,1,0,1,0
58.586481,0,0,0,0,1,0,0,0,0,0,0,0,0,0,0,0,0,0
58.600835,0,0,0,0,0,1,0,0,0,0,0,0,0,1,1,0,0,0
58.601515,0,0,0,0,0,0,0,1,0,0,0,0,0,0,0,0,0,1
58.607958,0,1,1,0,0,0,0,0,0,1,1,0,1,0,0,1,0,0
58.618277,1,0,0,0,0,0,0,0,1,0,0,0,1,0,0,0,0,0
58.638022,0,0,0,0,1,0,1,0,0,1,0,1,0,1,0,0,1,0
58.650439,0,0,0,0,0,1,0,0,0,0,0,0,0,1,1,0,0,0
58.651493,0,0,0,0,0,0,0,1,0,0,0,0,0,0,0,0,0,1
58.665750,0,1,1,0,0,0,0,0,0,1,1,0,1,0,0,1,0,0
58.684706,1,0,0,1,0,0,1,0,0,1,1,0,1,1,1,0,1,0
58.689824,0,0,0,0,1,0,0,0,0,0,0,0,0,0,0,0,0,0
58.699773,0,0,0,0,0,1,0,0,0,0,0,0,0,1,1,0,0,0
58.700306,0,0,0,0,0,0,0,1,0,0,0,0,0,0,0,0,0,1
58.712090,0,1,1,0,0,0,0,0,0,1,1,0,1,0,0,1,0,0
58.726357,1,0,0,0,0,0,0,0,1,0,0,0,1,0,0,0,0,0
58.730780,0,0,0,0,0,0,1,0,0,1,0,1,0,1,0,0,1,0
58.733573,0,0,0,0,1,0,0,0,0,0,0,0,0,0,0,0,0,0
58.749607,0,0,0,0,0,1,0,0,0,0,0,0,0,1,1,0,0,0
58.751263,0,0,0,0,0,0,0,1,0,0,0,0,0,0,0,0,0,1
58.751600,0,1,1,0,0,0,0,0,0,1,1,0,1,0,0,1,0,0
58.764541,1,0,0,0,0,0,0,0,1,0,0,0,1,0,0,0,0,0
58.785761,0,0,0,0,1,0,1,0,0,1,0,1,0,1,0,0,1,0
58.796811,0,0,0,0,0,0,0,1,0,0,0,0,0,0,0,0,0,1
58.798815,0,0,0,0,0,1,0,0,0,0,0,0,0,1,1,0,0,0
58.813889,0,1,1,0,0,0,0,0,0,1,1,0,1,0,0,1,0,0
58.832198,1,0,0,0,0,0,0,0,1,0,0,0,1,0,0,0,0,0
58.832727,0,0,0,0,1,0,1,0,0,1,0,1,0,1,0,0,1,0
58.848707,0,0,0,0,0,0,0,1,0,0,0,0,0,0,0,0,0,1
58.849647,0,0,0,0,0,1,0,0,0,0,0,0,0,1,1,0,0,0
58.852777,0,1,1,0,0,0,0,0,0,1,1,0,1,0,0,1,0,0
58.871363,1,0,0,1,0,0,1,0,0,1,1,0,1,1,1,0,1,0
58.886812,0,0,0,0,1,0,0,0,0,0,0,0,0,0,0,0,0,0
58.893177,0,0,1,0,0,0,0,0,1,0,0,0,1,0,0,0,0,0
58.897180,0,0,0,0,0,0,0,1,0,0,0,0,0,0,0,0,0,1
58.901102,0,0,0,0,0,1,0,0,0,1,0,1,0,1,0,1,0,0
58.916579,1,0,0,0,0,0,0,0,1,0,0,0,1,0,0,0,0,0
58.936821,0,0,0,0,1,0,1,0,0,1,0,1,0,1,0,0,1,0
58.949881,0,0,0,0,0,1,0,0,0,0,0,0,0,1,1,0,0,0
58.953190,0,0,0,0,0,0,0,1,0,0,0,0,0,0,0,0,0,1
58.961613,0,1,1,0,0,0,0,0,0,1,1,0,1,0,0,1,0,0
58.976216,1,0,0,1,0,0,1,0,0,1,1,0,1,1,1,0,1,0
58.993115,0,0,0,0,1,0,0,0,0,0,0,0,0,0,0,0,0,0
58.997867,0,0,0,0,0,0,0,1,0,0,0,0,0,0,0,0,0,1
58.999699,0,0,1,0,0,0,0,0,1,0,0,0,1,0,0,0,0,0
59.000054,0,0,0,0,0,1,0,0,0,1,0,1,0,1,0,1,0,0
59.010168,1,0,0,0,0,0,0,0,1,0,0,0,1,0,0,0,0,0
59.033024,0,0,0,0,1,0,1,0,0,1,0,1,0,1,0,0,1,0
59.049788,0,0,0,0,0,1,0,0,0,0,0,0,0,1,1,0,0,0
59.051212,0,0,0,0,0,0,0,1,0,0,0,0,0,0,0,0,0,1
59.059014,0,1,1,0,0,0,0,0,0,1,1,0,1,0,0,1,0,0
59.072131,1,0,0,0,0,0,0,0,1,0,0,0,1,0,0,0,0,0
59.089666,0,0,0,0,1,0,1,0,0,1,0,1,0,1,0,0,1,0
59.100339,0,0,0,0,0,0,0,1,0,0,0,0,0,0,0,0,0,1
59.101337,0,0,0,0,0,1,0,0,0,0,0,0,0,1,1,0,0,0
59.112954,0,1,1,0,0,0,0,0,0,1,1,0,1,0,0,1,0,0
59.124176,1,0,0,1,0,0,1,0,0,1,1,0,1,1,1,0,1,0
59.135287,0,0,0,0,1,0,0,0,0,0,0,0,0,0,0,0,0,0
59.149388,0,0,0,0,0,1,0,0,0,0,0,0,0,1,1,0,0,0
59.150097,0,0,0,0,0,0,0,1,0,0,0,0,0,0,0,0,0,1
59.151105,0,1,1,0,0,0,0,0,0,1,1,0,1,0,0,1,0,0
59.166244,1,0,0,1,0,0,1,0,0,1,1,0,1,1,1,0,1,0
59.183660,0,0,0,0,1,0,0,0,0,0,0,0,0,0,0,0,0,0
59.195679,0,0,1,0,0,0,0,0,1,0,0,0,1,0,0,0,0,0
59.200382,0,0,0,0,0,1,0,0,0,1,0,1,0,1,0,1,0,0
59.203015,0,0,0,0,0,0,0,1,0,0,0,0,0,0,0,0,0,1
59.213014,1,0,0,0,0,0,0,0,1,0,0,0,1,0,0,0,0,0
59.234769,0,0,0,0,1,0,1,0,0,1,0,1,0,1,0,0,1,0
59.248580,0,0,0,0,0,1,0,0,0,0,0,0,0,1,1,0,0,0
59.251419,0,0,0,0,0,0,0,1,0,0,0,0,0,0,0,0,0,1
59.256601,0,1,1,0,0,0,0,0,0,1,1,0,1,0,0,1,0,0
59.268217,1,0,0,1,0,0,1,0,0,1,1,0,1,1,1,0,1,0
59.283919,0,0,0,0,1,0,0,0,0,0,0,0,0,0,0,0,0,0
59.294542,0,0,1,0,0,0,0,0,1,0,0,0,1,0,0,0,0,0
59.298110,0,0,0,0,0,1,0,0,0,1,0,1,0,1,0,1,0,0
59.299444,0,0,0,0,0,0,0,1,0,0,0,0,0,0,0,0,0,1
59.312107,1,0,0,0,0,0,0,0,1,0,0,0,1,0,0,0,0,0
59.325411,0,0,0,0,0,0,1,0,0,1,0,1,0,1,0,0,1,0
59.339151,0,0,0,0,1,0,0,0,0,0,0,0,0,0,0,0,0,0
59.346782,0,0,0,0,0,0,0,1,0,0,0,0,0,0,0,0,0,1
59.349541,0,0,0,0,0,1,0,0,0,0,0,0,0,1,1,0,0,0
59.353437,0,1,1,0,0,0,0,0,0,1,1,0,1,0,0,1,0,0
59.365952,1,0,0,0,0,0,0,0,1,0,0,0,1,0,0,0,0,0
59.369874,0,0,0,0,0,0,1,0,0,1,0,1,0,1,0,0,1,0
59.380761,0,0,0,0,1,0,0,0,0,0,0,0,0,0,0,0,0,0
59.396157,0,0,1,0,0,0,0,0,1,0,0,0,1,0,0,0,0,0
59.399067,0,0,0,0,0,1,0,0,0,1,0,1,0,1,0,1,0,0
59.400655,0,0,0,0,0,0,0,1,0,0,0,0,0,0,0,0,0,1
59.412745,1,0,0,1,0,0,1,0,0,1,1,0,1,1,1,0,1,0
59.432747,0,0,1,0,0,0,0,0,1,0,0,0,1,0,0,0,0,0
59.434787,0,0,0,0,1,0,0,0,0,0,0,0,0,0,0,0,0,0
59.449948,0,0,0,0,0,1,0,0,0,1,0,1,0,1,0,1,0,0
59.453384,0,0,0,0,0,0,0,1,0,0,0,0,0,0,0,0,0,1
59.464702,1,0,0,1,0,0,1,0,0,1,1,0,1,1,1,0,1,0
59.484754,0,0,1,0,0,0,0,0,1,0,0,0,1,0,0,0,0,0
59.486167,0,0,0,0,1,0,0,0,0,0,0,0,0,0,0,0,0,0
59.498586,0,0,0,0,0,1,0,0,0,1,0,1,0,1,0,1,0,0
59.502579,0,0,0,0,0,0,0,1,0,0,0,0,0,0,0,0,0,1
59.518530,1,0,0,1,0,0,1,0,0,1,1,0,1,1,1,0,1,0
59.534895,0,0,0,0,1,0,0,0,0,0,0,0,0,0,0,0,0,0
59.543041,0,0,1,0,0,0,0,0,1,0,0,0,1,0,0,0,0,0
59.547664,0,0,0,0,0,0,0,1,0,0,0,0,0,0,0,0,0,1
59.549626,0,0,0,0,0,1,0,0,0,1,0,1,0,1,0,1,0,0
59.564298,1,0,0,1,0,0,1,0,0,1,1,0,1,1,1,0,1,0
59.583751,0,0,0,0,1,0,0,0,0,0,0,0,0,0,0,0,0,0
59.591265,0,0,1,0,0,0,0,0,1,0,0,0,1,0,0,0,0,0
59.599478,0,0,0,0,0,1,0,0,0,1,0,1,0,1,0,1,0,0
59.600221,0,0,0,0,0,0,0,1,0,0,0,0,0,0,0,0,0,1
59.610792,1,0,0,1,0,0,1,0,0,1,1,0,1,1,1,0,1,0
59.634110,0,0,0,0,1,0,0,0,0,0,0,0,0,0,0,0,0,0
59.637683,0,0,1,0,0,0,0,0,1,0,0,0,1,0,0,0,0,0
59.650475,0,0,0,0,0,1,0,0,0,1,0,1,0,1,0,1,0,0
59.652874,0,0,0,0,0,0,0,1,0,0,0,0,0,0,0,0,0,1
59.663720,1,0,0,1,0,0,1,0,0,1,1,0,1,1,1,0,1,0
59.685116,0,0,0,0,1,0,0,0,0,0,0,0,0,0,0,0,0,0
59.689354,0,0,1,0,0,0,0,0,1,0,0,0,1,0,0,0,0,0
59.698719,0,0,0,0,0,1,0,0,0,1,0,1,0,1,0,1,0,0
59.699875,0,0,0,0,0,0,0,1,0,0,0,0,0,0,0,0,0,1
59.716774,1,0,0,1,0,0,1,0,0,1,1,0,1,1,1,0,1,0
59.731067,0,0,0,0,1,0,0,0,0,0,0,0,0,0,0,0,0,0
59.739672,0,0,1,0,0,0,0,0,1,0,0,0,1,0,0,0,0,0
59.749153,0,0,0,0,0,1,0,0,0,1,0,1,0,1,0,1,0,0
59.751923,0,0,0,0,0,0,0,1,0,0,0,0,0,0,0,0,0,1
59.760951,1,0,0,0,0,0,0,0,1,0,0,0,1,0,0,0,0,0
59.783539,0,0,0,0,1,0,0,0,0,0,0,0,0,0,0,0,0,0
59.799606,0,0,0,0,0,1,1,0,0,1,0,1,0,1,0,0,1,0
59.802447,0,0,0,0,0,0,0,1,0,0,0,0,0,0,0,0,0,1
59.826254,0,1,1,0,0,0,0,0,0,1,1,0,1,0,0,1,0,0
59.832843,0,0,0,0,1,0,0,0,0,0,0,0,0,0,0,0,0,0
59.842144,1,0,0,0,0,0,0,0,1,0,0,0,1,0,0,0,0,0
59.849152,0,0,0,0,0,1,1,0,0,1,0,1,0,1,0,1,0,0
59.853447,0,0,0,0,0,0,0,1,0,0,0,0,0,0,0,0,0,1
59.859876,1,0,0,1,0,0,1,0,0,1,1,0,1,1,1,0,1,0
59.884788,0,0,1,1,0,0,0,0,0,1,1,0,1,0,0,0,1,0
59.889954,0,0,0,0,1,0,0,0,0,0,0,0,0,0,0,0,0,0
59.896137,0,0,0,0,0,0,0,1,0,0,0,0,0,0,0,0,0,1
59.899110,0,0,0,0,0,1,0,0,0,0,0,0,0,1,1,0,0,0
59.913920,0,1,1,0,0,0,0,0,0,1,1,0,1,0,0,1,0,0
59.930385,1,0,0,1,0,0,1,0,0,1,1,0,1,1,1,0,1,0
59.934403,0,0,0,0,1,0,0,0,0,0,0,0,0,0,0,0,0,0
59.949582,0,0,0,0,0,0,0,1,0,0,0,0,0,0,0,0,0,1
59.950080,0,0,0,0,0,1,0,0,0,0,0,0,0,1,1,0,0,0
59.956099,0,1,1,0,0,0,0,0,0,1,1,0,1,0,0,1,0,0
59.973303,1,0,0,1,0,0,1,0,0,1,1,0,1,1,1,0,1,0
59.985581,0,0,0,0,1,0,0,0,0,0,0,0,0,0,0,0,0,0
59.994005,0,0,1,0,0,0,0,0,1,0,0,0,1,0,0,0,0,0
60.000956,0,0,0,0,0,1,0,0,0,1,0,1,0,1,0,1,0,0
60.002377,0,0,0,0,0,0,0,1,0,0,0,0,0,0,0,0,0,1
60.019848,1,0,0,0,0,0,0,0,1,0,0,0,1,0,0,0,0,0
60.035913,0,0,0,0,0,0,1,0,0,1,0,1,0,1,0,0,1,0
60.037010,0,0,0,0,1,0,0,0,0,0,0,0,0,0,0,0,0,0
60.048865,0,0,0,0,0,1,0,0,0,0,0,0,0,1,1,0,0,0
60.049888,0,0,0,0,0,0,0,1,0,0,0,0,0,0,0,0,0,1
60.058313,0,1,1,0,0,0,0,0,0,1,1,0,1,0,0,1,0,0
60.075069,1,0,0,0,0,0,0,0,1,0,0,0,1,0,0,0,0,0
60.083609,0,0,0,0,0,0,1,0,0,1,0,1,0,1,0,0,1,0
60.086555,0,0,0,0,1,0,0,0,0,0,0,0,0,0,0,0,0,0
60.100481,0,0,0,0,0,1,0,0,0,0,0,0,0,1,1,0,0,0
60.102513,0,0,0,0,0,0,0,1,0,0,0,0,0,0,0,0,0,1
60.111345,0,1,1,0,0,0,0,0,0,1,1,0,1,0,0,1,0,0
60.131294,1,0,0,0,0,0,0,0,1,0,0,0,1,0,0,0,0,0
60.136894,0,0,0,0,1,0,0,0,0,0,0,0,0,0,0,0,0,0
60.147822,0,0,0,0,0,0,1,1,0,1,0,1,0,1,0,0,1,1
60.151052,0,0,0,0,0,1,0,0,0,0,0,0,0,1,1,0,0,0
60.168069,0,1,1,0,0,0,0,0,0,1,1,0,1,0,0,1,0,0
60.182285,1,0,0,1,0,0,1,0,0,1,1,0,1,1,1,0,1,0
60.186898,0,0,0,0,1,0,0,0,0,0,0,0,0,0,0,0,0,0
60.199405,0,0,0,0,0,0,0,1,0,0,0,0,0,0,0,0,0,1
60.200818,0,0,0,0,0,1,0,0,0,0,0,0,0,1,1,0,0,0
60.204887,0,1,1,0,0,0,0,0,0,1,1,0,1,0,0,1,0,0
60.218451,1,0,0,1,0,0,1,0,0,1,1,0,1,1,1,0,1,0
60.237659,0,0,0,0,1,0,0,0,0,0,0,0,0,0,0,0,0,0
60.240539,0,0,1,0,0,0,0,0,1,0,0,0,1,0,0,0,0,0
60.249345,0,0,0,0,0,0,0,1,0,0,0,0,0,0,0,0,0,1
60.250418,0,0,0,0,0,1,0,0,0,1,0,1,0,1,0,1,0,0
60.264186,1,0,0,0,0,0,0,0,1,0,0,0,1,0,0,0,0,0
60.286136,0,0,0,0,1,0,0,0,0,0,0,0,0,0,0,0,0,0
60.296453,0,0,0,0,0,0,1,1,0,1,0,1,0,1,0,0,1,1
60.300569,0,0,0,0,0,1,0,0,0,0,0,0,0,1,1,0,0,0
60.318405,0,1,1,0,0,0,0,0,0,1,1,0,1,0,0,1,0,0
60.331515,1,0,0,1,0,0,1,0,0,1,1,0,1,1,1,0,1,0
60.332603,0,0,0,0,1,0,0,0,0,0,0,0,0,0,0,0,0,0
60.350693,0,0,0,0,0,0,0,1,0,0,0,0,0,0,0,0,0,1
60.351074,0,0,0,0,0,1,0,0,0,0,0,0,0,1,1,0,0,0
60.352936,0,1,1,0,0,0,0,0,0,1,1,0,1,0,0,1,0,0
60.368129,1,0,0,1,0,0,1,0,0,1,1,0,1,1,1,0,1,0
60.383545,0,0,0,0,1,0,0,0,0,0,0,0,0,0,0,0,0,0
60.389977,0,0,1,0,0,0,0,0,1,0,0,0,1,0,0,0,0,0
60.397743,0,0,0,0,0,0,0,1,0,0,0,0,0,0,0,0,0,1
60.399686,0,0,0,0,0,1,0,0,0,1,0,1,0,1,0,1,0,0
60.409796,1,0,0,1,0,0,1,0,0,1,1,0,1,1,1,0,1,0
60.433616,0,0,1,0,0,0,0,0,1,0,0,0,1,0,0,0,0,0
60.434981,0,0,0,0,1,0,0,0,0,0,0,0,0,0,0,0,0,0
60.449076,0,0,0,0,0,0,0,1,0,0,0,0,0,0,0,0,0,1
60.449958,0,0,0,0,0,1,0,0,0,1,0,1,0,1,0,1,0,0
60.463964,1,0,0,1,0,0,1,0,0,1,1,0,1,1,1,0,1,0
60.481476,0,0,0,0,1,0,0,0,0,0,0,0,0,0,0,0,0,0
60.490522,0,0,1,0,0,0,0,0,1,0,0,0,1,0,0,0,0,0
60.498865,0,0,0,0,0,1,0,0,0,1,0,1,0,1,0,1,0,0
60.501862,0,0,0,0,0,0,0,1,0,0,0,0,0,0,0,0,0,1
60.511013,1,0,0,0,0,0,0,0,1,0,0,0,1,0,0,0,0,0
60.540733,0,0,0,0,1,0,0,0,0,0,0,0,0,0,0,0,0,0
60.546991,0,0,0,0,0,0,1,0,0,1,0,1,0,1,0,0,1,0
60.550928,0,0,0,0,0,1,0,0,0,0,0,0,0,1,1,0,0,0
60.553760,0,0,0,0,0,0,0,1,0,0,0,0,0,0,0,0,0,1
60.575318,0,1,1,0,0,0,0,0,0,1,1,0,1,0,0,1,0,0
60.589461,1,0,0,1,0,0,1,0,0,1,1,0,1,1,1,0,1,0
60.591109,0,0,0,0,1,0,0,0,0,0,0,0,0,0,0,0,0,0
60.598264,0,0,0,0,0,0,0,1,0,0,0,0,0,0,0,0,0,1
60.599527,0,0,0,0,0,1,0,0,0,0,0,0,0,1,1,0,0,0
60.613227,0,1,1,0,0,0,0,0,0,1,1,0,1,0,0,1,0,0
60.627678,1,0,0,1,0,0,1,0,0,1,1,0,1,1,1,0,1,0
60.636413,0,0,0,0,1,0,0,0,0,0,0,0,0,0,0,0,0,0
60.648460,0,0,0,0,0,0,0,1,0,0,0,0,0,0,0,0,0,1
60.650357,0,0,1,0,0,0,0,0,1,0,0,0,1,0,0,0,0,0
60.650482,0,0,0,0,0,1,0,0,0,1,0,1,0,1,0,1,0,0
60.667820,1,0,0,0,0,0,0,0,1,0,0,0,1,0,0,0,0,0
60.685216,0,0,0,0,1,0,0,0,0,0,0,0,0,0,0,0,0,0
60.696899,0,0,0,0,0,0,0,1,0,0,0,0,0,0,0,0,0,1
60.699202,0,0,0,0,0,1,1,0,0,1,0,1,0,1,0,0,1,0
60.721655,0,1,1,0,0,0,0,0,0,1,1,0,1,0,0,1,0,0
60.727359,0,0,0,0,1,0,0,0,0,0,0,0,0,0,0,0,0,0
60.733770,1,0,0,1,0,0,1,0,0,1,1,0,1,1,1,0,1,0
60.746552,0,0,0,0,0,0,0,1,0,0,0,0,0,0,0,0,0,1
60.749688,0,0,0,0,0,1,0,0,0,0,0,0,0,1,1,0,0,0
60.761244,0,1,1,0,0,0,0,0,0,1,1,0,1,0,0,1,0,0
60.772835,1,0,0,1,0,0,1,0,0,1,1,0,1,1,1,0,1,0
60.784604,0,0,0,0,1,0,0,0,0,0,0,0,0,0,0,0,0,0
60.800943,0,0,0,0,0,1,0,0,0,0,0,0,0,1,1,0,0,0
60.802433,0,1,1,0,0,0,0,0,0,1,1,0,1,0,0,1,0,0
60.803920,0,0,0,0,0,0,0,1,0,0,0,0,0,0,0,0,0,1
60.814602,1,0,0,1,0,0,1,0,0,1,1,0,1,1,1,0,1,0
60.836118,0,0,1,0,0,0,0,0,1,0,0,0,1,0,0,0,0,0
60.843388,0,0,0,0,1,0,0,0,0,0,0,0,0,0,0,0,0,0
60.849696,0,0,0,0,0,1,0,0,0,1,0,1,0,1,0,1,0,0
60.850416,0,0,0,0,0,0,0,1,0,0,0,0,0,0,0,0,0,1
60.868231,1,0,0,0,0,0,0,0,1,0,0,0,1,0,0,0,0,0
60.870778,0,0,0,0,0,0,1,0,0,1,0,1,0,1,0,0,1,0
60.884477,0,0,0,0,1,0,0,0,0,0,0,0,0,0,0,0,0,0
60.898943,0,0,1,0,0,0,0,0,1,0,0,0,1,0,0,0,0,0
60.899749,0,0,0,0,0,1,0,0,0,1,0,1,0,1,0,1,0,0
60.900605,0,0,0,0,0,0,0,1,0,0,0,0,0,0,0,0,0,1
60.916784,1,0,0,0,0,0,0,0,1,0,0,0,1,0,0,0,0,0
60.932247,0,0,0,0,1,0,0,0,0,0,0,0,0,0,0,0,0,0
60.937253,0,0,0,0,0,0,1,0,0,1,0,1,0,1,0,0,1,0
60.949125,0,0,0,0,0,1,0,0,0,0,0,0,0,1,1,0,0,0
60.950725,0,0,0,0,0,0,0,1,0,0,0,0,0,0,0,0,0,1
60.959787,0,1,1,0,0,0,0,0,0,1,1,0,1,0,0,1,0,0
60.976063,1,0,0,1,0,0,1,0,0,1,1,0,1,1,1,0,1,0
60.985562,0,0,0,0,1,0,0,0,0,0,0,0,0,0,0,0,0,0
60.998399,0,0,1,0,0,0,0,0,1,0,0,0,1,0,0,0,0,0
61.000037,0,0,0,0,0,1,0,0,0,1,0,1,0,1,0,1,0,0
61.002424,0,0,0,0,0,0,0,1,0,0,0,0,0,0,0,0,0,1
61.013375,1,0,0,0,0,0,0,0,1,0,0,0,1,0,0,0,0,0
61.040888,0,0,0,0,1,0,0,0,0,0,0,0,0,0,0,0,0,0
61.049156,0,0,0,0,0,1,0,0,0,1,0,1,0,1,0,1,0,0
61.053453,0,0,0,0,0,0,0,1,0,0,0,0,0,0,0,0,0,1
61.066795,1,0,0,1,0,0,1,0,0,1,1,0,1,1,1,0,1,0
61.086479,0,0,0,0,1,0,0,0,0,0,0,0,0,0,0,0,0,0
61.093475,0,0,1,1,0,0,1,0,0,1,1,0,1,1,1,0,1,0
61.100143,0,0,0,0,0,1,0,0,0,0,0,0,0,1,1,0,0,0
61.101257,0,0,0,0,0,0,0,1,0,0,0,0,0,0,0,0,0,1
61.114521,0,1,1,0,0,0,0,0,0,1,1,0,1,0,0,1,0,0
61.127452,1,0,0,0,0,0,0,0,1,0,0,0,1,0,0,0,0,0
61.136071,0,0,0,0,1,0,0,0,0,0,0,0,0,0,0,0,0,0
61.149899,0,0,0,0,0,1,0,0,0,1,0,1,0,1,0,1,0,0
61.151148,0,0,0,0,0,0,1,0,0,0,0,0,0,1,1,0,0,0
61.152896,0,0,0,0,0,0,0,1,0,0,0,0,0,0,0,0,0,1
61.168113,1,0,0,1,0,0,1,0,0,1,1,0,1,1,1,0,1,0
61.188998,0,0,1,1,0,0,0,0,0,1,1,0,1,0,0,0,1,0
61.190783,0,0,0,0,1,0,0,0,0,0,0,0,0,0,0,0,0,0
61.200173,0,0,0,0,0,1,0,0,0,0,0,0,0,1,1,0,0,0
61.201656,0,0,0,0,0,0,0,1,0,0,0,0,0,0,0,0,0,1
61.215288,0,1,1,0,0,0,0,0,0,1,1,0,1,0,0,1,0,0
61.233065,1,0,0,1,0,0,1,0,0,1,1,0,1,1,1,0,1,0
61.236773,0,0,0,0,1,0,0,0,0,0,0,0,0,0,0,0,0,0
61.250707,0,0,0,0,0,1,0,0,0,0,0,0,0,1,1,0,0,0
61.253643,0,0,0,0,0,0,0,1,0,0,0,0,0,0,0,0,0,1
61.255899,0,1,1,0,0,0,0,0,0,1,1,0,1,0,0,1,0,0
61.272556,1,0,0,1,0,0,1,0,0,1,1,0,1,1,1,0,1,0
61.288078,0,0,0,0,1,0,0,0,0,0,0,0,0,0,0,0,0,0
61.296251,0,0,1,0,0,0,0,0,1,0,0,0,1,0,0,0,0,0
61.296748,0,0,0,0,0,0,0,1,0,0,0,0,0,0,0,0,0,1
61.300326,0,0,0,0,0,1,0,0,0,1,0,1,0,1,0,1,0,0
61.311507,1,0,0,0,0,0,0,0,1,0,0,0,1,0,0,0,0,0
61.335315,0,0,0,0,1,0,0,0,0,0,0,0,0,0,0,0,0,0
61.346866,0,0,0,0,0,0,1,1,0,1,0,1,0,1,0,0,1,1
61.348881,0,0,0,0,0,1,0,0,0,0,0,0,0,1,1,0,0,0
61.368732,0,1,1,0,0,0,0,0,0,1,1,0,1,0,0,1,0,0
61.378806,0,0,0,0,1,0,0,0,0,0,0,0,0,0,0,0,0,0
61.384518,1,0,0,1,0,0,1,0,0,1,1,0,1,1,1,0,1,0
61.399388,0,0,0,0,0,1,0,0,0,0,0,0,0,1,1,0,0,0
61.399567,0,0,0,0,0,0,0,1,0,0,0,0,0,0,0,0,0,1
61.410366,0,1,1,0,0,0,0,0,0,1,1,0,1,0,0,1,0,0
61.428993,1,0,0,0,0,0,0,0,1,0,0,0,1,0,0,0,0,0
61.434225,0,0,0,0,1,0,1,0,0,1,0,1,0,1,0,0,1,0
61.449204,0,0,0,0,0,0,0,1,0,0,0,0,0,0,0,0,0,1
61.450405,0,0,0,0,0,1,0,0,0,0,0,0,0,1,1,0,0,0
61.459712,0,1,1,0,0,0,0,0,0,1,1,0,1,0,0,1,0,0
61.477230,1,0,0,1,0,0,1,0,0,1,1,0,1,1,1,0,1,0
61.484483,0,0,0,0,1,0,0,0,0,0,0,0,0,0,0,0,0,0
61.496903,0,0,0,0,0,0,0,1,0,0,0,0,0,0,0,0,0,1
61.500058,0,0,0,0,0,1,0,0,0,0,0,0,0,1,1,0,0,0
61.501312,0,1,1,0,0,0,0,0,0,1,1,0,1,0,0,1,0,0
61.515037,1,0,0,1,0,0,1,0,0,1,1,0,1,1,1,0,1,0
61.531888,0,0,0,0,1,0,0,0,0,0,0,0,0,0,0,0,0,0
61.535307,0,0,1,0,0,0,0,0,1,0,0,0,1,0,0,0,0,0
61.550845,0,0,0,0,0,1,0,0,0,1,0,1,0,1,0,1,0,0
61.552978,0,0,0,0,0,0,0,1,0,0,0,0,0,0,0,0,0,1
61.560985,1,0,0,0,0,0,0,0,1,0,0,0,1,0,0,0,0,0
61.591465,0,0,0,0,1,0,0,0,0,0,0,0,0,0,0,0,0,0
61.594718,0,0,0,0,0,0,1,0,0,1,0,1,0,1,0,0,1,0
61.597575,0,0,0,0,0,0,0,1,0,0,0,0,0,0,0,0,0,1
61.600000,0,0,0,0,0,1,0,0,0,0,0,0,0,1,1,0,0,0
61.623407,0,1,1,0,0,0,0,0,0,1,1,0,1,0,0,1,0,0
61.631149,0,0,0,0,1,0,0,0,0,0,0,0,0,0,0,0,0,0
61.635703,1,0,0,1,0,0,1,0,0,1,1,0,1,1,1,0,1,0
61.651836,0,0,0,0,0,1,0,0,0,0,0,0,0,1,1,0,0,0
61.652415,0,0,0,0,0,0,0,1,0,0,0,0,0,0,0,0,0,1
61.657283,0,1,1,0,0,0,0,0,0,1,1,0,1,0,0,1,0,0
61.670612,1,0,0,0,0,0,0,0,1,0,0,0,1,0,0,0,0,0
61.673080,0,0,0,0,0,0,1,0,0,1,0,1,0,1,0,0,1,0
61.683244,0,0,0,0,1,0,0,0,0,0,0,0,0,0,0,0,0,0
61.694468,0,0,1,0,0,0,0,0,1,0,0,0,1,0,0,0,0,0
61.699378,0,0,0,0,0,1,0,0,0,1,0,1,0,1,0,1,0,0
61.699984,0,0,0,0,0,0,0,1,0,0,0,0,0,0,0,0,0,1
61.715583,1,0,0,0,0,0,0,0,1,0,0,0,1,0,0,0,0,0
61.727553,0,0,0,0,0,0,1,0,0,1,0,1,0,1,0,0,1,0
61.735481,0,0,0,0,1,0,0,0,0,0,0,0,0,0,0,0,0,0
61.748131,0,0,1,0,0,0,0,0,1,0,0,0,1,0,0,0,0,0
61.750767,0,0,0,0,0,1,0,0,0,1,0,1,0,1,0,1,0,0
61.752213,0,0,0,0,0,0,0,1,0,0,0,0,0,0,0,0,0,1
61.762821,1,0,0,1,0,0,1,0,0,1,1,0,1,1,1,0,1,0
61.783949,0,0,1,0,0,0,0,0,1,0,0,0,1,0,0,0,0,0
61.786078,0,0,0,0,1,0,0,0,0,0,0,0,0,0,0,0,0,0
61.797598,0,0,0,0,0,0,0,1,0,0,0,0,0,0,0,0,0,1
61.799438,0,0,0,0,0,1,0,0,0,1,0,1,0,1,0,1,0,0
61.817448,1,0,0,0,0,0,0,0,1,0,0,0,1,0,0,0,0,0
61.834520,0,0,0,0,1,0,1,0,0,1,0,1,0,1,0,0,1,0
61.849984,0,0,0,0,0,1,0,0,0,0,0,0,0,1,1,0,0,0
61.850053,0,0,0,0,0,0,0,1,0,0,0,0,0,0,0,0,0,1
61.860183,0,1,1,0,0,0,0,0,0,1,1,0,1,0,0,1,0,0
61.872008,1,0,0,0,0,0,0,0,1,0,0,0,1,0,0,0,0,0
61.882783,0,0,0,0,1,0,1,0,0,1,0,1,0,1,0,0,1,0
61.898904,0,0,0,0,0,1,0,0,0,0,0,0,0,1,1,0,0,0
61.899047,0,0,0,0,0,0,0,1,0,0,0,0,0,0,0,0,0,1
61.908016,0,1,1,0,0,0,0,0,0,1,1,0,1,0,0,1,0,0
61.918777,1,0,0,1,0,0,1,0,0,1,1,0,1,1,1,0,1,0
61.938334,0,0,0,0,1,0,0,0,0,0,0,0,0,0,0,0,0,0
61.943589,0,0,1,0,0,0,0,0,1,0,0,0,1,0,0,0,0,0
61.946966,0,0,0,0,0,0,0,1,0,0,0,0,0,0,0,0,0,1
61.949444,0,0,0,0,0,1,0,0,0,1,0,1,0,1,0,1,0,0
61.960829,1,0,0,1,0,0,1,0,0,1,1,0,1,1,1,0,1,0
61.983533,0,0,0,0,1,0,0,0,0,0,0,0,0,0,0,0,0,0
61.989399,0,0,1,0,0,0,0,0,1,0,0,0,1,0,0,0,0,0
62.000103,0,0,0,0,0,1,0,0,0,1,0,1,0,1,0,1,0,0
62.001662,0,0,0,0,0,0,0,1,0,0,0,0,0,0,0,0,0,1
62.012240,1,0,0,0,0,0,0,0,1,0,0,0,1,0,0,0,0,0
62.034659,0,0,0,0,1,0,0,0,0,0,0,0,0,0,0,0,0,0
62.048116,0,0,0,0,0,1,0,0,0,1,0,1,0,1,0,1,0,0
62.049873,0,0,0,0,0,0,0,1,0,0,0,0,0,0,0,0,0,1
62.061257,1,0,0,1,0,0,1,0,0,1,1,0,1,1,1,0,1,0
62.083427,0,0,1,1,0,0,1,0,0,1,1,0,1,1,1,0,1,0
62.088247,0,0,0,0,1,0,0,0,0,0,0,0,0,0,0,0,0,0
62.099186,0,0,0,0,0,1,0,0,0,0,0,0,0,1,1,0,0,0
62.099511,0,0,0,0,0,0,0,1,0,0,0,0,0,0,0,0,0,1
62.108814,0,1,1,0,0,0,0,0,0,1,1,0,1,0,0,1,0,0
62.126383,1,0,0,1,0,0,1,0,0,1,1,0,1,1,1,0,1,0
62.137205,0,0,0,0,1,0,0,0,0,0,0,0,0,0,0,0,0,0
62.149174,0,0,0,0,0,1,0,0,0,0,0,0,0,1,1,0,0,0
62.152249,0,0,0,0,0,0,0,1,0,0,0,0,0,0,0,0,0,1
62.153423,0,1,1,0,0,0,0,0,0,1,1,0,1,0,0,1,0,0
62.168867,1,0,0,0,0,0,0,0,1,0,0,0,1,0,0,0,0,0
62.189365,0,0,0,0,1,0,0,0,0,0,0,0,0,0,0,0,0,0
62.199733,0,0,0,0,0,1,1,0,0,1,0,1,0,1,0,1,0,0
62.200887,0,0,0,0,0,0,0,1,0,0,0,0,0,0,0,0,0,1
62.210195,1,0,0,1,0,0,0,0,0,1,1,0,1,0,0,0,1,0
62.221518,0,0,0,0,0,0,1,0,0,0,0,0,0,1,1,0,0,0
62.231434,0,0,1,1,0,0,0,0,0,1,1,0,1,0,0,0,1,0
62.240859,0,0,0,0,1,0,0,0,0,0,0,0,0,0,0,0,0,0
62.246714,0,0,0,0,0,0,0,1,0,0,0,0,0,0,0,0,0,1
62.250929,0,0,0,0,0,1,0,0,0,0,0,0,0,1,1,0,0,0
62.260191,0,1,1,0,0,0,0,0,0,1,1,0,1,0,0,1,0,0
62.273781,1,0,0,1,0,0,1,0,0,1,1,0,1,1,1,0,1,0
62.285472,0,0,0,0,1,0,0,0,0,0,0,0,0,0,0,0,0,0
62.295021,0,0,1,0,0,0,0,0,1,0,0,0,1,0,0,0,0,0
62.299953,0,0,0,0,0,1,0,0,0,1,0,1,0,1,0,1,0,0
62.301523,0,0,0,0,0,0,0,1,0,0,0,0,0,0,0,0,0,1
62.314487,1,0,0,0,0,0,0,0,1,0,0,0,1,0,0,0,0,0
62.341084,0,0,0,0,1,0,0,0,0,0,0,0,0,0,0,0,0,0
62.350113,0,0,0,0,0,1,0,0,0,1,0,1,0,1,0,1,0,0
62.350808,0,0,0,0,0,0,1,0,0,0,0,0,0,1,1,0,0,0
62.351626,0,0,0,0,0,0,0,1,0,0,0,0,0,0,0,0,0,1
62.364656,1,0,0,1,0,0,1,0,0,1,1,0,1,1,1,0,1,0
62.386315,0,0,1,1,0,0,0,0,0,1,1,0,1,0,0,0,1,0
62.388543,0,0,0,0,1,0,0,0,0,0,0,0,0,0,0,0,0,0
62.398930,0,0,0,0,0,0,0,1,0,0,0,0,0,0,0,0,0,1
62.400220,0,0,0,0,0,1,0,0,0,0,0,0,0,1,1,0,0,0
62.413378,0,1,1,0,0,0,0,0,0,1,1,0,1,0,0,1,0,0
62.423949,1,0,0,1,0,0,1,0,0,1,1,0,1,1,1,0,1,0
62.436436,0,0,0,0,1,0,0,0,0,0,0,0,0,0,0,0,0,0
62.449180,0,0,1,0,0,0,0,0,1,0,0,0,1,0,0,0,0,0
62.449324,0,0,0,0,0,0,0,1,0,0,0,0,0,0,0,0,0,1
62.450736,0,0,0,0,0,1,0,0,0,1,0,1,0,1,0,1,0,0
62.462705,1,0,0,0,0,0,0,0,1,0,0,0,1,0,0,0,0,0
62.475146,0,0,0,0,0,0,1,0,0,1,0,1,0,1,0,0,1,0
62.488466,0,0,0,0,1,0,0,0,0,0,0,0,0,0,0,0,0,0
62.495393,0,0,1,0,0,0,0,0,1,0,0,0,1,0,0,0,0,0
62.500326,0,0,0,0,0,1,0,0,0,1,0,1,0,1,0,1,0,0
62.502983,0,0,0,0,0,0,0,1,0,0,0,0,0,0,0,0,0,1
62.514447,1,0,0,1,0,0,1,0,0,1,1,0,1,1,1,0,1,0
62.536180,0,0,1,0,0,0,0,0,1,0,0,0,1,0,0,0,0,0
62.539300,0,0,0,0,1,0,0,0,0,0,0,0,0,0,0,0,0,0
62.551702,0,0,0,0,0,1,0,0,0,1,0,1,0,1,0,1,0,0
62.553043,0,0,0,0,0,0,0,1,0,0,0,0,0,0,0,0,0,1
62.567811,1,0,0,1,0,0,1,0,0,1,1,0,1,1,1,0,1,0
62.589904,0,0,1,0,0,0,0,0,1,0,0,0,1,0,0,0,0,0
62.590648,0,0,0,0,1,0,0,0,0,0,0,0,0,0,0,0,0,0
62.596018,0,0,0,0,0,0,0,1,0,0,0,0,0,0,0,0,0,1
62.600546,0,0,0,0,0,1,0,0,0,1,0,1,0,1,0,1,0,0
62.619328,1,0,0,1,0,0,1,0,0,1,1,0,1,1,1,0,1,0
62.629788,0,0,0,0,1,0,0,0,0,0,0,0,0,0,0,0,0,0
62.645336,0,0,1,0,0,0,0,0,1,0,0,0,1,0,0,0,0,0
62.650896,0,0,0,0,0,1,0,0,0,1,0,1,0,1,0,1,0,0
62.652499,0,0,0,0,0,0,0,1,0,0,0,0,0,0,0,0,0,1
62.663313,1,0,0,1,0,0,1,0,0,1,1,0,1,1,1,0,1,0
62.689865,0,0,1,0,0,0,0,0,1,0,0,0,1,0,0,0,0,0
62.691279,0,0,0,0,1,0,0,0,0,0,0,0,0,0,0,0,0,0
62.700496,0,0,0,0,0,1,0,0,0,1,0,1,0,1,0,1,0,0
62.701219,0,0,0,0,0,0,0,1,0,0,0,0,0,0,0,0,0,1
62.714350,1,0,0,1,0,0,1,0,0,1,1,0,1,1,1,0,1,0
62.738432,0,0,1,0,0,0,0,0,1,0,0,0,1,0,0,0,0,0
62.740400,0,0,0,0,1,0,0,0,0,0,0,0,0,0,0,0,0,0
62.748732,0,0,0,0,0,0,0,1,0,0,0,0,0,0,0,0,0,1
62.750959,0,0,0,0,0,1,0,0,0,1,0,1,0,1,0,1,0,0
62.763066,1,0,0,1,0,0,1,0,0,1,1,0,1,1,1,0,1,0
62.781208,0,0,0,0,1,0,0,0,0,0,0,0,0,0,0,0,0,0
62.784366,0,0,1,0,0,0,0,0,1,0,0,0,1,0,0,0,0,0
62.799767,0,0,0,0,0,1,0,0,0,1,0,1,0,1,0,1,0,0
62.800701,0,0,0,0,0,0,0,1,0,0,0,0,0,0,0,0,0,1
62.813820,1,0,0,1,0,0,1,0,0,1,1,0,1,1,1,0,1,0
62.833787,0,0,0,0,1,0,0,0,0,0,0,0,0,0,0,0,0,0
62.843318,0,0,1,0,0,0,0,0,1,0,0,0,1,0,0,0,0,0
62.848525,0,0,0,0,0,0,0,1,0,0,0,0,0,0,0,0,0,1
62.848739,0,0,0,0,0,1,0,0,0,1,0,1,0,1,0,1,0,0
62.867846,1,0,0,0,0,0,0,0,1,0,0,0,1,0,0,0,0,0
62.881046,0,0,0,0,1,0,0,0,0,0,0,0,0,0,0,0,0,0
62.897549,0,0,0,0,0,0,0,1,0,0,0,0,0,0,0,0,0,1
62.900510,0,0,0,0,0,1,0,0,0,1,0,1,0,1,0,1,0,0
62.903156,0,0,0,0,0,0,1,0,0,0,0,0,0,1,1,0,0,0
62.911196,1,0,0,1,0,0,0,0,0,1,1,0,1,0,0,0,1,0
62.933517,0,0,1,1,0,0,1,0,0,1,1,0,1,1,1,0,1,0
62.933936,0,0,0,0,1,0,0,0,0,0,0,0,0,0,0,0,0,0
62.949250,0,0,0,0,0,1,0,0,0,0,0,0,0,1,1,0,0,0
62.952542,0,0,0,0,0,0,0,1,0,0,0,0,0,0,0,0,0,1
62.956129,0,1,1,0,0,0,0,0,0,1,1,0,1,0,0,1,0,0
62.976117,1,0,0,1,0,0,1,0,0,1,1,0,1,1,1,0,1,0
62.989691,0,0,0,0,1,0,0,0,0,0,0,0,0,0,0,0,0,0
62.999012,0,0,1,0,0,0,0,0,1,0,0,0,1,0,0,0,0,0
63.000442,0,0,0,0,0,1,0,0,0,1,0,1,0,1,0,1,0,0
63.000845,0,0,0,0,0,0,0,1,0,0,0,0,0,0,0,0,0,1
63.015769,1,0,0,1,0,0,1,0,0,1,1,0,1,1,1,0,1,0
63.037666,0,0,0,0,1,0,0,0,0,0,0,0,0,0,0,0,0,0
63.040814,0,0,1,0,0,0,0,0,1,0,0,0,1,0,0,0,0,0
63.048092,0,0,0,0,0,0,0,1,0,0,0,0,0,0,0,0,0,1
63.048798,0,0,0,0,0,1,0,0,0,1,0,1,0,1,0,1,0,0
63.064280,1,0,0,1,0,0,1,0,0,1,1,0,1,1,1,0,1,0
63.086926,0,0,0,0,1,0,0,0,0,0,0,0,0,0,0,0,0,0
63.087652,0,0,1,0,0,0,0,0,1,0,0,0,1,0,0,0,0,0
63.098777,0,0,0,0,0,0,0,1,0,0,0,0,0,0,0,0,0,1
63.101105,0,0,0,0,0,1,0,0,0,1,0,1,0,1,0,1,0,0
63.114775,1,0,0,0,0,0,0,0,1,0,0,0,1,0,0,0,0,0
63.138093,0,0,0,0,1,0,0,0,0,0,0,0,0,0,0,0,0,0
63.141316,0,0,0,0,0,0,1,0,0,1,0,1,0,1,0,0,1,0
63.146835,0,0,0,0,0,0,0,1,0,0,0,0,0,0,0,0,0,1
63.149287,0,0,0,0,0,1,0,0,0,0,0,0,0,1,1,0,0,0
63.164471,0,1,1,0,0,0,0,0,0,1,1,0,1,0,0,1,0,0
63.179985,1,0,0,1,0,0,1,0,0,1,1,0,1,1,1,0,1,0
63.181897,0,0,0,0,1,0,0,0,0,0,0,0,0,0,0,0,0,0
63.199195,0,0,0,0,0,1,0,0,0,0,0,0,0,1,1,0,0,0
63.199231,0,0,0,0,0,0,0,1,0,0,0,0,0,0,0,0,0,1
63.200276,0,1,1,0,0,0,0,0,0,1,1,0,1,0,0,1,0,0
63.212853,1,0,0,0,0,0,0,0,1,0,0,0,1,0,0,0,0,0
63.219213,0,0,0,0,0,0,1,0,0,1,0,1,0,1,0,0,1,0
63.232541,0,0,0,0,1,0,0,0,0,0,0,0,0,0,0,0,0,0
63.240488,0,0,1,0,0,0,0,0,1,0,0,0,1,0,0,0,0,0
63.250559,0,0,0,0,0,1,0,0,0,1,0,1,0,1,0,1,0,0
63.253950,0,0,0,0,0,0,0,1,0,0,0,0,0,0,0,0,0,1
63.269581,1,0,0,0,0,0,0,0,1,0,0,0,1,0,0,0,0,0
63.291369,0,0,0,0,1,0,0,0,0,0,0,0,0,0,0,0,0,0
63.299989,0,0,0,0,0,0,1,1,0,1,0,1,0,1,0,0,1,1
63.301945,0,0,0,0,0,1,0,0,0,0,0,0,0,1,1,0,0,0
63.328838,0,1,1,0,0,0,0,0,0,1,1,0,1,0,0,1,0,0
63.336391,0,0,0,0,1,0,0,0,0,0,0,0,0,0,0,0,0,0
63.340079,1,0,0,1,0,0,1,0,0,1,1,0,1,1,1,0,1,0
63.347991,0,0,0,0,0,0,0,1,0,0,0,0,0,0,0,0,0,1
63.349099,0,0,0,0,0,1,0,0,0,0,0,0,0,1,1,0,0,0
63.364107,0,1,1,0,0,0,0,0,0,1,1,0,1,0,0,1,0,0
63.381670,1,0,0,0,0,0,0,0,1,0,0,0,1,0,0,0,0,0
63.382321,0,0,0,0,1,0,1,0,0,1,0,1,0,1,0,0,1,0
63.401332,0,0,0,0,0,1,0,0,0,0,0,0,0,1,1,0,0,0
63.401420,0,0,0,0,0,0,0,1,0,0,0,0,0,0,0,0,0,1
63.405653,0,1,1,0,0,0,0,0,0,1,1,0,1,0,0,1,0,0
63.418066,1,0,0,0,0,0,0,0,1,0,0,0,1,0,0,0,0,0
63.422544,0,0,0,0,0,0,1,0,0,1,0,1,0,1,0,0,1,0
63.438370,0,0,0,0,1,0,0,0,0,0,0,0,0,0,0,0,0,0
63.444400,0,0,1,0,0,0,0,0,1,0,0,0,1,0,0,0,0,0
63.448307,0,0,0,0,0,0,0,1,0,0,0,0,0,0,0,0,0,1
63.450309,0,0,0,0,0,1,0,0,0,1,0,1,0,1,0,1,0,0
63.463935,1,0,0,1,0,0,1,0,0,1,1,0,1,1,1,0,1,0
63.482105,0,0,0,0,1,0,0,0,0,0,0,0,0,0,0,0,0,0
63.492258,0,0,1,0,0,0,0,0,1,0,0,0,1,0,0,0,0,0
63.496608,0,0,0,0,0,0,0,1,0,0,0,0,0,0,0,0,0,1
63.498950,0,0,0,0,0,1,0,0,0,1,0,1,0,1,0,1,0,0
63.511391,1,0,0,1,0,0,1,0,0,1,1,0,1,1,1,0,1,0
63.529931,0,0,0,0,1,0,0,0,0,0,0,0,0,0,0,0,0,0
63.531564,0,0,1,0,0,0,0,0,1,0,0,0,1,0,0,0,0,0
63.548151,0,0,0,0,0,1,0,0,0,1,0,1,0,1,0,1,0,0
63.552382,0,0,0,0,0,0,0,1,0,0,0,0,0,0,0,0,0,1
63.567083,1,0,0,1,0,0,1,0,0,1,1,0,1,1,1,0,1,0
63.585901,0,0,0,0,1,0,0,0,0,0,0,0,0,0,0,0,0,0
63.589392,0,0,1,0,0,0,0,0,1,0,0,0,1,0,0,0,0,0
63.598880,0,0,0,0,0,1,0,0,0,1,0,1,0,1,0,1,0,0
63.601782,0,0,0,0,0,0,0,1,0,0,0,0,0,0,0,0,0,1
63.614448,1,0,0,1,0,0,1,0,0,1,1,0,1,1,1,0,1,0
63.638724,0,0,1,0,0,0,0,0,1,0,0,0,1,0,0,0,0,0
63.638738,0,0,0,0,1,0,0,0,0,0,0,0,0,0,0,0,0,0
63.648717,0,0,0,0,0,0,0,1,0,0,0,0,0,0,0,0,0,1
63.648795,0,0,0,0,0,1,0,0,0,1,0,1,0,1,0,1,0,0
63.663021,1,0,0,1,0,0,1,0,0,1,1,0,1,1,1,0,1,0
63.680315,0,0,0,0,1,0,0,0,0,0,0,0,0,0,0,0,0,0
63.690629,0,0,1,0,0,0,0,0,1,0,0,0,1,0,0,0,0,0
63.699477,0,0,0,0,0,1,0,0,0,1,0,1,0,1,0,1,0,0
63.701330,0,0,0,0,0,0,0,1,0,0,0,0,0,0,0,0,0,1
63.713245,1,0,0,0,0,0,0,0,1,0,0,0,1,0,0,0,0,0
63.729421,0,0,0,0,0,0,1,0,0,1,0,1,0,1,0,0,1,0
63.737124,0,0,0,0,1,0,0,0,0,0,0,0,0,0,0,0,0,0
63.750769,0,0,0,0,0,1,0,0,0,0,0,0,0,1,1,0,0,0
63.752591,0,0,0,0,0,0,0,1,0,0,0,0,0,0,0,0,0,1
63.754244,0,1,1,0,0,0,0,0,0,1,1,0,1,0,0,1,0,0
63.767950,1,0,0,1,0,0,1,0,0,1,1,0,1,1,1,0,1,0
63.787792,0,0,0,0,1,0,0,0,0,0,0,0,0,0,0,0,0,0
63.790721,0,0,1,0,0,0,0,0,1,0,0,0,1,0,0,0,0,0
63.800253,0,0,0,0,0,1,0,0,0,1,0,1,0,1,0,1,0,0
63.802512,0,0,0,0,0,0,0,1,0,0,0,0,0,0,0,0,0,1
63.815518,1,0,0,0,0,0,0,0,1,0,0,0,1,0,0,0,0,0
63.839099,0,0,0,0,1,0,0,0,0,0,0,0,0,0,0,0,0,0
63.850600,0,0,0,0,0,1,1,0,0,1,0,1,0,1,0,1,0,0
63.852374,0,0,0,0,0,0,0,1,0,0,0,0,0,0,0,0,0,1
63.865848,1,0,0,1,0,0,1,0,0,1,1,0,1,1,1,0,1,0
63.888468,0,0,0,0,1,0,0,0,0,0,0,0,0,0,0,0,0,0
63.888704,0,0,1,1,0,0,0,0,0,1,1,0,1,0,0,0,1,0
63.900132,0,0,0,0,0,1,0,0,0,0,0,0,0,1,1,0,0,0
63.901870,0,0,0,0,0,0,0,1,0,0,0,0,0,0,0,0,0,1
63.909809,0,1,1,0,0,0,0,0,0,1,1,0,1,0,0,1,0,0
63.922840,1,0,0,1,0,0,1,0,0,1,1,0,1,1,1,0,1,0
63.941078,0,0,0,0,1,0,0,0,0,0,0,0,0,0,0,0,0,0
63.948120,0,0,1,0,0,0,0,0,1,0,0,0,1,0,0,0,0,0
63.949778,0,0,0,0,0,0,0,1,0,0,0,0,0,0,0,0,0,1
63.950214,0,0,0,0,0,1,0,0,0,1,0,1,0,1,0,1,0,0
63.961341,1,0,0,1,0,0,1,0,0,1,1,0,1,1,1,0,1,0
63.981998,0,0,1,0,0,0,0,0,1,0,0,0,1,0,0,0,0,0
63.984794,0,0,0,0,1,0,0,0,0,0,0,0,0,0,0,0,0,0
63.999647,0,0,0,0,0,1,0,0,0,1,0,1,0,1,0,1,0,0
63.999809,0,0,0,0,0,0,0,1,0,0,0,0,0,0,0,0,0,1
64.013055,1,0,0,0,0,0,0,0,1,0,0,0,1,0,0,0,0,0
64.039428,0,0,0,0,1,0,0,0,0,0,0,0,0,0,0,0,0,0
64.047715,0,0,0,0,0,0,1,1,0,1,0,1,0,1,0,0,1,1
64.048886,0,0,0,0,0,1,0,0,0,0,0,0,0,1,1,0,0,0
64.072542,0,1,1,0,0,0,0,0,0,1,1,0,1,0,0,1,0,0
64.078456,0,0,0,0,1,0,0,0,0,0,0,0,0,0,0,0,0,0
64.089917,1,0,0,1,0,0,1,0,0,1,1,0,1,1,1,0,1,0
64.098639,0,0,0,0,0,0,0,1,0,0,0,0,0,0,0,0,0,1
64.100716,0,0,0,0,0,1,0,0,0,0,0,0,0,1,1,0,0,0
64.116475,0,1,1,0,0,0,0,0,0,1,1,0,1,0,0,1,0,0
64.131708,1,0,0,0,0,0,0,0,1,0,0,0,1,0,0,0,0,0
64.137395,0,0,0,0,1,0,1,0,0,1,0,1,0,1,0,0,1,0
64.148082,0,0,0,0,0,0,0,1,0,0,0,0,0,0,0,0,0,1
64.149284,0,0,0,0,0,1,0,0,0,0,0,0,0,1,1,0,0,0
64.161214,0,1,1,0,0,0,0,0,0,1,1,0,1,0,0,1,0,0
64.174395,1,0,0,1,0,0,1,0,0,1,1,0,1,1,1,0,1,0
64.179640,0,0,0,0,1,0,0,0,0,0,0,0,0,0,0,0,0,0
64.200809,0,0,0,0,0,1,0,0,0,0,0,0,0,1,1,0,0,0
64.202323,0,1,1,0,0,0,0,0,0,1,1,0,1,0,0,1,0,0
64.202398,0,0,0,0,0,0,0,1,0,0,0,0,0,0,0,0,0,1
64.217013,1,0,0,0,0,0,0,0,1,0,0,0,1,0,0,0,0,0
64.236092,0,0,0,0,1,0,1,0,0,1,0,1,0,1,0,0,1,0
64.250162,0,0,0,0,0,1,0,0,0,0,0,0,0,1,1,0,0,0
64.250682,0,0,0,0,0,0,0,1,0,0,0,0,0,0,0,0,0,1
64.257174,0,1,1,0,0,0,0,0,0,1,1,0,1,0,0,1,0,0
64.270655,1,0,0,1,0,0,1,0,0,1,1,0,1,1,1,0,1,0
64.285300,0,0,0,0,1,0,0,0,0,0,0,0,0,0,0,0,0,0
64.293287,0,0,1,0,0,0,0,0,1,0,0,0,1,0,0,0,0,0
64.298718,0,0,0,0,0,1,0,0,0,1,0,1,0,1,0,1,0,0
64.300820,0,0,0,0,0,0,0,1,0,0,0,0,0,0,0,0,0,1
64.316269,1,0,0,0,0,0,0,0,1,0,0,0,1,0,0,0,0,0
64.334581,0,0,0,0,1,0,1,0,0,1,0,1,0,1,0,0,1,0
64.348467,0,0,0,0,0,0,0,1,0,0,0,0,0,0,0,0,0,1
64.350697,0,0,0,0,0,1,0,0,0,0,0,0,0,1,1,0,0,0
64.363818,0,1,1,0,0,0,0,0,0,1,1,0,1,0,0,1,0,0
64.376199,1,0,0,1,0,0,1,0,0,1,1,0,1,1,1,0,1,0
64.383253,0,0,0,0,1,0,0,0,0,0,0,0,0,0,0,0,0,0
64.399878,0,0,0,0,0,0,0,1,0,0,0,0,0,0,0,0,0,1
64.400223,0,0,0,0,0,1,0,0,0,0,0,0,0,1,1,0,0,0
64.404432,0,1,1,0,0,0,0,0,0,1,1,0,1,0,0,1,0,0
64.416731,1,0,0,0,0,0,0,0,1,0,0,0,1,0,0,0,0,0
64.436708,0,0,0,0,1,0,1,0,0,1,0,1,0,1,0,0,1,0
64.448484,0,0,0,0,0,0,0,1,0,0,0,0,0,0,0,0,0,1
64.450823,0,0,0,0,0,1,0,0,0,0,0,0,0,1,1,0,0,0
64.462222,0,1,1,0,0,0,0,0,0,1,1,0,1,0,0,1,0,0
64.474694,1,0,0,1,0,0,1,0,0,1,1,0,1,1,1,0,1,0
64.483794,0,0,0,0,1,0,0,0,0,0,0,0,0,0,0,0,0,0
64.498870,0,0,0,0,0,1,0,0,0,0,0,0,0,1,1,0,0,0
64.498914,0,0,0,0,0,0,0,1,0,0,0,0,0,0,0,0,0,1
64.499506,0,1,1,0,0,0,0,0,0,1,1,0,1,0,0,1,0,0
64.510287,1,0,0,1,0,0,1,0,0,1,1,0,1,1,1,0,1,0
64.531417,0,0,0,0,1,0,0,0,0,0,0,0,0,0,0,0,0,0
64.533154,0,0,1,0,0,0,0,0,1,0,0,0,1,0,0,0,0,0
64.548944,0,0,0,0,0,0,0,1,0,0,0,0,0,0,0,0,0,1
64.550250,0,0,0,0,0,1,0,0,0,1,0,1,0,1,0,1,0,0
64.569886,1,0,0,1,0,0,1,0,0,1,1,0,1,1,1,0,1,0
64.581665,0,0,0,0,1,0,0,0,0,0,0,0,0,0,0,0,0,0
64.597969,0,0,1,0,0,0,0,0,1,0,0,0,1,0,0,0,0,0
64.598203,0,0,0,0,0,0,0,1,0,0,0,0,0,0,0,0,0,1
64.598647,0,0,0,0,0,1,0,0,0,1,0,1,0,1,0,1,0,0
64.612425,1,0,0,0,0,0,0,0,1,0,0,0,1,0,0,0,0,0
64.636032,0,0,0,0,1,0,0,0,0,0,0,0,0,0,0,0,0,0
64.649532,0,0,0,0,0,1,1,0,0,1,0,1,0,1,0,1,0,0
64.650503,0,0,0,0,0,0,0,1,0,0,0,0,0,0,0,0,0,1
64.667410,1,0,0,1,0,0,0,0,0,1,1,0,1,0,0,0,1,0
64.686625,0,0,0,0,1,0,1,0,0,0,0,0,0,1,1,0,0,0
64.688682,0,0,1,1,0,0,0,0,0,1,1,0,1,0,0,0,1,0
64.697062,0,0,0,0,0,0,0,1,0,0,0,0,0,0,0,0,0,1
64.698725,0,0,0,0,0,1,0,0,0,0,0,0,0,1,1,0,0,0
64.715138,0,1,1,0,0,0,0,0,0,1,1,0,1,0,0,1,0,0
64.726131,1,0,0,0,0,0,0,0,1,0,0,0,1,0,0,0,0,0
64.734725,0,0,0,0,1,0,0,0,0,0,0,0,0,0,0,0,0,0
64.737664,0,0,0,0,0,0,1,0,0,1,0,1,0,1,0,0,1,0
64.748781,0,0,0,0,0,0,0,1,0,0,0,0,0,0,0,0,0,1
64.750653,0,0,0,0,0,1,0,0,0,0,0,0,0,1,1,0,0,0
64.762427,0,1,1,0,0,0,0,0,0,1,1,0,1,0,0,1,0,0
64.776426,1,0,0,0,0,0,0,0,1,0,0,0,1,0,0,0,0,0
64.781349,0,0,0,0,1,0,1,0,0,1,0,1,0,1,0,0,1,0
64.799960,0,0,0,0,0,1,0,0,0,0,0,0,0,1,1,0,0,0
64.800447,0,0,0,0,0,0,0,1,0,0,0,0,0,0,0,0,0,1
64.802352,0,1,1,0,0,0,0,0,0,1,1,0,1,0,0,1,0,0
64.816236,1,0,0,1,0,0,1,0,0,1,1,0,1,1,1,0,1,0
64.839310,0,0,1,0,0,0,0,0,1,0,0,0,1,0,0,0,0,0
64.840070,0,0,0,0,1,0,0,0,0,0,0,0,0,0,0,0,0,0
64.848440,0,0,0,0,0,1,0,0,0,1,0,1,0,1,0,1,0,0
64.849819,0,0,0,0,0,0,0,1,0,0,0,0,0,0,0,0,0,1
64.865007,1,0,0,1,0,0,1,0,0,1,1,0,1,1,1,0,1,0
64.886249,0,0,0,0,1,0,0,0,0,0,0,0,0,0,0,0,0,0
64.892506,0,0,1,0,0,0,0,0,1,0,0,0,1,0,0,0,0,0
64.900234,0,0,0,0,0,1,0,0,0,1,0,1,0,1,0,1,0,0
64.900736,0,0,0,0,0,0,0,1,0,0,0,0,0,0,0,0,0,1
64.910254,1,0,0,0,0,0,0,0,1,0,0,0,1,0,0,0,0,0
64.924505,0,0,0,0,0,0,1,0,0,1,0,1,0,1,0,0,1,0
64.940523,0,0,0,0,1,0,0,0,0,0,0,0,0,0,0,0,0,0
64.950445,0,0,0,0,0,1,0,0,0,0,0,0,0,1,1,0,0,0
64.951098,0,0,0,0,0,0,0,1,0,0,0,0,0,0,0,0,0,1
64.951491,0,1,1,0,0,0,0,0,0,1,1,0,1,0,0,1,0,0
64.968186,1,0,0,1,0,0,1,0,0,1,1,0,1,1,1,0,1,0
64.987612,0,0,0,0,1,0,0,0,0,0,0,0,0,0,0,0,0,0
64.996879,0,0,1,0,0,0,0,0,1,0,0,0,1,0,0,0,0,0
64.998833,0,0,0,0,0,1,0,0,0,1,0,1,0,1,0,1,0,0
65.003709,0,0,0,0,0,0,0,1,0,0,0,0,0,0,0,0,0,1
65.018265,1,0,0,1,0,0,1,0,0,1,1,0,1,1,1,0,1,0
65.039086,0,0,1,0,0,0,0,0,1,0,0,0,1,0,0,0,0,0
65.041654,0,0,0,0,1,0,0,0,0,0,0,0,0,0,0,0,0,0
65.049925,0,0,0,0,0,1,0,0,0,1,0,1,0,1,0,1,0,0
65.052196,0,0,0,0,0,0,0,1,0,0,0,0,0,0,0,0,0,1
65.064498,1,0,0,0,0,0,0,0,1,0,0,0,1,0,0,0,0,0
65.091532,0,0,0,0,1,0,0,0,0,0,0,0,0,0,0,0,0,0
65.097552,0,0,0,0,0,0,1,1,0,1,0,1,0,1,0,0,1,1
65.099579,0,0,0,0,0,1,0,0,0,0,0,0,0,1,1,0,0,0
65.124514,0,1,1,0,0,0,0,0,0,1,1,0,1,0,0,1,0,0
65.135160,1,0,0,0,0,0,0,0,1,0,0,0,1,0,0,0,0,0
65.135984,0,0,0,0,1,0,1,0,0,1,0,1,0,1,0,0,1,0
65.149516,0,0,0,0,0,0,0,1,0,0,0,0,0,0,0,0,0,1
65.151021,0,0,0,0,0,1,0,0,0,0,0,0,0,1,1,0,0,0
65.159206,0,1,1,0,0,0,0,0,0,1,1,0,1,0,0,1,0,0
65.178875,1,0,0,0,0,0,0,0,1,0,0,0,1,0,0,0,0,0
65.185030,0,0,0,0,1,0,1,0,0,1,0,1,0,1,0,0,1,0
65.197331,0,0,0,0,0,0,0,1,0,0,0,0,0,0,0,0,0,1
65.200268,0,0,0,0,0,1,0,0,0,0,0,0,0,1,1,0,0,0
65.210853,0,1,1,0,0,0,0,0,0,1,1,0,1,0,0,1,0,0
65.226262,1,0,0,0,0,0,0,0,1,0,0,0,1,0,0,0,0,0
65.229785,0,0,0,0,1,0,1,0,0,1,0,1,0,1,0,0,1,0
65.249338,0,0,0,0,0,1,0,0,0,0,0,0,0,1,1,0,0,0
65.249857,0,0,0,0,0,0,0,1,0,0,0,0,0,0,0,0,0,1
65.258523,0,1,1,0,0,0,0,0,0,1,1,0,1,0,0,1,0,0
65.274560,1,0,0,1,0,0,1,0,0,1,1,0,1,1,1,0,1,0
65.289346,0,0,0,0,1,0,0,0,0,0,0,0,0,0,0,0,0,0
65.301295,0,0,0,0,0,1,0,0,0,0,0,0,0,1,1,0,0,0
65.301451,0,0,0,0,0,0,0,1,0,0,0,0,0,0,0,0,0,1
65.302475,0,1,1,0,0,0,0,0,0,1,1,0,1,0,0,1,0,0
65.321468,1,0,0,1,0,0,1,0,0,1,1,0,1,1,1,0,1,0
65.337031,0,0,0,0,1,0,0,0,0,0,0,0,0,0,0,0,0,0
65.346536,0,0,1,0,0,0,0,0,1,0,0,0,1,0,0,0,0,0
65.347256,0,0,0,0,0,0,0,1,0,0,0,0,0,0,0,0,0,1
65.348823,0,0,0,0,0,1,0,0,0,1,0,1,0,1,0,1,0,0
65.360161,1,0,0,0,0,0,0,0,1,0,0,0,1,0,0,0,0,0
65.383282,0,0,0,0,1,0,1,0,0,1,0,1,0,1,0,0,1,0
65.396293,0,0,0,0,0,0,0,1,0,0,0,0,0,0,0,0,0,1
65.399165,0,0,0,0,0,1,0,0,0,0,0,0,0,1,1,0,0,0
65.403504,0,1,1,0,0,0,0,0,0,1,1,0,1,0,0,1,0,0
65.421013,1,0,0,1,0,0,1,0,0,1,1,0,1,1,1,0,1,0
65.433997,0,0,0,0,1,0,0,0,0,0,0,0,0,0,0,0,0,0
65.442683,0,0,1,0,0,0,0,0,1,0,0,0,1,0,0,0,0,0
65.447210,0,0,0,0,0,0,0,1,0,0,0,0,0,0,0,0,0,1
65.451600,0,0,0,0,0,1,0,0,0,1,0,1,0,1,0,1,0,0
65.462088,1,0,0,0,0,0,0,0,1,0,0,0,1,0,0,0,0,0
65.483862,0,0,0,0,1,0,1,0,0,1,0,1,0,1,0,0,1,0
65.501238,0,0,0,0,0,1,0,0,0,0,0,0,0,1,1,0,0,0
65.501561,0,0,0,0,0,0,0,1,0,0,0,0,0,0,0,0,0,1
65.507734,0,1,1,0,0,0,0,0,0,1,1,0,1,0,0,1,0,0
65.522590,1,0,0,1,0,0,1,0,0,1,1,0,1,1,1,0,1,0
65.538720,0,0,0,0,1,0,0,0,0,0,0,0,0,0,0,0,0,0
65.549769,0,0,0,0,0,1,0,0,0,0,0,0,0,1,1,0,0,0
65.550739,0,0,0,0,0,0,0,1,0,0,0,0,0,0,0,0,0,1
65.551708,0,1,1,0,0,0,0,0,0,1,1,0,1,0,0,1,0,0
65.566531,1,0,0,0,0,0,0,0,1,0,0,0,1,0,0,0,0,0
65.583051,0,0,0,0,1,0,1,0,0,1,0,1,0,1,0,0,1,0
65.597690,0,0,0,0,0,0,0,1,0,0,0,0,0,0,0,0,0,1
65.601601,0,0,0,0,0,1,0,0,0,0,0,0,0,1,1,0,0,0
65.611724,0,1,1,0,0,0,0,0,0,1,1,0,1,0,0,1,0,0
65.625337,1,0,0,0,0,0,0,0,1,0,0,0,1,0,0,0,0,0
65.632325,0,0,0,0,1,0,0,0,0,0,0,0,0,0,0,0,0,0
65.648742,0,0,0,0,0,1,1,0,0,1,0,1,0,1,0,0,1,0
65.650347,0,0,0,0,0,0,0,1,0,0,0,0,0,0,0,0,0,1
65.672356,0,1,1,0,0,0,0,0,0,1,1,0,1,0,0,1,0,0
65.683428,1,0,0,0,0,0,0,0,1,0,0,0,1,0,0,0,0,0
65.687094,0,0,0,0,0,0,1,0,0,1,0,1,0,1,0,0,1,0
65.689201,0,0,0,0,1,0,0,0,0,0,0,0,0,0,0,0,0,0
65.701214,0,0,0,0,0,0,0,1,0,0,0,0,0,0,0,0,0,1
65.701221,0,0,0,0,0,1,0,0,0,0,0,0,0,1,1,0,0,0
65.710970,0,1,1,0,0,0,0,0,0,1,1,0,1,0,0,1,0,0
65.727997,1,0,0,0,0,0,0,0,1,0,0,0,1,0,0,0,0,0
65.739400,0,0,0,0,1,0,1,0,0,1,0,1,0,1,0,0,1,0
65.746799,0,0,0,0,0,0,0,1,0,0,0,0,0,0,0,0,0,1
65.750596,0,0,0,0,0,1,0,0,0,0,0,0,0,1,1,0,0,0
65.765987,0,1,1,0,0,0,0,0,0,1,1,0,1,0,0,1,0,0
65.776210,1,0,0,1,0,0,1,0,0,1,1,0,1,1,1,0,1,0
65.780686,0,0,0,0,1,0,0,0,0,0,0,0,0,0,0,0,0,0
65.798344,0,0,1,0,0,0,0,0,1,0,0,0,1,0,0,0,0,0
65.799008,0,0,0,0,0,1,0,0,0,1,0,1,0,1,0,1,0,0
65.801673,0,0,0,0,0,0,0,1,0,0,0,0,0,0,0,0,0,1
65.818633,1,0,0,1,0,0,1,0,0,1,1,0,1,1,1,0,1,0
65.839111,0,0,0,0,1,0,0,0,0,0,0,0,0,0,0,0,0,0
65.841588,0,0,1,0,0,0,0,0,1,0,0,0,1,0,0,0,0,0
65.850431,0,0,0,0,0,1,0,0,0,1,0,1,0,1,0,1,0,0
65.853606,0,0,0,0,0,0,0,1,0,0,0,0,0,0,0,0,0,1
65.870354,1,0,0,0,0,0,0,0,1,0,0,0,1,0,0,0,0,0
65.886058,0,0,0,0,1,0,0,0,0,0,0,0,0,0,0,0,0,0
65.895725,0,0,0,0,0,0,1,0,0,1,0,1,0,1,0,0,1,0
65.897668,0,0,0,0,0,0,0,1,0,0,0,0,0,0,0,0,0,1
65.900382,0,0,0,0,0,1,0,0,0,0,0,0,0,1,1,0,0,0
65.916351,0,1,1,0,0,0,0,0,0,1,1,0,1,0,0,1,0,0
65.929811,0,0,0,0,1,0,0,0,0,0,0,0,0,0,0,0,0,0
65.930786,1,0,0,1,0,0,1,0,0,1,1,0,1,1,1,0,1,0
65.951778,0,0,0,0,0,1,0,0,0,0,0,0,0,1,1,0,0,0
65.951878,0,0,0,0,0,0,0,1,0,0,0,0,0,0,0,0,0,1
65.955436,0,1,1,0,0,0,0,0,0,1,1,0,1,0,0,1,0,0
65.975234,1,0,0,0,0,0,0,0,1,0,0,0,1,0,0,0,0,0
65.990020,0,0,0,0,1,0,1,0,0,1,0,1,0,1,0,0,1,0
65.996188,0,0,0,0,0,0,0,1,0,0,0,0,0,0,0,0,0,1
65.998746,0,0,0,0,0,1,0,0,0,0,0,0,0,1,1,0,0,0
66.015976,0,1,1,0,0,0,0,0,0,1,1,0,1,0,0,1,0,0
66.029082,1,0,0,0,0,0,0,0,1,0,0,0,1,0,0,0,0,0
66.029446,0,0,0,0,1,0,1,0,0,1,0,1,0,1,0,0,1,0
66.049673,0,0,0,0,0,0,0,1,0,0,0,0,0,0,0,0,0,1
66.050233,0,0,0,0,0,1,0,0,0,0,0,0,0,1,1,0,0,0
66.054893,0,1,1,0,0,0,0,0,0,1,1,0,1,0,0,1,0,0
66.074533,1,0,0,0,0,0,0,0,1,0,0,0,1,0,0,0,0,0
66.081542,0,0,0,0,0,0,1,0,0,1,0,1,0,1,0,0,1,0
66.086155,0,0,0,0,1,0,0,0,0,0,0,0,0,0,0,0,0,0
66.099122,0,0,0,0,0,1,0,0,0,0,0,0,0,1,1,0,0,0
66.103139,0,0,0,0,0,0,0,1,0,0,0,0,0,0,0,0,0,1
66.105146,0,1,1,0,0,0,0,0,0,1,1,0,1,0,0,1,0,0
66.118010,1,0,0,1,0,0,1,0,0,1,1,0,1,1,1,0,1,0
66.140505,0,0,1,0,0,0,0,0,1,0,0,0,1,0,0,0,0,0
66.142960,0,0,0,0,1,0,0,0,0,0,0,0,0,0,0,0,0,0
66.151113,0,0,0,0,0,1,0,0,0,1,0,1,0,1,0,1,0,0
66.153254,0,0,0,0,0,0,0,1,0,0,0,0,0,0,0,0,0,1
66.165434,1,0,0,0,0,0,0,0,1,0,0,0,1,0,0,0,0,0
66.175594,0,0,0,0,0,0,1,0,0,1,0,1,0,1,0,0,1,0
66.187590,0,0,0,0,1,0,0,0,0,0,0,0,0,0,0,0,0,0
66.199677,0,0,0,0,0,1,0,0,0,0,0,0,0,1,1,0,0,0
66.200651,0,1,1,0,0,0,0,0,0,1,1,0,1,0,0,1,0,0
66.203555,0,0,0,0,0,0,0,1,0,0,0,0,0,0,0,0,0,1
66.217355,1,0,0,1,0,0,1,0,0,1,1,0,1,1,1,0,1,0
66.242920,0,0,0,0,1,0,0,0,0,0,0,0,0,0,0,0,0,0
66.243653,0,0,1,0,0,0,0,0,1,0,0,0,1,0,0,0,0,0
66.250688,0,0,0,0,0,1,0,0,0,1,0,1,0,1,0,1,0,0
66.253593,0,0,0,0,0,0,0,1,0,0,0,0,0,0,0,0,0,1
66.265000,1,0,0,1,0,0,1,0,0,1,1,0,1,1,1,0,1,0
66.290516,0,0,0,0,1,0,0,0,0,0,0,0,0,0,0,0,0,0
66.291057,0,0,1,0,0,0,0,0,1,0,0,0,1,0,0,0,0,0
66.299768,0,0,0,0,0,1,0,0,0,1,0,1,0,1,0,1,0,0
66.301263,0,0,0,0,0,0,0,1,0,0,0,0,0,0,0,0,0,1
66.315368,1,0,0,0,0,0,0,0,1,0,0,0,1,0,0,0,0,0
66.333146,0,0,0,0,0,0,1,0,0,1,0,1,0,1,0,0,1,0
66.338411,0,0,0,0,1,0,0,0,0,0,0,0,0,0,0,0,0,0
66.349369,0,0,0,0,0,1,0,0,0,0,0,0,0,1,1,0,0,0
66.353277,0,0,0,0,0,0,0,1,0,0,0,0,0,0,0,0,0,1
66.361996,0,1,1,0,0,0,0,0,0,1,1,0,1,0,0,1,0,0
66.379382,1,0,0,1,0,0,1,0,0,1,1,0,1,1,1,0,1,0
66.384535,0,0,0,0,1,0,0,0,0,0,0,0,0,0,0,0,0,0
66.398520,0,0,0,0,0,0,0,1,0,0,0,0,0,0,0,0,0,1
66.399409,0,0,0,0,0,1,0,0,0,0,0,0,0,1,1,0,0,0
66.402165,0,1,1,0,0,0,0,0,0,1,1,0,1,0,0,1,0,0
66.414122,1,0,0,1,0,0,1,0,0,1,1,0,1,1,1,0,1,0
66.434207,0,0,0,0,1,0,0,0,0,0,0,0,0,0,0,0,0,0
66.442464,0,0,1,0,0,0,0,0,1,0,0,0,1,0,0,0,0,0
66.450378,0,0,0,0,0,1,0,0,0,1,0,1,0,1,0,1,0,0
66.451773,0,0,0,0,0,0,0,1,0,0,0,0,0,0,0,0,0,1
66.469601,1,0,0,1,0,0,1,0,0,1,1,0,1,1,1,0,1,0
66.488707,0,0,0,0,1,0,0,0,0,0,0,0,0,0,0,0,0,0
66.490595,0,0,1,0,0,0,0,0,1,0,0,0,1,0,0,0,0,0
66.499968,0,0,0,0,0,1,0,0,0,1,0,1,0,1,0,1,0,0
66.501186,0,0,0,0,0,0,0,1,0,0,0,0,0,0,0,0,0,1
66.510795,1,0,0,0,0,0,0,0,1,0,0,0,1,0,0,0,0,0
66.516917,0,0,0,0,0,0,1,0,0,1,0,1,0,1,0,0,1,0
66.535283,0,0,0,0,1,0,0,0,0,0,0,0,0,0,0,0,0,0
66.539177,0,0,1,0,0,0,0,0,1,0,0,0,1,0,0,0,0,0
66.548592,0,0,0,0,0,1,0,0,0,1,0,1,0,1,0,1,0,0
66.553886,0,0,0,0,0,0,0,1,0,0,0,0,0,0,0,0,0,1
66.566031,1,0,0,1,0,0,1,0,0,1,1,0,1,1,1,0,1,0
66.590651,0,0,0,0,1,0,0,0,0,0,0,0,0,0,0,0,0,0
66.591174,0,0,1,0,0,0,0,0,1,0,0,0,1,0,0,0,0,0
66.601431,0,0,0,0,0,1,0,0,0,1,0,1,0,1,0,1,0,0
66.603370,0,0,0,0,0,0,0,1,0,0,0,0,0,0,0,0,0,1
66.621308,1,0,0,0,0,0,0,0,1,0,0,0,1,0,0,0,0,0
66.642123,0,0,0,0,1,0,1,0,0,1,0,1,0,1,0,0,1,0
66.651042,0,0,0,0,0,1,0,0,0,0,0,0,0,1,1,0,0,0
66.652797,0,0,0,0,0,0,0,1,0,0,0,0,0,0,0,0,0,1
66.667350,0,1,1,0,0,0,0,0,0,1,1,0,1,0,0,1,0,0
66.682869,1,0,0,0,0,0,0,0,1,0,0,0,1,0,0,0,0,0
66.683652,0,0,0,0,0,0,1,0,0,1,0,1,0,1,0,0,1,0
66.684626,0,0,0,0,1,0,0,0,0,0,0,0,0,0,0,0,0,0
66.697307,0,0,0,0,0,0,0,1,0,0,0,0,0,0,0,0,0,1
66.699330,0,0,0,0,0,1,0,0,0,0,0,0,0,1,1,0,0,0
66.705418,0,1,1,0,0,0,0,0,0,1,1,0,1,0,0,1,0,0
66.720280,1,0,0,0,0,0,0,0,1,0,0,0,1,0,0,0,0,0
66.729069,0,0,0,0,1,0,1,0,0,1,0,1,0,1,0,0,1,0
66.749604,0,0,0,0,0,0,0,1,0,0,0,0,0,0,0,0,0,1
66.750209,0,0,0,0,0,1,0,0,0,0,0,0,0,1,1,0,0,0
66.751758,0,1,1,0,0,0,0,0,0,1,1,0,1,0,0,1,0,0
66.766901,1,0,0,0,0,0,0,0,1,0,0,0,1,0,0,0,0,0
66.782806,0,0,0,0,0,0,1,0,0,1,0,1,0,1,0,0,1,0
66.785952,0,0,0,0,1,0,0,0,0,0,0,0,0,0,0,0,0,0
66.800826,0,0,0,0,0,0,0,1,0,0,0,0,0,0,0,0,0,1
66.800928,0,0,0,0,0,1,0,0,0,0,0,0,0,1,1,0,0,0
66.806682,0,1,1,0,0,0,0,0,0,1,1,0,1,0,0,1,0,0
66.821129,1,0,0,1,0,0,1,0,0,1,1,0,1,1,1,0,1,0
66.836479,0,0,0,0,1,0,0,0,0,0,0,0,0,0,0,0,0,0
66.848143,0,0,0,0,0,1,0,0,0,0,0,0,0,1,1,0,0,0
66.849487,0,1,1,0,0,0,0,0,0,1,1,0,1,0,0,1,0,0
66.853225,0,0,0,0,0,0,0,1,0,0,0,0,0,0,0,0,0,1
66.863678,1,0,0,1,0,0,1,0,0,1,1,0,1,1,1,0,1,0
66.883802,0,0,0,0,1,0,0,0,0,0,0,0,0,0,0,0,0,0
66.885382,0,0,1,0,0,0,0,0,1,0,0,0,1,0,0,0,0,0
66.896573,0,0,0,0,0,0,0,1,0,0,0,0,0,0,0,0,0,1
66.900116,0,0,0,0,0,1,0,0,0,1,0,1,0,1,0,1,0,0
66.910518,1,0,0,1,0,0,1,0,0,1,1,0,1,1,1,0,1,0
66.933348,0,0,1,0,0,0,0,0,1,0,0,0,1,0,0,0,0,0
66.933969,0,0,0,0,1,0,0,0,0,0,0,0,0,0,0,0,0,0
66.950509,0,0,0,0,0,0,0,1,0,0,0,0,0,0,0,0,0,1
66.950580,0,0,0,0,0,1,0,0,0,1,0,1,0,1,0,1,0,0
66.963381,1,0,0,0,0,0,0,0,1,0,0,0,1,0,0,0,0,0
66.985524,0,0,0,0,1,0,0,0,0,0,0,0,0,0,0,0,0,0
66.992165,0,0,0,0,0,0,1,0,0,1,0,1,0,1,0,0,1,0
66.996202,0,0,0,0,0,0,0,1,0,0,0,0,0,0,0,0,0,1
67.001602,0,0,0,0,0,1,0,0,0,0,0,0,0,1,1,0,0,0
67.015749,0,1,1,0,0,0,0,0,0,1,1,0,1,0,0,1,0,0
67.025913,1,0,0,0,0,0,0,0,1,0,0,0,1,0,0,0,0,0
67.034274,0,0,0,0,1,0,0,0,0,0,0,0,0,0,0,0,0,0
67.049680,0,0,0,0,0,0,0,1,0,0,0,0,0,0,0,0,0,1
67.051346,0,0,0,0,0,1,1,0,0,1,0,1,0,1,0,1,0,0
67.064283,1,0,0,1,0,0,0,0,0,1,1,0,1,0,0,0,1,0
67.075558,0,0,0,0,0,0,1,0,0,0,0,0,0,1,1,0,0,0
67.085338,0,0,0,0,1,0,0,0,0,0,0,0,0,0,0,0,0,0
67.090573,0,0,1,1,0,0,0,0,0,1,1,0,1,0,0,0,1,0
67.096536,0,0,0,0,0,0,0,1,0,0,0,0,0,0,0,0,0,1
67.101164,0,0,0,0,0,1,0,0,0,0,0,0,0,1,1,0,0,0
67.117356,0,1,1,0,0,0,0,0,0,1,1,0,1,0,0,1,0,0
67.129638,1,0,0,0,0,0,0,0,1,0,0,0,1,0,0,0,0,0
67.131127,0,0,0,0,0,0,1,0,0,1,0,1,0,1,0,0,1,0
67.134539,0,0,0,0,1,0,0,0,0,0,0,0,0,0,0,0,0,0
67.149257,0,0,0,0,0,0,0,1,0,0,0,0,0,0,0,0,0,1
67.150291,0,0,0,0,0,1,0,0,0,0,0,0,0,1,1,0,0,0
67.155520,0,1,1,0,0,0,0,0,0,1,1,0,1,0,0,1,0,0
67.170627,1,0,0,1,0,0,1,0,0,1,1,0,1,1,1,0,1,0
67.186575,0,0,0,0,1,0,0,0,0,0,0,0,0,0,0,0,0,0
67.193609,0,0,1,0,0,0,0,0,1,0,0,0,1,0,0,0,0,0
67.198448,0,0,0,0,0,0,0,1,0,0,0,0,0,0,0,0,0,1
67.200238,0,0,0,0,0,1,0,0,0,1,0,1,0,1,0,1,0,0
67.214406,1,0,0,0,0,0,0,0,1,0,0,0,1,0,0,0,0,0
67.219138,0,0,0,0,0,0,1,0,0,1,0,1,0,1,0,0,1,0
67.230543,0,0,0,0,1,0,0,0,0,0,0,0,0,0,0,0,0,0
67.242775,0,0,1,0,0,0,0,0,1,0,0,0,1,0,0,0,0,0
67.249767,0,0,0,0,0,0,0,1,0,0,0,0,0,0,0,0,0,1
67.250840,0,0,0,0,0,1,0,0,0,1,0,1,0,1,0,1,0,0
67.267897,1,0,0,0,0,0,0,0,1,0,0,0,1,0,0,0,0,0
67.276330,0,0,0,0,0,0,1,0,0,1,0,1,0,1,0,0,1,0
67.281260,0,0,0,0,1,0,0,0,0,0,0,0,0,0,0,0,0,0
67.297857,0,0,1,0,0,0,0,0,1,0,0,0,1,0,0,0,0,0
67.298370,0,0,0,0,0,0,0,1,0,0,0,0,0,0,0,0,0,1
67.300649,0,0,0,0,0,1,0,0,0,1,0,1,0,1,0,1,0,0
67.318630,1,0,0,0,0,0,0,0,1,0,0,0,1,0,0,0,0,0
67.321229,0,0,0,0,0,0,1,0,0,1,0,1,0,1,0,0,1,0
67.335002,0,0,0,0,1,0,0,0,0,0,0,0,0,0,0,0,0,0
67.348424,0,0,0,0,0,1,0,0,0,0,0,0,0,1,1,0,0,0
67.350064,0,0,0,0,0,0,0,1,0,0,0,0,0,0,0,0,0,1
67.350199,0,1,1,0,0,0,0,0,0,1,1,0,1,0,0,1,0,0
67.363978,1,0,0,0,0,0,0,0,1,0,0,0,1,0,0,0,0,0
67.380556,0,0,0,0,0,0,1,0,0,1,0,1,0,1,0,0,1,0
67.384080,0,0,0,0,1,0,0,0,0,0,0,0,0,0,0,0,0,0
67.397515,0,0,0,0,0,0,0,1,0,0,0,0,0,0,0,0,0,1
67.400554,0,0,0,0,0,1,0,0,0,0,0,0,0,1,1,0,0,0
67.403326,0,1,1,0,0,0,0,0,0,1,1,0,1,0,0,1,0,0
67.416755,1,0,0,0,0,0,0,0,1,0,0,0,1,0,0,0,0,0
67.435018,0,0,0,0,1,0,1,0,0,1,0,1,0,1,0,0,1,0
67.448919,0,0,0,0,0,0,0,1,0,0,0,0,0,0,0,0,0,1
67.449089,0,0,0,0,0,1,0,0,0,0,0,0,0,1,1,0,0,0
67.461966,0,1,1,0,0,0,0,0,0,1,1,0,1,0,0,1,0,0
67.474162,1,0,0,1,0,0,1,0,0,1,1,0,1,1,1,0,1,0
67.486178,0,0,0,0,1,0,0,0,0,0,0,0,0,0,0,0,0,0
67.496386,0,0,1,0,0,0,0,0,1,0,0,0,1,0,0,0,0,0
67.500886,0,0,0,0,0,1,0,0,0,1,0,1,0,1,0,1,0,0
67.500988,0,0,0,0,0,0,0,1,0,0,0,0,0,0,0,0,0,1
67.514675,1,0,0,1,0,0,1,0,0,1,1,0,1,1,1,0,1,0
67.531277,0,0,0,0,1,0,0,0,0,0,0,0,0,0,0,0,0,0
67.539052,0,0,1,0,0,0,0,0,1,0,0,0,1,0,0,0,0,0
67.551311,0,0,0,0,0,1,0,0,0,1,0,1,0,1,0,1,0,0
67.551979,0,0,0,0,0,0,0,1,0,0,0,0,0,0,0,0,0,1
67.571059,1,0,0,0,0,0,0,0,1,0,0,0,1,0,0,0,0,0
67.590927,0,0,0,0,1,0,0,0,0,0,0,0,0,0,0,0,0,0
67.594180,0,0,0,0,0,0,1,0,0,1,0,1,0,1,0,0,1,0
67.599406,0,0,0,0,0,1,0,0,0,0,0,0,0,1,1,0,0,0
67.599833,0,0,0,0,0,0,0,1,0,0,0,0,0,0,0,0,0,1
67.616265,0,1,1,0,0,0,0,0,0,1,1,0,1,0,0,1,0,0
67.630188,1,0,0,1,0,0,1,0,0,1,1,0,1,1,1,0,1,0
67.637258,0,0,0,0,1,0,0,0,0,0,0,0,0,0,0,0,0,0
67.647374,0,0,0,0,0,0,0,1,0,0,0,0,0,0,0,0,0,1
67.648219,0,0,0,0,0,1,0,0,0,0,0,0,0,1,1,0,0,0
67.650748,0,1,1,0,0,0,0,0,0,1,1,0,1,0,0,1,0,0
67.664593,1,0,0,0,0,0,0,0,1,0,0,0,1,0,0,0,0,0
67.666727,0,0,0,0,0,0,1,0,0,1,0,1,0,1,0,0,1,0
67.681176,0,0,0,0,1,0,0,0,0,0,0,0,0,0,0,0,0,0
67.690891,0,0,1,0,0,0,0,0,1,0,0,0,1,0,0,0,0,0
67.697269,0,0,0,0,0,0,0,1,0,0,0,0,0,0,0,0,0,1
67.699626,0,0,0,0,0,1,0,0,0,1,0,1,0,1,0,1,0,0
67.715021,1,0,0,1,0,0,1,0,0,1,1,0,1,1,1,0,1,0
67.736049,0,0,0,0,1,0,0,0,0,0,0,0,0,0,0,0,0,0
67.742411,0,0,1,0,0,0,0,0,1,0,0,0,1,0,0,0,0,0
67.747752,0,0,0,0,0,0,0,1,0,0,0,0,0,0,0,0,0,1
67.751500,0,0,0,0,0,1,0,0,0,1,0,1,0,1,0,1,0,0
67.769957,1,0,0,0,0,0,0,0,1,0,0,0,1,0,0,0,0,0
67.780685,0,0,0,0,1,0,1,0,0,1,0,1,0,1,0,0,1,0
67.797653,0,0,0,0,0,0,0,1,0,0,0,0,0,0,0,0,0,1
67.799808,0,0,0,0,0,1,0,0,0,0,0,0,0,1,1,0,0,0
67.803984,0,1,1,0,0,0,0,0,0,1,1,0,1,0,0,1,0,0
67.814157,1,0,0,1,0,0,1,0,0,1,1,0,1,1,1,0,1,0
67.833043,0,0,0,0,1,0,0,0,0,0,0,0,0,0,0,0,0,0
67.837997,0,0,1,0,0,0,0,0,1,0,0,0,1,0,0,0,0,0
67.850439,0,0,0,0,0,1,0,0,0,1,0,1,0,1,0,1,0,0
67.853938,0,0,0,0,0,0,0,1,0,0,0,0,0,0,0,0,0,1
67.863151,1,0,0,0,0,0,0,0,1,0,0,0,1,0,0,0,0,0
67.885523,0,0,0,0,1,0,0,0,0,0,0,0,0,0,0,0,0,0
67.891079,0,0,0,0,0,0,1,0,0,1,0,1,0,1,0,0,1,0
67.897331,0,0,0,0,0,0,0,1,0,0,0,0,0,0,0,0,0,1
67.898976,0,0,0,0,0,1,0,0,0,0,0,0,0,1,1,0,0,0
67.914408,0,1,1,0,0,0,0,0,0,1,1,0,1,0,0,1,0,0
67.933083,1,0,0,1,0,0,1,0,0,1,1,0,1,1,1,0,1,0
67.933101,0,0,0,0,1,0,0,0,0,0,0,0,0,0,0,0,0,0
67.947496,0,0,0,0,0,0,0,1,0,0,0,0,0,0,0,0,0,1
67.949382,0,0,0,0,0,1,0,0,0,0,0,0,0,1,1,0,0,0
67.956317,0,1,1,0,0,0,0,0,0,1,1,0,1,0,0,1,0,0
67.973430,1,0,0,0,0,0,0,0,1,0,0,0,1,0,0,0,0,0
67.984554,0,0,0,0,1,0,1,0,0,1,0,1,0,1,0,0,1,0
67.997784,0,0,0,0,0,0,0,1,0,0,0,0,0,0,0,0,0,1
68.000490,0,0,0,0,0,1,0,0,0,0,0,0,0,1,1,0,0,0
68.014070,0,1,1,0,0,0,0,0,0,1,1,0,1,0,0,1,0,0
68.028563,1,0,0,1,0,0,1,0,0,1,1,0,1,1,1,0,1,0
68.031668,0,0,0,0,1,0,0,0,0,0,0,0,0,0,0,0,0,0
68.048670,0,0,1,0,0,0,0,0,1,0,0,0,1,0,0,0,0,0
68.051461,0,0,0,0,0,1,0,0,0,1,0,1,0,1,0,1,0,0
68.051830,0,0,0,0,0,0,0,1,0,0,0,0,0,0,0,0,0,1
68.065346,1,0,0,0,0,0,0,0,1,0,0,0,1,0,0,0,0,0
68.088445,0,0,0,0,1,0,0,0,0,0,0,0,0,0,0,0,0,0
68.099046,0,0,0,0,0,1,1,0,0,1,0,1,0,1,0,0,1,0
68.102138,0,0,0,0,0,0,0,1,0,0,0,0,0,0,0,0,0,1
68.124608,0,1,1,0,0,0,0,0,0,1,1,0,1,0,0,1,0,0
68.136846,0,0,0,0,1,0,0,0,0,0,0,0,0,0,0,0,0,0
68.140309,1,0,0,1,0,0,1,0,0,1,1,0,1,1,1,0,1,0
68.149234,0,0,0,0,0,0,0,1,0,0,0,0,0,0,0,0,0,1
68.149688,0,0,0,0,0,1,0,0,0,0,0,0,0,1,1,0,0,0
68.167012,0,1,1,0,0,0,0,0,0,1,1,0,1,0,0,1,0,0
68.182288,1,0,0,1,0,0,1,0,0,1,1,0,1,1,1,0,1,0
68.183291,0,0,0,0,1,0,0,0,0,0,0,0,0,0,0,0,0,0
68.200301,0,0,0,0,0,1,0,0,0,0,0,0,0,1,1,0,0,0
68.202775,0,0,0,0,0,0,0,1,0,0,0,0,0,0,0,0,0,1
68.206522,0,1,1,0,0,0,0,0,0,1,1,0,1,0,0,1,0,0
68.225775,1,0,0,1,0,0,1,0,0,1,1,0,1,1,1,0,1,0
68.236854,0,0,0,0,1,0,0,0,0,0,0,0,0,0,0,0,0,0
68.250216,0,0,0,0,0,1,0,0,0,0,0,0,0,1,1,0,0,0
68.253083,0,0,0,0,0,0,0,1,0,0,0,0,0,0,0,0,0,1
68.253433,0,1,1,0,0,0,0,0,0,1,1,0,1,0,0,1,0,0
68.272180,1,0,0,1,0,0,1,0,0,1,1,0,1,1,1,0,1,0
68.287134,0,0,0,0,1,0,0,0,0,0,0,0,0,0,0,0,0,0
68.296788,0,0,0,0,0,0,0,1,0,0,0,0,0,0,0,0,0,1
68.298448,0,0,1,0,0,0,0,0,1,0,0,0,1,0,0,0,0,0
68.298859,0,0,0,0,0,1,0,0,0,1,0,1,0,1,0,1,0,0
68.314410,1,0,0,1,0,0,1,0,0,1,1,0,1,1,1,0,1,0
68.333423,0,0,0,0,1,0,0,0,0,0,0,0,0,0,0,0,0,0
68.338030,0,0,1,0,0,0,0,0,1,0,0,0,1,0,0,0,0,0
68.348809,0,0,0,0,0,0,0,1,0,0,0,0,0,0,0,0,0,1
68.349642,0,0,0,0,0,1,0,0,0,1,0,1,0,1,0,1,0,0
68.364537,1,0,0,1,0,0,1,0,0,1,1,0,1,1,1,0,1,0
68.383844,0,0,0,0,1,0,0,0,0,0,0,0,0,0,0,0,0,0
68.386514,0,0,1,0,0,0,0,0,1,0,0,0,1,0,0,0,0,0
68.399943,0,0,0,0,0,1,0,0,0,1,0,1,0,1,0,1,0,0
68.400738,0,0,0,0,0,0,0,1,0,0,0,0,0,0,0,0,0,1
68.417574,1,0,0,1,0,0,1,0,0,1,1,0,1,1,1,0,1,0
68.439104,0,0,1,0,0,0,0,0,1,0,0,0,1,0,0,0,0,0
68.439780,0,0,0,0,1,0,0,0,0,0,0,0,0,0,0,0,0,0
68.448988,0,0,0,0,0,0,0,1,0,0,0,0,0,0,0,0,0,1
68.449289,0,0,0,0,0,1,0,0,0,1,0,1,0,1,0,1,0,0
68.461941,1,0,0,0,0,0,0,0,1,0,0,0,1,0,0,0,0,0
68.482958,0,0,0,0,1,0,0,0,0,0,0,0,0,0,0,0,0,0
68.490241,0,0,0,0,0,0,1,0,0,1,0,1,0,1,0,0,1,0
68.498129,0,0,0,0,0,0,0,1,0,0,0,0,0,0,0,0,0,1
68.499926,0,0,0,0,0,1,0,0,0,0,0,0,0,1,1,0,0,0
68.513364,0,1,1,0,0,0,0,0,0,1,1,0,1,0,0,1,0,0
68.528908,1,0,0,1,0,0,1,0,0,1,1,0,1,1,1,0,1,0
68.535052,0,0,0,0,1,0,0,0,0,0,0,0,0,0,0,0,0,0
68.548432,0,0,0,0,0,0,0,1,0,0,0,0,0,0,0,0,0,1
68.549954,0,0,0,0,0,1,0,0,0,0,0,0,0,1,1,0,0,0
68.551344,0,1,1,0,0,0,0,0,0,1,1,0,1,0,0,1,0,0
68.569631,1,0,0,1,0,0,1,0,0,1,1,0,1,1,1,0,1,0
68.586086,0,0,0,0,1,0,0,0,0,0,0,0,0,0,0,0,0,0
68.596708,0,0,1,0,0,0,0,0,1,0,0,0,1,0,0,0,0,0
68.599572,0,0,0,0,0,0,0,1,0,0,0,0,0,0,0,0,0,1
68.600890,0,0,0,0,0,1,0,0,0,1,0,1,0,1,0,1,0,0
68.611338,1,0,0,0,0,0,0,0,1,0,0,0,1,0,0,0,0,0
68.633880,0,0,0,0,1,0,1,0,0,1,0,1,0,1,0,0,1,0
68.646644,0,0,0,0,0,0,0,1,0,0,0,0,0,0,0,0,0,1
68.649716,0,0,0,0,0,1,0,0,0,0,0,0,0,1,1,0,0,0
68.657627,0,1,1,0,0,0,0,0,0,1,1,0,1,0,0,1,0,0
68.675147,1,0,0,1,0,0,1,0,0,1,1,0,1,1,1,0,1,0
68.684954,0,0,0,0,1,0,0,0,0,0,0,0,0,0,0,0,0,0
68.696337,0,0,1,0,0,0,0,0,1,0,0,0,1,0,0,0,0,0
68.696695,0,0,0,0,0,0,0,1,0,0,0,0,0,0,0,0,0,1
68.701414,0,0,0,0,0,1,0,0,0,1,0,1,0,1,0,1,0,0
68.720546,1,0,0,1,0,0,1,0,0,1,1,0,1,1,1,0,1,0
68.736675,0,0,0,0,1,0,0,0,0,0,0,0,0,0,0,0,0,0
68.742050,0,0,1,0,0,0,0,0,1,0,0,0,1,0,0,0,0,0
68.748852,0,0,0,0,0,1,0,0,0,1,0,1,0,1,0,1,0,0
68.750005,0,0,0,0,0,0,0,1,0,0,0,0,0,0,0,0,0,1
68.759128,1,0,0,0,0,0,0,0,1,0,0,0,1,0,0,0,0,0
68.783782,0,0,0,0,1,0,1,0,0,1,0,1,0,1,0,0,1,0
68.800130,0,0,0,0,0,1,0,0,0,0,0,0,0,1,1,0,0,0
68.802933,0,0,0,0,0,0,0,1,0,0,0,0,0,0,0,0,0,1
68.811109,0,1,1,0,0,0,0,0,0,1,1,0,1,0,0,1,0,0
68.827302,1,0,0,0,0,0,0,0,1,0,0,0,1,0,0,0,0,0
68.837257,0,0,0,0,1,0,0,0,0,0,0,0,0,0,0,0,0,0
68.849367,0,0,0,0,0,0,1,1,0,1,0,1,0,1,0,0,1,1
68.849999,0,0,0,0,0,1,0,0,0,0,0,0,0,1,1,0,0,0
68.874843,0,1,1,0,0,0,0,0,0,1,1,0,1,0,0,1,0,0
68.887454,0,0,0,0,1,0,0,0,0,0,0,0,0,0,0,0,0,0
68.889261,1,0,0,0,0,0,0,0,1,0,0,0,1,0,0,0,0,0
68.890392,0,0,0,0,0,0,1,0,0,1,0,1,0,1,0,0,1,0
68.897479,0,0,0,0,0,0,0,1,0,0,0,0,0,0,0,0,0,1
68.901790,0,0,0,0,0,1,0,0,0,0,0,0,0,1,1,0,0,0
68.910684,0,1,1,0,0,0,0,0,0,1,1,0,1,0,0,1,0,0
68.929697,1,0,0,1,0,0,1,0,0,1,1,0,1,1,1,0,1,0
68.932852,0,0,0,0,1,0,0,0,0,0,0,0,0,0,0,0,0,0
68.948012,0,0,0,0,0,0,0,1,0,0,0,0,0,0,0,0,0,1
68.949928,0,0,0,0,0,1,0,0,0,0,0,0,0,1,1,0,0,0
68.957834,0,1,1,0,0,0,0,0,0,1,1,0,1,0,0,1,0,0
68.976429,1,0,0,1,0,0,1,0,0,1,1,0,1,1,1,0,1,0
68.979931,0,0,0,0,1,0,0,0,0,0,0,0,0,0,0,0,0,0
68.998730,0,0,0,0,0,1,0,0,0,0,0,0,0,1,1,0,0,0
69.000219,0,1,1,0,0,0,0,0,0,1,1,0,1,0,0,1,0,0
69.000568,0,0,0,0,0,0,0,1,0,0,0,0,0,0,0,0,0,1
69.017282,1,0,0,0,0,0,0,0,1,0,0,0,1,0,0,0,0,0
69.034712,0,0,0,0,0,0,1,0,0,1,0,1,0,1,0,0,1,0
69.036199,0,0,0,0,1,0,0,0,0,0,0,0,0,0,0,0,0,0
69.049129,0,0,0,0,0,1,0,0,0,0,0,0,0,1,1,0,0,0
69.052785,0,0,0,0,0,0,0,1,0,0,0,0,0,0,0,0,0,1
69.056191,0,1,1,0,0,0,0,0,0,1,1,0,1,0,0,1,0,0
69.070900,1,0,0,0,0,0,0,0,1,0,0,0,1,0,0,0,0,0
69.078229,0,0,0,0,0,0,1,0,0,1,0,1,0,1,0,0,1,0
69.088721,0,0,0,0,1,0,0,0,0,0,0,0,0,0,0,0,0,0
69.097815,0,0,0,0,0,0,0,1,0,0,0,0,0,0,0,0,0,1
69.098481,0,0,0,0,0,1,0,0,0,0,0,0,0,1,1,0,0,0
69.103529,0,1,1,0,0,0,0,0,0,1,1,0,1,0,0,1,0,0
69.122860,1,0,0,1,0,0,1,0,0,1,1,0,1,1,1,0,1,0
69.135879,0,0,0,0,1,0,0,0,0,0,0,0,0,0,0,0,0,0
69.145806,0,0,1,0,0,0,0,0,1,0,0,0,1,0,0,0,0,0
69.149713,0,0,0,0,0,0,0,1,0,0,0,0,0,0,0,0,0,1
69.150704,0,0,0,0,0,1,0,0,0,1,0,1,0,1,0,1,0,0
69.163254,1,0,0,0,0,0,0,0,1,0,0,0,1,0,0,0,0,0
69.175754,0,0,0,0,0,0,1,0,0,1,0,1,0,1,0,0,1,0
69.185392,0,0,0,0,1,0,0,0,0,0,0,0,0,0,0,0,0,0
69.197539,0,0,0,0,0,0,0,1,0,0,0,0,0,0,0,0,0,1
69.199464,0,0,1,0,0,0,0,0,1,0,0,0,1,0,0,0,0,0
69.200586,0,0,0,0,0,1,0,0,0,1,0,1,0,1,0,1,0,0
69.216518,1,0,0,0,0,0,0,0,1,0,0,0,1,0,0,0,0,0
69.233590,0,0,0,0,0,0,1,0,0,1,0,1,0,1,0,0,1,0
69.235909,0,0,0,0,1,0,0,0,0,0,0,0,0,0,0,0,0,0
69.249627,0,0,0,0,0,1,0,0,0,0,0,0,0,1,1,0,0,0
69.251206,0,0,0,0,0,0,0,1,0,0,0,0,0,0,0,0,0,1
69.254981,0,1,1,0,0,0,0,0,0,1,1,0,1,0,0,1,0,0
69.274617,1,0,0,1,0,0,1,0,0,1,1,0,1,1,1,0,1,0
69.285418,0,0,0,0,1,0,0,0,0,0,0,0,0,0,0,0,0,0
69.299829,0,0,0,0,0,0,0,1,0,0,0,0,0,0,0,0,0,1
69.300290,0,0,0,0,0,1,0,0,0,0,0,0,0,1,1,0,0,0
69.304190,0,1,1,0,0,0,0,0,0,1,1,0,1,0,0,1,0,0
69.318072,1,0,0,0,0,0,0,0,1,0,0,0,1,0,0,0,0,0
69.331265,0,0,0,0,0,0,1,0,0,1,0,1,0,1,0,0,1,0
69.334582,0,0,0,0,1,0,0,0,0,0,0,0,0,0,0,0,0,0
69.350618,0,0,0,0,0,1,0,0,0,0,0,0,0,1,1,0,0,0
69.351851,0,0,0,0,0,0,0,1,0,0,0,0,0,0,0,0,0,1
69.355952,0,1,1,0,0,0,0,0,0,1,1,0,1,0,0,1,0,0
69.371691,1,0,0,0,0,0,0,0,1,0,0,0,1,0,0,0,0,0
69.391797,0,0,0,0,1,0,0,0,0,0,0,0,0,0,0,0,0,0
69.399503,0,0,0,0,0,1,0,0,0,1,0,1,0,1,0,1,0,0
69.401453,0,0,0,0,0,0,1,1,0,0,0,0,0,1,1,0,0,1
69.414699,1,0,0,1,0,0,1,0,0,1,1,0,1,1,1,0,1,0
69.436251,0,0,0,0,1,0,0,0,0,0,0,0,0,0,0,0,0,0
69.436370,0,0,1,1,0,0,0,0,0,1,1,0,1,0,0,0,1,0
69.448402,0,0,0,0,0,0,0,1,0,0,0,0,0,0,0,0,0,1
69.450163,0,0,0,0,0,1,0,0,0,0,0,0,0,1,1,0,0,0
69.464534,0,1,1,0,0,0,0,0,0,1,1,0,1,0,0,1,0,0
69.483620,1,0,0,0,0,0,0,0,1,0,0,0,1,0,0,0,0,0
69.483789,0,0,0,0,1,0,0,0,0,0,0,0,0,0,0,0,0,0
69.495854,0,0,0,0,0,0,1,0,0,1,0,1,0,1,0,0,1,0
69.500204,0,0,0,0,0,1,0,0,0,0,0,0,0,1,1,0,0,0
69.500512,0,0,0,0,0,0,0,1,0,0,0,0,0,0,0,0,0,1
69.523640,0,1,1,0,0,0,0,0,0,1,1,0,1,0,0,1,0,0
69.531646,0,0,0,0,1,0,0,0,0,0,0,0,0,0,0,0,0,0
69.539502,1,0,0,1,0,0,1,0,0,1,1,0,1,1,1,0,1,0
69.550892,0,0,0,0,0,0,0,1,0,0,0,0,0,0,0,0,0,1
69.551822,0,0,0,0,0,1,0,0,0,0,0,0,0,1,1,0,0,0
69.562798,0,1,1,0,0,0,0,0,0,1,1,0,1,0,0,1,0,0
69.580755,1,0,0,0,0,0,0,0,1,0,0,0,1,0,0,0,0,0
69.583657,0,0,0,0,1,0,0,0,0,0,0,0,0,0,0,0,0,0
69.597340,0,0,0,0,0,0,1,1,0,1,0,1,0,1,0,0,1,1
69.599315,0,0,0,0,0,1,0,0,0,0,0,0,0,1,1,0,0,0
69.621796,0,1,1,0,0,0,0,0,0,1,1,0,1,0,0,1,0,0
69.631919,0,0,0,0,1,0,0,0,0,0,0,0,0,0,0,0,0,0
69.637980,1,0,0,0,0,0,0,0,1,0,0,0,1,0,0,0,0,0
69.644049,0,0,0,0,0,0,1,0,0,1,0,1,0,1,0,0,1,0
69.649619,0,0,0,0,0,1,0,0,0,0,0,0,0,1,1,0,0,0
69.650733,0,0,0,0,0,0,0,1,0,0,0,0,0,0,0,0,0,1
69.664271,0,1,1,0,0,0,0,0,0,1,1,0,1,0,0,1,0,0
69.677569,1,0,0,0,0,0,0,0,1,0,0,0,1,0,0,0,0,0
69.684662,0,0,0,0,1,0,1,0,0,1,0,1,0,1,0,0,1,0
69.696702,0,0,0,0,0,0,0,1,0,0,0,0,0,0,0,0,0,1
69.699970,0,0,0,0,0,1,0,0,0,0,0,0,0,1,1,0,0,0
69.706352,0,1,1,0,0,0,0,0,0,1,1,0,1,0,0,1,0,0
69.725850,1,0,0,1,0,0,1,0,0,1,1,0,1,1,1,0,1,0
69.729252,0,0,0,0,1,0,0,0,0,0,0,0,0,0,0,0,0,0
69.747287,0,0,1,0,0,0,0,0,1,0,0,0,1,0,0,0,0,0
69.748667,0,0,0,0,0,0,0,1,0,0,0,0,0,0,0,0,0,1
69.748846,0,0,0,0,0,1,0,0,0,1,0,1,0,1,0,1,0,0
69.759882,1,0,0,1,0,0,1,0,0,1,1,0,1,1,1,0,1,0
69.783040,0,0,1,0,0,0,0,0,1,0,0,0,1,0,0,0,0,0
69.786807,0,0,0,0,1,0,0,0,0,0,0,0,0,0,0,0,0,0
69.800332,0,0,0,0,0,0,0,1,0,0,0,0,0,0,0,0,0,1
69.800622,0,0,0,0,0,1,0,0,0,1,0,1,0,1,0,1,0,0
69.820541,1,0,0,1,0,0,1,0,0,1,1,0,1,1,1,0,1,0
69.830382,0,0,0,0,1,0,0,0,0,0,0,0,0,0,0,0,0,0
69.841161,0,0,1,0,0,0,0,0,1,0,0,0,1,0,0,0,0,0
69.849257,0,0,0,0,0,1,0,0,0,1,0,1,0,1,0,1,0,0
69.849262,0,0,0,0,0,0,0,1,0,0,0,0,0,0,0,0,0,1
69.860558,1,0,0,1,0,0,1,0,0,1,1,0,1,1,1,0,1,0
69.881298,0,0,0,0,1,0,0,0,0,0,0,0,0,0,0,0,0,0
69.890368,0,0,1,0,0,0,0,0,1,0,0,0,1,0,0,0,0,0
69.899443,0,0,0,0,0,1,0,0,0,1,0,1,0,1,0,1,0,0
69.903978,0,0,0,0,0,0,0,1,0,0,0,0,0,0,0,0,0,1
69.919221,1,0,0,0,0,0,0,0,1,0,0,0,1,0,0,0,0,0
69.942768,0,0,0,0,1,0,1,0,0,1,0,1,0,1,0,0,1,0
69.949885,0,0,0,0,0,1,0,0,0,0,0,0,0,1,1,0,0,0
69.952777,0,0,0,0,0,0,0,1,0,0,0,0,0,0,0,0,0,1
69.965629,0,1,1,0,0,0,0,0,0,1,1,0,1,0,0,1,0,0
69.979993,1,0,0,0,0,0,0,0,1,0,0,0,1,0,0,0,0,0
69.989317,0,0,0,0,1,0,0,0,0,0,0,0,0,0,0,0,0,0
69.994501,0,0,0,0,0,0,1,0,0,1,0,1,0,1,0,0,1,0
69.996611,0,0,0,0,0,0,0,1,0,0,0,0,0,0,0,0,0,1
70.000311,0,0,0,0,0,1,0,0,0,0,0,0,0,1,1,0,0,0
70.021509,0,1,1,0,0,0,0,0,0,1,1,0,1,0,0,1,0,0
70.035218,0,0,0,0,1,0,0,0,0,0,0,0,0,0,0,0,0,0
70.035353,1,0,0,1,0,0,1,0,0,1,1,0,1,1,1,0,1,0
70.051574,0,0,0,0,0,1,0,0,0,0,0,0,0,1,1,0,0,0
70.053066,0,0,0,0,0,0,0,1,0,0,0,0,0,0,0,0,0,1
70.059336,0,1,1,0,0,0,0,0,0,1,1,0,1,0,0,1,0,0
70.071483,1,0,0,0,0,0,0,0,1,0,0,0,1,0,0,0,0,0
70.088234,0,0,0,0,1,0,1,0,0,1,0,1,0,1,0,0,1,0
70.099471,0,0,0,0,0,1,0,0,0,0,0,0,0,1,1,0,0,0
70.100777,0,0,0,0,0,0,0,1,0,0,0,0,0,0,0,0,0,1
70.111945,0,1,1,0,0,0,0,0,0,1,1,0,1,0,0,1,0,0
70.122369,1,0,0,0,0,0,0,0,1,0,0,0,1,0,0,0,0,0
70.139293,0,0,0,0,1,0,0,0,0,0,0,0,0,0,0,0,0,0
70.148201,0,0,0,0,0,1,1,0,0,1,0,1,0,1,0,1,0,0
70.149774,0,0,0,0,0,0,0,1,0,0,0,0,0,0,0,0,0,1
70.162465,1,0,0,1,0,0,0,0,0,1,1,0,1,0,0,0,1,0
70.170152,0,0,0,0,0,0,1,0,0,0,0,0,0,1,1,0,0,0
70.185344,0,0,1,1,0,0,0,0,0,1,1,0,1,0,0,0,1,0
70.189009,0,0,0,0,1,0,0,0,0,0,0,0,0,0,0,0,0,0
70.199578,0,0,0,0,0,1,0,0,0,0,0,0,0,1,1,0,0,0
70.201123,0,0,0,0,0,0,0,1,0,0,0,0,0,0,0,0,0,1
70.208516,0,1,1,0,0,0,0,0,0,1,1,0,1,0,0,1,0,0
70.227542,1,0,0,1,0,0,1,0,0,1,1,0,1,1,1,0,1,0
70.233677,0,0,0,0,1,0,0,0,0,0,0,0,0,0,0,0,0,0
70.249843,0,0,0,0,0,1,0,0,0,0,0,0,0,1,1,0,0,0
70.250420,0,0,0,0,0,0,0,1,0,0,0,0,0,0,0,0,0,1
70.254384,0,1,1,0,0,0,0,0,0,1,1,0,1,0,0,1,0,0
70.265718,1,0,0,0,0,0,0,0,1,0,0,0,1,0,0,0,0,0
70.285182,0,0,0,0,1,0,1,0,0,1,0,1,0,1,0,0,1,0
70.298199,0,0,0,0,0,0,0,1,0,0,0,0,0,0,0,0,0,1
70.299898,0,0,0,0,0,1,0,0,0,0,0,0,0,1,1,0,0,0
70.311387,0,1,1,0,0,0,0,0,0,1,1,0,1,0,0,1,0,0
70.322246,1,0,0,1,0,0,1,0,0,1,1,0,1,1,1,0,1,0
70.334696,0,0,0,0,1,0,0,0,0,0,0,0,0,0,0,0,0,0
70.346886,0,0,0,0,0,0,0,1,0,0,0,0,0,0,0,0,0,1
70.348755,0,0,0,0,0,1,0,0,0,0,0,0,0,1,1,0,0,0
70.349660,0,1,1,0,0,0,0,0,0,1,1,0,1,0,0,1,0,0
70.365312,1,0,0,1,0,0,1,0,0,1,1,0,1,1,1,0,1,0
70.385437,0,0,0,0,1,0,0,0,0,0,0,0,0,0,0,0,0,0
70.386537,0,0,1,0,0,0,0,0,1,0,0,0,1,0,0,0,0,0
70.398683,0,0,0,0,0,0,0,1,0,0,0,0,0,0,0,0,0,1
70.398984,0,0,0,0,0,1,0,0,0,1,0,1,0,1,0,1,0,0
70.416472,1,0,0,1,0,0,1,0,0,1,1,0,1,1,1,0,1,0
70.434934,0,0,0,0,1,0,0,0,0,0,0,0,0,0,0,0,0,0
70.440524,0,0,1,0,0,0,0,0,1,0,0,0,1,0,0,0,0,0
70.450621,0,0,0,0,0,1,0,0,0,1,0,1,0,1,0,1,0,0
70.451794,0,0,0,0,0,0,0,1,0,0,0,0,0,0,0,0,0,1
70.460836,1,0,0,1,0,0,1,0,0,1,1,0,1,1,1,0,1,0
70.481827,0,0,1,0,0,0,0,0,1,0,0,0,1,0,0,0,0,0
70.486046,0,0,0,0,1,0,0,0,0,0,0,0,0,0,0,0,0,0
70.500124,0,0,0,0,0,1,0,0,0,1,0,1,0,1,0,1,0,0
70.502500,0,0,0,0,0,0,0,1,0,0,0,0,0,0,0,0,0,1
70.517729,1,0,0,1,0,0,1,0,0,1,1,0,1,1,1,0,1,0
70.540476,0,0,0,0,1,0,0,0,0,0,0,0,0,0,0,0,0,0
70.542523,0,0,1,0,0,0,0,0,1,0,0,0,1,0,0,0,0,0
70.549625,0,0,0,0,0,1,0,0,0,1,0,1,0,1,0,1,0,0
70.552976,0,0,0,0,0,0,0,1,0,0,0,0,0,0,0,0,0,1
70.569398,1,0,0,0,0,0,0,0,1,0,0,0,1,0,0,0,0,0
70.584955,0,0,0,0,0,0,1,0,0,1,0,1,0,1,0,0,1,0
70.587695,0,0,0,0,1,0,0,0,0,0,0,0,0,0,0,0,0,0
70.597727,0,0,0,0,0,0,0,1,0,0,0,0,0,0,0,0,0,1
70.599612,0,0,0,0,0,1,0,0,0,0,0,0,0,1,1,0,0,0
70.610689,0,1,1,0,0,0,0,0,0,1,1,0,1,0,0,1,0,0
70.625794,1,0,0,1,0,0,1,0,0,1,1,0,1,1,1,0,1,0
70.629073,0,0,0,0,1,0,0,0,0,0,0,0,0,0,0,0,0,0
70.646394,0,0,1,0,0,0,0,0,1,0,0,0,1,0,0,0,0,0
70.649387,0,0,0,0,0,0,0,1,0,0,0,0,0,0,0,0,0,1
70.650039,0,0,0,0,0,1,0,0,0,1,0,1,0,1,0,1,0,0
70.662283,1,0,0,0,0,0,0,0,1,0,0,0,1,0,0,0,0,0
70.688025,0,0,0,0,1,0,1,0,0,1,0,1,0,1,0,0,1,0
70.699716,0,0,0,0,0,1,0,0,0,0,0,0,0,1,1,0,0,0
70.702511,0,0,0,0,0,0,0,1,0,0,0,0,0,0,0,0,0,1
70.717667,0,1,1,0,0,0,0,0,0,1,1,0,1,0,0,1,0,0
70.732721,1,0,0,1,0,0,1,0,0,1,1,0,1,1,1,0,1,0
70.735809,0,0,0,0,1,0,0,0,0,0,0,0,0,0,0,0,0,0
70.746026,0,0,0,0,0,0,0,1,0,0,0,0,0,0,0,0,0,1
70.750393,0,0,0,0,0,1,0,0,0,0,0,0,0,1,1,0,0,0
70.761519,0,1,1,0,0,0,0,0,0,1,1,0,1,0,0,1,0,0
70.777464,1,0,0,0,0,0,0,0,1,0,0,0,1,0,0,0,0,0
70.785606,0,0,0,0,1,0,0,0,0,0,0,0,0,0,0,0,0,0
70.801896,0,0,0,0,0,1,1,0,0,1,0,1,0,1,0,0,1,0
70.803933,0,0,0,0,0,0,0,1,0,0,0,0,0,0,0,0,0,1
70.828568,0,1,1,0,0,0,0,0,0,1,1,0,1,0,0,1,0,0
70.840946,0,0,0,0,1,0,0,0,0,0,0,0,0,0,0,0,0,0
70.844652,1,0,0,1,0,0,1,0,0,1,1,0,1,1,1,0,1,0
70.848958,0,0,0,0,0,0,0,1,0,0,0,0,0,0,0,0,0,1
70.849024,0,0,0,0,0,1,0,0,0,0,0,0,0,1,1,0,0,0
70.871874,0,1,1,0,0,0,0,0,0,1,1,0,1,0,0,1,0,0
70.884655,1,0,0,1,0,0,1,0,0,1,1,0,1,1,1,0,1,0
70.887158,0,0,0,0,1,0,0,0,0,0,0,0,0,0,0,0,0,0
70.898823,0,0,0,0,0,1,0,0,0,0,0,0,0,1,1,0,0,0
70.903713,0,0,0,0,0,0,0,1,0,0,0,0,0,0,0,0,0,1
70.905765,0,1,1,0,0,0,0,0,0,1,1,0,1,0,0,1,0,0
70.922004,1,0,0,0,0,0,0,0,1,0,0,0,1,0,0,0,0,0
70.939635,0,0,0,0,1,0,0,0,0,0,0,0,0,0,0,0,0,0
70.946432,0,0,0,0,0,0,0,1,0,0,0,0,0,0,0,0,0,1
70.950578,0,0,0,0,0,1,1,0,0,1,0,1,0,1,0,1,0,0
70.968625,1,0,0,1,0,0,0,0,0,1,1,0,1,0,0,0,1,0
70.975797,0,0,0,0,0,0,1,0,0,0,0,0,0,1,1,0,0,0
70.985948,0,0,0,0,1,0,0,0,0,0,0,0,0,0,0,0,0,0
70.996147,0,0,1,1,0,0,0,0,0,1,1,0,1,0,0,0,1,0
70.999687,0,0,0,0,0,1,0,0,0,0,0,0,0,1,1,0,0,0
71.000234,0,0,0,0,0,0,0,1,0,0,0,0,0,0,0,0,0,1
71.024762,0,1,1,0,0,0,0,0,0,1,1,0,1,0,0,1,0,0
71.039787,1,0,0,1,0,0,1,0,0,1,1,0,1,1,1,0,1,0
71.039834,0,0,0,0,1,0,0,0,0,0,0,0,0,0,0,0,0,0
71.049933,0,0,0,0,0,1,0,0,0,0,0,0,0,1,1,0,0,0
71.052817,0,0,0,0,0,0,0,1,0,0,0,0,0,0,0,0,0,1
71.068349,0,1,1,0,0,0,0,0,0,1,1,0,1,0,0,1,0,0
71.082523,1,0,0,0,0,0,0,0,1,0,0,0,1,0,0,0,0,0
71.089291,0,0,0,0,0,0,1,0,0,1,0,1,0,1,0,0,1,0
71.090885,0,0,0,0,1,0,0,0,0,0,0,0,0,0,0,0,0,0
71.100906,0,0,0,0,0,1,0,0,0,0,0,0,0,1,1,0,0,0
71.102261,0,0,0,0,0,0,0,1,0,0,0,0,0,0,0,0,0,1
71.109637,0,1,1,0,0,0,0,0,0,1,1,0,1,0,0,1,0,0
71.128864,1,0,0,0,0,0,0,0,1,0,0,0,1,0,0,0,0,0
71.139408,0,0,0,0,1,0,1,0,0,1,0,1,0,1,0,0,1,0
71.148544,0,0,0,0,0,1,0,0,0,0,0,0,0,1,1,0,0,0
71.152938,0,0,0,0,0,0,0,1,0,0,0,0,0,0,0,0,0,1
71.159923,0,1,1,0,0,0,0,0,0,1,1,0,1,0,0,1,0,0
71.177518,1,0,0,1,0,0,1,0,0,1,1,0,1,1,1,0,1,0
71.186140,0,0,0,0,1,0,0,0,0,0,0,0,0,0,0,0,0,0
71.196387,0,0,0,0,0,0,0,1,0,0,0,0,0,0,0,0,0,1
71.201911,0,0,0,0,0,1,0,0,0,0,0,0,0,1,1,0,0,0
71.203950,0,1,1,0,0,0,0,0,0,1,1,0,1,0,0,1,0,0
71.218297,1,0,0,0,0,0,0,0,1,0,0,0,1,0,0,0,0,0
71.232870,0,0,0,0,1,0,1,0,0,1,0,1,0,1,0,0,1,0
71.249480,0,0,0,0,0,0,0,1,0,0,0,0,0,0,0,0,0,1
71.249788,0,0,0,0,0,1,0,0,0,0,0,0,0,1,1,0,0,0
71.260239,0,1,1,0,0,0,0,0,0,1,1,0,1,0,0,1,0,0
71.274604,1,0,0,1,0,0,1,0,0,1,1,0,1,1,1,0,1,0
71.287451,0,0,0,0,1,0,0,0,0,0,0,0,0,0,0,0,0,0
71.299080,0,0,0,0,0,1,0,0,0,0,0,0,0,1,1,0,0,0
71.299892,0,0,0,0,0,0,0,1,0,0,0,0,0,0,0,0,0,1
71.303603,0,1,1,0,0,0,0,0,0,1,1,0,1,0,0,1,0,0
71.322098,1,0,0,0,0,0,0,0,1,0,0,0,1,0,0,0,0,0
71.328611,0,0,0,0,0,0,1,0,0,1,0,1,0,1,0,0,1,0
71.336694,0,0,0,0,1,0,0,0,0,0,0,0,0,0,0,0,0,0
71.349140,0,0,1,0,0,0,0,0,1,0,0,0,1,0,0,0,0,0
71.349475,0,0,0,0,0,1,0,0,0,1,0,1,0,1,0,1,0,0
71.351696,0,0,0,0,0,0,0,1,0,0,0,0,0,0,0,0,0,1
71.359819,1,0,0,0,0,0,0,0,1,0,0,0,1,0,0,0,0,0
71.389890,0,0,0,0,1,0,0,0,0,0,0,0,0,0,0,0,0,0
71.398441,0,0,0,0,0,0,0,1,0,0,0,0,0,0,0,0,0,1
71.399594,0,0,0,0,0,0,1,0,0,1,0,1,0,1,0,0,1,0
71.401408,0,0,0,0,0,1,0,0,0,0,0,0,0,1,1,0,0,0
71.422059,0,1,1,0,0,0,0,0,0,1,1,0,1,0,0,1,0,0
71.433421,0,0,0,0,1,0,0,0,0,0,0,0,0,0,0,0,0,0
71.438518,1,0,0,1,0,0,1,0,0,1,1,0,1,1,1,0,1,0
71.446596,0,0,0,0,0,0,0,1,0,0,0,0,0,0,0,0,0,1
71.449360,0,0,0,0,0,1,0,0,0,0,0,0,0,1,1,0,0,0
71.464342,0,1,1,0,0,0,0,0,0,1,1,0,1,0,0,1,0,0
71.478390,1,0,0,1,0,0,1,0,0,1,1,0,1,1,1,0,1,0
71.480586,0,0,0,0,1,0,0,0,0,0,0,0,0,0,0,0,0,0
71.499882,0,0,0,0,0,0,0,1,0,0,0,0,0,0,0,0,0,1
71.499941,0,0,0,0,0,1,0,0,0,0,0,0,0,1,1,0,0,0
71.506477,0,1,1,0,0,0,0,0,0,1,1,0,1,0,0,1,0,0
71.524509,1,0,0,0,0,0,0,0,1,0,0,0,1,0,0,0,0,0
71.539850,0,0,0,0,1,0,1,0,0,1,0,1,0,1,0,0,1,0
71.547711,0,0,0,0,0,0,0,1,0,0,0,0,0,0,0,0,0,1
71.551080,0,0,0,0,0,1,0,0,0,0,0,0,0,1,1,0,0,0
71.563771,0,1,1,0,0,0,0,0,0,1,1,0,1,0,0,1,0,0
71.582866,1,0,0,1,0,0,1,0,0,1,1,0,1,1,1,0,1,0
71.586628,0,0,0,0,1,0,0,0,0,0,0,0,0,0,0,0,0,0
71.598507,0,0,0,0,0,1,0,0,0,0,0,0,0,1,1,0,0,0
71.603754,0,0,0,0,0,0,0,1,0,0,0,0,0,0,0,0,0,1
71.605708,0,1,1,0,0,0,0,0,0,1,1,0,1,0,0,1,0,0
71.618387,1,0,0,1,0,0,1,0,0,1,1,0,1,1,1,0,1,0
71.641416,0,0,0,0,1,0,0,0,0,0,0,0,0,0,0,0,0,0
71.643586,0,0,1,0,0,0,0,0,1,0,0,0,1,0,0,0,0,0
71.649436,0,0,0,0,0,1,0,0,0,1,0,1,0,1,0,1,0,0
71.650939,0,0,0,0,0,0,0,1,0,0,0,0,0,0,0,0,0,1
71.662956,1,0,0,0,0,0,0,0,1,0,0,0,1,0,0,0,0,0
71.685017,0,0,0,0,1,0,1,0,0,1,0,1,0,1,0,0,1,0
71.699103,0,0,0,0,0,1,0,0,0,0,0,0,0,1,1,0,0,0
71.703396,0,0,0,0,0,0,0,1,0,0,0,0,0,0,0,0,0,1
71.714106,0,1,1,0,0,0,0,0,0,1,1,0,1,0,0,1,0,0
71.726137,1,0,0,0,0,0,0,0,1,0,0,0,1,0,0,0,0,0
71.731770,0,0,0,0,0,0,1,0,0,1,0,1,0,1,0,0,1,0
71.740725,0,0,0,0,1,0,0,0,0,0,0,0,0,0,0,0,0,0
71.748987,0,0,0,0,0,1,0,0,0,0,0,0,0,1,1,0,0,0
71.751345,0,0,0,0,0,0,0,1,0,0,0,0,0,0,0,0,0,1
71.757548,0,1,1,0,0,0,0,0,0,1,1,0,1,0,0,1,0,0
71.776217,1,0,0,0,0,0,0,0,1,0,0,0,1,0,0,0,0,0
71.789175,0,0,0,0,1,0,1,0,0,1,0,1,0,1,0,0,1,0
71.800278,0,0,0,0,0,1,0,0,0,0,0,0,0,1,1,0,0,0
71.801177,0,0,0,0,0,0,0,1,0,0,0,0,0,0,0,0,0,1
71.813270,0,1,1,0,0,0,0,0,0,1,1,0,1,0,0,1,0,0
71.832271,0,0,0,0,1,0,0,0,0,0,0,0,0,0,0,0,0,0
71.832311,1,0,0,0,0,0,0,0,1,0,0,0,1,0,0,0,0,0
71.848226,0,0,0,0,0,0,0,1,0,0,0,0,0,0,0,0,0,1
71.849791,0,0,0,0,0,1,0,0,0,1,0,1,0,1,0,1,0,0
71.868273,1,0,0,1,0,0,1,0,0,1,1,0,1,1,1,0,1,0
71.888224,0,0,0,0,1,0,1,0,0,0,0,0,0,1,1,0,0,0
71.893541,0,0,1,1,0,0,0,0,0,1,1,0,1,0,0,0,1,0
71.898689,0,0,0,0,0,1,0,0,0,0,0,0,0,1,1,0,0,0
71.901484,0,0,0,0,0,0,0,1,0,0,0,0,0,0,0,0,0,1
71.920692,0,1,1,0,0,0,0,0,0,1,1,0,1,0,0,1,0,0
71.936765,1,0,0,1,0,0,1,0,0,1,1,0,1,1,1,0,1,0
71.937185,0,0,0,0,1,0,0,0,0,0,0,0,0,0,0,0,0,0
71.951323,0,0,0,0,0,1,0,0,0,0,0,0,0,1,1,0,0,0
71.953586,0,0,0,0,0,0,0,1,0,0,0,0,0,0,0,0,0,1
71.962756,0,1,1,0,0,0,0,0,0,1,1,0,1,0,0,1,0,0
71.976534,1,0,0,0,0,0,0,0,1,0,0,0,1,0,0,0,0,0
71.987795,0,0,0,0,1,0,0,0,0,0,0,0,0,0,0,0,0,0
71.999027,0,0,0,0,0,1,0,0,0,1,0,1,0,1,0,1,0,0
71.999943,0,0,0,0,0,0,1,1,0,0,0,0,0,1,1,0,0,1
72.016799,1,0,0,1,0,0,0,0,0,1,1,0,1,0,0,0,1,0
72.034751,0,0,0,0,1,0,1,0,0,0,0,0,0,1,1,0,0,0
72.041267,0,0,1,1,0,0,0,0,0,1,1,0,1,0,0,0,1,0
72.049319,0,0,0,0,0,1,0,0,0,0,0,0,0,1,1,0,0,0
72.052007,0,0,0,0,0,0,0,1,0,0,0,0,0,0,0,0,0,1
72.065651,0,1,1,0,0,0,0,0,0,1,1,0,1,0,0,1,0,0
72.081519,1,0,0,1,0,0,1,0,0,1,1,0,1,1,1,0,1,0
72.082120,0,0,0,0,1,0,0,0,0,0,0,0,0,0,0,0,0,0
72.096227,0,0,0,0,0,0,0,1,0,0,0,0,0,0,0,0,0,1
72.099576,0,0,0,0,0,1,0,0,0,0,0,0,0,1,1,0,0,0
72.106600,0,1,1,0,0,0,0,0,0,1,1,0,1,0,0,1,0,0
72.120792,1,0,0,1,0,0,1,0,0,1,1,0,1,1,1,0,1,0
72.135724,0,0,0,0,1,0,0,0,0,0,0,0,0,0,0,0,0,0
72.141102,0,0,1,0,0,0,0,0,1,0,0,0,1,0,0,0,0,0
72.151257,0,0,0,0,0,1,0,0,0,1,0,1,0,1,0,1,0,0
72.152531,0,0,0,0,0,0,0,1,0,0,0,0,0,0,0,0,0,1
72.169798,1,0,0,1,0,0,1,0,0,1,1,0,1,1,1,0,1,0
72.186403,0,0,0,0,1,0,0,0,0,0,0,0,0,0,0,0,0,0
72.194753,0,0,1,0,0,0,0,0,1,0,0,0,1,0,0,0,0,0
72.200108,0,0,0,0,0,0,0,1,0,0,0,0,0,0,0,0,0,1
72.200569,0,0,0,0,0,1,0,0,0,1,0,1,0,1,0,1,0,0
72.212160,1,0,0,1,0,0,1,0,0,1,1,0,1,1,1,0,1,0
72.234930,0,0,0,0,1,0,0,0,0,0,0,0,0,0,0,0,0,0
72.235626,0,0,1,0,0,0,0,0,1,0,0,0,1,0,0,0,0,0
72.248098,0,0,0,0,0,1,0,0,0,1,0,1,0,1,0,1,0,0
72.251137,0,0,0,0,0,0,0,1,0,0,0,0,0,0,0,0,0,1
72.260660,1,0,0,1,0,0,1,0,0,1,1,0,1,1,1,0,1,0
72.281552,0,0,1,0,0,0,0,0,1,0,0,0,1,0,0,0,0,0
72.289848,0,0,0,0,1,0,0,0,0,0,0,0,0,0,0,0,0,0
72.297620,0,0,0,0,0,0,0,1,0,0,0,0,0,0,0,0,0,1
72.299017,0,0,0,0,0,1,0,0,0,1,0,1,0,1,0,1,0,0
72.317008,1,0,0,1,0,0,1,0,0,1,1,0,1,1,1,0,1,0
72.333841,0,0,0,0,1,0,0,0,0,0,0,0,0,0,0,0,0,0
72.343116,0,0,1,0,0,0,0,0,1,0,0,0,1,0,0,0,0,0
72.348657,0,0,0,0,0,0,0,1,0,0,0,0,0,0,0,0,0,1
72.350530,0,0,0,0,0,1,0,0,0,1,0,1,0,1,0,1,0,0
72.364788,1,0,0,1,0,0,1,0,0,1,1,0,1,1,1,0,1,0
72.385362,0,0,0,0,1,0,0,0,0,0,0,0,0,0,0,0,0,0
72.389667,0,0,1,0,0,0,0,0,1,0,0,0,1,0,0,0,0,0
72.399372,0,0,0,0,0,1,0,0,0,1,0,1,0,1,0,1,0,0
72.400705,0,0,0,0,0,0,0,1,0,0,0,0,0,0,0,0,0,1
72.418313,1,0,0,0,0,0,0,0,1,0,0,0,1,0,0,0,0,0
72.432099,0,0,0,0,1,0,1,0,0,1,0,1,0,1,0,0,1,0
72.446369,0,0,0,0,0,0,0,1,0,0,0,0,0,0,0,0,0,1
72.451644,0,0,0,0,0,1,0,0,0,0,0,0,0,1,1,0,0,0
72.452958,0,1,1,0,0,0,0,0,0,1,1,0,1,0,0,1,0,0
72.467919,1,0,0,1,0,0,1,0,0,1,1,0,1,1,1,0,1,0
72.484931,0,0,0,0,1,0,0,0,0,0,0,0,0,0,0,0,0,0
72.492519,0,0,1,0,0,0,0,0,1,0,0,0,1,0,0,0,0,0
72.500573,0,0,0,0,0,0,0,1,0,0,0,0,0,0,0,0,0,1
72.500792,0,0,0,0,0,1,0,0,0,1,0,1,0,1,0,1,0,0
72.516398,1,0,0,1,0,0,1,0,0,1,1,0,1,1,1,0,1,0
72.533524,0,0,0,0,1,0,0,0,0,0,0,0,0,0,0,0,0,0
72.542016,0,0,1,0,0,0,0,0,1,0,0,0,1,0,0,0,0,0
72.551057,0,0,0,0,0,1,0,0,0,1,0,1,0,1,0,1,0,0
72.551761,0,0,0,0,0,0,0,1,0,0,0,0,0,0,0,0,0,1
72.568865,1,0,0,1,0,0,1,0,0,1,1,0,1,1,1,0,1,0
72.591553,0,0,0,0,1,0,0,0,0,0,0,0,0,0,0,0,0,0
72.594245,0,0,1,0,0,0,0,0,1,0,0,0,1,0,0,0,0,0
72.601619,0,0,0,0,0,1,0,0,0,1,0,1,0,1,0,1,0,0
72.601934,0,0,0,0,0,0,0,1,0,0,0,0,0,0,0,0,0,1
72.620728,1,0,0,1,0,0,1,0,0,1,1,0,1,1,1,0,1,0
72.635813,0,0,0,0,1,0,0,0,0,0,0,0,0,0,0,0,0,0
72.648938,0,0,1,0,0,0,0,0,1,0,0,0,1,0,0,0,0,0
72.649476,0,0,0,0,0,1,0,0,0,1,0,1,0,1,0,1,0,0
72.650124,0,0,0,0,0,0,0,1,0,0,0,0,0,0,0,0,0,1
72.667970,1,0,0,0,0,0,0,0,1,0,0,0,1,0,0,0,0,0
72.672153,0,0,0,0,0,0,1,0,0,1,0,1,0,1,0,0,1,0
72.685806,0,0,0,0,1,0,0,0,0,0,0,0,0,0,0,0,0,0
72.692321,0,0,1,0,0,0,0,0,1,0,0,0,1,0,0,0,0,0
72.701140,0,0,0,0,0,1,0,0,0,1,0,1,0,1,0,1,0,0
72.702602,0,0,0,0,0,0,0,1,0,0,0,0,0,0,0,0,0,1
72.717157,1,0,0,0,0,0,0,0,1,0,0,0,1,0,0,0,0,0
72.735779,0,0,0,0,0,0,1,0,0,1,0,1,0,1,0,0,1,0
72.740921,0,0,0,0,1,0,0,0,0,0,0,0,0,0,0,0,0,0
72.748807,0,0,0,0,0,0,0,1,0,0,0,0,0,0,0,0,0,1
72.750036,0,0,0,0,0,1,0,0,0,0,0,0,0,1,1,0,0,0
72.762771,0,1,1,0,0,0,0,0,0,1,1,0,1,0,0,1,0,0
72.782722,1,0,0,1,0,0,1,0,0,1,1,0,1,1,1,0,1,0
72.786101,0,0,0,0,1,0,0,0,0,0,0,0,0,0,0,0,0,0
72.800264,0,0,0,0,0,1,0,0,0,0,0,0,0,1,1,0,0,0
72.801637,0,0,0,0,0,0,0,1,0,0,0,0,0,0,0,0,0,1
72.809686,0,1,1,0,0,0,0,0,0,1,1,0,1,0,0,1,0,0
72.824815,1,0,0,1,0,0,1,0,0,1,1,0,1,1,1,0,1,0
72.841422,0,0,0,0,1,0,0,0,0,0,0,0,0,0,0,0,0,0
72.846633,0,0,0,0,0,0,0,1,0,0,0,0,0,0,0,0,0,1
72.849694,0,0,0,0,0,1,0,0,0,0,0,0,0,1,1,0,0,0
72.851500,0,1,1,0,0,0,0,0,0,1,1,0,1,0,0,1,0,0
72.863864,1,0,0,1,0,0,1,0,0,1,1,0,1,1,1,0,1,0
72.885301,0,0,0,0,1,0,0,0,0,0,0,0,0,0,0,0,0,0
72.891085,0,0,1,0,0,0,0,0,1,0,0,0,1,0,0,0,0,0
72.896838,0,0,0,0,0,0,0,1,0,0,0,0,0,0,0,0,0,1
72.899487,0,0,0,0,0,1,0,0,0,1,0,1,0,1,0,1,0,0
72.911307,1,0,0,0,0,0,0,0,1,0,0,0,1,0,0,0,0,0
72.933707,0,0,0,0,1,0,0,0,0,0,0,0,0,0,0,0,0,0
72.947621,0,0,0,0,0,0,1,1,0,1,0,1,0,1,0,0,1,1
72.950553,0,0,0,0,0,1,0,0,0,0,0,0,0,1,1,0,0,0
72.970302,0,1,1,0,0,0,0,0,0,1,1,0,1,0,0,1,0,0
72.984984,0,0,0,0,1,0,0,0,0,0,0,0,0,0,0,0,0,0
72.987930,1,0,0,1,0,0,1,0,0,1,1,0,1,1,1,0,1,0
73.000669,0,0,0,0,0,1,0,0,0,0,0,0,0,1,1,0,0,0
73.001738,0,0,0,0,0,0,0,1,0,0,0,0,0,0,0,0,0,1
73.009701,0,1,1,0,0,0,0,0,0,1,1,0,1,0,0,1,0,0
73.026169,1,0,0,1,0,0,1,0,0,1,1,0,1,1,1,0,1,0
73.041149,0,0,0,0,1,0,0,0,0,0,0,0,0,0,0,0,0,0
73.049908,0,0,0,0,0,0,0,1,0,0,0,0,0,0,0,0,0,1
73.050753,0,0,0,0,0,1,0,0,0,0,0,0,0,1,1,0,0,0
73.052914,0,1,1,0,0,0,0,0,0,1,1,0,1,0,0,1,0,0
73.066349,1,0,0,1,0,0,1,0,0,1,1,0,1,1,1,0,1,0
73.086888,0,0,0,0,1,0,0,0,0,0,0,0,0,0,0,0,0,0
73.089163,0,0,1,0,0,0,0,0,1,0,0,0,1,0,0,0,0,0
73.099036,0,0,0,0,0,0,0,1,0,0,0,0,0,0,0,0,0,1
73.100000,0,0,0,0,0,1,0,0,0,1,0,1,0,1,0,1,0,0
73.115065,1,0,0,1,0,0,1,0,0,1,1,0,1,1,1,0,1,0
73.136844,0,0,0,0,1,0,0,0,0,0,0,0,0,0,0,0,0,0
73.143934,0,0,1,0,0,0,0,0,1,0,0,0,1,0,0,0,0,0
73.150410,0,0,0,0,0,1,0,0,0,1,0,1,0,1,0,1,0,0
73.150713,0,0,0,0,0,0,0,1,0,0,0,0,0,0,0,0,0,1
73.166094,1,0,0,1,0,0,1,0,0,1,1,0,1,1,1,0,1,0
73.188583,0,0,0,0,1,0,0,0,0,0,0,0,0,0,0,0,0,0
73.191307,0,0,1,0,0,0,0,0,1,0,0,0,1,0,0,0,0,0
73.199593,0,0,0,0,0,1,0,0,0,1,0,1,0,1,0,1,0,0
73.202327,0,0,0,0,0,0,0,1,0,0,0,0,0,0,0,0,0,1
73.214339,1,0,0,1,0,0,1,0,0,1,1,0,1,1,1,0,1,0
73.237553,0,0,1,0,0,0,0,0,1,0,0,0,1,0,0,0,0,0
73.239602,0,0,0,0,1,0,0,0,0,0,0,0,0,0,0,0,0,0
73.248703,0,0,0,0,0,0,0,1,0,0,0,0,0,0,0,0,0,1
73.250384,0,0,0,0,0,1,0,0,0,1,0,1,0,1,0,1,0,0
73.261741,1,0,0,0,0,0,0,0,1,0,0,0,1,0,0,0,0,0
73.284720,0,0,0,0,1,0,1,0,0,1,0,1,0,1,0,0,1,0
73.298425,0,0,0,0,0,0,0,1,0,0,0,0,0,0,0,0,0,1
73.301140,0,0,0,0,0,1,0,0,0,0,0,0,0,1,1,0,0,0
73.309777,0,1,1,0,0,0,0,0,0,1,1,0,1,0,0,1,0,0
73.326152,1,0,0,1,0,0,1,0,0,1,1,0,1,1,1,0,1,0
73.336531,0,0,0,0,1,0,0,0,0,0,0,0,0,0,0,0,0,0
73.350226,0,0,0,0,0,1,0,0,0,0,0,0,0,1,1,0,0,0
73.352500,0,1,1,0,0,0,0,0,0,1,1,0,1,0,0,1,0,0
73.353568,0,0,0,0,0,0,0,1,0,0,0,0,0,0,0,0,0,1
73.366344,1,0,0,1,0,0,1,0,0,1,1,0,1,1,1,0,1,0
73.388613,0,0,1,0,0,0,0,0,1,0,0,0,1,0,0,0,0,0
73.389570,0,0,0,0,1,0,0,0,0,0,0,0,0,0,0,0,0,0
73.398776,0,0,0,0,0,1,0,0,0,1,0,1,0,1,0,1,0,0
73.402392,0,0,0,0,0,0,0,1,0,0,0,0,0,0,0,0,0,1
73.415849,1,0,0,1,0,0,1,0,0,1,1,0,1,1,1,0,1,0
73.438012,0,0,0,0,1,0,0,0,0,0,0,0,0,0,0,0,0,0
73.438910,0,0,1,0,0,0,0,0,1,0,0,0,1,0,0,0,0,0
73.448460,0,0,0,0,0,1,0,0,0,1,0,1,0,1,0,1,0,0
73.449281,0,0,0,0,0,0,0,1,0,0,0,0,0,0,0,0,0,1
73.464400,1,0,0,0,0,0,0,0,1,0,0,0,1,0,0,0,0,0
73.484027,0,0,0,0,0,0,1,0,0,1,0,1,0,1,0,0,1,0
73.487655,0,0,0,0,1,0,0,0,0,0,0,0,0,0,0,0,0,0
73.500283,0,0,0,0,0,0,0,1,0,0,0,0,0,0,0,0,0,1
73.500303,0,0,0,0,0,1,0,0,0,0,0,0,0,1,1,0,0,0
73.504585,0,1,1,0,0,0,0,0,0,1,1,0,1,0,0,1,0,0
73.519577,1,0,0,0,0,0,0,0,1,0,0,0,1,0,0,0,0,0
73.539167,0,0,0,0,1,0,1,0,0,1,0,1,0,1,0,0,1,0
73.550521,0,0,0,0,0,0,0,1,0,0,0,0,0,0,0,0,0,1
73.551415,0,0,0,0,0,1,0,0,0,0,0,0,0,1,1,0,0,0
73.560482,0,1,1,0,0,0,0,0,0,1,1,0,1,0,0,1,0,0
73.573413,1,0,0,0,0,0,0,0,1,0,0,0,1,0,0,0,0,0
73.588424,0,0,0,0,1,0,1,0,0,1,0,1,0,1,0,0,1,0
73.597715,0,0,0,0,0,0,0,1,0,0,0,0,0,0,0,0,0,1
73.600061,0,0,0,0,0,1,0,0,0,0,0,0,0,1,1,0,0,0
73.616599,0,1,1,0,0,0,0,0,0,1,1,0,1,0,0,1,0,0
73.627828,1,0,0,0,0,0,0,0,1,0,0,0,1,0,0,0,0,0
73.631451,0,0,0,0,0,0,1,0,0,1,0,1,0,1,0,0,1,0
73.632968,0,0,0,0,1,0,0,0,0,0,0,0,0,0,0,0,0,0
73.650821,0,0,0,0,0,1,0,0,0,0,0,0,0,1,1,0,0,0
73.651170,0,0,0,0,0,0,0,1,0,0,0,0,0,0,0,0,0,1
73.655208,0,1,1,0,0,0,0,0,0,1,1,0,1,0,0,1,0,0
73.673075,1,0,0,1,0,0,1,0,0,1,1,0,1,1,1,0,1,0
73.686227,0,0,0,0,1,0,0,0,0,0,0,0,0,0,0,0,0,0
73.697928,0,0,1,0,0,0,0,0,1,0,0,0,1,0,0,0,0,0
73.699599,0,0,0,0,0,0,0,1,0,0,0,0,0,0,0,0,0,1
73.700751,0,0,0,0,0,1,0,0,0,1,0,1,0,1,0,1,0,0
73.716949,1,0,0,0,0,0,0,0,1,0,0,0,1,0,0,0,0,0
73.739479,0,0,0,0,1,0,1,0,0,1,0,1,0,1,0,0,1,0
73.749410,0,0,0,0,0,1,0,0,0,0,0,0,0,1,1,0,0,0
73.753660,0,0,0,0,0,0,0,1,0,0,0,0,0,0,0,0,0,1
73.767450,0,1,1,0,0,0,0,0,0,1,1,0,1,0,0,1,0,0
73.779608,1,0,0,0,0,0,0,0,1,0,0,0,1,0,0,0,0,0
73.790347,0,0,0,0,1,0,1,0,0,1,0,1,0,1,0,0,1,0
73.799400,0,0,0,0,0,1,0,0,0,0,0,0,0,1,1,0,0,0
73.801574,0,0,0,0,0,0,0,1,0,0,0,0,0,0,0,0,0,1
73.812922,0,1,1,0,0,0,0,0,0,1,1,0,1,0,0,1,0,0
73.832148,1,0,0,1,0,0,1,0,0,1,1,0,1,1,1,0,1,0
73.835014,0,0,0,0,1,0,0,0,0,0,0,0,0,0,0,0,0,0
73.849394,0,0,0,0,0,1,0,0,0,0,0,0,0,1,1,0,0,0
73.851650,0,0,0,0,0,0,0,1,0,0,0,0,0,0,0,0,0,1
73.855449,0,1,1,0,0,0,0,0,0,1,1,0,1,0,0,1,0,0
73.870319,1,0,0,1,0,0,1,0,0,1,1,0,1,1,1,0,1,0
73.884201,0,0,0,0,1,0,0,0,0,0,0,0,0,0,0,0,0,0
73.894509,0,0,1,0,0,0,0,0,1,0,0,0,1,0,0,0,0,0
73.899584,0,0,0,0,0,1,0,0,0,1,0,1,0,1,0,1,0,0
73.901508,0,0,0,0,0,0,0,1,0,0,0,0,0,0,0,0,0,1
73.912133,1,0,0,1,0,0,1,0,0,1,1,0,1,1,1,0,1,0
73.932916,0,0,1,0,0,0,0,0,1,0,0,0,1,0,0,0,0,0
73.936137,0,0,0,0,1,0,0,0,0,0,0,0,0,0,0,0,0,0
73.949532,0,0,0,0,0,1,0,0,0,1,0,1,0,1,0,1,0,0
73.951300,0,0,0,0,0,0,0,1,0,0,0,0,0,0,0,0,0,1
73.961407,1,0,0,1,0,0,1,0,0,1,1,0,1,1,1,0,1,0
73.982080,0,0,1,0,0,0,0,0,1,0,0,0,1,0,0,0,0,0
73.988551,0,0,0,0,1,0,0,0,0,0,0,0,0,0,0,0,0,0
73.998076,0,0,0,0,0,0,0,1,0,0,0,0,0,0,0,0,0,1
73.999508,0,0,0,0,0,1,0,0,0,1,0,1,0,1,0,1,0,0
74.014938,1,0,0,0,0,0,0,0,1,0,0,0,1,0,0,0,0,0
74.036153,0,0,0,0,1,0,1,0,0,1,0,1,0,1,0,0,1,0
74.046261,0,0,0,0,0,0,0,1,0,0,0,0,0,0,0,0,0,1
74.051256,0,0,0,0,0,1,0,0,0,0,0,0,0,1,1,0,0,0
74.064388,0,1,1,0,0,0,0,0,0,1,1,0,1,0,0,1,0,0
74.079810,1,0,0,0,0,0,0,0,1,0,0,0,1,0,0,0,0,0
74.083434,0,0,0,0,1,0,1,0,0,1,0,1,0,1,0,0,1,0
74.098234,0,0,0,0,0,0,0,1,0,0,0,0,0,0,0,0,0,1
74.099673,0,0,0,0,0,1,0,0,0,0,0,0,0,1,1,0,0,0
74.104394,0,1,1,0,0,0,0,0,0,1,1,0,1,0,0,1,0,0
74.119600,1,0,0,0,0,0,0,0,1,0,0,0,1,0,0,0,0,0
74.137970,0,0,0,0,1,0,1,0,0,1,0,1,0,1,0,0,1,0
74.149715,0,0,0,0,0,1,0,0,0,0,0,0,0,1,1,0,0,0
74.150089,0,0,0,0,0,0,0,1,0,0,0,0,0,0,0,0,0,1
74.158960,0,1,1,0,0,0,0,0,0,1,1,0,1,0,0,1,0,0
74.169584,1,0,0,0,0,0,0,0,1,0,0,0,1,0,0,0,0,0
74.186892,0,0,0,0,1,0,0,0,0,0,0,0,0,0,0,0,0,0
74.192302,0,0,0,0,0,0,1,0,0,1,0,1,0,1,0,0,1,0
74.198272,0,0,0,0,0,0,0,1,0,0,0,0,0,0,0,0,0,1
74.199572,0,0,0,0,0,1,0,0,0,0,0,0,0,1,1,0,0,0
74.213589,0,1,1,0,0,0,0,0,0,1,1,0,1,0,0,1,0,0
74.229645,1,0,0,0,0,0,0,0,1,0,0,0,1,0,0,0,0,0
74.231951,0,0,0,0,1,0,0,0,0,0,0,0,0,0,0,0,0,0
74.251138,0,0,0,0,0,1,1,0,0,1,0,1,0,1,0,1,0,0
74.252340,0,0,0,0,0,0,0,1,0,0,0,0,0,0,0,0,0,1
74.267439,1,0,0,1,0,0,0,0,0,1,1,0,1,0,0,0,1,0
74.288531,0,0,0,0,1,0,0,0,0,0,0,0,0,0,0,0,0,0
74.290376,0,0,1,0,0,0,0,0,1,0,0,0,1,0,0,0,0,0
74.300527,0,0,0,0,0,1,0,0,0,1,0,1,0,1,0,1,0,0
74.303722,0,0,0,0,0,0,0,1,0,0,0,0,0,0,0,0,0,1
74.313366,1,0,0,1,0,0,1,0,0,1,1,0,1,1,1,0,1,0
74.342879,0,0,0,0,1,0,0,0,0,0,0,0,0,0,0,0,0,0
74.343185,0,0,1,1,0,0,1,0,0,1,1,0,1,1,1,0,1,0
74.347144,0,0,0,0,0,0,0,1,0,0,0,0,0,0,0,0,0,1
74.349945,0,0,0,0,0,1,0,0,0,0,0,0,0,1,1,0,0,0
74.370578,0,1,1,0,0,0,0,0,0,1,1,0,1,0,0,1,0,0
74.383211,0,0,0,0,1,0,0,0,0,0,0,0,0,0,0,0,0,0
74.384868,1,0,0,1,0,0,1,0,0,1,1,0,1,1,1,0,1,0
74.400036,0,0,0,0,0,1,0,0,0,0,0,0,0,1,1,0,0,0
74.402494,0,0,0,0,0,0,0,1,0,0,0,0,0,0,0,0,0,1
74.408770,0,1,1,0,0,0,0,0,0,1,1,0,1,0,0,1,0,0
74.427341,1,0,0,0,0,0,0,0,1,0,0,0,1,0,0,0,0,0
74.438047,0,0,0,0,1,0,1,0,0,1,0,1,0,1,0,0,1,0
74.450727,0,0,0,0,0,1,0,0,0,0,0,0,0,1,1,0,0,0
74.451174,0,0,0,0,0,0,0,1,0,0,0,0,0,0,0,0,0,1
74.459185,0,1,1,0,0,0,0,0,0,1,1,0,1,0,0,1,0,0
74.473292,1,0,0,0,0,0,0,0,1,0,0,0,1,0,0,0,0,0
74.478979,0,0,0,0,0,0,1,0,0,1,0,1,0,1,0,0,1,0
74.484496,0,0,0,0,1,0,0,0,0,0,0,0,0,0,0,0,0,0
74.500563,0,0,0,0,0,1,0,0,0,0,0,0,0,1,1,0,0,0
74.503034,0,0,0,0,0,0,0,1,0,0,0,0,0,0,0,0,0,1
74.505969,0,1,1,0,0,0,0,0,0,1,1,0,1,0,0,1,0,0
74.517591,1,0,0,0,0,0,0,0,1,0,0,0,1,0,0,0,0,0
74.540991,0,0,0,0,1,0,1,0,0,1,0,1,0,1,0,0,1,0
74.550575,0,0,0,0,0,0,0,1,0,0,0,0,0,0,0,0,0,1
74.551637,0,0,0,0,0,1,0,0,0,0,0,0,0,1,1,0,0,0
74.562739,0,1,1,0,0,0,0,0,0,1,1,0,1,0,0,1,0,0
74.574504,1,0,0,1,0,0,1,0,0,1,1,0,1,1,1,0,1,0
74.586953,0,0,0,0,1,0,0,0,0,0,0,0,0,0,0,0,0,0
74.598483,0,0,1,0,0,0,0,0,1,0,0,0,1,0,0,0,0,0
74.598987,0,0,0,0,0,1,0,0,0,1,0,1,0,1,0,1,0,0
74.601618,0,0,0,0,0,0,0,1,0,0,0,0,0,0,0,0,0,1
74.616347,1,0,0,0,0,0,0,0,1,0,0,0,1,0,0,0,0,0
74.634499,0,0,0,0,1,0,1,0,0,1,0,1,0,1,0,0,1,0
74.648638,0,0,0,0,0,0,0,1,0,0,0,0,0,0,0,0,0,1
74.649526,0,0,0,0,0,1,0,0,0,0,0,0,0,1,1,0,0,0
74.660113,0,1,1,0,0,0,0,0,0,1,1,0,1,0,0,1,0,0
74.676855,1,0,0,1,0,0,1,0,0,1,1,0,1,1,1,0,1,0
74.684719,0,0,0,0,1,0,0,0,0,0,0,0,0,0,0,0,0,0
74.698526,0,0,0,0,0,1,0,0,0,0,0,0,0,1,1,0,0,0
74.700135,0,0,0,0,0,0,0,1,0,0,0,0,0,0,0,0,0,1
74.706154,0,1,1,0,0,0,0,0,0,1,1,0,1,0,0,1,0,0
74.721782,1,0,0,0,0,0,0,0,1,0,0,0,1,0,0,0,0,0
74.733746,0,0,0,0,1,0,1,0,0,1,0,1,0,1,0,0,1,0
74.749710,0,0,0,0,0,1,0,0,0,0,0,0,0,1,1,0,0,0
74.751830,0,0,0,0,0,0,0,1,0,0,0,0,0,0,0,0,0,1
74.761729,0,1,1,0,0,0,0,0,0,1,1,0,1,0,0,1,0,0
74.779402,1,0,0,1,0,0,1,0,0,1,1,0,1,1,1,0,1,0
74.783654,0,0,0,0,1,0,0,0,0,0,0,0,0,0,0,0,0,0
74.799342,0,0,0,0,0,0,0,1,0,0,0,0,0,0,0,0,0,1
74.800229,0,0,0,0,0,1,0,0,0,0,0,0,0,1,1,0,0,0
74.807140,0,1,1,0,0,0,0,0,0,1,1,0,1,0,0,1,0,0
74.818200,1,0,0,1,0,0,1,0,0,1,1,0,1,1,1,0,1,0
74.836123,0,0,0,0,1,0,0,0,0,0,0,0,0,0,0,0,0,0
74.841035,0,0,1,0,0,0,0,0,1,0,0,0,1,0,0,0,0,0
74.850016,0,0,0,0,0,1,0,0,0,1,0,1,0,1,0,1,0,0
74.850823,0,0,0,0,0,0,0,1,0,0,0,0,0,0,0,0,0,1
74.860251,1,0,0,0,0,0,0,0,1,0,0,0,1,0,0,0,0,0
74.882692,0,0,0,0,1,0,0,0,0,0,0,0,0,0,0,0,0,0
74.896111,0,0,0,0,0,0,0,1,0,0,0,0,0,0,0,0,0,1
74.900956,0,0,0,0,0,1,0,0,0,1,0,1,0,1,0,1,0,0
74.910409,0,0,0,0,0,0,1,0,0,0,0,0,0,1,1,0,0,0
74.916431,1,0,0,1,0,0,0,0,0,1,1,0,1,0,0,0,1,0
74.934688,0,0,0,0,1,0,1,0,0,0,0,0,0,1,1,0,0,0
74.944920,0,0,1,1,0,0,0,0,0,1,1,0,1,0,0,0,1,0
74.946238,0,0,0,0,0,0,0,1,0,0,0,0,0,0,0,0,0,1
74.949242,0,0,0,0,0,1,0,0,0,0,0,0,0,1,1,0,0,0
74.969744,0,1,1,0,0,0,0,0,0,1,1,0,1,0,0,1,0,0
74.980403,0,0,0,0,1,0,0,0,0,0,0,0,0,0,0,0,0,0
74.985049,1,0,0,0,0,0,0,0,1,0,0,0,1,0,0,0,0,0
74.994255,0,0,0,0,0,0,1,0,0,1,0,1,0,1,0,0,1,0
74.998895,0,0,0,0,0,1,0,0,0,0,0,0,0,1,1,0,0,0
75.001692,0,0,0,0,0,0,0,1,0,0,0,0,0,0,0,0,0,1
75.016257,0,1,1,0,0,0,0,0,0,1,1,0,1,0,0,1,0,0
75.029616,1,0,0,0,0,0,0,0,1,0,0,0,1,0,0,0,0,0
75.031030,0,0,0,0,0,0,1,0,0,1,0,1,0,1,0,0,1,0
75.035460,0,0,0,0,1,0,0,0,0,0,0,0,0,0,0,0,0,0
75.048997,0,0,0,0,0,0,0,1,0,0,0,0,0,0,0,0,0,1
75.050786,0,0,0,0,0,1,0,0,0,0,0,0,0,1,1,0,0,0
75.056639,0,1,1,0,0,0,0,0,0,1,1,0,1,0,0,1,0,0
75.068710,1,0,0,1,0,0,1,0,0,1,1,0,1,1,1,0,1,0
75.084936,0,0,0,0,1,0,0,0,0,0,0,0,0,0,0,0,0,0
75.092328,0,0,1,0,0,0,0,0,1,0,0,0,1,0,0,0,0,0
75.101546,0,0,0,0,0,1,0,0,0,1,0,1,0,1,0,1,0,0
75.103507,0,0,0,0,0,0,0,1,0,0,0,0,0,0,0,0,0,1
75.112712,1,0,0,0,0,0,0,0,1,0,0,0,1,0,0,0,0,0
75.136447,0,0,0,0,1,0,1,0,0,1,0,1,0,1,0,0,1,0
75.150177,0,0,0,0,0,1,0,0,0,0,0,0,0,1,1,0,0,0
75.151520,0,0,0,0,0,0,0,1,0,0,0,0,0,0,0,0,0,1
75.160596,0,1,1,0,0,0,0,0,0,1,1,0,1,0,0,1,0,0
75.173020,1,0,0,1,0,0,1,0,0,1,1,0,1,1,1,0,1,0
75.184497,0,0,0,0,1,0,0,0,0,0,0,0,0,0,0,0,0,0
75.195043,0,0,1,0,0,0,0,0,1,0,0,0,1,0,0,0,0,0
75.199142,0,0,0,0,0,1,0,0,0,1,0,1,0,1,0,1,0,0
75.200444,0,0,0,0,0,0,0,1,0,0,0,0,0,0,0,0,0,1
75.212743,1,0,0,1,0,0,1,0,0,1,1,0,1,1,1,0,1,0
75.234519,0,0,0,0,1,0,0,0,0,0,0,0,0,0,0,0,0,0
75.240816,0,0,1,0,0,0,0,0,1,0,0,0,1,0,0,0,0,0
75.248644,0,0,0,0,0,1,0,0,0,1,0,1,0,1,0,1,0,0
75.252168,0,0,0,0,0,0,0,1,0,0,0,0,0,0,0,0,0,1
75.266755,1,0,0,0,0,0,0,0,1,0,0,0,1,0,0,0,0,0
75.289859,0,0,0,0,1,0,1,0,0,1,0,1,0,1,0,0,1,0
75.298755,0,0,0,0,0,1,0,0,0,0,0,0,0,1,1,0,0,0
75.299616,0,0,0,0,0,0,0,1,0,0,0,0,0,0,0,0,0,1
75.311216,0,1,1,0,0,0,0,0,0,1,1,0,1,0,0,1,0,0
75.326673,1,0,0,0,0,0,0,0,1,0,0,0,1,0,0,0,0,0
75.338249,0,0,0,0,1,0,1,0,0,1,0,1,0,1,0,0,1,0
75.347211,0,0,0,0,0,0,0,1,0,0,0,0,0,0,0,0,0,1
75.349176,0,0,0,0,0,1,0,0,0,0,0,0,0,1,1,0,0,0
75.358251,0,1,1,0,0,0,0,0,0,1,1,0,1,0,0,1,0,0
75.377290,1,0,0,0,0,0,0,0,1,0,0,0,1,0,0,0,0,0
75.377610,0,0,0,0,0,0,1,0,0,1,0,1,0,1,0,0,1,0
75.377931,0,0,0,0,1,0,0,0,0,0,0,0,0,0,0,0,0,0
75.397067,0,0,0,0,0,0,0,1,0,0,0,0,0,0,0,0,0,1
75.401174,0,0,0,0,0,1,0,0,0,0,0,0,0,1,1,0,0,0
75.401917,0,1,1,0,0,0,0,0,0,1,1,0,1,0,0,1,0,0
75.421846,1,0,0,1,0,0,1,0,0,1,1,0,1,1,1,0,1,0
75.431654,0,0,0,0,1,0,0,0,0,0,0,0,0,0,0,0,0,0
75.445142,0,0,1,0,0,0,0,0,1,0,0,0,1,0,0,0,0,0
75.448926,0,0,0,0,0,0,0,1,0,0,0,0,0,0,0,0,0,1
75.450775,0,0,0,0,0,1,0,0,0,1,0,1,0,1,0,1,0,0
75.463835,1,0,0,0,0,0,0,0,1,0,0,0,1,0,0,0,0,0
75.477522,0,0,0,0,0,0,1,0,0,1,0,1,0,1,0,0,1,0
75.482663,0,0,0,0,1,0,0,0,0,0,0,0,0,0,0,0,0,0
75.497056,0,0,0,0,0,0,0,1,0,0,0,0,0,0,0,0,0,1
75.500926,0,0,0,0,0,1,0,0,0,0,0,0,0,1,1,0,0,0
75.505089,0,1,1,0,0,0,0,0,0,1,1,0,1,0,0,1,0,0
75.522494,1,0,0,0,0,0,0,0,1,0,0,0,1,0,0,0,0,0
75.527772,0,0,0,0,0,0,1,0,0,1,0,1,0,1,0,0,1,0
75.534065,0,0,0,0,1,0,0,0,0,0,0,0,0,0,0,0,0,0
75.546604,0,0,0,0,0,0,0,1,0,0,0,0,0,0,0,0,0,1
75.550683,0,0,0,0,0,1,0,0,0,0,0,0,0,1,1,0,0,0
75.556868,0,1,1,0,0,0,0,0,0,1,1,0,1,0,0,1,0,0
75.567883,1,0,0,0,0,0,0,0,1,0,0,0,1,0,0,0,0,0
75.572594,0,0,0,0,0,0,1,0,0,1,0,1,0,1,0,0,1,0
75.586184,0,0,0,0,1,0,0,0,0,0,0,0,0,0,0,0,0,0
75.598294,0,0,0,0,0,0,0,1,0,0,0,0,0,0,0,0,0,1
75.599420,0,0,0,0,0,1,0,0,0,0,0,0,0,1,1,0,0,0
75.601321,0,1,1,0,0,0,0,0,0,1,1,0,1,0,0,1,0,0
75.617277,1,0,0,1,0,0,1,0,0,1,1,0,1,1,1,0,1,0
75.637163,0,0,0,0,1,0,0,0,0,0,0,0,0,0,0,0,0,0
75.645587,0,0,1,0,0,0,0,0,1,0,0,0,1,0,0,0,0,0
75.650265,0,0,0,0,0,1,0,0,0,1,0,1,0,1,0,1,0,0
75.653507,0,0,0,0,0,0,0,1,0,0,0,0,0,0,0,0,0,1
75.669710,1,0,0,0,0,0,0,0,1,0,0,0,1,0,0,0,0,0
75.691812,0,0,0,0,1,0,0,0,0,0,0,0,0,0,0,0,0,0
75.700369,0,0,0,0,0,1,0,0,0,1,0,1,0,1,0,1,0,0
75.701631,0,0,0,0,0,0,1,1,0,0,0,0,0,1,1,0,0,1
75.714092,1,0,0,1,0,0,0,0,0,1,1,0,1,0,0,0,1,0
75.737194,0,0,1,0,0,0,0,0,1,0,0,0,1,0,0,0,0,0
75.737477,0,0,0,0,1,0,1,0,0,1,0,1,0,1,0,0,1,0
75.750123,0,0,0,0,0,1,0,0,0,0,0,0,0,1,1,0,0,0
75.751715,0,0,0,0,0,0,0,1,0,0,0,0,0,0,0,0,0,1
75.764148,0,1,1,0,0,0,0,0,0,1,1,0,1,0,0,1,0,0
75.777604,1,0,0,1,0,0,1,0,0,1,1,0,1,1,1,0,1,0
75.787220,0,0,0,0,1,0,0,0,0,0,0,0,0,0,0,0,0,0
75.798122,0,0,1,0,0,0,0,0,1,0,0,0,1,0,0,0,0,0
75.799449,0,0,0,0,0,0,0,1,0,0,0,0,0,0,0,0,0,1
75.800663,0,0,0,0,0,1,0,0,0,1,0,1,0,1,0,1,0,0
75.813994,1,0,0,1,0,0,1,0,0,1,1,0,1,1,1,0,1,0
75.837085,0,0,1,0,0,0,0,0,1,0,0,0,1,0,0,0,0,0
75.839112,0,0,0,0,1,0,0,0,0,0,0,0,0,0,0,0,0,0
75.849445,0,0,0,0,0,1,0,0,0,1,0,1,0,1,0,1,0,0
75.852290,0,0,0,0,0,0,0,1,0,0,0,0,0,0,0,0,0,1
75.861578,1,0,0,0,0,0,0,0,1,0,0,0,1,0,0,0,0,0
75.885365,0,0,0,0,1,0,1,0,0,1,0,1,0,1,0,0,1,0
75.898537,0,0,0,0,0,1,0,0,0,0,0,0,0,1,1,0,0,0
75.900072,0,0,0,0,0,0,0,1,0,0,0,0,0,0,0,0,0,1
75.914235,0,1,1,0,0,0,0,0,0,1,1,0,1,0,0,1,0,0
75.928438,1,0,0,0,0,0,0,0,1,0,0,0,1,0,0,0,0,0
75.938712,0,0,0,0,1,0,0,0,0,0,0,0,0,0,0,0,0,0
75.949561,0,0,0,0,0,1,0,0,0,1,0,1,0,1,0,1,0,0
75.949950,0,0,0,0,0,0,1,1,0,0,0,0,0,1,1,0,0,1
75.962694,1,0,0,1,0,0,1,0,0,1,1,0,1,1,1,0,1,0
75.988525,0,0,0,0,1,0,0,0,0,0,0,0,0,0,0,0,0,0
75.991115,0,0,1,1,0,0,0,0,0,1,1,0,1,0,0,0,1,0
75.997199,0,0,0,0,0,0,0,1,0,0,0,0,0,0,0,0,0,1
75.998987,0,0,0,0,0,1,0,0,0,0,0,0,0,1,1,0,0,0
76.013206,0,1,1,0,0,0,0,0,0,1,1,0,1,0,0,1,0,0
76.027447,1,0,0,0,0,0,0,0,1,0,0,0,1,0,0,0,0,0
76.034332,0,0,0,0,1,0,1,0,0,1,0,1,0,1,0,0,1,0
76.049800,0,0,0,0,0,1,0,0,0,0,0,0,0,1,1,0,0,0
76.053482,0,0,0,0,0,0,0,1,0,0,0,0,0,0,0,0,0,1
76.057880,0,1,1,0,0,0,0,0,0,1,1,0,1,0,0,1,0,0
76.071671,1,0,0,0,0,0,0,0,1,0,0,0,1,0,0,0,0,0
76.090547,0,0,0,0,1,0,1,0,0,1,0,1,0,1,0,0,1,0
76.098159,0,0,0,0,0,0,0,1,0,0,0,0,0,0,0,0,0,1
76.100134,0,0,0,0,0,1,0,0,0,0,0,0,0,1,1,0,0,0
76.112341,0,1,1,0,0,0,0,0,0,1,1,0,1,0,0,1,0,0
76.124837,1,0,0,0,0,0,0,0,1,0,0,0,1,0,0,0,0,0
76.136493,0,0,0,0,1,0,0,0,0,0,0,0,0,0,0,0,0,0
76.147437,0,0,0,0,0,0,1,1,0,1,0,1,0,1,0,0,1,1
76.148650,0,0,0,0,0,1,0,0,0,0,0,0,0,1,1,0,0,0
76.170687,0,1,1,0,0,0,0,0,0,1,1,0,1,0,0,1,0,0
76.181558,0,0,0,0,1,0,0,0,0,0,0,0,0,0,0,0,0,0
76.182022,1,0,0,0,0,0,0,0,1,0,0,0,1,0,0,0,0,0
76.185710,0,0,0,0,0,0,1,0,0,1,0,1,0,1,0,0,1,0
76.200336,0,0,0,0,0,0,0,1,0,0,0,0,0,0,0,0,0,1
76.200930,0,0,0,0,0,1,0,0,0,0,0,0,0,1,1,0,0,0
76.208404,0,1,1,0,0,0,0,0,0,1,1,0,1,0,0,1,0,0
76.218503,1,0,0,1,0,0,1,0,0,1,1,0,1,1,1,0,1,0
76.238416,0,0,0,0,1,0,0,0,0,0,0,0,0,0,0,0,0,0
76.244858,0,0,1,0,0,0,0,0,1,0,0,0,1,0,0,0,0,0
76.251342,0,0,0,0,0,1,0,0,0,1,0,1,0,1,0,1,0,0
76.253674,0,0,0,0,0,0,0,1,0,0,0,0,0,0,0,0,0,1
76.261559,1,0,0,0,0,0,0,0,1,0,0,0,1,0,0,0,0,0
76.288538,0,0,0,0,0,0,1,0,0,1,0,1,0,1,0,0,1,0
76.292614,0,0,0,0,1,0,0,0,0,0,0,0,0,0,0,0,0,0
76.296942,0,0,0,0,0,0,0,1,0,0,0,0,0,0,0,0,0,1
76.300559,0,0,0,0,0,1,0,0,0,0,0,0,0,1,1,0,0,0
76.309630,0,1,1,0,0,0,0,0,0,1,1,0,1,0,0,1,0,0
76.325594,1,0,0,0,0,0,0,0,1,0,0,0,1,0,0,0,0,0
76.332599,0,0,0,0,1,0,0,0,0,0,0,0,0,0,0,0,0,0
76.349000,0,0,0,0,0,0,1,1,0,1,0,1,0,1,0,0,1,1
76.350598,0,0,0,0,0,1,0,0,0,0,0,0,0,1,1,0,0,0
76.371531,0,1,1,0,0,0,0,0,0,1,1,0,1,0,0,1,0,0
76.381007,0,0,0,0,1,0,0,0,0,0,0,0,0,0,0,0,0,0
76.382303,1,0,0,1,0,0,1,0,0,1,1,0,1,1,1,0,1,0
76.397098,0,0,0,0,0,0,0,1,0,0,0,0,0,0,0,0,0,1
76.400552,0,0,0,0,0,1,0,0,0,0,0,0,0,1,1,0,0,0
76.402635,0,1,1,0,0,0,0,0,0,1,1,0,1,0,0,1,0,0
76.416289,1,0,0,1,0,0,1,0,0,1,1,0,1,1,1,0,1,0
76.431441,0,0,0,0,1,0,0,0,0,0,0,0,0,0,0,0,0,0
76.442703,0,0,1,0,0,0,0,0,1,0,0,0,1,0,0,0,0,0
76.448520,0,0,0,0,0,1,0,0,0,1,0,1,0,1,0,1,0,0
76.448800,0,0,0,0,0,0,0,1,0,0,0,0,0,0,0,0,0,1
76.461503,1,0,0,0,0,0,0,0,1,0,0,0,1,0,0,0,0,0
76.482646,0,0,0,0,1,0,1,0,0,1,0,1,0,1,0,0,1,0
76.500724,0,0,0,0,0,1,0,0,0,0,0,0,0,1,1,0,0,0
76.501316,0,0,0,0,0,0,0,1,0,0,0,0,0,0,0,0,0,1
76.506466,0,1,1,0,0,0,0,0,0,1,1,0,1,0,0,1,0,0
76.522500,1,0,0,0,0,0,0,0,1,0,0,0,1,0,0,0,0,0
76.539662,0,0,0,0,1,0,0,0,0,0,0,0,0,0,0,0,0,0
76.546127,0,0,0,0,0,0,1,0,0,1,0,1,0,1,0,0,1,0
76.551160,0,0,0,0,0,1,0,0,0,0,0,0,0,1,1,0,0,0
76.551622,0,0,0,0,0,0,0,1,0,0,0,0,0,0,0,0,0,1
76.567268,0,1,1,0,0,0,0,0,0,1,1,0,1,0,0,1,0,0
76.584909,1,0,0,1,0,0,1,0,0,1,1,0,1,1,1,0,1,0
76.589492,0,0,0,0,1,0,0,0,0,0,0,0,0,0,0,0,0,0
76.599170,0,0,0,0,0,1,0,0,0,0,0,0,0,1,1,0,0,0
76.603866,0,0,0,0,0,0,0,1,0,0,0,0,0,0,0,0,0,1
76.612539,0,1,1,0,0,0,0,0,0,1,1,0,1,0,0,1,0,0
76.630843,1,0,0,1,0,0,1,0,0,1,1,0,1,1,1,0,1,0
76.642287,0,0,0,0,1,0,0,0,0,0,0,0,0,0,0,0,0,0
76.646802,0,0,0,0,0,0,0,1,0,0,0,0,0,0,0,0,0,1
76.650035,0,0,0,0,0,1,0,0,0,0,0,0,0,1,1,0,0,0
76.652064,0,1,1,0,0,0,0,0,0,1,1,0,1,0,0,1,0,0
76.665355,1,0,0,1,0,0,1,0,0,1,1,0,1,1,1,0,1,0
76.684331,0,0,0,0,1,0,0,0,0,0,0,0,0,0,0,0,0,0
76.688532,0,0,1,0,0,0,0,0,1,0,0,0,1,0,0,0,0,0
76.699109,0,0,0,0,0,0,0,1,0,0,0,0,0,0,0,0,0,1
76.700378,0,0,0,0,0,1,0,0,0,1,0,1,0,1,0,1,0,0
76.714933,1,0,0,1,0,0,1,0,0,1,1,0,1,1,1,0,1,0
76.735056,0,0,1,0,0,0,0,0,1,0,0,0,1,0,0,0,0,0
76.739044,0,0,0,0,1,0,0,0,0,0,0,0,0,0,0,0,0,0
76.748750,0,0,0,0,0,1,0,0,0,1,0,1,0,1,0,1,0,0
76.751580,0,0,0,0,0,0,0,1,0,0,0,0,0,0,0,0,0,1
76.765870,1,0,0,1,0,0,1,0,0,1,1,0,1,1,1,0,1,0
76.788852,0,0,0,0,1,0,0,0,0,0,0,0,0,0,0,0,0,0
76.794899,0,0,1,0,0,0,0,0,1,0,0,0,1,0,0,0,0,0
76.800866,0,0,0,0,0,1,0,0,0,1,0,1,0,1,0,1,0,0
76.803165,0,0,0,0,0,0,0,1,0,0,0,0,0,0,0,0,0,1
76.811673,1,0,0,0,0,0,0,0,1,0,0,0,1,0,0,0,0,0
76.836467,0,0,0,0,1,0,1,0,0,1,0,1,0,1,0,0,1,0
76.848713,0,0,0,0,0,0,0,1,0,0,0,0,0,0,0,0,0,1
76.849064,0,0,0,0,0,1,0,0,0,0,0,0,0,1,1,0,0,0
76.865926,0,1,1,0,0,0,0,0,0,1,1,0,1,0,0,1,0,0
76.882852,1,0,0,0,0,0,0,0,1,0,0,0,1,0,0,0,0,0
76.883010,0,0,0,0,0,0,1,0,0,1,0,1,0,1,0,0,1,0
76.883168,0,0,0,0,1,0,0,0,0,0,0,0,0,0,0,0,0,0
76.898607,0,0,0,0,0,1,0,0,0,0,0,0,0,1,1,0,0,0
76.903151,0,0,0,0,0,0,0,1,0,0,0,0,0,0,0,0,0,1
76.907042,0,1,1,0,0,0,0,0,0,1,1,0,1,0,0,1,0,0
76.919358,1,0,0,0,0,0,0,0,1,0,0,0,1,0,0,0,0,0
76.931951,0,0,0,0,0,0,1,0,0,1,0,1,0,1,0,0,1,0
76.938851,0,0,0,0,1,0,0,0,0,0,0,0,0,0,0,0,0,0
76.948545,0,0,0,0,0,1,0,0,0,0,0,0,0,1,1,0,0,0
76.950633,0,0,0,0,0,0,0,1,0,0,0,0,0,0,0,0,0,1
76.958509,0,1,1,0,0,0,0,0,0,1,1,0,1,0,0,1,0,0
76.971971,1,0,0,1,0,0,1,0,0,1,1,0,1,1,1,0,1,0
76.987050,0,0,0,0,1,0,0,0,0,0,0,0,0,0,0,0,0,0
76.999557,0,0,1,0,0,0,0,0,1,0,0,0,1,0,0,0,0,0
76.999927,0,0,0,0,0,1,0,0,0,1,0,1,0,1,0,1,0,0
77.000020,0,0,0,0,0,0,0,1,0,0,0,0,0,0,0,0,0,1
77.013970,1,0,0,0,0,0,0,0,1,0,0,0,1,0,0,0,0,0
77.027032,0,0,0,0,0,0,1,0,0,1,0,1,0,1,0,0,1,0
77.030933,0,0,0,0,1,0,0,0,0,0,0,0,0,0,0,0,0,0
77.049362,0,0,0,0,0,1,0,0,0,0,0,0,0,1,1,0,0,0
77.052355,0,0,0,0,0,0,0,1,0,0,0,0,0,0,0,0,0,1
77.054491,0,1,1,0,0,0,0,0,0,1,1,0,1,0,0,1,0,0
77.068259,1,0,0,1,0,0,1,0,0,1,1,0,1,1,1,0,1,0
77.091211,0,0,0,0,1,0,0,0,0,0,0,0,0,0,0,0,0,0
77.094305,0,0,1,0,0,0,0,0,1,0,0,0,1,0,0,0,0,0
77.100542,0,0,0,0,0,1,0,0,0,1,0,1,0,1,0,1,0,0
77.101206,0,0,0,0,0,0,0,1,0,0,0,0,0,0,0,0,0,1
77.114112,1,0,0,0,0,0,0,0,1,0,0,0,1,0,0,0,0,0
77.137901,0,0,0,0,1,0,0,0,0,0,0,0,0,0,0,0,0,0
77.148633,0,0,0,0,0,0,1,0,0,1,0,1,0,1,0,0,1,0
77.151218,0,0,0,0,0,1,0,0,0,0,0,0,0,1,1,0,0,0
77.153477,0,0,0,0,0,0,0,1,0,0,0,0,0,0,0,0,0,1
77.173472,0,1,1,0,0,0,0,0,0,1,1,0,1,0,0,1,0,0
77.190509,0,0,0,0,1,0,0,0,0,0,0,0,0,0,0,0,0,0
77.190808,1,0,0,0,0,0,0,0,1,0,0,0,1,0,0,0,0,0
77.197503,0,0,0,0,0,0,1,1,0,1,0,1,0,1,0,0,1,1
77.201591,0,0,0,0,0,1,0,0,0,0,0,0,0,1,1,0,0,0
77.221218,0,1,1,0,0,0,0,0,0,1,1,0,1,0,0,1,0,0
77.235377,0,0,0,0,1,0,0,0,0,0,0,0,0,0,0,0,0,0
77.238214,1,0,0,0,0,0,0,0,1,0,0,0,1,0,0,0,0,0
77.249716,0,0,0,0,0,1,1,0,0,1,0,1,0,1,0,1,0,0
77.253787,0,0,0,0,0,0,0,1,0,0,0,0,0,0,0,0,0,1
77.263259,1,0,0,1,0,0,1,0,0,1,1,0,1,1,1,0,1,0
77.284327,0,0,1,1,0,0,0,0,0,1,1,0,1,0,0,0,1,0
77.292342,0,0,0,0,1,0,0,0,0,0,0,0,0,0,0,0,0,0
77.298717,0,0,0,0,0,0,0,1,0,0,0,0,0,0,0,0,0,1
77.299300,0,0,0,0,0,1,0,0,0,0,0,0,0,1,1,0,0,0
77.305621,0,1,1,0,0,0,0,0,0,1,1,0,1,0,0,1,0,0
77.324383,1,0,0,0,0,0,0,0,1,0,0,0,1,0,0,0,0,0
77.329428,0,0,0,0,1,0,0,0,0,0,0,0,0,0,0,0,0,0
77.351199,0,0,0,0,0,1,1,0,0,1,0,1,0,1,0,0,1,0
77.352656,0,0,0,0,0,0,0,1,0,0,0,0,0,0,0,0,0,1
77.372409,0,1,1,0,0,0,0,0,0,1,1,0,1,0,0,1,0,0
77.387843,0,0,0,0,1,0,0,0,0,0,0,0,0,0,0,0,0,0
77.391132,1,0,0,0,0,0,0,0,1,0,0,0,1,0,0,0,0,0
77.398214,0,0,0,0,0,0,0,1,0,0,0,0,0,0,0,0,0,1
77.398434,0,0,0,0,0,0,1,0,0,1,0,1,0,1,0,0,1,0
77.398653,0,0,0,0,0,1,0,0,0,0,0,0,0,1,1,0,0,0
77.427089,0,1,1,0,0,0,0,0,0,1,1,0,1,0,0,1,0,0
77.432835,0,0,0,0,1,0,0,0,0,0,0,0,0,0,0,0,0,0
77.444271,1,0,0,1,0,0,1,0,0,1,1,0,1,1,1,0,1,0
77.448366,0,0,0,0,0,0,0,1,0,0,0,0,0,0,0,0,0,1
77.449532,0,0,0,0,0,1,0,0,0,0,0,0,0,1,1,0,0,0
77.466491,0,1,1,0,0,0,0,0,0,1,1,0,1,0,0,1,0,0
77.477610,1,0,0,0,0,0,0,0,1,0,0,0,1,0,0,0,0,0
77.484549,0,0,0,0,1,0,0,0,0,0,0,0,0,0,0,0,0,0
77.486292,0,0,0,0,0,0,1,0,0,1,0,1,0,1,0,0,1,0
77.499999,0,0,0,0,0,0,0,1,0,0,0,0,0,0,0,0,0,1
77.501499,0,0,0,0,0,1,0,0,0,0,0,0,0,1,1,0,0,0
77.510299,0,1,1,0,0,0,0,0,0,1,1,0,1,0,0,1,0,0
77.527753,1,0,0,0,0,0,0,0,1,0,0,0,1,0,0,0,0,0
77.530157,0,0,0,0,0,0,1,0,0,1,0,1,0,1,0,0,1,0
77.534621,0,0,0,0,1,0,0,0,0,0,0,0,0,0,0,0,0,0
77.549546,0,0,0,0,0,0,0,1,0,0,0,0,0,0,0,0,0,1
77.550316,0,0,0,0,0,1,0,0,0,0,0,0,0,1,1,0,0,0
77.559180,0,1,1,0,0,0,0,0,0,1,1,0,1,0,0,1,0,0
77.572194,1,0,0,0,0,0,0,0,1,0,0,0,1,0,0,0,0,0
77.588413,0,0,0,0,1,0,1,0,0,1,0,1,0,1,0,0,1,0
77.600729,0,0,0,0,0,1,0,0,0,0,0,0,0,1,1,0,0,0
77.600997,0,0,0,0,0,0,0,1,0,0,0,0,0,0,0,0,0,1
77.608543,0,1,1,0,0,0,0,0,0,1,1,0,1,0,0,1,0,0
77.621696,1,0,0,0,0,0,0,0,1,0,0,0,1,0,0,0,0,0
77.637058,0,0,0,0,0,0,1,0,0,1,0,1,0,1,0,0,1,0
77.639033,0,0,0,0,1,0,0,0,0,0,0,0,0,0,0,0,0,0
77.649769,0,0,0,0,0,1,0,0,0,0,0,0,0,1,1,0,0,0
77.650665,0,0,0,0,0,0,0,1,0,0,0,0,0,0,0,0,0,1
77.660253,0,1,1,0,0,0,0,0,0,1,1,0,1,0,0,1,0,0
77.675280,1,0,0,0,0,0,0,0,1,0,0,0,1,0,0,0,0,0
77.686169,0,0,0,0,1,0,0,0,0,0,0,0,0,0,0,0,0,0
77.700770,0,0,0,0,0,1,1,0,0,1,0,1,0,1,0,0,1,0
77.703890,0,0,0,0,0,0,0,1,0,0,0,0,0,0,0,0,0,1
77.729287,0,1,1,0,0,0,0,0,0,1,1,0,1,0,0,1,0,0
77.740403,0,0,0,0,1,0,0,0,0,0,0,0,0,0,0,0,0,0
77.741599,1,0,0,1,0,0,1,0,0,1,1,0,1,1,1,0,1,0
77.746539,0,0,0,0,0,0,0,1,0,0,0,0,0,0,0,0,0,1
77.749920,0,0,0,0,0,1,0,0,0,0,0,0,0,1,1,0,0,0
77.769653,0,1,1,0,0,0,0,0,0,1,1,0,1,0,0,1,0,0
77.785506,0,0,0,0,1,0,0,0,0,0,0,0,0,0,0,0,0,0
77.786882,1,0,0,0,0,0,0,0,1,0,0,0,1,0,0,0,0,0
77.799970,0,0,0,0,0,1,1,0,0,1,0,1,0,1,0,0,1,0
77.800748,0,0,0,0,0,0,0,1,0,0,0,0,0,0,0,0,0,1
77.825271,0,1,1,0,0,0,0,0,0,1,1,0,1,0,0,1,0,0
77.835434,0,0,0,0,1,0,0,0,0,0,0,0,0,0,0,0,0,0
77.838213,1,0,0,0,0,0,0,0,1,0,0,0,1,0,0,0,0,0
77.848395,0,0,0,0,0,1,0,0,0,1,0,1,0,1,0,1,0,0
77.851290,0,0,0,0,0,0,0,1,0,0,0,0,0,0,0,0,0,1
77.864090,1,0,0,0,0,0,0,0,1,0,0,0,1,0,0,0,0,0
77.881551,0,0,0,0,0,0,1,0,0,1,0,1,0,1,0,0,1,0
77.884192,0,0,0,0,0,0,1,0,0,0,0,0,0,1,1,0,0,0
77.886660,0,0,0,0,1,0,0,0,0,0,0,0,0,0,0,0,0,0
77.899571,0,0,0,0,0,0,0,1,0,0,0,0,0,0,0,0,0,1
77.900927,0,0,0,0,0,1,0,0,0,0,0,0,0,1,1,0,0,0
77.906456,0,1,1,0,0,0,0,0,0,1,1,0,1,0,0,0,1,0
77.930148,0,1,1,0,0,0,0,0,0,1,1,0,1,0,0,1,0,0
77.937777,0,0,0,0,1,0,0,0,0,0,0,0,0,0,0,0,0,0
77.949256,0,0,0,0,0,0,0,1,0,0,0,0,0,0,0,0,0,1
77.949422,1,0,0,0,0,0,0,0,1,0,0,0,1,0,0,0,0,0
77.949848,0,0,0,0,0,1,1,0,0,1,0,1,0,1,0,0,1,0
77.975253,0,1,1,0,0,0,0,0,0,1,1,0,1,0,0,1,0,0
77.986322,0,0,0,0,1,0,0,0,0,0,0,0,0,0,0,0,0,0
77.986808,1,0,0,0,0,0,0,0,1,0,0,0,1,0,0,0,0,0
77.998281,0,0,0,0,0,0,1,1,0,1,0,1,0,1,0,0,1,1
78.000753,0,0,0,0,0,1,0,0,0,0,0,0,0,1,1,0,0,0
78.019688,0,1,1,0,0,0,0,0,0,1,1,0,1,0,0,1,0,0
78.033966,0,0,0,0,1,0,0,0,0,0,0,0,0,0,0,0,0,0
78.034273,1,0,0,1,0,0,1,0,0,1,1,0,1,1,1,0,1,0
78.049938,0,0,0,0,0,0,0,1,0,0,0,0,0,0,0,0,0,1
78.051317,0,0,0,0,0,1,0,0,0,0,0,0,0,1,1,0,0,0
78.063638,0,1,1,0,0,0,0,0,0,1,1,0,1,0,0,1,0,0
78.077329,1,0,0,0,0,0,0,0,1,0,0,0,1,0,0,0,0,0
78.089113,0,0,0,0,1,0,1,0,0,1,0,1,0,1,0,0,1,0
78.100722,0,0,0,0,0,1,0,0,0,0,0,0,0,1,1,0,0,0
78.102508,0,0,0,0,0,0,0,1,0,0,0,0,0,0,0,0,0,1
78.111480,0,1,1,0,0,0,0,0,0,1,1,0,1,0,0,1,0,0
78.130646,1,0,0,1,0,0,1,0,0,1,1,0,1,1,1,0,1,0
78.136741,0,0,0,0,1,0,0,0,0,0,0,0,0,0,0,0,0,0
78.150164,0,0,0,0,0,1,0,0,0,0,0,0,0,1,1,0,0,0
78.151444,0,1,1,0,0,0,0,0,0,1,1,0,1,0,0,1,0,0
78.153867,0,0,0,0,0,0,0,1,0,0,0,0,0,0,0,0,0,1
78.168902,1,0,0,1,0,0,1,0,0,1,1,0,1,1,1,0,1,0
78.188367,0,0,0,0,1,0,0,0,0,0,0,0,0,0,0,0,0,0
78.191130,0,0,1,0,0,0,0,0,1,0,0,0,1,0,0,0,0,0
78.198939,0,0,0,0,0,1,0,0,0,1,0,1,0,1,0,1,0,0
78.201088,0,0,0,0,0,0,0,1,0,0,0,0,0,0,0,0,0,1
78.213536,1,0,0,1,0,0,1,0,0,1,1,0,1,1,1,0,1,0
78.231147,0,0,0,0,1,0,0,0,0,0,0,0,0,0,0,0,0,0
78.241274,0,0,1,0,0,0,0,0,1,0,0,0,1,0,0,0,0,0
78.249570,0,0,0,0,0,1,0,0,0,1,0,1,0,1,0,1,0,0
78.251057,0,0,0,0,0,0,0,1,0,0,0,0,0,0,0,0,0,1
78.268336,1,0,0,0,0,0,0,0,1,0,0,0,1,0,0,0,0,0
78.288839,0,0,0,0,1,0,0,0,0,0,0,0,0,0,0,0,0,0
78.299089,0,0,0,0,0,0,1,1,0,1,0,1,0,1,0,0,1,1
78.300815,0,0,0,0,0,1,0,0,0,0,0,0,0,1,1,0,0,0
78.326238,0,1,1,0,0,0,0,0,0,1,1,0,1,0,0,1,0,0
78.337151,0,0,0,0,1,0,0,0,0,0,0,0,0,0,0,0,0,0
78.343828,1,0,0,1,0,0,1,0,0,1,1,0,1,1,1,0,1,0
78.349843,0,0,0,0,0,0,0,1,0,0,0,0,0,0,0,0,0,1
78.350174,0,0,0,0,0,1,0,0,0,0,0,0,0,1,1,0,0,0
78.363837,0,1,1,0,0,0,0,0,0,1,1,0,1,0,0,1,0,0
78.376538,1,0,0,0,0,0,0,0,1,0,0,0,1,0,0,0,0,0
78.385325,0,0,0,0,1,0,1,0,0,1,0,1,0,1,0,0,1,0
78.400642,0,0,0,0,0,0,0,1,0,0,0,0,0,0,0,0,0,1
78.401264,0,0,0,0,0,1,0,0,0,0,0,0,0,1,1,0,0,0
78.411413,0,1,1,0,0,0,0,0,0,1,1,0,1,0,0,1,0,0
78.428736,1,0,0,1,0,0,1,0,0,1,1,0,1,1,1,0,1,0
78.432692,0,0,0,0,1,0,0,0,0,0,0,0,0,0,0,0,0,0
78.446914,0,0,0,0,0,0,0,1,0,0,0,0,0,0,0,0,0,1
78.450362,0,0,0,0,0,1,0,0,0,0,0,0,0,1,1,0,0,0
78.452755,0,1,1,0,0,0,0,0,0,1,1,0,1,0,0,1,0,0
78.466456,1,0,0,1,0,0,1,0,0,1,1,0,1,1,1,0,1,0
78.480071,0,0,0,0,1,0,0,0,0,0,0,0,0,0,0,0,0,0
78.492572,0,0,1,0,0,0,0,0,1,0,0,0,1,0,0,0,0,0
78.499358,0,0,0,0,0,1,0,0,0,1,0,1,0,1,0,1,0,0
78.500210,0,0,0,0,0,0,0,1,0,0,0,0,0,0,0,0,0,1
78.517178,1,0,0,1,0,0,1,0,0,1,1,0,1,1,1,0,1,0
78.538391,0,0,0,0,1,0,0,0,0,0,0,0,0,0,0,0,0,0
78.544730,0,0,1,0,0,0,0,0,1,0,0,0,1,0,0,0,0,0
78.548463,0,0,0,0,0,1,0,0,0,1,0,1,0,1,0,1,0,0
78.551468,0,0,0,0,0,0,0,1,0,0,0,0,0,0,0,0,0,1
78.567912,1,0,0,1,0,0,1,0,0,1,1,0,1,1,1,0,1,0
78.586402,0,0,0,0,1,0,0,0,0,0,0,0,0,0,0,0,0,0
78.589314,0,0,1,0,0,0,0,0,1,0,0,0,1,0,0,0,0,0
78.599572,0,0,0,0,0,0,0,1,0,0,0,0,0,0,0,0,0,1
78.601193,0,0,0,0,0,1,0,0,0,1,0,1,0,1,0,1,0,0
78.617499,1,0,0,1,0,0,1,0,0,1,1,0,1,1,1,0,1,0
78.637256,0,0,0,0,1,0,0,0,0,0,0,0,0,0,0,0,0,0
78.647254,0,0,1,0,0,0,0,0,1,0,0,0,1,0,0,0,0,0
78.649005,0,0,0,0,0,0,0,1,0,0,0,0,0,0,0,0,0,1
78.649956,0,0,0,0,0,1,0,0,0,1,0,1,0,1,0,1,0,0
78.662632,1,0,0,1,0,0,1,0,0,1,1,0,1,1,1,0,1,0
78.681820,0,0,0,0,1,0,0,0,0,0,0,0,0,0,0,0,0,0
78.683439,0,0,1,0,0,0,0,0,1,0,0,0,1,0,0,0,0,0
78.698125,0,0,0,0,0,0,0,1,0,0,0,0,0,0,0,0,0,1
78.700487,0,0,0,0,0,1,0,0,0,1,0,1,0,1,0,1,0,0
78.717720,1,0,0,1,0,0,1,0,0,1,1,0,1,1,1,0,1,0
78.734410,0,0,0,0,1,0,0,0,0,0,0,0,0,0,0,0,0,0
78.740709,0,0,1,0,0,0,0,0,1,0,0,0,1,0,0,0,0,0
78.749053,0,0,0,0,0,1,0,0,0,1,0,1,0,1,0,1,0,0
78.750024,0,0,0,0,0,0,0,1,0,0,0,0,0,0,0,0,0,1
78.761223,1,0,0,1,0,0,1,0,0,1,1,0,1,1,1,0,1,0
78.788742,0,0,0,0,1,0,0,0,0,0,0,0,0,0,0,0,0,0
78.789045,0,0,1,0,0,0,0,0,1,0,0,0,1,0,0,0,0,0
78.799767,0,0,0,0,0,0,0,1,0,0,0,0,0,0,0,0,0,1
78.800805,0,0,0,0,0,1,0,0,0,1,0,1,0,1,0,1,0,0
78.816110,1,0,0,0,0,0,0,0,1,0,0,0,1,0,0,0,0,0
78.838170,0,0,0,0,1,0,1,0,0,1,0,1,0,1,0,0,1,0
78.848454,0,0,0,0,0,0,0,1,0,0,0,0,0,0,0,0,0,1
78.850219,0,0,0,0,0,1,0,0,0,0,0,0,0,1,1,0,0,0
78.867529,0,1,1,0,0,0,0,0,0,1,1,0,1,0,0,1,0,0
78.885286,1,0,0,0,0,0,0,0,1,0,0,0,1,0,0,0,0,0
78.886478,0,0,0,0,1,0,1,0,0,1,0,1,0,1,0,0,1,0
78.901842,0,0,0,0,0,1,0,0,0,0,0,0,0,1,1,0,0,0
78.903931,0,0,0,0,0,0,0,1,0,0,0,0,0,0,0,0,0,1
78.907810,0,1,1,0,0,0,0,0,0,1,1,0,1,0,0,1,0,0
78.921244,1,0,0,1,0,0,1,0,0,1,1,0,1,1,1,0,1,0
78.936066,0,0,0,0,1,0,0,0,0,0,0,0,0,0,0,0,0,0
78.944877,0,0,1,0,0,0,0,0,1,0,0,0,1,0,0,0,0,0
78.949722,0,0,0,0,0,0,0,1,0,0,0,0,0,0,0,0,0,1
78.950842,0,0,0,0,0,1,0,0,0,1,0,1,0,1,0,1,0,0
78.969171,1,0,0,0,0,0,0,0,1,0,0,0,1,0,0,0,0,0
78.985155,0,0,0,0,1,0,1,0,0,1,0,1,0,1,0,0,1,0
78.999296,0,0,0,0,0,0,0,1,0,0,0,0,0,0,0,0,0,1
78.999618,0,0,0,0,0,1,0,0,0,0,0,0,0,1,1,0,0,0
79.011160,0,1,1,0,0,0,0,0,0,1,1,0,1,0,0,1,0,0
79.024829,1,0,0,0,0,0,0,0,1,0,0,0,1,0,0,0,0,0
79.033464,0,0,0,0,1,0,1,0,0,1,0,1,0,1,0,0,1,0
79.047632,0,0,0,0,0,0,0,1,0,0,0,0,0,0,0,0,0,1
79.048396,0,0,0,0,0,1,0,0,0,0,0,0,0,1,1,0,0,0
79.054334,0,1,1,0,0,0,0,0,0,1,1,0,1,0,0,1,0,0
79.067643,1,0,0,0,0,0,0,0,1,0,0,0,1,0,0,0,0,0
79.086134,0,0,0,0,1,0,0,0,0,0,0,0,0,0,0,0,0,0
79.092445,0,0,0,0,0,0,1,0,0,1,0,1,0,1,0,0,1,0
79.099811,0,0,0,0,0,1,0,0,0,0,0,0,0,1,1,0,0,0
79.101087,0,0,0,0,0,0,0,1,0,0,0,0,0,0,0,0,0,1
79.120661,0,1,1,0,0,0,0,0,0,1,1,0,1,0,0,1,0,0
79.136584,1,0,0,0,0,0,0,0,1,0,0,0,1,0,0,0,0,0
79.136660,0,0,0,0,0,0,1,0,0,1,0,1,0,1,0,0,1,0
79.136736,0,0,0,0,1,0,0,0,0,0,0,0,0,0,0,0,0,0
79.150379,0,0,0,0,0,1,0,0,0,0,0,0,0,1,1,0,0,0
79.150483,0,0,0,0,0,0,0,1,0,0,0,0,0,0,0,0,0,1
79.162870,0,1,1,0,0,0,0,0,0,1,1,0,1,0,0,1,0,0
79.181038,1,0,0,1,0,0,1,0,0,1,1,0,1,1,1,0,1,0
79.189016,0,0,0,0,1,0,0,0,0,0,0,0,0,0,0,0,0,0
79.199632,0,0,0,0,0,1,0,0,0,0,0,0,0,1,1,0,0,0
79.199762,0,0,0,0,0,0,0,1,0,0,0,0,0,0,0,0,0,1
79.203172,0,1,1,0,0,0,0,0,0,1,1,0,1,0,0,1,0,0
79.213669,1,0,0,0,0,0,0,0,1,0,0,0,1,0,0,0,0,0
79.237817,0,0,0,0,1,0,0,0,0,0,0,0,0,0,0,0,0,0
79.239678,0,0,0,0,0,0,1,0,0,1,0,1,0,1,0,0,1,0
79.248546,0,0,0,0,0,0,0,1,0,0,0,0,0,0,0,0,0,1
79.250699,0,0,0,0,0,1,0,0,0,0,0,0,0,1,1,0,0,0
79.268703,0,1,1,0,0,0,0,0,0,1,1,0,1,0,0,1,0,0
79.285614,1,0,0,0,0,0,0,0,1,0,0,0,1,0,0,0,0,0
79.285668,0,0,0,0,0,0,1,0,0,1,0,1,0,1,0,0,1,0
79.285723,0,0,0,0,1,0,0,0,0,0,0,0,0,0,0,0,0,0
79.300585,0,0,0,0,0,1,0,0,0,0,0,0,0,1,1,0,0,0
79.303298,0,0,0,0,0,0,0,1,0,0,0,0,0,0,0,0,0,1
79.307818,0,1,1,0,0,0,0,0,0,1,1,0,1,0,0,1,0,0
79.325095,1,0,0,1,0,0,1,0,0,1,1,0,1,1,1,0,1,0
79.335415,0,0,0,0,1,0,0,0,0,0,0,0,0,0,0,0,0,0
79.346459,0,0,1,0,0,0,0,0,1,0,0,0,1,0,0,0,0,0
79.347880,0,0,0,0,0,0,0,1,0,0,0,0,0,0,0,0,0,1
79.351034,0,0,0,0,0,1,0,0,0,1,0,1,0,1,0,1,0,0
79.367538,1,0,0,1,0,0,1,0,0,1,1,0,1,1,1,0,1,0
79.385068,0,0,0,0,1,0,0,0,0,0,0,0,0,0,0,0,0,0
79.394716,0,0,1,0,0,0,0,0,1,0,0,0,1,0,0,0,0,0
79.397050,0,0,0,0,0,0,0,1,0,0,0,0,0,0,0,0,0,1
79.399659,0,0,0,0,0,1,0,0,0,1,0,1,0,1,0,1,0,0
79.410733,1,0,0,0,0,0,0,0,1,0,0,0,1,0,0,0,0,0
79.416310,0,0,0,0,0,0,1,0,0,1,0,1,0,1,0,0,1,0
79.428456,0,0,0,0,1,0,0,0,0,0,0,0,0,0,0,0,0,0
79.438764,0,0,1,0,0,0,0,0,1,0,0,0,1,0,0,0,0,0
79.448456,0,0,0,0,0,0,0,1,0,0,0,0,0,0,0,0,0,1
79.450145,0,0,0,0,0,1,0,0,0,1,0,1,0,1,0,1,0,0
79.467068,1,0,0,1,0,0,1,0,0,1,1,0,1,1,1,0,1,0
79.483568,0,0,0,0,1,0,0,0,0,0,0,0,0,0,0,0,0,0
79.490521,0,0,1,0,0,0,0,0,1,0,0,0,1,0,0,0,0,0
79.498914,0,0,0,0,0,0,0,1,0,0,0,0,0,0,0,0,0,1
79.499528,0,0,0,0,0,1,0,0,0,1,0,1,0,1,0,1,0,0
79.511322,1,0,0,1,0,0,1,0,0,1,1,0,1,1,1,0,1,0
79.534798,0,0,0,0,1,0,0,0,0,0,0,0,0,0,0,0,0,0
79.537191,0,0,1,0,0,0,0,0,1,0,0,0,1,0,0,0,0,0
79.548111,0,0,0,0,0,0,0,1,0,0,0,0,0,0,0,0,0,1
79.548767,0,0,0,0,0,1,0,0,0,1,0,1,0,1,0,1,0,0
79.560939,1,0,0,0,0,0,0,0,1,0,0,0,1,0,0,0,0,0
79.571877,0,0,0,0,0,0,1,0,0,1,0,1,0,1,0,0,1,0
79.583146,0,0,0,0,1,0,0,0,0,0,0,0,0,0,0,0,0,0
79.595542,0,0,1,0,0,0,0,0,1,0,0,0,1,0,0,0,0,0
79.600409,0,0,0,0,0,1,0,0,0,1,0,1,0,1,0,1,0,0
79.603375,0,0,0,0,0,0,0,1,0,0,0,0,0,0,0,0,0,1
79.619688,1,0,0,1,0,0,1,0,0,1,1,0,1,1,1,0,1,0
79.639233,0,0,0,0,1,0,0,0,0,0,0,0,0,0,0,0,0,0
79.644503,0,0,1,0,0,0,0,0,1,0,0,0,1,0,0,0,0,0
79.648957,0,0,0,0,0,0,0,1,0,0,0,0,0,0,0,0,0,1
79.650034,0,0,0,0,0,1,0,0,0,1,0,1,0,1,0,1,0,0
79.666685,1,0,0,1,0,0,1,0,0,1,1,0,1,1,1,0,1,0
79.686775,0,0,0,0,1,0,0,0,0,0,0,0,0,0,0,0,0,0
79.687064,0,0,1,0,0,0,0,0,1,0,0,0,1,0,0,0,0,0
79.699754,0,0,0,0,0,1,0,0,0,1,0,1,0,1,0,1,0,0
79.700701,0,0,0,0,0,0,0,1,0,0,0,0,0,0,0,0,0,1
79.710581,1,0,0,0,0,0,0,0,1,0,0,0,1,0,0,0,0,0
79.733366,0,0,0,0,1,0,1,0,0,1,0,1,0,1,0,0,1,0
79.749096,0,0,0,0,0,0,0,1,0,0,0,0,0,0,0,0,0,1
79.749140,0,0,0,0,0,1,0,0,0,0,0,0,0,1,1,0,0,0
79.755907,0,1,1,0,0,0,0,0,0,1,1,0,1,0,0,1,0,0
79.770175,1,0,0,0,0,0,0,0,1,0,0,0,1,0,0,0,0,0
79.779966,0,0,0,0,0,0,1,0,0,1,0,1,0,1,0,0,1,0
79.782227,0,0,0,0,1,0,0,0,0,0,0,0,0,0,0,0,0,0
79.798065,0,0,0,0,0,1,0,0,0,0,0,0,0,1,1,0,0,0
79.800872,0,1,1,0,0,0,0,0,0,1,1,0,1,0,0,1,0,0
79.803967,0,0,0,0,0,0,0,1,0,0,0,0,0,0,0,0,0,1
79.816620,1,0,0,0,0,0,0,0,1,0,0,0,1,0,0,0,0,0
79.832862,0,0,0,0,0,0,1,0,0,1,0,1,0,1,0,0,1,0
79.841336,0,0,0,0,1,0,0,0,0,0,0,0,0,0,0,0,0,0
79.851234,0,0,0,0,0,1,0,0,0,0,0,0,0,1,1,0,0,0
79.853021,0,0,0,0,0,0,0,1,0,0,0,0,0,0,0,0,0,1
79.853224,0,1,1,0,0,0,0,0,0,1,1,0,1,0,0,1,0,0
79.864994,1,0,0,1,0,0,1,0,0,1,1,0,1,1,1,0,1,0
79.889127,0,0,0,0,1,0,0,0,0,0,0,0,0,0,0,0,0,0
79.891649,0,0,1,0,0,0,0,0,1,0,0,0,1,0,0,0,0,0
79.897899,0,0,0,0,0,0,0,1,0,0,0,0,0,0,0,0,0,1
79.901623,0,0,0,0,0,1,0,0,0,1,0,1,0,1,0,1,0,0
79.918207,1,0,0,1,0,0,1,0,0,1,1,0,1,1,1,0,1,0
79.934299,0,0,0,0,1,0,0,0,0,0,0,0,0,0,0,0,0,0
79.947723,0,0,1,0,0,0,0,0,1,0,0,0,1,0,0,0,0,0
79.949561,0,0,0,0,0,0,0,1,0,0,0,0,0,0,0,0,0,1
79.950869,0,0,0,0,0,1,0,0,0,1,0,1,0,1,0,1,0,0
79.962693,1,0,0,0,0,0,0,0,1,0,0,0,1,0,0,0,0,0
79.983717,0,0,0,0,1,0,1,0,0,1,0,1,0,1,0,0,1,0
79.998457,0,0,0,0,0,0,0,1,0,0,0,0,0,0,0,0,0,1
80.000938,0,0,0,0,0,1,0,0,0,0,0,0,0,1,1,0,0,0
80.004939,0,1,1,0,0,0,0,0,0,1,1,0,1,0,0,1,0,0
80.023378,1,0,0,1,0,0,1,0,0,1,1,0,1,1,1,0,1,0
80.036370,0,0,0,0,1,0,0,0,0,0,0,0,0,0,0,0,0,0
80.048028,0,0,0,0,0,0,0,1,0,0,0,0,0,0,0,0,0,1
80.050033,0,0,0,0,0,1,0,0,0,0,0,0,0,1,1,0,0,0
80.053240,0,1,1,0,0,0,0,0,0,1,1,0,1,0,0,1,0,0
80.073089,1,0,0,1,0,0,1,0,0,1,1,0,1,1,1,0,1,0
80.083515,0,0,0,0,1,0,0,0,0,0,0,0,0,0,0,0,0,0
80.097173,0,0,0,0,0,0,0,1,0,0,0,0,0,0,0,0,0,1
80.099092,0,0,1,0,0,0,0,0,1,0,0,0,1,0,0,0,0,0
80.099273,0,0,0,0,0,1,0,0,0,1,0,1,0,1,0,1,0,0
80.112188,1,0,0,1,0,0,1,0,0,1,1,0,1,1,1,0,1,0
80.136440,0,0,1,0,0,0,0,0,1,0,0,0,1,0,0,0,0,0
80.136689,0,0,0,0,1,0,0,0,0,0,0,0,0,0,0,0,0,0
80.148694,0,0,0,0,0,0,0,1,0,0,0,0,0,0,0,0,0,1
80.149772,0,0,0,0,0,1,0,0,0,1,0,1,0,1,0,1,0,0
80.166292,1,0,0,1,0,0,1,0,0,1,1,0,1,1,1,0,1,0
80.183293,0,0,0,0,1,0,0,0,0,0,0,0,0,0,0,0,0,0
80.192277,0,0,1,0,0,0,0,0,1,0,0,0,1,0,0,0,0,0
80.201272,0,0,0,0,0,1,0,0,0,1,0,1,0,1,0,1,0,0
80.201841,0,0,0,0,0,0,0,1,0,0,0,0,0,0,0,0,0,1
80.219209,1,0,0,0,0,0,0,0,1,0,0,0,1,0,0,0,0,0
80.227779,0,0,0,0,0,0,1,0,0,1,0,1,0,1,0,0,1,0
80.239197,0,0,0,0,1,0,0,0,0,0,0,0,0,0,0,0,0,0
80.248453,0,0,0,0,0,0,0,1,0,0,0,0,0,0,0,0,0,1
80.250249,0,0,0,0,0,1,0,0,0,0,0,0,0,1,1,0,0,0
80.255656,0,1,1,0,0,0,0,0,0,1,1,0,1,0,0,1,0,0
80.272266,1,0,0,1,0,0,1,0,0,1,1,0,1,1,1,0,1,0
80.282802,0,0,0,0,1,0,0,0,0,0,0,0,0,0,0,0,0,0
80.295844,0,0,1,0,0,0,0,0,1,0,0,0,1,0,0,0,0,0
80.298143,0,0,0,0,0,0,0,1,0,0,0,0,0,0,0,0,0,1
80.298447,0,0,0,0,0,1,0,0,0,1,0,1,0,1,0,1,0,0
80.310987,1,0,0,1,0,0,1,0,0,1,1,0,1,1,1,0,1,0
80.332970,0,0,0,0,1,0,0,0,0,0,0,0,0,0,0,0,0,0
80.334676,0,0,1,0,0,0,0,0,1,0,0,0,1,0,0,0,0,0
80.348899,0,0,0,0,0,1,0,0,0,1,0,1,0,1,0,1,0,0
80.349284,0,0,0,0,0,0,0,1,0,0,0,0,0,0,0,0,0,1
80.363928,1,0,0,0,0,0,0,0,1,0,0,0,1,0,0,0,0,0
80.389045,0,0,0,0,1,0,0,0,0,0,0,0,0,0,0,0,0,0
80.398328,0,0,0,0,0,0,1,1,0,1,0,1,0,1,0,0,1,1
80.398909,0,0,0,0,0,1,0,0,0,0,0,0,0,1,1,0,0,0
80.423391,0,1,1,0,0,0,0,0,0,1,1,0,1,0,0,1,0,0
80.434147,0,0,0,0,1,0,0,0,0,0,0,0,0,0,0,0,0,0
80.442968,1,0,0,0,0,0,0,0,1,0,0,0,1,0,0,0,0,0
80.448157,0,0,0,0,0,1,1,0,0,1,0,1,0,1,0,1,0,0
80.448362,0,0,0,0,0,0,0,1,0,0,0,0,0,0,0,0,0,1
80.465777,1,0,0,1,0,0,0,0,0,1,1,0,1,0,0,0,1,0
80.481143,0,0,0,0,1,0,0,0,0,0,0,0,0,0,0,0,0,0
80.486824,0,0,1,1,0,0,1,0,0,1,1,0,1,1,1,0,1,0
80.499607,0,0,0,0,0,1,0,0,0,0,0,0,0,1,1,0,0,0
80.500486,0,0,0,0,0,0,0,1,0,0,0,0,0,0,0,0,0,1
80.511395,0,1,1,0,0,0,0,0,0,1,1,0,1,0,0,1,0,0
80.528373,1,0,0,0,0,0,0,0,1,0,0,0,1,0,0,0,0,0
80.532066,0,0,0,0,1,0,1,0,0,1,0,1,0,1,0,0,1,0
80.546746,0,0,0,0,0,0,0,1,0,0,0,0,0,0,0,0,0,1
80.548333,0,0,0,0,0,1,0,0,0,0,0,0,0,1,1,0,0,0
80.559039,0,1,1,0,0,0,0,0,0,1,1,0,1,0,0,1,0,0
80.572578,1,0,0,1,0,0,1,0,0,1,1,0,1,1,1,0,1,0
80.579471,0,0,0,0,1,0,0,0,0,0,0,0,0,0,0,0,0,0
80.595823,0,0,1,0,0,0,0,0,1,0,0,0,1,0,0,0,0,0
80.597371,0,0,0,0,0,0,0,1,0,0,0,0,0,0,0,0,0,1
80.599737,0,0,0,0,0,1,0,0,0,1,0,1,0,1,0,1,0,0
80.616226,1,0,0,0,0,0,0,0,1,0,0,0,1,0,0,0,0,0
80.632439,0,0,0,0,1,0,0,0,0,0,0,0,0,0,0,0,0,0
80.633938,0,0,0,0,0,0,1,0,0,1,0,1,0,1,0,0,1,0
80.649444,0,0,0,0,0,1,0,0,0,0,0,0,0,1,1,0,0,0
80.651361,0,0,0,0,0,0,0,1,0,0,0,0,0,0,0,0,0,1
80.655049,0,1,1,0,0,0,0,0,0,1,1,0,1,0,0,1,0,0
80.671531,1,0,0,0,0,0,0,0,1,0,0,0,1,0,0,0,0,0
80.683284,0,0,0,0,1,0,0,0,0,0,0,0,0,0,0,0,0,0
80.700457,0,0,0,0,0,1,0,0,0,1,0,1,0,1,0,1,0,0
80.700941,0,0,0,0,0,0,1,0,0,0,0,0,0,1,1,0,0,0
80.701425,0,0,0,0,0,0,0,1,0,0,0,0,0,0,0,0,0,1
80.717913,1,0,0,1,0,0,0,0,0,1,1,0,1,0,0,0,1,0
80.737420,0,0,0,0,1,0,1,0,0,0,0,0,0,1,1,0,0,0
80.744202,0,0,1,1,0,0,0,0,0,1,1,0,1,0,0,0,1,0
80.750342,0,0,0,0,0,1,0,0,0,0,0,0,0,1,1,0,0,0
80.750680,0,0,0,0,0,0,0,1,0,0,0,0,0,0,0,0,0,1
80.765246,0,1,1,0,0,0,0,0,0,1,1,0,1,0,0,1,0,0
80.780426,1,0,0,1,0,0,1,0,0,1,1,0,1,1,1,0,1,0
80.785744,0,0,0,0,1,0,0,0,0,0,0,0,0,0,0,0,0,0
80.799386,0,0,0,0,0,1,0,0,0,0,0,0,0,1,1,0,0,0
80.800234,0,0,0,0,0,0,0,1,0,0,0,0,0,0,0,0,0,1
80.806104,0,1,1,0,0,0,0,0,0,1,1,0,1,0,0,1,0,0
80.821743,1,0,0,0,0,0,0,0,1,0,0,0,1,0,0,0,0,0
80.837132,0,0,0,0,1,0,0,0,0,0,0,0,0,0,0,0,0,0
80.844290,0,0,0,0,0,0,1,0,0,1,0,1,0,1,0,0,1,0
80.847458,0,0,0,0,0,0,0,1,0,0,0,0,0,0,0,0,0,1
80.850409,0,0,0,0,0,1,0,0,0,0,0,0,0,1,1,0,0,0
80.864867,0,1,1,0,0,0,0,0,0,1,1,0,1,0,0,1,0,0
80.879244,1,0,0,1,0,0,1,0,0,1,1,0,1,1,1,0,1,0
80.881628,0,0,0,0,1,0,0,0,0,0,0,0,0,0,0,0,0,0
80.900282,0,0,0,0,0,1,0,0,0,0,0,0,0,1,1,0,0,0
80.903108,0,0,0,0,0,0,0,1,0,0,0,0,0,0,0,0,0,1
80.906175,0,1,1,0,0,0,0,0,0,1,1,0,1,0,0,1,0,0
80.923606,1,0,0,1,0,0,1,0,0,1,1,0,1,1,1,0,1,0
80.937639,0,0,0,0,1,0,0,0,0,0,0,0,0,0,0,0,0,0
80.948952,0,0,0,0,0,1,0,0,0,0,0,0,0,1,1,0,0,0
80.950610,0,0,0,0,0,0,0,1,0,0,0,0,0,0,0,0,0,1
80.952411,0,1,1,0,0,0,0,0,0,1,1,0,1,0,0,1,0,0
80.966755,1,0,0,1,0,0,1,0,0,1,1,0,1,1,1,0,1,0
80.987069,0,0,0,0,1,0,0,0,0,0,0,0,0,0,0,0,0,0
80.987382,0,0,1,0,0,0,0,0,1,0,0,0,1,0,0,0,0,0
80.999956,0,0,0,0,0,0,0,1,0,0,0,0,0,0,0,0,0,1
80.999983,0,0,0,0,0,1,0,0,0,1,0,1,0,1,0,1,0,0
81.014384,1,0,0,1,0,0,1,0,0,1,1,0,1,1,1,0,1,0
81.036018,0,0,1,0,0,0,0,0,1,0,0,0,1,0,0,0,0,0
81.038567,0,0,0,0,1,0,0,0,0,0,0,0,0,0,0,0,0,0
81.048590,0,0,0,0,0,0,0,1,0,0,0,0,0,0,0,0,0,1
81.051752,0,0,0,0,0,1,0,0,0,1,0,1,0,1,0,1,0,0
81.067887,1,0,0,0,0,0,0,0,1,0,0,0,1,0,0,0,0,0
81.085872,0,0,0,0,1,0,0,0,0,0,0,0,0,0,0,0,0,0
81.100446,0,0,0,0,0,1,0,0,0,1,0,1,0,1,0,1,0,0
81.100852,0,0,0,0,0,0,0,1,0,0,0,0,0,0,0,0,0,1
81.114776,1,0,0,0,0,0,0,0,1,0,0,0,1,0,0,0,0,0
81.128397,0,0,0,0,0,0,1,0,0,1,0,1,0,1,0,0,1,0
81.133869,0,0,0,0,0,0,1,0,0,0,0,0,0,1,1,0,0,0
81.135708,0,0,0,0,1,0,0,0,0,0,0,0,0,0,0,0,0,0
81.150348,0,0,0,0,0,1,0,0,0,0,0,0,0,1,1,0,0,0
81.152935,0,0,0,0,0,0,0,1,0,0,0,0,0,0,0,0,0,1
81.158380,0,1,1,1,0,0,0,0,0,1,1,0,1,0,0,0,1,0
81.181922,0,1,1,0,0,0,0,0,0,1,1,0,1,0,0,1,0,0
81.185244,0,0,0,0,1,0,0,0,0,0,0,0,0,0,0,0,0,0
81.196470,1,0,0,1,0,0,1,0,0,1,1,0,1,1,1,0,1,0
81.200697,0,0,0,0,0,1,0,0,0,0,0,0,0,1,1,0,0,0
81.202517,0,0,0,0,0,0,0,1,0,0,0,0,0,0,0,0,0,1
81.221914,0,1,1,0,0,0,0,0,0,1,1,0,1,0,0,1,0,0
81.234148,1,0,0,1,0,0,1,0,0,1,1,0,1,1,1,0,1,0
81.241505,0,0,0,0,1,0,0,0,0,0,0,0,0,0,0,0,0,0
81.249211,0,0,0,0,0,1,0,0,0,0,0,0,0,1,1,0,0,0
81.249525,0,0,0,0,0,0,0,1,0,0,0,0,0,0,0,0,0,1
81.262359,0,1,1,0,0,0,0,0,0,1,1,0,1,0,0,1,0,0
81.272977,1,0,0,1,0,0,1,0,0,1,1,0,1,1,1,0,1,0
81.285587,0,0,0,0,1,0,0,0,0,0,0,0,0,0,0,0,0,0
81.295020,0,0,1,0,0,0,0,0,1,0,0,0,1,0,0,0,0,0
81.300473,0,0,0,0,0,0,0,1,0,0,0,0,0,0,0,0,0,1
81.301025,0,0,0,0,0,1,0,0,0,1,0,1,0,1,0,1,0,0
81.313020,1,0,0,0,0,0,0,0,1,0,0,0,1,0,0,0,0,0
81.337405,0,0,0,0,1,0,1,0,0,1,0,1,0,1,0,0,1,0
81.348366,0,0,0,0,0,0,0,1,0,0,0,0,0,0,0,0,0,1
81.348450,0,0,0,0,0,1,0,0,0,0,0,0,0,1,1,0,0,0
81.358601,0,1,1,0,0,0,0,0,0,1,1,0,1,0,0,1,0,0
81.375894,1,0,0,0,0,0,0,0,1,0,0,0,1,0,0,0,0,0
81.384302,0,0,0,0,0,0,1,0,0,1,0,1,0,1,0,0,1,0
81.386884,0,0,0,0,1,0,0,0,0,0,0,0,0,0,0,0,0,0
81.399246,0,0,0,0,0,1,0,0,0,0,0,0,0,1,1,0,0,0
81.401318,0,0,0,0,0,0,0,1,0,0,0,0,0,0,0,0,0,1
81.408027,0,1,1,0,0,0,0,0,0,1,1,0,1,0,0,1,0,0
81.425701,1,0,0,1,0,0,1,0,0,1,1,0,1,1,1,0,1,0
81.435163,0,0,0,0,1,0,0,0,0,0,0,0,0,0,0,0,0,0
81.451142,0,0,1,0,0,0,0,0,1,0,0,0,1,0,0,0,0,0
81.451270,0,0,0,0,0,0,0,1,0,0,0,0,0,0,0,0,0,1
81.451649,0,0,0,0,0,1,0,0,0,1,0,1,0,1,0,1,0,0
81.461789,1,0,0,0,0,0,0,0,1,0,0,0,1,0,0,0,0,0
81.466971,0,0,0,0,0,0,1,0,0,1,0,1,0,1,0,0,1,0
81.491205,0,0,0,0,1,0,0,0,0,0,0,0,0,0,0,0,0,0
81.492180,0,0,1,0,0,0,0,0,1,0,0,0,1,0,0,0,0,0
81.499875,0,0,0,0,0,0,0,1,0,0,0,0,0,0,0,0,0,1
81.500543,0,0,0,0,0,1,0,0,0,1,0,1,0,1,0,1,0,0
81.517652,1,0,0,1,0,0,1,0,0,1,1,0,1,1,1,0,1,0
81.537484,0,0,0,0,1,0,0,0,0,0,0,0,0,0,0,0,0,0
81.539281,0,0,1,0,0,0,0,0,1,0,0,0,1,0,0,0,0,0
81.548061,0,0,0,0,0,0,0,1,0,0,0,0,0,0,0,0,0,1
81.551425,0,0,0,0,0,1,0,0,0,1,0,1,0,1,0,1,0,0
81.570384,1,0,0,1,0,0,1,0,0,1,1,0,1,1,1,0,1,0
81.581801,0,0,0,0,1,0,0,0,0,0,0,0,0,0,0,0,0,0
81.592492,0,0,1,0,0,0,0,0,1,0,0,0,1,0,0,0,0,0
81.599627,0,0,0,0,0,1,0,0,0,1,0,1,0,1,0,1,0,0
81.602999,0,0,0,0,0,0,0,1,0,0,0,0,0,0,0,0,0,1
81.616460,1,0,0,1,0,0,1,0,0,1,1,0,1,1,1,0,1,0
81.639627,0,0,0,0,1,0,0,0,0,0,0,0,0,0,0,0,0,0
81.642678,0,0,1,0,0,0,0,0,1,0,0,0,1,0,0,0,0,0
81.649383,0,0,0,0,0,1,0,0,0,1,0,1,0,1,0,1,0,0
81.650387,0,0,0,0,0,0,0,1,0,0,0,0,0,0,0,0,0,1
81.666833,1,0,0,1,0,0,1,0,0,1,1,0,1,1,1,0,1,0
81.689762,0,0,0,0,1,0,0,0,0,0,0,0,0,0,0,0,0,0
81.693623,0,0,1,0,0,0,0,0,1,0,0,0,1,0,0,0,0,0
81.700751,0,0,0,0,0,0,0,1,0,0,0,0,0,0,0,0,0,1
81.701155,0,0,0,0,0,1,0,0,0,1,0,1,0,1,0,1,0,0
81.711758,1,0,0,1,0,0,1,0,0,1,1,0,1,1,1,0,1,0
81.739293,0,0,0,0,1,0,0,0,0,0,0,0,0,0,0,0,0,0
81.741446,0,0,1,0,0,0,0,0,1,0,0,0,1,0,0,0,0,0
81.749241,0,0,0,0,0,1,0,0,0,1,0,1,0,1,0,1,0,0
81.751291,0,0,0,0,0,0,0,1,0,0,0,0,0,0,0,0,0,1
81.763565,1,0,0,0,0,0,0,0,1,0,0,0,1,0,0,0,0,0
81.790887,0,0,0,0,1,0,0,0,0,0,0,0,0,0,0,0,0,0
81.798687,0,0,0,0,0,1,1,0,0,1,0,1,0,1,0,1,0,0
81.800838,0,0,0,0,0,0,0,1,0,0,0,0,0,0,0,0,0,1
81.812304,1,0,0,1,0,0,1,0,0,1,1,0,1,1,1,0,1,0
81.833918,0,0,0,0,1,0,0,0,0,0,0,0,0,0,0,0,0,0
81.837864,0,0,1,1,0,0,0,0,0,1,1,0,1,0,0,0,1,0
81.849749,0,0,0,0,0,0,0,1,0,0,0,0,0,0,0,0,0,1
81.851257,0,0,0,0,0,1,0,0,0,0,0,0,0,1,1,0,0,0
81.862002,0,1,1,0,0,0,0,0,0,1,1,0,1,0,0,1,0,0
81.877043,1,0,0,0,0,0,0,0,1,0,0,0,1,0,0,0,0,0
81.888230,0,0,0,0,1,0,1,0,0,1,0,1,0,1,0,0,1,0
81.898335,0,0,0,0,0,0,0,1,0,0,0,0,0,0,0,0,0,1
81.899898,0,0,0,0,0,1,0,0,0,0,0,0,0,1,1,0,0,0
81.908569,0,1,1,0,0,0,0,0,0,1,1,0,1,0,0,1,0,0
81.927920,1,0,0,1,0,0,1,0,0,1,1,0,1,1,1,0,1,0
81.931576,0,0,0,0,1,0,0,0,0,0,0,0,0,0,0,0,0,0
81.948911,0,0,0,0,0,0,0,1,0,0,0,0,0,0,0,0,0,1
81.950071,0,0,1,0,0,0,0,0,1,0,0,0,1,0,0,0,0,0
81.950163,0,0,0,0,0,1,0,0,0,1,0,1,0,1,0,1,0,0
81.963755,1,0,0,0,0,0,0,0,1,0,0,0,1,0,0,0,0,0
81.970064,0,0,0,0,0,0,1,0,0,1,0,1,0,1,0,0,1,0
81.983713,0,0,0,0,1,0,0,0,0,0,0,0,0,0,0,0,0,0
81.997254,0,0,0,0,0,0,0,1,0,0,0,0,0,0,0,0,0,1
81.997986,0,0,1,0,0,0,0,0,1,0,0,0,1,0,0,0,0,0
82.000373,0,0,0,0,0,1,0,0,0,1,0,1,0,1,0,1,0,0
82.017853,1,0,0,0,0,0,0,0,1,0,0,0,1,0,0,0,0,0
82.031901,0,0,0,0,1,0,1,0,0,1,0,1,0,1,0,0,1,0
82.049153,0,0,0,0,0,1,0,0,0,0,0,0,0,1,1,0,0,0
82.049638,0,0,0,0,0,0,0,1,0,0,0,0,0,0,0,0,0,1
82.053359,0,1,1,0,0,0,0,0,0,1,1,0,1,0,0,1,0,0
82.065414,1,0,0,0,0,0,0,0,1,0,0,0,1,0,0,0,0,0
82.086404,0,0,0,0,1,0,1,0,0,1,0,1,0,1,0,0,1,0
82.098730,0,0,0,0,0,1,0,0,0,0,0,0,0,1,1,0,0,0
82.103201,0,0,0,0,0,0,0,1,0,0,0,0,0,0,0,0,0,1
82.113709,0,1,1,0,0,0,0,0,0,1,1,0,1,0,0,1,0,0
82.133513,1,0,0,1,0,0,1,0,0,1,1,0,1,1,1,0,1,0
82.138808,0,0,0,0,1,0,0,0,0,0,0,0,0,0,0,0,0,0
82.148890,0,0,0,0,0,1,0,0,0,0,0,0,0,1,1,0,0,0
82.153497,0,0,0,0,0,0,0,1,0,0,0,0,0,0,0,0,0,1
82.162700,0,1,1,0,0,0,0,0,0,1,1,0,1,0,0,1,0,0
82.177006,1,0,0,0,0,0,0,0,1,0,0,0,1,0,0,0,0,0
82.190288,0,0,0,0,1,0,1,0,0,1,0,1,0,1,0,0,1,0
82.199452,0,0,0,0,0,1,0,0,0,0,0,0,0,1,1,0,0,0
82.203094,0,0,0,0,0,0,0,1,0,0,0,0,0,0,0,0,0,1
82.211701,0,1,1,0,0,0,0,0,0,1,1,0,1,0,0,1,0,0
82.229690,1,0,0,1,0,0,1,0,0,1,1,0,1,1,1,0,1,0
82.238488,0,0,0,0,1,0,0,0,0,0,0,0,0,0,0,0,0,0
82.248406,0,0,0,0,0,1,0,0,0,0,0,0,0,1,1,0,0,0
82.250582,0,0,0,0,0,0,0,1,0,0,0,0,0,0,0,0,0,1
82.254978,0,1,1,0,0,0,0,0,0,1,1,0,1,0,0,1,0,0
82.265936,1,0,0,0,0,0,0,0,1,0,0,0,1,0,0,0,0,0
82.271853,0,0,0,0,0,0,1,0,0,1,0,1,0,1,0,0,1,0
82.288766,0,0,0,0,1,0,0,0,0,0,0,0,0,0,0,0,0,0
82.293565,0,0,1,0,0,0,0,0,1,0,0,0,1,0,0,0,0,0
82.299133,0,0,0,0,0,0,0,1,0,0,0,0,0,0,0,0,0,1
82.299321,0,0,0,0,0,1,0,0,0,1,0,1,0,1,0,1,0,0
82.310221,1,0,0,0,0,0,0,0,1,0,0,0,1,0,0,0,0,0
82.337320,0,0,0,0,1,0,0,0,0,0,0,0,0,0,0,0,0,0
82.349167,0,0,0,0,0,1,1,0,0,1,0,1,0,1,0,0,1,0
82.349723,0,0,0,0,0,0,0,1,0,0,0,0,0,0,0,0,0,1
82.372089,0,1,1,0,0,0,0,0,0,1,1,0,1,0,0,1,0,0
82.383749,0,0,0,0,1,0,0,0,0,0,0,0,0,0,0,0,0,0
82.388190,1,0,0,1,0,0,1,0,0,1,1,0,1,1,1,0,1,0
82.399603,0,0,0,0,0,1,0,0,0,0,0,0,0,1,1,0,0,0
82.400923,0,0,0,0,0,0,0,1,0,0,0,0,0,0,0,0,0,1
82.414451,0,1,1,0,0,0,0,0,0,1,1,0,1,0,0,1,0,0
82.428944,1,0,0,0,0,0,0,0,1,0,0,0,1,0,0,0,0,0
82.436491,0,0,0,0,1,0,1,0,0,1,0,1,0,1,0,0,1,0
82.450116,0,0,0,0,0,1,0,0,0,0,0,0,0,1,1,0,0,0
82.452656,0,0,0,0,0,0,0,1,0,0,0,0,0,0,0,0,0,1
82.465055,0,1,1,0,0,0,0,0,0,1,1,0,1,0,0,1,0,0
82.478053,1,0,0,1,0,0,1,0,0,1,1,0,1,1,1,0,1,0
82.487298,0,0,0,0,1,0,0,0,0,0,0,0,0,0,0,0,0,0
82.501466,0,0,0,0,0,1,0,0,0,0,0,0,0,1,1,0,0,0
82.501579,0,1,1,0,0,0,0,0,0,1,1,0,1,0,0,1,0,0
82.502234,0,0,0,0,0,0,0,1,0,0,0,0,0,0,0,0,0,1
82.517298,1,0,0,0,0,0,0,0,1,0,0,0,1,0,0,0,0,0
82.534160,0,0,0,0,1,0,1,0,0,1,0,1,0,1,0,0,1,0
82.548739,0,0,0,0,0,1,0,0,0,0,0,0,0,1,1,0,0,0
82.552935,0,0,0,0,0,0,0,1,0,0,0,0,0,0,0,0,0,1
82.557235,0,1,1,0,0,0,0,0,0,1,1,0,1,0,0,1,0,0
82.570932,1,0,0,0,0,0,0,0,1,0,0,0,1,0,0,0,0,0
82.583462,0,0,0,0,1,0,1,0,0,1,0,1,0,1,0,0,1,0
82.599422,0,0,0,0,0,0,0,1,0,0,0,0,0,0,0,0,0,1
82.601292,0,0,0,0,0,1,0,0,0,0,0,0,0,1,1,0,0,0
82.607627,0,1,1,0,0,0,0,0,0,1,1,0,1,0,0,1,0,0
82.624919,1,0,0,1,0,0,1,0,0,1,1,0,1,1,1,0,1,0
82.632945,0,0,0,0,1,0,0,0,0,0,0,0,0,0,0,0,0,0
82.646762,0,0,1,0,0,0,0,0,1,0,0,0,1,0,0,0,0,0
82.650466,0,0,0,0,0,1,0,0,0,1,0,1,0,1,0,1,0,0
82.651034,0,0,0,0,0,0,0,1,0,0,0,0,0,0,0,0,0,1
82.662091,1,0,0,1,0,0,1,0,0,1,1,0,1,1,1,0,1,0
82.685042,0,0,0,0,1,0,0,0,0,0,0,0,0,0,0,0,0,0
82.685485,0,0,1,0,0,0,0,0,1,0,0,0,1,0,0,0,0,0
82.698351,0,0,0,0,0,0,0,1,0,0,0,0,0,0,0,0,0,1
82.699337,0,0,0,0,0,1,0,0,0,1,0,1,0,1,0,1,0,0
82.718058,1,0,0,1,0,0,1,0,0,1,1,0,1,1,1,0,1,0
82.733913,0,0,0,0,1,0,0,0,0,0,0,0,0,0,0,0,0,0
82.740018,0,0,1,0,0,0,0,0,1,0,0,0,1,0,0,0,0,0
82.748500,0,0,0,0,0,1,0,0,0,1,0,1,0,1,0,1,0,0
82.748867,0,0,0,0,0,0,0,1,0,0,0,0,0,0,0,0,0,1
82.767989,1,0,0,0,0,0,0,0,1,0,0,0,1,0,0,0,0,0
82.780720,0,0,0,0,1,0,0,0,0,0,0,0,0,0,0,0,0,0
82.799658,0,0,0,0,0,0,1,1,0,1,0,1,0,1,0,0,1,1
82.799724,0,0,0,0,0,1,0,0,0,0,0,0,0,1,1,0,0,0
82.829315,0,1,1,0,0,0,0,0,0,1,1,0,1,0,0,1,0,0
82.837029,0,0,0,0,1,0,0,0,0,0,0,0,0,0,0,0,0,0
82.842300,1,0,0,0,0,0,0,0,1,0,0,0,1,0,0,0,0,0
82.845508,0,0,0,0,0,0,1,0,0,1,0,1,0,1,0,0,1,0
82.848307,0,0,0,0,0,0,0,1,0,0,0,0,0,0,0,0,0,1
82.849821,0,0,0,0,0,1,0,0,0,0,0,0,0,1,1,0,0,0
82.865747,0,1,1,0,0,0,0,0,0,1,1,0,1,0,0,1,0,0
82.877911,1,0,0,0,0,0,0,0,1,0,0,0,1,0,0,0,0,0
82.883038,0,0,0,0,1,0,1,0,0,1,0,1,0,1,0,0,1,0
82.900312,0,0,0,0,0,1,0,0,0,0,0,0,0,1,1,0,0,0
82.902062,0,0,0,0,0,0,0,1,0,0,0,0,0,0,0,0,0,1
82.907973,0,1,1,0,0,0,0,0,0,1,1,0,1,0,0,1,0,0
82.926100,1,0,0,1,0,0,1,0,0,1,1,0,1,1,1,0,1,0
82.941450,0,0,0,0,1,0,0,0,0,0,0,0,0,0,0,0,0,0
82.946587,0,0,1,0,0,0,0,0,1,0,0,0,1,0,0,0,0,0
82.948985,0,0,0,0,0,0,0,1,0,0,0,0,0,0,0,0,0,1
82.949592,0,0,0,0,0,1,0,0,0,1,0,1,0,1,0,1,0,0
82.961750,1,0,0,1,0,0,1,0,0,1,1,0,1,1,1,0,1,0
82.982031,0,0,1,0,0,0,0,0,1,0,0,0,1,0,0,0,0,0
82.984858,0,0,0,0,1,0,0,0,0,0,0,0,0,0,0,0,0,0
82.998423,0,0,0,0,0,1,0,0,0,1,0,1,0,1,0,1,0,0
83.000238,0,0,0,0,0,0,0,1,0,0,0,0,0,0,0,0,0,1
83.014944,1,0,0,1,0,0,1,0,0,1,1,0,1,1,1,0,1,0
83.035947,0,0,0,0,1,0,0,0,0,0,0,0,0,0,0,0,0,0
83.036444,0,0,1,0,0,0,0,0,1,0,0,0,1,0,0,0,0,0
83.049066,0,0,0,0,0,0,0,1,0,0,0,0,0,0,0,0,0,1
83.049323,0,0,0,0,0,1,0,0,0,1,0,1,0,1,0,1,0,0
83.068912,1,0,0,0,0,0,0,0,1,0,0,0,1,0,0,0,0,0
83.085702,0,0,0,0,1,0,0,0,0,0,0,0,0,0,0,0,0,0
83.100016,0,0,0,0,0,1,0,0,0,1,0,1,0,1,0,1,0,0
83.100714,0,0,0,0,0,0,0,1,0,0,0,0,0,0,0,0,0,1
83.119238,1,0,0,1,0,0,1,0,0,1,1,0,1,1,1,0,1,0
83.135274,0,0,0,0,1,0,1,0,0,0,0,0,0,1,1,0,0,0
83.145146,0,0,1,1,0,0,0,0,0,1,1,0,1,0,0,0,1,0
83.147534,0,0,0,0,0,0,0,1,0,0,0,0,0,0,0,0,0,1
83.148935,0,0,0,0,0,1,0,0,0,0,0,0,0,1,1,0,0,0
83.173862,0,1,1,0,0,0,0,0,0,1,1,0,1,0,0,1,0,0
83.178866,0,0,0,0,1,0,0,0,0,0,0,0,0,0,0,0,0,0
83.187930,1,0,0,0,0,0,0,0,1,0,0,0,1,0,0,0,0,0
83.198954,0,0,0,0,0,0,1,1,0,1,0,1,0,1,0,0,1,1
83.199457,0,0,0,0,0,1,0,0,0,0,0,0,0,1,1,0,0,0
83.223968,0,1,1,0,0,0,0,0,0,1,1,0,1,0,0,1,0,0
83.233688,0,0,0,0,1,0,0,0,0,0,0,0,0,0,0,0,0,0
83.237439,1,0,0,1,0,0,1,0,0,1,1,0,1,1,1,0,1,0
83.249224,0,0,0,0,0,1,0,0,0,0,0,0,0,1,1,0,0,0
83.249457,0,0,0,0,0,0,0,1,0,0,0,0,0,0,0,0,0,1
83.266237,0,1,1,0,0,0,0,0,0,1,1,0,1,0,0,1,0,0
83.278921,1,0,0,1,0,0,1,0,0,1,1,0,1,1,1,0,1,0
83.288452,0,0,0,0,1,0,0,0,0,0,0,0,0,0,0,0,0,0
83.299616,0,0,0,0,0,0,0,1,0,0,0,0,0,0,0,0,0,1
83.299791,0,0,0,0,0,1,0,0,0,0,0,0,0,1,1,0,0,0
83.301914,0,1,1,0,0,0,0,0,0,1,1,0,1,0,0,1,0,0
83.317740,1,0,0,1,0,0,1,0,0,1,1,0,1,1,1,0,1,0
83.337698,0,0,0,0,1,0,0,0,0,0,0,0,0,0,0,0,0,0
83.345620,0,0,1,0,0,0,0,0,1,0,0,0,1,0,0,0,0,0
83.348459,0,0,0,0,0,1,0,0,0,1,0,1,0,1,0,1,0,0
83.350446,0,0,0,0,0,0,0,1,0,0,0,0,0,0,0,0,0,1
83.364579,1,0,0,0,0,0,0,0,1,0,0,0,1,0,0,0,0,0
83.383284,0,0,0,0,1,0,1,0,0,1,0,1,0,1,0,0,1,0
83.398316,0,0,0,0,0,1,0,0,0,0,0,0,0,1,1,0,0,0
83.399769,0,0,0,0,0,0,0,1,0,0,0,0,0,0,0,0,0,1
83.407148,0,1,1,0,0,0,0,0,0,1,1,0,1,0,0,1,0,0
83.419214,1,0,0,0,0,0,0,0,1,0,0,0,1,0,0,0,0,0
83.436650,0,0,0,0,1,0,0,0,0,0,0,0,0,0,0,0,0,0
83.446855,0,0,0,0,0,0,0,1,0,0,0,0,0,0,0,0,0,1
83.449002,0,0,0,0,0,0,1,0,0,1,0,1,0,1,0,0,1,0
83.450434,0,0,0,0,0,1,0,0,0,0,0,0,0,1,1,0,0,0
83.478159,0,1,1,0,0,0,0,0,0,1,1,0,1,0,0,1,0,0
83.478899,0,0,0,0,1,0,0,0,0,0,0,0,0,0,0,0,0,0
83.489278,1,0,0,0,0,0,0,0,1,0,0,0,1,0,0,0,0,0
83.496412,0,0,0,0,0,0,1,0,0,1,0,1,0,1,0,0,1,0
83.499800,0,0,0,0,0,0,0,1,0,0,0,0,0,0,0,0,0,1
83.501234,0,0,0,0,0,1,0,0,0,0,0,0,0,1,1,0,0,0
83.521958,0,1,1,0,0,0,0,0,0,1,1,0,1,0,0,1,0,0
83.537506,0,0,0,0,1,0,0,0,0,0,0,0,0,0,0,0,0,0
83.537632,1,0,0,0,0,0,0,0,1,0,0,0,1,0,0,0,0,0
83.543583,0,0,0,0,0,0,1,0,0,1,0,1,0,1,0,0,1,0
83.550362,0,0,0,0,0,1,0,0,0,0,0,0,0,1,1,0,0,0
83.550659,0,0,0,0,0,0,0,1,0,0,0,0,0,0,0,0,0,1
83.572725,0,1,1,0,0,0,0,0,0,1,1,0,1,0,0,1,0,0
83.584273,0,0,0,0,1,0,0,0,0,0,0,0,0,0,0,0,0,0
83.590684,1,0,0,1,0,0,1,0,0,1,1,0,1,1,1,0,1,0
83.598889,0,0,0,0,0,0,0,1,0,0,0,0,0,0,0,0,0,1
83.599199,0,0,0,0,0,1,0,0,0,0,0,0,0,1,1,0,0,0
83.616185,0,1,1,0,0,0,0,0,0,1,1,0,1,0,0,1,0,0
83.634777,1,0,0,1,0,0,1,0,0,1,1,0,1,1,1,0,1,0
83.638084,0,0,0,0,1,0,0,0,0,0,0,0,0,0,0,0,0,0
83.647583,0,0,0,0,0,0,0,1,0,0,0,0,0,0,0,0,0,1
83.650182,0,0,0,0,0,1,0,0,0,0,0,0,0,1,1,0,0,0
83.657306,0,1,1,0,0,0,0,0,0,1,1,0,1,0,0,1,0,0
83.674039,1,0,0,1,0,0,1,0,0,1,1,0,1,1,1,0,1,0
83.681656,0,0,0,0,1,0,0,0,0,0,0,0,0,0,0,0,0,0
83.699684,0,0,1,0,0,0,0,0,1,0,0,0,1,0,0,0,0,0
83.700000,0,0,0,0,0,0,0,1,0,0,0,0,0,0,0,0,0,1
83.700215,0,0,0,0,0,1,0,0,0,1,0,1,0,1,0,1,0,0
83.716394,1,0,0,0,0,0,0,0,1,0,0,0,1,0,0,0,0,0
83.735068,0,0,0,0,1,0,1,0,0,1,0,1,0,1,0,0,1,0
83.748793,0,0,0,0,0,0,0,1,0,0,0,0,0,0,0,0,0,1
83.750138,0,0,0,0,0,1,0,0,0,0,0,0,0,1,1,0,0,0
83.762655,0,1,1,0,0,0,0,0,0,1,1,0,1,0,0,1,0,0
83.774930,1,0,0,1,0,0,1,0,0,1,1,0,1,1,1,0,1,0
83.785213,0,0,0,0,1,0,0,0,0,0,0,0,0,0,0,0,0,0
83.798450,0,0,1,0,0,0,0,0,1,0,0,0,1,0,0,0,0,0
83.800330,0,0,0,0,0,0,0,1,0,0,0,0,0,0,0,0,0,1
83.800435,0,0,0,0,0,1,0,0,0,1,0,1,0,1,0,1,0,0
83.814286,1,0,0,0,0,0,0,0,1,0,0,0,1,0,0,0,0,0
83.836383,0,0,0,0,1,0,0,0,0,0,0,0,0,0,0,0,0,0
83.849330,0,0,0,0,0,1,1,0,0,1,0,1,0,1,0,0,1,0
83.853073,0,0,0,0,0,0,0,1,0,0,0,0,0,0,0,0,0,1
83.875057,0,1,1,0,0,0,0,0,0,1,1,0,1,0,0,1,0,0
83.887203,0,0,0,0,1,0,0,0,0,0,0,0,0,0,0,0,0,0
83.890154,1,0,0,1,0,0,1,0,0,1,1,0,1,1,1,0,1,0
83.899508,0,0,0,0,0,0,0,1,0,0,0,0,0,0,0,0,0,1
83.901419,0,0,0,0,0,1,0,0,0,0,0,0,0,1,1,0,0,0
83.914493,0,1,1,0,0,0,0,0,0,1,1,0,1,0,0,1,0,0
83.924658,1,0,0,0,0,0,0,0,1,0,0,0,1,0,0,0,0,0
83.926315,0,0,0,0,0,0,1,0,0,1,0,1,0,1,0,0,1,0
83.934470,0,0,0,0,1,0,0,0,0,0,0,0,0,0,0,0,0,0
83.947388,0,0,0,0,0,0,0,1,0,0,0,0,0,0,0,0,0,1
83.948886,0,0,0,0,0,1,0,0,0,0,0,0,0,1,1,0,0,0
83.955373,0,1,1,0,0,0,0,0,0,1,1,0,1,0,0,1,0,0
83.966373,1,0,0,1,0,0,1,0,0,1,1,0,1,1,1,0,1,0
83.986741,0,0,0,0,1,0,0,0,0,0,0,0,0,0,0,0,0,0
83.988724,0,0,1,0,0,0,0,0,1,0,0,0,1,0,0,0,0,0
83.999724,0,0,0,0,0,1,0,0,0,1,0,1,0,1,0,1,0,0
84.002301,0,0,0,0,0,0,0,1,0,0,0,0,0,0,0,0,0,1
84.013053,1,0,0,0,0,0,0,0,1,0,0,0,1,0,0,0,0,0
84.018971,0,0,0,0,0,0,1,0,0,1,0,1,0,1,0,0,1,0
84.040679,0,0,0,0,1,0,0,0,0,0,0,0,0,0,0,0,0,0
84.040699,0,0,1,0,0,0,0,0,1,0,0,0,1,0,0,0,0,0
84.049446,0,0,0,0,0,1,0,0,0,1,0,1,0,1,0,1,0,0
84.049479,0,0,0,0,0,0,0,1,0,0,0,0,0,0,0,0,0,1
84.062754,1,0,0,1,0,0,1,0,0,1,1,0,1,1,1,0,1,0
84.081330,0,0,0,0,1,0,0,0,0,0,0,0,0,0,0,0,0,0
84.086039,0,0,1,0,0,0,0,0,1,0,0,0,1,0,0,0,0,0
84.097604,0,0,0,0,0,0,0,1,0,0,0,0,0,0,0,0,0,1
84.099914,0,0,0,0,0,1,0,0,0,1,0,1,0,1,0,1,0,0
84.114413,1,0,0,0,0,0,0,0,1,0,0,0,1,0,0,0,0,0
84.129557,0,0,0,0,1,0,0,0,0,0,0,0,0,0,0,0,0,0
84.138185,0,0,0,0,0,0,1,0,0,1,0,1,0,1,0,0,1,0
84.148579,0,0,0,0,0,0,0,1,0,0,0,0,0,0,0,0,0,1
84.149736,0,0,0,0,0,1,0,0,0,0,0,0,0,1,1,0,0,0
84.167661,0,1,1,0,0,0,0,0,0,1,1,0,1,0,0,1,0,0
84.179106,0,0,0,0,1,0,0,0,0,0,0,0,0,0,0,0,0,0
84.179261,1,0,0,1,0,0,1,0,0,1,1,0,1,1,1,0,1,0
84.199977,0,0,0,0,0,1,0,0,0,0,0,0,0,1,1,0,0,0
84.200499,0,0,0,0,0,0,0,1,0,0,0,0,0,0,0,0,0,1
84.204557,0,1,1,0,0,0,0,0,0,1,1,0,1,0,0,1,0,0
84.218626,1,0,0,0,0,0,0,0,1,0,0,0,1,0,0,0,0,0
84.236060,0,0,0,0,1,0,0,0,0,0,0,0,0,0,0,0,0,0
84.240043,0,0,0,0,0,0,1,0,0,1,0,1,0,1,0,0,1,0
84.249243,0,0,0,0,0,0,0,1,0,0,0,0,0,0,0,0,0,1
84.249741,0,0,0,0,0,1,0,0,0,0,0,0,0,1,1,0,0,0
84.260650,0,1,1,0,0,0,0,0,0,1,1,0,1,0,0,1,0,0
84.272296,1,0,0,1,0,0,1,0,0,1,1,0,1,1,1,0,1,0
84.285990,0,0,0,0,1,0,0,0,0,0,0,0,0,0,0,0,0,0
84.295016,0,0,1,0,0,0,0,0,1,0,0,0,1,0,0,0,0,0
84.299972,0,0,0,0,0,0,0,1,0,0,0,0,0,0,0,0,0,1
84.300197,0,0,0,0,0,1,0,0,0,1,0,1,0,1,0,1,0,0
84.314056,1,0,0,0,0,0,0,0,1,0,0,0,1,0,0,0,0,0
84.334986,0,0,0,0,1,0,1,0,0,1,0,1,0,1,0,0,1,0
84.346604,0,0,0,0,0,0,0,1,0,0,0,0,0,0,0,0,0,1
84.349512,0,0,0,0,0,1,0,0,0,0,0,0,0,1,1,0,0,0
84.364423,0,1,1,0,0,0,0,0,0,1,1,0,1,0,0,1,0,0
84.381962,1,0,0,0,0,0,0,0,1,0,0,0,1,0,0,0,0,0
84.384724,0,0,0,0,0,0,1,0,0,1,0,1,0,1,0,0,1,0
84.386156,0,0,0,0,1,0,0,0,0,0,0,0,0,0,0,0,0,0
84.399466,0,0,0,0,0,1,0,0,0,0,0,0,0,1,1,0,0,0
84.400795,0,0,0,0,0,0,0,1,0,0,0,0,0,0,0,0,0,1
84.411132,0,1,1,0,0,0,0,0,0,1,1,0,1,0,0,1,0,0
84.429151,1,0,0,1,0,0,1,0,0,1,1,0,1,1,1,0,1,0
84.432246,0,0,0,0,1,0,0,0,0,0,0,0,0,0,0,0,0,0
84.446552,0,0,0,0,0,0,0,1,0,0,0,0,0,0,0,0,0,1
84.450412,0,0,0,0,0,1,0,0,0,0,0,0,0,1,1,0,0,0
84.451683,0,1,1,0,0,0,0,0,0,1,1,0,1,0,0,1,0,0
84.466113,1,0,0,1,0,0,1,0,0,1,1,0,1,1,1,0,1,0
84.484837,0,0,0,0,1,0,0,0,0,0,0,0,0,0,0,0,0,0
84.489157,0,0,1,0,0,0,0,0,1,0,0,0,1,0,0,0,0,0
84.499504,0,0,0,0,0,1,0,0,0,1,0,1,0,1,0,1,0,0
84.500911,0,0,0,0,0,0,0,1,0,0,0,0,0,0,0,0,0,1
84.512100,1,0,0,0,0,0,0,0,1,0,0,0,1,0,0,0,0,0
84.524546,0,0,0,0,0,0,1,0,0,1,0,1,0,1,0,0,1,0
84.539658,0,0,0,0,1,0,0,0,0,0,0,0,0,0,0,0,0,0
84.546752,0,0,0,0,0,0,0,1,0,0,0,0,0,0,0,0,0,1
84.547867,0,0,1,0,0,0,0,0,1,0,0,0,1,0,0,0,0,0
84.550616,0,0,0,0,0,1,0,0,0,1,0,1,0,1,0,1,0,0
84.570041,1,0,0,0,0,0,0,0,1,0,0,0,1,0,0,0,0,0
84.578602,0,0,0,0,1,0,1,0,0,1,0,1,0,1,0,0,1,0
84.598444,0,0,0,0,0,0,0,1,0,0,0,0,0,0,0,0,0,1
84.600883,0,0,0,0,0,1,0,0,0,0,0,0,0,1,1,0,0,0
84.606847,0,1,1,0,0,0,0,0,0,1,1,0,1,0,0,1,0,0
84.617817,1,0,0,1,0,0,1,0,0,1,1,0,1,1,1,0,1,0
84.636214,0,0,0,0,1,0,0,0,0,0,0,0,0,0,0,0,0,0
84.643409,0,0,1,0,0,0,0,0,1,0,0,0,1,0,0,0,0,0
84.649163,0,0,0,0,0,1,0,0,0,1,0,1,0,1,0,1,0,0
84.649911,0,0,0,0,0,0,0,1,0,0,0,0,0,0,0,0,0,1
84.663187,1,0,0,0,0,0,0,0,1,0,0,0,1,0,0,0,0,0
84.686970,0,0,0,0,1,0,1,0,0,1,0,1,0,1,0,0,1,0
84.698338,0,0,0,0,0,1,0,0,0,0,0,0,0,1,1,0,0,0
84.700689,0,0,0,0,0,0,0,1,0,0,0,0,0,0,0,0,0,1
84.708615,0,1,1,0,0,0,0,0,0,1,1,0,1,0,0,1,0,0
84.726971,1,0,0,0,0,0,0,0,1,0,0,0,1,0,0,0,0,0
84.735320,0,0,0,0,1,0,1,0,0,1,0,1,0,1,0,0,1,0
84.749711,0,0,0,0,0,1,0,0,0,0,0,0,0,1,1,0,0,0
84.750336,0,0,0,0,0,0,0,1,0,0,0,0,0,0,0,0,0,1
84.757579,0,1,1,0,0,0,0,0,0,1,1,0,1,0,0,1,0,0
84.777225,1,0,0,1,0,0,1,0,0,1,1,0,1,1,1,0,1,0
84.787310,0,0,0,0,1,0,0,0,0,0,0,0,0,0,0,0,0,0
84.798585,0,0,1,0,0,0,0,0,1,0,0,0,1,0,0,0,0,0
84.799112,0,0,0,0,0,0,0,1,0,0,0,0,0,0,0,0,0,1
84.801080,0,0,0,0,0,1,0,0,0,1,0,1,0,1,0,1,0,0
84.814561,1,0,0,0,0,0,0,0,1,0,0,0,1,0,0,0,0,0
84.834259,0,0,0,0,1,0,1,0,0,1,0,1,0,1,0,0,1,0
84.848154,0,0,0,0,0,0,0,1,0,0,0,0,0,0,0,0,0,1
84.850557,0,0,0,0,0,1,0,0,0,0,0,0,0,1,1,0,0,0
84.859120,0,1,1,0,0,0,0,0,0,1,1,0,1,0,0,1,0,0
84.870294,1,0,0,1,0,0,1,0,0,1,1,0,1,1,1,0,1,0
84.878655,0,0,0,0,1,0,0,0,0,0,0,0,0,0,0,0,0,0
84.891323,0,0,1,0,0,0,0,0,1,0,0,0,1,0,0,0,0,0
84.899667,0,0,0,0,0,1,0,0,0,1,0,1,0,1,0,1,0,0
84.900205,0,0,0,0,0,0,0,1,0,0,0,0,0,0,0,0,0,1
84.911315,1,0,0,1,0,0,1,0,0,1,1,0,1,1,1,0,1,0
84.934137,0,0,0,0,1,0,0,0,0,0,0,0,0,0,0,0,0,0
84.939944,0,0,1,0,0,0,0,0,1,0,0,0,1,0,0,0,0,0
84.947347,0,0,0,0,0,0,0,1,0,0,0,0,0,0,0,0,0,1
84.949092,0,0,0,0,0,1,0,0,0,1,0,1,0,1,0,1,0,0
84.967536,1,0,0,0,0,0,0,0,1,0,0,0,1,0,0,0,0,0
84.985790,0,0,0,0,1,0,1,0,0,1,0,1,0,1,0,0,1,0
84.997423,0,0,0,0,0,0,0,1,0,0,0,0,0,0,0,0,0,1
84.999600,0,0,0,0,0,1,0,0,0,0,0,0,0,1,1,0,0,0
85.013892,0,1,1,0,0,0,0,0,0,1,1,0,1,0,0,1,0,0
85.029710,1,0,0,0,0,0,0,0,1,0,0,0,1,0,0,0,0,0
85.031415,0,0,0,0,0,0,1,0,0,1,0,1,0,1,0,0,1,0
85.032824,0,0,0,0,1,0,0,0,0,0,0,0,0,0,0,0,0,0
85.048515,0,0,0,0,0,1,0,0,0,0,0,0,0,1,1,0,0,0
85.050365,0,0,0,0,0,0,0,1,0,0,0,0,0,0,0,0,0,1
85.056336,0,1,1,0,0,0,0,0,0,1,1,0,1,0,0,1,0,0
85.068648,1,0,0,1,0,0,1,0,0,1,1,0,1,1,1,0,1,0
85.089587,0,0,0,0,1,0,0,0,0,0,0,0,0,0,0,0,0,0
85.095043,0,0,1,0,0,0,0,0,1,0,0,0,1,0,0,0,0,0
85.098599,0,0,0,0,0,1,0,0,0,1,0,1,0,1,0,1,0,0
85.102028,0,0,0,0,0,0,0,1,0,0,0,0,0,0,0,0,0,1
85.111770,1,0,0,1,0,0,1,0,0,1,1,0,1,1,1,0,1,0
85.139912,0,0,0,0,1,0,0,0,0,0,0,0,0,0,0,0,0,0
85.141681,0,0,1,0,0,0,0,0,1,0,0,0,1,0,0,0,0,0
85.147447,0,0,0,0,0,0,0,1,0,0,0,0,0,0,0,0,0,1
85.150603,0,0,0,0,0,1,0,0,0,1,0,1,0,1,0,1,0,0
85.164298,1,0,0,1,0,0,1,0,0,1,1,0,1,1,1,0,1,0
85.184302,0,0,0,0,1,0,0,0,0,0,0,0,0,0,0,0,0,0
85.194020,0,0,1,0,0,0,0,0,1,0,0,0,1,0,0,0,0,0
85.197005,0,0,0,0,0,0,0,1,0,0,0,0,0,0,0,0,0,1
85.200684,0,0,0,0,0,1,0,0,0,1,0,1,0,1,0,1,0,0
85.215833,1,0,0,1,0,0,1,0,0,1,1,0,1,1,1,0,1,0
85.232308,0,0,0,0,1,0,0,0,0,0,0,0,0,0,0,0,0,0
85.239543,0,0,1,0,0,0,0,0,1,0,0,0,1,0,0,0,0,0
85.248757,0,0,0,0,0,0,0,1,0,0,0,0,0,0,0,0,0,1
85.251335,0,0,0,0,0,1,0,0,0,1,0,1,0,1,0,1,0,0
85.262052,1,0,0,1,0,0,1,0,0,1,1,0,1,1,1,0,1,0
85.287271,0,0,0,0,1,0,0,0,0,0,0,0,0,0,0,0,0,0
85.289467,0,0,1,0,0,0,0,0,1,0,0,0,1,0,0,0,0,0
85.300531,0,0,0,0,0,1,0,0,0,1,0,1,0,1,0,1,0,0
85.302113,0,0,0,0,0,0,0,1,0,0,0,0,0,0,0,0,0,1
85.314064,1,0,0,0,0,0,0,0,1,0,0,0,1,0,0,0,0,0
85.338803,0,0,0,0,1,0,1,0,0,1,0,1,0,1,0,0,1,0
85.348905,0,0,0,0,0,1,0,0,0,0,0,0,0,1,1,0,0,0
85.353099,0,0,0,0,0,0,0,1,0,0,0,0,0,0,0,0,0,1
85.363413,0,1,1,0,0,0,0,0,0,1,1,0,1,0,0,1,0,0
85.379290,1,0,0,0,0,0,0,0,1,0,0,0,1,0,0,0,0,0
85.389563,0,0,0,0,1,0,1,0,0,1,0,1,0,1,0,0,1,0
85.397987,0,0,0,0,0,0,0,1,0,0,0,0,0,0,0,0,0,1
85.400932,0,0,0,0,0,1,0,0,0,0,0,0,0,1,1,0,0,0
85.417979,0,1,1,0,0,0,0,0,0,1,1,0,1,0,0,1,0,0
85.432784,1,0,0,0,0,0,0,0,1,0,0,0,1,0,0,0,0,0
85.433068,0,0,0,0,0,0,1,0,0,1,0,1,0,1,0,0,1,0
85.433351,0,0,0,0,1,0,0,0,0,0,0,0,0,0,0,0,0,0
85.449323,0,0,0,0,0,1,0,0,0,0,0,0,0,1,1,0,0,0
85.452803,0,0,0,0,0,0,0,1,0,0,0,0,0,0,0,0,0,1
85.453191,0,1,1,0,0,0,0,0,0,1,1,0,1,0,0,1,0,0
85.464108,1,0,0,1,0,0,1,0,0,1,1,0,1,1,1,0,1,0
85.485552,0,0,0,0,1,0,0,0,0,0,0,0,0,0,0,0,0,0
85.491826,0,0,1,0,0,0,0,0,1,0,0,0,1,0,0,0,0,0
85.500329,0,0,0,0,0,1,0,0,0,1,0,1,0,1,0,1,0,0
85.501414,0,0,0,0,0,0,0,1,0,0,0,0,0,0,0,0,0,1
85.511901,1,0,0,0,0,0,0,0,1,0,0,0,1,0,0,0,0,0
85.535600,0,0,0,0,1,0,1,0,0,1,0,1,0,1,0,0,1,0
85.550131,0,0,0,0,0,1,0,0,0,0,0,0,0,1,1,0,0,0
85.551646,0,0,0,0,0,0,0,1,0,0,0,0,0,0,0,0,0,1
85.557433,0,1,1,0,0,0,0,0,0,1,1,0,1,0,0,1,0,0
85.570278,1,0,0,1,0,0,1,0,0,1,1,0,1,1,1,0,1,0
85.584987,0,0,0,0,1,0,0,0,0,0,0,0,0,0,0,0,0,0
85.590848,0,0,1,0,0,0,0,0,1,0,0,0,1,0,0,0,0,0
85.598518,0,0,0,0,0,0,0,1,0,0,0,0,0,0,0,0,0,1
85.598907,0,0,0,0,0,1,0,0,0,1,0,1,0,1,0,1,0,0
85.615209,1,0,0,1,0,0,1,0,0,1,1,0,1,1,1,0,1,0
85.630540,0,0,0,0,1,0,0,0,0,0,0,0,0,0,0,0,0,0
85.642233,0,0,1,0,0,0,0,0,1,0,0,0,1,0,0,0,0,0
85.647021,0,0,0,0,0,0,0,1,0,0,0,0,0,0,0,0,0,1
85.650014,0,0,0,0,0,1,0,0,0,1,0,1,0,1,0,1,0,0
85.660203,1,0,0,1,0,0,1,0,0,1,1,0,1,1,1,0,1,0
85.684127,0,0,1,0,0,0,0,0,1,0,0,0,1,0,0,0,0,0
85.686169,0,0,0,0,1,0,0,0,0,0,0,0,0,0,0,0,0,0
85.699930,0,0,0,0,0,1,0,0,0,1,0,1,0,1,0,1,0,0
85.702522,0,0,0,0,0,0,0,1,0,0,0,0,0,0,0,0,0,1
85.717328,1,0,0,0,0,0,0,0,1,0,0,0,1,0,0,0,0,0
85.742251,0,0,0,0,1,0,0,0,0,0,0,0,0,0,0,0,0,0
85.748120,0,0,0,0,0,1,0,0,0,1,0,1,0,1,0,1,0,0
85.750890,0,0,0,0,0,0,1,0,0,0,0,0,0,1,1,0,0,0
85.753618,0,0,0,0,0,0,0,1,0,0,0,0,0,0,0,0,0,1
85.765510,1,0,0,1,0,0,0,0,0,1,1,0,1,0,0,0,1,0
85.773323,0,0,0,0,0,0,1,0,0,0,0,0,0,1,1,0,0,0
85.791851,0,0,0,0,1,0,0,0,0,0,0,0,0,0,0,0,0,0
85.794180,0,0,1,1,0,0,0,0,0,1,1,0,1,0,0,0,1,0
85.797551,0,0,0,0,0,0,0,1,0,0,0,0,0,0,0,0,0,1
85.800791,0,0,0,0,0,1,0,0,0,0,0,0,0,1,1,0,0,0
85.815647,0,1,1,0,0,0,0,0,0,1,1,0,1,0,0,1,0,0
85.830187,1,0,0,1,0,0,1,0,0,1,1,0,1,1,1,0,1,0
85.836671,0,0,0,0,1,0,0,0,0,0,0,0,0,0,0,0,0,0
85.849490,0,0,0,0,0,0,0,1,0,0,0,0,0,0,0,0,0,1
85.850412,0,0,0,0,0,1,0,0,0,0,0,0,0,1,1,0,0,0
85.859313,0,1,1,0,0,0,0,0,0,1,1,0,1,0,0,1,0,0
85.877670,1,0,0,0,0,0,0,0,1,0,0,0,1,0,0,0,0,0
85.886718,0,0,0,0,1,0,1,0,0,1,0,1,0,1,0,0,1,0
85.898273,0,0,0,0,0,0,0,1,0,0,0,0,0,0,0,0,0,1
85.901030,0,0,0,0,0,1,0,0,0,0,0,0,0,1,1,0,0,0
85.913514,0,1,1,0,0,0,0,0,0,1,1,0,1,0,0,1,0,0
85.927283,1,0,0,1,0,0,1,0,0,1,1,0,1,1,1,0,1,0
85.933220,0,0,0,0,1,0,0,0,0,0,0,0,0,0,0,0,0,0
85.948129,0,0,0,0,0,1,0,0,0,0,0,0,0,1,1,0,0,0
85.950181,0,1,1,0,0,0,0,0,0,1,1,0,1,0,0,1,0,0
85.950682,0,0,0,0,0,0,0,1,0,0,0,0,0,0,0,0,0,1
85.962057,1,0,0,1,0,0,1,0,0,1,1,0,1,1,1,0,1,0
85.983737,0,0,0,0,1,0,0,0,0,0,0,0,0,0,0,0,0,0
85.989362,0,0,1,0,0,0,0,0,1,0,0,0,1,0,0,0,0,0
85.999117,0,0,0,0,0,0,0,1,0,0,0,0,0,0,0,0,0,1
86.001058,0,0,0,0,0,1,0,0,0,1,0,1,0,1,0,1,0,0
86.020372,1,0,0,0,0,0,0,0,1,0,0,0,1,0,0,0,0,0
86.023851,0,0,0,0,0,0,1,0,0,1,0,1,0,1,0,0,1,0
86.034610,0,0,0,0,1,0,0,0,0,0,0,0,0,0,0,0,0,0
86.047954,0,0,1,0,0,0,0,0,1,0,0,0,1,0,0,0,0,0
86.049672,0,0,0,0,0,1,0,0,0,1,0,1,0,1,0,1,0,0
86.050953,0,0,0,0,0,0,0,1,0,0,0,0,0,0,0,0,0,1
86.066120,1,0,0,0,0,0,0,0,1,0,0,0,1,0,0,0,0,0
86.070712,0,0,0,0,0,0,1,0,0,1,0,1,0,1,0,0,1,0
86.090173,0,0,0,0,1,0,0,0,0,0,0,0,0,0,0,0,0,0
86.098294,0,0,1,0,0,0,0,0,1,0,0,0,1,0,0,0,0,0
86.100961,0,0,0,0,0,1,0,0,0,1,0,1,0,1,0,1,0,0
86.101667,0,0,0,0,0,0,0,1,0,0,0,0,0,0,0,0,0,1
86.116222,1,0,0,1,0,0,1,0,0,1,1,0,1,1,1,0,1,0
86.136937,0,0,0,0,1,0,0,0,0,0,0,0,0,0,0,0,0,0
86.137834,0,0,1,0,0,0,0,0,1,0,0,0,1,0,0,0,0,0
86.147248,0,0,0,0,0,0,0,1,0,0,0,0,0,0,0,0,0,1
86.150791,0,0,0,0,0,1,0,0,0,1,0,1,0,1,0,1,0,0
86.164085,1,0,0,0,0,0,0,0,1,0,0,0,1,0,0,0,0,0
86.183934,0,0,0,0,1,0,0,0,0,0,0,0,0,0,0,0,0,0
86.198059,0,0,0,0,0,0,0,1,0,0,0,0,0,0,0,0,0,1
86.199381,0,0,0,0,0,1,0,0,0,1,0,1,0,1,0,1,0,0
86.209859,1,0,0,0,0,0,0,0,1,0,0,0,1,0,0,0,0,0
86.238052,0,0,0,0,1,0,0,0,0,0,0,0,0,0,0,0,0,0
86.244024,0,0,0,0,0,0,1,0,0,1,0,1,0,1,0,0,1,0
86.246756,0,0,0,0,0,0,0,1,0,0,0,0,0,0,0,0,0,1
86.250155,0,0,0,0,0,1,0,0,0,0,0,0,0,1,1,0,0,0
86.253712,0,0,0,0,0,0,1,0,0,0,0,0,0,1,1,0,0,0
86.265556,0,1,1,0,0,0,0,0,0,1,1,0,1,0,0,1,0,0
86.277743,1,0,0,1,0,0,1,0,0,1,1,0,1,1,1,0,1,0
86.279865,0,0,0,0,1,0,0,0,0,0,0,0,0,0,0,0,0,0
86.298789,0,0,0,0,0,0,0,1,0,0,0,0,0,0,0,0,0,1
86.299832,0,0,0,0,0,1,0,0,0,0,0,0,0,1,1,0,0,0
86.301611,0,1,1,0,0,0,0,0,0,1,1,0,1,0,0,1,0,0
86.315280,1,0,0,1,0,0,1,0,0,1,1,0,1,1,1,0,1,0
86.333234,0,0,0,0,1,0,0,0,0,0,0,0,0,0,0,0,0,0
86.338335,0,0,1,1,0,0,0,0,0,1,1,0,1,0,0,0,1,0
86.349153,0,0,0,0,0,1,0,0,0,0,0,0,0,1,1,0,0,0
86.351204,0,0,0,0,0,0,0,1,0,0,0,0,0,0,0,0,0,1
86.361527,0,1,1,0,0,0,0,0,0,1,1,0,1,0,0,1,0,0
86.378065,1,0,0,0,0,0,0,0,1,0,0,0,1,0,0,0,0,0
86.387130,0,0,0,0,1,0,0,0,0,0,0,0,0,0,0,0,0,0
86.394467,0,0,0,0,0,0,1,0,0,1,0,1,0,1,0,0,1,0
86.399516,0,0,0,0,0,1,0,0,0,0,0,0,0,1,1,0,0,0
86.399823,0,0,0,0,0,0,0,1,0,0,0,0,0,0,0,0,0,1
86.414832,0,1,1,0,0,0,0,0,0,1,1,0,1,0,0,1,0,0
86.431184,1,0,0,1,0,0,1,0,0,1,1,0,1,1,1,0,1,0
86.433525,0,0,0,0,1,0,0,0,0,0,0,0,0,0,0,0,0,0
86.447148,0,0,0,0,0,0,0,1,0,0,0,0,0,0,0,0,0,1
86.451554,0,0,0,0,0,1,0,0,0,0,0,0,0,1,1,0,0,0
86.459667,0,1,1,0,0,0,0,0,0,1,1,0,1,0,0,1,0,0
86.476215,1,0,0,0,0,0,0,0,1,0,0,0,1,0,0,0,0,0
86.477084,0,0,0,0,0,0,1,0,0,1,0,1,0,1,0,0,1,0
86.477988,0,0,0,0,1,0,0,0,0,0,0,0,0,0,0,0,0,0
86.499406,0,0,0,0,0,1,0,0,0,0,0,0,0,1,1,0,0,0
86.502935,0,1,1,0,0,0,0,0,0,1,1,0,1,0,0,1,0,0
86.503116,0,0,0,0,0,0,0,1,0,0,0,0,0,0,0,0,0,1
86.517626,1,0,0,1,0,0,1,0,0,1,1,0,1,1,1,0,1,0
86.540871,0,0,0,0,1,0,0,0,0,0,0,0,0,0,0,0,0,0
86.544387,0,0,1,0,0,0,0,0,1,0,0,0,1,0,0,0,0,0
86.549677,0,0,0,0,0,0,0,1,0,0,0,0,0,0,0,0,0,1
86.550280,0,0,0,0,0,1,0,0,0,1,0,1,0,1,0,1,0,0
86.563094,1,0,0,0,0,0,0,0,1,0,0,0,1,0,0,0,0,0
86.584828,0,0,0,0,1,0,1,0,0,1,0,1,0,1,0,0,1,0
86.597849,0,0,0,0,0,0,0,1,0,0,0,0,0,0,0,0,0,1
86.598837,0,0,0,0,0,1,0,0,0,0,0,0,0,1,1,0,0,0
86.614224,0,1,1,0,0,0,0,0,0,1,1,0,1,0,0,1,0,0
86.626927,1,0,0,0,0,0,0,0,1,0,0,0,1,0,0,0,0,0
86.629122,0,0,0,0,0,0,1,0,0,1,0,1,0,1,0,0,1,0
86.633398,0,0,0,0,1,0,0,0,0,0,0,0,0,0,0,0,0,0
86.646733,0,0,0,0,0,0,0,1,0,0,0,0,0,0,0,0,0,1
86.648370,0,0,0,0,0,1,0,0,0,0,0,0,0,1,1,0,0,0
86.650898,0,1,1,0,0,0,0,0,0,1,1,0,1,0,0,1,0,0
86.667908,1,0,0,1,0,0,1,0,0,1,1,0,1,1,1,0,1,0
86.680348,0,0,0,0,1,0,0,0,0,0,0,0,0,0,0,0,0,0
86.689210,0,0,1,0,0,0,0,0,1,0,0,0,1,0,0,0,0,0
86.698691,0,0,0,0,0,0,0,1,0,0,0,0,0,0,0,0,0,1
86.700436,0,0,0,0,0,1,0,0,0,1,0,1,0,1,0,1,0,0
86.711946,1,0,0,1,0,0,1,0,0,1,1,0,1,1,1,0,1,0
86.731962,0,0,1,0,0,0,0,0,1,0,0,0,1,0,0,0,0,0
86.736420,0,0,0,0,1,0,0,0,0,0,0,0,0,0,0,0,0,0
86.748822,0,0,0,0,0,0,0,1,0,0,0,0,0,0,0,0,0,1
86.749036,0,0,0,0,0,1,0,0,0,1,0,1,0,1,0,1,0,0
86.766481,1,0,0,0,0,0,0,0,1,0,0,0,1,0,0,0,0,0
86.784246,0,0,0,0,1,0,0,0,0,0,0,0,0,0,0,0,0,0
86.799338,0,0,0,0,0,0,1,1,0,1,0,1,0,1,0,0,1,1
86.800265,0,0,0,0,0,1,0,0,0,0,0,0,0,1,1,0,0,0
86.824685,0,1,1,0,0,0,0,0,0,1,1,0,1,0,0,1,0,0
86.835201,0,0,0,0,1,0,0,0,0,0,0,0,0,0,0,0,0,0
86.839708,1,0,0,0,0,0,0,0,1,0,0,0,1,0,0,0,0,0
86.845386,0,0,0,0,0,0,1,0,0,1,0,1,0,1,0,0,1,0
86.849654,0,0,0,0,0,0,0,1,0,0,0,0,0,0,0,0,0,1
86.850967,0,0,0,0,0,1,0,0,0,0,0,0,0,1,1,0,0,0
86.868750,0,1,1,0,0,0,0,0,0,1,1,0,1,0,0,1,0,0
86.884382,1,0,0,0,0,0,0,0,1,0,0,0,1,0,0,0,0,0
86.885536,0,0,0,0,0,0,1,0,0,1,0,1,0,1,0,0,1,0
86.886563,0,0,0,0,1,0,0,0,0,0,0,0,0,0,0,0,0,0
86.901922,0,0,0,0,0,1,0,0,0,0,0,0,0,1,1,0,0,0
86.903165,0,0,0,0,0,0,0,1,0,0,0,0,0,0,0,0,0,1
86.913085,0,1,1,0,0,0,0,0,0,1,1,0,1,0,0,1,0,0
86.928157,1,0,0,0,0,0,0,0,1,0,0,0,1,0,0,0,0,0
86.934077,0,0,0,0,0,0,1,0,0,1,0,1,0,1,0,0,1,0
86.942551,0,0,0,0,1,0,0,0,0,0,0,0,0,0,0,0,0,0
86.949502,0,0,0,0,0,1,0,0,0,0,0,0,0,1,1,0,0,0
86.950764,0,0,0,0,0,0,0,1,0,0,0,0,0,0,0,0,0,1
86.955687,0,1,1,0,0,0,0,0,0,1,1,0,1,0,0,1,0,0
86.969657,1,0,0,0,0,0,0,0,1,0,0,0,1,0,0,0,0,0
86.986878,0,0,0,0,1,0,0,0,0,0,0,0,0,0,0,0,0,0
86.990410,0,0,0,0,0,0,1,0,0,1,0,1,0,1,0,0,1,0
86.997463,0,0,0,0,0,0,0,1,0,0,0,0,0,0,0,0,0,1
86.999508,0,0,0,0,0,1,0,0,0,0,0,0,0,1,1,0,0,0
87.014000,0,1,1,0,0,0,0,0,0,1,1,0,1,0,0,1,0,0
87.025678,1,0,0,0,0,0,0,0,1,0,0,0,1,0,0,0,0,0
87.030132,0,0,0,0,1,0,1,0,0,1,0,1,0,1,0,0,1,0
87.049368,0,0,0,0,0,0,0,1,0,0,0,0,0,0,0,0,0,1
87.050268,0,0,1,0,0,0,0,0,1,0,0,0,1,0,0,0,0,0
87.051204,0,0,0,0,0,1,0,0,0,1,0,1,0,1,0,1,0,0
87.069362,1,0,0,1,0,0,1,0,0,1,1,0,1,1,1,0,1,0
87.084759,0,0,0,0,1,0,0,0,0,0,0,0,0,0,0,0,0,0
87.093878,0,0,1,0,0,0,0,0,1,0,0,0,1,0,0,0,0,0
87.101173,0,0,0,0,0,1,0,0,0,1,0,1,0,1,0,1,0,0
87.103966,0,0,0,0,0,0,0,1,0,0,0,0,0,0,0,0,0,1
87.112700,1,0,0,0,0,0,0,0,1,0,0,0,1,0,0,0,0,0
87.126773,0,0,0,0,0,0,1,0,0,1,0,1,0,1,0,0,1,0
87.138535,0,0,0,0,1,0,0,0,0,0,0,0,0,0,0,0,0,0
87.147866,0,0,1,0,0,0,0,0,1,0,0,0,1,0,0,0,0,0
87.149055,0,0,0,0,0,0,0,1,0,0,0,0,0,0,0,0,0,1
87.149524,0,0,0,0,0,1,0,0,0,1,0,1,0,1,0,1,0,0
87.167098,1,0,0,1,0,0,1,0,0,1,1,0,1,1,1,0,1,0
87.180715,0,0,0,0,1,0,0,0,0,0,0,0,0,0,0,0,0,0
87.187238,0,0,1,0,0,0,0,0,1,0,0,0,1,0,0,0,0,0
87.199245,0,0,0,0,0,1,0,0,0,1,0,1,0,1,0,1,0,0
87.199389,0,0,0,0,0,0,0,1,0,0,0,0,0,0,0,0,0,1
87.211965,1,0,0,1,0,0,1,0,0,1,1,0,1,1,1,0,1,0
87.232462,0,0,0,0,1,0,0,0,0,0,0,0,0,0,0,0,0,0
87.232591,0,0,1,0,0,0,0,0,1,0,0,0,1,0,0,0,0,0
87.249227,0,0,0,0,0,1,0,0,0,1,0,1,0,1,0,1,0,0
87.253986,0,0,0,0,0,0,0,1,0,0,0,0,0,0,0,0,0,1
87.263361,1,0,0,0,0,0,0,0,1,0,0,0,1,0,0,0,0,0
87.291542,0,0,0,0,1,0,0,0,0,0,0,0,0,0,0,0,0,0
87.298486,0,0,0,0,0,1,1,0,0,1,0,1,0,1,0,1,0,0
87.301005,0,0,0,0,0,0,0,1,0,0,0,0,0,0,0,0,0,1
87.310642,1,0,0,1,0,0,1,0,0,1,1,0,1,1,1,0,1,0
87.337356,0,0,1,1,0,0,0,0,0,1,1,0,1,0,0,0,1,0
87.338170,0,0,0,0,1,0,0,0,0,0,0,0,0,0,0,0,0,0
87.349397,0,0,0,0,0,1,0,0,0,0,0,0,0,1,1,0,0,0
87.350355,0,0,0,0,0,0,0,1,0,0,0,0,0,0,0,0,0,1
87.359234,0,1,1,0,0,0,0,0,0,1,1,0,1,0,0,1,0,0
87.376133,1,0,0,0,0,0,0,0,1,0,0,0,1,0,0,0,0,0
87.384473,0,0,0,0,1,0,1,0,0,1,0,1,0,1,0,0,1,0
87.399394,0,0,0,0,0,1,0,0,0,0,0,0,0,1,1,0,0,0
87.403633,0,0,0,0,0,0,0,1,0,0,0,0,0,0,0,0,0,1
87.414034,0,1,1,0,0,0,0,0,0,1,1,0,1,0,0,1,0,0
87.428259,1,0,0,1,0,0,1,0,0,1,1,0,1,1,1,0,1,0
87.436636,0,0,0,0,1,0,0,0,0,0,0,0,0,0,0,0,0,0
87.448694,0,0,0,0,0,0,0,1,0,0,0,0,0,0,0,0,0,1
87.448975,0,0,0,0,0,1,0,0,0,0,0,0,0,1,1,0,0,0
87.453797,0,1,1,0,0,0,0,0,0,1,1,0,1,0,0,1,0,0
87.464802,1,0,0,1,0,0,1,0,0,1,1,0,1,1,1,0,1,0
87.485464,0,0,0,0,1,0,0,0,0,0,0,0,0,0,0,0,0,0
87.491179,0,0,1,0,0,0,0,0,1,0,0,0,1,0,0,0,0,0
87.499869,0,0,0,0,0,1,0,0,0,1,0,1,0,1,0,1,0,0
87.502706,0,0,0,0,0,0,0,1,0,0,0,0,0,0,0,0,0,1
87.517146,1,0,0,0,0,0,0,0,1,0,0,0,1,0,0,0,0,0
87.534681,0,0,0,0,0,0,1,0,0,1,0,1,0,1,0,0,1,0
87.538820,0,0,0,0,1,0,0,0,0,0,0,0,0,0,0,0,0,0
87.548408,0,0,0,0,0,1,0,0,0,0,0,0,0,1,1,0,0,0
87.549303,0,0,0,0,0,0,0,1,0,0,0,0,0,0,0,0,0,1
87.562897,0,1,1,0,0,0,0,0,0,1,1,0,1,0,0,1,0,0
87.574206,1,0,0,0,0,0,0,0,1,0,0,0,1,0,0,0,0,0
87.588582,0,0,0,0,1,0,1,0,0,1,0,1,0,1,0,0,1,0
87.599008,0,0,0,0,0,0,0,1,0,0,0,0,0,0,0,0,0,1
87.600360,0,0,0,0,0,1,0,0,0,0,0,0,0,1,1,0,0,0
87.610846,0,1,1,0,0,0,0,0,0,1,1,0,1,0,0,1,0,0
87.623326,1,0,0,1,0,0,1,0,0,1,1,0,1,1,1,0,1,0
87.631379,0,0,0,0,1,0,0,0,0,0,0,0,0,0,0,0,0,0
87.647031,0,0,0,0,0,0,0,1,0,0,0,0,0,0,0,0,0,1
87.649553,0,0,1,0,0,0,0,0,1,0,0,0,1,0,0,0,0,0
87.649674,0,0,0,0,0,1,0,0,0,1,0,1,0,1,0,1,0,0
87.663404,1,0,0,1,0,0,1,0,0,1,1,0,1,1,1,0,1,0
87.678127,0,0,0,0,1,0,0,0,0,0,0,0,0,0,0,0,0,0
87.686098,0,0,1,0,0,0,0,0,1,0,0,0,1,0,0,0,0,0
87.698338,0,0,0,0,0,1,0,0,0,1,0,1,0,1,0,1,0,0
87.700006,0,0,0,0,0,0,0,1,0,0,0,0,0,0,0,0,0,1
87.713031,1,0,0,0,0,0,0,0,1,0,0,0,1,0,0,0,0,0
87.715103,0,0,0,0,0,0,1,0,0,1,0,1,0,1,0,0,1,0
87.730441,0,0,0,0,1,0,0,0,0,0,0,0,0,0,0,0,0,0
87.741690,0,0,1,0,0,0,0,0,1,0,0,0,1,0,0,0,0,0
87.748684,0,0,0,0,0,0,0,1,0,0,0,0,0,0,0,0,0,1
87.750122,0,0,0,0,0,1,0,0,0,1,0,1,0,1,0,1,0,0
87.767947,1,0,0,0,0,0,0,0,1,0,0,0,1,0,0,0,0,0
87.773968,0,0,0,0,0,0,1,0,0,1,0,1,0,1,0,0,1,0
87.788389,0,0,0,0,1,0,0,0,0,0,0,0,0,0,0,0,0,0
87.800812,0,0,0,0,0,1,0,0,0,0,0,0,0,1,1,0,0,0
87.801441,0,0,0,0,0,0,0,1,0,0,0,0,0,0,0,0,0,1
87.802732,0,1,1,0,0,0,0,0,0,1,1,0,1,0,0,1,0,0
87.813092,1,0,0,1,0,0,1,0,0,1,1,0,1,1,1,0,1,0
87.835244,0,0,1,0,0,0,0,0,1,0,0,0,1,0,0,0,0,0
87.838468,0,0,0,0,1,0,0,0,0,0,0,0,0,0,0,0,0,0
87.848671,0,0,0,0,0,1,0,0,0,1,0,1,0,1,0,1,0,0
87.852038,0,0,0,0,0,0,0,1,0,0,0,0,0,0,0,0,0,1
87.864176,1,0,0,1,0,0,1,0,0,1,1,0,1,1,1,0,1,0
87.885627,0,0,1,0,0,0,0,0,1,0,0,0,1,0,0,0,0,0
87.887913,0,0,0,0,1,0,0,0,0,0,0,0,0,0,0,0,0,0
87.899482,0,0,0,0,0,1,0,0,0,1,0,1,0,1,0,1,0,0
87.899541,0,0,0,0,0,0,0,1,0,0,0,0,0,0,0,0,0,1
87.911617,1,0,0,1,0,0,1,0,0,1,1,0,1,1,1,0,1,0
87.934210,0,0,0,0,1,0,0,0,0,0,0,0,0,0,0,0,0,0
87.934326,0,0,1,0,0,0,0,0,1,0,0,0,1,0,0,0,0,0
87.947555,0,0,0,0,0,0,0,1,0,0,0,0,0,0,0,0,0,1
87.950192,0,0,0,0,0,1,0,0,0,1,0,1,0,1,0,1,0,0
87.965945,1,0,0,0,0,0,0,0,1,0,0,0,1,0,0,0,0,0
87.986351,0,0,0,0,1,0,1,0,0,1,0,1,0,1,0,0,1,0
87.996667,0,0,0,0,0,0,0,1,0,0,0,0,0,0,0,0,0,1
87.999324,0,0,0,0,0,1,0,0,0,0,0,0,0,1,1,0,0,0
88.010833,0,1,1,0,0,0,0,0,0,1,1,0,1,0,0,1,0,0
88.026523,1,0,0,0,0,0,0,0,1,0,0,0,1,0,0,0,0,0
88.028350,0,0,0,0,0,0,1,0,0,1,0,1,0,1,0,0,1,0
88.034730,0,0,0,0,1,0,0,0,0,0,0,0,0,0,0,0,0,0
88.049093,0,0,0,0,0,0,0,1,0,0,0,0,0,0,0,0,0,1
88.050580,0,0,0,0,0,1,0,0,0,0,0,0,0,1,1,0,0,0
88.055651,0,1,1,0,0,0,0,0,0,1,1,0,1,0,0,1,0,0
88.074233,1,0,0,0,0,0,0,0,1,0,0,0,1,0,0,0,0,0
88.075303,0,0,0,0,0,0,1,0,0,1,0,1,0,1,0,0,1,0
88.088222,0,0,0,0,1,0,0,0,0,0,0,0,0,0,0,0,0,0
88.100140,0,0,1,0,0,0,0,0,1,0,0,0,1,0,0,0,0,0
88.100718,0,0,0,0,0,1,0,0,0,1,0,1,0,1,0,1,0,0
88.100721,0,0,0,0,0,0,0,1,0,0,0,0,0,0,0,0,0,1
88.117406,1,0,0,1,0,0,1,0,0,1,1,0,1,1,1,0,1,0
88.137553,0,0,0,0,1,0,0,0,0,0,0,0,0,0,0,0,0,0
88.141000,0,0,1,0,0,0,0,0,1,0,0,0,1,0,0,0,0,0
88.150614,0,0,0,0,0,1,0,0,0,1,0,1,0,1,0,1,0,0
88.152192,0,0,0,0,0,0,0,1,0,0,0,0,0,0,0,0,0,1
88.165718,1,0,0,0,0,0,0,0,1,0,0,0,1,0,0,0,0,0
88.191738,0,0,0,0,1,0,0,0,0,0,0,0,0,0,0,0,0,0
88.194960,0,0,0,0,0,0,1,0,0,1,0,1,0,1,0,0,1,0
88.196082,0,0,0,0,0,0,0,1,0,0,0,0,0,0,0,0,0,1
88.198904,0,0,0,0,0,1,0,0,0,0,0,0,0,1,1,0,0,0
88.215225,0,1,1,0,0,0,0,0,0,1,1,0,1,0,0,1,0,0
88.226836,1,0,0,1,0,0,1,0,0,1,1,0,1,1,1,0,1,0
88.231678,0,0,0,0,1,0,0,0,0,0,0,0,0,0,0,0,0,0
88.247417,0,0,1,0,0,0,0,0,1,0,0,0,1,0,0,0,0,0
88.249426,0,0,0,0,0,0,0,1,0,0,0,0,0,0,0,0,0,1
88.251215,0,0,0,0,0,1,0,0,0,1,0,1,0,1,0,1,0,0
88.262175,1,0,0,1,0,0,1,0,0,1,1,0,1,1,1,0,1,0
88.282356,0,0,1,0,0,0,0,0,1,0,0,0,1,0,0,0,0,0
88.286757,0,0,0,0,1,0,0,0,0,0,0,0,0,0,0,0,0,0
88.299430,0,0,0,0,0,0,0,1,0,0,0,0,0,0,0,0,0,1
88.301376,0,0,0,0,0,1,0,0,0,1,0,1,0,1,0,1,0,0
88.317224,1,0,0,0,0,0,0,0,1,0,0,0,1,0,0,0,0,0
88.335565,0,0,0,0,1,0,0,0,0,0,0,0,0,0,0,0,0,0
88.349789,0,0,0,0,0,0,0,1,0,0,0,0,0,0,0,0,0,1
88.350283,0,0,0,0,0,0,1,0,0,1,0,1,0,1,0,0,1,0
88.350778,0,0,0,0,0,1,0,0,0,0,0,0,0,1,1,0,0,0
88.371068,0,1,1,0,0,0,0,0,0,1,1,0,1,0,0,1,0,0
88.385405,1,0,0,0,0,0,0,0,1,0,0,0,1,0,0,0,0,0
88.387771,0,0,0,0,0,0,1,0,0,1,0,1,0,1,0,0,1,0
88.389759,0,0,0,0,1,0,0,0,0,0,0,0,0,0,0,0,0,0
88.398781,0,0,0,0,0,1,0,0,0,0,0,0,0,1,1,0,0,0
88.400368,0,0,0,0,0,0,0,1,0,0,0,0,0,0,0,0,0,1
88.409249,0,1,1,0,0,0,0,0,0,1,1,0,1,0,0,1,0,0
88.426583,1,0,0,0,0,0,0,0,1,0,0,0,1,0,0,0,0,0
88.435078,0,0,0,0,1,0,1,0,0,1,0,1,0,1,0,0,1,0
88.449024,0,0,0,0,0,0,0,1,0,0,0,0,0,0,0,0,0,1
88.450603,0,0,0,0,0,1,0,0,0,0,0,0,0,1,1,0,0,0
88.464112,0,1,1,0,0,0,0,0,0,1,1,0,1,0,0,1,0,0
88.481631,1,0,0,0,0,0,0,0,1,0,0,0,1,0,0,0,0,0
88.486071,0,0,0,0,1,0,0,0,0,0,0,0,0,0,0,0,0,0
88.489935,0,0,0,0,0,0,1,0,0,1,0,1,0,1,0,0,1,0
88.497863,0,0,0,0,0,0,0,1,0,0,0,0,0,0,0,0,0,1
88.500162,0,0,0,0,0,1,0,0,0,0,0,0,0,1,1,0,0,0
88.518482,0,1,1,0,0,0,0,0,0,1,1,0,1,0,0,1,0,0
88.533357,1,0,0,1,0,0,1,0,0,1,1,0,1,1,1,0,1,0
88.535957,0,0,0,0,1,0,0,0,0,0,0,0,0,0,0,0,0,0
88.549511,0,0,0,0,0,0,0,1,0,0,0,0,0,0,0,0,0,1
88.550062,0,0,0,0,0,1,0,0,0,0,0,0,0,1,1,0,0,0
88.559131,0,1,1,0,0,0,0,0,0,1,1,0,1,0,0,1,0,0
88.571218,1,0,0,0,0,0,0,0,1,0,0,0,1,0,0,0,0,0
88.587697,0,0,0,0,1,0,0,0,0,0,0,0,0,0,0,0,0,0
88.600289,0,0,0,0,0,0,0,1,0,0,0,0,0,0,0,0,0,1
88.601217,0,0,0,0,0,1,1,0,0,1,0,1,0,1,0,0,1,0
88.628689,0,1,1,0,0,0,0,0,0,1,1,0,1,0,0,1,0,0
88.637611,0,0,0,0,1,0,0,0,0,0,0,0,0,0,0,0,0,0
88.641881,1,0,0,1,0,0,1,0,0,1,1,0,1,1,1,0,1,0
88.649260,0,0,0,0,0,1,0,0,0,0,0,0,0,1,1,0,0,0
88.652609,0,0,0,0,0,0,0,1,0,0,0,0,0,0,0,0,0,1
88.670843,0,1,1,0,0,0,0,0,0,1,1,0,1,0,0,1,0,0
88.686079,0,0,0,0,1,0,0,0,0,0,0,0,0,0,0,0,0,0
88.686766,1,0,0,1,0,0,1,0,0,1,1,0,1,1,1,0,1,0
88.699150,0,0,0,0,0,0,0,1,0,0,0,0,0,0,0,0,0,1
88.700320,0,0,0,0,0,1,0,0,0,0,0,0,0,1,1,0,0,0
88.714867,0,1,1,0,0,0,0,0,0,1,1,0,1,0,0,1,0,0
88.733260,1,0,0,1,0,0,1,0,0,1,1,0,1,1,1,0,1,0
88.734088,0,0,0,0,1,0,0,0,0,0,0,0,0,0,0,0,0,0
88.746036,0,0,0,0,0,0,0,1,0,0,0,0,0,0,0,0,0,1
88.749301,0,0,0,0,0,1,0,0,0,0,0,0,0,1,1,0,0,0
88.759734,0,1,1,0,0,0,0,0,0,1,1,0,1,0,0,1,0,0
88.769901,1,0,0,1,0,0,1,0,0,1,1,0,1,1,1,0,1,0
88.782702,0,0,0,0,1,0,0,0,0,0,0,0,0,0,0,0,0,0
88.796734,0,0,1,0,0,0,0,0,1,0,0,0,1,0,0,0,0,0
88.801082,0,0,0,0,0,1,0,0,0,1,0,1,0,1,0,1,0,0
88.801760,0,0,0,0,0,0,0,1,0,0,0,0,0,0,0,0,0,1
88.814603,1,0,0,0,0,0,0,0,1,0,0,0,1,0,0,0,0,0
88.837773,0,0,0,0,1,0,0,0,0,0,0,0,0,0,0,0,0,0
88.848484,0,0,0,0,0,1,1,0,0,1,0,1,0,1,0,0,1,0
88.851583,0,0,0,0,0,0,0,1,0,0,0,0,0,0,0,0,0,1
88.874610,0,1,1,0,0,0,0,0,0,1,1,0,1,0,0,1,0,0
88.884929,0,0,0,0,1,0,0,0,0,0,0,0,0,0,0,0,0,0
88.892371,1,0,0,1,0,0,1,0,0,1,1,0,1,1,1,0,1,0
88.900359,0,0,0,0,0,1,0,0,0,0,0,0,0,1,1,0,0,0
88.900637,0,0,0,0,0,0,0,1,0,0,0,0,0,0,0,0,0,1
88.915759,0,1,1,0,0,0,0,0,0,1,1,0,1,0,0,1,0,0
88.928548,1,0,0,1,0,0,1,0,0,1,1,0,1,1,1,0,1,0
88.931120,0,0,0,0,1,0,0,0,0,0,0,0,0,0,0,0,0,0
88.950376,0,0,0,0,0,1,0,0,0,0,0,0,0,1,1,0,0,0
88.950724,0,0,0,0,0,0,0,1,0,0,0,0,0,0,0,0,0,1
88.952309,0,1,1,0,0,0,0,0,0,1,1,0,1,0,0,1,0,0
88.962311,1,0,0,1,0,0,1,0,0,1,1,0,1,1,1,0,1,0
88.983293,0,0,1,0,0,0,0,0,1,0,0,0,1,0,0,0,0,0
88.985198,0,0,0,0,1,0,0,0,0,0,0,0,0,0,0,0,0,0
88.998166,0,0,0,0,0,0,0,1,0,0,0,0,0,0,0,0,0,1
88.999919,0,0,0,0,0,1,0,0,0,1,0,1,0,1,0,1,0,0
89.016043,1,0,0,0,0,0,0,0,1,0,0,0,1,0,0,0,0,0
89.032930,0,0,0,0,1,0,0,0,0,0,0,0,0,0,0,0,0,0
89.048965,0,0,0,0,0,0,0,1,0,0,0,0,0,0,0,0,0,1
89.049710,0,0,0,0,0,1,0,0,0,1,0,1,0,1,0,1,0,0
89.056804,0,0,0,0,0,0,1,0,0,0,0,0,0,1,1,0,0,0
89.061894,1,0,0,1,0,0,0,0,0,1,1,0,1,0,0,0,1,0
89.082882,0,0,0,0,1,0,0,0,0,0,0,0,0,0,0,0,0,0
89.085479,0,0,1,1,0,0,1,0,0,1,1,0,1,1,1,0,1,0
89.096788,0,0,0,0,0,0,0,1,0,0,0,0,0,0,0,0,0,1
89.100306,0,0,0,0,0,1,0,0,0,0,0,0,0,1,1,0,0,0
89.107799,0,1,1,0,0,0,0,0,0,1,1,0,1,0,0,1,0,0
89.122065,1,0,0,0,0,0,0,0,1,0,0,0,1,0,0,0,0,0
89.130104,0,0,0,0,0,0,1,0,0,1,0,1,0,1,0,0,1,0
89.133400,0,0,0,0,1,0,0,0,0,0,0,0,0,0,0,0,0,0
89.150226,0,0,0,0,0,1,0,0,0,0,0,0,0,1,1,0,0,0
89.151499,0,0,0,0,0,0,0,1,0,0,0,0,0,0,0,0,0,1
89.154190,0,1,1,0,0,0,0,0,0,1,1,0,1,0,0,1,0,0
89.166132,1,0,0,1,0,0,1,0,0,1,1,0,1,1,1,0,1,0
89.184588,0,0,0,0,1,0,0,0,0,0,0,0,0,0,0,0,0,0
89.192369,0,0,1,0,0,0,0,0,1,0,0,0,1,0,0,0,0,0
89.198349,0,0,0,0,0,1,0,0,0,1,0,1,0,1,0,1,0,0
89.201722,0,0,0,0,0,0,0,1,0,0,0,0,0,0,0,0,0,1
89.208503,1,0,0,0,0,0,0,0,1,0,0,0,1,0,0,0,0,0
89.239387,0,0,0,0,1,0,1,0,0,1,0,1,0,1,0,0,1,0
89.249304,0,0,0,0,0,1,0,0,0,0,0,0,0,1,1,0,0,0
89.251207,0,0,0,0,0,0,0,1,0,0,0,0,0,0,0,0,0,1
89.268425,0,1,1,0,0,0,0,0,0,1,1,0,1,0,0,1,0,0
89.284211,1,0,0,0,0,0,0,0,1,0,0,0,1,0,0,0,0,0
89.284286,0,0,0,0,1,0,1,0,0,1,0,1,0,1,0,0,1,0
89.299110,0,0,0,0,0,1,0,0,0,0,0,0,0,1,1,0,0,0
89.301134,0,0,0,0,0,0,0,1,0,0,0,0,0,0,0,0,0,1
89.309044,0,1,1,0,0,0,0,0,0,1,1,0,1,0,0,1,0,0
89.323500,1,0,0,0,0,0,0,0,1,0,0,0,1,0,0,0,0,0
89.333134,0,0,0,0,1,0,0,0,0,0,0,0,0,0,0,0,0,0
89.335315,0,0,0,0,0,0,1,0,0,1,0,1,0,1,0,0,1,0
89.350357,0,0,0,0,0,0,0,1,0,0,0,0,0,0,0,0,0,1
89.351775,0,0,0,0,0,1,0,0,0,0,0,0,0,1,1,0,0,0
89.356773,0,1,1,0,0,0,0,0,0,1,1,0,1,0,0,1,0,0
89.373116,1,0,0,1,0,0,1,0,0,1,1,0,1,1,1,0,1,0
89.382531,0,0,0,0,1,0,0,0,0,0,0,0,0,0,0,0,0,0
89.393724,0,0,1,0,0,0,0,0,1,0,0,0,1,0,0,0,0,0
89.399080,0,0,0,0,0,0,0,1,0,0,0,0,0,0,0,0,0,1
89.400384,0,0,0,0,0,1,0,0,0,1,0,1,0,1,0,1,0,0
89.410954,1,0,0,0,0,0,0,0,1,0,0,0,1,0,0,0,0,0
89.438622,0,0,0,0,1,0,0,0,0,0,0,0,0,0,0,0,0,0
89.441879,0,0,0,0,0,0,1,0,0,1,0,1,0,1,0,0,1,0
89.447132,0,0,0,0,0,0,0,1,0,0,0,0,0,0,0,0,0,1
89.450508,0,0,0,0,0,1,0,0,0,0,0,0,0,1,1,0,0,0
89.468207,0,1,1,0,0,0,0,0,0,1,1,0,1,0,0,1,0,0
89.481167,1,0,0,0,0,0,0,0,1,0,0,0,1,0,0,0,0,0
89.483751,0,0,0,0,0,0,1,0,0,1,0,1,0,1,0,0,1,0
89.486261,0,0,0,0,1,0,0,0,0,0,0,0,0,0,0,0,0,0
89.498971,0,0,0,0,0,1,0,0,0,0,0,0,0,1,1,0,0,0
89.498990,0,0,0,0,0,0,0,1,0,0,0,0,0,0,0,0,0,1
89.503957,0,1,1,0,0,0,0,0,0,1,1,0,1,0,0,1,0,0
89.517353,1,0,0,0,0,0,0,0,1,0,0,0,1,0,0,0,0,0
89.534464,0,0,0,0,1,0,0,0,0,0,0,0,0,0,0,0,0,0
89.548155,0,0,0,0,0,0,1,1,0,1,0,1,0,1,0,0,1,1
89.549570,0,0,0,0,0,1,0,0,0,0,0,0,0,1,1,0,0,0
89.570456,0,1,1,0,0,0,0,0,0,1,1,0,1,0,0,1,0,0
89.581971,0,0,0,0,1,0,0,0,0,0,0,0,0,0,0,0,0,0
89.585051,1,0,0,0,0,0,0,0,1,0,0,0,1,0,0,0,0,0
89.598810,0,0,0,0,0,1,1,0,0,1,0,1,0,1,0,1,0,0
89.601648,0,0,0,0,0,0,0,1,0,0,0,0,0,0,0,0,0,1
89.611953,1,0,0,1,0,0,1,0,0,1,1,0,1,1,1,0,1,0
89.634368,0,0,1,1,0,0,0,0,0,1,1,0,1,0,0,0,1,0
89.638567,0,0,0,0,1,0,0,0,0,0,0,0,0,0,0,0,0,0
89.650315,0,0,0,0,0,1,0,0,0,0,0,0,0,1,1,0,0,0
89.650474,0,0,0,0,0,0,0,1,0,0,0,0,0,0,0,0,0,1
89.657587,0,1,1,0,0,0,0,0,0,1,1,0,1,0,0,1,0,0
89.668242,1,0,0,0,0,0,0,0,1,0,0,0,1,0,0,0,0,0
89.687060,0,0,0,0,1,0,0,0,0,0,0,0,0,0,0,0,0,0
89.697801,0,0,0,0,0,0,1,1,0,1,0,1,0,1,0,0,1,1
89.700540,0,0,0,0,0,1,0,0,0,0,0,0,0,1,1,0,0,0
89.725708,0,1,1,0,0,0,0,0,0,1,1,0,1,0,0,1,0,0
89.734379,0,0,0,0,1,0,0,0,0,0,0,0,0,0,0,0,0,0
89.737884,1,0,0,1,0,0,1,0,0,1,1,0,1,1,1,0,1,0
89.747728,0,0,0,0,0,0,0,1,0,0,0,0,0,0,0,0,0,1
89.750947,0,0,0,0,0,1,0,0,0,0,0,0,0,1,1,0,0,0
89.761432,0,1,1,0,0,0,0,0,0,1,1,0,1,0,0,1,0,0
89.774788,1,0,0,1,0,0,1,0,0,1,1,0,1,1,1,0,1,0
89.786553,0,0,0,0,1,0,0,0,0,0,0,0,0,0,0,0,0,0
89.798530,0,0,1,0,0,0,0,0,1,0,0,0,1,0,0,0,0,0
89.799500,0,0,0,0,0,0,0,1,0,0,0,0,0,0,0,0,0,1
89.799816,0,0,0,0,0,1,0,0,0,1,0,1,0,1,0,1,0,0
89.812806,1,0,0,0,0,0,0,0,1,0,0,0,1,0,0,0,0,0
89.817374,0,0,0,0,0,0,1,0,0,1,0,1,0,1,0,0,1,0
89.831941,0,0,0,0,1,0,0,0,0,0,0,0,0,0,0,0,0,0
89.841226,0,0,1,0,0,0,0,0,1,0,0,0,1,0,0,0,0,0
89.850547,0,0,0,0,0,1,0,0,0,1,0,1,0,1,0,1,0,0
89.850591,0,0,0,0,0,0,0,1,0,0,0,0,0,0,0,0,0,1
89.862010,1,0,0,1,0,0,1,0,0,1,1,0,1,1,1,0,1,0
89.889052,0,0,0,0,1,0,0,0,0,0,0,0,0,0,0,0,0,0
89.890100,0,0,1,0,0,0,0,0,1,0,0,0,1,0,0,0,0,0
89.897825,0,0,0,0,0,0,0,1,0,0,0,0,0,0,0,0,0,1
89.899548,0,0,0,0,0,1,0,0,0,1,0,1,0,1,0,1,0,0
89.914111,1,0,0,0,0,0,0,0,1,0,0,0,1,0,0,0,0,0
89.935119,0,0,0,0,1,0,0,0,0,0,0,0,0,0,0,0,0,0
89.949285,0,0,0,0,0,1,1,0,0,1,0,1,0,1,0,1,0,0
89.951745,0,0,0,0,0,0,0,1,0,0,0,0,0,0,0,0,0,1
89.963728,1,0,0,1,0,0,0,0,0,1,1,0,1,0,0,0,1,0
89.982561,0,0,0,0,1,0,0,0,0,0,0,0,0,0,0,0,0,0
89.984232,0,0,1,0,0,0,0,0,1,0,0,0,1,0,0,0,0,0
89.999013,0,0,0,0,0,1,1,0,0,1,0,1,0,1,0,0,1,0
90.002738,0,0,0,0,0,0,0,1,0,0,0,0,0,0,0,0,0,1
90.028672,0,1,1,0,0,0,0,0,0,1,1,0,1,0,0,1,0,0
90.039945,0,0,0,0,1,0,0,0,0,0,0,0,0,0,0,0,0,0
90.042984,1,0,0,1,0,0,1,0,0,1,1,0,1,1,1,0,1,0
90.048656,0,0,0,0,0,1,0,0,0,0,0,0,0,1,1,0,0,0
90.049674,0,0,0,0,0,0,0,1,0,0,0,0,0,0,0,0,0,1
90.068925,0,1,1,0,0,0,0,0,0,1,1,0,1,0,0,1,0,0
90.081938,0,0,0,0,1,0,0,0,0,0,0,0,0,0,0,0,0,0
90.084202,1,0,0,1,0,0,1,0,0,1,1,0,1,1,1,0,1,0
90.097676,0,0,0,0,0,0,0,1,0,0,0,0,0,0,0,0,0,1
90.098959,0,0,0,0,0,1,0,0,0,0,0,0,0,1,1,0,0,0
90.107241,0,1,1,0,0,0,0,0,0,1,1,0,1,0,0,1,0,0
90.121771,1,0,0,1,0,0,1,0,0,1,1,0,1,1,1,0,1,0
90.136004,0,0,0,0,1,0,0,0,0,0,0,0,0,0,0,0,0,0
90.144474,0,0,1,0,0,0,0,0,1,0,0,0,1,0,0,0,0,0
90.148926,0,0,0,0,0,1,0,0,0,1,0,1,0,1,0,1,0,0
90.152794,0,0,0,0,0,0,0,1,0,0,0,0,0,0,0,0,0,1
90.162866,1,0,0,1,0,0,1,0,0,1,1,0,1,1,1,0,1,0
90.183343,0,0,1,0,0,0,0,0,1,0,0,0,1,0,0,0,0,0
90.188868,0,0,0,0,1,0,0,0,0,0,0,0,0,0,0,0,0,0
90.199366,0,0,0,0,0,1,0,0,0,1,0,1,0,1,0,1,0,0
90.203530,0,0,0,0,0,0,0,1,0,0,0,0,0,0,0,0,0,1
90.216912,1,0,0,0,0,0,0,0,1,0,0,0,1,0,0,0,0,0
90.234483,0,0,0,0,1,0,0,0,0,0,0,0,0,0,0,0,0,0
90.248212,0,0,0,0,0,0,0,1,0,0,0,0,0,0,0,0,0,1
90.249202,0,0,0,0,0,0,1,0,0,1,0,1,0,1,0,0,1,0
90.249501,0,0,0,0,0,1,0,0,0,0,0,0,0,1,1,0,0,0
90.273229,0,1,1,0,0,0,0,0,0,1,1,0,1,0,0,1,0,0
90.284097,0,0,0,0,1,0,0,0,0,0,0,0,0,0,0,0,0,0
90.289983,1,0,0,0,0,0,0,0,1,0,0,0,1,0,0,0,0,0
90.298782,0,0,0,0,0,1,1,0,0,1,0,1,0,1,0,1,0,0
90.303178,0,0,0,0,0,0,0,1,0,0,0,0,0,0,0,0,0,1
90.313051,1,0,0,1,0,0,0,0,0,1,1,0,1,0,0,0,1,0
90.338784,0,0,1,0,0,0,0,0,1,0,0,0,1,0,0,0,0,0
90.342553,0,0,0,0,1,0,0,0,0,0,0,0,0,0,0,0,0,0
90.348857,0,0,0,0,0,0,1,1,0,1,0,1,0,1,0,0,1,1
90.349406,0,0,0,0,0,1,0,0,0,0,0,0,0,1,1,0,0,0
90.368991,0,1,1,0,0,0,0,0,0,1,1,0,1,0,0,1,0,0
90.379578,1,0,0,1,0,0,1,0,0,1,1,0,1,1,1,0,1,0
90.385425,0,0,0,0,1,0,0,0,0,0,0,0,0,0,0,0,0,0
90.400103,0,0,0,0,0,0,0,1,0,0,0,0,0,0,0,0,0,1
90.400508,0,0,0,0,0,1,0,0,0,0,0,0,0,1,1,0,0,0
90.405416,0,1,1,0,0,0,0,0,0,1,1,0,1,0,0,1,0,0
90.421085,1,0,0,0,0,0,0,0,1,0,0,0,1,0,0,0,0,0
90.431381,0,0,0,0,1,0,1,0,0,1,0,1,0,1,0,0,1,0
90.449371,0,0,0,0,0,0,0,1,0,0,0,0,0,0,0,0,0,1
90.450501,0,0,0,0,0,1,0,0,0,0,0,0,0,1,1,0,0,0
90.460624,0,1,1,0,0,0,0,0,0,1,1,0,1,0,0,1,0,0
90.475765,1,0,0,1,0,0,1,0,0,1,1,0,1,1,1,0,1,0
90.485634,0,0,0,0,1,0,0,0,0,0,0,0,0,0,0,0,0,0
90.499429,0,0,0,0,0,1,0,0,0,0,0,0,0,1,1,0,0,0
90.501435,0,0,0,0,0,0,0,1,0,0,0,0,0,0,0,0,0,1
90.504295,0,1,1,0,0,0,0,0,0,1,1,0,1,0,0,1,0,0
90.518014,1,0,0,1,0,0,1,0,0,1,1,0,1,1,1,0,1,0
90.540810,0,0,0,0,1,0,0,0,0,0,0,0,0,0,0,0,0,0
90.542690,0,0,1,0,0,0,0,0,1,0,0,0,1,0,0,0,0,0
90.549786,0,0,0,0,0,0,0,1,0,0,0,0,0,0,0,0,0,1
90.551836,0,0,0,0,0,1,0,0,0,1,0,1,0,1,0,1,0,0
90.566461,1,0,0,0,0,0,0,0,1,0,0,0,1,0,0,0,0,0
90.588859,0,0,0,0,1,0,0,0,0,0,0,0,0,0,0,0,0,0
90.600340,0,0,0,0,0,0,1,1,0,1,0,1,0,1,0,0,1,1
90.600525,0,0,0,0,0,1,0,0,0,0,0,0,0,1,1,0,0,0
90.630158,0,1,1,0,0,0,0,0,0,1,1,0,1,0,0,1,0,0
90.632535,0,0,0,0,1,0,0,0,0,0,0,0,0,0,0,0,0,0
90.643758,1,0,0,1,0,0,1,0,0,1,1,0,1,1,1,0,1,0
90.647211,0,0,0,0,0,0,0,1,0,0,0,0,0,0,0,0,0,1
90.649861,0,0,0,0,0,1,0,0,0,0,0,0,0,1,1,0,0,0
90.669977,0,1,1,0,0,0,0,0,0,1,1,0,1,0,0,1,0,0
90.682689,0,0,0,0,1,0,0,0,0,0,0,0,0,0,0,0,0,0
90.683767,1,0,0,1,0,0,1,0,0,1,1,0,1,1,1,0,1,0
90.699726,0,0,0,0,0,1,0,0,0,0,0,0,0,1,1,0,0,0
90.703023,0,0,0,0,0,0,0,1,0,0,0,0,0,0,0,0,0,1
90.705409,0,1,1,0,0,0,0,0,0,1,1,0,1,0,0,1,0,0
90.717350,1,0,0,0,0,0,0,0,1,0,0,0,1,0,0,0,0,0
90.726798,0,0,0,0,0,0,1,0,0,1,0,1,0,1,0,0,1,0
90.742370,0,0,0,0,1,0,0,0,0,0,0,0,0,0,0,0,0,0
90.750993,0,0,0,0,0,1,0,0,0,0,0,0,0,1,1,0,0,0
90.752934,0,0,0,0,0,0,0,1,0,0,0,0,0,0,0,0,0,1
90.756757,0,1,1,0,0,0,0,0,0,1,1,0,1,0,0,1,0,0
90.770000,1,0,0,1,0,0,1,0,0,1,1,0,1,1,1,0,1,0
90.784558,0,0,0,0,1,0,0,0,0,0,0,0,0,0,0,0,0,0
90.790217,0,0,1,0,0,0,0,0,1,0,0,0,1,0,0,0,0,0
90.798208,0,0,0,0,0,0,0,1,0,0,0,0,0,0,0,0,0,1
90.798616,0,0,0,0,0,1,0,0,0,1,0,1,0,1,0,1,0,0
90.815201,1,0,0,1,0,0,1,0,0,1,1,0,1,1,1,0,1,0
90.835663,0,0,0,0,1,0,0,0,0,0,0,0,0,0,0,0,0,0
90.838203,0,0,1,0,0,0,0,0,1,0,0,0,1,0,0,0,0,0
90.846490,0,0,0,0,0,0,0,1,0,0,0,0,0,0,0,0,0,1
90.848843,0,0,0,0,0,1,0,0,0,1,0,1,0,1,0,1,0,0
90.861858,1,0,0,1,0,0,1,0,0,1,1,0,1,1,1,0,1,0
90.884376,0,0,0,0,1,0,0,0,0,0,0,0,0,0,0,0,0,0
90.889137,0,0,1,0,0,0,0,0,1,0,0,0,1,0,0,0,0,0
90.899560,0,0,0,0,0,0,0,1,0,0,0,0,0,0,0,0,0,1
90.899846,0,0,0,0,0,1,0,0,0,1,0,1,0,1,0,1,0,0
90.914476,1,0,0,0,0,0,0,0,1,0,0,0,1,0,0,0,0,0
90.928314,0,0,0,0,0,0,1,0,0,1,0,1,0,1,0,0,1,0
90.930689,0,0,0,0,1,0,0,0,0,0,0,0,0,0,0,0,0,0
90.950978,0,0,0,0,0,1,0,0,0,0,0,0,0,1,1,0,0,0
90.952175,0,1,1,0,0,0,0,0,0,1,1,0,1,0,0,1,0,0
90.952776,0,0,0,0,0,0,0,1,0,0,0,0,0,0,0,0,0,1
90.969152,1,0,0,0,0,0,0,0,1,0,0,0,1,0,0,0,0,0
90.992323,0,0,0,0,1,0,0,0,0,0,0,0,0,0,0,0,0,0
90.999955,0,0,0,0,0,0,1,1,0,1,0,1,0,1,0,0,1,1
91.000871,0,0,0,0,0,1,0,0,0,0,0,0,0,1,1,0,0,0
91.022349,0,1,1,0,0,0,0,0,0,1,1,0,1,0,0,1,0,0
91.030577,0,0,0,0,1,0,0,0,0,0,0,0,0,0,0,0,0,0
91.037830,1,0,0,0,0,0,0,0,1,0,0,0,1,0,0,0,0,0
91.047919,0,0,0,0,0,0,1,1,0,1,0,1,0,1,0,0,1,1
91.048672,0,0,0,0,0,1,0,0,0,0,0,0,0,1,1,0,0,0
91.068448,0,1,1,0,0,0,0,0,0,1,1,0,1,0,0,1,0,0
91.085058,0,0,0,0,1,0,0,0,0,0,0,0,0,0,0,0,0,0
91.086248,1,0,0,0,0,0,0,0,1,0,0,0,1,0,0,0,0,0
91.098107,0,0,0,0,0,0,1,0,0,1,0,1,0,1,0,0,1,0
91.099136,0,0,0,0,0,1,0,0,0,0,0,0,0,1,1,0,0,0
91.101682,0,0,0,0,0,0,0,1,0,0,0,0,0,0,0,0,0,1
91.124750,0,1,1,0,0,0,0,0,0,1,1,0,1,0,0,1,0,0
91.140029,0,0,0,0,1,0,0,0,0,0,0,0,0,0,0,0,0,0
91.143516,1,0,0,1,0,0,1,0,0,1,1,0,1,1,1,0,1,0
91.148568,0,0,0,0,0,1,0,0,0,0,0,0,0,1,1,0,0,0
91.148891,0,0,0,0,0,0,0,1,0,0,0,0,0,0,0,0,0,1
91.166892,0,1,1,0,0,0,0,0,0,1,1,0,1,0,0,1,0,0
91.179656,1,0,0,0,0,0,0,0,1,0,0,0,1,0,0,0,0,0
91.185193,0,0,0,0,1,0,0,0,0,0,0,0,0,0,0,0,0,0
91.199374,0,0,0,0,0,1,1,0,0,1,0,1,0,1,0,1,0,0
91.201827,0,0,0,0,0,0,0,1,0,0,0,0,0,0,0,0,0,1
91.212005,1,0,0,1,0,0,1,0,0,1,1,0,1,1,1,0,1,0
91.232845,0,0,1,1,0,0,0,0,0,1,1,0,1,0,0,0,1,0
91.240123,0,0,0,0,1,0,0,0,0,0,0,0,0,0,0,0,0,0
91.250306,0,0,0,0,0,1,0,0,0,0,0,0,0,1,1,0,0,0
91.250785,0,0,0,0,0,0,0,1,0,0,0,0,0,0,0,0,0,1
91.254919,0,1,1,0,0,0,0,0,0,1,1,0,1,0,0,1,0,0
91.270448,1,0,0,0,0,0,0,0,1,0,0,0,1,0,0,0,0,0
91.271448,0,0,0,0,0,0,1,0,0,1,0,1,0,1,0,0,1,0
91.285139,0,0,0,0,1,0,0,0,0,0,0,0,0,0,0,0,0,0
91.296141,0,0,1,0,0,0,0,0,1,0,0,0,1,0,0,0,0,0
91.297805,0,0,0,0,0,0,0,1,0,0,0,0,0,0,0,0,0,1
91.298343,0,0,0,0,0,1,0,0,0,1,0,1,0,1,0,1,0,0
91.308966,1,0,0,0,0,0,0,0,1,0,0,0,1,0,0,0,0,0
91.329183,0,0,0,0,1,0,1,0,0,1,0,1,0,1,0,0,1,0
91.350233,0,0,0,0,0,1,0,0,0,0,0,0,0,1,1,0,0,0
91.352051,0,1,1,0,0,0,0,0,0,1,1,0,1,0,0,1,0,0
91.352197,0,0,0,0,0,0,0,1,0,0,0,0,0,0,0,0,0,1
91.370837,1,0,0,0,0,0,0,0,1,0,0,0,1,0,0,0,0,0
91.387973,0,0,0,0,1,0,1,0,0,1,0,1,0,1,0,0,1,0
91.397079,0,0,0,0,0,0,0,1,0,0,0,0,0,0,0,0,0,1
91.400335,0,0,0,0,0,1,0,0,0,0,0,0,0,1,1,0,0,0
91.416660,0,1,1,0,0,0,0,0,0,1,1,0,1,0,0,1,0,0
91.430380,1,0,0,0,0,0,0,0,1,0,0,0,1,0,0,0,0,0
91.432418,0,0,0,0,0,0,1,0,0,1,0,1,0,1,0,0,1,0
91.435460,0,0,0,0,1,0,0,0,0,0,0,0,0,0,0,0,0,0
91.449112,0,0,0,0,0,1,0,0,0,0,0,0,0,1,1,0,0,0
91.452484,0,1,1,0,0,0,0,0,0,1,1,0,1,0,0,1,0,0
91.452730,0,0,0,0,0,0,0,1,0,0,0,0,0,0,0,0,0,1
91.471682,1,0,0,0,0,0,0,0,1,0,0,0,1,0,0,0,0,0
91.490422,0,0,0,0,1,0,0,0,0,0,0,0,0,0,0,0,0,0
91.498951,0,0,0,0,0,0,1,1,0,1,0,1,0,1,0,0,1,1
91.500342,0,0,0,0,0,1,0,0,0,0,0,0,0,1,1,0,0,0
91.521294,0,1,1,0,0,0,0,0,0,1,1,0,1,0,0,1,0,0
91.532787,1,0,0,1,0,0,1,0,0,1,1,0,1,1,1,0,1,0
91.533540,0,0,0,0,1,0,0,0,0,0,0,0,0,0,0,0,0,0
91.549994,0,0,0,0,0,1,0,0,0,0,0,0,0,1,1,0,0,0
91.550973,0,0,0,0,0,0,0,1,0,0,0,0,0,0,0,0,0,1
91.561739,0,1,1,0,0,0,0,0,0,1,1,0,1,0,0,1,0,0
91.573447,1,0,0,0,0,0,0,0,1,0,0,0,1,0,0,0,0,0
91.581406,0,0,0,0,0,0,1,0,0,1,0,1,0,1,0,0,1,0
91.586812,0,0,0,0,1,0,0,0,0,0,0,0,0,0,0,0,0,0
91.599398,0,0,0,0,0,0,0,1,0,0,0,0,0,0,0,0,0,1
91.601118,0,0,0,0,0,1,0,0,0,0,0,0,0,1,1,0,0,0
91.610140,0,1,1,0,0,0,0,0,0,1,1,0,1,0,0,1,0,0
91.622752,1,0,0,0,0,0,0,0,1,0,0,0,1,0,0,0,0,0
91.628790,0,0,0,0,0,0,1,0,0,1,0,1,0,1,0,0,1,0
91.631293,0,0,0,0,1,0,0,0,0,0,0,0,0,0,0,0,0,0
91.648873,0,0,0,0,0,1,0,0,0,0,0,0,0,1,1,0,0,0
91.649956,0,0,0,0,0,0,0,1,0,0,0,0,0,0,0,0,0,1
91.652648,0,1,1,0,0,0,0,0,0,1,1,0,1,0,0,1,0,0
91.663183,1,0,0,0,0,0,0,0,1,0,0,0,1,0,0,0,0,0
91.678516,0,0,0,0,0,0,1,0,0,1,0,1,0,1,0,0,1,0
91.686907,0,0,0,0,1,0,0,0,0,0,0,0,0,0,0,0,0,0
91.699223,0,0,0,0,0,1,0,0,0,0,0,0,0,1,1,0,0,0
91.700367,0,0,0,0,0,0,0,1,0,0,0,0,0,0,0,0,0,1
91.705681,0,1,1,0,0,0,0,0,0,1,1,0,1,0,0,1,0,0
91.723154,1,0,0,1,0,0,1,0,0,1,1,0,1,1,1,0,1,0
91.733317,0,0,0,0,1,0,0,0,0,0,0,0,0,0,0,0,0,0
91.743983,0,0,1,0,0,0,0,0,1,0,0,0,1,0,0,0,0,0
91.749076,0,0,0,0,0,1,0,0,0,1,0,1,0,1,0,1,0,0
91.749191,0,0,0,0,0,0,0,1,0,0,0,0,0,0,0,0,0,1
91.764645,1,0,0,0,0,0,0,0,1,0,0,0,1,0,0,0,0,0
91.786914,0,0,0,0,1,0,0,0,0,0,0,0,0,0,0,0,0,0
91.799082,0,0,0,0,0,0,1,1,0,1,0,1,0,1,0,0,1,1
91.800459,0,0,0,0,0,1,0,0,0,0,0,0,0,1,1,0,0,0
91.824617,0,1,1,0,0,0,0,0,0,1,1,0,1,0,0,1,0,0
91.833194,0,0,0,0,1,0,0,0,0,0,0,0,0,0,0,0,0,0
91.835972,1,0,0,0,0,0,0,0,1,0,0,0,1,0,0,0,0,0
91.848221,0,0,0,0,0,0,0,1,0,0,0,0,0,0,0,0,0,1
91.849150,0,0,0,0,0,0,1,0,0,1,0,1,0,1,0,0,1,0
91.850067,0,0,0,0,0,1,0,0,0,0,0,0,0,1,1,0,0,0
91.875313,0,1,1,0,0,0,0,0,0,1,1,0,1,0,0,1,0,0
91.883519,0,0,0,0,1,0,0,0,0,0,0,0,0,0,0,0,0,0
91.888456,1,0,0,0,0,0,0,0,1,0,0,0,1,0,0,0,0,0
91.900958,0,0,0,0,0,1,1,0,0,1,0,1,0,1,0,0,1,0
91.903611,0,0,0,0,0,0,0,1,0,0,0,0,0,0,0,0,0,1
91.924736,0,1,1,0,0,0,0,0,0,1,1,0,1,0,0,1,0,0
91.936984,0,0,0,0,1,0,0,0,0,0,0,0,0,0,0,0,0,0
91.941745,1,0,0,1,0,0,1,0,0,1,1,0,1,1,1,0,1,0
91.946749,0,0,0,0,0,0,0,1,0,0,0,0,0,0,0,0,0,1
91.948469,0,0,0,0,0,1,0,0,0,0,0,0,0,1,1,0,0,0
91.966991,0,1,1,0,0,0,0,0,0,1,1,0,1,0,0,1,0,0
91.978115,1,0,0,1,0,0,1,0,0,1,1,0,1,1,1,0,1,0
91.979530,0,0,0,0,1,0,0,0,0,0,0,0,0,0,0,0,0,0
91.998151,0,0,0,0,0,0,0,1,0,0,0,0,0,0,0,0,0,1
91.999951,0,0,0,0,0,1,0,0,0,0,0,0,0,1,1,0,0,0
92.003773,0,1,1,0,0,0,0,0,0,1,1,0,1,0,0,1,0,0
92.016621,1,0,0,1,0,0,1,0,0,1,1,0,1,1,1,0,1,0
92.035130,0,0,0,0,1,0,0,0,0,0,0,0,0,0,0,0,0,0
92.036991,0,0,1,0,0,0,0,0,1,0,0,0,1,0,0,0,0,0
92.050927,0,0,0,0,0,1,0,0,0,1,0,1,0,1,0,1,0,0
92.051935,0,0,0,0,0,0,0,1,0,0,0,0,0,0,0,0,0,1
92.066339,1,0,0,1,0,0,1,0,0,1,1,0,1,1,1,0,1,0
92.085345,0,0,0,0,1,0,0,0,0,0,0,0,0,0,0,0,0,0
92.089112,0,0,1,0,0,0,0,0,1,0,0,0,1,0,0,0,0,0
92.098829,0,0,0,0,0,1,0,0,0,1,0,1,0,1,0,1,0,0
92.101794,0,0,0,0,0,0,0,1,0,0,0,0,0,0,0,0,0,1
92.114825,1,0,0,1,0,0,1,0,0,1,1,0,1,1,1,0,1,0
92.136765,0,0,0,0,1,0,0,0,0,0,0,0,0,0,0,0,0,0
92.139221,0,0,1,0,0,0,0,0,1,0,0,0,1,0,0,0,0,0
92.149549,0,0,0,0,0,0,0,1,0,0,0,0,0,0,0,0,0,1
92.150077,0,0,0,0,0,1,0,0,0,1,0,1,0,1,0,1,0,0
92.163528,1,0,0,1,0,0,1,0,0,1,1,0,1,1,1,0,1,0
92.186594,0,0,0,0,1,0,0,0,0,0,0,0,0,0,0,0,0,0
92.189329,0,0,1,0,0,0,0,0,1,0,0,0,1,0,0,0,0,0
92.198482,0,0,0,0,0,0,0,1,0,0,0,0,0,0,0,0,0,1
92.201310,0,0,0,0,0,1,0,0,0,1,0,1,0,1,0,1,0,0
92.219604,1,0,0,1,0,0,1,0,0,1,1,0,1,1,1,0,1,0
92.238053,0,0,0,0,1,0,0,0,0,0,0,0,0,0,0,0,0,0
92.249413,0,0,1,0,0,0,0,0,1,0,0,0,1,0,0,0,0,0
92.249790,0,0,0,0,0,0,0,1,0,0,0,0,0,0,0,0,0,1
92.250197,0,0,0,0,0,1,0,0,0,1,0,1,0,1,0,1,0,0
92.261761,1,0,0,1,0,0,1,0,0,1,1,0,1,1,1,0,1,0
92.286766,0,0,1,0,0,0,0,0,1,0,0,0,1,0,0,0,0,0
92.289413,0,0,0,0,1,0,0,0,0,0,0,0,0,0,0,0,0,0
92.298666,0,0,0,0,0,0,0,1,0,0,0,0,0,0,0,0,0,1
92.299673,0,0,0,0,0,1,0,0,0,1,0,1,0,1,0,1,0,0
92.315863,1,0,0,1,0,0,1,0,0,1,1,0,1,1,1,0,1,0
92.335441,0,0,0,0,1,0,0,0,0,0,0,0,0,0,0,0,0,0
92.339893,0,0,1,0,0,0,0,0,1,0,0,0,1,0,0,0,0,0
92.349969,0,0,0,0,0,0,0,1,0,0,0,0,0,0,0,0,0,1
92.351153,0,0,0,0,0,1,0,0,0,1,0,1,0,1,0,1,0,0
92.369192,1,0,0,0,0,0,0,0,1,0,0,0,1,0,0,0,0,0
92.373928,0,0,0,0,0,0,1,0,0,1,0,1,0,1,0,0,1,0
92.388422,0,0,0,0,1,0,0,0,0,0,0,0,0,0,0,0,0,0
92.398737,0,0,0,0,0,1,0,0,0,0,0,0,0,1,1,0,0,0
92.399177,0,0,0,0,0,0,0,1,0,0,0,0,0,0,0,0,0,1
92.403294,0,1,1,0,0,0,0,0,0,1,1,0,1,0,0,1,0,0
92.415504,1,0,0,1,0,0,1,0,0,1,1,0,1,1,1,0,1,0
92.434356,0,0,0,0,1,0,0,0,0,0,0,0,0,0,0,0,0,0
92.436586,0,0,1,0,0,0,0,0,1,0,0,0,1,0,0,0,0,0
92.448721,0,0,0,0,0,0,0,1,0,0,0,0,0,0,0,0,0,1
92.450786,0,0,0,0,0,1,0,0,0,1,0,1,0,1,0,1,0,0
92.465070,1,0,0,1,0,0,1,0,0,1,1,0,1,1,1,0,1,0
92.478888,0,0,0,0,1,0,0,0,0,0,0,0,0,0,0,0,0,0
92.489218,0,0,1,0,0,0,0,0,1,0,0,0,1,0,0,0,0,0
92.498798,0,0,0,0,0,1,0,0,0,1,0,1,0,1,0,1,0,0
92.501057,0,0,0,0,0,0,0,1,0,0,0,0,0,0,0,0,0,1
92.517175,1,0,0,1,0,0,1,0,0,1,1,0,1,1,1,0,1,0
92.534309,0,0,0,0,1,0,0,0,0,0,0,0,0,0,0,0,0,0
92.537499,0,0,1,0,0,0,0,0,1,0,0,0,1,0,0,0,0,0
92.549830,0,0,0,0,0,1,0,0,0,1,0,1,0,1,0,1,0,0
92.550549,0,0,0,0,0,0,0,1,0,0,0,0,0,0,0,0,0,1
92.561695,1,0,0,1,0,0,1,0,0,1,1,0,1,1,1,0,1,0
92.583068,0,0,0,0,1,0,0,0,0,0,0,0,0,0,0,0,0,0
92.583841,0,0,1,0,0,0,0,0,1,0,0,0,1,0,0,0,0,0
92.599151,0,0,0,0,0,1,0,0,0,1,0,1,0,1,0,1,0,0
92.599498,0,0,0,0,0,0,0,1,0,0,0,0,0,0,0,0,0,1
92.616000,1,0,0,0,0,0,0,0,1,0,0,0,1,0,0,0,0,0
92.639362,0,0,0,0,1,0,1,0,0,1,0,1,0,1,0,0,1,0
92.648922,0,0,0,0,0,1,0,0,0,0,0,0,0,1,1,0,0,0
92.652282,0,0,0,0,0,0,0,1,0,0,0,0,0,0,0,0,0,1
92.666280,0,1,1,0,0,0,0,0,0,1,1,0,1,0,0,1,0,0
92.681506,1,0,0,0,0,0,0,0,1,0,0,0,1,0,0,0,0,0
92.683478,0,0,0,0,1,0,0,0,0,0,0,0,0,0,0,0,0,0
92.699580,0,0,0,0,0,1,0,0,0,1,0,1,0,1,0,1,0,0
92.701953,0,0,0,0,0,0,0,1,0,0,0,0,0,0,0,0,0,1
92.714539,1,0,0,0,0,0,0,0,1,0,0,0,1,0,0,0,0,0
92.737939,0,0,0,0,1,0,1,0,0,1,0,1,0,1,0,0,1,0
92.749746,0,0,0,0,0,1,1,0,0,0,0,0,0,1,1,0,0,0
92.751117,0,0,0,0,0,0,0,1,0,0,0,0,0,0,0,0,0,1
92.762119,0,1,1,1,0,0,0,0,0,1,1,0,1,0,0,0,1,0
92.785096,0,0,0,0,1,0,0,0,0,0,0,0,0,0,0,0,0,0
92.787914,0,1,1,0,0,0,0,0,0,1,1,0,1,0,0,1,0,0
92.799106,0,0,0,0,0,1,0,0,0,0,0,0,0,1,1,0,0,0
92.801061,1,0,0,1,0,0,1,0,0,1,1,0,1,1,1,0,1,0
92.802903,0,0,0,0,0,0,0,1,0,0,0,0,0,0,0,0,0,1
92.823440,0,1,1,0,0,0,0,0,0,1,1,0,1,0,0,1,0,0
92.837538,0,0,0,0,1,0,0,0,0,0,0,0,0,0,0,0,0,0
92.837659,1,0,0,1,0,0,1,0,0,1,1,0,1,1,1,0,1,0
92.848959,0,0,0,0,0,1,0,0,0,0,0,0,0,1,1,0,0,0
92.850867,0,0,0,0,0,0,0,1,0,0,0,0,0,0,0,0,0,1
92.859808,0,1,1,0,0,0,0,0,0,1,1,0,1,0,0,1,0,0
92.871589,1,0,0,0,0,0,0,0,1,0,0,0,1,0,0,0,0,0
92.889166,0,0,0,0,1,0,1,0,0,1,0,1,0,1,0,0,1,0
92.896018,0,0,0,0,0,0,0,1,0,0,0,0,0,0,0,0,0,1
92.899201,0,0,0,0,0,1,0,0,0,0,0,0,0,1,1,0,0,0
92.911042,0,1,1,0,0,0,0,0,0,1,1,0,1,0,0,1,0,0
92.923937,1,0,0,1,0,0,1,0,0,1,1,0,1,1,1,0,1,0
92.927004,0,0,0,0,1,0,0,0,0,0,0,0,0,0,0,0,0,0
92.944681,0,0,1,0,0,0,0,0,1,0,0,0,1,0,0,0,0,0
92.946588,0,0,0,0,0,0,0,1,0,0,0,0,0,0,0,0,0,1
92.949902,0,0,0,0,0,1,0,0,0,1,0,1,0,1,0,1,0,0
92.965359,1,0,0,0,0,0,0,0,1,0,0,0,1,0,0,0,0,0
92.985209,0,0,0,0,1,0,1,0,0,1,0,1,0,1,0,0,1,0
92.998977,0,0,0,0,0,0,0,1,0,0,0,0,0,0,0,0,0,1
93.001332,0,0,0,0,0,1,0,0,0,0,0,0,0,1,1,0,0,0
93.013994,0,1,1,0,0,0,0,0,0,1,1,0,1,0,0,1,0,0
93.026769,1,0,0,0,0,0,0,0,1,0,0,0,1,0,0,0,0,0
93.031369,0,0,0,0,1,0,1,0,0,1,0,1,0,1,0,0,1,0
93.049029,0,0,0,0,0,1,0,0,0,0,0,0,0,1,1,0,0,0
93.052020,0,0,0,0,0,0,0,1,0,0,0,0,0,0,0,0,0,1
93.056377,0,1,1,0,0,0,0,0,0,1,1,0,1,0,0,1,0,0
93.068689,1,0,0,0,0,0,0,0,1,0,0,0,1,0,0,0,0,0
93.089365,0,0,0,0,0,0,1,0,0,1,0,1,0,1,0,0,1,0
93.091102,0,0,0,0,1,0,0,0,0,0,0,0,0,0,0,0,0,0
93.100509,0,0,0,0,0,0,0,1,0,0,0,0,0,0,0,0,0,1
93.101143,0,0,0,0,0,1,0,0,0,0,0,0,0,1,1,0,0,0
93.112139,0,1,1,0,0,0,0,0,0,1,1,0,1,0,0,1,0,0
93.126380,1,0,0,0,0,0,0,0,1,0,0,0,1,0,0,0,0,0
93.138636,0,0,0,0,1,0,0,0,0,0,0,0,0,0,0,0,0,0
93.140878,0,0,0,0,0,0,1,0,0,1,0,1,0,1,0,0,1,0
93.149224,0,0,0,0,0,1,0,0,0,0,0,0,0,1,1,0,0,0
93.151761,0,0,0,0,0,0,0,1,0,0,0,0,0,0,0,0,0,1
93.162391,0,1,1,0,0,0,0,0,0,1,1,0,1,0,0,1,0,0
93.172948,1,0,0,0,0,0,0,0,1,0,0,0,1,0,0,0,0,0
93.190685,0,0,0,0,1,0,0,0,0,0,0,0,0,0,0,0,0,0
93.200598,0,0,0,0,0,1,0,0,0,1,0,1,0,1,0,1,0,0
93.201077,0,0,0,0,0,0,1,1,0,0,0,0,0,1,1,0,0,1
93.213392,1,0,0,1,0,0,0,0,0,1,1,0,1,0,0,0,1,0
93.225817,0,0,0,0,0,0,1,0,0,0,0,0,0,1,1,0,0,0
93.238792,0,0,0,0,1,0,0,0,0,0,0,0,0,0,0,0,0,0
93.241358,0,0,1,1,0,0,0,0,0,1,1,0,1,0,0,0,1,0
93.250253,0,0,0,0,0,1,0,0,0,0,0,0,0,1,1,0,0,0
93.251937,0,0,0,0,0,0,0,1,0,0,0,0,0,0,0,0,0,1
93.262656,0,1,1,0,0,0,0,0,0,1,1,0,1,0,0,1,0,0
93.276350,1,0,0,0,0,0,0,0,1,0,0,0,1,0,0,0,0,0
93.285415,0,0,0,0,1,0,1,0,0,1,0,1,0,1,0,0,1,0
93.299579,0,0,0,0,0,1,0,0,0,0,0,0,0,1,1,0,0,0
93.300690,0,0,0,0,0,0,0,1,0,0,0,0,0,0,0,0,0,1
93.314048,0,1,1,0,0,0,0,0,0,1,1,0,1,0,0,1,0,0
93.330132,1,0,0,0,0,0,0,0,1,0,0,0,1,0,0,0,0,0
93.339853,0,0,0,0,1,0,0,0,0,0,0,0,0,0,0,0,0,0
93.350492,0,0,0,0,0,1,1,0,0,1,0,1,0,1,0,1,0,0
93.352523,0,0,0,0,0,0,0,1,0,0,0,0,0,0,0,0,0,1
93.369191,1,0,0,1,0,0,1,0,0,1,1,0,1,1,1,0,1,0
93.386089,0,0,0,0,1,0,0,0,0,0,0,0,0,0,0,0,0,0
93.391043,0,0,1,1,0,0,0,0,0,1,1,0,1,0,0,0,1,0
93.401581,0,0,0,0,0,1,0,0,0,0,0,0,0,1,1,0,0,0
93.401995,0,0,0,0,0,0,0,1,0,0,0,0,0,0,0,0,0,1
93.419558,0,1,1,0,0,0,0,0,0,1,1,0,1,0,0,1,0,0
93.434210,0,0,0,0,1,0,0,0,0,0,0,0,0,0,0,0,0,0
93.438720,1,0,0,0,0,0,0,0,1,0,0,0,1,0,0,0,0,0
93.449341,0,0,0,0,0,1,1,0,0,1,0,1,0,1,0,0,1,0
93.449940,0,0,0,0,0,0,0,1,0,0,0,0,0,0,0,0,0,1
93.471252,0,1,1,0,0,0,0,0,0,1,1,0,1,0,0,1,0,0
93.487615,0,0,0,0,1,0,0,0,0,0,0,0,0,0,0,0,0,0
93.487620,1,0,0,0,0,0,0,0,1,0,0,0,1,0,0,0,0,0
93.491532,0,0,0,0,0,0,1,0,0,1,0,1,0,1,0,0,1,0
93.499284,0,0,0,0,0,0,0,1,0,0,0,0,0,0,0,0,0,1
93.500056,0,0,0,0,0,1,0,0,0,0,0,0,0,1,1,0,0,0
93.513943,0,1,1,0,0,0,0,0,0,1,1,0,1,0,0,1,0,0
93.529921,1,0,0,0,0,0,0,0,1,0,0,0,1,0,0,0,0,0
93.537936,0,0,0,0,1,0,0,0,0,0,0,0,0,0,0,0,0,0
93.549474,0,0,0,0,0,1,1,0,0,1,0,1,0,1,0,1,0,0
93.550058,0,0,0,0,0,0,0,1,0,0,0,0,0,0,0,0,0,1
93.564409,1,0,0,1,0,0,0,0,0,1,1,0,1,0,0,0,1,0
93.584268,0,0,0,0,1,0,0,0,0,0,0,0,0,0,0,0,0,0
93.591488,0,0,1,0,0,0,0,0,1,0,0,0,1,0,0,0,0,0
93.599750,0,0,0,0,0,1,1,0,0,1,0,1,0,1,0,1,0,0
93.601092,0,0,0,0,0,0,0,1,0,0,0,0,0,0,0,0,0,1
93.610039,1,0,0,1,0,0,0,0,0,1,1,0,1,0,0,0,1,0
93.615666,0,0,0,0,0,0,1,0,0,0,0,0,0,1,1,0,0,0
93.634596,0,0,1,1,0,0,0,0,0,1,1,0,1,0,0,0,1,0
93.638563,0,0,0,0,1,0,0,0,0,0,0,0,0,0,0,0,0,0
93.649873,0,0,0,0,0,1,0,0,0,0,0,0,0,1,1,0,0,0
93.650824,0,0,0,0,0,0,0,1,0,0,0,0,0,0,0,0,0,1
93.657499,0,1,1,0,0,0,0,0,0,1,1,0,1,0,0,1,0,0
93.674478,1,0,0,0,0,0,0,0,1,0,0,0,1,0,0,0,0,0
93.685361,0,0,0,0,1,0,1,0,0,1,0,1,0,1,0,0,1,0
93.699461,0,0,0,0,0,1,0,0,0,0,0,0,0,1,1,0,0,0
93.701662,0,0,0,0,0,0,0,1,0,0,0,0,0,0,0,0,0,1
93.711720,0,1,1,0,0,0,0,0,0,1,1,0,1,0,0,1,0,0
93.728640,1,0,0,1,0,0,1,0,0,1,1,0,1,1,1,0,1,0
93.733265,0,0,0,0,1,0,0,0,0,0,0,0,0,0,0,0,0,0
93.749699,0,0,0,0,0,1,0,0,0,0,0,0,0,1,1,0,0,0
93.751335,0,0,0,0,0,0,0,1,0,0,0,0,0,0,0,0,0,1
93.755799,0,1,1,0,0,0,0,0,0,1,1,0,1,0,0,1,0,0
93.775217,1,0,0,0,0,0,0,0,1,0,0,0,1,0,0,0,0,0
93.781948,0,0,0,0,1,0,0,0,0,0,0,0,0,0,0,0,0,0
93.798328,0,0,0,0,0,0,0,1,0,0,0,0,0,0,0,0,0,1
93.799174,0,0,0,0,0,1,1,0,0,1,0,1,0,1,0,1,0,0
93.815747,1,0,0,1,0,0,0,0,0,1,1,0,1,0,0,0,1,0
93.832514,0,0,0,0,1,0,0,0,0,0,0,0,0,0,0,0,0,0
93.839695,0,0,1,1,0,0,1,0,0,1,1,0,1,1,1,0,1,0
93.849148,0,0,0,0,0,0,0,1,0,0,0,0,0,0,0,0,0,1
93.851688,0,0,0,0,0,1,0,0,0,0,0,0,0,1,1,0,0,0
93.867480,0,1,1,0,0,0,0,0,0,1,1,0,1,0,0,1,0,0
93.884254,0,0,0,0,1,0,0,0,0,0,0,0,0,0,0,0,0,0
93.887433,1,0,0,0,0,0,0,0,1,0,0,0,1,0,0,0,0,0
93.900687,0,0,0,0,0,1,1,0,0,1,0,1,0,1,0,0,1,0
93.901106,0,0,0,0,0,0,0,1,0,0,0,0,0,0,0,0,0,1
93.921592,0,1,1,0,0,0,0,0,0,1,1,0,1,0,0,1,0,0
93.936256,0,0,0,0,1,0,0,0,0,0,0,0,0,0,0,0,0,0
93.939713,1,0,0,0,0,0,0,0,1,0,0,0,1,0,0,0,0,0
93.948639,0,0,0,0,0,1,1,0,0,1,0,1,0,1,0,0,1,0
93.951421,0,0,0,0,0,0,0,1,0,0,0,0,0,0,0,0,0,1
93.970238,0,1,1,0,0,0,0,0,0,1,1,0,1,0,0,1,0,0
93.983061,1,0,0,0,0,0,0,0,1,0,0,0,1,0,0,0,0,0
93.990709,0,0,0,0,1,0,1,0,0,1,0,1,0,1,0,0,1,0
93.999105,0,0,0,0,0,0,0,1,0,0,0,0,0,0,0,0,0,1
93.999716,0,0,0,0,0,1,0,0,0,0,0,0,0,1,1,0,0,0
94.011774,0,1,1,0,0,0,0,0,0,1,1,0,1,0,0,1,0,0
94.024180,1,0,0,1,0,0,1,0,0,1,1,0,1,1,1,0,1,0
94.037729,0,0,0,0,1,0,0,0,0,0,0,0,0,0,0,0,0,0
94.046937,0,0,1,0,0,0,0,0,1,0,0,0,1,0,0,0,0,0
94.048836,0,0,0,0,0,0,0,1,0,0,0,0,0,0,0,0,0,1
94.049904,0,0,0,0,0,1,0,0,0,1,0,1,0,1,0,1,0,0
94.062403,1,0,0,1,0,0,1,0,0,1,1,0,1,1,1,0,1,0
94.085078,0,0,1,0,0,0,0,0,1,0,0,0,1,0,0,0,0,0
94.086667,0,0,0,0,1,0,0,0,0,0,0,0,0,0,0,0,0,0
94.098934,0,0,0,0,0,0,0,1,0,0,0,0,0,0,0,0,0,1
94.100375,0,0,0,0,0,1,0,0,0,1,0,1,0,1,0,1,0,0
94.112694,1,0,0,1,0,0,1,0,0,1,1,0,1,1,1,0,1,0
94.133261,0,0,1,0,0,0,0,0,1,0,0,0,1,0,0,0,0,0
94.137220,0,0,0,0,1,0,0,0,0,0,0,0,0,0,0,0,0,0
94.149259,0,0,0,0,0,1,0,0,0,1,0,1,0,1,0,1,0,0
94.151429,0,0,0,0,0,0,0,1,0,0,0,0,0,0,0,0,0,1
94.161255,1,0,0,0,0,0,0,0,1,0,0,0,1,0,0,0,0,0
94.183017,0,0,0,0,1,0,0,0,0,0,0,0,0,0,0,0,0,0
94.189598,0,0,0,0,0,0,1,0,0,1,0,1,0,1,0,0,1,0
94.196507,0,0,0,0,0,0,0,1,0,0,0,0,0,0,0,0,0,1
94.200491,0,0,0,0,0,1,0,0,0,0,0,0,0,1,1,0,0,0
94.214301,0,1,1,0,0,0,0,0,0,1,1,0,1,0,0,1,0,0
94.234125,1,0,0,0,0,0,0,0,1,0,0,0,1,0,0,0,0,0
94.234504,0,0,0,0,0,0,1,0,0,1,0,1,0,1,0,0,1,0
94.234883,0,0,0,0,1,0,0,0,0,0,0,0,0,0,0,0,0,0
94.249443,0,0,0,0,0,0,0,1,0,0,0,0,0,0,0,0,0,1
94.251764,0,0,0,0,0,1,0,0,0,0,0,0,0,1,1,0,0,0
94.261336,0,1,1,0,0,0,0,0,0,1,1,0,1,0,0,1,0,0
94.276715,1,0,0,0,0,0,0,0,1,0,0,0,1,0,0,0,0,0
94.286464,0,0,0,0,1,0,1,0,0,1,0,1,0,1,0,0,1,0
94.298279,0,0,0,0,0,0,0,1,0,0,0,0,0,0,0,0,0,1
94.299832,0,0,0,0,0,1,0,0,0,0,0,0,0,1,1,0,0,0
94.316269,0,1,1,0,0,0,0,0,0,1,1,0,1,0,0,1,0,0
94.330942,1,0,0,0,0,0,0,0,1,0,0,0,1,0,0,0,0,0
94.332766,0,0,0,0,0,0,1,0,0,1,0,1,0,1,0,0,1,0
94.336238,0,0,0,0,1,0,0,0,0,0,0,0,0,0,0,0,0,0
94.349954,0,0,0,0,0,1,0,0,0,0,0,0,0,1,1,0,0,0
94.350284,0,0,0,0,0,0,0,1,0,0,0,0,0,0,0,0,0,1
94.360272,0,1,1,0,0,0,0,0,0,1,1,0,1,0,0,1,0,0
94.376203,1,0,0,0,0,0,0,0,1,0,0,0,1,0,0,0,0,0
94.378348,0,0,0,0,0,0,1,0,0,1,0,1,0,1,0,0,1,0
94.384701,0,0,0,0,1,0,0,0,0,0,0,0,0,0,0,0,0,0
94.398078,0,0,0,0,0,1,0,0,0,0,0,0,0,1,1,0,0,0
94.401176,0,0,0,0,0,0,0,1,0,0,0,0,0,0,0,0,0,1
94.407810,0,1,1,0,0,0,0,0,0,1,1,0,1,0,0,1,0,0
94.418284,1,0,0,0,0,0,0,0,1,0,0,0,1,0,0,0,0,0
94.435423,0,0,0,0,1,0,1,0,0,1,0,1,0,1,0,0,1,0
94.450079,0,0,0,0,0,1,0,0,0,0,0,0,0,1,1,0,0,0
94.451190,0,0,0,0,0,0,0,1,0,0,0,0,0,0,0,0,0,1
94.462120,0,1,1,0,0,0,0,0,0,1,1,0,1,0,0,1,0,0
94.476482,1,0,0,1,0,0,1,0,0,1,1,0,1,1,1,0,1,0
94.490086,0,0,0,0,1,0,0,0,0,0,0,0,0,0,0,0,0,0
94.497091,0,0,1,0,0,0,0,0,1,0,0,0,1,0,0,0,0,0
94.498642,0,0,0,0,0,0,0,1,0,0,0,0,0,0,0,0,0,1
94.498963,0,0,0,0,0,1,0,0,0,1,0,1,0,1,0,1,0,0
94.509108,1,0,0,1,0,0,1,0,0,1,1,0,1,1,1,0,1,0
94.532737,0,0,1,0,0,0,0,0,1,0,0,0,1,0,0,0,0,0
94.537275,0,0,0,0,1,0,0,0,0,0,0,0,0,0,0,0,0,0
94.547158,0,0,0,0,0,0,0,1,0,0,0,0,0,0,0,0,0,1
94.549778,0,0,0,0,0,1,0,0,0,1,0,1,0,1,0,1,0,0
94.565413,1,0,0,0,0,0,0,0,1,0,0,0,1,0,0,0,0,0
94.578579,0,0,0,0,1,0,1,0,0,1,0,1,0,1,0,0,1,0
94.599169,0,0,0,0,0,0,0,1,0,0,0,0,0,0,0,0,0,1
94.599553,0,0,0,0,0,1,0,0,0,0,0,0,0,1,1,0,0,0
94.601752,0,1,1,0,0,0,0,0,0,1,1,0,1,0,0,1,0,0
94.613771,1,0,0,1,0,0,1,0,0,1,1,0,1,1,1,0,1,0
94.636418,0,0,0,0,1,0,0,0,0,0,0,0,0,0,0,0,0,0
94.641685,0,0,1,0,0,0,0,0,1,0,0,0,1,0,0,0,0,0
94.647074,0,0,0,0,0,0,0,1,0,0,0,0,0,0,0,0,0,1
94.650103,0,0,0,0,0,1,0,0,0,1,0,1,0,1,0,1,0,0
94.660873,1,0,0,1,0,0,1,0,0,1,1,0,1,1,1,0,1,0
94.682525,0,0,0,0,1,0,0,0,0,0,0,0,0,0,0,0,0,0
94.688024,0,0,1,0,0,0,0,0,1,0,0,0,1,0,0,0,0,0
94.701064,0,0,0,0,0,0,0,1,0,0,0,0,0,0,0,0,0,1
94.701423,0,0,0,0,0,1,0,0,0,1,0,1,0,1,0,1,0,0
94.713909,1,0,0,1,0,0,1,0,0,1,1,0,1,1,1,0,1,0
94.731180,0,0,0,0,1,0,0,0,0,0,0,0,0,0,0,0,0,0
94.739267,0,0,1,0,0,0,0,0,1,0,0,0,1,0,0,0,0,0
94.747254,0,0,0,0,0,0,0,1,0,0,0,0,0,0,0,0,0,1
94.751371,0,0,0,0,0,1,0,0,0,1,0,1,0,1,0,1,0,0
94.767804,1,0,0,1,0,0,1,0,0,1,1,0,1,1,1,0,1,0
94.782597,0,0,0,0,1,0,0,0,0,0,0,0,0,0,0,0,0,0
94.791302,0,0,1,0,0,0,0,0,1,0,0,0,1,0,0,0,0,0
94.801082,0,0,0,0,0,1,0,0,0,1,0,1,0,1,0,1,0,0
94.802567,0,0,0,0,0,0,0,1,0,0,0,0,0,0,0,0,0,1
94.811181,1,0,0,1,0,0,1,0,0,1,1,0,1,1,1,0,1,0
94.833892,0,0,1,0,0,0,0,0,1,0,0,0,1,0,0,0,0,0
94.836910,0,0,0,0,1,0,0,0,0,0,0,0,0,0,0,0,0,0
94.849698,0,0,0,0,0,1,0,0,0,1,0,1,0,1,0,1,0,0
94.851223,0,0,0,0,0,0,0,1,0,0,0,0,0,0,0,0,0,1
94.866704,1,0,0,1,0,0,1,0,0,1,1,0,1,1,1,0,1,0
94.887561,0,0,0,0,1,0,0,0,0,0,0,0,0,0,0,0,0,0
94.889631,0,0,1,0,0,0,0,0,1,0,0,0,1,0,0,0,0,0
94.900769,0,0,0,0,0,0,0,1,0,0,0,0,0,0,0,0,0,1
94.901558,0,0,0,0,0,1,0,0,0,1,0,1,0,1,0,1,0,0
94.918405,1,0,0,0,0,0,0,0,1,0,0,0,1,0,0,0,0,0
94.922377,0,0,0,0,0,0,1,0,0,1,0,1,0,1,0,0,1,0
94.935443,0,0,0,0,1,0,0,0,0,0,0,0,0,0,0,0,0,0
94.949435,0,0,0,0,0,1,0,0,0,0,0,0,0,1,1,0,0,0
94.950222,0,0,0,0,0,0,0,1,0,0,0,0,0,0,0,0,0,1
94.950345,0,1,1,0,0,0,0,0,0,1,1,0,1,0,0,1,0,0
94.964945,1,0,0,0,0,0,0,0,1,0,0,0,1,0,0,0,0,0
94.989043,0,0,0,0,1,0,0,0,0,0,0,0,0,0,0,0,0,0
94.990795,0,0,0,0,0,0,1,0,0,1,0,1,0,1,0,0,1,0
94.999174,0,0,0,0,0,0,0,1,0,0,0,0,0,0,0,0,0,1
95.001130,0,0,0,0,0,1,0,0,0,0,0,0,0,1,1,0,0,0
95.019402,0,1,1,0,0,0,0,0,0,1,1,0,1,0,0,1,0,0
95.030474,1,0,0,1,0,0,1,0,0,1,1,0,1,1,1,0,1,0
95.034473,0,0,0,0,1,0,0,0,0,0,0,0,0,0,0,0,0,0
95.049036,0,0,0,0,0,0,0,1,0,0,0,0,0,0,0,0,0,1
95.050450,0,0,0,0,0,1,0,0,0,0,0,0,0,1,1,0,0,0
95.059593,0,1,1,0,0,0,0,0,0,1,1,0,1,0,0,1,0,0
95.069922,1,0,0,1,0,0,1,0,0,1,1,0,1,1,1,0,1,0
95.080720,0,0,0,0,1,0,0,0,0,0,0,0,0,0,0,0,0,0
95.093688,0,0,1,0,0,0,0,0,1,0,0,0,1,0,0,0,0,0
95.096914,0,0,0,0,0,0,0,1,0,0,0,0,0,0,0,0,0,1
95.101282,0,0,0,0,0,1,0,0,0,1,0,1,0,1,0,1,0,0
95.111879,1,0,0,0,0,0,0,0,1,0,0,0,1,0,0,0,0,0
95.132848,0,0,0,0,1,0,1,0,0,1,0,1,0,1,0,0,1,0
95.151609,0,0,0,0,0,1,0,0,0,0,0,0,0,1,1,0,0,0
95.153268,0,0,0,0,0,0,0,1,0,0,0,0,0,0,0,0,0,1
95.157353,0,1,1,0,0,0,0,0,0,1,1,0,1,0,0,1,0,0
95.169888,1,0,0,0,0,0,0,0,1,0,0,0,1,0,0,0,0,0
95.186459,0,0,0,0,0,0,1,0,0,1,0,1,0,1,0,0,1,0
95.190703,0,0,0,0,1,0,0,0,0,0,0,0,0,0,0,0,0,0
95.199516,0,0,0,0,0,1,0,0,0,0,0,0,0,1,1,0,0,0
95.202291,0,0,0,0,0,0,0,1,0,0,0,0,0,0,0,0,0,1
95.214954,0,1,1,0,0,0,0,0,0,1,1,0,1,0,0,1,0,0
95.232211,1,0,0,1,0,0,1,0,0,1,1,0,1,1,1,0,1,0
95.240434,0,0,0,0,1,0,0,0,0,0,0,0,0,0,0,0,0,0
95.248704,0,0,0,0,0,1,0,0,0,0,0,0,0,1,1,0,0,0
95.248801,0,0,0,0,0,0,0,1,0,0,0,0,0,0,0,0,0,1
95.261738,0,1,1,0,0,0,0,0,0,1,1,0,1,0,0,1,0,0
95.278260,1,0,0,0,0,0,0,0,1,0,0,0,1,0,0,0,0,0
95.287601,0,0,0,0,1,0,1,0,0,1,0,1,0,1,0,0,1,0
95.299644,0,0,0,0,0,0,0,1,0,0,0,0,0,0,0,0,0,1
95.300095,0,0,0,0,0,1,0,0,0,0,0,0,0,1,1,0,0,0
95.312519,0,1,1,0,0,0,0,0,0,1,1,0,1,0,0,1,0,0
95.326981,1,0,0,0,0,0,0,0,1,0,0,0,1,0,0,0,0,0
95.328334,0,0,0,0,0,0,1,0,0,1,0,1,0,1,0,0,1,0
95.329722,0,0,0,0,1,0,0,0,0,0,0,0,0,0,0,0,0,0
95.348471,0,0,0,0,0,0,0,1,0,0,0,0,0,0,0,0,0,1
95.349126,0,0,1,0,0,0,0,0,1,0,0,0,1,0,0,0,0,0
95.349540,0,0,0,0,0,1,0,0,0,1,0,1,0,1,0,1,0,0
95.362352,1,0,0,0,0,0,0,0,1,0,0,0,1,0,0,0,0,0
95.385138,0,0,0,0,1,0,1,0,0,1,0,1,0,1,0,0,1,0
95.399170,0,0,0,0,0,1,0,0,0,0,0,0,0,1,1,0,0,0
95.401275,0,0,0,0,0,0,0,1,0,0,0,0,0,0,0,0,0,1
95.406394,0,1,1,0,0,0,0,0,0,1,1,0,1,0,0,1,0,0
95.416540,1,0,0,0,0,0,0,0,1,0,0,0,1,0,0,0,0,0
95.417877,0,0,0,0,0,0,1,0,0,1,0,1,0,1,0,0,1,0
95.436673,0,0,0,0,1,0,0,0,0,0,0,0,0,0,0,0,0,0
95.440745,0,0,1,0,0,0,0,0,1,0,0,0,1,0,0,0,0,0
95.448883,0,0,0,0,0,0,0,1,0,0,0,0,0,0,0,0,0,1
95.449778,0,0,0,0,0,1,0,0,0,1,0,1,0,1,0,1,0,0
95.463080,1,0,0,0,0,0,0,0,1,0,0,0,1,0,0,0,0,0
95.483443,0,0,0,0,1,0,1,0,0,1,0,1,0,1,0,0,1,0
95.500046,0,0,0,0,0,0,0,1,0,0,0,0,0,0,0,0,0,1
95.500477,0,0,0,0,0,1,0,0,0,0,0,0,0,1,1,0,0,0
95.506826,0,1,1,0,0,0,0,0,0,1,1,0,1,0,0,1,0,0
95.519298,1,0,0,1,0,0,1,0,0,1,1,0,1,1,1,0,1,0
95.533826,0,0,0,0,1,0,0,0,0,0,0,0,0,0,0,0,0,0
95.540870,0,0,1,0,0,0,0,0,1,0,0,0,1,0,0,0,0,0
95.550433,0,0,0,0,0,1,0,0,0,1,0,1,0,1,0,1,0,0
95.552332,0,0,0,0,0,0,0,1,0,0,0,0,0,0,0,0,0,1
95.562251,1,0,0,1,0,0,1,0,0,1,1,0,1,1,1,0,1,0
95.588195,0,0,1,0,0,0,0,0,1,0,0,0,1,0,0,0,0,0
95.588645,0,0,0,0,1,0,0,0,0,0,0,0,0,0,0,0,0,0
95.598508,0,0,0,0,0,0,0,1,0,0,0,0,0,0,0,0,0,1
95.600131,0,0,0,0,0,1,0,0,0,1,0,1,0,1,0,1,0,0
95.615049,1,0,0,0,0,0,0,0,1,0,0,0,1,0,0,0,0,0
95.634406,0,0,0,0,1,0,0,0,0,0,0,0,0,0,0,0,0,0
95.647405,0,0,0,0,0,0,1,1,0,1,0,1,0,1,0,0,1,1
95.650834,0,0,0,0,0,1,0,0,0,0,0,0,0,1,1,0,0,0
95.671700,0,1,1,0,0,0,0,0,0,1,1,0,1,0,0,1,0,0
95.683132,0,0,0,0,1,0,0,0,0,0,0,0,0,0,0,0,0,0
95.686855,1,0,0,1,0,0,1,0,0,1,1,0,1,1,1,0,1,0
95.700151,0,0,0,0,0,0,0,1,0,0,0,0,0,0,0,0,0,1
95.701140,0,0,0,0,0,1,0,0,0,0,0,0,0,1,1,0,0,0
