bin,total,start3=0,start3=1,start3=10,start3=100,start3=101,start3=102,start3=103,start3=104,start3=105,start3=106,start3=107,start3=108,start3=109,start3=11,start3=110,start3=111,start3=112,start3=113,start3=114,start3=115,start3=116,start3=117,start3=118,start3=119,start3=12,start3=120,start3=121,start3=122,start3=123,start3=124,start3=125,start3=126,start3=127,start3=128,start3=129,start3=13,start3=130,start3=131,start3=132,start3=133,start3=134,start3=135,start3=136,start3=137,start3=138,start3=139,start3=14,start3=140,start3=141,start3=142,start3=143,start3=144,start3=145,start3=146,start3=147,start3=148,start3=149,start3=15,start3=150,start3=151,start3=152,start3=153,start3=154,start3=155,start3=156,start3=157,start3=158,start3=159,start3=16,start3=160,start3=161,start3=162,start3=163,start3=164,start3=165,start3=166,start3=167,start3=168,start3=169,start3=17,start3=170,start3=171,start3=172,start3=173,start3=174,start3=175,start3=176,start3=177,start3=178,start3=179,start3=18,start3=180,start3=181,start3=182,start3=183,start3=185,start3=19,start3=2,start3=20,start3=21,start3=22,start3=23,start3=24,start3=25,start3=26,start3=27,start3=28,start3=29,start3=3,start3=30,start3=31,start3=32,start3=33,start3=34,start3=35,start3=36,start3=37,start3=38,start3=39,start3=4,start3=40,start3=41,start3=42,start3=43,start3=44,start3=45,start3=46,start3=47,start3=48,start3=49,start3=5,start3=50,start3=51,start3=52,start3=53,start3=54,start3=55,start3=56,start3=57,start3=58,start3=59,start3=6,start3=60,start3=61,start3=62,start3=63,start3=64,start3=65,start3=66,start3=67,start3=68,start3=69,start3=7,start3=70,start3=71,start3=72,start3=73,start3=74,start3=75,start3=76,start3=77,start3=78,start3=79,start3=8,start3=80,start3=81,start3=82,start3=83,start3=84,start3=85,start3=86,start3=87,start3=88,start3=89,start3=9,start3=90,start3=91,start3=92,start3=93,start3=94,start3=95,start3=96,start3=97,start3=98,start3=99
0.000000,0.612329,0.000049,0.000278,0.002144,0.004567,0.004043,0.003585,0.003617,0.003290,0.003536,0.003437,0.003372,0.002963,0.002799,0.002079,0.002930,0.002979,0.003028,0.002373,0.002373,0.002341,0.002373,0.002472,0.002324,0.002275,0.002308,0.002406,0.001817,0.001948,0.003012,0.002259,0.002341,0.002226,0.002864,0.002406,0.002341,0.002570,0.002603,0.002062,0.002423,0.002341,0.002603,0.002472,0.002259,0.002521,0.002373,0.002423,0.002603,0.002226,0.002161,0.001899,0.002210,0.002030,0.001571,0.001833,0.001702,0.001539,0.001620,0.003028,0.001604,0.001309,0.001539,0.001211,0.001162,0.001408,0.001129,0.000933,0.000835,0.001031,0.003503,0.000769,0.000818,0.000818,0.000622,0.000704,0.000982,0.001031,0.000671,0.000720,0.000720,0.003421,0.000507,0.000589,0.000360,0.000295,0.000213,0.000229,0.000376,0.000246,0.000115,0.000213,0.003896,0.000082,0.000115,0.000098,0.000147,0.000016,0.003961,0.000557,0.004190,0.003928,0.004092,0.004583,0.004436,0.004305,0.004321,0.003978,0.004174,0.004027,0.000687,0.004501,0.004272,0.004583,0.003945,0.004305,0.003863,0.004256,0.004878,0.005516,0.005827,0.000753,0.004861,0.005565,0.005696,0.005058,0.005778,0.005271,0.005844,0.006056,0.005483,0.005876,0.001260,0.004861,0.005909,0.005696,0.006007,0.005598,0.006253,0.005500,0.005222,0.005172,0.005631,0.001326,0.005909,0.005516,0.005909,0.006171,0.006678,0.006155,0.006155,0.006040,0.006171,0.006646,0.001506,0.006875,0.006236,0.006040,0.006171,0.005729,0.006040,0.006105,0.006007,0.005778,0.005385,0.001882,0.004927,0.005516,0.005827,0.005451,0.005729,0.005123,0.005663,0.005336,0.006089,0.005287,0.001801,0.005598,0.005189,0.004845,0.004436,0.004370,0.004419,0.004125,0.003896,0.004534,0.004534
0.001000,0.003323,0.000000,0.000000,0.000000,0.000016,0.000033,0.000033,0.000016,0.000000,0.000016,0.000000,0.000000,0.000000,0.000000,0.000016,0.000016,0.000000,0.000016,0.000000,0.000033,0.000016,0.000016,0.000000,0.000049,0.000033,0.000000,0.000000,0.000016,0.000016,0.000016,0.000000,0.000000,0.000016,0.000000,0.000000,0.000000,0.000000,0.000016,0.000000,0.000033,0.000000,0.000016,0.000000,0.000033,0.000000,0.000016,0.000016,0.000000,0.000016,0.000033,0.000016,0.000000,0.000016,0.000016,0.000000,0.000016,0.000000,0.000000,0.000000,0.000033,0.000000,0.000000,0.000033,0.000000,0.000000,0.000000,0.000016,0.000000,0.000000,0.000016,0.000000,0.000000,0.000000,0.000000,0.000000,0.000000,0.000000,0.000000,0.000000,0.000000,0.000000,0.000016,0.000000,0.000000,0.000000,0.000000,0.000000,0.000000,0.000000,0.000000,0.000000,0.000016,0.000000,0.000000,0.000000,0.000000,0.000000,0.000000,0.000000,0.000000,0.000000,0.000016,0.000000,0.000033,0.000082,0.000016,0.000016,0.000049,0.000016,0.000000,0.000033,0.000016,0.000000,0.000033,0.000033,0.000016,0.000016,0.000016,0.000033,0.000016,0.000000,0.000016,0.000065,0.000016,0.000033,0.000000,0.000033,0.000000,0.000016,0.000000,0.000049,0.000033,0.000098,0.000082,0.000065,0.000033,0.000016,0.000033,0.000033,0.000000,0.000033,0.000033,0.000016,0.000016,0.000049,0.000065,0.000000,0.000016,0.000000,0.000016,0.000033,0.000065,0.000033,0.000049,0.000033,0.000016,0.000033,0.000016,0.000033,0.000033,0.000065,0.000082,0.000082,0.000033,0.000016,0.000016,0.000033,0.000049,0.000049,0.000000,0.000065,0.000016,0.000033,0.000065,0.000049,0.000016,0.000000,0.000049,0.000016,0.000049,0.000016,0.000016,0.000000,0.000033,0.000016,0.000049
0.002000,0.002373,0.000000,0.000000,0.000000,0.000000,0.000033,0.000033,0.000000,0.000000,0.000000,0.000016,0.000000,0.000000,0.000000,0.000016,0.000000,0.000033,0.000016,0.000000,0.000016,0.000016,0.000000,0.000000,0.000000,0.000000,0.000016,0.000000,0.000016,0.000000,0.000016,0.000000,0.000016,0.000000,0.000000,0.000000,0.000049,0.000000,0.000033,0.000000,0.000016,0.000000,0.000000,0.000000,0.000000,0.000016,0.000016,0.000000,0.000016,0.000000,0.000000,0.000000,0.000000,0.000000,0.000000,0.000000,0.000000,0.000000,0.000016,0.000000,0.000000,0.000000,0.000033,0.000016,0.000000,0.000000,0.000016,0.000000,0.000000,0.000016,0.000000,0.000000,0.000000,0.000000,0.000000,0.000000,0.000000,0.000000,0.000000,0.000000,0.000000,0.000033,0.000000,0.000000,0.000000,0.000000,0.000000,0.000000,0.000016,0.000000,0.000000,0.000000,0.000033,0.000000,0.000000,0.000000,0.000000,0.000000,0.000000,0.000000,0.000016,0.000016,0.000000,0.000033,0.000033,0.000016,0.000049,0.000000,0.000033,0.000033,0.000000,0.000049,0.000033,0.000033,0.000016,0.000016,0.000033,0.000016,0.000033,0.000033,0.000000,0.000000,0.000033,0.000000,0.000065,0.000016,0.000016,0.000000,0.000033,0.000033,0.000000,0.000000,0.000000,0.000049,0.000033,0.000000,0.000065,0.000033,0.000033,0.000049,0.000049,0.000033,0.000033,0.000000,0.000000,0.000033,0.000033,0.000016,0.000000,0.000033,0.000000,0.000000,0.000000,0.000016,0.000000,0.000000,0.000016,0.000000,0.000016,0.000033,0.000016,0.000033,0.000016,0.000033,0.000016,0.000000,0.000049,0.000016,0.000000,0.000016,0.000000,0.000016,0.000033,0.000000,0.000033,0.000016,0.000016,0.000033,0.000033,0.000016,0.000033,0.000016,0.000016,0.000016,0.000033,0.000000,0.000033
0.003000,0.002030,0.000000,0.000016,0.000016,0.000049,0.000000,0.000000,0.000000,0.000016,0.000000,0.000000,0.000000,0.000016,0.000000,0.000000,0.000000,0.000033,0.000000,0.000000,0.000000,0.000000,0.000016,0.000000,0.000016,0.000000,0.000016,0.000000,0.000000,0.000016,0.000016,0.000000,0.000000,0.000033,0.000016,0.000000,0.000000,0.000016,0.000000,0.000000,0.000016,0.000016,0.000000,0.000000,0.000000,0.000000,0.000000,0.000000,0.000000,0.000033,0.000000,0.000000,0.000000,0.000000,0.000000,0.000000,0.000016,0.000000,0.000000,0.000000,0.000016,0.000000,0.000000,0.000000,0.000000,0.000000,0.000000,0.000000,0.000000,0.000000,0.000000,0.000016,0.000016,0.000016,0.000000,0.000000,0.000000,0.000000,0.000000,0.000000,0.000000,0.000033,0.000000,0.000000,0.000000,0.000000,0.000000,0.000000,0.000000,0.000016,0.000000,0.000000,0.000000,0.000000,0.000000,0.000000,0.000000,0.000000,0.000033,0.000000,0.000000,0.000000,0.000016,0.000033,0.000016,0.000000,0.000000,0.000033,0.000016,0.000000,0.000000,0.000000,0.000000,0.000033,0.000016,0.000016,0.000016,0.000016,0.000000,0.000000,0.000033,0.000000,0.000016,0.000000,0.000016,0.000033,0.000000,0.000000,0.000033,0.000033,0.000033,0.000016,0.000000,0.000016,0.000016,0.000033,0.000033,0.000000,0.000016,0.000016,0.000000,0.000016,0.000016,0.000000,0.000016,0.000016,0.000000,0.000016,0.000065,0.000000,0.000000,0.000016,0.000000,0.000033,0.000000,0.000016,0.000049,0.000065,0.000016,0.000000,0.000049,0.000049,0.000000,0.000016,0.000016,0.000000,0.000016,0.000016,0.000033,0.000000,0.000065,0.000000,0.000033,0.000016,0.000016,0.000016,0.000000,0.000016,0.000049,0.000016,0.000065,0.000049,0.000049,0.000000,0.000000,0.000016,0.000000
0.004000,0.001964,0.000000,0.000000,0.000000,0.000033,0.000016,0.000033,0.000000,0.000016,0.000000,0.000000,0.000000,0.000000,0.000000,0.000016,0.000000,0.000000,0.000049,0.000000,0.000016,0.000000,0.000033,0.000000,0.000000,0.000016,0.000000,0.000016,0.000016,0.000016,0.000016,0.000000,0.000000,0.000016,0.000000,0.000000,0.000016,0.000000,0.000016,0.000016,0.000000,0.000000,0.000016,0.000000,0.000000,0.000016,0.000000,0.000000,0.000000,0.000000,0.000000,0.000000,0.000000,0.000000,0.000016,0.000000,0.000000,0.000000,0.000016,0.000000,0.000000,0.000000,0.000016,0.000000,0.000000,0.000000,0.000033,0.000000,0.000000,0.000000,0.000016,0.000000,0.000000,0.000000,0.000000,0.000000,0.000000,0.000000,0.000000,0.000000,0.000000,0.000000,0.000000,0.000000,0.000000,0.000000,0.000000,0.000000,0.000000,0.000000,0.000000,0.000000,0.000000,0.000000,0.000000,0.000000,0.000000,0.000000,0.000000,0.000000,0.000049,0.000000,0.000016,0.000016,0.000000,0.000000,0.000000,0.000000,0.000000,0.000033,0.000000,0.000065,0.000065,0.000000,0.000016,0.000016,0.000016,0.000033,0.000000,0.000016,0.000016,0.000000,0.000049,0.000016,0.000033,0.000000,0.000016,0.000016,0.000000,0.000000,0.000016,0.000000,0.000000,0.000016,0.000033,0.000000,0.000033,0.000016,0.000016,0.000016,0.000033,0.000000,0.000000,0.000000,0.000033,0.000033,0.000016,0.000016,0.000000,0.000016,0.000016,0.000016,0.000033,0.000033,0.000000,0.000049,0.000016,0.000000,0.000016,0.000049,0.000000,0.000000,0.000033,0.000016,0.000016,0.000000,0.000033,0.000016,0.000016,0.000016,0.000049,0.000016,0.000016,0.000016,0.000000,0.000016,0.000000,0.000049,0.000000,0.000033,0.000033,0.000033,0.000033,0.000000,0.000016,0.000000,0.000000
0.005000,0.002472,0.000000,0.000000,0.000016,0.000000,0.000016,0.000000,0.000016,0.000000,0.000000,0.000000,0.000016,0.000016,0.000000,0.000016,0.000000,0.000016,0.000000,0.000033,0.000016,0.000000,0.000033,0.000016,0.000000,0.000016,0.000016,0.000000,0.000016,0.000000,0.000000,0.000000,0.000000,0.000000,0.000016,0.000000,0.000000,0.000016,0.000000,0.000000,0.000016,0.000033,0.000000,0.000000,0.000016,0.000016,0.000000,0.000000,0.000000,0.000000,0.000000,0.000000,0.000016,0.000000,0.000000,0.000000,0.000016,0.000000,0.000000,0.000049,0.000000,0.000000,0.000000,0.000000,0.000000,0.000016,0.000033,0.000000,0.000016,0.000000,0.000033,0.000000,0.000000,0.000000,0.000000,0.000000,0.000000,0.000000,0.000000,0.000000,0.000000,0.000000,0.000000,0.000000,0.000000,0.000000,0.000000,0.000000,0.000000,0.000000,0.000000,0.000000,0.000033,0.000000,0.000000,0.000000,0.000000,0.000000,0.000033,0.000000,0.000016,0.000033,0.000033,0.000000,0.000000,0.000000,0.000016,0.000033,0.000033,0.000016,0.000000,0.000000,0.000000,0.000049,0.000000,0.000016,0.000033,0.000016,0.000033,0.000049,0.000016,0.000000,0.000016,0.000033,0.000033,0.000065,0.000016,0.000033,0.000000,0.000033,0.000016,0.000000,0.000016,0.000000,0.000016,0.000033,0.000033,0.000000,0.000049,0.000082,0.000016,0.000033,0.000065,0.000000,0.000016,0.000033,0.000033,0.000049,0.000049,0.000000,0.000016,0.000000,0.000000,0.000000,0.000000,0.000016,0.000049,0.000016,0.000016,0.000016,0.000033,0.000016,0.000049,0.000016,0.000016,0.000016,0.000016,0.000016,0.000033,0.000000,0.000016,0.000033,0.000065,0.000016,0.000016,0.000033,0.000016,0.000016,0.000016,0.000016,0.000033,0.000000,0.000016,0.000000,0.000000,0.000000,0.000049
0.006000,0.001964,0.000000,0.000016,0.000000,0.000016,0.000000,0.000016,0.000000,0.000016,0.000000,0.000033,0.000016,0.000000,0.000000,0.000016,0.000000,0.000000,0.000033,0.000000,0.000000,0.000000,0.000000,0.000000,0.000016,0.000033,0.000000,0.000016,0.000033,0.000000,0.000000,0.000000,0.000000,0.000000,0.000016,0.000000,0.000000,0.000000,0.000000,0.000000,0.000000,0.000016,0.000000,0.000000,0.000000,0.000049,0.000000,0.000016,0.000000,0.000000,0.000000,0.000000,0.000000,0.000033,0.000000,0.000016,0.000000,0.000016,0.000000,0.000000,0.000000,0.000000,0.000016,0.000016,0.000000,0.000000,0.000000,0.000000,0.000033,0.000016,0.000033,0.000000,0.000000,0.000000,0.000000,0.000000,0.000016,0.000000,0.000000,0.000000,0.000000,0.000000,0.000000,0.000000,0.000000,0.000000,0.000000,0.000000,0.000000,0.000000,0.000000,0.000000,0.000000,0.000000,0.000000,0.000000,0.000000,0.000000,0.000016,0.000000,0.000016,0.000000,0.000016,0.000016,0.000016,0.000033,0.000016,0.000016,0.000016,0.000000,0.000000,0.000016,0.000016,0.000016,0.000049,0.000016,0.000016,0.000049,0.000016,0.000000,0.000016,0.000000,0.000016,0.000033,0.000000,0.000016,0.000000,0.000000,0.000033,0.000016,0.000016,0.000016,0.000000,0.000000,0.000033,0.000016,0.000049,0.000016,0.000033,0.000016,0.000000,0.000016,0.000000,0.000016,0.000033,0.000000,0.000016,0.000016,0.000000,0.000065,0.000016,0.000016,0.000033,0.000000,0.000000,0.000033,0.000033,0.000016,0.000049,0.000000,0.000049,0.000016,0.000033,0.000016,0.000000,0.000033,0.000000,0.000016,0.000016,0.000033,0.000000,0.000016,0.000016,0.000000,0.000033,0.000016,0.000016,0.000016,0.000000,0.000016,0.000000,0.000000,0.000000,0.000000,0.000000,0.000000,0.000016
0.007000,0.002275,0.000000,0.000000,0.000000,0.000049,0.000033,0.000033,0.000000,0.000000,0.000000,0.000000,0.000000,0.000016,0.000016,0.000016,0.000000,0.000016,0.000016,0.000000,0.000033,0.000033,0.000000,0.000000,0.000016,0.000000,0.000016,0.000016,0.000000,0.000033,0.000016,0.000000,0.000000,0.000016,0.000000,0.000000,0.000000,0.000000,0.000016,0.000016,0.000000,0.000033,0.000000,0.000000,0.000000,0.000000,0.000000,0.000000,0.000016,0.000033,0.000000,0.000033,0.000000,0.000000,0.000000,0.000000,0.000016,0.000000,0.000000,0.000000,0.000000,0.000000,0.000016,0.000000,0.000000,0.000000,0.000000,0.000016,0.000033,0.000000,0.000000,0.000000,0.000000,0.000000,0.000000,0.000000,0.000000,0.000000,0.000000,0.000016,0.000000,0.000000,0.000000,0.000000,0.000000,0.000000,0.000016,0.000000,0.000000,0.000000,0.000000,0.000016,0.000033,0.000000,0.000000,0.000000,0.000000,0.000000,0.000000,0.000000,0.000016,0.000000,0.000016,0.000000,0.000000,0.000016,0.000033,0.000016,0.000000,0.000016,0.000000,0.000016,0.000033,0.000016,0.000049,0.000033,0.000016,0.000000,0.000049,0.000049,0.000016,0.000000,0.000033,0.000000,0.000033,0.000016,0.000000,0.000033,0.000016,0.000016,0.000016,0.000016,0.000000,0.000016,0.000000,0.000000,0.000016,0.000000,0.000016,0.000065,0.000033,0.000049,0.000016,0.000000,0.000033,0.000016,0.000000,0.000016,0.000000,0.000033,0.000033,0.000000,0.000000,0.000016,0.000000,0.000033,0.000049,0.000049,0.000016,0.000016,0.000016,0.000000,0.000033,0.000049,0.000000,0.000000,0.000000,0.000082,0.000033,0.000033,0.000033,0.000000,0.000000,0.000033,0.000049,0.000000,0.000000,0.000033,0.000000,0.000016,0.000000,0.000033,0.000016,0.000000,0.000016,0.000016,0.000000
0.008000,0.002373,0.000000,0.000000,0.000000,0.000049,0.000000,0.000016,0.000000,0.000000,0.000000,0.000000,0.000000,0.000033,0.000016,0.000000,0.000016,0.000000,0.000000,0.000033,0.000016,0.000016,0.000000,0.000000,0.000000,0.000016,0.000000,0.000000,0.000000,0.000016,0.000033,0.000016,0.000016,0.000000,0.000016,0.000000,0.000016,0.000016,0.000016,0.000000,0.000016,0.000000,0.000000,0.000000,0.000000,0.000000,0.000033,0.000016,0.000000,0.000016,0.000000,0.000000,0.000000,0.000000,0.000000,0.000000,0.000000,0.000000,0.000000,0.000000,0.000000,0.000000,0.000000,0.000000,0.000000,0.000000,0.000016,0.000000,0.000000,0.000016,0.000016,0.000000,0.000000,0.000000,0.000000,0.000000,0.000000,0.000000,0.000000,0.000000,0.000016,0.000016,0.000000,0.000016,0.000000,0.000000,0.000000,0.000000,0.000000,0.000000,0.000000,0.000000,0.000000,0.000000,0.000000,0.000000,0.000000,0.000000,0.000033,0.000000,0.000033,0.000016,0.000016,0.000000,0.000033,0.000016,0.000033,0.000000,0.000016,0.000033,0.000000,0.000000,0.000016,0.000016,0.000049,0.000000,0.000000,0.000000,0.000016,0.000016,0.000000,0.000016,0.000049,0.000000,0.000049,0.000016,0.000016,0.000016,0.000000,0.000033,0.000016,0.000016,0.000000,0.000082,0.000033,0.000000,0.000016,0.000016,0.000033,0.000016,0.000000,0.000033,0.000049,0.000000,0.000049,0.000016,0.000016,0.000033,0.000049,0.000049,0.000016,0.000065,0.000000,0.000016,0.000000,0.000000,0.000000,0.000033,0.000000,0.000016,0.000049,0.000065,0.000000,0.000000,0.000016,0.000000,0.000082,0.000000,0.000016,0.000049,0.000016,0.000016,0.000000,0.000000,0.000033,0.000000,0.000016,0.000049,0.000033,0.000000,0.000016,0.000000,0.000016,0.000033,0.000049,0.000033,0.000033
0.009000,0.002275,0.000000,0.000016,0.000000,0.000016,0.000049,0.000016,0.000000,0.000016,0.000016,0.000000,0.000000,0.000033,0.000000,0.000016,0.000000,0.000000,0.000000,0.000033,0.000000,0.000000,0.000016,0.000000,0.000000,0.000000,0.000000,0.000000,0.000000,0.000016,0.000000,0.000000,0.000016,0.000016,0.000000,0.000016,0.000033,0.000049,0.000000,0.000016,0.000000,0.000000,0.000000,0.000000,0.000016,0.000016,0.000016,0.000000,0.000000,0.000000,0.000000,0.000016,0.000000,0.000000,0.000000,0.000000,0.000000,0.000000,0.000033,0.000000,0.000000,0.000000,0.000000,0.000000,0.000000,0.000000,0.000000,0.000000,0.000000,0.000016,0.000033,0.000000,0.000000,0.000000,0.000016,0.000000,0.000000,0.000000,0.000000,0.000000,0.000000,0.000000,0.000000,0.000000,0.000000,0.000000,0.000000,0.000000,0.000000,0.000000,0.000000,0.000000,0.000000,0.000000,0.000000,0.000000,0.000000,0.000000,0.000000,0.000000,0.000016,0.000033,0.000000,0.000033,0.000016,0.000000,0.000000,0.000000,0.000000,0.000033,0.000000,0.000016,0.000033,0.000000,0.000016,0.000016,0.000000,0.000033,0.000016,0.000065,0.000016,0.000033,0.000033,0.000016,0.000033,0.000033,0.000000,0.000000,0.000033,0.000033,0.000049,0.000033,0.000000,0.000016,0.000000,0.000016,0.000016,0.000016,0.000033,0.000016,0.000049,0.000016,0.000000,0.000000,0.000049,0.000016,0.000016,0.000016,0.000033,0.000000,0.000033,0.000049,0.000016,0.000000,0.000000,0.000000,0.000065,0.000033,0.000033,0.000016,0.000016,0.000016,0.000016,0.000033,0.000000,0.000000,0.000016,0.000016,0.000000,0.000033,0.000016,0.000033,0.000033,0.000000,0.000016,0.000065,0.000016,0.000000,0.000016,0.000000,0.000033,0.000033,0.000033,0.000000,0.000049,0.000016,0.000016
0.010000,0.002292,0.000000,0.000000,0.000000,0.000000,0.000000,0.000000,0.000000,0.000000,0.000000,0.000016,0.000016,0.000000,0.000016,0.000033,0.000016,0.000000,0.000016,0.000016,0.000000,0.000000,0.000000,0.000000,0.000016,0.000016,0.000016,0.000000,0.000000,0.000000,0.000033,0.000016,0.000000,0.000016,0.000016,0.000016,0.000000,0.000000,0.000000,0.000016,0.000000,0.000016,0.000000,0.000016,0.000033,0.000016,0.000000,0.000000,0.000000,0.000000,0.000033,0.000000,0.000000,0.000000,0.000016,0.000000,0.000000,0.000000,0.000016,0.000000,0.000000,0.000016,0.000000,0.000016,0.000016,0.000000,0.000000,0.000000,0.000000,0.000000,0.000049,0.000000,0.000000,0.000000,0.000000,0.000016,0.000000,0.000000,0.000000,0.000016,0.000000,0.000016,0.000000,0.000000,0.000016,0.000016,0.000000,0.000000,0.000000,0.000000,0.000000,0.000016,0.000000,0.000000,0.000000,0.000000,0.000000,0.000000,0.000016,0.000000,0.000016,0.000033,0.000016,0.000016,0.000000,0.000016,0.000000,0.000016,0.000000,0.000033,0.000000,0.000000,0.000033,0.000033,0.000016,0.000000,0.000000,0.000033,0.000000,0.000033,0.000000,0.000000,0.000033,0.000049,0.000016,0.000065,0.000000,0.000016,0.000033,0.000000,0.000033,0.000016,0.000016,0.000033,0.000000,0.000000,0.000049,0.000033,0.000016,0.000033,0.000033,0.000033,0.000016,0.000000,0.000016,0.000000,0.000000,0.000016,0.000016,0.000033,0.000016,0.000033,0.000049,0.000016,0.000000,0.000033,0.000000,0.000033,0.000000,0.000016,0.000000,0.000033,0.000000,0.000033,0.000016,0.000016,0.000000,0.000000,0.000016,0.000016,0.000000,0.000033,0.000000,0.000065,0.000065,0.000000,0.000049,0.000000,0.000065,0.000016,0.000000,0.000049,0.000033,0.000000,0.000000,0.000033,0.000000
0.011000,0.002259,0.000000,0.000000,0.000000,0.000016,0.000000,0.000049,0.000016,0.000000,0.000000,0.000016,0.000033,0.000000,0.000000,0.000000,0.000000,0.000016,0.000000,0.000000,0.000000,0.000000,0.000000,0.000000,0.000016,0.000000,0.000000,0.000000,0.000016,0.000033,0.000016,0.000049,0.000000,0.000000,0.000000,0.000033,0.000033,0.000016,0.000000,0.000000,0.000000,0.000016,0.000000,0.000016,0.000000,0.000000,0.000033,0.000000,0.000016,0.000000,0.000000,0.000033,0.000000,0.000000,0.000000,0.000000,0.000000,0.000000,0.000000,0.000000,0.000000,0.000000,0.000000,0.000000,0.000016,0.000016,0.000000,0.000000,0.000000,0.000000,0.000016,0.000000,0.000000,0.000000,0.000016,0.000016,0.000000,0.000016,0.000000,0.000000,0.000000,0.000016,0.000000,0.000000,0.000000,0.000000,0.000000,0.000000,0.000000,0.000000,0.000000,0.000000,0.000000,0.000000,0.000000,0.000000,0.000000,0.000000,0.000016,0.000000,0.000000,0.000016,0.000033,0.000016,0.000016,0.000049,0.000000,0.000000,0.000016,0.000000,0.000000,0.000000,0.000000,0.000000,0.000016,0.000033,0.000033,0.000016,0.000033,0.000033,0.000000,0.000000,0.000016,0.000000,0.000000,0.000016,0.000016,0.000049,0.000000,0.000016,0.000049,0.000033,0.000016,0.000033,0.000000,0.000016,0.000033,0.000016,0.000016,0.000000,0.000016,0.000016,0.000016,0.000000,0.000016,0.000033,0.000016,0.000049,0.000033,0.000016,0.000049,0.000049,0.000016,0.000033,0.000000,0.000016,0.000016,0.000016,0.000049,0.000000,0.000000,0.000000,0.000033,0.000016,0.000016,0.000016,0.000016,0.000016,0.000000,0.000016,0.000065,0.000033,0.000016,0.000065,0.000000,0.000016,0.000016,0.000016,0.000000,0.000033,0.000016,0.000033,0.000016,0.000033,0.000016,0.000016,0.000033
0.012000,0.001931,0.000000,0.000000,0.000000,0.000000,0.000000,0.000000,0.000000,0.000016,0.000000,0.000016,0.000016,0.000033,0.000000,0.000033,0.000000,0.000000,0.000016,0.000000,0.000000,0.000000,0.000000,0.000016,0.000000,0.000000,0.000016,0.000000,0.000000,0.000000,0.000000,0.000000,0.000000,0.000000,0.000016,0.000033,0.000000,0.000016,0.000000,0.000000,0.000016,0.000016,0.000000,0.000016,0.000016,0.000033,0.000000,0.000033,0.000000,0.000000,0.000016,0.000000,0.000016,0.000000,0.000000,0.000000,0.000016,0.000016,0.000000,0.000016,0.000000,0.000000,0.000000,0.000000,0.000000,0.000000,0.000000,0.000000,0.000016,0.000000,0.000000,0.000016,0.000000,0.000000,0.000000,0.000000,0.000000,0.000016,0.000000,0.000000,0.000000,0.000000,0.000000,0.000000,0.000000,0.000000,0.000000,0.000000,0.000000,0.000000,0.000000,0.000000,0.000016,0.000000,0.000000,0.000000,0.000000,0.000000,0.000033,0.000000,0.000000,0.000000,0.000000,0.000000,0.000000,0.000016,0.000016,0.000016,0.000000,0.000000,0.000000,0.000000,0.000016,0.000033,0.000033,0.000000,0.000016,0.000033,0.000033,0.000016,0.000033,0.000016,0.000000,0.000016,0.000033,0.000049,0.000033,0.000000,0.000016,0.000016,0.000000,0.000033,0.000000,0.000000,0.000000,0.000000,0.000000,0.000016,0.000016,0.000016,0.000000,0.000033,0.000000,0.000000,0.000033,0.000033,0.000016,0.000016,0.000033,0.000033,0.000016,0.000033,0.000000,0.000016,0.000000,0.000016,0.000082,0.000000,0.000016,0.000033,0.000033,0.000049,0.000016,0.000000,0.000000,0.000000,0.000016,0.000016,0.000000,0.000033,0.000000,0.000000,0.000000,0.000016,0.000033,0.000016,0.000000,0.000033,0.000033,0.000016,0.000016,0.000033,0.000049,0.000000,0.000000,0.000000,0.000049
0.013000,0.002472,0.000000,0.000000,0.000016,0.000000,0.000049,0.000016,0.000000,0.000016,0.000016,0.000000,0.000000,0.000000,0.000000,0.000016,0.000000,0.000049,0.000016,0.000016,0.000016,0.000016,0.000033,0.000000,0.000016,0.000000,0.000000,0.000000,0.000000,0.000000,0.000000,0.000000,0.000000,0.000016,0.000000,0.000000,0.000000,0.000016,0.000000,0.000016,0.000000,0.000000,0.000000,0.000000,0.000000,0.000000,0.000000,0.000033,0.000049,0.000016,0.000000,0.000000,0.000016,0.000000,0.000000,0.000000,0.000000,0.000000,0.000016,0.000016,0.000000,0.000016,0.000000,0.000000,0.000000,0.000000,0.000000,0.000000,0.000000,0.000000,0.000033,0.000000,0.000000,0.000000,0.000016,0.000016,0.000000,0.000033,0.000000,0.000000,0.000000,0.000016,0.000016,0.000000,0.000016,0.000000,0.000000,0.000000,0.000000,0.000000,0.000000,0.000000,0.000016,0.000000,0.000000,0.000000,0.000000,0.000000,0.000016,0.000000,0.000000,0.000000,0.000033,0.000000,0.000016,0.000016,0.000065,0.000000,0.000049,0.000016,0.000000,0.000033,0.000033,0.000000,0.000049,0.000033,0.000049,0.000000,0.000049,0.000016,0.000000,0.000000,0.000000,0.000049,0.000049,0.000016,0.000016,0.000016,0.000049,0.000016,0.000000,0.000016,0.000000,0.000033,0.000016,0.000049,0.000033,0.000016,0.000016,0.000033,0.000016,0.000033,0.000049,0.000016,0.000016,0.000016,0.000000,0.000033,0.000000,0.000033,0.000033,0.000016,0.000016,0.000049,0.000000,0.000000,0.000033,0.000016,0.000016,0.000033,0.000049,0.000016,0.000065,0.000033,0.000016,0.000000,0.000016,0.000033,0.000016,0.000000,0.000000,0.000033,0.000016,0.000016,0.000000,0.000000,0.000016,0.000000,0.000000,0.000065,0.000016,0.000016,0.000000,0.000016,0.000000,0.000000,0.000033
0.014000,0.002161,0.000000,0.000000,0.000000,0.000016,0.000016,0.000000,0.000000,0.000000,0.000000,0.000000,0.000033,0.000000,0.000000,0.000000,0.000000,0.000033,0.000016,0.000000,0.000000,0.000000,0.000000,0.000016,0.000000,0.000000,0.000000,0.000016,0.000000,0.000000,0.000016,0.000000,0.000016,0.000016,0.000000,0.000016,0.000000,0.000000,0.000049,0.000000,0.000033,0.000000,0.000000,0.000000,0.000016,0.000000,0.000000,0.000000,0.000033,0.000016,0.000000,0.000000,0.000000,0.000000,0.000000,0.000000,0.000000,0.000000,0.000000,0.000016,0.000000,0.000016,0.000016,0.000000,0.000016,0.000000,0.000000,0.000000,0.000000,0.000000,0.000033,0.000033,0.000000,0.000000,0.000000,0.000000,0.000000,0.000000,0.000000,0.000000,0.000000,0.000000,0.000000,0.000000,0.000000,0.000000,0.000000,0.000000,0.000000,0.000000,0.000000,0.000000,0.000033,0.000000,0.000000,0.000000,0.000000,0.000000,0.000016,0.000000,0.000000,0.000000,0.000016,0.000033,0.000000,0.000033,0.000016,0.000033,0.000000,0.000000,0.000000,0.000016,0.000000,0.000033,0.000000,0.000000,0.000016,0.000000,0.000000,0.000016,0.000016,0.000000,0.000000,0.000033,0.000016,0.000016,0.000016,0.000065,0.000000,0.000000,0.000000,0.000065,0.000000,0.000033,0.000033,0.000016,0.000049,0.000016,0.000049,0.000000,0.000016,0.000049,0.000000,0.000000,0.000016,0.000033,0.000065,0.000033,0.000000,0.000033,0.000000,0.000049,0.000049,0.000033,0.000000,0.000033,0.000033,0.000033,0.000016,0.000033,0.000016,0.000000,0.000000,0.000016,0.000016,0.000016,0.000033,0.000000,0.000033,0.000016,0.000033,0.000049,0.000000,0.000000,0.000049,0.000000,0.000000,0.000000,0.000049,0.000000,0.000000,0.000016,0.000033,0.000033,0.000016,0.000016,0.000016
0.015000,0.002324,0.000000,0.000000,0.000000,0.000033,0.000016,0.000000,0.000000,0.000016,0.000016,0.000033,0.000000,0.000033,0.000000,0.000000,0.000000,0.000016,0.000000,0.000016,0.000016,0.000000,0.000016,0.000000,0.000033,0.000000,0.000000,0.000000,0.000000,0.000016,0.000000,0.000016,0.000000,0.000000,0.000016,0.000033,0.000000,0.000000,0.000000,0.000000,0.000000,0.000016,0.000000,0.000000,0.000016,0.000016,0.000000,0.000000,0.000000,0.000016,0.000016,0.000000,0.000000,0.000016,0.000016,0.000000,0.000000,0.000000,0.000000,0.000016,0.000000,0.000000,0.000000,0.000000,0.000000,0.000000,0.000000,0.000000,0.000000,0.000000,0.000000,0.000000,0.000000,0.000000,0.000000,0.000000,0.000000,0.000016,0.000000,0.000000,0.000000,0.000000,0.000000,0.000000,0.000000,0.000000,0.000000,0.000000,0.000000,0.000000,0.000016,0.000000,0.000033,0.000000,0.000000,0.000000,0.000000,0.000000,0.000000,0.000000,0.000016,0.000033,0.000049,0.000000,0.000033,0.000033,0.000016,0.000000,0.000016,0.000033,0.000016,0.000016,0.000000,0.000000,0.000000,0.000016,0.000000,0.000000,0.000000,0.000049,0.000033,0.000000,0.000033,0.000016,0.000000,0.000049,0.000033,0.000016,0.000016,0.000033,0.000016,0.000016,0.000000,0.000033,0.000033,0.000016,0.000033,0.000049,0.000000,0.000016,0.000000,0.000065,0.000082,0.000000,0.000082,0.000000,0.000000,0.000016,0.000000,0.000000,0.000000,0.000016,0.000049,0.000000,0.000000,0.000000,0.000033,0.000049,0.000016,0.000098,0.000000,0.000033,0.000016,0.000016,0.000016,0.000000,0.000049,0.000033,0.000000,0.000016,0.000016,0.000033,0.000033,0.000016,0.000016,0.000000,0.000049,0.000033,0.000016,0.000000,0.000033,0.000033,0.000000,0.000000,0.000016,0.000016,0.000033
0.016000,0.002455,0.000000,0.000000,0.000000,0.000016,0.000016,0.000016,0.000016,0.000000,0.000065,0.000000,0.000033,0.000016,0.000000,0.000016,0.000033,0.000016,0.000000,0.000016,0.000000,0.000016,0.000000,0.000000,0.000000,0.000000,0.000033,0.000000,0.000000,0.000016,0.000000,0.000000,0.000016,0.000000,0.000016,0.000000,0.000016,0.000033,0.000016,0.000000,0.000016,0.000016,0.000000,0.000000,0.000016,0.000000,0.000000,0.000000,0.000000,0.000000,0.000000,0.000000,0.000016,0.000000,0.000000,0.000000,0.000000,0.000000,0.000000,0.000016,0.000016,0.000000,0.000000,0.000000,0.000000,0.000000,0.000000,0.000000,0.000000,0.000000,0.000000,0.000000,0.000016,0.000000,0.000000,0.000000,0.000000,0.000000,0.000000,0.000000,0.000000,0.000000,0.000000,0.000016,0.000000,0.000016,0.000000,0.000000,0.000000,0.000000,0.000000,0.000000,0.000065,0.000000,0.000000,0.000000,0.000000,0.000000,0.000000,0.000016,0.000016,0.000000,0.000000,0.000016,0.000016,0.000000,0.000016,0.000049,0.000000,0.000016,0.000000,0.000033,0.000000,0.000016,0.000016,0.000000,0.000016,0.000000,0.000049,0.000049,0.000016,0.000016,0.000033,0.000016,0.000033,0.000049,0.000000,0.000016,0.000016,0.000000,0.000033,0.000016,0.000000,0.000016,0.000016,0.000065,0.000000,0.000000,0.000049,0.000033,0.000049,0.000065,0.000049,0.000000,0.000000,0.000049,0.000000,0.000049,0.000000,0.000000,0.000033,0.000065,0.000016,0.000033,0.000016,0.000016,0.000065,0.000049,0.000065,0.000016,0.000016,0.000016,0.000016,0.000000,0.000000,0.000000,0.000016,0.000016,0.000016,0.000033,0.000033,0.000016,0.000033,0.000033,0.000033,0.000033,0.000000,0.000016,0.000033,0.000000,0.000033,0.000016,0.000000,0.000000,0.000000,0.000000,0.000016
0.017000,0.002619,0.000000,0.000000,0.000000,0.000033,0.000016,0.000000,0.000000,0.000033,0.000000,0.000016,0.000016,0.000016,0.000000,0.000000,0.000016,0.000000,0.000016,0.000000,0.000000,0.000000,0.000000,0.000033,0.000000,0.000000,0.000033,0.000000,0.000000,0.000000,0.000033,0.000033,0.000000,0.000000,0.000016,0.000016,0.000016,0.000000,0.000000,0.000000,0.000033,0.000000,0.000016,0.000016,0.000000,0.000000,0.000016,0.000000,0.000000,0.000016,0.000016,0.000016,0.000016,0.000016,0.000000,0.000000,0.000000,0.000000,0.000016,0.000000,0.000000,0.000000,0.000000,0.000016,0.000000,0.000000,0.000000,0.000000,0.000000,0.000000,0.000000,0.000000,0.000000,0.000000,0.000000,0.000000,0.000000,0.000000,0.000000,0.000000,0.000016,0.000000,0.000000,0.000000,0.000000,0.000000,0.000000,0.000000,0.000000,0.000000,0.000000,0.000000,0.000016,0.000000,0.000000,0.000000,0.000000,0.000000,0.000033,0.000000,0.000016,0.000016,0.000033,0.000033,0.000016,0.000000,0.000000,0.000016,0.000033,0.000016,0.000000,0.000000,0.000033,0.000016,0.000016,0.000033,0.000000,0.000000,0.000016,0.000049,0.000033,0.000000,0.000016,0.000049,0.000033,0.000033,0.000033,0.000033,0.000016,0.000033,0.000000,0.000033,0.000000,0.000049,0.000065,0.000049,0.000033,0.000049,0.000033,0.000033,0.000016,0.000000,0.000033,0.000000,0.000016,0.000033,0.000016,0.000016,0.000049,0.000049,0.000033,0.000049,0.000016,0.000016,0.000016,0.000033,0.000016,0.000082,0.000016,0.000065,0.000033,0.000033,0.000016,0.000033,0.000016,0.000000,0.000000,0.000033,0.000016,0.000000,0.000033,0.000016,0.000000,0.000033,0.000049,0.000000,0.000016,0.000000,0.000033,0.000000,0.000016,0.000016,0.000016,0.000016,0.000000,0.000033,0.000016
0.018000,0.002455,0.000000,0.000000,0.000000,0.000016,0.000033,0.000016,0.000000,0.000000,0.000000,0.000000,0.000000,0.000000,0.000016,0.000000,0.000016,0.000016,0.000000,0.000016,0.000016,0.000033,0.000016,0.000000,0.000000,0.000000,0.000000,0.000016,0.000016,0.000016,0.000000,0.000000,0.000033,0.000016,0.000000,0.000000,0.000000,0.000016,0.000000,0.000016,0.000000,0.000000,0.000000,0.000000,0.000000,0.000000,0.000000,0.000000,0.000000,0.000016,0.000000,0.000016,0.000000,0.000000,0.000016,0.000000,0.000016,0.000000,0.000000,0.000033,0.000000,0.000016,0.000000,0.000000,0.000000,0.000000,0.000000,0.000000,0.000000,0.000000,0.000033,0.000000,0.000000,0.000000,0.000000,0.000000,0.000000,0.000000,0.000000,0.000000,0.000000,0.000016,0.000000,0.000000,0.000000,0.000000,0.000000,0.000000,0.000000,0.000000,0.000000,0.000000,0.000033,0.000000,0.000000,0.000000,0.000000,0.000000,0.000000,0.000016,0.000033,0.000000,0.000016,0.000049,0.000033,0.000000,0.000065,0.000033,0.000033,0.000049,0.000000,0.000033,0.000000,0.000016,0.000016,0.000033,0.000016,0.000000,0.000033,0.000016,0.000000,0.000000,0.000016,0.000000,0.000000,0.000016,0.000016,0.000016,0.000016,0.000016,0.000000,0.000049,0.000000,0.000016,0.000000,0.000033,0.000033,0.000033,0.000033,0.000016,0.000016,0.000016,0.000033,0.000000,0.000016,0.000049,0.000033,0.000016,0.000033,0.000033,0.000049,0.000082,0.000000,0.000049,0.000000,0.000016,0.000033,0.000016,0.000000,0.000049,0.000000,0.000033,0.000000,0.000016,0.000049,0.000000,0.000016,0.000000,0.000049,0.000049,0.000016,0.000049,0.000016,0.000049,0.000049,0.000049,0.000000,0.000033,0.000033,0.000000,0.000016,0.000000,0.000033,0.000000,0.000016,0.000000,0.000016
0.019000,0.002210,0.000000,0.000000,0.000000,0.000000,0.000000,0.000049,0.000000,0.000016,0.000016,0.000033,0.000000,0.000000,0.000000,0.000000,0.000000,0.000000,0.000016,0.000000,0.000000,0.000033,0.000000,0.000033,0.000016,0.000016,0.000000,0.000000,0.000000,0.000016,0.000033,0.000000,0.000000,0.000000,0.000000,0.000016,0.000000,0.000000,0.000000,0.000000,0.000016,0.000000,0.000000,0.000016,0.000016,0.000000,0.000016,0.000000,0.000000,0.000000,0.000000,0.000016,0.000000,0.000000,0.000016,0.000016,0.000000,0.000000,0.000000,0.000000,0.000000,0.000000,0.000016,0.000000,0.000016,0.000000,0.000000,0.000000,0.000000,0.000016,0.000033,0.000016,0.000000,0.000016,0.000000,0.000000,0.000000,0.000000,0.000000,0.000000,0.000000,0.000000,0.000000,0.000000,0.000000,0.000000,0.000000,0.000000,0.000000,0.000000,0.000000,0.000000,0.000016,0.000000,0.000000,0.000000,0.000000,0.000000,0.000016,0.000033,0.000016,0.000000,0.000065,0.000033,0.000016,0.000033,0.000016,0.000000,0.000016,0.000033,0.000000,0.000016,0.000000,0.000016,0.000033,0.000016,0.000000,0.000016,0.000000,0.000000,0.000033,0.000000,0.000000,0.000033,0.000049,0.000016,0.000016,0.000049,0.000016,0.000000,0.000016,0.000033,0.000000,0.000000,0.000016,0.000033,0.000033,0.000016,0.000016,0.000016,0.000033,0.000000,0.000033,0.000000,0.000000,0.000000,0.000033,0.000033,0.000000,0.000016,0.000000,0.000000,0.000033,0.000016,0.000000,0.000049,0.000016,0.000033,0.000065,0.000016,0.000016,0.000016,0.000033,0.000000,0.000065,0.000000,0.000033,0.000016,0.000049,0.000016,0.000016,0.000000,0.000000,0.000016,0.000033,0.000016,0.000000,0.000016,0.000016,0.000033,0.000000,0.000016,0.000016,0.000016,0.000016,0.000016,0.000049
0.020000,0.002488,0.000000,0.000000,0.000000,0.000000,0.000000,0.000000,0.000000,0.000016,0.000016,0.000016,0.000000,0.000000,0.000000,0.000033,0.000016,0.000033,0.000000,0.000000,0.000000,0.000000,0.000000,0.000000,0.000000,0.000016,0.000000,0.000000,0.000000,0.000000,0.000016,0.000016,0.000016,0.000000,0.000033,0.000000,0.000033,0.000016,0.000016,0.000000,0.000000,0.000000,0.000016,0.000000,0.000000,0.000000,0.000000,0.000000,0.000016,0.000000,0.000000,0.000016,0.000016,0.000000,0.000016,0.000016,0.000000,0.000016,0.000000,0.000016,0.000000,0.000000,0.000000,0.000000,0.000016,0.000016,0.000000,0.000000,0.000016,0.000000,0.000000,0.000000,0.000000,0.000016,0.000000,0.000000,0.000000,0.000016,0.000016,0.000000,0.000000,0.000000,0.000000,0.000000,0.000000,0.000000,0.000000,0.000000,0.000000,0.000000,0.000000,0.000000,0.000033,0.000000,0.000000,0.000000,0.000000,0.000000,0.000000,0.000000,0.000016,0.000000,0.000016,0.000033,0.000016,0.000033,0.000016,0.000016,0.000016,0.000000,0.000000,0.000065,0.000000,0.000016,0.000000,0.000016,0.000033,0.000000,0.000000,0.000065,0.000033,0.000000,0.000033,0.000033,0.000000,0.000000,0.000000,0.000000,0.000033,0.000016,0.000016,0.000016,0.000000,0.000082,0.000000,0.000000,0.000033,0.000082,0.000016,0.000049,0.000049,0.000065,0.000049,0.000016,0.000033,0.000033,0.000033,0.000049,0.000049,0.000049,0.000033,0.000000,0.000049,0.000000,0.000000,0.000016,0.000016,0.000049,0.000016,0.000065,0.000016,0.000000,0.000016,0.000000,0.000000,0.000000,0.000016,0.000033,0.000033,0.000016,0.000016,0.000016,0.000049,0.000000,0.000016,0.000016,0.000033,0.000016,0.000033,0.000016,0.000016,0.000000,0.000016,0.000049,0.000016,0.000016,0.000000
0.021000,0.002439,0.000000,0.000000,0.000000,0.000033,0.000016,0.000033,0.000033,0.000000,0.000016,0.000033,0.000000,0.000000,0.000000,0.000000,0.000016,0.000000,0.000000,0.000000,0.000000,0.000000,0.000016,0.000016,0.000033,0.000000,0.000000,0.000000,0.000016,0.000000,0.000000,0.000016,0.000000,0.000000,0.000000,0.000016,0.000033,0.000016,0.000000,0.000000,0.000016,0.000016,0.000000,0.000016,0.000000,0.000000,0.000000,0.000016,0.000000,0.000000,0.000016,0.000000,0.000016,0.000016,0.000000,0.000000,0.000000,0.000000,0.000000,0.000049,0.000000,0.000000,0.000000,0.000000,0.000000,0.000000,0.000000,0.000000,0.000000,0.000016,0.000000,0.000000,0.000000,0.000000,0.000000,0.000000,0.000000,0.000000,0.000000,0.000000,0.000016,0.000016,0.000000,0.000000,0.000000,0.000000,0.000000,0.000000,0.000000,0.000000,0.000000,0.000000,0.000065,0.000000,0.000000,0.000000,0.000000,0.000000,0.000000,0.000000,0.000033,0.000033,0.000033,0.000000,0.000016,0.000000,0.000000,0.000016,0.000000,0.000016,0.000000,0.000033,0.000016,0.000000,0.000016,0.000016,0.000016,0.000033,0.000033,0.000016,0.000000,0.000000,0.000016,0.000033,0.000000,0.000000,0.000033,0.000000,0.000000,0.000033,0.000049,0.000115,0.000016,0.000016,0.000016,0.000016,0.000016,0.000033,0.000000,0.000016,0.000016,0.000000,0.000016,0.000000,0.000033,0.000049,0.000033,0.000049,0.000049,0.000098,0.000016,0.000082,0.000016,0.000033,0.000000,0.000000,0.000033,0.000016,0.000016,0.000000,0.000016,0.000000,0.000016,0.000033,0.000049,0.000000,0.000016,0.000016,0.000049,0.000049,0.000016,0.000016,0.000049,0.000000,0.000016,0.000000,0.000016,0.000000,0.000016,0.000033,0.000016,0.000016,0.000049,0.000016,0.000016,0.000000,0.000000
0.022000,0.002423,0.000000,0.000000,0.000000,0.000000,0.000000,0.000000,0.000033,0.000033,0.000000,0.000000,0.000000,0.000000,0.000000,0.000000,0.000033,0.000016,0.000000,0.000000,0.000016,0.000016,0.000016,0.000000,0.000000,0.000016,0.000000,0.000000,0.000000,0.000000,0.000000,0.000033,0.000000,0.000000,0.000016,0.000000,0.000000,0.000033,0.000000,0.000000,0.000000,0.000000,0.000000,0.000016,0.000000,0.000000,0.000000,0.000000,0.000016,0.000016,0.000000,0.000000,0.000016,0.000016,0.000000,0.000000,0.000033,0.000000,0.000000,0.000000,0.000000,0.000016,0.000000,0.000000,0.000000,0.000000,0.000000,0.000000,0.000000,0.000000,0.000000,0.000000,0.000000,0.000000,0.000000,0.000000,0.000016,0.000000,0.000016,0.000000,0.000000,0.000033,0.000000,0.000000,0.000000,0.000016,0.000000,0.000000,0.000000,0.000000,0.000000,0.000000,0.000000,0.000000,0.000000,0.000000,0.000000,0.000000,0.000000,0.000000,0.000000,0.000000,0.000000,0.000016,0.000065,0.000033,0.000016,0.000000,0.000049,0.000000,0.000000,0.000016,0.000016,0.000016,0.000000,0.000000,0.000000,0.000000,0.000000,0.000049,0.000016,0.000033,0.000049,0.000016,0.000016,0.000033,0.000000,0.000000,0.000033,0.000049,0.000033,0.000016,0.000016,0.000016,0.000033,0.000065,0.000033,0.000033,0.000049,0.000049,0.000000,0.000033,0.000065,0.000000,0.000016,0.000016,0.000016,0.000016,0.000049,0.000049,0.000033,0.000016,0.000000,0.000033,0.000000,0.000000,0.000049,0.000000,0.000016,0.000049,0.000000,0.000016,0.000033,0.000065,0.000033,0.000000,0.000033,0.000033,0.000049,0.000000,0.000033,0.000000,0.000033,0.000016,0.000033,0.000000,0.000000,0.000016,0.000016,0.000000,0.000049,0.000000,0.000033,0.000049,0.000016,0.000033,0.000033
0.023000,0.002504,0.000000,0.000000,0.000000,0.000033,0.000000,0.000000,0.000033,0.000033,0.000033,0.000016,0.000016,0.000016,0.000016,0.000000,0.000000,0.000033,0.000000,0.000000,0.000000,0.000000,0.000016,0.000000,0.000033,0.000033,0.000000,0.000000,0.000033,0.000016,0.000000,0.000000,0.000033,0.000033,0.000000,0.000000,0.000016,0.000033,0.000000,0.000000,0.000000,0.000016,0.000016,0.000016,0.000000,0.000000,0.000000,0.000000,0.000016,0.000049,0.000000,0.000000,0.000000,0.000016,0.000016,0.000000,0.000000,0.000000,0.000016,0.000016,0.000000,0.000016,0.000016,0.000000,0.000000,0.000000,0.000000,0.000000,0.000000,0.000000,0.000065,0.000000,0.000000,0.000000,0.000000,0.000000,0.000000,0.000000,0.000016,0.000000,0.000000,0.000016,0.000000,0.000000,0.000000,0.000000,0.000000,0.000000,0.000000,0.000000,0.000000,0.000000,0.000000,0.000000,0.000000,0.000000,0.000016,0.000000,0.000000,0.000000,0.000000,0.000065,0.000033,0.000000,0.000016,0.000049,0.000000,0.000016,0.000000,0.000000,0.000000,0.000016,0.000016,0.000000,0.000016,0.000033,0.000000,0.000049,0.000033,0.000000,0.000000,0.000000,0.000033,0.000000,0.000016,0.000016,0.000033,0.000016,0.000016,0.000082,0.000000,0.000016,0.000000,0.000033,0.000033,0.000016,0.000000,0.000065,0.000016,0.000033,0.000033,0.000016,0.000000,0.000000,0.000033,0.000000,0.000033,0.000016,0.000016,0.000049,0.000049,0.000000,0.000000,0.000033,0.000000,0.000033,0.000049,0.000000,0.000000,0.000016,0.000000,0.000000,0.000033,0.000016,0.000049,0.000000,0.000000,0.000000,0.000016,0.000016,0.000082,0.000016,0.000033,0.000016,0.000000,0.000033,0.000000,0.000049,0.000016,0.000016,0.000000,0.000016,0.000016,0.000049,0.000016,0.000033,0.000033
0.024000,0.002603,0.000000,0.000016,0.000033,0.000016,0.000000,0.000016,0.000000,0.000000,0.000000,0.000049,0.000033,0.000000,0.000016,0.000000,0.000016,0.000033,0.000016,0.000065,0.000016,0.000016,0.000000,0.000049,0.000000,0.000016,0.000000,0.000016,0.000000,0.000000,0.000000,0.000016,0.000000,0.000016,0.000016,0.000000,0.000016,0.000000,0.000000,0.000016,0.000016,0.000000,0.000000,0.000000,0.000033,0.000033,0.000000,0.000000,0.000000,0.000000,0.000000,0.000016,0.000000,0.000000,0.000000,0.000016,0.000000,0.000000,0.000016,0.000000,0.000000,0.000000,0.000000,0.000000,0.000000,0.000000,0.000000,0.000000,0.000016,0.000000,0.000016,0.000000,0.000000,0.000000,0.000000,0.000000,0.000000,0.000016,0.000000,0.000016,0.000000,0.000000,0.000049,0.000000,0.000016,0.000000,0.000000,0.000000,0.000000,0.000000,0.000000,0.000000,0.000065,0.000016,0.000000,0.000000,0.000000,0.000000,0.000033,0.000000,0.000033,0.000016,0.000016,0.000000,0.000000,0.000000,0.000033,0.000016,0.000049,0.000000,0.000000,0.000000,0.000000,0.000016,0.000000,0.000033,0.000049,0.000000,0.000000,0.000049,0.000000,0.000016,0.000000,0.000000,0.000049,0.000033,0.000016,0.000016,0.000033,0.000049,0.000016,0.000000,0.000016,0.000049,0.000000,0.000033,0.000000,0.000033,0.000016,0.000016,0.000033,0.000016,0.000016,0.000016,0.000016,0.000016,0.000033,0.000000,0.000033,0.000000,0.000049,0.000065,0.000033,0.000033,0.000000,0.000049,0.000016,0.000033,0.000000,0.000016,0.000033,0.000065,0.000000,0.000033,0.000000,0.000000,0.000016,0.000000,0.000000,0.000016,0.000016,0.000016,0.000000,0.000033,0.000049,0.000049,0.000000,0.000000,0.000016,0.000033,0.000000,0.000016,0.000000,0.000033,0.000033,0.000033,0.000049
0.025000,0.002717,0.000000,0.000000,0.000016,0.000033,0.000016,0.000016,0.000033,0.000000,0.000016,0.000000,0.000016,0.000016,0.000000,0.000000,0.000016,0.000000,0.000033,0.000000,0.000033,0.000000,0.000016,0.000000,0.000016,0.000016,0.000033,0.000000,0.000016,0.000000,0.000016,0.000016,0.000000,0.000033,0.000000,0.000016,0.000000,0.000016,0.000016,0.000016,0.000033,0.000000,0.000000,0.000000,0.000016,0.000033,0.000016,0.000016,0.000000,0.000000,0.000000,0.000000,0.000000,0.000000,0.000016,0.000000,0.000016,0.000033,0.000000,0.000000,0.000016,0.000000,0.000000,0.000000,0.000000,0.000000,0.000000,0.000000,0.000000,0.000016,0.000033,0.000000,0.000000,0.000000,0.000000,0.000000,0.000000,0.000000,0.000000,0.000000,0.000000,0.000033,0.000000,0.000016,0.000000,0.000000,0.000000,0.000016,0.000000,0.000000,0.000000,0.000000,0.000016,0.000000,0.000000,0.000000,0.000000,0.000000,0.000000,0.000000,0.000000,0.000000,0.000000,0.000000,0.000000,0.000016,0.000000,0.000016,0.000033,0.000000,0.000000,0.000016,0.000016,0.000033,0.000033,0.000000,0.000016,0.000000,0.000033,0.000033,0.000016,0.000000,0.000033,0.000033,0.000000,0.000065,0.000000,0.000016,0.000016,0.000033,0.000000,0.000065,0.000000,0.000033,0.000000,0.000033,0.000033,0.000065,0.000033,0.000000,0.000000,0.000000,0.000000,0.000016,0.000016,0.000016,0.000016,0.000049,0.000000,0.000033,0.000016,0.000000,0.000065,0.000016,0.000016,0.000049,0.000016,0.000033,0.000000,0.000033,0.000082,0.000016,0.000033,0.000049,0.000033,0.000000,0.000033,0.000065,0.000033,0.000016,0.000065,0.000016,0.000033,0.000016,0.000016,0.000065,0.000000,0.000000,0.000033,0.000033,0.000033,0.000016,0.000049,0.000016,0.000000,0.000033,0.000016
0.026000,0.002324,0.000000,0.000000,0.000000,0.000033,0.000016,0.000000,0.000016,0.000000,0.000000,0.000016,0.000000,0.000016,0.000000,0.000016,0.000016,0.000016,0.000016,0.000000,0.000000,0.000000,0.000000,0.000016,0.000000,0.000000,0.000016,0.000000,0.000000,0.000016,0.000016,0.000000,0.000000,0.000016,0.000000,0.000016,0.000000,0.000000,0.000016,0.000033,0.000016,0.000000,0.000000,0.000016,0.000016,0.000000,0.000016,0.000000,0.000016,0.000016,0.000000,0.000000,0.000000,0.000000,0.000000,0.000000,0.000000,0.000016,0.000016,0.000000,0.000000,0.000000,0.000016,0.000000,0.000016,0.000000,0.000000,0.000000,0.000033,0.000000,0.000000,0.000000,0.000016,0.000000,0.000000,0.000000,0.000000,0.000000,0.000016,0.000000,0.000016,0.000033,0.000000,0.000000,0.000000,0.000000,0.000000,0.000000,0.000000,0.000000,0.000000,0.000000,0.000000,0.000000,0.000000,0.000000,0.000000,0.000000,0.000000,0.000000,0.000049,0.000016,0.000033,0.000000,0.000033,0.000033,0.000016,0.000016,0.000000,0.000033,0.000016,0.000033,0.000016,0.000000,0.000049,0.000000,0.000033,0.000065,0.000033,0.000049,0.000016,0.000033,0.000033,0.000016,0.000033,0.000000,0.000016,0.000016,0.000016,0.000016,0.000000,0.000000,0.000000,0.000000,0.000000,0.000016,0.000016,0.000049,0.000016,0.000000,0.000000,0.000049,0.000016,0.000016,0.000033,0.000016,0.000033,0.000033,0.000000,0.000016,0.000016,0.000016,0.000016,0.000049,0.000000,0.000065,0.000000,0.000016,0.000016,0.000033,0.000033,0.000016,0.000049,0.000065,0.000016,0.000000,0.000000,0.000016,0.000016,0.000016,0.000016,0.000016,0.000016,0.000049,0.000000,0.000000,0.000033,0.000016,0.000016,0.000000,0.000016,0.000016,0.000000,0.000049,0.000000,0.000000,0.000000
0.027000,0.002275,0.000000,0.000016,0.000000,0.000000,0.000016,0.000016,0.000000,0.000033,0.000016,0.000016,0.000016,0.000000,0.000000,0.000000,0.000000,0.000000,0.000000,0.000000,0.000016,0.000000,0.000016,0.000016,0.000000,0.000000,0.000000,0.000000,0.000000,0.000016,0.000000,0.000000,0.000016,0.000000,0.000016,0.000000,0.000000,0.000000,0.000000,0.000000,0.000000,0.000033,0.000000,0.000033,0.000016,0.000033,0.000016,0.000016,0.000000,0.000033,0.000000,0.000016,0.000000,0.000000,0.000000,0.000000,0.000000,0.000000,0.000000,0.000000,0.000016,0.000000,0.000000,0.000000,0.000000,0.000000,0.000016,0.000016,0.000000,0.000000,0.000000,0.000016,0.000000,0.000016,0.000000,0.000000,0.000000,0.000000,0.000000,0.000000,0.000016,0.000016,0.000000,0.000000,0.000016,0.000000,0.000000,0.000000,0.000000,0.000000,0.000000,0.000000,0.000016,0.000000,0.000000,0.000000,0.000000,0.000000,0.000016,0.000000,0.000016,0.000033,0.000000,0.000000,0.000000,0.000000,0.000000,0.000033,0.000049,0.000000,0.000000,0.000033,0.000049,0.000000,0.000016,0.000016,0.000049,0.000000,0.000016,0.000033,0.000049,0.000016,0.000016,0.000016,0.000016,0.000049,0.000016,0.000016,0.000033,0.000016,0.000033,0.000016,0.000016,0.000049,0.000000,0.000000,0.000065,0.000016,0.000016,0.000049,0.000033,0.000016,0.000000,0.000016,0.000016,0.000082,0.000000,0.000016,0.000016,0.000016,0.000016,0.000033,0.000016,0.000016,0.000000,0.000000,0.000033,0.000016,0.000016,0.000016,0.000016,0.000000,0.000000,0.000000,0.000000,0.000000,0.000033,0.000033,0.000016,0.000000,0.000016,0.000065,0.000033,0.000000,0.000016,0.000033,0.000016,0.000049,0.000016,0.000033,0.000000,0.000000,0.000016,0.000000,0.000016,0.000033,0.000016
0.028000,0.002832,0.000000,0.000000,0.000016,0.000033,0.000016,0.000000,0.000033,0.000033,0.000016,0.000049,0.000000,0.000016,0.000016,0.000000,0.000000,0.000016,0.000000,0.000016,0.000000,0.000016,0.000016,0.000000,0.000000,0.000000,0.000016,0.000016,0.000016,0.000016,0.000033,0.000000,0.000000,0.000000,0.000000,0.000000,0.000016,0.000000,0.000000,0.000016,0.000000,0.000000,0.000000,0.000000,0.000016,0.000000,0.000000,0.000033,0.000016,0.000000,0.000016,0.000016,0.000000,0.000000,0.000000,0.000000,0.000000,0.000000,0.000000,0.000033,0.000000,0.000000,0.000016,0.000000,0.000016,0.000016,0.000000,0.000016,0.000000,0.000000,0.000000,0.000000,0.000000,0.000000,0.000016,0.000000,0.000000,0.000016,0.000033,0.000000,0.000000,0.000016,0.000000,0.000000,0.000000,0.000000,0.000000,0.000000,0.000000,0.000000,0.000000,0.000000,0.000016,0.000000,0.000000,0.000000,0.000000,0.000000,0.000065,0.000000,0.000016,0.000000,0.000000,0.000065,0.000016,0.000000,0.000000,0.000000,0.000033,0.000000,0.000000,0.000000,0.000033,0.000033,0.000016,0.000000,0.000033,0.000049,0.000000,0.000049,0.000016,0.000000,0.000082,0.000033,0.000049,0.000065,0.000033,0.000000,0.000033,0.000033,0.000000,0.000033,0.000000,0.000000,0.000016,0.000033,0.000098,0.000016,0.000016,0.000016,0.000065,0.000033,0.000049,0.000000,0.000016,0.000033,0.000016,0.000016,0.000016,0.000016,0.000016,0.000033,0.000000,0.000065,0.000033,0.000033,0.000016,0.000049,0.000033,0.000016,0.000016,0.000033,0.000016,0.000033,0.000033,0.000016,0.000033,0.000016,0.000016,0.000016,0.000000,0.000016,0.000033,0.000033,0.000065,0.000016,0.000000,0.000016,0.000000,0.000016,0.000016,0.000033,0.000000,0.000016,0.000000,0.000065,0.000016
0.029000,0.002504,0.000000,0.000000,0.000000,0.000000,0.000016,0.000033,0.000016,0.000016,0.000016,0.000016,0.000016,0.000016,0.000033,0.000000,0.000000,0.000016,0.000000,0.000000,0.000000,0.000000,0.000016,0.000000,0.000000,0.000000,0.000000,0.000000,0.000016,0.000016,0.000000,0.000016,0.000000,0.000000,0.000000,0.000000,0.000016,0.000000,0.000016,0.000016,0.000000,0.000000,0.000016,0.000049,0.000000,0.000000,0.000016,0.000000,0.000000,0.000000,0.000016,0.000016,0.000016,0.000000,0.000000,0.000000,0.000000,0.000000,0.000033,0.000000,0.000000,0.000016,0.000000,0.000000,0.000000,0.000016,0.000016,0.000000,0.000000,0.000016,0.000000,0.000000,0.000000,0.000000,0.000000,0.000000,0.000000,0.000000,0.000000,0.000000,0.000000,0.000016,0.000016,0.000000,0.000000,0.000000,0.000000,0.000000,0.000000,0.000016,0.000000,0.000000,0.000000,0.000000,0.000000,0.000000,0.000000,0.000000,0.000033,0.000000,0.000000,0.000000,0.000016,0.000000,0.000033,0.000000,0.000000,0.000033,0.000000,0.000000,0.000000,0.000033,0.000016,0.000016,0.000000,0.000000,0.000033,0.000016,0.000000,0.000016,0.000033,0.000000,0.000016,0.000033,0.000065,0.000016,0.000000,0.000049,0.000016,0.000033,0.000016,0.000082,0.000000,0.000016,0.000000,0.000049,0.000065,0.000000,0.000000,0.000049,0.000016,0.000016,0.000033,0.000000,0.000000,0.000016,0.000049,0.000016,0.000016,0.000049,0.000049,0.000000,0.000000,0.000033,0.000000,0.000016,0.000033,0.000000,0.000033,0.000033,0.000049,0.000033,0.000016,0.000033,0.000033,0.000016,0.000016,0.000000,0.000016,0.000049,0.000000,0.000033,0.000049,0.000016,0.000049,0.000033,0.000016,0.000065,0.000016,0.000016,0.000016,0.000000,0.000065,0.000016,0.000033,0.000016,0.000016
0.030000,0.002619,0.000000,0.000000,0.000000,0.000000,0.000016,0.000016,0.000000,0.000000,0.000000,0.000000,0.000016,0.000016,0.000016,0.000016,0.000033,0.000016,0.000000,0.000016,0.000000,0.000000,0.000000,0.000016,0.000000,0.000000,0.000000,0.000016,0.000016,0.000049,0.000000,0.000016,0.000000,0.000016,0.000016,0.000033,0.000016,0.000016,0.000000,0.000016,0.000000,0.000033,0.000016,0.000016,0.000000,0.000016,0.000000,0.000000,0.000000,0.000000,0.000000,0.000000,0.000000,0.000000,0.000033,0.000016,0.000000,0.000000,0.000016,0.000000,0.000000,0.000016,0.000000,0.000016,0.000000,0.000000,0.000000,0.000000,0.000000,0.000016,0.000016,0.000016,0.000000,0.000000,0.000000,0.000000,0.000000,0.000000,0.000016,0.000000,0.000000,0.000065,0.000000,0.000000,0.000000,0.000000,0.000000,0.000000,0.000000,0.000000,0.000000,0.000000,0.000000,0.000000,0.000000,0.000000,0.000000,0.000000,0.000016,0.000000,0.000016,0.000000,0.000033,0.000016,0.000000,0.000033,0.000016,0.000016,0.000016,0.000016,0.000016,0.000000,0.000000,0.000000,0.000016,0.000016,0.000000,0.000000,0.000016,0.000016,0.000016,0.000000,0.000016,0.000016,0.000033,0.000016,0.000016,0.000082,0.000049,0.000033,0.000000,0.000016,0.000016,0.000033,0.000016,0.000033,0.000033,0.000033,0.000098,0.000016,0.000033,0.000000,0.000049,0.000016,0.000033,0.000049,0.000033,0.000033,0.000000,0.000033,0.000000,0.000033,0.000016,0.000033,0.000016,0.000049,0.000016,0.000033,0.000065,0.000049,0.000000,0.000000,0.000033,0.000016,0.000049,0.000000,0.000000,0.000049,0.000033,0.000016,0.000033,0.000016,0.000000,0.000065,0.000033,0.000016,0.000000,0.000016,0.000000,0.000033,0.000016,0.000000,0.000000,0.000016,0.000016,0.000033,0.000000
0.031000,0.002177,0.000000,0.000000,0.000000,0.000000,0.000016,0.000000,0.000016,0.000033,0.000000,0.000016,0.000000,0.000016,0.000016,0.000016,0.000016,0.000000,0.000016,0.000033,0.000000,0.000000,0.000000,0.000000,0.000016,0.000000,0.000000,0.000016,0.000000,0.000000,0.000016,0.000000,0.000000,0.000016,0.000000,0.000016,0.000049,0.000016,0.000000,0.000000,0.000000,0.000016,0.000016,0.000016,0.000016,0.000000,0.000000,0.000000,0.000000,0.000000,0.000000,0.000016,0.000033,0.000000,0.000000,0.000000,0.000000,0.000016,0.000000,0.000000,0.000000,0.000016,0.000000,0.000000,0.000016,0.000000,0.000000,0.000016,0.000000,0.000000,0.000033,0.000000,0.000000,0.000000,0.000000,0.000000,0.000000,0.000000,0.000000,0.000000,0.000000,0.000000,0.000000,0.000000,0.000000,0.000000,0.000000,0.000000,0.000000,0.000000,0.000000,0.000000,0.000033,0.000000,0.000000,0.000000,0.000000,0.000000,0.000033,0.000000,0.000016,0.000016,0.000016,0.000000,0.000016,0.000049,0.000033,0.000049,0.000033,0.000000,0.000000,0.000033,0.000033,0.000000,0.000000,0.000016,0.000033,0.000033,0.000016,0.000000,0.000016,0.000000,0.000049,0.000000,0.000033,0.000016,0.000000,0.000000,0.000000,0.000033,0.000016,0.000000,0.000000,0.000016,0.000033,0.000016,0.000000,0.000000,0.000065,0.000033,0.000033,0.000033,0.000016,0.000000,0.000033,0.000016,0.000049,0.000016,0.000000,0.000016,0.000016,0.000016,0.000033,0.000033,0.000000,0.000016,0.000016,0.000049,0.000033,0.000016,0.000000,0.000016,0.000033,0.000049,0.000000,0.000000,0.000000,0.000000,0.000000,0.000016,0.000065,0.000016,0.000049,0.000033,0.000016,0.000000,0.000000,0.000016,0.000016,0.000016,0.000000,0.000000,0.000000,0.000000,0.000000,0.000033,0.000016
0.032000,0.002717,0.000000,0.000016,0.000000,0.000016,0.000033,0.000016,0.000016,0.000000,0.000065,0.000016,0.000000,0.000000,0.000049,0.000000,0.000000,0.000000,0.000000,0.000000,0.000000,0.000016,0.000000,0.000000,0.000000,0.000049,0.000000,0.000000,0.000016,0.000016,0.000000,0.000000,0.000016,0.000000,0.000000,0.000000,0.000016,0.000000,0.000016,0.000016,0.000000,0.000049,0.000000,0.000000,0.000033,0.000000,0.000000,0.000016,0.000016,0.000016,0.000016,0.000000,0.000016,0.000000,0.000000,0.000016,0.000000,0.000000,0.000000,0.000000,0.000000,0.000000,0.000000,0.000016,0.000016,0.000000,0.000000,0.000000,0.000000,0.000000,0.000000,0.000000,0.000000,0.000000,0.000000,0.000000,0.000000,0.000000,0.000000,0.000000,0.000000,0.000016,0.000000,0.000000,0.000000,0.000000,0.000000,0.000016,0.000000,0.000000,0.000000,0.000000,0.000016,0.000000,0.000000,0.000000,0.000000,0.000000,0.000033,0.000000,0.000033,0.000033,0.000033,0.000016,0.000033,0.000016,0.000049,0.000016,0.000016,0.000016,0.000000,0.000049,0.000016,0.000049,0.000049,0.000000,0.000000,0.000000,0.000016,0.000000,0.000000,0.000000,0.000000,0.000016,0.000016,0.000016,0.000065,0.000033,0.000000,0.000049,0.000033,0.000049,0.000016,0.000000,0.000000,0.000033,0.000033,0.000033,0.000000,0.000016,0.000016,0.000016,0.000000,0.000000,0.000000,0.000033,0.000016,0.000049,0.000049,0.000016,0.000033,0.000000,0.000065,0.000016,0.000000,0.000016,0.000033,0.000049,0.000000,0.000016,0.000033,0.000115,0.000033,0.000082,0.000033,0.000000,0.000016,0.000000,0.000033,0.000016,0.000033,0.000016,0.000049,0.000033,0.000033,0.000016,0.000000,0.000049,0.000000,0.000016,0.000000,0.000065,0.000016,0.000000,0.000033,0.000000,0.000033
0.033000,0.002570,0.000000,0.000016,0.000049,0.000000,0.000016,0.000016,0.000000,0.000033,0.000016,0.000016,0.000033,0.000000,0.000000,0.000016,0.000000,0.000033,0.000000,0.000016,0.000000,0.000000,0.000000,0.000016,0.000016,0.000000,0.000000,0.000016,0.000000,0.000000,0.000000,0.000000,0.000016,0.000000,0.000000,0.000000,0.000016,0.000016,0.000016,0.000049,0.000000,0.000065,0.000000,0.000033,0.000016,0.000016,0.000000,0.000000,0.000016,0.000033,0.000016,0.000016,0.000000,0.000000,0.000000,0.000000,0.000000,0.000016,0.000000,0.000016,0.000000,0.000016,0.000000,0.000000,0.000000,0.000016,0.000000,0.000000,0.000000,0.000000,0.000016,0.000016,0.000000,0.000000,0.000000,0.000000,0.000000,0.000000,0.000000,0.000000,0.000000,0.000000,0.000000,0.000000,0.000000,0.000000,0.000000,0.000000,0.000000,0.000000,0.000000,0.000000,0.000033,0.000000,0.000000,0.000000,0.000000,0.000000,0.000000,0.000000,0.000000,0.000000,0.000033,0.000000,0.000016,0.000049,0.000033,0.000000,0.000000,0.000033,0.000000,0.000016,0.000000,0.000000,0.000016,0.000016,0.000016,0.000016,0.000016,0.000000,0.000016,0.000016,0.000049,0.000033,0.000016,0.000000,0.000016,0.000033,0.000033,0.000016,0.000000,0.000016,0.000000,0.000016,0.000016,0.000016,0.000016,0.000000,0.000000,0.000033,0.000033,0.000049,0.000000,0.000000,0.000000,0.000033,0.000033,0.000065,0.000016,0.000033,0.000049,0.000016,0.000065,0.000016,0.000000,0.000033,0.000016,0.000000,0.000065,0.000033,0.000033,0.000033,0.000016,0.000033,0.000049,0.000000,0.000065,0.000000,0.000049,0.000016,0.000016,0.000000,0.000065,0.000000,0.000000,0.000016,0.000049,0.000016,0.000016,0.000016,0.000049,0.000000,0.000000,0.000016,0.000033,0.000033,0.000016
0.034000,0.003077,0.000000,0.000000,0.000000,0.000000,0.000016,0.000065,0.000016,0.000000,0.000000,0.000000,0.000000,0.000016,0.000000,0.000016,0.000000,0.000016,0.000016,0.000000,0.000000,0.000000,0.000016,0.000016,0.000000,0.000016,0.000049,0.000033,0.000000,0.000000,0.000000,0.000016,0.000000,0.000016,0.000000,0.000000,0.000016,0.000016,0.000049,0.000016,0.000016,0.000016,0.000000,0.000000,0.000033,0.000016,0.000016,0.000000,0.000016,0.000000,0.000000,0.000000,0.000000,0.000016,0.000000,0.000000,0.000000,0.000000,0.000000,0.000016,0.000000,0.000016,0.000000,0.000000,0.000000,0.000000,0.000000,0.000000,0.000000,0.000000,0.000016,0.000000,0.000000,0.000000,0.000000,0.000000,0.000000,0.000000,0.000000,0.000033,0.000000,0.000016,0.000000,0.000000,0.000000,0.000000,0.000000,0.000000,0.000000,0.000000,0.000000,0.000000,0.000049,0.000000,0.000000,0.000000,0.000000,0.000000,0.000049,0.000000,0.000016,0.000049,0.000016,0.000016,0.000016,0.000033,0.000016,0.000049,0.000049,0.000016,0.000000,0.000033,0.000049,0.000000,0.000033,0.000016,0.000033,0.000000,0.000033,0.000033,0.000000,0.000033,0.000033,0.000000,0.000000,0.000065,0.000049,0.000049,0.000033,0.000049,0.000033,0.000065,0.000016,0.000033,0.000033,0.000082,0.000033,0.000000,0.000000,0.000016,0.000016,0.000033,0.000065,0.000000,0.000000,0.000000,0.000065,0.000049,0.000033,0.000000,0.000016,0.000016,0.000016,0.000016,0.000000,0.000082,0.000016,0.000065,0.000000,0.000016,0.000016,0.000033,0.000065,0.000033,0.000049,0.000000,0.000033,0.000049,0.000033,0.000033,0.000065,0.000033,0.000033,0.000016,0.000016,0.000000,0.000016,0.000016,0.000000,0.000049,0.000000,0.000016,0.000033,0.000016,0.000000,0.000000,0.000033
0.035000,0.002783,0.000016,0.000000,0.000000,0.000016,0.000016,0.000016,0.000000,0.000000,0.000016,0.000000,0.000033,0.000000,0.000000,0.000000,0.000016,0.000033,0.000000,0.000000,0.000033,0.000016,0.000000,0.000000,0.000016,0.000033,0.000049,0.000016,0.000000,0.000000,0.000033,0.000000,0.000000,0.000000,0.000000,0.000000,0.000016,0.000000,0.000000,0.000016,0.000016,0.000000,0.000016,0.000000,0.000000,0.000033,0.000000,0.000000,0.000016,0.000000,0.000000,0.000000,0.000000,0.000000,0.000000,0.000016,0.000000,0.000000,0.000000,0.000016,0.000000,0.000000,0.000000,0.000000,0.000000,0.000000,0.000000,0.000000,0.000000,0.000000,0.000016,0.000016,0.000016,0.000000,0.000000,0.000000,0.000016,0.000000,0.000000,0.000000,0.000000,0.000000,0.000000,0.000016,0.000000,0.000000,0.000000,0.000000,0.000016,0.000000,0.000000,0.000000,0.000016,0.000000,0.000000,0.000000,0.000000,0.000000,0.000000,0.000000,0.000049,0.000049,0.000033,0.000033,0.000016,0.000049,0.000033,0.000016,0.000033,0.000033,0.000000,0.000000,0.000000,0.000033,0.000016,0.000000,0.000000,0.000016,0.000000,0.000033,0.000016,0.000016,0.000000,0.000016,0.000000,0.000000,0.000000,0.000016,0.000016,0.000000,0.000016,0.000033,0.000000,0.000065,0.000049,0.000033,0.000016,0.000082,0.000049,0.000000,0.000033,0.000033,0.000000,0.000000,0.000049,0.000016,0.000115,0.000033,0.000016,0.000016,0.000033,0.000033,0.000033,0.000049,0.000016,0.000065,0.000049,0.000016,0.000016,0.000016,0.000016,0.000016,0.000049,0.000065,0.000016,0.000000,0.000033,0.000049,0.000016,0.000049,0.000033,0.000016,0.000065,0.000049,0.000000,0.000033,0.000000,0.000033,0.000000,0.000000,0.000000,0.000000,0.000033,0.000016,0.000049,0.000000,0.000016
0.036000,0.002504,0.000000,0.000000,0.000000,0.000016,0.000016,0.000033,0.000016,0.000000,0.000016,0.000033,0.000033,0.000016,0.000033,0.000000,0.000000,0.000000,0.000016,0.000016,0.000000,0.000000,0.000000,0.000000,0.000000,0.000000,0.000016,0.000000,0.000000,0.000000,0.000016,0.000016,0.000000,0.000000,0.000049,0.000000,0.000016,0.000000,0.000000,0.000016,0.000016,0.000033,0.000000,0.000000,0.000000,0.000000,0.000000,0.000016,0.000000,0.000000,0.000000,0.000033,0.000000,0.000016,0.000000,0.000000,0.000016,0.000000,0.000000,0.000016,0.000016,0.000000,0.000000,0.000000,0.000000,0.000000,0.000000,0.000000,0.000000,0.000000,0.000016,0.000000,0.000000,0.000000,0.000016,0.000000,0.000016,0.000000,0.000000,0.000000,0.000000,0.000033,0.000000,0.000000,0.000000,0.000000,0.000000,0.000000,0.000000,0.000000,0.000000,0.000000,0.000016,0.000000,0.000000,0.000000,0.000000,0.000000,0.000049,0.000000,0.000016,0.000016,0.000033,0.000033,0.000000,0.000033,0.000016,0.000000,0.000000,0.000033,0.000000,0.000082,0.000000,0.000016,0.000082,0.000065,0.000016,0.000033,0.000033,0.000016,0.000000,0.000000,0.000016,0.000000,0.000000,0.000016,0.000000,0.000016,0.000033,0.000016,0.000049,0.000016,0.000016,0.000016,0.000033,0.000000,0.000000,0.000016,0.000016,0.000000,0.000082,0.000016,0.000016,0.000000,0.000016,0.000016,0.000033,0.000033,0.000000,0.000000,0.000033,0.000033,0.000016,0.000016,0.000000,0.000033,0.000016,0.000000,0.000033,0.000033,0.000065,0.000049,0.000033,0.000033,0.000016,0.000000,0.000000,0.000049,0.000016,0.000000,0.000000,0.000016,0.000016,0.000033,0.000033,0.000033,0.000000,0.000016,0.000016,0.000033,0.000033,0.000016,0.000016,0.000033,0.000016,0.000016,0.000016
0.037000,0.002668,0.000000,0.000000,0.000000,0.000000,0.000000,0.000016,0.000016,0.000049,0.000033,0.000016,0.000000,0.000000,0.000016,0.000049,0.000016,0.000000,0.000016,0.000000,0.000000,0.000016,0.000016,0.000016,0.000000,0.000000,0.000016,0.000016,0.000016,0.000016,0.000000,0.000000,0.000065,0.000000,0.000000,0.000016,0.000033,0.000016,0.000000,0.000000,0.000065,0.000033,0.000016,0.000016,0.000016,0.000033,0.000000,0.000016,0.000016,0.000016,0.000000,0.000000,0.000000,0.000000,0.000000,0.000000,0.000016,0.000000,0.000000,0.000016,0.000000,0.000000,0.000000,0.000016,0.000000,0.000000,0.000000,0.000000,0.000000,0.000000,0.000049,0.000000,0.000000,0.000000,0.000000,0.000000,0.000000,0.000000,0.000016,0.000000,0.000000,0.000016,0.000000,0.000000,0.000016,0.000000,0.000000,0.000000,0.000000,0.000000,0.000000,0.000000,0.000000,0.000000,0.000000,0.000000,0.000000,0.000000,0.000000,0.000000,0.000000,0.000016,0.000049,0.000000,0.000016,0.000000,0.000000,0.000000,0.000033,0.000000,0.000000,0.000016,0.000016,0.000000,0.000000,0.000033,0.000000,0.000000,0.000000,0.000016,0.000000,0.000000,0.000033,0.000033,0.000016,0.000000,0.000000,0.000049,0.000000,0.000016,0.000033,0.000000,0.000016,0.000016,0.000049,0.000016,0.000033,0.000033,0.000049,0.000000,0.000000,0.000016,0.000016,0.000000,0.000049,0.000049,0.000065,0.000049,0.000016,0.000016,0.000016,0.000115,0.000016,0.000033,0.000000,0.000033,0.000065,0.000016,0.000065,0.000000,0.000016,0.000049,0.000082,0.000049,0.000000,0.000016,0.000065,0.000016,0.000016,0.000016,0.000000,0.000016,0.000016,0.000049,0.000016,0.000033,0.000000,0.000016,0.000000,0.000016,0.000000,0.000033,0.000000,0.000016,0.000033,0.000000,0.000016
0.038000,0.002603,0.000000,0.000000,0.000000,0.000033,0.000033,0.000033,0.000016,0.000000,0.000033,0.000016,0.000000,0.000000,0.000065,0.000016,0.000000,0.000000,0.000016,0.000000,0.000000,0.000000,0.000016,0.000016,0.000000,0.000016,0.000000,0.000016,0.000016,0.000016,0.000016,0.000016,0.000000,0.000033,0.000000,0.000000,0.000016,0.000000,0.000000,0.000000,0.000016,0.000000,0.000016,0.000000,0.000000,0.000016,0.000000,0.000016,0.000000,0.000000,0.000016,0.000000,0.000016,0.000016,0.000016,0.000016,0.000000,0.000000,0.000016,0.000016,0.000033,0.000016,0.000016,0.000000,0.000000,0.000016,0.000000,0.000000,0.000000,0.000000,0.000000,0.000000,0.000000,0.000000,0.000000,0.000000,0.000000,0.000000,0.000016,0.000000,0.000000,0.000000,0.000000,0.000000,0.000000,0.000000,0.000000,0.000000,0.000000,0.000000,0.000000,0.000000,0.000000,0.000000,0.000000,0.000000,0.000000,0.000000,0.000000,0.000000,0.000016,0.000016,0.000000,0.000000,0.000000,0.000016,0.000049,0.000016,0.000016,0.000000,0.000000,0.000016,0.000049,0.000000,0.000000,0.000016,0.000000,0.000016,0.000033,0.000016,0.000016,0.000000,0.000016,0.000016,0.000016,0.000016,0.000016,0.000033,0.000033,0.000033,0.000065,0.000000,0.000000,0.000033,0.000016,0.000082,0.000033,0.000016,0.000033,0.000000,0.000000,0.000065,0.000049,0.000033,0.000000,0.000033,0.000033,0.000000,0.000000,0.000000,0.000033,0.000016,0.000033,0.000033,0.000000,0.000016,0.000016,0.000065,0.000033,0.000016,0.000033,0.000033,0.000033,0.000033,0.000016,0.000000,0.000033,0.000049,0.000049,0.000065,0.000016,0.000016,0.000049,0.000000,0.000016,0.000000,0.000000,0.000033,0.000000,0.000000,0.000049,0.000000,0.000016,0.000016,0.000033,0.000049,0.000016
0.039000,0.002537,0.000000,0.000000,0.000016,0.000016,0.000033,0.000016,0.000016,0.000000,0.000033,0.000033,0.000000,0.000016,0.000000,0.000000,0.000016,0.000000,0.000000,0.000000,0.000033,0.000000,0.000016,0.000000,0.000016,0.000000,0.000033,0.000000,0.000000,0.000000,0.000000,0.000016,0.000000,0.000000,0.000016,0.000033,0.000033,0.000016,0.000016,0.000000,0.000000,0.000016,0.000000,0.000016,0.000000,0.000000,0.000000,0.000016,0.000000,0.000000,0.000000,0.000000,0.000016,0.000000,0.000016,0.000000,0.000016,0.000033,0.000016,0.000016,0.000016,0.000000,0.000016,0.000000,0.000000,0.000000,0.000000,0.000000,0.000000,0.000000,0.000000,0.000000,0.000000,0.000000,0.000000,0.000000,0.000000,0.000000,0.000000,0.000000,0.000000,0.000016,0.000000,0.000000,0.000000,0.000000,0.000000,0.000000,0.000000,0.000000,0.000000,0.000000,0.000000,0.000000,0.000000,0.000000,0.000000,0.000000,0.000000,0.000000,0.000000,0.000016,0.000000,0.000000,0.000016,0.000000,0.000033,0.000016,0.000033,0.000016,0.000000,0.000000,0.000016,0.000000,0.000016,0.000049,0.000049,0.000033,0.000016,0.000016,0.000000,0.000000,0.000049,0.000000,0.000016,0.000016,0.000000,0.000033,0.000065,0.000016,0.000033,0.000016,0.000000,0.000082,0.000049,0.000000,0.000033,0.000033,0.000000,0.000016,0.000016,0.000049,0.000000,0.000016,0.000033,0.000016,0.000049,0.000049,0.000033,0.000016,0.000049,0.000033,0.000016,0.000000,0.000000,0.000016,0.000033,0.000000,0.000033,0.000000,0.000049,0.000082,0.000000,0.000033,0.000033,0.000016,0.000016,0.000033,0.000082,0.000000,0.000000,0.000033,0.000016,0.000016,0.000016,0.000033,0.000000,0.000000,0.000016,0.000065,0.000033,0.000000,0.000000,0.000016,0.000033,0.000000,0.000033
0.040000,0.002864,0.000000,0.000000,0.000000,0.000000,0.000016,0.000000,0.000016,0.000000,0.000000,0.000016,0.000016,0.000016,0.000000,0.000000,0.000033,0.000016,0.000016,0.000016,0.000049,0.000000,0.000000,0.000000,0.000000,0.000033,0.000065,0.000033,0.000033,0.000016,0.000016,0.000016,0.000000,0.000000,0.000000,0.000000,0.000000,0.000000,0.000016,0.000000,0.000016,0.000000,0.000033,0.000000,0.000016,0.000000,0.000000,0.000000,0.000016,0.000000,0.000000,0.000065,0.000033,0.000016,0.000000,0.000000,0.000000,0.000000,0.000016,0.000033,0.000033,0.000000,0.000016,0.000000,0.000000,0.000016,0.000016,0.000000,0.000000,0.000000,0.000016,0.000016,0.000000,0.000000,0.000000,0.000000,0.000000,0.000000,0.000016,0.000000,0.000000,0.000000,0.000000,0.000000,0.000000,0.000000,0.000000,0.000000,0.000000,0.000000,0.000016,0.000000,0.000033,0.000000,0.000000,0.000000,0.000000,0.000000,0.000016,0.000016,0.000033,0.000016,0.000016,0.000033,0.000016,0.000049,0.000049,0.000033,0.000000,0.000016,0.000000,0.000016,0.000000,0.000000,0.000033,0.000000,0.000049,0.000033,0.000000,0.000033,0.000033,0.000000,0.000033,0.000098,0.000016,0.000016,0.000000,0.000016,0.000000,0.000000,0.000033,0.000016,0.000000,0.000033,0.000016,0.000016,0.000033,0.000033,0.000065,0.000000,0.000033,0.000033,0.000049,0.000000,0.000016,0.000033,0.000000,0.000000,0.000016,0.000016,0.000000,0.000016,0.000016,0.000016,0.000033,0.000033,0.000016,0.000000,0.000016,0.000033,0.000033,0.000065,0.000082,0.000082,0.000033,0.000000,0.000082,0.000016,0.000033,0.000000,0.000016,0.000016,0.000000,0.000016,0.000049,0.000016,0.000016,0.000016,0.000033,0.000000,0.000016,0.000016,0.000016,0.000016,0.000000,0.000033,0.000000
0.041000,0.002537,0.000000,0.000000,0.000016,0.000016,0.000016,0.000049,0.000000,0.000016,0.000000,0.000000,0.000000,0.000016,0.000016,0.000000,0.000049,0.000000,0.000000,0.000000,0.000000,0.000000,0.000016,0.000000,0.000000,0.000016,0.000000,0.000000,0.000000,0.000000,0.000000,0.000000,0.000016,0.000000,0.000000,0.000000,0.000000,0.000000,0.000000,0.000000,0.000000,0.000033,0.000016,0.000000,0.000000,0.000000,0.000033,0.000000,0.000016,0.000000,0.000000,0.000000,0.000000,0.000033,0.000000,0.000000,0.000016,0.000000,0.000000,0.000016,0.000000,0.000033,0.000000,0.000000,0.000000,0.000000,0.000000,0.000000,0.000016,0.000000,0.000016,0.000000,0.000000,0.000000,0.000000,0.000000,0.000000,0.000016,0.000000,0.000000,0.000000,0.000033,0.000000,0.000000,0.000000,0.000000,0.000000,0.000000,0.000000,0.000000,0.000000,0.000000,0.000033,0.000000,0.000000,0.000000,0.000000,0.000000,0.000033,0.000000,0.000016,0.000016,0.000016,0.000033,0.000065,0.000016,0.000000,0.000000,0.000016,0.000016,0.000000,0.000016,0.000016,0.000033,0.000016,0.000016,0.000000,0.000016,0.000033,0.000000,0.000016,0.000000,0.000000,0.000016,0.000016,0.000016,0.000016,0.000033,0.000065,0.000033,0.000016,0.000016,0.000000,0.000016,0.000033,0.000016,0.000033,0.000033,0.000049,0.000016,0.000016,0.000049,0.000016,0.000000,0.000016,0.000016,0.000033,0.000065,0.000000,0.000033,0.000000,0.000065,0.000065,0.000016,0.000000,0.000033,0.000049,0.000065,0.000016,0.000049,0.000065,0.000033,0.000033,0.000033,0.000000,0.000000,0.000016,0.000049,0.000033,0.000016,0.000000,0.000016,0.000049,0.000033,0.000016,0.000016,0.000000,0.000000,0.000000,0.000033,0.000000,0.000016,0.000033,0.000000,0.000000,0.000033,0.000033
0.042000,0.002390,0.000000,0.000000,0.000016,0.000016,0.000000,0.000016,0.000000,0.000016,0.000000,0.000016,0.000033,0.000000,0.000033,0.000000,0.000000,0.000016,0.000000,0.000016,0.000016,0.000000,0.000000,0.000000,0.000000,0.000000,0.000016,0.000000,0.000000,0.000000,0.000000,0.000016,0.000016,0.000033,0.000000,0.000033,0.000000,0.000000,0.000000,0.000000,0.000016,0.000000,0.000033,0.000000,0.000000,0.000049,0.000000,0.000016,0.000000,0.000000,0.000000,0.000016,0.000000,0.000000,0.000000,0.000000,0.000000,0.000016,0.000000,0.000000,0.000000,0.000000,0.000000,0.000000,0.000000,0.000000,0.000000,0.000000,0.000000,0.000000,0.000000,0.000000,0.000000,0.000000,0.000000,0.000000,0.000000,0.000000,0.000000,0.000000,0.000000,0.000033,0.000000,0.000000,0.000000,0.000000,0.000000,0.000000,0.000000,0.000000,0.000000,0.000000,0.000016,0.000000,0.000000,0.000000,0.000000,0.000000,0.000049,0.000000,0.000016,0.000016,0.000049,0.000016,0.000016,0.000065,0.000016,0.000049,0.000016,0.000000,0.000016,0.000000,0.000000,0.000049,0.000033,0.000000,0.000049,0.000000,0.000000,0.000033,0.000000,0.000000,0.000033,0.000016,0.000049,0.000033,0.000000,0.000016,0.000033,0.000049,0.000016,0.000049,0.000016,0.000033,0.000016,0.000033,0.000016,0.000082,0.000000,0.000000,0.000000,0.000082,0.000000,0.000000,0.000000,0.000049,0.000033,0.000082,0.000016,0.000016,0.000016,0.000016,0.000033,0.000033,0.000000,0.000016,0.000016,0.000000,0.000049,0.000000,0.000065,0.000016,0.000000,0.000000,0.000033,0.000000,0.000016,0.000033,0.000000,0.000016,0.000016,0.000016,0.000016,0.000016,0.000016,0.000016,0.000016,0.000033,0.000000,0.000000,0.000016,0.000016,0.000000,0.000016,0.000000,0.000033,0.000033
0.043000,0.002357,0.000000,0.000000,0.000033,0.000000,0.000049,0.000000,0.000016,0.000000,0.000000,0.000016,0.000000,0.000049,0.000000,0.000000,0.000000,0.000016,0.000016,0.000000,0.000016,0.000000,0.000000,0.000016,0.000000,0.000016,0.000000,0.000000,0.000033,0.000000,0.000000,0.000000,0.000000,0.000000,0.000016,0.000000,0.000000,0.000033,0.000016,0.000016,0.000000,0.000000,0.000016,0.000016,0.000000,0.000000,0.000000,0.000016,0.000016,0.000000,0.000000,0.000000,0.000000,0.000000,0.000000,0.000000,0.000000,0.000016,0.000016,0.000033,0.000016,0.000000,0.000000,0.000000,0.000000,0.000016,0.000000,0.000016,0.000000,0.000000,0.000000,0.000000,0.000000,0.000000,0.000000,0.000000,0.000016,0.000000,0.000000,0.000000,0.000000,0.000000,0.000000,0.000000,0.000000,0.000000,0.000000,0.000000,0.000000,0.000000,0.000000,0.000000,0.000000,0.000000,0.000000,0.000000,0.000000,0.000000,0.000000,0.000000,0.000016,0.000016,0.000049,0.000033,0.000000,0.000000,0.000049,0.000000,0.000049,0.000033,0.000000,0.000016,0.000033,0.000065,0.000016,0.000016,0.000016,0.000033,0.000033,0.000000,0.000000,0.000000,0.000065,0.000049,0.000000,0.000033,0.000016,0.000033,0.000033,0.000016,0.000000,0.000000,0.000000,0.000000,0.000033,0.000016,0.000016,0.000082,0.000065,0.000016,0.000016,0.000033,0.000000,0.000016,0.000016,0.000033,0.000049,0.000016,0.000033,0.000016,0.000033,0.000033,0.000000,0.000000,0.000016,0.000016,0.000016,0.000016,0.000049,0.000033,0.000000,0.000000,0.000000,0.000016,0.000016,0.000000,0.000033,0.000016,0.000000,0.000000,0.000000,0.000016,0.000033,0.000016,0.000049,0.000016,0.000000,0.000016,0.000000,0.000000,0.000065,0.000033,0.000016,0.000000,0.000049,0.000016,0.000000
0.044000,0.002815,0.000016,0.000000,0.000000,0.000000,0.000000,0.000016,0.000016,0.000016,0.000049,0.000033,0.000033,0.000016,0.000000,0.000016,0.000016,0.000033,0.000033,0.000000,0.000016,0.000016,0.000016,0.000000,0.000000,0.000000,0.000016,0.000016,0.000000,0.000016,0.000000,0.000016,0.000000,0.000000,0.000000,0.000016,0.000000,0.000016,0.000033,0.000000,0.000000,0.000000,0.000000,0.000000,0.000016,0.000000,0.000016,0.000016,0.000000,0.000000,0.000000,0.000016,0.000000,0.000000,0.000000,0.000000,0.000000,0.000000,0.000000,0.000016,0.000000,0.000000,0.000000,0.000016,0.000033,0.000000,0.000000,0.000000,0.000000,0.000000,0.000000,0.000000,0.000000,0.000000,0.000000,0.000000,0.000000,0.000000,0.000000,0.000000,0.000000,0.000049,0.000000,0.000000,0.000000,0.000000,0.000000,0.000000,0.000000,0.000016,0.000000,0.000000,0.000000,0.000000,0.000000,0.000000,0.000000,0.000000,0.000016,0.000000,0.000000,0.000016,0.000033,0.000016,0.000000,0.000049,0.000016,0.000000,0.000000,0.000033,0.000000,0.000016,0.000016,0.000049,0.000033,0.000033,0.000016,0.000016,0.000000,0.000049,0.000000,0.000016,0.000033,0.000016,0.000016,0.000016,0.000082,0.000000,0.000033,0.000000,0.000000,0.000033,0.000000,0.000000,0.000049,0.000016,0.000016,0.000033,0.000016,0.000033,0.000033,0.000049,0.000049,0.000000,0.000082,0.000016,0.000033,0.000033,0.000016,0.000033,0.000016,0.000049,0.000000,0.000033,0.000000,0.000098,0.000049,0.000049,0.000000,0.000000,0.000016,0.000033,0.000016,0.000049,0.000016,0.000000,0.000033,0.000033,0.000033,0.000065,0.000000,0.000049,0.000049,0.000016,0.000033,0.000016,0.000000,0.000033,0.000016,0.000000,0.000033,0.000033,0.000065,0.000000,0.000000,0.000016,0.000033
0.045000,0.002717,0.000000,0.000000,0.000000,0.000033,0.000016,0.000016,0.000000,0.000033,0.000000,0.000000,0.000049,0.000033,0.000000,0.000016,0.000016,0.000000,0.000049,0.000016,0.000049,0.000000,0.000016,0.000000,0.000000,0.000000,0.000000,0.000000,0.000000,0.000000,0.000000,0.000000,0.000000,0.000033,0.000016,0.000000,0.000000,0.000016,0.000016,0.000033,0.000000,0.000000,0.000000,0.000016,0.000016,0.000016,0.000000,0.000033,0.000016,0.000000,0.000033,0.000016,0.000000,0.000000,0.000000,0.000000,0.000000,0.000016,0.000000,0.000000,0.000000,0.000016,0.000000,0.000000,0.000000,0.000000,0.000016,0.000000,0.000000,0.000000,0.000000,0.000000,0.000000,0.000000,0.000000,0.000000,0.000000,0.000000,0.000000,0.000000,0.000000,0.000000,0.000000,0.000000,0.000000,0.000000,0.000000,0.000000,0.000000,0.000000,0.000000,0.000000,0.000016,0.000000,0.000000,0.000000,0.000000,0.000000,0.000000,0.000000,0.000000,0.000016,0.000000,0.000082,0.000033,0.000049,0.000016,0.000016,0.000000,0.000016,0.000016,0.000016,0.000033,0.000016,0.000016,0.000016,0.000016,0.000016,0.000000,0.000016,0.000016,0.000016,0.000016,0.000000,0.000049,0.000049,0.000016,0.000016,0.000033,0.000033,0.000049,0.000065,0.000000,0.000065,0.000065,0.000049,0.000033,0.000016,0.000000,0.000049,0.000033,0.000000,0.000049,0.000000,0.000016,0.000049,0.000033,0.000033,0.000033,0.000000,0.000033,0.000049,0.000033,0.000000,0.000000,0.000065,0.000082,0.000049,0.000033,0.000016,0.000049,0.000033,0.000016,0.000016,0.000000,0.000000,0.000033,0.000049,0.000000,0.000016,0.000000,0.000016,0.000000,0.000016,0.000000,0.000000,0.000000,0.000016,0.000000,0.000033,0.000033,0.000033,0.000000,0.000016,0.000016,0.000016,0.000000
0.046000,0.002897,0.000000,0.000000,0.000016,0.000033,0.000000,0.000000,0.000000,0.000016,0.000033,0.000033,0.000000,0.000033,0.000000,0.000000,0.000065,0.000016,0.000016,0.000016,0.000000,0.000000,0.000000,0.000016,0.000000,0.000000,0.000000,0.000000,0.000016,0.000016,0.000000,0.000000,0.000016,0.000000,0.000016,0.000000,0.000000,0.000000,0.000033,0.000016,0.000000,0.000000,0.000016,0.000000,0.000000,0.000000,0.000000,0.000000,0.000016,0.000016,0.000000,0.000000,0.000033,0.000000,0.000000,0.000016,0.000033,0.000016,0.000000,0.000000,0.000033,0.000000,0.000000,0.000016,0.000000,0.000016,0.000000,0.000000,0.000000,0.000000,0.000000,0.000000,0.000000,0.000000,0.000000,0.000000,0.000000,0.000000,0.000000,0.000000,0.000016,0.000033,0.000000,0.000000,0.000000,0.000000,0.000000,0.000000,0.000000,0.000000,0.000000,0.000000,0.000049,0.000000,0.000000,0.000000,0.000000,0.000000,0.000016,0.000000,0.000016,0.000000,0.000000,0.000016,0.000000,0.000049,0.000016,0.000033,0.000000,0.000016,0.000000,0.000016,0.000000,0.000033,0.000016,0.000033,0.000000,0.000033,0.000033,0.000033,0.000000,0.000000,0.000049,0.000049,0.000016,0.000016,0.000000,0.000033,0.000016,0.000065,0.000016,0.000016,0.000000,0.000033,0.000033,0.000049,0.000033,0.000000,0.000016,0.000016,0.000000,0.000033,0.000065,0.000033,0.000033,0.000033,0.000016,0.000049,0.000033,0.000000,0.000098,0.000016,0.000033,0.000000,0.000000,0.000098,0.000000,0.000033,0.000049,0.000033,0.000033,0.000049,0.000098,0.000016,0.000033,0.000000,0.000065,0.000000,0.000049,0.000049,0.000049,0.000000,0.000016,0.000016,0.000016,0.000000,0.000000,0.000000,0.000049,0.000016,0.000033,0.000033,0.000000,0.000016,0.000033,0.000016,0.000016
0.047000,0.002635,0.000000,0.000000,0.000016,0.000000,0.000016,0.000000,0.000033,0.000016,0.000000,0.000000,0.000016,0.000049,0.000033,0.000016,0.000000,0.000000,0.000016,0.000033,0.000000,0.000000,0.000000,0.000049,0.000033,0.000000,0.000000,0.000000,0.000000,0.000000,0.000033,0.000000,0.000000,0.000000,0.000000,0.000016,0.000016,0.000016,0.000016,0.000000,0.000016,0.000016,0.000016,0.000000,0.000033,0.000000,0.000000,0.000000,0.000000,0.000000,0.000016,0.000000,0.000000,0.000000,0.000000,0.000000,0.000000,0.000000,0.000016,0.000033,0.000000,0.000016,0.000000,0.000000,0.000000,0.000000,0.000000,0.000000,0.000000,0.000000,0.000016,0.000000,0.000000,0.000000,0.000000,0.000000,0.000000,0.000000,0.000000,0.000000,0.000000,0.000016,0.000000,0.000000,0.000000,0.000000,0.000000,0.000000,0.000000,0.000000,0.000000,0.000000,0.000033,0.000000,0.000000,0.000000,0.000000,0.000000,0.000033,0.000000,0.000000,0.000049,0.000016,0.000016,0.000000,0.000000,0.000000,0.000016,0.000033,0.000033,0.000000,0.000016,0.000016,0.000033,0.000016,0.000016,0.000033,0.000016,0.000065,0.000033,0.000000,0.000000,0.000000,0.000016,0.000016,0.000033,0.000049,0.000033,0.000000,0.000016,0.000016,0.000016,0.000033,0.000049,0.000049,0.000000,0.000016,0.000065,0.000016,0.000000,0.000016,0.000033,0.000065,0.000000,0.000000,0.000000,0.000016,0.000033,0.000033,0.000033,0.000016,0.000049,0.000016,0.000049,0.000016,0.000065,0.000000,0.000049,0.000033,0.000065,0.000033,0.000000,0.000016,0.000000,0.000016,0.000000,0.000000,0.000033,0.000049,0.000000,0.000033,0.000000,0.000082,0.000049,0.000016,0.000049,0.000000,0.000000,0.000033,0.000000,0.000049,0.000000,0.000000,0.000016,0.000000,0.000016,0.000033
0.048000,0.002521,0.000000,0.000000,0.000000,0.000000,0.000000,0.000000,0.000000,0.000000,0.000016,0.000016,0.000033,0.000016,0.000000,0.000000,0.000000,0.000000,0.000016,0.000000,0.000000,0.000000,0.000000,0.000000,0.000000,0.000000,0.000000,0.000000,0.000000,0.000000,0.000033,0.000016,0.000016,0.000000,0.000016,0.000000,0.000000,0.000016,0.000000,0.000000,0.000000,0.000016,0.000000,0.000033,0.000000,0.000033,0.000000,0.000016,0.000016,0.000000,0.000000,0.000016,0.000016,0.000000,0.000000,0.000000,0.000016,0.000000,0.000000,0.000000,0.000000,0.000000,0.000000,0.000000,0.000000,0.000000,0.000016,0.000000,0.000000,0.000000,0.000000,0.000000,0.000000,0.000000,0.000000,0.000000,0.000000,0.000016,0.000000,0.000000,0.000000,0.000033,0.000000,0.000000,0.000000,0.000000,0.000000,0.000000,0.000000,0.000000,0.000000,0.000000,0.000016,0.000000,0.000000,0.000000,0.000000,0.000000,0.000033,0.000000,0.000000,0.000033,0.000000,0.000065,0.000049,0.000033,0.000033,0.000000,0.000016,0.000016,0.000000,0.000016,0.000049,0.000016,0.000016,0.000000,0.000033,0.000000,0.000016,0.000065,0.000000,0.000016,0.000016,0.000033,0.000049,0.000065,0.000065,0.000016,0.000016,0.000016,0.000082,0.000000,0.000000,0.000098,0.000000,0.000033,0.000000,0.000000,0.000033,0.000016,0.000016,0.000049,0.000049,0.000000,0.000016,0.000065,0.000033,0.000033,0.000000,0.000033,0.000016,0.000049,0.000000,0.000033,0.000000,0.000016,0.000033,0.000049,0.000016,0.000016,0.000016,0.000049,0.000016,0.000033,0.000049,0.000016,0.000049,0.000033,0.000016,0.000033,0.000016,0.000016,0.000016,0.000016,0.000000,0.000016,0.000000,0.000000,0.000033,0.000000,0.000000,0.000016,0.000000,0.000016,0.000016,0.000000,0.000033
0.049000,0.002308,0.000000,0.000000,0.000016,0.000000,0.000000,0.000000,0.000000,0.000016,0.000000,0.000000,0.000033,0.000000,0.000000,0.000000,0.000033,0.000049,0.000000,0.000000,0.000000,0.000000,0.000000,0.000000,0.000016,0.000000,0.000000,0.000000,0.000000,0.000000,0.000000,0.000000,0.000000,0.000000,0.000000,0.000016,0.000016,0.000016,0.000000,0.000000,0.000000,0.000049,0.000033,0.000016,0.000000,0.000000,0.000016,0.000000,0.000016,0.000000,0.000000,0.000000,0.000000,0.000000,0.000000,0.000000,0.000000,0.000016,0.000016,0.000000,0.000000,0.000000,0.000000,0.000016,0.000000,0.000000,0.000000,0.000000,0.000000,0.000000,0.000000,0.000000,0.000000,0.000000,0.000000,0.000000,0.000000,0.000000,0.000000,0.000016,0.000000,0.000000,0.000000,0.000000,0.000000,0.000000,0.000000,0.000000,0.000000,0.000000,0.000000,0.000000,0.000016,0.000000,0.000000,0.000000,0.000000,0.000000,0.000016,0.000000,0.000033,0.000016,0.000000,0.000016,0.000033,0.000065,0.000082,0.000033,0.000000,0.000033,0.000000,0.000000,0.000016,0.000033,0.000033,0.000016,0.000016,0.000065,0.000033,0.000000,0.000016,0.000000,0.000065,0.000000,0.000033,0.000033,0.000016,0.000000,0.000033,0.000016,0.000033,0.000033,0.000000,0.000065,0.000016,0.000033,0.000016,0.000000,0.000000,0.000000,0.000016,0.000033,0.000016,0.000000,0.000065,0.000016,0.000000,0.000016,0.000049,0.000000,0.000000,0.000016,0.000000,0.000049,0.000000,0.000082,0.000033,0.000033,0.000000,0.000000,0.000033,0.000016,0.000033,0.000049,0.000016,0.000000,0.000016,0.000000,0.000033,0.000000,0.000033,0.000016,0.000000,0.000033,0.000033,0.000016,0.000000,0.000082,0.000000,0.000016,0.000016,0.000016,0.000016,0.000016,0.000016,0.000000,0.000000
0.050000,0.003175,0.000000,0.000000,0.000000,0.000000,0.000082,0.000000,0.000016,0.000000,0.000016,0.000000,0.000033,0.000016,0.000033,0.000000,0.000000,0.000000,0.000016,0.000016,0.000016,0.000033,0.000000,0.000016,0.000000,0.000000,0.000000,0.000016,0.000000,0.000000,0.000016,0.000033,0.000000,0.000016,0.000000,0.000016,0.000000,0.000016,0.000033,0.000033,0.000016,0.000016,0.000016,0.000016,0.000016,0.000000,0.000049,0.000000,0.000049,0.000000,0.000000,0.000016,0.000000,0.000000,0.000016,0.000000,0.000000,0.000016,0.000016,0.000000,0.000000,0.000016,0.000000,0.000000,0.000000,0.000016,0.000000,0.000000,0.000000,0.000000,0.000033,0.000000,0.000000,0.000000,0.000016,0.000000,0.000000,0.000016,0.000000,0.000000,0.000000,0.000016,0.000000,0.000016,0.000000,0.000000,0.000000,0.000000,0.000000,0.000000,0.000000,0.000000,0.000016,0.000000,0.000000,0.000000,0.000000,0.000000,0.000049,0.000000,0.000033,0.000000,0.000033,0.000000,0.000016,0.000000,0.000016,0.000000,0.000033,0.000000,0.000000,0.000000,0.000000,0.000033,0.000033,0.000000,0.000033,0.000000,0.000049,0.000000,0.000049,0.000016,0.000033,0.000049,0.000049,0.000065,0.000033,0.000033,0.000033,0.000016,0.000033,0.000016,0.000000,0.000016,0.000000,0.000000,0.000049,0.000082,0.000016,0.000016,0.000065,0.000033,0.000016,0.000016,0.000065,0.000033,0.000065,0.000049,0.000016,0.000033,0.000049,0.000016,0.000033,0.000033,0.000000,0.000016,0.000000,0.000049,0.000049,0.000033,0.000033,0.000033,0.000000,0.000033,0.000016,0.000000,0.000000,0.000115,0.000000,0.000065,0.000033,0.000016,0.000000,0.000000,0.000016,0.000115,0.000016,0.000049,0.000033,0.000016,0.000016,0.000016,0.000016,0.000000,0.000016,0.000033,0.000016
0.051000,0.002930,0.000000,0.000000,0.000033,0.000016,0.000033,0.000000,0.000016,0.000033,0.000049,0.000016,0.000000,0.000000,0.000000,0.000000,0.000016,0.000016,0.000000,0.000016,0.000000,0.000000,0.000016,0.000016,0.000000,0.000000,0.000000,0.000000,0.000049,0.000000,0.000000,0.000000,0.000000,0.000033,0.000000,0.000033,0.000016,0.000000,0.000000,0.000000,0.000000,0.000016,0.000000,0.000033,0.000000,0.000000,0.000016,0.000016,0.000000,0.000000,0.000000,0.000016,0.000000,0.000016,0.000016,0.000016,0.000000,0.000033,0.000000,0.000000,0.000000,0.000000,0.000000,0.000000,0.000000,0.000000,0.000000,0.000000,0.000000,0.000000,0.000016,0.000000,0.000000,0.000033,0.000016,0.000016,0.000000,0.000000,0.000016,0.000000,0.000000,0.000016,0.000000,0.000000,0.000000,0.000016,0.000000,0.000000,0.000000,0.000000,0.000000,0.000000,0.000016,0.000000,0.000000,0.000000,0.000000,0.000000,0.000016,0.000000,0.000016,0.000016,0.000000,0.000033,0.000033,0.000033,0.000033,0.000016,0.000033,0.000033,0.000000,0.000000,0.000016,0.000016,0.000016,0.000000,0.000033,0.000000,0.000065,0.000033,0.000033,0.000000,0.000033,0.000016,0.000049,0.000033,0.000016,0.000000,0.000049,0.000000,0.000033,0.000000,0.000000,0.000000,0.000033,0.000049,0.000033,0.000033,0.000033,0.000000,0.000000,0.000049,0.000016,0.000016,0.000033,0.000000,0.000033,0.000033,0.000016,0.000082,0.000049,0.000033,0.000016,0.000065,0.000016,0.000016,0.000016,0.000082,0.000033,0.000016,0.000082,0.000065,0.000016,0.000000,0.000016,0.000033,0.000033,0.000033,0.000082,0.000016,0.000016,0.000000,0.000000,0.000033,0.000016,0.000016,0.000000,0.000016,0.000016,0.000049,0.000033,0.000033,0.000016,0.000016,0.000016,0.000016,0.000016
0.052000,0.002881,0.000000,0.000000,0.000000,0.000000,0.000000,0.000000,0.000033,0.000016,0.000016,0.000016,0.000016,0.000000,0.000016,0.000000,0.000000,0.000000,0.000033,0.000016,0.000033,0.000016,0.000000,0.000016,0.000016,0.000016,0.000016,0.000000,0.000000,0.000016,0.000016,0.000033,0.000000,0.000000,0.000033,0.000000,0.000000,0.000016,0.000000,0.000016,0.000033,0.000033,0.000016,0.000016,0.000033,0.000000,0.000000,0.000000,0.000000,0.000000,0.000000,0.000049,0.000000,0.000033,0.000000,0.000000,0.000000,0.000000,0.000000,0.000000,0.000000,0.000016,0.000033,0.000000,0.000000,0.000000,0.000016,0.000016,0.000016,0.000000,0.000033,0.000000,0.000016,0.000000,0.000000,0.000000,0.000000,0.000000,0.000000,0.000000,0.000000,0.000000,0.000000,0.000000,0.000000,0.000000,0.000000,0.000000,0.000000,0.000000,0.000000,0.000000,0.000033,0.000000,0.000000,0.000000,0.000000,0.000000,0.000016,0.000000,0.000016,0.000033,0.000016,0.000033,0.000049,0.000033,0.000016,0.000033,0.000016,0.000016,0.000000,0.000016,0.000000,0.000016,0.000033,0.000000,0.000016,0.000033,0.000033,0.000033,0.000033,0.000000,0.000016,0.000000,0.000000,0.000016,0.000000,0.000033,0.000049,0.000016,0.000000,0.000049,0.000016,0.000049,0.000000,0.000049,0.000033,0.000016,0.000049,0.000033,0.000000,0.000016,0.000000,0.000000,0.000016,0.000033,0.000016,0.000016,0.000065,0.000049,0.000016,0.000033,0.000000,0.000016,0.000000,0.000016,0.000033,0.000033,0.000049,0.000033,0.000049,0.000033,0.000065,0.000049,0.000033,0.000000,0.000016,0.000033,0.000016,0.000033,0.000016,0.000016,0.000049,0.000033,0.000033,0.000000,0.000016,0.000000,0.000049,0.000033,0.000016,0.000049,0.000000,0.000049,0.000000,0.000033,0.000000
0.053000,0.002799,0.000000,0.000000,0.000000,0.000000,0.000049,0.000000,0.000098,0.000000,0.000000,0.000000,0.000000,0.000033,0.000000,0.000016,0.000016,0.000016,0.000000,0.000016,0.000000,0.000016,0.000000,0.000033,0.000000,0.000000,0.000000,0.000016,0.000016,0.000016,0.000016,0.000016,0.000000,0.000016,0.000082,0.000016,0.000033,0.000016,0.000016,0.000016,0.000000,0.000000,0.000016,0.000000,0.000000,0.000000,0.000000,0.000000,0.000000,0.000016,0.000000,0.000000,0.000000,0.000000,0.000000,0.000000,0.000000,0.000000,0.000000,0.000033,0.000000,0.000000,0.000000,0.000000,0.000000,0.000000,0.000000,0.000000,0.000000,0.000000,0.000000,0.000000,0.000016,0.000000,0.000000,0.000000,0.000000,0.000016,0.000000,0.000016,0.000016,0.000049,0.000000,0.000000,0.000000,0.000000,0.000000,0.000000,0.000000,0.000000,0.000000,0.000000,0.000000,0.000000,0.000000,0.000000,0.000000,0.000000,0.000049,0.000000,0.000016,0.000033,0.000016,0.000065,0.000033,0.000033,0.000000,0.000000,0.000016,0.000000,0.000000,0.000049,0.000000,0.000016,0.000016,0.000000,0.000016,0.000033,0.000016,0.000049,0.000000,0.000000,0.000033,0.000033,0.000000,0.000049,0.000033,0.000016,0.000000,0.000000,0.000000,0.000016,0.000016,0.000098,0.000065,0.000016,0.000049,0.000033,0.000000,0.000016,0.000000,0.000016,0.000016,0.000000,0.000065,0.000016,0.000033,0.000000,0.000016,0.000049,0.000016,0.000000,0.000016,0.000033,0.000000,0.000049,0.000065,0.000016,0.000049,0.000033,0.000016,0.000016,0.000065,0.000016,0.000016,0.000000,0.000016,0.000033,0.000033,0.000016,0.000033,0.000033,0.000016,0.000033,0.000049,0.000000,0.000016,0.000033,0.000033,0.000000,0.000000,0.000033,0.000065,0.000016,0.000000,0.000016,0.000016
0.054000,0.002586,0.000000,0.000000,0.000016,0.000000,0.000033,0.000000,0.000000,0.000016,0.000016,0.000016,0.000016,0.000000,0.000033,0.000000,0.000033,0.000033,0.000016,0.000000,0.000000,0.000000,0.000016,0.000016,0.000000,0.000000,0.000000,0.000000,0.000016,0.000000,0.000000,0.000000,0.000016,0.000000,0.000000,0.000000,0.000016,0.000016,0.000000,0.000000,0.000000,0.000000,0.000000,0.000033,0.000016,0.000000,0.000016,0.000016,0.000016,0.000016,0.000000,0.000016,0.000000,0.000000,0.000000,0.000000,0.000000,0.000000,0.000033,0.000016,0.000000,0.000000,0.000000,0.000000,0.000000,0.000016,0.000000,0.000000,0.000000,0.000000,0.000000,0.000000,0.000000,0.000000,0.000000,0.000000,0.000016,0.000000,0.000000,0.000000,0.000000,0.000000,0.000000,0.000000,0.000000,0.000000,0.000000,0.000000,0.000000,0.000000,0.000000,0.000000,0.000065,0.000000,0.000000,0.000000,0.000000,0.000000,0.000000,0.000000,0.000016,0.000033,0.000000,0.000000,0.000049,0.000033,0.000016,0.000033,0.000016,0.000000,0.000000,0.000016,0.000033,0.000049,0.000000,0.000016,0.000033,0.000000,0.000065,0.000033,0.000082,0.000016,0.000000,0.000016,0.000065,0.000000,0.000033,0.000049,0.000049,0.000049,0.000000,0.000000,0.000016,0.000016,0.000016,0.000000,0.000049,0.000065,0.000033,0.000033,0.000098,0.000000,0.000016,0.000000,0.000016,0.000016,0.000000,0.000016,0.000049,0.000049,0.000000,0.000049,0.000016,0.000049,0.000000,0.000016,0.000000,0.000000,0.000016,0.000016,0.000000,0.000033,0.000016,0.000049,0.000000,0.000000,0.000000,0.000049,0.000000,0.000049,0.000000,0.000016,0.000016,0.000016,0.000016,0.000016,0.000016,0.000000,0.000016,0.000033,0.000033,0.000033,0.000016,0.000016,0.000016,0.000049,0.000016
0.055000,0.002914,0.000000,0.000000,0.000000,0.000000,0.000033,0.000000,0.000000,0.000000,0.000016,0.000000,0.000000,0.000033,0.000049,0.000000,0.000000,0.000000,0.000000,0.000016,0.000016,0.000000,0.000016,0.000016,0.000000,0.000000,0.000016,0.000000,0.000016,0.000000,0.000000,0.000000,0.000016,0.000000,0.000000,0.000000,0.000000,0.000033,0.000016,0.000016,0.000000,0.000000,0.000016,0.000016,0.000000,0.000000,0.000016,0.000016,0.000033,0.000033,0.000000,0.000016,0.000000,0.000016,0.000000,0.000000,0.000000,0.000000,0.000000,0.000033,0.000000,0.000000,0.000016,0.000000,0.000016,0.000000,0.000000,0.000016,0.000000,0.000000,0.000016,0.000000,0.000000,0.000000,0.000000,0.000000,0.000016,0.000016,0.000000,0.000000,0.000016,0.000000,0.000000,0.000000,0.000000,0.000000,0.000000,0.000000,0.000000,0.000000,0.000000,0.000000,0.000016,0.000000,0.000000,0.000000,0.000000,0.000000,0.000049,0.000000,0.000049,0.000016,0.000033,0.000016,0.000016,0.000049,0.000016,0.000016,0.000000,0.000000,0.000000,0.000016,0.000000,0.000000,0.000000,0.000016,0.000033,0.000016,0.000033,0.000016,0.000000,0.000016,0.000016,0.000000,0.000016,0.000016,0.000065,0.000016,0.000033,0.000098,0.000000,0.000065,0.000000,0.000016,0.000033,0.000033,0.000033,0.000033,0.000016,0.000016,0.000016,0.000065,0.000033,0.000000,0.000082,0.000065,0.000033,0.000033,0.000016,0.000033,0.000016,0.000049,0.000049,0.000016,0.000016,0.000000,0.000049,0.000033,0.000016,0.000033,0.000033,0.000016,0.000000,0.000033,0.000000,0.000000,0.000033,0.000049,0.000033,0.000033,0.000000,0.000016,0.000016,0.000098,0.000016,0.000016,0.000016,0.000033,0.000016,0.000033,0.000016,0.000000,0.000065,0.000016,0.000033,0.000082,0.000000
0.056000,0.002766,0.000000,0.000000,0.000016,0.000016,0.000016,0.000016,0.000016,0.000082,0.000033,0.000000,0.000000,0.000016,0.000016,0.000000,0.000000,0.000016,0.000016,0.000000,0.000000,0.000000,0.000033,0.000033,0.000000,0.000016,0.000000,0.000000,0.000000,0.000000,0.000000,0.000016,0.000016,0.000000,0.000000,0.000000,0.000033,0.000016,0.000000,0.000000,0.000000,0.000000,0.000000,0.000000,0.000000,0.000000,0.000016,0.000000,0.000016,0.000000,0.000016,0.000016,0.000000,0.000000,0.000016,0.000000,0.000033,0.000000,0.000016,0.000000,0.000000,0.000000,0.000000,0.000000,0.000000,0.000000,0.000000,0.000000,0.000016,0.000000,0.000016,0.000000,0.000000,0.000000,0.000000,0.000000,0.000000,0.000000,0.000000,0.000016,0.000000,0.000016,0.000000,0.000000,0.000000,0.000000,0.000000,0.000000,0.000000,0.000000,0.000000,0.000000,0.000016,0.000000,0.000000,0.000000,0.000000,0.000000,0.000000,0.000000,0.000033,0.000049,0.000033,0.000016,0.000049,0.000049,0.000033,0.000016,0.000065,0.000016,0.000000,0.000016,0.000000,0.000033,0.000016,0.000000,0.000033,0.000000,0.000049,0.000016,0.000000,0.000000,0.000033,0.000016,0.000033,0.000016,0.000033,0.000016,0.000033,0.000033,0.000033,0.000033,0.000000,0.000016,0.000033,0.000049,0.000033,0.000049,0.000016,0.000016,0.000098,0.000000,0.000033,0.000016,0.000000,0.000016,0.000033,0.000033,0.000033,0.000049,0.000000,0.000033,0.000033,0.000016,0.000000,0.000000,0.000016,0.000065,0.000000,0.000000,0.000016,0.000033,0.000033,0.000049,0.000016,0.000033,0.000033,0.000065,0.000016,0.000000,0.000033,0.000016,0.000016,0.000016,0.000033,0.000049,0.000000,0.000016,0.000033,0.000000,0.000016,0.000033,0.000016,0.000016,0.000000,0.000016,0.000033
0.057000,0.003012,0.000000,0.000000,0.000000,0.000016,0.000016,0.000065,0.000000,0.000016,0.000000,0.000016,0.000033,0.000000,0.000033,0.000016,0.000033,0.000000,0.000000,0.000016,0.000033,0.000000,0.000000,0.000016,0.000000,0.000033,0.000033,0.000016,0.000016,0.000000,0.000000,0.000016,0.000000,0.000000,0.000000,0.000033,0.000000,0.000000,0.000000,0.000000,0.000000,0.000016,0.000000,0.000000,0.000000,0.000065,0.000000,0.000016,0.000000,0.000000,0.000000,0.000016,0.000000,0.000000,0.000000,0.000000,0.000016,0.000000,0.000000,0.000000,0.000000,0.000000,0.000000,0.000000,0.000000,0.000000,0.000016,0.000000,0.000000,0.000000,0.000000,0.000000,0.000000,0.000000,0.000000,0.000000,0.000000,0.000000,0.000016,0.000000,0.000000,0.000033,0.000000,0.000016,0.000000,0.000000,0.000000,0.000000,0.000000,0.000000,0.000000,0.000016,0.000033,0.000000,0.000000,0.000000,0.000000,0.000000,0.000016,0.000000,0.000016,0.000000,0.000016,0.000000,0.000033,0.000033,0.000049,0.000000,0.000016,0.000033,0.000000,0.000049,0.000033,0.000016,0.000033,0.000049,0.000016,0.000065,0.000000,0.000033,0.000016,0.000016,0.000065,0.000016,0.000016,0.000016,0.000016,0.000033,0.000033,0.000000,0.000049,0.000049,0.000000,0.000000,0.000016,0.000000,0.000049,0.000065,0.000016,0.000033,0.000049,0.000016,0.000033,0.000000,0.000016,0.000049,0.000000,0.000016,0.000033,0.000065,0.000033,0.000082,0.000000,0.000065,0.000000,0.000033,0.000000,0.000049,0.000016,0.000115,0.000000,0.000033,0.000000,0.000033,0.000115,0.000000,0.000049,0.000065,0.000016,0.000033,0.000016,0.000016,0.000033,0.000016,0.000016,0.000000,0.000000,0.000033,0.000000,0.000000,0.000016,0.000016,0.000049,0.000000,0.000016,0.000016,0.000016
0.058000,0.002799,0.000000,0.000000,0.000000,0.000000,0.000000,0.000000,0.000000,0.000033,0.000000,0.000033,0.000016,0.000033,0.000000,0.000000,0.000033,0.000000,0.000000,0.000016,0.000000,0.000000,0.000016,0.000000,0.000000,0.000000,0.000016,0.000000,0.000000,0.000000,0.000033,0.000016,0.000000,0.000016,0.000000,0.000016,0.000000,0.000000,0.000016,0.000000,0.000000,0.000000,0.000033,0.000000,0.000000,0.000033,0.000000,0.000000,0.000000,0.000000,0.000000,0.000016,0.000016,0.000000,0.000000,0.000000,0.000000,0.000000,0.000016,0.000016,0.000016,0.000000,0.000016,0.000000,0.000016,0.000000,0.000016,0.000016,0.000000,0.000000,0.000016,0.000000,0.000000,0.000000,0.000000,0.000000,0.000000,0.000000,0.000000,0.000000,0.000000,0.000000,0.000000,0.000000,0.000000,0.000000,0.000000,0.000000,0.000000,0.000000,0.000000,0.000000,0.000049,0.000000,0.000000,0.000000,0.000000,0.000000,0.000000,0.000000,0.000016,0.000033,0.000016,0.000016,0.000016,0.000016,0.000000,0.000000,0.000033,0.000033,0.000000,0.000033,0.000016,0.000033,0.000000,0.000016,0.000000,0.000016,0.000065,0.000016,0.000016,0.000000,0.000000,0.000016,0.000033,0.000033,0.000016,0.000033,0.000016,0.000049,0.000049,0.000049,0.000000,0.000016,0.000065,0.000033,0.000016,0.000016,0.000033,0.000033,0.000033,0.000033,0.000065,0.000033,0.000000,0.000016,0.000016,0.000033,0.000016,0.000033,0.000098,0.000016,0.000033,0.000049,0.000049,0.000000,0.000016,0.000033,0.000033,0.000049,0.000049,0.000033,0.000016,0.000033,0.000000,0.000000,0.000049,0.000016,0.000000,0.000049,0.000016,0.000000,0.000000,0.000049,0.000016,0.000033,0.000033,0.000016,0.000016,0.000016,0.000016,0.000016,0.000033,0.000065,0.000033,0.000033,0.000033
0.059000,0.002946,0.000000,0.000000,0.000000,0.000000,0.000000,0.000049,0.000000,0.000016,0.000016,0.000000,0.000033,0.000033,0.000016,0.000000,0.000016,0.000016,0.000000,0.000016,0.000000,0.000000,0.000016,0.000000,0.000000,0.000000,0.000000,0.000000,0.000000,0.000016,0.000016,0.000000,0.000000,0.000000,0.000000,0.000000,0.000016,0.000016,0.000000,0.000000,0.000033,0.000000,0.000000,0.000016,0.000016,0.000016,0.000000,0.000033,0.000000,0.000000,0.000016,0.000016,0.000016,0.000000,0.000000,0.000000,0.000000,0.000000,0.000016,0.000065,0.000000,0.000000,0.000000,0.000000,0.000016,0.000000,0.000016,0.000000,0.000000,0.000000,0.000065,0.000000,0.000000,0.000000,0.000000,0.000000,0.000000,0.000000,0.000000,0.000000,0.000000,0.000033,0.000000,0.000000,0.000000,0.000000,0.000000,0.000000,0.000000,0.000000,0.000000,0.000000,0.000000,0.000000,0.000000,0.000000,0.000000,0.000000,0.000049,0.000000,0.000033,0.000016,0.000033,0.000000,0.000049,0.000016,0.000000,0.000115,0.000016,0.000016,0.000000,0.000033,0.000000,0.000049,0.000049,0.000000,0.000016,0.000016,0.000016,0.000016,0.000016,0.000000,0.000049,0.000033,0.000033,0.000033,0.000065,0.000016,0.000016,0.000016,0.000000,0.000049,0.000000,0.000033,0.000000,0.000000,0.000033,0.000033,0.000033,0.000033,0.000000,0.000049,0.000000,0.000000,0.000033,0.000065,0.000033,0.000033,0.000098,0.000049,0.000016,0.000065,0.000049,0.000000,0.000000,0.000016,0.000016,0.000049,0.000000,0.000033,0.000033,0.000000,0.000000,0.000000,0.000016,0.000000,0.000033,0.000033,0.000033,0.000016,0.000033,0.000065,0.000049,0.000016,0.000033,0.000016,0.000000,0.000033,0.000033,0.000033,0.000000,0.000049,0.000016,0.000000,0.000049,0.000049,0.000000
0.060000,0.002930,0.000000,0.000000,0.000016,0.000016,0.000033,0.000016,0.000049,0.000000,0.000016,0.000000,0.000016,0.000033,0.000000,0.000016,0.000016,0.000000,0.000000,0.000016,0.000016,0.000016,0.000016,0.000000,0.000016,0.000000,0.000000,0.000016,0.000000,0.000000,0.000000,0.000000,0.000033,0.000049,0.000000,0.000033,0.000033,0.000000,0.000000,0.000016,0.000016,0.000000,0.000000,0.000033,0.000016,0.000016,0.000000,0.000016,0.000049,0.000016,0.000000,0.000000,0.000000,0.000000,0.000033,0.000000,0.000000,0.000000,0.000000,0.000000,0.000000,0.000000,0.000000,0.000000,0.000000,0.000000,0.000000,0.000000,0.000000,0.000000,0.000016,0.000000,0.000000,0.000000,0.000000,0.000000,0.000000,0.000016,0.000000,0.000000,0.000000,0.000000,0.000000,0.000000,0.000000,0.000000,0.000000,0.000000,0.000000,0.000000,0.000000,0.000000,0.000049,0.000000,0.000000,0.000000,0.000000,0.000000,0.000016,0.000000,0.000016,0.000000,0.000033,0.000049,0.000033,0.000000,0.000000,0.000016,0.000000,0.000000,0.000000,0.000000,0.000033,0.000016,0.000000,0.000016,0.000049,0.000049,0.000016,0.000049,0.000082,0.000000,0.000016,0.000098,0.000033,0.000016,0.000033,0.000016,0.000033,0.000000,0.000033,0.000049,0.000000,0.000016,0.000033,0.000016,0.000016,0.000049,0.000033,0.000000,0.000033,0.000033,0.000049,0.000000,0.000016,0.000033,0.000033,0.000033,0.000033,0.000033,0.000049,0.000033,0.000049,0.000065,0.000000,0.000000,0.000033,0.000000,0.000065,0.000016,0.000049,0.000016,0.000016,0.000016,0.000065,0.000016,0.000000,0.000016,0.000016,0.000016,0.000000,0.000016,0.000049,0.000033,0.000016,0.000016,0.000033,0.000000,0.000049,0.000065,0.000016,0.000000,0.000016,0.000016,0.000033,0.000000,0.000000
0.061000,0.002881,0.000000,0.000000,0.000000,0.000065,0.000016,0.000000,0.000033,0.000000,0.000016,0.000016,0.000000,0.000033,0.000000,0.000000,0.000033,0.000033,0.000033,0.000000,0.000000,0.000000,0.000000,0.000016,0.000000,0.000000,0.000000,0.000000,0.000000,0.000000,0.000000,0.000016,0.000000,0.000000,0.000000,0.000000,0.000000,0.000000,0.000016,0.000000,0.000033,0.000016,0.000000,0.000000,0.000000,0.000016,0.000033,0.000000,0.000033,0.000000,0.000016,0.000000,0.000000,0.000000,0.000016,0.000016,0.000000,0.000000,0.000016,0.000000,0.000000,0.000016,0.000000,0.000000,0.000016,0.000000,0.000016,0.000000,0.000000,0.000000,0.000016,0.000000,0.000000,0.000000,0.000000,0.000000,0.000000,0.000000,0.000000,0.000016,0.000000,0.000033,0.000000,0.000000,0.000000,0.000000,0.000016,0.000000,0.000000,0.000000,0.000000,0.000000,0.000000,0.000000,0.000000,0.000016,0.000000,0.000000,0.000016,0.000000,0.000016,0.000000,0.000000,0.000016,0.000016,0.000000,0.000000,0.000033,0.000033,0.000000,0.000000,0.000016,0.000033,0.000049,0.000000,0.000033,0.000016,0.000033,0.000049,0.000033,0.000000,0.000000,0.000033,0.000033,0.000033,0.000016,0.000016,0.000016,0.000000,0.000033,0.000000,0.000000,0.000016,0.000033,0.000082,0.000049,0.000016,0.000033,0.000016,0.000049,0.000016,0.000033,0.000049,0.000033,0.000033,0.000065,0.000000,0.000016,0.000016,0.000016,0.000033,0.000065,0.000000,0.000033,0.000033,0.000000,0.000000,0.000033,0.000016,0.000016,0.000049,0.000016,0.000049,0.000033,0.000033,0.000016,0.000065,0.000016,0.000016,0.000033,0.000016,0.000098,0.000049,0.000049,0.000049,0.000016,0.000000,0.000065,0.000033,0.000016,0.000000,0.000049,0.000016,0.000016,0.000016,0.000016,0.000000
0.062000,0.002783,0.000000,0.000000,0.000016,0.000033,0.000033,0.000033,0.000016,0.000016,0.000016,0.000016,0.000016,0.000000,0.000000,0.000000,0.000016,0.000000,0.000000,0.000000,0.000016,0.000016,0.000000,0.000000,0.000000,0.000000,0.000016,0.000000,0.000016,0.000016,0.000000,0.000000,0.000000,0.000000,0.000016,0.000000,0.000000,0.000000,0.000016,0.000000,0.000000,0.000016,0.000000,0.000016,0.000000,0.000033,0.000000,0.000000,0.000000,0.000000,0.000000,0.000000,0.000000,0.000016,0.000000,0.000000,0.000000,0.000016,0.000000,0.000016,0.000016,0.000033,0.000016,0.000000,0.000016,0.000033,0.000000,0.000000,0.000000,0.000000,0.000016,0.000000,0.000000,0.000000,0.000000,0.000000,0.000000,0.000000,0.000016,0.000000,0.000000,0.000016,0.000000,0.000000,0.000000,0.000000,0.000000,0.000000,0.000016,0.000000,0.000000,0.000000,0.000033,0.000000,0.000000,0.000000,0.000016,0.000000,0.000016,0.000000,0.000000,0.000016,0.000016,0.000033,0.000000,0.000033,0.000049,0.000016,0.000000,0.000016,0.000000,0.000000,0.000016,0.000000,0.000000,0.000000,0.000033,0.000016,0.000033,0.000016,0.000016,0.000016,0.000065,0.000016,0.000033,0.000016,0.000033,0.000033,0.000000,0.000065,0.000016,0.000016,0.000016,0.000033,0.000016,0.000082,0.000098,0.000000,0.000033,0.000016,0.000016,0.000016,0.000016,0.000016,0.000000,0.000000,0.000000,0.000033,0.000016,0.000049,0.000000,0.000033,0.000033,0.000049,0.000000,0.000065,0.000000,0.000033,0.000049,0.000000,0.000033,0.000016,0.000016,0.000033,0.000000,0.000033,0.000049,0.000049,0.000016,0.000033,0.000016,0.000016,0.000049,0.000016,0.000049,0.000033,0.000000,0.000033,0.000033,0.000082,0.000000,0.000016,0.000033,0.000000,0.000033,0.000065,0.000000
0.063000,0.003094,0.000000,0.000016,0.000033,0.000033,0.000033,0.000016,0.000033,0.000016,0.000033,0.000000,0.000000,0.000033,0.000016,0.000000,0.000000,0.000000,0.000016,0.000000,0.000016,0.000000,0.000000,0.000000,0.000016,0.000033,0.000016,0.000000,0.000016,0.000000,0.000000,0.000049,0.000016,0.000033,0.000033,0.000000,0.000000,0.000000,0.000016,0.000000,0.000000,0.000000,0.000000,0.000033,0.000016,0.000000,0.000000,0.000000,0.000033,0.000000,0.000000,0.000016,0.000033,0.000000,0.000016,0.000000,0.000000,0.000016,0.000000,0.000016,0.000000,0.000049,0.000000,0.000016,0.000000,0.000000,0.000000,0.000000,0.000000,0.000000,0.000016,0.000000,0.000000,0.000000,0.000000,0.000000,0.000016,0.000000,0.000000,0.000000,0.000000,0.000016,0.000000,0.000000,0.000000,0.000000,0.000000,0.000000,0.000000,0.000000,0.000000,0.000000,0.000049,0.000000,0.000000,0.000000,0.000000,0.000000,0.000016,0.000000,0.000033,0.000033,0.000016,0.000016,0.000000,0.000033,0.000033,0.000098,0.000065,0.000049,0.000016,0.000033,0.000016,0.000016,0.000000,0.000016,0.000000,0.000016,0.000033,0.000016,0.000016,0.000016,0.000033,0.000000,0.000016,0.000000,0.000033,0.000033,0.000049,0.000033,0.000016,0.000016,0.000000,0.000033,0.000049,0.000016,0.000016,0.000065,0.000016,0.000033,0.000016,0.000016,0.000065,0.000016,0.000016,0.000000,0.000033,0.000016,0.000000,0.000033,0.000016,0.000033,0.000016,0.000016,0.000016,0.000000,0.000000,0.000016,0.000016,0.000000,0.000016,0.000065,0.000082,0.000065,0.000016,0.000000,0.000033,0.000033,0.000065,0.000049,0.000016,0.000016,0.000049,0.000000,0.000033,0.000033,0.000016,0.000016,0.000016,0.000000,0.000049,0.000016,0.000049,0.000033,0.000016,0.000000,0.000049
0.064000,0.002864,0.000000,0.000000,0.000000,0.000016,0.000033,0.000033,0.000016,0.000016,0.000033,0.000000,0.000000,0.000000,0.000000,0.000000,0.000000,0.000000,0.000000,0.000000,0.000000,0.000000,0.000000,0.000016,0.000000,0.000000,0.000000,0.000016,0.000000,0.000016,0.000016,0.000033,0.000000,0.000000,0.000033,0.000000,0.000033,0.000033,0.000000,0.000016,0.000000,0.000016,0.000016,0.000000,0.000016,0.000049,0.000000,0.000000,0.000049,0.000000,0.000065,0.000000,0.000000,0.000000,0.000016,0.000000,0.000033,0.000016,0.000000,0.000033,0.000000,0.000000,0.000016,0.000000,0.000016,0.000000,0.000000,0.000016,0.000000,0.000000,0.000000,0.000000,0.000000,0.000000,0.000000,0.000000,0.000016,0.000000,0.000000,0.000000,0.000000,0.000033,0.000000,0.000000,0.000016,0.000000,0.000000,0.000000,0.000000,0.000000,0.000000,0.000000,0.000033,0.000000,0.000000,0.000000,0.000000,0.000000,0.000033,0.000000,0.000033,0.000000,0.000000,0.000016,0.000033,0.000033,0.000033,0.000000,0.000049,0.000033,0.000000,0.000016,0.000016,0.000000,0.000033,0.000016,0.000033,0.000000,0.000000,0.000000,0.000000,0.000000,0.000049,0.000016,0.000000,0.000049,0.000033,0.000049,0.000016,0.000016,0.000016,0.000000,0.000000,0.000033,0.000033,0.000065,0.000049,0.000033,0.000000,0.000049,0.000049,0.000016,0.000049,0.000000,0.000065,0.000033,0.000000,0.000016,0.000033,0.000016,0.000016,0.000016,0.000016,0.000033,0.000033,0.000000,0.000065,0.000033,0.000049,0.000000,0.000016,0.000016,0.000049,0.000033,0.000082,0.000016,0.000000,0.000000,0.000033,0.000016,0.000016,0.000000,0.000016,0.000033,0.000033,0.000016,0.000016,0.000033,0.000033,0.000033,0.000065,0.000016,0.000016,0.000000,0.000016,0.000016,0.000000
0.065000,0.002979,0.000016,0.000000,0.000016,0.000033,0.000000,0.000000,0.000033,0.000000,0.000016,0.000016,0.000000,0.000000,0.000000,0.000033,0.000016,0.000033,0.000016,0.000016,0.000000,0.000000,0.000016,0.000016,0.000000,0.000016,0.000016,0.000033,0.000000,0.000000,0.000033,0.000016,0.000016,0.000000,0.000000,0.000033,0.000016,0.000016,0.000000,0.000033,0.000065,0.000033,0.000016,0.000033,0.000000,0.000016,0.000000,0.000000,0.000016,0.000000,0.000000,0.000016,0.000016,0.000033,0.000000,0.000000,0.000016,0.000016,0.000016,0.000033,0.000000,0.000000,0.000000,0.000033,0.000000,0.000000,0.000000,0.000000,0.000016,0.000000,0.000000,0.000016,0.000000,0.000016,0.000000,0.000000,0.000016,0.000000,0.000016,0.000000,0.000000,0.000016,0.000000,0.000000,0.000000,0.000000,0.000000,0.000000,0.000000,0.000000,0.000000,0.000000,0.000016,0.000000,0.000000,0.000000,0.000000,0.000000,0.000016,0.000000,0.000049,0.000033,0.000065,0.000000,0.000000,0.000016,0.000000,0.000000,0.000016,0.000033,0.000000,0.000049,0.000016,0.000016,0.000033,0.000033,0.000016,0.000016,0.000000,0.000033,0.000033,0.000000,0.000033,0.000016,0.000049,0.000049,0.000033,0.000016,0.000000,0.000000,0.000033,0.000000,0.000000,0.000016,0.000000,0.000049,0.000065,0.000049,0.000016,0.000016,0.000049,0.000000,0.000000,0.000000,0.000016,0.000016,0.000016,0.000033,0.000049,0.000049,0.000016,0.000033,0.000033,0.000016,0.000016,0.000000,0.000049,0.000000,0.000016,0.000049,0.000000,0.000033,0.000016,0.000000,0.000033,0.000033,0.000016,0.000016,0.000000,0.000033,0.000033,0.000033,0.000049,0.000016,0.000082,0.000016,0.000000,0.000016,0.000000,0.000033,0.000016,0.000049,0.000016,0.000016,0.000016,0.000016,0.000033
0.066000,0.002930,0.000000,0.000016,0.000000,0.000016,0.000000,0.000000,0.000016,0.000000,0.000000,0.000000,0.000000,0.000000,0.000016,0.000016,0.000033,0.000049,0.000000,0.000000,0.000000,0.000033,0.000000,0.000016,0.000016,0.000000,0.000033,0.000000,0.000016,0.000000,0.000000,0.000033,0.000016,0.000000,0.000016,0.000016,0.000000,0.000033,0.000016,0.000016,0.000016,0.000016,0.000016,0.000016,0.000033,0.000049,0.000016,0.000016,0.000000,0.000000,0.000016,0.000033,0.000000,0.000000,0.000000,0.000016,0.000000,0.000016,0.000016,0.000000,0.000000,0.000000,0.000000,0.000000,0.000000,0.000000,0.000000,0.000000,0.000000,0.000000,0.000049,0.000000,0.000000,0.000000,0.000000,0.000016,0.000000,0.000000,0.000000,0.000000,0.000000,0.000033,0.000000,0.000000,0.000000,0.000000,0.000000,0.000000,0.000000,0.000000,0.000000,0.000000,0.000033,0.000000,0.000000,0.000000,0.000000,0.000000,0.000000,0.000000,0.000016,0.000033,0.000000,0.000016,0.000016,0.000033,0.000000,0.000016,0.000000,0.000049,0.000000,0.000016,0.000016,0.000016,0.000016,0.000065,0.000000,0.000016,0.000049,0.000000,0.000016,0.000000,0.000000,0.000016,0.000016,0.000016,0.000000,0.000000,0.000065,0.000033,0.000000,0.000033,0.000016,0.000016,0.000000,0.000049,0.000065,0.000000,0.000033,0.000033,0.000033,0.000016,0.000065,0.000000,0.000033,0.000065,0.000033,0.000033,0.000016,0.000000,0.000065,0.000016,0.000016,0.000016,0.000016,0.000000,0.000033,0.000033,0.000000,0.000065,0.000049,0.000049,0.000016,0.000049,0.000016,0.000000,0.000033,0.000000,0.000000,0.000033,0.000000,0.000033,0.000016,0.000016,0.000082,0.000033,0.000000,0.000049,0.000016,0.000049,0.000065,0.000000,0.000049,0.000016,0.000033,0.000049,0.000000
0.067000,0.003126,0.000000,0.000016,0.000033,0.000033,0.000000,0.000016,0.000000,0.000016,0.000000,0.000000,0.000016,0.000000,0.000016,0.000000,0.000033,0.000000,0.000016,0.000016,0.000000,0.000033,0.000000,0.000000,0.000033,0.000033,0.000016,0.000016,0.000000,0.000049,0.000000,0.000016,0.000016,0.000000,0.000000,0.000000,0.000033,0.000033,0.000000,0.000016,0.000016,0.000000,0.000016,0.000000,0.000000,0.000000,0.000000,0.000016,0.000033,0.000000,0.000016,0.000000,0.000000,0.000000,0.000000,0.000033,0.000000,0.000016,0.000000,0.000016,0.000033,0.000000,0.000000,0.000000,0.000016,0.000000,0.000016,0.000000,0.000000,0.000000,0.000000,0.000000,0.000000,0.000000,0.000000,0.000000,0.000000,0.000000,0.000000,0.000000,0.000000,0.000016,0.000000,0.000016,0.000000,0.000000,0.000000,0.000000,0.000000,0.000000,0.000000,0.000000,0.000000,0.000000,0.000000,0.000000,0.000000,0.000000,0.000016,0.000000,0.000033,0.000000,0.000000,0.000016,0.000000,0.000016,0.000065,0.000016,0.000049,0.000049,0.000000,0.000016,0.000016,0.000033,0.000033,0.000016,0.000016,0.000033,0.000049,0.000000,0.000033,0.000016,0.000016,0.000000,0.000033,0.000082,0.000082,0.000016,0.000016,0.000033,0.000049,0.000065,0.000000,0.000000,0.000049,0.000049,0.000016,0.000016,0.000000,0.000033,0.000082,0.000033,0.000033,0.000000,0.000000,0.000065,0.000016,0.000016,0.000033,0.000082,0.000016,0.000065,0.000016,0.000033,0.000000,0.000016,0.000033,0.000016,0.000049,0.000033,0.000049,0.000049,0.000033,0.000049,0.000033,0.000016,0.000049,0.000000,0.000033,0.000033,0.000000,0.000000,0.000033,0.000033,0.000033,0.000033,0.000000,0.000000,0.000016,0.000016,0.000016,0.000033,0.000000,0.000000,0.000016,0.000033,0.000033
0.068000,0.002750,0.000000,0.000016,0.000033,0.000033,0.000000,0.000000,0.000000,0.000016,0.000049,0.000016,0.000016,0.000033,0.000000,0.000000,0.000016,0.000033,0.000000,0.000000,0.000000,0.000000,0.000000,0.000000,0.000000,0.000016,0.000000,0.000000,0.000016,0.000016,0.000000,0.000016,0.000033,0.000000,0.000000,0.000033,0.000016,0.000016,0.000016,0.000000,0.000016,0.000000,0.000049,0.000000,0.000016,0.000000,0.000000,0.000000,0.000000,0.000016,0.000000,0.000016,0.000000,0.000000,0.000000,0.000000,0.000016,0.000000,0.000000,0.000033,0.000000,0.000000,0.000000,0.000000,0.000016,0.000000,0.000000,0.000000,0.000000,0.000000,0.000000,0.000000,0.000000,0.000000,0.000000,0.000000,0.000000,0.000000,0.000000,0.000016,0.000016,0.000016,0.000016,0.000000,0.000016,0.000000,0.000000,0.000016,0.000000,0.000000,0.000000,0.000000,0.000016,0.000000,0.000000,0.000000,0.000000,0.000000,0.000000,0.000000,0.000033,0.000000,0.000000,0.000000,0.000016,0.000033,0.000033,0.000016,0.000016,0.000033,0.000000,0.000016,0.000016,0.000000,0.000033,0.000065,0.000016,0.000065,0.000016,0.000049,0.000049,0.000000,0.000016,0.000016,0.000049,0.000000,0.000033,0.000016,0.000000,0.000016,0.000016,0.000000,0.000000,0.000065,0.000049,0.000033,0.000033,0.000033,0.000049,0.000033,0.000033,0.000016,0.000000,0.000000,0.000000,0.000016,0.000033,0.000049,0.000049,0.000033,0.000016,0.000000,0.000016,0.000033,0.000000,0.000033,0.000033,0.000049,0.000000,0.000049,0.000033,0.000033,0.000033,0.000033,0.000016,0.000016,0.000016,0.000016,0.000049,0.000000,0.000016,0.000016,0.000033,0.000000,0.000049,0.000016,0.000033,0.000016,0.000016,0.000049,0.000000,0.000016,0.000000,0.000033,0.000033,0.000016,0.000000
0.069000,0.003290,0.000000,0.000000,0.000033,0.000000,0.000016,0.000000,0.000000,0.000000,0.000016,0.000000,0.000000,0.000033,0.000049,0.000000,0.000000,0.000016,0.000016,0.000033,0.000000,0.000000,0.000000,0.000000,0.000016,0.000000,0.000000,0.000016,0.000000,0.000016,0.000016,0.000016,0.000000,0.000016,0.000016,0.000016,0.000016,0.000016,0.000016,0.000016,0.000016,0.000000,0.000016,0.000000,0.000000,0.000016,0.000016,0.000016,0.000049,0.000000,0.000000,0.000000,0.000000,0.000000,0.000000,0.000000,0.000000,0.000000,0.000000,0.000016,0.000016,0.000000,0.000000,0.000000,0.000000,0.000016,0.000000,0.000000,0.000000,0.000000,0.000016,0.000000,0.000000,0.000000,0.000016,0.000000,0.000000,0.000000,0.000000,0.000000,0.000000,0.000000,0.000000,0.000000,0.000000,0.000000,0.000000,0.000000,0.000000,0.000000,0.000000,0.000016,0.000082,0.000000,0.000000,0.000000,0.000000,0.000000,0.000016,0.000000,0.000000,0.000065,0.000016,0.000016,0.000098,0.000065,0.000033,0.000000,0.000016,0.000033,0.000000,0.000016,0.000082,0.000000,0.000016,0.000049,0.000016,0.000049,0.000000,0.000033,0.000033,0.000000,0.000016,0.000000,0.000000,0.000082,0.000049,0.000065,0.000016,0.000016,0.000082,0.000033,0.000000,0.000000,0.000016,0.000033,0.000033,0.000049,0.000082,0.000049,0.000016,0.000082,0.000016,0.000000,0.000033,0.000016,0.000049,0.000016,0.000049,0.000049,0.000049,0.000033,0.000033,0.000049,0.000000,0.000049,0.000033,0.000098,0.000065,0.000082,0.000033,0.000016,0.000033,0.000016,0.000016,0.000000,0.000016,0.000065,0.000016,0.000000,0.000033,0.000033,0.000033,0.000033,0.000000,0.000033,0.000000,0.000000,0.000000,0.000033,0.000016,0.000000,0.000016,0.000000,0.000016,0.000000,0.000016
0.070000,0.002717,0.000000,0.000016,0.000000,0.000000,0.000000,0.000000,0.000016,0.000016,0.000016,0.000000,0.000000,0.000033,0.000000,0.000000,0.000016,0.000000,0.000000,0.000000,0.000033,0.000016,0.000000,0.000000,0.000000,0.000000,0.000000,0.000000,0.000000,0.000000,0.000065,0.000000,0.000016,0.000000,0.000016,0.000033,0.000016,0.000033,0.000000,0.000016,0.000000,0.000033,0.000000,0.000033,0.000000,0.000016,0.000016,0.000000,0.000033,0.000000,0.000016,0.000000,0.000033,0.000000,0.000016,0.000016,0.000016,0.000000,0.000000,0.000016,0.000000,0.000000,0.000000,0.000000,0.000000,0.000000,0.000000,0.000000,0.000000,0.000000,0.000000,0.000016,0.000000,0.000000,0.000000,0.000000,0.000000,0.000000,0.000000,0.000000,0.000000,0.000000,0.000000,0.000000,0.000000,0.000000,0.000000,0.000000,0.000000,0.000000,0.000000,0.000000,0.000033,0.000000,0.000000,0.000000,0.000000,0.000000,0.000065,0.000000,0.000033,0.000049,0.000016,0.000016,0.000049,0.000033,0.000033,0.000016,0.000016,0.000000,0.000000,0.000016,0.000000,0.000049,0.000033,0.000000,0.000016,0.000033,0.000049,0.000016,0.000000,0.000000,0.000033,0.000049,0.000016,0.000016,0.000016,0.000049,0.000000,0.000049,0.000000,0.000033,0.000000,0.000049,0.000016,0.000033,0.000000,0.000065,0.000016,0.000016,0.000049,0.000016,0.000000,0.000016,0.000049,0.000049,0.000016,0.000016,0.000016,0.000016,0.000016,0.000082,0.000049,0.000033,0.000000,0.000016,0.000065,0.000033,0.000033,0.000033,0.000033,0.000016,0.000016,0.000000,0.000033,0.000000,0.000033,0.000016,0.000000,0.000000,0.000000,0.000000,0.000016,0.000000,0.000033,0.000000,0.000000,0.000065,0.000033,0.000016,0.000016,0.000000,0.000016,0.000065,0.000033,0.000016,0.000000
0.071000,0.002766,0.000000,0.000000,0.000000,0.000016,0.000016,0.000016,0.000016,0.000000,0.000000,0.000049,0.000016,0.000016,0.000000,0.000016,0.000000,0.000000,0.000000,0.000033,0.000000,0.000000,0.000016,0.000000,0.000000,0.000000,0.000000,0.000016,0.000000,0.000000,0.000000,0.000000,0.000000,0.000016,0.000065,0.000000,0.000000,0.000000,0.000000,0.000016,0.000049,0.000000,0.000016,0.000016,0.000016,0.000016,0.000000,0.000000,0.000033,0.000000,0.000016,0.000000,0.000016,0.000016,0.000016,0.000016,0.000000,0.000000,0.000000,0.000016,0.000016,0.000000,0.000000,0.000000,0.000000,0.000033,0.000000,0.000000,0.000000,0.000000,0.000000,0.000000,0.000000,0.000000,0.000000,0.000000,0.000000,0.000000,0.000000,0.000000,0.000000,0.000033,0.000000,0.000000,0.000000,0.000000,0.000016,0.000000,0.000000,0.000000,0.000000,0.000000,0.000016,0.000000,0.000000,0.000000,0.000000,0.000000,0.000033,0.000000,0.000016,0.000016,0.000033,0.000049,0.000000,0.000049,0.000016,0.000016,0.000033,0.000016,0.000000,0.000000,0.000016,0.000098,0.000033,0.000000,0.000049,0.000033,0.000016,0.000016,0.000016,0.000000,0.000033,0.000049,0.000016,0.000000,0.000049,0.000016,0.000016,0.000016,0.000016,0.000000,0.000000,0.000000,0.000098,0.000033,0.000000,0.000000,0.000016,0.000049,0.000049,0.000016,0.000000,0.000000,0.000049,0.000033,0.000016,0.000049,0.000000,0.000082,0.000000,0.000033,0.000033,0.000049,0.000000,0.000049,0.000049,0.000049,0.000049,0.000016,0.000016,0.000016,0.000016,0.000033,0.000016,0.000000,0.000049,0.000016,0.000033,0.000016,0.000016,0.000065,0.000016,0.000016,0.000000,0.000016,0.000000,0.000016,0.000000,0.000000,0.000049,0.000000,0.000016,0.000016,0.000000,0.000016,0.000033
0.072000,0.003094,0.000000,0.000000,0.000033,0.000000,0.000016,0.000016,0.000049,0.000033,0.000016,0.000016,0.000049,0.000000,0.000033,0.000000,0.000016,0.000016,0.000016,0.000016,0.000000,0.000000,0.000000,0.000016,0.000033,0.000016,0.000033,0.000016,0.000016,0.000016,0.000016,0.000033,0.000000,0.000000,0.000000,0.000000,0.000016,0.000016,0.000033,0.000033,0.000000,0.000016,0.000000,0.000000,0.000000,0.000000,0.000000,0.000000,0.000016,0.000000,0.000000,0.000016,0.000000,0.000000,0.000000,0.000016,0.000033,0.000000,0.000000,0.000016,0.000000,0.000000,0.000016,0.000016,0.000000,0.000000,0.000016,0.000000,0.000000,0.000000,0.000016,0.000000,0.000016,0.000000,0.000000,0.000000,0.000016,0.000000,0.000000,0.000016,0.000016,0.000033,0.000000,0.000000,0.000000,0.000000,0.000000,0.000000,0.000000,0.000000,0.000000,0.000000,0.000000,0.000000,0.000000,0.000000,0.000000,0.000000,0.000000,0.000000,0.000016,0.000000,0.000000,0.000000,0.000016,0.000016,0.000082,0.000033,0.000016,0.000033,0.000000,0.000033,0.000016,0.000016,0.000016,0.000016,0.000000,0.000033,0.000000,0.000000,0.000000,0.000000,0.000016,0.000049,0.000016,0.000033,0.000033,0.000016,0.000033,0.000049,0.000033,0.000049,0.000049,0.000016,0.000016,0.000065,0.000082,0.000016,0.000000,0.000033,0.000033,0.000082,0.000049,0.000000,0.000033,0.000000,0.000033,0.000082,0.000016,0.000000,0.000033,0.000049,0.000016,0.000016,0.000000,0.000016,0.000033,0.000082,0.000000,0.000000,0.000033,0.000033,0.000049,0.000033,0.000065,0.000016,0.000033,0.000033,0.000065,0.000016,0.000033,0.000033,0.000033,0.000065,0.000016,0.000016,0.000016,0.000000,0.000016,0.000016,0.000000,0.000000,0.000033,0.000016,0.000000,0.000000,0.000000
0.073000,0.003077,0.000000,0.000000,0.000016,0.000033,0.000000,0.000033,0.000000,0.000000,0.000000,0.000000,0.000033,0.000000,0.000000,0.000000,0.000033,0.000016,0.000000,0.000016,0.000000,0.000016,0.000000,0.000033,0.000000,0.000016,0.000000,0.000033,0.000016,0.000016,0.000016,0.000000,0.000033,0.000000,0.000016,0.000000,0.000000,0.000016,0.000049,0.000000,0.000016,0.000000,0.000016,0.000000,0.000000,0.000000,0.000000,0.000000,0.000000,0.000000,0.000033,0.000016,0.000016,0.000016,0.000000,0.000000,0.000000,0.000000,0.000000,0.000049,0.000000,0.000000,0.000000,0.000016,0.000016,0.000000,0.000000,0.000000,0.000000,0.000000,0.000000,0.000000,0.000000,0.000000,0.000016,0.000016,0.000000,0.000000,0.000016,0.000000,0.000000,0.000000,0.000000,0.000000,0.000000,0.000000,0.000000,0.000000,0.000000,0.000000,0.000000,0.000000,0.000016,0.000000,0.000000,0.000000,0.000000,0.000000,0.000016,0.000000,0.000033,0.000033,0.000016,0.000016,0.000016,0.000016,0.000000,0.000000,0.000016,0.000016,0.000000,0.000000,0.000049,0.000016,0.000033,0.000033,0.000016,0.000000,0.000033,0.000049,0.000016,0.000000,0.000065,0.000033,0.000065,0.000049,0.000000,0.000016,0.000016,0.000049,0.000016,0.000016,0.000000,0.000065,0.000065,0.000016,0.000016,0.000033,0.000065,0.000033,0.000033,0.000016,0.000033,0.000016,0.000016,0.000016,0.000049,0.000033,0.000000,0.000033,0.000000,0.000016,0.000016,0.000049,0.000033,0.000049,0.000033,0.000016,0.000000,0.000016,0.000033,0.000049,0.000016,0.000065,0.000033,0.000049,0.000065,0.000049,0.000033,0.000033,0.000000,0.000049,0.000016,0.000000,0.000033,0.000016,0.000016,0.000049,0.000016,0.000082,0.000016,0.000000,0.000016,0.000049,0.000033,0.000016,0.000016
0.074000,0.002717,0.000000,0.000000,0.000000,0.000033,0.000000,0.000033,0.000000,0.000016,0.000000,0.000033,0.000016,0.000000,0.000033,0.000000,0.000016,0.000000,0.000000,0.000016,0.000000,0.000000,0.000000,0.000000,0.000016,0.000000,0.000000,0.000000,0.000000,0.000016,0.000016,0.000000,0.000000,0.000016,0.000000,0.000000,0.000016,0.000033,0.000016,0.000033,0.000000,0.000000,0.000000,0.000016,0.000000,0.000000,0.000000,0.000000,0.000000,0.000000,0.000016,0.000000,0.000016,0.000016,0.000016,0.000016,0.000033,0.000000,0.000016,0.000000,0.000016,0.000000,0.000000,0.000016,0.000000,0.000000,0.000016,0.000000,0.000000,0.000000,0.000033,0.000000,0.000016,0.000000,0.000000,0.000000,0.000000,0.000000,0.000016,0.000000,0.000016,0.000016,0.000016,0.000000,0.000000,0.000000,0.000000,0.000000,0.000000,0.000000,0.000000,0.000000,0.000000,0.000000,0.000000,0.000000,0.000000,0.000000,0.000016,0.000000,0.000000,0.000049,0.000000,0.000033,0.000033,0.000033,0.000049,0.000016,0.000016,0.000033,0.000016,0.000016,0.000065,0.000033,0.000033,0.000033,0.000033,0.000033,0.000049,0.000000,0.000000,0.000000,0.000049,0.000016,0.000016,0.000065,0.000000,0.000016,0.000000,0.000000,0.000016,0.000000,0.000000,0.000033,0.000033,0.000000,0.000016,0.000000,0.000016,0.000049,0.000000,0.000000,0.000016,0.000000,0.000016,0.000016,0.000016,0.000033,0.000065,0.000065,0.000016,0.000033,0.000065,0.000033,0.000000,0.000082,0.000033,0.000033,0.000000,0.000000,0.000033,0.000016,0.000065,0.000016,0.000000,0.000000,0.000016,0.000033,0.000000,0.000033,0.000033,0.000049,0.000033,0.000016,0.000016,0.000033,0.000000,0.000033,0.000033,0.000016,0.000000,0.000065,0.000000,0.000016,0.000033,0.000000,0.000016
0.075000,0.003077,0.000000,0.000000,0.000016,0.000082,0.000016,0.000000,0.000016,0.000065,0.000000,0.000016,0.000033,0.000049,0.000033,0.000000,0.000000,0.000000,0.000000,0.000016,0.000033,0.000000,0.000000,0.000033,0.000033,0.000016,0.000033,0.000016,0.000000,0.000000,0.000016,0.000000,0.000000,0.000016,0.000000,0.000000,0.000000,0.000000,0.000016,0.000033,0.000016,0.000000,0.000016,0.000016,0.000016,0.000000,0.000000,0.000000,0.000016,0.000000,0.000000,0.000016,0.000033,0.000000,0.000033,0.000000,0.000000,0.000000,0.000000,0.000000,0.000000,0.000000,0.000000,0.000000,0.000016,0.000016,0.000000,0.000000,0.000000,0.000000,0.000000,0.000000,0.000000,0.000000,0.000000,0.000016,0.000000,0.000016,0.000016,0.000000,0.000016,0.000033,0.000000,0.000000,0.000000,0.000000,0.000000,0.000000,0.000000,0.000000,0.000000,0.000000,0.000016,0.000000,0.000000,0.000000,0.000000,0.000000,0.000033,0.000000,0.000016,0.000033,0.000016,0.000016,0.000033,0.000016,0.000016,0.000033,0.000033,0.000000,0.000016,0.000000,0.000016,0.000016,0.000033,0.000016,0.000033,0.000016,0.000016,0.000033,0.000016,0.000016,0.000016,0.000065,0.000016,0.000016,0.000033,0.000016,0.000033,0.000049,0.000000,0.000049,0.000000,0.000016,0.000016,0.000049,0.000065,0.000016,0.000082,0.000049,0.000000,0.000033,0.000115,0.000016,0.000016,0.000000,0.000049,0.000033,0.000033,0.000000,0.000033,0.000016,0.000000,0.000065,0.000033,0.000016,0.000033,0.000082,0.000033,0.000065,0.000000,0.000033,0.000000,0.000033,0.000016,0.000000,0.000033,0.000000,0.000000,0.000016,0.000016,0.000016,0.000000,0.000033,0.000000,0.000016,0.000016,0.000016,0.000016,0.000016,0.000049,0.000049,0.000016,0.000000,0.000000,0.000016,0.000033
0.076000,0.003094,0.000000,0.000000,0.000016,0.000033,0.000033,0.000000,0.000016,0.000000,0.000000,0.000000,0.000033,0.000016,0.000016,0.000033,0.000049,0.000000,0.000000,0.000016,0.000033,0.000033,0.000000,0.000033,0.000000,0.000000,0.000000,0.000000,0.000000,0.000033,0.000000,0.000000,0.000016,0.000033,0.000000,0.000000,0.000016,0.000033,0.000000,0.000000,0.000000,0.000000,0.000033,0.000016,0.000016,0.000016,0.000016,0.000000,0.000000,0.000000,0.000000,0.000000,0.000016,0.000000,0.000000,0.000000,0.000000,0.000016,0.000000,0.000016,0.000000,0.000000,0.000000,0.000000,0.000000,0.000000,0.000016,0.000016,0.000000,0.000016,0.000000,0.000000,0.000000,0.000000,0.000000,0.000000,0.000016,0.000000,0.000016,0.000016,0.000000,0.000000,0.000000,0.000000,0.000000,0.000000,0.000000,0.000000,0.000000,0.000000,0.000000,0.000000,0.000000,0.000000,0.000000,0.000016,0.000000,0.000000,0.000016,0.000000,0.000033,0.000049,0.000033,0.000016,0.000016,0.000000,0.000049,0.000000,0.000033,0.000016,0.000000,0.000033,0.000033,0.000033,0.000033,0.000033,0.000033,0.000016,0.000065,0.000049,0.000065,0.000016,0.000065,0.000000,0.000000,0.000016,0.000016,0.000016,0.000016,0.000049,0.000016,0.000016,0.000000,0.000000,0.000033,0.000033,0.000033,0.000065,0.000065,0.000033,0.000049,0.000049,0.000049,0.000000,0.000033,0.000016,0.000065,0.000016,0.000016,0.000049,0.000000,0.000049,0.000033,0.000033,0.000016,0.000065,0.000016,0.000000,0.000033,0.000000,0.000016,0.000065,0.000033,0.000000,0.000016,0.000000,0.000000,0.000049,0.000049,0.000049,0.000016,0.000098,0.000033,0.000033,0.000000,0.000000,0.000000,0.000016,0.000033,0.000016,0.000016,0.000000,0.000033,0.000000,0.000016,0.000016,0.000000
0.077000,0.002734,0.000000,0.000000,0.000000,0.000000,0.000033,0.000016,0.000016,0.000000,0.000033,0.000016,0.000016,0.000065,0.000000,0.000016,0.000033,0.000016,0.000016,0.000000,0.000000,0.000000,0.000000,0.000016,0.000000,0.000000,0.000000,0.000000,0.000000,0.000000,0.000000,0.000000,0.000049,0.000000,0.000000,0.000000,0.000000,0.000000,0.000000,0.000000,0.000000,0.000033,0.000016,0.000000,0.000016,0.000000,0.000049,0.000000,0.000016,0.000000,0.000000,0.000016,0.000000,0.000000,0.000016,0.000000,0.000016,0.000000,0.000033,0.000033,0.000016,0.000000,0.000033,0.000000,0.000000,0.000000,0.000000,0.000000,0.000000,0.000000,0.000000,0.000000,0.000000,0.000000,0.000016,0.000000,0.000000,0.000000,0.000000,0.000000,0.000000,0.000016,0.000000,0.000000,0.000000,0.000000,0.000000,0.000000,0.000000,0.000000,0.000000,0.000000,0.000033,0.000000,0.000000,0.000000,0.000000,0.000000,0.000000,0.000000,0.000016,0.000016,0.000049,0.000000,0.000016,0.000049,0.000000,0.000000,0.000033,0.000033,0.000000,0.000033,0.000016,0.000000,0.000016,0.000016,0.000033,0.000000,0.000033,0.000000,0.000033,0.000000,0.000033,0.000000,0.000033,0.000016,0.000016,0.000016,0.000000,0.000049,0.000016,0.000000,0.000000,0.000049,0.000033,0.000049,0.000049,0.000049,0.000033,0.000049,0.000016,0.000016,0.000049,0.000000,0.000049,0.000065,0.000016,0.000065,0.000033,0.000049,0.000049,0.000016,0.000016,0.000065,0.000000,0.000033,0.000016,0.000033,0.000049,0.000033,0.000016,0.000016,0.000016,0.000016,0.000016,0.000000,0.000016,0.000033,0.000049,0.000033,0.000016,0.000049,0.000016,0.000016,0.000033,0.000000,0.000000,0.000016,0.000016,0.000000,0.000000,0.000033,0.000016,0.000033,0.000000,0.000016,0.000000
0.078000,0.003323,0.000000,0.000000,0.000016,0.000000,0.000033,0.000000,0.000016,0.000033,0.000033,0.000000,0.000000,0.000016,0.000049,0.000033,0.000000,0.000000,0.000000,0.000000,0.000000,0.000000,0.000000,0.000016,0.000000,0.000000,0.000033,0.000016,0.000000,0.000033,0.000033,0.000016,0.000000,0.000016,0.000000,0.000049,0.000049,0.000000,0.000016,0.000000,0.000016,0.000000,0.000000,0.000000,0.000033,0.000000,0.000016,0.000000,0.000000,0.000016,0.000000,0.000033,0.000000,0.000000,0.000000,0.000000,0.000000,0.000016,0.000000,0.000016,0.000016,0.000016,0.000000,0.000000,0.000016,0.000016,0.000000,0.000000,0.000000,0.000000,0.000000,0.000000,0.000000,0.000033,0.000000,0.000000,0.000000,0.000000,0.000000,0.000016,0.000000,0.000033,0.000000,0.000000,0.000000,0.000000,0.000000,0.000000,0.000000,0.000000,0.000000,0.000016,0.000000,0.000000,0.000000,0.000000,0.000000,0.000000,0.000016,0.000000,0.000033,0.000000,0.000049,0.000049,0.000033,0.000065,0.000000,0.000033,0.000033,0.000016,0.000033,0.000016,0.000016,0.000033,0.000016,0.000082,0.000000,0.000000,0.000049,0.000016,0.000033,0.000016,0.000082,0.000049,0.000000,0.000033,0.000033,0.000098,0.000033,0.000033,0.000033,0.000033,0.000000,0.000000,0.000016,0.000115,0.000016,0.000065,0.000082,0.000016,0.000033,0.000033,0.000049,0.000000,0.000049,0.000016,0.000049,0.000033,0.000016,0.000016,0.000000,0.000016,0.000033,0.000000,0.000000,0.000000,0.000033,0.000049,0.000033,0.000016,0.000016,0.000065,0.000115,0.000033,0.000049,0.000016,0.000016,0.000016,0.000033,0.000000,0.000033,0.000033,0.000049,0.000016,0.000000,0.000016,0.000000,0.000016,0.000000,0.000016,0.000033,0.000033,0.000000,0.000000,0.000016,0.000033,0.000000
0.079000,0.002979,0.000000,0.000000,0.000033,0.000016,0.000000,0.000033,0.000033,0.000016,0.000000,0.000000,0.000016,0.000016,0.000016,0.000049,0.000000,0.000016,0.000016,0.000000,0.000016,0.000033,0.000000,0.000000,0.000000,0.000000,0.000016,0.000016,0.000016,0.000000,0.000016,0.000000,0.000016,0.000016,0.000016,0.000016,0.000016,0.000000,0.000016,0.000000,0.000016,0.000033,0.000000,0.000000,0.000000,0.000016,0.000000,0.000000,0.000016,0.000016,0.000000,0.000000,0.000000,0.000000,0.000000,0.000000,0.000016,0.000000,0.000000,0.000033,0.000016,0.000000,0.000000,0.000000,0.000000,0.000016,0.000000,0.000000,0.000016,0.000000,0.000016,0.000000,0.000000,0.000000,0.000016,0.000000,0.000000,0.000000,0.000000,0.000000,0.000000,0.000049,0.000000,0.000000,0.000000,0.000000,0.000000,0.000000,0.000000,0.000000,0.000000,0.000000,0.000000,0.000000,0.000000,0.000000,0.000000,0.000000,0.000000,0.000016,0.000016,0.000000,0.000000,0.000000,0.000033,0.000033,0.000033,0.000000,0.000000,0.000033,0.000016,0.000033,0.000000,0.000016,0.000016,0.000000,0.000000,0.000016,0.000016,0.000049,0.000049,0.000000,0.000065,0.000033,0.000033,0.000016,0.000033,0.000033,0.000033,0.000033,0.000033,0.000016,0.000000,0.000049,0.000065,0.000000,0.000049,0.000033,0.000016,0.000082,0.000033,0.000000,0.000049,0.000000,0.000033,0.000033,0.000016,0.000016,0.000049,0.000016,0.000000,0.000065,0.000049,0.000049,0.000000,0.000016,0.000033,0.000033,0.000049,0.000049,0.000016,0.000049,0.000049,0.000016,0.000049,0.000016,0.000033,0.000016,0.000016,0.000082,0.000065,0.000016,0.000000,0.000000,0.000000,0.000065,0.000000,0.000016,0.000016,0.000016,0.000033,0.000000,0.000000,0.000016,0.000000,0.000000,0.000049
0.080000,0.003585,0.000000,0.000000,0.000000,0.000016,0.000016,0.000033,0.000033,0.000049,0.000016,0.000049,0.000000,0.000065,0.000000,0.000016,0.000000,0.000016,0.000016,0.000016,0.000033,0.000016,0.000000,0.000000,0.000000,0.000000,0.000016,0.000000,0.000000,0.000016,0.000016,0.000000,0.000033,0.000000,0.000016,0.000016,0.000065,0.000000,0.000016,0.000033,0.000000,0.000016,0.000033,0.000049,0.000016,0.000016,0.000000,0.000016,0.000016,0.000000,0.000000,0.000016,0.000000,0.000000,0.000000,0.000016,0.000016,0.000000,0.000016,0.000016,0.000000,0.000000,0.000000,0.000000,0.000000,0.000000,0.000000,0.000016,0.000000,0.000000,0.000016,0.000000,0.000000,0.000000,0.000000,0.000000,0.000000,0.000000,0.000000,0.000016,0.000000,0.000016,0.000000,0.000000,0.000000,0.000000,0.000000,0.000000,0.000000,0.000000,0.000000,0.000000,0.000016,0.000000,0.000000,0.000000,0.000000,0.000000,0.000000,0.000000,0.000016,0.000000,0.000016,0.000033,0.000000,0.000033,0.000033,0.000049,0.000016,0.000033,0.000000,0.000033,0.000016,0.000016,0.000016,0.000016,0.000033,0.000016,0.000082,0.000049,0.000049,0.000016,0.000033,0.000016,0.000049,0.000049,0.000000,0.000016,0.000033,0.000016,0.000049,0.000049,0.000000,0.000033,0.000000,0.000082,0.000065,0.000065,0.000000,0.000016,0.000016,0.000065,0.000000,0.000000,0.000033,0.000082,0.000016,0.000016,0.000016,0.000082,0.000098,0.000049,0.000016,0.000065,0.000016,0.000049,0.000033,0.000065,0.000082,0.000065,0.000016,0.000016,0.000016,0.000033,0.000016,0.000000,0.000049,0.000000,0.000033,0.000016,0.000033,0.000033,0.000049,0.000016,0.000033,0.000049,0.000016,0.000049,0.000016,0.000049,0.000000,0.000016,0.000000,0.000016,0.000016,0.000016,0.000016
0.081000,0.003175,0.000000,0.000000,0.000016,0.000016,0.000000,0.000049,0.000016,0.000016,0.000033,0.000016,0.000033,0.000000,0.000033,0.000016,0.000016,0.000016,0.000000,0.000000,0.000033,0.000000,0.000016,0.000033,0.000000,0.000000,0.000016,0.000016,0.000016,0.000016,0.000016,0.000000,0.000016,0.000000,0.000016,0.000000,0.000016,0.000033,0.000000,0.000016,0.000000,0.000033,0.000000,0.000000,0.000000,0.000000,0.000016,0.000049,0.000033,0.000033,0.000033,0.000000,0.000016,0.000000,0.000000,0.000033,0.000016,0.000000,0.000000,0.000049,0.000016,0.000016,0.000016,0.000000,0.000000,0.000000,0.000016,0.000016,0.000000,0.000000,0.000000,0.000000,0.000000,0.000016,0.000000,0.000000,0.000000,0.000000,0.000016,0.000000,0.000000,0.000016,0.000000,0.000000,0.000000,0.000000,0.000000,0.000000,0.000000,0.000000,0.000000,0.000000,0.000000,0.000000,0.000000,0.000000,0.000000,0.000000,0.000000,0.000000,0.000016,0.000000,0.000016,0.000049,0.000016,0.000033,0.000000,0.000049,0.000016,0.000000,0.000000,0.000016,0.000000,0.000033,0.000000,0.000016,0.000016,0.000000,0.000016,0.000000,0.000033,0.000000,0.000033,0.000000,0.000000,0.000082,0.000016,0.000000,0.000000,0.000065,0.000049,0.000049,0.000000,0.000033,0.000033,0.000033,0.000033,0.000049,0.000065,0.000033,0.000033,0.000033,0.000033,0.000000,0.000016,0.000049,0.000016,0.000033,0.000000,0.000033,0.000016,0.000016,0.000049,0.000000,0.000000,0.000033,0.000049,0.000033,0.000016,0.000049,0.000033,0.000033,0.000033,0.000049,0.000016,0.000000,0.000016,0.000000,0.000016,0.000016,0.000049,0.000033,0.000033,0.000082,0.000033,0.000082,0.000033,0.000033,0.000033,0.000033,0.000000,0.000016,0.000033,0.000016,0.000033,0.000016,0.000016
0.082000,0.003437,0.000000,0.000000,0.000000,0.000000,0.000049,0.000016,0.000016,0.000016,0.000016,0.000016,0.000016,0.000000,0.000049,0.000016,0.000016,0.000016,0.000016,0.000000,0.000000,0.000016,0.000000,0.000000,0.000016,0.000049,0.000016,0.000033,0.000033,0.000065,0.000000,0.000000,0.000000,0.000016,0.000016,0.000016,0.000016,0.000016,0.000016,0.000016,0.000016,0.000000,0.000000,0.000000,0.000000,0.000000,0.000000,0.000000,0.000033,0.000000,0.000000,0.000000,0.000016,0.000000,0.000000,0.000016,0.000000,0.000000,0.000000,0.000000,0.000000,0.000016,0.000000,0.000000,0.000000,0.000000,0.000000,0.000000,0.000000,0.000000,0.000016,0.000000,0.000000,0.000000,0.000000,0.000000,0.000016,0.000000,0.000000,0.000000,0.000000,0.000000,0.000000,0.000000,0.000000,0.000000,0.000000,0.000000,0.000000,0.000000,0.000000,0.000000,0.000000,0.000000,0.000000,0.000000,0.000000,0.000000,0.000033,0.000000,0.000016,0.000131,0.000033,0.000049,0.000065,0.000000,0.000049,0.000016,0.000016,0.000000,0.000000,0.000000,0.000000,0.000016,0.000016,0.000016,0.000016,0.000000,0.000016,0.000000,0.000033,0.000016,0.000000,0.000016,0.000000,0.000016,0.000000,0.000049,0.000016,0.000115,0.000065,0.000016,0.000000,0.000065,0.000016,0.000049,0.000016,0.000049,0.000033,0.000033,0.000016,0.000016,0.000033,0.000000,0.000049,0.000082,0.000049,0.000016,0.000082,0.000033,0.000049,0.000082,0.000033,0.000065,0.000000,0.000049,0.000016,0.000033,0.000016,0.000000,0.000000,0.000049,0.000049,0.000016,0.000033,0.000000,0.000033,0.000065,0.000033,0.000033,0.000033,0.000082,0.000033,0.000049,0.000033,0.000033,0.000033,0.000049,0.000049,0.000065,0.000033,0.000016,0.000016,0.000000,0.000000,0.000016,0.000033
0.083000,0.003175,0.000000,0.000000,0.000033,0.000000,0.000016,0.000016,0.000016,0.000016,0.000033,0.000033,0.000016,0.000000,0.000000,0.000016,0.000000,0.000000,0.000016,0.000016,0.000000,0.000016,0.000016,0.000016,0.000016,0.000000,0.000016,0.000016,0.000000,0.000000,0.000016,0.000016,0.000016,0.000000,0.000016,0.000033,0.000033,0.000016,0.000000,0.000016,0.000033,0.000000,0.000016,0.000016,0.000000,0.000000,0.000000,0.000000,0.000000,0.000000,0.000000,0.000000,0.000016,0.000000,0.000000,0.000000,0.000000,0.000000,0.000016,0.000000,0.000000,0.000016,0.000000,0.000000,0.000000,0.000000,0.000000,0.000000,0.000000,0.000000,0.000065,0.000000,0.000000,0.000000,0.000000,0.000000,0.000000,0.000016,0.000000,0.000000,0.000033,0.000000,0.000000,0.000000,0.000000,0.000000,0.000000,0.000000,0.000000,0.000000,0.000000,0.000000,0.000016,0.000000,0.000000,0.000000,0.000000,0.000000,0.000000,0.000000,0.000000,0.000000,0.000033,0.000033,0.000016,0.000033,0.000000,0.000000,0.000000,0.000065,0.000016,0.000033,0.000016,0.000049,0.000049,0.000049,0.000016,0.000033,0.000016,0.000049,0.000065,0.000000,0.000016,0.000033,0.000000,0.000016,0.000033,0.000065,0.000000,0.000049,0.000049,0.000049,0.000000,0.000049,0.000049,0.000049,0.000016,0.000016,0.000033,0.000049,0.000033,0.000033,0.000000,0.000016,0.000065,0.000000,0.000082,0.000049,0.000033,0.000065,0.000065,0.000000,0.000016,0.000000,0.000016,0.000033,0.000000,0.000065,0.000033,0.000016,0.000049,0.000065,0.000016,0.000016,0.000016,0.000000,0.000049,0.000016,0.000033,0.000016,0.000000,0.000049,0.000016,0.000049,0.000033,0.000016,0.000000,0.000000,0.000033,0.000000,0.000033,0.000000,0.000033,0.000049,0.000049,0.000000,0.000033
0.084000,0.003323,0.000000,0.000000,0.000016,0.000000,0.000033,0.000049,0.000033,0.000000,0.000000,0.000016,0.000000,0.000016,0.000000,0.000000,0.000016,0.000065,0.000033,0.000016,0.000000,0.000033,0.000000,0.000016,0.000000,0.000000,0.000033,0.000000,0.000016,0.000000,0.000033,0.000033,0.000016,0.000000,0.000000,0.000000,0.000033,0.000016,0.000033,0.000016,0.000016,0.000082,0.000033,0.000000,0.000016,0.000000,0.000000,0.000000,0.000016,0.000016,0.000000,0.000000,0.000000,0.000000,0.000000,0.000033,0.000000,0.000000,0.000016,0.000000,0.000016,0.000000,0.000000,0.000016,0.000000,0.000000,0.000000,0.000000,0.000000,0.000000,0.000065,0.000000,0.000000,0.000000,0.000000,0.000000,0.000000,0.000000,0.000000,0.000000,0.000000,0.000000,0.000000,0.000000,0.000000,0.000000,0.000000,0.000000,0.000000,0.000000,0.000000,0.000000,0.000033,0.000000,0.000000,0.000000,0.000000,0.000000,0.000033,0.000000,0.000033,0.000000,0.000016,0.000016,0.000016,0.000065,0.000049,0.000033,0.000016,0.000049,0.000000,0.000016,0.000033,0.000000,0.000033,0.000000,0.000033,0.000016,0.000033,0.000049,0.000033,0.000016,0.000016,0.000033,0.000049,0.000016,0.000000,0.000033,0.000033,0.000016,0.000033,0.000033,0.000000,0.000016,0.000016,0.000016,0.000016,0.000000,0.000033,0.000098,0.000016,0.000033,0.000049,0.000000,0.000000,0.000049,0.000049,0.000033,0.000065,0.000000,0.000049,0.000000,0.000033,0.000016,0.000016,0.000049,0.000033,0.000016,0.000000,0.000016,0.000049,0.000016,0.000016,0.000016,0.000065,0.000000,0.000049,0.000065,0.000016,0.000016,0.000000,0.000016,0.000033,0.000016,0.000016,0.000016,0.000000,0.000033,0.000033,0.000098,0.000049,0.000065,0.000049,0.000016,0.000016,0.000016,0.000033
0.085000,0.003045,0.000000,0.000000,0.000016,0.000033,0.000016,0.000000,0.000000,0.000016,0.000049,0.000016,0.000016,0.000000,0.000016,0.000000,0.000016,0.000000,0.000033,0.000000,0.000000,0.000000,0.000000,0.000016,0.000000,0.000000,0.000016,0.000000,0.000000,0.000000,0.000000,0.000000,0.000016,0.000016,0.000016,0.000033,0.000000,0.000000,0.000016,0.000033,0.000000,0.000000,0.000000,0.000016,0.000000,0.000000,0.000000,0.000000,0.000016,0.000000,0.000000,0.000000,0.000016,0.000000,0.000016,0.000000,0.000000,0.000000,0.000000,0.000000,0.000016,0.000016,0.000000,0.000016,0.000016,0.000016,0.000000,0.000000,0.000000,0.000000,0.000033,0.000000,0.000000,0.000016,0.000000,0.000000,0.000016,0.000000,0.000000,0.000016,0.000000,0.000000,0.000000,0.000000,0.000000,0.000000,0.000000,0.000000,0.000000,0.000000,0.000000,0.000000,0.000000,0.000000,0.000000,0.000000,0.000000,0.000000,0.000016,0.000000,0.000016,0.000033,0.000033,0.000016,0.000033,0.000000,0.000033,0.000033,0.000016,0.000049,0.000000,0.000016,0.000033,0.000049,0.000016,0.000000,0.000016,0.000016,0.000049,0.000016,0.000033,0.000000,0.000049,0.000049,0.000016,0.000033,0.000065,0.000000,0.000033,0.000016,0.000016,0.000000,0.000000,0.000033,0.000049,0.000049,0.000016,0.000016,0.000065,0.000065,0.000016,0.000000,0.000049,0.000033,0.000016,0.000049,0.000016,0.000065,0.000049,0.000000,0.000065,0.000115,0.000016,0.000049,0.000016,0.000000,0.000016,0.000016,0.000016,0.000033,0.000033,0.000033,0.000033,0.000016,0.000049,0.000000,0.000000,0.000016,0.000000,0.000049,0.000016,0.000033,0.000033,0.000016,0.000033,0.000033,0.000049,0.000033,0.000016,0.000033,0.000016,0.000016,0.000065,0.000016,0.000016,0.000016,0.000016
0.086000,0.003126,0.000016,0.000000,0.000000,0.000049,0.000016,0.000016,0.000016,0.000016,0.000000,0.000016,0.000016,0.000000,0.000016,0.000000,0.000000,0.000016,0.000000,0.000000,0.000016,0.000049,0.000049,0.000000,0.000000,0.000000,0.000016,0.000000,0.000033,0.000000,0.000000,0.000016,0.000000,0.000000,0.000000,0.000016,0.000033,0.000016,0.000016,0.000000,0.000016,0.000000,0.000016,0.000033,0.000016,0.000000,0.000016,0.000000,0.000000,0.000000,0.000016,0.000000,0.000016,0.000000,0.000016,0.000000,0.000000,0.000000,0.000000,0.000000,0.000033,0.000016,0.000000,0.000016,0.000000,0.000000,0.000000,0.000000,0.000000,0.000000,0.000016,0.000000,0.000000,0.000016,0.000000,0.000000,0.000000,0.000000,0.000000,0.000000,0.000000,0.000016,0.000000,0.000000,0.000000,0.000000,0.000000,0.000016,0.000000,0.000000,0.000000,0.000000,0.000016,0.000000,0.000000,0.000000,0.000000,0.000000,0.000033,0.000000,0.000065,0.000016,0.000000,0.000000,0.000000,0.000065,0.000016,0.000016,0.000016,0.000000,0.000000,0.000016,0.000033,0.000033,0.000033,0.000016,0.000016,0.000000,0.000049,0.000033,0.000016,0.000000,0.000033,0.000016,0.000016,0.000016,0.000016,0.000033,0.000049,0.000016,0.000016,0.000098,0.000000,0.000049,0.000000,0.000049,0.000000,0.000065,0.000016,0.000082,0.000016,0.000049,0.000065,0.000000,0.000033,0.000033,0.000016,0.000065,0.000000,0.000049,0.000033,0.000033,0.000033,0.000049,0.000000,0.000016,0.000033,0.000016,0.000033,0.000049,0.000049,0.000033,0.000016,0.000000,0.000016,0.000000,0.000049,0.000049,0.000049,0.000000,0.000049,0.000049,0.000016,0.000049,0.000082,0.000000,0.000000,0.000016,0.000016,0.000033,0.000016,0.000000,0.000000,0.000016,0.000033,0.000049,0.000016
0.087000,0.003765,0.000000,0.000000,0.000000,0.000016,0.000049,0.000049,0.000000,0.000049,0.000016,0.000016,0.000033,0.000016,0.000016,0.000033,0.000016,0.000016,0.000000,0.000000,0.000000,0.000000,0.000000,0.000000,0.000000,0.000016,0.000000,0.000000,0.000000,0.000000,0.000016,0.000000,0.000000,0.000033,0.000016,0.000016,0.000000,0.000033,0.000000,0.000000,0.000000,0.000000,0.000000,0.000016,0.000016,0.000016,0.000016,0.000000,0.000000,0.000000,0.000016,0.000000,0.000016,0.000000,0.000000,0.000000,0.000000,0.000033,0.000000,0.000000,0.000000,0.000000,0.000000,0.000000,0.000000,0.000016,0.000000,0.000000,0.000016,0.000000,0.000049,0.000000,0.000000,0.000000,0.000000,0.000000,0.000000,0.000000,0.000000,0.000000,0.000016,0.000033,0.000016,0.000000,0.000016,0.000000,0.000000,0.000000,0.000000,0.000000,0.000016,0.000000,0.000033,0.000000,0.000000,0.000000,0.000000,0.000000,0.000016,0.000000,0.000033,0.000016,0.000033,0.000016,0.000082,0.000033,0.000033,0.000016,0.000016,0.000000,0.000000,0.000000,0.000033,0.000016,0.000049,0.000049,0.000065,0.000033,0.000049,0.000016,0.000016,0.000000,0.000033,0.000016,0.000049,0.000065,0.000049,0.000049,0.000065,0.000016,0.000033,0.000082,0.000000,0.000033,0.000065,0.000016,0.000016,0.000033,0.000033,0.000016,0.000033,0.000098,0.000000,0.000000,0.000016,0.000065,0.000033,0.000049,0.000082,0.000000,0.000033,0.000033,0.000033,0.000049,0.000016,0.000016,0.000082,0.000033,0.000065,0.000065,0.000049,0.000033,0.000033,0.000049,0.000115,0.000016,0.000016,0.000000,0.000033,0.000000,0.000065,0.000016,0.000033,0.000016,0.000033,0.000000,0.000033,0.000033,0.000049,0.000033,0.000065,0.000065,0.000000,0.000033,0.000016,0.000016,0.000016
0.088000,0.002979,0.000016,0.000000,0.000016,0.000016,0.000000,0.000000,0.000000,0.000016,0.000049,0.000033,0.000016,0.000016,0.000033,0.000016,0.000016,0.000000,0.000000,0.000033,0.000000,0.000000,0.000000,0.000016,0.000000,0.000033,0.000000,0.000000,0.000016,0.000000,0.000016,0.000016,0.000000,0.000000,0.000000,0.000000,0.000016,0.000033,0.000000,0.000033,0.000033,0.000000,0.000000,0.000016,0.000000,0.000033,0.000000,0.000000,0.000000,0.000000,0.000000,0.000033,0.000000,0.000033,0.000000,0.000016,0.000000,0.000000,0.000000,0.000016,0.000000,0.000000,0.000000,0.000016,0.000016,0.000000,0.000000,0.000000,0.000000,0.000000,0.000000,0.000000,0.000000,0.000000,0.000000,0.000000,0.000000,0.000000,0.000016,0.000000,0.000000,0.000033,0.000000,0.000000,0.000000,0.000000,0.000000,0.000000,0.000016,0.000000,0.000000,0.000000,0.000016,0.000000,0.000000,0.000000,0.000000,0.000000,0.000000,0.000000,0.000033,0.000016,0.000033,0.000033,0.000033,0.000000,0.000016,0.000033,0.000016,0.000016,0.000000,0.000016,0.000016,0.000000,0.000000,0.000016,0.000016,0.000033,0.000016,0.000033,0.000016,0.000000,0.000000,0.000049,0.000065,0.000000,0.000000,0.000016,0.000000,0.000000,0.000049,0.000016,0.000000,0.000033,0.000033,0.000000,0.000033,0.000033,0.000049,0.000000,0.000016,0.000000,0.000131,0.000016,0.000000,0.000049,0.000033,0.000033,0.000016,0.000049,0.000033,0.000049,0.000049,0.000016,0.000033,0.000065,0.000033,0.000033,0.000033,0.000016,0.000033,0.000016,0.000016,0.000016,0.000033,0.000016,0.000049,0.000033,0.000049,0.000033,0.000033,0.000065,0.000000,0.000016,0.000016,0.000033,0.000033,0.000000,0.000016,0.000033,0.000016,0.000000,0.000033,0.000000,0.000049,0.000065,0.000049
0.089000,0.003339,0.000016,0.000016,0.000000,0.000016,0.000033,0.000016,0.000016,0.000016,0.000033,0.000000,0.000000,0.000016,0.000049,0.000000,0.000033,0.000016,0.000000,0.000000,0.000000,0.000016,0.000016,0.000000,0.000016,0.000016,0.000016,0.000033,0.000000,0.000000,0.000000,0.000000,0.000016,0.000000,0.000000,0.000033,0.000000,0.000000,0.000016,0.000000,0.000033,0.000016,0.000000,0.000000,0.000000,0.000000,0.000016,0.000016,0.000033,0.000000,0.000000,0.000000,0.000000,0.000000,0.000016,0.000000,0.000016,0.000016,0.000016,0.000016,0.000000,0.000000,0.000000,0.000033,0.000016,0.000000,0.000000,0.000000,0.000000,0.000000,0.000016,0.000000,0.000000,0.000000,0.000000,0.000000,0.000000,0.000000,0.000000,0.000000,0.000000,0.000016,0.000000,0.000000,0.000000,0.000000,0.000000,0.000000,0.000000,0.000000,0.000000,0.000000,0.000065,0.000000,0.000000,0.000000,0.000000,0.000000,0.000049,0.000016,0.000033,0.000049,0.000000,0.000033,0.000000,0.000016,0.000016,0.000065,0.000033,0.000016,0.000000,0.000000,0.000016,0.000033,0.000033,0.000016,0.000049,0.000033,0.000000,0.000000,0.000016,0.000016,0.000016,0.000016,0.000033,0.000033,0.000049,0.000016,0.000000,0.000033,0.000016,0.000065,0.000000,0.000082,0.000016,0.000065,0.000000,0.000049,0.000016,0.000033,0.000033,0.000033,0.000033,0.000000,0.000065,0.000016,0.000065,0.000016,0.000033,0.000049,0.000000,0.000033,0.000049,0.000033,0.000016,0.000065,0.000033,0.000033,0.000065,0.000049,0.000049,0.000049,0.000016,0.000016,0.000033,0.000000,0.000033,0.000000,0.000000,0.000049,0.000033,0.000033,0.000033,0.000065,0.000016,0.000016,0.000000,0.000016,0.000033,0.000016,0.000033,0.000065,0.000000,0.000033,0.000016,0.000082,0.000000
0.090000,0.003519,0.000000,0.000000,0.000016,0.000016,0.000049,0.000033,0.000033,0.000016,0.000016,0.000016,0.000016,0.000033,0.000000,0.000000,0.000000,0.000000,0.000000,0.000033,0.000016,0.000000,0.000016,0.000016,0.000016,0.000016,0.000000,0.000016,0.000000,0.000000,0.000016,0.000016,0.000016,0.000016,0.000016,0.000016,0.000000,0.000049,0.000016,0.000000,0.000016,0.000016,0.000016,0.000000,0.000000,0.000000,0.000016,0.000000,0.000016,0.000000,0.000016,0.000033,0.000000,0.000016,0.000000,0.000000,0.000000,0.000016,0.000000,0.000033,0.000000,0.000049,0.000000,0.000000,0.000016,0.000000,0.000016,0.000000,0.000000,0.000000,0.000033,0.000016,0.000000,0.000016,0.000000,0.000016,0.000000,0.000000,0.000000,0.000000,0.000016,0.000033,0.000016,0.000000,0.000000,0.000000,0.000000,0.000000,0.000000,0.000000,0.000000,0.000000,0.000033,0.000000,0.000000,0.000000,0.000000,0.000000,0.000033,0.000000,0.000016,0.000033,0.000000,0.000016,0.000016,0.000016,0.000049,0.000033,0.000016,0.000033,0.000016,0.000000,0.000016,0.000033,0.000000,0.000016,0.000016,0.000016,0.000016,0.000033,0.000049,0.000000,0.000033,0.000065,0.000049,0.000016,0.000049,0.000049,0.000016,0.000033,0.000049,0.000033,0.000000,0.000049,0.000016,0.000033,0.000033,0.000016,0.000033,0.000049,0.000016,0.000033,0.000016,0.000000,0.000000,0.000033,0.000049,0.000098,0.000082,0.000033,0.000049,0.000065,0.000033,0.000033,0.000000,0.000033,0.000049,0.000065,0.000016,0.000016,0.000016,0.000033,0.000033,0.000016,0.000033,0.000016,0.000016,0.000049,0.000049,0.000016,0.000098,0.000016,0.000000,0.000016,0.000049,0.000000,0.000016,0.000033,0.000016,0.000049,0.000016,0.000000,0.000033,0.000000,0.000049,0.000016,0.000016
0.091000,0.003094,0.000000,0.000000,0.000033,0.000065,0.000049,0.000016,0.000000,0.000016,0.000033,0.000016,0.000000,0.000016,0.000000,0.000000,0.000000,0.000049,0.000000,0.000000,0.000016,0.000033,0.000000,0.000016,0.000016,0.000000,0.000016,0.000016,0.000016,0.000000,0.000000,0.000016,0.000000,0.000016,0.000000,0.000016,0.000016,0.000000,0.000049,0.000000,0.000000,0.000016,0.000016,0.000000,0.000000,0.000000,0.000000,0.000000,0.000016,0.000000,0.000016,0.000016,0.000000,0.000000,0.000016,0.000000,0.000000,0.000000,0.000000,0.000000,0.000000,0.000000,0.000000,0.000000,0.000000,0.000016,0.000000,0.000000,0.000016,0.000000,0.000016,0.000000,0.000000,0.000000,0.000000,0.000000,0.000000,0.000000,0.000016,0.000000,0.000016,0.000033,0.000000,0.000000,0.000000,0.000000,0.000000,0.000000,0.000000,0.000000,0.000000,0.000000,0.000000,0.000000,0.000000,0.000000,0.000000,0.000000,0.000049,0.000000,0.000033,0.000000,0.000016,0.000016,0.000049,0.000065,0.000033,0.000016,0.000065,0.000000,0.000000,0.000000,0.000016,0.000033,0.000016,0.000049,0.000000,0.000033,0.000049,0.000033,0.000016,0.000000,0.000016,0.000049,0.000016,0.000033,0.000000,0.000049,0.000016,0.000016,0.000016,0.000033,0.000000,0.000016,0.000033,0.000049,0.000049,0.000000,0.000016,0.000049,0.000016,0.000016,0.000033,0.000016,0.000000,0.000082,0.000049,0.000016,0.000016,0.000016,0.000000,0.000049,0.000016,0.000049,0.000016,0.000033,0.000033,0.000065,0.000049,0.000082,0.000033,0.000049,0.000033,0.000033,0.000082,0.000000,0.000000,0.000016,0.000082,0.000049,0.000033,0.000000,0.000049,0.000000,0.000033,0.000033,0.000000,0.000016,0.000000,0.000000,0.000000,0.000033,0.000000,0.000000,0.000000,0.000065,0.000000
0.092000,0.003486,0.000000,0.000000,0.000000,0.000033,0.000033,0.000016,0.000016,0.000016,0.000000,0.000016,0.000049,0.000049,0.000016,0.000000,0.000000,0.000000,0.000033,0.000000,0.000016,0.000000,0.000000,0.000000,0.000033,0.000033,0.000016,0.000000,0.000016,0.000016,0.000000,0.000016,0.000000,0.000000,0.000016,0.000049,0.000016,0.000000,0.000016,0.000000,0.000016,0.000016,0.000016,0.000000,0.000000,0.000033,0.000000,0.000000,0.000016,0.000000,0.000000,0.000016,0.000000,0.000000,0.000000,0.000000,0.000000,0.000000,0.000016,0.000033,0.000000,0.000000,0.000000,0.000000,0.000000,0.000000,0.000000,0.000016,0.000000,0.000000,0.000000,0.000000,0.000000,0.000000,0.000000,0.000000,0.000000,0.000000,0.000000,0.000000,0.000000,0.000033,0.000016,0.000000,0.000000,0.000016,0.000000,0.000000,0.000000,0.000000,0.000000,0.000000,0.000016,0.000000,0.000000,0.000000,0.000000,0.000000,0.000016,0.000000,0.000033,0.000033,0.000000,0.000016,0.000016,0.000065,0.000065,0.000033,0.000000,0.000016,0.000000,0.000033,0.000016,0.000033,0.000000,0.000016,0.000016,0.000000,0.000033,0.000016,0.000016,0.000016,0.000049,0.000033,0.000033,0.000000,0.000049,0.000065,0.000016,0.000033,0.000033,0.000049,0.000000,0.000065,0.000033,0.000082,0.000033,0.000016,0.000049,0.000065,0.000016,0.000065,0.000016,0.000000,0.000049,0.000065,0.000098,0.000049,0.000033,0.000016,0.000098,0.000082,0.000016,0.000016,0.000000,0.000033,0.000016,0.000000,0.000049,0.000065,0.000016,0.000033,0.000016,0.000000,0.000049,0.000000,0.000065,0.000016,0.000033,0.000033,0.000016,0.000016,0.000033,0.000033,0.000000,0.000016,0.000000,0.000065,0.000049,0.000016,0.000049,0.000016,0.000033,0.000016,0.000033,0.000033,0.000033
0.093000,0.003159,0.000000,0.000000,0.000000,0.000000,0.000033,0.000033,0.000000,0.000000,0.000065,0.000016,0.000033,0.000016,0.000000,0.000016,0.000000,0.000049,0.000016,0.000016,0.000000,0.000016,0.000016,0.000000,0.000000,0.000016,0.000049,0.000033,0.000000,0.000016,0.000000,0.000000,0.000000,0.000000,0.000000,0.000033,0.000016,0.000000,0.000016,0.000000,0.000000,0.000016,0.000016,0.000000,0.000000,0.000000,0.000016,0.000016,0.000016,0.000000,0.000000,0.000000,0.000033,0.000016,0.000033,0.000000,0.000000,0.000000,0.000000,0.000000,0.000000,0.000016,0.000000,0.000000,0.000016,0.000000,0.000000,0.000000,0.000000,0.000000,0.000000,0.000000,0.000000,0.000000,0.000000,0.000000,0.000000,0.000000,0.000000,0.000000,0.000000,0.000016,0.000016,0.000000,0.000000,0.000000,0.000016,0.000000,0.000000,0.000000,0.000000,0.000000,0.000016,0.000000,0.000000,0.000000,0.000000,0.000000,0.000033,0.000000,0.000000,0.000000,0.000049,0.000000,0.000016,0.000049,0.000049,0.000033,0.000016,0.000000,0.000000,0.000016,0.000033,0.000016,0.000000,0.000000,0.000016,0.000016,0.000000,0.000033,0.000000,0.000000,0.000033,0.000033,0.000033,0.000033,0.000033,0.000049,0.000033,0.000016,0.000033,0.000016,0.000016,0.000000,0.000016,0.000065,0.000049,0.000016,0.000000,0.000016,0.000000,0.000000,0.000016,0.000000,0.000098,0.000033,0.000016,0.000049,0.000065,0.000033,0.000115,0.000000,0.000033,0.000033,0.000000,0.000033,0.000098,0.000016,0.000049,0.000065,0.000016,0.000098,0.000033,0.000033,0.000065,0.000016,0.000065,0.000033,0.000000,0.000016,0.000016,0.000016,0.000082,0.000033,0.000016,0.000016,0.000000,0.000016,0.000016,0.000033,0.000000,0.000033,0.000000,0.000016,0.000049,0.000033,0.000016
0.094000,0.003388,0.000000,0.000000,0.000000,0.000033,0.000000,0.000033,0.000065,0.000000,0.000000,0.000016,0.000016,0.000016,0.000033,0.000000,0.000016,0.000000,0.000033,0.000033,0.000000,0.000016,0.000000,0.000000,0.000016,0.000016,0.000016,0.000033,0.000000,0.000000,0.000000,0.000000,0.000016,0.000000,0.000016,0.000000,0.000000,0.000000,0.000016,0.000016,0.000016,0.000016,0.000000,0.000016,0.000000,0.000000,0.000000,0.000016,0.000000,0.000000,0.000000,0.000016,0.000033,0.000016,0.000016,0.000000,0.000016,0.000000,0.000016,0.000000,0.000016,0.000016,0.000000,0.000000,0.000000,0.000000,0.000000,0.000000,0.000000,0.000016,0.000016,0.000000,0.000000,0.000000,0.000000,0.000000,0.000000,0.000000,0.000000,0.000000,0.000000,0.000049,0.000000,0.000000,0.000016,0.000000,0.000000,0.000000,0.000000,0.000000,0.000000,0.000000,0.000000,0.000000,0.000000,0.000000,0.000000,0.000000,0.000016,0.000000,0.000033,0.000033,0.000000,0.000016,0.000000,0.000033,0.000049,0.000016,0.000033,0.000016,0.000000,0.000049,0.000065,0.000033,0.000000,0.000000,0.000016,0.000016,0.000033,0.000082,0.000033,0.000000,0.000033,0.000033,0.000065,0.000000,0.000000,0.000065,0.000000,0.000016,0.000115,0.000049,0.000000,0.000033,0.000049,0.000016,0.000049,0.000049,0.000016,0.000033,0.000016,0.000049,0.000115,0.000016,0.000065,0.000016,0.000016,0.000000,0.000000,0.000033,0.000016,0.000065,0.000033,0.000049,0.000000,0.000049,0.000016,0.000082,0.000016,0.000016,0.000065,0.000016,0.000065,0.000033,0.000000,0.000000,0.000016,0.000016,0.000000,0.000033,0.000049,0.000016,0.000016,0.000082,0.000033,0.000016,0.000016,0.000033,0.000016,0.000049,0.000033,0.000033,0.000033,0.000033,0.000000,0.000049,0.000000
0.095000,0.003126,0.000000,0.000000,0.000000,0.000016,0.000016,0.000033,0.000049,0.000016,0.000033,0.000016,0.000033,0.000000,0.000016,0.000049,0.000016,0.000016,0.000016,0.000016,0.000000,0.000016,0.000016,0.000016,0.000000,0.000016,0.000016,0.000000,0.000000,0.000000,0.000033,0.000016,0.000000,0.000000,0.000016,0.000000,0.000033,0.000016,0.000016,0.000000,0.000016,0.000016,0.000000,0.000033,0.000000,0.000016,0.000000,0.000000,0.000049,0.000016,0.000000,0.000000,0.000016,0.000000,0.000000,0.000000,0.000000,0.000000,0.000000,0.000065,0.000016,0.000000,0.000000,0.000000,0.000000,0.000000,0.000000,0.000016,0.000000,0.000016,0.000033,0.000000,0.000016,0.000000,0.000016,0.000000,0.000000,0.000000,0.000000,0.000000,0.000000,0.000000,0.000000,0.000000,0.000000,0.000000,0.000000,0.000000,0.000000,0.000000,0.000000,0.000000,0.000000,0.000000,0.000000,0.000000,0.000000,0.000000,0.000033,0.000000,0.000000,0.000033,0.000000,0.000016,0.000049,0.000000,0.000000,0.000033,0.000033,0.000049,0.000000,0.000016,0.000000,0.000000,0.000049,0.000033,0.000000,0.000000,0.000016,0.000016,0.000016,0.000000,0.000016,0.000033,0.000033,0.000016,0.000016,0.000033,0.000065,0.000065,0.000033,0.000016,0.000016,0.000000,0.000033,0.000049,0.000016,0.000049,0.000016,0.000000,0.000033,0.000033,0.000033,0.000016,0.000033,0.000049,0.000049,0.000049,0.000049,0.000049,0.000000,0.000000,0.000016,0.000033,0.000016,0.000082,0.000000,0.000033,0.000049,0.000065,0.000016,0.000065,0.000016,0.000065,0.000016,0.000000,0.000016,0.000016,0.000033,0.000000,0.000033,0.000049,0.000000,0.000000,0.000065,0.000000,0.000016,0.000033,0.000016,0.000033,0.000049,0.000000,0.000016,0.000016,0.000049,0.000016,0.000000
0.096000,0.003175,0.000000,0.000016,0.000033,0.000016,0.000000,0.000000,0.000016,0.000033,0.000000,0.000000,0.000016,0.000016,0.000016,0.000000,0.000016,0.000016,0.000065,0.000000,0.000016,0.000000,0.000000,0.000000,0.000000,0.000000,0.000000,0.000033,0.000016,0.000000,0.000000,0.000016,0.000033,0.000016,0.000000,0.000000,0.000016,0.000033,0.000016,0.000033,0.000000,0.000000,0.000016,0.000000,0.000000,0.000000,0.000016,0.000000,0.000000,0.000000,0.000000,0.000000,0.000000,0.000000,0.000000,0.000016,0.000000,0.000000,0.000016,0.000016,0.000000,0.000016,0.000000,0.000000,0.000000,0.000000,0.000000,0.000000,0.000000,0.000000,0.000016,0.000016,0.000000,0.000000,0.000000,0.000016,0.000000,0.000016,0.000000,0.000000,0.000000,0.000033,0.000000,0.000000,0.000000,0.000000,0.000016,0.000000,0.000000,0.000000,0.000000,0.000000,0.000000,0.000000,0.000000,0.000000,0.000000,0.000000,0.000049,0.000000,0.000000,0.000033,0.000000,0.000016,0.000033,0.000016,0.000016,0.000000,0.000033,0.000033,0.000000,0.000033,0.000016,0.000033,0.000033,0.000033,0.000000,0.000033,0.000049,0.000115,0.000016,0.000000,0.000016,0.000049,0.000033,0.000049,0.000033,0.000033,0.000049,0.000033,0.000033,0.000049,0.000000,0.000033,0.000065,0.000016,0.000000,0.000049,0.000000,0.000049,0.000049,0.000033,0.000033,0.000016,0.000016,0.000065,0.000033,0.000000,0.000049,0.000033,0.000000,0.000049,0.000033,0.000033,0.000000,0.000000,0.000016,0.000065,0.000016,0.000000,0.000049,0.000016,0.000000,0.000033,0.000049,0.000016,0.000033,0.000016,0.000049,0.000016,0.000049,0.000016,0.000065,0.000033,0.000065,0.000000,0.000049,0.000016,0.000033,0.000016,0.000000,0.000000,0.000033,0.000065,0.000000,0.000016,0.000016
0.097000,0.003421,0.000000,0.000000,0.000000,0.000016,0.000016,0.000016,0.000000,0.000033,0.000049,0.000000,0.000033,0.000016,0.000000,0.000000,0.000049,0.000000,0.000016,0.000033,0.000016,0.000033,0.000016,0.000016,0.000016,0.000000,0.000000,0.000000,0.000033,0.000033,0.000000,0.000033,0.000000,0.000000,0.000000,0.000000,0.000000,0.000033,0.000016,0.000016,0.000000,0.000016,0.000000,0.000016,0.000016,0.000000,0.000016,0.000000,0.000000,0.000000,0.000000,0.000000,0.000000,0.000000,0.000000,0.000016,0.000000,0.000016,0.000000,0.000033,0.000000,0.000000,0.000000,0.000000,0.000016,0.000000,0.000016,0.000016,0.000000,0.000016,0.000000,0.000000,0.000016,0.000000,0.000000,0.000000,0.000000,0.000000,0.000016,0.000016,0.000000,0.000033,0.000000,0.000000,0.000016,0.000000,0.000000,0.000000,0.000000,0.000000,0.000000,0.000000,0.000000,0.000000,0.000000,0.000000,0.000000,0.000000,0.000000,0.000016,0.000000,0.000000,0.000000,0.000016,0.000016,0.000033,0.000016,0.000065,0.000016,0.000033,0.000000,0.000016,0.000049,0.000033,0.000033,0.000065,0.000000,0.000000,0.000033,0.000016,0.000065,0.000033,0.000016,0.000049,0.000082,0.000033,0.000065,0.000033,0.000000,0.000016,0.000033,0.000000,0.000000,0.000033,0.000049,0.000016,0.000016,0.000016,0.000016,0.000065,0.000033,0.000049,0.000016,0.000000,0.000049,0.000033,0.000000,0.000033,0.000082,0.000049,0.000098,0.000065,0.000049,0.000016,0.000033,0.000065,0.000000,0.000033,0.000065,0.000049,0.000000,0.000000,0.000016,0.000000,0.000065,0.000000,0.000049,0.000016,0.000016,0.000033,0.000016,0.000065,0.000000,0.000016,0.000033,0.000033,0.000016,0.000065,0.000016,0.000049,0.000049,0.000000,0.000033,0.000033,0.000016,0.000016,0.000016
0.098000,0.003503,0.000000,0.000016,0.000000,0.000000,0.000000,0.000000,0.000016,0.000000,0.000016,0.000016,0.000033,0.000016,0.000000,0.000000,0.000016,0.000000,0.000000,0.000000,0.000016,0.000000,0.000016,0.000065,0.000000,0.000033,0.000016,0.000016,0.000000,0.000000,0.000000,0.000000,0.000016,0.000000,0.000016,0.000000,0.000016,0.000033,0.000016,0.000000,0.000000,0.000033,0.000016,0.000016,0.000016,0.000016,0.000016,0.000000,0.000000,0.000000,0.000000,0.000000,0.000016,0.000000,0.000000,0.000000,0.000016,0.000016,0.000000,0.000000,0.000000,0.000000,0.000000,0.000000,0.000000,0.000000,0.000016,0.000000,0.000000,0.000016,0.000016,0.000000,0.000000,0.000000,0.000000,0.000000,0.000016,0.000000,0.000000,0.000000,0.000000,0.000000,0.000000,0.000000,0.000000,0.000000,0.000000,0.000000,0.000000,0.000000,0.000000,0.000000,0.000049,0.000000,0.000000,0.000000,0.000000,0.000000,0.000000,0.000000,0.000033,0.000065,0.000049,0.000016,0.000000,0.000016,0.000065,0.000000,0.000000,0.000033,0.000000,0.000082,0.000033,0.000033,0.000033,0.000033,0.000000,0.000016,0.000016,0.000082,0.000016,0.000000,0.000033,0.000065,0.000000,0.000016,0.000033,0.000000,0.000033,0.000033,0.000098,0.000016,0.000000,0.000016,0.000065,0.000065,0.000049,0.000033,0.000033,0.000016,0.000065,0.000033,0.000049,0.000016,0.000033,0.000082,0.000016,0.000033,0.000033,0.000016,0.000049,0.000033,0.000016,0.000065,0.000000,0.000016,0.000033,0.000115,0.000033,0.000033,0.000082,0.000082,0.000016,0.000082,0.000000,0.000000,0.000016,0.000000,0.000065,0.000016,0.000033,0.000049,0.000049,0.000016,0.000000,0.000049,0.000016,0.000016,0.000016,0.000098,0.000033,0.000033,0.000016,0.000016,0.000016,0.000000,0.000016
0.099000,0.002635,0.000000,0.000000,0.000000,0.000016,0.000016,0.000033,0.000016,0.000000,0.000033,0.000016,0.000016,0.000000,0.000033,0.000000,0.000000,0.000033,0.000000,0.000000,0.000000,0.000000,0.000000,0.000000,0.000016,0.000016,0.000016,0.000000,0.000000,0.000000,0.000000,0.000016,0.000016,0.000016,0.000016,0.000016,0.000016,0.000000,0.000016,0.000016,0.000033,0.000000,0.000016,0.000016,0.000000,0.000016,0.000000,0.000000,0.000016,0.000000,0.000000,0.000033,0.000000,0.000000,0.000000,0.000016,0.000000,0.000016,0.000000,0.000016,0.000000,0.000000,0.000000,0.000000,0.000033,0.000016,0.000000,0.000000,0.000000,0.000000,0.000016,0.000000,0.000000,0.000000,0.000000,0.000000,0.000000,0.000000,0.000000,0.000000,0.000000,0.000016,0.000000,0.000000,0.000000,0.000000,0.000000,0.000000,0.000000,0.000000,0.000000,0.000000,0.000016,0.000000,0.000000,0.000000,0.000000,0.000000,0.000000,0.000000,0.000033,0.000016,0.000033,0.000049,0.000016,0.000000,0.000033,0.000016,0.000000,0.000016,0.000000,0.000049,0.000016,0.000033,0.000033,0.000016,0.000016,0.000016,0.000000,0.000033,0.000000,0.000016,0.000065,0.000033,0.000000,0.000016,0.000016,0.000000,0.000016,0.000049,0.000000,0.000033,0.000000,0.000000,0.000000,0.000033,0.000065,0.000016,0.000033,0.000033,0.000049,0.000033,0.000033,0.000016,0.000033,0.000016,0.000000,0.000016,0.000033,0.000049,0.000016,0.000065,0.000000,0.000016,0.000016,0.000049,0.000016,0.000049,0.000016,0.000049,0.000033,0.000049,0.000098,0.000016,0.000000,0.000000,0.000016,0.000000,0.000033,0.000033,0.000016,0.000016,0.000033,0.000016,0.000000,0.000016,0.000000,0.000000,0.000049,0.000016,0.000016,0.000016,0.000000,0.000016,0.000000,0.000016,0.000033
0.100000,0.001015,0.000000,0.000000,0.000000,0.000000,0.000033,0.000016,0.000016,0.000000,0.000033,0.000016,0.000000,0.000000,0.000000,0.000000,0.000000,0.000000,0.000000,0.000016,0.000000,0.000000,0.000000,0.000000,0.000000,0.000000,0.000000,0.000000,0.000016,0.000000,0.000033,0.000000,0.000000,0.000000,0.000000,0.000033,0.000000,0.000000,0.000000,0.000016,0.000000,0.000000,0.000000,0.000000,0.000000,0.000000,0.000016,0.000000,0.000016,0.000000,0.000000,0.000000,0.000000,0.000000,0.000000,0.000000,0.000000,0.000000,0.000016,0.000000,0.000000,0.000000,0.000000,0.000000,0.000000,0.000000,0.000000,0.000000,0.000000,0.000000,0.000000,0.000000,0.000000,0.000000,0.000000,0.000000,0.000000,0.000000,0.000000,0.000000,0.000000,0.000000,0.000000,0.000000,0.000000,0.000000,0.000000,0.000000,0.000000,0.000000,0.000000,0.000000,0.000000,0.000000,0.000000,0.000000,0.000000,0.000000,0.000000,0.000000,0.000000,0.000016,0.000000,0.000016,0.000016,0.000000,0.000016,0.000016,0.000016,0.000000,0.000000,0.000016,0.000000,0.000000,0.000016,0.000016,0.000016,0.000000,0.000000,0.000049,0.000016,0.000000,0.000033,0.000016,0.000000,0.000016,0.000016,0.000016,0.000016,0.000033,0.000000,0.000016,0.000000,0.000000,0.000000,0.000000,0.000000,0.000016,0.000000,0.000000,0.000000,0.000016,0.000049,0.000000,0.000000,0.000000,0.000016,0.000000,0.000016,0.000016,0.000000,0.000000,0.000016,0.000000,0.000000,0.000000,0.000000,0.000000,0.000000,0.000016,0.000000,0.000000,0.000000,0.000000,0.000000,0.000000,0.000000,0.000016,0.000000,0.000000,0.000016,0.000016,0.000049,0.000016,0.000000,0.000000,0.000016,0.000000,0.000000,0.000000,0.000000,0.000000,0.000016,0.000000,0.000000,0.000016,0.000016
0.101000,0.001260,0.000000,0.000000,0.000000,0.000000,0.000000,0.000000,0.000000,0.000000,0.000000,0.000000,0.000000,0.000016,0.000016,0.000016,0.000000,0.000016,0.000000,0.000000,0.000000,0.000000,0.000000,0.000016,0.000000,0.000000,0.000016,0.000000,0.000016,0.000000,0.000000,0.000000,0.000000,0.000016,0.000016,0.000000,0.000000,0.000000,0.000000,0.000000,0.000000,0.000000,0.000000,0.000016,0.000000,0.000000,0.000000,0.000000,0.000000,0.000016,0.000000,0.000000,0.000016,0.000000,0.000000,0.000000,0.000000,0.000000,0.000000,0.000000,0.000000,0.000000,0.000000,0.000000,0.000000,0.000016,0.000000,0.000000,0.000000,0.000000,0.000000,0.000000,0.000016,0.000000,0.000000,0.000000,0.000000,0.000000,0.000000,0.000000,0.000000,0.000000,0.000000,0.000000,0.000000,0.000000,0.000000,0.000000,0.000000,0.000000,0.000000,0.000000,0.000033,0.000000,0.000000,0.000000,0.000000,0.000000,0.000033,0.000000,0.000000,0.000000,0.000000,0.000016,0.000000,0.000000,0.000000,0.000000,0.000016,0.000033,0.000000,0.000049,0.000016,0.000033,0.000000,0.000016,0.000016,0.000016,0.000000,0.000000,0.000000,0.000000,0.000016,0.000000,0.000000,0.000000,0.000016,0.000033,0.000000,0.000016,0.000000,0.000016,0.000000,0.000000,0.000016,0.000016,0.000016,0.000016,0.000016,0.000016,0.000000,0.000016,0.000016,0.000000,0.000033,0.000016,0.000033,0.000049,0.000016,0.000016,0.000016,0.000000,0.000033,0.000000,0.000000,0.000033,0.000033,0.000016,0.000000,0.000000,0.000000,0.000049,0.000000,0.000000,0.000000,0.000000,0.000033,0.000016,0.000000,0.000016,0.000000,0.000016,0.000016,0.000000,0.000000,0.000016,0.000000,0.000016,0.000000,0.000000,0.000000,0.000016,0.000000,0.000016,0.000016,0.000000,0.000000
0.102000,0.001113,0.000000,0.000000,0.000000,0.000000,0.000000,0.000016,0.000000,0.000000,0.000000,0.000016,0.000000,0.000000,0.000016,0.000000,0.000016,0.000033,0.000000,0.000000,0.000000,0.000000,0.000000,0.000000,0.000000,0.000000,0.000016,0.000033,0.000000,0.000000,0.000000,0.000016,0.000000,0.000000,0.000000,0.000016,0.000000,0.000000,0.000000,0.000000,0.000000,0.000000,0.000000,0.000016,0.000000,0.000000,0.000000,0.000016,0.000000,0.000000,0.000000,0.000000,0.000000,0.000016,0.000000,0.000000,0.000000,0.000000,0.000000,0.000000,0.000000,0.000000,0.000016,0.000000,0.000000,0.000000,0.000000,0.000000,0.000000,0.000000,0.000000,0.000000,0.000000,0.000000,0.000000,0.000000,0.000000,0.000000,0.000016,0.000000,0.000000,0.000000,0.000000,0.000000,0.000000,0.000016,0.000000,0.000000,0.000000,0.000000,0.000000,0.000000,0.000016,0.000000,0.000000,0.000000,0.000000,0.000000,0.000000,0.000000,0.000016,0.000000,0.000016,0.000016,0.000000,0.000000,0.000000,0.000016,0.000000,0.000000,0.000000,0.000033,0.000000,0.000000,0.000016,0.000000,0.000016,0.000000,0.000000,0.000000,0.000016,0.000000,0.000000,0.000016,0.000033,0.000049,0.000000,0.000000,0.000000,0.000016,0.000049,0.000033,0.000000,0.000033,0.000016,0.000000,0.000033,0.000016,0.000016,0.000016,0.000033,0.000016,0.000000,0.000000,0.000000,0.000000,0.000016,0.000000,0.000016,0.000000,0.000000,0.000000,0.000000,0.000016,0.000000,0.000033,0.000033,0.000033,0.000000,0.000016,0.000000,0.000016,0.000000,0.000000,0.000000,0.000016,0.000016,0.000000,0.000000,0.000000,0.000016,0.000000,0.000000,0.000016,0.000000,0.000000,0.000000,0.000016,0.000016,0.000000,0.000000,0.000000,0.000000,0.000000,0.000000,0.000000,0.000016
0.103000,0.001195,0.000000,0.000000,0.000000,0.000000,0.000016,0.000016,0.000000,0.000000,0.000000,0.000000,0.000000,0.000000,0.000000,0.000000,0.000000,0.000000,0.000000,0.000016,0.000000,0.000000,0.000016,0.000000,0.000000,0.000000,0.000000,0.000000,0.000016,0.000000,0.000000,0.000000,0.000000,0.000000,0.000000,0.000016,0.000000,0.000000,0.000016,0.000000,0.000000,0.000000,0.000016,0.000000,0.000000,0.000000,0.000000,0.000000,0.000000,0.000000,0.000000,0.000000,0.000000,0.000000,0.000000,0.000000,0.000000,0.000000,0.000000,0.000000,0.000000,0.000000,0.000000,0.000000,0.000000,0.000000,0.000000,0.000000,0.000000,0.000000,0.000000,0.000000,0.000000,0.000000,0.000000,0.000000,0.000000,0.000000,0.000000,0.000000,0.000000,0.000000,0.000000,0.000000,0.000000,0.000000,0.000000,0.000000,0.000000,0.000000,0.000000,0.000000,0.000000,0.000000,0.000000,0.000000,0.000000,0.000000,0.000016,0.000000,0.000016,0.000033,0.000000,0.000016,0.000016,0.000016,0.000000,0.000033,0.000000,0.000033,0.000000,0.000000,0.000000,0.000000,0.000016,0.000016,0.000033,0.000016,0.000000,0.000033,0.000000,0.000000,0.000016,0.000000,0.000016,0.000033,0.000033,0.000049,0.000016,0.000000,0.000016,0.000000,0.000000,0.000033,0.000000,0.000016,0.000016,0.000033,0.000016,0.000000,0.000000,0.000016,0.000000,0.000000,0.000016,0.000016,0.000016,0.000000,0.000016,0.000016,0.000000,0.000000,0.000016,0.000000,0.000000,0.000000,0.000016,0.000016,0.000033,0.000016,0.000000,0.000016,0.000016,0.000000,0.000000,0.000000,0.000016,0.000049,0.000016,0.000033,0.000016,0.000000,0.000016,0.000033,0.000000,0.000016,0.000000,0.000016,0.000000,0.000000,0.000016,0.000000,0.000000,0.000016,0.000000,0.000000,0.000000
0.104000,0.001129,0.000000,0.000000,0.000000,0.000065,0.000000,0.000000,0.000016,0.000000,0.000000,0.000000,0.000000,0.000000,0.000000,0.000000,0.000000,0.000016,0.000000,0.000000,0.000000,0.000000,0.000000,0.000000,0.000016,0.000000,0.000000,0.000000,0.000016,0.000000,0.000000,0.000000,0.000000,0.000016,0.000016,0.000000,0.000000,0.000000,0.000000,0.000000,0.000000,0.000000,0.000000,0.000000,0.000000,0.000000,0.000000,0.000000,0.000016,0.000000,0.000000,0.000000,0.000016,0.000000,0.000000,0.000000,0.000000,0.000000,0.000000,0.000049,0.000000,0.000000,0.000000,0.000000,0.000016,0.000000,0.000000,0.000000,0.000000,0.000000,0.000033,0.000000,0.000000,0.000000,0.000000,0.000000,0.000000,0.000000,0.000000,0.000000,0.000000,0.000000,0.000000,0.000000,0.000000,0.000000,0.000000,0.000000,0.000000,0.000000,0.000000,0.000000,0.000000,0.000000,0.000000,0.000000,0.000000,0.000000,0.000000,0.000000,0.000016,0.000016,0.000000,0.000000,0.000016,0.000000,0.000000,0.000000,0.000016,0.000000,0.000000,0.000000,0.000016,0.000000,0.000016,0.000016,0.000016,0.000033,0.000016,0.000000,0.000016,0.000000,0.000033,0.000000,0.000016,0.000016,0.000000,0.000000,0.000000,0.000000,0.000000,0.000033,0.000000,0.000033,0.000016,0.000033,0.000000,0.000000,0.000000,0.000016,0.000033,0.000000,0.000016,0.000000,0.000016,0.000016,0.000000,0.000049,0.000000,0.000000,0.000000,0.000000,0.000000,0.000016,0.000000,0.000016,0.000016,0.000000,0.000033,0.000000,0.000000,0.000016,0.000000,0.000016,0.000000,0.000000,0.000016,0.000000,0.000000,0.000016,0.000000,0.000016,0.000049,0.000000,0.000016,0.000000,0.000000,0.000000,0.000016,0.000000,0.000000,0.000000,0.000016,0.000000,0.000049,0.000000,0.000000
0.105000,0.000786,0.000000,0.000000,0.000016,0.000000,0.000000,0.000000,0.000000,0.000000,0.000000,0.000000,0.000000,0.000000,0.000000,0.000000,0.000000,0.000000,0.000016,0.000000,0.000000,0.000000,0.000000,0.000000,0.000000,0.000000,0.000000,0.000000,0.000000,0.000016,0.000000,0.000000,0.000000,0.000000,0.000000,0.000000,0.000000,0.000016,0.000000,0.000000,0.000000,0.000000,0.000016,0.000000,0.000000,0.000000,0.000000,0.000033,0.000000,0.000000,0.000000,0.000016,0.000000,0.000000,0.000000,0.000000,0.000000,0.000000,0.000000,0.000016,0.000016,0.000000,0.000000,0.000000,0.000000,0.000016,0.000000,0.000000,0.000000,0.000000,0.000000,0.000000,0.000000,0.000000,0.000000,0.000000,0.000000,0.000000,0.000000,0.000000,0.000000,0.000000,0.000000,0.000000,0.000000,0.000000,0.000000,0.000000,0.000000,0.000000,0.000000,0.000000,0.000000,0.000000,0.000000,0.000000,0.000000,0.000000,0.000000,0.000000,0.000000,0.000000,0.000000,0.000000,0.000016,0.000016,0.000000,0.000000,0.000000,0.000016,0.000016,0.000000,0.000000,0.000000,0.000000,0.000000,0.000000,0.000000,0.000000,0.000000,0.000000,0.000000,0.000016,0.000016,0.000000,0.000000,0.000000,0.000016,0.000000,0.000016,0.000016,0.000000,0.000000,0.000016,0.000000,0.000000,0.000000,0.000000,0.000016,0.000000,0.000033,0.000000,0.000000,0.000000,0.000016,0.000000,0.000000,0.000016,0.000016,0.000016,0.000033,0.000016,0.000016,0.000033,0.000000,0.000000,0.000016,0.000000,0.000016,0.000000,0.000016,0.000033,0.000033,0.000016,0.000000,0.000000,0.000000,0.000000,0.000000,0.000000,0.000000,0.000016,0.000000,0.000016,0.000000,0.000000,0.000000,0.000000,0.000016,0.000000,0.000016,0.000000,0.000000,0.000016,0.000000,0.000000,0.000016
0.106000,0.001244,0.000000,0.000000,0.000000,0.000000,0.000016,0.000016,0.000000,0.000000,0.000000,0.000016,0.000033,0.000016,0.000016,0.000000,0.000000,0.000000,0.000000,0.000000,0.000016,0.000000,0.000000,0.000000,0.000000,0.000000,0.000000,0.000000,0.000000,0.000000,0.000000,0.000000,0.000000,0.000000,0.000000,0.000016,0.000016,0.000016,0.000033,0.000000,0.000000,0.000000,0.000000,0.000000,0.000000,0.000000,0.000000,0.000016,0.000016,0.000000,0.000000,0.000000,0.000000,0.000000,0.000000,0.000000,0.000000,0.000000,0.000000,0.000000,0.000000,0.000000,0.000000,0.000000,0.000000,0.000000,0.000000,0.000000,0.000000,0.000000,0.000016,0.000000,0.000000,0.000000,0.000000,0.000000,0.000000,0.000000,0.000000,0.000000,0.000000,0.000000,0.000000,0.000000,0.000000,0.000000,0.000000,0.000000,0.000000,0.000000,0.000000,0.000000,0.000000,0.000000,0.000000,0.000000,0.000000,0.000000,0.000016,0.000000,0.000000,0.000000,0.000000,0.000000,0.000000,0.000000,0.000000,0.000000,0.000000,0.000000,0.000000,0.000016,0.000033,0.000016,0.000000,0.000000,0.000033,0.000016,0.000000,0.000000,0.000000,0.000000,0.000000,0.000000,0.000000,0.000016,0.000000,0.000033,0.000000,0.000000,0.000000,0.000065,0.000000,0.000033,0.000000,0.000033,0.000016,0.000016,0.000033,0.000000,0.000065,0.000016,0.000000,0.000000,0.000033,0.000016,0.000033,0.000000,0.000000,0.000033,0.000016,0.000000,0.000000,0.000065,0.000000,0.000000,0.000016,0.000016,0.000016,0.000049,0.000000,0.000016,0.000016,0.000000,0.000016,0.000000,0.000016,0.000016,0.000000,0.000000,0.000000,0.000016,0.000033,0.000000,0.000000,0.000000,0.000016,0.000016,0.000016,0.000016,0.000016,0.000000,0.000000,0.000016,0.000000,0.000000,0.000000
0.107000,0.000966,0.000000,0.000000,0.000000,0.000000,0.000000,0.000000,0.000000,0.000016,0.000000,0.000000,0.000000,0.000016,0.000000,0.000016,0.000000,0.000016,0.000016,0.000016,0.000000,0.000000,0.000000,0.000000,0.000016,0.000000,0.000000,0.000016,0.000000,0.000000,0.000000,0.000000,0.000000,0.000000,0.000000,0.000000,0.000016,0.000000,0.000000,0.000000,0.000000,0.000000,0.000000,0.000000,0.000000,0.000000,0.000016,0.000033,0.000016,0.000000,0.000000,0.000016,0.000016,0.000000,0.000000,0.000000,0.000000,0.000000,0.000000,0.000000,0.000016,0.000000,0.000000,0.000000,0.000000,0.000016,0.000000,0.000000,0.000000,0.000000,0.000000,0.000000,0.000000,0.000000,0.000000,0.000000,0.000000,0.000000,0.000000,0.000000,0.000000,0.000000,0.000000,0.000000,0.000000,0.000000,0.000000,0.000000,0.000000,0.000000,0.000000,0.000000,0.000000,0.000000,0.000000,0.000000,0.000000,0.000000,0.000000,0.000016,0.000000,0.000016,0.000000,0.000000,0.000000,0.000000,0.000016,0.000000,0.000000,0.000016,0.000000,0.000000,0.000000,0.000049,0.000000,0.000033,0.000016,0.000000,0.000000,0.000000,0.000000,0.000000,0.000016,0.000016,0.000016,0.000016,0.000000,0.000000,0.000033,0.000000,0.000000,0.000016,0.000000,0.000016,0.000000,0.000016,0.000000,0.000000,0.000033,0.000000,0.000000,0.000000,0.000000,0.000000,0.000016,0.000016,0.000000,0.000000,0.000033,0.000000,0.000000,0.000016,0.000000,0.000000,0.000000,0.000016,0.000016,0.000016,0.000000,0.000016,0.000016,0.000000,0.000016,0.000033,0.000000,0.000000,0.000016,0.000016,0.000000,0.000000,0.000000,0.000000,0.000000,0.000016,0.000016,0.000000,0.000016,0.000000,0.000000,0.000000,0.000000,0.000000,0.000016,0.000000,0.000000,0.000016,0.000016
0.108000,0.001146,0.000000,0.000000,0.000016,0.000000,0.000000,0.000033,0.000000,0.000000,0.000000,0.000000,0.000000,0.000016,0.000016,0.000000,0.000000,0.000000,0.000000,0.000000,0.000000,0.000000,0.000000,0.000000,0.000016,0.000000,0.000000,0.000000,0.000000,0.000000,0.000016,0.000000,0.000016,0.000000,0.000016,0.000000,0.000000,0.000000,0.000000,0.000000,0.000000,0.000000,0.000000,0.000000,0.000000,0.000000,0.000016,0.000000,0.000000,0.000000,0.000000,0.000000,0.000000,0.000000,0.000000,0.000016,0.000000,0.000000,0.000000,0.000000,0.000000,0.000000,0.000000,0.000000,0.000000,0.000000,0.000000,0.000000,0.000000,0.000000,0.000082,0.000000,0.000000,0.000000,0.000000,0.000000,0.000000,0.000000,0.000000,0.000000,0.000000,0.000016,0.000000,0.000000,0.000000,0.000000,0.000000,0.000000,0.000000,0.000000,0.000000,0.000000,0.000000,0.000000,0.000000,0.000000,0.000000,0.000000,0.000000,0.000000,0.000016,0.000016,0.000016,0.000016,0.000000,0.000000,0.000016,0.000000,0.000000,0.000000,0.000000,0.000000,0.000000,0.000000,0.000016,0.000000,0.000000,0.000016,0.000000,0.000000,0.000016,0.000000,0.000016,0.000000,0.000033,0.000000,0.000016,0.000033,0.000000,0.000033,0.000033,0.000033,0.000000,0.000033,0.000000,0.000016,0.000016,0.000016,0.000016,0.000016,0.000049,0.000000,0.000033,0.000000,0.000016,0.000016,0.000000,0.000033,0.000016,0.000016,0.000000,0.000000,0.000000,0.000000,0.000000,0.000000,0.000000,0.000000,0.000000,0.000000,0.000000,0.000000,0.000049,0.000033,0.000000,0.000000,0.000000,0.000033,0.000000,0.000033,0.000000,0.000000,0.000000,0.000000,0.000000,0.000016,0.000000,0.000000,0.000000,0.000016,0.000033,0.000000,0.000000,0.000000,0.000016,0.000016,0.000000
0.109000,0.001031,0.000000,0.000000,0.000016,0.000000,0.000016,0.000016,0.000000,0.000000,0.000000,0.000016,0.000016,0.000033,0.000000,0.000000,0.000000,0.000000,0.000000,0.000000,0.000000,0.000000,0.000000,0.000000,0.000000,0.000000,0.000016,0.000000,0.000000,0.000016,0.000016,0.000000,0.000016,0.000000,0.000016,0.000000,0.000016,0.000000,0.000000,0.000000,0.000000,0.000000,0.000000,0.000000,0.000000,0.000000,0.000000,0.000000,0.000000,0.000000,0.000000,0.000000,0.000000,0.000000,0.000000,0.000000,0.000000,0.000000,0.000000,0.000000,0.000000,0.000000,0.000000,0.000000,0.000000,0.000000,0.000016,0.000000,0.000000,0.000000,0.000000,0.000000,0.000000,0.000000,0.000000,0.000000,0.000000,0.000000,0.000000,0.000000,0.000000,0.000000,0.000016,0.000000,0.000000,0.000000,0.000000,0.000000,0.000000,0.000000,0.000000,0.000000,0.000000,0.000000,0.000000,0.000000,0.000000,0.000000,0.000016,0.000000,0.000016,0.000000,0.000016,0.000000,0.000000,0.000000,0.000016,0.000016,0.000000,0.000000,0.000000,0.000000,0.000000,0.000000,0.000000,0.000016,0.000000,0.000000,0.000033,0.000000,0.000016,0.000000,0.000000,0.000016,0.000000,0.000016,0.000000,0.000000,0.000016,0.000000,0.000033,0.000000,0.000000,0.000016,0.000000,0.000000,0.000000,0.000000,0.000016,0.000016,0.000000,0.000016,0.000033,0.000000,0.000000,0.000000,0.000000,0.000000,0.000016,0.000016,0.000033,0.000016,0.000016,0.000000,0.000033,0.000016,0.000000,0.000000,0.000000,0.000000,0.000016,0.000000,0.000033,0.000000,0.000016,0.000000,0.000000,0.000016,0.000016,0.000000,0.000049,0.000016,0.000033,0.000016,0.000016,0.000016,0.000000,0.000000,0.000000,0.000000,0.000000,0.000016,0.000016,0.000000,0.000000,0.000000,0.000033
0.110000,0.000982,0.000000,0.000000,0.000000,0.000000,0.000000,0.000016,0.000000,0.000016,0.000000,0.000033,0.000000,0.000000,0.000000,0.000000,0.000000,0.000033,0.000000,0.000000,0.000000,0.000000,0.000000,0.000000,0.000000,0.000016,0.000016,0.000000,0.000000,0.000000,0.000000,0.000000,0.000000,0.000000,0.000000,0.000000,0.000016,0.000000,0.000000,0.000000,0.000000,0.000000,0.000000,0.000000,0.000000,0.000000,0.000000,0.000000,0.000000,0.000000,0.000000,0.000000,0.000000,0.000000,0.000000,0.000000,0.000000,0.000016,0.000000,0.000000,0.000000,0.000000,0.000000,0.000000,0.000000,0.000000,0.000000,0.000000,0.000000,0.000000,0.000000,0.000000,0.000000,0.000016,0.000000,0.000000,0.000000,0.000000,0.000000,0.000000,0.000000,0.000000,0.000000,0.000000,0.000000,0.000000,0.000000,0.000000,0.000000,0.000000,0.000000,0.000000,0.000016,0.000000,0.000000,0.000000,0.000000,0.000000,0.000000,0.000000,0.000000,0.000000,0.000016,0.000033,0.000016,0.000000,0.000000,0.000000,0.000000,0.000016,0.000000,0.000000,0.000016,0.000000,0.000000,0.000000,0.000016,0.000016,0.000000,0.000000,0.000000,0.000000,0.000000,0.000000,0.000016,0.000000,0.000016,0.000000,0.000016,0.000000,0.000000,0.000016,0.000000,0.000016,0.000016,0.000049,0.000000,0.000000,0.000016,0.000000,0.000033,0.000016,0.000000,0.000000,0.000000,0.000000,0.000016,0.000016,0.000016,0.000016,0.000000,0.000000,0.000000,0.000000,0.000000,0.000000,0.000065,0.000033,0.000033,0.000000,0.000000,0.000016,0.000000,0.000016,0.000000,0.000000,0.000016,0.000016,0.000016,0.000000,0.000016,0.000033,0.000000,0.000000,0.000000,0.000000,0.000000,0.000000,0.000016,0.000000,0.000033,0.000000,0.000000,0.000000,0.000000,0.000049,0.000016
0.111000,0.001211,0.000000,0.000000,0.000000,0.000000,0.000000,0.000016,0.000000,0.000000,0.000016,0.000000,0.000016,0.000000,0.000000,0.000000,0.000000,0.000000,0.000016,0.000016,0.000000,0.000000,0.000000,0.000000,0.000000,0.000000,0.000000,0.000000,0.000000,0.000000,0.000016,0.000000,0.000000,0.000000,0.000000,0.000000,0.000000,0.000016,0.000000,0.000016,0.000000,0.000000,0.000033,0.000016,0.000000,0.000000,0.000000,0.000000,0.000000,0.000000,0.000000,0.000000,0.000000,0.000000,0.000000,0.000000,0.000000,0.000000,0.000000,0.000000,0.000000,0.000000,0.000000,0.000000,0.000000,0.000000,0.000000,0.000000,0.000000,0.000000,0.000000,0.000000,0.000000,0.000000,0.000000,0.000000,0.000000,0.000000,0.000000,0.000000,0.000000,0.000000,0.000000,0.000000,0.000000,0.000000,0.000000,0.000000,0.000000,0.000000,0.000000,0.000000,0.000016,0.000000,0.000000,0.000000,0.000000,0.000000,0.000016,0.000000,0.000033,0.000000,0.000016,0.000000,0.000016,0.000000,0.000049,0.000000,0.000033,0.000000,0.000000,0.000016,0.000016,0.000000,0.000016,0.000000,0.000016,0.000000,0.000000,0.000016,0.000033,0.000000,0.000016,0.000016,0.000000,0.000000,0.000000,0.000000,0.000000,0.000016,0.000082,0.000016,0.000000,0.000000,0.000016,0.000033,0.000000,0.000049,0.000049,0.000016,0.000016,0.000016,0.000000,0.000000,0.000000,0.000016,0.000000,0.000016,0.000000,0.000016,0.000000,0.000016,0.000016,0.000000,0.000000,0.000016,0.000000,0.000016,0.000000,0.000033,0.000000,0.000000,0.000033,0.000016,0.000033,0.000016,0.000000,0.000000,0.000000,0.000000,0.000016,0.000000,0.000000,0.000000,0.000000,0.000000,0.000000,0.000000,0.000049,0.000000,0.000016,0.000016,0.000033,0.000000,0.000000,0.000000,0.000016
0.112000,0.001031,0.000000,0.000000,0.000000,0.000000,0.000000,0.000000,0.000000,0.000000,0.000000,0.000000,0.000000,0.000000,0.000016,0.000016,0.000000,0.000016,0.000000,0.000016,0.000000,0.000000,0.000000,0.000000,0.000000,0.000000,0.000016,0.000000,0.000016,0.000016,0.000016,0.000016,0.000016,0.000000,0.000000,0.000016,0.000000,0.000000,0.000000,0.000000,0.000016,0.000016,0.000000,0.000000,0.000000,0.000000,0.000000,0.000000,0.000016,0.000000,0.000000,0.000000,0.000000,0.000000,0.000000,0.000000,0.000000,0.000000,0.000000,0.000000,0.000000,0.000000,0.000000,0.000000,0.000000,0.000000,0.000000,0.000000,0.000000,0.000000,0.000016,0.000000,0.000000,0.000000,0.000000,0.000000,0.000000,0.000000,0.000000,0.000000,0.000000,0.000000,0.000000,0.000000,0.000000,0.000000,0.000000,0.000000,0.000000,0.000000,0.000000,0.000000,0.000000,0.000000,0.000000,0.000000,0.000000,0.000000,0.000000,0.000000,0.000000,0.000000,0.000016,0.000000,0.000016,0.000000,0.000016,0.000000,0.000000,0.000000,0.000000,0.000000,0.000016,0.000016,0.000016,0.000000,0.000016,0.000016,0.000000,0.000000,0.000016,0.000000,0.000016,0.000016,0.000033,0.000000,0.000016,0.000033,0.000016,0.000016,0.000016,0.000000,0.000000,0.000000,0.000033,0.000000,0.000000,0.000000,0.000016,0.000033,0.000016,0.000016,0.000000,0.000000,0.000000,0.000000,0.000033,0.000033,0.000000,0.000000,0.000049,0.000016,0.000000,0.000000,0.000000,0.000033,0.000033,0.000016,0.000016,0.000000,0.000000,0.000000,0.000033,0.000000,0.000000,0.000016,0.000000,0.000016,0.000000,0.000000,0.000000,0.000000,0.000033,0.000016,0.000000,0.000000,0.000000,0.000016,0.000000,0.000000,0.000000,0.000000,0.000000,0.000000,0.000000,0.000000,0.000000
0.113000,0.001391,0.000000,0.000000,0.000000,0.000000,0.000000,0.000000,0.000016,0.000033,0.000033,0.000000,0.000016,0.000000,0.000016,0.000000,0.000000,0.000000,0.000000,0.000000,0.000000,0.000016,0.000000,0.000000,0.000000,0.000016,0.000016,0.000033,0.000000,0.000000,0.000000,0.000000,0.000000,0.000000,0.000000,0.000000,0.000000,0.000016,0.000000,0.000016,0.000016,0.000000,0.000000,0.000000,0.000000,0.000000,0.000000,0.000000,0.000000,0.000000,0.000000,0.000016,0.000016,0.000000,0.000000,0.000000,0.000000,0.000016,0.000000,0.000000,0.000016,0.000000,0.000000,0.000000,0.000016,0.000000,0.000000,0.000000,0.000000,0.000000,0.000000,0.000000,0.000000,0.000000,0.000016,0.000000,0.000000,0.000000,0.000000,0.000000,0.000016,0.000000,0.000000,0.000000,0.000000,0.000000,0.000000,0.000000,0.000000,0.000000,0.000000,0.000000,0.000000,0.000000,0.000000,0.000000,0.000000,0.000000,0.000016,0.000000,0.000000,0.000000,0.000000,0.000016,0.000000,0.000000,0.000016,0.000000,0.000000,0.000033,0.000000,0.000000,0.000016,0.000016,0.000000,0.000016,0.000016,0.000000,0.000000,0.000016,0.000033,0.000016,0.000033,0.000033,0.000016,0.000016,0.000000,0.000033,0.000000,0.000016,0.000033,0.000016,0.000000,0.000000,0.000000,0.000016,0.000033,0.000016,0.000000,0.000065,0.000000,0.000033,0.000033,0.000000,0.000033,0.000000,0.000000,0.000016,0.000016,0.000000,0.000016,0.000016,0.000016,0.000033,0.000000,0.000033,0.000049,0.000016,0.000000,0.000000,0.000016,0.000000,0.000000,0.000016,0.000016,0.000016,0.000000,0.000000,0.000033,0.000000,0.000000,0.000016,0.000000,0.000000,0.000000,0.000000,0.000000,0.000000,0.000000,0.000000,0.000033,0.000000,0.000033,0.000000,0.000000,0.000000,0.000000
0.114000,0.001129,0.000000,0.000000,0.000000,0.000016,0.000000,0.000016,0.000000,0.000000,0.000000,0.000000,0.000016,0.000000,0.000016,0.000016,0.000000,0.000000,0.000000,0.000016,0.000016,0.000000,0.000000,0.000016,0.000000,0.000000,0.000000,0.000000,0.000000,0.000016,0.000000,0.000000,0.000000,0.000000,0.000016,0.000000,0.000000,0.000000,0.000000,0.000016,0.000016,0.000000,0.000000,0.000000,0.000000,0.000016,0.000000,0.000000,0.000016,0.000000,0.000000,0.000000,0.000000,0.000000,0.000000,0.000000,0.000000,0.000000,0.000000,0.000016,0.000000,0.000000,0.000000,0.000000,0.000000,0.000000,0.000000,0.000000,0.000000,0.000000,0.000016,0.000000,0.000000,0.000000,0.000000,0.000000,0.000000,0.000000,0.000000,0.000000,0.000000,0.000000,0.000000,0.000000,0.000000,0.000000,0.000000,0.000000,0.000000,0.000000,0.000000,0.000000,0.000000,0.000000,0.000000,0.000000,0.000000,0.000000,0.000000,0.000000,0.000000,0.000000,0.000016,0.000016,0.000016,0.000000,0.000033,0.000000,0.000000,0.000000,0.000000,0.000000,0.000016,0.000016,0.000016,0.000000,0.000016,0.000000,0.000016,0.000016,0.000049,0.000000,0.000000,0.000000,0.000000,0.000000,0.000000,0.000000,0.000033,0.000016,0.000016,0.000016,0.000000,0.000016,0.000000,0.000000,0.000016,0.000000,0.000000,0.000016,0.000000,0.000000,0.000016,0.000000,0.000000,0.000000,0.000049,0.000000,0.000033,0.000000,0.000033,0.000000,0.000016,0.000016,0.000000,0.000000,0.000016,0.000016,0.000016,0.000000,0.000033,0.000016,0.000049,0.000000,0.000033,0.000000,0.000033,0.000000,0.000033,0.000000,0.000000,0.000000,0.000000,0.000016,0.000033,0.000000,0.000000,0.000016,0.000016,0.000016,0.000000,0.000000,0.000000,0.000000,0.000000,0.000000,0.000000
0.115000,0.001113,0.000000,0.000000,0.000016,0.000000,0.000000,0.000016,0.000016,0.000016,0.000000,0.000000,0.000000,0.000000,0.000000,0.000000,0.000000,0.000000,0.000000,0.000000,0.000000,0.000000,0.000000,0.000000,0.000016,0.000000,0.000000,0.000000,0.000016,0.000000,0.000000,0.000016,0.000000,0.000000,0.000016,0.000000,0.000000,0.000016,0.000000,0.000000,0.000000,0.000016,0.000000,0.000016,0.000000,0.000000,0.000000,0.000016,0.000000,0.000000,0.000016,0.000000,0.000000,0.000000,0.000016,0.000000,0.000000,0.000000,0.000000,0.000016,0.000000,0.000000,0.000000,0.000000,0.000000,0.000000,0.000000,0.000000,0.000000,0.000000,0.000016,0.000000,0.000000,0.000000,0.000000,0.000000,0.000000,0.000000,0.000000,0.000000,0.000000,0.000016,0.000000,0.000000,0.000000,0.000000,0.000000,0.000000,0.000000,0.000000,0.000000,0.000000,0.000000,0.000000,0.000000,0.000000,0.000000,0.000000,0.000000,0.000000,0.000000,0.000016,0.000000,0.000033,0.000016,0.000000,0.000000,0.000016,0.000016,0.000000,0.000000,0.000016,0.000000,0.000000,0.000016,0.000033,0.000000,0.000000,0.000000,0.000016,0.000000,0.000000,0.000000,0.000016,0.000065,0.000000,0.000016,0.000000,0.000016,0.000016,0.000000,0.000016,0.000000,0.000016,0.000000,0.000016,0.000016,0.000016,0.000000,0.000016,0.000016,0.000000,0.000016,0.000000,0.000016,0.000000,0.000016,0.000000,0.000016,0.000000,0.000049,0.000033,0.000000,0.000000,0.000000,0.000000,0.000016,0.000016,0.000016,0.000000,0.000033,0.000000,0.000016,0.000016,0.000000,0.000000,0.000016,0.000000,0.000000,0.000000,0.000000,0.000000,0.000016,0.000016,0.000000,0.000016,0.000000,0.000000,0.000016,0.000016,0.000016,0.000000,0.000000,0.000033,0.000000,0.000000,0.000000
0.116000,0.000933,0.000000,0.000000,0.000000,0.000016,0.000016,0.000016,0.000016,0.000016,0.000000,0.000000,0.000000,0.000016,0.000000,0.000016,0.000000,0.000000,0.000000,0.000000,0.000000,0.000016,0.000016,0.000000,0.000000,0.000000,0.000000,0.000016,0.000000,0.000000,0.000000,0.000000,0.000000,0.000000,0.000000,0.000000,0.000049,0.000000,0.000000,0.000000,0.000000,0.000000,0.000016,0.000000,0.000000,0.000000,0.000000,0.000000,0.000016,0.000000,0.000000,0.000000,0.000000,0.000000,0.000000,0.000000,0.000000,0.000000,0.000000,0.000000,0.000000,0.000000,0.000000,0.000000,0.000000,0.000000,0.000000,0.000000,0.000000,0.000000,0.000016,0.000000,0.000000,0.000000,0.000000,0.000000,0.000000,0.000000,0.000000,0.000000,0.000000,0.000000,0.000000,0.000000,0.000000,0.000000,0.000000,0.000000,0.000000,0.000000,0.000000,0.000000,0.000000,0.000000,0.000000,0.000000,0.000000,0.000000,0.000000,0.000000,0.000033,0.000000,0.000000,0.000000,0.000000,0.000016,0.000000,0.000000,0.000016,0.000000,0.000000,0.000016,0.000000,0.000000,0.000000,0.000000,0.000000,0.000016,0.000016,0.000000,0.000000,0.000000,0.000000,0.000000,0.000000,0.000033,0.000016,0.000000,0.000000,0.000000,0.000000,0.000000,0.000000,0.000016,0.000016,0.000000,0.000016,0.000016,0.000000,0.000016,0.000016,0.000016,0.000000,0.000016,0.000049,0.000000,0.000000,0.000016,0.000016,0.000016,0.000033,0.000000,0.000000,0.000016,0.000000,0.000000,0.000049,0.000000,0.000000,0.000000,0.000016,0.000000,0.000000,0.000000,0.000000,0.000000,0.000000,0.000000,0.000016,0.000016,0.000033,0.000000,0.000033,0.000016,0.000000,0.000033,0.000000,0.000000,0.000000,0.000000,0.000000,0.000000,0.000000,0.000016,0.000000,0.000000,0.000000
0.117000,0.000982,0.000000,0.000000,0.000000,0.000000,0.000000,0.000000,0.000000,0.000000,0.000016,0.000000,0.000000,0.000000,0.000033,0.000000,0.000000,0.000016,0.000000,0.000016,0.000000,0.000000,0.000000,0.000000,0.000000,0.000016,0.000000,0.000000,0.000016,0.000000,0.000000,0.000000,0.000000,0.000000,0.000000,0.000000,0.000016,0.000000,0.000000,0.000000,0.000000,0.000000,0.000000,0.000000,0.000016,0.000000,0.000000,0.000000,0.000000,0.000000,0.000000,0.000016,0.000000,0.000000,0.000000,0.000000,0.000000,0.000000,0.000000,0.000000,0.000000,0.000000,0.000016,0.000000,0.000000,0.000000,0.000000,0.000000,0.000000,0.000000,0.000016,0.000000,0.000000,0.000016,0.000000,0.000000,0.000000,0.000000,0.000000,0.000000,0.000000,0.000000,0.000000,0.000000,0.000000,0.000000,0.000000,0.000000,0.000000,0.000000,0.000000,0.000000,0.000000,0.000000,0.000000,0.000000,0.000000,0.000000,0.000000,0.000000,0.000000,0.000000,0.000016,0.000016,0.000000,0.000000,0.000000,0.000000,0.000000,0.000000,0.000000,0.000000,0.000000,0.000000,0.000016,0.000016,0.000000,0.000000,0.000000,0.000000,0.000033,0.000000,0.000016,0.000000,0.000000,0.000016,0.000016,0.000000,0.000000,0.000000,0.000000,0.000016,0.000000,0.000016,0.000000,0.000016,0.000049,0.000033,0.000016,0.000016,0.000000,0.000016,0.000000,0.000000,0.000016,0.000000,0.000000,0.000000,0.000016,0.000049,0.000016,0.000000,0.000000,0.000016,0.000000,0.000000,0.000033,0.000016,0.000000,0.000000,0.000033,0.000000,0.000049,0.000016,0.000000,0.000000,0.000000,0.000000,0.000000,0.000000,0.000016,0.000016,0.000000,0.000000,0.000016,0.000033,0.000000,0.000000,0.000065,0.000000,0.000000,0.000000,0.000000,0.000016,0.000000,0.000000,0.000016
0.118000,0.001097,0.000000,0.000000,0.000000,0.000000,0.000000,0.000000,0.000016,0.000000,0.000000,0.000000,0.000016,0.000016,0.000000,0.000000,0.000016,0.000000,0.000000,0.000000,0.000016,0.000000,0.000000,0.000000,0.000000,0.000016,0.000000,0.000016,0.000000,0.000000,0.000000,0.000000,0.000000,0.000000,0.000016,0.000000,0.000016,0.000016,0.000000,0.000000,0.000033,0.000000,0.000000,0.000000,0.000000,0.000000,0.000000,0.000000,0.000000,0.000000,0.000000,0.000000,0.000000,0.000000,0.000000,0.000000,0.000000,0.000000,0.000000,0.000000,0.000000,0.000000,0.000000,0.000000,0.000000,0.000000,0.000000,0.000000,0.000000,0.000000,0.000016,0.000000,0.000000,0.000000,0.000016,0.000000,0.000000,0.000000,0.000000,0.000000,0.000000,0.000000,0.000000,0.000000,0.000000,0.000000,0.000000,0.000000,0.000000,0.000000,0.000000,0.000000,0.000000,0.000000,0.000000,0.000000,0.000000,0.000000,0.000016,0.000000,0.000016,0.000016,0.000000,0.000000,0.000016,0.000000,0.000000,0.000000,0.000000,0.000016,0.000000,0.000000,0.000016,0.000033,0.000000,0.000016,0.000033,0.000000,0.000000,0.000016,0.000016,0.000000,0.000000,0.000000,0.000000,0.000000,0.000000,0.000016,0.000016,0.000016,0.000000,0.000000,0.000000,0.000016,0.000033,0.000016,0.000016,0.000000,0.000000,0.000016,0.000016,0.000016,0.000016,0.000000,0.000000,0.000000,0.000000,0.000000,0.000000,0.000016,0.000033,0.000016,0.000016,0.000000,0.000000,0.000016,0.000016,0.000033,0.000000,0.000000,0.000033,0.000016,0.000016,0.000033,0.000000,0.000000,0.000016,0.000016,0.000000,0.000000,0.000016,0.000000,0.000016,0.000033,0.000000,0.000016,0.000016,0.000016,0.000000,0.000000,0.000016,0.000000,0.000016,0.000033,0.000000,0.000000,0.000000
0.119000,0.000835,0.000000,0.000000,0.000016,0.000000,0.000000,0.000000,0.000016,0.000000,0.000000,0.000000,0.000000,0.000000,0.000016,0.000016,0.000000,0.000000,0.000000,0.000000,0.000000,0.000000,0.000000,0.000000,0.000000,0.000000,0.000000,0.000000,0.000000,0.000016,0.000016,0.000000,0.000000,0.000000,0.000000,0.000000,0.000016,0.000000,0.000000,0.000000,0.000000,0.000016,0.000000,0.000000,0.000000,0.000000,0.000000,0.000000,0.000000,0.000000,0.000000,0.000000,0.000016,0.000016,0.000000,0.000000,0.000000,0.000000,0.000000,0.000000,0.000000,0.000000,0.000000,0.000000,0.000000,0.000000,0.000000,0.000000,0.000016,0.000000,0.000000,0.000000,0.000000,0.000000,0.000000,0.000000,0.000000,0.000000,0.000016,0.000000,0.000000,0.000000,0.000000,0.000000,0.000000,0.000000,0.000000,0.000000,0.000000,0.000000,0.000000,0.000000,0.000016,0.000000,0.000000,0.000000,0.000000,0.000000,0.000000,0.000000,0.000000,0.000000,0.000000,0.000000,0.000000,0.000016,0.000016,0.000000,0.000016,0.000000,0.000000,0.000016,0.000016,0.000000,0.000000,0.000033,0.000016,0.000000,0.000000,0.000000,0.000049,0.000000,0.000000,0.000016,0.000000,0.000000,0.000000,0.000000,0.000016,0.000000,0.000000,0.000000,0.000000,0.000016,0.000033,0.000000,0.000000,0.000016,0.000000,0.000000,0.000016,0.000016,0.000033,0.000016,0.000000,0.000000,0.000016,0.000016,0.000016,0.000000,0.000000,0.000000,0.000000,0.000000,0.000000,0.000016,0.000000,0.000016,0.000000,0.000000,0.000000,0.000000,0.000033,0.000016,0.000000,0.000000,0.000000,0.000000,0.000016,0.000000,0.000000,0.000000,0.000000,0.000033,0.000000,0.000016,0.000000,0.000016,0.000000,0.000016,0.000016,0.000000,0.000016,0.000000,0.000000,0.000000,0.000000
0.120000,0.001260,0.000000,0.000000,0.000000,0.000016,0.000000,0.000000,0.000000,0.000016,0.000000,0.000016,0.000000,0.000000,0.000000,0.000000,0.000000,0.000000,0.000016,0.000016,0.000000,0.000000,0.000000,0.000000,0.000000,0.000000,0.000000,0.000000,0.000016,0.000000,0.000016,0.000000,0.000000,0.000000,0.000000,0.000016,0.000000,0.000000,0.000000,0.000016,0.000000,0.000000,0.000000,0.000000,0.000000,0.000000,0.000000,0.000000,0.000000,0.000016,0.000000,0.000000,0.000033,0.000000,0.000000,0.000000,0.000016,0.000000,0.000000,0.000016,0.000000,0.000000,0.000000,0.000000,0.000016,0.000000,0.000000,0.000000,0.000000,0.000000,0.000033,0.000000,0.000000,0.000000,0.000000,0.000000,0.000000,0.000000,0.000000,0.000000,0.000000,0.000016,0.000000,0.000000,0.000000,0.000000,0.000000,0.000000,0.000000,0.000000,0.000000,0.000000,0.000000,0.000000,0.000000,0.000000,0.000000,0.000000,0.000000,0.000000,0.000000,0.000000,0.000000,0.000000,0.000016,0.000000,0.000000,0.000033,0.000033,0.000000,0.000000,0.000000,0.000000,0.000033,0.000016,0.000033,0.000016,0.000016,0.000000,0.000033,0.000016,0.000000,0.000016,0.000016,0.000033,0.000000,0.000016,0.000016,0.000000,0.000033,0.000000,0.000049,0.000000,0.000000,0.000049,0.000000,0.000016,0.000000,0.000000,0.000033,0.000000,0.000000,0.000000,0.000000,0.000000,0.000016,0.000016,0.000016,0.000016,0.000000,0.000000,0.000000,0.000000,0.000000,0.000000,0.000000,0.000016,0.000000,0.000000,0.000000,0.000016,0.000016,0.000033,0.000000,0.000033,0.000000,0.000000,0.000016,0.000000,0.000033,0.000000,0.000033,0.000000,0.000033,0.000000,0.000016,0.000000,0.000049,0.000016,0.000000,0.000049,0.000000,0.000000,0.000000,0.000000,0.000016,0.000000
0.121000,0.001195,0.000000,0.000000,0.000000,0.000000,0.000000,0.000000,0.000000,0.000000,0.000000,0.000016,0.000000,0.000016,0.000000,0.000000,0.000016,0.000000,0.000000,0.000000,0.000000,0.000000,0.000000,0.000000,0.000000,0.000000,0.000000,0.000000,0.000000,0.000000,0.000016,0.000000,0.000000,0.000049,0.000000,0.000000,0.000000,0.000000,0.000000,0.000000,0.000000,0.000000,0.000000,0.000016,0.000000,0.000016,0.000016,0.000000,0.000000,0.000016,0.000000,0.000000,0.000000,0.000000,0.000000,0.000000,0.000000,0.000016,0.000000,0.000016,0.000000,0.000000,0.000000,0.000000,0.000000,0.000000,0.000000,0.000016,0.000000,0.000000,0.000000,0.000000,0.000000,0.000000,0.000000,0.000000,0.000000,0.000000,0.000000,0.000000,0.000000,0.000016,0.000000,0.000000,0.000000,0.000000,0.000000,0.000000,0.000000,0.000000,0.000000,0.000000,0.000000,0.000000,0.000000,0.000000,0.000000,0.000000,0.000000,0.000000,0.000000,0.000016,0.000000,0.000016,0.000000,0.000000,0.000000,0.000000,0.000000,0.000000,0.000000,0.000033,0.000016,0.000016,0.000016,0.000000,0.000016,0.000000,0.000033,0.000000,0.000000,0.000033,0.000000,0.000000,0.000000,0.000000,0.000016,0.000016,0.000016,0.000000,0.000016,0.000000,0.000000,0.000033,0.000049,0.000033,0.000016,0.000049,0.000000,0.000000,0.000000,0.000033,0.000000,0.000000,0.000000,0.000033,0.000000,0.000033,0.000016,0.000033,0.000016,0.000000,0.000000,0.000016,0.000000,0.000016,0.000016,0.000016,0.000016,0.000016,0.000000,0.000016,0.000016,0.000000,0.000000,0.000000,0.000000,0.000016,0.000000,0.000000,0.000016,0.000033,0.000016,0.000000,0.000000,0.000000,0.000000,0.000000,0.000000,0.000000,0.000049,0.000000,0.000016,0.000000,0.000016,0.000049,0.000000
0.122000,0.001162,0.000000,0.000000,0.000000,0.000000,0.000016,0.000000,0.000016,0.000000,0.000000,0.000016,0.000000,0.000000,0.000000,0.000000,0.000000,0.000000,0.000000,0.000000,0.000000,0.000016,0.000000,0.000000,0.000000,0.000000,0.000016,0.000000,0.000000,0.000000,0.000016,0.000000,0.000000,0.000016,0.000000,0.000016,0.000000,0.000016,0.000000,0.000000,0.000016,0.000000,0.000000,0.000000,0.000000,0.000016,0.000000,0.000000,0.000016,0.000000,0.000000,0.000000,0.000000,0.000000,0.000000,0.000000,0.000000,0.000000,0.000000,0.000016,0.000000,0.000000,0.000000,0.000000,0.000000,0.000000,0.000016,0.000000,0.000000,0.000016,0.000000,0.000000,0.000000,0.000000,0.000000,0.000000,0.000000,0.000000,0.000000,0.000000,0.000000,0.000000,0.000000,0.000000,0.000000,0.000000,0.000000,0.000000,0.000000,0.000000,0.000000,0.000000,0.000033,0.000000,0.000000,0.000000,0.000000,0.000000,0.000016,0.000000,0.000000,0.000049,0.000000,0.000000,0.000000,0.000000,0.000033,0.000000,0.000016,0.000016,0.000000,0.000000,0.000016,0.000033,0.000000,0.000033,0.000000,0.000000,0.000016,0.000000,0.000000,0.000000,0.000000,0.000016,0.000016,0.000049,0.000033,0.000049,0.000000,0.000000,0.000000,0.000033,0.000000,0.000000,0.000000,0.000000,0.000016,0.000000,0.000000,0.000016,0.000000,0.000033,0.000000,0.000033,0.000000,0.000000,0.000016,0.000000,0.000000,0.000016,0.000016,0.000016,0.000000,0.000000,0.000000,0.000033,0.000016,0.000016,0.000000,0.000000,0.000033,0.000016,0.000016,0.000000,0.000000,0.000000,0.000016,0.000000,0.000000,0.000033,0.000000,0.000033,0.000016,0.000000,0.000000,0.000016,0.000000,0.000000,0.000000,0.000016,0.000000,0.000000,0.000016,0.000000,0.000016,0.000000,0.000000
0.123000,0.001211,0.000000,0.000000,0.000016,0.000000,0.000000,0.000016,0.000000,0.000000,0.000033,0.000016,0.000000,0.000000,0.000000,0.000033,0.000000,0.000000,0.000016,0.000033,0.000000,0.000000,0.000016,0.000000,0.000000,0.000000,0.000000,0.000000,0.000000,0.000000,0.000000,0.000000,0.000000,0.000000,0.000000,0.000000,0.000000,0.000000,0.000000,0.000000,0.000000,0.000000,0.000000,0.000000,0.000000,0.000000,0.000000,0.000000,0.000000,0.000000,0.000016,0.000000,0.000000,0.000000,0.000000,0.000000,0.000000,0.000016,0.000016,0.000000,0.000000,0.000016,0.000000,0.000000,0.000000,0.000000,0.000000,0.000000,0.000000,0.000000,0.000000,0.000000,0.000016,0.000000,0.000000,0.000000,0.000000,0.000000,0.000000,0.000000,0.000000,0.000000,0.000000,0.000000,0.000000,0.000000,0.000000,0.000000,0.000000,0.000000,0.000000,0.000000,0.000000,0.000000,0.000000,0.000000,0.000000,0.000000,0.000016,0.000000,0.000000,0.000000,0.000016,0.000000,0.000000,0.000000,0.000000,0.000000,0.000000,0.000000,0.000000,0.000000,0.000016,0.000033,0.000000,0.000000,0.000049,0.000000,0.000016,0.000016,0.000000,0.000016,0.000033,0.000016,0.000000,0.000016,0.000049,0.000000,0.000016,0.000000,0.000000,0.000016,0.000000,0.000033,0.000016,0.000000,0.000000,0.000016,0.000033,0.000000,0.000000,0.000033,0.000016,0.000000,0.000049,0.000016,0.000000,0.000049,0.000000,0.000000,0.000000,0.000033,0.000016,0.000016,0.000000,0.000033,0.000000,0.000016,0.000000,0.000000,0.000000,0.000000,0.000016,0.000016,0.000000,0.000000,0.000016,0.000000,0.000000,0.000016,0.000033,0.000000,0.000000,0.000016,0.000000,0.000016,0.000000,0.000000,0.000000,0.000033,0.000016,0.000000,0.000016,0.000016,0.000000,0.000016,0.000016
0.124000,0.001113,0.000000,0.000000,0.000000,0.000016,0.000016,0.000016,0.000049,0.000016,0.000000,0.000000,0.000000,0.000000,0.000000,0.000000,0.000000,0.000000,0.000000,0.000000,0.000000,0.000000,0.000000,0.000000,0.000016,0.000000,0.000016,0.000000,0.000000,0.000000,0.000000,0.000000,0.000000,0.000000,0.000016,0.000000,0.000000,0.000000,0.000000,0.000000,0.000000,0.000000,0.000000,0.000000,0.000000,0.000016,0.000000,0.000000,0.000000,0.000000,0.000000,0.000000,0.000000,0.000000,0.000000,0.000000,0.000000,0.000000,0.000000,0.000033,0.000016,0.000000,0.000000,0.000000,0.000000,0.000000,0.000000,0.000000,0.000000,0.000000,0.000000,0.000000,0.000000,0.000000,0.000000,0.000000,0.000000,0.000000,0.000000,0.000000,0.000000,0.000000,0.000000,0.000000,0.000000,0.000000,0.000000,0.000000,0.000000,0.000000,0.000000,0.000000,0.000033,0.000000,0.000000,0.000000,0.000000,0.000000,0.000000,0.000000,0.000000,0.000033,0.000016,0.000000,0.000016,0.000033,0.000016,0.000000,0.000016,0.000000,0.000000,0.000000,0.000000,0.000000,0.000000,0.000016,0.000000,0.000033,0.000016,0.000016,0.000033,0.000000,0.000016,0.000033,0.000000,0.000016,0.000016,0.000000,0.000000,0.000016,0.000000,0.000033,0.000000,0.000000,0.000033,0.000016,0.000016,0.000000,0.000000,0.000000,0.000000,0.000000,0.000000,0.000000,0.000016,0.000000,0.000000,0.000000,0.000049,0.000016,0.000000,0.000000,0.000000,0.000016,0.000000,0.000000,0.000000,0.000000,0.000000,0.000049,0.000000,0.000049,0.000000,0.000016,0.000016,0.000016,0.000033,0.000000,0.000000,0.000000,0.000049,0.000000,0.000000,0.000000,0.000000,0.000016,0.000000,0.000016,0.000033,0.000000,0.000000,0.000000,0.000000,0.000000,0.000016,0.000000,0.000000
0.125000,0.000933,0.000000,0.000000,0.000000,0.000000,0.000016,0.000000,0.000016,0.000000,0.000000,0.000016,0.000000,0.000033,0.000000,0.000000,0.000000,0.000000,0.000000,0.000000,0.000016,0.000000,0.000016,0.000000,0.000000,0.000000,0.000000,0.000000,0.000000,0.000000,0.000000,0.000000,0.000000,0.000016,0.000000,0.000016,0.000016,0.000000,0.000000,0.000000,0.000000,0.000016,0.000000,0.000000,0.000000,0.000000,0.000000,0.000000,0.000000,0.000000,0.000000,0.000000,0.000000,0.000016,0.000000,0.000000,0.000000,0.000000,0.000000,0.000000,0.000000,0.000000,0.000000,0.000016,0.000000,0.000000,0.000000,0.000000,0.000000,0.000000,0.000000,0.000000,0.000000,0.000000,0.000000,0.000000,0.000000,0.000000,0.000000,0.000000,0.000000,0.000000,0.000000,0.000000,0.000000,0.000000,0.000000,0.000000,0.000000,0.000000,0.000000,0.000000,0.000016,0.000000,0.000000,0.000000,0.000000,0.000000,0.000016,0.000000,0.000016,0.000000,0.000000,0.000016,0.000016,0.000000,0.000000,0.000000,0.000016,0.000000,0.000000,0.000000,0.000049,0.000000,0.000000,0.000000,0.000000,0.000000,0.000016,0.000016,0.000016,0.000000,0.000000,0.000000,0.000000,0.000000,0.000000,0.000000,0.000000,0.000000,0.000000,0.000000,0.000000,0.000033,0.000000,0.000000,0.000000,0.000000,0.000016,0.000016,0.000000,0.000000,0.000016,0.000000,0.000000,0.000016,0.000000,0.000000,0.000033,0.000000,0.000016,0.000016,0.000000,0.000033,0.000000,0.000033,0.000016,0.000000,0.000000,0.000016,0.000033,0.000016,0.000000,0.000016,0.000000,0.000000,0.000000,0.000016,0.000000,0.000033,0.000033,0.000016,0.000016,0.000000,0.000000,0.000000,0.000000,0.000016,0.000016,0.000000,0.000000,0.000000,0.000016,0.000000,0.000000,0.000016,0.000016
0.126000,0.001080,0.000000,0.000016,0.000000,0.000000,0.000000,0.000016,0.000016,0.000000,0.000000,0.000000,0.000016,0.000000,0.000016,0.000000,0.000000,0.000000,0.000000,0.000000,0.000000,0.000000,0.000000,0.000016,0.000000,0.000000,0.000000,0.000000,0.000000,0.000000,0.000000,0.000000,0.000016,0.000000,0.000000,0.000000,0.000016,0.000016,0.000000,0.000000,0.000000,0.000000,0.000000,0.000000,0.000000,0.000000,0.000000,0.000016,0.000000,0.000000,0.000000,0.000000,0.000016,0.000000,0.000000,0.000000,0.000000,0.000000,0.000000,0.000000,0.000000,0.000000,0.000000,0.000000,0.000000,0.000000,0.000000,0.000000,0.000000,0.000000,0.000000,0.000000,0.000000,0.000000,0.000000,0.000000,0.000000,0.000000,0.000000,0.000000,0.000000,0.000016,0.000000,0.000000,0.000000,0.000000,0.000016,0.000000,0.000000,0.000000,0.000000,0.000000,0.000000,0.000000,0.000000,0.000000,0.000000,0.000000,0.000000,0.000000,0.000000,0.000000,0.000033,0.000016,0.000016,0.000000,0.000000,0.000016,0.000000,0.000000,0.000016,0.000000,0.000000,0.000000,0.000033,0.000000,0.000000,0.000000,0.000000,0.000000,0.000000,0.000000,0.000016,0.000016,0.000016,0.000049,0.000016,0.000000,0.000016,0.000016,0.000033,0.000000,0.000000,0.000000,0.000016,0.000033,0.000016,0.000000,0.000016,0.000000,0.000000,0.000000,0.000000,0.000000,0.000016,0.000016,0.000016,0.000000,0.000000,0.000000,0.000033,0.000000,0.000000,0.000033,0.000000,0.000016,0.000016,0.000016,0.000000,0.000000,0.000016,0.000000,0.000016,0.000049,0.000000,0.000000,0.000033,0.000016,0.000000,0.000000,0.000016,0.000016,0.000016,0.000000,0.000016,0.000016,0.000000,0.000016,0.000016,0.000000,0.000000,0.000016,0.000016,0.000000,0.000000,0.000000,0.000033
0.127000,0.001146,0.000000,0.000000,0.000000,0.000000,0.000033,0.000000,0.000000,0.000016,0.000016,0.000000,0.000016,0.000016,0.000000,0.000000,0.000016,0.000000,0.000000,0.000000,0.000000,0.000000,0.000000,0.000000,0.000000,0.000000,0.000000,0.000000,0.000000,0.000000,0.000016,0.000000,0.000000,0.000000,0.000000,0.000000,0.000000,0.000000,0.000000,0.000000,0.000000,0.000000,0.000016,0.000000,0.000000,0.000000,0.000000,0.000000,0.000000,0.000000,0.000000,0.000000,0.000000,0.000000,0.000000,0.000000,0.000000,0.000000,0.000000,0.000016,0.000000,0.000000,0.000000,0.000000,0.000000,0.000000,0.000000,0.000000,0.000000,0.000000,0.000000,0.000000,0.000000,0.000000,0.000000,0.000000,0.000000,0.000016,0.000000,0.000016,0.000000,0.000000,0.000000,0.000000,0.000016,0.000000,0.000000,0.000000,0.000000,0.000000,0.000000,0.000000,0.000016,0.000000,0.000000,0.000000,0.000000,0.000000,0.000000,0.000000,0.000000,0.000033,0.000016,0.000000,0.000016,0.000000,0.000000,0.000000,0.000000,0.000000,0.000000,0.000000,0.000016,0.000016,0.000000,0.000000,0.000016,0.000033,0.000016,0.000000,0.000016,0.000000,0.000000,0.000000,0.000033,0.000033,0.000000,0.000000,0.000016,0.000016,0.000016,0.000000,0.000016,0.000000,0.000000,0.000049,0.000016,0.000016,0.000016,0.000000,0.000000,0.000033,0.000033,0.000000,0.000016,0.000000,0.000000,0.000033,0.000000,0.000000,0.000033,0.000016,0.000016,0.000016,0.000000,0.000016,0.000000,0.000016,0.000000,0.000000,0.000033,0.000000,0.000016,0.000016,0.000000,0.000000,0.000033,0.000016,0.000016,0.000016,0.000000,0.000016,0.000000,0.000016,0.000000,0.000033,0.000000,0.000000,0.000016,0.000016,0.000000,0.000000,0.000000,0.000000,0.000000,0.000016,0.000016
0.128000,0.000851,0.000000,0.000000,0.000000,0.000000,0.000000,0.000016,0.000000,0.000000,0.000000,0.000000,0.000000,0.000000,0.000016,0.000000,0.000000,0.000000,0.000000,0.000000,0.000000,0.000000,0.000000,0.000000,0.000000,0.000016,0.000000,0.000000,0.000000,0.000016,0.000000,0.000000,0.000000,0.000000,0.000000,0.000000,0.000016,0.000000,0.000016,0.000016,0.000000,0.000000,0.000016,0.000000,0.000000,0.000000,0.000016,0.000000,0.000000,0.000000,0.000000,0.000016,0.000000,0.000000,0.000000,0.000000,0.000016,0.000000,0.000000,0.000000,0.000000,0.000000,0.000000,0.000000,0.000016,0.000000,0.000000,0.000000,0.000000,0.000000,0.000016,0.000000,0.000000,0.000000,0.000000,0.000000,0.000000,0.000000,0.000000,0.000000,0.000000,0.000000,0.000000,0.000000,0.000000,0.000000,0.000000,0.000000,0.000000,0.000000,0.000000,0.000000,0.000016,0.000000,0.000000,0.000000,0.000000,0.000000,0.000000,0.000000,0.000000,0.000000,0.000000,0.000000,0.000033,0.000000,0.000016,0.000000,0.000000,0.000000,0.000000,0.000016,0.000033,0.000000,0.000000,0.000000,0.000033,0.000033,0.000016,0.000016,0.000000,0.000016,0.000000,0.000000,0.000000,0.000016,0.000000,0.000000,0.000000,0.000016,0.000000,0.000000,0.000000,0.000000,0.000000,0.000016,0.000000,0.000000,0.000000,0.000000,0.000000,0.000016,0.000016,0.000000,0.000016,0.000000,0.000000,0.000000,0.000033,0.000033,0.000016,0.000016,0.000000,0.000000,0.000000,0.000049,0.000000,0.000000,0.000016,0.000000,0.000016,0.000049,0.000000,0.000016,0.000000,0.000000,0.000016,0.000000,0.000000,0.000000,0.000000,0.000000,0.000000,0.000000,0.000000,0.000016,0.000000,0.000000,0.000016,0.000016,0.000000,0.000000,0.000000,0.000000,0.000000,0.000000,0.000000
0.129000,0.001097,0.000000,0.000000,0.000000,0.000000,0.000016,0.000000,0.000000,0.000000,0.000000,0.000016,0.000033,0.000000,0.000016,0.000000,0.000016,0.000000,0.000000,0.000000,0.000000,0.000000,0.000000,0.000000,0.000000,0.000000,0.000016,0.000000,0.000000,0.000033,0.000000,0.000000,0.000000,0.000000,0.000000,0.000000,0.000000,0.000000,0.000000,0.000000,0.000016,0.000000,0.000000,0.000000,0.000000,0.000000,0.000000,0.000000,0.000000,0.000016,0.000000,0.000000,0.000016,0.000000,0.000000,0.000000,0.000000,0.000000,0.000000,0.000000,0.000000,0.000000,0.000000,0.000000,0.000000,0.000000,0.000000,0.000000,0.000016,0.000000,0.000000,0.000000,0.000000,0.000000,0.000000,0.000000,0.000000,0.000000,0.000000,0.000000,0.000000,0.000016,0.000000,0.000000,0.000000,0.000000,0.000000,0.000000,0.000000,0.000000,0.000000,0.000000,0.000000,0.000000,0.000000,0.000000,0.000000,0.000000,0.000000,0.000000,0.000000,0.000016,0.000000,0.000033,0.000033,0.000000,0.000033,0.000016,0.000016,0.000016,0.000000,0.000000,0.000033,0.000000,0.000016,0.000000,0.000016,0.000000,0.000000,0.000033,0.000016,0.000000,0.000033,0.000000,0.000016,0.000000,0.000000,0.000000,0.000000,0.000049,0.000016,0.000000,0.000016,0.000000,0.000016,0.000000,0.000016,0.000000,0.000000,0.000000,0.000016,0.000016,0.000000,0.000000,0.000000,0.000033,0.000033,0.000000,0.000016,0.000016,0.000033,0.000016,0.000016,0.000000,0.000000,0.000000,0.000016,0.000016,0.000033,0.000000,0.000016,0.000016,0.000000,0.000000,0.000000,0.000000,0.000016,0.000016,0.000000,0.000000,0.000016,0.000016,0.000000,0.000016,0.000016,0.000000,0.000000,0.000016,0.000000,0.000000,0.000000,0.000000,0.000016,0.000000,0.000000,0.000000,0.000000
0.130000,0.000900,0.000000,0.000000,0.000000,0.000000,0.000000,0.000000,0.000000,0.000016,0.000000,0.000000,0.000000,0.000000,0.000000,0.000000,0.000016,0.000000,0.000000,0.000016,0.000000,0.000000,0.000000,0.000000,0.000016,0.000000,0.000000,0.000000,0.000000,0.000000,0.000000,0.000000,0.000016,0.000000,0.000000,0.000000,0.000000,0.000000,0.000000,0.000016,0.000000,0.000000,0.000000,0.000000,0.000000,0.000000,0.000000,0.000016,0.000000,0.000000,0.000000,0.000000,0.000000,0.000000,0.000000,0.000000,0.000000,0.000000,0.000000,0.000000,0.000000,0.000000,0.000000,0.000000,0.000000,0.000000,0.000000,0.000000,0.000016,0.000000,0.000000,0.000000,0.000000,0.000000,0.000000,0.000000,0.000000,0.000000,0.000000,0.000000,0.000000,0.000033,0.000000,0.000000,0.000000,0.000000,0.000000,0.000000,0.000000,0.000000,0.000000,0.000000,0.000000,0.000000,0.000000,0.000000,0.000000,0.000000,0.000000,0.000000,0.000016,0.000000,0.000016,0.000000,0.000000,0.000033,0.000000,0.000016,0.000016,0.000016,0.000000,0.000000,0.000000,0.000000,0.000000,0.000000,0.000000,0.000016,0.000000,0.000016,0.000000,0.000000,0.000000,0.000000,0.000016,0.000016,0.000016,0.000000,0.000000,0.000016,0.000016,0.000016,0.000016,0.000033,0.000016,0.000016,0.000000,0.000016,0.000000,0.000049,0.000000,0.000000,0.000000,0.000000,0.000016,0.000000,0.000000,0.000033,0.000016,0.000000,0.000016,0.000000,0.000016,0.000000,0.000016,0.000016,0.000000,0.000016,0.000016,0.000033,0.000016,0.000000,0.000000,0.000016,0.000000,0.000000,0.000016,0.000000,0.000016,0.000000,0.000000,0.000000,0.000000,0.000000,0.000016,0.000000,0.000000,0.000000,0.000016,0.000000,0.000000,0.000033,0.000000,0.000000,0.000000,0.000000,0.000016
0.131000,0.000900,0.000000,0.000000,0.000016,0.000016,0.000000,0.000000,0.000016,0.000000,0.000000,0.000016,0.000000,0.000016,0.000000,0.000000,0.000016,0.000000,0.000000,0.000016,0.000000,0.000016,0.000000,0.000000,0.000000,0.000000,0.000000,0.000000,0.000000,0.000000,0.000000,0.000000,0.000000,0.000000,0.000016,0.000000,0.000016,0.000000,0.000000,0.000000,0.000000,0.000000,0.000000,0.000000,0.000016,0.000000,0.000000,0.000000,0.000000,0.000000,0.000000,0.000000,0.000000,0.000000,0.000033,0.000000,0.000016,0.000000,0.000000,0.000000,0.000000,0.000000,0.000000,0.000000,0.000000,0.000000,0.000000,0.000000,0.000000,0.000000,0.000033,0.000000,0.000000,0.000000,0.000000,0.000000,0.000016,0.000000,0.000000,0.000000,0.000000,0.000000,0.000000,0.000000,0.000000,0.000000,0.000000,0.000000,0.000000,0.000000,0.000000,0.000000,0.000000,0.000000,0.000000,0.000000,0.000000,0.000000,0.000000,0.000016,0.000016,0.000000,0.000016,0.000033,0.000016,0.000000,0.000016,0.000000,0.000000,0.000033,0.000000,0.000000,0.000000,0.000016,0.000000,0.000000,0.000000,0.000016,0.000000,0.000000,0.000016,0.000000,0.000000,0.000000,0.000000,0.000000,0.000000,0.000016,0.000033,0.000016,0.000000,0.000000,0.000000,0.000000,0.000016,0.000000,0.000016,0.000016,0.000000,0.000033,0.000016,0.000016,0.000000,0.000000,0.000016,0.000000,0.000000,0.000000,0.000000,0.000016,0.000000,0.000000,0.000000,0.000000,0.000000,0.000016,0.000033,0.000016,0.000000,0.000000,0.000000,0.000000,0.000016,0.000000,0.000016,0.000016,0.000049,0.000000,0.000000,0.000000,0.000000,0.000000,0.000000,0.000000,0.000000,0.000000,0.000000,0.000000,0.000016,0.000000,0.000000,0.000000,0.000000,0.000016,0.000000,0.000000,0.000016
0.132000,0.000966,0.000000,0.000000,0.000000,0.000033,0.000016,0.000000,0.000000,0.000000,0.000000,0.000000,0.000000,0.000000,0.000033,0.000000,0.000000,0.000000,0.000000,0.000000,0.000000,0.000000,0.000000,0.000000,0.000000,0.000000,0.000000,0.000000,0.000000,0.000000,0.000000,0.000000,0.000000,0.000016,0.000000,0.000000,0.000000,0.000000,0.000000,0.000016,0.000000,0.000000,0.000000,0.000000,0.000016,0.000000,0.000000,0.000000,0.000016,0.000000,0.000000,0.000000,0.000016,0.000000,0.000000,0.000000,0.000000,0.000000,0.000000,0.000000,0.000000,0.000000,0.000000,0.000000,0.000000,0.000000,0.000000,0.000000,0.000000,0.000000,0.000016,0.000000,0.000000,0.000000,0.000000,0.000000,0.000000,0.000000,0.000000,0.000000,0.000000,0.000000,0.000000,0.000000,0.000000,0.000000,0.000000,0.000000,0.000000,0.000000,0.000000,0.000000,0.000000,0.000000,0.000000,0.000000,0.000000,0.000000,0.000000,0.000000,0.000000,0.000000,0.000016,0.000000,0.000016,0.000000,0.000033,0.000000,0.000016,0.000000,0.000000,0.000000,0.000016,0.000000,0.000000,0.000033,0.000016,0.000016,0.000000,0.000016,0.000033,0.000000,0.000000,0.000016,0.000000,0.000016,0.000000,0.000000,0.000016,0.000016,0.000000,0.000033,0.000000,0.000000,0.000000,0.000016,0.000000,0.000016,0.000000,0.000000,0.000016,0.000000,0.000016,0.000000,0.000016,0.000049,0.000033,0.000000,0.000033,0.000016,0.000000,0.000000,0.000016,0.000000,0.000000,0.000016,0.000000,0.000033,0.000033,0.000000,0.000000,0.000000,0.000016,0.000000,0.000000,0.000000,0.000000,0.000033,0.000000,0.000000,0.000016,0.000016,0.000000,0.000000,0.000000,0.000033,0.000000,0.000000,0.000016,0.000000,0.000000,0.000000,0.000000,0.000016,0.000000,0.000000,0.000016
0.133000,0.000851,0.000000,0.000000,0.000033,0.000000,0.000000,0.000033,0.000000,0.000000,0.000000,0.000000,0.000000,0.000000,0.000000,0.000000,0.000016,0.000000,0.000000,0.000000,0.000000,0.000016,0.000000,0.000016,0.000000,0.000000,0.000000,0.000016,0.000000,0.000016,0.000000,0.000016,0.000000,0.000000,0.000016,0.000000,0.000000,0.000000,0.000000,0.000000,0.000000,0.000000,0.000000,0.000000,0.000000,0.000000,0.000000,0.000000,0.000000,0.000000,0.000000,0.000000,0.000000,0.000000,0.000000,0.000016,0.000000,0.000000,0.000000,0.000000,0.000000,0.000000,0.000000,0.000000,0.000000,0.000000,0.000000,0.000000,0.000000,0.000000,0.000000,0.000016,0.000000,0.000016,0.000000,0.000000,0.000000,0.000000,0.000000,0.000000,0.000000,0.000000,0.000000,0.000000,0.000000,0.000000,0.000000,0.000000,0.000000,0.000000,0.000000,0.000000,0.000000,0.000000,0.000000,0.000000,0.000000,0.000000,0.000000,0.000000,0.000000,0.000000,0.000000,0.000000,0.000000,0.000016,0.000016,0.000000,0.000000,0.000016,0.000000,0.000016,0.000000,0.000000,0.000000,0.000000,0.000000,0.000000,0.000000,0.000016,0.000000,0.000000,0.000000,0.000033,0.000016,0.000016,0.000016,0.000000,0.000016,0.000000,0.000000,0.000000,0.000000,0.000000,0.000016,0.000000,0.000016,0.000000,0.000000,0.000000,0.000016,0.000000,0.000016,0.000000,0.000000,0.000033,0.000033,0.000016,0.000016,0.000016,0.000000,0.000000,0.000033,0.000016,0.000000,0.000016,0.000000,0.000016,0.000000,0.000000,0.000016,0.000000,0.000000,0.000000,0.000000,0.000000,0.000000,0.000000,0.000016,0.000033,0.000000,0.000000,0.000016,0.000016,0.000033,0.000000,0.000000,0.000000,0.000000,0.000000,0.000000,0.000016,0.000016,0.000000,0.000000,0.000016,0.000000
0.134000,0.001097,0.000000,0.000000,0.000000,0.000016,0.000016,0.000000,0.000000,0.000000,0.000000,0.000000,0.000000,0.000000,0.000000,0.000000,0.000016,0.000016,0.000000,0.000000,0.000000,0.000000,0.000000,0.000000,0.000000,0.000000,0.000000,0.000000,0.000000,0.000033,0.000000,0.000000,0.000000,0.000016,0.000000,0.000000,0.000000,0.000016,0.000000,0.000000,0.000000,0.000000,0.000000,0.000000,0.000016,0.000000,0.000000,0.000000,0.000000,0.000000,0.000000,0.000000,0.000000,0.000000,0.000000,0.000016,0.000000,0.000000,0.000000,0.000000,0.000000,0.000000,0.000000,0.000000,0.000000,0.000000,0.000000,0.000000,0.000000,0.000000,0.000000,0.000000,0.000000,0.000000,0.000000,0.000000,0.000000,0.000000,0.000000,0.000033,0.000000,0.000033,0.000000,0.000000,0.000000,0.000000,0.000000,0.000000,0.000000,0.000000,0.000000,0.000000,0.000000,0.000000,0.000000,0.000000,0.000000,0.000000,0.000016,0.000000,0.000000,0.000000,0.000000,0.000000,0.000000,0.000000,0.000016,0.000000,0.000000,0.000000,0.000000,0.000000,0.000000,0.000016,0.000016,0.000033,0.000000,0.000000,0.000016,0.000016,0.000000,0.000000,0.000000,0.000000,0.000033,0.000033,0.000000,0.000033,0.000016,0.000000,0.000016,0.000000,0.000000,0.000000,0.000000,0.000000,0.000000,0.000033,0.000016,0.000000,0.000016,0.000016,0.000049,0.000000,0.000000,0.000000,0.000016,0.000000,0.000000,0.000000,0.000033,0.000000,0.000033,0.000033,0.000000,0.000000,0.000000,0.000000,0.000016,0.000033,0.000000,0.000000,0.000033,0.000000,0.000016,0.000000,0.000016,0.000000,0.000033,0.000016,0.000000,0.000016,0.000016,0.000000,0.000016,0.000000,0.000016,0.000016,0.000016,0.000016,0.000033,0.000000,0.000000,0.000016,0.000016,0.000016,0.000000
0.135000,0.000753,0.000000,0.000000,0.000000,0.000000,0.000000,0.000033,0.000000,0.000016,0.000016,0.000016,0.000000,0.000016,0.000000,0.000000,0.000000,0.000016,0.000000,0.000000,0.000016,0.000000,0.000000,0.000000,0.000000,0.000000,0.000000,0.000000,0.000016,0.000000,0.000000,0.000000,0.000000,0.000000,0.000000,0.000000,0.000000,0.000016,0.000000,0.000000,0.000000,0.000000,0.000000,0.000000,0.000000,0.000000,0.000000,0.000000,0.000000,0.000000,0.000016,0.000000,0.000000,0.000000,0.000016,0.000000,0.000000,0.000000,0.000016,0.000016,0.000000,0.000000,0.000000,0.000000,0.000000,0.000000,0.000000,0.000000,0.000000,0.000000,0.000000,0.000000,0.000000,0.000000,0.000000,0.000000,0.000000,0.000000,0.000000,0.000000,0.000000,0.000000,0.000000,0.000000,0.000000,0.000000,0.000000,0.000000,0.000000,0.000000,0.000000,0.000000,0.000000,0.000000,0.000000,0.000000,0.000000,0.000000,0.000000,0.000000,0.000000,0.000000,0.000000,0.000000,0.000000,0.000016,0.000000,0.000033,0.000016,0.000016,0.000000,0.000000,0.000016,0.000000,0.000000,0.000016,0.000000,0.000000,0.000016,0.000016,0.000016,0.000000,0.000000,0.000016,0.000000,0.000000,0.000000,0.000016,0.000000,0.000000,0.000000,0.000016,0.000000,0.000000,0.000016,0.000016,0.000000,0.000000,0.000016,0.000000,0.000000,0.000000,0.000033,0.000000,0.000033,0.000000,0.000016,0.000000,0.000000,0.000000,0.000016,0.000033,0.000016,0.000000,0.000000,0.000016,0.000000,0.000000,0.000000,0.000000,0.000000,0.000000,0.000000,0.000000,0.000000,0.000000,0.000000,0.000016,0.000033,0.000000,0.000000,0.000000,0.000016,0.000000,0.000016,0.000000,0.000000,0.000000,0.000016,0.000000,0.000000,0.000000,0.000000,0.000000,0.000000,0.000000,0.000000
0.136000,0.000982,0.000000,0.000000,0.000000,0.000000,0.000000,0.000000,0.000016,0.000000,0.000000,0.000000,0.000000,0.000000,0.000000,0.000000,0.000016,0.000000,0.000000,0.000000,0.000000,0.000000,0.000000,0.000016,0.000000,0.000016,0.000016,0.000016,0.000000,0.000000,0.000000,0.000000,0.000000,0.000000,0.000000,0.000000,0.000000,0.000000,0.000000,0.000000,0.000000,0.000000,0.000000,0.000016,0.000016,0.000000,0.000000,0.000016,0.000000,0.000000,0.000016,0.000000,0.000000,0.000000,0.000000,0.000000,0.000000,0.000000,0.000000,0.000000,0.000000,0.000000,0.000000,0.000000,0.000000,0.000000,0.000000,0.000000,0.000000,0.000000,0.000016,0.000016,0.000000,0.000000,0.000000,0.000000,0.000000,0.000000,0.000000,0.000000,0.000000,0.000016,0.000000,0.000000,0.000000,0.000000,0.000000,0.000000,0.000000,0.000000,0.000000,0.000000,0.000000,0.000000,0.000000,0.000000,0.000000,0.000000,0.000000,0.000000,0.000000,0.000000,0.000000,0.000016,0.000000,0.000000,0.000016,0.000000,0.000033,0.000033,0.000000,0.000000,0.000000,0.000000,0.000000,0.000033,0.000000,0.000016,0.000000,0.000000,0.000000,0.000016,0.000000,0.000000,0.000016,0.000016,0.000016,0.000016,0.000016,0.000016,0.000016,0.000016,0.000000,0.000000,0.000016,0.000000,0.000016,0.000016,0.000016,0.000049,0.000016,0.000000,0.000016,0.000000,0.000016,0.000016,0.000016,0.000033,0.000000,0.000000,0.000016,0.000000,0.000016,0.000000,0.000000,0.000033,0.000016,0.000016,0.000000,0.000000,0.000000,0.000000,0.000000,0.000016,0.000000,0.000000,0.000016,0.000000,0.000016,0.000000,0.000000,0.000000,0.000016,0.000016,0.000000,0.000000,0.000000,0.000016,0.000000,0.000016,0.000016,0.000000,0.000000,0.000000,0.000016,0.000000,0.000000
0.137000,0.000933,0.000000,0.000000,0.000000,0.000016,0.000016,0.000000,0.000000,0.000000,0.000000,0.000000,0.000000,0.000000,0.000033,0.000000,0.000000,0.000000,0.000000,0.000000,0.000000,0.000000,0.000000,0.000000,0.000000,0.000016,0.000000,0.000000,0.000016,0.000000,0.000000,0.000000,0.000000,0.000000,0.000000,0.000016,0.000000,0.000000,0.000016,0.000000,0.000000,0.000000,0.000000,0.000000,0.000000,0.000016,0.000000,0.000000,0.000000,0.000016,0.000000,0.000000,0.000000,0.000016,0.000000,0.000000,0.000000,0.000000,0.000000,0.000000,0.000000,0.000000,0.000000,0.000000,0.000016,0.000000,0.000000,0.000000,0.000000,0.000000,0.000000,0.000000,0.000000,0.000000,0.000000,0.000000,0.000016,0.000000,0.000000,0.000000,0.000000,0.000016,0.000000,0.000000,0.000000,0.000000,0.000000,0.000000,0.000000,0.000016,0.000000,0.000000,0.000016,0.000000,0.000000,0.000000,0.000000,0.000000,0.000000,0.000000,0.000016,0.000016,0.000000,0.000033,0.000000,0.000000,0.000016,0.000000,0.000000,0.000000,0.000000,0.000016,0.000000,0.000000,0.000016,0.000016,0.000000,0.000000,0.000000,0.000016,0.000000,0.000000,0.000000,0.000000,0.000000,0.000016,0.000000,0.000000,0.000000,0.000000,0.000000,0.000000,0.000000,0.000016,0.000000,0.000000,0.000000,0.000000,0.000000,0.000000,0.000033,0.000033,0.000000,0.000000,0.000000,0.000016,0.000000,0.000000,0.000049,0.000016,0.000016,0.000000,0.000033,0.000000,0.000000,0.000000,0.000000,0.000000,0.000000,0.000016,0.000000,0.000000,0.000000,0.000000,0.000000,0.000000,0.000016,0.000033,0.000000,0.000000,0.000016,0.000016,0.000033,0.000033,0.000033,0.000000,0.000000,0.000033,0.000000,0.000016,0.000000,0.000016,0.000000,0.000000,0.000000,0.000016,0.000016
0.138000,0.000687,0.000000,0.000000,0.000000,0.000033,0.000000,0.000000,0.000016,0.000016,0.000016,0.000000,0.000000,0.000000,0.000000,0.000000,0.000016,0.000000,0.000000,0.000000,0.000000,0.000000,0.000016,0.000000,0.000000,0.000000,0.000016,0.000000,0.000000,0.000000,0.000000,0.000000,0.000000,0.000000,0.000000,0.000000,0.000049,0.000000,0.000000,0.000000,0.000000,0.000000,0.000000,0.000000,0.000000,0.000000,0.000000,0.000000,0.000000,0.000000,0.000000,0.000000,0.000016,0.000000,0.000000,0.000000,0.000000,0.000000,0.000000,0.000000,0.000000,0.000000,0.000000,0.000000,0.000000,0.000000,0.000000,0.000000,0.000000,0.000000,0.000000,0.000000,0.000000,0.000000,0.000000,0.000000,0.000000,0.000000,0.000000,0.000000,0.000000,0.000000,0.000000,0.000000,0.000000,0.000000,0.000000,0.000000,0.000000,0.000000,0.000000,0.000000,0.000000,0.000000,0.000000,0.000000,0.000000,0.000000,0.000000,0.000000,0.000000,0.000000,0.000000,0.000000,0.000000,0.000000,0.000000,0.000000,0.000016,0.000016,0.000000,0.000000,0.000016,0.000000,0.000000,0.000000,0.000000,0.000000,0.000000,0.000016,0.000016,0.000000,0.000000,0.000000,0.000000,0.000016,0.000000,0.000016,0.000000,0.000000,0.000000,0.000000,0.000000,0.000000,0.000016,0.000000,0.000000,0.000000,0.000000,0.000000,0.000033,0.000000,0.000000,0.000000,0.000016,0.000016,0.000000,0.000000,0.000000,0.000033,0.000000,0.000000,0.000016,0.000000,0.000000,0.000000,0.000033,0.000033,0.000000,0.000000,0.000000,0.000033,0.000000,0.000000,0.000000,0.000000,0.000016,0.000000,0.000016,0.000000,0.000016,0.000000,0.000000,0.000000,0.000000,0.000016,0.000000,0.000016,0.000000,0.000000,0.000016,0.000016,0.000016,0.000000,0.000000,0.000016,0.000000
0.139000,0.001031,0.000000,0.000000,0.000000,0.000016,0.000000,0.000000,0.000033,0.000016,0.000016,0.000016,0.000000,0.000000,0.000000,0.000016,0.000000,0.000000,0.000000,0.000000,0.000000,0.000000,0.000000,0.000016,0.000000,0.000000,0.000016,0.000000,0.000000,0.000000,0.000000,0.000000,0.000000,0.000016,0.000000,0.000000,0.000000,0.000000,0.000000,0.000016,0.000000,0.000000,0.000000,0.000000,0.000000,0.000000,0.000000,0.000000,0.000000,0.000000,0.000000,0.000016,0.000000,0.000000,0.000000,0.000000,0.000000,0.000000,0.000000,0.000000,0.000000,0.000000,0.000000,0.000000,0.000000,0.000000,0.000000,0.000000,0.000000,0.000000,0.000000,0.000000,0.000000,0.000000,0.000000,0.000000,0.000000,0.000000,0.000000,0.000000,0.000000,0.000016,0.000000,0.000000,0.000000,0.000000,0.000000,0.000000,0.000000,0.000000,0.000000,0.000000,0.000033,0.000000,0.000000,0.000000,0.000000,0.000000,0.000000,0.000000,0.000016,0.000000,0.000000,0.000000,0.000000,0.000000,0.000016,0.000000,0.000000,0.000000,0.000000,0.000033,0.000033,0.000033,0.000033,0.000016,0.000016,0.000000,0.000000,0.000000,0.000016,0.000016,0.000016,0.000016,0.000000,0.000016,0.000016,0.000000,0.000000,0.000000,0.000000,0.000033,0.000000,0.000000,0.000016,0.000000,0.000000,0.000000,0.000016,0.000000,0.000000,0.000000,0.000049,0.000016,0.000000,0.000016,0.000016,0.000000,0.000000,0.000000,0.000033,0.000049,0.000000,0.000016,0.000000,0.000016,0.000000,0.000000,0.000000,0.000000,0.000000,0.000049,0.000016,0.000000,0.000000,0.000000,0.000016,0.000016,0.000016,0.000000,0.000000,0.000000,0.000000,0.000000,0.000000,0.000016,0.000000,0.000000,0.000016,0.000016,0.000016,0.000000,0.000016,0.000000,0.000000,0.000000,0.000016
0.140000,0.000982,0.000000,0.000000,0.000016,0.000000,0.000000,0.000000,0.000000,0.000016,0.000000,0.000000,0.000016,0.000000,0.000000,0.000000,0.000000,0.000016,0.000016,0.000000,0.000016,0.000000,0.000000,0.000000,0.000000,0.000016,0.000016,0.000000,0.000033,0.000000,0.000000,0.000000,0.000000,0.000000,0.000000,0.000000,0.000016,0.000000,0.000000,0.000016,0.000000,0.000000,0.000000,0.000000,0.000000,0.000000,0.000000,0.000000,0.000016,0.000000,0.000000,0.000000,0.000000,0.000000,0.000000,0.000000,0.000000,0.000000,0.000000,0.000000,0.000000,0.000000,0.000000,0.000000,0.000000,0.000000,0.000000,0.000000,0.000000,0.000000,0.000000,0.000000,0.000000,0.000000,0.000000,0.000000,0.000000,0.000000,0.000000,0.000000,0.000000,0.000033,0.000000,0.000000,0.000000,0.000000,0.000000,0.000000,0.000000,0.000000,0.000000,0.000000,0.000016,0.000000,0.000000,0.000000,0.000000,0.000000,0.000000,0.000000,0.000000,0.000000,0.000000,0.000000,0.000016,0.000000,0.000016,0.000000,0.000000,0.000000,0.000000,0.000016,0.000000,0.000000,0.000016,0.000016,0.000000,0.000000,0.000016,0.000016,0.000000,0.000000,0.000000,0.000016,0.000000,0.000000,0.000033,0.000016,0.000016,0.000033,0.000016,0.000016,0.000000,0.000000,0.000016,0.000016,0.000000,0.000016,0.000033,0.000000,0.000000,0.000000,0.000000,0.000000,0.000016,0.000016,0.000000,0.000016,0.000016,0.000000,0.000033,0.000000,0.000000,0.000016,0.000000,0.000000,0.000000,0.000016,0.000033,0.000016,0.000016,0.000000,0.000016,0.000000,0.000000,0.000000,0.000016,0.000033,0.000000,0.000000,0.000000,0.000033,0.000016,0.000000,0.000000,0.000016,0.000000,0.000000,0.000000,0.000000,0.000000,0.000016,0.000000,0.000000,0.000000,0.000016,0.000016
0.141000,0.000818,0.000000,0.000000,0.000000,0.000000,0.000000,0.000000,0.000000,0.000000,0.000000,0.000000,0.000000,0.000000,0.000000,0.000000,0.000000,0.000000,0.000016,0.000016,0.000000,0.000000,0.000000,0.000000,0.000000,0.000000,0.000000,0.000000,0.000000,0.000016,0.000016,0.000000,0.000016,0.000000,0.000000,0.000000,0.000000,0.000000,0.000016,0.000000,0.000000,0.000000,0.000000,0.000016,0.000016,0.000000,0.000000,0.000000,0.000033,0.000000,0.000000,0.000000,0.000000,0.000000,0.000000,0.000000,0.000000,0.000000,0.000000,0.000000,0.000000,0.000000,0.000000,0.000000,0.000000,0.000000,0.000000,0.000000,0.000000,0.000000,0.000016,0.000000,0.000000,0.000000,0.000000,0.000000,0.000000,0.000000,0.000000,0.000000,0.000000,0.000000,0.000000,0.000000,0.000000,0.000000,0.000000,0.000000,0.000000,0.000000,0.000000,0.000000,0.000000,0.000000,0.000000,0.000000,0.000000,0.000000,0.000000,0.000000,0.000000,0.000000,0.000000,0.000000,0.000000,0.000000,0.000016,0.000000,0.000000,0.000000,0.000000,0.000000,0.000016,0.000000,0.000000,0.000000,0.000000,0.000016,0.000000,0.000000,0.000000,0.000000,0.000000,0.000000,0.000016,0.000033,0.000000,0.000033,0.000000,0.000016,0.000000,0.000016,0.000000,0.000000,0.000000,0.000016,0.000000,0.000049,0.000000,0.000016,0.000016,0.000000,0.000000,0.000000,0.000000,0.000033,0.000000,0.000000,0.000016,0.000000,0.000049,0.000000,0.000016,0.000016,0.000000,0.000000,0.000033,0.000000,0.000016,0.000000,0.000000,0.000016,0.000049,0.000000,0.000016,0.000000,0.000000,0.000000,0.000016,0.000016,0.000016,0.000000,0.000016,0.000000,0.000016,0.000000,0.000000,0.000000,0.000016,0.000000,0.000000,0.000000,0.000016,0.000000,0.000000,0.000000,0.000000
0.142000,0.000949,0.000000,0.000000,0.000016,0.000016,0.000016,0.000000,0.000016,0.000000,0.000000,0.000000,0.000000,0.000000,0.000016,0.000000,0.000000,0.000016,0.000000,0.000016,0.000016,0.000000,0.000016,0.000000,0.000000,0.000000,0.000000,0.000000,0.000000,0.000033,0.000000,0.000000,0.000000,0.000000,0.000000,0.000000,0.000000,0.000016,0.000000,0.000000,0.000033,0.000000,0.000000,0.000000,0.000016,0.000000,0.000000,0.000000,0.000000,0.000016,0.000000,0.000000,0.000016,0.000000,0.000000,0.000000,0.000000,0.000000,0.000000,0.000000,0.000000,0.000000,0.000000,0.000000,0.000000,0.000000,0.000000,0.000000,0.000000,0.000000,0.000016,0.000000,0.000000,0.000000,0.000000,0.000000,0.000000,0.000000,0.000000,0.000000,0.000000,0.000000,0.000000,0.000000,0.000000,0.000000,0.000000,0.000000,0.000000,0.000000,0.000000,0.000000,0.000000,0.000000,0.000000,0.000000,0.000000,0.000000,0.000000,0.000000,0.000016,0.000016,0.000016,0.000000,0.000000,0.000000,0.000000,0.000016,0.000000,0.000000,0.000000,0.000016,0.000000,0.000000,0.000016,0.000000,0.000016,0.000000,0.000000,0.000000,0.000016,0.000000,0.000016,0.000000,0.000016,0.000033,0.000000,0.000000,0.000000,0.000016,0.000016,0.000033,0.000000,0.000000,0.000000,0.000000,0.000000,0.000016,0.000000,0.000033,0.000000,0.000033,0.000000,0.000000,0.000016,0.000000,0.000000,0.000000,0.000000,0.000000,0.000016,0.000016,0.000016,0.000000,0.000016,0.000016,0.000049,0.000000,0.000000,0.000016,0.000000,0.000016,0.000016,0.000033,0.000016,0.000000,0.000000,0.000000,0.000000,0.000000,0.000000,0.000000,0.000000,0.000016,0.000033,0.000000,0.000000,0.000000,0.000000,0.000000,0.000000,0.000000,0.000016,0.000000,0.000000,0.000000,0.000000
0.143000,0.000949,0.000000,0.000000,0.000000,0.000000,0.000016,0.000016,0.000033,0.000000,0.000033,0.000016,0.000000,0.000016,0.000000,0.000000,0.000000,0.000000,0.000000,0.000000,0.000000,0.000000,0.000000,0.000000,0.000000,0.000033,0.000000,0.000000,0.000016,0.000000,0.000000,0.000000,0.000000,0.000000,0.000000,0.000000,0.000000,0.000000,0.000000,0.000000,0.000000,0.000000,0.000000,0.000033,0.000016,0.000000,0.000000,0.000000,0.000000,0.000000,0.000000,0.000000,0.000000,0.000000,0.000000,0.000000,0.000000,0.000000,0.000000,0.000000,0.000000,0.000000,0.000000,0.000000,0.000000,0.000000,0.000000,0.000000,0.000000,0.000000,0.000016,0.000000,0.000016,0.000000,0.000000,0.000016,0.000000,0.000000,0.000000,0.000000,0.000000,0.000000,0.000000,0.000000,0.000000,0.000000,0.000000,0.000000,0.000000,0.000000,0.000000,0.000000,0.000016,0.000000,0.000000,0.000000,0.000000,0.000000,0.000000,0.000000,0.000016,0.000000,0.000000,0.000000,0.000000,0.000000,0.000000,0.000000,0.000000,0.000000,0.000000,0.000000,0.000016,0.000033,0.000000,0.000016,0.000000,0.000000,0.000000,0.000000,0.000000,0.000000,0.000016,0.000000,0.000000,0.000000,0.000016,0.000000,0.000000,0.000016,0.000016,0.000000,0.000000,0.000000,0.000000,0.000016,0.000033,0.000000,0.000000,0.000049,0.000000,0.000016,0.000033,0.000000,0.000000,0.000016,0.000000,0.000016,0.000000,0.000016,0.000000,0.000000,0.000016,0.000000,0.000000,0.000000,0.000000,0.000000,0.000000,0.000049,0.000000,0.000000,0.000000,0.000016,0.000016,0.000000,0.000016,0.000049,0.000016,0.000033,0.000016,0.000000,0.000000,0.000000,0.000016,0.000016,0.000000,0.000016,0.000000,0.000016,0.000000,0.000000,0.000000,0.000000,0.000000,0.000016,0.000000
0.144000,0.001015,0.000000,0.000000,0.000016,0.000016,0.000000,0.000000,0.000000,0.000000,0.000016,0.000016,0.000000,0.000000,0.000000,0.000000,0.000000,0.000000,0.000000,0.000000,0.000000,0.000000,0.000000,0.000000,0.000000,0.000000,0.000000,0.000000,0.000000,0.000000,0.000000,0.000000,0.000016,0.000000,0.000016,0.000016,0.000016,0.000000,0.000016,0.000000,0.000000,0.000000,0.000000,0.000000,0.000000,0.000000,0.000000,0.000016,0.000000,0.000000,0.000000,0.000000,0.000000,0.000000,0.000000,0.000000,0.000000,0.000000,0.000000,0.000000,0.000000,0.000000,0.000000,0.000016,0.000000,0.000000,0.000000,0.000000,0.000000,0.000000,0.000016,0.000000,0.000000,0.000016,0.000000,0.000000,0.000000,0.000000,0.000000,0.000000,0.000000,0.000000,0.000000,0.000000,0.000000,0.000000,0.000000,0.000000,0.000000,0.000000,0.000000,0.000000,0.000000,0.000000,0.000000,0.000000,0.000000,0.000000,0.000000,0.000016,0.000016,0.000000,0.000000,0.000000,0.000000,0.000000,0.000000,0.000000,0.000000,0.000000,0.000000,0.000000,0.000000,0.000016,0.000000,0.000000,0.000016,0.000049,0.000033,0.000033,0.000000,0.000000,0.000000,0.000016,0.000000,0.000000,0.000000,0.000000,0.000016,0.000000,0.000000,0.000000,0.000000,0.000033,0.000033,0.000000,0.000000,0.000000,0.000033,0.000033,0.000016,0.000016,0.000000,0.000000,0.000000,0.000016,0.000000,0.000000,0.000016,0.000016,0.000049,0.000016,0.000000,0.000016,0.000000,0.000000,0.000000,0.000000,0.000065,0.000016,0.000000,0.000000,0.000016,0.000016,0.000000,0.000000,0.000016,0.000000,0.000000,0.000016,0.000016,0.000000,0.000033,0.000000,0.000016,0.000016,0.000000,0.000000,0.000016,0.000033,0.000000,0.000000,0.000000,0.000000,0.000000,0.000016,0.000000
0.145000,0.000933,0.000000,0.000000,0.000000,0.000000,0.000000,0.000000,0.000000,0.000000,0.000000,0.000016,0.000000,0.000000,0.000000,0.000000,0.000000,0.000016,0.000000,0.000000,0.000016,0.000000,0.000000,0.000000,0.000000,0.000033,0.000016,0.000000,0.000000,0.000000,0.000000,0.000000,0.000000,0.000000,0.000000,0.000000,0.000000,0.000000,0.000000,0.000000,0.000000,0.000000,0.000000,0.000000,0.000000,0.000000,0.000000,0.000000,0.000000,0.000000,0.000000,0.000000,0.000000,0.000000,0.000000,0.000000,0.000000,0.000000,0.000000,0.000000,0.000000,0.000000,0.000000,0.000000,0.000000,0.000000,0.000000,0.000000,0.000000,0.000000,0.000000,0.000000,0.000000,0.000000,0.000000,0.000000,0.000000,0.000000,0.000000,0.000000,0.000000,0.000000,0.000000,0.000000,0.000000,0.000000,0.000000,0.000000,0.000000,0.000000,0.000000,0.000000,0.000016,0.000000,0.000000,0.000000,0.000000,0.000000,0.000000,0.000000,0.000033,0.000000,0.000000,0.000016,0.000000,0.000000,0.000000,0.000033,0.000016,0.000000,0.000000,0.000000,0.000016,0.000000,0.000000,0.000016,0.000000,0.000016,0.000016,0.000016,0.000000,0.000000,0.000000,0.000033,0.000000,0.000000,0.000000,0.000000,0.000033,0.000000,0.000000,0.000000,0.000000,0.000000,0.000000,0.000000,0.000000,0.000016,0.000000,0.000000,0.000000,0.000000,0.000016,0.000000,0.000000,0.000033,0.000000,0.000049,0.000016,0.000000,0.000016,0.000016,0.000000,0.000000,0.000016,0.000033,0.000000,0.000016,0.000016,0.000065,0.000016,0.000016,0.000033,0.000000,0.000000,0.000016,0.000000,0.000016,0.000000,0.000016,0.000000,0.000033,0.000033,0.000000,0.000000,0.000000,0.000000,0.000000,0.000016,0.000000,0.000000,0.000000,0.000000,0.000033,0.000000,0.000000,0.000033
0.146000,0.000851,0.000000,0.000016,0.000000,0.000016,0.000000,0.000016,0.000000,0.000000,0.000000,0.000000,0.000016,0.000000,0.000016,0.000000,0.000016,0.000000,0.000016,0.000000,0.000000,0.000000,0.000000,0.000000,0.000000,0.000000,0.000000,0.000016,0.000000,0.000000,0.000000,0.000000,0.000000,0.000000,0.000000,0.000000,0.000000,0.000000,0.000000,0.000016,0.000000,0.000000,0.000000,0.000000,0.000000,0.000000,0.000000,0.000000,0.000033,0.000000,0.000000,0.000000,0.000000,0.000000,0.000000,0.000000,0.000000,0.000000,0.000000,0.000000,0.000000,0.000000,0.000000,0.000016,0.000000,0.000000,0.000000,0.000000,0.000000,0.000000,0.000000,0.000000,0.000000,0.000000,0.000000,0.000016,0.000000,0.000000,0.000016,0.000000,0.000000,0.000000,0.000000,0.000000,0.000000,0.000000,0.000000,0.000000,0.000000,0.000000,0.000000,0.000000,0.000000,0.000000,0.000000,0.000000,0.000000,0.000000,0.000000,0.000000,0.000000,0.000016,0.000000,0.000000,0.000016,0.000000,0.000016,0.000000,0.000000,0.000000,0.000000,0.000000,0.000000,0.000000,0.000000,0.000000,0.000033,0.000000,0.000000,0.000000,0.000000,0.000000,0.000000,0.000016,0.000000,0.000033,0.000016,0.000016,0.000049,0.000033,0.000016,0.000000,0.000000,0.000016,0.000016,0.000000,0.000000,0.000000,0.000016,0.000000,0.000000,0.000000,0.000000,0.000000,0.000000,0.000016,0.000065,0.000000,0.000000,0.000000,0.000000,0.000016,0.000000,0.000000,0.000000,0.000000,0.000000,0.000016,0.000000,0.000016,0.000000,0.000000,0.000000,0.000016,0.000016,0.000000,0.000000,0.000033,0.000016,0.000000,0.000000,0.000016,0.000000,0.000000,0.000000,0.000016,0.000000,0.000000,0.000000,0.000000,0.000000,0.000033,0.000016,0.000000,0.000000,0.000000,0.000016
0.147000,0.000818,0.000000,0.000000,0.000000,0.000033,0.000000,0.000000,0.000000,0.000000,0.000000,0.000016,0.000000,0.000016,0.000000,0.000000,0.000000,0.000000,0.000000,0.000000,0.000016,0.000000,0.000000,0.000016,0.000000,0.000016,0.000016,0.000000,0.000000,0.000000,0.000000,0.000000,0.000016,0.000000,0.000000,0.000000,0.000016,0.000000,0.000000,0.000016,0.000000,0.000016,0.000000,0.000000,0.000000,0.000000,0.000000,0.000016,0.000000,0.000000,0.000000,0.000000,0.000016,0.000000,0.000000,0.000000,0.000000,0.000000,0.000000,0.000016,0.000000,0.000000,0.000000,0.000000,0.000000,0.000000,0.000000,0.000000,0.000000,0.000000,0.000000,0.000000,0.000000,0.000000,0.000000,0.000000,0.000016,0.000000,0.000000,0.000000,0.000000,0.000016,0.000000,0.000000,0.000000,0.000000,0.000000,0.000000,0.000000,0.000000,0.000000,0.000000,0.000000,0.000000,0.000000,0.000000,0.000000,0.000000,0.000000,0.000000,0.000000,0.000016,0.000000,0.000000,0.000016,0.000000,0.000000,0.000016,0.000000,0.000000,0.000000,0.000000,0.000000,0.000000,0.000000,0.000016,0.000000,0.000016,0.000000,0.000033,0.000000,0.000000,0.000000,0.000016,0.000016,0.000000,0.000000,0.000000,0.000033,0.000000,0.000049,0.000049,0.000016,0.000000,0.000000,0.000000,0.000000,0.000000,0.000000,0.000016,0.000016,0.000000,0.000000,0.000000,0.000000,0.000016,0.000016,0.000049,0.000000,0.000000,0.000016,0.000000,0.000000,0.000000,0.000000,0.000016,0.000000,0.000000,0.000016,0.000000,0.000000,0.000000,0.000000,0.000000,0.000000,0.000000,0.000000,0.000000,0.000016,0.000000,0.000016,0.000016,0.000000,0.000000,0.000000,0.000000,0.000000,0.000016,0.000000,0.000000,0.000016,0.000000,0.000000,0.000000,0.000000,0.000000,0.000000
0.148000,0.000851,0.000000,0.000000,0.000016,0.000000,0.000000,0.000000,0.000000,0.000000,0.000000,0.000000,0.000000,0.000016,0.000000,0.000000,0.000000,0.000000,0.000016,0.000016,0.000000,0.000016,0.000000,0.000000,0.000000,0.000033,0.000000,0.000000,0.000000,0.000000,0.000000,0.000000,0.000000,0.000000,0.000000,0.000000,0.000000,0.000000,0.000033,0.000016,0.000000,0.000000,0.000000,0.000000,0.000000,0.000000,0.000000,0.000000,0.000000,0.000000,0.000016,0.000000,0.000000,0.000000,0.000000,0.000000,0.000000,0.000000,0.000000,0.000016,0.000000,0.000000,0.000000,0.000000,0.000000,0.000000,0.000016,0.000000,0.000000,0.000000,0.000000,0.000000,0.000000,0.000000,0.000016,0.000000,0.000000,0.000000,0.000000,0.000000,0.000000,0.000000,0.000000,0.000000,0.000000,0.000000,0.000000,0.000000,0.000000,0.000000,0.000000,0.000000,0.000000,0.000000,0.000000,0.000000,0.000000,0.000000,0.000000,0.000000,0.000016,0.000000,0.000000,0.000000,0.000016,0.000016,0.000000,0.000000,0.000000,0.000000,0.000016,0.000000,0.000000,0.000016,0.000000,0.000016,0.000000,0.000016,0.000000,0.000000,0.000000,0.000000,0.000033,0.000000,0.000000,0.000000,0.000016,0.000016,0.000000,0.000016,0.000016,0.000000,0.000000,0.000016,0.000000,0.000016,0.000000,0.000000,0.000016,0.000016,0.000000,0.000000,0.000016,0.000000,0.000033,0.000016,0.000016,0.000000,0.000016,0.000000,0.000065,0.000000,0.000033,0.000000,0.000000,0.000016,0.000000,0.000000,0.000000,0.000000,0.000000,0.000000,0.000000,0.000000,0.000033,0.000000,0.000000,0.000000,0.000000,0.000016,0.000000,0.000016,0.000000,0.000000,0.000000,0.000000,0.000000,0.000000,0.000016,0.000000,0.000000,0.000000,0.000033,0.000000,0.000000,0.000000,0.000016
0.149000,0.000720,0.000000,0.000000,0.000000,0.000000,0.000000,0.000016,0.000000,0.000000,0.000016,0.000016,0.000000,0.000016,0.000000,0.000000,0.000000,0.000000,0.000000,0.000000,0.000000,0.000000,0.000000,0.000000,0.000000,0.000000,0.000000,0.000000,0.000000,0.000000,0.000000,0.000000,0.000000,0.000000,0.000000,0.000000,0.000000,0.000000,0.000000,0.000000,0.000000,0.000000,0.000000,0.000000,0.000000,0.000000,0.000000,0.000000,0.000016,0.000000,0.000000,0.000000,0.000016,0.000000,0.000000,0.000000,0.000000,0.000000,0.000000,0.000000,0.000016,0.000016,0.000000,0.000000,0.000000,0.000000,0.000000,0.000000,0.000000,0.000000,0.000000,0.000000,0.000000,0.000000,0.000000,0.000000,0.000000,0.000000,0.000000,0.000000,0.000000,0.000000,0.000000,0.000000,0.000000,0.000000,0.000000,0.000000,0.000000,0.000000,0.000000,0.000000,0.000016,0.000000,0.000000,0.000000,0.000000,0.000000,0.000000,0.000000,0.000000,0.000000,0.000000,0.000000,0.000000,0.000000,0.000000,0.000000,0.000000,0.000000,0.000000,0.000000,0.000000,0.000016,0.000016,0.000000,0.000000,0.000016,0.000016,0.000016,0.000016,0.000000,0.000000,0.000000,0.000033,0.000000,0.000000,0.000016,0.000000,0.000000,0.000000,0.000000,0.000000,0.000000,0.000000,0.000000,0.000016,0.000016,0.000016,0.000016,0.000016,0.000016,0.000000,0.000000,0.000000,0.000000,0.000016,0.000000,0.000000,0.000000,0.000000,0.000033,0.000016,0.000000,0.000000,0.000033,0.000016,0.000033,0.000000,0.000000,0.000000,0.000049,0.000000,0.000000,0.000000,0.000000,0.000016,0.000000,0.000016,0.000016,0.000016,0.000016,0.000000,0.000000,0.000000,0.000000,0.000000,0.000016,0.000000,0.000000,0.000000,0.000000,0.000000,0.000016,0.000000,0.000000,0.000016
0.150000,0.000884,0.000000,0.000000,0.000000,0.000016,0.000000,0.000000,0.000016,0.000000,0.000000,0.000000,0.000000,0.000016,0.000016,0.000000,0.000000,0.000000,0.000016,0.000000,0.000000,0.000000,0.000016,0.000000,0.000000,0.000000,0.000000,0.000000,0.000000,0.000000,0.000000,0.000000,0.000000,0.000000,0.000000,0.000000,0.000000,0.000000,0.000000,0.000016,0.000016,0.000000,0.000016,0.000000,0.000000,0.000000,0.000000,0.000016,0.000000,0.000000,0.000000,0.000000,0.000000,0.000000,0.000000,0.000000,0.000000,0.000000,0.000000,0.000016,0.000000,0.000000,0.000000,0.000000,0.000000,0.000000,0.000000,0.000016,0.000000,0.000000,0.000000,0.000000,0.000000,0.000000,0.000000,0.000000,0.000000,0.000000,0.000000,0.000000,0.000000,0.000000,0.000000,0.000000,0.000000,0.000000,0.000000,0.000000,0.000000,0.000000,0.000000,0.000000,0.000000,0.000000,0.000000,0.000000,0.000000,0.000000,0.000000,0.000000,0.000000,0.000016,0.000000,0.000000,0.000000,0.000016,0.000000,0.000049,0.000016,0.000016,0.000000,0.000000,0.000016,0.000000,0.000000,0.000000,0.000033,0.000000,0.000000,0.000000,0.000000,0.000000,0.000000,0.000000,0.000016,0.000016,0.000033,0.000016,0.000000,0.000016,0.000000,0.000000,0.000000,0.000016,0.000000,0.000000,0.000000,0.000000,0.000016,0.000000,0.000000,0.000000,0.000000,0.000000,0.000016,0.000016,0.000000,0.000000,0.000033,0.000000,0.000000,0.000000,0.000016,0.000016,0.000000,0.000016,0.000033,0.000016,0.000016,0.000016,0.000016,0.000000,0.000000,0.000000,0.000033,0.000000,0.000033,0.000000,0.000016,0.000000,0.000000,0.000016,0.000000,0.000000,0.000000,0.000000,0.000000,0.000033,0.000000,0.000016,0.000000,0.000000,0.000000,0.000000,0.000000,0.000016,0.000016
0.151000,0.000655,0.000000,0.000000,0.000000,0.000033,0.000000,0.000000,0.000000,0.000000,0.000000,0.000000,0.000016,0.000016,0.000000,0.000000,0.000016,0.000000,0.000000,0.000000,0.000000,0.000000,0.000000,0.000000,0.000000,0.000000,0.000000,0.000000,0.000000,0.000000,0.000000,0.000000,0.000000,0.000016,0.000000,0.000000,0.000000,0.000000,0.000000,0.000000,0.000016,0.000000,0.000000,0.000000,0.000000,0.000000,0.000000,0.000000,0.000033,0.000000,0.000000,0.000000,0.000000,0.000000,0.000016,0.000000,0.000000,0.000000,0.000000,0.000000,0.000000,0.000000,0.000000,0.000000,0.000000,0.000016,0.000000,0.000016,0.000000,0.000000,0.000000,0.000000,0.000000,0.000000,0.000000,0.000000,0.000000,0.000000,0.000000,0.000000,0.000000,0.000000,0.000000,0.000000,0.000000,0.000000,0.000000,0.000000,0.000000,0.000000,0.000000,0.000000,0.000000,0.000000,0.000000,0.000000,0.000000,0.000000,0.000000,0.000000,0.000000,0.000000,0.000000,0.000000,0.000016,0.000033,0.000000,0.000000,0.000000,0.000000,0.000000,0.000000,0.000000,0.000000,0.000000,0.000016,0.000000,0.000000,0.000016,0.000016,0.000000,0.000000,0.000000,0.000000,0.000000,0.000000,0.000000,0.000000,0.000016,0.000016,0.000016,0.000000,0.000000,0.000000,0.000033,0.000016,0.000000,0.000000,0.000000,0.000016,0.000000,0.000000,0.000000,0.000000,0.000016,0.000000,0.000000,0.000000,0.000000,0.000016,0.000016,0.000000,0.000016,0.000000,0.000000,0.000049,0.000000,0.000016,0.000016,0.000000,0.000000,0.000000,0.000000,0.000000,0.000000,0.000000,0.000000,0.000000,0.000000,0.000000,0.000016,0.000000,0.000000,0.000033,0.000000,0.000000,0.000000,0.000000,0.000033,0.000000,0.000000,0.000000,0.000000,0.000016,0.000000,0.000000,0.000000
0.152000,0.000917,0.000000,0.000000,0.000016,0.000000,0.000016,0.000000,0.000016,0.000049,0.000016,0.000000,0.000000,0.000016,0.000000,0.000016,0.000000,0.000000,0.000016,0.000016,0.000000,0.000000,0.000000,0.000000,0.000000,0.000016,0.000016,0.000016,0.000000,0.000000,0.000000,0.000000,0.000000,0.000000,0.000016,0.000000,0.000000,0.000016,0.000033,0.000000,0.000016,0.000016,0.000000,0.000016,0.000000,0.000000,0.000000,0.000016,0.000000,0.000000,0.000000,0.000000,0.000000,0.000000,0.000000,0.000000,0.000000,0.000000,0.000000,0.000016,0.000000,0.000000,0.000000,0.000000,0.000000,0.000000,0.000000,0.000000,0.000000,0.000000,0.000000,0.000000,0.000000,0.000000,0.000000,0.000016,0.000000,0.000000,0.000000,0.000000,0.000000,0.000000,0.000000,0.000000,0.000000,0.000000,0.000000,0.000000,0.000000,0.000000,0.000000,0.000000,0.000016,0.000000,0.000000,0.000000,0.000000,0.000000,0.000016,0.000000,0.000000,0.000000,0.000000,0.000000,0.000000,0.000016,0.000000,0.000016,0.000000,0.000000,0.000000,0.000000,0.000000,0.000016,0.000016,0.000016,0.000016,0.000000,0.000033,0.000000,0.000000,0.000000,0.000049,0.000000,0.000000,0.000016,0.000000,0.000016,0.000000,0.000000,0.000000,0.000016,0.000000,0.000000,0.000016,0.000000,0.000000,0.000016,0.000000,0.000000,0.000000,0.000000,0.000000,0.000000,0.000016,0.000016,0.000000,0.000000,0.000016,0.000000,0.000000,0.000033,0.000000,0.000000,0.000000,0.000000,0.000000,0.000000,0.000016,0.000016,0.000000,0.000016,0.000000,0.000000,0.000000,0.000000,0.000016,0.000000,0.000000,0.000000,0.000000,0.000016,0.000016,0.000000,0.000000,0.000000,0.000000,0.000000,0.000016,0.000000,0.000000,0.000000,0.000016,0.000000,0.000000,0.000016,0.000000
0.153000,0.001097,0.000000,0.000016,0.000000,0.000016,0.000000,0.000016,0.000016,0.000000,0.000000,0.000000,0.000000,0.000000,0.000016,0.000000,0.000000,0.000016,0.000000,0.000016,0.000000,0.000000,0.000000,0.000000,0.000016,0.000016,0.000000,0.000000,0.000000,0.000000,0.000000,0.000000,0.000000,0.000000,0.000016,0.000000,0.000000,0.000000,0.000000,0.000016,0.000016,0.000000,0.000000,0.000000,0.000000,0.000000,0.000000,0.000000,0.000016,0.000000,0.000000,0.000000,0.000000,0.000000,0.000016,0.000000,0.000000,0.000000,0.000000,0.000000,0.000000,0.000000,0.000000,0.000000,0.000016,0.000000,0.000000,0.000000,0.000000,0.000000,0.000016,0.000000,0.000000,0.000000,0.000000,0.000000,0.000000,0.000000,0.000000,0.000000,0.000000,0.000000,0.000000,0.000000,0.000000,0.000000,0.000000,0.000000,0.000000,0.000000,0.000000,0.000000,0.000016,0.000000,0.000000,0.000000,0.000000,0.000000,0.000016,0.000000,0.000000,0.000000,0.000000,0.000033,0.000000,0.000000,0.000000,0.000016,0.000016,0.000016,0.000000,0.000000,0.000016,0.000000,0.000000,0.000000,0.000033,0.000000,0.000000,0.000049,0.000000,0.000000,0.000033,0.000000,0.000033,0.000000,0.000000,0.000016,0.000033,0.000000,0.000049,0.000000,0.000000,0.000016,0.000000,0.000016,0.000000,0.000000,0.000000,0.000000,0.000000,0.000000,0.000016,0.000000,0.000000,0.000033,0.000000,0.000000,0.000000,0.000016,0.000016,0.000016,0.000000,0.000000,0.000000,0.000000,0.000033,0.000049,0.000016,0.000000,0.000016,0.000000,0.000000,0.000000,0.000000,0.000000,0.000000,0.000000,0.000033,0.000000,0.000016,0.000000,0.000016,0.000016,0.000000,0.000000,0.000033,0.000000,0.000016,0.000016,0.000016,0.000016,0.000000,0.000000,0.000016,0.000000,0.000016
0.154000,0.000900,0.000000,0.000000,0.000016,0.000000,0.000000,0.000016,0.000049,0.000000,0.000000,0.000000,0.000000,0.000000,0.000000,0.000000,0.000000,0.000000,0.000000,0.000000,0.000000,0.000000,0.000000,0.000000,0.000000,0.000000,0.000000,0.000000,0.000000,0.000000,0.000016,0.000000,0.000000,0.000000,0.000016,0.000000,0.000000,0.000016,0.000000,0.000000,0.000000,0.000000,0.000000,0.000000,0.000000,0.000016,0.000000,0.000000,0.000000,0.000000,0.000000,0.000000,0.000000,0.000000,0.000000,0.000000,0.000000,0.000016,0.000000,0.000000,0.000000,0.000000,0.000000,0.000000,0.000000,0.000000,0.000000,0.000000,0.000000,0.000000,0.000000,0.000000,0.000000,0.000000,0.000000,0.000000,0.000000,0.000000,0.000000,0.000000,0.000000,0.000000,0.000000,0.000000,0.000000,0.000000,0.000000,0.000000,0.000000,0.000000,0.000000,0.000000,0.000000,0.000000,0.000000,0.000000,0.000000,0.000000,0.000000,0.000000,0.000016,0.000016,0.000033,0.000016,0.000000,0.000000,0.000000,0.000016,0.000033,0.000016,0.000000,0.000000,0.000000,0.000000,0.000000,0.000000,0.000000,0.000000,0.000000,0.000000,0.000016,0.000000,0.000016,0.000000,0.000000,0.000016,0.000016,0.000000,0.000000,0.000000,0.000000,0.000016,0.000016,0.000000,0.000016,0.000033,0.000049,0.000000,0.000000,0.000000,0.000016,0.000016,0.000016,0.000000,0.000049,0.000000,0.000016,0.000000,0.000016,0.000000,0.000016,0.000000,0.000000,0.000000,0.000000,0.000000,0.000033,0.000016,0.000016,0.000000,0.000016,0.000000,0.000000,0.000049,0.000000,0.000000,0.000000,0.000000,0.000000,0.000000,0.000016,0.000016,0.000000,0.000033,0.000000,0.000000,0.000000,0.000000,0.000000,0.000000,0.000016,0.000016,0.000000,0.000000,0.000000,0.000000,0.000016
0.155000,0.000769,0.000000,0.000000,0.000000,0.000000,0.000000,0.000000,0.000000,0.000016,0.000016,0.000000,0.000000,0.000000,0.000016,0.000000,0.000000,0.000000,0.000000,0.000016,0.000000,0.000000,0.000000,0.000000,0.000016,0.000016,0.000000,0.000016,0.000000,0.000000,0.000000,0.000000,0.000000,0.000000,0.000000,0.000016,0.000000,0.000000,0.000000,0.000000,0.000000,0.000000,0.000000,0.000000,0.000000,0.000000,0.000000,0.000000,0.000000,0.000000,0.000000,0.000000,0.000000,0.000000,0.000000,0.000000,0.000000,0.000000,0.000000,0.000000,0.000000,0.000000,0.000000,0.000000,0.000000,0.000000,0.000000,0.000000,0.000000,0.000000,0.000000,0.000000,0.000000,0.000016,0.000000,0.000000,0.000000,0.000000,0.000000,0.000000,0.000000,0.000000,0.000000,0.000000,0.000000,0.000000,0.000000,0.000000,0.000000,0.000000,0.000000,0.000000,0.000000,0.000000,0.000000,0.000000,0.000000,0.000000,0.000000,0.000000,0.000000,0.000016,0.000000,0.000016,0.000016,0.000016,0.000000,0.000016,0.000000,0.000016,0.000000,0.000000,0.000033,0.000016,0.000016,0.000000,0.000000,0.000016,0.000000,0.000033,0.000000,0.000000,0.000000,0.000000,0.000000,0.000000,0.000000,0.000016,0.000000,0.000033,0.000000,0.000000,0.000000,0.000000,0.000016,0.000000,0.000000,0.000000,0.000000,0.000000,0.000000,0.000000,0.000016,0.000000,0.000000,0.000033,0.000000,0.000000,0.000016,0.000033,0.000016,0.000016,0.000016,0.000000,0.000000,0.000000,0.000016,0.000000,0.000000,0.000000,0.000000,0.000000,0.000016,0.000016,0.000000,0.000000,0.000016,0.000033,0.000016,0.000000,0.000000,0.000033,0.000000,0.000016,0.000000,0.000000,0.000000,0.000000,0.000000,0.000000,0.000016,0.000000,0.000000,0.000016,0.000000,0.000000,0.000000
0.156000,0.000884,0.000000,0.000000,0.000000,0.000000,0.000000,0.000000,0.000000,0.000000,0.000016,0.000000,0.000000,0.000033,0.000000,0.000000,0.000000,0.000000,0.000000,0.000016,0.000000,0.000000,0.000000,0.000000,0.000000,0.000000,0.000000,0.000000,0.000016,0.000016,0.000000,0.000000,0.000000,0.000000,0.000000,0.000000,0.000000,0.000000,0.000016,0.000016,0.000016,0.000000,0.000016,0.000000,0.000000,0.000000,0.000016,0.000000,0.000000,0.000000,0.000000,0.000016,0.000016,0.000000,0.000000,0.000000,0.000000,0.000000,0.000000,0.000000,0.000000,0.000000,0.000000,0.000000,0.000000,0.000000,0.000000,0.000000,0.000000,0.000000,0.000000,0.000016,0.000000,0.000000,0.000000,0.000000,0.000000,0.000000,0.000000,0.000000,0.000000,0.000000,0.000000,0.000000,0.000016,0.000000,0.000000,0.000000,0.000000,0.000000,0.000000,0.000000,0.000016,0.000000,0.000000,0.000000,0.000000,0.000000,0.000016,0.000000,0.000000,0.000000,0.000000,0.000016,0.000000,0.000016,0.000000,0.000000,0.000033,0.000000,0.000000,0.000000,0.000016,0.000000,0.000000,0.000000,0.000016,0.000000,0.000000,0.000016,0.000016,0.000000,0.000016,0.000000,0.000000,0.000016,0.000033,0.000000,0.000016,0.000000,0.000000,0.000065,0.000000,0.000000,0.000016,0.000000,0.000000,0.000000,0.000000,0.000016,0.000016,0.000000,0.000000,0.000000,0.000016,0.000016,0.000000,0.000000,0.000016,0.000016,0.000000,0.000000,0.000033,0.000033,0.000000,0.000000,0.000000,0.000016,0.000000,0.000016,0.000000,0.000000,0.000000,0.000016,0.000016,0.000000,0.000016,0.000016,0.000016,0.000000,0.000000,0.000000,0.000000,0.000000,0.000000,0.000000,0.000000,0.000000,0.000000,0.000000,0.000000,0.000000,0.000016,0.000000,0.000000,0.000000,0.000016
0.157000,0.000933,0.000000,0.000000,0.000016,0.000000,0.000000,0.000016,0.000016,0.000033,0.000016,0.000000,0.000016,0.000000,0.000000,0.000000,0.000016,0.000000,0.000000,0.000016,0.000000,0.000000,0.000016,0.000000,0.000000,0.000000,0.000000,0.000000,0.000000,0.000000,0.000000,0.000016,0.000000,0.000016,0.000000,0.000000,0.000033,0.000000,0.000000,0.000000,0.000000,0.000000,0.000000,0.000000,0.000016,0.000000,0.000000,0.000000,0.000000,0.000000,0.000016,0.000000,0.000000,0.000000,0.000000,0.000000,0.000016,0.000000,0.000000,0.000000,0.000000,0.000000,0.000000,0.000016,0.000000,0.000000,0.000000,0.000000,0.000000,0.000000,0.000000,0.000000,0.000000,0.000000,0.000000,0.000000,0.000000,0.000000,0.000000,0.000000,0.000000,0.000000,0.000000,0.000000,0.000000,0.000000,0.000000,0.000000,0.000000,0.000016,0.000000,0.000000,0.000016,0.000000,0.000000,0.000000,0.000000,0.000000,0.000000,0.000000,0.000000,0.000016,0.000000,0.000000,0.000000,0.000000,0.000000,0.000000,0.000000,0.000000,0.000000,0.000016,0.000016,0.000000,0.000016,0.000016,0.000000,0.000000,0.000016,0.000000,0.000016,0.000000,0.000000,0.000000,0.000000,0.000000,0.000016,0.000000,0.000000,0.000000,0.000016,0.000016,0.000000,0.000000,0.000000,0.000000,0.000016,0.000000,0.000000,0.000000,0.000000,0.000000,0.000033,0.000000,0.000016,0.000000,0.000000,0.000016,0.000000,0.000033,0.000016,0.000049,0.000016,0.000049,0.000000,0.000000,0.000016,0.000033,0.000000,0.000016,0.000000,0.000000,0.000000,0.000000,0.000016,0.000016,0.000000,0.000000,0.000000,0.000016,0.000000,0.000016,0.000000,0.000016,0.000000,0.000000,0.000016,0.000000,0.000000,0.000016,0.000000,0.000000,0.000000,0.000016,0.000000,0.000000,0.000000
0.158000,0.000720,0.000000,0.000000,0.000000,0.000000,0.000000,0.000000,0.000000,0.000016,0.000000,0.000000,0.000033,0.000000,0.000000,0.000016,0.000000,0.000033,0.000000,0.000000,0.000016,0.000000,0.000000,0.000000,0.000000,0.000000,0.000000,0.000000,0.000000,0.000000,0.000000,0.000000,0.000000,0.000000,0.000000,0.000000,0.000000,0.000000,0.000000,0.000000,0.000000,0.000016,0.000000,0.000000,0.000000,0.000000,0.000000,0.000000,0.000000,0.000000,0.000000,0.000000,0.000000,0.000000,0.000000,0.000000,0.000000,0.000000,0.000000,0.000000,0.000000,0.000016,0.000000,0.000000,0.000000,0.000000,0.000000,0.000000,0.000000,0.000000,0.000000,0.000000,0.000000,0.000000,0.000000,0.000000,0.000000,0.000000,0.000000,0.000000,0.000000,0.000000,0.000000,0.000000,0.000000,0.000000,0.000000,0.000000,0.000000,0.000000,0.000000,0.000000,0.000000,0.000000,0.000000,0.000000,0.000000,0.000000,0.000000,0.000000,0.000016,0.000016,0.000016,0.000000,0.000000,0.000016,0.000033,0.000000,0.000016,0.000000,0.000000,0.000000,0.000000,0.000016,0.000000,0.000000,0.000033,0.000016,0.000000,0.000049,0.000000,0.000000,0.000000,0.000000,0.000016,0.000000,0.000000,0.000000,0.000000,0.000016,0.000000,0.000000,0.000000,0.000000,0.000016,0.000000,0.000016,0.000000,0.000000,0.000000,0.000016,0.000000,0.000016,0.000000,0.000000,0.000049,0.000016,0.000000,0.000000,0.000000,0.000016,0.000016,0.000000,0.000016,0.000000,0.000000,0.000000,0.000000,0.000000,0.000000,0.000016,0.000000,0.000000,0.000000,0.000000,0.000000,0.000000,0.000016,0.000000,0.000000,0.000000,0.000033,0.000000,0.000000,0.000000,0.000000,0.000000,0.000000,0.000016,0.000016,0.000000,0.000016,0.000000,0.000016,0.000000,0.000000,0.000000
0.159000,0.000835,0.000000,0.000000,0.000000,0.000000,0.000016,0.000016,0.000016,0.000000,0.000000,0.000016,0.000016,0.000000,0.000000,0.000000,0.000000,0.000000,0.000016,0.000000,0.000000,0.000016,0.000000,0.000016,0.000016,0.000016,0.000000,0.000000,0.000000,0.000000,0.000000,0.000000,0.000000,0.000016,0.000033,0.000000,0.000000,0.000000,0.000000,0.000000,0.000000,0.000000,0.000000,0.000000,0.000000,0.000000,0.000000,0.000000,0.000000,0.000000,0.000000,0.000000,0.000000,0.000000,0.000000,0.000000,0.000016,0.000000,0.000000,0.000016,0.000000,0.000000,0.000000,0.000000,0.000000,0.000000,0.000000,0.000000,0.000000,0.000000,0.000000,0.000000,0.000000,0.000000,0.000000,0.000000,0.000000,0.000000,0.000000,0.000000,0.000000,0.000016,0.000000,0.000000,0.000000,0.000000,0.000000,0.000000,0.000000,0.000000,0.000000,0.000000,0.000000,0.000000,0.000000,0.000000,0.000000,0.000000,0.000000,0.000000,0.000000,0.000000,0.000000,0.000016,0.000000,0.000016,0.000000,0.000016,0.000016,0.000000,0.000000,0.000000,0.000000,0.000016,0.000016,0.000016,0.000000,0.000000,0.000033,0.000000,0.000000,0.000000,0.000000,0.000000,0.000000,0.000016,0.000000,0.000000,0.000016,0.000000,0.000033,0.000016,0.000000,0.000000,0.000000,0.000016,0.000000,0.000049,0.000000,0.000016,0.000033,0.000000,0.000016,0.000016,0.000000,0.000016,0.000000,0.000000,0.000000,0.000000,0.000016,0.000000,0.000000,0.000000,0.000000,0.000000,0.000000,0.000033,0.000000,0.000000,0.000016,0.000016,0.000016,0.000000,0.000000,0.000000,0.000033,0.000000,0.000000,0.000000,0.000016,0.000000,0.000000,0.000000,0.000000,0.000000,0.000000,0.000000,0.000000,0.000000,0.000000,0.000000,0.000016,0.000000,0.000000,0.000016,0.000000
0.160000,0.000769,0.000000,0.000000,0.000016,0.000000,0.000000,0.000016,0.000000,0.000000,0.000000,0.000000,0.000000,0.000000,0.000016,0.000000,0.000016,0.000000,0.000000,0.000016,0.000016,0.000016,0.000016,0.000000,0.000000,0.000000,0.000000,0.000000,0.000000,0.000000,0.000000,0.000000,0.000000,0.000000,0.000000,0.000000,0.000000,0.000000,0.000000,0.000000,0.000016,0.000033,0.000000,0.000000,0.000000,0.000000,0.000000,0.000000,0.000000,0.000000,0.000000,0.000000,0.000000,0.000000,0.000000,0.000000,0.000000,0.000000,0.000000,0.000000,0.000000,0.000000,0.000000,0.000000,0.000000,0.000000,0.000000,0.000000,0.000000,0.000000,0.000000,0.000000,0.000000,0.000000,0.000033,0.000016,0.000000,0.000000,0.000000,0.000000,0.000000,0.000000,0.000000,0.000000,0.000000,0.000000,0.000000,0.000000,0.000000,0.000000,0.000000,0.000000,0.000016,0.000000,0.000000,0.000000,0.000000,0.000000,0.000000,0.000000,0.000000,0.000000,0.000000,0.000016,0.000016,0.000000,0.000016,0.000016,0.000016,0.000000,0.000000,0.000000,0.000000,0.000000,0.000000,0.000000,0.000000,0.000000,0.000000,0.000000,0.000000,0.000000,0.000000,0.000000,0.000000,0.000000,0.000000,0.000000,0.000000,0.000000,0.000016,0.000033,0.000000,0.000000,0.000000,0.000000,0.000000,0.000000,0.000000,0.000000,0.000049,0.000000,0.000033,0.000000,0.000000,0.000000,0.000016,0.000000,0.000016,0.000000,0.000000,0.000000,0.000016,0.000000,0.000000,0.000016,0.000016,0.000000,0.000016,0.000000,0.000000,0.000016,0.000000,0.000049,0.000016,0.000000,0.000016,0.000000,0.000016,0.000000,0.000000,0.000016,0.000000,0.000000,0.000033,0.000000,0.000000,0.000000,0.000000,0.000000,0.000016,0.000000,0.000000,0.000000,0.000016,0.000016,0.000000
0.161000,0.000917,0.000000,0.000000,0.000000,0.000000,0.000033,0.000000,0.000000,0.000016,0.000000,0.000000,0.000000,0.000000,0.000000,0.000000,0.000016,0.000033,0.000000,0.000000,0.000000,0.000000,0.000000,0.000000,0.000016,0.000000,0.000000,0.000000,0.000000,0.000000,0.000000,0.000000,0.000016,0.000000,0.000000,0.000000,0.000000,0.000000,0.000000,0.000000,0.000000,0.000000,0.000000,0.000000,0.000000,0.000016,0.000016,0.000000,0.000016,0.000016,0.000000,0.000000,0.000000,0.000000,0.000000,0.000000,0.000000,0.000000,0.000000,0.000000,0.000016,0.000000,0.000000,0.000000,0.000000,0.000033,0.000000,0.000000,0.000000,0.000000,0.000016,0.000000,0.000000,0.000000,0.000000,0.000000,0.000000,0.000000,0.000000,0.000000,0.000000,0.000000,0.000000,0.000000,0.000000,0.000000,0.000000,0.000000,0.000000,0.000000,0.000000,0.000000,0.000000,0.000000,0.000000,0.000000,0.000000,0.000000,0.000033,0.000000,0.000000,0.000000,0.000016,0.000000,0.000000,0.000000,0.000000,0.000033,0.000016,0.000000,0.000000,0.000016,0.000016,0.000000,0.000049,0.000000,0.000000,0.000000,0.000000,0.000000,0.000000,0.000000,0.000000,0.000000,0.000016,0.000000,0.000000,0.000000,0.000016,0.000016,0.000049,0.000000,0.000016,0.000000,0.000000,0.000000,0.000000,0.000000,0.000000,0.000000,0.000000,0.000016,0.000000,0.000000,0.000016,0.000016,0.000000,0.000016,0.000000,0.000000,0.000000,0.000000,0.000033,0.000000,0.000000,0.000016,0.000000,0.000016,0.000016,0.000000,0.000000,0.000000,0.000016,0.000016,0.000049,0.000000,0.000000,0.000000,0.000000,0.000016,0.000016,0.000000,0.000016,0.000000,0.000000,0.000000,0.000000,0.000033,0.000000,0.000016,0.000000,0.000000,0.000000,0.000033,0.000000,0.000000,0.000000
0.162000,0.000704,0.000000,0.000000,0.000000,0.000000,0.000000,0.000000,0.000000,0.000000,0.000000,0.000000,0.000000,0.000016,0.000000,0.000000,0.000000,0.000000,0.000016,0.000000,0.000016,0.000000,0.000000,0.000000,0.000000,0.000000,0.000000,0.000016,0.000000,0.000000,0.000000,0.000000,0.000000,0.000000,0.000000,0.000000,0.000000,0.000000,0.000016,0.000000,0.000016,0.000000,0.000000,0.000000,0.000000,0.000000,0.000000,0.000000,0.000000,0.000016,0.000000,0.000000,0.000016,0.000000,0.000000,0.000000,0.000000,0.000000,0.000000,0.000000,0.000000,0.000000,0.000000,0.000000,0.000000,0.000000,0.000000,0.000000,0.000000,0.000000,0.000016,0.000000,0.000000,0.000000,0.000000,0.000000,0.000000,0.000000,0.000000,0.000000,0.000000,0.000000,0.000000,0.000000,0.000000,0.000000,0.000000,0.000000,0.000000,0.000000,0.000000,0.000000,0.000000,0.000000,0.000000,0.000000,0.000000,0.000000,0.000000,0.000000,0.000000,0.000000,0.000000,0.000000,0.000000,0.000000,0.000000,0.000000,0.000000,0.000000,0.000000,0.000000,0.000000,0.000000,0.000016,0.000000,0.000000,0.000000,0.000000,0.000000,0.000016,0.000000,0.000016,0.000000,0.000049,0.000000,0.000000,0.000000,0.000016,0.000016,0.000000,0.000000,0.000000,0.000016,0.000016,0.000000,0.000016,0.000000,0.000000,0.000000,0.000000,0.000000,0.000049,0.000016,0.000016,0.000016,0.000000,0.000000,0.000000,0.000016,0.000016,0.000016,0.000000,0.000000,0.000016,0.000000,0.000000,0.000000,0.000000,0.000000,0.000000,0.000016,0.000000,0.000033,0.000016,0.000016,0.000016,0.000016,0.000000,0.000033,0.000016,0.000000,0.000016,0.000000,0.000000,0.000000,0.000016,0.000000,0.000000,0.000016,0.000000,0.000000,0.000000,0.000000,0.000000,0.000000,0.000000
0.163000,0.000720,0.000000,0.000000,0.000000,0.000016,0.000000,0.000016,0.000000,0.000016,0.000000,0.000000,0.000000,0.000000,0.000000,0.000000,0.000000,0.000000,0.000016,0.000000,0.000000,0.000016,0.000000,0.000000,0.000000,0.000000,0.000000,0.000016,0.000000,0.000000,0.000000,0.000016,0.000000,0.000000,0.000000,0.000016,0.000000,0.000016,0.000000,0.000000,0.000000,0.000000,0.000000,0.000000,0.000000,0.000000,0.000000,0.000000,0.000000,0.000000,0.000000,0.000000,0.000000,0.000000,0.000000,0.000000,0.000000,0.000000,0.000016,0.000000,0.000000,0.000000,0.000000,0.000000,0.000000,0.000000,0.000016,0.000000,0.000000,0.000000,0.000000,0.000000,0.000000,0.000000,0.000000,0.000000,0.000000,0.000000,0.000000,0.000000,0.000000,0.000000,0.000000,0.000000,0.000000,0.000000,0.000000,0.000000,0.000000,0.000000,0.000000,0.000000,0.000016,0.000000,0.000000,0.000000,0.000000,0.000000,0.000000,0.000000,0.000000,0.000000,0.000016,0.000000,0.000016,0.000000,0.000000,0.000000,0.000000,0.000016,0.000000,0.000000,0.000000,0.000000,0.000000,0.000000,0.000000,0.000033,0.000000,0.000000,0.000000,0.000000,0.000000,0.000000,0.000000,0.000016,0.000033,0.000000,0.000033,0.000016,0.000000,0.000000,0.000000,0.000033,0.000000,0.000000,0.000000,0.000000,0.000000,0.000000,0.000000,0.000016,0.000033,0.000000,0.000016,0.000016,0.000000,0.000000,0.000000,0.000016,0.000000,0.000000,0.000000,0.000000,0.000000,0.000000,0.000000,0.000000,0.000000,0.000016,0.000016,0.000000,0.000000,0.000016,0.000016,0.000000,0.000000,0.000033,0.000000,0.000000,0.000000,0.000000,0.000000,0.000049,0.000000,0.000000,0.000000,0.000033,0.000016,0.000016,0.000000,0.000000,0.000000,0.000000,0.000000,0.000000,0.000000
0.164000,0.000917,0.000000,0.000000,0.000000,0.000000,0.000000,0.000000,0.000000,0.000016,0.000000,0.000000,0.000000,0.000000,0.000000,0.000016,0.000000,0.000000,0.000000,0.000000,0.000000,0.000000,0.000000,0.000000,0.000000,0.000000,0.000000,0.000000,0.000000,0.000016,0.000016,0.000000,0.000000,0.000000,0.000000,0.000000,0.000016,0.000000,0.000000,0.000000,0.000000,0.000000,0.000000,0.000000,0.000000,0.000000,0.000000,0.000000,0.000016,0.000000,0.000000,0.000000,0.000000,0.000000,0.000000,0.000000,0.000000,0.000000,0.000000,0.000033,0.000000,0.000000,0.000000,0.000000,0.000000,0.000000,0.000000,0.000000,0.000000,0.000000,0.000033,0.000000,0.000000,0.000000,0.000000,0.000000,0.000016,0.000000,0.000000,0.000000,0.000000,0.000033,0.000000,0.000000,0.000000,0.000000,0.000000,0.000000,0.000000,0.000000,0.000000,0.000000,0.000000,0.000000,0.000000,0.000000,0.000000,0.000000,0.000000,0.000000,0.000016,0.000000,0.000000,0.000016,0.000000,0.000000,0.000000,0.000016,0.000000,0.000000,0.000000,0.000000,0.000000,0.000000,0.000016,0.000000,0.000000,0.000000,0.000016,0.000016,0.000016,0.000000,0.000000,0.000016,0.000016,0.000016,0.000016,0.000016,0.000016,0.000000,0.000000,0.000016,0.000000,0.000016,0.000000,0.000016,0.000000,0.000000,0.000033,0.000000,0.000000,0.000033,0.000000,0.000000,0.000033,0.000000,0.000016,0.000033,0.000000,0.000000,0.000000,0.000016,0.000016,0.000016,0.000033,0.000016,0.000000,0.000000,0.000033,0.000000,0.000000,0.000016,0.000000,0.000016,0.000016,0.000000,0.000000,0.000000,0.000033,0.000000,0.000000,0.000000,0.000000,0.000000,0.000016,0.000016,0.000000,0.000000,0.000000,0.000033,0.000000,0.000000,0.000000,0.000000,0.000000,0.000000,0.000016
0.165000,0.000671,0.000000,0.000000,0.000016,0.000000,0.000000,0.000016,0.000000,0.000000,0.000000,0.000000,0.000016,0.000000,0.000000,0.000000,0.000000,0.000000,0.000016,0.000000,0.000000,0.000000,0.000000,0.000000,0.000000,0.000000,0.000000,0.000000,0.000000,0.000000,0.000000,0.000000,0.000000,0.000000,0.000000,0.000000,0.000016,0.000000,0.000000,0.000000,0.000000,0.000000,0.000000,0.000016,0.000000,0.000000,0.000000,0.000000,0.000000,0.000000,0.000000,0.000000,0.000000,0.000000,0.000016,0.000000,0.000000,0.000000,0.000000,0.000000,0.000000,0.000000,0.000000,0.000000,0.000000,0.000000,0.000000,0.000000,0.000000,0.000000,0.000000,0.000000,0.000000,0.000000,0.000016,0.000000,0.000000,0.000000,0.000000,0.000000,0.000000,0.000000,0.000000,0.000000,0.000000,0.000000,0.000000,0.000000,0.000000,0.000000,0.000000,0.000000,0.000000,0.000000,0.000000,0.000000,0.000000,0.000000,0.000000,0.000016,0.000016,0.000000,0.000000,0.000016,0.000000,0.000016,0.000016,0.000000,0.000000,0.000000,0.000000,0.000000,0.000016,0.000000,0.000016,0.000000,0.000000,0.000000,0.000000,0.000000,0.000000,0.000000,0.000000,0.000016,0.000000,0.000000,0.000000,0.000000,0.000016,0.000000,0.000000,0.000049,0.000000,0.000000,0.000016,0.000000,0.000000,0.000000,0.000000,0.000000,0.000049,0.000000,0.000000,0.000000,0.000016,0.000000,0.000000,0.000000,0.000016,0.000000,0.000000,0.000000,0.000049,0.000016,0.000000,0.000000,0.000016,0.000016,0.000000,0.000000,0.000016,0.000016,0.000000,0.000000,0.000016,0.000000,0.000000,0.000000,0.000016,0.000000,0.000033,0.000000,0.000033,0.000016,0.000000,0.000000,0.000000,0.000000,0.000000,0.000000,0.000000,0.000000,0.000000,0.000000,0.000000,0.000000,0.000000
0.166000,0.000786,0.000000,0.000000,0.000000,0.000000,0.000000,0.000000,0.000000,0.000000,0.000000,0.000000,0.000000,0.000000,0.000000,0.000000,0.000000,0.000000,0.000016,0.000000,0.000000,0.000016,0.000016,0.000016,0.000000,0.000016,0.000033,0.000000,0.000000,0.000000,0.000000,0.000000,0.000000,0.000000,0.000000,0.000000,0.000000,0.000000,0.000000,0.000016,0.000000,0.000000,0.000000,0.000016,0.000000,0.000000,0.000000,0.000000,0.000000,0.000000,0.000000,0.000000,0.000000,0.000000,0.000000,0.000000,0.000000,0.000000,0.000016,0.000016,0.000000,0.000000,0.000000,0.000000,0.000000,0.000000,0.000000,0.000000,0.000000,0.000000,0.000000,0.000000,0.000000,0.000000,0.000000,0.000000,0.000000,0.000000,0.000000,0.000000,0.000000,0.000016,0.000000,0.000000,0.000000,0.000000,0.000000,0.000000,0.000000,0.000000,0.000000,0.000000,0.000000,0.000000,0.000000,0.000000,0.000000,0.000000,0.000000,0.000000,0.000016,0.000016,0.000033,0.000000,0.000016,0.000033,0.000000,0.000016,0.000000,0.000000,0.000000,0.000033,0.000000,0.000000,0.000000,0.000000,0.000016,0.000000,0.000000,0.000016,0.000000,0.000000,0.000000,0.000000,0.000000,0.000016,0.000000,0.000000,0.000033,0.000000,0.000000,0.000016,0.000000,0.000000,0.000000,0.000033,0.000000,0.000000,0.000016,0.000033,0.000016,0.000000,0.000016,0.000000,0.000000,0.000000,0.000000,0.000000,0.000000,0.000000,0.000016,0.000000,0.000016,0.000016,0.000000,0.000033,0.000000,0.000000,0.000000,0.000000,0.000016,0.000000,0.000000,0.000000,0.000000,0.000016,0.000000,0.000000,0.000000,0.000000,0.000000,0.000000,0.000016,0.000000,0.000000,0.000000,0.000000,0.000016,0.000000,0.000000,0.000000,0.000000,0.000000,0.000016,0.000033,0.000016,0.000000
0.167000,0.000769,0.000000,0.000000,0.000000,0.000000,0.000000,0.000000,0.000000,0.000000,0.000000,0.000000,0.000000,0.000016,0.000000,0.000000,0.000000,0.000000,0.000000,0.000000,0.000000,0.000000,0.000000,0.000000,0.000000,0.000000,0.000000,0.000000,0.000016,0.000000,0.000000,0.000000,0.000000,0.000000,0.000000,0.000000,0.000000,0.000000,0.000000,0.000000,0.000000,0.000000,0.000000,0.000000,0.000000,0.000000,0.000000,0.000000,0.000000,0.000000,0.000000,0.000000,0.000000,0.000000,0.000000,0.000000,0.000000,0.000000,0.000000,0.000000,0.000000,0.000000,0.000000,0.000000,0.000000,0.000016,0.000000,0.000016,0.000000,0.000000,0.000000,0.000000,0.000000,0.000000,0.000000,0.000000,0.000000,0.000000,0.000000,0.000000,0.000000,0.000016,0.000000,0.000000,0.000000,0.000000,0.000000,0.000000,0.000000,0.000000,0.000000,0.000000,0.000000,0.000000,0.000000,0.000000,0.000000,0.000000,0.000016,0.000000,0.000000,0.000016,0.000000,0.000000,0.000000,0.000016,0.000000,0.000000,0.000000,0.000000,0.000000,0.000000,0.000000,0.000000,0.000000,0.000000,0.000000,0.000016,0.000000,0.000000,0.000016,0.000000,0.000000,0.000000,0.000033,0.000016,0.000016,0.000033,0.000016,0.000000,0.000000,0.000016,0.000000,0.000016,0.000016,0.000000,0.000000,0.000033,0.000016,0.000000,0.000033,0.000000,0.000016,0.000000,0.000000,0.000000,0.000000,0.000000,0.000000,0.000016,0.000016,0.000016,0.000000,0.000033,0.000000,0.000000,0.000033,0.000000,0.000016,0.000016,0.000033,0.000016,0.000033,0.000000,0.000016,0.000016,0.000000,0.000000,0.000000,0.000016,0.000016,0.000000,0.000016,0.000000,0.000000,0.000033,0.000000,0.000000,0.000000,0.000000,0.000000,0.000000,0.000000,0.000000,0.000000,0.000000,0.000000
0.168000,0.000524,0.000000,0.000000,0.000000,0.000016,0.000000,0.000000,0.000000,0.000000,0.000000,0.000000,0.000033,0.000000,0.000000,0.000016,0.000000,0.000000,0.000000,0.000000,0.000000,0.000000,0.000000,0.000000,0.000000,0.000016,0.000000,0.000000,0.000000,0.000000,0.000000,0.000000,0.000000,0.000000,0.000000,0.000000,0.000000,0.000000,0.000000,0.000000,0.000000,0.000000,0.000000,0.000000,0.000000,0.000000,0.000000,0.000000,0.000000,0.000000,0.000000,0.000016,0.000000,0.000000,0.000000,0.000000,0.000000,0.000000,0.000000,0.000000,0.000000,0.000000,0.000000,0.000000,0.000016,0.000000,0.000000,0.000000,0.000000,0.000000,0.000000,0.000000,0.000000,0.000000,0.000000,0.000000,0.000000,0.000000,0.000000,0.000000,0.000000,0.000000,0.000000,0.000000,0.000000,0.000000,0.000000,0.000000,0.000000,0.000000,0.000000,0.000000,0.000000,0.000000,0.000000,0.000000,0.000000,0.000000,0.000000,0.000000,0.000016,0.000000,0.000000,0.000000,0.000000,0.000000,0.000000,0.000000,0.000000,0.000000,0.000000,0.000000,0.000016,0.000016,0.000000,0.000000,0.000000,0.000000,0.000000,0.000016,0.000000,0.000000,0.000000,0.000000,0.000000,0.000000,0.000000,0.000000,0.000000,0.000000,0.000000,0.000016,0.000000,0.000033,0.000033,0.000000,0.000016,0.000000,0.000000,0.000000,0.000000,0.000033,0.000000,0.000000,0.000000,0.000033,0.000016,0.000016,0.000000,0.000016,0.000000,0.000000,0.000000,0.000016,0.000000,0.000000,0.000000,0.000000,0.000016,0.000000,0.000016,0.000016,0.000000,0.000000,0.000000,0.000000,0.000000,0.000000,0.000000,0.000000,0.000000,0.000016,0.000016,0.000000,0.000000,0.000000,0.000000,0.000016,0.000000,0.000000,0.000016,0.000000,0.000000,0.000000,0.000000,0.000000,0.000000
0.169000,0.000704,0.000000,0.000000,0.000000,0.000000,0.000000,0.000000,0.000000,0.000000,0.000000,0.000000,0.000000,0.000000,0.000016,0.000000,0.000016,0.000000,0.000000,0.000033,0.000000,0.000000,0.000000,0.000000,0.000000,0.000000,0.000000,0.000000,0.000000,0.000000,0.000000,0.000016,0.000000,0.000000,0.000016,0.000000,0.000016,0.000000,0.000000,0.000000,0.000000,0.000000,0.000000,0.000016,0.000000,0.000000,0.000000,0.000000,0.000000,0.000000,0.000000,0.000000,0.000000,0.000000,0.000000,0.000016,0.000000,0.000000,0.000000,0.000000,0.000000,0.000000,0.000000,0.000000,0.000000,0.000000,0.000000,0.000000,0.000000,0.000000,0.000000,0.000000,0.000000,0.000000,0.000000,0.000000,0.000000,0.000000,0.000000,0.000016,0.000000,0.000000,0.000000,0.000000,0.000000,0.000000,0.000000,0.000000,0.000000,0.000000,0.000000,0.000000,0.000000,0.000000,0.000000,0.000000,0.000000,0.000000,0.000000,0.000000,0.000000,0.000000,0.000000,0.000016,0.000033,0.000000,0.000000,0.000000,0.000000,0.000016,0.000000,0.000000,0.000000,0.000016,0.000016,0.000016,0.000033,0.000000,0.000016,0.000000,0.000000,0.000000,0.000016,0.000000,0.000000,0.000016,0.000016,0.000033,0.000049,0.000000,0.000000,0.000000,0.000000,0.000000,0.000016,0.000016,0.000000,0.000016,0.000000,0.000016,0.000000,0.000000,0.000000,0.000000,0.000016,0.000016,0.000000,0.000000,0.000016,0.000000,0.000000,0.000000,0.000000,0.000000,0.000000,0.000000,0.000000,0.000000,0.000000,0.000016,0.000000,0.000000,0.000000,0.000016,0.000016,0.000000,0.000000,0.000016,0.000000,0.000000,0.000016,0.000016,0.000000,0.000000,0.000000,0.000000,0.000000,0.000016,0.000000,0.000000,0.000016,0.000000,0.000000,0.000000,0.000000,0.000000,0.000000
0.170000,0.000704,0.000000,0.000000,0.000000,0.000000,0.000000,0.000000,0.000000,0.000000,0.000033,0.000000,0.000000,0.000000,0.000000,0.000000,0.000000,0.000000,0.000016,0.000000,0.000016,0.000000,0.000000,0.000016,0.000000,0.000000,0.000000,0.000000,0.000000,0.000000,0.000000,0.000016,0.000000,0.000000,0.000000,0.000000,0.000000,0.000000,0.000000,0.000000,0.000000,0.000000,0.000000,0.000000,0.000000,0.000000,0.000000,0.000000,0.000000,0.000000,0.000000,0.000000,0.000000,0.000000,0.000000,0.000000,0.000000,0.000000,0.000000,0.000000,0.000000,0.000000,0.000000,0.000000,0.000000,0.000000,0.000000,0.000000,0.000000,0.000000,0.000000,0.000000,0.000000,0.000000,0.000000,0.000000,0.000000,0.000000,0.000000,0.000000,0.000000,0.000000,0.000000,0.000000,0.000000,0.000000,0.000000,0.000000,0.000000,0.000000,0.000000,0.000000,0.000000,0.000000,0.000000,0.000000,0.000000,0.000000,0.000000,0.000000,0.000000,0.000000,0.000016,0.000000,0.000016,0.000000,0.000000,0.000000,0.000000,0.000000,0.000000,0.000000,0.000000,0.000049,0.000000,0.000000,0.000016,0.000000,0.000000,0.000000,0.000000,0.000000,0.000000,0.000033,0.000000,0.000033,0.000016,0.000016,0.000000,0.000000,0.000000,0.000000,0.000000,0.000000,0.000016,0.000016,0.000016,0.000016,0.000000,0.000000,0.000000,0.000000,0.000000,0.000000,0.000033,0.000000,0.000033,0.000000,0.000000,0.000016,0.000000,0.000016,0.000016,0.000000,0.000000,0.000000,0.000016,0.000000,0.000000,0.000016,0.000000,0.000016,0.000000,0.000016,0.000033,0.000016,0.000000,0.000033,0.000000,0.000000,0.000016,0.000000,0.000000,0.000016,0.000016,0.000000,0.000016,0.000000,0.000000,0.000000,0.000000,0.000000,0.000000,0.000000,0.000016,0.000000,0.000000
0.171000,0.000540,0.000000,0.000000,0.000000,0.000000,0.000000,0.000000,0.000000,0.000000,0.000000,0.000000,0.000000,0.000000,0.000000,0.000016,0.000016,0.000000,0.000000,0.000000,0.000000,0.000000,0.000000,0.000000,0.000000,0.000000,0.000000,0.000000,0.000000,0.000000,0.000016,0.000000,0.000000,0.000000,0.000000,0.000000,0.000000,0.000000,0.000000,0.000000,0.000000,0.000016,0.000000,0.000016,0.000000,0.000000,0.000000,0.000000,0.000000,0.000000,0.000016,0.000000,0.000000,0.000000,0.000000,0.000000,0.000000,0.000016,0.000000,0.000000,0.000000,0.000000,0.000000,0.000000,0.000000,0.000000,0.000000,0.000000,0.000000,0.000000,0.000000,0.000000,0.000000,0.000000,0.000000,0.000000,0.000000,0.000000,0.000000,0.000000,0.000000,0.000000,0.000000,0.000000,0.000000,0.000000,0.000000,0.000000,0.000000,0.000000,0.000000,0.000000,0.000000,0.000000,0.000000,0.000000,0.000000,0.000000,0.000000,0.000000,0.000000,0.000016,0.000000,0.000016,0.000000,0.000016,0.000000,0.000000,0.000000,0.000000,0.000000,0.000000,0.000000,0.000000,0.000000,0.000000,0.000000,0.000016,0.000000,0.000000,0.000000,0.000000,0.000000,0.000000,0.000016,0.000016,0.000016,0.000000,0.000000,0.000000,0.000000,0.000016,0.000000,0.000000,0.000000,0.000000,0.000000,0.000000,0.000016,0.000016,0.000000,0.000016,0.000016,0.000000,0.000016,0.000000,0.000000,0.000000,0.000000,0.000000,0.000000,0.000000,0.000000,0.000000,0.000000,0.000000,0.000016,0.000016,0.000000,0.000000,0.000016,0.000000,0.000016,0.000000,0.000000,0.000016,0.000000,0.000000,0.000000,0.000000,0.000016,0.000000,0.000000,0.000033,0.000000,0.000016,0.000000,0.000000,0.000016,0.000000,0.000000,0.000000,0.000000,0.000000,0.000016,0.000000,0.000033
0.172000,0.000638,0.000000,0.000000,0.000000,0.000000,0.000000,0.000000,0.000000,0.000016,0.000000,0.000000,0.000000,0.000000,0.000033,0.000000,0.000000,0.000000,0.000000,0.000016,0.000000,0.000000,0.000000,0.000016,0.000000,0.000000,0.000000,0.000000,0.000000,0.000016,0.000000,0.000000,0.000000,0.000000,0.000000,0.000000,0.000000,0.000016,0.000000,0.000000,0.000000,0.000016,0.000000,0.000000,0.000000,0.000000,0.000016,0.000000,0.000000,0.000000,0.000000,0.000000,0.000000,0.000000,0.000000,0.000000,0.000016,0.000000,0.000000,0.000000,0.000000,0.000000,0.000000,0.000000,0.000000,0.000000,0.000000,0.000000,0.000000,0.000000,0.000000,0.000000,0.000000,0.000000,0.000000,0.000000,0.000000,0.000000,0.000000,0.000000,0.000000,0.000000,0.000000,0.000000,0.000000,0.000000,0.000016,0.000000,0.000000,0.000000,0.000000,0.000000,0.000016,0.000000,0.000000,0.000000,0.000000,0.000000,0.000000,0.000000,0.000000,0.000000,0.000000,0.000016,0.000000,0.000016,0.000016,0.000000,0.000000,0.000000,0.000000,0.000000,0.000016,0.000000,0.000000,0.000000,0.000016,0.000016,0.000000,0.000000,0.000000,0.000000,0.000033,0.000000,0.000000,0.000000,0.000016,0.000000,0.000000,0.000000,0.000016,0.000016,0.000000,0.000033,0.000000,0.000000,0.000000,0.000000,0.000016,0.000000,0.000016,0.000000,0.000000,0.000016,0.000000,0.000000,0.000000,0.000000,0.000016,0.000000,0.000033,0.000016,0.000016,0.000016,0.000000,0.000000,0.000000,0.000000,0.000000,0.000000,0.000000,0.000000,0.000000,0.000016,0.000000,0.000016,0.000000,0.000000,0.000000,0.000000,0.000016,0.000016,0.000000,0.000000,0.000000,0.000000,0.000000,0.000000,0.000000,0.000000,0.000000,0.000000,0.000000,0.000000,0.000016,0.000000,0.000000
0.173000,0.000655,0.000000,0.000000,0.000000,0.000000,0.000000,0.000000,0.000000,0.000016,0.000000,0.000000,0.000000,0.000000,0.000000,0.000033,0.000000,0.000000,0.000000,0.000000,0.000000,0.000000,0.000000,0.000000,0.000000,0.000000,0.000000,0.000000,0.000000,0.000000,0.000000,0.000016,0.000000,0.000000,0.000000,0.000000,0.000016,0.000000,0.000000,0.000000,0.000016,0.000000,0.000000,0.000016,0.000000,0.000000,0.000000,0.000016,0.000016,0.000000,0.000000,0.000000,0.000000,0.000000,0.000000,0.000000,0.000000,0.000000,0.000000,0.000000,0.000000,0.000016,0.000000,0.000000,0.000000,0.000000,0.000000,0.000000,0.000000,0.000000,0.000000,0.000000,0.000000,0.000016,0.000000,0.000000,0.000000,0.000016,0.000000,0.000000,0.000000,0.000000,0.000000,0.000000,0.000000,0.000000,0.000000,0.000000,0.000000,0.000000,0.000000,0.000000,0.000016,0.000000,0.000000,0.000000,0.000000,0.000000,0.000000,0.000000,0.000000,0.000016,0.000016,0.000000,0.000016,0.000000,0.000016,0.000033,0.000016,0.000000,0.000000,0.000000,0.000033,0.000000,0.000000,0.000000,0.000000,0.000000,0.000000,0.000000,0.000000,0.000000,0.000000,0.000000,0.000000,0.000016,0.000000,0.000000,0.000016,0.000016,0.000000,0.000000,0.000000,0.000000,0.000000,0.000000,0.000000,0.000016,0.000000,0.000000,0.000000,0.000000,0.000000,0.000000,0.000000,0.000000,0.000000,0.000000,0.000000,0.000016,0.000033,0.000000,0.000000,0.000000,0.000000,0.000000,0.000000,0.000033,0.000016,0.000000,0.000016,0.000000,0.000000,0.000016,0.000000,0.000016,0.000000,0.000016,0.000000,0.000000,0.000016,0.000000,0.000000,0.000000,0.000000,0.000000,0.000000,0.000000,0.000000,0.000000,0.000016,0.000000,0.000000,0.000000,0.000000,0.000000,0.000033
0.174000,0.000589,0.000000,0.000000,0.000000,0.000000,0.000000,0.000016,0.000000,0.000000,0.000000,0.000000,0.000000,0.000000,0.000000,0.000000,0.000000,0.000000,0.000000,0.000000,0.000000,0.000000,0.000000,0.000000,0.000000,0.000000,0.000000,0.000000,0.000000,0.000000,0.000000,0.000000,0.000000,0.000000,0.000033,0.000000,0.000016,0.000000,0.000000,0.000000,0.000000,0.000000,0.000000,0.000000,0.000000,0.000000,0.000000,0.000000,0.000016,0.000000,0.000016,0.000000,0.000000,0.000000,0.000000,0.000000,0.000000,0.000000,0.000000,0.000000,0.000000,0.000000,0.000000,0.000000,0.000000,0.000000,0.000000,0.000000,0.000000,0.000000,0.000000,0.000000,0.000000,0.000000,0.000000,0.000000,0.000000,0.000000,0.000000,0.000000,0.000000,0.000000,0.000000,0.000000,0.000000,0.000000,0.000000,0.000000,0.000000,0.000000,0.000000,0.000000,0.000000,0.000000,0.000000,0.000000,0.000000,0.000000,0.000000,0.000000,0.000000,0.000000,0.000000,0.000000,0.000000,0.000016,0.000000,0.000000,0.000000,0.000000,0.000000,0.000000,0.000016,0.000000,0.000000,0.000000,0.000000,0.000000,0.000000,0.000016,0.000000,0.000000,0.000000,0.000000,0.000000,0.000016,0.000000,0.000016,0.000000,0.000033,0.000016,0.000016,0.000000,0.000016,0.000016,0.000000,0.000000,0.000049,0.000000,0.000016,0.000000,0.000000,0.000000,0.000000,0.000000,0.000000,0.000016,0.000016,0.000000,0.000000,0.000000,0.000000,0.000016,0.000016,0.000000,0.000000,0.000000,0.000000,0.000016,0.000000,0.000000,0.000016,0.000016,0.000016,0.000000,0.000016,0.000000,0.000016,0.000000,0.000000,0.000000,0.000016,0.000016,0.000000,0.000016,0.000000,0.000000,0.000016,0.000000,0.000000,0.000000,0.000000,0.000000,0.000000,0.000000,0.000016,0.000000
0.175000,0.000638,0.000000,0.000000,0.000000,0.000000,0.000000,0.000000,0.000000,0.000000,0.000016,0.000000,0.000000,0.000000,0.000000,0.000000,0.000000,0.000000,0.000000,0.000000,0.000000,0.000000,0.000000,0.000000,0.000000,0.000000,0.000000,0.000000,0.000000,0.000000,0.000000,0.000000,0.000000,0.000000,0.000000,0.000000,0.000016,0.000000,0.000000,0.000000,0.000000,0.000000,0.000000,0.000000,0.000000,0.000000,0.000000,0.000000,0.000000,0.000000,0.000000,0.000000,0.000000,0.000016,0.000000,0.000000,0.000000,0.000016,0.000000,0.000016,0.000000,0.000000,0.000000,0.000000,0.000016,0.000000,0.000000,0.000000,0.000000,0.000000,0.000000,0.000000,0.000000,0.000000,0.000000,0.000000,0.000000,0.000000,0.000000,0.000000,0.000000,0.000016,0.000000,0.000000,0.000000,0.000000,0.000000,0.000000,0.000000,0.000000,0.000000,0.000000,0.000000,0.000000,0.000000,0.000000,0.000000,0.000000,0.000000,0.000000,0.000000,0.000000,0.000000,0.000000,0.000000,0.000000,0.000016,0.000033,0.000000,0.000033,0.000000,0.000000,0.000000,0.000000,0.000000,0.000000,0.000016,0.000000,0.000033,0.000000,0.000000,0.000000,0.000016,0.000000,0.000016,0.000016,0.000000,0.000000,0.000000,0.000016,0.000016,0.000000,0.000016,0.000033,0.000016,0.000000,0.000000,0.000000,0.000000,0.000000,0.000000,0.000000,0.000016,0.000000,0.000000,0.000000,0.000016,0.000000,0.000000,0.000000,0.000016,0.000000,0.000000,0.000000,0.000000,0.000016,0.000016,0.000016,0.000000,0.000016,0.000000,0.000000,0.000033,0.000016,0.000000,0.000000,0.000033,0.000000,0.000000,0.000000,0.000016,0.000000,0.000016,0.000000,0.000000,0.000000,0.000000,0.000016,0.000000,0.000000,0.000000,0.000000,0.000000,0.000000,0.000000,0.000000,0.000000
0.176000,0.000557,0.000000,0.000000,0.000000,0.000000,0.000016,0.000000,0.000000,0.000000,0.000000,0.000016,0.000016,0.000016,0.000000,0.000000,0.000016,0.000000,0.000016,0.000000,0.000000,0.000000,0.000000,0.000000,0.000016,0.000000,0.000000,0.000000,0.000000,0.000000,0.000000,0.000000,0.000000,0.000000,0.000000,0.000000,0.000000,0.000000,0.000000,0.000000,0.000000,0.000000,0.000000,0.000000,0.000000,0.000000,0.000000,0.000000,0.000000,0.000016,0.000000,0.000000,0.000000,0.000000,0.000000,0.000000,0.000000,0.000000,0.000000,0.000000,0.000000,0.000000,0.000000,0.000016,0.000000,0.000000,0.000000,0.000000,0.000000,0.000000,0.000000,0.000000,0.000000,0.000000,0.000000,0.000000,0.000000,0.000000,0.000000,0.000000,0.000000,0.000016,0.000000,0.000000,0.000000,0.000000,0.000000,0.000000,0.000000,0.000000,0.000000,0.000000,0.000000,0.000000,0.000000,0.000000,0.000000,0.000000,0.000000,0.000000,0.000016,0.000000,0.000000,0.000000,0.000000,0.000000,0.000000,0.000000,0.000000,0.000000,0.000000,0.000000,0.000000,0.000000,0.000000,0.000016,0.000016,0.000016,0.000000,0.000000,0.000016,0.000000,0.000000,0.000033,0.000000,0.000000,0.000000,0.000000,0.000016,0.000000,0.000000,0.000000,0.000000,0.000000,0.000000,0.000000,0.000016,0.000016,0.000000,0.000016,0.000000,0.000016,0.000000,0.000000,0.000000,0.000000,0.000000,0.000000,0.000016,0.000000,0.000000,0.000016,0.000000,0.000016,0.000000,0.000000,0.000000,0.000016,0.000016,0.000033,0.000000,0.000000,0.000000,0.000000,0.000016,0.000000,0.000000,0.000016,0.000000,0.000016,0.000000,0.000000,0.000000,0.000000,0.000000,0.000016,0.000000,0.000000,0.000000,0.000000,0.000000,0.000000,0.000000,0.000000,0.000000,0.000016,0.000000
0.177000,0.000622,0.000000,0.000000,0.000000,0.000016,0.000000,0.000016,0.000016,0.000000,0.000000,0.000000,0.000016,0.000016,0.000000,0.000000,0.000000,0.000016,0.000000,0.000000,0.000000,0.000000,0.000000,0.000000,0.000000,0.000000,0.000000,0.000000,0.000000,0.000000,0.000000,0.000000,0.000000,0.000000,0.000000,0.000000,0.000000,0.000000,0.000000,0.000000,0.000000,0.000000,0.000000,0.000000,0.000000,0.000000,0.000000,0.000000,0.000000,0.000000,0.000000,0.000000,0.000000,0.000000,0.000000,0.000000,0.000000,0.000000,0.000000,0.000000,0.000000,0.000000,0.000000,0.000000,0.000000,0.000000,0.000000,0.000016,0.000000,0.000000,0.000000,0.000000,0.000000,0.000000,0.000000,0.000000,0.000000,0.000000,0.000000,0.000000,0.000000,0.000000,0.000000,0.000000,0.000000,0.000000,0.000000,0.000000,0.000000,0.000000,0.000000,0.000000,0.000000,0.000000,0.000000,0.000000,0.000000,0.000000,0.000000,0.000000,0.000033,0.000000,0.000000,0.000000,0.000016,0.000000,0.000000,0.000033,0.000016,0.000000,0.000000,0.000016,0.000000,0.000000,0.000016,0.000000,0.000000,0.000016,0.000000,0.000000,0.000000,0.000000,0.000000,0.000016,0.000016,0.000000,0.000049,0.000016,0.000016,0.000000,0.000000,0.000000,0.000000,0.000000,0.000000,0.000000,0.000016,0.000000,0.000000,0.000000,0.000016,0.000000,0.000000,0.000000,0.000000,0.000000,0.000016,0.000000,0.000016,0.000016,0.000000,0.000016,0.000016,0.000000,0.000000,0.000000,0.000000,0.000000,0.000000,0.000000,0.000000,0.000016,0.000033,0.000000,0.000016,0.000016,0.000000,0.000016,0.000016,0.000000,0.000016,0.000000,0.000000,0.000000,0.000000,0.000000,0.000000,0.000000,0.000000,0.000000,0.000000,0.000000,0.000000,0.000000,0.000000,0.000000,0.000000
0.178000,0.000687,0.000000,0.000000,0.000000,0.000000,0.000000,0.000000,0.000000,0.000000,0.000000,0.000000,0.000000,0.000000,0.000000,0.000000,0.000000,0.000016,0.000000,0.000000,0.000000,0.000016,0.000000,0.000016,0.000016,0.000000,0.000000,0.000000,0.000000,0.000000,0.000000,0.000000,0.000000,0.000000,0.000000,0.000000,0.000000,0.000000,0.000000,0.000000,0.000000,0.000000,0.000000,0.000016,0.000000,0.000000,0.000000,0.000000,0.000000,0.000000,0.000000,0.000000,0.000000,0.000000,0.000000,0.000000,0.000000,0.000000,0.000000,0.000000,0.000000,0.000000,0.000000,0.000000,0.000000,0.000000,0.000000,0.000000,0.000000,0.000000,0.000000,0.000000,0.000000,0.000000,0.000000,0.000000,0.000000,0.000000,0.000000,0.000000,0.000000,0.000000,0.000000,0.000000,0.000000,0.000000,0.000000,0.000000,0.000000,0.000000,0.000000,0.000000,0.000000,0.000000,0.000000,0.000000,0.000000,0.000000,0.000033,0.000000,0.000000,0.000016,0.000000,0.000000,0.000016,0.000000,0.000000,0.000016,0.000016,0.000000,0.000000,0.000000,0.000000,0.000000,0.000000,0.000000,0.000016,0.000016,0.000000,0.000000,0.000016,0.000000,0.000016,0.000033,0.000000,0.000016,0.000000,0.000016,0.000000,0.000000,0.000000,0.000016,0.000000,0.000000,0.000016,0.000016,0.000000,0.000000,0.000016,0.000000,0.000016,0.000000,0.000016,0.000000,0.000016,0.000000,0.000016,0.000016,0.000016,0.000000,0.000000,0.000000,0.000000,0.000016,0.000000,0.000033,0.000000,0.000000,0.000000,0.000016,0.000000,0.000000,0.000000,0.000000,0.000016,0.000000,0.000000,0.000000,0.000016,0.000016,0.000016,0.000016,0.000000,0.000000,0.000016,0.000000,0.000000,0.000000,0.000000,0.000000,0.000000,0.000016,0.000000,0.000000,0.000000,0.000016,0.000016
0.179000,0.000622,0.000000,0.000000,0.000000,0.000000,0.000000,0.000000,0.000033,0.000000,0.000000,0.000000,0.000000,0.000016,0.000000,0.000000,0.000016,0.000016,0.000000,0.000016,0.000000,0.000000,0.000000,0.000016,0.000000,0.000000,0.000000,0.000000,0.000000,0.000000,0.000016,0.000000,0.000000,0.000033,0.000000,0.000000,0.000000,0.000000,0.000000,0.000000,0.000000,0.000000,0.000000,0.000000,0.000000,0.000000,0.000000,0.000000,0.000000,0.000000,0.000016,0.000000,0.000016,0.000000,0.000000,0.000016,0.000000,0.000000,0.000000,0.000000,0.000000,0.000000,0.000000,0.000000,0.000000,0.000000,0.000000,0.000000,0.000000,0.000000,0.000016,0.000000,0.000000,0.000000,0.000000,0.000000,0.000000,0.000000,0.000000,0.000000,0.000000,0.000000,0.000000,0.000000,0.000000,0.000000,0.000000,0.000000,0.000000,0.000000,0.000000,0.000000,0.000000,0.000000,0.000000,0.000000,0.000000,0.000000,0.000000,0.000000,0.000000,0.000000,0.000000,0.000000,0.000000,0.000000,0.000016,0.000000,0.000000,0.000000,0.000000,0.000000,0.000000,0.000000,0.000000,0.000000,0.000000,0.000000,0.000000,0.000016,0.000000,0.000000,0.000000,0.000016,0.000000,0.000000,0.000000,0.000000,0.000016,0.000016,0.000000,0.000016,0.000000,0.000000,0.000000,0.000000,0.000016,0.000000,0.000000,0.000000,0.000000,0.000016,0.000000,0.000000,0.000016,0.000016,0.000000,0.000016,0.000016,0.000000,0.000033,0.000000,0.000016,0.000000,0.000000,0.000033,0.000000,0.000000,0.000000,0.000000,0.000000,0.000000,0.000000,0.000000,0.000000,0.000000,0.000000,0.000016,0.000000,0.000000,0.000000,0.000000,0.000033,0.000016,0.000000,0.000016,0.000000,0.000000,0.000000,0.000000,0.000016,0.000000,0.000000,0.000016,0.000000,0.000000,0.000000
0.180000,0.000622,0.000000,0.000000,0.000000,0.000000,0.000000,0.000000,0.000000,0.000000,0.000000,0.000016,0.000016,0.000000,0.000000,0.000000,0.000000,0.000000,0.000016,0.000000,0.000000,0.000000,0.000000,0.000000,0.000016,0.000000,0.000000,0.000000,0.000000,0.000000,0.000000,0.000000,0.000000,0.000000,0.000000,0.000000,0.000016,0.000000,0.000000,0.000000,0.000000,0.000000,0.000000,0.000000,0.000000,0.000000,0.000000,0.000000,0.000016,0.000000,0.000000,0.000000,0.000000,0.000000,0.000000,0.000000,0.000000,0.000000,0.000000,0.000000,0.000000,0.000000,0.000000,0.000000,0.000000,0.000000,0.000000,0.000000,0.000000,0.000000,0.000016,0.000000,0.000000,0.000000,0.000000,0.000000,0.000000,0.000000,0.000000,0.000000,0.000000,0.000000,0.000016,0.000016,0.000000,0.000000,0.000000,0.000000,0.000000,0.000000,0.000000,0.000000,0.000000,0.000000,0.000000,0.000000,0.000000,0.000000,0.000016,0.000000,0.000000,0.000000,0.000033,0.000000,0.000000,0.000016,0.000016,0.000000,0.000000,0.000000,0.000000,0.000000,0.000000,0.000000,0.000000,0.000000,0.000000,0.000000,0.000000,0.000000,0.000016,0.000000,0.000000,0.000000,0.000000,0.000000,0.000000,0.000000,0.000033,0.000000,0.000000,0.000000,0.000000,0.000000,0.000000,0.000000,0.000016,0.000016,0.000016,0.000000,0.000016,0.000000,0.000000,0.000000,0.000000,0.000000,0.000000,0.000000,0.000000,0.000033,0.000000,0.000016,0.000000,0.000000,0.000000,0.000000,0.000033,0.000000,0.000000,0.000000,0.000000,0.000016,0.000016,0.000033,0.000000,0.000000,0.000000,0.000000,0.000000,0.000000,0.000000,0.000000,0.000016,0.000000,0.000016,0.000033,0.000000,0.000016,0.000016,0.000016,0.000000,0.000000,0.000000,0.000000,0.000000,0.000000,0.000016
0.181000,0.000442,0.000000,0.000000,0.000000,0.000000,0.000000,0.000000,0.000000,0.000016,0.000000,0.000000,0.000000,0.000000,0.000016,0.000016,0.000000,0.000033,0.000000,0.000000,0.000000,0.000000,0.000000,0.000000,0.000000,0.000000,0.000000,0.000000,0.000000,0.000000,0.000000,0.000016,0.000000,0.000000,0.000000,0.000000,0.000000,0.000000,0.000000,0.000000,0.000000,0.000000,0.000000,0.000000,0.000000,0.000000,0.000000,0.000000,0.000000,0.000000,0.000000,0.000000,0.000000,0.000000,0.000000,0.000000,0.000000,0.000000,0.000000,0.000000,0.000000,0.000000,0.000000,0.000000,0.000000,0.000000,0.000000,0.000000,0.000000,0.000000,0.000000,0.000000,0.000000,0.000000,0.000000,0.000000,0.000000,0.000000,0.000000,0.000000,0.000000,0.000000,0.000000,0.000000,0.000000,0.000000,0.000000,0.000000,0.000000,0.000000,0.000000,0.000000,0.000000,0.000000,0.000000,0.000000,0.000000,0.000000,0.000000,0.000000,0.000016,0.000000,0.000000,0.000000,0.000000,0.000000,0.000000,0.000016,0.000016,0.000000,0.000000,0.000016,0.000000,0.000016,0.000000,0.000016,0.000000,0.000000,0.000016,0.000016,0.000000,0.000000,0.000000,0.000000,0.000000,0.000000,0.000000,0.000000,0.000000,0.000000,0.000000,0.000000,0.000016,0.000000,0.000000,0.000016,0.000016,0.000000,0.000016,0.000000,0.000000,0.000000,0.000000,0.000000,0.000016,0.000000,0.000000,0.000000,0.000000,0.000000,0.000000,0.000000,0.000016,0.000000,0.000000,0.000000,0.000000,0.000000,0.000000,0.000016,0.000000,0.000000,0.000000,0.000000,0.000000,0.000000,0.000000,0.000000,0.000000,0.000016,0.000016,0.000016,0.000000,0.000016,0.000016,0.000000,0.000000,0.000000,0.000000,0.000000,0.000000,0.000016,0.000000,0.000000,0.000000,0.000000,0.000000
0.182000,0.000557,0.000000,0.000000,0.000016,0.000000,0.000016,0.000000,0.000000,0.000000,0.000000,0.000000,0.000000,0.000000,0.000000,0.000000,0.000000,0.000000,0.000000,0.000000,0.000000,0.000000,0.000000,0.000000,0.000000,0.000000,0.000000,0.000000,0.000000,0.000000,0.000000,0.000000,0.000000,0.000000,0.000000,0.000000,0.000000,0.000000,0.000000,0.000000,0.000000,0.000000,0.000000,0.000000,0.000000,0.000016,0.000000,0.000000,0.000000,0.000000,0.000000,0.000000,0.000000,0.000000,0.000000,0.000000,0.000000,0.000000,0.000000,0.000000,0.000000,0.000000,0.000000,0.000000,0.000000,0.000000,0.000000,0.000000,0.000000,0.000000,0.000000,0.000000,0.000000,0.000000,0.000000,0.000000,0.000000,0.000000,0.000000,0.000000,0.000000,0.000016,0.000000,0.000000,0.000000,0.000000,0.000000,0.000000,0.000000,0.000000,0.000000,0.000000,0.000000,0.000000,0.000000,0.000000,0.000000,0.000000,0.000000,0.000000,0.000000,0.000000,0.000000,0.000000,0.000000,0.000000,0.000000,0.000016,0.000000,0.000000,0.000000,0.000000,0.000000,0.000000,0.000000,0.000000,0.000049,0.000016,0.000000,0.000016,0.000000,0.000000,0.000016,0.000000,0.000000,0.000000,0.000033,0.000000,0.000000,0.000016,0.000000,0.000000,0.000000,0.000016,0.000016,0.000000,0.000000,0.000016,0.000016,0.000000,0.000033,0.000016,0.000016,0.000000,0.000000,0.000000,0.000016,0.000000,0.000000,0.000016,0.000000,0.000000,0.000000,0.000000,0.000000,0.000016,0.000000,0.000000,0.000016,0.000000,0.000000,0.000016,0.000000,0.000000,0.000016,0.000000,0.000000,0.000000,0.000000,0.000000,0.000016,0.000000,0.000016,0.000000,0.000000,0.000000,0.000000,0.000000,0.000000,0.000016,0.000016,0.000000,0.000016,0.000000,0.000016,0.000000,0.000000
0.183000,0.000540,0.000000,0.000000,0.000000,0.000000,0.000000,0.000000,0.000000,0.000000,0.000000,0.000000,0.000000,0.000000,0.000000,0.000000,0.000000,0.000000,0.000000,0.000000,0.000000,0.000016,0.000000,0.000000,0.000000,0.000000,0.000000,0.000000,0.000016,0.000000,0.000000,0.000000,0.000000,0.000016,0.000000,0.000000,0.000000,0.000000,0.000000,0.000000,0.000016,0.000000,0.000000,0.000000,0.000000,0.000000,0.000000,0.000000,0.000000,0.000016,0.000000,0.000000,0.000016,0.000000,0.000000,0.000000,0.000000,0.000000,0.000000,0.000000,0.000000,0.000000,0.000000,0.000000,0.000000,0.000000,0.000000,0.000000,0.000000,0.000000,0.000016,0.000000,0.000000,0.000000,0.000000,0.000000,0.000000,0.000000,0.000000,0.000000,0.000000,0.000000,0.000000,0.000000,0.000000,0.000000,0.000000,0.000000,0.000000,0.000000,0.000000,0.000000,0.000000,0.000000,0.000000,0.000000,0.000000,0.000000,0.000016,0.000000,0.000000,0.000000,0.000000,0.000000,0.000000,0.000000,0.000000,0.000016,0.000000,0.000000,0.000000,0.000000,0.000000,0.000000,0.000000,0.000000,0.000000,0.000000,0.000000,0.000016,0.000000,0.000000,0.000016,0.000000,0.000000,0.000000,0.000000,0.000033,0.000000,0.000016,0.000000,0.000000,0.000000,0.000000,0.000000,0.000000,0.000000,0.000016,0.000000,0.000033,0.000000,0.000000,0.000016,0.000000,0.000000,0.000000,0.000016,0.000000,0.000000,0.000000,0.000000,0.000000,0.000000,0.000016,0.000000,0.000016,0.000000,0.000016,0.000000,0.000016,0.000000,0.000016,0.000000,0.000016,0.000000,0.000000,0.000000,0.000000,0.000000,0.000016,0.000000,0.000016,0.000000,0.000016,0.000000,0.000016,0.000000,0.000000,0.000016,0.000016,0.000016,0.000000,0.000016,0.000000,0.000000,0.000000,0.000000
0.184000,0.000507,0.000000,0.000000,0.000000,0.000000,0.000000,0.000000,0.000000,0.000000,0.000000,0.000000,0.000000,0.000000,0.000000,0.000016,0.000000,0.000000,0.000000,0.000016,0.000000,0.000000,0.000000,0.000000,0.000000,0.000000,0.000000,0.000000,0.000000,0.000000,0.000000,0.000000,0.000000,0.000000,0.000000,0.000000,0.000000,0.000000,0.000000,0.000033,0.000000,0.000000,0.000000,0.000000,0.000016,0.000000,0.000016,0.000000,0.000016,0.000000,0.000000,0.000000,0.000000,0.000000,0.000016,0.000000,0.000000,0.000000,0.000016,0.000000,0.000000,0.000000,0.000000,0.000000,0.000000,0.000000,0.000000,0.000000,0.000000,0.000000,0.000000,0.000000,0.000000,0.000000,0.000000,0.000000,0.000000,0.000000,0.000000,0.000000,0.000000,0.000000,0.000000,0.000000,0.000000,0.000016,0.000000,0.000000,0.000000,0.000000,0.000000,0.000000,0.000016,0.000000,0.000000,0.000000,0.000000,0.000000,0.000000,0.000000,0.000000,0.000000,0.000000,0.000000,0.000000,0.000000,0.000000,0.000000,0.000000,0.000000,0.000000,0.000000,0.000000,0.000000,0.000000,0.000000,0.000016,0.000000,0.000000,0.000000,0.000033,0.000000,0.000000,0.000000,0.000000,0.000033,0.000000,0.000000,0.000000,0.000000,0.000000,0.000000,0.000000,0.000000,0.000000,0.000000,0.000000,0.000000,0.000000,0.000000,0.000000,0.000000,0.000000,0.000000,0.000000,0.000000,0.000016,0.000016,0.000000,0.000016,0.000000,0.000000,0.000016,0.000000,0.000000,0.000000,0.000000,0.000016,0.000000,0.000016,0.000000,0.000016,0.000000,0.000000,0.000000,0.000000,0.000000,0.000033,0.000016,0.000000,0.000000,0.000000,0.000000,0.000000,0.000033,0.000016,0.000000,0.000016,0.000016,0.000000,0.000000,0.000000,0.000000,0.000000,0.000000,0.000000,0.000000
0.185000,0.000442,0.000000,0.000000,0.000000,0.000000,0.000000,0.000016,0.000000,0.000000,0.000000,0.000000,0.000000,0.000000,0.000000,0.000000,0.000000,0.000000,0.000016,0.000000,0.000000,0.000000,0.000000,0.000000,0.000000,0.000000,0.000016,0.000000,0.000000,0.000000,0.000000,0.000000,0.000000,0.000000,0.000016,0.000000,0.000000,0.000000,0.000000,0.000000,0.000000,0.000000,0.000000,0.000000,0.000000,0.000000,0.000000,0.000000,0.000000,0.000000,0.000000,0.000000,0.000000,0.000000,0.000000,0.000000,0.000000,0.000000,0.000000,0.000000,0.000000,0.000000,0.000000,0.000000,0.000000,0.000000,0.000000,0.000000,0.000000,0.000000,0.000000,0.000000,0.000000,0.000000,0.000000,0.000016,0.000016,0.000000,0.000000,0.000000,0.000000,0.000000,0.000000,0.000000,0.000000,0.000000,0.000000,0.000000,0.000000,0.000000,0.000000,0.000000,0.000000,0.000000,0.000000,0.000000,0.000000,0.000000,0.000000,0.000000,0.000000,0.000000,0.000000,0.000000,0.000000,0.000000,0.000000,0.000000,0.000016,0.000000,0.000000,0.000000,0.000000,0.000000,0.000000,0.000000,0.000016,0.000000,0.000000,0.000000,0.000000,0.000000,0.000016,0.000000,0.000000,0.000016,0.000000,0.000000,0.000000,0.000000,0.000000,0.000000,0.000000,0.000000,0.000000,0.000033,0.000000,0.000016,0.000000,0.000000,0.000000,0.000000,0.000033,0.000000,0.000049,0.000000,0.000016,0.000000,0.000000,0.000000,0.000000,0.000000,0.000033,0.000000,0.000000,0.000000,0.000000,0.000000,0.000000,0.000000,0.000033,0.000000,0.000000,0.000000,0.000000,0.000000,0.000000,0.000000,0.000016,0.000000,0.000000,0.000000,0.000016,0.000000,0.000000,0.000000,0.000000,0.000000,0.000016,0.000016,0.000000,0.000000,0.000000,0.000000,0.000000,0.000000,0.000000
0.186000,0.000507,0.000000,0.000000,0.000000,0.000016,0.000000,0.000000,0.000000,0.000000,0.000000,0.000000,0.000016,0.000000,0.000000,0.000000,0.000000,0.000000,0.000000,0.000000,0.000000,0.000000,0.000000,0.000000,0.000000,0.000000,0.000000,0.000000,0.000016,0.000000,0.000000,0.000000,0.000016,0.000000,0.000000,0.000000,0.000000,0.000000,0.000000,0.000000,0.000000,0.000000,0.000016,0.000000,0.000000,0.000000,0.000000,0.000016,0.000016,0.000000,0.000000,0.000000,0.000000,0.000000,0.000000,0.000000,0.000000,0.000000,0.000000,0.000016,0.000000,0.000000,0.000000,0.000000,0.000000,0.000000,0.000000,0.000000,0.000000,0.000000,0.000000,0.000000,0.000000,0.000000,0.000000,0.000000,0.000000,0.000000,0.000000,0.000000,0.000000,0.000000,0.000000,0.000000,0.000000,0.000000,0.000000,0.000000,0.000000,0.000000,0.000000,0.000000,0.000000,0.000000,0.000000,0.000000,0.000000,0.000000,0.000016,0.000000,0.000000,0.000000,0.000000,0.000000,0.000000,0.000000,0.000000,0.000016,0.000000,0.000000,0.000000,0.000000,0.000000,0.000016,0.000000,0.000000,0.000016,0.000000,0.000000,0.000016,0.000000,0.000000,0.000000,0.000000,0.000000,0.000000,0.000016,0.000000,0.000033,0.000016,0.000000,0.000000,0.000000,0.000000,0.000016,0.000000,0.000000,0.000016,0.000000,0.000000,0.000000,0.000000,0.000000,0.000000,0.000000,0.000016,0.000000,0.000000,0.000000,0.000016,0.000000,0.000000,0.000016,0.000000,0.000016,0.000000,0.000000,0.000000,0.000000,0.000000,0.000000,0.000000,0.000016,0.000000,0.000016,0.000000,0.000016,0.000000,0.000016,0.000000,0.000016,0.000000,0.000016,0.000000,0.000000,0.000016,0.000000,0.000016,0.000000,0.000000,0.000000,0.000000,0.000000,0.000000,0.000000,0.000000,0.000000
0.187000,0.000540,0.000000,0.000000,0.000000,0.000000,0.000000,0.000000,0.000000,0.000000,0.000000,0.000000,0.000016,0.000000,0.000000,0.000000,0.000000,0.000000,0.000000,0.000000,0.000000,0.000000,0.000000,0.000000,0.000000,0.000000,0.000000,0.000000,0.000000,0.000000,0.000000,0.000000,0.000000,0.000000,0.000016,0.000000,0.000000,0.000000,0.000000,0.000000,0.000000,0.000000,0.000000,0.000000,0.000000,0.000000,0.000000,0.000000,0.000000,0.000000,0.000000,0.000000,0.000000,0.000000,0.000000,0.000000,0.000000,0.000000,0.000000,0.000000,0.000000,0.000000,0.000000,0.000000,0.000000,0.000000,0.000000,0.000000,0.000000,0.000000,0.000016,0.000000,0.000000,0.000000,0.000000,0.000000,0.000000,0.000000,0.000000,0.000000,0.000000,0.000000,0.000000,0.000000,0.000000,0.000000,0.000000,0.000000,0.000000,0.000000,0.000000,0.000000,0.000000,0.000000,0.000000,0.000000,0.000000,0.000000,0.000000,0.000000,0.000000,0.000000,0.000016,0.000000,0.000000,0.000016,0.000000,0.000000,0.000000,0.000000,0.000000,0.000000,0.000000,0.000033,0.000000,0.000000,0.000000,0.000016,0.000000,0.000000,0.000000,0.000000,0.000016,0.000033,0.000000,0.000016,0.000000,0.000000,0.000016,0.000016,0.000000,0.000000,0.000000,0.000000,0.000000,0.000000,0.000016,0.000016,0.000000,0.000000,0.000000,0.000000,0.000016,0.000000,0.000000,0.000000,0.000016,0.000016,0.000000,0.000000,0.000000,0.000000,0.000000,0.000000,0.000000,0.000000,0.000016,0.000016,0.000000,0.000049,0.000000,0.000000,0.000000,0.000000,0.000000,0.000016,0.000016,0.000049,0.000000,0.000000,0.000000,0.000000,0.000033,0.000000,0.000000,0.000000,0.000016,0.000016,0.000000,0.000000,0.000000,0.000000,0.000000,0.000000,0.000000,0.000000,0.000000
0.188000,0.000524,0.000000,0.000000,0.000000,0.000000,0.000000,0.000000,0.000000,0.000000,0.000000,0.000000,0.000000,0.000016,0.000000,0.000000,0.000000,0.000000,0.000000,0.000000,0.000000,0.000000,0.000000,0.000016,0.000016,0.000000,0.000000,0.000000,0.000000,0.000000,0.000000,0.000000,0.000000,0.000000,0.000000,0.000000,0.000000,0.000000,0.000000,0.000000,0.000000,0.000000,0.000000,0.000000,0.000000,0.000000,0.000000,0.000000,0.000000,0.000000,0.000000,0.000000,0.000000,0.000000,0.000000,0.000000,0.000000,0.000000,0.000000,0.000033,0.000000,0.000000,0.000000,0.000000,0.000000,0.000000,0.000000,0.000000,0.000000,0.000000,0.000000,0.000000,0.000000,0.000000,0.000000,0.000000,0.000000,0.000000,0.000000,0.000000,0.000000,0.000000,0.000000,0.000000,0.000000,0.000000,0.000000,0.000000,0.000000,0.000000,0.000000,0.000000,0.000000,0.000000,0.000000,0.000000,0.000000,0.000000,0.000000,0.000000,0.000000,0.000016,0.000000,0.000000,0.000016,0.000000,0.000000,0.000000,0.000000,0.000000,0.000000,0.000000,0.000000,0.000000,0.000016,0.000000,0.000000,0.000000,0.000000,0.000016,0.000000,0.000000,0.000000,0.000000,0.000000,0.000033,0.000000,0.000000,0.000000,0.000016,0.000016,0.000000,0.000000,0.000000,0.000000,0.000000,0.000016,0.000000,0.000000,0.000000,0.000000,0.000000,0.000000,0.000000,0.000000,0.000000,0.000016,0.000033,0.000016,0.000000,0.000000,0.000000,0.000000,0.000016,0.000016,0.000033,0.000000,0.000000,0.000000,0.000016,0.000000,0.000016,0.000000,0.000000,0.000000,0.000000,0.000016,0.000000,0.000000,0.000000,0.000000,0.000000,0.000016,0.000033,0.000000,0.000000,0.000000,0.000000,0.000000,0.000000,0.000000,0.000016,0.000000,0.000016,0.000000,0.000016,0.000016
0.189000,0.000458,0.000000,0.000000,0.000000,0.000000,0.000000,0.000000,0.000033,0.000000,0.000000,0.000000,0.000000,0.000000,0.000000,0.000000,0.000000,0.000000,0.000033,0.000000,0.000000,0.000000,0.000000,0.000000,0.000000,0.000000,0.000000,0.000000,0.000000,0.000000,0.000000,0.000000,0.000000,0.000000,0.000000,0.000000,0.000000,0.000000,0.000000,0.000000,0.000000,0.000000,0.000000,0.000016,0.000000,0.000000,0.000000,0.000000,0.000000,0.000000,0.000000,0.000000,0.000000,0.000000,0.000000,0.000000,0.000000,0.000000,0.000000,0.000000,0.000000,0.000000,0.000000,0.000000,0.000000,0.000000,0.000000,0.000000,0.000000,0.000000,0.000000,0.000000,0.000000,0.000000,0.000000,0.000000,0.000000,0.000000,0.000000,0.000000,0.000000,0.000000,0.000000,0.000000,0.000000,0.000000,0.000000,0.000000,0.000000,0.000000,0.000000,0.000000,0.000016,0.000000,0.000000,0.000000,0.000000,0.000000,0.000000,0.000000,0.000000,0.000000,0.000000,0.000000,0.000000,0.000000,0.000000,0.000000,0.000000,0.000016,0.000000,0.000000,0.000016,0.000016,0.000016,0.000000,0.000000,0.000000,0.000000,0.000033,0.000033,0.000000,0.000016,0.000000,0.000000,0.000016,0.000000,0.000000,0.000016,0.000000,0.000000,0.000000,0.000000,0.000033,0.000000,0.000016,0.000000,0.000000,0.000000,0.000000,0.000000,0.000016,0.000000,0.000000,0.000000,0.000000,0.000016,0.000016,0.000000,0.000000,0.000000,0.000000,0.000000,0.000033,0.000000,0.000000,0.000000,0.000000,0.000000,0.000000,0.000000,0.000033,0.000000,0.000000,0.000000,0.000000,0.000000,0.000000,0.000000,0.000000,0.000000,0.000000,0.000000,0.000000,0.000016,0.000000,0.000000,0.000000,0.000000,0.000000,0.000000,0.000000,0.000000,0.000000,0.000000,0.000000,0.000000
0.190000,0.000360,0.000000,0.000000,0.000000,0.000000,0.000000,0.000000,0.000000,0.000016,0.000000,0.000000,0.000000,0.000016,0.000000,0.000016,0.000016,0.000016,0.000000,0.000000,0.000000,0.000000,0.000000,0.000000,0.000000,0.000000,0.000000,0.000000,0.000000,0.000000,0.000000,0.000000,0.000000,0.000000,0.000000,0.000000,0.000000,0.000000,0.000000,0.000000,0.000000,0.000000,0.000000,0.000000,0.000000,0.000000,0.000000,0.000000,0.000000,0.000000,0.000000,0.000000,0.000000,0.000000,0.000000,0.000000,0.000000,0.000000,0.000000,0.000016,0.000000,0.000000,0.000000,0.000000,0.000000,0.000000,0.000000,0.000000,0.000000,0.000000,0.000000,0.000000,0.000000,0.000000,0.000000,0.000000,0.000000,0.000000,0.000000,0.000000,0.000000,0.000000,0.000000,0.000000,0.000000,0.000000,0.000000,0.000000,0.000000,0.000000,0.000000,0.000000,0.000000,0.000000,0.000000,0.000000,0.000000,0.000000,0.000000,0.000000,0.000000,0.000000,0.000000,0.000000,0.000000,0.000016,0.000000,0.000000,0.000000,0.000000,0.000000,0.000000,0.000000,0.000016,0.000000,0.000000,0.000000,0.000000,0.000016,0.000000,0.000033,0.000000,0.000000,0.000016,0.000000,0.000000,0.000000,0.000000,0.000000,0.000000,0.000000,0.000000,0.000016,0.000000,0.000000,0.000000,0.000016,0.000000,0.000016,0.000016,0.000000,0.000000,0.000000,0.000000,0.000000,0.000000,0.000000,0.000000,0.000000,0.000000,0.000016,0.000000,0.000000,0.000000,0.000016,0.000000,0.000000,0.000016,0.000000,0.000000,0.000016,0.000016,0.000000,0.000000,0.000000,0.000000,0.000000,0.000000,0.000000,0.000000,0.000000,0.000000,0.000000,0.000000,0.000000,0.000000,0.000000,0.000000,0.000000,0.000000,0.000000,0.000000,0.000016,0.000000,0.000000,0.000000,0.000000
0.191000,0.000458,0.000000,0.000000,0.000000,0.000000,0.000000,0.000000,0.000000,0.000000,0.000000,0.000000,0.000000,0.000000,0.000000,0.000000,0.000000,0.000000,0.000000,0.000000,0.000000,0.000000,0.000000,0.000000,0.000000,0.000000,0.000016,0.000000,0.000000,0.000000,0.000000,0.000000,0.000000,0.000000,0.000000,0.000000,0.000000,0.000000,0.000000,0.000000,0.000000,0.000000,0.000000,0.000016,0.000000,0.000000,0.000000,0.000000,0.000016,0.000000,0.000000,0.000000,0.000000,0.000000,0.000000,0.000000,0.000000,0.000000,0.000000,0.000000,0.000000,0.000000,0.000000,0.000000,0.000000,0.000000,0.000000,0.000000,0.000016,0.000000,0.000016,0.000000,0.000000,0.000000,0.000000,0.000000,0.000000,0.000000,0.000000,0.000000,0.000000,0.000000,0.000000,0.000000,0.000000,0.000000,0.000000,0.000000,0.000000,0.000000,0.000000,0.000000,0.000000,0.000000,0.000000,0.000000,0.000000,0.000000,0.000000,0.000000,0.000000,0.000000,0.000000,0.000000,0.000016,0.000000,0.000000,0.000000,0.000000,0.000000,0.000000,0.000000,0.000000,0.000016,0.000000,0.000000,0.000000,0.000000,0.000000,0.000000,0.000000,0.000016,0.000000,0.000000,0.000000,0.000033,0.000000,0.000000,0.000000,0.000000,0.000000,0.000033,0.000000,0.000016,0.000016,0.000000,0.000000,0.000000,0.000000,0.000000,0.000016,0.000016,0.000000,0.000000,0.000000,0.000016,0.000000,0.000000,0.000016,0.000000,0.000000,0.000016,0.000000,0.000000,0.000000,0.000000,0.000000,0.000000,0.000000,0.000016,0.000000,0.000000,0.000000,0.000016,0.000000,0.000000,0.000049,0.000000,0.000000,0.000016,0.000000,0.000000,0.000000,0.000000,0.000000,0.000000,0.000000,0.000016,0.000000,0.000000,0.000000,0.000000,0.000016,0.000000,0.000016,0.000000,0.000000
0.192000,0.000442,0.000000,0.000000,0.000000,0.000000,0.000000,0.000000,0.000000,0.000000,0.000016,0.000000,0.000000,0.000000,0.000000,0.000000,0.000000,0.000016,0.000016,0.000000,0.000000,0.000000,0.000000,0.000016,0.000000,0.000000,0.000000,0.000000,0.000000,0.000000,0.000000,0.000000,0.000000,0.000000,0.000000,0.000000,0.000000,0.000000,0.000000,0.000000,0.000000,0.000000,0.000016,0.000000,0.000000,0.000000,0.000000,0.000000,0.000000,0.000000,0.000000,0.000000,0.000000,0.000000,0.000000,0.000000,0.000000,0.000000,0.000000,0.000000,0.000000,0.000000,0.000000,0.000000,0.000000,0.000000,0.000000,0.000000,0.000000,0.000000,0.000000,0.000000,0.000000,0.000000,0.000000,0.000000,0.000000,0.000000,0.000000,0.000000,0.000000,0.000000,0.000000,0.000000,0.000000,0.000000,0.000000,0.000000,0.000000,0.000000,0.000000,0.000000,0.000016,0.000000,0.000000,0.000000,0.000000,0.000000,0.000016,0.000000,0.000000,0.000033,0.000000,0.000000,0.000000,0.000000,0.000000,0.000000,0.000000,0.000016,0.000000,0.000000,0.000000,0.000000,0.000000,0.000000,0.000000,0.000000,0.000000,0.000000,0.000033,0.000000,0.000000,0.000000,0.000000,0.000000,0.000000,0.000016,0.000000,0.000000,0.000000,0.000000,0.000000,0.000033,0.000000,0.000000,0.000000,0.000000,0.000000,0.000000,0.000000,0.000000,0.000000,0.000000,0.000016,0.000000,0.000000,0.000000,0.000016,0.000016,0.000016,0.000000,0.000000,0.000000,0.000016,0.000016,0.000000,0.000016,0.000016,0.000000,0.000000,0.000000,0.000000,0.000000,0.000000,0.000000,0.000016,0.000000,0.000000,0.000016,0.000000,0.000000,0.000016,0.000000,0.000000,0.000000,0.000000,0.000000,0.000000,0.000000,0.000000,0.000000,0.000016,0.000000,0.000000,0.000000,0.000000
0.193000,0.000491,0.000000,0.000000,0.000000,0.000016,0.000000,0.000000,0.000000,0.000000,0.000000,0.000000,0.000000,0.000000,0.000016,0.000000,0.000000,0.000000,0.000000,0.000000,0.000000,0.000000,0.000000,0.000000,0.000000,0.000000,0.000000,0.000000,0.000000,0.000000,0.000000,0.000000,0.000000,0.000000,0.000000,0.000016,0.000000,0.000000,0.000000,0.000000,0.000000,0.000000,0.000000,0.000000,0.000000,0.000000,0.000000,0.000000,0.000000,0.000000,0.000000,0.000000,0.000000,0.000000,0.000000,0.000000,0.000000,0.000000,0.000000,0.000000,0.000000,0.000000,0.000000,0.000000,0.000000,0.000000,0.000000,0.000000,0.000000,0.000000,0.000000,0.000000,0.000000,0.000000,0.000000,0.000000,0.000000,0.000000,0.000000,0.000000,0.000000,0.000000,0.000000,0.000000,0.000000,0.000000,0.000000,0.000000,0.000000,0.000000,0.000000,0.000000,0.000000,0.000000,0.000000,0.000000,0.000000,0.000000,0.000000,0.000000,0.000016,0.000000,0.000016,0.000000,0.000000,0.000000,0.000000,0.000000,0.000000,0.000000,0.000000,0.000000,0.000000,0.000016,0.000016,0.000000,0.000000,0.000000,0.000000,0.000000,0.000000,0.000000,0.000000,0.000016,0.000016,0.000000,0.000016,0.000000,0.000000,0.000000,0.000000,0.000000,0.000000,0.000000,0.000000,0.000000,0.000000,0.000016,0.000000,0.000000,0.000016,0.000000,0.000016,0.000000,0.000016,0.000000,0.000000,0.000000,0.000016,0.000000,0.000000,0.000033,0.000016,0.000016,0.000000,0.000016,0.000000,0.000000,0.000000,0.000000,0.000000,0.000016,0.000000,0.000000,0.000016,0.000000,0.000016,0.000000,0.000000,0.000000,0.000000,0.000033,0.000000,0.000000,0.000000,0.000016,0.000000,0.000000,0.000000,0.000000,0.000000,0.000016,0.000000,0.000000,0.000033,0.000000,0.000016
0.194000,0.000311,0.000000,0.000000,0.000000,0.000000,0.000000,0.000000,0.000016,0.000000,0.000000,0.000000,0.000000,0.000000,0.000000,0.000000,0.000000,0.000000,0.000000,0.000000,0.000000,0.000000,0.000000,0.000000,0.000000,0.000016,0.000000,0.000000,0.000000,0.000000,0.000000,0.000000,0.000000,0.000000,0.000016,0.000000,0.000000,0.000000,0.000000,0.000000,0.000016,0.000000,0.000016,0.000000,0.000000,0.000000,0.000000,0.000000,0.000000,0.000000,0.000000,0.000000,0.000000,0.000000,0.000000,0.000000,0.000000,0.000000,0.000000,0.000000,0.000000,0.000000,0.000000,0.000000,0.000000,0.000000,0.000016,0.000000,0.000000,0.000000,0.000000,0.000000,0.000000,0.000000,0.000000,0.000000,0.000000,0.000000,0.000000,0.000000,0.000000,0.000016,0.000000,0.000000,0.000000,0.000000,0.000000,0.000000,0.000000,0.000000,0.000000,0.000000,0.000000,0.000000,0.000000,0.000000,0.000000,0.000000,0.000000,0.000000,0.000000,0.000000,0.000000,0.000000,0.000000,0.000000,0.000000,0.000000,0.000000,0.000016,0.000000,0.000000,0.000000,0.000000,0.000000,0.000000,0.000000,0.000000,0.000016,0.000000,0.000000,0.000000,0.000000,0.000000,0.000000,0.000000,0.000000,0.000000,0.000016,0.000000,0.000000,0.000016,0.000000,0.000016,0.000000,0.000016,0.000000,0.000000,0.000000,0.000000,0.000016,0.000000,0.000000,0.000000,0.000000,0.000000,0.000000,0.000000,0.000000,0.000000,0.000000,0.000016,0.000000,0.000000,0.000000,0.000000,0.000000,0.000000,0.000000,0.000000,0.000016,0.000000,0.000000,0.000000,0.000000,0.000000,0.000000,0.000016,0.000000,0.000000,0.000000,0.000000,0.000000,0.000000,0.000016,0.000000,0.000016,0.000000,0.000000,0.000000,0.000000,0.000000,0.000000,0.000000,0.000000,0.000000,0.000000
0.195000,0.000295,0.000000,0.000000,0.000000,0.000000,0.000000,0.000000,0.000000,0.000000,0.000000,0.000000,0.000000,0.000000,0.000000,0.000000,0.000000,0.000000,0.000000,0.000000,0.000000,0.000000,0.000000,0.000000,0.000000,0.000000,0.000000,0.000000,0.000000,0.000000,0.000000,0.000016,0.000000,0.000000,0.000000,0.000000,0.000000,0.000000,0.000000,0.000000,0.000000,0.000000,0.000000,0.000000,0.000000,0.000000,0.000000,0.000000,0.000000,0.000000,0.000000,0.000000,0.000000,0.000000,0.000000,0.000000,0.000000,0.000000,0.000000,0.000000,0.000000,0.000000,0.000000,0.000016,0.000000,0.000000,0.000000,0.000000,0.000000,0.000000,0.000000,0.000000,0.000000,0.000000,0.000000,0.000000,0.000000,0.000000,0.000000,0.000000,0.000000,0.000000,0.000000,0.000000,0.000000,0.000000,0.000000,0.000000,0.000000,0.000000,0.000000,0.000000,0.000000,0.000000,0.000000,0.000000,0.000000,0.000000,0.000000,0.000000,0.000000,0.000000,0.000016,0.000000,0.000000,0.000000,0.000000,0.000000,0.000000,0.000000,0.000000,0.000000,0.000000,0.000000,0.000000,0.000000,0.000000,0.000000,0.000000,0.000000,0.000000,0.000000,0.000000,0.000000,0.000000,0.000000,0.000000,0.000000,0.000000,0.000000,0.000016,0.000016,0.000000,0.000000,0.000000,0.000000,0.000000,0.000000,0.000000,0.000000,0.000016,0.000000,0.000000,0.000000,0.000000,0.000000,0.000000,0.000016,0.000000,0.000000,0.000016,0.000016,0.000000,0.000000,0.000000,0.000000,0.000016,0.000000,0.000000,0.000000,0.000000,0.000033,0.000000,0.000033,0.000016,0.000000,0.000000,0.000000,0.000000,0.000000,0.000000,0.000000,0.000000,0.000016,0.000016,0.000000,0.000000,0.000000,0.000016,0.000000,0.000000,0.000000,0.000000,0.000000,0.000000,0.000000,0.000000
0.196000,0.000409,0.000000,0.000000,0.000000,0.000000,0.000000,0.000000,0.000000,0.000000,0.000000,0.000000,0.000000,0.000000,0.000000,0.000000,0.000000,0.000033,0.000000,0.000000,0.000000,0.000000,0.000016,0.000000,0.000000,0.000000,0.000016,0.000000,0.000000,0.000000,0.000000,0.000000,0.000000,0.000000,0.000000,0.000000,0.000000,0.000000,0.000000,0.000000,0.000000,0.000000,0.000000,0.000000,0.000000,0.000000,0.000000,0.000000,0.000000,0.000000,0.000000,0.000000,0.000000,0.000000,0.000000,0.000000,0.000000,0.000016,0.000000,0.000016,0.000000,0.000016,0.000000,0.000000,0.000016,0.000000,0.000000,0.000000,0.000000,0.000000,0.000000,0.000000,0.000000,0.000000,0.000000,0.000000,0.000000,0.000000,0.000000,0.000000,0.000000,0.000000,0.000000,0.000000,0.000000,0.000000,0.000000,0.000000,0.000000,0.000000,0.000000,0.000000,0.000000,0.000000,0.000000,0.000000,0.000000,0.000000,0.000000,0.000000,0.000000,0.000000,0.000000,0.000000,0.000000,0.000000,0.000000,0.000000,0.000000,0.000000,0.000000,0.000000,0.000000,0.000016,0.000000,0.000000,0.000000,0.000000,0.000000,0.000000,0.000000,0.000000,0.000000,0.000016,0.000000,0.000000,0.000000,0.000000,0.000000,0.000000,0.000000,0.000033,0.000000,0.000033,0.000000,0.000000,0.000000,0.000016,0.000033,0.000000,0.000000,0.000000,0.000000,0.000000,0.000000,0.000000,0.000016,0.000000,0.000016,0.000000,0.000000,0.000000,0.000000,0.000000,0.000000,0.000016,0.000000,0.000000,0.000000,0.000000,0.000000,0.000000,0.000000,0.000000,0.000000,0.000000,0.000016,0.000000,0.000000,0.000000,0.000000,0.000016,0.000000,0.000016,0.000016,0.000000,0.000000,0.000000,0.000000,0.000000,0.000000,0.000000,0.000000,0.000000,0.000000,0.000016,0.000000
0.197000,0.000295,0.000000,0.000000,0.000000,0.000016,0.000016,0.000000,0.000016,0.000000,0.000000,0.000000,0.000000,0.000000,0.000000,0.000000,0.000000,0.000000,0.000016,0.000000,0.000000,0.000000,0.000000,0.000000,0.000000,0.000000,0.000000,0.000000,0.000000,0.000000,0.000000,0.000000,0.000000,0.000000,0.000016,0.000000,0.000000,0.000000,0.000000,0.000000,0.000000,0.000000,0.000000,0.000000,0.000000,0.000000,0.000000,0.000000,0.000016,0.000000,0.000000,0.000000,0.000000,0.000000,0.000000,0.000000,0.000000,0.000000,0.000000,0.000000,0.000000,0.000000,0.000000,0.000000,0.000000,0.000000,0.000000,0.000000,0.000000,0.000000,0.000000,0.000000,0.000000,0.000000,0.000000,0.000000,0.000000,0.000000,0.000000,0.000000,0.000000,0.000000,0.000000,0.000000,0.000000,0.000000,0.000000,0.000000,0.000000,0.000000,0.000000,0.000000,0.000000,0.000000,0.000000,0.000000,0.000000,0.000000,0.000000,0.000000,0.000000,0.000000,0.000000,0.000000,0.000000,0.000000,0.000000,0.000000,0.000000,0.000000,0.000000,0.000000,0.000000,0.000000,0.000000,0.000016,0.000000,0.000016,0.000000,0.000016,0.000000,0.000000,0.000000,0.000016,0.000000,0.000000,0.000000,0.000000,0.000000,0.000016,0.000000,0.000000,0.000000,0.000000,0.000016,0.000016,0.000000,0.000000,0.000000,0.000016,0.000000,0.000000,0.000000,0.000000,0.000000,0.000000,0.000000,0.000000,0.000000,0.000000,0.000000,0.000000,0.000000,0.000000,0.000000,0.000016,0.000016,0.000000,0.000016,0.000000,0.000000,0.000000,0.000000,0.000000,0.000000,0.000000,0.000000,0.000000,0.000000,0.000000,0.000000,0.000000,0.000000,0.000000,0.000016,0.000000,0.000000,0.000000,0.000000,0.000000,0.000000,0.000000,0.000000,0.000000,0.000000,0.000000,0.000000
0.198000,0.000344,0.000000,0.000000,0.000016,0.000000,0.000000,0.000000,0.000000,0.000000,0.000000,0.000000,0.000000,0.000000,0.000000,0.000000,0.000000,0.000000,0.000000,0.000000,0.000000,0.000000,0.000000,0.000016,0.000000,0.000000,0.000000,0.000000,0.000000,0.000000,0.000000,0.000000,0.000000,0.000000,0.000000,0.000000,0.000000,0.000016,0.000000,0.000000,0.000000,0.000000,0.000000,0.000000,0.000000,0.000000,0.000000,0.000000,0.000000,0.000000,0.000016,0.000000,0.000000,0.000000,0.000000,0.000000,0.000000,0.000000,0.000000,0.000000,0.000000,0.000000,0.000000,0.000000,0.000000,0.000000,0.000016,0.000000,0.000000,0.000000,0.000000,0.000000,0.000000,0.000000,0.000000,0.000000,0.000000,0.000000,0.000000,0.000000,0.000000,0.000000,0.000000,0.000000,0.000000,0.000000,0.000000,0.000000,0.000000,0.000000,0.000000,0.000000,0.000000,0.000000,0.000000,0.000000,0.000000,0.000000,0.000000,0.000000,0.000000,0.000000,0.000016,0.000000,0.000000,0.000000,0.000000,0.000000,0.000000,0.000000,0.000000,0.000000,0.000000,0.000000,0.000000,0.000016,0.000016,0.000000,0.000000,0.000016,0.000000,0.000000,0.000000,0.000000,0.000000,0.000000,0.000000,0.000000,0.000000,0.000000,0.000000,0.000016,0.000000,0.000016,0.000000,0.000016,0.000000,0.000016,0.000000,0.000000,0.000000,0.000000,0.000000,0.000000,0.000000,0.000000,0.000000,0.000000,0.000000,0.000000,0.000000,0.000000,0.000000,0.000000,0.000000,0.000000,0.000000,0.000000,0.000016,0.000000,0.000000,0.000000,0.000016,0.000000,0.000000,0.000000,0.000000,0.000016,0.000000,0.000000,0.000000,0.000000,0.000016,0.000000,0.000000,0.000000,0.000000,0.000000,0.000016,0.000000,0.000016,0.000000,0.000000,0.000033,0.000000,0.000000,0.000000
0.199000,0.000344,0.000000,0.000000,0.000000,0.000000,0.000000,0.000000,0.000000,0.000016,0.000000,0.000000,0.000000,0.000000,0.000000,0.000000,0.000016,0.000000,0.000000,0.000000,0.000000,0.000000,0.000000,0.000000,0.000000,0.000000,0.000000,0.000000,0.000000,0.000000,0.000000,0.000000,0.000000,0.000000,0.000000,0.000000,0.000000,0.000000,0.000000,0.000000,0.000000,0.000000,0.000000,0.000000,0.000000,0.000000,0.000000,0.000000,0.000000,0.000000,0.000000,0.000000,0.000000,0.000000,0.000000,0.000000,0.000000,0.000000,0.000000,0.000000,0.000000,0.000000,0.000000,0.000000,0.000000,0.000000,0.000000,0.000000,0.000000,0.000000,0.000000,0.000000,0.000000,0.000000,0.000000,0.000000,0.000000,0.000000,0.000000,0.000000,0.000000,0.000000,0.000000,0.000000,0.000000,0.000000,0.000000,0.000000,0.000000,0.000000,0.000000,0.000000,0.000000,0.000000,0.000000,0.000000,0.000000,0.000000,0.000000,0.000000,0.000000,0.000000,0.000016,0.000000,0.000000,0.000000,0.000016,0.000016,0.000000,0.000000,0.000000,0.000000,0.000000,0.000000,0.000000,0.000016,0.000000,0.000000,0.000000,0.000000,0.000000,0.000000,0.000000,0.000000,0.000000,0.000000,0.000000,0.000000,0.000000,0.000000,0.000000,0.000000,0.000000,0.000000,0.000000,0.000000,0.000016,0.000000,0.000016,0.000000,0.000016,0.000000,0.000000,0.000000,0.000000,0.000000,0.000000,0.000000,0.000000,0.000033,0.000000,0.000000,0.000000,0.000000,0.000000,0.000000,0.000000,0.000000,0.000016,0.000033,0.000000,0.000016,0.000016,0.000000,0.000033,0.000000,0.000000,0.000016,0.000000,0.000000,0.000000,0.000000,0.000000,0.000000,0.000000,0.000000,0.000000,0.000000,0.000000,0.000000,0.000000,0.000016,0.000000,0.000016,0.000000,0.000000,0.000000
0.200000,0.000311,0.000000,0.000000,0.000000,0.000000,0.000000,0.000000,0.000016,0.000000,0.000016,0.000000,0.000016,0.000000,0.000000,0.000000,0.000000,0.000000,0.000000,0.000000,0.000016,0.000000,0.000000,0.000000,0.000000,0.000000,0.000000,0.000000,0.000000,0.000000,0.000000,0.000000,0.000000,0.000000,0.000000,0.000000,0.000000,0.000000,0.000000,0.000000,0.000000,0.000000,0.000000,0.000000,0.000000,0.000000,0.000000,0.000000,0.000000,0.000000,0.000000,0.000016,0.000000,0.000000,0.000016,0.000000,0.000000,0.000000,0.000000,0.000000,0.000000,0.000000,0.000000,0.000000,0.000000,0.000000,0.000000,0.000000,0.000000,0.000000,0.000000,0.000000,0.000000,0.000000,0.000000,0.000000,0.000000,0.000000,0.000000,0.000000,0.000000,0.000016,0.000000,0.000000,0.000000,0.000000,0.000000,0.000000,0.000000,0.000000,0.000000,0.000000,0.000000,0.000000,0.000000,0.000000,0.000000,0.000000,0.000000,0.000000,0.000000,0.000000,0.000000,0.000000,0.000000,0.000000,0.000000,0.000000,0.000016,0.000000,0.000000,0.000000,0.000000,0.000000,0.000000,0.000000,0.000016,0.000000,0.000016,0.000000,0.000000,0.000000,0.000000,0.000000,0.000000,0.000000,0.000000,0.000000,0.000000,0.000000,0.000000,0.000016,0.000000,0.000000,0.000000,0.000000,0.000000,0.000000,0.000000,0.000000,0.000016,0.000000,0.000000,0.000000,0.000016,0.000000,0.000000,0.000033,0.000000,0.000000,0.000000,0.000016,0.000000,0.000000,0.000000,0.000000,0.000000,0.000016,0.000000,0.000000,0.000000,0.000000,0.000000,0.000000,0.000000,0.000000,0.000000,0.000000,0.000000,0.000000,0.000000,0.000000,0.000000,0.000000,0.000000,0.000000,0.000000,0.000000,0.000000,0.000000,0.000000,0.000000,0.000000,0.000016,0.000000,0.000016,0.000000
0.201000,0.000376,0.000000,0.000000,0.000000,0.000000,0.000000,0.000000,0.000000,0.000000,0.000000,0.000000,0.000000,0.000000,0.000000,0.000000,0.000000,0.000000,0.000000,0.000000,0.000000,0.000000,0.000016,0.000000,0.000000,0.000000,0.000000,0.000000,0.000000,0.000016,0.000000,0.000000,0.000000,0.000000,0.000000,0.000000,0.000000,0.000000,0.000000,0.000000,0.000000,0.000000,0.000000,0.000000,0.000000,0.000000,0.000000,0.000000,0.000000,0.000000,0.000000,0.000000,0.000000,0.000000,0.000000,0.000000,0.000000,0.000000,0.000000,0.000000,0.000000,0.000000,0.000000,0.000000,0.000000,0.000000,0.000000,0.000000,0.000000,0.000000,0.000000,0.000000,0.000000,0.000000,0.000000,0.000000,0.000000,0.000000,0.000000,0.000000,0.000000,0.000000,0.000000,0.000000,0.000000,0.000000,0.000000,0.000000,0.000000,0.000000,0.000000,0.000000,0.000000,0.000000,0.000000,0.000000,0.000000,0.000000,0.000000,0.000000,0.000000,0.000000,0.000000,0.000016,0.000000,0.000000,0.000000,0.000000,0.000000,0.000000,0.000000,0.000000,0.000000,0.000033,0.000000,0.000016,0.000000,0.000016,0.000016,0.000000,0.000016,0.000000,0.000000,0.000016,0.000033,0.000000,0.000000,0.000000,0.000000,0.000016,0.000000,0.000000,0.000000,0.000000,0.000000,0.000000,0.000016,0.000000,0.000016,0.000000,0.000000,0.000016,0.000000,0.000000,0.000000,0.000000,0.000016,0.000000,0.000000,0.000016,0.000000,0.000000,0.000000,0.000000,0.000000,0.000016,0.000000,0.000000,0.000016,0.000000,0.000000,0.000000,0.000000,0.000000,0.000000,0.000000,0.000016,0.000000,0.000000,0.000000,0.000000,0.000000,0.000000,0.000016,0.000000,0.000000,0.000000,0.000000,0.000000,0.000000,0.000000,0.000016,0.000000,0.000000,0.000000,0.000000,0.000000
0.202000,0.000376,0.000000,0.000000,0.000000,0.000000,0.000000,0.000000,0.000000,0.000000,0.000000,0.000000,0.000000,0.000000,0.000000,0.000000,0.000000,0.000000,0.000000,0.000000,0.000000,0.000000,0.000000,0.000000,0.000000,0.000016,0.000000,0.000000,0.000000,0.000000,0.000000,0.000000,0.000000,0.000000,0.000000,0.000000,0.000000,0.000016,0.000000,0.000000,0.000000,0.000000,0.000000,0.000000,0.000000,0.000000,0.000000,0.000000,0.000000,0.000000,0.000000,0.000000,0.000000,0.000000,0.000000,0.000000,0.000000,0.000000,0.000000,0.000000,0.000000,0.000000,0.000000,0.000000,0.000000,0.000000,0.000000,0.000000,0.000000,0.000000,0.000016,0.000000,0.000016,0.000000,0.000000,0.000000,0.000000,0.000000,0.000000,0.000000,0.000000,0.000000,0.000000,0.000000,0.000000,0.000000,0.000000,0.000000,0.000000,0.000000,0.000000,0.000000,0.000000,0.000000,0.000000,0.000000,0.000000,0.000000,0.000000,0.000000,0.000016,0.000000,0.000000,0.000000,0.000000,0.000000,0.000000,0.000000,0.000016,0.000000,0.000000,0.000000,0.000000,0.000000,0.000000,0.000000,0.000000,0.000000,0.000000,0.000000,0.000000,0.000000,0.000000,0.000000,0.000000,0.000016,0.000000,0.000000,0.000000,0.000000,0.000000,0.000000,0.000000,0.000016,0.000016,0.000016,0.000016,0.000000,0.000000,0.000016,0.000000,0.000000,0.000000,0.000016,0.000000,0.000000,0.000000,0.000000,0.000000,0.000000,0.000000,0.000000,0.000000,0.000016,0.000000,0.000000,0.000000,0.000000,0.000000,0.000000,0.000000,0.000000,0.000000,0.000000,0.000000,0.000000,0.000000,0.000000,0.000016,0.000000,0.000016,0.000000,0.000000,0.000016,0.000016,0.000016,0.000000,0.000000,0.000016,0.000016,0.000000,0.000000,0.000000,0.000016,0.000000,0.000000,0.000016
0.203000,0.000360,0.000000,0.000000,0.000000,0.000016,0.000000,0.000016,0.000000,0.000000,0.000000,0.000000,0.000000,0.000000,0.000000,0.000000,0.000000,0.000000,0.000000,0.000000,0.000000,0.000000,0.000000,0.000016,0.000000,0.000000,0.000000,0.000016,0.000000,0.000000,0.000000,0.000000,0.000000,0.000000,0.000016,0.000000,0.000000,0.000000,0.000000,0.000000,0.000000,0.000000,0.000000,0.000000,0.000000,0.000000,0.000000,0.000000,0.000000,0.000000,0.000000,0.000000,0.000000,0.000000,0.000000,0.000000,0.000000,0.000000,0.000000,0.000000,0.000000,0.000000,0.000000,0.000000,0.000000,0.000000,0.000000,0.000000,0.000000,0.000000,0.000000,0.000000,0.000000,0.000000,0.000000,0.000000,0.000000,0.000000,0.000000,0.000000,0.000000,0.000000,0.000000,0.000000,0.000000,0.000000,0.000000,0.000000,0.000000,0.000000,0.000000,0.000000,0.000016,0.000000,0.000000,0.000000,0.000000,0.000000,0.000000,0.000000,0.000000,0.000000,0.000000,0.000000,0.000000,0.000000,0.000016,0.000000,0.000000,0.000000,0.000000,0.000000,0.000000,0.000000,0.000000,0.000000,0.000000,0.000000,0.000016,0.000016,0.000000,0.000000,0.000000,0.000000,0.000016,0.000033,0.000000,0.000000,0.000000,0.000000,0.000000,0.000000,0.000016,0.000000,0.000016,0.000000,0.000000,0.000000,0.000000,0.000000,0.000000,0.000000,0.000016,0.000000,0.000000,0.000000,0.000000,0.000000,0.000016,0.000000,0.000000,0.000016,0.000000,0.000016,0.000000,0.000000,0.000000,0.000000,0.000016,0.000000,0.000000,0.000000,0.000016,0.000000,0.000000,0.000000,0.000000,0.000000,0.000000,0.000000,0.000000,0.000000,0.000016,0.000000,0.000000,0.000016,0.000000,0.000000,0.000000,0.000000,0.000000,0.000000,0.000000,0.000000,0.000000,0.000000,0.000000
0.204000,0.000360,0.000000,0.000000,0.000000,0.000000,0.000000,0.000000,0.000016,0.000000,0.000000,0.000000,0.000000,0.000000,0.000000,0.000000,0.000000,0.000000,0.000000,0.000000,0.000000,0.000000,0.000000,0.000000,0.000000,0.000000,0.000000,0.000000,0.000000,0.000000,0.000016,0.000000,0.000000,0.000000,0.000000,0.000000,0.000000,0.000000,0.000000,0.000000,0.000000,0.000000,0.000000,0.000000,0.000000,0.000000,0.000000,0.000000,0.000000,0.000000,0.000000,0.000000,0.000000,0.000000,0.000000,0.000000,0.000000,0.000000,0.000000,0.000000,0.000000,0.000000,0.000000,0.000000,0.000000,0.000000,0.000000,0.000000,0.000000,0.000000,0.000000,0.000000,0.000000,0.000000,0.000000,0.000000,0.000000,0.000000,0.000000,0.000000,0.000000,0.000016,0.000000,0.000000,0.000000,0.000000,0.000000,0.000000,0.000000,0.000000,0.000000,0.000000,0.000000,0.000000,0.000000,0.000000,0.000000,0.000000,0.000000,0.000000,0.000000,0.000000,0.000000,0.000000,0.000000,0.000000,0.000000,0.000016,0.000000,0.000000,0.000000,0.000000,0.000000,0.000000,0.000000,0.000000,0.000016,0.000000,0.000000,0.000016,0.000000,0.000000,0.000016,0.000000,0.000000,0.000000,0.000000,0.000000,0.000000,0.000000,0.000000,0.000000,0.000000,0.000033,0.000016,0.000000,0.000000,0.000016,0.000000,0.000000,0.000000,0.000000,0.000000,0.000000,0.000000,0.000000,0.000016,0.000016,0.000016,0.000016,0.000000,0.000000,0.000033,0.000000,0.000000,0.000016,0.000000,0.000000,0.000000,0.000016,0.000000,0.000000,0.000000,0.000000,0.000000,0.000000,0.000016,0.000000,0.000000,0.000000,0.000000,0.000000,0.000000,0.000016,0.000000,0.000000,0.000000,0.000000,0.000000,0.000016,0.000000,0.000000,0.000000,0.000000,0.000000,0.000000,0.000000
0.205000,0.000475,0.000000,0.000000,0.000000,0.000000,0.000000,0.000000,0.000000,0.000000,0.000000,0.000000,0.000000,0.000016,0.000000,0.000000,0.000000,0.000000,0.000000,0.000000,0.000000,0.000000,0.000000,0.000000,0.000000,0.000000,0.000000,0.000000,0.000000,0.000000,0.000000,0.000000,0.000000,0.000000,0.000000,0.000000,0.000000,0.000000,0.000000,0.000000,0.000000,0.000000,0.000000,0.000016,0.000000,0.000000,0.000000,0.000000,0.000000,0.000000,0.000000,0.000000,0.000000,0.000000,0.000000,0.000000,0.000000,0.000000,0.000000,0.000000,0.000000,0.000000,0.000000,0.000000,0.000000,0.000000,0.000000,0.000000,0.000000,0.000000,0.000000,0.000000,0.000000,0.000000,0.000000,0.000000,0.000000,0.000000,0.000000,0.000000,0.000000,0.000016,0.000000,0.000000,0.000000,0.000000,0.000000,0.000000,0.000000,0.000000,0.000000,0.000000,0.000000,0.000000,0.000000,0.000000,0.000000,0.000000,0.000000,0.000000,0.000000,0.000000,0.000000,0.000000,0.000000,0.000000,0.000000,0.000000,0.000000,0.000000,0.000000,0.000016,0.000016,0.000016,0.000016,0.000016,0.000000,0.000016,0.000000,0.000000,0.000000,0.000000,0.000000,0.000000,0.000016,0.000000,0.000000,0.000000,0.000016,0.000000,0.000000,0.000016,0.000000,0.000000,0.000000,0.000000,0.000000,0.000016,0.000033,0.000000,0.000000,0.000000,0.000000,0.000000,0.000000,0.000000,0.000016,0.000000,0.000000,0.000000,0.000016,0.000016,0.000000,0.000000,0.000000,0.000033,0.000016,0.000016,0.000033,0.000000,0.000000,0.000000,0.000000,0.000000,0.000000,0.000000,0.000000,0.000000,0.000016,0.000000,0.000016,0.000000,0.000000,0.000000,0.000000,0.000000,0.000000,0.000016,0.000000,0.000000,0.000000,0.000000,0.000000,0.000000,0.000033,0.000000,0.000000
0.206000,0.000409,0.000000,0.000000,0.000000,0.000000,0.000000,0.000000,0.000016,0.000000,0.000000,0.000000,0.000000,0.000000,0.000000,0.000000,0.000000,0.000000,0.000000,0.000000,0.000000,0.000000,0.000000,0.000000,0.000000,0.000000,0.000000,0.000000,0.000000,0.000000,0.000000,0.000000,0.000000,0.000000,0.000000,0.000000,0.000000,0.000000,0.000000,0.000000,0.000000,0.000000,0.000000,0.000000,0.000000,0.000000,0.000000,0.000000,0.000000,0.000000,0.000000,0.000000,0.000000,0.000000,0.000000,0.000000,0.000000,0.000000,0.000000,0.000000,0.000000,0.000000,0.000000,0.000000,0.000000,0.000000,0.000000,0.000000,0.000000,0.000000,0.000000,0.000000,0.000000,0.000016,0.000000,0.000000,0.000000,0.000000,0.000000,0.000000,0.000000,0.000000,0.000000,0.000000,0.000000,0.000000,0.000000,0.000000,0.000000,0.000000,0.000000,0.000000,0.000000,0.000000,0.000000,0.000000,0.000000,0.000000,0.000000,0.000000,0.000016,0.000000,0.000000,0.000000,0.000033,0.000000,0.000000,0.000000,0.000000,0.000000,0.000000,0.000000,0.000000,0.000000,0.000000,0.000000,0.000000,0.000000,0.000016,0.000016,0.000000,0.000000,0.000000,0.000000,0.000000,0.000000,0.000000,0.000000,0.000000,0.000000,0.000000,0.000000,0.000000,0.000000,0.000000,0.000016,0.000000,0.000000,0.000000,0.000000,0.000000,0.000000,0.000016,0.000000,0.000000,0.000000,0.000000,0.000016,0.000000,0.000000,0.000000,0.000000,0.000000,0.000000,0.000000,0.000000,0.000016,0.000033,0.000000,0.000000,0.000000,0.000033,0.000000,0.000016,0.000016,0.000000,0.000016,0.000016,0.000000,0.000000,0.000000,0.000000,0.000033,0.000000,0.000000,0.000000,0.000000,0.000000,0.000016,0.000016,0.000000,0.000000,0.000000,0.000000,0.000000,0.000016,0.000016
0.207000,0.000442,0.000000,0.000000,0.000000,0.000000,0.000000,0.000000,0.000000,0.000000,0.000000,0.000000,0.000000,0.000000,0.000000,0.000000,0.000000,0.000016,0.000016,0.000000,0.000016,0.000000,0.000000,0.000016,0.000000,0.000016,0.000016,0.000000,0.000000,0.000000,0.000000,0.000000,0.000000,0.000000,0.000000,0.000000,0.000000,0.000000,0.000000,0.000000,0.000000,0.000000,0.000000,0.000000,0.000000,0.000000,0.000016,0.000000,0.000000,0.000000,0.000000,0.000000,0.000000,0.000000,0.000000,0.000000,0.000000,0.000000,0.000000,0.000000,0.000000,0.000000,0.000000,0.000000,0.000000,0.000000,0.000000,0.000000,0.000000,0.000000,0.000000,0.000000,0.000000,0.000000,0.000000,0.000000,0.000000,0.000000,0.000000,0.000000,0.000000,0.000000,0.000000,0.000000,0.000000,0.000000,0.000000,0.000000,0.000000,0.000000,0.000000,0.000000,0.000016,0.000000,0.000000,0.000000,0.000000,0.000000,0.000000,0.000000,0.000000,0.000000,0.000000,0.000016,0.000000,0.000000,0.000000,0.000016,0.000000,0.000000,0.000000,0.000000,0.000000,0.000000,0.000000,0.000000,0.000000,0.000016,0.000000,0.000016,0.000000,0.000000,0.000000,0.000033,0.000000,0.000000,0.000000,0.000000,0.000016,0.000000,0.000000,0.000000,0.000000,0.000000,0.000000,0.000033,0.000000,0.000000,0.000000,0.000000,0.000016,0.000000,0.000000,0.000000,0.000000,0.000000,0.000016,0.000000,0.000016,0.000033,0.000000,0.000000,0.000000,0.000016,0.000000,0.000000,0.000000,0.000000,0.000000,0.000000,0.000000,0.000000,0.000016,0.000000,0.000000,0.000000,0.000000,0.000000,0.000000,0.000000,0.000000,0.000000,0.000000,0.000016,0.000000,0.000000,0.000000,0.000000,0.000000,0.000016,0.000000,0.000000,0.000000,0.000000,0.000016,0.000000,0.000000
0.208000,0.000213,0.000000,0.000000,0.000000,0.000000,0.000000,0.000000,0.000000,0.000000,0.000000,0.000000,0.000000,0.000000,0.000000,0.000000,0.000000,0.000000,0.000000,0.000000,0.000000,0.000000,0.000000,0.000000,0.000000,0.000000,0.000000,0.000000,0.000000,0.000000,0.000000,0.000000,0.000000,0.000000,0.000000,0.000000,0.000000,0.000000,0.000000,0.000000,0.000000,0.000000,0.000000,0.000000,0.000000,0.000000,0.000000,0.000000,0.000000,0.000000,0.000000,0.000000,0.000000,0.000000,0.000000,0.000000,0.000000,0.000000,0.000016,0.000000,0.000000,0.000000,0.000000,0.000000,0.000000,0.000000,0.000000,0.000000,0.000000,0.000000,0.000000,0.000000,0.000000,0.000000,0.000000,0.000000,0.000000,0.000016,0.000000,0.000000,0.000000,0.000000,0.000000,0.000000,0.000000,0.000000,0.000000,0.000000,0.000000,0.000000,0.000000,0.000000,0.000000,0.000000,0.000000,0.000000,0.000000,0.000000,0.000000,0.000000,0.000000,0.000000,0.000000,0.000000,0.000000,0.000000,0.000000,0.000016,0.000016,0.000000,0.000000,0.000000,0.000000,0.000016,0.000000,0.000000,0.000000,0.000000,0.000000,0.000000,0.000016,0.000000,0.000016,0.000000,0.000000,0.000000,0.000000,0.000000,0.000000,0.000016,0.000000,0.000016,0.000000,0.000000,0.000000,0.000000,0.000000,0.000000,0.000000,0.000000,0.000000,0.000000,0.000000,0.000000,0.000000,0.000000,0.000000,0.000016,0.000016,0.000000,0.000000,0.000000,0.000000,0.000000,0.000000,0.000000,0.000000,0.000016,0.000000,0.000000,0.000000,0.000000,0.000000,0.000016,0.000000,0.000000,0.000000,0.000000,0.000000,0.000000,0.000000,0.000000,0.000000,0.000000,0.000000,0.000000,0.000000,0.000000,0.000000,0.000000,0.000000,0.000000,0.000000,0.000000,0.000000,0.000000,0.000000
0.209000,0.000376,0.000000,0.000000,0.000000,0.000000,0.000000,0.000000,0.000000,0.000000,0.000000,0.000016,0.000000,0.000000,0.000000,0.000000,0.000000,0.000000,0.000000,0.000000,0.000000,0.000000,0.000000,0.000000,0.000016,0.000000,0.000000,0.000000,0.000000,0.000000,0.000000,0.000000,0.000000,0.000000,0.000000,0.000000,0.000000,0.000000,0.000000,0.000000,0.000000,0.000000,0.000000,0.000000,0.000000,0.000000,0.000000,0.000000,0.000000,0.000000,0.000000,0.000000,0.000000,0.000000,0.000000,0.000000,0.000000,0.000000,0.000000,0.000000,0.000000,0.000000,0.000000,0.000000,0.000000,0.000000,0.000000,0.000000,0.000000,0.000000,0.000000,0.000000,0.000000,0.000000,0.000000,0.000000,0.000000,0.000000,0.000000,0.000000,0.000000,0.000000,0.000000,0.000000,0.000000,0.000000,0.000000,0.000000,0.000000,0.000000,0.000000,0.000000,0.000000,0.000000,0.000000,0.000000,0.000000,0.000000,0.000000,0.000000,0.000000,0.000000,0.000000,0.000000,0.000000,0.000000,0.000000,0.000000,0.000016,0.000000,0.000000,0.000000,0.000000,0.000016,0.000000,0.000016,0.000000,0.000000,0.000016,0.000000,0.000000,0.000000,0.000000,0.000016,0.000000,0.000000,0.000000,0.000000,0.000000,0.000000,0.000000,0.000016,0.000000,0.000000,0.000016,0.000016,0.000000,0.000000,0.000000,0.000000,0.000016,0.000000,0.000000,0.000000,0.000000,0.000000,0.000000,0.000000,0.000000,0.000016,0.000000,0.000000,0.000000,0.000033,0.000000,0.000000,0.000000,0.000033,0.000000,0.000016,0.000000,0.000016,0.000000,0.000016,0.000016,0.000000,0.000000,0.000000,0.000000,0.000000,0.000000,0.000000,0.000000,0.000016,0.000000,0.000000,0.000000,0.000000,0.000000,0.000016,0.000000,0.000000,0.000016,0.000000,0.000000,0.000000,0.000000
0.210000,0.000458,0.000000,0.000000,0.000000,0.000000,0.000000,0.000000,0.000000,0.000000,0.000000,0.000000,0.000000,0.000000,0.000000,0.000016,0.000000,0.000000,0.000000,0.000000,0.000000,0.000016,0.000016,0.000000,0.000000,0.000016,0.000000,0.000000,0.000000,0.000000,0.000000,0.000000,0.000000,0.000000,0.000000,0.000000,0.000000,0.000016,0.000000,0.000016,0.000000,0.000000,0.000000,0.000016,0.000016,0.000000,0.000000,0.000000,0.000000,0.000000,0.000000,0.000000,0.000000,0.000000,0.000000,0.000000,0.000000,0.000000,0.000000,0.000000,0.000000,0.000000,0.000000,0.000000,0.000000,0.000000,0.000000,0.000000,0.000000,0.000000,0.000016,0.000000,0.000000,0.000000,0.000000,0.000000,0.000000,0.000000,0.000000,0.000000,0.000000,0.000000,0.000000,0.000000,0.000000,0.000000,0.000000,0.000000,0.000000,0.000000,0.000000,0.000000,0.000000,0.000000,0.000000,0.000000,0.000000,0.000000,0.000000,0.000000,0.000000,0.000016,0.000000,0.000000,0.000000,0.000016,0.000000,0.000000,0.000000,0.000000,0.000000,0.000016,0.000000,0.000000,0.000000,0.000016,0.000000,0.000000,0.000000,0.000000,0.000000,0.000000,0.000016,0.000000,0.000000,0.000000,0.000000,0.000000,0.000000,0.000033,0.000000,0.000000,0.000000,0.000000,0.000000,0.000000,0.000000,0.000000,0.000000,0.000000,0.000000,0.000000,0.000000,0.000000,0.000000,0.000016,0.000000,0.000000,0.000016,0.000033,0.000000,0.000000,0.000000,0.000000,0.000000,0.000000,0.000016,0.000000,0.000000,0.000000,0.000033,0.000016,0.000000,0.000016,0.000000,0.000000,0.000000,0.000000,0.000000,0.000016,0.000000,0.000000,0.000000,0.000000,0.000000,0.000000,0.000000,0.000000,0.000000,0.000000,0.000000,0.000016,0.000000,0.000000,0.000000,0.000016,0.000000
0.211000,0.000442,0.000000,0.000000,0.000000,0.000000,0.000000,0.000000,0.000016,0.000000,0.000000,0.000000,0.000000,0.000016,0.000000,0.000000,0.000000,0.000000,0.000000,0.000000,0.000000,0.000000,0.000000,0.000000,0.000000,0.000000,0.000000,0.000000,0.000000,0.000000,0.000000,0.000000,0.000000,0.000000,0.000000,0.000000,0.000000,0.000000,0.000000,0.000000,0.000000,0.000000,0.000000,0.000000,0.000000,0.000000,0.000000,0.000000,0.000016,0.000000,0.000000,0.000000,0.000000,0.000000,0.000000,0.000000,0.000000,0.000000,0.000000,0.000033,0.000000,0.000000,0.000016,0.000000,0.000000,0.000000,0.000000,0.000016,0.000000,0.000000,0.000000,0.000000,0.000000,0.000000,0.000000,0.000000,0.000000,0.000000,0.000000,0.000000,0.000000,0.000000,0.000000,0.000000,0.000000,0.000000,0.000000,0.000000,0.000000,0.000000,0.000000,0.000000,0.000016,0.000000,0.000000,0.000000,0.000000,0.000000,0.000000,0.000000,0.000000,0.000000,0.000016,0.000000,0.000000,0.000000,0.000000,0.000000,0.000000,0.000000,0.000000,0.000000,0.000016,0.000000,0.000000,0.000000,0.000000,0.000016,0.000016,0.000000,0.000000,0.000000,0.000000,0.000000,0.000016,0.000000,0.000000,0.000000,0.000000,0.000000,0.000000,0.000000,0.000000,0.000000,0.000000,0.000000,0.000000,0.000000,0.000000,0.000016,0.000000,0.000033,0.000000,0.000000,0.000000,0.000000,0.000000,0.000000,0.000016,0.000000,0.000000,0.000000,0.000016,0.000016,0.000000,0.000016,0.000016,0.000000,0.000000,0.000000,0.000016,0.000000,0.000016,0.000000,0.000000,0.000000,0.000000,0.000016,0.000000,0.000000,0.000016,0.000000,0.000000,0.000000,0.000000,0.000016,0.000000,0.000000,0.000000,0.000000,0.000000,0.000000,0.000000,0.000000,0.000000,0.000016,0.000000
0.212000,0.000376,0.000000,0.000000,0.000000,0.000000,0.000000,0.000016,0.000000,0.000000,0.000000,0.000000,0.000000,0.000000,0.000000,0.000000,0.000000,0.000000,0.000000,0.000000,0.000000,0.000000,0.000000,0.000016,0.000000,0.000000,0.000000,0.000000,0.000000,0.000000,0.000000,0.000000,0.000000,0.000000,0.000000,0.000000,0.000000,0.000000,0.000000,0.000000,0.000000,0.000000,0.000016,0.000000,0.000016,0.000000,0.000000,0.000000,0.000016,0.000000,0.000000,0.000000,0.000000,0.000000,0.000000,0.000000,0.000000,0.000000,0.000000,0.000000,0.000000,0.000000,0.000000,0.000000,0.000000,0.000000,0.000000,0.000000,0.000000,0.000000,0.000016,0.000000,0.000000,0.000000,0.000000,0.000000,0.000000,0.000000,0.000000,0.000000,0.000000,0.000000,0.000000,0.000000,0.000000,0.000000,0.000000,0.000000,0.000000,0.000000,0.000000,0.000000,0.000000,0.000000,0.000000,0.000000,0.000000,0.000000,0.000000,0.000000,0.000000,0.000016,0.000000,0.000000,0.000000,0.000000,0.000000,0.000000,0.000000,0.000000,0.000000,0.000000,0.000000,0.000000,0.000000,0.000000,0.000000,0.000000,0.000000,0.000000,0.000000,0.000000,0.000016,0.000000,0.000000,0.000000,0.000000,0.000000,0.000000,0.000016,0.000000,0.000000,0.000000,0.000000,0.000000,0.000016,0.000016,0.000016,0.000000,0.000016,0.000016,0.000000,0.000000,0.000000,0.000000,0.000000,0.000016,0.000000,0.000000,0.000033,0.000016,0.000000,0.000016,0.000016,0.000000,0.000000,0.000016,0.000000,0.000000,0.000000,0.000000,0.000000,0.000000,0.000000,0.000000,0.000000,0.000000,0.000000,0.000000,0.000000,0.000000,0.000016,0.000000,0.000000,0.000000,0.000000,0.000000,0.000000,0.000000,0.000000,0.000000,0.000000,0.000000,0.000016,0.000000,0.000000,0.000000
0.213000,0.000327,0.000000,0.000000,0.000000,0.000000,0.000000,0.000000,0.000000,0.000016,0.000000,0.000000,0.000000,0.000000,0.000000,0.000000,0.000000,0.000000,0.000000,0.000000,0.000000,0.000000,0.000000,0.000000,0.000000,0.000000,0.000000,0.000000,0.000000,0.000000,0.000000,0.000000,0.000000,0.000000,0.000000,0.000000,0.000000,0.000000,0.000000,0.000000,0.000000,0.000000,0.000000,0.000000,0.000000,0.000000,0.000000,0.000016,0.000000,0.000000,0.000000,0.000000,0.000000,0.000000,0.000016,0.000000,0.000000,0.000000,0.000000,0.000000,0.000000,0.000000,0.000000,0.000016,0.000000,0.000000,0.000000,0.000000,0.000000,0.000000,0.000000,0.000000,0.000000,0.000000,0.000000,0.000000,0.000000,0.000000,0.000016,0.000000,0.000000,0.000000,0.000000,0.000000,0.000000,0.000000,0.000000,0.000000,0.000000,0.000000,0.000000,0.000000,0.000000,0.000000,0.000000,0.000000,0.000000,0.000000,0.000000,0.000000,0.000000,0.000000,0.000000,0.000016,0.000016,0.000000,0.000000,0.000000,0.000000,0.000000,0.000000,0.000000,0.000000,0.000000,0.000000,0.000016,0.000000,0.000000,0.000000,0.000016,0.000016,0.000000,0.000000,0.000000,0.000016,0.000000,0.000000,0.000000,0.000000,0.000016,0.000000,0.000000,0.000000,0.000000,0.000000,0.000000,0.000000,0.000016,0.000000,0.000000,0.000016,0.000000,0.000000,0.000000,0.000000,0.000000,0.000000,0.000000,0.000000,0.000000,0.000000,0.000000,0.000000,0.000000,0.000000,0.000000,0.000016,0.000016,0.000000,0.000000,0.000000,0.000000,0.000000,0.000016,0.000016,0.000000,0.000016,0.000000,0.000000,0.000000,0.000000,0.000000,0.000000,0.000000,0.000000,0.000000,0.000000,0.000000,0.000000,0.000000,0.000000,0.000000,0.000000,0.000000,0.000000,0.000016,0.000000
0.214000,0.000278,0.000000,0.000000,0.000000,0.000000,0.000000,0.000000,0.000000,0.000000,0.000000,0.000000,0.000000,0.000000,0.000000,0.000000,0.000000,0.000000,0.000000,0.000000,0.000016,0.000000,0.000000,0.000000,0.000000,0.000000,0.000000,0.000000,0.000000,0.000000,0.000000,0.000000,0.000000,0.000000,0.000000,0.000000,0.000000,0.000000,0.000033,0.000000,0.000000,0.000000,0.000000,0.000000,0.000000,0.000000,0.000000,0.000000,0.000000,0.000000,0.000000,0.000016,0.000000,0.000000,0.000000,0.000000,0.000000,0.000000,0.000000,0.000000,0.000000,0.000000,0.000000,0.000000,0.000000,0.000000,0.000000,0.000000,0.000000,0.000000,0.000000,0.000000,0.000000,0.000000,0.000000,0.000000,0.000000,0.000000,0.000016,0.000000,0.000000,0.000000,0.000000,0.000000,0.000000,0.000000,0.000000,0.000000,0.000000,0.000000,0.000000,0.000000,0.000000,0.000000,0.000000,0.000000,0.000000,0.000000,0.000000,0.000000,0.000000,0.000000,0.000000,0.000016,0.000000,0.000000,0.000033,0.000000,0.000000,0.000000,0.000000,0.000016,0.000000,0.000000,0.000000,0.000000,0.000000,0.000000,0.000000,0.000000,0.000000,0.000000,0.000000,0.000000,0.000000,0.000000,0.000000,0.000016,0.000000,0.000000,0.000000,0.000000,0.000000,0.000000,0.000000,0.000000,0.000000,0.000000,0.000000,0.000000,0.000000,0.000016,0.000000,0.000000,0.000016,0.000000,0.000000,0.000000,0.000000,0.000000,0.000000,0.000000,0.000000,0.000000,0.000000,0.000000,0.000000,0.000016,0.000016,0.000016,0.000000,0.000000,0.000000,0.000016,0.000000,0.000000,0.000000,0.000000,0.000000,0.000000,0.000000,0.000000,0.000000,0.000000,0.000000,0.000000,0.000000,0.000000,0.000000,0.000000,0.000000,0.000000,0.000000,0.000000,0.000000,0.000016,0.000000
0.215000,0.000344,0.000000,0.000000,0.000000,0.000000,0.000000,0.000000,0.000000,0.000000,0.000000,0.000000,0.000000,0.000000,0.000016,0.000000,0.000000,0.000000,0.000000,0.000000,0.000000,0.000000,0.000000,0.000000,0.000016,0.000000,0.000000,0.000000,0.000000,0.000000,0.000000,0.000000,0.000000,0.000000,0.000000,0.000000,0.000000,0.000000,0.000000,0.000016,0.000000,0.000000,0.000000,0.000000,0.000000,0.000000,0.000000,0.000000,0.000000,0.000000,0.000000,0.000000,0.000000,0.000000,0.000000,0.000000,0.000000,0.000000,0.000000,0.000000,0.000000,0.000000,0.000000,0.000000,0.000000,0.000000,0.000000,0.000000,0.000000,0.000000,0.000000,0.000000,0.000000,0.000000,0.000000,0.000000,0.000000,0.000000,0.000000,0.000000,0.000000,0.000000,0.000000,0.000000,0.000000,0.000000,0.000000,0.000000,0.000000,0.000000,0.000000,0.000000,0.000000,0.000000,0.000000,0.000000,0.000000,0.000000,0.000000,0.000000,0.000000,0.000000,0.000000,0.000000,0.000000,0.000000,0.000000,0.000000,0.000016,0.000000,0.000000,0.000000,0.000000,0.000000,0.000000,0.000000,0.000000,0.000000,0.000000,0.000000,0.000000,0.000000,0.000000,0.000000,0.000000,0.000016,0.000000,0.000000,0.000016,0.000000,0.000000,0.000016,0.000000,0.000016,0.000000,0.000000,0.000000,0.000000,0.000000,0.000000,0.000000,0.000016,0.000016,0.000000,0.000000,0.000000,0.000000,0.000000,0.000000,0.000000,0.000016,0.000000,0.000000,0.000000,0.000000,0.000016,0.000000,0.000000,0.000033,0.000000,0.000000,0.000016,0.000033,0.000000,0.000000,0.000000,0.000000,0.000016,0.000000,0.000000,0.000016,0.000016,0.000000,0.000000,0.000000,0.000000,0.000000,0.000000,0.000016,0.000000,0.000000,0.000000,0.000000,0.000000,0.000000,0.000000,0.000000
0.216000,0.000376,0.000000,0.000000,0.000000,0.000000,0.000000,0.000000,0.000000,0.000000,0.000000,0.000000,0.000000,0.000000,0.000000,0.000000,0.000016,0.000000,0.000000,0.000000,0.000000,0.000000,0.000000,0.000000,0.000000,0.000000,0.000000,0.000000,0.000000,0.000000,0.000000,0.000000,0.000000,0.000000,0.000000,0.000000,0.000000,0.000000,0.000000,0.000000,0.000016,0.000000,0.000000,0.000000,0.000000,0.000000,0.000000,0.000000,0.000000,0.000000,0.000000,0.000000,0.000000,0.000000,0.000000,0.000000,0.000000,0.000000,0.000000,0.000000,0.000000,0.000000,0.000000,0.000000,0.000000,0.000000,0.000000,0.000000,0.000000,0.000000,0.000000,0.000000,0.000000,0.000000,0.000000,0.000000,0.000000,0.000000,0.000000,0.000000,0.000000,0.000000,0.000000,0.000000,0.000000,0.000000,0.000000,0.000000,0.000000,0.000000,0.000000,0.000000,0.000000,0.000000,0.000000,0.000000,0.000000,0.000000,0.000000,0.000000,0.000016,0.000000,0.000000,0.000016,0.000016,0.000016,0.000000,0.000016,0.000000,0.000000,0.000000,0.000000,0.000000,0.000000,0.000000,0.000000,0.000000,0.000000,0.000000,0.000000,0.000000,0.000000,0.000000,0.000016,0.000000,0.000000,0.000000,0.000016,0.000000,0.000000,0.000000,0.000000,0.000016,0.000000,0.000000,0.000000,0.000000,0.000000,0.000000,0.000000,0.000000,0.000000,0.000000,0.000000,0.000000,0.000016,0.000000,0.000000,0.000000,0.000000,0.000000,0.000000,0.000000,0.000000,0.000016,0.000000,0.000033,0.000016,0.000016,0.000000,0.000000,0.000000,0.000000,0.000000,0.000016,0.000000,0.000000,0.000000,0.000000,0.000000,0.000000,0.000000,0.000016,0.000000,0.000016,0.000000,0.000000,0.000016,0.000000,0.000000,0.000016,0.000016,0.000000,0.000016,0.000000,0.000000,0.000000
0.217000,0.000376,0.000000,0.000000,0.000000,0.000000,0.000000,0.000000,0.000000,0.000000,0.000000,0.000000,0.000000,0.000016,0.000000,0.000000,0.000000,0.000000,0.000000,0.000000,0.000000,0.000000,0.000000,0.000000,0.000000,0.000000,0.000000,0.000000,0.000000,0.000000,0.000000,0.000000,0.000000,0.000000,0.000000,0.000000,0.000000,0.000000,0.000000,0.000016,0.000000,0.000000,0.000000,0.000000,0.000000,0.000000,0.000000,0.000000,0.000000,0.000000,0.000000,0.000016,0.000000,0.000000,0.000000,0.000016,0.000000,0.000000,0.000000,0.000000,0.000000,0.000000,0.000000,0.000000,0.000000,0.000000,0.000000,0.000000,0.000000,0.000000,0.000016,0.000000,0.000000,0.000000,0.000000,0.000000,0.000000,0.000000,0.000000,0.000000,0.000000,0.000016,0.000000,0.000000,0.000000,0.000000,0.000000,0.000000,0.000000,0.000000,0.000000,0.000000,0.000000,0.000000,0.000000,0.000000,0.000000,0.000000,0.000000,0.000000,0.000016,0.000016,0.000000,0.000000,0.000016,0.000000,0.000000,0.000000,0.000000,0.000000,0.000000,0.000000,0.000000,0.000000,0.000000,0.000000,0.000000,0.000000,0.000000,0.000000,0.000000,0.000000,0.000000,0.000000,0.000016,0.000000,0.000000,0.000016,0.000016,0.000000,0.000000,0.000000,0.000000,0.000000,0.000000,0.000000,0.000016,0.000016,0.000016,0.000000,0.000000,0.000000,0.000000,0.000000,0.000016,0.000000,0.000000,0.000016,0.000016,0.000000,0.000000,0.000000,0.000000,0.000000,0.000000,0.000000,0.000000,0.000000,0.000016,0.000000,0.000016,0.000000,0.000000,0.000016,0.000000,0.000000,0.000000,0.000000,0.000000,0.000000,0.000000,0.000000,0.000000,0.000016,0.000000,0.000000,0.000000,0.000000,0.000000,0.000016,0.000000,0.000000,0.000000,0.000000,0.000000,0.000000,0.000000
0.218000,0.000262,0.000000,0.000000,0.000000,0.000000,0.000000,0.000000,0.000000,0.000000,0.000000,0.000000,0.000016,0.000000,0.000000,0.000000,0.000000,0.000000,0.000000,0.000000,0.000000,0.000000,0.000016,0.000000,0.000000,0.000000,0.000000,0.000000,0.000000,0.000000,0.000000,0.000000,0.000000,0.000000,0.000000,0.000000,0.000000,0.000000,0.000000,0.000000,0.000000,0.000000,0.000000,0.000000,0.000000,0.000000,0.000000,0.000000,0.000000,0.000000,0.000000,0.000000,0.000000,0.000000,0.000000,0.000000,0.000000,0.000000,0.000000,0.000000,0.000000,0.000000,0.000000,0.000000,0.000000,0.000000,0.000000,0.000000,0.000000,0.000000,0.000000,0.000000,0.000000,0.000000,0.000000,0.000000,0.000000,0.000000,0.000000,0.000000,0.000000,0.000000,0.000000,0.000000,0.000000,0.000000,0.000000,0.000000,0.000000,0.000000,0.000000,0.000000,0.000000,0.000000,0.000000,0.000000,0.000000,0.000000,0.000000,0.000000,0.000000,0.000016,0.000000,0.000000,0.000000,0.000000,0.000000,0.000000,0.000000,0.000000,0.000000,0.000000,0.000000,0.000000,0.000000,0.000000,0.000000,0.000000,0.000016,0.000000,0.000000,0.000000,0.000016,0.000000,0.000000,0.000033,0.000016,0.000000,0.000000,0.000000,0.000033,0.000000,0.000000,0.000000,0.000000,0.000000,0.000000,0.000000,0.000016,0.000000,0.000000,0.000000,0.000000,0.000000,0.000000,0.000000,0.000000,0.000000,0.000000,0.000000,0.000000,0.000000,0.000000,0.000016,0.000016,0.000016,0.000000,0.000000,0.000000,0.000000,0.000000,0.000000,0.000000,0.000000,0.000000,0.000000,0.000000,0.000000,0.000000,0.000000,0.000000,0.000000,0.000000,0.000000,0.000016,0.000000,0.000000,0.000000,0.000000,0.000000,0.000000,0.000000,0.000000,0.000000,0.000016,0.000000,0.000000
0.219000,0.000311,0.000000,0.000000,0.000000,0.000000,0.000000,0.000000,0.000000,0.000000,0.000000,0.000000,0.000000,0.000000,0.000000,0.000000,0.000000,0.000000,0.000000,0.000000,0.000000,0.000000,0.000000,0.000000,0.000000,0.000000,0.000000,0.000000,0.000000,0.000000,0.000000,0.000000,0.000000,0.000000,0.000000,0.000000,0.000000,0.000000,0.000000,0.000000,0.000016,0.000000,0.000000,0.000000,0.000000,0.000000,0.000000,0.000000,0.000000,0.000000,0.000000,0.000000,0.000000,0.000000,0.000000,0.000000,0.000000,0.000000,0.000000,0.000000,0.000000,0.000000,0.000000,0.000000,0.000000,0.000000,0.000000,0.000000,0.000000,0.000000,0.000000,0.000000,0.000000,0.000000,0.000000,0.000000,0.000000,0.000000,0.000000,0.000000,0.000000,0.000000,0.000000,0.000000,0.000000,0.000000,0.000000,0.000000,0.000000,0.000000,0.000000,0.000000,0.000000,0.000000,0.000000,0.000000,0.000000,0.000000,0.000000,0.000000,0.000000,0.000000,0.000000,0.000000,0.000000,0.000000,0.000000,0.000000,0.000000,0.000000,0.000000,0.000000,0.000000,0.000016,0.000000,0.000000,0.000000,0.000000,0.000016,0.000000,0.000000,0.000000,0.000000,0.000016,0.000000,0.000000,0.000000,0.000000,0.000000,0.000000,0.000016,0.000000,0.000000,0.000000,0.000016,0.000016,0.000000,0.000000,0.000000,0.000016,0.000000,0.000000,0.000000,0.000000,0.000000,0.000000,0.000000,0.000000,0.000016,0.000000,0.000000,0.000000,0.000000,0.000000,0.000000,0.000000,0.000016,0.000000,0.000000,0.000000,0.000016,0.000000,0.000000,0.000016,0.000000,0.000000,0.000016,0.000000,0.000000,0.000016,0.000000,0.000016,0.000000,0.000016,0.000000,0.000000,0.000000,0.000000,0.000000,0.000000,0.000016,0.000016,0.000000,0.000000,0.000000,0.000000,0.000016
0.220000,0.000426,0.000000,0.000000,0.000000,0.000000,0.000000,0.000000,0.000000,0.000000,0.000000,0.000000,0.000000,0.000000,0.000000,0.000000,0.000016,0.000000,0.000000,0.000000,0.000000,0.000000,0.000000,0.000000,0.000000,0.000000,0.000000,0.000000,0.000016,0.000016,0.000000,0.000000,0.000000,0.000000,0.000000,0.000000,0.000000,0.000000,0.000000,0.000000,0.000000,0.000000,0.000000,0.000000,0.000016,0.000016,0.000000,0.000000,0.000000,0.000000,0.000000,0.000000,0.000000,0.000000,0.000000,0.000000,0.000000,0.000000,0.000000,0.000016,0.000000,0.000000,0.000000,0.000000,0.000000,0.000000,0.000000,0.000000,0.000000,0.000000,0.000000,0.000000,0.000000,0.000000,0.000000,0.000000,0.000000,0.000000,0.000000,0.000000,0.000000,0.000000,0.000000,0.000000,0.000000,0.000000,0.000000,0.000000,0.000000,0.000000,0.000000,0.000000,0.000000,0.000000,0.000000,0.000000,0.000000,0.000000,0.000016,0.000000,0.000000,0.000016,0.000016,0.000000,0.000000,0.000016,0.000016,0.000000,0.000000,0.000000,0.000000,0.000000,0.000000,0.000000,0.000000,0.000000,0.000000,0.000016,0.000000,0.000000,0.000000,0.000000,0.000000,0.000016,0.000000,0.000000,0.000000,0.000016,0.000000,0.000016,0.000000,0.000000,0.000000,0.000033,0.000016,0.000000,0.000016,0.000000,0.000000,0.000016,0.000000,0.000000,0.000016,0.000000,0.000000,0.000000,0.000000,0.000000,0.000000,0.000000,0.000016,0.000016,0.000000,0.000000,0.000000,0.000000,0.000000,0.000000,0.000000,0.000000,0.000000,0.000000,0.000000,0.000000,0.000016,0.000000,0.000000,0.000016,0.000016,0.000000,0.000000,0.000000,0.000000,0.000000,0.000000,0.000000,0.000000,0.000000,0.000000,0.000000,0.000000,0.000000,0.000000,0.000000,0.000000,0.000000,0.000000
0.221000,0.000213,0.000000,0.000000,0.000000,0.000000,0.000000,0.000000,0.000016,0.000000,0.000016,0.000000,0.000000,0.000000,0.000000,0.000000,0.000000,0.000000,0.000000,0.000000,0.000000,0.000000,0.000000,0.000016,0.000000,0.000000,0.000000,0.000000,0.000000,0.000000,0.000000,0.000000,0.000000,0.000000,0.000000,0.000000,0.000000,0.000000,0.000000,0.000000,0.000000,0.000000,0.000000,0.000000,0.000000,0.000000,0.000000,0.000000,0.000000,0.000000,0.000000,0.000000,0.000000,0.000000,0.000000,0.000000,0.000000,0.000000,0.000000,0.000000,0.000000,0.000000,0.000000,0.000000,0.000000,0.000000,0.000000,0.000000,0.000000,0.000000,0.000000,0.000000,0.000000,0.000000,0.000000,0.000000,0.000000,0.000000,0.000000,0.000000,0.000000,0.000000,0.000000,0.000000,0.000000,0.000000,0.000000,0.000000,0.000000,0.000000,0.000000,0.000000,0.000000,0.000000,0.000000,0.000000,0.000000,0.000000,0.000000,0.000000,0.000000,0.000016,0.000000,0.000000,0.000000,0.000000,0.000000,0.000000,0.000000,0.000016,0.000000,0.000000,0.000000,0.000000,0.000000,0.000000,0.000000,0.000000,0.000000,0.000000,0.000000,0.000000,0.000000,0.000016,0.000000,0.000016,0.000000,0.000000,0.000000,0.000000,0.000000,0.000000,0.000000,0.000000,0.000000,0.000000,0.000000,0.000016,0.000000,0.000000,0.000033,0.000000,0.000000,0.000000,0.000016,0.000000,0.000000,0.000000,0.000000,0.000000,0.000000,0.000000,0.000000,0.000000,0.000000,0.000000,0.000016,0.000000,0.000000,0.000000,0.000000,0.000000,0.000000,0.000000,0.000000,0.000000,0.000000,0.000000,0.000000,0.000016,0.000000,0.000000,0.000000,0.000000,0.000000,0.000000,0.000000,0.000000,0.000000,0.000000,0.000000,0.000000,0.000000,0.000000,0.000000,0.000000,0.000000
0.222000,0.000393,0.000000,0.000000,0.000000,0.000000,0.000000,0.000000,0.000000,0.000000,0.000000,0.000000,0.000000,0.000000,0.000000,0.000016,0.000000,0.000000,0.000000,0.000000,0.000000,0.000000,0.000000,0.000000,0.000000,0.000000,0.000000,0.000000,0.000000,0.000000,0.000016,0.000016,0.000000,0.000000,0.000000,0.000000,0.000000,0.000000,0.000000,0.000000,0.000000,0.000000,0.000000,0.000000,0.000000,0.000000,0.000000,0.000000,0.000016,0.000000,0.000000,0.000000,0.000000,0.000000,0.000000,0.000000,0.000000,0.000000,0.000000,0.000000,0.000000,0.000000,0.000000,0.000000,0.000000,0.000000,0.000000,0.000000,0.000000,0.000000,0.000000,0.000000,0.000000,0.000000,0.000000,0.000000,0.000000,0.000000,0.000000,0.000000,0.000000,0.000000,0.000000,0.000000,0.000000,0.000000,0.000000,0.000000,0.000000,0.000000,0.000000,0.000000,0.000000,0.000000,0.000000,0.000000,0.000000,0.000000,0.000016,0.000000,0.000000,0.000016,0.000000,0.000000,0.000016,0.000000,0.000000,0.000000,0.000000,0.000016,0.000000,0.000000,0.000016,0.000000,0.000000,0.000000,0.000000,0.000000,0.000016,0.000000,0.000016,0.000000,0.000000,0.000016,0.000000,0.000000,0.000000,0.000000,0.000000,0.000016,0.000000,0.000000,0.000000,0.000000,0.000033,0.000000,0.000000,0.000000,0.000000,0.000000,0.000016,0.000000,0.000000,0.000000,0.000016,0.000000,0.000000,0.000000,0.000000,0.000000,0.000000,0.000000,0.000000,0.000016,0.000000,0.000000,0.000000,0.000000,0.000000,0.000016,0.000000,0.000000,0.000000,0.000000,0.000016,0.000000,0.000016,0.000016,0.000016,0.000000,0.000000,0.000000,0.000000,0.000000,0.000000,0.000000,0.000000,0.000000,0.000016,0.000000,0.000000,0.000000,0.000000,0.000000,0.000000,0.000000,0.000000
0.223000,0.000344,0.000000,0.000000,0.000000,0.000000,0.000000,0.000000,0.000000,0.000016,0.000000,0.000000,0.000000,0.000000,0.000000,0.000000,0.000000,0.000000,0.000016,0.000000,0.000000,0.000000,0.000000,0.000016,0.000000,0.000000,0.000000,0.000016,0.000000,0.000000,0.000000,0.000000,0.000000,0.000000,0.000000,0.000000,0.000000,0.000000,0.000000,0.000000,0.000000,0.000000,0.000000,0.000000,0.000000,0.000000,0.000000,0.000000,0.000000,0.000000,0.000000,0.000000,0.000000,0.000000,0.000000,0.000000,0.000000,0.000000,0.000000,0.000000,0.000000,0.000000,0.000000,0.000000,0.000000,0.000000,0.000000,0.000000,0.000000,0.000000,0.000000,0.000000,0.000000,0.000000,0.000000,0.000000,0.000000,0.000000,0.000000,0.000000,0.000000,0.000000,0.000000,0.000000,0.000000,0.000000,0.000000,0.000000,0.000000,0.000000,0.000000,0.000000,0.000000,0.000000,0.000000,0.000000,0.000000,0.000000,0.000000,0.000000,0.000000,0.000000,0.000000,0.000000,0.000000,0.000000,0.000016,0.000000,0.000049,0.000000,0.000000,0.000000,0.000000,0.000000,0.000016,0.000000,0.000000,0.000000,0.000000,0.000000,0.000000,0.000000,0.000000,0.000000,0.000000,0.000000,0.000000,0.000016,0.000016,0.000000,0.000000,0.000000,0.000000,0.000000,0.000000,0.000000,0.000016,0.000016,0.000000,0.000000,0.000000,0.000000,0.000000,0.000000,0.000016,0.000000,0.000000,0.000000,0.000000,0.000033,0.000000,0.000016,0.000000,0.000000,0.000000,0.000000,0.000000,0.000000,0.000000,0.000000,0.000000,0.000016,0.000000,0.000000,0.000000,0.000000,0.000000,0.000000,0.000000,0.000000,0.000000,0.000000,0.000000,0.000000,0.000000,0.000000,0.000000,0.000016,0.000000,0.000016,0.000016,0.000000,0.000000,0.000000,0.000000,0.000000,0.000000
0.224000,0.000409,0.000000,0.000000,0.000000,0.000000,0.000000,0.000000,0.000000,0.000016,0.000000,0.000000,0.000000,0.000000,0.000000,0.000000,0.000000,0.000000,0.000000,0.000000,0.000000,0.000000,0.000000,0.000000,0.000000,0.000000,0.000000,0.000000,0.000000,0.000000,0.000000,0.000000,0.000000,0.000000,0.000000,0.000000,0.000000,0.000000,0.000000,0.000000,0.000000,0.000000,0.000000,0.000000,0.000000,0.000000,0.000000,0.000000,0.000016,0.000000,0.000000,0.000000,0.000000,0.000000,0.000000,0.000000,0.000000,0.000000,0.000000,0.000000,0.000000,0.000000,0.000000,0.000000,0.000000,0.000000,0.000000,0.000000,0.000000,0.000000,0.000000,0.000000,0.000000,0.000000,0.000000,0.000000,0.000000,0.000000,0.000000,0.000000,0.000000,0.000000,0.000000,0.000000,0.000000,0.000000,0.000000,0.000000,0.000000,0.000000,0.000000,0.000000,0.000000,0.000000,0.000000,0.000000,0.000000,0.000000,0.000000,0.000000,0.000016,0.000016,0.000000,0.000000,0.000000,0.000016,0.000000,0.000000,0.000016,0.000016,0.000000,0.000000,0.000000,0.000000,0.000016,0.000000,0.000016,0.000016,0.000000,0.000000,0.000016,0.000000,0.000000,0.000016,0.000000,0.000000,0.000016,0.000000,0.000016,0.000000,0.000000,0.000000,0.000000,0.000016,0.000000,0.000000,0.000000,0.000000,0.000000,0.000000,0.000049,0.000000,0.000000,0.000000,0.000000,0.000000,0.000000,0.000016,0.000000,0.000000,0.000000,0.000000,0.000000,0.000000,0.000000,0.000016,0.000000,0.000000,0.000000,0.000000,0.000000,0.000000,0.000000,0.000000,0.000000,0.000000,0.000000,0.000000,0.000000,0.000000,0.000000,0.000000,0.000000,0.000000,0.000000,0.000000,0.000000,0.000000,0.000016,0.000000,0.000000,0.000000,0.000033,0.000016,0.000000,0.000016,0.000000
0.225000,0.000229,0.000000,0.000000,0.000000,0.000000,0.000000,0.000000,0.000000,0.000000,0.000000,0.000000,0.000000,0.000000,0.000000,0.000000,0.000000,0.000000,0.000000,0.000000,0.000000,0.000000,0.000000,0.000000,0.000000,0.000000,0.000000,0.000000,0.000000,0.000000,0.000000,0.000000,0.000000,0.000000,0.000000,0.000000,0.000000,0.000000,0.000000,0.000000,0.000000,0.000000,0.000000,0.000000,0.000000,0.000000,0.000000,0.000000,0.000000,0.000000,0.000000,0.000000,0.000000,0.000000,0.000000,0.000000,0.000000,0.000000,0.000000,0.000000,0.000000,0.000000,0.000000,0.000000,0.000000,0.000000,0.000000,0.000000,0.000000,0.000000,0.000000,0.000000,0.000000,0.000000,0.000000,0.000000,0.000000,0.000000,0.000000,0.000000,0.000000,0.000000,0.000000,0.000000,0.000000,0.000000,0.000000,0.000000,0.000000,0.000000,0.000000,0.000000,0.000016,0.000000,0.000000,0.000000,0.000000,0.000000,0.000000,0.000000,0.000016,0.000000,0.000000,0.000000,0.000000,0.000000,0.000016,0.000000,0.000000,0.000000,0.000000,0.000000,0.000000,0.000000,0.000000,0.000000,0.000000,0.000000,0.000016,0.000000,0.000000,0.000000,0.000000,0.000000,0.000000,0.000000,0.000000,0.000000,0.000000,0.000000,0.000000,0.000000,0.000000,0.000000,0.000000,0.000000,0.000016,0.000016,0.000000,0.000000,0.000000,0.000000,0.000000,0.000000,0.000000,0.000000,0.000000,0.000000,0.000000,0.000000,0.000000,0.000000,0.000000,0.000016,0.000016,0.000000,0.000000,0.000000,0.000000,0.000000,0.000000,0.000000,0.000000,0.000000,0.000000,0.000000,0.000000,0.000016,0.000000,0.000000,0.000000,0.000000,0.000000,0.000016,0.000000,0.000000,0.000000,0.000000,0.000000,0.000000,0.000016,0.000016,0.000000,0.000016,0.000000,0.000000,0.000016
0.226000,0.000229,0.000000,0.000000,0.000000,0.000000,0.000000,0.000000,0.000000,0.000000,0.000016,0.000000,0.000000,0.000000,0.000000,0.000000,0.000000,0.000000,0.000000,0.000000,0.000000,0.000000,0.000000,0.000000,0.000000,0.000000,0.000000,0.000000,0.000000,0.000000,0.000000,0.000000,0.000000,0.000000,0.000000,0.000000,0.000000,0.000000,0.000000,0.000000,0.000000,0.000016,0.000000,0.000000,0.000000,0.000000,0.000000,0.000000,0.000000,0.000000,0.000000,0.000000,0.000000,0.000000,0.000000,0.000000,0.000000,0.000000,0.000000,0.000000,0.000000,0.000000,0.000000,0.000000,0.000000,0.000000,0.000000,0.000000,0.000000,0.000000,0.000000,0.000000,0.000000,0.000000,0.000000,0.000000,0.000000,0.000000,0.000000,0.000000,0.000000,0.000000,0.000000,0.000000,0.000000,0.000000,0.000000,0.000000,0.000000,0.000000,0.000000,0.000000,0.000016,0.000000,0.000000,0.000000,0.000000,0.000000,0.000000,0.000000,0.000000,0.000000,0.000000,0.000000,0.000000,0.000000,0.000000,0.000000,0.000000,0.000000,0.000000,0.000000,0.000000,0.000000,0.000016,0.000000,0.000016,0.000000,0.000000,0.000000,0.000000,0.000000,0.000000,0.000000,0.000000,0.000000,0.000000,0.000000,0.000000,0.000016,0.000000,0.000000,0.000000,0.000000,0.000016,0.000000,0.000000,0.000000,0.000000,0.000000,0.000000,0.000000,0.000000,0.000000,0.000016,0.000000,0.000000,0.000000,0.000000,0.000016,0.000000,0.000016,0.000000,0.000000,0.000000,0.000000,0.000000,0.000016,0.000000,0.000000,0.000000,0.000016,0.000000,0.000000,0.000000,0.000000,0.000000,0.000000,0.000000,0.000000,0.000016,0.000000,0.000000,0.000000,0.000000,0.000000,0.000000,0.000000,0.000000,0.000000,0.000000,0.000000,0.000000,0.000000,0.000000,0.000016,0.000000
0.227000,0.000295,0.000000,0.000000,0.000000,0.000000,0.000000,0.000000,0.000000,0.000000,0.000000,0.000000,0.000000,0.000016,0.000000,0.000000,0.000000,0.000000,0.000000,0.000000,0.000000,0.000016,0.000000,0.000000,0.000000,0.000000,0.000000,0.000000,0.000000,0.000000,0.000000,0.000000,0.000016,0.000000,0.000000,0.000000,0.000000,0.000000,0.000000,0.000000,0.000016,0.000000,0.000000,0.000000,0.000000,0.000000,0.000000,0.000000,0.000000,0.000000,0.000000,0.000000,0.000000,0.000000,0.000000,0.000000,0.000000,0.000000,0.000000,0.000000,0.000000,0.000000,0.000000,0.000000,0.000000,0.000000,0.000000,0.000000,0.000000,0.000000,0.000000,0.000000,0.000000,0.000000,0.000000,0.000000,0.000000,0.000000,0.000000,0.000000,0.000000,0.000000,0.000000,0.000000,0.000000,0.000000,0.000000,0.000000,0.000000,0.000000,0.000000,0.000000,0.000000,0.000000,0.000000,0.000000,0.000000,0.000000,0.000016,0.000000,0.000016,0.000000,0.000000,0.000000,0.000000,0.000000,0.000000,0.000000,0.000000,0.000000,0.000000,0.000000,0.000000,0.000000,0.000016,0.000000,0.000000,0.000000,0.000000,0.000000,0.000000,0.000000,0.000000,0.000000,0.000000,0.000000,0.000000,0.000000,0.000016,0.000000,0.000016,0.000000,0.000000,0.000000,0.000000,0.000016,0.000000,0.000000,0.000016,0.000000,0.000000,0.000000,0.000000,0.000000,0.000000,0.000000,0.000000,0.000000,0.000016,0.000000,0.000000,0.000000,0.000000,0.000000,0.000000,0.000000,0.000000,0.000000,0.000000,0.000000,0.000000,0.000016,0.000000,0.000000,0.000016,0.000000,0.000000,0.000000,0.000016,0.000016,0.000000,0.000000,0.000000,0.000000,0.000000,0.000000,0.000000,0.000016,0.000000,0.000000,0.000000,0.000000,0.000000,0.000000,0.000000,0.000000,0.000016
0.228000,0.000311,0.000000,0.000000,0.000000,0.000000,0.000016,0.000016,0.000000,0.000016,0.000000,0.000000,0.000000,0.000000,0.000000,0.000000,0.000000,0.000000,0.000000,0.000000,0.000000,0.000000,0.000000,0.000000,0.000000,0.000000,0.000016,0.000000,0.000000,0.000000,0.000000,0.000000,0.000000,0.000000,0.000000,0.000016,0.000000,0.000000,0.000000,0.000000,0.000000,0.000000,0.000000,0.000000,0.000000,0.000000,0.000000,0.000000,0.000000,0.000000,0.000000,0.000000,0.000000,0.000000,0.000000,0.000000,0.000000,0.000000,0.000000,0.000016,0.000000,0.000000,0.000000,0.000000,0.000000,0.000000,0.000000,0.000000,0.000000,0.000000,0.000000,0.000000,0.000000,0.000000,0.000000,0.000000,0.000000,0.000000,0.000000,0.000000,0.000000,0.000000,0.000000,0.000000,0.000000,0.000000,0.000000,0.000000,0.000000,0.000000,0.000000,0.000000,0.000000,0.000000,0.000000,0.000000,0.000000,0.000000,0.000000,0.000000,0.000000,0.000000,0.000000,0.000000,0.000000,0.000000,0.000000,0.000000,0.000000,0.000000,0.000000,0.000000,0.000000,0.000000,0.000000,0.000000,0.000000,0.000000,0.000000,0.000000,0.000000,0.000000,0.000016,0.000000,0.000000,0.000016,0.000000,0.000033,0.000000,0.000016,0.000000,0.000000,0.000000,0.000000,0.000000,0.000016,0.000000,0.000016,0.000000,0.000000,0.000000,0.000000,0.000016,0.000016,0.000000,0.000000,0.000000,0.000000,0.000000,0.000000,0.000000,0.000016,0.000000,0.000000,0.000000,0.000000,0.000000,0.000016,0.000000,0.000000,0.000000,0.000000,0.000000,0.000000,0.000016,0.000000,0.000000,0.000000,0.000000,0.000000,0.000000,0.000016,0.000000,0.000000,0.000000,0.000000,0.000000,0.000000,0.000000,0.000000,0.000000,0.000000,0.000000,0.000000,0.000000,0.000000,0.000000
0.229000,0.000213,0.000000,0.000000,0.000016,0.000000,0.000016,0.000000,0.000000,0.000000,0.000000,0.000000,0.000000,0.000000,0.000000,0.000000,0.000000,0.000000,0.000000,0.000000,0.000000,0.000000,0.000000,0.000000,0.000000,0.000000,0.000000,0.000000,0.000000,0.000000,0.000000,0.000000,0.000000,0.000000,0.000000,0.000000,0.000000,0.000000,0.000000,0.000000,0.000000,0.000016,0.000000,0.000000,0.000000,0.000000,0.000000,0.000000,0.000000,0.000000,0.000000,0.000000,0.000000,0.000000,0.000000,0.000000,0.000000,0.000000,0.000000,0.000000,0.000000,0.000000,0.000000,0.000000,0.000000,0.000000,0.000000,0.000000,0.000000,0.000000,0.000000,0.000000,0.000000,0.000000,0.000000,0.000000,0.000000,0.000000,0.000000,0.000000,0.000000,0.000000,0.000000,0.000000,0.000000,0.000000,0.000000,0.000000,0.000000,0.000000,0.000000,0.000000,0.000000,0.000000,0.000000,0.000000,0.000000,0.000000,0.000000,0.000000,0.000000,0.000016,0.000000,0.000000,0.000000,0.000000,0.000016,0.000000,0.000000,0.000000,0.000000,0.000000,0.000000,0.000000,0.000000,0.000000,0.000000,0.000000,0.000000,0.000000,0.000000,0.000000,0.000000,0.000000,0.000000,0.000016,0.000000,0.000000,0.000000,0.000000,0.000000,0.000000,0.000000,0.000000,0.000000,0.000000,0.000000,0.000016,0.000000,0.000000,0.000000,0.000000,0.000000,0.000000,0.000000,0.000000,0.000000,0.000000,0.000000,0.000000,0.000000,0.000000,0.000000,0.000000,0.000000,0.000000,0.000000,0.000000,0.000000,0.000016,0.000016,0.000016,0.000000,0.000000,0.000016,0.000000,0.000000,0.000000,0.000016,0.000000,0.000000,0.000000,0.000000,0.000000,0.000000,0.000000,0.000016,0.000000,0.000000,0.000000,0.000000,0.000000,0.000000,0.000000,0.000000,0.000000,0.000000
0.230000,0.000278,0.000000,0.000000,0.000000,0.000000,0.000000,0.000016,0.000000,0.000000,0.000000,0.000016,0.000000,0.000000,0.000016,0.000000,0.000016,0.000000,0.000000,0.000000,0.000000,0.000000,0.000000,0.000000,0.000000,0.000000,0.000016,0.000000,0.000000,0.000000,0.000000,0.000000,0.000000,0.000000,0.000000,0.000000,0.000000,0.000000,0.000000,0.000000,0.000000,0.000000,0.000000,0.000000,0.000000,0.000000,0.000000,0.000000,0.000000,0.000000,0.000000,0.000000,0.000000,0.000000,0.000000,0.000000,0.000000,0.000000,0.000000,0.000000,0.000000,0.000000,0.000000,0.000000,0.000000,0.000000,0.000000,0.000000,0.000000,0.000000,0.000000,0.000000,0.000000,0.000000,0.000000,0.000000,0.000000,0.000000,0.000000,0.000000,0.000000,0.000000,0.000000,0.000000,0.000000,0.000000,0.000000,0.000000,0.000000,0.000000,0.000000,0.000000,0.000016,0.000000,0.000000,0.000000,0.000000,0.000000,0.000000,0.000000,0.000000,0.000000,0.000000,0.000000,0.000000,0.000000,0.000016,0.000000,0.000000,0.000000,0.000000,0.000000,0.000000,0.000000,0.000000,0.000000,0.000000,0.000000,0.000000,0.000000,0.000033,0.000000,0.000016,0.000000,0.000000,0.000000,0.000000,0.000000,0.000016,0.000000,0.000000,0.000000,0.000000,0.000000,0.000000,0.000000,0.000000,0.000000,0.000000,0.000000,0.000000,0.000000,0.000000,0.000000,0.000000,0.000000,0.000000,0.000000,0.000000,0.000000,0.000016,0.000000,0.000000,0.000016,0.000000,0.000000,0.000000,0.000000,0.000000,0.000000,0.000016,0.000000,0.000000,0.000016,0.000000,0.000000,0.000000,0.000000,0.000016,0.000000,0.000000,0.000016,0.000000,0.000000,0.000000,0.000000,0.000000,0.000000,0.000000,0.000000,0.000000,0.000000,0.000000,0.000000,0.000000,0.000000,0.000000
0.231000,0.000278,0.000000,0.000016,0.000000,0.000000,0.000000,0.000000,0.000000,0.000000,0.000000,0.000000,0.000000,0.000000,0.000000,0.000000,0.000000,0.000000,0.000000,0.000000,0.000000,0.000000,0.000000,0.000000,0.000000,0.000000,0.000000,0.000000,0.000000,0.000000,0.000000,0.000000,0.000000,0.000000,0.000000,0.000000,0.000000,0.000000,0.000000,0.000000,0.000000,0.000000,0.000016,0.000016,0.000000,0.000000,0.000000,0.000000,0.000000,0.000000,0.000000,0.000000,0.000000,0.000000,0.000000,0.000000,0.000000,0.000000,0.000000,0.000000,0.000000,0.000000,0.000000,0.000000,0.000000,0.000000,0.000000,0.000000,0.000000,0.000000,0.000000,0.000000,0.000000,0.000000,0.000000,0.000000,0.000000,0.000000,0.000000,0.000000,0.000000,0.000000,0.000000,0.000000,0.000000,0.000000,0.000000,0.000000,0.000000,0.000000,0.000000,0.000000,0.000000,0.000000,0.000000,0.000000,0.000000,0.000000,0.000000,0.000000,0.000000,0.000000,0.000000,0.000000,0.000000,0.000016,0.000000,0.000033,0.000000,0.000000,0.000000,0.000000,0.000000,0.000000,0.000000,0.000000,0.000000,0.000000,0.000000,0.000000,0.000000,0.000000,0.000000,0.000000,0.000016,0.000000,0.000000,0.000000,0.000000,0.000000,0.000000,0.000016,0.000000,0.000000,0.000000,0.000000,0.000000,0.000000,0.000000,0.000000,0.000000,0.000000,0.000000,0.000000,0.000000,0.000016,0.000000,0.000000,0.000000,0.000000,0.000016,0.000000,0.000016,0.000000,0.000000,0.000000,0.000000,0.000000,0.000000,0.000000,0.000000,0.000000,0.000000,0.000000,0.000000,0.000000,0.000016,0.000016,0.000000,0.000000,0.000000,0.000016,0.000000,0.000000,0.000016,0.000000,0.000000,0.000000,0.000000,0.000033,0.000000,0.000000,0.000000,0.000000,0.000000,0.000000,0.000000
0.232000,0.000098,0.000000,0.000000,0.000000,0.000000,0.000000,0.000000,0.000000,0.000000,0.000000,0.000000,0.000000,0.000000,0.000000,0.000000,0.000000,0.000000,0.000000,0.000000,0.000000,0.000000,0.000000,0.000000,0.000000,0.000000,0.000000,0.000000,0.000000,0.000000,0.000000,0.000000,0.000000,0.000000,0.000000,0.000000,0.000000,0.000000,0.000000,0.000000,0.000000,0.000000,0.000000,0.000000,0.000016,0.000000,0.000000,0.000000,0.000000,0.000000,0.000000,0.000000,0.000000,0.000000,0.000000,0.000000,0.000000,0.000000,0.000000,0.000000,0.000000,0.000000,0.000000,0.000000,0.000000,0.000000,0.000000,0.000000,0.000000,0.000000,0.000016,0.000000,0.000000,0.000000,0.000000,0.000000,0.000000,0.000000,0.000000,0.000000,0.000000,0.000016,0.000000,0.000000,0.000000,0.000000,0.000000,0.000000,0.000000,0.000000,0.000000,0.000000,0.000000,0.000000,0.000000,0.000000,0.000000,0.000000,0.000000,0.000000,0.000000,0.000000,0.000000,0.000000,0.000000,0.000000,0.000000,0.000000,0.000000,0.000000,0.000000,0.000016,0.000000,0.000000,0.000016,0.000000,0.000000,0.000000,0.000000,0.000000,0.000000,0.000000,0.000000,0.000000,0.000000,0.000000,0.000000,0.000000,0.000000,0.000000,0.000000,0.000000,0.000000,0.000000,0.000000,0.000000,0.000000,0.000000,0.000000,0.000000,0.000000,0.000000,0.000000,0.000000,0.000000,0.000000,0.000000,0.000000,0.000000,0.000000,0.000000,0.000000,0.000000,0.000000,0.000000,0.000000,0.000000,0.000000,0.000000,0.000000,0.000000,0.000000,0.000000,0.000000,0.000016,0.000000,0.000000,0.000000,0.000000,0.000000,0.000000,0.000000,0.000000,0.000000,0.000000,0.000000,0.000000,0.000000,0.000000,0.000000,0.000000,0.000000,0.000000,0.000000,0.000000,0.000000,0.000000
0.233000,0.000246,0.000000,0.000000,0.000000,0.000000,0.000000,0.000000,0.000000,0.000000,0.000000,0.000000,0.000016,0.000000,0.000000,0.000000,0.000000,0.000000,0.000000,0.000000,0.000000,0.000000,0.000000,0.000000,0.000000,0.000000,0.000000,0.000000,0.000000,0.000000,0.000000,0.000000,0.000000,0.000000,0.000000,0.000000,0.000000,0.000000,0.000000,0.000000,0.000000,0.000000,0.000000,0.000000,0.000000,0.000000,0.000000,0.000000,0.000000,0.000000,0.000000,0.000000,0.000000,0.000000,0.000000,0.000000,0.000000,0.000000,0.000000,0.000000,0.000000,0.000000,0.000000,0.000000,0.000000,0.000000,0.000000,0.000000,0.000000,0.000000,0.000000,0.000000,0.000000,0.000000,0.000000,0.000000,0.000000,0.000000,0.000000,0.000000,0.000000,0.000000,0.000000,0.000000,0.000000,0.000000,0.000000,0.000000,0.000000,0.000000,0.000000,0.000000,0.000016,0.000000,0.000000,0.000000,0.000000,0.000000,0.000000,0.000000,0.000000,0.000000,0.000000,0.000000,0.000000,0.000000,0.000016,0.000000,0.000000,0.000000,0.000000,0.000000,0.000000,0.000016,0.000000,0.000000,0.000016,0.000000,0.000000,0.000016,0.000016,0.000000,0.000000,0.000000,0.000000,0.000016,0.000016,0.000000,0.000000,0.000000,0.000000,0.000000,0.000000,0.000000,0.000000,0.000000,0.000000,0.000000,0.000016,0.000000,0.000000,0.000000,0.000000,0.000000,0.000000,0.000000,0.000000,0.000000,0.000000,0.000000,0.000000,0.000000,0.000000,0.000000,0.000016,0.000000,0.000000,0.000000,0.000000,0.000033,0.000000,0.000016,0.000000,0.000000,0.000000,0.000000,0.000000,0.000000,0.000000,0.000000,0.000000,0.000000,0.000000,0.000000,0.000000,0.000000,0.000000,0.000000,0.000000,0.000000,0.000000,0.000000,0.000016,0.000000,0.000000,0.000000,0.000000
0.234000,0.000246,0.000000,0.000000,0.000000,0.000000,0.000000,0.000000,0.000000,0.000000,0.000000,0.000000,0.000000,0.000000,0.000000,0.000000,0.000000,0.000000,0.000016,0.000000,0.000000,0.000000,0.000000,0.000016,0.000000,0.000000,0.000000,0.000000,0.000000,0.000000,0.000000,0.000000,0.000000,0.000000,0.000000,0.000000,0.000000,0.000000,0.000000,0.000000,0.000000,0.000000,0.000000,0.000000,0.000000,0.000000,0.000000,0.000000,0.000000,0.000000,0.000000,0.000000,0.000000,0.000000,0.000000,0.000000,0.000000,0.000000,0.000000,0.000000,0.000000,0.000000,0.000000,0.000000,0.000000,0.000000,0.000000,0.000000,0.000000,0.000000,0.000000,0.000000,0.000000,0.000000,0.000000,0.000000,0.000000,0.000000,0.000000,0.000000,0.000000,0.000000,0.000000,0.000000,0.000000,0.000000,0.000000,0.000000,0.000000,0.000000,0.000000,0.000000,0.000000,0.000000,0.000000,0.000000,0.000000,0.000000,0.000000,0.000000,0.000000,0.000000,0.000000,0.000000,0.000000,0.000000,0.000000,0.000000,0.000000,0.000000,0.000000,0.000000,0.000000,0.000016,0.000000,0.000000,0.000033,0.000000,0.000000,0.000000,0.000000,0.000000,0.000016,0.000000,0.000000,0.000000,0.000000,0.000016,0.000000,0.000000,0.000000,0.000016,0.000000,0.000000,0.000000,0.000000,0.000000,0.000000,0.000000,0.000000,0.000000,0.000000,0.000000,0.000000,0.000000,0.000000,0.000000,0.000000,0.000000,0.000000,0.000000,0.000000,0.000000,0.000000,0.000000,0.000000,0.000016,0.000000,0.000000,0.000000,0.000000,0.000000,0.000016,0.000000,0.000033,0.000000,0.000000,0.000000,0.000000,0.000016,0.000000,0.000000,0.000000,0.000000,0.000016,0.000000,0.000000,0.000000,0.000000,0.000000,0.000000,0.000000,0.000000,0.000016,0.000000,0.000000,0.000000
0.235000,0.000311,0.000000,0.000000,0.000000,0.000000,0.000000,0.000000,0.000000,0.000000,0.000000,0.000000,0.000000,0.000000,0.000000,0.000000,0.000000,0.000000,0.000000,0.000000,0.000000,0.000000,0.000000,0.000000,0.000000,0.000000,0.000000,0.000000,0.000000,0.000000,0.000000,0.000000,0.000000,0.000000,0.000000,0.000000,0.000016,0.000000,0.000000,0.000000,0.000000,0.000000,0.000000,0.000000,0.000000,0.000000,0.000000,0.000000,0.000000,0.000000,0.000000,0.000000,0.000000,0.000000,0.000000,0.000000,0.000000,0.000000,0.000000,0.000000,0.000000,0.000000,0.000000,0.000000,0.000000,0.000000,0.000000,0.000000,0.000000,0.000000,0.000000,0.000000,0.000000,0.000000,0.000000,0.000000,0.000000,0.000000,0.000000,0.000000,0.000000,0.000000,0.000000,0.000000,0.000000,0.000000,0.000000,0.000000,0.000000,0.000000,0.000000,0.000000,0.000000,0.000000,0.000000,0.000000,0.000000,0.000000,0.000000,0.000000,0.000000,0.000016,0.000016,0.000016,0.000000,0.000000,0.000000,0.000000,0.000000,0.000016,0.000000,0.000000,0.000016,0.000000,0.000016,0.000000,0.000000,0.000000,0.000000,0.000000,0.000000,0.000000,0.000000,0.000000,0.000000,0.000000,0.000000,0.000000,0.000000,0.000016,0.000016,0.000016,0.000000,0.000000,0.000016,0.000000,0.000000,0.000000,0.000016,0.000000,0.000016,0.000016,0.000000,0.000000,0.000000,0.000000,0.000000,0.000000,0.000016,0.000000,0.000000,0.000000,0.000000,0.000016,0.000000,0.000000,0.000000,0.000000,0.000000,0.000000,0.000000,0.000000,0.000000,0.000000,0.000000,0.000000,0.000000,0.000000,0.000000,0.000016,0.000000,0.000016,0.000016,0.000000,0.000000,0.000000,0.000000,0.000000,0.000000,0.000000,0.000000,0.000000,0.000000,0.000000,0.000000,0.000000,0.000000
0.236000,0.000295,0.000000,0.000000,0.000000,0.000000,0.000000,0.000000,0.000000,0.000000,0.000000,0.000000,0.000000,0.000000,0.000016,0.000000,0.000016,0.000016,0.000000,0.000000,0.000000,0.000000,0.000000,0.000000,0.000000,0.000000,0.000000,0.000000,0.000000,0.000000,0.000000,0.000000,0.000000,0.000000,0.000000,0.000000,0.000000,0.000000,0.000000,0.000000,0.000000,0.000000,0.000000,0.000000,0.000000,0.000000,0.000000,0.000000,0.000000,0.000000,0.000000,0.000000,0.000000,0.000000,0.000000,0.000000,0.000000,0.000000,0.000000,0.000000,0.000000,0.000000,0.000000,0.000000,0.000000,0.000000,0.000000,0.000000,0.000000,0.000000,0.000000,0.000000,0.000000,0.000000,0.000000,0.000000,0.000000,0.000000,0.000000,0.000000,0.000000,0.000000,0.000000,0.000000,0.000000,0.000000,0.000000,0.000000,0.000000,0.000000,0.000000,0.000000,0.000000,0.000000,0.000000,0.000000,0.000000,0.000000,0.000000,0.000000,0.000016,0.000000,0.000000,0.000000,0.000000,0.000000,0.000000,0.000000,0.000000,0.000016,0.000000,0.000000,0.000000,0.000000,0.000000,0.000000,0.000000,0.000000,0.000000,0.000016,0.000000,0.000000,0.000000,0.000000,0.000016,0.000000,0.000000,0.000000,0.000000,0.000000,0.000000,0.000000,0.000000,0.000016,0.000000,0.000000,0.000000,0.000000,0.000000,0.000000,0.000000,0.000000,0.000000,0.000000,0.000000,0.000000,0.000016,0.000000,0.000000,0.000016,0.000000,0.000000,0.000000,0.000000,0.000000,0.000000,0.000016,0.000016,0.000000,0.000000,0.000016,0.000000,0.000000,0.000000,0.000000,0.000000,0.000000,0.000000,0.000016,0.000033,0.000000,0.000016,0.000000,0.000000,0.000000,0.000000,0.000000,0.000016,0.000000,0.000000,0.000000,0.000000,0.000000,0.000000,0.000000,0.000000,0.000000
0.237000,0.000196,0.000000,0.000000,0.000000,0.000000,0.000000,0.000000,0.000016,0.000000,0.000000,0.000000,0.000000,0.000000,0.000000,0.000000,0.000000,0.000000,0.000000,0.000000,0.000000,0.000000,0.000000,0.000000,0.000000,0.000000,0.000000,0.000000,0.000000,0.000000,0.000000,0.000000,0.000000,0.000000,0.000000,0.000000,0.000000,0.000000,0.000000,0.000000,0.000000,0.000000,0.000000,0.000000,0.000000,0.000000,0.000000,0.000000,0.000000,0.000000,0.000000,0.000000,0.000000,0.000000,0.000000,0.000000,0.000016,0.000000,0.000000,0.000000,0.000000,0.000000,0.000000,0.000000,0.000000,0.000000,0.000000,0.000000,0.000000,0.000000,0.000016,0.000000,0.000000,0.000000,0.000000,0.000000,0.000000,0.000000,0.000000,0.000000,0.000000,0.000000,0.000000,0.000000,0.000000,0.000000,0.000000,0.000000,0.000000,0.000000,0.000000,0.000000,0.000000,0.000000,0.000000,0.000000,0.000000,0.000000,0.000000,0.000000,0.000000,0.000000,0.000000,0.000000,0.000000,0.000000,0.000000,0.000000,0.000000,0.000000,0.000000,0.000000,0.000000,0.000000,0.000000,0.000000,0.000000,0.000000,0.000000,0.000000,0.000000,0.000000,0.000016,0.000000,0.000000,0.000000,0.000000,0.000000,0.000000,0.000000,0.000000,0.000000,0.000000,0.000000,0.000000,0.000000,0.000000,0.000000,0.000000,0.000000,0.000000,0.000000,0.000000,0.000000,0.000000,0.000000,0.000033,0.000016,0.000000,0.000000,0.000016,0.000000,0.000000,0.000000,0.000000,0.000000,0.000000,0.000000,0.000000,0.000000,0.000000,0.000000,0.000000,0.000000,0.000000,0.000000,0.000000,0.000000,0.000016,0.000000,0.000016,0.000016,0.000000,0.000016,0.000000,0.000000,0.000000,0.000000,0.000000,0.000000,0.000000,0.000000,0.000000,0.000000,0.000000,0.000000,0.000000
0.238000,0.000213,0.000000,0.000000,0.000000,0.000000,0.000000,0.000000,0.000000,0.000000,0.000000,0.000016,0.000000,0.000000,0.000000,0.000000,0.000000,0.000000,0.000000,0.000000,0.000000,0.000000,0.000000,0.000000,0.000000,0.000000,0.000000,0.000016,0.000000,0.000000,0.000000,0.000000,0.000000,0.000000,0.000000,0.000000,0.000000,0.000000,0.000000,0.000000,0.000000,0.000000,0.000000,0.000000,0.000000,0.000000,0.000000,0.000000,0.000000,0.000000,0.000000,0.000000,0.000000,0.000000,0.000000,0.000000,0.000016,0.000000,0.000000,0.000000,0.000000,0.000000,0.000000,0.000000,0.000000,0.000000,0.000000,0.000000,0.000000,0.000000,0.000000,0.000000,0.000000,0.000000,0.000000,0.000000,0.000000,0.000000,0.000000,0.000000,0.000000,0.000000,0.000000,0.000000,0.000000,0.000000,0.000000,0.000000,0.000000,0.000000,0.000000,0.000000,0.000000,0.000000,0.000000,0.000000,0.000000,0.000000,0.000016,0.000000,0.000000,0.000000,0.000000,0.000000,0.000000,0.000000,0.000000,0.000000,0.000000,0.000000,0.000000,0.000000,0.000000,0.000000,0.000000,0.000000,0.000000,0.000000,0.000000,0.000000,0.000000,0.000000,0.000000,0.000000,0.000016,0.000000,0.000000,0.000000,0.000016,0.000000,0.000000,0.000016,0.000000,0.000000,0.000000,0.000016,0.000016,0.000000,0.000000,0.000000,0.000016,0.000000,0.000000,0.000000,0.000000,0.000000,0.000000,0.000000,0.000000,0.000000,0.000000,0.000000,0.000000,0.000000,0.000000,0.000000,0.000000,0.000000,0.000016,0.000000,0.000000,0.000000,0.000000,0.000000,0.000000,0.000000,0.000000,0.000000,0.000000,0.000000,0.000000,0.000000,0.000016,0.000000,0.000000,0.000000,0.000000,0.000000,0.000000,0.000000,0.000000,0.000000,0.000000,0.000000,0.000000,0.000016,0.000000
0.239000,0.000180,0.000000,0.000000,0.000000,0.000000,0.000000,0.000000,0.000000,0.000000,0.000000,0.000000,0.000000,0.000000,0.000000,0.000000,0.000000,0.000000,0.000000,0.000000,0.000000,0.000000,0.000000,0.000000,0.000000,0.000000,0.000016,0.000000,0.000000,0.000000,0.000000,0.000000,0.000000,0.000000,0.000016,0.000000,0.000000,0.000000,0.000000,0.000000,0.000000,0.000000,0.000000,0.000016,0.000000,0.000000,0.000000,0.000000,0.000000,0.000000,0.000000,0.000000,0.000000,0.000000,0.000000,0.000000,0.000000,0.000000,0.000000,0.000000,0.000000,0.000000,0.000000,0.000000,0.000000,0.000000,0.000000,0.000000,0.000000,0.000000,0.000000,0.000000,0.000000,0.000000,0.000000,0.000000,0.000000,0.000000,0.000000,0.000000,0.000000,0.000000,0.000000,0.000000,0.000000,0.000000,0.000000,0.000000,0.000000,0.000000,0.000000,0.000000,0.000016,0.000000,0.000000,0.000000,0.000000,0.000000,0.000000,0.000000,0.000016,0.000000,0.000000,0.000016,0.000000,0.000000,0.000000,0.000016,0.000000,0.000000,0.000000,0.000000,0.000000,0.000000,0.000000,0.000000,0.000000,0.000000,0.000000,0.000000,0.000000,0.000000,0.000016,0.000000,0.000000,0.000000,0.000000,0.000000,0.000000,0.000000,0.000000,0.000000,0.000000,0.000000,0.000000,0.000000,0.000000,0.000000,0.000000,0.000000,0.000000,0.000000,0.000000,0.000000,0.000000,0.000000,0.000016,0.000000,0.000000,0.000000,0.000000,0.000000,0.000000,0.000000,0.000000,0.000000,0.000000,0.000000,0.000000,0.000000,0.000000,0.000000,0.000000,0.000000,0.000000,0.000000,0.000000,0.000000,0.000000,0.000000,0.000000,0.000000,0.000000,0.000000,0.000000,0.000000,0.000000,0.000000,0.000016,0.000000,0.000000,0.000000,0.000000,0.000016,0.000000,0.000000,0.000000
0.240000,0.000147,0.000000,0.000000,0.000000,0.000000,0.000000,0.000000,0.000000,0.000000,0.000000,0.000000,0.000000,0.000000,0.000000,0.000000,0.000000,0.000000,0.000000,0.000000,0.000000,0.000000,0.000000,0.000000,0.000000,0.000000,0.000000,0.000000,0.000000,0.000000,0.000000,0.000000,0.000000,0.000000,0.000000,0.000016,0.000000,0.000000,0.000000,0.000000,0.000000,0.000000,0.000000,0.000000,0.000000,0.000000,0.000000,0.000000,0.000000,0.000000,0.000000,0.000000,0.000000,0.000000,0.000000,0.000000,0.000000,0.000000,0.000000,0.000016,0.000000,0.000000,0.000000,0.000000,0.000000,0.000000,0.000000,0.000000,0.000000,0.000000,0.000000,0.000000,0.000000,0.000000,0.000000,0.000000,0.000000,0.000000,0.000000,0.000000,0.000000,0.000000,0.000000,0.000000,0.000000,0.000000,0.000000,0.000000,0.000000,0.000000,0.000000,0.000000,0.000000,0.000000,0.000000,0.000000,0.000000,0.000000,0.000000,0.000000,0.000000,0.000000,0.000000,0.000000,0.000000,0.000000,0.000000,0.000000,0.000000,0.000000,0.000000,0.000000,0.000000,0.000000,0.000000,0.000000,0.000000,0.000000,0.000000,0.000000,0.000000,0.000000,0.000000,0.000000,0.000000,0.000016,0.000000,0.000000,0.000000,0.000000,0.000000,0.000000,0.000000,0.000000,0.000000,0.000000,0.000000,0.000016,0.000000,0.000000,0.000000,0.000000,0.000000,0.000000,0.000000,0.000033,0.000000,0.000000,0.000000,0.000016,0.000000,0.000016,0.000000,0.000000,0.000000,0.000000,0.000000,0.000000,0.000000,0.000000,0.000000,0.000000,0.000000,0.000016,0.000000,0.000000,0.000000,0.000000,0.000000,0.000000,0.000000,0.000000,0.000000,0.000000,0.000000,0.000000,0.000000,0.000000,0.000000,0.000000,0.000000,0.000000,0.000000,0.000000,0.000000,0.000000,0.000000
0.241000,0.000311,0.000000,0.000000,0.000000,0.000016,0.000000,0.000016,0.000000,0.000000,0.000000,0.000000,0.000000,0.000000,0.000000,0.000000,0.000000,0.000000,0.000000,0.000016,0.000000,0.000000,0.000000,0.000000,0.000000,0.000000,0.000000,0.000000,0.000000,0.000000,0.000000,0.000000,0.000000,0.000000,0.000000,0.000000,0.000000,0.000000,0.000000,0.000000,0.000000,0.000000,0.000000,0.000000,0.000000,0.000000,0.000000,0.000000,0.000000,0.000000,0.000000,0.000000,0.000000,0.000000,0.000000,0.000000,0.000000,0.000000,0.000000,0.000000,0.000000,0.000000,0.000000,0.000000,0.000000,0.000000,0.000000,0.000000,0.000000,0.000000,0.000016,0.000000,0.000000,0.000000,0.000000,0.000000,0.000000,0.000000,0.000000,0.000000,0.000000,0.000000,0.000000,0.000000,0.000000,0.000000,0.000000,0.000000,0.000000,0.000000,0.000000,0.000000,0.000000,0.000000,0.000000,0.000000,0.000000,0.000000,0.000000,0.000000,0.000000,0.000000,0.000000,0.000000,0.000000,0.000000,0.000000,0.000000,0.000000,0.000000,0.000000,0.000016,0.000016,0.000000,0.000000,0.000000,0.000000,0.000000,0.000000,0.000000,0.000000,0.000000,0.000000,0.000000,0.000000,0.000000,0.000000,0.000000,0.000000,0.000000,0.000000,0.000000,0.000016,0.000000,0.000000,0.000016,0.000000,0.000000,0.000000,0.000000,0.000000,0.000000,0.000000,0.000000,0.000000,0.000000,0.000000,0.000033,0.000000,0.000000,0.000033,0.000000,0.000016,0.000000,0.000000,0.000000,0.000000,0.000000,0.000000,0.000000,0.000000,0.000000,0.000000,0.000000,0.000000,0.000000,0.000000,0.000000,0.000000,0.000016,0.000000,0.000000,0.000016,0.000000,0.000016,0.000000,0.000000,0.000016,0.000016,0.000000,0.000000,0.000000,0.000000,0.000000,0.000000,0.000016,0.000000
0.242000,0.000147,0.000000,0.000000,0.000000,0.000000,0.000000,0.000000,0.000000,0.000000,0.000000,0.000000,0.000000,0.000000,0.000000,0.000000,0.000000,0.000000,0.000000,0.000000,0.000000,0.000000,0.000000,0.000000,0.000000,0.000000,0.000000,0.000000,0.000000,0.000000,0.000000,0.000000,0.000000,0.000000,0.000000,0.000000,0.000000,0.000000,0.000000,0.000000,0.000000,0.000000,0.000000,0.000000,0.000000,0.000000,0.000000,0.000000,0.000000,0.000000,0.000000,0.000000,0.000000,0.000000,0.000000,0.000000,0.000000,0.000000,0.000000,0.000000,0.000000,0.000000,0.000000,0.000000,0.000000,0.000000,0.000000,0.000000,0.000000,0.000000,0.000016,0.000000,0.000016,0.000000,0.000000,0.000000,0.000000,0.000000,0.000000,0.000000,0.000000,0.000000,0.000000,0.000000,0.000000,0.000000,0.000000,0.000000,0.000000,0.000000,0.000000,0.000000,0.000000,0.000000,0.000000,0.000000,0.000000,0.000000,0.000000,0.000000,0.000000,0.000000,0.000000,0.000000,0.000000,0.000000,0.000000,0.000000,0.000000,0.000000,0.000000,0.000000,0.000000,0.000000,0.000000,0.000000,0.000016,0.000000,0.000000,0.000000,0.000000,0.000000,0.000000,0.000000,0.000000,0.000000,0.000000,0.000000,0.000000,0.000000,0.000000,0.000000,0.000000,0.000016,0.000033,0.000000,0.000000,0.000000,0.000000,0.000000,0.000000,0.000000,0.000000,0.000000,0.000000,0.000000,0.000000,0.000000,0.000000,0.000000,0.000000,0.000000,0.000000,0.000000,0.000000,0.000000,0.000000,0.000000,0.000000,0.000000,0.000000,0.000000,0.000000,0.000000,0.000000,0.000000,0.000016,0.000000,0.000000,0.000000,0.000000,0.000000,0.000000,0.000000,0.000000,0.000000,0.000000,0.000000,0.000000,0.000000,0.000000,0.000000,0.000000,0.000000,0.000016,0.000016,0.000000
0.243000,0.000262,0.000000,0.000000,0.000000,0.000000,0.000000,0.000000,0.000000,0.000000,0.000000,0.000000,0.000000,0.000000,0.000000,0.000000,0.000016,0.000000,0.000000,0.000000,0.000000,0.000000,0.000000,0.000000,0.000000,0.000000,0.000000,0.000000,0.000000,0.000000,0.000000,0.000016,0.000000,0.000000,0.000000,0.000000,0.000000,0.000000,0.000000,0.000000,0.000000,0.000000,0.000000,0.000000,0.000000,0.000000,0.000016,0.000000,0.000000,0.000000,0.000000,0.000000,0.000000,0.000000,0.000000,0.000000,0.000016,0.000000,0.000000,0.000000,0.000016,0.000000,0.000000,0.000000,0.000000,0.000000,0.000000,0.000000,0.000000,0.000000,0.000000,0.000000,0.000000,0.000000,0.000000,0.000000,0.000000,0.000000,0.000000,0.000000,0.000000,0.000000,0.000000,0.000000,0.000000,0.000000,0.000000,0.000000,0.000000,0.000000,0.000000,0.000000,0.000000,0.000000,0.000000,0.000000,0.000000,0.000000,0.000000,0.000000,0.000000,0.000000,0.000000,0.000000,0.000000,0.000000,0.000000,0.000000,0.000000,0.000016,0.000000,0.000000,0.000000,0.000000,0.000000,0.000000,0.000000,0.000000,0.000000,0.000000,0.000000,0.000000,0.000000,0.000000,0.000000,0.000000,0.000000,0.000016,0.000000,0.000000,0.000000,0.000000,0.000000,0.000016,0.000000,0.000000,0.000000,0.000000,0.000000,0.000000,0.000000,0.000000,0.000000,0.000000,0.000016,0.000000,0.000000,0.000016,0.000000,0.000016,0.000000,0.000000,0.000000,0.000000,0.000016,0.000000,0.000000,0.000000,0.000000,0.000000,0.000000,0.000000,0.000000,0.000000,0.000000,0.000000,0.000000,0.000000,0.000000,0.000016,0.000000,0.000000,0.000000,0.000000,0.000000,0.000016,0.000000,0.000016,0.000000,0.000000,0.000000,0.000000,0.000000,0.000016,0.000000,0.000000,0.000000
0.244000,0.000213,0.000000,0.000000,0.000000,0.000000,0.000000,0.000000,0.000000,0.000000,0.000016,0.000000,0.000000,0.000000,0.000000,0.000000,0.000000,0.000000,0.000000,0.000000,0.000000,0.000000,0.000000,0.000000,0.000000,0.000000,0.000000,0.000000,0.000000,0.000000,0.000000,0.000000,0.000000,0.000000,0.000000,0.000000,0.000000,0.000000,0.000000,0.000000,0.000000,0.000000,0.000000,0.000000,0.000000,0.000000,0.000000,0.000000,0.000000,0.000000,0.000000,0.000000,0.000000,0.000000,0.000000,0.000000,0.000000,0.000000,0.000000,0.000000,0.000000,0.000000,0.000000,0.000000,0.000000,0.000000,0.000000,0.000000,0.000000,0.000000,0.000000,0.000000,0.000000,0.000000,0.000000,0.000000,0.000000,0.000000,0.000000,0.000000,0.000000,0.000000,0.000000,0.000000,0.000000,0.000000,0.000000,0.000016,0.000000,0.000000,0.000000,0.000000,0.000000,0.000000,0.000000,0.000000,0.000000,0.000000,0.000000,0.000000,0.000000,0.000000,0.000000,0.000000,0.000000,0.000000,0.000000,0.000000,0.000016,0.000000,0.000000,0.000000,0.000000,0.000000,0.000000,0.000000,0.000000,0.000016,0.000000,0.000000,0.000000,0.000000,0.000000,0.000000,0.000000,0.000000,0.000000,0.000000,0.000000,0.000000,0.000016,0.000000,0.000000,0.000000,0.000000,0.000000,0.000016,0.000016,0.000000,0.000000,0.000000,0.000016,0.000000,0.000000,0.000000,0.000000,0.000016,0.000000,0.000000,0.000000,0.000000,0.000000,0.000000,0.000000,0.000000,0.000000,0.000000,0.000016,0.000000,0.000000,0.000016,0.000000,0.000000,0.000000,0.000000,0.000000,0.000000,0.000000,0.000000,0.000000,0.000016,0.000000,0.000000,0.000000,0.000000,0.000000,0.000000,0.000000,0.000000,0.000000,0.000000,0.000000,0.000016,0.000000,0.000000,0.000000,0.000000
0.245000,0.000278,0.000000,0.000000,0.000000,0.000000,0.000000,0.000016,0.000016,0.000000,0.000000,0.000000,0.000000,0.000000,0.000000,0.000000,0.000000,0.000000,0.000000,0.000016,0.000000,0.000000,0.000000,0.000000,0.000000,0.000000,0.000000,0.000000,0.000000,0.000000,0.000000,0.000000,0.000000,0.000000,0.000000,0.000000,0.000000,0.000000,0.000000,0.000000,0.000000,0.000000,0.000000,0.000000,0.000000,0.000000,0.000000,0.000000,0.000000,0.000000,0.000000,0.000000,0.000000,0.000000,0.000000,0.000000,0.000000,0.000000,0.000000,0.000000,0.000000,0.000000,0.000000,0.000000,0.000000,0.000000,0.000000,0.000000,0.000000,0.000000,0.000000,0.000000,0.000000,0.000000,0.000000,0.000000,0.000000,0.000000,0.000000,0.000000,0.000000,0.000000,0.000000,0.000000,0.000000,0.000000,0.000000,0.000000,0.000000,0.000000,0.000000,0.000000,0.000000,0.000000,0.000000,0.000000,0.000000,0.000000,0.000000,0.000000,0.000000,0.000000,0.000000,0.000000,0.000000,0.000000,0.000000,0.000000,0.000000,0.000000,0.000000,0.000000,0.000016,0.000000,0.000000,0.000000,0.000000,0.000000,0.000000,0.000016,0.000016,0.000000,0.000016,0.000000,0.000000,0.000000,0.000000,0.000000,0.000000,0.000000,0.000000,0.000016,0.000000,0.000000,0.000016,0.000000,0.000000,0.000000,0.000000,0.000000,0.000000,0.000000,0.000000,0.000016,0.000016,0.000000,0.000000,0.000000,0.000000,0.000000,0.000000,0.000016,0.000033,0.000000,0.000000,0.000000,0.000000,0.000000,0.000000,0.000000,0.000000,0.000000,0.000000,0.000000,0.000000,0.000000,0.000000,0.000000,0.000000,0.000000,0.000000,0.000000,0.000016,0.000000,0.000000,0.000016,0.000000,0.000000,0.000000,0.000000,0.000000,0.000000,0.000000,0.000000,0.000000,0.000000,0.000016
0.246000,0.000278,0.000000,0.000000,0.000000,0.000000,0.000000,0.000000,0.000016,0.000000,0.000000,0.000000,0.000000,0.000000,0.000000,0.000000,0.000000,0.000000,0.000016,0.000000,0.000000,0.000000,0.000000,0.000000,0.000000,0.000000,0.000000,0.000000,0.000000,0.000000,0.000000,0.000000,0.000000,0.000000,0.000000,0.000000,0.000000,0.000000,0.000000,0.000016,0.000016,0.000000,0.000000,0.000000,0.000000,0.000000,0.000000,0.000000,0.000000,0.000000,0.000000,0.000000,0.000000,0.000000,0.000000,0.000000,0.000000,0.000000,0.000000,0.000000,0.000000,0.000000,0.000000,0.000000,0.000000,0.000000,0.000000,0.000000,0.000000,0.000000,0.000000,0.000000,0.000000,0.000000,0.000000,0.000000,0.000000,0.000000,0.000000,0.000000,0.000000,0.000000,0.000000,0.000000,0.000000,0.000000,0.000000,0.000000,0.000000,0.000000,0.000000,0.000000,0.000016,0.000000,0.000000,0.000000,0.000000,0.000000,0.000000,0.000000,0.000016,0.000000,0.000000,0.000016,0.000000,0.000016,0.000000,0.000000,0.000000,0.000000,0.000000,0.000000,0.000016,0.000000,0.000000,0.000000,0.000016,0.000000,0.000000,0.000000,0.000000,0.000000,0.000000,0.000000,0.000000,0.000016,0.000000,0.000000,0.000000,0.000000,0.000000,0.000000,0.000000,0.000000,0.000000,0.000000,0.000000,0.000016,0.000000,0.000000,0.000000,0.000000,0.000016,0.000000,0.000000,0.000000,0.000000,0.000000,0.000016,0.000000,0.000000,0.000000,0.000000,0.000000,0.000000,0.000000,0.000000,0.000000,0.000000,0.000000,0.000000,0.000016,0.000000,0.000000,0.000000,0.000000,0.000000,0.000016,0.000000,0.000000,0.000000,0.000000,0.000000,0.000000,0.000000,0.000000,0.000000,0.000000,0.000000,0.000000,0.000016,0.000000,0.000000,0.000000,0.000000,0.000000,0.000000
0.247000,0.000180,0.000000,0.000000,0.000000,0.000000,0.000000,0.000000,0.000000,0.000000,0.000000,0.000016,0.000016,0.000000,0.000000,0.000000,0.000000,0.000000,0.000000,0.000000,0.000000,0.000000,0.000000,0.000000,0.000000,0.000000,0.000000,0.000000,0.000000,0.000000,0.000000,0.000000,0.000000,0.000016,0.000000,0.000000,0.000000,0.000000,0.000000,0.000000,0.000000,0.000000,0.000000,0.000000,0.000000,0.000000,0.000000,0.000000,0.000000,0.000000,0.000000,0.000000,0.000000,0.000000,0.000000,0.000000,0.000000,0.000000,0.000000,0.000000,0.000000,0.000000,0.000000,0.000000,0.000000,0.000000,0.000000,0.000000,0.000000,0.000000,0.000000,0.000000,0.000000,0.000000,0.000000,0.000000,0.000000,0.000000,0.000000,0.000000,0.000000,0.000000,0.000000,0.000000,0.000000,0.000000,0.000000,0.000000,0.000000,0.000000,0.000000,0.000000,0.000000,0.000000,0.000000,0.000000,0.000000,0.000000,0.000000,0.000000,0.000000,0.000000,0.000000,0.000000,0.000000,0.000000,0.000000,0.000000,0.000000,0.000000,0.000000,0.000000,0.000000,0.000000,0.000000,0.000000,0.000033,0.000000,0.000000,0.000000,0.000000,0.000000,0.000000,0.000000,0.000000,0.000000,0.000000,0.000000,0.000000,0.000033,0.000000,0.000000,0.000000,0.000000,0.000000,0.000000,0.000000,0.000000,0.000000,0.000000,0.000000,0.000000,0.000000,0.000000,0.000000,0.000000,0.000000,0.000000,0.000000,0.000000,0.000000,0.000000,0.000000,0.000016,0.000000,0.000000,0.000016,0.000000,0.000000,0.000000,0.000000,0.000000,0.000000,0.000000,0.000000,0.000000,0.000000,0.000000,0.000000,0.000000,0.000000,0.000000,0.000000,0.000033,0.000000,0.000000,0.000000,0.000000,0.000000,0.000000,0.000000,0.000000,0.000000,0.000000,0.000000,0.000000,0.000000
0.248000,0.000262,0.000000,0.000000,0.000000,0.000000,0.000000,0.000000,0.000000,0.000016,0.000000,0.000000,0.000000,0.000000,0.000000,0.000000,0.000000,0.000000,0.000000,0.000000,0.000000,0.000000,0.000000,0.000016,0.000000,0.000000,0.000000,0.000000,0.000000,0.000000,0.000000,0.000000,0.000000,0.000000,0.000000,0.000000,0.000000,0.000000,0.000000,0.000000,0.000000,0.000000,0.000000,0.000000,0.000000,0.000000,0.000000,0.000000,0.000000,0.000000,0.000000,0.000000,0.000000,0.000000,0.000000,0.000000,0.000000,0.000000,0.000000,0.000000,0.000000,0.000000,0.000000,0.000000,0.000000,0.000000,0.000000,0.000000,0.000000,0.000000,0.000000,0.000000,0.000000,0.000000,0.000000,0.000000,0.000000,0.000000,0.000000,0.000000,0.000000,0.000000,0.000000,0.000000,0.000000,0.000000,0.000000,0.000000,0.000000,0.000000,0.000000,0.000000,0.000000,0.000000,0.000000,0.000000,0.000000,0.000000,0.000000,0.000000,0.000000,0.000000,0.000000,0.000016,0.000000,0.000000,0.000000,0.000000,0.000000,0.000000,0.000000,0.000000,0.000000,0.000000,0.000000,0.000000,0.000016,0.000000,0.000000,0.000000,0.000000,0.000000,0.000016,0.000016,0.000000,0.000000,0.000016,0.000000,0.000000,0.000000,0.000000,0.000000,0.000000,0.000000,0.000000,0.000000,0.000000,0.000000,0.000000,0.000000,0.000000,0.000016,0.000000,0.000000,0.000016,0.000000,0.000000,0.000000,0.000000,0.000000,0.000000,0.000000,0.000000,0.000000,0.000000,0.000000,0.000000,0.000000,0.000000,0.000016,0.000000,0.000000,0.000016,0.000000,0.000016,0.000000,0.000016,0.000000,0.000000,0.000000,0.000000,0.000000,0.000000,0.000000,0.000000,0.000000,0.000000,0.000000,0.000000,0.000000,0.000000,0.000016,0.000016,0.000000,0.000000,0.000016,0.000000
0.249000,0.000180,0.000000,0.000000,0.000016,0.000000,0.000016,0.000000,0.000000,0.000000,0.000000,0.000000,0.000000,0.000000,0.000000,0.000000,0.000000,0.000000,0.000000,0.000000,0.000000,0.000000,0.000000,0.000000,0.000000,0.000000,0.000000,0.000000,0.000000,0.000000,0.000000,0.000000,0.000000,0.000000,0.000000,0.000000,0.000000,0.000000,0.000000,0.000000,0.000000,0.000000,0.000000,0.000000,0.000000,0.000000,0.000000,0.000000,0.000000,0.000000,0.000000,0.000000,0.000000,0.000000,0.000000,0.000000,0.000000,0.000000,0.000000,0.000000,0.000000,0.000000,0.000000,0.000000,0.000016,0.000000,0.000000,0.000000,0.000000,0.000000,0.000016,0.000000,0.000000,0.000000,0.000000,0.000000,0.000000,0.000000,0.000000,0.000000,0.000000,0.000000,0.000000,0.000000,0.000000,0.000000,0.000000,0.000000,0.000000,0.000000,0.000000,0.000000,0.000000,0.000000,0.000000,0.000000,0.000000,0.000000,0.000000,0.000000,0.000000,0.000000,0.000000,0.000000,0.000000,0.000000,0.000000,0.000000,0.000000,0.000000,0.000000,0.000000,0.000000,0.000000,0.000000,0.000000,0.000000,0.000016,0.000000,0.000000,0.000000,0.000000,0.000000,0.000000,0.000000,0.000000,0.000000,0.000000,0.000000,0.000016,0.000000,0.000000,0.000000,0.000000,0.000000,0.000000,0.000000,0.000000,0.000000,0.000000,0.000000,0.000000,0.000000,0.000000,0.000000,0.000000,0.000000,0.000000,0.000016,0.000000,0.000000,0.000000,0.000016,0.000016,0.000000,0.000000,0.000000,0.000000,0.000000,0.000000,0.000000,0.000016,0.000000,0.000000,0.000000,0.000000,0.000000,0.000000,0.000000,0.000000,0.000000,0.000000,0.000000,0.000000,0.000000,0.000000,0.000000,0.000000,0.000016,0.000000,0.000000,0.000000,0.000000,0.000000,0.000000,0.000000,0.000000
0.250000,0.000180,0.000000,0.000000,0.000000,0.000000,0.000000,0.000000,0.000000,0.000000,0.000000,0.000000,0.000000,0.000000,0.000016,0.000016,0.000000,0.000000,0.000000,0.000000,0.000000,0.000000,0.000000,0.000000,0.000000,0.000000,0.000000,0.000000,0.000000,0.000000,0.000000,0.000000,0.000000,0.000000,0.000000,0.000000,0.000000,0.000000,0.000000,0.000000,0.000000,0.000000,0.000000,0.000000,0.000000,0.000000,0.000000,0.000000,0.000000,0.000000,0.000000,0.000000,0.000000,0.000000,0.000000,0.000000,0.000000,0.000000,0.000000,0.000016,0.000000,0.000000,0.000000,0.000000,0.000000,0.000000,0.000000,0.000000,0.000000,0.000000,0.000016,0.000000,0.000000,0.000000,0.000000,0.000000,0.000000,0.000000,0.000000,0.000000,0.000000,0.000000,0.000000,0.000000,0.000000,0.000000,0.000000,0.000000,0.000000,0.000000,0.000000,0.000000,0.000000,0.000000,0.000000,0.000000,0.000000,0.000000,0.000000,0.000000,0.000016,0.000000,0.000000,0.000000,0.000000,0.000000,0.000000,0.000000,0.000000,0.000000,0.000000,0.000000,0.000000,0.000000,0.000016,0.000000,0.000000,0.000000,0.000016,0.000000,0.000000,0.000000,0.000000,0.000000,0.000000,0.000000,0.000000,0.000000,0.000000,0.000000,0.000000,0.000000,0.000000,0.000000,0.000000,0.000000,0.000000,0.000016,0.000000,0.000000,0.000000,0.000000,0.000000,0.000000,0.000016,0.000000,0.000000,0.000000,0.000000,0.000000,0.000000,0.000000,0.000000,0.000000,0.000000,0.000000,0.000000,0.000000,0.000016,0.000000,0.000000,0.000000,0.000016,0.000000,0.000000,0.000000,0.000000,0.000000,0.000000,0.000000,0.000000,0.000000,0.000000,0.000000,0.000000,0.000000,0.000000,0.000000,0.000000,0.000000,0.000000,0.000000,0.000000,0.000000,0.000000,0.000000,0.000000
0.251000,0.000262,0.000000,0.000000,0.000000,0.000016,0.000000,0.000000,0.000000,0.000000,0.000000,0.000016,0.000000,0.000000,0.000000,0.000000,0.000000,0.000000,0.000000,0.000000,0.000000,0.000000,0.000000,0.000000,0.000000,0.000000,0.000000,0.000000,0.000000,0.000000,0.000000,0.000000,0.000000,0.000016,0.000000,0.000000,0.000016,0.000000,0.000000,0.000000,0.000000,0.000000,0.000000,0.000000,0.000000,0.000000,0.000016,0.000000,0.000000,0.000000,0.000016,0.000000,0.000000,0.000000,0.000000,0.000000,0.000000,0.000000,0.000000,0.000000,0.000000,0.000000,0.000000,0.000000,0.000000,0.000000,0.000000,0.000000,0.000000,0.000000,0.000000,0.000000,0.000000,0.000000,0.000000,0.000000,0.000000,0.000000,0.000000,0.000000,0.000000,0.000000,0.000000,0.000000,0.000000,0.000000,0.000000,0.000000,0.000000,0.000000,0.000000,0.000000,0.000000,0.000000,0.000000,0.000000,0.000000,0.000000,0.000000,0.000000,0.000000,0.000016,0.000000,0.000016,0.000000,0.000000,0.000000,0.000000,0.000000,0.000000,0.000000,0.000000,0.000000,0.000000,0.000000,0.000000,0.000000,0.000000,0.000000,0.000000,0.000016,0.000000,0.000000,0.000016,0.000000,0.000000,0.000000,0.000000,0.000000,0.000000,0.000000,0.000000,0.000000,0.000000,0.000000,0.000000,0.000000,0.000000,0.000000,0.000000,0.000000,0.000000,0.000000,0.000000,0.000000,0.000000,0.000000,0.000000,0.000000,0.000000,0.000000,0.000000,0.000000,0.000000,0.000000,0.000016,0.000000,0.000000,0.000000,0.000000,0.000000,0.000000,0.000000,0.000000,0.000000,0.000000,0.000000,0.000000,0.000016,0.000000,0.000000,0.000000,0.000000,0.000016,0.000000,0.000000,0.000000,0.000000,0.000000,0.000000,0.000000,0.000016,0.000016,0.000000,0.000000,0.000016,0.000000
0.252000,0.000164,0.000000,0.000000,0.000000,0.000000,0.000000,0.000000,0.000000,0.000000,0.000000,0.000000,0.000000,0.000000,0.000000,0.000000,0.000000,0.000000,0.000016,0.000016,0.000000,0.000000,0.000000,0.000000,0.000000,0.000000,0.000000,0.000000,0.000000,0.000000,0.000000,0.000000,0.000000,0.000000,0.000000,0.000000,0.000000,0.000000,0.000000,0.000000,0.000000,0.000000,0.000000,0.000000,0.000000,0.000000,0.000000,0.000000,0.000000,0.000000,0.000000,0.000000,0.000000,0.000000,0.000000,0.000000,0.000000,0.000000,0.000000,0.000000,0.000000,0.000000,0.000000,0.000000,0.000000,0.000000,0.000000,0.000000,0.000000,0.000000,0.000000,0.000000,0.000000,0.000000,0.000000,0.000000,0.000000,0.000000,0.000000,0.000000,0.000000,0.000016,0.000000,0.000000,0.000000,0.000000,0.000000,0.000000,0.000000,0.000000,0.000000,0.000000,0.000016,0.000000,0.000000,0.000000,0.000000,0.000000,0.000000,0.000000,0.000000,0.000000,0.000000,0.000000,0.000000,0.000000,0.000000,0.000000,0.000000,0.000000,0.000000,0.000016,0.000000,0.000000,0.000016,0.000000,0.000000,0.000000,0.000000,0.000000,0.000000,0.000000,0.000000,0.000000,0.000000,0.000000,0.000000,0.000000,0.000000,0.000000,0.000000,0.000000,0.000000,0.000000,0.000000,0.000000,0.000000,0.000000,0.000033,0.000000,0.000016,0.000000,0.000000,0.000000,0.000000,0.000000,0.000000,0.000000,0.000000,0.000000,0.000000,0.000000,0.000000,0.000000,0.000000,0.000000,0.000000,0.000000,0.000000,0.000000,0.000000,0.000000,0.000000,0.000000,0.000000,0.000000,0.000000,0.000000,0.000000,0.000000,0.000000,0.000000,0.000000,0.000000,0.000000,0.000000,0.000000,0.000000,0.000000,0.000016,0.000000,0.000000,0.000000,0.000000,0.000000,0.000000,0.000000
0.253000,0.000229,0.000000,0.000000,0.000000,0.000000,0.000000,0.000000,0.000000,0.000000,0.000000,0.000000,0.000000,0.000000,0.000000,0.000000,0.000000,0.000000,0.000000,0.000016,0.000000,0.000000,0.000000,0.000000,0.000000,0.000000,0.000000,0.000000,0.000000,0.000000,0.000000,0.000000,0.000000,0.000000,0.000000,0.000000,0.000000,0.000016,0.000000,0.000000,0.000000,0.000000,0.000000,0.000000,0.000000,0.000000,0.000000,0.000000,0.000000,0.000000,0.000000,0.000000,0.000000,0.000000,0.000000,0.000000,0.000000,0.000000,0.000000,0.000000,0.000000,0.000000,0.000000,0.000000,0.000000,0.000000,0.000000,0.000000,0.000000,0.000000,0.000000,0.000000,0.000000,0.000000,0.000000,0.000000,0.000000,0.000000,0.000000,0.000000,0.000000,0.000000,0.000000,0.000000,0.000000,0.000000,0.000000,0.000000,0.000000,0.000000,0.000000,0.000000,0.000000,0.000000,0.000000,0.000000,0.000000,0.000000,0.000000,0.000000,0.000000,0.000000,0.000000,0.000000,0.000000,0.000000,0.000000,0.000000,0.000000,0.000000,0.000000,0.000016,0.000016,0.000000,0.000000,0.000000,0.000000,0.000000,0.000016,0.000000,0.000000,0.000000,0.000000,0.000000,0.000000,0.000016,0.000000,0.000000,0.000000,0.000000,0.000000,0.000000,0.000000,0.000000,0.000000,0.000000,0.000000,0.000000,0.000000,0.000000,0.000000,0.000000,0.000000,0.000000,0.000000,0.000000,0.000000,0.000000,0.000000,0.000000,0.000000,0.000000,0.000000,0.000000,0.000000,0.000000,0.000016,0.000000,0.000000,0.000016,0.000000,0.000000,0.000016,0.000000,0.000000,0.000016,0.000016,0.000016,0.000000,0.000000,0.000000,0.000000,0.000000,0.000000,0.000000,0.000000,0.000016,0.000000,0.000000,0.000000,0.000016,0.000000,0.000000,0.000000,0.000000,0.000000,0.000000
0.254000,0.000180,0.000000,0.000016,0.000000,0.000000,0.000000,0.000000,0.000000,0.000000,0.000000,0.000000,0.000000,0.000000,0.000000,0.000000,0.000000,0.000000,0.000000,0.000000,0.000000,0.000016,0.000000,0.000000,0.000000,0.000000,0.000000,0.000000,0.000000,0.000000,0.000000,0.000000,0.000000,0.000000,0.000000,0.000000,0.000000,0.000000,0.000000,0.000000,0.000000,0.000000,0.000000,0.000000,0.000000,0.000000,0.000000,0.000000,0.000000,0.000000,0.000000,0.000000,0.000000,0.000000,0.000000,0.000000,0.000000,0.000000,0.000000,0.000000,0.000000,0.000000,0.000000,0.000000,0.000000,0.000000,0.000000,0.000000,0.000000,0.000000,0.000000,0.000000,0.000000,0.000000,0.000000,0.000000,0.000000,0.000000,0.000000,0.000000,0.000000,0.000000,0.000000,0.000000,0.000000,0.000000,0.000000,0.000000,0.000000,0.000000,0.000000,0.000000,0.000000,0.000000,0.000000,0.000000,0.000000,0.000000,0.000016,0.000000,0.000000,0.000000,0.000000,0.000000,0.000000,0.000000,0.000000,0.000000,0.000000,0.000000,0.000000,0.000000,0.000000,0.000000,0.000000,0.000000,0.000000,0.000000,0.000000,0.000000,0.000000,0.000000,0.000000,0.000000,0.000000,0.000016,0.000000,0.000000,0.000000,0.000000,0.000000,0.000016,0.000000,0.000000,0.000000,0.000000,0.000016,0.000016,0.000000,0.000000,0.000000,0.000000,0.000000,0.000000,0.000000,0.000000,0.000000,0.000000,0.000000,0.000000,0.000000,0.000000,0.000000,0.000016,0.000000,0.000000,0.000016,0.000000,0.000000,0.000000,0.000000,0.000000,0.000000,0.000000,0.000000,0.000016,0.000000,0.000000,0.000000,0.000000,0.000000,0.000000,0.000000,0.000000,0.000000,0.000000,0.000000,0.000000,0.000000,0.000000,0.000000,0.000000,0.000000,0.000000,0.000000,0.000016,0.000000
0.255000,0.000246,0.000000,0.000000,0.000000,0.000000,0.000000,0.000000,0.000000,0.000000,0.000000,0.000000,0.000000,0.000016,0.000000,0.000000,0.000000,0.000000,0.000016,0.000000,0.000000,0.000000,0.000000,0.000000,0.000000,0.000000,0.000000,0.000000,0.000000,0.000000,0.000000,0.000000,0.000000,0.000000,0.000000,0.000000,0.000000,0.000016,0.000000,0.000000,0.000000,0.000000,0.000000,0.000000,0.000000,0.000000,0.000000,0.000000,0.000000,0.000000,0.000000,0.000000,0.000000,0.000000,0.000000,0.000000,0.000000,0.000000,0.000000,0.000000,0.000000,0.000000,0.000000,0.000000,0.000000,0.000000,0.000000,0.000000,0.000000,0.000000,0.000000,0.000000,0.000000,0.000000,0.000000,0.000000,0.000000,0.000000,0.000000,0.000000,0.000000,0.000000,0.000000,0.000000,0.000000,0.000000,0.000000,0.000000,0.000000,0.000000,0.000000,0.000000,0.000000,0.000000,0.000000,0.000000,0.000000,0.000000,0.000000,0.000000,0.000000,0.000000,0.000016,0.000000,0.000000,0.000000,0.000000,0.000000,0.000000,0.000000,0.000000,0.000033,0.000000,0.000000,0.000000,0.000000,0.000000,0.000000,0.000000,0.000000,0.000000,0.000000,0.000016,0.000000,0.000000,0.000000,0.000000,0.000000,0.000000,0.000000,0.000000,0.000033,0.000000,0.000000,0.000000,0.000000,0.000000,0.000000,0.000000,0.000000,0.000000,0.000000,0.000016,0.000000,0.000000,0.000000,0.000000,0.000000,0.000000,0.000000,0.000000,0.000016,0.000000,0.000000,0.000000,0.000000,0.000000,0.000000,0.000000,0.000000,0.000000,0.000000,0.000000,0.000000,0.000016,0.000000,0.000000,0.000000,0.000000,0.000000,0.000016,0.000000,0.000016,0.000000,0.000000,0.000000,0.000000,0.000000,0.000000,0.000000,0.000000,0.000000,0.000000,0.000000,0.000000,0.000016,0.000000
0.256000,0.000262,0.000000,0.000000,0.000000,0.000000,0.000000,0.000000,0.000016,0.000000,0.000000,0.000000,0.000000,0.000000,0.000000,0.000000,0.000016,0.000000,0.000000,0.000000,0.000000,0.000000,0.000000,0.000000,0.000016,0.000000,0.000000,0.000000,0.000000,0.000000,0.000000,0.000000,0.000000,0.000000,0.000000,0.000000,0.000000,0.000000,0.000000,0.000000,0.000000,0.000000,0.000000,0.000000,0.000016,0.000000,0.000000,0.000000,0.000000,0.000000,0.000000,0.000000,0.000000,0.000016,0.000000,0.000000,0.000000,0.000000,0.000000,0.000000,0.000000,0.000000,0.000000,0.000000,0.000000,0.000000,0.000000,0.000000,0.000000,0.000000,0.000000,0.000000,0.000000,0.000000,0.000000,0.000000,0.000000,0.000000,0.000000,0.000000,0.000000,0.000000,0.000000,0.000000,0.000000,0.000000,0.000000,0.000000,0.000000,0.000000,0.000000,0.000000,0.000016,0.000000,0.000000,0.000000,0.000000,0.000000,0.000000,0.000000,0.000000,0.000000,0.000000,0.000000,0.000000,0.000016,0.000000,0.000000,0.000000,0.000000,0.000000,0.000000,0.000016,0.000000,0.000000,0.000000,0.000000,0.000016,0.000000,0.000000,0.000000,0.000000,0.000000,0.000000,0.000000,0.000000,0.000016,0.000000,0.000000,0.000000,0.000016,0.000000,0.000000,0.000000,0.000000,0.000000,0.000000,0.000000,0.000016,0.000000,0.000000,0.000000,0.000000,0.000000,0.000000,0.000000,0.000000,0.000000,0.000000,0.000000,0.000000,0.000000,0.000000,0.000000,0.000000,0.000000,0.000000,0.000000,0.000000,0.000000,0.000033,0.000000,0.000000,0.000000,0.000000,0.000000,0.000000,0.000000,0.000000,0.000016,0.000000,0.000000,0.000000,0.000016,0.000000,0.000000,0.000000,0.000000,0.000000,0.000000,0.000000,0.000000,0.000000,0.000000,0.000000,0.000000,0.000000
0.257000,0.000164,0.000000,0.000000,0.000000,0.000000,0.000000,0.000000,0.000000,0.000000,0.000000,0.000000,0.000000,0.000000,0.000000,0.000000,0.000000,0.000000,0.000000,0.000000,0.000000,0.000000,0.000000,0.000000,0.000000,0.000016,0.000000,0.000000,0.000000,0.000000,0.000000,0.000000,0.000000,0.000000,0.000000,0.000000,0.000000,0.000000,0.000000,0.000000,0.000000,0.000000,0.000000,0.000000,0.000000,0.000000,0.000000,0.000000,0.000000,0.000000,0.000000,0.000000,0.000000,0.000000,0.000000,0.000000,0.000000,0.000000,0.000000,0.000000,0.000000,0.000000,0.000000,0.000000,0.000000,0.000000,0.000000,0.000000,0.000000,0.000000,0.000000,0.000000,0.000000,0.000000,0.000000,0.000000,0.000000,0.000000,0.000000,0.000000,0.000000,0.000000,0.000000,0.000000,0.000000,0.000000,0.000000,0.000000,0.000000,0.000000,0.000000,0.000000,0.000000,0.000000,0.000000,0.000000,0.000000,0.000000,0.000000,0.000000,0.000000,0.000000,0.000000,0.000000,0.000000,0.000000,0.000000,0.000000,0.000000,0.000000,0.000000,0.000000,0.000000,0.000000,0.000000,0.000000,0.000000,0.000000,0.000000,0.000000,0.000016,0.000016,0.000000,0.000000,0.000000,0.000000,0.000000,0.000016,0.000000,0.000000,0.000000,0.000000,0.000000,0.000000,0.000000,0.000000,0.000000,0.000016,0.000000,0.000000,0.000000,0.000000,0.000000,0.000000,0.000000,0.000000,0.000000,0.000016,0.000000,0.000000,0.000000,0.000000,0.000000,0.000000,0.000000,0.000000,0.000000,0.000000,0.000000,0.000016,0.000000,0.000000,0.000016,0.000000,0.000000,0.000000,0.000000,0.000000,0.000000,0.000000,0.000000,0.000000,0.000000,0.000000,0.000000,0.000000,0.000000,0.000000,0.000000,0.000016,0.000000,0.000000,0.000000,0.000000,0.000016,0.000000,0.000000
0.258000,0.000164,0.000000,0.000000,0.000000,0.000000,0.000000,0.000000,0.000000,0.000000,0.000000,0.000000,0.000000,0.000000,0.000000,0.000000,0.000000,0.000000,0.000000,0.000000,0.000000,0.000000,0.000000,0.000000,0.000000,0.000000,0.000000,0.000000,0.000000,0.000000,0.000000,0.000000,0.000000,0.000000,0.000000,0.000000,0.000000,0.000000,0.000000,0.000000,0.000000,0.000000,0.000000,0.000000,0.000000,0.000000,0.000000,0.000000,0.000000,0.000000,0.000000,0.000000,0.000000,0.000000,0.000000,0.000000,0.000000,0.000000,0.000000,0.000000,0.000000,0.000000,0.000000,0.000000,0.000000,0.000000,0.000016,0.000000,0.000000,0.000000,0.000000,0.000000,0.000000,0.000000,0.000000,0.000000,0.000000,0.000000,0.000000,0.000000,0.000000,0.000000,0.000000,0.000000,0.000000,0.000000,0.000000,0.000000,0.000000,0.000000,0.000000,0.000000,0.000000,0.000000,0.000000,0.000000,0.000000,0.000000,0.000000,0.000000,0.000000,0.000000,0.000000,0.000000,0.000000,0.000000,0.000000,0.000016,0.000000,0.000016,0.000000,0.000000,0.000000,0.000000,0.000000,0.000000,0.000000,0.000000,0.000000,0.000000,0.000000,0.000000,0.000000,0.000000,0.000000,0.000000,0.000000,0.000016,0.000016,0.000000,0.000000,0.000000,0.000000,0.000000,0.000000,0.000000,0.000000,0.000016,0.000000,0.000000,0.000000,0.000000,0.000000,0.000000,0.000000,0.000000,0.000000,0.000000,0.000000,0.000016,0.000000,0.000000,0.000000,0.000000,0.000000,0.000000,0.000016,0.000000,0.000000,0.000000,0.000000,0.000000,0.000000,0.000000,0.000000,0.000000,0.000000,0.000000,0.000000,0.000000,0.000000,0.000000,0.000000,0.000016,0.000000,0.000000,0.000000,0.000016,0.000000,0.000000,0.000000,0.000000,0.000000,0.000000,0.000000,0.000000,0.000000
0.259000,0.000278,0.000000,0.000000,0.000000,0.000016,0.000000,0.000000,0.000000,0.000000,0.000000,0.000000,0.000000,0.000000,0.000000,0.000000,0.000000,0.000000,0.000000,0.000000,0.000000,0.000000,0.000000,0.000000,0.000000,0.000000,0.000016,0.000000,0.000000,0.000000,0.000000,0.000000,0.000000,0.000000,0.000000,0.000000,0.000016,0.000000,0.000000,0.000000,0.000000,0.000000,0.000000,0.000000,0.000000,0.000000,0.000000,0.000000,0.000000,0.000000,0.000000,0.000000,0.000000,0.000000,0.000000,0.000000,0.000000,0.000000,0.000000,0.000000,0.000000,0.000000,0.000000,0.000000,0.000000,0.000000,0.000000,0.000000,0.000000,0.000000,0.000000,0.000000,0.000000,0.000000,0.000000,0.000000,0.000000,0.000000,0.000000,0.000000,0.000000,0.000000,0.000000,0.000000,0.000000,0.000000,0.000000,0.000000,0.000000,0.000000,0.000000,0.000000,0.000000,0.000000,0.000000,0.000000,0.000000,0.000000,0.000000,0.000000,0.000000,0.000000,0.000000,0.000000,0.000000,0.000000,0.000000,0.000000,0.000000,0.000000,0.000000,0.000000,0.000000,0.000000,0.000000,0.000000,0.000000,0.000000,0.000000,0.000000,0.000000,0.000000,0.000000,0.000000,0.000000,0.000016,0.000000,0.000000,0.000000,0.000000,0.000000,0.000000,0.000000,0.000016,0.000000,0.000000,0.000000,0.000000,0.000016,0.000000,0.000033,0.000016,0.000000,0.000000,0.000000,0.000000,0.000000,0.000016,0.000000,0.000000,0.000000,0.000000,0.000000,0.000000,0.000000,0.000000,0.000033,0.000000,0.000000,0.000000,0.000000,0.000000,0.000000,0.000016,0.000000,0.000016,0.000000,0.000000,0.000016,0.000000,0.000000,0.000000,0.000000,0.000000,0.000016,0.000000,0.000000,0.000000,0.000000,0.000000,0.000000,0.000000,0.000016,0.000000,0.000000,0.000000,0.000000
0.260000,0.000115,0.000000,0.000000,0.000000,0.000000,0.000000,0.000000,0.000000,0.000000,0.000000,0.000000,0.000000,0.000000,0.000000,0.000000,0.000000,0.000000,0.000000,0.000000,0.000000,0.000000,0.000000,0.000000,0.000000,0.000000,0.000000,0.000000,0.000000,0.000000,0.000000,0.000000,0.000000,0.000000,0.000000,0.000000,0.000000,0.000000,0.000000,0.000000,0.000000,0.000016,0.000000,0.000000,0.000000,0.000000,0.000000,0.000016,0.000016,0.000000,0.000000,0.000000,0.000000,0.000000,0.000000,0.000000,0.000000,0.000000,0.000000,0.000000,0.000000,0.000000,0.000000,0.000000,0.000000,0.000000,0.000000,0.000000,0.000000,0.000000,0.000000,0.000000,0.000000,0.000000,0.000000,0.000000,0.000000,0.000000,0.000000,0.000000,0.000000,0.000000,0.000000,0.000000,0.000000,0.000000,0.000000,0.000000,0.000000,0.000000,0.000000,0.000000,0.000000,0.000000,0.000000,0.000000,0.000000,0.000000,0.000000,0.000000,0.000000,0.000000,0.000000,0.000000,0.000000,0.000000,0.000000,0.000016,0.000016,0.000000,0.000000,0.000000,0.000000,0.000000,0.000000,0.000000,0.000000,0.000000,0.000000,0.000000,0.000000,0.000000,0.000000,0.000000,0.000000,0.000000,0.000016,0.000000,0.000000,0.000000,0.000000,0.000000,0.000000,0.000000,0.000000,0.000000,0.000000,0.000000,0.000000,0.000000,0.000000,0.000000,0.000000,0.000000,0.000000,0.000000,0.000000,0.000000,0.000000,0.000000,0.000000,0.000000,0.000000,0.000000,0.000000,0.000000,0.000000,0.000000,0.000000,0.000000,0.000000,0.000000,0.000000,0.000000,0.000000,0.000000,0.000000,0.000000,0.000000,0.000000,0.000000,0.000000,0.000016,0.000000,0.000000,0.000000,0.000000,0.000000,0.000000,0.000000,0.000000,0.000000,0.000000,0.000000,0.000000,0.000000,0.000000
0.261000,0.000196,0.000000,0.000000,0.000000,0.000000,0.000000,0.000016,0.000000,0.000000,0.000000,0.000000,0.000000,0.000000,0.000000,0.000000,0.000000,0.000000,0.000000,0.000000,0.000016,0.000000,0.000000,0.000000,0.000000,0.000000,0.000016,0.000000,0.000000,0.000000,0.000000,0.000000,0.000000,0.000000,0.000000,0.000000,0.000000,0.000000,0.000000,0.000000,0.000000,0.000000,0.000000,0.000000,0.000000,0.000000,0.000000,0.000000,0.000000,0.000000,0.000000,0.000000,0.000000,0.000000,0.000000,0.000000,0.000000,0.000000,0.000000,0.000000,0.000000,0.000000,0.000000,0.000000,0.000000,0.000000,0.000000,0.000000,0.000000,0.000000,0.000000,0.000000,0.000000,0.000016,0.000000,0.000000,0.000000,0.000000,0.000000,0.000000,0.000000,0.000000,0.000000,0.000000,0.000000,0.000000,0.000000,0.000000,0.000000,0.000000,0.000000,0.000000,0.000000,0.000000,0.000000,0.000000,0.000000,0.000000,0.000000,0.000000,0.000016,0.000000,0.000000,0.000000,0.000000,0.000000,0.000000,0.000000,0.000016,0.000000,0.000000,0.000000,0.000016,0.000000,0.000000,0.000000,0.000000,0.000000,0.000000,0.000000,0.000000,0.000000,0.000000,0.000000,0.000000,0.000000,0.000000,0.000016,0.000016,0.000000,0.000000,0.000000,0.000000,0.000000,0.000000,0.000000,0.000000,0.000000,0.000000,0.000000,0.000000,0.000000,0.000000,0.000000,0.000000,0.000000,0.000000,0.000000,0.000000,0.000000,0.000000,0.000000,0.000016,0.000000,0.000000,0.000000,0.000000,0.000000,0.000000,0.000000,0.000000,0.000000,0.000000,0.000016,0.000000,0.000000,0.000000,0.000000,0.000000,0.000000,0.000000,0.000000,0.000000,0.000000,0.000000,0.000000,0.000016,0.000000,0.000000,0.000000,0.000000,0.000000,0.000000,0.000000,0.000000,0.000000,0.000000
0.262000,0.000246,0.000000,0.000000,0.000000,0.000000,0.000000,0.000000,0.000033,0.000000,0.000000,0.000000,0.000000,0.000000,0.000000,0.000000,0.000000,0.000000,0.000000,0.000000,0.000000,0.000000,0.000000,0.000000,0.000000,0.000000,0.000000,0.000000,0.000000,0.000000,0.000000,0.000000,0.000000,0.000000,0.000000,0.000000,0.000000,0.000000,0.000000,0.000000,0.000000,0.000000,0.000000,0.000000,0.000016,0.000000,0.000000,0.000000,0.000000,0.000000,0.000000,0.000000,0.000000,0.000000,0.000000,0.000000,0.000000,0.000000,0.000000,0.000000,0.000000,0.000000,0.000000,0.000000,0.000000,0.000000,0.000000,0.000000,0.000000,0.000000,0.000000,0.000000,0.000000,0.000000,0.000000,0.000000,0.000000,0.000000,0.000000,0.000000,0.000000,0.000000,0.000000,0.000000,0.000000,0.000000,0.000000,0.000000,0.000000,0.000000,0.000000,0.000000,0.000000,0.000000,0.000000,0.000000,0.000000,0.000000,0.000000,0.000000,0.000000,0.000000,0.000000,0.000016,0.000016,0.000000,0.000000,0.000016,0.000000,0.000000,0.000000,0.000000,0.000000,0.000000,0.000016,0.000000,0.000000,0.000000,0.000000,0.000000,0.000000,0.000000,0.000016,0.000000,0.000000,0.000000,0.000000,0.000000,0.000000,0.000000,0.000000,0.000000,0.000016,0.000016,0.000000,0.000000,0.000000,0.000000,0.000000,0.000000,0.000000,0.000000,0.000000,0.000000,0.000000,0.000000,0.000000,0.000000,0.000000,0.000000,0.000000,0.000000,0.000016,0.000000,0.000000,0.000000,0.000000,0.000000,0.000000,0.000000,0.000000,0.000000,0.000000,0.000000,0.000000,0.000000,0.000000,0.000000,0.000016,0.000000,0.000000,0.000000,0.000016,0.000000,0.000000,0.000000,0.000000,0.000016,0.000000,0.000000,0.000000,0.000000,0.000000,0.000016,0.000000,0.000000,0.000000
0.263000,0.000196,0.000000,0.000000,0.000000,0.000016,0.000000,0.000000,0.000000,0.000000,0.000000,0.000000,0.000000,0.000000,0.000000,0.000000,0.000000,0.000000,0.000000,0.000000,0.000000,0.000000,0.000000,0.000000,0.000000,0.000000,0.000000,0.000000,0.000000,0.000000,0.000000,0.000000,0.000000,0.000000,0.000000,0.000000,0.000000,0.000000,0.000000,0.000000,0.000000,0.000000,0.000000,0.000000,0.000000,0.000000,0.000000,0.000000,0.000000,0.000000,0.000000,0.000000,0.000000,0.000000,0.000000,0.000000,0.000000,0.000000,0.000000,0.000000,0.000000,0.000000,0.000000,0.000000,0.000000,0.000000,0.000000,0.000000,0.000000,0.000000,0.000000,0.000000,0.000000,0.000000,0.000000,0.000000,0.000000,0.000000,0.000000,0.000000,0.000000,0.000000,0.000000,0.000000,0.000000,0.000000,0.000000,0.000000,0.000000,0.000000,0.000000,0.000000,0.000000,0.000000,0.000000,0.000000,0.000000,0.000000,0.000000,0.000000,0.000000,0.000000,0.000000,0.000000,0.000000,0.000000,0.000000,0.000000,0.000000,0.000000,0.000000,0.000000,0.000000,0.000033,0.000000,0.000016,0.000000,0.000000,0.000000,0.000000,0.000000,0.000000,0.000000,0.000000,0.000000,0.000016,0.000000,0.000016,0.000000,0.000000,0.000000,0.000000,0.000000,0.000000,0.000016,0.000000,0.000000,0.000000,0.000000,0.000000,0.000000,0.000016,0.000000,0.000000,0.000000,0.000000,0.000000,0.000000,0.000000,0.000000,0.000000,0.000016,0.000000,0.000000,0.000000,0.000000,0.000000,0.000000,0.000000,0.000000,0.000000,0.000016,0.000000,0.000000,0.000000,0.000000,0.000016,0.000000,0.000000,0.000000,0.000000,0.000000,0.000000,0.000000,0.000000,0.000016,0.000000,0.000000,0.000000,0.000000,0.000000,0.000000,0.000000,0.000000,0.000000,0.000000,0.000000
0.264000,0.000229,0.000000,0.000000,0.000000,0.000000,0.000000,0.000000,0.000000,0.000000,0.000000,0.000000,0.000000,0.000000,0.000000,0.000000,0.000000,0.000000,0.000000,0.000000,0.000000,0.000000,0.000000,0.000000,0.000000,0.000000,0.000000,0.000000,0.000000,0.000000,0.000000,0.000000,0.000000,0.000000,0.000000,0.000000,0.000000,0.000000,0.000000,0.000000,0.000000,0.000000,0.000000,0.000000,0.000000,0.000000,0.000000,0.000000,0.000000,0.000000,0.000000,0.000000,0.000000,0.000000,0.000000,0.000000,0.000000,0.000000,0.000000,0.000000,0.000000,0.000000,0.000000,0.000000,0.000000,0.000000,0.000000,0.000000,0.000000,0.000000,0.000000,0.000000,0.000000,0.000000,0.000000,0.000000,0.000000,0.000000,0.000000,0.000000,0.000000,0.000000,0.000000,0.000000,0.000000,0.000000,0.000000,0.000000,0.000000,0.000000,0.000000,0.000000,0.000000,0.000000,0.000000,0.000000,0.000000,0.000000,0.000000,0.000000,0.000000,0.000000,0.000000,0.000000,0.000000,0.000000,0.000016,0.000000,0.000000,0.000000,0.000000,0.000000,0.000000,0.000000,0.000016,0.000000,0.000000,0.000000,0.000016,0.000000,0.000000,0.000000,0.000016,0.000000,0.000000,0.000000,0.000000,0.000016,0.000000,0.000000,0.000016,0.000000,0.000000,0.000000,0.000000,0.000000,0.000016,0.000000,0.000000,0.000000,0.000000,0.000000,0.000000,0.000000,0.000000,0.000000,0.000016,0.000000,0.000016,0.000000,0.000000,0.000000,0.000016,0.000000,0.000000,0.000000,0.000000,0.000000,0.000000,0.000000,0.000000,0.000033,0.000000,0.000000,0.000000,0.000000,0.000000,0.000016,0.000000,0.000000,0.000000,0.000000,0.000000,0.000000,0.000000,0.000000,0.000000,0.000000,0.000000,0.000000,0.000000,0.000000,0.000016,0.000000,0.000000,0.000000,0.000000
0.265000,0.000164,0.000000,0.000000,0.000000,0.000000,0.000016,0.000000,0.000000,0.000000,0.000000,0.000000,0.000000,0.000000,0.000000,0.000000,0.000000,0.000000,0.000000,0.000000,0.000000,0.000000,0.000000,0.000000,0.000000,0.000016,0.000000,0.000000,0.000000,0.000000,0.000000,0.000000,0.000000,0.000000,0.000000,0.000016,0.000000,0.000000,0.000000,0.000000,0.000000,0.000000,0.000000,0.000000,0.000000,0.000000,0.000000,0.000000,0.000000,0.000000,0.000000,0.000000,0.000000,0.000000,0.000000,0.000000,0.000000,0.000016,0.000000,0.000000,0.000000,0.000000,0.000000,0.000000,0.000000,0.000000,0.000000,0.000000,0.000000,0.000000,0.000000,0.000000,0.000000,0.000000,0.000000,0.000000,0.000000,0.000000,0.000000,0.000000,0.000000,0.000000,0.000000,0.000000,0.000000,0.000000,0.000000,0.000000,0.000000,0.000000,0.000000,0.000000,0.000000,0.000000,0.000000,0.000000,0.000000,0.000000,0.000000,0.000000,0.000000,0.000000,0.000000,0.000000,0.000000,0.000000,0.000016,0.000000,0.000016,0.000000,0.000000,0.000000,0.000000,0.000000,0.000000,0.000000,0.000000,0.000000,0.000000,0.000000,0.000000,0.000000,0.000000,0.000000,0.000000,0.000000,0.000000,0.000000,0.000000,0.000000,0.000000,0.000000,0.000000,0.000000,0.000000,0.000000,0.000000,0.000000,0.000016,0.000000,0.000000,0.000000,0.000000,0.000000,0.000000,0.000000,0.000000,0.000000,0.000000,0.000000,0.000000,0.000000,0.000000,0.000000,0.000000,0.000000,0.000000,0.000016,0.000000,0.000000,0.000000,0.000000,0.000000,0.000000,0.000000,0.000000,0.000000,0.000000,0.000000,0.000000,0.000000,0.000000,0.000016,0.000000,0.000000,0.000000,0.000000,0.000000,0.000000,0.000000,0.000000,0.000016,0.000000,0.000000,0.000000,0.000000,0.000000
0.266000,0.000246,0.000000,0.000000,0.000000,0.000000,0.000000,0.000000,0.000000,0.000000,0.000000,0.000016,0.000000,0.000000,0.000000,0.000000,0.000000,0.000000,0.000000,0.000000,0.000000,0.000000,0.000000,0.000000,0.000000,0.000000,0.000000,0.000000,0.000000,0.000000,0.000000,0.000000,0.000000,0.000000,0.000016,0.000016,0.000000,0.000000,0.000000,0.000000,0.000000,0.000000,0.000000,0.000000,0.000000,0.000000,0.000000,0.000000,0.000000,0.000000,0.000000,0.000000,0.000000,0.000000,0.000000,0.000000,0.000000,0.000000,0.000000,0.000000,0.000000,0.000000,0.000000,0.000000,0.000000,0.000000,0.000000,0.000000,0.000000,0.000000,0.000000,0.000000,0.000000,0.000000,0.000000,0.000000,0.000000,0.000000,0.000000,0.000000,0.000000,0.000000,0.000000,0.000000,0.000000,0.000000,0.000000,0.000000,0.000000,0.000000,0.000000,0.000000,0.000000,0.000000,0.000000,0.000000,0.000000,0.000000,0.000000,0.000000,0.000016,0.000000,0.000000,0.000000,0.000000,0.000000,0.000000,0.000016,0.000016,0.000000,0.000000,0.000000,0.000000,0.000016,0.000000,0.000000,0.000000,0.000000,0.000000,0.000000,0.000000,0.000000,0.000016,0.000000,0.000000,0.000000,0.000000,0.000000,0.000000,0.000000,0.000000,0.000000,0.000000,0.000000,0.000000,0.000000,0.000000,0.000000,0.000000,0.000000,0.000000,0.000033,0.000000,0.000000,0.000000,0.000016,0.000000,0.000000,0.000000,0.000000,0.000000,0.000000,0.000000,0.000000,0.000000,0.000000,0.000000,0.000000,0.000000,0.000033,0.000000,0.000000,0.000016,0.000000,0.000000,0.000000,0.000000,0.000000,0.000000,0.000000,0.000000,0.000000,0.000000,0.000000,0.000000,0.000000,0.000000,0.000000,0.000000,0.000000,0.000000,0.000000,0.000016,0.000000,0.000000,0.000000,0.000000
0.267000,0.000311,0.000000,0.000000,0.000000,0.000000,0.000000,0.000000,0.000000,0.000000,0.000000,0.000016,0.000000,0.000000,0.000000,0.000000,0.000000,0.000000,0.000000,0.000000,0.000000,0.000000,0.000000,0.000000,0.000000,0.000000,0.000000,0.000000,0.000000,0.000000,0.000000,0.000000,0.000000,0.000000,0.000000,0.000000,0.000000,0.000000,0.000000,0.000000,0.000000,0.000000,0.000000,0.000000,0.000000,0.000000,0.000000,0.000000,0.000000,0.000000,0.000000,0.000000,0.000000,0.000000,0.000000,0.000000,0.000000,0.000000,0.000000,0.000000,0.000000,0.000000,0.000000,0.000000,0.000000,0.000000,0.000000,0.000000,0.000000,0.000000,0.000000,0.000000,0.000000,0.000000,0.000000,0.000000,0.000000,0.000000,0.000000,0.000000,0.000000,0.000000,0.000000,0.000000,0.000000,0.000000,0.000000,0.000000,0.000000,0.000000,0.000000,0.000000,0.000000,0.000000,0.000000,0.000000,0.000000,0.000000,0.000000,0.000000,0.000016,0.000000,0.000000,0.000000,0.000016,0.000000,0.000000,0.000000,0.000016,0.000016,0.000000,0.000016,0.000016,0.000000,0.000000,0.000000,0.000000,0.000000,0.000000,0.000000,0.000000,0.000000,0.000000,0.000000,0.000000,0.000000,0.000000,0.000000,0.000000,0.000000,0.000000,0.000000,0.000000,0.000000,0.000000,0.000000,0.000000,0.000000,0.000016,0.000000,0.000000,0.000000,0.000000,0.000000,0.000000,0.000000,0.000000,0.000000,0.000000,0.000000,0.000000,0.000000,0.000016,0.000016,0.000000,0.000000,0.000000,0.000000,0.000000,0.000000,0.000016,0.000000,0.000033,0.000000,0.000000,0.000000,0.000000,0.000016,0.000000,0.000000,0.000000,0.000016,0.000000,0.000000,0.000016,0.000000,0.000000,0.000000,0.000016,0.000000,0.000016,0.000016,0.000000,0.000000,0.000000,0.000000,0.000000
0.268000,0.000115,0.000000,0.000000,0.000000,0.000000,0.000000,0.000000,0.000000,0.000000,0.000000,0.000000,0.000000,0.000000,0.000000,0.000000,0.000000,0.000000,0.000000,0.000000,0.000000,0.000000,0.000000,0.000000,0.000000,0.000000,0.000000,0.000000,0.000000,0.000000,0.000000,0.000000,0.000000,0.000000,0.000000,0.000000,0.000000,0.000000,0.000000,0.000000,0.000000,0.000000,0.000000,0.000000,0.000000,0.000000,0.000000,0.000000,0.000000,0.000000,0.000000,0.000000,0.000000,0.000000,0.000000,0.000000,0.000000,0.000000,0.000000,0.000000,0.000000,0.000000,0.000000,0.000000,0.000000,0.000000,0.000000,0.000000,0.000000,0.000000,0.000000,0.000000,0.000000,0.000000,0.000000,0.000000,0.000000,0.000000,0.000000,0.000000,0.000000,0.000000,0.000000,0.000000,0.000000,0.000000,0.000000,0.000000,0.000000,0.000000,0.000000,0.000000,0.000000,0.000000,0.000000,0.000000,0.000000,0.000000,0.000000,0.000000,0.000016,0.000000,0.000000,0.000000,0.000000,0.000000,0.000000,0.000000,0.000000,0.000000,0.000000,0.000000,0.000000,0.000000,0.000000,0.000000,0.000000,0.000000,0.000000,0.000000,0.000000,0.000000,0.000000,0.000000,0.000000,0.000000,0.000000,0.000016,0.000000,0.000000,0.000000,0.000000,0.000000,0.000000,0.000000,0.000016,0.000000,0.000000,0.000000,0.000000,0.000016,0.000000,0.000000,0.000000,0.000000,0.000016,0.000000,0.000000,0.000000,0.000000,0.000000,0.000000,0.000000,0.000000,0.000000,0.000000,0.000000,0.000000,0.000000,0.000000,0.000000,0.000000,0.000000,0.000000,0.000000,0.000000,0.000000,0.000000,0.000016,0.000000,0.000000,0.000000,0.000000,0.000000,0.000000,0.000000,0.000000,0.000000,0.000016,0.000000,0.000000,0.000000,0.000000,0.000000,0.000000,0.000000,0.000000
0.269000,0.000049,0.000000,0.000000,0.000000,0.000000,0.000000,0.000000,0.000000,0.000000,0.000000,0.000000,0.000000,0.000000,0.000000,0.000000,0.000000,0.000000,0.000000,0.000000,0.000000,0.000000,0.000000,0.000000,0.000000,0.000000,0.000000,0.000000,0.000000,0.000000,0.000000,0.000000,0.000000,0.000000,0.000000,0.000000,0.000000,0.000000,0.000000,0.000000,0.000000,0.000000,0.000000,0.000000,0.000000,0.000000,0.000000,0.000000,0.000000,0.000000,0.000000,0.000000,0.000000,0.000000,0.000000,0.000000,0.000000,0.000000,0.000000,0.000000,0.000000,0.000000,0.000000,0.000000,0.000000,0.000000,0.000000,0.000000,0.000000,0.000000,0.000000,0.000000,0.000000,0.000000,0.000000,0.000000,0.000000,0.000000,0.000000,0.000000,0.000000,0.000000,0.000000,0.000000,0.000000,0.000000,0.000000,0.000000,0.000000,0.000000,0.000000,0.000000,0.000000,0.000000,0.000000,0.000000,0.000000,0.000000,0.000000,0.000000,0.000000,0.000000,0.000000,0.000000,0.000000,0.000000,0.000000,0.000000,0.000000,0.000016,0.000000,0.000000,0.000000,0.000000,0.000000,0.000000,0.000000,0.000000,0.000000,0.000016,0.000000,0.000000,0.000000,0.000000,0.000000,0.000000,0.000000,0.000000,0.000000,0.000000,0.000016,0.000000,0.000000,0.000000,0.000000,0.000000,0.000000,0.000000,0.000000,0.000000,0.000000,0.000000,0.000000,0.000000,0.000000,0.000000,0.000000,0.000000,0.000000,0.000000,0.000000,0.000000,0.000000,0.000000,0.000000,0.000000,0.000000,0.000000,0.000000,0.000000,0.000000,0.000000,0.000000,0.000000,0.000000,0.000000,0.000000,0.000000,0.000000,0.000000,0.000000,0.000000,0.000000,0.000000,0.000000,0.000000,0.000000,0.000000,0.000000,0.000000,0.000000,0.000000,0.000000,0.000000,0.000000,0.000000,0.000000
0.270000,0.000115,0.000000,0.000000,0.000000,0.000000,0.000000,0.000000,0.000000,0.000000,0.000000,0.000000,0.000000,0.000000,0.000000,0.000000,0.000000,0.000000,0.000000,0.000000,0.000000,0.000000,0.000000,0.000000,0.000016,0.000000,0.000000,0.000000,0.000000,0.000000,0.000000,0.000000,0.000000,0.000000,0.000000,0.000000,0.000000,0.000000,0.000000,0.000000,0.000000,0.000000,0.000000,0.000000,0.000000,0.000000,0.000000,0.000000,0.000000,0.000000,0.000000,0.000000,0.000000,0.000000,0.000000,0.000000,0.000000,0.000000,0.000000,0.000000,0.000000,0.000000,0.000000,0.000000,0.000000,0.000000,0.000000,0.000000,0.000000,0.000000,0.000000,0.000000,0.000000,0.000000,0.000000,0.000000,0.000000,0.000000,0.000000,0.000000,0.000000,0.000000,0.000000,0.000000,0.000000,0.000000,0.000000,0.000000,0.000000,0.000000,0.000000,0.000000,0.000000,0.000000,0.000000,0.000000,0.000000,0.000000,0.000000,0.000000,0.000000,0.000000,0.000000,0.000016,0.000000,0.000000,0.000000,0.000000,0.000000,0.000000,0.000000,0.000000,0.000000,0.000000,0.000000,0.000000,0.000000,0.000000,0.000000,0.000000,0.000016,0.000000,0.000000,0.000000,0.000000,0.000000,0.000000,0.000000,0.000016,0.000000,0.000000,0.000000,0.000000,0.000000,0.000000,0.000000,0.000000,0.000000,0.000000,0.000000,0.000000,0.000000,0.000000,0.000000,0.000016,0.000000,0.000016,0.000000,0.000016,0.000000,0.000000,0.000000,0.000000,0.000000,0.000000,0.000000,0.000000,0.000000,0.000000,0.000000,0.000000,0.000000,0.000000,0.000000,0.000000,0.000000,0.000000,0.000000,0.000000,0.000000,0.000000,0.000000,0.000000,0.000000,0.000000,0.000000,0.000000,0.000000,0.000000,0.000000,0.000000,0.000000,0.000000,0.000000,0.000000,0.000000,0.000000
0.271000,0.000180,0.000000,0.000000,0.000000,0.000000,0.000000,0.000016,0.000000,0.000000,0.000000,0.000000,0.000000,0.000000,0.000000,0.000000,0.000000,0.000000,0.000000,0.000000,0.000016,0.000000,0.000000,0.000000,0.000000,0.000000,0.000000,0.000000,0.000000,0.000000,0.000000,0.000000,0.000000,0.000000,0.000000,0.000000,0.000000,0.000000,0.000000,0.000000,0.000000,0.000000,0.000000,0.000000,0.000000,0.000000,0.000000,0.000000,0.000000,0.000000,0.000000,0.000000,0.000000,0.000000,0.000000,0.000000,0.000000,0.000000,0.000000,0.000000,0.000000,0.000000,0.000000,0.000000,0.000000,0.000000,0.000000,0.000000,0.000000,0.000000,0.000000,0.000000,0.000000,0.000000,0.000000,0.000000,0.000000,0.000000,0.000000,0.000000,0.000000,0.000000,0.000000,0.000000,0.000000,0.000000,0.000000,0.000000,0.000000,0.000000,0.000000,0.000000,0.000000,0.000000,0.000000,0.000000,0.000000,0.000000,0.000000,0.000000,0.000000,0.000000,0.000000,0.000000,0.000000,0.000000,0.000000,0.000000,0.000000,0.000000,0.000000,0.000000,0.000000,0.000000,0.000000,0.000000,0.000016,0.000000,0.000000,0.000000,0.000000,0.000000,0.000000,0.000000,0.000000,0.000000,0.000000,0.000000,0.000000,0.000000,0.000000,0.000000,0.000000,0.000000,0.000000,0.000016,0.000016,0.000000,0.000000,0.000016,0.000000,0.000000,0.000000,0.000000,0.000000,0.000000,0.000000,0.000016,0.000016,0.000000,0.000000,0.000000,0.000000,0.000000,0.000000,0.000000,0.000000,0.000000,0.000000,0.000016,0.000000,0.000000,0.000000,0.000000,0.000000,0.000000,0.000000,0.000016,0.000000,0.000000,0.000000,0.000000,0.000000,0.000000,0.000000,0.000000,0.000000,0.000000,0.000000,0.000000,0.000000,0.000000,0.000000,0.000000,0.000000,0.000016,0.000000
0.272000,0.000147,0.000000,0.000000,0.000000,0.000000,0.000000,0.000000,0.000000,0.000000,0.000000,0.000000,0.000000,0.000000,0.000000,0.000000,0.000000,0.000000,0.000000,0.000000,0.000016,0.000000,0.000000,0.000000,0.000000,0.000000,0.000016,0.000000,0.000000,0.000000,0.000000,0.000000,0.000000,0.000000,0.000000,0.000000,0.000000,0.000000,0.000000,0.000000,0.000000,0.000000,0.000000,0.000000,0.000000,0.000000,0.000000,0.000000,0.000000,0.000000,0.000000,0.000000,0.000000,0.000000,0.000000,0.000000,0.000000,0.000000,0.000000,0.000000,0.000000,0.000000,0.000000,0.000000,0.000000,0.000000,0.000000,0.000000,0.000000,0.000000,0.000000,0.000000,0.000000,0.000000,0.000000,0.000000,0.000000,0.000000,0.000000,0.000000,0.000000,0.000000,0.000000,0.000000,0.000000,0.000000,0.000000,0.000000,0.000000,0.000000,0.000000,0.000000,0.000000,0.000000,0.000000,0.000000,0.000000,0.000000,0.000000,0.000000,0.000000,0.000000,0.000000,0.000000,0.000000,0.000000,0.000000,0.000000,0.000000,0.000000,0.000000,0.000000,0.000000,0.000000,0.000000,0.000000,0.000000,0.000016,0.000000,0.000000,0.000000,0.000000,0.000016,0.000000,0.000000,0.000000,0.000000,0.000000,0.000016,0.000000,0.000000,0.000000,0.000000,0.000016,0.000000,0.000000,0.000000,0.000000,0.000000,0.000000,0.000000,0.000000,0.000000,0.000000,0.000000,0.000000,0.000000,0.000000,0.000016,0.000000,0.000000,0.000000,0.000000,0.000000,0.000000,0.000016,0.000000,0.000000,0.000000,0.000000,0.000000,0.000000,0.000000,0.000000,0.000000,0.000000,0.000000,0.000000,0.000000,0.000000,0.000000,0.000000,0.000016,0.000000,0.000000,0.000000,0.000000,0.000000,0.000000,0.000000,0.000000,0.000000,0.000000,0.000000,0.000000,0.000000,0.000000
0.273000,0.000180,0.000000,0.000000,0.000000,0.000000,0.000000,0.000000,0.000000,0.000000,0.000000,0.000000,0.000000,0.000000,0.000000,0.000000,0.000000,0.000000,0.000000,0.000000,0.000000,0.000000,0.000000,0.000000,0.000000,0.000000,0.000000,0.000000,0.000000,0.000000,0.000000,0.000000,0.000000,0.000000,0.000000,0.000000,0.000000,0.000000,0.000000,0.000000,0.000000,0.000000,0.000000,0.000000,0.000000,0.000000,0.000000,0.000000,0.000000,0.000000,0.000000,0.000000,0.000000,0.000000,0.000000,0.000000,0.000000,0.000000,0.000000,0.000016,0.000000,0.000000,0.000000,0.000000,0.000000,0.000000,0.000000,0.000000,0.000000,0.000000,0.000000,0.000000,0.000000,0.000000,0.000000,0.000000,0.000000,0.000000,0.000000,0.000000,0.000000,0.000000,0.000000,0.000000,0.000000,0.000000,0.000000,0.000000,0.000000,0.000000,0.000000,0.000000,0.000000,0.000000,0.000000,0.000000,0.000000,0.000000,0.000000,0.000000,0.000000,0.000000,0.000000,0.000000,0.000000,0.000000,0.000000,0.000000,0.000000,0.000016,0.000016,0.000000,0.000000,0.000000,0.000000,0.000000,0.000000,0.000000,0.000000,0.000016,0.000000,0.000000,0.000000,0.000000,0.000000,0.000000,0.000000,0.000000,0.000000,0.000016,0.000000,0.000000,0.000000,0.000000,0.000000,0.000016,0.000000,0.000000,0.000000,0.000000,0.000000,0.000000,0.000000,0.000000,0.000000,0.000000,0.000016,0.000000,0.000000,0.000000,0.000000,0.000000,0.000000,0.000000,0.000000,0.000000,0.000016,0.000000,0.000000,0.000000,0.000000,0.000000,0.000000,0.000016,0.000000,0.000000,0.000000,0.000000,0.000000,0.000000,0.000000,0.000000,0.000000,0.000000,0.000000,0.000000,0.000000,0.000016,0.000000,0.000000,0.000000,0.000000,0.000000,0.000000,0.000000,0.000000,0.000016
0.274000,0.000147,0.000000,0.000000,0.000000,0.000000,0.000000,0.000000,0.000000,0.000000,0.000000,0.000000,0.000000,0.000000,0.000000,0.000000,0.000000,0.000000,0.000000,0.000000,0.000000,0.000000,0.000000,0.000000,0.000000,0.000000,0.000000,0.000000,0.000000,0.000000,0.000000,0.000000,0.000000,0.000000,0.000000,0.000000,0.000000,0.000000,0.000000,0.000000,0.000000,0.000000,0.000000,0.000000,0.000000,0.000000,0.000000,0.000000,0.000000,0.000000,0.000000,0.000000,0.000000,0.000000,0.000000,0.000000,0.000000,0.000000,0.000000,0.000000,0.000000,0.000000,0.000000,0.000000,0.000000,0.000000,0.000000,0.000000,0.000000,0.000000,0.000000,0.000000,0.000000,0.000000,0.000000,0.000000,0.000000,0.000000,0.000000,0.000000,0.000000,0.000000,0.000000,0.000000,0.000000,0.000000,0.000000,0.000000,0.000000,0.000000,0.000000,0.000000,0.000000,0.000000,0.000000,0.000000,0.000000,0.000000,0.000000,0.000000,0.000000,0.000000,0.000000,0.000000,0.000000,0.000000,0.000000,0.000000,0.000000,0.000000,0.000000,0.000000,0.000000,0.000016,0.000000,0.000000,0.000000,0.000000,0.000000,0.000000,0.000000,0.000000,0.000000,0.000000,0.000000,0.000000,0.000000,0.000000,0.000000,0.000016,0.000016,0.000000,0.000000,0.000000,0.000000,0.000000,0.000016,0.000000,0.000000,0.000000,0.000000,0.000000,0.000000,0.000000,0.000016,0.000000,0.000000,0.000000,0.000000,0.000000,0.000000,0.000000,0.000000,0.000000,0.000000,0.000000,0.000000,0.000000,0.000000,0.000000,0.000000,0.000016,0.000000,0.000000,0.000000,0.000000,0.000000,0.000033,0.000016,0.000000,0.000000,0.000000,0.000000,0.000000,0.000000,0.000000,0.000000,0.000000,0.000000,0.000000,0.000000,0.000000,0.000000,0.000000,0.000000,0.000000,0.000000
0.275000,0.000196,0.000000,0.000000,0.000000,0.000000,0.000000,0.000000,0.000000,0.000000,0.000000,0.000000,0.000000,0.000000,0.000000,0.000000,0.000000,0.000000,0.000000,0.000000,0.000000,0.000000,0.000000,0.000000,0.000000,0.000000,0.000000,0.000000,0.000000,0.000000,0.000000,0.000000,0.000000,0.000000,0.000000,0.000000,0.000000,0.000000,0.000000,0.000000,0.000000,0.000000,0.000000,0.000000,0.000000,0.000000,0.000000,0.000000,0.000000,0.000000,0.000000,0.000000,0.000000,0.000000,0.000000,0.000000,0.000000,0.000000,0.000000,0.000000,0.000000,0.000000,0.000000,0.000000,0.000000,0.000000,0.000000,0.000000,0.000000,0.000000,0.000000,0.000000,0.000000,0.000000,0.000000,0.000000,0.000000,0.000000,0.000000,0.000000,0.000000,0.000000,0.000000,0.000000,0.000000,0.000000,0.000000,0.000000,0.000000,0.000000,0.000000,0.000000,0.000000,0.000000,0.000000,0.000000,0.000000,0.000000,0.000000,0.000000,0.000000,0.000000,0.000000,0.000000,0.000000,0.000000,0.000000,0.000000,0.000000,0.000000,0.000000,0.000000,0.000000,0.000000,0.000000,0.000000,0.000000,0.000000,0.000000,0.000000,0.000000,0.000000,0.000000,0.000000,0.000000,0.000000,0.000000,0.000000,0.000000,0.000000,0.000016,0.000000,0.000000,0.000000,0.000000,0.000000,0.000000,0.000000,0.000000,0.000000,0.000000,0.000000,0.000000,0.000000,0.000000,0.000000,0.000000,0.000000,0.000000,0.000016,0.000000,0.000000,0.000016,0.000000,0.000000,0.000000,0.000000,0.000000,0.000016,0.000016,0.000016,0.000016,0.000000,0.000000,0.000000,0.000000,0.000000,0.000000,0.000000,0.000000,0.000016,0.000000,0.000000,0.000000,0.000000,0.000016,0.000000,0.000033,0.000000,0.000000,0.000016,0.000000,0.000000,0.000000,0.000000,0.000000,0.000000
0.276000,0.000147,0.000000,0.000000,0.000000,0.000000,0.000000,0.000000,0.000000,0.000000,0.000000,0.000000,0.000000,0.000000,0.000000,0.000000,0.000000,0.000000,0.000000,0.000000,0.000000,0.000000,0.000000,0.000000,0.000000,0.000000,0.000000,0.000000,0.000000,0.000000,0.000000,0.000000,0.000000,0.000000,0.000000,0.000000,0.000000,0.000000,0.000000,0.000000,0.000000,0.000000,0.000000,0.000000,0.000000,0.000000,0.000000,0.000000,0.000000,0.000000,0.000000,0.000000,0.000000,0.000000,0.000000,0.000000,0.000000,0.000000,0.000000,0.000000,0.000000,0.000000,0.000000,0.000000,0.000000,0.000000,0.000000,0.000000,0.000000,0.000000,0.000000,0.000000,0.000000,0.000000,0.000000,0.000000,0.000000,0.000000,0.000000,0.000000,0.000000,0.000000,0.000000,0.000000,0.000000,0.000000,0.000000,0.000000,0.000000,0.000000,0.000000,0.000000,0.000000,0.000000,0.000000,0.000000,0.000000,0.000000,0.000016,0.000016,0.000016,0.000000,0.000000,0.000000,0.000000,0.000000,0.000000,0.000000,0.000000,0.000000,0.000000,0.000000,0.000000,0.000000,0.000000,0.000000,0.000000,0.000000,0.000000,0.000000,0.000000,0.000000,0.000000,0.000000,0.000000,0.000016,0.000000,0.000000,0.000000,0.000016,0.000000,0.000000,0.000000,0.000000,0.000016,0.000000,0.000000,0.000000,0.000000,0.000000,0.000000,0.000000,0.000000,0.000000,0.000000,0.000000,0.000000,0.000000,0.000000,0.000000,0.000000,0.000000,0.000000,0.000000,0.000000,0.000000,0.000000,0.000000,0.000000,0.000000,0.000000,0.000000,0.000016,0.000000,0.000000,0.000000,0.000000,0.000000,0.000000,0.000000,0.000000,0.000000,0.000000,0.000016,0.000000,0.000000,0.000000,0.000000,0.000000,0.000016,0.000000,0.000000,0.000000,0.000000,0.000000,0.000000,0.000000
0.277000,0.000147,0.000000,0.000000,0.000000,0.000000,0.000000,0.000000,0.000000,0.000000,0.000000,0.000000,0.000000,0.000000,0.000000,0.000000,0.000000,0.000000,0.000000,0.000000,0.000000,0.000000,0.000000,0.000000,0.000000,0.000000,0.000000,0.000000,0.000000,0.000000,0.000000,0.000000,0.000000,0.000000,0.000000,0.000000,0.000000,0.000000,0.000000,0.000000,0.000000,0.000000,0.000000,0.000000,0.000000,0.000000,0.000000,0.000000,0.000000,0.000000,0.000000,0.000000,0.000000,0.000000,0.000000,0.000000,0.000000,0.000000,0.000000,0.000000,0.000000,0.000000,0.000000,0.000000,0.000000,0.000000,0.000000,0.000000,0.000000,0.000000,0.000000,0.000000,0.000000,0.000000,0.000000,0.000000,0.000000,0.000000,0.000000,0.000000,0.000000,0.000000,0.000000,0.000016,0.000000,0.000000,0.000000,0.000000,0.000000,0.000000,0.000000,0.000000,0.000000,0.000000,0.000000,0.000000,0.000000,0.000000,0.000000,0.000000,0.000000,0.000000,0.000000,0.000000,0.000016,0.000000,0.000000,0.000000,0.000000,0.000000,0.000000,0.000000,0.000016,0.000000,0.000000,0.000000,0.000000,0.000000,0.000000,0.000000,0.000000,0.000000,0.000000,0.000000,0.000000,0.000016,0.000000,0.000000,0.000000,0.000000,0.000000,0.000000,0.000000,0.000000,0.000000,0.000016,0.000000,0.000000,0.000000,0.000000,0.000000,0.000000,0.000000,0.000000,0.000000,0.000000,0.000000,0.000000,0.000000,0.000000,0.000000,0.000000,0.000000,0.000000,0.000000,0.000000,0.000000,0.000033,0.000000,0.000016,0.000000,0.000000,0.000000,0.000000,0.000016,0.000000,0.000000,0.000000,0.000000,0.000000,0.000000,0.000000,0.000000,0.000000,0.000000,0.000000,0.000000,0.000000,0.000000,0.000000,0.000000,0.000000,0.000000,0.000000,0.000000,0.000000,0.000000
0.278000,0.000131,0.000000,0.000000,0.000000,0.000000,0.000000,0.000000,0.000000,0.000000,0.000000,0.000000,0.000000,0.000000,0.000000,0.000000,0.000000,0.000000,0.000000,0.000000,0.000000,0.000000,0.000000,0.000000,0.000000,0.000000,0.000000,0.000000,0.000000,0.000000,0.000000,0.000016,0.000000,0.000000,0.000000,0.000000,0.000000,0.000000,0.000000,0.000000,0.000000,0.000000,0.000000,0.000000,0.000000,0.000000,0.000000,0.000000,0.000000,0.000000,0.000000,0.000000,0.000000,0.000000,0.000000,0.000000,0.000000,0.000000,0.000000,0.000000,0.000000,0.000000,0.000000,0.000000,0.000000,0.000000,0.000000,0.000000,0.000000,0.000000,0.000000,0.000000,0.000000,0.000000,0.000000,0.000000,0.000000,0.000000,0.000000,0.000000,0.000000,0.000000,0.000000,0.000000,0.000000,0.000000,0.000000,0.000000,0.000000,0.000000,0.000000,0.000000,0.000000,0.000000,0.000000,0.000000,0.000000,0.000000,0.000000,0.000000,0.000000,0.000000,0.000000,0.000000,0.000000,0.000000,0.000000,0.000016,0.000000,0.000000,0.000000,0.000000,0.000016,0.000000,0.000000,0.000000,0.000000,0.000000,0.000000,0.000000,0.000000,0.000000,0.000000,0.000000,0.000000,0.000000,0.000000,0.000000,0.000000,0.000000,0.000000,0.000000,0.000000,0.000000,0.000000,0.000000,0.000000,0.000000,0.000000,0.000000,0.000000,0.000000,0.000016,0.000016,0.000000,0.000000,0.000000,0.000000,0.000000,0.000000,0.000000,0.000000,0.000000,0.000000,0.000000,0.000016,0.000016,0.000000,0.000000,0.000000,0.000000,0.000000,0.000000,0.000000,0.000000,0.000000,0.000000,0.000000,0.000000,0.000000,0.000000,0.000000,0.000000,0.000000,0.000000,0.000000,0.000000,0.000000,0.000000,0.000000,0.000016,0.000000,0.000000,0.000000,0.000000,0.000000,0.000000
0.279000,0.000098,0.000000,0.000000,0.000000,0.000000,0.000000,0.000000,0.000000,0.000000,0.000000,0.000000,0.000000,0.000000,0.000000,0.000000,0.000000,0.000016,0.000000,0.000000,0.000000,0.000000,0.000000,0.000000,0.000000,0.000000,0.000000,0.000000,0.000000,0.000000,0.000000,0.000000,0.000000,0.000000,0.000000,0.000000,0.000000,0.000000,0.000000,0.000000,0.000000,0.000000,0.000000,0.000000,0.000000,0.000000,0.000000,0.000000,0.000000,0.000000,0.000000,0.000000,0.000000,0.000000,0.000000,0.000000,0.000000,0.000000,0.000000,0.000000,0.000000,0.000000,0.000000,0.000000,0.000000,0.000000,0.000000,0.000000,0.000000,0.000000,0.000000,0.000000,0.000000,0.000000,0.000000,0.000000,0.000000,0.000000,0.000000,0.000000,0.000000,0.000000,0.000000,0.000000,0.000000,0.000000,0.000000,0.000000,0.000000,0.000000,0.000000,0.000000,0.000000,0.000000,0.000000,0.000000,0.000000,0.000000,0.000000,0.000000,0.000000,0.000000,0.000000,0.000000,0.000016,0.000000,0.000000,0.000000,0.000000,0.000000,0.000000,0.000000,0.000000,0.000000,0.000000,0.000000,0.000000,0.000000,0.000000,0.000000,0.000000,0.000000,0.000016,0.000000,0.000000,0.000000,0.000000,0.000000,0.000000,0.000000,0.000000,0.000000,0.000000,0.000016,0.000000,0.000000,0.000000,0.000000,0.000000,0.000000,0.000000,0.000000,0.000000,0.000000,0.000000,0.000000,0.000000,0.000000,0.000000,0.000000,0.000000,0.000000,0.000000,0.000000,0.000000,0.000000,0.000016,0.000016,0.000000,0.000000,0.000000,0.000000,0.000000,0.000000,0.000000,0.000000,0.000000,0.000000,0.000000,0.000000,0.000000,0.000000,0.000000,0.000000,0.000000,0.000000,0.000000,0.000000,0.000000,0.000000,0.000000,0.000000,0.000000,0.000000,0.000000,0.000000,0.000000
0.280000,0.000098,0.000000,0.000000,0.000000,0.000000,0.000000,0.000000,0.000000,0.000000,0.000000,0.000000,0.000000,0.000000,0.000000,0.000000,0.000000,0.000000,0.000000,0.000000,0.000000,0.000000,0.000000,0.000000,0.000000,0.000000,0.000000,0.000000,0.000000,0.000000,0.000000,0.000000,0.000000,0.000000,0.000000,0.000000,0.000000,0.000000,0.000000,0.000000,0.000000,0.000000,0.000000,0.000000,0.000000,0.000016,0.000000,0.000000,0.000000,0.000000,0.000000,0.000000,0.000000,0.000000,0.000000,0.000000,0.000000,0.000000,0.000000,0.000000,0.000000,0.000000,0.000000,0.000000,0.000000,0.000000,0.000000,0.000000,0.000000,0.000000,0.000000,0.000000,0.000000,0.000000,0.000000,0.000000,0.000000,0.000000,0.000000,0.000000,0.000000,0.000000,0.000000,0.000000,0.000000,0.000000,0.000000,0.000000,0.000000,0.000000,0.000000,0.000000,0.000000,0.000000,0.000000,0.000000,0.000000,0.000000,0.000000,0.000000,0.000000,0.000000,0.000000,0.000000,0.000000,0.000000,0.000016,0.000000,0.000000,0.000000,0.000000,0.000016,0.000000,0.000000,0.000000,0.000000,0.000000,0.000000,0.000000,0.000000,0.000000,0.000000,0.000016,0.000000,0.000000,0.000000,0.000000,0.000000,0.000000,0.000000,0.000000,0.000000,0.000000,0.000000,0.000000,0.000000,0.000000,0.000000,0.000000,0.000000,0.000016,0.000000,0.000000,0.000000,0.000000,0.000000,0.000000,0.000000,0.000000,0.000000,0.000000,0.000000,0.000000,0.000000,0.000000,0.000000,0.000000,0.000016,0.000000,0.000000,0.000000,0.000000,0.000000,0.000000,0.000000,0.000000,0.000000,0.000000,0.000000,0.000000,0.000000,0.000000,0.000000,0.000000,0.000000,0.000000,0.000000,0.000000,0.000000,0.000000,0.000000,0.000000,0.000000,0.000000,0.000000,0.000000,0.000000
0.281000,0.000147,0.000000,0.000000,0.000000,0.000000,0.000016,0.000000,0.000000,0.000000,0.000000,0.000000,0.000000,0.000000,0.000000,0.000000,0.000000,0.000000,0.000000,0.000016,0.000000,0.000000,0.000000,0.000000,0.000000,0.000000,0.000000,0.000000,0.000000,0.000000,0.000000,0.000000,0.000000,0.000000,0.000000,0.000000,0.000000,0.000000,0.000000,0.000000,0.000000,0.000000,0.000000,0.000000,0.000000,0.000000,0.000000,0.000000,0.000000,0.000000,0.000000,0.000000,0.000000,0.000000,0.000000,0.000000,0.000000,0.000000,0.000000,0.000000,0.000000,0.000000,0.000000,0.000000,0.000000,0.000000,0.000000,0.000000,0.000000,0.000000,0.000000,0.000000,0.000000,0.000000,0.000000,0.000000,0.000000,0.000000,0.000000,0.000000,0.000000,0.000000,0.000000,0.000000,0.000000,0.000000,0.000000,0.000000,0.000000,0.000000,0.000000,0.000000,0.000000,0.000000,0.000000,0.000000,0.000000,0.000000,0.000000,0.000000,0.000000,0.000000,0.000000,0.000016,0.000000,0.000000,0.000000,0.000000,0.000000,0.000000,0.000000,0.000000,0.000000,0.000000,0.000000,0.000000,0.000000,0.000000,0.000000,0.000000,0.000000,0.000000,0.000000,0.000000,0.000000,0.000016,0.000000,0.000000,0.000016,0.000016,0.000000,0.000000,0.000000,0.000000,0.000000,0.000000,0.000000,0.000000,0.000000,0.000000,0.000000,0.000000,0.000000,0.000000,0.000000,0.000000,0.000000,0.000016,0.000000,0.000000,0.000016,0.000000,0.000000,0.000000,0.000000,0.000000,0.000000,0.000000,0.000000,0.000000,0.000000,0.000000,0.000000,0.000000,0.000000,0.000000,0.000000,0.000000,0.000000,0.000000,0.000000,0.000000,0.000000,0.000000,0.000000,0.000000,0.000000,0.000000,0.000000,0.000000,0.000000,0.000000,0.000016,0.000000,0.000000,0.000000,0.000000
0.282000,0.000164,0.000000,0.000000,0.000000,0.000000,0.000000,0.000000,0.000000,0.000000,0.000000,0.000000,0.000000,0.000000,0.000000,0.000000,0.000000,0.000000,0.000000,0.000000,0.000000,0.000000,0.000000,0.000000,0.000000,0.000000,0.000000,0.000000,0.000000,0.000000,0.000000,0.000000,0.000000,0.000000,0.000000,0.000000,0.000000,0.000000,0.000000,0.000016,0.000000,0.000000,0.000000,0.000000,0.000000,0.000000,0.000000,0.000000,0.000000,0.000000,0.000000,0.000016,0.000000,0.000000,0.000000,0.000000,0.000000,0.000000,0.000000,0.000000,0.000000,0.000000,0.000000,0.000000,0.000000,0.000000,0.000000,0.000000,0.000000,0.000000,0.000000,0.000000,0.000000,0.000000,0.000000,0.000000,0.000000,0.000000,0.000000,0.000000,0.000000,0.000000,0.000000,0.000000,0.000000,0.000000,0.000000,0.000000,0.000000,0.000000,0.000000,0.000000,0.000016,0.000000,0.000000,0.000000,0.000000,0.000000,0.000000,0.000000,0.000000,0.000000,0.000016,0.000000,0.000000,0.000000,0.000000,0.000000,0.000000,0.000000,0.000000,0.000000,0.000000,0.000000,0.000000,0.000000,0.000000,0.000000,0.000000,0.000000,0.000000,0.000000,0.000000,0.000000,0.000000,0.000000,0.000000,0.000000,0.000000,0.000000,0.000000,0.000000,0.000000,0.000000,0.000000,0.000000,0.000016,0.000000,0.000000,0.000000,0.000000,0.000000,0.000000,0.000000,0.000000,0.000000,0.000016,0.000000,0.000016,0.000000,0.000000,0.000000,0.000000,0.000000,0.000000,0.000016,0.000000,0.000000,0.000000,0.000000,0.000016,0.000000,0.000000,0.000000,0.000000,0.000016,0.000000,0.000000,0.000000,0.000000,0.000000,0.000000,0.000000,0.000000,0.000000,0.000000,0.000000,0.000000,0.000000,0.000000,0.000000,0.000000,0.000000,0.000000,0.000000,0.000000,0.000000
0.283000,0.000180,0.000000,0.000000,0.000000,0.000000,0.000000,0.000000,0.000000,0.000000,0.000000,0.000000,0.000016,0.000000,0.000000,0.000000,0.000000,0.000000,0.000000,0.000000,0.000000,0.000016,0.000000,0.000000,0.000000,0.000000,0.000000,0.000000,0.000000,0.000000,0.000000,0.000000,0.000000,0.000000,0.000016,0.000000,0.000000,0.000000,0.000000,0.000000,0.000000,0.000000,0.000000,0.000000,0.000000,0.000000,0.000000,0.000000,0.000000,0.000000,0.000000,0.000000,0.000000,0.000000,0.000000,0.000000,0.000000,0.000000,0.000000,0.000000,0.000000,0.000000,0.000000,0.000000,0.000000,0.000000,0.000000,0.000000,0.000000,0.000000,0.000016,0.000000,0.000000,0.000000,0.000000,0.000000,0.000000,0.000000,0.000000,0.000000,0.000000,0.000000,0.000000,0.000000,0.000000,0.000000,0.000000,0.000000,0.000000,0.000000,0.000000,0.000000,0.000000,0.000000,0.000000,0.000000,0.000000,0.000000,0.000000,0.000000,0.000000,0.000016,0.000000,0.000016,0.000016,0.000000,0.000000,0.000000,0.000000,0.000000,0.000000,0.000000,0.000000,0.000000,0.000000,0.000000,0.000000,0.000000,0.000000,0.000000,0.000000,0.000000,0.000000,0.000000,0.000000,0.000000,0.000000,0.000000,0.000016,0.000000,0.000000,0.000000,0.000000,0.000000,0.000000,0.000000,0.000000,0.000000,0.000016,0.000000,0.000000,0.000000,0.000000,0.000000,0.000000,0.000000,0.000000,0.000000,0.000000,0.000000,0.000000,0.000000,0.000000,0.000000,0.000000,0.000000,0.000000,0.000000,0.000000,0.000000,0.000000,0.000000,0.000016,0.000000,0.000000,0.000000,0.000000,0.000000,0.000000,0.000000,0.000000,0.000000,0.000000,0.000000,0.000000,0.000000,0.000000,0.000000,0.000000,0.000000,0.000000,0.000016,0.000000,0.000000,0.000000,0.000000,0.000000
0.284000,0.000082,0.000000,0.000000,0.000000,0.000000,0.000000,0.000000,0.000000,0.000000,0.000000,0.000000,0.000000,0.000000,0.000000,0.000000,0.000000,0.000000,0.000000,0.000000,0.000000,0.000000,0.000000,0.000000,0.000000,0.000016,0.000000,0.000000,0.000000,0.000000,0.000000,0.000000,0.000000,0.000000,0.000000,0.000000,0.000000,0.000000,0.000000,0.000000,0.000000,0.000000,0.000000,0.000000,0.000000,0.000000,0.000000,0.000000,0.000000,0.000000,0.000000,0.000000,0.000000,0.000000,0.000000,0.000000,0.000000,0.000000,0.000000,0.000000,0.000000,0.000000,0.000000,0.000000,0.000000,0.000000,0.000000,0.000000,0.000000,0.000000,0.000000,0.000000,0.000000,0.000000,0.000000,0.000000,0.000000,0.000000,0.000000,0.000000,0.000000,0.000000,0.000000,0.000000,0.000000,0.000000,0.000000,0.000000,0.000000,0.000000,0.000000,0.000000,0.000000,0.000000,0.000000,0.000000,0.000000,0.000000,0.000000,0.000000,0.000000,0.000000,0.000000,0.000000,0.000000,0.000000,0.000000,0.000000,0.000000,0.000000,0.000000,0.000000,0.000000,0.000000,0.000000,0.000000,0.000000,0.000000,0.000000,0.000000,0.000000,0.000000,0.000000,0.000000,0.000000,0.000000,0.000000,0.000000,0.000000,0.000000,0.000000,0.000000,0.000000,0.000000,0.000000,0.000000,0.000000,0.000000,0.000000,0.000000,0.000016,0.000000,0.000000,0.000000,0.000000,0.000000,0.000016,0.000000,0.000000,0.000000,0.000000,0.000000,0.000000,0.000000,0.000000,0.000000,0.000000,0.000000,0.000000,0.000000,0.000000,0.000000,0.000000,0.000000,0.000000,0.000000,0.000000,0.000016,0.000016,0.000000,0.000000,0.000000,0.000000,0.000000,0.000000,0.000000,0.000000,0.000000,0.000000,0.000000,0.000000,0.000000,0.000000,0.000000,0.000000,0.000000,0.000000
0.285000,0.000147,0.000000,0.000000,0.000000,0.000000,0.000000,0.000016,0.000000,0.000000,0.000000,0.000000,0.000000,0.000000,0.000000,0.000000,0.000000,0.000000,0.000000,0.000000,0.000000,0.000000,0.000000,0.000000,0.000000,0.000000,0.000000,0.000000,0.000000,0.000000,0.000000,0.000000,0.000000,0.000000,0.000000,0.000000,0.000000,0.000000,0.000000,0.000000,0.000000,0.000000,0.000000,0.000000,0.000000,0.000000,0.000000,0.000000,0.000000,0.000000,0.000000,0.000000,0.000000,0.000000,0.000000,0.000000,0.000000,0.000000,0.000000,0.000000,0.000000,0.000000,0.000000,0.000000,0.000000,0.000000,0.000000,0.000000,0.000000,0.000000,0.000000,0.000000,0.000000,0.000000,0.000000,0.000000,0.000000,0.000000,0.000000,0.000000,0.000000,0.000000,0.000000,0.000000,0.000000,0.000000,0.000000,0.000000,0.000000,0.000000,0.000000,0.000000,0.000000,0.000000,0.000000,0.000000,0.000000,0.000000,0.000000,0.000000,0.000000,0.000000,0.000000,0.000000,0.000000,0.000000,0.000000,0.000000,0.000000,0.000000,0.000000,0.000016,0.000000,0.000000,0.000000,0.000000,0.000000,0.000000,0.000000,0.000000,0.000000,0.000000,0.000000,0.000000,0.000000,0.000000,0.000000,0.000000,0.000000,0.000016,0.000000,0.000000,0.000000,0.000000,0.000000,0.000000,0.000000,0.000016,0.000000,0.000000,0.000000,0.000000,0.000000,0.000000,0.000000,0.000000,0.000000,0.000000,0.000000,0.000000,0.000000,0.000000,0.000000,0.000016,0.000000,0.000000,0.000000,0.000016,0.000000,0.000000,0.000016,0.000000,0.000000,0.000000,0.000000,0.000000,0.000000,0.000000,0.000000,0.000000,0.000000,0.000000,0.000000,0.000016,0.000016,0.000000,0.000000,0.000000,0.000000,0.000000,0.000000,0.000000,0.000000,0.000000,0.000000,0.000000,0.000000
0.286000,0.000213,0.000000,0.000000,0.000000,0.000000,0.000000,0.000000,0.000000,0.000000,0.000000,0.000000,0.000000,0.000000,0.000000,0.000000,0.000000,0.000000,0.000000,0.000000,0.000000,0.000000,0.000016,0.000000,0.000000,0.000000,0.000000,0.000000,0.000000,0.000000,0.000000,0.000000,0.000000,0.000000,0.000000,0.000000,0.000016,0.000000,0.000000,0.000016,0.000000,0.000000,0.000000,0.000000,0.000000,0.000000,0.000000,0.000000,0.000000,0.000000,0.000000,0.000000,0.000000,0.000000,0.000000,0.000000,0.000000,0.000000,0.000000,0.000016,0.000000,0.000000,0.000000,0.000000,0.000000,0.000000,0.000000,0.000000,0.000000,0.000000,0.000000,0.000000,0.000000,0.000000,0.000000,0.000000,0.000000,0.000000,0.000000,0.000000,0.000000,0.000000,0.000000,0.000000,0.000000,0.000000,0.000000,0.000000,0.000000,0.000000,0.000000,0.000000,0.000000,0.000000,0.000000,0.000000,0.000000,0.000000,0.000000,0.000000,0.000016,0.000000,0.000000,0.000000,0.000000,0.000000,0.000000,0.000000,0.000016,0.000000,0.000000,0.000000,0.000000,0.000000,0.000000,0.000000,0.000000,0.000000,0.000000,0.000000,0.000000,0.000000,0.000000,0.000000,0.000000,0.000016,0.000000,0.000000,0.000000,0.000016,0.000000,0.000000,0.000000,0.000000,0.000000,0.000000,0.000000,0.000000,0.000000,0.000000,0.000000,0.000000,0.000000,0.000000,0.000000,0.000000,0.000000,0.000000,0.000000,0.000000,0.000000,0.000000,0.000000,0.000000,0.000000,0.000000,0.000000,0.000016,0.000000,0.000000,0.000000,0.000000,0.000000,0.000000,0.000000,0.000000,0.000000,0.000000,0.000000,0.000000,0.000000,0.000000,0.000016,0.000016,0.000000,0.000016,0.000000,0.000016,0.000000,0.000000,0.000000,0.000000,0.000000,0.000000,0.000000,0.000000,0.000000
0.287000,0.000147,0.000000,0.000000,0.000000,0.000016,0.000000,0.000000,0.000000,0.000000,0.000000,0.000000,0.000000,0.000000,0.000000,0.000016,0.000000,0.000000,0.000000,0.000000,0.000016,0.000000,0.000000,0.000000,0.000000,0.000000,0.000000,0.000000,0.000000,0.000000,0.000000,0.000000,0.000000,0.000000,0.000000,0.000000,0.000000,0.000000,0.000000,0.000000,0.000000,0.000000,0.000000,0.000000,0.000000,0.000000,0.000000,0.000000,0.000000,0.000000,0.000000,0.000000,0.000000,0.000016,0.000000,0.000000,0.000000,0.000000,0.000000,0.000000,0.000000,0.000000,0.000000,0.000000,0.000000,0.000000,0.000000,0.000000,0.000000,0.000000,0.000000,0.000000,0.000000,0.000000,0.000000,0.000000,0.000000,0.000000,0.000000,0.000000,0.000000,0.000000,0.000000,0.000000,0.000000,0.000000,0.000000,0.000000,0.000000,0.000000,0.000000,0.000000,0.000000,0.000000,0.000000,0.000000,0.000000,0.000000,0.000000,0.000000,0.000000,0.000000,0.000000,0.000000,0.000000,0.000016,0.000000,0.000000,0.000000,0.000000,0.000000,0.000000,0.000000,0.000000,0.000000,0.000000,0.000000,0.000000,0.000000,0.000000,0.000000,0.000000,0.000000,0.000000,0.000000,0.000000,0.000000,0.000000,0.000000,0.000000,0.000000,0.000016,0.000000,0.000000,0.000000,0.000000,0.000000,0.000000,0.000000,0.000000,0.000000,0.000000,0.000016,0.000000,0.000000,0.000000,0.000000,0.000000,0.000000,0.000000,0.000000,0.000000,0.000000,0.000000,0.000000,0.000016,0.000000,0.000000,0.000000,0.000000,0.000000,0.000000,0.000000,0.000000,0.000000,0.000000,0.000016,0.000000,0.000000,0.000000,0.000000,0.000000,0.000000,0.000000,0.000000,0.000000,0.000000,0.000000,0.000000,0.000000,0.000000,0.000000,0.000000,0.000000,0.000000,0.000000,0.000000
0.288000,0.000164,0.000000,0.000000,0.000000,0.000000,0.000000,0.000000,0.000000,0.000000,0.000000,0.000000,0.000000,0.000000,0.000000,0.000000,0.000000,0.000000,0.000000,0.000000,0.000000,0.000000,0.000000,0.000000,0.000000,0.000000,0.000000,0.000000,0.000000,0.000000,0.000000,0.000000,0.000016,0.000000,0.000000,0.000000,0.000000,0.000000,0.000000,0.000000,0.000000,0.000000,0.000000,0.000000,0.000000,0.000000,0.000000,0.000000,0.000016,0.000000,0.000000,0.000000,0.000000,0.000000,0.000000,0.000000,0.000000,0.000000,0.000000,0.000000,0.000000,0.000000,0.000000,0.000000,0.000000,0.000000,0.000000,0.000000,0.000000,0.000000,0.000000,0.000000,0.000000,0.000000,0.000000,0.000000,0.000000,0.000000,0.000000,0.000000,0.000000,0.000000,0.000000,0.000000,0.000000,0.000000,0.000000,0.000000,0.000000,0.000000,0.000000,0.000000,0.000000,0.000000,0.000000,0.000000,0.000000,0.000000,0.000000,0.000000,0.000000,0.000000,0.000000,0.000000,0.000000,0.000000,0.000016,0.000000,0.000000,0.000000,0.000000,0.000000,0.000000,0.000000,0.000000,0.000000,0.000000,0.000000,0.000000,0.000000,0.000000,0.000000,0.000000,0.000000,0.000000,0.000000,0.000000,0.000000,0.000000,0.000000,0.000016,0.000000,0.000000,0.000000,0.000000,0.000000,0.000000,0.000000,0.000000,0.000000,0.000000,0.000000,0.000000,0.000000,0.000000,0.000000,0.000000,0.000000,0.000000,0.000000,0.000016,0.000000,0.000000,0.000000,0.000000,0.000000,0.000000,0.000000,0.000000,0.000000,0.000000,0.000016,0.000000,0.000000,0.000000,0.000000,0.000000,0.000000,0.000000,0.000000,0.000000,0.000000,0.000000,0.000016,0.000000,0.000000,0.000000,0.000000,0.000000,0.000000,0.000000,0.000016,0.000016,0.000000,0.000000,0.000016,0.000000
0.289000,0.000098,0.000000,0.000000,0.000000,0.000000,0.000000,0.000000,0.000000,0.000000,0.000000,0.000000,0.000000,0.000000,0.000000,0.000000,0.000000,0.000000,0.000000,0.000000,0.000000,0.000000,0.000000,0.000000,0.000000,0.000000,0.000000,0.000000,0.000000,0.000000,0.000000,0.000000,0.000000,0.000000,0.000000,0.000000,0.000000,0.000000,0.000000,0.000000,0.000000,0.000000,0.000000,0.000000,0.000000,0.000000,0.000000,0.000000,0.000000,0.000000,0.000000,0.000000,0.000000,0.000000,0.000000,0.000000,0.000000,0.000000,0.000000,0.000000,0.000000,0.000000,0.000000,0.000000,0.000000,0.000000,0.000000,0.000000,0.000000,0.000000,0.000000,0.000000,0.000000,0.000000,0.000000,0.000000,0.000000,0.000000,0.000000,0.000000,0.000000,0.000000,0.000000,0.000000,0.000000,0.000000,0.000000,0.000000,0.000000,0.000000,0.000000,0.000000,0.000000,0.000000,0.000000,0.000000,0.000000,0.000000,0.000000,0.000000,0.000016,0.000000,0.000000,0.000000,0.000000,0.000000,0.000000,0.000000,0.000000,0.000000,0.000000,0.000000,0.000000,0.000000,0.000000,0.000000,0.000000,0.000000,0.000000,0.000000,0.000000,0.000000,0.000000,0.000000,0.000000,0.000000,0.000000,0.000016,0.000000,0.000000,0.000000,0.000000,0.000000,0.000000,0.000000,0.000000,0.000000,0.000000,0.000000,0.000000,0.000000,0.000000,0.000000,0.000000,0.000000,0.000016,0.000000,0.000000,0.000000,0.000000,0.000000,0.000000,0.000000,0.000016,0.000000,0.000000,0.000000,0.000000,0.000000,0.000000,0.000000,0.000000,0.000000,0.000000,0.000000,0.000000,0.000000,0.000000,0.000000,0.000000,0.000016,0.000000,0.000000,0.000000,0.000000,0.000016,0.000000,0.000000,0.000000,0.000000,0.000000,0.000000,0.000000,0.000000,0.000000,0.000000,0.000000
0.290000,0.000115,0.000000,0.000000,0.000000,0.000000,0.000000,0.000000,0.000000,0.000000,0.000000,0.000000,0.000000,0.000000,0.000000,0.000000,0.000000,0.000000,0.000000,0.000000,0.000000,0.000000,0.000000,0.000000,0.000000,0.000000,0.000000,0.000016,0.000000,0.000000,0.000000,0.000016,0.000000,0.000000,0.000000,0.000000,0.000000,0.000000,0.000000,0.000000,0.000000,0.000000,0.000000,0.000000,0.000000,0.000000,0.000000,0.000000,0.000016,0.000000,0.000000,0.000000,0.000000,0.000000,0.000000,0.000000,0.000000,0.000000,0.000000,0.000000,0.000000,0.000000,0.000000,0.000000,0.000000,0.000000,0.000000,0.000000,0.000000,0.000000,0.000000,0.000000,0.000000,0.000000,0.000000,0.000000,0.000000,0.000000,0.000000,0.000000,0.000000,0.000000,0.000000,0.000000,0.000000,0.000000,0.000000,0.000000,0.000000,0.000000,0.000000,0.000000,0.000000,0.000000,0.000000,0.000000,0.000000,0.000000,0.000000,0.000000,0.000000,0.000000,0.000000,0.000000,0.000000,0.000000,0.000000,0.000000,0.000000,0.000000,0.000000,0.000000,0.000000,0.000000,0.000000,0.000000,0.000000,0.000000,0.000000,0.000000,0.000000,0.000000,0.000000,0.000000,0.000000,0.000000,0.000000,0.000000,0.000000,0.000016,0.000000,0.000016,0.000000,0.000000,0.000000,0.000000,0.000000,0.000000,0.000000,0.000000,0.000000,0.000000,0.000000,0.000000,0.000000,0.000000,0.000000,0.000000,0.000000,0.000000,0.000000,0.000000,0.000000,0.000000,0.000000,0.000000,0.000000,0.000000,0.000000,0.000000,0.000000,0.000000,0.000000,0.000000,0.000000,0.000000,0.000000,0.000000,0.000000,0.000016,0.000000,0.000000,0.000000,0.000000,0.000000,0.000000,0.000000,0.000016,0.000000,0.000000,0.000000,0.000000,0.000000,0.000000,0.000000,0.000000,0.000000
0.291000,0.000049,0.000000,0.000000,0.000000,0.000000,0.000000,0.000000,0.000000,0.000000,0.000000,0.000000,0.000000,0.000000,0.000000,0.000000,0.000000,0.000000,0.000000,0.000000,0.000000,0.000000,0.000000,0.000016,0.000000,0.000000,0.000000,0.000000,0.000000,0.000000,0.000000,0.000000,0.000000,0.000000,0.000000,0.000000,0.000000,0.000000,0.000000,0.000000,0.000000,0.000000,0.000000,0.000000,0.000000,0.000000,0.000000,0.000000,0.000000,0.000000,0.000000,0.000000,0.000000,0.000000,0.000000,0.000000,0.000000,0.000000,0.000000,0.000000,0.000000,0.000000,0.000000,0.000000,0.000000,0.000000,0.000000,0.000000,0.000000,0.000000,0.000000,0.000000,0.000000,0.000000,0.000000,0.000000,0.000000,0.000000,0.000000,0.000000,0.000000,0.000000,0.000000,0.000000,0.000000,0.000000,0.000000,0.000000,0.000000,0.000000,0.000000,0.000000,0.000000,0.000000,0.000000,0.000000,0.000000,0.000000,0.000000,0.000000,0.000000,0.000000,0.000000,0.000000,0.000000,0.000000,0.000000,0.000000,0.000000,0.000000,0.000000,0.000000,0.000000,0.000000,0.000000,0.000000,0.000000,0.000000,0.000000,0.000000,0.000000,0.000000,0.000000,0.000000,0.000000,0.000000,0.000000,0.000000,0.000000,0.000000,0.000000,0.000000,0.000000,0.000000,0.000000,0.000000,0.000000,0.000000,0.000000,0.000000,0.000000,0.000000,0.000000,0.000000,0.000016,0.000000,0.000000,0.000000,0.000000,0.000000,0.000000,0.000000,0.000000,0.000000,0.000000,0.000000,0.000000,0.000000,0.000000,0.000000,0.000000,0.000000,0.000000,0.000000,0.000000,0.000000,0.000000,0.000000,0.000000,0.000000,0.000000,0.000000,0.000000,0.000000,0.000000,0.000000,0.000000,0.000000,0.000016,0.000000,0.000000,0.000000,0.000000,0.000000,0.000000,0.000000,0.000000
0.292000,0.000065,0.000000,0.000000,0.000000,0.000000,0.000000,0.000000,0.000000,0.000000,0.000000,0.000000,0.000000,0.000000,0.000000,0.000000,0.000000,0.000000,0.000000,0.000000,0.000000,0.000000,0.000000,0.000000,0.000000,0.000000,0.000000,0.000000,0.000000,0.000016,0.000000,0.000000,0.000000,0.000000,0.000000,0.000000,0.000000,0.000000,0.000000,0.000000,0.000000,0.000000,0.000000,0.000000,0.000000,0.000000,0.000000,0.000000,0.000000,0.000000,0.000000,0.000000,0.000000,0.000000,0.000000,0.000000,0.000000,0.000000,0.000000,0.000000,0.000000,0.000000,0.000000,0.000000,0.000000,0.000000,0.000000,0.000000,0.000000,0.000000,0.000000,0.000000,0.000000,0.000000,0.000000,0.000000,0.000000,0.000000,0.000000,0.000000,0.000000,0.000000,0.000000,0.000000,0.000000,0.000000,0.000000,0.000000,0.000000,0.000000,0.000000,0.000000,0.000000,0.000000,0.000000,0.000000,0.000000,0.000000,0.000000,0.000000,0.000000,0.000000,0.000000,0.000000,0.000000,0.000000,0.000000,0.000000,0.000000,0.000000,0.000000,0.000000,0.000000,0.000000,0.000000,0.000000,0.000000,0.000000,0.000000,0.000000,0.000000,0.000000,0.000000,0.000000,0.000000,0.000000,0.000000,0.000000,0.000000,0.000016,0.000000,0.000000,0.000000,0.000000,0.000000,0.000000,0.000000,0.000000,0.000000,0.000000,0.000000,0.000000,0.000000,0.000000,0.000000,0.000000,0.000000,0.000000,0.000000,0.000000,0.000000,0.000000,0.000000,0.000000,0.000000,0.000000,0.000000,0.000000,0.000000,0.000016,0.000000,0.000000,0.000000,0.000000,0.000000,0.000000,0.000000,0.000000,0.000000,0.000000,0.000000,0.000000,0.000000,0.000000,0.000000,0.000000,0.000000,0.000000,0.000000,0.000000,0.000016,0.000000,0.000000,0.000000,0.000000,0.000000,0.000000
0.293000,0.000082,0.000000,0.000000,0.000000,0.000000,0.000000,0.000000,0.000000,0.000000,0.000000,0.000000,0.000000,0.000000,0.000000,0.000000,0.000000,0.000000,0.000000,0.000000,0.000000,0.000000,0.000000,0.000000,0.000000,0.000000,0.000000,0.000000,0.000000,0.000000,0.000000,0.000000,0.000000,0.000000,0.000000,0.000000,0.000000,0.000000,0.000000,0.000000,0.000000,0.000000,0.000000,0.000000,0.000000,0.000000,0.000000,0.000000,0.000000,0.000000,0.000000,0.000000,0.000000,0.000000,0.000000,0.000000,0.000000,0.000000,0.000000,0.000000,0.000000,0.000000,0.000000,0.000000,0.000000,0.000000,0.000000,0.000000,0.000000,0.000000,0.000000,0.000000,0.000000,0.000000,0.000000,0.000000,0.000000,0.000000,0.000000,0.000000,0.000000,0.000000,0.000000,0.000000,0.000000,0.000000,0.000000,0.000000,0.000000,0.000000,0.000000,0.000000,0.000000,0.000000,0.000000,0.000000,0.000000,0.000000,0.000000,0.000000,0.000000,0.000000,0.000000,0.000000,0.000000,0.000000,0.000000,0.000000,0.000000,0.000016,0.000000,0.000000,0.000000,0.000000,0.000000,0.000000,0.000000,0.000000,0.000000,0.000000,0.000000,0.000000,0.000000,0.000000,0.000000,0.000000,0.000000,0.000000,0.000000,0.000016,0.000000,0.000000,0.000000,0.000000,0.000000,0.000000,0.000000,0.000000,0.000000,0.000000,0.000000,0.000000,0.000000,0.000000,0.000000,0.000000,0.000000,0.000000,0.000000,0.000000,0.000000,0.000000,0.000000,0.000000,0.000000,0.000000,0.000000,0.000000,0.000000,0.000000,0.000000,0.000000,0.000000,0.000000,0.000000,0.000000,0.000000,0.000000,0.000000,0.000000,0.000000,0.000033,0.000000,0.000000,0.000000,0.000000,0.000000,0.000000,0.000000,0.000000,0.000000,0.000000,0.000000,0.000000,0.000000,0.000000,0.000016
0.294000,0.000049,0.000000,0.000000,0.000000,0.000000,0.000000,0.000000,0.000000,0.000000,0.000000,0.000000,0.000000,0.000000,0.000000,0.000000,0.000000,0.000000,0.000000,0.000000,0.000000,0.000000,0.000000,0.000000,0.000000,0.000000,0.000000,0.000000,0.000000,0.000000,0.000000,0.000000,0.000000,0.000000,0.000000,0.000000,0.000000,0.000000,0.000000,0.000000,0.000000,0.000000,0.000000,0.000000,0.000000,0.000000,0.000000,0.000000,0.000000,0.000000,0.000000,0.000000,0.000000,0.000000,0.000000,0.000000,0.000000,0.000000,0.000000,0.000000,0.000000,0.000000,0.000000,0.000000,0.000000,0.000000,0.000000,0.000000,0.000000,0.000000,0.000000,0.000000,0.000000,0.000000,0.000000,0.000000,0.000000,0.000000,0.000000,0.000000,0.000000,0.000000,0.000000,0.000000,0.000000,0.000000,0.000000,0.000000,0.000000,0.000000,0.000000,0.000000,0.000000,0.000000,0.000000,0.000000,0.000000,0.000000,0.000000,0.000000,0.000000,0.000000,0.000000,0.000000,0.000000,0.000000,0.000000,0.000000,0.000000,0.000000,0.000000,0.000000,0.000000,0.000000,0.000000,0.000000,0.000000,0.000000,0.000000,0.000000,0.000000,0.000000,0.000000,0.000000,0.000000,0.000000,0.000000,0.000000,0.000000,0.000000,0.000016,0.000000,0.000000,0.000000,0.000000,0.000000,0.000000,0.000000,0.000000,0.000000,0.000000,0.000000,0.000000,0.000000,0.000000,0.000000,0.000000,0.000000,0.000000,0.000000,0.000000,0.000000,0.000000,0.000000,0.000000,0.000000,0.000000,0.000000,0.000016,0.000000,0.000000,0.000016,0.000000,0.000000,0.000000,0.000000,0.000000,0.000000,0.000000,0.000000,0.000000,0.000000,0.000000,0.000000,0.000000,0.000000,0.000000,0.000000,0.000000,0.000000,0.000000,0.000000,0.000000,0.000000,0.000000,0.000000,0.000000
0.295000,0.000098,0.000000,0.000000,0.000000,0.000000,0.000000,0.000000,0.000000,0.000000,0.000000,0.000000,0.000000,0.000000,0.000000,0.000000,0.000000,0.000000,0.000000,0.000000,0.000000,0.000016,0.000000,0.000000,0.000000,0.000000,0.000000,0.000000,0.000000,0.000000,0.000000,0.000000,0.000000,0.000000,0.000000,0.000000,0.000000,0.000000,0.000000,0.000000,0.000000,0.000000,0.000000,0.000000,0.000000,0.000000,0.000000,0.000000,0.000000,0.000000,0.000000,0.000000,0.000000,0.000000,0.000000,0.000000,0.000000,0.000000,0.000000,0.000000,0.000000,0.000000,0.000000,0.000000,0.000000,0.000000,0.000016,0.000000,0.000000,0.000000,0.000000,0.000000,0.000000,0.000000,0.000000,0.000000,0.000000,0.000000,0.000000,0.000000,0.000000,0.000000,0.000000,0.000000,0.000000,0.000000,0.000000,0.000000,0.000000,0.000000,0.000000,0.000000,0.000000,0.000000,0.000000,0.000000,0.000000,0.000000,0.000000,0.000000,0.000000,0.000000,0.000000,0.000000,0.000000,0.000000,0.000000,0.000000,0.000000,0.000000,0.000000,0.000000,0.000000,0.000000,0.000000,0.000000,0.000000,0.000000,0.000000,0.000000,0.000000,0.000000,0.000000,0.000000,0.000000,0.000000,0.000000,0.000016,0.000000,0.000000,0.000000,0.000000,0.000000,0.000000,0.000000,0.000000,0.000000,0.000000,0.000000,0.000000,0.000000,0.000000,0.000000,0.000000,0.000000,0.000016,0.000000,0.000000,0.000000,0.000000,0.000000,0.000000,0.000000,0.000000,0.000000,0.000016,0.000000,0.000000,0.000000,0.000016,0.000000,0.000000,0.000000,0.000000,0.000000,0.000000,0.000000,0.000000,0.000000,0.000000,0.000000,0.000000,0.000000,0.000000,0.000000,0.000000,0.000000,0.000000,0.000000,0.000000,0.000000,0.000000,0.000000,0.000000,0.000000,0.000000,0.000000
0.296000,0.000065,0.000000,0.000000,0.000000,0.000000,0.000000,0.000000,0.000000,0.000000,0.000000,0.000000,0.000016,0.000000,0.000000,0.000000,0.000000,0.000000,0.000000,0.000000,0.000000,0.000000,0.000000,0.000000,0.000000,0.000000,0.000000,0.000000,0.000000,0.000000,0.000000,0.000000,0.000000,0.000000,0.000000,0.000000,0.000000,0.000000,0.000000,0.000000,0.000000,0.000000,0.000000,0.000000,0.000000,0.000000,0.000000,0.000000,0.000000,0.000000,0.000000,0.000000,0.000000,0.000000,0.000000,0.000000,0.000000,0.000000,0.000000,0.000000,0.000000,0.000000,0.000000,0.000000,0.000000,0.000000,0.000000,0.000000,0.000000,0.000000,0.000000,0.000000,0.000000,0.000000,0.000000,0.000000,0.000000,0.000000,0.000000,0.000000,0.000000,0.000000,0.000000,0.000000,0.000000,0.000000,0.000000,0.000000,0.000000,0.000000,0.000000,0.000000,0.000000,0.000000,0.000000,0.000000,0.000000,0.000000,0.000000,0.000000,0.000000,0.000000,0.000000,0.000000,0.000000,0.000000,0.000000,0.000000,0.000000,0.000000,0.000000,0.000000,0.000000,0.000000,0.000000,0.000000,0.000000,0.000000,0.000000,0.000000,0.000000,0.000000,0.000000,0.000000,0.000000,0.000000,0.000000,0.000000,0.000000,0.000000,0.000016,0.000000,0.000000,0.000000,0.000000,0.000000,0.000000,0.000000,0.000000,0.000000,0.000000,0.000000,0.000000,0.000000,0.000016,0.000000,0.000000,0.000000,0.000000,0.000000,0.000000,0.000000,0.000000,0.000000,0.000000,0.000000,0.000000,0.000000,0.000000,0.000000,0.000000,0.000016,0.000000,0.000000,0.000000,0.000000,0.000000,0.000000,0.000000,0.000000,0.000000,0.000000,0.000000,0.000000,0.000000,0.000000,0.000000,0.000000,0.000000,0.000000,0.000000,0.000000,0.000000,0.000000,0.000000,0.000000,0.000000
0.297000,0.000065,0.000000,0.000000,0.000000,0.000000,0.000000,0.000000,0.000000,0.000000,0.000000,0.000000,0.000000,0.000000,0.000000,0.000000,0.000016,0.000000,0.000000,0.000000,0.000000,0.000000,0.000000,0.000000,0.000000,0.000000,0.000000,0.000000,0.000000,0.000000,0.000000,0.000000,0.000000,0.000000,0.000000,0.000000,0.000000,0.000000,0.000000,0.000000,0.000000,0.000000,0.000000,0.000000,0.000000,0.000000,0.000000,0.000000,0.000000,0.000000,0.000000,0.000000,0.000000,0.000000,0.000000,0.000000,0.000000,0.000000,0.000000,0.000000,0.000000,0.000000,0.000000,0.000000,0.000000,0.000000,0.000000,0.000000,0.000000,0.000000,0.000000,0.000000,0.000000,0.000000,0.000000,0.000000,0.000000,0.000000,0.000000,0.000000,0.000000,0.000000,0.000000,0.000000,0.000000,0.000000,0.000000,0.000000,0.000000,0.000000,0.000000,0.000000,0.000000,0.000000,0.000000,0.000000,0.000000,0.000000,0.000000,0.000000,0.000000,0.000000,0.000000,0.000000,0.000000,0.000000,0.000000,0.000000,0.000000,0.000000,0.000000,0.000000,0.000000,0.000000,0.000000,0.000000,0.000000,0.000000,0.000016,0.000000,0.000000,0.000000,0.000000,0.000000,0.000000,0.000000,0.000000,0.000000,0.000000,0.000000,0.000000,0.000000,0.000000,0.000000,0.000000,0.000000,0.000000,0.000016,0.000000,0.000000,0.000000,0.000000,0.000000,0.000000,0.000000,0.000000,0.000000,0.000016,0.000000,0.000000,0.000000,0.000000,0.000000,0.000000,0.000000,0.000000,0.000000,0.000000,0.000000,0.000000,0.000000,0.000000,0.000000,0.000000,0.000000,0.000000,0.000000,0.000000,0.000000,0.000000,0.000000,0.000000,0.000000,0.000000,0.000000,0.000000,0.000000,0.000000,0.000000,0.000000,0.000000,0.000000,0.000000,0.000000,0.000000,0.000000,0.000000
0.298000,0.000115,0.000000,0.000000,0.000000,0.000000,0.000000,0.000000,0.000000,0.000000,0.000000,0.000000,0.000000,0.000000,0.000000,0.000000,0.000000,0.000000,0.000016,0.000000,0.000000,0.000000,0.000000,0.000000,0.000000,0.000000,0.000000,0.000000,0.000000,0.000000,0.000000,0.000000,0.000000,0.000000,0.000000,0.000000,0.000000,0.000000,0.000000,0.000000,0.000000,0.000000,0.000000,0.000000,0.000000,0.000000,0.000000,0.000000,0.000000,0.000000,0.000000,0.000000,0.000000,0.000000,0.000000,0.000000,0.000000,0.000000,0.000000,0.000000,0.000000,0.000000,0.000000,0.000016,0.000000,0.000000,0.000000,0.000000,0.000000,0.000000,0.000000,0.000000,0.000000,0.000000,0.000000,0.000000,0.000000,0.000000,0.000000,0.000000,0.000000,0.000000,0.000000,0.000000,0.000000,0.000000,0.000000,0.000000,0.000000,0.000000,0.000000,0.000000,0.000000,0.000000,0.000000,0.000000,0.000000,0.000000,0.000000,0.000000,0.000000,0.000000,0.000000,0.000000,0.000000,0.000000,0.000000,0.000000,0.000000,0.000000,0.000000,0.000000,0.000000,0.000000,0.000000,0.000000,0.000000,0.000000,0.000000,0.000016,0.000000,0.000000,0.000000,0.000000,0.000000,0.000000,0.000000,0.000000,0.000000,0.000000,0.000000,0.000000,0.000000,0.000000,0.000000,0.000016,0.000000,0.000000,0.000000,0.000000,0.000000,0.000000,0.000000,0.000000,0.000000,0.000000,0.000000,0.000016,0.000000,0.000000,0.000000,0.000000,0.000000,0.000016,0.000000,0.000000,0.000000,0.000000,0.000000,0.000000,0.000000,0.000000,0.000000,0.000000,0.000000,0.000000,0.000000,0.000000,0.000000,0.000000,0.000000,0.000000,0.000000,0.000000,0.000000,0.000000,0.000000,0.000000,0.000000,0.000000,0.000016,0.000000,0.000000,0.000000,0.000000,0.000000,0.000000
0.299000,0.000098,0.000000,0.000000,0.000000,0.000000,0.000000,0.000000,0.000000,0.000000,0.000000,0.000000,0.000000,0.000000,0.000000,0.000000,0.000000,0.000000,0.000000,0.000000,0.000000,0.000000,0.000000,0.000000,0.000000,0.000000,0.000000,0.000000,0.000000,0.000000,0.000000,0.000000,0.000000,0.000000,0.000016,0.000000,0.000000,0.000000,0.000000,0.000000,0.000000,0.000000,0.000000,0.000000,0.000000,0.000000,0.000000,0.000000,0.000000,0.000000,0.000000,0.000000,0.000000,0.000000,0.000000,0.000000,0.000000,0.000000,0.000000,0.000000,0.000000,0.000000,0.000000,0.000000,0.000000,0.000000,0.000000,0.000000,0.000000,0.000000,0.000000,0.000000,0.000000,0.000000,0.000000,0.000000,0.000000,0.000000,0.000000,0.000000,0.000000,0.000000,0.000000,0.000000,0.000000,0.000000,0.000000,0.000000,0.000000,0.000000,0.000000,0.000000,0.000000,0.000000,0.000000,0.000000,0.000000,0.000000,0.000016,0.000000,0.000016,0.000000,0.000000,0.000000,0.000000,0.000000,0.000000,0.000000,0.000000,0.000000,0.000000,0.000000,0.000000,0.000000,0.000000,0.000000,0.000000,0.000000,0.000000,0.000000,0.000000,0.000000,0.000000,0.000000,0.000000,0.000000,0.000000,0.000000,0.000000,0.000000,0.000000,0.000000,0.000000,0.000000,0.000000,0.000000,0.000000,0.000000,0.000000,0.000000,0.000000,0.000000,0.000000,0.000000,0.000000,0.000000,0.000000,0.000000,0.000000,0.000000,0.000000,0.000000,0.000000,0.000000,0.000000,0.000016,0.000000,0.000000,0.000000,0.000000,0.000000,0.000000,0.000000,0.000000,0.000000,0.000000,0.000000,0.000000,0.000000,0.000000,0.000000,0.000000,0.000000,0.000000,0.000000,0.000000,0.000000,0.000000,0.000000,0.000000,0.000000,0.000016,0.000016,0.000000,0.000000,0.000000,0.000000
0.300000,0.000049,0.000000,0.000000,0.000000,0.000000,0.000000,0.000000,0.000000,0.000000,0.000000,0.000000,0.000000,0.000000,0.000000,0.000000,0.000000,0.000000,0.000000,0.000000,0.000000,0.000000,0.000000,0.000000,0.000000,0.000000,0.000000,0.000000,0.000000,0.000000,0.000000,0.000000,0.000000,0.000000,0.000000,0.000000,0.000000,0.000000,0.000000,0.000000,0.000000,0.000000,0.000000,0.000000,0.000000,0.000000,0.000000,0.000000,0.000000,0.000000,0.000000,0.000000,0.000000,0.000000,0.000000,0.000000,0.000000,0.000000,0.000000,0.000000,0.000000,0.000000,0.000000,0.000000,0.000000,0.000000,0.000000,0.000000,0.000000,0.000000,0.000000,0.000000,0.000000,0.000000,0.000000,0.000000,0.000000,0.000000,0.000000,0.000000,0.000000,0.000000,0.000000,0.000000,0.000000,0.000000,0.000000,0.000000,0.000000,0.000000,0.000000,0.000000,0.000000,0.000000,0.000000,0.000000,0.000000,0.000000,0.000000,0.000000,0.000000,0.000000,0.000000,0.000000,0.000000,0.000000,0.000000,0.000000,0.000000,0.000000,0.000000,0.000000,0.000000,0.000000,0.000000,0.000000,0.000000,0.000000,0.000000,0.000000,0.000000,0.000000,0.000000,0.000000,0.000000,0.000000,0.000000,0.000000,0.000016,0.000000,0.000000,0.000000,0.000000,0.000000,0.000000,0.000000,0.000000,0.000000,0.000000,0.000000,0.000000,0.000000,0.000000,0.000000,0.000000,0.000000,0.000016,0.000000,0.000000,0.000000,0.000000,0.000016,0.000000,0.000000,0.000000,0.000000,0.000000,0.000000,0.000000,0.000000,0.000000,0.000000,0.000000,0.000000,0.000000,0.000000,0.000000,0.000000,0.000000,0.000000,0.000000,0.000000,0.000000,0.000000,0.000000,0.000000,0.000000,0.000000,0.000000,0.000000,0.000000,0.000000,0.000000,0.000000,0.000000,0.000000,0.000000
0.301000,0.000147,0.000000,0.000000,0.000000,0.000000,0.000000,0.000000,0.000000,0.000000,0.000000,0.000000,0.000000,0.000000,0.000000,0.000000,0.000000,0.000000,0.000000,0.000000,0.000000,0.000000,0.000000,0.000000,0.000000,0.000000,0.000000,0.000000,0.000000,0.000000,0.000000,0.000000,0.000000,0.000000,0.000000,0.000000,0.000000,0.000000,0.000000,0.000000,0.000000,0.000000,0.000000,0.000000,0.000016,0.000000,0.000000,0.000000,0.000000,0.000000,0.000000,0.000016,0.000000,0.000000,0.000000,0.000000,0.000000,0.000000,0.000000,0.000000,0.000000,0.000000,0.000000,0.000000,0.000000,0.000000,0.000000,0.000000,0.000000,0.000000,0.000000,0.000000,0.000000,0.000000,0.000000,0.000000,0.000000,0.000000,0.000000,0.000000,0.000000,0.000000,0.000000,0.000000,0.000000,0.000000,0.000000,0.000000,0.000000,0.000000,0.000000,0.000000,0.000000,0.000000,0.000000,0.000000,0.000000,0.000000,0.000000,0.000000,0.000000,0.000000,0.000000,0.000000,0.000000,0.000000,0.000000,0.000000,0.000000,0.000000,0.000000,0.000016,0.000000,0.000000,0.000000,0.000000,0.000000,0.000000,0.000016,0.000000,0.000000,0.000000,0.000000,0.000000,0.000016,0.000000,0.000000,0.000000,0.000000,0.000000,0.000000,0.000016,0.000000,0.000000,0.000016,0.000000,0.000000,0.000016,0.000000,0.000000,0.000000,0.000000,0.000000,0.000000,0.000000,0.000000,0.000000,0.000000,0.000000,0.000000,0.000000,0.000000,0.000000,0.000000,0.000000,0.000000,0.000000,0.000000,0.000000,0.000000,0.000000,0.000000,0.000000,0.000000,0.000000,0.000000,0.000000,0.000000,0.000000,0.000000,0.000000,0.000000,0.000000,0.000000,0.000000,0.000000,0.000000,0.000000,0.000000,0.000000,0.000000,0.000000,0.000000,0.000000,0.000000,0.000016,0.000000
0.302000,0.000065,0.000000,0.000000,0.000000,0.000000,0.000000,0.000000,0.000000,0.000000,0.000000,0.000000,0.000000,0.000000,0.000000,0.000000,0.000000,0.000000,0.000000,0.000000,0.000000,0.000000,0.000000,0.000000,0.000000,0.000000,0.000000,0.000000,0.000000,0.000000,0.000000,0.000000,0.000000,0.000000,0.000000,0.000000,0.000000,0.000000,0.000000,0.000000,0.000000,0.000016,0.000000,0.000000,0.000000,0.000000,0.000016,0.000000,0.000000,0.000000,0.000000,0.000000,0.000000,0.000000,0.000000,0.000000,0.000000,0.000000,0.000000,0.000000,0.000000,0.000000,0.000000,0.000000,0.000000,0.000000,0.000000,0.000000,0.000000,0.000000,0.000000,0.000000,0.000000,0.000000,0.000000,0.000000,0.000000,0.000000,0.000000,0.000000,0.000000,0.000000,0.000000,0.000000,0.000000,0.000000,0.000000,0.000000,0.000000,0.000000,0.000000,0.000000,0.000000,0.000000,0.000000,0.000000,0.000000,0.000000,0.000000,0.000000,0.000000,0.000000,0.000000,0.000000,0.000000,0.000000,0.000000,0.000000,0.000000,0.000000,0.000000,0.000000,0.000000,0.000000,0.000000,0.000000,0.000000,0.000000,0.000000,0.000000,0.000000,0.000000,0.000000,0.000000,0.000000,0.000000,0.000000,0.000000,0.000000,0.000000,0.000000,0.000016,0.000000,0.000000,0.000000,0.000000,0.000000,0.000000,0.000000,0.000000,0.000000,0.000000,0.000000,0.000000,0.000000,0.000000,0.000000,0.000000,0.000000,0.000000,0.000000,0.000000,0.000000,0.000016,0.000000,0.000000,0.000000,0.000000,0.000000,0.000000,0.000000,0.000000,0.000000,0.000000,0.000000,0.000000,0.000000,0.000000,0.000000,0.000000,0.000000,0.000000,0.000000,0.000000,0.000000,0.000000,0.000000,0.000000,0.000000,0.000000,0.000000,0.000000,0.000000,0.000000,0.000000,0.000000,0.000000
0.303000,0.000180,0.000000,0.000000,0.000000,0.000000,0.000000,0.000000,0.000016,0.000000,0.000000,0.000000,0.000000,0.000016,0.000000,0.000000,0.000000,0.000000,0.000000,0.000000,0.000000,0.000000,0.000000,0.000000,0.000000,0.000016,0.000000,0.000000,0.000000,0.000016,0.000000,0.000000,0.000000,0.000000,0.000000,0.000000,0.000000,0.000000,0.000000,0.000000,0.000000,0.000000,0.000000,0.000000,0.000000,0.000000,0.000000,0.000000,0.000016,0.000000,0.000000,0.000000,0.000000,0.000000,0.000000,0.000000,0.000000,0.000000,0.000000,0.000000,0.000000,0.000000,0.000000,0.000000,0.000000,0.000000,0.000000,0.000000,0.000000,0.000000,0.000000,0.000000,0.000000,0.000000,0.000000,0.000000,0.000000,0.000000,0.000000,0.000000,0.000000,0.000000,0.000000,0.000000,0.000000,0.000000,0.000000,0.000000,0.000000,0.000000,0.000000,0.000000,0.000000,0.000000,0.000000,0.000000,0.000000,0.000000,0.000000,0.000000,0.000000,0.000000,0.000016,0.000000,0.000000,0.000000,0.000000,0.000000,0.000000,0.000000,0.000000,0.000000,0.000000,0.000000,0.000016,0.000000,0.000000,0.000000,0.000000,0.000000,0.000000,0.000000,0.000000,0.000000,0.000000,0.000000,0.000000,0.000000,0.000000,0.000000,0.000000,0.000000,0.000000,0.000000,0.000000,0.000000,0.000033,0.000000,0.000000,0.000000,0.000016,0.000000,0.000000,0.000000,0.000000,0.000000,0.000000,0.000000,0.000000,0.000000,0.000000,0.000000,0.000000,0.000000,0.000000,0.000000,0.000000,0.000000,0.000000,0.000000,0.000000,0.000000,0.000000,0.000000,0.000000,0.000000,0.000000,0.000000,0.000000,0.000000,0.000000,0.000000,0.000000,0.000000,0.000000,0.000000,0.000000,0.000000,0.000000,0.000000,0.000000,0.000000,0.000000,0.000016,0.000000,0.000000,0.000000
0.304000,0.000098,0.000000,0.000000,0.000000,0.000000,0.000000,0.000000,0.000000,0.000000,0.000000,0.000000,0.000000,0.000000,0.000016,0.000000,0.000000,0.000000,0.000000,0.000000,0.000000,0.000000,0.000000,0.000000,0.000000,0.000000,0.000000,0.000000,0.000000,0.000000,0.000000,0.000000,0.000000,0.000000,0.000000,0.000000,0.000000,0.000000,0.000000,0.000000,0.000000,0.000000,0.000000,0.000000,0.000000,0.000000,0.000000,0.000000,0.000000,0.000000,0.000000,0.000000,0.000000,0.000000,0.000000,0.000000,0.000000,0.000000,0.000000,0.000000,0.000000,0.000000,0.000000,0.000000,0.000000,0.000000,0.000000,0.000000,0.000000,0.000000,0.000000,0.000000,0.000000,0.000000,0.000000,0.000000,0.000000,0.000000,0.000000,0.000000,0.000000,0.000000,0.000000,0.000000,0.000000,0.000000,0.000000,0.000000,0.000000,0.000000,0.000000,0.000000,0.000000,0.000000,0.000000,0.000000,0.000000,0.000000,0.000016,0.000000,0.000000,0.000000,0.000000,0.000000,0.000000,0.000000,0.000000,0.000000,0.000000,0.000000,0.000000,0.000000,0.000000,0.000000,0.000000,0.000000,0.000000,0.000000,0.000000,0.000000,0.000000,0.000000,0.000000,0.000000,0.000000,0.000000,0.000016,0.000016,0.000000,0.000000,0.000000,0.000000,0.000000,0.000000,0.000000,0.000000,0.000000,0.000000,0.000000,0.000016,0.000000,0.000000,0.000000,0.000000,0.000000,0.000000,0.000000,0.000000,0.000000,0.000000,0.000000,0.000000,0.000000,0.000000,0.000000,0.000000,0.000000,0.000016,0.000000,0.000000,0.000000,0.000000,0.000000,0.000000,0.000000,0.000000,0.000000,0.000000,0.000000,0.000000,0.000000,0.000000,0.000000,0.000000,0.000000,0.000000,0.000000,0.000000,0.000000,0.000000,0.000000,0.000000,0.000000,0.000000,0.000000,0.000000,0.000000
0.305000,0.000098,0.000000,0.000000,0.000000,0.000000,0.000000,0.000000,0.000000,0.000000,0.000000,0.000000,0.000000,0.000000,0.000000,0.000000,0.000000,0.000000,0.000000,0.000000,0.000000,0.000000,0.000000,0.000000,0.000000,0.000000,0.000000,0.000000,0.000000,0.000000,0.000000,0.000000,0.000000,0.000000,0.000000,0.000000,0.000000,0.000000,0.000000,0.000000,0.000000,0.000000,0.000000,0.000000,0.000000,0.000000,0.000000,0.000000,0.000000,0.000000,0.000000,0.000000,0.000000,0.000000,0.000000,0.000000,0.000000,0.000000,0.000000,0.000000,0.000000,0.000000,0.000000,0.000000,0.000000,0.000000,0.000000,0.000000,0.000000,0.000000,0.000000,0.000000,0.000000,0.000000,0.000000,0.000000,0.000000,0.000000,0.000000,0.000000,0.000000,0.000000,0.000000,0.000000,0.000000,0.000000,0.000000,0.000000,0.000000,0.000000,0.000000,0.000000,0.000000,0.000000,0.000000,0.000000,0.000000,0.000000,0.000000,0.000000,0.000000,0.000000,0.000000,0.000000,0.000016,0.000000,0.000000,0.000000,0.000000,0.000000,0.000000,0.000000,0.000000,0.000000,0.000000,0.000000,0.000000,0.000000,0.000000,0.000000,0.000000,0.000000,0.000000,0.000000,0.000000,0.000000,0.000000,0.000000,0.000000,0.000000,0.000000,0.000000,0.000000,0.000000,0.000000,0.000000,0.000000,0.000000,0.000000,0.000000,0.000000,0.000000,0.000000,0.000000,0.000000,0.000000,0.000000,0.000016,0.000000,0.000000,0.000000,0.000000,0.000000,0.000016,0.000000,0.000000,0.000000,0.000000,0.000000,0.000000,0.000000,0.000000,0.000000,0.000000,0.000000,0.000000,0.000000,0.000000,0.000000,0.000000,0.000000,0.000016,0.000000,0.000000,0.000000,0.000016,0.000000,0.000000,0.000000,0.000000,0.000000,0.000000,0.000000,0.000000,0.000016,0.000000,0.000000
0.306000,0.000098,0.000000,0.000000,0.000000,0.000000,0.000000,0.000000,0.000000,0.000000,0.000000,0.000000,0.000000,0.000000,0.000000,0.000000,0.000000,0.000000,0.000000,0.000000,0.000000,0.000000,0.000000,0.000000,0.000000,0.000000,0.000000,0.000000,0.000000,0.000000,0.000000,0.000000,0.000000,0.000000,0.000000,0.000000,0.000000,0.000000,0.000000,0.000000,0.000000,0.000000,0.000000,0.000000,0.000000,0.000000,0.000000,0.000000,0.000000,0.000000,0.000000,0.000000,0.000000,0.000000,0.000000,0.000000,0.000000,0.000000,0.000000,0.000000,0.000016,0.000000,0.000000,0.000000,0.000000,0.000000,0.000000,0.000000,0.000000,0.000000,0.000000,0.000000,0.000000,0.000000,0.000000,0.000000,0.000000,0.000000,0.000000,0.000000,0.000000,0.000000,0.000000,0.000000,0.000000,0.000000,0.000000,0.000000,0.000000,0.000000,0.000000,0.000000,0.000000,0.000000,0.000000,0.000000,0.000000,0.000000,0.000000,0.000000,0.000000,0.000000,0.000000,0.000000,0.000000,0.000000,0.000000,0.000000,0.000000,0.000000,0.000000,0.000000,0.000000,0.000000,0.000000,0.000000,0.000016,0.000000,0.000000,0.000000,0.000000,0.000000,0.000000,0.000000,0.000000,0.000016,0.000000,0.000000,0.000000,0.000000,0.000000,0.000000,0.000000,0.000000,0.000000,0.000000,0.000000,0.000000,0.000016,0.000000,0.000000,0.000000,0.000000,0.000000,0.000000,0.000000,0.000000,0.000000,0.000000,0.000000,0.000000,0.000000,0.000000,0.000000,0.000000,0.000000,0.000016,0.000000,0.000016,0.000000,0.000000,0.000000,0.000000,0.000000,0.000000,0.000000,0.000000,0.000000,0.000000,0.000000,0.000000,0.000000,0.000000,0.000000,0.000000,0.000000,0.000000,0.000000,0.000000,0.000000,0.000000,0.000000,0.000000,0.000000,0.000000,0.000000,0.000000
0.307000,0.000065,0.000000,0.000000,0.000000,0.000000,0.000000,0.000000,0.000000,0.000000,0.000000,0.000000,0.000000,0.000000,0.000000,0.000000,0.000000,0.000000,0.000000,0.000000,0.000000,0.000000,0.000000,0.000000,0.000000,0.000000,0.000016,0.000000,0.000000,0.000000,0.000000,0.000000,0.000000,0.000000,0.000000,0.000000,0.000000,0.000000,0.000000,0.000000,0.000000,0.000000,0.000000,0.000000,0.000000,0.000000,0.000000,0.000000,0.000000,0.000000,0.000000,0.000000,0.000000,0.000000,0.000000,0.000000,0.000000,0.000000,0.000000,0.000000,0.000000,0.000000,0.000000,0.000000,0.000000,0.000000,0.000000,0.000000,0.000000,0.000000,0.000000,0.000000,0.000000,0.000000,0.000000,0.000000,0.000000,0.000000,0.000000,0.000000,0.000000,0.000000,0.000000,0.000000,0.000000,0.000000,0.000000,0.000000,0.000000,0.000000,0.000000,0.000000,0.000000,0.000000,0.000000,0.000000,0.000000,0.000000,0.000000,0.000000,0.000000,0.000000,0.000000,0.000000,0.000000,0.000000,0.000000,0.000000,0.000000,0.000000,0.000000,0.000000,0.000000,0.000000,0.000000,0.000000,0.000000,0.000000,0.000000,0.000000,0.000016,0.000000,0.000000,0.000000,0.000000,0.000000,0.000000,0.000000,0.000000,0.000000,0.000000,0.000000,0.000000,0.000000,0.000000,0.000000,0.000000,0.000000,0.000000,0.000000,0.000000,0.000000,0.000000,0.000000,0.000000,0.000000,0.000000,0.000000,0.000000,0.000000,0.000000,0.000000,0.000000,0.000000,0.000000,0.000000,0.000000,0.000000,0.000000,0.000000,0.000000,0.000000,0.000000,0.000000,0.000000,0.000000,0.000000,0.000000,0.000000,0.000000,0.000000,0.000000,0.000000,0.000000,0.000000,0.000000,0.000000,0.000016,0.000000,0.000000,0.000000,0.000000,0.000000,0.000016,0.000000,0.000000,0.000000
0.308000,0.000098,0.000000,0.000000,0.000000,0.000000,0.000000,0.000016,0.000000,0.000000,0.000000,0.000000,0.000000,0.000000,0.000000,0.000000,0.000000,0.000000,0.000000,0.000000,0.000000,0.000000,0.000000,0.000000,0.000000,0.000000,0.000000,0.000000,0.000000,0.000000,0.000000,0.000000,0.000000,0.000000,0.000000,0.000000,0.000000,0.000000,0.000000,0.000000,0.000000,0.000000,0.000000,0.000000,0.000000,0.000000,0.000000,0.000000,0.000000,0.000000,0.000000,0.000000,0.000000,0.000000,0.000000,0.000000,0.000000,0.000000,0.000000,0.000000,0.000000,0.000000,0.000000,0.000000,0.000000,0.000000,0.000000,0.000000,0.000000,0.000000,0.000000,0.000000,0.000000,0.000000,0.000000,0.000000,0.000000,0.000000,0.000000,0.000000,0.000000,0.000000,0.000000,0.000000,0.000000,0.000000,0.000000,0.000000,0.000000,0.000000,0.000000,0.000000,0.000000,0.000000,0.000000,0.000000,0.000000,0.000000,0.000000,0.000000,0.000000,0.000000,0.000016,0.000000,0.000000,0.000000,0.000000,0.000000,0.000000,0.000000,0.000000,0.000000,0.000000,0.000000,0.000000,0.000000,0.000000,0.000000,0.000000,0.000000,0.000000,0.000000,0.000000,0.000000,0.000000,0.000016,0.000000,0.000000,0.000000,0.000000,0.000000,0.000000,0.000000,0.000000,0.000000,0.000000,0.000000,0.000000,0.000000,0.000000,0.000000,0.000000,0.000000,0.000000,0.000000,0.000000,0.000000,0.000000,0.000000,0.000000,0.000000,0.000016,0.000000,0.000000,0.000000,0.000000,0.000000,0.000000,0.000000,0.000000,0.000016,0.000000,0.000000,0.000000,0.000000,0.000000,0.000000,0.000000,0.000000,0.000000,0.000000,0.000016,0.000000,0.000000,0.000000,0.000000,0.000000,0.000000,0.000000,0.000000,0.000000,0.000000,0.000000,0.000000,0.000000,0.000000,0.000000
0.309000,0.000115,0.000000,0.000000,0.000000,0.000000,0.000000,0.000000,0.000000,0.000000,0.000000,0.000000,0.000000,0.000000,0.000000,0.000000,0.000000,0.000000,0.000000,0.000000,0.000000,0.000000,0.000000,0.000000,0.000000,0.000000,0.000000,0.000000,0.000000,0.000000,0.000000,0.000000,0.000000,0.000000,0.000000,0.000000,0.000000,0.000000,0.000000,0.000000,0.000000,0.000000,0.000000,0.000000,0.000000,0.000000,0.000000,0.000000,0.000000,0.000000,0.000000,0.000000,0.000000,0.000000,0.000000,0.000000,0.000000,0.000000,0.000000,0.000000,0.000000,0.000000,0.000000,0.000000,0.000000,0.000000,0.000000,0.000000,0.000000,0.000000,0.000000,0.000000,0.000000,0.000000,0.000000,0.000000,0.000000,0.000000,0.000000,0.000000,0.000000,0.000000,0.000000,0.000000,0.000000,0.000000,0.000000,0.000000,0.000000,0.000000,0.000000,0.000000,0.000000,0.000000,0.000000,0.000000,0.000000,0.000000,0.000000,0.000000,0.000000,0.000000,0.000000,0.000000,0.000000,0.000000,0.000000,0.000000,0.000000,0.000000,0.000000,0.000000,0.000000,0.000000,0.000000,0.000016,0.000000,0.000000,0.000000,0.000000,0.000000,0.000000,0.000000,0.000000,0.000000,0.000000,0.000000,0.000000,0.000000,0.000016,0.000000,0.000000,0.000000,0.000016,0.000000,0.000016,0.000000,0.000000,0.000000,0.000000,0.000000,0.000000,0.000000,0.000000,0.000000,0.000000,0.000000,0.000016,0.000000,0.000000,0.000000,0.000000,0.000000,0.000000,0.000016,0.000000,0.000000,0.000000,0.000000,0.000000,0.000000,0.000000,0.000000,0.000000,0.000000,0.000000,0.000000,0.000000,0.000000,0.000000,0.000000,0.000000,0.000000,0.000000,0.000000,0.000000,0.000000,0.000000,0.000000,0.000000,0.000016,0.000000,0.000000,0.000000,0.000000,0.000000,0.000000
0.310000,0.000065,0.000000,0.000000,0.000000,0.000000,0.000000,0.000000,0.000000,0.000000,0.000000,0.000000,0.000000,0.000000,0.000000,0.000000,0.000000,0.000000,0.000000,0.000000,0.000000,0.000000,0.000000,0.000000,0.000000,0.000000,0.000000,0.000000,0.000000,0.000016,0.000000,0.000000,0.000000,0.000000,0.000000,0.000000,0.000000,0.000000,0.000000,0.000000,0.000000,0.000000,0.000000,0.000000,0.000000,0.000000,0.000000,0.000000,0.000000,0.000000,0.000000,0.000000,0.000000,0.000000,0.000000,0.000000,0.000000,0.000000,0.000000,0.000000,0.000000,0.000000,0.000000,0.000000,0.000000,0.000000,0.000000,0.000000,0.000000,0.000000,0.000000,0.000000,0.000000,0.000000,0.000000,0.000000,0.000000,0.000000,0.000000,0.000000,0.000000,0.000000,0.000000,0.000000,0.000000,0.000000,0.000000,0.000000,0.000000,0.000000,0.000000,0.000000,0.000000,0.000000,0.000000,0.000000,0.000000,0.000000,0.000000,0.000000,0.000000,0.000000,0.000000,0.000000,0.000000,0.000000,0.000000,0.000000,0.000000,0.000000,0.000000,0.000000,0.000000,0.000000,0.000000,0.000000,0.000000,0.000000,0.000000,0.000000,0.000000,0.000000,0.000000,0.000000,0.000000,0.000016,0.000000,0.000000,0.000000,0.000016,0.000000,0.000000,0.000000,0.000000,0.000000,0.000000,0.000000,0.000000,0.000000,0.000000,0.000000,0.000000,0.000000,0.000000,0.000000,0.000000,0.000000,0.000000,0.000000,0.000000,0.000000,0.000000,0.000000,0.000000,0.000000,0.000016,0.000000,0.000000,0.000000,0.000000,0.000000,0.000000,0.000000,0.000000,0.000000,0.000000,0.000000,0.000000,0.000000,0.000000,0.000000,0.000000,0.000000,0.000000,0.000000,0.000000,0.000000,0.000000,0.000000,0.000000,0.000000,0.000000,0.000000,0.000000,0.000000,0.000000,0.000000
0.311000,0.000065,0.000000,0.000000,0.000000,0.000000,0.000000,0.000000,0.000000,0.000000,0.000000,0.000000,0.000000,0.000000,0.000000,0.000000,0.000000,0.000000,0.000000,0.000000,0.000000,0.000000,0.000000,0.000000,0.000000,0.000000,0.000000,0.000000,0.000000,0.000000,0.000000,0.000000,0.000000,0.000000,0.000000,0.000000,0.000000,0.000000,0.000000,0.000000,0.000000,0.000000,0.000000,0.000000,0.000000,0.000000,0.000000,0.000000,0.000000,0.000000,0.000000,0.000000,0.000000,0.000000,0.000000,0.000000,0.000000,0.000000,0.000000,0.000000,0.000000,0.000000,0.000000,0.000000,0.000000,0.000000,0.000000,0.000000,0.000000,0.000000,0.000000,0.000000,0.000000,0.000000,0.000000,0.000000,0.000000,0.000000,0.000000,0.000000,0.000000,0.000000,0.000000,0.000000,0.000000,0.000000,0.000000,0.000000,0.000000,0.000000,0.000000,0.000000,0.000000,0.000000,0.000000,0.000000,0.000000,0.000000,0.000000,0.000000,0.000016,0.000000,0.000000,0.000000,0.000000,0.000000,0.000000,0.000000,0.000000,0.000000,0.000000,0.000000,0.000000,0.000000,0.000000,0.000000,0.000000,0.000000,0.000000,0.000000,0.000000,0.000000,0.000000,0.000000,0.000000,0.000000,0.000000,0.000000,0.000000,0.000000,0.000000,0.000000,0.000000,0.000000,0.000000,0.000000,0.000000,0.000016,0.000000,0.000000,0.000000,0.000000,0.000000,0.000000,0.000000,0.000000,0.000000,0.000000,0.000000,0.000000,0.000000,0.000016,0.000000,0.000000,0.000000,0.000000,0.000000,0.000000,0.000000,0.000000,0.000000,0.000000,0.000000,0.000000,0.000000,0.000000,0.000000,0.000000,0.000000,0.000000,0.000000,0.000000,0.000000,0.000000,0.000000,0.000000,0.000000,0.000000,0.000000,0.000000,0.000000,0.000000,0.000000,0.000000,0.000000,0.000016,0.000000
0.312000,0.000065,0.000000,0.000000,0.000000,0.000000,0.000000,0.000000,0.000000,0.000000,0.000000,0.000000,0.000000,0.000016,0.000000,0.000000,0.000000,0.000000,0.000000,0.000000,0.000000,0.000000,0.000000,0.000000,0.000000,0.000000,0.000000,0.000000,0.000000,0.000000,0.000000,0.000000,0.000000,0.000000,0.000000,0.000000,0.000000,0.000016,0.000000,0.000000,0.000000,0.000000,0.000000,0.000000,0.000000,0.000000,0.000000,0.000000,0.000000,0.000000,0.000000,0.000000,0.000000,0.000000,0.000000,0.000000,0.000000,0.000000,0.000000,0.000000,0.000000,0.000000,0.000000,0.000000,0.000000,0.000000,0.000000,0.000000,0.000000,0.000000,0.000000,0.000000,0.000000,0.000000,0.000000,0.000000,0.000000,0.000000,0.000000,0.000000,0.000000,0.000000,0.000000,0.000000,0.000000,0.000000,0.000000,0.000000,0.000000,0.000000,0.000000,0.000000,0.000000,0.000000,0.000000,0.000000,0.000000,0.000000,0.000000,0.000000,0.000000,0.000000,0.000000,0.000000,0.000000,0.000000,0.000000,0.000000,0.000000,0.000016,0.000000,0.000000,0.000000,0.000000,0.000000,0.000000,0.000000,0.000000,0.000000,0.000000,0.000000,0.000000,0.000000,0.000000,0.000000,0.000000,0.000000,0.000000,0.000000,0.000000,0.000000,0.000000,0.000000,0.000000,0.000000,0.000000,0.000000,0.000000,0.000000,0.000000,0.000000,0.000000,0.000000,0.000000,0.000000,0.000000,0.000000,0.000000,0.000000,0.000000,0.000000,0.000000,0.000000,0.000000,0.000000,0.000000,0.000000,0.000000,0.000000,0.000000,0.000000,0.000000,0.000016,0.000000,0.000000,0.000000,0.000000,0.000000,0.000000,0.000000,0.000000,0.000000,0.000000,0.000000,0.000000,0.000000,0.000000,0.000000,0.000000,0.000000,0.000000,0.000000,0.000000,0.000000,0.000000,0.000000,0.000000
0.313000,0.000033,0.000000,0.000000,0.000000,0.000000,0.000000,0.000000,0.000000,0.000000,0.000000,0.000000,0.000000,0.000000,0.000000,0.000000,0.000000,0.000000,0.000000,0.000000,0.000000,0.000000,0.000000,0.000000,0.000000,0.000000,0.000000,0.000000,0.000000,0.000000,0.000000,0.000000,0.000000,0.000000,0.000000,0.000000,0.000000,0.000000,0.000000,0.000000,0.000000,0.000000,0.000000,0.000000,0.000000,0.000000,0.000000,0.000000,0.000000,0.000000,0.000000,0.000000,0.000000,0.000000,0.000000,0.000000,0.000000,0.000000,0.000000,0.000000,0.000000,0.000000,0.000000,0.000000,0.000000,0.000000,0.000000,0.000000,0.000000,0.000000,0.000000,0.000000,0.000000,0.000000,0.000000,0.000000,0.000000,0.000000,0.000000,0.000000,0.000000,0.000000,0.000000,0.000000,0.000000,0.000000,0.000000,0.000000,0.000000,0.000000,0.000000,0.000000,0.000000,0.000000,0.000000,0.000000,0.000000,0.000000,0.000000,0.000000,0.000000,0.000000,0.000000,0.000000,0.000000,0.000000,0.000000,0.000000,0.000000,0.000000,0.000000,0.000000,0.000000,0.000000,0.000000,0.000000,0.000000,0.000000,0.000000,0.000000,0.000000,0.000000,0.000000,0.000000,0.000000,0.000000,0.000000,0.000000,0.000000,0.000000,0.000000,0.000000,0.000000,0.000000,0.000033,0.000000,0.000000,0.000000,0.000000,0.000000,0.000000,0.000000,0.000000,0.000000,0.000000,0.000000,0.000000,0.000000,0.000000,0.000000,0.000000,0.000000,0.000000,0.000000,0.000000,0.000000,0.000000,0.000000,0.000000,0.000000,0.000000,0.000000,0.000000,0.000000,0.000000,0.000000,0.000000,0.000000,0.000000,0.000000,0.000000,0.000000,0.000000,0.000000,0.000000,0.000000,0.000000,0.000000,0.000000,0.000000,0.000000,0.000000,0.000000,0.000000,0.000000,0.000000,0.000000
0.314000,0.000016,0.000000,0.000000,0.000000,0.000000,0.000000,0.000000,0.000000,0.000000,0.000000,0.000000,0.000000,0.000000,0.000000,0.000000,0.000000,0.000000,0.000000,0.000000,0.000000,0.000000,0.000000,0.000000,0.000000,0.000000,0.000000,0.000000,0.000000,0.000000,0.000000,0.000000,0.000000,0.000000,0.000000,0.000000,0.000000,0.000000,0.000000,0.000000,0.000000,0.000000,0.000000,0.000000,0.000000,0.000000,0.000000,0.000000,0.000000,0.000000,0.000000,0.000000,0.000000,0.000000,0.000000,0.000000,0.000000,0.000000,0.000000,0.000000,0.000000,0.000000,0.000000,0.000000,0.000000,0.000000,0.000000,0.000000,0.000000,0.000000,0.000000,0.000000,0.000000,0.000000,0.000000,0.000000,0.000000,0.000000,0.000000,0.000000,0.000000,0.000000,0.000000,0.000000,0.000000,0.000000,0.000000,0.000000,0.000000,0.000000,0.000000,0.000000,0.000000,0.000000,0.000000,0.000000,0.000000,0.000000,0.000000,0.000000,0.000000,0.000000,0.000000,0.000000,0.000000,0.000000,0.000000,0.000000,0.000000,0.000000,0.000000,0.000000,0.000000,0.000000,0.000016,0.000000,0.000000,0.000000,0.000000,0.000000,0.000000,0.000000,0.000000,0.000000,0.000000,0.000000,0.000000,0.000000,0.000000,0.000000,0.000000,0.000000,0.000000,0.000000,0.000000,0.000000,0.000000,0.000000,0.000000,0.000000,0.000000,0.000000,0.000000,0.000000,0.000000,0.000000,0.000000,0.000000,0.000000,0.000000,0.000000,0.000000,0.000000,0.000000,0.000000,0.000000,0.000000,0.000000,0.000000,0.000000,0.000000,0.000000,0.000000,0.000000,0.000000,0.000000,0.000000,0.000000,0.000000,0.000000,0.000000,0.000000,0.000000,0.000000,0.000000,0.000000,0.000000,0.000000,0.000000,0.000000,0.000000,0.000000,0.000000,0.000000,0.000000,0.000000,0.000000
0.315000,0.000147,0.000000,0.000000,0.000000,0.000016,0.000000,0.000000,0.000000,0.000000,0.000000,0.000000,0.000000,0.000000,0.000000,0.000000,0.000000,0.000000,0.000000,0.000000,0.000000,0.000000,0.000000,0.000000,0.000000,0.000000,0.000000,0.000000,0.000000,0.000000,0.000000,0.000000,0.000000,0.000000,0.000000,0.000000,0.000000,0.000000,0.000000,0.000000,0.000000,0.000000,0.000000,0.000000,0.000000,0.000000,0.000000,0.000000,0.000000,0.000000,0.000000,0.000000,0.000000,0.000000,0.000000,0.000000,0.000000,0.000000,0.000000,0.000000,0.000000,0.000000,0.000000,0.000000,0.000000,0.000000,0.000000,0.000000,0.000000,0.000000,0.000000,0.000000,0.000000,0.000000,0.000000,0.000000,0.000000,0.000000,0.000000,0.000000,0.000000,0.000000,0.000000,0.000000,0.000000,0.000000,0.000000,0.000000,0.000000,0.000000,0.000000,0.000000,0.000000,0.000000,0.000000,0.000000,0.000000,0.000000,0.000000,0.000000,0.000000,0.000000,0.000000,0.000000,0.000000,0.000016,0.000000,0.000000,0.000000,0.000000,0.000000,0.000000,0.000000,0.000000,0.000016,0.000000,0.000000,0.000000,0.000000,0.000000,0.000000,0.000000,0.000000,0.000016,0.000000,0.000000,0.000000,0.000000,0.000000,0.000016,0.000000,0.000000,0.000000,0.000000,0.000016,0.000000,0.000000,0.000000,0.000000,0.000000,0.000000,0.000000,0.000000,0.000000,0.000000,0.000000,0.000000,0.000000,0.000000,0.000000,0.000000,0.000000,0.000000,0.000000,0.000000,0.000000,0.000000,0.000000,0.000000,0.000000,0.000016,0.000000,0.000000,0.000000,0.000000,0.000000,0.000000,0.000000,0.000000,0.000000,0.000000,0.000016,0.000000,0.000000,0.000000,0.000000,0.000000,0.000000,0.000000,0.000000,0.000000,0.000000,0.000000,0.000000,0.000016,0.000000,0.000000
0.316000,0.000115,0.000000,0.000000,0.000000,0.000000,0.000000,0.000000,0.000000,0.000000,0.000000,0.000000,0.000000,0.000000,0.000000,0.000000,0.000000,0.000000,0.000000,0.000000,0.000000,0.000000,0.000000,0.000000,0.000000,0.000000,0.000000,0.000000,0.000000,0.000000,0.000000,0.000000,0.000000,0.000000,0.000000,0.000000,0.000000,0.000000,0.000000,0.000016,0.000000,0.000000,0.000000,0.000000,0.000000,0.000000,0.000000,0.000000,0.000000,0.000000,0.000000,0.000000,0.000000,0.000000,0.000000,0.000000,0.000000,0.000000,0.000000,0.000000,0.000000,0.000000,0.000000,0.000000,0.000000,0.000000,0.000000,0.000000,0.000000,0.000000,0.000000,0.000000,0.000000,0.000000,0.000000,0.000000,0.000000,0.000000,0.000000,0.000000,0.000000,0.000000,0.000000,0.000000,0.000000,0.000000,0.000000,0.000000,0.000000,0.000000,0.000000,0.000000,0.000000,0.000000,0.000000,0.000000,0.000000,0.000000,0.000016,0.000000,0.000000,0.000000,0.000000,0.000000,0.000016,0.000000,0.000000,0.000000,0.000000,0.000000,0.000000,0.000000,0.000000,0.000000,0.000000,0.000000,0.000000,0.000000,0.000000,0.000000,0.000000,0.000000,0.000000,0.000000,0.000000,0.000000,0.000000,0.000000,0.000016,0.000000,0.000000,0.000000,0.000000,0.000016,0.000000,0.000000,0.000000,0.000000,0.000000,0.000000,0.000000,0.000000,0.000000,0.000000,0.000000,0.000000,0.000000,0.000000,0.000000,0.000000,0.000000,0.000000,0.000000,0.000000,0.000000,0.000000,0.000000,0.000000,0.000000,0.000000,0.000016,0.000000,0.000000,0.000000,0.000000,0.000000,0.000000,0.000000,0.000000,0.000000,0.000000,0.000000,0.000000,0.000000,0.000000,0.000000,0.000000,0.000000,0.000000,0.000000,0.000000,0.000000,0.000000,0.000000,0.000000,0.000000,0.000016
0.317000,0.000082,0.000000,0.000000,0.000000,0.000000,0.000000,0.000000,0.000000,0.000000,0.000000,0.000000,0.000000,0.000000,0.000000,0.000000,0.000000,0.000000,0.000000,0.000000,0.000000,0.000000,0.000000,0.000000,0.000000,0.000000,0.000000,0.000000,0.000000,0.000000,0.000000,0.000000,0.000000,0.000000,0.000000,0.000000,0.000000,0.000000,0.000000,0.000000,0.000000,0.000000,0.000000,0.000000,0.000000,0.000000,0.000000,0.000000,0.000000,0.000000,0.000000,0.000000,0.000000,0.000000,0.000000,0.000000,0.000000,0.000000,0.000000,0.000000,0.000000,0.000000,0.000000,0.000000,0.000000,0.000000,0.000000,0.000000,0.000000,0.000000,0.000000,0.000000,0.000000,0.000000,0.000000,0.000000,0.000000,0.000000,0.000000,0.000000,0.000000,0.000000,0.000000,0.000000,0.000000,0.000000,0.000000,0.000000,0.000000,0.000000,0.000000,0.000000,0.000000,0.000000,0.000000,0.000000,0.000000,0.000000,0.000000,0.000000,0.000000,0.000000,0.000000,0.000000,0.000000,0.000000,0.000000,0.000000,0.000000,0.000000,0.000000,0.000000,0.000000,0.000000,0.000000,0.000000,0.000000,0.000000,0.000000,0.000000,0.000000,0.000000,0.000000,0.000000,0.000016,0.000000,0.000016,0.000000,0.000000,0.000000,0.000000,0.000000,0.000000,0.000000,0.000000,0.000000,0.000000,0.000000,0.000000,0.000016,0.000000,0.000000,0.000000,0.000000,0.000000,0.000000,0.000000,0.000000,0.000016,0.000000,0.000000,0.000000,0.000000,0.000000,0.000000,0.000000,0.000000,0.000000,0.000000,0.000000,0.000000,0.000000,0.000000,0.000000,0.000000,0.000000,0.000000,0.000000,0.000000,0.000000,0.000000,0.000000,0.000016,0.000000,0.000000,0.000000,0.000000,0.000000,0.000000,0.000000,0.000000,0.000000,0.000000,0.000000,0.000000,0.000000,0.000000
0.318000,0.000115,0.000000,0.000000,0.000000,0.000000,0.000000,0.000000,0.000000,0.000000,0.000000,0.000000,0.000000,0.000000,0.000000,0.000000,0.000000,0.000016,0.000000,0.000000,0.000000,0.000000,0.000000,0.000000,0.000000,0.000000,0.000000,0.000000,0.000016,0.000000,0.000000,0.000000,0.000000,0.000000,0.000000,0.000000,0.000000,0.000016,0.000000,0.000000,0.000000,0.000000,0.000000,0.000000,0.000000,0.000000,0.000000,0.000000,0.000000,0.000000,0.000000,0.000000,0.000000,0.000000,0.000000,0.000000,0.000000,0.000000,0.000000,0.000000,0.000000,0.000000,0.000000,0.000000,0.000000,0.000000,0.000000,0.000000,0.000000,0.000000,0.000000,0.000000,0.000000,0.000000,0.000000,0.000000,0.000000,0.000000,0.000000,0.000000,0.000000,0.000000,0.000000,0.000000,0.000000,0.000000,0.000000,0.000000,0.000000,0.000000,0.000000,0.000000,0.000000,0.000000,0.000000,0.000000,0.000000,0.000000,0.000000,0.000000,0.000000,0.000000,0.000000,0.000000,0.000000,0.000000,0.000000,0.000000,0.000000,0.000000,0.000000,0.000016,0.000000,0.000000,0.000000,0.000000,0.000000,0.000000,0.000000,0.000000,0.000000,0.000000,0.000000,0.000000,0.000000,0.000000,0.000000,0.000000,0.000000,0.000000,0.000016,0.000000,0.000000,0.000000,0.000000,0.000016,0.000000,0.000000,0.000000,0.000000,0.000000,0.000000,0.000000,0.000000,0.000000,0.000000,0.000000,0.000000,0.000000,0.000000,0.000000,0.000000,0.000000,0.000000,0.000000,0.000000,0.000000,0.000000,0.000000,0.000000,0.000000,0.000000,0.000000,0.000000,0.000000,0.000000,0.000000,0.000000,0.000000,0.000000,0.000000,0.000000,0.000000,0.000000,0.000016,0.000000,0.000000,0.000000,0.000000,0.000000,0.000000,0.000000,0.000000,0.000000,0.000000,0.000000,0.000000
0.319000,0.000098,0.000000,0.000000,0.000000,0.000000,0.000000,0.000000,0.000000,0.000000,0.000000,0.000000,0.000000,0.000000,0.000000,0.000000,0.000000,0.000000,0.000000,0.000000,0.000000,0.000000,0.000000,0.000000,0.000000,0.000000,0.000000,0.000000,0.000000,0.000000,0.000000,0.000000,0.000000,0.000000,0.000000,0.000000,0.000000,0.000000,0.000000,0.000000,0.000000,0.000000,0.000000,0.000000,0.000000,0.000000,0.000000,0.000000,0.000000,0.000000,0.000000,0.000000,0.000000,0.000000,0.000000,0.000000,0.000000,0.000000,0.000000,0.000000,0.000000,0.000000,0.000000,0.000000,0.000000,0.000000,0.000000,0.000000,0.000000,0.000000,0.000000,0.000000,0.000000,0.000000,0.000000,0.000000,0.000000,0.000000,0.000000,0.000000,0.000000,0.000000,0.000000,0.000000,0.000000,0.000000,0.000000,0.000000,0.000000,0.000000,0.000000,0.000000,0.000000,0.000000,0.000000,0.000000,0.000000,0.000000,0.000000,0.000000,0.000000,0.000000,0.000000,0.000000,0.000000,0.000000,0.000000,0.000016,0.000000,0.000000,0.000000,0.000000,0.000000,0.000000,0.000000,0.000000,0.000000,0.000000,0.000000,0.000000,0.000000,0.000000,0.000000,0.000000,0.000000,0.000000,0.000000,0.000000,0.000000,0.000000,0.000000,0.000000,0.000000,0.000000,0.000000,0.000000,0.000000,0.000000,0.000033,0.000000,0.000000,0.000000,0.000000,0.000000,0.000000,0.000000,0.000000,0.000000,0.000000,0.000000,0.000000,0.000000,0.000000,0.000000,0.000000,0.000000,0.000000,0.000000,0.000000,0.000000,0.000000,0.000000,0.000016,0.000000,0.000000,0.000000,0.000000,0.000000,0.000000,0.000000,0.000000,0.000000,0.000000,0.000000,0.000016,0.000000,0.000000,0.000016,0.000000,0.000000,0.000000,0.000000,0.000000,0.000000,0.000000,0.000000,0.000000
0.320000,0.000082,0.000000,0.000000,0.000000,0.000000,0.000000,0.000000,0.000000,0.000000,0.000000,0.000000,0.000000,0.000000,0.000000,0.000000,0.000000,0.000000,0.000000,0.000000,0.000000,0.000000,0.000000,0.000000,0.000000,0.000000,0.000000,0.000000,0.000000,0.000000,0.000000,0.000000,0.000000,0.000000,0.000000,0.000000,0.000000,0.000000,0.000000,0.000000,0.000000,0.000000,0.000000,0.000000,0.000000,0.000000,0.000000,0.000000,0.000000,0.000000,0.000000,0.000000,0.000000,0.000000,0.000000,0.000000,0.000000,0.000000,0.000000,0.000000,0.000000,0.000000,0.000000,0.000000,0.000000,0.000000,0.000000,0.000000,0.000000,0.000016,0.000000,0.000000,0.000000,0.000000,0.000000,0.000000,0.000000,0.000000,0.000000,0.000000,0.000000,0.000000,0.000000,0.000000,0.000000,0.000000,0.000000,0.000000,0.000000,0.000000,0.000000,0.000000,0.000000,0.000000,0.000000,0.000000,0.000000,0.000000,0.000000,0.000000,0.000000,0.000000,0.000000,0.000000,0.000000,0.000000,0.000000,0.000000,0.000000,0.000000,0.000000,0.000000,0.000000,0.000000,0.000000,0.000000,0.000000,0.000000,0.000000,0.000000,0.000000,0.000000,0.000000,0.000016,0.000000,0.000000,0.000000,0.000016,0.000000,0.000000,0.000000,0.000000,0.000000,0.000000,0.000000,0.000000,0.000000,0.000000,0.000000,0.000016,0.000000,0.000016,0.000000,0.000000,0.000000,0.000000,0.000000,0.000000,0.000000,0.000000,0.000000,0.000000,0.000000,0.000000,0.000000,0.000000,0.000000,0.000000,0.000000,0.000000,0.000000,0.000000,0.000000,0.000000,0.000000,0.000000,0.000000,0.000000,0.000000,0.000000,0.000000,0.000000,0.000000,0.000000,0.000000,0.000000,0.000000,0.000000,0.000000,0.000000,0.000000,0.000000,0.000000,0.000000,0.000000,0.000000,0.000000
0.321000,0.000098,0.000000,0.000000,0.000000,0.000000,0.000000,0.000000,0.000000,0.000000,0.000000,0.000000,0.000000,0.000000,0.000000,0.000000,0.000016,0.000000,0.000000,0.000000,0.000000,0.000000,0.000000,0.000000,0.000000,0.000000,0.000016,0.000000,0.000000,0.000000,0.000000,0.000000,0.000000,0.000000,0.000000,0.000000,0.000000,0.000000,0.000000,0.000000,0.000000,0.000000,0.000000,0.000000,0.000000,0.000000,0.000000,0.000000,0.000000,0.000000,0.000000,0.000000,0.000000,0.000000,0.000000,0.000000,0.000000,0.000000,0.000000,0.000000,0.000000,0.000000,0.000000,0.000000,0.000000,0.000000,0.000000,0.000000,0.000000,0.000000,0.000000,0.000000,0.000000,0.000000,0.000000,0.000000,0.000000,0.000000,0.000000,0.000000,0.000000,0.000000,0.000000,0.000000,0.000000,0.000000,0.000000,0.000000,0.000000,0.000000,0.000000,0.000000,0.000000,0.000000,0.000000,0.000000,0.000000,0.000000,0.000000,0.000000,0.000000,0.000000,0.000000,0.000000,0.000000,0.000000,0.000000,0.000000,0.000000,0.000000,0.000000,0.000000,0.000000,0.000000,0.000016,0.000000,0.000000,0.000000,0.000000,0.000000,0.000000,0.000000,0.000000,0.000000,0.000000,0.000000,0.000000,0.000000,0.000016,0.000000,0.000000,0.000000,0.000000,0.000000,0.000000,0.000000,0.000000,0.000000,0.000000,0.000000,0.000000,0.000000,0.000000,0.000000,0.000000,0.000000,0.000000,0.000000,0.000000,0.000000,0.000000,0.000000,0.000000,0.000000,0.000000,0.000000,0.000000,0.000000,0.000000,0.000000,0.000000,0.000000,0.000000,0.000000,0.000000,0.000000,0.000000,0.000000,0.000000,0.000000,0.000016,0.000000,0.000000,0.000000,0.000000,0.000000,0.000000,0.000000,0.000000,0.000016,0.000000,0.000000,0.000000,0.000000,0.000000,0.000000,0.000000
0.322000,0.000147,0.000000,0.000000,0.000000,0.000000,0.000000,0.000000,0.000000,0.000016,0.000000,0.000000,0.000000,0.000000,0.000000,0.000000,0.000000,0.000000,0.000000,0.000000,0.000000,0.000000,0.000000,0.000000,0.000000,0.000016,0.000000,0.000000,0.000000,0.000000,0.000000,0.000000,0.000000,0.000000,0.000000,0.000000,0.000000,0.000000,0.000000,0.000000,0.000000,0.000000,0.000000,0.000000,0.000000,0.000000,0.000000,0.000000,0.000016,0.000000,0.000000,0.000000,0.000000,0.000000,0.000000,0.000000,0.000000,0.000000,0.000000,0.000000,0.000000,0.000000,0.000000,0.000000,0.000000,0.000000,0.000000,0.000000,0.000000,0.000000,0.000000,0.000000,0.000000,0.000000,0.000000,0.000000,0.000000,0.000000,0.000000,0.000000,0.000000,0.000000,0.000000,0.000000,0.000000,0.000000,0.000000,0.000000,0.000000,0.000000,0.000000,0.000000,0.000016,0.000000,0.000000,0.000000,0.000000,0.000000,0.000000,0.000000,0.000000,0.000000,0.000000,0.000000,0.000000,0.000000,0.000000,0.000000,0.000000,0.000000,0.000000,0.000000,0.000000,0.000000,0.000000,0.000016,0.000000,0.000000,0.000000,0.000000,0.000000,0.000000,0.000000,0.000000,0.000000,0.000000,0.000000,0.000000,0.000000,0.000000,0.000000,0.000000,0.000000,0.000000,0.000000,0.000000,0.000016,0.000000,0.000000,0.000000,0.000000,0.000016,0.000016,0.000000,0.000000,0.000000,0.000000,0.000000,0.000000,0.000000,0.000000,0.000000,0.000000,0.000000,0.000000,0.000000,0.000016,0.000000,0.000000,0.000000,0.000000,0.000000,0.000000,0.000000,0.000000,0.000000,0.000000,0.000000,0.000000,0.000000,0.000000,0.000000,0.000000,0.000000,0.000000,0.000000,0.000000,0.000000,0.000000,0.000000,0.000000,0.000000,0.000000,0.000000,0.000000,0.000000,0.000000
0.323000,0.000049,0.000000,0.000000,0.000000,0.000000,0.000000,0.000000,0.000000,0.000000,0.000000,0.000000,0.000000,0.000000,0.000000,0.000016,0.000000,0.000000,0.000000,0.000000,0.000000,0.000000,0.000000,0.000000,0.000000,0.000000,0.000000,0.000000,0.000000,0.000000,0.000000,0.000000,0.000000,0.000000,0.000000,0.000000,0.000000,0.000000,0.000000,0.000000,0.000000,0.000000,0.000000,0.000000,0.000000,0.000000,0.000000,0.000000,0.000000,0.000000,0.000000,0.000000,0.000000,0.000000,0.000000,0.000000,0.000000,0.000000,0.000000,0.000000,0.000000,0.000000,0.000000,0.000000,0.000000,0.000000,0.000000,0.000000,0.000000,0.000000,0.000000,0.000000,0.000000,0.000000,0.000000,0.000000,0.000000,0.000000,0.000000,0.000000,0.000000,0.000000,0.000000,0.000000,0.000000,0.000000,0.000000,0.000000,0.000000,0.000000,0.000000,0.000000,0.000000,0.000000,0.000000,0.000000,0.000000,0.000000,0.000016,0.000000,0.000000,0.000000,0.000000,0.000000,0.000000,0.000000,0.000000,0.000000,0.000000,0.000000,0.000000,0.000000,0.000000,0.000000,0.000000,0.000000,0.000000,0.000000,0.000000,0.000016,0.000000,0.000000,0.000000,0.000000,0.000000,0.000000,0.000000,0.000000,0.000000,0.000000,0.000000,0.000000,0.000000,0.000000,0.000000,0.000000,0.000000,0.000000,0.000000,0.000000,0.000000,0.000000,0.000000,0.000000,0.000000,0.000000,0.000000,0.000000,0.000000,0.000000,0.000000,0.000000,0.000000,0.000000,0.000000,0.000000,0.000000,0.000000,0.000000,0.000000,0.000000,0.000000,0.000000,0.000000,0.000000,0.000000,0.000000,0.000000,0.000000,0.000000,0.000000,0.000000,0.000000,0.000000,0.000000,0.000000,0.000000,0.000000,0.000000,0.000000,0.000000,0.000000,0.000000,0.000000,0.000000,0.000000,0.000000
0.324000,0.000098,0.000000,0.000000,0.000000,0.000000,0.000000,0.000000,0.000000,0.000000,0.000000,0.000000,0.000000,0.000000,0.000000,0.000000,0.000000,0.000000,0.000000,0.000000,0.000000,0.000000,0.000000,0.000000,0.000000,0.000000,0.000000,0.000000,0.000000,0.000000,0.000000,0.000000,0.000000,0.000000,0.000000,0.000000,0.000000,0.000000,0.000000,0.000000,0.000000,0.000000,0.000016,0.000000,0.000000,0.000000,0.000000,0.000000,0.000000,0.000000,0.000000,0.000000,0.000000,0.000000,0.000000,0.000000,0.000000,0.000000,0.000000,0.000000,0.000000,0.000000,0.000000,0.000000,0.000000,0.000000,0.000000,0.000000,0.000000,0.000000,0.000000,0.000000,0.000000,0.000000,0.000000,0.000000,0.000000,0.000000,0.000000,0.000000,0.000000,0.000000,0.000000,0.000000,0.000000,0.000000,0.000000,0.000000,0.000000,0.000000,0.000000,0.000000,0.000000,0.000000,0.000000,0.000000,0.000000,0.000000,0.000000,0.000000,0.000000,0.000000,0.000000,0.000000,0.000000,0.000000,0.000000,0.000000,0.000000,0.000000,0.000000,0.000000,0.000000,0.000000,0.000000,0.000000,0.000000,0.000000,0.000016,0.000000,0.000000,0.000000,0.000000,0.000000,0.000000,0.000000,0.000000,0.000000,0.000000,0.000000,0.000000,0.000000,0.000000,0.000000,0.000000,0.000016,0.000000,0.000000,0.000000,0.000000,0.000000,0.000000,0.000000,0.000000,0.000000,0.000000,0.000000,0.000000,0.000000,0.000000,0.000000,0.000000,0.000000,0.000000,0.000000,0.000000,0.000000,0.000016,0.000000,0.000000,0.000000,0.000000,0.000000,0.000000,0.000000,0.000000,0.000000,0.000000,0.000016,0.000000,0.000000,0.000000,0.000000,0.000000,0.000000,0.000000,0.000000,0.000000,0.000000,0.000000,0.000000,0.000000,0.000016,0.000000,0.000000,0.000000,0.000000
0.325000,0.000033,0.000000,0.000000,0.000000,0.000000,0.000000,0.000000,0.000000,0.000000,0.000000,0.000000,0.000000,0.000000,0.000000,0.000000,0.000000,0.000000,0.000000,0.000000,0.000000,0.000000,0.000000,0.000000,0.000000,0.000000,0.000000,0.000000,0.000000,0.000000,0.000000,0.000000,0.000000,0.000000,0.000000,0.000000,0.000000,0.000000,0.000000,0.000000,0.000000,0.000000,0.000000,0.000000,0.000000,0.000000,0.000000,0.000000,0.000000,0.000000,0.000000,0.000000,0.000000,0.000000,0.000000,0.000000,0.000000,0.000000,0.000000,0.000000,0.000000,0.000000,0.000000,0.000000,0.000000,0.000000,0.000000,0.000000,0.000000,0.000000,0.000000,0.000000,0.000000,0.000000,0.000000,0.000000,0.000000,0.000000,0.000000,0.000000,0.000000,0.000000,0.000000,0.000000,0.000000,0.000000,0.000000,0.000000,0.000000,0.000000,0.000000,0.000000,0.000000,0.000000,0.000000,0.000000,0.000000,0.000000,0.000000,0.000000,0.000000,0.000000,0.000000,0.000000,0.000000,0.000000,0.000000,0.000000,0.000000,0.000000,0.000000,0.000000,0.000000,0.000000,0.000000,0.000000,0.000000,0.000000,0.000000,0.000000,0.000000,0.000000,0.000000,0.000000,0.000000,0.000000,0.000000,0.000000,0.000000,0.000000,0.000000,0.000000,0.000000,0.000000,0.000000,0.000016,0.000000,0.000000,0.000000,0.000000,0.000000,0.000000,0.000000,0.000000,0.000000,0.000000,0.000000,0.000000,0.000000,0.000000,0.000000,0.000000,0.000000,0.000000,0.000000,0.000000,0.000000,0.000000,0.000000,0.000000,0.000000,0.000000,0.000000,0.000000,0.000000,0.000000,0.000000,0.000016,0.000000,0.000000,0.000000,0.000000,0.000000,0.000000,0.000000,0.000000,0.000000,0.000000,0.000000,0.000000,0.000000,0.000000,0.000000,0.000000,0.000000,0.000000,0.000000
0.326000,0.000082,0.000000,0.000000,0.000000,0.000000,0.000000,0.000000,0.000000,0.000000,0.000000,0.000000,0.000000,0.000016,0.000000,0.000000,0.000000,0.000000,0.000000,0.000000,0.000000,0.000000,0.000000,0.000000,0.000000,0.000000,0.000000,0.000000,0.000000,0.000000,0.000016,0.000000,0.000000,0.000000,0.000000,0.000000,0.000000,0.000000,0.000000,0.000000,0.000000,0.000000,0.000000,0.000000,0.000000,0.000000,0.000000,0.000000,0.000000,0.000000,0.000000,0.000000,0.000000,0.000000,0.000000,0.000000,0.000000,0.000000,0.000000,0.000000,0.000000,0.000000,0.000000,0.000000,0.000000,0.000000,0.000000,0.000000,0.000000,0.000000,0.000000,0.000000,0.000000,0.000000,0.000000,0.000000,0.000000,0.000000,0.000000,0.000000,0.000000,0.000000,0.000000,0.000000,0.000000,0.000000,0.000000,0.000000,0.000000,0.000000,0.000000,0.000000,0.000000,0.000000,0.000000,0.000000,0.000000,0.000000,0.000000,0.000000,0.000000,0.000016,0.000000,0.000000,0.000000,0.000000,0.000000,0.000000,0.000000,0.000000,0.000000,0.000000,0.000000,0.000000,0.000000,0.000000,0.000000,0.000000,0.000000,0.000000,0.000000,0.000000,0.000000,0.000000,0.000000,0.000000,0.000000,0.000000,0.000000,0.000000,0.000000,0.000000,0.000000,0.000000,0.000000,0.000000,0.000000,0.000000,0.000016,0.000000,0.000000,0.000000,0.000000,0.000000,0.000000,0.000000,0.000000,0.000000,0.000000,0.000000,0.000000,0.000000,0.000000,0.000000,0.000000,0.000000,0.000000,0.000000,0.000000,0.000000,0.000016,0.000000,0.000000,0.000000,0.000000,0.000000,0.000000,0.000000,0.000000,0.000000,0.000000,0.000000,0.000000,0.000000,0.000000,0.000000,0.000000,0.000000,0.000000,0.000000,0.000000,0.000000,0.000000,0.000000,0.000000,0.000000,0.000000
0.327000,0.000016,0.000000,0.000000,0.000000,0.000000,0.000000,0.000000,0.000000,0.000000,0.000000,0.000000,0.000000,0.000000,0.000000,0.000000,0.000000,0.000000,0.000000,0.000000,0.000000,0.000000,0.000000,0.000000,0.000000,0.000000,0.000000,0.000000,0.000000,0.000000,0.000000,0.000000,0.000000,0.000000,0.000000,0.000000,0.000000,0.000000,0.000000,0.000000,0.000000,0.000000,0.000000,0.000000,0.000000,0.000000,0.000000,0.000000,0.000000,0.000000,0.000000,0.000000,0.000000,0.000000,0.000000,0.000000,0.000000,0.000000,0.000000,0.000000,0.000000,0.000000,0.000000,0.000000,0.000000,0.000000,0.000000,0.000000,0.000000,0.000000,0.000000,0.000000,0.000000,0.000000,0.000000,0.000000,0.000000,0.000000,0.000000,0.000000,0.000000,0.000000,0.000000,0.000000,0.000000,0.000000,0.000000,0.000000,0.000000,0.000000,0.000000,0.000000,0.000000,0.000000,0.000000,0.000000,0.000000,0.000000,0.000000,0.000000,0.000000,0.000000,0.000000,0.000000,0.000000,0.000000,0.000000,0.000000,0.000000,0.000000,0.000000,0.000000,0.000000,0.000000,0.000000,0.000000,0.000000,0.000000,0.000000,0.000000,0.000000,0.000000,0.000000,0.000000,0.000000,0.000000,0.000000,0.000000,0.000000,0.000000,0.000000,0.000000,0.000000,0.000000,0.000016,0.000000,0.000000,0.000000,0.000000,0.000000,0.000000,0.000000,0.000000,0.000000,0.000000,0.000000,0.000000,0.000000,0.000000,0.000000,0.000000,0.000000,0.000000,0.000000,0.000000,0.000000,0.000000,0.000000,0.000000,0.000000,0.000000,0.000000,0.000000,0.000000,0.000000,0.000000,0.000000,0.000000,0.000000,0.000000,0.000000,0.000000,0.000000,0.000000,0.000000,0.000000,0.000000,0.000000,0.000000,0.000000,0.000000,0.000000,0.000000,0.000000,0.000000,0.000000,0.000000
0.328000,0.000016,0.000000,0.000000,0.000000,0.000000,0.000000,0.000000,0.000000,0.000000,0.000000,0.000000,0.000000,0.000000,0.000000,0.000000,0.000000,0.000000,0.000000,0.000000,0.000000,0.000000,0.000000,0.000000,0.000000,0.000000,0.000000,0.000000,0.000000,0.000000,0.000000,0.000000,0.000000,0.000000,0.000000,0.000000,0.000000,0.000000,0.000000,0.000000,0.000000,0.000000,0.000000,0.000000,0.000000,0.000000,0.000000,0.000000,0.000000,0.000000,0.000000,0.000000,0.000000,0.000000,0.000000,0.000000,0.000000,0.000000,0.000000,0.000000,0.000000,0.000000,0.000000,0.000000,0.000000,0.000000,0.000000,0.000000,0.000000,0.000000,0.000000,0.000000,0.000000,0.000000,0.000000,0.000000,0.000000,0.000000,0.000000,0.000000,0.000000,0.000000,0.000000,0.000000,0.000000,0.000000,0.000000,0.000000,0.000000,0.000000,0.000000,0.000000,0.000000,0.000000,0.000000,0.000000,0.000000,0.000000,0.000000,0.000000,0.000000,0.000000,0.000000,0.000000,0.000000,0.000000,0.000000,0.000000,0.000000,0.000000,0.000000,0.000000,0.000000,0.000000,0.000000,0.000000,0.000000,0.000000,0.000000,0.000000,0.000000,0.000000,0.000000,0.000000,0.000000,0.000000,0.000000,0.000000,0.000000,0.000000,0.000000,0.000000,0.000000,0.000000,0.000000,0.000000,0.000000,0.000000,0.000000,0.000000,0.000000,0.000000,0.000000,0.000000,0.000000,0.000000,0.000000,0.000000,0.000000,0.000000,0.000000,0.000000,0.000000,0.000016,0.000000,0.000000,0.000000,0.000000,0.000000,0.000000,0.000000,0.000000,0.000000,0.000000,0.000000,0.000000,0.000000,0.000000,0.000000,0.000000,0.000000,0.000000,0.000000,0.000000,0.000000,0.000000,0.000000,0.000000,0.000000,0.000000,0.000000,0.000000,0.000000,0.000000,0.000000,0.000000,0.000000
0.329000,0.000082,0.000000,0.000000,0.000000,0.000000,0.000000,0.000000,0.000000,0.000000,0.000000,0.000000,0.000000,0.000000,0.000000,0.000000,0.000000,0.000000,0.000000,0.000000,0.000000,0.000000,0.000000,0.000000,0.000000,0.000000,0.000000,0.000000,0.000000,0.000000,0.000000,0.000000,0.000000,0.000000,0.000000,0.000000,0.000000,0.000000,0.000000,0.000000,0.000000,0.000000,0.000000,0.000000,0.000000,0.000000,0.000000,0.000000,0.000000,0.000000,0.000000,0.000000,0.000000,0.000000,0.000000,0.000000,0.000000,0.000000,0.000000,0.000000,0.000000,0.000000,0.000000,0.000000,0.000000,0.000000,0.000000,0.000000,0.000000,0.000000,0.000000,0.000000,0.000000,0.000000,0.000000,0.000000,0.000000,0.000000,0.000000,0.000000,0.000000,0.000000,0.000000,0.000000,0.000000,0.000000,0.000000,0.000000,0.000000,0.000000,0.000000,0.000000,0.000000,0.000000,0.000000,0.000000,0.000000,0.000000,0.000000,0.000000,0.000000,0.000000,0.000000,0.000000,0.000000,0.000000,0.000000,0.000000,0.000000,0.000000,0.000000,0.000000,0.000000,0.000000,0.000000,0.000000,0.000000,0.000000,0.000000,0.000000,0.000000,0.000000,0.000000,0.000000,0.000000,0.000000,0.000000,0.000000,0.000000,0.000000,0.000000,0.000000,0.000000,0.000000,0.000000,0.000000,0.000000,0.000000,0.000000,0.000000,0.000000,0.000000,0.000000,0.000000,0.000000,0.000016,0.000000,0.000016,0.000000,0.000000,0.000000,0.000000,0.000000,0.000000,0.000000,0.000000,0.000000,0.000000,0.000000,0.000000,0.000000,0.000000,0.000000,0.000000,0.000000,0.000000,0.000016,0.000016,0.000000,0.000000,0.000000,0.000000,0.000000,0.000000,0.000000,0.000000,0.000000,0.000000,0.000000,0.000000,0.000000,0.000000,0.000000,0.000016,0.000000,0.000000,0.000000
0.330000,0.000016,0.000000,0.000000,0.000000,0.000000,0.000000,0.000000,0.000000,0.000000,0.000000,0.000000,0.000000,0.000000,0.000000,0.000000,0.000000,0.000000,0.000000,0.000000,0.000000,0.000000,0.000000,0.000000,0.000000,0.000000,0.000000,0.000000,0.000000,0.000000,0.000000,0.000000,0.000000,0.000000,0.000000,0.000000,0.000000,0.000000,0.000000,0.000000,0.000000,0.000000,0.000000,0.000000,0.000000,0.000000,0.000000,0.000000,0.000000,0.000000,0.000000,0.000000,0.000000,0.000000,0.000000,0.000000,0.000000,0.000000,0.000000,0.000000,0.000000,0.000000,0.000000,0.000000,0.000000,0.000000,0.000000,0.000000,0.000000,0.000000,0.000000,0.000000,0.000000,0.000000,0.000000,0.000000,0.000000,0.000000,0.000000,0.000000,0.000000,0.000000,0.000000,0.000000,0.000000,0.000000,0.000000,0.000000,0.000000,0.000000,0.000000,0.000000,0.000000,0.000000,0.000000,0.000000,0.000000,0.000000,0.000000,0.000000,0.000000,0.000000,0.000000,0.000000,0.000000,0.000000,0.000000,0.000000,0.000000,0.000000,0.000000,0.000000,0.000000,0.000000,0.000000,0.000000,0.000000,0.000000,0.000000,0.000000,0.000000,0.000000,0.000000,0.000000,0.000000,0.000016,0.000000,0.000000,0.000000,0.000000,0.000000,0.000000,0.000000,0.000000,0.000000,0.000000,0.000000,0.000000,0.000000,0.000000,0.000000,0.000000,0.000000,0.000000,0.000000,0.000000,0.000000,0.000000,0.000000,0.000000,0.000000,0.000000,0.000000,0.000000,0.000000,0.000000,0.000000,0.000000,0.000000,0.000000,0.000000,0.000000,0.000000,0.000000,0.000000,0.000000,0.000000,0.000000,0.000000,0.000000,0.000000,0.000000,0.000000,0.000000,0.000000,0.000000,0.000000,0.000000,0.000000,0.000000,0.000000,0.000000,0.000000,0.000000,0.000000,0.000000,0.000000
0.331000,0.000033,0.000000,0.000000,0.000000,0.000000,0.000000,0.000000,0.000000,0.000000,0.000000,0.000000,0.000000,0.000000,0.000016,0.000000,0.000000,0.000000,0.000000,0.000000,0.000000,0.000000,0.000000,0.000000,0.000000,0.000000,0.000016,0.000000,0.000000,0.000000,0.000000,0.000000,0.000000,0.000000,0.000000,0.000000,0.000000,0.000000,0.000000,0.000000,0.000000,0.000000,0.000000,0.000000,0.000000,0.000000,0.000000,0.000000,0.000000,0.000000,0.000000,0.000000,0.000000,0.000000,0.000000,0.000000,0.000000,0.000000,0.000000,0.000000,0.000000,0.000000,0.000000,0.000000,0.000000,0.000000,0.000000,0.000000,0.000000,0.000000,0.000000,0.000000,0.000000,0.000000,0.000000,0.000000,0.000000,0.000000,0.000000,0.000000,0.000000,0.000000,0.000000,0.000000,0.000000,0.000000,0.000000,0.000000,0.000000,0.000000,0.000000,0.000000,0.000000,0.000000,0.000000,0.000000,0.000000,0.000000,0.000000,0.000000,0.000000,0.000000,0.000000,0.000000,0.000000,0.000000,0.000000,0.000000,0.000000,0.000000,0.000000,0.000000,0.000000,0.000000,0.000000,0.000000,0.000000,0.000000,0.000000,0.000000,0.000000,0.000000,0.000000,0.000000,0.000000,0.000000,0.000000,0.000000,0.000000,0.000000,0.000000,0.000000,0.000000,0.000000,0.000000,0.000000,0.000000,0.000000,0.000000,0.000000,0.000000,0.000000,0.000000,0.000000,0.000000,0.000000,0.000000,0.000000,0.000000,0.000000,0.000000,0.000000,0.000000,0.000000,0.000000,0.000000,0.000000,0.000000,0.000000,0.000000,0.000000,0.000000,0.000000,0.000000,0.000000,0.000000,0.000000,0.000000,0.000000,0.000000,0.000000,0.000000,0.000000,0.000000,0.000000,0.000000,0.000000,0.000000,0.000000,0.000000,0.000000,0.000000,0.000000,0.000000,0.000000,0.000000,0.000000
0.332000,0.000065,0.000000,0.000000,0.000000,0.000000,0.000000,0.000000,0.000000,0.000000,0.000000,0.000000,0.000000,0.000000,0.000000,0.000000,0.000000,0.000000,0.000000,0.000000,0.000000,0.000000,0.000000,0.000000,0.000000,0.000000,0.000000,0.000000,0.000000,0.000000,0.000000,0.000000,0.000000,0.000000,0.000000,0.000000,0.000000,0.000000,0.000000,0.000000,0.000000,0.000000,0.000000,0.000000,0.000000,0.000000,0.000000,0.000000,0.000000,0.000000,0.000000,0.000000,0.000000,0.000000,0.000000,0.000000,0.000000,0.000000,0.000000,0.000000,0.000000,0.000000,0.000000,0.000000,0.000000,0.000000,0.000000,0.000000,0.000000,0.000000,0.000000,0.000000,0.000000,0.000000,0.000000,0.000000,0.000000,0.000000,0.000000,0.000000,0.000000,0.000000,0.000000,0.000000,0.000000,0.000000,0.000000,0.000000,0.000000,0.000000,0.000000,0.000000,0.000000,0.000000,0.000000,0.000000,0.000000,0.000000,0.000000,0.000000,0.000016,0.000000,0.000000,0.000000,0.000000,0.000000,0.000000,0.000000,0.000000,0.000000,0.000000,0.000000,0.000000,0.000000,0.000000,0.000000,0.000000,0.000000,0.000000,0.000000,0.000000,0.000000,0.000000,0.000000,0.000000,0.000000,0.000000,0.000000,0.000000,0.000016,0.000000,0.000000,0.000000,0.000000,0.000000,0.000000,0.000000,0.000000,0.000000,0.000000,0.000000,0.000000,0.000000,0.000000,0.000000,0.000016,0.000000,0.000000,0.000000,0.000000,0.000000,0.000000,0.000000,0.000000,0.000000,0.000000,0.000000,0.000000,0.000000,0.000016,0.000000,0.000000,0.000000,0.000000,0.000000,0.000000,0.000000,0.000000,0.000000,0.000000,0.000000,0.000000,0.000000,0.000000,0.000000,0.000000,0.000000,0.000000,0.000000,0.000000,0.000000,0.000000,0.000000,0.000000,0.000000,0.000000,0.000000
0.333000,0.000049,0.000000,0.000000,0.000000,0.000000,0.000000,0.000000,0.000000,0.000000,0.000000,0.000000,0.000000,0.000000,0.000000,0.000000,0.000000,0.000000,0.000000,0.000000,0.000000,0.000000,0.000000,0.000000,0.000000,0.000000,0.000000,0.000000,0.000000,0.000000,0.000000,0.000000,0.000000,0.000000,0.000000,0.000000,0.000000,0.000000,0.000000,0.000000,0.000000,0.000000,0.000000,0.000000,0.000000,0.000000,0.000000,0.000000,0.000000,0.000000,0.000000,0.000000,0.000000,0.000000,0.000000,0.000000,0.000000,0.000000,0.000000,0.000000,0.000000,0.000000,0.000000,0.000000,0.000000,0.000000,0.000000,0.000000,0.000000,0.000000,0.000000,0.000000,0.000000,0.000000,0.000000,0.000000,0.000000,0.000000,0.000000,0.000000,0.000000,0.000000,0.000000,0.000000,0.000000,0.000000,0.000000,0.000000,0.000000,0.000000,0.000000,0.000000,0.000000,0.000000,0.000000,0.000000,0.000000,0.000000,0.000000,0.000000,0.000000,0.000000,0.000000,0.000000,0.000000,0.000000,0.000000,0.000000,0.000000,0.000000,0.000000,0.000000,0.000000,0.000000,0.000000,0.000000,0.000000,0.000000,0.000000,0.000000,0.000000,0.000000,0.000000,0.000000,0.000000,0.000000,0.000000,0.000000,0.000000,0.000000,0.000000,0.000000,0.000000,0.000000,0.000000,0.000000,0.000000,0.000000,0.000000,0.000000,0.000000,0.000000,0.000000,0.000000,0.000000,0.000000,0.000000,0.000000,0.000000,0.000000,0.000000,0.000000,0.000000,0.000000,0.000000,0.000000,0.000000,0.000000,0.000000,0.000016,0.000000,0.000000,0.000000,0.000000,0.000016,0.000000,0.000000,0.000000,0.000000,0.000000,0.000000,0.000000,0.000000,0.000000,0.000000,0.000000,0.000000,0.000000,0.000000,0.000000,0.000000,0.000016,0.000000,0.000000,0.000000,0.000000,0.000000
0.334000,0.000016,0.000000,0.000000,0.000000,0.000000,0.000000,0.000000,0.000000,0.000000,0.000000,0.000000,0.000000,0.000000,0.000000,0.000000,0.000000,0.000000,0.000000,0.000000,0.000000,0.000000,0.000000,0.000000,0.000000,0.000000,0.000000,0.000000,0.000000,0.000000,0.000000,0.000000,0.000000,0.000000,0.000000,0.000000,0.000000,0.000000,0.000000,0.000000,0.000000,0.000000,0.000000,0.000000,0.000000,0.000000,0.000000,0.000000,0.000000,0.000000,0.000000,0.000000,0.000000,0.000000,0.000000,0.000000,0.000000,0.000000,0.000000,0.000000,0.000000,0.000000,0.000000,0.000000,0.000000,0.000000,0.000000,0.000000,0.000000,0.000000,0.000000,0.000000,0.000000,0.000000,0.000000,0.000000,0.000000,0.000000,0.000000,0.000000,0.000000,0.000000,0.000000,0.000000,0.000000,0.000000,0.000000,0.000000,0.000000,0.000000,0.000000,0.000000,0.000000,0.000000,0.000000,0.000000,0.000000,0.000000,0.000000,0.000000,0.000000,0.000000,0.000000,0.000000,0.000000,0.000000,0.000000,0.000000,0.000000,0.000000,0.000000,0.000000,0.000000,0.000000,0.000000,0.000000,0.000000,0.000000,0.000000,0.000000,0.000000,0.000000,0.000000,0.000000,0.000000,0.000000,0.000000,0.000000,0.000000,0.000000,0.000000,0.000000,0.000000,0.000000,0.000000,0.000000,0.000000,0.000000,0.000000,0.000000,0.000000,0.000000,0.000000,0.000000,0.000000,0.000000,0.000000,0.000000,0.000000,0.000000,0.000000,0.000000,0.000000,0.000000,0.000000,0.000000,0.000000,0.000016,0.000000,0.000000,0.000000,0.000000,0.000000,0.000000,0.000000,0.000000,0.000000,0.000000,0.000000,0.000000,0.000000,0.000000,0.000000,0.000000,0.000000,0.000000,0.000000,0.000000,0.000000,0.000000,0.000000,0.000000,0.000000,0.000000,0.000000,0.000000,0.000000
0.335000,0.000131,0.000000,0.000000,0.000000,0.000000,0.000000,0.000000,0.000016,0.000000,0.000000,0.000000,0.000000,0.000000,0.000000,0.000000,0.000000,0.000000,0.000000,0.000000,0.000000,0.000000,0.000000,0.000000,0.000000,0.000000,0.000000,0.000000,0.000000,0.000000,0.000000,0.000000,0.000000,0.000000,0.000000,0.000000,0.000000,0.000000,0.000000,0.000000,0.000000,0.000000,0.000000,0.000000,0.000000,0.000000,0.000000,0.000000,0.000000,0.000000,0.000000,0.000000,0.000000,0.000000,0.000000,0.000000,0.000000,0.000000,0.000000,0.000000,0.000000,0.000000,0.000000,0.000000,0.000000,0.000000,0.000000,0.000000,0.000000,0.000000,0.000000,0.000000,0.000000,0.000000,0.000000,0.000000,0.000000,0.000000,0.000000,0.000000,0.000000,0.000000,0.000000,0.000000,0.000000,0.000000,0.000000,0.000000,0.000000,0.000000,0.000000,0.000000,0.000000,0.000000,0.000000,0.000000,0.000000,0.000000,0.000000,0.000000,0.000000,0.000000,0.000000,0.000000,0.000000,0.000016,0.000000,0.000000,0.000000,0.000000,0.000000,0.000000,0.000000,0.000000,0.000000,0.000000,0.000016,0.000000,0.000000,0.000000,0.000000,0.000000,0.000000,0.000000,0.000016,0.000016,0.000000,0.000000,0.000000,0.000000,0.000000,0.000000,0.000000,0.000000,0.000000,0.000000,0.000000,0.000000,0.000016,0.000000,0.000000,0.000000,0.000000,0.000000,0.000000,0.000000,0.000000,0.000000,0.000000,0.000000,0.000000,0.000000,0.000016,0.000000,0.000000,0.000000,0.000000,0.000000,0.000000,0.000000,0.000000,0.000000,0.000000,0.000000,0.000000,0.000000,0.000000,0.000000,0.000000,0.000000,0.000000,0.000000,0.000000,0.000000,0.000000,0.000016,0.000000,0.000000,0.000000,0.000000,0.000000,0.000000,0.000000,0.000000,0.000000,0.000000,0.000000
0.336000,0.000049,0.000000,0.000000,0.000000,0.000000,0.000000,0.000000,0.000000,0.000000,0.000000,0.000000,0.000000,0.000000,0.000000,0.000000,0.000000,0.000000,0.000000,0.000000,0.000000,0.000000,0.000000,0.000000,0.000000,0.000000,0.000000,0.000000,0.000000,0.000000,0.000016,0.000000,0.000000,0.000000,0.000000,0.000000,0.000000,0.000000,0.000000,0.000000,0.000000,0.000000,0.000000,0.000000,0.000000,0.000000,0.000000,0.000000,0.000000,0.000000,0.000000,0.000000,0.000000,0.000000,0.000000,0.000000,0.000000,0.000000,0.000000,0.000000,0.000000,0.000000,0.000000,0.000000,0.000000,0.000000,0.000000,0.000000,0.000000,0.000000,0.000000,0.000000,0.000000,0.000000,0.000000,0.000000,0.000000,0.000000,0.000000,0.000000,0.000000,0.000000,0.000000,0.000000,0.000000,0.000000,0.000000,0.000000,0.000000,0.000000,0.000000,0.000000,0.000000,0.000000,0.000000,0.000000,0.000000,0.000000,0.000000,0.000000,0.000000,0.000000,0.000000,0.000000,0.000000,0.000000,0.000000,0.000000,0.000000,0.000000,0.000000,0.000000,0.000000,0.000000,0.000000,0.000000,0.000000,0.000000,0.000000,0.000000,0.000000,0.000000,0.000000,0.000000,0.000000,0.000000,0.000000,0.000000,0.000000,0.000000,0.000000,0.000000,0.000000,0.000000,0.000000,0.000000,0.000000,0.000000,0.000000,0.000000,0.000000,0.000000,0.000000,0.000000,0.000000,0.000000,0.000000,0.000000,0.000000,0.000000,0.000000,0.000000,0.000000,0.000000,0.000000,0.000000,0.000000,0.000000,0.000000,0.000000,0.000000,0.000000,0.000000,0.000000,0.000000,0.000000,0.000000,0.000000,0.000000,0.000000,0.000000,0.000000,0.000000,0.000000,0.000000,0.000000,0.000000,0.000000,0.000000,0.000016,0.000000,0.000000,0.000000,0.000000,0.000000,0.000016,0.000000
0.337000,0.000082,0.000000,0.000000,0.000016,0.000000,0.000000,0.000000,0.000000,0.000000,0.000000,0.000000,0.000000,0.000000,0.000000,0.000000,0.000000,0.000000,0.000000,0.000000,0.000000,0.000000,0.000000,0.000000,0.000000,0.000000,0.000000,0.000000,0.000000,0.000000,0.000000,0.000000,0.000000,0.000000,0.000000,0.000000,0.000016,0.000000,0.000000,0.000000,0.000000,0.000000,0.000000,0.000000,0.000000,0.000000,0.000000,0.000000,0.000000,0.000000,0.000000,0.000000,0.000000,0.000000,0.000000,0.000000,0.000000,0.000000,0.000000,0.000000,0.000000,0.000000,0.000000,0.000000,0.000000,0.000000,0.000000,0.000000,0.000000,0.000000,0.000000,0.000000,0.000000,0.000000,0.000000,0.000000,0.000000,0.000000,0.000000,0.000000,0.000000,0.000000,0.000000,0.000000,0.000000,0.000000,0.000000,0.000000,0.000000,0.000000,0.000000,0.000000,0.000000,0.000000,0.000000,0.000000,0.000000,0.000000,0.000000,0.000000,0.000000,0.000000,0.000000,0.000000,0.000000,0.000000,0.000000,0.000000,0.000000,0.000000,0.000000,0.000000,0.000000,0.000000,0.000000,0.000000,0.000000,0.000000,0.000000,0.000000,0.000000,0.000000,0.000000,0.000000,0.000000,0.000000,0.000000,0.000000,0.000016,0.000000,0.000000,0.000000,0.000000,0.000000,0.000000,0.000000,0.000000,0.000000,0.000000,0.000000,0.000000,0.000000,0.000016,0.000000,0.000000,0.000000,0.000000,0.000000,0.000000,0.000000,0.000000,0.000000,0.000000,0.000000,0.000000,0.000000,0.000000,0.000000,0.000000,0.000000,0.000016,0.000000,0.000000,0.000000,0.000000,0.000000,0.000000,0.000000,0.000000,0.000000,0.000000,0.000000,0.000000,0.000000,0.000000,0.000000,0.000000,0.000000,0.000000,0.000000,0.000000,0.000000,0.000000,0.000000,0.000000,0.000000,0.000000
0.338000,0.000049,0.000000,0.000000,0.000000,0.000000,0.000016,0.000000,0.000000,0.000000,0.000000,0.000000,0.000000,0.000000,0.000000,0.000000,0.000000,0.000000,0.000000,0.000000,0.000000,0.000016,0.000000,0.000000,0.000000,0.000000,0.000000,0.000000,0.000000,0.000000,0.000000,0.000000,0.000000,0.000000,0.000000,0.000000,0.000000,0.000000,0.000000,0.000000,0.000000,0.000000,0.000000,0.000000,0.000000,0.000000,0.000000,0.000000,0.000000,0.000000,0.000000,0.000000,0.000000,0.000000,0.000000,0.000000,0.000000,0.000000,0.000000,0.000000,0.000000,0.000000,0.000000,0.000000,0.000000,0.000000,0.000000,0.000000,0.000000,0.000000,0.000000,0.000000,0.000000,0.000000,0.000000,0.000000,0.000000,0.000000,0.000000,0.000000,0.000000,0.000000,0.000000,0.000000,0.000000,0.000000,0.000000,0.000000,0.000000,0.000000,0.000000,0.000000,0.000000,0.000000,0.000000,0.000000,0.000000,0.000000,0.000000,0.000000,0.000000,0.000000,0.000000,0.000000,0.000000,0.000000,0.000000,0.000000,0.000000,0.000000,0.000000,0.000000,0.000000,0.000000,0.000000,0.000000,0.000000,0.000000,0.000000,0.000000,0.000000,0.000000,0.000000,0.000000,0.000000,0.000000,0.000000,0.000000,0.000000,0.000000,0.000000,0.000000,0.000000,0.000000,0.000000,0.000000,0.000016,0.000000,0.000000,0.000000,0.000000,0.000000,0.000000,0.000000,0.000000,0.000000,0.000000,0.000000,0.000000,0.000000,0.000000,0.000000,0.000000,0.000000,0.000000,0.000000,0.000000,0.000000,0.000000,0.000000,0.000000,0.000000,0.000000,0.000000,0.000000,0.000000,0.000000,0.000000,0.000000,0.000000,0.000000,0.000000,0.000000,0.000000,0.000000,0.000000,0.000000,0.000000,0.000000,0.000000,0.000000,0.000000,0.000000,0.000000,0.000000,0.000000,0.000000
0.339000,0.000033,0.000000,0.000000,0.000000,0.000000,0.000000,0.000000,0.000000,0.000000,0.000000,0.000000,0.000000,0.000000,0.000000,0.000000,0.000000,0.000000,0.000000,0.000000,0.000000,0.000000,0.000000,0.000000,0.000000,0.000000,0.000000,0.000000,0.000000,0.000000,0.000000,0.000000,0.000000,0.000000,0.000000,0.000000,0.000000,0.000000,0.000000,0.000000,0.000000,0.000000,0.000000,0.000000,0.000000,0.000000,0.000000,0.000000,0.000000,0.000000,0.000000,0.000000,0.000000,0.000000,0.000000,0.000000,0.000000,0.000000,0.000000,0.000000,0.000000,0.000000,0.000000,0.000000,0.000000,0.000000,0.000000,0.000000,0.000000,0.000000,0.000000,0.000000,0.000000,0.000000,0.000000,0.000000,0.000000,0.000000,0.000000,0.000000,0.000000,0.000000,0.000000,0.000000,0.000000,0.000000,0.000000,0.000000,0.000000,0.000000,0.000000,0.000000,0.000000,0.000000,0.000000,0.000000,0.000000,0.000000,0.000000,0.000000,0.000016,0.000000,0.000000,0.000000,0.000000,0.000000,0.000000,0.000000,0.000000,0.000000,0.000000,0.000000,0.000000,0.000000,0.000000,0.000000,0.000000,0.000000,0.000000,0.000000,0.000000,0.000000,0.000000,0.000000,0.000000,0.000000,0.000000,0.000016,0.000000,0.000000,0.000000,0.000000,0.000000,0.000000,0.000000,0.000000,0.000000,0.000000,0.000000,0.000000,0.000000,0.000000,0.000000,0.000000,0.000000,0.000000,0.000000,0.000000,0.000000,0.000000,0.000000,0.000000,0.000000,0.000000,0.000000,0.000000,0.000000,0.000000,0.000000,0.000000,0.000000,0.000000,0.000000,0.000000,0.000000,0.000000,0.000000,0.000000,0.000000,0.000000,0.000000,0.000000,0.000000,0.000000,0.000000,0.000000,0.000000,0.000000,0.000000,0.000000,0.000000,0.000000,0.000000,0.000000,0.000000,0.000000,0.000000
0.340000,0.000033,0.000000,0.000000,0.000000,0.000000,0.000000,0.000000,0.000000,0.000000,0.000000,0.000000,0.000000,0.000000,0.000000,0.000000,0.000000,0.000000,0.000000,0.000000,0.000000,0.000000,0.000000,0.000000,0.000000,0.000000,0.000000,0.000000,0.000000,0.000000,0.000000,0.000000,0.000000,0.000000,0.000000,0.000000,0.000000,0.000000,0.000000,0.000000,0.000000,0.000000,0.000000,0.000000,0.000000,0.000000,0.000000,0.000000,0.000000,0.000000,0.000000,0.000000,0.000000,0.000000,0.000000,0.000000,0.000000,0.000000,0.000000,0.000000,0.000000,0.000000,0.000000,0.000000,0.000000,0.000000,0.000000,0.000000,0.000000,0.000000,0.000000,0.000000,0.000000,0.000000,0.000000,0.000000,0.000000,0.000000,0.000000,0.000000,0.000000,0.000000,0.000000,0.000000,0.000000,0.000000,0.000000,0.000000,0.000000,0.000000,0.000000,0.000000,0.000000,0.000000,0.000000,0.000000,0.000000,0.000000,0.000000,0.000000,0.000000,0.000000,0.000000,0.000000,0.000000,0.000000,0.000000,0.000000,0.000000,0.000000,0.000000,0.000000,0.000000,0.000000,0.000000,0.000000,0.000000,0.000000,0.000000,0.000000,0.000000,0.000000,0.000000,0.000000,0.000000,0.000016,0.000000,0.000000,0.000000,0.000000,0.000000,0.000000,0.000000,0.000000,0.000000,0.000000,0.000000,0.000000,0.000000,0.000000,0.000000,0.000000,0.000000,0.000000,0.000000,0.000000,0.000000,0.000000,0.000016,0.000000,0.000000,0.000000,0.000000,0.000000,0.000000,0.000000,0.000000,0.000000,0.000000,0.000000,0.000000,0.000000,0.000000,0.000000,0.000000,0.000000,0.000000,0.000000,0.000000,0.000000,0.000000,0.000000,0.000000,0.000000,0.000000,0.000000,0.000000,0.000000,0.000000,0.000000,0.000000,0.000000,0.000000,0.000000,0.000000,0.000000,0.000000
0.341000,0.000033,0.000000,0.000000,0.000000,0.000000,0.000000,0.000000,0.000000,0.000000,0.000000,0.000000,0.000000,0.000000,0.000000,0.000000,0.000000,0.000000,0.000000,0.000000,0.000000,0.000000,0.000000,0.000000,0.000000,0.000000,0.000000,0.000000,0.000000,0.000000,0.000000,0.000000,0.000000,0.000000,0.000000,0.000000,0.000000,0.000000,0.000000,0.000000,0.000000,0.000000,0.000000,0.000000,0.000000,0.000000,0.000000,0.000000,0.000000,0.000000,0.000000,0.000000,0.000000,0.000000,0.000000,0.000000,0.000000,0.000000,0.000000,0.000000,0.000000,0.000000,0.000000,0.000000,0.000000,0.000000,0.000000,0.000000,0.000000,0.000000,0.000000,0.000000,0.000000,0.000000,0.000000,0.000000,0.000000,0.000000,0.000000,0.000000,0.000000,0.000000,0.000000,0.000000,0.000000,0.000000,0.000000,0.000000,0.000000,0.000000,0.000000,0.000000,0.000000,0.000000,0.000000,0.000000,0.000000,0.000000,0.000000,0.000000,0.000000,0.000000,0.000000,0.000000,0.000000,0.000000,0.000000,0.000000,0.000000,0.000000,0.000000,0.000000,0.000000,0.000000,0.000000,0.000000,0.000000,0.000000,0.000000,0.000000,0.000000,0.000000,0.000000,0.000000,0.000000,0.000000,0.000000,0.000000,0.000000,0.000000,0.000000,0.000000,0.000000,0.000000,0.000000,0.000000,0.000000,0.000000,0.000016,0.000000,0.000000,0.000000,0.000000,0.000000,0.000000,0.000000,0.000000,0.000000,0.000000,0.000000,0.000000,0.000000,0.000000,0.000000,0.000000,0.000000,0.000000,0.000000,0.000000,0.000000,0.000000,0.000000,0.000000,0.000000,0.000000,0.000000,0.000000,0.000000,0.000000,0.000000,0.000000,0.000000,0.000000,0.000000,0.000000,0.000016,0.000000,0.000000,0.000000,0.000000,0.000000,0.000000,0.000000,0.000000,0.000000,0.000000,0.000000
0.342000,0.000065,0.000000,0.000000,0.000000,0.000000,0.000000,0.000000,0.000000,0.000000,0.000000,0.000000,0.000000,0.000000,0.000000,0.000000,0.000000,0.000000,0.000000,0.000000,0.000000,0.000000,0.000000,0.000000,0.000000,0.000000,0.000000,0.000000,0.000000,0.000000,0.000000,0.000000,0.000000,0.000000,0.000000,0.000000,0.000000,0.000000,0.000000,0.000000,0.000000,0.000000,0.000000,0.000000,0.000000,0.000000,0.000000,0.000000,0.000000,0.000000,0.000000,0.000000,0.000000,0.000000,0.000000,0.000000,0.000000,0.000000,0.000000,0.000000,0.000000,0.000000,0.000000,0.000000,0.000000,0.000000,0.000000,0.000000,0.000000,0.000000,0.000000,0.000000,0.000000,0.000000,0.000000,0.000000,0.000000,0.000000,0.000000,0.000000,0.000000,0.000000,0.000000,0.000000,0.000000,0.000000,0.000000,0.000000,0.000000,0.000000,0.000000,0.000000,0.000000,0.000000,0.000000,0.000000,0.000000,0.000000,0.000000,0.000000,0.000000,0.000000,0.000000,0.000000,0.000000,0.000000,0.000000,0.000000,0.000000,0.000000,0.000000,0.000000,0.000000,0.000000,0.000000,0.000000,0.000000,0.000000,0.000000,0.000000,0.000000,0.000000,0.000000,0.000000,0.000016,0.000000,0.000000,0.000000,0.000000,0.000000,0.000000,0.000000,0.000000,0.000000,0.000000,0.000000,0.000000,0.000000,0.000000,0.000000,0.000000,0.000000,0.000000,0.000000,0.000000,0.000000,0.000000,0.000000,0.000000,0.000000,0.000000,0.000000,0.000000,0.000000,0.000000,0.000000,0.000000,0.000000,0.000000,0.000016,0.000000,0.000000,0.000016,0.000000,0.000000,0.000000,0.000000,0.000000,0.000000,0.000000,0.000016,0.000000,0.000000,0.000000,0.000000,0.000000,0.000000,0.000000,0.000000,0.000000,0.000000,0.000000,0.000000,0.000000,0.000000,0.000000,0.000000
0.343000,0.000033,0.000000,0.000000,0.000000,0.000000,0.000000,0.000000,0.000000,0.000000,0.000000,0.000000,0.000000,0.000000,0.000000,0.000000,0.000000,0.000000,0.000000,0.000000,0.000000,0.000000,0.000000,0.000000,0.000000,0.000000,0.000000,0.000000,0.000000,0.000000,0.000000,0.000000,0.000000,0.000000,0.000000,0.000000,0.000000,0.000000,0.000000,0.000000,0.000000,0.000000,0.000000,0.000000,0.000000,0.000000,0.000000,0.000000,0.000000,0.000000,0.000000,0.000000,0.000000,0.000000,0.000000,0.000000,0.000000,0.000000,0.000000,0.000000,0.000000,0.000000,0.000000,0.000000,0.000000,0.000000,0.000000,0.000000,0.000000,0.000000,0.000000,0.000000,0.000000,0.000000,0.000000,0.000000,0.000000,0.000000,0.000000,0.000000,0.000000,0.000000,0.000000,0.000000,0.000000,0.000000,0.000000,0.000000,0.000000,0.000000,0.000000,0.000000,0.000000,0.000000,0.000000,0.000000,0.000000,0.000000,0.000000,0.000000,0.000000,0.000000,0.000000,0.000000,0.000000,0.000000,0.000000,0.000000,0.000016,0.000000,0.000000,0.000000,0.000000,0.000000,0.000000,0.000000,0.000000,0.000016,0.000000,0.000000,0.000000,0.000000,0.000000,0.000000,0.000000,0.000000,0.000000,0.000000,0.000000,0.000000,0.000000,0.000000,0.000000,0.000000,0.000000,0.000000,0.000000,0.000000,0.000000,0.000000,0.000000,0.000000,0.000000,0.000000,0.000000,0.000000,0.000000,0.000000,0.000000,0.000000,0.000000,0.000000,0.000000,0.000000,0.000000,0.000000,0.000000,0.000000,0.000000,0.000000,0.000000,0.000000,0.000000,0.000000,0.000000,0.000000,0.000000,0.000000,0.000000,0.000000,0.000000,0.000000,0.000000,0.000000,0.000000,0.000000,0.000000,0.000000,0.000000,0.000000,0.000000,0.000000,0.000000,0.000000,0.000000,0.000000,0.000000
0.344000,0.000147,0.000000,0.000000,0.000016,0.000000,0.000000,0.000016,0.000000,0.000000,0.000000,0.000000,0.000000,0.000000,0.000000,0.000000,0.000000,0.000000,0.000000,0.000000,0.000000,0.000000,0.000000,0.000000,0.000000,0.000000,0.000000,0.000000,0.000000,0.000000,0.000000,0.000000,0.000000,0.000000,0.000000,0.000016,0.000000,0.000000,0.000016,0.000000,0.000016,0.000000,0.000000,0.000000,0.000000,0.000000,0.000000,0.000000,0.000000,0.000000,0.000000,0.000000,0.000000,0.000000,0.000000,0.000000,0.000000,0.000000,0.000000,0.000000,0.000016,0.000000,0.000000,0.000000,0.000000,0.000000,0.000000,0.000000,0.000000,0.000000,0.000000,0.000000,0.000000,0.000000,0.000000,0.000000,0.000000,0.000000,0.000000,0.000000,0.000000,0.000000,0.000000,0.000000,0.000000,0.000000,0.000000,0.000000,0.000000,0.000000,0.000000,0.000000,0.000000,0.000000,0.000000,0.000000,0.000000,0.000000,0.000000,0.000000,0.000000,0.000000,0.000000,0.000000,0.000000,0.000000,0.000000,0.000000,0.000000,0.000000,0.000000,0.000000,0.000000,0.000000,0.000000,0.000000,0.000000,0.000000,0.000016,0.000000,0.000000,0.000000,0.000000,0.000000,0.000000,0.000000,0.000000,0.000000,0.000000,0.000000,0.000016,0.000000,0.000000,0.000000,0.000000,0.000000,0.000000,0.000000,0.000000,0.000000,0.000000,0.000000,0.000000,0.000000,0.000000,0.000000,0.000000,0.000000,0.000000,0.000000,0.000000,0.000000,0.000000,0.000000,0.000000,0.000000,0.000000,0.000000,0.000000,0.000000,0.000000,0.000016,0.000000,0.000000,0.000000,0.000000,0.000000,0.000000,0.000000,0.000000,0.000000,0.000000,0.000000,0.000000,0.000000,0.000000,0.000000,0.000000,0.000000,0.000000,0.000000,0.000000,0.000000,0.000000,0.000000,0.000000,0.000000
0.345000,0.000016,0.000000,0.000000,0.000000,0.000000,0.000000,0.000000,0.000000,0.000000,0.000000,0.000000,0.000000,0.000000,0.000000,0.000000,0.000000,0.000000,0.000000,0.000000,0.000000,0.000000,0.000000,0.000000,0.000000,0.000000,0.000000,0.000000,0.000000,0.000000,0.000000,0.000000,0.000000,0.000000,0.000000,0.000000,0.000000,0.000000,0.000000,0.000000,0.000000,0.000000,0.000000,0.000000,0.000000,0.000000,0.000000,0.000000,0.000000,0.000000,0.000000,0.000000,0.000000,0.000000,0.000000,0.000000,0.000000,0.000000,0.000000,0.000000,0.000000,0.000000,0.000000,0.000000,0.000000,0.000000,0.000000,0.000000,0.000000,0.000000,0.000000,0.000000,0.000000,0.000000,0.000000,0.000000,0.000000,0.000000,0.000000,0.000000,0.000000,0.000000,0.000000,0.000000,0.000000,0.000000,0.000000,0.000000,0.000000,0.000000,0.000000,0.000000,0.000000,0.000000,0.000000,0.000000,0.000000,0.000000,0.000000,0.000000,0.000000,0.000000,0.000000,0.000000,0.000000,0.000000,0.000000,0.000000,0.000000,0.000000,0.000000,0.000000,0.000000,0.000000,0.000000,0.000000,0.000000,0.000000,0.000000,0.000000,0.000000,0.000000,0.000000,0.000000,0.000000,0.000000,0.000000,0.000000,0.000000,0.000000,0.000000,0.000000,0.000000,0.000000,0.000000,0.000000,0.000000,0.000000,0.000000,0.000000,0.000000,0.000000,0.000000,0.000000,0.000000,0.000000,0.000000,0.000000,0.000000,0.000000,0.000000,0.000000,0.000016,0.000000,0.000000,0.000000,0.000000,0.000000,0.000000,0.000000,0.000000,0.000000,0.000000,0.000000,0.000000,0.000000,0.000000,0.000000,0.000000,0.000000,0.000000,0.000000,0.000000,0.000000,0.000000,0.000000,0.000000,0.000000,0.000000,0.000000,0.000000,0.000000,0.000000,0.000000,0.000000,0.000000,0.000000
0.346000,0.000098,0.000000,0.000000,0.000000,0.000000,0.000000,0.000000,0.000000,0.000000,0.000000,0.000000,0.000000,0.000000,0.000000,0.000000,0.000000,0.000000,0.000000,0.000016,0.000000,0.000000,0.000000,0.000000,0.000000,0.000000,0.000000,0.000000,0.000000,0.000000,0.000000,0.000000,0.000000,0.000000,0.000000,0.000000,0.000000,0.000000,0.000000,0.000000,0.000000,0.000000,0.000000,0.000000,0.000000,0.000000,0.000000,0.000000,0.000000,0.000000,0.000000,0.000000,0.000000,0.000000,0.000000,0.000000,0.000000,0.000000,0.000000,0.000000,0.000000,0.000000,0.000000,0.000000,0.000000,0.000000,0.000000,0.000000,0.000000,0.000000,0.000000,0.000000,0.000000,0.000000,0.000000,0.000000,0.000000,0.000000,0.000000,0.000000,0.000000,0.000016,0.000000,0.000000,0.000000,0.000000,0.000000,0.000000,0.000000,0.000000,0.000000,0.000000,0.000000,0.000000,0.000000,0.000000,0.000000,0.000000,0.000000,0.000000,0.000000,0.000000,0.000000,0.000000,0.000000,0.000000,0.000000,0.000000,0.000000,0.000000,0.000000,0.000000,0.000000,0.000000,0.000000,0.000000,0.000000,0.000000,0.000000,0.000000,0.000000,0.000000,0.000000,0.000000,0.000016,0.000000,0.000016,0.000000,0.000000,0.000000,0.000000,0.000000,0.000000,0.000000,0.000000,0.000000,0.000000,0.000000,0.000000,0.000000,0.000000,0.000000,0.000000,0.000000,0.000000,0.000000,0.000000,0.000000,0.000000,0.000000,0.000000,0.000000,0.000016,0.000000,0.000000,0.000000,0.000000,0.000000,0.000000,0.000000,0.000000,0.000000,0.000000,0.000016,0.000000,0.000000,0.000000,0.000000,0.000000,0.000000,0.000000,0.000000,0.000000,0.000000,0.000000,0.000000,0.000000,0.000000,0.000000,0.000000,0.000000,0.000000,0.000000,0.000000,0.000000,0.000000,0.000000
0.347000,0.000016,0.000000,0.000000,0.000000,0.000000,0.000000,0.000000,0.000000,0.000000,0.000000,0.000000,0.000000,0.000000,0.000000,0.000000,0.000000,0.000000,0.000000,0.000000,0.000000,0.000000,0.000000,0.000000,0.000000,0.000000,0.000000,0.000000,0.000000,0.000000,0.000000,0.000000,0.000000,0.000000,0.000000,0.000000,0.000000,0.000000,0.000000,0.000000,0.000000,0.000000,0.000000,0.000000,0.000000,0.000000,0.000000,0.000000,0.000000,0.000000,0.000000,0.000000,0.000000,0.000000,0.000000,0.000000,0.000000,0.000000,0.000000,0.000000,0.000000,0.000000,0.000000,0.000000,0.000000,0.000000,0.000000,0.000000,0.000000,0.000000,0.000000,0.000000,0.000000,0.000000,0.000000,0.000000,0.000000,0.000000,0.000000,0.000000,0.000000,0.000000,0.000000,0.000000,0.000000,0.000000,0.000000,0.000000,0.000000,0.000000,0.000000,0.000000,0.000000,0.000000,0.000000,0.000000,0.000000,0.000000,0.000000,0.000000,0.000000,0.000000,0.000000,0.000000,0.000000,0.000000,0.000000,0.000000,0.000000,0.000000,0.000000,0.000000,0.000000,0.000000,0.000000,0.000000,0.000000,0.000000,0.000000,0.000000,0.000000,0.000000,0.000000,0.000000,0.000000,0.000000,0.000000,0.000000,0.000000,0.000000,0.000000,0.000000,0.000000,0.000000,0.000000,0.000016,0.000000,0.000000,0.000000,0.000000,0.000000,0.000000,0.000000,0.000000,0.000000,0.000000,0.000000,0.000000,0.000000,0.000000,0.000000,0.000000,0.000000,0.000000,0.000000,0.000000,0.000000,0.000000,0.000000,0.000000,0.000000,0.000000,0.000000,0.000000,0.000000,0.000000,0.000000,0.000000,0.000000,0.000000,0.000000,0.000000,0.000000,0.000000,0.000000,0.000000,0.000000,0.000000,0.000000,0.000000,0.000000,0.000000,0.000000,0.000000,0.000000,0.000000,0.000000
0.348000,0.000033,0.000000,0.000000,0.000000,0.000000,0.000000,0.000000,0.000000,0.000000,0.000000,0.000000,0.000000,0.000000,0.000000,0.000000,0.000000,0.000000,0.000000,0.000000,0.000000,0.000000,0.000000,0.000000,0.000000,0.000000,0.000000,0.000000,0.000000,0.000000,0.000000,0.000000,0.000000,0.000000,0.000000,0.000000,0.000000,0.000000,0.000000,0.000000,0.000000,0.000000,0.000000,0.000000,0.000000,0.000000,0.000000,0.000000,0.000000,0.000000,0.000000,0.000000,0.000000,0.000000,0.000000,0.000000,0.000000,0.000000,0.000000,0.000000,0.000000,0.000000,0.000000,0.000000,0.000000,0.000000,0.000000,0.000000,0.000000,0.000000,0.000000,0.000000,0.000000,0.000000,0.000000,0.000000,0.000000,0.000000,0.000000,0.000000,0.000000,0.000000,0.000000,0.000000,0.000000,0.000000,0.000000,0.000000,0.000000,0.000000,0.000000,0.000000,0.000000,0.000000,0.000000,0.000000,0.000000,0.000000,0.000000,0.000000,0.000000,0.000000,0.000000,0.000000,0.000000,0.000000,0.000000,0.000000,0.000000,0.000000,0.000000,0.000000,0.000000,0.000000,0.000000,0.000000,0.000000,0.000000,0.000000,0.000000,0.000000,0.000000,0.000000,0.000016,0.000000,0.000000,0.000000,0.000000,0.000000,0.000000,0.000000,0.000000,0.000000,0.000000,0.000000,0.000000,0.000000,0.000000,0.000000,0.000000,0.000000,0.000000,0.000000,0.000000,0.000000,0.000000,0.000000,0.000000,0.000000,0.000000,0.000000,0.000000,0.000000,0.000000,0.000000,0.000000,0.000000,0.000000,0.000000,0.000000,0.000000,0.000000,0.000000,0.000000,0.000000,0.000000,0.000000,0.000000,0.000000,0.000000,0.000000,0.000000,0.000000,0.000000,0.000000,0.000000,0.000000,0.000000,0.000000,0.000000,0.000000,0.000000,0.000000,0.000000,0.000016,0.000000,0.000000
0.349000,0.000033,0.000000,0.000000,0.000000,0.000000,0.000000,0.000000,0.000000,0.000000,0.000000,0.000000,0.000000,0.000000,0.000000,0.000000,0.000000,0.000000,0.000000,0.000000,0.000000,0.000000,0.000000,0.000000,0.000000,0.000000,0.000000,0.000000,0.000016,0.000000,0.000000,0.000000,0.000000,0.000000,0.000000,0.000000,0.000000,0.000000,0.000000,0.000000,0.000000,0.000000,0.000000,0.000000,0.000000,0.000000,0.000000,0.000000,0.000000,0.000000,0.000000,0.000000,0.000000,0.000000,0.000000,0.000000,0.000000,0.000000,0.000000,0.000000,0.000000,0.000000,0.000000,0.000000,0.000000,0.000000,0.000000,0.000000,0.000000,0.000000,0.000000,0.000000,0.000000,0.000000,0.000000,0.000000,0.000000,0.000000,0.000000,0.000000,0.000000,0.000000,0.000000,0.000000,0.000000,0.000000,0.000000,0.000000,0.000000,0.000000,0.000000,0.000000,0.000000,0.000000,0.000000,0.000000,0.000000,0.000000,0.000000,0.000000,0.000000,0.000000,0.000000,0.000000,0.000000,0.000000,0.000000,0.000000,0.000000,0.000000,0.000000,0.000000,0.000000,0.000000,0.000000,0.000000,0.000000,0.000000,0.000000,0.000000,0.000000,0.000000,0.000000,0.000000,0.000000,0.000000,0.000000,0.000000,0.000000,0.000000,0.000000,0.000000,0.000000,0.000000,0.000000,0.000000,0.000000,0.000000,0.000000,0.000000,0.000000,0.000000,0.000000,0.000000,0.000000,0.000000,0.000000,0.000000,0.000000,0.000000,0.000000,0.000000,0.000000,0.000000,0.000000,0.000000,0.000016,0.000000,0.000000,0.000000,0.000000,0.000000,0.000000,0.000000,0.000000,0.000000,0.000000,0.000000,0.000000,0.000000,0.000000,0.000000,0.000000,0.000000,0.000000,0.000000,0.000000,0.000000,0.000000,0.000000,0.000000,0.000000,0.000000,0.000000,0.000000,0.000000,0.000000
0.350000,0.000049,0.000000,0.000000,0.000000,0.000000,0.000000,0.000000,0.000000,0.000000,0.000000,0.000000,0.000000,0.000000,0.000000,0.000000,0.000000,0.000000,0.000000,0.000000,0.000000,0.000016,0.000000,0.000000,0.000000,0.000016,0.000000,0.000000,0.000000,0.000000,0.000000,0.000000,0.000000,0.000000,0.000000,0.000000,0.000000,0.000000,0.000000,0.000000,0.000000,0.000000,0.000000,0.000000,0.000000,0.000000,0.000000,0.000000,0.000000,0.000000,0.000000,0.000000,0.000000,0.000000,0.000000,0.000000,0.000000,0.000000,0.000000,0.000000,0.000000,0.000000,0.000000,0.000000,0.000000,0.000000,0.000000,0.000000,0.000000,0.000000,0.000000,0.000000,0.000000,0.000000,0.000000,0.000000,0.000000,0.000000,0.000000,0.000000,0.000000,0.000000,0.000000,0.000000,0.000000,0.000000,0.000000,0.000000,0.000000,0.000000,0.000000,0.000000,0.000000,0.000000,0.000000,0.000000,0.000000,0.000000,0.000000,0.000000,0.000000,0.000000,0.000000,0.000000,0.000000,0.000000,0.000000,0.000000,0.000000,0.000000,0.000000,0.000000,0.000000,0.000000,0.000000,0.000000,0.000000,0.000000,0.000000,0.000000,0.000000,0.000000,0.000000,0.000000,0.000000,0.000000,0.000000,0.000000,0.000000,0.000000,0.000000,0.000000,0.000000,0.000000,0.000000,0.000000,0.000000,0.000000,0.000000,0.000000,0.000000,0.000000,0.000000,0.000000,0.000000,0.000000,0.000000,0.000000,0.000000,0.000000,0.000000,0.000000,0.000000,0.000000,0.000000,0.000000,0.000000,0.000000,0.000000,0.000000,0.000000,0.000000,0.000000,0.000000,0.000016,0.000000,0.000000,0.000000,0.000000,0.000000,0.000000,0.000000,0.000000,0.000000,0.000000,0.000000,0.000000,0.000000,0.000000,0.000000,0.000000,0.000000,0.000000,0.000000,0.000000,0.000000,0.000000
0.351000,0.000016,0.000000,0.000000,0.000000,0.000000,0.000000,0.000000,0.000000,0.000000,0.000000,0.000000,0.000000,0.000000,0.000000,0.000000,0.000000,0.000000,0.000000,0.000000,0.000000,0.000000,0.000000,0.000000,0.000000,0.000000,0.000000,0.000000,0.000000,0.000000,0.000000,0.000000,0.000000,0.000000,0.000000,0.000000,0.000000,0.000000,0.000000,0.000000,0.000000,0.000000,0.000000,0.000000,0.000000,0.000000,0.000000,0.000000,0.000000,0.000000,0.000000,0.000000,0.000000,0.000000,0.000000,0.000000,0.000000,0.000000,0.000000,0.000000,0.000000,0.000000,0.000000,0.000000,0.000000,0.000000,0.000000,0.000000,0.000000,0.000000,0.000000,0.000000,0.000000,0.000000,0.000000,0.000000,0.000000,0.000000,0.000000,0.000000,0.000000,0.000000,0.000000,0.000000,0.000000,0.000000,0.000000,0.000000,0.000000,0.000000,0.000000,0.000000,0.000000,0.000000,0.000000,0.000000,0.000000,0.000000,0.000000,0.000000,0.000000,0.000000,0.000000,0.000000,0.000000,0.000000,0.000000,0.000000,0.000000,0.000000,0.000000,0.000000,0.000000,0.000000,0.000000,0.000000,0.000000,0.000000,0.000000,0.000000,0.000000,0.000000,0.000000,0.000000,0.000000,0.000000,0.000000,0.000000,0.000000,0.000000,0.000000,0.000000,0.000000,0.000000,0.000000,0.000000,0.000000,0.000000,0.000000,0.000000,0.000000,0.000000,0.000000,0.000000,0.000000,0.000000,0.000000,0.000000,0.000000,0.000000,0.000000,0.000000,0.000000,0.000000,0.000000,0.000000,0.000000,0.000000,0.000000,0.000000,0.000000,0.000000,0.000016,0.000000,0.000000,0.000000,0.000000,0.000000,0.000000,0.000000,0.000000,0.000000,0.000000,0.000000,0.000000,0.000000,0.000000,0.000000,0.000000,0.000000,0.000000,0.000000,0.000000,0.000000,0.000000,0.000000,0.000000
0.352000,0.000016,0.000000,0.000000,0.000000,0.000000,0.000000,0.000000,0.000000,0.000000,0.000000,0.000000,0.000000,0.000000,0.000000,0.000000,0.000000,0.000000,0.000000,0.000000,0.000000,0.000000,0.000000,0.000000,0.000000,0.000000,0.000000,0.000000,0.000000,0.000000,0.000000,0.000000,0.000000,0.000000,0.000000,0.000000,0.000000,0.000000,0.000000,0.000000,0.000000,0.000000,0.000000,0.000000,0.000000,0.000000,0.000000,0.000000,0.000000,0.000000,0.000000,0.000000,0.000000,0.000000,0.000000,0.000000,0.000000,0.000000,0.000000,0.000000,0.000000,0.000000,0.000000,0.000000,0.000000,0.000000,0.000000,0.000000,0.000000,0.000000,0.000000,0.000000,0.000000,0.000000,0.000000,0.000000,0.000000,0.000000,0.000000,0.000000,0.000000,0.000000,0.000000,0.000000,0.000000,0.000000,0.000000,0.000000,0.000000,0.000000,0.000000,0.000000,0.000000,0.000000,0.000000,0.000000,0.000000,0.000000,0.000000,0.000000,0.000000,0.000000,0.000000,0.000000,0.000000,0.000000,0.000000,0.000000,0.000000,0.000000,0.000000,0.000000,0.000000,0.000000,0.000000,0.000000,0.000000,0.000000,0.000000,0.000000,0.000000,0.000000,0.000000,0.000000,0.000000,0.000000,0.000000,0.000000,0.000000,0.000000,0.000000,0.000000,0.000000,0.000000,0.000000,0.000016,0.000000,0.000000,0.000000,0.000000,0.000000,0.000000,0.000000,0.000000,0.000000,0.000000,0.000000,0.000000,0.000000,0.000000,0.000000,0.000000,0.000000,0.000000,0.000000,0.000000,0.000000,0.000000,0.000000,0.000000,0.000000,0.000000,0.000000,0.000000,0.000000,0.000000,0.000000,0.000000,0.000000,0.000000,0.000000,0.000000,0.000000,0.000000,0.000000,0.000000,0.000000,0.000000,0.000000,0.000000,0.000000,0.000000,0.000000,0.000000,0.000000,0.000000,0.000000
0.353000,0.000115,0.000000,0.000000,0.000000,0.000000,0.000000,0.000000,0.000000,0.000000,0.000000,0.000000,0.000000,0.000000,0.000000,0.000000,0.000000,0.000000,0.000000,0.000000,0.000000,0.000000,0.000000,0.000000,0.000000,0.000000,0.000000,0.000000,0.000000,0.000000,0.000000,0.000000,0.000000,0.000000,0.000000,0.000000,0.000000,0.000000,0.000000,0.000000,0.000000,0.000000,0.000000,0.000000,0.000000,0.000000,0.000000,0.000000,0.000016,0.000000,0.000000,0.000016,0.000000,0.000000,0.000000,0.000000,0.000000,0.000000,0.000000,0.000000,0.000000,0.000000,0.000000,0.000000,0.000000,0.000000,0.000000,0.000000,0.000000,0.000000,0.000000,0.000000,0.000000,0.000000,0.000000,0.000000,0.000000,0.000000,0.000000,0.000000,0.000000,0.000000,0.000000,0.000000,0.000000,0.000000,0.000000,0.000000,0.000000,0.000000,0.000000,0.000000,0.000000,0.000000,0.000000,0.000000,0.000000,0.000000,0.000000,0.000000,0.000000,0.000000,0.000000,0.000000,0.000000,0.000000,0.000000,0.000000,0.000000,0.000000,0.000000,0.000000,0.000000,0.000000,0.000000,0.000000,0.000000,0.000000,0.000000,0.000000,0.000000,0.000000,0.000000,0.000000,0.000016,0.000000,0.000000,0.000000,0.000000,0.000000,0.000000,0.000000,0.000000,0.000000,0.000016,0.000000,0.000000,0.000000,0.000000,0.000000,0.000000,0.000000,0.000000,0.000000,0.000000,0.000000,0.000000,0.000000,0.000000,0.000000,0.000000,0.000000,0.000000,0.000000,0.000000,0.000000,0.000000,0.000016,0.000000,0.000000,0.000000,0.000000,0.000016,0.000000,0.000000,0.000000,0.000000,0.000000,0.000000,0.000000,0.000000,0.000000,0.000016,0.000000,0.000000,0.000000,0.000000,0.000000,0.000000,0.000000,0.000000,0.000000,0.000000,0.000000,0.000000,0.000000,0.000000
0.355000,0.000016,0.000000,0.000000,0.000000,0.000000,0.000000,0.000000,0.000000,0.000000,0.000000,0.000000,0.000000,0.000000,0.000000,0.000000,0.000000,0.000000,0.000000,0.000000,0.000000,0.000000,0.000000,0.000000,0.000000,0.000000,0.000000,0.000000,0.000000,0.000000,0.000000,0.000000,0.000000,0.000000,0.000000,0.000000,0.000000,0.000000,0.000000,0.000000,0.000000,0.000000,0.000000,0.000000,0.000000,0.000000,0.000000,0.000000,0.000000,0.000000,0.000000,0.000000,0.000000,0.000000,0.000000,0.000000,0.000000,0.000000,0.000000,0.000000,0.000000,0.000000,0.000000,0.000000,0.000000,0.000000,0.000000,0.000000,0.000000,0.000000,0.000000,0.000000,0.000000,0.000000,0.000000,0.000000,0.000000,0.000000,0.000000,0.000000,0.000000,0.000000,0.000000,0.000000,0.000000,0.000000,0.000000,0.000000,0.000000,0.000000,0.000000,0.000000,0.000000,0.000000,0.000000,0.000000,0.000000,0.000000,0.000000,0.000000,0.000000,0.000000,0.000000,0.000000,0.000000,0.000000,0.000000,0.000000,0.000000,0.000000,0.000000,0.000000,0.000000,0.000000,0.000000,0.000000,0.000000,0.000000,0.000000,0.000016,0.000000,0.000000,0.000000,0.000000,0.000000,0.000000,0.000000,0.000000,0.000000,0.000000,0.000000,0.000000,0.000000,0.000000,0.000000,0.000000,0.000000,0.000000,0.000000,0.000000,0.000000,0.000000,0.000000,0.000000,0.000000,0.000000,0.000000,0.000000,0.000000,0.000000,0.000000,0.000000,0.000000,0.000000,0.000000,0.000000,0.000000,0.000000,0.000000,0.000000,0.000000,0.000000,0.000000,0.000000,0.000000,0.000000,0.000000,0.000000,0.000000,0.000000,0.000000,0.000000,0.000000,0.000000,0.000000,0.000000,0.000000,0.000000,0.000000,0.000000,0.000000,0.000000,0.000000,0.000000,0.000000,0.000000,0.000000
0.356000,0.000098,0.000000,0.000000,0.000000,0.000000,0.000000,0.000000,0.000000,0.000000,0.000000,0.000000,0.000000,0.000000,0.000000,0.000000,0.000000,0.000000,0.000000,0.000000,0.000000,0.000000,0.000000,0.000000,0.000000,0.000000,0.000000,0.000000,0.000000,0.000000,0.000000,0.000000,0.000000,0.000000,0.000000,0.000000,0.000000,0.000016,0.000000,0.000000,0.000000,0.000000,0.000000,0.000000,0.000000,0.000000,0.000000,0.000000,0.000000,0.000000,0.000000,0.000000,0.000000,0.000000,0.000000,0.000000,0.000000,0.000000,0.000000,0.000000,0.000000,0.000000,0.000000,0.000000,0.000000,0.000000,0.000000,0.000000,0.000000,0.000000,0.000000,0.000000,0.000000,0.000000,0.000000,0.000000,0.000000,0.000000,0.000000,0.000000,0.000000,0.000000,0.000000,0.000000,0.000000,0.000000,0.000000,0.000000,0.000000,0.000000,0.000000,0.000000,0.000000,0.000000,0.000000,0.000000,0.000000,0.000000,0.000000,0.000000,0.000000,0.000000,0.000000,0.000000,0.000000,0.000000,0.000000,0.000000,0.000000,0.000000,0.000000,0.000000,0.000000,0.000000,0.000000,0.000000,0.000000,0.000000,0.000000,0.000000,0.000000,0.000000,0.000000,0.000000,0.000000,0.000000,0.000000,0.000000,0.000000,0.000000,0.000000,0.000000,0.000000,0.000000,0.000000,0.000000,0.000016,0.000000,0.000000,0.000000,0.000000,0.000000,0.000000,0.000000,0.000000,0.000000,0.000000,0.000000,0.000000,0.000000,0.000000,0.000016,0.000000,0.000000,0.000000,0.000000,0.000000,0.000000,0.000000,0.000000,0.000000,0.000016,0.000000,0.000016,0.000000,0.000000,0.000000,0.000016,0.000000,0.000000,0.000000,0.000000,0.000000,0.000000,0.000000,0.000000,0.000000,0.000000,0.000000,0.000000,0.000000,0.000000,0.000000,0.000000,0.000000,0.000000,0.000000
0.357000,0.000049,0.000000,0.000000,0.000000,0.000000,0.000000,0.000000,0.000000,0.000000,0.000000,0.000000,0.000000,0.000000,0.000000,0.000000,0.000000,0.000000,0.000000,0.000000,0.000000,0.000000,0.000000,0.000000,0.000000,0.000000,0.000000,0.000000,0.000000,0.000000,0.000000,0.000000,0.000000,0.000000,0.000000,0.000000,0.000000,0.000000,0.000000,0.000000,0.000000,0.000000,0.000000,0.000000,0.000000,0.000000,0.000000,0.000000,0.000000,0.000000,0.000000,0.000000,0.000000,0.000000,0.000000,0.000000,0.000000,0.000000,0.000000,0.000000,0.000000,0.000000,0.000000,0.000000,0.000000,0.000000,0.000000,0.000000,0.000000,0.000000,0.000000,0.000000,0.000000,0.000000,0.000000,0.000000,0.000000,0.000000,0.000000,0.000000,0.000000,0.000000,0.000000,0.000000,0.000000,0.000000,0.000000,0.000000,0.000000,0.000000,0.000000,0.000000,0.000000,0.000000,0.000000,0.000000,0.000000,0.000000,0.000000,0.000000,0.000000,0.000000,0.000000,0.000000,0.000000,0.000000,0.000000,0.000000,0.000000,0.000000,0.000000,0.000000,0.000000,0.000000,0.000000,0.000016,0.000000,0.000000,0.000000,0.000000,0.000000,0.000000,0.000000,0.000000,0.000000,0.000000,0.000000,0.000000,0.000016,0.000000,0.000000,0.000000,0.000000,0.000000,0.000000,0.000000,0.000000,0.000000,0.000000,0.000000,0.000000,0.000000,0.000000,0.000000,0.000000,0.000000,0.000000,0.000000,0.000000,0.000000,0.000000,0.000000,0.000000,0.000000,0.000000,0.000000,0.000000,0.000016,0.000000,0.000000,0.000000,0.000000,0.000000,0.000000,0.000000,0.000000,0.000000,0.000000,0.000000,0.000000,0.000000,0.000000,0.000000,0.000000,0.000000,0.000000,0.000000,0.000000,0.000000,0.000000,0.000000,0.000000,0.000000,0.000000,0.000000,0.000000,0.000000
0.358000,0.000065,0.000000,0.000000,0.000000,0.000000,0.000000,0.000000,0.000000,0.000000,0.000000,0.000000,0.000000,0.000000,0.000000,0.000000,0.000000,0.000000,0.000000,0.000000,0.000000,0.000000,0.000000,0.000000,0.000000,0.000000,0.000000,0.000000,0.000000,0.000000,0.000000,0.000000,0.000000,0.000000,0.000000,0.000000,0.000000,0.000000,0.000000,0.000000,0.000000,0.000000,0.000000,0.000016,0.000016,0.000000,0.000000,0.000000,0.000000,0.000000,0.000000,0.000000,0.000000,0.000000,0.000000,0.000000,0.000000,0.000000,0.000000,0.000000,0.000000,0.000000,0.000000,0.000000,0.000000,0.000000,0.000000,0.000000,0.000000,0.000000,0.000000,0.000000,0.000000,0.000000,0.000000,0.000000,0.000000,0.000000,0.000000,0.000000,0.000000,0.000000,0.000000,0.000000,0.000000,0.000000,0.000000,0.000000,0.000000,0.000000,0.000000,0.000000,0.000000,0.000000,0.000000,0.000000,0.000000,0.000000,0.000000,0.000000,0.000000,0.000000,0.000000,0.000000,0.000000,0.000000,0.000000,0.000000,0.000000,0.000000,0.000000,0.000000,0.000000,0.000000,0.000000,0.000000,0.000000,0.000000,0.000000,0.000000,0.000000,0.000000,0.000000,0.000000,0.000000,0.000000,0.000000,0.000016,0.000000,0.000000,0.000000,0.000000,0.000000,0.000000,0.000000,0.000000,0.000000,0.000000,0.000000,0.000000,0.000000,0.000000,0.000000,0.000000,0.000000,0.000000,0.000000,0.000000,0.000000,0.000000,0.000000,0.000000,0.000000,0.000000,0.000000,0.000000,0.000000,0.000000,0.000000,0.000000,0.000000,0.000000,0.000000,0.000000,0.000000,0.000000,0.000000,0.000000,0.000000,0.000000,0.000000,0.000000,0.000000,0.000000,0.000000,0.000000,0.000000,0.000000,0.000016,0.000000,0.000000,0.000000,0.000000,0.000000,0.000000,0.000000,0.000000
0.359000,0.000065,0.000000,0.000000,0.000000,0.000000,0.000000,0.000000,0.000000,0.000000,0.000000,0.000000,0.000000,0.000000,0.000000,0.000000,0.000000,0.000000,0.000000,0.000000,0.000000,0.000000,0.000000,0.000000,0.000000,0.000000,0.000000,0.000000,0.000000,0.000000,0.000000,0.000000,0.000000,0.000000,0.000000,0.000000,0.000000,0.000000,0.000000,0.000000,0.000016,0.000000,0.000000,0.000000,0.000000,0.000000,0.000000,0.000016,0.000000,0.000000,0.000000,0.000000,0.000000,0.000000,0.000000,0.000000,0.000000,0.000000,0.000000,0.000000,0.000000,0.000000,0.000000,0.000000,0.000000,0.000000,0.000000,0.000000,0.000000,0.000000,0.000000,0.000000,0.000000,0.000000,0.000000,0.000000,0.000000,0.000000,0.000000,0.000000,0.000000,0.000000,0.000000,0.000000,0.000000,0.000000,0.000000,0.000000,0.000000,0.000000,0.000000,0.000000,0.000000,0.000000,0.000000,0.000000,0.000000,0.000000,0.000000,0.000000,0.000000,0.000000,0.000000,0.000000,0.000000,0.000000,0.000000,0.000000,0.000000,0.000000,0.000000,0.000000,0.000000,0.000000,0.000000,0.000000,0.000000,0.000000,0.000000,0.000000,0.000000,0.000000,0.000000,0.000000,0.000000,0.000000,0.000000,0.000000,0.000000,0.000000,0.000000,0.000000,0.000000,0.000000,0.000000,0.000016,0.000000,0.000000,0.000000,0.000000,0.000000,0.000000,0.000000,0.000000,0.000000,0.000000,0.000000,0.000000,0.000000,0.000000,0.000000,0.000000,0.000000,0.000000,0.000000,0.000000,0.000000,0.000000,0.000000,0.000000,0.000000,0.000000,0.000000,0.000000,0.000000,0.000000,0.000000,0.000000,0.000000,0.000000,0.000000,0.000000,0.000000,0.000016,0.000000,0.000000,0.000000,0.000000,0.000000,0.000000,0.000000,0.000000,0.000000,0.000000,0.000000,0.000000,0.000000
0.360000,0.000049,0.000000,0.000000,0.000000,0.000016,0.000000,0.000000,0.000000,0.000000,0.000000,0.000000,0.000000,0.000000,0.000000,0.000000,0.000000,0.000000,0.000000,0.000000,0.000000,0.000000,0.000000,0.000000,0.000000,0.000000,0.000000,0.000000,0.000000,0.000000,0.000000,0.000000,0.000000,0.000000,0.000000,0.000000,0.000000,0.000000,0.000000,0.000000,0.000000,0.000000,0.000000,0.000000,0.000000,0.000000,0.000000,0.000000,0.000000,0.000000,0.000000,0.000000,0.000000,0.000000,0.000000,0.000000,0.000000,0.000000,0.000000,0.000000,0.000000,0.000000,0.000000,0.000000,0.000000,0.000000,0.000000,0.000000,0.000000,0.000000,0.000000,0.000000,0.000000,0.000000,0.000000,0.000000,0.000000,0.000000,0.000000,0.000000,0.000000,0.000000,0.000000,0.000000,0.000000,0.000000,0.000000,0.000000,0.000000,0.000000,0.000000,0.000000,0.000000,0.000000,0.000000,0.000000,0.000000,0.000000,0.000000,0.000000,0.000000,0.000000,0.000000,0.000000,0.000000,0.000000,0.000000,0.000000,0.000000,0.000000,0.000000,0.000000,0.000000,0.000000,0.000000,0.000000,0.000000,0.000000,0.000000,0.000000,0.000000,0.000000,0.000000,0.000000,0.000000,0.000000,0.000000,0.000000,0.000000,0.000000,0.000000,0.000000,0.000000,0.000000,0.000000,0.000000,0.000000,0.000000,0.000000,0.000000,0.000000,0.000000,0.000000,0.000000,0.000000,0.000000,0.000000,0.000000,0.000000,0.000000,0.000000,0.000000,0.000000,0.000000,0.000000,0.000000,0.000000,0.000000,0.000000,0.000016,0.000000,0.000000,0.000000,0.000000,0.000000,0.000000,0.000000,0.000000,0.000000,0.000000,0.000000,0.000000,0.000000,0.000000,0.000000,0.000000,0.000000,0.000000,0.000000,0.000000,0.000000,0.000016,0.000000,0.000000,0.000000,0.000000,0.000000
0.361000,0.000065,0.000000,0.000000,0.000000,0.000000,0.000000,0.000000,0.000000,0.000000,0.000000,0.000000,0.000000,0.000000,0.000000,0.000000,0.000000,0.000000,0.000000,0.000000,0.000000,0.000000,0.000000,0.000000,0.000000,0.000000,0.000000,0.000000,0.000000,0.000000,0.000000,0.000000,0.000000,0.000000,0.000000,0.000000,0.000000,0.000000,0.000000,0.000000,0.000000,0.000000,0.000000,0.000000,0.000000,0.000000,0.000000,0.000000,0.000000,0.000000,0.000000,0.000000,0.000000,0.000000,0.000000,0.000000,0.000000,0.000000,0.000000,0.000000,0.000000,0.000000,0.000000,0.000000,0.000000,0.000000,0.000000,0.000000,0.000000,0.000000,0.000000,0.000000,0.000000,0.000000,0.000000,0.000000,0.000000,0.000000,0.000000,0.000000,0.000000,0.000000,0.000000,0.000000,0.000000,0.000000,0.000000,0.000000,0.000000,0.000000,0.000000,0.000000,0.000000,0.000000,0.000000,0.000000,0.000000,0.000000,0.000000,0.000000,0.000000,0.000000,0.000000,0.000000,0.000000,0.000000,0.000000,0.000016,0.000000,0.000000,0.000000,0.000000,0.000000,0.000000,0.000000,0.000000,0.000000,0.000000,0.000000,0.000000,0.000000,0.000000,0.000000,0.000000,0.000000,0.000000,0.000000,0.000000,0.000000,0.000000,0.000000,0.000016,0.000000,0.000000,0.000000,0.000000,0.000000,0.000000,0.000000,0.000000,0.000000,0.000000,0.000000,0.000000,0.000000,0.000000,0.000000,0.000000,0.000000,0.000000,0.000000,0.000000,0.000000,0.000000,0.000000,0.000000,0.000000,0.000000,0.000000,0.000000,0.000000,0.000000,0.000016,0.000000,0.000000,0.000000,0.000000,0.000000,0.000000,0.000000,0.000000,0.000000,0.000000,0.000000,0.000000,0.000000,0.000000,0.000000,0.000000,0.000000,0.000016,0.000000,0.000000,0.000000,0.000000,0.000000,0.000000
0.362000,0.000033,0.000000,0.000000,0.000000,0.000000,0.000000,0.000000,0.000000,0.000000,0.000000,0.000000,0.000000,0.000000,0.000000,0.000000,0.000000,0.000000,0.000000,0.000000,0.000000,0.000000,0.000000,0.000000,0.000000,0.000000,0.000000,0.000000,0.000000,0.000000,0.000000,0.000000,0.000000,0.000000,0.000000,0.000000,0.000000,0.000000,0.000000,0.000000,0.000000,0.000000,0.000000,0.000000,0.000000,0.000000,0.000000,0.000000,0.000000,0.000000,0.000000,0.000000,0.000000,0.000000,0.000000,0.000000,0.000000,0.000000,0.000000,0.000000,0.000000,0.000000,0.000000,0.000000,0.000000,0.000000,0.000000,0.000000,0.000000,0.000000,0.000000,0.000000,0.000000,0.000000,0.000000,0.000000,0.000000,0.000000,0.000000,0.000000,0.000000,0.000000,0.000000,0.000000,0.000000,0.000000,0.000000,0.000000,0.000000,0.000000,0.000000,0.000000,0.000000,0.000000,0.000000,0.000000,0.000000,0.000000,0.000000,0.000000,0.000000,0.000000,0.000016,0.000000,0.000000,0.000000,0.000000,0.000000,0.000000,0.000000,0.000000,0.000000,0.000000,0.000000,0.000000,0.000000,0.000000,0.000000,0.000000,0.000000,0.000000,0.000000,0.000000,0.000000,0.000000,0.000000,0.000000,0.000000,0.000000,0.000000,0.000000,0.000000,0.000000,0.000000,0.000000,0.000000,0.000000,0.000000,0.000000,0.000000,0.000000,0.000000,0.000000,0.000000,0.000000,0.000000,0.000000,0.000000,0.000000,0.000000,0.000000,0.000000,0.000000,0.000000,0.000000,0.000016,0.000000,0.000000,0.000000,0.000000,0.000000,0.000000,0.000000,0.000000,0.000000,0.000000,0.000000,0.000000,0.000000,0.000000,0.000000,0.000000,0.000000,0.000000,0.000000,0.000000,0.000000,0.000000,0.000000,0.000000,0.000000,0.000000,0.000000,0.000000,0.000000,0.000000,0.000000
0.363000,0.000033,0.000000,0.000000,0.000000,0.000000,0.000000,0.000000,0.000000,0.000000,0.000000,0.000000,0.000000,0.000000,0.000000,0.000000,0.000000,0.000000,0.000000,0.000000,0.000000,0.000000,0.000000,0.000000,0.000000,0.000000,0.000000,0.000000,0.000000,0.000000,0.000000,0.000000,0.000000,0.000000,0.000000,0.000000,0.000000,0.000000,0.000000,0.000000,0.000000,0.000000,0.000000,0.000000,0.000000,0.000000,0.000000,0.000000,0.000000,0.000000,0.000000,0.000000,0.000000,0.000000,0.000000,0.000000,0.000000,0.000000,0.000000,0.000016,0.000000,0.000000,0.000000,0.000000,0.000000,0.000000,0.000000,0.000000,0.000000,0.000000,0.000000,0.000000,0.000000,0.000000,0.000000,0.000000,0.000000,0.000000,0.000000,0.000000,0.000000,0.000000,0.000000,0.000000,0.000000,0.000000,0.000000,0.000000,0.000000,0.000000,0.000000,0.000000,0.000000,0.000000,0.000000,0.000000,0.000000,0.000000,0.000000,0.000000,0.000000,0.000000,0.000000,0.000000,0.000000,0.000016,0.000000,0.000000,0.000000,0.000000,0.000000,0.000000,0.000000,0.000000,0.000000,0.000000,0.000000,0.000000,0.000000,0.000000,0.000000,0.000000,0.000000,0.000000,0.000000,0.000000,0.000000,0.000000,0.000000,0.000000,0.000000,0.000000,0.000000,0.000000,0.000000,0.000000,0.000000,0.000000,0.000000,0.000000,0.000000,0.000000,0.000000,0.000000,0.000000,0.000000,0.000000,0.000000,0.000000,0.000000,0.000000,0.000000,0.000000,0.000000,0.000000,0.000000,0.000000,0.000000,0.000000,0.000000,0.000000,0.000000,0.000000,0.000000,0.000000,0.000000,0.000000,0.000000,0.000000,0.000000,0.000000,0.000000,0.000000,0.000000,0.000000,0.000000,0.000000,0.000000,0.000000,0.000000,0.000000,0.000000,0.000000,0.000000,0.000000,0.000000,0.000000
0.364000,0.000049,0.000000,0.000000,0.000000,0.000000,0.000000,0.000000,0.000000,0.000000,0.000000,0.000000,0.000000,0.000000,0.000000,0.000000,0.000000,0.000000,0.000000,0.000000,0.000000,0.000000,0.000000,0.000000,0.000000,0.000000,0.000000,0.000000,0.000000,0.000000,0.000000,0.000000,0.000000,0.000000,0.000000,0.000000,0.000000,0.000000,0.000000,0.000000,0.000000,0.000000,0.000000,0.000000,0.000000,0.000000,0.000000,0.000000,0.000000,0.000000,0.000000,0.000000,0.000000,0.000000,0.000000,0.000000,0.000000,0.000000,0.000000,0.000000,0.000000,0.000000,0.000000,0.000000,0.000000,0.000000,0.000000,0.000000,0.000000,0.000000,0.000000,0.000000,0.000000,0.000000,0.000000,0.000000,0.000000,0.000000,0.000000,0.000000,0.000000,0.000000,0.000000,0.000000,0.000000,0.000000,0.000000,0.000000,0.000000,0.000000,0.000000,0.000000,0.000000,0.000000,0.000000,0.000000,0.000000,0.000000,0.000000,0.000000,0.000000,0.000000,0.000000,0.000000,0.000000,0.000000,0.000000,0.000000,0.000000,0.000000,0.000000,0.000000,0.000000,0.000000,0.000000,0.000000,0.000000,0.000000,0.000000,0.000000,0.000000,0.000000,0.000000,0.000000,0.000000,0.000000,0.000000,0.000000,0.000000,0.000000,0.000000,0.000000,0.000000,0.000000,0.000000,0.000000,0.000000,0.000000,0.000000,0.000000,0.000000,0.000000,0.000000,0.000000,0.000000,0.000000,0.000000,0.000000,0.000016,0.000016,0.000000,0.000000,0.000000,0.000000,0.000000,0.000000,0.000000,0.000000,0.000000,0.000000,0.000000,0.000000,0.000000,0.000000,0.000000,0.000000,0.000000,0.000000,0.000000,0.000000,0.000000,0.000000,0.000000,0.000000,0.000000,0.000000,0.000000,0.000000,0.000000,0.000016,0.000000,0.000000,0.000000,0.000000,0.000000,0.000000,0.000000
0.365000,0.000033,0.000000,0.000000,0.000000,0.000000,0.000000,0.000000,0.000000,0.000000,0.000000,0.000000,0.000000,0.000000,0.000000,0.000000,0.000000,0.000000,0.000000,0.000000,0.000000,0.000000,0.000000,0.000000,0.000000,0.000000,0.000000,0.000000,0.000000,0.000000,0.000000,0.000000,0.000000,0.000000,0.000000,0.000000,0.000000,0.000000,0.000000,0.000000,0.000000,0.000000,0.000000,0.000000,0.000000,0.000000,0.000000,0.000000,0.000000,0.000000,0.000000,0.000000,0.000000,0.000000,0.000000,0.000000,0.000000,0.000000,0.000000,0.000016,0.000000,0.000000,0.000000,0.000000,0.000000,0.000000,0.000000,0.000000,0.000000,0.000000,0.000000,0.000000,0.000000,0.000000,0.000000,0.000000,0.000000,0.000000,0.000000,0.000000,0.000000,0.000000,0.000000,0.000000,0.000000,0.000000,0.000000,0.000000,0.000000,0.000000,0.000000,0.000000,0.000000,0.000000,0.000000,0.000000,0.000000,0.000000,0.000000,0.000000,0.000000,0.000000,0.000000,0.000000,0.000000,0.000000,0.000000,0.000000,0.000000,0.000000,0.000000,0.000000,0.000000,0.000000,0.000000,0.000000,0.000000,0.000000,0.000000,0.000000,0.000000,0.000000,0.000000,0.000000,0.000000,0.000000,0.000000,0.000000,0.000000,0.000000,0.000000,0.000000,0.000000,0.000000,0.000016,0.000000,0.000000,0.000000,0.000000,0.000000,0.000000,0.000000,0.000000,0.000000,0.000000,0.000000,0.000000,0.000000,0.000000,0.000000,0.000000,0.000000,0.000000,0.000000,0.000000,0.000000,0.000000,0.000000,0.000000,0.000000,0.000000,0.000000,0.000000,0.000000,0.000000,0.000000,0.000000,0.000000,0.000000,0.000000,0.000000,0.000000,0.000000,0.000000,0.000000,0.000000,0.000000,0.000000,0.000000,0.000000,0.000000,0.000000,0.000000,0.000000,0.000000,0.000000,0.000000
0.366000,0.000033,0.000000,0.000000,0.000000,0.000000,0.000000,0.000000,0.000000,0.000000,0.000000,0.000000,0.000000,0.000000,0.000000,0.000000,0.000000,0.000000,0.000000,0.000000,0.000000,0.000000,0.000000,0.000000,0.000000,0.000000,0.000000,0.000000,0.000000,0.000000,0.000000,0.000000,0.000000,0.000000,0.000000,0.000000,0.000000,0.000000,0.000000,0.000000,0.000000,0.000000,0.000000,0.000000,0.000000,0.000000,0.000000,0.000000,0.000016,0.000000,0.000000,0.000000,0.000000,0.000000,0.000000,0.000000,0.000000,0.000000,0.000000,0.000000,0.000000,0.000000,0.000000,0.000000,0.000000,0.000000,0.000000,0.000000,0.000000,0.000000,0.000000,0.000000,0.000000,0.000000,0.000000,0.000000,0.000000,0.000000,0.000000,0.000000,0.000000,0.000000,0.000000,0.000000,0.000000,0.000000,0.000000,0.000000,0.000000,0.000000,0.000000,0.000000,0.000000,0.000000,0.000000,0.000000,0.000000,0.000000,0.000000,0.000000,0.000000,0.000000,0.000000,0.000000,0.000000,0.000000,0.000000,0.000000,0.000000,0.000000,0.000000,0.000000,0.000000,0.000000,0.000000,0.000000,0.000000,0.000000,0.000000,0.000000,0.000000,0.000000,0.000000,0.000000,0.000000,0.000000,0.000000,0.000000,0.000000,0.000000,0.000000,0.000000,0.000000,0.000000,0.000000,0.000000,0.000000,0.000000,0.000000,0.000000,0.000000,0.000000,0.000000,0.000000,0.000000,0.000000,0.000000,0.000000,0.000000,0.000000,0.000000,0.000000,0.000016,0.000000,0.000000,0.000000,0.000000,0.000000,0.000000,0.000000,0.000000,0.000000,0.000000,0.000000,0.000000,0.000000,0.000000,0.000000,0.000000,0.000000,0.000000,0.000000,0.000000,0.000000,0.000000,0.000000,0.000000,0.000000,0.000000,0.000000,0.000000,0.000000,0.000000,0.000000,0.000000,0.000000,0.000000
0.367000,0.000016,0.000000,0.000000,0.000000,0.000000,0.000000,0.000000,0.000000,0.000000,0.000000,0.000000,0.000000,0.000000,0.000000,0.000000,0.000000,0.000000,0.000000,0.000000,0.000000,0.000000,0.000000,0.000000,0.000000,0.000000,0.000000,0.000000,0.000000,0.000000,0.000000,0.000000,0.000000,0.000000,0.000000,0.000000,0.000000,0.000000,0.000000,0.000000,0.000000,0.000000,0.000000,0.000000,0.000000,0.000000,0.000000,0.000000,0.000000,0.000000,0.000000,0.000000,0.000000,0.000000,0.000000,0.000000,0.000000,0.000000,0.000000,0.000000,0.000000,0.000000,0.000000,0.000000,0.000000,0.000000,0.000000,0.000000,0.000000,0.000000,0.000000,0.000000,0.000000,0.000000,0.000000,0.000000,0.000000,0.000000,0.000000,0.000000,0.000000,0.000000,0.000000,0.000000,0.000000,0.000000,0.000000,0.000000,0.000000,0.000000,0.000000,0.000000,0.000000,0.000000,0.000000,0.000000,0.000000,0.000000,0.000000,0.000000,0.000000,0.000000,0.000000,0.000000,0.000016,0.000000,0.000000,0.000000,0.000000,0.000000,0.000000,0.000000,0.000000,0.000000,0.000000,0.000000,0.000000,0.000000,0.000000,0.000000,0.000000,0.000000,0.000000,0.000000,0.000000,0.000000,0.000000,0.000000,0.000000,0.000000,0.000000,0.000000,0.000000,0.000000,0.000000,0.000000,0.000000,0.000000,0.000000,0.000000,0.000000,0.000000,0.000000,0.000000,0.000000,0.000000,0.000000,0.000000,0.000000,0.000000,0.000000,0.000000,0.000000,0.000000,0.000000,0.000000,0.000000,0.000000,0.000000,0.000000,0.000000,0.000000,0.000000,0.000000,0.000000,0.000000,0.000000,0.000000,0.000000,0.000000,0.000000,0.000000,0.000000,0.000000,0.000000,0.000000,0.000000,0.000000,0.000000,0.000000,0.000000,0.000000,0.000000,0.000000,0.000000,0.000000,0.000000
0.368000,0.000065,0.000000,0.000000,0.000000,0.000000,0.000000,0.000000,0.000000,0.000000,0.000000,0.000000,0.000000,0.000000,0.000000,0.000000,0.000000,0.000000,0.000000,0.000000,0.000000,0.000000,0.000000,0.000000,0.000000,0.000000,0.000000,0.000000,0.000000,0.000000,0.000000,0.000000,0.000000,0.000000,0.000000,0.000000,0.000000,0.000000,0.000000,0.000000,0.000000,0.000000,0.000000,0.000000,0.000000,0.000000,0.000000,0.000000,0.000000,0.000000,0.000000,0.000000,0.000000,0.000000,0.000000,0.000000,0.000000,0.000000,0.000000,0.000000,0.000000,0.000000,0.000000,0.000000,0.000000,0.000000,0.000000,0.000000,0.000000,0.000000,0.000000,0.000000,0.000000,0.000000,0.000000,0.000000,0.000000,0.000000,0.000000,0.000000,0.000000,0.000000,0.000000,0.000000,0.000000,0.000000,0.000000,0.000000,0.000000,0.000000,0.000000,0.000000,0.000000,0.000000,0.000000,0.000000,0.000000,0.000000,0.000000,0.000000,0.000000,0.000000,0.000000,0.000000,0.000000,0.000000,0.000000,0.000000,0.000000,0.000000,0.000000,0.000000,0.000000,0.000000,0.000000,0.000000,0.000000,0.000000,0.000000,0.000000,0.000016,0.000000,0.000000,0.000000,0.000000,0.000000,0.000000,0.000000,0.000000,0.000000,0.000016,0.000000,0.000000,0.000000,0.000000,0.000000,0.000000,0.000000,0.000000,0.000000,0.000000,0.000000,0.000000,0.000000,0.000000,0.000000,0.000000,0.000000,0.000000,0.000000,0.000000,0.000000,0.000000,0.000000,0.000000,0.000000,0.000000,0.000000,0.000000,0.000016,0.000000,0.000000,0.000000,0.000000,0.000000,0.000000,0.000000,0.000000,0.000000,0.000000,0.000000,0.000000,0.000000,0.000000,0.000000,0.000000,0.000000,0.000000,0.000000,0.000000,0.000016,0.000000,0.000000,0.000000,0.000000,0.000000,0.000000
0.369000,0.000065,0.000000,0.000000,0.000000,0.000000,0.000000,0.000000,0.000000,0.000000,0.000000,0.000000,0.000000,0.000000,0.000000,0.000000,0.000000,0.000000,0.000000,0.000000,0.000000,0.000000,0.000000,0.000000,0.000000,0.000000,0.000000,0.000000,0.000000,0.000000,0.000000,0.000000,0.000000,0.000000,0.000000,0.000000,0.000000,0.000000,0.000016,0.000000,0.000000,0.000000,0.000000,0.000000,0.000000,0.000000,0.000000,0.000000,0.000000,0.000000,0.000000,0.000000,0.000000,0.000000,0.000000,0.000000,0.000000,0.000000,0.000000,0.000000,0.000000,0.000000,0.000000,0.000000,0.000000,0.000000,0.000000,0.000000,0.000000,0.000000,0.000000,0.000000,0.000000,0.000000,0.000000,0.000000,0.000000,0.000000,0.000000,0.000000,0.000000,0.000000,0.000000,0.000000,0.000000,0.000000,0.000000,0.000000,0.000000,0.000000,0.000000,0.000000,0.000000,0.000000,0.000000,0.000000,0.000000,0.000000,0.000000,0.000000,0.000000,0.000000,0.000000,0.000016,0.000000,0.000000,0.000000,0.000000,0.000000,0.000000,0.000000,0.000000,0.000000,0.000016,0.000000,0.000000,0.000000,0.000000,0.000000,0.000000,0.000000,0.000000,0.000000,0.000000,0.000000,0.000000,0.000000,0.000000,0.000000,0.000000,0.000000,0.000000,0.000000,0.000000,0.000000,0.000000,0.000000,0.000000,0.000000,0.000000,0.000000,0.000000,0.000000,0.000000,0.000000,0.000000,0.000000,0.000000,0.000000,0.000000,0.000000,0.000000,0.000000,0.000000,0.000000,0.000000,0.000000,0.000000,0.000000,0.000000,0.000000,0.000000,0.000000,0.000000,0.000016,0.000000,0.000000,0.000000,0.000000,0.000000,0.000000,0.000000,0.000000,0.000000,0.000000,0.000000,0.000000,0.000000,0.000000,0.000000,0.000000,0.000000,0.000000,0.000000,0.000000,0.000000,0.000000
0.371000,0.000049,0.000000,0.000000,0.000000,0.000000,0.000000,0.000000,0.000000,0.000000,0.000000,0.000000,0.000000,0.000000,0.000000,0.000000,0.000000,0.000000,0.000000,0.000000,0.000000,0.000000,0.000000,0.000000,0.000000,0.000000,0.000000,0.000000,0.000000,0.000000,0.000000,0.000000,0.000000,0.000000,0.000000,0.000000,0.000000,0.000000,0.000000,0.000000,0.000000,0.000000,0.000000,0.000000,0.000000,0.000000,0.000000,0.000000,0.000000,0.000000,0.000000,0.000000,0.000000,0.000000,0.000000,0.000000,0.000000,0.000000,0.000000,0.000000,0.000000,0.000000,0.000000,0.000000,0.000000,0.000000,0.000000,0.000000,0.000000,0.000000,0.000000,0.000000,0.000000,0.000000,0.000000,0.000000,0.000000,0.000000,0.000000,0.000000,0.000000,0.000000,0.000000,0.000000,0.000000,0.000000,0.000000,0.000000,0.000000,0.000000,0.000000,0.000000,0.000000,0.000000,0.000000,0.000000,0.000000,0.000000,0.000000,0.000000,0.000000,0.000000,0.000000,0.000000,0.000000,0.000000,0.000000,0.000000,0.000000,0.000000,0.000000,0.000016,0.000016,0.000000,0.000000,0.000000,0.000000,0.000000,0.000000,0.000000,0.000000,0.000000,0.000000,0.000000,0.000000,0.000000,0.000000,0.000000,0.000000,0.000000,0.000016,0.000000,0.000000,0.000000,0.000000,0.000000,0.000000,0.000000,0.000000,0.000000,0.000000,0.000000,0.000000,0.000000,0.000000,0.000000,0.000000,0.000000,0.000000,0.000000,0.000000,0.000000,0.000000,0.000000,0.000000,0.000000,0.000000,0.000000,0.000000,0.000000,0.000000,0.000000,0.000000,0.000000,0.000000,0.000000,0.000000,0.000000,0.000000,0.000000,0.000000,0.000000,0.000000,0.000000,0.000000,0.000000,0.000000,0.000000,0.000000,0.000000,0.000000,0.000000,0.000000,0.000000,0.000000,0.000000,0.000000
0.372000,0.000098,0.000000,0.000000,0.000000,0.000000,0.000000,0.000000,0.000000,0.000000,0.000000,0.000000,0.000000,0.000000,0.000000,0.000000,0.000000,0.000000,0.000000,0.000016,0.000000,0.000000,0.000000,0.000000,0.000000,0.000000,0.000000,0.000000,0.000000,0.000000,0.000000,0.000000,0.000000,0.000000,0.000000,0.000000,0.000000,0.000000,0.000000,0.000000,0.000000,0.000000,0.000000,0.000000,0.000000,0.000000,0.000000,0.000000,0.000000,0.000000,0.000000,0.000000,0.000000,0.000000,0.000000,0.000000,0.000000,0.000000,0.000000,0.000000,0.000000,0.000000,0.000000,0.000000,0.000000,0.000000,0.000000,0.000000,0.000000,0.000000,0.000000,0.000000,0.000000,0.000000,0.000000,0.000000,0.000000,0.000000,0.000000,0.000000,0.000000,0.000000,0.000000,0.000000,0.000000,0.000000,0.000000,0.000000,0.000000,0.000000,0.000000,0.000000,0.000000,0.000000,0.000000,0.000000,0.000000,0.000000,0.000000,0.000000,0.000000,0.000000,0.000000,0.000000,0.000000,0.000000,0.000000,0.000000,0.000000,0.000000,0.000000,0.000000,0.000000,0.000000,0.000000,0.000000,0.000016,0.000000,0.000000,0.000000,0.000000,0.000000,0.000016,0.000000,0.000000,0.000000,0.000000,0.000000,0.000000,0.000000,0.000000,0.000000,0.000000,0.000000,0.000000,0.000000,0.000000,0.000016,0.000016,0.000000,0.000000,0.000000,0.000000,0.000000,0.000000,0.000000,0.000000,0.000000,0.000000,0.000000,0.000000,0.000000,0.000000,0.000016,0.000000,0.000000,0.000000,0.000000,0.000000,0.000000,0.000000,0.000000,0.000000,0.000000,0.000000,0.000000,0.000000,0.000000,0.000000,0.000000,0.000000,0.000000,0.000000,0.000000,0.000000,0.000000,0.000000,0.000000,0.000000,0.000000,0.000000,0.000000,0.000000,0.000000,0.000000,0.000000,0.000000
0.373000,0.000082,0.000000,0.000000,0.000000,0.000000,0.000000,0.000000,0.000000,0.000000,0.000000,0.000000,0.000016,0.000000,0.000000,0.000000,0.000000,0.000000,0.000000,0.000000,0.000000,0.000000,0.000000,0.000000,0.000000,0.000000,0.000000,0.000000,0.000000,0.000000,0.000000,0.000000,0.000000,0.000000,0.000000,0.000000,0.000000,0.000000,0.000000,0.000000,0.000000,0.000000,0.000000,0.000000,0.000000,0.000000,0.000000,0.000000,0.000000,0.000000,0.000000,0.000000,0.000000,0.000000,0.000000,0.000000,0.000000,0.000000,0.000000,0.000000,0.000000,0.000000,0.000000,0.000000,0.000000,0.000000,0.000000,0.000000,0.000000,0.000000,0.000000,0.000000,0.000000,0.000000,0.000000,0.000000,0.000000,0.000000,0.000000,0.000000,0.000000,0.000000,0.000000,0.000000,0.000000,0.000000,0.000000,0.000000,0.000000,0.000000,0.000000,0.000000,0.000000,0.000000,0.000000,0.000000,0.000000,0.000000,0.000000,0.000000,0.000000,0.000000,0.000000,0.000000,0.000000,0.000000,0.000000,0.000000,0.000000,0.000000,0.000000,0.000000,0.000000,0.000000,0.000000,0.000000,0.000000,0.000000,0.000000,0.000000,0.000000,0.000000,0.000000,0.000000,0.000000,0.000016,0.000000,0.000000,0.000000,0.000000,0.000000,0.000000,0.000000,0.000000,0.000000,0.000000,0.000000,0.000000,0.000000,0.000000,0.000000,0.000000,0.000000,0.000000,0.000000,0.000000,0.000000,0.000000,0.000000,0.000000,0.000000,0.000000,0.000000,0.000000,0.000000,0.000000,0.000000,0.000000,0.000000,0.000000,0.000000,0.000000,0.000000,0.000016,0.000000,0.000000,0.000000,0.000000,0.000000,0.000000,0.000016,0.000000,0.000000,0.000000,0.000000,0.000000,0.000000,0.000000,0.000000,0.000000,0.000000,0.000000,0.000000,0.000000,0.000000,0.000016,0.000000
0.374000,0.000065,0.000000,0.000000,0.000000,0.000000,0.000000,0.000000,0.000000,0.000000,0.000000,0.000000,0.000000,0.000000,0.000000,0.000000,0.000000,0.000000,0.000000,0.000000,0.000000,0.000000,0.000000,0.000000,0.000000,0.000000,0.000000,0.000000,0.000000,0.000000,0.000000,0.000000,0.000000,0.000000,0.000000,0.000000,0.000000,0.000000,0.000000,0.000000,0.000000,0.000000,0.000000,0.000000,0.000000,0.000000,0.000000,0.000000,0.000000,0.000000,0.000000,0.000000,0.000000,0.000000,0.000000,0.000000,0.000000,0.000000,0.000000,0.000000,0.000000,0.000000,0.000000,0.000000,0.000000,0.000000,0.000000,0.000000,0.000000,0.000000,0.000000,0.000000,0.000000,0.000000,0.000000,0.000000,0.000000,0.000000,0.000000,0.000000,0.000000,0.000000,0.000000,0.000000,0.000000,0.000000,0.000000,0.000000,0.000000,0.000000,0.000000,0.000000,0.000000,0.000000,0.000000,0.000000,0.000000,0.000000,0.000000,0.000000,0.000000,0.000000,0.000000,0.000000,0.000000,0.000000,0.000000,0.000000,0.000000,0.000000,0.000000,0.000000,0.000000,0.000000,0.000000,0.000016,0.000000,0.000000,0.000000,0.000000,0.000000,0.000000,0.000000,0.000000,0.000000,0.000000,0.000000,0.000000,0.000000,0.000000,0.000000,0.000000,0.000000,0.000000,0.000000,0.000000,0.000000,0.000000,0.000016,0.000000,0.000000,0.000000,0.000000,0.000000,0.000000,0.000000,0.000000,0.000000,0.000000,0.000000,0.000000,0.000000,0.000000,0.000000,0.000000,0.000000,0.000000,0.000016,0.000000,0.000000,0.000000,0.000000,0.000000,0.000000,0.000000,0.000000,0.000000,0.000000,0.000000,0.000000,0.000000,0.000000,0.000000,0.000000,0.000000,0.000000,0.000016,0.000000,0.000000,0.000000,0.000000,0.000000,0.000000,0.000000,0.000000,0.000000,0.000000
0.375000,0.000033,0.000000,0.000000,0.000000,0.000000,0.000000,0.000000,0.000000,0.000000,0.000016,0.000000,0.000000,0.000000,0.000000,0.000000,0.000000,0.000000,0.000000,0.000000,0.000000,0.000000,0.000000,0.000000,0.000000,0.000000,0.000000,0.000000,0.000000,0.000000,0.000000,0.000000,0.000000,0.000000,0.000000,0.000000,0.000000,0.000000,0.000000,0.000000,0.000000,0.000000,0.000000,0.000000,0.000000,0.000000,0.000000,0.000000,0.000000,0.000000,0.000000,0.000000,0.000000,0.000000,0.000000,0.000000,0.000000,0.000000,0.000000,0.000000,0.000000,0.000000,0.000000,0.000000,0.000000,0.000000,0.000000,0.000000,0.000000,0.000000,0.000000,0.000000,0.000000,0.000000,0.000000,0.000000,0.000000,0.000000,0.000000,0.000000,0.000000,0.000000,0.000000,0.000000,0.000000,0.000000,0.000000,0.000000,0.000000,0.000000,0.000000,0.000000,0.000000,0.000000,0.000000,0.000000,0.000000,0.000000,0.000000,0.000000,0.000000,0.000000,0.000000,0.000000,0.000000,0.000000,0.000000,0.000000,0.000000,0.000000,0.000000,0.000000,0.000000,0.000000,0.000000,0.000000,0.000000,0.000000,0.000000,0.000000,0.000000,0.000000,0.000000,0.000000,0.000000,0.000000,0.000000,0.000000,0.000000,0.000000,0.000000,0.000000,0.000000,0.000000,0.000000,0.000000,0.000000,0.000000,0.000000,0.000000,0.000000,0.000000,0.000000,0.000000,0.000000,0.000000,0.000000,0.000000,0.000000,0.000000,0.000000,0.000000,0.000000,0.000000,0.000000,0.000000,0.000000,0.000000,0.000000,0.000000,0.000000,0.000000,0.000000,0.000000,0.000000,0.000000,0.000000,0.000000,0.000000,0.000000,0.000000,0.000000,0.000000,0.000000,0.000000,0.000000,0.000000,0.000000,0.000000,0.000000,0.000000,0.000000,0.000000,0.000016,0.000000,0.000000,0.000000
0.376000,0.000016,0.000000,0.000000,0.000000,0.000000,0.000000,0.000000,0.000000,0.000000,0.000000,0.000000,0.000000,0.000000,0.000000,0.000000,0.000000,0.000000,0.000000,0.000000,0.000000,0.000000,0.000000,0.000000,0.000000,0.000000,0.000000,0.000000,0.000000,0.000000,0.000000,0.000000,0.000000,0.000000,0.000000,0.000000,0.000000,0.000000,0.000000,0.000000,0.000000,0.000000,0.000000,0.000000,0.000000,0.000000,0.000000,0.000000,0.000000,0.000000,0.000000,0.000000,0.000000,0.000000,0.000000,0.000000,0.000000,0.000000,0.000000,0.000000,0.000000,0.000000,0.000000,0.000000,0.000000,0.000000,0.000000,0.000000,0.000000,0.000000,0.000000,0.000000,0.000000,0.000000,0.000000,0.000000,0.000000,0.000000,0.000000,0.000000,0.000000,0.000000,0.000000,0.000000,0.000000,0.000000,0.000000,0.000000,0.000000,0.000000,0.000000,0.000000,0.000000,0.000000,0.000000,0.000000,0.000000,0.000000,0.000000,0.000000,0.000000,0.000000,0.000000,0.000000,0.000000,0.000000,0.000000,0.000000,0.000000,0.000000,0.000000,0.000000,0.000000,0.000000,0.000000,0.000000,0.000000,0.000000,0.000000,0.000000,0.000000,0.000000,0.000000,0.000000,0.000000,0.000000,0.000000,0.000000,0.000000,0.000000,0.000000,0.000016,0.000000,0.000000,0.000000,0.000000,0.000000,0.000000,0.000000,0.000000,0.000000,0.000000,0.000000,0.000000,0.000000,0.000000,0.000000,0.000000,0.000000,0.000000,0.000000,0.000000,0.000000,0.000000,0.000000,0.000000,0.000000,0.000000,0.000000,0.000000,0.000000,0.000000,0.000000,0.000000,0.000000,0.000000,0.000000,0.000000,0.000000,0.000000,0.000000,0.000000,0.000000,0.000000,0.000000,0.000000,0.000000,0.000000,0.000000,0.000000,0.000000,0.000000,0.000000,0.000000,0.000000,0.000000,0.000000
0.377000,0.000049,0.000000,0.000000,0.000000,0.000000,0.000000,0.000000,0.000000,0.000000,0.000000,0.000000,0.000000,0.000000,0.000000,0.000000,0.000000,0.000000,0.000000,0.000000,0.000000,0.000016,0.000000,0.000000,0.000000,0.000000,0.000000,0.000000,0.000000,0.000000,0.000000,0.000000,0.000000,0.000000,0.000000,0.000000,0.000000,0.000000,0.000000,0.000000,0.000000,0.000000,0.000000,0.000000,0.000000,0.000000,0.000000,0.000000,0.000000,0.000000,0.000000,0.000000,0.000000,0.000000,0.000000,0.000000,0.000000,0.000000,0.000000,0.000000,0.000000,0.000000,0.000000,0.000000,0.000000,0.000000,0.000000,0.000000,0.000000,0.000000,0.000000,0.000000,0.000000,0.000000,0.000000,0.000000,0.000000,0.000000,0.000000,0.000000,0.000000,0.000000,0.000000,0.000000,0.000000,0.000000,0.000000,0.000000,0.000000,0.000000,0.000000,0.000000,0.000000,0.000000,0.000000,0.000000,0.000000,0.000000,0.000000,0.000000,0.000000,0.000000,0.000000,0.000000,0.000000,0.000000,0.000000,0.000000,0.000000,0.000000,0.000000,0.000000,0.000000,0.000000,0.000000,0.000000,0.000000,0.000000,0.000000,0.000000,0.000000,0.000000,0.000000,0.000000,0.000000,0.000000,0.000000,0.000000,0.000000,0.000000,0.000000,0.000000,0.000000,0.000000,0.000000,0.000000,0.000000,0.000000,0.000000,0.000000,0.000000,0.000000,0.000000,0.000000,0.000000,0.000016,0.000000,0.000000,0.000000,0.000000,0.000000,0.000000,0.000000,0.000000,0.000000,0.000000,0.000000,0.000000,0.000000,0.000016,0.000000,0.000000,0.000000,0.000000,0.000000,0.000000,0.000000,0.000000,0.000000,0.000000,0.000000,0.000000,0.000000,0.000000,0.000000,0.000000,0.000000,0.000000,0.000000,0.000000,0.000000,0.000000,0.000000,0.000000,0.000000,0.000000,0.000000
0.378000,0.000065,0.000000,0.000000,0.000000,0.000000,0.000000,0.000000,0.000000,0.000000,0.000000,0.000000,0.000000,0.000000,0.000000,0.000000,0.000000,0.000000,0.000000,0.000033,0.000000,0.000000,0.000000,0.000000,0.000000,0.000000,0.000000,0.000000,0.000000,0.000000,0.000000,0.000000,0.000000,0.000000,0.000000,0.000000,0.000000,0.000000,0.000000,0.000000,0.000000,0.000000,0.000000,0.000000,0.000000,0.000000,0.000000,0.000000,0.000000,0.000000,0.000000,0.000000,0.000000,0.000000,0.000000,0.000000,0.000000,0.000000,0.000000,0.000000,0.000000,0.000000,0.000000,0.000000,0.000000,0.000000,0.000000,0.000000,0.000000,0.000000,0.000000,0.000000,0.000000,0.000000,0.000000,0.000000,0.000000,0.000000,0.000000,0.000000,0.000000,0.000000,0.000000,0.000000,0.000000,0.000000,0.000000,0.000000,0.000000,0.000000,0.000000,0.000000,0.000000,0.000000,0.000000,0.000000,0.000000,0.000000,0.000000,0.000000,0.000000,0.000000,0.000000,0.000000,0.000000,0.000000,0.000000,0.000000,0.000000,0.000000,0.000000,0.000000,0.000000,0.000000,0.000000,0.000000,0.000000,0.000000,0.000000,0.000000,0.000000,0.000000,0.000000,0.000016,0.000000,0.000000,0.000000,0.000000,0.000000,0.000000,0.000000,0.000000,0.000000,0.000000,0.000000,0.000000,0.000000,0.000000,0.000000,0.000000,0.000000,0.000000,0.000000,0.000000,0.000000,0.000016,0.000000,0.000000,0.000000,0.000000,0.000000,0.000000,0.000000,0.000000,0.000000,0.000000,0.000000,0.000000,0.000000,0.000000,0.000000,0.000000,0.000000,0.000000,0.000000,0.000000,0.000000,0.000000,0.000000,0.000000,0.000000,0.000000,0.000000,0.000000,0.000000,0.000000,0.000000,0.000000,0.000000,0.000000,0.000000,0.000000,0.000000,0.000000,0.000000,0.000000,0.000000
0.379000,0.000033,0.000000,0.000000,0.000000,0.000000,0.000000,0.000000,0.000000,0.000000,0.000000,0.000000,0.000000,0.000000,0.000000,0.000000,0.000000,0.000000,0.000000,0.000000,0.000000,0.000000,0.000000,0.000000,0.000000,0.000000,0.000000,0.000000,0.000000,0.000000,0.000000,0.000000,0.000000,0.000000,0.000000,0.000000,0.000000,0.000000,0.000000,0.000000,0.000000,0.000000,0.000000,0.000000,0.000000,0.000000,0.000000,0.000000,0.000000,0.000000,0.000000,0.000000,0.000000,0.000000,0.000000,0.000000,0.000000,0.000000,0.000000,0.000000,0.000000,0.000000,0.000000,0.000000,0.000000,0.000000,0.000000,0.000000,0.000000,0.000000,0.000000,0.000000,0.000000,0.000000,0.000000,0.000000,0.000000,0.000000,0.000000,0.000000,0.000000,0.000000,0.000000,0.000000,0.000000,0.000000,0.000000,0.000000,0.000000,0.000000,0.000000,0.000000,0.000000,0.000000,0.000000,0.000000,0.000000,0.000000,0.000000,0.000000,0.000000,0.000000,0.000000,0.000000,0.000000,0.000000,0.000000,0.000000,0.000000,0.000000,0.000000,0.000000,0.000000,0.000000,0.000016,0.000000,0.000000,0.000000,0.000000,0.000000,0.000000,0.000000,0.000000,0.000000,0.000000,0.000000,0.000000,0.000000,0.000000,0.000000,0.000000,0.000000,0.000000,0.000000,0.000000,0.000000,0.000000,0.000000,0.000000,0.000000,0.000000,0.000000,0.000000,0.000000,0.000000,0.000000,0.000000,0.000000,0.000000,0.000000,0.000000,0.000000,0.000000,0.000000,0.000000,0.000000,0.000000,0.000000,0.000000,0.000000,0.000000,0.000000,0.000000,0.000000,0.000000,0.000000,0.000000,0.000000,0.000000,0.000000,0.000016,0.000000,0.000000,0.000000,0.000000,0.000000,0.000000,0.000000,0.000000,0.000000,0.000000,0.000000,0.000000,0.000000,0.000000,0.000000,0.000000
0.380000,0.000049,0.000000,0.000000,0.000016,0.000000,0.000000,0.000000,0.000000,0.000000,0.000000,0.000000,0.000000,0.000000,0.000000,0.000000,0.000000,0.000000,0.000000,0.000000,0.000000,0.000016,0.000000,0.000000,0.000000,0.000000,0.000000,0.000000,0.000000,0.000000,0.000000,0.000000,0.000000,0.000000,0.000000,0.000000,0.000000,0.000000,0.000000,0.000000,0.000000,0.000000,0.000000,0.000000,0.000000,0.000000,0.000000,0.000000,0.000000,0.000000,0.000000,0.000000,0.000000,0.000000,0.000000,0.000000,0.000000,0.000000,0.000000,0.000000,0.000000,0.000000,0.000000,0.000000,0.000000,0.000000,0.000000,0.000000,0.000000,0.000000,0.000000,0.000000,0.000000,0.000000,0.000000,0.000000,0.000000,0.000000,0.000000,0.000000,0.000000,0.000000,0.000000,0.000000,0.000000,0.000000,0.000000,0.000000,0.000000,0.000000,0.000000,0.000000,0.000000,0.000000,0.000000,0.000000,0.000000,0.000000,0.000000,0.000000,0.000000,0.000000,0.000000,0.000000,0.000000,0.000000,0.000000,0.000000,0.000000,0.000000,0.000000,0.000000,0.000000,0.000000,0.000000,0.000000,0.000000,0.000000,0.000000,0.000000,0.000000,0.000000,0.000000,0.000000,0.000000,0.000000,0.000000,0.000000,0.000000,0.000000,0.000000,0.000016,0.000000,0.000000,0.000000,0.000000,0.000000,0.000000,0.000000,0.000000,0.000000,0.000000,0.000000,0.000000,0.000000,0.000000,0.000000,0.000000,0.000000,0.000000,0.000000,0.000000,0.000000,0.000000,0.000000,0.000000,0.000000,0.000000,0.000000,0.000000,0.000000,0.000000,0.000000,0.000000,0.000000,0.000000,0.000000,0.000000,0.000000,0.000000,0.000000,0.000000,0.000000,0.000000,0.000000,0.000000,0.000000,0.000000,0.000000,0.000000,0.000000,0.000000,0.000000,0.000000,0.000000,0.000000,0.000000
0.381000,0.000065,0.000000,0.000000,0.000000,0.000000,0.000000,0.000000,0.000000,0.000000,0.000000,0.000000,0.000000,0.000000,0.000000,0.000000,0.000000,0.000000,0.000000,0.000000,0.000000,0.000000,0.000000,0.000000,0.000000,0.000000,0.000000,0.000000,0.000000,0.000000,0.000000,0.000000,0.000000,0.000000,0.000000,0.000000,0.000000,0.000000,0.000000,0.000000,0.000000,0.000000,0.000000,0.000000,0.000000,0.000000,0.000000,0.000000,0.000000,0.000000,0.000000,0.000000,0.000000,0.000000,0.000000,0.000000,0.000000,0.000000,0.000000,0.000000,0.000000,0.000000,0.000000,0.000000,0.000000,0.000000,0.000000,0.000000,0.000000,0.000000,0.000000,0.000000,0.000000,0.000000,0.000000,0.000000,0.000000,0.000000,0.000000,0.000000,0.000000,0.000000,0.000000,0.000000,0.000000,0.000000,0.000000,0.000000,0.000000,0.000000,0.000000,0.000000,0.000000,0.000000,0.000000,0.000000,0.000000,0.000000,0.000000,0.000000,0.000000,0.000000,0.000000,0.000016,0.000000,0.000000,0.000000,0.000000,0.000000,0.000000,0.000000,0.000016,0.000016,0.000016,0.000000,0.000000,0.000000,0.000000,0.000000,0.000000,0.000000,0.000000,0.000000,0.000000,0.000000,0.000000,0.000000,0.000000,0.000000,0.000000,0.000000,0.000000,0.000000,0.000000,0.000000,0.000000,0.000000,0.000000,0.000000,0.000000,0.000000,0.000000,0.000000,0.000000,0.000000,0.000000,0.000000,0.000000,0.000000,0.000000,0.000000,0.000000,0.000000,0.000000,0.000000,0.000000,0.000000,0.000000,0.000000,0.000000,0.000000,0.000000,0.000000,0.000000,0.000000,0.000000,0.000000,0.000000,0.000000,0.000000,0.000000,0.000000,0.000000,0.000000,0.000000,0.000000,0.000000,0.000000,0.000000,0.000000,0.000000,0.000000,0.000000,0.000000,0.000000,0.000000,0.000000
0.382000,0.000033,0.000000,0.000000,0.000000,0.000000,0.000000,0.000000,0.000000,0.000000,0.000000,0.000000,0.000000,0.000000,0.000000,0.000000,0.000000,0.000000,0.000000,0.000000,0.000000,0.000000,0.000000,0.000000,0.000000,0.000000,0.000000,0.000016,0.000000,0.000000,0.000000,0.000000,0.000000,0.000000,0.000000,0.000000,0.000000,0.000000,0.000000,0.000000,0.000000,0.000000,0.000000,0.000000,0.000000,0.000000,0.000000,0.000000,0.000000,0.000000,0.000000,0.000000,0.000000,0.000000,0.000000,0.000000,0.000000,0.000000,0.000000,0.000000,0.000000,0.000000,0.000000,0.000000,0.000000,0.000000,0.000000,0.000000,0.000000,0.000000,0.000000,0.000000,0.000000,0.000000,0.000000,0.000000,0.000000,0.000000,0.000000,0.000000,0.000000,0.000000,0.000000,0.000000,0.000000,0.000000,0.000000,0.000000,0.000000,0.000000,0.000000,0.000000,0.000000,0.000000,0.000000,0.000000,0.000000,0.000000,0.000000,0.000000,0.000000,0.000000,0.000000,0.000000,0.000000,0.000000,0.000000,0.000000,0.000000,0.000000,0.000000,0.000000,0.000000,0.000000,0.000000,0.000000,0.000000,0.000000,0.000000,0.000000,0.000000,0.000000,0.000000,0.000000,0.000000,0.000000,0.000000,0.000000,0.000000,0.000000,0.000000,0.000000,0.000000,0.000000,0.000000,0.000000,0.000000,0.000000,0.000000,0.000000,0.000000,0.000000,0.000000,0.000000,0.000000,0.000000,0.000000,0.000000,0.000000,0.000000,0.000000,0.000000,0.000000,0.000000,0.000000,0.000000,0.000000,0.000000,0.000000,0.000000,0.000000,0.000000,0.000000,0.000000,0.000000,0.000000,0.000000,0.000000,0.000000,0.000000,0.000000,0.000000,0.000000,0.000000,0.000000,0.000000,0.000000,0.000000,0.000000,0.000000,0.000016,0.000000,0.000000,0.000000,0.000000,0.000000,0.000000
0.383000,0.000082,0.000000,0.000000,0.000000,0.000000,0.000000,0.000000,0.000000,0.000000,0.000000,0.000000,0.000000,0.000016,0.000000,0.000000,0.000000,0.000000,0.000000,0.000000,0.000000,0.000000,0.000000,0.000016,0.000000,0.000000,0.000000,0.000000,0.000000,0.000000,0.000000,0.000000,0.000000,0.000000,0.000000,0.000000,0.000000,0.000000,0.000000,0.000016,0.000000,0.000000,0.000000,0.000000,0.000000,0.000000,0.000000,0.000000,0.000000,0.000000,0.000000,0.000000,0.000000,0.000000,0.000000,0.000000,0.000000,0.000000,0.000000,0.000000,0.000000,0.000000,0.000000,0.000000,0.000000,0.000000,0.000000,0.000000,0.000000,0.000000,0.000000,0.000000,0.000000,0.000000,0.000000,0.000000,0.000000,0.000000,0.000000,0.000000,0.000000,0.000000,0.000000,0.000000,0.000000,0.000000,0.000000,0.000000,0.000000,0.000000,0.000000,0.000000,0.000000,0.000000,0.000000,0.000000,0.000000,0.000000,0.000000,0.000000,0.000000,0.000000,0.000000,0.000000,0.000000,0.000000,0.000000,0.000000,0.000000,0.000016,0.000000,0.000000,0.000000,0.000000,0.000000,0.000016,0.000000,0.000000,0.000000,0.000000,0.000000,0.000000,0.000000,0.000000,0.000000,0.000000,0.000000,0.000000,0.000000,0.000000,0.000000,0.000000,0.000000,0.000000,0.000000,0.000000,0.000000,0.000000,0.000000,0.000000,0.000000,0.000000,0.000000,0.000000,0.000000,0.000000,0.000000,0.000000,0.000000,0.000000,0.000000,0.000000,0.000000,0.000000,0.000000,0.000000,0.000000,0.000000,0.000000,0.000000,0.000000,0.000000,0.000000,0.000000,0.000000,0.000000,0.000000,0.000000,0.000000,0.000000,0.000000,0.000000,0.000000,0.000000,0.000000,0.000000,0.000000,0.000000,0.000000,0.000000,0.000000,0.000000,0.000000,0.000000,0.000000,0.000000,0.000000
0.384000,0.000049,0.000000,0.000000,0.000000,0.000000,0.000000,0.000000,0.000000,0.000000,0.000000,0.000000,0.000000,0.000000,0.000000,0.000000,0.000000,0.000000,0.000000,0.000000,0.000000,0.000000,0.000000,0.000000,0.000000,0.000000,0.000000,0.000000,0.000000,0.000000,0.000000,0.000000,0.000000,0.000000,0.000000,0.000000,0.000000,0.000000,0.000000,0.000000,0.000000,0.000000,0.000000,0.000000,0.000000,0.000000,0.000000,0.000000,0.000000,0.000000,0.000000,0.000000,0.000000,0.000000,0.000000,0.000000,0.000000,0.000000,0.000000,0.000000,0.000000,0.000000,0.000000,0.000000,0.000000,0.000000,0.000000,0.000000,0.000000,0.000000,0.000000,0.000000,0.000000,0.000000,0.000000,0.000000,0.000000,0.000000,0.000000,0.000000,0.000000,0.000000,0.000000,0.000000,0.000000,0.000000,0.000000,0.000000,0.000000,0.000000,0.000000,0.000000,0.000000,0.000000,0.000000,0.000000,0.000000,0.000000,0.000016,0.000000,0.000000,0.000000,0.000000,0.000000,0.000000,0.000000,0.000000,0.000000,0.000000,0.000000,0.000000,0.000000,0.000000,0.000000,0.000000,0.000000,0.000016,0.000000,0.000000,0.000000,0.000000,0.000000,0.000000,0.000000,0.000000,0.000000,0.000000,0.000000,0.000000,0.000000,0.000000,0.000000,0.000000,0.000016,0.000000,0.000000,0.000000,0.000000,0.000000,0.000000,0.000000,0.000000,0.000000,0.000000,0.000000,0.000000,0.000000,0.000000,0.000000,0.000000,0.000000,0.000000,0.000000,0.000000,0.000000,0.000000,0.000000,0.000000,0.000000,0.000000,0.000000,0.000000,0.000000,0.000000,0.000000,0.000000,0.000000,0.000000,0.000000,0.000000,0.000000,0.000000,0.000000,0.000000,0.000000,0.000000,0.000000,0.000000,0.000000,0.000000,0.000000,0.000000,0.000000,0.000000,0.000000,0.000000,0.000000
0.386000,0.000049,0.000000,0.000000,0.000000,0.000000,0.000000,0.000000,0.000000,0.000000,0.000000,0.000000,0.000000,0.000016,0.000000,0.000000,0.000000,0.000000,0.000000,0.000000,0.000000,0.000000,0.000000,0.000000,0.000000,0.000000,0.000000,0.000000,0.000000,0.000000,0.000000,0.000000,0.000000,0.000000,0.000000,0.000000,0.000000,0.000000,0.000000,0.000000,0.000000,0.000000,0.000000,0.000000,0.000000,0.000000,0.000000,0.000000,0.000000,0.000000,0.000000,0.000000,0.000000,0.000000,0.000000,0.000000,0.000000,0.000000,0.000000,0.000000,0.000000,0.000000,0.000000,0.000000,0.000000,0.000000,0.000000,0.000000,0.000000,0.000000,0.000000,0.000000,0.000000,0.000000,0.000000,0.000000,0.000000,0.000000,0.000000,0.000000,0.000000,0.000000,0.000000,0.000000,0.000000,0.000000,0.000000,0.000000,0.000000,0.000000,0.000000,0.000000,0.000000,0.000000,0.000000,0.000000,0.000000,0.000000,0.000000,0.000000,0.000000,0.000000,0.000000,0.000000,0.000000,0.000000,0.000000,0.000000,0.000000,0.000000,0.000000,0.000000,0.000000,0.000000,0.000000,0.000000,0.000000,0.000000,0.000000,0.000000,0.000016,0.000000,0.000000,0.000000,0.000000,0.000000,0.000000,0.000000,0.000000,0.000000,0.000000,0.000000,0.000000,0.000000,0.000000,0.000000,0.000000,0.000000,0.000000,0.000000,0.000000,0.000000,0.000000,0.000000,0.000000,0.000000,0.000000,0.000000,0.000000,0.000000,0.000000,0.000000,0.000000,0.000000,0.000016,0.000000,0.000000,0.000000,0.000000,0.000000,0.000000,0.000000,0.000000,0.000000,0.000000,0.000000,0.000000,0.000000,0.000000,0.000000,0.000000,0.000000,0.000000,0.000000,0.000000,0.000000,0.000000,0.000000,0.000000,0.000000,0.000000,0.000000,0.000000,0.000000,0.000000,0.000000,0.000000
0.387000,0.000049,0.000000,0.000000,0.000000,0.000000,0.000000,0.000016,0.000000,0.000000,0.000000,0.000000,0.000000,0.000000,0.000000,0.000000,0.000000,0.000000,0.000000,0.000000,0.000000,0.000000,0.000000,0.000000,0.000000,0.000000,0.000000,0.000000,0.000000,0.000000,0.000000,0.000000,0.000000,0.000000,0.000000,0.000000,0.000000,0.000000,0.000000,0.000000,0.000000,0.000000,0.000000,0.000000,0.000000,0.000000,0.000000,0.000000,0.000000,0.000000,0.000000,0.000000,0.000000,0.000000,0.000000,0.000000,0.000000,0.000000,0.000000,0.000000,0.000000,0.000000,0.000000,0.000000,0.000000,0.000000,0.000000,0.000000,0.000000,0.000000,0.000000,0.000000,0.000000,0.000000,0.000000,0.000000,0.000000,0.000000,0.000000,0.000000,0.000000,0.000000,0.000000,0.000000,0.000000,0.000000,0.000000,0.000000,0.000000,0.000000,0.000000,0.000000,0.000000,0.000000,0.000000,0.000000,0.000000,0.000000,0.000000,0.000000,0.000000,0.000000,0.000000,0.000000,0.000000,0.000000,0.000000,0.000000,0.000000,0.000000,0.000000,0.000000,0.000000,0.000000,0.000000,0.000000,0.000000,0.000000,0.000000,0.000000,0.000000,0.000000,0.000000,0.000000,0.000000,0.000000,0.000016,0.000000,0.000000,0.000000,0.000000,0.000000,0.000000,0.000000,0.000000,0.000000,0.000000,0.000000,0.000000,0.000000,0.000000,0.000000,0.000000,0.000000,0.000000,0.000000,0.000000,0.000000,0.000016,0.000000,0.000000,0.000000,0.000000,0.000000,0.000000,0.000000,0.000000,0.000000,0.000000,0.000000,0.000000,0.000000,0.000000,0.000000,0.000000,0.000000,0.000000,0.000000,0.000000,0.000000,0.000000,0.000000,0.000000,0.000000,0.000000,0.000000,0.000000,0.000000,0.000000,0.000000,0.000000,0.000000,0.000000,0.000000,0.000000,0.000000,0.000000
0.388000,0.000033,0.000000,0.000000,0.000000,0.000000,0.000000,0.000000,0.000000,0.000000,0.000000,0.000000,0.000000,0.000000,0.000000,0.000000,0.000000,0.000000,0.000000,0.000000,0.000000,0.000000,0.000000,0.000000,0.000000,0.000000,0.000000,0.000000,0.000000,0.000000,0.000000,0.000000,0.000000,0.000000,0.000000,0.000000,0.000000,0.000000,0.000000,0.000000,0.000000,0.000000,0.000000,0.000000,0.000000,0.000000,0.000000,0.000000,0.000000,0.000000,0.000000,0.000000,0.000000,0.000000,0.000000,0.000000,0.000000,0.000000,0.000000,0.000000,0.000000,0.000000,0.000000,0.000000,0.000000,0.000000,0.000000,0.000000,0.000000,0.000000,0.000000,0.000000,0.000000,0.000000,0.000000,0.000000,0.000000,0.000000,0.000000,0.000000,0.000000,0.000000,0.000000,0.000000,0.000000,0.000000,0.000000,0.000000,0.000000,0.000000,0.000000,0.000000,0.000000,0.000000,0.000000,0.000000,0.000000,0.000000,0.000000,0.000000,0.000000,0.000000,0.000000,0.000000,0.000000,0.000000,0.000000,0.000000,0.000000,0.000000,0.000000,0.000000,0.000000,0.000000,0.000000,0.000000,0.000000,0.000000,0.000000,0.000000,0.000000,0.000000,0.000000,0.000000,0.000000,0.000000,0.000000,0.000000,0.000000,0.000000,0.000000,0.000000,0.000000,0.000000,0.000000,0.000000,0.000000,0.000000,0.000000,0.000000,0.000000,0.000000,0.000000,0.000000,0.000000,0.000000,0.000000,0.000000,0.000016,0.000000,0.000000,0.000000,0.000000,0.000000,0.000000,0.000000,0.000000,0.000000,0.000000,0.000000,0.000000,0.000000,0.000000,0.000000,0.000000,0.000000,0.000000,0.000000,0.000016,0.000000,0.000000,0.000000,0.000000,0.000000,0.000000,0.000000,0.000000,0.000000,0.000000,0.000000,0.000000,0.000000,0.000000,0.000000,0.000000,0.000000,0.000000
0.389000,0.000065,0.000000,0.000000,0.000000,0.000000,0.000000,0.000000,0.000000,0.000000,0.000000,0.000000,0.000000,0.000000,0.000000,0.000000,0.000000,0.000000,0.000000,0.000000,0.000000,0.000000,0.000000,0.000000,0.000000,0.000000,0.000000,0.000000,0.000000,0.000000,0.000000,0.000000,0.000000,0.000000,0.000000,0.000000,0.000000,0.000000,0.000000,0.000000,0.000000,0.000000,0.000000,0.000000,0.000000,0.000000,0.000000,0.000000,0.000000,0.000000,0.000000,0.000000,0.000000,0.000000,0.000000,0.000000,0.000000,0.000000,0.000000,0.000000,0.000000,0.000000,0.000000,0.000000,0.000000,0.000000,0.000000,0.000000,0.000000,0.000000,0.000000,0.000000,0.000000,0.000000,0.000000,0.000000,0.000000,0.000000,0.000000,0.000000,0.000000,0.000000,0.000000,0.000000,0.000000,0.000000,0.000000,0.000000,0.000000,0.000000,0.000000,0.000000,0.000000,0.000000,0.000000,0.000000,0.000000,0.000000,0.000000,0.000000,0.000000,0.000000,0.000000,0.000000,0.000000,0.000000,0.000000,0.000000,0.000000,0.000000,0.000000,0.000000,0.000000,0.000000,0.000000,0.000000,0.000000,0.000000,0.000000,0.000000,0.000000,0.000000,0.000000,0.000000,0.000000,0.000000,0.000000,0.000000,0.000000,0.000000,0.000000,0.000000,0.000000,0.000016,0.000000,0.000000,0.000000,0.000000,0.000000,0.000000,0.000000,0.000000,0.000000,0.000000,0.000000,0.000000,0.000000,0.000016,0.000000,0.000000,0.000000,0.000000,0.000000,0.000000,0.000000,0.000000,0.000000,0.000000,0.000000,0.000000,0.000000,0.000000,0.000000,0.000000,0.000000,0.000000,0.000000,0.000000,0.000000,0.000000,0.000016,0.000000,0.000000,0.000000,0.000000,0.000000,0.000000,0.000000,0.000000,0.000000,0.000016,0.000000,0.000000,0.000000,0.000000,0.000000,0.000000
0.390000,0.000049,0.000000,0.000000,0.000000,0.000000,0.000000,0.000000,0.000000,0.000000,0.000000,0.000000,0.000000,0.000000,0.000000,0.000000,0.000000,0.000000,0.000000,0.000000,0.000000,0.000000,0.000000,0.000000,0.000000,0.000000,0.000000,0.000000,0.000000,0.000000,0.000000,0.000000,0.000000,0.000000,0.000000,0.000000,0.000000,0.000000,0.000000,0.000000,0.000000,0.000000,0.000000,0.000000,0.000000,0.000000,0.000000,0.000000,0.000000,0.000000,0.000000,0.000000,0.000000,0.000000,0.000000,0.000000,0.000000,0.000000,0.000000,0.000000,0.000000,0.000000,0.000000,0.000000,0.000000,0.000000,0.000000,0.000000,0.000000,0.000000,0.000000,0.000000,0.000000,0.000000,0.000000,0.000000,0.000000,0.000000,0.000000,0.000000,0.000000,0.000000,0.000000,0.000000,0.000000,0.000000,0.000000,0.000000,0.000000,0.000000,0.000000,0.000000,0.000000,0.000000,0.000000,0.000000,0.000000,0.000000,0.000000,0.000000,0.000000,0.000000,0.000000,0.000000,0.000000,0.000000,0.000000,0.000000,0.000000,0.000000,0.000000,0.000000,0.000000,0.000000,0.000000,0.000000,0.000000,0.000000,0.000000,0.000000,0.000000,0.000000,0.000000,0.000000,0.000000,0.000000,0.000000,0.000000,0.000000,0.000000,0.000000,0.000000,0.000000,0.000000,0.000000,0.000000,0.000000,0.000000,0.000000,0.000000,0.000000,0.000016,0.000000,0.000000,0.000000,0.000000,0.000000,0.000000,0.000000,0.000000,0.000000,0.000000,0.000016,0.000000,0.000000,0.000000,0.000000,0.000000,0.000000,0.000000,0.000000,0.000000,0.000000,0.000000,0.000000,0.000000,0.000000,0.000000,0.000000,0.000000,0.000000,0.000000,0.000000,0.000000,0.000000,0.000000,0.000000,0.000000,0.000000,0.000000,0.000000,0.000000,0.000000,0.000000,0.000016,0.000000,0.000000
0.391000,0.000065,0.000000,0.000000,0.000000,0.000000,0.000000,0.000000,0.000000,0.000000,0.000000,0.000000,0.000000,0.000000,0.000000,0.000000,0.000000,0.000000,0.000000,0.000000,0.000000,0.000000,0.000000,0.000000,0.000000,0.000000,0.000000,0.000000,0.000000,0.000000,0.000000,0.000000,0.000000,0.000000,0.000000,0.000000,0.000000,0.000000,0.000000,0.000000,0.000000,0.000000,0.000000,0.000000,0.000000,0.000000,0.000000,0.000000,0.000000,0.000000,0.000000,0.000000,0.000000,0.000000,0.000000,0.000000,0.000000,0.000000,0.000000,0.000000,0.000000,0.000000,0.000000,0.000000,0.000000,0.000000,0.000000,0.000000,0.000000,0.000000,0.000000,0.000000,0.000000,0.000000,0.000000,0.000000,0.000000,0.000000,0.000000,0.000000,0.000000,0.000000,0.000000,0.000000,0.000000,0.000000,0.000000,0.000000,0.000000,0.000000,0.000000,0.000000,0.000000,0.000000,0.000000,0.000000,0.000000,0.000000,0.000000,0.000000,0.000000,0.000016,0.000016,0.000000,0.000000,0.000000,0.000000,0.000000,0.000000,0.000016,0.000000,0.000000,0.000000,0.000000,0.000000,0.000000,0.000000,0.000000,0.000000,0.000000,0.000000,0.000000,0.000000,0.000000,0.000000,0.000000,0.000000,0.000000,0.000000,0.000000,0.000000,0.000000,0.000000,0.000000,0.000000,0.000000,0.000000,0.000000,0.000000,0.000000,0.000000,0.000000,0.000000,0.000000,0.000000,0.000000,0.000000,0.000000,0.000000,0.000000,0.000000,0.000000,0.000000,0.000000,0.000000,0.000000,0.000000,0.000000,0.000000,0.000000,0.000000,0.000000,0.000000,0.000000,0.000000,0.000000,0.000000,0.000000,0.000000,0.000000,0.000016,0.000000,0.000000,0.000000,0.000000,0.000000,0.000000,0.000000,0.000000,0.000000,0.000000,0.000000,0.000000,0.000000,0.000000,0.000000,0.000000
0.392000,0.000065,0.000000,0.000000,0.000000,0.000000,0.000000,0.000000,0.000000,0.000000,0.000000,0.000000,0.000000,0.000000,0.000000,0.000000,0.000000,0.000000,0.000000,0.000000,0.000000,0.000000,0.000000,0.000000,0.000000,0.000000,0.000000,0.000000,0.000000,0.000000,0.000000,0.000000,0.000000,0.000000,0.000000,0.000000,0.000000,0.000000,0.000000,0.000000,0.000000,0.000000,0.000000,0.000000,0.000000,0.000000,0.000000,0.000000,0.000000,0.000000,0.000000,0.000000,0.000000,0.000000,0.000000,0.000000,0.000000,0.000000,0.000000,0.000000,0.000000,0.000000,0.000000,0.000000,0.000000,0.000000,0.000000,0.000000,0.000000,0.000000,0.000000,0.000000,0.000000,0.000000,0.000000,0.000000,0.000000,0.000000,0.000000,0.000000,0.000000,0.000000,0.000000,0.000000,0.000000,0.000000,0.000000,0.000000,0.000000,0.000000,0.000000,0.000000,0.000000,0.000000,0.000000,0.000000,0.000000,0.000000,0.000000,0.000000,0.000000,0.000000,0.000000,0.000000,0.000000,0.000000,0.000000,0.000000,0.000000,0.000000,0.000000,0.000000,0.000000,0.000000,0.000000,0.000000,0.000016,0.000000,0.000000,0.000000,0.000000,0.000000,0.000016,0.000000,0.000000,0.000000,0.000000,0.000000,0.000000,0.000000,0.000000,0.000000,0.000000,0.000000,0.000000,0.000000,0.000000,0.000000,0.000000,0.000000,0.000000,0.000000,0.000016,0.000000,0.000000,0.000000,0.000000,0.000000,0.000000,0.000000,0.000000,0.000000,0.000000,0.000000,0.000000,0.000000,0.000000,0.000000,0.000000,0.000000,0.000000,0.000000,0.000000,0.000000,0.000000,0.000000,0.000000,0.000000,0.000016,0.000000,0.000000,0.000000,0.000000,0.000000,0.000000,0.000000,0.000000,0.000000,0.000000,0.000000,0.000000,0.000000,0.000000,0.000000,0.000000,0.000000,0.000000
0.393000,0.000033,0.000000,0.000000,0.000000,0.000000,0.000000,0.000000,0.000000,0.000000,0.000000,0.000000,0.000000,0.000000,0.000000,0.000000,0.000000,0.000000,0.000000,0.000000,0.000000,0.000000,0.000000,0.000000,0.000000,0.000000,0.000000,0.000000,0.000000,0.000000,0.000000,0.000000,0.000000,0.000000,0.000000,0.000000,0.000000,0.000000,0.000000,0.000000,0.000000,0.000000,0.000000,0.000000,0.000000,0.000000,0.000000,0.000000,0.000000,0.000000,0.000000,0.000000,0.000000,0.000000,0.000000,0.000000,0.000000,0.000000,0.000000,0.000000,0.000000,0.000000,0.000000,0.000000,0.000000,0.000000,0.000000,0.000000,0.000000,0.000000,0.000000,0.000000,0.000000,0.000000,0.000000,0.000000,0.000000,0.000000,0.000000,0.000000,0.000000,0.000000,0.000000,0.000000,0.000000,0.000000,0.000000,0.000000,0.000000,0.000000,0.000000,0.000000,0.000000,0.000000,0.000000,0.000000,0.000000,0.000000,0.000000,0.000000,0.000000,0.000000,0.000000,0.000000,0.000000,0.000000,0.000000,0.000000,0.000000,0.000000,0.000000,0.000000,0.000000,0.000000,0.000000,0.000000,0.000000,0.000000,0.000000,0.000000,0.000000,0.000000,0.000000,0.000000,0.000000,0.000000,0.000000,0.000000,0.000000,0.000016,0.000000,0.000000,0.000000,0.000016,0.000000,0.000000,0.000000,0.000000,0.000000,0.000000,0.000000,0.000000,0.000000,0.000000,0.000000,0.000000,0.000000,0.000000,0.000000,0.000000,0.000000,0.000000,0.000000,0.000000,0.000000,0.000000,0.000000,0.000000,0.000000,0.000000,0.000000,0.000000,0.000000,0.000000,0.000000,0.000000,0.000000,0.000000,0.000000,0.000000,0.000000,0.000000,0.000000,0.000000,0.000000,0.000000,0.000000,0.000000,0.000000,0.000000,0.000000,0.000000,0.000000,0.000000,0.000000,0.000000,0.000000
0.394000,0.000016,0.000000,0.000000,0.000000,0.000000,0.000000,0.000000,0.000000,0.000000,0.000000,0.000000,0.000000,0.000000,0.000000,0.000000,0.000000,0.000000,0.000000,0.000000,0.000000,0.000000,0.000000,0.000000,0.000000,0.000000,0.000000,0.000000,0.000000,0.000000,0.000000,0.000000,0.000000,0.000000,0.000000,0.000000,0.000000,0.000000,0.000000,0.000000,0.000000,0.000000,0.000000,0.000000,0.000000,0.000000,0.000000,0.000000,0.000000,0.000000,0.000000,0.000000,0.000000,0.000000,0.000000,0.000000,0.000000,0.000000,0.000000,0.000000,0.000000,0.000000,0.000000,0.000000,0.000000,0.000000,0.000000,0.000000,0.000000,0.000000,0.000000,0.000000,0.000000,0.000000,0.000000,0.000000,0.000000,0.000000,0.000000,0.000000,0.000000,0.000000,0.000000,0.000000,0.000000,0.000000,0.000000,0.000000,0.000000,0.000000,0.000000,0.000000,0.000000,0.000000,0.000000,0.000000,0.000000,0.000000,0.000000,0.000000,0.000000,0.000000,0.000000,0.000000,0.000000,0.000000,0.000000,0.000000,0.000000,0.000000,0.000000,0.000000,0.000000,0.000000,0.000000,0.000000,0.000000,0.000000,0.000000,0.000000,0.000000,0.000000,0.000000,0.000000,0.000000,0.000000,0.000000,0.000000,0.000000,0.000000,0.000000,0.000000,0.000000,0.000000,0.000000,0.000000,0.000000,0.000000,0.000000,0.000000,0.000000,0.000000,0.000000,0.000000,0.000000,0.000000,0.000000,0.000000,0.000000,0.000000,0.000000,0.000000,0.000000,0.000000,0.000000,0.000000,0.000000,0.000000,0.000000,0.000000,0.000000,0.000000,0.000000,0.000000,0.000000,0.000000,0.000000,0.000000,0.000000,0.000000,0.000000,0.000000,0.000000,0.000016,0.000000,0.000000,0.000000,0.000000,0.000000,0.000000,0.000000,0.000000,0.000000,0.000000,0.000000,0.000000,0.000000
0.395000,0.000049,0.000000,0.000000,0.000000,0.000000,0.000000,0.000000,0.000000,0.000000,0.000000,0.000000,0.000000,0.000000,0.000000,0.000000,0.000000,0.000000,0.000000,0.000000,0.000000,0.000000,0.000000,0.000000,0.000000,0.000000,0.000000,0.000000,0.000000,0.000000,0.000000,0.000000,0.000000,0.000000,0.000000,0.000000,0.000000,0.000000,0.000000,0.000000,0.000000,0.000000,0.000000,0.000000,0.000000,0.000000,0.000000,0.000000,0.000000,0.000000,0.000000,0.000000,0.000000,0.000000,0.000000,0.000000,0.000000,0.000000,0.000000,0.000000,0.000000,0.000000,0.000000,0.000000,0.000000,0.000000,0.000000,0.000000,0.000000,0.000000,0.000000,0.000000,0.000000,0.000000,0.000000,0.000000,0.000000,0.000000,0.000000,0.000000,0.000000,0.000000,0.000000,0.000000,0.000000,0.000000,0.000000,0.000000,0.000000,0.000000,0.000000,0.000000,0.000000,0.000000,0.000000,0.000000,0.000000,0.000000,0.000000,0.000000,0.000000,0.000000,0.000000,0.000000,0.000000,0.000016,0.000000,0.000000,0.000000,0.000000,0.000000,0.000000,0.000000,0.000000,0.000016,0.000000,0.000000,0.000000,0.000000,0.000000,0.000000,0.000000,0.000000,0.000000,0.000000,0.000000,0.000000,0.000000,0.000000,0.000000,0.000000,0.000000,0.000000,0.000000,0.000000,0.000000,0.000000,0.000000,0.000000,0.000016,0.000000,0.000000,0.000000,0.000000,0.000000,0.000000,0.000000,0.000000,0.000000,0.000000,0.000000,0.000000,0.000000,0.000000,0.000000,0.000000,0.000000,0.000000,0.000000,0.000000,0.000000,0.000000,0.000000,0.000000,0.000000,0.000000,0.000000,0.000000,0.000000,0.000000,0.000000,0.000000,0.000000,0.000000,0.000000,0.000000,0.000000,0.000000,0.000000,0.000000,0.000000,0.000000,0.000000,0.000000,0.000000,0.000000,0.000000
0.396000,0.000016,0.000000,0.000000,0.000000,0.000000,0.000000,0.000000,0.000000,0.000000,0.000000,0.000000,0.000000,0.000000,0.000000,0.000000,0.000000,0.000000,0.000000,0.000000,0.000000,0.000000,0.000000,0.000000,0.000000,0.000000,0.000000,0.000000,0.000000,0.000000,0.000000,0.000000,0.000000,0.000000,0.000000,0.000000,0.000000,0.000000,0.000000,0.000000,0.000000,0.000000,0.000000,0.000000,0.000000,0.000000,0.000000,0.000000,0.000000,0.000000,0.000000,0.000000,0.000000,0.000000,0.000000,0.000000,0.000000,0.000000,0.000000,0.000000,0.000000,0.000000,0.000000,0.000000,0.000000,0.000000,0.000000,0.000000,0.000000,0.000000,0.000000,0.000000,0.000000,0.000000,0.000000,0.000000,0.000000,0.000000,0.000000,0.000000,0.000000,0.000000,0.000000,0.000000,0.000000,0.000000,0.000000,0.000000,0.000000,0.000000,0.000000,0.000000,0.000000,0.000000,0.000000,0.000000,0.000000,0.000000,0.000000,0.000000,0.000000,0.000000,0.000000,0.000000,0.000000,0.000000,0.000000,0.000000,0.000000,0.000000,0.000000,0.000000,0.000000,0.000000,0.000000,0.000000,0.000000,0.000000,0.000016,0.000000,0.000000,0.000000,0.000000,0.000000,0.000000,0.000000,0.000000,0.000000,0.000000,0.000000,0.000000,0.000000,0.000000,0.000000,0.000000,0.000000,0.000000,0.000000,0.000000,0.000000,0.000000,0.000000,0.000000,0.000000,0.000000,0.000000,0.000000,0.000000,0.000000,0.000000,0.000000,0.000000,0.000000,0.000000,0.000000,0.000000,0.000000,0.000000,0.000000,0.000000,0.000000,0.000000,0.000000,0.000000,0.000000,0.000000,0.000000,0.000000,0.000000,0.000000,0.000000,0.000000,0.000000,0.000000,0.000000,0.000000,0.000000,0.000000,0.000000,0.000000,0.000000,0.000000,0.000000,0.000000,0.000000,0.000000,0.000000
0.397000,0.000016,0.000000,0.000000,0.000000,0.000000,0.000000,0.000000,0.000000,0.000000,0.000000,0.000000,0.000000,0.000000,0.000000,0.000000,0.000000,0.000000,0.000000,0.000000,0.000000,0.000000,0.000000,0.000000,0.000000,0.000000,0.000000,0.000000,0.000000,0.000000,0.000000,0.000000,0.000000,0.000000,0.000000,0.000000,0.000000,0.000000,0.000000,0.000000,0.000000,0.000000,0.000000,0.000000,0.000000,0.000000,0.000000,0.000000,0.000000,0.000000,0.000000,0.000000,0.000000,0.000000,0.000000,0.000000,0.000000,0.000000,0.000000,0.000000,0.000000,0.000000,0.000000,0.000000,0.000000,0.000000,0.000000,0.000000,0.000000,0.000000,0.000000,0.000000,0.000000,0.000000,0.000000,0.000000,0.000000,0.000000,0.000000,0.000000,0.000000,0.000000,0.000000,0.000000,0.000000,0.000000,0.000000,0.000000,0.000000,0.000000,0.000000,0.000000,0.000000,0.000000,0.000000,0.000000,0.000000,0.000000,0.000000,0.000000,0.000000,0.000000,0.000000,0.000000,0.000000,0.000000,0.000000,0.000000,0.000000,0.000000,0.000000,0.000000,0.000000,0.000000,0.000000,0.000000,0.000000,0.000000,0.000000,0.000000,0.000000,0.000000,0.000000,0.000000,0.000000,0.000000,0.000000,0.000000,0.000000,0.000000,0.000000,0.000000,0.000000,0.000000,0.000000,0.000000,0.000000,0.000000,0.000000,0.000016,0.000000,0.000000,0.000000,0.000000,0.000000,0.000000,0.000000,0.000000,0.000000,0.000000,0.000000,0.000000,0.000000,0.000000,0.000000,0.000000,0.000000,0.000000,0.000000,0.000000,0.000000,0.000000,0.000000,0.000000,0.000000,0.000000,0.000000,0.000000,0.000000,0.000000,0.000000,0.000000,0.000000,0.000000,0.000000,0.000000,0.000000,0.000000,0.000000,0.000000,0.000000,0.000000,0.000000,0.000000,0.000000,0.000000,0.000000
0.399000,0.000016,0.000000,0.000000,0.000000,0.000000,0.000000,0.000000,0.000000,0.000000,0.000000,0.000000,0.000000,0.000000,0.000000,0.000000,0.000000,0.000000,0.000000,0.000000,0.000000,0.000000,0.000000,0.000000,0.000000,0.000000,0.000000,0.000000,0.000000,0.000000,0.000000,0.000000,0.000000,0.000000,0.000000,0.000000,0.000000,0.000000,0.000000,0.000000,0.000000,0.000000,0.000000,0.000000,0.000000,0.000000,0.000000,0.000000,0.000000,0.000000,0.000000,0.000000,0.000000,0.000000,0.000000,0.000000,0.000000,0.000000,0.000000,0.000000,0.000000,0.000000,0.000000,0.000000,0.000000,0.000000,0.000000,0.000000,0.000000,0.000000,0.000000,0.000000,0.000000,0.000000,0.000000,0.000000,0.000000,0.000000,0.000000,0.000000,0.000000,0.000000,0.000000,0.000000,0.000000,0.000000,0.000000,0.000000,0.000000,0.000000,0.000000,0.000000,0.000000,0.000000,0.000000,0.000000,0.000000,0.000000,0.000000,0.000000,0.000000,0.000000,0.000000,0.000000,0.000000,0.000000,0.000000,0.000000,0.000000,0.000000,0.000000,0.000000,0.000000,0.000000,0.000000,0.000000,0.000000,0.000000,0.000000,0.000000,0.000000,0.000000,0.000000,0.000000,0.000000,0.000000,0.000000,0.000000,0.000000,0.000000,0.000000,0.000000,0.000000,0.000000,0.000000,0.000000,0.000000,0.000000,0.000000,0.000000,0.000000,0.000000,0.000000,0.000000,0.000000,0.000000,0.000000,0.000000,0.000000,0.000000,0.000000,0.000000,0.000000,0.000000,0.000000,0.000000,0.000000,0.000000,0.000000,0.000000,0.000000,0.000000,0.000000,0.000000,0.000000,0.000000,0.000000,0.000000,0.000000,0.000000,0.000016,0.000000,0.000000,0.000000,0.000000,0.000000,0.000000,0.000000,0.000000,0.000000,0.000000,0.000000,0.000000,0.000000,0.000000,0.000000,0.000000
0.401000,0.000065,0.000000,0.000000,0.000000,0.000000,0.000000,0.000000,0.000000,0.000000,0.000000,0.000000,0.000000,0.000000,0.000000,0.000000,0.000000,0.000000,0.000000,0.000000,0.000000,0.000000,0.000000,0.000000,0.000000,0.000000,0.000000,0.000000,0.000000,0.000000,0.000000,0.000000,0.000000,0.000000,0.000000,0.000000,0.000000,0.000000,0.000000,0.000000,0.000000,0.000000,0.000000,0.000000,0.000000,0.000000,0.000000,0.000000,0.000000,0.000000,0.000000,0.000000,0.000000,0.000000,0.000000,0.000000,0.000000,0.000000,0.000000,0.000000,0.000000,0.000000,0.000000,0.000000,0.000000,0.000000,0.000000,0.000000,0.000000,0.000000,0.000000,0.000000,0.000000,0.000000,0.000000,0.000000,0.000000,0.000000,0.000000,0.000000,0.000000,0.000000,0.000000,0.000000,0.000000,0.000000,0.000000,0.000000,0.000000,0.000000,0.000000,0.000000,0.000000,0.000000,0.000000,0.000000,0.000000,0.000000,0.000000,0.000000,0.000000,0.000000,0.000000,0.000000,0.000000,0.000000,0.000000,0.000000,0.000000,0.000000,0.000000,0.000000,0.000000,0.000000,0.000000,0.000000,0.000000,0.000016,0.000000,0.000000,0.000000,0.000000,0.000000,0.000000,0.000000,0.000000,0.000000,0.000000,0.000000,0.000000,0.000000,0.000000,0.000000,0.000000,0.000000,0.000000,0.000000,0.000000,0.000000,0.000000,0.000000,0.000000,0.000000,0.000000,0.000000,0.000000,0.000000,0.000000,0.000000,0.000000,0.000000,0.000000,0.000016,0.000000,0.000000,0.000000,0.000000,0.000000,0.000000,0.000000,0.000000,0.000000,0.000000,0.000000,0.000000,0.000000,0.000000,0.000000,0.000000,0.000000,0.000016,0.000000,0.000000,0.000000,0.000000,0.000000,0.000000,0.000000,0.000000,0.000000,0.000000,0.000016,0.000000,0.000000,0.000000,0.000000,0.000000
0.402000,0.000033,0.000000,0.000000,0.000000,0.000000,0.000000,0.000000,0.000000,0.000000,0.000000,0.000000,0.000000,0.000000,0.000000,0.000000,0.000000,0.000000,0.000000,0.000000,0.000000,0.000000,0.000000,0.000000,0.000000,0.000000,0.000000,0.000000,0.000000,0.000000,0.000000,0.000000,0.000000,0.000000,0.000000,0.000000,0.000000,0.000000,0.000000,0.000000,0.000000,0.000000,0.000000,0.000000,0.000000,0.000000,0.000000,0.000000,0.000000,0.000000,0.000000,0.000000,0.000000,0.000000,0.000000,0.000000,0.000000,0.000000,0.000000,0.000000,0.000000,0.000000,0.000000,0.000000,0.000000,0.000000,0.000000,0.000000,0.000000,0.000000,0.000000,0.000000,0.000000,0.000000,0.000000,0.000000,0.000000,0.000000,0.000000,0.000000,0.000000,0.000000,0.000000,0.000000,0.000000,0.000000,0.000000,0.000000,0.000000,0.000000,0.000000,0.000000,0.000000,0.000000,0.000000,0.000000,0.000000,0.000000,0.000000,0.000000,0.000000,0.000000,0.000000,0.000000,0.000000,0.000000,0.000000,0.000000,0.000000,0.000000,0.000000,0.000000,0.000000,0.000000,0.000000,0.000000,0.000000,0.000000,0.000016,0.000000,0.000000,0.000000,0.000000,0.000000,0.000000,0.000000,0.000000,0.000000,0.000000,0.000000,0.000000,0.000000,0.000000,0.000000,0.000000,0.000000,0.000000,0.000000,0.000000,0.000000,0.000000,0.000000,0.000000,0.000000,0.000000,0.000000,0.000000,0.000000,0.000000,0.000000,0.000000,0.000000,0.000000,0.000000,0.000000,0.000000,0.000000,0.000000,0.000000,0.000000,0.000000,0.000000,0.000000,0.000000,0.000000,0.000000,0.000000,0.000000,0.000016,0.000000,0.000000,0.000000,0.000000,0.000000,0.000000,0.000000,0.000000,0.000000,0.000000,0.000000,0.000000,0.000000,0.000000,0.000000,0.000000,0.000000,0.000000
0.404000,0.000049,0.000000,0.000000,0.000000,0.000000,0.000000,0.000000,0.000000,0.000000,0.000000,0.000000,0.000000,0.000000,0.000000,0.000000,0.000000,0.000016,0.000000,0.000000,0.000000,0.000000,0.000000,0.000000,0.000000,0.000000,0.000000,0.000000,0.000000,0.000000,0.000000,0.000000,0.000000,0.000000,0.000000,0.000000,0.000000,0.000000,0.000000,0.000000,0.000000,0.000000,0.000000,0.000000,0.000000,0.000000,0.000000,0.000000,0.000000,0.000000,0.000000,0.000000,0.000000,0.000000,0.000000,0.000000,0.000000,0.000000,0.000000,0.000000,0.000000,0.000000,0.000000,0.000000,0.000000,0.000000,0.000000,0.000000,0.000000,0.000000,0.000000,0.000000,0.000000,0.000000,0.000000,0.000000,0.000000,0.000000,0.000000,0.000000,0.000000,0.000000,0.000000,0.000000,0.000000,0.000000,0.000000,0.000000,0.000000,0.000000,0.000000,0.000000,0.000000,0.000000,0.000000,0.000000,0.000000,0.000000,0.000000,0.000000,0.000000,0.000000,0.000000,0.000000,0.000000,0.000000,0.000000,0.000000,0.000000,0.000000,0.000000,0.000000,0.000000,0.000000,0.000000,0.000000,0.000000,0.000000,0.000000,0.000000,0.000000,0.000000,0.000000,0.000000,0.000000,0.000000,0.000000,0.000000,0.000000,0.000000,0.000000,0.000000,0.000000,0.000000,0.000000,0.000000,0.000000,0.000000,0.000016,0.000000,0.000000,0.000016,0.000000,0.000000,0.000000,0.000000,0.000000,0.000000,0.000000,0.000000,0.000000,0.000000,0.000000,0.000000,0.000000,0.000000,0.000000,0.000000,0.000000,0.000000,0.000000,0.000000,0.000000,0.000000,0.000000,0.000000,0.000000,0.000000,0.000000,0.000000,0.000000,0.000000,0.000000,0.000000,0.000000,0.000000,0.000000,0.000000,0.000000,0.000000,0.000000,0.000000,0.000000,0.000000,0.000000,0.000000,0.000000
0.405000,0.000016,0.000000,0.000000,0.000000,0.000000,0.000000,0.000000,0.000000,0.000000,0.000000,0.000000,0.000000,0.000000,0.000000,0.000000,0.000000,0.000000,0.000000,0.000000,0.000000,0.000000,0.000000,0.000000,0.000000,0.000000,0.000000,0.000000,0.000000,0.000000,0.000000,0.000000,0.000000,0.000000,0.000000,0.000000,0.000000,0.000000,0.000000,0.000000,0.000000,0.000000,0.000000,0.000000,0.000000,0.000000,0.000000,0.000000,0.000000,0.000000,0.000000,0.000000,0.000000,0.000000,0.000000,0.000000,0.000000,0.000000,0.000000,0.000000,0.000000,0.000000,0.000000,0.000000,0.000000,0.000000,0.000000,0.000000,0.000000,0.000000,0.000000,0.000000,0.000000,0.000000,0.000000,0.000000,0.000000,0.000000,0.000000,0.000000,0.000000,0.000000,0.000000,0.000000,0.000000,0.000000,0.000000,0.000000,0.000000,0.000000,0.000000,0.000000,0.000000,0.000000,0.000000,0.000000,0.000000,0.000000,0.000000,0.000000,0.000000,0.000000,0.000000,0.000000,0.000000,0.000000,0.000000,0.000000,0.000000,0.000000,0.000000,0.000000,0.000000,0.000000,0.000000,0.000000,0.000000,0.000000,0.000000,0.000000,0.000000,0.000000,0.000000,0.000000,0.000000,0.000000,0.000000,0.000000,0.000000,0.000000,0.000000,0.000000,0.000000,0.000000,0.000000,0.000000,0.000000,0.000000,0.000000,0.000000,0.000000,0.000000,0.000000,0.000000,0.000000,0.000000,0.000000,0.000000,0.000000,0.000000,0.000000,0.000000,0.000000,0.000000,0.000000,0.000000,0.000000,0.000000,0.000000,0.000000,0.000000,0.000000,0.000000,0.000000,0.000000,0.000000,0.000000,0.000000,0.000000,0.000000,0.000000,0.000000,0.000000,0.000000,0.000000,0.000000,0.000000,0.000016,0.000000,0.000000,0.000000,0.000000,0.000000,0.000000,0.000000,0.000000,0.000000
0.406000,0.000016,0.000000,0.000000,0.000000,0.000000,0.000000,0.000000,0.000000,0.000000,0.000000,0.000000,0.000000,0.000000,0.000000,0.000000,0.000000,0.000000,0.000000,0.000000,0.000000,0.000000,0.000000,0.000000,0.000000,0.000000,0.000000,0.000000,0.000000,0.000000,0.000000,0.000000,0.000000,0.000000,0.000000,0.000000,0.000000,0.000000,0.000000,0.000000,0.000000,0.000000,0.000000,0.000000,0.000000,0.000000,0.000000,0.000000,0.000000,0.000000,0.000000,0.000000,0.000000,0.000000,0.000000,0.000000,0.000000,0.000000,0.000000,0.000000,0.000000,0.000000,0.000000,0.000000,0.000000,0.000000,0.000000,0.000000,0.000000,0.000000,0.000000,0.000000,0.000000,0.000000,0.000000,0.000000,0.000000,0.000000,0.000000,0.000000,0.000000,0.000000,0.000000,0.000000,0.000000,0.000000,0.000000,0.000000,0.000000,0.000000,0.000000,0.000000,0.000000,0.000000,0.000000,0.000000,0.000000,0.000000,0.000000,0.000000,0.000000,0.000000,0.000000,0.000000,0.000000,0.000000,0.000000,0.000000,0.000000,0.000000,0.000000,0.000000,0.000000,0.000000,0.000000,0.000000,0.000000,0.000000,0.000000,0.000000,0.000000,0.000000,0.000000,0.000000,0.000000,0.000000,0.000000,0.000000,0.000000,0.000000,0.000000,0.000000,0.000000,0.000016,0.000000,0.000000,0.000000,0.000000,0.000000,0.000000,0.000000,0.000000,0.000000,0.000000,0.000000,0.000000,0.000000,0.000000,0.000000,0.000000,0.000000,0.000000,0.000000,0.000000,0.000000,0.000000,0.000000,0.000000,0.000000,0.000000,0.000000,0.000000,0.000000,0.000000,0.000000,0.000000,0.000000,0.000000,0.000000,0.000000,0.000000,0.000000,0.000000,0.000000,0.000000,0.000000,0.000000,0.000000,0.000000,0.000000,0.000000,0.000000,0.000000,0.000000,0.000000,0.000000,0.000000
0.408000,0.000033,0.000000,0.000000,0.000000,0.000016,0.000000,0.000000,0.000000,0.000000,0.000000,0.000000,0.000000,0.000000,0.000000,0.000000,0.000000,0.000000,0.000000,0.000000,0.000000,0.000000,0.000000,0.000000,0.000000,0.000000,0.000000,0.000000,0.000000,0.000000,0.000000,0.000000,0.000000,0.000000,0.000000,0.000000,0.000000,0.000000,0.000000,0.000000,0.000000,0.000000,0.000000,0.000000,0.000000,0.000000,0.000000,0.000000,0.000000,0.000000,0.000000,0.000000,0.000000,0.000000,0.000000,0.000000,0.000000,0.000000,0.000000,0.000000,0.000000,0.000000,0.000000,0.000000,0.000000,0.000000,0.000000,0.000000,0.000000,0.000000,0.000000,0.000000,0.000000,0.000000,0.000000,0.000000,0.000000,0.000000,0.000000,0.000000,0.000000,0.000000,0.000000,0.000000,0.000000,0.000000,0.000000,0.000000,0.000000,0.000000,0.000000,0.000000,0.000000,0.000000,0.000000,0.000000,0.000000,0.000000,0.000000,0.000000,0.000000,0.000000,0.000000,0.000000,0.000000,0.000000,0.000000,0.000000,0.000000,0.000000,0.000000,0.000000,0.000000,0.000000,0.000000,0.000000,0.000000,0.000000,0.000000,0.000000,0.000000,0.000000,0.000000,0.000000,0.000000,0.000000,0.000000,0.000000,0.000000,0.000000,0.000000,0.000000,0.000000,0.000000,0.000000,0.000000,0.000000,0.000000,0.000000,0.000000,0.000000,0.000000,0.000000,0.000000,0.000000,0.000000,0.000000,0.000000,0.000000,0.000000,0.000000,0.000000,0.000000,0.000000,0.000000,0.000000,0.000000,0.000016,0.000000,0.000000,0.000000,0.000000,0.000000,0.000000,0.000000,0.000000,0.000000,0.000000,0.000000,0.000000,0.000000,0.000000,0.000000,0.000000,0.000000,0.000000,0.000000,0.000000,0.000000,0.000000,0.000000,0.000000,0.000000,0.000000,0.000000,0.000000,0.000000
0.409000,0.000033,0.000000,0.000000,0.000000,0.000000,0.000000,0.000000,0.000000,0.000000,0.000000,0.000000,0.000000,0.000000,0.000000,0.000000,0.000000,0.000000,0.000000,0.000000,0.000000,0.000000,0.000000,0.000000,0.000000,0.000000,0.000000,0.000000,0.000000,0.000000,0.000000,0.000000,0.000000,0.000000,0.000000,0.000000,0.000000,0.000000,0.000000,0.000000,0.000000,0.000000,0.000000,0.000000,0.000000,0.000000,0.000000,0.000000,0.000000,0.000000,0.000000,0.000000,0.000000,0.000000,0.000000,0.000000,0.000000,0.000000,0.000000,0.000000,0.000000,0.000000,0.000000,0.000000,0.000000,0.000000,0.000000,0.000000,0.000000,0.000000,0.000000,0.000000,0.000000,0.000000,0.000000,0.000000,0.000000,0.000000,0.000000,0.000000,0.000000,0.000000,0.000000,0.000000,0.000000,0.000000,0.000000,0.000000,0.000000,0.000000,0.000000,0.000000,0.000000,0.000000,0.000000,0.000000,0.000000,0.000000,0.000000,0.000000,0.000000,0.000000,0.000000,0.000000,0.000000,0.000000,0.000000,0.000000,0.000000,0.000000,0.000000,0.000000,0.000000,0.000000,0.000016,0.000000,0.000000,0.000000,0.000016,0.000000,0.000000,0.000000,0.000000,0.000000,0.000000,0.000000,0.000000,0.000000,0.000000,0.000000,0.000000,0.000000,0.000000,0.000000,0.000000,0.000000,0.000000,0.000000,0.000000,0.000000,0.000000,0.000000,0.000000,0.000000,0.000000,0.000000,0.000000,0.000000,0.000000,0.000000,0.000000,0.000000,0.000000,0.000000,0.000000,0.000000,0.000000,0.000000,0.000000,0.000000,0.000000,0.000000,0.000000,0.000000,0.000000,0.000000,0.000000,0.000000,0.000000,0.000000,0.000000,0.000000,0.000000,0.000000,0.000000,0.000000,0.000000,0.000000,0.000000,0.000000,0.000000,0.000000,0.000000,0.000000,0.000000,0.000000,0.000000
0.412000,0.000049,0.000000,0.000000,0.000000,0.000000,0.000000,0.000016,0.000000,0.000000,0.000000,0.000000,0.000000,0.000000,0.000000,0.000000,0.000000,0.000000,0.000000,0.000000,0.000000,0.000000,0.000000,0.000000,0.000000,0.000000,0.000000,0.000000,0.000000,0.000000,0.000000,0.000000,0.000000,0.000000,0.000000,0.000000,0.000000,0.000000,0.000000,0.000000,0.000000,0.000000,0.000000,0.000000,0.000000,0.000000,0.000000,0.000000,0.000000,0.000000,0.000000,0.000000,0.000000,0.000000,0.000000,0.000000,0.000000,0.000000,0.000000,0.000000,0.000000,0.000000,0.000000,0.000000,0.000000,0.000000,0.000000,0.000000,0.000000,0.000000,0.000000,0.000000,0.000000,0.000000,0.000000,0.000000,0.000000,0.000000,0.000000,0.000000,0.000000,0.000000,0.000000,0.000000,0.000000,0.000000,0.000000,0.000000,0.000000,0.000000,0.000000,0.000000,0.000000,0.000000,0.000000,0.000000,0.000000,0.000000,0.000000,0.000000,0.000000,0.000000,0.000000,0.000000,0.000000,0.000000,0.000000,0.000000,0.000000,0.000000,0.000000,0.000000,0.000000,0.000000,0.000000,0.000000,0.000000,0.000000,0.000016,0.000000,0.000000,0.000000,0.000000,0.000000,0.000000,0.000000,0.000000,0.000000,0.000000,0.000000,0.000000,0.000000,0.000000,0.000000,0.000000,0.000000,0.000000,0.000000,0.000000,0.000000,0.000000,0.000000,0.000000,0.000000,0.000000,0.000000,0.000000,0.000016,0.000000,0.000000,0.000000,0.000000,0.000000,0.000000,0.000000,0.000000,0.000000,0.000000,0.000000,0.000000,0.000000,0.000000,0.000000,0.000000,0.000000,0.000000,0.000000,0.000000,0.000000,0.000000,0.000000,0.000000,0.000000,0.000000,0.000000,0.000000,0.000000,0.000000,0.000000,0.000000,0.000000,0.000000,0.000000,0.000000,0.000000,0.000000,0.000000
0.413000,0.000065,0.000000,0.000000,0.000000,0.000000,0.000000,0.000000,0.000000,0.000000,0.000000,0.000000,0.000000,0.000000,0.000000,0.000000,0.000000,0.000000,0.000000,0.000000,0.000000,0.000000,0.000000,0.000000,0.000000,0.000000,0.000000,0.000000,0.000000,0.000000,0.000000,0.000000,0.000000,0.000000,0.000000,0.000000,0.000000,0.000000,0.000000,0.000016,0.000000,0.000000,0.000000,0.000000,0.000000,0.000000,0.000000,0.000000,0.000000,0.000000,0.000000,0.000000,0.000000,0.000000,0.000000,0.000000,0.000000,0.000000,0.000000,0.000000,0.000000,0.000000,0.000000,0.000000,0.000000,0.000000,0.000000,0.000000,0.000000,0.000000,0.000000,0.000000,0.000000,0.000000,0.000000,0.000000,0.000000,0.000000,0.000000,0.000000,0.000000,0.000000,0.000000,0.000000,0.000000,0.000000,0.000000,0.000000,0.000000,0.000000,0.000000,0.000000,0.000000,0.000000,0.000000,0.000000,0.000000,0.000000,0.000000,0.000000,0.000000,0.000000,0.000000,0.000000,0.000000,0.000000,0.000000,0.000000,0.000000,0.000000,0.000000,0.000000,0.000000,0.000000,0.000000,0.000000,0.000000,0.000000,0.000000,0.000000,0.000000,0.000000,0.000000,0.000000,0.000000,0.000016,0.000000,0.000000,0.000000,0.000000,0.000000,0.000000,0.000000,0.000000,0.000000,0.000000,0.000016,0.000000,0.000000,0.000000,0.000000,0.000000,0.000000,0.000000,0.000000,0.000000,0.000000,0.000016,0.000000,0.000000,0.000000,0.000000,0.000000,0.000000,0.000000,0.000000,0.000000,0.000000,0.000000,0.000000,0.000000,0.000000,0.000000,0.000000,0.000000,0.000000,0.000000,0.000000,0.000000,0.000000,0.000000,0.000000,0.000000,0.000000,0.000000,0.000000,0.000000,0.000000,0.000000,0.000000,0.000000,0.000000,0.000000,0.000000,0.000000,0.000000,0.000000
0.414000,0.000033,0.000000,0.000000,0.000000,0.000000,0.000000,0.000000,0.000000,0.000000,0.000000,0.000000,0.000000,0.000000,0.000000,0.000000,0.000000,0.000000,0.000000,0.000000,0.000000,0.000000,0.000000,0.000000,0.000000,0.000000,0.000000,0.000000,0.000000,0.000000,0.000000,0.000000,0.000000,0.000000,0.000000,0.000000,0.000000,0.000000,0.000000,0.000000,0.000000,0.000000,0.000000,0.000000,0.000000,0.000000,0.000000,0.000000,0.000000,0.000000,0.000000,0.000000,0.000000,0.000000,0.000000,0.000000,0.000000,0.000000,0.000000,0.000000,0.000000,0.000000,0.000000,0.000000,0.000000,0.000000,0.000000,0.000000,0.000000,0.000000,0.000000,0.000000,0.000000,0.000000,0.000000,0.000000,0.000000,0.000000,0.000000,0.000000,0.000000,0.000000,0.000000,0.000000,0.000016,0.000000,0.000000,0.000000,0.000000,0.000000,0.000000,0.000000,0.000000,0.000000,0.000000,0.000000,0.000000,0.000000,0.000000,0.000000,0.000000,0.000000,0.000000,0.000000,0.000000,0.000000,0.000000,0.000000,0.000000,0.000000,0.000000,0.000000,0.000000,0.000000,0.000000,0.000000,0.000000,0.000000,0.000000,0.000000,0.000000,0.000000,0.000000,0.000000,0.000000,0.000000,0.000000,0.000000,0.000000,0.000000,0.000000,0.000000,0.000000,0.000000,0.000000,0.000000,0.000000,0.000000,0.000000,0.000000,0.000000,0.000000,0.000000,0.000000,0.000000,0.000016,0.000000,0.000000,0.000000,0.000000,0.000000,0.000000,0.000000,0.000000,0.000000,0.000000,0.000000,0.000000,0.000000,0.000000,0.000000,0.000000,0.000000,0.000000,0.000000,0.000000,0.000000,0.000000,0.000000,0.000000,0.000000,0.000000,0.000000,0.000000,0.000000,0.000000,0.000000,0.000000,0.000000,0.000000,0.000000,0.000000,0.000000,0.000000,0.000000,0.000000,0.000000
0.415000,0.000065,0.000000,0.000000,0.000000,0.000000,0.000000,0.000000,0.000000,0.000000,0.000000,0.000000,0.000000,0.000000,0.000000,0.000000,0.000000,0.000000,0.000000,0.000000,0.000000,0.000000,0.000000,0.000000,0.000000,0.000000,0.000000,0.000000,0.000000,0.000000,0.000000,0.000000,0.000000,0.000000,0.000000,0.000000,0.000000,0.000000,0.000000,0.000000,0.000000,0.000000,0.000000,0.000000,0.000000,0.000000,0.000000,0.000000,0.000000,0.000000,0.000000,0.000000,0.000000,0.000000,0.000000,0.000000,0.000000,0.000000,0.000000,0.000000,0.000000,0.000000,0.000000,0.000000,0.000000,0.000000,0.000000,0.000000,0.000000,0.000000,0.000000,0.000000,0.000000,0.000000,0.000000,0.000000,0.000000,0.000000,0.000000,0.000000,0.000000,0.000000,0.000000,0.000000,0.000000,0.000000,0.000000,0.000000,0.000000,0.000000,0.000000,0.000000,0.000016,0.000000,0.000000,0.000000,0.000000,0.000000,0.000000,0.000000,0.000000,0.000000,0.000016,0.000000,0.000000,0.000000,0.000000,0.000000,0.000000,0.000000,0.000000,0.000000,0.000000,0.000000,0.000000,0.000000,0.000000,0.000000,0.000000,0.000000,0.000000,0.000000,0.000000,0.000000,0.000000,0.000000,0.000000,0.000000,0.000000,0.000000,0.000000,0.000000,0.000000,0.000000,0.000000,0.000000,0.000000,0.000000,0.000000,0.000000,0.000000,0.000000,0.000000,0.000000,0.000000,0.000000,0.000000,0.000000,0.000000,0.000000,0.000016,0.000000,0.000000,0.000000,0.000000,0.000000,0.000000,0.000000,0.000000,0.000000,0.000000,0.000000,0.000000,0.000000,0.000000,0.000000,0.000000,0.000000,0.000000,0.000000,0.000000,0.000000,0.000000,0.000000,0.000000,0.000000,0.000000,0.000000,0.000000,0.000000,0.000000,0.000016,0.000000,0.000000,0.000000,0.000000,0.000000
0.416000,0.000016,0.000000,0.000000,0.000000,0.000000,0.000000,0.000000,0.000000,0.000000,0.000000,0.000000,0.000000,0.000000,0.000000,0.000000,0.000000,0.000000,0.000000,0.000000,0.000000,0.000000,0.000000,0.000000,0.000000,0.000000,0.000000,0.000000,0.000000,0.000000,0.000000,0.000000,0.000000,0.000000,0.000000,0.000000,0.000000,0.000000,0.000000,0.000000,0.000000,0.000000,0.000000,0.000000,0.000000,0.000000,0.000000,0.000000,0.000000,0.000000,0.000000,0.000000,0.000000,0.000000,0.000000,0.000000,0.000000,0.000000,0.000000,0.000000,0.000000,0.000000,0.000000,0.000000,0.000000,0.000000,0.000000,0.000000,0.000000,0.000000,0.000000,0.000000,0.000000,0.000000,0.000000,0.000000,0.000000,0.000000,0.000000,0.000000,0.000000,0.000000,0.000000,0.000000,0.000000,0.000000,0.000000,0.000000,0.000000,0.000000,0.000000,0.000000,0.000000,0.000000,0.000000,0.000000,0.000000,0.000000,0.000000,0.000000,0.000000,0.000000,0.000000,0.000000,0.000000,0.000000,0.000000,0.000000,0.000000,0.000000,0.000000,0.000000,0.000000,0.000000,0.000000,0.000000,0.000000,0.000000,0.000000,0.000000,0.000000,0.000000,0.000000,0.000000,0.000000,0.000000,0.000000,0.000000,0.000000,0.000000,0.000000,0.000000,0.000000,0.000000,0.000000,0.000000,0.000000,0.000000,0.000000,0.000000,0.000000,0.000000,0.000000,0.000000,0.000000,0.000000,0.000000,0.000000,0.000000,0.000000,0.000000,0.000000,0.000000,0.000000,0.000000,0.000000,0.000000,0.000000,0.000000,0.000000,0.000000,0.000016,0.000000,0.000000,0.000000,0.000000,0.000000,0.000000,0.000000,0.000000,0.000000,0.000000,0.000000,0.000000,0.000000,0.000000,0.000000,0.000000,0.000000,0.000000,0.000000,0.000000,0.000000,0.000000,0.000000,0.000000,0.000000
0.417000,0.000016,0.000000,0.000000,0.000000,0.000000,0.000000,0.000000,0.000000,0.000000,0.000000,0.000000,0.000000,0.000000,0.000000,0.000000,0.000000,0.000000,0.000000,0.000000,0.000000,0.000000,0.000000,0.000000,0.000000,0.000000,0.000000,0.000000,0.000000,0.000000,0.000000,0.000000,0.000000,0.000000,0.000000,0.000000,0.000000,0.000000,0.000000,0.000000,0.000000,0.000000,0.000000,0.000000,0.000000,0.000000,0.000000,0.000000,0.000000,0.000000,0.000000,0.000000,0.000000,0.000000,0.000000,0.000000,0.000000,0.000000,0.000000,0.000000,0.000000,0.000000,0.000000,0.000000,0.000000,0.000000,0.000000,0.000000,0.000000,0.000000,0.000000,0.000000,0.000000,0.000000,0.000000,0.000000,0.000000,0.000000,0.000000,0.000000,0.000000,0.000000,0.000000,0.000000,0.000000,0.000000,0.000000,0.000000,0.000000,0.000000,0.000000,0.000000,0.000000,0.000000,0.000000,0.000000,0.000000,0.000000,0.000000,0.000000,0.000000,0.000000,0.000000,0.000000,0.000000,0.000000,0.000000,0.000000,0.000000,0.000000,0.000000,0.000000,0.000000,0.000000,0.000000,0.000000,0.000000,0.000000,0.000000,0.000000,0.000000,0.000000,0.000000,0.000000,0.000000,0.000016,0.000000,0.000000,0.000000,0.000000,0.000000,0.000000,0.000000,0.000000,0.000000,0.000000,0.000000,0.000000,0.000000,0.000000,0.000000,0.000000,0.000000,0.000000,0.000000,0.000000,0.000000,0.000000,0.000000,0.000000,0.000000,0.000000,0.000000,0.000000,0.000000,0.000000,0.000000,0.000000,0.000000,0.000000,0.000000,0.000000,0.000000,0.000000,0.000000,0.000000,0.000000,0.000000,0.000000,0.000000,0.000000,0.000000,0.000000,0.000000,0.000000,0.000000,0.000000,0.000000,0.000000,0.000000,0.000000,0.000000,0.000000,0.000000,0.000000,0.000000,0.000000
0.418000,0.000033,0.000000,0.000000,0.000016,0.000000,0.000000,0.000000,0.000000,0.000000,0.000000,0.000000,0.000000,0.000000,0.000000,0.000000,0.000000,0.000000,0.000000,0.000000,0.000000,0.000000,0.000000,0.000000,0.000000,0.000000,0.000000,0.000000,0.000000,0.000000,0.000000,0.000000,0.000000,0.000000,0.000000,0.000000,0.000000,0.000000,0.000000,0.000000,0.000000,0.000000,0.000000,0.000000,0.000000,0.000000,0.000000,0.000000,0.000000,0.000000,0.000000,0.000000,0.000000,0.000000,0.000000,0.000000,0.000000,0.000000,0.000000,0.000000,0.000000,0.000000,0.000000,0.000000,0.000000,0.000000,0.000000,0.000000,0.000000,0.000000,0.000016,0.000000,0.000000,0.000000,0.000000,0.000000,0.000000,0.000000,0.000000,0.000000,0.000000,0.000000,0.000000,0.000000,0.000000,0.000000,0.000000,0.000000,0.000000,0.000000,0.000000,0.000000,0.000000,0.000000,0.000000,0.000000,0.000000,0.000000,0.000000,0.000000,0.000000,0.000000,0.000000,0.000000,0.000000,0.000000,0.000000,0.000000,0.000000,0.000000,0.000000,0.000000,0.000000,0.000000,0.000000,0.000000,0.000000,0.000000,0.000000,0.000000,0.000000,0.000000,0.000000,0.000000,0.000000,0.000000,0.000000,0.000000,0.000000,0.000000,0.000000,0.000000,0.000000,0.000000,0.000000,0.000000,0.000000,0.000000,0.000000,0.000000,0.000000,0.000000,0.000000,0.000000,0.000000,0.000000,0.000000,0.000000,0.000000,0.000000,0.000000,0.000000,0.000000,0.000000,0.000000,0.000000,0.000000,0.000000,0.000000,0.000000,0.000000,0.000000,0.000000,0.000000,0.000000,0.000000,0.000000,0.000000,0.000000,0.000000,0.000000,0.000000,0.000000,0.000000,0.000000,0.000000,0.000000,0.000000,0.000000,0.000000,0.000000,0.000000,0.000000,0.000000,0.000000,0.000000,0.000000
0.419000,0.000016,0.000000,0.000000,0.000000,0.000000,0.000000,0.000000,0.000000,0.000000,0.000000,0.000000,0.000000,0.000000,0.000000,0.000000,0.000000,0.000000,0.000000,0.000000,0.000000,0.000000,0.000000,0.000000,0.000000,0.000000,0.000000,0.000000,0.000000,0.000000,0.000000,0.000000,0.000000,0.000000,0.000000,0.000000,0.000000,0.000000,0.000000,0.000000,0.000000,0.000000,0.000000,0.000000,0.000000,0.000000,0.000000,0.000000,0.000000,0.000000,0.000000,0.000000,0.000000,0.000000,0.000000,0.000000,0.000000,0.000000,0.000000,0.000000,0.000000,0.000000,0.000000,0.000000,0.000000,0.000000,0.000000,0.000000,0.000000,0.000000,0.000000,0.000000,0.000000,0.000000,0.000000,0.000000,0.000000,0.000000,0.000000,0.000000,0.000000,0.000000,0.000000,0.000000,0.000000,0.000000,0.000000,0.000000,0.000000,0.000000,0.000000,0.000000,0.000000,0.000000,0.000000,0.000000,0.000000,0.000000,0.000000,0.000000,0.000000,0.000000,0.000000,0.000000,0.000000,0.000000,0.000000,0.000000,0.000000,0.000000,0.000000,0.000000,0.000000,0.000000,0.000000,0.000000,0.000000,0.000000,0.000000,0.000000,0.000000,0.000000,0.000000,0.000000,0.000000,0.000000,0.000000,0.000000,0.000000,0.000000,0.000000,0.000000,0.000000,0.000000,0.000000,0.000000,0.000000,0.000000,0.000000,0.000000,0.000000,0.000000,0.000000,0.000000,0.000000,0.000000,0.000000,0.000000,0.000000,0.000000,0.000000,0.000000,0.000000,0.000000,0.000000,0.000000,0.000000,0.000000,0.000000,0.000000,0.000000,0.000000,0.000000,0.000000,0.000000,0.000000,0.000000,0.000000,0.000000,0.000000,0.000000,0.000000,0.000000,0.000000,0.000000,0.000000,0.000000,0.000000,0.000000,0.000000,0.000016,0.000000,0.000000,0.000000,0.000000,0.000000,0.000000
0.420000,0.000049,0.000000,0.000000,0.000000,0.000000,0.000000,0.000000,0.000000,0.000000,0.000000,0.000000,0.000000,0.000000,0.000000,0.000000,0.000000,0.000000,0.000000,0.000000,0.000000,0.000000,0.000000,0.000000,0.000000,0.000000,0.000000,0.000000,0.000000,0.000000,0.000000,0.000000,0.000000,0.000000,0.000000,0.000000,0.000000,0.000000,0.000000,0.000000,0.000000,0.000000,0.000000,0.000000,0.000000,0.000000,0.000000,0.000000,0.000000,0.000000,0.000000,0.000000,0.000000,0.000000,0.000000,0.000000,0.000000,0.000000,0.000000,0.000000,0.000000,0.000000,0.000000,0.000000,0.000000,0.000000,0.000000,0.000000,0.000000,0.000000,0.000000,0.000000,0.000000,0.000000,0.000000,0.000000,0.000000,0.000000,0.000000,0.000000,0.000000,0.000000,0.000000,0.000000,0.000000,0.000000,0.000000,0.000000,0.000000,0.000000,0.000000,0.000000,0.000000,0.000000,0.000000,0.000000,0.000000,0.000000,0.000000,0.000000,0.000000,0.000000,0.000000,0.000000,0.000000,0.000000,0.000000,0.000000,0.000000,0.000000,0.000000,0.000000,0.000000,0.000016,0.000000,0.000000,0.000000,0.000000,0.000000,0.000000,0.000000,0.000000,0.000000,0.000000,0.000000,0.000016,0.000000,0.000000,0.000000,0.000000,0.000000,0.000000,0.000000,0.000000,0.000000,0.000000,0.000000,0.000000,0.000000,0.000000,0.000000,0.000000,0.000000,0.000000,0.000000,0.000000,0.000000,0.000000,0.000000,0.000000,0.000000,0.000000,0.000000,0.000000,0.000000,0.000000,0.000000,0.000000,0.000000,0.000000,0.000000,0.000000,0.000016,0.000000,0.000000,0.000000,0.000000,0.000000,0.000000,0.000000,0.000000,0.000000,0.000000,0.000000,0.000000,0.000000,0.000000,0.000000,0.000000,0.000000,0.000000,0.000000,0.000000,0.000000,0.000000,0.000000,0.000000
0.421000,0.000016,0.000000,0.000000,0.000000,0.000000,0.000000,0.000000,0.000000,0.000000,0.000000,0.000000,0.000000,0.000000,0.000000,0.000000,0.000000,0.000000,0.000000,0.000000,0.000000,0.000000,0.000000,0.000000,0.000000,0.000000,0.000000,0.000000,0.000000,0.000000,0.000000,0.000000,0.000000,0.000000,0.000000,0.000000,0.000000,0.000000,0.000000,0.000000,0.000000,0.000000,0.000000,0.000000,0.000000,0.000000,0.000000,0.000000,0.000000,0.000000,0.000000,0.000000,0.000000,0.000000,0.000000,0.000000,0.000000,0.000000,0.000000,0.000000,0.000000,0.000000,0.000000,0.000000,0.000000,0.000000,0.000000,0.000000,0.000000,0.000000,0.000000,0.000000,0.000000,0.000000,0.000000,0.000000,0.000000,0.000000,0.000000,0.000000,0.000000,0.000000,0.000000,0.000000,0.000000,0.000000,0.000000,0.000000,0.000000,0.000000,0.000000,0.000000,0.000000,0.000000,0.000000,0.000000,0.000000,0.000000,0.000000,0.000000,0.000000,0.000000,0.000000,0.000000,0.000000,0.000000,0.000000,0.000000,0.000000,0.000000,0.000000,0.000000,0.000000,0.000000,0.000000,0.000000,0.000000,0.000000,0.000000,0.000000,0.000000,0.000000,0.000000,0.000000,0.000000,0.000000,0.000000,0.000000,0.000000,0.000000,0.000000,0.000000,0.000000,0.000000,0.000000,0.000000,0.000000,0.000000,0.000000,0.000000,0.000000,0.000000,0.000000,0.000000,0.000000,0.000000,0.000000,0.000000,0.000000,0.000000,0.000000,0.000000,0.000000,0.000000,0.000000,0.000000,0.000000,0.000000,0.000000,0.000000,0.000000,0.000000,0.000000,0.000000,0.000000,0.000000,0.000000,0.000000,0.000000,0.000000,0.000000,0.000000,0.000000,0.000000,0.000000,0.000000,0.000000,0.000000,0.000000,0.000016,0.000000,0.000000,0.000000,0.000000,0.000000,0.000000,0.000000
0.422000,0.000016,0.000000,0.000000,0.000000,0.000000,0.000000,0.000000,0.000000,0.000000,0.000000,0.000000,0.000000,0.000000,0.000000,0.000000,0.000000,0.000000,0.000000,0.000000,0.000000,0.000000,0.000000,0.000000,0.000000,0.000000,0.000000,0.000000,0.000000,0.000000,0.000000,0.000000,0.000000,0.000000,0.000000,0.000000,0.000000,0.000000,0.000000,0.000000,0.000000,0.000000,0.000000,0.000000,0.000000,0.000000,0.000000,0.000000,0.000000,0.000000,0.000000,0.000000,0.000000,0.000000,0.000000,0.000000,0.000000,0.000000,0.000000,0.000000,0.000000,0.000000,0.000000,0.000000,0.000000,0.000000,0.000000,0.000000,0.000000,0.000000,0.000000,0.000000,0.000000,0.000000,0.000000,0.000000,0.000000,0.000000,0.000000,0.000000,0.000000,0.000000,0.000000,0.000000,0.000000,0.000000,0.000000,0.000000,0.000000,0.000000,0.000000,0.000000,0.000000,0.000000,0.000000,0.000000,0.000000,0.000000,0.000000,0.000000,0.000000,0.000000,0.000000,0.000000,0.000000,0.000000,0.000000,0.000000,0.000000,0.000000,0.000000,0.000000,0.000000,0.000000,0.000000,0.000000,0.000000,0.000000,0.000000,0.000000,0.000000,0.000000,0.000000,0.000000,0.000000,0.000000,0.000000,0.000000,0.000000,0.000000,0.000000,0.000000,0.000000,0.000000,0.000000,0.000000,0.000000,0.000000,0.000000,0.000000,0.000000,0.000000,0.000000,0.000000,0.000000,0.000000,0.000000,0.000000,0.000000,0.000000,0.000000,0.000000,0.000016,0.000000,0.000000,0.000000,0.000000,0.000000,0.000000,0.000000,0.000000,0.000000,0.000000,0.000000,0.000000,0.000000,0.000000,0.000000,0.000000,0.000000,0.000000,0.000000,0.000000,0.000000,0.000000,0.000000,0.000000,0.000000,0.000000,0.000000,0.000000,0.000000,0.000000,0.000000,0.000000,0.000000,0.000000
0.423000,0.000016,0.000000,0.000000,0.000000,0.000000,0.000000,0.000000,0.000000,0.000000,0.000000,0.000000,0.000000,0.000000,0.000000,0.000000,0.000000,0.000000,0.000000,0.000000,0.000000,0.000000,0.000000,0.000000,0.000000,0.000000,0.000000,0.000000,0.000000,0.000000,0.000000,0.000000,0.000000,0.000000,0.000000,0.000000,0.000000,0.000000,0.000000,0.000000,0.000000,0.000000,0.000000,0.000000,0.000000,0.000000,0.000000,0.000000,0.000000,0.000000,0.000000,0.000000,0.000000,0.000000,0.000000,0.000000,0.000000,0.000000,0.000000,0.000000,0.000000,0.000000,0.000000,0.000000,0.000000,0.000000,0.000000,0.000000,0.000000,0.000000,0.000000,0.000000,0.000000,0.000000,0.000000,0.000000,0.000000,0.000000,0.000000,0.000000,0.000000,0.000000,0.000000,0.000000,0.000000,0.000000,0.000000,0.000000,0.000000,0.000000,0.000000,0.000000,0.000000,0.000000,0.000000,0.000000,0.000000,0.000000,0.000000,0.000000,0.000000,0.000000,0.000000,0.000000,0.000000,0.000000,0.000000,0.000000,0.000000,0.000000,0.000000,0.000000,0.000000,0.000000,0.000000,0.000000,0.000000,0.000000,0.000000,0.000000,0.000000,0.000000,0.000000,0.000000,0.000000,0.000000,0.000000,0.000000,0.000000,0.000000,0.000000,0.000000,0.000000,0.000000,0.000000,0.000000,0.000000,0.000000,0.000000,0.000000,0.000000,0.000000,0.000000,0.000000,0.000000,0.000000,0.000000,0.000000,0.000000,0.000000,0.000000,0.000000,0.000000,0.000000,0.000000,0.000000,0.000000,0.000000,0.000000,0.000000,0.000000,0.000000,0.000000,0.000000,0.000000,0.000000,0.000016,0.000000,0.000000,0.000000,0.000000,0.000000,0.000000,0.000000,0.000000,0.000000,0.000000,0.000000,0.000000,0.000000,0.000000,0.000000,0.000000,0.000000,0.000000,0.000000,0.000000
0.425000,0.000033,0.000000,0.000000,0.000000,0.000000,0.000000,0.000000,0.000000,0.000000,0.000000,0.000000,0.000000,0.000000,0.000000,0.000000,0.000000,0.000000,0.000000,0.000000,0.000000,0.000000,0.000000,0.000000,0.000000,0.000000,0.000000,0.000000,0.000000,0.000000,0.000000,0.000000,0.000000,0.000000,0.000000,0.000000,0.000000,0.000000,0.000000,0.000000,0.000000,0.000000,0.000000,0.000000,0.000000,0.000000,0.000000,0.000000,0.000000,0.000000,0.000000,0.000000,0.000000,0.000000,0.000000,0.000000,0.000000,0.000000,0.000000,0.000000,0.000000,0.000000,0.000000,0.000000,0.000000,0.000000,0.000000,0.000000,0.000000,0.000000,0.000000,0.000000,0.000000,0.000000,0.000000,0.000000,0.000000,0.000000,0.000000,0.000000,0.000000,0.000000,0.000000,0.000000,0.000000,0.000000,0.000000,0.000000,0.000000,0.000000,0.000000,0.000000,0.000000,0.000000,0.000000,0.000000,0.000000,0.000000,0.000000,0.000000,0.000000,0.000000,0.000000,0.000000,0.000016,0.000000,0.000000,0.000000,0.000000,0.000000,0.000000,0.000000,0.000000,0.000000,0.000000,0.000000,0.000000,0.000000,0.000000,0.000000,0.000000,0.000000,0.000000,0.000000,0.000000,0.000000,0.000000,0.000000,0.000000,0.000000,0.000000,0.000000,0.000000,0.000000,0.000000,0.000000,0.000000,0.000000,0.000000,0.000000,0.000000,0.000000,0.000000,0.000000,0.000000,0.000000,0.000000,0.000000,0.000000,0.000000,0.000000,0.000000,0.000000,0.000000,0.000000,0.000000,0.000000,0.000000,0.000000,0.000000,0.000000,0.000000,0.000000,0.000000,0.000016,0.000000,0.000000,0.000000,0.000000,0.000000,0.000000,0.000000,0.000000,0.000000,0.000000,0.000000,0.000000,0.000000,0.000000,0.000000,0.000000,0.000000,0.000000,0.000000,0.000000,0.000000,0.000000
0.426000,0.000033,0.000000,0.000000,0.000000,0.000000,0.000000,0.000000,0.000000,0.000016,0.000000,0.000000,0.000000,0.000000,0.000000,0.000000,0.000000,0.000000,0.000000,0.000000,0.000000,0.000000,0.000000,0.000000,0.000000,0.000000,0.000000,0.000000,0.000000,0.000000,0.000000,0.000000,0.000000,0.000000,0.000000,0.000000,0.000000,0.000000,0.000000,0.000000,0.000000,0.000000,0.000000,0.000000,0.000000,0.000000,0.000000,0.000000,0.000000,0.000000,0.000000,0.000000,0.000000,0.000000,0.000000,0.000000,0.000000,0.000000,0.000000,0.000000,0.000000,0.000000,0.000000,0.000000,0.000000,0.000000,0.000000,0.000000,0.000000,0.000000,0.000000,0.000000,0.000000,0.000000,0.000000,0.000000,0.000000,0.000000,0.000000,0.000000,0.000000,0.000000,0.000000,0.000000,0.000000,0.000000,0.000000,0.000000,0.000000,0.000000,0.000000,0.000000,0.000000,0.000000,0.000000,0.000000,0.000000,0.000000,0.000000,0.000000,0.000000,0.000000,0.000000,0.000000,0.000000,0.000000,0.000000,0.000000,0.000016,0.000000,0.000000,0.000000,0.000000,0.000000,0.000000,0.000000,0.000000,0.000000,0.000000,0.000000,0.000000,0.000000,0.000000,0.000000,0.000000,0.000000,0.000000,0.000000,0.000000,0.000000,0.000000,0.000000,0.000000,0.000000,0.000000,0.000000,0.000000,0.000000,0.000000,0.000000,0.000000,0.000000,0.000000,0.000000,0.000000,0.000000,0.000000,0.000000,0.000000,0.000000,0.000000,0.000000,0.000000,0.000000,0.000000,0.000000,0.000000,0.000000,0.000000,0.000000,0.000000,0.000000,0.000000,0.000000,0.000000,0.000000,0.000000,0.000000,0.000000,0.000000,0.000000,0.000000,0.000000,0.000000,0.000000,0.000000,0.000000,0.000000,0.000000,0.000000,0.000000,0.000000,0.000000,0.000000,0.000000,0.000000,0.000000
0.428000,0.000033,0.000000,0.000000,0.000000,0.000000,0.000000,0.000000,0.000000,0.000000,0.000000,0.000000,0.000000,0.000000,0.000000,0.000000,0.000000,0.000000,0.000000,0.000000,0.000000,0.000000,0.000000,0.000000,0.000000,0.000000,0.000000,0.000000,0.000000,0.000000,0.000000,0.000000,0.000000,0.000000,0.000000,0.000000,0.000000,0.000000,0.000000,0.000000,0.000000,0.000000,0.000000,0.000000,0.000000,0.000000,0.000000,0.000000,0.000000,0.000000,0.000000,0.000000,0.000000,0.000000,0.000000,0.000000,0.000000,0.000000,0.000000,0.000000,0.000000,0.000000,0.000000,0.000000,0.000000,0.000000,0.000000,0.000000,0.000000,0.000000,0.000000,0.000000,0.000000,0.000000,0.000000,0.000000,0.000000,0.000000,0.000000,0.000000,0.000000,0.000000,0.000000,0.000000,0.000000,0.000000,0.000000,0.000000,0.000000,0.000000,0.000000,0.000000,0.000016,0.000000,0.000000,0.000000,0.000000,0.000000,0.000000,0.000000,0.000000,0.000000,0.000000,0.000000,0.000000,0.000000,0.000000,0.000000,0.000000,0.000016,0.000000,0.000000,0.000000,0.000000,0.000000,0.000000,0.000000,0.000000,0.000000,0.000000,0.000000,0.000000,0.000000,0.000000,0.000000,0.000000,0.000000,0.000000,0.000000,0.000000,0.000000,0.000000,0.000000,0.000000,0.000000,0.000000,0.000000,0.000000,0.000000,0.000000,0.000000,0.000000,0.000000,0.000000,0.000000,0.000000,0.000000,0.000000,0.000000,0.000000,0.000000,0.000000,0.000000,0.000000,0.000000,0.000000,0.000000,0.000000,0.000000,0.000000,0.000000,0.000000,0.000000,0.000000,0.000000,0.000000,0.000000,0.000000,0.000000,0.000000,0.000000,0.000000,0.000000,0.000000,0.000000,0.000000,0.000000,0.000000,0.000000,0.000000,0.000000,0.000000,0.000000,0.000000,0.000000,0.000000,0.000000
0.429000,0.000033,0.000000,0.000000,0.000000,0.000000,0.000000,0.000000,0.000000,0.000000,0.000000,0.000000,0.000000,0.000000,0.000000,0.000000,0.000000,0.000000,0.000000,0.000000,0.000000,0.000000,0.000000,0.000000,0.000000,0.000000,0.000000,0.000016,0.000000,0.000000,0.000000,0.000000,0.000000,0.000000,0.000000,0.000000,0.000000,0.000000,0.000000,0.000000,0.000000,0.000000,0.000000,0.000000,0.000000,0.000000,0.000000,0.000000,0.000000,0.000000,0.000000,0.000000,0.000000,0.000000,0.000000,0.000000,0.000000,0.000000,0.000000,0.000000,0.000000,0.000000,0.000000,0.000000,0.000000,0.000000,0.000000,0.000000,0.000000,0.000000,0.000000,0.000000,0.000000,0.000000,0.000000,0.000000,0.000000,0.000000,0.000000,0.000000,0.000000,0.000000,0.000000,0.000000,0.000000,0.000000,0.000000,0.000000,0.000000,0.000000,0.000000,0.000000,0.000000,0.000000,0.000000,0.000000,0.000000,0.000000,0.000000,0.000000,0.000000,0.000000,0.000000,0.000000,0.000000,0.000000,0.000000,0.000000,0.000000,0.000000,0.000000,0.000000,0.000000,0.000000,0.000000,0.000000,0.000000,0.000000,0.000000,0.000000,0.000000,0.000000,0.000000,0.000000,0.000000,0.000000,0.000016,0.000000,0.000000,0.000000,0.000000,0.000000,0.000000,0.000000,0.000000,0.000000,0.000000,0.000000,0.000000,0.000000,0.000000,0.000000,0.000000,0.000000,0.000000,0.000000,0.000000,0.000000,0.000000,0.000000,0.000000,0.000000,0.000000,0.000000,0.000000,0.000000,0.000000,0.000000,0.000000,0.000000,0.000000,0.000000,0.000000,0.000000,0.000000,0.000000,0.000000,0.000000,0.000000,0.000000,0.000000,0.000000,0.000000,0.000000,0.000000,0.000000,0.000000,0.000000,0.000000,0.000000,0.000000,0.000000,0.000000,0.000000,0.000000,0.000000,0.000000
0.430000,0.000033,0.000000,0.000000,0.000000,0.000000,0.000000,0.000000,0.000000,0.000000,0.000000,0.000000,0.000000,0.000000,0.000000,0.000000,0.000000,0.000000,0.000000,0.000000,0.000000,0.000000,0.000000,0.000000,0.000000,0.000000,0.000000,0.000000,0.000000,0.000000,0.000000,0.000000,0.000000,0.000000,0.000000,0.000016,0.000000,0.000000,0.000000,0.000000,0.000000,0.000000,0.000000,0.000000,0.000000,0.000000,0.000000,0.000000,0.000000,0.000000,0.000000,0.000000,0.000000,0.000000,0.000000,0.000000,0.000000,0.000000,0.000000,0.000000,0.000000,0.000000,0.000000,0.000000,0.000000,0.000000,0.000000,0.000000,0.000000,0.000000,0.000000,0.000000,0.000000,0.000000,0.000000,0.000000,0.000000,0.000000,0.000000,0.000000,0.000000,0.000000,0.000000,0.000000,0.000000,0.000000,0.000000,0.000000,0.000000,0.000000,0.000000,0.000000,0.000000,0.000000,0.000000,0.000000,0.000000,0.000000,0.000000,0.000000,0.000000,0.000000,0.000000,0.000000,0.000000,0.000000,0.000000,0.000000,0.000000,0.000000,0.000000,0.000000,0.000000,0.000000,0.000000,0.000000,0.000000,0.000000,0.000000,0.000000,0.000000,0.000000,0.000000,0.000000,0.000000,0.000000,0.000000,0.000000,0.000000,0.000000,0.000000,0.000000,0.000000,0.000000,0.000000,0.000000,0.000000,0.000000,0.000000,0.000000,0.000000,0.000000,0.000000,0.000000,0.000000,0.000000,0.000000,0.000000,0.000000,0.000000,0.000000,0.000000,0.000000,0.000000,0.000000,0.000000,0.000000,0.000000,0.000000,0.000000,0.000000,0.000000,0.000000,0.000000,0.000000,0.000000,0.000000,0.000000,0.000000,0.000000,0.000000,0.000000,0.000000,0.000000,0.000000,0.000000,0.000000,0.000000,0.000000,0.000000,0.000000,0.000000,0.000000,0.000000,0.000016,0.000000,0.000000
0.431000,0.000049,0.000000,0.000000,0.000016,0.000000,0.000000,0.000000,0.000000,0.000000,0.000000,0.000000,0.000000,0.000000,0.000000,0.000000,0.000000,0.000000,0.000000,0.000000,0.000000,0.000000,0.000000,0.000000,0.000000,0.000000,0.000000,0.000000,0.000000,0.000000,0.000000,0.000000,0.000000,0.000000,0.000000,0.000000,0.000000,0.000000,0.000000,0.000000,0.000000,0.000000,0.000000,0.000000,0.000000,0.000000,0.000000,0.000000,0.000000,0.000000,0.000000,0.000000,0.000000,0.000000,0.000000,0.000000,0.000000,0.000000,0.000000,0.000000,0.000000,0.000000,0.000000,0.000000,0.000000,0.000000,0.000000,0.000000,0.000000,0.000000,0.000000,0.000000,0.000000,0.000000,0.000000,0.000000,0.000000,0.000000,0.000000,0.000000,0.000000,0.000000,0.000000,0.000000,0.000000,0.000000,0.000000,0.000000,0.000000,0.000000,0.000000,0.000000,0.000000,0.000000,0.000000,0.000000,0.000000,0.000000,0.000000,0.000000,0.000000,0.000000,0.000000,0.000000,0.000000,0.000000,0.000000,0.000000,0.000000,0.000000,0.000000,0.000000,0.000000,0.000000,0.000000,0.000000,0.000000,0.000000,0.000000,0.000000,0.000000,0.000000,0.000000,0.000000,0.000000,0.000000,0.000000,0.000000,0.000000,0.000000,0.000000,0.000000,0.000016,0.000000,0.000000,0.000000,0.000000,0.000000,0.000000,0.000000,0.000000,0.000000,0.000000,0.000000,0.000000,0.000000,0.000000,0.000000,0.000000,0.000000,0.000000,0.000000,0.000016,0.000000,0.000000,0.000000,0.000000,0.000000,0.000000,0.000000,0.000000,0.000000,0.000000,0.000000,0.000000,0.000000,0.000000,0.000000,0.000000,0.000000,0.000000,0.000000,0.000000,0.000000,0.000000,0.000000,0.000000,0.000000,0.000000,0.000000,0.000000,0.000000,0.000000,0.000000,0.000000,0.000000,0.000000
0.432000,0.000033,0.000000,0.000000,0.000000,0.000000,0.000000,0.000000,0.000000,0.000000,0.000000,0.000000,0.000000,0.000000,0.000000,0.000000,0.000000,0.000000,0.000000,0.000000,0.000000,0.000000,0.000000,0.000000,0.000000,0.000000,0.000000,0.000000,0.000000,0.000000,0.000000,0.000000,0.000000,0.000000,0.000000,0.000000,0.000000,0.000000,0.000000,0.000000,0.000000,0.000000,0.000000,0.000000,0.000000,0.000000,0.000000,0.000000,0.000000,0.000000,0.000000,0.000000,0.000000,0.000016,0.000000,0.000000,0.000000,0.000000,0.000000,0.000000,0.000000,0.000000,0.000000,0.000000,0.000000,0.000000,0.000000,0.000000,0.000000,0.000000,0.000000,0.000000,0.000000,0.000000,0.000000,0.000000,0.000000,0.000000,0.000000,0.000000,0.000000,0.000000,0.000000,0.000000,0.000000,0.000000,0.000000,0.000000,0.000000,0.000000,0.000000,0.000000,0.000000,0.000000,0.000000,0.000000,0.000000,0.000000,0.000000,0.000000,0.000000,0.000000,0.000000,0.000000,0.000000,0.000000,0.000000,0.000000,0.000000,0.000000,0.000000,0.000000,0.000000,0.000000,0.000000,0.000000,0.000000,0.000000,0.000000,0.000000,0.000000,0.000000,0.000000,0.000000,0.000000,0.000000,0.000000,0.000000,0.000000,0.000000,0.000000,0.000000,0.000000,0.000000,0.000000,0.000000,0.000000,0.000000,0.000000,0.000000,0.000000,0.000000,0.000000,0.000000,0.000000,0.000000,0.000000,0.000000,0.000000,0.000000,0.000000,0.000000,0.000000,0.000000,0.000000,0.000000,0.000000,0.000000,0.000000,0.000000,0.000000,0.000000,0.000000,0.000016,0.000000,0.000000,0.000000,0.000000,0.000000,0.000000,0.000000,0.000000,0.000000,0.000000,0.000000,0.000000,0.000000,0.000000,0.000000,0.000000,0.000000,0.000000,0.000000,0.000000,0.000000,0.000000,0.000000
0.433000,0.000033,0.000000,0.000000,0.000000,0.000000,0.000000,0.000000,0.000000,0.000000,0.000000,0.000000,0.000000,0.000000,0.000000,0.000000,0.000000,0.000000,0.000000,0.000000,0.000000,0.000000,0.000000,0.000000,0.000000,0.000000,0.000000,0.000000,0.000000,0.000000,0.000000,0.000000,0.000000,0.000000,0.000000,0.000000,0.000000,0.000000,0.000000,0.000000,0.000000,0.000000,0.000000,0.000000,0.000000,0.000000,0.000000,0.000000,0.000000,0.000000,0.000000,0.000000,0.000000,0.000000,0.000000,0.000000,0.000000,0.000000,0.000000,0.000000,0.000000,0.000000,0.000000,0.000000,0.000000,0.000000,0.000000,0.000000,0.000000,0.000000,0.000000,0.000000,0.000000,0.000000,0.000000,0.000000,0.000000,0.000000,0.000000,0.000000,0.000000,0.000000,0.000000,0.000000,0.000000,0.000000,0.000000,0.000000,0.000000,0.000000,0.000000,0.000000,0.000000,0.000000,0.000000,0.000000,0.000000,0.000000,0.000000,0.000000,0.000000,0.000000,0.000000,0.000000,0.000000,0.000000,0.000000,0.000000,0.000000,0.000000,0.000000,0.000000,0.000000,0.000000,0.000000,0.000000,0.000000,0.000000,0.000000,0.000000,0.000000,0.000000,0.000000,0.000000,0.000000,0.000016,0.000000,0.000000,0.000000,0.000000,0.000000,0.000000,0.000000,0.000000,0.000000,0.000000,0.000000,0.000000,0.000000,0.000000,0.000000,0.000000,0.000000,0.000000,0.000000,0.000000,0.000000,0.000000,0.000000,0.000000,0.000000,0.000000,0.000000,0.000000,0.000000,0.000016,0.000000,0.000000,0.000000,0.000000,0.000000,0.000000,0.000000,0.000000,0.000000,0.000000,0.000000,0.000000,0.000000,0.000000,0.000000,0.000000,0.000000,0.000000,0.000000,0.000000,0.000000,0.000000,0.000000,0.000000,0.000000,0.000000,0.000000,0.000000,0.000000,0.000000,0.000000
0.435000,0.000049,0.000000,0.000000,0.000000,0.000000,0.000000,0.000000,0.000000,0.000000,0.000000,0.000000,0.000000,0.000000,0.000000,0.000000,0.000000,0.000000,0.000000,0.000000,0.000000,0.000000,0.000000,0.000000,0.000000,0.000000,0.000000,0.000000,0.000000,0.000000,0.000000,0.000000,0.000000,0.000000,0.000000,0.000000,0.000000,0.000000,0.000000,0.000000,0.000000,0.000000,0.000000,0.000000,0.000000,0.000000,0.000000,0.000000,0.000000,0.000000,0.000000,0.000000,0.000000,0.000000,0.000000,0.000000,0.000000,0.000000,0.000000,0.000000,0.000000,0.000000,0.000000,0.000000,0.000000,0.000000,0.000000,0.000000,0.000000,0.000000,0.000000,0.000000,0.000000,0.000000,0.000000,0.000000,0.000000,0.000000,0.000000,0.000000,0.000000,0.000000,0.000000,0.000000,0.000000,0.000000,0.000000,0.000000,0.000000,0.000000,0.000000,0.000000,0.000000,0.000000,0.000000,0.000000,0.000000,0.000000,0.000000,0.000000,0.000000,0.000000,0.000000,0.000000,0.000000,0.000000,0.000000,0.000000,0.000000,0.000000,0.000000,0.000000,0.000000,0.000000,0.000000,0.000000,0.000000,0.000000,0.000000,0.000016,0.000000,0.000000,0.000000,0.000000,0.000000,0.000000,0.000000,0.000000,0.000000,0.000000,0.000016,0.000000,0.000000,0.000000,0.000000,0.000000,0.000000,0.000000,0.000000,0.000000,0.000000,0.000000,0.000000,0.000000,0.000000,0.000000,0.000000,0.000000,0.000000,0.000000,0.000000,0.000000,0.000000,0.000000,0.000000,0.000000,0.000000,0.000000,0.000000,0.000000,0.000000,0.000000,0.000000,0.000000,0.000000,0.000000,0.000000,0.000000,0.000000,0.000000,0.000000,0.000000,0.000000,0.000000,0.000000,0.000000,0.000000,0.000000,0.000000,0.000000,0.000000,0.000000,0.000000,0.000000,0.000000,0.000000,0.000016
0.436000,0.000065,0.000000,0.000000,0.000000,0.000000,0.000000,0.000000,0.000000,0.000000,0.000000,0.000000,0.000000,0.000000,0.000000,0.000000,0.000000,0.000000,0.000000,0.000000,0.000000,0.000000,0.000000,0.000000,0.000000,0.000000,0.000000,0.000000,0.000000,0.000000,0.000000,0.000000,0.000000,0.000000,0.000000,0.000000,0.000000,0.000000,0.000000,0.000000,0.000000,0.000000,0.000000,0.000000,0.000000,0.000000,0.000000,0.000000,0.000000,0.000000,0.000000,0.000000,0.000000,0.000000,0.000000,0.000000,0.000000,0.000000,0.000000,0.000000,0.000000,0.000000,0.000000,0.000000,0.000000,0.000000,0.000000,0.000000,0.000000,0.000000,0.000000,0.000000,0.000000,0.000000,0.000000,0.000000,0.000000,0.000000,0.000000,0.000000,0.000000,0.000000,0.000000,0.000000,0.000000,0.000000,0.000000,0.000000,0.000000,0.000000,0.000000,0.000000,0.000000,0.000000,0.000000,0.000000,0.000000,0.000000,0.000000,0.000000,0.000000,0.000000,0.000000,0.000000,0.000000,0.000000,0.000000,0.000000,0.000000,0.000000,0.000000,0.000000,0.000000,0.000000,0.000000,0.000000,0.000000,0.000000,0.000000,0.000000,0.000000,0.000000,0.000000,0.000000,0.000000,0.000000,0.000000,0.000000,0.000000,0.000000,0.000000,0.000000,0.000000,0.000000,0.000000,0.000000,0.000000,0.000000,0.000000,0.000016,0.000000,0.000000,0.000000,0.000000,0.000000,0.000000,0.000000,0.000000,0.000000,0.000000,0.000000,0.000000,0.000000,0.000000,0.000000,0.000000,0.000000,0.000000,0.000000,0.000000,0.000000,0.000000,0.000016,0.000000,0.000000,0.000000,0.000000,0.000000,0.000000,0.000000,0.000000,0.000016,0.000000,0.000000,0.000000,0.000000,0.000000,0.000016,0.000000,0.000000,0.000000,0.000000,0.000000,0.000000,0.000000,0.000000,0.000000
0.437000,0.000016,0.000000,0.000000,0.000000,0.000000,0.000000,0.000000,0.000000,0.000000,0.000000,0.000000,0.000000,0.000000,0.000000,0.000000,0.000000,0.000000,0.000000,0.000000,0.000000,0.000000,0.000000,0.000000,0.000000,0.000000,0.000000,0.000000,0.000000,0.000000,0.000000,0.000000,0.000000,0.000000,0.000000,0.000000,0.000000,0.000000,0.000000,0.000000,0.000000,0.000000,0.000000,0.000000,0.000000,0.000000,0.000000,0.000000,0.000000,0.000000,0.000000,0.000000,0.000000,0.000000,0.000000,0.000000,0.000000,0.000000,0.000000,0.000000,0.000000,0.000000,0.000000,0.000000,0.000000,0.000000,0.000000,0.000000,0.000000,0.000000,0.000000,0.000000,0.000000,0.000000,0.000000,0.000000,0.000000,0.000000,0.000000,0.000000,0.000000,0.000000,0.000000,0.000000,0.000000,0.000000,0.000000,0.000000,0.000000,0.000000,0.000000,0.000000,0.000000,0.000000,0.000000,0.000000,0.000000,0.000000,0.000000,0.000000,0.000000,0.000000,0.000000,0.000000,0.000000,0.000000,0.000000,0.000000,0.000000,0.000000,0.000000,0.000000,0.000000,0.000000,0.000000,0.000000,0.000000,0.000000,0.000000,0.000000,0.000000,0.000000,0.000000,0.000000,0.000000,0.000000,0.000000,0.000000,0.000000,0.000000,0.000000,0.000000,0.000000,0.000000,0.000000,0.000000,0.000000,0.000000,0.000000,0.000000,0.000000,0.000016,0.000000,0.000000,0.000000,0.000000,0.000000,0.000000,0.000000,0.000000,0.000000,0.000000,0.000000,0.000000,0.000000,0.000000,0.000000,0.000000,0.000000,0.000000,0.000000,0.000000,0.000000,0.000000,0.000000,0.000000,0.000000,0.000000,0.000000,0.000000,0.000000,0.000000,0.000000,0.000000,0.000000,0.000000,0.000000,0.000000,0.000000,0.000000,0.000000,0.000000,0.000000,0.000000,0.000000,0.000000,0.000000
0.438000,0.000016,0.000000,0.000000,0.000000,0.000000,0.000000,0.000000,0.000000,0.000000,0.000000,0.000000,0.000000,0.000000,0.000000,0.000000,0.000000,0.000000,0.000000,0.000000,0.000000,0.000000,0.000000,0.000000,0.000000,0.000000,0.000000,0.000000,0.000000,0.000000,0.000000,0.000000,0.000000,0.000000,0.000000,0.000000,0.000000,0.000000,0.000000,0.000000,0.000000,0.000000,0.000000,0.000000,0.000000,0.000000,0.000000,0.000000,0.000000,0.000000,0.000000,0.000000,0.000000,0.000000,0.000000,0.000000,0.000000,0.000000,0.000000,0.000000,0.000000,0.000000,0.000000,0.000000,0.000000,0.000000,0.000000,0.000000,0.000000,0.000000,0.000000,0.000000,0.000000,0.000000,0.000000,0.000000,0.000000,0.000000,0.000000,0.000000,0.000000,0.000000,0.000000,0.000000,0.000000,0.000000,0.000000,0.000000,0.000000,0.000000,0.000000,0.000000,0.000000,0.000000,0.000000,0.000000,0.000000,0.000000,0.000000,0.000000,0.000000,0.000000,0.000000,0.000000,0.000000,0.000000,0.000000,0.000000,0.000000,0.000000,0.000000,0.000000,0.000000,0.000000,0.000000,0.000000,0.000000,0.000000,0.000000,0.000000,0.000000,0.000000,0.000000,0.000000,0.000000,0.000000,0.000000,0.000000,0.000000,0.000000,0.000000,0.000000,0.000000,0.000000,0.000000,0.000000,0.000000,0.000000,0.000000,0.000000,0.000000,0.000000,0.000000,0.000016,0.000000,0.000000,0.000000,0.000000,0.000000,0.000000,0.000000,0.000000,0.000000,0.000000,0.000000,0.000000,0.000000,0.000000,0.000000,0.000000,0.000000,0.000000,0.000000,0.000000,0.000000,0.000000,0.000000,0.000000,0.000000,0.000000,0.000000,0.000000,0.000000,0.000000,0.000000,0.000000,0.000000,0.000000,0.000000,0.000000,0.000000,0.000000,0.000000,0.000000,0.000000,0.000000,0.000000
0.439000,0.000033,0.000000,0.000000,0.000000,0.000000,0.000000,0.000000,0.000000,0.000000,0.000000,0.000000,0.000000,0.000000,0.000000,0.000000,0.000000,0.000000,0.000000,0.000000,0.000000,0.000000,0.000000,0.000000,0.000000,0.000000,0.000000,0.000000,0.000000,0.000000,0.000000,0.000000,0.000000,0.000000,0.000000,0.000000,0.000000,0.000000,0.000000,0.000000,0.000000,0.000000,0.000000,0.000000,0.000000,0.000000,0.000000,0.000000,0.000000,0.000000,0.000000,0.000000,0.000000,0.000000,0.000000,0.000000,0.000000,0.000000,0.000000,0.000000,0.000000,0.000000,0.000000,0.000000,0.000000,0.000000,0.000000,0.000000,0.000000,0.000000,0.000000,0.000000,0.000000,0.000000,0.000000,0.000000,0.000000,0.000000,0.000000,0.000000,0.000000,0.000000,0.000000,0.000000,0.000000,0.000000,0.000000,0.000000,0.000000,0.000000,0.000000,0.000000,0.000000,0.000000,0.000000,0.000000,0.000000,0.000000,0.000000,0.000000,0.000000,0.000000,0.000000,0.000000,0.000000,0.000000,0.000000,0.000000,0.000000,0.000000,0.000000,0.000000,0.000000,0.000000,0.000000,0.000000,0.000000,0.000000,0.000000,0.000000,0.000000,0.000000,0.000000,0.000000,0.000000,0.000000,0.000000,0.000000,0.000000,0.000000,0.000000,0.000000,0.000000,0.000000,0.000016,0.000000,0.000000,0.000000,0.000000,0.000000,0.000000,0.000000,0.000000,0.000000,0.000000,0.000000,0.000000,0.000000,0.000000,0.000000,0.000000,0.000000,0.000000,0.000000,0.000000,0.000000,0.000000,0.000000,0.000000,0.000000,0.000000,0.000016,0.000000,0.000000,0.000000,0.000000,0.000000,0.000000,0.000000,0.000000,0.000000,0.000000,0.000000,0.000000,0.000000,0.000000,0.000000,0.000000,0.000000,0.000000,0.000000,0.000000,0.000000,0.000000,0.000000,0.000000,0.000000
0.441000,0.000016,0.000000,0.000000,0.000000,0.000000,0.000000,0.000000,0.000000,0.000000,0.000000,0.000000,0.000000,0.000000,0.000000,0.000000,0.000000,0.000000,0.000000,0.000000,0.000000,0.000000,0.000000,0.000000,0.000000,0.000000,0.000000,0.000000,0.000000,0.000000,0.000000,0.000000,0.000000,0.000000,0.000000,0.000000,0.000000,0.000000,0.000000,0.000000,0.000000,0.000000,0.000000,0.000000,0.000000,0.000000,0.000000,0.000000,0.000000,0.000000,0.000000,0.000000,0.000000,0.000000,0.000000,0.000000,0.000000,0.000000,0.000000,0.000000,0.000000,0.000000,0.000000,0.000000,0.000000,0.000000,0.000000,0.000000,0.000000,0.000000,0.000000,0.000000,0.000000,0.000000,0.000000,0.000000,0.000000,0.000000,0.000000,0.000000,0.000000,0.000000,0.000000,0.000000,0.000000,0.000000,0.000000,0.000000,0.000000,0.000000,0.000000,0.000000,0.000000,0.000000,0.000000,0.000000,0.000000,0.000000,0.000000,0.000000,0.000000,0.000000,0.000000,0.000000,0.000000,0.000000,0.000000,0.000000,0.000000,0.000000,0.000000,0.000000,0.000000,0.000000,0.000000,0.000000,0.000000,0.000000,0.000000,0.000000,0.000000,0.000000,0.000000,0.000000,0.000000,0.000000,0.000000,0.000000,0.000000,0.000000,0.000000,0.000000,0.000000,0.000000,0.000000,0.000000,0.000000,0.000000,0.000000,0.000000,0.000000,0.000000,0.000000,0.000000,0.000000,0.000000,0.000000,0.000000,0.000000,0.000000,0.000000,0.000000,0.000000,0.000000,0.000000,0.000000,0.000000,0.000000,0.000000,0.000000,0.000000,0.000000,0.000000,0.000000,0.000000,0.000000,0.000000,0.000000,0.000000,0.000000,0.000000,0.000000,0.000000,0.000000,0.000000,0.000000,0.000000,0.000016,0.000000,0.000000,0.000000,0.000000,0.000000,0.000000,0.000000,0.000000,0.000000
0.443000,0.000016,0.000000,0.000000,0.000000,0.000000,0.000000,0.000016,0.000000,0.000000,0.000000,0.000000,0.000000,0.000000,0.000000,0.000000,0.000000,0.000000,0.000000,0.000000,0.000000,0.000000,0.000000,0.000000,0.000000,0.000000,0.000000,0.000000,0.000000,0.000000,0.000000,0.000000,0.000000,0.000000,0.000000,0.000000,0.000000,0.000000,0.000000,0.000000,0.000000,0.000000,0.000000,0.000000,0.000000,0.000000,0.000000,0.000000,0.000000,0.000000,0.000000,0.000000,0.000000,0.000000,0.000000,0.000000,0.000000,0.000000,0.000000,0.000000,0.000000,0.000000,0.000000,0.000000,0.000000,0.000000,0.000000,0.000000,0.000000,0.000000,0.000000,0.000000,0.000000,0.000000,0.000000,0.000000,0.000000,0.000000,0.000000,0.000000,0.000000,0.000000,0.000000,0.000000,0.000000,0.000000,0.000000,0.000000,0.000000,0.000000,0.000000,0.000000,0.000000,0.000000,0.000000,0.000000,0.000000,0.000000,0.000000,0.000000,0.000000,0.000000,0.000000,0.000000,0.000000,0.000000,0.000000,0.000000,0.000000,0.000000,0.000000,0.000000,0.000000,0.000000,0.000000,0.000000,0.000000,0.000000,0.000000,0.000000,0.000000,0.000000,0.000000,0.000000,0.000000,0.000000,0.000000,0.000000,0.000000,0.000000,0.000000,0.000000,0.000000,0.000000,0.000000,0.000000,0.000000,0.000000,0.000000,0.000000,0.000000,0.000000,0.000000,0.000000,0.000000,0.000000,0.000000,0.000000,0.000000,0.000000,0.000000,0.000000,0.000000,0.000000,0.000000,0.000000,0.000000,0.000000,0.000000,0.000000,0.000000,0.000000,0.000000,0.000000,0.000000,0.000000,0.000000,0.000000,0.000000,0.000000,0.000000,0.000000,0.000000,0.000000,0.000000,0.000000,0.000000,0.000000,0.000000,0.000000,0.000000,0.000000,0.000000,0.000000,0.000000,0.000000,0.000000
0.445000,0.000016,0.000000,0.000000,0.000000,0.000000,0.000000,0.000000,0.000000,0.000000,0.000000,0.000000,0.000000,0.000000,0.000000,0.000000,0.000000,0.000000,0.000000,0.000000,0.000000,0.000000,0.000000,0.000000,0.000000,0.000000,0.000000,0.000000,0.000000,0.000000,0.000000,0.000000,0.000000,0.000000,0.000000,0.000000,0.000000,0.000000,0.000000,0.000000,0.000000,0.000000,0.000000,0.000000,0.000000,0.000000,0.000000,0.000000,0.000000,0.000000,0.000000,0.000000,0.000000,0.000000,0.000000,0.000000,0.000000,0.000000,0.000000,0.000000,0.000000,0.000000,0.000000,0.000000,0.000000,0.000000,0.000000,0.000000,0.000000,0.000000,0.000000,0.000000,0.000000,0.000000,0.000000,0.000000,0.000000,0.000000,0.000000,0.000000,0.000000,0.000000,0.000000,0.000000,0.000000,0.000000,0.000000,0.000000,0.000000,0.000000,0.000000,0.000000,0.000000,0.000000,0.000000,0.000000,0.000000,0.000000,0.000000,0.000000,0.000000,0.000000,0.000000,0.000000,0.000000,0.000000,0.000000,0.000000,0.000000,0.000000,0.000000,0.000000,0.000000,0.000000,0.000000,0.000000,0.000000,0.000000,0.000016,0.000000,0.000000,0.000000,0.000000,0.000000,0.000000,0.000000,0.000000,0.000000,0.000000,0.000000,0.000000,0.000000,0.000000,0.000000,0.000000,0.000000,0.000000,0.000000,0.000000,0.000000,0.000000,0.000000,0.000000,0.000000,0.000000,0.000000,0.000000,0.000000,0.000000,0.000000,0.000000,0.000000,0.000000,0.000000,0.000000,0.000000,0.000000,0.000000,0.000000,0.000000,0.000000,0.000000,0.000000,0.000000,0.000000,0.000000,0.000000,0.000000,0.000000,0.000000,0.000000,0.000000,0.000000,0.000000,0.000000,0.000000,0.000000,0.000000,0.000000,0.000000,0.000000,0.000000,0.000000,0.000000,0.000000,0.000000,0.000000
0.446000,0.000016,0.000000,0.000000,0.000000,0.000000,0.000000,0.000000,0.000000,0.000000,0.000000,0.000000,0.000000,0.000000,0.000000,0.000000,0.000000,0.000000,0.000000,0.000000,0.000000,0.000000,0.000000,0.000000,0.000000,0.000000,0.000000,0.000000,0.000000,0.000000,0.000000,0.000000,0.000000,0.000000,0.000000,0.000000,0.000000,0.000000,0.000000,0.000000,0.000000,0.000000,0.000000,0.000000,0.000000,0.000000,0.000000,0.000000,0.000000,0.000000,0.000000,0.000000,0.000000,0.000000,0.000000,0.000000,0.000000,0.000000,0.000000,0.000000,0.000000,0.000000,0.000000,0.000000,0.000000,0.000000,0.000000,0.000000,0.000000,0.000000,0.000000,0.000000,0.000000,0.000000,0.000000,0.000000,0.000000,0.000000,0.000000,0.000000,0.000000,0.000000,0.000000,0.000000,0.000000,0.000000,0.000000,0.000000,0.000000,0.000000,0.000000,0.000000,0.000000,0.000000,0.000000,0.000000,0.000000,0.000000,0.000000,0.000000,0.000000,0.000000,0.000000,0.000000,0.000000,0.000000,0.000000,0.000000,0.000000,0.000000,0.000000,0.000000,0.000000,0.000000,0.000000,0.000000,0.000000,0.000000,0.000016,0.000000,0.000000,0.000000,0.000000,0.000000,0.000000,0.000000,0.000000,0.000000,0.000000,0.000000,0.000000,0.000000,0.000000,0.000000,0.000000,0.000000,0.000000,0.000000,0.000000,0.000000,0.000000,0.000000,0.000000,0.000000,0.000000,0.000000,0.000000,0.000000,0.000000,0.000000,0.000000,0.000000,0.000000,0.000000,0.000000,0.000000,0.000000,0.000000,0.000000,0.000000,0.000000,0.000000,0.000000,0.000000,0.000000,0.000000,0.000000,0.000000,0.000000,0.000000,0.000000,0.000000,0.000000,0.000000,0.000000,0.000000,0.000000,0.000000,0.000000,0.000000,0.000000,0.000000,0.000000,0.000000,0.000000,0.000000,0.000000
0.447000,0.000033,0.000000,0.000000,0.000000,0.000000,0.000000,0.000000,0.000000,0.000000,0.000000,0.000000,0.000000,0.000000,0.000000,0.000000,0.000000,0.000000,0.000000,0.000000,0.000000,0.000000,0.000000,0.000000,0.000000,0.000000,0.000000,0.000000,0.000000,0.000000,0.000000,0.000000,0.000000,0.000000,0.000000,0.000000,0.000000,0.000000,0.000000,0.000000,0.000000,0.000000,0.000000,0.000000,0.000000,0.000000,0.000000,0.000000,0.000000,0.000000,0.000000,0.000000,0.000000,0.000000,0.000000,0.000000,0.000000,0.000000,0.000000,0.000000,0.000000,0.000000,0.000000,0.000000,0.000000,0.000000,0.000000,0.000000,0.000000,0.000000,0.000000,0.000000,0.000000,0.000000,0.000000,0.000000,0.000000,0.000000,0.000000,0.000000,0.000000,0.000000,0.000000,0.000000,0.000000,0.000000,0.000000,0.000000,0.000000,0.000000,0.000000,0.000000,0.000000,0.000000,0.000000,0.000000,0.000000,0.000000,0.000000,0.000000,0.000000,0.000000,0.000000,0.000000,0.000000,0.000000,0.000000,0.000000,0.000000,0.000000,0.000000,0.000000,0.000000,0.000000,0.000000,0.000000,0.000000,0.000000,0.000000,0.000000,0.000000,0.000000,0.000000,0.000000,0.000000,0.000000,0.000000,0.000000,0.000000,0.000000,0.000000,0.000000,0.000000,0.000000,0.000000,0.000000,0.000000,0.000000,0.000000,0.000000,0.000000,0.000000,0.000000,0.000000,0.000000,0.000000,0.000000,0.000000,0.000000,0.000000,0.000000,0.000000,0.000000,0.000000,0.000000,0.000000,0.000000,0.000000,0.000000,0.000000,0.000000,0.000016,0.000000,0.000000,0.000000,0.000000,0.000000,0.000000,0.000000,0.000000,0.000000,0.000000,0.000000,0.000000,0.000000,0.000000,0.000000,0.000000,0.000000,0.000000,0.000000,0.000000,0.000000,0.000000,0.000000,0.000016,0.000000
0.448000,0.000016,0.000000,0.000000,0.000000,0.000000,0.000000,0.000000,0.000000,0.000000,0.000000,0.000000,0.000000,0.000000,0.000000,0.000000,0.000000,0.000000,0.000000,0.000000,0.000000,0.000000,0.000000,0.000000,0.000000,0.000000,0.000000,0.000000,0.000000,0.000000,0.000000,0.000000,0.000000,0.000000,0.000000,0.000000,0.000000,0.000000,0.000000,0.000000,0.000000,0.000000,0.000000,0.000000,0.000000,0.000000,0.000000,0.000000,0.000000,0.000000,0.000000,0.000000,0.000000,0.000000,0.000000,0.000000,0.000000,0.000000,0.000000,0.000000,0.000000,0.000000,0.000000,0.000000,0.000000,0.000000,0.000000,0.000000,0.000000,0.000000,0.000000,0.000000,0.000000,0.000000,0.000000,0.000000,0.000000,0.000000,0.000000,0.000000,0.000000,0.000000,0.000000,0.000000,0.000000,0.000000,0.000000,0.000000,0.000000,0.000000,0.000000,0.000000,0.000000,0.000000,0.000000,0.000000,0.000000,0.000000,0.000000,0.000000,0.000000,0.000000,0.000000,0.000000,0.000000,0.000000,0.000000,0.000000,0.000000,0.000000,0.000000,0.000000,0.000000,0.000000,0.000000,0.000000,0.000000,0.000000,0.000000,0.000000,0.000000,0.000000,0.000000,0.000000,0.000000,0.000000,0.000000,0.000000,0.000000,0.000000,0.000000,0.000000,0.000000,0.000000,0.000000,0.000000,0.000000,0.000000,0.000000,0.000016,0.000000,0.000000,0.000000,0.000000,0.000000,0.000000,0.000000,0.000000,0.000000,0.000000,0.000000,0.000000,0.000000,0.000000,0.000000,0.000000,0.000000,0.000000,0.000000,0.000000,0.000000,0.000000,0.000000,0.000000,0.000000,0.000000,0.000000,0.000000,0.000000,0.000000,0.000000,0.000000,0.000000,0.000000,0.000000,0.000000,0.000000,0.000000,0.000000,0.000000,0.000000,0.000000,0.000000,0.000000,0.000000,0.000000,0.000000
0.449000,0.000016,0.000000,0.000000,0.000000,0.000000,0.000000,0.000000,0.000000,0.000000,0.000000,0.000000,0.000000,0.000000,0.000000,0.000000,0.000000,0.000000,0.000000,0.000000,0.000000,0.000000,0.000000,0.000000,0.000000,0.000000,0.000000,0.000000,0.000000,0.000000,0.000000,0.000000,0.000000,0.000000,0.000000,0.000000,0.000000,0.000000,0.000000,0.000000,0.000000,0.000000,0.000000,0.000000,0.000000,0.000000,0.000000,0.000000,0.000016,0.000000,0.000000,0.000000,0.000000,0.000000,0.000000,0.000000,0.000000,0.000000,0.000000,0.000000,0.000000,0.000000,0.000000,0.000000,0.000000,0.000000,0.000000,0.000000,0.000000,0.000000,0.000000,0.000000,0.000000,0.000000,0.000000,0.000000,0.000000,0.000000,0.000000,0.000000,0.000000,0.000000,0.000000,0.000000,0.000000,0.000000,0.000000,0.000000,0.000000,0.000000,0.000000,0.000000,0.000000,0.000000,0.000000,0.000000,0.000000,0.000000,0.000000,0.000000,0.000000,0.000000,0.000000,0.000000,0.000000,0.000000,0.000000,0.000000,0.000000,0.000000,0.000000,0.000000,0.000000,0.000000,0.000000,0.000000,0.000000,0.000000,0.000000,0.000000,0.000000,0.000000,0.000000,0.000000,0.000000,0.000000,0.000000,0.000000,0.000000,0.000000,0.000000,0.000000,0.000000,0.000000,0.000000,0.000000,0.000000,0.000000,0.000000,0.000000,0.000000,0.000000,0.000000,0.000000,0.000000,0.000000,0.000000,0.000000,0.000000,0.000000,0.000000,0.000000,0.000000,0.000000,0.000000,0.000000,0.000000,0.000000,0.000000,0.000000,0.000000,0.000000,0.000000,0.000000,0.000000,0.000000,0.000000,0.000000,0.000000,0.000000,0.000000,0.000000,0.000000,0.000000,0.000000,0.000000,0.000000,0.000000,0.000000,0.000000,0.000000,0.000000,0.000000,0.000000,0.000000,0.000000,0.000000
0.450000,0.000016,0.000000,0.000000,0.000000,0.000000,0.000000,0.000000,0.000000,0.000000,0.000000,0.000000,0.000000,0.000000,0.000000,0.000000,0.000000,0.000000,0.000000,0.000000,0.000000,0.000000,0.000000,0.000000,0.000000,0.000000,0.000016,0.000000,0.000000,0.000000,0.000000,0.000000,0.000000,0.000000,0.000000,0.000000,0.000000,0.000000,0.000000,0.000000,0.000000,0.000000,0.000000,0.000000,0.000000,0.000000,0.000000,0.000000,0.000000,0.000000,0.000000,0.000000,0.000000,0.000000,0.000000,0.000000,0.000000,0.000000,0.000000,0.000000,0.000000,0.000000,0.000000,0.000000,0.000000,0.000000,0.000000,0.000000,0.000000,0.000000,0.000000,0.000000,0.000000,0.000000,0.000000,0.000000,0.000000,0.000000,0.000000,0.000000,0.000000,0.000000,0.000000,0.000000,0.000000,0.000000,0.000000,0.000000,0.000000,0.000000,0.000000,0.000000,0.000000,0.000000,0.000000,0.000000,0.000000,0.000000,0.000000,0.000000,0.000000,0.000000,0.000000,0.000000,0.000000,0.000000,0.000000,0.000000,0.000000,0.000000,0.000000,0.000000,0.000000,0.000000,0.000000,0.000000,0.000000,0.000000,0.000000,0.000000,0.000000,0.000000,0.000000,0.000000,0.000000,0.000000,0.000000,0.000000,0.000000,0.000000,0.000000,0.000000,0.000000,0.000000,0.000000,0.000000,0.000000,0.000000,0.000000,0.000000,0.000000,0.000000,0.000000,0.000000,0.000000,0.000000,0.000000,0.000000,0.000000,0.000000,0.000000,0.000000,0.000000,0.000000,0.000000,0.000000,0.000000,0.000000,0.000000,0.000000,0.000000,0.000000,0.000000,0.000000,0.000000,0.000000,0.000000,0.000000,0.000000,0.000000,0.000000,0.000000,0.000000,0.000000,0.000000,0.000000,0.000000,0.000000,0.000000,0.000000,0.000000,0.000000,0.000000,0.000000,0.000000,0.000000,0.000000
0.454000,0.000016,0.000000,0.000000,0.000000,0.000000,0.000000,0.000000,0.000000,0.000000,0.000000,0.000000,0.000000,0.000000,0.000000,0.000000,0.000000,0.000000,0.000000,0.000000,0.000000,0.000000,0.000000,0.000000,0.000000,0.000000,0.000000,0.000000,0.000000,0.000000,0.000000,0.000000,0.000000,0.000000,0.000000,0.000000,0.000000,0.000000,0.000000,0.000000,0.000000,0.000000,0.000000,0.000000,0.000000,0.000000,0.000000,0.000000,0.000000,0.000000,0.000000,0.000000,0.000000,0.000000,0.000000,0.000000,0.000000,0.000000,0.000000,0.000000,0.000000,0.000000,0.000000,0.000000,0.000000,0.000000,0.000000,0.000000,0.000000,0.000000,0.000000,0.000000,0.000000,0.000000,0.000000,0.000000,0.000000,0.000000,0.000000,0.000000,0.000000,0.000000,0.000000,0.000000,0.000000,0.000000,0.000000,0.000000,0.000000,0.000000,0.000000,0.000000,0.000000,0.000000,0.000000,0.000000,0.000000,0.000000,0.000000,0.000000,0.000000,0.000000,0.000000,0.000000,0.000000,0.000000,0.000000,0.000000,0.000000,0.000000,0.000000,0.000000,0.000000,0.000000,0.000000,0.000000,0.000000,0.000000,0.000000,0.000000,0.000000,0.000000,0.000000,0.000000,0.000000,0.000000,0.000000,0.000000,0.000000,0.000000,0.000000,0.000000,0.000000,0.000000,0.000000,0.000000,0.000000,0.000000,0.000000,0.000000,0.000000,0.000000,0.000000,0.000000,0.000000,0.000000,0.000000,0.000000,0.000000,0.000000,0.000000,0.000000,0.000000,0.000000,0.000000,0.000000,0.000000,0.000000,0.000000,0.000000,0.000000,0.000000,0.000000,0.000000,0.000000,0.000000,0.000000,0.000000,0.000000,0.000000,0.000000,0.000000,0.000000,0.000000,0.000000,0.000000,0.000000,0.000000,0.000000,0.000000,0.000000,0.000000,0.000000,0.000000,0.000016,0.000000,0.000000
0.455000,0.000049,0.000000,0.000000,0.000000,0.000000,0.000000,0.000000,0.000000,0.000000,0.000000,0.000000,0.000000,0.000000,0.000016,0.000000,0.000000,0.000000,0.000000,0.000000,0.000000,0.000000,0.000000,0.000000,0.000000,0.000000,0.000000,0.000000,0.000000,0.000000,0.000000,0.000000,0.000000,0.000000,0.000000,0.000000,0.000000,0.000000,0.000000,0.000000,0.000000,0.000000,0.000000,0.000000,0.000000,0.000000,0.000000,0.000000,0.000000,0.000000,0.000000,0.000000,0.000000,0.000000,0.000000,0.000000,0.000000,0.000000,0.000000,0.000000,0.000000,0.000000,0.000000,0.000000,0.000000,0.000000,0.000000,0.000000,0.000000,0.000000,0.000000,0.000000,0.000000,0.000000,0.000000,0.000000,0.000000,0.000000,0.000000,0.000000,0.000000,0.000000,0.000000,0.000000,0.000000,0.000000,0.000000,0.000000,0.000000,0.000000,0.000000,0.000000,0.000000,0.000000,0.000000,0.000000,0.000000,0.000000,0.000000,0.000000,0.000000,0.000000,0.000000,0.000000,0.000000,0.000000,0.000000,0.000000,0.000000,0.000000,0.000000,0.000000,0.000000,0.000000,0.000000,0.000000,0.000000,0.000000,0.000000,0.000000,0.000000,0.000000,0.000000,0.000000,0.000000,0.000000,0.000000,0.000000,0.000000,0.000000,0.000000,0.000000,0.000000,0.000000,0.000000,0.000000,0.000000,0.000000,0.000000,0.000016,0.000000,0.000000,0.000000,0.000000,0.000000,0.000000,0.000000,0.000000,0.000000,0.000000,0.000000,0.000000,0.000000,0.000000,0.000000,0.000000,0.000000,0.000000,0.000000,0.000000,0.000016,0.000000,0.000000,0.000000,0.000000,0.000000,0.000000,0.000000,0.000000,0.000000,0.000000,0.000000,0.000000,0.000000,0.000000,0.000000,0.000000,0.000000,0.000000,0.000000,0.000000,0.000000,0.000000,0.000000,0.000000,0.000000,0.000000
0.458000,0.000016,0.000000,0.000000,0.000000,0.000000,0.000000,0.000000,0.000000,0.000000,0.000000,0.000000,0.000000,0.000000,0.000000,0.000000,0.000000,0.000000,0.000000,0.000000,0.000000,0.000000,0.000000,0.000000,0.000000,0.000000,0.000000,0.000000,0.000000,0.000000,0.000000,0.000000,0.000000,0.000000,0.000000,0.000000,0.000000,0.000000,0.000000,0.000000,0.000000,0.000000,0.000000,0.000000,0.000000,0.000000,0.000000,0.000000,0.000000,0.000000,0.000000,0.000000,0.000000,0.000000,0.000000,0.000000,0.000000,0.000000,0.000000,0.000000,0.000000,0.000000,0.000000,0.000000,0.000000,0.000000,0.000000,0.000000,0.000000,0.000000,0.000000,0.000000,0.000000,0.000000,0.000000,0.000000,0.000000,0.000000,0.000000,0.000000,0.000000,0.000000,0.000000,0.000000,0.000000,0.000000,0.000000,0.000000,0.000000,0.000000,0.000000,0.000000,0.000000,0.000000,0.000000,0.000000,0.000000,0.000000,0.000000,0.000000,0.000000,0.000000,0.000000,0.000000,0.000000,0.000000,0.000000,0.000000,0.000000,0.000000,0.000000,0.000000,0.000000,0.000000,0.000000,0.000000,0.000000,0.000000,0.000000,0.000000,0.000000,0.000000,0.000000,0.000000,0.000000,0.000000,0.000000,0.000000,0.000000,0.000000,0.000000,0.000000,0.000000,0.000000,0.000000,0.000000,0.000000,0.000000,0.000000,0.000000,0.000000,0.000000,0.000000,0.000000,0.000000,0.000000,0.000000,0.000000,0.000000,0.000000,0.000000,0.000000,0.000000,0.000000,0.000000,0.000000,0.000000,0.000000,0.000000,0.000000,0.000000,0.000000,0.000000,0.000000,0.000000,0.000000,0.000000,0.000000,0.000000,0.000000,0.000000,0.000000,0.000000,0.000000,0.000000,0.000000,0.000000,0.000000,0.000000,0.000000,0.000000,0.000000,0.000000,0.000016,0.000000,0.000000,0.000000
0.459000,0.000033,0.000000,0.000000,0.000000,0.000000,0.000000,0.000000,0.000000,0.000000,0.000000,0.000000,0.000000,0.000000,0.000000,0.000000,0.000000,0.000000,0.000000,0.000000,0.000000,0.000000,0.000000,0.000000,0.000000,0.000000,0.000000,0.000000,0.000000,0.000000,0.000000,0.000000,0.000000,0.000000,0.000000,0.000000,0.000000,0.000000,0.000000,0.000000,0.000000,0.000000,0.000000,0.000000,0.000000,0.000000,0.000000,0.000000,0.000000,0.000000,0.000000,0.000000,0.000000,0.000000,0.000000,0.000000,0.000000,0.000000,0.000000,0.000000,0.000000,0.000000,0.000000,0.000000,0.000000,0.000000,0.000000,0.000000,0.000000,0.000000,0.000000,0.000000,0.000000,0.000000,0.000000,0.000000,0.000000,0.000000,0.000000,0.000000,0.000000,0.000000,0.000000,0.000000,0.000000,0.000000,0.000000,0.000000,0.000000,0.000000,0.000000,0.000000,0.000000,0.000000,0.000000,0.000000,0.000000,0.000000,0.000000,0.000000,0.000000,0.000000,0.000000,0.000000,0.000016,0.000000,0.000000,0.000000,0.000000,0.000000,0.000000,0.000000,0.000000,0.000000,0.000000,0.000000,0.000000,0.000000,0.000000,0.000000,0.000000,0.000000,0.000000,0.000000,0.000000,0.000000,0.000000,0.000000,0.000000,0.000000,0.000000,0.000000,0.000000,0.000000,0.000000,0.000000,0.000000,0.000000,0.000000,0.000000,0.000000,0.000000,0.000000,0.000000,0.000000,0.000000,0.000000,0.000000,0.000000,0.000000,0.000000,0.000000,0.000000,0.000000,0.000000,0.000000,0.000000,0.000000,0.000000,0.000000,0.000000,0.000000,0.000000,0.000000,0.000000,0.000000,0.000000,0.000000,0.000000,0.000000,0.000000,0.000000,0.000000,0.000000,0.000000,0.000000,0.000000,0.000000,0.000000,0.000000,0.000000,0.000000,0.000000,0.000000,0.000000,0.000016,0.000000
0.460000,0.000049,0.000000,0.000000,0.000000,0.000000,0.000000,0.000000,0.000000,0.000000,0.000000,0.000000,0.000000,0.000000,0.000000,0.000000,0.000000,0.000000,0.000000,0.000000,0.000000,0.000000,0.000000,0.000000,0.000000,0.000000,0.000000,0.000000,0.000000,0.000000,0.000000,0.000000,0.000000,0.000000,0.000000,0.000000,0.000000,0.000000,0.000000,0.000000,0.000000,0.000000,0.000000,0.000000,0.000000,0.000000,0.000000,0.000000,0.000000,0.000000,0.000000,0.000000,0.000000,0.000000,0.000000,0.000000,0.000000,0.000000,0.000000,0.000000,0.000000,0.000000,0.000000,0.000000,0.000000,0.000000,0.000000,0.000000,0.000000,0.000000,0.000000,0.000000,0.000000,0.000000,0.000000,0.000000,0.000000,0.000000,0.000000,0.000000,0.000000,0.000000,0.000000,0.000000,0.000000,0.000000,0.000000,0.000000,0.000000,0.000000,0.000000,0.000000,0.000000,0.000000,0.000000,0.000000,0.000000,0.000000,0.000000,0.000000,0.000000,0.000000,0.000000,0.000000,0.000000,0.000000,0.000000,0.000000,0.000000,0.000000,0.000000,0.000000,0.000000,0.000000,0.000000,0.000000,0.000000,0.000000,0.000000,0.000000,0.000000,0.000000,0.000000,0.000000,0.000000,0.000000,0.000000,0.000000,0.000000,0.000000,0.000016,0.000000,0.000000,0.000000,0.000000,0.000000,0.000000,0.000000,0.000000,0.000000,0.000000,0.000000,0.000000,0.000000,0.000000,0.000000,0.000000,0.000000,0.000000,0.000000,0.000016,0.000000,0.000000,0.000000,0.000000,0.000000,0.000000,0.000000,0.000000,0.000000,0.000000,0.000000,0.000000,0.000000,0.000000,0.000000,0.000000,0.000000,0.000000,0.000000,0.000000,0.000000,0.000016,0.000000,0.000000,0.000000,0.000000,0.000000,0.000000,0.000000,0.000000,0.000000,0.000000,0.000000,0.000000,0.000000,0.000000
0.461000,0.000016,0.000000,0.000000,0.000000,0.000000,0.000000,0.000000,0.000000,0.000000,0.000000,0.000000,0.000000,0.000000,0.000016,0.000000,0.000000,0.000000,0.000000,0.000000,0.000000,0.000000,0.000000,0.000000,0.000000,0.000000,0.000000,0.000000,0.000000,0.000000,0.000000,0.000000,0.000000,0.000000,0.000000,0.000000,0.000000,0.000000,0.000000,0.000000,0.000000,0.000000,0.000000,0.000000,0.000000,0.000000,0.000000,0.000000,0.000000,0.000000,0.000000,0.000000,0.000000,0.000000,0.000000,0.000000,0.000000,0.000000,0.000000,0.000000,0.000000,0.000000,0.000000,0.000000,0.000000,0.000000,0.000000,0.000000,0.000000,0.000000,0.000000,0.000000,0.000000,0.000000,0.000000,0.000000,0.000000,0.000000,0.000000,0.000000,0.000000,0.000000,0.000000,0.000000,0.000000,0.000000,0.000000,0.000000,0.000000,0.000000,0.000000,0.000000,0.000000,0.000000,0.000000,0.000000,0.000000,0.000000,0.000000,0.000000,0.000000,0.000000,0.000000,0.000000,0.000000,0.000000,0.000000,0.000000,0.000000,0.000000,0.000000,0.000000,0.000000,0.000000,0.000000,0.000000,0.000000,0.000000,0.000000,0.000000,0.000000,0.000000,0.000000,0.000000,0.000000,0.000000,0.000000,0.000000,0.000000,0.000000,0.000000,0.000000,0.000000,0.000000,0.000000,0.000000,0.000000,0.000000,0.000000,0.000000,0.000000,0.000000,0.000000,0.000000,0.000000,0.000000,0.000000,0.000000,0.000000,0.000000,0.000000,0.000000,0.000000,0.000000,0.000000,0.000000,0.000000,0.000000,0.000000,0.000000,0.000000,0.000000,0.000000,0.000000,0.000000,0.000000,0.000000,0.000000,0.000000,0.000000,0.000000,0.000000,0.000000,0.000000,0.000000,0.000000,0.000000,0.000000,0.000000,0.000000,0.000000,0.000000,0.000000,0.000000,0.000000,0.000000,0.000000
0.463000,0.000016,0.000000,0.000000,0.000000,0.000016,0.000000,0.000000,0.000000,0.000000,0.000000,0.000000,0.000000,0.000000,0.000000,0.000000,0.000000,0.000000,0.000000,0.000000,0.000000,0.000000,0.000000,0.000000,0.000000,0.000000,0.000000,0.000000,0.000000,0.000000,0.000000,0.000000,0.000000,0.000000,0.000000,0.000000,0.000000,0.000000,0.000000,0.000000,0.000000,0.000000,0.000000,0.000000,0.000000,0.000000,0.000000,0.000000,0.000000,0.000000,0.000000,0.000000,0.000000,0.000000,0.000000,0.000000,0.000000,0.000000,0.000000,0.000000,0.000000,0.000000,0.000000,0.000000,0.000000,0.000000,0.000000,0.000000,0.000000,0.000000,0.000000,0.000000,0.000000,0.000000,0.000000,0.000000,0.000000,0.000000,0.000000,0.000000,0.000000,0.000000,0.000000,0.000000,0.000000,0.000000,0.000000,0.000000,0.000000,0.000000,0.000000,0.000000,0.000000,0.000000,0.000000,0.000000,0.000000,0.000000,0.000000,0.000000,0.000000,0.000000,0.000000,0.000000,0.000000,0.000000,0.000000,0.000000,0.000000,0.000000,0.000000,0.000000,0.000000,0.000000,0.000000,0.000000,0.000000,0.000000,0.000000,0.000000,0.000000,0.000000,0.000000,0.000000,0.000000,0.000000,0.000000,0.000000,0.000000,0.000000,0.000000,0.000000,0.000000,0.000000,0.000000,0.000000,0.000000,0.000000,0.000000,0.000000,0.000000,0.000000,0.000000,0.000000,0.000000,0.000000,0.000000,0.000000,0.000000,0.000000,0.000000,0.000000,0.000000,0.000000,0.000000,0.000000,0.000000,0.000000,0.000000,0.000000,0.000000,0.000000,0.000000,0.000000,0.000000,0.000000,0.000000,0.000000,0.000000,0.000000,0.000000,0.000000,0.000000,0.000000,0.000000,0.000000,0.000000,0.000000,0.000000,0.000000,0.000000,0.000000,0.000000,0.000000,0.000000,0.000000,0.000000
0.464000,0.000016,0.000000,0.000000,0.000000,0.000000,0.000000,0.000000,0.000000,0.000000,0.000000,0.000000,0.000000,0.000000,0.000000,0.000000,0.000000,0.000000,0.000000,0.000000,0.000000,0.000000,0.000000,0.000000,0.000000,0.000000,0.000000,0.000000,0.000000,0.000000,0.000000,0.000000,0.000000,0.000000,0.000000,0.000000,0.000000,0.000000,0.000000,0.000000,0.000000,0.000000,0.000000,0.000000,0.000000,0.000000,0.000000,0.000000,0.000000,0.000000,0.000000,0.000000,0.000000,0.000000,0.000000,0.000000,0.000000,0.000000,0.000000,0.000000,0.000000,0.000000,0.000000,0.000000,0.000000,0.000000,0.000000,0.000000,0.000000,0.000000,0.000000,0.000000,0.000000,0.000000,0.000000,0.000000,0.000000,0.000000,0.000000,0.000000,0.000000,0.000000,0.000000,0.000000,0.000000,0.000000,0.000000,0.000000,0.000000,0.000000,0.000000,0.000000,0.000000,0.000000,0.000000,0.000000,0.000000,0.000000,0.000000,0.000000,0.000000,0.000000,0.000000,0.000000,0.000000,0.000000,0.000000,0.000000,0.000000,0.000000,0.000000,0.000000,0.000000,0.000000,0.000000,0.000000,0.000000,0.000000,0.000000,0.000000,0.000000,0.000000,0.000000,0.000000,0.000000,0.000000,0.000000,0.000000,0.000000,0.000000,0.000000,0.000000,0.000000,0.000000,0.000016,0.000000,0.000000,0.000000,0.000000,0.000000,0.000000,0.000000,0.000000,0.000000,0.000000,0.000000,0.000000,0.000000,0.000000,0.000000,0.000000,0.000000,0.000000,0.000000,0.000000,0.000000,0.000000,0.000000,0.000000,0.000000,0.000000,0.000000,0.000000,0.000000,0.000000,0.000000,0.000000,0.000000,0.000000,0.000000,0.000000,0.000000,0.000000,0.000000,0.000000,0.000000,0.000000,0.000000,0.000000,0.000000,0.000000,0.000000,0.000000,0.000000,0.000000,0.000000,0.000000
0.468000,0.000033,0.000000,0.000000,0.000000,0.000000,0.000000,0.000000,0.000000,0.000000,0.000000,0.000000,0.000000,0.000000,0.000000,0.000000,0.000000,0.000000,0.000016,0.000000,0.000000,0.000000,0.000000,0.000000,0.000000,0.000000,0.000000,0.000000,0.000000,0.000000,0.000000,0.000000,0.000000,0.000000,0.000000,0.000000,0.000000,0.000000,0.000000,0.000000,0.000000,0.000000,0.000000,0.000000,0.000000,0.000000,0.000000,0.000000,0.000000,0.000000,0.000000,0.000000,0.000000,0.000000,0.000000,0.000000,0.000000,0.000000,0.000000,0.000000,0.000000,0.000000,0.000000,0.000000,0.000000,0.000000,0.000000,0.000000,0.000000,0.000000,0.000000,0.000000,0.000000,0.000000,0.000000,0.000000,0.000000,0.000000,0.000000,0.000000,0.000000,0.000000,0.000000,0.000000,0.000000,0.000000,0.000000,0.000000,0.000000,0.000000,0.000000,0.000000,0.000000,0.000000,0.000000,0.000000,0.000000,0.000000,0.000000,0.000000,0.000000,0.000000,0.000000,0.000000,0.000000,0.000000,0.000000,0.000000,0.000000,0.000000,0.000000,0.000000,0.000000,0.000000,0.000000,0.000000,0.000000,0.000000,0.000000,0.000000,0.000000,0.000000,0.000000,0.000000,0.000000,0.000000,0.000000,0.000016,0.000000,0.000000,0.000000,0.000000,0.000000,0.000000,0.000000,0.000000,0.000000,0.000000,0.000000,0.000000,0.000000,0.000000,0.000000,0.000000,0.000000,0.000000,0.000000,0.000000,0.000000,0.000000,0.000000,0.000000,0.000000,0.000000,0.000000,0.000000,0.000000,0.000000,0.000000,0.000000,0.000000,0.000000,0.000000,0.000000,0.000000,0.000000,0.000000,0.000000,0.000000,0.000000,0.000000,0.000000,0.000000,0.000000,0.000000,0.000000,0.000000,0.000000,0.000000,0.000000,0.000000,0.000000,0.000000,0.000000,0.000000,0.000000,0.000000
0.471000,0.000033,0.000000,0.000000,0.000000,0.000000,0.000000,0.000000,0.000000,0.000000,0.000000,0.000000,0.000000,0.000000,0.000000,0.000000,0.000000,0.000000,0.000000,0.000000,0.000000,0.000000,0.000000,0.000000,0.000000,0.000000,0.000000,0.000000,0.000000,0.000000,0.000000,0.000000,0.000000,0.000000,0.000000,0.000000,0.000000,0.000000,0.000000,0.000000,0.000000,0.000000,0.000000,0.000000,0.000000,0.000000,0.000000,0.000000,0.000000,0.000000,0.000000,0.000000,0.000000,0.000000,0.000000,0.000000,0.000000,0.000000,0.000000,0.000000,0.000000,0.000000,0.000000,0.000000,0.000000,0.000000,0.000000,0.000000,0.000000,0.000000,0.000000,0.000000,0.000000,0.000000,0.000000,0.000000,0.000000,0.000000,0.000000,0.000000,0.000000,0.000000,0.000000,0.000000,0.000000,0.000000,0.000000,0.000000,0.000000,0.000000,0.000000,0.000000,0.000000,0.000000,0.000000,0.000000,0.000000,0.000000,0.000000,0.000000,0.000000,0.000000,0.000000,0.000000,0.000000,0.000000,0.000000,0.000000,0.000000,0.000000,0.000000,0.000000,0.000000,0.000000,0.000000,0.000000,0.000000,0.000000,0.000000,0.000000,0.000000,0.000000,0.000000,0.000000,0.000000,0.000016,0.000000,0.000000,0.000000,0.000000,0.000000,0.000000,0.000000,0.000000,0.000000,0.000000,0.000000,0.000000,0.000000,0.000000,0.000000,0.000000,0.000000,0.000000,0.000000,0.000000,0.000000,0.000000,0.000000,0.000000,0.000000,0.000000,0.000000,0.000000,0.000000,0.000000,0.000000,0.000000,0.000000,0.000000,0.000000,0.000000,0.000000,0.000000,0.000016,0.000000,0.000000,0.000000,0.000000,0.000000,0.000000,0.000000,0.000000,0.000000,0.000000,0.000000,0.000000,0.000000,0.000000,0.000000,0.000000,0.000000,0.000000,0.000000,0.000000,0.000000,0.000000
0.472000,0.000016,0.000000,0.000000,0.000000,0.000000,0.000000,0.000000,0.000000,0.000000,0.000000,0.000000,0.000000,0.000000,0.000000,0.000000,0.000000,0.000000,0.000000,0.000000,0.000000,0.000000,0.000000,0.000000,0.000000,0.000000,0.000000,0.000000,0.000000,0.000000,0.000000,0.000000,0.000000,0.000000,0.000000,0.000000,0.000000,0.000000,0.000000,0.000000,0.000000,0.000000,0.000000,0.000000,0.000000,0.000000,0.000000,0.000000,0.000000,0.000000,0.000000,0.000000,0.000000,0.000000,0.000000,0.000000,0.000000,0.000000,0.000000,0.000000,0.000000,0.000000,0.000000,0.000000,0.000000,0.000000,0.000000,0.000000,0.000000,0.000000,0.000000,0.000000,0.000000,0.000000,0.000000,0.000000,0.000000,0.000000,0.000000,0.000000,0.000000,0.000000,0.000000,0.000000,0.000000,0.000000,0.000000,0.000000,0.000000,0.000000,0.000000,0.000000,0.000000,0.000000,0.000000,0.000000,0.000000,0.000000,0.000000,0.000000,0.000000,0.000000,0.000000,0.000000,0.000000,0.000000,0.000000,0.000000,0.000000,0.000000,0.000000,0.000000,0.000000,0.000000,0.000000,0.000000,0.000000,0.000000,0.000000,0.000000,0.000000,0.000000,0.000000,0.000000,0.000000,0.000000,0.000000,0.000000,0.000000,0.000000,0.000000,0.000000,0.000000,0.000000,0.000000,0.000000,0.000000,0.000000,0.000000,0.000000,0.000000,0.000000,0.000000,0.000000,0.000000,0.000000,0.000000,0.000000,0.000000,0.000000,0.000000,0.000000,0.000000,0.000016,0.000000,0.000000,0.000000,0.000000,0.000000,0.000000,0.000000,0.000000,0.000000,0.000000,0.000000,0.000000,0.000000,0.000000,0.000000,0.000000,0.000000,0.000000,0.000000,0.000000,0.000000,0.000000,0.000000,0.000000,0.000000,0.000000,0.000000,0.000000,0.000000,0.000000,0.000000,0.000000,0.000000
0.473000,0.000016,0.000000,0.000000,0.000000,0.000000,0.000000,0.000000,0.000000,0.000000,0.000000,0.000000,0.000000,0.000000,0.000000,0.000000,0.000000,0.000000,0.000016,0.000000,0.000000,0.000000,0.000000,0.000000,0.000000,0.000000,0.000000,0.000000,0.000000,0.000000,0.000000,0.000000,0.000000,0.000000,0.000000,0.000000,0.000000,0.000000,0.000000,0.000000,0.000000,0.000000,0.000000,0.000000,0.000000,0.000000,0.000000,0.000000,0.000000,0.000000,0.000000,0.000000,0.000000,0.000000,0.000000,0.000000,0.000000,0.000000,0.000000,0.000000,0.000000,0.000000,0.000000,0.000000,0.000000,0.000000,0.000000,0.000000,0.000000,0.000000,0.000000,0.000000,0.000000,0.000000,0.000000,0.000000,0.000000,0.000000,0.000000,0.000000,0.000000,0.000000,0.000000,0.000000,0.000000,0.000000,0.000000,0.000000,0.000000,0.000000,0.000000,0.000000,0.000000,0.000000,0.000000,0.000000,0.000000,0.000000,0.000000,0.000000,0.000000,0.000000,0.000000,0.000000,0.000000,0.000000,0.000000,0.000000,0.000000,0.000000,0.000000,0.000000,0.000000,0.000000,0.000000,0.000000,0.000000,0.000000,0.000000,0.000000,0.000000,0.000000,0.000000,0.000000,0.000000,0.000000,0.000000,0.000000,0.000000,0.000000,0.000000,0.000000,0.000000,0.000000,0.000000,0.000000,0.000000,0.000000,0.000000,0.000000,0.000000,0.000000,0.000000,0.000000,0.000000,0.000000,0.000000,0.000000,0.000000,0.000000,0.000000,0.000000,0.000000,0.000000,0.000000,0.000000,0.000000,0.000000,0.000000,0.000000,0.000000,0.000000,0.000000,0.000000,0.000000,0.000000,0.000000,0.000000,0.000000,0.000000,0.000000,0.000000,0.000000,0.000000,0.000000,0.000000,0.000000,0.000000,0.000000,0.000000,0.000000,0.000000,0.000000,0.000000,0.000000,0.000000,0.000000
0.475000,0.000033,0.000000,0.000000,0.000000,0.000016,0.000000,0.000000,0.000000,0.000000,0.000000,0.000000,0.000000,0.000000,0.000000,0.000000,0.000000,0.000000,0.000000,0.000000,0.000000,0.000000,0.000000,0.000000,0.000000,0.000000,0.000000,0.000000,0.000000,0.000000,0.000000,0.000000,0.000000,0.000000,0.000000,0.000000,0.000000,0.000000,0.000000,0.000000,0.000000,0.000000,0.000000,0.000000,0.000000,0.000000,0.000000,0.000000,0.000000,0.000000,0.000000,0.000000,0.000000,0.000000,0.000000,0.000000,0.000000,0.000000,0.000000,0.000000,0.000000,0.000000,0.000000,0.000000,0.000000,0.000000,0.000000,0.000000,0.000000,0.000000,0.000000,0.000000,0.000000,0.000000,0.000000,0.000000,0.000000,0.000000,0.000000,0.000000,0.000000,0.000000,0.000000,0.000000,0.000000,0.000000,0.000000,0.000000,0.000000,0.000000,0.000000,0.000000,0.000000,0.000000,0.000000,0.000000,0.000000,0.000000,0.000000,0.000000,0.000000,0.000000,0.000000,0.000000,0.000000,0.000000,0.000000,0.000000,0.000000,0.000000,0.000000,0.000000,0.000000,0.000000,0.000000,0.000000,0.000000,0.000000,0.000000,0.000000,0.000000,0.000000,0.000000,0.000000,0.000000,0.000000,0.000000,0.000000,0.000000,0.000000,0.000000,0.000000,0.000000,0.000000,0.000000,0.000000,0.000000,0.000000,0.000000,0.000000,0.000000,0.000000,0.000000,0.000000,0.000000,0.000000,0.000000,0.000000,0.000000,0.000000,0.000000,0.000000,0.000000,0.000000,0.000000,0.000000,0.000000,0.000000,0.000000,0.000000,0.000000,0.000000,0.000000,0.000000,0.000000,0.000000,0.000000,0.000000,0.000016,0.000000,0.000000,0.000000,0.000000,0.000000,0.000000,0.000000,0.000000,0.000000,0.000000,0.000000,0.000000,0.000000,0.000000,0.000000,0.000000,0.000000,0.000000
0.482000,0.000016,0.000000,0.000000,0.000000,0.000000,0.000000,0.000000,0.000000,0.000000,0.000000,0.000000,0.000000,0.000000,0.000000,0.000000,0.000000,0.000000,0.000000,0.000000,0.000000,0.000000,0.000000,0.000000,0.000000,0.000000,0.000000,0.000000,0.000000,0.000000,0.000000,0.000000,0.000000,0.000000,0.000000,0.000000,0.000000,0.000000,0.000000,0.000000,0.000000,0.000000,0.000000,0.000000,0.000000,0.000000,0.000000,0.000000,0.000000,0.000000,0.000000,0.000000,0.000000,0.000000,0.000000,0.000000,0.000000,0.000000,0.000000,0.000000,0.000000,0.000000,0.000000,0.000000,0.000000,0.000000,0.000000,0.000000,0.000000,0.000000,0.000000,0.000000,0.000000,0.000000,0.000000,0.000000,0.000000,0.000000,0.000000,0.000000,0.000000,0.000000,0.000000,0.000000,0.000000,0.000000,0.000000,0.000000,0.000000,0.000000,0.000000,0.000000,0.000000,0.000000,0.000000,0.000000,0.000000,0.000000,0.000000,0.000000,0.000000,0.000000,0.000000,0.000000,0.000000,0.000000,0.000000,0.000000,0.000000,0.000000,0.000000,0.000000,0.000016,0.000000,0.000000,0.000000,0.000000,0.000000,0.000000,0.000000,0.000000,0.000000,0.000000,0.000000,0.000000,0.000000,0.000000,0.000000,0.000000,0.000000,0.000000,0.000000,0.000000,0.000000,0.000000,0.000000,0.000000,0.000000,0.000000,0.000000,0.000000,0.000000,0.000000,0.000000,0.000000,0.000000,0.000000,0.000000,0.000000,0.000000,0.000000,0.000000,0.000000,0.000000,0.000000,0.000000,0.000000,0.000000,0.000000,0.000000,0.000000,0.000000,0.000000,0.000000,0.000000,0.000000,0.000000,0.000000,0.000000,0.000000,0.000000,0.000000,0.000000,0.000000,0.000000,0.000000,0.000000,0.000000,0.000000,0.000000,0.000000,0.000000,0.000000,0.000000,0.000000,0.000000,0.000000
0.484000,0.000016,0.000000,0.000000,0.000000,0.000000,0.000000,0.000000,0.000000,0.000000,0.000000,0.000000,0.000000,0.000000,0.000000,0.000000,0.000000,0.000000,0.000000,0.000000,0.000000,0.000000,0.000000,0.000000,0.000000,0.000000,0.000000,0.000000,0.000000,0.000000,0.000000,0.000000,0.000000,0.000000,0.000000,0.000000,0.000000,0.000000,0.000000,0.000000,0.000000,0.000000,0.000000,0.000000,0.000000,0.000000,0.000000,0.000000,0.000000,0.000000,0.000000,0.000000,0.000000,0.000000,0.000000,0.000000,0.000000,0.000000,0.000000,0.000000,0.000000,0.000000,0.000000,0.000000,0.000000,0.000016,0.000000,0.000000,0.000000,0.000000,0.000000,0.000000,0.000000,0.000000,0.000000,0.000000,0.000000,0.000000,0.000000,0.000000,0.000000,0.000000,0.000000,0.000000,0.000000,0.000000,0.000000,0.000000,0.000000,0.000000,0.000000,0.000000,0.000000,0.000000,0.000000,0.000000,0.000000,0.000000,0.000000,0.000000,0.000000,0.000000,0.000000,0.000000,0.000000,0.000000,0.000000,0.000000,0.000000,0.000000,0.000000,0.000000,0.000000,0.000000,0.000000,0.000000,0.000000,0.000000,0.000000,0.000000,0.000000,0.000000,0.000000,0.000000,0.000000,0.000000,0.000000,0.000000,0.000000,0.000000,0.000000,0.000000,0.000000,0.000000,0.000000,0.000000,0.000000,0.000000,0.000000,0.000000,0.000000,0.000000,0.000000,0.000000,0.000000,0.000000,0.000000,0.000000,0.000000,0.000000,0.000000,0.000000,0.000000,0.000000,0.000000,0.000000,0.000000,0.000000,0.000000,0.000000,0.000000,0.000000,0.000000,0.000000,0.000000,0.000000,0.000000,0.000000,0.000000,0.000000,0.000000,0.000000,0.000000,0.000000,0.000000,0.000000,0.000000,0.000000,0.000000,0.000000,0.000000,0.000000,0.000000,0.000000,0.000000,0.000000,0.000000
0.489000,0.000065,0.000000,0.000000,0.000000,0.000016,0.000000,0.000000,0.000000,0.000000,0.000000,0.000000,0.000000,0.000000,0.000000,0.000000,0.000000,0.000000,0.000000,0.000000,0.000000,0.000000,0.000000,0.000000,0.000000,0.000000,0.000000,0.000000,0.000000,0.000000,0.000000,0.000000,0.000000,0.000000,0.000000,0.000000,0.000000,0.000000,0.000000,0.000000,0.000000,0.000000,0.000000,0.000000,0.000000,0.000000,0.000000,0.000000,0.000000,0.000000,0.000000,0.000000,0.000000,0.000000,0.000000,0.000000,0.000000,0.000000,0.000000,0.000000,0.000000,0.000000,0.000000,0.000000,0.000000,0.000000,0.000000,0.000000,0.000000,0.000000,0.000000,0.000000,0.000000,0.000000,0.000000,0.000000,0.000000,0.000000,0.000000,0.000000,0.000000,0.000000,0.000000,0.000000,0.000000,0.000000,0.000000,0.000000,0.000000,0.000000,0.000000,0.000000,0.000000,0.000000,0.000000,0.000000,0.000000,0.000000,0.000000,0.000000,0.000000,0.000000,0.000000,0.000000,0.000000,0.000000,0.000000,0.000000,0.000000,0.000000,0.000000,0.000000,0.000000,0.000000,0.000000,0.000000,0.000000,0.000000,0.000000,0.000000,0.000000,0.000000,0.000000,0.000000,0.000000,0.000000,0.000000,0.000000,0.000000,0.000000,0.000000,0.000000,0.000000,0.000000,0.000000,0.000000,0.000016,0.000000,0.000016,0.000000,0.000000,0.000000,0.000000,0.000000,0.000000,0.000000,0.000000,0.000000,0.000000,0.000000,0.000000,0.000016,0.000000,0.000000,0.000000,0.000000,0.000000,0.000000,0.000000,0.000000,0.000000,0.000000,0.000000,0.000000,0.000000,0.000000,0.000000,0.000000,0.000000,0.000000,0.000000,0.000000,0.000000,0.000000,0.000000,0.000000,0.000000,0.000000,0.000000,0.000000,0.000000,0.000000,0.000000,0.000000,0.000000,0.000000,0.000000
0.490000,0.000049,0.000000,0.000000,0.000000,0.000000,0.000000,0.000000,0.000000,0.000000,0.000000,0.000000,0.000000,0.000000,0.000000,0.000000,0.000000,0.000000,0.000000,0.000000,0.000000,0.000000,0.000000,0.000000,0.000000,0.000000,0.000000,0.000000,0.000000,0.000000,0.000000,0.000000,0.000000,0.000000,0.000000,0.000000,0.000000,0.000000,0.000000,0.000000,0.000000,0.000000,0.000000,0.000000,0.000000,0.000000,0.000000,0.000000,0.000000,0.000000,0.000000,0.000000,0.000000,0.000000,0.000000,0.000000,0.000000,0.000000,0.000000,0.000000,0.000000,0.000000,0.000000,0.000000,0.000000,0.000000,0.000000,0.000000,0.000000,0.000000,0.000000,0.000000,0.000000,0.000000,0.000000,0.000000,0.000000,0.000000,0.000000,0.000000,0.000000,0.000000,0.000000,0.000000,0.000000,0.000000,0.000000,0.000000,0.000000,0.000000,0.000000,0.000000,0.000000,0.000000,0.000000,0.000000,0.000000,0.000000,0.000000,0.000000,0.000000,0.000000,0.000000,0.000000,0.000000,0.000000,0.000000,0.000000,0.000000,0.000000,0.000000,0.000000,0.000000,0.000000,0.000000,0.000000,0.000000,0.000000,0.000000,0.000000,0.000000,0.000000,0.000000,0.000000,0.000000,0.000000,0.000000,0.000000,0.000000,0.000000,0.000000,0.000000,0.000000,0.000000,0.000000,0.000000,0.000000,0.000000,0.000000,0.000000,0.000000,0.000000,0.000000,0.000000,0.000000,0.000000,0.000000,0.000000,0.000000,0.000000,0.000000,0.000000,0.000000,0.000016,0.000000,0.000000,0.000000,0.000000,0.000000,0.000000,0.000000,0.000000,0.000000,0.000000,0.000000,0.000000,0.000000,0.000000,0.000000,0.000000,0.000000,0.000000,0.000000,0.000000,0.000016,0.000000,0.000000,0.000000,0.000000,0.000000,0.000000,0.000000,0.000016,0.000000,0.000000,0.000000,0.000000
0.491000,0.000016,0.000000,0.000000,0.000000,0.000000,0.000000,0.000000,0.000000,0.000000,0.000000,0.000000,0.000000,0.000000,0.000000,0.000000,0.000000,0.000000,0.000000,0.000000,0.000000,0.000000,0.000000,0.000000,0.000000,0.000000,0.000000,0.000000,0.000000,0.000000,0.000000,0.000000,0.000000,0.000000,0.000000,0.000000,0.000000,0.000000,0.000000,0.000000,0.000000,0.000000,0.000000,0.000000,0.000000,0.000000,0.000000,0.000000,0.000000,0.000000,0.000000,0.000000,0.000000,0.000000,0.000000,0.000000,0.000000,0.000000,0.000000,0.000000,0.000000,0.000000,0.000000,0.000000,0.000000,0.000000,0.000000,0.000000,0.000000,0.000000,0.000000,0.000000,0.000000,0.000000,0.000000,0.000000,0.000000,0.000000,0.000000,0.000000,0.000000,0.000000,0.000000,0.000000,0.000000,0.000000,0.000000,0.000000,0.000000,0.000000,0.000000,0.000000,0.000000,0.000000,0.000000,0.000000,0.000000,0.000000,0.000000,0.000000,0.000000,0.000000,0.000000,0.000000,0.000000,0.000000,0.000000,0.000000,0.000000,0.000000,0.000000,0.000000,0.000000,0.000000,0.000000,0.000000,0.000000,0.000000,0.000000,0.000000,0.000000,0.000000,0.000000,0.000000,0.000000,0.000000,0.000000,0.000000,0.000000,0.000000,0.000000,0.000000,0.000000,0.000000,0.000000,0.000000,0.000000,0.000000,0.000000,0.000000,0.000000,0.000000,0.000000,0.000000,0.000000,0.000000,0.000000,0.000000,0.000000,0.000000,0.000000,0.000000,0.000000,0.000000,0.000000,0.000000,0.000000,0.000000,0.000000,0.000000,0.000000,0.000000,0.000000,0.000000,0.000000,0.000000,0.000000,0.000000,0.000000,0.000000,0.000000,0.000000,0.000000,0.000000,0.000000,0.000000,0.000000,0.000000,0.000000,0.000000,0.000000,0.000000,0.000000,0.000000,0.000000,0.000016,0.000000
0.492000,0.000033,0.000000,0.000000,0.000000,0.000000,0.000000,0.000000,0.000000,0.000000,0.000000,0.000000,0.000000,0.000000,0.000000,0.000000,0.000000,0.000000,0.000000,0.000000,0.000000,0.000000,0.000000,0.000000,0.000000,0.000000,0.000000,0.000000,0.000000,0.000000,0.000000,0.000000,0.000000,0.000000,0.000000,0.000000,0.000000,0.000000,0.000000,0.000000,0.000000,0.000000,0.000000,0.000000,0.000000,0.000000,0.000000,0.000000,0.000000,0.000000,0.000000,0.000000,0.000000,0.000000,0.000000,0.000000,0.000000,0.000000,0.000000,0.000000,0.000000,0.000000,0.000000,0.000000,0.000000,0.000000,0.000000,0.000000,0.000000,0.000000,0.000000,0.000000,0.000000,0.000000,0.000000,0.000000,0.000000,0.000000,0.000000,0.000000,0.000000,0.000000,0.000000,0.000000,0.000000,0.000000,0.000000,0.000000,0.000000,0.000000,0.000000,0.000000,0.000000,0.000000,0.000000,0.000000,0.000000,0.000000,0.000000,0.000000,0.000000,0.000000,0.000000,0.000000,0.000000,0.000000,0.000000,0.000000,0.000000,0.000000,0.000000,0.000000,0.000000,0.000000,0.000000,0.000000,0.000000,0.000000,0.000000,0.000000,0.000000,0.000000,0.000000,0.000000,0.000000,0.000000,0.000000,0.000000,0.000000,0.000016,0.000000,0.000000,0.000000,0.000000,0.000000,0.000016,0.000000,0.000000,0.000000,0.000000,0.000000,0.000000,0.000000,0.000000,0.000000,0.000000,0.000000,0.000000,0.000000,0.000000,0.000000,0.000000,0.000000,0.000000,0.000000,0.000000,0.000000,0.000000,0.000000,0.000000,0.000000,0.000000,0.000000,0.000000,0.000000,0.000000,0.000000,0.000000,0.000000,0.000000,0.000000,0.000000,0.000000,0.000000,0.000000,0.000000,0.000000,0.000000,0.000000,0.000000,0.000000,0.000000,0.000000,0.000000,0.000000,0.000000,0.000000
0.496000,0.000016,0.000000,0.000000,0.000000,0.000000,0.000000,0.000000,0.000000,0.000000,0.000000,0.000000,0.000000,0.000000,0.000000,0.000000,0.000000,0.000000,0.000000,0.000000,0.000000,0.000000,0.000000,0.000000,0.000000,0.000000,0.000000,0.000000,0.000000,0.000000,0.000000,0.000000,0.000000,0.000000,0.000000,0.000000,0.000000,0.000000,0.000000,0.000000,0.000000,0.000000,0.000000,0.000000,0.000000,0.000000,0.000000,0.000000,0.000000,0.000000,0.000000,0.000000,0.000000,0.000000,0.000000,0.000000,0.000000,0.000000,0.000000,0.000000,0.000000,0.000000,0.000000,0.000000,0.000000,0.000000,0.000000,0.000000,0.000000,0.000000,0.000000,0.000000,0.000000,0.000000,0.000000,0.000000,0.000000,0.000000,0.000000,0.000000,0.000000,0.000000,0.000000,0.000000,0.000000,0.000000,0.000000,0.000000,0.000000,0.000000,0.000000,0.000000,0.000000,0.000000,0.000000,0.000000,0.000000,0.000000,0.000000,0.000000,0.000000,0.000000,0.000000,0.000000,0.000000,0.000000,0.000000,0.000000,0.000000,0.000000,0.000000,0.000000,0.000000,0.000000,0.000000,0.000000,0.000000,0.000000,0.000000,0.000000,0.000000,0.000000,0.000000,0.000000,0.000016,0.000000,0.000000,0.000000,0.000000,0.000000,0.000000,0.000000,0.000000,0.000000,0.000000,0.000000,0.000000,0.000000,0.000000,0.000000,0.000000,0.000000,0.000000,0.000000,0.000000,0.000000,0.000000,0.000000,0.000000,0.000000,0.000000,0.000000,0.000000,0.000000,0.000000,0.000000,0.000000,0.000000,0.000000,0.000000,0.000000,0.000000,0.000000,0.000000,0.000000,0.000000,0.000000,0.000000,0.000000,0.000000,0.000000,0.000000,0.000000,0.000000,0.000000,0.000000,0.000000,0.000000,0.000000,0.000000,0.000000,0.000000,0.000000,0.000000,0.000000,0.000000,0.000000
0.497000,0.000016,0.000000,0.000000,0.000000,0.000000,0.000000,0.000000,0.000000,0.000000,0.000000,0.000000,0.000000,0.000000,0.000000,0.000000,0.000000,0.000000,0.000000,0.000000,0.000000,0.000000,0.000000,0.000000,0.000000,0.000000,0.000000,0.000000,0.000000,0.000000,0.000000,0.000000,0.000000,0.000000,0.000000,0.000000,0.000000,0.000000,0.000000,0.000000,0.000000,0.000000,0.000000,0.000000,0.000000,0.000000,0.000000,0.000000,0.000000,0.000000,0.000000,0.000000,0.000000,0.000000,0.000000,0.000000,0.000000,0.000000,0.000000,0.000000,0.000000,0.000000,0.000000,0.000000,0.000000,0.000000,0.000000,0.000000,0.000000,0.000000,0.000000,0.000000,0.000000,0.000000,0.000000,0.000000,0.000000,0.000000,0.000000,0.000000,0.000000,0.000000,0.000000,0.000000,0.000000,0.000000,0.000000,0.000000,0.000000,0.000000,0.000000,0.000000,0.000000,0.000000,0.000000,0.000000,0.000000,0.000000,0.000000,0.000000,0.000000,0.000000,0.000016,0.000000,0.000000,0.000000,0.000000,0.000000,0.000000,0.000000,0.000000,0.000000,0.000000,0.000000,0.000000,0.000000,0.000000,0.000000,0.000000,0.000000,0.000000,0.000000,0.000000,0.000000,0.000000,0.000000,0.000000,0.000000,0.000000,0.000000,0.000000,0.000000,0.000000,0.000000,0.000000,0.000000,0.000000,0.000000,0.000000,0.000000,0.000000,0.000000,0.000000,0.000000,0.000000,0.000000,0.000000,0.000000,0.000000,0.000000,0.000000,0.000000,0.000000,0.000000,0.000000,0.000000,0.000000,0.000000,0.000000,0.000000,0.000000,0.000000,0.000000,0.000000,0.000000,0.000000,0.000000,0.000000,0.000000,0.000000,0.000000,0.000000,0.000000,0.000000,0.000000,0.000000,0.000000,0.000000,0.000000,0.000000,0.000000,0.000000,0.000000,0.000000,0.000000,0.000000,0.000000
0.510000,0.000016,0.000000,0.000000,0.000000,0.000000,0.000000,0.000000,0.000000,0.000000,0.000000,0.000000,0.000000,0.000000,0.000000,0.000000,0.000000,0.000000,0.000000,0.000000,0.000000,0.000000,0.000000,0.000000,0.000000,0.000000,0.000016,0.000000,0.000000,0.000000,0.000000,0.000000,0.000000,0.000000,0.000000,0.000000,0.000000,0.000000,0.000000,0.000000,0.000000,0.000000,0.000000,0.000000,0.000000,0.000000,0.000000,0.000000,0.000000,0.000000,0.000000,0.000000,0.000000,0.000000,0.000000,0.000000,0.000000,0.000000,0.000000,0.000000,0.000000,0.000000,0.000000,0.000000,0.000000,0.000000,0.000000,0.000000,0.000000,0.000000,0.000000,0.000000,0.000000,0.000000,0.000000,0.000000,0.000000,0.000000,0.000000,0.000000,0.000000,0.000000,0.000000,0.000000,0.000000,0.000000,0.000000,0.000000,0.000000,0.000000,0.000000,0.000000,0.000000,0.000000,0.000000,0.000000,0.000000,0.000000,0.000000,0.000000,0.000000,0.000000,0.000000,0.000000,0.000000,0.000000,0.000000,0.000000,0.000000,0.000000,0.000000,0.000000,0.000000,0.000000,0.000000,0.000000,0.000000,0.000000,0.000000,0.000000,0.000000,0.000000,0.000000,0.000000,0.000000,0.000000,0.000000,0.000000,0.000000,0.000000,0.000000,0.000000,0.000000,0.000000,0.000000,0.000000,0.000000,0.000000,0.000000,0.000000,0.000000,0.000000,0.000000,0.000000,0.000000,0.000000,0.000000,0.000000,0.000000,0.000000,0.000000,0.000000,0.000000,0.000000,0.000000,0.000000,0.000000,0.000000,0.000000,0.000000,0.000000,0.000000,0.000000,0.000000,0.000000,0.000000,0.000000,0.000000,0.000000,0.000000,0.000000,0.000000,0.000000,0.000000,0.000000,0.000000,0.000000,0.000000,0.000000,0.000000,0.000000,0.000000,0.000000,0.000000,0.000000,0.000000,0.000000
0.515000,0.000016,0.000000,0.000000,0.000000,0.000000,0.000000,0.000000,0.000000,0.000000,0.000000,0.000000,0.000000,0.000000,0.000000,0.000000,0.000000,0.000000,0.000000,0.000000,0.000000,0.000000,0.000000,0.000000,0.000000,0.000000,0.000000,0.000000,0.000000,0.000000,0.000000,0.000000,0.000000,0.000000,0.000000,0.000000,0.000000,0.000000,0.000000,0.000000,0.000000,0.000000,0.000000,0.000000,0.000000,0.000000,0.000000,0.000000,0.000000,0.000000,0.000000,0.000000,0.000000,0.000000,0.000000,0.000000,0.000000,0.000000,0.000000,0.000000,0.000000,0.000000,0.000000,0.000000,0.000000,0.000000,0.000000,0.000000,0.000000,0.000000,0.000000,0.000000,0.000000,0.000000,0.000000,0.000000,0.000000,0.000000,0.000000,0.000000,0.000000,0.000000,0.000000,0.000000,0.000000,0.000000,0.000000,0.000000,0.000000,0.000000,0.000000,0.000000,0.000000,0.000000,0.000000,0.000000,0.000000,0.000000,0.000000,0.000000,0.000000,0.000000,0.000000,0.000000,0.000000,0.000000,0.000000,0.000000,0.000000,0.000000,0.000000,0.000000,0.000000,0.000000,0.000000,0.000000,0.000000,0.000000,0.000000,0.000000,0.000000,0.000000,0.000000,0.000000,0.000000,0.000000,0.000000,0.000000,0.000000,0.000000,0.000000,0.000000,0.000000,0.000000,0.000000,0.000000,0.000000,0.000000,0.000000,0.000000,0.000000,0.000000,0.000000,0.000000,0.000000,0.000000,0.000000,0.000000,0.000000,0.000000,0.000000,0.000000,0.000000,0.000000,0.000000,0.000000,0.000000,0.000000,0.000000,0.000000,0.000000,0.000000,0.000016,0.000000,0.000000,0.000000,0.000000,0.000000,0.000000,0.000000,0.000000,0.000000,0.000000,0.000000,0.000000,0.000000,0.000000,0.000000,0.000000,0.000000,0.000000,0.000000,0.000000,0.000000,0.000000,0.000000,0.000000
0.517000,0.000016,0.000000,0.000000,0.000000,0.000000,0.000000,0.000000,0.000000,0.000000,0.000000,0.000000,0.000000,0.000000,0.000000,0.000000,0.000000,0.000000,0.000000,0.000000,0.000000,0.000000,0.000000,0.000000,0.000000,0.000000,0.000000,0.000000,0.000000,0.000000,0.000000,0.000000,0.000000,0.000000,0.000000,0.000000,0.000000,0.000000,0.000000,0.000000,0.000000,0.000000,0.000000,0.000000,0.000000,0.000000,0.000000,0.000000,0.000000,0.000000,0.000000,0.000000,0.000000,0.000000,0.000000,0.000000,0.000000,0.000000,0.000000,0.000000,0.000000,0.000000,0.000000,0.000000,0.000000,0.000000,0.000000,0.000000,0.000000,0.000000,0.000000,0.000000,0.000000,0.000000,0.000000,0.000000,0.000000,0.000000,0.000000,0.000000,0.000000,0.000000,0.000000,0.000000,0.000000,0.000000,0.000000,0.000000,0.000000,0.000000,0.000000,0.000000,0.000000,0.000000,0.000000,0.000000,0.000000,0.000000,0.000000,0.000000,0.000000,0.000000,0.000000,0.000000,0.000000,0.000000,0.000000,0.000000,0.000000,0.000000,0.000000,0.000000,0.000000,0.000000,0.000000,0.000016,0.000000,0.000000,0.000000,0.000000,0.000000,0.000000,0.000000,0.000000,0.000000,0.000000,0.000000,0.000000,0.000000,0.000000,0.000000,0.000000,0.000000,0.000000,0.000000,0.000000,0.000000,0.000000,0.000000,0.000000,0.000000,0.000000,0.000000,0.000000,0.000000,0.000000,0.000000,0.000000,0.000000,0.000000,0.000000,0.000000,0.000000,0.000000,0.000000,0.000000,0.000000,0.000000,0.000000,0.000000,0.000000,0.000000,0.000000,0.000000,0.000000,0.000000,0.000000,0.000000,0.000000,0.000000,0.000000,0.000000,0.000000,0.000000,0.000000,0.000000,0.000000,0.000000,0.000000,0.000000,0.000000,0.000000,0.000000,0.000000,0.000000,0.000000,0.000000
0.522000,0.000016,0.000000,0.000000,0.000000,0.000000,0.000000,0.000000,0.000000,0.000000,0.000000,0.000000,0.000000,0.000000,0.000000,0.000000,0.000000,0.000000,0.000000,0.000000,0.000000,0.000000,0.000000,0.000000,0.000000,0.000000,0.000000,0.000000,0.000000,0.000000,0.000000,0.000000,0.000000,0.000000,0.000000,0.000000,0.000000,0.000000,0.000000,0.000000,0.000000,0.000000,0.000000,0.000000,0.000000,0.000000,0.000000,0.000000,0.000000,0.000000,0.000000,0.000000,0.000000,0.000000,0.000000,0.000000,0.000000,0.000000,0.000000,0.000000,0.000000,0.000000,0.000000,0.000000,0.000000,0.000000,0.000000,0.000000,0.000000,0.000000,0.000000,0.000000,0.000000,0.000000,0.000000,0.000000,0.000000,0.000000,0.000000,0.000000,0.000000,0.000000,0.000000,0.000000,0.000000,0.000000,0.000000,0.000000,0.000000,0.000000,0.000000,0.000000,0.000000,0.000000,0.000000,0.000000,0.000000,0.000000,0.000000,0.000000,0.000000,0.000000,0.000000,0.000000,0.000000,0.000000,0.000000,0.000000,0.000000,0.000000,0.000000,0.000000,0.000000,0.000000,0.000000,0.000000,0.000000,0.000000,0.000000,0.000000,0.000000,0.000000,0.000000,0.000000,0.000000,0.000000,0.000000,0.000000,0.000000,0.000000,0.000000,0.000000,0.000000,0.000000,0.000000,0.000000,0.000000,0.000000,0.000000,0.000000,0.000000,0.000000,0.000000,0.000000,0.000000,0.000000,0.000000,0.000016,0.000000,0.000000,0.000000,0.000000,0.000000,0.000000,0.000000,0.000000,0.000000,0.000000,0.000000,0.000000,0.000000,0.000000,0.000000,0.000000,0.000000,0.000000,0.000000,0.000000,0.000000,0.000000,0.000000,0.000000,0.000000,0.000000,0.000000,0.000000,0.000000,0.000000,0.000000,0.000000,0.000000,0.000000,0.000000,0.000000,0.000000,0.000000,0.000000
0.524000,0.000033,0.000000,0.000000,0.000000,0.000000,0.000000,0.000000,0.000000,0.000000,0.000000,0.000000,0.000000,0.000000,0.000000,0.000000,0.000000,0.000000,0.000000,0.000000,0.000000,0.000000,0.000000,0.000000,0.000000,0.000000,0.000000,0.000000,0.000000,0.000000,0.000000,0.000000,0.000000,0.000000,0.000000,0.000000,0.000000,0.000000,0.000000,0.000000,0.000000,0.000000,0.000000,0.000000,0.000000,0.000000,0.000000,0.000000,0.000000,0.000000,0.000000,0.000000,0.000000,0.000000,0.000000,0.000000,0.000000,0.000000,0.000000,0.000000,0.000000,0.000000,0.000000,0.000000,0.000000,0.000000,0.000000,0.000000,0.000000,0.000000,0.000000,0.000000,0.000000,0.000000,0.000000,0.000000,0.000000,0.000000,0.000000,0.000000,0.000000,0.000000,0.000000,0.000000,0.000000,0.000000,0.000000,0.000000,0.000000,0.000000,0.000000,0.000000,0.000000,0.000000,0.000000,0.000000,0.000000,0.000000,0.000000,0.000000,0.000000,0.000000,0.000000,0.000000,0.000000,0.000000,0.000000,0.000000,0.000000,0.000000,0.000000,0.000000,0.000000,0.000000,0.000000,0.000000,0.000000,0.000000,0.000000,0.000000,0.000000,0.000000,0.000000,0.000016,0.000000,0.000000,0.000000,0.000000,0.000000,0.000000,0.000000,0.000000,0.000000,0.000000,0.000000,0.000000,0.000000,0.000000,0.000000,0.000000,0.000000,0.000000,0.000000,0.000000,0.000000,0.000000,0.000000,0.000000,0.000000,0.000000,0.000000,0.000000,0.000000,0.000000,0.000000,0.000000,0.000000,0.000000,0.000000,0.000000,0.000000,0.000000,0.000000,0.000000,0.000000,0.000000,0.000000,0.000000,0.000000,0.000000,0.000000,0.000000,0.000000,0.000000,0.000000,0.000000,0.000016,0.000000,0.000000,0.000000,0.000000,0.000000,0.000000,0.000000,0.000000,0.000000,0.000000
0.525000,0.000016,0.000000,0.000000,0.000000,0.000000,0.000000,0.000000,0.000000,0.000000,0.000000,0.000000,0.000000,0.000000,0.000000,0.000000,0.000000,0.000000,0.000000,0.000000,0.000000,0.000000,0.000000,0.000000,0.000000,0.000000,0.000000,0.000000,0.000000,0.000000,0.000000,0.000000,0.000000,0.000000,0.000000,0.000000,0.000000,0.000000,0.000000,0.000000,0.000000,0.000000,0.000000,0.000000,0.000000,0.000000,0.000000,0.000000,0.000000,0.000000,0.000000,0.000000,0.000000,0.000000,0.000000,0.000000,0.000000,0.000000,0.000000,0.000000,0.000000,0.000000,0.000000,0.000000,0.000000,0.000000,0.000000,0.000000,0.000000,0.000000,0.000000,0.000000,0.000000,0.000000,0.000000,0.000000,0.000000,0.000000,0.000000,0.000000,0.000000,0.000000,0.000000,0.000000,0.000000,0.000000,0.000000,0.000000,0.000000,0.000000,0.000000,0.000000,0.000000,0.000000,0.000000,0.000000,0.000000,0.000000,0.000000,0.000000,0.000000,0.000000,0.000000,0.000000,0.000000,0.000000,0.000000,0.000000,0.000000,0.000000,0.000000,0.000000,0.000000,0.000000,0.000000,0.000000,0.000000,0.000000,0.000000,0.000000,0.000000,0.000000,0.000000,0.000000,0.000000,0.000000,0.000000,0.000000,0.000000,0.000000,0.000000,0.000000,0.000000,0.000000,0.000000,0.000000,0.000000,0.000000,0.000000,0.000000,0.000000,0.000000,0.000000,0.000000,0.000000,0.000000,0.000000,0.000000,0.000000,0.000000,0.000000,0.000000,0.000000,0.000000,0.000000,0.000000,0.000000,0.000000,0.000000,0.000000,0.000000,0.000000,0.000016,0.000000,0.000000,0.000000,0.000000,0.000000,0.000000,0.000000,0.000000,0.000000,0.000000,0.000000,0.000000,0.000000,0.000000,0.000000,0.000000,0.000000,0.000000,0.000000,0.000000,0.000000,0.000000,0.000000,0.000000
0.528000,0.000016,0.000000,0.000000,0.000000,0.000000,0.000000,0.000000,0.000000,0.000000,0.000000,0.000000,0.000000,0.000000,0.000000,0.000000,0.000000,0.000000,0.000000,0.000000,0.000000,0.000000,0.000000,0.000000,0.000000,0.000000,0.000000,0.000000,0.000000,0.000000,0.000000,0.000000,0.000000,0.000000,0.000000,0.000000,0.000000,0.000000,0.000000,0.000000,0.000000,0.000000,0.000000,0.000000,0.000000,0.000000,0.000000,0.000000,0.000000,0.000000,0.000000,0.000000,0.000000,0.000000,0.000016,0.000000,0.000000,0.000000,0.000000,0.000000,0.000000,0.000000,0.000000,0.000000,0.000000,0.000000,0.000000,0.000000,0.000000,0.000000,0.000000,0.000000,0.000000,0.000000,0.000000,0.000000,0.000000,0.000000,0.000000,0.000000,0.000000,0.000000,0.000000,0.000000,0.000000,0.000000,0.000000,0.000000,0.000000,0.000000,0.000000,0.000000,0.000000,0.000000,0.000000,0.000000,0.000000,0.000000,0.000000,0.000000,0.000000,0.000000,0.000000,0.000000,0.000000,0.000000,0.000000,0.000000,0.000000,0.000000,0.000000,0.000000,0.000000,0.000000,0.000000,0.000000,0.000000,0.000000,0.000000,0.000000,0.000000,0.000000,0.000000,0.000000,0.000000,0.000000,0.000000,0.000000,0.000000,0.000000,0.000000,0.000000,0.000000,0.000000,0.000000,0.000000,0.000000,0.000000,0.000000,0.000000,0.000000,0.000000,0.000000,0.000000,0.000000,0.000000,0.000000,0.000000,0.000000,0.000000,0.000000,0.000000,0.000000,0.000000,0.000000,0.000000,0.000000,0.000000,0.000000,0.000000,0.000000,0.000000,0.000000,0.000000,0.000000,0.000000,0.000000,0.000000,0.000000,0.000000,0.000000,0.000000,0.000000,0.000000,0.000000,0.000000,0.000000,0.000000,0.000000,0.000000,0.000000,0.000000,0.000000,0.000000,0.000000,0.000000,0.000000
0.538000,0.000016,0.000000,0.000000,0.000000,0.000000,0.000000,0.000000,0.000000,0.000000,0.000000,0.000000,0.000000,0.000000,0.000000,0.000000,0.000000,0.000000,0.000000,0.000000,0.000000,0.000000,0.000000,0.000000,0.000000,0.000000,0.000000,0.000000,0.000000,0.000000,0.000000,0.000000,0.000000,0.000000,0.000000,0.000000,0.000000,0.000000,0.000000,0.000000,0.000000,0.000000,0.000000,0.000000,0.000000,0.000000,0.000000,0.000000,0.000000,0.000000,0.000000,0.000000,0.000000,0.000000,0.000000,0.000000,0.000000,0.000000,0.000000,0.000000,0.000000,0.000000,0.000000,0.000000,0.000000,0.000000,0.000000,0.000000,0.000000,0.000000,0.000000,0.000000,0.000000,0.000000,0.000000,0.000000,0.000000,0.000000,0.000000,0.000000,0.000000,0.000000,0.000000,0.000000,0.000000,0.000000,0.000000,0.000000,0.000000,0.000000,0.000000,0.000000,0.000000,0.000000,0.000000,0.000000,0.000000,0.000000,0.000000,0.000000,0.000000,0.000000,0.000016,0.000000,0.000000,0.000000,0.000000,0.000000,0.000000,0.000000,0.000000,0.000000,0.000000,0.000000,0.000000,0.000000,0.000000,0.000000,0.000000,0.000000,0.000000,0.000000,0.000000,0.000000,0.000000,0.000000,0.000000,0.000000,0.000000,0.000000,0.000000,0.000000,0.000000,0.000000,0.000000,0.000000,0.000000,0.000000,0.000000,0.000000,0.000000,0.000000,0.000000,0.000000,0.000000,0.000000,0.000000,0.000000,0.000000,0.000000,0.000000,0.000000,0.000000,0.000000,0.000000,0.000000,0.000000,0.000000,0.000000,0.000000,0.000000,0.000000,0.000000,0.000000,0.000000,0.000000,0.000000,0.000000,0.000000,0.000000,0.000000,0.000000,0.000000,0.000000,0.000000,0.000000,0.000000,0.000000,0.000000,0.000000,0.000000,0.000000,0.000000,0.000000,0.000000,0.000000,0.000000
0.539000,0.000016,0.000000,0.000000,0.000000,0.000000,0.000000,0.000000,0.000000,0.000000,0.000000,0.000000,0.000000,0.000000,0.000000,0.000000,0.000000,0.000000,0.000000,0.000000,0.000000,0.000000,0.000000,0.000000,0.000000,0.000000,0.000000,0.000000,0.000000,0.000000,0.000000,0.000000,0.000000,0.000000,0.000000,0.000000,0.000000,0.000000,0.000000,0.000000,0.000000,0.000000,0.000000,0.000000,0.000000,0.000000,0.000000,0.000000,0.000000,0.000000,0.000000,0.000000,0.000000,0.000000,0.000000,0.000000,0.000000,0.000000,0.000000,0.000000,0.000000,0.000000,0.000000,0.000000,0.000000,0.000000,0.000000,0.000000,0.000000,0.000000,0.000000,0.000000,0.000000,0.000000,0.000000,0.000000,0.000000,0.000000,0.000000,0.000000,0.000000,0.000000,0.000000,0.000000,0.000000,0.000000,0.000000,0.000000,0.000000,0.000000,0.000000,0.000000,0.000000,0.000000,0.000000,0.000000,0.000000,0.000000,0.000000,0.000000,0.000000,0.000000,0.000000,0.000000,0.000000,0.000000,0.000000,0.000000,0.000000,0.000000,0.000000,0.000000,0.000000,0.000000,0.000000,0.000000,0.000000,0.000000,0.000016,0.000000,0.000000,0.000000,0.000000,0.000000,0.000000,0.000000,0.000000,0.000000,0.000000,0.000000,0.000000,0.000000,0.000000,0.000000,0.000000,0.000000,0.000000,0.000000,0.000000,0.000000,0.000000,0.000000,0.000000,0.000000,0.000000,0.000000,0.000000,0.000000,0.000000,0.000000,0.000000,0.000000,0.000000,0.000000,0.000000,0.000000,0.000000,0.000000,0.000000,0.000000,0.000000,0.000000,0.000000,0.000000,0.000000,0.000000,0.000000,0.000000,0.000000,0.000000,0.000000,0.000000,0.000000,0.000000,0.000000,0.000000,0.000000,0.000000,0.000000,0.000000,0.000000,0.000000,0.000000,0.000000,0.000000,0.000000,0.000000
0.540000,0.000016,0.000000,0.000000,0.000000,0.000000,0.000000,0.000000,0.000000,0.000000,0.000000,0.000000,0.000000,0.000000,0.000000,0.000000,0.000000,0.000000,0.000000,0.000000,0.000016,0.000000,0.000000,0.000000,0.000000,0.000000,0.000000,0.000000,0.000000,0.000000,0.000000,0.000000,0.000000,0.000000,0.000000,0.000000,0.000000,0.000000,0.000000,0.000000,0.000000,0.000000,0.000000,0.000000,0.000000,0.000000,0.000000,0.000000,0.000000,0.000000,0.000000,0.000000,0.000000,0.000000,0.000000,0.000000,0.000000,0.000000,0.000000,0.000000,0.000000,0.000000,0.000000,0.000000,0.000000,0.000000,0.000000,0.000000,0.000000,0.000000,0.000000,0.000000,0.000000,0.000000,0.000000,0.000000,0.000000,0.000000,0.000000,0.000000,0.000000,0.000000,0.000000,0.000000,0.000000,0.000000,0.000000,0.000000,0.000000,0.000000,0.000000,0.000000,0.000000,0.000000,0.000000,0.000000,0.000000,0.000000,0.000000,0.000000,0.000000,0.000000,0.000000,0.000000,0.000000,0.000000,0.000000,0.000000,0.000000,0.000000,0.000000,0.000000,0.000000,0.000000,0.000000,0.000000,0.000000,0.000000,0.000000,0.000000,0.000000,0.000000,0.000000,0.000000,0.000000,0.000000,0.000000,0.000000,0.000000,0.000000,0.000000,0.000000,0.000000,0.000000,0.000000,0.000000,0.000000,0.000000,0.000000,0.000000,0.000000,0.000000,0.000000,0.000000,0.000000,0.000000,0.000000,0.000000,0.000000,0.000000,0.000000,0.000000,0.000000,0.000000,0.000000,0.000000,0.000000,0.000000,0.000000,0.000000,0.000000,0.000000,0.000000,0.000000,0.000000,0.000000,0.000000,0.000000,0.000000,0.000000,0.000000,0.000000,0.000000,0.000000,0.000000,0.000000,0.000000,0.000000,0.000000,0.000000,0.000000,0.000000,0.000000,0.000000,0.000000,0.000000,0.000000
0.543000,0.000016,0.000000,0.000000,0.000000,0.000000,0.000000,0.000000,0.000000,0.000000,0.000000,0.000000,0.000000,0.000000,0.000000,0.000000,0.000000,0.000000,0.000000,0.000000,0.000000,0.000000,0.000000,0.000000,0.000000,0.000000,0.000000,0.000000,0.000000,0.000000,0.000000,0.000000,0.000000,0.000000,0.000000,0.000000,0.000000,0.000000,0.000000,0.000000,0.000000,0.000000,0.000000,0.000000,0.000000,0.000000,0.000000,0.000000,0.000000,0.000000,0.000000,0.000000,0.000000,0.000000,0.000000,0.000000,0.000000,0.000000,0.000000,0.000000,0.000000,0.000000,0.000000,0.000000,0.000000,0.000000,0.000000,0.000000,0.000000,0.000000,0.000000,0.000000,0.000000,0.000000,0.000000,0.000000,0.000000,0.000000,0.000000,0.000000,0.000000,0.000000,0.000000,0.000000,0.000000,0.000000,0.000000,0.000000,0.000000,0.000000,0.000000,0.000000,0.000000,0.000000,0.000000,0.000000,0.000000,0.000000,0.000000,0.000000,0.000000,0.000000,0.000000,0.000000,0.000000,0.000000,0.000000,0.000000,0.000000,0.000000,0.000000,0.000016,0.000000,0.000000,0.000000,0.000000,0.000000,0.000000,0.000000,0.000000,0.000000,0.000000,0.000000,0.000000,0.000000,0.000000,0.000000,0.000000,0.000000,0.000000,0.000000,0.000000,0.000000,0.000000,0.000000,0.000000,0.000000,0.000000,0.000000,0.000000,0.000000,0.000000,0.000000,0.000000,0.000000,0.000000,0.000000,0.000000,0.000000,0.000000,0.000000,0.000000,0.000000,0.000000,0.000000,0.000000,0.000000,0.000000,0.000000,0.000000,0.000000,0.000000,0.000000,0.000000,0.000000,0.000000,0.000000,0.000000,0.000000,0.000000,0.000000,0.000000,0.000000,0.000000,0.000000,0.000000,0.000000,0.000000,0.000000,0.000000,0.000000,0.000000,0.000000,0.000000,0.000000,0.000000,0.000000
0.550000,0.000016,0.000000,0.000000,0.000000,0.000000,0.000000,0.000000,0.000000,0.000000,0.000000,0.000000,0.000000,0.000000,0.000000,0.000000,0.000000,0.000000,0.000000,0.000000,0.000000,0.000000,0.000000,0.000000,0.000000,0.000000,0.000000,0.000000,0.000000,0.000000,0.000000,0.000000,0.000000,0.000000,0.000000,0.000000,0.000000,0.000000,0.000000,0.000000,0.000000,0.000000,0.000000,0.000000,0.000000,0.000000,0.000000,0.000000,0.000000,0.000000,0.000000,0.000000,0.000000,0.000000,0.000000,0.000000,0.000000,0.000000,0.000000,0.000000,0.000000,0.000000,0.000000,0.000000,0.000000,0.000000,0.000000,0.000000,0.000000,0.000000,0.000000,0.000000,0.000000,0.000000,0.000000,0.000000,0.000000,0.000000,0.000000,0.000000,0.000000,0.000000,0.000000,0.000000,0.000000,0.000000,0.000000,0.000000,0.000000,0.000000,0.000000,0.000000,0.000000,0.000000,0.000000,0.000000,0.000000,0.000000,0.000000,0.000000,0.000000,0.000000,0.000000,0.000000,0.000000,0.000000,0.000000,0.000000,0.000000,0.000000,0.000000,0.000000,0.000000,0.000000,0.000000,0.000000,0.000000,0.000000,0.000000,0.000000,0.000000,0.000000,0.000000,0.000016,0.000000,0.000000,0.000000,0.000000,0.000000,0.000000,0.000000,0.000000,0.000000,0.000000,0.000000,0.000000,0.000000,0.000000,0.000000,0.000000,0.000000,0.000000,0.000000,0.000000,0.000000,0.000000,0.000000,0.000000,0.000000,0.000000,0.000000,0.000000,0.000000,0.000000,0.000000,0.000000,0.000000,0.000000,0.000000,0.000000,0.000000,0.000000,0.000000,0.000000,0.000000,0.000000,0.000000,0.000000,0.000000,0.000000,0.000000,0.000000,0.000000,0.000000,0.000000,0.000000,0.000000,0.000000,0.000000,0.000000,0.000000,0.000000,0.000000,0.000000,0.000000,0.000000,0.000000
0.555000,0.000016,0.000000,0.000000,0.000000,0.000000,0.000000,0.000000,0.000000,0.000000,0.000000,0.000000,0.000000,0.000000,0.000000,0.000000,0.000000,0.000000,0.000000,0.000000,0.000000,0.000000,0.000000,0.000000,0.000000,0.000000,0.000000,0.000000,0.000000,0.000000,0.000000,0.000000,0.000000,0.000000,0.000000,0.000000,0.000000,0.000000,0.000000,0.000000,0.000000,0.000000,0.000000,0.000000,0.000000,0.000000,0.000000,0.000000,0.000000,0.000000,0.000000,0.000000,0.000000,0.000000,0.000000,0.000000,0.000000,0.000000,0.000000,0.000000,0.000000,0.000000,0.000000,0.000000,0.000000,0.000000,0.000000,0.000000,0.000000,0.000000,0.000000,0.000000,0.000000,0.000000,0.000000,0.000000,0.000000,0.000000,0.000000,0.000000,0.000000,0.000016,0.000000,0.000000,0.000000,0.000000,0.000000,0.000000,0.000000,0.000000,0.000000,0.000000,0.000000,0.000000,0.000000,0.000000,0.000000,0.000000,0.000000,0.000000,0.000000,0.000000,0.000000,0.000000,0.000000,0.000000,0.000000,0.000000,0.000000,0.000000,0.000000,0.000000,0.000000,0.000000,0.000000,0.000000,0.000000,0.000000,0.000000,0.000000,0.000000,0.000000,0.000000,0.000000,0.000000,0.000000,0.000000,0.000000,0.000000,0.000000,0.000000,0.000000,0.000000,0.000000,0.000000,0.000000,0.000000,0.000000,0.000000,0.000000,0.000000,0.000000,0.000000,0.000000,0.000000,0.000000,0.000000,0.000000,0.000000,0.000000,0.000000,0.000000,0.000000,0.000000,0.000000,0.000000,0.000000,0.000000,0.000000,0.000000,0.000000,0.000000,0.000000,0.000000,0.000000,0.000000,0.000000,0.000000,0.000000,0.000000,0.000000,0.000000,0.000000,0.000000,0.000000,0.000000,0.000000,0.000000,0.000000,0.000000,0.000000,0.000000,0.000000,0.000000,0.000000,0.000000,0.000000
0.556000,0.000016,0.000000,0.000000,0.000000,0.000000,0.000000,0.000000,0.000000,0.000000,0.000000,0.000000,0.000000,0.000000,0.000000,0.000000,0.000000,0.000000,0.000000,0.000000,0.000000,0.000000,0.000000,0.000000,0.000000,0.000000,0.000000,0.000000,0.000000,0.000000,0.000000,0.000000,0.000000,0.000000,0.000000,0.000000,0.000000,0.000000,0.000000,0.000000,0.000000,0.000000,0.000000,0.000000,0.000000,0.000000,0.000000,0.000000,0.000000,0.000000,0.000000,0.000000,0.000000,0.000000,0.000000,0.000000,0.000000,0.000000,0.000000,0.000000,0.000000,0.000000,0.000000,0.000000,0.000000,0.000000,0.000000,0.000000,0.000000,0.000000,0.000000,0.000000,0.000000,0.000000,0.000000,0.000000,0.000000,0.000000,0.000000,0.000000,0.000000,0.000000,0.000000,0.000000,0.000000,0.000000,0.000000,0.000000,0.000000,0.000000,0.000000,0.000000,0.000000,0.000000,0.000000,0.000000,0.000000,0.000000,0.000000,0.000000,0.000000,0.000000,0.000000,0.000000,0.000000,0.000000,0.000000,0.000000,0.000000,0.000000,0.000000,0.000000,0.000000,0.000000,0.000000,0.000000,0.000000,0.000000,0.000000,0.000000,0.000000,0.000000,0.000000,0.000000,0.000000,0.000000,0.000000,0.000000,0.000000,0.000000,0.000000,0.000000,0.000000,0.000000,0.000000,0.000000,0.000000,0.000000,0.000000,0.000000,0.000000,0.000000,0.000000,0.000000,0.000000,0.000000,0.000000,0.000000,0.000000,0.000000,0.000000,0.000000,0.000000,0.000000,0.000000,0.000000,0.000000,0.000000,0.000000,0.000000,0.000000,0.000016,0.000000,0.000000,0.000000,0.000000,0.000000,0.000000,0.000000,0.000000,0.000000,0.000000,0.000000,0.000000,0.000000,0.000000,0.000000,0.000000,0.000000,0.000000,0.000000,0.000000,0.000000,0.000000,0.000000,0.000000,0.000000
0.557000,0.000033,0.000000,0.000000,0.000000,0.000000,0.000000,0.000000,0.000000,0.000000,0.000000,0.000000,0.000000,0.000000,0.000000,0.000000,0.000000,0.000000,0.000000,0.000000,0.000000,0.000000,0.000000,0.000000,0.000000,0.000000,0.000000,0.000000,0.000000,0.000000,0.000000,0.000000,0.000000,0.000000,0.000000,0.000000,0.000000,0.000000,0.000000,0.000000,0.000000,0.000000,0.000000,0.000000,0.000000,0.000000,0.000000,0.000000,0.000000,0.000000,0.000000,0.000000,0.000000,0.000000,0.000000,0.000000,0.000000,0.000000,0.000000,0.000000,0.000000,0.000000,0.000000,0.000000,0.000000,0.000000,0.000000,0.000000,0.000000,0.000000,0.000000,0.000000,0.000000,0.000000,0.000000,0.000000,0.000000,0.000000,0.000000,0.000000,0.000000,0.000000,0.000000,0.000000,0.000000,0.000000,0.000000,0.000000,0.000000,0.000000,0.000000,0.000000,0.000000,0.000000,0.000000,0.000000,0.000000,0.000000,0.000000,0.000000,0.000000,0.000016,0.000000,0.000000,0.000000,0.000000,0.000000,0.000000,0.000000,0.000000,0.000000,0.000000,0.000000,0.000000,0.000000,0.000000,0.000000,0.000000,0.000000,0.000000,0.000000,0.000000,0.000000,0.000000,0.000000,0.000000,0.000000,0.000000,0.000000,0.000000,0.000000,0.000000,0.000000,0.000000,0.000000,0.000000,0.000000,0.000000,0.000000,0.000000,0.000000,0.000000,0.000000,0.000000,0.000000,0.000000,0.000000,0.000000,0.000000,0.000000,0.000000,0.000000,0.000000,0.000000,0.000000,0.000000,0.000000,0.000000,0.000000,0.000000,0.000000,0.000000,0.000000,0.000000,0.000000,0.000000,0.000000,0.000000,0.000000,0.000000,0.000000,0.000000,0.000000,0.000000,0.000000,0.000000,0.000000,0.000000,0.000000,0.000016,0.000000,0.000000,0.000000,0.000000,0.000000,0.000000,0.000000
0.562000,0.000016,0.000000,0.000000,0.000000,0.000000,0.000000,0.000000,0.000000,0.000000,0.000000,0.000000,0.000000,0.000000,0.000000,0.000000,0.000000,0.000000,0.000000,0.000000,0.000000,0.000000,0.000000,0.000000,0.000000,0.000000,0.000000,0.000000,0.000000,0.000000,0.000000,0.000000,0.000000,0.000000,0.000000,0.000000,0.000000,0.000000,0.000000,0.000000,0.000000,0.000000,0.000000,0.000000,0.000000,0.000000,0.000000,0.000000,0.000000,0.000000,0.000000,0.000000,0.000000,0.000000,0.000000,0.000000,0.000000,0.000000,0.000000,0.000000,0.000000,0.000000,0.000000,0.000000,0.000000,0.000000,0.000000,0.000000,0.000000,0.000000,0.000000,0.000000,0.000000,0.000000,0.000000,0.000000,0.000000,0.000000,0.000000,0.000000,0.000000,0.000000,0.000000,0.000000,0.000000,0.000000,0.000000,0.000000,0.000000,0.000000,0.000000,0.000000,0.000000,0.000000,0.000000,0.000000,0.000000,0.000000,0.000000,0.000000,0.000000,0.000000,0.000000,0.000000,0.000000,0.000000,0.000000,0.000000,0.000000,0.000000,0.000000,0.000000,0.000000,0.000000,0.000000,0.000000,0.000000,0.000000,0.000000,0.000000,0.000000,0.000000,0.000000,0.000000,0.000000,0.000000,0.000000,0.000000,0.000000,0.000000,0.000000,0.000000,0.000000,0.000000,0.000000,0.000000,0.000000,0.000000,0.000000,0.000000,0.000000,0.000000,0.000000,0.000000,0.000000,0.000000,0.000000,0.000000,0.000000,0.000000,0.000000,0.000000,0.000000,0.000000,0.000000,0.000000,0.000000,0.000000,0.000000,0.000000,0.000000,0.000000,0.000000,0.000000,0.000000,0.000000,0.000000,0.000016,0.000000,0.000000,0.000000,0.000000,0.000000,0.000000,0.000000,0.000000,0.000000,0.000000,0.000000,0.000000,0.000000,0.000000,0.000000,0.000000,0.000000,0.000000,0.000000
0.578000,0.000016,0.000000,0.000000,0.000000,0.000000,0.000000,0.000000,0.000000,0.000000,0.000000,0.000000,0.000000,0.000000,0.000000,0.000000,0.000000,0.000000,0.000000,0.000000,0.000000,0.000000,0.000000,0.000000,0.000000,0.000000,0.000000,0.000000,0.000000,0.000000,0.000000,0.000000,0.000000,0.000000,0.000000,0.000000,0.000000,0.000000,0.000000,0.000000,0.000000,0.000000,0.000000,0.000000,0.000000,0.000000,0.000000,0.000000,0.000000,0.000000,0.000000,0.000000,0.000000,0.000000,0.000000,0.000000,0.000000,0.000000,0.000000,0.000000,0.000000,0.000000,0.000000,0.000000,0.000000,0.000000,0.000000,0.000000,0.000000,0.000000,0.000000,0.000000,0.000000,0.000000,0.000000,0.000000,0.000000,0.000000,0.000000,0.000000,0.000000,0.000000,0.000000,0.000000,0.000000,0.000000,0.000000,0.000000,0.000000,0.000000,0.000000,0.000000,0.000000,0.000000,0.000000,0.000000,0.000000,0.000000,0.000000,0.000000,0.000000,0.000000,0.000000,0.000000,0.000000,0.000000,0.000000,0.000000,0.000000,0.000000,0.000000,0.000000,0.000000,0.000000,0.000000,0.000000,0.000000,0.000000,0.000000,0.000000,0.000000,0.000000,0.000000,0.000000,0.000000,0.000000,0.000000,0.000000,0.000000,0.000000,0.000016,0.000000,0.000000,0.000000,0.000000,0.000000,0.000000,0.000000,0.000000,0.000000,0.000000,0.000000,0.000000,0.000000,0.000000,0.000000,0.000000,0.000000,0.000000,0.000000,0.000000,0.000000,0.000000,0.000000,0.000000,0.000000,0.000000,0.000000,0.000000,0.000000,0.000000,0.000000,0.000000,0.000000,0.000000,0.000000,0.000000,0.000000,0.000000,0.000000,0.000000,0.000000,0.000000,0.000000,0.000000,0.000000,0.000000,0.000000,0.000000,0.000000,0.000000,0.000000,0.000000,0.000000,0.000000,0.000000,0.000000
0.588000,0.000016,0.000000,0.000000,0.000000,0.000000,0.000000,0.000000,0.000000,0.000000,0.000000,0.000000,0.000000,0.000000,0.000000,0.000000,0.000000,0.000000,0.000000,0.000000,0.000000,0.000000,0.000000,0.000000,0.000000,0.000000,0.000000,0.000000,0.000000,0.000000,0.000000,0.000000,0.000000,0.000000,0.000000,0.000000,0.000000,0.000000,0.000000,0.000000,0.000000,0.000000,0.000000,0.000000,0.000000,0.000000,0.000000,0.000000,0.000000,0.000000,0.000000,0.000000,0.000000,0.000000,0.000000,0.000000,0.000000,0.000000,0.000000,0.000000,0.000000,0.000000,0.000000,0.000000,0.000000,0.000000,0.000000,0.000000,0.000000,0.000000,0.000000,0.000000,0.000000,0.000000,0.000000,0.000000,0.000000,0.000000,0.000000,0.000000,0.000000,0.000000,0.000000,0.000000,0.000000,0.000000,0.000000,0.000000,0.000000,0.000000,0.000000,0.000000,0.000000,0.000000,0.000000,0.000000,0.000000,0.000000,0.000000,0.000000,0.000000,0.000000,0.000000,0.000000,0.000000,0.000000,0.000000,0.000000,0.000000,0.000000,0.000000,0.000000,0.000000,0.000000,0.000000,0.000000,0.000000,0.000000,0.000000,0.000000,0.000000,0.000000,0.000000,0.000000,0.000000,0.000000,0.000000,0.000000,0.000000,0.000000,0.000000,0.000000,0.000000,0.000000,0.000000,0.000000,0.000000,0.000000,0.000000,0.000000,0.000000,0.000000,0.000000,0.000000,0.000000,0.000000,0.000000,0.000000,0.000000,0.000000,0.000000,0.000000,0.000000,0.000000,0.000000,0.000016,0.000000,0.000000,0.000000,0.000000,0.000000,0.000000,0.000000,0.000000,0.000000,0.000000,0.000000,0.000000,0.000000,0.000000,0.000000,0.000000,0.000000,0.000000,0.000000,0.000000,0.000000,0.000000,0.000000,0.000000,0.000000,0.000000,0.000000,0.000000,0.000000,0.000000,0.000000
0.627000,0.000016,0.000000,0.000000,0.000000,0.000000,0.000000,0.000000,0.000000,0.000000,0.000000,0.000000,0.000000,0.000000,0.000000,0.000000,0.000000,0.000000,0.000000,0.000000,0.000000,0.000000,0.000000,0.000000,0.000000,0.000000,0.000000,0.000000,0.000000,0.000000,0.000000,0.000000,0.000000,0.000000,0.000000,0.000000,0.000000,0.000000,0.000000,0.000000,0.000000,0.000000,0.000000,0.000000,0.000000,0.000000,0.000000,0.000000,0.000000,0.000000,0.000000,0.000000,0.000000,0.000000,0.000000,0.000000,0.000000,0.000000,0.000000,0.000000,0.000000,0.000000,0.000000,0.000000,0.000000,0.000000,0.000000,0.000000,0.000000,0.000000,0.000000,0.000000,0.000000,0.000000,0.000000,0.000000,0.000000,0.000000,0.000000,0.000000,0.000000,0.000000,0.000000,0.000000,0.000000,0.000000,0.000000,0.000000,0.000000,0.000000,0.000000,0.000000,0.000000,0.000000,0.000000,0.000000,0.000000,0.000000,0.000000,0.000000,0.000000,0.000000,0.000000,0.000000,0.000000,0.000000,0.000000,0.000000,0.000000,0.000000,0.000000,0.000000,0.000000,0.000000,0.000000,0.000000,0.000000,0.000000,0.000000,0.000000,0.000000,0.000000,0.000000,0.000000,0.000000,0.000000,0.000000,0.000000,0.000000,0.000000,0.000016,0.000000,0.000000,0.000000,0.000000,0.000000,0.000000,0.000000,0.000000,0.000000,0.000000,0.000000,0.000000,0.000000,0.000000,0.000000,0.000000,0.000000,0.000000,0.000000,0.000000,0.000000,0.000000,0.000000,0.000000,0.000000,0.000000,0.000000,0.000000,0.000000,0.000000,0.000000,0.000000,0.000000,0.000000,0.000000,0.000000,0.000000,0.000000,0.000000,0.000000,0.000000,0.000000,0.000000,0.000000,0.000000,0.000000,0.000000,0.000000,0.000000,0.000000,0.000000,0.000000,0.000000,0.000000,0.000000,0.000000
0.631000,0.000016,0.000000,0.000000,0.000000,0.000000,0.000000,0.000000,0.000000,0.000000,0.000000,0.000000,0.000000,0.000000,0.000000,0.000000,0.000000,0.000000,0.000000,0.000000,0.000000,0.000000,0.000000,0.000000,0.000000,0.000000,0.000000,0.000000,0.000000,0.000000,0.000000,0.000000,0.000000,0.000000,0.000000,0.000000,0.000000,0.000000,0.000000,0.000000,0.000000,0.000000,0.000000,0.000000,0.000000,0.000000,0.000000,0.000000,0.000000,0.000000,0.000000,0.000000,0.000000,0.000000,0.000000,0.000000,0.000000,0.000000,0.000000,0.000000,0.000000,0.000000,0.000000,0.000000,0.000000,0.000000,0.000000,0.000000,0.000000,0.000000,0.000000,0.000000,0.000000,0.000000,0.000000,0.000000,0.000000,0.000000,0.000000,0.000000,0.000000,0.000000,0.000000,0.000000,0.000000,0.000000,0.000000,0.000000,0.000000,0.000000,0.000000,0.000000,0.000000,0.000000,0.000000,0.000000,0.000000,0.000000,0.000000,0.000000,0.000000,0.000000,0.000000,0.000000,0.000000,0.000000,0.000000,0.000000,0.000000,0.000000,0.000000,0.000000,0.000000,0.000000,0.000000,0.000000,0.000000,0.000000,0.000000,0.000000,0.000000,0.000000,0.000000,0.000000,0.000000,0.000000,0.000000,0.000000,0.000000,0.000000,0.000000,0.000000,0.000000,0.000000,0.000000,0.000000,0.000000,0.000000,0.000000,0.000000,0.000000,0.000000,0.000000,0.000000,0.000000,0.000000,0.000000,0.000000,0.000000,0.000000,0.000000,0.000000,0.000000,0.000000,0.000000,0.000000,0.000000,0.000000,0.000000,0.000000,0.000000,0.000000,0.000000,0.000000,0.000000,0.000000,0.000000,0.000000,0.000000,0.000000,0.000000,0.000000,0.000000,0.000000,0.000000,0.000000,0.000000,0.000000,0.000000,0.000000,0.000000,0.000000,0.000000,0.000000,0.000000,0.000016,0.000000
0.642000,0.000016,0.000000,0.000000,0.000000,0.000000,0.000000,0.000000,0.000000,0.000000,0.000000,0.000000,0.000000,0.000000,0.000000,0.000000,0.000000,0.000000,0.000000,0.000000,0.000000,0.000000,0.000000,0.000000,0.000000,0.000000,0.000000,0.000000,0.000000,0.000000,0.000000,0.000000,0.000000,0.000000,0.000000,0.000000,0.000000,0.000000,0.000000,0.000000,0.000000,0.000000,0.000000,0.000000,0.000000,0.000000,0.000000,0.000000,0.000000,0.000000,0.000000,0.000000,0.000000,0.000000,0.000000,0.000000,0.000000,0.000000,0.000000,0.000000,0.000000,0.000000,0.000000,0.000000,0.000000,0.000000,0.000000,0.000000,0.000000,0.000000,0.000000,0.000000,0.000000,0.000000,0.000000,0.000000,0.000000,0.000000,0.000000,0.000000,0.000000,0.000000,0.000000,0.000000,0.000000,0.000000,0.000000,0.000000,0.000000,0.000000,0.000000,0.000000,0.000000,0.000000,0.000000,0.000000,0.000000,0.000000,0.000000,0.000000,0.000000,0.000000,0.000000,0.000000,0.000000,0.000000,0.000016,0.000000,0.000000,0.000000,0.000000,0.000000,0.000000,0.000000,0.000000,0.000000,0.000000,0.000000,0.000000,0.000000,0.000000,0.000000,0.000000,0.000000,0.000000,0.000000,0.000000,0.000000,0.000000,0.000000,0.000000,0.000000,0.000000,0.000000,0.000000,0.000000,0.000000,0.000000,0.000000,0.000000,0.000000,0.000000,0.000000,0.000000,0.000000,0.000000,0.000000,0.000000,0.000000,0.000000,0.000000,0.000000,0.000000,0.000000,0.000000,0.000000,0.000000,0.000000,0.000000,0.000000,0.000000,0.000000,0.000000,0.000000,0.000000,0.000000,0.000000,0.000000,0.000000,0.000000,0.000000,0.000000,0.000000,0.000000,0.000000,0.000000,0.000000,0.000000,0.000000,0.000000,0.000000,0.000000,0.000000,0.000000,0.000000,0.000000,0.000000
0.650000,0.000016,0.000000,0.000000,0.000000,0.000000,0.000000,0.000000,0.000000,0.000000,0.000000,0.000000,0.000000,0.000000,0.000000,0.000000,0.000000,0.000000,0.000016,0.000000,0.000000,0.000000,0.000000,0.000000,0.000000,0.000000,0.000000,0.000000,0.000000,0.000000,0.000000,0.000000,0.000000,0.000000,0.000000,0.000000,0.000000,0.000000,0.000000,0.000000,0.000000,0.000000,0.000000,0.000000,0.000000,0.000000,0.000000,0.000000,0.000000,0.000000,0.000000,0.000000,0.000000,0.000000,0.000000,0.000000,0.000000,0.000000,0.000000,0.000000,0.000000,0.000000,0.000000,0.000000,0.000000,0.000000,0.000000,0.000000,0.000000,0.000000,0.000000,0.000000,0.000000,0.000000,0.000000,0.000000,0.000000,0.000000,0.000000,0.000000,0.000000,0.000000,0.000000,0.000000,0.000000,0.000000,0.000000,0.000000,0.000000,0.000000,0.000000,0.000000,0.000000,0.000000,0.000000,0.000000,0.000000,0.000000,0.000000,0.000000,0.000000,0.000000,0.000000,0.000000,0.000000,0.000000,0.000000,0.000000,0.000000,0.000000,0.000000,0.000000,0.000000,0.000000,0.000000,0.000000,0.000000,0.000000,0.000000,0.000000,0.000000,0.000000,0.000000,0.000000,0.000000,0.000000,0.000000,0.000000,0.000000,0.000000,0.000000,0.000000,0.000000,0.000000,0.000000,0.000000,0.000000,0.000000,0.000000,0.000000,0.000000,0.000000,0.000000,0.000000,0.000000,0.000000,0.000000,0.000000,0.000000,0.000000,0.000000,0.000000,0.000000,0.000000,0.000000,0.000000,0.000000,0.000000,0.000000,0.000000,0.000000,0.000000,0.000000,0.000000,0.000000,0.000000,0.000000,0.000000,0.000000,0.000000,0.000000,0.000000,0.000000,0.000000,0.000000,0.000000,0.000000,0.000000,0.000000,0.000000,0.000000,0.000000,0.000000,0.000000,0.000000,0.000000,0.000000
0.666000,0.000016,0.000000,0.000000,0.000000,0.000000,0.000000,0.000000,0.000000,0.000000,0.000000,0.000000,0.000000,0.000000,0.000000,0.000000,0.000000,0.000000,0.000000,0.000000,0.000000,0.000000,0.000000,0.000000,0.000000,0.000000,0.000000,0.000000,0.000000,0.000000,0.000000,0.000000,0.000000,0.000000,0.000000,0.000000,0.000000,0.000000,0.000000,0.000000,0.000000,0.000000,0.000000,0.000000,0.000000,0.000000,0.000000,0.000000,0.000000,0.000000,0.000000,0.000000,0.000000,0.000000,0.000000,0.000000,0.000000,0.000000,0.000000,0.000000,0.000000,0.000000,0.000000,0.000000,0.000000,0.000000,0.000000,0.000000,0.000000,0.000000,0.000000,0.000000,0.000000,0.000000,0.000000,0.000000,0.000000,0.000000,0.000000,0.000000,0.000000,0.000000,0.000000,0.000000,0.000000,0.000000,0.000000,0.000000,0.000000,0.000000,0.000000,0.000000,0.000000,0.000000,0.000000,0.000000,0.000000,0.000000,0.000000,0.000000,0.000000,0.000000,0.000000,0.000000,0.000000,0.000000,0.000000,0.000000,0.000000,0.000000,0.000000,0.000000,0.000000,0.000000,0.000000,0.000000,0.000000,0.000000,0.000000,0.000000,0.000000,0.000000,0.000000,0.000000,0.000000,0.000000,0.000000,0.000000,0.000000,0.000000,0.000016,0.000000,0.000000,0.000000,0.000000,0.000000,0.000000,0.000000,0.000000,0.000000,0.000000,0.000000,0.000000,0.000000,0.000000,0.000000,0.000000,0.000000,0.000000,0.000000,0.000000,0.000000,0.000000,0.000000,0.000000,0.000000,0.000000,0.000000,0.000000,0.000000,0.000000,0.000000,0.000000,0.000000,0.000000,0.000000,0.000000,0.000000,0.000000,0.000000,0.000000,0.000000,0.000000,0.000000,0.000000,0.000000,0.000000,0.000000,0.000000,0.000000,0.000000,0.000000,0.000000,0.000000,0.000000,0.000000,0.000000
0.724000,0.000016,0.000000,0.000000,0.000000,0.000000,0.000000,0.000000,0.000000,0.000000,0.000000,0.000000,0.000000,0.000000,0.000000,0.000000,0.000000,0.000000,0.000000,0.000000,0.000000,0.000000,0.000000,0.000000,0.000000,0.000000,0.000000,0.000000,0.000000,0.000000,0.000000,0.000000,0.000000,0.000000,0.000000,0.000000,0.000000,0.000000,0.000000,0.000000,0.000000,0.000000,0.000000,0.000000,0.000000,0.000000,0.000000,0.000000,0.000000,0.000000,0.000000,0.000016,0.000000,0.000000,0.000000,0.000000,0.000000,0.000000,0.000000,0.000000,0.000000,0.000000,0.000000,0.000000,0.000000,0.000000,0.000000,0.000000,0.000000,0.000000,0.000000,0.000000,0.000000,0.000000,0.000000,0.000000,0.000000,0.000000,0.000000,0.000000,0.000000,0.000000,0.000000,0.000000,0.000000,0.000000,0.000000,0.000000,0.000000,0.000000,0.000000,0.000000,0.000000,0.000000,0.000000,0.000000,0.000000,0.000000,0.000000,0.000000,0.000000,0.000000,0.000000,0.000000,0.000000,0.000000,0.000000,0.000000,0.000000,0.000000,0.000000,0.000000,0.000000,0.000000,0.000000,0.000000,0.000000,0.000000,0.000000,0.000000,0.000000,0.000000,0.000000,0.000000,0.000000,0.000000,0.000000,0.000000,0.000000,0.000000,0.000000,0.000000,0.000000,0.000000,0.000000,0.000000,0.000000,0.000000,0.000000,0.000000,0.000000,0.000000,0.000000,0.000000,0.000000,0.000000,0.000000,0.000000,0.000000,0.000000,0.000000,0.000000,0.000000,0.000000,0.000000,0.000000,0.000000,0.000000,0.000000,0.000000,0.000000,0.000000,0.000000,0.000000,0.000000,0.000000,0.000000,0.000000,0.000000,0.000000,0.000000,0.000000,0.000000,0.000000,0.000000,0.000000,0.000000,0.000000,0.000000,0.000000,0.000000,0.000000,0.000000,0.000000,0.000000,0.000000,0.000000
0.753000,0.000016,0.000000,0.000000,0.000000,0.000000,0.000000,0.000000,0.000000,0.000000,0.000000,0.000000,0.000000,0.000000,0.000000,0.000000,0.000000,0.000000,0.000000,0.000000,0.000000,0.000000,0.000000,0.000000,0.000000,0.000000,0.000000,0.000000,0.000000,0.000000,0.000000,0.000000,0.000000,0.000000,0.000000,0.000000,0.000000,0.000000,0.000000,0.000000,0.000000,0.000000,0.000000,0.000000,0.000000,0.000000,0.000000,0.000000,0.000000,0.000000,0.000000,0.000000,0.000000,0.000000,0.000000,0.000000,0.000000,0.000000,0.000000,0.000000,0.000000,0.000000,0.000000,0.000000,0.000000,0.000000,0.000000,0.000000,0.000000,0.000000,0.000000,0.000000,0.000000,0.000000,0.000000,0.000000,0.000000,0.000000,0.000000,0.000000,0.000000,0.000000,0.000000,0.000000,0.000000,0.000000,0.000000,0.000000,0.000000,0.000000,0.000000,0.000000,0.000000,0.000000,0.000000,0.000000,0.000000,0.000000,0.000000,0.000000,0.000000,0.000000,0.000000,0.000000,0.000000,0.000000,0.000000,0.000000,0.000000,0.000000,0.000000,0.000000,0.000000,0.000000,0.000000,0.000000,0.000000,0.000000,0.000000,0.000000,0.000000,0.000000,0.000000,0.000000,0.000000,0.000000,0.000000,0.000000,0.000000,0.000000,0.000000,0.000000,0.000000,0.000000,0.000000,0.000000,0.000000,0.000000,0.000000,0.000000,0.000000,0.000000,0.000000,0.000000,0.000000,0.000000,0.000000,0.000000,0.000000,0.000016,0.000000,0.000000,0.000000,0.000000,0.000000,0.000000,0.000000,0.000000,0.000000,0.000000,0.000000,0.000000,0.000000,0.000000,0.000000,0.000000,0.000000,0.000000,0.000000,0.000000,0.000000,0.000000,0.000000,0.000000,0.000000,0.000000,0.000000,0.000000,0.000000,0.000000,0.000000,0.000000,0.000000,0.000000,0.000000,0.000000,0.000000
0.757000,0.000016,0.000000,0.000000,0.000000,0.000000,0.000000,0.000000,0.000000,0.000000,0.000000,0.000000,0.000000,0.000000,0.000000,0.000000,0.000000,0.000000,0.000000,0.000000,0.000000,0.000000,0.000000,0.000000,0.000000,0.000000,0.000000,0.000000,0.000000,0.000000,0.000000,0.000000,0.000000,0.000000,0.000000,0.000000,0.000000,0.000000,0.000000,0.000000,0.000000,0.000000,0.000000,0.000000,0.000000,0.000000,0.000000,0.000000,0.000000,0.000000,0.000000,0.000000,0.000000,0.000000,0.000000,0.000000,0.000000,0.000000,0.000000,0.000000,0.000000,0.000000,0.000000,0.000000,0.000000,0.000000,0.000000,0.000000,0.000000,0.000000,0.000000,0.000000,0.000000,0.000000,0.000000,0.000000,0.000000,0.000000,0.000000,0.000000,0.000000,0.000000,0.000000,0.000000,0.000000,0.000000,0.000000,0.000000,0.000000,0.000000,0.000000,0.000000,0.000000,0.000000,0.000000,0.000000,0.000000,0.000000,0.000000,0.000000,0.000000,0.000000,0.000000,0.000000,0.000000,0.000000,0.000000,0.000000,0.000000,0.000000,0.000000,0.000000,0.000000,0.000016,0.000000,0.000000,0.000000,0.000000,0.000000,0.000000,0.000000,0.000000,0.000000,0.000000,0.000000,0.000000,0.000000,0.000000,0.000000,0.000000,0.000000,0.000000,0.000000,0.000000,0.000000,0.000000,0.000000,0.000000,0.000000,0.000000,0.000000,0.000000,0.000000,0.000000,0.000000,0.000000,0.000000,0.000000,0.000000,0.000000,0.000000,0.000000,0.000000,0.000000,0.000000,0.000000,0.000000,0.000000,0.000000,0.000000,0.000000,0.000000,0.000000,0.000000,0.000000,0.000000,0.000000,0.000000,0.000000,0.000000,0.000000,0.000000,0.000000,0.000000,0.000000,0.000000,0.000000,0.000000,0.000000,0.000000,0.000000,0.000000,0.000000,0.000000,0.000000,0.000000,0.000000
0.806000,0.000016,0.000000,0.000000,0.000000,0.000000,0.000000,0.000000,0.000000,0.000000,0.000000,0.000000,0.000000,0.000000,0.000000,0.000000,0.000000,0.000000,0.000000,0.000000,0.000000,0.000000,0.000000,0.000000,0.000000,0.000000,0.000000,0.000000,0.000000,0.000000,0.000000,0.000000,0.000000,0.000000,0.000000,0.000000,0.000000,0.000000,0.000000,0.000000,0.000000,0.000000,0.000000,0.000000,0.000000,0.000000,0.000000,0.000000,0.000000,0.000000,0.000000,0.000000,0.000000,0.000000,0.000000,0.000000,0.000000,0.000000,0.000000,0.000000,0.000000,0.000000,0.000000,0.000000,0.000000,0.000000,0.000000,0.000000,0.000000,0.000000,0.000000,0.000000,0.000000,0.000000,0.000000,0.000000,0.000000,0.000000,0.000000,0.000000,0.000000,0.000000,0.000000,0.000000,0.000000,0.000000,0.000000,0.000000,0.000000,0.000000,0.000000,0.000000,0.000000,0.000000,0.000000,0.000000,0.000000,0.000000,0.000000,0.000000,0.000000,0.000000,0.000000,0.000000,0.000000,0.000000,0.000000,0.000000,0.000000,0.000000,0.000000,0.000000,0.000000,0.000000,0.000000,0.000000,0.000000,0.000000,0.000000,0.000000,0.000000,0.000000,0.000000,0.000000,0.000000,0.000000,0.000000,0.000000,0.000000,0.000000,0.000000,0.000000,0.000000,0.000000,0.000000,0.000000,0.000000,0.000000,0.000000,0.000000,0.000000,0.000000,0.000000,0.000000,0.000000,0.000000,0.000000,0.000000,0.000000,0.000000,0.000000,0.000000,0.000000,0.000000,0.000000,0.000000,0.000000,0.000000,0.000000,0.000000,0.000000,0.000000,0.000000,0.000000,0.000000,0.000000,0.000000,0.000000,0.000000,0.000000,0.000000,0.000000,0.000000,0.000000,0.000000,0.000000,0.000000,0.000000,0.000000,0.000000,0.000000,0.000000,0.000000,0.000000,0.000016,0.000000,0.000000
0.818000,0.000016,0.000000,0.000000,0.000000,0.000000,0.000000,0.000000,0.000000,0.000000,0.000000,0.000000,0.000000,0.000000,0.000000,0.000000,0.000000,0.000000,0.000000,0.000000,0.000000,0.000000,0.000000,0.000000,0.000000,0.000000,0.000000,0.000000,0.000000,0.000000,0.000000,0.000000,0.000000,0.000000,0.000000,0.000000,0.000000,0.000000,0.000000,0.000000,0.000000,0.000000,0.000000,0.000000,0.000000,0.000000,0.000000,0.000000,0.000000,0.000000,0.000000,0.000000,0.000000,0.000000,0.000000,0.000000,0.000000,0.000000,0.000000,0.000000,0.000000,0.000000,0.000000,0.000000,0.000000,0.000000,0.000000,0.000000,0.000000,0.000000,0.000000,0.000000,0.000000,0.000000,0.000000,0.000000,0.000000,0.000000,0.000000,0.000000,0.000000,0.000000,0.000000,0.000000,0.000000,0.000000,0.000000,0.000000,0.000000,0.000000,0.000000,0.000000,0.000000,0.000000,0.000000,0.000000,0.000000,0.000000,0.000000,0.000000,0.000000,0.000000,0.000000,0.000000,0.000000,0.000000,0.000000,0.000000,0.000000,0.000000,0.000000,0.000000,0.000000,0.000000,0.000000,0.000000,0.000000,0.000000,0.000000,0.000000,0.000000,0.000000,0.000000,0.000000,0.000000,0.000000,0.000000,0.000000,0.000000,0.000000,0.000000,0.000000,0.000000,0.000000,0.000000,0.000000,0.000000,0.000000,0.000000,0.000000,0.000000,0.000000,0.000000,0.000000,0.000000,0.000000,0.000000,0.000000,0.000000,0.000016,0.000000,0.000000,0.000000,0.000000,0.000000,0.000000,0.000000,0.000000,0.000000,0.000000,0.000000,0.000000,0.000000,0.000000,0.000000,0.000000,0.000000,0.000000,0.000000,0.000000,0.000000,0.000000,0.000000,0.000000,0.000000,0.000000,0.000000,0.000000,0.000000,0.000000,0.000000,0.000000,0.000000,0.000000,0.000000,0.000000,0.000000
