t,finish1,finish2,finish3,release1,release2,release3,start1,start2,start3
0.000000,0,0,0,1,0,1,1,0,1
0.016264,1,0,0,0,1,0,0,1,0
0.036537,0,0,1,0,0,0,0,0,0
0.036886,0,1,0,0,0,0,0,0,0
0.048701,0,0,0,1,0,0,1,0,0
0.049290,0,0,0,0,0,1,0,0,1
0.061019,1,0,0,0,1,0,0,1,0
0.084148,0,1,0,0,0,0,0,0,0
0.084735,0,0,1,0,0,0,0,0,0
0.098579,0,0,0,1,0,0,1,0,0
0.102124,0,0,0,0,0,1,0,0,1
0.109419,1,0,0,0,1,0,0,1,0
0.133247,0,1,0,0,0,0,0,0,0
0.137134,0,0,1,0,0,0,0,0,0
0.146078,0,0,0,0,0,1,0,0,1
0.149294,0,0,0,1,0,0,1,0,0
0.159598,1,0,0,0,0,0,0,0,0
0.181403,0,0,1,0,1,0,0,1,0
0.200399,0,0,0,0,0,1,0,0,1
0.200426,0,0,0,1,0,0,1,0,0
0.211141,0,1,0,0,0,0,0,0,0
0.218072,1,0,0,0,1,0,0,1,0
0.238025,0,0,1,0,0,0,0,0,0
0.238664,0,1,0,0,0,0,0,0,0
0.248447,0,0,0,0,0,1,0,0,1
0.249504,0,0,0,1,0,0,1,0,0
0.267290,1,0,0,0,1,0,0,1,0
0.279792,0,0,1,0,0,0,0,0,0
0.287900,0,1,0,0,0,0,0,0,0
0.298334,0,0,0,1,0,0,1,0,0
0.301007,0,0,0,0,0,1,0,0,1
0.312368,1,0,0,0,1,0,0,1,0
0.336587,0,1,0,0,0,0,0,0,0
0.337205,0,0,1,0,0,0,0,0,0
0.350983,0,0,0,0,0,1,0,0,1
0.350983,0,0,0,1,0,0,1,0,0
0.368316,1,0,0,0,0,0,0,0,0
0.381526,0,0,1,0,1,0,0,1,0
0.400444,0,0,0,1,0,0,1,0,0
0.400477,0,0,0,0,0,1,0,0,1
0.402595,0,1,0,0,0,0,0,0,0
0.413170,1,0,0,0,0,0,0,0,0
0.417575,0,0,0,0,1,0,0,1,0
0.434050,0,0,1,0,0,0,0,0,0
0.441692,0,1,0,0,0,0,0,0,0
0.446728,0,0,0,0,0,1,0,0,1
0.448440,0,0,0,1,0,0,1,0,0
0.463478,1,0,0,0,1,0,0,1,0
0.484149,0,0,1,0,0,0,0,0,0
0.491348,0,1,0,0,0,0,0,0,0
0.499528,0,0,0,1,0,0,1,0,0
0.501819,0,0,0,0,0,1,0,0,1
0.515105,1,0,0,0,1,0,0,1,0
0.537691,0,0,1,0,0,0,0,0,0
0.541943,0,1,0,0,0,0,0,0,0
0.546143,0,0,0,0,0,1,0,0,1
0.549098,0,0,0,1,0,0,1,0,0
0.563640,1,0,0,0,0,0,0,0,0
0.583588,0,0,1,0,0,0,0,0,0
0.597555,0,0,0,0,1,1,0,1,1
0.598760,0,0,0,1,0,0,1,0,0
0.611363,1,0,0,0,0,0,0,0,0
0.623179,0,1,0,0,1,0,0,1,0
0.635593,0,0,1,0,0,0,0,0,0
0.649202,0,0,0,0,0,1,0,0,1
0.649985,0,0,0,1,0,0,1,0,0
0.652374,0,1,0,0,0,0,0,0,0
0.666945,1,0,0,0,1,0,0,1,0
0.682888,0,0,1,0,0,0,0,0,0
0.694004,0,1,0,0,0,0,0,0,0
0.699400,0,0,0,1,0,0,1,0,0
0.701467,0,0,0,0,0,1,0,0,1
0.711112,1,0,0,0,1,0,0,1,0
0.733768,0,0,1,0,0,0,0,0,0
0.734735,0,1,0,0,0,0,0,0,0
0.749921,0,0,0,1,0,0,1,0,0
0.753004,0,0,0,0,0,1,0,0,1
0.767447,1,0,0,0,1,0,0,1,0
0.790965,0,0,1,0,0,0,0,0,0
0.796365,0,1,0,0,0,0,0,0,0
0.799413,0,0,0,1,0,0,1,0,0
0.801977,0,0,0,0,0,1,0,0,1
0.811830,1,0,0,0,0,0,0,0,0
0.837594,0,0,1,0,0,0,0,0,0
0.848891,0,0,0,1,0,0,1,0,0
0.849852,0,0,0,0,1,0,0,1,0
0.850770,0,0,0,0,0,1,0,0,1
0.864090,1,0,0,0,0,0,0,0,0
0.876504,0,1,0,0,0,0,0,0,0
0.887152,0,0,1,0,0,0,0,0,0
0.901062,0,0,0,1,0,0,1,0,0
0.903096,0,0,0,0,1,1,0,1,1
0.914528,1,0,0,0,0,0,0,0,0
0.926497,0,0,0,0,1,0,0,1,0
0.929709,0,1,0,0,0,0,0,0,0
0.941683,0,0,1,0,0,0,0,0,0
0.946958,0,1,0,0,0,0,0,0,0
0.950250,0,0,0,1,0,0,1,0,0
0.952587,0,0,0,0,0,1,0,0,1
0.964319,1,0,0,0,1,0,0,1,0
0.984639,0,1,0,0,0,0,0,0,0
0.986984,0,0,1,0,0,0,0,0,0
1.000235,0,0,0,1,0,0,1,0,0
1.001558,0,0,0,0,0,1,0,0,1
1.017785,1,0,0,0,1,0,0,1,0
1.034123,0,0,1,0,0,0,0,0,0
1.042028,0,1,0,0,0,0,0,0,0
1.049774,0,0,0,0,0,1,0,0,1
1.051580,0,0,0,1,0,0,1,0,0
1.071123,1,0,0,0,1,0,0,1,0
1.088660,0,0,1,0,0,0,0,0,0
1.095479,0,1,0,0,0,0,0,0,0
1.098828,0,0,0,0,0,1,0,0,1
1.101598,0,0,0,1,0,0,1,0,0
1.116953,1,0,0,0,1,0,0,1,0
1.134257,0,0,1,0,0,0,0,0,0
1.137521,0,1,0,0,0,0,0,0,0
1.148296,0,0,0,0,0,1,0,0,1
1.149678,0,0,0,1,0,0,1,0,0
1.162998,1,0,0,0,1,0,0,1,0
1.180426,0,0,1,0,0,0,0,0,0
1.189977,0,1,0,0,0,0,0,0,0
1.198628,0,0,0,1,0,0,1,0,0
1.200261,0,0,0,0,0,1,0,0,1
1.215363,1,0,0,0,1,0,0,1,0
1.236077,0,1,0,0,0,0,0,0,0
1.236112,0,0,1,0,0,0,0,0,0
1.249499,0,0,0,1,0,0,1,0,0
1.250946,0,0,0,0,0,1,0,0,1
1.260947,1,0,0,0,1,0,0,1,0
1.283741,0,0,1,0,0,0,0,0,0
1.283925,0,1,0,0,0,0,0,0,0
1.299220,0,0,0,1,0,0,1,0,0
1.301062,0,0,0,0,0,1,0,0,1
1.314638,1,0,0,0,1,0,0,1,0
1.337134,0,1,0,0,0,0,0,0,0
1.338273,0,0,1,0,0,0,0,0,0
1.348587,0,0,0,0,0,1,0,0,1
1.350742,0,0,0,1,0,0,1,0,0
1.368387,1,0,0,0,1,0,0,1,0
1.379585,0,0,1,0,0,0,0,0,0
1.388621,0,1,0,0,0,0,0,0,0
1.398756,0,0,0,0,0,1,0,0,1
1.399623,0,0,0,1,0,0,1,0,0
1.416010,1,0,0,0,1,0,0,1,0
1.436049,0,0,1,0,0,0,0,0,0
1.439823,0,1,0,0,0,0,0,0,0
1.450526,0,0,0,1,0,0,1,0,0
1.452006,0,0,0,0,0,1,0,0,1
1.465545,1,0,0,0,0,0,0,0,0
1.485927,0,0,1,0,0,0,0,0,0
1.498019,0,0,0,1,0,0,1,0,0
1.498155,0,0,0,0,1,1,0,1,1
1.509428,1,0,0,0,0,0,0,0,0
1.521044,0,1,0,0,0,0,0,0,0
1.535532,0,0,1,0,0,0,0,0,0
1.541350,0,0,0,0,1,0,0,1,0
1.547392,0,0,0,0,0,1,0,0,1
1.548834,0,0,0,1,0,0,1,0,0
1.560605,1,0,0,0,1,0,0,1,0
1.563826,0,1,0,0,0,0,0,0,0
1.587171,0,0,1,0,0,0,0,0,0
1.587771,0,1,0,0,0,0,0,0,0
1.599747,0,0,0,1,0,0,1,0,0
1.601725,0,0,0,0,0,1,0,0,1
1.615219,1,0,0,0,1,0,0,1,0
1.639484,0,0,1,0,0,0,0,0,0
1.642748,0,1,0,0,0,0,0,0,0
1.648927,0,0,0,0,0,1,0,0,1
1.649584,0,0,0,1,0,0,1,0,0
1.666963,1,0,0,0,0,0,0,0,0
1.676794,0,0,0,0,1,0,0,1,0
1.681844,0,0,1,0,0,0,0,0,0
1.698844,0,0,0,0,0,1,0,0,1
1.699325,0,0,0,1,0,0,1,0,0
1.702415,0,1,0,0,0,0,0,0,0
1.712552,1,0,0,0,1,0,0,1,0
1.735615,0,0,1,0,0,0,0,0,0
1.738007,0,1,0,0,0,0,0,0,0
1.750070,0,0,0,0,0,1,0,0,1
1.751753,0,0,0,1,0,0,1,0,0
1.766437,1,0,0,0,1,0,0,1,0
1.785323,0,0,1,0,0,0,0,0,0
1.793381,0,1,0,0,0,0,0,0,0
1.799657,0,0,0,1,0,0,1,0,0
1.801992,0,0,0,0,0,1,0,0,1
1.813594,1,0,0,0,0,0,0,0,0
1.826875,0,0,0,0,1,0,0,1,0
1.836881,0,0,1,0,0,0,0,0,0
1.849839,0,0,0,1,0,0,1,0,0
1.853639,0,0,0,0,0,1,0,0,1
1.853992,0,1,0,0,0,0,0,0,0
1.861397,1,0,0,0,0,0,0,0,0
1.889514,0,0,1,0,0,0,0,0,0
1.898242,0,0,0,0,1,1,0,1,1
1.898478,0,0,0,1,0,0,1,0,0
1.916918,1,0,0,0,0,0,0,0,0
1.918897,0,0,0,0,1,0,0,1,0
1.922594,0,1,0,0,0,0,0,0,0
1.934841,0,0,1,0,0,0,0,0,0
1.947171,0,0,0,0,0,1,0,0,1
1.947964,0,1,0,0,0,0,0,0,0
1.951521,0,0,0,1,0,0,1,0,0
1.961882,1,0,0,0,1,0,0,1,0
1.985787,0,0,1,0,0,0,0,0,0
1.988293,0,1,0,0,0,0,0,0,0
1.997104,0,0,0,0,0,1,0,0,1
2.000388,0,0,0,1,0,0,1,0,0
2.013253,1,0,0,0,1,0,0,1,0
2.036891,0,0,1,0,0,0,0,0,0
2.039210,0,1,0,0,0,0,0,0,0
2.049865,0,0,0,1,0,0,1,0,0
2.051842,0,0,0,0,0,1,0,0,1
2.069153,1,0,0,0,0,0,0,0,0
2.073101,0,0,0,0,1,0,0,1,0
2.091793,0,0,1,0,0,0,0,0,0
2.095779,0,1,0,0,0,0,0,0,0
2.099092,0,0,0,1,0,0,1,0,0
2.101894,0,0,0,0,0,1,0,0,1
2.114236,1,0,0,0,0,0,0,0,0
2.117363,0,0,0,0,1,0,0,1,0
2.141156,0,0,1,0,0,0,0,0,0
2.141778,0,1,0,0,0,0,0,0,0
2.149634,0,0,0,1,0,0,1,0,0
2.152075,0,0,0,0,0,1,0,0,1
2.168586,1,0,0,0,0,0,0,0,0
2.189706,0,0,1,0,1,0,0,1,0
2.198742,0,0,0,1,0,0,1,0,0
2.200283,0,0,0,0,0,1,0,0,1
2.210349,0,1,0,0,0,0,0,0,0
2.213544,1,0,0,0,1,0,0,1,0
2.230858,0,0,1,0,0,0,0,0,0
2.238524,0,1,0,0,0,0,0,0,0
2.250198,0,0,0,1,0,0,1,0,0
2.250782,0,0,0,0,0,1,0,0,1
2.266938,1,0,0,0,0,0,0,0,0
2.285755,0,0,1,0,1,0,0,1,0
2.299750,0,0,0,1,0,0,1,0,0
2.300456,0,0,0,0,0,1,0,0,1
2.310516,1,0,0,0,0,0,0,0,0
2.311192,0,0,0,0,1,0,0,1,0
2.312120,0,1,0,0,0,0,0,0,0
2.331784,0,1,0,0,0,0,0,0,0
2.335209,0,0,1,0,0,0,0,0,0
2.349447,0,0,0,1,0,0,1,0,0
2.352501,0,0,0,0,0,1,0,0,1
2.359483,1,0,0,0,1,0,0,1,0
2.383189,0,1,0,0,0,0,0,0,0
2.387672,0,0,1,0,0,0,0,0,0
2.399527,0,0,0,1,0,0,1,0,0
2.403237,0,0,0,0,0,1,0,0,1
2.412229,1,0,0,0,1,0,0,1,0
2.437488,0,0,1,0,0,0,0,0,0
2.440635,0,1,0,0,0,0,0,0,0
2.448798,0,0,0,1,0,0,1,0,0
2.453660,0,0,0,0,0,1,0,0,1
2.464052,1,0,0,0,0,0,0,0,0
2.474146,0,0,0,0,1,0,0,1,0
2.488353,0,0,1,0,0,0,0,0,0
2.497637,0,0,0,0,0,1,0,0,1
2.500619,0,0,0,1,0,0,1,0,0
2.500897,0,1,0,0,0,0,0,0,0
2.518678,1,0,0,0,0,0,0,0,0
2.534041,0,0,1,0,0,0,0,0,0
2.546559,0,0,0,0,0,1,0,0,1
2.549579,0,0,0,1,1,0,1,1,0
2.567935,1,0,0,0,1,0,0,1,0
2.571041,0,1,0,0,0,0,0,0,0
2.586236,0,0,1,0,0,0,0,0,0
2.594421,0,1,0,0,0,0,0,0,0
2.599588,0,0,0,1,0,0,1,0,0
2.602028,0,0,0,0,0,1,0,0,1
2.611983,1,0,0,0,1,0,0,1,0
2.632181,0,1,0,0,0,0,0,0,0
2.637205,0,0,1,0,0,0,0,0,0
2.649363,0,0,0,0,0,1,0,0,1
2.649842,0,0,0,1,0,0,1,0,0
2.663161,1,0,0,0,1,0,0,1,0
2.688438,0,0,1,0,0,0,0,0,0
2.690502,0,1,0,0,0,0,0,0,0
2.698664,0,0,0,0,0,1,0,0,1
2.700407,0,0,0,1,0,0,1,0,0
2.717824,1,0,0,0,0,0,0,0,0
2.724418,0,0,0,0,1,0,0,1,0
2.737290,0,0,1,0,0,0,0,0,0
2.748032,0,0,0,1,0,0,1,0,0
2.751509,0,1,0,0,0,0,0,0,0
2.752412,0,0,0,0,0,1,0,0,1
2.762481,1,0,0,0,1,0,0,1,0
2.784921,0,0,1,0,0,0,0,0,0
2.785797,0,1,0,0,0,0,0,0,0
2.800130,0,0,0,0,0,1,0,0,1
2.801715,0,0,0,1,0,0,1,0,0
2.820375,1,0,0,0,0,0,0,0,0
2.836712,0,0,1,0,1,0,0,1,0
2.848981,0,0,0,0,0,1,0,0,1
2.850509,0,0,0,1,0,0,1,0,0
2.861213,0,1,0,0,0,0,0,0,0
2.867033,1,0,0,0,0,0,0,0,0
2.869903,0,0,0,0,1,0,0,1,0
2.882663,0,0,1,0,0,0,0,0,0
2.894496,0,1,0,0,0,0,0,0,0
2.898909,0,0,0,0,0,1,0,0,1
2.901392,0,0,0,1,0,0,1,0,0
2.916869,1,0,0,0,1,0,0,1,0
2.929949,0,0,1,0,0,0,0,0,0
2.945040,0,1,0,0,0,0,0,0,0
2.948381,0,0,0,1,0,0,1,0,0
2.948657,0,0,0,0,0,1,0,0,1
2.964822,1,0,0,0,0,0,0,0,0
2.971463,0,0,0,0,1,0,0,1,0
2.982380,0,0,1,0,0,0,0,0,0
2.995013,0,1,0,0,0,0,0,0,0
2.999338,0,0,0,1,0,0,1,0,0
3.001213,0,0,0,0,0,1,0,0,1
3.014409,1,0,0,0,0,0,0,0,0
3.027182,0,0,0,0,1,0,0,1,0
3.037532,0,0,1,0,0,0,0,0,0
3.050949,0,0,0,1,0,0,1,0,0
3.051833,0,0,0,0,0,1,0,0,1
3.053925,0,1,0,0,0,0,0,0,0
3.066805,1,0,0,0,0,0,0,0,0
3.086028,0,0,1,0,0,0,0,0,0
3.098670,0,0,0,1,1,0,1,1,0
3.102455,0,0,0,0,0,1,0,0,1
3.116507,1,0,0,0,0,0,0,0,0
3.126495,0,1,0,0,1,0,0,1,0
3.136411,0,0,1,0,0,0,0,0,0
3.146535,0,0,0,0,0,1,0,0,1
3.146854,0,1,0,0,0,0,0,0,0
3.150311,0,0,0,1,0,0,1,0,0
3.164836,1,0,0,0,0,0,0,0,0
3.184323,0,0,1,0,0,0,0,0,0
3.198051,0,0,0,0,0,1,0,0,1
3.199393,0,0,0,0,1,0,0,1,0
3.200944,0,0,0,1,0,0,1,0,0
3.216777,1,0,0,0,1,0,0,1,0
3.219788,0,1,0,0,0,0,0,0,0
3.233430,0,0,1,0,0,0,0,0,0
3.243054,0,1,0,0,0,0,0,0,0
3.250664,0,0,0,1,0,0,1,0,0
3.251585,0,0,0,0,0,1,0,0,1
3.261508,1,0,0,0,1,0,0,1,0
3.286694,0,1,0,0,0,0,0,0,0
3.290205,0,0,1,0,0,0,0,0,0
3.298773,0,0,0,1,0,0,1,0,0
3.299178,0,0,0,0,0,1,0,0,1
3.316224,1,0,0,0,0,0,0,0,0
3.335975,0,0,1,0,1,0,0,1,0
3.349765,0,0,0,0,0,1,0,0,1
3.351058,0,0,0,1,0,0,1,0,0
3.360546,0,1,0,0,0,0,0,0,0
3.366272,1,0,0,0,0,0,0,0,0
3.385996,0,0,1,0,1,0,0,1,0
3.398945,0,0,0,0,0,1,0,0,1
3.401271,0,0,0,1,0,0,1,0,0
3.411569,0,1,0,0,0,0,0,0,0
3.417829,1,0,0,0,1,0,0,1,0
3.433763,0,0,1,0,0,0,0,0,0
3.440652,0,1,0,0,0,0,0,0,0
3.448937,0,0,0,1,0,0,1,0,0
3.449399,0,0,0,0,0,1,0,0,1
3.461849,1,0,0,0,0,0,0,0,0
3.483947,0,0,1,0,1,0,0,1,0
3.496181,0,0,0,0,0,1,0,0,1
3.499688,0,0,0,1,0,0,1,0,0
3.507185,0,1,0,0,0,0,0,0,0
3.516450,1,0,0,0,1,0,0,1,0
3.533941,0,0,1,0,0,0,0,0,0
3.543477,0,1,0,0,0,0,0,0,0
3.549036,0,0,0,1,0,0,1,0,0
3.552623,0,0,0,0,0,1,0,0,1
3.561208,1,0,0,0,0,0,0,0,0
3.589612,0,0,1,0,0,0,0,0,0
3.591005,0,0,0,0,1,0,0,1,0
3.599697,0,0,0,1,0,0,1,0,0
3.603145,0,0,0,0,0,1,0,0,1
3.609863,1,0,0,0,0,0,0,0,0
3.613265,0,1,0,0,0,0,0,0,0
3.617016,0,0,0,0,1,0,0,1,0
3.640488,0,0,1,0,0,0,0,0,0
3.642535,0,1,0,0,0,0,0,0,0
3.648765,0,0,0,1,0,0,1,0,0
3.651943,0,0,0,0,0,1,0,0,1
3.660335,1,0,0,0,0,0,0,0,0
3.685755,0,0,1,0,0,0,0,0,0
3.699980,0,0,0,1,0,0,1,0,0
3.700491,0,0,0,0,1,1,0,1,1
3.716982,1,0,0,0,1,0,0,1,0
3.724342,0,1,0,0,0,0,0,0,0
3.736495,0,0,1,0,0,0,0,0,0
3.739040,0,1,0,0,0,0,0,0,0
3.747928,0,0,0,0,0,1,0,0,1
3.748395,0,0,0,1,0,0,1,0,0
3.766143,1,0,0,0,0,0,0,0,0
3.787707,0,0,1,0,0,0,0,0,0
3.799108,0,0,0,0,1,1,0,1,1
3.800428,0,0,0,1,0,0,1,0,0
3.820242,1,0,0,0,0,0,0,0,0
3.821411,0,0,0,0,1,0,0,1,0
3.824622,0,1,0,0,0,0,0,0,0
3.831315,0,0,1,0,0,0,0,0,0
3.841921,0,1,0,0,0,0,0,0,0
3.848728,0,0,0,0,0,1,0,0,1
3.849764,0,0,0,1,0,0,1,0,0
3.860171,1,0,0,0,0,0,0,0,0
3.885668,0,0,1,0,0,0,0,0,0
3.898228,0,0,0,1,0,0,1,0,0
3.898882,0,0,0,0,1,1,0,1,1
3.911421,1,0,0,0,0,0,0,0,0
3.917486,0,0,0,0,1,0,0,1,0
3.923552,0,1,0,0,0,0,0,0,0
3.936974,0,0,1,0,0,0,0,0,0
3.938613,0,1,0,0,0,0,0,0,0
3.948194,0,0,0,1,0,0,1,0,0
3.952552,0,0,0,0,0,1,0,0,1
3.963847,1,0,0,0,1,0,0,1,0
3.988352,0,1,0,0,0,0,0,0,0
3.988493,0,0,1,0,0,0,0,0,0
3.996938,0,0,0,0,0,1,0,0,1
3.998335,0,0,0,1,0,0,1,0,0
4.010354,1,0,0,0,1,0,0,1,0
4.031747,0,0,1,0,0,0,0,0,0
4.032901,0,1,0,0,0,0,0,0,0
4.048186,0,0,0,1,0,0,1,0,0
4.050621,0,0,0,0,0,1,0,0,1
4.064848,1,0,0,0,0,0,0,0,0
4.085271,0,0,1,0,0,0,0,0,0
4.098901,0,0,0,1,1,0,1,1,0
4.101502,0,0,0,0,0,1,0,0,1
4.116621,1,0,0,0,0,0,0,0,0
4.120607,0,1,0,0,1,0,0,1,0
4.138518,0,0,1,0,0,0,0,0,0
4.148253,0,0,0,0,0,1,0,0,1
4.149032,0,1,0,0,0,0,0,0,0
4.149289,0,0,0,1,0,0,1,0,0
4.167123,1,0,0,0,0,0,0,0,0
4.179349,0,0,1,0,1,0,0,1,0
4.196707,0,0,0,0,0,1,0,0,1
4.199351,0,0,0,1,0,0,1,0,0
4.206615,0,1,0,0,0,0,0,0,0
4.210032,1,0,0,0,0,0,0,0,0
4.228768,0,0,1,0,0,0,0,0,0
4.250057,0,0,0,1,1,0,1,1,0
4.251759,0,0,0,0,0,1,0,0,1
4.265685,1,0,0,0,0,0,0,0,0
4.269803,0,0,0,0,1,0,0,1,0
4.270858,0,1,0,0,0,0,0,0,0
4.287401,0,0,1,0,0,0,0,0,0
4.298164,0,0,0,1,0,0,1,0,0
4.298304,0,1,0,0,0,0,0,0,0
4.302224,0,0,0,0,0,1,0,0,1
4.313253,1,0,0,0,0,0,0,0,0
4.342046,0,0,1,0,0,0,0,0,0
4.350689,0,0,0,1,0,0,1,0,0
4.353600,0,0,0,0,0,1,0,0,1
4.365633,1,0,0,0,1,0,0,1,0
4.388349,0,0,1,0,1,0,0,1,0
4.390841,0,1,0,0,0,0,0,0,0
4.399131,0,0,0,0,0,1,0,0,1
4.401370,0,0,0,1,0,0,1,0,0
4.411279,0,1,0,0,0,0,0,0,0
4.412960,1,0,0,0,0,0,0,0,0
4.437754,0,0,1,0,0,0,0,0,0
4.450557,0,0,0,1,0,0,1,0,0
4.451597,0,0,0,0,1,1,0,1,1
4.464274,1,0,0,0,0,0,0,0,0
4.473138,0,1,0,0,1,0,0,1,0
4.489761,0,0,1,0,0,0,0,0,0
4.495485,0,1,0,0,0,0,0,0,0
4.498864,0,0,0,0,0,1,0,0,1
4.499023,0,0,0,1,0,0,1,0,0
4.509106,1,0,0,0,1,0,0,1,0
4.531197,0,1,0,0,0,0,0,0,0
4.536956,0,0,1,0,0,0,0,0,0
4.548847,0,0,0,0,0,1,0,0,1
4.549175,0,0,0,1,0,0,1,0,0
4.567623,1,0,0,0,1,0,0,1,0
4.583031,0,0,1,0,0,0,0,0,0
4.592584,0,1,0,0,0,0,0,0,0
4.600336,0,0,0,1,0,0,1,0,0
4.602322,0,0,0,0,0,1,0,0,1
4.615246,1,0,0,0,1,0,0,1,0
4.640026,0,0,1,0,0,0,0,0,0
4.642229,0,1,0,0,0,0,0,0,0
4.648088,0,0,0,0,0,1,0,0,1
4.650081,0,0,0,1,0,0,1,0,0
4.664204,1,0,0,0,0,0,0,0,0
4.667916,0,0,0,0,1,0,0,1,0
4.680568,0,0,1,0,0,0,0,0,0
4.691779,0,1,0,0,0,0,0,0,0
4.696645,0,0,0,0,0,1,0,0,1
4.699661,0,0,0,1,0,0,1,0,0
4.711031,1,0,0,0,1,0,0,1,0
4.732415,0,1,0,0,0,0,0,0,0
4.734598,0,0,1,0,0,0,0,0,0
4.748637,0,0,0,0,0,1,0,0,1
4.749262,0,0,0,1,0,0,1,0,0
4.763931,1,0,0,0,1,0,0,1,0
4.786780,0,0,1,0,0,0,0,0,0
4.791855,0,1,0,0,0,0,0,0,0
4.799902,0,0,0,1,0,0,1,0,0
4.799993,0,0,0,0,0,1,0,0,1
4.812286,1,0,0,0,0,0,0,0,0
4.831323,0,0,0,0,1,0,0,1,0
4.832874,0,0,1,0,0,0,0,0,0
4.851266,0,0,0,1,0,0,1,0,0
4.851330,0,0,0,0,0,1,0,0,1
4.856157,0,1,0,0,0,0,0,0,0
4.861780,1,0,0,0,1,0,0,1,0
4.888256,0,1,0,0,0,0,0,0,0
4.889163,0,0,1,0,0,0,0,0,0
4.899146,0,0,0,1,0,0,1,0,0
4.899552,0,0,0,0,0,1,0,0,1
4.911566,1,0,0,0,0,0,0,0,0
4.925515,0,0,0,0,1,0,0,1,0
4.936397,0,0,1,0,0,0,0,0,0
4.948612,0,0,0,1,0,0,1,0,0
4.949835,0,0,0,0,0,1,0,0,1
4.953761,0,1,0,0,0,0,0,0,0
4.962502,1,0,0,0,0,0,0,0,0
4.973221,0,0,0,0,1,0,0,1,0
4.979968,0,0,1,0,0,0,0,0,0
4.994665,0,1,0,0,0,0,0,0,0
4.999929,0,0,0,1,0,0,1,0,0
5.001925,0,0,0,0,0,1,0,0,1
5.014595,1,0,0,0,0,0,0,0,0
5.040630,0,0,1,0,0,0,0,0,0
5.046524,0,0,0,0,1,1,0,1,1
5.049291,0,0,0,1,0,0,1,0,0
5.066887,1,0,0,0,1,0,0,1,0
5.074377,0,1,0,0,0,0,0,0,0
5.076803,0,0,1,0,0,0,0,0,0
5.090423,0,1,0,0,0,0,0,0,0
5.100541,0,0,0,1,0,0,1,0,0
5.103279,0,0,0,0,0,1,0,0,1
5.113725,1,0,0,0,0,0,0,0,0
5.142226,0,0,1,0,1,0,0,1,0
5.148604,0,0,0,1,0,0,1,0,0
5.148616,0,0,0,0,0,1,0,0,1
5.164229,0,1,0,0,0,0,0,0,0
5.165016,1,0,0,0,0,0,0,0,0
5.188283,0,0,1,0,1,0,0,1,0
5.198156,0,0,0,1,0,0,1,0,0
5.198351,0,0,0,0,0,1,0,0,1
5.212928,0,1,0,0,0,0,0,0,0
5.216669,1,0,0,0,0,0,0,0,0
5.228662,0,0,0,0,1,0,0,1,0
5.230736,0,0,1,0,0,0,0,0,0
5.250966,0,1,0,0,0,0,0,0,0
5.251229,0,0,0,1,0,0,1,0,0
5.251353,0,0,0,0,0,1,0,0,1
5.263163,1,0,0,0,1,0,0,1,0
5.284771,0,0,1,0,0,0,0,0,0
5.292645,0,1,0,0,0,0,0,0,0
5.300917,0,0,0,0,0,1,0,0,1
5.301502,0,0,0,1,0,0,1,0,0
5.318010,1,0,0,0,1,0,0,1,0
5.338928,0,0,1,0,0,0,0,0,0
5.340535,0,1,0,0,0,0,0,0,0
5.349587,0,0,0,1,0,0,1,0,0
5.350127,0,0,0,0,0,1,0,0,1
5.364729,1,0,0,0,0,0,0,0,0
5.384336,0,0,1,0,0,0,0,0,0
5.400534,0,0,0,1,1,0,1,1,0
5.402684,0,0,0,0,0,1,0,0,1
5.414585,1,0,0,0,0,0,0,0,0
5.415774,0,0,0,0,1,0,0,1,0
5.426956,0,1,0,0,0,0,0,0,0
5.435326,0,0,1,0,0,0,0,0,0
5.443028,0,1,0,0,0,0,0,0,0
5.448700,0,0,0,0,0,1,0,0,1
5.451882,0,0,0,1,0,0,1,0,0
5.466639,1,0,0,0,1,0,0,1,0
5.482181,0,0,1,0,0,0,0,0,0
5.487606,0,1,0,0,0,0,0,0,0
5.499979,0,0,0,1,0,0,1,0,0
5.500909,0,0,0,0,0,1,0,0,1
5.515505,1,0,0,0,1,0,0,1,0
5.535866,0,1,0,0,0,0,0,0,0
5.535882,0,0,1,0,0,0,0,0,0
5.547697,0,0,0,0,0,1,0,0,1
5.551433,0,0,0,1,0,0,1,0,0
5.567341,1,0,0,0,0,0,0,0,0
5.581764,0,0,0,0,1,0,0,1,0
5.583931,0,0,1,0,0,0,0,0,0
5.599225,0,0,0,1,0,0,1,0,0
5.601740,0,0,0,0,0,1,0,0,1
5.603202,0,1,0,0,0,0,0,0,0
5.609293,1,0,0,0,0,0,0,0,0
5.618135,0,0,0,0,1,0,0,1,0
5.633027,0,0,1,0,0,0,0,0,0
5.645847,0,1,0,0,0,0,0,0,0
5.649616,0,0,0,1,0,0,1,0,0
5.652181,0,0,0,0,0,1,0,0,1
5.663496,1,0,0,0,1,0,0,1,0
5.687366,0,1,0,0,0,0,0,0,0
5.689971,0,0,1,0,0,0,0,0,0
5.698060,0,0,0,1,0,0,1,0,0
5.702594,0,0,0,0,0,1,0,0,1
5.717165,1,0,0,0,1,0,0,1,0
5.737846,0,0,1,0,0,0,0,0,0
5.738122,0,1,0,0,0,0,0,0,0
5.751312,0,0,0,1,0,0,1,0,0
5.753187,0,0,0,0,0,1,0,0,1
5.762853,1,0,0,0,1,0,0,1,0
5.789996,0,1,0,0,0,0,0,0,0
5.790550,0,0,1,0,0,0,0,0,0
5.799792,0,0,0,1,0,0,1,0,0
5.800958,0,0,0,0,0,1,0,0,1
5.814448,1,0,0,0,0,0,0,0,0
5.839313,0,0,1,0,0,0,0,0,0
5.846905,0,0,0,0,0,1,0,0,1
5.848074,0,0,0,0,1,0,0,1,0
5.849140,0,0,0,1,0,0,1,0,0
5.868332,1,0,0,0,1,0,0,1,0
5.874404,0,1,0,0,0,0,0,0,0
5.886658,0,0,1,0,0,0,0,0,0
5.893862,0,1,0,0,0,0,0,0,0
5.898587,0,0,0,0,0,1,0,0,1
5.899377,0,0,0,1,0,0,1,0,0
5.911728,1,0,0,0,1,0,0,1,0
5.933005,0,1,0,0,0,0,0,0,0
5.937866,0,0,1,0,0,0,0,0,0
5.947447,0,0,0,0,0,1,0,0,1
5.949583,0,0,0,1,0,0,1,0,0
5.967703,1,0,0,0,0,0,0,0,0
5.983359,0,0,1,0,0,0,0,0,0
5.998421,0,0,0,0,0,1,0,0,1
5.998984,0,0,0,1,1,0,1,1,0
6.011817,1,0,0,0,1,0,0,1,0
6.025475,0,1,0,0,0,0,0,0,0
6.032017,0,1,0,0,0,0,0,0,0
6.036047,0,0,1,0,0,0,0,0,0
6.050879,0,0,0,1,0,0,1,0,0
6.051054,0,0,0,0,0,1,0,0,1
6.066257,1,0,0,0,0,0,0,0,0
6.072729,0,0,0,0,1,0,0,1,0
6.082528,0,0,1,0,0,0,0,0,0
6.094039,0,1,0,0,0,0,0,0,0
6.100805,0,0,0,0,0,1,0,0,1
6.101014,0,0,0,1,0,0,1,0,0
6.117223,1,0,0,0,0,0,0,0,0
6.120184,0,0,0,0,1,0,0,1,0
6.136406,0,0,1,0,0,0,0,0,0
6.143537,0,1,0,0,0,0,0,0,0
6.149609,0,0,0,1,0,0,1,0,0
6.149780,0,0,0,0,0,1,0,0,1
6.167806,1,0,0,0,0,0,0,0,0
6.184835,0,0,1,0,1,0,0,1,0
6.198951,0,0,0,1,0,0,1,0,0
6.202770,0,0,0,0,0,1,0,0,1
6.206525,0,1,0,0,0,0,0,0,0
6.214736,1,0,0,0,0,0,0,0,0
6.240133,0,0,1,0,1,0,0,1,0
6.247919,0,0,0,0,0,1,0,0,1
6.250939,0,0,0,1,0,0,1,0,0
6.263461,1,0,0,0,1,0,0,1,0
6.268892,0,1,0,0,0,0,0,0,0
6.285220,0,0,1,0,0,0,0,0,0
6.291811,0,1,0,0,0,0,0,0,0
6.296692,0,0,0,0,0,1,0,0,1
6.300031,0,0,0,1,0,0,1,0,0
6.315157,1,0,0,0,0,0,0,0,0
6.332403,0,0,1,0,0,0,0,0,0
6.347030,0,0,0,0,1,1,0,1,1
6.349847,0,0,0,1,0,0,1,0,0
6.363240,1,0,0,0,0,0,0,0,0
6.373260,0,1,0,0,1,0,0,1,0
6.383460,0,0,1,0,0,0,0,0,0
6.394163,0,1,0,0,0,0,0,0,0
6.399990,0,0,0,0,0,1,0,0,1
6.400959,0,0,0,1,0,0,1,0,0
6.411795,1,0,0,0,0,0,0,0,0
6.436410,0,0,1,0,1,0,0,1,0
6.449562,0,0,0,1,0,0,1,0,0
6.452388,0,0,0,0,0,1,0,0,1
6.458975,0,1,0,0,0,0,0,0,0
6.465068,1,0,0,0,1,0,0,1,0
6.489783,0,0,1,0,0,0,0,0,0
6.493407,0,1,0,0,0,0,0,0,0
6.497281,0,0,0,0,0,1,0,0,1
6.501681,0,0,0,1,0,0,1,0,0
6.512907,1,0,0,0,0,0,0,0,0
6.526700,0,0,0,0,1,0,0,1,0
6.536399,0,0,1,0,0,0,0,0,0
6.546473,0,0,0,0,0,1,0,0,1
6.549561,0,0,0,1,0,0,1,0,0
6.552063,0,1,0,0,0,0,0,0,0
6.561965,1,0,0,0,1,0,0,1,0
6.582775,0,0,1,0,0,0,0,0,0
6.588281,0,1,0,0,0,0,0,0,0
6.597060,0,0,0,0,0,1,0,0,1
6.598741,0,0,0,1,0,0,1,0,0
6.610914,1,0,0,0,1,0,0,1,0
6.629451,0,0,1,0,0,0,0,0,0
6.640031,0,1,0,0,0,0,0,0,0
6.651403,0,0,0,1,0,0,1,0,0
6.652949,0,0,0,0,0,1,0,0,1
6.664314,1,0,0,0,1,0,0,1,0
6.686117,0,0,1,0,0,0,0,0,0
6.690197,0,1,0,0,0,0,0,0,0
6.698211,0,0,0,0,0,1,0,0,1
6.698960,0,0,0,1,0,0,1,0,0
6.710547,1,0,0,0,1,0,0,1,0
6.731244,0,0,1,0,0,0,0,0,0
6.738213,0,1,0,0,0,0,0,0,0
6.748401,0,0,0,0,0,1,0,0,1
6.751867,0,0,0,1,0,0,1,0,0
6.768034,1,0,0,0,1,0,0,1,0
6.784854,0,0,1,0,0,0,0,0,0
6.797288,0,1,0,0,0,0,0,0,0
6.798418,0,0,0,0,0,1,0,0,1
6.799604,0,0,0,1,0,0,1,0,0
6.813321,1,0,0,0,0,0,0,0,0
6.820364,0,0,0,0,1,0,0,1,0
6.830274,0,0,1,0,0,0,0,0,0
6.841549,0,1,0,0,0,0,0,0,0
6.850394,0,0,0,1,0,0,1,0,0
6.850908,0,0,0,0,0,1,0,0,1
6.861405,1,0,0,0,1,0,0,1,0
6.887536,0,1,0,0,0,0,0,0,0
6.888125,0,0,1,0,0,0,0,0,0
6.896924,0,0,0,0,0,1,0,0,1
6.899281,0,0,0,1,0,0,1,0,0
6.910688,1,0,0,0,1,0,0,1,0
6.934017,0,0,1,0,0,0,0,0,0
6.938568,0,1,0,0,0,0,0,0,0
6.947273,0,0,0,0,0,1,0,0,1
6.949736,0,0,0,1,0,0,1,0,0
6.960918,1,0,0,0,0,0,0,0,0
6.981054,0,0,1,0,1,0,0,1,0
6.996292,0,0,0,0,0,1,0,0,1
7.000293,0,0,0,1,0,0,1,0,0
7.001992,0,1,0,0,0,0,0,0,0
7.010992,1,0,0,0,0,0,0,0,0
7.033985,0,0,1,0,0,0,0,0,0
7.041503,0,0,0,0,1,0,0,1,0
7.047742,0,0,0,0,0,1,0,0,1
7.050581,0,0,0,1,0,0,1,0,0
7.062101,1,0,0,0,0,0,0,0,0
7.065298,0,0,0,0,1,0,0,1,0
7.067331,0,1,0,0,0,0,0,0,0
7.078215,0,0,1,0,0,0,0,0,0
7.093322,0,1,0,0,0,0,0,0,0
7.100846,0,0,0,1,0,0,1,0,0
7.102429,0,0,0,0,0,1,0,0,1
7.114762,1,0,0,0,1,0,0,1,0
7.138096,0,0,1,0,0,0,0,0,0
7.144203,0,1,0,0,0,0,0,0,0
7.149451,0,0,0,1,0,0,1,0,0
7.153800,0,0,0,0,0,1,0,0,1
7.160104,1,0,0,0,1,0,0,1,0
7.182365,0,1,0,0,0,0,0,0,0
7.184539,0,0,1,0,0,0,0,0,0
7.201208,0,0,0,1,0,0,1,0,0
7.203733,0,0,0,0,0,1,0,0,1
7.216092,1,0,0,0,1,0,0,1,0
7.239473,0,0,1,0,0,0,0,0,0
7.242553,0,1,0,0,0,0,0,0,0
7.249486,0,0,0,1,0,0,1,0,0
7.250027,0,0,0,0,0,1,0,0,1
7.264704,1,0,0,0,0,0,0,0,0
7.289256,0,0,1,0,0,0,0,0,0
7.299139,0,0,0,1,0,0,1,0,0
7.302762,0,0,0,0,1,1,0,1,1
7.312968,1,0,0,0,1,0,0,1,0
7.323581,0,1,0,0,0,0,0,0,0
7.335409,0,1,0,0,0,0,0,0,0
7.342447,0,0,1,0,0,0,0,0,0
7.347809,0,0,0,0,0,1,0,0,1
7.349554,0,0,0,1,0,0,1,0,0
7.363059,1,0,0,0,0,0,0,0,0
7.371594,0,0,0,0,1,0,0,1,0
7.383096,0,0,1,0,0,0,0,0,0
7.394859,0,1,0,0,0,0,0,0,0
7.398798,0,0,0,1,0,0,1,0,0
7.402992,0,0,0,0,0,1,0,0,1
7.414831,1,0,0,0,0,0,0,0,0
7.437675,0,0,1,0,1,0,0,1,0
7.449430,0,0,0,1,0,0,1,0,0
7.453462,0,0,0,0,0,1,0,0,1
7.462988,0,1,0,0,0,0,0,0,0
7.464095,1,0,0,0,0,0,0,0,0
7.490317,0,0,1,0,0,0,0,0,0
7.497886,0,0,0,0,0,1,0,0,1
7.500752,0,0,0,1,0,0,1,0,0
7.516829,1,0,0,0,0,0,0,0,0
7.526642,0,0,0,0,1,0,0,1,0
7.528723,0,0,0,0,1,0,0,1,0
7.531017,0,0,1,0,0,0,0,0,0
7.549419,0,1,0,0,0,0,0,0,0
7.550829,0,0,0,1,0,0,1,0,0
7.552320,0,0,0,0,0,1,0,0,1
7.552435,0,1,0,0,0,0,0,0,0
7.566142,1,0,0,0,1,0,0,1,0
7.589842,0,1,0,0,0,0,0,0,0
7.591921,0,0,1,0,0,0,0,0,0
7.600653,0,0,0,1,0,0,1,0,0
7.602837,0,0,0,0,0,1,0,0,1
7.615272,1,0,0,0,0,0,0,0,0
7.633337,0,0,0,0,1,0,0,1,0
7.637102,0,0,1,0,0,0,0,0,0
7.648660,0,0,0,1,0,0,1,0,0
7.652228,0,0,0,0,0,1,0,0,1
7.660628,1,0,0,0,0,0,0,0,0
7.662696,0,1,0,0,0,0,0,0,0
7.688566,0,0,1,0,1,0,0,1,0
7.700569,0,0,0,0,0,1,0,0,1
7.700981,0,0,0,1,0,0,1,0,0
7.713757,1,0,0,0,1,0,0,1,0
7.714221,0,1,0,0,0,0,0,0,0
7.735953,0,0,1,0,0,0,0,0,0
7.741994,0,1,0,0,0,0,0,0,0
7.750461,0,0,0,1,0,0,1,0,0
7.752363,0,0,0,0,0,1,0,0,1
7.770111,1,0,0,0,1,0,0,1,0
7.785889,0,0,1,0,0,0,0,0,0
7.795279,0,1,0,0,0,0,0,0,0
7.799361,0,0,0,1,0,0,1,0,0
7.800599,0,0,0,0,0,1,0,0,1
7.814818,1,0,0,0,1,0,0,1,0
7.835299,0,0,1,0,0,0,0,0,0
7.838087,0,1,0,0,0,0,0,0,0
7.849134,0,0,0,0,0,1,0,0,1
7.851004,0,0,0,1,0,0,1,0,0
7.864601,1,0,0,0,1,0,0,1,0
7.886352,0,1,0,0,0,0,0,0,0
7.886845,0,0,1,0,0,0,0,0,0
7.900226,0,0,0,0,0,1,0,0,1
7.901523,0,0,0,1,0,0,1,0,0
7.919337,1,0,0,0,0,0,0,0,0
7.936732,0,0,1,0,0,0,0,0,0
7.949241,0,0,0,0,0,1,0,0,1
7.949636,0,0,0,1,0,0,1,0,0
7.965705,1,0,0,0,0,0,0,0,0
7.985601,0,0,1,0,1,0,0,1,0
7.995277,0,0,0,0,1,0,0,1,0
7.998909,0,0,0,0,0,1,0,0,1
8.000486,0,0,0,1,0,0,1,0,0
8.010218,0,1,0,0,0,0,0,0,0
8.016892,0,1,0,0,0,0,0,0,0
8.016964,1,0,0,0,1,0,0,1,0
8.033492,0,0,1,0,0,0,0,0,0
8.042035,0,1,0,0,0,0,0,0,0
8.047579,0,0,0,0,0,1,0,0,1
8.049078,0,0,0,1,0,0,1,0,0
8.061454,1,0,0,0,1,0,0,1,0
8.081835,0,1,0,0,0,0,0,0,0
8.082950,0,0,1,0,0,0,0,0,0
8.099042,0,0,0,1,0,0,1,0,0
8.102458,0,0,0,0,0,1,0,0,1
8.114102,1,0,0,0,0,0,0,0,0
8.140448,0,0,1,0,1,0,0,1,0
8.148363,0,0,0,0,0,1,0,0,1
8.149639,0,0,0,1,0,0,1,0,0
8.163617,1,0,0,0,1,0,0,1,0
8.167857,0,1,0,0,0,0,0,0,0
8.186143,0,0,1,0,0,0,0,0,0
8.191543,0,1,0,0,0,0,0,0,0
8.198689,0,0,0,0,0,1,0,0,1
8.201905,0,0,0,1,0,0,1,0,0
8.215119,1,0,0,0,1,0,0,1,0
8.233002,0,0,1,0,0,0,0,0,0
8.244920,0,1,0,0,0,0,0,0,0
8.250106,0,0,0,1,0,0,1,0,0
8.250600,0,0,0,0,0,1,0,0,1
8.262527,1,0,0,0,0,0,0,0,0
8.266128,0,0,0,0,1,0,0,1,0
8.289888,0,0,1,0,0,0,0,0,0
8.290923,0,1,0,0,0,0,0,0,0
8.300163,0,0,0,1,0,0,1,0,0
8.301468,0,0,0,0,0,1,0,0,1
8.314240,1,0,0,0,0,0,0,0,0
8.316679,0,0,0,0,1,0,0,1,0
8.339765,0,0,1,0,0,0,0,0,0
8.341763,0,1,0,0,0,0,0,0,0
8.350400,0,0,0,0,0,1,0,0,1
8.351210,0,0,0,1,0,0,1,0,0
8.362821,1,0,0,0,0,0,0,0,0
8.383258,0,0,1,0,0,0,0,0,0
8.385544,0,0,0,0,1,0,0,1,0
8.398809,0,0,0,0,0,1,0,0,1
8.400399,0,0,0,1,0,0,1,0,0
8.405552,0,1,0,0,0,0,0,0,0
8.413128,1,0,0,0,1,0,0,1,0
8.434537,0,0,1,0,0,0,0,0,0
8.439643,0,1,0,0,0,0,0,0,0
8.447770,0,0,0,0,0,1,0,0,1
8.449344,0,0,0,1,0,0,1,0,0
8.461897,1,0,0,0,0,0,0,0,0
8.478530,0,0,0,0,1,0,0,1,0
8.483241,0,0,1,0,0,0,0,0,0
8.497378,0,0,0,0,0,1,0,0,1
8.501427,0,0,0,1,0,0,1,0,0
8.503001,0,1,0,0,0,0,0,0,0
8.515663,1,0,0,0,0,0,0,0,0
8.527183,0,0,0,0,1,0,0,1,0
8.530940,0,0,1,0,0,0,0,0,0
8.546166,0,0,0,0,0,1,0,0,1
8.549433,0,0,0,1,0,0,1,0,0
8.550952,0,1,0,0,0,0,0,0,0
8.567192,1,0,0,0,1,0,0,1,0
8.584994,0,0,1,0,0,0,0,0,0
8.588796,0,1,0,0,0,0,0,0,0
8.599849,0,0,0,1,0,0,1,0,0
8.601835,0,0,0,0,0,1,0,0,1
8.615516,1,0,0,0,1,0,0,1,0
8.635054,0,0,1,0,0,0,0,0,0
8.638677,0,1,0,0,0,0,0,0,0
8.650461,0,0,0,0,0,1,0,0,1
8.651213,0,0,0,1,0,0,1,0,0
8.665410,1,0,0,0,1,0,0,1,0
8.688342,0,0,1,0,0,0,0,0,0
8.694335,0,1,0,0,0,0,0,0,0
8.700906,0,0,0,1,0,0,1,0,0
8.702729,0,0,0,0,0,1,0,0,1
8.714563,1,0,0,0,1,0,0,1,0
8.737402,0,1,0,0,0,0,0,0,0
8.739956,0,0,1,0,0,0,0,0,0
8.746559,0,0,0,0,0,1,0,0,1
8.750896,0,0,0,1,0,0,1,0,0
8.764357,1,0,0,0,1,0,0,1,0
8.776797,0,0,1,0,0,0,0,0,0
8.789275,0,1,0,0,0,0,0,0,0
8.799985,0,0,0,1,0,0,1,0,0
8.801102,0,0,0,0,0,1,0,0,1
8.817591,1,0,0,0,1,0,0,1,0
8.832446,0,0,1,0,0,0,0,0,0
8.841795,0,1,0,0,0,0,0,0,0
8.847637,0,0,0,0,0,1,0,0,1
8.850046,0,0,0,1,0,0,1,0,0
8.862020,1,0,0,0,0,0,0,0,0
8.882568,0,0,1,0,1,0,0,1,0
8.897553,0,0,0,0,0,1,0,0,1
8.899322,0,0,0,1,0,0,1,0,0
8.908211,0,1,0,0,0,0,0,0,0
8.912322,1,0,0,0,0,0,0,0,0
8.924801,0,0,0,0,1,0,0,1,0
8.931377,0,0,1,0,0,0,0,0,0
8.946987,0,0,0,0,0,1,0,0,1
8.949582,0,0,0,1,0,0,1,0,0
8.950925,0,1,0,0,0,0,0,0,0
8.962912,1,0,0,0,0,0,0,0,0
8.982983,0,0,1,0,0,0,0,0,0
8.984226,0,0,0,0,1,0,0,1,0
8.999640,0,0,0,1,0,0,1,0,0
9.001770,0,0,0,0,0,1,0,0,1
9.013509,0,1,0,0,0,0,0,0,0
9.013791,1,0,0,0,1,0,0,1,0
9.036914,0,0,1,0,0,0,0,0,0
9.037932,0,1,0,0,0,0,0,0,0
9.049024,0,0,0,0,0,1,0,0,1
9.049805,0,0,0,1,0,0,1,0,0
9.067032,1,0,0,0,0,0,0,0,0
9.088808,0,0,1,0,1,0,0,1,0
9.096379,0,0,0,0,0,1,0,0,1
9.100025,0,0,0,1,0,0,1,0,0
9.115454,1,0,0,0,1,0,0,1,0
9.116694,0,1,0,0,0,0,0,0,0
9.134080,0,0,1,0,0,0,0,0,0
9.141223,0,1,0,0,0,0,0,0,0
9.146987,0,0,0,0,0,1,0,0,1
9.148039,0,0,0,1,0,0,1,0,0
9.161551,1,0,0,0,1,0,0,1,0
9.184113,0,1,0,0,0,0,0,0,0
9.186370,0,0,1,0,0,0,0,0,0
9.199716,0,0,0,1,0,0,1,0,0
9.199782,0,0,0,0,0,1,0,0,1
9.216173,1,0,0,0,1,0,0,1,0
9.236307,0,0,1,0,0,0,0,0,0
9.245667,0,1,0,0,0,0,0,0,0
9.248447,0,0,0,1,0,0,1,0,0
9.250070,0,0,0,0,0,1,0,0,1
9.267149,1,0,0,0,0,0,0,0,0
9.282625,0,0,1,0,0,0,0,0,0
9.300111,0,0,0,1,1,0,1,1,0
9.303322,0,0,0,0,0,1,0,0,1
9.313274,1,0,0,0,1,0,0,1,0
9.323666,0,1,0,0,0,0,0,0,0
9.337248,0,1,0,0,0,0,0,0,0
9.341085,0,0,1,0,0,0,0,0,0
9.348263,0,0,0,0,0,1,0,0,1
9.351261,0,0,0,1,0,0,1,0,0
9.370151,1,0,0,0,1,0,0,1,0
9.386440,0,0,1,0,0,0,0,0,0
9.395541,0,1,0,0,0,0,0,0,0
9.398775,0,0,0,0,0,1,0,0,1
9.399060,0,0,0,1,0,0,1,0,0
9.415135,1,0,0,0,1,0,0,1,0
9.431664,0,0,1,0,0,0,0,0,0
9.435524,0,1,0,0,0,0,0,0,0
9.446537,0,0,0,0,0,1,0,0,1
9.451697,0,0,0,1,0,0,1,0,0
9.464357,1,0,0,0,1,0,0,1,0
9.480564,0,0,1,0,0,0,0,0,0
9.489588,0,1,0,0,0,0,0,0,0
9.496400,0,0,0,0,0,1,0,0,1
9.499537,0,0,0,1,0,0,1,0,0
9.515475,1,0,0,0,1,0,0,1,0
9.532382,0,0,1,0,0,0,0,0,0
9.544503,0,1,0,0,0,0,0,0,0
9.550312,0,0,0,1,0,0,1,0,0
9.550355,0,0,0,0,0,1,0,0,1
9.569216,1,0,0,0,1,0,0,1,0
9.585150,0,0,1,0,0,0,0,0,0
9.598798,0,1,0,0,0,0,0,0,0
9.599505,0,0,0,1,0,0,1,0,0
9.601665,0,0,0,0,0,1,0,0,1
9.610693,1,0,0,0,0,0,0,0,0
9.633868,0,0,1,0,1,0,0,1,0
9.650581,0,0,0,1,0,0,1,0,0
9.652832,0,0,0,0,0,1,0,0,1
9.658046,0,1,0,0,0,0,0,0,0
9.662177,1,0,0,0,1,0,0,1,0
9.682607,0,1,0,0,0,0,0,0,0
9.690312,0,0,1,0,0,0,0,0,0
9.700466,0,0,0,1,0,0,1,0,0
9.703417,0,0,0,0,0,1,0,0,1
9.716601,1,0,0,0,1,0,0,1,0
9.738749,0,1,0,0,0,0,0,0,0
9.739142,0,0,1,0,0,0,0,0,0
9.749184,0,0,0,1,0,0,1,0,0
9.751677,0,0,0,0,0,1,0,0,1
9.759738,1,0,0,0,1,0,0,1,0
9.782089,0,1,0,0,0,0,0,0,0
9.787539,0,0,1,0,0,0,0,0,0
9.799066,0,0,0,1,0,0,1,0,0
9.802023,0,0,0,0,0,1,0,0,1
9.812821,1,0,0,0,1,0,0,1,0
9.835382,0,1,0,0,0,0,0,0,0
9.838675,0,0,1,0,0,0,0,0,0
9.849782,0,0,0,1,0,0,1,0,0
9.850248,0,0,0,0,0,1,0,0,1
9.860523,1,0,0,0,0,0,0,0,0
9.886268,0,0,1,0,0,0,0,0,0
9.897645,0,0,0,0,0,1,0,0,1
9.901787,0,0,0,1,1,0,1,1,0
9.913391,1,0,0,0,1,0,0,1,0
9.931137,0,1,0,0,0,0,0,0,0
9.937581,0,0,1,0,0,0,0,0,0
9.940966,0,1,0,0,0,0,0,0,0
9.948467,0,0,0,0,0,1,0,0,1
9.949545,0,0,0,1,0,0,1,0,0
9.963710,1,0,0,0,1,0,0,1,0
9.986559,0,0,1,0,0,0,0,0,0
9.991595,0,1,0,0,0,0,0,0,0
9.999249,0,0,0,0,0,1,0,0,1
9.999940,0,0,0,1,0,0,1,0,0
10.011294,1,0,0,0,0,0,0,0,0
10.028187,0,0,0,0,1,0,0,1,0
10.032590,0,0,1,0,0,0,0,0,0
10.050065,0,0,0,1,0,0,1,0,0
10.053717,0,0,0,0,0,1,0,0,1
10.054341,0,1,0,0,0,0,0,0,0
10.062381,1,0,0,0,0,0,0,0,0
10.091991,0,0,1,0,1,0,0,1,0
10.099749,0,0,0,0,0,1,0,0,1
10.099955,0,0,0,1,0,0,1,0,0
10.112391,0,1,0,0,0,0,0,0,0
10.117737,1,0,0,0,1,0,0,1,0
10.138113,0,0,1,0,0,0,0,0,0
10.144988,0,1,0,0,0,0,0,0,0
10.147784,0,0,0,0,0,1,0,0,1
10.150558,0,0,0,1,0,0,1,0,0
10.161385,1,0,0,0,0,0,0,0,0
10.178718,0,0,1,0,0,0,0,0,0
10.198150,0,0,0,1,0,0,1,0,0
10.199013,0,0,0,0,1,1,0,1,1
10.215739,1,0,0,0,1,0,0,1,0
10.227325,0,1,0,0,0,0,0,0,0
10.233933,0,0,1,0,0,0,0,0,0
10.238433,0,1,0,0,0,0,0,0,0
10.250549,0,0,0,1,0,0,1,0,0
10.251507,0,0,0,0,0,1,0,0,1
10.266272,1,0,0,0,1,0,0,1,0
10.288059,0,1,0,0,0,0,0,0,0
10.288982,0,0,1,0,0,0,0,0,0
10.300860,0,0,0,0,0,1,0,0,1
10.301411,0,0,0,1,0,0,1,0,0
10.315875,1,0,0,0,1,0,0,1,0
10.332508,0,0,1,0,0,0,0,0,0
10.338624,0,1,0,0,0,0,0,0,0
10.350819,0,0,0,1,0,0,1,0,0
10.353244,0,0,0,0,0,1,0,0,1
10.370776,1,0,0,0,1,0,0,1,0
10.384939,0,0,1,0,0,0,0,0,0
10.394982,0,1,0,0,0,0,0,0,0
10.399377,0,0,0,0,0,1,0,0,1
10.400350,0,0,0,1,0,0,1,0,0
10.414737,1,0,0,0,1,0,0,1,0
10.434225,0,0,1,0,0,0,0,0,0
10.434936,0,1,0,0,0,0,0,0,0
10.450127,0,0,0,1,0,0,1,0,0
10.451512,0,0,0,0,0,1,0,0,1
10.464876,1,0,0,0,0,0,0,0,0
10.488353,0,0,1,0,0,0,0,0,0
10.489547,0,0,0,0,1,0,0,1,0
10.499411,0,0,0,1,0,0,1,0,0
10.500418,0,0,0,0,0,1,0,0,1
10.510868,1,0,0,0,0,0,0,0,0
10.513888,0,0,0,0,1,0,0,1,0
10.516522,0,1,0,0,0,0,0,0,0
10.537388,0,1,0,0,0,0,0,0,0
10.538196,0,0,1,0,0,0,0,0,0
10.548945,0,0,0,0,0,1,0,0,1
10.549077,0,0,0,1,0,0,1,0,0
10.560447,1,0,0,0,0,0,0,0,0
10.565500,0,0,0,0,1,0,0,1,0
10.584064,0,0,1,0,0,0,0,0,0
10.590123,0,1,0,0,0,0,0,0,0
10.599535,0,0,0,1,0,0,1,0,0
10.600779,0,0,0,0,0,1,0,0,1
10.611446,1,0,0,0,0,0,0,0,0
10.640506,0,0,1,0,1,0,0,1,0
10.650512,0,0,0,0,0,1,0,0,1
10.651135,0,0,0,1,0,0,1,0,0
10.663672,0,1,0,0,0,0,0,0,0
10.666931,1,0,0,0,0,0,0,0,0
10.680761,0,0,1,0,1,0,0,1,0
10.701126,0,0,0,0,0,1,0,0,1
10.701171,0,0,0,1,0,0,1,0,0
10.703596,0,1,0,0,0,0,0,0,0
10.711207,1,0,0,0,0,0,0,0,0
10.739677,0,0,1,0,1,0,0,1,0
10.750404,0,0,0,1,0,0,1,0,0
10.753990,0,0,0,0,0,1,0,0,1
10.765409,1,0,0,0,1,0,0,1,0
10.765927,0,1,0,0,0,0,0,0,0
10.787713,0,1,0,0,0,0,0,0,0
10.788870,0,0,1,0,0,0,0,0,0
10.799385,0,0,0,1,0,0,1,0,0
10.803326,0,0,0,0,0,1,0,0,1
10.817467,1,0,0,0,1,0,0,1,0
10.842777,0,0,1,0,0,0,0,0,0
10.843921,0,1,0,0,0,0,0,0,0
10.849829,0,0,0,1,0,0,1,0,0
10.850761,0,0,0,0,0,1,0,0,1
10.863602,1,0,0,0,1,0,0,1,0
10.885403,0,0,1,0,0,0,0,0,0
10.887905,0,1,0,0,0,0,0,0,0
10.900212,0,0,0,0,0,1,0,0,1
10.900748,0,0,0,1,0,0,1,0,0
10.911473,1,0,0,0,0,0,0,0,0
10.935340,0,0,1,0,0,0,0,0,0
10.938074,0,0,0,0,1,0,0,1,0
10.950386,0,0,0,1,0,0,1,0,0
10.952118,0,0,0,0,0,1,0,0,1
10.959238,0,1,0,0,0,0,0,0,0
10.969133,1,0,0,0,0,0,0,0,0
10.988798,0,0,1,0,0,0,0,0,0
10.997271,0,0,0,0,1,0,0,1,0
10.999502,0,0,0,1,0,0,1,0,0
11.001328,0,0,0,0,0,1,0,0,1
11.015520,1,0,0,0,1,0,0,1,0
11.026000,0,1,0,0,0,0,0,0,0
11.032472,0,0,1,0,0,0,0,0,0
11.040817,0,1,0,0,0,0,0,0,0
11.049605,0,0,0,1,0,0,1,0,0
11.052393,0,0,0,0,0,1,0,0,1
11.064887,1,0,0,0,1,0,0,1,0
11.087222,0,1,0,0,0,0,0,0,0
11.090760,0,0,1,0,0,0,0,0,0
11.096396,0,0,0,0,0,1,0,0,1
11.101221,0,0,0,1,0,0,1,0,0
11.113749,1,0,0,0,1,0,0,1,0
11.132417,0,0,1,0,0,0,0,0,0
11.137909,0,1,0,0,0,0,0,0,0
11.148415,0,0,0,0,0,1,0,0,1
11.149813,0,0,0,1,0,0,1,0,0
11.162568,1,0,0,0,0,0,0,0,0
11.164618,0,0,0,0,1,0,0,1,0
11.182866,0,0,1,0,0,0,0,0,0
11.190833,0,1,0,0,0,0,0,0,0
11.198694,0,0,0,0,0,1,0,0,1
11.199425,0,0,0,1,0,0,1,0,0
11.212986,1,0,0,0,1,0,0,1,0
11.234216,0,1,0,0,0,0,0,0,0
11.237317,0,0,1,0,0,0,0,0,0
11.250163,0,0,0,0,0,1,0,0,1
11.251414,0,0,0,1,0,0,1,0,0
11.261728,1,0,0,0,0,0,0,0,0
11.279601,0,0,0,0,1,0,0,1,0
11.285875,0,0,1,0,0,0,0,0,0
11.300756,0,0,0,1,0,0,1,0,0
11.303635,0,0,0,0,0,1,0,0,1
11.304464,0,1,0,0,0,0,0,0,0
11.318546,1,0,0,0,0,0,0,0,0
11.323056,0,0,0,0,1,0,0,1,0
11.342738,0,0,1,0,0,0,0,0,0
11.343579,0,1,0,0,0,0,0,0,0
11.350258,0,0,0,0,0,1,0,0,1
11.351072,0,0,0,1,0,0,1,0,0
11.370034,1,0,0,0,1,0,0,1,0
11.385920,0,0,1,0,0,0,0,0,0
11.395352,0,1,0,0,0,0,0,0,0
11.399216,0,0,0,1,0,0,1,0,0
11.400277,0,0,0,0,0,1,0,0,1
11.416253,1,0,0,0,1,0,0,1,0
11.438432,0,1,0,0,0,0,0,0,0
11.438556,0,0,1,0,0,0,0,0,0
11.449907,0,0,0,1,0,0,1,0,0
11.451359,0,0,0,0,0,1,0,0,1
11.466037,1,0,0,0,1,0,0,1,0
11.488183,0,0,1,0,0,0,0,0,0
11.493720,0,1,0,0,0,0,0,0,0
11.500212,0,0,0,0,0,1,0,0,1
11.500417,0,0,0,1,0,0,1,0,0
11.513704,1,0,0,0,0,0,0,0,0
11.528980,0,0,0,0,1,0,0,1,0
11.540041,0,0,1,0,0,0,0,0,0
11.549390,0,0,0,1,0,0,1,0,0
11.550640,0,0,0,0,0,1,0,0,1
11.551285,0,1,0,0,0,0,0,0,0
11.561917,1,0,0,0,1,0,0,1,0
11.589262,0,1,0,0,0,0,0,0,0
11.590481,0,0,1,0,0,0,0,0,0
11.598601,0,0,0,0,0,1,0,0,1
11.599104,0,0,0,1,0,0,1,0,0
11.613976,1,0,0,0,0,0,0,0,0
11.637464,0,0,1,0,0,0,0,0,0
11.646371,0,0,0,0,1,0,0,1,0
11.648715,0,0,0,0,0,1,0,0,1
11.649883,0,0,0,1,0,0,1,0,0
11.663615,1,0,0,0,1,0,0,1,0
11.673924,0,1,0,0,0,0,0,0,0
11.681009,0,0,1,0,0,0,0,0,0
11.690138,0,1,0,0,0,0,0,0,0
11.700560,0,0,0,0,0,1,0,0,1
11.700821,0,0,0,1,0,0,1,0,0
11.714294,1,0,0,0,1,0,0,1,0
11.740021,0,0,1,0,0,0,0,0,0
11.741785,0,1,0,0,0,0,0,0,0
11.750306,0,0,0,1,0,0,1,0,0
11.751139,0,0,0,0,0,1,0,0,1
11.764088,1,0,0,0,0,0,0,0,0
11.785372,0,0,1,0,1,0,0,1,0
11.800518,0,0,0,1,0,0,1,0,0
11.802035,0,0,0,0,0,1,0,0,1
11.810332,0,1,0,0,0,0,0,0,0
11.811580,1,0,0,0,0,0,0,0,0
11.834500,0,0,0,0,1,0,0,1,0
11.836883,0,0,1,0,0,0,0,0,0
11.847387,0,0,0,0,0,1,0,0,1
11.850889,0,0,0,1,0,0,1,0,0
11.859592,0,1,0,0,0,0,0,0,0
11.868642,1,0,0,0,1,0,0,1,0
11.884533,0,0,1,0,0,0,0,0,0
11.896342,0,1,0,0,0,0,0,0,0
11.899626,0,0,0,1,0,0,1,0,0
11.900495,0,0,0,0,0,1,0,0,1
11.914396,1,0,0,0,1,0,0,1,0
11.938563,0,0,1,0,0,0,0,0,0
11.942320,0,1,0,0,0,0,0,0,0
11.948172,0,0,0,0,0,1,0,0,1
11.949096,0,0,0,1,0,0,1,0,0
11.965136,1,0,0,0,1,0,0,1,0
11.984517,0,0,1,0,0,0,0,0,0
11.992149,0,1,0,0,0,0,0,0,0
11.999013,0,0,0,0,0,1,0,0,1
12.000051,0,0,0,1,0,0,1,0,0
12.012956,1,0,0,0,1,0,0,1,0
12.036057,0,0,1,0,0,0,0,0,0
12.038867,0,1,0,0,0,0,0,0,0
12.046777,0,0,0,0,0,1,0,0,1
12.050611,0,0,0,1,0,0,1,0,0
12.067226,1,0,0,0,0,0,0,0,0
12.071798,0,0,0,0,1,0,0,1,0
12.085037,0,0,1,0,0,0,0,0,0
12.092852,0,1,0,0,0,0,0,0,0
12.099498,0,0,0,1,0,0,1,0,0
12.100222,0,0,0,0,0,1,0,0,1
12.116179,1,0,0,0,0,0,0,0,0
12.134499,0,0,1,0,0,0,0,0,0
12.150257,0,0,0,1,0,0,1,0,0
12.150398,0,0,0,0,1,0,0,1,0
12.150538,0,0,0,0,0,1,0,0,1
12.167374,1,0,0,0,0,0,0,0,0
12.173237,0,1,0,0,1,0,0,1,0
12.183709,0,0,1,0,0,0,0,0,0
12.196762,0,1,0,0,0,0,0,0,0
12.199688,0,0,0,1,0,0,1,0,0
12.200801,0,0,0,0,0,1,0,0,1
12.216077,1,0,0,0,1,0,0,1,0
12.239609,0,1,0,0,0,0,0,0,0
12.239869,0,0,1,0,0,0,0,0,0
12.248726,0,0,0,0,0,1,0,0,1
12.249641,0,0,0,1,0,0,1,0,0
12.263725,1,0,0,0,1,0,0,1,0
12.285941,0,0,1,0,0,0,0,0,0
12.286110,0,1,0,0,0,0,0,0,0
12.297826,0,0,0,0,0,1,0,0,1
12.301211,0,0,0,1,0,0,1,0,0
12.318341,1,0,0,0,1,0,0,1,0
12.332221,0,0,1,0,0,0,0,0,0
12.338822,0,1,0,0,0,0,0,0,0
12.349678,0,0,0,0,0,1,0,0,1
12.350313,0,0,0,1,0,0,1,0,0
12.365445,1,0,0,0,0,0,0,0,0
12.380060,0,0,1,0,0,0,0,0,0
12.397900,0,0,0,0,1,1,0,1,1
12.400369,0,0,0,1,0,0,1,0,0
12.411108,1,0,0,0,0,0,0,0,0
12.419588,0,1,0,0,0,0,0,0,0
12.434281,0,0,1,0,1,0,0,1,0
12.448825,0,0,0,1,0,0,1,0,0
12.453690,0,0,0,0,0,1,0,0,1
12.458484,0,1,0,0,0,0,0,0,0
12.460479,1,0,0,0,0,0,0,0,0
12.468426,0,0,0,0,1,0,0,1,0
12.488075,0,0,1,0,0,0,0,0,0
12.488652,0,1,0,0,0,0,0,0,0
12.497724,0,0,0,0,0,1,0,0,1
12.499291,0,0,0,1,0,0,1,0,0
12.514677,1,0,0,0,1,0,0,1,0
12.534384,0,0,1,0,0,0,0,0,0
12.541670,0,1,0,0,0,0,0,0,0
12.547391,0,0,0,0,0,1,0,0,1
12.550064,0,0,0,1,0,0,1,0,0
12.560343,1,0,0,0,1,0,0,1,0
12.584498,0,0,1,0,0,0,0,0,0
12.586169,0,1,0,0,0,0,0,0,0
12.601298,0,0,0,1,0,0,1,0,0
12.601485,0,0,0,0,0,1,0,0,1
12.615682,1,0,0,0,0,0,0,0,0
12.622386,0,0,0,0,1,0,0,1,0
12.638009,0,0,1,0,0,0,0,0,0
12.648643,0,1,0,0,0,0,0,0,0
12.648649,0,0,0,0,0,1,0,0,1
12.650620,0,0,0,1,0,0,1,0,0
12.663955,1,0,0,0,0,0,0,0,0
12.687980,0,0,1,0,1,0,0,1,0
12.698468,0,0,0,0,0,1,0,0,1
12.700440,0,0,0,1,0,0,1,0,0
12.713910,1,0,0,0,0,0,0,0,0
12.715132,0,1,0,0,1,0,0,1,0
12.729260,0,0,1,0,0,0,0,0,0
12.738694,0,1,0,0,0,0,0,0,0
12.746506,0,0,0,0,0,1,0,0,1
12.749004,0,0,0,1,0,0,1,0,0
12.763834,1,0,0,0,1,0,0,1,0
12.777945,0,0,1,0,0,0,0,0,0
12.793650,0,1,0,0,0,0,0,0,0
12.797074,0,0,0,0,0,1,0,0,1
12.799392,0,0,0,1,0,0,1,0,0
12.812590,1,0,0,0,1,0,0,1,0
12.833727,0,1,0,0,0,0,0,0,0
12.835243,0,0,1,0,0,0,0,0,0
12.850707,0,0,0,1,0,0,1,0,0
12.851877,0,0,0,0,0,1,0,0,1
12.865253,1,0,0,0,1,0,0,1,0
12.888434,0,0,1,0,0,0,0,0,0
12.893255,0,1,0,0,0,0,0,0,0
12.899580,0,0,0,1,0,0,1,0,0
12.902821,0,0,0,0,0,1,0,0,1
12.917973,1,0,0,0,1,0,0,1,0
12.938681,0,1,0,0,0,0,0,0,0
12.940342,0,0,1,0,0,0,0,0,0
12.948415,0,0,0,1,0,0,1,0,0
12.952892,0,0,0,0,0,1,0,0,1
12.965349,1,0,0,0,1,0,0,1,0
12.986244,0,0,1,0,0,0,0,0,0
12.988700,0,1,0,0,0,0,0,0,0
12.998751,0,0,0,1,0,0,1,0,0
12.999427,0,0,0,0,0,1,0,0,1
13.012543,1,0,0,0,1,0,0,1,0
13.031982,0,0,1,0,0,0,0,0,0
13.039560,0,1,0,0,0,0,0,0,0
13.049152,0,0,0,1,0,0,1,0,0
13.051043,0,0,0,0,0,1,0,0,1
13.063213,1,0,0,0,1,0,0,1,0
13.083958,0,1,0,0,0,0,0,0,0
13.087005,0,0,1,0,0,0,0,0,0
13.100461,0,0,0,1,0,0,1,0,0
13.103754,0,0,0,0,0,1,0,0,1
13.117839,1,0,0,0,1,0,0,1,0
13.141852,0,0,1,0,0,0,0,0,0
13.144691,0,1,0,0,0,0,0,0,0
13.150164,0,0,0,1,0,0,1,0,0
13.151854,0,0,0,0,0,1,0,0,1
13.161880,1,0,0,0,0,0,0,0,0
13.187010,0,0,1,0,0,0,0,0,0
13.198138,0,0,0,0,1,0,0,1,0
13.199617,0,0,0,1,0,0,1,0,0
13.202237,0,0,0,0,0,1,0,0,1
13.215557,1,0,0,0,0,0,0,0,0
13.216712,0,0,0,0,1,0,0,1,0
13.219568,0,1,0,0,0,0,0,0,0
13.237552,0,0,1,0,0,0,0,0,0
13.241036,0,1,0,0,0,0,0,0,0
13.249554,0,0,0,1,0,0,1,0,0
13.251130,0,0,0,0,0,1,0,0,1
13.262318,1,0,0,0,1,0,0,1,0
13.282455,0,1,0,0,0,0,0,0,0
13.290228,0,0,1,0,0,0,0,0,0
13.299309,0,0,0,0,0,1,0,0,1
13.300621,0,0,0,1,0,0,1,0,0
13.313471,1,0,0,0,1,0,0,1,0
13.336917,0,0,1,0,0,0,0,0,0
13.337278,0,1,0,0,0,0,0,0,0
13.346121,0,0,0,0,0,1,0,0,1
13.349928,0,0,0,1,0,0,1,0,0
13.365171,1,0,0,0,1,0,0,1,0
13.385088,0,0,1,0,0,0,0,0,0
13.392338,0,1,0,0,0,0,0,0,0
13.399625,0,0,0,0,0,1,0,0,1
13.400181,0,0,0,1,0,0,1,0,0
13.410543,1,0,0,0,1,0,0,1,0
13.432756,0,0,1,0,0,0,0,0,0
13.437186,0,1,0,0,0,0,0,0,0
13.449097,0,0,0,0,0,1,0,0,1
13.450726,0,0,0,1,0,0,1,0,0
13.464470,1,0,0,0,1,0,0,1,0
13.487272,0,1,0,0,0,0,0,0,0
13.488210,0,0,1,0,0,0,0,0,0
13.498003,0,0,0,0,0,1,0,0,1
13.499864,0,0,0,1,0,0,1,0,0
13.510130,1,0,0,0,1,0,0,1,0
13.531431,0,1,0,0,0,0,0,0,0
13.536621,0,0,1,0,0,0,0,0,0
13.550618,0,0,0,1,0,0,1,0,0
13.550626,0,0,0,0,0,1,0,0,1
13.563800,1,0,0,0,1,0,0,1,0
13.584467,0,1,0,0,0,0,0,0,0
13.585513,0,0,1,0,0,0,0,0,0
13.601440,0,0,0,1,0,0,1,0,0
13.601843,0,0,0,0,0,1,0,0,1
13.614460,1,0,0,0,1,0,0,1,0
13.634706,0,1,0,0,0,0,0,0,0
13.640500,0,0,1,0,0,0,0,0,0
13.649728,0,0,0,1,0,0,1,0,0
13.650769,0,0,0,0,0,1,0,0,1
13.669264,1,0,0,0,0,0,0,0,0
13.678250,0,0,0,0,1,0,0,1,0
13.684911,0,0,1,0,0,0,0,0,0
13.698480,0,0,0,0,0,1,0,0,1
13.699252,0,0,0,1,0,0,1,0,0
13.703335,0,1,0,0,0,0,0,0,0
13.713748,1,0,0,0,1,0,0,1,0
13.733617,0,0,1,0,0,0,0,0,0
13.741594,0,1,0,0,0,0,0,0,0
13.748206,0,0,0,1,0,0,1,0,0
13.750415,0,0,0,0,0,1,0,0,1
13.761839,1,0,0,0,0,0,0,0,0
13.787386,0,0,1,0,0,0,0,0,0
13.800852,0,0,0,0,0,1,0,0,1
13.801129,0,0,0,1,1,0,1,1,0
13.812885,1,0,0,0,0,0,0,0,0
13.825333,0,1,0,0,0,0,0,0,0
13.832278,0,0,1,0,0,0,0,0,0
13.849562,0,0,0,1,0,0,1,0,0
13.850064,0,0,0,0,0,1,0,0,1
13.864985,1,0,0,0,1,0,0,1,0
13.884102,0,0,0,0,1,0,0,1,0
13.886576,0,0,1,0,0,0,0,0,0
13.889605,0,1,0,0,0,0,0,0,0
13.898703,0,0,0,1,0,0,1,0,0
13.900454,0,0,0,0,0,1,0,0,1
13.910453,1,0,0,0,1,0,0,1,0
13.913783,0,1,0,0,0,0,0,0,0
13.932994,0,1,0,0,0,0,0,0,0
13.934180,0,0,1,0,0,0,0,0,0
13.950028,0,0,0,0,0,1,0,0,1
13.951467,0,0,0,1,0,0,1,0,0
13.962018,1,0,0,0,1,0,0,1,0
13.984867,0,1,0,0,0,0,0,0,0
13.987458,0,0,1,0,0,0,0,0,0
13.997725,0,0,0,0,0,1,0,0,1
13.999067,0,0,0,1,0,0,1,0,0
14.016266,1,0,0,0,1,0,0,1,0
14.033707,0,0,1,0,0,0,0,0,0
14.042435,0,1,0,0,0,0,0,0,0
14.049100,0,0,0,1,0,0,1,0,0
14.051437,0,0,0,0,0,1,0,0,1
14.062732,1,0,0,0,1,0,0,1,0
14.084130,0,1,0,0,0,0,0,0,0
14.085913,0,0,1,0,0,0,0,0,0
14.098284,0,0,0,0,0,1,0,0,1
14.101108,0,0,0,1,0,0,1,0,0
14.116779,1,0,0,0,1,0,0,1,0
14.135202,0,0,1,0,0,0,0,0,0
14.144927,0,1,0,0,0,0,0,0,0
14.151155,0,0,0,1,0,0,1,0,0
14.152040,0,0,0,0,0,1,0,0,1
14.165749,1,0,0,0,1,0,0,1,0
14.187136,0,0,1,0,0,0,0,0,0
14.188627,0,1,0,0,0,0,0,0,0
14.198786,0,0,0,1,0,0,1,0,0
14.199212,0,0,0,0,0,1,0,0,1
14.210996,1,0,0,0,0,0,0,0,0
14.238229,0,0,1,0,1,0,0,1,0
14.251381,0,0,0,1,0,0,1,0,0
14.253105,0,0,0,0,0,1,0,0,1
14.259206,0,1,0,0,0,0,0,0,0
14.262605,1,0,0,0,1,0,0,1,0
14.289995,0,1,0,0,0,0,0,0,0
14.290522,0,0,1,0,0,0,0,0,0
14.299613,0,0,0,1,0,0,1,0,0
14.301282,0,0,0,0,0,1,0,0,1
14.310448,1,0,0,0,0,0,0,0,0
14.324835,0,0,0,0,1,0,0,1,0
14.334547,0,0,1,0,0,0,0,0,0
14.346641,0,1,0,0,0,0,0,0,0
14.347312,0,0,0,0,0,1,0,0,1
14.349620,0,0,0,1,0,0,1,0,0
14.366026,1,0,0,0,1,0,0,1,0
14.386298,0,1,0,0,0,0,0,0,0
14.386689,0,0,1,0,0,0,0,0,0
14.399263,0,0,0,1,0,0,1,0,0
14.403190,0,0,0,0,0,1,0,0,1
14.412213,1,0,0,0,1,0,0,1,0
14.432690,0,1,0,0,0,0,0,0,0
14.437307,0,0,1,0,0,0,0,0,0
14.450902,0,0,0,1,0,0,1,0,0
14.452355,0,0,0,0,0,1,0,0,1
14.466742,1,0,0,0,0,0,0,0,0
14.489840,0,0,1,0,1,0,0,1,0
14.500419,0,0,0,1,0,0,1,0,0
14.503000,0,0,0,0,0,1,0,0,1
14.512942,1,0,0,0,0,0,0,0,0
14.515518,0,0,0,0,1,0,0,1,0
14.516821,0,1,0,0,0,0,0,0,0
14.535202,0,0,1,0,0,0,0,0,0
14.535620,0,1,0,0,0,0,0,0,0
14.548517,0,0,0,1,0,0,1,0,0
14.548585,0,0,0,0,0,1,0,0,1
14.559696,1,0,0,0,1,0,0,1,0
14.581251,0,1,0,0,0,0,0,0,0
14.586294,0,0,1,0,0,0,0,0,0
14.598321,0,0,0,1,0,0,1,0,0
14.599092,0,0,0,0,0,1,0,0,1
14.616564,1,0,0,0,1,0,0,1,0
14.632121,0,0,1,0,0,0,0,0,0
14.646136,0,1,0,0,0,0,0,0,0
14.648377,0,0,0,0,0,1,0,0,1
14.650389,0,0,0,1,0,0,1,0,0
14.665219,1,0,0,0,1,0,0,1,0
14.686540,0,0,1,0,0,0,0,0,0
14.688502,0,1,0,0,0,0,0,0,0
14.700207,0,0,0,1,0,0,1,0,0
14.701825,0,0,0,0,0,1,0,0,1
14.711071,1,0,0,0,1,0,0,1,0
14.737637,0,0,1,0,0,0,0,0,0
14.740333,0,1,0,0,0,0,0,0,0
14.747922,0,0,0,0,0,1,0,0,1
14.750940,0,0,0,1,0,0,1,0,0
14.761132,1,0,0,0,0,0,0,0,0
14.763541,0,0,0,0,1,0,0,1,0
14.783917,0,1,0,0,0,0,0,0,0
14.785550,0,0,1,0,0,0,0,0,0
14.798154,0,0,0,0,0,1,0,0,1
14.801639,0,0,0,1,0,0,1,0,0
14.819364,1,0,0,0,1,0,0,1,0
14.837683,0,0,1,0,0,0,0,0,0
14.840384,0,1,0,0,0,0,0,0,0
14.849477,0,0,0,1,0,0,1,0,0
14.853146,0,0,0,0,0,1,0,0,1
14.865610,1,0,0,0,0,0,0,0,0
14.885266,0,0,1,0,0,0,0,0,0
14.896833,0,0,0,0,1,0,0,1,0
14.900075,0,0,0,1,0,0,1,0,0
14.901496,0,0,0,0,0,1,0,0,1
14.918262,1,0,0,0,1,0,0,1,0
14.922310,0,1,0,0,0,0,0,0,0
14.937437,0,0,1,0,0,0,0,0,0
14.941601,0,1,0,0,0,0,0,0,0
14.949567,0,0,0,1,0,0,1,0,0
14.952028,0,0,0,0,0,1,0,0,1
14.968299,1,0,0,0,0,0,0,0,0
14.988805,0,0,1,0,0,0,0,0,0
14.990583,0,0,0,0,1,0,0,1,0
14.999100,0,0,0,0,0,1,0,0,1
15.000387,0,0,0,1,0,0,1,0,0
15.016096,1,0,0,0,1,0,0,1,0
15.017452,0,1,0,0,0,0,0,0,0
15.038471,0,0,1,0,0,0,0,0,0
15.041715,0,1,0,0,0,0,0,0,0
15.049826,0,0,0,1,0,0,1,0,0
15.051746,0,0,0,0,0,1,0,0,1
15.068429,1,0,0,0,0,0,0,0,0
15.074907,0,0,0,0,1,0,0,1,0
15.084679,0,0,1,0,0,0,0,0,0
15.098064,0,1,0,0,0,0,0,0,0
15.098706,0,0,0,1,0,0,1,0,0
15.099858,0,0,0,0,0,1,0,0,1
15.110189,1,0,0,0,0,0,0,0,0
15.119823,0,0,0,0,1,0,0,1,0
15.138284,0,0,1,0,0,0,0,0,0
15.140269,0,1,0,0,0,0,0,0,0
15.149003,0,0,0,1,0,0,1,0,0
15.149198,0,0,0,0,0,1,0,0,1
15.168093,1,0,0,0,1,0,0,1,0
15.183909,0,0,1,0,0,0,0,0,0
15.193554,0,1,0,0,0,0,0,0,0
15.198666,0,0,0,1,0,0,1,0,0
15.200796,0,0,0,0,0,1,0,0,1
15.212261,1,0,0,0,0,0,0,0,0
15.220426,0,0,0,0,1,0,0,1,0
15.237087,0,0,1,0,0,0,0,0,0
15.245340,0,1,0,0,0,0,0,0,0
15.250069,0,0,0,0,0,1,0,0,1
15.250382,0,0,0,1,0,0,1,0,0
15.267378,1,0,0,0,0,0,0,0,0
15.285124,0,0,1,0,1,0,0,1,0
15.298999,0,0,0,0,0,1,0,0,1
15.299288,0,0,0,1,0,0,1,0,0
15.313380,0,1,0,0,0,0,0,0,0
15.315895,1,0,0,0,0,0,0,0,0
15.334430,0,0,1,0,0,0,0,0,0
15.348323,0,0,0,1,0,0,1,0,0
15.349480,0,0,0,0,1,0,0,1,0
15.350660,0,0,0,0,0,1,0,0,1
15.360120,1,0,0,0,0,0,0,0,0
15.370049,0,1,0,0,0,0,0,0,0
15.389562,0,0,1,0,1,0,0,1,0
15.401003,0,0,0,1,0,0,1,0,0
15.403355,0,0,0,0,0,1,0,0,1
15.411285,0,1,0,0,0,0,0,0,0
15.412450,1,0,0,0,1,0,0,1,0
15.436406,0,1,0,0,0,0,0,0,0
15.439058,0,0,1,0,0,0,0,0,0
15.448348,0,0,0,1,0,0,1,0,0
15.449090,0,0,0,0,0,1,0,0,1
15.459838,1,0,0,0,1,0,0,1,0
15.480090,0,1,0,0,0,0,0,0,0
15.485524,0,0,1,0,0,0,0,0,0
15.496927,0,0,0,0,0,1,0,0,1
15.499995,0,0,0,1,0,0,1,0,0
15.514746,1,0,0,0,1,0,0,1,0
15.527722,0,0,1,0,0,0,0,0,0
15.542623,0,1,0,0,0,0,0,0,0
15.548551,0,0,0,1,0,0,1,0,0
15.552850,0,0,0,0,0,1,0,0,1
15.561856,1,0,0,0,0,0,0,0,0
15.569164,0,0,0,0,1,0,0,1,0
15.589620,0,0,1,0,0,0,0,0,0
15.597674,0,0,0,0,0,1,0,0,1
15.598102,0,1,0,0,0,0,0,0,0
15.601177,0,0,0,1,0,0,1,0,0
15.614829,1,0,0,0,1,0,0,1,0
15.637376,0,0,1,0,0,0,0,0,0
15.639842,0,1,0,0,0,0,0,0,0
15.648959,0,0,0,0,0,1,0,0,1
15.649958,0,0,0,1,0,0,1,0,0
15.669748,1,0,0,0,0,0,0,0,0
15.688029,0,0,1,0,0,0,0,0,0
15.700814,0,0,0,1,0,0,1,0,0
15.701805,0,0,0,0,1,0,0,1,0
15.702694,0,0,0,0,0,1,0,0,1
15.713511,1,0,0,0,1,0,0,1,0
15.724522,0,1,0,0,0,0,0,0,0
15.739767,0,1,0,0,0,0,0,0,0
15.740906,0,0,1,0,0,0,0,0,0
15.749809,0,0,0,1,0,0,1,0,0
15.752011,0,0,0,0,0,1,0,0,1
15.762063,1,0,0,0,1,0,0,1,0
15.782968,0,0,1,0,0,0,0,0,0
15.786487,0,1,0,0,0,0,0,0,0
15.797388,0,0,0,0,0,1,0,0,1
15.799354,0,0,0,1,0,0,1,0,0
15.811288,1,0,0,0,1,0,0,1,0
15.827532,0,0,1,0,0,0,0,0,0
15.832400,0,1,0,0,0,0,0,0,0
15.849186,0,0,0,0,0,1,0,0,1
15.849811,0,0,0,1,0,0,1,0,0
15.865278,1,0,0,0,1,0,0,1,0
15.887850,0,0,1,0,0,0,0,0,0
15.891884,0,1,0,0,0,0,0,0,0
15.901181,0,0,0,0,0,1,0,0,1
15.901897,0,0,0,1,0,0,1,0,0
15.917219,1,0,0,0,1,0,0,1,0
15.939363,0,0,1,0,0,0,0,0,0
15.940425,0,1,0,0,0,0,0,0,0
15.950086,0,0,0,1,0,0,1,0,0
15.951701,0,0,0,0,0,1,0,0,1
15.962364,1,0,0,0,1,0,0,1,0
15.986220,0,1,0,0,0,0,0,0,0
15.990602,0,0,1,0,0,0,0,0,0
15.999854,0,0,0,1,0,0,1,0,0
16.000822,0,0,0,0,0,1,0,0,1
16.010939,1,0,0,0,1,0,0,1,0
16.035215,0,0,1,0,0,0,0,0,0
16.036272,0,1,0,0,0,0,0,0,0
16.047890,0,0,0,0,0,1,0,0,1
16.051314,0,0,0,1,0,0,1,0,0
16.064252,1,0,0,0,0,0,0,0,0
16.069025,0,0,0,0,1,0,0,1,0
16.085114,0,0,1,0,0,0,0,0,0
16.090250,0,1,0,0,0,0,0,0,0
16.097464,0,0,0,0,0,1,0,0,1
16.098198,0,0,0,1,0,0,1,0,0
16.111845,1,0,0,0,0,0,0,0,0
16.136295,0,0,1,0,1,0,0,1,0
16.148993,0,0,0,0,0,1,0,0,1
16.149988,0,0,0,1,0,0,1,0,0
16.161846,0,1,0,0,0,0,0,0,0
16.166955,1,0,0,0,1,0,0,1,0
16.183482,0,0,1,0,0,0,0,0,0
16.189236,0,1,0,0,0,0,0,0,0
16.197943,0,0,0,0,0,1,0,0,1
16.199329,0,0,0,1,0,0,1,0,0
16.215818,1,0,0,0,1,0,0,1,0
16.237490,0,0,1,0,0,0,0,0,0
16.240920,0,1,0,0,0,0,0,0,0
16.249309,0,0,0,0,0,1,0,0,1
16.249329,0,0,0,1,0,0,1,0,0
16.260308,1,0,0,0,1,0,0,1,0
16.284048,0,1,0,0,0,0,0,0,0
16.285335,0,0,1,0,0,0,0,0,0
16.300142,0,0,0,1,0,0,1,0,0
16.303037,0,0,0,0,0,1,0,0,1
16.314089,1,0,0,0,0,0,0,0,0
16.333957,0,0,1,0,0,0,0,0,0
16.340759,0,0,0,0,1,0,0,1,0
16.348902,0,0,0,1,0,0,1,0,0
16.350231,0,0,0,0,0,1,0,0,1
16.361602,1,0,0,0,0,0,0,0,0
16.367293,0,1,0,0,0,0,0,0,0
16.381452,0,0,1,0,0,0,0,0,0
16.398559,0,0,0,0,0,1,0,0,1
16.400915,0,0,0,1,1,0,1,1,0
16.412605,1,0,0,0,1,0,0,1,0
16.429011,0,1,0,0,0,0,0,0,0
16.433616,0,1,0,0,0,0,0,0,0
16.435329,0,0,1,0,0,0,0,0,0
16.447627,0,0,0,0,0,1,0,0,1
16.449772,0,0,0,1,0,0,1,0,0
16.463255,1,0,0,0,0,0,0,0,0
16.468030,0,0,0,0,1,0,0,1,0
16.479331,0,0,1,0,0,0,0,0,0
16.490980,0,1,0,0,0,0,0,0,0
16.499378,0,0,0,0,0,1,0,0,1
16.501363,0,0,0,1,0,0,1,0,0
16.515172,1,0,0,0,1,0,0,1,0
16.536528,0,0,1,0,0,0,0,0,0
16.537365,0,1,0,0,0,0,0,0,0
16.548280,0,0,0,0,0,1,0,0,1
16.548884,0,0,0,1,0,0,1,0,0
16.566684,1,0,0,0,1,0,0,1,0
16.582899,0,0,1,0,0,0,0,0,0
16.591960,0,1,0,0,0,0,0,0,0
16.599299,0,0,0,0,0,1,0,0,1
16.600802,0,0,0,1,0,0,1,0,0
16.614441,1,0,0,0,1,0,0,1,0
16.635827,0,0,1,0,0,0,0,0,0
16.640805,0,1,0,0,0,0,0,0,0
16.649696,0,0,0,1,0,0,1,0,0
16.651690,0,0,0,0,0,1,0,0,1
16.669185,1,0,0,0,0,0,0,0,0
16.685398,0,0,1,0,0,0,0,0,0
16.699943,0,0,0,1,1,0,1,1,0
16.702730,0,0,0,0,0,1,0,0,1
16.719463,1,0,0,0,1,0,0,1,0
16.724131,0,1,0,0,0,0,0,0,0
16.742513,0,0,1,0,0,0,0,0,0
16.746335,0,1,0,0,0,0,0,0,0
16.751544,0,0,0,1,0,0,1,0,0
16.751858,0,0,0,0,0,1,0,0,1
16.769401,1,0,0,0,0,0,0,0,0
16.791561,0,0,1,0,1,0,0,1,0
16.796662,0,0,0,0,0,1,0,0,1
16.801311,0,0,0,1,0,0,1,0,0
16.811817,1,0,0,0,0,0,0,0,0
16.816847,0,1,0,0,0,0,0,0,0
16.836005,0,0,1,0,0,0,0,0,0
16.843231,0,0,0,0,1,0,0,1,0
16.849314,0,0,0,1,0,0,1,0,0
16.851872,0,0,0,0,0,1,0,0,1
16.859835,1,0,0,0,1,0,0,1,0
16.865865,0,1,0,0,0,0,0,0,0
16.888121,0,0,1,0,0,0,0,0,0
16.889038,0,1,0,0,0,0,0,0,0
16.898876,0,0,0,0,0,1,0,0,1
16.900403,0,0,0,1,0,0,1,0,0
16.912141,1,0,0,0,0,0,0,0,0
16.928556,0,0,0,0,1,0,0,1,0
16.937830,0,0,1,0,0,0,0,0,0
16.949864,0,1,0,0,0,0,0,0,0
16.951054,0,0,0,1,0,0,1,0,0
16.952082,0,0,0,0,0,1,0,0,1
16.965862,1,0,0,0,1,0,0,1,0
16.987078,0,1,0,0,0,0,0,0,0
16.990177,0,0,1,0,0,0,0,0,0
17.000017,0,0,0,1,0,0,1,0,0
17.002598,0,0,0,0,0,1,0,0,1
17.016509,1,0,0,0,0,0,0,0,0
17.035927,0,0,1,0,0,0,0,0,0
17.047412,0,0,0,0,1,1,0,1,1
17.049702,0,0,0,1,0,0,1,0,0
17.064614,1,0,0,0,1,0,0,1,0
17.074289,0,1,0,0,0,0,0,0,0
17.086383,0,0,1,0,0,0,0,0,0
17.087523,0,1,0,0,0,0,0,0,0
17.100787,0,0,0,0,0,1,0,0,1
17.101939,0,0,0,1,0,0,1,0,0
17.115177,1,0,0,0,1,0,0,1,0
17.136585,0,0,1,0,0,0,0,0,0
17.138522,0,1,0,0,0,0,0,0,0
17.150333,0,0,0,1,0,0,1,0,0
17.150341,0,0,0,0,0,1,0,0,1
17.163294,1,0,0,0,1,0,0,1,0
17.183087,0,0,1,0,0,0,0,0,0
17.184494,0,1,0,0,0,0,0,0,0
17.199134,0,0,0,1,0,0,1,0,0
17.202691,0,0,0,0,0,1,0,0,1
17.213950,1,0,0,0,0,0,0,0,0
17.233880,0,0,1,0,1,0,0,1,0
17.251018,0,0,0,1,0,0,1,0,0
17.253545,0,0,0,0,0,1,0,0,1
17.261344,0,1,0,0,0,0,0,0,0
17.267960,1,0,0,0,0,0,0,0,0
17.289484,0,0,1,0,0,0,0,0,0
17.299053,0,0,0,0,1,1,0,1,1
17.299071,0,0,0,1,0,0,1,0,0
17.309452,1,0,0,0,0,0,0,0,0
17.323600,0,1,0,0,1,0,0,1,0
17.331095,0,0,1,0,0,0,0,0,0
17.344370,0,1,0,0,0,0,0,0,0
17.349158,0,0,0,1,0,0,1,0,0
17.352877,0,0,0,0,0,1,0,0,1
17.365402,1,0,0,0,1,0,0,1,0
17.387089,0,1,0,0,0,0,0,0,0
17.387170,0,0,1,0,0,0,0,0,0
17.399615,0,0,0,0,0,1,0,0,1
17.399801,0,0,0,1,0,0,1,0,0
17.415842,1,0,0,0,0,0,0,0,0
17.439406,0,0,1,0,1,0,0,1,0
17.450661,0,0,0,1,0,0,1,0,0
17.452876,0,0,0,0,0,1,0,0,1
17.461828,0,1,0,0,0,0,0,0,0
17.464113,1,0,0,0,1,0,0,1,0
17.487197,0,1,0,0,0,0,0,0,0
17.489820,0,0,1,0,0,0,0,0,0
17.499761,0,0,0,0,0,1,0,0,1
17.499819,0,0,0,1,0,0,1,0,0
17.517013,1,0,0,0,1,0,0,1,0
17.538186,0,1,0,0,0,0,0,0,0
17.539421,0,0,1,0,0,0,0,0,0
17.548676,0,0,0,1,0,0,1,0,0
17.551149,0,0,0,0,0,1,0,0,1
17.563820,1,0,0,0,0,0,0,0,0
17.570028,0,0,0,0,1,0,0,1,0
17.585903,0,0,1,0,0,0,0,0,0
17.592911,0,1,0,0,0,0,0,0,0
17.598404,0,0,0,1,0,0,1,0,0
17.601734,0,0,0,0,0,1,0,0,1
17.610114,1,0,0,0,1,0,0,1,0
17.635792,0,1,0,0,0,0,0,0,0
17.637045,0,0,1,0,0,0,0,0,0
17.649787,0,0,0,1,0,0,1,0,0
17.650294,0,0,0,0,0,1,0,0,1
17.661607,1,0,0,0,0,0,0,0,0
17.687320,0,0,1,0,0,0,0,0,0
17.699095,0,0,0,0,1,1,0,1,1
17.700608,0,0,0,1,0,0,1,0,0
17.714221,1,0,0,0,0,0,0,0,0
17.728691,0,1,0,0,1,0,0,1,0
17.736817,0,0,1,0,0,0,0,0,0
17.748759,0,0,0,0,0,1,0,0,1
17.749764,0,0,0,1,0,0,1,0,0
17.751565,0,1,0,0,0,0,0,0,0
17.765340,1,0,0,0,0,0,0,0,0
17.782815,0,0,0,0,1,0,0,1,0
17.787971,0,0,1,0,0,0,0,0,0
17.797594,0,0,0,0,0,1,0,0,1
17.800585,0,0,0,1,0,0,1,0,0
17.805018,0,1,0,0,0,0,0,0,0
17.812271,1,0,0,0,1,0,0,1,0
17.834361,0,1,0,0,0,0,0,0,0
17.836475,0,0,1,0,0,0,0,0,0
17.851234,0,0,0,1,0,0,1,0,0
17.851494,0,0,0,0,0,1,0,0,1
17.865494,1,0,0,0,0,0,0,0,0
17.891194,0,0,1,0,1,0,0,1,0
17.898555,0,0,0,0,0,1,0,0,1
17.901007,0,0,0,1,0,0,1,0,0
17.912082,0,1,0,0,0,0,0,0,0
17.920967,1,0,0,0,0,0,0,0,0
17.935397,0,0,1,0,0,0,0,0,0
17.946914,0,0,0,0,0,1,0,0,1
17.948130,0,0,0,0,1,0,0,1,0
17.949694,0,0,0,1,0,0,1,0,0
17.959953,1,0,0,0,1,0,0,1,0
17.968558,0,1,0,0,0,0,0,0,0
17.984365,0,0,1,0,0,0,0,0,0
17.985125,0,1,0,0,0,0,0,0,0
17.998433,0,0,0,0,0,1,0,0,1
18.000606,0,0,0,1,0,0,1,0,0
18.018632,1,0,0,0,0,0,0,0,0
18.021135,0,0,0,0,1,0,0,1,0
18.034952,0,0,1,0,0,0,0,0,0
18.043501,0,1,0,0,0,0,0,0,0
18.050013,0,0,0,1,0,0,1,0,0
18.051783,0,0,0,0,0,1,0,0,1
18.062529,1,0,0,0,0,0,0,0,0
18.089569,0,0,1,0,1,0,0,1,0
18.098851,0,0,0,0,0,1,0,0,1
18.100191,0,0,0,1,0,0,1,0,0
18.118651,0,1,0,0,0,0,0,0,0
18.119529,1,0,0,0,0,0,0,0,0
18.125394,0,0,0,0,1,0,0,1,0
18.136364,0,0,1,0,0,0,0,0,0
18.147644,0,0,0,0,0,1,0,0,1
18.149893,0,0,0,1,0,0,1,0,0
18.150175,0,1,0,0,0,0,0,0,0
18.163229,1,0,0,0,1,0,0,1,0
18.186320,0,0,1,0,0,0,0,0,0
18.187007,0,1,0,0,0,0,0,0,0
18.201927,0,0,0,1,0,0,1,0,0
18.203270,0,0,0,0,0,1,0,0,1
18.218087,1,0,0,0,1,0,0,1,0
18.237804,0,0,1,0,0,0,0,0,0
18.247280,0,1,0,0,0,0,0,0,0
18.249091,0,0,0,0,0,1,0,0,1
18.251012,0,0,0,1,0,0,1,0,0
18.265707,1,0,0,0,1,0,0,1,0
18.288350,0,0,1,0,0,0,0,0,0
18.288695,0,1,0,0,0,0,0,0,0
18.299062,0,0,0,1,0,0,1,0,0
18.302746,0,0,0,0,0,1,0,0,1
18.315022,1,0,0,0,1,0,0,1,0
18.340965,0,0,1,0,0,0,0,0,0
18.342807,0,1,0,0,0,0,0,0,0
18.350190,0,0,0,1,0,0,1,0,0
18.351412,0,0,0,0,0,1,0,0,1
18.362245,1,0,0,0,1,0,0,1,0
18.386473,0,1,0,0,0,0,0,0,0
18.388811,0,0,1,0,0,0,0,0,0
18.398522,0,0,0,1,0,0,1,0,0
18.402999,0,0,0,0,0,1,0,0,1
18.415839,1,0,0,0,0,0,0,0,0
18.441344,0,0,1,0,1,0,0,1,0
18.449608,0,0,0,1,0,0,1,0,0
18.453580,0,0,0,0,0,1,0,0,1
18.459824,1,0,0,0,1,0,0,1,0
18.464701,0,1,0,0,0,0,0,0,0
18.480822,0,1,0,0,0,0,0,0,0
18.488968,0,0,1,0,0,0,0,0,0
18.497440,0,0,0,0,0,1,0,0,1
18.499720,0,0,0,1,0,0,1,0,0
18.516661,1,0,0,0,0,0,0,0,0
18.532342,0,0,1,0,1,0,0,1,0
18.549497,0,0,0,1,0,0,1,0,0
18.550960,0,0,0,0,0,1,0,0,1
18.554355,0,1,0,0,0,0,0,0,0
18.565596,1,0,0,0,0,0,0,0,0
18.583638,0,0,0,0,1,0,0,1,0
18.588184,0,0,1,0,0,0,0,0,0
18.599472,0,0,0,1,0,0,1,0,0
18.602214,0,0,0,0,0,1,0,0,1
18.613293,0,1,0,0,0,0,0,0,0
18.613774,1,0,0,0,1,0,0,1,0
18.635453,0,0,1,0,0,0,0,0,0
18.643700,0,1,0,0,0,0,0,0,0
18.649277,0,0,0,1,0,0,1,0,0
18.652983,0,0,0,0,0,1,0,0,1
18.662622,1,0,0,0,1,0,0,1,0
18.685938,0,1,0,0,0,0,0,0,0
18.688197,0,0,1,0,0,0,0,0,0
18.696865,0,0,0,0,0,1,0,0,1
18.700673,0,0,0,1,0,0,1,0,0
18.711236,1,0,0,0,0,0,0,0,0
18.733453,0,0,1,0,1,0,0,1,0
18.749049,0,0,0,1,0,0,1,0,0
18.749508,0,0,0,0,0,1,0,0,1
18.763074,0,1,0,0,0,0,0,0,0
18.764087,1,0,0,0,0,0,0,0,0
18.766756,0,0,0,0,1,0,0,1,0
18.782780,0,0,1,0,0,0,0,0,0
18.794265,0,1,0,0,0,0,0,0,0
18.796943,0,0,0,0,0,1,0,0,1
18.799857,0,0,0,1,0,0,1,0,0
18.810773,1,0,0,0,0,0,0,0,0
18.829598,0,0,1,0,0,0,0,0,0
18.844664,0,0,0,0,1,0,0,1,0
18.848424,0,0,0,0,0,1,0,0,1
18.851704,0,0,0,1,0,0,1,0,0
18.863848,1,0,0,0,1,0,0,1,0
18.869474,0,1,0,0,0,0,0,0,0
18.883488,0,0,1,0,0,0,0,0,0
18.888629,0,1,0,0,0,0,0,0,0
18.896613,0,0,0,0,0,1,0,0,1
18.901564,0,0,0,1,0,0,1,0,0
18.914227,1,0,0,0,0,0,0,0,0
18.925350,0,0,0,0,1,0,0,1,0
18.931708,0,0,1,0,0,0,0,0,0
18.946807,0,0,0,0,0,1,0,0,1
18.949047,0,0,0,1,0,0,1,0,0
18.952083,0,1,0,0,0,0,0,0,0
18.964340,1,0,0,0,0,0,0,0,0
18.965786,0,0,0,0,1,0,0,1,0
18.986401,0,0,1,0,0,0,0,0,0
18.991475,0,1,0,0,0,0,0,0,0
18.998436,0,0,0,0,0,1,0,0,1
18.999180,0,0,0,1,0,0,1,0,0
19.015634,1,0,0,0,1,0,0,1,0
19.034684,0,0,1,0,0,0,0,0,0
19.037263,0,1,0,0,0,0,0,0,0
19.048336,0,0,0,1,0,0,1,0,0
19.050682,0,0,0,0,0,1,0,0,1
19.062145,1,0,0,0,1,0,0,1,0
19.084747,0,0,1,0,0,0,0,0,0
19.086133,0,1,0,0,0,0,0,0,0
19.097874,0,0,0,0,0,1,0,0,1
19.100708,0,0,0,1,0,0,1,0,0
19.114073,1,0,0,0,0,0,0,0,0
19.131379,0,0,1,0,1,0,0,1,0
19.149865,0,0,0,1,0,0,1,0,0
19.151191,0,0,0,0,0,1,0,0,1
19.155022,0,1,0,0,0,0,0,0,0
19.163685,1,0,0,0,0,0,0,0,0
19.190461,0,0,1,0,1,0,0,1,0
19.199058,0,0,0,1,0,0,1,0,0
19.200984,0,0,0,0,0,1,0,0,1
19.212182,1,0,0,0,0,0,0,0,0
19.214676,0,0,0,0,1,0,0,1,0
19.217995,0,1,0,0,0,0,0,0,0
19.238042,0,0,1,0,0,0,0,0,0
19.242202,0,1,0,0,0,0,0,0,0
19.249483,0,0,0,0,0,1,0,0,1
19.249920,0,0,0,1,0,0,1,0,0
19.263142,1,0,0,0,1,0,0,1,0
19.288066,0,1,0,0,0,0,0,0,0
19.288459,0,0,1,0,0,0,0,0,0
19.299641,0,0,0,1,0,0,1,0,0
19.301990,0,0,0,0,0,1,0,0,1
19.316448,1,0,0,0,1,0,0,1,0
19.339997,0,1,0,0,0,0,0,0,0
19.341808,0,0,1,0,0,0,0,0,0
19.349043,0,0,0,1,0,0,1,0,0
19.351308,0,0,0,0,0,1,0,0,1
19.360184,1,0,0,0,1,0,0,1,0
19.386879,0,1,0,0,0,0,0,0,0
19.388691,0,0,1,0,0,0,0,0,0
19.399982,0,0,0,1,0,0,1,0,0
19.402004,0,0,0,0,0,1,0,0,1
19.410647,1,0,0,0,1,0,0,1,0
19.433210,0,0,1,0,0,0,0,0,0
19.436549,0,1,0,0,0,0,0,0,0
19.449940,0,0,0,1,0,0,1,0,0
19.450134,0,0,0,0,0,1,0,0,1
19.460130,1,0,0,0,1,0,0,1,0
19.481717,0,1,0,0,0,0,0,0,0
19.486496,0,0,1,0,0,0,0,0,0
19.500764,0,0,0,1,0,0,1,0,0
19.502222,0,0,0,0,0,1,0,0,1
19.516435,1,0,0,0,1,0,0,1,0
19.537041,0,0,1,0,0,0,0,0,0
19.538249,0,1,0,0,0,0,0,0,0
19.549125,0,0,0,1,0,0,1,0,0
19.550896,0,0,0,0,0,1,0,0,1
19.561603,1,0,0,0,1,0,0,1,0
19.582306,0,1,0,0,0,0,0,0,0
19.590148,0,0,1,0,0,0,0,0,0
19.599504,0,0,0,1,0,0,1,0,0
19.601856,0,0,0,0,0,1,0,0,1
19.613892,1,0,0,0,0,0,0,0,0
19.619885,0,0,0,0,1,0,0,1,0
19.637753,0,0,1,0,0,0,0,0,0
19.645155,0,1,0,0,0,0,0,0,0
19.651251,0,0,0,0,0,1,0,0,1
19.651413,0,0,0,1,0,0,1,0,0
19.662535,1,0,0,0,0,0,0,0,0
19.672043,0,0,0,0,1,0,0,1,0
19.690190,0,0,1,0,0,0,0,0,0
19.698199,0,1,0,0,0,0,0,0,0
19.700182,0,0,0,0,0,1,0,0,1
19.700769,0,0,0,1,0,0,1,0,0
19.714930,1,0,0,0,1,0,0,1,0
19.735521,0,1,0,0,0,0,0,0,0
19.738182,0,0,1,0,0,0,0,0,0
19.749963,0,0,0,1,0,0,1,0,0
19.750493,0,0,0,0,0,1,0,0,1
19.765885,1,0,0,0,1,0,0,1,0
19.784182,0,0,1,0,0,0,0,0,0
19.791157,0,1,0,0,0,0,0,0,0
19.801636,0,0,0,1,0,0,1,0,0
19.801742,0,0,0,0,0,1,0,0,1
19.818431,1,0,0,0,0,0,0,0,0
19.834580,0,0,1,0,1,0,0,1,0
19.851775,0,0,0,1,0,0,1,0,0
19.853256,0,0,0,0,0,1,0,0,1
19.858909,0,1,0,0,0,0,0,0,0
19.869223,1,0,0,0,0,0,0,0,0
19.889094,0,0,1,0,1,0,0,1,0
19.899681,0,0,0,1,0,0,1,0,0
19.901547,0,0,0,0,0,1,0,0,1
19.909592,0,1,0,0,0,0,0,0,0
19.914061,1,0,0,0,1,0,0,1,0
19.938703,0,1,0,0,0,0,0,0,0
19.939072,0,0,1,0,0,0,0,0,0
19.949251,0,0,0,1,0,0,1,0,0
19.950435,0,0,0,0,0,1,0,0,1
19.967522,1,0,0,0,0,0,0,0,0
19.977818,0,0,0,0,1,0,0,1,0
19.990180,0,0,1,0,0,0,0,0,0
19.999163,0,0,0,1,0,0,1,0,0
20.000399,0,0,0,0,0,1,0,0,1
20.007260,0,1,0,0,0,0,0,0,0
20.013931,1,0,0,0,1,0,0,1,0
20.036496,0,1,0,0,0,0,0,0,0
20.037892,0,0,1,0,0,0,0,0,0
20.049825,0,0,0,0,0,1,0,0,1
20.050480,0,0,0,1,0,0,1,0,0
20.064901,1,0,0,0,0,0,0,0,0
20.088820,0,0,1,0,0,0,0,0,0
20.094265,0,0,0,0,1,0,0,1,0
20.100200,0,0,0,1,0,0,1,0,0
20.101128,0,0,0,0,0,1,0,0,1
20.113825,1,0,0,0,0,0,0,0,0
20.118936,0,0,0,0,1,0,0,1,0
20.120333,0,1,0,0,0,0,0,0,0
20.134778,0,0,1,0,0,0,0,0,0
20.148394,0,1,0,0,0,0,0,0,0
20.150667,0,0,0,0,0,1,0,0,1
20.151795,0,0,0,1,0,0,1,0,0
20.169452,1,0,0,0,1,0,0,1,0
20.186816,0,0,1,0,0,0,0,0,0
20.190621,0,1,0,0,0,0,0,0,0
20.199223,0,0,0,1,0,0,1,0,0
20.199379,0,0,0,0,0,1,0,0,1
20.212743,1,0,0,0,0,0,0,0,0
20.230893,0,0,1,0,0,0,0,0,0
20.239686,0,0,0,0,1,0,0,1,0
20.247992,0,0,0,0,0,1,0,0,1
20.251233,0,0,0,1,0,0,1,0,0
20.267373,0,1,0,0,0,0,0,0,0
20.267893,1,0,0,0,1,0,0,1,0
20.280191,0,0,1,0,0,0,0,0,0
20.291920,0,1,0,0,0,0,0,0,0
20.298981,0,0,0,0,0,1,0,0,1
20.300917,0,0,0,1,0,0,1,0,0
20.312602,1,0,0,0,0,0,0,0,0
20.336374,0,0,1,0,0,0,0,0,0
20.348627,0,0,0,1,1,0,1,1,0
20.349807,0,0,0,0,0,1,0,0,1
20.363561,1,0,0,0,0,0,0,0,0
20.369647,0,1,0,0,0,0,0,0,0
20.387933,0,0,1,0,0,0,0,0,0
20.400849,0,0,0,1,0,0,1,0,0
20.403172,0,0,0,0,0,1,0,0,1
20.404471,0,0,0,0,1,0,0,1,0
20.416532,1,0,0,0,0,0,0,0,0
20.428088,0,1,0,0,0,0,0,0,0
20.438610,0,0,1,0,1,0,0,1,0
20.448623,0,0,0,0,0,1,0,0,1
20.451423,0,0,0,1,0,0,1,0,0
20.465159,1,0,0,0,1,0,0,1,0
20.465657,0,1,0,0,0,0,0,0,0
20.483289,0,0,1,0,0,0,0,0,0
20.493731,0,1,0,0,0,0,0,0,0
20.498717,0,0,0,0,0,1,0,0,1
20.500410,0,0,0,1,0,0,1,0,0
20.511898,1,0,0,0,1,0,0,1,0
20.533222,0,1,0,0,0,0,0,0,0
20.535986,0,0,1,0,0,0,0,0,0
20.549227,0,0,0,1,0,0,1,0,0
20.553839,0,0,0,0,0,1,0,0,1
20.560658,1,0,0,0,1,0,0,1,0
20.588080,0,1,0,0,0,0,0,0,0
20.591541,0,0,1,0,0,0,0,0,0
20.598629,0,0,0,0,0,1,0,0,1
20.600791,0,0,0,1,0,0,1,0,0
20.612863,1,0,0,0,1,0,0,1,0
20.634379,0,0,1,0,0,0,0,0,0
20.641654,0,1,0,0,0,0,0,0,0
20.650406,0,0,0,1,0,0,1,0,0
20.652788,0,0,0,0,0,1,0,0,1
20.662162,1,0,0,0,0,0,0,0,0
20.682957,0,0,1,0,0,0,0,0,0
20.688180,0,0,0,0,1,0,0,1,0
20.699817,0,0,0,0,0,1,0,0,1
20.699958,0,0,0,1,0,0,1,0,0
20.713298,0,1,0,0,0,0,0,0,0
20.719198,1,0,0,0,0,0,0,0,0
20.720252,0,0,0,0,1,0,0,1,0
20.736053,0,0,1,0,0,0,0,0,0
20.742525,0,1,0,0,0,0,0,0,0
20.749627,0,0,0,0,0,1,0,0,1
20.750284,0,0,0,1,0,0,1,0,0
20.762677,1,0,0,0,1,0,0,1,0
20.786821,0,1,0,0,0,0,0,0,0
20.787491,0,0,1,0,0,0,0,0,0
20.799722,0,0,0,1,0,0,1,0,0
20.802263,0,0,0,0,0,1,0,0,1
20.815214,1,0,0,0,1,0,0,1,0
20.839152,0,0,1,0,0,0,0,0,0
20.842100,0,1,0,0,0,0,0,0,0
20.849725,0,0,0,1,0,0,1,0,0
20.853530,0,0,0,0,0,1,0,0,1
20.864758,1,0,0,0,1,0,0,1,0
20.887651,0,1,0,0,0,0,0,0,0
20.889960,0,0,1,0,0,0,0,0,0
20.901235,0,0,0,1,0,0,1,0,0
20.903691,0,0,0,0,0,1,0,0,1
20.912986,1,0,0,0,0,0,0,0,0
20.938413,0,0,1,0,1,0,0,1,0
20.950060,0,0,0,1,0,0,1,0,0
20.951211,0,0,0,0,0,1,0,0,1
20.959797,0,1,0,0,0,0,0,0,0
20.964274,1,0,0,0,1,0,0,1,0
20.983716,0,0,1,0,0,0,0,0,0
20.990784,0,1,0,0,0,0,0,0,0
20.997014,0,0,0,0,0,1,0,0,1
20.999678,0,0,0,1,0,0,1,0,0
21.016510,1,0,0,0,0,0,0,0,0
21.020006,0,0,0,0,1,0,0,1,0
21.034649,0,0,1,0,0,0,0,0,0
21.049602,0,0,0,1,0,0,1,0,0
21.049603,0,1,0,0,0,0,0,0,0
21.050760,0,0,0,0,0,1,0,0,1
21.062158,1,0,0,0,0,0,0,0,0
21.087729,0,0,1,0,1,0,0,1,0
21.097283,0,0,0,0,0,1,0,0,1
21.100017,0,0,0,1,0,0,1,0,0
21.116227,0,1,0,0,0,0,0,0,0
21.116601,1,0,0,0,1,0,0,1,0
21.133592,0,0,1,0,0,0,0,0,0
21.138969,0,1,0,0,0,0,0,0,0
21.149119,0,0,0,1,0,0,1,0,0
21.153601,0,0,0,0,0,1,0,0,1
21.164323,1,0,0,0,1,0,0,1,0
21.184782,0,1,0,0,0,0,0,0,0
21.191926,0,0,1,0,0,0,0,0,0
21.199342,0,0,0,0,0,1,0,0,1
21.201690,0,0,0,1,0,0,1,0,0
21.220019,1,0,0,0,1,0,0,1,0
21.231503,0,0,1,0,0,0,0,0,0
21.243586,0,1,0,0,0,0,0,0,0
21.247050,0,0,0,0,0,1,0,0,1
21.249762,0,0,0,1,0,0,1,0,0
21.264136,1,0,0,0,1,0,0,1,0
21.284612,0,0,1,0,0,0,0,0,0
21.289169,0,1,0,0,0,0,0,0,0
21.299317,0,0,0,0,0,1,0,0,1
21.300329,0,0,0,1,0,0,1,0,0
21.320082,1,0,0,0,0,0,0,0,0
21.330787,0,0,1,0,1,0,0,1,0
21.349594,0,0,0,1,0,0,1,0,0
21.350144,0,0,0,0,0,1,0,0,1
21.359509,0,1,0,0,0,0,0,0,0
21.364882,1,0,0,0,0,0,0,0,0
21.387219,0,0,1,0,0,0,0,0,0
21.388254,0,0,0,0,1,0,0,1,0
21.398233,0,0,0,1,0,0,1,0,0
21.398600,0,0,0,0,0,1,0,0,1
21.412321,0,1,0,0,0,0,0,0,0
21.416076,1,0,0,0,0,0,0,0,0
21.437443,0,0,1,0,1,0,0,1,0
21.448763,0,0,0,0,0,1,0,0,1
21.449519,0,0,0,1,0,0,1,0,0
21.458711,0,1,0,0,0,0,0,0,0
21.466622,1,0,0,0,0,0,0,0,0
21.482161,0,0,1,0,1,0,0,1,0
21.498118,0,0,0,0,0,1,0,0,1
21.501585,0,0,0,1,0,0,1,0,0
21.506481,0,1,0,0,0,0,0,0,0
21.518570,1,0,0,0,0,0,0,0,0
21.524861,0,0,0,0,1,0,0,1,0
21.533764,0,0,1,0,0,0,0,0,0
21.546643,0,1,0,0,0,0,0,0,0
21.548029,0,0,0,1,0,0,1,0,0
21.549395,0,0,0,0,0,1,0,0,1
21.566498,1,0,0,0,0,0,0,0,0
21.583282,0,0,1,0,1,0,0,1,0
21.596966,0,0,0,0,0,1,0,0,1
21.601766,0,0,0,1,0,0,1,0,0
21.607092,0,1,0,0,0,0,0,0,0
21.620128,1,0,0,0,0,0,0,0,0
21.630287,0,0,1,0,0,0,0,0,0
21.638239,0,0,0,0,1,0,0,1,0
21.646190,0,0,0,0,0,1,0,0,1
21.650895,0,0,0,1,0,0,1,0,0
21.663715,0,1,0,0,0,0,0,0,0
21.667607,1,0,0,0,1,0,0,1,0
21.681998,0,0,1,0,0,0,0,0,0
21.690481,0,1,0,0,0,0,0,0,0
21.698987,0,0,0,0,0,1,0,0,1
21.699484,0,0,0,1,0,0,1,0,0
21.718931,1,0,0,0,0,0,0,0,0
21.729139,0,0,1,0,0,0,0,0,0
21.746960,0,0,0,0,0,1,0,0,1
21.747522,0,0,0,0,1,0,0,1,0
21.748204,0,0,0,1,0,0,1,0,0
21.759149,1,0,0,0,1,0,0,1,0
21.772715,0,1,0,0,0,0,0,0,0
21.782661,0,1,0,0,0,0,0,0,0
21.784951,0,0,1,0,0,0,0,0,0
21.800220,0,0,0,1,0,0,1,0,0
21.803617,0,0,0,0,0,1,0,0,1
21.816790,1,0,0,0,1,0,0,1,0
21.836825,0,1,0,0,0,0,0,0,0
21.841381,0,0,1,0,0,0,0,0,0
21.849863,0,0,0,1,0,0,1,0,0
21.850707,0,0,0,0,0,1,0,0,1
21.863207,1,0,0,0,0,0,0,0,0
21.884390,0,0,1,0,0,0,0,0,0
21.898201,0,0,0,0,0,1,0,0,1
21.899553,0,0,0,1,0,0,1,0,0
21.913374,1,0,0,0,0,0,0,0,0
21.936188,0,0,1,0,0,0,0,0,0
21.950759,0,0,0,1,1,0,1,1,0
21.950931,0,0,0,0,1,0,0,1,0
21.951103,0,0,0,0,0,1,0,0,1
21.964825,1,0,0,0,0,0,0,0,0
21.970447,0,0,0,0,1,0,0,1,0
21.977937,0,1,0,0,0,0,0,0,0
21.979985,0,1,0,0,0,0,0,0,0
21.988526,0,0,1,0,0,0,0,0,0
21.993651,0,1,0,0,0,0,0,0,0
21.998717,0,0,0,0,0,1,0,0,1
22.001448,0,0,0,1,0,0,1,0,0
22.015376,1,0,0,0,0,0,0,0,0
22.037810,0,0,1,0,1,0,0,1,0
22.048492,0,0,0,1,0,0,1,0,0
22.050705,0,0,0,0,0,1,0,0,1
22.066376,0,1,0,0,0,0,0,0,0
22.067237,1,0,0,0,1,0,0,1,0
22.085047,0,0,1,0,0,0,0,0,0
22.088669,0,1,0,0,0,0,0,0,0
22.099313,0,0,0,1,0,0,1,0,0
22.103702,0,0,0,0,0,1,0,0,1
22.115801,1,0,0,0,1,0,0,1,0
22.142191,0,0,1,0,0,0,0,0,0
22.143325,0,1,0,0,0,0,0,0,0
22.149708,0,0,0,0,0,1,0,0,1
22.150494,0,0,0,1,0,0,1,0,0
22.168969,1,0,0,0,1,0,0,1,0
22.185980,0,0,1,0,0,0,0,0,0
22.191883,0,1,0,0,0,0,0,0,0
22.197969,0,0,0,0,0,1,0,0,1
22.200164,0,0,0,1,0,0,1,0,0
22.214121,1,0,0,0,0,0,0,0,0
22.235283,0,0,1,0,1,0,0,1,0
22.249359,0,0,0,1,0,0,1,0,0
22.250760,0,0,0,0,0,1,0,0,1
22.262874,1,0,0,0,0,0,0,0,0
22.264135,0,1,0,0,1,0,0,1,0
22.283643,0,0,1,0,0,0,0,0,0
22.292837,0,1,0,0,0,0,0,0,0
22.297534,0,0,0,0,0,1,0,0,1
22.300853,0,0,0,1,0,0,1,0,0
22.319250,1,0,0,0,0,0,0,0,0
22.331378,0,0,1,0,1,0,0,1,0
22.350299,0,0,0,0,0,1,0,0,1
22.351685,0,0,0,1,0,0,1,0,0
22.355786,0,1,0,0,0,0,0,0,0
22.364333,1,0,0,0,0,0,0,0,0
22.388998,0,0,1,0,0,0,0,0,0
22.398697,0,0,0,1,1,0,1,1,0
22.399753,0,0,0,0,0,1,0,0,1
22.415232,1,0,0,0,1,0,0,1,0
22.425570,0,1,0,0,0,0,0,0,0
22.431595,0,0,1,0,0,0,0,0,0
22.440583,0,1,0,0,0,0,0,0,0
22.449846,0,0,0,1,0,0,1,0,0
22.450027,0,0,0,0,0,1,0,0,1
22.463843,1,0,0,0,1,0,0,1,0
22.487061,0,1,0,0,0,0,0,0,0
22.488081,0,0,1,0,0,0,0,0,0
22.498817,0,0,0,1,0,0,1,0,0
22.502685,0,0,0,0,0,1,0,0,1
22.514394,1,0,0,0,1,0,0,1,0
22.540482,0,0,1,0,0,0,0,0,0
22.541144,0,1,0,0,0,0,0,0,0
22.549721,0,0,0,0,0,1,0,0,1
22.550035,0,0,0,1,0,0,1,0,0
22.563377,1,0,0,0,1,0,0,1,0
22.587818,0,0,1,0,0,0,0,0,0
22.589569,0,1,0,0,0,0,0,0,0
22.599717,0,0,0,1,0,0,1,0,0
22.600723,0,0,0,0,0,1,0,0,1
22.611123,1,0,0,0,0,0,0,0,0
22.632975,0,0,1,0,0,0,0,0,0
22.648611,0,0,0,0,1,1,0,1,1
22.650551,0,0,0,1,0,0,1,0,0
22.665426,1,0,0,0,0,0,0,0,0
22.673943,0,1,0,0,0,0,0,0,0
22.686104,0,0,1,0,0,0,0,0,0
22.700933,0,0,0,1,0,0,1,0,0
22.701664,0,0,0,0,1,1,0,1,1
22.716111,1,0,0,0,0,0,0,0,0
22.721379,0,0,0,0,1,0,0,1,0
22.722571,0,1,0,0,0,0,0,0,0
22.734369,0,0,1,0,0,0,0,0,0
22.746437,0,1,0,0,0,0,0,0,0
22.747455,0,0,0,0,0,1,0,0,1
22.749361,0,0,0,1,0,0,1,0,0
22.765776,1,0,0,0,1,0,0,1,0
22.781627,0,0,1,0,0,0,0,0,0
22.794620,0,1,0,0,0,0,0,0,0
22.798309,0,0,0,0,0,1,0,0,1
22.799577,0,0,0,1,0,0,1,0,0
22.815046,1,0,0,0,0,0,0,0,0
22.835316,0,0,1,0,0,0,0,0,0
22.849409,0,0,0,1,0,0,1,0,0
22.849498,0,0,0,0,0,1,0,0,1
22.860877,0,0,0,0,1,0,0,1,0
22.867066,1,0,0,0,0,0,0,0,0
22.880627,0,0,1,0,0,0,0,0,0
22.883035,0,1,0,0,0,0,0,0,0
22.884821,0,0,0,0,1,0,0,1,0
22.898392,0,0,0,0,0,1,0,0,1
22.900897,0,0,0,1,0,0,1,0,0
22.905941,0,1,0,0,0,0,0,0,0
22.916440,1,0,0,0,1,0,0,1,0
22.936479,0,0,1,0,0,0,0,0,0
22.937165,0,1,0,0,0,0,0,0,0
22.948149,0,0,0,1,0,0,1,0,0
22.952335,0,0,0,0,0,1,0,0,1
22.959741,1,0,0,0,0,0,0,0,0
22.988209,0,0,1,0,1,0,0,1,0
22.999338,0,0,0,0,0,1,0,0,1
22.999784,0,0,0,1,0,0,1,0,0
23.010999,1,0,0,0,0,0,0,0,0
23.011083,0,1,0,0,0,0,0,0,0
23.017634,0,0,0,0,1,0,0,1,0
23.030045,0,0,1,0,0,0,0,0,0
23.040221,0,1,0,0,0,0,0,0,0
23.049640,0,0,0,1,0,0,1,0,0
23.050790,0,0,0,0,0,1,0,0,1
23.065835,1,0,0,0,0,0,0,0,0
23.088713,0,0,1,0,1,0,0,1,0
23.097631,0,0,0,0,0,1,0,0,1
23.100169,0,0,0,1,0,0,1,0,0
23.109807,0,1,0,0,0,0,0,0,0
23.113077,1,0,0,0,0,0,0,0,0
23.123883,0,0,0,0,1,0,0,1,0
23.128932,0,0,1,0,0,0,0,0,0
23.148398,0,0,0,0,0,1,0,0,1
23.150122,0,0,0,1,0,0,1,0,0
23.152284,0,1,0,0,0,0,0,0,0
23.166883,1,0,0,0,1,0,0,1,0
23.186812,0,0,1,0,0,0,0,0,0
23.188138,0,1,0,0,0,0,0,0,0
23.199002,0,0,0,1,0,0,1,0,0
23.199794,0,0,0,0,0,1,0,0,1
23.215702,1,0,0,0,1,0,0,1,0
23.236650,0,0,1,0,0,0,0,0,0
23.244348,0,1,0,0,0,0,0,0,0
23.249376,0,0,0,1,0,0,1,0,0
23.252045,0,0,0,0,0,1,0,0,1
23.263886,1,0,0,0,1,0,0,1,0
23.285596,0,1,0,0,0,0,0,0,0
23.286665,0,0,1,0,0,0,0,0,0
23.298477,0,0,0,0,0,1,0,0,1
23.299293,0,0,0,1,0,0,1,0,0
23.316133,1,0,0,0,0,0,0,0,0
23.335009,0,0,1,0,0,0,0,0,0
23.348584,0,0,0,1,0,0,1,0,0
23.349875,0,0,0,0,1,0,0,1,0
23.351501,0,0,0,0,0,1,0,0,1
23.359704,1,0,0,0,1,0,0,1,0
23.372470,0,1,0,0,0,0,0,0,0
23.382605,0,0,1,0,0,0,0,0,0
23.386736,0,1,0,0,0,0,0,0,0
23.399331,0,0,0,1,0,0,1,0,0
23.400140,0,0,0,0,0,1,0,0,1
23.410434,1,0,0,0,0,0,0,0,0
23.424996,0,0,0,0,1,0,0,1,0
23.439237,0,0,1,0,0,0,0,0,0
23.450626,0,0,0,1,0,0,1,0,0
23.451800,0,0,0,0,0,1,0,0,1
23.452659,0,1,0,0,0,0,0,0,0
23.466000,1,0,0,0,0,0,0,0,0
23.487324,0,0,1,0,1,0,0,1,0
23.499531,0,0,0,1,0,0,1,0,0
23.502513,0,0,0,0,0,1,0,0,1
23.514924,1,0,0,0,0,0,0,0,0
23.516628,0,1,0,0,1,0,0,1,0
23.535317,0,0,1,0,0,0,0,0,0
23.541327,0,1,0,0,0,0,0,0,0
23.546821,0,0,0,0,0,1,0,0,1
23.550457,0,0,0,1,0,0,1,0,0
23.569835,1,0,0,0,0,0,0,0,0
23.582828,0,0,1,0,0,0,0,0,0
23.588067,0,0,0,0,1,0,0,1,0
23.599553,0,0,0,0,0,1,0,0,1
23.599587,0,0,0,1,0,0,1,0,0
23.611603,0,1,0,0,0,0,0,0,0
23.615107,1,0,0,0,1,0,0,1,0
23.637006,0,0,1,0,0,0,0,0,0
23.638662,0,1,0,0,0,0,0,0,0
23.651382,0,0,0,1,0,0,1,0,0
23.651429,0,0,0,0,0,1,0,0,1
23.664398,1,0,0,0,0,0,0,0,0
23.684291,0,0,1,0,0,0,0,0,0
23.699288,0,0,0,1,1,0,1,1,0
23.700853,0,0,0,0,0,1,0,0,1
23.714454,1,0,0,0,1,0,0,1,0
23.726828,0,1,0,0,0,0,0,0,0
23.736813,0,0,1,0,0,0,0,0,0
23.737174,0,1,0,0,0,0,0,0,0
23.748823,0,0,0,0,0,1,0,0,1
23.749554,0,0,0,1,0,0,1,0,0
23.760671,1,0,0,0,0,0,0,0,0
23.787702,0,0,1,0,1,0,0,1,0
23.799347,0,0,0,1,0,0,1,0,0
23.803069,0,0,0,0,0,1,0,0,1
23.815568,0,1,0,0,0,0,0,0,0
23.816908,1,0,0,0,0,0,0,0,0
23.840959,0,0,1,0,1,0,0,1,0
23.847390,0,0,0,0,0,1,0,0,1
23.850434,0,0,0,1,0,0,1,0,0
23.865804,0,1,0,0,0,0,0,0,0
23.867349,1,0,0,0,1,0,0,1,0
23.880330,0,0,1,0,0,0,0,0,0
23.889007,0,1,0,0,0,0,0,0,0
23.900041,0,0,0,1,0,0,1,0,0
23.901420,0,0,0,0,0,1,0,0,1
23.913634,1,0,0,0,1,0,0,1,0
23.934355,0,0,1,0,0,0,0,0,0
23.942459,0,1,0,0,0,0,0,0,0
23.949318,0,0,0,1,0,0,1,0,0
23.953499,0,0,0,0,0,1,0,0,1
23.961960,1,0,0,0,0,0,0,0,0
23.987750,0,0,1,0,1,0,0,1,0
24.000612,0,0,0,1,0,0,1,0,0
24.001859,0,0,0,0,0,1,0,0,1
24.008709,0,1,0,0,0,0,0,0,0
24.015567,1,0,0,0,1,0,0,1,0
24.036284,0,1,0,0,0,0,0,0,0
24.036702,0,0,1,0,0,0,0,0,0
24.048934,0,0,0,1,0,0,1,0,0
24.050838,0,0,0,0,0,1,0,0,1
24.063171,1,0,0,0,0,0,0,0,0
24.085618,0,0,0,0,1,0,0,1,0
24.090193,0,0,1,0,0,0,0,0,0
24.100333,0,0,0,1,0,0,1,0,0
24.101327,0,0,0,0,0,1,0,0,1
24.111472,0,1,0,0,0,0,0,0,0
24.116704,1,0,0,0,1,0,0,1,0
24.140996,0,0,1,0,0,0,0,0,0
24.146003,0,1,0,0,0,0,0,0,0
24.147425,0,0,0,0,0,1,0,0,1
24.149634,0,0,0,1,0,0,1,0,0
24.160759,1,0,0,0,1,0,0,1,0
24.180675,0,0,1,0,0,0,0,0,0
24.188003,0,1,0,0,0,0,0,0,0
24.197299,0,0,0,0,0,1,0,0,1
24.199232,0,0,0,1,0,0,1,0,0
24.211508,1,0,0,0,0,0,0,0,0
24.236575,0,0,1,0,0,0,0,0,0
24.240009,0,0,0,0,1,0,0,1,0
24.250441,0,0,0,1,0,0,1,0,0
24.253117,0,0,0,0,0,1,0,0,1
24.263835,1,0,0,0,1,0,0,1,0
24.264992,0,1,0,0,0,0,0,0,0
24.286883,0,1,0,0,0,0,0,0,0
24.288974,0,0,1,0,0,0,0,0,0
24.300550,0,0,0,1,0,0,1,0,0
24.302346,0,0,0,0,0,1,0,0,1
24.318782,1,0,0,0,1,0,0,1,0
24.337479,0,0,1,0,0,0,0,0,0
24.345210,0,1,0,0,0,0,0,0,0
24.350171,0,0,0,1,0,0,1,0,0
24.353269,0,0,0,0,0,1,0,0,1
24.364359,1,0,0,0,0,0,0,0,0
24.387644,0,0,1,0,1,0,0,1,0
24.399524,0,0,0,1,0,0,1,0,0
24.403221,0,0,0,0,0,1,0,0,1
24.409150,0,1,0,0,0,0,0,0,0
24.414214,1,0,0,0,0,0,0,0,0
24.416157,0,0,0,0,1,0,0,1,0
24.437716,0,1,0,0,0,0,0,0,0
24.441963,0,0,1,0,0,0,0,0,0
24.449424,0,0,0,0,0,1,0,0,1
24.450703,0,0,0,1,0,0,1,0,0
24.463526,1,0,0,0,0,0,0,0,0
24.466221,0,0,0,0,1,0,0,1,0
24.479955,0,0,1,0,0,0,0,0,0
24.492872,0,1,0,0,0,0,0,0,0
24.499608,0,0,0,1,0,0,1,0,0
24.503945,0,0,0,0,0,1,0,0,1
24.519180,1,0,0,0,1,0,0,1,0
24.538904,0,0,1,0,0,0,0,0,0
24.541556,0,1,0,0,0,0,0,0,0
24.549468,0,0,0,0,0,1,0,0,1
24.551383,0,0,0,1,0,0,1,0,0
24.568293,1,0,0,0,1,0,0,1,0
24.585857,0,0,1,0,0,0,0,0,0
24.598161,0,1,0,0,0,0,0,0,0
24.598996,0,0,0,1,0,0,1,0,0
24.601846,0,0,0,0,0,1,0,0,1
24.612765,1,0,0,0,0,0,0,0,0
24.633959,0,0,0,0,1,0,0,1,0
24.637338,0,0,1,0,0,0,0,0,0
24.649807,0,0,0,0,0,1,0,0,1
24.651612,0,0,0,1,0,0,1,0,0
24.654617,0,1,0,0,0,0,0,0,0
24.663975,1,0,0,0,0,0,0,0,0
24.682185,0,0,1,0,0,0,0,0,0
24.689288,0,0,0,0,1,0,0,1,0
24.698754,0,0,0,1,0,0,1,0,0
24.699644,0,0,0,0,0,1,0,0,1
24.715631,1,0,0,0,1,0,0,1,0
24.718491,0,1,0,0,0,0,0,0,0
24.733869,0,0,1,0,0,0,0,0,0
24.736024,0,1,0,0,0,0,0,0,0
24.748924,0,0,0,1,0,0,1,0,0
24.751498,0,0,0,0,0,1,0,0,1
24.764501,1,0,0,0,0,0,0,0,0
24.786415,0,0,1,0,1,0,0,1,0
24.799467,0,0,0,0,0,1,0,0,1
24.800093,0,0,0,1,0,0,1,0,0
24.808956,0,1,0,0,0,0,0,0,0
24.817931,1,0,0,0,0,0,0,0,0
24.836331,0,0,0,0,1,0,0,1,0
24.839081,0,0,1,0,0,0,0,0,0
24.847574,0,0,0,0,0,1,0,0,1
24.849676,0,0,0,1,0,0,1,0,0
24.858562,0,1,0,0,0,0,0,0,0
24.867415,1,0,0,0,1,0,0,1,0
24.881065,0,0,1,0,0,0,0,0,0
24.891288,0,1,0,0,0,0,0,0,0
24.898731,0,0,0,0,0,1,0,0,1
24.899949,0,0,0,1,0,0,1,0,0
24.911699,1,0,0,0,1,0,0,1,0
24.934978,0,1,0,0,0,0,0,0,0
24.935639,0,0,1,0,0,0,0,0,0
24.949574,0,0,0,0,0,1,0,0,1
24.950712,0,0,0,1,0,0,1,0,0
24.964652,1,0,0,0,1,0,0,1,0
24.985807,0,0,1,0,0,0,0,0,0
24.991618,0,1,0,0,0,0,0,0,0
24.999023,0,0,0,0,0,1,0,0,1
24.999934,0,0,0,1,0,0,1,0,0
25.014858,1,0,0,0,0,0,0,0,0
25.024723,0,0,0,0,1,0,0,1,0
25.038698,0,0,1,0,0,0,0,0,0
25.046920,0,0,0,0,0,1,0,0,1
25.050645,0,0,0,1,0,0,1,0,0
25.050760,0,1,0,0,0,0,0,0,0
25.064923,1,0,0,0,1,0,0,1,0
25.079500,0,0,1,0,0,0,0,0,0
25.088798,0,1,0,0,0,0,0,0,0
25.099132,0,0,0,0,0,1,0,0,1
25.100667,0,0,0,1,0,0,1,0,0
25.119024,1,0,0,0,0,0,0,0,0
25.134484,0,0,1,0,1,0,0,1,0
25.147239,0,0,0,0,0,1,0,0,1
25.149861,0,0,0,1,0,0,1,0,0
25.154994,0,1,0,0,0,0,0,0,0
25.165408,1,0,0,0,1,0,0,1,0
25.185309,0,0,1,0,0,0,0,0,0
25.189128,0,1,0,0,0,0,0,0,0
25.199857,0,0,0,1,0,0,1,0,0
25.202915,0,0,0,0,0,1,0,0,1
25.212202,1,0,0,0,1,0,0,1,0
25.232547,0,1,0,0,0,0,0,0,0
25.241913,0,0,1,0,0,0,0,0,0
25.246713,0,0,0,0,0,1,0,0,1
25.249706,0,0,0,1,0,0,1,0,0
25.260634,1,0,0,0,0,0,0,0,0
25.283704,0,0,1,0,0,0,0,0,0
25.299428,0,0,0,0,1,1,0,1,1
25.300382,0,0,0,1,0,0,1,0,0
25.312056,1,0,0,0,0,0,0,0,0
25.321707,0,0,0,0,1,0,0,1,0
25.324457,0,1,0,0,0,0,0,0,0
25.330649,0,0,1,0,0,0,0,0,0
25.347302,0,1,0,0,0,0,0,0,0
25.350538,0,0,0,1,0,0,1,0,0
25.351121,0,0,0,0,0,1,0,0,1
25.366623,1,0,0,0,0,0,0,0,0
25.376012,0,0,0,0,1,0,0,1,0
25.387199,0,0,1,0,0,0,0,0,0
25.396660,0,0,0,0,0,1,0,0,1
25.397469,0,1,0,0,0,0,0,0,0
25.399247,0,0,0,1,0,0,1,0,0
25.416991,1,0,0,0,1,0,0,1,0
25.432646,0,0,1,0,0,0,0,0,0
25.446718,0,1,0,0,0,0,0,0,0
25.450812,0,0,0,1,0,0,1,0,0
25.451459,0,0,0,0,0,1,0,0,1
25.470278,1,0,0,0,0,0,0,0,0
25.487167,0,0,1,0,1,0,0,1,0
25.496475,0,0,0,0,0,1,0,0,1
25.499661,0,0,0,1,0,0,1,0,0
25.508767,0,1,0,0,0,0,0,0,0
25.515174,1,0,0,0,0,0,0,0,0
25.516709,0,0,0,0,1,0,0,1,0
25.531295,0,0,1,0,0,0,0,0,0
25.542217,0,1,0,0,0,0,0,0,0
25.548733,0,0,0,0,0,1,0,0,1
25.549886,0,0,0,1,0,0,1,0,0
25.562825,1,0,0,0,0,0,0,0,0
25.581830,0,0,1,0,1,0,0,1,0
25.599852,0,0,0,1,0,0,1,0,0
25.601354,0,0,0,0,0,1,0,0,1
25.604005,0,1,0,0,0,0,0,0,0
25.613233,1,0,0,0,0,0,0,0,0
25.622770,0,0,0,0,1,0,0,1,0
25.636952,0,0,1,0,0,0,0,0,0
25.649901,0,0,0,1,0,0,1,0,0
25.651196,0,1,0,0,0,0,0,0,0
25.653958,0,0,0,0,0,1,0,0,1
25.663335,1,0,0,0,1,0,0,1,0
25.689466,0,0,1,0,0,0,0,0,0
25.689889,0,1,0,0,0,0,0,0,0
25.699486,0,0,0,1,0,0,1,0,0
25.702372,0,0,0,0,0,1,0,0,1
25.712958,1,0,0,0,1,0,0,1,0
25.738159,0,0,1,0,0,0,0,0,0
25.741041,0,1,0,0,0,0,0,0,0
25.750140,0,0,0,1,0,0,1,0,0
25.750377,0,0,0,0,0,1,0,0,1
25.768896,1,0,0,0,1,0,0,1,0
25.789114,0,1,0,0,0,0,0,0,0
25.789386,0,0,1,0,0,0,0,0,0
25.799342,0,0,0,1,0,0,1,0,0
25.803819,0,0,0,0,0,1,0,0,1
25.812414,1,0,0,0,1,0,0,1,0
25.836180,0,0,1,0,0,0,0,0,0
25.839653,0,1,0,0,0,0,0,0,0
25.848995,0,0,0,1,0,0,1,0,0
25.849116,0,0,0,0,0,1,0,0,1
25.864328,1,0,0,0,1,0,0,1,0
25.883070,0,0,1,0,0,0,0,0,0
25.885965,0,1,0,0,0,0,0,0,0
25.896925,0,0,0,0,0,1,0,0,1
25.899552,0,0,0,1,0,0,1,0,0
25.914520,1,0,0,0,1,0,0,1,0
25.933798,0,0,1,0,0,0,0,0,0
25.936332,0,1,0,0,0,0,0,0,0
25.948268,0,0,0,0,0,1,0,0,1
25.950493,0,0,0,1,0,0,1,0,0
25.969564,1,0,0,0,1,0,0,1,0
25.985843,0,0,1,0,0,0,0,0,0
25.991010,0,1,0,0,0,0,0,0,0
25.999793,0,0,0,1,0,0,1,0,0
26.001672,0,0,0,0,0,1,0,0,1
26.011105,1,0,0,0,1,0,0,1,0
26.034386,0,1,0,0,0,0,0,0,0
26.040102,0,0,1,0,0,0,0,0,0
26.049225,0,0,0,0,0,1,0,0,1
26.051613,0,0,0,1,0,0,1,0,0
26.070147,1,0,0,0,1,0,0,1,0
26.086321,0,0,1,0,0,0,0,0,0
26.096633,0,1,0,0,0,0,0,0,0
26.098241,0,0,0,0,0,1,0,0,1
26.099061,0,0,0,1,0,0,1,0,0
26.111668,1,0,0,0,1,0,0,1,0
26.132786,0,0,1,0,0,0,0,0,0
26.137950,0,1,0,0,0,0,0,0,0
26.149298,0,0,0,0,0,1,0,0,1
26.149949,0,0,0,1,0,0,1,0,0
26.163597,1,0,0,0,0,0,0,0,0
26.185617,0,0,1,0,0,0,0,0,0
26.191559,0,0,0,0,1,0,0,1,0
26.199545,0,0,0,1,0,0,1,0,0
26.202801,0,0,0,0,0,1,0,0,1
26.212660,1,0,0,0,1,0,0,1,0
26.219625,0,1,0,0,0,0,0,0,0
26.239591,0,1,0,0,0,0,0,0,0
26.241537,0,0,1,0,0,0,0,0,0
26.248632,0,0,0,0,0,1,0,0,1
26.249511,0,0,0,1,0,0,1,0,0
26.267669,1,0,0,0,0,0,0,0,0
26.280159,0,0,0,0,1,0,0,1,0
26.282642,0,0,1,0,0,0,0,0,0
26.299115,0,0,0,1,0,0,1,0,0
26.300320,0,0,0,0,0,1,0,0,1
26.302117,0,1,0,0,0,0,0,0,0
26.313414,1,0,0,0,0,0,0,0,0
26.339650,0,0,1,0,0,0,0,0,0
26.347225,0,0,0,0,1,0,0,1,0
26.349689,0,0,0,0,0,1,0,0,1
26.350341,0,0,0,1,0,0,1,0,0
26.368217,1,0,0,0,0,0,0,0,0
26.368390,0,1,0,0,1,0,0,1,0
26.381113,0,0,1,0,0,0,0,0,0
26.389392,0,1,0,0,0,0,0,0,0
26.397092,0,0,0,0,0,1,0,0,1
26.399179,0,0,0,1,0,0,1,0,0
26.411778,1,0,0,0,1,0,0,1,0
26.434088,0,0,1,0,0,0,0,0,0
26.441026,0,1,0,0,0,0,0,0,0
26.449416,0,0,0,1,0,0,1,0,0
26.450924,0,0,0,0,0,1,0,0,1
26.464044,1,0,0,0,0,0,0,0,0
26.489588,0,0,1,0,1,0,0,1,0
26.499914,0,0,0,1,0,0,1,0,0
26.501614,0,0,0,0,0,1,0,0,1
26.513015,1,0,0,0,1,0,0,1,0
26.513550,0,1,0,0,0,0,0,0,0
26.533862,0,1,0,0,0,0,0,0,0
26.538106,0,0,1,0,0,0,0,0,0
26.551558,0,0,0,1,0,0,1,0,0
26.551560,0,0,0,0,0,1,0,0,1
26.571511,1,0,0,0,0,0,0,0,0
26.581818,0,0,1,0,1,0,0,1,0
26.596969,0,0,0,0,0,1,0,0,1
26.600267,0,0,0,1,0,0,1,0,0
26.605234,0,1,0,0,0,0,0,0,0
26.619312,1,0,0,0,0,0,0,0,0
26.632771,0,0,1,0,1,0,0,1,0
26.649264,0,0,0,1,0,0,1,0,0
26.652519,0,0,0,0,0,1,0,0,1
26.659048,0,1,0,0,0,0,0,0,0
26.665678,1,0,0,0,0,0,0,0,0
26.672340,0,0,0,0,1,0,0,1,0
26.687495,0,0,1,0,0,0,0,0,0
26.694784,0,1,0,0,0,0,0,0,0
26.699459,0,0,0,1,0,0,1,0,0
26.701517,0,0,0,0,0,1,0,0,1
26.711810,1,0,0,0,0,0,0,0,0
26.728159,0,0,0,0,1,0,0,1,0
26.736992,0,0,1,0,0,0,0,0,0
26.749143,0,0,0,1,0,0,1,0,0
26.750965,0,0,0,0,0,1,0,0,1
26.757863,0,1,0,0,0,0,0,0,0
26.763433,1,0,0,0,1,0,0,1,0
26.788852,0,1,0,0,0,0,0,0,0
26.790800,0,0,1,0,0,0,0,0,0
26.800221,0,0,0,1,0,0,1,0,0
26.802257,0,0,0,0,0,1,0,0,1
26.811671,1,0,0,0,0,0,0,0,0
26.815913,0,0,0,0,1,0,0,1,0
26.836219,0,0,1,0,0,0,0,0,0
26.842482,0,1,0,0,0,0,0,0,0
26.849660,0,0,0,0,0,1,0,0,1
26.850403,0,0,0,1,0,0,1,0,0
26.867373,1,0,0,0,1,0,0,1,0
26.882737,0,0,1,0,0,0,0,0,0
26.892618,0,1,0,0,0,0,0,0,0
26.897867,0,0,0,0,0,1,0,0,1
26.900191,0,0,0,1,0,0,1,0,0
26.913567,1,0,0,0,0,0,0,0,0
26.916548,0,0,0,0,1,0,0,1,0
26.933292,0,0,1,0,0,0,0,0,0
26.945722,0,1,0,0,0,0,0,0,0
26.947900,0,0,0,0,0,1,0,0,1
26.951692,0,0,0,1,0,0,1,0,0
26.962724,1,0,0,0,1,0,0,1,0
26.978087,0,0,1,0,0,0,0,0,0
26.987723,0,1,0,0,0,0,0,0,0
26.998316,0,0,0,0,0,1,0,0,1
27.000233,0,0,0,1,0,0,1,0,0
27.018157,1,0,0,0,1,0,0,1,0
27.034789,0,0,1,0,0,0,0,0,0
27.043791,0,1,0,0,0,0,0,0,0
27.049021,0,0,0,1,0,0,1,0,0
27.050238,0,0,0,0,0,1,0,0,1
27.066143,1,0,0,0,0,0,0,0,0
27.072766,0,0,0,0,1,0,0,1,0
27.089956,0,0,1,0,0,0,0,0,0
27.098327,0,1,0,0,0,0,0,0,0
27.099916,0,0,0,1,0,0,1,0,0
27.100189,0,0,0,0,0,1,0,0,1
27.118085,1,0,0,0,0,0,0,0,0
27.133876,0,0,1,0,0,0,0,0,0
27.150234,0,0,0,0,1,1,0,1,1
27.151042,0,0,0,1,0,0,1,0,0
27.165840,1,0,0,0,1,0,0,1,0
27.171975,0,1,0,0,0,0,0,0,0
27.186620,0,0,1,0,0,0,0,0,0
27.188730,0,1,0,0,0,0,0,0,0
27.198608,0,0,0,1,0,0,1,0,0
27.202489,0,0,0,0,0,1,0,0,1
27.211709,1,0,0,0,1,0,0,1,0
27.233226,0,1,0,0,0,0,0,0,0
27.238750,0,0,1,0,0,0,0,0,0
27.247443,0,0,0,0,0,1,0,0,1
27.250824,0,0,0,1,0,0,1,0,0
27.267330,1,0,0,0,0,0,0,0,0
27.278269,0,0,1,0,0,0,0,0,0
27.296110,0,0,0,0,1,0,0,1,0
27.300378,0,0,0,0,0,1,0,0,1
27.301118,0,0,0,1,0,0,1,0,0
27.315366,1,0,0,0,0,0,0,0,0
27.316519,0,1,0,0,0,0,0,0,0
27.336534,0,0,1,0,0,0,0,0,0
27.348300,0,0,0,0,0,1,0,0,1
27.351335,0,0,0,1,1,0,1,1,0
27.368449,1,0,0,0,1,0,0,1,0
27.376423,0,1,0,0,0,0,0,0,0
27.383686,0,0,1,0,0,0,0,0,0
27.397409,0,1,0,0,0,0,0,0,0
27.400359,0,0,0,1,0,0,1,0,0
27.400811,0,0,0,0,0,1,0,0,1
27.410685,1,0,0,0,1,0,0,1,0
27.436761,0,0,1,0,0,0,0,0,0
27.437060,0,1,0,0,0,0,0,0,0
27.450799,0,0,0,0,0,1,0,0,1
27.450942,0,0,0,1,0,0,1,0,0
27.465104,1,0,0,0,1,0,0,1,0
27.486501,0,1,0,0,0,0,0,0,0
27.486800,0,0,1,0,0,0,0,0,0
27.500846,0,0,0,1,0,0,1,0,0
27.502891,0,0,0,0,0,1,0,0,1
27.511273,1,0,0,0,0,0,0,0,0
27.539428,0,0,1,0,1,0,0,1,0
27.548452,0,0,0,1,0,0,1,0,0
27.552359,0,0,0,0,0,1,0,0,1
27.563289,1,0,0,0,0,0,0,0,0
27.564326,0,0,0,0,1,0,0,1,0
27.566841,0,1,0,0,0,0,0,0,0
27.587706,0,1,0,0,0,0,0,0,0
27.591446,0,0,1,0,0,0,0,0,0
27.600165,0,0,0,1,0,0,1,0,0
27.603519,0,0,0,0,0,1,0,0,1
27.611134,1,0,0,0,1,0,0,1,0
27.635827,0,1,0,0,0,0,0,0,0
27.637879,0,0,1,0,0,0,0,0,0
27.648116,0,0,0,0,0,1,0,0,1
27.650187,0,0,0,1,0,0,1,0,0
27.662357,1,0,0,0,1,0,0,1,0
27.682068,0,0,1,0,0,0,0,0,0
27.688803,0,1,0,0,0,0,0,0,0
27.699665,0,0,0,0,0,1,0,0,1
27.700776,0,0,0,1,0,0,1,0,0
27.717010,1,0,0,0,1,0,0,1,0
27.736186,0,0,1,0,0,0,0,0,0
27.744728,0,1,0,0,0,0,0,0,0
27.747873,0,0,0,0,0,1,0,0,1
27.749495,0,0,0,1,0,0,1,0,0
27.765819,1,0,0,0,1,0,0,1,0
27.779658,0,0,1,0,0,0,0,0,0
27.790454,0,1,0,0,0,0,0,0,0
27.800092,0,0,0,0,0,1,0,0,1
27.800720,0,0,0,1,0,0,1,0,0
27.817423,1,0,0,0,0,0,0,0,0
27.838164,0,0,1,0,0,0,0,0,0
27.844361,0,0,0,0,1,0,0,1,0
27.847760,0,0,0,0,0,1,0,0,1
27.849298,0,0,0,1,0,0,1,0,0
27.861493,1,0,0,0,1,0,0,1,0
27.866662,0,1,0,0,0,0,0,0,0
27.883400,0,0,1,0,0,0,0,0,0
27.886813,0,1,0,0,0,0,0,0,0
27.899465,0,0,0,1,0,0,1,0,0
27.903269,0,0,0,0,0,1,0,0,1
27.917551,1,0,0,0,1,0,0,1,0
27.933789,0,0,1,0,0,0,0,0,0
27.938394,0,1,0,0,0,0,0,0,0
27.948587,0,0,0,0,0,1,0,0,1
27.948920,0,0,0,1,0,0,1,0,0
27.965592,1,0,0,0,1,0,0,1,0
27.984031,0,0,1,0,0,0,0,0,0
27.991132,0,1,0,0,0,0,0,0,0
27.997336,0,0,0,0,0,1,0,0,1
27.999550,0,0,0,1,0,0,1,0,0
28.017242,1,0,0,0,1,0,0,1,0
28.032372,0,0,1,0,0,0,0,0,0
28.039416,0,1,0,0,0,0,0,0,0
28.050018,0,0,0,1,0,0,1,0,0
28.053125,0,0,0,0,0,1,0,0,1
28.066334,1,0,0,0,1,0,0,1,0
28.087141,0,1,0,0,0,0,0,0,0
28.087609,0,0,1,0,0,0,0,0,0
28.098134,0,0,0,0,0,1,0,0,1
28.100548,0,0,0,1,0,0,1,0,0
28.112073,1,0,0,0,0,0,0,0,0
28.129940,0,0,0,0,1,0,0,1,0
28.134151,0,0,1,0,0,0,0,0,0
28.150390,0,1,0,0,0,0,0,0,0
28.150494,0,0,0,1,0,0,1,0,0
28.150502,0,0,0,0,0,1,0,0,1
28.160780,1,0,0,0,1,0,0,1,0
28.184557,0,1,0,0,0,0,0,0,0
28.186733,0,0,1,0,0,0,0,0,0
28.200958,0,0,0,1,0,0,1,0,0
28.203810,0,0,0,0,0,1,0,0,1
28.216949,1,0,0,0,1,0,0,1,0
28.242935,0,0,1,0,0,0,0,0,0
28.245162,0,1,0,0,0,0,0,0,0
28.249831,0,0,0,1,0,0,1,0,0
28.250725,0,0,0,0,0,1,0,0,1
28.265244,1,0,0,0,1,0,0,1,0
28.289402,0,0,1,0,0,0,0,0,0
28.294171,0,1,0,0,0,0,0,0,0
28.298562,0,0,0,1,0,0,1,0,0
28.300088,0,0,0,0,0,1,0,0,1
28.308739,1,0,0,0,0,0,0,0,0
28.323001,0,0,0,0,1,0,0,1,0
28.339338,0,0,1,0,0,0,0,0,0
28.348931,0,0,0,1,0,0,1,0,0
28.350033,0,1,0,0,0,0,0,0,0
28.351862,0,0,0,0,0,1,0,0,1
28.359527,1,0,0,0,1,0,0,1,0
28.381980,0,0,1,0,0,0,0,0,0
28.385512,0,1,0,0,0,0,0,0,0
28.397728,0,0,0,0,0,1,0,0,1
28.400167,0,0,0,1,0,0,1,0,0
28.413374,1,0,0,0,0,0,0,0,0
28.429873,0,0,1,0,0,0,0,0,0
28.440817,0,0,0,0,1,0,0,1,0
28.448510,0,0,0,0,0,1,0,0,1
28.449974,0,0,0,1,0,0,1,0,0
28.468237,1,0,0,0,0,0,0,0,0
28.468485,0,1,0,0,0,0,0,0,0
28.487339,0,0,1,0,1,0,0,1,0
28.500129,0,0,0,0,0,1,0,0,1
28.500167,0,0,0,1,0,0,1,0,0
28.513170,1,0,0,0,0,0,0,0,0
28.515535,0,1,0,0,1,0,0,1,0
28.535196,0,0,1,0,0,0,0,0,0
28.539247,0,1,0,0,0,0,0,0,0
28.549829,0,0,0,0,0,1,0,0,1
28.549963,0,0,0,1,0,0,1,0,0
28.568791,1,0,0,0,0,0,0,0,0
28.581601,0,0,0,0,1,0,0,1,0
28.586047,0,0,1,0,0,0,0,0,0
28.600891,0,0,0,1,0,0,1,0,0
28.603083,0,0,0,0,0,1,0,0,1
28.606451,0,1,0,0,0,0,0,0,0
28.612690,1,0,0,0,1,0,0,1,0
28.639069,0,1,0,0,0,0,0,0,0
28.640101,0,0,1,0,0,0,0,0,0
28.648437,0,0,0,0,0,1,0,0,1
28.650434,0,0,0,1,0,0,1,0,0
28.664228,1,0,0,0,0,0,0,0,0
28.683399,0,0,1,0,0,0,0,0,0
28.690133,0,0,0,0,1,0,0,1,0
28.699851,0,0,0,1,0,0,1,0,0
28.703788,0,0,0,0,0,1,0,0,1
28.713962,0,1,0,0,0,0,0,0,0
28.715652,1,0,0,0,0,0,0,0,0
28.737301,0,0,1,0,1,0,0,1,0
28.748801,0,0,0,1,0,0,1,0,0
28.751985,0,0,0,0,0,1,0,0,1
28.764051,1,0,0,0,1,0,0,1,0
28.766682,0,1,0,0,0,0,0,0,0
28.787967,0,0,1,0,0,0,0,0,0
28.788600,0,1,0,0,0,0,0,0,0
28.800079,0,0,0,1,0,0,1,0,0
28.801025,0,0,0,0,0,1,0,0,1
28.819799,1,0,0,0,0,0,0,0,0
28.837060,0,0,1,0,0,0,0,0,0
28.849454,0,0,0,0,1,1,0,1,1
28.849645,0,0,0,1,0,0,1,0,0
28.865656,1,0,0,0,1,0,0,1,0
28.876188,0,1,0,0,0,0,0,0,0
28.886207,0,0,1,0,0,0,0,0,0
28.895632,0,1,0,0,0,0,0,0,0
28.899623,0,0,0,0,0,1,0,0,1
28.900643,0,0,0,1,0,0,1,0,0
28.914486,1,0,0,0,0,0,0,0,0
28.930931,0,0,1,0,0,0,0,0,0
28.951456,0,0,0,1,1,0,1,1,0
28.951702,0,0,0,0,0,1,0,0,1
28.970333,1,0,0,0,1,0,0,1,0
28.977507,0,1,0,0,0,0,0,0,0
28.988628,0,0,1,0,0,0,0,0,0
28.994060,0,1,0,0,0,0,0,0,0
29.001399,0,0,0,1,0,0,1,0,0
29.001692,0,0,0,0,0,1,0,0,1
29.017133,1,0,0,0,0,0,0,0,0
29.034790,0,0,1,0,1,0,0,1,0
29.046887,0,0,0,0,0,1,0,0,1
29.049521,0,0,0,1,0,0,1,0,0
29.057160,0,1,0,0,0,0,0,0,0
29.060187,1,0,0,0,0,0,0,0,0
29.083048,0,0,1,0,0,0,0,0,0
29.097953,0,0,0,0,0,1,0,0,1
29.099527,0,0,0,0,1,0,0,1,0
29.100562,0,0,0,1,0,0,1,0,0
29.111409,1,0,0,0,1,0,0,1,0
29.120938,0,1,0,0,0,0,0,0,0
29.128725,0,0,1,0,0,0,0,0,0
29.131670,0,1,0,0,0,0,0,0,0
29.148694,0,0,0,0,0,1,0,0,1
29.151349,0,0,0,1,0,0,1,0,0
29.167511,1,0,0,0,0,0,0,0,0
29.176602,0,0,0,0,1,0,0,1,0
29.181194,0,0,1,0,0,0,0,0,0
29.199981,0,0,0,1,0,0,1,0,0
29.200069,0,0,0,0,0,1,0,0,1
29.200299,0,1,0,0,0,0,0,0,0
29.214023,1,0,0,0,0,0,0,0,0
29.224437,0,0,0,0,1,0,0,1,0
29.234277,0,0,1,0,0,0,0,0,0
29.245490,0,1,0,0,0,0,0,0,0
29.246422,0,0,0,0,0,1,0,0,1
29.248850,0,0,0,1,0,0,1,0,0
29.264650,1,0,0,0,1,0,0,1,0
29.282439,0,0,1,0,0,0,0,0,0
29.285905,0,1,0,0,0,0,0,0,0
29.300569,0,0,0,0,0,1,0,0,1
29.300950,0,0,0,1,0,0,1,0,0
29.312397,1,0,0,0,1,0,0,1,0
29.332881,0,1,0,0,0,0,0,0,0
29.336292,0,0,1,0,0,0,0,0,0
29.349194,0,0,0,0,0,1,0,0,1
29.349969,0,0,0,1,0,0,1,0,0
29.367247,1,0,0,0,0,0,0,0,0
29.382288,0,0,1,0,0,0,0,0,0
29.399504,0,0,0,1,1,0,1,1,0
29.400331,0,0,0,0,0,1,0,0,1
29.410746,1,0,0,0,1,0,0,1,0
29.421775,0,1,0,0,0,0,0,0,0
29.433628,0,1,0,0,0,0,0,0,0
29.437666,0,0,1,0,0,0,0,0,0
29.451838,0,0,0,1,0,0,1,0,0
29.452884,0,0,0,0,0,1,0,0,1
29.465780,1,0,0,0,0,0,0,0,0
29.474240,0,0,0,0,1,0,0,1,0
29.484686,0,0,1,0,0,0,0,0,0
29.499507,0,1,0,0,0,0,0,0,0
29.500433,0,0,0,1,0,0,1,0,0
29.501367,0,0,0,0,0,1,0,0,1
29.515111,1,0,0,0,0,0,0,0,0
29.541109,0,0,1,0,1,0,0,1,0
29.549238,0,0,0,1,0,0,1,0,0
29.552503,0,0,0,0,0,1,0,0,1
29.559807,1,0,0,0,1,0,0,1,0
29.564667,0,1,0,0,0,0,0,0,0
29.581653,0,1,0,0,0,0,0,0,0
29.585843,0,0,1,0,0,0,0,0,0
29.600363,0,0,0,1,0,0,1,0,0
29.601222,0,0,0,0,0,1,0,0,1
29.611100,1,0,0,0,1,0,0,1,0
29.633596,0,1,0,0,0,0,0,0,0
29.639032,0,0,1,0,0,0,0,0,0
29.649045,0,0,0,0,0,1,0,0,1
29.649560,0,0,0,1,0,0,1,0,0
29.665447,1,0,0,0,1,0,0,1,0
29.681030,0,0,1,0,0,0,0,0,0
29.688680,0,1,0,0,0,0,0,0,0
29.698687,0,0,0,0,0,1,0,0,1
29.699941,0,0,0,1,0,0,1,0,0
29.715290,1,0,0,0,1,0,0,1,0
29.732614,0,0,1,0,0,0,0,0,0
29.740228,0,1,0,0,0,0,0,0,0
29.748681,0,0,0,1,0,0,1,0,0
29.753212,0,0,0,0,0,1,0,0,1
29.765235,1,0,0,0,1,0,0,1,0
29.788067,0,0,1,0,0,0,0,0,0
29.789498,0,1,0,0,0,0,0,0,0
29.797115,0,0,0,0,0,1,0,0,1
29.799747,0,0,0,1,0,0,1,0,0
29.811031,1,0,0,0,1,0,0,1,0
29.834025,0,0,1,0,0,0,0,0,0
29.840449,0,1,0,0,0,0,0,0,0
29.849706,0,0,0,1,0,0,1,0,0
29.851504,0,0,0,0,0,1,0,0,1
29.865949,1,0,0,0,1,0,0,1,0
29.887943,0,0,1,0,0,0,0,0,0
29.895245,0,1,0,0,0,0,0,0,0
29.898950,0,0,0,1,0,0,1,0,0
29.900965,0,0,0,0,0,1,0,0,1
29.914644,1,0,0,0,1,0,0,1,0
29.938101,0,1,0,0,0,0,0,0,0
29.938949,0,0,1,0,0,0,0,0,0
29.948203,0,0,0,0,0,1,0,0,1
29.951261,0,0,0,1,0,0,1,0,0
29.965319,1,0,0,0,1,0,0,1,0
29.982278,0,0,1,0,0,0,0,0,0
29.990412,0,1,0,0,0,0,0,0,0
30.001466,0,0,0,1,0,0,1,0,0
30.001486,0,0,0,0,0,1,0,0,1
30.013003,1,0,0,0,1,0,0,1,0
30.035653,0,0,1,0,0,0,0,0,0
30.038921,0,1,0,0,0,0,0,0,0
30.048784,0,0,0,0,0,1,0,0,1
30.049185,0,0,0,1,0,0,1,0,0
30.060659,1,0,0,0,0,0,0,0,0
30.088029,0,0,1,0,0,0,0,0,0
30.092376,0,0,0,0,1,0,0,1,0
30.098235,0,0,0,0,0,1,0,0,1
30.098971,0,0,0,1,0,0,1,0,0
30.110096,1,0,0,0,1,0,0,1,0
30.117431,0,1,0,0,0,0,0,0,0
30.130245,0,1,0,0,0,0,0,0,0
30.133551,0,0,1,0,0,0,0,0,0
30.148215,0,0,0,0,0,1,0,0,1
30.150568,0,0,0,1,0,0,1,0,0
30.165627,1,0,0,0,1,0,0,1,0
30.185440,0,0,1,0,0,0,0,0,0
30.191709,0,1,0,0,0,0,0,0,0
30.196063,0,0,0,0,0,1,0,0,1
30.199783,0,0,0,1,0,0,1,0,0
30.215363,1,0,0,0,1,0,0,1,0
30.231404,0,0,1,0,0,0,0,0,0
30.241302,0,1,0,0,0,0,0,0,0
30.250774,0,0,0,1,0,0,1,0,0
30.252960,0,0,0,0,0,1,0,0,1
30.265171,1,0,0,0,0,0,0,0,0
30.289144,0,0,1,0,1,0,0,1,0
30.297059,0,0,0,0,0,1,0,0,1
30.298673,0,0,0,1,0,0,1,0,0
30.311503,1,0,0,0,1,0,0,1,0
30.315991,0,1,0,0,0,0,0,0,0
30.331086,0,0,1,0,0,0,0,0,0
30.333850,0,1,0,0,0,0,0,0,0
30.347725,0,0,0,0,0,1,0,0,1
30.350118,0,0,0,1,0,0,1,0,0
30.360967,1,0,0,0,1,0,0,1,0
30.382197,0,0,1,0,0,0,0,0,0
30.387252,0,1,0,0,0,0,0,0,0
30.398943,0,0,0,0,0,1,0,0,1
30.399337,0,0,0,1,0,0,1,0,0
30.413879,1,0,0,0,1,0,0,1,0
30.435542,0,0,1,0,0,0,0,0,0
30.443393,0,1,0,0,0,0,0,0,0
30.451289,0,0,0,1,0,0,1,0,0
30.452803,0,0,0,0,0,1,0,0,1
30.464230,1,0,0,0,0,0,0,0,0
30.488066,0,0,0,0,1,0,0,1,0
30.492678,0,0,1,0,0,0,0,0,0
30.499274,0,0,0,1,0,0,1,0,0
30.499577,0,0,0,0,0,1,0,0,1
30.510636,1,0,0,0,0,0,0,0,0
30.513293,0,0,0,0,1,0,0,1,0
30.515593,0,1,0,0,0,0,0,0,0
30.533478,0,0,1,0,0,0,0,0,0
30.536139,0,1,0,0,0,0,0,0,0
30.550269,0,0,0,0,0,1,0,0,1
30.551172,0,0,0,1,0,0,1,0,0
30.564587,1,0,0,0,1,0,0,1,0
30.585510,0,1,0,0,0,0,0,0,0
30.588751,0,0,1,0,0,0,0,0,0
30.600248,0,0,0,1,0,0,1,0,0
30.602081,0,0,0,0,0,1,0,0,1
30.612833,1,0,0,0,0,0,0,0,0
30.638432,0,0,1,0,1,0,0,1,0
30.647340,0,0,0,0,0,1,0,0,1
30.650479,0,0,0,1,0,0,1,0,0
30.662337,1,0,0,0,0,0,0,0,0
30.663439,0,0,0,0,1,0,0,1,0
30.664925,0,1,0,0,0,0,0,0,0
30.686535,0,1,0,0,0,0,0,0,0
30.686913,0,0,1,0,0,0,0,0,0
30.697526,0,0,0,0,0,1,0,0,1
30.700802,0,0,0,1,0,0,1,0,0
30.715149,1,0,0,0,0,0,0,0,0
30.727675,0,0,0,0,1,0,0,1,0
30.735357,0,0,1,0,0,0,0,0,0
30.750541,0,0,0,1,0,0,1,0,0
30.751155,0,1,0,0,0,0,0,0,0
30.752793,0,0,0,0,0,1,0,0,1
30.762405,1,0,0,0,0,0,0,0,0
30.784046,0,0,1,0,1,0,0,1,0
30.801241,0,0,0,1,0,0,1,0,0
30.801958,0,0,0,0,0,1,0,0,1
30.808638,0,1,0,0,0,0,0,0,0
30.820814,1,0,0,0,0,0,0,0,0
30.840582,0,0,1,0,0,0,0,0,0
30.842805,0,0,0,0,1,0,0,1,0
30.846229,0,0,0,0,0,1,0,0,1
30.848954,0,0,0,1,0,0,1,0,0
30.863603,1,0,0,0,0,0,0,0,0
30.863692,0,1,0,0,0,0,0,0,0
30.880576,0,0,0,0,1,0,0,1,0
30.883120,0,0,1,0,0,0,0,0,0
30.899961,0,0,0,1,0,0,1,0,0
30.901918,0,0,0,0,0,1,0,0,1
30.903152,0,1,0,0,0,0,0,0,0
30.916019,1,0,0,0,1,0,0,1,0
30.937636,0,0,1,0,0,0,0,0,0
30.944117,0,1,0,0,0,0,0,0,0
30.950583,0,0,0,1,0,0,1,0,0
30.952331,0,0,0,0,0,1,0,0,1
30.964958,1,0,0,0,1,0,0,1,0
30.987574,0,0,1,0,0,0,0,0,0
30.994183,0,1,0,0,0,0,0,0,0
30.999021,0,0,0,1,0,0,1,0,0
31.002983,0,0,0,0,0,1,0,0,1
31.011888,1,0,0,0,0,0,0,0,0
31.040699,0,0,1,0,0,0,0,0,0
31.048589,0,0,0,0,0,1,0,0,1
31.049364,0,0,0,0,1,0,0,1,0
31.050339,0,0,0,1,0,0,1,0,0
31.069463,1,0,0,0,0,0,0,0,0
31.074817,0,1,0,0,1,0,0,1,0
31.082533,0,0,1,0,0,0,0,0,0
31.098303,0,1,0,0,0,0,0,0,0
31.099585,0,0,0,0,0,1,0,0,1
31.099808,0,0,0,1,0,0,1,0,0
31.118360,1,0,0,0,0,0,0,0,0
31.123446,0,0,0,0,1,0,0,1,0
31.136423,0,0,1,0,0,0,0,0,0
31.149195,0,0,0,0,0,1,0,0,1
31.149546,0,0,0,1,0,0,1,0,0
31.152744,0,1,0,0,0,0,0,0,0
31.167188,1,0,0,0,0,0,0,0,0
31.186652,0,0,1,0,1,0,0,1,0
31.199241,0,0,0,0,0,1,0,0,1
31.199846,0,0,0,1,0,0,1,0,0
31.207606,0,1,0,0,0,0,0,0,0
31.215929,1,0,0,0,1,0,0,1,0
31.231936,0,0,1,0,0,0,0,0,0
31.241047,0,1,0,0,0,0,0,0,0
31.250404,0,0,0,1,0,0,1,0,0
31.252888,0,0,0,0,0,1,0,0,1
31.268040,1,0,0,0,0,0,0,0,0
31.270194,0,0,0,0,1,0,0,1,0
31.286917,0,0,1,0,0,0,0,0,0
31.291764,0,1,0,0,0,0,0,0,0
31.297667,0,0,0,0,0,1,0,0,1
31.299533,0,0,0,1,0,0,1,0,0
31.312229,1,0,0,0,1,0,0,1,0
31.333481,0,1,0,0,0,0,0,0,0
31.336485,0,0,1,0,0,0,0,0,0
31.348405,0,0,0,0,0,1,0,0,1
31.351294,0,0,0,1,0,0,1,0,0
31.362288,1,0,0,0,1,0,0,1,0
31.387607,0,0,1,0,0,0,0,0,0
31.392262,0,1,0,0,0,0,0,0,0
31.398785,0,0,0,1,0,0,1,0,0
31.401672,0,0,0,0,0,1,0,0,1
31.413395,1,0,0,0,1,0,0,1,0
31.436161,0,1,0,0,0,0,0,0,0
31.436196,0,0,1,0,0,0,0,0,0
31.449138,0,0,0,1,0,0,1,0,0
31.453871,0,0,0,0,0,1,0,0,1
31.465393,1,0,0,0,0,0,0,0,0
31.483745,0,0,0,0,1,0,0,1,0
31.489339,0,0,1,0,0,0,0,0,0
31.498466,0,0,0,0,0,1,0,0,1
31.500274,0,0,0,1,0,0,1,0,0
31.507153,0,1,0,0,0,0,0,0,0
31.511681,1,0,0,0,0,0,0,0,0
31.516635,0,0,0,0,1,0,0,1,0
31.535220,0,0,1,0,0,0,0,0,0
31.537293,0,1,0,0,0,0,0,0,0
31.550453,0,0,0,1,0,0,1,0,0
31.551071,0,0,0,0,0,1,0,0,1
31.569240,1,0,0,0,1,0,0,1,0
31.583213,0,0,1,0,0,0,0,0,0
31.594712,0,1,0,0,0,0,0,0,0
31.599111,0,0,0,0,0,1,0,0,1
31.599753,0,0,0,1,0,0,1,0,0
31.610663,1,0,0,0,0,0,0,0,0
31.618419,0,0,0,0,1,0,0,1,0
31.634264,0,0,1,0,0,0,0,0,0
31.644589,0,1,0,0,0,0,0,0,0
31.649455,0,0,0,1,0,0,1,0,0
31.651864,0,0,0,0,0,1,0,0,1
31.660775,1,0,0,0,0,0,0,0,0
31.682368,0,0,1,0,0,0,0,0,0
31.697142,0,0,0,0,1,1,0,1,1
31.700434,0,0,0,1,0,0,1,0,0
31.717558,0,1,0,0,0,0,0,0,0
31.719970,1,0,0,0,1,0,0,1,0
31.731165,0,0,1,0,0,0,0,0,0
31.745285,0,1,0,0,0,0,0,0,0
31.748646,0,0,0,1,0,0,1,0,0
31.753190,0,0,0,0,0,1,0,0,1
31.768020,1,0,0,0,0,0,0,0,0
31.786934,0,0,1,0,1,0,0,1,0
31.798542,0,0,0,0,0,1,0,0,1
31.800656,0,0,0,1,0,0,1,0,0
31.808899,0,1,0,0,0,0,0,0,0
31.812117,1,0,0,0,0,0,0,0,0
31.814651,0,0,0,0,1,0,0,1,0
31.830199,0,0,1,0,0,0,0,0,0
31.839684,0,1,0,0,0,0,0,0,0
31.848059,0,0,0,1,0,0,1,0,0
31.852503,0,0,0,0,0,1,0,0,1
31.862295,1,0,0,0,0,0,0,0,0
31.890274,0,0,1,0,0,0,0,0,0
31.899089,0,0,0,0,0,1,0,0,1
31.899195,0,0,0,0,1,0,0,1,0
31.899300,0,0,0,1,0,0,1,0,0
31.916691,1,0,0,0,0,0,0,0,0
31.924049,0,1,0,0,0,0,0,0,0
31.938878,0,0,1,0,1,0,0,1,0
31.948501,0,0,0,1,0,0,1,0,0
31.950649,0,0,0,0,0,1,0,0,1
31.965125,1,0,0,0,1,0,0,1,0
31.965188,0,1,0,0,0,0,0,0,0
31.987822,0,1,0,0,0,0,0,0,0
31.989731,0,0,1,0,0,0,0,0,0
31.998425,0,0,0,0,0,1,0,0,1
31.999730,0,0,0,1,0,0,1,0,0
32.013622,1,0,0,0,1,0,0,1,0
32.036670,0,1,0,0,0,0,0,0,0
32.038351,0,0,1,0,0,0,0,0,0
32.048874,0,0,0,1,0,0,1,0,0
32.049791,0,0,0,0,0,1,0,0,1
32.061936,1,0,0,0,1,0,0,1,0
32.082325,0,1,0,0,0,0,0,0,0
32.087468,0,0,1,0,0,0,0,0,0
32.098584,0,0,0,1,0,0,1,0,0
32.103988,0,0,0,0,0,1,0,0,1
32.112300,1,0,0,0,1,0,0,1,0
32.135134,0,1,0,0,0,0,0,0,0
32.139447,0,0,1,0,0,0,0,0,0
32.146910,0,0,0,0,0,1,0,0,1
32.150165,0,0,0,1,0,0,1,0,0
32.168267,1,0,0,0,0,0,0,0,0
32.169868,0,0,0,0,1,0,0,1,0
32.179091,0,0,1,0,0,0,0,0,0
32.191754,0,1,0,0,0,0,0,0,0
32.200002,0,0,0,1,0,0,1,0,0
32.203748,0,0,0,0,0,1,0,0,1
32.219224,1,0,0,0,1,0,0,1,0
32.241131,0,0,1,0,0,0,0,0,0
32.244279,0,1,0,0,0,0,0,0,0
32.247460,0,0,0,0,0,1,0,0,1
32.250418,0,0,0,1,0,0,1,0,0
32.264519,1,0,0,0,1,0,0,1,0
32.282033,0,0,1,0,0,0,0,0,0
32.292484,0,1,0,0,0,0,0,0,0
32.298111,0,0,0,0,0,1,0,0,1
32.300804,0,0,0,1,0,0,1,0,0
32.316361,1,0,0,0,0,0,0,0,0
32.331013,0,0,1,0,1,0,0,1,0
32.347099,0,0,0,0,0,1,0,0,1
32.350259,0,0,0,1,0,0,1,0,0
32.352872,0,1,0,0,0,0,0,0,0
32.367843,1,0,0,0,1,0,0,1,0
32.381978,0,0,1,0,0,0,0,0,0
32.390794,0,1,0,0,0,0,0,0,0
32.399937,0,0,0,1,0,0,1,0,0
32.400528,0,0,0,0,0,1,0,0,1
32.417005,1,0,0,0,0,0,0,0,0
32.433001,0,0,1,0,1,0,0,1,0
32.450011,0,0,0,1,0,0,1,0,0
32.452061,0,0,0,0,0,1,0,0,1
32.453341,0,1,0,0,0,0,0,0,0
32.460762,1,0,0,0,1,0,0,1,0
32.489275,0,1,0,0,0,0,0,0,0
32.489428,0,0,1,0,0,0,0,0,0
32.499026,0,0,0,0,0,1,0,0,1
32.501132,0,0,0,1,0,0,1,0,0
32.519092,1,0,0,0,1,0,0,1,0
32.532361,0,0,1,0,0,0,0,0,0
32.546705,0,1,0,0,0,0,0,0,0
32.547495,0,0,0,0,0,1,0,0,1
32.551686,0,0,0,1,0,0,1,0,0
32.565941,1,0,0,0,0,0,0,0,0
32.580314,0,0,1,0,0,0,0,0,0
32.600494,0,0,0,1,0,0,1,0,0
32.601484,0,0,0,0,1,0,0,1,0
32.602083,0,0,0,0,0,1,0,0,1
32.613233,1,0,0,0,0,0,0,0,0
32.630232,0,1,0,0,1,0,0,1,0
32.640700,0,0,1,0,0,0,0,0,0
32.649623,0,0,0,1,0,0,1,0,0
32.652409,0,0,0,0,0,1,0,0,1
32.653486,0,1,0,0,0,0,0,0,0
32.665509,1,0,0,0,1,0,0,1,0
32.687431,0,0,1,0,0,0,0,0,0
32.690416,0,1,0,0,0,0,0,0,0
32.701189,0,0,0,1,0,0,1,0,0
32.701587,0,0,0,0,0,1,0,0,1
32.711231,1,0,0,0,1,0,0,1,0
32.732671,0,1,0,0,0,0,0,0,0
32.737331,0,0,1,0,0,0,0,0,0
32.749790,0,0,0,0,0,1,0,0,1
32.750478,0,0,0,1,0,0,1,0,0
32.767007,1,0,0,0,0,0,0,0,0
32.782159,0,0,1,0,1,0,0,1,0
32.799803,0,0,0,1,0,0,1,0,0
32.799844,0,0,0,0,0,1,0,0,1
32.810160,0,1,0,0,0,0,0,0,0
32.814445,1,0,0,0,0,0,0,0,0
32.834412,0,0,1,0,1,0,0,1,0
32.848188,0,0,0,0,0,1,0,0,1
32.850255,0,0,0,1,0,0,1,0,0
32.860264,1,0,0,0,0,0,0,0,0
32.861715,0,0,0,0,1,0,0,1,0
32.863233,0,1,0,0,0,0,0,0,0
32.881662,0,0,1,0,0,0,0,0,0
32.884262,0,1,0,0,0,0,0,0,0
32.899080,0,0,0,1,0,0,1,0,0
32.903750,0,0,0,0,0,1,0,0,1
32.914220,1,0,0,0,1,0,0,1,0
32.934973,0,1,0,0,0,0,0,0,0
32.940027,0,0,1,0,0,0,0,0,0
32.948267,0,0,0,0,0,1,0,0,1
32.950519,0,0,0,1,0,0,1,0,0
32.966119,1,0,0,0,0,0,0,0,0
32.981429,0,0,1,0,1,0,0,1,0
32.997514,0,0,0,0,0,1,0,0,1
32.999881,0,0,0,1,0,0,1,0,0
33.011352,0,1,0,0,0,0,0,0,0
33.016925,1,0,0,0,1,0,0,1,0
33.035040,0,0,1,0,0,0,0,0,0
33.039470,0,1,0,0,0,0,0,0,0
33.051215,0,0,0,1,0,0,1,0,0
33.051793,0,0,0,0,0,1,0,0,1
33.066032,1,0,0,0,1,0,0,1,0
33.086752,0,0,1,0,0,0,0,0,0
33.089152,0,1,0,0,0,0,0,0,0
33.099467,0,0,0,0,0,1,0,0,1
33.100309,0,0,0,1,0,0,1,0,0
33.119475,1,0,0,0,0,0,0,0,0
33.130402,0,0,0,0,1,0,0,1,0
33.136556,0,0,1,0,0,0,0,0,0
33.149939,0,0,0,1,0,0,1,0,0
33.150256,0,0,0,0,0,1,0,0,1
33.156360,0,1,0,0,0,0,0,0,0
33.162247,1,0,0,0,1,0,0,1,0
33.185086,0,0,1,0,0,0,0,0,0
33.191614,0,1,0,0,0,0,0,0,0
33.200747,0,0,0,1,0,0,1,0,0
33.202830,0,0,0,0,0,1,0,0,1
33.212600,1,0,0,0,0,0,0,0,0
33.236813,0,0,1,0,1,0,0,1,0
33.249360,0,0,0,0,0,1,0,0,1
33.250093,0,0,0,1,0,0,1,0,0
33.264756,0,1,0,0,0,0,0,0,0
33.265357,1,0,0,0,1,0,0,1,0
33.282961,0,0,1,0,0,0,0,0,0
33.286857,0,1,0,0,0,0,0,0,0
33.300354,0,0,0,1,0,0,1,0,0
33.301878,0,0,0,0,0,1,0,0,1
33.311607,1,0,0,0,1,0,0,1,0
33.338517,0,1,0,0,0,0,0,0,0
33.339566,0,0,1,0,0,0,0,0,0
33.348448,0,0,0,0,0,1,0,0,1
33.351682,0,0,0,1,0,0,1,0,0
33.365740,1,0,0,0,1,0,0,1,0
33.381200,0,0,1,0,0,0,0,0,0
33.394651,0,1,0,0,0,0,0,0,0
33.399156,0,0,0,0,0,1,0,0,1
33.401726,0,0,0,1,0,0,1,0,0
33.414983,1,0,0,0,1,0,0,1,0
33.437089,0,1,0,0,0,0,0,0,0
33.438647,0,0,1,0,0,0,0,0,0
33.449587,0,0,0,1,0,0,1,0,0
33.452021,0,0,0,0,0,1,0,0,1
33.463280,1,0,0,0,0,0,0,0,0
33.484627,0,0,1,0,0,0,0,0,0
33.489056,0,0,0,0,1,0,0,1,0
33.496974,0,0,0,0,0,1,0,0,1
33.499502,0,0,0,1,0,0,1,0,0
33.513296,0,1,0,0,0,0,0,0,0
33.514441,1,0,0,0,0,0,0,0,0
33.533948,0,0,1,0,0,0,0,0,0
33.547992,0,0,0,0,1,1,0,1,1
33.549502,0,0,0,1,0,0,1,0,0
33.564361,1,0,0,0,0,0,0,0,0
33.571691,0,1,0,0,0,0,0,0,0
33.582019,0,0,1,0,0,0,0,0,0
33.599014,0,0,0,1,1,0,1,1,0
33.601435,0,0,0,0,0,1,0,0,1
33.611828,1,0,0,0,0,0,0,0,0
33.615086,0,0,0,0,1,0,0,1,0
33.620169,0,1,0,0,0,0,0,0,0
33.638308,0,0,1,0,0,0,0,0,0
33.639629,0,1,0,0,0,0,0,0,0
33.649394,0,0,0,1,0,0,1,0,0
33.649571,0,0,0,0,0,1,0,0,1
33.665366,1,0,0,0,0,0,0,0,0
33.686273,0,0,0,0,1,0,0,1,0
33.687834,0,0,1,0,0,0,0,0,0
33.699117,0,0,0,1,0,0,1,0,0
33.702437,0,0,0,0,0,1,0,0,1
33.706882,0,1,0,0,0,0,0,0,0
33.714658,1,0,0,0,1,0,0,1,0
33.739661,0,1,0,0,0,0,0,0,0
33.741642,0,0,1,0,0,0,0,0,0
33.749364,0,0,0,0,0,1,0,0,1
33.749436,0,0,0,1,0,0,1,0,0
33.766780,1,0,0,0,0,0,0,0,0
33.787494,0,0,1,0,1,0,0,1,0
33.799314,0,0,0,0,0,1,0,0,1
33.800736,0,0,0,1,0,0,1,0,0
33.810483,0,1,0,0,0,0,0,0,0
33.812859,1,0,0,0,1,0,0,1,0
33.837985,0,0,1,0,0,0,0,0,0
33.838887,0,1,0,0,0,0,0,0,0
33.850466,0,0,0,1,0,0,1,0,0
33.853590,0,0,0,0,0,1,0,0,1
33.861679,1,0,0,0,1,0,0,1,0
33.887333,0,1,0,0,0,0,0,0,0
33.892292,0,0,1,0,0,0,0,0,0
33.899173,0,0,0,0,0,1,0,0,1
33.900932,0,0,0,1,0,0,1,0,0
33.913183,1,0,0,0,1,0,0,1,0
33.936987,0,0,1,0,0,0,0,0,0
33.942000,0,1,0,0,0,0,0,0,0
33.950197,0,0,0,1,0,0,1,0,0
33.950865,0,0,0,0,0,1,0,0,1
33.965109,1,0,0,0,0,0,0,0,0
33.966249,0,0,0,0,1,0,0,1,0
33.985179,0,0,1,0,0,0,0,0,0
33.986739,0,1,0,0,0,0,0,0,0
33.999523,0,0,0,1,0,0,1,0,0
34.003340,0,0,0,0,0,1,0,0,1
34.010879,1,0,0,0,0,0,0,0,0
34.014827,0,0,0,0,1,0,0,1,0
34.035500,0,1,0,0,0,0,0,0,0
34.038336,0,0,1,0,0,0,0,0,0
34.047012,0,0,0,0,0,1,0,0,1
34.049218,0,0,0,1,0,0,1,0,0
34.061929,1,0,0,0,0,0,0,0,0
34.077601,0,0,1,0,1,0,0,1,0
34.097959,0,0,0,0,0,1,0,0,1
34.098548,0,0,0,1,0,0,1,0,0
34.101878,0,1,0,0,0,0,0,0,0
34.111519,1,0,0,0,0,0,0,0,0
34.120163,0,0,0,0,1,0,0,1,0
34.131810,0,0,1,0,0,0,0,0,0
34.149398,0,0,0,1,0,0,1,0,0
34.149962,0,1,0,0,0,0,0,0,0
34.152945,0,0,0,0,0,1,0,0,1
34.167011,1,0,0,0,0,0,0,0,0
34.175423,0,0,0,0,1,0,0,1,0
34.187789,0,0,1,0,0,0,0,0,0
34.196040,0,1,0,0,0,0,0,0,0
34.198906,0,0,0,0,0,1,0,0,1
34.201811,0,0,0,1,0,0,1,0,0
34.214472,1,0,0,0,1,0,0,1,0
34.238397,0,0,1,0,0,0,0,0,0
34.242661,0,1,0,0,0,0,0,0,0
34.246902,0,0,0,0,0,1,0,0,1
34.249047,0,0,0,1,0,0,1,0,0
34.267220,1,0,0,0,0,0,0,0,0
34.279068,0,0,1,0,1,0,0,1,0
34.299471,0,0,0,0,0,1,0,0,1
34.299514,0,0,0,1,0,0,1,0,0
34.308875,0,1,0,0,0,0,0,0,0
34.312107,1,0,0,0,1,0,0,1,0
34.329681,0,0,1,0,0,0,0,0,0
34.337839,0,1,0,0,0,0,0,0,0
34.350636,0,0,0,0,0,1,0,0,1
34.351688,0,0,0,1,0,0,1,0,0
34.365375,1,0,0,0,1,0,0,1,0
34.387144,0,0,1,0,0,0,0,0,0
34.388576,0,1,0,0,0,0,0,0,0
34.399496,0,0,0,1,0,0,1,0,0
34.401051,0,0,0,0,0,1,0,0,1
34.413121,1,0,0,0,0,0,0,0,0
34.435820,0,0,1,0,1,0,0,1,0
34.448079,0,0,0,0,0,1,0,0,1
34.449389,0,0,0,1,0,0,1,0,0
34.459793,1,0,0,0,1,0,0,1,0
34.465587,0,1,0,0,0,0,0,0,0
34.481589,0,1,0,0,0,0,0,0,0
34.483418,0,0,1,0,0,0,0,0,0
34.501177,0,0,0,1,0,0,1,0,0
34.502626,0,0,0,0,0,1,0,0,1
34.515110,1,0,0,0,0,0,0,0,0
34.541250,0,0,1,0,0,0,0,0,0
34.546155,0,0,0,0,1,0,0,1,0
34.551470,0,0,0,1,0,0,1,0,0
34.552079,0,0,0,0,0,1,0,0,1
34.569478,1,0,0,0,0,0,0,0,0
34.569921,0,0,0,0,1,0,0,1,0
34.570363,0,1,0,0,0,0,0,0,0
34.590089,0,0,1,0,0,0,0,0,0
34.590366,0,1,0,0,0,0,0,0,0
34.599308,0,0,0,1,0,0,1,0,0
34.599911,0,0,0,0,0,1,0,0,1
34.615373,1,0,0,0,1,0,0,1,0
34.635334,0,0,1,0,0,0,0,0,0
34.642161,0,1,0,0,0,0,0,0,0
34.650725,0,0,0,1,0,0,1,0,0
34.651588,0,0,0,0,0,1,0,0,1
34.667582,1,0,0,0,1,0,0,1,0
34.688791,0,1,0,0,0,0,0,0,0
34.691165,0,0,1,0,0,0,0,0,0
34.700615,0,0,0,1,0,0,1,0,0
34.701904,0,0,0,0,0,1,0,0,1
34.711257,1,0,0,0,1,0,0,1,0
34.731722,0,1,0,0,0,0,0,0,0
34.740131,0,0,1,0,0,0,0,0,0
34.749331,0,0,0,1,0,0,1,0,0
34.749522,0,0,0,0,0,1,0,0,1
34.769281,1,0,0,0,0,0,0,0,0
34.783705,0,0,1,0,1,0,0,1,0
34.800230,0,0,0,1,0,0,1,0,0
34.802060,0,0,0,0,0,1,0,0,1
34.809845,0,1,0,0,0,0,0,0,0
34.816913,1,0,0,0,1,0,0,1,0
34.836874,0,0,1,0,0,0,0,0,0
34.845297,0,1,0,0,0,0,0,0,0
34.850198,0,0,0,1,0,0,1,0,0
34.853811,0,0,0,0,0,1,0,0,1
34.860784,1,0,0,0,0,0,0,0,0
34.893338,0,0,1,0,0,0,0,0,0
34.897133,0,0,0,0,1,0,0,1,0
34.900864,0,0,0,1,0,0,1,0,0
34.901427,0,0,0,0,0,1,0,0,1
34.918702,0,1,0,0,0,0,0,0,0
34.919003,1,0,0,0,0,0,0,0,0
34.936786,0,0,0,0,1,0,0,1,0
34.940566,0,0,1,0,0,0,0,0,0
34.948434,0,0,0,1,0,0,1,0,0
34.949586,0,0,0,0,0,1,0,0,1
34.960192,0,1,0,0,0,0,0,0,0
34.963727,1,0,0,0,1,0,0,1,0
34.985630,0,0,1,0,0,0,0,0,0
34.988131,0,1,0,0,0,0,0,0,0
34.998419,0,0,0,1,0,0,1,0,0
34.998826,0,0,0,0,0,1,0,0,1
35.014315,1,0,0,0,1,0,0,1,0
35.036933,0,0,1,0,0,0,0,0,0
35.040274,0,1,0,0,0,0,0,0,0
35.049169,0,0,0,0,0,1,0,0,1
35.049490,0,0,0,1,0,0,1,0,0
35.059732,1,0,0,0,0,0,0,0,0
35.084347,0,0,1,0,1,0,0,1,0
35.101848,0,0,0,1,0,0,1,0,0
35.103457,0,0,0,0,0,1,0,0,1
35.104777,0,1,0,0,0,0,0,0,0
35.117342,1,0,0,0,1,0,0,1,0
35.136528,0,0,1,0,0,0,0,0,0
35.139179,0,1,0,0,0,0,0,0,0
35.150491,0,0,0,1,0,0,1,0,0
35.150541,0,0,0,0,0,1,0,0,1
35.169996,1,0,0,0,1,0,0,1,0
35.184723,0,0,1,0,0,0,0,0,0
35.192723,0,1,0,0,0,0,0,0,0
35.198110,0,0,0,0,0,1,0,0,1
35.201291,0,0,0,1,0,0,1,0,0
35.212748,1,0,0,0,1,0,0,1,0
35.232525,0,0,1,0,0,0,0,0,0
35.235457,0,1,0,0,0,0,0,0,0
35.246980,0,0,0,0,0,1,0,0,1
35.249746,0,0,0,1,0,0,1,0,0
35.265312,1,0,0,0,1,0,0,1,0
35.286627,0,0,1,0,0,0,0,0,0
35.289945,0,1,0,0,0,0,0,0,0
35.298127,0,0,0,1,0,0,1,0,0
35.301721,0,0,0,0,0,1,0,0,1
35.313122,1,0,0,0,1,0,0,1,0
35.336473,0,0,1,0,0,0,0,0,0
35.341350,0,1,0,0,0,0,0,0,0
35.347053,0,0,0,0,0,1,0,0,1
35.350743,0,0,0,1,0,0,1,0,0
35.363690,1,0,0,0,0,0,0,0,0
35.367261,0,0,0,0,1,0,0,1,0
35.379293,0,0,1,0,0,0,0,0,0
35.389739,0,1,0,0,0,0,0,0,0
35.398028,0,0,0,1,0,0,1,0,0
35.399609,0,0,0,0,0,1,0,0,1
35.411982,1,0,0,0,0,0,0,0,0
35.437950,0,0,1,0,0,0,0,0,0
35.449726,0,0,0,0,1,1,0,1,1
35.451196,0,0,0,1,0,0,1,0,0
35.463376,1,0,0,0,1,0,0,1,0
35.475930,0,1,0,0,0,0,0,0,0
35.484524,0,0,1,0,0,0,0,0,0
35.488553,0,1,0,0,0,0,0,0,0
35.498896,0,0,0,1,0,0,1,0,0
35.500566,0,0,0,0,0,1,0,0,1
35.510713,1,0,0,0,0,0,0,0,0
35.534272,0,0,1,0,1,0,0,1,0
35.548823,0,0,0,0,0,1,0,0,1
35.550305,0,0,0,1,0,0,1,0,0
35.554819,0,1,0,0,0,0,0,0,0
35.566849,1,0,0,0,1,0,0,1,0
35.584945,0,0,1,0,0,0,0,0,0
35.588524,0,1,0,0,0,0,0,0,0
35.600511,0,0,0,1,0,0,1,0,0
35.601181,0,0,0,0,0,1,0,0,1
35.614810,1,0,0,0,0,0,0,0,0
35.635231,0,0,1,0,1,0,0,1,0
35.650388,0,0,0,0,0,1,0,0,1
35.651072,0,0,0,1,0,0,1,0,0
35.662328,1,0,0,0,0,0,0,0,0
35.662872,0,1,0,0,1,0,0,1,0
35.689396,0,0,1,0,0,0,0,0,0
35.690859,0,1,0,0,0,0,0,0,0
35.697989,0,0,0,0,0,1,0,0,1
35.698556,0,0,0,1,0,0,1,0,0
35.712208,1,0,0,0,1,0,0,1,0
35.733810,0,0,1,0,0,0,0,0,0
35.734028,0,1,0,0,0,0,0,0,0
35.749575,0,0,0,0,0,1,0,0,1
35.749836,0,0,0,1,0,0,1,0,0
35.761221,1,0,0,0,0,0,0,0,0
35.787083,0,0,1,0,0,0,0,0,0
35.799039,0,0,0,0,0,1,0,0,1
35.800079,0,0,0,0,1,0,0,1,0
35.801210,0,0,0,1,0,0,1,0,0
35.812963,1,0,0,0,0,0,0,0,0
35.824918,0,0,0,0,1,0,0,1,0
35.826783,0,1,0,0,0,0,0,0,0
35.833708,0,0,1,0,0,0,0,0,0
35.849545,0,0,0,1,0,0,1,0,0
35.850506,0,1,0,0,0,0,0,0,0
35.850588,0,0,0,0,0,1,0,0,1
35.861750,1,0,0,0,0,0,0,0,0
35.885864,0,0,1,0,0,0,0,0,0
35.888496,0,0,0,0,1,0,0,1,0
35.899304,0,0,0,0,0,1,0,0,1
35.900051,0,0,0,1,0,0,1,0,0
35.911894,1,0,0,0,0,0,0,0,0
35.912559,0,0,0,0,1,0,0,1,0
35.913189,0,1,0,0,0,0,0,0,0
35.932199,0,0,1,0,0,0,0,0,0
35.939749,0,1,0,0,0,0,0,0,0
35.950477,0,0,0,1,0,0,1,0,0
35.952267,0,0,0,0,0,1,0,0,1
35.967098,1,0,0,0,0,0,0,0,0
35.981890,0,0,0,0,1,0,0,1,0
35.988201,0,0,1,0,0,0,0,0,0
36.000713,0,0,0,1,0,0,1,0,0
36.000731,0,0,0,0,0,1,0,0,1
36.010820,0,1,0,0,0,0,0,0,0
36.015449,1,0,0,0,0,0,0,0,0
36.025498,0,0,0,0,1,0,0,1,0
36.039409,0,0,1,0,0,0,0,0,0
36.047266,0,0,0,0,0,1,0,0,1
36.048496,0,1,0,0,0,0,0,0,0
36.049439,0,0,0,1,0,0,1,0,0
36.067578,1,0,0,0,0,0,0,0,0
36.081519,0,0,1,0,0,0,0,0,0
36.099398,0,0,0,0,1,1,0,1,1
36.099852,0,0,0,1,0,0,1,0,0
36.115589,1,0,0,0,0,0,0,0,0
36.124215,0,1,0,0,1,0,0,1,0
36.132541,0,0,1,0,0,0,0,0,0
36.149047,0,0,0,1,0,0,1,0,0
36.150542,0,0,0,0,0,1,0,0,1
36.153431,0,1,0,0,0,0,0,0,0
36.164766,1,0,0,0,0,0,0,0,0
36.184991,0,0,1,0,0,0,0,0,0
36.199456,0,0,0,1,1,0,1,1,0
36.199481,0,0,0,0,0,1,0,0,1
36.213027,1,0,0,0,0,0,0,0,0
36.219510,0,1,0,0,0,0,0,0,0
36.229402,0,0,0,0,1,0,0,1,0
36.239414,0,0,1,0,0,0,0,0,0
36.249571,0,0,0,0,0,1,0,0,1
36.250757,0,0,0,1,0,0,1,0,0
36.254565,0,1,0,0,0,0,0,0,0
36.264295,1,0,0,0,1,0,0,1,0
36.288135,0,1,0,0,0,0,0,0,0
36.288291,0,0,1,0,0,0,0,0,0
36.299760,0,0,0,0,0,1,0,0,1
36.301272,0,0,0,1,0,0,1,0,0
36.321027,1,0,0,0,0,0,0,0,0
36.337278,0,0,1,0,1,0,0,1,0
36.347060,0,0,0,0,0,1,0,0,1
36.351775,0,0,0,1,0,0,1,0,0
36.359204,0,1,0,0,0,0,0,0,0
36.364112,1,0,0,0,1,0,0,1,0
36.381024,0,0,1,0,0,0,0,0,0
36.386992,0,1,0,0,0,0,0,0,0
36.400228,0,0,0,1,0,0,1,0,0
36.402636,0,0,0,0,0,1,0,0,1
36.415503,1,0,0,0,1,0,0,1,0
36.437081,0,1,0,0,0,0,0,0,0
36.439131,0,0,1,0,0,0,0,0,0
36.447182,0,0,0,0,0,1,0,0,1
36.449395,0,0,0,1,0,0,1,0,0
36.460831,1,0,0,0,1,0,0,1,0
36.479924,0,0,1,0,0,0,0,0,0
36.486484,0,1,0,0,0,0,0,0,0
36.501146,0,0,0,1,0,0,1,0,0
36.501884,0,0,0,0,0,1,0,0,1
36.516434,1,0,0,0,0,0,0,0,0
36.524346,0,0,0,0,1,0,0,1,0
36.534689,0,0,1,0,0,0,0,0,0
36.549823,0,0,0,1,0,0,1,0,0
36.552266,0,0,0,0,0,1,0,0,1
36.554124,0,1,0,0,0,0,0,0,0
36.563929,1,0,0,0,0,0,0,0,0
36.585792,0,0,1,0,0,0,0,0,0
36.598094,0,0,0,0,0,1,0,0,1
36.599971,0,0,0,1,1,0,1,1,0
36.619143,1,0,0,0,1,0,0,1,0
36.620056,0,1,0,0,0,0,0,0,0
36.637169,0,0,1,0,0,0,0,0,0
36.639378,0,1,0,0,0,0,0,0,0
36.650630,0,0,0,1,0,0,1,0,0
36.653758,0,0,0,0,0,1,0,0,1
36.661786,1,0,0,0,0,0,0,0,0
36.692535,0,0,1,0,0,0,0,0,0
36.698718,0,0,0,0,1,1,0,1,1
36.699514,0,0,0,1,0,0,1,0,0
36.718196,1,0,0,0,0,0,0,0,0
36.723268,0,1,0,0,0,0,0,0,0
36.736665,0,0,1,0,1,0,0,1,0
36.746706,0,0,0,0,0,1,0,0,1
36.750565,0,0,0,1,0,0,1,0,0
36.758756,0,1,0,0,0,0,0,0,0
36.764130,1,0,0,0,1,0,0,1,0
36.785967,0,0,1,0,0,0,0,0,0
36.786778,0,1,0,0,0,0,0,0,0
36.800202,0,0,0,1,0,0,1,0,0
36.800227,0,0,0,0,0,1,0,0,1
36.812741,1,0,0,0,0,0,0,0,0
36.836709,0,0,1,0,0,0,0,0,0
36.847287,0,0,0,0,1,0,0,1,0
36.848520,0,0,0,0,0,1,0,0,1
36.849494,0,0,0,1,0,0,1,0,0
36.867930,1,0,0,0,1,0,0,1,0
36.871010,0,1,0,0,0,0,0,0,0
36.883156,0,0,1,0,0,0,0,0,0
36.888849,0,1,0,0,0,0,0,0,0
36.900459,0,0,0,1,0,0,1,0,0
36.903653,0,0,0,0,0,1,0,0,1
36.913231,1,0,0,0,1,0,0,1,0
36.940887,0,1,0,0,0,0,0,0,0
36.942006,0,0,1,0,0,0,0,0,0
36.946264,0,0,0,0,0,1,0,0,1
36.949832,0,0,0,1,0,0,1,0,0
36.963647,1,0,0,0,0,0,0,0,0
36.972729,0,0,0,0,1,0,0,1,0
36.981334,0,0,1,0,0,0,0,0,0
36.997144,0,1,0,0,0,0,0,0,0
37.000174,0,0,0,0,0,1,0,0,1
37.000429,0,0,0,1,0,0,1,0,0
37.019373,1,0,0,0,1,0,0,1,0
37.032931,0,0,1,0,0,0,0,0,0
37.041864,0,1,0,0,0,0,0,0,0
37.050100,0,0,0,1,0,0,1,0,0
37.053684,0,0,0,0,0,1,0,0,1
37.063255,1,0,0,0,1,0,0,1,0
37.085200,0,1,0,0,0,0,0,0,0
37.090762,0,0,1,0,0,0,0,0,0
37.098719,0,0,0,0,0,1,0,0,1
37.100264,0,0,0,1,0,0,1,0,0
37.117581,1,0,0,0,1,0,0,1,0
37.136009,0,0,1,0,0,0,0,0,0
37.144316,0,1,0,0,0,0,0,0,0
37.149714,0,0,0,0,0,1,0,0,1
37.150638,0,0,0,1,0,0,1,0,0
37.167620,1,0,0,0,0,0,0,0,0
37.181782,0,0,1,0,1,0,0,1,0
37.200537,0,0,0,1,0,0,1,0,0
37.201735,0,0,0,0,0,1,0,0,1
37.206236,0,1,0,0,0,0,0,0,0
37.214519,1,0,0,0,0,0,0,0,0
37.224050,0,0,0,0,1,0,0,1,0
37.234086,0,0,1,0,0,0,0,0,0
37.248351,0,1,0,0,0,0,0,0,0
37.250502,0,0,0,1,0,0,1,0,0
37.252294,0,0,0,0,0,1,0,0,1
37.265534,1,0,0,0,1,0,0,1,0
37.289631,0,0,1,0,0,0,0,0,0
37.292015,0,1,0,0,0,0,0,0,0
37.300891,0,0,0,0,0,1,0,0,1
37.301198,0,0,0,1,0,0,1,0,0
37.320589,1,0,0,0,0,0,0,0,0
37.331394,0,0,1,0,0,0,0,0,0
37.349346,0,0,0,1,1,0,1,1,0
37.350290,0,0,0,0,0,1,0,0,1
37.363113,1,0,0,0,1,0,0,1,0
37.370559,0,1,0,0,0,0,0,0,0
37.384186,0,1,0,0,0,0,0,0,0
37.384492,0,0,1,0,0,0,0,0,0
37.399239,0,0,0,1,0,0,1,0,0
37.400370,0,0,0,0,0,1,0,0,1
37.409478,1,0,0,0,0,0,0,0,0
37.434993,0,0,1,0,0,0,0,0,0
37.447218,0,0,0,0,1,0,0,1,0
37.448395,0,0,0,0,0,1,0,0,1
37.450932,0,0,0,1,0,0,1,0,0
37.468382,1,0,0,0,1,0,0,1,0
37.474700,0,1,0,0,0,0,0,0,0
37.484026,0,0,1,0,0,0,0,0,0
37.488493,0,1,0,0,0,0,0,0,0
37.499418,0,0,0,1,0,0,1,0,0
37.503147,0,0,0,0,0,1,0,0,1
37.516228,1,0,0,0,0,0,0,0,0
37.539842,0,0,1,0,1,0,0,1,0
37.548548,0,0,0,1,0,0,1,0,0
37.549895,0,0,0,0,0,1,0,0,1
37.563929,0,1,0,0,0,0,0,0,0
37.564129,1,0,0,0,0,0,0,0,0
37.585302,0,0,1,0,1,0,0,1,0
37.601121,0,0,0,1,0,0,1,0,0
37.602398,0,0,0,0,0,1,0,0,1
37.606979,0,1,0,0,0,0,0,0,0
37.611846,1,0,0,0,1,0,0,1,0
37.634986,0,0,1,0,0,0,0,0,0
37.637243,0,1,0,0,0,0,0,0,0
37.647157,0,0,0,0,0,1,0,0,1
37.649690,0,0,0,1,0,0,1,0,0
37.659827,1,0,0,0,0,0,0,0,0
37.683998,0,0,1,0,0,0,0,0,0
37.698783,0,0,0,0,1,1,0,1,1
37.699219,0,0,0,1,0,0,1,0,0
37.711599,1,0,0,0,0,0,0,0,0
37.728407,0,1,0,0,1,0,0,1,0
37.736817,0,0,1,0,0,0,0,0,0
37.750389,0,0,0,1,0,0,1,0,0
37.751344,0,0,0,0,0,1,0,0,1
37.754948,0,1,0,0,0,0,0,0,0
37.762940,1,0,0,0,1,0,0,1,0
37.791022,0,0,1,0,0,0,0,0,0
37.791469,0,1,0,0,0,0,0,0,0
37.798286,0,0,0,1,0,0,1,0,0
37.798814,0,0,0,0,0,1,0,0,1
37.817647,1,0,0,0,1,0,0,1,0
37.835482,0,0,1,0,0,0,0,0,0
37.844446,0,1,0,0,0,0,0,0,0
37.848234,0,0,0,0,0,1,0,0,1
37.850221,0,0,0,1,0,0,1,0,0
37.866006,1,0,0,0,0,0,0,0,0
37.880063,0,0,0,0,1,0,0,1,0
37.885917,0,0,1,0,0,0,0,0,0
37.899245,0,0,0,1,0,0,1,0,0
37.900043,0,0,0,0,0,1,0,0,1
37.903067,0,1,0,0,0,0,0,0,0
37.911837,1,0,0,0,0,0,0,0,0
37.938598,0,0,1,0,1,0,0,1,0
37.946905,0,0,0,0,0,1,0,0,1
37.950864,0,0,0,1,0,0,1,0,0
37.968350,0,1,0,0,0,0,0,0,0
37.970070,1,0,0,0,0,0,0,0,0
37.983736,0,0,1,0,1,0,0,1,0
38.001172,0,0,0,0,0,1,0,0,1
38.001664,0,0,0,1,0,0,1,0,0
38.011550,0,1,0,0,0,0,0,0,0
38.013872,1,0,0,0,0,0,0,0,0
38.030824,0,0,0,0,1,0,0,1,0
38.033822,0,0,1,0,0,0,0,0,0
38.049557,0,0,0,1,0,0,1,0,0
38.053213,0,0,0,0,0,1,0,0,1
38.055018,0,1,0,0,0,0,0,0,0
38.064741,1,0,0,0,1,0,0,1,0
38.091602,0,0,1,0,0,0,0,0,0
38.092669,0,1,0,0,0,0,0,0,0
38.100525,0,0,0,1,0,0,1,0,0
38.103744,0,0,0,0,0,1,0,0,1
38.113342,1,0,0,0,1,0,0,1,0
38.138041,0,0,1,0,0,0,0,0,0
38.140951,0,1,0,0,0,0,0,0,0
38.149468,0,0,0,0,0,1,0,0,1
38.150971,0,0,0,1,0,0,1,0,0
38.166090,1,0,0,0,1,0,0,1,0
38.184593,0,0,1,0,0,0,0,0,0
38.187658,0,1,0,0,0,0,0,0,0
38.198744,0,0,0,1,0,0,1,0,0
38.201132,0,0,0,0,0,1,0,0,1
38.213130,1,0,0,0,1,0,0,1,0
38.233285,0,0,1,0,0,0,0,0,0
38.234472,0,1,0,0,0,0,0,0,0
38.249691,0,0,0,1,0,0,1,0,0
38.251610,0,0,0,0,0,1,0,0,1
38.265436,1,0,0,0,0,0,0,0,0
38.284920,0,0,1,0,1,0,0,1,0
38.299182,0,0,0,1,0,0,1,0,0
38.300558,0,0,0,0,0,1,0,0,1
38.305432,0,1,0,0,0,0,0,0,0
38.317878,1,0,0,0,0,0,0,0,0
38.331039,0,0,1,0,1,0,0,1,0
38.351449,0,0,0,1,0,0,1,0,0
38.353659,0,0,0,0,0,1,0,0,1
38.358901,0,1,0,0,0,0,0,0,0
38.370107,1,0,0,0,0,0,0,0,0
38.388413,0,0,0,0,1,0,0,1,0
38.391179,0,0,1,0,0,0,0,0,0
38.399814,0,0,0,1,0,0,1,0,0
38.400312,0,0,0,0,0,1,0,0,1
38.410221,1,0,0,0,0,0,0,0,0
38.416059,0,1,0,0,1,0,0,1,0
38.434946,0,0,1,0,0,0,0,0,0
38.445287,0,1,0,0,0,0,0,0,0
38.448917,0,0,0,0,0,1,0,0,1
38.451571,0,0,0,1,0,0,1,0,0
38.463164,1,0,0,0,1,0,0,1,0
38.484763,0,0,1,0,0,0,0,0,0
38.490309,0,1,0,0,0,0,0,0,0
38.496576,0,0,0,0,0,1,0,0,1
38.499767,0,0,0,1,0,0,1,0,0
38.515089,1,0,0,0,0,0,0,0,0
38.535610,0,0,1,0,0,0,0,0,0
38.548821,0,0,0,1,1,0,1,1,0
38.552146,0,0,0,0,0,1,0,0,1
38.558935,1,0,0,0,0,0,0,0,0
38.574582,0,1,0,0,1,0,0,1,0
38.589169,0,0,1,0,0,0,0,0,0
38.596210,0,0,0,0,0,1,0,0,1
38.599530,0,0,0,1,0,0,1,0,0
38.599968,0,1,0,0,0,0,0,0,0
38.609860,1,0,0,0,1,0,0,1,0
38.633263,0,0,1,0,0,0,0,0,0
38.638538,0,1,0,0,0,0,0,0,0
38.648605,0,0,0,1,0,0,1,0,0
38.649832,0,0,0,0,0,1,0,0,1
38.661671,1,0,0,0,1,0,0,1,0
38.681878,0,1,0,0,0,0,0,0,0
38.686274,0,0,1,0,0,0,0,0,0
38.699750,0,0,0,1,0,0,1,0,0
38.702789,0,0,0,0,0,1,0,0,1
38.717014,1,0,0,0,1,0,0,1,0
38.742186,0,1,0,0,0,0,0,0,0
38.742463,0,0,1,0,0,0,0,0,0
38.749219,0,0,0,1,0,0,1,0,0
38.750511,0,0,0,0,0,1,0,0,1
38.762323,1,0,0,0,0,0,0,0,0
38.788184,0,0,1,0,0,0,0,0,0
38.800693,0,0,0,1,0,0,1,0,0
38.802373,0,0,0,0,1,1,0,1,1
38.812473,1,0,0,0,1,0,0,1,0
38.831642,0,1,0,0,0,0,0,0,0
38.836783,0,0,1,0,0,0,0,0,0
38.839762,0,1,0,0,0,0,0,0,0
38.849977,0,0,0,1,0,0,1,0,0
38.851775,0,0,0,0,0,1,0,0,1
38.865963,1,0,0,0,0,0,0,0,0
38.888775,0,0,1,0,0,0,0,0,0
38.899351,0,0,0,1,0,0,1,0,0
38.899507,0,0,0,0,1,0,0,1,0
38.899663,0,0,0,0,0,1,0,0,1
38.916744,1,0,0,0,1,0,0,1,0
38.929300,0,1,0,0,0,0,0,0,0
38.931988,0,0,1,0,0,0,0,0,0
38.941878,0,1,0,0,0,0,0,0,0
38.949647,0,0,0,1,0,0,1,0,0
38.950689,0,0,0,0,0,1,0,0,1
38.960022,1,0,0,0,1,0,0,1,0
38.987234,0,1,0,0,0,0,0,0,0
38.988415,0,0,1,0,0,0,0,0,0
38.998624,0,0,0,1,0,0,1,0,0
39.000640,0,0,0,0,0,1,0,0,1
39.012318,1,0,0,0,0,0,0,0,0
39.030711,0,0,1,0,0,0,0,0,0
39.050630,0,0,0,1,1,0,1,1,0
39.051471,0,0,0,0,0,1,0,0,1
39.064236,1,0,0,0,0,0,0,0,0
39.066222,0,0,0,0,1,0,0,1,0
39.076555,0,1,0,0,0,0,0,0,0
39.083110,0,0,1,0,0,0,0,0,0
39.087910,0,1,0,0,0,0,0,0,0
39.098055,0,0,0,1,0,0,1,0,0
39.102760,0,0,0,0,0,1,0,0,1
39.116506,1,0,0,0,0,0,0,0,0
39.139344,0,0,1,0,1,0,0,1,0
39.148621,0,0,0,1,0,0,1,0,0
39.151262,0,0,0,0,0,1,0,0,1
39.164759,0,1,0,0,0,0,0,0,0
39.165767,1,0,0,0,1,0,0,1,0
39.185794,0,0,1,0,0,0,0,0,0
39.189749,0,1,0,0,0,0,0,0,0
39.201960,0,0,0,1,0,0,1,0,0
39.202136,0,0,0,0,0,1,0,0,1
39.217273,1,0,0,0,1,0,0,1,0
39.236864,0,0,1,0,0,0,0,0,0
39.240536,0,1,0,0,0,0,0,0,0
39.250132,0,0,0,0,0,1,0,0,1
39.250714,0,0,0,1,0,0,1,0,0
39.267072,1,0,0,0,0,0,0,0,0
39.276725,0,0,0,0,1,0,0,1,0
39.285478,0,0,1,0,0,0,0,0,0
39.298977,0,1,0,0,0,0,0,0,0
39.300060,0,0,0,1,0,0,1,0,0
39.300428,0,0,0,0,0,1,0,0,1
39.312400,1,0,0,0,1,0,0,1,0
39.338522,0,1,0,0,0,0,0,0,0
39.339203,0,0,1,0,0,0,0,0,0
39.347433,0,0,0,0,0,1,0,0,1
39.351168,0,0,0,1,0,0,1,0,0
39.363422,1,0,0,0,1,0,0,1,0
39.387137,0,0,1,0,0,0,0,0,0
39.388814,0,1,0,0,0,0,0,0,0
39.400673,0,0,0,0,0,1,0,0,1
39.401607,0,0,0,1,0,0,1,0,0
39.416096,1,0,0,0,0,0,0,0,0
39.437432,0,0,1,0,0,0,0,0,0
39.450028,0,0,0,1,0,0,1,0,0
39.453196,0,0,0,0,0,1,0,0,1
39.464238,1,0,0,0,0,0,0,0,0
39.489359,0,0,1,0,0,0,0,0,0
39.498005,0,0,0,0,0,1,0,0,1
39.499611,0,0,0,1,0,0,1,0,0
39.504331,0,0,0,0,1,0,0,1,0
39.509671,1,0,0,0,1,0,0,1,0
39.522677,0,0,0,0,1,0,0,1,0
39.528624,0,1,0,0,0,0,0,0,0
39.529944,0,1,0,0,0,0,0,0,0
39.535904,0,0,1,0,0,0,0,0,0
39.543141,0,1,0,0,0,0,0,0,0
39.550272,0,0,0,1,0,0,1,0,0
39.550811,0,0,0,0,0,1,0,0,1
39.562293,1,0,0,0,1,0,0,1,0
39.587422,0,0,1,0,0,0,0,0,0
39.589446,0,1,0,0,0,0,0,0,0
39.599728,0,0,0,1,0,0,1,0,0
39.599737,0,0,0,0,0,1,0,0,1
39.612397,1,0,0,0,1,0,0,1,0
39.633550,0,0,1,0,0,0,0,0,0
39.638456,0,1,0,0,0,0,0,0,0
39.646944,0,0,0,0,0,1,0,0,1
39.650006,0,0,0,1,0,0,1,0,0
39.661418,1,0,0,0,1,0,0,1,0
39.686702,0,0,1,0,0,0,0,0,0
39.687879,0,1,0,0,0,0,0,0,0
39.700600,0,0,0,0,0,1,0,0,1
39.700728,0,0,0,1,0,0,1,0,0
39.716796,1,0,0,0,0,0,0,0,0
39.737744,0,0,1,0,0,0,0,0,0
39.749475,0,0,0,1,0,0,1,0,0
39.750197,0,0,0,0,1,0,0,1,0
39.751160,0,0,0,0,0,1,0,0,1
39.761401,1,0,0,0,1,0,0,1,0
39.771225,0,1,0,0,0,0,0,0,0
39.785477,0,1,0,0,0,0,0,0,0
39.785877,0,0,1,0,0,0,0,0,0
39.801870,0,0,0,1,0,0,1,0,0
39.802403,0,0,0,0,0,1,0,0,1
39.813179,1,0,0,0,0,0,0,0,0
39.836126,0,0,1,0,0,0,0,0,0
39.845038,0,0,0,0,1,0,0,1,0
39.846325,0,0,0,0,0,1,0,0,1
39.849209,0,0,0,1,0,0,1,0,0
39.862833,1,0,0,0,1,0,0,1,0
39.866235,0,1,0,0,0,0,0,0,0
39.884027,0,0,1,0,0,0,0,0,0
39.890593,0,1,0,0,0,0,0,0,0
39.899715,0,0,0,0,0,1,0,0,1
39.899872,0,0,0,1,0,0,1,0,0
39.910186,1,0,0,0,1,0,0,1,0
39.930876,0,1,0,0,0,0,0,0,0
39.938879,0,0,1,0,0,0,0,0,0
39.949669,0,0,0,1,0,0,1,0,0
39.952136,0,0,0,0,0,1,0,0,1
39.968143,1,0,0,0,1,0,0,1,0
39.986429,0,0,1,0,0,0,0,0,0
39.995480,0,1,0,0,0,0,0,0,0
40.000783,0,0,0,1,0,0,1,0,0
40.001084,0,0,0,0,0,1,0,0,1
40.017734,1,0,0,0,1,0,0,1,0
40.037711,0,0,1,0,0,0,0,0,0
40.046297,0,1,0,0,0,0,0,0,0
40.050113,0,0,0,1,0,0,1,0,0
40.052844,0,0,0,0,0,1,0,0,1
40.067891,1,0,0,0,0,0,0,0,0
40.078331,0,0,0,0,1,0,0,1,0
40.083610,0,0,1,0,0,0,0,0,0
40.099976,0,0,0,1,0,0,1,0,0
40.102686,0,0,0,0,0,1,0,0,1
40.106813,0,1,0,0,0,0,0,0,0
40.113468,1,0,0,0,1,0,0,1,0
40.140948,0,1,0,0,0,0,0,0,0
40.142110,0,0,1,0,0,0,0,0,0
40.149862,0,0,0,0,0,1,0,0,1
40.150379,0,0,0,1,0,0,1,0,0
40.167498,1,0,0,0,1,0,0,1,0
40.184377,0,0,1,0,0,0,0,0,0
40.189280,0,1,0,0,0,0,0,0,0
40.200223,0,0,0,0,0,1,0,0,1
40.200283,0,0,0,1,0,0,1,0,0
40.219191,1,0,0,0,1,0,0,1,0
40.235806,0,0,1,0,0,0,0,0,0
40.243944,0,1,0,0,0,0,0,0,0
40.246529,0,0,0,0,0,1,0,0,1
40.249796,0,0,0,1,0,0,1,0,0
40.261800,1,0,0,0,0,0,0,0,0
40.263954,0,0,0,0,1,0,0,1,0
40.280283,0,0,1,0,0,0,0,0,0
40.290620,0,1,0,0,0,0,0,0,0
40.299945,0,0,0,1,0,0,1,0,0
40.302000,0,0,0,0,0,1,0,0,1
40.312493,1,0,0,0,1,0,0,1,0
40.334658,0,1,0,0,0,0,0,0,0
40.335738,0,0,1,0,0,0,0,0,0
40.349278,0,0,0,1,0,0,1,0,0
40.349775,0,0,0,0,0,1,0,0,1
40.363626,1,0,0,0,1,0,0,1,0
40.386245,0,0,1,0,0,0,0,0,0
40.391197,0,1,0,0,0,0,0,0,0
40.400012,0,0,0,1,0,0,1,0,0
40.401891,0,0,0,0,0,1,0,0,1
40.415367,1,0,0,0,0,0,0,0,0
40.434663,0,0,1,0,0,0,0,0,0
40.448044,0,0,0,0,0,1,0,0,1
40.448956,0,0,0,1,1,0,1,1,0
40.463993,1,0,0,0,1,0,0,1,0
40.474851,0,1,0,0,0,0,0,0,0
40.484608,0,0,1,0,0,0,0,0,0
40.488010,0,1,0,0,0,0,0,0,0
40.500282,0,0,0,1,0,0,1,0,0
40.501533,0,0,0,0,0,1,0,0,1
40.511699,1,0,0,0,0,0,0,0,0
40.533369,0,0,1,0,0,0,0,0,0
40.538004,0,0,0,0,1,0,0,1,0
40.550820,0,0,0,1,0,0,1,0,0
40.551730,0,0,0,0,0,1,0,0,1
40.559044,0,1,0,0,0,0,0,0,0
40.561867,1,0,0,0,1,0,0,1,0
40.583284,0,1,0,0,0,0,0,0,0
40.587482,0,0,1,0,0,0,0,0,0
40.599268,0,0,0,1,0,0,1,0,0
40.602055,0,0,0,0,0,1,0,0,1
40.610085,1,0,0,0,0,0,0,0,0
40.634003,0,0,1,0,1,0,0,1,0
40.647654,0,0,0,0,0,1,0,0,1
40.650491,0,0,0,1,0,0,1,0,0
40.654796,0,1,0,0,0,0,0,0,0
40.669442,1,0,0,0,1,0,0,1,0
40.681894,0,0,1,0,0,0,0,0,0
40.695674,0,1,0,0,0,0,0,0,0
40.700574,0,0,0,1,0,0,1,0,0
40.702180,0,0,0,0,0,1,0,0,1
40.716061,1,0,0,0,1,0,0,1,0
40.737302,0,1,0,0,0,0,0,0,0
40.739623,0,0,1,0,0,0,0,0,0
40.749169,0,0,0,1,0,0,1,0,0
40.753391,0,0,0,0,0,1,0,0,1
40.767567,1,0,0,0,1,0,0,1,0
40.792525,0,0,1,0,0,0,0,0,0
40.792913,0,1,0,0,0,0,0,0,0
40.799039,0,0,0,0,0,1,0,0,1
40.799993,0,0,0,1,0,0,1,0,0
40.815599,1,0,0,0,1,0,0,1,0
40.832154,0,0,1,0,0,0,0,0,0
40.836652,0,1,0,0,0,0,0,0,0
40.848365,0,0,0,0,0,1,0,0,1
40.850201,0,0,0,1,0,0,1,0,0
40.866644,1,0,0,0,0,0,0,0,0
40.882370,0,0,1,0,1,0,0,1,0
40.900897,0,0,0,1,0,0,1,0,0
40.902909,0,0,0,0,0,1,0,0,1
40.910515,0,1,0,0,0,0,0,0,0
40.913817,1,0,0,0,1,0,0,1,0
40.939225,0,0,1,0,0,0,0,0,0
40.941153,0,1,0,0,0,0,0,0,0
40.949277,0,0,0,1,0,0,1,0,0
40.953924,0,0,0,0,0,1,0,0,1
40.965989,1,0,0,0,1,0,0,1,0
40.990220,0,0,1,0,0,0,0,0,0
40.995716,0,1,0,0,0,0,0,0,0
40.996179,0,0,0,0,0,1,0,0,1
41.000890,0,0,0,1,0,0,1,0,0
41.011384,1,0,0,0,0,0,0,0,0
41.031149,0,0,1,0,0,0,0,0,0
41.049825,0,0,0,0,1,1,0,1,1
41.050528,0,0,0,1,0,0,1,0,0
41.063278,1,0,0,0,1,0,0,1,0
41.076680,0,1,0,0,0,0,0,0,0
41.085409,0,0,1,0,0,0,0,0,0
41.089857,0,1,0,0,0,0,0,0,0
41.100157,0,0,0,1,0,0,1,0,0
41.102623,0,0,0,0,0,1,0,0,1
41.113059,1,0,0,0,1,0,0,1,0
41.132810,0,0,1,0,0,0,0,0,0
41.142442,0,1,0,0,0,0,0,0,0
41.149413,0,0,0,1,0,0,1,0,0
41.153160,0,0,0,0,0,1,0,0,1
41.159850,1,0,0,0,1,0,0,1,0
41.186322,0,1,0,0,0,0,0,0,0
41.192034,0,0,1,0,0,0,0,0,0
41.198217,0,0,0,1,0,0,1,0,0
41.199088,0,0,0,0,0,1,0,0,1
41.208292,1,0,0,0,0,0,0,0,0
41.233366,0,0,0,0,1,0,0,1,0
41.236671,0,0,1,0,0,0,0,0,0
41.247628,0,0,0,0,0,1,0,0,1
41.248855,0,0,0,1,0,0,1,0,0
41.261170,0,1,0,0,0,0,0,0,0
41.261360,1,0,0,0,1,0,0,1,0
41.285612,0,0,1,0,0,0,0,0,0
41.290624,0,1,0,0,0,0,0,0,0
41.300846,0,0,0,1,0,0,1,0,0
41.303014,0,0,0,0,0,1,0,0,1
41.314118,1,0,0,0,1,0,0,1,0
41.338070,0,0,1,0,0,0,0,0,0
41.340319,0,1,0,0,0,0,0,0,0
41.349983,0,0,0,0,0,1,0,0,1
41.350250,0,0,0,1,0,0,1,0,0
41.367394,1,0,0,0,0,0,0,0,0
41.382400,0,0,1,0,1,0,0,1,0
41.400465,0,0,0,1,0,0,1,0,0
41.400679,0,0,0,0,0,1,0,0,1
41.403969,0,1,0,0,0,0,0,0,0
41.412817,1,0,0,0,0,0,0,0,0
41.432900,0,0,1,0,1,0,0,1,0
41.446441,0,0,0,0,0,1,0,0,1
41.451307,0,0,0,1,0,0,1,0,0
41.453698,0,1,0,0,0,0,0,0,0
41.463593,1,0,0,0,1,0,0,1,0
41.484441,0,0,1,0,0,0,0,0,0
41.492068,0,1,0,0,0,0,0,0,0
41.497152,0,0,0,0,0,1,0,0,1
41.499854,0,0,0,1,0,0,1,0,0
41.517429,1,0,0,0,0,0,0,0,0
41.536531,0,0,1,0,1,0,0,1,0
41.548094,0,0,0,0,0,1,0,0,1
41.549841,0,0,0,1,0,0,1,0,0
41.563678,1,0,0,0,0,0,0,0,0
41.564956,0,1,0,0,0,0,0,0,0
41.581719,0,0,1,0,0,0,0,0,0
41.596856,0,0,0,0,1,0,0,1,0
41.599396,0,0,0,1,0,0,1,0,0
41.602513,0,0,0,0,0,1,0,0,1
41.614858,1,0,0,0,1,0,0,1,0
41.617310,0,1,0,0,0,0,0,0,0
41.638435,0,0,1,0,0,0,0,0,0
41.638719,0,1,0,0,0,0,0,0,0
41.651410,0,0,0,1,0,0,1,0,0
41.653750,0,0,0,0,0,1,0,0,1
41.668592,1,0,0,0,0,0,0,0,0
41.686196,0,0,1,0,0,0,0,0,0
41.698320,0,0,0,0,1,1,0,1,1
41.699028,0,0,0,1,0,0,1,0,0
41.712904,1,0,0,0,0,0,0,0,0
41.716158,0,0,0,0,1,0,0,1,0
41.721406,0,1,0,0,0,0,0,0,0
41.734100,0,0,1,0,0,0,0,0,0
41.744562,0,1,0,0,0,0,0,0,0
41.750659,0,0,0,1,0,0,1,0,0
41.753463,0,0,0,0,0,1,0,0,1
41.764796,1,0,0,0,1,0,0,1,0
41.788619,0,0,1,0,0,0,0,0,0
41.791138,0,1,0,0,0,0,0,0,0
41.799402,0,0,0,1,0,0,1,0,0
41.799737,0,0,0,0,0,1,0,0,1
41.810033,1,0,0,0,1,0,0,1,0
41.831716,0,1,0,0,0,0,0,0,0
41.834117,0,0,1,0,0,0,0,0,0
41.849614,0,0,0,1,0,0,1,0,0
41.851200,0,0,0,0,0,1,0,0,1
41.866119,1,0,0,0,0,0,0,0,0
41.886903,0,0,1,0,0,0,0,0,0
41.898430,0,0,0,0,1,1,0,1,1
41.900557,0,0,0,1,0,0,1,0,0
41.918488,1,0,0,0,0,0,0,0,0
41.922759,0,1,0,0,1,0,0,1,0
41.933694,0,0,1,0,0,0,0,0,0
41.944786,0,1,0,0,0,0,0,0,0
41.946254,0,0,0,0,0,1,0,0,1
41.950596,0,0,0,1,0,0,1,0,0
41.967586,1,0,0,0,0,0,0,0,0
41.979344,0,0,1,0,1,0,0,1,0
41.996002,0,0,0,0,0,1,0,0,1
42.000074,0,1,0,0,0,0,0,0,0
42.001275,0,0,0,1,0,0,1,0,0
42.016947,1,0,0,0,1,0,0,1,0
42.032787,0,0,1,0,0,0,0,0,0
42.040212,0,1,0,0,0,0,0,0,0
42.046666,0,0,0,0,0,1,0,0,1
42.049179,0,0,0,1,0,0,1,0,0
42.063969,1,0,0,0,0,0,0,0,0
42.079025,0,0,1,0,0,0,0,0,0
42.096886,0,0,0,0,1,0,0,1,0
42.100052,0,0,0,1,0,0,1,0,0
42.102341,0,0,0,0,0,1,0,0,1
42.114803,1,0,0,0,0,0,0,0,0
42.119122,0,1,0,0,1,0,0,1,0
42.136179,0,0,1,0,0,0,0,0,0
42.143109,0,1,0,0,0,0,0,0,0
42.149764,0,0,0,1,0,0,1,0,0
42.150351,0,0,0,0,0,1,0,0,1
42.163333,1,0,0,0,1,0,0,1,0
42.180973,0,0,1,0,0,0,0,0,0
42.183966,0,1,0,0,0,0,0,0,0
42.199663,0,0,0,1,0,0,1,0,0
42.200355,0,0,0,0,0,1,0,0,1
42.216782,1,0,0,0,1,0,0,1,0
42.236613,0,0,1,0,0,0,0,0,0
42.246576,0,1,0,0,0,0,0,0,0
42.249577,0,0,0,0,0,1,0,0,1
42.249987,0,0,0,1,0,0,1,0,0
42.264890,1,0,0,0,0,0,0,0,0
42.271629,0,0,0,0,1,0,0,1,0
42.281329,0,0,1,0,0,0,0,0,0
42.293091,0,1,0,0,0,0,0,0,0
42.300552,0,0,0,1,0,0,1,0,0
42.301405,0,0,0,0,0,1,0,0,1
42.318589,1,0,0,0,0,0,0,0,0
42.329811,0,0,0,0,1,0,0,1,0
42.334511,0,0,1,0,0,0,0,0,0
42.348915,0,0,0,0,0,1,0,0,1
42.349760,0,0,0,1,0,0,1,0,0
42.356742,0,1,0,0,0,0,0,0,0
42.361596,1,0,0,0,1,0,0,1,0
42.382881,0,1,0,0,0,0,0,0,0
42.384084,0,0,1,0,0,0,0,0,0
42.400099,0,0,0,1,0,0,1,0,0
42.400912,0,0,0,0,0,1,0,0,1
42.414947,1,0,0,0,1,0,0,1,0
42.437785,0,1,0,0,0,0,0,0,0
42.438524,0,0,1,0,0,0,0,0,0
42.448999,0,0,0,0,0,1,0,0,1
42.450591,0,0,0,1,0,0,1,0,0
42.464185,1,0,0,0,0,0,0,0,0
42.466242,0,0,0,0,1,0,0,1,0
42.487255,0,0,1,0,0,0,0,0,0
42.488546,0,1,0,0,0,0,0,0,0
42.499560,0,0,0,1,0,0,1,0,0
42.500841,0,0,0,0,0,1,0,0,1
42.517106,1,0,0,0,0,0,0,0,0
42.526718,0,0,0,0,1,0,0,1,0
42.535813,0,0,1,0,0,0,0,0,0
42.549710,0,0,0,0,0,1,0,0,1
42.550158,0,1,0,0,0,0,0,0,0
42.550286,0,0,0,1,0,0,1,0,0
42.567343,1,0,0,0,0,0,0,0,0
42.572556,0,0,0,0,1,0,0,1,0
42.587152,0,0,1,0,0,0,0,0,0
42.593216,0,1,0,0,0,0,0,0,0
42.598300,0,0,0,0,0,1,0,0,1
42.598820,0,0,0,1,0,0,1,0,0
42.610961,1,0,0,0,0,0,0,0,0
42.636213,0,0,0,0,1,0,0,1,0
42.637783,0,0,1,0,0,0,0,0,0
42.650405,0,0,0,1,0,0,1,0,0
42.651308,0,0,0,0,0,1,0,0,1
42.657668,0,1,0,0,0,0,0,0,0
42.662362,1,0,0,0,0,0,0,0,0
42.690089,0,0,1,0,0,0,0,0,0
42.697435,0,0,0,0,1,0,0,1,0
42.699337,0,0,0,0,0,1,0,0,1
42.701302,0,0,0,1,0,0,1,0,0
42.718473,1,0,0,0,0,0,0,0,0
42.721319,0,0,0,0,1,0,0,1,0
42.722565,0,1,0,0,0,0,0,0,0
42.733178,0,0,1,0,0,0,0,0,0
42.748495,0,0,0,1,0,0,1,0,0
42.750923,0,0,0,0,0,1,0,0,1
42.751121,0,1,0,0,0,0,0,0,0
42.764328,1,0,0,0,1,0,0,1,0
42.785777,0,1,0,0,0,0,0,0,0
42.788689,0,0,1,0,0,0,0,0,0
42.799741,0,0,0,0,0,1,0,0,1
42.800441,0,0,0,1,0,0,1,0,0
42.811813,1,0,0,0,1,0,0,1,0
42.835842,0,1,0,0,0,0,0,0,0
42.837591,0,0,1,0,0,0,0,0,0
42.849906,0,0,0,0,0,1,0,0,1
42.850906,0,0,0,1,0,0,1,0,0
42.865078,1,0,0,0,0,0,0,0,0
42.869140,0,0,0,0,1,0,0,1,0
42.882352,0,0,1,0,0,0,0,0,0
42.893107,0,1,0,0,0,0,0,0,0
42.899379,0,0,0,1,0,0,1,0,0
42.902193,0,0,0,0,0,1,0,0,1
42.916431,1,0,0,0,1,0,0,1,0
42.939054,0,0,1,0,0,0,0,0,0
42.945631,0,1,0,0,0,0,0,0,0
42.949887,0,0,0,1,0,0,1,0,0
42.951697,0,0,0,0,0,1,0,0,1
42.966763,1,0,0,0,0,0,0,0,0
42.985050,0,0,0,0,1,0,0,1,0
42.990441,0,0,1,0,0,0,0,0,0
42.997458,0,0,0,0,0,1,0,0,1
43.000023,0,0,0,1,0,0,1,0,0
43.012917,0,1,0,0,0,0,0,0,0
43.013942,1,0,0,0,1,0,0,1,0
43.036213,0,0,1,0,0,0,0,0,0
43.039464,0,1,0,0,0,0,0,0,0
43.050571,0,0,0,1,0,0,1,0,0
43.053955,0,0,0,0,0,1,0,0,1
43.066531,1,0,0,0,1,0,0,1,0
43.085372,0,0,1,0,0,0,0,0,0
43.092290,0,1,0,0,0,0,0,0,0
43.101252,0,0,0,1,0,0,1,0,0
43.101843,0,0,0,0,0,1,0,0,1
43.114038,1,0,0,0,0,0,0,0,0
43.140712,0,0,1,0,1,0,0,1,0
43.149303,0,0,0,1,0,0,1,0,0
43.150560,0,0,0,0,0,1,0,0,1
43.161944,1,0,0,0,0,0,0,0,0
43.166257,0,1,0,0,0,0,0,0,0
43.188660,0,0,1,0,1,0,0,1,0
43.199709,0,0,0,1,0,0,1,0,0
43.200459,0,0,0,0,0,1,0,0,1
43.208910,0,1,0,0,0,0,0,0,0
43.216891,1,0,0,0,0,0,0,0,0
43.239158,0,0,1,0,1,0,0,1,0
43.247260,0,0,0,0,0,1,0,0,1
43.250986,0,0,0,1,0,0,1,0,0
43.259869,0,1,0,0,0,0,0,0,0
43.262193,1,0,0,0,0,0,0,0,0
43.265267,0,0,0,0,1,0,0,1,0
43.281518,0,0,1,0,0,0,0,0,0
43.289571,0,1,0,0,0,0,0,0,0
43.301346,0,0,0,1,0,0,1,0,0
43.301606,0,0,0,0,0,1,0,0,1
43.315180,1,0,0,0,0,0,0,0,0
43.338868,0,0,1,0,1,0,0,1,0
43.349253,0,0,0,1,0,0,1,0,0
43.352547,0,0,0,0,0,1,0,0,1
43.360303,0,1,0,0,0,0,0,0,0
43.364667,1,0,0,0,0,0,0,0,0
43.386955,0,0,0,0,1,0,0,1,0
43.388985,0,0,1,0,0,0,0,0,0
43.398601,0,0,0,0,0,1,0,0,1
43.401387,0,0,0,1,0,0,1,0,0
43.408059,0,1,0,0,0,0,0,0,0
43.412807,1,0,0,0,0,0,0,0,0
43.421201,0,0,0,0,1,0,0,1,0
43.430385,0,0,1,0,0,0,0,0,0
43.442635,0,1,0,0,0,0,0,0,0
43.450481,0,0,0,0,0,1,0,0,1
43.451289,0,0,0,1,0,0,1,0,0
43.468101,1,0,0,0,0,0,0,0,0
43.488400,0,0,1,0,1,0,0,1,0
43.497990,0,0,0,0,0,1,0,0,1
43.498995,0,0,0,1,0,0,1,0,0
43.511996,1,0,0,0,0,0,0,0,0
43.516532,0,1,0,0,0,0,0,0,0
43.536028,0,0,1,0,0,0,0,0,0
43.548816,0,0,0,0,1,1,0,1,1
43.549393,0,0,0,1,0,0,1,0,0
43.561340,1,0,0,0,0,0,0,0,0
43.578765,0,1,0,0,0,0,0,0,0
43.579981,0,0,0,0,1,0,0,1,0
43.584291,0,0,1,0,0,0,0,0,0
43.599974,0,0,0,1,0,0,1,0,0
43.600535,0,0,0,0,0,1,0,0,1
43.601953,0,1,0,0,0,0,0,0,0
43.615472,1,0,0,0,0,0,0,0,0
43.638686,0,0,1,0,0,0,0,0,0
43.647448,0,0,0,0,1,1,0,1,1
43.648972,0,0,0,1,0,0,1,0,0
43.661014,1,0,0,0,0,0,0,0,0
43.674035,0,1,0,0,1,0,0,1,0
43.683739,0,0,1,0,0,0,0,0,0
43.697422,0,0,0,0,0,1,0,0,1
43.699999,0,0,0,1,0,0,1,0,0
43.702747,0,1,0,0,0,0,0,0,0
43.718180,1,0,0,0,0,0,0,0,0
43.723650,0,0,0,0,1,0,0,1,0
43.736027,0,0,1,0,0,0,0,0,0
43.747976,0,0,0,0,0,1,0,0,1
43.748030,0,0,0,1,0,0,1,0,0
43.751088,0,1,0,0,0,0,0,0,0
43.762312,1,0,0,0,1,0,0,1,0
43.784607,0,0,1,0,0,0,0,0,0
43.787139,0,1,0,0,0,0,0,0,0
43.799587,0,0,0,1,0,0,1,0,0
43.802061,0,0,0,0,0,1,0,0,1
43.810756,1,0,0,0,0,0,0,0,0
43.840108,0,0,1,0,0,0,0,0,0
43.842170,0,0,0,0,1,0,0,1,0
43.849073,0,0,0,0,0,1,0,0,1
43.849182,0,0,0,1,0,0,1,0,0
43.861949,1,0,0,0,0,0,0,0,0
43.866629,0,1,0,0,0,0,0,0,0
43.886430,0,0,1,0,0,0,0,0,0
43.899945,0,0,0,1,1,0,1,1,0
43.902005,0,0,0,0,0,1,0,0,1
43.916033,1,0,0,0,1,0,0,1,0
43.921434,0,1,0,0,0,0,0,0,0
43.937079,0,0,1,0,0,0,0,0,0
43.937423,0,1,0,0,0,0,0,0,0
43.951252,0,0,0,1,0,0,1,0,0
43.952623,0,0,0,0,0,1,0,0,1
43.967897,1,0,0,0,1,0,0,1,0
43.988933,0,1,0,0,0,0,0,0,0
43.992488,0,0,1,0,0,0,0,0,0
43.999919,0,0,0,1,0,0,1,0,0
44.001359,0,0,0,0,0,1,0,0,1
44.014831,1,0,0,0,0,0,0,0,0
44.039380,0,0,1,0,0,0,0,0,0
44.050400,0,0,0,1,0,0,1,0,0
44.050877,0,0,0,0,1,1,0,1,1
44.065672,1,0,0,0,1,0,0,1,0
44.080745,0,1,0,0,0,0,0,0,0
44.087478,0,0,1,0,0,0,0,0,0
44.092276,0,1,0,0,0,0,0,0,0
44.098893,0,0,0,1,0,0,1,0,0
44.100838,0,0,0,0,0,1,0,0,1
44.111440,1,0,0,0,0,0,0,0,0
44.138844,0,0,1,0,0,0,0,0,0
44.148997,0,0,0,0,0,1,0,0,1
44.150606,0,0,0,1,1,0,1,1,0
44.166356,1,0,0,0,1,0,0,1,0
44.175058,0,1,0,0,0,0,0,0,0
44.185835,0,0,1,0,0,0,0,0,0
44.196056,0,1,0,0,0,0,0,0,0
44.198055,0,0,0,0,0,1,0,0,1
44.201084,0,0,0,1,0,0,1,0,0
44.219128,1,0,0,0,0,0,0,0,0
44.235769,0,0,1,0,0,0,0,0,0
44.249591,0,0,0,1,0,0,1,0,0
44.252166,0,0,0,0,0,1,0,0,1
44.261568,1,0,0,0,0,0,0,0,0
44.286995,0,0,1,0,0,0,0,0,0
44.298938,0,0,0,1,1,0,1,1,0
44.300228,0,0,0,0,1,0,0,1,0
44.301714,0,0,0,0,0,1,0,0,1
44.313415,1,0,0,0,1,0,0,1,0
44.320333,0,1,0,0,0,0,0,0,0
44.327455,0,1,0,0,0,0,0,0,0
44.334247,0,1,0,0,0,0,0,0,0
44.336216,0,0,1,0,0,0,0,0,0
44.350270,0,0,0,1,0,0,1,0,0
44.353625,0,0,0,0,0,1,0,0,1
44.363186,1,0,0,0,1,0,0,1,0
44.385865,0,1,0,0,0,0,0,0,0
44.386162,0,0,1,0,0,0,0,0,0
44.400087,0,0,0,1,0,0,1,0,0
44.400503,0,0,0,0,0,1,0,0,1
44.415423,1,0,0,0,1,0,0,1,0
44.435069,0,0,1,0,0,0,0,0,0
44.440796,0,1,0,0,0,0,0,0,0
44.446591,0,0,0,0,0,1,0,0,1
44.449255,0,0,0,1,0,0,1,0,0
44.460650,1,0,0,0,0,0,0,0,0
44.480185,0,0,1,0,1,0,0,1,0
44.497330,0,0,0,0,0,1,0,0,1
44.500016,0,0,0,1,0,0,1,0,0
44.502796,0,1,0,0,0,0,0,0,0
44.514830,1,0,0,0,0,0,0,0,0
44.523080,0,0,0,0,1,0,0,1,0
44.533501,0,0,1,0,0,0,0,0,0
44.545975,0,1,0,0,0,0,0,0,0
44.551438,0,0,0,1,0,0,1,0,0
44.552243,0,0,0,0,0,1,0,0,1
44.565196,1,0,0,0,0,0,0,0,0
44.590386,0,0,1,0,0,0,0,0,0
44.599256,0,0,0,1,0,0,1,0,0
44.600314,0,0,0,0,1,1,0,1,1
44.610849,1,0,0,0,1,0,0,1,0
44.625744,0,1,0,0,0,0,0,0,0
44.633348,0,1,0,0,0,0,0,0,0
44.634513,0,0,1,0,0,0,0,0,0
44.647184,0,0,0,0,0,1,0,0,1
44.650632,0,0,0,1,0,0,1,0,0
44.662622,1,0,0,0,1,0,0,1,0
44.684564,0,1,0,0,0,0,0,0,0
44.685166,0,0,1,0,0,0,0,0,0
44.699577,0,0,0,1,0,0,1,0,0
44.700957,0,0,0,0,0,1,0,0,1
44.710706,1,0,0,0,1,0,0,1,0
44.733236,0,1,0,0,0,0,0,0,0
44.740890,0,0,1,0,0,0,0,0,0
44.750814,0,0,0,1,0,0,1,0,0
44.751638,0,0,0,0,0,1,0,0,1
44.761190,1,0,0,0,0,0,0,0,0
44.763274,0,0,0,0,1,0,0,1,0
44.784307,0,0,1,0,0,0,0,0,0
44.792823,0,1,0,0,0,0,0,0,0
44.800392,0,0,0,1,0,0,1,0,0
44.800642,0,0,0,0,0,1,0,0,1
44.818673,1,0,0,0,1,0,0,1,0
44.832491,0,0,1,0,0,0,0,0,0
44.846237,0,1,0,0,0,0,0,0,0
44.850078,0,0,0,0,0,1,0,0,1
44.850975,0,0,0,1,0,0,1,0,0
44.862445,1,0,0,0,1,0,0,1,0
44.886376,0,1,0,0,0,0,0,0,0
44.888767,0,0,1,0,0,0,0,0,0
44.898274,0,0,0,1,0,0,1,0,0
44.899138,0,0,0,0,0,1,0,0,1
44.909071,1,0,0,0,1,0,0,1,0
44.934965,0,0,1,0,0,0,0,0,0
44.938499,0,1,0,0,0,0,0,0,0
44.948280,0,0,0,1,0,0,1,0,0
44.952727,0,0,0,0,0,1,0,0,1
44.965533,1,0,0,0,0,0,0,0,0
44.985614,0,0,1,0,1,0,0,1,0
44.998142,0,0,0,0,0,1,0,0,1
44.999038,0,0,0,1,0,0,1,0,0
45.008909,0,1,0,0,0,0,0,0,0
45.011590,1,0,0,0,0,0,0,0,0
45.018814,0,0,0,0,1,0,0,1,0
45.028783,0,0,1,0,0,0,0,0,0
45.039343,0,1,0,0,0,0,0,0,0
45.048904,0,0,0,0,0,1,0,0,1
45.049429,0,0,0,1,0,0,1,0,0
45.059963,1,0,0,0,1,0,0,1,0
45.084470,0,0,1,0,0,0,0,0,0
45.085534,0,1,0,0,0,0,0,0,0
45.100795,0,0,0,1,0,0,1,0,0
45.100867,0,0,0,0,0,1,0,0,1
45.116284,1,0,0,0,1,0,0,1,0
45.137791,0,0,1,0,0,0,0,0,0
45.138639,0,1,0,0,0,0,0,0,0
45.150747,0,0,0,0,0,1,0,0,1
45.151383,0,0,0,1,0,0,1,0,0
45.164553,1,0,0,0,0,0,0,0,0
45.186200,0,0,1,0,1,0,0,1,0
45.199618,0,0,0,1,0,0,1,0,0
45.203478,0,0,0,0,0,1,0,0,1
45.213803,0,1,0,0,0,0,0,0,0
45.216489,1,0,0,0,0,0,0,0,0
45.239466,0,0,0,0,1,0,0,1,0
45.241404,0,0,1,0,0,0,0,0,0
45.250279,0,0,0,1,0,0,1,0,0
45.253723,0,0,0,0,0,1,0,0,1
45.265760,0,1,0,0,0,0,0,0,0
45.269168,1,0,0,0,0,0,0,0,0
45.284529,0,0,1,0,0,0,0,0,0
45.298031,0,0,0,0,0,1,0,0,1
45.299061,0,0,0,0,1,0,0,1,0
45.300141,0,0,0,1,0,0,1,0,0
45.312218,1,0,0,0,1,0,0,1,0
45.319764,0,1,0,0,0,0,0,0,0
45.331080,0,0,1,0,0,0,0,0,0
45.336121,0,1,0,0,0,0,0,0,0
45.348924,0,0,0,0,0,1,0,0,1
45.350181,0,0,0,1,0,0,1,0,0
45.360929,1,0,0,0,0,0,0,0,0
45.379381,0,0,1,0,0,0,0,0,0
45.398017,0,0,0,0,0,1,0,0,1
45.399812,0,0,0,1,0,0,1,0,0
45.407610,0,0,0,0,1,0,0,1,0
45.412560,1,0,0,0,1,0,0,1,0
45.430262,0,0,1,0,0,0,0,0,0
45.434807,0,1,0,0,0,0,0,0,0
45.436798,0,1,0,0,0,0,0,0,0
45.449571,0,0,0,1,0,0,1,0,0
45.451206,0,0,0,0,0,1,0,0,1
45.466787,1,0,0,0,0,0,0,0,0
45.481035,0,0,0,0,1,0,0,1,0
45.489654,0,0,1,0,0,0,0,0,0
45.499684,0,0,0,1,0,0,1,0,0
45.502473,0,1,0,0,0,0,0,0,0
45.503036,0,0,0,0,0,1,0,0,1
45.514689,1,0,0,0,0,0,0,0,0
45.539609,0,0,1,0,1,0,0,1,0
45.550124,0,0,0,1,0,0,1,0,0
45.551488,0,0,0,0,0,1,0,0,1
45.567481,1,0,0,0,0,0,0,0,0
45.569122,0,1,0,0,0,0,0,0,0
45.588074,0,0,1,0,0,0,0,0,0
45.597074,0,0,0,0,1,1,0,1,1
45.601249,0,0,0,1,0,0,1,0,0
45.611805,1,0,0,0,1,0,0,1,0
45.625297,0,1,0,0,0,0,0,0,0
45.633323,0,1,0,0,0,0,0,0,0
45.633395,0,0,1,0,0,0,0,0,0
45.650886,0,0,0,1,0,0,1,0,0
45.651904,0,0,0,0,0,1,0,0,1
45.665110,1,0,0,0,1,0,0,1,0
45.686982,0,1,0,0,0,0,0,0,0
45.689999,0,0,1,0,0,0,0,0,0
45.698944,0,0,0,1,0,0,1,0,0
45.702835,0,0,0,0,0,1,0,0,1
45.712322,1,0,0,0,1,0,0,1,0
45.740221,0,1,0,0,0,0,0,0,0
45.741458,0,0,1,0,0,0,0,0,0
45.748682,0,0,0,1,0,0,1,0,0
45.752854,0,0,0,0,0,1,0,0,1
45.759261,1,0,0,0,1,0,0,1,0
45.780635,0,1,0,0,0,0,0,0,0
45.791071,0,0,1,0,0,0,0,0,0
45.797636,0,0,0,0,0,1,0,0,1
45.799733,0,0,0,1,0,0,1,0,0
45.812653,1,0,0,0,1,0,0,1,0
45.827656,0,0,1,0,0,0,0,0,0
45.838225,0,1,0,0,0,0,0,0,0
45.849703,0,0,0,1,0,0,1,0,0
45.853353,0,0,0,0,0,1,0,0,1
45.865346,1,0,0,0,1,0,0,1,0
45.888595,0,1,0,0,0,0,0,0,0
45.889906,0,0,1,0,0,0,0,0,0
45.899672,0,0,0,1,0,0,1,0,0
45.902098,0,0,0,0,0,1,0,0,1
45.918164,1,0,0,0,0,0,0,0,0
45.932935,0,0,0,0,1,0,0,1,0
45.937548,0,0,1,0,0,0,0,0,0
45.950683,0,0,0,1,0,0,1,0,0
45.950697,0,0,0,0,0,1,0,0,1
45.959914,0,1,0,0,0,0,0,0,0
45.962101,1,0,0,0,1,0,0,1,0
45.985830,0,1,0,0,0,0,0,0,0
45.988675,0,0,1,0,0,0,0,0,0
45.998306,0,0,0,1,0,0,1,0,0
46.000187,0,0,0,0,0,1,0,0,1
46.014708,1,0,0,0,1,0,0,1,0
46.035094,0,1,0,0,0,0,0,0,0
46.036460,0,0,1,0,0,0,0,0,0
46.049327,0,0,0,0,0,1,0,0,1
46.049345,0,0,0,1,0,0,1,0,0
46.059790,1,0,0,0,1,0,0,1,0
46.084434,0,1,0,0,0,0,0,0,0
46.084805,0,0,1,0,0,0,0,0,0
46.099557,0,0,0,1,0,0,1,0,0
46.099738,0,0,0,0,0,1,0,0,1
46.109985,1,0,0,0,1,0,0,1,0
46.137977,0,1,0,0,0,0,0,0,0
46.139265,0,0,1,0,0,0,0,0,0
46.147758,0,0,0,0,0,1,0,0,1
46.150408,0,0,0,1,0,0,1,0,0
46.162150,1,0,0,0,0,0,0,0,0
46.182735,0,0,1,0,1,0,0,1,0
46.197146,0,0,0,0,0,1,0,0,1
46.199994,0,0,0,1,0,0,1,0,0
46.207660,0,1,0,0,0,0,0,0,0
46.213274,1,0,0,0,0,0,0,0,0
46.231178,0,0,1,0,0,0,0,0,0
46.248417,0,0,0,0,1,1,0,1,1
46.249415,0,0,0,1,0,0,1,0,0
46.265051,1,0,0,0,0,0,0,0,0
46.272190,0,1,0,0,0,0,0,0,0
46.273749,0,0,0,0,1,0,0,1,0
46.283016,0,0,1,0,0,0,0,0,0
46.301204,0,0,0,1,0,0,1,0,0
46.301638,0,1,0,0,0,0,0,0,0
46.302289,0,0,0,0,0,1,0,0,1
46.315136,1,0,0,0,1,0,0,1,0
46.335537,0,1,0,0,0,0,0,0,0
46.341174,0,0,1,0,0,0,0,0,0
46.347505,0,0,0,0,0,1,0,0,1
46.350039,0,0,0,1,0,0,1,0,0
46.364474,1,0,0,0,0,0,0,0,0
46.374392,0,0,0,0,1,0,0,1,0
46.379738,0,0,1,0,0,0,0,0,0
46.397038,0,1,0,0,0,0,0,0,0
46.397661,0,0,0,0,0,1,0,0,1
46.399829,0,0,0,1,0,0,1,0,0
46.417032,1,0,0,0,0,0,0,0,0
46.434022,0,0,1,0,0,0,0,0,0
46.435659,0,0,0,0,1,0,0,1,0
46.448059,0,0,0,0,0,1,0,0,1
46.449360,0,0,0,1,0,0,1,0,0
46.460410,0,1,0,0,0,0,0,0,0
46.465440,1,0,0,0,0,0,0,0,0
46.485777,0,0,1,0,0,0,0,0,0
46.500619,0,0,0,1,0,0,1,0,0
46.501067,0,0,0,0,1,0,0,1,0
46.501515,0,0,0,0,0,1,0,0,1
46.511945,1,0,0,0,1,0,0,1,0
46.523155,0,1,0,0,0,0,0,0,0
46.538224,0,0,1,0,0,0,0,0,0
46.540721,0,1,0,0,0,0,0,0,0
46.547962,0,0,0,0,0,1,0,0,1
46.549572,0,0,0,1,0,0,1,0,0
46.565439,1,0,0,0,0,0,0,0,0
46.577122,0,0,0,0,1,0,0,1,0
46.585810,0,0,1,0,0,0,0,0,0
46.597529,0,1,0,0,0,0,0,0,0
46.598186,0,0,0,0,0,1,0,0,1
46.600755,0,0,0,1,0,0,1,0,0
46.612332,1,0,0,0,1,0,0,1,0
46.633802,0,1,0,0,0,0,0,0,0
46.635453,0,0,1,0,0,0,0,0,0
46.650836,0,0,0,0,0,1,0,0,1
46.650967,0,0,0,1,0,0,1,0,0
46.664234,1,0,0,0,1,0,0,1,0
46.685986,0,0,1,0,0,0,0,0,0
46.691494,0,1,0,0,0,0,0,0,0
46.698570,0,0,0,1,0,0,1,0,0
46.702211,0,0,0,0,0,1,0,0,1
46.708847,1,0,0,0,1,0,0,1,0
46.733061,0,1,0,0,0,0,0,0,0
46.738524,0,0,1,0,0,0,0,0,0
46.749354,0,0,0,0,0,1,0,0,1
46.750942,0,0,0,1,0,0,1,0,0
46.765116,1,0,0,0,1,0,0,1,0
46.781150,0,0,1,0,0,0,0,0,0
46.786838,0,1,0,0,0,0,0,0,0
46.799533,0,0,0,0,0,1,0,0,1
46.799545,0,0,0,1,0,0,1,0,0
46.810545,1,0,0,0,1,0,0,1,0
46.832889,0,1,0,0,0,0,0,0,0
46.836745,0,0,1,0,0,0,0,0,0
46.849980,0,0,0,1,0,0,1,0,0
46.850306,0,0,0,0,0,1,0,0,1
46.865711,1,0,0,0,1,0,0,1,0
46.886784,0,0,1,0,0,0,0,0,0
46.891709,0,1,0,0,0,0,0,0,0
46.899849,0,0,0,0,0,1,0,0,1
46.899916,0,0,0,1,0,0,1,0,0
46.912742,1,0,0,0,1,0,0,1,0
46.934093,0,1,0,0,0,0,0,0,0
46.934466,0,0,1,0,0,0,0,0,0
46.948318,0,0,0,1,0,0,1,0,0
46.949776,0,0,0,0,0,1,0,0,1
46.961260,1,0,0,0,1,0,0,1,0
46.985941,0,0,1,0,0,0,0,0,0
46.988485,0,1,0,0,0,0,0,0,0
46.996821,0,0,0,0,0,1,0,0,1
46.999645,0,0,0,1,0,0,1,0,0
47.017973,1,0,0,0,0,0,0,0,0
47.033604,0,0,1,0,1,0,0,1,0
47.050188,0,0,0,0,0,1,0,0,1
47.050659,0,0,0,1,0,0,1,0,0
47.061074,0,1,0,0,0,0,0,0,0
47.064761,1,0,0,0,0,0,0,0,0
47.068617,0,0,0,0,1,0,0,1,0
47.088114,0,0,1,0,0,0,0,0,0
47.091224,0,1,0,0,0,0,0,0,0
47.099577,0,0,0,1,0,0,1,0,0
47.100298,0,0,0,0,0,1,0,0,1
47.112871,1,0,0,0,0,0,0,0,0
47.135621,0,0,1,0,1,0,0,1,0
47.150595,0,0,0,1,0,0,1,0,0
47.152575,0,0,0,0,0,1,0,0,1
47.164943,0,1,0,0,0,0,0,0,0
47.166400,1,0,0,0,1,0,0,1,0
47.188660,0,0,1,0,0,0,0,0,0
47.194303,0,1,0,0,0,0,0,0,0
47.198830,0,0,0,0,0,1,0,0,1
47.199056,0,0,0,1,0,0,1,0,0
47.211623,1,0,0,0,1,0,0,1,0
47.233821,0,0,1,0,0,0,0,0,0
47.236543,0,1,0,0,0,0,0,0,0
47.247969,0,0,0,0,0,1,0,0,1
47.251143,0,0,0,1,0,0,1,0,0
47.262296,1,0,0,0,0,0,0,0,0
47.273083,0,0,0,0,1,0,0,1,0
47.283445,0,0,1,0,0,0,0,0,0
47.299599,0,0,0,1,0,0,1,0,0
47.299878,0,0,0,0,0,1,0,0,1
47.301487,0,1,0,0,0,0,0,0,0
47.318815,1,0,0,0,0,0,0,0,0
47.337146,0,0,1,0,0,0,0,0,0
47.344006,0,0,0,0,1,0,0,1,0
47.346420,0,0,0,0,0,1,0,0,1
47.349452,0,0,0,1,0,0,1,0,0
47.366470,1,0,0,0,0,0,0,0,0
47.368713,0,0,0,0,1,0,0,1,0
47.370360,0,1,0,0,0,0,0,0,0
47.383140,0,0,1,0,0,0,0,0,0
47.396625,0,1,0,0,0,0,0,0,0
47.400570,0,0,0,1,0,0,1,0,0
47.402396,0,0,0,0,0,1,0,0,1
47.418010,1,0,0,0,1,0,0,1,0
47.433711,0,0,1,0,0,0,0,0,0
47.446219,0,0,0,0,0,1,0,0,1
47.446838,0,1,0,0,0,0,0,0,0
47.450147,0,0,0,1,0,0,1,0,0
47.465107,1,0,0,0,1,0,0,1,0
47.477870,0,0,1,0,0,0,0,0,0
47.493302,0,1,0,0,0,0,0,0,0
47.498427,0,0,0,0,0,1,0,0,1
47.500434,0,0,0,1,0,0,1,0,0
47.512010,1,0,0,0,1,0,0,1,0
47.531407,0,0,1,0,0,0,0,0,0
47.535243,0,1,0,0,0,0,0,0,0
47.548760,0,0,0,1,0,0,1,0,0
47.550317,0,0,0,0,0,1,0,0,1
47.564604,1,0,0,0,0,0,0,0,0
47.578978,0,0,0,0,1,0,0,1,0
47.584594,0,0,1,0,0,0,0,0,0
47.598415,0,0,0,0,0,1,0,0,1
47.599241,0,1,0,0,0,0,0,0,0
47.600857,0,0,0,1,0,0,1,0,0
47.613054,1,0,0,0,1,0,0,1,0
47.635812,0,0,1,0,0,0,0,0,0
47.636338,0,1,0,0,0,0,0,0,0
47.651446,0,0,0,1,0,0,1,0,0
47.652415,0,0,0,0,0,1,0,0,1
47.667505,1,0,0,0,1,0,0,1,0
47.685230,0,0,1,0,0,0,0,0,0
47.689526,0,1,0,0,0,0,0,0,0
47.699191,0,0,0,1,0,0,1,0,0
47.699565,0,0,0,0,0,1,0,0,1
47.718339,1,0,0,0,1,0,0,1,0
47.736529,0,0,1,0,0,0,0,0,0
47.740475,0,1,0,0,0,0,0,0,0
47.746518,0,0,0,0,0,1,0,0,1
47.749400,0,0,0,1,0,0,1,0,0
47.759903,1,0,0,0,1,0,0,1,0
47.779973,0,0,1,0,0,0,0,0,0
47.783680,0,1,0,0,0,0,0,0,0
47.800950,0,0,0,1,0,0,1,0,0
47.803208,0,0,0,0,0,1,0,0,1
47.811942,1,0,0,0,1,0,0,1,0
47.833008,0,1,0,0,0,0,0,0,0
47.836565,0,0,1,0,0,0,0,0,0
47.848445,0,0,0,0,0,1,0,0,1
47.850241,0,0,0,1,0,0,1,0,0
47.864560,1,0,0,0,1,0,0,1,0
47.887218,0,0,1,0,0,0,0,0,0
47.891826,0,1,0,0,0,0,0,0,0
47.900885,0,0,0,1,0,0,1,0,0
47.902060,0,0,0,0,0,1,0,0,1
47.919208,1,0,0,0,1,0,0,1,0
47.937090,0,0,1,0,0,0,0,0,0
47.940580,0,1,0,0,0,0,0,0,0
47.950808,0,0,0,1,0,0,1,0,0
47.952232,0,0,0,0,0,1,0,0,1
47.965911,1,0,0,0,0,0,0,0,0
47.985959,0,0,1,0,0,0,0,0,0
47.997621,0,0,0,0,1,1,0,1,1
47.999507,0,0,0,1,0,0,1,0,0
48.010148,1,0,0,0,0,0,0,0,0
48.021079,0,0,0,0,1,0,0,1,0
48.024094,0,1,0,0,0,0,0,0,0
48.035184,0,0,1,0,0,0,0,0,0
48.044488,0,1,0,0,0,0,0,0,0
48.047312,0,0,0,0,0,1,0,0,1
48.048663,0,0,0,1,0,0,1,0,0
48.061848,1,0,0,0,0,0,0,0,0
48.085213,0,0,1,0,1,0,0,1,0
48.099200,0,0,0,1,0,0,1,0,0
48.103872,0,0,0,0,0,1,0,0,1
48.107340,0,1,0,0,0,0,0,0,0
48.112817,1,0,0,0,1,0,0,1,0
48.140979,0,1,0,0,0,0,0,0,0
48.143673,0,0,1,0,0,0,0,0,0
48.148827,0,0,0,0,0,1,0,0,1
48.149671,0,0,0,1,0,0,1,0,0
48.167193,1,0,0,0,1,0,0,1,0
48.184052,0,0,1,0,0,0,0,0,0
48.192846,0,1,0,0,0,0,0,0,0
48.199776,0,0,0,1,0,0,1,0,0
48.203654,0,0,0,0,0,1,0,0,1
48.211753,1,0,0,0,0,0,0,0,0
48.215659,0,0,0,0,1,0,0,1,0
48.239378,0,0,1,0,0,0,0,0,0
48.242206,0,1,0,0,0,0,0,0,0
48.249318,0,0,0,1,0,0,1,0,0
48.251768,0,0,0,0,0,1,0,0,1
48.267583,1,0,0,0,0,0,0,0,0
48.284537,0,0,0,0,1,0,0,1,0
48.289240,0,0,1,0,0,0,0,0,0
48.300404,0,0,0,1,0,0,1,0,0
48.303289,0,0,0,0,0,1,0,0,1
48.305981,0,1,0,0,0,0,0,0,0
48.313645,1,0,0,0,1,0,0,1,0
48.335778,0,0,1,0,0,0,0,0,0
48.336071,0,1,0,0,0,0,0,0,0
48.350031,0,0,0,1,0,0,1,0,0
48.350950,0,0,0,0,0,1,0,0,1
48.366742,1,0,0,0,1,0,0,1,0
48.386771,0,0,1,0,0,0,0,0,0
48.394480,0,1,0,0,0,0,0,0,0
48.400493,0,0,0,1,0,0,1,0,0
48.401456,0,0,0,0,0,1,0,0,1
48.412429,1,0,0,0,0,0,0,0,0
48.423350,0,0,0,0,1,0,0,1,0
48.438228,0,0,1,0,0,0,0,0,0
48.443821,0,1,0,0,0,0,0,0,0
48.450184,0,0,0,1,0,0,1,0,0
48.452783,0,0,0,0,0,1,0,0,1
48.467541,1,0,0,0,1,0,0,1,0
48.490366,0,0,1,0,0,0,0,0,0
48.491996,0,1,0,0,0,0,0,0,0
48.496401,0,0,0,0,0,1,0,0,1
48.499806,0,0,0,1,0,0,1,0,0
48.517515,1,0,0,0,0,0,0,0,0
48.528328,0,0,1,0,1,0,0,1,0
48.547629,0,0,0,0,0,1,0,0,1
48.548887,0,0,0,1,0,0,1,0,0
48.553505,0,1,0,0,0,0,0,0,0
48.563385,1,0,0,0,0,0,0,0,0
48.578095,0,0,0,0,1,0,0,1,0
48.586912,0,0,1,0,0,0,0,0,0
48.599144,0,0,0,0,0,1,0,0,1
48.599976,0,0,0,1,0,0,1,0,0
48.607479,0,1,0,0,0,0,0,0,0
48.615136,1,0,0,0,0,0,0,0,0
48.637739,0,0,1,0,1,0,0,1,0
48.651009,0,0,0,1,0,0,1,0,0
48.653818,0,0,0,0,0,1,0,0,1
48.663005,0,1,0,0,0,0,0,0,0
48.664678,1,0,0,0,0,0,0,0,0
48.690685,0,0,1,0,0,0,0,0,0
48.697056,0,0,0,0,1,1,0,1,1
48.699195,0,0,0,1,0,0,1,0,0
48.712389,1,0,0,0,0,0,0,0,0
48.725809,0,1,0,0,1,0,0,1,0
48.731688,0,0,1,0,0,0,0,0,0
48.749435,0,0,0,0,0,1,0,0,1
48.749894,0,1,0,0,0,0,0,0,0
48.750984,0,0,0,1,0,0,1,0,0
48.770876,1,0,0,0,1,0,0,1,0
48.783586,0,0,1,0,0,0,0,0,0
48.795402,0,1,0,0,0,0,0,0,0
48.798750,0,0,0,0,0,1,0,0,1
48.800622,0,0,0,1,0,0,1,0,0
48.816505,1,0,0,0,0,0,0,0,0
48.838276,0,0,1,0,1,0,0,1,0
48.848337,0,0,0,0,0,1,0,0,1
48.849465,0,0,0,1,0,0,1,0,0
48.863527,1,0,0,0,0,0,0,0,0
48.864442,0,1,0,0,1,0,0,1,0
48.883644,0,0,1,0,0,0,0,0,0
48.887069,0,1,0,0,0,0,0,0,0
48.897162,0,0,0,0,0,1,0,0,1
48.901207,0,0,0,1,0,0,1,0,0
48.916923,1,0,0,0,1,0,0,1,0
48.930232,0,0,1,0,0,0,0,0,0
48.942543,0,1,0,0,0,0,0,0,0
48.948064,0,0,0,1,0,0,1,0,0
48.953072,0,0,0,0,0,1,0,0,1
48.962342,1,0,0,0,0,0,0,0,0
48.988359,0,0,1,0,0,0,0,0,0
48.998994,0,0,0,1,1,0,1,1,0
49.002908,0,0,0,0,0,1,0,0,1
49.013563,1,0,0,0,0,0,0,0,0
49.020242,0,0,0,0,1,0,0,1,0
49.023582,0,1,0,0,0,0,0,0,0
49.038357,0,0,1,0,0,0,0,0,0
49.048148,0,1,0,0,0,0,0,0,0
49.049007,0,0,0,0,0,1,0,0,1
49.049321,0,0,0,1,0,0,1,0,0
49.062351,1,0,0,0,1,0,0,1,0
49.087544,0,1,0,0,0,0,0,0,0
49.088652,0,0,1,0,0,0,0,0,0
49.098020,0,0,0,0,0,1,0,0,1
49.101295,0,0,0,1,0,0,1,0,0
49.117214,1,0,0,0,0,0,0,0,0
49.136631,0,0,1,0,0,0,0,0,0
49.148633,0,0,0,0,0,1,0,0,1
49.149601,0,0,0,0,1,0,0,1,0
49.150477,0,0,0,1,0,0,1,0,0
49.161841,1,0,0,0,1,0,0,1,0
49.172504,0,1,0,0,0,0,0,0,0
49.186581,0,0,1,0,0,0,0,0,0
49.190183,0,1,0,0,0,0,0,0,0
49.196879,0,0,0,0,0,1,0,0,1
49.200878,0,0,0,1,0,0,1,0,0
49.213484,1,0,0,0,1,0,0,1,0
49.234397,0,1,0,0,0,0,0,0,0
49.235124,0,0,1,0,0,0,0,0,0
49.249463,0,0,0,1,0,0,1,0,0
49.249505,0,0,0,0,0,1,0,0,1
49.267060,1,0,0,0,0,0,0,0,0
49.283329,0,0,1,0,0,0,0,0,0
49.298075,0,0,0,0,1,1,0,1,1
49.301010,0,0,0,1,0,0,1,0,0
49.312360,1,0,0,0,1,0,0,1,0
49.319431,0,1,0,0,0,0,0,0,0
49.329596,0,0,1,0,0,0,0,0,0
49.332732,0,1,0,0,0,0,0,0,0
49.350071,0,0,0,1,0,0,1,0,0
49.353738,0,0,0,0,0,1,0,0,1
49.363220,1,0,0,0,0,0,0,0,0
49.386438,0,0,1,0,1,0,0,1,0
49.399321,0,0,0,1,0,0,1,0,0
49.400424,0,0,0,0,0,1,0,0,1
49.409945,1,0,0,0,0,0,0,0,0
49.411037,0,0,0,0,1,0,0,1,0
49.415747,0,1,0,0,0,0,0,0,0
49.436114,0,0,1,0,0,0,0,0,0
49.440507,0,1,0,0,0,0,0,0,0
49.449253,0,0,0,0,0,1,0,0,1
49.449768,0,0,0,1,0,0,1,0,0
49.464583,1,0,0,0,0,0,0,0,0
49.482652,0,0,1,0,0,0,0,0,0
49.485641,0,0,0,0,1,0,0,1,0
49.498618,0,0,0,1,0,0,1,0,0
49.499512,0,0,0,0,0,1,0,0,1
49.507315,0,1,0,0,0,0,0,0,0
49.511633,1,0,0,0,1,0,0,1,0
49.532433,0,1,0,0,0,0,0,0,0
49.536972,0,0,1,0,0,0,0,0,0
49.550508,0,0,0,1,0,0,1,0,0
49.550545,0,0,0,0,0,1,0,0,1
49.570244,1,0,0,0,1,0,0,1,0
49.584920,0,0,1,0,0,0,0,0,0
49.596544,0,1,0,0,0,0,0,0,0
49.598131,0,0,0,1,0,0,1,0,0
49.600061,0,0,0,0,0,1,0,0,1
49.611977,1,0,0,0,1,0,0,1,0
49.634439,0,0,1,0,0,0,0,0,0
49.637271,0,1,0,0,0,0,0,0,0
49.646511,0,0,0,0,0,1,0,0,1
49.648244,0,0,0,1,0,0,1,0,0
49.661260,1,0,0,0,1,0,0,1,0
49.682979,0,0,1,0,0,0,0,0,0
49.688551,0,1,0,0,0,0,0,0,0
49.697508,0,0,0,0,0,1,0,0,1
49.700921,0,0,0,1,0,0,1,0,0
49.714939,1,0,0,0,0,0,0,0,0
49.731471,0,0,1,0,0,0,0,0,0
49.749284,0,0,0,1,0,0,1,0,0
49.751466,0,0,0,0,0,1,0,0,1
49.767065,1,0,0,0,0,0,0,0,0
49.771438,0,0,0,0,1,0,0,1,0
49.789471,0,0,1,0,0,0,0,0,0
49.790683,0,0,0,0,1,0,0,1,0
49.792024,0,1,0,0,0,0,0,0,0
49.800364,0,0,0,1,0,0,1,0,0
49.803275,0,0,0,0,0,1,0,0,1
49.812009,0,1,0,0,0,0,0,0,0
49.816143,1,0,0,0,0,0,0,0,0
49.839086,0,0,1,0,0,0,0,0,0
49.846606,0,0,0,0,1,0,0,1,0
49.850027,0,0,0,1,0,0,1,0,0
49.851856,0,0,0,0,0,1,0,0,1
49.862639,1,0,0,0,1,0,0,1,0
49.867279,0,1,0,0,0,0,0,0,0
49.883231,0,0,1,0,0,0,0,0,0
49.886905,0,1,0,0,0,0,0,0,0
49.899715,0,0,0,1,0,0,1,0,0
49.901229,0,0,0,0,0,1,0,0,1
49.913108,1,0,0,0,1,0,0,1,0
49.938586,0,0,1,0,0,0,0,0,0
49.940101,0,1,0,0,0,0,0,0,0
49.949431,0,0,0,1,0,0,1,0,0
49.951728,0,0,0,0,0,1,0,0,1
49.964617,1,0,0,0,1,0,0,1,0
49.986644,0,0,1,0,0,0,0,0,0
49.991444,0,1,0,0,0,0,0,0,0
49.997653,0,0,0,0,0,1,0,0,1
49.999611,0,0,0,1,0,0,1,0,0
50.013798,1,0,0,0,0,0,0,0,0
50.035740,0,0,1,0,1,0,0,1,0
50.049223,0,0,0,1,0,0,1,0,0
50.049829,0,0,0,0,0,1,0,0,1
50.058057,0,1,0,0,0,0,0,0,0
50.063120,1,0,0,0,1,0,0,1,0
50.086535,0,1,0,0,0,0,0,0,0
50.087616,0,0,1,0,0,0,0,0,0
50.100229,0,0,0,1,0,0,1,0,0
50.102678,0,0,0,0,0,1,0,0,1
50.114007,1,0,0,0,0,0,0,0,0
50.119941,0,0,0,0,1,0,0,1,0
50.141023,0,0,1,0,0,0,0,0,0
50.146792,0,1,0,0,0,0,0,0,0
50.148055,0,0,0,0,0,1,0,0,1
50.150279,0,0,0,1,0,0,1,0,0
50.167978,1,0,0,0,1,0,0,1,0
50.187161,0,0,1,0,0,0,0,0,0
50.192749,0,1,0,0,0,0,0,0,0
50.199458,0,0,0,1,0,0,1,0,0
50.203805,0,0,0,0,0,1,0,0,1
50.218842,1,0,0,0,0,0,0,0,0
50.240135,0,0,1,0,1,0,0,1,0
50.249548,0,0,0,0,0,1,0,0,1
50.251718,0,0,0,1,0,0,1,0,0
50.266899,1,0,0,0,0,0,0,0,0
50.268120,0,0,0,0,1,0,0,1,0
50.269180,0,1,0,0,0,0,0,0,0
50.284400,0,0,1,0,0,0,0,0,0
50.296134,0,1,0,0,0,0,0,0,0
50.299252,0,0,0,1,0,0,1,0,0
50.302939,0,0,0,0,0,1,0,0,1
50.311393,1,0,0,0,1,0,0,1,0
50.338505,0,1,0,0,0,0,0,0,0
50.340645,0,0,1,0,0,0,0,0,0
50.349404,0,0,0,0,0,1,0,0,1
50.349986,0,0,0,1,0,0,1,0,0
50.362959,1,0,0,0,0,0,0,0,0
50.383942,0,0,1,0,1,0,0,1,0
50.399884,0,0,0,0,0,1,0,0,1
50.401577,0,0,0,1,0,0,1,0,0
50.409793,0,1,0,0,0,0,0,0,0
50.414848,1,0,0,0,0,0,0,0,0
50.435134,0,0,1,0,1,0,0,1,0
50.449211,0,0,0,1,0,0,1,0,0
50.451332,0,0,0,0,0,1,0,0,1
50.457348,0,1,0,0,0,0,0,0,0
50.469064,1,0,0,0,1,0,0,1,0
50.490551,0,0,1,0,0,0,0,0,0
50.491364,0,1,0,0,0,0,0,0,0
50.497990,0,0,0,0,0,1,0,0,1
50.499469,0,0,0,1,0,0,1,0,0
50.511736,1,0,0,0,0,0,0,0,0
50.532314,0,0,1,0,0,0,0,0,0
50.534587,0,0,0,0,1,0,0,1,0
50.550569,0,0,0,1,0,0,1,0,0
50.552351,0,0,0,0,0,1,0,0,1
50.558376,0,1,0,0,0,0,0,0,0
50.566804,1,0,0,0,1,0,0,1,0
50.591132,0,1,0,0,0,0,0,0,0
50.591752,0,0,1,0,0,0,0,0,0
50.596313,0,0,0,0,0,1,0,0,1
50.599647,0,0,0,1,0,0,1,0,0
50.616105,1,0,0,0,1,0,0,1,0
50.633135,0,0,1,0,0,0,0,0,0
50.640050,0,1,0,0,0,0,0,0,0
50.648315,0,0,0,1,0,0,1,0,0
50.649254,0,0,0,0,0,1,0,0,1
50.660351,1,0,0,0,0,0,0,0,0
50.682636,0,0,1,0,0,0,0,0,0
50.698780,0,0,0,0,0,1,0,0,1
50.700400,0,0,0,1,0,0,1,0,0
50.715183,1,0,0,0,1,0,0,1,0
50.734372,0,0,1,0,1,0,0,1,0
50.743341,0,1,0,0,0,0,0,0,0
50.749167,0,0,0,0,0,1,0,0,1
50.749799,0,0,0,1,0,0,1,0,0
50.758800,0,1,0,0,0,0,0,0,0
50.765737,1,0,0,0,1,0,0,1,0
50.785856,0,1,0,0,0,0,0,0,0
50.786122,0,0,1,0,0,0,0,0,0
50.800288,0,0,0,0,0,1,0,0,1
50.801269,0,0,0,1,0,0,1,0,0
50.812945,1,0,0,0,0,0,0,0,0
50.838438,0,0,1,0,1,0,0,1,0
50.851527,0,0,0,1,0,0,1,0,0
50.852807,0,0,0,0,0,1,0,0,1
50.859225,0,1,0,0,0,0,0,0,0
50.865439,1,0,0,0,0,0,0,0,0
50.884068,0,0,1,0,0,0,0,0,0
50.899201,0,0,0,0,1,1,0,1,1
50.900033,0,0,0,1,0,0,1,0,0
50.915246,1,0,0,0,0,0,0,0,0
50.922019,0,1,0,0,1,0,0,1,0
50.935664,0,0,1,0,0,0,0,0,0
50.945155,0,1,0,0,0,0,0,0,0
50.948024,0,0,0,0,0,1,0,0,1
50.950607,0,0,0,1,0,0,1,0,0
50.963627,1,0,0,0,1,0,0,1,0
50.983807,0,0,1,0,0,0,0,0,0
50.988090,0,1,0,0,0,0,0,0,0
50.999659,0,0,0,1,0,0,1,0,0
51.002049,0,0,0,0,0,1,0,0,1
51.017116,1,0,0,0,0,0,0,0,0
51.026023,0,0,0,0,1,0,0,1,0
51.039419,0,0,1,0,0,0,0,0,0
51.050698,0,0,0,1,0,0,1,0,0
51.052115,0,0,0,0,0,1,0,0,1
51.053645,0,1,0,0,0,0,0,0,0
51.067589,1,0,0,0,0,0,0,0,0
51.088797,0,0,1,0,0,0,0,0,0
51.098462,0,0,0,0,1,1,0,1,1
51.100731,0,0,0,1,0,0,1,0,0
51.117654,1,0,0,0,0,0,0,0,0
51.118686,0,0,0,0,1,0,0,1,0
51.119817,0,1,0,0,0,0,0,0,0
51.134392,0,0,1,0,0,0,0,0,0
51.142347,0,1,0,0,0,0,0,0,0
51.148388,0,0,0,1,0,0,1,0,0
51.151346,0,0,0,0,0,1,0,0,1
51.159423,1,0,0,0,1,0,0,1,0
51.180408,0,1,0,0,0,0,0,0,0
51.189850,0,0,1,0,0,0,0,0,0
51.198592,0,0,0,1,0,0,1,0,0
51.200313,0,0,0,0,0,1,0,0,1
51.209817,1,0,0,0,0,0,0,0,0
51.239709,0,0,1,0,1,0,0,1,0
51.249475,0,0,0,1,0,0,1,0,0
51.253259,0,0,0,0,0,1,0,0,1
51.261834,0,1,0,0,0,0,0,0,0
51.262708,1,0,0,0,0,0,0,0,0
51.286993,0,0,1,0,1,0,0,1,0
51.298927,0,0,0,0,0,1,0,0,1
51.299229,0,0,0,1,0,0,1,0,0
51.310114,0,1,0,0,0,0,0,0,0
51.314583,1,0,0,0,0,0,0,0,0
51.332162,0,0,1,0,1,0,0,1,0
51.350488,0,0,0,1,0,0,1,0,0
51.351844,0,0,0,0,0,1,0,0,1
51.356491,0,1,0,0,0,0,0,0,0
51.368316,1,0,0,0,1,0,0,1,0
51.384032,0,0,1,0,0,0,0,0,0
51.392421,0,1,0,0,0,0,0,0,0
51.399532,0,0,0,0,0,1,0,0,1
51.400109,0,0,0,1,0,0,1,0,0
51.417677,1,0,0,0,1,0,0,1,0
51.433465,0,0,1,0,0,0,0,0,0
51.442245,0,1,0,0,0,0,0,0,0
51.450767,0,0,0,1,0,0,1,0,0
51.451907,0,0,0,0,0,1,0,0,1
51.462516,1,0,0,0,0,0,0,0,0
51.468543,0,0,0,0,1,0,0,1,0
51.487820,0,0,1,0,0,0,0,0,0
51.495982,0,1,0,0,0,0,0,0,0
51.500089,0,0,0,1,0,0,1,0,0
51.503475,0,0,0,0,0,1,0,0,1
51.513316,1,0,0,0,1,0,0,1,0
51.541173,0,0,1,0,0,0,0,0,0
51.541571,0,1,0,0,0,0,0,0,0
51.549435,0,0,0,1,0,0,1,0,0
51.549640,0,0,0,0,0,1,0,0,1
51.564123,1,0,0,0,1,0,0,1,0
51.586651,0,1,0,0,0,0,0,0,0
51.587312,0,0,1,0,0,0,0,0,0
51.597672,0,0,0,0,0,1,0,0,1
51.600177,0,0,0,1,0,0,1,0,0
51.611674,1,0,0,0,0,0,0,0,0
51.634039,0,0,1,0,1,0,0,1,0
51.647580,0,0,0,0,0,1,0,0,1
51.648391,0,0,0,1,0,0,1,0,0
51.660452,0,1,0,0,0,0,0,0,0
51.663993,1,0,0,0,0,0,0,0,0
51.685239,0,0,1,0,0,0,0,0,0
51.693445,0,0,0,0,1,0,0,1,0
51.699157,0,0,0,0,0,1,0,0,1
51.699510,0,0,0,1,0,0,1,0,0
51.712895,1,0,0,0,0,0,0,0,0
51.715685,0,1,0,0,0,0,0,0,0
51.736516,0,0,1,0,0,0,0,0,0
51.748169,0,0,0,0,1,1,0,1,1
51.750881,0,0,0,1,0,0,1,0,0
51.762770,1,0,0,0,1,0,0,1,0
51.775827,0,1,0,0,0,0,0,0,0
51.782528,0,0,1,0,0,0,0,0,0
51.791995,0,1,0,0,0,0,0,0,0
51.801482,0,0,0,1,0,0,1,0,0
51.803109,0,0,0,0,0,1,0,0,1
51.815825,1,0,0,0,0,0,0,0,0
51.838312,0,0,1,0,1,0,0,1,0
51.849302,0,0,0,0,0,1,0,0,1
51.851618,0,0,0,1,0,0,1,0,0
51.867539,0,1,0,0,0,0,0,0,0
51.867557,1,0,0,0,0,0,0,0,0
51.886032,0,0,1,0,1,0,0,1,0
51.900042,0,0,0,1,0,0,1,0,0
51.901794,0,0,0,0,0,1,0,0,1
51.907732,0,1,0,0,0,0,0,0,0
51.917003,1,0,0,0,1,0,0,1,0
51.936569,0,0,1,0,0,0,0,0,0
51.939143,0,1,0,0,0,0,0,0,0
51.948490,0,0,0,1,0,0,1,0,0
51.948985,0,0,0,0,0,1,0,0,1
51.961041,1,0,0,0,0,0,0,0,0
51.982638,0,0,0,0,1,0,0,1,0
51.986414,0,0,1,0,0,0,0,0,0
52.000428,0,0,0,1,0,0,1,0,0
52.003065,0,1,0,0,0,0,0,0,0
52.003526,0,0,0,0,0,1,0,0,1
52.013501,1,0,0,0,0,0,0,0,0
52.039270,0,0,1,0,0,0,0,0,0
52.046528,0,0,0,0,1,1,0,1,1
52.048110,0,0,0,1,0,0,1,0,0
52.060496,1,0,0,0,0,0,0,0,0
52.067459,0,1,0,0,1,0,0,1,0
52.081600,0,0,1,0,0,0,0,0,0
52.090720,0,1,0,0,0,0,0,0,0
52.100556,0,0,0,1,0,0,1,0,0
52.100961,0,0,0,0,0,1,0,0,1
52.118352,1,0,0,0,0,0,0,0,0
52.132525,0,0,1,0,0,0,0,0,0
52.143555,0,0,0,0,1,0,0,1,0
52.149307,0,0,0,0,0,1,0,0,1
52.150205,0,0,0,1,0,0,1,0,0
52.163175,1,0,0,0,1,0,0,1,0
52.168207,0,1,0,0,0,0,0,0,0
52.184515,0,0,1,0,0,0,0,0,0
52.187988,0,1,0,0,0,0,0,0,0
52.196782,0,0,0,0,0,1,0,0,1
52.199894,0,0,0,1,0,0,1,0,0
52.217042,1,0,0,0,1,0,0,1,0
52.232733,0,0,1,0,0,0,0,0,0
52.241768,0,1,0,0,0,0,0,0,0
52.248216,0,0,0,0,0,1,0,0,1
52.250047,0,0,0,1,0,0,1,0,0
52.264284,1,0,0,0,1,0,0,1,0
52.283637,0,0,1,0,0,0,0,0,0
52.285005,0,1,0,0,0,0,0,0,0
52.299743,0,0,0,1,0,0,1,0,0
52.300412,0,0,0,0,0,1,0,0,1
52.310195,1,0,0,0,1,0,0,1,0
52.333758,0,1,0,0,0,0,0,0,0
52.337853,0,0,1,0,0,0,0,0,0
52.349490,0,0,0,1,0,0,1,0,0
52.350711,0,0,0,0,0,1,0,0,1
52.359750,1,0,0,0,1,0,0,1,0
52.381860,0,1,0,0,0,0,0,0,0
52.387737,0,0,1,0,0,0,0,0,0
52.399613,0,0,0,1,0,0,1,0,0
52.401040,0,0,0,0,0,1,0,0,1
52.419569,1,0,0,0,1,0,0,1,0
52.436352,0,0,1,0,0,0,0,0,0
52.446734,0,1,0,0,0,0,0,0,0
52.448569,0,0,0,1,0,0,1,0,0
52.451982,0,0,0,0,0,1,0,0,1
52.460456,1,0,0,0,1,0,0,1,0
52.488504,0,0,1,0,0,0,0,0,0
52.489221,0,1,0,0,0,0,0,0,0
52.496701,0,0,0,0,0,1,0,0,1
52.500703,0,0,0,1,0,0,1,0,0
52.518357,1,0,0,0,1,0,0,1,0
52.534682,0,0,1,0,0,0,0,0,0
52.545249,0,1,0,0,0,0,0,0,0
52.549308,0,0,0,1,0,0,1,0,0
52.549748,0,0,0,0,0,1,0,0,1
52.567234,1,0,0,0,0,0,0,0,0
52.586589,0,0,1,0,0,0,0,0,0
52.587873,0,0,0,0,1,0,0,1,0
52.600138,0,0,0,1,0,0,1,0,0
52.602904,0,0,0,0,0,1,0,0,1
52.612254,0,1,0,0,0,0,0,0,0
52.615187,1,0,0,0,1,0,0,1,0
52.637549,0,0,1,0,0,0,0,0,0
52.641782,0,1,0,0,0,0,0,0,0
52.647901,0,0,0,0,0,1,0,0,1
52.649647,0,0,0,1,0,0,1,0,0
52.667194,1,0,0,0,0,0,0,0,0
52.685038,0,0,0,0,1,0,0,1,0
52.687363,0,0,1,0,0,0,0,0,0
52.699606,0,0,0,0,0,1,0,0,1
52.701309,0,0,0,1,0,0,1,0,0
52.712601,0,1,0,0,0,0,0,0,0
52.720730,1,0,0,0,0,0,0,0,0
52.735122,0,0,1,0,0,0,0,0,0
52.751334,0,0,0,1,1,0,1,1,0
52.751517,0,0,0,0,0,1,0,0,1
52.762543,1,0,0,0,1,0,0,1,0
52.776826,0,1,0,0,0,0,0,0,0
52.785525,0,0,1,0,0,0,0,0,0
52.786080,0,1,0,0,0,0,0,0,0
52.801654,0,0,0,1,0,0,1,0,0
52.803507,0,0,0,0,0,1,0,0,1
52.818343,1,0,0,0,0,0,0,0,0
52.841922,0,0,1,0,0,0,0,0,0
52.845631,0,0,0,0,1,0,0,1,0
52.848663,0,0,0,1,0,0,1,0,0
52.849202,0,0,0,0,0,1,0,0,1
52.863289,1,0,0,0,0,0,0,0,0
52.870778,0,0,0,0,1,0,0,1,0
52.872208,0,1,0,0,0,0,0,0,0
52.886300,0,0,1,0,0,0,0,0,0
52.892859,0,1,0,0,0,0,0,0,0
52.901262,0,0,0,1,0,0,1,0,0
52.902038,0,0,0,0,0,1,0,0,1
52.918675,1,0,0,0,0,0,0,0,0
52.940355,0,0,1,0,0,0,0,0,0
52.941539,0,0,0,0,1,0,0,1,0
52.950239,0,0,0,0,0,1,0,0,1
52.950482,0,0,0,1,0,0,1,0,0
52.962376,1,0,0,0,0,0,0,0,0
52.964917,0,1,0,0,0,0,0,0,0
52.986687,0,0,1,0,0,0,0,0,0
53.000148,0,0,0,1,0,0,1,0,0
53.000812,0,0,0,0,1,0,0,1,0
53.001606,0,0,0,0,0,1,0,0,1
53.011137,1,0,0,0,0,0,0,0,0
53.021696,0,1,0,0,1,0,0,1,0
53.032939,0,0,1,0,0,0,0,0,0
53.043531,0,1,0,0,0,0,0,0,0
53.049030,0,0,0,1,0,0,1,0,0
53.050068,0,0,0,0,0,1,0,0,1
53.063137,1,0,0,0,1,0,0,1,0
53.085318,0,0,1,0,0,0,0,0,0
53.086932,0,1,0,0,0,0,0,0,0
53.098870,0,0,0,1,0,0,1,0,0
53.103916,0,0,0,0,0,1,0,0,1
53.112119,1,0,0,0,0,0,0,0,0
53.130224,0,0,0,0,1,0,0,1,0
53.137663,0,0,1,0,0,0,0,0,0
53.149380,0,0,0,0,0,1,0,0,1
53.150183,0,0,0,1,0,0,1,0,0
53.152995,0,1,0,0,0,0,0,0,0
53.169798,1,0,0,0,0,0,0,0,0
53.171939,0,0,0,0,1,0,0,1,0
53.179960,0,0,1,0,0,0,0,0,0
53.196020,0,1,0,0,0,0,0,0,0
53.198639,0,0,0,1,0,0,1,0,0
53.201790,0,0,0,0,0,1,0,0,1
53.210729,1,0,0,0,1,0,0,1,0
53.231664,0,1,0,0,0,0,0,0,0
53.240974,0,0,1,0,0,0,0,0,0
53.250978,0,0,0,1,0,0,1,0,0
53.252260,0,0,0,0,0,1,0,0,1
53.264954,1,0,0,0,0,0,0,0,0
53.290905,0,0,1,0,1,0,0,1,0
53.300888,0,0,0,0,0,1,0,0,1
53.301641,0,0,0,1,0,0,1,0,0
53.314604,0,1,0,0,0,0,0,0,0
53.318220,1,0,0,0,1,0,0,1,0
53.339175,0,0,1,0,0,0,0,0,0
53.346325,0,1,0,0,0,0,0,0,0
53.348576,0,0,0,1,0,0,1,0,0
53.350448,0,0,0,0,0,1,0,0,1
53.360082,1,0,0,0,0,0,0,0,0
53.366931,0,0,0,0,1,0,0,1,0
53.388592,0,0,1,0,0,0,0,0,0
53.395065,0,1,0,0,0,0,0,0,0
53.399728,0,0,0,1,0,0,1,0,0
53.400048,0,0,0,0,0,1,0,0,1
53.412000,1,0,0,0,0,0,0,0,0
53.432105,0,0,0,0,1,0,0,1,0
53.433790,0,0,1,0,0,0,0,0,0
53.450712,0,0,0,1,0,0,1,0,0
53.453872,0,0,0,0,0,1,0,0,1
53.456287,0,1,0,0,0,0,0,0,0
53.469150,1,0,0,0,0,0,0,0,0
53.490939,0,0,1,0,0,0,0,0,0
53.500280,0,0,0,1,0,0,1,0,0
53.500657,0,0,0,0,1,0,0,1,0
53.501033,0,0,0,0,0,1,0,0,1
53.519898,1,0,0,0,0,0,0,0,0
53.521905,0,1,0,0,0,0,0,0,0
53.538988,0,0,1,0,1,0,0,1,0
53.548841,0,0,0,1,0,0,1,0,0
53.551938,0,0,0,0,0,1,0,0,1
53.561714,1,0,0,0,0,0,0,0,0
53.565396,0,1,0,0,0,0,0,0,0
53.576855,0,0,0,0,1,0,0,1,0
53.585306,0,0,1,0,0,0,0,0,0
53.601917,0,0,0,1,0,0,1,0,0
53.602014,0,0,0,0,0,1,0,0,1
53.606284,0,1,0,0,0,0,0,0,0
53.613987,1,0,0,0,0,0,0,0,0
53.636182,0,0,1,0,1,0,0,1,0
53.649773,0,0,0,0,0,1,0,0,1
53.651270,0,0,0,1,0,0,1,0,0
53.658534,0,1,0,0,0,0,0,0,0
53.669666,1,0,0,0,0,0,0,0,0
53.679265,0,0,0,0,1,0,0,1,0
53.688317,0,0,1,0,0,0,0,0,0
53.699960,0,1,0,0,0,0,0,0,0
53.700347,0,0,0,1,0,0,1,0,0
53.701763,0,0,0,0,0,1,0,0,1
53.717361,1,0,0,0,1,0,0,1,0
53.737936,0,0,1,0,0,0,0,0,0
53.743981,0,1,0,0,0,0,0,0,0
53.746476,0,0,0,0,0,1,0,0,1
53.751974,0,0,0,1,0,0,1,0,0
53.768508,1,0,0,0,0,0,0,0,0
53.780734,0,0,1,0,1,0,0,1,0
53.798723,0,0,0,0,0,1,0,0,1
53.799465,0,0,0,1,0,0,1,0,0
53.802654,0,1,0,0,0,0,0,0,0
53.815678,1,0,0,0,0,0,0,0,0
53.833188,0,0,1,0,0,0,0,0,0
53.845225,0,0,0,0,1,0,0,1,0
53.850656,0,0,0,1,0,0,1,0,0
53.852274,0,0,0,0,0,1,0,0,1
53.863054,1,0,0,0,0,0,0,0,0
53.870507,0,1,0,0,1,0,0,1,0
53.883830,0,0,1,0,0,0,0,0,0
53.891070,0,1,0,0,0,0,0,0,0
53.896990,0,0,0,0,0,1,0,0,1
53.899937,0,0,0,1,0,0,1,0,0
53.918209,1,0,0,0,0,0,0,0,0
53.930209,0,0,1,0,1,0,0,1,0
53.948673,0,0,0,0,0,1,0,0,1
53.950765,0,0,0,1,0,0,1,0,0
53.958828,0,1,0,0,0,0,0,0,0
53.966103,1,0,0,0,1,0,0,1,0
53.987812,0,0,1,0,0,0,0,0,0
53.992368,0,1,0,0,0,0,0,0,0
53.996192,0,0,0,0,0,1,0,0,1
53.999038,0,0,0,1,0,0,1,0,0
54.012893,1,0,0,0,1,0,0,1,0
54.029346,0,0,1,0,0,0,0,0,0
54.040434,0,1,0,0,0,0,0,0,0
54.049465,0,0,0,1,0,0,1,0,0
54.051459,0,0,0,0,0,1,0,0,1
54.062058,1,0,0,0,0,0,0,0,0
54.074267,0,0,0,0,1,0,0,1,0
54.084402,0,0,1,0,0,0,0,0,0
54.099064,0,1,0,0,0,0,0,0,0
54.099084,0,0,0,1,0,0,1,0,0
54.101236,0,0,0,0,0,1,0,0,1
54.113901,1,0,0,0,0,0,0,0,0
54.132574,0,0,0,0,1,0,0,1,0
54.138355,0,0,1,0,0,0,0,0,0
54.149230,0,0,0,0,0,1,0,0,1
54.150520,0,0,0,1,0,0,1,0,0
54.153683,0,1,0,0,0,0,0,0,0
54.165124,1,0,0,0,0,0,0,0,0
54.188809,0,0,1,0,1,0,0,1,0
54.199861,0,0,0,0,0,1,0,0,1
54.200573,0,0,0,1,0,0,1,0,0
54.210827,0,1,0,0,0,0,0,0,0
54.215334,1,0,0,0,0,0,0,0,0
54.237855,0,0,1,0,1,0,0,1,0
54.249045,0,0,0,1,0,0,1,0,0
54.251420,0,0,0,0,0,1,0,0,1
54.261575,1,0,0,0,0,0,0,0,0
54.261951,0,1,0,0,1,0,0,1,0
54.284353,0,0,1,0,0,0,0,0,0
54.286592,0,1,0,0,0,0,0,0,0
54.300220,0,0,0,1,0,0,1,0,0
54.300477,0,0,0,0,0,1,0,0,1
54.314218,1,0,0,0,1,0,0,1,0
54.334605,0,0,1,0,0,0,0,0,0
54.342451,0,1,0,0,0,0,0,0,0
54.349354,0,0,0,1,0,0,1,0,0
54.352064,0,0,0,0,0,1,0,0,1
54.368349,1,0,0,0,1,0,0,1,0
54.384703,0,0,1,0,0,0,0,0,0
54.389578,0,1,0,0,0,0,0,0,0
54.399320,0,0,0,1,0,0,1,0,0
54.400494,0,0,0,0,0,1,0,0,1
54.409688,1,0,0,0,0,0,0,0,0
54.439312,0,0,1,0,1,0,0,1,0
54.448301,0,0,0,0,0,1,0,0,1
54.450260,0,0,0,1,0,0,1,0,0
54.462055,1,0,0,0,0,0,0,0,0
54.467203,0,1,0,0,1,0,0,1,0
54.484098,0,0,1,0,0,0,0,0,0
54.489716,0,1,0,0,0,0,0,0,0
54.496104,0,0,0,0,0,1,0,0,1
54.500544,0,0,0,1,0,0,1,0,0
54.517203,1,0,0,0,1,0,0,1,0
54.535920,0,0,1,0,0,0,0,0,0
54.537725,0,1,0,0,0,0,0,0,0
54.550774,0,0,0,1,0,0,1,0,0
54.553793,0,0,0,0,0,1,0,0,1
54.568848,1,0,0,0,0,0,0,0,0
54.586084,0,0,1,0,0,0,0,0,0
54.598062,0,0,0,1,1,0,1,1,0
54.601599,0,0,0,0,0,1,0,0,1
54.609781,1,0,0,0,0,0,0,0,0
54.616836,0,0,0,0,1,0,0,1,0
54.624985,0,1,0,0,0,0,0,0,0
54.639061,0,0,1,0,0,0,0,0,0
54.641950,0,1,0,0,0,0,0,0,0
54.649193,0,0,0,1,0,0,1,0,0
54.653119,0,0,0,0,0,1,0,0,1
54.662650,1,0,0,0,0,0,0,0,0
54.686579,0,0,1,0,1,0,0,1,0
54.700299,0,0,0,1,0,0,1,0,0
54.702810,0,0,0,0,0,1,0,0,1
54.707492,0,1,0,0,0,0,0,0,0
54.714743,1,0,0,0,1,0,0,1,0
54.734928,0,1,0,0,0,0,0,0,0
54.736792,0,0,1,0,0,0,0,0,0
54.749093,0,0,0,1,0,0,1,0,0
54.752377,0,0,0,0,0,1,0,0,1
54.768101,1,0,0,0,1,0,0,1,0
54.788303,0,0,1,0,0,0,0,0,0
54.792439,0,1,0,0,0,0,0,0,0
54.800824,0,0,0,1,0,0,1,0,0
54.802721,0,0,0,0,0,1,0,0,1
54.818154,1,0,0,0,1,0,0,1,0
54.837069,0,0,1,0,0,0,0,0,0
54.846682,0,1,0,0,0,0,0,0,0
54.848514,0,0,0,0,0,1,0,0,1
54.849207,0,0,0,1,0,0,1,0,0
54.863003,1,0,0,0,1,0,0,1,0
54.883726,0,0,1,0,0,0,0,0,0
54.885867,0,1,0,0,0,0,0,0,0
54.897314,0,0,0,0,0,1,0,0,1
54.899618,0,0,0,1,0,0,1,0,0
54.916019,1,0,0,0,1,0,0,1,0
54.934087,0,0,1,0,0,0,0,0,0
54.941419,0,1,0,0,0,0,0,0,0
54.946037,0,0,0,0,0,1,0,0,1
54.950779,0,0,0,1,0,0,1,0,0
54.964701,1,0,0,0,0,0,0,0,0
54.984610,0,0,1,0,0,0,0,0,0
54.999151,0,0,0,1,0,0,1,0,0
55.003934,0,0,0,0,1,1,0,1,1
55.014663,1,0,0,0,0,0,0,0,0
55.024098,0,1,0,0,1,0,0,1,0
55.041648,0,0,1,0,0,0,0,0,0
55.045037,0,1,0,0,0,0,0,0,0
55.047792,0,0,0,0,0,1,0,0,1
55.050402,0,0,0,1,0,0,1,0,0
55.063101,1,0,0,0,1,0,0,1,0
55.082369,0,0,1,0,0,0,0,0,0
55.085649,0,1,0,0,0,0,0,0,0
55.097614,0,0,0,0,0,1,0,0,1
55.099972,0,0,0,1,0,0,1,0,0
55.110221,1,0,0,0,1,0,0,1,0
55.136536,0,0,1,0,0,0,0,0,0
55.136766,0,1,0,0,0,0,0,0,0
55.149137,0,0,0,1,0,0,1,0,0
55.149915,0,0,0,0,0,1,0,0,1
55.159285,1,0,0,0,0,0,0,0,0
55.160871,0,0,0,0,1,0,0,1,0
55.182052,0,1,0,0,0,0,0,0,0
55.187889,0,0,1,0,0,0,0,0,0
55.200149,0,0,0,1,0,0,1,0,0
55.200420,0,0,0,0,0,1,0,0,1
55.215955,1,0,0,0,0,0,0,0,0
55.231456,0,0,1,0,0,0,0,0,0
55.246989,0,0,0,0,1,1,0,1,1
55.250240,0,0,0,1,0,0,1,0,0
55.266425,1,0,0,0,1,0,0,1,0
55.269602,0,1,0,0,0,0,0,0,0
55.285195,0,0,1,0,0,0,0,0,0
55.288567,0,1,0,0,0,0,0,0,0
55.298495,0,0,0,0,0,1,0,0,1
55.298813,0,0,0,1,0,0,1,0,0
55.311544,1,0,0,0,1,0,0,1,0
55.333760,0,0,1,0,0,0,0,0,0
55.336696,0,1,0,0,0,0,0,0,0
55.349887,0,0,0,1,0,0,1,0,0
55.353656,0,0,0,0,0,1,0,0,1
55.360172,1,0,0,0,1,0,0,1,0
55.385706,0,1,0,0,0,0,0,0,0
55.389146,0,0,1,0,0,0,0,0,0
55.398550,0,0,0,0,0,1,0,0,1
55.400711,0,0,0,1,0,0,1,0,0
55.411779,1,0,0,0,0,0,0,0,0
55.424603,0,0,0,0,1,0,0,1,0
55.430057,0,0,1,0,0,0,0,0,0
55.447379,0,1,0,0,0,0,0,0,0
55.451167,0,0,0,0,0,1,0,0,1
55.451352,0,0,0,1,0,0,1,0,0
55.470221,1,0,0,0,0,0,0,0,0
55.485425,0,0,1,0,0,0,0,0,0
55.498339,0,0,0,0,0,1,0,0,1
55.500071,0,0,0,0,1,0,0,1,0
55.501717,0,0,0,1,0,0,1,0,0
55.515641,1,0,0,0,0,0,0,0,0
55.523048,0,1,0,0,1,0,0,1,0
55.530535,0,0,1,0,0,0,0,0,0
55.547820,0,0,0,0,0,1,0,0,1
55.548165,0,0,0,1,0,0,1,0,0
55.552359,0,1,0,0,0,0,0,0,0
55.561507,1,0,0,0,1,0,0,1,0
55.579223,0,0,1,0,0,0,0,0,0
55.588669,0,1,0,0,0,0,0,0,0
55.598820,0,0,0,0,0,1,0,0,1
55.600064,0,0,0,1,0,0,1,0,0
55.611306,1,0,0,0,0,0,0,0,0
55.626508,0,0,0,0,1,0,0,1,0
55.636889,0,0,1,0,0,0,0,0,0
55.649973,0,0,0,1,0,0,1,0,0
55.653019,0,0,0,0,0,1,0,0,1
55.654959,0,1,0,0,0,0,0,0,0
55.664319,1,0,0,0,1,0,0,1,0
55.686683,0,1,0,0,0,0,0,0,0
55.690775,0,0,1,0,0,0,0,0,0
55.698218,0,0,0,1,0,0,1,0,0
55.703574,0,0,0,0,0,1,0,0,1
55.708874,1,0,0,0,0,0,0,0,0
55.734989,0,0,1,0,1,0,0,1,0
55.747215,0,0,0,0,0,1,0,0,1
55.750158,0,0,0,1,0,0,1,0,0
55.763736,0,1,0,0,0,0,0,0,0
55.765539,1,0,0,0,0,0,0,0,0
55.777313,0,0,0,0,1,0,0,1,0
55.781319,0,0,1,0,0,0,0,0,0
55.797528,0,1,0,0,0,0,0,0,0
55.800626,0,0,0,1,0,0,1,0,0
55.802995,0,0,0,0,0,1,0,0,1
55.814611,1,0,0,0,1,0,0,1,0
55.838292,0,1,0,0,0,0,0,0,0
55.838743,0,0,1,0,0,0,0,0,0
55.849463,0,0,0,1,0,0,1,0,0
55.852769,0,0,0,0,0,1,0,0,1
55.862103,1,0,0,0,1,0,0,1,0
55.887790,0,1,0,0,0,0,0,0,0
55.889215,0,0,1,0,0,0,0,0,0
55.899832,0,0,0,1,0,0,1,0,0
55.900284,0,0,0,0,0,1,0,0,1
55.910032,1,0,0,0,1,0,0,1,0
55.937994,0,1,0,0,0,0,0,0,0
55.940208,0,0,1,0,0,0,0,0,0
55.949679,0,0,0,1,0,0,1,0,0
55.953029,0,0,0,0,0,1,0,0,1
55.963445,1,0,0,0,1,0,0,1,0
55.987823,0,1,0,0,0,0,0,0,0
55.990952,0,0,1,0,0,0,0,0,0
56.001293,0,0,0,0,0,1,0,0,1
56.001755,0,0,0,1,0,0,1,0,0
56.015719,1,0,0,0,0,0,0,0,0
56.040434,0,0,1,0,1,0,0,1,0
56.051443,0,0,0,1,0,0,1,0,0
56.052710,0,0,0,0,0,1,0,0,1
56.067865,1,0,0,0,0,0,0,0,0
56.069451,0,1,0,0,0,0,0,0,0
56.089645,0,0,1,0,1,0,0,1,0
56.099272,0,0,0,0,0,1,0,0,1
56.101205,0,0,0,1,0,0,1,0,0
56.112345,0,1,0,0,0,0,0,0,0
56.118672,1,0,0,0,0,0,0,0,0
56.122167,0,0,0,0,1,0,0,1,0
56.134662,0,0,1,0,0,0,0,0,0
56.147021,0,1,0,0,0,0,0,0,0
56.147690,0,0,0,0,0,1,0,0,1
56.149739,0,0,0,1,0,0,1,0,0
56.168079,1,0,0,0,1,0,0,1,0
56.184429,0,0,1,0,0,0,0,0,0
56.189028,0,1,0,0,0,0,0,0,0
56.197110,0,0,0,0,0,1,0,0,1
56.201055,0,0,0,1,0,0,1,0,0
56.217105,1,0,0,0,1,0,0,1,0
56.231020,0,0,1,0,0,0,0,0,0
56.237580,0,1,0,0,0,0,0,0,0
56.247264,0,0,0,0,0,1,0,0,1
56.250379,0,0,0,1,0,0,1,0,0
56.265263,1,0,0,0,1,0,0,1,0
56.286878,0,0,1,0,0,0,0,0,0
56.294742,0,1,0,0,0,0,0,0,0
56.299569,0,0,0,1,0,0,1,0,0
56.300088,0,0,0,0,0,1,0,0,1
56.311785,1,0,0,0,1,0,0,1,0
56.337040,0,0,1,0,0,0,0,0,0
56.339510,0,1,0,0,0,0,0,0,0
56.348801,0,0,0,0,0,1,0,0,1
56.349544,0,0,0,1,0,0,1,0,0
56.360204,1,0,0,0,0,0,0,0,0
56.384182,0,0,1,0,1,0,0,1,0
56.401919,0,0,0,1,0,0,1,0,0
56.402034,0,0,0,0,0,1,0,0,1
56.408430,0,1,0,0,0,0,0,0,0
56.419305,1,0,0,0,1,0,0,1,0
56.441051,0,0,1,0,0,0,0,0,0
56.444071,0,1,0,0,0,0,0,0,0
56.449204,0,0,0,1,0,0,1,0,0
56.453077,0,0,0,0,0,1,0,0,1
56.459739,1,0,0,0,0,0,0,0,0
56.488952,0,0,1,0,1,0,0,1,0
56.499981,0,0,0,0,0,1,0,0,1
56.500217,0,0,0,1,0,0,1,0,0
56.516619,0,1,0,0,0,0,0,0,0
56.516625,1,0,0,0,0,0,0,0,0
56.522172,0,0,0,0,1,0,0,1,0
56.532637,0,0,1,0,0,0,0,0,0
56.544813,0,1,0,0,0,0,0,0,0
56.547703,0,0,0,0,0,1,0,0,1
56.551111,0,0,0,1,0,0,1,0,0
56.564893,1,0,0,0,0,0,0,0,0
56.570973,0,0,0,0,1,0,0,1,0
56.583585,0,0,1,0,0,0,0,0,0
56.592488,0,1,0,0,0,0,0,0,0
56.596205,0,0,0,0,0,1,0,0,1
56.600811,0,0,0,1,0,0,1,0,0
56.616118,1,0,0,0,1,0,0,1,0
56.632089,0,0,1,0,0,0,0,0,0
56.646060,0,1,0,0,0,0,0,0,0
56.650329,0,0,0,1,0,0,1,0,0
56.652294,0,0,0,0,0,1,0,0,1
56.664189,1,0,0,0,1,0,0,1,0
56.684912,0,0,1,0,0,0,0,0,0
56.688724,0,1,0,0,0,0,0,0,0
56.701161,0,0,0,1,0,0,1,0,0
56.701628,0,0,0,0,0,1,0,0,1
56.714470,1,0,0,0,1,0,0,1,0
56.735468,0,1,0,0,0,0,0,0,0
56.738859,0,0,1,0,0,0,0,0,0
56.749775,0,0,0,1,0,0,1,0,0
56.750814,0,0,0,0,0,1,0,0,1
56.762307,1,0,0,0,1,0,0,1,0
56.786434,0,0,1,0,0,0,0,0,0
56.791069,0,1,0,0,0,0,0,0,0
56.798907,0,0,0,1,0,0,1,0,0
56.801331,0,0,0,0,0,1,0,0,1
56.809091,1,0,0,0,1,0,0,1,0
56.834151,0,1,0,0,0,0,0,0,0
56.838860,0,0,1,0,0,0,0,0,0
56.849693,0,0,0,0,0,1,0,0,1
56.850433,0,0,0,1,0,0,1,0,0
56.867801,1,0,0,0,0,0,0,0,0
56.876449,0,0,0,0,1,0,0,1,0
56.882788,0,0,1,0,0,0,0,0,0
56.896412,0,0,0,0,0,1,0,0,1
56.899671,0,0,0,1,0,0,1,0,0
56.900079,0,1,0,0,0,0,0,0,0
56.911345,1,0,0,0,1,0,0,1,0
56.932157,0,0,1,0,0,0,0,0,0
56.938397,0,1,0,0,0,0,0,0,0
56.949673,0,0,0,1,0,0,1,0,0
56.950471,0,0,0,0,0,1,0,0,1
56.963723,1,0,0,0,0,0,0,0,0
56.984910,0,0,1,0,1,0,0,1,0
56.997423,0,0,0,0,0,1,0,0,1
56.999770,0,0,0,1,0,0,1,0,0
57.007091,0,1,0,0,0,0,0,0,0
57.013892,1,0,0,0,1,0,0,1,0
57.033171,0,0,1,0,0,0,0,0,0
57.041608,0,1,0,0,0,0,0,0,0
57.047678,0,0,0,0,0,1,0,0,1
57.048031,0,0,0,1,0,0,1,0,0
57.063456,1,0,0,0,1,0,0,1,0
57.084595,0,1,0,0,0,0,0,0,0
57.085586,0,0,1,0,0,0,0,0,0
57.099510,0,0,0,1,0,0,1,0,0
57.099973,0,0,0,0,0,1,0,0,1
57.116430,1,0,0,0,1,0,0,1,0
57.138200,0,0,1,0,0,0,0,0,0
57.146283,0,1,0,0,0,0,0,0,0
57.146646,0,0,0,0,0,1,0,0,1
57.149050,0,0,0,1,0,0,1,0,0
57.166765,1,0,0,0,1,0,0,1,0
57.182946,0,0,1,0,0,0,0,0,0
57.192969,0,1,0,0,0,0,0,0,0
57.198976,0,0,0,0,0,1,0,0,1
57.200783,0,0,0,1,0,0,1,0,0
57.220240,1,0,0,0,1,0,0,1,0
57.235888,0,0,1,0,0,0,0,0,0
57.241622,0,1,0,0,0,0,0,0,0
57.248433,0,0,0,0,0,1,0,0,1
57.250566,0,0,0,1,0,0,1,0,0
57.270189,1,0,0,0,1,0,0,1,0
57.282657,0,0,1,0,0,0,0,0,0
57.294858,0,1,0,0,0,0,0,0,0
57.298233,0,0,0,0,0,1,0,0,1
57.299436,0,0,0,1,0,0,1,0,0
57.314316,1,0,0,0,0,0,0,0,0
57.335756,0,0,1,0,0,0,0,0,0
57.347695,0,0,0,0,1,0,0,1,0
57.348712,0,0,0,1,0,0,1,0,0
57.350731,0,0,0,0,0,1,0,0,1
57.364973,1,0,0,0,0,0,0,0,0
57.370576,0,1,0,0,1,0,0,1,0
57.382741,0,0,1,0,0,0,0,0,0
57.398099,0,0,0,0,0,1,0,0,1
57.398997,0,1,0,0,0,0,0,0,0
57.400144,0,0,0,1,0,0,1,0,0
57.419857,1,0,0,0,0,0,0,0,0
57.422240,0,0,0,0,1,0,0,1,0
57.434799,0,0,1,0,0,0,0,0,0
57.443959,0,1,0,0,0,0,0,0,0
57.448523,0,0,0,0,0,1,0,0,1
57.449698,0,0,0,1,0,0,1,0,0
57.462738,1,0,0,0,1,0,0,1,0
57.484348,0,0,1,0,0,0,0,0,0
57.485309,0,1,0,0,0,0,0,0,0
57.500528,0,0,0,1,0,0,1,0,0
57.502364,0,0,0,0,0,1,0,0,1
57.512494,1,0,0,0,1,0,0,1,0
57.533777,0,1,0,0,0,0,0,0,0
57.535999,0,0,1,0,0,0,0,0,0
57.547099,0,0,0,0,0,1,0,0,1
57.549844,0,0,0,1,0,0,1,0,0
57.563854,1,0,0,0,1,0,0,1,0
57.583961,0,0,1,0,0,0,0,0,0
57.584410,0,1,0,0,0,0,0,0,0
57.597143,0,0,0,0,0,1,0,0,1
57.600196,0,0,0,1,0,0,1,0,0
57.614631,1,0,0,0,1,0,0,1,0
57.635866,0,0,1,0,0,0,0,0,0
57.643930,0,1,0,0,0,0,0,0,0
57.649818,0,0,0,1,0,0,1,0,0
57.652610,0,0,0,0,0,1,0,0,1
57.666047,1,0,0,0,0,0,0,0,0
57.687129,0,0,1,0,1,0,0,1,0
57.699246,0,0,0,0,0,1,0,0,1
57.700028,0,0,0,1,0,0,1,0,0
57.708357,0,1,0,0,0,0,0,0,0
57.713390,1,0,0,0,1,0,0,1,0
57.732597,0,0,1,0,0,0,0,0,0
57.736903,0,1,0,0,0,0,0,0,0
57.746194,0,0,0,0,0,1,0,0,1
57.749473,0,0,0,1,0,0,1,0,0
57.768036,1,0,0,0,1,0,0,1,0
57.776354,0,0,1,0,0,0,0,0,0
57.790417,0,1,0,0,0,0,0,0,0
57.798035,0,0,0,1,0,0,1,0,0
57.802257,0,0,0,0,0,1,0,0,1
57.809660,1,0,0,0,1,0,0,1,0
57.836362,0,0,1,0,0,0,0,0,0
57.837510,0,1,0,0,0,0,0,0,0
57.847919,0,0,0,0,0,1,0,0,1
57.849372,0,0,0,1,0,0,1,0,0
57.863798,1,0,0,0,0,0,0,0,0
57.882284,0,0,1,0,1,0,0,1,0
57.898500,0,0,0,1,0,0,1,0,0
57.901346,0,0,0,0,0,1,0,0,1
57.905228,0,1,0,0,0,0,0,0,0
57.912700,1,0,0,0,1,0,0,1,0
57.935558,0,0,1,0,0,0,0,0,0
57.942540,0,1,0,0,0,0,0,0,0
57.950346,0,0,0,1,0,0,1,0,0
57.953618,0,0,0,0,0,1,0,0,1
57.961641,1,0,0,0,1,0,0,1,0
57.984609,0,1,0,0,0,0,0,0,0
57.992416,0,0,1,0,0,0,0,0,0
57.997202,0,0,0,0,0,1,0,0,1
58.000371,0,0,0,1,0,0,1,0,0
58.017515,1,0,0,0,1,0,0,1,0
58.034550,0,0,1,0,0,0,0,0,0
58.040912,0,1,0,0,0,0,0,0,0
58.050251,0,0,0,1,0,0,1,0,0
58.050761,0,0,0,0,0,1,0,0,1
58.061652,1,0,0,0,1,0,0,1,0
58.083943,0,0,1,0,0,0,0,0,0
58.089826,0,1,0,0,0,0,0,0,0
58.099845,0,0,0,1,0,0,1,0,0
58.100051,0,0,0,0,0,1,0,0,1
58.117788,1,0,0,0,1,0,0,1,0
58.135238,0,0,1,0,0,0,0,0,0
58.141758,0,1,0,0,0,0,0,0,0
58.149188,0,0,0,0,0,1,0,0,1
58.150336,0,0,0,1,0,0,1,0,0
58.164105,1,0,0,0,0,0,0,0,0
58.182678,0,0,1,0,0,0,0,0,0
58.200806,0,0,0,1,0,0,1,0,0
58.201645,0,0,0,0,1,0,0,1,0
58.202643,0,0,0,0,0,1,0,0,1
58.214031,1,0,0,0,0,0,0,0,0
58.229562,0,1,0,0,1,0,0,1,0
58.242319,0,0,1,0,0,0,0,0,0
58.248708,0,0,0,0,0,1,0,0,1
58.249159,0,0,0,1,0,0,1,0,0
58.252706,0,1,0,0,0,0,0,0,0
58.265571,1,0,0,0,0,0,0,0,0
58.283675,0,0,1,0,1,0,0,1,0
58.299567,0,0,0,1,0,0,1,0,0
58.302143,0,0,0,0,0,1,0,0,1
58.310741,0,1,0,0,0,0,0,0,0
58.315554,1,0,0,0,1,0,0,1,0
58.338739,0,0,1,0,0,0,0,0,0
58.341065,0,1,0,0,0,0,0,0,0
58.350491,0,0,0,1,0,0,1,0,0
58.352089,0,0,0,0,0,1,0,0,1
58.369768,1,0,0,0,0,0,0,0,0
58.383570,0,0,0,0,1,0,0,1,0
58.390211,0,0,1,0,0,0,0,0,0
58.399798,0,0,0,1,0,0,1,0,0
58.399887,0,0,0,0,0,1,0,0,1
58.406259,0,1,0,0,0,0,0,0,0
58.414627,1,0,0,0,0,0,0,0,0
58.439369,0,0,1,0,1,0,0,1,0
58.448688,0,0,0,0,0,1,0,0,1
58.449484,0,0,0,1,0,0,1,0,0
58.463115,1,0,0,0,1,0,0,1,0
58.464421,0,1,0,0,0,0,0,0,0
58.485295,0,0,1,0,0,0,0,0,0
58.492593,0,1,0,0,0,0,0,0,0
58.498747,0,0,0,1,0,0,1,0,0
58.501823,0,0,0,0,0,1,0,0,1
58.518048,1,0,0,0,1,0,0,1,0
58.541561,0,1,0,0,0,0,0,0,0
58.541793,0,0,1,0,0,0,0,0,0
58.550555,0,0,0,1,0,0,1,0,0
58.553570,0,0,0,0,0,1,0,0,1
58.568301,1,0,0,0,1,0,0,1,0
58.583771,0,0,1,0,0,0,0,0,0
58.590321,0,1,0,0,0,0,0,0,0
58.598146,0,0,0,0,0,1,0,0,1
58.599053,0,0,0,1,0,0,1,0,0
58.613769,1,0,0,0,0,0,0,0,0
58.629942,0,0,0,0,1,0,0,1,0
58.636204,0,0,1,0,0,0,0,0,0
58.649680,0,0,0,1,0,0,1,0,0
58.651475,0,0,0,0,0,1,0,0,1
58.655427,0,1,0,0,0,0,0,0,0
58.664208,1,0,0,0,1,0,0,1,0
58.690278,0,0,1,0,0,0,0,0,0
58.691877,0,1,0,0,0,0,0,0,0
58.699847,0,0,0,1,0,0,1,0,0
58.702014,0,0,0,0,0,1,0,0,1
58.709991,1,0,0,0,0,0,0,0,0
58.740972,0,0,1,0,0,0,0,0,0
58.749570,0,0,0,1,0,0,1,0,0
58.749968,0,0,0,0,1,0,0,1,0
58.750365,0,0,0,0,0,1,0,0,1
58.762113,1,0,0,0,0,0,0,0,0
58.772720,0,0,0,0,1,0,0,1,0
58.773912,0,1,0,0,0,0,0,0,0
58.785487,0,0,1,0,0,0,0,0,0
58.799164,0,0,0,1,0,0,1,0,0
58.799444,0,1,0,0,0,0,0,0,0
58.799789,0,0,0,0,0,1,0,0,1
58.813656,1,0,0,0,1,0,0,1,0
58.836996,0,1,0,0,0,0,0,0,0
58.838227,0,0,1,0,0,0,0,0,0
58.849379,0,0,0,1,0,0,1,0,0
58.852807,0,0,0,0,0,1,0,0,1
58.863099,1,0,0,0,1,0,0,1,0
58.887900,0,0,1,0,0,0,0,0,0
58.889831,0,1,0,0,0,0,0,0,0
58.899735,0,0,0,0,0,1,0,0,1
58.899975,0,0,0,1,0,0,1,0,0
58.912354,1,0,0,0,0,0,0,0,0
58.933321,0,0,1,0,0,0,0,0,0
58.947346,0,0,0,0,1,1,0,1,1
58.950185,0,0,0,1,0,0,1,0,0
58.964952,1,0,0,0,1,0,0,1,0
58.970803,0,1,0,0,0,0,0,0,0
58.981013,0,0,1,0,0,0,0,0,0
58.992000,0,1,0,0,0,0,0,0,0
58.999866,0,0,0,1,0,0,1,0,0
59.003077,0,0,0,0,0,1,0,0,1
59.014387,1,0,0,0,0,0,0,0,0
59.042682,0,0,1,0,0,0,0,0,0
59.051310,0,0,0,1,0,0,1,0,0
59.051660,0,0,0,0,1,0,0,1,0
59.052524,0,0,0,0,0,1,0,0,1
59.063398,1,0,0,0,1,0,0,1,0
59.075212,0,1,0,0,0,0,0,0,0
59.087585,0,1,0,0,0,0,0,0,0
59.089344,0,0,1,0,0,0,0,0,0
59.100366,0,0,0,1,0,0,1,0,0
59.103349,0,0,0,0,0,1,0,0,1
59.115327,1,0,0,0,0,0,0,0,0
59.140522,0,0,1,0,0,0,0,0,0
59.149935,0,0,0,1,0,0,1,0,0
59.152629,0,0,0,0,0,1,0,0,1
59.160425,1,0,0,0,1,0,0,1,0
59.182645,0,1,0,0,1,0,0,1,0
59.189675,0,0,1,0,0,0,0,0,0
59.197879,0,0,0,0,0,1,0,0,1
59.199568,0,0,0,1,0,0,1,0,0
59.207341,0,1,0,0,0,0,0,0,0
59.214371,1,0,0,0,0,0,0,0,0
59.232045,0,0,1,0,0,0,0,0,0
59.248050,0,0,0,0,0,1,0,0,1
59.249862,0,0,0,1,1,0,1,1,0
59.263324,1,0,0,0,1,0,0,1,0
59.272161,0,1,0,0,0,0,0,0,0
59.283460,0,1,0,0,0,0,0,0,0
59.286607,0,0,1,0,0,0,0,0,0
59.299313,0,0,0,1,0,0,1,0,0
59.302555,0,0,0,0,0,1,0,0,1
59.313305,1,0,0,0,0,0,0,0,0
59.340222,0,0,1,0,1,0,0,1,0
59.347984,0,0,0,0,0,1,0,0,1
59.350147,0,0,0,1,0,0,1,0,0
59.366775,1,0,0,0,1,0,0,1,0
59.368124,0,1,0,0,0,0,0,0,0
59.385861,0,0,1,0,0,0,0,0,0
59.391952,0,1,0,0,0,0,0,0,0
59.397205,0,0,0,0,0,1,0,0,1
59.400167,0,0,0,1,0,0,1,0,0
59.412229,1,0,0,0,1,0,0,1,0
59.434699,0,1,0,0,0,0,0,0,0
59.435906,0,0,1,0,0,0,0,0,0
59.448776,0,0,0,1,0,0,1,0,0
59.451810,0,0,0,0,0,1,0,0,1
59.461156,1,0,0,0,1,0,0,1,0
59.482177,0,1,0,0,0,0,0,0,0
59.485846,0,0,1,0,0,0,0,0,0
59.499834,0,0,0,1,0,0,1,0,0
59.500635,0,0,0,0,0,1,0,0,1
59.514236,1,0,0,0,1,0,0,1,0
59.539327,0,0,1,0,0,0,0,0,0
59.544073,0,1,0,0,0,0,0,0,0
59.549170,0,0,0,1,0,0,1,0,0
59.550142,0,0,0,0,0,1,0,0,1
59.563819,1,0,0,0,1,0,0,1,0
59.587010,0,0,1,0,0,0,0,0,0
59.589086,0,1,0,0,0,0,0,0,0
59.599146,0,0,0,0,0,1,0,0,1
59.599603,0,0,0,1,0,0,1,0,0
59.610486,1,0,0,0,0,0,0,0,0
59.635098,0,0,1,0,0,0,0,0,0
59.646094,0,0,0,0,1,1,0,1,1
59.650193,0,0,0,1,0,0,1,0,0
59.660788,1,0,0,0,1,0,0,1,0
59.674976,0,1,0,0,0,0,0,0,0
59.683389,0,1,0,0,0,0,0,0,0
59.683924,0,0,1,0,0,0,0,0,0
59.696123,0,0,0,0,0,1,0,0,1
59.700359,0,0,0,1,0,0,1,0,0
59.712636,1,0,0,0,1,0,0,1,0
59.735469,0,0,1,0,0,0,0,0,0
59.742607,0,1,0,0,0,0,0,0,0
59.747984,0,0,0,0,0,1,0,0,1
59.749845,0,0,0,1,0,0,1,0,0
59.764524,1,0,0,0,0,0,0,0,0
59.780958,0,0,0,0,1,0,0,1,0
59.785217,0,0,1,0,0,0,0,0,0
59.798314,0,0,0,0,0,1,0,0,1
59.800317,0,0,0,1,0,0,1,0,0
59.801952,0,1,0,0,0,0,0,0,0
59.811183,1,0,0,0,1,0,0,1,0
59.833573,0,0,1,0,0,0,0,0,0
59.835808,0,1,0,0,0,0,0,0,0
59.846155,0,0,0,0,0,1,0,0,1
59.850421,0,0,0,1,0,0,1,0,0
59.865044,1,0,0,0,0,0,0,0,0
59.881900,0,0,1,0,1,0,0,1,0
59.899289,0,0,0,1,0,0,1,0,0
59.899518,0,0,0,0,0,1,0,0,1
59.909505,0,1,0,0,0,0,0,0,0
59.916414,1,0,0,0,1,0,0,1,0
59.934880,0,0,1,0,0,0,0,0,0
59.944569,0,1,0,0,0,0,0,0,0
59.947205,0,0,0,0,0,1,0,0,1
59.948287,0,0,0,1,0,0,1,0,0
59.964563,1,0,0,0,1,0,0,1,0
59.986840,0,0,1,0,0,0,0,0,0
59.993680,0,1,0,0,0,0,0,0,0
60.000292,0,0,0,1,0,0,1,0,0
60.000436,0,0,0,0,0,1,0,0,1
60.013550,1,0,0,0,1,0,0,1,0
60.040326,0,0,1,0,0,0,0,0,0
60.042020,0,1,0,0,0,0,0,0,0
60.049797,0,0,0,1,0,0,1,0,0
60.051955,0,0,0,0,0,1,0,0,1
60.064087,1,0,0,0,0,0,0,0,0
60.070311,0,0,0,0,1,0,0,1,0
60.086981,0,0,1,0,0,0,0,0,0
60.093682,0,1,0,0,0,0,0,0,0
60.096266,0,0,0,0,0,1,0,0,1
60.100173,0,0,0,1,0,0,1,0,0
60.113140,1,0,0,0,0,0,0,0,0
60.127432,0,0,1,0,0,0,0,0,0
60.144634,0,0,0,0,1,0,0,1,0
60.148460,0,0,0,0,0,1,0,0,1
60.150702,0,0,0,1,0,0,1,0,0
60.164249,1,0,0,0,0,0,0,0,0
60.173830,0,1,0,0,0,0,0,0,0
60.184805,0,0,1,0,1,0,0,1,0
60.197896,0,0,0,0,0,1,0,0,1
60.199909,0,0,0,1,0,0,1,0,0
60.210045,0,1,0,0,0,0,0,0,0
60.215982,1,0,0,0,1,0,0,1,0
60.232607,0,0,1,0,0,0,0,0,0
60.243366,0,1,0,0,0,0,0,0,0
60.246488,0,0,0,0,0,1,0,0,1
60.251246,0,0,0,1,0,0,1,0,0
60.266838,1,0,0,0,0,0,0,0,0
60.281132,0,0,1,0,0,0,0,0,0
60.298465,0,0,0,0,0,1,0,0,1
60.299917,0,0,0,1,1,0,1,1,0
60.311956,1,0,0,0,0,0,0,0,0
60.324292,0,1,0,0,0,0,0,0,0
60.335757,0,0,1,0,1,0,0,1,0
60.348510,0,0,0,1,0,0,1,0,0
60.351209,0,0,0,0,0,1,0,0,1
60.365275,0,1,0,0,0,0,0,0,0
60.365912,1,0,0,0,0,0,0,0,0
60.389832,0,0,1,0,0,0,0,0,0
60.400303,0,0,0,1,0,0,1,0,0
60.403260,0,0,0,0,1,1,0,1,1
60.416041,1,0,0,0,0,0,0,0,0
60.432503,0,1,0,0,1,0,0,1,0
60.440996,0,0,1,0,0,0,0,0,0
60.449088,0,0,0,0,0,1,0,0,1
60.451930,0,0,0,1,0,0,1,0,0
60.458092,0,1,0,0,0,0,0,0,0
60.469324,1,0,0,0,1,0,0,1,0
60.485944,0,0,1,0,0,0,0,0,0
60.494582,0,1,0,0,0,0,0,0,0
60.499583,0,0,0,1,0,0,1,0,0
60.502888,0,0,0,0,0,1,0,0,1
60.509797,1,0,0,0,1,0,0,1,0
60.532931,0,1,0,0,0,0,0,0,0
60.540392,0,0,1,0,0,0,0,0,0
60.549722,0,0,0,1,0,0,1,0,0
60.553378,0,0,0,0,0,1,0,0,1
60.564115,1,0,0,0,1,0,0,1,0
60.587923,0,0,1,0,0,0,0,0,0
60.588211,0,1,0,0,0,0,0,0,0
60.597271,0,0,0,0,0,1,0,0,1
60.600083,0,0,0,1,0,0,1,0,0
60.618227,1,0,0,0,1,0,0,1,0
60.630298,0,0,1,0,0,0,0,0,0
60.639183,0,1,0,0,0,0,0,0,0
60.647964,0,0,0,0,0,1,0,0,1
60.648929,0,0,0,1,0,0,1,0,0
60.663268,1,0,0,0,0,0,0,0,0
60.681828,0,0,1,0,0,0,0,0,0
60.698567,0,0,0,0,1,1,0,1,1
60.701062,0,0,0,1,0,0,1,0,0
60.713966,1,0,0,0,1,0,0,1,0
60.723998,0,1,0,0,0,0,0,0,0
60.735698,0,0,1,0,0,0,0,0,0
60.739294,0,1,0,0,0,0,0,0,0
60.747538,0,0,0,0,0,1,0,0,1
60.748477,0,0,0,1,0,0,1,0,0
60.764024,1,0,0,0,0,0,0,0,0
60.786053,0,0,1,0,0,0,0,0,0
60.797828,0,0,0,0,1,1,0,1,1
60.800890,0,0,0,1,0,0,1,0,0
60.815484,1,0,0,0,1,0,0,1,0
60.821912,0,1,0,0,0,0,0,0,0
60.832874,0,0,1,0,0,0,0,0,0
60.842665,0,1,0,0,0,0,0,0,0
60.847390,0,0,0,0,0,1,0,0,1
60.849428,0,0,0,1,0,0,1,0,0
60.869015,1,0,0,0,0,0,0,0,0
60.879054,0,0,1,0,0,0,0,0,0
60.899452,0,0,0,0,1,1,0,1,1
60.900487,0,0,0,1,0,0,1,0,0
60.913701,1,0,0,0,0,0,0,0,0
60.924218,0,1,0,0,1,0,0,1,0
60.935377,0,0,1,0,0,0,0,0,0
60.951500,0,0,0,1,0,0,1,0,0
60.952268,0,1,0,0,0,0,0,0,0
60.953086,0,0,0,0,0,1,0,0,1
60.962762,1,0,0,0,0,0,0,0,0
60.971651,0,0,0,0,1,0,0,1,0
60.991161,0,0,1,0,0,0,0,0,0
60.993028,0,1,0,0,0,0,0,0,0
60.997665,0,0,0,0,0,1,0,0,1
60.999135,0,0,0,1,0,0,1,0,0
61.014903,1,0,0,0,1,0,0,1,0
61.031468,0,0,1,0,0,0,0,0,0
61.039079,0,1,0,0,0,0,0,0,0
61.049934,0,0,0,1,0,0,1,0,0
61.052394,0,0,0,0,0,1,0,0,1
61.063367,1,0,0,0,1,0,0,1,0
61.087142,0,0,1,0,0,0,0,0,0
61.090912,0,1,0,0,0,0,0,0,0
61.100947,0,0,0,0,0,1,0,0,1
61.101579,0,0,0,1,0,0,1,0,0
61.112339,1,0,0,0,1,0,0,1,0
61.132547,0,1,0,0,0,0,0,0,0
61.137255,0,0,1,0,0,0,0,0,0
61.148794,0,0,0,1,0,0,1,0,0
61.151160,0,0,0,0,0,1,0,0,1
61.164168,1,0,0,0,1,0,0,1,0
61.186843,0,1,0,0,0,0,0,0,0
61.190172,0,0,1,0,0,0,0,0,0
61.200929,0,0,0,1,0,0,1,0,0
61.203330,0,0,0,0,0,1,0,0,1
61.213077,1,0,0,0,0,0,0,0,0
61.222409,0,0,0,0,1,0,0,1,0
61.237224,0,0,1,0,0,0,0,0,0
61.245174,0,1,0,0,0,0,0,0,0
61.249811,0,0,0,1,0,0,1,0,0
61.253388,0,0,0,0,0,1,0,0,1
61.266587,1,0,0,0,0,0,0,0,0
61.269022,0,0,0,0,1,0,0,1,0
61.286530,0,0,1,0,0,0,0,0,0
61.295956,0,1,0,0,0,0,0,0,0
61.300182,0,0,0,1,0,0,1,0,0
61.303877,0,0,0,0,0,1,0,0,1
61.314792,1,0,0,0,0,0,0,0,0
61.339312,0,0,0,0,1,0,0,1,0
61.341752,0,0,1,0,0,0,0,0,0
61.348775,0,0,0,1,0,0,1,0,0
61.353029,0,0,0,0,0,1,0,0,1
61.363860,0,1,0,0,0,0,0,0,0
61.365317,1,0,0,0,1,0,0,1,0
61.392452,0,0,1,0,0,0,0,0,0
61.392507,0,1,0,0,0,0,0,0,0
61.397879,0,0,0,0,0,1,0,0,1
61.398477,0,0,0,1,0,0,1,0,0
61.414459,1,0,0,0,0,0,0,0,0
61.437530,0,0,1,0,0,0,0,0,0
61.441439,0,0,0,0,1,0,0,1,0
61.447809,0,0,0,0,0,1,0,0,1
61.448479,0,0,0,1,0,0,1,0,0
61.461537,1,0,0,0,1,0,0,1,0
61.466676,0,1,0,0,0,0,0,0,0
61.480812,0,0,1,0,0,0,0,0,0
61.487819,0,1,0,0,0,0,0,0,0
61.499178,0,0,0,0,0,1,0,0,1
61.499695,0,0,0,1,0,0,1,0,0
61.514903,1,0,0,0,1,0,0,1,0
61.536676,0,0,1,0,0,0,0,0,0
61.540842,0,1,0,0,0,0,0,0,0
61.546656,0,0,0,0,0,1,0,0,1
61.549274,0,0,0,1,0,0,1,0,0
61.563087,1,0,0,0,0,0,0,0,0
61.586376,0,0,1,0,0,0,0,0,0
61.599130,0,0,0,1,0,0,1,0,0
61.602220,0,0,0,0,0,1,0,0,1
61.606836,0,0,0,0,1,0,0,1,0
61.615425,1,0,0,0,0,0,0,0,0
61.629693,0,1,0,0,1,0,0,1,0
61.641206,0,0,1,0,0,0,0,0,0
61.649645,0,0,0,0,0,1,0,0,1
61.651397,0,0,0,1,0,0,1,0,0
61.651503,0,1,0,0,0,0,0,0,0
61.664591,1,0,0,0,1,0,0,1,0
61.687108,0,1,0,0,0,0,0,0,0
61.687722,0,0,1,0,0,0,0,0,0
61.699337,0,0,0,1,0,0,1,0,0
61.701181,0,0,0,0,0,1,0,0,1
61.712166,1,0,0,0,1,0,0,1,0
61.733279,0,1,0,0,0,0,0,0,0
61.740635,0,0,1,0,0,0,0,0,0
61.746772,0,0,0,0,0,1,0,0,1
61.750027,0,0,0,1,0,0,1,0,0
61.764279,1,0,0,0,0,0,0,0,0
61.781721,0,0,1,0,0,0,0,0,0
61.799336,0,0,0,0,0,1,0,0,1
61.801236,0,0,0,1,0,0,1,0,0
61.804315,0,0,0,0,1,0,0,1,0
61.816390,1,0,0,0,0,0,0,0,0
61.826260,0,0,0,0,1,0,0,1,0
61.832668,0,0,1,0,0,0,0,0,0
61.833539,0,1,0,0,0,0,0,0,0
61.847277,0,0,0,0,0,1,0,0,1
61.848641,0,1,0,0,0,0,0,0,0
61.850747,0,0,0,1,0,0,1,0,0
61.864560,1,0,0,0,0,0,0,0,0
61.885600,0,0,1,0,1,0,0,1,0
61.900734,0,0,0,1,0,0,1,0,0
61.901300,0,0,0,0,0,1,0,0,1
61.913997,1,0,0,0,1,0,0,1,0
61.914339,0,1,0,0,0,0,0,0,0
61.937275,0,1,0,0,0,0,0,0,0
61.939685,0,0,1,0,0,0,0,0,0
61.949012,0,0,0,1,0,0,1,0,0
61.952614,0,0,0,0,0,1,0,0,1
61.959849,1,0,0,0,1,0,0,1,0
61.980185,0,1,0,0,0,0,0,0,0
61.984882,0,0,1,0,0,0,0,0,0
61.999410,0,0,0,1,0,0,1,0,0
62.002937,0,0,0,0,0,1,0,0,1
62.013150,1,0,0,0,1,0,0,1,0
62.033891,0,1,0,0,0,0,0,0,0
62.038999,0,0,1,0,0,0,0,0,0
62.049153,0,0,0,1,0,0,1,0,0
62.050026,0,0,0,0,0,1,0,0,1
62.059393,1,0,0,0,0,0,0,0,0
62.080292,0,0,0,0,1,0,0,1,0
62.086060,0,0,1,0,0,0,0,0,0
62.099865,0,0,0,1,0,0,1,0,0
62.102012,0,0,0,0,0,1,0,0,1
62.105665,0,1,0,0,0,0,0,0,0
62.110086,1,0,0,0,0,0,0,0,0
62.135410,0,0,1,0,0,0,0,0,0
62.146742,0,0,0,0,1,1,0,1,1
62.151140,0,0,0,1,0,0,1,0,0
62.161623,1,0,0,0,1,0,0,1,0
62.169332,0,1,0,0,0,0,0,0,0
62.183901,0,1,0,0,0,0,0,0,0
62.185431,0,0,1,0,0,0,0,0,0
62.200664,0,0,0,1,0,0,1,0,0
62.202562,0,0,0,0,0,1,0,0,1
62.216397,1,0,0,0,1,0,0,1,0
62.239079,0,0,1,0,0,0,0,0,0
62.240374,0,1,0,0,0,0,0,0,0
62.248254,0,0,0,1,0,0,1,0,0
62.248691,0,0,0,0,0,1,0,0,1
62.265835,1,0,0,0,1,0,0,1,0
62.284932,0,0,1,0,0,0,0,0,0
62.288593,0,1,0,0,0,0,0,0,0
62.299554,0,0,0,1,0,0,1,0,0
62.302679,0,0,0,0,0,1,0,0,1
62.312326,1,0,0,0,1,0,0,1,0
62.333400,0,1,0,0,0,0,0,0,0
62.342023,0,0,1,0,0,0,0,0,0
62.350291,0,0,0,1,0,0,1,0,0
62.353954,0,0,0,0,0,1,0,0,1
62.369213,1,0,0,0,1,0,0,1,0
62.388559,0,0,1,0,0,0,0,0,0
62.398276,0,1,0,0,0,0,0,0,0
62.400111,0,0,0,1,0,0,1,0,0
62.401519,0,0,0,0,0,1,0,0,1
62.413027,1,0,0,0,0,0,0,0,0
62.427108,0,0,0,0,1,0,0,1,0
62.433831,0,0,1,0,0,0,0,0,0
62.448393,0,0,0,1,0,0,1,0,0
62.452549,0,0,0,0,0,1,0,0,1
62.455979,0,1,0,0,0,0,0,0,0
62.460316,1,0,0,0,1,0,0,1,0
62.486274,0,1,0,0,0,0,0,0,0
62.491681,0,0,1,0,0,0,0,0,0
62.498830,0,0,0,1,0,0,1,0,0
62.499178,0,0,0,0,0,1,0,0,1
62.509416,1,0,0,0,0,0,0,0,0
62.536966,0,0,1,0,1,0,0,1,0
62.549820,0,0,0,0,0,1,0,0,1
62.549981,0,0,0,1,0,0,1,0,0
62.558936,0,1,0,0,0,0,0,0,0
62.563551,1,0,0,0,1,0,0,1,0
62.587483,0,0,1,0,0,0,0,0,0
62.592102,0,1,0,0,0,0,0,0,0
62.599652,0,0,0,1,0,0,1,0,0
62.599863,0,0,0,0,0,1,0,0,1
62.613641,1,0,0,0,0,0,0,0,0
62.634156,0,0,0,0,1,0,0,1,0
62.636560,0,0,1,0,0,0,0,0,0
62.649575,0,0,0,0,0,1,0,0,1
62.650257,0,0,0,1,0,0,1,0,0
62.654756,0,1,0,0,0,0,0,0,0
62.668636,1,0,0,0,0,0,0,0,0
62.678969,0,0,0,0,1,0,0,1,0
62.686936,0,0,1,0,0,0,0,0,0
62.700888,0,0,0,1,0,0,1,0,0
62.701424,0,1,0,0,0,0,0,0,0
62.703851,0,0,0,0,0,1,0,0,1
62.717295,1,0,0,0,0,0,0,0,0
62.738591,0,0,1,0,1,0,0,1,0
62.748957,0,0,0,1,0,0,1,0,0
62.750238,0,0,0,0,0,1,0,0,1
62.762011,1,0,0,0,1,0,0,1,0
62.764698,0,1,0,0,0,0,0,0,0
62.786221,0,0,1,0,0,0,0,0,0
62.789370,0,1,0,0,0,0,0,0,0
62.799198,0,0,0,1,0,0,1,0,0
62.800535,0,0,0,0,0,1,0,0,1
62.811302,1,0,0,0,1,0,0,1,0
62.831222,0,0,1,0,0,0,0,0,0
62.833252,0,1,0,0,0,0,0,0,0
62.846498,0,0,0,0,0,1,0,0,1
62.849895,0,0,0,1,0,0,1,0,0
62.866655,1,0,0,0,1,0,0,1,0
62.880706,0,0,1,0,0,0,0,0,0
62.891008,0,1,0,0,0,0,0,0,0
62.898503,0,0,0,1,0,0,1,0,0
62.902765,0,0,0,0,0,1,0,0,1
62.910479,1,0,0,0,1,0,0,1,0
62.934084,0,0,1,0,0,0,0,0,0
62.934701,0,1,0,0,0,0,0,0,0
62.947053,0,0,0,0,0,1,0,0,1
62.949917,0,0,0,1,0,0,1,0,0
62.967895,1,0,0,0,0,0,0,0,0
62.981821,0,0,0,0,1,0,0,1,0
62.984453,0,0,1,0,0,0,0,0,0
62.998337,0,0,0,0,0,1,0,0,1
62.999657,0,0,0,1,0,0,1,0,0
63.004158,0,1,0,0,0,0,0,0,0
63.010959,1,0,0,0,1,0,0,1,0
63.033338,0,0,1,0,0,0,0,0,0
63.034149,0,1,0,0,0,0,0,0,0
63.049683,0,0,0,1,0,0,1,0,0
63.051716,0,0,0,0,0,1,0,0,1
63.063875,1,0,0,0,1,0,0,1,0
63.087144,0,1,0,0,0,0,0,0,0
63.088074,0,0,1,0,0,0,0,0,0
63.098441,0,0,0,0,0,1,0,0,1
63.099764,0,0,0,1,0,0,1,0,0
63.111291,1,0,0,0,1,0,0,1,0
63.135125,0,0,1,0,0,0,0,0,0
63.140179,0,1,0,0,0,0,0,0,0
63.146342,0,0,0,0,0,1,0,0,1
63.148325,0,0,0,1,0,0,1,0,0
63.161342,1,0,0,0,0,0,0,0,0
63.183718,0,0,1,0,1,0,0,1,0
63.197658,0,0,0,0,0,1,0,0,1
63.200063,0,0,0,1,0,0,1,0,0
63.207904,0,1,0,0,0,0,0,0,0
63.214439,1,0,0,0,0,0,0,0,0
63.235208,0,0,1,0,1,0,0,1,0
63.249072,0,0,0,1,0,0,1,0,0
63.252827,0,0,0,0,0,1,0,0,1
63.261434,0,1,0,0,0,0,0,0,0
63.264683,1,0,0,0,1,0,0,1,0
63.285174,0,1,0,0,0,0,0,0,0
63.292356,0,0,1,0,0,0,0,0,0
63.300047,0,0,0,1,0,0,1,0,0
63.302202,0,0,0,0,0,1,0,0,1
63.319078,1,0,0,0,1,0,0,1,0
63.333106,0,0,1,0,0,0,0,0,0
63.343007,0,1,0,0,0,0,0,0,0
63.347439,0,0,0,0,0,1,0,0,1
63.349174,0,0,0,1,0,0,1,0,0
63.362488,1,0,0,0,1,0,0,1,0
63.380712,0,0,1,0,0,0,0,0,0
63.387136,0,1,0,0,0,0,0,0,0
63.397879,0,0,0,0,0,1,0,0,1
63.399574,0,0,0,1,0,0,1,0,0
63.415373,1,0,0,0,0,0,0,0,0
63.437004,0,0,1,0,1,0,0,1,0
63.448246,0,0,0,0,0,1,0,0,1
63.449535,0,0,0,1,0,0,1,0,0
63.465065,1,0,0,0,1,0,0,1,0
63.466297,0,1,0,0,0,0,0,0,0
63.485301,0,0,1,0,0,0,0,0,0
63.493467,0,1,0,0,0,0,0,0,0
63.499676,0,0,0,1,0,0,1,0,0
63.501916,0,0,0,0,0,1,0,0,1
63.513411,1,0,0,0,1,0,0,1,0
63.536874,0,1,0,0,0,0,0,0,0
63.537923,0,0,1,0,0,0,0,0,0
63.548108,0,0,0,0,0,1,0,0,1
63.550113,0,0,0,1,0,0,1,0,0
63.564944,1,0,0,0,1,0,0,1,0
63.584475,0,0,1,0,0,0,0,0,0
63.585427,0,1,0,0,0,0,0,0,0
63.597119,0,0,0,0,0,1,0,0,1
63.598982,0,0,0,1,0,0,1,0,0
63.615760,1,0,0,0,1,0,0,1,0
63.634664,0,0,1,0,0,0,0,0,0
63.636488,0,1,0,0,0,0,0,0,0
63.649680,0,0,0,1,0,0,1,0,0
63.651522,0,0,0,0,0,1,0,0,1
63.665561,1,0,0,0,0,0,0,0,0
63.685692,0,0,1,0,1,0,0,1,0
63.698702,0,0,0,0,0,1,0,0,1
63.700757,0,0,0,1,0,0,1,0,0
63.708769,0,1,0,0,0,0,0,0,0
63.715333,1,0,0,0,0,0,0,0,0
63.723436,0,0,0,0,1,0,0,1,0
63.732362,0,0,1,0,0,0,0,0,0
63.743438,0,1,0,0,0,0,0,0,0
63.749086,0,0,0,1,0,0,1,0,0
63.753785,0,0,0,0,0,1,0,0,1
63.761057,1,0,0,0,0,0,0,0,0
63.791802,0,0,1,0,0,0,0,0,0
63.795233,0,0,0,0,1,0,0,1,0
63.798099,0,0,0,0,0,1,0,0,1
63.801887,0,0,0,1,0,0,1,0,0
63.812746,1,0,0,0,1,0,0,1,0
63.817191,0,1,0,0,0,0,0,0,0
63.835236,0,0,1,0,0,0,0,0,0
63.835317,0,1,0,0,0,0,0,0,0
63.851055,0,0,0,1,0,0,1,0,0
63.852952,0,0,0,0,0,1,0,0,1
63.867003,1,0,0,0,1,0,0,1,0
63.889501,0,1,0,0,0,0,0,0,0
63.891932,0,0,1,0,0,0,0,0,0
63.899508,0,0,0,1,0,0,1,0,0
63.902433,0,0,0,0,0,1,0,0,1
63.918580,1,0,0,0,0,0,0,0,0
63.934438,0,0,1,0,0,0,0,0,0
63.942922,0,0,0,0,1,0,0,1,0
63.947737,0,0,0,0,0,1,0,0,1
63.949824,0,0,0,1,0,0,1,0,0
63.966663,1,0,0,0,1,0,0,1,0
63.968157,0,1,0,0,0,0,0,0,0
63.984994,0,0,1,0,0,0,0,0,0
63.991172,0,1,0,0,0,0,0,0,0
63.999727,0,0,0,0,0,1,0,0,1
64.001315,0,0,0,1,0,0,1,0,0
64.014886,1,0,0,0,0,0,0,0,0
64.038510,0,0,1,0,1,0,0,1,0
64.051114,0,0,0,0,0,1,0,0,1
64.051303,0,0,0,1,0,0,1,0,0
64.060199,0,1,0,0,0,0,0,0,0
64.066346,1,0,0,0,0,0,0,0,0
64.088749,0,0,1,0,0,0,0,0,0
64.100639,0,0,0,1,0,0,1,0,0
64.100885,0,0,0,0,1,0,0,1,0
64.101131,0,0,0,0,0,1,0,0,1
64.113756,1,0,0,0,0,0,0,0,0
64.127525,0,1,0,0,1,0,0,1,0
64.135168,0,0,1,0,0,0,0,0,0
64.148742,0,0,0,0,0,1,0,0,1
64.151278,0,0,0,1,0,0,1,0,0
64.152296,0,1,0,0,0,0,0,0,0
64.164754,1,0,0,0,1,0,0,1,0
64.180824,0,0,1,0,0,0,0,0,0
64.190032,0,1,0,0,0,0,0,0,0
64.200369,0,0,0,1,0,0,1,0,0
64.201896,0,0,0,0,0,1,0,0,1
64.216028,1,0,0,0,1,0,0,1,0
64.239582,0,0,1,0,0,0,0,0,0
64.243872,0,1,0,0,0,0,0,0,0
64.249079,0,0,0,1,0,0,1,0,0
64.249241,0,0,0,0,0,1,0,0,1
64.264073,1,0,0,0,0,0,0,0,0
64.282423,0,0,0,0,1,0,0,1,0
64.285026,0,0,1,0,0,0,0,0,0
64.300392,0,0,0,1,0,0,1,0,0
64.300403,0,0,0,0,0,1,0,0,1
64.302813,0,1,0,0,0,0,0,0,0
64.316754,1,0,0,0,0,0,0,0,0
64.338956,0,0,1,0,1,0,0,1,0
64.350086,0,0,0,0,0,1,0,0,1
64.350178,0,0,0,1,0,0,1,0,0
64.364861,0,1,0,0,0,0,0,0,0
64.368468,1,0,0,0,1,0,0,1,0
64.381255,0,0,1,0,0,0,0,0,0
64.392415,0,1,0,0,0,0,0,0,0
64.400962,0,0,0,1,0,0,1,0,0
64.403869,0,0,0,0,0,1,0,0,1
64.413334,1,0,0,0,0,0,0,0,0
64.436717,0,0,1,0,1,0,0,1,0
64.448661,0,0,0,1,0,0,1,0,0
64.448717,0,0,0,0,0,1,0,0,1
64.457036,0,1,0,0,0,0,0,0,0
64.462854,1,0,0,0,0,0,0,0,0
64.487372,0,0,1,0,0,0,0,0,0
64.494941,0,0,0,0,1,0,0,1,0
64.498700,0,0,0,1,0,0,1,0,0
64.501212,0,0,0,0,0,1,0,0,1
64.512894,1,0,0,0,1,0,0,1,0
64.515996,0,1,0,0,0,0,0,0,0
64.533214,0,1,0,0,0,0,0,0,0
64.536582,0,0,1,0,0,0,0,0,0
64.549649,0,0,0,0,0,1,0,0,1
64.550878,0,0,0,1,0,0,1,0,0
64.565862,1,0,0,0,0,0,0,0,0
64.582372,0,0,1,0,1,0,0,1,0
64.598837,0,0,0,1,0,0,1,0,0
64.598859,0,0,0,0,0,1,0,0,1
64.609689,0,1,0,0,0,0,0,0,0
64.609822,1,0,0,0,0,0,0,0,0
64.619500,0,0,0,0,1,0,0,1,0
64.632599,0,0,1,0,0,0,0,0,0
64.641014,0,1,0,0,0,0,0,0,0
64.650651,0,0,0,1,0,0,1,0,0
64.651746,0,0,0,0,0,1,0,0,1
64.666309,1,0,0,0,1,0,0,1,0
64.683489,0,0,1,0,0,0,0,0,0
64.695100,0,1,0,0,0,0,0,0,0
64.698966,0,0,0,1,0,0,1,0,0
64.701490,0,0,0,0,0,1,0,0,1
64.710540,1,0,0,0,0,0,0,0,0
64.739227,0,0,1,0,1,0,0,1,0
64.749205,0,0,0,0,0,1,0,0,1
64.751718,0,0,0,1,0,0,1,0,0
64.760555,0,1,0,0,0,0,0,0,0
64.770932,1,0,0,0,1,0,0,1,0
64.783398,0,0,1,0,0,0,0,0,0
64.794758,0,1,0,0,0,0,0,0,0
64.799440,0,0,0,1,0,0,1,0,0
64.800179,0,0,0,0,0,1,0,0,1
64.814084,1,0,0,0,0,0,0,0,0
64.840162,0,0,1,0,1,0,0,1,0
64.849307,0,0,0,1,0,0,1,0,0
64.850489,0,0,0,0,0,1,0,0,1
64.862091,0,1,0,0,0,0,0,0,0
64.865636,1,0,0,0,0,0,0,0,0
64.886016,0,0,1,0,1,0,0,1,0
64.897651,0,0,0,0,0,1,0,0,1
64.900260,0,0,0,1,0,0,1,0,0
64.910565,0,1,0,0,0,0,0,0,0
64.912572,1,0,0,0,0,0,0,0,0
64.924434,0,0,0,0,1,0,0,1,0
64.932749,0,0,1,0,0,0,0,0,0
64.948654,0,0,0,1,0,0,1,0,0
64.951293,0,1,0,0,0,0,0,0,0
64.951465,0,0,0,0,0,1,0,0,1
64.965739,1,0,0,0,0,0,0,0,0
64.967398,0,0,0,0,1,0,0,1,0
64.984233,0,0,1,0,0,0,0,0,0
64.995841,0,1,0,0,0,0,0,0,0
64.999154,0,0,0,0,0,1,0,0,1
65.000076,0,0,0,1,0,0,1,0,0
65.011794,1,0,0,0,1,0,0,1,0
65.033584,0,0,1,0,0,0,0,0,0
65.037548,0,1,0,0,0,0,0,0,0
65.049215,0,0,0,0,0,1,0,0,1
65.049685,0,0,0,1,0,0,1,0,0
65.064493,1,0,0,0,1,0,0,1,0
65.081979,0,0,1,0,0,0,0,0,0
65.084531,0,1,0,0,0,0,0,0,0
65.099378,0,0,0,1,0,0,1,0,0
65.102007,0,0,0,0,0,1,0,0,1
65.110179,1,0,0,0,0,0,0,0,0
65.140124,0,0,1,0,0,0,0,0,0
65.146965,0,0,0,0,1,0,0,1,0
65.148711,0,0,0,0,0,1,0,0,1
65.149943,0,0,0,1,0,0,1,0,0
65.163627,1,0,0,0,0,0,0,0,0
65.167068,0,1,0,0,0,0,0,0,0
65.179429,0,0,0,0,1,0,0,1,0
65.188038,0,0,1,0,0,0,0,0,0
65.198585,0,0,0,0,0,1,0,0,1
65.200304,0,0,0,1,0,0,1,0,0
65.202620,0,1,0,0,0,0,0,0,0
65.217919,1,0,0,0,0,0,0,0,0
65.220467,0,0,0,0,1,0,0,1,0
65.233596,0,0,1,0,0,0,0,0,0
65.245067,0,1,0,0,0,0,0,0,0
65.250481,0,0,0,1,0,0,1,0,0
65.253726,0,0,0,0,0,1,0,0,1
65.267732,1,0,0,0,1,0,0,1,0
65.288508,0,0,1,0,0,0,0,0,0
65.292942,0,1,0,0,0,0,0,0,0
65.299609,0,0,0,1,0,0,1,0,0
65.300331,0,0,0,0,0,1,0,0,1
65.314921,1,0,0,0,0,0,0,0,0
65.339286,0,0,1,0,1,0,0,1,0
65.348600,0,0,0,0,0,1,0,0,1
65.350409,0,0,0,1,0,0,1,0,0
65.362134,1,0,0,0,0,0,0,0,0
65.367414,0,1,0,0,0,0,0,0,0
65.386874,0,0,1,0,0,0,0,0,0
65.399619,0,0,0,0,0,1,0,0,1
65.400976,0,0,0,1,1,0,1,1,0
65.416767,1,0,0,0,0,0,0,0,0
65.418487,0,0,0,0,1,0,0,1,0
65.425336,0,1,0,0,0,0,0,0,0
65.434859,0,0,1,0,0,0,0,0,0
65.445461,0,1,0,0,0,0,0,0,0
65.448843,0,0,0,0,0,1,0,0,1
65.451078,0,0,0,1,0,0,1,0,0
65.464502,1,0,0,0,0,0,0,0,0
65.474840,0,0,0,0,1,0,0,1,0
65.486094,0,0,1,0,0,0,0,0,0
65.495646,0,1,0,0,0,0,0,0,0
65.497145,0,0,0,0,0,1,0,0,1
65.500196,0,0,0,1,0,0,1,0,0
65.514495,1,0,0,0,0,0,0,0,0
65.532398,0,0,1,0,0,0,0,0,0
65.548540,0,0,0,0,0,1,0,0,1
65.549196,0,0,0,0,1,0,0,1,0
65.550141,0,0,0,1,0,0,1,0,0
65.566426,1,0,0,0,1,0,0,1,0
65.572303,0,1,0,0,0,0,0,0,0
65.585133,0,0,1,0,0,0,0,0,0
65.595979,0,1,0,0,0,0,0,0,0
65.600171,0,0,0,1,0,0,1,0,0
65.601807,0,0,0,0,0,1,0,0,1
65.611732,1,0,0,0,1,0,0,1,0
65.636360,0,0,1,0,0,0,0,0,0
65.636836,0,1,0,0,0,0,0,0,0
65.649892,0,0,0,1,0,0,1,0,0
65.653283,0,0,0,0,0,1,0,0,1
65.668300,1,0,0,0,1,0,0,1,0
65.687090,0,0,1,0,0,0,0,0,0
65.690661,0,1,0,0,0,0,0,0,0
65.697596,0,0,0,0,0,1,0,0,1
65.699963,0,0,0,1,0,0,1,0,0
65.713377,1,0,0,0,1,0,0,1,0
65.734066,0,0,1,0,0,0,0,0,0
65.743329,0,1,0,0,0,0,0,0,0
65.747927,0,0,0,0,0,1,0,0,1
65.750917,0,0,0,1,0,0,1,0,0
65.767789,1,0,0,0,0,0,0,0,0
65.781965,0,0,1,0,1,0,0,1,0
65.799151,0,0,0,0,0,1,0,0,1
65.799461,0,0,0,1,0,0,1,0,0
65.810482,0,1,0,0,0,0,0,0,0
65.813731,1,0,0,0,1,0,0,1,0
65.835752,0,0,1,0,0,0,0,0,0
65.839781,0,1,0,0,0,0,0,0,0
65.847248,0,0,0,0,0,1,0,0,1
65.849155,0,0,0,1,0,0,1,0,0
65.859316,1,0,0,0,0,0,0,0,0
65.869552,0,0,0,0,1,0,0,1,0
65.886826,0,0,1,0,0,0,0,0,0
65.896844,0,1,0,0,0,0,0,0,0
65.899640,0,0,0,1,0,0,1,0,0
65.901707,0,0,0,0,0,1,0,0,1
65.915517,1,0,0,0,1,0,0,1,0
65.936546,0,1,0,0,0,0,0,0,0
65.937888,0,0,1,0,0,0,0,0,0
65.948593,0,0,0,0,0,1,0,0,1
65.950752,0,0,0,1,0,0,1,0,0
65.963363,1,0,0,0,1,0,0,1,0
65.981994,0,0,1,0,0,0,0,0,0
65.988048,0,1,0,0,0,0,0,0,0
65.998100,0,0,0,0,0,1,0,0,1
65.999881,0,0,0,1,0,0,1,0,0
66.012661,1,0,0,0,0,0,0,0,0
66.029675,0,0,1,0,0,0,0,0,0
66.049120,0,0,0,0,1,1,0,1,1
66.049260,0,0,0,1,0,0,1,0,0
66.061235,1,0,0,0,0,0,0,0,0
66.071795,0,0,0,0,1,0,0,1,0
66.076605,0,1,0,0,0,0,0,0,0
66.085338,0,0,1,0,0,0,0,0,0
66.093184,0,1,0,0,0,0,0,0,0
66.101078,0,0,0,0,0,1,0,0,1
66.101627,0,0,0,1,0,0,1,0,0
66.115561,1,0,0,0,0,0,0,0,0
66.139827,0,0,1,0,0,0,0,0,0
66.147935,0,0,0,0,1,0,0,1,0
66.149165,0,0,0,0,0,1,0,0,1
66.150809,0,0,0,1,0,0,1,0,0
66.161090,1,0,0,0,0,0,0,0,0
66.166033,0,0,0,0,1,0,0,1,0
66.171711,0,1,0,0,0,0,0,0,0
66.183034,0,0,1,0,0,0,0,0,0
66.189500,0,1,0,0,0,0,0,0,0
66.198636,0,0,0,1,0,0,1,0,0
66.199856,0,0,0,0,0,1,0,0,1
66.217046,1,0,0,0,0,0,0,0,0
66.231392,0,0,1,0,0,0,0,0,0
66.238387,0,0,0,0,1,0,0,1,0
66.246582,0,0,0,0,0,1,0,0,1
66.249618,0,0,0,1,0,0,1,0,0
66.261296,1,0,0,0,0,0,0,0,0
66.262038,0,1,0,0,1,0,0,1,0
66.283036,0,0,1,0,0,0,0,0,0
66.286230,0,1,0,0,0,0,0,0,0
66.298103,0,0,0,0,0,1,0,0,1
66.300078,0,0,0,1,0,0,1,0,0
66.313015,1,0,0,0,0,0,0,0,0
66.337500,0,0,1,0,0,0,0,0,0
66.347261,0,0,0,0,0,1,0,0,1
66.351844,0,0,0,1,0,0,1,0,0
66.362359,1,0,0,0,1,0,0,1,0
66.382855,0,0,1,0,0,0,0,0,0
66.384183,0,0,0,0,1,0,0,1,0
66.389210,0,1,0,0,0,0,0,0,0
66.398000,0,0,0,0,0,1,0,0,1
66.401755,0,0,0,1,0,0,1,0,0
66.410098,0,1,0,0,0,0,0,0,0
66.414490,1,0,0,0,0,0,0,0,0
66.434547,0,0,1,0,1,0,0,1,0
66.446318,0,0,0,0,0,1,0,0,1
66.448327,0,0,0,1,0,0,1,0,0
66.461206,0,1,0,0,0,0,0,0,0
66.461467,1,0,0,0,1,0,0,1,0
66.484951,0,0,1,0,0,0,0,0,0
66.489290,0,1,0,0,0,0,0,0,0
66.496112,0,0,0,0,0,1,0,0,1
66.499078,0,0,0,1,0,0,1,0,0
66.509912,1,0,0,0,0,0,0,0,0
66.534800,0,0,1,0,0,0,0,0,0
66.549816,0,0,0,1,0,0,1,0,0
66.549982,0,0,0,0,1,0,0,1,0
66.550148,0,0,0,0,0,1,0,0,1
66.560533,1,0,0,0,0,0,0,0,0
66.570271,0,0,0,0,1,0,0,1,0
66.573472,0,1,0,0,0,0,0,0,0
66.583269,0,0,1,0,0,0,0,0,0
66.592974,0,1,0,0,0,0,0,0,0
66.599212,0,0,0,0,0,1,0,0,1
66.599717,0,0,0,1,0,0,1,0,0
66.612540,1,0,0,0,1,0,0,1,0
66.636222,0,1,0,0,0,0,0,0,0
66.638702,0,0,1,0,0,0,0,0,0
66.648082,0,0,0,0,0,1,0,0,1
66.650714,0,0,0,1,0,0,1,0,0
66.665192,1,0,0,0,1,0,0,1,0
66.684224,0,0,1,0,0,0,0,0,0
66.687316,0,1,0,0,0,0,0,0,0
66.699036,0,0,0,1,0,0,1,0,0
66.699481,0,0,0,0,0,1,0,0,1
66.715827,1,0,0,0,0,0,0,0,0
66.732240,0,0,1,0,0,0,0,0,0
66.747972,0,0,0,0,1,1,0,1,1
66.749496,0,0,0,1,0,0,1,0,0
66.760641,1,0,0,0,1,0,0,1,0
66.768796,0,1,0,0,0,0,0,0,0
66.781360,0,1,0,0,0,0,0,0,0
66.783871,0,0,1,0,0,0,0,0,0
66.799038,0,0,0,1,0,0,1,0,0
66.799072,0,0,0,0,0,1,0,0,1
66.812723,1,0,0,0,0,0,0,0,0
66.821398,0,0,0,0,1,0,0,1,0
66.837749,0,0,1,0,0,0,0,0,0
66.847296,0,1,0,0,0,0,0,0,0
66.849383,0,0,0,0,0,1,0,0,1
66.849803,0,0,0,1,0,0,1,0,0
66.864402,1,0,0,0,0,0,0,0,0
66.883488,0,0,1,0,0,0,0,0,0
66.899223,0,0,0,1,1,0,1,1,0
66.901072,0,0,0,0,0,1,0,0,1
66.912064,1,0,0,0,1,0,0,1,0
66.923781,0,1,0,0,0,0,0,0,0
66.935510,0,0,1,0,0,0,0,0,0
66.939270,0,1,0,0,0,0,0,0,0
66.949287,0,0,0,1,0,0,1,0,0
66.951470,0,0,0,0,0,1,0,0,1
66.959388,1,0,0,0,0,0,0,0,0
66.988830,0,0,1,0,0,0,0,0,0
66.997535,0,0,0,0,0,1,0,0,1
67.000910,0,0,0,1,1,0,1,1,0
67.013919,1,0,0,0,0,0,0,0,0
67.021039,0,1,0,0,0,0,0,0,0
67.034456,0,0,1,0,0,0,0,0,0
67.037337,0,0,0,0,1,0,0,1,0
67.048631,0,0,0,0,0,1,0,0,1
67.050090,0,0,0,1,0,0,1,0,0
67.065071,0,1,0,0,0,0,0,0,0
67.065634,1,0,0,0,0,0,0,0,0
67.069166,0,0,0,0,1,0,0,1,0
67.083045,0,0,1,0,0,0,0,0,0
67.091471,0,1,0,0,0,0,0,0,0
67.100468,0,0,0,1,0,0,1,0,0
67.102895,0,0,0,0,0,1,0,0,1
67.112046,1,0,0,0,0,0,0,0,0
67.136025,0,0,1,0,1,0,0,1,0
67.150362,0,0,0,1,0,0,1,0,0
67.151748,0,0,0,0,0,1,0,0,1
67.158949,0,1,0,0,0,0,0,0,0
67.163683,1,0,0,0,0,0,0,0,0
67.190648,0,0,1,0,1,0,0,1,0
67.197992,0,0,0,0,0,1,0,0,1
67.199870,0,0,0,1,0,0,1,0,0
67.210300,1,0,0,0,0,0,0,0,0
67.215148,0,1,0,0,0,0,0,0,0
67.230109,0,0,1,0,1,0,0,1,0
67.249733,0,0,0,1,0,0,1,0,0
67.250800,0,0,0,0,0,1,0,0,1
67.258409,0,1,0,0,0,0,0,0,0
67.260737,1,0,0,0,1,0,0,1,0
67.287076,0,1,0,0,0,0,0,0,0
67.290615,0,0,1,0,0,0,0,0,0
67.298900,0,0,0,0,0,1,0,0,1
67.300435,0,0,0,1,0,0,1,0,0
67.318395,1,0,0,0,0,0,0,0,0
67.329298,0,0,0,0,1,0,0,1,0
67.338113,0,0,1,0,0,0,0,0,0
67.348270,0,0,0,1,0,0,1,0,0
67.352400,0,0,0,0,0,1,0,0,1
67.356445,0,1,0,0,0,0,0,0,0
67.364565,1,0,0,0,1,0,0,1,0
67.383409,0,0,1,0,0,0,0,0,0
67.386522,0,1,0,0,0,0,0,0,0
67.397136,0,0,0,0,0,1,0,0,1
67.401230,0,0,0,1,0,0,1,0,0
67.416800,1,0,0,0,0,0,0,0,0
67.433359,0,0,1,0,0,0,0,0,0
67.447663,0,0,0,0,0,1,0,0,1
67.451344,0,0,0,1,1,0,1,1,0
67.466888,1,0,0,0,0,0,0,0,0
67.471679,0,0,0,0,1,0,0,1,0
67.475432,0,1,0,0,0,0,0,0,0
67.485180,0,0,1,0,0,0,0,0,0
67.498645,0,1,0,0,0,0,0,0,0
67.501371,0,0,0,1,0,0,1,0,0
67.502000,0,0,0,0,0,1,0,0,1
67.518660,1,0,0,0,0,0,0,0,0
67.532074,0,0,1,0,0,0,0,0,0
67.548546,0,0,0,0,0,1,0,0,1
67.550973,0,0,0,1,1,0,1,1,0
67.561139,1,0,0,0,1,0,0,1,0
67.575570,0,1,0,0,0,0,0,0,0
67.583267,0,1,0,0,0,0,0,0,0
67.586629,0,0,1,0,0,0,0,0,0
67.598953,0,0,0,1,0,0,1,0,0
67.600429,0,0,0,0,0,1,0,0,1
67.613070,1,0,0,0,0,0,0,0,0
67.636608,0,0,1,0,1,0,0,1,0
67.650313,0,0,0,0,0,1,0,0,1
67.651422,0,0,0,1,0,0,1,0,0
67.664956,0,1,0,0,0,0,0,0,0
67.667549,1,0,0,0,1,0,0,1,0
67.687440,0,0,1,0,0,0,0,0,0
67.694910,0,1,0,0,0,0,0,0,0
67.700157,0,0,0,1,0,0,1,0,0
67.702212,0,0,0,0,0,1,0,0,1
67.715020,1,0,0,0,1,0,0,1,0
67.741467,0,0,1,0,0,0,0,0,0
67.742843,0,1,0,0,0,0,0,0,0
67.749713,0,0,0,0,0,1,0,0,1
67.750076,0,0,0,1,0,0,1,0,0
67.762963,1,0,0,0,0,0,0,0,0
67.784944,0,0,1,0,1,0,0,1,0
67.799175,0,0,0,0,0,1,0,0,1
67.800818,0,0,0,1,0,0,1,0,0
67.805878,0,1,0,0,0,0,0,0,0
67.813767,1,0,0,0,1,0,0,1,0
67.836926,0,1,0,0,0,0,0,0,0
67.838322,0,0,1,0,0,0,0,0,0
67.849706,0,0,0,1,0,0,1,0,0
67.852408,0,0,0,0,0,1,0,0,1
67.863585,1,0,0,0,0,0,0,0,0
67.882775,0,0,0,0,1,0,0,1,0
67.891346,0,0,1,0,0,0,0,0,0
67.898412,0,0,0,0,0,1,0,0,1
67.899189,0,0,0,1,0,0,1,0,0
67.907795,0,1,0,0,0,0,0,0,0
67.917184,1,0,0,0,1,0,0,1,0
67.934684,0,0,1,0,0,0,0,0,0
67.946496,0,1,0,0,0,0,0,0,0
67.946638,0,0,0,0,0,1,0,0,1
67.949243,0,0,0,1,0,0,1,0,0
67.960606,1,0,0,0,1,0,0,1,0
67.983857,0,1,0,0,0,0,0,0,0
67.984434,0,0,1,0,0,0,0,0,0
68.000215,0,0,0,1,0,0,1,0,0
68.002678,0,0,0,0,0,1,0,0,1
68.016363,1,0,0,0,1,0,0,1,0
68.035710,0,0,1,0,0,0,0,0,0
68.038995,0,1,0,0,0,0,0,0,0
68.050248,0,0,0,1,0,0,1,0,0
68.053020,0,0,0,0,0,1,0,0,1
68.064704,1,0,0,0,0,0,0,0,0
68.074038,0,0,0,0,1,0,0,1,0
68.088372,0,0,1,0,0,0,0,0,0
68.097447,0,0,0,0,0,1,0,0,1
68.099331,0,1,0,0,0,0,0,0,0
68.100357,0,0,0,1,0,0,1,0,0
68.111834,1,0,0,0,0,0,0,0,0
68.120437,0,0,0,0,1,0,0,1,0
68.131448,0,0,1,0,0,0,0,0,0
68.150033,0,1,0,0,0,0,0,0,0
68.151234,0,0,0,1,0,0,1,0,0
68.151524,0,0,0,0,0,1,0,0,1
68.166409,1,0,0,0,1,0,0,1,0
68.182361,0,0,1,0,0,0,0,0,0
68.189624,0,1,0,0,0,0,0,0,0
68.199260,0,0,0,1,0,0,1,0,0
68.201882,0,0,0,0,0,1,0,0,1
68.216954,1,0,0,0,1,0,0,1,0
68.240693,0,0,1,0,0,0,0,0,0
68.242896,0,1,0,0,0,0,0,0,0
68.250614,0,0,0,1,0,0,1,0,0
68.251202,0,0,0,0,0,1,0,0,1
68.261687,1,0,0,0,1,0,0,1,0
68.289219,0,1,0,0,0,0,0,0,0
68.289345,0,0,1,0,0,0,0,0,0
68.301680,0,0,0,1,0,0,1,0,0
68.303835,0,0,0,0,0,1,0,0,1
68.313622,1,0,0,0,0,0,0,0,0
68.320452,0,0,0,0,1,0,0,1,0
68.336722,0,0,1,0,0,0,0,0,0
68.347453,0,1,0,0,0,0,0,0,0
68.349449,0,0,0,1,0,0,1,0,0
68.350859,0,0,0,0,0,1,0,0,1
68.361565,1,0,0,0,0,0,0,0,0
68.383240,0,0,1,0,0,0,0,0,0
68.390940,0,0,0,0,1,0,0,1,0
68.400395,0,0,0,1,0,0,1,0,0
68.401157,0,0,0,0,0,1,0,0,1
68.413146,0,1,0,0,0,0,0,0,0
68.414255,1,0,0,0,0,0,0,0,0
68.424024,0,0,0,0,1,0,0,1,0
68.440064,0,0,1,0,0,0,0,0,0
68.446678,0,1,0,0,0,0,0,0,0
68.448709,0,0,0,1,0,0,1,0,0
68.450849,0,0,0,0,0,1,0,0,1
68.461774,1,0,0,0,1,0,0,1,0
68.485917,0,1,0,0,0,0,0,0,0
68.489278,0,0,1,0,0,0,0,0,0
68.501547,0,0,0,1,0,0,1,0,0
68.501551,0,0,0,0,0,1,0,0,1
68.519826,1,0,0,0,0,0,0,0,0
68.521727,0,0,0,0,1,0,0,1,0
68.535087,0,0,1,0,0,0,0,0,0
68.544501,0,1,0,0,0,0,0,0,0
68.546871,0,0,0,0,0,1,0,0,1
68.549939,0,0,0,1,0,0,1,0,0
68.567936,1,0,0,0,0,0,0,0,0
68.575779,0,0,0,0,1,0,0,1,0
68.581068,0,0,1,0,0,0,0,0,0
68.596715,0,1,0,0,0,0,0,0,0
68.598698,0,0,0,0,0,1,0,0,1
68.601379,0,0,0,1,0,0,1,0,0
68.613704,1,0,0,0,0,0,0,0,0
68.616690,0,0,0,0,1,0,0,1,0
68.635261,0,0,1,0,0,0,0,0,0
68.640742,0,1,0,0,0,0,0,0,0
68.650875,0,0,0,1,0,0,1,0,0
68.651428,0,0,0,0,0,1,0,0,1
68.663059,1,0,0,0,1,0,0,1,0
68.688558,0,0,1,0,0,0,0,0,0
68.692575,0,1,0,0,0,0,0,0,0
68.696307,0,0,0,0,0,1,0,0,1
68.698458,0,0,0,1,0,0,1,0,0
68.714918,1,0,0,0,0,0,0,0,0
68.727915,0,0,0,0,1,0,0,1,0
68.735191,0,0,1,0,0,0,0,0,0
68.750347,0,0,0,0,0,1,0,0,1
68.750772,0,0,0,1,0,0,1,0,0
68.757445,0,1,0,0,0,0,0,0,0
68.765786,1,0,0,0,1,0,0,1,0
68.784047,0,0,1,0,0,0,0,0,0
68.789435,0,1,0,0,0,0,0,0,0
68.798285,0,0,0,1,0,0,1,0,0
68.800392,0,0,0,0,0,1,0,0,1
68.811086,1,0,0,0,0,0,0,0,0
68.833652,0,0,0,0,1,0,0,1,0
68.837405,0,0,1,0,0,0,0,0,0
68.847702,0,0,0,0,0,1,0,0,1
68.850143,0,0,0,1,0,0,1,0,0
68.862098,1,0,0,0,1,0,0,1,0
68.863516,0,1,0,0,0,0,0,0,0
68.879077,0,0,1,0,0,0,0,0,0
68.886945,0,1,0,0,0,0,0,0,0
68.898196,0,0,0,0,0,1,0,0,1
68.899187,0,0,0,1,0,0,1,0,0
68.915837,1,0,0,0,1,0,0,1,0
68.935863,0,1,0,0,0,0,0,0,0
68.937465,0,0,1,0,0,0,0,0,0
68.950180,0,0,0,0,0,1,0,0,1
68.951126,0,0,0,1,0,0,1,0,0
68.966375,1,0,0,0,1,0,0,1,0
68.988693,0,0,1,0,0,0,0,0,0
68.990083,0,1,0,0,0,0,0,0,0
68.999057,0,0,0,0,0,1,0,0,1
69.000128,0,0,0,1,0,0,1,0,0
69.013903,1,0,0,0,1,0,0,1,0
69.034554,0,0,1,0,0,0,0,0,0
69.041169,0,1,0,0,0,0,0,0,0
69.049429,0,0,0,0,0,1,0,0,1
69.051097,0,0,0,1,0,0,1,0,0
69.061275,1,0,0,0,1,0,0,1,0
69.081281,0,0,1,0,0,0,0,0,0
69.084733,0,1,0,0,0,0,0,0,0
69.098301,0,0,0,0,0,1,0,0,1
69.099641,0,0,0,1,0,0,1,0,0
69.118881,1,0,0,0,1,0,0,1,0
69.132435,0,0,1,0,0,0,0,0,0
69.144171,0,1,0,0,0,0,0,0,0
69.149513,0,0,0,0,0,1,0,0,1
69.150640,0,0,0,1,0,0,1,0,0
69.162934,1,0,0,0,0,0,0,0,0
69.178815,0,0,0,0,1,0,0,1,0
69.186006,0,0,1,0,0,0,0,0,0
69.200953,0,0,0,1,0,0,1,0,0
69.202229,0,0,0,0,0,1,0,0,1
69.202475,0,1,0,0,0,0,0,0,0
69.214214,1,0,0,0,1,0,0,1,0
69.239675,0,0,1,0,0,0,0,0,0
69.241561,0,1,0,0,0,0,0,0,0
69.246664,0,0,0,0,0,1,0,0,1
69.250805,0,0,0,1,0,0,1,0,0
69.267762,1,0,0,0,1,0,0,1,0
69.285776,0,0,1,0,0,0,0,0,0
69.294161,0,1,0,0,0,0,0,0,0
69.299493,0,0,0,0,0,1,0,0,1
69.299704,0,0,0,1,0,0,1,0,0
69.317189,1,0,0,0,0,0,0,0,0
69.338075,0,0,1,0,0,0,0,0,0
69.341191,0,0,0,0,1,0,0,1,0
69.348700,0,0,0,1,0,0,1,0,0
69.350607,0,0,0,0,0,1,0,0,1
69.361848,0,1,0,0,0,0,0,0,0
69.363172,1,0,0,0,0,0,0,0,0
69.372927,0,0,0,0,1,0,0,1,0
69.382035,0,0,1,0,0,0,0,0,0
69.395463,0,1,0,0,0,0,0,0,0
69.398137,0,0,0,1,0,0,1,0,0
69.398678,0,0,0,0,0,1,0,0,1
69.411658,1,0,0,0,1,0,0,1,0
69.437088,0,0,1,0,0,0,0,0,0
69.438083,0,1,0,0,0,0,0,0,0
69.449175,0,0,0,1,0,0,1,0,0
69.450553,0,0,0,0,0,1,0,0,1
69.465538,1,0,0,0,0,0,0,0,0
69.488081,0,0,1,0,1,0,0,1,0
69.498260,0,0,0,0,0,1,0,0,1
69.500911,0,0,0,1,0,0,1,0,0
69.516528,0,1,0,0,0,0,0,0,0
69.519137,1,0,0,0,1,0,0,1,0
69.533509,0,0,1,0,0,0,0,0,0
69.546365,0,1,0,0,0,0,0,0,0
69.548686,0,0,0,0,0,1,0,0,1
69.550155,0,0,0,1,0,0,1,0,0
69.567365,1,0,0,0,0,0,0,0,0
69.571806,0,0,0,0,1,0,0,1,0
69.586402,0,0,1,0,0,0,0,0,0
69.596453,0,0,0,0,0,1,0,0,1
69.596771,0,1,0,0,0,0,0,0,0
69.600154,0,0,0,1,0,0,1,0,0
69.618467,1,0,0,0,1,0,0,1,0
69.627332,0,0,1,0,0,0,0,0,0
69.643505,0,1,0,0,0,0,0,0,0
69.647769,0,0,0,0,0,1,0,0,1
69.651525,0,0,0,1,0,0,1,0,0
69.664387,1,0,0,0,1,0,0,1,0
69.684513,0,0,1,0,0,0,0,0,0
69.685850,0,1,0,0,0,0,0,0,0
69.700514,0,0,0,1,0,0,1,0,0
69.702640,0,0,0,0,0,1,0,0,1
69.718786,1,0,0,0,1,0,0,1,0
69.742492,0,0,1,0,0,0,0,0,0
69.747832,0,1,0,0,0,0,0,0,0
69.750127,0,0,0,1,0,0,1,0,0
69.751724,0,0,0,0,0,1,0,0,1
69.762282,1,0,0,0,0,0,0,0,0
69.770076,0,0,0,0,1,0,0,1,0
69.785299,0,0,1,0,0,0,0,0,0
69.793441,0,1,0,0,0,0,0,0,0
69.798719,0,0,0,0,0,1,0,0,1
69.799545,0,0,0,1,0,0,1,0,0
69.817796,1,0,0,0,0,0,0,0,0
69.832807,0,0,0,0,1,0,0,1,0
69.834727,0,0,1,0,0,0,0,0,0
69.849258,0,0,0,0,0,1,0,0,1
69.851288,0,0,0,1,0,0,1,0,0
69.854489,0,1,0,0,0,0,0,0,0
69.864349,1,0,0,0,1,0,0,1,0
69.887589,0,0,1,0,0,0,0,0,0
69.888149,0,1,0,0,0,0,0,0,0
69.897496,0,0,0,0,0,1,0,0,1
69.900008,0,0,0,1,0,0,1,0,0
69.916234,1,0,0,0,0,0,0,0,0
69.934792,0,0,1,0,0,0,0,0,0
69.947132,0,0,0,0,0,1,0,0,1
69.948132,0,0,0,0,1,0,0,1,0
69.948534,0,0,0,1,0,0,1,0,0
69.965116,1,0,0,0,1,0,0,1,0
69.970311,0,1,0,0,0,0,0,0,0
69.985807,0,0,1,0,0,0,0,0,0
69.987851,0,1,0,0,0,0,0,0,0
69.999388,0,0,0,0,0,1,0,0,1
70.000699,0,0,0,1,0,0,1,0,0
70.012889,1,0,0,0,0,0,0,0,0
70.035306,0,0,1,0,0,0,0,0,0
70.041047,0,0,0,0,1,0,0,1,0
70.050754,0,0,0,0,0,1,0,0,1
70.050767,0,0,0,1,0,0,1,0,0
70.063245,1,0,0,0,0,0,0,0,0
70.066834,0,1,0,0,1,0,0,1,0
70.089704,0,0,1,0,0,0,0,0,0
70.094690,0,1,0,0,0,0,0,0,0
70.096534,0,0,0,0,0,1,0,0,1
70.099926,0,0,0,1,0,0,1,0,0
70.111689,1,0,0,0,1,0,0,1,0
70.127303,0,0,1,0,0,0,0,0,0
70.138850,0,1,0,0,0,0,0,0,0
70.151333,0,0,0,1,0,0,1,0,0
70.152696,0,0,0,0,0,1,0,0,1
70.161631,1,0,0,0,1,0,0,1,0
70.187373,0,0,1,0,0,0,0,0,0
70.190547,0,1,0,0,0,0,0,0,0
70.198689,0,0,0,1,0,0,1,0,0
70.202085,0,0,0,0,0,1,0,0,1
70.209015,1,0,0,0,0,0,0,0,0
70.220361,0,0,0,0,1,0,0,1,0
70.241706,0,0,1,0,0,0,0,0,0
70.247350,0,1,0,0,0,0,0,0,0
70.248204,0,0,0,1,0,0,1,0,0
70.248437,0,0,0,0,0,1,0,0,1
70.261229,1,0,0,0,0,0,0,0,0
70.287361,0,0,1,0,0,0,0,0,0
70.300580,0,0,0,0,0,1,0,0,1
70.300637,0,0,0,1,0,0,1,0,0
70.310765,0,0,0,0,1,0,0,1,0
70.311982,1,0,0,0,0,0,0,0,0
70.328269,0,0,0,0,1,0,0,1,0
70.334316,0,1,0,0,0,0,0,0,0
70.338198,0,0,1,0,0,0,0,0,0
70.350150,0,1,0,0,0,0,0,0,0
70.350193,0,0,0,1,0,0,1,0,0
70.353003,0,0,0,0,0,1,0,0,1
70.363082,1,0,0,0,1,0,0,1,0
70.387699,0,1,0,0,0,0,0,0,0
70.389748,0,0,1,0,0,0,0,0,0
70.398060,0,0,0,0,0,1,0,0,1
70.400007,0,0,0,1,0,0,1,0,0
70.413271,1,0,0,0,0,0,0,0,0
70.419945,0,0,0,0,1,0,0,1,0
70.434962,0,0,1,0,0,0,0,0,0
70.443578,0,1,0,0,0,0,0,0,0
70.446534,0,0,0,0,0,1,0,0,1
70.450712,0,0,0,1,0,0,1,0,0
70.462478,1,0,0,0,0,0,0,0,0
70.479506,0,0,0,0,1,0,0,1,0
70.482670,0,0,1,0,0,0,0,0,0
70.499510,0,1,0,0,0,0,0,0,0
70.501029,0,0,0,1,0,0,1,0,0
70.503937,0,0,0,0,0,1,0,0,1
70.513142,1,0,0,0,1,0,0,1,0
70.536124,0,1,0,0,0,0,0,0,0
70.538481,0,0,1,0,0,0,0,0,0
70.548775,0,0,0,0,0,1,0,0,1
70.551032,0,0,0,1,0,0,1,0,0
70.565998,1,0,0,0,1,0,0,1,0
70.585323,0,0,1,0,0,0,0,0,0
70.590028,0,1,0,0,0,0,0,0,0
70.599828,0,0,0,1,0,0,1,0,0
70.602073,0,0,0,0,0,1,0,0,1
70.613829,1,0,0,0,0,0,0,0,0
70.640712,0,0,1,0,1,0,0,1,0
70.648542,0,0,0,0,0,1,0,0,1
70.650712,0,0,0,1,0,0,1,0,0
70.668005,1,0,0,0,0,0,0,0,0
70.668890,0,1,0,0,1,0,0,1,0
70.684399,0,0,1,0,0,0,0,0,0
70.689375,0,1,0,0,0,0,0,0,0
70.697264,0,0,0,0,0,1,0,0,1
70.701419,0,0,0,1,0,0,1,0,0
70.712984,1,0,0,0,1,0,0,1,0
70.731225,0,0,1,0,0,0,0,0,0
70.740046,0,1,0,0,0,0,0,0,0
70.749478,0,0,0,1,0,0,1,0,0
70.752349,0,0,0,0,0,1,0,0,1
70.766648,1,0,0,0,1,0,0,1,0
70.788848,0,1,0,0,0,0,0,0,0
70.789568,0,0,1,0,0,0,0,0,0
70.801499,0,0,0,1,0,0,1,0,0
70.801970,0,0,0,0,0,1,0,0,1
70.813986,1,0,0,0,0,0,0,0,0
70.825761,0,0,0,0,1,0,0,1,0
70.840605,0,0,1,0,0,0,0,0,0
70.849585,0,0,0,1,0,0,1,0,0
70.850491,0,1,0,0,0,0,0,0,0
70.850868,0,0,0,0,0,1,0,0,1
70.862775,1,0,0,0,0,0,0,0,0
70.884144,0,0,1,0,0,0,0,0,0
70.890146,0,0,0,0,1,0,0,1,0
70.897815,0,0,0,0,0,1,0,0,1
70.900332,0,0,0,1,0,0,1,0,0
70.913352,1,0,0,0,0,0,0,0,0
70.915237,0,0,0,0,1,0,0,1,0
70.916797,0,1,0,0,0,0,0,0,0
70.932974,0,0,1,0,0,0,0,0,0
70.940077,0,1,0,0,0,0,0,0,0
70.948687,0,0,0,0,0,1,0,0,1
70.950062,0,0,0,1,0,0,1,0,0
70.966568,1,0,0,0,0,0,0,0,0
70.979781,0,0,0,0,1,0,0,1,0
70.983677,0,0,1,0,0,0,0,0,0
70.998141,0,0,0,0,0,1,0,0,1
71.000218,0,0,0,1,0,0,1,0,0
71.005314,0,1,0,0,0,0,0,0,0
71.015906,1,0,0,0,0,0,0,0,0
71.036866,0,0,1,0,0,0,0,0,0
71.042833,0,0,0,0,1,0,0,1,0
71.046471,0,0,0,0,0,1,0,0,1
71.050676,0,0,0,1,0,0,1,0,0
71.066506,0,1,0,0,0,0,0,0,0
71.067015,1,0,0,0,1,0,0,1,0
71.083485,0,0,1,0,0,0,0,0,0
71.087830,0,1,0,0,0,0,0,0,0
71.099004,0,0,0,0,0,1,0,0,1
71.100181,0,0,0,1,0,0,1,0,0
71.111410,1,0,0,0,0,0,0,0,0
71.134346,0,0,1,0,1,0,0,1,0
71.148374,0,0,0,1,0,0,1,0,0
71.151704,0,0,0,0,0,1,0,0,1
71.157296,0,1,0,0,0,0,0,0,0
71.162377,1,0,0,0,0,0,0,0,0
71.187392,0,0,1,0,1,0,0,1,0
71.197710,0,0,0,0,0,1,0,0,1
71.200184,0,0,0,1,0,0,1,0,0
71.215570,0,1,0,0,0,0,0,0,0
71.216053,1,0,0,0,0,0,0,0,0
71.233719,0,0,1,0,0,0,0,0,0
71.234976,0,0,0,0,1,0,0,1,0
71.251850,0,0,0,0,0,1,0,0,1
71.251995,0,0,0,1,0,0,1,0,0
71.256720,0,1,0,0,0,0,0,0,0
71.270806,1,0,0,0,0,0,0,0,0
71.289174,0,0,1,0,0,0,0,0,0
71.290504,0,0,0,0,1,0,0,1,0
71.301017,0,0,0,1,0,0,1,0,0
71.302082,0,0,0,0,0,1,0,0,1
71.319488,0,1,0,0,0,0,0,0,0
71.320717,1,0,0,0,1,0,0,1,0
71.337164,0,0,1,0,0,0,0,0,0
71.349370,0,1,0,0,0,0,0,0,0
71.349612,0,0,0,1,0,0,1,0,0
71.353669,0,0,0,0,0,1,0,0,1
71.362162,1,0,0,0,1,0,0,1,0
71.385013,0,1,0,0,0,0,0,0,0
71.393547,0,0,1,0,0,0,0,0,0
71.400469,0,0,0,1,0,0,1,0,0
71.401023,0,0,0,0,0,1,0,0,1
71.416585,1,0,0,0,0,0,0,0,0
71.427720,0,0,0,0,1,0,0,1,0
71.435145,0,0,1,0,0,0,0,0,0
71.450242,0,0,0,0,0,1,0,0,1
71.451020,0,0,0,1,0,0,1,0,0
71.451118,0,1,0,0,0,0,0,0,0
71.462359,1,0,0,0,1,0,0,1,0
71.488370,0,0,1,0,0,0,0,0,0
71.489616,0,1,0,0,0,0,0,0,0
71.499406,0,0,0,1,0,0,1,0,0
71.502292,0,0,0,0,0,1,0,0,1
71.510251,1,0,0,0,1,0,0,1,0
71.531725,0,1,0,0,0,0,0,0,0
71.537450,0,0,1,0,0,0,0,0,0
71.550329,0,0,0,1,0,0,1,0,0
71.552227,0,0,0,0,0,1,0,0,1
71.562571,1,0,0,0,1,0,0,1,0
71.586076,0,1,0,0,0,0,0,0,0
71.589762,0,0,1,0,0,0,0,0,0
71.597261,0,0,0,0,0,1,0,0,1
71.600044,0,0,0,1,0,0,1,0,0
71.616894,1,0,0,0,1,0,0,1,0
71.629406,0,0,1,0,0,0,0,0,0
71.637885,0,1,0,0,0,0,0,0,0
71.649054,0,0,0,1,0,0,1,0,0
71.653011,0,0,0,0,0,1,0,0,1
71.668932,1,0,0,0,0,0,0,0,0
71.689472,0,0,1,0,1,0,0,1,0
71.700444,0,0,0,1,0,0,1,0,0
71.702020,0,0,0,0,0,1,0,0,1
71.711667,1,0,0,0,1,0,0,1,0
71.712328,0,1,0,0,0,0,0,0,0
71.736028,0,0,1,0,0,0,0,0,0
71.736057,0,1,0,0,0,0,0,0,0
71.748466,0,0,0,0,0,1,0,0,1
71.750588,0,0,0,1,0,0,1,0,0
71.768098,1,0,0,0,0,0,0,0,0
71.787076,0,0,1,0,1,0,0,1,0
71.800898,0,0,0,1,0,0,1,0,0
71.801884,0,0,0,0,0,1,0,0,1
71.812718,1,0,0,0,0,0,0,0,0
71.814459,0,1,0,0,1,0,0,1,0
71.836361,0,1,0,0,0,0,0,0,0
71.839740,0,0,1,0,0,0,0,0,0
71.846746,0,0,0,0,0,1,0,0,1
71.850633,0,0,0,1,0,0,1,0,0
71.862665,1,0,0,0,1,0,0,1,0
71.883366,0,1,0,0,0,0,0,0,0
71.885554,0,0,1,0,0,0,0,0,0
71.900461,0,0,0,1,0,0,1,0,0
71.901642,0,0,0,0,0,1,0,0,1
71.915453,1,0,0,0,0,0,0,0,0
71.935598,0,0,0,0,1,0,0,1,0
71.938370,0,0,1,0,0,0,0,0,0
71.949324,0,0,0,1,0,0,1,0,0
71.953959,0,0,0,0,0,1,0,0,1
71.958478,0,1,0,0,0,0,0,0,0
71.963259,1,0,0,0,0,0,0,0,0
71.985379,0,0,1,0,0,0,0,0,0
71.999235,0,0,0,1,1,0,1,1,0
72.002658,0,0,0,0,0,1,0,0,1
72.010307,1,0,0,0,1,0,0,1,0
72.021597,0,1,0,0,0,0,0,0,0
72.034110,0,1,0,0,0,0,0,0,0
72.041287,0,0,1,0,0,0,0,0,0
72.050513,0,0,0,1,0,0,1,0,0
72.051092,0,0,0,0,0,1,0,0,1
72.064727,1,0,0,0,1,0,0,1,0
72.086992,0,0,1,0,0,0,0,0,0
72.088745,0,1,0,0,0,0,0,0,0
72.099840,0,0,0,1,0,0,1,0,0
72.102023,0,0,0,0,0,1,0,0,1
72.113593,1,0,0,0,0,0,0,0,0
72.120006,0,0,0,0,1,0,0,1,0
72.140036,0,0,1,0,0,0,0,0,0
72.146450,0,0,0,0,0,1,0,0,1
72.148256,0,1,0,0,0,0,0,0,0
72.149181,0,0,0,1,0,0,1,0,0
72.166587,1,0,0,0,0,0,0,0,0
72.167948,0,0,0,0,1,0,0,1,0
72.183226,0,0,1,0,0,0,0,0,0
72.192237,0,1,0,0,0,0,0,0,0
72.196654,0,0,0,0,0,1,0,0,1
72.199247,0,0,0,1,0,0,1,0,0
72.211169,1,0,0,0,1,0,0,1,0
72.235672,0,0,1,0,0,0,0,0,0
72.236502,0,1,0,0,0,0,0,0,0
72.248088,0,0,0,0,0,1,0,0,1
72.249466,0,0,0,1,0,0,1,0,0
72.260582,1,0,0,0,0,0,0,0,0
72.282672,0,0,1,0,1,0,0,1,0
72.298224,0,0,0,1,0,0,1,0,0
72.301432,0,0,0,0,0,1,0,0,1
72.312230,0,1,0,0,0,0,0,0,0
72.313482,1,0,0,0,0,0,0,0,0
72.332326,0,0,1,0,1,0,0,1,0
72.349941,0,0,0,1,0,0,1,0,0
72.352405,0,1,0,0,0,0,0,0,0
72.353258,0,0,0,0,0,1,0,0,1
72.368322,1,0,0,0,1,0,0,1,0
72.391724,0,0,1,0,0,0,0,0,0
72.394954,0,1,0,0,0,0,0,0,0
72.398096,0,0,0,0,0,1,0,0,1
72.400251,0,0,0,1,0,0,1,0,0
72.412740,1,0,0,0,0,0,0,0,0
72.432892,0,0,1,0,0,0,0,0,0
72.441392,0,0,0,0,1,0,0,1,0
72.448833,0,0,0,1,0,0,1,0,0
72.453961,0,0,0,0,0,1,0,0,1
72.459959,1,0,0,0,0,0,0,0,0
72.462490,0,0,0,0,1,0,0,1,0
72.468958,0,1,0,0,0,0,0,0,0
72.486230,0,1,0,0,0,0,0,0,0
72.493259,0,0,1,0,0,0,0,0,0
72.499023,0,0,0,1,0,0,1,0,0
72.501587,0,0,0,0,0,1,0,0,1
72.514374,1,0,0,0,1,0,0,1,0
72.536252,0,0,1,0,0,0,0,0,0
72.536265,0,1,0,0,0,0,0,0,0
72.548847,0,0,0,0,0,1,0,0,1
72.549388,0,0,0,1,0,0,1,0,0
72.563658,1,0,0,0,1,0,0,1,0
72.583813,0,0,1,0,0,0,0,0,0
72.591205,0,1,0,0,0,0,0,0,0
72.600972,0,0,0,0,0,1,0,0,1
72.601846,0,0,0,1,0,0,1,0,0
72.615775,1,0,0,0,0,0,0,0,0
72.639535,0,0,1,0,1,0,0,1,0
72.648176,0,0,0,0,0,1,0,0,1
72.649537,0,0,0,1,0,0,1,0,0
72.664390,0,1,0,0,0,0,0,0,0
72.664428,1,0,0,0,0,0,0,0,0
72.676189,0,0,0,0,1,0,0,1,0
72.679645,0,0,1,0,0,0,0,0,0
72.698893,0,0,0,1,0,0,1,0,0
72.700169,0,0,0,0,0,1,0,0,1
72.703749,0,1,0,0,0,0,0,0,0
72.709599,1,0,0,0,0,0,0,0,0
72.736926,0,0,1,0,1,0,0,1,0
72.749541,0,0,0,1,0,0,1,0,0
72.752872,0,0,0,0,0,1,0,0,1
72.766333,0,1,0,0,0,0,0,0,0
72.768216,1,0,0,0,1,0,0,1,0
72.787157,0,0,1,0,0,0,0,0,0
72.798135,0,1,0,0,0,0,0,0,0
72.799503,0,0,0,1,0,0,1,0,0
72.801609,0,0,0,0,0,1,0,0,1
72.816214,1,0,0,0,0,0,0,0,0
72.821193,0,0,0,0,1,0,0,1,0
72.839403,0,0,1,0,0,0,0,0,0
72.848450,0,0,0,1,0,0,1,0,0
72.851043,0,1,0,0,0,0,0,0,0
72.853403,0,0,0,0,0,1,0,0,1
72.861123,1,0,0,0,1,0,0,1,0
72.891031,0,1,0,0,0,0,0,0,0
72.892315,0,0,1,0,0,0,0,0,0
72.900175,0,0,0,1,0,0,1,0,0
72.903509,0,0,0,0,0,1,0,0,1
72.912185,1,0,0,0,0,0,0,0,0
72.938230,0,0,1,0,1,0,0,1,0
72.947731,0,0,0,0,0,1,0,0,1
72.950227,0,0,0,1,0,0,1,0,0
72.958437,0,1,0,0,0,0,0,0,0
72.961808,1,0,0,0,0,0,0,0,0
72.985505,0,0,1,0,0,0,0,0,0
72.990669,0,0,0,0,1,0,0,1,0
72.999998,0,0,0,1,0,0,1,0,0
73.002450,0,0,0,0,0,1,0,0,1
73.014586,0,1,0,0,0,0,0,0,0
73.016878,1,0,0,0,0,0,0,0,0
73.017920,0,0,0,0,1,0,0,1,0
73.039848,0,1,0,0,0,0,0,0,0
73.040309,0,0,1,0,0,0,0,0,0
73.046513,0,0,0,0,0,1,0,0,1
73.049146,0,0,0,1,0,0,1,0,0
73.060810,1,0,0,0,1,0,0,1,0
73.083986,0,0,1,0,0,0,0,0,0
73.085691,0,1,0,0,0,0,0,0,0
73.099964,0,0,0,0,0,1,0,0,1
73.101825,0,0,0,1,0,0,1,0,0
73.115502,1,0,0,0,0,0,0,0,0
73.132182,0,0,1,0,1,0,0,1,0
73.149122,0,0,0,0,0,1,0,0,1
73.149391,0,0,0,1,0,0,1,0,0
73.153782,0,1,0,0,0,0,0,0,0
73.162909,1,0,0,0,1,0,0,1,0
73.182283,0,0,1,0,0,0,0,0,0
73.185700,0,1,0,0,0,0,0,0,0
73.197949,0,0,0,0,0,1,0,0,1
73.198944,0,0,0,1,0,0,1,0,0
73.218903,1,0,0,0,0,0,0,0,0
73.234311,0,0,1,0,0,0,0,0,0
73.249481,0,0,0,1,1,0,1,1,0
73.249708,0,0,0,0,0,1,0,0,1
73.266021,1,0,0,0,0,0,0,0,0
73.279453,0,1,0,0,0,0,0,0,0
73.280705,0,0,0,0,1,0,0,1,0
73.283922,0,0,1,0,0,0,0,0,0
73.300119,0,0,0,1,0,0,1,0,0
73.302736,0,0,0,0,0,1,0,0,1
73.305830,0,1,0,0,0,0,0,0,0
73.312982,1,0,0,0,0,0,0,0,0
73.334637,0,0,1,0,0,0,0,0,0
73.348554,0,0,0,0,0,1,0,0,1
73.349995,0,0,0,1,0,0,1,0,0
73.366605,1,0,0,0,1,0,0,1,0
73.373635,0,0,0,0,1,0,0,1,0
73.378674,0,0,1,0,0,0,0,0,0
73.392266,0,1,0,0,0,0,0,0,0
73.400067,0,0,0,0,0,1,0,0,1
73.400674,0,0,0,1,0,0,1,0,0
73.402213,0,1,0,0,0,0,0,0,0
73.411476,1,0,0,0,1,0,0,1,0
73.434078,0,1,0,0,0,0,0,0,0
73.437531,0,0,1,0,0,0,0,0,0
73.449913,0,0,0,1,0,0,1,0,0
73.452032,0,0,0,0,0,1,0,0,1
73.461222,1,0,0,0,1,0,0,1,0
73.487796,0,0,1,0,0,0,0,0,0
73.487961,0,1,0,0,0,0,0,0,0
73.496887,0,0,0,0,0,1,0,0,1
73.499510,0,0,0,1,0,0,1,0,0
73.511974,1,0,0,0,0,0,0,0,0
73.533314,0,0,1,0,1,0,0,1,0
73.548326,0,0,0,1,0,0,1,0,0
73.551205,0,0,0,0,0,1,0,0,1
73.558600,0,1,0,0,0,0,0,0,0
73.561026,1,0,0,0,1,0,0,1,0
73.588120,0,1,0,0,0,0,0,0,0
73.588844,0,0,1,0,0,0,0,0,0
73.601666,0,0,0,1,0,0,1,0,0
73.602814,0,0,0,0,0,1,0,0,1
73.619286,1,0,0,0,1,0,0,1,0
73.638259,0,0,1,0,0,0,0,0,0
73.639977,0,1,0,0,0,0,0,0,0
73.646836,0,0,0,0,0,1,0,0,1
73.650998,0,0,0,1,0,0,1,0,0
73.670702,1,0,0,0,0,0,0,0,0
73.681636,0,0,1,0,1,0,0,1,0
73.699373,0,0,0,0,0,1,0,0,1
73.700747,0,0,0,1,0,0,1,0,0
73.705332,0,1,0,0,0,0,0,0,0
73.716452,1,0,0,0,1,0,0,1,0
73.738527,0,1,0,0,0,0,0,0,0
73.739086,0,0,1,0,0,0,0,0,0
73.748577,0,0,0,1,0,0,1,0,0
73.748809,0,0,0,0,0,1,0,0,1
73.766714,1,0,0,0,0,0,0,0,0
73.785877,0,0,1,0,0,0,0,0,0
73.798305,0,0,0,0,1,1,0,1,1
73.800240,0,0,0,1,0,0,1,0,0
73.813507,1,0,0,0,0,0,0,0,0
73.825547,0,1,0,0,1,0,0,1,0
73.831029,0,0,1,0,0,0,0,0,0
73.846872,0,0,0,0,0,1,0,0,1
73.848144,0,1,0,0,0,0,0,0,0
73.851053,0,0,0,1,0,0,1,0,0
73.864979,1,0,0,0,1,0,0,1,0
73.883424,0,0,1,0,0,0,0,0,0
73.886964,0,1,0,0,0,0,0,0,0
73.899738,0,0,0,1,0,0,1,0,0
73.903011,0,0,0,0,0,1,0,0,1
73.910825,1,0,0,0,0,0,0,0,0
73.933667,0,0,1,0,1,0,0,1,0
73.949652,0,0,0,1,0,0,1,0,0
73.949905,0,0,0,0,0,1,0,0,1
73.954519,0,1,0,0,0,0,0,0,0
73.961335,1,0,0,0,1,0,0,1,0
73.982381,0,1,0,0,0,0,0,0,0
73.984694,0,0,1,0,0,0,0,0,0
74.000552,0,0,0,1,0,0,1,0,0
74.001183,0,0,0,0,0,1,0,0,1
74.019292,1,0,0,0,1,0,0,1,0
74.037163,0,0,1,0,0,0,0,0,0
74.042065,0,1,0,0,0,0,0,0,0
74.049232,0,0,0,0,0,1,0,0,1
74.049775,0,0,0,1,0,0,1,0,0
74.062892,1,0,0,0,1,0,0,1,0
74.084668,0,0,1,0,0,0,0,0,0
74.091096,0,1,0,0,0,0,0,0,0
74.097970,0,0,0,0,0,1,0,0,1
74.099588,0,0,0,1,0,0,1,0,0
74.117130,1,0,0,0,1,0,0,1,0
74.128483,0,0,1,0,0,0,0,0,0
74.139772,0,1,0,0,0,0,0,0,0
74.148559,0,0,0,0,0,1,0,0,1
74.149592,0,0,0,1,0,0,1,0,0
74.164840,1,0,0,0,1,0,0,1,0
74.181474,0,0,1,0,0,0,0,0,0
74.184876,0,1,0,0,0,0,0,0,0
74.198911,0,0,0,1,0,0,1,0,0
74.201231,0,0,0,0,0,1,0,0,1
74.212390,1,0,0,0,0,0,0,0,0
74.217988,0,0,0,0,1,0,0,1,0
74.237559,0,0,1,0,0,0,0,0,0
74.243577,0,1,0,0,0,0,0,0,0
74.249739,0,0,0,1,0,0,1,0,0
74.251858,0,0,0,0,0,1,0,0,1
74.260785,1,0,0,0,1,0,0,1,0
74.287717,0,1,0,0,0,0,0,0,0
74.288861,0,0,1,0,0,0,0,0,0
74.298333,0,0,0,0,0,1,0,0,1
74.301083,0,0,0,1,0,0,1,0,0
74.318016,1,0,0,0,0,0,0,0,0
74.332447,0,0,1,0,0,0,0,0,0
74.349173,0,0,0,0,1,1,0,1,1
74.349497,0,0,0,1,0,0,1,0,0
74.365327,1,0,0,0,0,0,0,0,0
74.368724,0,0,0,0,1,0,0,1,0
74.373796,0,1,0,0,0,0,0,0,0
74.385059,0,0,1,0,0,0,0,0,0
74.396805,0,1,0,0,0,0,0,0,0
74.400646,0,0,0,1,0,0,1,0,0
74.401552,0,0,0,0,0,1,0,0,1
74.420425,1,0,0,0,0,0,0,0,0
74.438226,0,0,1,0,0,0,0,0,0
74.448205,0,0,0,0,0,1,0,0,1
74.449838,0,0,0,1,0,0,1,0,0
74.453649,0,0,0,0,1,0,0,1,0
74.464591,1,0,0,0,0,0,0,0,0
74.474074,0,1,0,0,1,0,0,1,0
74.484071,0,0,1,0,0,0,0,0,0
74.499573,0,1,0,0,0,0,0,0,0
74.499865,0,0,0,1,0,0,1,0,0
74.503210,0,0,0,0,0,1,0,0,1
74.513925,1,0,0,0,0,0,0,0,0
74.534344,0,0,1,0,0,0,0,0,0
74.549298,0,0,0,1,0,0,1,0,0
74.550292,0,0,0,0,0,1,0,0,1
74.566141,1,0,0,0,1,0,0,1,0
74.573764,0,0,0,0,1,0,0,1,0
74.585335,0,0,1,0,0,0,0,0,0
74.591148,0,1,0,0,0,0,0,0,0
74.598033,0,0,0,0,0,1,0,0,1
74.599734,0,0,0,1,0,0,1,0,0
74.600916,0,1,0,0,0,0,0,0,0
74.613378,1,0,0,0,0,0,0,0,0
74.632147,0,0,1,0,1,0,0,1,0
74.648786,0,0,0,0,0,1,0,0,1
74.650658,0,0,0,1,0,0,1,0,0
74.658102,0,1,0,0,0,0,0,0,0
74.669796,1,0,0,0,1,0,0,1,0
74.683966,0,0,1,0,0,0,0,0,0
74.693432,0,1,0,0,0,0,0,0,0
74.700321,0,0,0,1,0,0,1,0,0
74.700612,0,0,0,0,0,1,0,0,1
74.716646,1,0,0,0,1,0,0,1,0
74.740606,0,0,1,0,0,0,0,0,0
74.745516,0,1,0,0,0,0,0,0,0
74.748287,0,0,0,1,0,0,1,0,0
74.750624,0,0,0,0,0,1,0,0,1
74.765775,1,0,0,0,0,0,0,0,0
74.789116,0,0,1,0,0,0,0,0,0
74.791788,0,0,0,0,1,0,0,1,0
74.797310,0,0,0,0,0,1,0,0,1
74.801406,0,0,0,1,0,0,1,0,0
74.814180,1,0,0,0,1,0,0,1,0
74.814313,0,1,0,0,0,0,0,0,0
74.831637,0,0,1,0,0,0,0,0,0
74.836917,0,1,0,0,0,0,0,0,0
74.850705,0,0,0,0,0,1,0,0,1
74.851065,0,0,0,1,0,0,1,0,0
74.863396,1,0,0,0,1,0,0,1,0
74.885920,0,0,1,0,0,0,0,0,0
74.890052,0,1,0,0,0,0,0,0,0
74.900775,0,0,0,1,0,0,1,0,0
74.902167,0,0,0,0,0,1,0,0,1
74.914085,1,0,0,0,1,0,0,1,0
74.933389,0,0,1,0,0,0,0,0,0
74.942874,0,1,0,0,0,0,0,0,0
74.948861,0,0,0,0,0,1,0,0,1
74.949262,0,0,0,1,0,0,1,0,0
74.961630,1,0,0,0,0,0,0,0,0
74.975173,0,0,0,0,1,0,0,1,0
74.980095,0,0,1,0,0,0,0,0,0
74.995313,0,1,0,0,0,0,0,0,0
75.001122,0,0,0,1,0,0,1,0,0
75.002482,0,0,0,0,0,1,0,0,1
75.016002,1,0,0,0,1,0,0,1,0
75.035305,0,0,1,0,0,0,0,0,0
75.045818,0,1,0,0,0,0,0,0,0
75.050789,0,0,0,1,0,0,1,0,0
75.053215,0,0,0,0,0,1,0,0,1
75.065583,1,0,0,0,0,0,0,0,0
75.090236,0,0,1,0,1,0,0,1,0
75.099228,0,0,0,1,0,0,1,0,0
75.099540,0,0,0,0,0,1,0,0,1
75.114735,1,0,0,0,1,0,0,1,0
75.119255,0,1,0,0,0,0,0,0,0
75.133798,0,0,1,0,0,0,0,0,0
75.135779,0,1,0,0,0,0,0,0,0
75.147664,0,0,0,0,0,1,0,0,1
75.149145,0,0,0,1,0,0,1,0,0
75.159239,1,0,0,0,1,0,0,1,0
75.180577,0,1,0,0,0,0,0,0,0
75.183953,0,0,1,0,0,0,0,0,0
75.199808,0,0,0,0,0,1,0,0,1
75.200399,0,0,0,1,0,0,1,0,0
75.212499,1,0,0,0,0,0,0,0,0
75.228894,0,0,0,0,1,0,0,1,0
75.233520,0,0,1,0,0,0,0,0,0
75.249474,0,0,0,0,0,1,0,0,1
75.250246,0,1,0,0,0,0,0,0,0
75.250397,0,0,0,1,0,0,1,0,0
75.264869,1,0,0,0,0,0,0,0,0
75.267492,0,0,0,0,1,0,0,1,0
75.280431,0,0,1,0,0,0,0,0,0
75.290268,0,1,0,0,0,0,0,0,0
75.299008,0,0,0,0,0,1,0,0,1
75.299527,0,0,0,1,0,0,1,0,0
75.315907,1,0,0,0,1,0,0,1,0
75.333155,0,0,1,0,0,0,0,0,0
75.337826,0,1,0,0,0,0,0,0,0
75.347622,0,0,0,0,0,1,0,0,1
75.351990,0,0,0,1,0,0,1,0,0
75.366166,1,0,0,0,1,0,0,1,0
75.385910,0,0,1,0,0,0,0,0,0
75.392605,0,1,0,0,0,0,0,0,0
75.397489,0,0,0,0,0,1,0,0,1
75.400926,0,0,0,1,0,0,1,0,0
75.416600,1,0,0,0,1,0,0,1,0
75.432500,0,0,1,0,0,0,0,0,0
75.436697,0,1,0,0,0,0,0,0,0
75.448149,0,0,0,0,0,1,0,0,1
75.448318,0,0,0,1,0,0,1,0,0
75.465592,1,0,0,0,0,0,0,0,0
75.484965,0,0,1,0,0,0,0,0,0
75.491261,0,0,0,0,1,0,0,1,0
75.499287,0,0,0,0,0,1,0,0,1
75.500868,0,0,0,1,0,0,1,0,0
75.511437,1,0,0,0,0,0,0,0,0
75.514625,0,1,0,0,1,0,0,1,0
75.535781,0,0,1,0,0,0,0,0,0
75.541760,0,1,0,0,0,0,0,0,0
75.548419,0,0,0,1,0,0,1,0,0
75.549150,0,0,0,0,0,1,0,0,1
75.563647,1,0,0,0,1,0,0,1,0
75.586830,0,0,1,0,0,0,0,0,0
75.587809,0,1,0,0,0,0,0,0,0
75.598654,0,0,0,1,0,0,1,0,0
75.599665,0,0,0,0,0,1,0,0,1
75.610938,1,0,0,0,1,0,0,1,0
75.633315,0,1,0,0,0,0,0,0,0
75.638674,0,0,1,0,0,0,0,0,0
75.648861,0,0,0,0,0,1,0,0,1
75.650467,0,0,0,1,0,0,1,0,0
75.664826,1,0,0,0,1,0,0,1,0
75.685662,0,0,1,0,0,0,0,0,0
75.688676,0,1,0,0,0,0,0,0,0
75.698403,0,0,0,0,0,1,0,0,1
75.699030,0,0,0,1,0,0,1,0,0
75.711789,1,0,0,0,1,0,0,1,0
75.731243,0,0,1,0,0,0,0,0,0
75.731964,0,1,0,0,0,0,0,0,0
75.746107,0,0,0,0,0,1,0,0,1
75.751739,0,0,0,1,0,0,1,0,0
75.764651,1,0,0,0,1,0,0,1,0
75.776552,0,0,1,0,0,0,0,0,0
75.788711,0,1,0,0,0,0,0,0,0
75.800669,0,0,0,1,0,0,1,0,0
75.800857,0,0,0,0,0,1,0,0,1
75.819076,1,0,0,0,1,0,0,1,0
75.837589,0,0,1,0,0,0,0,0,0
75.845784,0,1,0,0,0,0,0,0,0
75.850476,0,0,0,0,0,1,0,0,1
75.850819,0,0,0,1,0,0,1,0,0
75.865505,1,0,0,0,0,0,0,0,0
75.889282,0,0,1,0,1,0,0,1,0
75.898689,0,0,0,1,0,0,1,0,0
75.901103,0,0,0,0,0,1,0,0,1
75.914925,0,1,0,0,0,0,0,0,0
75.916003,1,0,0,0,0,0,0,0,0
75.936204,0,0,1,0,1,0,0,1,0
75.947706,0,0,0,0,0,1,0,0,1
75.948094,0,0,0,1,0,0,1,0,0
75.962130,0,1,0,0,0,0,0,0,0
75.963925,1,0,0,0,0,0,0,0,0
75.966584,0,0,0,0,1,0,0,1,0
75.987486,0,0,1,0,0,0,0,0,0
75.989298,0,1,0,0,0,0,0,0,0
75.996018,0,0,0,0,0,1,0,0,1
76.000466,0,0,0,1,0,0,1,0,0
76.019830,1,0,0,0,0,0,0,0,0
76.026913,0,0,1,0,1,0,0,1,0
76.051218,0,0,0,1,0,0,1,0,0
76.051278,0,0,0,0,0,1,0,0,1
76.055876,0,1,0,0,0,0,0,0,0
76.070073,1,0,0,0,0,0,0,0,0
76.088282,0,0,1,0,0,0,0,0,0
76.096483,0,0,0,0,1,0,0,1,0
76.098145,0,0,0,1,0,0,1,0,0
76.099673,0,0,0,0,0,1,0,0,1
76.110189,1,0,0,0,1,0,0,1,0
76.124667,0,1,0,0,0,0,0,0,0
76.130315,0,1,0,0,0,0,0,0,0
76.136834,0,0,1,0,0,0,0,0,0
76.150596,0,0,0,1,0,0,1,0,0
76.151671,0,0,0,0,0,1,0,0,1
76.165970,1,0,0,0,0,0,0,0,0
76.174869,0,0,0,0,1,0,0,1,0
76.189999,0,0,1,0,0,0,0,0,0
76.198223,0,0,0,0,0,1,0,0,1
76.199788,0,1,0,0,0,0,0,0,0
76.200187,0,0,0,1,0,0,1,0,0
76.219602,1,0,0,0,1,0,0,1,0
76.233345,0,0,1,0,0,0,0,0,0
76.244587,0,1,0,0,0,0,0,0,0
76.246516,0,0,0,0,0,1,0,0,1
76.249383,0,0,0,1,0,0,1,0,0
76.260688,1,0,0,0,1,0,0,1,0
76.286389,0,0,1,0,0,0,0,0,0
76.288608,0,1,0,0,0,0,0,0,0
76.298069,0,0,0,1,0,0,1,0,0
76.298602,0,0,0,0,0,1,0,0,1
76.308640,1,0,0,0,1,0,0,1,0
76.329646,0,1,0,0,0,0,0,0,0
76.338474,0,0,1,0,0,0,0,0,0
76.349524,0,0,0,1,0,0,1,0,0
76.350783,0,0,0,0,0,1,0,0,1
76.365575,1,0,0,0,1,0,0,1,0
76.384116,0,0,1,0,0,0,0,0,0
76.392419,0,1,0,0,0,0,0,0,0
76.400628,0,0,0,1,0,0,1,0,0
76.400785,0,0,0,0,0,1,0,0,1
76.417968,1,0,0,0,0,0,0,0,0
76.440061,0,0,1,0,1,0,0,1,0
76.450332,0,0,0,1,0,0,1,0,0
76.451496,0,0,0,0,0,1,0,0,1
76.460362,0,1,0,0,0,0,0,0,0
76.464395,1,0,0,0,1,0,0,1,0
76.488464,0,0,1,0,0,0,0,0,0
76.491501,0,1,0,0,0,0,0,0,0
76.499801,0,0,0,0,0,1,0,0,1
76.500256,0,0,0,1,0,0,1,0,0
76.517764,1,0,0,0,1,0,0,1,0
76.537435,0,0,1,0,0,0,0,0,0
76.541227,0,1,0,0,0,0,0,0,0
76.548786,0,0,0,1,0,0,1,0,0
76.550440,0,0,0,0,0,1,0,0,1
76.562562,1,0,0,0,0,0,0,0,0
76.584068,0,0,1,0,0,0,0,0,0
76.596631,0,0,0,0,1,1,0,1,1
76.598534,0,0,0,1,0,0,1,0,0
76.614393,1,0,0,0,0,0,0,0,0
76.621360,0,0,0,0,1,0,0,1,0
76.622857,0,1,0,0,0,0,0,0,0
76.634279,0,0,1,0,0,0,0,0,0
76.649243,0,0,0,1,0,0,1,0,0
76.650773,0,1,0,0,0,0,0,0,0
76.652014,0,0,0,0,0,1,0,0,1
76.661269,1,0,0,0,1,0,0,1,0
76.682997,0,0,1,0,0,0,0,0,0
76.686355,0,1,0,0,0,0,0,0,0
76.700488,0,0,0,1,0,0,1,0,0
76.703077,0,0,0,0,0,1,0,0,1
76.719598,1,0,0,0,1,0,0,1,0
76.738548,0,0,1,0,0,0,0,0,0
76.743548,0,1,0,0,0,0,0,0,0
76.749310,0,0,0,0,0,1,0,0,1
76.750083,0,0,0,1,0,0,1,0,0
76.764493,1,0,0,0,1,0,0,1,0
76.783597,0,0,1,0,0,0,0,0,0
76.786473,0,1,0,0,0,0,0,0,0
76.799679,0,0,0,1,0,0,1,0,0
76.803168,0,0,0,0,0,1,0,0,1
76.811420,1,0,0,0,1,0,0,1,0
76.838728,0,1,0,0,0,0,0,0,0
76.842852,0,0,1,0,0,0,0,0,0
76.850440,0,0,0,1,0,0,1,0,0
76.852662,0,0,0,0,0,1,0,0,1
76.864619,1,0,0,0,0,0,0,0,0
76.884277,0,0,1,0,0,0,0,0,0
76.900106,0,0,0,1,0,0,1,0,0
76.901030,0,0,0,0,0,1,0,0,1
76.916342,1,0,0,0,0,0,0,0,0
76.939115,0,0,1,0,1,0,0,1,0
76.941662,0,0,0,0,1,0,0,1,0
76.949479,0,0,0,0,0,1,0,0,1
76.950331,0,0,0,1,0,0,1,0,0
76.963174,0,1,0,0,0,0,0,0,0
76.964414,1,0,0,0,0,0,0,0,0
76.966275,0,1,0,0,0,0,0,0,0
76.987466,0,0,1,0,0,0,0,0,0
76.999061,0,0,0,1,1,0,1,1,0
77.001244,0,0,0,0,0,1,0,0,1
77.017536,1,0,0,0,0,0,0,0,0
77.018669,0,0,0,0,1,0,0,1,0
77.020166,0,1,0,0,0,0,0,0,0
77.037678,0,0,1,0,0,0,0,0,0
77.047520,0,1,0,0,0,0,0,0,0
77.050031,0,0,0,1,0,0,1,0,0
77.052047,0,0,0,0,0,1,0,0,1
77.066896,1,0,0,0,0,0,0,0,0
77.087611,0,0,0,0,1,0,0,1,0
77.090530,0,0,1,0,0,0,0,0,0
77.099990,0,0,0,1,0,0,1,0,0
77.103812,0,0,0,0,0,1,0,0,1
77.108039,0,1,0,0,0,0,0,0,0
77.119714,1,0,0,0,0,0,0,0,0
77.142204,0,0,1,0,1,0,0,1,0
77.149680,0,0,0,1,0,0,1,0,0
77.151419,0,0,0,0,0,1,0,0,1
77.160614,1,0,0,0,0,0,0,0,0
77.164693,0,1,0,0,0,0,0,0,0
77.187950,0,0,1,0,1,0,0,1,0
77.198182,0,0,0,0,0,1,0,0,1
77.198322,0,0,0,1,0,0,1,0,0
77.211044,1,0,0,0,1,0,0,1,0
77.211432,0,1,0,0,0,0,0,0,0
77.232631,0,0,1,0,0,0,0,0,0
77.232963,0,1,0,0,0,0,0,0,0
77.246417,0,0,0,0,0,1,0,0,1
77.248938,0,0,0,1,0,0,1,0,0
77.259114,1,0,0,0,1,0,0,1,0
77.282997,0,1,0,0,0,0,0,0,0
77.284334,0,0,1,0,0,0,0,0,0
77.298512,0,0,0,0,0,1,0,0,1
77.299477,0,0,0,1,0,0,1,0,0
77.316652,1,0,0,0,1,0,0,1,0
77.337082,0,0,1,0,0,0,0,0,0
77.338523,0,1,0,0,0,0,0,0,0
77.348148,0,0,0,1,0,0,1,0,0
77.349836,0,0,0,0,0,1,0,0,1
77.360639,1,0,0,0,0,0,0,0,0
77.374452,0,0,0,0,1,0,0,1,0
77.384262,0,0,1,0,0,0,0,0,0
77.395908,0,1,0,0,0,0,0,0,0
77.399366,0,0,0,1,0,0,1,0,0
77.399953,0,0,0,0,0,1,0,0,1
77.409434,1,0,0,0,1,0,0,1,0
77.434352,0,1,0,0,0,0,0,0,0
77.435677,0,0,1,0,0,0,0,0,0
77.448569,0,0,0,1,0,0,1,0,0
77.450357,0,0,0,0,0,1,0,0,1
77.466414,1,0,0,0,0,0,0,0,0
77.486134,0,0,1,0,0,0,0,0,0
77.497165,0,0,0,0,0,1,0,0,1
77.498117,0,0,0,0,1,0,0,1,0
77.499078,0,0,0,1,0,0,1,0,0
77.518004,1,0,0,0,0,0,0,0,0
77.518705,0,1,0,0,1,0,0,1,0
77.532298,0,0,1,0,0,0,0,0,0
77.539806,0,1,0,0,0,0,0,0,0
77.550581,0,0,0,0,0,1,0,0,1
77.550871,0,0,0,1,0,0,1,0,0
77.569091,1,0,0,0,0,0,0,0,0
77.587346,0,0,1,0,1,0,0,1,0
77.598518,0,0,0,0,0,1,0,0,1
77.599765,0,0,0,1,0,0,1,0,0
77.610496,1,0,0,0,0,0,0,0,0
77.610883,0,1,0,0,1,0,0,1,0
77.634141,0,0,1,0,0,0,0,0,0
77.635111,0,1,0,0,0,0,0,0,0
77.649183,0,0,0,1,0,0,1,0,0
77.649316,0,0,0,0,0,1,0,0,1
77.666945,1,0,0,0,0,0,0,0,0
77.685057,0,0,1,0,1,0,0,1,0
77.698513,0,0,0,1,0,0,1,0,0
77.702785,0,0,0,0,0,1,0,0,1
77.710795,0,1,0,0,0,0,0,0,0
77.713916,1,0,0,0,0,0,0,0,0
77.723301,0,0,0,0,1,0,0,1,0
77.736555,0,0,1,0,0,0,0,0,0
77.749868,0,1,0,0,0,0,0,0,0
77.751170,0,0,0,1,0,0,1,0,0
77.751177,0,0,0,0,0,1,0,0,1
77.767843,1,0,0,0,0,0,0,0,0
77.772640,0,0,0,0,1,0,0,1,0
77.786396,0,0,1,0,0,0,0,0,0
77.797396,0,1,0,0,0,0,0,0,0
77.798355,0,0,0,0,0,1,0,0,1
77.798790,0,0,0,1,0,0,1,0,0
77.811254,1,0,0,0,1,0,0,1,0
77.831938,0,0,1,0,0,0,0,0,0
77.836972,0,1,0,0,0,0,0,0,0
77.851017,0,0,0,0,0,1,0,0,1
77.851604,0,0,0,1,0,0,1,0,0
77.868966,1,0,0,0,1,0,0,1,0
77.882135,0,0,1,0,0,0,0,0,0
77.891112,0,1,0,0,0,0,0,0,0
77.899235,0,0,0,0,0,1,0,0,1
77.900361,0,0,0,1,0,0,1,0,0
77.915563,1,0,0,0,1,0,0,1,0
77.931028,0,0,1,0,0,0,0,0,0
77.936812,0,1,0,0,0,0,0,0,0
77.946805,0,0,0,0,0,1,0,0,1
77.948099,0,0,0,1,0,0,1,0,0
77.959935,1,0,0,0,1,0,0,1,0
77.985524,0,0,1,0,0,0,0,0,0
77.986908,0,1,0,0,0,0,0,0,0
77.999346,0,0,0,1,0,0,1,0,0
78.000258,0,0,0,0,0,1,0,0,1
78.011256,1,0,0,0,1,0,0,1,0
78.035481,0,0,1,0,0,0,0,0,0
78.037687,0,1,0,0,0,0,0,0,0
78.050990,0,0,0,1,0,0,1,0,0
78.052413,0,0,0,0,0,1,0,0,1
78.069020,1,0,0,0,1,0,0,1,0
78.092190,0,0,1,0,0,0,0,0,0
78.093418,0,1,0,0,0,0,0,0,0
78.100103,0,0,0,1,0,0,1,0,0
78.100224,0,0,0,0,0,1,0,0,1
78.114767,1,0,0,0,1,0,0,1,0
78.137544,0,0,1,0,0,0,0,0,0
78.138519,0,1,0,0,0,0,0,0,0
78.147467,0,0,0,0,0,1,0,0,1
78.150527,0,0,0,1,0,0,1,0,0
78.166310,1,0,0,0,0,0,0,0,0
78.169566,0,0,0,0,1,0,0,1,0
78.184747,0,0,1,0,0,0,0,0,0
78.194602,0,1,0,0,0,0,0,0,0
78.200149,0,0,0,1,0,0,1,0,0
78.201699,0,0,0,0,0,1,0,0,1
78.217410,1,0,0,0,1,0,0,1,0
78.233835,0,0,1,0,0,0,0,0,0
78.244919,0,1,0,0,0,0,0,0,0
78.249797,0,0,0,1,0,0,1,0,0
78.253115,0,0,0,0,0,1,0,0,1
78.264289,1,0,0,0,0,0,0,0,0
78.288093,0,0,1,0,1,0,0,1,0
78.300098,0,0,0,0,0,1,0,0,1
78.300132,0,0,0,1,0,0,1,0,0
78.312478,1,0,0,0,1,0,0,1,0
78.315786,0,1,0,0,0,0,0,0,0
78.339418,0,0,1,0,0,0,0,0,0
78.340954,0,1,0,0,0,0,0,0,0
78.348353,0,0,0,0,0,1,0,0,1
78.350961,0,0,0,1,0,0,1,0,0
78.364755,1,0,0,0,1,0,0,1,0
78.378765,0,0,1,0,0,0,0,0,0
78.389772,0,1,0,0,0,0,0,0,0
78.400836,0,0,0,1,0,0,1,0,0
78.401093,0,0,0,0,0,1,0,0,1
78.411727,1,0,0,0,1,0,0,1,0
78.435615,0,1,0,0,0,0,0,0,0
78.436950,0,0,1,0,0,0,0,0,0
78.450250,0,0,0,1,0,0,1,0,0
78.451185,0,0,0,0,0,1,0,0,1
78.469070,1,0,0,0,1,0,0,1,0
78.487364,0,0,1,0,0,0,0,0,0
78.497937,0,1,0,0,0,0,0,0,0
78.500087,0,0,0,0,0,1,0,0,1
78.500367,0,0,0,1,0,0,1,0,0
78.511203,1,0,0,0,1,0,0,1,0
78.532827,0,0,1,0,0,0,0,0,0
78.533896,0,1,0,0,0,0,0,0,0
78.548352,0,0,0,0,0,1,0,0,1
78.549633,0,0,0,1,0,0,1,0,0
78.567600,1,0,0,0,1,0,0,1,0
78.580703,0,0,1,0,0,0,0,0,0
78.594214,0,1,0,0,0,0,0,0,0
78.598374,0,0,0,1,0,0,1,0,0
78.598719,0,0,0,0,0,1,0,0,1
78.608719,1,0,0,0,1,0,0,1,0
78.632020,0,1,0,0,0,0,0,0,0
78.638264,0,0,1,0,0,0,0,0,0
78.648941,0,0,0,1,0,0,1,0,0
78.653776,0,0,0,0,0,1,0,0,1
78.664100,1,0,0,0,0,0,0,0,0
78.684234,0,0,1,0,0,0,0,0,0
78.699365,0,0,0,1,0,0,1,0,0
78.699762,0,0,0,0,1,1,0,1,1
78.715896,1,0,0,0,0,0,0,0,0
78.721815,0,1,0,0,0,0,0,0,0
78.736396,0,0,1,0,0,0,0,0,0
78.748344,0,0,0,0,1,1,0,1,1
78.749667,0,0,0,1,0,0,1,0,0
78.764467,1,0,0,0,1,0,0,1,0
78.768499,0,1,0,0,0,0,0,0,0
78.781146,0,0,1,0,0,0,0,0,0
78.790102,0,1,0,0,0,0,0,0,0
78.797413,0,0,0,0,0,1,0,0,1
78.799712,0,0,0,1,0,0,1,0,0
78.818239,1,0,0,0,0,0,0,0,0
78.827775,0,0,1,0,1,0,0,1,0
78.847044,0,0,0,0,0,1,0,0,1
78.851182,0,0,0,1,0,0,1,0,0
78.853462,0,1,0,0,0,0,0,0,0
78.866634,1,0,0,0,0,0,0,0,0
78.871321,0,0,0,0,1,0,0,1,0
78.878019,0,0,1,0,0,0,0,0,0
78.898001,0,1,0,0,0,0,0,0,0
78.900865,0,0,0,1,0,0,1,0,0
78.901408,0,0,0,0,0,1,0,0,1
78.920626,1,0,0,0,0,0,0,0,0
78.928659,0,0,0,0,1,0,0,1,0
78.936912,0,0,1,0,0,0,0,0,0
78.949591,0,1,0,0,0,0,0,0,0
78.951119,0,0,0,1,0,0,1,0,0
78.953479,0,0,0,0,0,1,0,0,1
78.962536,1,0,0,0,0,0,0,0,0
78.989477,0,0,1,0,0,0,0,0,0
79.000627,0,0,0,1,1,0,1,1,0
79.002410,0,0,0,0,0,1,0,0,1
79.012352,1,0,0,0,0,0,0,0,0
79.020656,0,1,0,0,0,0,0,0,0
79.038287,0,0,1,0,0,0,0,0,0
79.049313,0,0,0,0,0,1,0,0,1
79.049755,0,0,0,0,1,0,0,1,0
79.050198,0,0,0,1,0,0,1,0,0
79.060445,1,0,0,0,1,0,0,1,0
79.074463,0,1,0,0,0,0,0,0,0
79.082531,0,0,1,0,0,0,0,0,0
79.086279,0,1,0,0,0,0,0,0,0
79.097711,0,0,0,0,0,1,0,0,1
79.098737,0,0,0,1,0,0,1,0,0
79.116588,1,0,0,0,0,0,0,0,0
79.130512,0,0,0,0,1,0,0,1,0
79.132577,0,0,1,0,0,0,0,0,0
79.148437,0,0,0,1,0,0,1,0,0
79.149159,0,0,0,0,0,1,0,0,1
79.150937,0,1,0,0,0,0,0,0,0
79.159195,1,0,0,0,0,0,0,0,0
79.170237,0,0,0,0,1,0,0,1,0
79.185881,0,0,1,0,0,0,0,0,0
79.192656,0,1,0,0,0,0,0,0,0
79.199875,0,0,0,1,0,0,1,0,0
79.199969,0,0,0,0,0,1,0,0,1
79.210857,1,0,0,0,1,0,0,1,0
79.230964,0,1,0,0,0,0,0,0,0
79.238753,0,0,1,0,0,0,0,0,0
79.249693,0,0,0,1,0,0,1,0,0
79.250836,0,0,0,0,0,1,0,0,1
79.269194,1,0,0,0,0,0,0,0,0
79.278669,0,0,0,0,1,0,0,1,0
79.286769,0,0,1,0,0,0,0,0,0
79.299671,0,0,0,1,0,0,1,0,0
79.301310,0,0,0,0,0,1,0,0,1
79.306228,0,1,0,0,0,0,0,0,0
79.318601,1,0,0,0,1,0,0,1,0
79.333321,0,0,1,0,0,0,0,0,0
79.346750,0,1,0,0,0,0,0,0,0
79.347519,0,0,0,0,0,1,0,0,1
79.348995,0,0,0,1,0,0,1,0,0
79.359873,1,0,0,0,0,0,0,0,0
79.360873,0,0,0,0,1,0,0,1,0
79.384009,0,1,0,0,0,0,0,0,0
79.385307,0,0,1,0,0,0,0,0,0
79.400685,0,0,0,0,0,1,0,0,1
79.401392,0,0,0,1,0,0,1,0,0
79.418659,1,0,0,0,1,0,0,1,0
79.437444,0,0,1,0,0,0,0,0,0
79.442823,0,1,0,0,0,0,0,0,0
79.448478,0,0,0,1,0,0,1,0,0
79.450949,0,0,0,0,0,1,0,0,1
79.460826,1,0,0,0,1,0,0,1,0
79.485715,0,1,0,0,0,0,0,0,0
79.490678,0,0,1,0,0,0,0,0,0
79.501234,0,0,0,1,0,0,1,0,0
79.501245,0,0,0,0,0,1,0,0,1
79.518484,1,0,0,0,1,0,0,1,0
79.532851,0,0,1,0,0,0,0,0,0
79.539983,0,1,0,0,0,0,0,0,0
79.549067,0,0,0,1,0,0,1,0,0
79.551058,0,0,0,0,0,1,0,0,1
79.563740,1,0,0,0,0,0,0,0,0
79.588676,0,0,1,0,0,0,0,0,0
79.600475,0,0,0,0,1,1,0,1,1
79.601818,0,0,0,1,0,0,1,0,0
79.616872,1,0,0,0,0,0,0,0,0
79.627197,0,0,0,0,1,0,0,1,0
79.629009,0,1,0,0,0,0,0,0,0
79.638029,0,0,1,0,0,0,0,0,0
79.647252,0,1,0,0,0,0,0,0,0
79.649818,0,0,0,1,0,0,1,0,0
79.653822,0,0,0,0,0,1,0,0,1
79.662676,1,0,0,0,1,0,0,1,0
79.683171,0,1,0,0,0,0,0,0,0
79.687755,0,0,1,0,0,0,0,0,0
79.698798,0,0,0,1,0,0,1,0,0
79.699232,0,0,0,0,0,1,0,0,1
79.713993,1,0,0,0,0,0,0,0,0
79.716554,0,0,0,0,1,0,0,1,0
79.732566,0,0,1,0,0,0,0,0,0
79.741437,0,1,0,0,0,0,0,0,0
79.746083,0,0,0,0,0,1,0,0,1
79.750004,0,0,0,1,0,0,1,0,0
79.760472,1,0,0,0,0,0,0,0,0
79.779448,0,0,1,0,0,0,0,0,0
79.783997,0,0,0,0,1,0,0,1,0
79.799427,0,0,0,1,0,0,1,0,0
79.799740,0,0,0,0,0,1,0,0,1
79.804367,0,1,0,0,0,0,0,0,0
79.817411,1,0,0,0,0,0,0,0,0
79.839319,0,0,1,0,0,0,0,0,0
79.843895,0,0,0,0,1,0,0,1,0
79.848759,0,0,0,1,0,0,1,0,0
79.852141,0,0,0,0,0,1,0,0,1
79.862720,1,0,0,0,0,0,0,0,0
79.866657,0,1,0,0,0,0,0,0,0
79.882769,0,0,1,0,1,0,0,1,0
79.898807,0,0,0,0,0,1,0,0,1
79.899175,0,0,0,1,0,0,1,0,0
79.908116,0,1,0,0,0,0,0,0,0
79.910684,1,0,0,0,1,0,0,1,0
79.933157,0,0,1,0,0,0,0,0,0
79.940538,0,1,0,0,0,0,0,0,0
79.950259,0,0,0,1,0,0,1,0,0
79.953639,0,0,0,0,0,1,0,0,1
79.963511,1,0,0,0,0,0,0,0,0
79.991229,0,0,1,0,0,0,0,0,0
79.994037,0,0,0,0,1,0,0,1,0
79.997434,0,0,0,0,0,1,0,0,1
79.998545,0,0,0,1,0,0,1,0,0
80.015527,1,0,0,0,1,0,0,1,0
80.016581,0,1,0,0,0,0,0,0,0
80.028065,0,0,1,0,0,0,0,0,0
80.036766,0,1,0,0,0,0,0,0,0
80.051198,0,0,0,1,0,0,1,0,0
80.053399,0,0,0,0,0,1,0,0,1
80.064796,1,0,0,0,0,0,0,0,0
80.087792,0,0,1,0,0,0,0,0,0
80.093525,0,0,0,0,1,0,0,1,0
80.101001,0,0,0,1,0,0,1,0,0
80.103337,0,0,0,0,0,1,0,0,1
80.116057,1,0,0,0,0,0,0,0,0
80.117012,0,0,0,0,1,0,0,1,0
80.117771,0,1,0,0,0,0,0,0,0
80.137580,0,1,0,0,0,0,0,0,0
80.141837,0,0,1,0,0,0,0,0,0
80.149558,0,0,0,1,0,0,1,0,0
80.153863,0,0,0,0,0,1,0,0,1
80.160737,1,0,0,0,0,0,0,0,0
80.187200,0,0,1,0,1,0,0,1,0
80.199991,0,0,0,1,0,0,1,0,0
80.201522,0,0,0,0,0,1,0,0,1
80.211499,1,0,0,0,0,0,0,0,0
80.217166,0,1,0,0,0,0,0,0,0
80.240461,0,0,1,0,1,0,0,1,0
80.248046,0,0,0,0,0,1,0,0,1
80.249134,0,0,0,1,0,0,1,0,0
80.264127,1,0,0,0,0,0,0,0,0
80.265511,0,1,0,0,0,0,0,0,0
80.287551,0,0,1,0,1,0,0,1,0
80.298077,0,0,0,0,0,1,0,0,1
80.298443,0,0,0,1,0,0,1,0,0
80.310585,0,1,0,0,0,0,0,0,0
80.314305,1,0,0,0,1,0,0,1,0
80.332921,0,0,1,0,0,0,0,0,0
80.334478,0,1,0,0,0,0,0,0,0
80.349384,0,0,0,1,0,0,1,0,0
80.352169,0,0,0,0,0,1,0,0,1
80.359770,1,0,0,0,0,0,0,0,0
80.383007,0,0,1,0,0,0,0,0,0
80.387241,0,0,0,0,1,0,0,1,0
80.397620,0,0,0,0,0,1,0,0,1
80.400535,0,0,0,1,0,0,1,0,0
80.413163,1,0,0,0,0,0,0,0,0
80.413199,0,0,0,0,1,0,0,1,0
80.413235,0,1,0,0,0,0,0,0,0
80.435390,0,0,1,0,0,0,0,0,0
80.435471,0,1,0,0,0,0,0,0,0
80.449353,0,0,0,0,0,1,0,0,1
80.451668,0,0,0,1,0,0,1,0,0
80.463420,1,0,0,0,0,0,0,0,0
80.486736,0,0,1,0,0,0,0,0,0
80.498846,0,0,0,0,0,1,0,0,1
80.500911,0,0,0,1,1,0,1,1,0
80.511305,1,0,0,0,0,0,0,0,0
80.527580,0,0,0,0,1,0,0,1,0
80.530663,0,1,0,0,0,0,0,0,0
80.538614,0,0,1,0,0,0,0,0,0
80.550277,0,0,0,1,0,0,1,0,0
80.552318,0,1,0,0,0,0,0,0,0
80.553401,0,0,0,0,0,1,0,0,1
80.568749,1,0,0,0,1,0,0,1,0
80.589311,0,1,0,0,0,0,0,0,0
80.590435,0,0,1,0,0,0,0,0,0
80.600051,0,0,0,1,0,0,1,0,0
80.601309,0,0,0,0,0,1,0,0,1
80.611525,1,0,0,0,0,0,0,0,0
80.640722,0,0,1,0,1,0,0,1,0
80.648896,0,0,0,0,0,1,0,0,1
80.649646,0,0,0,1,0,0,1,0,0
80.663248,1,0,0,0,1,0,0,1,0
80.663921,0,1,0,0,0,0,0,0,0
80.685676,0,0,1,0,0,0,0,0,0
80.689371,0,1,0,0,0,0,0,0,0
80.697471,0,0,0,0,0,1,0,0,1
80.699707,0,0,0,1,0,0,1,0,0
80.711076,1,0,0,0,0,0,0,0,0
80.729329,0,0,0,0,1,0,0,1,0
80.736691,0,0,1,0,0,0,0,0,0
80.749512,0,1,0,0,0,0,0,0,0
80.750861,0,0,0,1,0,0,1,0,0
80.752616,0,0,0,0,0,1,0,0,1
80.769408,1,0,0,0,1,0,0,1,0
80.783851,0,0,1,0,0,0,0,0,0
80.792969,0,1,0,0,0,0,0,0,0
80.797974,0,0,0,0,0,1,0,0,1
80.799045,0,0,0,1,0,0,1,0,0
80.809554,1,0,0,0,0,0,0,0,0
80.830671,0,0,0,0,1,0,0,1,0
80.834517,0,0,1,0,0,0,0,0,0
80.847968,0,0,0,0,0,1,0,0,1
80.848600,0,0,0,1,0,0,1,0,0
80.856123,0,1,0,0,0,0,0,0,0
80.862171,1,0,0,0,0,0,0,0,0
80.886688,0,0,1,0,1,0,0,1,0
80.897463,0,0,0,0,0,1,0,0,1
80.899679,0,0,0,1,0,0,1,0,0
80.913475,0,1,0,0,0,0,0,0,0
80.913483,1,0,0,0,1,0,0,1,0
80.930827,0,0,1,0,0,0,0,0,0
80.933817,0,1,0,0,0,0,0,0,0
80.947193,0,0,0,0,0,1,0,0,1
80.949038,0,0,0,1,0,0,1,0,0
80.960920,1,0,0,0,1,0,0,1,0
80.981275,0,1,0,0,0,0,0,0,0
80.981463,0,0,1,0,0,0,0,0,0
80.999126,0,0,0,1,0,0,1,0,0
81.002290,0,0,0,0,0,1,0,0,1
81.015830,1,0,0,0,0,0,0,0,0
81.037158,0,0,1,0,0,0,0,0,0
81.048920,0,0,0,0,1,1,0,1,1
81.051483,0,0,0,1,0,0,1,0,0
81.064241,1,0,0,0,1,0,0,1,0
81.072836,0,1,0,0,0,0,0,0,0
81.087828,0,0,1,0,0,0,0,0,0
81.089892,0,1,0,0,0,0,0,0,0
81.100439,0,0,0,1,0,0,1,0,0
81.102040,0,0,0,0,0,1,0,0,1
81.116972,1,0,0,0,1,0,0,1,0
81.134058,0,0,1,0,0,0,0,0,0
81.146225,0,1,0,0,0,0,0,0,0
81.149746,0,0,0,0,0,1,0,0,1
81.151044,0,0,0,1,0,0,1,0,0
81.162848,1,0,0,0,1,0,0,1,0
81.186751,0,0,1,0,0,0,0,0,0
81.192259,0,1,0,0,0,0,0,0,0
81.198258,0,0,0,0,0,1,0,0,1
81.199704,0,0,0,1,0,0,1,0,0
81.217399,1,0,0,0,1,0,0,1,0
81.232995,0,0,1,0,0,0,0,0,0
81.238961,0,1,0,0,0,0,0,0,0
81.249326,0,0,0,1,0,0,1,0,0
81.251071,0,0,0,0,0,1,0,0,1
81.268877,1,0,0,0,0,0,0,0,0
81.275837,0,0,0,0,1,0,0,1,0
81.281427,0,0,1,0,0,0,0,0,0
81.298986,0,0,0,0,0,1,0,0,1
81.300238,0,1,0,0,0,0,0,0,0
81.301006,0,0,0,1,0,0,1,0,0
81.314230,1,0,0,0,0,0,0,0,0
81.337452,0,0,1,0,1,0,0,1,0
81.348551,0,0,0,0,0,1,0,0,1
81.349551,0,0,0,1,0,0,1,0,0
81.362269,0,1,0,0,0,0,0,0,0
81.366555,1,0,0,0,1,0,0,1,0
81.387582,0,0,1,0,0,0,0,0,0
81.395283,0,1,0,0,0,0,0,0,0
81.398118,0,0,0,1,0,0,1,0,0
81.398767,0,0,0,0,0,1,0,0,1
81.413073,1,0,0,0,1,0,0,1,0
81.431204,0,0,1,0,0,0,0,0,0
81.438492,0,1,0,0,0,0,0,0,0
81.448241,0,0,0,1,0,0,1,0,0
81.449869,0,0,0,0,0,1,0,0,1
81.466008,1,0,0,0,0,0,0,0,0
81.473958,0,0,0,0,1,0,0,1,0
81.480984,0,0,1,0,0,0,0,0,0
81.494732,0,1,0,0,0,0,0,0,0
81.497458,0,0,0,0,0,1,0,0,1
81.499732,0,0,0,1,0,0,1,0,0
81.514074,1,0,0,0,0,0,0,0,0
81.530416,0,0,1,0,1,0,0,1,0
81.548609,0,0,0,1,0,0,1,0,0
81.550391,0,0,0,0,0,1,0,0,1
81.555059,0,1,0,0,0,0,0,0,0
81.562175,1,0,0,0,1,0,0,1,0
81.584581,0,1,0,0,0,0,0,0,0
81.589308,0,0,1,0,0,0,0,0,0
81.599858,0,0,0,0,0,1,0,0,1
81.601135,0,0,0,1,0,0,1,0,0
81.613694,1,0,0,0,0,0,0,0,0
81.636641,0,0,1,0,1,0,0,1,0
81.648950,0,0,0,1,0,0,1,0,0
81.650074,0,0,0,0,0,1,0,0,1
81.657888,0,1,0,0,0,0,0,0,0
81.660882,1,0,0,0,1,0,0,1,0
81.680487,0,0,1,0,0,0,0,0,0
81.686537,0,1,0,0,0,0,0,0,0
81.698415,0,0,0,0,0,1,0,0,1
81.699807,0,0,0,1,0,0,1,0,0
81.713559,1,0,0,0,0,0,0,0,0
81.725722,0,0,0,0,1,0,0,1,0
81.731659,0,0,1,0,0,0,0,0,0
81.746185,0,1,0,0,0,0,0,0,0
81.749211,0,0,0,0,0,1,0,0,1
81.749733,0,0,0,1,0,0,1,0,0
81.761394,1,0,0,0,0,0,0,0,0
81.776520,0,0,0,0,1,0,0,1,0
81.783987,0,0,1,0,0,0,0,0,0
81.799010,0,1,0,0,0,0,0,0,0
81.800543,0,0,0,1,0,0,1,0,0
81.800858,0,0,0,0,0,1,0,0,1
81.814788,1,0,0,0,1,0,0,1,0
81.836342,0,0,1,0,0,0,0,0,0
81.838608,0,1,0,0,0,0,0,0,0
81.848630,0,0,0,1,0,0,1,0,0
81.848948,0,0,0,0,0,1,0,0,1
81.862654,1,0,0,0,1,0,0,1,0
81.886032,0,0,1,0,0,0,0,0,0
81.890706,0,1,0,0,0,0,0,0,0
81.900090,0,0,0,1,0,0,1,0,0
81.900655,0,0,0,0,0,1,0,0,1
81.916928,1,0,0,0,0,0,0,0,0
81.929971,0,0,0,0,1,0,0,1,0
81.932165,0,0,1,0,0,0,0,0,0
81.950196,0,0,0,1,0,0,1,0,0
81.951371,0,0,0,0,0,1,0,0,1
81.954295,0,1,0,0,0,0,0,0,0
81.962607,1,0,0,0,0,0,0,0,0
81.986852,0,0,1,0,1,0,0,1,0
82.000960,0,0,0,1,0,0,1,0,0
82.001072,0,0,0,0,0,1,0,0,1
82.008129,0,1,0,0,0,0,0,0,0
82.015438,1,0,0,0,1,0,0,1,0
82.039865,0,0,1,0,0,0,0,0,0
82.042116,0,1,0,0,0,0,0,0,0
82.049909,0,0,0,0,0,1,0,0,1
82.051419,0,0,0,1,0,0,1,0,0
82.067925,1,0,0,0,1,0,0,1,0
82.082262,0,0,1,0,0,0,0,0,0
82.093856,0,1,0,0,0,0,0,0,0
82.099419,0,0,0,0,0,1,0,0,1
82.101837,0,0,0,1,0,0,1,0,0
82.112033,1,0,0,0,1,0,0,1,0
82.130814,0,0,1,0,0,0,0,0,0
82.133765,0,1,0,0,0,0,0,0,0
82.149644,0,0,0,0,0,1,0,0,1
82.150208,0,0,0,1,0,0,1,0,0
82.167876,1,0,0,0,0,0,0,0,0
82.187421,0,0,1,0,0,0,0,0,0
82.199889,0,0,0,0,1,1,0,1,1
82.200270,0,0,0,1,0,0,1,0,0
82.213303,1,0,0,0,1,0,0,1,0
82.228876,0,1,0,0,0,0,0,0,0
82.234256,0,0,1,0,0,0,0,0,0
82.237630,0,1,0,0,0,0,0,0,0
82.249100,0,0,0,1,0,0,1,0,0
82.251303,0,0,0,0,0,1,0,0,1
82.262324,1,0,0,0,1,0,0,1,0
82.283441,0,1,0,0,0,0,0,0,0
82.287323,0,0,1,0,0,0,0,0,0
82.297642,0,0,0,0,0,1,0,0,1
82.301040,0,0,0,1,0,0,1,0,0
82.315231,1,0,0,0,1,0,0,1,0
82.335118,0,0,1,0,0,0,0,0,0
82.339017,0,1,0,0,0,0,0,0,0
82.346690,0,0,0,0,0,1,0,0,1
82.350641,0,0,0,1,0,0,1,0,0
82.362691,1,0,0,0,1,0,0,1,0
82.383377,0,0,1,0,0,0,0,0,0
82.383868,0,1,0,0,0,0,0,0,0
82.399420,0,0,0,0,0,1,0,0,1
82.400444,0,0,0,1,0,0,1,0,0
82.419292,1,0,0,0,1,0,0,1,0
82.433218,0,0,1,0,0,0,0,0,0
82.443635,0,1,0,0,0,0,0,0,0
82.449132,0,0,0,1,0,0,1,0,0
82.452986,0,0,0,0,0,1,0,0,1
82.461830,1,0,0,0,0,0,0,0,0
82.488364,0,0,1,0,1,0,0,1,0
82.499218,0,0,0,1,0,0,1,0,0
82.500303,0,0,0,0,0,1,0,0,1
82.513578,1,0,0,0,1,0,0,1,0
82.515343,0,1,0,0,0,0,0,0,0
82.538714,0,0,1,0,0,0,0,0,0
82.539531,0,1,0,0,0,0,0,0,0
82.548947,0,0,0,1,0,0,1,0,0
82.549579,0,0,0,0,0,1,0,0,1
82.565180,1,0,0,0,1,0,0,1,0
82.580149,0,0,1,0,0,0,0,0,0
82.594741,0,1,0,0,0,0,0,0,0
82.600304,0,0,0,1,0,0,1,0,0
82.603157,0,0,0,0,0,1,0,0,1
82.613936,1,0,0,0,1,0,0,1,0
82.640366,0,1,0,0,0,0,0,0,0
82.640852,0,0,1,0,0,0,0,0,0
82.649619,0,0,0,1,0,0,1,0,0
82.649909,0,0,0,0,0,1,0,0,1
82.664380,1,0,0,0,0,0,0,0,0
82.688304,0,0,1,0,1,0,0,1,0
82.699055,0,0,0,1,0,0,1,0,0
82.701385,0,0,0,0,0,1,0,0,1
82.709886,0,1,0,0,0,0,0,0,0
82.710606,1,0,0,0,0,0,0,0,0
82.734386,0,0,1,0,1,0,0,1,0
82.749849,0,0,0,1,0,0,1,0,0
82.751580,0,0,0,0,0,1,0,0,1
82.758926,0,1,0,0,0,0,0,0,0
82.764542,1,0,0,0,1,0,0,1,0
82.788705,0,0,1,0,0,0,0,0,0
82.793478,0,1,0,0,0,0,0,0,0
82.798842,0,0,0,1,0,0,1,0,0
82.799306,0,0,0,0,0,1,0,0,1
82.813638,1,0,0,0,0,0,0,0,0
82.816056,0,0,0,0,1,0,0,1,0
82.831851,0,0,1,0,0,0,0,0,0
82.839152,0,1,0,0,0,0,0,0,0
82.850665,0,0,0,1,0,0,1,0,0
82.851650,0,0,0,0,0,1,0,0,1
82.862364,1,0,0,0,0,0,0,0,0
82.891432,0,0,1,0,0,0,0,0,0
82.894796,0,0,0,0,1,0,0,1,0
82.897262,0,0,0,0,0,1,0,0,1
82.899968,0,0,0,1,0,0,1,0,0
82.911984,1,0,0,0,1,0,0,1,0
82.924576,0,1,0,0,0,0,0,0,0
82.935412,0,0,1,0,0,0,0,0,0
82.935920,0,1,0,0,0,0,0,0,0
82.947751,0,0,0,0,0,1,0,0,1
82.948932,0,0,0,1,0,0,1,0,0
82.963633,1,0,0,0,0,0,0,0,0
82.967183,0,0,0,0,1,0,0,1,0
82.984903,0,0,1,0,0,0,0,0,0
82.994001,0,1,0,0,0,0,0,0,0
82.998407,0,0,0,1,0,0,1,0,0
82.999582,0,0,0,0,0,1,0,0,1
83.012671,1,0,0,0,0,0,0,0,0
83.018905,0,0,0,0,1,0,0,1,0
83.031052,0,0,1,0,0,0,0,0,0
83.044090,0,1,0,0,0,0,0,0,0
83.050570,0,0,0,1,0,0,1,0,0
83.052616,0,0,0,0,0,1,0,0,1
83.066117,1,0,0,0,1,0,0,1,0
83.088220,0,0,1,0,0,0,0,0,0
83.095085,0,1,0,0,0,0,0,0,0
83.100599,0,0,0,1,0,0,1,0,0
83.103081,0,0,0,0,0,1,0,0,1
83.117798,1,0,0,0,1,0,0,1,0
83.138498,0,1,0,0,0,0,0,0,0
83.142185,0,0,1,0,0,0,0,0,0
83.149610,0,0,0,0,0,1,0,0,1
83.150127,0,0,0,1,0,0,1,0,0
83.164576,1,0,0,0,1,0,0,1,0
83.184828,0,1,0,0,0,0,0,0,0
83.187058,0,0,1,0,0,0,0,0,0
83.198625,0,0,0,0,0,1,0,0,1
83.198936,0,0,0,1,0,0,1,0,0
83.214831,1,0,0,0,0,0,0,0,0
83.217249,0,0,0,0,1,0,0,1,0
83.228964,0,0,1,0,0,0,0,0,0
83.242428,0,1,0,0,0,0,0,0,0
83.249905,0,0,0,0,0,1,0,0,1
83.251038,0,0,0,1,0,0,1,0,0
83.263553,1,0,0,0,0,0,0,0,0
83.280482,0,0,0,0,1,0,0,1,0
83.281850,0,0,1,0,0,0,0,0,0
83.300439,0,0,0,1,0,0,1,0,0
83.301154,0,0,0,0,0,1,0,0,1
83.310067,0,1,0,0,0,0,0,0,0
83.318796,1,0,0,0,1,0,0,1,0
83.337833,0,0,1,0,0,0,0,0,0
83.344101,0,1,0,0,0,0,0,0,0
83.349026,0,0,0,0,0,1,0,0,1
83.349870,0,0,0,1,0,0,1,0,0
83.360255,1,0,0,0,0,0,0,0,0
83.384886,0,0,1,0,0,0,0,0,0
83.392165,0,0,0,0,1,0,0,1,0
83.398071,0,0,0,0,0,1,0,0,1
83.400298,0,0,0,1,0,0,1,0,0
83.415721,1,0,0,0,1,0,0,1,0
83.417518,0,1,0,0,0,0,0,0,0
83.434875,0,0,1,0,0,0,0,0,0
83.441003,0,1,0,0,0,0,0,0,0
83.449083,0,0,0,0,0,1,0,0,1
83.449935,0,0,0,1,0,0,1,0,0
83.462188,1,0,0,0,1,0,0,1,0
83.479700,0,0,1,0,0,0,0,0,0
83.482451,0,1,0,0,0,0,0,0,0
83.499762,0,0,0,1,0,0,1,0,0
83.499980,0,0,0,0,0,1,0,0,1
83.517157,1,0,0,0,1,0,0,1,0
83.534986,0,0,1,0,0,0,0,0,0
83.540621,0,1,0,0,0,0,0,0,0
83.548263,0,0,0,0,0,1,0,0,1
83.549264,0,0,0,1,0,0,1,0,0
83.560618,1,0,0,0,0,0,0,0,0
83.587354,0,0,1,0,0,0,0,0,0
83.596220,0,0,0,0,1,0,0,1,0
83.599186,0,0,0,0,0,1,0,0,1
83.599342,0,0,0,1,0,0,1,0,0
83.611586,1,0,0,0,0,0,0,0,0
83.626194,0,1,0,0,0,0,0,0,0
83.636455,0,0,1,0,1,0,0,1,0
83.648694,0,0,0,1,0,0,1,0,0
83.650782,0,0,0,0,0,1,0,0,1
83.662083,1,0,0,0,1,0,0,1,0
83.664295,0,1,0,0,0,0,0,0,0
83.683640,0,0,1,0,0,0,0,0,0
83.684398,0,1,0,0,0,0,0,0,0
83.697811,0,0,0,0,0,1,0,0,1
83.700373,0,0,0,1,0,0,1,0,0
83.718736,1,0,0,0,1,0,0,1,0
83.735808,0,0,1,0,0,0,0,0,0
83.741153,0,1,0,0,0,0,0,0,0
83.748285,0,0,0,0,0,1,0,0,1
83.750862,0,0,0,1,0,0,1,0,0
83.766331,1,0,0,0,0,0,0,0,0
83.784685,0,0,1,0,1,0,0,1,0
83.799549,0,0,0,0,0,1,0,0,1
83.799620,0,0,0,1,0,0,1,0,0
83.806860,0,1,0,0,0,0,0,0,0
83.810817,1,0,0,0,0,0,0,0,0
83.838707,0,0,1,0,0,0,0,0,0
83.851056,0,0,0,1,1,0,1,1,0
83.853826,0,0,0,0,0,1,0,0,1
83.864016,1,0,0,0,0,0,0,0,0
83.877981,0,1,0,0,0,0,0,0,0
83.891763,0,0,1,0,1,0,0,1,0
83.901181,0,0,0,1,0,0,1,0,0
83.902081,0,0,0,0,0,1,0,0,1
83.912353,1,0,0,0,1,0,0,1,0
83.912804,0,1,0,0,0,0,0,0,0
83.936954,0,1,0,0,0,0,0,0,0
83.941134,0,0,1,0,0,0,0,0,0
83.950804,0,0,0,1,0,0,1,0,0
83.952573,0,0,0,0,0,1,0,0,1
83.963471,1,0,0,0,1,0,0,1,0
83.988971,0,1,0,0,0,0,0,0,0
83.990464,0,0,1,0,0,0,0,0,0
83.999519,0,0,0,0,0,1,0,0,1
84.000625,0,0,0,1,0,0,1,0,0
84.011731,1,0,0,0,0,0,0,0,0
84.035034,0,0,1,0,1,0,0,1,0
84.050327,0,0,0,1,0,0,1,0,0
84.051505,0,0,0,0,0,1,0,0,1
84.057079,0,1,0,0,0,0,0,0,0
84.063268,1,0,0,0,1,0,0,1,0
84.085241,0,1,0,0,0,0,0,0,0
84.088140,0,0,1,0,0,0,0,0,0
84.099361,0,0,0,1,0,0,1,0,0
84.100557,0,0,0,0,0,1,0,0,1
84.113361,1,0,0,0,1,0,0,1,0
84.137297,0,1,0,0,0,0,0,0,0
84.139640,0,0,1,0,0,0,0,0,0
84.149592,0,0,0,1,0,0,1,0,0
84.151164,0,0,0,0,0,1,0,0,1
84.164351,1,0,0,0,0,0,0,0,0
84.185312,0,0,1,0,1,0,0,1,0
84.200038,0,0,0,0,0,1,0,0,1
84.200273,0,0,0,1,0,0,1,0,0
84.208684,0,1,0,0,0,0,0,0,0
84.213933,1,0,0,0,0,0,0,0,0
84.237304,0,0,1,0,1,0,0,1,0
84.248948,0,0,0,1,0,0,1,0,0
84.252182,0,0,0,0,0,1,0,0,1
84.258951,0,1,0,0,0,0,0,0,0
84.262063,1,0,0,0,0,0,0,0,0
84.287631,0,0,1,0,0,0,0,0,0
84.294099,0,0,0,0,1,0,0,1,0
84.297460,0,0,0,0,0,1,0,0,1
84.298084,0,0,0,1,0,0,1,0,0
84.317031,1,0,0,0,0,0,0,0,0
84.319249,0,0,0,0,1,0,0,1,0
84.321285,0,1,0,0,0,0,0,0,0
84.332176,0,0,1,0,0,0,0,0,0
84.341306,0,1,0,0,0,0,0,0,0
84.350283,0,0,0,0,0,1,0,0,1
84.351843,0,0,0,1,0,0,1,0,0
84.365662,1,0,0,0,1,0,0,1,0
84.385796,0,0,1,0,0,0,0,0,0
84.389328,0,1,0,0,0,0,0,0,0
84.401053,0,0,0,0,0,1,0,0,1
84.401668,0,0,0,1,0,0,1,0,0
84.412676,1,0,0,0,0,0,0,0,0
84.440695,0,0,1,0,1,0,0,1,0
84.449382,0,0,0,1,0,0,1,0,0
84.451250,0,0,0,0,0,1,0,0,1
84.462061,1,0,0,0,1,0,0,1,0
84.462191,0,1,0,0,0,0,0,0,0
84.483344,0,1,0,0,0,0,0,0,0
84.490592,0,0,1,0,0,0,0,0,0
84.500021,0,0,0,0,0,1,0,0,1
84.501076,0,0,0,1,0,0,1,0,0
84.518336,1,0,0,0,1,0,0,1,0
84.539511,0,0,1,0,0,0,0,0,0
84.543801,0,1,0,0,0,0,0,0,0
84.550266,0,0,0,0,0,1,0,0,1
84.550654,0,0,0,1,0,0,1,0,0
84.563746,1,0,0,0,1,0,0,1,0
84.588420,0,1,0,0,0,0,0,0,0
84.589014,0,0,1,0,0,0,0,0,0
84.601246,0,0,0,1,0,0,1,0,0
84.603339,0,0,0,0,0,1,0,0,1
84.617052,1,0,0,0,1,0,0,1,0
84.640427,0,0,1,0,0,0,0,0,0
84.646924,0,1,0,0,0,0,0,0,0
84.648589,0,0,0,1,0,0,1,0,0
84.651681,0,0,0,0,0,1,0,0,1
84.664716,1,0,0,0,1,0,0,1,0
84.686476,0,0,1,0,0,0,0,0,0
84.693157,0,1,0,0,0,0,0,0,0
84.700568,0,0,0,0,0,1,0,0,1
84.700581,0,0,0,1,0,0,1,0,0
84.717430,1,0,0,0,0,0,0,0,0
84.721221,0,0,0,0,1,0,0,1,0
84.739294,0,0,1,0,0,0,0,0,0
84.745645,0,1,0,0,0,0,0,0,0
84.747990,0,0,0,0,0,1,0,0,1
84.750236,0,0,0,1,0,0,1,0,0
84.765229,1,0,0,0,0,0,0,0,0
84.785713,0,0,1,0,1,0,0,1,0
84.799490,0,0,0,1,0,0,1,0,0
84.800072,0,0,0,0,0,1,0,0,1
84.807743,0,1,0,0,0,0,0,0,0
84.811571,1,0,0,0,1,0,0,1,0
84.831098,0,0,1,0,0,0,0,0,0
84.833384,0,1,0,0,0,0,0,0,0
84.848287,0,0,0,0,0,1,0,0,1
84.848877,0,0,0,1,0,0,1,0,0
84.861192,1,0,0,0,1,0,0,1,0
84.886132,0,0,1,0,0,0,0,0,0
84.887243,0,1,0,0,0,0,0,0,0
84.901180,0,0,0,0,0,1,0,0,1
84.901220,0,0,0,1,0,0,1,0,0
84.916726,1,0,0,0,1,0,0,1,0
84.935347,0,0,1,0,0,0,0,0,0
84.938173,0,1,0,0,0,0,0,0,0
84.947877,0,0,0,0,0,1,0,0,1
84.950961,0,0,0,1,0,0,1,0,0
84.968641,1,0,0,0,0,0,0,0,0
84.973403,0,0,0,0,1,0,0,1,0
84.985659,0,0,1,0,0,0,0,0,0
84.998253,0,0,0,0,0,1,0,0,1
85.000253,0,0,0,1,0,0,1,0,0
85.002102,0,1,0,0,0,0,0,0,0
85.012313,1,0,0,0,1,0,0,1,0
85.030767,0,0,1,0,0,0,0,0,0
85.036465,0,1,0,0,0,0,0,0,0
85.049399,0,0,0,1,0,0,1,0,0
85.053290,0,0,0,0,0,1,0,0,1
85.068438,1,0,0,0,1,0,0,1,0
85.089063,0,1,0,0,0,0,0,0,0
85.090853,0,0,1,0,0,0,0,0,0
85.097476,0,0,0,0,0,1,0,0,1
85.098778,0,0,0,1,0,0,1,0,0
85.117873,1,0,0,0,1,0,0,1,0
85.129646,0,0,1,0,0,0,0,0,0
85.143441,0,1,0,0,0,0,0,0,0
85.148416,0,0,0,0,0,1,0,0,1
85.151216,0,0,0,1,0,0,1,0,0
85.164293,1,0,0,0,1,0,0,1,0
85.185582,0,0,1,0,0,0,0,0,0
85.187216,0,1,0,0,0,0,0,0,0
85.199942,0,0,0,0,0,1,0,0,1
85.200029,0,0,0,1,0,0,1,0,0
85.212721,1,0,0,0,0,0,0,0,0
85.239377,0,0,1,0,1,0,0,1,0
85.249090,0,0,0,1,0,0,1,0,0
85.252672,0,0,0,0,0,1,0,0,1
85.259156,1,0,0,0,1,0,0,1,0
85.259509,0,1,0,0,0,0,0,0,0
85.283351,0,1,0,0,0,0,0,0,0
85.289140,0,0,1,0,0,0,0,0,0
85.300708,0,0,0,1,0,0,1,0,0
85.302284,0,0,0,0,0,1,0,0,1
85.315938,1,0,0,0,1,0,0,1,0
85.337837,0,1,0,0,0,0,0,0,0
85.340322,0,0,1,0,0,0,0,0,0
85.349861,0,0,0,1,0,0,1,0,0
85.350012,0,0,0,0,0,1,0,0,1
85.363892,1,0,0,0,0,0,0,0,0
85.387159,0,0,1,0,0,0,0,0,0
85.400117,0,0,0,1,0,0,1,0,0
85.401117,0,0,0,0,1,0,0,1,0
85.401961,0,0,0,0,0,1,0,0,1
85.418414,1,0,0,0,1,0,0,1,0
85.423864,0,1,0,0,0,0,0,0,0
85.439392,0,0,1,0,0,0,0,0,0
85.443423,0,1,0,0,0,0,0,0,0
85.449265,0,0,0,1,0,0,1,0,0
85.451674,0,0,0,0,0,1,0,0,1
85.465641,1,0,0,0,1,0,0,1,0
85.487817,0,0,1,0,0,0,0,0,0
85.488296,0,1,0,0,0,0,0,0,0
85.498068,0,0,0,0,0,1,0,0,1
85.499793,0,0,0,1,0,0,1,0,0
85.510704,1,0,0,0,0,0,0,0,0
85.530964,0,0,1,0,0,0,0,0,0
85.551075,0,0,0,1,1,0,1,1,0
85.552720,0,0,0,0,0,1,0,0,1
85.566674,1,0,0,0,1,0,0,1,0
85.574634,0,1,0,0,0,0,0,0,0
85.591370,0,1,0,0,0,0,0,0,0
85.592265,0,0,1,0,0,0,0,0,0
85.600225,0,0,0,1,0,0,1,0,0
85.600953,0,0,0,0,0,1,0,0,1
85.613666,1,0,0,0,1,0,0,1,0
85.636433,0,0,1,0,0,0,0,0,0
85.637009,0,1,0,0,0,0,0,0,0
85.646346,0,0,0,0,0,1,0,0,1
85.650667,0,0,0,1,0,0,1,0,0
85.662693,1,0,0,0,0,0,0,0,0
85.681211,0,0,1,0,1,0,0,1,0
85.698997,0,0,0,1,0,0,1,0,0
85.702508,0,0,0,0,0,1,0,0,1
85.702841,0,1,0,0,0,0,0,0,0
85.713207,1,0,0,0,0,0,0,0,0
85.737281,0,0,1,0,0,0,0,0,0
85.749520,0,0,0,0,0,1,0,0,1
85.750253,0,0,0,1,1,0,1,1,0
85.766796,1,0,0,0,0,0,0,0,0
85.779597,0,1,0,0,0,0,0,0,0
85.781061,0,0,1,0,1,0,0,1,0
85.800317,0,0,0,0,0,1,0,0,1
85.801435,0,0,0,1,0,0,1,0,0
85.802914,0,1,0,0,0,0,0,0,0
85.812710,1,0,0,0,0,0,0,0,0
85.830118,0,0,0,0,1,0,0,1,0
85.836195,0,0,1,0,0,0,0,0,0
85.848649,0,0,0,0,0,1,0,0,1
85.850334,0,0,0,1,0,0,1,0,0
85.854599,0,1,0,0,0,0,0,0,0
85.866022,1,0,0,0,1,0,0,1,0
85.884635,0,0,1,0,0,0,0,0,0
85.894897,0,1,0,0,0,0,0,0,0
85.899119,0,0,0,0,0,1,0,0,1
85.899993,0,0,0,1,0,0,1,0,0
85.911635,1,0,0,0,1,0,0,1,0
85.930940,0,0,1,0,0,0,0,0,0
85.936167,0,1,0,0,0,0,0,0,0
85.949177,0,0,0,1,0,0,1,0,0
85.949329,0,0,0,0,0,1,0,0,1
85.963623,1,0,0,0,1,0,0,1,0
85.983855,0,0,1,0,0,0,0,0,0
85.992805,0,1,0,0,0,0,0,0,0
85.998837,0,0,0,0,0,1,0,0,1
86.001281,0,0,0,1,0,0,1,0,0
86.015902,1,0,0,0,1,0,0,1,0
86.034250,0,0,1,0,0,0,0,0,0
86.040707,0,1,0,0,0,0,0,0,0
86.048133,0,0,0,1,0,0,1,0,0
86.053176,0,0,0,0,0,1,0,0,1
86.068022,1,0,0,0,1,0,0,1,0
86.086265,0,0,1,0,0,0,0,0,0
86.091586,0,1,0,0,0,0,0,0,0
86.098712,0,0,0,0,0,1,0,0,1
86.100402,0,0,0,1,0,0,1,0,0
86.114865,1,0,0,0,1,0,0,1,0
86.131633,0,0,1,0,0,0,0,0,0
86.144298,0,1,0,0,0,0,0,0,0
86.147948,0,0,0,0,0,1,0,0,1
86.151804,0,0,0,1,0,0,1,0,0
86.164307,1,0,0,0,1,0,0,1,0
86.187352,0,1,0,0,0,0,0,0,0
86.187871,0,0,1,0,0,0,0,0,0
86.200599,0,0,0,0,0,1,0,0,1
86.200867,0,0,0,1,0,0,1,0,0
86.214239,1,0,0,0,0,0,0,0,0
86.238776,0,0,1,0,1,0,0,1,0
86.248510,0,0,0,0,0,1,0,0,1
86.249578,0,0,0,1,0,0,1,0,0
86.261349,1,0,0,0,1,0,0,1,0
86.264282,0,1,0,0,0,0,0,0,0
86.286088,0,0,1,0,0,0,0,0,0
86.286355,0,1,0,0,0,0,0,0,0
86.299545,0,0,0,1,0,0,1,0,0
86.301294,0,0,0,0,0,1,0,0,1
86.309804,1,0,0,0,1,0,0,1,0
86.331128,0,1,0,0,0,0,0,0,0
86.339827,0,0,1,0,0,0,0,0,0
86.347910,0,0,0,0,0,1,0,0,1
86.349462,0,0,0,1,0,0,1,0,0
86.360621,1,0,0,0,1,0,0,1,0
86.383556,0,0,1,0,0,0,0,0,0
86.389543,0,1,0,0,0,0,0,0,0
86.399097,0,0,0,0,0,1,0,0,1
86.400927,0,0,0,1,0,0,1,0,0
86.417736,1,0,0,0,1,0,0,1,0
86.433026,0,0,1,0,0,0,0,0,0
86.438976,0,1,0,0,0,0,0,0,0
86.449261,0,0,0,1,0,0,1,0,0
86.450383,0,0,0,0,0,1,0,0,1
86.465509,1,0,0,0,1,0,0,1,0
86.487605,0,0,1,0,0,0,0,0,0
86.493210,0,1,0,0,0,0,0,0,0
86.498872,0,0,0,1,0,0,1,0,0
86.502944,0,0,0,0,0,1,0,0,1
86.513549,1,0,0,0,1,0,0,1,0
86.538368,0,1,0,0,0,0,0,0,0
86.541997,0,0,1,0,0,0,0,0,0
86.549450,0,0,0,1,0,0,1,0,0
86.551743,0,0,0,0,0,1,0,0,1
86.562769,1,0,0,0,1,0,0,1,0
86.582836,0,0,1,0,0,0,0,0,0
86.585610,0,1,0,0,0,0,0,0,0
86.599875,0,0,0,1,0,0,1,0,0
86.600396,0,0,0,0,0,1,0,0,1
86.612773,1,0,0,0,1,0,0,1,0
86.637203,0,0,1,0,0,0,0,0,0
86.638948,0,1,0,0,0,0,0,0,0
86.646828,0,0,0,0,0,1,0,0,1
86.651243,0,0,0,1,0,0,1,0,0
86.666740,1,0,0,0,0,0,0,0,0
86.683750,0,0,1,0,0,0,0,0,0
86.687810,0,0,0,0,1,0,0,1,0
86.698827,0,0,0,0,0,1,0,0,1
86.699520,0,0,0,1,0,0,1,0,0
86.708149,0,1,0,0,0,0,0,0,0
86.714553,1,0,0,0,1,0,0,1,0
86.735974,0,0,1,0,0,0,0,0,0
86.736697,0,1,0,0,0,0,0,0,0
86.749441,0,0,0,1,0,0,1,0,0
86.751075,0,0,0,0,0,1,0,0,1
86.764109,1,0,0,0,0,0,0,0,0
86.788930,0,0,1,0,0,0,0,0,0
86.791122,0,0,0,0,1,0,0,1,0
86.799572,0,0,0,1,0,0,1,0,0
86.799670,0,0,0,0,0,1,0,0,1
86.811536,1,0,0,0,1,0,0,1,0
86.817418,0,1,0,0,0,0,0,0,0
86.834880,0,1,0,0,0,0,0,0,0
86.836302,0,0,1,0,0,0,0,0,0
86.847048,0,0,0,0,0,1,0,0,1
86.850574,0,0,0,1,0,0,1,0,0
86.868749,1,0,0,0,1,0,0,1,0
86.886816,0,0,1,0,0,0,0,0,0
86.889494,0,1,0,0,0,0,0,0,0
86.898992,0,0,0,0,0,1,0,0,1
86.900082,0,0,0,1,0,0,1,0,0
86.914561,1,0,0,0,1,0,0,1,0
86.938634,0,0,1,0,0,0,0,0,0
86.942928,0,1,0,0,0,0,0,0,0
86.950831,0,0,0,1,0,0,1,0,0
86.951235,0,0,0,0,0,1,0,0,1
86.961792,1,0,0,0,0,0,0,0,0
86.984539,0,0,0,0,1,0,0,1,0
86.990245,0,0,1,0,0,0,0,0,0
86.998708,0,0,0,1,0,0,1,0,0
87.000264,0,0,0,0,0,1,0,0,1
87.005833,0,1,0,0,0,0,0,0,0
87.014003,1,0,0,0,1,0,0,1,0
87.033518,0,0,1,0,0,0,0,0,0
87.038063,0,1,0,0,0,0,0,0,0
87.049233,0,0,0,0,0,1,0,0,1
87.050135,0,0,0,1,0,0,1,0,0
87.061902,1,0,0,0,0,0,0,0,0
87.089029,0,0,1,0,1,0,0,1,0
87.100059,0,0,0,0,0,1,0,0,1
87.100304,0,0,0,1,0,0,1,0,0
87.112364,1,0,0,0,0,0,0,0,0
87.113118,0,1,0,0,0,0,0,0,0
87.133012,0,0,1,0,0,0,0,0,0
87.149825,0,0,0,1,0,0,1,0,0
87.150945,0,0,0,0,1,0,0,1,0
87.152389,0,0,0,0,0,1,0,0,1
87.169766,1,0,0,0,1,0,0,1,0
87.178252,0,1,0,0,0,0,0,0,0
87.186935,0,0,1,0,0,0,0,0,0
87.196961,0,1,0,0,0,0,0,0,0
87.199460,0,0,0,1,0,0,1,0,0
87.199767,0,0,0,0,0,1,0,0,1
87.216393,1,0,0,0,1,0,0,1,0
87.233704,0,0,1,0,0,0,0,0,0
87.236656,0,1,0,0,0,0,0,0,0
87.249217,0,0,0,1,0,0,1,0,0
87.252649,0,0,0,0,0,1,0,0,1
87.262362,1,0,0,0,1,0,0,1,0
87.287228,0,1,0,0,0,0,0,0,0
87.289944,0,0,1,0,0,0,0,0,0
87.296460,0,0,0,0,0,1,0,0,1
87.300236,0,0,0,1,0,0,1,0,0
87.315351,1,0,0,0,1,0,0,1,0
87.329947,0,0,1,0,0,0,0,0,0
87.336425,0,1,0,0,0,0,0,0,0
87.349642,0,0,0,0,0,1,0,0,1
87.349934,0,0,0,1,0,0,1,0,0
87.366760,1,0,0,0,1,0,0,1,0
87.382865,0,0,1,0,0,0,0,0,0
87.387001,0,1,0,0,0,0,0,0,0
87.398709,0,0,0,0,0,1,0,0,1
87.400282,0,0,0,1,0,0,1,0,0
87.411155,1,0,0,0,1,0,0,1,0
87.435285,0,1,0,0,0,0,0,0,0
87.437997,0,0,1,0,0,0,0,0,0
87.450307,0,0,0,0,0,1,0,0,1
87.451090,0,0,0,1,0,0,1,0,0
87.463607,1,0,0,0,1,0,0,1,0
87.485332,0,0,1,0,0,0,0,0,0
87.488824,0,1,0,0,0,0,0,0,0
87.498970,0,0,0,1,0,0,1,0,0
87.501700,0,0,0,0,0,1,0,0,1
87.513041,1,0,0,0,0,0,0,0,0
87.534478,0,0,0,0,1,0,0,1,0
87.538977,0,0,1,0,0,0,0,0,0
87.548014,0,0,0,0,0,1,0,0,1
87.551738,0,0,0,1,0,0,1,0,0
87.562849,1,0,0,0,0,0,0,0,0
87.564352,0,1,0,0,1,0,0,1,0
87.583869,0,0,1,0,0,0,0,0,0
87.587431,0,1,0,0,0,0,0,0,0
87.598492,0,0,0,0,0,1,0,0,1
87.600075,0,0,0,1,0,0,1,0,0
87.613493,1,0,0,0,0,0,0,0,0
87.633903,0,0,1,0,0,0,0,0,0
87.650166,0,0,0,1,0,0,1,0,0
87.651084,0,0,0,0,1,0,0,1,0
87.651749,0,0,0,0,0,1,0,0,1
87.662702,1,0,0,0,1,0,0,1,0
87.676697,0,1,0,0,0,0,0,0,0
87.684336,0,1,0,0,0,0,0,0,0
87.684692,0,0,1,0,0,0,0,0,0
87.697950,0,0,0,0,0,1,0,0,1
87.701253,0,0,0,1,0,0,1,0,0
87.711305,1,0,0,0,1,0,0,1,0
87.733931,0,1,0,0,0,0,0,0,0
87.735859,0,0,1,0,0,0,0,0,0
87.748981,0,0,0,0,0,1,0,0,1
87.750415,0,0,0,1,0,0,1,0,0
87.766101,1,0,0,0,1,0,0,1,0
87.785558,0,0,1,0,0,0,0,0,0
87.795383,0,1,0,0,0,0,0,0,0
87.796768,0,0,0,0,0,1,0,0,1
87.798560,0,0,0,1,0,0,1,0,0
87.811005,1,0,0,0,0,0,0,0,0
87.830693,0,0,1,0,1,0,0,1,0
87.850714,0,0,0,1,0,0,1,0,0
87.853033,0,0,0,0,0,1,0,0,1
87.859272,0,1,0,0,0,0,0,0,0
87.862396,1,0,0,0,0,0,0,0,0
87.888849,0,0,1,0,0,0,0,0,0
87.896361,0,0,0,0,1,1,0,1,1
87.900044,0,0,0,1,0,0,1,0,0
87.913142,1,0,0,0,1,0,0,1,0
87.922188,0,1,0,0,0,0,0,0,0
87.930993,0,0,1,0,0,0,0,0,0
87.934011,0,1,0,0,0,0,0,0,0
87.949278,0,0,0,0,0,1,0,0,1
87.949684,0,0,0,1,0,0,1,0,0
87.961742,1,0,0,0,1,0,0,1,0
87.984083,0,1,0,0,0,0,0,0,0
87.984741,0,0,1,0,0,0,0,0,0
88.000464,0,0,0,0,0,1,0,0,1
88.001511,0,0,0,1,0,0,1,0,0
88.017065,1,0,0,0,1,0,0,1,0
88.039794,0,0,1,0,0,0,0,0,0
88.039940,0,1,0,0,0,0,0,0,0
88.049966,0,0,0,1,0,0,1,0,0
88.050104,0,0,0,0,0,1,0,0,1
88.066775,1,0,0,0,0,0,0,0,0
88.074346,0,0,0,0,1,0,0,1,0
88.083009,0,0,1,0,0,0,0,0,0
88.099718,0,0,0,0,0,1,0,0,1
88.099966,0,0,0,1,0,0,1,0,0
88.100419,0,1,0,0,0,0,0,0,0
88.115053,1,0,0,0,0,0,0,0,0
88.137560,0,0,1,0,0,0,0,0,0
88.151625,0,0,0,1,0,0,1,0,0
88.151773,0,0,0,0,1,0,0,1,0
88.151920,0,0,0,0,0,1,0,0,1
88.171162,1,0,0,0,0,0,0,0,0
88.179666,0,1,0,0,1,0,0,1,0
88.190747,0,0,1,0,0,0,0,0,0
88.198546,0,0,0,0,0,1,0,0,1
88.199781,0,0,0,1,0,0,1,0,0
88.207519,0,1,0,0,0,0,0,0,0
88.213210,1,0,0,0,1,0,0,1,0
88.234580,0,1,0,0,0,0,0,0,0
88.236192,0,0,1,0,0,0,0,0,0
88.247993,0,0,0,0,0,1,0,0,1
88.248388,0,0,0,1,0,0,1,0,0
88.264269,1,0,0,0,1,0,0,1,0
88.282990,0,0,1,0,0,0,0,0,0
88.284771,0,1,0,0,0,0,0,0,0
88.300597,0,0,0,0,0,1,0,0,1
88.300987,0,0,0,1,0,0,1,0,0
88.317103,1,0,0,0,1,0,0,1,0
88.334629,0,0,1,0,0,0,0,0,0
88.338593,0,1,0,0,0,0,0,0,0
88.348634,0,0,0,0,0,1,0,0,1
88.349607,0,0,0,1,0,0,1,0,0
88.364825,1,0,0,0,0,0,0,0,0
88.385851,0,0,1,0,1,0,0,1,0
88.396159,0,0,0,0,0,1,0,0,1
88.401384,0,0,0,1,0,0,1,0,0
88.411709,0,1,0,0,0,0,0,0,0
88.419890,1,0,0,0,1,0,0,1,0
88.430069,0,0,1,0,0,0,0,0,0
88.440941,0,1,0,0,0,0,0,0,0
88.448033,0,0,0,0,0,1,0,0,1
88.449881,0,0,0,1,0,0,1,0,0
88.463693,1,0,0,0,1,0,0,1,0
88.481809,0,0,1,0,0,0,0,0,0
88.492110,0,1,0,0,0,0,0,0,0
88.497147,0,0,0,0,0,1,0,0,1
88.498576,0,0,0,1,0,0,1,0,0
88.510843,1,0,0,0,0,0,0,0,0
88.531615,0,0,1,0,1,0,0,1,0
88.546924,0,0,0,0,0,1,0,0,1
88.550774,0,0,0,1,0,0,1,0,0
88.557727,0,1,0,0,0,0,0,0,0
88.566584,1,0,0,0,1,0,0,1,0
88.586382,0,0,1,0,0,0,0,0,0
88.587629,0,1,0,0,0,0,0,0,0
88.599501,0,0,0,0,0,1,0,0,1
88.600473,0,0,0,1,0,0,1,0,0
88.613478,1,0,0,0,0,0,0,0,0
88.616107,0,0,0,0,1,0,0,1,0
88.633331,0,0,1,0,0,0,0,0,0
88.645221,0,1,0,0,0,0,0,0,0
88.647077,0,0,0,0,0,1,0,0,1
88.648422,0,0,0,1,0,0,1,0,0
88.665469,1,0,0,0,0,0,0,0,0
88.685740,0,0,1,0,1,0,0,1,0
88.698825,0,0,0,1,0,0,1,0,0
88.699701,0,0,0,0,0,1,0,0,1
88.709011,1,0,0,0,1,0,0,1,0
88.712550,0,1,0,0,0,0,0,0,0
88.735328,0,0,1,0,0,0,0,0,0
88.738366,0,1,0,0,0,0,0,0,0
88.749542,0,0,0,1,0,0,1,0,0
88.751759,0,0,0,0,0,1,0,0,1
88.765687,1,0,0,0,1,0,0,1,0
88.788856,0,1,0,0,0,0,0,0,0
88.790645,0,0,1,0,0,0,0,0,0
88.801087,0,0,0,1,0,0,1,0,0
88.802647,0,0,0,0,0,1,0,0,1
88.814431,1,0,0,0,0,0,0,0,0
88.840841,0,0,1,0,1,0,0,1,0
88.849941,0,0,0,0,0,1,0,0,1
88.850051,0,0,0,1,0,0,1,0,0
88.862367,0,1,0,0,0,0,0,0,0
88.862664,1,0,0,0,0,0,0,0,0
88.865583,0,0,0,0,1,0,0,1,0
88.885512,0,0,1,0,0,0,0,0,0
88.890243,0,1,0,0,0,0,0,0,0
88.899600,0,0,0,1,0,0,1,0,0
88.901370,0,0,0,0,0,1,0,0,1
88.917517,1,0,0,0,1,0,0,1,0
88.934692,0,0,1,0,0,0,0,0,0
88.940051,0,1,0,0,0,0,0,0,0
88.949360,0,0,0,0,0,1,0,0,1
88.951417,0,0,0,1,0,0,1,0,0
88.963320,1,0,0,0,0,0,0,0,0
88.983354,0,0,1,0,0,0,0,0,0
88.986121,0,0,0,0,1,0,0,1,0
88.999632,0,0,0,1,0,0,1,0,0
89.000869,0,0,0,0,0,1,0,0,1
89.009476,0,1,0,0,0,0,0,0,0
89.017474,1,0,0,0,1,0,0,1,0
89.033912,0,0,1,0,0,0,0,0,0
89.044853,0,1,0,0,0,0,0,0,0
89.047278,0,0,0,0,0,1,0,0,1
89.049657,0,0,0,1,0,0,1,0,0
89.063785,1,0,0,0,1,0,0,1,0
89.084996,0,0,1,0,0,0,0,0,0
89.085285,0,1,0,0,0,0,0,0,0
89.099613,0,0,0,1,0,0,1,0,0
89.102030,0,0,0,0,0,1,0,0,1
89.113646,1,0,0,0,1,0,0,1,0
89.134483,0,1,0,0,0,0,0,0,0
89.137142,0,0,1,0,0,0,0,0,0
89.150387,0,0,0,0,0,1,0,0,1
89.150880,0,0,0,1,0,0,1,0,0
89.165544,1,0,0,0,1,0,0,1,0
89.183174,0,0,1,0,0,0,0,0,0
89.186337,0,1,0,0,0,0,0,0,0
89.198406,0,0,0,0,0,1,0,0,1
89.199630,0,0,0,1,0,0,1,0,0
89.216809,1,0,0,0,1,0,0,1,0
89.236443,0,0,1,0,0,0,0,0,0
89.240315,0,1,0,0,0,0,0,0,0
89.249712,0,0,0,0,0,1,0,0,1
89.251603,0,0,0,1,0,0,1,0,0
89.264455,1,0,0,0,1,0,0,1,0
89.284564,0,1,0,0,0,0,0,0,0
89.287762,0,0,1,0,0,0,0,0,0
89.300518,0,0,0,0,0,1,0,0,1
89.300624,0,0,0,1,0,0,1,0,0
89.311210,1,0,0,0,0,0,0,0,0
89.334614,0,0,1,0,1,0,0,1,0
89.348430,0,0,0,1,0,0,1,0,0
89.351644,0,0,0,0,0,1,0,0,1
89.362242,0,1,0,0,0,0,0,0,0
89.364162,1,0,0,0,1,0,0,1,0
89.385523,0,0,1,0,0,0,0,0,0
89.387632,0,1,0,0,0,0,0,0,0
89.399468,0,0,0,1,0,0,1,0,0
89.402137,0,0,0,0,0,1,0,0,1
89.409834,1,0,0,0,1,0,0,1,0
89.432608,0,1,0,0,0,0,0,0,0
89.440918,0,0,1,0,0,0,0,0,0
89.449906,0,0,0,1,0,0,1,0,0
89.453200,0,0,0,0,0,1,0,0,1
89.461762,1,0,0,0,1,0,0,1,0
89.485254,0,0,1,0,0,0,0,0,0
89.489571,0,1,0,0,0,0,0,0,0
89.498835,0,0,0,1,0,0,1,0,0
89.500262,0,0,0,0,0,1,0,0,1
89.517272,1,0,0,0,0,0,0,0,0
89.534999,0,0,1,0,0,0,0,0,0
89.549246,0,0,0,1,1,0,1,1,0
89.549476,0,0,0,0,0,1,0,0,1
89.564526,1,0,0,0,1,0,0,1,0
89.570291,0,1,0,0,0,0,0,0,0
89.584995,0,1,0,0,0,0,0,0,0
89.585082,0,0,1,0,0,0,0,0,0
89.599483,0,0,0,1,0,0,1,0,0
89.600957,0,0,0,0,0,1,0,0,1
89.610878,1,0,0,0,0,0,0,0,0
89.633134,0,0,1,0,1,0,0,1,0
89.650307,0,0,0,1,0,0,1,0,0
89.651657,0,0,0,0,0,1,0,0,1
89.655825,0,1,0,0,0,0,0,0,0
89.665084,1,0,0,0,1,0,0,1,0
89.685780,0,0,1,0,0,0,0,0,0
89.692190,0,1,0,0,0,0,0,0,0
89.699148,0,0,0,1,0,0,1,0,0
89.701199,0,0,0,0,0,1,0,0,1
89.709345,1,0,0,0,1,0,0,1,0
89.732649,0,1,0,0,0,0,0,0,0
89.737354,0,0,1,0,0,0,0,0,0
89.749081,0,0,0,1,0,0,1,0,0
89.749514,0,0,0,0,0,1,0,0,1
89.759951,1,0,0,0,1,0,0,1,0
89.784922,0,1,0,0,0,0,0,0,0
89.785712,0,0,1,0,0,0,0,0,0
89.799317,0,0,0,1,0,0,1,0,0
89.801916,0,0,0,0,0,1,0,0,1
89.815478,1,0,0,0,0,0,0,0,0
89.837599,0,0,1,0,0,0,0,0,0
89.848389,0,0,0,1,0,0,1,0,0
89.849827,0,0,0,0,1,0,0,1,0
89.850863,0,0,0,0,0,1,0,0,1
89.859211,1,0,0,0,0,0,0,0,0
89.871783,0,1,0,0,1,0,0,1,0
89.884870,0,0,1,0,0,0,0,0,0
89.895364,0,1,0,0,0,0,0,0,0
89.898913,0,0,0,1,0,0,1,0,0
89.901170,0,0,0,0,0,1,0,0,1
89.909284,1,0,0,0,1,0,0,1,0
89.934844,0,0,1,0,0,0,0,0,0
89.934994,0,1,0,0,0,0,0,0,0
89.949595,0,0,0,1,0,0,1,0,0
89.949828,0,0,0,0,0,1,0,0,1
89.963767,1,0,0,0,0,0,0,0,0
89.983432,0,0,0,0,1,0,0,1,0
89.988109,0,0,1,0,0,0,0,0,0
89.999600,0,0,0,1,0,0,1,0,0
89.999830,0,0,0,0,0,1,0,0,1
90.003668,0,1,0,0,0,0,0,0,0
90.011642,1,0,0,0,1,0,0,1,0
90.038684,0,0,1,0,0,0,0,0,0
90.039426,0,1,0,0,0,0,0,0,0
90.049334,0,0,0,1,0,0,1,0,0
90.049867,0,0,0,0,0,1,0,0,1
90.067910,1,0,0,0,1,0,0,1,0
90.082862,0,0,1,0,0,0,0,0,0
90.089036,0,1,0,0,0,0,0,0,0
90.096371,0,0,0,0,0,1,0,0,1
90.100150,0,0,0,1,0,0,1,0,0
90.111665,1,0,0,0,1,0,0,1,0
90.131956,0,0,1,0,0,0,0,0,0
90.139179,0,1,0,0,0,0,0,0,0
90.150146,0,0,0,1,0,0,1,0,0
90.152543,0,0,0,0,0,1,0,0,1
90.164032,1,0,0,0,1,0,0,1,0
90.187726,0,0,1,0,0,0,0,0,0
90.193996,0,1,0,0,0,0,0,0,0
90.201074,0,0,0,1,0,0,1,0,0
90.202870,0,0,0,0,0,1,0,0,1
90.217000,1,0,0,0,0,0,0,0,0
90.239227,0,0,1,0,1,0,0,1,0
90.250130,0,0,0,0,0,1,0,0,1
90.251944,0,0,0,1,0,0,1,0,0
90.262783,0,1,0,0,0,0,0,0,0
90.270785,1,0,0,0,1,0,0,1,0
90.287102,0,0,1,0,0,0,0,0,0
90.294750,0,1,0,0,0,0,0,0,0
90.299204,0,0,0,1,0,0,1,0,0
90.302458,0,0,0,0,0,1,0,0,1
90.317021,1,0,0,0,0,0,0,0,0
90.335691,0,0,0,0,1,0,0,1,0
90.337686,0,0,1,0,0,0,0,0,0
90.350749,0,0,0,0,0,1,0,0,1
90.350908,0,0,0,1,0,0,1,0,0
90.360468,0,1,0,0,0,0,0,0,0
90.366303,1,0,0,0,0,0,0,0,0
90.387791,0,0,1,0,0,0,0,0,0
90.397194,0,0,0,0,0,1,0,0,1
90.399778,0,0,0,1,0,0,1,0,0
90.410816,0,0,0,0,1,0,0,1,0
90.414147,1,0,0,0,0,0,0,0,0
90.433092,0,1,0,0,0,0,0,0,0
90.436841,0,0,1,0,0,0,0,0,0
90.439073,0,0,0,0,1,0,0,1,0
90.449367,0,0,0,1,0,0,1,0,0
90.450716,0,0,0,0,0,1,0,0,1
90.468400,0,1,0,0,0,0,0,0,0
90.468554,1,0,0,0,1,0,0,1,0
90.485224,0,0,1,0,0,0,0,0,0
90.495213,0,1,0,0,0,0,0,0,0
90.496905,0,0,0,0,0,1,0,0,1
90.500994,0,0,0,1,0,0,1,0,0
90.513132,1,0,0,0,0,0,0,0,0
90.535071,0,0,1,0,1,0,0,1,0
90.548405,0,0,0,1,0,0,1,0,0
90.549760,0,0,0,0,0,1,0,0,1
90.560145,0,1,0,0,0,0,0,0,0
90.563772,1,0,0,0,1,0,0,1,0
90.584491,0,1,0,0,0,0,0,0,0
90.587276,0,0,1,0,0,0,0,0,0
90.600191,0,0,0,1,0,0,1,0,0
90.601944,0,0,0,0,0,1,0,0,1
90.614994,1,0,0,0,1,0,0,1,0
90.639249,0,0,1,0,0,0,0,0,0
90.642432,0,1,0,0,0,0,0,0,0
90.650719,0,0,0,0,0,1,0,0,1
90.650956,0,0,0,1,0,0,1,0,0
90.661460,1,0,0,0,1,0,0,1,0
90.688332,0,0,1,0,0,0,0,0,0
90.690741,0,1,0,0,0,0,0,0,0
90.699370,0,0,0,1,0,0,1,0,0
90.702060,0,0,0,0,0,1,0,0,1
90.710030,1,0,0,0,0,0,0,0,0
90.734526,0,0,1,0,1,0,0,1,0
90.749940,0,0,0,1,0,0,1,0,0
90.752447,0,0,0,0,0,1,0,0,1
90.761078,0,1,0,0,0,0,0,0,0
90.765909,1,0,0,0,0,0,0,0,0
90.788305,0,0,1,0,0,0,0,0,0
90.797218,0,0,0,0,1,1,0,1,1
90.798927,0,0,0,1,0,0,1,0,0
90.810446,1,0,0,0,0,0,0,0,0
90.820142,0,1,0,0,1,0,0,1,0
90.835664,0,0,1,0,0,0,0,0,0
90.842482,0,1,0,0,0,0,0,0,0
90.848909,0,0,0,1,0,0,1,0,0
90.851249,0,0,0,0,0,1,0,0,1
90.864910,1,0,0,0,0,0,0,0,0
90.881767,0,0,0,0,1,0,0,1,0
90.890869,0,0,1,0,0,0,0,0,0
90.898334,0,0,0,1,0,0,1,0,0
90.900483,0,0,0,0,0,1,0,0,1
90.905005,0,1,0,0,0,0,0,0,0
90.914076,1,0,0,0,0,0,0,0,0
90.936950,0,0,1,0,1,0,0,1,0
90.947068,0,0,0,0,0,1,0,0,1
90.949192,0,0,0,1,0,0,1,0,0
90.960740,0,1,0,0,0,0,0,0,0
90.961749,1,0,0,0,0,0,0,0,0
90.982575,0,0,1,0,0,0,0,0,0
90.999066,0,0,0,0,1,1,0,1,1
90.999368,0,0,0,1,0,0,1,0,0
91.010407,1,0,0,0,1,0,0,1,0
91.024509,0,1,0,0,0,0,0,0,0
91.035955,0,0,1,0,0,0,0,0,0
91.038083,0,1,0,0,0,0,0,0,0
91.048210,0,0,0,1,0,0,1,0,0
91.051317,0,0,0,0,0,1,0,0,1
91.062883,1,0,0,0,1,0,0,1,0
91.091155,0,1,0,0,0,0,0,0,0
91.091214,0,0,1,0,0,0,0,0,0
91.096837,0,0,0,0,0,1,0,0,1
91.101282,0,0,0,1,0,0,1,0,0
91.115534,1,0,0,0,0,0,0,0,0
91.125274,0,0,0,0,1,0,0,1,0
91.131652,0,0,1,0,0,0,0,0,0
91.149754,0,0,0,1,0,0,1,0,0
91.149777,0,0,0,0,0,1,0,0,1
91.150974,0,1,0,0,0,0,0,0,0
91.169118,1,0,0,0,0,0,0,0,0
91.183464,0,0,1,0,1,0,0,1,0
91.198676,0,0,0,1,0,0,1,0,0
91.200010,0,0,0,0,0,1,0,0,1
91.210069,0,1,0,0,0,0,0,0,0
91.212345,1,0,0,0,1,0,0,1,0
91.238429,0,1,0,0,0,0,0,0,0
91.239107,0,0,1,0,0,0,0,0,0
91.249543,0,0,0,0,0,1,0,0,1
91.250327,0,0,0,1,0,0,1,0,0
91.264447,1,0,0,0,1,0,0,1,0
91.288591,0,0,1,0,0,0,0,0,0
91.289205,0,1,0,0,0,0,0,0,0
91.296613,0,0,0,0,0,1,0,0,1
91.301393,0,0,0,1,0,0,1,0,0
91.316673,1,0,0,0,1,0,0,1,0
91.328672,0,0,1,0,0,0,0,0,0
91.342454,0,1,0,0,0,0,0,0,0
91.349402,0,0,0,0,0,1,0,0,1
91.349763,0,0,0,1,0,0,1,0,0
91.368256,1,0,0,0,1,0,0,1,0
91.388095,0,0,1,0,0,0,0,0,0
91.393334,0,1,0,0,0,0,0,0,0
91.398825,0,0,0,0,0,1,0,0,1
91.399767,0,0,0,1,0,0,1,0,0
91.414419,1,0,0,0,1,0,0,1,0
91.434765,0,1,0,0,0,0,0,0,0
91.438085,0,0,1,0,0,0,0,0,0
91.449694,0,0,0,1,0,0,1,0,0
91.452081,0,0,0,0,0,1,0,0,1
91.462914,1,0,0,0,0,0,0,0,0
91.485313,0,0,1,0,0,0,0,0,0
91.497651,0,0,0,0,1,0,0,1,0
91.498797,0,0,0,0,0,1,0,0,1
91.499907,0,0,0,1,0,0,1,0,0
91.510937,1,0,0,0,0,0,0,0,0
91.525053,0,1,0,0,0,0,0,0,0
91.534340,0,0,1,0,1,0,0,1,0
91.549676,0,0,0,1,0,0,1,0,0
91.553423,0,0,0,0,0,1,0,0,1
91.561583,0,1,0,0,0,0,0,0,0
91.566811,1,0,0,0,1,0,0,1,0
91.591703,0,0,1,0,0,0,0,0,0
91.592892,0,1,0,0,0,0,0,0,0
91.599144,0,0,0,1,0,0,1,0,0
91.603871,0,0,0,0,0,1,0,0,1
91.616745,1,0,0,0,1,0,0,1,0
91.639149,0,0,1,0,0,0,0,0,0
91.640893,0,1,0,0,0,0,0,0,0
91.649115,0,0,0,0,0,1,0,0,1
91.650327,0,0,0,1,0,0,1,0,0
91.669455,1,0,0,0,0,0,0,0,0
91.681977,0,0,1,0,1,0,0,1,0
91.699859,0,0,0,1,0,0,1,0,0
91.700204,0,0,0,0,0,1,0,0,1
91.707957,0,1,0,0,0,0,0,0,0
91.713138,1,0,0,0,1,0,0,1,0
91.735014,0,0,1,0,0,0,0,0,0
91.738156,0,1,0,0,0,0,0,0,0
91.747187,0,0,0,0,0,1,0,0,1
91.748713,0,0,0,1,0,0,1,0,0
91.766061,1,0,0,0,0,0,0,0,0
91.784367,0,0,1,0,0,0,0,0,0
91.798555,0,0,0,0,1,1,0,1,1
91.798986,0,0,0,1,0,0,1,0,0
91.815544,1,0,0,0,1,0,0,1,0
91.824482,0,1,0,0,0,0,0,0,0
91.837321,0,0,1,0,0,0,0,0,0
91.840928,0,1,0,0,0,0,0,0,0
91.850676,0,0,0,1,0,0,1,0,0
91.852063,0,0,0,0,0,1,0,0,1
91.865408,1,0,0,0,0,0,0,0,0
91.867486,0,0,0,0,1,0,0,1,0
91.888058,0,0,1,0,0,0,0,0,0
91.888701,0,1,0,0,0,0,0,0,0
91.899214,0,0,0,0,0,1,0,0,1
91.900279,0,0,0,1,0,0,1,0,0
91.913435,1,0,0,0,1,0,0,1,0
91.937201,0,1,0,0,0,0,0,0,0
91.938355,0,0,1,0,0,0,0,0,0
91.949084,0,0,0,1,0,0,1,0,0
91.950595,0,0,0,0,0,1,0,0,1
91.965006,1,0,0,0,1,0,0,1,0
91.985036,0,1,0,0,0,0,0,0,0
91.990119,0,0,1,0,0,0,0,0,0
91.999497,0,0,0,1,0,0,1,0,0
92.000812,0,0,0,0,0,1,0,0,1
92.013341,1,0,0,0,1,0,0,1,0
92.034316,0,1,0,0,0,0,0,0,0
92.034658,0,0,1,0,0,0,0,0,0
92.050219,0,0,0,1,0,0,1,0,0
92.050926,0,0,0,0,0,1,0,0,1
92.062690,1,0,0,0,0,0,0,0,0
92.080442,0,0,0,0,1,0,0,1,0
92.084793,0,0,1,0,0,0,0,0,0
92.098410,0,0,0,1,0,0,1,0,0
92.101720,0,0,0,0,0,1,0,0,1
92.105772,0,1,0,0,0,0,0,0,0
92.111425,1,0,0,0,1,0,0,1,0
92.133123,0,1,0,0,0,0,0,0,0
92.141524,0,0,1,0,0,0,0,0,0
92.149637,0,0,0,1,0,0,1,0,0
92.150646,0,0,0,0,0,1,0,0,1
92.165643,1,0,0,0,1,0,0,1,0
92.184207,0,0,1,0,0,0,0,0,0
92.192237,0,1,0,0,0,0,0,0,0
92.197679,0,0,0,0,0,1,0,0,1
92.200513,0,0,0,1,0,0,1,0,0
92.216053,1,0,0,0,0,0,0,0,0
92.235359,0,0,1,0,1,0,0,1,0
92.246930,0,0,0,0,0,1,0,0,1
92.250545,0,0,0,1,0,0,1,0,0
92.257683,0,1,0,0,0,0,0,0,0
92.265072,1,0,0,0,0,0,0,0,0
92.283482,0,0,1,0,1,0,0,1,0
92.299979,0,0,0,1,0,0,1,0,0
92.301413,0,0,0,0,0,1,0,0,1
92.304143,0,1,0,0,0,0,0,0,0
92.311761,1,0,0,0,0,0,0,0,0
92.337212,0,0,1,0,0,0,0,0,0
92.349394,0,0,0,0,1,1,0,1,1
92.349817,0,0,0,1,0,0,1,0,0
92.365060,1,0,0,0,1,0,0,1,0
92.374019,0,1,0,0,0,0,0,0,0
92.386038,0,1,0,0,0,0,0,0,0
92.387165,0,0,1,0,0,0,0,0,0
92.401051,0,0,0,1,0,0,1,0,0
92.401087,0,0,0,0,0,1,0,0,1
92.416560,1,0,0,0,1,0,0,1,0
92.435255,0,0,1,0,0,0,0,0,0
92.440433,0,1,0,0,0,0,0,0,0
92.446315,0,0,0,0,0,1,0,0,1
92.449898,0,0,0,1,0,0,1,0,0
92.461910,1,0,0,0,1,0,0,1,0
92.478035,0,0,1,0,0,0,0,0,0
92.486201,0,1,0,0,0,0,0,0,0
92.499983,0,0,0,1,0,0,1,0,0
92.502003,0,0,0,0,0,1,0,0,1
92.513877,1,0,0,0,1,0,0,1,0
92.538417,0,0,1,0,0,0,0,0,0
92.539188,0,1,0,0,0,0,0,0,0
92.548810,0,0,0,0,0,1,0,0,1
92.550093,0,0,0,1,0,0,1,0,0
92.564675,1,0,0,0,0,0,0,0,0
92.588115,0,0,1,0,0,0,0,0,0
92.598013,0,0,0,0,0,1,0,0,1
92.599215,0,0,0,1,0,0,1,0,0
92.614677,1,0,0,0,0,0,0,0,0
92.634315,0,0,1,0,1,0,0,1,0
92.640052,0,0,0,0,1,0,0,1,0
92.649166,0,0,0,0,0,1,0,0,1
92.650693,0,0,0,1,0,0,1,0,0
92.660366,0,1,0,0,0,0,0,0,0
92.661824,0,1,0,0,0,0,0,0,0
92.665051,1,0,0,0,1,0,0,1,0
92.684340,0,0,1,0,0,0,0,0,0
92.692510,0,1,0,0,0,0,0,0,0
92.698197,0,0,0,1,0,0,1,0,0
92.698625,0,0,0,0,0,1,0,0,1
92.710855,1,0,0,0,1,0,0,1,0
92.730163,0,0,1,0,0,0,0,0,0
92.734285,0,1,0,0,0,0,0,0,0
92.750745,0,0,0,0,0,1,0,0,1
92.750926,0,0,0,1,0,0,1,0,0
92.767444,1,0,0,0,0,0,0,0,0
92.788263,0,0,1,0,1,0,0,1,0
92.798632,0,0,0,0,0,1,0,0,1
92.800278,0,0,0,1,0,0,1,0,0
92.812386,0,1,0,0,0,0,0,0,0
92.813867,1,0,0,0,0,0,0,0,0
92.832572,0,0,0,0,1,0,0,1,0
92.835604,0,0,1,0,0,0,0,0,0
92.846184,0,0,0,0,0,1,0,0,1
92.851387,0,0,0,1,0,0,1,0,0
92.861069,0,1,0,0,0,0,0,0,0
92.861489,1,0,0,0,0,0,0,0,0
92.885035,0,0,1,0,0,0,0,0,0
92.900589,0,0,0,1,1,0,1,1,0
92.901032,0,0,0,0,0,1,0,0,1
92.912621,1,0,0,0,1,0,0,1,0
92.920857,0,1,0,0,0,0,0,0,0
92.939734,0,1,0,0,0,0,0,0,0
92.940903,0,0,1,0,0,0,0,0,0
92.949853,0,0,0,1,0,0,1,0,0
92.952883,0,0,0,0,0,1,0,0,1
92.965713,1,0,0,0,0,0,0,0,0
92.989600,0,0,1,0,1,0,0,1,0
92.998592,0,0,0,0,0,1,0,0,1
92.999883,0,0,0,1,0,0,1,0,0
93.011477,1,0,0,0,0,0,0,0,0
93.013557,0,1,0,0,0,0,0,0,0
93.031216,0,0,1,0,1,0,0,1,0
93.050140,0,0,0,1,0,0,1,0,0
93.051410,0,0,0,0,0,1,0,0,1
93.059495,0,1,0,0,0,0,0,0,0
93.067599,1,0,0,0,0,0,0,0,0
93.078453,0,0,0,0,1,0,0,1,0
93.088423,0,0,1,0,0,0,0,0,0
93.098608,0,0,0,0,0,1,0,0,1
93.099297,0,0,0,1,0,0,1,0,0
93.102756,0,1,0,0,0,0,0,0,0
93.111982,1,0,0,0,0,0,0,0,0
93.131912,0,0,0,0,1,0,0,1,0
93.136448,0,0,1,0,0,0,0,0,0
93.146838,0,0,0,0,0,1,0,0,1
93.150033,0,0,0,1,0,0,1,0,0
93.156494,0,1,0,0,0,0,0,0,0
93.164295,1,0,0,0,1,0,0,1,0
93.184288,0,0,1,0,0,0,0,0,0
93.192400,0,1,0,0,0,0,0,0,0
93.201050,0,0,0,1,0,0,1,0,0
93.201102,0,0,0,0,0,1,0,0,1
93.216266,1,0,0,0,0,0,0,0,0
93.235159,0,0,1,0,1,0,0,1,0
93.248451,0,0,0,0,0,1,0,0,1
93.250096,0,0,0,1,0,0,1,0,0
93.260343,0,1,0,0,0,0,0,0,0
93.264407,1,0,0,0,0,0,0,0,0
93.268838,0,0,0,0,1,0,0,1,0
93.283010,0,0,1,0,0,0,0,0,0
93.290910,0,1,0,0,0,0,0,0,0
93.300005,0,0,0,0,0,1,0,0,1
93.301754,0,0,0,1,0,0,1,0,0
93.318637,1,0,0,0,0,0,0,0,0
93.331143,0,0,1,0,0,0,0,0,0
93.337203,0,0,0,0,1,0,0,1,0
93.348957,0,0,0,1,0,0,1,0,0
93.349569,0,0,0,0,0,1,0,0,1
93.360340,1,0,0,0,0,0,0,0,0
93.365370,0,0,0,0,1,0,0,1,0
93.366983,0,1,0,0,0,0,0,0,0
93.386814,0,0,1,0,0,0,0,0,0
93.394418,0,1,0,0,0,0,0,0,0
93.400055,0,0,0,1,0,0,1,0,0
93.402182,0,0,0,0,0,1,0,0,1
93.416409,1,0,0,0,0,0,0,0,0
93.441039,0,0,1,0,0,0,0,0,0
93.447948,0,0,0,0,0,1,0,0,1
93.449264,0,0,0,1,0,0,1,0,0
93.464547,1,0,0,0,1,0,0,1,0
93.481620,0,0,0,0,1,0,0,1,0
93.485525,0,1,0,0,0,0,0,0,0
93.486978,0,0,1,0,0,0,0,0,0
93.500920,0,0,0,1,0,0,1,0,0
93.501423,0,0,0,0,0,1,0,0,1
93.507075,0,1,0,0,0,0,0,0,0
93.512146,1,0,0,0,1,0,0,1,0
93.537861,0,0,1,0,0,0,0,0,0
93.541090,0,1,0,0,0,0,0,0,0
93.548451,0,0,0,0,0,1,0,0,1
93.550854,0,0,0,1,0,0,1,0,0
93.563328,1,0,0,0,0,0,0,0,0
93.573452,0,0,0,0,1,0,0,1,0
93.586607,0,0,1,0,0,0,0,0,0
93.596829,0,1,0,0,0,0,0,0,0
93.599704,0,0,0,0,0,1,0,0,1
93.600591,0,0,0,1,0,0,1,0,0
93.612512,1,0,0,0,1,0,0,1,0
93.637858,0,1,0,0,0,0,0,0,0
93.637918,0,0,1,0,0,0,0,0,0
93.650062,0,0,0,1,0,0,1,0,0
93.650870,0,0,0,0,0,1,0,0,1
93.669456,1,0,0,0,0,0,0,0,0
93.689049,0,0,1,0,0,0,0,0,0
93.693294,0,0,0,0,1,0,0,1,0
93.698129,0,0,0,1,0,0,1,0,0
93.698360,0,0,0,0,0,1,0,0,1
93.713417,1,0,0,0,0,0,0,0,0
93.714417,0,0,0,0,1,0,0,1,0
93.719001,0,1,0,0,0,0,0,0,0
93.734476,0,0,1,0,0,0,0,0,0
93.736400,0,1,0,0,0,0,0,0,0
93.750016,0,0,0,1,0,0,1,0,0
93.750958,0,0,0,0,0,1,0,0,1
93.767165,1,0,0,0,0,0,0,0,0
93.784966,0,0,1,0,0,0,0,0,0
93.799680,0,0,0,1,0,0,1,0,0
93.801328,0,0,0,0,1,0,0,1,0
93.802339,0,0,0,0,0,1,0,0,1
93.810514,1,0,0,0,1,0,0,1,0
93.828479,0,1,0,0,0,0,0,0,0
93.835998,0,1,0,0,0,0,0,0,0
93.838077,0,0,1,0,0,0,0,0,0
93.848996,0,0,0,0,0,1,0,0,1
93.850880,0,0,0,1,0,0,1,0,0
93.867925,1,0,0,0,0,0,0,0,0
93.886381,0,0,1,0,1,0,0,1,0
93.896364,0,0,0,0,0,1,0,0,1
93.900530,0,0,0,1,0,0,1,0,0
93.914934,0,1,0,0,0,0,0,0,0
93.916291,1,0,0,0,0,0,0,0,0
93.930610,0,0,1,0,0,0,0,0,0
93.947029,0,0,0,0,1,1,0,1,1
93.951025,0,0,0,1,0,0,1,0,0
93.965377,1,0,0,0,0,0,0,0,0
93.974052,0,1,0,0,0,0,0,0,0
93.983597,0,0,1,0,0,0,0,0,0
93.998530,0,0,0,0,0,1,0,0,1
93.999241,0,0,0,1,1,0,1,1,0
94.013287,1,0,0,0,0,0,0,0,0
94.019854,0,0,0,0,1,0,0,1,0
94.024400,0,1,0,0,0,0,0,0,0
94.034333,0,0,1,0,0,0,0,0,0
94.044911,0,1,0,0,0,0,0,0,0
94.048312,0,0,0,0,0,1,0,0,1
94.049674,0,0,0,1,0,0,1,0,0
94.068714,1,0,0,0,1,0,0,1,0
94.082611,0,0,1,0,0,0,0,0,0
94.098269,0,1,0,0,0,0,0,0,0
94.100619,0,0,0,1,0,0,1,0,0
94.101174,0,0,0,0,0,1,0,0,1
94.115674,1,0,0,0,1,0,0,1,0
94.135779,0,1,0,0,0,0,0,0,0
94.140421,0,0,1,0,0,0,0,0,0
94.148870,0,0,0,1,0,0,1,0,0
94.151751,0,0,0,0,0,1,0,0,1
94.159559,1,0,0,0,1,0,0,1,0
94.185934,0,0,1,0,0,0,0,0,0
94.186305,0,1,0,0,0,0,0,0,0
94.199915,0,0,0,1,0,0,1,0,0
94.202289,0,0,0,0,0,1,0,0,1
94.210430,1,0,0,0,1,0,0,1,0
94.235285,0,0,1,0,0,0,0,0,0
94.237199,0,1,0,0,0,0,0,0,0
94.249395,0,0,0,1,0,0,1,0,0
94.251790,0,0,0,0,0,1,0,0,1
94.267425,1,0,0,0,0,0,0,0,0
94.291416,0,0,1,0,1,0,0,1,0
94.301297,0,0,0,1,0,0,1,0,0
94.302464,0,0,0,0,0,1,0,0,1
94.313841,1,0,0,0,0,0,0,0,0
94.319168,0,1,0,0,1,0,0,1,0
94.339347,0,0,1,0,0,0,0,0,0
94.343337,0,1,0,0,0,0,0,0,0
94.346738,0,0,0,0,0,1,0,0,1
94.351382,0,0,0,1,0,0,1,0,0
94.369284,1,0,0,0,0,0,0,0,0
94.383100,0,0,1,0,1,0,0,1,0
94.399728,0,0,0,1,0,0,1,0,0
94.403135,0,0,0,0,0,1,0,0,1
94.403880,0,1,0,0,0,0,0,0,0
94.414762,1,0,0,0,1,0,0,1,0
94.440128,0,0,1,0,0,0,0,0,0
94.440157,0,1,0,0,0,0,0,0,0
94.448909,0,0,0,1,0,0,1,0,0
94.450680,0,0,0,0,0,1,0,0,1
94.459610,1,0,0,0,1,0,0,1,0
94.482230,0,0,1,0,0,0,0,0,0
94.485664,0,1,0,0,0,0,0,0,0
94.499658,0,0,0,1,0,0,1,0,0
94.502362,0,0,0,0,0,1,0,0,1
94.512066,1,0,0,0,0,0,0,0,0
94.536674,0,0,1,0,0,0,0,0,0
94.549314,0,0,0,1,1,0,1,1,0
94.551145,0,0,0,0,0,1,0,0,1
94.562676,1,0,0,0,0,0,0,0,0
94.574309,0,1,0,0,0,0,0,0,0
94.590740,0,0,1,0,0,0,0,0,0
94.597589,0,0,0,0,0,1,0,0,1
94.598752,0,0,0,1,1,0,1,1,0
94.614208,1,0,0,0,1,0,0,1,0
94.628685,0,1,0,0,0,0,0,0,0
94.628771,0,0,1,0,0,0,0,0,0
94.635490,0,1,0,0,0,0,0,0,0
94.650321,0,0,0,0,0,1,0,0,1
94.650343,0,0,0,1,0,0,1,0,0
94.663477,1,0,0,0,0,0,0,0,0
94.684632,0,0,0,0,1,0,0,1,0
94.687770,0,0,1,0,0,0,0,0,0
94.697353,0,0,0,0,0,1,0,0,1
94.701252,0,0,0,1,0,0,1,0,0
94.707180,0,1,0,0,0,0,0,0,0
94.715589,1,0,0,0,0,0,0,0,0
94.729092,0,0,1,0,1,0,0,1,0
94.751261,0,0,0,1,0,0,1,0,0
94.752220,0,0,0,0,0,1,0,0,1
94.752840,0,1,0,0,0,0,0,0,0
94.766680,1,0,0,0,1,0,0,1,0
94.787740,0,0,1,0,0,0,0,0,0
94.789086,0,1,0,0,0,0,0,0,0
94.800264,0,0,0,1,0,0,1,0,0
94.801800,0,0,0,0,0,1,0,0,1
94.810758,1,0,0,0,1,0,0,1,0
94.832878,0,1,0,0,0,0,0,0,0
94.840834,0,0,1,0,0,0,0,0,0
94.847308,0,0,0,0,0,1,0,0,1
94.850428,0,0,0,1,0,0,1,0,0
94.860462,1,0,0,0,1,0,0,1,0
94.880110,0,0,1,0,0,0,0,0,0
94.885142,0,1,0,0,0,0,0,0,0
94.898474,0,0,0,0,0,1,0,0,1
94.899152,0,0,0,1,0,0,1,0,0
94.913026,1,0,0,0,0,0,0,0,0
94.935349,0,0,1,0,1,0,0,1,0
94.947819,0,0,0,0,0,1,0,0,1
94.951809,0,0,0,1,0,0,1,0,0
94.964663,0,1,0,0,0,0,0,0,0
94.967389,1,0,0,0,1,0,0,1,0
94.987787,0,0,1,0,0,0,0,0,0
94.989400,0,1,0,0,0,0,0,0,0
95.001252,0,0,0,1,0,0,1,0,0
95.003273,0,0,0,0,0,1,0,0,1
95.018690,1,0,0,0,1,0,0,1,0
95.036856,0,0,1,0,0,0,0,0,0
95.040959,0,1,0,0,0,0,0,0,0
95.046369,0,0,0,0,0,1,0,0,1
95.049653,0,0,0,1,0,0,1,0,0
95.064308,1,0,0,0,1,0,0,1,0
95.084581,0,0,1,0,0,0,0,0,0
95.094147,0,1,0,0,0,0,0,0,0
95.098520,0,0,0,1,0,0,1,0,0
95.100030,0,0,0,0,0,1,0,0,1
95.110257,1,0,0,0,0,0,0,0,0
95.139123,0,0,1,0,0,0,0,0,0
95.147171,0,0,0,0,1,1,0,1,1
95.150845,0,0,0,1,0,0,1,0,0
95.164082,1,0,0,0,0,0,0,0,0
95.170371,0,0,0,0,1,0,0,1,0
95.173568,0,1,0,0,0,0,0,0,0
