t,finish1,finish2,finish3,release1,release2,release3,start1,start2,start3
0.000000,0,0,0,1,0,1,0,0,0
0.004410,0,0,0,0,0,0,0,0,1
0.019063,0,0,0,0,0,0,1,0,0
0.038845,1,0,0,0,1,0,0,0,0
0.041978,0,0,0,0,0,0,0,1,0
0.042045,0,0,1,0,0,0,0,0,0
0.046235,0,0,0,0,0,1,0,0,0
0.049737,0,0,0,1,0,0,0,0,0
0.051390,0,0,0,0,0,0,0,0,1
0.052728,0,0,0,0,0,0,1,0,0
0.062096,0,1,0,0,0,0,0,0,0
0.067860,1,0,0,0,1,0,0,0,0
0.067883,0,0,0,0,0,0,0,1,0
0.086875,0,0,1,0,0,0,0,0,0
0.093164,0,1,0,0,0,0,0,0,0
0.097109,0,0,0,0,0,1,0,0,0
0.099309,0,0,0,0,0,0,0,0,1
0.101022,0,0,0,1,0,0,0,0,0
0.103938,0,0,0,0,0,0,1,0,0
0.116451,1,0,0,0,0,0,0,0,0
0.134205,0,0,1,0,0,0,0,0,0
0.139028,0,0,0,0,1,0,0,0,0
0.149897,0,0,0,0,0,1,0,0,0
0.150154,0,0,0,0,0,0,0,0,1
0.150186,0,0,0,1,0,0,0,0,0
0.153303,0,0,0,0,0,0,1,0,0
0.166115,0,0,0,0,0,0,0,1,0
0.171632,1,0,0,0,0,0,0,0,0
0.174917,0,0,0,0,1,0,0,0,0
0.182669,0,0,0,0,0,0,0,1,0
0.186330,0,0,1,0,0,0,0,0,0
0.196024,0,1,0,0,0,0,0,0,0
0.196793,0,0,0,0,0,1,0,0,0
0.200627,0,0,0,1,0,0,0,0,0
0.201067,0,0,0,0,0,0,1,0,0
0.208135,0,0,0,0,0,0,0,0,1
0.212485,0,1,0,0,0,0,0,0,0
0.217081,1,0,0,0,0,0,0,0,0
0.245668,0,0,1,0,1,0,0,0,0
0.245970,0,0,0,0,0,0,0,1,0
0.246594,0,0,0,0,0,1,0,0,0
0.250889,0,0,0,1,0,0,0,0,0
0.254610,0,0,0,0,0,0,0,0,1
0.268713,0,0,0,0,0,0,1,0,0
0.272930,0,1,0,0,0,0,0,0,0
0.283438,1,0,0,0,0,0,0,0,0
0.288584,0,0,1,0,0,0,0,0,0
0.299713,0,0,0,1,1,0,0,0,0
0.302221,0,0,0,0,0,1,0,0,0
0.317205,0,0,0,0,0,0,0,1,0
0.321062,0,0,0,0,0,0,0,0,1
0.321306,0,0,0,0,0,0,1,0,0
0.333737,1,0,0,0,1,0,0,0,0
0.336098,0,0,0,0,0,0,0,1,0
0.345418,0,1,0,0,0,0,0,0,0
0.349221,0,0,0,1,0,0,0,0,0
0.350729,0,0,0,0,0,1,0,0,0
0.351927,0,0,0,0,0,0,0,0,1
0.352498,0,0,0,0,0,0,1,0,0
0.356151,0,0,1,0,0,0,0,0,0
0.356974,0,1,0,0,0,0,0,0,0
0.370085,1,0,0,0,1,0,0,0,0
0.385106,0,0,0,0,0,0,0,1,0
0.388793,0,0,1,0,0,0,0,0,0
0.396052,0,0,0,0,0,1,0,0,0
0.396662,0,0,0,0,0,0,0,0,1
0.398442,0,0,0,1,0,0,0,0,0
0.412078,0,1,0,0,0,0,0,0,0
0.419788,0,0,0,0,0,0,1,0,0
0.432936,0,0,1,0,0,0,0,0,0
0.435769,1,0,0,0,0,0,0,0,0
0.445560,0,0,0,0,1,0,0,0,0
0.449355,0,0,0,1,0,0,0,0,0
0.453981,0,0,0,0,0,1,0,0,0
0.454143,0,0,0,0,0,0,0,1,0
0.460141,0,0,0,0,0,0,0,0,1
0.465768,0,0,0,0,0,0,1,0,0
0.482999,0,1,0,0,0,0,0,0,0
0.483898,1,0,0,0,0,0,0,0,0
0.485847,0,0,0,0,1,0,0,0,0
0.489426,0,0,0,0,0,0,0,1,0
0.497867,0,0,1,0,0,0,0,0,0
0.499598,0,0,0,0,0,1,0,0,0
0.500553,0,0,0,0,0,0,0,0,1
0.501671,0,0,0,1,0,0,0,0,0
0.515262,0,1,0,0,0,0,0,0,0
0.527266,0,0,0,0,0,0,1,0,0
0.534662,0,0,1,0,0,0,0,0,0
0.546719,1,0,0,0,0,0,0,0,0
0.549157,0,0,0,0,0,1,0,0,0
0.550540,0,0,0,1,1,0,0,0,0
0.559706,0,0,0,0,0,0,1,0,0
0.567520,0,0,0,0,0,0,0,1,0
0.571076,1,0,0,0,0,0,0,0,0
0.584032,0,0,0,0,1,0,0,0,1
0.596068,0,1,0,0,0,0,0,0,0
0.598507,0,0,0,1,0,0,0,0,0
0.600126,0,0,0,0,0,0,1,0,0
0.600807,0,0,0,0,0,1,0,0,0
0.602230,0,0,0,0,0,0,0,1,0
0.607744,0,0,0,0,0,0,0,0,1
0.612004,1,0,0,0,0,0,0,0,0
0.617099,0,0,0,0,1,0,0,0,0
0.619283,0,0,1,0,0,0,0,0,0
0.620387,0,0,0,0,0,0,0,1,0
0.627381,0,1,0,0,0,0,0,0,0
0.640434,0,1,0,0,0,0,0,0,0
0.646792,0,0,1,0,0,0,0,0,0
0.649897,0,0,0,1,0,0,0,0,0
0.650957,0,0,0,0,0,1,0,0,0
0.651614,0,0,0,0,0,0,1,0,0
0.657105,0,0,0,0,0,0,0,0,1
0.667637,1,0,0,0,0,0,0,0,0
0.674108,0,0,0,0,1,0,0,0,0
0.688618,0,0,0,0,0,0,0,1,0
0.694687,0,0,1,0,0,0,0,0,0
0.700538,0,0,0,1,0,0,0,0,0
0.700644,0,0,0,0,0,1,0,0,0
0.702210,0,0,0,0,0,0,0,0,1
0.709212,0,0,0,0,0,0,1,0,0
0.709789,0,1,0,0,0,0,0,0,0
0.725498,1,0,0,0,0,0,0,0,0
0.736131,0,0,1,0,0,0,0,0,0
0.743544,0,0,0,0,1,0,0,0,0
0.747682,0,0,0,0,0,1,0,0,0
0.747758,0,0,0,0,0,0,0,1,0
0.749819,0,0,0,1,0,0,0,0,0
0.750149,0,0,0,0,0,0,0,0,1
0.750562,0,0,0,0,0,0,1,0,0
0.763999,1,0,0,0,1,0,0,0,0
0.766979,0,0,0,0,0,0,0,1,0
0.770306,0,1,0,0,0,0,0,0,0
0.780659,0,0,1,0,0,0,0,0,0
0.791176,0,1,0,0,0,0,0,0,0
0.800374,0,0,0,1,0,0,0,0,0
0.800495,0,0,0,0,0,1,0,0,0
0.803935,0,0,0,0,0,0,1,0,0
0.814312,0,0,0,0,0,0,0,0,1
0.820896,1,0,0,0,0,0,0,0,0
0.848635,0,0,0,1,0,0,0,0,0
0.849118,0,0,0,0,1,0,0,0,0
0.849452,0,0,0,0,0,0,0,1,0
0.849601,0,0,1,0,0,0,0,0,0
0.853993,0,0,0,0,0,1,0,0,0
0.856270,0,0,0,0,0,0,0,0,1
0.866587,0,0,0,0,0,0,1,0,0
0.872572,0,1,0,0,0,0,0,0,0
0.879329,1,0,0,0,1,0,0,0,0
0.884775,0,0,0,0,0,0,0,1,0
0.892659,0,0,1,0,0,0,0,0,0
0.897570,0,0,0,0,0,1,0,0,0
0.898374,0,0,0,1,0,0,0,0,0
0.904512,0,0,0,0,0,0,1,0,0
0.905052,0,0,0,0,0,0,0,0,1
0.907014,0,1,0,0,0,0,0,0,0
0.920109,1,0,0,0,0,0,0,0,0
0.940979,0,0,1,0,0,0,0,0,0
0.942859,0,0,0,0,1,0,0,0,0
0.944338,0,0,0,0,0,0,0,1,0
0.947942,0,0,0,0,0,1,0,0,0
0.948464,0,0,0,0,0,0,0,0,1
0.948544,0,0,0,1,0,0,0,0,0
0.958050,0,0,0,0,0,0,1,0,0
0.967036,0,1,0,0,0,0,0,0,0
0.972466,1,0,0,0,0,0,0,0,0
0.986722,0,0,1,0,1,0,0,0,0
0.993500,0,0,0,0,0,0,0,1,0
0.999272,0,0,0,0,0,1,0,0,0
1.000317,0,0,0,1,0,0,0,0,0
1.000320,0,0,0,0,0,0,0,0,1
1.005316,0,0,0,0,0,0,1,0,0
1.015933,0,1,0,0,0,0,0,0,0
1.018391,1,0,0,0,0,0,0,0,0
1.036096,0,0,1,0,1,0,0,0,0
1.038781,0,0,0,0,0,0,0,1,0
1.047026,0,0,0,0,0,1,0,0,0
1.050171,0,0,0,0,0,0,0,0,1
1.050563,0,0,0,1,0,0,0,0,0
1.054428,0,0,0,0,0,0,1,0,0
1.063147,0,1,0,0,0,0,0,0,0
1.067310,1,0,0,0,0,0,0,0,0
1.085342,0,0,1,0,0,0,0,0,0
1.093482,0,0,0,0,1,0,0,0,0
1.098152,0,0,0,0,0,0,0,1,0
1.098514,0,0,0,1,0,0,0,0,0
1.099913,0,0,0,0,0,0,1,0,0
1.101792,0,0,0,0,0,1,0,0,0
1.110453,1,0,0,0,0,0,0,0,0
1.111613,0,0,0,0,1,0,0,0,0
1.112846,0,0,0,0,0,0,0,0,1
1.126713,0,1,0,0,0,0,0,0,0
1.138259,0,0,0,0,0,0,0,1,0
1.150491,0,0,0,0,0,1,0,0,0
1.151794,0,0,0,1,0,0,0,0,0
1.152248,0,0,1,0,0,0,0,0,0
1.157867,0,0,0,0,0,0,0,0,1
1.165686,0,1,0,0,0,0,0,0,0
1.180962,0,0,0,0,0,0,1,0,0
1.195242,0,0,1,0,0,0,0,0,0
1.196409,1,0,0,0,0,0,0,0,0
1.197291,0,0,0,0,0,1,0,0,0
1.199117,0,0,0,1,1,0,0,0,0
1.211952,0,0,0,0,0,0,1,0,0
1.212259,0,0,0,0,0,0,0,0,1
1.216771,0,0,0,0,0,0,0,1,0
1.222560,1,0,0,0,1,0,0,0,0
1.223764,0,0,0,0,0,0,0,1,0
1.238692,0,1,0,0,0,0,0,0,0
1.243695,0,0,1,0,0,0,0,0,0
1.246979,0,1,0,0,0,0,0,0,0
1.248941,0,0,0,0,0,1,0,0,0
1.249616,0,0,0,1,0,0,0,0,0
1.250405,0,0,0,0,0,0,1,0,0
1.266198,0,0,0,0,0,0,0,0,1
1.266900,1,0,0,0,1,0,0,0,0
1.287568,0,0,0,0,0,0,0,1,0
1.298916,0,0,0,0,0,1,0,0,0
1.299803,0,0,0,1,0,0,0,0,0
1.300331,0,0,0,0,0,0,0,0,1
1.300639,0,0,1,0,0,0,0,0,0
1.305732,0,0,0,0,0,0,1,0,0
1.313066,0,1,0,0,0,0,0,0,0
1.323125,1,0,0,0,0,0,0,0,0
1.333242,0,0,0,0,1,0,0,0,0
1.333822,0,0,0,0,0,0,0,1,0
1.335527,0,0,1,0,0,0,0,0,0
1.347640,0,0,0,0,0,1,0,0,0
1.348148,0,0,0,1,0,0,0,0,0
1.348883,0,0,0,0,0,0,1,0,0
1.352186,0,0,0,0,0,0,0,0,1
1.354114,0,1,0,0,0,0,0,0,0
1.360935,1,0,0,0,1,0,0,0,0
1.373710,0,0,0,0,0,0,0,1,0
1.388279,0,0,1,0,0,0,0,0,0
1.398029,0,0,0,0,0,1,0,0,0
1.399254,0,0,0,1,0,0,0,0,0
1.400894,0,0,0,0,0,0,0,0,1
1.402809,0,1,0,0,0,0,0,0,0
1.433044,0,0,1,0,0,0,0,0,0
1.446719,0,0,0,0,0,0,1,0,0
1.450890,0,0,0,1,0,0,0,0,0
1.453919,0,0,0,0,0,1,0,0,0
1.454120,0,0,0,0,0,0,0,0,1
1.457390,0,0,0,0,0,0,1,0,0
1.459409,1,0,0,0,1,0,0,0,0
1.469415,1,0,0,0,1,0,0,0,0
1.482380,0,0,0,0,0,0,0,1,0
1.488373,0,0,1,0,0,0,0,0,0
1.499227,0,0,0,1,0,0,0,0,0
1.499457,0,0,0,0,0,0,0,1,0
1.499579,0,0,0,0,0,1,0,0,0
1.503516,0,0,0,0,0,0,0,0,1
1.504978,0,1,0,0,0,0,0,0,0
1.515675,0,0,0,0,0,0,1,0,0
1.526002,0,1,0,0,0,0,0,0,0
1.530058,1,0,0,0,0,0,0,0,0
1.533398,0,0,0,0,1,0,0,0,0
1.539698,0,0,1,0,0,0,0,0,0
1.544985,0,0,0,0,0,0,0,1,0
1.548394,0,0,0,0,0,1,0,0,0
1.550599,0,0,0,1,0,0,0,0,0
1.553321,0,0,0,0,0,0,1,0,0
1.568400,1,0,0,0,1,0,0,0,0
1.570793,0,1,0,0,0,0,0,0,0
1.577313,0,0,0,0,0,0,0,1,0
1.578718,0,0,0,0,0,0,0,0,1
1.599001,0,0,0,1,0,0,0,0,0
1.599633,0,1,0,0,0,0,0,0,0
1.602264,0,0,0,0,0,1,0,0,0
1.604880,0,0,0,0,0,0,0,0,1
1.614316,0,0,1,0,0,0,0,0,0
1.618362,0,0,0,0,0,0,1,0,0
1.631054,1,0,0,0,0,0,0,0,0
1.634227,0,0,0,0,1,0,0,0,0
1.635529,0,0,0,0,0,0,0,1,0
1.635866,0,0,1,0,0,0,0,0,0
1.648288,0,0,0,0,0,1,0,0,0
1.648629,0,0,0,1,0,0,0,0,0
1.649316,0,0,0,0,0,0,0,0,1
1.650833,0,0,0,0,0,0,1,0,0
1.661898,0,1,0,0,0,0,0,0,0
1.665668,1,0,0,0,0,0,0,0,0
1.680678,0,0,1,0,0,0,0,0,0
1.698179,0,0,0,1,1,0,0,0,0
1.699615,0,0,0,0,0,0,1,0,0
1.700085,0,0,0,0,0,0,0,1,0
1.702718,0,0,0,0,0,1,0,0,0
1.712595,1,0,0,0,0,0,0,0,0
1.724868,0,1,0,0,1,0,0,0,0
1.749360,0,0,0,0,0,0,0,0,1
1.750722,0,0,0,0,0,0,0,1,0
1.750812,0,0,0,1,0,0,0,0,0
1.750910,0,0,0,0,0,1,0,0,0
1.754234,0,0,0,0,0,0,0,0,1
1.772093,0,1,0,0,0,0,0,0,0
1.779497,0,0,1,0,0,0,0,0,0
1.786348,0,0,1,0,0,0,0,0,0
1.799207,0,0,0,1,0,0,0,0,0
1.800502,0,0,0,0,0,0,1,0,0
1.802060,0,0,0,0,0,1,0,0,0
1.805216,0,0,0,0,0,0,1,0,0
1.816856,1,0,0,0,1,0,0,0,0
1.817575,1,0,0,0,0,0,0,0,0
1.821151,0,0,0,0,1,0,0,0,1
1.828187,0,0,0,0,0,0,0,1,0
1.832675,0,0,0,0,0,0,0,1,0
1.847410,0,0,0,0,0,1,0,0,0
1.849433,0,0,0,1,0,0,0,0,0
1.850086,0,0,0,0,0,0,1,0,0
1.857542,0,1,0,0,0,0,0,0,0
1.857629,0,1,0,0,0,0,0,0,0
1.859668,0,0,1,0,0,0,0,0,0
1.860025,0,0,0,0,0,0,0,0,1
1.861199,1,0,0,0,0,0,0,0,0
1.893947,0,0,1,0,0,0,0,0,0
1.899713,0,0,0,1,0,0,0,0,0
1.902616,0,0,0,0,1,1,0,0,0
1.903692,0,0,0,0,0,0,0,0,1
1.906952,0,0,0,0,0,0,0,1,0
1.915916,0,0,0,0,0,0,1,0,0
1.930878,1,0,0,0,1,0,0,0,0
1.936664,0,1,0,0,0,0,0,0,0
1.937628,0,0,0,0,0,0,0,1,0
1.941455,0,0,1,0,0,0,0,0,0
1.949220,0,0,0,1,0,0,0,0,0
1.950788,0,0,0,0,0,1,0,0,0
1.960404,0,0,0,0,0,0,0,0,1
1.961682,0,1,0,0,0,0,0,0,0
1.976979,0,0,0,0,0,0,1,0,0
1.993833,0,0,1,0,0,0,0,0,0
1.995613,1,0,0,0,0,0,0,0,0
1.996048,0,0,0,0,1,1,0,0,0
2.000298,0,0,0,1,0,0,0,0,0
2.006902,0,0,0,0,0,0,0,0,1
2.026393,0,0,0,0,0,0,0,1,0
2.045135,0,0,1,0,0,0,0,0,0
2.049605,0,0,0,1,0,0,0,0,0
2.050962,0,1,0,0,0,0,0,0,0
2.051649,0,0,0,0,0,0,1,0,0
2.053308,0,0,0,0,0,1,0,0,0
2.055251,0,0,0,0,0,0,1,0,0
2.063062,1,0,0,0,1,0,0,0,0
2.066331,1,0,0,0,1,0,0,0,0
2.067727,0,0,0,0,0,0,0,0,1
2.072433,0,0,0,0,0,0,0,1,0
2.073290,0,0,0,0,0,0,0,1,0
2.096339,0,1,0,0,0,0,0,0,0
2.098047,0,0,0,1,0,0,0,0,0
2.099501,0,0,0,0,0,1,0,0,0
2.102221,0,1,0,0,0,0,0,0,0
2.106063,0,0,1,0,0,0,0,0,0
2.132913,0,0,0,0,0,0,1,0,0
2.144081,0,0,0,0,0,0,0,0,1
2.144285,1,0,0,0,0,0,0,0,0
2.145780,0,0,0,0,1,0,0,0,0
2.148699,0,0,0,0,0,1,0,0,0
2.149439,0,0,0,0,0,0,0,1,0
2.149577,0,0,0,1,0,0,0,0,0
2.151397,0,0,0,0,0,0,0,0,1
2.153000,0,0,0,0,0,0,1,0,0
2.169246,1,0,0,0,0,0,0,0,0
2.169349,0,0,0,0,1,0,0,0,0
2.169452,0,1,0,0,0,0,0,0,0
2.178993,0,0,1,0,0,0,0,0,0
2.184031,0,0,0,0,0,0,0,1,0
2.186469,0,0,1,0,0,0,0,0,0
2.200377,0,0,0,1,0,0,0,0,0
2.202313,0,0,0,0,0,0,1,0,0
2.202609,0,0,0,0,0,1,0,0,0
2.208148,0,0,0,0,0,0,0,0,1
2.209461,0,1,0,0,0,0,0,0,0
2.219037,1,0,0,0,1,0,0,0,0
2.225986,0,0,0,0,0,0,0,1,0
2.240163,0,0,1,0,0,0,0,0,0
2.246186,0,0,0,0,0,1,0,0,0
2.247492,0,1,0,0,0,0,0,0,0
2.248776,0,0,0,1,0,0,0,0,0
2.257319,0,0,0,0,0,0,0,0,1
2.263708,0,0,0,0,0,0,1,0,0
2.277698,1,0,0,0,1,0,0,0,0
2.280746,0,0,0,0,0,0,0,1,0
2.296247,0,0,1,0,0,0,0,0,0
2.300688,0,0,0,1,0,0,0,0,0
2.301599,0,0,0,0,0,1,0,0,0
2.302312,0,0,0,0,0,0,1,0,0
2.304721,0,1,0,0,0,0,0,0,0
2.308117,0,0,0,0,0,0,0,0,1
2.321487,1,0,0,0,1,0,0,0,0
2.322325,0,0,0,0,0,0,0,1,0
2.342642,0,1,0,0,0,0,0,0,0
2.343311,0,0,1,0,0,0,0,0,0
2.349690,0,0,0,1,0,0,0,0,0
2.353112,0,0,0,0,0,1,0,0,0
2.354014,0,0,0,0,0,0,1,0,0
2.361907,0,0,0,0,0,0,0,0,1
2.371099,1,0,0,0,1,0,0,0,0
2.388621,0,0,0,0,0,0,0,1,0
2.393376,0,0,1,0,0,0,0,0,0
2.400872,0,0,0,0,0,1,0,0,0
2.401415,0,0,0,1,0,0,0,0,0
2.402148,0,0,0,0,0,0,1,0,0
2.411428,0,1,0,0,0,0,0,0,0
2.413637,0,0,0,0,0,0,0,0,1
2.418552,1,0,0,0,0,0,0,0,0
2.447769,0,0,0,0,0,1,0,0,0
2.449556,0,0,0,0,1,0,0,0,0
2.450631,0,0,0,1,0,0,0,0,0
2.451308,0,0,1,0,0,0,0,0,0
2.456464,0,0,0,0,0,0,1,0,0
2.457875,0,0,0,0,0,0,0,1,0
2.459269,0,0,0,0,0,0,0,0,1
2.472342,1,0,0,0,1,0,0,0,0
2.473498,0,0,0,0,0,0,0,1,0
2.481630,0,1,0,0,0,0,0,0,0
2.493951,0,0,1,0,0,0,0,0,0
2.494277,0,1,0,0,0,0,0,0,0
2.499735,0,0,0,1,0,0,0,0,0
2.503225,0,0,0,0,0,1,0,0,0
2.503321,0,0,0,0,0,0,1,0,0
2.509119,0,0,0,0,0,0,0,0,1
2.517015,1,0,0,0,1,0,0,0,0
2.519173,0,0,0,0,0,0,0,1,0
2.545632,0,0,1,0,0,0,0,0,0
2.548191,0,1,0,0,0,0,0,0,0
2.548693,0,0,0,1,0,0,0,0,0
2.549866,0,0,0,0,0,1,0,0,0
2.552232,0,0,0,0,0,0,1,0,0
2.555335,0,0,0,0,0,0,0,0,1
2.567007,1,0,0,0,1,0,0,0,0
2.574713,0,0,0,0,0,0,0,1,0
2.588354,0,0,1,0,0,0,0,0,0
2.599217,0,0,0,1,0,0,0,0,0
2.599409,0,0,0,0,0,1,0,0,0
2.600931,0,1,0,0,0,0,0,0,0
2.601871,0,0,0,0,0,0,0,0,1
2.603630,0,0,0,0,0,0,1,0,0
2.620520,1,0,0,0,0,0,0,0,0
2.636266,0,0,1,0,1,0,0,0,0
2.642999,0,0,0,0,0,0,0,1,0
2.649917,0,0,0,1,0,0,0,0,0
2.653462,0,0,0,0,0,1,0,0,0
2.657110,0,0,0,0,0,0,0,0,1
2.661211,0,0,0,0,0,0,1,0,0
2.663379,0,1,0,0,0,0,0,0,0
2.678003,1,0,0,0,1,0,0,0,0
2.678049,0,0,0,0,0,0,0,1,0
2.691240,0,0,1,0,0,0,0,0,0
2.698064,0,0,0,1,0,0,0,0,0
2.700891,0,0,0,0,0,0,1,0,0
2.701342,0,1,0,0,0,0,0,0,0
2.701552,0,0,0,0,0,1,0,0,0
2.713442,1,0,0,0,1,0,0,0,0
2.714740,0,0,0,0,0,0,0,0,1
2.724881,0,0,0,0,0,0,0,1,0
2.747707,0,1,0,0,0,0,0,0,0
2.748684,0,0,0,0,0,1,0,0,0
2.749255,0,0,0,1,0,0,0,0,0
2.751227,0,0,1,0,0,0,0,0,0
2.757986,0,0,0,0,0,0,1,0,0
2.772501,1,0,0,0,1,0,0,0,0
2.773377,0,0,0,0,0,0,0,0,1
2.775073,0,0,0,0,0,0,0,1,0
2.796700,0,1,0,0,0,0,0,0,0
2.798883,0,0,0,0,0,1,0,0,0
2.801683,0,0,0,1,0,0,0,0,0
2.802291,0,0,0,0,0,0,1,0,0
2.809572,0,0,1,0,0,0,0,0,0
2.812809,0,0,0,0,0,0,0,0,1
2.817075,1,0,0,0,0,0,0,0,0
2.845147,0,0,0,0,1,0,0,0,0
2.849373,0,0,0,1,0,0,0,0,0
2.849607,0,0,0,0,0,0,0,1,0
2.849844,0,0,0,0,0,1,0,0,0
2.851149,0,0,1,0,0,0,0,0,0
2.859989,0,0,0,0,0,0,1,0,0
2.860949,0,0,0,0,0,0,0,0,1
2.871775,0,1,0,0,0,0,0,0,0
2.874746,1,0,0,0,1,0,0,0,0
2.875338,0,0,0,0,0,0,0,1,0
2.895511,0,1,0,0,0,0,0,0,0
2.898015,0,0,1,0,0,0,0,0,0
2.900678,0,0,0,1,0,0,0,0,0
2.902408,0,0,0,0,0,1,0,0,0
2.902996,0,0,0,0,0,0,0,0,1
2.909637,0,0,0,0,0,0,1,0,0
2.923525,1,0,0,0,0,0,0,0,0
2.938215,0,0,1,0,0,0,0,0,0
2.942728,0,0,0,0,1,0,0,0,0
2.950915,0,0,0,1,0,0,0,0,0
2.951112,0,0,0,0,0,0,0,1,0
2.952544,0,0,0,0,0,0,1,0,0
2.953559,0,0,0,0,0,1,0,0,0
2.954349,0,0,0,0,0,0,0,0,1
2.967197,1,0,0,0,1,0,0,0,0
2.970861,0,0,0,0,0,0,0,1,0
2.979261,0,1,0,0,0,0,0,0,0
2.987887,0,0,1,0,0,0,0,0,0
2.996564,0,0,0,0,0,1,0,0,0
2.998396,0,1,0,0,0,0,0,0,0
2.999084,0,0,0,1,0,0,0,0,0
3.001981,0,0,0,0,0,0,1,0,0
3.013141,0,0,0,0,0,0,0,0,1
3.018368,1,0,0,0,0,0,0,0,0
3.049475,0,0,0,1,1,0,0,0,0
3.049922,0,0,0,0,0,1,0,0,0
3.051964,0,0,1,0,0,0,0,0,0
3.055273,0,0,0,0,0,0,0,0,1
3.062543,0,0,0,0,0,0,1,0,0
3.063927,0,0,0,0,0,0,0,1,0
3.077086,1,0,0,0,1,0,0,0,0
3.085542,0,1,0,0,0,0,0,0,0
3.087159,0,0,0,0,0,0,0,1,0
3.091812,0,0,1,0,0,0,0,0,0
3.099384,0,0,0,0,0,1,0,0,0
3.099823,0,0,0,1,0,0,0,0,0
3.099872,0,0,0,0,0,0,0,0,1
3.102411,0,0,0,0,0,0,1,0,0
3.113632,0,1,0,0,0,0,0,0,0
3.120596,1,0,0,0,1,0,0,0,0
3.125277,0,0,0,0,0,0,0,1,0
3.136958,0,0,1,0,0,0,0,0,0
3.147843,0,1,0,0,0,0,0,0,0
3.150906,0,0,0,1,0,0,0,0,0
3.152232,0,0,0,0,0,0,1,0,0
3.153212,0,0,0,0,0,1,0,0,0
3.165531,0,0,0,0,0,0,0,0,1
3.167828,1,0,0,0,1,0,0,0,0
3.172799,0,0,0,0,0,0,0,1,0
3.194702,0,1,0,0,0,0,0,0,0
3.200913,0,0,0,1,0,0,0,0,0
3.201444,0,0,1,0,0,0,0,0,0
3.202624,0,0,0,0,0,1,0,0,0
3.203321,0,0,0,0,0,0,0,0,1
3.205998,0,0,0,0,0,0,1,0,0
3.222450,1,0,0,0,0,0,0,0,0
3.240015,0,0,1,0,1,0,0,0,0
3.249084,0,0,0,1,0,0,0,0,0
3.251172,0,0,0,0,0,0,1,0,0
3.253778,0,0,0,0,0,1,0,0,0
3.256316,0,0,0,0,0,0,0,0,1
3.269452,1,0,0,0,0,0,0,0,0
3.273877,0,0,0,0,1,0,0,1,0
3.280295,0,0,0,0,0,0,0,1,0
3.288804,0,0,1,0,0,0,0,0,0
3.294061,0,1,0,0,0,0,0,0,0
3.299408,0,0,0,1,0,0,0,0,0
3.299452,0,0,0,0,0,1,0,0,0
3.305804,0,0,0,0,0,0,0,0,1
3.305935,0,0,0,0,0,0,1,0,0
3.308238,0,1,0,0,0,0,0,0,0
3.320712,1,0,0,0,1,0,0,0,0
3.327975,0,0,0,0,0,0,0,1,0
3.345454,0,0,1,0,0,0,0,0,0
3.349569,0,0,0,0,0,1,0,0,0
3.349579,0,0,0,1,0,0,0,0,0
3.352629,0,0,0,0,0,0,0,0,1
3.353869,0,1,0,0,0,0,0,0,0
3.357225,0,0,0,0,0,0,1,0,0
3.373196,1,0,0,0,1,0,0,0,0
3.374448,0,0,0,0,0,0,0,1,0
3.390683,0,0,1,0,0,0,0,0,0
3.398981,0,1,0,0,0,0,0,0,0
3.399725,0,0,0,1,0,0,0,0,0
3.402161,0,0,0,0,0,1,0,0,0
3.409341,0,0,0,0,0,0,1,0,0
3.411623,0,0,0,0,0,0,0,0,1
3.424568,1,0,0,0,1,0,0,0,0
3.448166,0,0,1,0,0,0,0,0,0
3.450048,0,0,0,1,0,0,0,0,0
3.451342,0,0,0,0,0,0,0,1,0
3.451562,0,0,0,0,0,1,0,0,0
3.454516,0,0,0,0,0,0,1,0,0
3.454627,0,0,0,0,0,0,0,0,1
3.474281,1,0,0,0,1,0,0,0,0
3.479270,0,1,0,0,0,0,0,0,0
3.485955,0,0,1,0,0,0,0,0,0
3.490491,0,0,0,0,0,0,0,1,0
3.499961,0,0,0,0,0,1,0,0,0
3.501795,0,0,0,1,0,0,0,0,0
3.513357,0,0,0,0,0,0,1,0,0
3.514109,0,1,0,0,0,0,0,0,0
3.527663,1,0,0,0,1,0,0,0,0
3.539056,0,0,0,0,0,0,0,0,1
3.546268,0,0,0,0,0,1,0,0,0
3.550675,0,0,0,1,0,0,0,0,0
3.553910,0,0,0,0,0,0,0,0,1
3.556026,0,0,0,0,0,0,1,0,0
3.567385,0,0,0,0,0,0,0,1,0
3.572675,1,0,0,0,0,0,0,0,0
3.575031,0,0,0,0,1,0,0,0,0
3.577061,0,0,1,0,0,0,0,0,0
3.579554,0,0,0,0,0,0,0,1,0
3.588551,0,1,0,0,0,0,0,0,0
3.591380,0,0,1,0,0,0,0,0,0
3.598845,0,0,0,1,0,0,0,0,0
3.599622,0,1,0,0,0,0,0,0,0
3.601813,0,0,0,0,0,1,0,0,0
3.615212,0,0,0,0,0,0,1,0,0
3.631240,1,0,0,0,1,0,0,0,0
3.637626,0,0,0,0,0,0,0,0,1
3.638194,0,0,0,0,0,0,0,1,0
3.648895,0,0,0,1,0,0,0,0,0
3.651537,0,0,0,0,0,1,0,0,0
3.654634,0,0,0,0,0,0,0,0,1
3.659751,0,0,0,0,0,0,1,0,0
3.662238,0,1,0,0,0,0,0,0,0
3.672912,1,0,0,0,0,0,0,0,0
3.676659,0,0,1,0,0,0,0,0,0
3.685008,0,0,1,0,0,0,0,0,0
3.700516,0,0,0,1,0,0,0,0,0
3.702316,0,0,0,0,0,1,0,0,0
3.704177,0,0,0,0,1,0,0,0,1
3.708095,0,0,0,0,0,0,1,0,0
3.710027,0,0,0,0,0,0,0,1,0
3.722061,1,0,0,0,1,0,0,0,0
3.730650,0,1,0,0,0,0,0,0,0
3.739893,0,0,0,0,0,0,0,1,0
3.740464,0,0,1,0,0,0,0,0,0
3.748509,0,0,0,0,0,1,0,0,0
3.749819,0,0,0,1,0,0,0,0,0
3.752964,0,0,0,0,0,0,0,0,1
3.764335,0,0,0,0,0,0,1,0,0
3.767317,0,1,0,0,0,0,0,0,0
3.778739,1,0,0,0,0,0,0,0,0
3.779739,0,0,0,0,1,0,0,0,0
3.781452,0,0,0,0,0,0,0,1,0
3.792476,0,0,1,0,0,0,0,0,0
3.799246,0,0,0,0,0,1,0,0,0
3.800081,0,0,0,1,0,0,0,0,0
3.804835,0,1,0,0,0,0,0,0,0
3.806520,0,0,0,0,0,0,1,0,0
3.821228,1,0,0,0,0,0,0,0,0
3.823129,0,0,0,0,1,0,0,0,0
3.832060,0,0,0,0,0,0,0,1,0
3.836873,0,0,0,0,0,0,0,0,1
3.850255,0,0,0,1,0,0,0,0,0
3.852446,0,0,0,0,0,1,0,0,0
3.852717,0,0,0,0,0,0,0,0,1
3.856984,0,1,0,0,0,0,0,0,0
3.859046,0,0,0,0,0,0,1,0,0
3.870729,1,0,0,0,0,0,0,0,0
3.871091,0,0,0,0,1,0,0,0,0
3.871452,0,0,1,0,0,0,0,0,0
3.872886,0,0,0,0,0,0,0,1,0
3.891714,0,0,1,0,0,0,0,0,0
3.898475,0,0,0,1,0,0,0,0,0
3.899158,0,1,0,0,0,0,0,0,0
3.901057,0,0,0,0,0,1,0,0,0
3.903579,0,0,0,0,0,0,1,0,0
3.907060,0,0,0,0,0,0,0,0,1
3.915617,1,0,0,0,0,0,0,0,0
3.943097,0,0,1,0,0,0,0,0,0
3.950233,0,0,0,1,1,0,0,0,0
3.950748,0,0,0,0,0,1,0,0,0
3.953612,0,0,0,0,0,0,0,1,0
3.958621,0,0,0,0,0,0,0,0,1
3.968072,0,0,0,0,0,0,1,0,0
3.975667,0,1,0,0,0,0,0,0,0
3.986249,1,0,0,0,1,0,0,0,0
3.988437,0,0,0,0,0,0,0,1,0
3.992241,0,0,1,0,0,0,0,0,0
4.000114,0,0,0,0,0,1,0,0,0
4.001313,0,0,0,1,0,0,0,0,0
4.010467,0,1,0,0,0,0,0,0,0
4.012094,0,0,0,0,0,0,0,0,1
4.040075,0,0,0,0,0,0,1,0,0
4.046930,0,0,1,0,0,0,0,0,0
4.048645,0,0,0,0,0,1,0,0,0
4.049684,0,0,0,0,0,0,0,0,1
4.050317,0,0,0,1,0,0,0,0,0
4.051401,1,0,0,0,1,0,0,0,0
4.052113,0,0,0,0,0,0,0,1,0
4.063709,0,0,0,0,0,0,1,0,0
4.077786,1,0,0,0,1,0,0,0,0
4.081721,0,1,0,0,0,0,0,0,0
4.086780,0,0,1,0,0,0,0,0,0
4.098373,0,0,0,0,0,1,0,0,0
4.098472,0,0,0,1,0,0,0,0,0
4.098693,0,0,0,0,0,0,0,0,1
4.098984,0,0,0,0,0,0,1,0,0
4.107234,0,0,0,0,0,0,0,1,0
4.110698,1,0,0,0,1,0,0,0,0
4.131308,0,0,1,0,0,0,0,0,0
4.134780,0,1,0,0,0,0,0,0,0
4.139123,0,0,0,0,0,0,0,1,0
4.149663,0,0,0,1,0,0,0,0,0
4.151574,0,0,0,0,0,1,0,0,0
4.160355,0,0,0,0,0,0,0,0,1
4.163128,0,1,0,0,0,0,0,0,0
4.165148,0,0,0,0,0,0,1,0,0
4.176498,1,0,0,0,0,0,0,0,0
4.198924,0,0,1,0,0,0,0,0,0
4.200240,0,0,0,1,0,0,0,0,0
4.202378,0,0,0,0,0,0,1,0,0
4.203839,0,0,0,0,0,1,0,0,0
4.210800,0,0,0,0,1,0,0,0,0
4.214412,0,0,0,0,0,0,0,1,0
4.218387,0,0,0,0,0,0,0,0,1
4.219256,1,0,0,0,1,0,0,0,0
4.220892,0,0,0,0,0,0,0,1,0
4.241922,0,1,0,0,0,0,0,0,0
4.242229,0,1,0,0,0,0,0,0,0
4.250318,0,0,0,0,0,1,0,0,0
4.250459,0,0,1,0,0,0,0,0,0
4.250768,0,0,0,1,0,0,0,0,0
4.260991,0,0,0,0,0,0,0,0,1
4.284499,0,0,0,0,0,0,1,0,0
4.298982,0,0,1,0,0,0,0,0,0
4.299644,1,0,0,0,1,0,0,0,0
4.299719,0,0,0,1,0,0,0,0,0
4.300742,0,0,0,0,0,1,0,0,0
4.301376,0,0,0,0,0,0,1,0,0
4.301927,0,0,0,0,0,0,0,0,1
4.312443,1,0,0,0,0,0,0,0,0
4.314155,0,0,0,0,1,0,0,1,0
4.314176,0,0,0,0,0,0,0,1,0
4.336990,0,1,0,0,0,0,0,0,0
4.340256,0,0,1,0,0,0,0,0,0
4.341463,0,1,0,0,0,0,0,0,0
4.347468,0,0,0,0,0,1,0,0,0
4.348554,0,0,0,1,0,0,0,0,0
4.351222,0,0,0,0,0,0,1,0,0
4.354214,0,0,0,0,0,0,0,0,1
4.365905,1,0,0,0,0,0,0,0,0
4.391137,0,0,1,0,1,0,0,0,0
4.399626,0,0,0,1,0,0,0,0,0
4.400631,0,0,0,0,0,0,0,1,0
4.400907,0,0,0,0,0,0,1,0,0
4.403003,0,0,0,0,0,1,0,0,0
4.410076,0,0,0,0,0,0,0,0,1
4.416212,1,0,0,0,0,0,0,0,0
4.424691,0,1,0,0,0,0,0,0,0
4.448043,0,0,1,0,1,0,0,0,0
4.449935,0,0,0,1,0,0,0,0,0
4.450196,0,0,0,0,0,0,1,0,0
4.452694,0,0,0,0,0,1,0,0,0
4.459135,0,0,0,0,0,0,0,0,1
4.467961,1,0,0,0,1,0,0,0,0
4.484585,0,0,0,0,0,0,0,1,0
4.486339,0,0,0,0,0,0,0,1,0
4.492008,0,0,1,0,0,0,0,0,0
4.500036,0,0,0,1,0,0,0,0,0
4.500595,0,0,0,0,0,1,0,0,0
4.502109,0,0,0,0,0,0,1,0,0
4.503922,0,0,0,0,0,0,0,0,1
4.505642,0,1,0,0,0,0,0,0,0
4.508080,0,1,0,0,0,0,0,0,0
4.517733,1,0,0,0,1,0,0,0,0
4.529764,0,0,0,0,0,0,0,1,0
4.535704,0,0,1,0,0,0,0,0,0
4.551029,0,0,0,1,0,0,0,0,0
4.551109,0,0,0,0,0,1,0,0,0
4.556614,0,1,0,0,0,0,0,0,0
4.559179,0,0,0,0,0,0,1,0,0
4.561520,0,0,0,0,0,0,0,0,1
4.575883,1,0,0,0,1,0,0,0,0
4.589014,0,0,0,0,0,0,0,1,0
4.597164,0,0,0,0,0,1,0,0,0
4.599502,0,0,0,0,0,0,0,0,1
4.600795,0,0,1,0,0,0,0,0,0
4.601567,0,0,0,1,0,0,0,0,0
4.606653,0,0,0,0,0,0,1,0,0
4.609986,0,1,0,0,0,0,0,0,0
4.616843,1,0,0,0,1,0,0,0,0
4.630366,0,0,1,0,0,0,0,0,0
4.647069,0,0,0,0,0,1,0,0,0
4.649624,0,0,0,1,0,0,0,0,0
4.653871,0,0,0,0,0,0,0,0,1
4.654020,0,0,0,0,0,0,1,0,0
4.669701,1,0,0,0,1,0,0,0,0
4.675378,0,0,0,0,0,0,0,1,0
4.691561,0,0,1,0,0,0,0,0,0
4.700772,0,0,0,1,0,0,0,0,0
4.701085,0,0,0,0,0,1,0,0,0
4.704251,0,1,0,0,0,0,0,0,0
4.705829,0,0,0,0,0,0,0,1,0
4.707199,0,0,0,0,0,0,1,0,0
4.709059,0,0,0,0,0,0,0,0,1
4.720574,1,0,0,0,0,0,0,0,0
4.722650,0,0,0,0,1,0,0,0,0
4.727774,0,1,0,0,0,0,0,0,0
4.732786,0,0,0,0,0,0,0,1,0
4.745111,0,0,1,0,0,0,0,0,0
4.748463,0,0,0,0,0,1,0,0,0
4.750467,0,0,0,1,0,0,0,0,0
4.756336,0,0,0,0,0,0,1,0,0
4.762068,0,1,0,0,0,0,0,0,0
4.770088,0,0,0,0,0,0,0,0,1
4.773275,1,0,0,0,0,0,0,0,0
4.799570,0,0,0,0,1,1,0,0,0
4.800704,0,0,0,1,0,0,0,0,0
4.802233,0,0,1,0,0,0,0,0,0
4.804368,0,0,0,0,0,0,0,1,0
4.807317,0,0,0,0,0,0,1,0,0
4.824503,1,0,0,0,0,0,0,0,0
4.824996,0,1,0,0,0,0,0,0,0
4.825968,0,0,0,0,1,0,0,0,1
4.834943,0,0,0,0,0,0,0,1,0
4.850624,0,0,0,1,0,0,0,0,0
4.852364,0,0,0,0,0,1,0,0,0
4.857101,0,0,1,0,0,0,0,0,0
4.857184,0,0,0,0,0,0,0,0,1
4.861476,0,0,0,0,0,0,1,0,0
4.863949,0,1,0,0,0,0,0,0,0
4.874053,1,0,0,0,1,0,0,0,0
4.877661,0,0,0,0,0,0,0,1,0
4.889392,0,0,1,0,0,0,0,0,0
4.898413,0,0,0,0,0,1,0,0,0
4.899361,0,0,0,1,0,0,0,0,0
4.900218,0,0,0,0,0,0,0,0,1
4.901821,0,1,0,0,0,0,0,0,0
4.903140,0,0,0,0,0,0,1,0,0
4.918182,1,0,0,0,1,0,0,0,0
4.919980,0,0,0,0,0,0,0,1,0
4.937677,0,0,1,0,0,0,0,0,0
4.945999,0,1,0,0,0,0,0,0,0
4.950916,0,0,0,0,0,1,0,0,0
4.951168,0,0,0,1,0,0,0,0,0
4.953810,0,0,0,0,0,0,1,0,0
4.955924,0,0,0,0,0,0,0,0,1
4.967968,1,0,0,0,0,0,0,0,0
4.992899,0,0,0,0,1,0,0,0,0
4.994586,0,0,0,0,0,0,0,1,0
4.995584,0,0,1,0,0,0,0,0,0
4.997381,0,0,0,0,0,1,0,0,0
4.998547,0,0,0,1,0,0,0,0,0
5.015755,0,0,0,0,0,0,0,0,1
5.017442,0,1,0,0,0,0,0,0,0
5.024891,0,0,0,0,0,0,1,0,0
5.038168,1,0,0,0,0,0,0,0,0
5.047534,0,0,0,0,1,1,0,0,0
5.048996,0,0,0,0,0,0,0,0,1
5.049462,0,0,1,0,0,0,0,0,0
5.050975,0,0,0,1,0,0,0,0,0
5.065142,0,0,0,0,0,0,0,1,0
5.079648,0,0,0,0,0,0,1,0,0
5.080613,0,0,1,0,0,0,0,0,0
5.092895,0,1,0,0,0,0,0,0,0
5.093210,1,0,0,0,0,0,0,0,0
5.096319,0,0,0,0,1,0,0,0,0
5.097843,0,0,0,0,0,1,0,0,0
5.099166,0,0,0,1,0,0,0,0,0
5.100342,0,0,0,0,0,0,1,0,0
5.100406,0,0,0,0,0,0,0,0,1
5.107104,0,0,0,0,0,0,0,1,0
5.119385,1,0,0,0,0,0,0,0,0
5.128107,0,1,0,0,1,0,0,0,0
5.136222,0,0,1,0,0,0,0,0,0
5.149837,0,0,0,1,0,0,0,0,0
5.150278,0,0,0,0,0,1,0,0,0
5.156060,0,0,0,0,0,0,0,1,0
5.172289,0,0,0,0,0,0,1,0,0
5.176420,0,0,0,0,0,0,0,0,1
5.176467,0,1,0,0,0,0,0,0,0
5.187635,1,0,0,0,1,0,0,0,0
5.196997,0,0,0,0,0,1,0,0,0
5.197240,0,0,0,0,0,0,0,0,1
5.199710,0,0,0,1,0,0,0,0,0
5.209028,0,0,1,0,0,0,0,0,0
5.209214,0,0,0,0,0,0,1,0,0
5.213181,0,0,0,0,0,0,0,1,0
5.221162,1,0,0,0,0,0,0,0,0
5.224202,0,0,0,0,1,0,0,0,0
5.224436,0,0,0,0,0,0,0,1,0
5.231175,0,0,1,0,0,0,0,0,0
5.234758,0,1,0,0,0,0,0,0,0
5.245428,0,1,0,0,0,0,0,0,0
5.248825,0,0,0,0,0,1,0,0,0
5.249747,0,0,0,1,0,0,0,0,0
5.251538,0,0,0,0,0,0,1,0,0
5.252605,0,0,0,0,0,0,0,0,1
5.267482,1,0,0,0,1,0,0,0,0
5.269953,0,0,0,0,0,0,0,1,0
5.287127,0,0,1,0,0,0,0,0,0
5.296054,0,1,0,0,0,0,0,0,0
5.299490,0,0,0,0,0,1,0,0,0
5.299810,0,0,0,1,0,0,0,0,0
5.301289,0,0,0,0,0,0,0,0,1
5.323931,0,0,0,0,0,0,1,0,0
5.332898,0,0,1,0,0,0,0,0,0
5.334965,1,0,0,0,0,0,0,0,0
5.339407,0,0,0,0,1,0,0,0,0
5.344509,0,0,0,0,0,0,0,1,0
5.348439,0,0,0,1,0,0,0,0,0
5.348736,0,0,0,0,0,1,0,0,0
5.350009,0,0,0,0,0,0,0,0,1
5.353460,0,0,0,0,0,0,1,0,0
5.364699,0,1,0,0,0,0,0,0,0
5.365207,1,0,0,0,0,0,0,0,0
5.384956,0,0,1,0,0,0,0,0,0
5.398780,0,0,0,0,1,1,0,0,0
5.401625,0,0,0,1,0,0,0,0,0
5.404845,0,0,0,0,0,0,1,0,0
5.405615,0,0,0,0,0,0,0,1,0
5.417445,1,0,0,0,0,0,0,0,0
5.425452,0,0,0,0,1,0,0,0,0
5.432140,0,1,0,0,0,0,0,0,0
5.435598,0,0,0,0,0,0,0,1,0
5.438068,0,0,0,0,0,0,0,0,1
5.449369,0,0,0,1,0,0,0,0,0
5.450525,0,0,0,0,0,1,0,0,0
5.454922,0,0,0,0,0,0,1,0,0
5.456028,0,1,0,0,0,0,0,0,0
5.463912,0,0,0,0,0,0,0,0,1
5.466827,1,0,0,0,0,0,0,0,0
5.472798,0,0,1,0,0,0,0,0,0
5.497940,0,0,0,0,0,1,0,0,0
5.498266,0,0,0,0,1,0,0,0,0
5.498591,0,0,0,0,0,0,0,0,1
5.498816,0,0,0,0,0,0,0,1,0
5.499584,0,0,0,1,0,0,0,0,0
5.500710,0,0,1,0,0,0,0,0,0
5.505485,0,0,0,0,0,0,1,0,0
5.520805,0,1,0,0,0,0,0,0,0
5.524123,1,0,0,0,1,0,0,0,0
5.529396,0,0,1,0,0,0,0,0,0
5.547667,0,0,0,0,0,0,0,1,0
5.550775,0,0,0,1,0,0,0,0,0
5.551464,0,0,0,0,0,1,0,0,0
5.561640,0,0,0,0,0,0,1,0,0
5.572149,1,0,0,0,0,0,0,0,0
5.572340,0,0,0,0,1,0,0,0,0
5.572531,0,1,0,0,0,0,0,0,0
5.574212,0,0,0,0,0,0,0,1,0
5.579599,0,0,0,0,0,0,0,0,1
5.597573,0,1,0,0,0,0,0,0,0
5.599905,0,0,0,0,0,1,0,0,0
5.600619,0,0,0,0,0,0,0,0,1
5.601620,0,0,0,1,0,0,0,0,0
5.613100,0,0,1,0,0,0,0,0,0
5.624172,0,0,0,0,0,0,1,0,0
5.638068,1,0,0,0,1,0,0,0,0
5.639156,0,0,1,0,0,0,0,0,0
5.648678,0,0,0,0,0,1,0,0,0
5.651449,0,0,0,1,0,0,0,0,0
5.652236,0,0,0,0,0,0,0,1,0
5.653681,0,0,0,0,0,0,0,0,1
5.658517,0,0,0,0,0,0,1,0,0
5.673520,1,0,0,0,0,0,0,0,0
5.677757,0,1,0,0,1,0,0,0,0
5.684233,0,0,0,0,0,0,0,1,0
5.687035,0,0,1,0,0,0,0,0,0
5.698549,0,0,0,0,0,1,0,0,0
5.699803,0,0,0,1,0,0,0,0,0
5.700089,0,0,0,0,0,0,1,0,0
5.708363,0,0,0,0,0,0,0,0,1
5.708477,0,1,0,0,0,0,0,0,0
5.713144,1,0,0,0,1,0,0,0,0
5.717876,0,0,0,0,0,0,0,1,0
5.737926,0,1,0,0,0,0,0,0,0
5.743882,0,0,1,0,0,0,0,0,0
5.746939,0,0,0,0,0,1,0,0,0
5.748507,0,0,0,1,0,0,0,0,0
5.750674,0,0,0,0,0,0,0,0,1
5.769883,0,0,0,0,0,0,1,0,0
5.781134,1,0,0,0,1,0,0,0,0
5.785472,0,0,1,0,0,0,0,0,0
5.786170,0,0,0,0,0,0,0,1,0
5.800647,0,0,0,1,0,0,0,0,0
5.800763,0,0,0,0,0,1,0,0,0
5.804222,0,0,0,0,0,0,1,0,0
5.806948,0,1,0,0,0,0,0,0,0
5.809094,0,0,0,0,0,0,0,0,1
5.821076,1,0,0,0,1,0,0,0,0
5.826946,0,0,0,0,0,0,0,1,0
5.844080,0,0,1,0,0,0,0,0,0
5.849169,0,0,0,0,0,1,0,0,0
5.851039,0,0,0,1,0,0,0,0,0
5.851485,0,1,0,0,0,0,0,0,0
5.864017,0,0,0,0,0,0,1,0,0
5.882916,1,0,0,0,0,0,0,0,0
5.888932,0,0,0,0,1,0,0,0,1
5.891297,0,0,0,0,0,0,0,1,0
5.899599,0,0,0,1,0,0,0,0,0
5.900310,0,0,0,0,0,1,0,0,0
5.911611,0,0,0,0,0,0,1,0,0
5.916413,0,1,0,0,0,0,0,0,0
5.924995,1,0,0,0,1,0,0,0,0
5.928816,0,0,1,0,0,0,0,0,0
5.947136,0,0,0,0,0,0,0,1,0
5.950109,0,0,0,0,0,1,0,0,0
5.950650,0,0,0,1,0,0,0,0,0
5.953716,0,0,0,0,0,0,1,0,0
5.960281,0,0,0,0,0,0,0,0,1
5.969520,1,0,0,0,1,0,0,0,0
5.972867,0,1,0,0,0,0,0,0,0
5.974082,0,0,0,0,0,0,0,1,0
5.974868,0,0,0,0,0,0,0,0,1
5.996580,0,0,1,0,0,0,0,0,0
5.997582,0,1,0,0,0,0,0,0,0
6.000313,0,0,0,0,0,1,0,0,0
6.000318,0,0,0,1,0,0,0,0,0
6.001490,0,0,0,0,0,0,0,0,1
6.009813,0,0,1,0,0,0,0,0,0
6.023548,0,0,0,0,0,0,1,0,0
6.033697,1,0,0,0,0,0,0,0,0
6.039965,0,0,1,0,1,0,0,0,0
6.040125,0,0,0,0,0,0,0,1,0
6.046838,0,0,0,0,0,1,0,0,0
6.048836,0,0,0,1,0,0,0,0,0
6.053951,0,0,0,0,0,0,0,0,1
6.054198,0,0,0,0,0,0,1,0,0
6.068239,0,1,0,0,0,0,0,0,0
6.069720,1,0,0,0,0,0,0,0,0
6.086379,0,0,1,0,1,0,0,0,0
6.099092,0,0,0,0,0,1,0,0,0
6.100653,0,0,0,1,0,0,0,0,0
6.101505,0,0,0,0,0,0,0,0,1
6.102678,0,0,0,0,0,0,1,0,0
6.117184,0,0,0,0,0,0,0,1,0
6.117272,1,0,0,0,0,0,0,0,0
6.119697,0,0,0,0,1,0,0,0,0
6.133364,0,0,0,0,0,0,0,1,0
6.136593,0,0,1,0,0,0,0,0,0
6.141277,0,1,0,0,0,0,0,0,0
6.149499,0,0,0,1,0,0,0,0,0
6.150089,0,0,0,0,0,1,0,0,0
6.150300,0,0,0,0,0,0,1,0,0
6.161483,0,1,0,0,0,0,0,0,0
6.165221,0,0,0,0,0,0,0,0,1
6.167198,1,0,0,0,0,0,0,0,0
6.200253,0,0,0,1,1,0,0,0,0
6.201175,0,0,0,0,0,1,0,0,0
6.204536,0,0,1,0,0,0,0,0,0
6.204968,0,0,0,0,0,0,0,1,0
6.212441,0,0,0,0,0,0,1,0,0
6.218261,0,0,0,0,0,0,0,0,1
6.228004,0,1,0,0,0,0,0,0,0
6.231312,1,0,0,0,0,0,0,0,0
6.243205,0,0,0,0,1,0,0,0,0
6.246661,0,0,0,0,0,1,0,0,0
6.249088,0,0,0,1,0,0,0,0,0
6.252402,0,0,0,0,0,0,1,0,0
6.254850,0,0,0,0,0,0,0,0,1
6.254887,0,0,0,0,0,0,0,1,0
6.256975,0,0,1,0,0,0,0,0,0
6.264911,1,0,0,0,0,0,0,0,0
6.275323,0,1,0,0,1,0,0,0,0
6.285198,0,0,0,0,0,0,0,1,0
6.290700,0,0,1,0,0,0,0,0,0
6.299477,0,0,0,1,0,0,0,0,0
6.299618,0,0,0,0,0,1,0,0,0
6.302683,0,0,0,0,0,0,1,0,0
6.309892,0,1,0,0,0,0,0,0,0
6.315620,1,0,0,0,0,0,0,0,0
6.318948,0,0,0,0,1,0,0,0,1
6.335601,0,0,0,0,0,0,0,1,0
6.349176,0,0,0,0,0,1,0,0,0
6.349446,0,0,1,0,0,0,0,0,0
6.350745,0,0,0,1,0,0,0,0,0
6.352191,0,0,0,0,0,0,0,0,1
6.354817,0,0,0,0,0,0,1,0,0
6.359064,0,1,0,0,0,0,0,0,0
6.371477,1,0,0,0,0,0,0,0,0
6.389600,0,0,1,0,1,0,0,0,0
6.398904,0,0,0,0,0,1,0,0,0
6.399502,0,0,0,1,0,0,0,0,0
6.400099,0,0,0,0,0,0,0,0,1
6.403209,0,0,0,0,0,0,1,0,0
6.407814,0,0,0,0,0,0,0,1,0
6.416836,1,0,0,0,0,0,0,0,0
6.428579,0,1,0,0,0,0,0,0,0
6.435570,0,0,1,0,0,0,0,0,0
6.450072,0,0,0,0,1,1,0,0,0
6.451771,0,0,0,1,0,0,0,0,0
6.458035,0,0,0,0,0,0,1,0,0
6.474529,1,0,0,0,0,0,0,0,0
6.477196,0,0,0,0,1,0,0,1,0
6.477642,0,0,0,0,0,0,0,1,0
6.491861,0,0,0,0,0,0,0,0,1
6.496306,0,0,0,0,0,1,0,0,0
6.496472,0,0,0,0,0,0,0,0,1
6.497515,0,1,0,0,0,0,0,0,0
6.499666,0,0,0,1,0,0,0,0,0
6.499881,0,0,0,0,0,0,1,0,0
6.501961,0,1,0,0,0,0,0,0,0
6.513428,1,0,0,0,1,0,0,0,0
6.524345,0,0,1,0,0,0,0,0,0
6.530664,0,0,1,0,0,0,0,0,0
6.538546,0,0,0,0,0,0,0,1,0
6.548750,0,0,0,0,0,1,0,0,0
6.548879,0,0,0,0,0,0,0,0,1
6.550388,0,0,0,1,0,0,0,0,0
6.561594,0,0,0,0,0,0,1,0,0
6.564322,0,1,0,0,0,0,0,0,0
6.576434,1,0,0,0,0,0,0,0,0
6.584241,0,0,1,0,1,0,0,0,0
6.586859,0,0,0,0,0,0,0,1,0
6.600653,0,0,0,1,0,0,0,0,0
6.601844,0,0,0,0,0,1,0,0,0
6.606320,0,0,0,0,0,0,0,0,1
6.608270,0,1,0,0,0,0,0,0,0
6.623185,0,0,0,0,0,0,1,0,0
6.638451,1,0,0,0,1,0,0,0,0
6.642625,0,0,1,0,0,0,0,0,0
6.649092,0,0,0,0,0,0,0,1,0
6.649099,0,0,0,1,0,0,0,0,0
6.652983,0,0,0,0,0,1,0,0,0
6.675452,0,1,0,0,0,0,0,0,0
6.675577,0,0,0,0,0,0,0,0,1
6.698454,0,0,0,1,0,0,0,0,0
6.698485,0,0,0,0,0,0,1,0,0
6.701848,0,0,0,0,0,1,0,0,0
6.702919,0,0,0,0,0,0,0,0,1
6.708714,0,0,1,0,0,0,0,0,0
6.709836,1,0,0,0,0,0,0,0,0
6.712894,0,0,0,0,1,0,0,0,0
6.722241,0,0,0,0,0,0,1,0,0
6.736591,0,0,0,0,0,0,0,1,0
6.739477,0,0,1,0,0,0,0,0,0
6.739555,1,0,0,0,1,0,0,0,0
6.743041,0,0,0,0,0,0,0,1,0
6.749055,0,0,0,0,0,1,0,0,0
6.750647,0,0,0,0,0,0,0,0,1
6.751591,0,0,0,1,0,0,0,0,0
6.760527,0,1,0,0,0,0,0,0,0
6.764364,0,1,0,0,0,0,0,0,0
6.782502,0,0,1,0,0,0,0,0,0
6.790444,0,0,0,0,0,0,1,0,0
6.798495,0,0,0,1,0,0,0,0,0
6.799259,0,0,0,0,0,1,0,0,0
6.808595,1,0,0,0,0,0,0,0,0
6.813571,0,0,0,0,1,0,1,0,0
6.826082,1,0,0,0,0,0,0,0,0
6.827423,0,0,0,0,1,0,0,0,0
6.828715,0,0,0,0,0,0,0,0,1
6.830332,0,0,0,0,0,0,0,1,0
6.836412,0,0,0,0,0,0,0,1,0
6.847031,0,0,0,0,0,1,0,0,0
6.849402,0,0,0,1,0,0,0,0,0
6.854740,0,1,0,0,0,0,0,0,0
6.854948,0,0,0,0,0,0,1,0,0
6.856613,0,0,0,0,0,0,0,0,1
6.858344,0,1,0,0,0,0,0,0,0
6.866805,0,0,1,0,0,0,0,0,0
6.868874,1,0,0,0,1,0,0,0,0
6.877585,0,0,0,0,0,0,0,1,0
6.894385,0,0,1,0,0,0,0,0,0
6.897616,0,0,0,0,0,1,0,0,0
6.899133,0,0,0,1,0,0,0,0,0
6.902042,0,1,0,0,0,0,0,0,0
6.904707,0,0,0,0,0,0,1,0,0
6.910227,0,0,0,0,0,0,0,0,1
6.918395,1,0,0,0,1,0,0,0,0
6.927783,0,0,0,0,0,0,0,1,0
6.944008,0,0,1,0,0,0,0,0,0
6.950413,0,0,0,1,0,0,0,0,0
6.952099,0,0,0,0,0,1,0,0,0
6.953326,0,0,0,0,0,0,1,0,0
6.954111,0,1,0,0,0,0,0,0,0
6.955245,0,0,0,0,0,0,0,0,1
6.968546,1,0,0,0,0,0,0,0,0
6.970123,0,0,0,0,1,0,0,0,0
6.981060,0,0,0,0,0,0,0,1,0
6.987915,0,0,1,0,0,0,0,0,0
7.000006,0,0,0,1,0,0,0,0,0
7.000676,0,0,0,0,0,1,0,0,0
7.002506,0,0,0,0,0,0,1,0,0
7.002670,0,0,0,0,0,0,0,0,1
7.007665,0,1,0,0,0,0,0,0,0
7.018051,1,0,0,0,0,0,0,0,0
7.040048,0,0,1,0,0,0,0,0,0
7.042671,0,0,0,0,1,0,0,0,0
7.050488,0,0,0,0,0,1,0,0,0
7.050997,0,0,0,1,0,0,0,0,0
7.057947,0,0,0,0,0,0,1,0,0
7.066313,0,0,0,0,0,0,0,1,0
7.074778,1,0,0,0,0,0,0,0,0
7.076368,0,0,0,0,1,0,0,0,0
7.077823,0,0,0,0,0,0,0,0,1
7.084440,0,0,0,0,0,0,0,1,0
7.090813,0,1,0,0,0,0,0,0,0
7.100739,0,0,0,1,0,0,0,0,0
7.101207,0,0,0,0,0,0,1,0,0
7.102211,0,0,0,0,0,1,0,0,0
7.106174,0,0,0,0,0,0,0,0,1
7.110745,0,1,0,0,0,0,0,0,0
7.113479,1,0,0,0,1,0,0,0,0
7.113688,0,0,0,0,0,0,0,1,0
7.114226,0,0,1,0,0,0,0,0,0
7.139938,0,1,0,0,0,0,0,0,0
7.141091,0,0,1,0,0,0,0,0,0
7.150347,0,0,0,1,0,0,0,0,0
7.151882,0,0,0,0,0,1,0,0,0
7.153802,0,0,0,0,0,0,0,0,1
7.171660,0,0,0,0,0,0,1,0,0
7.183628,1,0,0,0,0,0,0,0,0
7.192953,0,0,1,0,0,0,0,0,0
7.200043,0,0,0,1,0,0,0,0,0
7.200377,0,0,0,0,1,0,0,0,0
7.201259,0,0,0,0,0,1,0,0,0
7.201427,0,0,0,0,0,0,0,1,0
7.205580,0,0,0,0,0,0,0,0,1
7.205904,0,0,0,0,0,0,1,0,0
7.224130,1,0,0,0,1,0,0,0,0
7.228676,0,1,0,0,0,0,0,0,0
7.238555,0,0,1,0,0,0,0,0,0
7.248808,0,0,0,0,0,1,0,0,0
7.249619,0,0,0,1,0,0,0,0,0
7.251940,0,0,0,0,0,0,1,0,0
7.263580,0,0,0,0,0,0,0,1,0
7.265422,0,0,0,0,0,0,0,0,1
7.266666,1,0,0,0,0,0,0,0,0
7.288393,0,1,0,0,0,0,0,0,0
7.292220,0,0,0,0,1,0,0,0,0
7.295589,0,0,1,0,0,0,0,0,0
7.296540,0,0,0,0,0,0,0,1,0
7.299986,0,0,0,1,0,0,0,0,0
7.301756,0,0,0,0,0,1,0,0,0
7.314995,0,0,0,0,0,0,0,0,1
7.317882,0,1,0,0,0,0,0,0,0
7.337599,0,0,0,0,0,0,1,0,0
7.347131,0,0,0,0,0,1,0,0,0
7.348143,1,0,0,0,0,0,0,0,0
7.349842,0,0,0,0,1,0,0,0,1
7.351191,0,0,0,1,0,0,0,0,0
7.351422,0,0,1,0,0,0,0,0,0
7.353137,0,0,0,0,0,0,1,0,0
7.369258,0,0,0,0,0,0,0,1,0
7.372560,1,0,0,0,1,0,0,0,0
7.380270,0,0,0,0,0,0,0,1,0
7.388784,0,0,1,0,0,0,0,0,0
7.395824,0,1,0,0,0,0,0,0,0
7.398103,0,0,0,0,0,1,0,0,0
7.401158,0,0,0,1,0,0,0,0,0
7.404772,0,1,0,0,0,0,0,0,0
7.410398,0,0,0,0,0,0,0,0,1
7.412548,0,0,0,0,0,0,1,0,0
7.423518,1,0,0,0,0,0,0,0,0
7.447881,0,0,1,0,0,0,0,0,0
7.448592,0,0,0,0,1,0,0,0,0
7.449473,0,0,0,0,0,1,0,0,0
7.449654,0,0,0,1,0,0,0,0,0
7.449747,0,0,0,0,0,0,0,1,0
7.458165,0,0,0,0,0,0,1,0,0
7.459367,0,0,0,0,0,0,0,0,1
7.475631,0,1,0,0,0,0,0,0,0
7.476459,1,0,0,0,0,0,0,0,0
7.482037,0,0,0,0,1,0,0,0,0
7.489431,0,0,0,0,0,0,0,1,0
7.492502,0,0,1,0,0,0,0,0,0
7.497080,0,0,0,0,0,1,0,0,0
7.498362,0,0,0,0,0,0,0,0,1
7.498939,0,0,0,1,0,0,0,0,0
7.516282,0,1,0,0,0,0,0,0,0
7.519509,0,0,0,0,0,0,1,0,0
7.535207,0,0,1,0,0,0,0,0,0
7.535565,1,0,0,0,1,0,0,0,0
7.548246,0,0,0,0,0,1,0,0,0
7.550181,0,0,0,1,0,0,0,0,0
7.551175,0,0,0,0,0,0,0,0,1
7.553531,0,0,0,0,0,0,1,0,0
7.568214,0,0,0,0,0,0,0,1,0
7.569606,1,0,0,0,1,0,0,0,0
7.577330,0,0,0,0,0,0,0,1,0
7.589950,0,1,0,0,0,0,0,0,0
7.590237,0,0,1,0,0,0,0,0,0
7.597732,0,0,0,0,0,1,0,0,0
7.598203,0,1,0,0,0,0,0,0,0
7.599527,0,0,0,1,0,0,0,0,0
7.600445,0,0,0,0,0,0,1,0,0
7.614353,1,0,0,0,1,0,0,0,0
7.622832,0,0,0,0,0,0,0,1,0
7.628753,0,0,0,0,0,0,0,0,1
7.644137,0,1,0,0,0,0,0,0,0
7.650531,0,0,0,0,0,1,0,0,0
7.651472,0,0,0,1,0,0,0,0,0
7.652085,0,0,0,0,0,0,1,0,0
7.666085,1,0,0,0,0,0,0,0,0
7.666373,0,0,0,0,1,0,0,0,0
7.666662,0,0,1,0,0,0,0,0,0
7.672774,0,0,0,0,0,0,0,1,0
7.698846,0,1,0,0,0,0,0,0,0
7.700585,0,0,0,1,0,0,0,0,0
7.701943,0,0,0,0,0,1,0,0,0
7.703359,0,0,0,0,0,0,0,0,1
7.705108,0,0,0,0,0,0,0,0,1
7.706487,0,0,0,0,0,0,1,0,0
7.717806,1,0,0,0,0,0,0,0,0
7.742013,0,0,1,0,0,0,0,0,0
7.742619,0,0,1,0,1,0,0,0,0
7.750236,0,0,0,1,0,0,0,0,0
7.752428,0,0,0,0,0,1,0,0,0
7.754179,0,0,0,0,0,0,0,1,0
7.758874,0,0,0,0,0,0,0,0,1
7.763588,0,0,0,0,0,0,1,0,0
7.774359,0,1,0,0,0,0,0,0,0
7.781280,1,0,0,0,1,0,0,0,0
7.785692,0,0,0,0,0,0,0,1,0
7.790018,0,0,1,0,0,0,0,0,0
7.799855,0,0,0,1,0,0,0,0,0
7.800995,0,0,0,0,0,1,0,0,0
7.803946,0,0,0,0,0,0,0,0,1
7.808239,0,0,0,0,0,0,1,0,0
7.815622,0,1,0,0,0,0,0,0,0
7.818719,1,0,0,0,0,0,0,0,0
7.840218,0,0,1,0,0,0,0,0,0
7.848580,0,0,0,1,0,0,0,0,0
7.849491,0,0,0,0,1,0,0,0,0
7.850458,0,0,0,0,0,0,1,0,0
7.850504,0,0,0,0,0,1,0,0,0
7.851407,0,0,0,0,0,0,0,0,1
7.853775,0,0,0,0,0,0,0,1,0
7.867838,1,0,0,0,0,0,0,0,0
7.871782,0,0,0,0,1,0,0,0,0
7.874254,0,1,0,0,0,0,0,0,0
7.876525,0,0,0,0,0,0,0,1,0
7.887812,0,0,1,0,0,0,0,0,0
7.897536,0,0,0,0,0,1,0,0,0
7.900155,0,1,0,0,0,0,0,0,0
7.900180,0,0,0,1,0,0,0,0,0
7.901297,0,0,0,0,0,0,1,0,0
7.904504,0,0,0,0,0,0,0,0,1
7.911943,1,0,0,0,0,0,0,0,0
7.923795,0,0,0,0,1,0,0,0,0
7.930630,0,0,0,0,0,0,0,1,0
7.941676,0,0,1,0,0,0,0,0,0
7.946659,0,0,0,0,0,1,0,0,0
7.950005,0,0,0,0,0,0,0,0,1
7.951907,0,0,0,1,0,0,0,0,0
7.953266,0,1,0,0,0,0,0,0,0
7.963662,0,0,0,0,0,0,1,0,0
7.975947,1,0,0,0,0,0,0,0,0
7.983252,0,0,1,0,1,0,0,0,0
7.999386,0,0,0,1,0,0,0,0,0
8.000128,0,0,0,0,0,1,0,0,0
8.003965,0,0,0,0,0,0,0,1,0
8.010646,0,0,0,0,0,0,0,0,1
8.013260,0,0,0,0,0,0,1,0,0
8.029222,1,0,0,0,1,0,0,0,0
8.033481,0,1,0,0,0,0,0,0,0
8.041971,0,0,1,0,0,0,0,0,0
8.047215,0,0,0,0,0,0,0,1,0
8.050948,0,0,0,1,0,0,0,0,0
8.051117,0,0,0,0,0,1,0,0,0
8.060800,0,0,0,0,0,0,1,0,0
8.064737,0,0,0,0,0,0,0,0,1
8.071464,0,1,0,0,0,0,0,0,0
8.075063,1,0,0,0,1,0,0,0,0
8.080700,0,0,0,0,0,0,0,1,0
8.099422,0,0,0,0,0,1,0,0,0
8.101141,0,0,0,0,0,0,0,0,1
8.101549,0,0,0,1,0,0,0,0,0
8.103250,0,0,0,0,0,0,1,0,0
8.104731,0,0,1,0,0,0,0,0,0
8.110126,0,1,0,0,0,0,0,0,0
8.115433,1,0,0,0,0,0,0,0,0
8.131422,0,0,1,0,1,0,0,0,0
8.144912,0,0,0,0,0,0,0,1,0
8.148927,0,0,0,1,0,0,0,0,0
8.152126,0,0,0,0,0,1,0,0,0
8.153454,0,0,0,0,0,0,1,0,0
8.154865,0,0,0,0,0,0,0,0,1
8.168881,0,1,0,0,0,0,0,0,0
8.169407,1,0,0,0,1,0,0,0,0
8.172384,0,0,0,0,0,0,0,1,0
8.187905,0,0,1,0,0,0,0,0,0
8.197474,0,1,0,0,0,0,0,0,0
8.201534,0,0,0,0,0,1,0,0,0
8.201694,0,0,0,1,0,0,0,0,0
8.212631,0,0,0,0,0,0,0,0,1
8.222934,0,0,0,0,0,0,1,0,0
8.237800,1,0,0,0,1,0,0,0,0
8.247053,0,0,1,0,0,0,0,0,0
8.248195,0,0,0,1,0,0,0,0,0
8.250659,0,0,0,0,0,0,1,0,0
8.251928,0,0,0,0,0,1,0,0,0
8.254879,0,0,0,0,0,0,0,0,1
8.260879,1,0,0,0,0,0,0,0,0
8.270319,0,0,0,0,0,0,0,1,0
8.289384,0,0,0,0,1,0,0,0,0
8.292391,0,1,0,0,0,0,0,0,0
8.293458,0,0,1,0,0,0,0,0,0
8.295581,0,0,0,0,0,0,0,1,0
8.300267,0,0,0,0,0,1,0,0,0
8.300320,0,0,0,1,0,0,0,0,0
8.310953,0,0,0,0,0,0,0,0,1
8.317929,0,1,0,0,0,0,0,0,0
8.319714,0,0,0,0,0,0,1,0,0
8.331994,1,0,0,0,0,0,0,0,0
8.346265,0,0,0,0,0,1,0,0,0
8.346482,0,0,0,0,1,0,0,0,0
8.346699,0,0,1,0,0,0,0,0,0
8.348467,0,0,0,1,0,0,0,0,0
8.349499,0,0,0,0,0,0,0,1,0
8.352505,0,0,0,0,0,0,0,0,1
8.357854,0,0,0,0,0,0,1,0,0
8.372436,0,1,0,0,0,0,0,0,0
8.375598,1,0,0,0,1,0,0,0,0
8.377637,0,0,0,0,0,0,0,1,0
8.387782,0,0,1,0,0,0,0,0,0
8.399353,0,0,0,1,0,0,0,0,0
8.400598,0,0,0,0,0,0,1,0,0
8.401715,0,0,0,0,0,1,0,0,0
8.405909,0,1,0,0,0,0,0,0,0
8.408944,0,0,0,0,0,0,0,0,1
8.414792,1,0,0,0,1,0,0,0,0
8.415056,0,0,0,0,0,0,0,1,0
8.440105,0,1,0,0,0,0,0,0,0
8.447900,0,0,1,0,0,0,0,0,0
8.449602,0,0,0,1,0,0,0,0,0
8.449908,0,0,0,0,0,1,0,0,0
8.452283,0,0,0,0,0,0,1,0,0
8.461620,0,0,0,0,0,0,0,0,1
8.462638,1,0,0,0,0,0,0,0,0
8.488295,0,0,0,0,1,0,0,0,0
8.490087,0,0,0,0,0,0,0,1,0
8.499382,0,0,0,0,0,1,0,0,0
8.499681,0,0,0,1,0,0,0,0,0
8.501529,0,0,1,0,0,0,0,0,0
8.505850,0,0,0,0,0,0,1,0,0
8.511371,0,0,0,0,0,0,0,0,1
8.511879,0,1,0,0,0,0,0,0,0
8.518340,1,0,0,0,0,0,0,0,0
8.543336,0,0,1,0,1,0,0,0,0
8.545854,0,0,0,0,0,0,0,1,0
8.547768,0,0,0,0,0,1,0,0,0
8.549398,0,0,0,1,0,0,0,0,0
8.553692,0,0,0,0,0,0,1,0,0
8.553718,0,0,0,0,0,0,0,0,1
8.563807,1,0,0,0,1,0,0,0,0
8.574502,0,1,0,0,0,0,0,0,0
8.587623,0,0,0,0,0,0,0,1,0
8.590563,0,0,1,0,0,0,0,0,0
8.597916,0,0,0,0,0,1,0,0,0
8.600280,0,0,0,1,0,0,0,0,0
8.600700,0,0,0,0,0,0,0,0,1
8.609101,0,1,0,0,0,0,0,0,0
8.615072,0,0,0,0,0,0,1,0,0
8.630120,1,0,0,0,0,0,0,0,0
8.631665,0,0,0,0,1,0,0,0,0
8.633752,0,0,0,0,0,0,0,1,0
8.633850,0,0,1,0,0,0,0,0,0
8.649693,0,0,0,1,0,0,0,0,0
8.650442,0,0,0,0,0,1,0,0,0
8.660512,0,1,0,0,0,0,0,0,0
8.666354,0,0,0,0,0,0,1,0,0
8.670853,0,0,0,0,0,0,0,0,1
8.681099,1,0,0,0,0,0,0,0,0
8.687934,0,0,0,0,1,0,0,0,0
8.688103,0,0,0,0,0,0,0,1,0
8.698050,0,0,0,1,0,0,0,0,0
8.701140,0,0,0,0,0,0,1,0,0
8.701309,0,0,0,0,0,1,0,0,0
8.705741,0,0,1,0,0,0,0,0,0
8.706902,0,0,0,0,0,0,0,0,1
8.709267,0,1,0,0,0,0,0,0,0
8.713468,1,0,0,0,1,0,0,0,0
8.739445,0,0,1,0,0,0,0,0,0
8.743223,0,0,0,0,0,0,0,1,0
8.748105,0,0,0,0,0,1,0,0,0
8.748969,0,0,0,1,0,0,0,0,0
8.750396,0,0,0,0,0,0,0,0,1
8.759764,0,0,0,0,0,0,1,0,0
8.768328,0,1,0,0,0,0,0,0,0
8.769998,1,0,0,0,1,0,0,0,0
8.774186,0,0,0,0,0,0,0,1,0
8.781784,0,0,1,0,0,0,0,0,0
8.797601,0,0,0,0,0,1,0,0,0
8.797743,0,1,0,0,0,0,0,0,0
8.800798,0,0,0,1,0,0,0,0,0
8.801215,0,0,0,0,0,0,1,0,0
8.802048,0,0,0,0,0,0,0,0,1
8.815714,1,0,0,0,1,0,0,0,0
8.816659,0,0,0,0,0,0,0,1,0
8.837249,0,0,1,0,0,0,0,0,0
8.844695,0,1,0,0,0,0,0,0,0
8.847606,0,0,0,0,0,1,0,0,0
8.848270,0,0,0,1,0,0,0,0,0
8.849045,0,0,0,0,0,0,1,0,0
8.851535,0,0,0,0,0,0,0,0,1
8.860518,1,0,0,0,0,0,0,0,0
8.863962,0,0,0,0,1,0,0,0,0
8.873975,0,0,0,0,0,0,0,1,0
8.881829,0,0,1,0,0,0,0,0,0
8.898932,0,0,0,0,0,1,0,0,0
8.900441,0,0,0,1,0,0,0,0,0
8.901513,0,1,0,0,0,0,0,0,0
8.902720,0,0,0,0,0,0,0,0,1
8.905681,0,0,0,0,0,0,1,0,0
8.924583,1,0,0,0,1,0,0,0,0
8.929857,0,0,0,0,0,0,0,1,0
8.940784,0,0,1,0,0,0,0,0,0
8.948753,0,0,0,1,0,0,0,0,0
8.951682,0,0,0,0,0,1,0,0,0
8.953167,0,0,0,0,0,0,1,0,0
8.958103,0,1,0,0,0,0,0,0,0
8.959219,0,0,0,0,0,0,0,0,1
8.969806,1,0,0,0,1,0,0,0,0
8.996876,0,0,0,0,0,1,0,0,0
8.996928,0,0,1,0,0,0,0,0,0
8.999470,0,0,0,1,0,0,0,0,0
9.011322,0,0,0,0,0,0,1,0,0
9.017194,0,0,0,0,0,0,0,0,1
9.027191,0,0,0,0,0,0,0,1,0
9.030260,1,0,0,0,1,0,0,0,0
9.035300,0,0,0,0,0,0,0,1,0
9.048980,0,0,0,0,0,1,0,0,0
9.049182,0,0,0,0,0,0,0,0,1
9.051632,0,0,0,1,0,0,0,0,0
9.053054,0,0,0,0,0,0,1,0,0
9.053328,0,0,1,0,0,0,0,0,0
9.054492,0,1,0,0,0,0,0,0,0
9.061726,0,1,0,0,0,0,0,0,0
9.067397,1,0,0,0,1,0,0,0,0
9.082572,0,0,0,0,0,0,0,1,0
9.086134,0,0,1,0,0,0,0,0,0
9.100325,0,0,0,1,0,0,0,0,0
9.103499,0,0,0,0,0,1,0,0,0
9.103645,0,0,0,0,0,0,0,0,1
9.105311,0,1,0,0,0,0,0,0,0
9.115754,0,0,0,0,0,0,1,0,0
9.132555,1,0,0,0,0,0,0,0,0
9.140260,0,0,1,0,1,0,0,0,0
9.143079,0,0,0,0,0,0,0,1,0
9.146430,0,0,0,0,0,1,0,0,0
9.148986,0,0,0,1,0,0,0,0,0
9.150711,0,0,0,0,0,0,1,0,0
9.160761,1,0,0,0,1,0,0,0,0
9.163460,0,0,0,0,0,0,0,0,1
9.168232,0,1,0,0,0,0,0,0,0
9.168312,0,0,0,0,0,0,0,1,0
9.196036,0,1,0,0,0,0,0,0,0
9.200062,0,0,0,0,0,1,0,0,0
9.200135,0,0,1,0,0,0,0,0,0
9.201195,0,0,0,1,0,0,0,0,0
9.203966,0,0,0,0,0,0,1,0,0
9.207256,0,0,0,0,0,0,0,0,1
9.215612,1,0,0,0,0,0,0,0,0
9.246717,0,0,1,0,0,0,0,0,0
9.249440,0,0,0,0,1,1,0,0,0
9.249592,0,0,0,0,0,0,0,0,1
9.250020,0,0,0,1,0,0,0,0,0
9.260455,0,0,0,0,0,0,1,0,0
9.272838,1,0,0,0,0,0,0,0,0
9.276000,0,0,0,0,1,0,0,1,0
9.281769,0,0,0,0,0,0,0,1,0
9.282756,0,0,1,0,0,0,0,0,0
9.298517,0,1,0,0,0,0,0,0,0
9.300708,0,0,0,0,0,1,0,0,0
9.301551,0,0,0,1,0,0,0,0,0
9.307557,0,1,0,0,0,0,0,0,0
9.314717,0,0,0,0,0,0,1,0,0
9.320265,0,0,0,0,0,0,0,0,1
9.330248,1,0,0,0,0,0,0,0,0
9.345684,0,0,0,0,1,0,0,0,0
9.347636,0,0,0,0,0,1,0,0,0
9.349621,0,0,0,1,0,0,0,0,0
9.357232,0,0,1,0,0,0,0,0,0
9.358021,0,0,0,0,0,0,1,0,0
9.361553,0,0,0,0,0,0,0,1,0
9.362829,0,0,0,0,0,0,0,0,1
9.371125,1,0,0,0,1,0,0,0,0
9.372423,0,0,0,0,0,0,0,1,0
9.388506,0,1,0,0,0,0,0,0,0
9.399199,0,0,0,1,0,0,0,0,0
9.399539,0,1,0,0,0,0,0,0,0
9.400540,0,0,1,0,0,0,0,0,0
9.401278,0,0,0,0,0,0,1,0,0
9.402301,0,0,0,0,0,1,0,0,0
9.409220,0,0,0,0,0,0,0,0,1
9.416739,1,0,0,0,1,0,0,0,0
9.429694,0,0,0,0,0,0,0,1,0
9.442685,0,0,1,0,0,0,0,0,0
9.449184,0,0,0,1,0,0,0,0,0
9.451879,0,0,0,0,0,1,0,0,0
9.454123,0,1,0,0,0,0,0,0,0
9.455043,0,0,0,0,0,0,0,0,1
9.461507,0,0,0,0,0,0,1,0,0
9.475159,1,0,0,0,0,0,0,0,0
9.491275,0,0,1,0,1,0,0,0,0
9.500817,0,0,0,1,0,0,0,0,0
9.501022,0,0,0,0,0,1,0,0,0
9.508611,0,0,0,0,0,0,1,0,0
9.511869,0,0,0,0,0,0,0,1,0
9.527439,1,0,0,0,0,0,0,0,0
9.529847,0,0,0,0,1,0,0,0,1
9.535290,0,0,0,0,0,0,0,1,0
9.540094,0,1,0,0,0,0,0,0,0
9.548251,0,0,0,1,0,0,0,0,0
9.549975,0,0,0,0,0,1,0,0,0
9.550670,0,0,0,0,0,0,1,0,0
9.555429,0,1,0,0,0,0,0,0,0
9.564711,1,0,0,0,1,0,0,0,0
9.569253,0,0,1,0,0,0,0,0,0
9.570724,0,0,0,0,0,0,0,1,0
9.575835,0,0,0,0,0,0,0,0,1
9.596330,0,1,0,0,0,0,0,0,0
9.598569,0,0,0,0,0,1,0,0,0
9.599975,0,0,0,1,0,0,0,0,0
9.606564,0,0,1,0,0,0,0,0,0
9.607346,0,0,0,0,0,0,1,0,0
9.612489,0,0,0,0,0,0,0,0,1
9.619759,1,0,0,0,1,0,0,0,0
9.634412,0,0,0,0,0,0,0,1,0
9.648281,0,0,0,0,0,1,0,0,0
9.649737,0,0,1,0,0,0,0,0,0
9.650069,0,0,0,1,0,0,0,0,0
9.652774,0,0,0,0,0,0,1,0,0
9.655399,0,0,0,0,0,0,0,0,1
9.660651,0,1,0,0,0,0,0,0,0
9.667945,1,0,0,0,0,0,0,0,0
9.693837,0,0,1,0,1,0,0,0,0
9.700736,0,0,0,1,0,0,0,0,0
9.703104,0,0,0,0,0,1,0,0,0
9.707881,0,0,0,0,0,0,0,1,0
9.711423,0,0,0,0,0,0,0,0,1
9.712089,0,0,0,0,0,0,1,0,0
9.724942,1,0,0,0,0,0,0,0,0
9.728640,0,1,0,0,0,0,0,0,0
9.745297,0,0,1,0,1,0,0,0,0
9.750684,0,0,0,1,0,0,0,0,0
9.751894,0,0,0,0,0,0,0,1,0
9.752747,0,0,0,0,0,1,0,0,0
9.761195,0,0,0,0,0,0,1,0,0
9.772754,0,1,0,0,0,0,0,0,0
9.774059,1,0,0,0,0,0,0,0,0
9.799751,0,0,0,1,0,0,0,0,0
9.801130,0,0,0,0,1,0,0,0,0
9.802362,0,0,0,0,0,1,0,0,0
9.803703,0,0,0,0,0,0,1,0,0
9.805402,0,0,0,0,0,0,0,0,1
9.808803,0,0,0,0,0,0,0,1,0
9.816444,1,0,0,0,0,0,0,0,0
9.818905,0,0,0,0,1,0,0,0,0
9.828027,0,0,0,0,0,0,0,1,0
9.835002,0,0,0,0,0,0,0,0,1
9.835352,0,1,0,0,0,0,0,0,0
9.843462,0,0,1,0,0,0,0,0,0
9.848537,0,0,0,1,0,0,0,0,0
9.851952,0,0,0,0,0,0,1,0,0
9.853443,0,1,0,0,0,0,0,0,0
9.853943,0,0,0,0,0,1,0,0,0
9.858221,0,0,0,0,0,0,0,0,1
9.867959,1,0,0,0,1,0,0,0,0
9.873060,0,0,1,0,0,0,0,0,0
9.890542,0,0,1,0,0,0,0,0,0
9.893599,0,0,0,0,0,0,0,1,0
9.899310,0,0,0,1,0,0,0,0,0
9.903836,0,0,0,0,0,1,0,0,0
9.918644,0,0,0,0,0,0,1,0,0
9.923335,0,1,0,0,0,0,0,0,0
9.924715,0,0,0,0,0,0,0,0,1
9.936719,1,0,0,0,0,0,0,0,0
9.947350,0,0,0,0,0,1,0,0,0
9.950426,0,0,0,1,0,0,0,0,0
9.950815,0,0,0,0,1,0,0,0,1
9.953586,0,0,0,0,0,0,1,0,0
9.958127,0,0,0,0,0,0,0,1,0
9.960672,0,0,1,0,0,0,0,0,0
9.965219,1,0,0,0,1,0,0,0,0
9.987804,0,1,0,0,0,0,0,0,0
9.990283,0,0,1,0,0,0,0,0,0
9.997973,0,0,0,0,0,1,0,0,0
9.999744,0,0,0,0,0,0,0,0,1
10.001229,0,0,0,1,0,0,0,0,0
10.001893,0,0,0,0,0,0,0,1,0
10.003576,0,0,0,0,0,0,1,0,0
10.021158,1,0,0,0,1,0,0,0,0
10.028108,0,1,0,0,0,0,0,0,0
10.032672,0,0,0,0,0,0,0,1,0
10.035811,0,0,1,0,0,0,0,0,0
10.048035,0,0,0,1,0,0,0,0,0
10.052539,0,0,0,0,0,1,0,0,0
10.052751,0,0,0,0,0,0,1,0,0
10.054563,0,1,0,0,0,0,0,0,0
10.057990,0,0,0,0,0,0,0,0,1
10.069836,1,0,0,0,0,0,0,0,0
10.097735,0,0,0,0,1,1,0,0,0
10.097800,0,0,1,0,0,0,0,0,0
10.099931,0,0,0,1,0,0,0,0,0
10.102352,0,0,0,0,0,0,0,0,1
10.103926,0,0,0,0,0,0,0,1,0
10.110928,0,0,0,0,0,0,1,0,0
10.122171,1,0,0,0,0,0,0,0,0
10.124335,0,1,0,0,1,0,0,0,0
10.137838,0,0,1,0,0,0,0,0,0
10.139320,0,0,0,0,0,0,0,1,0
10.148360,0,0,0,0,0,1,0,0,0
10.150045,0,0,0,1,0,0,0,0,0
10.151234,0,0,0,0,0,0,0,0,1
10.163922,0,1,0,0,0,0,0,0,0
10.187732,0,0,1,0,0,0,0,0,0
10.197796,0,0,0,0,0,1,0,0,0
10.197984,0,0,0,0,0,0,1,0,0
10.199350,0,0,0,1,0,0,0,0,0
10.200599,0,0,0,0,0,0,0,0,1
10.201532,0,0,0,0,0,0,1,0,0
10.215833,1,0,0,0,0,0,0,0,0
10.221099,1,0,0,0,1,0,0,0,0
10.226995,0,0,0,0,0,0,0,1,0
10.235632,0,0,1,0,1,0,0,0,0
10.237215,0,0,0,0,0,0,0,1,0
10.249533,0,1,0,0,0,0,0,0,0
10.251438,0,0,0,1,0,0,0,0,0
10.252302,0,0,0,0,0,1,0,0,0
10.252948,0,0,0,0,0,0,0,0,1
10.261519,0,0,0,0,0,0,1,0,0
10.264904,0,1,0,0,0,0,0,0,0
10.275548,1,0,0,0,0,0,0,0,0
10.291143,0,0,1,0,1,0,0,0,0
10.298913,0,0,0,0,0,1,0,0,0
10.300076,0,0,0,1,0,0,0,0,0
10.307420,0,0,0,0,0,0,1,0,0
10.307723,0,0,0,0,0,0,0,1,0
10.314384,0,0,0,0,0,0,0,0,1
10.322191,1,0,0,0,0,0,0,0,0
10.328873,0,1,0,0,0,0,0,0,0
10.338675,0,0,0,0,1,0,0,0,0
10.343215,0,0,0,0,0,0,0,1,0
10.350347,0,0,0,1,0,0,0,0,0
10.351604,0,0,1,0,0,0,0,0,0
10.351911,0,0,0,0,0,0,1,0,0
10.351986,0,0,0,0,0,1,0,0,0
10.362865,1,0,0,0,0,0,0,0,0
10.366656,0,1,0,0,0,0,0,0,0
10.369413,0,0,0,0,0,0,0,0,1
10.399834,0,0,0,1,0,0,0,0,0
10.400129,0,0,0,0,1,0,0,0,0
10.400424,0,0,1,0,0,0,0,0,0
10.402131,0,0,0,0,0,1,0,0,0
10.402998,0,0,0,0,0,0,1,0,0
10.407003,0,0,0,0,0,0,0,0,1
10.416059,1,0,0,0,1,0,0,0,0
10.416633,0,0,0,0,0,0,0,1,0
10.441325,0,1,0,0,0,0,0,0,0
10.444936,0,0,1,0,0,0,0,0,0
10.448135,0,0,0,1,0,0,0,0,0
10.448197,0,0,0,0,0,0,0,1,0
10.449545,0,0,0,0,0,1,0,0,0
10.449825,0,0,0,0,0,0,0,0,1
10.452914,0,0,0,0,0,0,1,0,0
10.468210,1,0,0,0,0,0,0,0,0
10.473380,0,0,0,0,1,0,0,0,0
10.476760,0,1,0,0,0,0,0,0,0
10.481126,0,0,0,0,0,0,0,1,0
10.483593,0,0,1,0,0,0,0,0,0
10.499500,0,0,0,1,0,0,0,0,0
10.499776,0,0,0,0,0,1,0,0,0
10.502541,0,1,0,0,0,0,0,0,0
10.508212,0,0,0,0,0,0,0,0,1
10.509323,0,0,0,0,0,0,1,0,0
10.519837,1,0,0,0,0,0,0,0,0
10.545373,0,0,1,0,0,0,0,0,0
10.549998,0,0,0,1,1,0,0,0,0
10.551054,0,0,0,0,0,1,0,0,0
10.551084,0,0,0,0,0,0,0,1,0
10.554676,0,0,0,0,0,0,1,0,0
10.556664,0,0,0,0,0,0,0,0,1
10.572019,1,0,0,0,0,0,0,0,0
10.575648,0,1,0,0,1,0,0,0,0
10.582824,0,0,0,0,0,0,0,1,0
10.591217,0,0,1,0,0,0,0,0,0
10.599091,0,0,0,1,0,0,0,0,0
10.600014,0,0,0,0,0,1,0,0,0
10.606013,0,1,0,0,0,0,0,0,0
10.609215,0,0,0,0,0,0,0,0,1
10.620578,0,0,0,0,0,0,1,0,0
10.637697,1,0,0,0,1,0,0,0,0
10.641371,0,0,1,0,0,0,0,0,0
10.648606,0,0,0,1,0,0,0,0,0
10.649871,0,0,0,0,0,1,0,0,0
10.656948,0,0,0,0,0,0,1,0,0
10.668829,0,0,0,0,0,0,0,1,0
10.673111,1,0,0,0,0,0,0,0,0
10.675078,0,0,0,0,0,0,0,0,1
10.679077,0,0,0,0,1,0,0,0,0
10.684469,0,0,0,0,0,0,0,1,0
10.694022,0,1,0,0,0,0,0,0,0
10.701179,0,0,0,0,0,1,0,0,0
10.701979,0,0,0,1,0,0,0,0,0
10.704668,0,0,0,0,0,0,0,0,1
10.708943,0,1,0,0,0,0,0,0,0
10.712837,0,0,1,0,0,0,0,0,0
10.738179,0,0,0,0,0,0,1,0,0
10.742093,0,0,1,0,0,0,0,0,0
10.748517,0,0,0,1,0,0,0,0,0
10.749324,0,0,0,0,0,1,0,0,0
10.750654,0,0,0,0,0,0,0,0,1
10.751822,1,0,0,0,1,0,0,0,0
10.759202,0,0,0,0,0,0,1,0,0
10.769235,1,0,0,0,0,0,0,0,0
10.786165,0,0,1,0,0,0,0,0,0
10.786974,0,0,0,0,1,0,0,0,0
10.787844,0,0,0,0,0,0,0,1,0
10.796241,0,0,0,0,0,1,0,0,0
10.797767,0,0,0,0,0,0,0,0,1
10.799092,0,0,0,1,0,0,0,0,0
10.803308,0,0,0,0,0,0,0,1,0
10.804715,0,0,0,0,0,0,1,0,0
10.810731,0,1,0,0,0,0,0,0,0
10.816312,1,0,0,0,1,0,0,0,0
10.817214,0,0,0,0,0,0,0,1,0
10.827503,0,1,0,0,0,0,0,0,0
10.835274,0,0,1,0,0,0,0,0,0
10.837381,0,1,0,0,0,0,0,0,0
10.850225,0,0,0,1,0,0,0,0,0
10.850943,0,0,0,0,0,1,0,0,0
10.863119,0,0,0,0,0,0,1,0,0
10.869523,0,0,0,0,0,0,0,0,1
10.879025,1,0,0,0,1,0,0,0,0
10.880218,0,0,0,0,0,0,0,1,0
10.896822,0,0,0,0,0,1,0,0,0
10.898729,0,0,0,1,0,0,0,0,0
10.899163,0,0,0,0,0,0,0,0,1
10.899834,0,0,0,0,0,0,1,0,0
10.901274,0,0,1,0,0,0,0,0,0
10.907965,0,1,0,0,0,0,0,0,0
10.910997,1,0,0,0,0,0,0,0,0
10.934508,0,0,0,0,1,0,0,0,0
10.936738,0,0,0,0,0,0,0,1,0
10.937182,0,0,1,0,0,0,0,0,0
10.951181,0,0,0,1,0,0,0,0,0
10.953368,0,0,0,0,0,1,0,0,0
10.954451,0,0,0,0,0,0,1,0,0
10.957867,0,1,0,0,0,0,0,0,0
10.970746,0,0,0,0,0,0,0,0,1
10.971903,1,0,0,0,1,0,0,0,0
10.972479,0,0,0,0,0,0,0,1,0
10.993030,0,1,0,0,0,0,0,0,0
11.000506,0,0,0,1,0,0,0,0,0
11.001506,0,0,0,0,0,1,0,0,0
11.005306,0,0,0,0,0,0,0,0,1
11.007727,0,0,1,0,0,0,0,0,0
11.009542,0,0,0,0,0,0,1,0,0
11.021602,1,0,0,0,1,0,0,0,0
11.040252,0,0,1,0,0,0,0,0,0
11.048812,0,0,0,1,0,0,0,0,0
11.049399,0,0,0,0,0,1,0,0,0
11.055577,0,0,0,0,0,0,1,0,0
11.057289,0,0,0,0,0,0,0,0,1
11.069553,1,0,0,0,0,0,0,0,0
11.079488,0,0,0,0,1,0,0,1,0
11.087644,0,0,1,0,0,0,0,0,0
11.097086,0,0,0,0,0,0,0,1,0
11.100804,0,0,0,0,0,1,0,0,0
11.100981,0,1,0,0,0,0,0,0,0
11.101541,0,0,0,1,0,0,0,0,0
11.115264,0,0,0,0,0,0,0,0,1
11.124392,0,1,0,0,0,0,0,0,0
11.130617,0,0,0,0,0,0,1,0,0
11.145929,1,0,0,0,1,0,0,0,0
11.146942,0,0,1,0,0,0,0,0,0
11.149602,0,0,0,0,0,0,0,1,0
11.150278,0,0,0,1,0,0,0,0,0
11.150309,0,0,0,0,0,0,1,0,0
11.153832,0,0,0,0,0,1,0,0,0
11.155566,0,0,0,0,0,0,0,0,1
11.168861,1,0,0,0,1,0,0,0,0
11.171498,0,1,0,0,0,0,0,0,0
11.189890,0,0,0,0,0,0,0,1,0
11.194502,0,0,1,0,0,0,0,0,0
11.200878,0,0,0,1,0,0,0,0,0
11.201763,0,0,0,0,0,1,0,0,0
11.202597,0,0,0,0,0,0,0,0,1
11.209571,0,0,0,0,0,0,1,0,0
11.210902,0,1,0,0,0,0,0,0,0
11.225401,1,0,0,0,0,0,0,0,0
11.226889,0,0,0,0,1,0,0,0,0
11.241112,0,0,0,0,0,0,0,1,0
11.242523,0,0,1,0,0,0,0,0,0
11.247725,0,0,0,0,0,1,0,0,0
11.249316,0,0,0,1,0,0,0,0,0
11.249858,0,0,0,0,0,0,1,0,0
11.252753,0,0,0,0,0,0,0,0,1
11.260391,1,0,0,0,0,0,0,0,0
11.265495,0,0,0,0,1,0,0,0,0
11.267530,0,0,0,0,0,0,0,1,0
11.269524,0,1,0,0,0,0,0,0,0
11.289371,0,0,1,0,0,0,0,0,0
11.290046,0,1,0,0,0,0,0,0,0
11.296457,0,0,0,0,0,1,0,0,0
11.299255,0,0,0,1,0,0,0,0,0
11.305003,0,0,0,0,0,0,0,0,1
11.306225,0,0,0,0,0,0,1,0,0
11.317185,1,0,0,0,1,0,0,0,0
11.322102,0,0,0,0,0,0,0,1,0
11.339286,0,0,1,0,0,0,0,0,0
11.347644,0,0,0,0,0,1,0,0,0
11.350012,0,0,0,1,0,0,0,0,0
11.350542,0,1,0,0,0,0,0,0,0
11.352837,0,0,0,0,0,0,1,0,0
11.365227,1,0,0,0,0,0,0,0,0
11.375849,0,0,0,0,0,0,0,0,1
11.399709,0,0,0,1,1,0,0,0,0
11.401453,0,0,0,0,0,1,0,0,0
11.403020,0,0,0,0,0,0,0,1,0
11.406447,0,0,0,0,0,0,1,0,0
11.411463,0,0,1,0,0,0,0,0,0
11.416803,0,0,0,0,0,0,0,0,1
11.419800,1,0,0,0,1,0,0,0,0
11.432370,0,1,0,0,0,0,0,0,0
11.433707,0,0,0,0,0,0,0,1,0
11.450323,0,0,0,1,0,0,0,0,0
11.450429,0,0,0,0,0,1,0,0,0
11.451598,0,0,1,0,0,0,0,0,0
11.454056,0,0,0,0,0,0,1,0,0
11.459318,0,0,0,0,0,0,0,0,1
11.460547,0,1,0,0,0,0,0,0,0
11.467081,1,0,0,0,0,0,0,0,0
11.489874,0,0,1,0,0,0,0,0,0
11.497318,0,0,0,0,1,0,0,0,0
11.499980,0,0,0,0,0,1,0,0,0
11.501485,0,0,0,1,0,0,0,0,0
11.503373,0,0,0,0,0,0,0,1,0
11.511281,0,0,0,0,0,0,1,0,0
11.521426,1,0,0,0,1,0,0,0,0
11.521592,0,0,0,0,0,0,0,1,0
11.523827,0,1,0,0,0,0,0,0,0
11.526148,0,0,0,0,0,0,0,0,1
11.548910,0,0,0,0,0,1,0,0,0
11.549339,0,1,0,0,0,0,0,0,0
11.550672,0,0,0,1,0,0,0,0,0
11.560425,0,0,1,0,0,0,0,0,0
11.564729,0,0,0,0,0,0,0,0,1
11.566190,0,0,0,0,0,0,1,0,0
11.583532,1,0,0,0,0,0,0,0,0
11.588833,0,0,0,0,1,0,0,0,0
11.599019,0,0,0,0,0,1,0,0,0
11.600087,0,0,1,0,0,0,0,0,0
11.600527,0,0,0,0,0,0,0,0,1
11.601366,0,0,0,1,0,0,0,0,0
11.601758,0,0,0,0,0,0,0,1,0
11.617526,0,0,0,0,0,0,1,0,0
11.621822,0,1,0,0,0,0,0,0,0
11.634619,1,0,0,0,0,0,0,0,0
11.638564,0,0,1,0,0,0,0,0,0
11.650544,0,0,0,1,1,0,0,0,0
11.653797,0,0,0,0,0,1,0,0,0
11.663848,0,0,0,0,0,0,0,0,1
11.665808,0,0,0,0,0,0,0,1,0
11.673741,0,0,0,0,0,0,1,0,0
11.689446,0,1,0,0,0,0,0,0,0
11.692152,1,0,0,0,0,0,0,0,0
11.697360,0,0,1,0,1,0,0,0,0
11.698393,0,0,0,0,0,0,0,1,0
11.699467,0,0,0,1,0,0,0,0,0
11.699823,0,0,0,0,0,1,0,0,0
11.699989,0,0,0,0,0,0,0,0,1
11.701550,0,0,0,0,0,0,1,0,0
11.721047,1,0,0,0,0,0,0,0,0
11.722800,0,1,0,0,0,0,0,0,0
11.732358,0,0,0,0,1,0,0,0,0
11.733091,0,0,0,0,0,0,0,1,0
11.736733,0,0,1,0,0,0,0,0,0
11.750379,0,0,0,1,0,0,0,0,0
11.750853,0,0,0,0,0,1,0,0,0
11.751509,0,0,0,0,0,0,1,0,0
11.751884,0,0,0,0,0,0,0,0,1
11.756905,0,1,0,0,0,0,0,0,0
11.763753,1,0,0,0,1,0,0,0,0
11.765651,0,0,0,0,0,0,0,1,0
11.783555,0,0,1,0,0,0,0,0,0
11.793607,0,1,0,0,0,0,0,0,0
11.799640,0,0,0,1,0,0,0,0,0
11.801000,0,0,0,0,0,1,0,0,0
11.801592,0,0,0,0,0,0,0,0,1
11.840881,0,0,1,0,0,0,0,0,0
11.848419,0,0,0,0,0,1,0,0,0
11.850159,0,0,0,1,0,0,0,0,0
11.850481,0,0,0,0,0,0,1,0,0
11.853147,0,0,0,0,0,0,0,0,1
11.853788,0,0,0,0,0,0,1,0,0
11.864737,1,0,0,0,1,0,0,0,0
11.867018,1,0,0,0,0,0,0,0,0
11.872096,0,0,0,0,1,0,0,1,0
11.872576,0,0,0,0,0,0,0,1,0
11.884011,0,0,1,0,0,0,0,0,0
11.898599,0,0,0,1,0,0,0,0,0
11.898861,0,1,0,0,0,0,0,0,0
11.901687,0,1,0,0,0,0,0,0,0
11.901831,0,0,0,0,0,0,1,0,0
11.903978,0,0,0,0,0,1,0,0,0
11.916709,1,0,0,0,1,0,0,0,0
11.921509,0,0,0,0,0,0,0,0,1
11.930808,0,0,0,0,0,0,0,1,0
11.948933,0,0,0,1,0,0,0,0,0
11.952465,0,0,0,0,0,1,0,0,0
11.954256,0,0,1,0,0,0,0,0,0
11.955131,0,1,0,0,0,0,0,0,0
11.962620,0,0,0,0,0,0,1,0,0
11.966369,0,0,0,0,0,0,0,0,1
11.976668,1,0,0,0,0,0,0,0,0
11.995160,0,0,0,0,1,0,0,0,0
11.999151,0,0,0,1,0,0,0,0,0
12.001185,0,0,0,0,0,1,0,0,0
12.004969,0,0,1,0,0,0,0,0,0
12.005659,0,0,0,0,0,0,1,0,0
12.016081,0,0,0,0,0,0,0,0,1
12.020314,1,0,0,0,0,0,0,0,0
12.021727,0,0,0,0,0,0,0,1,0
12.049127,0,1,0,0,0,0,0,0,0
12.050154,0,0,1,0,1,0,0,0,0
12.051182,0,0,0,1,0,0,0,0,0
12.052606,0,0,0,0,0,1,0,0,0
12.053891,0,0,0,0,0,0,1,0,0
12.054096,0,0,0,0,0,0,0,0,1
12.063913,1,0,0,0,0,0,0,0,0
12.084781,0,0,0,0,1,0,0,1,0
12.086221,0,0,1,0,0,0,0,0,0
12.099744,0,0,0,1,0,0,0,0,0
12.099840,0,0,0,0,0,0,1,0,0
12.099997,0,0,0,0,0,1,0,0,0
12.103819,0,0,0,0,0,0,0,1,0
12.108005,0,1,0,0,0,0,0,0,0
12.118969,1,0,0,0,0,0,0,0,0
12.124850,0,1,0,0,1,0,0,0,0
12.125861,0,0,0,0,0,0,0,1,0
12.130011,0,0,0,0,0,0,0,0,1
12.147424,0,0,0,0,0,1,0,0,0
12.150500,0,0,0,1,0,0,0,0,0
12.152429,0,1,0,0,0,0,0,0,0
12.154918,0,0,0,0,0,0,0,0,1
12.168342,0,0,1,0,0,0,0,0,0
12.168745,0,0,0,0,0,0,1,0,0
12.180167,1,0,0,0,1,0,0,0,0
12.184175,0,0,0,0,0,0,0,1,0
12.193361,0,0,1,0,0,0,0,0,0
12.199633,0,0,0,1,0,0,0,0,0
12.203107,0,0,0,0,0,1,0,0,0
12.207071,0,1,0,0,0,0,0,0,0
12.207127,0,0,0,0,0,0,1,0,0
12.207583,0,0,0,0,0,0,0,0,1
12.220159,1,0,0,0,0,0,0,0,0
12.241270,0,0,1,0,0,0,0,0,0
12.249583,0,0,0,1,1,0,0,0,0
12.250526,0,0,0,0,0,1,0,0,0
12.255359,0,0,0,0,0,0,0,1,0
12.265059,0,0,0,0,0,0,0,0,1
12.281433,0,0,0,0,0,0,1,0,0
12.283403,0,1,0,0,0,0,0,0,0
12.295996,1,0,0,0,0,0,0,0,0
12.298942,0,0,0,0,1,0,0,0,0
12.300111,0,0,0,1,0,0,0,0,0
12.301499,0,0,0,0,0,1,0,0,0
12.303956,0,0,1,0,0,0,0,0,0
12.307568,0,0,0,0,0,0,0,0,1
12.315340,0,0,0,0,0,0,1,0,0
12.319500,0,0,0,0,0,0,0,1,0
12.328781,1,0,0,0,1,0,0,0,0
12.336890,0,0,0,0,0,0,0,1,0
12.341908,0,1,0,0,0,0,0,0,0
12.342982,0,0,1,0,0,0,0,0,0
12.349825,0,0,0,1,0,0,0,0,0
12.352863,0,0,0,0,0,1,0,0,0
12.353736,0,0,0,0,0,0,1,0,0
12.361915,0,1,0,0,0,0,0,0,0
12.370397,1,0,0,0,0,0,0,0,0
12.371457,0,0,0,0,1,0,0,0,0
12.372669,0,0,0,0,0,0,0,0,1
12.373175,0,0,0,0,0,0,0,1,0
12.394612,0,1,0,0,0,0,0,0,0
12.399107,0,0,0,1,0,0,0,0,0
12.399170,0,0,0,0,0,1,0,0,0
12.399748,0,0,0,0,0,0,0,0,1
12.401280,0,0,0,0,0,0,1,0,0
12.409817,0,0,1,0,0,0,0,0,0
12.415603,1,0,0,0,1,0,0,0,0
12.428287,0,0,0,0,0,0,0,1,0
12.436757,0,0,1,0,0,0,0,0,0
12.449305,0,0,0,1,0,0,0,0,0
12.450202,0,1,0,0,0,0,0,0,0
12.450835,0,0,0,0,0,1,0,0,0
12.451142,0,0,0,0,0,0,0,0,1
12.452969,0,0,0,0,0,0,1,0,0
12.463016,1,0,0,0,0,0,0,0,0
12.487065,0,0,1,0,1,0,0,0,0
12.498696,0,0,0,1,0,0,0,0,0
12.498999,0,0,0,0,0,0,0,1,0
12.503214,0,0,0,0,0,1,0,0,0
12.503925,0,0,0,0,0,0,0,0,1
12.512031,0,0,0,0,0,0,1,0,0
12.519632,0,1,0,0,0,0,0,0,0
12.525168,1,0,0,0,1,0,0,0,0
12.527261,0,0,0,0,0,0,0,1,0
12.539052,0,0,1,0,0,0,0,0,0
12.548877,0,0,0,0,0,1,0,0,0
12.549467,0,0,0,1,0,0,0,0,0
12.551102,0,0,0,0,0,0,0,0,1
12.556627,0,1,0,0,0,0,0,0,0
12.571144,0,0,0,0,0,0,1,0,0
12.584294,1,0,0,0,0,0,0,0,0
12.585294,0,0,0,0,1,0,0,0,0
12.585740,0,0,1,0,0,0,0,0,0
12.589946,0,0,0,0,0,0,0,1,0
12.597760,0,0,0,0,0,1,0,0,0
12.599783,0,0,0,1,0,0,0,0,0
12.600132,0,0,0,0,0,0,0,0,1
12.609766,0,0,0,0,0,0,1,0,0
12.617747,0,1,0,0,0,0,0,0,0
12.628466,1,0,0,0,0,0,0,0,0
12.630194,0,0,0,0,1,0,0,0,0
12.635771,0,0,1,0,0,0,0,0,0
12.636710,0,0,0,0,0,0,0,1,0
12.648036,0,0,0,0,0,1,0,0,0
12.650467,0,0,0,1,0,0,0,0,0
12.651481,0,0,0,0,0,0,0,0,1
12.656745,0,1,0,0,0,0,0,0,0
12.660888,0,0,0,0,0,0,1,0,0
12.672386,1,0,0,0,0,0,0,0,0
12.687218,0,0,1,0,0,0,0,0,0
12.700812,0,0,0,0,0,1,0,0,0
12.701355,0,0,0,1,0,0,0,0,0
12.710241,0,0,0,0,0,0,1,0,0
12.716032,0,0,0,0,1,0,0,0,1
12.718754,0,0,0,0,0,0,0,1,0
12.727588,1,0,0,0,1,0,0,0,0
12.730167,0,0,0,0,0,0,0,1,0
12.746187,0,1,0,0,0,0,0,0,0
12.750007,0,0,0,1,0,0,0,0,0
12.752515,0,0,0,0,0,1,0,0,0
12.752739,0,0,0,0,0,0,1,0,0
12.755799,0,0,1,0,0,0,0,0,0
12.757578,0,1,0,0,0,0,0,0,0
12.771232,1,0,0,0,0,0,0,0,0
12.772485,0,0,0,0,1,0,0,0,0
12.773805,0,0,0,0,0,0,0,1,0
12.774220,0,0,0,0,0,0,0,0,1
12.797554,0,0,0,0,0,1,0,0,0
12.797799,0,1,0,0,0,0,0,0,0
12.800150,0,0,0,1,0,0,0,0,0
12.802211,0,0,0,0,0,0,1,0,0
12.805815,0,0,1,0,0,0,0,0,0
12.817951,0,0,0,0,0,0,0,0,1
12.819784,1,0,0,0,1,0,0,0,0
12.824464,0,0,0,0,0,0,0,1,0
12.845206,0,1,0,0,0,0,0,0,0
12.849534,0,0,0,0,0,1,0,0,0
12.849906,0,0,0,1,0,0,0,0,0
12.851108,0,0,1,0,0,0,0,0,0
12.856224,0,0,0,0,0,0,0,0,1
12.860324,0,0,0,0,0,0,1,0,0
12.873186,1,0,0,0,0,0,0,0,0
12.887979,0,0,1,0,0,0,0,0,0
12.899114,0,0,0,0,1,1,0,0,0
12.899514,0,0,0,1,0,0,0,0,0
12.900185,0,0,0,0,0,0,0,0,1
12.903246,0,0,0,0,0,0,0,1,0
12.905197,0,0,0,0,0,0,1,0,0
12.918460,1,0,0,0,1,0,0,0,0
12.926427,0,1,0,0,0,0,0,0,0
12.937076,0,0,1,0,0,0,0,0,0
12.939699,0,0,0,0,0,0,0,1,0
12.949361,0,0,0,0,0,1,0,0,0
12.950385,0,0,0,1,0,0,0,0,0
12.957529,0,0,0,0,0,0,0,0,1
12.964522,0,1,0,0,0,0,0,0,0
12.987658,0,0,0,0,0,0,1,0,0
12.990834,0,0,1,0,0,0,0,0,0
12.998646,0,0,0,1,0,0,0,0,0
12.999583,0,0,0,0,0,1,0,0,0
13.004320,1,0,0,0,1,0,0,0,0
13.005965,0,0,0,0,0,0,1,0,0
13.012234,0,0,0,0,0,0,0,1,0
13.021438,1,0,0,0,1,0,0,0,0
13.025101,0,0,0,0,0,0,0,1,0
13.034668,0,0,0,0,0,0,0,0,1
13.035156,0,1,0,0,0,0,0,0,0
13.047206,0,0,0,0,0,1,0,0,0
13.048259,0,0,0,1,0,0,0,0,0
13.048589,0,0,0,0,0,0,1,0,0
13.050337,0,1,0,0,0,0,0,0,0
13.053005,0,0,0,0,0,0,0,0,1
13.063041,1,0,0,0,0,0,0,0,0
13.071081,0,0,1,0,1,0,0,0,0
13.085748,0,0,1,0,0,0,0,0,0
13.085996,0,0,0,0,0,0,0,1,0
13.101358,0,0,0,1,0,0,0,0,0
13.103332,0,0,0,0,0,1,0,0,0
13.106155,0,0,0,0,0,0,1,0,0
13.107449,0,0,0,0,0,0,0,0,1
13.113303,0,1,0,0,0,0,0,0,0
13.118861,1,0,0,0,0,0,0,0,0
13.145658,0,0,1,0,1,0,0,0,0
13.150052,0,0,0,0,0,1,0,0,0
13.151540,0,0,0,1,0,0,0,0,0
13.152756,0,0,0,0,0,0,0,0,1
13.162404,0,0,0,0,0,0,0,1,0
13.166359,0,0,0,0,0,0,1,0,0
13.180125,1,0,0,0,0,0,0,0,0
13.188486,0,0,1,0,0,0,0,0,0
13.188909,0,0,0,0,1,0,0,0,0
13.189332,0,1,0,0,0,0,0,0,0
13.192761,0,0,0,0,0,0,0,1,0
13.199633,0,0,0,1,0,0,0,0,0
13.201765,0,0,0,0,0,1,0,0,0
13.209231,0,0,0,0,0,0,0,0,1
13.210009,0,0,0,0,0,0,1,0,0
13.221995,0,1,0,0,0,0,0,0,0
13.228676,1,0,0,0,1,0,0,0,0
13.231163,0,0,0,0,0,0,0,1,0
13.246388,0,0,0,0,0,1,0,0,0
13.246626,0,0,1,0,0,0,0,0,0
13.250368,0,0,0,1,0,0,0,0,0
13.259819,0,0,0,0,0,0,0,0,1
13.260776,0,1,0,0,0,0,0,0,0
13.266531,0,0,0,0,0,0,1,0,0
13.285183,1,0,0,0,1,0,0,0,0
13.294029,0,0,0,0,0,0,0,1,0
13.295083,0,0,1,0,0,0,0,0,0
13.296550,0,0,0,0,0,1,0,0,0
13.300794,0,0,0,1,0,0,0,0,0
13.302769,0,0,0,0,0,0,1,0,0
13.305835,0,0,0,0,0,0,0,0,1
13.318956,0,1,0,0,0,0,0,0,0
13.322638,1,0,0,0,0,0,0,0,0
13.345147,0,0,1,0,1,0,0,0,0
13.348731,0,0,0,1,0,0,0,0,0
13.348733,0,0,0,0,0,0,0,1,0
13.353646,0,0,0,0,0,1,0,0,0
13.356002,0,0,0,0,0,0,1,0,0
13.366014,1,0,0,0,1,0,0,0,0
13.371356,0,0,0,0,0,0,0,0,1
13.374644,0,0,0,0,0,0,0,1,0
13.374930,0,1,0,0,0,0,0,0,0
13.399642,0,0,0,1,0,0,0,0,0
13.400166,0,1,0,0,0,0,0,0,0
13.400699,0,0,0,0,0,1,0,0,0
13.406398,0,0,1,0,0,0,0,0,0
13.409121,0,0,0,0,0,0,0,0,1
13.426076,0,0,0,0,0,0,1,0,0
13.437445,1,0,0,0,1,0,0,0,0
13.442054,0,0,1,0,0,0,0,0,0
13.448410,0,0,0,1,0,0,0,0,0
13.450926,0,0,0,0,0,1,0,0,0
13.453145,0,0,0,0,0,0,0,0,1
13.458444,0,0,0,0,0,0,1,0,0
13.466068,0,0,0,0,0,0,0,1,0
13.471067,1,0,0,0,0,0,0,0,0
13.486699,0,1,0,0,1,0,0,0,0
13.492819,0,0,0,0,0,0,0,1,0
13.492883,0,0,1,0,0,0,0,0,0
13.499856,0,0,0,0,0,1,0,0,0
13.500763,0,0,0,0,0,0,0,0,1
13.501810,0,0,0,1,0,0,0,0,0
13.513794,0,1,0,0,0,0,0,0,0
13.521968,0,0,0,0,0,0,1,0,0
13.538759,0,0,1,0,0,0,0,0,0
13.539054,1,0,0,0,0,0,0,0,0
13.549900,0,0,0,1,0,0,0,0,0
13.550384,0,0,0,0,1,0,1,0,0
13.552767,0,0,0,0,0,1,0,0,0
13.557493,0,0,0,0,0,0,0,0,1
13.566030,1,0,0,0,0,0,0,0,0
13.571161,0,0,0,0,1,0,0,0,0
13.574879,0,0,0,0,0,0,0,1,0
13.575937,0,0,0,0,0,0,0,1,0
13.595564,0,0,1,0,0,0,0,0,0
13.597014,0,0,0,0,0,1,0,0,0
13.599349,0,0,0,1,0,0,0,0,0
13.601070,0,1,0,0,0,0,0,0,0
13.601217,0,0,0,0,0,0,0,0,1
13.602719,0,0,0,0,0,0,1,0,0
13.605517,0,1,0,0,0,0,0,0,0
13.613898,1,0,0,0,1,0,0,0,0
13.617509,0,0,0,0,0,0,0,1,0
13.633198,0,0,1,0,0,0,0,0,0
13.641711,0,1,0,0,0,0,0,0,0
13.648053,0,0,0,1,0,0,0,0,0
13.648432,0,0,0,0,0,1,0,0,0
13.652832,0,0,0,0,0,0,0,0,1
13.684668,0,0,1,0,0,0,0,0,0
13.686983,0,0,0,0,0,0,1,0,0
13.698539,0,0,0,0,0,1,0,0,0
13.698599,1,0,0,0,1,0,0,0,0
13.699444,0,0,0,0,0,0,0,1,0
13.700418,0,0,0,0,0,0,0,0,1
13.700791,0,0,0,1,0,0,0,0,0
13.703077,0,0,0,0,0,0,1,0,0
13.719685,1,0,0,0,1,0,0,0,0
13.723203,0,1,0,0,0,0,0,0,0
13.730640,0,0,0,0,0,0,0,1,0
13.738056,0,0,1,0,0,0,0,0,0
13.747984,0,0,0,0,0,1,0,0,0
13.749944,0,0,0,1,0,0,0,0,0
13.756025,0,1,0,0,0,0,0,0,0
13.768044,0,0,0,0,0,0,1,0,0
13.771471,0,0,0,0,0,0,0,0,1
13.783464,1,0,0,0,0,0,0,0,0
13.801653,0,0,0,1,1,0,0,0,0
13.803787,0,0,0,0,0,1,0,0,0
13.803959,0,0,1,0,0,0,0,0,0
13.807932,0,0,0,0,0,0,0,1,0
13.809801,0,0,0,0,0,0,1,0,0
13.822428,0,0,0,0,0,0,0,0,1
13.823756,1,0,0,0,1,0,0,0,0
13.824178,0,0,0,0,0,0,0,1,0
13.834661,0,1,0,0,0,0,0,0,0
13.849822,0,0,0,1,0,0,0,0,0
13.850885,0,0,0,0,0,0,1,0,0
13.850918,0,1,0,0,0,0,0,0,0
13.853191,0,0,0,0,0,1,0,0,0
13.858184,0,0,1,0,0,0,0,0,0
13.861387,1,0,0,0,0,0,0,0,0
13.871271,0,0,0,0,1,0,0,0,1
13.880197,0,0,0,0,0,0,0,1,0
13.898509,0,0,0,0,0,1,0,0,0
13.899508,0,0,0,1,0,0,0,0,0
13.902491,0,0,0,0,0,0,1,0,0
13.902984,0,1,0,0,0,0,0,0,0
13.910625,0,0,1,0,0,0,0,0,0
13.916972,0,0,0,0,0,0,0,0,1
13.918295,1,0,0,0,0,0,0,0,0
13.951841,0,0,1,0,1,0,0,0,0
13.951901,0,0,0,1,0,0,0,0,0
13.953987,0,0,0,0,0,1,0,0,0
13.961019,0,0,0,0,0,0,0,1,0
13.962305,0,0,0,0,0,0,0,0,1
13.974226,0,0,0,0,0,0,1,0,0
13.985263,0,1,0,0,0,0,0,0,0
13.992032,1,0,0,0,0,0,0,0,0
13.994929,0,0,1,0,1,0,0,0,0
13.998573,0,0,0,0,0,1,0,0,0
13.999386,0,0,0,1,0,0,0,0,0
14.007934,0,0,0,0,0,0,0,0,1
14.012811,0,0,0,0,0,0,0,1,0
14.029309,0,0,0,0,0,0,1,0,0
14.034633,0,1,0,0,0,0,0,0,0
14.046165,0,0,1,0,0,0,0,0,0
14.047326,0,0,0,0,0,1,0,0,0
14.047496,1,0,0,0,0,0,0,0,0
14.050305,0,0,0,1,1,0,0,0,0
14.050743,0,0,0,0,0,0,1,0,0
14.053606,0,0,0,0,0,0,0,1,0
14.055860,0,0,0,0,0,0,0,0,1
14.063634,1,0,0,0,0,0,0,0,0
14.076900,0,1,0,0,1,0,0,0,0
14.083371,0,0,0,0,0,0,0,1,0
14.092556,0,0,1,0,0,0,0,0,0
14.099168,0,0,0,1,0,0,0,0,0
14.103178,0,0,0,0,0,1,0,0,0
14.103240,0,0,0,0,0,0,0,0,1
14.112680,0,1,0,0,0,0,0,0,0
14.119469,0,0,0,0,0,0,1,0,0
14.132243,1,0,0,0,0,0,0,0,0
14.137670,0,0,1,0,0,0,0,0,0
14.148842,0,0,0,1,1,0,0,0,0
14.152536,0,0,0,0,0,1,0,0,0
14.153477,0,0,0,0,0,0,0,0,1
14.167640,0,0,0,0,0,0,0,1,0
14.187181,0,0,1,0,0,0,0,0,0
14.192423,0,1,0,0,0,0,0,0,0
14.196101,0,0,0,0,0,1,0,0,0
14.199549,0,0,0,0,0,0,0,0,1
14.200404,0,0,0,1,0,0,0,0,0
14.210630,0,0,0,0,0,0,1,0,0
14.225178,1,0,0,0,1,0,0,0,0
14.226437,0,0,0,0,0,0,1,0,0
14.228900,0,0,0,0,0,0,0,1,0
14.236602,0,0,1,0,0,0,0,0,0
14.244428,1,0,0,0,1,0,0,0,0
14.245548,0,0,0,0,0,0,0,1,0
14.246138,0,0,0,0,0,1,0,0,0
14.250772,0,0,0,1,0,0,0,0,0
14.252597,0,0,0,0,0,0,1,0,0
14.254848,0,1,0,0,0,0,0,0,0
14.262817,1,0,0,0,0,0,0,0,0
14.268859,0,1,0,0,0,0,0,0,0
14.283234,0,0,0,0,0,0,0,0,1
14.296209,0,0,0,0,1,0,0,0,0
14.297817,0,0,0,0,0,0,0,1,0
14.298244,0,0,0,0,0,1,0,0,0
14.298880,0,0,0,0,0,0,0,0,1
14.300647,0,0,0,1,0,0,0,0,0
14.304811,0,0,0,0,0,0,1,0,0
14.316063,1,0,0,0,0,0,0,0,0
14.318679,0,0,1,0,1,0,0,0,0
14.324940,0,1,0,0,0,0,0,0,0
14.327010,0,0,0,0,0,0,0,1,0
14.328942,0,0,1,0,0,0,0,0,0
14.350442,0,0,0,1,0,0,0,0,0
14.351376,0,0,0,0,0,1,0,0,0
14.354730,0,1,0,0,0,0,0,0,0
14.356010,0,0,0,0,0,0,0,0,1
14.364784,0,0,0,0,0,0,1,0,0
14.380794,1,0,0,0,1,0,0,0,0
14.384111,0,0,0,0,0,0,0,1,0
14.394912,0,0,1,0,0,0,0,0,0
14.399948,0,0,0,0,0,1,0,0,0
14.401112,0,0,0,1,0,0,0,0,0
14.405783,0,0,0,0,0,0,0,0,1
14.409717,0,0,0,0,0,0,1,0,0
14.411580,0,1,0,0,0,0,0,0,0
14.427545,1,0,0,0,0,0,0,0,0
14.443571,0,0,1,0,0,0,0,0,0
14.446465,0,0,0,0,1,1,0,0,0
14.447106,0,0,0,0,0,0,0,0,1
14.449505,0,0,0,1,0,0,0,0,0
14.452705,0,0,0,0,0,0,0,1,0
14.460784,0,0,0,0,0,0,1,0,0
14.475352,1,0,0,0,0,0,0,0,0
14.476509,0,0,0,0,1,0,0,0,0
14.479445,0,1,0,0,0,0,0,0,0
14.480521,0,0,0,0,0,0,0,1,0
14.486106,0,0,1,0,0,0,0,0,0
14.500328,0,0,0,0,0,1,0,0,0
14.500398,0,0,0,1,0,0,0,0,0
14.503352,0,1,0,0,0,0,0,0,0
14.506640,0,0,0,0,0,0,1,0,0
14.514001,0,0,0,0,0,0,0,0,1
14.526258,1,0,0,0,0,0,0,0,0
14.548625,0,0,1,0,1,0,0,0,0
14.548710,0,0,0,1,0,0,0,0,0
14.550543,0,0,0,0,0,1,0,0,0
14.551279,0,0,0,0,0,0,1,0,0
14.555126,0,0,0,0,0,0,0,1,0
14.564128,1,0,0,0,0,0,0,0,0
14.573476,0,0,0,0,1,0,0,0,1
14.575704,0,0,0,0,0,0,0,1,0
14.577708,0,1,0,0,0,0,0,0,0
14.596471,0,1,0,0,0,0,0,0,0
14.601069,0,0,0,1,0,0,0,0,0
14.601619,0,0,0,0,0,1,0,0,0
14.602314,0,0,0,0,0,0,0,0,1
14.603989,0,0,0,0,0,0,1,0,0
14.606925,0,0,1,0,0,0,0,0,0
14.618688,1,0,0,0,1,0,0,0,0
14.625479,0,0,0,0,0,0,0,1,0
14.638249,0,0,1,0,0,0,0,0,0
14.648949,0,1,0,0,0,0,0,0,0
14.651428,0,0,0,1,0,0,0,0,0
14.651962,0,0,0,0,0,1,0,0,0
14.656936,0,0,0,0,0,0,1,0,0
14.665155,0,0,0,0,0,0,0,0,1
14.675061,1,0,0,0,1,0,0,0,0
14.682142,0,0,0,0,0,0,0,1,0
14.697062,0,0,0,0,0,1,0,0,0
14.698450,0,0,0,1,0,0,0,0,0
14.700354,0,0,0,0,0,0,0,0,1
14.701884,0,0,1,0,0,0,0,0,0
14.704130,0,1,0,0,0,0,0,0,0
14.705121,0,0,0,0,0,0,1,0,0
14.715631,1,0,0,0,0,0,0,0,0
14.737476,0,0,1,0,1,0,0,0,0
14.750366,0,0,0,1,0,0,0,0,0
14.751137,0,0,0,0,0,1,0,0,0
14.751531,0,0,0,0,0,0,0,1,0
14.753350,0,0,0,0,0,0,0,0,1
14.754167,0,0,0,0,0,0,1,0,0
14.770129,1,0,0,0,0,0,0,0,0
14.780590,0,1,0,0,1,0,0,0,0
14.789384,0,0,1,0,0,0,0,0,0
14.791741,0,0,0,0,0,0,0,1,0
14.801229,0,0,0,1,0,0,0,0,0
14.801514,0,0,0,0,0,1,0,0,0
14.806912,0,0,0,0,0,0,0,0,1
14.816444,0,1,0,0,0,0,0,0,0
14.820151,0,0,0,0,0,0,1,0,0
14.833677,1,0,0,0,1,0,0,0,0
14.835714,0,0,0,0,0,0,0,1,0
14.845325,0,0,1,0,0,0,0,0,0
14.849069,0,0,0,1,0,0,0,0,0
14.849628,0,0,0,0,0,1,0,0,0
14.852063,0,0,0,0,0,0,1,0,0
14.852159,0,0,0,0,0,0,0,0,1
14.861276,0,1,0,0,0,0,0,0,0
14.867483,1,0,0,0,0,0,0,0,0
14.889414,0,0,1,0,1,0,0,0,0
14.892552,0,0,0,0,0,0,0,1,0
14.899114,0,0,0,1,0,0,0,0,0
14.899406,0,0,0,0,0,1,0,0,0
14.909681,0,0,0,0,0,0,0,0,1
14.921777,0,1,0,0,0,0,0,0,0
14.927999,0,0,0,0,0,0,1,0,0
14.941733,0,0,1,0,0,0,0,0,0
14.943035,1,0,0,0,1,0,0,0,0
14.947004,0,0,0,0,0,1,0,0,0
14.948783,0,0,0,0,0,0,0,1,0
14.950613,0,0,0,1,0,0,0,0,0
14.956865,0,0,0,0,0,0,1,0,0
14.957878,0,0,0,0,0,0,0,0,1
14.968186,1,0,0,0,1,0,0,0,0
14.978143,0,1,0,0,0,0,0,0,0
14.982154,0,0,0,0,0,0,0,1,0
14.992444,0,0,1,0,0,0,0,0,0
14.998640,0,0,0,0,0,1,0,0,0
15.001120,0,0,0,1,0,0,0,0,0
15.005420,0,0,0,0,0,0,0,0,1
15.011286,0,0,0,0,0,0,1,0,0
15.011666,0,1,0,0,0,0,0,0,0
15.023675,1,0,0,0,1,0,0,0,0
15.034445,0,0,0,0,0,0,0,1,0
15.037970,0,0,1,0,0,0,0,0,0
15.047628,0,0,0,0,0,1,0,0,0
15.048483,0,0,0,0,0,0,0,0,1
15.049054,0,0,0,1,0,0,0,0,0
15.057496,0,1,0,0,0,0,0,0,0
15.083806,0,0,0,0,0,0,1,0,0
15.085087,0,0,1,0,0,0,0,0,0
15.093968,1,0,0,0,0,0,0,0,0
15.099927,0,0,0,1,0,0,0,0,0
15.101736,0,0,0,0,0,0,1,0,0
15.102251,0,0,0,0,1,1,0,0,0
15.107326,0,0,0,0,0,0,0,1,0
15.114417,1,0,0,0,1,0,0,0,0
15.119418,0,0,0,0,0,0,0,1,0
15.124083,0,0,0,0,0,0,0,0,1
15.135821,0,1,0,0,0,0,0,0,0
15.144569,0,1,0,0,0,0,0,0,0
15.149755,0,0,0,1,0,0,0,0,0
15.150786,0,0,0,0,0,1,0,0,0
15.156046,0,0,0,0,0,0,1,0,0
15.159352,0,0,1,0,0,0,0,0,0
15.164604,0,0,0,0,0,0,0,0,1
15.170143,1,0,0,0,0,0,0,0,0
15.176089,0,0,0,0,1,0,0,0,0
15.179408,0,0,0,0,0,0,0,1,0
15.198520,0,0,1,0,0,0,0,0,0
15.199198,0,0,0,1,0,0,0,0,0
15.199933,0,0,0,0,0,0,1,0,0
15.200964,0,0,0,0,0,1,0,0,0
15.207058,0,1,0,0,0,0,0,0,0
15.214613,1,0,0,0,1,0,0,0,0
15.222996,0,0,0,0,0,0,0,0,1
15.230896,0,0,0,0,0,0,0,1,0
15.247547,0,0,0,0,0,1,0,0,0
15.247855,0,0,0,0,0,0,0,0,1
15.251567,0,0,0,1,0,0,0,0,0
15.252477,0,1,0,0,0,0,0,0,0
15.257467,0,0,1,0,0,0,0,0,0
15.263497,0,0,0,0,0,0,1,0,0
15.274427,1,0,0,0,0,0,0,0,0
15.278598,0,0,1,0,1,0,0,0,0
15.279271,0,0,0,0,0,0,0,1,0
15.299486,0,0,0,0,0,1,0,0,0
15.300997,0,0,0,1,0,0,0,0,0
15.303036,0,1,0,0,0,0,0,0,0
15.304698,0,0,0,0,0,0,1,0,0
15.311450,0,0,0,0,0,0,0,0,1
15.315409,1,0,0,0,0,0,0,0,0
15.322713,0,0,0,0,1,0,0,0,0
15.337916,0,0,0,0,0,0,0,1,0
15.347752,0,0,0,0,0,1,0,0,0
15.347949,0,0,0,0,0,0,0,0,1
15.351124,0,0,0,1,0,0,0,0,0
15.351387,0,0,1,0,0,0,0,0,0
15.358944,0,1,0,0,0,0,0,0,0
15.373483,0,0,0,0,0,0,1,0,0
15.387521,0,0,1,0,0,0,0,0,0
15.391169,1,0,0,0,0,0,0,0,0
15.395077,0,0,0,0,1,0,0,0,0
15.398380,0,0,0,1,0,0,0,0,0
15.400627,0,0,0,0,0,0,1,0,0
15.400876,0,0,0,0,0,1,0,0,0
15.411444,0,0,0,0,0,0,0,0,1
15.417174,1,0,0,0,1,0,0,0,0
15.422019,0,0,0,0,0,0,0,1,0
15.448430,0,0,0,0,0,0,0,1,0
15.448977,0,0,1,0,0,0,0,0,0
15.449872,0,0,0,0,0,1,0,0,0
15.449985,0,0,0,1,0,0,0,0,0
15.451929,0,1,0,0,0,0,0,0,0
15.463677,0,0,0,0,0,0,0,0,1
15.471202,0,1,0,0,0,0,0,0,0
15.475867,0,0,0,0,0,0,1,0,0
15.495286,1,0,0,0,1,0,0,0,0
15.496905,0,0,0,0,0,1,0,0,0
15.498519,0,0,1,0,0,0,0,0,0
15.499712,0,0,0,1,0,0,0,0,0
15.500869,0,0,0,0,0,0,0,0,1
15.504304,0,0,0,0,0,0,0,1,0
15.517227,0,0,0,0,0,0,1,0,0
15.524778,0,1,0,0,0,0,0,0,0
15.527647,1,0,0,0,1,0,0,0,0
15.535921,0,0,1,0,0,0,0,0,0
15.550179,0,0,0,0,0,1,0,0,0
15.550484,0,0,0,1,0,0,0,0,0
15.558046,0,0,0,0,0,0,1,0,0
15.563549,0,0,0,0,0,0,0,0,1
15.570129,1,0,0,0,1,0,0,0,0
15.573883,0,0,0,0,0,0,0,1,0
15.585932,0,0,0,0,0,0,0,1,0
15.594941,0,1,0,0,0,0,0,0,0
15.599300,0,0,0,0,0,1,0,0,0
15.600417,0,0,0,1,0,0,0,0,0
15.601204,0,0,1,0,0,0,0,0,0
15.603670,0,0,0,0,0,0,0,0,1
15.612046,0,0,0,0,0,0,1,0,0
15.612324,0,1,0,0,0,0,0,0,0
15.623808,1,0,0,0,0,0,0,0,0
15.635796,0,0,1,0,0,0,0,0,0
15.646618,0,0,0,0,1,1,0,0,0
15.647146,0,0,0,0,0,0,0,0,1
15.649666,0,0,0,1,0,0,0,0,0
15.652036,0,0,0,0,0,0,0,1,0
15.658342,0,0,0,0,0,0,1,0,0
15.674887,1,0,0,0,1,0,0,0,0
15.675337,0,1,0,0,0,0,0,0,0
15.682026,0,0,1,0,0,0,0,0,0
15.685728,0,0,0,0,0,0,0,1,0
15.699521,0,0,0,0,0,1,0,0,0
15.701004,0,0,0,1,0,0,0,0,0
15.708568,0,1,0,0,0,0,0,0,0
15.712534,0,0,0,0,0,0,0,0,1
15.713650,0,0,0,0,0,0,1,0,0
15.729582,1,0,0,0,0,0,0,0,0
15.749262,0,0,0,0,0,1,0,0,0
15.750227,0,0,0,1,0,0,0,0,0
15.750628,0,0,0,0,1,0,0,0,0
15.751029,0,0,1,0,0,0,0,0,0
15.751611,0,0,0,0,0,0,0,0,1
15.753591,0,0,0,0,0,0,0,1,0
15.755228,0,0,0,0,0,0,1,0,0
15.767688,1,0,0,0,1,0,0,0,0
15.775306,0,0,0,0,0,0,0,1,0
15.779739,0,1,0,0,0,0,0,0,0
15.789922,0,0,1,0,0,0,0,0,0
15.795618,0,1,0,0,0,0,0,0,0
15.797821,0,0,0,0,0,1,0,0,0
15.800159,0,0,0,1,0,0,0,0,0
15.811848,0,0,0,0,0,0,0,0,1
15.814804,0,0,0,0,0,0,1,0,0
15.827110,1,0,0,0,1,0,0,0,0
15.834514,0,0,0,0,0,0,0,1,0
15.849748,0,0,0,1,0,0,0,0,0
15.850702,0,0,1,0,0,0,0,0,0
15.851077,0,0,0,0,0,1,0,0,0
15.852165,0,0,0,0,0,0,0,0,1
15.854790,0,0,0,0,0,0,1,0,0
15.859709,0,1,0,0,0,0,0,0,0
15.867657,1,0,0,0,1,0,0,0,0
15.874720,0,0,0,0,0,0,0,1,0
15.889754,0,0,1,0,0,0,0,0,0
15.899794,0,1,0,0,0,0,0,0,0
15.900661,0,0,0,1,0,0,0,0,0
15.901229,0,0,0,0,0,1,0,0,0
15.911659,0,0,0,0,0,0,0,0,1
15.916630,0,0,0,0,0,0,1,0,0
15.931387,1,0,0,0,1,0,0,0,0
15.942860,0,0,0,0,0,0,0,1,0
15.948810,0,0,0,1,0,0,0,0,0
15.949187,0,0,0,0,0,1,0,0,0
15.950465,0,0,1,0,0,0,0,0,0
15.951831,0,0,0,0,0,0,1,0,0
15.951995,0,0,0,0,0,0,0,0,1
15.965745,1,0,0,0,0,0,0,0,0
15.969319,0,1,0,0,0,0,0,0,0
15.988461,0,0,1,0,0,0,0,0,0
15.999884,0,0,0,1,0,0,0,0,0
16.001480,0,0,0,0,1,0,0,0,0
16.001923,0,0,0,0,0,0,0,1,0
16.003353,0,0,0,0,0,1,0,0,0
16.013259,0,0,0,0,0,0,1,0,0
16.016767,0,0,0,0,0,0,0,0,1
16.023196,0,1,0,0,0,0,0,0,0
16.023498,1,0,0,0,0,0,0,0,0
16.047776,0,0,0,0,1,1,0,0,0
16.048120,0,0,0,0,0,0,0,1,0
16.049657,0,0,0,1,0,0,0,0,0
16.050791,0,0,0,0,0,0,1,0,0
16.053194,0,0,1,0,0,0,0,0,0
16.055039,0,0,0,0,0,0,0,0,1
16.064221,1,0,0,0,0,0,0,0,0
16.069093,0,0,0,0,1,0,0,0,0
16.071723,0,0,0,0,0,0,0,1,0
16.073578,0,1,0,0,0,0,0,0,0
16.090983,0,0,1,0,0,0,0,0,0
16.096785,0,1,0,0,0,0,0,0,0
16.097603,0,0,0,0,0,1,0,0,0
16.100611,0,0,0,1,0,0,0,0,0
16.104480,0,0,0,0,0,0,1,0,0
16.105439,0,0,0,0,0,0,0,0,1
16.117951,1,0,0,0,1,0,0,0,0
16.133504,0,0,0,0,0,0,0,1,0
16.140150,0,0,1,0,0,0,0,0,0
16.148538,0,0,0,1,0,0,0,0,0
16.151634,0,0,0,0,0,1,0,0,0
16.154039,0,0,0,0,0,0,0,0,1
16.155522,0,0,0,0,0,0,1,0,0
16.156982,0,1,0,0,0,0,0,0,0
16.169076,1,0,0,0,1,0,0,0,0
16.189086,0,0,1,0,0,0,0,0,0
16.194227,0,0,0,0,0,0,0,1,0
16.201097,0,0,0,1,0,0,0,0,0
16.203023,0,0,0,0,0,1,0,0,0
16.203140,0,0,0,0,0,0,0,0,1
16.208417,0,0,0,0,0,0,1,0,0
16.217420,0,1,0,0,0,0,0,0,0
16.218432,1,0,0,0,1,0,0,0,0
16.236565,0,0,0,0,0,0,0,1,0
16.242254,0,0,1,0,0,0,0,0,0
16.251491,0,0,0,1,0,0,0,0,0
16.251610,0,0,0,0,0,1,0,0,0
16.257302,0,0,0,0,0,0,1,0,0
16.261024,0,1,0,0,0,0,0,0,0
16.273958,0,0,0,0,0,0,0,0,1
16.276916,1,0,0,0,0,0,0,0,0
16.300195,0,0,0,0,0,1,0,0,0
16.300379,0,0,0,1,0,0,0,0,0
16.301568,0,0,0,0,1,0,0,0,1
16.308900,0,0,0,0,0,0,1,0,0
16.313346,0,0,1,0,0,0,0,0,0
16.318248,0,0,0,0,0,0,0,1,0
16.327681,1,0,0,0,1,0,0,0,0
16.332745,0,0,0,0,0,0,0,1,0
16.340263,0,0,1,0,0,0,0,0,0
16.346553,0,1,0,0,0,0,0,0,0
16.349988,0,0,0,1,0,0,0,0,0
16.350944,0,0,0,0,0,1,0,0,0
16.352629,0,0,0,0,0,0,0,0,1
16.358202,0,1,0,0,0,0,0,0,0
16.365108,0,0,0,0,0,0,1,0,0
16.383722,1,0,0,0,1,0,0,0,0
16.384248,0,0,1,0,0,0,0,0,0
16.384441,0,0,0,0,0,0,0,1,0
16.399342,0,0,0,1,0,0,0,0,0
16.402197,0,0,0,0,0,1,0,0,0
16.404885,0,1,0,0,0,0,0,0,0
16.405196,0,0,0,0,0,0,0,0,1
16.443513,0,0,1,0,0,0,0,0,0
16.446249,0,0,0,0,0,0,1,0,0
16.448980,0,0,0,0,0,1,0,0,0
16.449381,0,0,0,1,0,0,0,0,0
16.457788,1,0,0,0,1,0,0,0,0
16.460189,0,0,0,0,0,0,0,0,1
16.464942,0,0,0,0,0,0,1,0,0
16.470850,0,0,0,0,0,0,0,1,0
16.483005,1,0,0,0,1,0,0,0,0
16.491084,0,1,0,0,0,0,0,0,0
16.493289,0,0,1,0,0,0,0,0,0
16.494237,0,0,0,0,0,0,0,1,0
16.498536,0,0,0,0,0,1,0,0,0
16.499519,0,0,0,1,0,0,0,0,0
16.501137,0,0,0,0,0,0,1,0,0
16.505664,0,0,0,0,0,0,0,0,1
16.513549,1,0,0,0,0,0,0,0,0
16.514689,0,1,0,0,1,0,0,0,0
16.518280,0,0,0,0,0,0,0,1,0
16.538538,0,0,1,0,0,0,0,0,0
16.544905,0,1,0,0,0,0,0,0,0
16.551069,0,0,0,1,0,0,0,0,0
16.551708,0,0,0,0,0,1,0,0,0
16.554013,0,0,0,0,0,0,1,0,0
16.569407,0,0,0,0,0,0,0,0,1
16.571220,1,0,0,0,0,0,0,0,0
16.597977,0,0,0,0,1,0,0,0,0
16.598603,0,0,0,0,0,0,0,1,0
16.599161,0,0,0,1,0,0,0,0,0
16.602256,0,0,1,0,0,0,0,0,0
16.602892,0,0,0,0,0,1,0,0,0
16.604414,0,0,0,0,0,0,0,0,1
16.620749,0,1,0,0,0,0,0,0,0
16.640831,0,0,0,0,0,0,1,0,0
16.642521,0,0,1,0,0,0,0,0,0
16.649094,0,0,0,0,0,1,0,0,0
16.650603,0,0,0,1,0,0,0,0,0
16.652124,0,0,0,0,0,0,0,0,1
16.653344,1,0,0,0,1,0,0,0,0
16.654289,0,0,0,0,0,0,1,0,0
16.668144,1,0,0,0,0,0,0,0,0
16.674247,0,0,0,0,1,0,0,1,0
16.676267,0,0,0,0,0,0,0,1,0
16.687420,0,0,1,0,0,0,0,0,0
16.694303,0,1,0,0,0,0,0,0,0
16.696356,0,1,0,0,0,0,0,0,0
16.697930,0,0,0,0,0,1,0,0,0
16.701358,0,0,0,1,0,0,0,0,0
16.705304,0,0,0,0,0,0,1,0,0
16.706303,0,0,0,0,0,0,0,0,1
16.716175,1,0,0,0,1,0,0,0,0
16.729239,0,0,0,0,0,0,0,1,0
16.736675,0,0,1,0,0,0,0,0,0
16.750132,0,0,0,1,0,0,0,0,0
16.752449,0,0,0,0,0,1,0,0,0
16.754830,0,0,0,0,0,0,1,0,0
16.758735,0,1,0,0,0,0,0,0,0
16.761600,0,0,0,0,0,0,0,0,1
16.770798,1,0,0,0,0,0,0,0,0
16.793935,0,0,1,0,0,0,0,0,0
16.799923,0,0,0,0,1,1,0,0,0
16.800096,0,0,0,1,0,0,0,0,0
16.800462,0,0,0,0,0,0,0,1,0
16.808651,0,0,0,0,0,0,1,0,0
16.813827,0,0,0,0,0,0,0,0,1
16.821286,1,0,0,0,1,0,0,0,0
16.823310,0,0,0,0,0,0,0,1,0
16.825404,0,1,0,0,0,0,0,0,0
16.844802,0,1,0,0,0,0,0,0,0
16.846467,0,0,1,0,0,0,0,0,0
16.849610,0,0,0,1,0,0,0,0,0
16.853810,0,0,0,0,0,1,0,0,0
16.882086,0,0,0,0,0,0,1,0,0
16.887668,0,0,0,0,0,0,0,0,1
16.897507,0,0,0,0,0,1,0,0,0
16.899564,1,0,0,0,1,0,0,0,0
16.900880,0,0,0,1,0,0,0,0,0
16.901690,0,0,0,0,0,0,0,1,0
16.904768,0,0,0,0,0,0,0,0,1
16.911868,0,0,0,0,0,0,1,0,0
16.925875,0,1,0,0,0,0,0,0,0
16.927609,0,0,1,0,0,0,0,0,0
16.930743,1,0,0,0,1,0,0,0,0
16.936611,0,0,0,0,0,0,0,1,0
16.943056,0,0,1,0,0,0,0,0,0
16.948751,0,0,0,0,0,1,0,0,0
16.949428,0,0,0,1,0,0,0,0,0
16.951120,0,0,0,0,0,0,0,0,1
16.960020,0,0,0,0,0,0,1,0,0
16.960695,0,1,0,0,0,0,0,0,0
16.979012,1,0,0,0,0,0,0,0,0
16.985495,0,0,1,0,1,0,0,0,0
16.988602,0,0,0,0,0,0,0,1,0
17.000410,0,0,0,1,0,0,0,0,0
17.003159,0,0,0,0,0,0,1,0,0
17.003412,0,0,0,0,0,1,0,0,0
17.007231,0,0,0,0,0,0,0,0,1
17.011864,0,1,0,0,0,0,0,0,0
17.017032,1,0,0,0,1,0,0,0,0
17.018176,0,0,0,0,0,0,0,1,0
17.044450,0,0,1,0,0,0,0,0,0
17.045321,0,1,0,0,0,0,0,0,0
17.050913,0,0,0,1,0,0,0,0,0
17.052199,0,0,0,0,0,1,0,0,0
17.059827,0,0,0,0,0,0,0,0,1
17.086436,0,0,0,0,0,0,1,0,0
17.094998,0,0,1,0,0,0,0,0,0
17.098709,0,0,0,1,0,0,0,0,0
17.100617,0,0,0,0,0,0,1,0,0
17.100875,0,0,0,0,0,1,0,0,0
17.101243,1,0,0,0,1,0,0,0,0
17.113380,0,0,0,0,0,0,0,1,0
17.113480,1,0,0,0,0,0,0,0,0
17.115731,0,0,0,0,1,0,0,0,0
17.119349,0,0,0,0,0,0,0,0,1
17.141709,0,1,0,0,0,0,0,0,0
17.147538,0,0,0,0,0,0,0,1,0
17.151380,0,0,0,1,0,0,0,0,0
17.151426,0,0,0,0,0,1,0,0,0
17.152607,0,0,1,0,0,0,0,0,0
17.153646,0,0,0,0,0,0,1,0,0
17.162144,0,0,0,0,0,0,0,0,1
17.165436,1,0,0,0,0,0,0,0,0
17.176533,0,1,0,0,0,0,0,0,0
17.196751,0,0,0,0,1,1,0,0,0
17.199100,0,0,0,1,0,0,0,0,0
17.200510,0,0,1,0,0,0,0,0,0
17.208274,0,0,0,0,0,0,1,0,0
17.209516,0,0,0,0,0,0,0,1,0
17.217895,0,0,0,0,0,0,0,0,1
17.222064,1,0,0,0,0,0,0,0,0
17.235812,0,1,0,0,1,0,0,0,0
17.250227,0,0,0,1,0,0,0,0,0
17.250446,0,0,0,0,0,1,0,0,0
17.251554,0,0,1,0,0,0,0,0,0
17.252030,0,0,0,0,0,0,0,0,1
17.253183,0,0,0,0,0,0,0,1,0
17.267214,0,0,0,0,0,0,1,0,0
17.275324,0,1,0,0,0,0,0,0,0
17.278351,1,0,0,0,0,0,0,0,0
17.290646,0,0,1,0,0,0,0,0,0
17.297947,0,0,0,0,0,1,0,0,0
17.299793,0,0,0,1,1,0,0,0,0
17.301742,0,0,0,0,0,0,0,1,0
17.311646,0,0,0,0,0,0,0,0,1
17.319191,0,0,0,0,0,0,1,0,0
17.327091,0,1,0,0,0,0,0,0,0
17.331969,1,0,0,0,0,0,0,0,0
17.347589,0,0,1,0,1,0,0,0,0
17.348906,0,0,0,1,0,0,0,0,0
17.349745,0,0,0,0,0,1,0,0,0
17.351610,0,0,0,0,0,0,0,1,0
17.362918,0,0,0,0,0,0,0,0,1
17.369160,0,0,0,0,0,0,1,0,0
17.378473,0,1,0,0,0,0,0,0,0
17.382436,1,0,0,0,0,0,0,0,0
17.396064,0,0,0,0,1,0,0,0,0
17.397773,0,0,1,0,0,0,0,0,0
17.400070,0,0,0,1,0,0,0,0,0
17.401094,0,0,0,0,0,0,0,1,0
17.401843,0,0,0,0,0,1,0,0,0
17.402610,0,0,0,0,0,0,0,0,1
17.405240,0,0,0,0,0,0,1,0,0
17.420359,1,0,0,0,0,0,0,0,0
17.428274,0,1,0,0,0,0,0,0,0
17.439165,0,0,1,0,0,0,0,0,0
17.448464,0,0,0,0,1,1,0,0,0
17.449700,0,0,0,1,0,0,0,0,0
17.450414,0,0,0,0,0,0,0,1,0
17.454513,0,0,0,0,0,0,0,0,1
17.467980,0,0,0,0,0,0,1,0,0
17.477677,0,1,0,0,0,0,0,0,0
17.484694,1,0,0,0,1,0,0,0,0
17.493712,0,0,1,0,0,0,0,0,0
17.499123,0,0,0,0,0,0,0,1,0
17.500456,0,0,0,1,0,0,0,0,0
17.502115,0,0,0,0,0,1,0,0,0
17.506891,0,0,0,0,0,0,0,0,1
17.511014,0,0,0,0,0,0,1,0,0
17.519845,0,1,0,0,0,0,0,0,0
17.525733,1,0,0,0,0,0,0,0,0
17.543240,0,0,1,0,1,0,0,0,0
17.549453,0,0,0,1,0,0,0,0,0
17.550777,0,0,0,0,0,1,0,0,0
17.551946,0,0,0,0,0,0,1,0,0
17.558381,0,0,0,0,0,0,0,0,1
17.568922,0,0,0,0,0,0,0,1,0
17.570275,1,0,0,0,1,0,0,0,0
17.571055,0,0,0,0,0,0,0,1,0
17.589624,0,0,1,0,0,0,0,0,0
17.590948,0,1,0,0,0,0,0,0,0
17.593432,0,1,0,0,0,0,0,0,0
17.598519,0,0,0,0,0,1,0,0,0
17.600526,0,0,0,1,0,0,0,0,0
17.601022,0,0,0,0,0,0,1,0,0
17.613644,1,0,0,0,1,0,0,0,0
17.627872,0,0,0,0,0,0,0,0,1
17.629624,0,0,0,0,0,0,0,1,0
17.648974,0,0,0,0,0,1,0,0,0
17.649245,0,0,0,1,0,0,0,0,0
17.653838,0,1,0,0,0,0,0,0,0
17.662469,0,0,0,0,0,0,0,0,1
17.667226,0,0,1,0,0,0,0,0,0
17.672087,0,0,0,0,0,0,1,0,0
17.687003,1,0,0,0,0,0,0,0,0
17.698831,0,0,1,0,1,0,0,0,0
17.700275,0,0,0,1,0,0,0,0,0
17.701366,0,0,0,0,0,0,0,1,0
17.701423,0,0,0,0,0,0,1,0,0
17.702417,0,0,0,0,0,1,0,0,0
17.705152,0,0,0,0,0,0,0,0,1
17.717417,1,0,0,0,0,0,0,0,0
17.728205,0,1,0,0,0,0,0,0,0
17.736930,0,0,1,0,1,0,0,0,0
17.737424,0,0,0,0,0,0,0,1,0
17.750414,0,0,0,1,0,0,0,0,0
17.752637,0,0,0,0,0,1,0,0,0
17.758192,0,1,0,0,0,0,0,0,0
17.763628,0,0,0,0,0,0,0,0,1
17.770127,0,0,0,0,0,0,1,0,0
17.787333,1,0,0,0,1,0,0,0,0
17.795093,0,0,0,0,0,0,0,1,0
17.796907,0,0,1,0,0,0,0,0,0
17.797550,0,0,0,0,0,1,0,0,0
17.799390,0,0,0,1,0,0,0,0,0
17.803584,0,0,0,0,0,0,1,0,0
17.804193,0,0,0,0,0,0,0,0,1
17.815960,0,1,0,0,0,0,0,0,0
17.819570,1,0,0,0,1,0,0,0,0
17.819951,0,0,0,0,0,0,0,1,0
17.838246,0,0,1,0,0,0,0,0,0
17.846135,0,1,0,0,0,0,0,0,0
17.849916,0,0,0,1,0,0,0,0,0
17.850640,0,0,0,0,0,1,0,0,0
17.857185,0,0,0,0,0,0,1,0,0
17.857662,0,0,0,0,0,0,0,0,1
17.874330,1,0,0,0,1,0,0,0,0
17.876091,0,0,0,0,0,0,0,1,0
17.888630,0,0,1,0,0,0,0,0,0
17.897409,0,0,0,0,0,1,0,0,0
17.897895,0,1,0,0,0,0,0,0,0
17.900536,0,0,0,1,0,0,0,0,0
17.907527,0,0,0,0,0,0,1,0,0
17.923919,1,0,0,0,0,0,0,0,0
17.926550,0,0,0,0,1,0,0,0,0
17.929724,0,0,0,0,0,0,0,0,1
17.929986,0,0,0,0,0,0,0,1,0
17.947650,0,0,0,0,0,1,0,0,0
17.950645,0,0,0,1,0,0,0,0,0
17.952564,0,0,0,0,0,0,0,0,1
17.952889,0,0,0,0,0,0,1,0,0
17.958058,0,1,0,0,0,0,0,0,0
17.964536,1,0,0,0,1,0,0,0,0
17.968115,0,0,1,0,0,0,0,0,0
17.974039,0,0,0,0,0,0,0,1,0
17.986586,0,0,1,0,0,0,0,0,0
17.994437,0,1,0,0,0,0,0,0,0
17.999365,0,0,0,1,0,0,0,0,0
17.999678,0,0,0,0,0,0,1,0,0
18.002959,0,0,0,0,0,1,0,0,0
18.010110,0,0,0,0,0,0,0,0,1
18.012923,1,0,0,0,0,0,0,0,0
18.041266,0,0,1,0,1,0,0,0,0
18.043487,0,0,0,0,0,0,0,1,0
18.049386,0,0,0,1,0,0,0,0,0
18.050610,0,0,0,0,0,0,1,0,0
18.052059,0,0,0,0,0,1,0,0,0
18.058986,0,0,0,0,0,0,0,0,1
18.060786,1,0,0,0,0,0,0,0,0
18.068818,0,1,0,0,0,0,0,0,0
18.096524,0,0,1,0,1,0,0,0,0
18.101219,0,0,0,1,0,0,0,0,0
18.101310,0,0,0,0,0,1,0,0,0
18.102252,0,0,0,0,0,0,0,0,1
18.104391,0,0,0,0,0,0,1,0,0
18.108609,0,0,0,0,0,0,0,1,0
18.121271,1,0,0,0,0,0,0,0,0
18.125390,0,0,0,0,1,0,0,0,0
18.129863,0,1,0,0,0,0,0,0,0
18.136823,0,0,0,0,0,0,0,1,0
18.140900,0,0,1,0,0,0,0,0,0
18.146467,0,0,0,0,0,1,0,0,0
18.149790,0,0,0,1,0,0,0,0,0
18.151822,0,0,0,0,0,0,1,0,0
18.155867,0,0,0,0,0,0,0,0,1
18.163452,0,1,0,0,0,0,0,0,0
18.166470,1,0,0,0,1,0,0,0,0
18.169675,0,0,0,0,0,0,0,1,0
18.195501,0,0,1,0,0,0,0,0,0
18.197073,0,1,0,0,0,0,0,0,0
18.200280,0,0,0,0,0,1,0,0,0
18.200455,0,0,0,1,0,0,0,0,0
18.202710,0,0,0,0,0,0,1,0,0
18.222701,1,0,0,0,0,0,0,0,0
18.230977,0,0,0,0,1,0,0,0,1
18.234327,0,0,0,0,0,0,0,1,0
18.249237,0,0,0,0,0,1,0,0,0
18.249517,0,0,0,0,0,0,0,0,1
18.250460,0,0,0,1,0,0,0,0,0
18.258156,0,1,0,0,0,0,0,0,0
18.258519,0,0,0,0,0,0,1,0,0
18.269188,0,0,1,0,0,0,0,0,0
18.272035,1,0,0,0,0,0,0,0,0
18.282777,0,0,1,0,1,0,0,0,0
18.290582,0,0,0,0,0,0,0,1,0
18.298069,0,0,0,1,0,0,0,0,0
18.300191,0,0,0,0,0,1,0,0,0
18.308278,0,0,0,0,0,0,0,0,1
18.309511,0,0,0,0,0,0,1,0,0
18.316712,0,1,0,0,0,0,0,0,0
18.321615,1,0,0,0,0,0,0,0,0
18.344248,0,0,1,0,1,0,0,0,0
18.350667,0,0,0,1,0,0,0,0,0
18.351282,0,0,0,0,0,1,0,0,0
18.353035,0,0,0,0,0,0,0,0,1
18.356476,0,0,0,0,0,0,0,1,0
18.381176,0,1,0,0,0,0,0,0,0
18.386307,0,0,0,0,0,0,1,0,0
18.388821,0,0,1,0,0,0,0,0,0
18.398696,0,0,0,1,0,0,0,0,0
18.401603,0,0,0,0,0,1,0,0,0
18.401669,1,0,0,0,0,0,0,0,0
18.404314,0,0,0,0,1,0,1,0,0
18.409291,0,0,0,0,0,0,0,1,0
18.412174,0,0,0,0,0,0,0,0,1
18.417573,1,0,0,0,1,0,0,0,0
18.431519,0,0,0,0,0,0,0,1,0
18.438795,0,1,0,0,0,0,0,0,0
18.449903,0,0,0,0,0,1,0,0,0
18.450013,0,0,1,0,0,0,0,0,0
18.451271,0,0,0,1,0,0,0,0,0
18.451902,0,0,0,0,0,0,1,0,0
18.452125,0,1,0,0,0,0,0,0,0
18.462040,0,0,0,0,0,0,0,0,1
18.467677,1,0,0,0,1,0,0,0,0
18.470140,0,0,0,0,0,0,0,1,0
18.491047,0,1,0,0,0,0,0,0,0
18.498751,0,0,0,1,0,0,0,0,0
18.500147,0,0,1,0,0,0,0,0,0
18.501953,0,0,0,0,0,1,0,0,0
18.506675,0,0,0,0,0,0,0,0,1
18.508556,0,0,0,0,0,0,1,0,0
18.525820,1,0,0,0,1,0,0,0,0
18.526393,0,0,0,0,0,0,0,1,0
18.542490,0,0,1,0,0,0,0,0,0
18.548843,0,0,0,0,0,1,0,0,0
18.549987,0,0,0,1,0,0,0,0,0
18.550461,0,0,0,0,0,0,0,0,1
18.555357,0,1,0,0,0,0,0,0,0
18.571194,0,0,0,0,0,0,1,0,0
18.582588,0,0,1,0,0,0,0,0,0
18.582601,1,0,0,0,1,0,0,0,0
18.585343,0,0,0,0,0,0,0,1,0
18.597912,0,0,0,0,0,1,0,0,0
18.600732,0,0,0,1,0,0,0,0,0
18.613119,0,1,0,0,0,0,0,0,0
18.619725,0,0,0,0,0,0,1,0,0
18.625664,0,0,0,0,0,0,0,0,1
18.639492,1,0,0,0,0,0,0,0,0
18.642849,0,0,0,0,1,0,0,0,0
18.644974,0,0,0,0,0,0,0,1,0
18.646659,0,0,0,0,0,1,0,0,0
18.650305,0,0,0,1,0,0,0,0,0
18.655731,0,0,0,0,0,0,1,0,0
18.659901,0,0,0,0,0,0,0,0,1
18.663144,0,0,1,0,0,0,0,0,0
18.666288,0,1,0,0,0,0,0,0,0
18.668629,1,0,0,0,1,0,0,0,0
18.677938,0,0,0,0,0,0,0,1,0
18.697203,0,0,1,0,0,0,0,0,0
18.698790,0,0,0,0,0,1,0,0,0
18.699770,0,0,0,1,0,0,0,0,0
18.700455,0,1,0,0,0,0,0,0,0
18.701743,0,0,0,0,0,0,1,0,0
18.706151,0,0,0,0,0,0,0,0,1
18.718234,1,0,0,0,1,0,0,0,0
18.737427,0,0,0,0,0,0,0,1,0
18.738795,0,0,1,0,0,0,0,0,0
18.748452,0,0,0,0,0,1,0,0,0
18.748863,0,0,0,1,0,0,0,0,0
18.751237,0,0,0,0,0,0,1,0,0
18.761536,0,1,0,0,0,0,0,0,0
18.765164,1,0,0,0,0,0,0,0,0
18.794704,0,0,0,0,0,0,0,0,1
18.800381,0,0,0,0,1,1,0,0,0
18.800617,0,0,0,1,0,0,0,0,0
18.801508,0,0,0,0,0,0,0,0,1
18.822589,0,0,0,0,0,0,0,1,0
18.828586,0,0,1,0,0,0,0,0,0
18.828865,0,0,0,0,0,0,1,0,0
18.834192,0,0,1,0,0,0,0,0,0
18.840370,1,0,0,0,0,0,0,0,0
18.842961,0,0,0,0,1,0,0,0,0
18.843129,0,0,0,0,0,0,0,1,0
18.848204,0,0,0,0,0,1,0,0,0
18.849623,0,0,0,1,0,0,0,0,0
18.852519,0,1,0,0,0,0,0,0,0
18.861444,0,0,0,0,0,0,1,0,0
18.866353,0,0,0,0,0,0,0,0,1
18.869878,0,1,0,0,0,0,0,0,0
18.876716,1,0,0,0,0,0,0,0,0
18.900874,0,0,0,1,0,0,0,0,0
18.901596,0,0,0,0,1,0,1,0,0
18.903726,0,0,0,0,0,1,0,0,0
18.903970,0,0,1,0,0,0,0,0,0
18.906402,0,0,0,0,0,0,0,0,1
18.919944,1,0,0,0,1,0,0,0,0
18.921501,0,0,0,0,0,0,0,1,0
18.931776,0,0,0,0,0,0,0,1,0
18.941058,0,0,1,0,0,0,0,0,0
18.943276,0,1,0,0,0,0,0,0,0
18.950189,0,0,0,1,0,0,0,0,0
18.953721,0,0,0,0,0,1,0,0,0
18.958197,0,0,0,0,0,0,1,0,0
18.960650,0,0,0,0,0,0,0,0,1
18.960939,0,1,0,0,0,0,0,0,0
18.972694,1,0,0,0,0,0,0,0,0
18.994645,0,0,1,0,0,0,0,0,0
18.999284,0,0,0,0,1,1,0,0,0
19.000469,0,0,0,1,0,0,0,0,0
19.004250,0,0,0,0,0,0,1,0,0
19.015575,1,0,0,0,1,0,0,0,0
19.021917,0,0,0,0,0,0,0,0,1
19.027930,0,0,0,0,0,0,0,1,0
19.032319,0,0,0,0,0,0,0,1,0
19.047961,0,0,0,0,0,1,0,0,0
19.048116,0,0,0,0,0,0,0,0,1
19.049842,0,1,0,0,0,0,0,0,0
19.050246,0,0,0,1,0,0,0,0,0
19.056177,0,0,0,0,0,0,1,0,0
19.056809,0,0,1,0,0,0,0,0,0
19.058589,0,1,0,0,0,0,0,0,0
19.068120,1,0,0,0,1,0,0,0,0
19.084145,0,0,1,0,0,0,0,0,0
19.085429,0,0,0,0,0,0,0,1,0
19.100146,0,0,0,1,0,0,0,0,0
19.100890,0,0,0,0,0,0,1,0,0
19.101140,0,0,0,0,0,1,0,0,0
19.107373,0,0,0,0,0,0,0,0,1
19.111151,0,1,0,0,0,0,0,0,0
19.117286,1,0,0,0,0,0,0,0,0
19.143403,0,0,1,0,0,0,0,0,0
19.149390,0,0,0,1,0,0,0,0,0
19.150910,0,0,0,0,0,1,0,0,0
19.152967,0,0,0,0,1,0,1,0,0
19.155517,0,0,0,0,0,0,0,0,1
19.157190,0,0,0,0,0,0,0,1,0
19.171037,1,0,0,0,0,0,0,0,0
19.178607,0,1,0,0,1,0,0,0,0
19.190975,0,0,1,0,0,0,0,0,0
19.197944,0,0,0,0,0,0,0,1,0
19.199263,0,0,0,1,0,0,0,0,0
19.201691,0,0,0,0,0,1,0,0,0
19.221605,0,0,0,0,0,0,0,0,1
19.222532,0,1,0,0,0,0,0,0,0
19.223814,0,0,0,0,0,0,1,0,0
19.238496,1,0,0,0,0,0,0,0,0
19.246406,0,0,0,0,0,1,0,0,0
19.249926,0,0,0,1,0,0,0,0,0
19.253264,0,0,0,0,1,0,1,0,0
19.253836,0,0,0,0,0,0,0,1,0
19.257648,0,0,0,0,0,0,0,0,1
19.260007,0,0,1,0,0,0,0,0,0
19.265457,1,0,0,0,1,0,0,0,0
19.272385,0,0,0,0,0,0,0,1,0
19.276687,0,1,0,0,0,0,0,0,0
19.292761,0,1,0,0,0,0,0,0,0
19.296255,0,0,1,0,0,0,0,0,0
19.300327,0,0,0,1,0,0,0,0,0
19.301096,0,0,0,0,0,1,0,0,0
19.302047,0,0,0,0,0,0,1,0,0
19.314153,1,0,0,0,1,0,0,0,0
19.315668,0,0,0,0,0,0,0,0,1
19.327965,0,0,0,0,0,0,0,1,0
19.348701,0,1,0,0,0,0,0,0,0
19.350120,0,0,0,1,0,0,0,0,0
19.353436,0,0,0,0,0,1,0,0,0
19.353609,0,0,0,0,0,0,0,0,1
19.354024,0,0,1,0,0,0,0,0,0
19.354048,0,0,0,0,0,0,1,0,0
19.366590,1,0,0,0,0,0,0,0,0
19.367590,0,0,0,0,1,0,0,0,0
19.384691,0,0,0,0,0,0,0,1,0
19.387555,0,0,1,0,0,0,0,0,0
19.398671,0,0,0,0,0,1,0,0,0
19.398679,0,0,0,1,0,0,0,0,0
19.399659,0,0,0,0,0,0,1,0,0
19.407922,0,1,0,0,0,0,0,0,0
19.417513,1,0,0,0,0,0,0,0,0
19.432538,0,0,0,0,1,0,0,0,0
19.436449,0,0,0,0,0,0,0,0,1
19.448619,0,0,0,1,0,0,0,0,0
19.448855,0,0,0,0,0,1,0,0,0
19.448961,0,0,0,0,0,0,0,0,1
19.457367,0,0,0,0,0,0,0,1,0
19.468977,0,0,1,0,0,0,0,0,0
19.470085,0,0,0,0,0,0,1,0,0
19.482683,0,1,0,0,0,0,0,0,0
19.485359,0,0,1,0,0,0,0,0,0
19.487580,1,0,0,0,1,0,0,0,0
19.488634,0,0,0,0,0,0,0,1,0
19.499190,0,0,0,0,0,1,0,0,0
19.500485,0,0,0,1,0,0,0,0,0
19.504143,0,0,0,0,0,0,0,0,1
19.510740,0,1,0,0,0,0,0,0,0
19.518201,0,0,0,0,0,0,1,0,0
19.534371,1,0,0,0,1,0,0,0,0
19.534996,0,0,0,0,0,0,0,1,0
19.536574,0,0,1,0,0,0,0,0,0
19.548536,0,0,0,1,0,0,0,0,0
19.552533,0,0,0,0,0,1,0,0,0
19.552644,0,0,0,0,0,0,1,0,0
19.552674,0,0,0,0,0,0,0,0,1
19.557385,0,1,0,0,0,0,0,0,0
19.567866,1,0,0,0,1,0,0,0,0
19.576352,0,0,0,0,0,0,0,1,0
19.586744,0,0,1,0,0,0,0,0,0
19.596752,0,0,0,0,0,1,0,0,0
19.599081,0,0,0,1,0,0,0,0,0
19.599083,0,0,0,0,0,0,1,0,0
19.599882,0,1,0,0,0,0,0,0,0
19.615768,1,0,0,0,0,0,0,0,0
19.621445,0,0,0,0,1,0,0,0,0
19.624047,0,0,0,0,0,0,0,0,1
19.624438,0,0,0,0,0,0,0,1,0
19.648471,0,1,0,0,0,0,0,0,0
19.649897,0,0,0,1,0,0,0,0,0
19.651444,0,0,0,0,0,1,0,0,0
19.655399,0,0,0,0,0,0,1,0,0
19.660463,0,0,1,0,0,0,0,0,0
19.660634,0,0,0,0,0,0,0,0,1
19.673579,1,0,0,0,1,0,0,0,0
19.673764,0,0,0,0,0,0,0,1,0
19.699000,0,0,0,0,0,1,0,0,0
19.699423,0,1,0,0,0,0,0,0,0
19.699443,0,0,1,0,0,0,0,0,0
19.700271,0,0,0,1,0,0,0,0,0
19.700859,0,0,0,0,0,0,0,0,1
19.715223,0,0,0,0,0,0,1,0,0
19.726772,1,0,0,0,1,0,0,0,0
19.732980,0,0,0,0,0,0,0,1,0
19.739193,0,0,1,0,0,0,0,0,0
19.749389,0,0,0,1,0,0,0,0,0
19.753134,0,0,0,0,0,1,0,0,0
19.753640,0,0,0,0,0,0,1,0,0
19.756514,0,1,0,0,0,0,0,0,0
19.768091,1,0,0,0,1,0,0,0,0
19.776726,0,0,0,0,0,0,0,1,0
19.792313,0,0,0,0,0,0,0,0,1
19.800569,0,0,0,0,0,1,0,0,0
19.801356,0,0,0,1,0,0,0,0,0
19.803344,0,1,0,0,0,0,0,0,0
19.816957,0,0,0,0,0,0,1,0,0
19.823449,0,0,1,0,0,0,0,0,0
19.830480,1,0,0,0,0,0,0,0,0
19.841664,0,0,0,0,1,0,0,0,1
19.844800,0,0,0,0,0,0,0,1,0
19.849430,0,0,0,0,0,1,0,0,0
19.851150,0,0,0,1,0,0,0,0,0
19.853415,0,0,0,0,0,0,1,0,0
19.856840,0,0,0,0,0,0,0,0,1
19.866545,1,0,0,0,0,0,0,0,0
19.872127,0,1,0,0,1,0,0,0,0
19.880378,0,0,1,0,0,0,0,0,0
19.888931,0,0,0,0,0,0,0,1,0
19.894958,0,0,1,0,0,0,0,0,0
19.897342,0,0,0,0,0,1,0,0,0
19.901014,0,0,0,1,0,0,0,0,0
19.911647,0,1,0,0,0,0,0,0,0
19.916453,0,0,0,0,0,0,0,0,1
19.930015,0,0,0,0,0,0,1,0,0
19.945025,1,0,0,0,0,0,0,0,0
19.948129,0,0,0,0,1,0,0,0,0
19.951880,0,0,0,1,0,0,0,0,0
19.951908,0,0,0,0,0,0,1,0,0
19.952641,0,0,0,0,0,0,0,1,0
19.952823,0,0,0,0,0,1,0,0,0
19.956062,0,0,1,0,0,0,0,0,0
19.958955,0,0,0,0,0,0,0,0,1
19.963436,1,0,0,0,0,0,0,0,0
19.977377,0,1,0,0,0,0,0,0,0
19.995010,0,0,1,0,1,0,0,0,0
19.997664,0,0,0,0,0,1,0,0,0
19.999566,0,0,0,1,0,0,0,0,0
20.001977,0,0,0,0,0,0,1,0,0
20.004897,0,0,0,0,0,0,0,1,0
20.008569,0,0,0,0,0,0,0,0,1
20.017843,1,0,0,0,0,0,0,0,0
20.031100,0,1,0,0,1,0,0,0,0
20.043019,0,0,0,0,0,0,0,1,0
20.045287,0,0,1,0,0,0,0,0,0
20.049187,0,0,0,1,0,0,0,0,0
20.049224,0,0,0,0,0,1,0,0,0
20.051007,0,0,0,0,0,0,1,0,0
20.052614,0,0,0,0,0,0,0,0,1
20.065700,1,0,0,0,0,0,0,0,0
20.069403,0,0,0,0,1,0,0,0,0
20.070491,0,1,0,0,0,0,0,0,0
20.084862,0,0,1,0,0,0,0,0,0
20.091780,0,0,0,0,0,0,0,1,0
20.099063,0,0,0,1,0,0,0,0,0
20.099167,0,0,0,0,0,1,0,0,0
20.104781,0,0,0,0,0,0,0,0,1
20.113581,0,1,0,0,0,0,0,0,0
20.113958,0,0,0,0,0,0,1,0,0
20.127051,1,0,0,0,1,0,0,0,0
20.137034,0,0,0,0,0,0,0,1,0
20.138028,0,0,1,0,0,0,0,0,0
20.147898,0,0,0,0,0,1,0,0,0
20.149757,0,0,0,1,0,0,0,0,0
20.149883,0,0,0,0,0,0,1,0,0
20.162180,0,1,0,0,0,0,0,0,0
20.164814,1,0,0,0,1,0,0,0,0
20.170416,0,0,0,0,0,0,0,1,0
20.195989,0,0,0,0,0,0,0,0,1
20.199401,0,0,0,1,0,0,0,0,0
20.199526,0,1,0,0,0,0,0,0,0
20.201129,0,0,0,0,0,1,0,0,0
20.207132,0,0,0,0,0,0,1,0,0
20.216150,0,0,0,0,0,0,0,0,1
20.218500,1,0,0,0,1,0,0,0,0
20.221403,0,0,0,0,0,0,0,1,0
20.235324,0,0,1,0,0,0,0,0,0
20.249175,0,1,0,0,0,0,0,0,0
20.249230,0,0,0,0,0,1,0,0,0
20.249252,0,0,0,1,0,0,0,0,0
20.251898,0,0,0,0,0,0,0,0,1
20.255928,0,0,1,0,0,0,0,0,0
20.257554,0,0,0,0,0,0,1,0,0
20.273983,1,0,0,0,0,0,0,0,0
20.289199,0,0,1,0,1,0,0,0,0
20.295770,0,0,0,0,0,0,0,1,0
20.298411,0,0,0,1,0,0,0,0,0
20.298456,0,0,0,0,0,0,1,0,0
20.300433,0,0,0,0,0,1,0,0,0
20.311446,1,0,0,0,1,0,0,0,0
20.318768,0,1,0,0,0,0,0,0,0
20.325892,0,0,0,0,0,0,0,0,1
20.330210,0,0,0,0,0,0,0,1,0
20.348570,0,0,0,0,0,1,0,0,0
20.349311,0,0,0,1,0,0,0,0,0
20.353620,0,1,0,0,0,0,0,0,0
20.356861,0,0,0,0,0,0,1,0,0
20.364382,0,0,1,0,0,0,0,0,0
20.367444,0,0,0,0,0,0,0,0,1
20.368848,1,0,0,0,0,0,0,0,0
20.375869,0,0,0,0,1,0,0,0,0
20.379993,0,0,0,0,0,0,0,1,0
20.397098,0,0,0,0,0,1,0,0,0
20.400261,0,0,0,1,0,0,0,0,0
20.405246,0,0,0,0,0,0,0,0,1
20.406993,0,0,1,0,0,0,0,0,0
20.408745,0,1,0,0,0,0,0,0,0
20.424093,0,0,0,0,0,0,1,0,0
20.439865,1,0,0,0,1,0,0,0,0
20.445064,0,0,1,0,0,0,0,0,0
20.446749,0,0,0,0,0,1,0,0,0
20.448097,0,0,0,1,0,0,0,0,0
20.448738,0,0,0,0,0,0,0,0,1
20.452076,0,0,0,0,0,0,1,0,0
20.460501,0,0,0,0,0,0,0,1,0
20.468292,1,0,0,0,0,0,0,0,0
20.478789,0,0,1,0,0,0,0,0,0
20.481146,0,1,0,0,1,0,0,0,0
20.483235,0,0,0,0,0,0,0,1,0
20.498955,0,0,0,0,0,1,0,0,0
20.499727,0,0,0,1,0,0,0,0,0
20.499762,0,0,0,0,0,0,0,0,1
20.503101,0,0,0,0,0,0,1,0,0
20.507034,0,1,0,0,0,0,0,0,0
20.520015,1,0,0,0,0,0,0,0,0
20.534044,0,0,1,0,0,0,0,0,0
20.539268,0,0,0,0,1,0,0,0,0
20.539291,0,0,0,0,0,0,0,1,0
20.548228,0,0,0,0,0,1,0,0,0
20.548724,0,0,0,0,0,0,0,0,1
20.548746,0,0,0,1,0,0,0,0,0
20.562063,0,1,0,0,0,0,0,0,0
20.562107,0,0,0,0,0,0,1,0,0
20.577980,1,0,0,0,1,0,0,0,0
20.584536,0,0,1,0,0,0,0,0,0
20.588921,0,0,0,0,0,0,0,1,0
20.599625,0,0,0,1,0,0,0,0,0
20.601319,0,0,0,0,0,1,0,0,0
20.603903,0,0,0,0,0,0,1,0,0
20.614130,0,0,0,0,0,0,0,0,1
20.614971,0,1,0,0,0,0,0,0,0
20.616041,1,0,0,0,1,0,0,0,0
20.619131,0,0,0,0,0,0,0,1,0
20.645149,0,1,0,0,0,0,0,0,0
20.647272,0,0,0,0,0,1,0,0,0
20.649255,0,0,0,1,0,0,0,0,0
20.651809,0,0,0,0,0,0,1,0,0
20.652670,0,0,0,0,0,0,0,0,1
20.653832,0,0,1,0,0,0,0,0,0
20.663171,1,0,0,0,1,0,0,0,0
20.673692,0,0,0,0,0,0,0,1,0
20.682700,0,0,1,0,0,0,0,0,0
20.696496,0,1,0,0,0,0,0,0,0
20.699253,0,0,0,1,0,0,0,0,0
20.701637,0,0,0,0,0,1,0,0,0
20.706922,0,0,0,0,0,0,0,0,1
20.709609,0,0,0,0,0,0,1,0,0
20.723377,1,0,0,0,1,0,0,0,0
20.732523,0,0,0,0,0,0,0,1,0
20.741974,0,0,1,0,0,0,0,0,0
20.749339,0,0,0,0,0,1,0,0,0
20.750842,0,0,0,1,0,0,0,0,0
20.756399,0,1,0,0,0,0,0,0,0
20.759226,0,0,0,0,0,0,0,0,1
20.759668,0,0,0,0,0,0,1,0,0
20.771379,1,0,0,0,0,0,0,0,0
20.785743,0,0,0,0,1,0,0,0,0
20.789229,0,0,0,0,0,0,0,1,0
20.792773,0,0,1,0,0,0,0,0,0
20.797914,0,0,0,0,0,1,0,0,0
20.799499,0,0,0,1,0,0,0,0,0
20.800942,0,0,0,0,0,0,0,0,1
20.806736,0,0,0,0,0,0,1,0,0
20.818309,0,1,0,0,0,0,0,0,0
20.821007,1,0,0,0,0,0,0,0,0
20.840327,0,0,1,0,1,0,0,0,0
20.849455,0,0,0,1,0,0,0,0,0
20.850841,0,0,0,0,0,1,0,0,0
20.864146,0,0,0,0,0,0,0,1,0
20.867714,0,0,0,0,0,0,0,0,1
20.878699,0,0,0,0,0,0,1,0,0
20.890220,0,1,0,0,0,0,0,0,0
20.897444,1,0,0,0,1,0,0,0,0
20.899809,0,0,0,1,0,0,0,0,0
20.899973,0,0,0,0,0,0,1,0,0
20.901803,0,0,0,0,0,1,0,0,0
20.906571,0,0,0,0,0,0,0,0,1
20.907014,0,0,1,0,0,0,0,0,0
20.914139,1,0,0,0,0,0,0,0,0
20.923722,0,0,0,0,1,0,0,1,0
20.937780,0,0,0,0,0,0,0,1,0
20.945524,0,0,1,0,0,0,0,0,0
20.946274,0,1,0,0,0,0,0,0,0
20.950507,0,0,0,1,0,0,0,0,0
20.952068,0,0,0,0,0,1,0,0,0
20.958248,0,0,0,0,0,0,0,0,1
20.962888,0,1,0,0,0,0,0,0,0
20.973458,0,0,0,0,0,0,1,0,0
20.985436,1,0,0,0,1,0,0,0,0
20.991506,0,0,0,0,0,0,0,1,0
20.991677,0,0,1,0,0,0,0,0,0
20.999612,0,0,0,1,0,0,0,0,0
21.002114,0,0,0,0,0,1,0,0,0
21.005798,0,0,0,0,0,0,1,0,0
21.009095,0,0,0,0,0,0,0,0,1
21.018157,0,1,0,0,0,0,0,0,0
21.019478,1,0,0,0,0,0,0,0,0
21.020962,0,0,0,0,1,0,0,0,0
21.029296,0,0,0,0,0,0,0,1,0
21.043048,0,0,1,0,0,0,0,0,0
21.049123,0,0,0,1,0,0,0,0,0
21.052606,0,0,0,0,0,1,0,0,0
21.053392,0,0,0,0,0,0,1,0,0
21.058320,0,1,0,0,0,0,0,0,0
21.060276,0,0,0,0,0,0,0,0,1
21.073027,1,0,0,0,1,0,0,0,0
21.096761,0,0,0,0,0,0,0,1,0
21.099059,0,0,0,1,0,0,0,0,0
21.099629,0,0,1,0,0,0,0,0,0
21.101436,0,0,0,0,0,1,0,0,0
21.116736,0,0,0,0,0,0,1,0,0
21.116841,0,1,0,0,0,0,0,0,0
21.131378,0,0,0,0,0,0,0,0,1
21.136361,1,0,0,0,0,0,0,0,0
21.149588,0,0,0,0,0,1,0,0,0
21.150404,0,0,0,1,1,0,0,0,0
21.160129,0,0,0,0,0,0,0,1,0
21.163181,0,0,0,0,0,0,0,0,1
21.163247,0,0,1,0,0,0,0,0,0
21.167740,0,0,0,0,0,0,1,0,0
21.182231,0,1,0,0,0,0,0,0,0
21.183491,1,0,0,0,0,0,0,0,0
21.189203,0,0,0,0,1,0,0,0,0
21.194324,0,0,1,0,0,0,0,0,0
21.196352,0,0,0,0,0,0,0,1,0
21.199804,0,0,0,1,0,0,0,0,0
21.200031,0,0,0,0,0,1,0,0,0
21.204093,0,0,0,0,0,0,1,0,0
21.217227,0,1,0,0,0,0,0,0,0
21.218066,0,0,0,0,0,0,0,0,1
21.220134,1,0,0,0,0,0,0,0,0
21.251068,0,0,0,1,1,0,0,0,0
21.252098,0,0,0,0,0,1,0,0,0
21.255586,0,0,0,0,0,0,0,0,1
21.256889,0,0,1,0,0,0,0,0,0
21.257183,0,0,0,0,0,0,1,0,0
21.267044,0,0,0,0,0,0,0,1,0
21.270315,1,0,0,0,0,0,0,0,0
21.289201,0,0,0,0,1,0,0,0,0
21.291806,0,0,1,0,0,0,0,0,0
21.294172,0,0,0,0,0,0,0,1,0
21.296314,0,1,0,0,0,0,0,0,0
21.298610,0,0,0,0,0,1,0,0,0
21.300918,0,0,0,1,0,0,0,0,0
21.302728,0,0,0,0,0,0,1,0,0
21.313234,1,0,0,0,1,0,0,0,0
21.320407,0,0,0,0,0,0,0,1,0
21.322093,0,1,0,0,0,0,0,0,0
21.330847,0,0,0,0,0,0,0,0,1
21.347571,0,1,0,0,0,0,0,0,0
21.349685,0,0,0,0,0,1,0,0,0
21.351310,0,0,0,1,0,0,0,0,0
21.360646,0,0,0,0,0,0,0,0,1
21.361845,0,0,0,0,0,0,1,0,0
21.368120,0,0,1,0,0,0,0,0,0
21.372052,1,0,0,0,1,0,0,0,0
21.375286,0,0,0,0,0,0,0,1,0
21.394397,0,0,1,0,0,0,0,0,0
21.398893,0,0,0,1,0,0,0,0,0
21.400307,0,0,0,0,0,1,0,0,0
21.400875,0,0,0,0,0,0,1,0,0
21.403254,0,1,0,0,0,0,0,0,0
21.405039,0,0,0,0,0,0,0,0,1
21.420242,1,0,0,0,1,0,0,0,0
21.425494,0,0,0,0,0,0,0,1,0
21.435152,0,0,1,0,0,0,0,0,0
21.445773,0,1,0,0,0,0,0,0,0
21.449119,0,0,0,1,0,0,0,0,0
21.451051,0,0,0,0,0,1,0,0,0
21.452220,0,0,0,0,0,0,1,0,0
21.458807,0,0,0,0,0,0,0,0,1
21.466586,1,0,0,0,1,0,0,0,0
21.467643,0,0,0,0,0,0,0,1,0
21.489579,0,0,1,0,0,0,0,0,0
21.496576,0,1,0,0,0,0,0,0,0
21.500104,0,0,0,1,0,0,0,0,0
21.500379,0,0,0,0,0,1,0,0,0
21.502579,0,0,0,0,0,0,1,0,0
21.510927,0,0,0,0,0,0,0,0,1
21.515673,1,0,0,0,0,0,0,0,0
21.547819,0,0,1,0,0,0,0,0,0
21.548634,0,0,0,0,1,0,0,0,0
21.548975,0,0,0,1,0,0,0,0,0
21.553783,0,0,0,0,0,1,0,0,0
21.559919,0,0,0,0,0,0,0,0,1
21.583457,0,0,0,0,0,0,0,1,0
21.583480,0,0,0,0,0,0,1,0,0
21.596884,0,0,1,0,0,0,0,0,0
21.597131,0,0,0,0,0,1,0,0,0
21.601541,0,0,0,1,0,0,0,0,0
21.602767,1,0,0,0,1,0,0,0,0
21.603166,0,0,0,0,0,0,0,0,1
21.609455,0,0,0,0,0,0,0,1,0
21.611129,0,1,0,0,0,0,0,0,0
21.625160,0,0,0,0,0,0,1,0,0
21.631884,0,1,0,0,0,0,0,0,0
21.640748,1,0,0,0,1,0,0,0,0
21.642116,0,0,1,0,0,0,0,0,0
21.645714,0,0,0,0,0,0,0,1,0
21.648838,0,0,0,1,0,0,0,0,0
21.651626,0,0,0,0,0,1,0,0,0
21.655363,0,0,0,0,0,0,1,0,0
21.666603,0,0,0,0,0,0,0,0,1
21.669086,1,0,0,0,0,0,0,0,0
21.674264,0,1,0,0,0,0,0,0,0
21.691517,0,0,0,0,1,0,0,0,0
21.695768,0,0,0,0,0,0,0,1,0
21.696043,0,0,0,0,0,1,0,0,0
21.700466,0,0,0,1,0,0,0,0,0
21.703722,0,0,1,0,0,0,0,0,0
21.723236,0,1,0,0,0,0,0,0,0
21.724626,0,0,0,0,0,0,1,0,0
21.738255,0,0,0,0,0,0,0,0,1
21.740325,1,0,0,0,1,0,0,0,0
21.747583,0,0,0,0,0,1,0,0,0
21.750056,0,0,0,1,0,0,0,0,0
21.754199,0,0,0,0,0,0,0,1,0
21.755390,0,0,0,0,0,0,1,0,0
21.761372,0,0,0,0,0,0,0,0,1
21.773614,0,0,1,0,0,0,0,0,0
21.774809,1,0,0,0,1,0,0,0,0
21.780018,0,1,0,0,0,0,0,0,0
21.793405,0,0,0,0,0,0,0,1,0
21.794802,0,0,1,0,0,0,0,0,0
21.800617,0,0,0,1,0,0,0,0,0
21.802071,0,0,0,0,0,1,0,0,0
21.805793,0,0,0,0,0,0,1,0,0
21.815645,0,1,0,0,0,0,0,0,0
21.816971,0,0,0,0,0,0,0,0,1
21.819300,1,0,0,0,1,0,0,0,0
21.828498,0,0,0,0,0,0,0,1,0
21.849216,0,0,0,1,0,0,0,0,0
21.850383,0,0,0,0,0,1,0,0,0
21.850419,0,0,1,0,0,0,0,0,0
21.853907,0,1,0,0,0,0,0,0,0
21.855439,0,0,0,0,0,0,0,0,1
21.859352,0,0,0,0,0,0,1,0,0
21.871252,1,0,0,0,1,0,0,0,0
21.879572,0,0,0,0,0,0,0,1,0
21.893129,0,0,1,0,0,0,0,0,0
21.898926,0,0,0,0,0,1,0,0,0
21.901087,0,0,0,1,0,0,0,0,0
21.902546,0,0,0,0,0,0,0,0,1
21.908238,0,0,0,0,0,0,1,0,0
21.909314,0,1,0,0,0,0,0,0,0
21.922801,1,0,0,0,0,0,0,0,0
21.936312,0,0,1,0,1,0,0,0,0
21.939283,0,0,0,0,0,0,0,1,0
21.948726,0,0,0,0,0,1,0,0,0
21.949603,0,0,0,1,0,0,0,0,0
21.954946,0,0,0,0,0,0,1,0,0
21.960348,0,1,0,0,0,0,0,0,0
21.961821,0,0,0,0,0,0,0,0,1
21.967793,1,0,0,0,1,0,0,0,0
21.974102,0,0,0,0,0,0,0,1,0
21.994121,0,1,0,0,0,0,0,0,0
21.998504,0,0,1,0,0,0,0,0,0
22.000563,0,0,0,0,0,1,0,0,0
22.000576,0,0,0,1,0,0,0,0,0
22.017574,0,0,0,0,0,0,1,0,0
22.020557,0,0,0,0,0,0,0,0,1
22.031606,1,0,0,0,0,0,0,0,0
22.044156,0,0,0,0,1,0,0,0,0
22.047298,0,0,0,0,0,1,0,0,0
22.050074,0,0,0,0,0,0,0,0,1
22.050203,0,0,0,1,0,0,0,0,0
22.054380,0,0,1,0,0,0,0,0,0
22.056993,0,0,0,0,0,0,0,1,0
22.060107,0,0,0,0,0,0,1,0,0
22.073598,1,0,0,0,0,0,0,0,0
22.076157,0,0,0,0,1,0,0,0,0
22.078103,0,1,0,0,0,0,0,0,0
22.078129,0,0,0,0,0,0,0,1,0
22.085156,0,0,1,0,0,0,0,0,0
22.099737,0,0,0,0,0,1,0,0,0
22.100099,0,0,0,1,0,0,0,0,0
22.103870,0,0,0,0,0,0,0,0,1
22.107410,0,1,0,0,0,0,0,0,0
22.107554,0,0,0,0,0,0,1,0,0
22.118256,1,0,0,0,1,0,0,0,0
22.140935,0,0,0,0,0,0,0,1,0
22.142628,0,0,1,0,0,0,0,0,0
22.149121,0,0,0,0,0,1,0,0,0
22.150064,0,0,0,1,0,0,0,0,0
22.154812,0,0,0,0,0,0,0,0,1
22.166288,0,0,0,0,0,0,1,0,0
22.169963,0,1,0,0,0,0,0,0,0
22.185157,1,0,0,0,1,0,0,0,0
22.191597,0,0,1,0,0,0,0,0,0
22.197176,0,0,0,0,0,0,0,1,0
22.199004,0,0,0,0,0,1,0,0,0
22.200720,0,0,0,1,0,0,0,0,0
22.202228,0,0,0,0,0,0,1,0,0
22.206791,0,0,0,0,0,0,0,0,1
22.214234,1,0,0,0,1,0,0,0,0
22.219146,0,1,0,0,0,0,0,0,0
22.219997,0,0,0,0,0,0,0,1,0
22.242944,0,0,1,0,0,0,0,0,0
22.248325,0,1,0,0,0,0,0,0,0
22.248740,0,0,0,0,0,1,0,0,0
22.249498,0,0,0,1,0,0,0,0,0
22.256106,0,0,0,0,0,0,1,0,0
22.259836,0,0,0,0,0,0,0,0,1
22.267045,1,0,0,0,0,0,0,0,0
22.270804,0,0,0,0,1,0,0,0,0
22.297720,0,0,1,0,0,0,0,0,0
22.299037,0,0,0,0,0,1,0,0,0
22.300874,0,0,0,1,0,0,0,0,0
22.307991,0,0,0,0,0,0,1,0,0
22.311629,0,0,0,0,0,0,0,0,1
22.312615,0,0,0,0,0,0,0,1,0
22.323894,1,0,0,0,0,0,0,0,0
22.341537,0,1,0,0,0,0,0,0,0
22.342893,0,0,0,0,1,0,0,0,0
22.344530,0,0,1,0,0,0,0,0,0
22.348808,0,0,0,0,0,0,0,1,0
22.350700,0,0,0,1,0,0,0,0,0
22.351084,0,0,0,0,0,0,1,0,0
22.353052,0,0,0,0,0,1,0,0,0
22.362003,0,0,0,0,0,0,0,0,1
22.366592,1,0,0,0,0,0,0,0,0
22.369561,0,0,0,0,1,0,0,0,0
22.374328,0,1,0,0,0,0,0,0,0
22.379238,0,0,0,0,0,0,0,1,0
22.399631,0,0,1,0,0,0,0,0,0
22.399969,0,0,0,1,0,0,0,0,0
22.400587,0,0,0,0,0,1,0,0,0
22.400623,0,0,0,0,0,0,1,0,0
22.405892,0,1,0,0,0,0,0,0,0
22.412531,0,0,0,0,0,0,0,0,1
22.417198,1,0,0,0,1,0,0,0,0
22.423966,0,0,0,0,0,0,0,1,0
22.448408,0,0,0,0,0,1,0,0,0
22.449929,0,1,0,0,0,0,0,0,0
22.450054,0,0,0,1,0,0,0,0,0
22.450918,0,0,1,0,0,0,0,0,0
22.460832,0,0,0,0,0,0,0,0,1
22.461862,0,0,0,0,0,0,1,0,0
22.477765,1,0,0,0,1,0,0,0,0
22.484636,0,0,0,0,0,0,0,1,0
22.497957,0,0,0,0,0,1,0,0,0
22.499490,0,0,0,1,0,0,0,0,0
22.500384,0,0,1,0,0,0,0,0,0
22.505304,0,1,0,0,0,0,0,0,0
22.505332,0,0,0,0,0,0,1,0,0
22.519095,1,0,0,0,0,0,0,0,0
22.521902,0,0,0,0,0,0,0,0,1
22.549570,0,0,0,1,1,0,0,0,0
22.553002,0,0,0,0,0,1,0,0,0
22.553076,0,0,0,0,0,0,0,0,1
22.558011,0,0,0,0,0,0,0,1,0
22.559387,0,0,1,0,0,0,0,0,0
22.572214,0,0,0,0,0,0,1,0,0
22.580226,0,1,0,0,0,0,0,0,0
22.588298,1,0,0,0,1,0,0,0,0
22.588732,0,0,1,0,0,0,0,0,0
22.598391,0,0,0,0,0,0,0,1,0
22.599827,0,0,0,1,0,0,0,0,0
22.600366,0,0,0,0,0,1,0,0,0
22.614330,0,0,0,0,0,0,0,0,1
22.614342,0,0,0,0,0,0,1,0,0
22.620658,0,1,0,0,0,0,0,0,0
22.632214,1,0,0,0,1,0,0,0,0
22.638541,0,0,0,0,0,0,0,1,0
22.647142,0,0,0,0,0,1,0,0,0
22.648620,0,0,1,0,0,0,0,0,0
22.650892,0,0,0,1,0,0,0,0,0
22.653410,0,0,0,0,0,0,1,0,0
22.661026,0,0,0,0,0,0,0,0,1
22.661877,0,1,0,0,0,0,0,0,0
22.665429,1,0,0,0,1,0,0,0,0
22.669020,0,0,0,0,0,0,0,1,0
22.694020,0,1,0,0,0,0,0,0,0
22.694540,0,0,1,0,0,0,0,0,0
22.701107,0,0,0,1,0,0,0,0,0
22.701703,0,0,0,0,0,1,0,0,0
22.704556,0,0,0,0,0,0,0,0,1
22.709744,0,0,0,0,0,0,1,0,0
22.723651,1,0,0,0,0,0,0,0,0
22.738642,0,0,1,0,0,0,0,0,0
22.746686,0,0,0,0,1,0,0,0,0
22.750560,0,0,0,1,0,0,0,0,0
22.751575,0,0,0,0,0,1,0,0,0
22.756244,0,0,0,0,0,0,0,0,1
22.760249,0,0,0,0,0,0,0,1,0
22.786501,0,1,0,0,0,0,0,0,0
22.792922,0,0,1,0,0,0,0,0,0
22.795946,0,0,0,0,0,0,1,0,0
22.796522,0,0,0,0,0,1,0,0,0
22.798015,0,0,0,1,0,0,0,0,0
22.803893,0,0,0,0,0,0,1,0,0
22.808730,1,0,0,0,0,0,0,0,0
22.815231,1,0,0,0,1,0,0,0,0
22.816255,0,0,0,0,1,0,0,0,0
22.817443,0,0,0,0,0,0,0,1,0
22.820936,0,0,0,0,0,0,0,1,0
22.838476,0,1,0,0,0,0,0,0,0
22.843800,0,0,0,0,0,0,0,0,1
22.846789,0,0,0,0,0,1,0,0,0
22.847621,0,1,0,0,0,0,0,0,0
22.849480,0,0,0,1,0,0,0,0,0
22.852419,0,0,0,0,0,0,0,0,1
22.857823,0,0,0,0,0,0,1,0,0
22.877609,1,0,0,0,0,0,0,0,0
22.878925,0,0,1,0,0,0,0,0,0
22.892086,0,0,1,0,1,0,0,0,0
22.900015,0,0,0,1,0,0,0,0,0
22.903438,0,0,0,0,0,1,0,0,0
22.903620,0,0,0,0,0,0,1,0,0
22.917900,1,0,0,0,1,0,0,0,0
22.919737,0,0,0,0,0,0,0,1,0
22.925381,0,0,0,0,0,0,0,0,1
22.934468,0,0,0,0,0,0,0,1,0
22.948462,0,0,0,1,0,0,0,0,0
22.949700,0,1,0,0,0,0,0,0,0
22.949799,0,0,0,0,0,1,0,0,0
22.950308,0,0,0,0,0,0,1,0,0
22.955603,0,0,1,0,0,0,0,0,0
22.955772,0,1,0,0,0,0,0,0,0
22.957064,0,0,0,0,0,0,0,0,1
22.965601,1,0,0,0,1,0,0,0,0
22.975254,0,0,0,0,0,0,0,1,0
22.992330,0,0,1,0,0,0,0,0,0
22.998926,0,0,0,1,0,0,0,0,0
22.999722,0,1,0,0,0,0,0,0,0
23.002946,0,0,0,0,0,1,0,0,0
23.003463,0,0,0,0,0,0,1,0,0
23.004080,0,0,0,0,0,0,0,0,1
23.013885,1,0,0,0,0,0,0,0,0
23.028916,0,0,0,0,1,0,0,0,0
23.031324,0,0,0,0,0,0,0,1,0
23.042489,0,0,1,0,0,0,0,0,0
23.048183,0,0,0,0,0,1,0,0,0
23.048496,0,0,0,1,0,0,0,0,0
23.053288,0,0,0,0,0,0,0,0,1
23.054585,0,1,0,0,0,0,0,0,0
23.075539,0,0,0,0,0,0,1,0,0
23.086024,1,0,0,0,1,0,0,0,0
23.092481,0,0,1,0,0,0,0,0,0
23.095322,0,0,0,0,0,0,0,1,0
23.100816,0,0,0,1,0,0,0,0,0
23.102016,0,0,0,0,0,1,0,0,0
23.104296,0,0,0,0,0,0,0,0,1
23.117805,0,1,0,0,0,0,0,0,0
23.122469,0,0,0,0,0,0,1,0,0
23.136492,1,0,0,0,0,0,0,0,0
23.137394,0,0,1,0,0,0,0,0,0
23.145590,0,0,0,0,1,0,0,0,0
23.148941,0,0,0,0,0,1,0,0,0
23.150421,0,0,0,1,0,0,0,0,0
23.151095,0,0,0,0,0,0,1,0,0
23.153344,0,0,0,0,0,0,0,0,1
23.161236,0,0,0,0,0,0,0,1,0
23.165642,1,0,0,0,0,0,0,0,0
23.189808,0,1,0,0,0,0,0,0,0
23.190642,0,0,1,0,1,0,0,0,0
23.194943,0,0,0,0,0,0,0,1,0
23.196951,0,0,0,0,0,1,0,0,0
23.198843,0,0,0,0,0,0,0,0,1
23.199093,0,0,0,1,0,0,0,0,0
23.207412,0,0,0,0,0,0,1,0,0
23.220890,1,0,0,0,0,0,0,0,0
23.222206,0,0,0,0,1,0,0,0,0
23.224148,0,1,0,0,0,0,0,0,0
23.226220,0,0,0,0,0,0,0,1,0
23.234520,0,0,1,0,0,0,0,0,0
23.248017,0,1,0,0,0,0,0,0,0
23.251068,0,0,0,1,0,0,0,0,0
23.251398,0,0,0,0,0,1,0,0,0
23.252640,0,0,0,0,0,0,1,0,0
23.254164,0,0,0,0,0,0,0,0,1
23.266925,1,0,0,0,0,0,0,0,0
23.292617,0,0,1,0,1,0,0,0,0
23.300088,0,0,0,1,0,0,0,0,0
23.300698,0,0,0,0,0,1,0,0,0
23.304033,0,0,0,0,0,0,0,1,0
23.304558,0,0,0,0,0,0,1,0,0
23.305142,0,0,0,0,0,0,0,0,1
23.316240,1,0,0,0,0,0,0,0,0
23.327051,0,1,0,0,1,0,0,0,0
23.335111,0,0,0,0,0,0,0,1,0
23.342622,0,0,1,0,0,0,0,0,0
23.351469,0,0,0,1,0,0,0,0,0
23.352254,0,0,0,0,0,1,0,0,0
23.358278,0,1,0,0,0,0,0,0,0
23.367788,0,0,0,0,0,0,1,0,0
23.370462,0,0,0,0,0,0,0,0,1
23.384554,1,0,0,0,1,0,0,0,0
23.396062,0,0,0,0,0,0,0,1,0
23.398228,0,0,0,0,0,1,0,0,0
23.400079,0,0,0,1,0,0,0,0,0
23.404481,0,0,0,0,0,0,0,0,1
23.405415,0,0,1,0,0,0,0,0,0
23.411563,0,0,0,0,0,0,1,0,0
23.420895,0,1,0,0,0,0,0,0,0
23.423646,1,0,0,0,1,0,0,0,0
23.442021,0,0,0,0,0,0,0,1,0
23.442052,0,0,1,0,0,0,0,0,0
23.451509,0,0,0,1,0,0,0,0,0
23.453712,0,0,0,0,0,1,0,0,0
23.457261,0,0,0,0,0,0,0,0,1
23.466349,0,1,0,0,0,0,0,0,0
23.466977,0,0,0,0,0,0,1,0,0
23.481596,1,0,0,0,1,0,0,0,0
23.484749,0,0,0,0,0,0,0,1,0
23.487946,0,0,1,0,0,0,0,0,0
23.498670,0,0,0,0,0,1,0,0,0
23.501279,0,0,0,1,0,0,0,0,0
23.509702,0,1,0,0,0,0,0,0,0
23.510952,0,0,0,0,0,0,0,0,1
23.522127,0,0,0,0,0,0,1,0,0
23.534833,1,0,0,0,0,0,0,0,0
23.542921,0,0,1,0,0,0,0,0,0
23.544438,0,0,0,0,1,0,0,0,0
23.548932,0,0,0,1,0,0,0,0,0
23.549577,0,0,0,0,0,0,0,1,0
23.551311,0,0,0,0,0,0,1,0,0
23.551377,0,0,0,0,0,1,0,0,0
23.569978,1,0,0,0,1,0,0,0,0
23.571803,0,1,0,0,0,0,0,0,0
23.585700,0,0,0,0,0,0,0,0,1
23.596718,0,0,0,0,0,0,0,1,0
23.598940,0,0,0,0,0,1,0,0,0
23.600215,0,0,0,1,0,0,0,0,0
23.607462,0,0,0,0,0,0,0,0,1
23.617216,0,1,0,0,0,0,0,0,0
23.618868,0,0,1,0,0,0,0,0,0
23.629607,0,0,0,0,0,0,1,0,0
23.641625,1,0,0,0,0,0,0,0,0
23.642621,0,0,0,0,1,0,0,0,0
23.643465,0,0,1,0,0,0,0,0,0
23.647437,0,0,0,0,0,1,0,0,0
23.647663,0,0,0,0,0,0,0,0,1
23.651354,0,0,0,1,0,0,0,0,0
23.662031,0,0,0,0,0,0,1,0,0
23.664967,0,0,0,0,0,0,0,1,0
23.677341,1,0,0,0,1,0,0,0,0
23.681047,0,0,1,0,0,0,0,0,0
23.685323,0,1,0,0,0,0,0,0,0
23.685457,0,0,0,0,0,0,0,1,0
23.701101,0,0,0,1,0,0,0,0,0
23.703593,0,0,0,0,0,1,0,0,0
23.708652,0,0,0,0,0,0,1,0,0
23.711733,0,1,0,0,0,0,0,0,0
23.724143,1,0,0,0,0,0,0,0,0
23.734282,0,0,0,0,0,0,0,0,1
23.749131,0,0,0,1,0,0,0,0,0
23.753403,0,0,0,0,0,1,0,0,0
23.754803,0,0,0,0,1,0,0,0,0
23.756110,0,0,0,0,0,0,1,0,0
23.759554,0,0,0,0,0,0,0,1,0
23.770802,0,0,1,0,0,0,0,0,0
23.774128,1,0,0,0,0,0,0,0,0
23.782522,0,0,0,0,1,0,0,0,1
23.784794,0,1,0,0,0,0,0,0,0
23.785103,0,0,0,0,0,0,0,1,0
23.800388,0,0,0,0,0,1,0,0,0
23.800699,0,0,0,1,0,0,0,0,0
23.805077,0,0,0,0,0,0,0,0,1
23.808459,0,1,0,0,0,0,0,0,0
23.817159,0,0,1,0,0,0,0,0,0
23.820797,0,0,0,0,0,0,1,0,0
23.837985,1,0,0,0,0,0,0,0,0
23.843280,0,0,1,0,0,0,0,0,0
23.849132,0,0,0,1,0,0,0,0,0
23.852416,0,0,0,0,1,0,0,0,0
23.853464,0,0,0,0,0,1,0,0,0
23.859818,0,0,0,0,0,0,0,0,1
23.867492,0,0,0,0,0,0,0,1,0
23.884803,0,0,0,0,0,0,1,0,0
23.888650,0,1,0,0,0,0,0,0,0
23.895035,0,0,1,0,0,0,0,0,0
23.898865,1,0,0,0,0,0,0,0,0
23.900644,0,0,0,1,1,0,0,0,0
23.902438,0,0,0,0,0,1,0,0,0
23.905597,0,0,0,0,0,0,0,0,1
23.906637,0,0,0,0,0,0,1,0,0
23.917124,0,0,0,0,0,0,0,1,0
23.922671,1,0,0,0,1,0,0,0,0
23.941659,0,0,0,0,0,0,0,1,0
23.944262,0,0,1,0,0,0,0,0,0
23.945236,0,1,0,0,0,0,0,0,0
23.951502,0,0,0,1,0,0,0,0,0
23.951645,0,0,0,0,0,0,1,0,0
23.952188,0,0,0,0,0,1,0,0,0
23.957346,0,0,0,0,0,0,0,0,1
23.962367,0,1,0,0,0,0,0,0,0
23.966380,1,0,0,0,0,0,0,0,0
23.971367,0,0,0,0,1,0,0,0,0
23.978550,0,0,0,0,0,0,0,1,0
23.993229,0,0,1,0,0,0,0,0,0
23.996147,0,0,0,0,0,1,0,0,0
23.997109,0,0,0,0,0,0,0,0,1
23.998945,0,0,0,1,0,0,0,0,0
23.999976,0,0,0,0,0,0,1,0,0
24.002308,0,1,0,0,0,0,0,0,0
24.015499,1,0,0,0,1,0,0,0,0
24.021112,0,0,0,0,0,0,0,1,0
24.030815,0,0,1,0,0,0,0,0,0
24.045481,0,1,0,0,0,0,0,0,0
24.051409,0,0,0,1,0,0,0,0,0
24.052623,0,0,0,0,0,1,0,0,0
24.052723,0,0,0,0,0,0,1,0,0
24.058075,0,0,0,0,0,0,0,0,1
24.068294,1,0,0,0,0,0,0,0,0
24.092225,0,0,1,0,0,0,0,0,0
24.097572,0,0,0,0,1,1,0,0,0
24.098802,0,0,0,1,0,0,0,0,0
24.101739,0,0,0,0,0,0,0,0,1
24.108408,0,0,0,0,0,0,1,0,0
24.116139,0,0,0,0,0,0,0,1,0
24.125422,1,0,0,0,1,0,0,0,0
24.136145,0,0,1,0,0,0,0,0,0
24.144911,0,1,0,0,0,0,0,0,0
24.149723,0,0,0,1,0,0,0,0,0
24.149739,0,0,0,0,0,0,0,1,0
24.152781,0,0,0,0,0,0,1,0,0
24.153011,0,0,0,0,0,1,0,0,0
24.170774,1,0,0,0,1,0,0,0,0
24.176608,0,0,0,0,0,0,0,0,1
24.179506,0,1,0,0,0,0,0,0,0
24.192583,0,0,0,0,0,0,0,1,0
24.197466,0,0,0,0,0,1,0,0,0
24.201343,0,0,0,1,0,0,0,0,0
24.210585,0,0,0,0,0,0,0,0,1
24.215250,0,0,1,0,0,0,0,0,0
24.218890,0,1,0,0,0,0,0,0,0
24.238135,0,0,0,0,0,0,1,0,0
24.249098,0,0,1,0,0,0,0,0,0
24.250111,0,0,0,1,0,0,0,0,0
24.252146,0,0,0,0,0,1,0,0,0
24.253549,0,0,0,0,0,0,0,0,1
24.256634,1,0,0,0,0,0,0,0,0
24.280440,0,0,0,0,1,0,1,0,0
24.288186,0,0,1,0,0,0,0,0,0
24.292238,1,0,0,0,0,0,0,0,0
24.293832,0,0,0,0,0,0,0,1,0
24.295254,0,0,0,0,1,0,0,0,0
24.296452,0,0,0,0,0,1,0,0,0
24.300764,0,0,0,1,0,0,0,0,0
24.301926,0,0,0,0,0,0,1,0,0
24.314756,1,0,0,0,1,0,0,0,0
24.314858,0,0,0,0,0,0,0,0,1
24.316124,0,0,0,0,0,0,0,1,0
24.322245,0,1,0,0,0,0,0,0,0
24.327176,0,0,0,0,0,0,0,1,0
24.338143,0,1,0,0,0,0,0,0,0
24.348407,0,0,0,1,0,0,0,0,0
24.348610,0,0,0,0,0,1,0,0,0
24.353694,0,0,1,0,0,0,0,0,0
24.353844,0,1,0,0,0,0,0,0,0
24.354650,0,0,0,0,0,0,0,0,1
24.359468,0,0,0,0,0,0,1,0,0
24.378558,1,0,0,0,0,0,0,0,0
24.390116,0,0,1,0,1,0,0,0,0
24.395496,0,0,0,0,0,0,0,1,0
24.399145,0,0,0,1,0,0,0,0,0
24.400559,0,0,0,0,0,1,0,0,0
24.407304,0,0,0,0,0,0,1,0,0
24.418254,1,0,0,0,1,0,0,0,0
24.419646,0,0,0,0,0,0,0,1,0
24.420672,0,1,0,0,0,0,0,0,0
24.422271,0,0,0,0,0,0,0,0,1
24.441227,0,1,0,0,0,0,0,0,0
24.449458,0,0,0,0,0,1,0,0,0
24.449691,0,0,0,1,0,0,0,0,0
24.457953,0,0,1,0,0,0,0,0,0
24.486997,0,0,0,0,0,0,1,0,0
24.493712,0,0,0,0,0,0,0,0,1
24.496720,0,0,0,0,0,1,0,0,0
24.498489,0,0,0,0,0,0,0,0,1
24.500200,0,0,0,1,0,0,0,0,0
24.502932,1,0,0,0,0,0,0,0,0
24.503917,0,0,0,0,1,0,0,0,0
24.504696,0,0,0,0,0,0,1,0,0
24.519687,0,0,0,0,0,0,0,1,0
24.523566,1,0,0,0,0,0,0,0,0
24.530218,0,0,1,0,1,0,0,0,0
24.530640,0,0,0,0,0,0,0,1,0
24.533743,0,0,1,0,0,0,0,0,0
24.548028,0,1,0,0,0,0,0,0,0
24.550118,0,0,0,1,0,0,0,0,0
24.553038,0,0,0,0,0,1,0,0,0
24.554641,0,0,0,0,0,0,0,0,1
24.554702,0,1,0,0,0,0,0,0,0
24.556107,0,0,0,0,0,0,1,0,0
24.570685,1,0,0,0,1,0,0,0,0
24.578550,0,0,0,0,0,0,0,1,0
24.591176,0,0,1,0,0,0,0,0,0
24.598030,0,0,0,0,0,1,0,0,0
24.599237,0,0,0,0,0,0,0,0,1
24.599302,0,0,0,1,0,0,0,0,0
24.599518,0,1,0,0,0,0,0,0,0
24.602800,0,0,0,0,0,0,1,0,0
24.620379,1,0,0,0,0,0,0,0,0
24.625962,0,0,0,0,1,0,0,0,0
24.630886,0,0,0,0,0,0,0,1,0
24.634147,0,0,1,0,0,0,0,0,0
24.648760,0,0,0,1,0,0,0,0,0
24.648920,0,0,0,0,0,1,0,0,0
24.649828,0,0,0,0,0,0,1,0,0
24.658107,0,1,0,0,0,0,0,0,0
24.660930,1,0,0,0,1,0,0,0,0
24.676130,0,0,0,0,0,0,0,0,1
24.700100,0,0,0,1,0,0,0,0,0
24.701441,0,0,0,0,0,1,0,0,0
24.707358,0,0,0,0,0,0,0,0,1
24.709772,0,0,1,0,0,0,0,0,0
24.716338,0,0,0,0,0,0,1,0,0
24.723476,0,0,0,0,0,0,0,1,0
24.726850,1,0,0,0,0,0,0,0,0
24.737133,0,0,0,0,1,0,0,0,0
24.737164,0,0,0,0,0,0,0,1,0
24.739253,0,0,1,0,0,0,0,0,0
24.744480,0,1,0,0,0,0,0,0,0
24.749346,0,0,0,1,0,0,0,0,0
24.751564,0,0,0,0,0,0,1,0,0
24.752782,0,0,0,0,0,1,0,0,0
24.762487,0,1,0,0,0,0,0,0,0
24.765417,1,0,0,0,0,0,0,0,0
24.771325,0,0,0,0,1,0,0,0,1
24.779822,0,0,0,0,0,0,0,1,0
24.798063,0,0,0,1,0,0,0,0,0
24.798716,0,0,0,0,0,0,1,0,0
24.800611,0,1,0,0,0,0,0,0,0
24.803580,0,0,0,0,0,1,0,0,0
24.806966,0,0,1,0,0,0,0,0,0
24.810912,1,0,0,0,1,0,0,0,0
24.812599,0,0,0,0,0,0,0,1,0
24.815143,0,0,0,0,0,0,0,0,1
24.836234,0,1,0,0,0,0,0,0,0
24.850152,0,0,0,1,0,0,0,0,0
24.850886,0,0,0,0,0,1,0,0,0
24.853944,0,0,1,0,0,0,0,0,0
24.860663,0,0,0,0,0,0,1,0,0
24.862925,0,0,0,0,0,0,0,0,1
24.872202,1,0,0,0,0,0,0,0,0
24.895119,0,0,0,0,1,0,0,0,0
24.897990,0,0,0,0,0,1,0,0,0
24.898040,0,0,0,0,0,0,0,0,1
24.898411,0,0,1,0,0,0,0,0,0
24.898787,0,0,0,1,0,0,0,0,0
24.904881,0,0,0,0,0,0,0,1,0
24.929742,0,1,0,0,0,0,0,0,0
24.935531,0,0,1,0,0,0,0,0,0
24.943498,0,0,0,0,0,0,1,0,0
24.949852,0,0,0,0,0,1,0,0,0
24.950138,0,0,0,1,0,0,0,0,0
24.954371,0,0,0,0,0,0,0,0,1
24.956286,0,0,0,0,0,0,1,0,0
24.956880,1,0,0,0,1,0,0,0,0
24.961272,0,0,0,0,0,0,0,1,0
24.976067,1,0,0,0,0,0,0,0,0
24.977937,0,0,0,0,1,0,0,0,0
24.990887,0,1,0,0,0,0,0,0,0
24.993451,0,0,1,0,0,0,0,0,0
24.998752,0,0,0,1,0,0,0,0,0
24.999431,0,0,0,0,0,0,0,1,0
25.000030,0,0,0,0,0,1,0,0,0
25.003043,0,0,0,0,0,0,0,0,1
25.007716,0,0,0,0,0,0,1,0,0
25.025126,1,0,0,0,1,0,0,0,0
25.025359,0,1,0,0,0,0,0,0,0
25.028783,0,0,0,0,0,0,0,1,0
25.035524,0,0,1,0,0,0,0,0,0
25.049228,0,0,0,1,0,0,0,0,0
25.051151,0,0,0,0,0,1,0,0,0
25.053856,0,1,0,0,0,0,0,0,0
25.059711,0,0,0,0,0,0,0,0,1
25.060031,0,0,0,0,0,0,1,0,0
25.076454,1,0,0,0,1,0,0,0,0
25.088539,0,0,0,0,0,0,0,1,0
25.094106,0,0,1,0,0,0,0,0,0
25.099599,0,0,0,1,0,0,0,0,0
25.103202,0,0,0,0,0,1,0,0,0
25.110539,0,0,0,0,0,0,1,0,0
25.114150,0,1,0,0,0,0,0,0,0
25.123373,1,0,0,0,0,0,0,0,0
25.130237,0,0,0,0,1,0,0,0,1
25.150496,0,0,0,0,0,1,0,0,0
25.151234,0,0,0,1,0,0,0,0,0
25.168422,0,0,0,0,0,0,0,1,0
25.169921,0,0,1,0,0,0,0,0,0
25.174009,0,0,0,0,0,0,0,0,1
25.174276,0,0,0,0,0,0,1,0,0
25.187437,1,0,0,0,0,0,0,0,0
25.192405,0,1,0,0,0,0,0,0,0
25.198127,0,0,0,1,1,0,0,0,0
25.202983,0,0,0,0,0,1,0,0,0
25.203088,0,0,0,0,0,0,1,0,0
25.206060,0,0,1,0,0,0,0,0,0
25.208129,0,0,0,0,0,0,0,0,1
25.217132,1,0,0,0,0,0,0,0,0
25.231057,0,0,0,0,0,0,0,1,0
25.240819,0,0,1,0,1,0,0,0,0
25.241531,0,0,0,0,0,0,0,1,0
25.250083,0,0,0,1,0,0,0,0,0
25.251323,0,0,0,0,0,1,0,0,0
25.252715,0,0,0,0,0,0,0,0,1
25.259141,0,1,0,0,0,0,0,0,0
25.264052,0,0,0,0,0,0,1,0,0
25.266882,0,1,0,0,0,0,0,0,0
25.280948,1,0,0,0,1,0,0,0,0
25.286804,0,0,0,0,0,0,0,1,0
25.288951,0,0,1,0,0,0,0,0,0
25.299736,0,0,0,0,0,1,0,0,0
25.300540,0,0,0,1,0,0,0,0,0
25.302234,0,0,0,0,0,0,0,0,1
25.304075,0,0,0,0,0,0,1,0,0
25.311497,0,1,0,0,0,0,0,0,0
25.319880,1,0,0,0,0,0,0,0,0
25.340089,0,0,1,0,0,0,0,0,0
25.342741,0,0,0,0,1,0,0,0,0
25.346040,0,0,0,0,0,1,0,0,0
25.348077,0,0,0,0,0,0,0,1,0
25.351048,0,0,0,1,0,0,0,0,0
25.359874,0,0,0,0,0,0,0,0,1
25.369136,0,1,0,0,0,0,0,0,0
25.372368,0,0,0,0,0,0,1,0,0
25.391406,1,0,0,0,1,0,0,0,0
25.398835,0,0,0,1,0,0,0,0,0
25.399786,0,0,1,0,0,0,0,0,0
25.399838,0,0,0,0,0,0,0,1,0
25.400345,0,0,0,0,0,0,1,0,0
25.401205,0,0,0,0,0,1,0,0,0
25.404776,0,0,0,0,0,0,0,0,1
25.415211,1,0,0,0,1,0,0,0,0
25.417194,0,0,0,0,0,0,0,1,0
25.426441,0,1,0,0,0,0,0,0,0
25.440958,0,0,1,0,0,0,0,0,0
25.444853,0,1,0,0,0,0,0,0,0
25.448601,0,0,0,1,0,0,0,0,0
25.451201,0,0,0,0,0,1,0,0,0
25.456334,0,0,0,0,0,0,0,0,1
25.467150,0,0,0,0,0,0,1,0,0
25.480068,1,0,0,0,1,0,0,0,0
25.485744,0,0,0,0,0,0,0,1,0
25.490092,0,0,1,0,0,0,0,0,0
25.498772,0,0,0,1,0,0,0,0,0
25.500831,0,0,0,0,0,1,0,0,0
25.501612,0,0,0,0,0,0,0,0,1
25.509999,0,1,0,0,0,0,0,0,0
25.520040,0,0,0,0,0,0,1,0,0
25.531332,1,0,0,0,1,0,0,0,0
25.538394,0,0,0,0,0,0,0,1,0
25.539960,0,0,1,0,0,0,0,0,0
25.551356,0,0,0,1,0,0,0,0,0
25.552964,0,0,0,0,0,1,0,0,0
25.554719,0,0,0,0,0,0,0,0,1
25.556440,0,0,0,0,0,0,1,0,0
25.562063,0,1,0,0,0,0,0,0,0
25.572759,1,0,0,0,0,0,0,0,0
25.587395,0,0,1,0,1,0,0,0,0
25.599712,0,0,0,1,0,0,0,0,0
25.600237,0,0,0,0,0,0,1,0,0
25.601214,0,0,0,0,0,1,0,0,0
25.603536,0,0,0,0,0,0,0,0,1
25.612015,1,0,0,0,0,0,0,0,0
25.612354,0,0,0,0,1,0,0,0,0
25.612693,0,0,0,0,0,0,0,1,0
25.620434,0,0,0,0,0,0,0,1,0
25.636914,0,1,0,0,0,0,0,0,0
25.637927,0,0,1,0,0,0,0,0,0
25.641348,0,1,0,0,0,0,0,0,0
25.647221,0,0,0,0,0,1,0,0,0
25.651378,0,0,0,1,0,0,0,0,0
25.651949,0,0,0,0,0,0,0,0,1
25.660533,0,0,0,0,0,0,1,0,0
25.671618,1,0,0,0,1,0,0,0,0
25.672173,0,0,0,0,0,0,0,1,0
25.689979,0,0,1,0,0,0,0,0,0
25.695360,0,1,0,0,0,0,0,0,0
25.699009,0,0,0,0,0,1,0,0,0
25.699448,0,0,0,0,0,0,0,0,1
25.701470,0,0,0,1,0,0,0,0,0
25.704539,0,0,0,0,0,0,1,0,0
25.719328,1,0,0,0,0,0,0,0,0
25.733928,0,0,1,0,1,0,0,0,0
25.747742,0,0,0,0,0,0,0,1,0
25.750928,0,0,0,1,0,0,0,0,0
25.752330,0,0,0,0,0,1,0,0,0
25.755713,0,0,0,0,0,0,0,0,1
25.768314,0,1,0,0,0,0,0,0,0
25.768466,0,0,0,0,0,0,1,0,0
25.783754,1,0,0,0,0,0,0,0,0
25.792620,0,0,1,0,1,0,0,0,0
25.793785,0,0,0,0,0,0,0,1,0
25.799333,0,0,0,1,0,0,0,0,0
25.802337,0,0,0,0,0,1,0,0,0
25.807376,0,0,0,0,0,0,1,0,0
25.811638,0,0,0,0,0,0,0,0,1
25.814087,0,1,0,0,0,0,0,0,0
25.820656,1,0,0,0,0,0,0,0,0
25.846077,0,0,1,0,0,0,0,0,0
25.850339,0,0,0,0,0,1,0,0,0
25.851667,0,0,0,1,1,0,0,0,0
25.853247,0,0,0,0,0,0,0,0,1
25.853778,0,0,0,0,0,0,1,0,0
25.856916,0,0,0,0,0,0,0,1,0
25.866866,1,0,0,0,0,0,0,0,0
25.883467,0,1,0,0,1,0,0,0,0
25.887010,0,0,0,0,0,0,0,1,0
25.889359,0,0,1,0,0,0,0,0,0
25.897086,0,0,0,0,0,1,0,0,0
25.901138,0,0,0,1,0,0,0,0,0
25.901811,0,0,0,0,0,0,0,0,1
25.910207,0,1,0,0,0,0,0,0,0
25.915713,0,0,0,0,0,0,1,0,0
25.926411,1,0,0,0,0,0,0,0,0
25.932679,0,0,0,0,1,0,0,0,0
25.939916,0,0,1,0,0,0,0,0,0
25.947756,0,0,0,0,0,0,0,1,0
25.948751,0,0,0,0,0,1,0,0,0
25.949907,0,0,0,1,0,0,0,0,0
25.953589,0,0,0,0,0,0,1,0,0
25.964610,1,0,0,0,1,0,0,0,0
25.964872,0,0,0,0,0,0,0,0,1
25.969501,0,0,0,0,0,0,0,1,0
25.970873,0,1,0,0,0,0,0,0,0
25.991729,0,1,0,0,0,0,0,0,0
25.998521,0,0,0,1,0,0,0,0,0
25.999926,0,0,1,0,0,0,0,0,0
26.003204,0,0,0,0,0,0,1,0,0
26.003275,0,0,0,0,0,1,0,0,0
26.018690,1,0,0,0,0,0,0,0,0
26.019441,0,0,0,0,1,0,0,0,1
26.028578,0,0,0,0,0,0,0,1,0
26.046793,0,0,0,0,0,1,0,0,0
26.048385,0,0,0,0,0,0,0,0,1
26.049233,0,0,0,1,0,0,0,0,0
26.050460,0,0,1,0,0,0,0,0,0
26.051280,0,1,0,0,0,0,0,0,0
26.062294,0,0,0,0,0,0,1,0,0
26.079276,1,0,0,0,0,0,0,0,0
26.084722,0,0,0,0,1,0,0,0,0
26.086171,0,0,0,0,0,0,0,1,0
26.088032,0,0,1,0,0,0,0,0,0
26.099254,0,0,0,0,0,1,0,0,0
26.101132,0,0,0,1,0,0,0,0,0
26.101434,0,0,0,0,0,0,1,0,0
26.106455,0,1,0,0,0,0,0,0,0
26.112301,1,0,0,0,1,0,0,0,0
26.112663,0,0,0,0,0,0,0,0,1
26.113256,0,0,0,0,0,0,0,1,0
26.138947,0,1,0,0,0,0,0,0,0
26.148400,0,0,1,0,0,0,0,0,0
26.150120,0,0,0,1,0,0,0,0,0
26.151178,0,0,0,0,0,1,0,0,0
26.157867,0,0,0,0,0,0,1,0,0
26.163756,0,0,0,0,0,0,0,0,1
26.171035,1,0,0,0,0,0,0,0,0
26.196397,0,0,1,0,0,0,0,0,0
26.199035,0,0,0,0,0,1,0,0,0
26.199322,0,0,0,0,1,0,0,0,0
26.199610,0,0,0,1,0,0,0,0,0
26.201194,0,0,0,0,0,0,0,1,0
26.204625,0,0,0,0,0,0,1,0,0
26.211530,0,0,0,0,0,0,0,0,1
26.217583,1,0,0,0,0,0,0,0,0
26.227655,0,1,0,0,0,0,0,0,0
26.248825,0,0,0,1,1,0,0,0,0
26.249172,0,0,1,0,0,0,0,0,0
26.250905,0,0,0,0,0,1,0,0,0
26.255913,0,0,0,0,0,0,0,1,0
26.274566,0,0,0,0,0,0,0,0,1
26.285244,0,1,0,0,0,0,0,0,0
26.285728,0,0,0,0,0,0,1,0,0
26.298106,1,0,0,0,1,0,0,0,0
26.301660,0,0,0,0,0,1,0,0,0
26.301872,0,0,0,1,0,0,0,0,0
26.309627,0,0,1,0,0,0,0,0,0
26.310316,0,0,0,0,0,0,0,1,0
26.319024,0,0,0,0,0,0,0,0,1
26.325120,0,0,0,0,0,0,1,0,0
26.330399,0,1,0,0,0,0,0,0,0
26.341664,1,0,0,0,1,0,0,0,0
26.349141,0,0,0,1,0,0,0,0,0
26.349254,0,0,0,0,0,0,0,1,0
26.351630,0,0,0,0,0,0,1,0,0
26.352108,0,0,1,0,0,0,0,0,0
26.353076,0,0,0,0,0,1,0,0,0
26.362075,1,0,0,0,0,0,0,0,0
26.368691,0,0,0,0,0,0,0,0,1
26.371511,0,1,0,0,0,0,0,0,0
26.398560,0,0,0,0,0,1,0,0,0
26.400096,0,0,0,1,1,0,0,0,0
26.401831,0,0,1,0,0,0,0,0,0
26.404391,0,0,0,0,0,0,1,0,0
26.407814,0,0,0,0,0,0,0,0,1
26.415669,1,0,0,0,1,0,0,0,0
26.415867,0,0,0,0,0,0,0,1,0
26.434182,0,0,0,0,0,0,0,1,0
26.441359,0,1,0,0,0,0,0,0,0
26.446987,0,0,1,0,0,0,0,0,0
26.449198,0,0,0,1,0,0,0,0,0
26.449237,0,0,0,0,0,1,0,0,0
26.449656,0,0,0,0,0,0,1,0,0
26.454039,0,0,0,0,0,0,0,0,1
26.455327,0,1,0,0,0,0,0,0,0
26.462343,1,0,0,0,1,0,0,0,0
26.467199,0,0,0,0,0,0,0,1,0
26.489558,0,1,0,0,0,0,0,0,0
26.490628,0,0,1,0,0,0,0,0,0
26.500288,0,0,0,1,0,0,0,0,0
26.500373,0,0,0,0,0,0,1,0,0
26.501849,0,0,0,0,0,1,0,0,0
26.511063,1,0,0,0,1,0,0,0,0
26.512568,0,0,0,0,0,0,0,0,1
26.526720,0,0,0,0,0,0,0,1,0
26.543862,0,0,1,0,0,0,0,0,0
26.548958,0,1,0,0,0,0,0,0,0
26.549821,0,0,0,1,0,0,0,0,0
26.550908,0,0,0,0,0,1,0,0,0
26.554415,0,0,0,0,0,0,0,0,1
26.568555,0,0,0,0,0,0,1,0,0
26.581723,1,0,0,0,1,0,0,0,0
26.586681,0,0,1,0,0,0,0,0,0
26.587473,0,0,0,0,0,0,0,1,0
26.597129,0,0,0,0,0,1,0,0,0
26.599596,0,0,0,0,0,0,0,0,1
26.599879,0,0,0,1,0,0,0,0,0
26.609495,0,1,0,0,0,0,0,0,0
26.610633,0,0,0,0,0,0,1,0,0
26.627140,1,0,0,0,1,0,0,0,0
26.633779,0,0,1,0,0,0,0,0,0
26.642206,0,0,0,0,0,0,0,1,0
26.647250,0,0,0,0,0,1,0,0,0
26.650566,0,0,0,1,0,0,0,0,0
26.651994,0,0,0,0,0,0,0,0,1
26.658987,0,0,0,0,0,0,1,0,0
26.662355,0,1,0,0,0,0,0,0,0
26.672790,1,0,0,0,0,0,0,0,0
26.683638,0,0,1,0,1,0,0,0,0
26.685398,0,0,0,0,0,0,0,1,0
26.699566,0,0,0,1,0,0,0,0,0
26.700046,0,0,0,0,0,1,0,0,0
26.701842,0,0,0,0,0,0,1,0,0
26.704542,0,0,0,0,0,0,0,0,1
26.713013,0,1,0,0,0,0,0,0,0
26.716105,1,0,0,0,0,0,0,0,0
26.731761,0,0,0,0,1,0,0,0,0
26.738712,0,0,1,0,0,0,0,0,0
26.745464,0,0,0,0,0,0,0,1,0
26.750151,0,0,0,1,0,0,0,0,0
26.753757,0,0,0,0,0,1,0,0,0
26.757680,0,0,0,0,0,0,1,0,0
26.759148,0,0,0,0,0,0,0,0,1
26.766888,0,1,0,0,0,0,0,0,0
26.773685,1,0,0,0,0,0,0,0,0
26.790022,0,0,1,0,0,0,0,0,0
26.797992,0,0,0,0,0,1,0,0,0
26.799293,0,0,0,0,1,0,0,0,1
26.801765,0,0,0,1,0,0,0,0,0
26.803319,0,0,0,0,0,0,1,0,0
26.813656,0,0,0,0,0,0,0,1,0
26.822559,1,0,0,0,0,0,0,0,0
26.838963,0,0,1,0,1,0,0,0,0
26.841681,0,0,0,0,0,0,0,1,0
26.843616,0,1,0,0,0,0,0,0,0
26.849338,0,0,0,0,0,1,0,0,0
26.851436,0,0,0,1,0,0,0,0,0
26.857233,0,0,0,0,0,0,0,0,1
26.860928,0,0,0,0,0,0,1,0,0
26.868397,0,1,0,0,0,0,0,0,0
26.877495,1,0,0,0,0,0,0,0,0
26.897037,0,0,1,0,1,0,0,0,0
26.897244,0,0,0,0,0,1,0,0,0
26.899345,0,0,0,1,0,0,0,0,0
26.901940,0,0,0,0,0,0,0,0,1
26.902468,0,0,0,0,0,0,0,1,0
26.919829,0,0,0,0,0,0,1,0,0
26.930848,0,1,0,0,0,0,0,0,0
26.936266,1,0,0,0,0,0,0,0,0
26.938285,0,0,1,0,1,0,0,0,0
26.947188,0,0,0,0,0,1,0,0,0
26.950051,0,0,0,1,0,0,0,0,0
26.951789,0,0,0,0,0,0,1,0,0
26.951824,0,0,0,0,0,0,0,1,0
26.958707,0,0,0,0,0,0,0,0,1
26.965073,1,0,0,0,0,0,0,0,0
26.980594,0,1,0,0,1,0,0,0,0
26.994005,0,0,1,0,0,0,0,0,0
26.995534,0,0,0,0,0,0,0,1,0
26.998480,0,0,0,0,0,1,0,0,0
27.000784,0,0,0,1,0,0,0,0,0
27.003397,0,0,0,0,0,0,0,0,1
27.015233,0,0,0,0,0,0,1,0,0
27.021985,0,1,0,0,0,0,0,0,0
27.027888,1,0,0,0,1,0,0,0,0
27.039977,0,0,1,0,0,0,0,0,0
27.042918,0,0,0,0,0,0,0,1,0
27.049681,0,0,0,0,0,1,0,0,0
27.050174,0,0,0,1,0,0,0,0,0
27.051048,0,0,0,0,0,0,0,0,1
27.061101,0,0,0,0,0,0,1,0,0
27.068967,0,1,0,0,0,0,0,0,0
27.072627,1,0,0,0,0,0,0,0,0
27.089872,0,0,1,0,0,0,0,0,0
27.101075,0,0,0,1,1,0,0,0,0
27.101187,0,0,0,0,0,0,1,0,0
27.101421,0,0,0,0,0,0,0,1,0
27.102586,0,0,0,0,0,1,0,0,0
27.109371,0,0,0,0,0,0,0,0,1
27.112026,1,0,0,0,0,0,0,0,0
27.115420,0,0,0,0,1,0,0,0,0
27.123592,0,0,0,0,0,0,0,1,0
27.127665,0,1,0,0,0,0,0,0,0
27.145302,0,1,0,0,0,0,0,0,0
27.148403,0,0,1,0,0,0,0,0,0
27.149530,0,0,0,1,0,0,0,0,0
27.153576,0,0,0,0,0,1,0,0,0
27.157872,0,0,0,0,0,0,0,0,1
27.165866,0,0,0,0,0,0,1,0,0
27.182529,1,0,0,0,0,0,0,0,0
27.188922,0,0,1,0,0,0,0,0,0
27.201675,0,0,0,1,1,0,0,0,0
27.203337,0,0,0,0,0,1,0,0,0
27.208667,0,0,0,0,0,0,0,1,0
27.208811,0,0,0,0,0,0,0,0,1
27.211595,0,0,0,0,0,0,1,0,0
27.225978,1,0,0,0,1,0,0,0,0
27.235757,0,1,0,0,0,0,0,0,0
27.237452,0,0,0,0,0,0,0,1,0
27.243367,0,0,1,0,0,0,0,0,0
27.249673,0,0,0,1,0,0,0,0,0
27.253459,0,0,0,0,0,1,0,0,0
27.259295,0,0,0,0,0,0,0,0,1
27.260055,0,1,0,0,0,0,0,0,0
27.278865,0,0,0,0,0,0,1,0,0
27.293929,1,0,0,0,1,0,0,0,0
27.294588,0,0,1,0,0,0,0,0,0
27.296809,0,0,0,0,0,1,0,0,0
27.297619,0,0,0,0,0,0,0,1,0
27.297645,0,0,0,0,0,0,0,0,1
27.299422,0,0,0,1,0,0,0,0,0
27.305823,0,0,0,0,0,0,1,0,0
27.317954,0,1,0,0,0,0,0,0,0
27.323706,1,0,0,0,0,0,0,0,0
27.335175,0,0,1,0,0,0,0,0,0
27.349029,0,0,0,1,0,0,0,0,0
27.350152,0,0,0,0,1,0,0,0,0
27.351491,0,0,0,0,0,0,0,1,0
27.352901,0,0,0,0,0,1,0,0,0
27.354422,0,0,0,0,0,0,0,0,1
27.361906,0,0,0,0,0,0,1,0,0
27.373293,1,0,0,0,0,0,0,0,0
27.373350,0,0,0,0,1,0,0,0,0
27.373408,0,1,0,0,0,0,0,0,0
27.384362,0,0,0,0,0,0,0,1,0
27.392094,0,0,1,0,0,0,0,0,0
27.400770,0,0,0,0,0,1,0,0,0
27.401196,0,0,0,1,0,0,0,0,0
27.404978,0,0,0,0,0,0,1,0,0
27.407890,0,0,0,0,0,0,0,0,1
27.413016,0,1,0,0,0,0,0,0,0
27.417520,1,0,0,0,0,0,0,0,0
27.443899,0,0,1,0,0,0,0,0,0
27.450183,0,0,0,1,0,0,0,0,0
27.451154,0,0,0,0,1,1,0,0,0
27.458167,0,0,0,0,0,0,0,0,1
27.466193,0,0,0,0,0,0,0,1,0
27.479118,0,0,0,0,0,0,1,0,0
27.486300,0,1,0,0,0,0,0,0,0
27.491483,1,0,0,0,1,0,0,0,0
27.496445,0,0,0,0,0,0,0,1,0
27.497185,0,0,1,0,0,0,0,0,0
27.497562,0,0,0,0,0,1,0,0,0
27.500213,0,0,0,1,0,0,0,0,0
27.509138,0,0,0,0,0,0,1,0,0
27.517170,0,0,0,0,0,0,0,0,1
27.519846,1,0,0,0,1,0,0,0,0
27.520656,0,0,0,0,0,0,0,1,0
27.520972,0,1,0,0,0,0,0,0,0
27.549169,0,1,0,0,0,0,0,0,0
27.550288,0,0,0,1,0,0,0,0,0
27.550332,0,0,0,0,0,1,0,0,0
27.550482,0,0,0,0,0,0,1,0,0
27.553579,0,0,1,0,0,0,0,0,0
27.560708,1,0,0,0,1,0,0,0,0
27.566227,0,0,0,0,0,0,0,0,1
27.590481,0,0,0,0,0,0,0,1,0
27.599565,0,0,0,0,0,1,0,0,0
27.600578,0,0,0,1,0,0,0,0,0
27.603566,0,0,0,0,0,0,1,0,0
27.604265,0,0,1,0,0,0,0,0,0
27.615044,0,1,0,0,0,0,0,0,0
27.619886,1,0,0,0,0,0,0,0,0
27.638336,0,0,0,0,0,0,0,0,1
27.645998,0,0,0,0,1,0,0,0,0
27.649021,0,0,0,0,0,1,0,0,0
27.650430,0,0,0,0,0,0,0,0,1
27.651396,0,0,0,1,0,0,0,0,0
27.653675,0,0,0,0,0,0,0,1,0
27.674882,0,0,0,0,0,0,1,0,0
27.675526,0,0,1,0,0,0,0,0,0
27.677282,0,1,0,0,0,0,0,0,0
27.689334,0,0,1,0,0,0,0,0,0
27.690342,1,0,0,0,1,0,0,0,0
27.695345,0,0,0,0,0,0,0,1,0
27.697915,0,0,0,0,0,1,0,0,0
27.698522,0,0,0,1,0,0,0,0,0
27.702605,0,0,0,0,0,0,1,0,0
27.705382,0,0,0,0,0,0,0,0,1
27.719060,1,0,0,0,1,0,0,0,0
27.720930,0,1,0,0,0,0,0,0,0
27.728541,0,0,0,0,0,0,0,1,0
27.741955,0,0,1,0,0,0,0,0,0
27.748033,0,0,0,1,0,0,0,0,0
27.748725,0,1,0,0,0,0,0,0,0
27.750015,0,0,0,0,0,1,0,0,0
27.758033,0,0,0,0,0,0,1,0,0
27.764649,0,0,0,0,0,0,0,0,1
27.768400,1,0,0,0,0,0,0,0,0
27.781349,0,0,0,0,1,0,0,0,0
27.782326,0,0,0,0,0,0,0,1,0
27.798769,0,0,0,1,0,0,0,0,0
27.800146,0,0,0,0,0,1,0,0,0
27.804346,0,0,0,0,0,0,1,0,0
27.804536,0,0,1,0,0,0,0,0,0
27.809822,0,0,0,0,0,0,0,0,1
27.809964,0,1,0,0,0,0,0,0,0
27.815793,1,0,0,0,0,0,0,0,0
27.847591,0,0,1,0,0,0,0,0,0
27.850600,0,0,0,1,0,0,0,0,0
27.851604,0,0,0,0,1,0,0,0,0
27.852448,0,0,0,0,0,0,0,1,0
27.853089,0,0,0,0,0,1,0,0,0
27.853267,0,0,0,0,0,0,1,0,0
27.857615,0,0,0,0,0,0,0,0,1
27.871928,1,0,0,0,0,0,0,0,0
27.873000,0,0,0,0,1,0,0,0,0
27.877263,0,1,0,0,0,0,0,0,0
27.879722,0,0,0,0,0,0,0,1,0
27.896695,0,0,1,0,0,0,0,0,0
27.899850,0,0,0,1,0,0,0,0,0
27.902339,0,0,0,0,0,0,1,0,0
27.903823,0,0,0,0,0,1,0,0,0
27.907028,0,1,0,0,0,0,0,0,0
27.908977,0,0,0,0,0,0,0,0,1
27.915983,1,0,0,0,1,0,0,0,0
27.916890,0,0,0,0,0,0,0,1,0
27.940329,0,1,0,0,0,0,0,0,0
27.947143,0,0,1,0,0,0,0,0,0
27.950096,0,0,0,0,0,1,0,0,0
27.951352,0,0,0,1,0,0,0,0,0
27.960464,0,0,0,0,0,0,0,0,1
27.974745,0,0,0,0,0,0,1,0,0
27.990373,1,0,0,0,1,0,0,0,0
27.991132,0,0,1,0,0,0,0,0,0
27.994973,0,0,0,0,0,0,0,1,0
27.999245,0,0,0,1,0,0,0,0,0
28.001339,0,0,0,0,0,1,0,0,0
28.001490,0,0,0,0,0,0,0,0,1
28.017178,0,1,0,0,0,0,0,0,0
28.018394,0,0,0,0,0,0,1,0,0
28.033646,1,0,0,0,0,0,0,0,0
28.039684,0,0,1,0,0,0,0,0,0
28.048193,0,0,0,0,0,1,0,0,0
28.050038,0,0,0,1,1,0,0,0,0
28.051082,0,0,0,0,0,0,0,1,0
28.054477,0,0,0,0,0,0,1,0,0
28.067148,1,0,0,0,1,0,0,0,0
28.070745,0,0,0,0,0,0,0,0,1
28.075450,0,1,0,0,0,0,0,0,0
28.076378,0,0,0,0,0,0,0,1,0
28.097677,0,0,0,0,0,1,0,0,0
28.097783,0,0,0,0,0,0,0,0,1
28.098443,0,1,0,0,0,0,0,0,0
28.099513,0,0,0,1,0,0,0,0,0
28.100267,0,0,0,0,0,0,1,0,0
28.110712,0,0,1,0,0,0,0,0,0
28.111792,1,0,0,0,0,0,0,0,0
28.129201,0,0,1,0,0,0,0,0,0
28.149117,0,0,0,1,0,0,0,0,0
28.150540,0,0,0,0,0,1,0,0,0
28.153126,0,0,0,0,1,0,0,0,0
28.159552,0,0,0,0,0,0,1,0,0
28.165593,0,0,0,0,0,0,0,1,0
28.176145,1,0,0,0,0,0,0,0,0
28.177679,0,0,0,0,1,0,0,0,0
28.178218,0,0,0,0,0,0,0,1,0
28.190385,0,0,0,0,0,0,0,0,1
28.191764,0,1,0,0,0,0,0,0,0
28.199017,0,0,0,0,0,1,0,0,0
28.199876,0,0,0,1,0,0,0,0,0
28.200873,0,0,0,0,0,0,1,0,0
28.205966,0,1,0,0,0,0,0,0,0
28.209383,0,0,0,0,0,0,0,0,1
28.212750,1,0,0,0,1,0,0,0,0
28.214103,0,0,0,0,0,0,0,1,0
28.230359,0,0,1,0,0,0,0,0,0
28.236927,0,1,0,0,0,0,0,0,0
28.242051,0,0,1,0,0,0,0,0,0
28.250658,0,0,0,0,0,1,0,0,0
28.251232,0,0,0,1,0,0,0,0,0
28.252205,0,0,0,0,0,0,0,0,1
28.256889,0,0,0,0,0,0,1,0,0
28.276718,1,0,0,0,1,0,0,0,0
28.288578,0,0,1,0,0,0,0,0,0
28.291481,0,0,0,0,0,0,0,1,0
28.299003,0,0,0,0,0,1,0,0,0
28.300203,0,0,0,1,0,0,0,0,0
28.307097,0,0,0,0,0,0,0,0,1
28.319735,0,0,0,0,0,0,1,0,0
28.320658,0,1,0,0,0,0,0,0,0
28.335692,1,0,0,0,0,0,0,0,0
28.339908,0,0,0,0,1,0,0,0,0
28.341052,0,0,0,0,0,0,0,1,0
28.345581,0,0,1,0,0,0,0,0,0
28.349657,0,0,0,1,0,0,0,0,0
28.349878,0,0,0,0,0,1,0,0,0
28.355435,0,0,0,0,0,0,0,0,1
28.367760,0,1,0,0,0,0,0,0,0
28.369179,0,0,0,0,0,0,1,0,0
28.386871,1,0,0,0,1,0,0,0,0
28.390337,0,0,1,0,0,0,0,0,0
28.391917,0,0,0,0,0,0,0,1,0
28.398154,0,0,0,0,0,1,0,0,0
28.400395,0,0,0,1,0,0,0,0,0
28.402083,0,0,0,0,0,0,1,0,0
28.412303,0,1,0,0,0,0,0,0,0
28.415358,1,0,0,0,0,0,0,0,0
28.434958,0,0,0,0,0,0,0,0,1
28.451027,0,0,0,0,1,1,0,0,0
28.451459,0,0,0,1,0,0,0,0,0
28.452730,0,0,0,0,0,0,0,0,1
28.459835,0,0,0,0,0,0,1,0,0
28.471543,0,0,1,0,0,0,0,0,0
28.476853,1,0,0,0,1,0,0,0,0
28.482054,0,0,0,0,0,0,0,1,0
28.492539,0,0,1,0,0,0,0,0,0
28.499479,0,0,0,1,0,0,0,0,0
28.500067,0,0,0,0,0,0,1,0,0
28.500685,0,0,0,0,0,1,0,0,0
28.502771,0,1,0,0,0,0,0,0,0
28.507878,0,0,0,0,0,0,0,1,0
28.511719,1,0,0,0,0,0,0,0,0
28.513518,0,0,0,0,1,0,0,0,0
28.518000,0,0,0,0,0,0,0,0,1
28.535276,0,1,0,0,0,0,0,0,0
28.538403,0,0,0,0,0,0,0,1,0
28.547974,0,0,0,0,0,1,0,0,0
28.550165,0,0,0,0,0,0,0,0,1
28.550769,0,0,1,0,0,0,0,0,0
28.551090,0,0,0,1,0,0,0,0,0
28.557854,0,0,0,0,0,0,1,0,0
28.563638,0,1,0,0,0,0,0,0,0
28.572505,1,0,0,0,1,0,0,0,0
28.581497,0,0,0,0,0,0,0,1,0
28.590052,0,0,1,0,0,0,0,0,0
28.597684,0,0,0,0,0,1,0,0,0
28.599337,0,0,0,1,0,0,0,0,0
28.600015,0,0,0,0,0,0,1,0,0
28.602269,0,1,0,0,0,0,0,0,0
28.606505,0,0,0,0,0,0,0,0,1
28.612570,1,0,0,0,0,0,0,0,0
28.646344,0,0,1,0,1,0,0,0,0
28.648310,0,0,0,0,0,1,0,0,0
28.648334,0,0,0,0,0,0,0,0,1
28.649440,0,0,0,1,0,0,0,0,0
28.651253,0,0,0,0,0,0,1,0,0
28.663187,0,0,0,0,0,0,0,1,0
28.668438,1,0,0,0,1,0,0,0,0
28.675179,0,0,0,0,0,0,0,1,0
28.681894,0,0,1,0,0,0,0,0,0
28.686655,0,1,0,0,0,0,0,0,0
28.696350,0,1,0,0,0,0,0,0,0
28.697537,0,0,0,0,0,1,0,0,0
28.699391,0,0,0,1,0,0,0,0,0
28.705492,0,0,0,0,0,0,1,0,0
28.707896,0,0,0,0,0,0,0,0,1
28.721448,1,0,0,0,1,0,0,0,0
28.741879,0,0,1,0,0,0,0,0,0
28.743960,0,0,0,0,0,0,0,1,0
28.746333,0,0,0,0,0,1,0,0,0
28.750006,0,0,0,1,0,0,0,0,0
28.750252,0,0,0,0,0,0,1,0,0
28.753522,0,0,0,0,0,0,0,0,1
28.766378,1,0,0,0,1,0,0,0,0
28.768850,0,1,0,0,0,0,0,0,0
28.778429,0,0,0,0,0,0,0,1,0
28.790181,0,0,1,0,0,0,0,0,0
28.798639,0,0,0,1,0,0,0,0,0
28.799728,0,0,0,0,0,0,1,0,0
28.802987,0,0,0,0,0,1,0,0,0
28.803157,0,1,0,0,0,0,0,0,0
28.814592,1,0,0,0,1,0,0,0,0
28.815447,0,0,0,0,0,0,0,0,1
28.826434,0,0,0,0,0,0,0,1,0
28.846011,0,0,0,0,0,1,0,0,0
28.846872,0,1,0,0,0,0,0,0,0
28.850431,0,0,0,1,0,0,0,0,0
28.851735,0,0,1,0,0,0,0,0,0
28.852799,0,0,0,0,0,0,1,0,0
28.856844,0,0,0,0,0,0,0,0,1
28.866499,1,0,0,0,0,0,0,0,0
28.890445,0,0,1,0,0,0,0,0,0
28.898931,0,0,0,1,1,0,0,0,0
28.899801,0,0,0,0,0,1,0,0,0
28.903667,0,0,0,0,0,0,0,1,0
28.912358,0,0,0,0,0,0,1,0,0
28.917576,0,0,0,0,0,0,0,0,1
28.925507,1,0,0,0,1,0,0,0,0
28.930149,0,1,0,0,0,0,0,0,0
28.940499,0,0,0,0,0,0,0,1,0
28.948529,0,0,0,1,0,0,0,0,0
28.950593,0,0,0,0,0,0,1,0,0
28.951145,0,0,0,0,0,1,0,0,0
28.951707,0,0,1,0,0,0,0,0,0
28.956915,0,0,0,0,0,0,0,0,1
28.963773,0,1,0,0,0,0,0,0,0
28.970482,1,0,0,0,0,0,0,0,0
28.996170,0,0,1,0,1,0,0,0,0
29.000725,0,0,0,1,0,0,0,0,0
29.001295,0,0,0,0,0,1,0,0,0
29.001567,0,0,0,0,0,0,0,0,1
29.005111,0,0,0,0,0,0,0,1,0
29.007487,0,0,0,0,0,0,1,0,0
29.018982,1,0,0,0,0,0,0,0,0
29.027144,0,1,0,0,1,0,0,0,0
29.034985,0,0,0,0,0,0,0,1,0
29.040819,0,0,1,0,0,0,0,0,0
29.051290,0,0,0,1,0,0,0,0,0
29.051451,0,0,0,0,0,1,0,0,0
29.056252,0,1,0,0,0,0,0,0,0
29.056550,0,0,0,0,0,0,1,0,0
29.070949,1,0,0,0,0,0,0,0,0
29.071172,0,0,0,0,1,0,0,0,0
29.071395,0,0,0,0,0,0,0,0,1
29.074084,0,0,0,0,0,0,0,1,0
29.098072,0,0,0,0,0,1,0,0,0
29.100161,0,0,0,1,0,0,0,0,0
29.102750,0,0,0,0,0,0,1,0,0
29.103750,0,1,0,0,0,0,0,0,0
29.106836,0,0,1,0,0,0,0,0,0
29.113909,0,0,0,0,0,0,0,0,1
29.120651,1,0,0,0,0,0,0,0,0
29.148817,0,0,0,1,1,0,0,0,0
29.149172,0,0,0,0,0,0,0,1,0
29.149193,0,0,0,0,0,1,0,0,0
29.149518,0,0,1,0,0,0,0,0,0
29.153593,0,0,0,0,0,0,1,0,0
29.170158,0,0,0,0,0,0,0,0,1
29.171862,1,0,0,0,0,0,0,0,0
29.173703,0,1,0,0,1,0,0,0,0
29.186010,0,0,0,0,0,0,0,1,0
29.199808,0,0,0,1,0,0,0,0,0
29.201158,0,0,0,0,0,1,0,0,0
29.207219,0,0,0,0,0,0,0,0,1
29.209138,0,0,1,0,0,0,0,0,0
29.209277,0,1,0,0,0,0,0,0,0
29.235137,0,0,0,0,0,0,1,0,0
29.246870,0,0,1,0,0,0,0,0,0
29.249345,0,0,0,1,0,0,0,0,0
29.253005,1,0,0,0,0,0,0,0,0
29.253277,0,0,0,0,1,0,0,0,0
29.253549,0,0,0,0,0,1,0,0,0
29.255391,0,0,0,0,0,0,1,0,0
29.255614,0,0,0,0,0,0,0,0,1
29.259026,0,0,0,0,0,0,0,1,0
29.266867,1,0,0,0,1,0,0,0,0
29.276180,0,0,0,0,0,0,0,1,0
29.287237,0,1,0,0,0,0,0,0,0
29.293417,0,0,1,0,0,0,0,0,0
29.299661,0,0,0,1,0,0,0,0,0
29.301884,0,0,0,0,0,1,0,0,0
29.303467,0,1,0,0,0,0,0,0,0
29.317193,0,0,0,0,0,0,0,0,1
29.319567,0,0,0,0,0,0,1,0,0
29.333850,1,0,0,0,1,0,0,0,0
29.349498,0,0,0,0,0,1,0,0,0
29.350182,0,0,0,1,0,0,0,0,0
29.350310,0,0,1,0,0,0,0,0,0
29.352162,0,0,0,0,0,0,0,1,0
29.358688,0,0,0,0,0,0,1,0,0
29.360546,0,0,0,0,0,0,0,0,1
29.372667,1,0,0,0,1,0,0,0,0
29.378089,0,0,0,0,0,0,0,1,0
29.381133,0,1,0,0,0,0,0,0,0
29.391842,0,0,1,0,0,0,0,0,0
29.398385,0,0,0,1,0,0,0,0,0
29.401365,0,0,0,0,0,1,0,0,0
29.403295,0,1,0,0,0,0,0,0,0
29.403658,0,0,0,0,0,0,0,0,1
29.408202,0,0,0,0,0,0,1,0,0
29.421630,1,0,0,0,0,0,0,0,0
29.430439,0,0,0,0,1,0,0,0,0
29.435003,0,0,1,0,0,0,0,0,0
29.448104,0,0,0,0,0,1,0,0,0
29.450055,0,0,0,1,0,0,0,0,0
29.453345,0,0,0,0,0,0,0,1,0
29.465542,0,0,0,0,0,0,1,0,0
29.475715,0,1,0,0,0,0,0,0,0
29.475847,1,0,0,0,0,0,0,0,0
29.476813,0,0,0,0,1,0,0,0,0
29.477793,0,0,0,0,0,0,0,0,1
29.490365,0,0,0,0,0,0,0,1,0
29.500698,0,0,0,1,0,0,0,0,0
29.501334,0,0,0,0,0,1,0,0,0
29.507066,0,0,0,0,0,0,0,0,1
29.511605,0,1,0,0,0,0,0,0,0
29.517078,0,0,1,0,0,0,0,0,0
29.521013,0,0,0,0,0,0,1,0,0
29.532862,1,0,0,0,1,0,0,0,0
29.536948,0,0,0,0,0,0,0,1,0
29.541981,0,0,1,0,0,0,0,0,0
29.547177,0,0,0,0,0,1,0,0,0
29.548978,0,0,0,1,0,0,0,0,0
29.551404,0,0,0,0,0,0,0,0,1
29.558678,0,1,0,0,0,0,0,0,0
29.559673,0,0,0,0,0,0,1,0,0
29.574014,1,0,0,0,1,0,0,0,0
29.577662,0,0,0,0,0,0,0,1,0
29.588600,0,0,1,0,0,0,0,0,0
29.598713,0,0,0,0,0,1,0,0,0
29.599913,0,0,0,1,0,0,0,0,0
29.600649,0,0,0,0,0,0,1,0,0
29.601135,0,1,0,0,0,0,0,0,0
29.618258,1,0,0,0,1,0,0,0,0
29.627147,0,0,0,0,0,0,0,1,0
29.627458,0,0,0,0,0,0,0,0,1
29.646263,0,0,0,0,0,1,0,0,0
29.647921,0,1,0,0,0,0,0,0,0
29.650926,0,0,0,1,0,0,0,0,0
29.651379,0,0,0,0,0,0,1,0,0
29.652335,0,0,0,0,0,0,0,0,1
29.660068,0,0,1,0,0,0,0,0,0
29.666661,1,0,0,0,1,0,0,0,0
29.689038,0,0,0,0,0,0,0,1,0
29.692051,0,0,1,0,0,0,0,0,0
29.699040,0,0,0,0,0,1,0,0,0
29.699832,0,0,0,1,0,0,0,0,0
29.710085,0,1,0,0,0,0,0,0,0
29.710419,0,0,0,0,0,0,1,0,0
29.712964,0,0,0,0,0,0,0,0,1
29.723726,1,0,0,0,1,0,0,0,0
29.733964,0,0,0,0,0,0,0,1,0
29.749164,0,0,0,1,0,0,0,0,0
29.749209,0,0,1,0,0,0,0,0,0
29.750290,0,0,0,0,0,1,0,0,0
29.752737,0,0,0,0,0,0,1,0,0
29.758803,0,0,0,0,0,0,0,0,1
29.761312,0,1,0,0,0,0,0,0,0
29.768206,1,0,0,0,0,0,0,0,0
29.793164,0,0,0,0,1,0,0,0,0
29.794803,0,0,0,0,0,0,0,1,0
29.797410,0,0,1,0,0,0,0,0,0
29.798187,0,0,0,0,0,1,0,0,0
29.799170,0,0,0,1,0,0,0,0,0
29.804593,0,0,0,0,0,0,0,0,1
29.807515,0,0,0,0,0,0,1,0,0
29.818981,0,1,0,0,0,0,0,0,0
29.824806,1,0,0,0,1,0,0,0,0
29.825990,0,0,0,0,0,0,0,1,0
29.837458,0,0,1,0,0,0,0,0,0
29.849327,0,0,0,0,0,1,0,0,0
29.849333,0,0,0,1,0,0,0,0,0
29.852174,0,1,0,0,0,0,0,0,0
29.864254,0,0,0,0,0,0,0,0,1
29.866801,0,0,0,0,0,0,1,0,0
29.886687,1,0,0,0,0,0,0,0,0
29.894661,0,0,1,0,1,0,0,0,0
29.898071,0,0,0,0,0,1,0,0,0
29.900219,0,0,0,1,0,0,0,0,0
29.902851,0,0,0,0,0,0,1,0,0
29.905577,0,0,0,0,0,0,0,1,0
29.907508,0,0,0,0,0,0,0,0,1
29.918502,1,0,0,0,0,0,0,0,0
29.930749,0,1,0,0,1,0,0,0,0
29.938164,0,0,1,0,0,0,0,0,0
29.946703,0,0,0,0,0,0,0,1,0
29.949730,0,0,0,0,0,1,0,0,0
29.949818,0,0,0,1,0,0,0,0,0
29.953333,0,0,0,0,0,0,1,0,0
29.967617,0,0,0,0,0,0,0,0,1
29.970112,0,1,0,0,0,0,0,0,0
29.970196,1,0,0,0,0,0,0,0,0
29.998550,0,0,0,1,0,0,0,0,0
29.999853,0,0,0,0,1,0,1,0,0
30.002431,0,0,0,0,0,1,0,0,0
30.003609,0,0,0,0,0,0,0,1,0
30.004222,0,0,0,0,0,0,0,0,1
30.006652,0,0,1,0,0,0,0,0,0
30.015493,1,0,0,0,0,0,0,0,0
30.031802,0,1,0,0,1,0,0,0,0
30.035756,0,0,0,0,0,0,0,1,0
30.042675,0,0,1,0,0,0,0,0,0
30.047587,0,0,0,0,0,1,0,0,0
30.050615,0,0,0,1,0,0,0,0,0
30.053211,0,0,0,0,0,0,1,0,0
30.056694,0,0,0,0,0,0,0,0,1
30.062847,0,1,0,0,0,0,0,0,0
30.072759,1,0,0,0,1,0,0,0,0
30.090350,0,0,0,0,0,0,0,1,0
30.092814,0,0,1,0,0,0,0,0,0
30.096044,0,0,0,0,0,1,0,0,0
30.098785,0,0,0,1,0,0,0,0,0
30.106461,0,0,0,0,0,0,0,0,1
30.112098,0,0,0,0,0,0,1,0,0
30.117418,0,1,0,0,0,0,0,0,0
30.130507,1,0,0,0,0,0,0,0,0
30.132523,0,0,0,0,1,0,0,0,0
30.134851,0,0,0,0,0,0,0,1,0
30.137609,0,0,1,0,0,0,0,0,0
30.148814,0,0,0,0,0,1,0,0,0
30.149970,0,0,0,1,0,0,0,0,0
30.154185,0,0,0,0,0,0,0,0,1
30.154888,0,1,0,0,0,0,0,0,0
30.172565,0,0,0,0,0,0,1,0,0
30.185392,1,0,0,0,1,0,0,0,0
30.188514,0,0,1,0,0,0,0,0,0
30.191592,0,0,0,0,0,0,0,1,0
30.198453,0,0,0,0,0,1,0,0,0
30.200185,0,0,0,1,0,0,0,0,0
30.201514,0,0,0,0,0,0,0,0,1
30.201990,0,0,0,0,0,0,1,0,0
30.213707,1,0,0,0,0,0,0,0,0
30.214737,0,0,0,0,1,0,0,0,0
30.220426,0,1,0,0,0,0,0,0,0
30.227478,0,0,0,0,0,0,0,1,0
30.240975,0,0,1,0,0,0,0,0,0
30.247302,0,0,0,0,0,1,0,0,0
30.248554,0,0,0,0,0,0,0,0,1
30.249937,0,0,0,1,0,0,0,0,0
30.250556,0,1,0,0,0,0,0,0,0
30.272631,0,0,0,0,0,0,1,0,0
30.278569,0,0,1,0,0,0,0,0,0
30.289269,1,0,0,0,0,0,0,0,0
30.299807,0,0,0,1,1,0,0,0,0
30.300243,0,0,0,0,0,0,0,1,0
30.303425,0,0,0,0,0,1,0,0,0
30.308541,0,0,0,0,0,0,1,0,0
30.310388,0,0,0,0,0,0,0,0,1
30.320516,0,1,0,0,0,0,0,0,0
30.320944,1,0,0,0,0,0,0,0,0
30.348226,0,0,0,0,1,1,0,0,0
30.349550,0,0,1,0,0,0,0,0,0
30.349779,0,0,0,0,0,0,0,0,1
30.350057,0,0,0,1,0,0,0,0,0
30.350108,0,0,0,0,0,0,1,0,0
30.364493,1,0,0,0,0,0,0,0,0
30.366055,0,0,0,0,1,0,0,1,0
30.369430,0,0,0,0,0,0,0,1,0
30.389704,0,0,1,0,0,0,0,0,0
30.392652,0,1,0,0,0,0,0,0,0
30.396409,0,1,0,0,0,0,0,0,0
30.400570,0,0,0,1,0,0,0,0,0
30.403571,0,0,0,0,0,1,0,0,0
30.404773,0,0,0,0,0,0,0,0,1
30.412826,0,0,0,0,0,0,1,0,0
30.423745,1,0,0,0,0,0,0,0,0
30.444584,0,0,1,0,1,0,0,0,0
30.448664,0,0,0,0,0,0,0,1,0
30.451321,0,0,0,1,0,0,0,0,0
30.453921,0,0,0,0,0,1,0,0,0
30.460168,0,0,0,0,0,0,0,0,1
30.473448,0,1,0,0,0,0,0,0,0
30.487751,0,0,0,0,0,0,1,0,0
30.494364,0,0,1,0,0,0,0,0,0
30.499547,0,0,0,1,0,0,0,0,0
30.503053,0,0,0,0,0,1,0,0,0
30.505796,0,0,0,0,0,0,0,0,1
30.507398,1,0,0,0,1,0,0,0,0
30.508324,0,0,0,0,0,0,1,0,0
30.517776,0,0,0,0,0,0,0,1,0
30.522116,1,0,0,0,1,0,0,0,0
30.525495,0,0,0,0,0,0,0,1,0
30.540514,0,1,0,0,0,0,0,0,0
30.543094,0,0,1,0,0,0,0,0,0
30.547395,0,0,0,0,0,1,0,0,0
30.551094,0,0,0,1,0,0,0,0,0
30.552082,0,1,0,0,0,0,0,0,0
30.554243,0,0,0,0,0,0,1,0,0
30.564477,0,0,0,0,0,0,0,0,1
30.567741,1,0,0,0,0,0,0,0,0
30.576209,0,0,0,0,1,0,0,0,0
30.577222,0,0,0,0,0,0,0,1,0
30.599266,0,0,0,0,0,1,0,0,0
30.599661,0,0,0,1,0,0,0,0,0
30.599957,0,0,0,0,0,0,1,0,0
30.601448,0,1,0,0,0,0,0,0,0
30.602165,0,0,1,0,0,0,0,0,0
30.610675,0,0,0,0,0,0,0,0,1
30.611790,1,0,0,0,0,0,0,0,0
30.644378,0,0,1,0,1,0,0,0,0
30.649871,0,0,0,0,0,1,0,0,0
30.650664,0,0,0,1,0,0,0,0,0
30.652327,0,0,0,0,0,0,0,0,1
30.654773,0,0,0,0,0,0,0,1,0
30.683405,0,1,0,0,0,0,0,0,0
30.688652,0,0,0,0,0,0,1,0,0
30.690343,0,0,1,0,0,0,0,0,0
30.699512,0,0,0,0,0,1,0,0,0
30.700554,0,0,0,1,0,0,0,0,0
30.701477,0,0,0,0,0,0,0,0,1
30.703359,0,0,0,0,0,0,1,0,0
30.704342,1,0,0,0,0,0,0,0,0
30.722223,1,0,0,0,0,0,0,0,0
30.740439,0,0,1,0,1,0,0,0,0
30.745175,0,0,0,0,0,0,0,1,0
30.751221,0,0,0,1,0,0,0,0,0
30.752118,0,0,0,0,1,1,0,0,0
30.755996,0,0,0,0,0,0,1,0,0
30.768229,0,0,0,0,0,0,0,0,1
30.770558,0,1,0,0,0,0,0,0,0
30.770827,0,0,0,0,0,0,0,1,0
30.774328,1,0,0,0,0,0,0,0,0
30.792681,0,1,0,0,1,0,0,0,0
30.797278,0,0,0,0,0,0,0,1,0
30.798939,0,0,0,1,0,0,0,0,0
30.799712,0,0,0,0,0,1,0,0,0
30.802984,0,0,0,0,0,0,1,0,0
30.805002,0,0,1,0,0,0,0,0,0
30.810415,0,0,0,0,0,0,0,0,1
30.813701,1,0,0,0,0,0,0,0,0
30.821627,0,1,0,0,1,0,0,0,0
30.822938,0,0,0,0,0,0,0,1,0
30.848170,0,0,1,0,0,0,0,0,0
30.851329,0,1,0,0,0,0,0,0,0
30.851823,0,0,0,1,0,0,0,0,0
30.853708,0,0,0,0,0,1,0,0,0
30.862794,0,0,0,0,0,0,0,0,1
30.868918,0,0,0,0,0,0,1,0,0
30.880829,1,0,0,0,1,0,0,0,0
30.884561,0,0,0,0,0,0,0,1,0
30.897953,0,0,1,0,0,0,0,0,0
30.899999,0,0,0,1,0,0,0,0,0
30.901865,0,0,0,0,0,0,1,0,0
30.902655,0,0,0,0,0,1,0,0,0
30.913944,0,1,0,0,0,0,0,0,0
30.916822,1,0,0,0,0,0,0,0,0
30.922197,0,0,0,0,0,0,0,0,1
30.946904,0,0,0,0,1,1,0,0,0
30.950468,0,0,0,1,0,0,0,0,0
30.951707,0,0,0,0,0,0,0,0,1
30.958840,0,0,1,0,0,0,0,0,0
30.964534,0,0,0,0,0,0,0,1,0
30.986091,0,1,0,0,0,0,0,0,0
30.986257,0,0,1,0,0,0,0,0,0
30.991223,0,0,0,0,0,0,1,0,0
31.000113,0,0,0,1,0,0,0,0,0
31.001638,0,0,0,0,0,1,0,0,0
31.003913,1,0,0,0,1,0,0,0,0
31.010169,0,0,0,0,0,0,1,0,0
31.011261,0,0,0,0,0,0,0,1,0
31.020716,0,0,0,0,0,0,0,0,1
31.024347,1,0,0,0,1,0,0,0,0
31.029366,0,0,0,0,0,0,0,1,0
31.034525,0,1,0,0,0,0,0,0,0
31.047648,0,0,0,0,0,1,0,0,0
31.048302,0,0,0,0,0,0,0,0,1
31.048769,0,0,0,1,0,0,0,0,0
31.050066,0,0,0,0,0,0,1,0,0
31.052297,0,1,0,0,0,0,0,0,0
31.058247,0,0,1,0,0,0,0,0,0
31.066041,1,0,0,0,1,0,0,0,0
31.079566,0,0,0,0,0,0,0,1,0
31.080385,0,0,1,0,0,0,0,0,0
31.099573,0,0,0,1,0,0,0,0,0
31.101887,0,0,0,0,0,1,0,0,0
31.104019,0,1,0,0,0,0,0,0,0
31.106749,0,0,0,0,0,0,1,0,0
31.122270,1,0,0,0,0,0,0,0,0
31.130522,0,0,0,0,1,0,0,0,0
31.136334,0,0,0,0,0,0,0,0,1
31.147987,0,0,0,0,0,1,0,0,0
31.148631,0,0,0,0,0,0,0,0,1
31.149797,0,0,0,1,0,0,0,0,0
31.161122,0,0,0,0,0,0,1,0,0
31.162167,0,0,0,0,0,0,0,1,0
31.170419,0,0,1,0,0,0,0,0,0
31.178032,1,0,0,0,1,0,0,0,0
31.183441,0,0,1,0,0,0,0,0,0
31.185734,0,1,0,0,0,0,0,0,0
31.196070,0,0,0,0,0,0,0,1,0
31.199996,0,0,0,1,0,0,0,0,0
31.202259,0,0,0,0,0,1,0,0,0
31.214618,0,0,0,0,0,0,0,0,1
31.225968,0,1,0,0,0,0,0,0,0
31.231466,0,0,0,0,0,0,1,0,0
31.245363,1,0,0,0,0,0,0,0,0
31.249404,0,0,0,0,1,1,0,0,0
31.251196,0,0,0,1,0,0,0,0,0
31.253177,0,0,1,0,0,0,0,0,0
31.256573,0,0,0,0,0,0,0,0,1
31.259769,0,0,0,0,0,0,1,0,0
31.273913,0,0,0,0,0,0,0,1,0
31.275750,1,0,0,0,1,0,0,0,0
31.287632,0,0,0,0,0,0,0,1,0
31.294938,0,0,1,0,0,0,0,0,0
31.298039,0,0,0,0,0,1,0,0,0
31.299020,0,0,0,0,0,0,0,0,1
31.299614,0,1,0,0,0,0,0,0,0
31.300659,0,0,0,1,0,0,0,0,0
31.313421,0,0,0,0,0,0,1,0,0
31.316981,0,1,0,0,0,0,0,0,0
31.332167,1,0,0,0,0,0,0,0,0
31.332281,0,0,1,0,0,0,0,0,0
31.347669,0,0,0,0,0,1,0,0,0
31.350399,0,0,0,1,1,0,0,0,0
31.353406,0,0,0,0,0,0,1,0,0
31.366765,1,0,0,0,1,0,0,0,0
31.369990,0,0,0,0,0,0,0,0,1
31.377613,0,0,0,0,0,0,0,1,0
31.380497,0,0,0,0,0,0,0,1,0
31.399030,0,0,0,1,0,0,0,0,0
31.403302,0,1,0,0,0,0,0,0,0
31.403746,0,0,0,0,0,1,0,0,0
31.404450,0,1,0,0,0,0,0,0,0
31.406920,0,0,1,0,0,0,0,0,0
31.408237,0,0,0,0,0,0,1,0,0
31.414570,0,0,0,0,0,0,0,0,1
31.418402,1,0,0,0,1,0,0,0,0
31.447659,0,0,0,0,0,0,0,1,0
31.447764,0,0,0,0,0,1,0,0,0
31.449613,0,0,0,1,0,0,0,0,0
31.449925,0,0,0,0,0,0,0,0,1
31.451941,0,0,1,0,0,0,0,0,0
31.469669,0,1,0,0,0,0,0,0,0
31.481635,0,0,1,0,0,0,0,0,0
31.496218,0,0,0,0,0,0,1,0,0
31.501114,0,0,0,1,0,0,0,0,0
31.502172,0,0,0,0,0,1,0,0,0
31.509466,0,0,0,0,0,0,1,0,0
31.514242,1,0,0,0,1,0,0,0,0
31.514572,0,0,0,0,0,0,0,0,1
31.515555,0,0,0,0,0,0,0,1,0
31.526773,1,0,0,0,0,0,0,0,0
31.540060,0,1,0,0,0,0,0,0,0
31.548940,0,0,0,1,1,0,0,0,0
31.550135,0,0,0,0,0,0,0,1,0
31.550511,0,0,1,0,0,0,0,0,0
31.551829,0,0,0,0,0,1,0,0,0
31.552476,0,0,0,0,0,0,1,0,0
31.558505,0,0,0,0,0,0,0,0,1
31.568708,1,0,0,0,1,0,0,0,0
31.577235,0,0,0,0,0,0,0,1,0
31.577270,0,1,0,0,0,0,0,0,0
31.594389,0,0,1,0,0,0,0,0,0
31.596917,0,0,0,0,0,1,0,0,0
31.598976,0,0,0,0,0,0,0,0,1
31.598993,0,1,0,0,0,0,0,0,0
31.599977,0,0,0,1,0,0,0,0,0
31.602586,0,0,0,0,0,0,1,0,0
31.616923,1,0,0,0,0,0,0,0,0
31.634055,0,0,1,0,1,0,0,0,0
31.644369,0,0,0,0,0,0,0,1,0
31.648218,0,0,0,1,0,0,0,0,0
31.652179,0,0,0,0,0,1,0,0,0
31.669654,0,0,0,0,0,0,1,0,0
31.672898,0,1,0,0,0,0,0,0,0
31.681903,1,0,0,0,1,0,0,0,0
31.689906,0,0,0,0,0,0,0,1,0
31.695523,0,0,0,0,0,0,0,0,1
31.697488,0,0,0,0,0,1,0,0,0
31.700435,0,0,0,1,0,0,0,0,0
31.711881,0,0,0,0,0,0,0,0,1
31.719099,0,1,0,0,0,0,0,0,0
31.725992,0,0,0,0,0,0,1,0,0
31.729158,0,0,1,0,0,0,0,0,0
31.738800,1,0,0,0,1,0,0,0,0
31.743700,0,0,1,0,0,0,0,0,0
31.744653,0,0,0,0,0,0,0,1,0
31.747795,0,0,0,0,0,1,0,0,0
31.748785,0,0,0,1,0,0,0,0,0
31.753104,0,0,0,0,0,0,1,0,0
31.762388,0,0,0,0,0,0,0,0,1
31.768803,1,0,0,0,0,0,0,0,0
31.770733,0,1,0,0,1,0,0,0,0
31.773702,0,0,0,0,0,0,0,1,0
31.796818,0,0,1,0,0,0,0,0,0
31.797282,0,0,0,0,0,1,0,0,0
31.798357,0,0,0,0,0,0,0,0,1
31.799453,0,0,0,1,0,0,0,0,0
31.801773,0,1,0,0,0,0,0,0,0
31.810277,0,0,0,0,0,0,1,0,0
31.822933,1,0,0,0,1,0,0,0,0
31.833007,0,0,1,0,0,0,0,0,0
31.847232,0,0,0,0,0,1,0,0,0
31.851115,0,0,0,1,0,0,0,0,0
31.852861,0,0,0,0,0,0,1,0,0
31.854861,0,0,0,0,0,0,0,1,0
31.863036,1,0,0,0,1,0,0,0,0
31.867732,0,0,0,0,0,0,0,1,0
31.884851,0,1,0,0,0,0,0,0,0
31.894465,0,1,0,0,0,0,0,0,0
31.900247,0,0,0,0,0,0,0,0,1
31.900616,0,0,0,0,0,1,0,0,0
31.901392,0,0,0,1,0,0,0,0,0
31.901760,0,0,0,0,0,0,1,0,0
31.902708,0,0,0,0,0,0,0,0,1
31.917134,1,0,0,0,1,0,0,0,0
31.924698,0,0,0,0,0,0,0,1,0
31.934953,0,0,1,0,0,0,0,0,0
31.938041,0,0,1,0,0,0,0,0,0
31.948162,0,1,0,0,0,0,0,0,0
31.948904,0,0,0,0,0,1,0,0,0
31.949488,0,0,0,1,0,0,0,0,0
31.950422,0,0,0,0,0,0,1,0,0
31.954459,0,0,0,0,0,0,0,0,1
31.966400,1,0,0,0,1,0,0,0,0
31.968194,0,0,0,0,0,0,0,1,0
31.991765,0,0,1,0,0,0,0,0,0
31.993245,0,1,0,0,0,0,0,0,0
31.996024,0,0,0,0,0,1,0,0,0
31.996510,0,0,0,0,0,0,0,0,1
32.000216,0,0,0,1,0,0,0,0,0
32.026236,0,0,0,0,0,0,1,0,0
32.033832,0,0,1,0,0,0,0,0,0
32.036851,1,0,0,0,1,0,0,0,0
32.039320,0,0,0,0,0,0,0,1,0
32.049254,0,0,0,1,0,0,0,0,0
32.049472,0,0,0,0,0,0,1,0,0
32.051318,0,0,0,0,0,1,0,0,0
32.066059,1,0,0,0,1,0,0,0,0
32.066461,0,1,0,0,0,0,0,0,0
32.072236,0,0,0,0,0,0,0,0,1
32.077626,0,0,0,0,0,0,0,1,0
32.099975,0,0,0,0,0,1,0,0,0
32.101221,0,0,0,1,0,0,0,0,0
32.102105,0,0,0,0,0,0,1,0,0
32.102121,0,1,0,0,0,0,0,0,0
32.109049,0,0,1,0,0,0,0,0,0
32.116719,1,0,0,0,0,0,0,0,0
32.128251,0,0,0,0,0,0,0,0,1
32.135859,0,0,0,0,1,0,0,0,0
32.140615,0,0,0,0,0,0,0,1,0
32.146772,0,0,0,0,0,1,0,0,0
32.150983,0,0,0,1,0,0,0,0,0
32.160293,0,0,1,0,0,0,0,0,0
32.161552,0,0,0,0,0,0,0,0,1
32.168376,0,1,0,0,0,0,0,0,0
32.169467,0,0,0,0,0,0,1,0,0
32.186555,1,0,0,0,0,0,0,0,0
32.199782,0,0,1,0,1,0,0,0,0
32.199821,0,0,0,1,0,0,0,0,0
32.203835,0,0,0,0,0,1,0,0,0
32.206696,0,0,0,0,0,0,0,1,0
32.215286,0,0,0,0,0,0,1,0,0
32.227127,1,0,0,0,1,0,0,0,0
32.227361,0,0,0,0,0,0,0,1,0
32.231501,0,1,0,0,0,0,0,0,0
32.250347,0,0,0,0,0,1,0,0,0
32.250383,0,0,0,1,0,0,0,0,0
32.253586,0,0,0,0,0,0,0,0,1
32.254627,0,1,0,0,0,0,0,0,0
32.262149,0,0,0,0,0,0,1,0,0
32.262271,0,0,0,0,0,0,0,0,1
32.278657,1,0,0,0,1,0,0,0,0
32.289894,0,0,1,0,0,0,0,0,0
32.296313,0,0,0,0,0,1,0,0,0
32.299137,0,0,1,0,0,0,0,0,0
32.300402,0,0,0,1,0,0,0,0,0
32.304630,0,0,0,0,0,0,1,0,0
32.307792,0,0,0,0,0,0,0,0,1
32.316426,1,0,0,0,0,0,0,0,0
32.319919,0,0,0,0,0,0,0,1,0
32.346787,0,0,1,0,1,0,0,0,0
32.349294,0,0,0,0,0,1,0,0,0
32.349559,0,1,0,0,0,0,0,0,0
32.351359,0,0,0,0,0,0,0,0,1
32.351586,0,0,0,1,0,0,0,0,0
32.372616,0,0,0,0,0,0,0,1,0
32.386613,0,0,1,0,0,0,0,0,0
32.398451,0,1,0,0,0,0,0,0,0
32.399264,0,0,0,0,0,1,0,0,0
32.400819,0,0,0,1,0,0,0,0,0
32.401421,0,0,0,0,0,0,1,0,0
32.402561,0,0,0,0,0,0,0,0,1
32.409281,0,0,0,0,0,0,1,0,0
32.413547,1,0,0,0,1,0,0,0,0
32.413839,0,0,0,0,0,0,0,1,0
32.424558,1,0,0,0,1,0,0,0,0
32.435455,0,0,1,0,0,0,0,0,0
32.435672,0,1,0,0,0,0,0,0,0
32.439981,0,0,0,0,0,0,0,1,0
32.447136,0,0,0,0,0,1,0,0,0
32.448296,0,0,0,0,0,0,0,0,1
32.450266,0,0,0,1,0,0,0,0,0
32.453033,0,0,0,0,0,0,1,0,0
32.463776,0,1,0,0,0,0,0,0,0
32.468515,1,0,0,0,0,0,0,0,0
32.471000,0,0,0,0,1,0,0,0,0
32.477683,0,0,0,0,0,0,0,1,0
32.487451,0,0,1,0,0,0,0,0,0
32.499892,0,0,0,0,0,1,0,0,0
32.501264,0,0,0,1,0,0,0,0,0
32.501986,0,1,0,0,0,0,0,0,0
32.506609,0,0,0,0,0,0,0,0,1
32.508110,0,0,0,0,0,0,1,0,0
32.521036,1,0,0,0,0,0,0,0,0
32.542563,0,0,1,0,0,0,0,0,0
32.546548,0,0,0,0,0,1,0,0,0
32.550760,0,0,0,1,0,0,0,0,0
32.555423,0,0,0,0,1,0,0,0,1
32.555477,0,0,0,0,0,0,1,0,0
32.558129,0,0,0,0,0,0,0,1,0
32.569215,1,0,0,0,1,0,0,0,0
32.574536,0,0,0,0,0,0,0,1,0
32.586564,0,1,0,0,0,0,0,0,0
32.594949,0,0,1,0,0,0,0,0,0
32.598495,0,1,0,0,0,0,0,0,0
32.599783,0,0,0,1,0,0,0,0,0
32.601182,0,0,0,0,0,1,0,0,0
32.606654,0,0,0,0,0,0,0,0,1
32.620554,0,0,0,0,0,0,1,0,0
32.638036,1,0,0,0,0,0,0,0,0
32.641152,0,0,1,0,0,0,0,0,0
32.648931,0,0,0,1,0,0,0,0,0
32.651220,0,0,0,0,1,1,0,0,0
32.656572,0,0,0,0,0,0,1,0,0
32.658837,0,0,0,0,0,0,0,1,0
32.663136,0,0,0,0,0,0,0,0,1
32.674024,1,0,0,0,0,0,0,0,0
32.680253,0,1,0,0,0,0,0,0,0
32.698537,0,0,0,1,0,0,0,0,0
32.702485,0,0,1,0,0,0,0,0,0
32.702494,0,0,0,0,1,0,0,0,0
32.702504,0,0,0,0,0,1,0,0,0
32.708336,0,0,0,0,0,0,0,1,0
32.729330,0,0,0,0,0,0,1,0,0
32.730602,0,1,0,0,0,0,0,0,0
32.731654,0,0,0,0,0,0,0,0,1
32.746120,1,0,0,0,1,0,0,0,0
32.749048,0,0,0,0,0,0,0,1,0
32.749159,0,0,0,1,0,0,0,0,0
32.750881,0,0,0,0,0,1,0,0,0
32.751667,0,0,0,0,0,0,1,0,0
32.760214,0,0,0,0,0,0,0,0,1
32.765739,0,0,1,0,0,0,0,0,0
32.767660,1,0,0,0,0,0,0,0,0
32.769792,0,1,0,0,0,0,0,0,0
32.796889,0,0,1,0,1,0,0,0,0
32.799153,0,0,0,0,0,1,0,0,0
32.800424,0,0,0,1,0,0,0,0,0
32.801238,0,0,0,0,0,0,1,0,0
32.803735,0,0,0,0,0,0,0,0,1
32.805230,0,0,0,0,0,0,0,1,0
32.815449,1,0,0,0,0,0,0,0,0
32.831669,0,1,0,0,0,0,0,0,0
32.837012,0,0,0,0,1,0,0,0,0
32.839394,0,0,0,0,0,0,0,1,0
32.839402,0,0,1,0,0,0,0,0,0
32.849651,0,0,0,1,0,0,0,0,0
32.850179,0,0,0,0,0,1,0,0,0
32.862458,0,0,0,0,0,0,1,0,0
32.864057,0,1,0,0,0,0,0,0,0
32.869195,0,0,0,0,0,0,0,0,1
32.876856,1,0,0,0,1,0,0,0,0
32.882885,0,0,0,0,0,0,0,1,0
32.898848,0,0,0,0,0,1,0,0,0
32.899932,0,0,0,1,0,0,0,0,0
32.900028,0,0,0,0,0,0,1,0,0
32.902971,0,1,0,0,0,0,0,0,0
32.905017,0,0,1,0,0,0,0,0,0
32.911064,0,0,0,0,0,0,0,0,1
32.914513,1,0,0,0,1,0,0,0,0
32.916141,0,0,0,0,0,0,0,1,0
32.941525,0,1,0,0,0,0,0,0,0
32.948030,0,0,1,0,0,0,0,0,0
32.948177,0,0,0,0,0,1,0,0,0
32.950033,0,0,0,1,0,0,0,0,0
32.950609,0,0,0,0,0,0,1,0,0
32.950733,0,0,0,0,0,0,0,0,1
32.966450,1,0,0,0,0,0,0,0,0
32.986738,0,0,1,0,0,0,0,0,0
32.996500,0,0,0,0,1,1,0,0,0
32.998807,0,0,0,1,0,0,0,0,0
33.006404,0,0,0,0,0,0,0,1,0
33.008380,0,0,0,0,0,0,1,0,0
33.008981,0,0,0,0,0,0,0,0,1
33.018581,1,0,0,0,0,0,0,0,0
33.022942,0,0,0,0,1,0,0,0,0
33.026217,0,0,0,0,0,0,0,1,0
33.026869,0,1,0,0,0,0,0,0,0
33.047666,0,0,0,0,0,1,0,0,0
33.047760,0,0,1,0,0,0,0,0,0
33.049379,0,0,0,0,0,0,0,0,1
33.049476,0,0,0,1,0,0,0,0,0
33.050090,0,0,0,0,0,0,1,0,0
33.053161,0,1,0,0,0,0,0,0,0
33.060286,1,0,0,0,0,0,0,0,0
33.080852,0,0,1,0,1,0,0,0,0
33.081558,0,0,0,0,0,0,0,1,0
33.100815,0,0,0,1,0,0,0,0,0
33.101044,0,0,0,0,0,1,0,0,0
33.102027,0,0,0,0,0,0,1,0,0
33.110097,0,0,0,0,0,0,0,0,1
33.111125,0,1,0,0,0,0,0,0,0
33.116741,1,0,0,0,1,0,0,0,0
33.140368,0,0,0,0,0,0,0,1,0
33.147109,0,0,1,0,0,0,0,0,0
33.148776,0,0,0,0,0,1,0,0,0
33.150533,0,0,0,0,0,0,0,0,1
33.151240,0,0,0,1,0,0,0,0,0
33.162472,0,0,0,0,0,0,1,0,0
33.162763,0,1,0,0,0,0,0,0,0
33.176906,1,0,0,0,1,0,0,0,0
33.178616,0,0,0,0,0,0,0,1,0
33.184551,0,0,1,0,0,0,0,0,0
33.197249,0,0,0,0,0,1,0,0,0
33.200069,0,0,0,1,0,0,0,0,0
33.201294,0,1,0,0,0,0,0,0,0
33.207241,0,0,0,0,0,0,1,0,0
33.215723,0,0,0,0,0,0,0,0,1
33.223350,1,0,0,0,1,0,0,0,0
33.233010,0,0,0,0,0,0,0,1,0
33.249138,0,0,0,1,0,0,0,0,0
33.249146,0,0,0,0,0,0,1,0,0
33.250039,0,0,1,0,0,0,0,0,0
33.253702,0,0,0,0,0,1,0,0,0
33.254497,0,1,0,0,0,0,0,0,0
33.256567,0,0,0,0,0,0,0,0,1
33.259470,1,0,0,0,0,0,0,0,0
33.294008,0,0,1,0,0,0,0,0,0
33.295685,0,0,0,0,1,0,0,0,0
33.298150,0,0,0,0,0,0,0,1,0
33.298953,0,0,0,1,0,0,0,0,0
33.299707,0,0,0,0,0,1,0,0,0
33.300162,0,0,0,0,0,0,1,0,0
33.317080,1,0,0,0,1,0,0,0,0
33.322870,0,1,0,0,0,0,0,0,0
33.327941,0,0,0,0,0,0,0,0,1
33.329353,0,0,0,0,0,0,0,1,0
33.349665,0,0,0,1,0,0,0,0,0
33.351080,0,0,0,0,0,1,0,0,0
33.351732,0,1,0,0,0,0,0,0,0
33.356358,0,0,0,0,0,0,0,0,1
33.364590,0,0,1,0,0,0,0,0,0
33.376136,0,0,0,0,0,0,1,0,0
33.392242,1,0,0,0,0,0,0,0,0
33.392614,0,0,1,0,0,0,0,0,0
33.399566,0,0,0,1,0,0,0,0,0
33.403011,0,0,0,0,1,1,0,0,0
33.404016,0,0,0,0,0,0,0,1,0
33.420564,0,0,0,0,0,0,1,0,0
33.420843,0,0,0,0,0,0,0,0,1
33.429705,0,1,0,0,0,0,0,0,0
33.432779,1,0,0,0,1,0,0,0,0
33.434856,0,0,0,0,0,0,0,1,0
33.449442,0,0,0,0,0,1,0,0,0
33.450213,0,0,0,1,0,0,0,0,0
33.452971,0,0,0,0,0,0,1,0,0
33.452984,0,0,0,0,0,0,0,0,1
33.460564,0,0,1,0,0,0,0,0,0
33.463675,0,1,0,0,0,0,0,0,0
33.470288,1,0,0,0,1,0,0,0,0
33.473294,0,0,0,0,0,0,0,1,0
33.491017,0,0,1,0,0,0,0,0,0
33.500283,0,0,0,1,0,0,0,0,0
33.500615,0,0,0,0,0,1,0,0,0
33.501682,0,1,0,0,0,0,0,0,0
33.503581,0,0,0,0,0,0,1,0,0
33.504154,0,0,0,0,0,0,0,0,1
33.518064,1,0,0,0,1,0,0,0,0
33.525853,0,0,0,0,0,0,0,1,0
33.542339,0,0,1,0,0,0,0,0,0
33.548973,0,0,0,1,0,0,0,0,0
33.550019,0,0,0,0,0,1,0,0,0
33.552549,0,1,0,0,0,0,0,0,0
33.552624,0,0,0,0,0,0,1,0,0
33.566445,1,0,0,0,1,0,0,0,0
33.570367,0,0,0,0,0,0,0,1,0
33.584558,0,0,0,0,0,0,0,0,1
33.595858,0,1,0,0,0,0,0,0,0
33.598460,0,0,0,0,0,1,0,0,0
33.598840,0,0,0,1,0,0,0,0,0
33.598960,0,0,0,0,0,0,1,0,0
33.600089,0,0,0,0,0,0,0,0,1
33.612956,1,0,0,0,1,0,0,0,0
33.613946,0,0,0,0,0,0,0,1,0
33.620046,0,0,1,0,0,0,0,0,0
33.636320,0,1,0,0,0,0,0,0,0
33.639421,0,0,1,0,0,0,0,0,0
33.651428,0,0,0,0,0,1,0,0,0
33.651771,0,0,0,1,0,0,0,0,0
33.653758,0,0,0,0,0,0,0,0,1
33.658488,0,0,0,0,0,0,1,0,0
33.672991,1,0,0,0,1,0,0,0,0
33.684080,0,0,1,0,0,0,0,0,0
33.699398,0,0,0,1,0,0,0,0,0
33.700905,0,0,0,0,0,0,0,1,0
33.701197,0,0,0,0,0,1,0,0,0
33.708376,0,0,0,0,0,0,1,0,0
33.717881,0,0,0,0,0,0,0,0,1
33.723941,0,1,0,0,0,0,0,0,0
33.725543,1,0,0,0,0,0,0,0,0
33.748020,0,0,0,1,0,0,0,0,0
33.748940,0,0,0,0,0,1,0,0,0
33.750868,0,0,0,0,0,0,1,0,0
33.755283,0,0,1,0,0,0,0,0,0
33.761778,1,0,0,0,1,0,0,0,0
33.763320,0,0,0,0,1,0,0,0,1
33.770588,0,0,0,0,0,0,0,1,0
33.784395,0,0,0,0,0,0,0,1,0
33.793605,0,1,0,0,0,0,0,0,0
33.798193,0,0,0,0,0,1,0,0,0
33.799124,0,0,1,0,0,0,0,0,0
33.800337,0,0,0,1,0,0,0,0,0
33.801379,0,0,0,0,0,0,0,0,1
33.803347,0,0,0,0,0,0,1,0,0
33.809908,0,1,0,0,0,0,0,0,0
33.814024,1,0,0,0,0,0,0,0,0
33.822840,0,0,0,0,1,0,0,0,0
33.835697,0,0,0,0,0,0,0,1,0
33.841114,0,0,1,0,0,0,0,0,0
33.850231,0,0,0,0,0,1,0,0,0
33.851400,0,0,0,1,0,0,0,0,0
33.856513,0,0,0,0,0,0,0,0,1
33.858306,0,1,0,0,0,0,0,0,0
33.873419,0,0,0,0,0,0,1,0,0
33.889072,1,0,0,0,0,0,0,0,0
33.894021,0,0,1,0,0,0,0,0,0
33.898994,0,0,0,0,0,1,0,0,0
33.899373,0,0,0,1,1,0,0,0,0
33.907048,0,0,0,0,0,0,1,0,0
33.920421,0,0,0,0,0,0,0,1,0
33.921105,0,0,0,0,0,0,0,0,1
33.923256,1,0,0,0,0,0,0,0,0
33.947007,0,1,0,0,1,0,0,0,0
33.947473,0,0,0,0,0,1,0,0,0
33.949618,0,0,0,1,0,0,0,0,0
33.953362,0,0,0,0,0,0,1,0,0
33.957954,0,0,1,0,0,0,0,0,0
33.970732,1,0,0,0,1,0,0,0,0
33.977208,0,0,0,0,0,0,0,0,1
33.981929,0,0,0,0,0,0,0,1,0
33.999529,0,0,0,1,0,0,0,0,0
33.999784,0,0,0,0,0,0,0,1,0
34.001682,0,0,0,0,0,0,1,0,0
34.002265,0,0,0,0,0,1,0,0,0
34.011254,0,1,0,0,0,0,0,0,0
34.014104,0,0,1,0,0,0,0,0,0
34.020245,1,0,0,0,1,0,0,0,0
34.022533,0,1,0,0,0,0,0,0,0
34.027263,0,0,0,0,0,0,0,1,0
34.040462,0,0,0,0,0,0,0,0,1
34.049725,0,0,0,1,0,0,0,0,0
34.049874,0,1,0,0,0,0,0,0,0
34.051116,0,0,0,0,0,1,0,0,0
34.077237,0,0,1,0,0,0,0,0,0
34.080209,0,0,0,0,0,0,1,0,0
34.083561,0,0,0,0,0,0,0,0,1
34.095046,1,0,0,0,1,0,0,0,0
34.097573,0,0,0,0,0,1,0,0,0
34.099908,0,0,0,1,0,0,0,0,0
34.099995,0,0,0,0,0,0,1,0,0
34.104352,0,0,0,0,0,0,0,1,0
34.114309,1,0,0,0,1,0,0,0,0
34.117623,0,0,0,0,0,0,0,0,1
34.121324,0,0,1,0,0,0,0,0,0
34.125149,0,0,0,0,0,0,0,1,0
34.130443,0,1,0,0,0,0,0,0,0
34.147504,0,1,0,0,0,0,0,0,0
34.148117,0,0,0,0,0,1,0,0,0
34.148936,0,0,0,1,0,0,0,0,0
34.149051,0,0,0,0,0,0,0,0,1
34.154690,0,0,0,0,0,0,1,0,0
34.156276,0,0,1,0,0,0,0,0,0
34.167297,1,0,0,0,0,0,0,0,0
34.179930,0,0,1,0,1,0,0,0,0
34.201640,0,0,0,1,0,0,0,0,0
34.202780,0,0,0,0,0,1,0,0,0
34.203418,0,0,0,0,0,0,1,0,0
34.214825,0,0,0,0,0,0,0,1,0
34.221898,1,0,0,0,1,0,0,0,0
34.222370,0,0,0,0,0,0,0,1,0
34.222687,0,0,0,0,0,0,0,0,1
34.241625,0,1,0,0,0,0,0,0,0
34.247874,0,1,0,0,0,0,0,0,0
34.249351,0,0,0,1,0,0,0,0,0
34.251196,0,0,0,0,0,1,0,0,0
34.252234,0,0,0,0,0,0,0,0,1
34.259398,0,0,1,0,0,0,0,0,0
34.265222,0,0,0,0,0,0,1,0,0
34.278000,1,0,0,0,1,0,0,0,0
34.286090,0,0,1,0,0,0,0,0,0
34.294854,0,0,0,0,0,0,0,1,0
34.300760,0,0,0,1,0,0,0,0,0
34.303018,0,0,0,0,0,1,0,0,0
34.305259,0,0,0,0,0,0,0,0,1
34.306916,0,0,0,0,0,0,1,0,0
34.318070,0,1,0,0,0,0,0,0,0
34.322732,1,0,0,0,0,0,0,0,0
34.324084,0,0,0,0,1,0,0,0,0
34.336788,0,0,1,0,0,0,0,0,0
34.346269,0,0,0,0,0,1,0,0,0
34.348236,0,0,0,1,0,0,0,0,0
34.354551,0,0,0,0,0,0,1,0,0
34.356329,0,0,0,0,0,0,0,1,0
34.370924,1,0,0,0,0,0,0,0,0
34.371325,0,0,0,0,1,0,0,0,0
34.371727,0,0,0,0,0,0,0,0,1
34.376375,0,1,0,0,0,0,0,0,0
34.377392,0,0,0,0,0,0,0,1,0
34.399304,0,0,0,1,0,0,0,0,0
34.400218,0,1,0,0,0,0,0,0,0
34.401875,0,0,0,0,0,1,0,0,0
34.402403,0,0,0,0,0,0,0,0,1
34.408726,0,0,1,0,0,0,0,0,0
34.414136,0,0,0,0,0,0,1,0,0
34.431238,1,0,0,0,1,0,0,0,0
34.434372,0,0,0,0,0,0,0,1,0
34.440133,0,0,1,0,0,0,0,0,0
34.448658,0,0,0,1,0,0,0,0,0
34.452050,0,0,0,0,0,1,0,0,0
34.455014,0,0,0,0,0,0,1,0,0
34.459851,0,1,0,0,0,0,0,0,0
34.465333,0,0,0,0,0,0,0,0,1
34.472124,1,0,0,0,0,0,0,0,0
34.499999,0,0,0,1,1,0,0,0,0
34.500018,0,0,0,0,0,1,0,0,0
34.500670,0,0,0,0,0,0,0,1,0
34.500866,0,0,1,0,0,0,0,0,0
34.502479,0,0,0,0,0,0,0,0,1
34.508320,0,0,0,0,0,0,1,0,0
34.523209,1,0,0,0,1,0,0,0,0
34.524898,0,1,0,0,0,0,0,0,0
34.525710,0,0,0,0,0,0,0,1,0
34.541493,0,0,1,0,0,0,0,0,0
34.547239,0,0,0,0,0,1,0,0,0
34.548914,0,1,0,0,0,0,0,0,0
34.549280,0,0,0,0,0,0,0,0,1
34.549957,0,0,0,1,0,0,0,0,0
34.550094,0,0,0,0,0,0,1,0,0
34.560933,1,0,0,0,0,0,0,0,0
34.585407,0,0,1,0,1,0,0,0,0
34.592504,0,0,0,0,0,0,0,1,0
34.601060,0,0,0,1,0,0,0,0,0
34.601102,0,0,0,0,0,1,0,0,0
34.606031,0,0,0,0,0,0,0,0,1
34.615526,0,1,0,0,0,0,0,0,0
34.621615,0,0,0,0,0,0,1,0,0
34.637665,1,0,0,0,1,0,0,0,0
34.646021,0,0,1,0,0,0,0,0,0
34.647949,0,0,0,0,0,1,0,0,0
34.649795,0,0,0,1,0,0,0,0,0
34.651970,0,0,0,0,0,0,1,0,0
34.653504,0,0,0,0,0,0,0,1,0
34.657073,0,0,0,0,0,0,0,0,1
34.667736,1,0,0,0,0,0,0,0,0
34.677333,0,1,0,0,1,0,0,0,0
34.693976,0,0,1,0,0,0,0,0,0
34.695015,0,0,0,0,0,0,0,1,0
34.697050,0,0,0,0,0,1,0,0,0
34.697771,0,0,0,0,0,0,0,0,1
34.698799,0,0,0,1,0,0,0,0,0
34.698831,0,0,0,0,0,0,1,0,0
34.711365,1,0,0,0,0,0,0,0,0
34.716497,0,1,0,0,1,0,0,0,0
34.732376,0,0,1,0,0,0,0,0,0
34.735873,0,0,0,0,0,0,0,1,0
34.748614,0,0,0,0,0,1,0,0,0
34.750071,0,0,0,1,0,0,0,0,0
34.750196,0,0,0,0,0,0,1,0,0
34.757785,0,0,0,0,0,0,0,0,1
34.759840,0,1,0,0,0,0,0,0,0
34.763876,1,0,0,0,0,0,0,0,0
34.764876,0,0,0,0,1,0,0,0,0
34.767141,0,0,0,0,0,0,0,1,0
34.793226,0,1,0,0,0,0,0,0,0
34.793244,0,0,1,0,0,0,0,0,0
34.799175,0,0,0,0,0,1,0,0,0
34.799338,0,0,0,1,0,0,0,0,0
34.816551,0,0,0,0,0,0,0,0,1
34.816967,0,0,0,0,0,0,1,0,0
34.830205,1,0,0,0,0,0,0,0,0
34.831246,0,0,0,0,1,0,0,0,0
34.839868,0,0,0,0,0,0,0,1,0
34.850001,0,0,0,1,0,0,0,0,0
34.852560,0,0,0,0,0,0,1,0,0
34.852581,0,0,0,0,0,1,0,0,0
34.855826,0,0,1,0,0,0,0,0,0
34.865547,0,1,0,0,0,0,0,0,0
34.867974,0,0,0,0,0,0,0,0,1
34.872271,1,0,0,0,0,0,0,0,0
34.900598,0,0,0,1,1,0,0,0,0
34.901508,0,0,0,0,0,0,1,0,0
34.902901,0,0,0,0,0,1,0,0,0
34.906197,0,0,1,0,0,0,0,0,0
34.907431,0,0,0,0,0,0,0,0,1
34.915670,1,0,0,0,0,0,0,0,0
34.932551,0,0,0,0,0,0,0,1,0
34.946791,0,0,1,0,1,0,0,0,0
34.948459,0,0,0,0,0,1,0,0,0
34.948592,0,0,0,0,0,0,0,1,0
34.948869,0,0,0,0,0,0,0,0,1
34.949908,0,0,0,1,0,0,0,0,0
34.951073,0,0,0,0,0,0,1,0,0
34.957371,0,1,0,0,0,0,0,0,0
34.970777,1,0,0,0,1,0,0,0,0
34.973926,0,1,0,0,0,0,0,0,0
34.974015,0,0,0,0,0,0,0,1,0
34.981940,0,0,1,0,0,0,0,0,0
34.995797,0,1,0,0,0,0,0,0,0
34.999407,0,0,0,1,0,0,0,0,0
34.999889,0,0,0,0,0,1,0,0,0
35.000170,0,0,0,0,0,0,0,0,1
35.037769,0,0,1,0,0,0,0,0,0
35.047404,0,0,0,0,0,1,0,0,0
35.049863,0,0,0,1,0,0,0,0,0
35.051647,0,0,0,0,0,0,1,0,0
35.055018,0,0,0,0,0,0,1,0,0
35.059754,0,0,0,0,0,0,0,0,1
35.068277,1,0,0,0,0,0,0,0,0
35.069543,0,0,0,0,1,0,0,0,0
35.071530,1,0,0,0,0,0,0,0,0
35.086382,0,0,0,0,1,0,0,1,0
35.091926,0,0,1,0,0,0,0,0,0
35.092089,0,0,0,0,0,0,0,1,0
35.099906,0,0,0,1,0,0,0,0,0
35.100054,0,0,0,0,0,1,0,0,0
35.100851,0,0,0,0,0,0,0,0,1
35.106123,0,0,0,0,0,0,1,0,0
35.111722,0,1,0,0,0,0,0,0,0
35.116767,0,1,0,0,0,0,0,0,0
35.120078,1,0,0,0,0,0,0,0,0
35.126010,0,0,0,0,1,0,0,0,0
35.126316,0,0,0,0,0,0,0,1,0
35.140134,0,0,1,0,0,0,0,0,0
35.147676,0,0,0,0,0,1,0,0,0
35.149016,0,0,0,1,0,0,0,0,0
35.150002,0,1,0,0,0,0,0,0,0
35.155998,0,0,0,0,0,0,0,0,1
35.163630,0,0,0,0,0,0,1,0,0
35.179977,1,0,0,0,1,0,0,0,0
35.192946,0,0,1,0,0,0,0,0,0
35.195905,0,0,0,0,0,0,0,1,0
35.196517,0,0,0,0,0,1,0,0,0
35.196899,0,0,0,0,0,0,0,0,1
35.200343,0,0,0,1,0,0,0,0,0
35.212389,0,0,0,0,0,0,1,0,0
35.219234,0,1,0,0,0,0,0,0,0
35.227443,1,0,0,0,0,0,0,0,0
35.232693,0,0,1,0,1,0,0,0,0
35.239278,0,0,0,0,0,0,0,1,0
35.250458,0,0,0,1,0,0,0,0,0
35.253648,0,0,0,0,0,1,0,0,0
35.259740,0,0,0,0,0,0,0,0,1
35.264491,0,0,0,0,0,0,1,0,0
35.265747,0,1,0,0,0,0,0,0,0
35.282683,1,0,0,0,0,0,0,0,0
35.286844,0,0,0,0,1,0,0,0,0
35.287522,0,0,0,0,0,0,0,1,0
35.292561,0,0,1,0,0,0,0,0,0
35.296441,0,0,0,0,0,1,0,0,0
35.296857,0,0,0,0,0,0,0,0,1
35.299987,0,0,0,1,0,0,0,0,0
35.303400,0,0,0,0,0,0,1,0,0
35.314929,1,0,0,0,1,0,0,0,0
35.315504,0,1,0,0,0,0,0,0,0
35.316354,0,0,0,0,0,0,0,1,0
35.335016,0,0,1,0,0,0,0,0,0
35.344822,0,1,0,0,0,0,0,0,0
35.350038,0,0,0,1,0,0,0,0,0
35.352046,0,0,0,0,0,1,0,0,0
35.353681,0,0,0,0,0,0,0,0,1
35.358545,0,0,0,0,0,0,1,0,0
35.371074,1,0,0,0,1,0,0,0,0
35.374461,0,0,0,0,0,0,0,1,0
35.387030,0,0,1,0,0,0,0,0,0
35.395139,0,1,0,0,0,0,0,0,0
35.396546,0,0,0,0,0,1,0,0,0
35.398346,0,0,0,0,0,0,0,0,1
35.399216,0,0,0,1,0,0,0,0,0
35.402796,0,0,0,0,0,0,1,0,0
35.415502,1,0,0,0,1,0,0,0,0
35.418315,0,0,0,0,0,0,0,1,0
35.437207,0,0,1,0,0,0,0,0,0
35.443771,0,1,0,0,0,0,0,0,0
35.449016,0,0,0,0,0,1,0,0,0
35.450511,0,0,0,1,0,0,0,0,0
35.458491,0,0,0,0,0,0,0,0,1
35.460869,0,0,0,0,0,0,1,0,0
35.471959,1,0,0,0,0,0,0,0,0
35.490070,0,0,1,0,1,0,0,0,0
35.496024,0,0,0,0,0,0,0,1,0
35.500775,0,0,0,1,0,0,0,0,0
35.503324,0,0,0,0,0,1,0,0,0
35.503972,0,0,0,0,0,0,0,0,1
35.522890,0,0,0,0,0,0,1,0,0
35.524167,0,1,0,0,0,0,0,0,0
35.533331,1,0,0,0,1,0,0,0,0
35.534137,0,0,0,0,0,0,0,1,0
35.535647,0,0,1,0,0,0,0,0,0
35.549479,0,0,0,0,0,1,0,0,0
35.551415,0,0,0,1,0,0,0,0,0
35.557794,0,1,0,0,0,0,0,0,0
35.558001,0,0,0,0,0,0,1,0,0
35.559577,0,0,0,0,0,0,0,0,1
35.574412,1,0,0,0,0,0,0,0,0
35.591970,0,0,1,0,0,0,0,0,0
35.600170,0,0,0,1,0,0,0,0,0
35.601123,0,0,0,0,1,0,0,0,0
35.601565,0,0,0,0,0,1,0,0,0
35.605558,0,0,0,0,0,0,0,1,0
35.609706,0,0,0,0,0,0,0,0,1
35.625738,0,0,0,0,0,0,1,0,0
35.631225,0,1,0,0,0,0,0,0,0
35.637715,1,0,0,0,0,0,0,0,0
35.645876,0,0,1,0,1,0,0,0,0
35.646577,0,0,0,0,0,1,0,0,0
35.648897,0,0,0,0,0,0,0,1,0
35.649697,0,0,0,1,0,0,0,0,0
35.658362,0,0,0,0,0,0,1,0,0
35.668914,1,0,0,0,0,0,0,0,0
35.672934,0,1,0,0,1,0,0,0,0
35.677861,0,0,0,0,0,0,0,0,1
35.685016,0,0,0,0,0,0,0,1,0
35.697946,0,0,0,0,0,1,0,0,0
35.698889,0,0,0,0,0,0,0,0,1
35.701660,0,0,0,1,0,0,0,0,0
35.703044,0,0,0,0,0,0,1,0,0
35.713362,0,1,0,0,0,0,0,0,0
35.716470,0,0,1,0,0,0,0,0,0
35.719749,1,0,0,0,0,0,0,0,0
35.737428,0,0,1,0,0,0,0,0,0
35.747499,0,0,0,0,1,1,0,0,0
35.748371,0,0,0,0,0,0,0,0,1
35.749430,0,0,0,1,0,0,0,0,0
35.751998,0,0,0,0,0,0,0,1,0
35.775255,0,0,0,0,0,0,1,0,0
35.781845,0,1,0,0,0,0,0,0,0
35.782075,0,0,1,0,0,0,0,0,0
35.789543,1,0,0,0,0,0,0,0,0
35.798475,0,0,0,1,1,0,0,0,0
35.801310,0,0,0,0,0,1,0,0,0
35.801644,0,0,0,0,0,0,1,0,0
35.803294,0,0,0,0,0,0,0,1,0
35.806380,0,0,0,0,0,0,0,0,1
35.817371,1,0,0,0,1,0,0,0,0
35.822439,0,0,0,0,0,0,0,1,0
35.829692,0,1,0,0,0,0,0,0,0
35.842590,0,0,1,0,0,0,0,0,0
35.847581,0,1,0,0,0,0,0,0,0
35.848918,0,0,0,0,0,1,0,0,0
35.850657,0,0,0,1,0,0,0,0,0
35.858052,0,0,0,0,0,0,1,0,0
35.861053,0,0,0,0,0,0,0,0,1
35.870543,1,0,0,0,1,0,0,0,0
35.894002,0,0,0,0,0,0,0,1,0
35.898068,0,0,1,0,0,0,0,0,0
35.900054,0,0,0,1,0,0,0,0,0
35.901278,0,0,0,0,0,1,0,0,0
35.903629,0,0,0,0,0,0,0,0,1
35.904434,0,0,0,0,0,0,1,0,0
35.919818,1,0,0,0,0,0,0,0,0
35.923534,0,1,0,0,1,0,0,0,0
35.941433,0,0,1,0,0,0,0,0,0
35.946678,0,0,0,0,0,0,0,1,0
35.947842,0,0,0,0,0,1,0,0,0
35.949490,0,0,0,1,0,0,0,0,0
35.955606,0,0,0,0,0,0,0,0,1
35.958354,0,0,0,0,0,0,1,0,0
35.970761,0,1,0,0,0,0,0,0,0
35.974118,1,0,0,0,1,0,0,0,0
35.988106,0,0,0,0,0,0,0,1,0
35.989576,0,0,1,0,0,0,0,0,0
35.998896,0,0,0,1,0,0,0,0,0
36.002559,0,0,0,0,0,1,0,0,0
36.004264,0,0,0,0,0,0,0,0,1
36.013685,0,1,0,0,0,0,0,0,0
36.014982,0,0,0,0,0,0,1,0,0
36.026393,1,0,0,0,0,0,0,0,0
36.041857,0,0,1,0,0,0,0,0,0
36.046073,0,0,0,0,1,0,0,0,0
36.046280,0,0,0,0,0,0,0,1,0
36.050238,0,0,0,1,0,0,0,0,0
36.050868,0,0,0,0,0,0,1,0,0
36.051202,0,0,0,0,0,1,0,0,0
36.061832,0,0,0,0,0,0,0,0,1
36.062529,1,0,0,0,1,0,0,0,0
36.070380,0,0,0,0,0,0,0,1,0
36.073408,0,1,0,0,0,0,0,0,0
36.096645,0,0,1,0,0,0,0,0,0
36.098001,0,1,0,0,0,0,0,0,0
36.100858,0,0,0,0,0,1,0,0,0
36.101274,0,0,0,1,0,0,0,0,0
36.103416,0,0,0,0,0,0,1,0,0
36.112230,0,0,0,0,0,0,0,0,1
36.117542,1,0,0,0,1,0,0,0,0
36.138706,0,0,0,0,0,0,0,1,0
36.146413,0,0,0,0,0,1,0,0,0
36.146889,0,0,1,0,0,0,0,0,0
36.150439,0,0,0,0,0,0,0,0,1
36.151335,0,0,0,1,0,0,0,0,0
36.168250,0,1,0,0,0,0,0,0,0
36.187302,0,0,1,0,0,0,0,0,0
36.187445,0,0,0,0,0,0,1,0,0
36.197847,0,0,0,0,0,1,0,0,0
36.198961,1,0,0,0,0,0,0,0,0
36.200872,0,0,0,1,1,0,0,0,0
36.202862,0,0,0,0,0,0,1,0,0
36.209452,0,0,0,0,0,0,0,1,0
36.212848,0,0,0,0,0,0,0,0,1
36.212999,1,0,0,0,0,0,0,0,0
36.223470,0,0,0,0,1,0,0,0,0
36.225019,0,0,0,0,0,0,0,1,0
36.236912,0,1,0,0,0,0,0,0,0
36.246313,0,0,1,0,0,0,0,0,0
36.249982,0,0,0,1,0,0,0,0,0
36.251460,0,1,0,0,0,0,0,0,0
36.251966,0,0,0,0,0,1,0,0,0
36.252053,0,0,0,0,0,0,1,0,0
36.253345,0,0,0,0,0,0,0,0,1
36.266984,1,0,0,0,1,0,0,0,0
36.267456,0,0,0,0,0,0,0,1,0
36.284262,0,0,1,0,0,0,0,0,0
36.289613,0,1,0,0,0,0,0,0,0
36.298265,0,0,0,0,0,1,0,0,0
36.299622,0,0,0,1,0,0,0,0,0
36.301175,0,0,0,0,0,0,0,0,1
36.304545,0,0,0,0,0,0,1,0,0
36.314896,1,0,0,0,1,0,0,0,0
36.330403,0,0,0,0,0,0,0,1,0
36.339850,0,0,1,0,0,0,0,0,0
36.347795,0,0,0,0,0,1,0,0,0
36.349199,0,0,0,0,0,0,0,0,1
36.350170,0,0,0,1,0,0,0,0,0
36.353111,0,0,0,0,0,0,1,0,0
36.357450,0,1,0,0,0,0,0,0,0
36.370715,1,0,0,0,1,0,0,0,0
36.372714,0,0,0,0,0,0,0,1,0
36.386362,0,0,1,0,0,0,0,0,0
36.399674,0,1,0,0,0,0,0,0,0
36.400099,0,0,0,1,0,0,0,0,0
36.402577,0,0,0,0,0,1,0,0,0
36.403972,0,0,0,0,0,0,1,0,0
36.412776,0,0,0,0,0,0,0,0,1
36.417350,1,0,0,0,1,0,0,0,0
36.448328,0,0,0,0,0,0,0,1,0
36.450007,0,0,0,1,0,0,0,0,0
36.451080,0,0,1,0,0,0,0,0,0
36.452819,0,0,0,0,0,1,0,0,0
36.473209,0,0,0,0,0,0,1,0,0
36.474602,0,1,0,0,0,0,0,0,0
36.477712,0,0,0,0,0,0,0,0,1
36.491556,1,0,0,0,1,0,0,0,0
36.500757,0,0,0,1,0,0,0,0,0
36.503745,0,0,0,0,0,1,0,0,0
36.507761,0,0,0,0,0,0,0,0,1
36.508360,0,0,0,0,0,0,0,1,0
36.510657,0,0,0,0,0,0,1,0,0
36.515780,0,0,1,0,0,0,0,0,0
36.526303,1,0,0,0,1,0,0,0,0
36.530169,0,1,0,0,0,0,0,0,0
36.537230,0,0,0,0,0,0,0,1,0
36.541910,0,0,1,0,0,0,0,0,0
36.549305,0,0,0,0,0,1,0,0,0
36.549435,0,0,0,1,0,0,0,0,0
36.560993,0,1,0,0,0,0,0,0,0
36.562231,0,0,0,0,0,0,0,0,1
36.579288,0,0,0,0,0,0,1,0,0
36.594990,1,0,0,0,1,0,0,0,0
36.598503,0,0,0,1,0,0,0,0,0
36.600203,0,0,0,0,0,1,0,0,0
36.600663,0,0,0,0,0,0,0,1,0
36.601213,0,0,0,0,0,0,1,0,0
36.601276,0,0,1,0,0,0,0,0,0
36.606316,0,0,0,0,0,0,0,0,1
36.612072,1,0,0,0,1,0,0,0,0
36.623322,0,1,0,0,0,0,0,0,0
36.644197,0,0,1,0,0,0,0,0,0
36.650566,0,0,0,1,0,0,0,0,0
36.651930,0,0,0,0,0,1,0,0,0
36.658962,0,0,0,0,0,0,1,0,0
36.660383,0,0,0,0,0,0,0,0,1
36.671528,1,0,0,0,0,0,0,0,0
36.671542,0,0,0,0,1,0,0,0,0
36.671557,0,0,0,0,0,0,0,1,0
36.684021,0,0,0,0,0,0,0,1,0
36.693196,0,1,0,0,0,0,0,0,0
36.693473,0,0,1,0,0,0,0,0,0
36.697864,0,0,0,0,0,1,0,0,0
36.698337,0,0,0,1,0,0,0,0,0
36.701288,0,0,0,0,0,0,0,0,1
36.708519,0,1,0,0,0,0,0,0,0
36.722170,0,0,0,0,0,0,1,0,0
36.731814,0,0,1,0,0,0,0,0,0
36.737474,1,0,0,0,1,0,0,0,0
36.745698,0,0,0,0,0,0,0,1,0
36.750459,0,0,0,1,0,0,0,0,0
36.750876,0,0,0,0,0,1,0,0,0
36.768323,0,1,0,0,0,0,0,0,0
36.778182,0,0,0,0,0,0,1,0,0
36.788799,1,0,0,0,1,0,0,0,0
36.797580,0,0,0,0,0,0,0,0,1
36.799291,0,0,0,1,0,0,0,0,0
36.800040,0,0,0,0,0,0,0,1,0
36.801364,0,0,0,0,0,1,0,0,0
36.807536,0,0,0,0,0,0,1,0,0
36.823581,1,0,0,0,0,0,0,0,0
36.824576,0,0,0,0,1,0,0,0,0
36.825571,0,1,0,0,0,0,0,0,0
36.826204,0,0,0,0,0,0,0,1,0
36.829261,0,0,0,0,0,0,0,0,1
36.834643,0,0,1,0,0,0,0,0,0
36.848069,0,1,0,0,0,0,0,0,0
36.849722,0,0,0,0,0,1,0,0,0
36.850168,0,0,0,1,0,0,0,0,0
36.856095,0,0,0,0,0,0,1,0,0
36.856514,0,0,0,0,0,0,0,0,1
36.869258,0,0,1,0,0,0,0,0,0
36.870743,1,0,0,0,0,0,0,0,0
36.890336,0,0,1,0,0,0,0,0,0
36.898755,0,0,0,0,1,1,0,0,0
36.900744,0,0,0,1,0,0,0,0,0
36.900777,0,0,0,0,0,0,0,0,1
36.902031,0,0,0,0,0,0,1,0,0
36.911114,0,0,0,0,0,0,0,1,0
36.916937,1,0,0,0,1,0,0,0,0
36.926753,0,0,0,0,0,0,0,1,0
36.934736,0,0,1,0,0,0,0,0,0
36.937080,0,1,0,0,0,0,0,0,0
36.949153,0,0,0,0,0,1,0,0,0
36.950673,0,0,0,1,0,0,0,0,0
36.955845,0,0,0,0,0,0,0,0,1
36.956490,0,1,0,0,0,0,0,0,0
36.957063,0,0,0,0,0,0,1,0,0
36.969996,1,0,0,0,0,0,0,0,0
36.992431,0,0,1,0,0,0,0,0,0
36.999867,0,0,0,1,1,0,0,0,0
37.002473,0,0,0,0,0,0,0,1,0
37.003455,0,0,0,0,0,1,0,0,0
37.006304,0,0,0,0,0,0,0,0,1
37.012843,0,0,0,0,0,0,1,0,0
37.027762,1,0,0,0,0,0,0,0,0
37.030102,0,1,0,0,1,0,0,0,0
37.030780,0,0,0,0,0,0,0,1,0
37.044120,0,0,1,0,0,0,0,0,0
37.051143,0,0,0,0,0,1,0,0,0
37.051500,0,0,0,1,0,0,0,0,0
37.052763,0,0,0,0,0,0,1,0,0
37.057154,0,1,0,0,0,0,0,0,0
37.064122,0,0,0,0,0,0,0,0,1
37.069077,1,0,0,0,1,0,0,0,0
37.090755,0,0,0,0,0,0,0,1,0
37.098230,0,0,1,0,0,0,0,0,0
37.101041,0,0,0,1,0,0,0,0,0
37.101213,0,0,0,0,0,0,1,0,0
37.101970,0,0,0,0,0,1,0,0,0
37.108884,0,0,0,0,0,0,0,0,1
37.114618,1,0,0,0,0,0,0,0,0
37.114785,0,1,0,0,1,0,0,0,0
37.121598,0,0,0,0,0,0,0,1,0
37.145247,0,1,0,0,0,0,0,0,0
37.147868,0,0,1,0,0,0,0,0,0
37.149457,0,0,0,1,0,0,0,0,0
37.153276,0,0,0,0,0,1,0,0,0
37.153287,0,0,0,0,0,0,0,0,1
37.175745,0,0,0,0,0,0,1,0,0
37.189750,0,0,1,0,0,0,0,0,0
37.190172,1,0,0,0,1,0,0,0,0
37.198159,0,0,0,1,0,0,0,0,0
37.201103,0,0,0,0,0,1,0,0,0
37.215988,0,0,0,0,0,0,0,0,1
37.217948,0,0,0,0,0,0,0,1,0
37.218543,0,0,0,0,0,0,1,0,0
37.230908,1,0,0,0,0,0,0,0,0
37.238319,0,1,0,0,1,0,0,0,0
37.244556,0,0,0,0,0,0,0,1,0
37.247015,0,0,0,0,0,1,0,0,0
37.247822,0,0,0,0,0,0,0,0,1
37.251271,0,0,0,1,0,0,0,0,0
37.253701,0,0,1,0,0,0,0,0,0
37.267131,0,1,0,0,0,0,0,0,0
37.272820,0,0,0,0,0,0,1,0,0
37.283818,0,0,1,0,0,0,0,0,0
37.289034,1,0,0,0,1,0,0,0,0
37.299029,0,0,0,1,0,0,0,0,0
37.300310,0,0,0,0,0,0,1,0,0
37.302250,0,0,0,0,0,1,0,0,0
37.305187,0,0,0,0,0,0,0,1,0
37.312183,1,0,0,0,0,0,0,0,0
37.314095,0,0,0,0,0,0,0,0,1
37.326937,0,1,0,0,0,0,0,0,0
37.347247,0,0,1,0,1,0,0,0,0
37.350317,0,0,0,0,0,1,0,0,0
37.351009,0,0,0,1,0,0,0,0,0
37.352654,0,0,0,0,0,0,0,1,0
37.355946,0,0,0,0,0,0,0,0,1
37.356379,0,0,0,0,0,0,1,0,0
37.374508,0,1,0,0,0,0,0,0,0
37.375681,1,0,0,0,0,0,0,0,0
37.388434,0,0,0,0,1,0,0,0,0
37.392130,0,0,1,0,0,0,0,0,0
37.398644,0,0,0,0,0,1,0,0,0
37.400976,0,0,0,1,0,0,0,0,0
37.401177,0,0,0,0,0,0,1,0,0
37.404041,0,0,0,0,0,0,0,0,1
37.418291,1,0,0,0,0,0,0,0,0
37.420718,0,0,0,0,1,0,0,1,0
37.432615,0,0,0,0,0,0,0,1,0
37.435880,0,0,1,0,0,0,0,0,0
37.445880,0,1,0,0,0,0,0,0,0
37.450010,0,0,0,1,0,0,0,0,0
37.451101,0,0,0,0,0,1,0,0,0
37.457188,0,1,0,0,0,0,0,0,0
37.458888,0,0,0,0,0,0,0,0,1
37.462277,0,0,0,0,0,0,1,0,0
37.480141,1,0,0,0,1,0,0,0,0
37.480550,0,0,0,0,0,0,0,1,0
37.498793,0,0,1,0,0,0,0,0,0
37.499874,0,0,0,1,0,0,0,0,0
37.499981,0,0,0,0,0,1,0,0,0
37.501697,0,1,0,0,0,0,0,0,0
37.502832,0,0,0,0,0,0,1,0,0
37.515177,1,0,0,0,1,0,0,0,0
37.519928,0,0,0,0,0,0,0,1,0
37.527284,0,0,0,0,0,0,0,0,1
37.547311,0,0,0,0,0,1,0,0,0
37.547513,0,1,0,0,0,0,0,0,0
37.548080,0,0,0,0,0,0,0,0,1
37.549934,0,0,0,1,0,0,0,0,0
37.551612,0,0,0,0,0,0,1,0,0
37.562092,0,0,1,0,0,0,0,0,0
37.570108,1,0,0,0,1,0,0,0,0
37.572020,0,0,0,0,0,0,0,1,0
37.578538,0,0,1,0,0,0,0,0,0
37.593813,0,1,0,0,0,0,0,0,0
37.600170,0,0,0,1,0,0,0,0,0
37.601599,0,0,0,0,0,1,0,0,0
37.604911,0,0,0,0,0,0,0,0,1
37.616069,0,0,0,0,0,0,1,0,0
37.628785,1,0,0,0,1,0,0,0,0
37.629116,0,0,0,0,0,0,0,1,0
37.641572,0,0,1,0,0,0,0,0,0
37.649373,0,1,0,0,0,0,0,0,0
37.651426,0,0,0,1,0,0,0,0,0
37.653207,0,0,0,0,0,1,0,0,0
37.654802,0,0,0,0,0,0,1,0,0
37.660396,0,0,0,0,0,0,0,0,1
37.667048,1,0,0,0,1,0,0,0,0
37.673839,0,0,0,0,0,0,0,1,0
37.694067,0,0,1,0,0,0,0,0,0
37.698086,0,0,0,0,0,1,0,0,0
37.699105,0,1,0,0,0,0,0,0,0
37.701760,0,0,0,1,0,0,0,0,0
37.705679,0,0,0,0,0,0,0,0,1
37.728516,0,0,0,0,0,0,1,0,0
37.742086,1,0,0,0,0,0,0,0,0
37.742856,0,0,1,0,1,0,0,0,0
37.746120,0,0,0,0,0,0,0,1,0
37.748104,0,0,0,0,0,1,0,0,0
37.750202,0,0,0,1,0,0,0,0,0
37.754881,0,0,0,0,0,0,1,0,0
37.759567,0,0,0,0,0,0,0,0,1
37.772707,1,0,0,0,1,0,0,0,0
37.773364,0,1,0,0,0,0,0,0,0
37.790079,0,0,0,0,0,0,0,1,0
37.795812,0,0,1,0,0,0,0,0,0
37.798315,0,0,0,0,0,1,0,0,0
37.798759,0,0,0,1,0,0,0,0,0
37.809187,0,0,0,0,0,0,1,0,0
37.810605,0,1,0,0,0,0,0,0,0
37.822172,1,0,0,0,0,0,0,0,0
37.829028,0,0,0,0,1,0,0,0,0
37.831804,0,0,0,0,0,0,0,1,0
37.843015,0,0,0,0,0,0,0,0,1
37.847540,0,0,0,0,0,1,0,0,0
37.850361,0,0,0,1,0,0,0,0,0
37.851598,0,0,0,0,0,0,0,0,1
37.854126,0,0,0,0,0,0,1,0,0
37.856666,0,1,0,0,0,0,0,0,0
37.866171,1,0,0,0,1,0,0,0,0
37.879650,0,0,1,0,0,0,0,0,0
37.884739,0,0,1,0,0,0,0,0,0
37.887401,0,0,0,0,0,0,0,1,0
37.897000,0,0,0,0,0,1,0,0,0
37.898746,0,0,0,1,0,0,0,0,0
37.900624,0,0,0,0,0,0,0,0,1
37.905269,0,0,0,0,0,0,1,0,0
37.913910,0,1,0,0,0,0,0,0,0
37.915278,1,0,0,0,0,0,0,0,0
37.937910,0,0,1,0,1,0,0,0,0
37.943803,0,0,0,0,0,0,0,1,0
37.949958,0,0,0,0,0,1,0,0,0
37.950572,0,0,0,1,0,0,0,0,0
37.953405,0,0,0,0,0,0,1,0,0
37.954936,0,0,0,0,0,0,0,0,1
37.967281,0,1,0,0,0,0,0,0,0
37.970474,1,0,0,0,0,0,0,0,0
37.981273,0,0,0,0,1,0,0,0,0
37.992402,0,0,1,0,0,0,0,0,0
38.000020,0,0,0,1,0,0,0,0,0
38.002668,0,0,0,0,0,0,0,1,0
38.003467,0,0,0,0,0,1,0,0,0
38.011344,0,0,0,0,0,0,0,0,1
38.021836,0,0,0,0,0,0,1,0,0
38.028954,0,1,0,0,0,0,0,0,0
38.040060,1,0,0,0,0,0,0,0,0
38.043418,0,0,1,0,0,0,0,0,0
38.045392,0,0,0,0,1,0,0,0,0
38.048595,0,0,0,0,0,0,0,1,0
38.050112,0,0,0,1,0,0,0,0,0
38.050652,0,0,0,0,0,1,0,0,0
38.052000,0,0,0,0,0,0,1,0,0
38.057504,0,0,0,0,0,0,0,0,1
38.065213,1,0,0,0,1,0,0,0,0
38.065506,0,0,0,0,0,0,0,1,0
38.071962,0,1,0,0,0,0,0,0,0
38.088869,0,1,0,0,0,0,0,0,0
38.091819,0,0,1,0,0,0,0,0,0
38.101755,0,0,0,1,0,0,0,0,0
38.103845,0,0,0,0,0,1,0,0,0
38.107198,0,0,0,0,0,0,0,0,1
38.122286,0,0,0,0,0,0,1,0,0
38.136237,1,0,0,0,1,0,0,0,0
38.146257,0,0,1,0,0,0,0,0,0
38.148325,0,0,0,0,0,1,0,0,0
38.148649,0,0,0,1,0,0,0,0,0
38.148718,0,0,0,0,0,0,0,1,0
38.158097,0,0,0,0,0,0,0,0,1
38.158139,0,0,0,0,0,0,1,0,0
38.170290,0,1,0,0,0,0,0,0,0
38.173912,1,0,0,0,1,0,0,0,0
38.175452,0,0,0,0,0,0,0,1,0
38.194292,0,0,1,0,0,0,0,0,0
38.199669,0,0,0,1,0,0,0,0,0
38.201842,0,1,0,0,0,0,0,0,0
38.202572,0,0,0,0,0,1,0,0,0
38.211363,0,0,0,0,0,0,0,0,1
38.217012,0,0,0,0,0,0,1,0,0
38.234167,1,0,0,0,0,0,0,0,0
38.237937,0,0,0,0,1,0,0,0,0
38.243281,0,0,1,0,0,0,0,0,0
38.245640,0,0,0,0,0,0,0,1,0
38.246689,0,0,0,0,0,1,0,0,0
38.250380,0,0,0,1,0,0,0,0,0
38.254481,0,0,0,0,0,0,1,0,0
38.261272,0,0,0,0,0,0,0,0,1
38.271695,0,1,0,0,0,0,0,0,0
38.273301,1,0,0,0,1,0,0,0,0
38.284559,0,0,0,0,0,0,0,1,0
38.297994,0,0,1,0,0,0,0,0,0
38.298529,0,0,0,0,0,1,0,0,0
38.300050,0,0,0,1,0,0,0,0,0
38.301657,0,0,0,0,0,0,1,0,0
38.309521,0,1,0,0,0,0,0,0,0
38.311738,1,0,0,0,0,0,0,0,0
38.312567,0,0,0,0,0,0,0,0,1
38.344837,0,0,1,0,0,0,0,0,0
38.346339,0,0,0,0,0,1,0,0,0
38.347474,0,0,0,0,1,0,0,0,0
38.348726,0,0,0,0,0,0,0,0,1
38.349853,0,0,0,1,0,0,0,0,0
38.351854,0,0,0,0,0,0,1,0,0
38.360923,0,0,0,0,0,0,0,1,0
38.368464,1,0,0,0,1,0,0,0,0
38.369808,0,0,0,0,0,0,0,1,0
38.382401,0,1,0,0,0,0,0,0,0
38.384300,0,0,1,0,0,0,0,0,0
38.390935,0,1,0,0,0,0,0,0,0
38.400595,0,0,0,1,0,0,0,0,0
38.400818,0,0,0,0,0,1,0,0,0
38.410604,0,0,0,0,0,0,1,0,0
38.424290,0,0,0,0,0,0,0,0,1
38.424751,1,0,0,0,1,0,0,0,0
38.446662,0,0,0,0,0,1,0,0,0
38.448553,0,0,0,1,0,0,0,0,0
38.448608,0,0,0,0,0,0,0,1,0
38.455944,0,0,1,0,0,0,0,0,0
38.457433,0,0,0,0,0,0,0,0,1
38.477984,0,1,0,0,0,0,0,0,0
38.486957,0,0,0,0,0,0,1,0,0
38.492666,0,0,1,0,0,0,0,0,0
38.500177,1,0,0,0,0,0,0,0,0
38.500291,0,0,0,1,0,0,0,0,0
38.501604,0,0,0,0,1,0,0,0,0
38.501607,0,0,0,0,0,0,0,1,0
38.503512,0,0,0,0,0,0,1,0,0
38.503911,0,0,0,0,0,1,0,0,0
38.516457,1,0,0,0,0,0,0,0,0
38.522089,0,0,0,0,1,0,0,0,0
38.526082,0,0,0,0,0,0,0,0,1
38.529340,0,1,0,0,0,0,0,0,0
38.547252,0,0,0,0,0,0,0,1,0
38.550304,0,0,0,0,0,1,0,0,0
38.551742,0,0,0,1,0,0,0,0,0
38.553659,0,0,0,0,0,0,1,0,0
38.559198,0,0,1,0,0,0,0,0,0
38.562495,0,0,0,0,0,0,0,0,1
38.568109,0,1,0,0,0,0,0,0,0
38.568726,1,0,0,0,1,0,0,0,0
38.570133,0,0,0,0,0,0,0,1,0
38.593540,0,1,0,0,0,0,0,0,0
38.598664,0,0,0,1,0,0,0,0,0
38.598776,0,0,0,0,0,1,0,0,0
38.601127,0,0,1,0,0,0,0,0,0
38.602821,0,0,0,0,0,0,0,0,1
38.605623,0,0,0,0,0,0,1,0,0
38.625244,1,0,0,0,1,0,0,0,0
38.639381,0,0,1,0,0,0,0,0,0
38.649337,0,0,0,1,0,0,0,0,0
38.649730,0,0,0,0,0,1,0,0,0
38.653338,0,0,0,0,0,0,1,0,0
38.658639,0,0,0,0,0,0,0,1,0
38.660486,0,0,0,0,0,0,0,0,1
38.673284,1,0,0,0,0,0,0,0,0
38.685654,0,1,0,0,0,0,0,0,0
38.696367,0,0,1,0,1,0,0,0,0
38.699522,0,0,0,0,0,1,0,0,0
38.701025,0,0,0,1,0,0,0,0,0
38.702194,0,0,0,0,0,0,1,0,0
38.713405,0,0,0,0,0,0,0,0,1
38.715997,1,0,0,0,1,0,0,0,0
38.719521,0,0,0,0,0,0,0,1,0
38.725886,0,0,0,0,0,0,0,1,0
38.744392,0,1,0,0,0,0,0,0,0
38.747172,0,0,0,0,0,1,0,0,0
38.749188,0,1,0,0,0,0,0,0,0
38.750705,0,0,0,1,0,0,0,0,0
38.752552,0,0,1,0,0,0,0,0,0
38.753171,0,0,0,0,0,0,0,0,1
38.755425,0,0,0,0,0,0,1,0,0
38.766177,1,0,0,0,0,0,0,0,0
38.780244,0,0,0,0,1,0,0,0,0
38.780616,0,0,0,0,0,0,0,1,0
38.790427,0,0,1,0,0,0,0,0,0
38.797997,0,0,0,0,0,1,0,0,0
38.799589,0,0,0,1,0,0,0,0,0
38.799884,0,0,0,0,0,0,0,0,1
38.802227,0,1,0,0,0,0,0,0,0
38.802852,0,0,0,0,0,0,1,0,0
38.816822,1,0,0,0,1,0,0,0,0
38.817065,0,0,0,0,0,0,0,1,0
38.834123,0,0,1,0,0,0,0,0,0
38.844457,0,1,0,0,0,0,0,0,0
38.846725,0,0,0,0,0,1,0,0,0
38.849654,0,0,0,1,0,0,0,0,0
38.850312,0,0,0,0,0,0,0,0,1
38.851361,0,0,0,0,0,0,1,0,0
38.867818,1,0,0,0,0,0,0,0,0
38.869362,0,0,0,0,1,0,0,0,0
38.878510,0,0,0,0,0,0,0,1,0
38.888901,0,0,1,0,0,0,0,0,0
38.898737,0,0,0,0,0,1,0,0,0
38.900011,0,1,0,0,0,0,0,0,0
38.901794,0,0,0,1,0,0,0,0,0
38.905451,0,0,0,0,0,0,0,0,1
38.908036,0,0,0,0,0,0,1,0,0
38.921270,1,0,0,0,0,0,0,0,0
38.939401,0,0,1,0,1,0,0,0,0
38.939849,0,0,0,0,0,0,0,1,0
38.950486,0,0,0,1,0,0,0,0,0
38.951523,0,0,0,0,0,1,0,0,0
38.953065,0,0,0,0,0,0,1,0,0
38.955034,0,0,0,0,0,0,0,0,1
38.965618,1,0,0,0,0,0,0,0,0
38.965983,0,1,0,0,0,0,0,0,0
38.992418,0,0,1,0,0,0,0,0,0
39.000316,0,0,0,0,0,1,0,0,0
39.001047,0,0,0,1,1,0,0,0,0
39.007102,0,0,0,0,0,0,0,1,0
39.008773,0,0,0,0,0,0,0,0,1
39.012722,0,0,0,0,0,0,1,0,0
39.030861,1,0,0,0,0,0,0,0,0
39.035677,0,1,0,0,0,0,0,0,0
39.040885,0,0,1,0,0,0,0,0,0
39.051321,0,0,0,1,0,0,0,0,0
39.051432,0,0,0,0,1,0,0,0,0
39.051544,0,0,0,0,0,1,0,0,0
39.059912,0,0,0,0,0,0,1,0,0
39.060871,0,0,0,0,0,0,0,0,1
39.068980,0,0,0,0,0,0,0,1,0
39.071806,1,0,0,0,0,0,0,0,0
39.088914,0,0,0,0,1,0,0,0,0
39.092472,0,1,0,0,0,0,0,0,0
39.096720,0,0,0,0,0,1,0,0,0
39.097734,0,0,0,0,0,0,0,0,1
39.100625,0,0,1,0,0,0,0,0,0
39.100752,0,0,0,1,0,0,0,0,0
39.101442,0,0,0,0,0,0,1,0,0
39.105766,0,0,0,0,0,0,0,1,0
39.113635,1,0,0,0,1,0,0,0,0
39.135299,0,1,0,0,0,0,0,0,0
39.135986,0,0,1,0,0,0,0,0,0
39.140865,0,0,0,0,0,0,0,1,0
39.148356,0,0,0,0,0,1,0,0,0
39.149310,0,0,0,1,0,0,0,0,0
39.151723,0,0,0,0,0,0,0,0,1
39.162052,0,0,0,0,0,0,1,0,0
39.166959,0,1,0,0,0,0,0,0,0
39.175923,1,0,0,0,0,0,0,0,0
39.185710,0,0,0,0,1,0,0,0,0
39.186817,0,0,1,0,0,0,0,0,0
39.197426,0,0,0,0,0,0,0,1,0
39.199561,0,0,0,0,0,1,0,0,0
39.200049,0,0,0,1,0,0,0,0,0
39.202104,0,0,0,0,0,0,0,0,1
39.206201,0,0,0,0,0,0,1,0,0
39.220920,1,0,0,0,1,0,0,0,0
39.221632,0,1,0,0,0,0,0,0,0
39.231337,0,0,0,0,0,0,0,1,0
39.239706,0,0,1,0,0,0,0,0,0
39.249444,0,0,0,0,0,1,0,0,0
39.251264,0,0,0,1,0,0,0,0,0
39.251547,0,0,0,0,0,0,1,0,0
39.255849,0,1,0,0,0,0,0,0,0
39.259393,0,0,0,0,0,0,0,0,1
39.264078,1,0,0,0,0,0,0,0,0
39.266706,0,0,0,0,1,0,0,0,0
39.281240,0,0,0,0,0,0,0,1,0
39.299158,0,0,1,0,0,0,0,0,0
39.301466,0,0,0,1,0,0,0,0,0
39.302892,0,1,0,0,0,0,0,0,0
39.303164,0,0,0,0,0,1,0,0,0
39.304185,0,0,0,0,0,0,0,0,1
39.333447,0,0,0,0,0,0,1,0,0
39.341998,0,0,1,0,0,0,0,0,0
39.346511,1,0,0,0,1,0,0,0,0
39.350445,0,0,0,0,0,1,0,0,0
39.350707,0,0,0,1,0,0,0,0,0
39.355121,0,0,0,0,0,0,0,1,0
39.358107,0,0,0,0,0,0,0,0,1
39.376777,0,1,0,0,0,0,0,0,0
39.379297,0,0,0,0,0,0,1,0,0
39.391990,0,0,1,0,0,0,0,0,0
39.396693,1,0,0,0,0,0,0,0,0
39.397791,0,0,0,0,1,1,0,0,0
39.400301,0,0,0,1,0,0,0,0,0
39.410886,0,0,0,0,0,0,0,1,0
39.412382,0,0,0,0,0,0,0,0,1
39.421893,0,0,0,0,0,0,1,0,0
39.435068,0,1,0,0,0,0,0,0,0
39.437320,1,0,0,0,0,0,0,0,0
39.447474,0,0,1,0,0,0,0,0,0
39.448472,0,0,0,0,1,0,0,0,0
39.449384,0,0,0,1,0,0,0,0,0
39.450359,0,0,0,0,0,1,0,0,0
39.453667,0,0,0,0,0,0,1,0,0
39.454870,0,0,0,0,0,0,0,1,0
39.456552,0,0,0,0,0,0,0,0,1
39.470517,1,0,0,0,0,0,0,0,0
39.472390,0,0,0,0,1,0,0,0,0
39.483292,0,1,0,0,0,0,0,0,0
39.490675,0,0,0,0,0,0,0,1,0
39.495113,0,0,1,0,0,0,0,0,0
39.498384,0,0,0,1,0,0,0,0,0
39.498757,0,0,0,0,0,1,0,0,0
39.503864,0,0,0,0,0,0,1,0,0
39.515596,0,1,0,0,0,0,0,0,0
39.515753,1,0,0,0,0,0,0,0,0
39.522628,0,0,0,0,0,0,0,0,1
39.549617,0,0,0,0,1,1,0,0,0
39.550611,0,0,0,1,0,0,0,0,0
39.555144,0,0,0,0,0,0,0,0,1
39.556294,0,0,0,0,0,0,1,0,0
39.556313,0,0,0,0,0,0,0,1,0
39.559853,0,0,1,0,0,0,0,0,0
39.568526,1,0,0,0,1,0,0,0,0
39.571742,0,0,0,0,0,0,0,1,0
39.579595,0,1,0,0,0,0,0,0,0
39.591205,0,0,1,0,0,0,0,0,0
39.596613,0,0,0,0,0,1,0,0,0
39.596892,0,1,0,0,0,0,0,0,0
39.599749,0,0,0,1,0,0,0,0,0
39.602497,0,0,0,0,0,0,0,0,1
39.606254,0,0,0,0,0,0,1,0,0
39.619010,1,0,0,0,1,0,0,0,0
39.622984,0,0,0,0,0,0,0,1,0
39.638815,0,0,1,0,0,0,0,0,0
39.645360,0,1,0,0,0,0,0,0,0
39.648420,0,0,0,1,0,0,0,0,0
39.649768,0,0,0,0,0,1,0,0,0
39.651359,0,0,0,0,0,0,0,0,1
39.670139,0,0,0,0,0,0,1,0,0
39.680296,1,0,0,0,1,0,0,0,0
39.686324,0,0,1,0,0,0,0,0,0
39.692946,0,0,0,0,0,0,0,1,0
39.698748,0,0,0,0,0,1,0,0,0
39.700806,0,0,0,1,0,0,0,0,0
39.706024,0,0,0,0,0,0,0,0,1
39.713930,0,1,0,0,0,0,0,0,0
39.718802,0,0,0,0,0,0,1,0,0
39.735000,1,0,0,0,1,0,0,0,0
39.739267,0,0,1,0,0,0,0,0,0
39.749090,0,0,0,1,0,0,0,0,0
39.751578,0,0,0,0,0,0,0,1,0
39.752166,0,0,0,0,0,1,0,0,0
39.753312,0,0,0,0,0,0,1,0,0
39.770674,1,0,0,0,1,0,0,0,0
39.771324,0,0,0,0,0,0,0,0,1
39.773778,0,0,0,0,0,0,0,1,0
39.774076,0,1,0,0,0,0,0,0,0
39.798664,0,1,0,0,0,0,0,0,0
39.800286,0,0,0,0,0,1,0,0,0
39.800574,0,0,0,1,0,0,0,0,0
39.807739,0,0,0,0,0,0,0,0,1
39.808937,0,0,1,0,0,0,0,0,0
39.812940,0,0,0,0,0,0,1,0,0
39.828000,1,0,0,0,1,0,0,0,0
39.837197,0,0,0,0,0,0,0,1,0
39.845351,0,0,1,0,0,0,0,0,0
39.847785,0,0,0,0,0,1,0,0,0
39.848786,0,0,0,1,0,0,0,0,0
39.849404,0,0,0,0,0,0,1,0,0
39.850438,0,0,0,0,0,0,0,0,1
39.861197,1,0,0,0,1,0,0,0,0
39.862328,0,1,0,0,0,0,0,0,0
39.875430,0,0,0,0,0,0,0,1,0
39.884572,0,0,1,0,0,0,0,0,0
39.897252,0,0,0,0,0,1,0,0,0
39.899592,0,0,0,1,0,0,0,0,0
39.900338,0,1,0,0,0,0,0,0,0
39.903193,0,0,0,0,0,0,0,0,1
39.905617,0,0,0,0,0,0,1,0,0
39.919384,1,0,0,0,1,0,0,0,0
39.922188,0,0,0,0,0,0,0,1,0
39.938329,0,0,1,0,0,0,0,0,0
39.944873,0,1,0,0,0,0,0,0,0
39.949186,0,0,0,0,0,1,0,0,0
39.950605,0,0,0,1,0,0,0,0,0
39.950943,0,0,0,0,0,0,1,0,0
39.951136,0,0,0,0,0,0,0,0,1
39.966430,1,0,0,0,1,0,0,0,0
39.984190,0,0,1,0,0,0,0,0,0
39.994412,0,0,0,0,0,0,0,1,0
39.999846,0,0,0,1,0,0,0,0,0
40.000622,0,0,0,0,0,0,1,0,0
40.002635,0,0,0,0,0,1,0,0,0
40.008582,0,0,0,0,0,0,0,0,1
40.014654,1,0,0,0,0,0,0,0,0
40.018465,0,1,0,0,1,0,0,0,0
40.030578,0,0,0,0,0,0,0,1,0
40.047088,0,0,0,0,0,1,0,0,0
40.048007,0,0,1,0,0,0,0,0,0
40.050398,0,0,0,1,0,0,0,0,0
40.051556,0,0,0,0,0,0,1,0,0
40.054671,0,1,0,0,0,0,0,0,0
40.065084,1,0,0,0,0,0,0,0,0
40.090640,0,0,0,0,0,0,0,0,1
40.100214,0,0,0,0,0,1,0,0,0
40.101119,0,0,0,1,1,0,0,0,0
40.105156,0,0,0,0,0,0,0,0,1
40.112424,0,0,0,0,0,0,1,0,0
40.113506,0,0,0,0,0,0,0,1,0
40.125612,1,0,0,0,1,0,0,0,0
40.126733,0,0,1,0,0,0,0,0,0
40.132226,0,0,0,0,0,0,0,1,0
40.133658,0,1,0,0,0,0,0,0,0
40.138853,0,0,1,0,0,0,0,0,0
40.148662,0,0,0,1,0,0,0,0,0
40.150058,0,0,0,0,0,1,0,0,0
40.152340,0,1,0,0,0,0,0,0,0
40.157486,0,0,0,0,0,0,1,0,0
40.167115,0,0,0,0,0,0,0,0,1
40.175190,1,0,0,0,1,0,0,0,0
40.176904,0,0,0,0,0,0,0,1,0
40.198412,0,1,0,0,0,0,0,0,0
40.199075,0,0,0,0,0,1,0,0,0
40.200329,0,0,0,1,0,0,0,0,0
40.200898,0,0,1,0,0,0,0,0,0
40.212688,0,0,0,0,0,0,0,0,1
40.214764,0,0,0,0,0,0,1,0,0
40.227720,1,0,0,0,1,0,0,0,0
40.241720,0,0,0,0,0,0,0,1,0
40.250024,0,0,1,0,0,0,0,0,0
40.251741,0,0,0,1,0,0,0,0,0
40.253810,0,0,0,0,0,1,0,0,0
40.256588,0,0,0,0,0,0,0,0,1
40.266137,0,1,0,0,0,0,0,0,0
40.277370,0,0,0,0,0,0,1,0,0
40.292213,1,0,0,0,0,0,0,0,0
40.293291,0,0,1,0,0,0,0,0,0
40.295847,0,0,0,0,1,0,0,0,0
40.300621,0,0,0,0,0,1,0,0,0
40.301406,0,0,0,1,0,0,0,0,0
40.304100,0,0,0,0,0,0,0,1,0
40.326369,0,0,0,0,0,0,0,0,1
40.327045,0,0,0,0,0,0,1,0,0
40.328226,0,1,0,0,0,0,0,0,0
40.341193,1,0,0,0,1,0,0,0,0
40.343294,0,0,0,0,0,0,0,1,0
40.350015,0,0,0,1,0,0,0,0,0
40.352434,0,0,0,0,0,0,1,0,0
40.352493,0,0,0,0,0,1,0,0,0
40.356990,0,0,0,0,0,0,0,0,1
40.366146,0,0,1,0,0,0,0,0,0
40.366415,0,1,0,0,0,0,0,0,0
40.371343,1,0,0,0,1,0,0,0,0
40.392794,0,0,1,0,0,0,0,0,0
40.399053,0,0,0,0,0,0,0,1,0
40.399479,0,0,0,1,0,0,0,0,0
40.403423,0,0,0,0,0,1,0,0,0
40.409107,0,0,0,0,0,0,1,0,0
40.409732,0,0,0,0,0,0,0,0,1
40.422774,1,0,0,0,0,0,0,0,0
40.425586,0,1,0,0,1,0,0,0,0
40.432966,0,0,0,0,0,0,0,1,0
40.445844,0,0,1,0,0,0,0,0,0
40.451288,0,0,0,1,0,0,0,0,0
40.451599,0,0,0,0,0,1,0,0,0
40.454134,0,0,0,0,0,0,0,0,1
40.456166,0,1,0,0,0,0,0,0,0
40.472556,0,0,0,0,0,0,1,0,0
40.485544,1,0,0,0,0,0,0,0,0
40.487001,0,0,0,0,1,0,0,0,0
40.489271,0,0,1,0,0,0,0,0,0
40.490317,0,0,0,0,0,0,0,1,0
40.499317,0,0,0,1,0,0,0,0,0
40.501781,0,0,0,0,0,1,0,0,0
40.509868,0,0,0,0,0,0,0,0,1
40.514219,0,0,0,0,0,0,1,0,0
40.514922,0,1,0,0,0,0,0,0,0
40.527598,1,0,0,0,0,0,0,0,0
40.545187,0,0,1,0,1,0,0,0,0
40.550290,0,0,0,0,0,0,0,1,0
40.550799,0,0,0,1,0,0,0,0,0
40.553015,0,0,0,0,0,1,0,0,0
40.555697,0,0,0,0,0,0,0,0,1
40.574461,0,1,0,0,0,0,0,0,0
40.576405,0,0,0,0,0,0,1,0,0
40.590082,0,0,1,0,0,0,0,0,0
40.594755,1,0,0,0,1,0,0,0,0
40.598396,0,0,0,0,0,1,0,0,0
40.600524,0,0,0,1,0,0,0,0,0
40.602745,0,0,0,0,0,0,1,0,0
40.603099,0,0,0,0,0,0,0,0,1
40.605089,0,0,0,0,0,0,0,1,0
40.620052,1,0,0,0,1,0,0,0,0
40.627852,0,1,0,0,0,0,0,0,0
40.637709,0,0,1,0,0,0,0,0,0
40.646096,0,0,0,0,0,0,0,1,0
40.648686,0,0,0,1,0,0,0,0,0
40.649546,0,0,0,0,0,1,0,0,0
40.656709,0,0,0,0,0,0,0,0,1
40.666557,0,0,0,0,0,0,1,0,0
40.666939,0,1,0,0,0,0,0,0,0
40.685417,1,0,0,0,1,0,0,0,0
40.695179,0,0,1,0,0,0,0,0,0
40.699345,0,0,0,0,0,1,0,0,0
40.700640,0,0,0,0,0,0,0,1,0
40.701204,0,0,0,1,0,0,0,0,0
40.712383,0,0,0,0,0,0,0,0,1
40.722092,0,1,0,0,0,0,0,0,0
40.738598,0,0,0,0,0,0,1,0,0
40.750516,0,0,1,0,0,0,0,0,0
40.750673,0,0,0,1,0,0,0,0,0
40.751648,0,0,0,0,0,1,0,0,0
40.751745,0,0,0,0,0,0,1,0,0
40.751942,0,0,0,0,0,0,0,0,1
40.752981,1,0,0,0,1,0,0,0,0
40.753695,0,0,0,0,0,0,0,1,0
40.769957,1,0,0,0,0,0,0,0,0
40.771214,0,0,0,0,1,0,0,0,0
40.771456,0,0,0,0,0,0,0,1,0
40.779881,0,1,0,0,0,0,0,0,0
40.785584,0,0,1,0,0,0,0,0,0
40.799928,0,0,0,0,0,1,0,0,0
40.800125,0,1,0,0,0,0,0,0,0
40.801023,0,0,0,1,0,0,0,0,0
40.804627,0,0,0,0,0,0,0,0,1
40.815603,0,0,0,0,0,0,1,0,0
40.832097,1,0,0,0,0,0,0,0,0
40.840356,0,0,1,0,1,0,0,0,0
40.849455,0,0,0,0,0,0,0,1,0
40.850691,0,0,0,0,0,1,0,0,0
40.850801,0,0,0,1,0,0,0,0,0
40.853609,0,0,0,0,0,0,1,0,0
40.862087,0,0,0,0,0,0,0,0,1
40.865887,1,0,0,0,0,0,0,0,0
40.868629,0,0,0,0,1,0,0,0,0
40.874219,0,1,0,0,0,0,0,0,0
40.875924,0,0,0,0,0,0,0,1,0
40.896619,0,0,1,0,0,0,0,0,0
40.899640,0,0,0,0,0,1,0,0,0
40.899804,0,0,0,0,0,0,0,0,1
40.901146,0,0,0,1,0,0,0,0,0
40.901980,0,0,0,0,0,0,1,0,0
40.902485,0,1,0,0,0,0,0,0,0
40.914501,1,0,0,0,0,0,0,0,0
40.923376,0,0,0,0,1,0,0,0,0
40.935114,0,0,1,0,0,0,0,0,0
40.949806,0,0,0,1,0,0,0,0,0
40.953085,0,0,0,0,0,1,0,0,0
40.956728,0,0,0,0,0,0,1,0,0
40.957082,0,0,0,0,0,0,0,0,1
40.961304,0,0,0,0,0,0,0,1,0
40.973868,1,0,0,0,1,0,0,0,0
40.985812,0,1,0,0,0,0,0,0,0
40.988198,0,0,1,0,0,0,0,0,0
40.997502,0,0,0,0,0,1,0,0,0
40.998746,0,0,0,1,0,0,0,0,0
41.008527,0,0,0,0,0,0,0,0,1
41.009422,0,0,0,0,0,0,0,1,0
41.015806,0,0,0,0,0,0,1,0,0
41.028978,1,0,0,0,0,0,0,0,0
41.037107,0,1,0,0,1,0,0,0,0
41.044777,0,0,1,0,0,0,0,0,0
41.049956,0,0,0,1,0,0,0,0,0
41.050575,0,0,0,0,0,0,1,0,0
41.051512,0,0,0,0,0,1,0,0,0
41.062177,0,0,0,0,0,0,0,1,0
41.067192,1,0,0,0,0,0,0,0,0
41.071073,0,0,0,0,1,0,0,0,0
41.079410,0,0,0,0,0,0,0,0,1
41.090982,0,1,0,0,0,0,0,0,0
41.099669,0,0,0,1,0,0,0,0,0
41.100652,0,0,0,0,0,1,0,0,0
41.101443,0,0,0,0,0,0,0,1,0
41.112735,0,0,0,0,0,0,0,0,1
41.113428,0,0,1,0,0,0,0,0,0
41.120317,0,0,0,0,0,0,1,0,0
41.123545,0,1,0,0,0,0,0,0,0
41.133693,1,0,0,0,0,0,0,0,0
41.139384,0,0,0,0,1,0,0,0,0
41.148979,0,0,1,0,0,0,0,0,0
41.149135,0,0,0,0,0,0,0,1,0
41.150775,0,0,0,0,0,1,0,0,0
41.151103,0,0,0,1,0,0,0,0,0
41.158798,0,0,0,0,0,0,0,0,1
41.170486,0,0,0,0,0,0,1,0,0
41.175274,0,1,0,0,0,0,0,0,0
41.185726,1,0,0,0,0,0,0,0,0
41.190906,0,0,0,0,1,0,0,0,0
41.193272,0,0,0,0,0,0,0,1,0
41.195008,0,0,1,0,0,0,0,0,0
41.199136,0,0,0,1,0,0,0,0,0
41.203877,0,0,0,0,0,1,0,0,0
41.216043,0,1,0,0,0,0,0,0,0
41.224318,0,0,0,0,0,0,1,0,0
41.227215,0,0,0,0,0,0,0,0,1
41.237976,1,0,0,0,1,0,0,0,0
41.248942,0,0,0,0,0,1,0,0,0
41.250711,0,0,0,1,0,0,0,0,0
41.254030,0,0,0,0,0,0,1,0,0
41.262163,0,0,1,0,0,0,0,0,0
41.265396,1,0,0,0,1,0,0,0,0
41.268590,0,0,0,0,0,0,0,0,1
41.268958,0,0,0,0,0,0,0,1,0
41.274101,0,0,0,0,0,0,0,1,0
41.295836,0,1,0,0,0,0,0,0,0
41.297040,0,1,0,0,0,0,0,0,0
41.297889,0,0,0,0,0,1,0,0,0
41.300496,0,0,0,1,0,0,0,0,0
41.302060,0,0,0,0,0,0,1,0,0
41.302769,0,0,1,0,0,0,0,0,0
41.312386,0,0,0,0,0,0,0,0,1
41.314214,1,0,0,0,1,0,0,0,0
41.322395,0,0,0,0,0,0,0,1,0
41.343838,0,1,0,0,0,0,0,0,0
41.346563,0,0,0,0,0,1,0,0,0
41.350346,0,0,1,0,0,0,0,0,0
41.351869,0,0,0,1,0,0,0,0,0
41.363417,0,0,0,0,0,0,1,0,0
41.371686,0,0,0,0,0,0,0,0,1
41.380490,1,0,0,0,0,0,0,0,0
41.400821,0,0,0,1,0,0,0,0,0
41.400903,0,0,0,0,1,1,0,0,0
41.404343,0,0,0,0,0,0,0,1,0
41.408150,0,0,1,0,0,0,0,0,0
41.413142,0,0,0,0,0,0,1,0,0
41.414846,0,0,0,0,0,0,0,0,1
41.427499,0,1,0,0,0,0,0,0,0
41.430702,1,0,0,0,1,0,0,0,0
41.437303,0,0,0,0,0,0,0,1,0
41.446293,0,0,1,0,0,0,0,0,0
41.450911,0,0,0,0,0,1,0,0,0
41.451075,0,0,0,0,0,0,0,0,1
41.451919,0,0,0,1,0,0,0,0,0
41.458877,0,1,0,0,0,0,0,0,0
41.466359,0,0,0,0,0,0,1,0,0
41.482525,1,0,0,0,0,0,0,0,0
41.488919,0,0,1,0,0,0,0,0,0
41.500188,0,0,0,1,1,0,0,0,0
41.501138,0,0,0,0,0,1,0,0,0
41.501845,0,0,0,0,0,0,0,1,0
41.509584,0,0,0,0,0,0,1,0,0
41.512894,0,0,0,0,0,0,0,0,1
41.525180,1,0,0,0,1,0,0,0,0
41.526088,0,0,0,0,0,0,0,1,0
41.527759,0,1,0,0,0,0,0,0,0
41.547414,0,0,0,0,0,1,0,0,0
41.549491,0,0,0,1,0,0,0,0,0
41.550135,0,0,1,0,0,0,0,0,0
41.550346,0,1,0,0,0,0,0,0,0
41.550391,0,0,0,0,0,0,1,0,0
41.552590,0,0,0,0,0,0,0,0,1
41.565971,1,0,0,0,1,0,0,0,0
41.569977,0,0,0,0,0,0,0,1,0
41.587637,0,0,1,0,0,0,0,0,0
41.597026,0,1,0,0,0,0,0,0,0
41.599831,0,0,0,0,0,1,0,0,0
41.601309,0,0,0,1,0,0,0,0,0
41.610056,0,0,0,0,0,0,1,0,0
41.618181,0,0,0,0,0,0,0,0,1
41.621514,1,0,0,0,0,0,0,0,0
41.649748,0,0,0,1,0,0,0,0,0
41.649872,0,0,0,0,0,1,0,0,0
41.651683,0,0,0,0,1,0,0,0,1
41.652143,0,0,1,0,0,0,0,0,0
41.652262,0,0,0,0,0,0,1,0,0
41.668861,1,0,0,0,0,0,0,0,0
41.687959,0,0,1,0,1,0,0,0,0
41.689820,0,0,0,0,0,0,0,1,0
41.695386,0,0,0,0,0,0,0,1,0
41.700868,0,0,0,0,0,1,0,0,0
41.701190,0,0,0,1,0,0,0,0,0
41.702714,0,0,0,0,0,0,1,0,0
41.709882,0,1,0,0,0,0,0,0,0
41.715504,0,0,0,0,0,0,0,0,1
41.715986,1,0,0,0,1,0,0,0,0
41.717852,0,0,0,0,0,0,0,1,0
41.718502,0,1,0,0,0,0,0,0,0
41.740277,0,1,0,0,0,0,0,0,0
41.748826,0,0,0,0,0,1,0,0,0
41.749376,0,0,0,0,0,0,0,0,1
41.749487,0,0,0,1,0,0,0,0,0
41.751255,0,0,1,0,0,0,0,0,0
41.755775,0,0,0,0,0,0,1,0,0
41.768141,1,0,0,0,0,0,0,0,0
41.774206,0,0,0,0,1,0,0,0,0
41.788321,0,0,1,0,0,0,0,0,0
41.791907,0,0,0,0,0,0,0,1,0
41.798227,0,0,0,0,0,1,0,0,0
41.801699,0,0,0,1,0,0,0,0,0
41.812805,0,1,0,0,0,0,0,0,0
41.815962,0,0,0,0,0,0,1,0,0
41.830761,0,0,0,0,0,0,0,0,1
41.835261,1,0,0,0,0,0,0,0,0
41.849266,0,0,0,1,0,0,0,0,0
41.849478,0,0,0,0,1,0,0,0,0
41.849690,0,0,0,0,0,1,0,0,0
41.850149,0,0,0,0,0,0,0,0,1
41.850765,0,0,0,0,0,0,1,0,0
41.863629,1,0,0,0,1,0,0,0,0
41.865507,0,0,1,0,0,0,0,0,0
41.870594,0,0,0,0,0,0,0,1,0
41.883710,0,0,0,0,0,0,0,1,0
41.888615,0,0,1,0,0,0,0,0,0
41.896475,0,1,0,0,0,0,0,0,0
41.900254,0,0,0,1,0,0,0,0,0
41.903035,0,0,0,0,0,1,0,0,0
41.903174,0,0,0,0,0,0,1,0,0
41.904419,0,0,0,0,0,0,0,0,1
41.912640,0,1,0,0,0,0,0,0,0
41.915403,1,0,0,0,0,0,0,0,0
41.942857,0,0,1,0,1,0,0,0,0
41.948740,0,0,0,1,0,0,0,0,0
41.949850,0,0,0,0,0,0,0,1,0
41.951296,0,0,0,0,0,1,0,0,0
41.952538,0,0,0,0,0,0,0,0,1
41.966844,0,0,0,0,0,0,1,0,0
41.978902,0,1,0,0,0,0,0,0,0
41.980260,1,0,0,0,0,0,0,0,0
41.992058,0,0,1,0,1,0,0,0,0
41.993094,0,0,0,0,0,0,0,1,0
41.998525,0,0,0,1,0,0,0,0,0
41.999134,0,0,0,0,0,1,0,0,0
41.999280,0,0,0,0,0,0,1,0,0
42.015169,0,0,0,0,0,0,0,0,1
42.017259,1,0,0,0,1,0,0,0,0
42.019411,0,1,0,0,0,0,0,0,0
42.023286,0,0,0,0,0,0,0,1,0
42.047673,0,1,0,0,0,0,0,0,0
42.049885,0,0,0,0,0,1,0,0,0
42.050559,0,0,0,1,0,0,0,0,0
42.050783,0,0,0,0,0,0,1,0,0
42.054336,0,0,0,0,0,0,0,0,1
42.054791,0,0,1,0,0,0,0,0,0
42.060918,1,0,0,0,1,0,0,0,0
42.077758,0,0,0,0,0,0,0,1,0
42.092716,0,0,1,0,0,0,0,0,0
42.097308,0,0,0,0,0,1,0,0,0
42.098969,0,0,0,1,0,0,0,0,0
42.100286,0,0,0,0,0,0,0,0,1
42.103408,0,1,0,0,0,0,0,0,0
42.108984,0,0,0,0,0,0,1,0,0
42.128095,1,0,0,0,1,0,0,0,0
42.136641,0,0,1,0,0,0,0,0,0
42.140192,0,0,0,0,0,0,0,1,0
42.150390,0,0,0,1,0,0,0,0,0
42.151549,0,0,0,0,0,1,0,0,0
42.154710,0,0,0,0,0,0,1,0,0
42.160726,0,0,0,0,0,0,0,0,1
42.161157,0,1,0,0,0,0,0,0,0
42.171603,1,0,0,0,1,0,0,0,0
42.193660,0,0,1,0,0,0,0,0,0
42.201826,0,0,0,0,0,1,0,0,0
42.201900,0,0,0,1,0,0,0,0,0
42.203533,0,0,0,0,0,0,1,0,0
42.204429,0,0,0,0,0,0,0,0,1
42.206972,0,0,0,0,0,0,0,1,0
42.215180,1,0,0,0,0,0,0,0,0
42.225240,0,0,0,0,1,0,0,0,0
42.225563,0,0,0,0,0,0,0,1,0
42.230240,0,1,0,0,0,0,0,0,0
42.242798,0,0,1,0,0,0,0,0,0
42.247110,0,1,0,0,0,0,0,0,0
42.250082,0,0,0,1,0,0,0,0,0
42.252097,0,0,0,0,0,1,0,0,0
42.260830,0,0,0,0,0,0,1,0,0
42.278486,1,0,0,0,1,0,0,0,0
42.279195,0,0,0,0,0,0,0,0,1
42.282012,0,0,0,0,0,0,0,1,0
42.299264,0,0,0,0,0,1,0,0,0
42.300303,0,0,0,1,0,0,0,0,0
42.301682,0,0,0,0,0,0,0,0,1
42.304374,0,1,0,0,0,0,0,0,0
42.308358,0,0,0,0,0,0,1,0,0
42.318219,0,0,1,0,0,0,0,0,0
42.323299,1,0,0,0,0,0,0,0,0
42.335601,0,0,1,0,1,0,0,0,0
42.338461,0,0,0,0,0,0,0,1,0
42.349847,0,0,0,0,0,1,0,0,0
42.350250,0,0,0,1,0,0,0,0,0
42.360152,0,0,0,0,0,0,0,0,1
42.360796,0,1,0,0,0,0,0,0,0
42.391750,0,0,0,0,0,0,1,0,0
42.398199,0,0,0,0,0,1,0,0,0
42.398990,0,0,1,0,0,0,0,0,0
42.401401,0,0,0,1,0,0,0,0,0
42.405137,0,0,0,0,0,0,0,0,1
42.406455,1,0,0,0,1,0,0,0,0
42.407632,0,0,0,0,0,0,1,0,0
42.408713,0,0,0,0,0,0,0,1,0
42.425083,1,0,0,0,1,0,0,0,0
42.430600,0,1,0,0,0,0,0,0,0
42.436895,0,0,1,0,0,0,0,0,0
42.448536,0,0,0,0,0,1,0,0,0
42.449041,0,0,0,1,0,0,0,0,0
42.453220,0,0,0,0,0,0,0,1,0
42.459155,0,0,0,0,0,0,1,0,0
42.467946,0,0,0,0,0,0,0,0,1
42.472842,1,0,0,0,0,0,0,0,0
42.474763,0,0,0,0,1,0,0,0,0
42.477383,0,1,0,0,0,0,0,0,0
42.498475,0,0,0,0,0,1,0,0,0
42.499408,0,0,0,1,0,0,0,0,0
42.501926,0,0,0,0,0,0,1,0,0
42.502644,0,0,0,0,0,0,0,1,0
42.503549,0,0,1,0,0,0,0,0,0
42.506808,0,0,0,0,0,0,0,0,1
42.512462,1,0,0,0,1,0,0,0,0
42.514796,0,0,0,0,0,0,0,1,0
42.528958,0,1,0,0,0,0,0,0,0
42.537769,0,0,1,0,0,0,0,0,0
42.543165,0,1,0,0,0,0,0,0,0
42.549479,0,0,0,1,0,0,0,0,0
42.551002,0,0,0,0,0,1,0,0,0
42.555213,0,0,0,0,0,0,0,0,1
42.560612,0,0,0,0,0,0,1,0,0
42.574759,1,0,0,0,0,0,0,0,0
42.588775,0,0,1,0,1,0,0,0,0
42.597659,0,0,0,0,0,0,0,1,0
42.601436,0,0,0,1,0,0,0,0,0
42.603196,0,0,0,0,0,0,1,0,0
42.603684,0,0,0,0,0,1,0,0,0
42.615744,1,0,0,0,0,0,0,0,0
42.615937,0,0,0,0,1,0,0,0,0
42.616804,0,0,0,0,0,0,0,0,1
42.623583,0,1,0,0,0,0,0,0,0
42.630141,0,0,0,0,0,0,0,1,0
42.650042,0,0,1,0,0,0,0,0,0
42.650297,0,0,0,1,0,0,0,0,0
42.650909,0,1,0,0,0,0,0,0,0
42.651744,0,0,0,0,0,0,1,0,0
42.653342,0,0,0,0,0,1,0,0,0
42.661454,0,0,0,0,0,0,0,0,1
42.664976,1,0,0,0,0,0,0,0,0
42.690265,0,0,0,0,1,0,0,0,0
42.691327,0,0,0,0,0,0,0,1,0
42.698034,0,0,0,1,0,0,0,0,0
42.698353,0,0,0,0,0,1,0,0,0
42.701159,0,0,1,0,0,0,0,0,0
42.710380,0,0,0,0,0,0,0,0,1
42.716261,0,1,0,0,0,0,0,0,0
42.719693,0,0,0,0,0,0,1,0,0
42.730889,1,0,0,0,1,0,0,0,0
42.731407,0,0,0,0,0,0,0,1,0
42.745793,0,0,1,0,0,0,0,0,0
42.748573,0,0,0,0,0,1,0,0,0
42.749534,0,0,0,1,0,0,0,0,0
42.749804,0,0,0,0,0,0,1,0,0
42.753865,0,1,0,0,0,0,0,0,0
42.761323,1,0,0,0,1,0,0,0,0
42.764668,0,0,0,0,0,0,0,1,0
42.775272,0,0,0,0,0,0,0,0,1
42.785738,0,1,0,0,0,0,0,0,0
42.799153,0,0,0,1,0,0,0,0,0
42.799435,0,0,0,0,0,1,0,0,0
42.810384,0,0,0,0,0,0,1,0,0
42.810661,0,0,1,0,0,0,0,0,0
42.826790,1,0,0,0,1,0,0,0,0
42.835137,0,0,0,0,0,0,0,0,1
42.839505,0,0,0,0,0,0,0,1,0
42.847105,0,0,0,0,0,1,0,0,0
42.848145,0,0,0,1,0,0,0,0,0
42.862268,0,0,0,0,0,0,0,0,1
42.866256,0,1,0,0,0,0,0,0,0
42.866843,0,0,1,0,0,0,0,0,0
42.866935,0,0,0,0,0,0,1,0,0
42.877631,1,0,0,0,0,0,0,0,0
42.878751,0,0,0,0,1,0,0,0,0
42.879674,0,0,0,0,0,0,0,1,0
42.897111,0,0,1,0,0,0,0,0,0
42.898374,0,0,0,0,0,1,0,0,0
42.899969,0,0,0,1,0,0,0,0,0
42.900752,0,1,0,0,0,0,0,0,0
42.904209,0,0,0,0,0,0,0,0,1
42.908813,0,0,0,0,0,0,1,0,0
42.926636,1,0,0,0,0,0,0,0,0
42.940216,0,0,0,0,1,0,0,0,0
42.943028,0,0,1,0,0,0,0,0,0
42.947227,0,0,0,0,0,1,0,0,0
42.951326,0,0,0,1,0,0,0,0,0
42.953895,0,0,0,0,0,0,1,0,0
42.954311,0,0,0,0,0,0,0,0,1
42.961325,0,0,0,0,0,0,0,1,0
42.964086,1,0,0,0,1,0,0,0,0
42.969671,0,0,0,0,0,0,0,1,0
42.991232,0,1,0,0,0,0,0,0,0
42.993906,0,0,1,0,0,0,0,0,0
42.998326,0,1,0,0,0,0,0,0,0
42.998784,0,0,0,1,0,0,0,0,0
43.001997,0,0,0,0,0,1,0,0,0
43.008221,0,0,0,0,0,0,1,0,0
43.009129,0,0,0,0,0,0,0,0,1
43.024406,1,0,0,0,0,0,0,0,0
43.041511,0,0,1,0,0,0,0,0,0
43.045228,0,0,0,0,1,0,0,0,0
43.050007,0,0,0,0,0,0,0,1,0
43.050174,0,0,0,1,0,0,0,0,0
43.050999,0,0,0,0,0,1,0,0,0
43.053507,0,0,0,0,0,0,1,0,0
43.060939,0,0,0,0,0,0,0,0,1
43.070881,1,0,0,0,1,0,0,0,0
43.072247,0,1,0,0,0,0,0,0,0
43.077626,0,0,0,0,0,0,0,1,0
43.098876,0,0,0,1,0,0,0,0,0
43.100629,0,0,1,0,0,0,0,0,0
43.102124,0,1,0,0,0,0,0,0,0
43.102170,0,0,0,0,0,1,0,0,0
43.107395,0,0,0,0,0,0,0,0,1
43.123662,0,0,0,0,0,0,1,0,0
43.138278,1,0,0,0,0,0,0,0,0
43.147219,0,0,1,0,1,0,0,0,0
43.148656,0,0,0,0,0,1,0,0,0
43.150267,0,0,0,1,0,0,0,0,0
43.156816,0,0,0,0,0,0,1,0,0
43.163577,0,0,0,0,0,0,0,1,0
43.169049,1,0,0,0,1,0,0,0,0
43.175495,0,0,0,0,0,0,0,0,1
43.190579,0,1,0,0,0,0,0,0,0
43.194849,0,0,0,0,0,0,0,1,0
43.199620,0,0,0,1,0,0,0,0,0
43.200140,0,0,0,0,0,1,0,0,0
43.205016,0,0,0,0,0,0,1,0,0
43.205827,0,0,0,0,0,0,0,0,1
43.213752,0,0,1,0,0,0,0,0,0
43.218957,0,1,0,0,0,0,0,0,0
43.222961,1,0,0,0,1,0,0,0,0
43.233180,0,0,0,0,0,0,0,1,0
43.239281,0,0,1,0,0,0,0,0,0
43.250495,0,0,0,1,0,0,0,0,0
43.250781,0,0,0,0,0,1,0,0,0
43.257782,0,1,0,0,0,0,0,0,0
43.257861,0,0,0,0,0,0,0,0,1
43.258611,0,0,0,0,0,0,1,0,0
43.271669,1,0,0,0,0,0,0,0,0
43.280865,0,0,0,0,1,0,0,0,0
43.282916,0,0,0,0,0,0,0,1,0
43.292757,0,0,1,0,0,0,0,0,0
43.300119,0,0,0,1,0,0,0,0,0
43.301798,0,0,0,0,0,1,0,0,0
43.309328,0,0,0,0,0,0,0,0,1
43.311872,0,1,0,0,0,0,0,0,0
43.319857,0,0,0,0,0,0,1,0,0
43.331467,1,0,0,0,0,0,0,0,0
43.346143,0,0,1,0,1,0,0,0,0
43.346715,0,0,0,0,0,1,0,0,0
43.347776,0,0,0,0,0,0,0,0,1
43.349564,0,0,0,1,0,0,0,0,0
43.352456,0,0,0,0,0,0,0,1,0
43.356878,0,0,0,0,0,0,1,0,0
43.375698,1,0,0,0,1,0,0,0,0
43.376281,0,1,0,0,0,0,0,0,0
43.383827,0,0,1,0,0,0,0,0,0
43.385443,0,0,0,0,0,0,0,1,0
43.401181,0,0,0,1,0,0,0,0,0
43.401738,0,0,0,0,0,1,0,0,0
43.406214,0,1,0,0,0,0,0,0,0
43.407181,0,0,0,0,0,0,0,0,1
43.410122,0,0,0,0,0,0,1,0,0
43.422957,1,0,0,0,0,0,0,0,0
43.445586,0,0,1,0,0,0,0,0,0
43.450823,0,0,0,1,1,0,0,0,0
43.451102,0,0,0,0,0,0,0,1,0
43.452188,0,0,0,0,0,1,0,0,0
43.455579,0,0,0,0,0,0,1,0,0
43.458860,0,0,0,0,0,0,0,0,1
43.466845,1,0,0,0,0,0,0,0,0
43.473770,0,1,0,0,0,0,0,0,0
43.496827,0,0,1,0,0,0,0,0,0
43.500245,0,0,0,1,0,0,0,0,0
43.501151,0,0,0,0,1,0,0,0,0
43.501929,0,0,0,0,0,1,0,0,0
43.503688,0,0,0,0,0,0,1,0,0
43.503940,0,0,0,0,0,0,0,1,0
43.512353,0,0,0,0,0,0,0,0,1
43.517053,1,0,0,0,1,0,0,0,0
43.529593,0,1,0,0,0,0,0,0,0
43.535370,0,0,0,0,0,0,0,1,0
43.546105,0,0,1,0,0,0,0,0,0
43.549665,0,0,0,0,0,1,0,0,0
43.550222,0,0,0,1,0,0,0,0,0
43.551369,0,0,0,0,0,0,0,0,1
43.555703,0,1,0,0,0,0,0,0,0
43.562852,0,0,0,0,0,0,1,0,0
43.577998,1,0,0,0,0,0,0,0,0
43.581107,0,0,0,0,1,0,0,0,0
43.589454,0,0,0,0,0,0,0,1,0
43.589789,0,0,1,0,0,0,0,0,0
43.600693,0,0,0,0,0,1,0,0,0
43.601012,0,0,0,1,0,0,0,0,0
43.609606,0,0,0,0,0,0,1,0,0
43.610432,0,1,0,0,0,0,0,0,0
43.619396,0,0,0,0,0,0,0,0,1
43.623215,1,0,0,0,0,0,0,0,0
43.638726,0,0,0,0,1,0,0,0,0
43.648775,0,0,0,0,0,1,0,0,0
43.649092,0,0,0,1,0,0,0,0,0
43.653274,0,0,0,0,0,0,0,0,1
43.655825,0,0,0,0,0,0,1,0,0
43.656689,0,0,0,0,0,0,0,1,0
43.657072,0,0,1,0,0,0,0,0,0
43.674046,1,0,0,0,1,0,0,0,0
43.675509,0,0,0,0,0,0,0,1,0
43.681259,0,1,0,0,0,0,0,0,0
43.690874,0,0,1,0,0,0,0,0,0
43.699147,0,0,0,1,0,0,0,0,0
43.701849,0,0,0,0,0,0,1,0,0
43.702018,0,0,0,0,0,1,0,0,0
43.702582,0,1,0,0,0,0,0,0,0
43.708462,0,0,0,0,0,0,0,0,1
43.715386,1,0,0,0,0,0,0,0,0
43.733710,0,0,0,0,1,0,0,0,0
43.737148,0,0,0,0,0,0,0,1,0
43.744081,0,0,1,0,0,0,0,0,0
43.750660,0,0,0,0,0,1,0,0,0
43.750731,0,0,0,1,0,0,0,0,0
43.753203,0,0,0,0,0,0,0,0,1
43.758068,0,1,0,0,0,0,0,0,0
43.759515,0,0,0,0,0,0,1,0,0
43.773639,1,0,0,0,0,0,0,0,0
43.789437,0,0,1,0,0,0,0,0,0
43.796706,0,0,0,0,1,1,0,0,0
43.800265,0,0,0,0,0,0,0,1,0
43.800849,0,0,0,1,0,0,0,0,0
43.810797,0,0,0,0,0,0,0,0,1
43.823052,0,1,0,0,0,0,0,0,0
43.826761,0,0,0,0,0,0,1,0,0
43.846693,1,0,0,0,1,0,0,0,0
43.849765,0,0,1,0,0,0,0,0,0
43.850201,0,0,0,1,0,0,0,0,0
43.850867,0,0,0,0,0,0,0,1,0
43.851128,0,0,0,0,0,0,1,0,0
43.852523,0,0,0,0,0,1,0,0,0
43.862857,1,0,0,0,1,0,0,0,0
43.866502,0,0,0,0,0,0,0,1,0
43.867453,0,0,0,0,0,0,0,0,1
43.879673,0,1,0,0,0,0,0,0,0
43.887340,0,1,0,0,0,0,0,0,0
43.899774,0,0,0,0,0,1,0,0,0
43.900843,0,0,0,1,0,0,0,0,0
43.901704,0,0,1,0,0,0,0,0,0
43.902694,0,0,0,0,0,0,1,0,0
43.910940,0,0,0,0,0,0,0,0,1
43.919009,1,0,0,0,1,0,0,0,0
43.920440,0,0,0,0,0,0,0,1,0
43.941290,0,1,0,0,0,0,0,0,0
43.949512,0,0,1,0,0,0,0,0,0
43.950156,0,0,0,1,0,0,0,0,0
43.951271,0,0,0,0,0,1,0,0,0
43.953821,0,0,0,0,0,0,1,0,0
43.960043,0,0,0,0,0,0,0,0,1
43.971330,1,0,0,0,0,0,0,0,0
43.974574,0,0,0,0,1,0,0,0,0
43.975781,0,0,0,0,0,0,0,1,0
43.994272,0,0,1,0,0,0,0,0,0
43.996121,0,0,0,0,0,1,0,0,0
43.999681,0,0,0,1,0,0,0,0,0
44.000663,0,1,0,0,0,0,0,0,0
44.006073,0,0,0,0,0,0,1,0,0
44.017448,0,0,0,0,0,0,0,0,1
44.020046,1,0,0,0,0,0,0,0,0
44.036371,0,0,0,0,1,0,0,0,0
44.045350,0,0,0,0,0,0,0,1,0
44.048177,0,0,0,1,0,0,0,0,0
44.049699,0,0,0,0,0,1,0,0,0
44.053788,0,0,1,0,0,0,0,0,0
44.059317,0,0,0,0,0,0,0,0,1
44.071077,0,1,0,0,0,0,0,0,0
44.085545,0,0,0,0,0,0,1,0,0
44.091214,0,0,1,0,0,0,0,0,0
44.095939,1,0,0,0,0,0,0,0,0
44.099483,0,0,0,0,0,1,0,0,0
44.099793,0,0,0,1,1,0,0,0,0
44.102328,0,0,0,0,0,0,0,0,1
44.107863,0,0,0,0,0,0,1,0,0
44.108234,0,0,0,0,0,0,0,1,0
44.124306,1,0,0,0,1,0,0,0,0
44.130147,0,1,0,0,0,0,0,0,0
44.134138,0,0,0,0,0,0,0,1,0
44.136850,0,0,1,0,0,0,0,0,0
44.148691,0,0,0,0,0,1,0,0,0
44.149239,0,0,0,1,0,0,0,0,0
44.150405,0,0,0,0,0,0,0,0,1
44.151209,0,0,0,0,0,0,1,0,0
44.160988,0,1,0,0,0,0,0,0,0
44.166268,1,0,0,0,1,0,0,0,0
44.169015,0,0,0,0,0,0,0,1,0
44.184343,0,0,1,0,0,0,0,0,0
44.190038,0,1,0,0,0,0,0,0,0
44.199698,0,0,0,1,0,0,0,0,0
44.200580,0,0,0,0,0,1,0,0,0
44.201594,0,0,0,0,0,0,1,0,0
44.205501,0,0,0,0,0,0,0,0,1
44.215143,1,0,0,0,0,0,0,0,0
44.220978,0,0,0,0,1,0,0,0,0
44.244224,0,0,1,0,0,0,0,0,0
44.247925,0,0,0,0,0,1,0,0,0
44.250848,0,0,0,1,0,0,0,0,0
44.251026,0,0,0,0,0,0,0,1,0
44.262603,0,0,0,0,0,0,1,0,0
44.264767,0,0,0,0,0,0,0,0,1
44.273468,0,1,0,0,0,0,0,0,0
44.280780,1,0,0,0,1,0,0,0,0
44.290158,0,0,0,0,0,0,0,1,0
44.298275,0,0,0,0,0,1,0,0,0
44.299955,0,0,0,1,0,0,0,0,0
44.301723,0,0,1,0,0,0,0,0,0
44.302421,0,0,0,0,0,0,0,0,1
44.313387,0,0,0,0,0,0,1,0,0
44.313444,0,1,0,0,0,0,0,0,0
44.327786,1,0,0,0,1,0,0,0,0
44.341809,0,0,1,0,0,0,0,0,0
44.348082,0,0,0,0,0,0,0,1,0
44.351016,0,0,0,1,0,0,0,0,0
44.351163,0,0,0,0,0,1,0,0,0
44.359475,0,0,0,0,0,0,1,0,0
44.368225,0,0,0,0,0,0,0,0,1
44.370286,1,0,0,0,1,0,0,0,0
44.374343,0,1,0,0,0,0,0,0,0
44.376776,0,0,0,0,0,0,0,1,0
44.400082,0,0,0,0,0,1,0,0,0
44.400334,0,0,1,0,0,0,0,0,0
44.400491,0,0,0,1,0,0,0,0,0
44.400994,0,0,0,0,0,0,1,0,0
44.403432,0,0,0,0,0,0,0,0,1
44.406193,0,1,0,0,0,0,0,0,0
44.416235,1,0,0,0,0,0,0,0,0
44.439479,0,0,1,0,0,0,0,0,0
44.446534,0,0,0,0,0,1,0,0,0
44.451064,0,0,0,1,1,0,0,0,0
44.454305,0,0,0,0,0,0,0,0,1
44.462369,0,0,0,0,0,0,1,0,0
44.465029,0,0,0,0,0,0,0,1,0
44.479676,1,0,0,0,0,0,0,0,0
44.485178,0,0,1,0,1,0,0,0,0
44.488387,0,1,0,0,0,0,0,0,0
44.497948,0,0,0,0,0,0,0,1,0
44.498399,0,0,0,0,0,1,0,0,0
44.499638,0,0,0,1,0,0,0,0,0
44.502408,0,0,0,0,0,0,1,0,0
44.502739,0,0,0,0,0,0,0,0,1
44.515784,1,0,0,0,0,0,0,0,0
44.526172,0,1,0,0,1,0,0,0,0
44.538723,0,0,1,0,0,0,0,0,0
44.547317,0,0,0,0,0,0,0,1,0
44.550900,0,0,0,0,0,1,0,0,0
44.551220,0,0,0,1,0,0,0,0,0
44.559311,0,0,0,0,0,0,0,0,1
44.564024,0,0,0,0,0,0,1,0,0
44.575788,0,1,0,0,0,0,0,0,0
44.577582,1,0,0,0,0,0,0,0,0
44.596296,0,0,1,0,1,0,0,0,0
44.597611,0,0,0,0,0,1,0,0,0
44.597738,0,0,0,0,0,0,0,1,0
44.598112,0,0,0,0,0,0,0,0,1
44.601884,0,0,0,1,0,0,0,0,0
44.619997,0,0,0,0,0,0,1,0,0
44.620987,0,1,0,0,0,0,0,0,0
44.633589,1,0,0,0,0,0,0,0,0
44.635381,0,0,1,0,1,0,0,0,0
44.648343,0,0,0,0,0,1,0,0,0
44.649601,0,0,0,1,0,0,0,0,0
44.650378,0,0,0,0,0,0,1,0,0
44.654258,0,0,0,0,0,0,0,1,0
44.657446,0,0,0,0,0,0,0,0,1
44.665616,1,0,0,0,1,0,0,0,0
44.674457,0,1,0,0,0,0,0,0,0
44.683987,0,0,0,0,0,0,0,1,0
44.695199,0,0,1,0,0,0,0,0,0
44.698441,0,0,0,0,0,1,0,0,0
44.700281,0,0,0,1,0,0,0,0,0
44.702738,0,0,0,0,0,0,0,0,1
44.707906,0,0,0,0,0,0,1,0,0
44.712181,0,1,0,0,0,0,0,0,0
44.724363,1,0,0,0,1,0,0,0,0
44.725789,0,0,0,0,0,0,0,1,0
44.742195,0,0,1,0,0,0,0,0,0
44.746500,0,0,0,0,0,1,0,0,0
44.748460,0,1,0,0,0,0,0,0,0
44.750423,0,0,0,1,0,0,0,0,0
44.771166,0,0,0,0,0,0,0,0,1
44.781927,0,0,0,0,0,0,1,0,0
44.792385,1,0,0,0,0,0,0,0,0
44.799333,0,0,0,1,1,0,0,0,0
44.801029,0,0,0,0,0,1,0,0,0
44.804169,0,0,0,0,0,0,0,0,1
44.807827,0,0,0,0,0,0,1,0,0
44.809119,0,0,1,0,0,0,0,0,0
44.812017,0,0,0,0,0,0,0,1,0
44.826171,1,0,0,0,0,0,0,0,0
44.838161,0,1,0,0,1,0,0,0,0
44.840784,0,0,0,0,0,0,0,1,0
44.842856,0,0,1,0,0,0,0,0,0
44.849872,0,0,0,1,0,0,0,0,0
44.851703,0,0,0,0,0,0,1,0,0
44.853005,0,0,0,0,0,1,0,0,0
44.856165,0,0,0,0,0,0,0,0,1
44.863831,0,1,0,0,0,0,0,0,0
44.867258,1,0,0,0,1,0,0,0,0
44.870140,0,0,0,0,0,0,0,1,0
44.888631,0,0,1,0,0,0,0,0,0
44.891319,0,1,0,0,0,0,0,0,0
44.898096,0,0,0,0,0,1,0,0,0
44.899311,0,0,0,1,0,0,0,0,0
44.902885,0,0,0,0,0,0,1,0,0
44.903484,0,0,0,0,0,0,0,0,1
44.918815,1,0,0,0,0,0,0,0,0
44.935175,0,0,1,0,0,0,0,0,0
44.937086,0,0,0,0,1,0,0,0,0
44.949182,0,0,0,0,0,1,0,0,0
44.951177,0,0,0,1,0,0,0,0,0
44.958758,0,0,0,0,0,0,0,0,1
44.962144,0,0,0,0,0,0,0,1,0
44.964902,0,0,0,0,0,0,1,0,0
44.976892,1,0,0,0,1,0,0,0,0
44.979543,0,0,0,0,0,0,0,1,0
44.990852,0,1,0,0,0,0,0,0,0
44.993297,0,0,1,0,0,0,0,0,0
45.000954,0,0,0,1,0,0,0,0,0
45.002512,0,0,0,0,0,1,0,0,0
45.004020,0,0,0,0,0,0,0,0,1
45.007435,0,1,0,0,0,0,0,0,0
45.025396,0,0,0,0,0,0,1,0,0
45.038858,0,0,1,0,0,0,0,0,0
45.044111,1,0,0,0,0,0,0,0,0
45.046026,0,0,0,0,1,0,0,0,0
45.048555,0,0,0,1,0,0,0,0,0
45.052151,0,0,0,0,0,0,0,1,0
45.053371,0,0,0,0,0,1,0,0,0
45.058732,0,0,0,0,0,0,1,0,0
45.071850,1,0,0,0,0,0,0,0,0
45.081932,0,1,0,0,0,0,0,0,0
45.099140,0,0,0,1,0,0,0,0,0
45.100040,0,0,0,0,1,0,0,0,0
45.100213,0,0,0,0,0,1,0,0,0
45.102321,0,0,0,0,0,0,0,1,0
45.102644,0,0,0,0,0,0,1,0,0
45.106150,0,0,0,0,0,0,0,0,1
45.109277,0,0,0,0,0,0,0,0,1
45.118623,1,0,0,0,1,0,0,0,0
45.129273,0,1,0,0,0,0,0,0,0
45.129945,0,0,0,0,0,0,0,1,0
45.137122,0,0,1,0,0,0,0,0,0
45.143101,0,0,1,0,0,0,0,0,0
45.150185,0,0,0,1,0,0,0,0,0
45.151405,0,1,0,0,0,0,0,0,0
45.153534,0,0,0,0,0,1,0,0,0
45.155437,0,0,0,0,0,0,1,0,0
45.158820,0,0,0,0,0,0,0,0,1
45.169814,1,0,0,0,0,0,0,0,0
45.198409,0,0,1,0,1,0,0,0,0
45.200241,0,0,0,0,0,1,0,0,0
45.201269,0,0,0,1,0,0,0,0,0
45.209966,0,0,0,0,0,0,1,0,0
45.220661,0,0,0,0,0,0,0,0,1
45.221829,0,0,0,0,0,0,0,1,0
45.224972,1,0,0,0,1,0,0,0,0
45.237887,0,0,0,0,0,0,0,1,0
45.250333,0,1,0,0,0,0,0,0,0
45.250504,0,0,0,0,0,1,0,0,0
45.250550,0,0,0,1,0,0,0,0,0
45.258445,0,1,0,0,0,0,0,0,0
45.259488,0,0,0,0,0,0,0,0,1
45.260620,0,0,1,0,0,0,0,0,0
45.260841,0,0,0,0,0,0,1,0,0
45.273048,1,0,0,0,0,0,0,0,0
45.295054,0,0,1,0,1,0,0,0,0
45.296332,0,0,0,0,0,1,0,0,0
45.301620,0,0,0,1,0,0,0,0,0
45.303386,0,0,0,0,0,0,0,1,0
45.306815,0,0,0,0,0,0,1,0,0
45.316391,0,0,0,0,0,0,0,0,1
45.318335,1,0,0,0,0,0,0,0,0
45.319348,0,0,0,0,1,0,0,0,0
45.328038,0,0,0,0,0,0,0,1,0
45.332871,0,1,0,0,0,0,0,0,0
45.348775,0,0,0,1,0,0,0,0,0
45.349875,0,0,0,0,0,1,0,0,0
45.351470,0,0,1,0,0,0,0,0,0
45.353329,0,1,0,0,0,0,0,0,0
45.356874,0,0,0,0,0,0,0,0,1
45.373903,0,0,0,0,0,0,1,0,0
45.392964,1,0,0,0,0,0,0,0,0
45.396592,0,0,1,0,1,0,0,0,0
45.396906,0,0,0,0,0,1,0,0,0
45.401256,0,0,0,1,0,0,0,0,0
45.402527,0,0,0,0,0,0,0,1,0
45.402709,0,0,0,0,0,0,1,0,0
45.410287,0,0,0,0,0,0,0,0,1
45.417915,1,0,0,0,0,0,0,0,0
45.423754,0,1,0,0,1,0,0,0,0
45.438628,0,0,0,0,0,0,0,1,0
45.442086,0,0,1,0,0,0,0,0,0
45.450976,0,0,0,1,0,0,0,0,0
45.451886,0,0,0,0,0,0,1,0,0
45.452211,0,0,0,0,0,1,0,0,0
45.459446,0,0,0,0,0,0,0,0,1
45.466561,0,1,0,0,0,0,0,0,0
45.469095,1,0,0,0,1,0,0,0,0
45.470651,0,0,0,0,0,0,0,1,0
45.494473,0,0,1,0,0,0,0,0,0
45.499023,0,1,0,0,0,0,0,0,0
45.500052,0,0,0,1,0,0,0,0,0
45.501066,0,0,0,0,0,1,0,0,0
45.505187,0,0,0,0,0,0,0,0,1
45.507810,0,0,0,0,0,0,1,0,0
45.524248,1,0,0,0,0,0,0,0,0
45.542435,0,0,1,0,1,0,0,0,0
45.545417,0,0,0,0,0,0,0,1,0
45.548203,0,0,0,0,0,1,0,0,0
45.550505,0,0,0,1,0,0,0,0,0
45.553204,0,0,0,0,0,0,0,0,1
45.561464,0,0,0,0,0,0,1,0,0
45.573996,0,1,0,0,0,0,0,0,0
45.576504,1,0,0,0,0,0,0,0,0
45.586952,0,0,1,0,0,0,0,0,0
45.600337,0,0,0,1,0,0,0,0,0
45.600879,0,0,0,0,1,1,0,0,0
45.602663,0,0,0,0,0,0,0,0,1
45.613108,0,0,0,0,0,0,1,0,0
45.622147,0,0,0,0,0,0,0,1,0
45.625483,1,0,0,0,0,0,0,0,0
45.635141,0,0,1,0,1,0,0,0,0
45.636595,0,0,0,0,0,0,0,1,0
45.648191,0,0,0,0,0,1,0,0,0
45.650374,0,1,0,0,0,0,0,0,0
45.650623,0,0,0,1,0,0,0,0,0
45.651078,0,0,0,0,0,0,0,0,1
45.656083,0,0,0,0,0,0,1,0,0
45.661149,0,1,0,0,0,0,0,0,0
45.675310,1,0,0,0,1,0,0,0,0
45.682722,0,0,0,0,0,0,0,1,0
45.689574,0,0,1,0,0,0,0,0,0
45.696918,0,0,0,0,0,1,0,0,0
45.697365,0,0,0,0,0,0,0,0,1
45.700734,0,0,0,1,0,0,0,0,0
45.709512,0,1,0,0,0,0,0,0,0
45.716974,0,0,0,0,0,0,1,0,0
45.728589,1,0,0,0,1,0,0,0,0
45.729141,0,0,0,0,0,0,0,1,0
45.735508,0,0,1,0,0,0,0,0,0
45.749373,0,0,0,1,0,0,0,0,0
45.750847,0,0,0,0,0,1,0,0,0
45.753617,0,1,0,0,0,0,0,0,0
45.755861,0,0,0,0,0,0,1,0,0
45.769320,0,0,0,0,0,0,0,0,1
45.769466,1,0,0,0,1,0,0,0,0
45.784980,0,0,0,0,0,0,0,1,0
45.799509,0,0,0,1,0,0,0,0,0
45.803129,0,0,0,0,0,1,0,0,0
45.803150,0,0,0,0,0,0,1,0,0
45.804958,0,0,1,0,0,0,0,0,0
45.805775,0,0,0,0,0,0,0,0,1
45.811967,0,1,0,0,0,0,0,0,0
45.819785,1,0,0,0,0,0,0,0,0
45.832815,0,0,0,0,1,0,0,0,0
45.836614,0,0,0,0,0,0,0,1,0
45.840998,0,0,1,0,0,0,0,0,0
45.849737,0,0,0,0,0,1,0,0,0
45.850965,0,0,0,1,0,0,0,0,0
45.856054,0,0,0,0,0,0,1,0,0
45.860063,0,1,0,0,0,0,0,0,0
45.866822,0,0,0,0,0,0,0,0,1
45.869500,1,0,0,0,1,0,0,0,0
45.876430,0,0,0,0,0,0,0,1,0
45.899294,0,1,0,0,0,0,0,0,0
45.900578,0,0,0,1,0,0,0,0,0
45.902242,0,0,0,0,0,1,0,0,0
45.904175,0,0,0,0,0,0,0,0,1
45.904913,0,0,1,0,0,0,0,0,0
45.907035,0,0,0,0,0,0,1,0,0
45.918036,1,0,0,0,0,0,0,0,0
45.935309,0,0,1,0,0,0,0,0,0
45.947653,0,0,0,0,1,1,0,0,0
45.951753,0,0,0,1,0,0,0,0,0
45.954140,0,0,0,0,0,0,0,1,0
45.955825,0,0,0,0,0,0,1,0,0
45.961179,0,0,0,0,0,0,0,0,1
45.973462,1,0,0,0,1,0,0,0,0
45.975339,0,1,0,0,0,0,0,0,0
45.980867,0,0,0,0,0,0,0,1,0
45.996958,0,0,1,0,0,0,0,0,0
46.000266,0,0,0,1,0,0,0,0,0
46.001090,0,0,0,0,0,1,0,0,0
46.007041,0,0,0,0,0,0,0,0,1
46.008592,0,0,0,0,0,0,1,0,0
46.009206,0,1,0,0,0,0,0,0,0
46.021719,1,0,0,0,1,0,0,0,0
46.023639,0,0,0,0,0,0,0,1,0
46.037479,0,0,1,0,0,0,0,0,0
46.048255,0,1,0,0,0,0,0,0,0
46.050211,0,0,0,1,0,0,0,0,0
46.053610,0,0,0,0,0,1,0,0,0
46.053678,0,0,0,0,0,0,1,0,0
46.066021,1,0,0,0,1,0,0,0,0
46.070050,0,0,0,0,0,0,0,0,1
46.090042,0,0,0,0,0,0,0,1,0
46.096232,0,0,0,0,0,1,0,0,0
46.100216,0,0,0,1,0,0,0,0,0
46.100478,0,0,0,0,0,0,1,0,0
46.104294,0,0,1,0,0,0,0,0,0
46.112573,0,1,0,0,0,0,0,0,0
46.116434,0,0,0,0,0,0,0,0,1
46.117791,1,0,0,0,1,0,0,0,0
46.118249,0,0,0,0,0,0,0,1,0
46.141145,0,1,0,0,0,0,0,0,0
46.150016,0,0,0,0,0,1,0,0,0
46.150945,0,0,0,1,0,0,0,0,0
46.152112,0,0,1,0,0,0,0,0,0
46.155068,0,0,0,0,0,0,1,0,0
46.162348,0,0,0,0,0,0,0,0,1
46.168717,1,0,0,0,1,0,0,0,0
46.176711,0,0,0,0,0,0,0,1,0
46.193924,0,0,1,0,0,0,0,0,0
46.198584,0,0,0,0,0,1,0,0,0
46.199248,0,0,0,1,0,0,0,0,0
46.200855,0,0,0,0,0,0,0,0,1
46.203295,0,1,0,0,0,0,0,0,0
46.210845,0,0,0,0,0,0,1,0,0
46.225159,1,0,0,0,0,0,0,0,0
46.233488,0,0,1,0,0,0,0,0,0
46.236108,0,0,0,0,1,0,0,0,0
46.249123,0,0,0,0,0,1,0,0,0
46.250381,0,0,0,1,0,0,0,0,0
46.262273,0,0,0,0,0,0,0,0,1
46.263565,0,0,0,0,0,0,1,0,0
46.268289,0,0,0,0,0,0,0,1,0
46.276937,1,0,0,0,0,0,0,0,0
46.294842,0,1,0,0,1,0,0,0,0
46.296098,0,0,0,0,0,1,0,0,0
46.296164,0,0,1,0,0,0,0,0,0
46.297980,0,0,0,0,0,0,0,1,0
46.298612,0,0,0,0,0,0,0,0,1
46.299719,0,0,0,1,0,0,0,0,0
46.310621,0,0,0,0,0,0,1,0,0
46.324002,1,0,0,0,1,0,0,0,0
46.326780,0,1,0,0,0,0,0,0,0
46.332416,0,0,0,0,0,0,0,1,0
46.335088,0,0,1,0,0,0,0,0,0
46.347845,0,0,0,0,0,1,0,0,0
46.349178,0,0,0,1,0,0,0,0,0
46.356325,0,1,0,0,0,0,0,0,0
46.364778,0,0,0,0,0,0,1,0,0
46.370878,0,0,0,0,0,0,0,0,1
46.384424,1,0,0,0,1,0,0,0,0
46.391042,0,0,0,0,0,0,0,1,0
46.398998,0,0,0,0,0,1,0,0,0
46.400416,0,0,0,1,0,0,0,0,0
46.400878,0,0,0,0,0,0,1,0,0
46.401995,0,0,1,0,0,0,0,0,0
46.403961,0,0,0,0,0,0,0,0,1
46.417060,1,0,0,0,1,0,0,0,0
46.417972,0,1,0,0,0,0,0,0,0
46.421722,0,0,0,0,0,0,0,1,0
46.438759,0,0,1,0,0,0,0,0,0
46.441892,0,1,0,0,0,0,0,0,0
46.449140,0,0,0,0,0,1,0,0,0
46.450953,0,0,0,1,0,0,0,0,0
46.451631,0,0,0,0,0,0,0,0,1
46.465302,0,0,0,0,0,0,1,0,0
46.482352,1,0,0,0,1,0,0,0,0
46.489750,0,0,1,0,0,0,0,0,0
46.496872,0,0,0,0,0,1,0,0,0
46.499163,0,0,0,1,0,0,0,0,0
46.499576,0,0,0,0,0,0,1,0,0
46.500488,0,0,0,0,0,0,0,0,1
46.500920,0,0,0,0,0,0,0,1,0
46.518253,1,0,0,0,0,0,0,0,0
46.520993,0,1,0,0,0,0,0,0,0
46.535457,0,0,1,0,1,0,0,0,0
46.537766,0,0,0,0,0,0,0,1,0
46.548776,0,0,0,1,0,0,0,0,0
46.551134,0,0,0,0,0,0,1,0,0
46.553487,0,0,0,0,0,1,0,0,0
46.562745,0,1,0,0,0,0,0,0,0
46.562821,0,0,0,0,0,0,0,0,1
46.562996,1,0,0,0,0,0,0,0,0
46.599169,0,0,1,0,0,0,0,0,0
46.600502,0,0,0,0,1,1,0,0,0
46.601032,0,0,0,1,0,0,0,0,0
46.604178,0,0,0,0,0,0,0,0,1
46.605092,0,0,0,0,0,0,0,1,0
46.611295,0,0,0,0,0,0,1,0,0
46.625666,1,0,0,0,1,0,0,0,0
46.627200,0,1,0,0,0,0,0,0,0
46.634036,0,0,0,0,0,0,0,1,0
46.639364,0,0,1,0,0,0,0,0,0
46.649371,0,0,0,0,0,1,0,0,0
46.649489,0,0,0,1,0,0,0,0,0
46.649566,0,0,0,0,0,0,0,0,1
46.657481,0,1,0,0,0,0,0,0,0
46.687377,0,0,0,0,0,0,1,0,0
46.688810,0,0,1,0,0,0,0,0,0
46.699455,1,0,0,0,0,0,0,0,0
46.699990,0,0,0,0,1,1,0,0,0
46.700713,0,0,0,0,0,0,0,1,0
46.701483,0,0,0,1,0,0,0,0,0
46.705235,0,0,0,0,0,0,0,0,1
46.722961,0,0,0,0,0,0,1,0,0
46.728752,0,1,0,0,0,0,0,0,0
46.733465,1,0,0,0,0,0,0,0,0
46.742095,0,0,1,0,0,0,0,0,0
46.749527,0,0,0,1,0,0,0,0,0
46.751092,0,0,0,0,1,1,0,0,0
46.752391,0,0,0,0,0,0,1,0,0
46.755811,0,0,0,0,0,0,0,0,1
46.763995,1,0,0,0,0,0,0,0,0
46.767755,0,0,0,0,1,0,0,1,0
46.779183,0,0,0,0,0,0,0,1,0
46.788634,0,0,1,0,0,0,0,0,0
46.795594,0,1,0,0,0,0,0,0,0
46.797705,0,0,0,0,0,1,0,0,0
46.800504,0,0,0,1,0,0,0,0,0
46.803267,0,1,0,0,0,0,0,0,0
46.807531,0,0,0,0,0,0,0,0,1
46.842814,0,0,0,0,0,0,1,0,0
46.846227,0,0,1,0,0,0,0,0,0
46.847075,0,0,0,0,0,1,0,0,0
46.850578,0,0,0,1,0,0,0,0,0
46.851916,0,0,0,0,0,0,1,0,0
46.855814,0,0,0,0,0,0,0,0,1
46.857197,1,0,0,0,0,0,0,0,0
46.862616,1,0,0,0,1,0,0,0,0
46.873945,0,0,0,0,0,0,0,1,0
46.893078,0,0,1,0,1,0,0,0,0
46.898277,0,0,0,0,0,0,0,1,0
46.898934,0,1,0,0,0,0,0,0,0
46.899878,0,0,0,0,0,1,0,0,0
46.901372,0,0,0,1,0,0,0,0,0
46.902924,0,0,0,0,0,0,0,0,1
46.911053,0,0,0,0,0,0,1,0,0
46.925384,0,1,0,0,0,0,0,0,0
46.925945,1,0,0,0,1,0,0,0,0
46.936006,0,0,1,0,0,0,0,0,0
46.939494,0,0,0,0,0,0,0,1,0
46.949429,0,0,0,0,0,1,0,0,0
46.950252,0,0,0,1,0,0,0,0,0
46.952599,0,0,0,0,0,0,0,0,1
46.956624,0,0,0,0,0,0,1,0,0
46.967011,0,1,0,0,0,0,0,0,0
46.971826,1,0,0,0,1,0,0,0,0
46.973729,0,0,0,0,0,0,0,1,0
46.989782,0,0,1,0,0,0,0,0,0
46.993920,0,1,0,0,0,0,0,0,0
47.000726,0,0,0,1,0,0,0,0,0
47.000971,0,0,0,0,0,1,0,0,0
47.004509,0,0,0,0,0,0,1,0,0
47.011778,0,0,0,0,0,0,0,0,1
47.018475,1,0,0,0,0,0,0,0,0
47.047913,0,0,1,0,0,0,0,0,0
47.049489,0,0,0,0,0,1,0,0,0
47.051119,0,0,0,1,0,0,0,0,0
47.052128,0,0,0,0,1,0,0,0,0
47.053133,0,0,0,0,0,0,1,0,0
47.062296,0,0,0,0,0,0,0,1,0
47.068405,1,0,0,0,0,0,0,0,0
47.070865,0,0,0,0,1,0,0,0,1
47.072145,0,0,0,0,0,0,0,1,0
47.087426,0,1,0,0,0,0,0,0,0
47.096357,0,1,0,0,0,0,0,0,0
47.099907,0,0,0,1,0,0,0,0,0
47.101054,0,0,0,0,0,1,0,0,0
47.109601,0,0,1,0,0,0,0,0,0
47.112740,0,0,0,0,0,0,0,0,1
47.115375,0,0,0,0,0,0,1,0,0
47.133368,1,0,0,0,0,0,0,0,0
47.134620,0,0,0,0,1,0,0,0,0
47.145181,0,0,0,0,0,0,0,1,0
47.146200,0,0,0,0,0,1,0,0,0
47.147649,0,0,1,0,0,0,0,0,0
47.148623,0,0,0,1,0,0,0,0,0
47.149699,0,0,0,0,0,0,0,0,1
47.156358,0,0,0,0,0,0,1,0,0
47.165959,0,1,0,0,0,0,0,0,0
47.174414,1,0,0,0,1,0,0,0,0
47.175900,0,0,0,0,0,0,0,1,0
47.189202,0,0,1,0,0,0,0,0,0
47.199492,0,0,0,1,0,0,0,0,0
47.201276,0,0,0,0,0,1,0,0,0
47.202782,0,1,0,0,0,0,0,0,0
47.203696,0,0,0,0,0,0,1,0,0
47.214590,0,0,0,0,0,0,0,0,1
47.218106,1,0,0,0,1,0,0,0,0
47.220413,0,0,0,0,0,0,0,1,0
47.246478,0,1,0,0,0,0,0,0,0
47.249606,0,0,0,1,0,0,0,0,0
47.250570,0,0,1,0,0,0,0,0,0
47.253173,0,0,0,0,0,1,0,0,0
47.265049,0,0,0,0,0,0,0,0,1
47.271542,0,0,0,0,0,0,1,0,0
47.284328,1,0,0,0,0,0,0,0,0
47.291964,0,0,0,0,1,0,0,0,0
47.296916,0,0,0,0,0,0,0,1,0
47.297894,0,0,0,0,0,1,0,0,0
47.299472,0,0,0,1,0,0,0,0,0
47.304678,0,0,1,0,0,0,0,0,0
47.305985,0,0,0,0,0,0,0,0,1
47.306463,0,0,0,0,0,0,1,0,0
47.324840,1,0,0,0,0,0,0,0,0
47.326524,0,1,0,0,0,0,0,0,0
47.343027,0,0,1,0,0,0,0,0,0
47.346935,0,0,0,0,1,0,0,0,0
47.348268,0,0,0,0,0,1,0,0,0
47.349914,0,0,0,1,0,0,0,0,0
47.354347,0,0,0,0,0,0,0,1,0
47.366454,0,0,0,0,0,0,0,0,1
47.369000,0,0,0,0,0,0,1,0,0
47.380271,0,1,0,0,0,0,0,0,0
47.383006,1,0,0,0,1,0,0,0,0
47.384679,0,0,0,0,0,0,0,1,0
47.396302,0,0,0,0,0,1,0,0,0
47.396601,0,0,0,0,0,0,0,0,1
47.401029,0,0,1,0,0,0,0,0,0
47.401620,0,0,0,1,0,0,0,0,0
47.410467,0,0,0,0,0,0,1,0,0
47.411941,0,1,0,0,0,0,0,0,0
47.425657,1,0,0,0,0,0,0,0,0
47.427939,0,0,0,0,1,0,0,0,0
47.429918,0,0,1,0,0,0,0,0,0
47.430789,0,0,0,0,0,0,0,1,0
47.451205,0,0,0,1,0,0,0,0,0
47.452321,0,0,0,0,0,1,0,0,0
47.455809,0,1,0,0,0,0,0,0,0
47.457208,0,0,0,0,0,0,0,0,1
47.464158,0,0,0,0,0,0,1,0,0
47.481107,1,0,0,0,0,0,0,0,0
47.484606,0,0,0,0,1,0,0,0,0
47.485140,0,0,0,0,0,0,0,1,0
47.492104,0,0,1,0,0,0,0,0,0
47.500786,0,0,0,0,0,1,0,0,0
47.500859,0,0,0,1,0,0,0,0,0
47.503004,0,0,0,0,0,0,1,0,0
47.505188,0,0,0,0,0,0,0,0,1
47.511328,0,1,0,0,0,0,0,0,0
47.517011,1,0,0,0,1,0,0,0,0
47.522718,0,0,0,0,0,0,0,1,0
47.539968,0,0,1,0,0,0,0,0,0
47.544097,0,1,0,0,0,0,0,0,0
47.549135,0,0,0,1,0,0,0,0,0
47.550598,0,0,0,0,0,1,0,0,0
47.552463,0,0,0,0,0,0,0,0,1
47.570556,0,0,0,0,0,0,1,0,0
47.586675,1,0,0,0,1,0,0,0,0
47.587585,0,0,1,0,0,0,0,0,0
47.598747,0,0,0,1,0,0,0,0,0
47.602125,0,0,0,0,0,1,0,0,0
47.607244,0,0,0,0,0,0,0,0,1
47.617883,0,0,0,0,0,0,0,1,0
47.619111,0,0,0,0,0,0,1,0,0
47.634448,1,0,0,0,0,0,0,0,0
47.638069,0,0,1,0,1,0,0,0,0
47.639421,0,0,0,0,0,0,0,1,0
47.645431,0,1,0,0,0,0,0,0,0
47.648638,0,0,0,0,0,1,0,0,0
47.650956,0,0,0,1,0,0,0,0,0
47.662315,0,1,0,0,0,0,0,0,0
47.668417,0,0,0,0,0,0,1,0,0
47.676116,0,0,0,0,0,0,0,0,1
47.680961,1,0,0,0,0,0,0,0,0
47.698693,0,0,0,1,1,0,0,0,0
47.700939,0,0,0,0,0,1,0,0,0
47.703806,0,0,0,0,0,0,0,0,1
47.710641,0,0,0,0,0,0,1,0,0
47.713819,0,0,1,0,0,0,0,0,0
47.726598,1,0,0,0,1,0,0,0,0
47.735681,0,0,0,0,0,0,0,1,0
47.741409,0,0,1,0,0,0,0,0,0
47.744379,0,0,0,0,0,0,0,1,0
47.747521,0,0,0,0,0,1,0,0,0
47.749407,0,0,0,1,0,0,0,0,0
47.749622,0,0,0,0,0,0,0,0,1
47.751398,0,0,0,0,0,0,1,0,0
47.760256,0,1,0,0,0,0,0,0,0
47.767991,1,0,0,0,0,0,0,0,0
47.769389,0,0,0,0,1,0,0,0,0
47.770979,0,1,0,0,0,0,0,0,0
47.779717,0,0,1,0,0,0,0,0,0
47.799342,0,0,0,1,0,0,0,0,0
47.800325,0,0,0,0,0,1,0,0,0
47.801607,0,0,0,0,0,0,1,0,0
47.802611,0,0,0,0,0,0,0,1,0
47.805541,0,0,0,0,0,0,0,0,1
47.815490,1,0,0,0,1,0,0,0,0
47.832283,0,1,0,0,0,0,0,0,0
47.834681,0,0,0,0,0,0,0,1,0
47.844060,0,0,1,0,0,0,0,0,0
47.850397,0,0,0,1,0,0,0,0,0
47.851797,0,0,0,0,0,1,0,0,0
47.859255,0,1,0,0,0,0,0,0,0
47.862019,0,0,0,0,0,0,0,0,1
47.867257,0,0,0,0,0,0,1,0,0
47.882155,1,0,0,0,1,0,0,0,0
47.895498,0,0,0,0,0,0,0,1,0
47.899112,0,0,0,1,0,0,0,0,0
47.899836,0,0,1,0,0,0,0,0,0
47.900132,0,0,0,0,0,1,0,0,0
47.900705,0,0,0,0,0,0,1,0,0
47.916553,0,1,0,0,0,0,0,0,0
47.918411,1,0,0,0,0,0,0,0,0
47.922958,0,0,0,0,1,0,0,0,1
47.925875,0,0,0,0,0,0,0,1,0
47.948346,0,0,0,1,0,0,0,0,0
47.949227,0,0,0,0,0,0,1,0,0
47.950089,0,0,0,0,0,1,0,0,0
47.953127,0,1,0,0,0,0,0,0,0
47.958773,0,0,1,0,0,0,0,0,0
47.961209,1,0,0,0,0,0,0,0,0
47.961869,0,0,0,0,1,0,0,0,1
47.965323,0,0,0,0,0,0,0,1,0
47.991846,0,1,0,0,0,0,0,0,0
47.994226,0,0,1,0,0,0,0,0,0
48.001110,0,0,0,0,0,1,0,0,0
48.001204,0,0,0,1,0,0,0,0,0
48.005412,0,0,0,0,0,0,1,0,0
48.014861,0,0,0,0,0,0,0,0,1
48.019200,1,0,0,0,0,0,0,0,0
48.048922,0,0,1,0,0,0,0,0,0
48.050280,0,0,0,1,1,0,0,0,0
48.052781,0,0,0,0,0,1,0,0,0
48.058524,0,0,0,0,0,0,0,1,0
48.061022,0,0,0,0,0,0,1,0,0
48.068864,0,0,0,0,0,0,0,0,1
48.077674,1,0,0,0,0,0,0,0,0
48.084818,0,1,0,0,1,0,0,0,0
48.094523,0,0,0,0,0,0,0,1,0
48.098464,0,0,0,1,0,0,0,0,0
48.100059,0,0,0,0,0,1,0,0,0
48.100560,0,0,0,0,0,0,0,0,1
48.102783,0,0,0,0,0,0,1,0,0
48.107448,0,0,1,0,0,0,0,0,0
48.115625,1,0,0,0,0,0,0,0,0
48.116743,0,0,0,0,1,0,0,0,0
48.119901,0,1,0,0,0,0,0,0,0
48.136837,0,0,1,0,0,0,0,0,0
48.136953,0,0,0,0,0,0,0,1,0
48.146321,0,0,0,0,0,1,0,0,0
48.150516,0,0,0,1,0,0,0,0,0
48.151581,0,0,0,0,0,0,1,0,0
48.159563,0,0,0,0,0,0,0,0,1
48.162958,1,0,0,0,0,0,0,0,0
48.164666,0,1,0,0,1,0,0,0,0
48.165500,0,0,0,0,0,0,0,1,0
48.193655,0,1,0,0,0,0,0,0,0
48.198140,0,0,1,0,0,0,0,0,0
48.198749,0,0,0,0,0,1,0,0,0
48.199632,0,0,0,0,0,0,0,0,1
48.201026,0,0,0,1,0,0,0,0,0
48.230730,0,0,0,0,0,0,1,0,0
48.234603,0,0,1,0,0,0,0,0,0
48.247313,1,0,0,0,1,0,0,0,0
48.248813,0,0,0,1,0,0,0,0,0
48.249153,0,0,0,0,0,0,0,1,0
48.253248,0,0,0,0,0,1,0,0,0
48.255995,0,0,0,0,0,0,0,0,1
48.256810,0,0,0,0,0,0,1,0,0
48.269527,1,0,0,0,0,0,0,0,0
48.272657,0,1,0,0,1,0,0,0,0
48.286308,0,0,0,0,0,0,0,1,0
48.291412,0,0,1,0,0,0,0,0,0
48.300779,0,0,0,0,0,1,0,0,0
48.301217,0,0,0,1,0,0,0,0,0
48.301764,0,0,0,0,0,0,1,0,0
48.307884,0,1,0,0,0,0,0,0,0
48.314250,0,0,0,0,0,0,0,0,1
48.314974,1,0,0,0,1,0,0,0,0
48.318207,0,0,0,0,0,0,0,1,0
48.344491,0,1,0,0,0,0,0,0,0
48.348389,0,0,0,1,0,0,0,0,0
48.348579,0,0,0,0,0,1,0,0,0
48.351364,0,0,1,0,0,0,0,0,0
48.357838,0,0,0,0,0,0,0,0,1
48.364726,0,0,0,0,0,0,1,0,0
48.376200,1,0,0,0,1,0,0,0,0
48.393783,0,0,1,0,0,0,0,0,0
48.398618,0,0,0,0,0,1,0,0,0
48.401655,0,0,0,1,0,0,0,0,0
48.408999,0,0,0,0,0,0,1,0,0
48.410064,0,0,0,0,0,0,0,1,0
48.418989,0,0,0,0,0,0,0,0,1
48.428503,1,0,0,0,0,0,0,0,0
48.431055,0,0,0,0,1,0,0,0,0
48.438007,0,1,0,0,0,0,0,0,0
48.448071,0,0,0,0,0,0,0,1,0
48.448913,0,0,0,0,0,1,0,0,0
48.449181,0,0,0,1,0,0,0,0,0
48.455681,0,0,1,0,0,0,0,0,0
48.456311,0,0,0,0,0,0,1,0,0
48.463602,0,0,0,0,0,0,0,0,1
48.468802,0,1,0,0,0,0,0,0,0
48.470691,1,0,0,0,1,0,0,0,0
48.478964,0,0,0,0,0,0,0,1,0
48.496149,0,0,1,0,0,0,0,0,0
48.500456,0,0,0,0,0,1,0,0,0
48.501016,0,0,0,1,0,0,0,0,0
48.502546,0,1,0,0,0,0,0,0,0
48.505059,0,0,0,0,0,0,0,0,1
48.524364,0,0,0,0,0,0,1,0,0
48.537169,1,0,0,0,0,0,0,0,0
48.541112,0,0,0,0,1,0,0,0,0
48.544947,0,0,1,0,0,0,0,0,0
48.546746,0,0,0,0,0,0,0,1,0
48.547452,0,0,0,0,0,1,0,0,0
48.548089,0,0,0,0,0,0,0,0,1
48.549387,0,0,0,1,0,0,0,0,0
48.575232,0,1,0,0,0,0,0,0,0
48.585734,0,0,1,0,0,0,0,0,0
48.588091,0,0,0,0,0,0,1,0,0
48.597181,0,0,0,0,0,1,0,0,0
48.598888,0,0,0,1,0,0,0,0,0
48.599055,0,0,0,0,0,0,1,0,0
48.605156,1,0,0,0,0,0,0,0,0
48.613916,0,0,0,0,0,0,0,0,1
48.614973,0,0,0,0,1,0,0,0,0
48.615386,0,0,0,0,0,0,0,1,0
48.616370,1,0,0,0,0,0,0,0,0
48.622232,0,0,0,0,1,0,0,0,0
48.639764,0,1,0,0,0,0,0,0,0
48.644913,0,0,1,0,0,0,0,0,0
48.648598,0,0,0,0,0,0,0,1,0
48.648915,0,0,0,0,0,1,0,0,0
48.648963,0,0,0,1,0,0,0,0,0
48.651596,0,0,0,0,0,0,1,0,0
48.665246,1,0,0,0,0,0,0,0,0
48.667144,0,0,0,0,0,0,0,0,1
48.670384,0,0,0,0,1,0,0,0,0
48.672589,0,1,0,0,0,0,0,0,0
48.691450,0,0,0,0,0,0,0,1,0
48.698820,0,0,0,0,0,1,0,0,0
48.699308,0,0,0,1,0,0,0,0,0
48.700419,0,0,1,0,0,0,0,0,0
48.702107,0,0,0,0,0,0,0,0,1
48.718712,0,1,0,0,0,0,0,0,0
48.739807,0,0,1,0,0,0,0,0,0
48.749192,0,0,0,1,0,0,0,0,0
48.751308,0,0,0,0,0,0,1,0,0
48.751641,0,0,0,0,0,1,0,0,0
48.755892,0,0,0,0,0,0,1,0,0
48.755915,0,0,0,0,0,0,0,0,1
48.767712,1,0,0,0,0,0,0,0,0
48.773867,1,0,0,0,1,0,0,0,0
48.774471,0,0,0,0,1,0,0,1,0
48.776316,0,0,0,0,0,0,0,1,0
48.788900,0,0,1,0,0,0,0,0,0
48.796112,0,0,0,0,0,1,0,0,0
48.799316,0,1,0,0,0,0,0,0,0
48.800298,0,0,0,1,0,0,0,0,0
48.803271,0,1,0,0,0,0,0,0,0
48.803766,0,0,0,0,0,0,0,0,1
48.806172,0,0,0,0,0,0,1,0,0
48.817897,1,0,0,0,0,0,0,0,0
48.838172,0,0,1,0,1,0,0,0,0
48.839825,0,0,0,0,0,0,0,1,0
48.846935,0,0,0,0,0,1,0,0,0
48.851479,0,0,0,1,0,0,0,0,0
48.853357,0,0,0,0,0,0,1,0,0
48.859190,0,0,0,0,0,0,0,0,1
48.862492,0,1,0,0,0,0,0,0,0
48.869577,1,0,0,0,1,0,0,0,0
48.873934,0,0,0,0,0,0,0,1,0
48.892010,0,0,1,0,0,0,0,0,0
48.895690,0,1,0,0,0,0,0,0,0
48.900279,0,0,0,1,0,0,0,0,0
48.902912,0,0,0,0,0,1,0,0,0
48.903946,0,0,0,0,0,0,1,0,0
48.915059,1,0,0,0,0,0,0,0,0
48.918730,0,0,0,0,1,0,0,0,0
48.921795,0,0,0,0,0,0,0,1,0
48.922513,0,0,0,0,0,0,0,0,1
48.941995,0,1,0,0,0,0,0,0,0
48.950236,0,0,0,1,0,0,0,0,0
48.952531,0,0,0,0,0,1,0,0,0
48.959096,0,0,0,0,0,0,1,0,0
48.959135,0,0,1,0,0,0,0,0,0
48.974775,1,0,0,0,1,0,0,0,0
48.975427,0,0,0,0,0,0,0,1,0
48.997395,0,1,0,0,0,0,0,0,0
48.998781,0,0,0,0,0,0,0,0,1
49.000243,0,0,0,1,0,0,0,0,0
49.003503,0,0,0,0,0,1,0,0,0
49.008863,0,0,0,0,0,0,0,0,1
49.017458,0,0,0,0,0,0,1,0,0
49.033991,1,0,0,0,0,0,0,0,0
49.035731,0,0,1,0,1,0,0,0,0
49.040551,0,0,1,0,0,0,0,0,0
49.048480,0,0,0,0,0,1,0,0,0
49.050644,0,0,0,1,0,0,0,0,0
49.052495,0,0,0,0,0,0,1,0,0
49.058832,0,0,0,0,0,0,0,0,1
49.065598,1,0,0,0,1,0,0,0,0
49.069567,0,0,0,0,0,0,0,1,0
49.073680,0,0,0,0,0,0,0,1,0
49.090273,0,1,0,0,0,0,0,0,0
49.093831,0,1,0,0,0,0,0,0,0
49.098002,0,0,1,0,0,0,0,0,0
49.098676,0,0,0,0,0,1,0,0,0
49.099927,0,0,0,1,0,0,0,0,0
49.100142,0,0,0,0,0,0,0,0,1
49.105904,0,0,0,0,0,0,1,0,0
49.120093,1,0,0,0,1,0,0,0,0
49.122387,0,0,0,0,0,0,0,1,0
49.136639,0,0,1,0,0,0,0,0,0
49.146968,0,0,0,0,0,1,0,0,0
49.148471,0,1,0,0,0,0,0,0,0
49.150811,0,0,0,0,0,0,0,0,1
49.151795,0,0,0,1,0,0,0,0,0
49.155516,0,0,0,0,0,0,1,0,0
49.166700,1,0,0,0,1,0,0,0,0
49.187298,0,0,1,0,0,0,0,0,0
49.191291,0,0,0,0,0,0,0,1,0
49.198287,0,0,0,0,0,1,0,0,0
49.201636,0,0,0,1,0,0,0,0,0
49.216116,0,1,0,0,0,0,0,0,0
49.229401,0,0,0,0,0,0,1,0,0
49.230202,0,0,0,0,0,0,0,0,1
49.247878,1,0,0,0,1,0,0,0,0
49.250731,0,0,0,1,0,0,0,0,0
49.251451,0,0,0,0,0,1,0,0,0
49.251495,0,0,0,0,0,0,1,0,0
49.252448,0,0,0,0,0,0,0,1,0
49.252643,0,0,0,0,0,0,0,0,1
49.265499,1,0,0,0,1,0,0,0,0
49.265699,0,0,0,0,0,0,0,1,0
49.267141,0,0,1,0,0,0,0,0,0
49.279360,0,1,0,0,0,0,0,0,0
49.288755,0,0,1,0,0,0,0,0,0
49.293096,0,1,0,0,0,0,0,0,0
49.299999,0,0,0,1,0,0,0,0,0
49.300947,0,0,0,0,0,1,0,0,0
49.312669,0,0,0,0,0,0,1,0,0
49.313241,0,0,0,0,0,0,0,0,1
49.326724,1,0,0,0,1,0,0,0,0
49.330268,0,0,0,0,0,0,0,1,0
49.347701,0,0,0,0,0,1,0,0,0
49.349049,0,0,0,0,0,0,0,0,1
49.349654,0,0,0,1,0,0,0,0,0
49.350660,0,0,1,0,0,0,0,0,0
49.353158,0,0,0,0,0,0,1,0,0
49.356060,0,1,0,0,0,0,0,0,0
49.369622,1,0,0,0,1,0,0,0,0
49.381888,0,0,0,0,0,0,0,1,0
49.382343,0,0,1,0,0,0,0,0,0
49.398494,0,0,0,1,0,0,0,0,0
49.403430,0,0,0,0,0,1,0,0,0
49.403874,0,1,0,0,0,0,0,0,0
49.408224,0,0,0,0,0,0,1,0,0
49.408337,0,0,0,0,0,0,0,0,1
49.424161,1,0,0,0,0,0,0,0,0
49.445519,0,0,1,0,1,0,0,0,0
49.448670,0,0,0,0,0,0,0,1,0
49.450672,0,0,0,1,0,0,0,0,0
49.451938,0,0,0,0,0,1,0,0,0
49.456241,0,0,0,0,0,0,0,0,1
49.458363,0,0,0,0,0,0,1,0,0
49.470912,0,1,0,0,0,0,0,0,0
49.474220,1,0,0,0,1,0,0,0,0
49.479386,0,0,0,0,0,0,0,1,0
49.496026,0,0,1,0,0,0,0,0,0
49.498589,0,0,0,0,0,1,0,0,0
49.499347,0,0,0,1,0,0,0,0,0
49.500878,0,1,0,0,0,0,0,0,0
49.509985,0,0,0,0,0,0,0,0,1
49.514535,0,0,0,0,0,0,1,0,0
49.532285,1,0,0,0,0,0,0,0,0
49.547075,0,0,1,0,1,0,0,0,0
49.548447,0,0,0,1,0,0,0,0,0
49.549904,0,0,0,0,0,1,0,0,0
49.550012,0,0,0,0,0,0,0,0,1
49.551355,0,0,0,0,0,0,0,1,0
49.554560,0,0,0,0,0,0,1,0,0
49.572450,0,1,0,0,0,0,0,0,0
49.572800,1,0,0,0,1,0,0,0,0
49.584431,0,0,1,0,0,0,0,0,0
49.585030,0,0,0,0,0,0,0,1,0
49.596639,0,0,0,0,0,1,0,0,0
49.600658,0,0,0,1,0,0,0,0,0
49.606968,0,0,0,0,0,0,0,0,1
49.609201,0,1,0,0,0,0,0,0,0
49.618340,0,0,0,0,0,0,1,0,0
49.630627,1,0,0,0,0,0,0,0,0
49.640986,0,0,1,0,1,0,0,0,0
49.647269,0,0,0,0,0,1,0,0,0
49.648159,0,0,0,0,0,0,0,0,1
49.650552,0,0,0,1,0,0,0,0,0
49.658705,0,0,0,0,0,0,1,0,0
49.673076,0,0,0,0,0,0,0,1,0
49.676953,1,0,0,0,1,0,0,0,0
49.684071,0,0,0,0,0,0,0,1,0
49.687293,0,0,1,0,0,0,0,0,0
49.696165,0,1,0,0,0,0,0,0,0
49.698382,0,0,0,0,0,1,0,0,0
49.698449,0,0,0,0,0,0,0,0,1
49.701017,0,0,0,1,0,0,0,0,0
49.706573,0,1,0,0,0,0,0,0,0
49.707934,0,0,0,0,0,0,1,0,0
49.718457,1,0,0,0,0,0,0,0,0
49.735615,0,0,1,0,0,0,0,0,0
49.750541,0,0,0,1,1,0,0,0,0
49.750776,0,0,0,0,0,1,0,0,0
49.755983,0,0,0,0,0,0,1,0,0
49.770192,1,0,0,0,0,0,0,0,0
49.780360,0,0,0,0,1,0,0,0,0
49.781549,0,0,0,0,0,0,0,0,1
49.797616,0,0,0,0,0,0,0,1,0
49.798126,0,0,0,0,0,0,0,1,0
49.799427,0,0,0,1,0,0,0,0,0
49.799484,0,0,0,0,0,1,0,0,0
49.812712,0,0,0,0,0,0,0,0,1
49.813886,0,0,0,0,0,0,1,0,0
49.816958,0,0,1,0,0,0,0,0,0
49.823806,0,1,0,0,0,0,0,0,0
49.823890,1,0,0,0,1,0,0,0,0
49.824557,0,1,0,0,0,0,0,0,0
49.847785,0,0,1,0,0,0,0,0,0
49.848943,0,0,0,0,0,0,0,1,0
49.850027,0,0,0,1,0,0,0,0,0
49.851947,0,0,0,0,0,1,0,0,0
49.858074,0,0,0,0,0,0,1,0,0
49.869818,0,0,0,0,0,0,0,0,1
49.870304,0,1,0,0,0,0,0,0,0
49.875334,1,0,0,0,1,0,0,0,0
49.897503,0,0,0,0,0,0,0,1,0
49.898043,0,0,0,0,0,1,0,0,0
49.899180,0,0,0,1,0,0,0,0,0
49.902487,0,0,0,0,0,0,0,0,1
49.909025,0,0,1,0,0,0,0,0,0
49.919659,0,1,0,0,0,0,0,0,0
49.921041,0,0,0,0,0,0,1,0,0
49.933577,1,0,0,0,1,0,0,0,0
49.933626,0,0,0,0,0,0,0,1,0
49.940352,0,0,1,0,0,0,0,0,0
49.949424,0,0,0,0,0,1,0,0,0
49.951122,0,0,0,1,0,0,0,0,0
49.956017,0,1,0,0,0,0,0,0,0
49.956398,0,0,0,0,0,0,1,0,0
49.958681,0,0,0,0,0,0,0,0,1
49.966640,1,0,0,0,0,0,0,0,0
49.992694,0,0,1,0,0,0,0,0,0
49.999232,0,0,0,0,0,1,0,0,0
50.000476,0,0,0,0,1,0,0,0,0
50.001595,0,0,0,0,0,0,0,0,1
50.001759,0,0,0,1,0,0,0,0,0
50.002004,0,0,0,0,0,0,0,1,0
50.013165,0,0,0,0,0,0,1,0,0
50.024055,1,0,0,0,0,0,0,0,0
50.028163,0,1,0,0,1,0,0,0,0
50.031234,0,0,0,0,0,0,0,1,0
50.040463,0,0,1,0,0,0,0,0,0
50.048775,0,0,0,0,0,1,0,0,0
50.049188,0,0,0,1,0,0,0,0,0
50.058573,0,1,0,0,0,0,0,0,0
50.059384,0,0,0,0,0,0,0,0,1
50.059914,0,0,0,0,0,0,1,0,0
50.075202,1,0,0,0,1,0,0,0,0
50.080938,0,0,0,0,0,0,0,1,0
50.098400,0,0,1,0,0,0,0,0,0
50.099307,0,0,0,1,0,0,0,0,0
50.099342,0,0,0,0,0,1,0,0,0
50.099498,0,0,0,0,0,0,0,0,1
50.105895,0,1,0,0,0,0,0,0,0
50.132677,0,0,0,0,0,0,1,0,0
50.135855,0,0,1,0,0,0,0,0,0
50.147206,1,0,0,0,1,0,0,0,0
50.148868,0,0,0,1,0,0,0,0,0
50.149188,0,0,0,0,0,1,0,0,0
50.150000,0,0,0,0,0,0,0,1,0
50.150266,0,0,0,0,0,0,1,0,0
50.155371,0,0,0,0,0,0,0,0,1
50.164902,1,0,0,0,0,0,0,0,0
50.177307,0,1,0,0,1,0,0,0,0
50.186709,0,0,0,0,0,0,0,1,0
50.193857,0,0,1,0,0,0,0,0,0
50.198767,0,0,0,1,0,0,0,0,0
50.201444,0,0,0,0,0,1,0,0,0
50.213226,0,0,0,0,0,0,0,0,1
50.214262,0,1,0,0,0,0,0,0,0
50.226692,0,0,0,0,0,0,1,0,0
50.238806,1,0,0,0,1,0,0,0,0
50.240829,0,0,0,0,0,0,0,1,0
50.247101,0,0,1,0,0,0,0,0,0
50.249072,0,0,0,0,0,1,0,0,0
50.250305,0,0,0,1,0,0,0,0,0
50.254931,0,0,0,0,0,0,1,0,0
50.265775,0,0,0,0,0,0,0,0,1
50.266103,1,0,0,0,0,0,0,0,0
50.267035,0,0,0,0,1,0,0,0,0
50.267961,0,1,0,0,0,0,0,0,0
50.273828,0,0,0,0,0,0,0,1,0
50.296537,0,0,1,0,0,0,0,0,0
50.298760,0,1,0,0,0,0,0,0,0
50.299657,0,0,0,0,0,1,0,0,0
50.300116,0,0,0,0,0,0,0,0,1
50.300607,0,0,0,1,0,0,0,0,0
50.304086,0,0,0,0,0,0,1,0,0
50.320332,1,0,0,0,0,0,0,0,0
50.323206,0,0,0,0,1,0,0,0,0
50.333303,0,0,1,0,0,0,0,0,0
50.348238,0,0,0,0,0,1,0,0,0
50.349732,0,0,0,1,0,0,0,0,0
50.351344,0,0,0,0,0,0,1,0,0
50.352018,0,0,0,0,0,0,0,1,0
50.366477,1,0,0,0,0,0,0,0,0
50.371939,0,0,0,0,1,0,0,0,1
50.373119,0,1,0,0,0,0,0,0,0
50.375698,0,0,0,0,0,0,0,1,0
50.396057,0,0,0,0,0,1,0,0,0
50.397300,0,1,0,0,0,0,0,0,0
50.398991,0,0,0,0,0,0,0,0,1
50.399687,0,0,0,1,0,0,0,0,0
50.404030,0,0,1,0,0,0,0,0,0
50.417950,0,0,0,0,0,0,1,0,0
50.433025,1,0,0,0,1,0,0,0,0
50.435296,0,0,1,0,0,0,0,0,0
50.449320,0,0,0,0,0,0,0,1,0
50.451451,0,0,0,1,0,0,0,0,0
50.451720,0,0,0,0,0,1,0,0,0
50.457152,0,0,0,0,0,0,1,0,0
50.457484,0,0,0,0,0,0,0,0,1
50.472304,1,0,0,0,0,0,0,0,0
50.474509,0,1,0,0,0,0,0,0,0
50.492316,0,0,1,0,1,0,0,0,0
50.493278,0,0,0,0,0,0,0,1,0
50.499411,0,0,0,0,0,1,0,0,0
50.500926,0,0,0,1,0,0,0,0,0
50.506618,0,0,0,0,0,0,0,0,1
50.519043,0,0,0,0,0,0,1,0,0
50.521059,0,1,0,0,0,0,0,0,0
50.531760,1,0,0,0,1,0,0,0,0
50.537725,0,0,0,0,0,0,0,1,0
50.538351,0,0,1,0,0,0,0,0,0
50.546426,0,0,0,0,0,1,0,0,0
50.549460,0,0,0,1,0,0,0,0,0
50.554047,0,0,0,0,0,0,1,0,0
50.563142,0,1,0,0,0,0,0,0,0
50.563838,0,0,0,0,0,0,0,0,1
50.566520,1,0,0,0,0,0,0,0,0
50.584962,0,0,0,0,1,0,0,0,0
50.585888,0,0,0,0,0,0,0,1,0
50.596436,0,0,1,0,0,0,0,0,0
50.598637,0,0,0,1,0,0,0,0,0
50.603592,0,0,0,0,0,1,0,0,0
50.603909,0,0,0,0,0,0,0,0,1
50.609525,0,1,0,0,0,0,0,0,0
50.611300,0,0,0,0,0,0,1,0,0
50.629514,1,0,0,0,1,0,0,0,0
50.634938,0,0,0,0,0,0,0,1,0
50.637502,0,0,1,0,0,0,0,0,0
50.650092,0,0,0,1,0,0,0,0,0
50.650971,0,0,0,0,0,1,0,0,0
50.663006,0,1,0,0,0,0,0,0,0
50.667958,0,0,0,0,0,0,0,0,1
50.677166,0,0,0,0,0,0,1,0,0
50.692089,1,0,0,0,0,0,0,0,0
50.697263,0,0,0,0,1,0,0,0,0
50.697652,0,0,0,0,0,0,0,1,0
50.698399,0,0,1,0,0,0,0,0,0
50.700386,0,0,0,0,0,1,0,0,0
50.701152,0,0,0,1,0,0,0,0,0
50.705361,0,0,0,0,0,0,1,0,0
50.708621,0,0,0,0,0,0,0,0,1
50.718450,1,0,0,0,0,0,0,0,0
50.718568,0,1,0,0,0,0,0,0,0
50.744494,0,0,1,0,0,0,0,0,0
50.749132,0,0,0,1,0,0,0,0,0
50.752173,0,0,0,0,0,0,1,0,0
50.752518,0,0,0,0,1,1,0,0,0
50.753072,0,0,0,0,0,0,0,0,1
50.765649,1,0,0,0,0,0,0,0,0
50.771218,0,0,0,0,1,0,0,1,0
50.783458,0,0,0,0,0,0,0,1,0
50.784875,0,0,1,0,0,0,0,0,0
50.796732,0,0,0,0,0,1,0,0,0
50.797104,0,1,0,0,0,0,0,0,0
50.798743,0,0,0,0,0,0,0,0,1
50.801189,0,0,0,1,0,0,0,0,0
50.801322,0,0,0,0,0,0,1,0,0
50.806012,0,1,0,0,0,0,0,0,0
50.816611,1,0,0,0,1,0,0,0,0
50.822831,0,0,0,0,0,0,0,1,0
50.830276,0,0,1,0,0,0,0,0,0
50.845085,0,1,0,0,0,0,0,0,0
50.848816,0,0,0,0,0,1,0,0,0
50.851867,0,0,0,1,0,0,0,0,0
50.859354,0,0,0,0,0,0,1,0,0
50.863157,0,0,0,0,0,0,0,0,1
50.878073,1,0,0,0,0,0,0,0,0
50.898264,0,0,0,0,0,1,0,0,0
50.898391,0,0,0,0,1,0,0,0,0
50.898517,0,0,1,0,0,0,0,0,0
50.899498,0,0,0,0,0,0,0,0,1
50.899712,0,0,0,1,0,0,0,0,0
50.901176,0,0,0,0,0,0,1,0,0
50.905579,0,0,0,0,0,0,0,1,0
50.912458,1,0,0,0,1,0,0,0,0
50.922322,0,0,0,0,0,0,0,1,0
50.935518,0,1,0,0,0,0,0,0,0
50.938987,0,0,1,0,0,0,0,0,0
50.947494,0,0,0,0,0,1,0,0,0
50.948725,0,1,0,0,0,0,0,0,0
50.950374,0,0,0,1,0,0,0,0,0
50.966717,0,0,0,0,0,0,1,0,0
50.971230,0,0,0,0,0,0,0,0,1
50.980074,1,0,0,0,1,0,0,0,0
50.993573,0,0,0,0,0,0,0,1,0
50.999695,0,0,0,1,0,0,0,0,0
51.000114,0,0,0,0,0,1,0,0,0
51.006549,0,0,1,0,0,0,0,0,0
51.007381,0,0,0,0,0,0,1,0,0
51.017699,0,0,0,0,0,0,0,0,1
51.022472,0,1,0,0,0,0,0,0,0
51.022522,1,0,0,0,0,0,0,0,0
51.047075,0,0,0,0,0,1,0,0,0
51.048186,0,0,1,0,0,0,0,0,0
51.049098,0,0,0,1,0,0,0,0,0
51.052339,0,0,0,0,0,0,0,0,1
51.054722,0,0,0,0,1,0,1,0,0
51.058979,0,0,0,0,0,0,0,1,0
51.074522,1,0,0,0,0,0,0,0,0
51.076275,0,0,0,0,1,0,0,0,0
51.080246,0,1,0,0,0,0,0,0,0
51.088757,0,0,1,0,0,0,0,0,0
51.091556,0,0,0,0,0,0,0,1,0
51.100600,0,0,0,1,0,0,0,0,0
51.103665,0,0,0,0,0,1,0,0,0
51.106304,0,0,0,0,0,0,0,0,1
51.118324,0,1,0,0,0,0,0,0,0
51.140567,0,0,0,0,0,0,1,0,0
51.146026,0,0,1,0,0,0,0,0,0
51.150652,0,0,0,1,0,0,0,0,0
51.151066,0,0,0,0,0,1,0,0,0
51.151284,1,0,0,0,0,0,0,0,0
51.153426,0,0,0,0,1,0,0,0,0
51.157156,0,0,0,0,0,0,0,0,1
51.160719,0,0,0,0,0,0,1,0,0
51.170357,0,0,0,0,0,0,0,1,0
51.172510,1,0,0,0,1,0,0,0,0
51.185830,0,0,0,0,0,0,0,1,0
51.190946,0,0,1,0,0,0,0,0,0
51.191006,0,1,0,0,0,0,0,0,0
51.199001,0,0,0,1,0,0,0,0,0
51.202351,0,0,0,0,0,1,0,0,0
51.203869,0,0,0,0,0,0,0,0,1
51.209794,0,0,0,0,0,0,1,0,0
51.212181,0,1,0,0,0,0,0,0,0
51.221864,1,0,0,0,1,0,0,0,0
51.228888,0,0,0,0,0,0,0,1,0
51.237834,0,0,1,0,0,0,0,0,0
51.248498,0,0,0,1,0,0,0,0,0
51.248695,0,0,0,0,0,0,1,0,0
51.251175,0,0,0,0,0,1,0,0,0
51.251827,0,1,0,0,0,0,0,0,0
51.258997,1,0,0,0,1,0,0,0,0
51.265645,0,0,0,0,0,0,0,0,1
51.288710,0,0,0,0,0,0,0,1,0
51.299678,0,0,0,0,0,1,0,0,0
51.300174,0,0,0,0,0,0,0,0,1
51.300263,0,0,0,1,0,0,0,0,0
51.300843,0,0,1,0,0,0,0,0,0
51.301766,0,0,0,0,0,0,1,0,0
51.311770,1,0,0,0,1,0,0,0,0
51.314416,0,0,0,0,0,0,0,1,0
51.315975,0,1,0,0,0,0,0,0,0
51.336228,0,0,1,0,0,0,0,0,0
51.342995,0,1,0,0,0,0,0,0,0
51.349582,0,0,0,0,0,1,0,0,0
51.349949,0,0,0,1,0,0,0,0,0
51.353177,0,0,0,0,0,0,1,0,0
51.356441,0,0,0,0,0,0,0,0,1
51.363278,1,0,0,0,0,0,0,0,0
51.393873,0,0,1,0,1,0,0,0,0
51.397184,0,0,0,0,0,0,0,1,0
51.401238,0,0,0,1,0,0,0,0,0
51.403451,0,0,0,0,0,1,0,0,0
51.410759,0,0,0,0,0,0,0,0,1
51.419117,0,1,0,0,0,0,0,0,0
51.421392,0,0,0,0,0,0,1,0,0
51.432587,1,0,0,0,1,0,0,0,0
51.437240,0,0,0,0,0,0,0,1,0
51.447712,0,0,1,0,0,0,0,0,0
51.448669,0,0,0,0,0,1,0,0,0
51.450849,0,0,0,1,0,0,0,0,0
51.453767,0,0,0,0,0,0,0,0,1
51.457353,0,1,0,0,0,0,0,0,0
51.489966,0,0,1,0,0,0,0,0,0
51.494726,0,0,0,0,0,0,1,0,0
51.501183,0,0,0,1,0,0,0,0,0
51.501905,0,0,0,0,0,1,0,0,0
51.506965,1,0,0,0,1,0,0,0,0
51.516430,0,0,0,0,0,0,0,0,1
51.516448,0,0,0,0,0,0,1,0,0
51.517629,0,0,0,0,0,0,0,1,0
51.533387,1,0,0,0,0,0,0,0,0
51.540393,0,0,0,0,1,0,0,0,0
51.542184,0,1,0,0,0,0,0,0,0
51.548776,0,0,0,0,0,1,0,0,0
51.549867,0,0,0,1,0,0,0,0,0
51.550674,0,0,0,0,0,0,0,1,0
51.553841,0,0,1,0,0,0,0,0,0
51.560718,0,0,0,0,0,0,1,0,0
51.564122,0,0,0,0,0,0,0,0,1
51.574743,1,0,0,0,0,0,0,0,0
51.576719,0,1,0,0,1,0,0,0,0
51.586187,0,0,0,0,0,0,0,1,0
51.598294,0,0,0,0,0,1,0,0,0
51.600087,0,0,0,1,0,0,0,0,0
51.600162,0,0,1,0,0,0,0,0,0
51.606003,0,0,0,0,0,0,1,0,0
51.611462,0,1,0,0,0,0,0,0,0
51.615904,0,0,0,0,0,0,0,0,1
51.620195,1,0,0,0,0,0,0,0,0
51.637711,0,0,0,0,1,0,0,0,0
51.649220,0,0,0,0,0,1,0,0,0
51.650657,0,0,1,0,0,0,0,0,0
51.650803,0,0,0,1,0,0,0,0,0
51.652635,0,0,0,0,0,0,0,1,0
51.656940,0,0,0,0,0,0,1,0,0
51.671953,1,0,0,0,1,0,0,0,0
51.679679,0,0,0,0,0,0,0,0,1
51.679892,0,1,0,0,0,0,0,0,0
51.689167,0,0,0,0,0,0,0,1,0
51.698855,0,0,0,1,0,0,0,0,0
51.699569,0,0,0,0,0,1,0,0,0
51.706344,0,0,0,0,0,0,1,0,0
51.715387,0,1,0,0,0,0,0,0,0
51.719080,0,0,1,0,0,0,0,0,0
51.724063,0,0,0,0,0,0,0,0,1
51.725382,1,0,0,0,0,0,0,0,0
51.736080,0,0,0,0,1,0,0,0,0
51.743884,0,0,0,0,0,0,0,1,0
51.749203,0,0,0,1,0,0,0,0,0
51.752045,0,0,0,0,0,0,1,0,0
51.753410,0,0,0,0,0,1,0,0,0
51.762103,0,0,1,0,0,0,0,0,0
51.762872,0,0,0,0,0,0,0,0,1
51.766783,0,1,0,0,0,0,0,0,0
51.769859,1,0,0,0,1,0,0,0,0
51.785538,0,0,0,0,0,0,0,1,0
51.795319,0,0,1,0,0,0,0,0,0
51.798643,0,0,0,0,0,1,0,0,0
51.800377,0,0,0,1,0,0,0,0,0
51.814195,0,1,0,0,0,0,0,0,0
51.814639,0,0,0,0,0,0,0,0,1
51.814880,0,0,0,0,0,0,1,0,0
51.834147,1,0,0,0,1,0,0,0,0
51.839471,0,0,0,0,0,0,0,1,0
51.848599,0,0,0,0,0,1,0,0,0
51.850073,0,0,0,1,0,0,0,0,0
51.851840,0,0,0,0,0,0,1,0,0
51.854256,0,0,1,0,0,0,0,0,0
51.855713,0,0,0,0,0,0,0,0,1
51.862303,1,0,0,0,1,0,0,0,0
51.864418,0,0,0,0,0,0,0,1,0
51.866458,0,1,0,0,0,0,0,0,0
51.892486,0,1,0,0,0,0,0,0,0
51.893206,0,0,1,0,0,0,0,0,0
51.899732,0,0,0,1,0,0,0,0,0
51.901279,0,0,0,0,0,1,0,0,0
51.901336,0,0,0,0,0,0,0,0,1
51.910902,0,0,0,0,0,0,1,0,0
51.921148,1,0,0,0,1,0,0,0,0
51.923581,0,0,0,0,0,0,0,1,0
51.939491,0,0,1,0,0,0,0,0,0
51.949007,0,0,0,0,0,1,0,0,0
51.949698,0,1,0,0,0,0,0,0,0
51.950287,0,0,0,1,0,0,0,0,0
51.962443,0,0,0,0,0,0,0,0,1
51.969609,0,0,0,0,0,0,1,0,0
51.986252,1,0,0,0,0,0,0,0,0
51.999663,0,0,1,0,1,0,0,0,0
52.000916,0,0,0,1,0,0,0,0,0
52.003794,0,0,0,0,0,1,0,0,0
52.020665,0,0,0,0,0,0,0,0,1
52.023928,0,0,0,0,0,0,0,1,0
52.049682,0,0,0,1,0,0,0,0,0
52.050797,0,0,0,0,0,1,0,0,0
52.051709,0,1,0,0,0,0,0,0,0
52.055801,0,0,0,0,0,0,0,0,1
52.057911,0,0,0,0,0,0,1,0,0
52.060125,0,0,1,0,0,0,0,0,0
52.070863,0,0,0,0,0,0,1,0,0
52.071209,1,0,0,0,0,0,0,0,0
52.076954,0,0,0,0,1,0,0,0,0
52.085879,1,0,0,0,0,0,0,0,0
52.094240,0,0,1,0,1,0,0,0,0
52.097397,0,0,0,0,0,1,0,0,0
52.099687,0,0,0,1,0,0,0,0,0
52.100145,0,0,0,0,0,0,0,1,0
52.100761,0,0,0,0,0,0,0,0,1
52.104555,0,0,0,0,0,0,1,0,0
52.115615,1,0,0,0,1,0,0,0,0
52.120408,0,1,0,0,0,0,0,0,0
52.124691,0,0,0,0,0,0,0,1,0
52.124888,0,0,0,0,0,0,0,1,0
52.137361,0,0,1,0,0,0,0,0,0
52.147837,0,0,0,0,0,1,0,0,0
52.148751,0,0,0,1,0,0,0,0,0
52.150074,0,0,0,0,0,0,0,0,1
52.151406,0,1,0,0,0,0,0,0,0
52.154174,0,1,0,0,0,0,0,0,0
52.163461,0,0,0,0,0,0,1,0,0
52.173859,1,0,0,0,0,0,0,0,0
52.188837,0,0,1,0,0,0,0,0,0
52.191366,0,0,0,0,1,0,0,0,0
52.197309,0,0,0,0,0,1,0,0,0
52.200496,0,0,0,1,0,0,0,0,0
52.201875,0,0,0,0,0,0,0,0,1
52.209445,0,0,0,0,0,0,0,1,0
52.229986,0,0,0,0,0,0,1,0,0
52.235555,0,1,0,0,0,0,0,0,0
52.240046,0,0,1,0,0,0,0,0,0
52.242840,1,0,0,0,0,0,0,0,0
52.250521,0,0,0,0,1,0,0,0,0
52.251629,0,0,0,1,0,0,0,0,0
52.252051,0,0,0,0,0,1,0,0,0
52.260871,0,0,0,0,0,0,0,0,1
52.263178,0,0,0,0,0,0,1,0,0
52.274389,0,0,0,0,0,0,0,1,0
52.278892,1,0,0,0,1,0,0,0,0
52.285846,0,0,0,0,0,0,0,1,0
52.298595,0,0,0,1,0,0,0,0,0
52.299075,0,0,0,0,0,0,1,0,0
52.299477,0,0,1,0,0,0,0,0,0
52.301303,0,0,0,0,0,1,0,0,0
52.302131,0,1,0,0,0,0,0,0,0
52.303927,0,0,0,0,0,0,0,0,1
52.307527,0,1,0,0,0,0,0,0,0
52.311747,1,0,0,0,1,0,0,0,0
52.314554,0,0,0,0,0,0,0,1,0
52.341329,0,0,1,0,0,0,0,0,0
52.343257,0,1,0,0,0,0,0,0,0
52.347092,0,0,0,0,0,1,0,0,0
52.351026,0,0,0,1,0,0,0,0,0
52.354389,0,0,0,0,0,0,1,0,0
52.356847,0,0,0,0,0,0,0,0,1
52.366936,1,0,0,0,0,0,0,0,0
52.383357,0,0,0,0,1,0,0,0,0
52.391086,0,0,0,0,0,0,0,1,0
52.395970,0,0,1,0,0,0,0,0,0
52.400884,0,0,0,1,0,0,0,0,0
52.401496,0,0,0,0,0,1,0,0,0
52.403277,0,0,0,0,0,0,0,0,1
52.413565,0,0,0,0,0,0,1,0,0
52.419934,0,1,0,0,0,0,0,0,0
52.431306,1,0,0,0,1,0,0,0,0
52.438135,0,0,0,0,0,0,0,1,0
52.439591,0,0,1,0,0,0,0,0,0
52.447420,0,0,0,0,0,1,0,0,0
52.448838,0,0,0,1,0,0,0,0,0
52.456819,0,0,0,0,0,0,0,0,1
52.467703,0,1,0,0,0,0,0,0,0
52.472836,0,0,0,0,0,0,1,0,0
52.483243,1,0,0,0,1,0,0,0,0
52.490234,0,0,1,0,0,0,0,0,0
52.500449,0,0,0,1,0,0,0,0,0
52.502786,0,0,0,0,0,0,1,0,0
52.503316,0,0,0,0,0,1,0,0,0
52.511983,0,0,0,0,0,0,0,1,0
52.520023,1,0,0,0,1,0,0,0,0
52.529143,0,0,0,0,0,0,0,0,1
52.533144,0,1,0,0,0,0,0,0,0
52.536306,0,0,0,0,0,0,0,1,0
52.549564,0,0,0,1,0,0,0,0,0
52.552071,0,0,0,0,0,1,0,0,0
52.553907,0,0,0,0,0,0,0,0,1
52.557843,0,1,0,0,0,0,0,0,0
52.560550,0,0,0,0,0,0,1,0,0
52.567075,0,0,1,0,0,0,0,0,0
52.576994,1,0,0,0,0,0,0,0,0
52.593561,0,0,1,0,0,0,0,0,0
52.598471,0,0,0,0,0,1,0,0,0
52.598783,0,0,0,0,1,0,0,0,0
52.599095,0,0,0,1,0,0,0,0,0
52.600954,0,0,0,0,0,0,1,0,0
52.604393,0,0,0,0,0,0,0,0,1
52.605435,0,0,0,0,0,0,0,1,0
52.616661,1,0,0,0,0,0,0,0,0
52.633330,0,1,0,0,0,0,0,0,0
52.636198,0,0,1,0,0,0,0,0,0
52.638912,0,0,0,0,1,0,0,0,0
52.640626,0,0,0,0,0,0,0,1,0
52.646781,0,0,0,0,0,1,0,0,0
52.648881,0,0,0,1,0,0,0,0,0
52.651444,0,0,0,0,0,0,0,0,1
52.663137,0,1,0,0,0,0,0,0,0
52.666366,0,0,0,0,0,0,1,0,0
52.681533,1,0,0,0,1,0,0,0,0
52.687824,0,0,1,0,0,0,0,0,0
52.700074,0,0,0,1,0,0,0,0,0
52.701507,0,0,0,0,0,1,0,0,0
52.704850,0,0,0,0,0,0,1,0,0
52.705394,0,0,0,0,0,0,0,0,1
52.710658,0,0,0,0,0,0,0,1,0
52.718709,1,0,0,0,0,0,0,0,0
52.732059,0,1,0,0,1,0,0,0,0
52.737545,0,0,1,0,0,0,0,0,0
52.743393,0,0,0,0,0,0,0,1,0
52.749070,0,0,0,0,0,1,0,0,0
52.750774,0,0,0,1,0,0,0,0,0
52.757177,0,0,0,0,0,0,0,0,1
52.762829,0,0,0,0,0,0,1,0,0
52.764775,0,1,0,0,0,0,0,0,0
52.776125,1,0,0,0,0,0,0,0,0
52.781762,0,0,0,0,1,0,0,0,0
52.790182,0,0,1,0,0,0,0,0,0
52.790357,0,0,0,0,0,0,0,1,0
52.799236,0,0,0,1,0,0,0,0,0
52.800048,0,0,0,0,0,0,1,0,0
52.801094,0,0,0,0,0,1,0,0,0
52.803425,0,0,0,0,0,0,0,0,1
52.814559,0,1,0,0,0,0,0,0,0
52.818487,1,0,0,0,0,0,0,0,0
52.841708,0,0,1,0,0,0,0,0,0
52.847857,0,0,0,0,1,1,0,0,0
52.850225,0,0,0,1,0,0,0,0,0
52.854308,0,0,0,0,0,0,0,0,1
52.854926,0,0,0,0,0,0,0,1,0
52.858403,0,0,0,0,0,0,1,0,0
52.872645,1,0,0,0,1,0,0,0,0
52.875259,0,1,0,0,0,0,0,0,0
52.883381,0,0,0,0,0,0,0,1,0
52.888431,0,0,1,0,0,0,0,0,0
52.900009,0,0,0,1,0,0,0,0,0
52.901505,0,0,0,0,0,1,0,0,0
52.905178,0,1,0,0,0,0,0,0,0
52.921235,0,0,0,0,0,0,0,0,1
52.936383,0,0,0,0,0,0,1,0,0
52.950527,0,0,0,1,0,0,0,0,0
52.951422,1,0,0,0,0,0,0,0,0
52.953335,0,0,0,0,1,1,0,0,0
52.953655,0,0,0,0,0,0,1,0,0
52.954837,0,0,1,0,0,0,0,0,0
52.967365,0,0,0,0,0,0,0,0,1
52.968187,1,0,0,0,1,0,0,0,0
52.968212,0,0,0,0,0,0,0,1,0
52.985490,0,0,0,0,0,0,0,1,0
52.997520,0,1,0,0,0,0,0,0,0
53.000643,0,0,0,1,0,0,0,0,0
53.001650,0,0,0,0,0,1,0,0,0
53.003344,0,0,1,0,0,0,0,0,0
53.007298,0,0,0,0,0,0,0,0,1
53.010397,0,1,0,0,0,0,0,0,0
53.017126,0,0,0,0,0,0,1,0,0
53.036379,1,0,0,0,1,0,0,0,0
53.038515,0,0,0,0,0,0,0,1,0
53.045889,0,0,1,0,0,0,0,0,0
53.049627,0,0,0,0,0,1,0,0,0
53.051053,0,0,0,1,0,0,0,0,0
53.061905,0,1,0,0,0,0,0,0,0
53.067965,0,0,0,0,0,0,1,0,0
53.068323,0,0,0,0,0,0,0,0,1
53.081248,1,0,0,0,1,0,0,0,0
53.099670,0,0,0,0,0,1,0,0,0
53.100292,0,0,0,1,0,0,0,0,0
53.101887,0,0,0,0,0,0,0,1,0
53.104386,0,0,0,0,0,0,0,0,1
53.107846,0,0,1,0,0,0,0,0,0
53.122615,0,0,0,0,0,0,1,0,0
53.126611,0,1,0,0,0,0,0,0,0
53.140284,1,0,0,0,1,0,0,0,0
53.141034,0,0,1,0,0,0,0,0,0
53.142880,0,0,0,0,0,0,0,1,0
53.150350,0,0,0,1,0,0,0,0,0
53.153470,0,0,0,0,0,1,0,0,0
53.157193,0,0,0,0,0,0,1,0,0
53.165690,0,1,0,0,0,0,0,0,0
53.170582,0,0,0,0,0,0,0,0,1
53.172512,1,0,0,0,0,0,0,0,0
53.199117,0,0,0,0,0,1,0,0,0
53.199329,0,0,0,0,1,0,0,0,0
53.200236,0,0,0,1,0,0,0,0,0
53.203009,0,0,0,0,0,0,0,1,0
53.204731,0,0,0,0,0,0,0,0,1
53.205241,0,0,1,0,0,0,0,0,0
53.226462,0,1,0,0,0,0,0,0,0
53.229533,0,0,0,0,0,0,1,0,0
53.240332,0,0,1,0,0,0,0,0,0
53.243317,1,0,0,0,0,0,0,0,0
53.244444,0,0,0,0,1,0,0,0,0
53.245490,0,0,0,0,0,0,0,1,0
53.247764,0,0,0,0,0,1,0,0,0
53.248685,0,0,0,1,0,0,0,0,0
53.253441,0,0,0,0,0,0,0,0,1
53.265377,0,0,0,0,0,0,1,0,0
53.271760,0,1,0,0,0,0,0,0,0
53.283588,1,0,0,0,0,0,0,0,0
53.290425,0,0,1,0,1,0,0,0,0
53.297493,0,0,0,0,0,0,0,1,0
53.298361,0,0,0,0,0,1,0,0,0
53.301220,0,0,0,1,0,0,0,0,0
53.309140,0,0,0,0,0,0,0,0,1
53.311038,0,0,0,0,0,0,1,0,0
53.324183,0,1,0,0,0,0,0,0,0
53.324663,1,0,0,0,0,0,0,0,0
53.333723,0,0,0,0,1,0,0,0,0
53.334439,0,0,0,0,0,0,0,1,0
53.346718,0,0,0,0,0,1,0,0,0
53.349043,0,0,1,0,0,0,0,0,0
53.350377,0,0,0,1,0,0,0,0,0
53.358005,0,1,0,0,0,0,0,0,0
53.361788,0,0,0,0,0,0,0,0,1
53.364579,0,0,0,0,0,0,1,0,0
53.378186,1,0,0,0,0,0,0,0,0
53.397020,0,0,1,0,0,0,0,0,0
53.400401,0,0,0,0,1,1,0,0,0
53.401424,0,0,0,1,0,0,0,0,0
53.406882,0,0,0,0,0,0,0,0,1
53.408814,0,0,0,0,0,0,0,1,0
53.411083,0,0,0,0,0,0,1,0,0
53.425123,1,0,0,0,1,0,0,0,0
53.426234,0,0,0,0,0,0,0,1,0
53.429617,0,1,0,0,0,0,0,0,0
53.444819,0,0,1,0,0,0,0,0,0
53.446530,0,0,0,0,0,1,0,0,0
53.450692,0,0,0,1,0,0,0,0,0
53.452362,0,0,0,0,0,0,0,0,1
53.455171,0,1,0,0,0,0,0,0,0
53.464600,0,0,0,0,0,0,1,0,0
53.482528,1,0,0,0,1,0,0,0,0
53.488501,0,0,1,0,0,0,0,0,0
53.491341,0,0,0,0,0,0,0,1,0
53.499567,0,0,0,1,0,0,0,0,0
53.500730,0,0,0,0,0,1,0,0,0
53.501600,0,0,0,0,0,0,1,0,0
53.501668,0,0,0,0,0,0,0,0,1
53.515050,0,1,0,0,0,0,0,0,0
53.516379,1,0,0,0,1,0,0,0,0
53.520768,0,0,0,0,0,0,0,1,0
53.540686,0,0,1,0,0,0,0,0,0
53.544073,0,1,0,0,0,0,0,0,0
53.546862,0,0,0,0,0,1,0,0,0
53.548172,0,0,0,0,0,0,0,0,1
53.549142,0,0,0,1,0,0,0,0,0
53.555438,0,0,0,0,0,0,1,0,0
53.574751,1,0,0,0,0,0,0,0,0
53.585097,0,0,1,0,1,0,0,0,0
53.592234,0,0,0,0,0,0,0,1,0
53.598713,0,0,0,0,0,1,0,0,0
53.601108,0,0,0,1,0,0,0,0,0
53.606234,0,0,0,0,0,0,1,0,0
53.607411,0,0,0,0,0,0,0,0,1
53.614617,0,1,0,0,0,0,0,0,0
53.621705,1,0,0,0,0,0,0,0,0
53.646086,0,0,1,0,0,0,0,0,0
53.647215,0,0,0,0,1,1,0,0,0
53.648269,0,0,0,0,0,0,0,1,0
53.648611,0,0,0,1,0,0,0,0,0
53.653055,0,0,0,0,0,0,1,0,0
53.661340,0,0,0,0,0,0,0,0,1
53.663779,1,0,0,0,0,0,0,0,0
53.670247,0,0,0,0,1,0,0,0,0
53.672391,0,1,0,0,0,0,0,0,0
53.680701,0,0,0,0,0,0,0,1,0
53.695844,0,0,1,0,0,0,0,0,0
53.700032,0,0,0,0,0,1,0,0,0
53.700877,0,0,0,1,0,0,0,0,0
53.705767,0,1,0,0,0,0,0,0,0
53.709201,0,0,0,0,0,0,1,0,0
53.712032,0,0,0,0,0,0,0,0,1
53.721866,1,0,0,0,0,0,0,0,0
53.743136,0,0,0,0,1,0,0,0,0
53.748424,0,0,0,1,0,0,0,0,0
53.749271,0,0,1,0,0,0,0,0,0
53.752078,0,0,0,0,0,1,0,0,0
53.754805,0,0,0,0,0,0,0,1,0
53.761625,0,0,0,0,0,0,0,0,1
53.770709,0,0,0,0,0,0,1,0,0
53.777055,0,1,0,0,0,0,0,0,0
53.784216,1,0,0,0,0,0,0,0,0
53.791699,0,0,0,0,1,0,0,0,0
53.793543,0,0,0,0,0,0,0,1,0
53.797464,0,0,1,0,0,0,0,0,0
53.797811,0,0,0,0,0,1,0,0,0
53.799640,0,0,0,1,0,0,0,0,0
53.808655,0,0,0,0,0,0,1,0,0
53.813596,0,0,0,0,0,0,0,0,1
53.814183,0,1,0,0,0,0,0,0,0
53.823417,1,0,0,0,1,0,0,0,0
53.833693,0,0,0,0,0,0,0,1,0
53.848235,0,0,0,1,0,0,0,0,0
53.850323,0,0,1,0,0,0,0,0,0
53.852643,0,0,0,0,0,1,0,0,0
53.854434,0,1,0,0,0,0,0,0,0
53.856943,0,0,0,0,0,0,0,0,1
53.860288,0,0,0,0,0,0,1,0,0
53.870985,1,0,0,0,1,0,0,0,0
53.879165,0,0,0,0,0,0,0,1,0
53.895212,0,0,1,0,0,0,0,0,0
53.901368,0,0,0,1,0,0,0,0,0
53.902387,0,1,0,0,0,0,0,0,0
53.902999,0,0,0,0,0,1,0,0,0
53.905886,0,0,0,0,0,0,0,0,1
53.910452,0,0,0,0,0,0,1,0,0
53.921622,1,0,0,0,0,0,0,0,0
53.943644,0,0,1,0,0,0,0,0,0
53.949047,0,0,0,1,0,0,0,0,0
53.949419,0,0,0,0,0,0,1,0,0
53.950061,0,0,0,0,1,1,0,0,0
53.956743,0,0,0,0,0,0,0,1,0
53.957948,0,0,0,0,0,0,0,0,1
53.963750,1,0,0,0,0,0,0,0,0
53.982880,0,1,0,0,1,0,0,0,0
53.989824,0,0,1,0,0,0,0,0,0
53.995485,0,0,0,0,0,0,0,1,0
53.997828,0,0,0,0,0,1,0,0,0
53.998072,0,0,0,0,0,0,0,0,1
54.000368,0,0,0,1,0,0,0,0,0
54.003424,0,0,0,0,0,0,1,0,0
54.014972,1,0,0,0,0,0,0,0,0
54.016238,0,1,0,0,0,0,0,0,0
54.036669,0,0,1,0,1,0,0,0,0
54.036915,0,0,0,0,0,0,0,1,0
54.047599,0,0,0,0,0,1,0,0,0
54.049592,0,0,0,1,0,0,0,0,0
54.051372,0,0,0,0,0,0,0,0,1
54.054798,0,0,0,0,0,0,1,0,0
54.064439,0,1,0,0,0,0,0,0,0
54.066844,1,0,0,0,0,0,0,0,0
54.078742,0,0,0,0,1,0,0,0,0
54.088580,0,0,1,0,0,0,0,0,0
54.092950,0,0,0,0,0,0,0,1,0
54.100070,0,0,0,0,0,1,0,0,0
54.100789,0,0,0,1,0,0,0,0,0
54.101523,0,0,0,0,0,0,0,0,1
54.113179,0,1,0,0,0,0,0,0,0
54.129259,0,0,0,0,0,0,1,0,0
54.132943,0,0,1,0,0,0,0,0,0
54.140057,1,0,0,0,1,0,0,0,0
54.145244,0,0,0,0,0,0,0,1,0
54.147631,0,0,0,0,0,1,0,0,0
54.149907,0,0,0,1,0,0,0,0,0
54.166879,0,0,0,0,0,0,0,0,1
54.167453,0,0,0,0,0,0,1,0,0
54.172262,0,1,0,0,0,0,0,0,0
54.180877,1,0,0,0,0,0,0,0,0
54.199365,0,0,0,1,0,0,0,0,0
54.199591,0,0,0,0,1,1,0,0,0
54.200042,0,0,1,0,0,0,0,0,0
54.206552,0,0,0,0,0,0,0,1,0
54.206924,0,0,0,0,0,0,0,0,1
54.211672,0,0,0,0,0,0,1,0,0
54.224014,1,0,0,0,1,0,0,0,0
54.230052,0,0,0,0,0,0,0,1,0
54.230524,0,1,0,0,0,0,0,0,0
54.237498,0,0,1,0,0,0,0,0,0
54.250746,0,0,0,1,0,0,0,0,0
54.251168,0,0,0,0,0,1,0,0,0
54.251440,0,0,0,0,0,0,1,0,0
54.252209,0,1,0,0,0,0,0,0,0
54.255735,0,0,0,0,0,0,0,0,1
54.261827,1,0,0,0,1,0,0,0,0
54.269136,0,0,0,0,0,0,0,1,0
54.288851,0,0,1,0,0,0,0,0,0
54.291740,0,1,0,0,0,0,0,0,0
54.300337,0,0,0,1,0,0,0,0,0
54.300928,0,0,0,0,0,0,1,0,0
54.302093,0,0,0,0,0,1,0,0,0
54.314707,1,0,0,0,1,0,0,0,0
54.317304,0,0,0,0,0,0,0,0,1
54.325853,0,0,0,0,0,0,0,1,0
54.349165,0,1,0,0,0,0,0,0,0
54.349229,0,0,0,1,0,0,0,0,0
54.349703,0,0,1,0,0,0,0,0,0
54.352810,0,0,0,0,0,0,1,0,0
54.352907,0,0,0,0,0,1,0,0,0
54.362344,0,0,0,0,0,0,0,0,1
54.366282,1,0,0,0,1,0,0,0,0
54.367566,0,0,0,0,0,0,0,1,0
54.387806,0,1,0,0,0,0,0,0,0
54.397494,0,0,0,0,0,1,0,0,0
54.398468,0,0,1,0,0,0,0,0,0
54.400190,0,0,0,0,0,0,0,0,1
54.400250,0,0,0,1,0,0,0,0,0
54.405626,0,0,0,0,0,0,1,0,0
54.418852,1,0,0,0,1,0,0,0,0
54.431831,0,0,1,0,0,0,0,0,0
54.433208,0,0,0,0,0,0,0,1,0
54.448789,0,0,0,1,0,0,0,0,0
54.452919,0,0,0,0,0,1,0,0,0
54.454676,0,0,0,0,0,0,0,0,1
54.457184,0,1,0,0,0,0,0,0,0
54.464264,0,0,0,0,0,0,1,0,0
54.481410,1,0,0,0,1,0,0,0,0
54.484981,0,0,0,0,0,0,0,1,0
54.490000,0,0,1,0,0,0,0,0,0
54.498450,0,0,0,1,0,0,0,0,0
54.499126,0,0,0,0,0,1,0,0,0
54.502280,0,0,0,0,0,0,0,0,1
54.504345,0,0,0,0,0,0,1,0,0
54.512110,0,1,0,0,0,0,0,0,0
54.520490,1,0,0,0,1,0,0,0,0
54.526834,0,0,0,0,0,0,0,1,0
54.541630,0,0,1,0,0,0,0,0,0
54.549768,0,0,0,1,0,0,0,0,0
54.551329,0,1,0,0,0,0,0,0,0
54.553796,0,0,0,0,0,1,0,0,0
54.556253,0,0,0,0,0,0,1,0,0
54.571207,1,0,0,0,0,0,0,0,0
54.582718,0,0,0,0,1,0,0,0,1
54.596379,0,0,0,0,0,1,0,0,0
54.599590,0,0,0,1,0,0,0,0,0
54.605833,0,0,0,0,0,0,1,0,0
54.610468,0,0,0,0,0,0,0,0,1
54.618812,0,0,1,0,0,0,0,0,0
54.623753,1,0,0,0,0,0,0,0,0
54.628338,0,0,0,0,1,0,0,0,0
54.629623,0,0,0,0,0,0,0,1,0
54.630362,0,0,0,0,0,0,0,1,0
54.640720,0,0,1,0,0,0,0,0,0
54.649922,0,1,0,0,0,0,0,0,0
54.650318,0,0,0,1,0,0,0,0,0
54.651638,0,1,0,0,0,0,0,0,0
54.651942,0,0,0,0,0,0,1,0,0
54.652709,0,0,0,0,0,1,0,0,0
54.656776,0,0,0,0,0,0,0,0,1
54.664446,1,0,0,0,0,0,0,0,0
54.693171,0,0,1,0,0,0,0,0,0
54.696901,0,0,0,0,1,1,0,0,0
54.700394,0,0,0,1,0,0,0,0,0
54.703582,0,0,0,0,0,0,0,1,0
54.707610,0,0,0,0,0,0,0,0,1
54.724098,0,1,0,0,0,0,0,0,0
54.745337,0,0,1,0,0,0,0,0,0
54.746075,0,0,0,0,0,0,1,0,0
54.746755,0,0,0,0,0,1,0,0,0
54.749919,0,0,0,1,0,0,0,0,0
54.750656,0,0,0,0,0,0,0,0,1
54.756282,0,0,0,0,0,0,1,0,0
54.756391,1,0,0,0,1,0,0,0,0
54.772057,1,0,0,0,0,0,0,0,0
54.778200,0,0,0,0,1,0,0,1,0
54.783499,0,0,0,0,0,0,0,1,0
54.786107,0,0,1,0,0,0,0,0,0
54.798677,0,1,0,0,0,0,0,0,0
54.799702,0,0,0,1,0,0,0,0,0
54.799968,0,0,0,0,0,1,0,0,0
54.801330,0,0,0,0,0,0,0,0,1
54.801942,0,0,0,0,0,0,1,0,0
54.806787,0,1,0,0,0,0,0,0,0
54.812858,1,0,0,0,0,0,0,0,0
54.831359,0,0,1,0,1,0,0,0,0
54.837743,0,0,0,0,0,0,0,1,0
54.849381,0,0,0,1,0,0,0,0,0
54.852505,0,0,0,0,0,1,0,0,0
54.856887,0,0,0,0,0,0,0,0,1
54.857072,0,0,0,0,0,0,1,0,0
54.863073,0,1,0,0,0,0,0,0,0
54.867833,1,0,0,0,0,0,0,0,0
54.892306,0,0,1,0,1,0,0,0,0
54.897881,0,0,0,0,0,0,0,1,0
54.899543,0,0,0,1,0,0,0,0,0
54.901187,0,0,0,0,0,1,0,0,0
54.911820,0,0,0,0,0,0,1,0,0
54.919209,0,1,0,0,0,0,0,0,0
54.927537,0,0,0,0,0,0,0,0,1
54.929428,1,0,0,0,1,0,0,0,0
54.931150,0,0,0,0,0,0,0,1,0
54.950615,0,0,0,1,0,0,0,0,0
54.952291,0,0,0,0,0,1,0,0,0
54.953953,0,0,0,0,0,0,0,0,1
54.956740,0,1,0,0,0,0,0,0,0
54.959192,0,0,0,0,0,0,1,0,0
54.959308,0,0,1,0,0,0,0,0,0
54.969921,1,0,0,0,1,0,0,0,0
54.984822,0,0,1,0,0,0,0,0,0
54.984851,0,0,0,0,0,0,0,1,0
54.998085,0,0,0,0,0,1,0,0,0
54.998573,0,0,0,1,0,0,0,0,0
54.999898,0,0,0,0,0,0,1,0,0
55.007009,0,1,0,0,0,0,0,0,0
55.014892,1,0,0,0,0,0,0,0,0
55.019130,0,0,0,0,0,0,0,0,1
55.024088,0,0,0,0,1,0,0,0,0
55.026108,0,0,0,0,0,0,0,1,0
55.046159,0,1,0,0,0,0,0,0,0
55.050595,0,0,0,1,0,0,0,0,0
55.052247,0,0,0,0,0,1,0,0,0
55.054189,0,0,0,0,0,0,1,0,0
55.054472,0,0,0,0,0,0,0,0,1
55.058652,0,0,1,0,0,0,0,0,0
55.074041,1,0,0,0,1,0,0,0,0
55.080056,0,0,0,0,0,0,0,1,0
55.088993,0,0,1,0,0,0,0,0,0
55.099905,0,0,0,1,0,0,0,0,0
55.099962,0,0,0,0,0,0,1,0,0
55.101999,0,1,0,0,0,0,0,0,0
55.102735,0,0,0,0,0,1,0,0,0
55.112062,1,0,0,0,0,0,0,0,0
55.120074,0,0,0,0,0,0,0,0,1
55.125030,0,0,0,0,1,0,0,0,0
55.130103,0,0,0,0,0,0,0,1,0
55.149584,0,0,0,1,0,0,0,0,0
55.151216,0,0,0,0,0,1,0,0,0
55.152505,0,0,1,0,0,0,0,0,0
55.155134,0,0,0,0,0,0,0,0,1
55.159639,0,1,0,0,0,0,0,0,0
55.160306,0,0,0,0,0,0,1,0,0
55.173242,1,0,0,0,0,0,0,0,0
55.192827,0,0,1,0,0,0,0,0,0
55.199935,0,0,0,1,1,0,0,0,0
55.201828,0,0,0,0,0,1,0,0,0
55.203585,0,0,0,0,0,0,0,1,0
55.210610,0,0,0,0,0,0,1,0,0
55.221880,0,0,0,0,0,0,0,0,1
55.224548,0,1,0,0,0,0,0,0,0
55.228188,1,0,0,0,0,0,0,0,0
55.248858,0,0,0,1,1,0,0,0,0
55.253830,0,0,0,0,0,1,0,0,0
55.255844,0,0,0,0,0,0,0,1,0
55.257998,0,0,1,0,0,0,0,0,0
55.271646,0,0,0,0,0,0,0,0,1
55.273830,0,0,0,0,0,0,1,0,0
55.278136,0,1,0,0,0,0,0,0,0
55.284950,1,0,0,0,1,0,0,0,0
55.292594,0,0,0,0,0,0,0,1,0
55.300028,0,0,0,1,0,0,0,0,0
55.302637,0,0,1,0,0,0,0,0,0
55.302924,0,0,0,0,0,1,0,0,0
55.303517,0,0,0,0,0,0,1,0,0
55.313113,0,0,0,0,0,0,0,0,1
55.319369,1,0,0,0,0,0,0,0,0
55.319791,0,0,0,0,1,0,0,0,0
55.320212,0,1,0,0,0,0,0,0,0
55.349364,0,0,0,1,0,0,0,0,0
55.350123,0,0,0,0,0,1,0,0,0
55.350589,0,0,1,0,0,0,0,0,0
55.350739,0,0,0,0,0,0,0,0,1
55.351881,0,0,0,0,0,0,1,0,0
55.361895,1,0,0,0,1,0,0,0,0
55.381147,0,0,0,0,0,0,0,1,0
55.385222,0,0,0,0,0,0,0,1,0
55.390003,0,0,1,0,0,0,0,0,0
55.399515,0,0,0,0,0,1,0,0,0
55.400708,0,0,0,1,0,0,0,0,0
55.405505,0,1,0,0,0,0,0,0,0
55.408342,0,0,0,0,0,0,1,0,0
55.411583,0,1,0,0,0,0,0,0,0
55.425120,0,0,0,0,0,0,0,0,1
55.427475,1,0,0,0,0,0,0,0,0
55.449640,0,0,0,0,1,1,0,0,0
55.449674,0,0,0,1,0,0,0,0,0
55.451604,0,0,0,0,0,0,1,0,0
55.457022,0,0,0,0,0,0,0,0,1
55.459359,0,0,1,0,0,0,0,0,0
55.466415,1,0,0,0,1,0,0,0,0
55.467250,0,0,0,0,0,0,0,1,0
55.483398,0,0,0,0,0,0,0,1,0
55.491299,0,1,0,0,0,0,0,0,0
55.493086,0,0,1,0,0,0,0,0,0
55.501286,0,0,0,1,0,0,0,0,0
55.501672,0,0,0,0,0,1,0,0,0
55.503689,0,0,0,0,0,0,1,0,0
55.512644,0,1,0,0,0,0,0,0,0
55.519465,1,0,0,0,0,0,0,0,0
55.531117,0,0,0,0,0,0,0,0,1
55.550030,0,0,0,1,0,0,0,0,0
55.550359,0,0,0,0,0,1,0,0,0
55.554398,0,0,0,0,0,0,0,0,1
55.555487,0,0,0,0,1,0,0,0,0
55.557326,0,0,0,0,0,0,1,0,0
55.565635,0,0,0,0,0,0,0,1,0
55.570252,0,0,1,0,0,0,0,0,0
55.575247,1,0,0,0,1,0,0,0,0
55.592393,0,0,1,0,0,0,0,0,0
55.592586,0,1,0,0,0,0,0,0,0
55.593072,0,0,0,0,0,0,0,1,0
55.597583,0,0,0,0,0,1,0,0,0
55.600414,0,0,0,1,0,0,0,0,0
55.606954,0,0,0,0,0,0,0,0,1
55.608492,0,0,0,0,0,0,1,0,0
55.614336,0,1,0,0,0,0,0,0,0
55.620483,1,0,0,0,1,0,0,0,0
55.642580,0,0,0,0,0,0,0,1,0
55.645741,0,0,1,0,0,0,0,0,0
55.650118,0,0,0,1,0,0,0,0,0
55.651238,0,0,0,0,0,1,0,0,0
55.656006,0,0,0,0,0,0,0,0,1
55.664702,0,1,0,0,0,0,0,0,0
55.669076,0,0,0,0,0,0,1,0,0
55.684751,1,0,0,0,1,0,0,0,0
55.689604,0,0,1,0,0,0,0,0,0
55.698201,0,0,0,0,0,1,0,0,0
55.700090,0,0,0,1,0,0,0,0,0
55.704800,0,0,0,0,0,0,1,0,0
55.708915,0,0,0,0,0,0,0,1,0
55.715596,1,0,0,0,0,0,0,0,0
55.717603,0,0,0,0,1,0,0,0,0
55.720393,0,0,0,0,0,0,0,0,1
55.722074,0,0,0,0,0,0,0,1,0
55.733046,0,1,0,0,0,0,0,0,0
55.745385,0,1,0,0,0,0,0,0,0
55.749607,0,0,0,1,0,0,0,0,0
55.753276,0,0,0,0,0,0,1,0,0
55.753969,0,0,0,0,0,1,0,0,0
55.754510,0,0,0,0,0,0,0,0,1
55.755744,0,0,1,0,0,0,0,0,0
55.772982,1,0,0,0,1,0,0,0,0
55.774426,0,0,0,0,0,0,0,1,0
55.790997,0,0,1,0,0,0,0,0,0
55.799462,0,0,0,1,0,0,0,0,0
55.801769,0,0,0,0,0,1,0,0,0
55.803171,0,1,0,0,0,0,0,0,0
55.807966,0,0,0,0,0,0,1,0,0
55.808290,0,0,0,0,0,0,0,0,1
55.823030,1,0,0,0,0,0,0,0,0
55.843325,0,0,1,0,0,0,0,0,0
55.849287,0,0,0,0,0,1,0,0,0
55.849605,0,0,0,1,1,0,0,0,0
55.852822,0,0,0,0,0,0,1,0,0
55.863644,1,0,0,0,0,0,0,0,0
55.863892,0,0,0,0,1,0,0,0,0
55.864757,0,0,0,0,0,0,0,0,1
55.866541,0,0,0,0,0,0,0,1,0
55.871883,0,0,0,0,0,0,0,1,0
55.888744,0,1,0,0,0,0,0,0,0
55.896630,0,1,0,0,0,0,0,0,0
55.900013,0,0,1,0,0,0,0,0,0
55.900462,0,0,0,1,0,0,0,0,0
55.900986,0,0,0,0,0,1,0,0,0
55.906814,0,0,0,0,0,0,1,0,0
55.908056,0,0,0,0,0,0,0,0,1
55.921102,1,0,0,0,1,0,0,0,0
55.929764,0,0,0,0,0,0,0,1,0
55.941223,0,0,1,0,0,0,0,0,0
55.949372,0,0,0,1,0,0,0,0,0
55.950503,0,0,0,0,0,1,0,0,0
55.953343,0,0,0,0,0,0,0,0,1
55.954148,0,0,0,0,0,0,1,0,0
55.956247,0,1,0,0,0,0,0,0,0
55.968363,1,0,0,0,0,0,0,0,0
55.992741,0,0,1,0,0,0,0,0,0
55.999537,0,0,0,1,1,0,0,0,0
56.001096,0,0,0,0,0,1,0,0,0
56.002107,0,0,0,0,0,0,0,0,1
56.008214,0,0,0,0,0,0,1,0,0
56.020840,0,0,0,0,0,0,0,1,0
56.023840,1,0,0,0,1,0,0,0,0
56.033071,0,0,0,0,0,0,0,1,0
56.033546,0,0,1,0,0,0,0,0,0
56.044198,0,1,0,0,0,0,0,0,0
56.049406,0,0,0,0,0,1,0,0,0
56.049637,0,0,0,1,0,0,0,0,0
56.051160,0,0,0,0,0,0,0,0,1
56.059092,0,1,0,0,0,0,0,0,0
56.064996,0,0,0,0,0,0,1,0,0
56.081597,1,0,0,0,1,0,0,0,0
56.084358,0,0,0,0,0,0,0,1,0
56.087714,0,0,1,0,0,0,0,0,0
56.100951,0,0,0,1,0,0,0,0,0
56.102176,0,0,0,0,0,1,0,0,0
56.102177,0,0,0,0,0,0,0,0,1
56.106191,0,1,0,0,0,0,0,0,0
56.108559,0,0,0,0,0,0,1,0,0
56.126329,1,0,0,0,0,0,0,0,0
56.136351,0,0,0,0,1,0,0,0,0
56.139751,0,0,1,0,0,0,0,0,0
56.151090,0,0,0,1,0,0,0,0,0
56.152872,0,0,0,0,0,1,0,0,0
56.153548,0,0,0,0,0,0,1,0,0
56.157947,0,0,0,0,0,0,0,0,1
56.159529,0,0,0,0,0,0,0,1,0
56.166995,1,0,0,0,0,0,0,0,0
56.185579,0,1,0,0,0,0,0,0,0
56.190741,0,0,1,0,0,0,0,0,0
56.200262,0,0,0,1,0,0,0,0,0
56.200590,0,0,0,0,1,1,0,0,0
56.202593,0,0,0,0,0,0,0,1,0
56.203463,0,0,0,0,0,0,1,0,0
56.203802,0,0,0,0,0,0,0,0,1
56.214511,1,0,0,0,1,0,0,0,0
56.215723,0,0,0,0,0,0,0,1,0
56.226239,0,1,0,0,0,0,0,0,0
56.239740,0,1,0,0,0,0,0,0,0
56.242377,0,0,1,0,0,0,0,0,0
56.247552,0,0,0,0,0,1,0,0,0
56.250348,0,0,0,1,0,0,0,0,0
56.250903,0,0,0,0,0,0,0,0,1
56.266738,0,0,0,0,0,0,1,0,0
56.286662,1,0,0,0,0,0,0,0,0
56.287389,0,0,1,0,1,0,0,0,0
56.288082,0,0,0,0,0,0,0,1,0
56.298582,0,0,0,0,0,1,0,0,0
56.300168,0,0,0,1,0,0,0,0,0
56.303057,0,0,0,0,0,0,1,0,0
56.314383,1,0,0,0,0,0,0,0,0
56.315511,0,1,0,0,0,0,0,0,0
56.318248,0,0,0,0,0,0,0,0,1
56.349474,0,0,0,0,0,1,0,0,0
56.350503,0,0,0,1,1,0,0,0,0
56.351390,0,0,0,0,0,0,0,1,0
56.354400,0,0,0,0,0,0,0,0,1
56.356052,0,0,0,0,0,0,1,0,0
56.356796,0,0,1,0,0,0,0,0,0
56.366316,1,0,0,0,0,0,0,0,0
56.377354,0,1,0,0,0,0,0,0,0
56.378703,0,0,0,0,1,0,0,0,0
56.387904,0,0,1,0,0,0,0,0,0
56.387975,0,0,0,0,0,0,0,1,0
56.399263,0,0,0,0,0,1,0,0,0
56.400031,0,0,0,1,0,0,0,0,0
56.407196,0,0,0,0,0,0,1,0,0
56.417007,0,1,0,0,0,0,0,0,0
56.419477,1,0,0,0,0,0,0,0,0
56.421776,0,0,0,0,0,0,0,0,1
56.447333,0,0,0,0,1,1,0,0,0
56.450031,0,0,0,1,0,0,0,0,0
56.450954,0,0,0,0,0,0,1,0,0
56.452450,0,0,0,0,0,0,0,1,0
56.458234,0,0,1,0,0,0,0,0,0
56.462401,1,0,0,0,0,0,0,0,0
56.480031,0,1,0,0,0,0,0,0,0
56.480504,0,0,0,0,1,0,0,0,0
56.480977,0,0,0,0,0,0,0,0,1
56.496887,0,0,0,0,0,1,0,0,0
56.499928,0,0,0,1,0,0,0,0,0
56.501511,0,0,0,0,0,0,1,0,0
56.501737,0,0,0,0,0,0,0,0,1
56.512748,0,0,1,0,0,0,0,0,0
56.517982,1,0,0,0,1,0,0,0,0
56.518551,0,0,0,0,0,0,0,1,0
56.527144,0,0,0,0,0,0,0,1,0
56.537453,0,0,1,0,0,0,0,0,0
56.543574,0,1,0,0,0,0,0,0,0
56.550043,0,0,0,1,0,0,0,0,0
56.551196,0,1,0,0,0,0,0,0,0
56.551320,0,0,0,0,0,0,1,0,0
56.551642,0,0,0,0,0,1,0,0,0
56.553059,0,0,0,0,0,0,0,0,1
56.562385,1,0,0,0,1,0,0,0,0
56.590722,0,0,1,0,0,0,0,0,0
56.598172,0,0,0,1,0,0,0,0,0
56.602086,0,0,0,0,0,0,0,1,0
56.602514,0,0,0,0,0,1,0,0,0
56.604782,0,0,0,0,0,0,1,0,0
56.611766,0,0,0,0,0,0,0,0,1
56.616901,1,0,0,0,1,0,0,0,0
56.622975,0,1,0,0,0,0,0,0,0
56.627034,0,0,0,0,0,0,0,1,0
56.643415,0,0,1,0,0,0,0,0,0
56.649562,0,0,0,1,0,0,0,0,0
56.653569,0,1,0,0,0,0,0,0,0
56.653862,0,0,0,0,0,0,1,0,0
56.653863,0,0,0,0,0,1,0,0,0
56.667726,1,0,0,0,0,0,0,0,0
56.683797,0,0,0,0,0,0,0,0,1
56.700228,0,0,0,1,0,0,0,0,0
56.701004,0,0,0,0,1,1,0,0,0
56.704034,0,0,0,0,0,0,1,0,0
56.705399,0,0,0,0,0,0,0,0,1
56.710679,0,0,0,0,0,0,0,1,0
56.716319,1,0,0,0,1,0,0,0,0
56.716355,0,0,1,0,0,0,0,0,0
56.740210,0,0,1,0,0,0,0,0,0
56.740502,0,1,0,0,0,0,0,0,0
56.749072,0,0,0,0,0,1,0,0,0
56.750523,0,0,0,1,0,0,0,0,0
56.762291,0,0,0,0,0,0,1,0,0
56.762689,0,0,0,0,0,0,0,0,1
56.770687,0,0,0,0,0,0,0,1,0
56.777307,1,0,0,0,0,0,0,0,0
56.793914,0,1,0,0,1,0,0,0,0
56.794448,0,0,1,0,0,0,0,0,0
56.800654,0,0,0,1,0,0,0,0,0
56.801217,0,0,0,0,0,1,0,0,0
56.803490,0,0,0,0,0,0,0,0,1
56.803657,0,0,0,0,0,0,1,0,0
56.806563,0,0,0,0,0,0,0,1,0
56.822177,1,0,0,0,0,0,0,0,0
56.829435,0,1,0,0,0,0,0,0,0
56.838954,0,0,1,0,1,0,0,0,0
56.850790,0,0,0,1,0,0,0,0,0
56.851065,0,0,0,0,0,1,0,0,0
56.851872,0,0,0,0,0,0,0,0,1
56.855933,0,0,0,0,0,0,0,1,0
56.881234,0,1,0,0,0,0,0,0,0
56.882641,0,0,0,0,0,0,1,0,0
56.890167,0,0,1,0,0,0,0,0,0
56.898681,1,0,0,0,0,0,0,0,0
56.899627,0,0,0,1,0,0,0,0,0
56.900620,0,0,0,0,1,0,0,0,0
56.901189,0,0,0,0,0,1,0,0,0
56.902166,0,0,0,0,0,0,0,0,1
56.902281,0,0,0,0,0,0,0,1,0
56.908230,0,0,0,0,0,0,1,0,0
56.927155,0,1,0,0,0,0,0,0,0
56.927421,1,0,0,0,0,0,0,0,0
56.940745,0,0,1,0,1,0,0,0,0
56.948925,0,0,0,1,0,0,0,0,0
56.953123,0,0,0,0,0,1,0,0,0
56.953891,0,0,0,0,0,0,1,0,0
56.961537,0,0,0,0,0,0,0,1,0
56.964195,0,0,0,0,0,0,0,0,1
56.969623,1,0,0,0,0,0,0,0,0
56.985573,0,1,0,0,1,0,0,0,0
56.997184,0,0,0,0,0,0,0,1,0
56.998554,0,0,0,1,0,0,0,0,0
56.998555,0,0,0,0,0,1,0,0,0
57.004080,0,0,1,0,0,0,0,0,0
57.004493,0,0,0,0,0,0,0,0,1
57.013293,0,0,0,0,0,0,1,0,0
57.020442,0,1,0,0,0,0,0,0,0
57.026864,1,0,0,0,0,0,0,0,0
57.039442,0,0,1,0,0,0,0,0,0
57.050511,0,0,0,1,1,0,0,0,0
57.050922,0,0,0,0,0,0,0,1,0
57.051871,0,0,0,0,0,1,0,0,0
57.052106,0,0,0,0,0,0,1,0,0
57.055661,0,0,0,0,0,0,0,0,1
57.065235,1,0,0,0,1,0,0,0,0
57.074543,0,0,0,0,0,0,0,1,0
57.077869,0,1,0,0,0,0,0,0,0
57.087916,0,0,1,0,0,0,0,0,0
57.097471,0,1,0,0,0,0,0,0,0
57.098569,0,0,0,0,0,1,0,0,0
57.099616,0,0,0,1,0,0,0,0,0
57.100831,0,0,0,0,0,0,1,0,0
57.116972,1,0,0,0,0,0,0,0,0
57.119041,0,0,0,0,1,0,0,0,1
57.132316,0,0,0,0,0,0,0,1,0
57.149327,0,0,0,0,0,1,0,0,0
57.149600,0,0,0,1,0,0,0,0,0
57.151709,0,0,0,0,0,0,1,0,0
57.152483,0,0,0,0,0,0,0,0,1
57.154578,0,0,1,0,0,0,0,0,0
57.159839,0,1,0,0,0,0,0,0,0
57.166342,1,0,0,0,1,0,0,0,0
57.167622,0,0,0,0,0,0,0,1,0
57.189598,0,0,1,0,0,0,0,0,0
57.192539,0,1,0,0,0,0,0,0,0
57.197885,0,0,0,0,0,1,0,0,0
57.200406,0,0,0,1,0,0,0,0,0
57.204598,0,0,0,0,0,0,0,0,1
57.209697,0,0,0,0,0,0,1,0,0
57.221586,1,0,0,0,0,0,0,0,0
57.226156,0,0,0,0,1,0,0,0,0
57.234794,0,0,1,0,0,0,0,0,0
57.236868,0,0,0,0,0,0,0,1,0
57.249088,0,0,0,1,0,0,0,0,0
57.249653,0,0,0,0,0,1,0,0,0
57.249714,0,0,0,0,0,0,1,0,0
57.250230,0,0,0,0,0,0,0,0,1
57.262565,1,0,0,0,1,0,0,0,0
57.263161,0,1,0,0,0,0,0,0,0
57.282430,0,0,1,0,0,0,0,0,0
57.283692,0,0,0,0,0,0,0,1,0
57.301357,0,0,0,1,0,0,0,0,0
57.302860,0,0,0,0,0,1,0,0,0
57.309091,0,1,0,0,0,0,0,0,0
57.309474,0,0,0,0,0,0,0,0,1
57.310137,0,0,0,0,0,0,1,0,0
57.323821,1,0,0,0,0,0,0,0,0
57.344885,0,0,1,0,0,0,0,0,0
57.348471,0,0,0,0,1,0,0,0,0
57.350738,0,0,0,1,0,0,0,0,0
57.352163,0,0,0,0,0,1,0,0,0
57.371947,0,0,0,0,0,0,0,0,1
57.372465,0,0,0,0,0,0,1,0,0
57.375331,0,0,0,0,0,0,0,1,0
57.386782,1,0,0,0,1,0,0,0,0
57.398000,0,0,0,0,0,1,0,0,0
57.399243,0,0,0,1,0,0,0,0,0
57.401886,0,0,0,0,0,0,1,0,0
57.402965,0,0,0,0,0,0,0,0,1
57.405115,0,1,0,0,0,0,0,0,0
57.409191,0,0,1,0,0,0,0,0,0
57.417735,1,0,0,0,1,0,0,0,0
57.417945,0,0,0,0,0,0,0,1,0
57.424116,0,0,0,0,0,0,0,1,0
57.436322,0,0,1,0,0,0,0,0,0
57.438765,0,1,0,0,0,0,0,0,0
57.448209,0,0,0,1,0,0,0,0,0
57.451523,0,0,0,0,0,1,0,0,0
57.451598,0,0,0,0,0,0,1,0,0
57.452807,0,1,0,0,0,0,0,0,0
57.456661,0,0,0,0,0,0,0,0,1
57.464188,1,0,0,0,0,0,0,0,0
57.496202,0,0,1,0,0,0,0,0,0
57.499149,0,0,0,0,1,1,0,0,0
57.500329,0,0,0,1,0,0,0,0,0
57.505002,0,0,0,0,0,0,0,1,0
57.509497,0,0,0,0,0,0,0,0,1
57.511076,0,0,0,0,0,0,1,0,0
57.527374,1,0,0,0,0,0,0,0,0
57.532279,0,1,0,0,1,0,0,0,0
57.549247,0,0,1,0,0,0,0,0,0
57.549623,0,0,0,0,0,1,0,0,0
57.550821,0,0,0,1,0,0,0,0,0
57.552229,0,0,0,0,0,0,0,0,1
57.552720,0,0,0,0,0,0,1,0,0
57.554702,0,0,0,0,0,0,0,1,0
57.566375,1,0,0,0,0,0,0,0,0
57.568156,0,0,0,0,1,0,0,0,0
57.572772,0,0,0,0,0,0,0,1,0
57.581910,0,1,0,0,0,0,0,0,0
57.588328,0,0,1,0,0,0,0,0,0
57.593914,0,1,0,0,0,0,0,0,0
57.596651,0,0,0,0,0,1,0,0,0
57.600487,0,0,0,1,0,0,0,0,0
57.624469,0,0,0,0,0,0,1,0,0
57.637484,1,0,0,0,0,0,0,0,0
57.638796,0,0,0,0,1,0,0,0,1
57.646047,0,0,0,0,0,1,0,0,0
57.648676,0,0,0,1,0,0,0,0,0
57.653211,0,0,0,0,0,0,0,1,0
57.669013,0,0,0,0,0,0,1,0,0
57.670859,0,0,0,0,0,0,0,0,1
57.674444,0,1,0,0,0,0,0,0,0
57.677412,0,0,1,0,0,0,0,0,0
57.679221,1,0,0,0,1,0,0,0,0
57.682074,0,0,0,0,0,0,0,1,0
57.699141,0,0,0,1,0,0,0,0,0
57.703546,0,0,0,0,0,1,0,0,0
57.706024,0,1,0,0,0,0,0,0,0
57.706458,0,0,0,0,0,0,0,0,1
57.708672,0,0,0,0,0,0,1,0,0
57.710429,0,0,1,0,0,0,0,0,0
57.719646,1,0,0,0,1,0,0,0,0
57.731793,0,0,0,0,0,0,0,1,0
57.744283,0,0,1,0,0,0,0,0,0
57.749047,0,0,0,0,0,1,0,0,0
57.750586,0,0,0,0,0,0,0,0,1
57.750646,0,0,0,1,0,0,0,0,0
57.753818,0,1,0,0,0,0,0,0,0
57.755928,0,0,0,0,0,0,1,0,0
57.770728,1,0,0,0,0,0,0,0,0
57.788214,0,0,1,0,1,0,0,0,0
57.788503,0,0,0,0,0,0,0,1,0
57.799881,0,0,0,1,0,0,0,0,0
57.800188,0,0,0,0,0,1,0,0,0
57.814450,0,1,0,0,0,0,0,0,0
57.814846,0,0,0,0,0,0,0,0,1
57.818132,0,0,0,0,0,0,1,0,0
57.828684,1,0,0,0,1,0,0,0,0
57.835624,0,0,0,0,0,0,0,1,0
57.846733,0,0,1,0,0,0,0,0,0
57.850490,0,0,0,1,0,0,0,0,0
57.851103,0,0,0,0,0,1,0,0,0
57.854590,0,0,0,0,0,0,1,0,0
57.864975,0,1,0,0,0,0,0,0,0
57.868949,1,0,0,0,1,0,0,0,0
57.870037,0,0,0,0,0,0,0,0,1
57.878637,0,0,0,0,0,0,0,1,0
57.898687,0,0,0,1,0,0,0,0,0
57.899347,0,0,0,0,0,1,0,0,0
57.900942,0,0,1,0,0,0,0,0,0
57.902928,0,0,0,0,0,0,0,0,1
57.903317,0,1,0,0,0,0,0,0,0
57.903803,0,0,0,0,0,0,1,0,0
57.918255,1,0,0,0,1,0,0,0,0
57.938247,0,0,1,0,0,0,0,0,0
57.943637,0,0,0,0,0,0,0,1,0
57.949484,0,0,0,1,0,0,0,0,0
57.950657,0,0,0,0,0,1,0,0,0
57.957537,0,0,0,0,0,0,0,0,1
57.962974,0,0,0,0,0,0,1,0,0
57.972491,0,1,0,0,0,0,0,0,0
57.976970,1,0,0,0,0,0,0,0,0
57.989384,0,0,1,0,1,0,0,0,0
57.999754,0,0,0,1,0,0,0,0,0
57.999977,0,0,0,0,0,1,0,0,0
58.001980,0,0,0,0,0,0,0,0,1
58.011202,0,0,0,0,0,0,0,1,0
58.020994,0,0,0,0,0,0,1,0,0
58.034234,1,0,0,0,1,0,0,0,0
58.034682,0,1,0,0,0,0,0,0,0
58.037028,0,0,1,0,0,0,0,0,0
58.047804,0,0,0,0,0,1,0,0,0
58.049080,0,0,0,1,0,0,0,0,0
58.049184,0,0,0,0,0,0,0,1,0
58.053924,0,0,0,0,0,0,1,0,0
58.055307,0,0,0,0,0,0,0,0,1
58.067012,1,0,0,0,0,0,0,0,0
58.068529,0,0,0,0,1,0,0,0,0
58.070710,0,1,0,0,0,0,0,0,0
58.072277,0,0,0,0,0,0,0,1,0
58.089020,0,0,1,0,0,0,0,0,0
58.097881,0,0,0,0,0,1,0,0,0
58.099751,0,1,0,0,0,0,0,0,0
58.099864,0,0,0,1,0,0,0,0,0
58.108634,0,0,0,0,0,0,1,0,0
58.115564,0,0,0,0,0,0,0,0,1
58.122547,1,0,0,0,1,0,0,0,0
58.139976,0,0,0,0,0,0,0,1,0
58.148041,0,0,0,1,0,0,0,0,0
58.151361,0,0,1,0,0,0,0,0,0
58.152962,0,0,0,0,0,1,0,0,0
58.153803,0,0,0,0,0,0,1,0,0
58.156338,0,0,0,0,0,0,0,0,1
58.166008,0,1,0,0,0,0,0,0,0
58.166726,1,0,0,0,1,0,0,0,0
58.170156,0,0,0,0,0,0,0,1,0
58.188914,0,0,1,0,0,0,0,0,0
58.199112,0,1,0,0,0,0,0,0,0
58.201008,0,0,0,1,0,0,0,0,0
58.203091,0,0,0,0,0,1,0,0,0
58.209501,0,0,0,0,0,0,1,0,0
58.220866,1,0,0,0,0,0,0,0,0
58.223419,0,0,0,0,1,0,0,0,1
58.230443,0,0,0,0,0,0,0,1,0
58.248218,0,0,0,0,0,1,0,0,0
58.249266,0,0,0,0,0,0,0,0,1
58.249772,0,0,0,1,0,0,0,0,0
58.253185,0,1,0,0,0,0,0,0,0
58.258452,0,0,1,0,0,0,0,0,0
58.265819,0,0,0,0,0,0,1,0,0
58.280442,1,0,0,0,0,0,0,0,0
58.283523,0,0,1,0,0,0,0,0,0
58.300814,0,0,0,1,1,0,0,0,0
58.302808,0,0,0,0,0,1,0,0,0
58.305177,0,0,0,0,0,0,1,0,0
58.307687,0,0,0,0,0,0,0,0,1
58.323809,1,0,0,0,1,0,0,0,0
58.325853,0,0,0,0,0,0,0,1,0
58.329801,0,0,0,0,0,0,0,1,0
58.343628,0,0,1,0,0,0,0,0,0
58.347281,0,1,0,0,0,0,0,0,0
58.349893,0,0,0,1,0,0,0,0,0
58.351238,0,1,0,0,0,0,0,0,0
58.352833,0,0,0,0,0,1,0,0,0
58.353736,0,0,0,0,0,0,0,0,1
58.359774,0,0,0,0,0,0,1,0,0
58.376176,1,0,0,0,0,0,0,0,0
58.390824,0,0,1,0,0,0,0,0,0
58.394286,0,0,0,0,1,0,0,0,0
58.397894,0,0,0,0,0,1,0,0,0
58.399982,0,0,0,1,0,0,0,0,0
58.408950,0,0,0,0,0,0,0,0,1
58.412620,0,0,0,0,0,0,1,0,0
58.417092,0,0,0,0,0,0,0,1,0
58.427139,1,0,0,0,0,0,0,0,0
58.438267,0,1,0,0,0,0,0,0,0
58.441982,0,0,1,0,0,0,0,0,0
58.447785,0,0,0,0,0,1,0,0,0
58.448988,0,0,0,0,1,0,0,0,0
58.450164,0,0,0,1,0,0,0,0,0
58.452164,0,0,0,0,0,0,0,0,1
58.461360,0,0,0,0,0,0,1,0,0
58.473465,1,0,0,0,1,0,0,0,0
58.476100,0,0,0,0,0,0,0,1,0
58.484079,0,0,0,0,0,0,0,1,0
58.487115,0,0,1,0,0,0,0,0,0
58.499055,0,1,0,0,0,0,0,0,0
58.499700,0,0,0,0,0,1,0,0,0
58.499767,0,0,0,1,0,0,0,0,0
58.507479,0,0,0,0,0,0,0,0,1
58.508054,0,1,0,0,0,0,0,0,0
58.519285,0,0,0,0,0,0,1,0,0
58.531617,1,0,0,0,1,0,0,0,0
58.532558,0,0,0,0,0,0,0,1,0
58.544982,0,0,1,0,0,0,0,0,0
58.548122,0,0,0,1,0,0,0,0,0
58.552939,0,0,0,0,0,1,0,0,0
58.555195,0,1,0,0,0,0,0,0,0
58.558802,0,0,0,0,0,0,1,0,0
58.573229,1,0,0,0,1,0,0,0,0
58.573327,0,0,0,0,0,0,0,1,0
58.575518,0,0,0,0,0,0,0,0,1
58.593814,0,1,0,0,0,0,0,0,0
58.597947,0,0,0,0,0,1,0,0,0
58.601224,0,0,0,1,0,0,0,0,0
58.602092,0,0,0,0,0,0,1,0,0
58.604544,0,0,0,0,0,0,0,0,1
58.612604,0,0,1,0,0,0,0,0,0
58.620711,1,0,0,0,1,0,0,0,0
58.624211,0,0,0,0,0,0,0,1,0
58.636467,0,0,1,0,0,0,0,0,0
58.647338,0,0,0,0,0,1,0,0,0
58.649278,0,0,0,1,0,0,0,0,0
58.650257,0,1,0,0,0,0,0,0,0
58.651521,0,0,0,0,0,0,0,0,1
58.651635,0,0,0,0,0,0,1,0,0
58.661647,1,0,0,0,0,0,0,0,0
58.688362,0,0,1,0,0,0,0,0,0
58.696948,0,0,0,0,1,0,0,0,0
58.700958,0,0,0,1,0,0,0,0,0
58.701212,0,0,0,0,0,0,1,0,0
58.702935,0,0,0,0,0,1,0,0,0
58.713046,0,0,0,0,0,0,0,0,1
58.715286,1,0,0,0,1,0,0,0,0
58.720018,0,0,0,0,0,0,0,1,0
58.726581,0,0,0,0,0,0,0,1,0
58.744282,0,1,0,0,0,0,0,0,0
58.746143,0,0,1,0,0,0,0,0,0
58.747215,0,1,0,0,0,0,0,0,0
58.749630,0,0,0,0,0,1,0,0,0
58.749983,0,0,0,1,0,0,0,0,0
58.756962,0,0,0,0,0,0,1,0,0
58.771522,0,0,0,0,0,0,0,0,1
58.773851,1,0,0,0,0,0,0,0,0
58.799552,0,0,0,1,1,0,0,0,0
58.800013,0,0,0,0,0,0,1,0,0
58.803522,0,0,0,0,0,1,0,0,0
58.810396,0,0,1,0,0,0,0,0,0
58.811057,0,0,0,0,0,0,0,0,1
58.816790,1,0,0,0,0,0,0,0,0
58.820902,0,0,0,0,1,0,0,0,0
58.826686,0,0,0,0,0,0,0,1,0
58.829648,0,0,0,0,0,0,0,1,0
58.847002,0,0,0,0,0,1,0,0,0
58.847541,0,0,1,0,0,0,0,0,0
58.847577,0,0,0,0,0,0,0,0,1
58.849094,0,0,0,1,0,0,0,0,0
58.850464,0,1,0,0,0,0,0,0,0
58.851347,0,1,0,0,0,0,0,0,0
58.853235,0,0,0,0,0,0,1,0,0
58.863591,1,0,0,0,1,0,0,0,0
58.884995,0,0,1,0,0,0,0,0,0
58.893054,0,0,0,0,0,0,0,1,0
58.896997,0,0,0,0,0,1,0,0,0
58.900476,0,0,0,1,0,0,0,0,0
58.902334,0,0,0,0,0,0,1,0,0
58.913437,0,1,0,0,0,0,0,0,0
58.916082,1,0,0,0,0,0,0,0,0
58.923216,0,0,0,0,1,0,0,0,1
58.924826,0,0,0,0,0,0,0,1,0
58.949640,0,0,0,1,0,0,0,0,0
58.950327,0,0,0,0,0,1,0,0,0
58.951493,0,0,0,0,0,0,1,0,0
58.952000,0,0,0,0,0,0,0,0,1
58.953773,0,1,0,0,0,0,0,0,0
58.962227,0,0,1,0,0,0,0,0,0
58.963110,1,0,0,0,0,0,0,0,0
58.991654,0,0,1,0,0,0,0,0,0
58.995228,0,0,0,0,1,0,0,0,0
58.999922,0,0,0,1,0,0,0,0,0
59.000581,0,0,0,0,0,1,0,0,0
59.005722,0,0,0,0,0,0,0,0,1
59.014019,0,0,0,0,0,0,0,1,0
59.022483,0,0,0,0,0,0,1,0,0
59.035509,0,1,0,0,0,0,0,0,0
59.036336,1,0,0,0,0,0,0,0,0
59.043519,0,0,1,0,1,0,0,0,0
59.050466,0,0,0,0,0,1,0,0,0
59.050587,0,0,0,1,0,0,0,0,0
59.051122,0,0,0,0,0,0,0,0,1
59.057731,0,0,0,0,0,0,1,0,0
59.062365,0,0,0,0,0,0,0,1,0
59.071651,1,0,0,0,1,0,0,0,0
59.071891,0,0,0,0,0,0,0,1,0
59.085233,0,1,0,0,0,0,0,0,0
59.090999,0,0,1,0,0,0,0,0,0
59.095786,0,1,0,0,0,0,0,0,0
59.100704,0,0,0,1,0,0,0,0,0
59.100876,0,0,0,0,0,0,1,0,0
59.102171,0,0,0,0,0,1,0,0,0
59.116491,1,0,0,0,1,0,0,0,0
59.125922,0,0,0,0,0,0,0,1,0
59.145235,0,0,0,0,0,0,0,0,1
59.150150,0,0,0,1,0,0,0,0,0
59.152926,0,1,0,0,0,0,0,0,0
59.153301,0,0,0,0,0,1,0,0,0
59.156056,0,0,0,0,0,0,1,0,0
59.164812,0,0,0,0,0,0,0,0,1
59.168858,1,0,0,0,0,0,0,0,0
59.178749,0,0,1,0,0,0,0,0,0
59.190061,0,0,0,0,1,0,0,0,0
59.193567,0,0,0,0,0,0,0,1,0
59.197606,0,0,0,0,0,1,0,0,0
59.199515,0,0,0,1,0,0,0,0,0
59.200529,0,0,1,0,0,0,0,0,0
59.203798,0,0,0,0,0,0,1,0,0
59.210572,0,0,0,0,0,0,0,0,1
59.215680,1,0,0,0,0,0,0,0,0
59.218668,0,1,0,0,1,0,0,0,0
59.220343,0,0,0,0,0,0,0,1,0
59.242206,0,1,0,0,0,0,0,0,0
59.248547,0,0,0,1,0,0,0,0,0
59.249284,0,0,1,0,0,0,0,0,0
59.250764,0,0,0,0,0,1,0,0,0
59.260489,0,0,0,0,0,0,0,0,1
59.260912,0,0,0,0,0,0,1,0,0
59.277430,1,0,0,0,1,0,0,0,0
59.281067,0,0,0,0,0,0,0,1,0
59.296809,0,0,0,0,0,1,0,0,0
59.297751,0,0,1,0,0,0,0,0,0
59.299067,0,0,0,0,0,0,0,0,1
59.301100,0,1,0,0,0,0,0,0,0
59.301817,0,0,0,1,0,0,0,0,0
59.311430,0,0,0,0,0,0,1,0,0
59.324571,1,0,0,0,1,0,0,0,0
59.332420,0,0,0,0,0,0,0,1,0
59.338811,0,0,1,0,0,0,0,0,0
59.348231,0,0,0,1,0,0,0,0,0
59.351561,0,0,0,0,0,1,0,0,0
59.351974,0,0,0,0,0,0,0,0,1
59.355166,0,1,0,0,0,0,0,0,0
59.379695,0,0,0,0,0,0,1,0,0
59.390083,0,0,1,0,0,0,0,0,0
59.396471,1,0,0,0,1,0,0,0,0
59.400966,0,0,0,0,0,1,0,0,0
59.401349,0,0,0,1,0,0,0,0,0
59.401938,0,0,0,0,0,0,0,1,0
59.402689,0,0,0,0,0,0,0,0,1
59.407211,0,0,0,0,0,0,1,0,0
59.422418,1,0,0,0,0,0,0,0,0
59.429709,0,1,0,0,1,0,0,0,0
59.433395,0,0,0,0,0,0,0,1,0
59.436578,0,0,1,0,0,0,0,0,0
59.448079,0,0,0,1,0,0,0,0,0
59.451219,0,0,0,0,0,1,0,0,0
59.452975,0,0,0,0,0,0,0,0,1
59.456266,0,1,0,0,0,0,0,0,0
59.459124,0,0,0,0,0,0,1,0,0
59.475691,1,0,0,0,1,0,0,0,0
59.479404,0,0,0,0,0,0,0,1,0
59.490597,0,0,1,0,0,0,0,0,0
59.500241,0,0,0,0,0,1,0,0,0
59.500894,0,0,0,1,0,0,0,0,0
59.501546,0,0,0,0,0,0,0,0,1
59.505496,0,1,0,0,0,0,0,0,0
59.509829,0,0,0,0,0,0,1,0,0
59.523625,1,0,0,0,0,0,0,0,0
59.538544,0,0,1,0,0,0,0,0,0
59.550738,0,0,0,1,1,0,0,0,0
59.551902,0,0,0,0,0,0,0,1,0
59.552294,0,0,0,0,0,1,0,0,0
59.552360,0,0,0,0,0,0,1,0,0
59.553531,0,0,0,0,0,0,0,0,1
59.567128,1,0,0,0,1,0,0,0,0
59.567738,0,0,0,0,0,0,0,1,0
59.577160,0,1,0,0,0,0,0,0,0
59.590868,0,0,1,0,0,0,0,0,0
59.596253,0,1,0,0,0,0,0,0,0
59.599923,0,0,0,1,0,0,0,0,0
59.600761,0,0,0,0,0,1,0,0,0
59.601452,0,0,0,0,0,0,1,0,0
59.610793,0,0,0,0,0,0,0,0,1
59.615920,1,0,0,0,0,0,0,0,0
59.647778,0,0,0,0,0,1,0,0,0
59.648823,0,0,0,0,1,0,0,0,0
59.649933,0,0,1,0,0,0,0,0,0
59.651552,0,0,0,1,0,0,0,0,0
59.652194,0,0,0,0,0,0,1,0,0
59.669701,0,0,0,0,0,0,0,1,0
59.670469,1,0,0,0,1,0,0,0,0
59.679738,0,0,0,0,0,0,0,0,1
59.695585,0,1,0,0,0,0,0,0,0
59.700019,0,0,0,1,0,0,0,0,0
59.701295,0,0,0,0,0,1,0,0,0
59.702333,0,0,0,0,0,0,1,0,0
59.712767,0,0,1,0,0,0,0,0,0
59.713074,0,0,0,0,0,0,0,1,0
59.718209,1,0,0,0,1,0,0,0,0
59.725129,0,0,0,0,0,0,0,1,0
59.732981,0,0,0,0,0,0,0,0,1
59.739106,0,1,0,0,0,0,0,0,0
59.749745,0,0,0,1,0,0,0,0,0
59.749916,0,0,0,0,0,1,0,0,0
59.750715,0,1,0,0,0,0,0,0,0
59.753645,0,0,0,0,0,0,1,0,0
59.761958,0,0,0,0,0,0,0,0,1
59.768185,1,0,0,0,1,0,0,0,0
59.768405,0,0,1,0,0,0,0,0,0
59.775777,0,0,0,0,0,0,0,1,0
59.794315,0,0,1,0,0,0,0,0,0
59.799306,0,1,0,0,0,0,0,0,0
59.799518,0,0,0,1,0,0,0,0,0
59.799958,0,0,0,0,0,1,0,0,0
59.806391,0,0,0,0,0,0,0,0,1
59.837243,0,0,0,0,0,0,1,0,0
59.838946,0,0,1,0,0,0,0,0,0
59.846449,0,0,0,0,0,1,0,0,0
59.847650,1,0,0,0,1,0,0,0,0
59.850380,0,0,0,1,0,0,0,0,0
59.852065,0,0,0,0,0,0,1,0,0
59.852144,0,0,0,0,0,0,0,1,0
59.853318,0,0,0,0,0,0,0,0,1
59.865453,1,0,0,0,1,0,0,0,0
59.870692,0,0,0,0,0,0,0,1,0
59.879050,0,1,0,0,0,0,0,0,0
59.887914,0,0,1,0,0,0,0,0,0
59.896555,0,0,0,0,0,1,0,0,0
59.898636,0,1,0,0,0,0,0,0,0
59.900721,0,0,0,1,0,0,0,0,0
59.903687,0,0,0,0,0,0,0,0,1
59.914011,0,0,0,0,0,0,1,0,0
59.930145,1,0,0,0,0,0,0,0,0
59.936801,0,0,1,0,1,0,0,0,0
59.951797,0,0,0,0,0,1,0,0,0
59.951920,0,0,0,1,0,0,0,0,0
59.951978,0,0,0,0,0,0,0,1,0
59.953096,0,0,0,0,0,0,1,0,0
59.958015,0,0,0,0,0,0,0,0,1
59.969328,1,0,0,0,1,0,0,0,0
59.971544,0,0,0,0,0,0,0,1,0
59.977103,0,1,0,0,0,0,0,0,0
59.992900,0,1,0,0,0,0,0,0,0
59.994800,0,0,1,0,0,0,0,0,0
59.997529,0,0,0,0,0,1,0,0,0
59.999229,0,0,0,1,0,0,0,0,0
60.003611,0,0,0,0,0,0,0,0,1
60.019174,0,0,0,0,0,0,1,0,0
60.030669,1,0,0,0,1,0,0,0,0
60.031639,0,0,0,0,0,0,0,1,0
60.033784,0,0,1,0,0,0,0,0,0
60.049849,0,0,0,0,0,1,0,0,0
60.050741,0,0,0,1,0,0,0,0,0
60.051752,0,0,0,0,0,0,0,0,1
60.054557,0,0,0,0,0,0,1,0,0
60.056943,0,1,0,0,0,0,0,0,0
60.067048,1,0,0,0,1,0,0,0,0
60.077669,0,0,0,0,0,0,0,1,0
60.086690,0,0,1,0,0,0,0,0,0
60.098785,0,0,0,0,0,1,0,0,0
60.100085,0,0,0,1,0,0,0,0,0
60.101273,0,1,0,0,0,0,0,0,0
60.104812,0,0,0,0,0,0,0,0,1
60.140217,0,0,0,0,0,0,1,0,0
60.140423,0,0,1,0,0,0,0,0,0
60.148649,0,0,0,0,0,1,0,0,0
60.150126,0,0,0,1,0,0,0,0,0
60.150961,0,0,0,0,0,0,0,0,1
60.150965,0,0,0,0,0,0,1,0,0
60.152524,1,0,0,0,1,0,0,0,0
60.156315,0,0,0,0,0,0,0,1,0
60.169204,1,0,0,0,1,0,0,0,0
60.176906,0,1,0,0,0,0,0,0,0
60.185449,0,0,0,0,0,0,0,1,0
60.188548,0,0,1,0,0,0,0,0,0
60.200080,0,0,0,1,0,0,0,0,0
60.201662,0,0,0,0,0,1,0,0,0
60.202572,0,0,0,0,0,0,0,0,1
60.204431,0,0,0,0,0,0,1,0,0
60.208246,0,1,0,0,0,0,0,0,0
60.221091,1,0,0,0,1,0,0,0,0
60.222164,0,0,0,0,0,0,0,1,0
60.237840,0,0,1,0,0,0,0,0,0
60.247408,0,1,0,0,0,0,0,0,0
60.248607,0,0,0,1,0,0,0,0,0
60.249491,0,0,0,0,0,0,1,0,0
60.253777,0,0,0,0,0,1,0,0,0
60.266906,1,0,0,0,1,0,0,0,0
60.268706,0,0,0,0,0,0,0,1,0
60.275806,0,0,0,0,0,0,0,0,1
60.290558,0,1,0,0,0,0,0,0,0
60.298532,0,0,0,1,0,0,0,0,0
60.299559,0,0,0,0,0,1,0,0,0
60.310126,0,0,0,0,0,0,1,0,0
60.310915,0,0,1,0,0,0,0,0,0
60.316233,0,0,0,0,0,0,0,0,1
60.327108,1,0,0,0,0,0,0,0,0
60.350305,0,0,0,1,0,0,0,0,0
60.353625,0,0,0,0,1,1,0,0,0
60.355587,0,0,1,0,0,0,0,0,0
60.364690,0,0,0,0,0,0,0,1,0
60.375162,0,0,0,0,0,0,1,0,0
60.381804,0,0,0,0,0,0,0,0,1
60.390363,1,0,0,0,0,0,0,0,0
60.390540,0,0,0,0,1,0,0,0,0
60.390717,0,1,0,0,0,0,0,0,0
60.397741,0,0,0,0,0,0,0,1,0
60.399639,0,0,0,0,0,1,0,0,0
60.401417,0,0,0,0,0,0,0,0,1
60.401841,0,0,0,1,0,0,0,0,0
60.415228,0,0,0,0,0,0,1,0,0
60.417951,0,0,1,0,0,0,0,0,0
60.423189,0,1,0,0,0,0,0,0,0
60.427235,1,0,0,0,0,0,0,0,0
60.434142,0,0,1,0,1,0,0,0,0
60.440790,0,0,0,0,0,0,0,1,0
60.449412,0,0,0,1,0,0,0,0,0
60.451820,0,0,0,0,0,1,0,0,0
60.452474,0,0,0,0,0,0,0,0,1
60.465112,0,0,0,0,0,0,1,0,0
60.467704,0,1,0,0,0,0,0,0,0
60.476334,1,0,0,0,1,0,0,0,0
60.480020,0,0,0,0,0,0,0,1,0
60.486415,0,0,1,0,0,0,0,0,0
60.499070,0,0,0,1,0,0,0,0,0
60.500672,0,1,0,0,0,0,0,0,0
60.500876,0,0,0,0,0,1,0,0,0
60.510336,0,0,0,0,0,0,1,0,0
60.522226,1,0,0,0,1,0,0,0,0
60.535569,0,0,0,0,0,0,0,1,0
60.536122,0,0,0,0,0,0,0,0,1
60.549077,0,0,0,1,0,0,0,0,0
60.551577,0,0,0,0,0,0,1,0,0
60.552240,0,0,0,0,0,1,0,0,0
60.552903,0,0,0,0,0,0,0,0,1
60.560979,0,1,0,0,0,0,0,0,0
60.568539,1,0,0,0,0,0,0,0,0
60.571872,0,0,1,0,1,0,0,0,0
60.578716,0,0,0,0,0,0,0,1,0
60.587343,0,0,1,0,0,0,0,0,0
60.599288,0,0,0,1,0,0,0,0,0
60.599708,0,0,0,0,0,1,0,0,0
60.601652,0,1,0,0,0,0,0,0,0
60.602976,0,0,0,0,0,0,1,0,0
60.608546,0,0,0,0,0,0,0,0,1
60.618802,1,0,0,0,0,0,0,0,0
60.638573,0,0,1,0,1,0,0,0,0
60.642698,0,0,0,0,0,0,0,1,0
60.648987,0,0,0,1,0,0,0,0,0
60.651823,0,0,0,0,0,1,0,0,0
60.653195,0,0,0,0,0,0,1,0,0
60.654652,0,0,0,0,0,0,0,0,1
60.669700,1,0,0,0,1,0,0,0,0
60.671180,0,1,0,0,0,0,0,0,0
60.673143,0,0,0,0,0,0,0,1,0
60.692292,0,0,1,0,0,0,0,0,0
60.694297,0,1,0,0,0,0,0,0,0
60.697476,0,0,0,0,0,1,0,0,0
60.699302,0,0,0,0,0,0,0,0,1
60.699498,0,0,0,1,0,0,0,0,0
60.723727,0,0,0,0,0,0,1,0,0
60.736720,0,0,1,0,0,0,0,0,0
60.741726,1,0,0,0,1,0,0,0,0
60.749627,0,0,0,0,0,1,0,0,0
60.749700,0,0,0,1,0,0,0,0,0
60.752404,0,0,0,0,0,0,1,0,0
60.754699,0,0,0,0,0,0,0,0,1
