t,finish1,finish2,finish3,release1,release2,release3,start1,start2,start3
0.000000,0,0,0,1,0,1,0,0,0
0.001608,0,0,0,0,0,0,1,0,0
0.015256,0,0,0,0,0,0,0,0,1
0.018521,1,0,0,0,1,0,0,0,0
0.038131,0,0,0,0,0,0,0,1,0
0.048472,0,0,1,0,0,0,0,0,0
0.050295,0,0,0,1,0,0,0,0,0
0.050589,0,0,0,0,0,1,0,0,0
0.051385,0,0,0,0,0,0,1,0,0
0.054138,0,0,0,0,0,0,0,0,1
0.065472,0,1,0,0,0,0,0,0,0
0.069339,1,0,0,0,0,0,0,0,0
0.088907,0,0,1,0,0,0,0,0,0
0.100591,0,0,0,1,1,0,0,0,0
0.101343,0,0,0,0,0,1,0,0,0
0.105379,0,0,0,0,0,0,0,0,1
0.105784,0,0,0,0,0,0,1,0,0
0.122424,0,0,0,0,0,0,0,1,0
0.123637,1,0,0,0,0,0,0,0,0
0.133952,0,0,0,0,1,0,0,0,0
0.133957,0,0,0,0,0,0,0,1,0
0.138138,0,0,1,0,0,0,0,0,0
0.146435,0,1,0,0,0,0,0,0,0
0.148274,0,0,0,0,0,1,0,0,0
0.149321,0,0,0,0,0,0,0,0,1
0.150492,0,0,0,1,0,0,0,0,0
0.159072,0,1,0,0,0,0,0,0,0
0.178168,0,0,0,0,0,0,1,0,0
0.184292,0,0,1,0,0,0,0,0,0
0.192380,1,0,0,0,1,0,0,0,0
0.193425,0,0,0,0,0,0,0,1,0
0.198773,0,0,0,0,0,1,0,0,0
0.200074,0,0,0,1,0,0,0,0,0
0.200489,0,0,0,0,0,0,0,0,1
0.217584,0,1,0,0,0,0,0,0,0
0.217661,0,0,0,0,0,0,1,0,0
0.228303,1,0,0,0,0,0,0,0,0
0.238085,0,0,1,0,1,0,0,0,0
0.245810,0,0,0,0,0,0,0,1,0
0.249377,0,0,0,1,0,0,0,0,0
0.250214,0,0,0,0,0,1,0,0,0
0.258302,0,0,0,0,0,0,0,0,1
0.262956,0,0,0,0,0,0,1,0,0
0.266472,0,1,0,0,0,0,0,0,0
0.275001,1,0,0,0,0,0,0,0,0
0.297037,0,0,1,0,0,0,0,0,0
0.301338,0,0,0,0,1,1,0,0,0
0.301928,0,0,0,1,0,0,0,0,0
0.302459,0,0,0,0,0,0,0,0,1
0.312214,0,0,0,0,0,0,1,0,0
0.327854,1,0,0,0,1,0,0,0,0
0.330682,0,0,0,0,0,0,0,1,0
0.333240,0,0,0,0,0,0,0,1,0
0.339627,0,0,1,0,0,0,0,0,0
0.349745,0,0,0,1,0,0,0,0,0
0.352065,0,1,0,0,0,0,0,0,0
0.352381,0,0,0,0,0,0,1,0,0
0.352771,0,0,0,0,0,1,0,0,0
0.355173,0,0,0,0,0,0,0,0,1
0.358452,0,1,0,0,0,0,0,0,0
0.362891,1,0,0,0,1,0,0,0,0
0.384702,0,0,0,0,0,0,0,1,0
0.392406,0,0,1,0,0,0,0,0,0
0.399478,0,0,0,0,0,1,0,0,0
0.400899,0,0,0,1,0,0,0,0,0
0.403617,0,0,0,0,0,0,0,0,1
0.407524,0,0,0,0,0,0,1,0,0
0.414642,0,1,0,0,0,0,0,0,0
0.426743,1,0,0,0,1,0,0,0,0
0.441445,0,0,1,0,0,0,0,0,0
0.451238,0,0,0,0,0,1,0,0,0
0.451792,0,0,0,1,0,0,0,0,0
0.453266,0,0,0,0,0,0,0,0,1
0.458410,0,0,0,0,0,0,0,1,0
0.470346,0,0,0,0,0,0,1,0,0
0.482411,1,0,0,0,0,0,0,0,0
0.484773,0,1,0,0,0,0,0,0,0
0.490857,0,0,1,0,1,0,0,0,0
0.492962,0,0,0,0,0,0,0,1,0
0.500312,0,0,0,1,0,0,0,0,0
0.501620,0,0,0,0,0,1,0,0,0
0.504161,0,0,0,0,0,0,0,0,1
0.514244,0,0,0,0,0,0,1,0,0
0.521903,0,1,0,0,0,0,0,0,0
0.525356,1,0,0,0,0,0,0,0,0
0.533885,0,0,0,0,1,0,0,0,0
0.537181,0,0,0,0,0,0,0,1,0
0.542979,0,0,1,0,0,0,0,0,0
0.547347,0,0,0,0,0,1,0,0,0
0.549187,0,0,0,0,0,0,0,0,1
0.551912,0,0,0,1,0,0,0,0,0
0.557465,0,1,0,0,0,0,0,0,0
0.563402,0,0,0,0,0,0,1,0,0
0.574992,1,0,0,0,0,0,0,0,0
0.585956,0,0,1,0,0,0,0,0,0
0.598304,0,0,0,0,1,0,0,0,0
0.599975,0,0,0,0,0,1,0,0,0
0.601351,0,0,0,1,0,0,0,0,0
0.613274,0,0,0,0,0,0,0,1,0
0.614885,0,0,0,0,0,0,1,0,0
0.634444,1,0,0,0,1,0,0,0,0
0.634656,0,1,0,0,0,0,0,0,0
0.636865,0,0,0,0,0,0,0,0,1
0.645223,0,0,0,0,0,0,0,1,0
0.646071,0,0,0,0,0,1,0,0,0
0.651298,0,0,0,1,0,0,0,0,0
0.651502,0,0,0,0,0,0,1,0,0
0.657659,0,0,0,0,0,0,0,0,1
0.666139,0,1,0,0,0,0,0,0,0
0.667958,1,0,0,0,1,0,0,0,0
0.668910,0,0,0,0,0,0,0,1,0
0.674292,0,0,1,0,0,0,0,0,0
0.689523,0,0,1,0,0,0,0,0,0
0.692640,0,1,0,0,0,0,0,0,0
0.698385,0,0,0,0,0,1,0,0,0
0.699521,0,0,0,1,0,0,0,0,0
0.699907,0,0,0,0,0,0,1,0,0
0.702889,0,0,0,0,0,0,0,0,1
0.713586,1,0,0,0,0,0,0,0,0
0.741346,0,0,1,0,1,0,0,0,0
0.742859,0,0,0,0,0,0,0,1,0
0.749518,0,0,0,0,0,1,0,0,0
0.750639,0,0,0,1,0,0,0,0,0
0.753131,0,0,0,0,0,0,1,0,0
0.762240,0,0,0,0,0,0,0,0,1
0.768110,0,1,0,0,0,0,0,0,0
0.770998,1,0,0,0,0,0,0,0,0
0.771998,0,0,0,0,1,0,0,0,0
0.781403,0,0,0,0,0,0,0,1,0
0.795679,0,0,1,0,0,0,0,0,0
0.799753,0,0,0,1,0,0,0,0,0
0.803674,0,0,0,0,0,1,0,0,0
0.803897,0,0,0,0,0,0,1,0,0
0.810996,0,1,0,0,0,0,0,0,0
0.815276,1,0,0,0,1,0,0,0,0
0.816944,0,0,0,0,0,0,0,1,0
0.819751,0,0,0,0,0,0,0,0,1
0.838659,0,1,0,0,0,0,0,0,0
0.850581,0,0,0,0,0,1,0,0,0
0.851774,0,0,0,1,0,0,0,0,0
0.855126,0,0,0,0,0,0,0,0,1
0.859080,0,0,1,0,0,0,0,0,0
0.861577,0,0,0,0,0,0,1,0,0
0.872078,1,0,0,0,1,0,0,0,0
0.879142,0,0,0,0,0,0,0,1,0
0.886778,0,0,1,0,0,0,0,0,0
0.896709,0,0,0,0,0,1,0,0,0
0.899242,0,0,0,1,0,0,0,0,0
0.904738,0,0,0,0,0,0,0,0,1
0.907118,0,1,0,0,0,0,0,0,0
0.912235,0,0,0,0,0,0,1,0,0
0.924688,1,0,0,0,1,0,0,0,0
0.939225,0,0,1,0,0,0,0,0,0
0.942254,0,0,0,0,0,0,0,1,0
0.948013,0,0,0,1,0,0,0,0,0
0.951282,0,0,0,0,0,1,0,0,0
0.956552,0,0,0,0,0,0,1,0,0
0.964357,0,0,0,0,0,0,0,0,1
0.968996,0,1,0,0,0,0,0,0,0
0.971655,1,0,0,0,1,0,0,0,0
0.998871,0,0,0,1,0,0,0,0,0
1.000534,0,0,0,0,0,1,0,0,0
1.002195,0,0,1,0,0,0,0,0,0
1.002415,0,0,0,0,0,0,1,0,0
1.002719,0,0,0,0,0,0,0,0,1
1.017574,0,0,0,0,0,0,0,1,0
1.017901,1,0,0,0,0,0,0,0,0
1.041146,0,1,0,0,0,0,0,0,0
1.042523,0,0,1,0,1,0,0,0,0
1.047598,0,0,0,0,0,0,0,1,0
1.048238,0,0,0,1,0,0,0,0,0
1.049152,0,0,0,0,0,0,1,0,0
1.050697,0,0,0,0,0,1,0,0,0
1.054983,0,0,0,0,0,0,0,0,1
1.063246,1,0,0,0,1,0,0,0,0
1.066523,0,0,0,0,0,0,0,1,0
1.069896,0,1,0,0,0,0,0,0,0
1.087526,0,1,0,0,0,0,0,0,0
1.091872,0,0,1,0,0,0,0,0,0
1.100161,0,0,0,0,0,1,0,0,0
1.101675,0,0,0,1,0,0,0,0,0
1.104100,0,0,0,0,0,0,0,0,1
1.107078,0,0,0,0,0,0,1,0,0
1.124206,1,0,0,0,1,0,0,0,0
1.128854,0,0,0,0,0,0,0,1,0
1.140945,0,0,1,0,0,0,0,0,0
1.148898,0,0,0,0,0,1,0,0,0
1.150336,0,0,0,1,0,0,0,0,0
1.151797,0,1,0,0,0,0,0,0,0
1.156022,0,0,0,0,0,0,0,0,1
1.160008,0,0,0,0,0,0,1,0,0
1.171388,1,0,0,0,0,0,0,0,0
1.188195,0,0,1,0,0,0,0,0,0
1.196497,0,0,0,0,0,1,0,0,0
1.197254,0,0,0,0,0,0,0,0,1
1.199785,0,0,0,1,0,0,0,0,0
1.200884,0,0,0,0,1,0,0,0,0
1.209514,0,0,0,0,0,0,1,0,0
1.212569,0,0,0,0,0,0,0,1,0
1.220699,1,0,0,0,0,0,0,0,0
1.226414,0,0,0,0,1,0,0,0,0
1.230302,0,0,1,0,0,0,0,0,0
1.234490,0,1,0,0,0,0,0,0,0
1.250440,0,0,0,1,0,0,0,0,0
1.250573,0,0,0,0,0,1,0,0,0
1.254292,0,0,0,0,0,0,0,1,0
1.260592,0,0,0,0,0,0,1,0,0
1.265161,0,0,0,0,0,0,0,0,1
1.275538,1,0,0,0,1,0,0,0,0
1.276136,0,1,0,0,0,0,0,0,0
1.286149,0,0,0,0,0,0,0,1,0
1.297080,0,0,0,0,0,1,0,0,0
1.297110,0,0,0,0,0,0,0,0,1
1.300905,0,0,0,1,0,0,0,0,0
1.300962,0,0,1,0,0,0,0,0,0
1.310041,0,1,0,0,0,0,0,0,0
1.321465,0,0,0,0,0,0,1,0,0
1.332874,0,0,1,0,0,0,0,0,0
1.335763,1,0,0,0,1,0,0,0,0
1.348728,0,0,0,1,0,0,0,0,0
1.350489,0,0,0,0,0,1,0,0,0
1.369502,0,0,0,0,0,0,0,1,0
1.369680,0,0,0,0,0,0,1,0,0
1.373401,0,0,0,0,0,0,0,0,1
1.385946,1,0,0,0,0,0,0,0,0
1.389202,0,0,0,0,1,0,0,0,0
1.393576,0,0,0,0,0,0,0,1,0
1.395013,0,1,0,0,0,0,0,0,0
1.396416,0,0,0,0,0,1,0,0,0
1.398802,0,0,0,1,0,0,0,0,0
1.402733,0,0,0,0,0,0,1,0,0
1.411351,0,0,1,0,0,0,0,0,0
1.419576,1,0,0,0,0,0,0,0,0
1.419580,0,0,0,0,1,0,0,0,0
1.419584,0,0,0,0,0,0,0,0,1
1.423214,0,1,0,0,0,0,0,0,0
1.448886,0,0,0,1,0,0,0,0,0
1.448967,0,0,0,0,0,1,0,0,0
1.449591,0,0,0,0,0,0,1,0,0
1.454583,0,0,1,0,0,0,0,0,0
1.459303,0,0,0,0,0,0,0,0,1
1.461439,1,0,0,0,1,0,0,0,0
1.462842,0,0,0,0,0,0,0,1,0
1.483499,0,1,0,0,0,0,0,0,0
1.487406,0,0,0,0,0,0,0,1,0
1.496666,0,0,1,0,0,0,0,0,0
1.501798,0,0,0,0,0,1,0,0,0
1.501890,0,0,0,1,0,0,0,0,0
1.504771,0,0,0,0,0,0,1,0,0
1.512095,0,1,0,0,0,0,0,0,0
1.522059,0,0,0,0,0,0,0,0,1
1.522107,1,0,0,0,0,0,0,0,0
1.547434,0,0,0,0,1,1,0,0,0
1.550330,0,0,0,0,0,0,0,0,1
1.550453,0,0,0,1,0,0,0,0,0
1.554574,0,0,0,0,0,0,0,1,0
1.557974,0,0,1,0,0,0,0,0,0
1.566029,0,0,0,0,0,0,1,0,0
1.580462,1,0,0,0,0,0,0,0,0
1.582084,0,1,0,0,1,0,0,0,0
1.584904,0,0,1,0,0,0,0,0,0
1.585624,0,0,0,0,0,0,0,1,0
1.597157,0,0,0,0,0,1,0,0,0
1.600667,0,0,0,1,0,0,0,0,0
1.601153,0,0,0,0,0,0,1,0,0
1.606577,0,0,0,0,0,0,0,0,1
1.608287,0,1,0,0,0,0,0,0,0
1.612324,1,0,0,0,1,0,0,0,0
1.621876,0,0,0,0,0,0,0,1,0
1.643244,0,0,1,0,0,0,0,0,0
1.649100,0,1,0,0,0,0,0,0,0
1.649850,0,0,0,1,0,0,0,0,0
1.651961,0,0,0,0,0,1,0,0,0
1.673491,0,0,0,0,0,0,1,0,0
1.686476,0,0,0,0,0,0,0,0,1
1.692444,1,0,0,0,1,0,0,0,0
1.699258,0,0,0,1,0,0,0,0,0
1.700624,0,0,0,0,0,1,0,0,0
1.700655,0,0,0,0,0,0,0,1,0
1.702383,0,0,0,0,0,0,0,0,1
1.710166,0,0,0,0,0,0,1,0,0
1.725164,0,0,1,0,0,0,0,0,0
1.725219,0,1,0,0,0,0,0,0,0
1.728633,1,0,0,0,1,0,0,0,0
1.734125,0,0,0,0,0,0,0,1,0
1.734196,0,0,1,0,0,0,0,0,0
1.749166,0,0,0,1,0,0,0,0,0
1.749713,0,0,0,0,0,1,0,0,0
1.752156,0,0,0,0,0,0,1,0,0
1.758022,0,1,0,0,0,0,0,0,0
1.765369,1,0,0,0,1,0,0,0,0
1.769111,0,0,0,0,0,0,0,1,0
1.771982,0,0,0,0,0,0,0,0,1
1.796892,0,1,0,0,0,0,0,0,0
1.799141,0,0,0,0,0,1,0,0,0
1.799978,0,0,0,1,0,0,0,0,0
1.800755,0,0,0,0,0,0,0,0,1
1.804629,0,0,1,0,0,0,0,0,0
1.810564,0,0,0,0,0,0,1,0,0
1.821686,1,0,0,0,0,0,0,0,0
1.838992,0,0,1,0,0,0,0,0,0
1.848492,0,0,0,1,1,0,0,0,0
1.852243,0,0,0,0,0,1,0,0,0
1.854417,0,0,0,0,0,0,0,1,0
1.854739,0,0,0,0,0,0,1,0,0
1.858911,0,0,0,0,0,0,0,0,1
1.868785,1,0,0,0,1,0,0,0,0
1.878360,0,1,0,0,0,0,0,0,0
1.880578,0,0,0,0,0,0,0,1,0
1.891073,0,0,1,0,0,0,0,0,0
1.896850,0,0,0,0,0,1,0,0,0
1.899605,0,0,0,1,0,0,0,0,0
1.901210,0,1,0,0,0,0,0,0,0
1.905702,0,0,0,0,0,0,0,0,1
1.928022,0,0,0,0,0,0,1,0,0
1.940405,1,0,0,0,0,0,0,0,0
1.942640,0,0,1,0,0,0,0,0,0
1.947025,0,0,0,0,1,1,0,0,0
1.947564,0,0,0,0,0,0,0,0,1
1.949554,0,0,0,1,0,0,0,0,0
1.949987,0,0,0,0,0,0,0,1,0
1.955512,0,0,0,0,0,0,1,0,0
1.970763,0,1,0,0,0,0,0,0,0
1.972366,1,0,0,0,0,0,0,0,0
1.984498,0,0,1,0,0,0,0,0,0
2.000441,0,0,0,0,1,1,0,0,0
2.000460,0,0,0,1,0,0,0,0,0
2.001409,0,0,0,0,0,0,0,0,1
2.009537,0,0,0,0,0,0,1,0,0
2.018588,0,0,0,0,0,0,0,1,0
2.026857,1,0,0,0,1,0,0,0,0
2.032569,0,0,1,0,0,0,0,0,0
2.033212,0,0,0,0,0,0,0,1,0
2.046558,0,0,0,0,0,1,0,0,0
2.047589,0,1,0,0,0,0,0,0,0
2.048846,0,0,0,1,0,0,0,0,0
2.050440,0,0,0,0,0,0,1,0,0
2.052457,0,0,0,0,0,0,0,0,1
2.053654,0,1,0,0,0,0,0,0,0
2.063465,1,0,0,0,1,0,0,0,0
2.070082,0,0,0,0,0,0,0,1,0
2.085448,0,0,1,0,0,0,0,0,0
2.093579,0,1,0,0,0,0,0,0,0
2.098409,0,0,0,0,0,1,0,0,0
2.101581,0,0,0,1,0,0,0,0,0
2.104880,0,0,0,0,0,0,0,0,1
2.108537,0,0,0,0,0,0,1,0,0
2.121759,1,0,0,0,1,0,0,0,0
2.123929,0,0,0,0,0,0,0,1,0
2.138562,0,0,1,0,0,0,0,0,0
2.144187,0,1,0,0,0,0,0,0,0
2.148105,0,0,0,0,0,1,0,0,0
2.149702,0,0,0,1,0,0,0,0,0
2.154569,0,0,0,0,0,0,0,0,1
2.158852,0,0,0,0,0,0,1,0,0
2.174122,1,0,0,0,0,0,0,0,0
2.175302,0,0,0,0,1,0,0,0,0
2.191323,0,0,1,0,0,0,0,0,0
2.200337,0,0,0,0,0,1,0,0,0
2.200352,0,0,0,1,0,0,0,0,0
2.203489,0,0,0,0,0,0,0,0,1
2.204208,0,0,0,0,0,0,0,1,0
2.220234,0,0,0,0,0,0,1,0,0
2.227484,0,1,0,0,0,0,0,0,0
2.236059,0,0,1,0,0,0,0,0,0
2.236155,1,0,0,0,0,0,0,0,0
2.246214,0,0,0,0,0,1,0,0,0
2.249544,0,0,0,0,1,0,0,0,1
2.250993,0,0,0,1,0,0,0,0,0
2.251800,0,0,0,0,0,0,1,0,0
2.260188,0,0,0,0,0,0,0,1,0
2.268286,1,0,0,0,0,0,0,0,0
2.281960,0,1,0,0,0,0,0,0,0
2.282407,0,0,1,0,0,0,0,0,0
2.300098,0,0,0,0,0,1,0,0,0
2.300288,0,0,0,1,0,0,0,0,0
2.309139,0,0,0,0,0,0,0,0,1
2.317580,0,0,0,0,0,0,1,0,0
2.323279,0,0,0,0,1,0,0,0,0
2.327756,1,0,0,0,1,0,0,0,0
2.334521,0,0,0,0,0,0,0,1,0
2.342415,0,0,1,0,0,0,0,0,0
2.346260,0,0,0,0,0,1,0,0,0
2.347605,0,0,0,0,0,0,0,0,1
2.348809,0,0,0,1,0,0,0,0,0
2.351607,0,0,0,0,0,0,1,0,0
2.353022,0,0,0,0,0,0,0,1,0
2.364264,0,1,0,0,0,0,0,0,0
2.369881,1,0,0,0,1,0,0,0,0
2.375892,0,1,0,0,0,0,0,0,0
2.377186,0,0,0,0,0,0,0,1,0
2.384087,0,0,1,0,0,0,0,0,0
2.398544,0,0,0,0,0,1,0,0,0
2.398684,0,0,0,1,0,0,0,0,0
2.399304,0,0,0,0,0,0,1,0,0
2.399473,0,1,0,0,0,0,0,0,0
2.412274,0,0,0,0,0,0,0,0,1
2.416723,1,0,0,0,0,0,0,0,0
2.448597,0,0,0,1,1,0,0,0,0
2.448980,0,0,0,0,0,1,0,0,0
2.451720,0,0,1,0,0,0,0,0,0
2.455814,0,0,0,0,0,0,0,1,0
2.461951,0,0,0,0,0,0,0,0,1
2.464906,0,0,0,0,0,0,1,0,0
2.478551,1,0,0,0,1,0,0,0,0
2.484486,0,1,0,0,0,0,0,0,0
2.489285,0,0,0,0,0,0,0,1,0
2.499171,0,0,1,0,0,0,0,0,0
2.499597,0,0,0,0,0,1,0,0,0
2.501088,0,0,0,1,0,0,0,0,0
2.509687,0,0,0,0,0,0,0,0,1
2.509911,0,1,0,0,0,0,0,0,0
2.510668,0,0,0,0,0,0,1,0,0
2.529112,1,0,0,0,1,0,0,0,0
2.530431,0,0,0,0,0,0,0,1,0
2.546415,0,0,1,0,0,0,0,0,0
2.547137,0,0,0,0,0,1,0,0,0
2.551478,0,0,0,1,0,0,0,0,0
2.558967,0,1,0,0,0,0,0,0,0
2.561609,0,0,0,0,0,0,0,0,1
2.565230,0,0,0,0,0,0,1,0,0
2.583412,1,0,0,0,0,0,0,0,0
2.587251,0,0,0,0,1,0,0,0,0
2.588626,0,0,0,0,0,0,0,1,0
2.597502,0,0,1,0,0,0,0,0,0
2.600045,0,0,0,1,0,0,0,0,0
2.602073,0,0,0,0,0,1,0,0,0
2.608999,0,1,0,0,0,0,0,0,0
2.610264,0,0,0,0,0,0,0,0,1
2.646034,0,0,1,0,0,0,0,0,0
2.651220,0,0,0,1,0,0,0,0,0
2.653407,0,0,0,0,0,1,0,0,0
2.658388,0,0,0,0,0,0,0,0,1
2.668102,0,0,0,0,0,0,1,0,0
2.675481,0,0,0,0,0,0,1,0,0
2.688088,1,0,0,0,0,0,0,0,0
2.690659,0,0,0,0,1,0,0,0,0
2.691632,0,0,0,0,0,0,0,1,0
2.694581,1,0,0,0,0,0,0,0,0
2.697430,0,0,1,0,1,0,0,0,0
2.699507,0,0,0,1,0,0,0,0,0
2.702166,0,0,0,0,0,1,0,0,0
2.708481,0,0,0,0,0,0,0,1,0
2.715168,0,1,0,0,0,0,0,0,0
2.723798,0,0,0,0,0,0,0,0,1
2.727147,0,0,0,0,0,0,1,0,0
2.728936,0,1,0,0,0,0,0,0,0
2.743255,1,0,0,0,0,0,0,0,0
2.747551,0,0,0,0,1,0,0,0,0
2.751079,0,0,0,1,0,0,0,0,0
2.751209,0,0,0,0,0,1,0,0,0
2.755299,0,0,0,0,0,0,0,0,1
2.756076,0,0,0,0,0,0,1,0,0
2.763018,0,0,1,0,0,0,0,0,0
2.766656,1,0,0,0,1,0,0,0,0
2.777079,0,0,0,0,0,0,0,1,0
2.793776,0,0,1,0,0,0,0,0,0
2.797595,0,0,0,0,0,1,0,0,0
2.798339,0,1,0,0,0,0,0,0,0
2.800490,0,0,0,1,0,0,0,0,0
2.804891,0,0,0,0,0,0,0,1,0
2.806967,0,0,0,0,0,0,0,0,1
2.818046,0,0,0,0,0,0,1,0,0
2.830030,0,1,0,0,0,0,0,0,0
2.834379,1,0,0,0,0,0,0,0,0
2.835482,0,0,0,0,1,0,0,0,0
2.839912,0,0,1,0,0,0,0,0,0
2.846323,0,0,0,0,0,0,0,1,0
2.850238,0,0,0,1,0,0,0,0,0
2.850819,0,0,0,0,0,1,0,0,0
2.850833,0,0,0,0,0,0,0,0,1
2.861709,0,0,0,0,0,0,1,0,0
2.873563,0,1,0,0,0,0,0,0,0
2.874670,1,0,0,0,0,0,0,0,0
2.884652,0,0,1,0,1,0,0,0,0
2.890600,0,0,0,0,0,0,0,1,0
2.900462,0,0,0,0,0,1,0,0,0
2.900687,0,0,0,1,0,0,0,0,0
2.900834,0,0,0,0,0,0,0,0,1
2.911027,0,1,0,0,0,0,0,0,0
2.913943,0,0,0,0,0,0,1,0,0
2.924207,1,0,0,0,0,0,0,0,0
2.939850,0,0,1,0,0,0,0,0,0
2.948348,0,0,0,1,0,0,0,0,0
2.948380,0,0,0,0,0,1,0,0,0
2.948575,0,0,0,0,1,0,0,0,0
2.948769,0,0,0,0,0,0,0,0,1
2.949393,0,0,0,0,0,0,1,0,0
2.960106,0,0,0,0,0,0,0,1,0
2.960861,1,0,0,0,0,0,0,0,0
2.982830,0,0,1,0,0,0,0,0,0
2.990029,0,1,0,0,1,0,0,0,0
2.998417,0,0,0,0,0,1,0,0,0
2.999850,0,0,0,1,0,0,0,0,0
3.002117,0,0,0,0,0,0,0,1,0
3.017783,0,0,0,0,0,0,1,0,0
3.026915,0,1,0,0,0,0,0,0,0
3.030945,1,0,0,0,1,0,0,0,0
3.038704,0,0,0,0,0,0,0,1,0
3.040989,0,0,0,0,0,0,0,0,1
3.049376,0,0,0,0,0,1,0,0,0
3.050304,0,0,0,1,0,0,0,0,0
3.054152,0,0,0,0,0,0,0,0,1
3.057286,0,0,0,0,0,0,1,0,0
3.061887,0,1,0,0,0,0,0,0,0
3.070755,1,0,0,0,1,0,0,0,0
3.076787,0,0,1,0,0,0,0,0,0
3.078257,0,0,0,0,0,0,0,1,0
3.085881,0,0,1,0,0,0,0,0,0
3.100051,0,0,0,1,0,0,0,0,0
3.100799,0,1,0,0,0,0,0,0,0
3.101479,0,0,0,0,0,1,0,0,0
3.104228,0,0,0,0,0,0,1,0,0
3.106664,0,0,0,0,0,0,0,0,1
3.116357,1,0,0,0,1,0,0,0,0
3.116709,0,0,0,0,0,0,0,1,0
3.137898,0,1,0,0,0,0,0,0,0
3.144089,0,0,1,0,0,0,0,0,0
3.147224,0,0,0,0,0,1,0,0,0
3.148503,0,0,0,1,0,0,0,0,0
3.154305,0,0,0,0,0,0,1,0,0
3.155370,0,0,0,0,0,0,0,0,1
3.170604,1,0,0,0,0,0,0,0,0
3.190577,0,0,1,0,1,0,0,0,0
3.198398,0,0,0,0,0,1,0,0,0
3.199246,0,0,0,1,0,0,0,0,0
3.209307,0,0,0,0,0,0,0,1,0
3.212232,0,0,0,0,0,0,1,0,0
3.227990,1,0,0,0,1,0,0,0,0
3.230677,0,0,0,0,0,0,0,0,1
3.233017,0,1,0,0,0,0,0,0,0
3.239427,0,0,0,0,0,0,0,1,0
3.251187,0,0,0,1,0,0,0,0,0
3.253102,0,0,0,0,0,1,0,0,0
3.253612,0,0,0,0,0,0,0,0,1
3.267131,0,1,0,0,0,0,0,0,0
3.268453,0,0,1,0,0,0,0,0,0
3.290718,0,0,1,0,0,0,0,0,0
3.299978,0,0,0,0,0,0,1,0,0
3.301147,0,0,0,1,0,0,0,0,0
3.301151,0,0,0,0,0,1,0,0,0
3.302345,0,0,0,0,0,0,0,0,1
3.304335,0,0,0,0,0,0,1,0,0
3.314917,1,0,0,0,1,0,0,0,0
3.322779,1,0,0,0,1,0,0,0,0
3.334907,0,0,0,0,0,0,0,1,0
3.340765,0,0,1,0,0,0,0,0,0
3.348613,0,0,0,1,0,0,0,0,0
3.353649,0,0,0,0,0,1,0,0,0
3.354507,0,0,0,0,0,0,0,1,0
3.360831,0,1,0,0,0,0,0,0,0
3.361935,0,0,0,0,0,0,0,0,1
3.367956,0,0,0,0,0,0,1,0,0
3.383818,0,1,0,0,0,0,0,0,0
3.385299,1,0,0,0,0,0,0,0,0
3.398526,0,0,0,1,1,0,0,0,0
3.400629,0,0,0,0,0,0,0,1,0
3.400683,0,0,1,0,0,0,0,0,0
3.400882,0,0,0,0,0,1,0,0,0
3.408999,0,0,0,0,0,0,1,0,0
3.411526,0,0,0,0,0,0,0,0,1
3.421474,0,1,0,0,0,0,0,0,0
3.424267,1,0,0,0,0,0,0,0,0
3.450943,0,0,1,0,1,0,0,0,0
3.450965,0,0,0,1,0,0,0,0,0
3.451407,0,0,0,0,0,0,1,0,0
3.451523,0,0,0,0,0,1,0,0,0
3.455998,0,0,0,0,0,0,0,1,0
3.467083,0,0,0,0,0,0,0,0,1
3.468158,1,0,0,0,0,0,0,0,0
3.476962,0,1,0,0,0,0,0,0,0
3.499622,0,0,0,1,0,0,0,0,0
3.500468,0,0,0,0,1,0,0,0,0
3.501090,0,0,0,0,0,1,0,0,0
3.501584,0,0,0,0,0,0,0,1,0
3.502949,0,0,0,0,0,0,0,0,1
3.506553,0,0,1,0,0,0,0,0,0
3.523437,0,1,0,0,0,0,0,0,0
3.532493,0,0,0,0,0,0,1,0,0
3.540778,0,0,1,0,0,0,0,0,0
3.550943,0,0,0,1,0,0,0,0,0
3.551439,1,0,0,0,1,0,0,0,0
3.552852,0,0,0,0,0,1,0,0,0
3.554606,0,0,0,0,0,0,0,0,1
3.564540,0,0,0,0,0,0,0,1,0
3.593170,0,1,0,0,0,0,0,0,0
3.594235,0,0,1,0,0,0,0,0,0
3.600142,0,0,0,0,0,0,1,0,0
3.600518,0,0,0,0,0,1,0,0,0
3.600764,0,0,0,1,0,0,0,0,0
3.608757,0,0,0,0,0,0,0,0,1
3.617319,1,0,0,0,0,0,0,0,0
3.621205,0,0,0,0,1,0,0,0,0
3.628721,0,0,0,0,0,0,1,0,0
3.639780,1,0,0,0,0,0,0,0,0
3.641667,0,0,1,0,0,0,0,0,0
3.650774,0,0,0,1,1,0,0,0,0
3.651067,0,0,0,0,0,1,0,0,0
3.651140,0,0,0,0,0,0,0,1,0
3.654573,0,0,0,0,0,0,0,1,0
3.657413,0,0,0,0,0,0,1,0,0
3.657927,0,0,0,0,0,0,0,0,1
3.673712,1,0,0,0,0,0,0,0,0
3.678800,0,1,0,0,0,0,0,0,0
3.679217,0,1,0,0,1,0,0,0,0
3.682438,0,0,0,0,0,0,0,1,0
3.692406,0,0,1,0,0,0,0,0,0
3.696107,0,0,0,0,0,1,0,0,0
3.699797,0,0,0,1,0,0,0,0,0
3.705046,0,1,0,0,0,0,0,0,0
3.713493,0,0,0,0,0,0,1,0,0
3.715803,0,0,0,0,0,0,0,0,1
3.725630,1,0,0,0,1,0,0,0,0
3.730061,0,0,0,0,0,0,0,1,0
3.746900,0,0,0,0,0,1,0,0,0
3.749554,0,0,0,0,0,0,0,0,1
3.750165,0,0,0,1,0,0,0,0,0
3.753147,0,0,1,0,0,0,0,0,0
3.759261,0,1,0,0,0,0,0,0,0
3.763991,0,0,0,0,0,0,1,0,0
3.775244,1,0,0,0,1,0,0,0,0
3.782514,0,0,0,0,0,0,0,1,0
3.785461,0,0,1,0,0,0,0,0,0
3.796633,0,0,0,0,0,1,0,0,0
3.800337,0,0,0,1,0,0,0,0,0
3.806049,0,0,0,0,0,0,1,0,0
3.806769,0,1,0,0,0,0,0,0,0
3.818603,1,0,0,0,1,0,0,0,0
3.836393,0,0,0,0,0,0,0,0,1
3.836520,0,0,0,0,0,0,0,1,0
3.848457,0,0,0,1,0,0,0,0,0
3.850793,0,0,0,0,0,1,0,0,0
3.853038,0,0,0,0,0,0,0,0,1
3.854167,0,0,0,0,0,0,1,0,0
3.864016,0,1,0,0,0,0,0,0,0
3.867666,0,0,1,0,0,0,0,0,0
3.870403,1,0,0,0,0,0,0,0,0
3.879255,0,0,0,0,1,0,0,0,0
3.881527,0,0,0,0,0,0,0,1,0
3.889518,0,0,1,0,0,0,0,0,0
3.898246,0,0,0,0,0,1,0,0,0
3.899209,0,0,0,1,0,0,0,0,0
3.906841,0,0,0,0,0,0,0,0,1
3.910375,0,1,0,0,0,0,0,0,0
3.917811,0,0,0,0,0,0,1,0,0
3.930226,1,0,0,0,0,0,0,0,0
3.946539,0,0,1,0,0,0,0,0,0
3.950310,0,0,0,0,1,1,0,0,0
3.950571,0,0,0,1,0,0,0,0,0
3.956672,0,0,0,0,0,0,0,1,0
3.957560,0,0,0,0,0,0,0,0,1
3.963870,0,0,0,0,0,0,1,0,0
3.977580,0,1,0,0,0,0,0,0,0
3.979350,1,0,0,0,0,0,0,0,0
3.991248,0,0,0,0,1,0,0,0,0
3.993459,0,0,1,0,0,0,0,0,0
3.999341,0,0,0,0,0,1,0,0,0
4.000645,0,0,0,1,0,0,0,0,0
4.001523,0,0,0,0,0,0,1,0,0
4.001523,0,0,0,0,0,0,0,1,0
4.011597,0,0,0,0,0,0,0,0,1
4.014129,1,0,0,0,0,0,0,0,0
4.024864,0,1,0,0,1,0,0,0,0
4.025248,0,0,0,0,0,0,0,1,0
4.045189,0,0,1,0,0,0,0,0,0
4.048033,0,0,0,0,0,1,0,0,0
4.049699,0,0,0,1,0,0,0,0,0
4.051160,0,0,0,0,0,0,1,0,0
4.051247,0,0,0,0,0,0,0,0,1
4.051925,0,1,0,0,0,0,0,0,0
4.069509,1,0,0,0,1,0,0,0,0
4.072527,0,0,0,0,0,0,0,1,0
4.085964,0,0,1,0,0,0,0,0,0
4.095939,0,1,0,0,0,0,0,0,0
4.097536,0,0,0,0,0,1,0,0,0
4.099091,0,0,0,1,0,0,0,0,0
4.100704,0,0,0,0,0,0,1,0,0
4.107212,0,0,0,0,0,0,0,0,1
4.112413,1,0,0,0,1,0,0,0,0
4.120601,0,0,0,0,0,0,0,1,0
4.141846,0,1,0,0,0,0,0,0,0
4.143866,0,0,1,0,0,0,0,0,0
4.150754,0,0,0,1,0,0,0,0,0
4.153475,0,0,0,0,0,1,0,0,0
4.172471,0,0,0,0,0,0,0,0,1
4.176283,0,0,0,0,0,0,1,0,0
4.194224,1,0,0,0,1,0,0,0,0
4.199857,0,0,0,0,0,1,0,0,0
4.200077,0,0,0,1,0,0,0,0,0
4.203070,0,0,1,0,0,0,0,0,0
4.205504,0,0,0,0,0,0,0,1,0
4.215232,0,0,0,0,0,0,0,0,1
4.219227,0,0,0,0,0,0,1,0,0
4.231752,1,0,0,0,0,0,0,0,0
4.232831,0,0,0,0,1,0,0,0,0
4.233872,0,1,0,0,0,0,0,0,0
4.241566,0,0,0,0,0,0,0,1,0
4.249633,0,0,0,0,0,1,0,0,0
4.250329,0,0,1,0,0,0,0,0,0
4.250672,0,0,0,1,0,0,0,0,0
4.257102,0,0,0,0,0,0,0,0,1
4.261495,0,0,0,0,0,0,1,0,0
4.263746,0,1,0,0,0,0,0,0,0
4.275302,1,0,0,0,0,0,0,0,0
4.295354,0,0,1,0,1,0,0,0,0
4.300447,0,0,0,0,0,1,0,0,0
4.300718,0,0,0,1,0,0,0,0,0
4.309657,0,0,0,0,0,0,0,0,1
4.322293,0,0,0,0,0,0,1,0,0
4.324997,0,0,0,0,0,0,0,1,0
4.340788,1,0,0,0,1,0,0,0,0
4.341431,0,0,1,0,0,0,0,0,0
4.343814,0,0,0,0,0,0,0,1,0
4.346361,0,1,0,0,0,0,0,0,0
4.351643,0,0,0,0,0,1,0,0,0
4.351942,0,0,0,1,0,0,0,0,0
4.352740,0,0,0,0,0,0,0,0,1
4.366181,0,0,0,0,0,0,1,0,0
4.368017,0,1,0,0,0,0,0,0,0
4.380113,1,0,0,0,1,0,0,0,0
4.384467,0,0,0,0,0,0,0,1,0
4.390581,0,0,1,0,0,0,0,0,0
4.397550,0,0,0,0,0,1,0,0,0
4.398722,0,0,0,1,0,0,0,0,0
4.409766,0,0,0,0,0,0,0,0,1
4.410627,0,0,0,0,0,0,1,0,0
4.412825,0,1,0,0,0,0,0,0,0
4.428773,1,0,0,0,1,0,0,0,0
4.446734,0,0,1,0,0,0,0,0,0
4.448976,0,0,0,0,0,1,0,0,0
4.449768,0,0,0,1,0,0,0,0,0
4.457506,0,0,0,0,0,0,1,0,0
4.470794,0,0,0,0,0,0,0,1,0
4.471741,1,0,0,0,0,0,0,0,0
4.481463,0,0,0,0,0,0,0,0,1
4.498551,0,0,0,1,0,0,0,0,0
4.499915,0,1,0,0,1,0,0,0,0
4.499997,0,0,0,0,0,1,0,0,0
4.501302,0,0,0,0,0,0,0,0,1
4.511605,0,0,0,0,0,0,1,0,0
4.513717,0,0,1,0,0,0,0,0,0
4.516538,0,0,0,0,0,0,0,1,0
4.526224,1,0,0,0,1,0,0,0,0
4.534043,0,0,1,0,0,0,0,0,0
4.537953,0,0,0,0,0,0,0,1,0
4.544177,0,1,0,0,0,0,0,0,0
4.550546,0,0,0,1,0,0,0,0,0
4.552328,0,0,0,0,0,0,1,0,0
4.553240,0,0,0,0,0,1,0,0,0
4.563753,0,1,0,0,0,0,0,0,0
4.564742,0,0,0,0,0,0,0,0,1
4.565616,1,0,0,0,1,0,0,0,0
4.578524,0,0,0,0,0,0,0,1,0
4.600948,0,0,0,1,0,0,0,0,0
4.602075,0,0,0,0,0,1,0,0,0
4.602830,0,0,1,0,0,0,0,0,0
4.604496,0,0,0,0,0,0,0,0,1
4.604974,0,1,0,0,0,0,0,0,0
4.618315,0,0,0,0,0,0,1,0,0
4.633695,1,0,0,0,1,0,0,0,0
4.642177,0,0,0,0,0,0,0,1,0
4.643587,0,0,1,0,0,0,0,0,0
4.649974,0,0,0,1,0,0,0,0,0
4.653012,0,0,0,0,0,1,0,0,0
4.655180,0,0,0,0,0,0,1,0,0
4.668004,0,1,0,0,0,0,0,0,0
4.670343,0,0,0,0,0,0,0,0,1
4.674356,1,0,0,0,1,0,0,0,0
4.675048,0,0,0,0,0,0,0,1,0
4.699189,0,0,0,1,0,0,0,0,0
4.699384,0,0,0,0,0,1,0,0,0
4.703531,0,0,0,0,0,0,1,0,0
4.703629,0,1,0,0,0,0,0,0,0
4.704193,0,0,1,0,0,0,0,0,0
4.712204,0,0,0,0,0,0,0,0,1
4.717233,1,0,0,0,0,0,0,0,0
4.749948,0,0,1,0,1,0,0,0,0
4.750348,0,0,0,1,0,0,0,0,0
4.752833,0,0,0,0,0,1,0,0,0
4.753539,0,0,0,0,0,0,0,0,1
4.763228,0,0,0,0,0,0,0,1,0
4.779492,0,0,0,0,0,0,1,0,0
4.790342,0,0,1,0,0,0,0,0,0
4.792052,0,1,0,0,0,0,0,0,0
4.794041,1,0,0,0,0,0,0,0,0
4.795925,0,0,0,0,1,0,0,0,0
4.797381,0,0,0,0,0,1,0,0,0
4.800085,0,0,0,1,0,0,0,0,0
4.804479,0,0,0,0,0,0,0,1,0
4.811236,0,0,0,0,0,0,0,0,1
4.814196,0,0,0,0,0,0,1,0,0
4.828597,0,1,0,0,0,0,0,0,0
4.832038,1,0,0,0,1,0,0,0,0
4.837596,0,0,0,0,0,0,0,1,0
4.843728,0,0,1,0,0,0,0,0,0
4.849688,0,0,0,0,0,1,0,0,0
4.850499,0,0,0,1,0,0,0,0,0
4.854325,0,0,0,0,0,0,1,0,0
4.854770,0,0,0,0,0,0,0,0,1
4.859074,0,1,0,0,0,0,0,0,0
4.870535,1,0,0,0,1,0,0,0,0
4.871501,0,0,0,0,0,0,0,1,0
4.893027,0,0,1,0,0,0,0,0,0
4.897145,0,1,0,0,0,0,0,0,0
4.899224,0,0,0,1,0,0,0,0,0
4.899286,0,0,0,0,0,1,0,0,0
4.903613,0,0,0,0,0,0,1,0,0
4.904588,0,0,0,0,0,0,0,0,1
4.914115,1,0,0,0,0,0,0,0,0
4.939230,0,0,0,0,1,0,0,0,0
4.942204,0,0,1,0,0,0,0,0,0
4.949265,0,0,0,1,0,0,0,0,0
4.952216,0,0,0,0,0,0,1,0,0
4.952776,0,0,0,0,0,1,0,0,0
4.954597,0,0,0,0,0,0,0,0,1
4.954662,0,0,0,0,0,0,0,1,0
4.963122,1,0,0,0,1,0,0,0,0
4.968182,0,0,0,0,0,0,0,1,0
4.974801,0,1,0,0,0,0,0,0,0
4.988144,0,0,1,0,0,0,0,0,0
4.991179,0,1,0,0,0,0,0,0,0
5.000464,0,0,0,0,0,1,0,0,0
5.000569,0,0,0,1,0,0,0,0,0
5.017730,0,0,0,0,0,0,1,0,0
5.018160,0,0,0,0,0,0,0,0,1
5.028711,1,0,0,0,0,0,0,0,0
5.030647,0,0,0,0,1,0,0,0,0
5.049048,0,0,0,1,0,0,0,0,0
5.052589,0,0,0,0,0,1,0,0,0
5.053043,0,0,0,0,0,0,0,0,1
5.055822,0,0,1,0,0,0,0,0,0
5.060413,0,0,0,0,0,0,1,0,0
5.069139,0,0,0,0,0,0,0,1,0
5.072153,1,0,0,0,0,0,0,0,0
5.087743,0,0,1,0,1,0,0,0,0
5.093435,0,1,0,0,0,0,0,0,0
5.100329,0,0,0,1,0,0,0,0,0
5.102895,0,0,0,0,0,1,0,0,0
5.103527,0,0,0,0,0,0,0,1,0
5.108111,0,0,0,0,0,0,0,0,1
5.120859,0,0,0,0,0,0,1,0,0
5.131058,0,1,0,0,0,0,0,0,0
5.134279,1,0,0,0,1,0,0,0,0
5.134386,0,0,0,0,0,0,0,1,0
5.145785,0,0,1,0,0,0,0,0,0
5.150157,0,0,0,1,0,0,0,0,0
5.150957,0,0,0,0,0,1,0,0,0
5.152795,0,0,0,0,0,0,1,0,0
5.155438,0,1,0,0,0,0,0,0,0
5.157082,0,0,0,0,0,0,0,0,1
5.167565,1,0,0,0,0,0,0,0,0
5.194831,0,0,1,0,1,0,0,0,0
5.195130,0,0,0,0,0,0,0,1,0
5.198364,0,0,0,1,0,0,0,0,0
5.200139,0,0,0,0,0,1,0,0,0
5.203518,0,0,0,0,0,0,0,0,1
5.208771,0,0,0,0,0,0,1,0,0
5.222178,0,1,0,0,0,0,0,0,0
5.227420,1,0,0,0,0,0,0,0,0
5.238528,0,0,1,0,0,0,0,0,0
5.249412,0,0,0,1,0,0,0,0,0
5.249579,0,0,0,0,1,1,0,0,0
5.249720,0,0,0,0,0,0,1,0,0
5.256375,0,0,0,0,0,0,0,1,0
5.256972,0,0,0,0,0,0,0,0,1
5.261754,1,0,0,0,1,0,0,0,0
5.263695,0,0,0,0,0,0,0,1,0
5.277568,0,1,0,0,0,0,0,0,0
5.287358,0,1,0,0,0,0,0,0,0
5.292841,0,0,1,0,0,0,0,0,0
5.300830,0,0,0,1,0,0,0,0,0
5.301032,0,0,0,0,0,1,0,0,0
5.307946,0,0,0,0,0,0,0,0,1
5.339749,0,0,0,0,0,0,1,0,0
5.345205,0,0,1,0,0,0,0,0,0
5.349147,0,0,0,1,0,0,0,0,0
5.352644,0,0,0,0,0,1,0,0,0
5.353987,1,0,0,0,0,0,0,0,0
5.359803,0,0,0,0,1,0,0,0,1
5.360420,0,0,0,0,0,0,0,1,0
5.362649,0,0,0,0,0,0,1,0,0
5.378667,1,0,0,0,1,0,0,0,0
5.379076,0,0,0,0,0,0,0,1,0
5.384726,0,1,0,0,0,0,0,0,0
5.395804,0,0,1,0,0,0,0,0,0
5.396575,0,0,0,0,0,1,0,0,0
5.400284,0,0,0,1,0,0,0,0,0
5.407387,0,1,0,0,0,0,0,0,0
5.411146,0,0,0,0,0,0,1,0,0
5.413942,0,0,0,0,0,0,0,0,1
5.431102,1,0,0,0,1,0,0,0,0
5.431829,0,0,0,0,0,0,0,1,0
5.449628,0,0,1,0,0,0,0,0,0
5.451171,0,0,0,1,0,0,0,0,0
5.453626,0,0,0,0,0,1,0,0,0
5.454195,0,1,0,0,0,0,0,0,0
5.454298,0,0,0,0,0,0,1,0,0
5.458753,0,0,0,0,0,0,0,0,1
5.465593,1,0,0,0,1,0,0,0,0
5.474082,0,0,0,0,0,0,0,1,0
5.495667,0,0,1,0,0,0,0,0,0
5.496277,0,1,0,0,0,0,0,0,0
5.498670,0,0,0,0,0,1,0,0,0
5.498736,0,0,0,0,0,0,0,0,1
5.499835,0,0,0,1,0,0,0,0,0
5.500149,0,0,0,0,0,0,1,0,0
5.519355,1,0,0,0,1,0,0,0,0
5.529061,0,0,1,0,0,0,0,0,0
5.536476,0,0,0,0,0,0,0,1,0
5.549571,0,0,0,1,0,0,0,0,0
5.551716,0,0,0,0,0,1,0,0,0
5.556950,0,0,0,0,0,0,1,0,0
5.558236,0,1,0,0,0,0,0,0,0
5.567124,1,0,0,0,1,0,0,0,0
5.574727,0,0,0,0,0,0,0,1,0
5.578334,0,0,0,0,0,0,0,0,1
5.598531,0,0,0,1,0,0,0,0,0
5.600596,0,1,0,0,0,0,0,0,0
5.602002,0,0,0,0,0,1,0,0,0
5.602266,0,0,0,0,0,0,1,0,0
5.603990,0,0,0,0,0,0,0,0,1
5.612021,0,0,1,0,0,0,0,0,0
5.615642,1,0,0,0,1,0,0,0,0
5.617142,0,0,0,0,0,0,0,1,0
5.640185,0,1,0,0,0,0,0,0,0
5.642424,0,0,1,0,0,0,0,0,0
5.646484,0,0,0,0,0,1,0,0,0
5.650600,0,0,0,1,0,0,0,0,0
5.650832,0,0,0,0,0,0,0,0,1
5.654016,0,0,0,0,0,0,1,0,0
5.667227,1,0,0,0,0,0,0,0,0
5.673289,0,0,0,0,1,0,0,0,0
5.675885,0,0,0,0,0,0,0,1,0
5.689003,0,0,1,0,0,0,0,0,0
5.699450,0,0,0,1,0,0,0,0,0
5.700114,0,1,0,0,0,0,0,0,0
5.700480,0,0,0,0,0,0,1,0,0
5.701651,0,0,0,0,0,1,0,0,0
5.712197,0,0,0,0,0,0,0,0,1
5.718688,1,0,0,0,0,0,0,0,0
5.746728,0,0,1,0,1,0,0,0,0
5.750747,0,0,0,1,0,0,0,0,0
5.752086,0,0,0,0,0,1,0,0,0
5.753683,0,0,0,0,0,0,0,1,0
5.756626,0,0,0,0,0,0,1,0,0
5.771147,0,0,0,0,0,0,0,0,1
5.772667,1,0,0,0,1,0,0,0,0
5.773172,0,0,0,0,0,0,0,1,0
5.776704,0,1,0,0,0,0,0,0,0
5.794345,0,1,0,0,0,0,0,0,0
5.798628,0,0,0,0,0,1,0,0,0
5.800855,0,0,0,1,0,0,0,0,0
5.802298,0,0,0,0,0,0,0,0,1
5.803008,0,0,0,0,0,0,1,0,0
5.806983,0,0,1,0,0,0,0,0,0
5.818698,1,0,0,0,1,0,0,0,0
5.819159,0,0,0,0,0,0,0,1,0
5.840184,0,0,1,0,0,0,0,0,0
5.845600,0,1,0,0,0,0,0,0,0
5.847209,0,0,0,0,0,1,0,0,0
5.850068,0,0,0,1,0,0,0,0,0
5.850551,0,0,0,0,0,0,1,0,0
5.852044,0,0,0,0,0,0,0,0,1
5.864241,1,0,0,0,1,0,0,0,0
5.865335,0,0,0,0,0,0,0,1,0
5.885113,0,0,1,0,0,0,0,0,0
5.888983,0,1,0,0,0,0,0,0,0
5.899371,0,0,0,1,0,0,0,0,0
5.900139,0,0,0,0,0,0,1,0,0
5.901711,0,0,0,0,0,1,0,0,0
5.915476,0,0,0,0,0,0,0,0,1
5.915872,1,0,0,0,0,0,0,0,0
5.949000,0,0,0,1,0,0,0,0,0
5.949960,0,0,0,0,1,0,0,0,0
5.950782,0,0,0,0,0,1,0,0,0
5.951126,0,0,1,0,0,0,0,0,0
5.955641,0,0,0,0,0,0,0,0,1
5.957051,0,0,0,0,0,0,1,0,0
5.969623,1,0,0,0,0,0,0,0,0
5.978778,0,0,0,0,1,0,0,0,0
5.979687,0,0,0,0,0,0,0,1,0
5.980213,0,0,0,0,0,0,0,1,0
5.993084,0,0,1,0,0,0,0,0,0
6.001126,0,0,0,1,0,0,0,0,0
6.001883,0,1,0,0,0,0,0,0,0
6.003367,0,0,0,0,0,1,0,0,0
6.005395,0,1,0,0,0,0,0,0,0
6.005652,0,0,0,0,0,0,0,0,1
6.008237,0,0,0,0,0,0,1,0,0
6.022915,1,0,0,0,1,0,0,0,0
6.043035,0,0,1,0,0,0,0,0,0
6.045140,0,0,0,0,0,0,0,1,0
6.047926,0,0,0,0,0,1,0,0,0
6.050248,0,0,0,0,0,0,0,0,1
6.051094,0,0,0,1,0,0,0,0,0
6.067151,0,1,0,0,0,0,0,0,0
6.071640,0,0,0,0,0,0,1,0,0
6.081705,1,0,0,0,1,0,0,0,0
6.088389,0,0,1,0,0,0,0,0,0
6.099792,0,0,0,0,0,1,0,0,0
6.100399,0,0,0,1,0,0,0,0,0
6.100854,0,0,0,0,0,0,1,0,0
6.106410,0,0,0,0,0,0,0,1,0
6.112522,0,0,0,0,0,0,0,0,1
6.113473,1,0,0,0,1,0,0,0,0
6.126377,0,0,0,0,0,0,0,1,0
6.130960,0,1,0,0,0,0,0,0,0
6.146240,0,0,0,0,0,1,0,0,0
6.149740,0,0,0,1,0,0,0,0,0
6.151679,0,0,1,0,0,0,0,0,0
6.154784,0,1,0,0,0,0,0,0,0
6.156116,0,0,0,0,0,0,1,0,0
6.170275,1,0,0,0,1,0,0,0,0
6.170688,0,0,0,0,0,0,0,0,1
6.171132,0,0,0,0,0,0,0,1,0
6.194423,0,1,0,0,0,0,0,0,0
6.196921,0,0,0,0,0,1,0,0,0
6.199467,0,0,0,1,0,0,0,0,0
6.201066,0,0,0,0,0,0,1,0,0
6.203703,0,0,1,0,0,0,0,0,0
6.220515,0,0,0,0,0,0,0,0,1
6.220579,1,0,0,0,0,0,0,0,0
6.247187,0,0,0,0,0,1,0,0,0
6.251487,0,0,0,1,1,0,0,0,0
6.257057,0,0,0,0,0,0,0,1,0
6.259940,0,0,1,0,0,0,0,0,0
6.260492,0,0,0,0,0,0,1,0,0
6.264026,0,0,0,0,0,0,0,0,1
6.277732,1,0,0,0,0,0,0,0,0
6.283267,0,1,0,0,1,0,0,0,0
6.284954,0,0,0,0,0,0,0,1,0
6.297553,0,0,0,0,0,1,0,0,0
6.299330,0,0,0,1,0,0,0,0,0
6.302116,0,0,1,0,0,0,0,0,0
6.307608,0,1,0,0,0,0,0,0,0
6.312028,0,0,0,0,0,0,1,0,0
6.331290,1,0,0,0,0,0,0,0,0
6.339602,0,0,0,0,1,0,0,0,1
6.349490,0,0,0,0,0,1,0,0,0
6.351780,0,0,0,1,0,0,0,0,0
6.355316,0,0,0,0,0,0,0,0,1
6.357217,0,0,0,0,0,0,0,1,0
6.358086,0,0,0,0,0,0,1,0,0
6.368808,1,0,0,0,1,0,0,0,0
6.378020,0,0,1,0,0,0,0,0,0
6.380199,0,0,0,0,0,0,0,1,0
6.380765,0,1,0,0,0,0,0,0,0
6.395251,0,0,1,0,0,0,0,0,0
6.399385,0,0,0,1,0,0,0,0,0
6.399830,0,0,0,0,0,1,0,0,0
6.403325,0,0,0,0,0,0,0,0,1
6.406068,0,0,0,0,0,0,1,0,0
6.406334,0,1,0,0,0,0,0,0,0
6.420477,1,0,0,0,1,0,0,0,0
6.438217,0,0,0,0,0,0,0,1,0
6.438720,0,0,1,0,0,0,0,0,0
6.449091,0,0,0,0,0,1,0,0,0
6.450093,0,0,0,1,0,0,0,0,0
6.455928,0,0,0,0,0,0,1,0,0
6.461480,0,1,0,0,0,0,0,0,0
6.465084,0,0,0,0,0,0,0,0,1
6.470328,1,0,0,0,0,0,0,0,0
6.498726,0,0,0,1,0,0,0,0,0
6.499736,0,0,0,0,0,1,0,0,0
6.500980,0,0,0,0,1,0,0,0,0
6.502029,0,0,1,0,0,0,0,0,0
6.508298,0,0,0,0,0,0,1,0,0
6.508873,0,0,0,0,0,0,0,1,0
6.511204,0,0,0,0,0,0,0,0,1
6.521709,1,0,0,0,0,0,0,0,0
6.527546,0,0,0,0,1,0,0,0,0
6.529679,0,1,0,0,0,0,0,0,0
6.535920,0,0,0,0,0,0,0,1,0
6.550303,0,0,1,0,0,0,0,0,0
6.550401,0,0,0,1,0,0,0,0,0
6.551879,0,0,0,0,0,1,0,0,0
6.555365,0,0,0,0,0,0,1,0,0
6.556446,0,0,0,0,0,0,0,0,1
6.557583,0,1,0,0,0,0,0,0,0
6.569973,1,0,0,0,0,0,0,0,0
6.592153,0,0,1,0,0,0,0,0,0
6.597196,0,0,0,0,0,1,0,0,0
6.598378,0,0,0,0,1,0,0,0,0
6.599749,0,0,0,1,0,0,0,0,0
6.601121,0,0,0,0,0,0,1,0,0
6.601859,0,0,0,0,0,0,0,0,1
6.620844,1,0,0,0,0,0,0,0,0
6.624011,0,0,0,0,1,0,0,1,0
6.632550,0,0,1,0,0,0,0,0,0
6.633863,0,0,0,0,0,0,0,1,0
6.646598,0,0,0,0,0,1,0,0,0
6.647303,0,0,0,0,0,0,0,0,1
6.650558,0,0,0,1,0,0,0,0,0
6.653910,0,0,0,0,0,0,1,0,0
6.653988,0,1,0,0,0,0,0,0,0
6.658992,0,1,0,0,0,0,0,0,0
6.670644,1,0,0,0,1,0,0,0,0
6.680166,0,0,0,0,0,0,0,1,0
6.687007,0,0,1,0,0,0,0,0,0
6.698923,0,0,0,1,0,0,0,0,0
6.699027,0,0,0,0,0,0,1,0,0
6.701201,0,0,0,0,0,1,0,0,0
6.706893,0,0,0,0,0,0,0,0,1
6.708609,0,1,0,0,0,0,0,0,0
6.715305,1,0,0,0,1,0,0,0,0
6.716365,0,0,0,0,0,0,0,1,0
6.740011,0,1,0,0,0,0,0,0,0
6.741524,0,0,1,0,0,0,0,0,0
6.746417,0,0,0,0,0,1,0,0,0
6.749872,0,0,0,1,0,0,0,0,0
6.751590,0,0,0,0,0,0,1,0,0
6.756333,0,0,0,0,0,0,0,0,1
6.767352,1,0,0,0,1,0,0,0,0
6.770105,0,0,0,0,0,0,0,1,0
6.794452,0,0,1,0,0,0,0,0,0
6.799075,0,1,0,0,0,0,0,0,0
6.800283,0,0,0,1,0,0,0,0,0
6.803611,0,0,0,0,0,1,0,0,0
6.812281,0,0,0,0,0,0,0,0,1
6.815639,0,0,0,0,0,0,1,0,0
6.832335,1,0,0,0,1,0,0,0,0
6.844831,0,0,0,0,0,0,0,1,0
6.846585,0,0,0,0,0,1,0,0,0
6.847618,0,0,1,0,0,0,0,0,0
6.850859,0,0,0,1,0,0,0,0,0
6.852545,0,0,0,0,0,0,0,0,1
6.862308,0,0,0,0,0,0,1,0,0
6.870728,0,1,0,0,0,0,0,0,0
6.876507,1,0,0,0,1,0,0,0,0
6.879038,0,0,0,0,0,0,0,1,0
6.884664,0,0,1,0,0,0,0,0,0
6.899653,0,0,0,1,0,0,0,0,0
6.900222,0,0,0,0,0,1,0,0,0
6.902993,0,1,0,0,0,0,0,0,0
6.913927,0,0,0,0,0,0,0,0,1
6.924877,0,0,0,0,0,0,1,0,0
6.940054,1,0,0,0,0,0,0,0,0
6.948204,0,0,0,1,1,0,0,0,0
6.950466,0,0,1,0,0,0,0,0,0
6.950896,0,0,0,0,0,0,1,0,0
6.951217,0,0,0,0,0,1,0,0,0
6.957083,0,0,0,0,0,0,0,0,1
6.963155,1,0,0,0,1,0,0,0,0
6.971172,0,0,0,0,0,0,0,1,0
6.977301,0,0,0,0,0,0,0,1,0
6.990850,0,0,1,0,0,0,0,0,0
6.991990,0,1,0,0,0,0,0,0,0
6.998624,0,0,0,1,0,0,0,0,0
7.000479,0,1,0,0,0,0,0,0,0
7.003477,0,0,0,0,0,1,0,0,0
7.005266,0,0,0,0,0,0,1,0,0
7.006280,0,0,0,0,0,0,0,0,1
7.022885,1,0,0,0,1,0,0,0,0
7.024719,0,0,0,0,0,0,0,1,0
7.042044,0,0,1,0,0,0,0,0,0
7.050580,0,1,0,0,0,0,0,0,0
7.051138,0,0,0,1,0,0,0,0,0
7.053420,0,0,0,0,0,1,0,0,0
7.054398,0,0,0,0,0,0,0,0,1
7.067300,0,0,0,0,0,0,1,0,0
7.081128,1,0,0,0,0,0,0,0,0
7.091825,0,0,1,0,1,0,0,0,0
7.098347,0,0,0,0,0,0,0,1,0
7.100039,0,0,0,1,0,0,0,0,0
7.100726,0,0,0,0,0,0,1,0,0
7.101152,0,0,0,0,0,1,0,0,0
7.112017,1,0,0,0,1,0,0,0,0
7.112648,0,0,0,0,0,0,0,1,0
7.120460,0,0,0,0,0,0,0,0,1
7.121475,0,1,0,0,0,0,0,0,0
7.134886,0,1,0,0,0,0,0,0,0
7.148872,0,0,0,0,0,1,0,0,0
7.149503,0,0,0,0,0,0,0,0,1
7.149623,0,0,0,1,0,0,0,0,0
7.152335,0,0,1,0,0,0,0,0,0
7.153258,0,0,0,0,0,0,1,0,0
7.169026,1,0,0,0,0,0,0,0,0
7.183061,0,0,1,0,1,0,0,0,0
7.183380,0,0,0,0,0,0,0,1,0
7.198002,0,0,0,0,0,1,0,0,0
7.199571,0,0,0,1,0,0,0,0,0
7.200703,0,0,0,0,0,0,1,0,0
7.205718,0,1,0,0,0,0,0,0,0
7.209119,0,0,0,0,0,0,0,0,1
7.216398,1,0,0,0,1,0,0,0,0
7.223541,0,0,0,0,0,0,0,1,0
7.245262,0,1,0,0,0,0,0,0,0
7.248790,0,0,1,0,0,0,0,0,0
7.249069,0,0,0,1,0,0,0,0,0
7.249915,0,0,0,0,0,1,0,0,0
7.253633,0,0,0,0,0,0,0,0,1
7.262463,0,0,0,0,0,0,1,0,0
7.278654,1,0,0,0,0,0,0,0,0
7.285481,0,0,1,0,0,0,0,0,0
7.298463,0,0,0,0,1,1,0,0,0
7.301340,0,0,0,1,0,0,0,0,0
7.301533,0,0,0,0,0,0,1,0,0
7.302098,0,0,0,0,0,0,0,0,1
7.316181,0,0,0,0,0,0,0,1,0
7.319671,1,0,0,0,1,0,0,0,0
7.334818,0,0,0,0,0,0,0,1,0
7.336194,0,0,1,0,0,0,0,0,0
7.341722,0,1,0,0,0,0,0,0,0
7.349717,0,0,0,0,0,1,0,0,0
7.349770,0,0,0,1,0,0,0,0,0
7.352002,0,0,0,0,0,0,1,0,0
7.357910,0,1,0,0,0,0,0,0,0
7.364337,0,0,0,0,0,0,0,0,1
7.364941,1,0,0,0,1,0,0,0,0
7.396091,0,0,1,0,0,0,0,0,0
7.397016,0,0,0,0,0,1,0,0,0
7.400049,0,0,0,0,0,0,0,0,1
7.400148,0,0,0,1,0,0,0,0,0
7.400635,0,0,0,0,0,0,0,1,0
7.405660,0,0,0,0,0,0,1,0,0
7.417629,1,0,0,0,1,0,0,0,0
7.424254,0,1,0,0,0,0,0,0,0
7.428097,0,0,0,0,0,0,0,1,0
7.431723,0,0,1,0,0,0,0,0,0
7.446574,0,0,0,0,0,1,0,0,0
7.449772,0,0,0,1,0,0,0,0,0
7.451533,0,1,0,0,0,0,0,0,0
7.452682,0,0,0,0,0,0,1,0,0
7.458619,0,0,0,0,0,0,0,0,1
7.467362,1,0,0,0,1,0,0,0,0
7.483339,0,0,0,0,0,0,0,1,0
7.493573,0,0,1,0,0,0,0,0,0
7.498814,0,0,0,0,0,1,0,0,0
7.501162,0,0,0,1,0,0,0,0,0
7.506465,0,1,0,0,0,0,0,0,0
7.509499,0,0,0,0,0,0,0,0,1
7.517019,0,0,0,0,0,0,1,0,0
7.534611,1,0,0,0,1,0,0,0,0
7.535508,0,0,0,0,0,0,0,1,0
7.541068,0,0,1,0,0,0,0,0,0
7.549819,0,0,0,1,0,0,0,0,0
7.552710,0,0,0,0,0,1,0,0,0
7.553569,0,0,0,0,0,0,0,0,1
7.555597,0,1,0,0,0,0,0,0,0
7.567546,0,0,0,0,0,0,1,0,0
7.583698,1,0,0,0,1,0,0,0,0
7.586459,0,0,1,0,0,0,0,0,0
7.598450,0,0,0,0,0,1,0,0,0
7.599295,0,0,0,1,0,0,0,0,0
7.601113,0,0,0,0,0,0,1,0,0
7.611561,0,0,0,0,0,0,0,0,1
7.614108,0,0,0,0,0,0,0,1,0
7.614336,1,0,0,0,0,0,0,0,0
7.639498,0,1,0,0,1,0,0,0,0
7.640162,0,0,0,0,0,0,0,1,0
7.647893,0,0,1,0,0,0,0,0,0
7.648496,0,0,0,0,0,1,0,0,0
7.649632,0,0,0,1,0,0,0,0,0
7.655105,0,0,0,0,0,0,1,0,0
7.662122,0,1,0,0,0,0,0,0,0
7.664805,0,0,0,0,0,0,0,0,1
7.666574,1,0,0,0,1,0,0,0,0
7.700558,0,0,0,1,0,0,0,0,0
7.701475,0,0,0,0,0,1,0,0,0
7.703321,0,0,1,0,0,0,0,0,0
7.706066,0,0,0,0,0,0,1,0,0
7.706461,0,0,0,0,0,0,0,1,0
7.714590,0,0,0,0,0,0,0,0,1
7.718227,1,0,0,0,0,0,0,0,0
7.731190,0,1,0,0,1,0,0,0,0
7.732331,0,0,0,0,0,0,0,1,0
7.749552,0,0,0,1,0,0,0,0,0
7.750299,0,0,0,0,0,1,0,0,0
7.751396,0,0,0,0,0,0,0,0,1
7.753465,0,0,1,0,0,0,0,0,0
7.755987,0,0,0,0,0,0,1,0,0
7.758618,0,1,0,0,0,0,0,0,0
7.771952,1,0,0,0,0,0,0,0,0
7.786839,0,0,1,0,1,0,0,0,0
7.799387,0,0,0,1,0,0,0,0,0
7.801406,0,0,0,0,0,0,1,0,0
7.801909,0,0,0,0,0,1,0,0,0
7.805639,0,0,0,0,0,0,0,0,1
7.809224,0,0,0,0,0,0,0,1,0
7.816961,1,0,0,0,0,0,0,0,0
7.831370,0,1,0,0,1,0,0,0,0
7.831913,0,0,0,0,0,0,0,1,0
7.842928,0,0,1,0,0,0,0,0,0
7.851454,0,0,0,1,0,0,0,0,0
7.853406,0,0,0,0,0,1,0,0,0
7.854154,0,1,0,0,0,0,0,0,0
7.855030,0,0,0,0,0,0,1,0,0
7.856225,0,0,0,0,0,0,0,0,1
7.869474,1,0,0,0,0,0,0,0,0
7.891415,0,0,1,0,1,0,0,0,0
7.893834,0,0,0,0,0,0,0,1,0
7.899349,0,0,0,1,0,0,0,0,0
7.899695,0,0,0,0,0,1,0,0,0
7.912274,0,0,0,0,0,0,1,0,0
7.916429,0,0,0,0,0,0,0,0,1
7.921314,0,1,0,0,0,0,0,0,0
7.929322,1,0,0,0,1,0,0,0,0
7.930893,0,0,0,0,0,0,0,1,0
7.951285,0,0,0,1,0,0,0,0,0
7.951403,0,0,1,0,0,0,0,0,0
7.951990,0,1,0,0,0,0,0,0,0
7.952999,0,0,0,0,0,1,0,0,0
7.953130,0,0,0,0,0,0,1,0,0
7.955069,0,0,0,0,0,0,0,0,1
7.965373,1,0,0,0,1,0,0,0,0
7.976134,0,0,0,0,0,0,0,1,0
7.987086,0,0,1,0,0,0,0,0,0
7.999001,0,0,0,1,0,0,0,0,0
7.999172,0,0,0,0,0,1,0,0,0
8.004487,0,0,0,0,0,0,1,0,0
8.005607,0,1,0,0,0,0,0,0,0
8.015897,0,0,0,0,0,0,0,0,1
8.021153,1,0,0,0,1,0,0,0,0
8.030396,0,0,0,0,0,0,0,1,0
8.047903,0,0,0,0,0,1,0,0,0
8.049483,0,0,0,1,0,0,0,0,0
8.053193,0,0,1,0,0,0,0,0,0
8.054901,0,0,0,0,0,0,0,0,1
8.057978,0,1,0,0,0,0,0,0,0
8.060880,0,0,0,0,0,0,1,0,0
8.076945,1,0,0,0,0,0,0,0,0
8.090052,0,0,0,0,1,0,0,0,0
8.092171,0,0,1,0,0,0,0,0,0
8.099184,0,0,0,0,0,1,0,0,0
8.100077,0,0,0,1,0,0,0,0,0
8.102839,0,0,0,0,0,0,0,0,1
8.103750,0,0,0,0,0,0,1,0,0
8.110007,0,0,0,0,0,0,0,1,0
8.119546,1,0,0,0,1,0,0,0,0
8.121207,0,0,0,0,0,0,0,1,0
8.130491,0,1,0,0,0,0,0,0,0
8.135667,0,0,1,0,0,0,0,0,0
8.143577,0,1,0,0,0,0,0,0,0
8.149258,0,0,0,1,0,0,0,0,0
8.152632,0,0,0,0,0,1,0,0,0
8.152650,0,0,0,0,0,0,1,0,0
8.155495,0,0,0,0,0,0,0,0,1
8.164778,1,0,0,0,0,0,0,0,0
8.194092,0,0,1,0,0,0,0,0,0
8.201265,0,0,0,0,0,1,0,0,0
8.201631,0,0,0,1,0,0,0,0,0
8.203140,0,0,0,0,1,0,0,0,0
8.204152,0,0,0,0,0,0,0,0,1
8.205278,0,0,0,0,0,0,1,0,0
8.218875,1,0,0,0,1,0,0,0,0
8.223579,0,0,0,0,0,0,0,1,0
8.231023,0,0,0,0,0,0,0,1,0
8.238443,0,0,1,0,0,0,0,0,0
8.245792,0,1,0,0,0,0,0,0,0
8.248064,0,0,0,1,0,0,0,0,0
8.249058,0,0,0,0,0,1,0,0,0
8.258396,0,1,0,0,0,0,0,0,0
8.263558,0,0,0,0,0,0,0,0,1
8.270160,0,0,0,0,0,0,1,0,0
8.281122,1,0,0,0,0,0,0,0,0
8.300147,0,0,0,1,1,0,0,0,0
8.302432,0,0,1,0,0,0,0,0,0
8.303117,0,0,0,0,0,1,0,0,0
8.312918,0,0,0,0,0,0,0,1,0
8.312988,0,0,0,0,0,0,0,0,1
8.319329,0,0,0,0,0,0,1,0,0
8.336530,1,0,0,0,1,0,0,0,0
8.339934,0,0,0,0,0,0,0,1,0
8.342814,0,1,0,0,0,0,0,0,0
8.350126,0,0,0,0,0,1,0,0,0
8.350142,0,0,1,0,0,0,0,0,0
8.351635,0,0,0,1,0,0,0,0,0
8.352551,0,0,0,0,0,0,0,0,1
8.358471,0,0,0,0,0,0,1,0,0
8.366024,0,1,0,0,0,0,0,0,0
8.375028,1,0,0,0,0,0,0,0,0
8.386174,0,0,0,0,1,0,0,0,0
8.387771,0,0,0,0,0,0,0,1,0
8.391282,0,0,1,0,0,0,0,0,0
8.400846,0,0,0,1,0,0,0,0,0
8.402016,0,0,0,0,0,1,0,0,0
8.410703,0,0,0,0,0,0,0,0,1
8.414817,0,1,0,0,0,0,0,0,0
8.423209,0,0,0,0,0,0,1,0,0
8.437801,1,0,0,0,0,0,0,0,0
8.447391,0,0,1,0,1,0,0,0,0
8.448989,0,0,0,0,0,1,0,0,0
8.449340,0,0,0,1,0,0,0,0,0
8.452027,0,0,0,0,0,0,1,0,0
8.470349,0,0,0,0,0,0,0,1,0
8.471014,1,0,0,0,0,0,0,0,0
8.486989,0,0,0,0,0,0,0,0,1
8.488062,0,0,0,0,1,0,0,0,0
8.490650,0,0,0,0,0,0,0,1,0
8.490739,0,1,0,0,0,0,0,0,0
8.500228,0,0,0,1,0,0,0,0,0
8.503133,0,0,0,0,0,1,0,0,0
8.503439,0,0,0,0,0,0,1,0,0
8.510949,0,1,0,0,0,0,0,0,0
8.514233,0,0,0,0,0,0,0,0,1
8.518541,1,0,0,0,0,0,0,0,0
8.525209,0,0,1,0,0,0,0,0,0
8.548176,0,0,0,0,1,1,0,0,0
8.550053,0,0,1,0,0,0,0,0,0
8.550721,0,0,0,1,0,0,0,0,0
8.553705,0,0,0,0,0,0,0,1,0
8.558736,0,0,0,0,0,0,0,0,1
8.578660,0,0,0,0,0,0,1,0,0
8.580356,0,1,0,0,0,0,0,0,0
8.594846,0,0,1,0,0,0,0,0,0
8.595586,1,0,0,0,1,0,0,0,0
8.597907,0,0,0,0,0,1,0,0,0
8.599955,0,0,0,1,0,0,0,0,0
8.601991,0,0,0,0,0,0,0,0,1
8.611366,0,0,0,0,0,0,0,1,0
8.615536,0,0,0,0,0,0,1,0,0
8.631472,1,0,0,0,1,0,0,0,0
8.632797,0,1,0,0,0,0,0,0,0
8.638567,0,0,1,0,0,0,0,0,0
8.645009,0,0,0,0,0,0,0,1,0
8.650527,0,0,0,1,0,0,0,0,0
8.653621,0,0,0,0,0,1,0,0,0
8.654425,0,0,0,0,0,0,0,0,1
8.658171,0,0,0,0,0,0,1,0,0
8.668408,1,0,0,0,0,0,0,0,0
8.672384,0,1,0,0,1,0,0,0,0
8.680295,0,0,0,0,0,0,0,1,0
8.691759,0,0,1,0,0,0,0,0,0
8.698949,0,0,0,0,0,1,0,0,0
8.699521,0,0,0,1,0,0,0,0,0
8.701561,0,1,0,0,0,0,0,0,0
8.711565,0,0,0,0,0,0,1,0,0
8.726397,1,0,0,0,1,0,0,0,0
8.730252,0,0,0,0,0,0,0,0,1
8.742269,0,0,0,0,0,0,0,1,0
8.749764,0,0,0,1,0,0,0,0,0
8.751402,0,0,0,0,0,0,1,0,0
8.751972,0,0,0,0,0,1,0,0,0
8.755575,0,0,0,0,0,0,0,0,1
8.763108,0,0,1,0,0,0,0,0,0
8.765792,0,1,0,0,0,0,0,0,0
8.765883,1,0,0,0,0,0,0,0,0
8.788256,0,0,1,0,1,0,0,0,0
8.790099,0,0,0,0,0,0,0,1,0
8.799363,0,0,0,0,0,1,0,0,0
8.799464,0,0,0,0,0,0,0,0,1
8.801182,0,0,0,1,0,0,0,0,0
8.805322,0,0,0,0,0,0,1,0,0
8.810199,0,1,0,0,0,0,0,0,0
8.816443,1,0,0,0,0,0,0,0,0
8.836282,0,0,1,0,0,0,0,0,0
8.838548,0,0,0,0,1,0,0,0,0
8.839299,0,0,0,0,0,0,0,1,0
8.846748,0,0,0,0,0,1,0,0,0
8.850427,0,0,0,1,0,0,0,0,0
8.851610,0,0,0,0,0,0,1,0,0
8.854950,0,0,0,0,0,0,0,0,1
8.866755,0,1,0,0,0,0,0,0,0
8.870042,1,0,0,0,0,0,0,0,0
8.891957,0,0,1,0,0,0,0,0,0
8.899102,0,0,0,1,1,0,0,0,0
8.899247,0,0,0,0,0,1,0,0,0
8.900175,0,0,0,0,0,0,0,1,0
8.906008,0,0,0,0,0,0,0,0,1
8.918420,0,0,0,0,0,0,1,0,0
8.924771,0,1,0,0,0,0,0,0,0
8.933356,1,0,0,0,0,0,0,0,0
8.943519,0,0,0,0,1,0,0,0,0
8.945088,0,0,1,0,0,0,0,0,0
8.946367,0,0,0,0,0,1,0,0,0
8.948907,0,0,0,0,0,0,0,0,1
8.951349,0,0,0,1,0,0,0,0,0
8.963201,0,0,0,0,0,0,0,1,0
8.963558,0,0,0,0,0,0,1,0,0
8.983536,1,0,0,0,1,0,0,0,0
8.985304,0,0,1,0,0,0,0,0,0
8.990009,0,1,0,0,0,0,0,0,0
8.990443,0,0,0,0,0,0,0,1,0
8.999084,0,0,0,1,0,0,0,0,0
9.001164,0,0,0,0,0,1,0,0,0
9.002306,0,0,0,0,0,0,0,0,1
9.014881,0,1,0,0,0,0,0,0,0
9.036559,0,0,0,0,0,0,1,0,0
9.041299,0,0,1,0,0,0,0,0,0
9.049370,0,0,0,0,0,1,0,0,0
9.050490,0,0,0,1,0,0,0,0,0
9.054598,1,0,0,0,1,0,0,0,0
9.056258,0,0,0,0,0,0,0,1,0
9.057584,0,0,0,0,0,0,0,0,1
9.065126,0,0,0,0,0,0,1,0,0
9.080640,0,1,0,0,0,0,0,0,0
9.083430,1,0,0,0,0,0,0,0,0
9.086854,0,0,0,0,1,0,0,0,0
9.092223,0,0,1,0,0,0,0,0,0
9.096428,0,0,0,0,0,0,0,1,0
9.098559,0,0,0,1,0,0,0,0,0
9.099064,0,0,0,0,0,1,0,0,0
9.101971,0,0,0,0,0,0,1,0,0
9.102087,0,0,0,0,0,0,0,0,1
9.112717,1,0,0,0,0,0,0,0,0
9.118690,0,1,0,0,0,0,0,0,0
9.138830,0,0,1,0,1,0,0,0,0
9.142403,0,0,0,0,0,0,0,1,0
9.148137,0,0,0,1,0,0,0,0,0
9.153258,0,0,0,0,0,1,0,0,0
9.163537,0,0,0,0,0,0,0,0,1
9.166250,0,1,0,0,0,0,0,0,0
9.170294,0,0,0,0,0,0,1,0,0
9.182361,1,0,0,0,0,0,0,0,0
9.198917,0,0,0,0,0,1,0,0,0
9.199745,0,0,0,1,0,0,0,0,0
9.202340,0,0,1,0,1,0,0,0,0
9.202948,0,0,0,0,0,0,1,0,0
9.210516,0,0,0,0,0,0,0,1,0
9.216713,1,0,0,0,0,0,0,0,0
9.219176,0,0,0,0,1,0,0,0,0
9.220344,0,0,0,0,0,0,0,0,1
9.224252,0,0,0,0,0,0,0,1,0
9.235253,0,1,0,0,0,0,0,0,0
9.249020,0,0,0,1,0,0,0,0,0
9.249324,0,1,0,0,0,0,0,0,0
9.249529,0,0,0,0,0,0,1,0,0
9.251839,0,0,1,0,0,0,0,0,0
9.253780,0,0,0,0,0,1,0,0,0
9.253834,0,0,0,0,0,0,0,0,1
9.264141,1,0,0,0,0,0,0,0,0
9.292103,0,0,1,0,1,0,0,0,0
9.300010,0,0,0,1,0,0,0,0,0
9.301643,0,0,0,0,0,1,0,0,0
9.304429,0,0,0,0,0,0,0,1,0
9.306945,0,0,0,0,0,0,1,0,0
9.315031,0,0,0,0,0,0,0,0,1
9.322573,1,0,0,0,0,0,0,0,0
9.323643,0,0,0,0,1,0,0,0,0
9.326718,0,1,0,0,0,0,0,0,0
9.329023,0,0,0,0,0,0,0,1,0
9.347414,0,0,0,0,0,1,0,0,0
9.350089,0,0,0,1,0,0,0,0,0
9.352437,0,0,1,0,0,0,0,0,0
9.353264,0,0,0,0,0,0,1,0,0
9.357355,0,0,0,0,0,0,0,0,1
9.357634,0,1,0,0,0,0,0,0,0
9.365004,1,0,0,0,1,0,0,0,0
9.370527,0,0,0,0,0,0,0,1,0
9.391823,0,1,0,0,0,0,0,0,0
9.396275,0,0,1,0,0,0,0,0,0
9.399891,0,0,0,1,0,0,0,0,0
9.400677,0,0,0,0,0,1,0,0,0
9.400876,0,0,0,0,0,0,0,0,1
9.405408,0,0,0,0,0,0,1,0,0
9.421218,1,0,0,0,0,0,0,0,0
9.435479,0,0,1,0,1,0,0,0,0
9.438769,0,0,0,0,0,0,0,1,0
9.446681,0,0,0,0,0,1,0,0,0
9.449371,0,0,0,1,0,0,0,0,0
9.458593,0,0,0,0,0,0,1,0,0
9.461647,0,0,0,0,0,0,0,0,1
9.462374,0,1,0,0,0,0,0,0,0
9.474268,1,0,0,0,1,0,0,0,0
9.486574,0,0,0,0,0,0,0,1,0
9.497643,0,0,0,0,0,1,0,0,0
9.499493,0,0,1,0,0,0,0,0,0
9.499819,0,0,0,1,0,0,0,0,0
9.500867,0,0,0,0,0,0,0,0,1
9.501023,0,0,0,0,0,0,1,0,0
9.512471,0,1,0,0,0,0,0,0,0
9.520922,1,0,0,0,1,0,0,0,0
9.523390,0,0,0,0,0,0,0,1,0
9.539639,0,0,1,0,0,0,0,0,0
9.547800,0,1,0,0,0,0,0,0,0
9.551535,0,0,0,1,0,0,0,0,0
9.552542,0,0,0,0,0,1,0,0,0
9.554847,0,0,0,0,0,0,0,0,1
9.560691,0,0,0,0,0,0,1,0,0
9.571214,1,0,0,0,0,0,0,0,0
9.594629,0,0,1,0,0,0,0,0,0
9.600416,0,0,0,0,0,1,0,0,0
9.600422,0,0,0,0,1,0,0,0,0
9.600427,0,0,0,1,0,0,0,0,0
9.602378,0,0,0,0,0,0,1,0,0
9.604875,0,0,0,0,0,0,0,1,0
9.617329,0,0,0,0,0,0,0,0,1
9.619513,1,0,0,0,1,0,0,0,0
9.621510,0,0,0,0,0,0,0,1,0
9.633925,0,1,0,0,0,0,0,0,0
9.645002,0,1,0,0,0,0,0,0,0
9.650183,0,0,0,1,0,0,0,0,0
9.651259,0,0,0,0,0,1,0,0,0
9.654296,0,0,1,0,0,0,0,0,0
9.657600,0,0,0,0,0,0,0,0,1
9.660733,0,0,0,0,0,0,1,0,0
9.671707,1,0,0,0,1,0,0,0,0
9.677675,0,0,0,0,0,0,0,1,0
9.693710,0,0,1,0,0,0,0,0,0
9.696217,0,0,0,0,0,1,0,0,0
9.696352,0,0,0,0,0,0,0,0,1
9.698866,0,0,0,1,0,0,0,0,0
9.700014,0,1,0,0,0,0,0,0,0
9.700590,0,0,0,0,0,0,1,0,0
9.719213,1,0,0,0,1,0,0,0,0
9.736315,0,0,1,0,0,0,0,0,0
9.749013,0,0,0,0,0,1,0,0,0
9.749797,0,0,0,1,0,0,0,0,0
9.750037,0,0,0,0,0,0,0,0,1
9.752235,0,0,0,0,0,0,1,0,0
9.754080,0,0,0,0,0,0,0,1,0
9.770004,1,0,0,0,0,0,0,0,0
9.774364,0,0,0,0,1,0,0,0,0
9.781941,0,1,0,0,0,0,0,0,0
9.786412,0,0,1,0,0,0,0,0,0
9.796034,0,0,0,0,0,1,0,0,0
9.797946,0,0,0,0,0,0,0,1,0
9.800679,0,0,0,1,0,0,0,0,0
9.805043,0,0,0,0,0,0,0,0,1
9.815292,0,0,0,0,0,0,1,0,0
9.820591,0,1,0,0,0,0,0,0,0
9.827017,1,0,0,0,0,0,0,0,0
9.828361,0,0,0,0,1,0,0,0,0
9.834255,0,0,0,0,0,0,0,1,0
9.838820,0,0,1,0,0,0,0,0,0
9.848314,0,0,0,1,0,0,0,0,0
9.851338,0,0,0,0,0,1,0,0,0
9.856758,0,1,0,0,0,0,0,0,0
9.859899,0,0,0,0,0,0,0,0,1
9.878940,0,0,0,0,0,0,1,0,0
9.892565,1,0,0,0,1,0,0,0,0
9.896018,0,0,1,0,0,0,0,0,0
9.898765,0,0,0,1,0,0,0,0,0
9.901321,0,0,0,0,0,1,0,0,0
9.903921,0,0,0,0,0,0,0,1,0
9.904023,0,0,0,0,0,0,0,0,1
9.908403,0,0,0,0,0,0,1,0,0
9.919204,1,0,0,0,1,0,0,0,0
9.924698,0,1,0,0,0,0,0,0,0
9.941084,0,0,1,0,0,0,0,0,0
9.946836,0,0,0,0,0,1,0,0,0
9.950360,0,0,0,1,0,0,0,0,0
9.954065,0,0,0,0,0,0,0,0,1
9.957644,0,0,0,0,0,0,1,0,0
9.958922,0,0,0,0,0,0,0,1,0
9.974698,1,0,0,0,0,0,0,0,0
9.984951,0,1,0,0,1,0,0,0,0
9.990076,0,0,1,0,0,0,0,0,0
9.997784,0,0,0,0,0,0,0,1,0
10.000057,0,0,0,0,0,1,0,0,0
10.000944,0,0,0,1,0,0,0,0,0
10.005634,0,0,0,0,0,0,1,0,0
10.008660,0,0,0,0,0,0,0,0,1
10.020005,1,0,0,0,0,0,0,0,0
10.022444,0,0,0,0,1,0,0,0,0
10.025364,0,1,0,0,0,0,0,0,0
10.027554,0,0,0,0,0,0,0,1,0
10.044803,0,0,1,0,0,0,0,0,0
10.049578,0,0,0,1,0,0,0,0,0
10.052305,0,0,0,0,0,0,1,0,0
10.052515,0,1,0,0,0,0,0,0,0
10.052915,0,0,0,0,0,1,0,0,0
10.069495,1,0,0,0,0,0,0,0,0
10.070827,0,0,0,0,0,0,0,0,1
10.100246,0,0,0,1,1,0,0,0,0
10.100832,0,0,0,0,0,1,0,0,0
10.105676,0,0,0,0,0,0,1,0,0
10.106826,0,0,0,0,0,0,0,0,1
10.110281,0,0,1,0,0,0,0,0,0
10.113998,0,0,0,0,0,0,0,1,0
10.122388,1,0,0,0,1,0,0,0,0
10.129930,0,0,0,0,0,0,0,1,0
10.138142,0,0,1,0,0,0,0,0,0
10.143612,0,1,0,0,0,0,0,0,0
10.149964,0,0,0,1,0,0,0,0,0
10.153995,0,0,0,0,0,1,0,0,0
10.154000,0,0,0,0,0,0,0,0,1
10.158056,0,1,0,0,0,0,0,0,0
10.183368,0,0,0,0,0,0,1,0,0
10.192964,0,0,1,0,0,0,0,0,0
10.196665,0,0,0,0,0,1,0,0,0
10.197119,1,0,0,0,0,0,0,0,0
10.200735,0,0,0,1,0,0,0,0,0
10.217713,0,0,0,0,1,0,0,0,1
10.221743,0,0,0,0,0,0,1,0,0
10.227211,0,0,0,0,0,0,0,1,0
10.231801,1,0,0,0,1,0,0,0,0
10.243637,0,0,0,0,0,0,0,1,0
10.248386,0,1,0,0,0,0,0,0,0
10.249532,0,0,0,0,0,1,0,0,0
10.249718,0,0,0,0,0,0,0,0,1
10.249833,0,0,0,1,0,0,0,0,0
10.253919,0,0,0,0,0,0,1,0,0
10.254932,0,0,1,0,0,0,0,0,0
10.265042,0,1,0,0,0,0,0,0,0
10.268592,1,0,0,0,1,0,0,0,0
10.278681,0,0,0,0,0,0,0,1,0
10.284756,0,0,1,0,0,0,0,0,0
10.299842,0,0,0,1,0,0,0,0,0
10.300797,0,1,0,0,0,0,0,0,0
10.302951,0,0,0,0,0,1,0,0,0
10.305459,0,0,0,0,0,0,1,0,0
10.314182,0,0,0,0,0,0,0,0,1
10.321104,1,0,0,0,0,0,0,0,0
10.347438,0,0,1,0,1,0,0,0,0
10.349041,0,0,0,1,0,0,0,0,0
10.351034,0,0,0,0,0,0,1,0,0
10.352816,0,0,0,0,0,1,0,0,0
10.353624,0,0,0,0,0,0,0,0,1
10.356188,0,0,0,0,0,0,0,1,0
10.365022,1,0,0,0,1,0,0,0,0
10.374417,0,0,0,0,0,0,0,1,0
10.377333,0,1,0,0,0,0,0,0,0
10.392709,0,0,1,0,0,0,0,0,0
10.394754,0,1,0,0,0,0,0,0,0
10.400534,0,0,0,1,0,0,0,0,0
10.400780,0,0,0,0,0,1,0,0,0
10.408757,0,0,0,0,0,0,0,0,1
10.409205,0,0,0,0,0,0,1,0,0
10.428448,1,0,0,0,1,0,0,0,0
10.441475,0,0,0,0,0,0,0,1,0
10.443570,0,0,1,0,0,0,0,0,0
10.448305,0,0,0,0,0,1,0,0,0
10.449366,0,0,0,1,0,0,0,0,0
10.449935,0,0,0,0,0,0,1,0,0
10.452905,0,0,0,0,0,0,0,0,1
10.460355,1,0,0,0,0,0,0,0,0
10.464612,0,1,0,0,0,0,0,0,0
10.486923,0,0,1,0,1,0,0,0,0
10.488471,0,0,0,0,0,0,0,1,0
10.498465,0,0,0,0,0,1,0,0,0
10.501550,0,0,0,1,0,0,0,0,0
10.505631,0,0,0,0,0,0,0,0,1
10.508545,0,0,0,0,0,0,1,0,0
10.513536,0,1,0,0,0,0,0,0,0
10.526082,1,0,0,0,0,0,0,0,0
10.537462,0,0,1,0,0,0,0,0,0
10.548287,0,0,0,0,1,1,0,0,0
10.550655,0,0,0,1,0,0,0,0,0
10.553305,0,0,0,0,0,0,0,1,0
10.554771,0,0,0,0,0,0,1,0,0
10.560011,0,0,0,0,0,0,0,0,1
10.570449,1,0,0,0,0,0,0,0,0
10.573645,0,1,0,0,0,0,0,0,0
10.594259,0,0,1,0,1,0,0,0,0
10.596731,0,0,0,0,0,0,0,1,0
10.597642,0,0,0,0,0,1,0,0,0
10.601909,0,0,0,1,0,0,0,0,0
10.604437,0,0,0,0,0,0,0,0,1
10.606972,0,0,0,0,0,0,1,0,0
10.623644,1,0,0,0,1,0,0,0,0
10.624289,0,1,0,0,0,0,0,0,0
10.635194,0,0,0,0,0,0,0,1,0
10.640046,0,0,1,0,0,0,0,0,0
10.651219,0,0,0,0,0,1,0,0,0
10.651513,0,0,0,1,0,0,0,0,0
10.658397,0,1,0,0,0,0,0,0,0
10.679229,0,0,0,0,0,0,1,0,0
10.687009,0,0,0,0,0,0,0,0,1
10.690907,1,0,0,0,1,0,0,0,0
10.698285,0,0,0,0,0,0,0,1,0
10.700343,0,0,0,1,0,0,0,0,0
10.702870,0,0,0,0,0,1,0,0,0
10.708254,0,0,0,0,0,0,1,0,0
10.711739,0,0,0,0,0,0,0,0,1
10.719884,0,1,0,0,0,0,0,0,0
10.723843,0,0,1,0,0,0,0,0,0
10.726748,1,0,0,0,1,0,0,0,0
10.738063,0,0,0,0,0,0,0,1,0
10.748420,0,0,0,0,0,1,0,0,0
10.748718,0,0,1,0,0,0,0,0,0
10.750755,0,0,0,1,0,0,0,0,0
10.755861,0,0,0,0,0,0,0,0,1
10.756183,0,0,0,0,0,0,1,0,0
10.758613,0,1,0,0,0,0,0,0,0
10.770642,1,0,0,0,1,0,0,0,0
10.792612,0,0,0,0,0,0,0,1,0
10.792984,0,0,1,0,0,0,0,0,0
10.800333,0,0,0,1,0,0,0,0,0
10.801261,0,0,0,0,0,0,1,0,0
10.803708,0,0,0,0,0,1,0,0,0
10.811415,0,0,0,0,0,0,0,0,1
10.817151,1,0,0,0,0,0,0,0,0
10.819057,0,0,0,0,1,0,0,0,0
10.819684,0,0,0,0,0,0,0,1,0
10.822152,0,1,0,0,0,0,0,0,0
10.839996,0,1,0,0,0,0,0,0,0
10.845826,0,0,1,0,0,0,0,0,0
10.850577,0,0,0,1,0,0,0,0,0
10.852730,0,0,0,0,0,1,0,0,0
10.856427,0,0,0,0,0,0,1,0,0
10.872795,1,0,0,0,0,0,0,0,0
10.880383,0,0,0,0,1,0,0,0,0
10.896885,0,0,0,0,0,0,0,1,0
10.897436,0,0,0,0,0,0,0,0,1
10.899736,0,0,0,1,0,0,0,0,0
10.901118,0,0,0,0,0,1,0,0,0
10.902756,0,0,0,0,0,0,0,0,1
10.906788,0,0,0,0,0,0,1,0,0
10.921174,1,0,0,0,0,0,0,0,0
10.922177,0,0,0,0,1,0,0,0,0
10.923199,0,1,0,0,0,0,0,0,0
10.932877,0,0,0,0,0,0,0,1,0
10.935171,0,0,1,0,0,0,0,0,0
10.936696,0,0,1,0,0,0,0,0,0
10.950062,0,0,0,1,0,0,0,0,0
10.951795,0,0,0,0,0,1,0,0,0
10.954214,0,1,0,0,0,0,0,0,0
10.961278,0,0,0,0,0,0,0,0,1
10.971645,0,0,0,0,0,0,1,0,0
10.985480,1,0,0,0,0,0,0,0,0
10.998112,0,0,1,0,1,0,0,0,0
10.998950,0,0,0,1,0,0,0,0,0
10.999859,0,0,0,0,0,1,0,0,0
11.000861,0,0,0,0,0,0,1,0,0
11.003822,0,0,0,0,0,0,0,1,0
11.007877,0,0,0,0,0,0,0,0,1
11.014616,1,0,0,0,1,0,0,0,0
11.028277,0,1,0,0,0,0,0,0,0
11.045903,0,0,1,0,0,0,0,0,0
11.050801,0,0,0,0,0,1,0,0,0
11.050810,0,0,0,1,0,0,0,0,0
11.051613,0,0,0,0,0,0,0,0,1
11.055724,0,0,0,0,0,0,1,0,0
11.060335,0,0,0,0,0,0,0,1,0
11.066749,1,0,0,0,0,0,0,0,0
11.083920,0,1,0,0,0,0,0,0,0
11.085248,0,0,1,0,1,0,0,0,0
11.099739,0,0,0,0,0,0,0,1,0
11.100059,0,0,0,0,0,1,0,0,0
11.101226,0,0,0,1,0,0,0,0,0
11.103539,0,0,0,0,0,0,1,0,0
11.106104,0,0,0,0,0,0,0,0,1
11.115672,1,0,0,0,0,0,0,0,0
11.120905,0,1,0,0,0,0,0,0,0
11.141743,0,0,0,0,1,0,0,0,0
11.144547,0,0,1,0,0,0,0,0,0
11.147720,0,0,0,0,0,1,0,0,0
11.150492,0,0,0,1,0,0,0,0,0
11.152321,0,0,0,0,0,0,1,0,0
11.156428,0,0,0,0,0,0,0,0,1
11.157092,0,0,0,0,0,0,0,1,0
11.164138,1,0,0,0,1,0,0,0,0
11.181525,0,0,0,0,0,0,0,1,0
11.186192,0,1,0,0,0,0,0,0,0
11.186667,0,0,1,0,0,0,0,0,0
11.198969,0,0,0,1,0,0,0,0,0
11.200575,0,0,0,0,0,1,0,0,0
11.203721,0,0,0,0,0,0,1,0,0
11.205513,0,1,0,0,0,0,0,0,0
11.212381,0,0,0,0,0,0,0,0,1
11.219913,1,0,0,0,0,0,0,0,0
11.226611,0,0,0,0,1,0,0,0,0
11.227339,0,0,0,0,0,0,0,1,0
11.248108,0,0,1,0,0,0,0,0,0
11.249581,0,0,0,1,0,0,0,0,0
11.253250,0,0,0,0,0,1,0,0,0
11.257338,0,1,0,0,0,0,0,0,0
11.261367,0,0,0,0,0,0,0,0,1
11.265670,0,0,0,0,0,0,1,0,0
11.282574,1,0,0,0,0,0,0,0,0
11.297252,0,0,1,0,1,0,0,0,0
11.299120,0,0,0,1,0,0,0,0,0
11.302811,0,0,0,0,0,1,0,0,0
11.305725,0,0,0,0,0,0,1,0,0
11.307850,0,0,0,0,0,0,0,0,1
11.311275,0,0,0,0,0,0,0,1,0
11.317255,1,0,0,0,1,0,0,0,0
11.319308,0,0,0,0,0,0,0,1,0
11.332217,0,1,0,0,0,0,0,0,0
11.344528,0,0,1,0,0,0,0,0,0
11.346764,0,1,0,0,0,0,0,0,0
11.349268,0,0,0,0,0,1,0,0,0
11.350421,0,0,0,1,0,0,0,0,0
11.353503,0,0,0,0,0,0,0,0,1
11.356676,0,0,0,0,0,0,1,0,0
11.371676,1,0,0,0,0,0,0,0,0
11.385561,0,0,1,0,0,0,0,0,0
11.394698,0,0,0,0,1,0,0,0,0
11.398113,0,0,0,0,0,0,0,1,0
11.398809,0,0,0,0,0,1,0,0,0
11.401936,0,0,0,1,0,0,0,0,0
11.403508,0,0,0,0,0,0,1,0,0
11.405291,0,0,0,0,0,0,0,0,1
11.417498,1,0,0,0,1,0,0,0,0
11.419436,0,1,0,0,0,0,0,0,0
11.435653,0,0,1,0,0,0,0,0,0
11.439952,0,0,0,0,0,0,0,1,0
11.449712,0,0,0,1,0,0,0,0,0
11.450499,0,0,0,0,0,1,0,0,0
11.457564,0,0,0,0,0,0,1,0,0
11.462115,0,0,0,0,0,0,0,0,1
11.462938,0,1,0,0,0,0,0,0,0
11.474849,1,0,0,0,0,0,0,0,0
11.498045,0,0,1,0,1,0,0,0,0
11.498871,0,0,0,0,0,1,0,0,0
11.499476,0,0,0,0,0,0,0,1,0
11.500317,0,0,0,1,0,0,0,0,0
11.505180,0,0,0,0,0,0,1,0,0
11.516691,1,0,0,0,0,0,0,0,0
11.522009,0,0,0,0,1,0,0,0,0
11.523155,0,1,0,0,0,0,0,0,0
11.528049,0,0,0,0,0,0,0,0,1
11.539686,0,0,0,0,0,0,0,1,0
11.549526,0,0,0,1,0,0,0,0,0
11.551613,0,0,0,0,0,1,0,0,0
11.553386,0,0,0,0,0,0,1,0,0
11.553955,0,0,0,0,0,0,0,0,1
11.563865,1,0,0,0,1,0,0,0,0
11.566190,0,1,0,0,0,0,0,0,0
11.566655,0,0,1,0,0,0,0,0,0
11.575378,0,0,0,0,0,0,0,1,0
11.588224,0,0,1,0,0,0,0,0,0
11.598375,0,1,0,0,0,0,0,0,0
11.599192,0,0,0,1,0,0,0,0,0
11.599340,0,0,0,0,0,1,0,0,0
11.604513,0,0,0,0,0,0,0,0,1
11.604761,0,0,0,0,0,0,1,0,0
11.616269,1,0,0,0,0,0,0,0,0
11.640868,0,0,1,0,0,0,0,0,0
11.646120,0,0,0,0,1,0,0,0,0
11.646295,0,0,0,0,0,0,0,1,0
11.648908,0,0,0,1,0,0,0,0,0
11.650041,0,0,0,0,0,0,1,0,0
11.650211,0,0,0,0,0,1,0,0,0
11.663588,1,0,0,0,0,0,0,0,0
11.665554,0,0,0,0,1,0,0,0,0
11.668763,0,1,0,0,0,0,0,0,0
11.675083,0,0,0,0,0,0,0,0,1
11.699475,0,0,0,1,0,0,0,0,0
11.699775,0,0,0,0,0,1,0,0,0
11.706977,0,0,0,0,0,0,0,0,1
11.712621,0,0,1,0,0,0,0,0,0
11.715095,0,0,0,0,0,0,0,1,0
11.715783,0,0,0,0,0,0,1,0,0
11.731979,1,0,0,0,1,0,0,0,0
11.735249,0,1,0,0,0,0,0,0,0
11.737818,0,0,0,0,0,0,0,1,0
11.744463,0,0,1,0,0,0,0,0,0
11.747711,0,0,0,0,0,1,0,0,0
11.750533,0,0,0,1,0,0,0,0,0
11.757472,0,0,0,0,0,0,1,0,0
11.765864,0,1,0,0,0,0,0,0,0
11.768161,0,0,0,0,0,0,0,0,1
11.770263,1,0,0,0,1,0,0,0,0
11.798282,0,0,0,0,0,0,0,1,0
11.798536,0,0,0,0,0,1,0,0,0
11.799713,0,0,0,1,0,0,0,0,0
11.804167,0,0,0,0,0,0,0,0,1
11.804981,0,0,0,0,0,0,1,0,0
11.806050,0,0,1,0,0,0,0,0,0
11.820421,1,0,0,0,0,0,0,0,0
11.820958,0,0,0,0,1,0,0,0,0
11.821894,0,1,0,0,0,0,0,0,0
11.824078,0,0,0,0,0,0,0,1,0
11.842421,0,0,1,0,0,0,0,0,0
11.848197,0,0,0,0,0,1,0,0,0
11.849814,0,0,0,1,0,0,0,0,0
11.853186,0,1,0,0,0,0,0,0,0
11.853477,0,0,0,0,0,0,1,0,0
11.869199,0,0,0,0,0,0,0,0,1
11.871408,1,0,0,0,0,0,0,0,0
11.899950,0,0,0,0,1,1,0,0,0
11.899981,0,0,0,1,0,0,0,0,0
11.902130,0,0,0,0,0,0,0,0,1
11.907492,0,0,1,0,0,0,0,0,0
11.915541,0,0,0,0,0,0,0,1,0
11.915791,0,0,0,0,0,0,1,0,0
11.930843,1,0,0,0,1,0,0,0,0
11.934452,0,0,1,0,0,0,0,0,0
11.944534,0,1,0,0,0,0,0,0,0
11.948905,0,0,0,0,0,1,0,0,0
11.949682,0,0,0,1,0,0,0,0,0
11.954039,0,0,0,0,0,0,0,1,0
11.963407,0,0,0,0,0,0,0,0,1
11.965338,0,0,0,0,0,0,1,0,0
11.982719,0,1,0,0,0,0,0,0,0
11.983445,1,0,0,0,1,0,0,0,0
11.986325,0,0,0,0,0,0,0,1,0
11.996767,0,0,1,0,0,0,0,0,0
11.999188,0,0,0,1,0,0,0,0,0
12.000691,0,0,0,0,0,1,0,0,0
12.001377,0,0,0,0,0,0,0,0,1
12.004863,0,0,0,0,0,0,1,0,0
12.012779,0,1,0,0,0,0,0,0,0
12.018466,1,0,0,0,1,0,0,0,0
12.027125,0,0,0,0,0,0,0,1,0
12.039406,0,0,1,0,0,0,0,0,0
12.047266,0,0,0,0,0,1,0,0,0
12.047725,0,0,0,0,0,0,0,0,1
12.050201,0,0,0,1,0,0,0,0,0
12.050764,0,1,0,0,0,0,0,0,0
12.063033,0,0,0,0,0,0,1,0,0
12.076269,1,0,0,0,0,0,0,0,0
12.079967,0,0,0,0,1,0,0,0,0
12.083201,0,0,0,0,0,0,0,1,0
12.083344,0,0,1,0,0,0,0,0,0
12.097329,0,0,0,0,0,1,0,0,0
12.097570,0,0,0,0,0,0,0,0,1
12.098367,0,0,0,1,0,0,0,0,0
12.103702,0,1,0,0,0,0,0,0,0
12.109951,0,0,0,0,0,0,1,0,0
12.126432,1,0,0,0,0,0,0,0,0
12.132830,0,0,1,0,1,0,0,0,0
12.141896,0,0,0,0,0,0,0,1,0
12.148853,0,0,0,0,0,1,0,0,0
12.149642,0,0,0,1,0,0,0,0,0
12.151722,0,0,0,0,0,0,0,0,1
12.159122,0,0,0,0,0,0,1,0,0
12.163329,0,1,0,0,0,0,0,0,0
12.174588,1,0,0,0,1,0,0,0,0
12.187942,0,0,1,0,0,0,0,0,0
12.196084,0,0,0,0,0,1,0,0,0
12.199487,0,0,0,1,0,0,0,0,0
12.203649,0,0,0,0,0,0,0,0,1
12.214461,0,0,0,0,0,0,1,0,0
12.217002,0,0,0,0,0,0,0,1,0
12.228849,1,0,0,0,0,0,0,0,0
12.239438,0,1,0,0,0,0,0,0,0
12.242348,0,0,1,0,1,0,0,0,0
12.242746,0,0,0,0,0,0,0,1,0
12.247936,0,0,0,0,0,1,0,0,0
12.250409,0,0,0,1,0,0,0,0,0
12.251379,0,0,0,0,0,0,1,0,0
12.254377,0,0,0,0,0,0,0,0,1
12.264567,0,1,0,0,0,0,0,0,0
12.269876,1,0,0,0,1,0,0,0,0
12.280649,0,0,0,0,0,0,0,1,0
12.287633,0,0,1,0,0,0,0,0,0
12.296945,0,0,0,0,0,1,0,0,0
12.300111,0,0,0,1,0,0,0,0,0
12.300666,0,1,0,0,0,0,0,0,0
12.303379,0,0,0,0,0,0,1,0,0
12.309067,0,0,0,0,0,0,0,0,1
12.318407,1,0,0,0,0,0,0,0,0
12.341629,0,0,1,0,0,0,0,0,0
12.348114,0,0,0,1,1,0,0,0,0
12.348464,0,0,0,0,0,0,0,1,0
12.349480,0,0,0,0,0,0,1,0,0
12.352953,0,0,0,0,0,1,0,0,0
12.355290,0,0,0,0,0,0,0,0,1
12.365196,1,0,0,0,1,0,0,0,0
12.366317,0,0,0,0,0,0,0,1,0
12.373780,0,1,0,0,0,0,0,0,0
12.386230,0,0,1,0,0,0,0,0,0
12.386874,0,1,0,0,0,0,0,0,0
12.400397,0,0,0,0,0,1,0,0,0
12.400542,0,0,0,0,0,0,0,0,1
12.400776,0,0,0,1,0,0,0,0,0
12.405891,0,0,0,0,0,0,1,0,0
12.424214,1,0,0,0,0,0,0,0,0
12.439176,0,0,1,0,1,0,0,0,0
12.446616,0,0,0,0,0,1,0,0,0
12.447341,0,0,0,0,0,0,0,1,0
12.449830,0,0,0,1,0,0,0,0,0
12.458830,0,0,0,0,0,0,0,0,1
12.461887,0,0,0,0,0,0,1,0,0
12.469273,0,1,0,0,0,0,0,0,0
12.471974,1,0,0,0,0,0,0,0,0
12.494306,0,0,1,0,1,0,0,0,0
12.499718,0,0,0,0,0,1,0,0,0
12.499723,0,0,0,1,0,0,0,0,0
12.503264,0,0,0,0,0,0,0,1,0
12.507509,0,0,0,0,0,0,0,0,1
12.527050,0,1,0,0,0,0,0,0,0
12.538180,0,0,0,0,0,0,1,0,0
12.544113,0,0,1,0,0,0,0,0,0
12.547884,0,0,0,0,0,1,0,0,0
12.550832,0,0,0,1,0,0,0,0,0
12.553450,1,0,0,0,0,0,0,0,0
12.555223,0,0,0,0,1,0,0,0,0
12.556486,0,0,0,0,0,0,0,0,1
12.557005,0,0,0,0,0,0,0,1,0
12.562981,0,0,0,0,0,0,1,0,0
12.579671,1,0,0,0,1,0,0,0,0
12.585025,0,1,0,0,0,0,0,0,0
12.594463,0,0,1,0,0,0,0,0,0
12.599352,0,0,0,1,0,0,0,0,0
12.601712,0,0,0,0,0,1,0,0,0
12.602012,0,0,0,0,0,0,0,1,0
12.605866,0,0,0,0,0,0,0,0,1
12.620740,0,0,0,0,0,0,1,0,0
12.622539,0,1,0,0,0,0,0,0,0
12.636803,1,0,0,0,1,0,0,0,0
12.638208,0,0,1,0,0,0,0,0,0
12.650712,0,0,0,1,0,0,0,0,0
12.653492,0,0,0,0,0,1,0,0,0
12.653727,0,0,0,0,0,0,1,0,0
12.662688,0,0,0,0,0,0,0,1,0
12.667964,1,0,0,0,0,0,0,0,0
12.670909,0,0,0,0,1,0,0,0,1
12.681212,0,0,0,0,0,0,0,1,0
12.689394,0,1,0,0,0,0,0,0,0
12.700718,0,0,0,1,0,0,0,0,0
12.701047,0,0,0,0,0,1,0,0,0
12.701889,0,1,0,0,0,0,0,0,0
12.706335,0,0,0,0,0,0,1,0,0
12.707981,0,0,1,0,0,0,0,0,0
12.717090,1,0,0,0,0,0,0,0,0
12.717601,0,0,0,0,1,0,0,0,1
12.718920,0,0,0,0,0,0,0,1,0
12.740517,0,1,0,0,0,0,0,0,0
12.749642,0,0,0,1,0,0,0,0,0
12.750129,0,0,0,0,0,1,0,0,0
12.752472,0,0,1,0,0,0,0,0,0
12.758498,0,0,0,0,0,0,0,0,1
12.761854,0,0,0,0,0,0,1,0,0
12.777576,1,0,0,0,1,0,0,0,0
12.783727,0,0,0,0,0,0,0,1,0
12.796196,0,0,0,0,0,1,0,0,0
12.796479,0,0,1,0,0,0,0,0,0
12.800476,0,0,0,1,0,0,0,0,0
12.806234,0,0,0,0,0,0,1,0,0
12.806267,0,1,0,0,0,0,0,0,0
12.821412,1,0,0,0,1,0,0,0,0
12.841711,0,0,0,0,0,0,0,1,0
12.846920,0,0,0,0,0,0,0,0,1
12.849274,0,0,0,1,0,0,0,0,0
12.849802,0,0,0,0,0,0,1,0,0
12.850475,0,0,0,0,0,1,0,0,0
12.860026,1,0,0,0,0,0,0,0,0
12.864319,0,1,0,0,0,0,0,0,0
12.875532,0,0,0,0,1,0,0,0,1
12.876681,0,0,0,0,0,0,0,1,0
12.886061,0,0,1,0,0,0,0,0,0
12.897917,0,1,0,0,0,0,0,0,0
12.899742,0,0,0,1,0,0,0,0,0
12.900463,0,0,0,0,0,1,0,0,0
12.900689,0,0,0,0,0,0,0,0,1
12.909536,0,0,1,0,0,0,0,0,0
12.909977,0,0,0,0,0,0,1,0,0
12.924089,1,0,0,0,0,0,0,0,0
12.932756,0,0,1,0,1,0,0,0,0
12.947665,0,0,0,0,0,0,0,1,0
12.948812,0,0,0,0,0,1,0,0,0
12.951365,0,0,0,1,0,0,0,0,0
12.951825,0,0,0,0,0,0,0,0,1
12.953410,0,0,0,0,0,0,1,0,0
12.965616,1,0,0,0,0,0,0,0,0
12.966616,0,0,0,0,1,0,0,0,0
12.967968,0,0,0,0,0,0,0,1,0
12.971809,0,1,0,0,0,0,0,0,0
12.984504,0,0,1,0,0,0,0,0,0
12.990074,0,1,0,0,0,0,0,0,0
13.000427,0,0,0,0,0,1,0,0,0
13.001988,0,0,0,1,0,0,0,0,0
13.004170,0,0,0,0,0,0,0,0,1
13.013956,0,0,0,0,0,0,1,0,0
13.028489,1,0,0,0,1,0,0,0,0
13.038705,0,0,0,0,0,0,0,1,0
13.039840,0,0,1,0,0,0,0,0,0
13.047496,0,0,0,0,0,1,0,0,0
13.048041,0,0,0,0,0,0,0,0,1
13.050757,0,0,0,1,0,0,0,0,0
13.062295,0,0,0,0,0,0,1,0,0
13.065504,0,1,0,0,0,0,0,0,0
13.075594,1,0,0,0,1,0,0,0,0
13.083469,0,0,1,0,0,0,0,0,0
13.088962,0,0,0,0,0,0,0,1,0
13.098515,0,0,0,1,0,0,0,0,0
13.100910,0,0,0,0,0,1,0,0,0
13.109620,0,1,0,0,0,0,0,0,0
13.112344,0,0,0,0,0,0,1,0,0
13.122632,1,0,0,0,1,0,0,0,0
13.129076,0,0,0,0,0,0,0,1,0
13.133059,0,0,0,0,0,0,0,0,1
13.150160,0,1,0,0,0,0,0,0,0
13.150197,0,0,0,1,0,0,0,0,0
13.150759,0,0,0,0,0,1,0,0,0
13.151225,0,0,0,0,0,0,0,0,1
13.157476,0,0,0,0,0,0,1,0,0
13.164404,0,0,1,0,0,0,0,0,0
13.171156,1,0,0,0,1,0,0,0,0
13.178270,0,0,0,0,0,0,0,1,0
13.187136,0,0,1,0,0,0,0,0,0
13.198365,0,0,0,0,0,1,0,0,0
13.200181,0,0,0,1,0,0,0,0,0
13.202051,0,0,0,0,0,0,0,0,1
13.205968,0,1,0,0,0,0,0,0,0
13.222530,0,0,0,0,0,0,1,0,0
13.238033,0,0,1,0,0,0,0,0,0
13.238345,1,0,0,0,1,0,0,0,0
13.244475,0,0,0,0,0,0,0,1,0
13.250582,0,0,0,1,0,0,0,0,0
13.251308,0,0,0,0,0,1,0,0,0
13.270728,0,1,0,0,0,0,0,0,0
13.272920,0,0,0,0,0,0,1,0,0
13.283235,1,0,0,0,1,0,0,0,0
13.298892,0,0,0,1,0,0,0,0,0
13.300247,0,0,0,0,0,1,0,0,0
13.301780,0,0,0,0,0,0,0,1,0
13.301834,0,0,0,0,0,0,0,0,1
13.308853,0,0,0,0,0,0,0,0,1
13.310232,0,0,0,0,0,0,1,0,0
13.323058,1,0,0,0,0,0,0,0,0
13.325508,0,1,0,0,0,0,0,0,0
13.338069,0,0,1,0,1,0,0,0,0
13.339619,0,0,0,0,0,0,0,1,0
13.344076,0,0,1,0,0,0,0,0,0
13.349200,0,0,0,1,0,0,0,0,0
13.349902,0,0,0,0,0,1,0,0,0
13.358982,0,0,0,0,0,0,0,0,1
13.363952,0,0,0,0,0,0,1,0,0
13.367286,0,1,0,0,0,0,0,0,0
13.378818,1,0,0,0,0,0,0,0,0
13.398857,0,0,1,0,0,0,0,0,0
13.399125,0,0,0,0,1,0,0,0,0
13.399392,0,0,0,1,0,0,0,0,0
13.399395,0,0,0,0,0,0,1,0,0
13.401477,0,0,0,0,0,1,0,0,0
13.405697,0,0,0,0,0,0,0,1,0
13.407556,0,0,0,0,0,0,0,0,1
13.414692,1,0,0,0,0,0,0,0,0
13.431891,0,1,0,0,0,0,0,0,0
13.443784,0,0,1,0,1,0,0,0,0
13.448434,0,0,0,0,0,0,0,1,0
13.449884,0,0,0,0,0,1,0,0,0
13.449911,0,0,0,1,0,0,0,0,0
13.451886,0,0,0,0,0,0,0,0,1
13.458446,0,0,0,0,0,0,1,0,0
13.470453,1,0,0,0,0,0,0,0,0
13.471436,0,1,0,0,1,0,0,0,0
13.480515,0,0,0,0,0,0,0,1,0
13.485557,0,0,1,0,0,0,0,0,0
13.499578,0,0,0,1,0,0,0,0,0
13.502199,0,0,0,0,0,1,0,0,0
13.503836,0,1,0,0,0,0,0,0,0
13.506900,0,0,0,0,0,0,1,0,0
13.519408,0,0,0,0,0,0,0,0,1
13.523309,1,0,0,0,1,0,0,0,0
13.529025,0,0,0,0,0,0,0,1,0
13.547475,0,0,0,0,0,1,0,0,0
13.550088,0,0,0,1,0,0,0,0,0
13.553043,0,0,0,0,0,0,1,0,0
13.555319,0,0,1,0,0,0,0,0,0
13.558108,0,1,0,0,0,0,0,0,0
13.558383,0,0,0,0,0,0,0,0,1
13.563519,1,0,0,0,0,0,0,0,0
13.589353,0,0,0,0,1,0,0,0,0
13.596434,0,0,0,0,0,1,0,0,0
13.596765,0,0,1,0,0,0,0,0,0
13.599807,0,0,0,1,0,0,0,0,0
13.600178,0,0,0,0,0,0,0,1,0
13.602326,0,0,0,0,0,0,1,0,0
13.603934,0,0,0,0,0,0,0,0,1
13.616107,1,0,0,0,0,0,0,0,0
13.618050,0,0,0,0,1,0,0,0,0
13.621831,0,1,0,0,0,0,0,0,0
13.638913,0,0,0,0,0,0,0,1,0
13.641701,0,0,1,0,0,0,0,0,0
13.650099,0,0,0,0,0,1,0,0,0
13.651108,0,0,0,1,0,0,0,0,0
13.653693,0,0,0,0,0,0,1,0,0
13.658963,0,0,0,0,0,0,0,0,1
13.663861,0,1,0,0,0,0,0,0,0
13.667694,1,0,0,0,0,0,0,0,0
13.689859,0,0,0,0,1,0,0,0,0
13.690926,0,0,0,0,0,0,0,1,0
13.693580,0,0,1,0,0,0,0,0,0
13.699207,0,0,0,1,0,0,0,0,0
13.702337,0,0,0,0,0,1,0,0,0
13.705242,0,0,0,0,0,0,1,0,0
13.710831,0,0,0,0,0,0,0,0,1
13.717789,0,1,0,0,0,0,0,0,0
13.722656,1,0,0,0,0,0,0,0,0
13.748775,0,0,0,0,1,1,0,0,0
13.749937,0,0,1,0,0,0,0,0,0
13.750888,0,0,0,0,0,0,0,1,0
13.751837,0,0,0,1,0,0,0,0,0
13.766735,0,0,0,0,0,0,1,0,0
13.777433,0,1,0,0,0,0,0,0,0
13.779112,1,0,0,0,0,0,0,0,0
13.797397,0,0,0,0,1,1,0,0,0
13.799001,0,0,0,0,0,0,0,0,1
13.801072,0,0,0,1,0,0,0,0,0
13.803163,0,0,0,0,0,0,0,0,1
13.833077,0,0,1,0,0,0,0,0,0
13.833389,0,0,0,0,0,0,0,1,0
13.835492,0,0,0,0,0,0,1,0,0
13.842718,0,0,1,0,0,0,0,0,0
13.847994,0,0,0,0,0,1,0,0,0
13.849779,0,0,0,0,0,0,0,0,1
13.849992,0,0,0,1,0,0,0,0,0
13.851227,1,0,0,0,1,0,0,0,0
13.855616,0,1,0,0,0,0,0,0,0
13.857767,0,0,0,0,0,0,0,1,0
13.861127,0,0,0,0,0,0,1,0,0
13.875603,1,0,0,0,1,0,0,0,0
13.875886,0,0,0,0,0,0,0,1,0
13.882843,0,1,0,0,0,0,0,0,0
13.885536,0,0,1,0,0,0,0,0,0
13.900629,0,0,0,1,0,0,0,0,0
13.900919,0,1,0,0,0,0,0,0,0
13.901469,0,0,0,0,0,1,0,0,0
13.903722,0,0,0,0,0,0,1,0,0
13.923299,1,0,0,0,1,0,0,0,0
13.927269,0,0,0,0,0,0,0,0,1
13.944900,0,0,0,0,0,0,0,1,0
13.950237,0,0,0,1,0,0,0,0,0
13.953158,0,0,0,0,0,1,0,0,0
13.955341,0,0,0,0,0,0,0,0,1
13.959977,0,0,0,0,0,0,1,0,0
13.963301,0,0,1,0,0,0,0,0,0
13.967474,0,1,0,0,0,0,0,0,0
13.970701,1,0,0,0,0,0,0,0,0
13.973715,0,0,0,0,1,0,0,0,0
13.977919,0,0,0,0,0,0,0,1,0
13.989831,0,0,1,0,0,0,0,0,0
13.999288,0,0,0,1,0,0,0,0,0
14.000651,0,0,0,0,0,1,0,0,0
14.003104,0,1,0,0,0,0,0,0,0
14.003617,0,0,0,0,0,0,1,0,0
14.014675,0,0,0,0,0,0,0,0,1
14.015556,1,0,0,0,1,0,0,0,0
14.026674,0,0,0,0,0,0,0,1,0
14.048387,0,0,1,0,0,0,0,0,0
14.049618,0,1,0,0,0,0,0,0,0
14.051793,0,0,0,1,0,0,0,0,0
14.052585,0,0,0,0,0,1,0,0,0
14.054971,0,0,0,0,0,0,0,0,1
14.077000,0,0,0,0,0,0,1,0,0
14.087139,1,0,0,0,1,0,0,0,0
14.088557,0,0,1,0,0,0,0,0,0
14.098251,0,0,0,0,0,0,0,1,0
14.098762,0,0,0,1,0,0,0,0,0
14.102373,0,0,0,0,0,0,1,0,0
14.102681,0,0,0,0,0,1,0,0,0
14.113069,0,0,0,0,0,0,0,0,1
14.117564,1,0,0,0,1,0,0,0,0
14.117568,0,0,0,0,0,0,0,1,0
14.125247,0,1,0,0,0,0,0,0,0
14.138764,0,1,0,0,0,0,0,0,0
14.147858,0,0,0,0,0,1,0,0,0
14.149732,0,0,1,0,0,0,0,0,0
14.150791,0,0,0,1,0,0,0,0,0
14.156912,0,0,0,0,0,0,1,0,0
14.173198,0,0,0,0,0,0,0,0,1
14.175019,1,0,0,0,1,0,0,0,0
14.187426,0,0,0,0,0,0,0,1,0
14.198353,0,0,0,0,0,1,0,0,0
14.200375,0,0,0,1,0,0,0,0,0
14.207174,0,0,0,0,0,0,1,0,0
14.211139,0,1,0,0,0,0,0,0,0
14.211805,0,0,1,0,0,0,0,0,0
14.211909,0,0,0,0,0,0,0,0,1
14.221113,1,0,0,0,1,0,0,0,0
14.243290,0,0,0,0,0,0,0,1,0
14.245955,0,0,1,0,0,0,0,0,0
14.246148,0,0,0,0,0,1,0,0,0
14.248815,0,0,0,1,0,0,0,0,0
14.249100,0,0,0,0,0,0,0,0,1
14.251017,0,0,0,0,0,0,1,0,0
14.264254,0,1,0,0,0,0,0,0,0
14.264526,1,0,0,0,1,0,0,0,0
14.269034,0,0,0,0,0,0,0,1,0
14.288549,0,0,1,0,0,0,0,0,0
14.295022,0,1,0,0,0,0,0,0,0
14.299790,0,0,0,1,0,0,0,0,0
14.300955,0,0,0,0,0,1,0,0,0
14.301502,0,0,0,0,0,0,0,0,1
14.303236,0,0,0,0,0,0,1,0,0
14.320960,1,0,0,0,1,0,0,0,0
14.325798,0,0,0,0,0,0,0,1,0
14.341271,0,0,1,0,0,0,0,0,0
14.348829,0,0,0,0,0,1,0,0,0
14.349756,0,1,0,0,0,0,0,0,0
14.350551,0,0,0,1,0,0,0,0,0
14.354185,0,0,0,0,0,0,1,0,0
14.367302,0,0,0,0,0,0,0,0,1
14.372275,1,0,0,0,1,0,0,0,0
14.383742,0,0,0,0,0,0,0,1,0
14.396910,0,0,0,0,0,1,0,0,0
14.399914,0,0,0,1,0,0,0,0,0
14.401246,0,0,0,0,0,0,1,0,0
14.404398,0,0,1,0,0,0,0,0,0
14.404857,0,0,0,0,0,0,0,0,1
14.406839,0,1,0,0,0,0,0,0,0
14.416686,1,0,0,0,0,0,0,0,0
14.444421,0,0,1,0,0,0,0,0,0
14.450396,0,0,0,1,0,0,0,0,0
14.451718,0,0,0,0,1,0,1,0,0
14.451998,0,0,0,0,0,1,0,0,0
14.455273,0,0,0,0,0,0,0,1,0
14.462755,1,0,0,0,0,0,0,0,0
14.466213,0,0,0,0,1,0,0,0,1
14.468879,0,0,0,0,0,0,0,1,0
14.480602,0,1,0,0,0,0,0,0,0
14.496546,0,1,0,0,0,0,0,0,0
14.500388,0,0,0,1,0,0,0,0,0
14.500628,0,0,0,0,0,1,0,0,0
14.504305,0,0,1,0,0,0,0,0,0
14.506316,0,0,0,0,0,0,0,0,1
14.507430,0,0,0,0,0,0,1,0,0
14.519804,1,0,0,0,1,0,0,0,0
14.538108,0,0,0,0,0,0,0,1,0
14.544650,0,0,1,0,0,0,0,0,0
14.548893,0,0,0,1,0,0,0,0,0
14.549477,0,0,0,0,0,1,0,0,0
14.549548,0,0,0,0,0,0,0,0,1
14.561429,0,1,0,0,0,0,0,0,0
14.567671,0,0,0,0,0,0,1,0,0
14.582055,0,0,1,0,0,0,0,0,0
14.587088,1,0,0,0,0,0,0,0,0
14.597406,0,0,0,0,0,1,0,0,0
14.598788,0,0,0,1,1,0,0,0,0
14.600148,0,0,0,0,0,0,1,0,0
14.602070,0,0,0,0,0,0,0,1,0
14.606826,0,0,0,0,0,0,0,0,1
14.617138,1,0,0,0,0,0,0,0,0
14.619891,0,0,0,0,1,0,0,0,0
14.622993,0,1,0,0,0,0,0,0,0
14.628308,0,0,0,0,0,0,0,1,0
14.644588,0,0,1,0,0,0,0,0,0
14.647596,0,0,0,0,0,1,0,0,0
14.648978,0,1,0,0,0,0,0,0,0
14.650074,0,0,0,1,0,0,0,0,0
14.652413,0,0,0,0,0,0,0,0,1
14.659038,0,0,0,0,0,0,1,0,0
14.675956,1,0,0,0,0,0,0,0,0
14.681352,0,0,0,0,1,0,0,0,0
14.690137,0,0,1,0,0,0,0,0,0
14.696103,0,0,0,0,0,0,0,1,0
14.698654,0,0,0,0,0,1,0,0,0
14.698851,0,0,0,0,0,0,0,0,1
14.699944,0,0,0,1,0,0,0,0,0
14.713068,0,0,0,0,0,0,1,0,0
14.717930,0,1,0,0,0,0,0,0,0
14.732882,1,0,0,0,1,0,0,0,0
14.732975,0,0,1,0,0,0,0,0,0
14.738990,0,0,0,0,0,0,0,1,0
14.746447,0,0,0,0,0,1,0,0,0
14.749228,0,0,0,0,0,0,0,0,1
14.750011,0,0,0,1,0,0,0,0,0
14.751056,0,0,0,0,0,0,1,0,0
14.761774,0,1,0,0,0,0,0,0,0
14.764024,1,0,0,0,0,0,0,0,0
14.785677,0,0,1,0,0,0,0,0,0
14.800279,0,0,0,1,1,0,0,0,0
14.801714,0,0,0,0,0,1,0,0,0
14.804841,0,0,0,0,0,0,0,1,0
14.809019,0,0,0,0,0,0,1,0,0
14.816838,0,0,0,0,0,0,0,0,1
14.823377,1,0,0,0,0,0,0,0,0
14.824377,0,0,0,0,1,0,0,0,0
14.830064,0,1,0,0,0,0,0,0,0
14.835864,0,0,0,0,0,0,0,1,0
14.850647,0,0,0,0,0,1,0,0,0
14.851625,0,0,0,1,0,0,0,0,0
14.851843,0,0,0,0,0,0,1,0,0
14.855129,0,0,1,0,0,0,0,0,0
14.861198,0,1,0,0,0,0,0,0,0
14.862454,1,0,0,0,1,0,0,0,0
14.864054,0,0,0,0,0,0,0,0,1
14.864304,0,0,0,0,0,0,0,1,0
14.887534,0,1,0,0,0,0,0,0,0
14.899817,0,0,0,0,0,1,0,0,0
14.901107,0,0,0,1,0,0,0,0,0
14.902499,0,0,0,0,0,0,0,0,1
14.903711,0,0,1,0,0,0,0,0,0
14.921402,0,0,0,0,0,0,1,0,0
14.933788,1,0,0,0,1,0,0,0,0
14.940862,0,0,1,0,0,0,0,0,0
14.942925,0,0,0,0,0,0,0,1,0
14.948091,0,0,0,1,0,0,0,0,0
14.949858,0,0,0,0,0,0,1,0,0
14.950265,0,0,0,0,0,1,0,0,0
14.962079,1,0,0,0,1,0,0,0,0
14.964085,0,0,0,0,0,0,0,1,0
14.966038,0,1,0,0,0,0,0,0,0
14.976892,0,0,0,0,0,0,0,0,1
14.987164,0,1,0,0,0,0,0,0,0
14.999608,0,0,0,0,0,1,0,0,0
15.000296,0,0,0,1,0,0,0,0,0
15.000941,0,0,0,0,0,0,0,0,1
15.006040,0,0,0,0,0,0,1,0,0
15.014758,0,0,1,0,0,0,0,0,0
15.020598,1,0,0,0,1,0,0,0,0
15.038851,0,0,1,0,0,0,0,0,0
15.042593,0,0,0,0,0,0,0,1,0
15.047921,0,0,0,0,0,1,0,0,0
15.048568,0,0,0,1,0,0,0,0,0
15.049388,0,0,0,0,0,0,1,0,0
15.064059,0,1,0,0,0,0,0,0,0
15.066782,1,0,0,0,1,0,0,0,0
15.081598,0,0,0,0,0,0,0,0,1
15.085389,0,0,0,0,0,0,0,1,0
15.098458,0,0,0,0,0,1,0,0,0
15.099548,0,0,0,1,0,0,0,0,0
15.109579,0,1,0,0,0,0,0,0,0
15.121275,0,0,1,0,0,0,0,0,0
15.122902,0,0,0,0,0,0,1,0,0
15.123333,0,0,0,0,0,0,0,0,1
15.136504,1,0,0,0,0,0,0,0,0
15.145920,0,0,0,0,1,0,0,0,0
15.149224,0,0,0,0,0,1,0,0,0
15.150629,0,0,0,1,0,0,0,0,0
15.152216,0,0,0,0,0,0,1,0,0
15.159555,0,0,0,0,0,0,0,0,1
15.161093,0,0,1,0,0,0,0,0,0
15.161382,0,0,0,0,0,0,0,1,0
15.166440,1,0,0,0,0,0,0,0,0
15.190556,0,1,0,0,0,0,0,0,0
15.195479,0,0,1,0,0,0,0,0,0
15.196495,0,0,0,0,1,0,0,0,0
15.196659,0,0,0,0,0,0,0,1,0
15.197674,0,0,0,0,0,1,0,0,0
15.198871,0,0,0,1,0,0,0,0,0
15.201564,0,0,0,0,0,0,1,0,0
15.204054,0,0,0,0,0,0,0,0,1
15.218656,1,0,0,0,0,0,0,0,0
15.223214,0,1,0,0,1,0,0,0,0
15.239121,0,0,1,0,0,0,0,0,0
15.251333,0,0,0,1,0,0,0,0,0
15.253100,0,0,0,0,0,1,0,0,0
15.256263,0,0,0,0,0,0,0,1,0
15.270901,0,0,0,0,0,0,1,0,0
15.279051,0,1,0,0,0,0,0,0,0
15.284864,1,0,0,0,1,0,0,0,0
15.285442,0,0,0,0,0,0,0,0,1
15.295565,0,0,0,0,0,0,0,1,0
15.299790,0,0,0,1,0,0,0,0,0
15.299901,0,0,0,0,0,1,0,0,0
15.300809,0,0,0,0,0,0,0,0,1
15.303350,0,0,0,0,0,0,1,0,0
15.313408,1,0,0,0,0,0,0,0,0
15.315606,0,0,0,0,1,0,0,0,0
15.318906,0,0,1,0,0,0,0,0,0
15.319904,0,1,0,0,0,0,0,0,0
15.332158,0,0,0,0,0,0,0,1,0
15.333227,0,0,1,0,0,0,0,0,0
15.348061,0,0,0,0,0,1,0,0,0
15.348638,0,0,0,1,0,0,0,0,0
15.351666,0,0,0,0,0,0,0,0,1
15.352628,0,1,0,0,0,0,0,0,0
15.358574,0,0,0,0,0,0,1,0,0
15.372350,1,0,0,0,1,0,0,0,0
15.386494,0,0,0,0,0,0,0,1,0
15.387026,0,0,1,0,0,0,0,0,0
15.398737,0,0,0,1,0,0,0,0,0
15.401142,0,0,0,0,0,0,1,0,0
15.402801,0,0,0,0,0,1,0,0,0
15.408710,0,0,0,0,0,0,0,0,1
15.409996,0,1,0,0,0,0,0,0,0
15.417566,1,0,0,0,1,0,0,0,0
15.440306,0,0,1,0,0,0,0,0,0
15.450981,0,0,0,1,0,0,0,0,0
15.452797,0,0,0,0,0,0,0,1,0
15.453328,0,0,0,0,0,1,0,0,0
15.460896,0,0,0,0,0,0,0,0,1
15.463958,0,0,0,0,0,0,1,0,0
15.475690,0,1,0,0,0,0,0,0,0
15.477266,1,0,0,0,0,0,0,0,0
15.497715,0,0,1,0,1,0,0,0,0
15.499903,0,0,0,1,0,0,0,0,0
15.500961,0,0,0,0,0,1,0,0,0
15.504301,0,0,0,0,0,0,0,1,0
15.504971,0,0,0,0,0,0,0,0,1
15.510569,0,0,0,0,0,0,1,0,0
15.524928,1,0,0,0,0,0,0,0,0
15.529758,0,1,0,0,0,0,0,0,0
15.540242,0,0,1,0,0,0,0,0,0
15.550875,0,0,0,1,0,0,0,0,0
15.551053,0,0,0,0,1,1,0,0,0
15.554822,0,0,0,0,0,0,0,1,0
15.555825,0,0,0,0,0,0,0,0,1
15.562421,0,0,0,0,0,0,1,0,0
15.577316,1,0,0,0,0,0,0,0,0
15.579409,0,1,0,0,0,0,0,0,0
15.594842,0,0,1,0,0,0,0,0,0
15.599795,0,0,0,1,0,0,0,0,0
15.599885,0,0,0,0,1,0,1,0,0
15.601767,0,0,0,0,0,1,0,0,0
15.604347,0,0,0,0,0,0,0,0,1
15.610204,0,0,0,0,0,0,0,1,0
15.613557,1,0,0,0,0,0,0,0,0
15.636154,0,1,0,0,1,0,0,0,0
15.641917,0,0,1,0,0,0,0,0,0
15.651266,0,0,0,0,0,1,0,0,0
15.651610,0,0,0,1,0,0,0,0,0
15.654950,0,0,0,0,0,0,0,0,1
15.660349,0,0,0,0,0,0,1,0,0
15.665788,0,0,0,0,0,0,0,1,0
15.672815,1,0,0,0,1,0,0,0,0
15.687760,0,1,0,0,0,0,0,0,0
15.688116,0,0,1,0,0,0,0,0,0
15.692615,0,0,0,0,0,0,0,1,0
15.699488,0,0,0,0,0,1,0,0,0
15.701710,0,0,0,1,0,0,0,0,0
15.701923,0,0,0,0,0,0,1,0,0
15.704474,0,0,0,0,0,0,0,0,1
15.714691,1,0,0,0,0,0,0,0,0
15.718684,0,1,0,0,0,0,0,0,0
15.736625,0,0,0,0,1,0,0,0,0
15.743091,0,0,1,0,0,0,0,0,0
15.748030,0,0,0,0,0,1,0,0,0
15.749126,0,0,0,1,0,0,0,0,0
15.755556,0,0,0,0,0,0,1,0,0
15.762324,0,0,0,0,0,0,0,0,1
15.771535,1,0,0,0,0,0,0,0,0
15.774482,0,0,0,0,1,0,0,0,0
15.778026,0,0,0,0,0,0,0,1,0
15.780289,0,0,0,0,0,0,0,1,0
15.797188,0,0,1,0,0,0,0,0,0
15.797872,0,0,0,0,0,1,0,0,0
15.799459,0,0,0,1,0,0,0,0,0
15.800676,0,0,0,0,0,0,1,0,0
15.802610,0,1,0,0,0,0,0,0,0
15.805026,0,1,0,0,0,0,0,0,0
15.806269,0,0,0,0,0,0,0,0,1
15.820001,1,0,0,0,1,0,0,0,0
15.827787,0,0,0,0,0,0,0,1,0
15.836948,0,0,1,0,0,0,0,0,0
15.848373,0,0,0,0,0,1,0,0,0
15.849078,0,1,0,0,0,0,0,0,0
15.851235,0,0,0,1,0,0,0,0,0
15.858423,0,0,0,0,0,0,1,0,0
15.868731,1,0,0,0,1,0,0,0,0
15.869125,0,0,0,0,0,0,0,1,0
15.894518,0,0,0,0,0,0,0,0,1
15.894878,0,1,0,0,0,0,0,0,0
15.897167,0,0,0,0,0,1,0,0,0
15.900530,0,0,0,1,0,0,0,0,0
15.904104,0,0,0,0,0,0,0,0,1
15.920063,0,0,0,0,0,0,1,0,0
15.931551,0,0,1,0,0,0,0,0,0
15.932805,1,0,0,0,1,0,0,0,0
15.936507,0,0,1,0,0,0,0,0,0
15.936685,0,0,0,0,0,0,0,1,0
15.950065,0,0,0,1,0,0,0,0,0
15.952250,0,0,0,0,0,1,0,0,0
15.956420,0,0,0,0,0,0,1,0,0
15.956916,0,0,0,0,0,0,0,0,1
15.961901,0,1,0,0,0,0,0,0,0
15.968719,1,0,0,0,0,0,0,0,0
15.982835,0,0,0,0,1,0,0,0,0
15.983993,0,0,0,0,0,0,0,1,0
15.994939,0,0,1,0,0,0,0,0,0
15.998458,0,0,0,1,0,0,0,0,0
15.999658,0,0,0,0,0,1,0,0,0
16.008182,0,0,0,0,0,0,1,0,0
16.013108,0,1,0,0,0,0,0,0,0
16.013242,0,0,0,0,0,0,0,0,1
16.027037,1,0,0,0,0,0,0,0,0
16.029332,0,0,0,0,1,0,0,0,0
16.034420,0,0,0,0,0,0,0,1,0
16.048921,0,0,0,1,0,0,0,0,0
16.049625,0,0,0,0,0,1,0,0,0
16.051359,0,0,0,0,0,0,0,0,1
16.051625,0,0,1,0,0,0,0,0,0
16.052879,0,0,0,0,0,0,1,0,0
16.060833,0,1,0,0,0,0,0,0,0
16.065279,1,0,0,0,0,0,0,0,0
16.082050,0,0,0,0,1,0,0,0,0
16.089237,0,0,0,0,0,0,0,1,0
16.089949,0,0,1,0,0,0,0,0,0
16.097698,0,0,0,0,0,1,0,0,0
16.100072,0,0,0,1,0,0,0,0,0
16.102459,0,0,0,0,0,0,0,0,1
16.116735,0,1,0,0,0,0,0,0,0
16.117014,0,0,0,0,0,0,1,0,0
16.127843,1,0,0,0,0,0,0,0,0
16.141085,0,0,1,0,1,0,0,0,0
16.148350,0,0,0,0,0,1,0,0,0
16.149004,0,0,0,1,0,0,0,0,0
16.152282,0,0,0,0,0,0,0,0,1
16.153304,0,0,0,0,0,0,0,1,0
16.180191,0,1,0,0,0,0,0,0,0
16.185865,0,0,0,0,0,0,1,0,0
16.187988,0,0,1,0,0,0,0,0,0
16.198910,1,0,0,0,0,0,0,0,0
16.200696,0,0,0,0,0,1,0,0,0
16.201076,0,0,0,1,0,0,0,0,0
16.202742,0,0,0,0,1,0,1,0,0
16.211250,0,0,0,0,0,0,0,0,1
16.213750,1,0,0,0,0,0,0,0,0
16.218792,0,0,0,0,1,0,0,1,0
16.224394,0,0,0,0,0,0,0,1,0
16.238819,0,1,0,0,0,0,0,0,0
16.248649,0,0,1,0,0,0,0,0,0
16.249832,0,1,0,0,0,0,0,0,0
16.250177,0,0,0,0,0,1,0,0,0
16.250182,0,0,0,1,0,0,0,0,0
16.259080,0,0,0,0,0,0,1,0,0
16.264561,0,0,0,0,0,0,0,0,1
16.273555,1,0,0,0,1,0,0,0,0
16.279179,0,0,0,0,0,0,0,1,0
16.299600,0,0,0,1,0,0,0,0,0
16.300397,0,0,0,0,0,1,0,0,0
16.301633,0,0,1,0,0,0,0,0,0
16.301974,0,1,0,0,0,0,0,0,0
16.310374,0,0,0,0,0,0,0,0,1
16.313314,0,0,0,0,0,0,1,0,0
16.326345,1,0,0,0,0,0,0,0,0
16.347618,0,0,1,0,1,0,0,0,0
16.349604,0,0,0,0,0,0,0,1,0
16.351388,0,0,0,0,0,1,0,0,0
16.351736,0,0,0,1,0,0,0,0,0
16.356788,0,0,0,0,0,0,1,0,0
16.369635,1,0,0,0,0,0,0,0,0
16.371033,0,1,0,0,0,0,0,0,0
16.382170,0,0,0,0,1,0,0,0,1
16.395885,0,0,0,0,0,0,0,1,0
16.400217,0,0,0,1,0,0,0,0,0
16.400308,0,0,0,0,0,1,0,0,0
16.402046,0,0,0,0,0,0,0,0,1
16.419390,0,0,1,0,0,0,0,0,0
16.420485,0,1,0,0,0,0,0,0,0
16.428635,0,0,0,0,0,0,1,0,0
16.441098,0,0,1,0,0,0,0,0,0
16.446359,1,0,0,0,0,0,0,0,0
16.449645,0,0,0,0,1,0,0,0,0
16.450551,0,0,0,0,0,0,0,1,0
16.451001,0,0,0,0,0,1,0,0,0
16.451996,0,0,0,1,0,0,0,0,0
16.466542,0,0,0,0,0,0,0,0,1
16.471181,0,1,0,0,0,0,0,0,0
16.478081,0,0,0,0,0,0,1,0,0
16.493838,1,0,0,0,1,0,0,0,0
16.497287,0,0,1,0,0,0,0,0,0
16.497294,0,0,0,0,0,0,0,1,0
16.499305,0,0,0,1,0,0,0,0,0
16.500176,0,0,0,0,0,1,0,0,0
16.500866,0,0,0,0,0,0,0,0,1
16.505577,0,0,0,0,0,0,1,0,0
16.518763,0,1,0,0,0,0,0,0,0
16.520887,1,0,0,0,1,0,0,0,0
16.520947,0,0,0,0,0,0,0,1,0
16.540667,0,0,1,0,0,0,0,0,0
16.546252,0,0,0,0,0,1,0,0,0
16.548369,0,1,0,0,0,0,0,0,0
16.549413,0,0,0,1,0,0,0,0,0
16.550551,0,0,0,0,0,0,1,0,0
16.561008,1,0,0,0,0,0,0,0,0
16.568651,0,0,0,0,0,0,0,0,1
16.598082,0,0,0,1,1,0,0,0,0
16.598447,0,0,0,0,0,0,0,1,0
16.599643,0,0,1,0,0,0,0,0,0
16.600166,0,0,0,0,0,0,1,0,0
16.601091,0,0,0,0,0,1,0,0,0
16.611262,1,0,0,0,1,0,0,0,0
16.613275,0,0,0,0,0,0,0,1,0
16.616763,0,0,0,0,0,0,0,0,1
16.626201,0,1,0,0,0,0,0,0,0
16.641682,0,1,0,0,0,0,0,0,0
16.648382,0,0,0,0,0,1,0,0,0
16.650370,0,0,0,1,0,0,0,0,0
16.652027,0,0,1,0,0,0,0,0,0
16.656534,0,0,0,0,0,0,1,0,0
16.667174,0,0,0,0,0,0,0,0,1
16.669161,1,0,0,0,0,0,0,0,0
16.685541,0,0,0,0,1,0,0,0,0
16.689963,0,0,0,0,0,0,0,1,0
16.698590,0,0,0,1,0,0,0,0,0
16.698656,0,0,0,0,0,1,0,0,0
16.702060,0,0,0,0,0,0,1,0,0
16.705623,0,0,1,0,0,0,0,0,0
16.714742,1,0,0,0,1,0,0,0,0
16.715357,0,1,0,0,0,0,0,0,0
16.715707,0,0,0,0,0,0,0,0,1
16.719318,0,0,0,0,0,0,0,1,0
16.748383,0,1,0,0,0,0,0,0,0
16.749586,0,0,0,1,0,0,0,0,0
16.749643,0,0,0,0,0,1,0,0,0
16.750689,0,0,1,0,0,0,0,0,0
16.753696,0,0,0,0,0,0,1,0,0
16.770158,1,0,0,0,0,0,0,0,0
16.776745,0,0,0,0,1,0,0,0,0
16.782808,0,0,0,0,0,0,0,0,1
16.788110,0,0,0,0,0,0,0,1,0
16.801190,0,0,0,0,0,1,0,0,0
16.801680,0,0,0,1,0,0,0,0,0
16.803239,0,0,0,0,0,0,1,0,0
16.815348,0,0,0,0,0,0,0,0,1
16.815842,1,0,0,0,0,0,0,0,0
16.816744,0,0,0,0,1,0,0,0,0
16.817163,0,1,0,0,0,0,0,0,0
16.819210,0,0,1,0,0,0,0,0,0
16.819576,0,0,0,0,0,0,0,1,0
16.847957,0,1,0,0,0,0,0,0,0
16.848866,0,0,0,0,0,1,0,0,0
16.849847,0,0,0,1,0,0,0,0,0
16.850427,0,0,1,0,0,0,0,0,0
16.854583,0,0,0,0,0,0,0,0,1
16.857935,0,0,0,0,0,0,1,0,0
16.872773,1,0,0,0,0,0,0,0,0
16.890393,0,0,1,0,1,0,0,0,0
16.892695,0,0,0,0,0,0,0,1,0
16.898247,0,0,0,0,0,1,0,0,0
16.899592,0,0,0,1,0,0,0,0,0
16.910080,0,0,0,0,0,0,1,0,0
16.910277,0,0,0,0,0,0,0,0,1
16.915577,0,1,0,0,0,0,0,0,0
16.928387,1,0,0,0,1,0,0,0,0
16.929343,0,0,0,0,0,0,0,1,0
16.948652,0,0,0,0,0,1,0,0,0
16.948898,0,0,1,0,0,0,0,0,0
16.950287,0,1,0,0,0,0,0,0,0
16.951003,0,0,0,1,0,0,0,0,0
16.951096,0,0,0,0,0,0,1,0,0
16.961105,1,0,0,0,1,0,0,0,0
16.967892,0,0,0,0,0,0,0,1,0
16.982255,0,0,0,0,0,0,0,0,1
16.991723,0,1,0,0,0,0,0,0,0
16.998159,0,0,0,1,0,0,0,0,0
16.998942,0,0,0,0,0,1,0,0,0
17.006044,0,0,0,0,0,0,0,0,1
17.011185,0,0,0,0,0,0,1,0,0
17.016821,0,0,1,0,0,0,0,0,0
17.028803,1,0,0,0,1,0,0,0,0
17.031730,0,0,0,0,0,0,0,1,0
17.040385,0,0,1,0,0,0,0,0,0
17.048663,0,0,0,0,0,1,0,0,0
17.049356,0,0,0,1,0,0,0,0,0
17.053303,0,0,0,0,0,0,1,0,0
17.053494,0,0,0,0,0,0,0,0,1
17.061126,0,1,0,0,0,0,0,0,0
17.070560,1,0,0,0,1,0,0,0,0
17.079154,0,0,0,0,0,0,0,1,0
17.091476,0,0,1,0,0,0,0,0,0
17.100519,0,0,0,1,0,0,0,0,0
17.100826,0,0,0,0,0,1,0,0,0
17.105281,0,0,0,0,0,0,0,0,1
17.107080,0,1,0,0,0,0,0,0,0
17.115151,0,0,0,0,0,0,1,0,0
17.129251,1,0,0,0,1,0,0,0,0
17.136274,0,0,0,0,0,0,0,1,0
17.141370,0,0,1,0,0,0,0,0,0
17.147630,0,0,0,0,0,1,0,0,0
17.149107,0,0,0,1,0,0,0,0,0
17.153903,0,0,0,0,0,0,0,0,1
17.155950,0,0,0,0,0,0,1,0,0
17.163378,0,1,0,0,0,0,0,0,0
17.170207,1,0,0,0,1,0,0,0,0
17.182688,0,0,0,0,0,0,0,1,0
17.188052,0,0,1,0,0,0,0,0,0
17.200488,0,0,0,1,0,0,0,0,0
17.201834,0,0,0,0,0,1,0,0,0
17.203850,0,1,0,0,0,0,0,0,0
17.207536,0,0,0,0,0,0,0,0,1
17.212295,0,0,0,0,0,0,1,0,0
17.230694,1,0,0,0,1,0,0,0,0
17.238877,0,0,1,0,0,0,0,0,0
17.245828,0,0,0,0,0,0,0,1,0
17.249765,0,0,0,1,0,0,0,0,0
17.250350,0,0,0,0,0,1,0,0,0
17.254963,0,0,0,0,0,0,0,0,1
17.256637,0,0,0,0,0,0,1,0,0
17.272927,0,1,0,0,0,0,0,0,0
17.273120,1,0,0,0,1,0,0,0,0
17.291200,0,0,0,0,0,0,0,1,0
17.292560,0,0,1,0,0,0,0,0,0
17.300790,0,0,0,1,0,0,0,0,0
17.301470,0,0,0,0,0,1,0,0,0
17.303570,0,0,0,0,0,0,1,0,0
17.312384,0,1,0,0,0,0,0,0,0
17.315063,0,0,0,0,0,0,0,0,1
17.321728,1,0,0,0,0,0,0,0,0
17.348232,0,0,0,0,0,1,0,0,0
17.351229,0,0,0,1,0,0,0,0,0
17.352318,0,0,0,0,1,0,0,0,0
17.353398,0,0,0,0,0,0,1,0,0
17.354877,0,0,1,0,0,0,0,0,0
17.356043,0,0,0,0,0,0,0,0,1
17.363590,1,0,0,0,0,0,0,0,0
17.377625,0,0,0,0,0,0,0,1,0
17.391458,0,0,1,0,1,0,0,0,0
17.399968,0,0,0,1,0,0,0,0,0
17.401397,0,0,0,0,0,1,0,0,0
17.403935,0,0,0,0,0,0,0,0,1
17.404127,0,1,0,0,0,0,0,0,0
17.405567,0,0,0,0,0,0,1,0,0
17.420002,0,0,0,0,0,0,0,1,0
17.421253,1,0,0,0,0,0,0,0,0
17.440802,0,1,0,0,1,0,0,0,0
17.442054,0,0,1,0,0,0,0,0,0
17.449594,0,0,0,1,0,0,0,0,0
17.450696,0,0,0,0,0,1,0,0,0
17.454047,0,0,0,0,0,0,0,1,0
17.454564,0,0,0,0,0,0,0,0,1
17.482687,0,1,0,0,0,0,0,0,0
17.484991,0,0,0,0,0,0,1,0,0
17.493521,0,0,1,0,0,0,0,0,0
17.498110,0,0,0,1,0,0,0,0,0
17.499432,1,0,0,0,0,0,0,0,0
17.499831,0,0,0,0,0,1,0,0,0
17.501602,0,0,0,0,0,0,1,0,0
17.513412,0,0,0,0,0,0,0,0,1
17.514853,1,0,0,0,1,0,0,0,0
17.520054,0,0,0,0,1,0,0,0,0
17.522260,0,0,0,0,0,0,0,1,0
17.527323,0,0,0,0,0,0,0,1,0
17.544940,0,0,1,0,0,0,0,0,0
17.547390,0,0,0,0,0,1,0,0,0
17.547829,0,1,0,0,0,0,0,0,0
17.548679,0,1,0,0,0,0,0,0,0
17.548761,0,0,0,1,0,0,0,0,0
17.558874,0,0,0,0,0,0,0,0,1
17.561717,0,0,0,0,0,0,1,0,0
17.578462,1,0,0,0,1,0,0,0,0
17.590323,0,0,1,0,0,0,0,0,0
17.593846,0,0,0,0,0,0,0,1,0
17.597690,0,0,0,0,0,1,0,0,0
17.599399,0,0,0,1,0,0,0,0,0
17.600730,0,0,0,0,0,0,0,0,1
17.619563,0,1,0,0,0,0,0,0,0
17.620769,0,0,0,0,0,0,1,0,0
17.636242,1,0,0,0,1,0,0,0,0
17.638050,0,0,1,0,0,0,0,0,0
17.648626,0,0,0,0,0,1,0,0,0
17.650346,0,0,0,1,0,0,0,0,0
17.650489,0,0,0,0,0,0,1,0,0
17.652907,0,0,0,0,0,0,0,1,0
17.662488,1,0,0,0,1,0,0,0,0
17.673005,0,0,0,0,0,0,0,0,1
17.673773,0,1,0,0,0,0,0,0,0
17.682398,0,0,0,0,0,0,0,1,0
17.699376,0,0,0,1,0,0,0,0,0
17.701317,0,0,0,0,0,1,0,0,0
17.705455,0,0,1,0,0,0,0,0,0
17.706979,0,0,0,0,0,0,0,0,1
17.707432,0,0,0,0,0,0,1,0,0
17.708626,0,1,0,0,0,0,0,0,0
17.719097,1,0,0,0,0,0,0,0,0
17.745751,0,0,1,0,0,0,0,0,0
17.749402,0,0,0,1,1,0,0,0,0
17.750803,0,0,0,0,0,1,0,0,0
17.760600,0,0,0,0,0,0,1,0,0
17.767661,0,0,0,0,0,0,0,0,1
17.774852,1,0,0,0,0,0,0,0,0
17.790328,0,0,0,0,0,0,0,1,0
17.791486,0,0,0,0,1,0,0,0,0
17.797756,0,0,0,0,0,1,0,0,0
17.799744,0,0,1,0,0,0,0,0,0
17.800231,0,0,0,1,0,0,0,0,0
17.803660,0,0,0,0,0,0,0,0,1
17.804181,0,0,0,0,0,0,0,1,0
17.806767,0,0,0,0,0,0,1,0,0
17.812061,0,1,0,0,0,0,0,0,0
17.819505,1,0,0,0,0,0,0,0,0
17.826923,0,1,0,0,0,0,0,0,0
17.837323,0,0,0,0,1,0,0,0,0
17.838664,0,0,1,0,0,0,0,0,0
17.847406,0,0,0,0,0,1,0,0,0
17.849441,0,0,0,0,0,0,0,1,0
17.850061,0,0,0,1,0,0,0,0,0
17.850872,0,0,0,0,0,0,1,0,0
17.868425,1,0,0,0,0,0,0,0,0
17.870868,0,0,0,0,0,0,0,0,1
17.873876,0,1,0,0,0,0,0,0,0
17.879521,0,0,0,0,1,0,0,0,0
17.886730,0,0,0,0,0,0,0,1,0
17.899375,0,0,0,1,0,0,0,0,0
17.899537,0,0,0,0,0,1,0,0,0
17.901863,0,0,0,0,0,0,0,0,1
17.904598,0,0,1,0,0,0,0,0,0
17.912592,0,1,0,0,0,0,0,0,0
17.918880,0,0,0,0,0,0,1,0,0
17.936144,1,0,0,0,1,0,0,0,0
17.936176,0,0,1,0,0,0,0,0,0
17.939350,0,0,0,0,0,0,0,1,0
17.949457,0,0,0,0,0,1,0,0,0
17.950310,0,0,0,1,0,0,0,0,0
17.963172,0,1,0,0,0,0,0,0,0
17.969133,0,0,0,0,0,0,1,0,0
17.975053,0,0,0,0,0,0,0,0,1
17.985408,1,0,0,0,1,0,0,0,0
17.986976,0,0,0,0,0,0,0,1,0
17.997393,0,0,0,0,0,1,0,0,0
18.000523,0,0,0,1,0,0,0,0,0
18.005610,0,0,0,0,0,0,1,0,0
18.010821,0,0,1,0,0,0,0,0,0
18.015520,0,1,0,0,0,0,0,0,0
18.019955,1,0,0,0,1,0,0,0,0
18.021211,0,0,0,0,0,0,0,1,0
18.027087,0,0,0,0,0,0,0,0,1
18.049067,0,0,0,1,0,0,0,0,0
18.049811,0,0,0,0,0,1,0,0,0
18.050233,0,1,0,0,0,0,0,0,0
18.050295,0,0,0,0,0,0,0,0,1
18.055342,0,0,0,0,0,0,1,0,0
18.062498,0,0,1,0,0,0,0,0,0
18.070216,1,0,0,0,0,0,0,0,0
18.082225,0,0,0,0,1,0,0,0,0
18.082524,0,0,0,0,0,0,0,1,0
18.089986,0,0,1,0,0,0,0,0,0
18.098737,0,0,0,1,0,0,0,0,0
18.100591,0,0,0,0,0,0,1,0,0
18.100613,0,0,0,0,0,1,0,0,0
18.104467,0,1,0,0,0,0,0,0,0
18.107384,0,0,0,0,0,0,0,0,1
18.117438,1,0,0,0,1,0,0,0,0
18.117540,0,0,0,0,0,0,0,1,0
18.139704,0,0,1,0,0,0,0,0,0
18.141951,0,1,0,0,0,0,0,0,0
18.150792,0,0,0,1,0,0,0,0,0
18.151004,0,0,0,0,0,1,0,0,0
18.153712,0,0,0,0,0,0,0,0,1
18.155426,0,0,0,0,0,0,1,0,0
18.173774,1,0,0,0,1,0,0,0,0
18.176738,0,0,0,0,0,0,0,1,0
18.189996,0,0,1,0,0,0,0,0,0
18.198009,0,0,0,0,0,1,0,0,0
18.199817,0,0,0,1,0,0,0,0,0
18.200381,0,1,0,0,0,0,0,0,0
18.201190,0,0,0,0,0,0,0,0,1
18.220057,0,0,0,0,0,0,1,0,0
18.232965,1,0,0,0,0,0,0,0,0
18.238256,0,0,0,0,1,0,0,0,0
18.239362,0,0,1,0,0,0,0,0,0
18.245813,0,0,0,0,0,0,0,1,0
18.249488,0,0,0,1,0,0,0,0,0
18.250711,0,0,0,0,0,0,1,0,0
18.251392,0,0,0,0,0,1,0,0,0
18.261355,1,0,0,0,1,0,0,0,0
18.263008,0,0,0,0,0,0,0,0,1
18.263297,0,0,0,0,0,0,0,1,0
18.273062,0,1,0,0,0,0,0,0,0
18.292694,0,1,0,0,0,0,0,0,0
18.300427,0,0,0,1,0,0,0,0,0
18.302348,0,0,0,0,0,1,0,0,0
18.302409,0,0,1,0,0,0,0,0,0
18.302668,0,0,0,0,0,0,0,0,1
18.302955,0,0,0,0,0,0,1,0,0
18.322276,1,0,0,0,1,0,0,0,0
18.336555,0,0,0,0,0,0,0,1,0
18.341877,0,0,1,0,0,0,0,0,0
18.350826,0,0,0,1,0,0,0,0,0
18.350852,0,0,0,0,0,1,0,0,0
18.353482,0,0,0,0,0,0,1,0,0
18.359120,0,1,0,0,0,0,0,0,0
18.359576,0,0,0,0,0,0,0,0,1
18.365302,1,0,0,0,1,0,0,0,0
18.376381,0,0,0,0,0,0,0,1,0
18.395279,0,0,1,0,0,0,0,0,0
18.397617,0,1,0,0,0,0,0,0,0
18.399121,0,0,0,1,0,0,0,0,0
18.399840,0,0,0,0,0,0,1,0,0
18.403708,0,0,0,0,0,1,0,0,0
18.414321,0,0,0,0,0,0,0,0,1
18.417592,1,0,0,0,1,0,0,0,0
18.424252,0,0,0,0,0,0,0,1,0
18.448459,0,0,0,0,0,1,0,0,0
18.449151,0,0,1,0,0,0,0,0,0
18.451084,0,0,0,1,0,0,0,0,0
18.451122,0,0,0,0,0,0,1,0,0
18.453771,0,1,0,0,0,0,0,0,0
18.455404,0,0,0,0,0,0,0,0,1
18.470144,1,0,0,0,1,0,0,0,0
18.470404,0,0,0,0,0,0,0,1,0
18.492299,0,0,1,0,0,0,0,0,0
18.494606,0,1,0,0,0,0,0,0,0
18.497955,0,0,0,0,0,1,0,0,0
18.499751,0,0,0,1,0,0,0,0,0
18.501681,0,0,0,0,0,0,0,0,1
18.522735,0,0,0,0,0,0,1,0,0
18.535810,1,0,0,0,0,0,0,0,0
18.538470,0,0,1,0,0,0,0,0,0
18.542275,0,0,0,0,1,0,0,0,0
18.548408,0,0,0,0,0,0,0,1,0
18.549843,0,0,0,0,0,1,0,0,0
18.550098,0,0,0,1,0,0,0,0,0
18.551245,0,0,0,0,0,0,1,0,0
18.554744,0,0,0,0,0,0,0,0,1
18.565965,1,0,0,0,1,0,0,0,0
18.569695,0,1,0,0,0,0,0,0,0
18.572931,0,0,0,0,0,0,0,1,0
18.587729,0,0,1,0,0,0,0,0,0
18.593120,0,1,0,0,0,0,0,0,0
18.597605,0,0,0,0,0,1,0,0,0
18.600470,0,0,0,1,0,0,0,0,0
18.602919,0,0,0,0,0,0,0,0,1
18.607327,0,0,0,0,0,0,1,0,0
18.623997,1,0,0,0,1,0,0,0,0
18.639809,0,0,0,0,0,0,0,1,0
18.641114,0,0,1,0,0,0,0,0,0
18.648755,0,0,0,1,0,0,0,0,0
18.653092,0,0,0,0,0,1,0,0,0
18.660774,0,1,0,0,0,0,0,0,0
18.661352,0,0,0,0,0,0,1,0,0
18.670566,0,0,0,0,0,0,0,0,1
18.674218,1,0,0,0,0,0,0,0,0
18.695204,0,0,0,0,1,0,0,0,0
18.700240,0,0,0,1,0,0,0,0,0
18.700320,0,0,0,0,0,1,0,0,0
18.705401,0,0,0,0,0,0,0,1,0
18.705504,0,0,0,0,0,0,1,0,0
18.705642,0,0,1,0,0,0,0,0,0
18.706745,0,0,0,0,0,0,0,0,1
18.719804,1,0,0,0,0,0,0,0,0
18.731466,0,1,0,0,1,0,0,0,0
18.732479,0,0,0,0,0,0,0,1,0
18.744830,0,0,1,0,0,0,0,0,0
18.747826,0,0,0,0,0,1,0,0,0
18.750662,0,0,0,1,0,0,0,0,0
18.755803,0,0,0,0,0,0,1,0,0
18.756191,0,1,0,0,0,0,0,0,0
18.757678,0,0,0,0,0,0,0,0,1
18.771253,1,0,0,0,1,0,0,0,0
18.785157,0,0,0,0,0,0,0,1,0
18.795332,0,0,1,0,0,0,0,0,0
18.800236,0,0,0,1,0,0,0,0,0
18.800716,0,0,0,0,0,1,0,0,0
18.809615,0,1,0,0,0,0,0,0,0
18.815023,0,0,0,0,0,0,1,0,0
18.828138,1,0,0,0,1,0,0,0,0
18.839556,0,0,0,0,0,0,0,0,1
18.850545,0,0,0,0,0,1,0,0,0
18.850727,0,0,0,1,0,0,0,0,0
18.856548,0,0,0,0,0,0,0,1,0
18.873064,0,0,0,0,0,0,0,0,1
18.878423,0,0,1,0,0,0,0,0,0
18.879543,0,1,0,0,0,0,0,0,0
18.885166,0,0,0,0,0,0,1,0,0
18.898621,0,0,0,0,0,1,0,0,0
18.900443,1,0,0,0,1,0,0,0,0
18.900779,0,0,0,1,0,0,0,0,0
18.900830,0,0,0,0,0,0,0,0,1
18.910195,0,0,0,0,0,0,1,0,0
18.912099,0,0,1,0,0,0,0,0,0
18.925185,1,0,0,0,1,0,0,0,0
18.932893,0,0,1,0,0,0,0,0,0
18.947652,0,0,0,0,0,0,0,1,0
18.949908,0,0,0,1,0,0,0,0,0
18.950525,0,0,0,0,0,1,0,0,0
18.952914,0,0,0,0,0,0,0,0,1
18.954110,0,0,0,0,0,0,0,1,0
18.963873,0,0,0,0,0,0,1,0,0
18.969181,0,1,0,0,0,0,0,0,0
18.977657,1,0,0,0,0,0,0,0,0
18.978767,0,1,0,0,0,0,0,0,0
18.981252,0,0,0,0,1,0,0,0,0
18.990089,0,0,1,0,0,0,0,0,0
18.996719,0,0,0,0,0,1,0,0,0
18.999086,0,0,0,1,0,0,0,0,0
19.001354,0,0,0,0,0,0,1,0,0
19.002696,0,0,0,0,0,0,0,0,1
19.010059,0,0,0,0,0,0,0,1,0
19.015132,1,0,0,0,0,0,0,0,0
19.035246,0,1,0,0,0,0,0,0,0
19.040904,0,0,1,0,1,0,0,0,0
19.048700,0,0,0,1,0,0,0,0,0
19.051752,0,0,0,0,0,1,0,0,0
19.055955,0,0,0,0,0,0,1,0,0
19.073452,1,0,0,0,0,0,0,0,0
19.080342,0,0,0,0,1,0,0,0,0
19.081732,0,0,0,0,0,0,0,1,0
19.082531,0,0,0,0,0,0,0,1,0
19.083244,0,0,0,0,0,0,0,0,1
19.099465,0,0,0,1,0,0,0,0,0
19.099622,0,0,0,0,0,0,1,0,0
19.101324,0,0,0,0,0,1,0,0,0
19.105502,0,1,0,0,0,0,0,0,0
19.107489,0,1,0,0,0,0,0,0,0
19.108127,0,0,0,0,0,0,0,0,1
19.113552,1,0,0,0,0,0,0,0,0
19.115775,0,0,1,0,1,0,0,0,0
19.116341,0,0,0,0,0,0,0,1,0
19.138477,0,1,0,0,0,0,0,0,0
19.147535,0,0,1,0,0,0,0,0,0
19.147588,0,0,0,0,0,1,0,0,0
19.149392,0,0,0,1,0,0,0,0,0
19.150660,0,0,0,0,0,0,0,0,1
19.175017,0,0,0,0,0,0,1,0,0
19.187606,0,0,1,0,0,0,0,0,0
19.191731,1,0,0,0,0,0,0,0,0
19.200011,0,0,0,1,1,0,0,0,0
19.201350,0,0,0,0,0,1,0,0,0
19.210508,0,0,0,0,0,0,1,0,0
19.214914,0,0,0,0,0,0,0,0,1
19.215690,0,0,0,0,0,0,0,1,0
19.229638,1,0,0,0,0,0,0,0,0
19.231944,0,0,0,0,1,0,0,0,0
19.239759,0,1,0,0,0,0,0,0,0
19.247093,0,0,1,0,0,0,0,0,0
19.249695,0,0,0,1,0,0,0,0,0
19.251705,0,0,0,0,0,1,0,0,0
19.251919,0,0,0,0,0,0,0,1,0
19.267333,0,0,0,0,0,0,1,0,0
19.276420,0,1,0,0,0,0,0,0,0
19.283548,1,0,0,0,1,0,0,0,0
19.285374,0,0,0,0,0,0,0,0,1
19.297991,0,0,0,0,0,1,0,0,0
19.298063,0,0,0,0,0,0,0,0,1
19.300377,0,0,0,1,0,0,0,0,0
19.301308,0,0,0,0,0,0,0,1,0
19.301599,0,0,0,0,0,0,1,0,0
19.315653,1,0,0,0,0,0,0,0,0
19.317048,0,0,1,0,1,0,0,0,0
19.322425,0,0,0,0,0,0,0,1,0
19.327070,0,1,0,0,0,0,0,0,0
19.337308,0,0,1,0,0,0,0,0,0
19.346027,0,1,0,0,0,0,0,0,0
19.348662,0,0,0,0,0,1,0,0,0
19.349575,0,0,0,1,0,0,0,0,0
19.357519,0,0,0,0,0,0,1,0,0
19.367565,1,0,0,0,1,0,0,0,0
19.368811,0,0,0,0,0,0,0,0,1
19.372159,0,0,0,0,0,0,0,1,0
19.396315,0,1,0,0,0,0,0,0,0
19.399478,0,0,0,1,0,0,0,0,0
19.400428,0,0,0,0,0,1,0,0,0
19.402110,0,0,0,0,0,0,0,0,1
19.407015,0,0,1,0,0,0,0,0,0
19.412129,0,0,0,0,0,0,1,0,0
19.424956,1,0,0,0,0,0,0,0,0
19.426510,0,0,0,0,1,0,0,0,0
19.435450,0,0,0,0,0,0,0,1,0
19.439694,0,0,1,0,0,0,0,0,0
19.448162,0,0,0,1,0,0,0,0,0
19.450532,0,0,0,0,0,0,1,0,0
19.451951,0,0,0,0,0,1,0,0,0
19.459795,0,1,0,0,0,0,0,0,0
19.462817,0,0,0,0,0,0,0,0,1
19.466382,1,0,0,0,0,0,0,0,0
19.478006,0,0,0,0,1,0,0,0,0
19.498275,0,0,1,0,0,0,0,0,0
19.500026,0,0,0,1,0,0,0,0,0
19.502951,0,0,0,0,0,1,0,0,0
19.505377,0,0,0,0,0,0,0,0,1
19.508276,0,0,0,0,0,0,1,0,0
19.508794,0,0,0,0,0,0,0,1,0
19.521101,1,0,0,0,1,0,0,0,0
19.522437,0,0,0,0,0,0,0,1,0
19.534913,0,1,0,0,0,0,0,0,0
19.537512,0,0,1,0,0,0,0,0,0
19.548318,0,1,0,0,0,0,0,0,0
19.549285,0,0,0,1,0,0,0,0,0
19.549847,0,0,0,0,0,1,0,0,0
19.567589,0,0,0,0,0,0,0,0,1
19.595702,0,0,0,0,0,0,1,0,0
19.599183,0,0,0,0,0,1,0,0,0
19.600454,0,0,0,1,0,0,0,0,0
19.602153,0,0,0,0,0,0,0,0,1
19.602310,0,0,1,0,0,0,0,0,0
19.608379,1,0,0,0,1,0,0,0,0
19.614012,0,0,0,0,0,0,1,0,0
19.628835,1,0,0,0,0,0,0,0,0
19.629608,0,0,0,0,1,0,0,0,0
19.630402,0,0,0,0,0,0,0,1,0
19.637216,0,0,0,0,0,0,0,1,0
19.641670,0,0,1,0,0,0,0,0,0
19.646974,0,0,0,0,0,1,0,0,0
19.650484,0,0,0,1,0,0,0,0,0
19.650880,0,0,0,0,0,0,1,0,0
19.654403,0,1,0,0,0,0,0,0,0
19.658396,0,0,0,0,0,0,0,0,1
19.661059,0,1,0,0,0,0,0,0,0
19.661206,1,0,0,0,0,0,0,0,0
19.696919,0,0,1,0,1,0,0,0,0
19.698847,0,0,0,1,0,0,0,0,0
19.700144,0,0,0,0,0,0,0,1,0
19.700560,0,0,0,0,0,1,0,0,0
19.704902,0,0,0,0,0,0,0,0,1
19.726330,0,0,0,0,0,0,1,0,0
19.727351,0,1,0,0,0,0,0,0,0
19.738240,1,0,0,0,0,0,0,0,0
19.738851,0,0,1,0,0,0,0,0,0
19.742005,0,0,0,0,1,0,0,0,0
19.743802,0,0,0,0,0,0,0,1,0
19.749354,0,0,0,0,0,1,0,0,0
19.750784,0,0,0,1,0,0,0,0,0
19.752254,0,0,0,0,0,0,0,0,1
19.758530,0,0,0,0,0,0,1,0,0
19.764632,0,1,0,0,0,0,0,0,0
19.771452,1,0,0,0,1,0,0,0,0
19.785494,0,0,0,0,0,0,0,1,0
19.791339,0,0,1,0,0,0,0,0,0
19.799341,0,0,0,1,0,0,0,0,0
19.800082,0,0,0,0,0,1,0,0,0
19.805911,0,1,0,0,0,0,0,0,0
19.817522,0,0,0,0,0,0,1,0,0
19.821035,0,0,0,0,0,0,0,0,1
19.834521,1,0,0,0,0,0,0,0,0
19.847796,0,0,0,0,0,1,0,0,0
19.850470,0,0,0,1,1,0,0,0,0
19.853465,0,0,1,0,0,0,0,0,0
19.856068,0,0,0,0,0,0,0,1,0
19.857520,0,0,0,0,0,0,1,0,0
19.865005,0,0,0,0,0,0,0,0,1
19.868395,1,0,0,0,1,0,0,0,0
19.869448,0,0,0,0,0,0,0,1,0
19.877807,0,1,0,0,0,0,0,0,0
19.890596,0,1,0,0,0,0,0,0,0
19.895434,0,0,1,0,0,0,0,0,0
19.899132,0,0,0,0,0,1,0,0,0
19.899208,0,0,0,1,0,0,0,0,0
19.907989,0,0,0,0,0,0,0,0,1
19.931845,0,0,0,0,0,0,1,0,0
19.945957,0,0,1,0,0,0,0,0,0
19.946237,1,0,0,0,0,0,0,0,0
19.948072,0,0,0,0,1,0,0,0,0
19.949123,0,0,0,1,0,0,0,0,0
19.949415,0,0,0,0,0,1,0,0,0
19.951053,0,0,0,0,0,0,0,0,1
19.954282,0,0,0,0,0,0,1,0,0
19.974218,1,0,0,0,0,0,0,0,0
19.975653,0,0,0,0,0,0,0,1,0
19.985036,0,0,1,0,1,0,0,0,0
19.993917,0,0,0,0,0,0,0,1,0
20.000932,0,0,0,1,0,0,0,0,0
20.001951,0,0,0,0,0,0,1,0,0
20.002441,0,0,0,0,0,1,0,0,0
20.003722,0,0,0,0,0,0,0,0,1
20.003754,0,1,0,0,0,0,0,0,0
20.020456,0,1,0,0,0,0,0,0,0
20.021099,1,0,0,0,0,0,0,0,0
20.035955,0,0,1,0,1,0,0,0,0
20.045329,0,0,0,0,0,0,0,1,0
20.047441,0,0,0,0,0,1,0,0,0
20.050535,0,0,0,0,0,0,0,0,1
20.050869,0,0,0,1,0,0,0,0,0
20.051628,0,0,0,0,0,0,1,0,0
20.065396,1,0,0,0,1,0,0,0,0
20.075089,0,1,0,0,0,0,0,0,0
20.082083,0,0,0,0,0,0,0,1,0
20.088037,0,0,1,0,0,0,0,0,0
20.099109,0,0,0,0,0,1,0,0,0
20.101129,0,0,0,1,0,0,0,0,0
20.104270,0,1,0,0,0,0,0,0,0
20.105178,0,0,0,0,0,0,0,0,1
20.128441,0,0,0,0,0,0,1,0,0
20.139631,1,0,0,0,0,0,0,0,0
20.141370,0,0,1,0,0,0,0,0,0
20.150830,0,0,0,1,1,0,0,0,0
20.151522,0,0,0,0,0,1,0,0,0
20.155029,0,0,0,0,0,0,1,0,0
20.156355,0,0,0,0,0,0,0,0,1
20.168176,0,0,0,0,0,0,0,1,0
20.171474,1,0,0,0,1,0,0,0,0
20.191059,0,0,0,0,0,0,0,1,0
20.193885,0,0,1,0,0,0,0,0,0
20.195067,0,1,0,0,0,0,0,0,0
20.198903,0,0,0,1,0,0,0,0,0
20.199624,0,0,0,0,0,1,0,0,0
20.204412,0,0,0,0,0,0,0,0,1
20.205763,0,0,0,0,0,0,1,0,0
20.219980,0,1,0,0,0,0,0,0,0
20.220057,1,0,0,0,1,0,0,0,0
20.230154,0,0,0,0,0,0,0,1,0
20.241441,0,0,1,0,0,0,0,0,0
20.249522,0,0,0,0,0,1,0,0,0
20.250321,0,0,0,1,0,0,0,0,0
20.257742,0,1,0,0,0,0,0,0,0
20.263690,0,0,0,0,0,0,1,0,0
20.276774,0,0,0,0,0,0,0,0,1
20.281354,1,0,0,0,1,0,0,0,0
20.292861,0,0,0,0,0,0,0,1,0
20.298775,0,0,0,1,0,0,0,0,0
20.299128,0,0,0,0,0,1,0,0,0
20.311197,0,0,0,0,0,0,1,0,0
20.313037,0,0,1,0,0,0,0,0,0
20.317442,0,0,0,0,0,0,0,0,1
20.320733,0,1,0,0,0,0,0,0,0
20.325955,1,0,0,0,0,0,0,0,0
20.349605,0,0,0,1,1,0,0,0,0
20.350468,0,0,0,0,0,1,0,0,0
20.352898,0,0,1,0,0,0,0,0,0
20.353776,0,0,0,0,0,0,0,0,1
20.374581,0,0,0,0,0,0,1,0,0
20.385108,0,0,0,0,0,0,0,1,0
20.385259,0,0,1,0,0,0,0,0,0
20.393795,1,0,0,0,1,0,0,0,0
20.398870,0,0,0,0,0,1,0,0,0
20.399984,0,0,0,1,0,0,0,0,0
20.404314,0,0,0,0,0,0,0,1,0
20.404530,0,0,0,0,0,0,1,0,0
20.407797,0,0,0,0,0,0,0,0,1
20.413323,0,1,0,0,0,0,0,0,0
20.421193,1,0,0,0,0,0,0,0,0
20.424730,0,0,0,0,1,0,0,0,0
20.428590,0,1,0,0,0,0,0,0,0
20.429837,0,0,0,0,0,0,0,1,0
20.442203,0,0,1,0,0,0,0,0,0
20.448687,0,0,0,0,0,1,0,0,0
20.449516,0,0,0,1,0,0,0,0,0
20.456658,0,1,0,0,0,0,0,0,0
20.457832,0,0,0,0,0,0,1,0,0
20.472455,1,0,0,0,0,0,0,0,0
20.478318,0,0,0,0,1,0,0,0,0
20.478748,0,0,0,0,0,0,0,1,0
20.482115,0,0,0,0,0,0,0,0,1
20.496646,0,0,0,0,0,1,0,0,0
20.498157,0,0,0,1,0,0,0,0,0
20.499645,0,1,0,0,0,0,0,0,0
20.503644,0,0,0,0,0,0,1,0,0
20.510845,0,0,0,0,0,0,0,0,1
20.517676,1,0,0,0,1,0,0,0,0
20.521690,0,0,1,0,0,0,0,0,0
20.544323,0,0,1,0,0,0,0,0,0
20.550120,0,0,0,1,0,0,0,0,0
20.550982,0,0,0,0,0,1,0,0,0
20.556257,0,0,0,0,0,0,0,1,0
20.559304,0,0,0,0,0,0,0,0,1
20.576567,0,1,0,0,0,0,0,0,0
20.577585,0,0,0,0,0,0,1,0,0
20.589391,1,0,0,0,1,0,0,0,0
20.593361,0,0,1,0,0,0,0,0,0
20.599529,0,0,0,1,0,0,0,0,0
20.599940,0,0,0,0,0,0,0,1,0
20.602026,0,0,0,0,0,1,0,0,0
20.615952,0,0,0,0,0,0,1,0,0
20.622927,0,1,0,0,0,0,0,0,0
20.630471,0,0,0,0,0,0,0,0,1
20.630581,1,0,0,0,1,0,0,0,0
20.638586,0,0,0,0,0,0,0,1,0
20.649523,0,0,0,1,0,0,0,0,0
20.649601,0,0,0,0,0,0,1,0,0
20.650022,0,0,0,0,0,1,0,0,0
20.659384,0,0,0,0,0,0,0,0,1
20.660294,1,0,0,0,0,0,0,0,0
20.663134,0,0,1,0,1,0,0,0,0
20.664661,0,1,0,0,0,0,0,0,0
20.669813,0,0,0,0,0,0,0,1,0
20.689836,0,1,0,0,0,0,0,0,0
20.694613,0,0,1,0,0,0,0,0,0
20.699322,0,0,0,0,0,1,0,0,0
20.700107,0,0,0,1,0,0,0,0,0
20.705633,0,0,0,0,0,0,0,0,1
20.723306,0,0,0,0,0,0,1,0,0
20.739829,0,0,1,0,0,0,0,0,0
20.740303,1,0,0,0,1,0,0,0,0
20.740989,0,0,0,0,0,0,0,1,0
20.748782,0,0,0,1,0,0,0,0,0
20.749070,0,0,0,0,0,0,1,0,0
20.750569,0,0,0,0,0,1,0,0,0
20.753509,0,0,0,0,0,0,0,0,1
20.767299,1,0,0,0,0,0,0,0,0
20.769171,0,1,0,0,1,0,0,0,0
20.770003,0,0,0,0,0,0,0,1,0
20.785752,0,0,1,0,0,0,0,0,0
20.794660,0,1,0,0,0,0,0,0,0
20.798904,0,0,0,0,0,1,0,0,0
20.800067,0,0,0,0,0,0,0,0,1
20.800342,0,0,0,1,0,0,0,0,0
20.837960,0,0,0,0,0,0,1,0,0
20.839196,0,0,1,0,0,0,0,0,0
20.848472,0,0,0,1,0,0,0,0,0
20.850165,0,0,0,0,0,1,0,0,0
20.853046,0,0,0,0,0,0,1,0,0
20.854337,1,0,0,0,1,0,0,0,0
20.866524,1,0,0,0,0,0,0,0,0
20.867943,0,0,0,0,0,0,0,0,1
20.890914,0,0,0,0,1,0,0,1,0
20.899755,0,0,0,1,0,0,0,0,0
20.901510,0,0,0,0,0,1,0,0,0
20.904480,0,0,0,0,0,0,1,0,0
20.906084,0,0,1,0,0,0,0,0,0
20.913053,0,1,0,0,0,0,0,0,0
20.921463,0,0,0,0,0,0,0,0,1
20.922165,1,0,0,0,1,0,0,0,0
20.926324,0,0,0,0,0,0,0,1,0
20.948543,0,1,0,0,0,0,0,0,0
20.948673,0,0,0,0,0,1,0,0,0
20.949565,0,0,0,1,0,0,0,0,0
20.951558,0,0,0,0,0,0,0,0,1
20.952096,0,0,0,0,0,0,1,0,0
20.960910,0,0,1,0,0,0,0,0,0
20.966077,1,0,0,0,0,0,0,0,0
20.972050,0,0,0,0,1,0,0,0,0
20.977180,0,0,0,0,0,0,0,1,0
20.988475,0,0,1,0,0,0,0,0,0
20.998175,0,0,0,1,0,0,0,0,0
21.001317,0,0,0,0,0,1,0,0,0
21.002016,0,0,0,0,0,0,0,0,1
21.003363,0,0,0,0,0,0,0,1,0
21.004569,0,0,0,0,0,0,1,0,0
21.005044,0,1,0,0,0,0,0,0,0
21.017031,1,0,0,0,0,0,0,0,0
21.018384,0,0,0,0,1,0,0,0,0
21.026077,0,0,0,0,0,0,0,1,0
21.030727,0,1,0,0,0,0,0,0,0
21.039895,0,0,1,0,0,0,0,0,0
21.046320,0,1,0,0,0,0,0,0,0
21.046972,0,0,0,0,0,1,0,0,0
21.049816,0,0,0,1,0,0,0,0,0
21.050637,0,0,0,0,0,0,0,0,1
21.065622,0,0,0,0,0,0,1,0,0
21.080813,1,0,0,0,0,0,0,0,0
21.084694,0,0,1,0,0,0,0,0,0
21.088472,0,0,0,0,1,0,0,0,0
21.092317,0,0,0,0,0,0,0,1,0
21.099838,0,0,0,1,0,0,0,0,0
21.101945,0,0,0,0,0,1,0,0,0
21.112760,0,0,0,0,0,0,0,0,1
21.118343,0,1,0,0,0,0,0,0,0
21.126965,0,0,0,0,0,0,1,0,0
21.141165,1,0,0,0,1,0,0,0,0
21.147195,0,0,0,0,0,1,0,0,0
21.148361,0,0,1,0,0,0,0,0,0
21.149761,0,0,0,1,0,0,0,0,0
21.150017,0,0,0,0,0,0,0,0,1
21.153380,0,0,0,0,0,0,1,0,0
21.158919,0,0,0,0,0,0,0,1,0
21.167710,1,0,0,0,0,0,0,0,0
21.184908,0,1,0,0,1,0,0,0,0
21.185281,0,0,1,0,0,0,0,0,0
21.194410,0,0,0,0,0,0,0,1,0
21.199510,0,0,0,0,0,1,0,0,0
21.201150,0,0,0,1,0,0,0,0,0
21.205342,0,0,0,0,0,0,1,0,0
21.212078,0,0,0,0,0,0,0,0,1
21.222246,1,0,0,0,1,0,0,0,0
21.224101,0,1,0,0,0,0,0,0,0
21.232420,0,0,0,0,0,0,0,1,0
21.245418,0,0,1,0,0,0,0,0,0
21.249099,0,0,0,1,0,0,0,0,0
21.249307,0,0,0,0,0,1,0,0,0
21.251659,0,0,0,0,0,0,1,0,0
21.254066,0,0,0,0,0,0,0,0,1
21.257471,0,1,0,0,0,0,0,0,0
21.267001,1,0,0,0,0,0,0,0,0
21.290130,0,0,1,0,1,0,0,0,0
21.296641,0,0,0,0,0,0,0,1,0
21.299560,0,0,0,0,0,1,0,0,0
21.300128,0,0,0,0,0,0,0,0,1
21.300517,0,0,0,1,0,0,0,0,0
21.304935,0,0,0,0,0,0,1,0,0
21.322753,1,0,0,0,0,0,0,0,0
21.324965,0,1,0,0,0,0,0,0,0
21.337990,0,0,1,0,0,0,0,0,0
21.351750,0,0,0,1,0,0,0,0,0
21.353880,0,0,0,0,1,1,0,0,0
21.357034,0,0,0,0,0,0,0,1,0
21.358855,0,0,0,0,0,0,0,0,1
21.360797,0,0,0,0,0,0,1,0,0
21.371157,1,0,0,0,0,0,0,0,0
21.385277,0,1,0,0,1,0,0,0,0
21.393707,0,0,1,0,0,0,0,0,0
21.400221,0,0,0,1,0,0,0,0,0
21.402230,0,0,0,0,0,1,0,0,0
21.404870,0,0,0,0,0,0,0,0,1
21.417039,0,0,0,0,0,0,1,0,0
21.422743,0,0,0,0,0,0,0,1,0
21.436322,1,0,0,0,0,0,0,0,0
21.436427,0,0,1,0,0,0,0,0,0
21.439768,0,0,0,0,1,0,0,0,0
21.447139,0,1,0,0,0,0,0,0,0
21.448127,0,0,0,0,0,1,0,0,0
21.449764,0,0,0,0,0,0,0,0,1
21.450388,0,0,0,1,0,0,0,0,0
21.453005,0,0,0,0,0,0,0,1,0
21.457856,0,0,0,0,0,0,1,0,0
21.477847,1,0,0,0,0,0,0,0,0
21.477942,0,0,0,0,1,0,0,0,0
21.478036,0,1,0,0,0,0,0,0,0
21.478893,0,0,0,0,0,0,0,1,0
21.487613,0,0,1,0,0,0,0,0,0
21.499862,0,0,0,0,0,1,0,0,0
21.500069,0,0,0,0,0,0,0,0,1
21.501856,0,0,0,1,0,0,0,0,0
21.507479,0,1,0,0,0,0,0,0,0
21.512616,0,0,0,0,0,0,1,0,0
21.531317,1,0,0,0,0,0,0,0,0
21.532878,0,0,0,0,1,0,0,0,0
21.534486,0,0,1,0,0,0,0,0,0
21.548424,0,0,0,0,0,1,0,0,0
21.548874,0,0,0,0,0,0,0,0,1
21.550916,0,0,0,1,0,0,0,0,0
21.557873,0,0,0,0,0,0,1,0,0
21.558941,0,0,0,0,0,0,0,1,0
21.573989,1,0,0,0,1,0,0,0,0
21.583885,0,0,1,0,0,0,0,0,0
21.584940,0,1,0,0,0,0,0,0,0
21.598562,0,0,0,0,0,1,0,0,0
21.600577,0,0,0,1,0,0,0,0,0
21.601314,0,0,0,0,0,0,0,1,0
21.603856,0,0,0,0,0,0,1,0,0
21.604400,0,0,0,0,0,0,0,0,1
21.617443,1,0,0,0,1,0,0,0,0
21.624449,0,1,0,0,0,0,0,0,0
21.628061,0,0,0,0,0,0,0,1,0
21.641965,0,0,1,0,0,0,0,0,0
21.650838,0,0,0,1,0,0,0,0,0
21.653564,0,0,0,0,0,1,0,0,0
21.654884,0,1,0,0,0,0,0,0,0
21.656342,0,0,0,0,0,0,1,0,0
21.659320,0,0,0,0,0,0,0,0,1
21.668824,1,0,0,0,1,0,0,0,0
21.684781,0,0,0,0,0,0,0,1,0
21.692903,0,0,1,0,0,0,0,0,0
21.697203,0,0,0,0,0,1,0,0,0
21.699824,0,0,0,1,0,0,0,0,0
21.700530,0,0,0,0,0,0,1,0,0
21.707927,0,1,0,0,0,0,0,0,0
21.713022,0,0,0,0,0,0,0,0,1
21.714853,1,0,0,0,1,0,0,0,0
21.750043,0,0,0,1,0,0,0,0,0
21.750709,0,0,1,0,0,0,0,0,0
21.752004,0,0,0,0,0,1,0,0,0
21.756487,0,0,0,0,0,0,0,0,1
21.759994,0,0,0,0,0,0,0,1,0
21.762248,0,0,0,0,0,0,1,0,0
21.774449,1,0,0,0,0,0,0,0,0
21.780811,0,1,0,0,1,0,0,0,0
21.789125,0,0,0,0,0,0,0,1,0
21.794577,0,0,1,0,0,0,0,0,0
21.799010,0,0,0,1,0,0,0,0,0
21.800935,0,0,0,0,0,1,0,0,0
21.802845,0,0,0,0,0,0,0,0,1
21.817523,0,0,0,0,0,0,1,0,0
21.817772,0,1,0,0,0,0,0,0,0
21.837460,1,0,0,0,1,0,0,0,0
21.838336,0,0,0,0,0,0,0,1,0
21.839987,0,0,1,0,0,0,0,0,0
21.849810,0,0,0,1,0,0,0,0,0
21.850025,0,0,0,0,0,1,0,0,0
21.852768,0,0,0,0,0,0,0,0,1
21.860660,0,1,0,0,0,0,0,0,0
21.877500,0,0,0,0,0,0,1,0,0
21.882937,0,0,1,0,0,0,0,0,0
21.890510,1,0,0,0,1,0,0,0,0
21.896202,0,0,0,0,0,0,0,1,0
21.899701,0,0,0,1,0,0,0,0,0
21.901856,0,0,0,0,0,1,0,0,0
21.904502,0,0,0,0,0,0,0,0,1
21.917155,0,1,0,0,0,0,0,0,0
21.938848,0,0,0,0,0,0,1,0,0
21.944199,0,0,1,0,0,0,0,0,0
21.948883,0,0,0,1,0,0,0,0,0
21.950252,0,0,0,0,0,1,0,0,0
21.951254,0,0,0,0,0,0,1,0,0
21.951831,1,0,0,0,0,0,0,0,0
21.961519,1,0,0,0,0,0,0,0,0
21.971140,0,0,0,0,1,0,0,0,1
21.974943,0,0,0,0,1,0,0,0,0
21.984372,0,0,0,0,0,0,0,1,0
21.987829,0,0,0,0,0,0,0,1,0
21.999492,0,0,0,0,0,1,0,0,0
22.001135,0,0,0,0,0,0,0,0,1
22.001858,0,0,0,1,0,0,0,0,0
22.004132,0,0,1,0,0,0,0,0,0
22.009100,0,1,0,0,0,0,0,0,0
22.009804,0,1,0,0,0,0,0,0,0
22.014814,0,0,0,0,0,0,1,0,0
22.031585,1,0,0,0,0,0,0,0,0
22.034188,0,0,1,0,0,0,0,0,0
22.050379,0,0,0,1,0,0,0,0,0
22.050775,0,0,0,0,1,0,0,0,0
22.051171,0,0,0,0,0,1,0,0,0
22.051419,0,0,0,0,0,0,0,1,0
22.052870,0,0,0,0,0,0,0,0,1
22.072563,0,1,0,0,0,0,0,0,0
22.080984,0,0,0,0,0,0,1,0,0
22.088384,0,0,1,0,0,0,0,0,0
22.095793,1,0,0,0,1,0,0,0,0
22.100323,0,0,0,1,0,0,0,0,0
22.101061,0,0,0,0,0,1,0,0,0
22.102042,0,0,0,0,0,0,0,1,0
22.107359,0,0,0,0,0,0,0,0,1
22.112326,0,0,0,0,0,0,1,0,0
22.122078,0,1,0,0,0,0,0,0,0
22.125961,1,0,0,0,0,0,0,0,0
22.142220,0,0,1,0,1,0,0,0,0
22.147846,0,0,0,0,0,0,0,1,0
22.150122,0,0,0,1,0,0,0,0,0
22.152958,0,0,0,0,0,1,0,0,0
22.163147,0,0,0,0,0,0,1,0,0
22.173085,0,1,0,0,0,0,0,0,0
22.174518,0,0,0,0,0,0,0,0,1
22.180097,1,0,0,0,0,0,0,0,0
22.200400,0,0,0,1,0,0,0,0,0
22.200829,0,0,0,0,1,0,0,0,0
22.201258,0,0,0,0,0,1,0,0,0
22.210020,0,0,1,0,0,0,0,0,0
22.213034,0,0,0,0,0,0,0,0,1
22.236608,0,0,0,0,0,0,1,0,0
22.244205,0,0,0,0,0,0,0,1,0
22.248133,1,0,0,0,0,0,0,0,0
22.248289,0,0,0,0,1,0,0,0,0
22.248369,0,0,0,0,0,0,0,1,0
22.248444,0,0,0,0,0,1,0,0,0
22.250013,0,0,0,1,0,0,0,0,0
22.251587,0,0,1,0,0,0,0,0,0
22.255047,0,0,0,0,0,0,1,0,0
22.256155,0,0,0,0,0,0,0,0,1
22.266178,1,0,0,0,1,0,0,0,0
22.267362,0,1,0,0,0,0,0,0,0
22.275529,0,0,0,0,0,0,0,1,0
22.277815,0,1,0,0,0,0,0,0,0
22.290159,0,0,1,0,0,0,0,0,0
22.295807,0,1,0,0,0,0,0,0,0
22.299319,0,0,0,0,0,1,0,0,0
22.300550,0,0,0,1,0,0,0,0,0
22.309580,0,0,0,0,0,0,0,0,1
22.317908,0,0,0,0,0,0,1,0,0
22.335085,1,0,0,0,1,0,0,0,0
22.347866,0,0,1,0,0,0,0,0,0
22.350326,0,0,0,0,0,1,0,0,0
22.350714,0,0,0,1,0,0,0,0,0
22.353950,0,0,0,0,0,0,0,1,0
22.354513,0,0,0,0,0,0,0,0,1
22.382432,0,1,0,0,0,0,0,0,0
22.387397,0,0,0,0,0,0,1,0,0
22.393564,0,0,1,0,0,0,0,0,0
22.397782,0,0,0,0,0,1,0,0,0
22.400323,0,0,0,1,0,0,0,0,0
22.403452,0,0,0,0,0,0,1,0,0
22.403629,0,0,0,0,0,0,0,0,1
22.404670,1,0,0,0,1,0,0,0,0
22.417747,1,0,0,0,0,0,0,0,0
22.427336,0,0,0,0,0,0,0,1,0
22.437739,0,0,0,0,1,0,0,0,0
22.440405,0,0,1,0,0,0,0,0,0
22.443279,0,0,0,0,0,0,0,1,0
22.449929,0,0,0,1,0,0,0,0,0
22.450331,0,0,0,0,0,1,0,0,0
22.454674,0,1,0,0,0,0,0,0,0
22.455488,0,0,0,0,0,0,1,0,0
22.463718,0,0,0,0,0,0,0,0,1
22.464802,0,1,0,0,0,0,0,0,0
22.466975,1,0,0,0,1,0,0,0,0
22.473910,0,0,0,0,0,0,0,1,0
22.496065,0,1,0,0,0,0,0,0,0
22.498986,0,0,0,0,0,1,0,0,0
22.499029,0,0,0,1,0,0,0,0,0
22.500897,0,0,1,0,0,0,0,0,0
22.508078,0,0,0,0,0,0,0,0,1
22.508241,0,0,0,0,0,0,1,0,0
22.518982,1,0,0,0,1,0,0,0,0
22.525006,0,0,0,0,0,0,0,1,0
22.538583,0,0,1,0,0,0,0,0,0
22.548488,0,1,0,0,0,0,0,0,0
22.549060,0,0,0,1,0,0,0,0,0
22.549163,0,0,0,0,0,0,1,0,0
22.552063,0,0,0,0,0,1,0,0,0
22.559466,0,0,0,0,0,0,0,0,1
22.568966,1,0,0,0,1,0,0,0,0
22.598595,0,0,1,0,0,0,0,0,0
22.599748,0,0,0,1,0,0,0,0,0
22.599921,0,0,0,0,0,1,0,0,0
22.600422,0,0,0,0,0,0,1,0,0
22.600813,0,0,0,0,0,0,0,0,1
22.601130,0,0,0,0,0,0,0,1,0
22.617550,1,0,0,0,1,0,0,0,0
22.621355,0,1,0,0,0,0,0,0,0
22.633015,0,0,1,0,0,0,0,0,0
22.635868,0,0,0,0,0,0,0,1,0
22.648262,0,0,0,1,0,0,0,0,0
22.649030,0,0,0,0,0,1,0,0,0
22.653098,0,0,0,0,0,0,0,0,1
22.656860,0,1,0,0,0,0,0,0,0
22.657044,0,0,0,0,0,0,1,0,0
22.668411,1,0,0,0,0,0,0,0,0
22.670944,0,0,0,0,1,0,0,0,0
22.684349,0,0,0,0,0,0,0,1,0
22.688290,0,0,1,0,0,0,0,0,0
22.700475,0,0,0,1,0,0,0,0,0
22.701135,0,0,0,0,0,1,0,0,0
22.706065,0,1,0,0,0,0,0,0,0
22.711378,0,0,0,0,0,0,0,0,1
22.712198,0,0,0,0,0,0,1,0,0
22.726483,1,0,0,0,1,0,0,0,0
22.733230,0,0,0,0,0,0,0,1,0
22.747513,0,0,1,0,0,0,0,0,0
22.751292,0,0,0,0,0,1,0,0,0
22.751732,0,0,0,1,0,0,0,0,0
22.754020,0,0,0,0,0,0,0,0,1
22.758806,0,0,0,0,0,0,1,0,0
22.759734,0,1,0,0,0,0,0,0,0
22.772864,1,0,0,0,0,0,0,0,0
22.789010,0,0,1,0,0,0,0,0,0
22.793533,0,0,0,0,1,0,0,0,0
22.799866,0,0,0,1,0,0,0,0,0
22.801450,0,0,0,0,0,1,0,0,0
22.809426,0,0,0,0,0,0,0,0,1
22.822377,0,0,0,0,0,0,1,0,0
22.839833,0,0,0,0,0,0,0,1,0
22.842023,1,0,0,0,0,0,0,0,0
22.842030,0,0,0,0,1,0,0,0,0
22.842036,0,0,1,0,0,0,0,0,0
22.846055,0,0,0,0,0,0,0,1,0
22.850185,0,0,0,0,0,1,0,0,0
22.850600,0,0,0,1,0,0,0,0,0
22.852042,0,0,0,0,0,0,0,0,1
22.854014,0,0,0,0,0,0,1,0,0
22.862274,0,1,0,0,0,0,0,0,0
22.870142,1,0,0,0,1,0,0,0,0
22.871590,0,1,0,0,0,0,0,0,0
22.887723,0,0,0,0,0,0,0,1,0
22.890875,0,0,1,0,0,0,0,0,0
22.900585,0,0,0,0,0,1,0,0,0
22.901490,0,0,0,1,0,0,0,0,0
22.904989,0,0,0,0,0,0,0,0,1
22.911251,0,0,0,0,0,0,1,0,0
22.911548,0,1,0,0,0,0,0,0,0
22.922685,1,0,0,0,1,0,0,0,0
22.937699,0,0,0,0,0,0,0,1,0
22.944859,0,0,1,0,0,0,0,0,0
22.949554,0,0,0,1,0,0,0,0,0
22.953504,0,0,0,0,0,1,0,0,0
22.954333,0,0,0,0,0,0,1,0,0
22.955968,0,0,0,0,0,0,0,0,1
22.962614,0,1,0,0,0,0,0,0,0
22.965100,1,0,0,0,0,0,0,0,0
22.991999,0,0,1,0,0,0,0,0,0
23.000610,0,0,0,1,0,0,0,0,0
23.001371,0,0,0,0,1,0,0,0,0
23.002336,0,0,0,0,0,1,0,0,0
23.003893,0,0,0,0,0,0,1,0,0
23.011187,0,0,0,0,0,0,0,1,0
23.011689,0,0,0,0,0,0,0,0,1
23.019560,1,0,0,0,0,0,0,0,0
23.039554,0,1,0,0,0,0,0,0,0
23.048121,0,0,0,1,0,0,0,0,0
23.050253,0,0,1,0,0,0,0,0,0
23.051709,0,0,0,0,1,1,0,0,0
23.055877,0,0,0,0,0,0,0,1,0
23.066514,0,0,0,0,0,0,1,0,0
23.074893,0,0,0,0,0,0,0,0,1
23.076680,0,1,0,0,0,0,0,0,0
23.084013,1,0,0,0,1,0,0,0,0
23.097782,0,0,0,0,0,1,0,0,0
23.099676,0,0,0,1,0,0,0,0,0
23.105908,0,0,0,0,0,0,0,1,0
23.110805,0,0,1,0,0,0,0,0,0
23.116075,0,0,0,0,0,0,1,0,0
23.119701,0,0,0,0,0,0,0,0,1
23.132227,1,0,0,0,1,0,0,0,0
23.132299,0,1,0,0,0,0,0,0,0
23.134848,0,0,0,0,0,0,0,1,0
23.150019,0,0,0,0,0,1,0,0,0
23.150500,0,0,0,1,0,0,0,0,0
23.154567,0,0,1,0,0,0,0,0,0
23.157163,0,1,0,0,0,0,0,0,0
23.164318,0,0,0,0,0,0,1,0,0
23.164900,0,0,0,0,0,0,0,0,1
23.175860,1,0,0,0,1,0,0,0,0
23.176548,0,0,0,0,0,0,0,1,0
23.198944,0,0,0,1,0,0,0,0,0
23.199387,0,0,1,0,0,0,0,0,0
23.203570,0,0,0,0,0,1,0,0,0
23.204900,0,0,0,0,0,0,0,0,1
23.205337,0,1,0,0,0,0,0,0,0
23.223543,0,0,0,0,0,0,1,0,0
23.239760,0,0,1,0,0,0,0,0,0
23.242431,1,0,0,0,0,0,0,0,0
23.246256,0,0,0,0,1,0,0,0,0
23.250069,0,0,0,0,0,1,0,0,0
23.250341,0,0,0,1,0,0,0,0,0
23.253250,0,0,0,0,0,0,0,1,0
23.254284,0,0,0,0,0,0,1,0,0
23.259183,0,0,0,0,0,0,0,0,1
23.268845,1,0,0,0,0,0,0,0,0
23.277774,0,1,0,0,0,0,0,0,0
23.297561,0,0,0,0,0,1,0,0,0
23.297578,0,0,0,0,1,0,0,0,0
23.297595,0,0,0,0,0,0,0,0,1
23.297864,0,0,0,0,0,0,0,1,0
23.297952,0,0,1,0,0,0,0,0,0
23.299113,0,0,0,1,0,0,0,0,0
23.307159,0,0,0,0,0,0,1,0,0
23.319834,0,1,0,0,0,0,0,0,0
23.322244,1,0,0,0,1,0,0,0,0
23.326427,0,0,0,0,0,0,0,1,0
23.330132,0,0,1,0,0,0,0,0,0
23.347099,0,1,0,0,0,0,0,0,0
23.349577,0,0,0,1,0,0,0,0,0
23.349753,0,0,0,0,0,0,1,0,0
23.353214,0,0,0,0,0,1,0,0,0
23.366790,1,0,0,0,1,0,0,0,0
23.375006,0,0,0,0,0,0,0,1,0
23.383962,0,0,0,0,0,0,0,0,1
23.395235,0,1,0,0,0,0,0,0,0
23.399117,0,0,0,0,0,1,0,0,0
23.400455,0,0,0,1,0,0,0,0,0
23.403388,0,0,0,0,0,0,0,0,1
23.412584,0,0,0,0,0,0,1,0,0
23.421901,0,0,1,0,0,0,0,0,0
23.425756,1,0,0,0,0,0,0,0,0
23.432871,0,0,0,0,1,0,0,0,0
23.438909,0,0,0,0,0,0,0,1,0
23.441515,0,0,1,0,0,0,0,0,0
23.448403,0,0,0,0,0,1,0,0,0
23.450213,0,0,0,1,0,0,0,0,0
23.455459,0,0,0,0,0,0,1,0,0
23.456687,0,0,0,0,0,0,0,0,1
23.462106,0,1,0,0,0,0,0,0,0
23.470173,1,0,0,0,1,0,0,0,0
23.472855,0,0,0,0,0,0,0,1,0
23.492273,0,0,1,0,0,0,0,0,0
23.497862,0,0,0,0,0,1,0,0,0
23.497964,0,0,0,0,0,0,0,0,1
23.498732,0,0,0,1,0,0,0,0,0
23.499223,0,0,0,0,0,0,1,0,0
23.502030,0,1,0,0,0,0,0,0,0
23.509346,1,0,0,0,0,0,0,0,0
23.524019,0,0,0,0,1,0,0,0,0
23.536299,0,0,1,0,0,0,0,0,0
23.546692,0,0,0,0,0,0,0,1,0
23.549410,0,0,0,0,0,1,0,0,0
23.549734,0,0,0,1,0,0,0,0,0
23.555360,0,0,0,0,0,0,1,0,0
23.564326,0,0,0,0,0,0,0,0,1
23.575092,1,0,0,0,1,0,0,0,0
23.575304,0,1,0,0,0,0,0,0,0
23.599409,0,0,0,0,0,1,0,0,0
23.599518,0,0,0,0,0,0,0,1,0
23.600068,0,0,1,0,0,0,0,0,0
23.601535,0,0,0,1,0,0,0,0,0
23.604521,0,0,0,0,0,0,0,0,1
23.609033,0,0,0,0,0,0,1,0,0
23.624597,1,0,0,0,1,0,0,0,0
23.627770,0,0,0,0,0,0,0,1,0
23.628597,0,1,0,0,0,0,0,0,0
23.640037,0,0,1,0,0,0,0,0,0
23.648138,0,0,0,1,0,0,0,0,0
23.652138,0,0,0,0,0,1,0,0,0
23.653271,0,1,0,0,0,0,0,0,0
23.656615,0,0,0,0,0,0,1,0,0
23.668184,1,0,0,0,1,0,0,0,0
23.671347,0,0,0,0,0,0,0,0,1
23.675300,0,0,0,0,0,0,0,1,0
23.699151,0,1,0,0,0,0,0,0,0
23.699458,0,0,0,0,0,1,0,0,0
23.700147,0,0,0,1,0,0,0,0,0
23.705328,0,0,1,0,0,0,0,0,0
23.708494,0,0,0,0,0,0,0,0,1
23.709176,0,0,0,0,0,0,1,0,0
23.723494,1,0,0,0,0,0,0,0,0
23.747240,0,0,1,0,0,0,0,0,0
23.749045,0,0,0,0,1,0,0,0,0
23.750076,0,0,0,1,0,0,0,0,0
23.750125,0,0,0,0,0,1,0,0,0
23.750518,0,0,0,0,0,0,0,0,1
23.754596,0,0,0,0,0,0,1,0,0
23.761579,0,0,0,0,0,0,0,1,0
23.770316,1,0,0,0,0,0,0,0,0
23.783458,0,0,0,0,1,0,0,0,0
23.785229,0,1,0,0,0,0,0,0,0
23.786115,0,0,1,0,0,0,0,0,0
23.789036,0,0,0,0,0,0,0,1,0
23.798866,0,0,0,1,0,0,0,0,0
23.800089,0,0,0,0,0,1,0,0,0
23.802499,0,0,0,0,0,0,0,0,1
23.809028,0,0,0,0,0,0,1,0,0
23.814271,0,1,0,0,0,0,0,0,0
23.828137,1,0,0,0,0,0,0,0,0
23.838765,0,0,1,0,1,0,0,0,0
23.846233,0,0,0,0,0,0,0,1,0
23.848877,0,0,0,0,0,1,0,0,0
23.849786,0,0,0,1,0,0,0,0,0
23.852909,0,0,0,0,0,0,0,0,1
23.874288,0,1,0,0,0,0,0,0,0
23.878282,0,0,0,0,0,0,1,0,0
23.890382,0,0,1,0,0,0,0,0,0
23.893088,1,0,0,0,0,0,0,0,0
23.900388,0,0,0,1,1,0,0,0,0
23.902925,0,0,0,0,0,0,1,0,0
23.903287,0,0,0,0,0,1,0,0,0
23.919831,1,0,0,0,0,0,0,0,0
23.924700,0,0,0,0,1,0,0,1,0
23.934310,0,0,0,0,0,0,0,0,1
23.945811,0,1,0,0,0,0,0,0,0
23.949003,0,0,0,0,0,1,0,0,0
23.950393,0,0,0,1,0,0,0,0,0
23.951700,0,0,0,0,0,0,1,0,0
23.954455,0,0,0,0,0,0,0,0,1
23.956817,0,0,0,0,0,0,0,1,0
23.968453,1,0,0,0,1,0,0,0,0
23.970497,0,0,0,0,0,0,0,1,0
23.971339,0,0,1,0,0,0,0,0,0
23.979167,0,1,0,0,0,0,0,0,0
23.992154,0,0,1,0,0,0,0,0,0
23.997109,0,1,0,0,0,0,0,0,0
23.998519,0,0,0,0,0,1,0,0,0
23.999269,0,0,0,1,0,0,0,0,0
24.003595,0,0,0,0,0,0,1,0,0
24.016526,1,0,0,0,1,0,0,0,0
24.031814,0,0,0,0,0,0,0,1,0
24.034683,0,0,0,0,0,0,0,0,1
24.048043,0,0,0,0,0,1,0,0,0
24.050269,0,0,0,0,0,0,0,0,1
24.051982,0,0,0,1,0,0,0,0,0
24.054901,0,0,0,0,0,0,1,0,0
24.057617,0,1,0,0,0,0,0,0,0
24.066938,0,0,1,0,0,0,0,0,0
24.068107,1,0,0,0,1,0,0,0,0
24.070151,0,0,0,0,0,0,0,1,0
24.085899,0,0,1,0,0,0,0,0,0
24.093066,0,1,0,0,0,0,0,0,0
24.099576,0,0,0,1,0,0,0,0,0
24.099608,0,0,0,0,0,1,0,0,0
24.115166,0,0,0,0,0,0,1,0,0
24.127834,0,0,0,0,0,0,0,0,1
24.130112,1,0,0,0,0,0,0,0,0
24.132962,0,0,0,0,1,0,0,0,0
24.149336,0,0,0,0,0,1,0,0,0
24.149910,0,0,0,1,0,0,0,0,0
24.149971,0,0,0,0,0,0,1,0,0
24.155081,0,0,0,0,0,0,0,0,1
24.159703,0,0,0,0,0,0,0,1,0
24.160879,1,0,0,0,1,0,0,0,0
24.165523,0,0,1,0,0,0,0,0,0
24.183173,0,0,0,0,0,0,0,1,0
24.185202,0,1,0,0,0,0,0,0,0
24.186882,0,0,1,0,0,0,0,0,0
24.197377,0,0,0,0,0,1,0,0,0
24.199436,0,0,0,0,0,0,0,0,1
24.201121,0,0,0,1,0,0,0,0,0
24.202699,0,0,0,0,0,0,1,0,0
24.209689,0,1,0,0,0,0,0,0,0
24.218870,1,0,0,0,1,0,0,0,0
24.236575,0,0,1,0,0,0,0,0,0
24.242958,0,0,0,0,0,0,0,1,0
24.250886,0,0,0,1,0,0,0,0,0
24.251025,0,0,0,0,0,1,0,0,0
24.252078,0,0,0,0,0,0,1,0,0
24.267208,0,0,0,0,0,0,0,0,1
24.268394,1,0,0,0,1,0,0,0,0
24.271879,0,1,0,0,0,0,0,0,0
24.274092,0,0,0,0,0,0,0,1,0
24.298332,0,0,0,0,0,1,0,0,0
24.301303,0,0,0,1,0,0,0,0,0
24.301918,0,0,0,0,0,0,0,0,1
24.303835,0,1,0,0,0,0,0,0,0
24.305039,0,0,0,0,0,0,1,0,0
24.305135,0,0,1,0,0,0,0,0,0
24.318519,1,0,0,0,0,0,0,0,0
24.337655,0,0,1,0,1,0,0,0,0
24.348829,0,0,0,1,0,0,0,0,0
24.349217,0,0,0,0,0,1,0,0,0
24.358396,0,0,0,0,0,0,1,0,0
24.358470,0,0,0,0,0,0,0,1,0
24.359622,0,0,0,0,0,0,0,0,1
24.369699,1,0,0,0,1,0,0,0,0
24.386081,0,1,0,0,0,0,0,0,0
24.393321,0,0,1,0,0,0,0,0,0
24.399950,0,0,0,0,0,1,0,0,0
24.401493,0,0,0,1,0,0,0,0,0
24.403104,0,0,0,0,0,0,0,1,0
24.404809,0,0,0,0,0,0,1,0,0
24.413650,0,0,0,0,0,0,0,0,1
24.416283,1,0,0,0,1,0,0,0,0
24.421870,0,0,0,0,0,0,0,1,0
24.426699,0,1,0,0,0,0,0,0,0
24.443036,0,1,0,0,0,0,0,0,0
24.448478,0,0,0,1,0,0,0,0,0
24.449507,0,0,0,0,0,0,1,0,0
24.452952,0,0,0,0,0,1,0,0,0
24.453292,0,0,1,0,0,0,0,0,0
24.459015,0,0,0,0,0,0,0,0,1
24.462123,1,0,0,0,0,0,0,0,0
24.491995,0,0,0,0,1,0,0,0,0
24.497523,0,0,1,0,0,0,0,0,0
24.499811,0,0,0,1,0,0,0,0,0
24.500081,0,0,0,0,0,1,0,0,0
24.501784,0,0,0,0,0,0,0,0,1
24.512425,0,0,0,0,0,0,1,0,0
24.521366,0,0,0,0,0,0,0,1,0
24.529247,1,0,0,0,0,0,0,0,0
24.535721,0,0,1,0,1,0,0,0,0
24.543449,0,0,0,0,0,0,0,1,0
24.547101,0,1,0,0,0,0,0,0,0
24.549945,0,0,0,0,0,1,0,0,0
24.550725,0,0,0,1,0,0,0,0,0
24.550848,0,0,0,0,0,0,0,0,1
24.555812,0,0,0,0,0,0,1,0,0
24.566527,1,0,0,0,1,0,0,0,0
24.570580,0,1,0,0,0,0,0,0,0
24.584857,0,0,1,0,0,0,0,0,0
24.597801,0,0,0,0,0,1,0,0,0
24.599944,0,0,0,1,0,0,0,0,0
24.600083,0,0,0,0,0,0,0,1,0
24.600426,0,0,0,0,0,0,1,0,0
24.612304,0,0,0,0,0,0,0,0,1
24.612593,1,0,0,0,1,0,0,0,0
24.622029,0,0,0,0,0,0,0,1,0
24.626773,0,1,0,0,0,0,0,0,0
24.647079,0,0,0,0,0,1,0,0,0
24.647299,0,1,0,0,0,0,0,0,0
24.647474,0,0,1,0,0,0,0,0,0
24.651390,0,0,0,1,0,0,0,0,0
24.666109,0,0,0,0,0,0,1,0,0
24.671137,0,0,0,0,0,0,0,0,1
24.680067,1,0,0,0,1,0,0,0,0
24.682450,0,0,0,0,0,0,0,1,0
24.699268,0,0,0,0,0,1,0,0,0
24.700770,0,0,0,1,0,0,0,0,0
24.706103,0,1,0,0,0,0,0,0,0
24.708864,0,0,0,0,0,0,0,0,1
24.711018,0,0,1,0,0,0,0,0,0
24.719238,0,0,0,0,0,0,1,0,0
24.739183,1,0,0,0,0,0,0,0,0
24.747450,0,0,1,0,1,0,0,0,0
24.747708,0,0,0,0,0,1,0,0,0
24.747864,0,0,0,0,0,0,0,0,1
24.749585,0,0,0,1,0,0,0,0,0
24.750662,0,0,0,0,0,0,1,0,0
24.756601,0,0,0,0,0,0,0,1,0
24.766497,1,0,0,0,1,0,0,0,0
24.771322,0,0,0,0,0,0,0,1,0
24.778526,0,1,0,0,0,0,0,0,0
24.785865,0,0,1,0,0,0,0,0,0
24.797066,0,0,0,0,0,1,0,0,0
24.797722,0,1,0,0,0,0,0,0,0
24.798608,0,0,0,0,0,0,0,0,1
24.801261,0,0,0,1,0,0,0,0,0
24.806127,0,0,0,0,0,0,1,0,0
24.821057,1,0,0,0,0,0,0,0,0
24.836687,0,0,1,0,0,0,0,0,0
24.849688,0,0,0,1,0,0,0,0,0
24.850100,0,0,0,0,0,0,1,0,0
24.852537,0,0,0,0,1,0,0,0,0
24.853597,0,0,0,0,0,1,0,0,0
24.857719,0,0,0,0,0,0,0,1,0
24.861039,0,0,0,0,0,0,0,0,1
24.865833,1,0,0,0,0,0,0,0,0
24.886627,0,1,0,0,1,0,0,0,0
24.888474,0,0,0,0,0,0,0,1,0
24.895603,0,0,1,0,0,0,0,0,0
24.900083,0,0,0,1,0,0,0,0,0
24.900137,0,0,0,0,0,1,0,0,0
24.901123,0,0,0,0,0,0,0,0,1
24.911583,0,1,0,0,0,0,0,0,0
24.920830,0,0,0,0,0,0,1,0,0
24.935430,0,0,1,0,0,0,0,0,0
24.937284,1,0,0,0,0,0,0,0,0
24.949113,0,0,0,0,1,1,0,0,0
24.949761,0,0,0,1,0,0,0,0,0
24.953741,0,0,0,0,0,0,1,0,0
24.969978,1,0,0,0,1,0,0,0,0
24.985448,0,0,0,0,0,0,0,1,0
24.991664,0,0,0,0,0,0,0,0,1
24.999321,0,0,0,0,0,1,0,0,0
25.000921,0,0,0,1,0,0,0,0,0
25.003440,0,0,0,0,0,0,0,0,1
25.005586,0,1,0,0,0,0,0,0,0
25.009697,0,0,0,0,0,0,1,0,0
25.020123,1,0,0,0,1,0,0,0,0
25.026450,0,0,0,0,0,0,0,1,0
25.031185,0,0,1,0,0,0,0,0,0
25.031783,0,0,0,0,0,0,0,1,0
25.041292,0,0,1,0,0,0,0,0,0
25.049764,0,0,0,1,0,0,0,0,0
25.051507,0,0,0,0,0,0,1,0,0
25.052829,0,0,0,0,0,1,0,0,0
25.053793,0,1,0,0,0,0,0,0,0
25.059210,0,1,0,0,0,0,0,0,0
25.062661,0,0,0,0,0,0,0,0,1
25.064699,1,0,0,0,1,0,0,0,0
25.066238,0,0,0,0,0,0,0,1,0
25.087875,0,1,0,0,0,0,0,0,0
25.096363,0,0,0,0,0,1,0,0,0
25.097521,0,0,1,0,0,0,0,0,0
25.100074,0,0,0,1,0,0,0,0,0
25.101293,0,0,0,0,0,0,0,0,1
25.114277,0,0,0,0,0,0,1,0,0
25.133388,1,0,0,0,1,0,0,0,0
25.140410,0,0,1,0,0,0,0,0,0
25.147195,0,0,0,0,0,0,0,1,0
25.149747,0,0,0,1,0,0,0,0,0
25.150012,0,0,0,0,0,0,1,0,0
25.150029,0,0,0,0,0,1,0,0,0
25.155372,0,0,0,0,0,0,0,0,1
25.162901,1,0,0,0,0,0,0,0,0
25.170513,0,1,0,0,1,0,0,0,0
25.194979,0,0,1,0,0,0,0,0,0
25.199399,0,0,0,0,0,1,0,0,0
25.199729,0,0,0,1,0,0,0,0,0
25.202700,0,0,0,0,0,0,0,0,1
25.204717,0,0,0,0,0,0,0,1,0
25.231664,0,1,0,0,0,0,0,0,0
25.240485,0,0,1,0,0,0,0,0,0
25.245295,0,0,0,0,0,0,1,0,0
25.250422,0,0,0,1,0,0,0,0,0
25.250701,0,0,0,0,0,0,1,0,0
25.251125,0,0,0,0,0,1,0,0,0
25.253756,0,0,0,0,0,0,0,0,1
25.255789,1,0,0,0,0,0,0,0,0
25.267543,1,0,0,0,1,0,0,0,0
25.287396,0,0,1,0,0,0,0,0,0
25.288485,0,0,0,0,1,0,0,0,0
25.291660,0,0,0,0,0,0,0,1,0
25.299767,0,0,0,0,0,0,0,1,0
25.300065,0,0,0,1,0,0,0,0,0
25.300228,0,0,0,0,0,1,0,0,0
25.308732,0,0,0,0,0,0,0,0,1
25.316068,0,1,0,0,0,0,0,0,0
25.316796,0,0,0,0,0,0,1,0,0
25.324545,0,1,0,0,0,0,0,0,0
25.327900,1,0,0,0,1,0,0,0,0
25.336548,0,0,0,0,0,0,0,1,0
25.345809,0,0,1,0,0,0,0,0,0
25.349196,0,0,0,0,0,1,0,0,0
25.350901,0,0,0,1,0,0,0,0,0
25.354495,0,0,0,0,0,0,1,0,0
25.359114,0,1,0,0,0,0,0,0,0
25.365857,1,0,0,0,1,0,0,0,0
25.376613,0,0,0,0,0,0,0,0,1
25.386381,0,0,0,0,0,0,0,1,0
25.400547,0,0,0,1,0,0,0,0,0
25.400912,0,0,0,0,0,1,0,0,0
25.403293,0,0,0,0,0,0,1,0,0
25.407262,0,1,0,0,0,0,0,0,0
25.409755,0,0,0,0,0,0,0,0,1
25.411892,0,0,1,0,0,0,0,0,0
25.415411,1,0,0,0,1,0,0,0,0
25.416568,0,0,0,0,0,0,0,1,0
25.440301,0,1,0,0,0,0,0,0,0
25.442814,0,0,1,0,0,0,0,0,0
25.447314,0,0,0,0,0,1,0,0,0
25.449295,0,0,0,0,0,0,0,0,1
25.449737,0,0,0,1,0,0,0,0,0
25.453612,0,0,0,0,0,0,1,0,0
25.468779,1,0,0,0,1,0,0,0,0
25.478036,0,0,0,0,0,0,0,1,0
25.487190,0,0,1,0,0,0,0,0,0
25.498917,0,1,0,0,0,0,0,0,0
25.499699,0,0,0,1,0,0,0,0,0
25.499972,0,0,0,0,0,1,0,0,0
25.501305,0,0,0,0,0,0,0,0,1
25.505783,0,0,0,0,0,0,1,0,0
25.519528,1,0,0,0,1,0,0,0,0
25.527885,0,0,0,0,0,0,0,1,0
25.538145,0,0,1,0,0,0,0,0,0
25.546095,0,0,0,0,0,1,0,0,0
25.549938,0,0,0,1,0,0,0,0,0
25.554454,0,1,0,0,0,0,0,0,0
25.554981,0,0,0,0,0,0,0,0,1
25.556179,0,0,0,0,0,0,1,0,0
25.571971,1,0,0,0,0,0,0,0,0
25.594415,0,0,1,0,0,0,0,0,0
25.599559,0,0,0,0,0,1,0,0,0
25.600246,0,0,0,1,0,0,0,0,0
25.600868,0,0,0,0,1,0,0,0,1
25.602044,0,0,0,0,0,0,0,1,0
25.605430,0,0,0,0,0,0,1,0,0
25.622884,1,0,0,0,0,0,0,0,0
25.630555,0,1,0,0,0,0,0,0,0
25.639663,0,0,1,0,1,0,0,0,0
25.646412,0,0,0,0,0,0,0,1,0
25.648401,0,0,0,0,0,1,0,0,0
25.650183,0,0,0,1,0,0,0,0,0
25.650613,0,0,0,0,0,0,1,0,0
25.650624,0,0,0,0,0,0,0,0,1
25.665587,1,0,0,0,0,0,0,0,0
25.672295,0,1,0,0,0,0,0,0,0
25.684447,0,0,1,0,1,0,0,0,0
25.684662,0,0,0,0,0,0,0,1,0
25.700273,0,0,0,0,0,1,0,0,0
25.701031,0,0,0,1,0,0,0,0,0
25.705571,0,1,0,0,0,0,0,0,0
25.711971,0,0,0,0,0,0,0,0,1
25.721333,0,0,0,0,0,0,1,0,0
25.738038,1,0,0,0,0,0,0,0,0
25.747726,0,0,0,0,1,1,0,0,0
25.748629,0,0,0,0,0,0,0,1,0
25.748653,0,0,1,0,0,0,0,0,0
25.751585,0,0,0,1,0,0,0,0,0
25.752446,0,0,0,0,0,0,1,0,0
25.755698,0,0,0,0,0,0,0,0,1
25.770127,1,0,0,0,0,0,0,0,0
25.771051,0,0,0,0,1,0,0,0,0
25.771860,0,1,0,0,0,0,0,0,0
25.785552,0,0,0,0,0,0,0,1,0
25.795526,0,0,1,0,0,0,0,0,0
25.796809,0,0,0,0,0,1,0,0,0
25.799398,0,0,0,1,0,0,0,0,0
25.810244,0,0,0,0,0,0,1,0,0
25.810491,0,1,0,0,0,0,0,0,0
25.810566,0,0,0,0,0,0,0,0,1
25.823285,1,0,0,0,0,0,0,0,0
25.843411,0,0,1,0,0,0,0,0,0
25.848622,0,0,0,1,1,0,0,0,0
25.848798,0,0,0,0,0,1,0,0,0
25.851844,0,0,0,0,0,0,0,0,1
25.852507,0,0,0,0,0,0,0,1,0
25.857004,0,0,0,0,0,0,1,0,0
25.869358,1,0,0,0,0,0,0,0,0
25.877539,0,0,0,0,1,0,0,0,0
25.878644,0,0,0,0,0,0,0,1,0
25.879557,0,1,0,0,0,0,0,0,0
25.887787,0,0,1,0,0,0,0,0,0
25.898830,0,0,0,1,0,0,0,0,0
25.899935,0,0,0,0,0,1,0,0,0
25.906281,0,1,0,0,0,0,0,0,0
25.909869,0,0,0,0,0,0,1,0,0
25.918695,0,0,0,0,0,0,0,0,1
25.924999,1,0,0,0,1,0,0,0,0
25.950721,0,0,0,1,0,0,0,0,0
25.951501,0,0,0,0,0,1,0,0,0
25.953818,0,0,0,0,0,0,1,0,0
25.954821,0,0,1,0,0,0,0,0,0
25.955809,0,0,0,0,0,0,0,0,1
25.968786,1,0,0,0,1,0,0,0,0
25.969132,0,0,0,0,0,0,0,1,0
25.989368,0,0,0,0,0,0,0,1,0
25.991595,0,0,1,0,0,0,0,0,0
25.998126,0,1,0,0,0,0,0,0,0
26.000569,0,0,0,0,0,1,0,0,0
26.000638,0,0,0,1,0,0,0,0,0
26.001527,0,0,0,0,0,0,0,0,1
26.009955,0,0,0,0,0,0,1,0,0
26.012465,0,1,0,0,0,0,0,0,0
26.024758,1,0,0,0,1,0,0,0,0
26.025473,0,0,0,0,0,0,0,1,0
26.036237,0,0,1,0,0,0,0,0,0
26.047485,0,1,0,0,0,0,0,0,0
26.048129,0,0,0,0,0,1,0,0,0
26.049418,0,0,0,1,0,0,0,0,0
26.051164,0,0,0,0,0,0,0,0,1
26.058260,0,0,0,0,0,0,1,0,0
26.073779,1,0,0,0,1,0,0,0,0
26.085482,0,0,1,0,0,0,0,0,0
26.095045,0,0,0,0,0,0,0,1,0
26.098353,0,0,0,0,0,1,0,0,0
26.099979,0,0,0,1,0,0,0,0,0
26.105690,0,0,0,0,0,0,1,0,0
26.113910,0,0,0,0,0,0,0,0,1
26.118987,1,0,0,0,1,0,0,0,0
26.123269,0,1,0,0,0,0,0,0,0
26.127650,0,0,0,0,0,0,0,1,0
26.146173,0,0,0,0,0,1,0,0,0
26.147214,0,0,0,0,0,0,0,0,1
26.148855,0,0,1,0,0,0,0,0,0
26.150121,0,0,0,1,0,0,0,0,0
26.151519,0,1,0,0,0,0,0,0,0
26.166102,0,0,0,0,0,0,1,0,0
26.180851,1,0,0,0,1,0,0,0,0
26.183047,0,0,0,0,0,0,0,1,0
26.185552,0,0,1,0,0,0,0,0,0
26.197798,0,0,0,0,0,1,0,0,0
26.200059,0,0,0,1,0,0,0,0,0
26.203847,0,0,0,0,0,0,0,0,1
26.210653,0,0,0,0,0,0,1,0,0
26.210995,0,1,0,0,0,0,0,0,0
26.222236,1,0,0,0,1,0,0,0,0
26.224313,0,0,0,0,0,0,0,1,0
26.240055,0,0,1,0,0,0,0,0,0
26.244836,0,1,0,0,0,0,0,0,0
26.250732,0,0,0,0,0,1,0,0,0
26.251091,0,0,0,1,0,0,0,0,0
26.252609,0,0,0,0,0,0,1,0,0
26.255675,0,0,0,0,0,0,0,0,1
26.266276,1,0,0,0,1,0,0,0,0
26.274733,0,0,0,0,0,0,0,1,0
26.293503,0,0,1,0,0,0,0,0,0
26.297018,0,1,0,0,0,0,0,0,0
26.300188,0,0,0,1,0,0,0,0,0
26.300825,0,0,0,0,0,1,0,0,0
26.313562,0,0,0,0,0,0,1,0,0
26.324405,0,0,0,0,0,0,0,0,1
26.328013,1,0,0,0,1,0,0,0,0
26.338964,0,0,0,0,0,0,0,1,0
26.350413,0,0,0,1,0,0,0,0,0
26.351512,0,0,0,0,0,1,0,0,0
26.355927,0,0,0,0,0,0,1,0,0
26.359686,0,1,0,0,0,0,0,0,0
26.362051,0,0,1,0,0,0,0,0,0
26.368672,1,0,0,0,0,0,0,0,0
26.369997,0,0,0,0,1,0,0,0,0
26.371935,0,0,0,0,0,0,0,0,1
26.373050,0,0,0,0,0,0,0,1,0
26.397609,0,0,0,0,0,1,0,0,0
26.400030,0,0,0,1,0,0,0,0,0
26.400877,0,1,0,0,0,0,0,0,0
26.403565,0,0,0,0,0,0,1,0,0
26.405935,0,0,0,0,0,0,0,0,1
26.406043,0,0,1,0,0,0,0,0,0
26.415941,1,0,0,0,0,0,0,0,0
26.441738,0,0,0,0,1,0,0,0,0
26.441859,0,0,0,0,0,0,0,1,0
26.442967,0,0,1,0,0,0,0,0,0
26.448339,0,0,0,0,0,1,0,0,0
26.449960,0,0,0,1,0,0,0,0,0
26.454419,0,0,0,0,0,0,0,0,1
26.458133,0,0,0,0,0,0,1,0,0
26.462416,0,1,0,0,0,0,0,0,0
26.473786,1,0,0,0,0,0,0,0,0
26.494253,0,0,1,0,1,0,0,0,0
26.495697,0,0,0,0,0,0,0,1,0
26.499187,0,0,0,1,0,0,0,0,0
26.503306,0,0,0,0,0,1,0,0,0
26.515058,0,0,0,0,0,0,0,0,1
26.523088,0,1,0,0,0,0,0,0,0
26.527189,0,0,0,0,0,0,1,0,0
26.544434,1,0,0,0,0,0,0,0,0
26.548291,0,0,0,1,0,0,0,0,0
26.550036,0,0,0,0,1,0,0,0,0
26.552802,0,0,0,0,0,1,0,0,0
26.553073,0,0,0,0,0,0,0,0,1
26.554537,0,0,1,0,0,0,0,0,0
26.569574,0,0,0,0,0,0,0,1,0
26.572880,0,0,0,0,0,0,1,0,0
26.586862,1,0,0,0,1,0,0,0,0
26.589632,0,1,0,0,0,0,0,0,0
26.590966,0,0,1,0,0,0,0,0,0
26.598111,0,0,0,0,0,1,0,0,0
26.601292,0,0,0,1,0,0,0,0,0
26.609143,0,0,0,0,0,0,0,0,1
26.609511,0,0,0,0,0,0,0,1,0
26.613364,0,0,0,0,0,0,1,0,0
26.629136,1,0,0,0,0,0,0,0,0
26.639285,0,1,0,0,1,0,0,0,0
26.644617,0,0,1,0,0,0,0,0,0
26.650096,0,0,0,1,0,0,0,0,0
26.652722,0,0,0,0,0,0,1,0,0
26.653147,0,0,0,0,0,1,0,0,0
26.657111,0,0,0,0,0,0,0,1,0
26.657747,0,0,0,0,0,0,0,0,1
26.665865,1,0,0,0,1,0,0,0,0
26.679190,0,1,0,0,0,0,0,0,0
26.683654,0,0,0,0,0,0,0,1,0
26.692326,0,0,1,0,0,0,0,0,0
26.696962,0,0,0,0,0,1,0,0,0
26.697510,0,0,0,0,0,0,0,0,1
26.699644,0,0,0,1,0,0,0,0,0
26.707152,0,0,0,0,0,0,1,0,0
26.708070,0,1,0,0,0,0,0,0,0
26.723730,1,0,0,0,1,0,0,0,0
26.724275,0,0,0,0,0,0,0,1,0
26.734635,0,0,1,0,0,0,0,0,0
26.747589,0,0,0,0,0,1,0,0,0
26.747648,0,0,0,0,0,0,0,0,1
26.748967,0,0,0,1,0,0,0,0,0
26.749154,0,1,0,0,0,0,0,0,0
26.780024,0,0,0,0,0,0,1,0,0
26.785550,0,0,1,0,0,0,0,0,0
26.794386,1,0,0,0,0,0,0,0,0
26.797202,0,0,0,0,1,0,0,0,0
26.798939,0,0,0,0,0,0,0,1,0
26.799414,0,0,0,1,0,0,0,0,0
26.802939,0,0,0,0,0,1,0,0,0
26.803839,0,0,0,0,0,0,0,0,1
26.822379,0,0,0,0,0,0,1,0,0
26.827430,0,1,0,0,0,0,0,0,0
26.835505,1,0,0,0,0,0,0,0,0
26.840560,0,0,1,0,0,0,0,0,0
26.847871,0,0,0,0,0,1,0,0,0
26.848441,0,0,0,0,1,0,0,0,0
26.849420,0,0,0,1,0,0,0,0,0
26.853153,0,0,0,0,0,0,0,1,0
26.856682,0,0,0,0,0,0,0,0,1
26.863934,0,0,0,0,0,0,1,0,0
26.874275,1,0,0,0,1,0,0,0,0
26.880663,0,1,0,0,0,0,0,0,0
26.891941,0,0,1,0,0,0,0,0,0
26.896091,0,0,0,0,0,1,0,0,0
26.898895,0,0,0,0,0,0,0,0,1
26.899767,0,0,0,1,0,0,0,0,0
26.901382,0,0,0,0,0,0,1,0,0
26.904880,0,0,0,0,0,0,0,1,0
26.917575,1,0,0,0,1,0,0,0,0
26.929756,0,1,0,0,0,0,0,0,0
26.932810,0,0,1,0,0,0,0,0,0
26.944946,0,0,0,0,0,0,0,1,0
26.948960,0,0,0,0,0,1,0,0,0
26.948995,0,0,0,1,0,0,0,0,0
26.966023,0,1,0,0,0,0,0,0,0
26.973476,0,0,0,0,0,0,0,0,1
26.981952,0,0,0,0,0,0,1,0,0
26.994068,1,0,0,0,1,0,0,0,0
26.998265,0,0,0,0,0,1,0,0,0
26.999999,0,0,0,1,0,0,0,0,0
27.002666,0,0,0,0,0,0,0,0,1
27.009801,0,0,1,0,0,0,0,0,0
27.012640,0,0,0,0,0,0,1,0,0
27.025006,1,0,0,0,0,0,0,0,0
27.036171,0,0,0,0,1,0,0,1,0
27.037850,0,0,1,0,0,0,0,0,0
27.038656,0,0,0,0,0,0,0,1,0
27.048865,0,0,0,1,0,0,0,0,0
27.051766,0,0,0,0,0,1,0,0,0
27.054269,0,0,0,0,0,0,0,0,1
27.058913,0,0,0,0,0,0,1,0,0
27.059919,0,1,0,0,0,0,0,0,0
27.060423,0,1,0,0,0,0,0,0,0
27.071259,1,0,0,0,1,0,0,0,0
27.078976,0,0,0,0,0,0,0,1,0
27.090150,0,0,1,0,0,0,0,0,0
27.097004,0,0,0,0,0,1,0,0,0
27.100209,0,0,0,1,0,0,0,0,0
27.104009,0,0,0,0,0,0,1,0,0
27.107378,0,1,0,0,0,0,0,0,0
27.116794,0,0,0,0,0,0,0,0,1
27.121368,1,0,0,0,0,0,0,0,0
27.140674,0,0,0,0,1,0,0,0,0
27.147355,0,0,0,0,0,0,0,1,0
27.148097,0,0,0,0,0,1,0,0,0
27.150305,0,0,0,1,0,0,0,0,0
27.153417,0,0,1,0,0,0,0,0,0
27.157228,0,0,0,0,0,0,0,0,1
27.177009,0,1,0,0,0,0,0,0,0
27.178824,0,0,0,0,0,0,1,0,0
27.189545,1,0,0,0,0,0,0,0,0
27.189818,0,0,0,0,1,0,0,0,0
27.190090,0,0,1,0,0,0,0,0,0
27.191809,0,0,0,0,0,0,0,1,0
27.198990,0,0,0,1,0,0,0,0,0
27.199083,0,0,0,0,0,1,0,0,0
27.201832,0,0,0,0,0,0,1,0,0
27.211683,0,0,0,0,0,0,0,0,1
27.212814,0,1,0,0,0,0,0,0,0
27.216723,1,0,0,0,0,0,0,0,0
27.246918,0,0,1,0,0,0,0,0,0
27.249935,0,0,0,1,0,0,0,0,0
27.251680,0,0,0,0,0,0,1,0,0
27.251792,0,0,0,0,1,1,0,0,0
27.253445,0,0,0,0,0,0,0,0,1
27.258129,0,0,0,0,0,0,0,1,0
27.263719,1,0,0,0,1,0,0,0,0
27.266433,0,0,0,0,0,0,0,1,0
27.282938,0,1,0,0,0,0,0,0,0
27.287826,0,0,1,0,0,0,0,0,0
27.292877,0,1,0,0,0,0,0,0,0
27.298954,0,0,0,1,0,0,0,0,0
27.300336,0,0,0,0,0,1,0,0,0
27.304990,0,0,0,0,0,0,1,0,0
27.315975,1,0,0,0,1,0,0,0,0
27.318860,0,0,0,0,0,0,0,1,0
27.321091,0,0,0,0,0,0,0,0,1
27.347082,0,1,0,0,0,0,0,0,0
27.348126,0,0,0,0,0,1,0,0,0
27.348314,0,0,0,0,0,0,0,0,1
27.348829,0,0,0,1,0,0,0,0,0
27.353171,0,0,0,0,0,0,1,0,0
27.356508,0,0,1,0,0,0,0,0,0
27.367905,1,0,0,0,0,0,0,0,0
27.381583,0,0,1,0,0,0,0,0,0
27.398262,0,0,0,0,1,1,0,0,0
27.399956,0,0,0,1,0,0,0,0,0
27.402130,0,0,0,0,0,0,0,0,1
27.406674,0,0,0,0,0,0,0,1,0
27.411488,0,0,0,0,0,0,1,0,0
27.425350,1,0,0,0,1,0,0,0,0
27.433083,0,1,0,0,0,0,0,0,0
27.433530,0,0,0,0,0,0,0,1,0
27.435137,0,0,1,0,0,0,0,0,0
27.449532,0,0,0,1,0,0,0,0,0
27.450689,0,0,0,0,0,1,0,0,0
27.455527,0,0,0,0,0,0,1,0,0
27.458688,0,1,0,0,0,0,0,0,0
27.471730,1,0,0,0,1,0,0,0,0
27.472720,0,0,0,0,0,0,0,0,1
27.474956,0,0,0,0,0,0,0,1,0
27.495899,0,1,0,0,0,0,0,0,0
27.498378,0,0,0,0,0,1,0,0,0
27.500524,0,0,0,1,0,0,0,0,0
27.500895,0,0,0,0,0,0,0,0,1
27.505777,0,0,1,0,0,0,0,0,0
27.533114,0,0,1,0,0,0,0,0,0
27.539639,0,0,0,0,0,0,1,0,0
27.549774,0,0,0,1,0,0,0,0,0
27.552407,1,0,0,0,0,0,0,0,0
27.552892,0,0,0,0,0,1,0,0,0
27.554451,0,0,0,0,1,0,0,0,1
27.555066,0,0,0,0,0,0,1,0,0
27.562661,0,0,0,0,0,0,0,1,0
27.573746,1,0,0,0,1,0,0,0,0
27.585839,0,1,0,0,0,0,0,0,0
27.590302,0,0,0,0,0,0,0,1,0
27.591206,0,0,1,0,0,0,0,0,0
27.599657,0,0,0,1,0,0,0,0,0
27.599681,0,0,0,0,0,1,0,0,0
27.607472,0,0,0,0,0,0,1,0,0
27.614564,0,1,0,0,0,0,0,0,0
27.615746,0,0,0,0,0,0,0,0,1
27.621802,1,0,0,0,1,0,0,0,0
27.636377,0,0,0,0,0,0,0,1,0
27.646758,0,0,0,0,0,1,0,0,0
27.649098,0,0,0,1,0,0,0,0,0
27.649598,0,0,0,0,0,0,0,0,1
27.652801,0,0,0,0,0,0,1,0,0
27.655627,0,0,1,0,0,0,0,0,0
27.665375,0,1,0,0,0,0,0,0,0
27.666444,1,0,0,0,1,0,0,0,0
27.670802,0,0,0,0,0,0,0,1,0
27.688263,0,0,1,0,0,0,0,0,0
27.692294,0,1,0,0,0,0,0,0,0
27.699766,0,0,0,1,0,0,0,0,0
27.699964,0,0,0,0,0,0,1,0,0
27.701646,0,0,0,0,0,1,0,0,0
27.711688,1,0,0,0,0,0,0,0,0
27.720211,0,0,0,0,1,0,0,0,1
27.739745,0,0,0,0,0,0,0,1,0
27.748286,0,0,0,0,0,1,0,0,0
27.750471,0,0,0,0,0,0,0,0,1
27.751286,0,0,0,1,0,0,0,0,0
27.752786,0,0,1,0,0,0,0,0,0
27.764418,0,0,0,0,0,0,1,0,0
27.769719,0,1,0,0,0,0,0,0,0
27.778422,1,0,0,0,1,0,0,0,0
27.784437,0,0,0,0,0,0,0,1,0
27.790100,0,0,1,0,0,0,0,0,0
27.800938,0,0,0,1,0,0,0,0,0
27.802159,0,0,0,0,0,1,0,0,0
27.802708,0,0,0,0,0,0,1,0,0
27.809430,0,0,0,0,0,0,0,0,1
27.810585,0,1,0,0,0,0,0,0,0
27.820591,1,0,0,0,0,0,0,0,0
27.845883,0,0,1,0,1,0,0,0,0
27.850989,0,0,0,1,0,0,0,0,0
27.851153,0,0,0,0,0,1,0,0,0
27.856198,0,0,0,0,0,0,0,1,0
27.860065,0,0,0,0,0,0,0,0,1
27.860718,0,0,0,0,0,0,1,0,0
27.877832,1,0,0,0,0,0,0,0,0
27.878891,0,0,0,0,1,0,0,0,0
27.883483,0,1,0,0,0,0,0,0,0
27.886759,0,0,0,0,0,0,0,1,0
27.896322,0,0,0,0,0,1,0,0,0
27.896352,0,0,1,0,0,0,0,0,0
27.899821,0,0,0,1,0,0,0,0,0
27.899953,0,0,0,0,0,0,0,0,1
27.914059,0,1,0,0,0,0,0,0,0
27.919359,0,0,0,0,0,0,1,0,0
27.933057,1,0,0,0,0,0,0,0,0
27.939471,0,0,1,0,1,0,0,0,0
27.950463,0,0,0,1,0,0,0,0,0
27.951782,0,0,0,0,0,1,0,0,0
27.956052,0,0,0,0,0,0,1,0,0
27.959097,0,0,0,0,0,0,0,1,0
27.974125,1,0,0,0,1,0,0,0,0
27.981432,0,1,0,0,0,0,0,0,0
27.994665,0,0,0,0,0,0,0,1,0
27.996229,0,0,0,0,0,0,0,0,1
28.001032,0,0,0,1,0,0,0,0,0
28.002818,0,0,0,0,0,1,0,0,0
28.004884,0,0,0,0,0,0,1,0,0
28.006479,0,0,0,0,0,0,0,0,1
28.016334,1,0,0,0,0,0,0,0,0
28.018019,0,0,0,0,1,0,0,0,0
28.019343,0,1,0,0,0,0,0,0,0
28.021074,0,0,0,0,0,0,0,1,0
28.034529,0,0,1,0,0,0,0,0,0
28.042217,0,0,1,0,0,0,0,0,0
28.043284,0,1,0,0,0,0,0,0,0
28.047668,0,0,0,0,0,1,0,0,0
28.050046,0,0,0,0,0,0,0,0,1
28.050869,0,0,0,1,0,0,0,0,0
28.059867,0,0,0,0,0,0,1,0,0
28.071709,1,0,0,0,0,0,0,0,0
28.090008,0,0,1,0,0,0,0,0,0
28.099757,0,0,0,1,0,0,0,0,0
28.101159,0,0,0,0,1,0,0,0,0
28.102353,0,0,0,0,0,1,0,0,0
28.103983,0,0,0,0,0,0,1,0,0
28.109876,0,0,0,0,0,0,0,1,0
28.113872,0,0,0,0,0,0,0,0,1
28.118007,1,0,0,0,1,0,0,0,0
28.128343,0,0,0,0,0,0,0,1,0
28.130671,0,1,0,0,0,0,0,0,0
28.147751,0,0,1,0,0,0,0,0,0
28.149184,0,0,0,1,0,0,0,0,0
28.149701,0,0,0,0,0,1,0,0,0
28.150416,0,1,0,0,0,0,0,0,0
28.152200,0,0,0,0,0,0,0,0,1
28.154010,0,0,0,0,0,0,1,0,0
28.167343,1,0,0,0,1,0,0,0,0
28.172215,0,0,0,0,0,0,0,1,0
28.188437,0,0,1,0,0,0,0,0,0
28.193718,0,1,0,0,0,0,0,0,0
28.199762,0,0,0,0,0,1,0,0,0
28.200187,0,0,0,1,0,0,0,0,0
28.200517,0,0,0,0,0,0,1,0,0
28.210280,0,0,0,0,0,0,0,0,1
28.218657,1,0,0,0,0,0,0,0,0
28.220928,0,0,0,0,1,0,0,0,0
28.233025,0,0,0,0,0,0,0,1,0
28.247502,0,0,1,0,0,0,0,0,0
28.248857,0,0,0,1,0,0,0,0,0
28.249895,0,0,0,0,0,1,0,0,0
28.257239,0,0,0,0,0,0,0,0,1
28.259001,0,1,0,0,0,0,0,0,0
28.275522,0,0,0,0,0,0,1,0,0
28.292542,1,0,0,0,1,0,0,0,0
28.295051,0,0,1,0,0,0,0,0,0
28.301431,0,0,0,1,0,0,0,0,0
28.301738,0,0,0,0,0,1,0,0,0
28.303656,0,0,0,0,0,0,1,0,0
28.303677,0,0,0,0,0,0,0,1,0
28.313503,0,0,0,0,0,0,0,0,1
28.315915,1,0,0,0,0,0,0,0,0
28.329719,0,0,0,0,1,0,0,0,0
28.330230,0,0,0,0,0,0,0,1,0
28.331421,0,1,0,0,0,0,0,0,0
28.347491,0,0,0,0,0,1,0,0,0
28.349260,0,0,0,1,0,0,0,0,0
28.349714,0,0,1,0,0,0,0,0,0
28.356232,0,1,0,0,0,0,0,0,0
28.367327,0,0,0,0,0,0,0,0,1
28.369943,0,0,0,0,0,0,1,0,0
28.386004,1,0,0,0,1,0,0,0,0
28.386992,0,0,0,0,0,0,0,1,0
28.399740,0,0,0,1,0,0,0,0,0
28.402018,0,0,0,0,0,1,0,0,0
28.406556,0,0,1,0,0,0,0,0,0
28.409280,0,0,0,0,0,0,0,0,1
28.414252,0,1,0,0,0,0,0,0,0
28.429709,0,0,0,0,0,0,1,0,0
28.441208,1,0,0,0,1,0,0,0,0
28.442836,0,0,1,0,0,0,0,0,0
28.447668,0,0,0,0,0,1,0,0,0
28.448297,0,0,0,0,0,0,0,1,0
28.450902,0,0,0,1,0,0,0,0,0
28.453021,0,0,0,0,0,0,1,0,0
28.462417,0,0,0,0,0,0,0,0,1
28.470215,1,0,0,0,1,0,0,0,0
28.475527,0,1,0,0,0,0,0,0,0
28.475558,0,0,0,0,0,0,0,1,0
28.498321,0,0,0,0,0,1,0,0,0
28.498791,0,0,1,0,0,0,0,0,0
28.498969,0,0,0,0,0,0,0,0,1
28.499364,0,0,0,1,0,0,0,0,0
28.500303,0,1,0,0,0,0,0,0,0
28.516743,0,0,0,0,0,0,1,0,0
28.532544,0,0,1,0,0,0,0,0,0
28.532897,1,0,0,0,1,0,0,0,0
28.539470,0,0,0,0,0,0,0,1,0
28.549888,0,0,0,0,0,1,0,0,0
28.550871,0,0,0,1,0,0,0,0,0
28.551100,0,0,0,0,0,0,1,0,0
28.555340,0,0,0,0,0,0,0,0,1
28.564807,0,1,0,0,0,0,0,0,0
28.566257,1,0,0,0,1,0,0,0,0
28.569534,0,0,0,0,0,0,0,1,0
28.590880,0,0,1,0,0,0,0,0,0
28.592515,0,1,0,0,0,0,0,0,0
28.600129,0,0,0,1,0,0,0,0,0
28.602661,0,0,0,0,0,0,1,0,0
28.603473,0,0,0,0,0,1,0,0,0
28.605008,0,0,0,0,0,0,0,0,1
28.613969,1,0,0,0,0,0,0,0,0
28.644367,0,0,1,0,1,0,0,0,0
28.648992,0,0,0,1,0,0,0,0,0
28.650204,0,0,0,0,0,1,0,0,0
28.650520,0,0,0,0,0,0,0,0,1
28.653282,0,0,0,0,0,0,1,0,0
28.656426,0,0,0,0,0,0,0,1,0
28.669847,1,0,0,0,1,0,0,0,0
28.674794,0,0,0,0,0,0,0,1,0
28.679264,0,1,0,0,0,0,0,0,0
28.686202,0,0,1,0,0,0,0,0,0
28.695312,0,1,0,0,0,0,0,0,0
28.698886,0,0,0,1,0,0,0,0,0
28.703927,0,0,0,0,0,1,0,0,0
28.724693,0,0,0,0,0,0,1,0,0
28.728066,0,0,0,0,0,0,0,0,1
28.740259,1,0,0,0,1,0,0,0,0
28.743894,0,0,0,0,0,0,0,1,0
28.746734,0,0,0,0,0,1,0,0,0
28.750520,0,0,0,1,0,0,0,0,0
28.751905,0,0,0,0,0,0,0,0,1
28.754465,0,0,0,0,0,0,1,0,0
28.764394,0,0,1,0,0,0,0,0,0
28.772191,0,1,0,0,0,0,0,0,0
28.774123,1,0,0,0,1,0,0,0,0
28.775178,0,0,0,0,0,0,0,1,0
28.786578,0,0,1,0,0,0,0,0,0
28.798887,0,0,0,1,0,0,0,0,0
28.801003,0,0,0,0,0,1,0,0,0
28.804371,0,1,0,0,0,0,0,0,0
28.805904,0,0,0,0,0,0,1,0,0
28.814520,0,0,0,0,0,0,0,0,1
28.818276,1,0,0,0,1,0,0,0,0
28.820375,0,0,0,0,0,0,0,1,0
28.842051,0,1,0,0,0,0,0,0,0
28.848908,0,0,1,0,0,0,0,0,0
28.850306,0,0,0,1,0,0,0,0,0
28.850558,0,0,0,0,0,0,1,0,0
28.851941,0,0,0,0,0,1,0,0,0
28.853674,0,0,0,0,0,0,0,0,1
28.865634,1,0,0,0,1,0,0,0,0
28.880433,0,0,0,0,0,0,0,1,0
28.892357,0,0,1,0,0,0,0,0,0
28.898268,0,0,0,0,0,1,0,0,0
28.900404,0,0,0,1,0,0,0,0,0
28.904677,0,1,0,0,0,0,0,0,0
28.906535,0,0,0,0,0,0,0,0,1
28.908990,0,0,0,0,0,0,1,0,0
28.927258,1,0,0,0,1,0,0,0,0
28.936200,0,0,0,0,0,0,0,1,0
28.944655,0,0,1,0,0,0,0,0,0
28.949545,0,0,0,1,0,0,0,0,0
28.952434,0,0,0,0,0,1,0,0,0
28.952463,0,0,0,0,0,0,0,0,1
28.956332,0,0,0,0,0,0,1,0,0
28.963617,0,1,0,0,0,0,0,0,0
28.968814,1,0,0,0,1,0,0,0,0
28.988921,0,0,1,0,0,0,0,0,0
28.992145,0,0,0,0,0,0,0,1,0
28.998540,0,0,0,0,0,1,0,0,0
29.000646,0,0,0,1,0,0,0,0,0
29.012916,0,0,0,0,0,0,0,0,1
29.015615,0,1,0,0,0,0,0,0,0
29.026121,0,0,0,0,0,0,1,0,0
29.040640,1,0,0,0,0,0,0,0,0
29.044206,0,0,1,0,1,0,0,0,0
29.044226,0,0,0,0,0,0,0,1,0
29.050089,0,0,0,1,0,0,0,0,0
29.052213,0,0,0,0,0,0,1,0,0
29.052647,0,0,0,0,0,1,0,0,0
29.060797,0,0,0,0,0,0,0,0,1
29.063233,1,0,0,0,0,0,0,0,0
29.064964,0,0,0,0,1,0,0,0,0
29.069091,0,0,0,0,0,0,0,1,0
29.069140,0,1,0,0,0,0,0,0,0
29.092357,0,1,0,0,0,0,0,0,0
29.094253,0,0,1,0,0,0,0,0,0
29.100095,0,0,0,1,0,0,0,0,0
29.102042,0,0,0,0,0,1,0,0,0
29.105694,0,0,0,0,0,0,1,0,0
29.117933,1,0,0,0,0,0,0,0,0
29.120374,0,0,0,0,1,0,0,0,1
29.148057,0,0,0,0,0,1,0,0,0
29.151686,0,0,0,1,0,0,0,0,0
29.152814,0,0,0,0,0,0,1,0,0
29.160105,0,0,1,0,0,0,0,0,0
29.166013,0,0,0,0,0,0,0,1,0
29.167859,1,0,0,0,1,0,0,0,0
29.171586,0,0,0,0,0,0,0,0,1
29.175667,0,0,0,0,0,0,0,1,0
29.188520,0,1,0,0,0,0,0,0,0
29.199290,0,0,0,1,0,0,0,0,0
29.200469,0,0,0,0,0,1,0,0,0
29.201121,0,1,0,0,0,0,0,0,0
29.202503,0,0,0,0,0,0,1,0,0
29.206747,0,0,1,0,0,0,0,0,0
29.219069,0,0,0,0,0,0,0,0,1
29.222419,1,0,0,0,1,0,0,0,0
29.226264,0,0,0,0,0,0,0,1,0
29.248988,0,0,0,1,0,0,0,0,0
29.250586,0,1,0,0,0,0,0,0,0
29.251012,0,0,0,0,0,1,0,0,0
29.252414,0,0,0,0,0,0,1,0,0
29.252941,0,0,0,0,0,0,0,0,1
29.256436,0,0,1,0,0,0,0,0,0
29.270553,1,0,0,0,0,0,0,0,0
29.286120,0,0,1,0,1,0,0,0,0
29.299729,0,0,0,0,0,1,0,0,0
29.300167,0,0,0,1,0,0,0,0,0
29.302776,0,0,0,0,0,0,1,0,0
29.314676,1,0,0,0,0,0,0,0,0
29.317437,0,0,0,0,1,0,0,0,0
29.320423,0,0,0,0,0,0,0,1,0
29.324325,0,0,0,0,0,0,0,1,0
29.330430,0,0,0,0,0,0,0,0,1
29.340465,0,1,0,0,0,0,0,0,0
29.347477,0,1,0,0,0,0,0,0,0
29.351457,0,0,0,1,0,0,0,0,0
29.352111,0,0,0,0,0,1,0,0,0
29.357887,0,0,0,0,0,0,1,0,0
29.362687,0,0,1,0,0,0,0,0,0
29.371170,1,0,0,0,1,0,0,0,0
29.372703,0,0,0,0,0,0,0,1,0
29.379260,0,0,0,0,0,0,0,0,1
29.395213,0,1,0,0,0,0,0,0,0
29.399930,0,0,0,1,0,0,0,0,0
29.400385,0,0,0,0,0,1,0,0,0
29.409770,0,0,0,0,0,0,1,0,0
29.416323,0,0,0,0,0,0,0,0,1
29.419135,0,0,1,0,0,0,0,0,0
29.423942,1,0,0,0,0,0,0,0,0
29.431492,0,0,0,0,1,0,0,0,0
29.439006,0,0,0,0,0,0,0,1,0
29.447337,0,0,0,0,0,1,0,0,0
29.447483,0,0,1,0,0,0,0,0,0
29.450955,0,0,0,1,0,0,0,0,0
29.465465,0,0,0,0,0,0,0,0,1
29.467323,0,1,0,0,0,0,0,0,0
29.473084,0,0,0,0,0,0,1,0,0
29.487977,1,0,0,0,0,0,0,0,0
29.498819,0,0,1,0,1,0,0,0,0
29.499307,0,0,0,1,0,0,0,0,0
29.502179,0,0,0,0,0,1,0,0,0
29.502335,0,0,0,0,0,0,0,1,0
29.507273,0,0,0,0,0,0,0,0,1
29.515150,0,0,0,0,0,0,1,0,0
29.525693,0,1,0,0,0,0,0,0,0
29.533967,1,0,0,0,1,0,0,0,0
29.537744,0,0,0,0,0,0,0,1,0
29.537817,0,0,1,0,0,0,0,0,0
29.550668,0,0,0,1,0,0,0,0,0
29.552475,0,0,0,0,0,1,0,0,0
29.553462,0,0,0,0,0,0,1,0,0
29.563514,0,1,0,0,0,0,0,0,0
29.567544,1,0,0,0,0,0,0,0,0
29.573692,0,0,0,0,0,0,0,0,1
29.600506,0,0,0,1,1,0,0,0,0
29.603127,0,0,0,0,0,1,0,0,0
29.607185,0,0,0,0,0,0,0,0,1
29.609401,0,0,1,0,0,0,0,0,0
29.618085,0,0,0,0,0,0,0,1,0
29.619564,0,0,0,0,0,0,1,0,0
29.634168,1,0,0,0,1,0,0,0,0
29.639591,0,1,0,0,0,0,0,0,0
29.642335,0,0,1,0,0,0,0,0,0
29.650668,0,0,0,1,0,0,0,0,0
29.653180,0,0,0,0,0,1,0,0,0
29.656416,0,0,0,0,0,0,0,1,0
29.656896,0,0,0,0,0,0,1,0,0
29.660281,0,0,0,0,0,0,0,0,1
29.669943,1,0,0,0,1,0,0,0,0
29.681893,0,0,0,0,0,0,0,1,0
29.683720,0,1,0,0,0,0,0,0,0
29.694568,0,0,1,0,0,0,0,0,0
29.698932,0,0,0,1,0,0,0,0,0
29.701181,0,0,0,0,0,0,1,0,0
29.702091,0,0,0,0,0,1,0,0,0
29.706700,0,1,0,0,0,0,0,0,0
29.711186,1,0,0,0,1,0,0,0,0
29.716907,0,0,0,0,0,0,0,0,1
29.725209,0,0,0,0,0,0,0,1,0
29.746707,0,0,0,0,0,1,0,0,0
29.748807,0,0,0,0,0,0,0,0,1
29.749700,0,0,0,1,0,0,0,0,0
29.750947,0,1,0,0,0,0,0,0,0
29.752572,0,0,0,0,0,0,1,0,0
29.755614,0,0,1,0,0,0,0,0,0
29.767980,1,0,0,0,0,0,0,0,0
29.781254,0,0,1,0,0,0,0,0,0
29.797026,0,0,0,0,1,1,0,0,0
29.801070,0,0,0,1,0,0,0,0,0
29.801204,0,0,0,0,0,0,1,0,0
29.803390,0,0,0,0,0,0,0,0,1
29.807493,0,0,0,0,0,0,0,1,0
29.819592,1,0,0,0,0,0,0,0,0
29.834054,0,1,0,0,1,0,0,0,0
29.838500,0,0,1,0,0,0,0,0,0
29.840403,0,0,0,0,0,0,0,1,0
29.848378,0,0,0,1,0,0,0,0,0
29.850668,0,0,0,0,0,1,0,0,0
29.864419,0,1,0,0,0,0,0,0,0
29.865070,0,0,0,0,0,0,0,0,1
29.868185,0,0,0,0,0,0,1,0,0
29.879411,1,0,0,0,1,0,0,0,0
29.883603,0,0,0,0,0,0,0,1,0
29.899387,0,0,0,0,0,1,0,0,0
29.900592,0,0,0,1,0,0,0,0,0
29.904958,0,0,1,0,0,0,0,0,0
29.908071,0,1,0,0,0,0,0,0,0
29.911898,0,0,0,0,0,0,1,0,0
29.916996,0,0,0,0,0,0,0,0,1
29.926156,1,0,0,0,1,0,0,0,0
29.927462,0,0,0,0,0,0,0,1,0
29.950011,0,0,0,1,0,0,0,0,0
29.951290,0,0,1,0,0,0,0,0,0
29.952359,0,0,0,0,0,1,0,0,0
29.955432,0,1,0,0,0,0,0,0,0
29.956852,0,0,0,0,0,0,0,0,1
29.958819,0,0,0,0,0,0,1,0,0
29.971528,1,0,0,0,0,0,0,0,0
29.989219,0,0,1,0,1,0,0,0,0
29.998483,0,0,0,0,0,1,0,0,0
29.999676,0,0,0,1,0,0,0,0,0
30.000360,0,0,0,0,0,0,1,0,0
30.009414,0,0,0,0,0,0,0,1,0
30.011279,0,0,0,0,0,0,0,0,1
30.012013,1,0,0,0,0,0,0,0,0
30.030043,0,1,0,0,0,0,0,0,0
30.046131,0,0,0,0,0,1,0,0,0
30.048147,0,0,1,0,0,0,0,0,0
30.049230,0,0,0,1,0,0,0,0,0
30.058021,0,0,0,0,1,0,1,0,0
30.065415,0,0,0,0,0,0,0,1,0
30.071908,1,0,0,0,0,0,0,0,0
30.073997,0,0,0,0,1,0,0,0,0
30.075805,0,0,0,0,0,0,0,1,0
30.076261,0,0,0,0,0,0,0,0,1
30.088539,0,1,0,0,0,0,0,0,0
30.098900,0,1,0,0,0,0,0,0,0
30.099403,0,0,0,1,0,0,0,0,0
30.101053,0,0,0,0,0,1,0,0,0
30.105495,0,0,0,0,0,0,1,0,0
30.110870,0,0,1,0,0,0,0,0,0
30.112823,0,0,0,0,0,0,0,0,1
30.120368,1,0,0,0,1,0,0,0,0
30.129069,0,0,0,0,0,0,0,1,0
30.146614,0,0,1,0,0,0,0,0,0
30.149650,0,0,0,1,0,0,0,0,0
30.151878,0,0,0,0,0,1,0,0,0
30.156027,0,1,0,0,0,0,0,0,0
30.157456,0,0,0,0,0,0,0,0,1
30.168498,0,0,0,0,0,0,1,0,0
30.181940,1,0,0,0,1,0,0,0,0
30.184595,0,0,0,0,0,0,0,1,0
30.197122,0,0,1,0,0,0,0,0,0
30.197594,0,0,0,0,0,1,0,0,0
30.198876,0,0,0,1,0,0,0,0,0
30.206661,0,0,0,0,0,0,1,0,0
30.210959,0,1,0,0,0,0,0,0,0
30.217609,0,0,0,0,0,0,0,0,1
30.218450,1,0,0,0,0,0,0,0,0
30.248109,0,0,0,0,1,1,0,0,0
30.250539,0,0,0,1,0,0,0,0,0
30.254117,0,0,1,0,0,0,0,0,0
30.257193,0,0,0,0,0,0,1,0,0
30.261929,0,0,0,0,0,0,0,0,1
30.268501,0,0,0,0,0,0,0,1,0
30.275155,1,0,0,0,1,0,0,0,0
30.283056,0,0,0,0,0,0,0,1,0
30.290971,0,1,0,0,0,0,0,0,0
30.295911,0,0,1,0,0,0,0,0,0
30.300502,0,0,0,1,0,0,0,0,0
30.302563,0,0,0,0,0,1,0,0,0
30.309559,0,1,0,0,0,0,0,0,0
30.311894,0,0,0,0,0,0,0,0,1
30.322196,0,0,0,0,0,0,1,0,0
30.340993,1,0,0,0,1,0,0,0,0
30.343693,0,0,0,0,0,0,0,1,0
30.344395,0,0,1,0,0,0,0,0,0
30.351557,0,0,0,1,0,0,0,0,0
30.352594,0,0,0,0,0,0,1,0,0
30.353949,0,0,0,0,0,1,0,0,0
30.361182,0,0,0,0,0,0,0,0,1
30.364968,0,1,0,0,0,0,0,0,0
30.370486,1,0,0,0,0,0,0,0,0
30.398428,0,0,1,0,0,0,0,0,0
30.400906,0,0,0,1,1,0,0,0,0
30.403591,0,0,0,0,0,1,0,0,0
30.410937,0,0,0,0,0,0,1,0,0
30.415501,0,0,0,0,0,0,0,0,1
30.430642,1,0,0,0,1,0,0,0,0
30.436816,0,0,0,0,0,0,0,1,0
30.447845,0,0,0,0,0,1,0,0,0
30.449401,0,0,0,0,0,0,0,0,1
30.450101,0,0,0,0,0,0,0,1,0
30.450588,0,0,0,1,0,0,0,0,0
30.451099,0,0,1,0,0,0,0,0,0
30.453091,0,0,0,0,0,0,1,0,0
30.463778,0,1,0,0,0,0,0,0,0
30.465353,1,0,0,0,0,0,0,0,0
30.470802,0,1,0,0,0,0,0,0,0
30.477022,0,0,0,0,1,0,0,0,0
30.480480,0,0,1,0,0,0,0,0,0
30.481036,0,0,0,0,0,0,0,1,0
30.499291,0,0,0,1,0,0,0,0,0
30.500994,0,0,0,0,0,1,0,0,0
30.509878,0,1,0,0,0,0,0,0,0
30.513501,0,0,0,0,0,0,1,0,0
30.525199,1,0,0,0,0,0,0,0,0
30.528880,0,0,0,0,1,0,0,0,1
30.538479,0,0,0,0,0,0,0,1,0
30.550151,0,0,0,1,0,0,0,0,0
30.550247,0,0,0,0,0,0,1,0,0
30.553575,0,0,0,0,0,1,0,0,0
30.558589,0,1,0,0,0,0,0,0,0
30.561874,0,0,0,0,0,0,0,0,1
30.565629,1,0,0,0,0,0,0,0,0
30.565728,0,0,0,0,1,0,0,0,0
30.565827,0,0,1,0,0,0,0,0,0
30.568255,0,0,0,0,0,0,0,1,0
30.591062,0,1,0,0,0,0,0,0,0
30.598468,0,0,0,1,0,0,0,0,0
30.600174,0,0,1,0,0,0,0,0,0
30.600494,0,0,0,0,0,1,0,0,0
30.601367,0,0,0,0,0,0,0,0,1
30.628245,0,0,0,0,0,0,1,0,0
30.640169,0,0,1,0,0,0,0,0,0
30.643796,1,0,0,0,0,0,0,0,0
30.648489,0,0,0,1,0,0,0,0,0
30.651311,0,0,0,0,0,1,0,0,0
30.652535,0,0,0,0,1,0,0,0,0
30.653958,0,0,0,0,0,0,1,0,0
30.655708,0,0,0,0,0,0,0,0,1
30.659174,0,0,0,0,0,0,0,1,0
30.668458,1,0,0,0,1,0,0,0,0
30.681410,0,1,0,0,0,0,0,0,0
30.687889,0,0,0,0,0,0,0,1,0
30.690338,0,0,1,0,0,0,0,0,0
30.697196,0,0,0,0,0,1,0,0,0
30.699318,0,0,0,1,0,0,0,0,0
30.713786,0,1,0,0,0,0,0,0,0
30.721738,0,0,0,0,0,0,1,0,0
30.729339,0,0,0,0,0,0,0,0,1
30.739981,1,0,0,0,0,0,0,0,0
30.747381,0,0,0,0,1,0,0,0,0
30.750239,0,0,0,1,0,0,0,0,0
30.750352,0,0,0,0,0,0,1,0,0
30.752819,0,0,0,0,0,1,0,0,0
30.757283,0,0,0,0,0,0,0,1,0
30.761419,1,0,0,0,0,0,0,0,0
30.762036,0,0,0,0,0,0,0,0,1
30.762649,0,0,1,0,0,0,0,0,0
30.778621,0,0,0,0,1,0,0,0,0
30.782225,0,1,0,0,0,0,0,0,0
30.787035,0,0,0,0,0,0,0,1,0
30.795816,0,0,1,0,0,0,0,0,0
30.799471,0,0,0,1,0,0,0,0,0
30.803751,0,0,0,0,0,1,0,0,0
30.807929,0,0,0,0,0,0,0,0,1
30.813028,0,1,0,0,0,0,0,0,0
30.838427,0,0,0,0,0,0,1,0,0
30.840158,0,0,1,0,0,0,0,0,0
30.849044,1,0,0,0,1,0,0,0,0
30.849448,0,0,0,0,0,1,0,0,0
30.851662,0,0,0,1,0,0,0,0,0
30.852829,0,0,0,0,0,0,1,0,0
30.859091,0,0,0,0,0,0,0,1,0
30.866295,0,0,0,0,0,0,0,0,1
30.866797,1,0,0,0,1,0,0,0,0
30.868021,0,0,0,0,0,0,0,1,0
30.885832,0,1,0,0,0,0,0,0,0
30.888177,0,1,0,0,0,0,0,0,0
30.899031,0,0,0,0,0,1,0,0,0
30.899805,0,0,1,0,0,0,0,0,0
30.900334,0,0,0,1,0,0,0,0,0
30.900859,0,0,0,0,0,0,0,0,1
30.919685,0,0,0,0,0,0,1,0,0
30.935543,0,0,1,0,0,0,0,0,0
30.936547,1,0,0,0,0,0,0,0,0
30.947685,0,0,0,0,0,1,0,0,0
30.948416,0,0,0,0,0,0,0,0,1
30.950089,0,0,0,0,1,0,0,0,0
30.951488,0,0,0,1,0,0,0,0,0
30.951667,0,0,0,0,0,0,1,0,0
30.958808,0,0,0,0,0,0,0,1,0
30.964634,1,0,0,0,0,0,0,0,0
30.966486,0,0,0,0,1,0,0,0,0
30.973473,0,0,0,0,0,0,0,1,0
30.982821,0,0,1,0,0,0,0,0,0
30.987134,0,1,0,0,0,0,0,0,0
30.996446,0,0,0,0,0,1,0,0,0
30.999955,0,0,0,1,0,0,0,0,0
31.000307,0,0,0,0,0,0,0,0,1
31.003356,0,1,0,0,0,0,0,0,0
31.009558,0,0,0,0,0,0,1,0,0
31.029074,1,0,0,0,0,0,0,0,0
31.031296,0,0,1,0,0,0,0,0,0
31.049901,0,0,0,1,0,0,0,0,0
31.052637,0,0,0,0,1,1,0,0,0
31.052931,0,0,0,0,0,0,1,0,0
31.054278,0,0,0,0,0,0,0,1,0
31.056775,0,0,0,0,0,0,0,0,1
31.069013,1,0,0,0,1,0,0,0,0
31.072967,0,0,0,0,0,0,0,1,0
31.076540,0,1,0,0,0,0,0,0,0
31.095337,0,1,0,0,0,0,0,0,0
31.095367,0,0,1,0,0,0,0,0,0
31.098738,0,0,0,0,0,1,0,0,0
31.099721,0,0,0,1,0,0,0,0,0
31.106168,0,0,0,0,0,0,0,0,1
31.121719,0,0,0,0,0,0,1,0,0
31.133393,1,0,0,0,1,0,0,0,0
31.135561,0,0,0,0,0,0,0,1,0
31.142079,0,0,1,0,0,0,0,0,0
31.147023,0,0,0,0,0,1,0,0,0
31.148581,0,0,0,1,0,0,0,0,0
31.151705,0,0,0,0,0,0,1,0,0
31.160068,0,1,0,0,0,0,0,0,0
31.166337,1,0,0,0,1,0,0,0,0
31.170162,0,0,0,0,0,0,0,0,1
31.183171,0,0,0,0,0,0,0,1,0
31.198886,0,0,0,1,0,0,0,0,0
31.199189,0,0,0,0,0,0,1,0,0
31.201734,0,0,0,0,0,1,0,0,0
31.206065,0,0,1,0,0,0,0,0,0
31.209076,0,1,0,0,0,0,0,0,0
31.209138,0,0,0,0,0,0,0,0,1
31.212714,1,0,0,0,0,0,0,0,0
31.242907,0,0,1,0,0,0,0,0,0
31.248852,0,0,0,1,0,0,0,0,0
31.248875,0,0,0,0,1,0,1,0,0
31.249677,0,0,0,0,0,1,0,0,0
31.254633,0,0,0,0,0,0,0,1,0
31.257214,0,0,0,0,0,0,0,0,1
31.266468,1,0,0,0,0,0,0,0,0
31.278436,0,1,0,0,0,0,0,0,0
31.296776,0,0,1,0,0,0,0,0,0
31.298790,0,0,0,1,0,0,0,0,0
31.301777,0,0,0,0,1,0,0,0,0
31.302799,0,0,0,0,0,1,0,0,0
31.302829,0,0,0,0,0,0,1,0,0
31.314198,0,0,0,0,0,0,0,0,1
31.314443,0,0,0,0,0,0,0,1,0
31.314749,1,0,0,0,0,0,0,0,0
31.320506,0,0,0,0,1,0,0,0,0
31.320850,0,0,0,0,0,0,0,1,0
31.339352,0,1,0,0,0,0,0,0,0
31.346305,0,1,0,0,0,0,0,0,0
31.348730,0,0,0,0,0,1,0,0,0
31.349455,0,0,0,0,0,0,0,0,1
31.349520,0,0,0,1,0,0,0,0,0
31.350451,0,0,1,0,0,0,0,0,0
31.353698,0,0,0,0,0,0,1,0,0
31.363710,1,0,0,0,0,0,0,0,0
31.387873,0,0,1,0,1,0,0,0,0
31.400717,0,0,0,1,0,0,0,0,0
31.401752,0,0,0,0,0,1,0,0,0
31.408695,0,0,0,0,0,0,0,1,0
31.421252,0,0,0,0,0,0,1,0,0
31.424188,0,0,0,0,0,0,0,0,1
31.428967,0,1,0,0,0,0,0,0,0
31.432204,1,0,0,0,1,0,0,0,0
31.449668,0,0,0,1,0,0,0,0,0
31.449877,0,0,0,0,0,1,0,0,0
31.453650,0,0,0,0,0,0,0,1,0
31.453767,0,0,0,0,0,0,0,0,1
31.459506,0,0,1,0,0,0,0,0,0
31.474755,0,1,0,0,0,0,0,0,0
31.493660,0,0,1,0,0,0,0,0,0
31.496884,0,0,0,0,0,0,1,0,0
31.498050,0,0,0,0,0,1,0,0,0
31.501369,0,0,0,1,0,0,0,0,0
31.503049,0,0,0,0,0,0,1,0,0
31.507884,0,0,0,0,0,0,0,0,1
31.511673,1,0,0,0,0,0,0,0,0
31.522362,1,0,0,0,1,0,0,0,0
31.527876,0,0,0,0,1,0,0,1,0
31.537804,0,0,0,0,0,0,0,1,0
31.541087,0,0,1,0,0,0,0,0,0
31.546166,0,0,0,0,0,1,0,0,0
31.546725,0,0,0,0,0,0,0,0,1
31.550405,0,0,0,1,0,0,0,0,0
31.552710,0,1,0,0,0,0,0,0,0
31.560240,0,1,0,0,0,0,0,0,0
31.560951,0,0,0,0,0,0,1,0,0
31.571351,1,0,0,0,0,0,0,0,0
31.580608,0,0,1,0,0,0,0,0,0
31.585986,0,0,0,0,1,0,0,0,0
31.599085,0,0,0,1,0,0,0,0,0
31.601261,0,0,0,0,0,0,0,1,0
31.601863,0,0,0,0,0,1,0,0,0
31.608640,0,0,0,0,0,0,1,0,0
31.622800,1,0,0,0,0,0,0,0,0
31.626203,0,1,0,0,0,0,0,0,0
31.631584,0,0,0,0,0,0,0,0,1
31.643155,0,0,0,0,1,0,0,0,0
31.648659,0,0,0,1,0,0,0,0,0
31.648724,0,0,0,0,0,0,1,0,0
31.651959,0,0,0,0,0,1,0,0,0
31.662059,0,0,0,0,0,0,0,1,0
31.665658,1,0,0,0,1,0,0,0,0
31.670852,0,0,0,0,0,0,0,1,0
31.671127,0,0,1,0,0,0,0,0,0
31.673898,0,0,0,0,0,0,0,0,1
31.687188,0,1,0,0,0,0,0,0,0
31.692712,0,1,0,0,0,0,0,0,0
31.700251,0,0,0,1,0,0,0,0,0
31.702766,0,0,0,0,0,1,0,0,0
31.705716,0,0,0,0,0,0,0,0,1
31.710994,0,0,1,0,0,0,0,0,0
31.711093,0,0,0,0,0,0,1,0,0
31.724210,1,0,0,0,1,0,0,0,0
31.724403,0,0,0,0,0,0,0,1,0
31.744842,0,0,1,0,0,0,0,0,0
31.746229,0,1,0,0,0,0,0,0,0
31.747509,0,0,0,0,0,1,0,0,0
31.749038,0,0,0,1,0,0,0,0,0
31.759757,0,0,0,0,0,0,0,0,1
31.764146,0,0,0,0,0,0,1,0,0
31.780497,1,0,0,0,0,0,0,0,0
31.792993,0,0,1,0,0,0,0,0,0
31.796239,0,0,0,0,0,1,0,0,0
31.797443,0,0,0,0,1,0,0,0,0
31.800141,0,0,0,1,0,0,0,0,0
31.804762,0,0,0,0,0,0,1,0,0
31.806550,0,0,0,0,0,0,0,1,0
31.813869,0,0,0,0,0,0,0,0,1
31.822377,1,0,0,0,0,0,0,0,0
31.824773,0,0,0,0,1,0,0,0,0
31.825770,0,0,0,0,0,0,0,1,0
31.827840,0,1,0,0,0,0,0,0,0
31.849226,0,0,1,0,0,0,0,0,0
31.850171,0,0,0,1,0,0,0,0,0
31.850396,0,0,0,0,0,1,0,0,0
31.851689,0,1,0,0,0,0,0,0,0
31.852095,0,0,0,0,0,0,1,0,0
31.854965,0,0,0,0,0,0,0,0,1
31.865088,1,0,0,0,1,0,0,0,0
31.891747,0,0,1,0,0,0,0,0,0
31.892822,0,0,0,0,0,0,0,1,0
31.899758,0,0,0,1,0,0,0,0,0
31.901759,0,0,0,0,0,1,0,0,0
31.905427,0,0,0,0,0,0,0,0,1
31.913604,0,0,0,0,0,0,1,0,0
31.915871,0,1,0,0,0,0,0,0,0
31.924491,1,0,0,0,0,0,0,0,0
31.935881,0,0,0,0,1,0,0,0,0
31.944947,0,0,1,0,0,0,0,0,0
31.947814,0,0,0,0,0,0,0,1,0
31.948221,0,0,0,0,0,1,0,0,0
31.948941,0,0,0,0,0,0,0,0,1
31.950306,0,0,0,1,0,0,0,0,0
31.953621,0,0,0,0,0,0,1,0,0
31.971042,1,0,0,0,0,0,0,0,0
31.971399,0,0,0,0,1,0,0,0,0
31.971756,0,1,0,0,0,0,0,0,0
31.977520,0,0,0,0,0,0,0,1,0
31.987268,0,0,1,0,0,0,0,0,0
31.997665,0,1,0,0,0,0,0,0,0
32.000051,0,0,0,1,0,0,0,0,0
32.000657,0,0,0,0,0,1,0,0,0
32.001590,0,0,0,0,0,0,1,0,0
32.004780,0,0,0,0,0,0,0,0,1
32.016994,1,0,0,0,0,0,0,0,0
32.035387,0,0,0,0,1,0,0,0,0
32.037780,0,0,0,0,0,0,0,1,0
32.044171,0,0,1,0,0,0,0,0,0
32.046262,0,0,0,0,0,1,0,0,0
32.051461,0,0,0,1,0,0,0,0,0
32.053379,0,0,0,0,0,0,0,0,1
32.054398,0,0,0,0,0,0,1,0,0
32.060792,0,1,0,0,0,0,0,0,0
32.071726,1,0,0,0,0,0,0,0,0
32.092144,0,0,1,0,0,0,0,0,0
32.100135,0,0,0,1,1,0,0,0,0
32.101947,0,0,0,0,0,1,0,0,0
32.107805,0,0,0,0,0,0,0,0,1
32.112536,0,0,0,0,0,0,1,0,0
32.124053,1,0,0,0,1,0,0,0,0
32.130421,0,0,0,0,0,0,0,1,0
32.143882,0,0,1,0,0,0,0,0,0
32.148938,0,0,0,0,0,1,0,0,0
32.149865,0,0,0,1,0,0,0,0,0
32.153000,0,0,0,0,0,0,0,0,1
32.153894,0,1,0,0,0,0,0,0,0
32.163703,0,0,0,0,0,0,1,0,0
32.165038,0,0,0,0,0,0,0,1,0
32.176391,1,0,0,0,0,0,0,0,0
32.189029,0,0,0,0,1,0,0,0,0
32.190967,0,1,0,0,0,0,0,0,0
32.191687,0,0,1,0,0,0,0,0,0
32.193407,0,0,0,0,0,0,0,1,0
32.199297,0,0,0,1,0,0,0,0,0
32.200803,0,0,0,0,0,1,0,0,0
32.204730,0,0,0,0,0,0,0,0,1
32.207355,0,0,0,0,0,0,1,0,0
32.215573,0,1,0,0,0,0,0,0,0
32.223572,1,0,0,0,1,0,0,0,0
32.224654,0,0,0,0,0,0,0,1,0
32.240025,0,0,1,0,0,0,0,0,0
32.249880,0,0,0,1,0,0,0,0,0
32.251614,0,1,0,0,0,0,0,0,0
32.251691,0,0,0,0,0,1,0,0,0
32.257086,0,0,0,0,0,0,1,0,0
32.260309,0,0,0,0,0,0,0,0,1
32.274036,1,0,0,0,0,0,0,0,0
32.287621,0,0,0,0,1,0,0,0,0
32.298095,0,0,0,0,0,1,0,0,0
32.298117,0,0,1,0,0,0,0,0,0
32.299367,0,0,0,1,0,0,0,0,0
32.301262,0,0,0,0,0,0,0,0,1
32.304231,0,0,0,0,0,0,1,0,0
32.310995,0,0,0,0,0,0,0,1,0
32.323663,1,0,0,0,0,0,0,0,0
32.327208,0,0,0,0,1,0,0,0,0
32.334760,0,1,0,0,0,0,0,0,0
32.338444,0,0,1,0,0,0,0,0,0
32.338519,0,0,0,0,0,0,0,1,0
32.349781,0,0,0,0,0,1,0,0,0
32.349806,0,0,0,1,0,0,0,0,0
32.353001,0,0,0,0,0,0,1,0,0
32.357967,0,0,0,0,0,0,0,0,1
32.363494,1,0,0,0,1,0,0,0,0
32.367710,0,1,0,0,0,0,0,0,0
32.373762,0,0,0,0,0,0,0,1,0
32.392111,0,0,1,0,0,0,0,0,0
32.399273,0,0,0,1,0,0,0,0,0
32.399591,0,0,0,0,0,1,0,0,0
32.401948,0,1,0,0,0,0,0,0,0
32.405463,0,0,0,0,0,0,0,0,1
32.415154,0,0,0,0,0,0,1,0,0
32.427823,1,0,0,0,1,0,0,0,0
32.431990,0,0,0,0,0,0,0,1,0
32.442600,0,0,1,0,0,0,0,0,0
32.449739,0,0,0,1,0,0,0,0,0
32.452678,0,0,0,0,0,1,0,0,0
32.457189,0,1,0,0,0,0,0,0,0
32.467632,0,0,0,0,0,0,0,0,1
32.487520,0,0,0,0,0,0,1,0,0
32.499061,0,0,0,1,0,0,0,0,0
32.499658,0,0,0,0,0,1,0,0,0
32.501931,0,0,0,0,0,0,0,0,1
32.504727,0,0,0,0,0,0,1,0,0
32.505514,1,0,0,0,0,0,0,0,0
32.505517,0,0,0,0,1,0,0,0,0
32.505519,0,0,1,0,0,0,0,0,0
32.505667,0,0,0,0,0,0,0,1,0
32.516114,1,0,0,0,1,0,0,0,0
32.526914,0,1,0,0,0,0,0,0,0
32.531018,0,0,0,0,0,0,0,1,0
32.539824,0,0,1,0,0,0,0,0,0
32.549325,0,0,0,1,0,0,0,0,0
32.551462,0,0,0,0,0,1,0,0,0
32.552265,0,1,0,0,0,0,0,0,0
32.554946,0,0,0,0,0,0,0,0,1
32.559632,0,0,0,0,0,0,1,0,0
32.572761,1,0,0,0,0,0,0,0,0
32.589133,0,0,1,0,0,0,0,0,0
32.600182,0,0,0,1,0,0,0,0,0
32.600567,0,0,0,0,1,1,0,0,0
32.604601,0,0,0,0,0,0,0,0,1
32.617157,0,0,0,0,0,0,1,0,0
32.619431,0,0,0,0,0,0,0,1,0
32.633299,1,0,0,0,0,0,0,0,0
32.635328,0,0,0,0,1,0,0,0,0
32.636439,0,0,0,0,0,0,0,1,0
32.637497,0,0,1,0,0,0,0,0,0
32.646680,0,1,0,0,0,0,0,0,0
32.647446,0,0,0,0,0,1,0,0,0
32.649069,0,0,0,1,0,0,0,0,0
32.649259,0,0,0,0,0,0,0,0,1
32.665955,0,1,0,0,0,0,0,0,0
32.685251,0,0,1,0,0,0,0,0,0
32.697640,0,0,0,0,0,0,1,0,0
32.699747,0,0,0,0,0,1,0,0,0
32.700377,0,0,0,1,0,0,0,0,0
32.702188,0,0,0,0,0,0,0,0,1
32.710325,0,0,0,0,0,0,1,0,0
32.713638,1,0,0,0,0,0,0,0,0
32.725685,1,0,0,0,1,0,0,0,0
32.727160,0,0,0,0,1,0,0,0,0
32.730142,0,0,0,0,0,0,0,1,0
32.732555,0,0,0,0,0,0,0,1,0
32.740707,0,0,1,0,0,0,0,0,0
32.749719,0,0,0,0,0,1,0,0,0
32.751338,0,0,0,1,0,0,0,0,0
32.752080,0,0,0,0,0,0,1,0,0
32.755162,0,1,0,0,0,0,0,0,0
32.757094,0,1,0,0,0,0,0,0,0
32.765780,1,0,0,0,0,0,0,0,0
32.766343,0,0,0,0,0,0,0,0,1
32.798638,0,0,0,0,1,1,0,0,0
32.798845,0,0,0,1,0,0,0,0,0
32.800542,0,0,1,0,0,0,0,0,0
32.804059,0,0,0,0,0,0,1,0,0
32.804082,0,0,0,0,0,0,0,0,1
32.806301,0,0,0,0,0,0,0,1,0
32.820219,1,0,0,0,1,0,0,0,0
32.822509,0,0,0,0,0,0,0,1,0
32.831624,0,1,0,0,0,0,0,0,0
32.842453,0,0,1,0,0,0,0,0,0
32.843800,0,1,0,0,0,0,0,0,0
32.846887,0,0,0,0,0,1,0,0,0
32.847052,0,0,0,0,0,0,0,0,1
32.850422,0,0,0,1,0,0,0,0,0
32.865657,0,0,0,0,0,0,1,0,0
32.879173,1,0,0,0,0,0,0,0,0
32.883296,0,0,1,0,0,0,0,0,0
32.899155,0,0,0,0,0,1,0,0,0
32.900889,0,0,0,1,0,0,0,0,0
32.901552,0,0,0,0,0,0,1,0,0
32.914829,0,0,0,0,1,0,0,0,1
32.916431,1,0,0,0,0,0,0,0,0
32.925823,0,0,0,0,1,0,0,1,0
32.926394,0,0,0,0,0,0,0,1,0
32.946148,0,0,0,0,0,1,0,0,0
32.947189,0,0,1,0,0,0,0,0,0
32.947676,0,1,0,0,0,0,0,0,0
32.949471,0,0,0,1,0,0,0,0,0
32.950268,0,0,0,0,0,0,0,0,1
32.952027,0,0,0,0,0,0,1,0,0
32.953392,0,1,0,0,0,0,0,0,0
32.963215,1,0,0,0,0,0,0,0,0
32.968360,0,0,0,0,1,0,0,0,0
32.980986,0,0,1,0,0,0,0,0,0
32.985809,0,0,0,0,0,0,0,1,0
32.997364,0,0,0,0,0,1,0,0,0
33.000563,0,0,0,1,0,0,0,0,0
33.001279,0,0,0,0,0,0,1,0,0
33.006344,0,0,0,0,0,0,0,0,1
33.009645,0,1,0,0,0,0,0,0,0
33.021133,1,0,0,0,1,0,0,0,0
33.031545,0,0,0,0,0,0,0,1,0
33.040472,0,0,1,0,0,0,0,0,0
33.049074,0,0,0,1,0,0,0,0,0
33.051104,0,0,0,0,0,0,1,0,0
33.053005,0,0,0,0,0,1,0,0,0
33.055636,0,1,0,0,0,0,0,0,0
33.064414,1,0,0,0,1,0,0,0,0
33.071717,0,0,0,0,0,0,0,1,0
33.077364,0,0,0,0,0,0,0,0,1
33.093259,0,1,0,0,0,0,0,0,0
33.098819,0,0,0,1,0,0,0,0,0
33.102427,0,0,0,0,0,1,0,0,0
33.103001,0,0,0,0,0,0,1,0,0
33.114901,1,0,0,0,0,0,0,0,0
33.117026,0,0,1,0,1,0,0,0,0
33.123964,0,0,0,0,0,0,0,1,0
33.146784,0,0,0,0,0,1,0,0,0
33.151418,0,0,0,1,0,0,0,0,0
33.153541,0,0,0,0,0,0,0,0,1
33.153722,0,1,0,0,0,0,0,0,0
33.155376,0,0,0,0,0,0,1,0,0
33.159454,0,0,0,0,0,0,0,0,1
33.171819,1,0,0,0,0,0,0,0,0
33.182041,0,0,0,0,1,0,0,0,0
33.189769,0,0,1,0,0,0,0,0,0
33.190788,0,0,0,0,0,0,0,1,0
33.191974,0,0,1,0,0,0,0,0,0
33.198970,0,0,0,1,0,0,0,0,0
33.199082,0,0,0,0,0,0,1,0,0
33.202344,0,0,0,0,0,1,0,0,0
33.203792,0,0,0,0,0,0,0,0,1
33.215146,0,1,0,0,0,0,0,0,0
33.218582,1,0,0,0,0,0,0,0,0
33.239604,0,0,1,0,1,0,0,0,0
33.250263,0,0,0,1,0,0,0,0,0
33.252122,0,0,0,0,0,1,0,0,0
33.256957,0,0,0,0,0,0,0,1,0
33.261755,0,0,0,0,0,0,1,0,0
33.272774,0,0,0,0,0,0,0,0,1
33.276144,1,0,0,0,0,0,0,0,0
33.284624,0,1,0,0,0,0,0,0,0
33.292230,0,0,0,0,1,0,0,0,0
33.298974,0,0,0,1,0,0,0,0,0
33.303201,0,0,0,0,0,1,0,0,0
33.305420,0,0,0,0,0,0,0,0,1
33.312472,0,0,1,0,0,0,0,0,0
33.312536,0,0,0,0,0,0,1,0,0
33.313457,0,0,0,0,0,0,0,1,0
33.324300,1,0,0,0,0,0,0,0,0
33.338938,0,1,0,0,0,0,0,0,0
33.341612,0,0,1,0,0,0,0,0,0
33.343286,0,0,0,0,1,0,0,0,0
33.348942,0,0,0,1,0,0,0,0,0
33.351377,0,0,0,0,0,1,0,0,0
33.354379,0,0,0,0,0,0,0,0,1
33.375853,0,0,0,0,0,0,1,0,0
33.376941,0,0,0,0,0,0,0,1,0
33.385080,0,0,1,0,0,0,0,0,0
33.391392,1,0,0,0,1,0,0,0,0
33.391993,0,0,0,0,0,0,0,1,0
33.398749,0,0,0,1,0,0,0,0,0
33.399943,0,0,0,0,0,1,0,0,0
33.403115,0,1,0,0,0,0,0,0,0
33.415825,0,1,0,0,0,0,0,0,0
33.428377,0,0,0,0,0,0,1,0,0
33.431945,0,0,0,0,0,0,0,0,1
33.441538,1,0,0,0,1,0,0,0,0
33.446957,0,0,0,0,0,1,0,0,0
33.451139,0,0,0,1,0,0,0,0,0
33.451708,0,0,0,0,0,0,0,0,1
33.458567,0,0,0,0,0,0,1,0,0
33.470223,0,0,1,0,0,0,0,0,0
33.475090,1,0,0,0,1,0,0,0,0
33.477704,0,0,0,0,0,0,0,1,0
33.478766,0,0,0,0,0,0,0,1,0
33.488463,0,0,1,0,0,0,0,0,0
33.500352,0,1,0,0,0,0,0,0,0
33.501795,0,0,0,1,0,0,0,0,0
33.502719,0,1,0,0,0,0,0,0,0
33.503248,0,0,0,0,0,1,0,0,0
33.507183,0,0,0,0,0,0,1,0,0
33.518856,0,0,0,0,0,0,0,0,1
33.518992,1,0,0,0,1,0,0,0,0
33.523994,0,0,0,0,0,0,0,1,0
33.549124,0,1,0,0,0,0,0,0,0
33.549614,0,0,0,1,0,0,0,0,0
33.550187,0,0,0,0,0,1,0,0,0
33.551419,0,0,0,0,0,0,0,0,1
33.553734,0,0,0,0,0,0,1,0,0
33.557359,0,0,1,0,0,0,0,0,0
33.567228,1,0,0,0,1,0,0,0,0
33.568571,0,0,0,0,0,0,0,1,0
33.590757,0,0,1,0,0,0,0,0,0
33.595852,0,1,0,0,0,0,0,0,0
33.599460,0,0,0,1,0,0,0,0,0
33.602979,0,0,0,0,0,1,0,0,0
33.604769,0,0,0,0,0,0,1,0,0
33.616698,1,0,0,0,1,0,0,0,0
33.624792,0,0,0,0,0,0,0,0,1
33.649931,0,0,0,1,0,0,0,0,0
33.651763,0,0,0,0,0,1,0,0,0
33.651884,0,0,0,0,0,0,0,1,0
33.659989,0,0,0,0,0,0,1,0,0
33.661251,0,0,1,0,0,0,0,0,0
33.664342,0,0,0,0,0,0,0,0,1
33.676598,0,1,0,0,0,0,0,0,0
33.679592,1,0,0,0,0,0,0,0,0
33.695422,0,0,1,0,1,0,0,0,0
33.699987,0,0,0,1,0,0,0,0,0
33.703167,0,0,0,0,0,1,0,0,0
33.710089,0,0,0,0,0,0,0,1,0
33.713531,0,0,0,0,0,0,1,0,0
33.714339,0,0,0,0,0,0,0,0,1
33.730314,1,0,0,0,0,0,0,0,0
33.731665,0,0,0,0,1,0,0,0,0
33.733182,0,0,0,0,0,0,0,1,0
33.734471,0,1,0,0,0,0,0,0,0
33.750860,0,0,0,0,0,1,0,0,0
33.751361,0,0,0,1,0,0,0,0,0
33.751590,0,0,1,0,0,0,0,0,0
33.762061,0,1,0,0,0,0,0,0,0
33.768506,0,0,0,0,0,0,1,0,0
33.780251,1,0,0,0,1,0,0,0,0
33.783481,0,0,0,0,0,0,0,0,1
33.791111,0,0,0,0,0,0,0,1,0
33.799161,0,0,0,1,0,0,0,0,0
33.799866,0,0,0,0,0,1,0,0,0
33.805688,0,0,0,0,0,0,0,0,1
33.812926,0,1,0,0,0,0,0,0,0
33.819606,0,0,1,0,0,0,0,0,0
33.820416,0,0,0,0,0,0,1,0,0
33.837600,1,0,0,0,1,0,0,0,0
33.839384,0,0,0,0,0,0,0,1,0
33.844925,0,0,1,0,0,0,0,0,0
33.849087,0,0,0,0,0,1,0,0,0
33.850159,0,0,0,1,0,0,0,0,0
33.857972,0,0,0,0,0,0,0,0,1
33.858091,0,0,0,0,0,0,1,0,0
33.865818,0,1,0,0,0,0,0,0,0
33.871120,1,0,0,0,0,0,0,0,0
33.883031,0,0,0,0,1,0,0,0,0
33.883094,0,0,0,0,0,0,0,1,0
33.888656,0,0,1,0,0,0,0,0,0
33.896173,0,0,0,0,0,1,0,0,0
33.899459,0,0,0,1,0,0,0,0,0
33.901380,0,0,0,0,0,0,1,0,0
33.901578,0,0,0,0,0,0,0,0,1
33.910064,0,1,0,0,0,0,0,0,0
33.913210,1,0,0,0,0,0,0,0,0
33.926132,0,0,0,0,1,0,0,0,0
33.936700,0,0,1,0,0,0,0,0,0
33.946836,0,0,0,0,0,0,0,1,0
33.947697,0,0,0,0,0,1,0,0,0
33.950130,0,0,0,1,0,0,0,0,0
33.950718,0,0,0,0,0,0,0,0,1
33.962446,0,0,0,0,0,0,1,0,0
33.975510,0,1,0,0,0,0,0,0,0
33.981697,1,0,0,0,0,0,0,0,0
33.986642,0,0,1,0,1,0,0,0,0
33.994833,0,0,0,0,0,0,0,1,0
33.997963,0,0,0,0,0,1,0,0,0
33.999176,0,0,0,1,0,0,0,0,0
34.000514,0,0,0,0,0,0,1,0,0
34.011967,1,0,0,0,1,0,0,0,0
34.012972,0,0,0,0,0,0,0,0,1
34.014269,0,0,0,0,0,0,0,1,0
34.023884,0,1,0,0,0,0,0,0,0
34.034611,0,1,0,0,0,0,0,0,0
34.047861,0,0,0,0,0,1,0,0,0
34.050728,0,0,0,1,0,0,0,0,0
34.051586,0,0,0,0,0,0,1,0,0
34.052912,0,0,1,0,0,0,0,0,0
34.064125,1,0,0,0,0,0,0,0,0
34.086305,0,0,0,0,0,0,0,0,1
34.096173,0,0,0,0,1,1,0,0,0
34.098734,0,0,0,1,0,0,0,0,0
34.099044,0,0,0,0,0,0,0,0,1
34.109871,0,0,0,0,0,0,0,1,0
34.124288,0,0,1,0,0,0,0,0,0
34.132167,0,0,1,0,0,0,0,0,0
34.135274,0,0,0,0,0,0,1,0,0
34.135470,0,1,0,0,0,0,0,0,0
34.146516,0,0,0,0,0,1,0,0,0
34.146529,0,0,0,0,0,0,0,0,1
34.147549,1,0,0,0,0,0,0,0,0
34.148561,0,0,0,0,1,0,0,0,0
34.150300,0,0,0,1,0,0,0,0,0
34.154444,0,0,0,0,0,0,1,0,0
34.162489,0,0,0,0,0,0,0,1,0
34.165965,1,0,0,0,1,0,0,0,0
34.181308,0,0,1,0,0,0,0,0,0
34.188741,0,1,0,0,0,0,0,0,0
34.193756,0,0,0,0,0,0,0,1,0
34.200381,0,0,0,0,0,1,0,0,0
34.200882,0,0,0,1,0,0,0,0,0
34.201107,0,0,0,0,0,0,1,0,0
34.209084,0,0,0,0,0,0,0,0,1
34.219863,1,0,0,0,1,0,0,0,0
34.223392,0,1,0,0,0,0,0,0,0
34.224559,0,0,0,0,0,0,0,1,0
34.242173,0,0,1,0,0,0,0,0,0
34.248673,0,1,0,0,0,0,0,0,0
34.248988,0,0,0,1,0,0,0,0,0
34.250999,0,0,0,0,0,1,0,0,0
34.257909,0,0,0,0,0,0,1,0,0
34.260588,0,0,0,0,0,0,0,0,1
34.269487,1,0,0,0,0,0,0,0,0
34.298127,0,0,1,0,1,0,0,0,0
34.300306,0,0,0,0,0,1,0,0,0
34.300338,0,0,0,1,0,0,0,0,0
34.300594,0,0,0,0,0,0,0,0,1
34.307235,0,0,0,0,0,0,0,1,0
34.307659,0,0,0,0,0,0,1,0,0
34.318962,1,0,0,0,0,0,0,0,0
34.328836,0,1,0,0,0,0,0,0,0
34.332121,0,0,0,0,1,0,0,0,0
34.332914,0,0,0,0,0,0,0,1,0
34.339743,0,0,1,0,0,0,0,0,0
34.347390,0,0,0,0,0,1,0,0,0
34.350183,0,0,0,1,0,0,0,0,0
34.353697,0,0,0,0,0,0,1,0,0
34.359119,0,1,0,0,0,0,0,0,0
34.366317,1,0,0,0,0,0,0,0,0
34.381767,0,0,0,0,1,0,0,0,0
34.383301,0,0,0,0,0,0,0,0,1
34.397131,0,0,0,0,0,1,0,0,0
34.400702,0,0,0,1,0,0,0,0,0
34.403504,0,0,0,0,0,0,0,1,0
34.405417,0,0,0,0,0,0,1,0,0
34.417932,1,0,0,0,0,0,0,0,0
34.420250,0,0,1,0,1,0,0,0,0
34.426747,0,0,0,0,0,0,0,0,1
34.427803,0,1,0,0,0,0,0,0,0
34.429340,0,0,0,0,0,0,0,1,0
34.447187,0,0,0,0,0,1,0,0,0
34.448858,0,0,0,1,0,0,0,0,0
34.449150,0,0,0,0,0,0,0,0,1
34.450283,0,0,0,0,0,0,1,0,0
34.450587,0,1,0,0,0,0,0,0,0
34.463180,1,0,0,0,1,0,0,0,0
34.463736,0,0,1,0,0,0,0,0,0
34.467849,0,0,0,0,0,0,0,1,0
34.487290,0,0,1,0,0,0,0,0,0
34.497750,0,1,0,0,0,0,0,0,0
34.501009,0,0,0,1,0,0,0,0,0
34.502022,0,0,0,0,0,1,0,0,0
34.505224,0,0,0,0,0,0,1,0,0
34.515742,1,0,0,0,1,0,0,0,0
34.523345,0,0,0,0,0,0,0,1,0
34.529330,0,0,0,0,0,0,0,0,1
34.545345,0,1,0,0,0,0,0,0,0
34.549498,0,0,0,1,0,0,0,0,0
34.551544,0,0,0,0,0,1,0,0,0
34.560327,0,0,0,0,0,0,1,0,0
34.569020,0,0,1,0,0,0,0,0,0
34.570334,0,0,0,0,0,0,0,0,1
34.572097,1,0,0,0,1,0,0,0,0
34.578476,0,0,0,0,0,0,0,1,0
34.599647,0,0,0,1,0,0,0,0,0
34.600960,0,0,0,0,0,1,0,0,0
34.601419,0,1,0,0,0,0,0,0,0
34.608695,0,0,1,0,0,0,0,0,0
34.621343,0,0,0,0,0,0,0,0,1
34.623705,0,0,0,0,0,0,1,0,0
34.642552,1,0,0,0,0,0,0,0,0
34.646826,0,0,0,0,1,0,0,0,0
34.649484,0,0,0,0,0,0,0,1,0
34.649907,0,0,0,1,0,0,0,0,0
34.650421,0,0,0,0,0,1,0,0,0
34.651956,0,0,0,0,0,0,1,0,0
34.656463,0,0,1,0,0,0,0,0,0
34.656764,0,0,0,0,0,0,0,0,1
34.671703,1,0,0,0,1,0,0,0,0
34.675386,0,1,0,0,0,0,0,0,0
34.690358,0,0,0,0,0,0,0,1,0
34.691180,0,0,1,0,0,0,0,0,0
34.699066,0,0,0,1,0,0,0,0,0
34.700420,0,0,0,0,0,1,0,0,0
34.700603,0,0,0,0,0,0,0,0,1
34.711857,0,1,0,0,0,0,0,0,0
34.722358,0,0,0,0,0,0,1,0,0
34.735868,0,0,1,0,0,0,0,0,0
34.740257,1,0,0,0,1,0,0,0,0
34.743106,0,0,0,0,0,0,0,1,0
34.747300,0,0,0,0,0,1,0,0,0
34.749810,0,0,0,1,0,0,0,0,0
34.751006,0,0,0,0,0,0,1,0,0
34.762696,1,0,0,0,1,0,0,0,0
34.766232,0,0,0,0,0,0,0,0,1
34.767290,0,1,0,0,0,0,0,0,0
34.774433,0,0,0,0,0,0,0,1,0
34.796629,0,0,0,0,0,1,0,0,0
34.798944,0,0,1,0,0,0,0,0,0
34.800194,0,0,0,1,0,0,0,0,0
34.800864,0,1,0,0,0,0,0,0,0
34.806281,0,0,0,0,0,0,0,0,1
34.815943,0,0,0,0,0,0,1,0,0
34.833168,1,0,0,0,1,0,0,0,0
34.840755,0,0,1,0,0,0,0,0,0
34.848050,0,0,0,1,0,0,0,0,0
34.848847,0,0,0,0,0,1,0,0,0
34.849755,0,0,0,0,0,0,0,0,1
34.862441,0,0,0,0,0,0,1,0,0
34.862612,0,0,0,0,0,0,0,1,0
34.875404,1,0,0,0,1,0,0,0,0
34.882744,0,0,0,0,0,0,0,1,0
34.887759,0,0,1,0,0,0,0,0,0
34.890718,0,1,0,0,0,0,0,0,0
34.899986,0,0,0,1,0,0,0,0,0
34.900637,0,0,0,0,0,1,0,0,0
34.903629,0,0,0,0,0,0,0,0,1
34.907575,0,0,0,0,0,0,1,0,0
34.910247,0,1,0,0,0,0,0,0,0
34.923812,1,0,0,0,0,0,0,0,0
34.938401,0,0,0,0,1,0,0,0,0
34.940244,0,0,0,0,0,0,0,1,0
34.940735,0,0,1,0,0,0,0,0,0
34.948771,0,0,0,0,0,1,0,0,0
34.951142,0,0,0,1,0,0,0,0,0
34.953582,0,0,0,0,0,0,0,0,1
34.964601,0,1,0,0,0,0,0,0,0
34.964981,0,0,0,0,0,0,1,0,0
34.980304,1,0,0,0,0,0,0,0,0
34.982774,0,0,0,0,1,0,0,0,0
34.991931,0,0,1,0,0,0,0,0,0
34.996327,0,0,0,0,0,1,0,0,0
34.996848,0,0,0,0,0,0,0,0,1
34.999668,0,0,0,1,0,0,0,0,0
35.008839,0,0,0,0,0,0,1,0,0
35.009041,0,0,0,0,0,0,0,1,0
35.027535,1,0,0,0,1,0,0,0,0
35.027952,0,0,0,0,0,0,0,1,0
35.031981,0,0,1,0,0,0,0,0,0
35.038925,0,1,0,0,0,0,0,0,0
35.048268,0,1,0,0,0,0,0,0,0
35.050412,0,0,0,0,0,1,0,0,0
35.050847,0,0,0,1,0,0,0,0,0
35.078293,0,0,0,0,0,0,1,0,0
35.094906,1,0,0,0,1,0,0,0,0
35.098410,0,0,0,0,0,1,0,0,0
35.099074,0,0,0,0,0,0,0,1,0
35.099378,0,0,0,1,0,0,0,0,0
35.100269,0,0,0,0,0,0,1,0,0
35.101094,0,0,0,0,0,0,0,0,1
35.110722,0,0,0,0,0,0,0,0,1
35.118692,1,0,0,0,1,0,0,0,0
35.124164,0,1,0,0,0,0,0,0,0
35.132999,0,0,0,0,0,0,0,1,0
35.138082,0,0,1,0,0,0,0,0,0
35.144872,0,0,1,0,0,0,0,0,0
35.148230,0,0,0,1,0,0,0,0,0
35.151673,0,0,0,0,0,0,1,0,0
35.152376,0,0,0,0,0,1,0,0,0
35.156038,0,1,0,0,0,0,0,0,0
35.161017,0,0,0,0,0,0,0,0,1
35.167782,1,0,0,0,1,0,0,0,0
35.170075,0,0,0,0,0,0,0,1,0
35.195135,0,0,1,0,0,0,0,0,0
35.197262,0,0,0,0,0,1,0,0,0
35.197510,0,0,0,0,0,0,0,0,1
35.199423,0,1,0,0,0,0,0,0,0
35.201313,0,0,0,1,0,0,0,0,0
35.201876,0,0,0,0,0,0,1,0,0
35.218430,1,0,0,0,0,0,0,0,0
35.230025,0,0,1,0,0,0,0,0,0
35.248537,0,0,0,0,0,1,0,0,0
35.249834,0,0,0,1,1,0,0,0,0
35.252644,0,0,0,0,0,0,0,1,0
35.252758,0,0,0,0,0,0,0,0,1
35.253632,0,0,0,0,0,0,1,0,0
35.269611,1,0,0,0,0,0,0,0,0
35.276370,0,1,0,0,1,0,0,0,0
35.276620,0,0,0,0,0,0,0,1,0
35.290363,0,0,1,0,0,0,0,0,0
35.299663,0,0,0,0,0,1,0,0,0
35.299826,0,0,0,1,0,0,0,0,0
35.299848,0,1,0,0,0,0,0,0,0
35.313164,0,0,0,0,0,0,0,0,1
35.320577,0,0,0,0,0,0,1,0,0
35.334682,1,0,0,0,0,0,0,0,0
35.342853,0,0,0,0,1,0,0,0,0
35.350427,0,0,0,0,0,1,0,0,0
35.351363,0,0,0,1,0,0,0,0,0
35.352333,0,0,1,0,0,0,0,0,0
35.354497,0,0,0,0,0,0,1,0,0
35.362303,0,0,0,0,0,0,0,0,1
35.369700,0,0,0,0,0,0,0,1,0
35.371623,1,0,0,0,0,0,0,0,0
35.398179,0,1,0,0,1,0,0,0,0
35.398536,0,0,0,0,0,1,0,0,0
35.399096,0,0,0,0,0,0,0,0,1
35.400137,0,0,0,1,0,0,0,0,0
35.400588,0,0,1,0,0,0,0,0,0
35.406226,0,0,0,0,0,0,1,0,0
35.419465,0,0,0,0,0,0,0,1,0
35.421686,1,0,0,0,1,0,0,0,0
35.437443,0,0,1,0,0,0,0,0,0
35.440098,0,1,0,0,0,0,0,0,0
35.443719,0,0,0,0,0,0,0,1,0
35.449910,0,0,0,1,0,0,0,0,0
35.450756,0,0,0,0,0,1,0,0,0
35.452089,0,0,0,0,0,0,0,0,1
35.467723,0,1,0,0,0,0,0,0,0
35.471786,0,0,0,0,0,0,1,0,0
35.489656,0,0,1,0,0,0,0,0,0
35.490919,1,0,0,0,0,0,0,0,0
35.500051,0,0,0,1,0,0,0,0,0
35.501932,0,0,0,0,1,0,1,0,0
35.502328,0,0,0,0,0,1,0,0,0
35.507005,0,0,0,0,0,0,0,1,0
35.514635,1,0,0,0,1,0,0,0,0
35.534005,0,1,0,0,0,0,0,0,0
35.539252,0,0,0,0,0,0,0,0,1
35.549568,0,0,0,1,0,0,0,0,0
35.551329,0,0,0,0,0,1,0,0,0
35.551724,0,0,0,0,0,0,1,0,0
35.556568,0,0,0,0,0,0,0,1,0
35.559751,0,0,0,0,0,0,0,0,1
35.566885,1,0,0,0,0,0,0,0,0
35.577022,0,0,1,0,1,0,0,0,0
35.586452,0,1,0,0,0,0,0,0,0
35.599584,0,0,1,0,0,0,0,0,0
35.599935,0,0,0,1,0,0,0,0,0
35.603430,0,0,0,0,0,1,0,0,0
35.607579,0,0,0,0,0,0,1,0,0
35.608420,0,0,0,0,0,0,0,0,1
35.621974,0,0,0,0,0,0,0,1,0
35.623982,1,0,0,0,1,0,0,0,0
35.646279,0,0,1,0,0,0,0,0,0
35.647920,0,1,0,0,0,0,0,0,0
35.649337,0,0,0,1,0,0,0,0,0
35.650063,0,0,0,0,0,1,0,0,0
35.658815,0,0,0,0,0,0,1,0,0
35.660580,0,0,0,0,0,0,0,1,0
35.667820,0,0,0,0,0,0,0,0,1
35.672650,1,0,0,0,1,0,0,0,0
35.679535,0,0,0,0,0,0,0,1,0
35.684777,0,1,0,0,0,0,0,0,0
35.701191,0,0,0,1,0,0,0,0,0
35.702851,0,0,0,0,0,1,0,0,0
35.704284,0,0,1,0,0,0,0,0,0
35.704337,0,1,0,0,0,0,0,0,0
35.707654,0,0,0,0,0,0,0,0,1
35.727306,0,0,0,0,0,0,1,0,0
35.739374,0,0,1,0,0,0,0,0,0
35.741700,1,0,0,0,0,0,0,0,0
35.750439,0,0,0,1,0,0,0,0,0
35.750618,0,0,0,0,1,0,1,0,0
35.753230,0,0,0,0,0,1,0,0,0
35.759146,0,0,0,0,0,0,0,1,0
35.766962,1,0,0,0,0,0,0,0,0
35.769929,0,0,0,0,1,0,0,0,0
35.771366,0,0,0,0,0,0,0,0,1
35.783867,0,0,0,0,0,0,0,1,0
35.783939,0,1,0,0,0,0,0,0,0
35.798991,0,0,0,1,0,0,0,0,0
35.800510,0,0,0,0,0,1,0,0,0
35.807525,0,0,1,0,0,0,0,0,0
35.809549,0,1,0,0,0,0,0,0,0
35.821757,0,0,0,0,0,0,0,0,1
35.823673,0,0,0,0,0,0,1,0,0
35.841296,1,0,0,0,0,0,0,0,0
35.849650,0,0,0,1,1,0,0,0,0
35.851950,0,0,0,0,0,1,0,0,0
35.858052,0,0,1,0,0,0,0,0,0
35.863092,0,0,0,0,0,0,0,1,0
35.868460,0,0,0,0,0,0,1,0,0
35.873423,0,0,0,0,0,0,0,0,1
35.883695,0,1,0,0,0,0,0,0,0
35.883825,1,0,0,0,0,0,0,0,0
35.900587,0,0,0,0,0,1,0,0,0
35.900781,0,0,0,0,1,0,0,0,1
35.901173,0,0,0,1,0,0,0,0,0
35.903552,0,0,0,0,0,0,0,1,0
35.904884,0,0,0,0,0,0,1,0,0
35.913023,0,0,1,0,0,0,0,0,0
35.923232,1,0,0,0,1,0,0,0,0
35.928086,0,1,0,0,0,0,0,0,0
35.930776,0,0,0,0,0,0,0,1,0
35.939240,0,0,1,0,0,0,0,0,0
35.949514,0,0,0,1,0,0,0,0,0
35.952280,0,0,0,0,0,1,0,0,0
35.959507,0,1,0,0,0,0,0,0,0
35.967070,0,0,0,0,0,0,0,0,1
35.977424,0,0,0,0,0,0,1,0,0
35.995875,1,0,0,0,0,0,0,0,0
36.000223,0,0,0,0,1,1,0,0,0
36.000970,0,0,0,1,0,0,0,0,0
36.001028,0,0,0,0,0,0,0,1,0
36.002138,0,0,0,0,0,0,1,0,0
36.004182,0,0,0,0,0,0,0,0,1
36.004712,0,0,1,0,0,0,0,0,0
36.018015,1,0,0,0,0,0,0,0,0
36.021655,0,1,0,0,1,0,0,0,0
36.037116,0,0,1,0,0,0,0,0,0
36.045235,0,0,0,0,0,0,0,1,0
36.048855,0,0,0,1,0,0,0,0,0
36.048996,0,0,0,0,0,1,0,0,0
36.060528,0,0,0,0,0,0,1,0,0
36.063618,0,0,0,0,0,0,0,0,1
36.072471,0,1,0,0,0,0,0,0,0
36.074252,1,0,0,0,0,0,0,0,0
36.096893,0,0,1,0,1,0,0,0,0
36.096941,0,0,0,0,0,1,0,0,0
36.099397,0,0,0,1,0,0,0,0,0
36.102042,0,0,0,0,0,0,0,0,1
36.102122,0,0,0,0,0,0,0,1,0
36.102726,0,0,0,0,0,0,1,0,0
36.113053,1,0,0,0,0,0,0,0,0
36.127576,0,1,0,0,0,0,0,0,0
36.134438,0,0,1,0,0,0,0,0,0
36.151551,0,0,0,0,1,1,0,0,0
36.151637,0,0,0,0,0,0,0,1,0
36.151900,0,0,0,1,0,0,0,0,0
36.158535,0,0,0,0,0,0,1,0,0
36.160914,0,0,0,0,0,0,0,0,1
36.170536,1,0,0,0,0,0,0,0,0
36.176700,0,1,0,0,0,0,0,0,0
36.195643,0,0,1,0,0,0,0,0,0
36.200336,0,0,0,1,0,0,0,0,0
36.201267,0,0,0,0,0,1,0,0,0
36.201605,0,0,0,0,1,0,0,0,0
36.201942,0,0,0,0,0,0,0,0,1
36.211708,0,0,0,0,0,0,0,1,0
36.213071,0,0,0,0,0,0,1,0,0
36.231730,1,0,0,0,0,0,0,0,0
36.235085,0,1,0,0,0,0,0,0,0
36.240134,0,0,1,0,1,0,0,0,0
36.245966,0,0,0,0,0,0,0,1,0
36.251445,0,0,0,1,0,0,0,0,0
36.251558,0,0,0,0,0,1,0,0,0
36.254036,0,0,0,0,0,0,1,0,0
36.256051,0,0,0,0,0,0,0,0,1
36.270739,0,1,0,0,0,0,0,0,0
36.271664,1,0,0,0,1,0,0,0,0
36.284785,0,0,0,0,0,0,0,1,0
36.293066,0,0,1,0,0,0,0,0,0
36.298944,0,0,0,1,0,0,0,0,0
36.299249,0,0,0,0,0,0,1,0,0
36.301261,0,0,0,0,0,1,0,0,0
36.303784,0,0,0,0,0,0,0,0,1
36.312045,1,0,0,0,1,0,0,0,0
36.312269,0,0,0,0,0,0,0,1,0
36.314348,0,1,0,0,0,0,0,0,0
36.337367,0,1,0,0,0,0,0,0,0
36.338908,0,0,1,0,0,0,0,0,0
36.348493,0,0,0,1,0,0,0,0,0
36.353370,0,0,0,0,0,1,0,0,0
36.355055,0,0,0,0,0,0,1,0,0
36.358163,0,0,0,0,0,0,0,0,1
36.366472,1,0,0,0,1,0,0,0,0
36.372325,0,0,0,0,0,0,0,1,0
36.394296,0,0,1,0,0,0,0,0,0
36.399849,0,0,0,1,0,0,0,0,0
36.400664,0,0,0,0,0,1,0,0,0
36.400726,0,1,0,0,0,0,0,0,0
36.401431,0,0,0,0,0,0,0,0,1
36.411026,0,0,0,0,0,0,1,0,0
36.426524,1,0,0,0,1,0,0,0,0
36.426921,0,0,0,0,0,0,0,1,0
36.435588,0,0,1,0,0,0,0,0,0
36.448173,0,0,0,0,0,1,0,0,0
36.450140,0,0,0,1,0,0,0,0,0
36.453418,0,1,0,0,0,0,0,0,0
36.453797,0,0,0,0,0,0,0,0,1
36.459912,0,0,0,0,0,0,1,0,0
36.476610,1,0,0,0,1,0,0,0,0
36.477033,0,0,0,0,0,0,0,1,0
36.492467,0,0,1,0,0,0,0,0,0
36.499488,0,0,0,1,0,0,0,0,0
36.502408,0,0,0,0,0,1,0,0,0
36.503587,0,0,0,0,0,0,1,0,0
36.504563,0,1,0,0,0,0,0,0,0
36.507799,0,0,0,0,0,0,0,0,1
36.521217,1,0,0,0,0,0,0,0,0
36.539283,0,0,1,0,0,0,0,0,0
36.546307,0,0,0,0,1,1,0,0,0
36.546976,0,0,0,0,0,0,0,0,1
36.547286,0,0,0,0,0,0,0,1,0
36.550201,0,0,0,1,0,0,0,0,0
36.553518,0,0,0,0,0,0,1,0,0
36.570254,0,1,0,0,0,0,0,0,0
36.571476,1,0,0,0,1,0,0,0,0
36.575890,0,0,0,0,0,0,0,1,0
36.586583,0,0,1,0,0,0,0,0,0
36.598804,0,0,0,0,0,1,0,0,0
36.599648,0,0,0,1,0,0,0,0,0
36.602365,0,0,0,0,0,0,0,0,1
36.602489,0,1,0,0,0,0,0,0,0
36.612765,0,0,0,0,0,0,1,0,0
36.627916,1,0,0,0,1,0,0,0,0
36.635973,0,0,0,0,0,0,0,1,0
36.639772,0,0,1,0,0,0,0,0,0
36.651136,0,0,0,1,0,0,0,0,0
36.651952,0,0,0,0,0,1,0,0,0
36.655090,0,0,0,0,0,0,1,0,0
36.659567,0,1,0,0,0,0,0,0,0
36.669294,0,0,0,0,0,0,0,0,1
36.669739,1,0,0,0,0,0,0,0,0
36.678597,0,0,0,0,1,0,0,0,0
36.679016,0,0,0,0,0,0,0,1,0
36.696604,0,0,0,0,0,1,0,0,0
36.698789,0,0,0,1,0,0,0,0,0
36.700435,0,0,0,0,0,0,0,0,1
36.704507,0,1,0,0,0,0,0,0,0
36.705427,0,0,1,0,0,0,0,0,0
36.711324,0,0,0,0,0,0,1,0,0
36.725460,1,0,0,0,1,0,0,0,0
36.729356,0,0,0,0,0,0,0,1,0
36.735416,0,0,1,0,0,0,0,0,0
36.747442,0,0,0,0,0,1,0,0,0
36.747558,0,0,0,0,0,0,0,0,1
36.750428,0,0,0,1,0,0,0,0,0
36.750460,0,0,0,0,0,0,1,0,0
36.753020,0,1,0,0,0,0,0,0,0
36.762570,1,0,0,0,1,0,0,0,0
36.763131,0,0,0,0,0,0,0,1,0
36.779483,0,0,1,0,0,0,0,0,0
36.788469,0,1,0,0,0,0,0,0,0
36.799569,0,0,0,1,0,0,0,0,0
36.802801,0,0,0,0,0,1,0,0,0
36.805465,0,0,0,0,0,0,1,0,0
36.813616,0,0,0,0,0,0,0,0,1
36.816140,1,0,0,0,1,0,0,0,0
36.828009,0,0,0,0,0,0,0,1,0
36.848986,0,0,0,0,0,1,0,0,0
36.849006,0,0,0,0,0,0,0,0,1
36.849842,0,0,0,1,0,0,0,0,0
36.852267,0,1,0,0,0,0,0,0,0
36.853584,0,0,1,0,0,0,0,0,0
36.862834,0,0,0,0,0,0,1,0,0
36.880252,1,0,0,0,1,0,0,0,0
36.883190,0,0,0,0,0,0,0,1,0
36.883767,0,0,1,0,0,0,0,0,0
36.899971,0,0,0,1,0,0,0,0,0
36.901295,0,0,0,0,0,1,0,0,0
36.904261,0,0,0,0,0,0,1,0,0
36.907271,0,1,0,0,0,0,0,0,0
36.908817,0,0,0,0,0,0,0,0,1
36.919314,1,0,0,0,0,0,0,0,0
36.921103,0,0,0,0,1,0,0,0,0
36.939850,0,0,1,0,0,0,0,0,0
36.942405,0,0,0,0,0,0,0,1,0
36.949099,0,0,0,1,0,0,0,0,0
36.949445,0,0,0,0,0,0,1,0,0
36.950152,0,0,0,0,0,1,0,0,0
36.967152,0,0,0,0,0,0,0,0,1
36.967731,1,0,0,0,1,0,0,0,0
36.970723,0,1,0,0,0,0,0,0,0
36.986390,0,0,0,0,0,0,0,1,0
36.999961,0,0,0,1,0,0,0,0,0
37.000046,0,0,0,0,0,0,1,0,0
37.001331,0,0,0,0,0,1,0,0,0
37.002794,0,0,0,0,0,0,0,0,1
37.003492,0,0,1,0,0,0,0,0,0
37.013121,0,1,0,0,0,0,0,0,0
37.014261,1,0,0,0,0,0,0,0,0
37.038212,0,0,1,0,0,0,0,0,0
37.049120,0,0,0,1,1,0,0,0,0
37.049833,0,0,0,0,0,1,0,0,0
37.053113,0,0,0,0,0,0,0,0,1
37.054775,0,0,0,0,0,0,0,1,0
37.059233,0,0,0,0,0,0,1,0,0
37.078512,1,0,0,0,0,0,0,0,0
37.079760,0,0,0,0,1,0,0,0,0
37.079811,0,0,0,0,0,0,0,1,0
37.081349,0,1,0,0,0,0,0,0,0
37.089763,0,0,1,0,0,0,0,0,0
37.100254,0,0,0,0,0,1,0,0,0
37.100336,0,0,0,1,0,0,0,0,0
37.100758,0,0,0,0,0,0,1,0,0
37.101384,0,1,0,0,0,0,0,0,0
37.111112,0,0,0,0,0,0,0,0,1
37.115577,1,0,0,0,1,0,0,0,0
37.122136,0,0,0,0,0,0,0,1,0
37.144182,0,0,1,0,0,0,0,0,0
37.146308,0,1,0,0,0,0,0,0,0
37.149994,0,0,0,1,0,0,0,0,0
37.151499,0,0,0,0,0,1,0,0,0
37.152754,0,0,0,0,0,0,0,0,1
37.164947,0,0,0,0,0,0,1,0,0
37.179821,1,0,0,0,0,0,0,0,0
37.188907,0,0,1,0,0,0,0,0,0
37.191577,0,0,0,0,1,0,0,0,0
37.193926,0,0,0,0,0,0,0,1,0
37.196339,0,0,0,0,0,1,0,0,0
37.198739,0,0,0,0,0,0,0,0,1
37.201576,0,0,0,1,0,0,0,0,0
37.212441,0,0,0,0,0,0,1,0,0
37.221627,0,1,0,0,0,0,0,0,0
37.227640,1,0,0,0,0,0,0,0,0
37.233090,0,0,0,0,1,0,0,0,0
37.235242,0,0,0,0,0,0,0,1,0
37.238735,0,0,1,0,0,0,0,0,0
37.249323,0,0,0,0,0,1,0,0,0
37.250524,0,0,0,1,0,0,0,0,0
37.258316,0,0,0,0,0,0,0,0,1
37.260490,0,1,0,0,0,0,0,0,0
37.270888,0,0,0,0,0,0,1,0,0
37.284476,1,0,0,0,1,0,0,0,0
37.293980,0,0,1,0,0,0,0,0,0
37.296009,0,0,0,0,0,0,0,1,0
37.298258,0,0,0,0,0,1,0,0,0
37.299247,0,0,0,1,0,0,0,0,0
37.299664,0,0,0,0,0,0,1,0,0
37.310572,0,0,0,0,0,0,0,0,1
37.315649,1,0,0,0,1,0,0,0,0
37.318814,0,0,0,0,0,0,0,1,0
37.319253,0,1,0,0,0,0,0,0,0
37.344519,0,0,1,0,0,0,0,0,0
37.347710,0,1,0,0,0,0,0,0,0
37.349076,0,0,0,1,0,0,0,0,0
37.350807,0,0,0,0,0,0,1,0,0
37.352390,0,0,0,0,0,1,0,0,0
37.353184,0,0,0,0,0,0,0,0,1
37.363529,1,0,0,0,0,0,0,0,0
37.393072,0,0,1,0,1,0,0,0,0
37.396771,0,0,0,0,0,1,0,0,0
37.398589,0,0,0,0,0,0,0,1,0
37.400551,0,0,0,1,0,0,0,0,0
37.401192,0,0,0,0,0,0,1,0,0
37.411598,1,0,0,0,1,0,0,0,0
37.415354,0,0,0,0,0,0,0,1,0
37.421590,0,1,0,0,0,0,0,0,0
37.424482,0,0,0,0,0,0,0,0,1
37.436121,0,1,0,0,0,0,0,0,0
37.449890,0,0,0,1,0,0,0,0,0
37.450251,0,0,0,0,0,1,0,0,0
37.453342,0,0,0,0,0,0,1,0,0
37.459140,0,0,1,0,0,0,0,0,0
37.461864,0,0,0,0,0,0,0,0,1
37.467626,1,0,0,0,0,0,0,0,0
37.498356,0,0,0,0,1,0,0,0,0
37.499908,0,0,1,0,0,0,0,0,0
37.501010,0,0,0,1,0,0,0,0,0
37.501847,0,0,0,0,0,1,0,0,0
37.504848,0,0,0,0,0,0,0,0,1
37.506881,0,0,0,0,0,0,1,0,0
37.511684,0,0,0,0,0,0,0,1,0
37.525573,1,0,0,0,1,0,0,0,0
37.528356,0,0,0,0,0,0,0,1,0
37.532248,0,1,0,0,0,0,0,0,0
37.541726,0,0,1,0,0,0,0,0,0
37.549949,0,0,0,1,0,0,0,0,0
37.552100,0,0,0,0,0,1,0,0,0
37.553871,0,0,0,0,0,0,0,0,1
37.556376,0,0,0,0,0,0,1,0,0
37.557321,0,1,0,0,0,0,0,0,0
37.571698,1,0,0,0,0,0,0,0,0
37.593176,0,0,1,0,1,0,0,0,0
37.596846,0,0,0,0,0,0,0,1,0
37.599213,0,0,0,1,0,0,0,0,0
37.599878,0,0,0,0,0,0,1,0,0
37.602416,0,0,0,0,0,1,0,0,0
37.604362,0,0,0,0,0,0,0,0,1
37.613078,1,0,0,0,0,0,0,0,0
37.615184,0,0,0,0,1,0,0,0,0
37.621970,0,1,0,0,0,0,0,0,0
37.627847,0,0,0,0,0,0,0,1,0
37.640322,0,0,1,0,0,0,0,0,0
37.647731,0,0,0,0,0,1,0,0,0
37.648448,0,0,0,1,0,0,0,0,0
37.649183,0,0,0,0,0,0,0,0,1
37.653665,0,0,0,0,0,0,1,0,0
37.654113,0,1,0,0,0,0,0,0,0
37.664634,1,0,0,0,0,0,0,0,0
37.688006,0,0,1,0,1,0,0,0,0
37.698297,0,0,0,0,0,0,0,1,0
37.699934,0,0,0,0,0,1,0,0,0
37.700318,0,0,0,1,0,0,0,0,0
37.703015,0,0,0,0,0,0,1,0,0
37.707695,0,0,0,0,0,0,0,0,1
37.715147,1,0,0,0,0,0,0,0,0
37.722903,0,1,0,0,1,0,0,0,0
37.726781,0,0,0,0,0,0,0,1,0
37.744039,0,0,1,0,0,0,0,0,0
37.749077,0,0,0,0,0,1,0,0,0
37.749925,0,0,0,1,0,0,0,0,0
37.754907,0,1,0,0,0,0,0,0,0
37.755547,0,0,0,0,0,0,1,0,0
37.770046,1,0,0,0,0,0,0,0,0
37.778313,0,0,0,0,1,0,0,0,1
37.780943,0,0,0,0,0,0,0,1,0
37.799745,0,0,0,1,0,0,0,0,0
37.802881,0,0,0,0,0,0,1,0,0
37.802972,0,0,0,0,0,1,0,0,0
37.803072,0,1,0,0,0,0,0,0,0
37.816487,0,0,1,0,0,0,0,0,0
37.818913,1,0,0,0,1,0,0,0,0
37.821295,0,0,0,0,0,0,0,0,1
37.821791,0,0,0,0,0,0,0,1,0
37.848094,0,0,0,0,0,1,0,0,0
37.848280,0,0,0,0,0,0,0,0,1
37.849803,0,0,0,1,0,0,0,0,0
37.849959,0,1,0,0,0,0,0,0,0
37.849997,0,0,0,0,0,0,1,0,0
37.857462,0,0,1,0,0,0,0,0,0
37.868734,1,0,0,0,1,0,0,0,0
37.871032,0,0,0,0,0,0,0,1,0
37.886091,0,0,1,0,0,0,0,0,0
37.894653,0,1,0,0,0,0,0,0,0
37.900725,0,0,0,0,0,1,0,0,0
37.901160,0,0,0,1,0,0,0,0,0
37.905601,0,0,0,0,0,0,1,0,0
37.911220,0,0,0,0,0,0,0,0,1
37.919948,1,0,0,0,0,0,0,0,0
37.948908,0,0,1,0,0,0,0,0,0
37.949561,0,0,0,1,0,0,0,0,0
37.951080,0,0,0,0,0,1,0,0,0
37.960556,0,0,0,0,0,0,1,0,0
37.964920,0,0,0,0,1,0,0,0,1
37.967920,0,0,0,0,0,0,0,1,0
37.972010,1,0,0,0,1,0,0,0,0
37.974099,0,0,0,0,0,0,0,1,0
37.988399,0,1,0,0,0,0,0,0,0
37.999114,0,1,0,0,0,0,0,0,0
38.000878,0,0,0,1,0,0,0,0,0
38.001433,0,0,0,0,0,1,0,0,0
38.002187,0,0,1,0,0,0,0,0,0
38.012077,0,0,0,0,0,0,0,0,1
38.014255,0,0,0,0,0,0,1,0,0
38.027581,1,0,0,0,0,0,0,0,0
38.049343,0,0,0,1,0,0,0,0,0
38.049489,0,0,1,0,1,0,0,0,0
38.050039,0,0,0,0,0,1,0,0,0
38.050630,0,0,0,0,0,0,0,1,0
38.056667,0,0,0,0,0,0,0,0,1
38.063291,0,0,0,0,0,0,1,0,0
38.076248,1,0,0,0,0,0,0,0,0
38.076855,0,0,0,0,1,0,0,0,0
38.077489,0,1,0,0,0,0,0,0,0
38.082891,0,0,0,0,0,0,0,1,0
38.088009,0,0,1,0,0,0,0,0,0
38.099546,0,0,0,1,0,0,0,0,0
38.101335,0,0,0,0,0,1,0,0,0
38.104707,0,0,0,0,0,0,0,0,1
38.107595,0,1,0,0,0,0,0,0,0
38.121805,0,0,0,0,0,0,1,0,0
38.134604,1,0,0,0,1,0,0,0,0
38.138951,0,0,1,0,0,0,0,0,0
38.150821,0,0,0,0,0,1,0,0,0
38.150917,0,0,0,1,0,0,0,0,0
38.152783,0,0,0,0,0,0,0,1,0
38.164227,0,0,0,0,0,0,0,0,1
38.170156,0,0,0,0,0,0,1,0,0
38.176794,0,1,0,0,0,0,0,0,0
38.188235,1,0,0,0,1,0,0,0,0
38.195397,0,0,0,0,0,0,0,1,0
38.198715,0,0,0,0,0,1,0,0,0
38.201355,0,0,0,1,0,0,0,0,0
38.203230,0,0,0,0,0,0,1,0,0
38.203628,0,0,1,0,0,0,0,0,0
38.213836,1,0,0,0,1,0,0,0,0
38.216237,0,1,0,0,0,0,0,0,0
38.227394,0,0,0,0,0,0,0,0,1
38.229572,0,0,0,0,0,0,0,1,0
38.250078,0,0,0,1,0,0,0,0,0
38.251688,0,1,0,0,0,0,0,0,0
38.252727,0,0,0,0,0,1,0,0,0
38.258603,0,0,0,0,0,0,1,0,0
38.262335,0,0,0,0,0,0,0,0,1
38.266376,0,0,1,0,0,0,0,0,0
38.274036,1,0,0,0,1,0,0,0,0
38.285765,0,0,0,0,0,0,0,1,0
38.297394,0,0,0,0,0,1,0,0,0
38.299914,0,0,1,0,0,0,0,0,0
38.300300,0,0,0,1,0,0,0,0,0
38.302604,0,0,0,0,0,0,1,0,0
38.311549,0,1,0,0,0,0,0,0,0
38.313730,1,0,0,0,0,0,0,0,0
38.321810,0,0,0,0,1,0,0,0,1
38.326430,0,0,0,0,0,0,0,1,0
38.348063,0,1,0,0,0,0,0,0,0
38.349241,0,0,0,1,0,0,0,0,0
38.350112,0,0,0,0,0,1,0,0,0
38.360897,0,0,1,0,0,0,0,0,0
38.362897,0,0,0,0,0,0,0,0,1
38.363573,0,0,0,0,0,0,1,0,0
38.379103,1,0,0,0,1,0,0,0,0
38.380091,0,0,0,0,0,0,0,1,0
38.396098,0,0,1,0,0,0,0,0,0
38.399815,0,0,0,1,0,0,0,0,0
38.400401,0,0,0,0,0,0,1,0,0
38.401963,0,0,0,0,0,1,0,0,0
38.402675,0,1,0,0,0,0,0,0,0
38.403949,0,0,0,0,0,0,0,0,1
38.411810,1,0,0,0,1,0,0,0,0
38.417982,0,0,0,0,0,0,0,1,0
38.439557,0,0,1,0,0,0,0,0,0
38.440380,0,1,0,0,0,0,0,0,0
38.446589,0,0,0,0,0,1,0,0,0
38.450035,0,0,0,1,0,0,0,0,0
38.450590,0,0,0,0,0,0,1,0,0
38.455561,0,0,0,0,0,0,0,0,1
38.467167,1,0,0,0,1,0,0,0,0
38.495185,0,0,1,0,0,0,0,0,0
38.498733,0,0,0,0,0,1,0,0,0
38.501491,0,0,0,1,0,0,0,0,0
38.502801,0,0,0,0,0,0,0,1,0
38.503033,0,0,0,0,0,0,1,0,0
38.509019,0,0,0,0,0,0,0,0,1
38.519235,1,0,0,0,1,0,0,0,0
38.527520,0,0,0,0,0,0,0,1,0
38.529218,0,1,0,0,0,0,0,0,0
38.539227,0,0,1,0,0,0,0,0,0
38.548719,0,0,0,0,0,1,0,0,0
38.550724,0,0,0,0,0,0,0,0,1
38.550933,0,0,0,1,0,0,0,0,0
38.552589,0,0,0,0,0,0,1,0,0
38.554364,0,1,0,0,0,0,0,0,0
38.566637,1,0,0,0,1,0,0,0,0
38.573402,0,0,0,0,0,0,0,1,0
38.589858,0,0,1,0,0,0,0,0,0
38.596354,0,1,0,0,0,0,0,0,0
38.599172,0,0,0,1,0,0,0,0,0
38.602849,0,0,0,0,0,1,0,0,0
38.604366,0,0,0,0,0,0,1,0,0
38.604721,0,0,0,0,0,0,0,0,1
38.619042,1,0,0,0,1,0,0,0,0
38.630493,0,0,0,0,0,0,0,1,0
38.643437,0,0,1,0,0,0,0,0,0
38.649207,0,0,0,0,0,1,0,0,0
38.650006,0,0,0,1,0,0,0,0,0
38.650040,0,0,0,0,0,0,0,0,1
38.653835,0,0,0,0,0,0,1,0,0
38.654158,0,1,0,0,0,0,0,0,0
38.668466,1,0,0,0,1,0,0,0,0
38.673953,0,0,0,0,0,0,0,1,0
38.686941,0,0,1,0,0,0,0,0,0
38.698534,0,1,0,0,0,0,0,0,0
38.698784,0,0,0,1,0,0,0,0,0
38.698986,0,0,0,0,0,1,0,0,0
38.700832,0,0,0,0,0,0,1,0,0
38.718329,1,0,0,0,1,0,0,0,0
38.727764,0,0,0,0,0,0,0,1,0
38.739690,0,0,0,0,0,0,0,0,1
38.750383,0,1,0,0,0,0,0,0,0
38.750932,0,0,0,0,0,1,0,0,0
38.751649,0,0,0,1,0,0,0,0,0
38.752633,0,0,0,0,0,0,0,0,1
38.775729,0,0,1,0,0,0,0,0,0
38.778724,0,0,0,0,0,0,1,0,0
38.792119,0,0,1,0,0,0,0,0,0
38.797803,1,0,0,0,0,0,0,0,0
38.798491,0,0,0,1,0,0,0,0,0
38.799470,0,0,0,0,1,0,0,0,0
38.800369,0,0,0,0,0,1,0,0,0
38.800584,0,0,0,0,0,0,0,0,1
38.802679,0,0,0,0,0,0,1,0,0
38.804585,0,0,0,0,0,0,0,1,0
38.818043,1,0,0,0,1,0,0,0,0
38.818222,0,0,0,0,0,0,0,1,0
38.826247,0,1,0,0,0,0,0,0,0
38.840309,0,0,1,0,0,0,0,0,0
38.843258,0,1,0,0,0,0,0,0,0
38.849435,0,0,0,0,0,1,0,0,0
38.851198,0,0,0,1,0,0,0,0,0
38.857035,0,0,0,0,0,0,1,0,0
38.859171,0,0,0,0,0,0,0,0,1
38.873394,1,0,0,0,0,0,0,0,0
38.887636,0,0,0,0,1,0,0,0,0
38.890091,0,0,0,0,0,0,0,1,0
38.893602,0,0,1,0,0,0,0,0,0
38.900463,0,0,0,0,0,1,0,0,0
38.901714,0,0,0,1,0,0,0,0,0
38.902385,0,0,0,0,0,0,1,0,0
38.910772,0,0,0,0,0,0,0,0,1
38.913218,1,0,0,0,1,0,0,0,0
38.913874,0,1,0,0,0,0,0,0,0
38.915819,0,0,0,0,0,0,0,1,0
38.941924,0,1,0,0,0,0,0,0,0
38.949776,0,0,1,0,0,0,0,0,0
38.950240,0,0,0,0,0,1,0,0,0
38.951122,0,0,0,1,0,0,0,0,0
38.955660,0,0,0,0,0,0,1,0,0
38.970736,1,0,0,0,1,0,0,0,0
38.971256,0,0,0,0,0,0,0,1,0
38.974657,0,0,0,0,0,0,0,0,1
38.996754,0,1,0,0,0,0,0,0,0
38.996799,0,0,0,0,0,1,0,0,0
38.998704,0,0,0,1,0,0,0,0,0
39.008543,0,0,0,0,0,0,1,0,0
39.012634,0,0,1,0,0,0,0,0,0
39.020081,0,0,0,0,0,0,0,0,1
39.027110,1,0,0,0,0,0,0,0,0
39.049645,0,0,0,1,0,0,0,0,0
39.051961,0,0,0,0,0,0,1,0,0
39.053087,0,0,0,0,0,1,0,0,0
39.056944,0,0,1,0,1,0,0,0,0
39.066109,0,0,0,0,0,0,0,1,0
39.068042,1,0,0,0,0,0,0,0,0
39.070232,0,0,0,0,1,0,0,0,0
39.090806,0,1,0,0,0,0,0,0,0
39.095856,0,0,0,0,0,0,0,0,1
39.097035,0,0,0,0,0,0,0,1,0
39.099523,0,0,0,1,0,0,0,0,0
39.102942,0,0,0,0,0,1,0,0,0
39.105111,0,0,0,0,0,0,0,0,1
39.116749,0,0,0,0,0,0,1,0,0
39.118581,0,1,0,0,0,0,0,0,0
39.132861,1,0,0,0,1,0,0,0,0
39.134698,0,0,1,0,0,0,0,0,0
39.136484,0,0,0,0,0,0,0,1,0
39.139812,0,0,1,0,0,0,0,0,0
39.147498,0,0,0,0,0,1,0,0,0
39.150580,0,0,0,1,0,0,0,0,0
39.158053,0,1,0,0,0,0,0,0,0
39.160254,0,0,0,0,0,0,0,0,1
39.179946,0,0,0,0,0,0,1,0,0
39.194536,0,0,1,0,0,0,0,0,0
39.194726,1,0,0,0,0,0,0,0,0
39.195803,0,0,0,0,1,0,0,0,0
39.196570,0,0,0,0,0,0,0,1,0
39.200126,0,0,0,0,0,1,0,0,0
39.200861,0,0,0,1,0,0,0,0,0
39.201800,0,0,0,0,0,0,0,0,1
39.221214,0,1,0,0,0,0,0,0,0
39.232554,0,0,0,0,0,0,1,0,0
39.238818,0,0,1,0,0,0,0,0,0
39.244400,1,0,0,0,0,0,0,0,0
39.249340,0,0,0,0,0,1,0,0,0
39.249666,0,0,0,1,1,0,0,0,0
39.253207,0,0,0,0,0,0,0,1,0
39.273934,0,0,0,0,0,0,1,0,0
39.278985,0,0,0,0,0,0,0,0,1
39.282402,0,1,0,0,0,0,0,0,0
39.286341,1,0,0,0,0,0,0,0,0
39.299374,0,0,0,1,1,0,0,0,0
39.300058,0,0,0,0,0,1,0,0,0
39.303064,0,0,0,0,0,0,1,0,0
39.304000,0,0,0,0,0,0,0,0,1
39.309895,0,0,1,0,0,0,0,0,0
39.321670,1,0,0,0,1,0,0,0,0
39.331472,0,0,0,0,0,0,0,1,0
39.343732,0,0,1,0,0,0,0,0,0
39.349505,0,0,0,1,0,0,0,0,0
39.351291,0,0,0,0,0,1,0,0,0
39.351922,0,0,0,0,0,0,1,0,0
39.353017,0,0,0,0,0,0,0,1,0
39.358512,0,1,0,0,0,0,0,0,0
39.364569,1,0,0,0,1,0,0,0,0
39.374351,0,1,0,0,0,0,0,0,0
39.374978,0,0,0,0,0,0,0,0,1
39.400218,0,0,0,1,0,0,0,0,0
39.400609,0,0,0,0,0,0,1,0,0
39.402937,0,0,0,0,0,1,0,0,0
39.408502,0,0,0,0,0,0,0,0,1
39.409332,0,0,1,0,0,0,0,0,0
39.412818,1,0,0,0,1,0,0,0,0
39.422090,0,0,0,0,0,0,0,1,0
39.443073,0,0,1,0,0,0,0,0,0
39.445863,0,0,0,0,0,0,0,1,0
39.447676,0,1,0,0,0,0,0,0,0
39.450497,0,0,0,1,0,0,0,0,0
39.452904,0,0,0,0,0,1,0,0,0
39.459441,0,0,0,0,0,0,1,0,0
39.460547,0,0,0,0,0,0,0,0,1
39.469409,0,1,0,0,0,0,0,0,0
39.475161,1,0,0,0,1,0,0,0,0
39.497908,0,0,1,0,0,0,0,0,0
39.498123,0,0,0,0,0,0,0,1,0
39.499262,0,0,0,1,0,0,0,0,0
39.499886,0,0,0,0,0,1,0,0,0
39.502955,0,0,0,0,0,0,0,0,1
39.507457,0,0,0,0,0,0,1,0,0
39.519266,1,0,0,0,1,0,0,0,0
39.526892,0,1,0,0,0,0,0,0,0
39.529129,0,0,0,0,0,0,0,1,0
39.540187,0,0,1,0,0,0,0,0,0
39.549320,0,0,0,1,0,0,0,0,0
39.551630,0,0,0,0,0,1,0,0,0
39.553861,0,1,0,0,0,0,0,0,0
39.579704,0,0,0,0,0,0,0,0,1
39.600393,0,0,0,1,0,0,0,0,0
39.602590,0,0,0,0,0,1,0,0,0
39.606757,0,0,0,0,0,0,0,0,1
39.609923,0,0,0,0,0,0,1,0,0
39.618023,0,0,1,0,0,0,0,0,0
39.621055,1,0,0,0,1,0,0,0,0
39.625512,0,0,0,0,0,0,1,0,0
39.629851,0,0,0,0,0,0,0,1,0
39.639236,1,0,0,0,0,0,0,0,0
39.640126,0,0,1,0,0,0,0,0,0
39.649915,0,0,0,1,1,0,0,0,0
39.652155,0,1,0,0,0,0,0,0,0
39.652631,0,0,0,0,0,1,0,0,0
39.655735,0,0,0,0,0,0,0,1,0
39.658093,0,0,0,0,0,0,0,0,1
39.661703,0,0,0,0,0,0,1,0,0
39.672550,1,0,0,0,1,0,0,0,0
39.673047,0,0,0,0,0,0,0,1,0
39.681106,0,1,0,0,0,0,0,0,0
39.693939,0,0,1,0,0,0,0,0,0
39.694161,0,1,0,0,0,0,0,0,0
39.698328,0,0,0,0,0,1,0,0,0
39.700220,0,0,0,1,0,0,0,0,0
39.701675,0,0,0,0,0,0,1,0,0
39.712440,1,0,0,0,1,0,0,0,0
39.715866,0,0,0,0,0,0,0,0,1
39.716165,0,0,0,0,0,0,0,1,0
39.741064,0,1,0,0,0,0,0,0,0
39.749553,0,0,0,1,0,0,0,0,0
39.751582,0,0,1,0,0,0,0,0,0
39.753427,0,0,0,0,0,1,0,0,0
39.755883,0,0,0,0,0,0,0,0,1
39.777919,0,0,0,0,0,0,1,0,0
39.793848,1,0,0,0,1,0,0,0,0
39.794879,0,0,1,0,0,0,0,0,0
39.799510,0,0,0,0,0,1,0,0,0
39.800301,0,0,0,0,0,0,0,1,0
39.800689,0,0,0,1,0,0,0,0,0
39.801069,0,0,0,0,0,0,0,0,1
39.807054,0,0,0,0,0,0,1,0,0
39.819709,1,0,0,0,0,0,0,0,0
39.821201,0,0,0,0,1,0,0,0,0
39.826612,0,1,0,0,0,0,0,0,0
39.838630,0,0,1,0,0,0,0,0,0
39.842746,0,0,0,0,0,0,0,1,0
39.850091,0,0,0,0,0,1,0,0,0
39.851429,0,0,0,1,0,0,0,0,0
39.856596,0,0,0,0,0,0,0,0,1
39.857413,0,0,0,0,0,0,1,0,0
39.862863,0,1,0,0,0,0,0,0,0
39.868083,1,0,0,0,1,0,0,0,0
39.869873,0,0,0,0,0,0,0,1,0
39.890397,0,1,0,0,0,0,0,0,0
39.895419,0,0,1,0,0,0,0,0,0
39.898331,0,0,0,0,0,1,0,0,0
39.899484,0,0,0,0,0,0,0,0,1
39.899860,0,0,0,1,0,0,0,0,0
39.902183,0,0,0,0,0,0,1,0,0
39.918028,1,0,0,0,0,0,0,0,0
39.932761,0,0,0,0,1,0,0,0,0
39.938150,0,0,1,0,0,0,0,0,0
39.940015,0,0,0,0,0,0,0,1,0
39.949388,0,0,0,0,0,1,0,0,0
39.950056,0,0,0,1,0,0,0,0,0
39.952412,0,0,0,0,0,0,0,0,1
39.953177,0,0,0,0,0,0,1,0,0
39.967371,1,0,0,0,1,0,0,0,0
39.968490,0,1,0,0,0,0,0,0,0
39.983333,0,0,1,0,0,0,0,0,0
39.991203,0,0,0,0,0,0,0,1,0
39.999762,0,0,0,0,0,1,0,0,0
40.000444,0,0,0,1,0,0,0,0,0
40.008048,0,0,0,0,0,0,1,0,0
40.017991,0,1,0,0,0,0,0,0,0
40.021100,0,0,0,0,0,0,0,0,1
40.022757,1,0,0,0,1,0,0,0,0
40.024139,0,0,0,0,0,0,0,1,0
40.048351,0,0,0,1,0,0,0,0,0
40.049315,0,0,0,0,0,0,1,0,0
40.050106,0,1,0,0,0,0,0,0,0
40.050511,0,0,0,0,0,1,0,0,0
40.054245,0,0,0,0,0,0,0,0,1
40.058110,0,0,1,0,0,0,0,0,0
40.065777,1,0,0,0,0,0,0,0,0
40.080726,0,0,0,0,1,0,0,0,0
40.091312,0,0,1,0,0,0,0,0,0
40.097711,0,0,0,0,0,0,0,1,0
40.100582,0,0,0,1,0,0,0,0,0
40.101200,0,0,0,0,0,1,0,0,0
40.107000,0,0,0,0,0,0,1,0,0
40.112414,0,0,0,0,0,0,0,0,1
40.126299,1,0,0,0,0,0,0,0,0
40.126597,0,1,0,0,1,0,0,0,0
40.136937,0,0,0,0,0,0,0,1,0
40.145513,0,0,1,0,0,0,0,0,0
40.148378,0,0,0,1,0,0,0,0,0
40.151668,0,0,0,0,0,0,1,0,0
40.152546,0,0,0,0,0,1,0,0,0
40.156215,0,0,0,0,0,0,0,0,1
40.166555,0,1,0,0,0,0,0,0,0
40.168688,1,0,0,0,1,0,0,0,0
40.188571,0,0,1,0,0,0,0,0,0
40.192511,0,0,0,0,0,0,0,1,0
40.196857,0,0,0,0,0,1,0,0,0
40.201268,0,0,0,1,0,0,0,0,0
40.208166,0,0,0,0,0,0,1,0,0
40.209748,0,0,0,0,0,0,0,0,1
40.217475,0,1,0,0,0,0,0,0,0
40.219214,1,0,0,0,0,0,0,0,0
40.237222,0,0,0,0,1,0,0,0,0
40.244378,0,0,1,0,0,0,0,0,0
40.251383,0,0,0,1,0,0,0,0,0
40.251750,0,0,0,0,0,1,0,0,0
40.252949,0,0,0,0,0,0,0,1,0
40.256069,0,0,0,0,0,0,1,0,0
40.268027,0,0,0,0,0,0,0,0,1
40.270728,1,0,0,0,0,0,0,0,0
40.279504,0,1,0,0,0,0,0,0,0
40.300519,0,0,0,0,1,1,0,0,0
40.300842,0,0,0,1,0,0,0,0,0
40.301661,0,0,1,0,0,0,0,0,0
40.304027,0,0,0,0,0,0,0,1,0
40.306130,0,0,0,0,0,0,0,0,1
40.316668,0,0,0,0,0,0,1,0,0
40.325230,0,1,0,0,0,0,0,0,0
40.329279,1,0,0,0,1,0,0,0,0
40.330954,0,0,0,0,0,0,0,1,0
40.342712,0,0,1,0,0,0,0,0,0
40.349708,0,0,0,0,0,1,0,0,0
40.350974,0,0,0,1,0,0,0,0,0
40.351801,0,0,0,0,0,0,1,0,0
40.353971,0,0,0,0,0,0,0,0,1
40.357652,0,1,0,0,0,0,0,0,0
40.367234,1,0,0,0,0,0,0,0,0
40.390350,0,0,1,0,1,0,0,0,0
40.395122,0,0,0,0,0,0,0,1,0
40.396434,0,0,0,0,0,1,0,0,0
40.399879,0,0,0,1,0,0,0,0,0
40.401593,0,0,0,0,0,0,1,0,0
40.401873,0,0,0,0,0,0,0,0,1
40.414803,1,0,0,0,1,0,0,0,0
40.424952,0,1,0,0,0,0,0,0,0
40.429552,0,0,0,0,0,0,0,1,0
40.440803,0,0,1,0,0,0,0,0,0
40.448477,0,0,0,1,0,0,0,0,0
40.448790,0,0,0,0,0,1,0,0,0
40.457209,0,0,0,0,0,0,1,0,0
40.457884,0,1,0,0,0,0,0,0,0
40.459370,0,0,0,0,0,0,0,0,1
40.468607,1,0,0,0,0,0,0,0,0
40.489263,0,0,0,0,1,0,0,0,0
40.491515,0,0,1,0,0,0,0,0,0
40.500127,0,0,0,1,0,0,0,0,0
40.501513,0,0,0,0,0,0,0,1,0
40.503040,0,0,0,0,0,1,0,0,0
40.508707,0,0,0,0,0,0,0,0,1
40.513019,0,0,0,0,0,0,1,0,0
40.523792,1,0,0,0,1,0,0,0,0
40.523899,0,1,0,0,0,0,0,0,0
40.531897,0,0,0,0,0,0,0,1,0
40.546514,0,0,1,0,0,0,0,0,0
40.549339,0,0,0,1,0,0,0,0,0
40.549767,0,0,0,0,0,1,0,0,0
40.553120,0,1,0,0,0,0,0,0,0
40.553427,0,0,0,0,0,0,0,0,1
40.553454,0,0,0,0,0,0,1,0,0
40.568074,1,0,0,0,1,0,0,0,0
40.570818,0,0,0,0,0,0,0,1,0
40.588905,0,0,1,0,0,0,0,0,0
40.592166,0,1,0,0,0,0,0,0,0
40.599789,0,0,0,0,0,1,0,0,0
40.599953,0,0,0,0,0,0,0,0,1
40.601206,0,0,0,1,0,0,0,0,0
40.618531,0,0,0,0,0,0,1,0,0
40.629655,1,0,0,0,1,0,0,0,0
40.637282,0,0,1,0,0,0,0,0,0
40.643128,0,0,0,0,0,0,0,1,0
40.649475,0,0,0,1,0,0,0,0,0
40.652249,0,0,0,0,0,1,0,0,0
40.656947,0,0,0,0,0,0,1,0,0
40.668014,0,0,0,0,0,0,0,0,1
40.668247,0,1,0,0,0,0,0,0,0
40.675076,1,0,0,0,1,0,0,0,0
40.677952,0,0,0,0,0,0,0,1,0
40.699476,0,0,0,1,0,0,0,0,0
40.701249,0,0,0,0,0,1,0,0,0
40.704369,0,0,1,0,0,0,0,0,0
40.704771,0,1,0,0,0,0,0,0,0
40.710302,0,0,0,0,0,0,0,0,1
40.732587,0,0,0,0,0,0,1,0,0
40.744896,1,0,0,0,1,0,0,0,0
40.749430,0,0,1,0,0,0,0,0,0
40.750480,0,0,0,1,0,0,0,0,0
40.751532,0,0,0,0,0,1,0,0,0
40.751696,0,0,0,0,0,0,0,1,0
40.753053,0,0,0,0,0,0,0,0,1
40.773475,0,1,0,0,0,0,0,0,0
40.776730,0,0,0,0,0,0,1,0,0
40.790571,0,0,1,0,0,0,0,0,0
40.794202,1,0,0,0,1,0,0,0,0
40.796706,0,0,0,0,0,0,0,1,0
40.798373,0,0,0,0,0,1,0,0,0
40.799460,0,0,0,1,0,0,0,0,0
40.810360,0,0,0,0,0,0,1,0,0
40.815864,0,0,0,0,0,0,0,0,1
40.818818,0,1,0,0,0,0,0,0,0
40.824123,1,0,0,0,1,0,0,0,0
40.827901,0,0,0,0,0,0,0,1,0
40.847847,0,0,0,0,0,1,0,0,0
40.849082,0,0,0,1,0,0,0,0,0
40.850994,0,0,0,0,0,0,1,0,0
40.852126,0,1,0,0,0,0,0,0,0
40.853418,0,0,1,0,0,0,0,0,0
40.857978,0,0,0,0,0,0,0,0,1
40.864551,1,0,0,0,1,0,0,0,0
40.876732,0,0,0,0,0,0,0,1,0
40.894191,0,0,1,0,0,0,0,0,0
40.897892,0,0,0,0,0,1,0,0,0
40.900251,0,1,0,0,0,0,0,0,0
40.901705,0,0,0,1,0,0,0,0,0
40.907016,0,0,0,0,0,0,0,0,1
40.945521,0,0,0,0,0,0,1,0,0
40.945998,0,0,1,0,0,0,0,0,0
40.950592,0,0,0,1,0,0,0,0,0
40.953334,0,0,0,0,0,1,0,0,0
40.959916,1,0,0,0,1,0,0,0,0
40.960514,0,0,0,0,0,0,0,0,1
40.961807,0,0,0,0,0,0,0,1,0
40.969801,0,0,0,0,0,0,1,0,0
40.981810,0,1,0,0,0,0,0,0,0
40.987031,1,0,0,0,1,0,0,0,0
40.991306,0,0,1,0,0,0,0,0,0
40.993513,0,0,0,0,0,0,0,1,0
40.997294,0,0,0,0,0,1,0,0,0
40.998576,0,0,0,1,0,0,0,0,0
41.006479,0,0,0,0,0,0,0,0,1
41.018315,0,1,0,0,0,0,0,0,0
41.027669,0,0,0,0,0,0,1,0,0
41.045628,0,0,1,0,0,0,0,0,0
41.047124,1,0,0,0,1,0,0,0,0
41.047774,0,0,0,0,0,0,0,1,0
41.050123,0,0,0,1,0,0,0,0,0
41.053808,0,0,0,0,0,1,0,0,0
41.059436,0,0,0,0,0,0,1,0,0
41.072212,1,0,0,0,0,0,0,0,0
41.073545,0,1,0,0,0,0,0,0,0
41.076703,0,0,0,0,0,0,0,0,1
41.093767,0,0,0,0,1,0,0,0,0
41.098801,0,0,0,0,0,1,0,0,0
41.100151,0,0,0,1,0,0,0,0,0
41.100434,0,0,0,0,0,0,0,1,0
41.101354,0,0,0,0,0,0,0,0,1
41.112002,0,0,1,0,0,0,0,0,0
41.112652,0,0,0,0,0,0,1,0,0
41.125095,1,0,0,0,0,0,0,0,0
41.128580,0,1,0,0,0,0,0,0,0
41.140010,0,0,1,0,1,0,0,0,0
41.144335,0,0,0,0,0,0,0,1,0
41.146079,0,0,0,0,0,1,0,0,0
41.148374,0,0,0,1,0,0,0,0,0
41.150861,0,0,0,0,0,0,1,0,0
41.160451,0,0,0,0,0,0,0,0,1
41.163516,1,0,0,0,0,0,0,0,0
41.173998,0,1,0,0,1,0,0,0,0
41.183110,0,0,0,0,0,0,0,1,0
41.192097,0,0,1,0,0,0,0,0,0
41.198905,0,0,0,1,0,0,0,0,0
41.200711,0,0,0,0,0,1,0,0,0
41.207016,0,0,0,0,0,0,0,0,1
41.211262,0,1,0,0,0,0,0,0,0
41.215860,0,0,0,0,0,0,1,0,0
41.233923,1,0,0,0,1,0,0,0,0
41.246334,0,0,1,0,0,0,0,0,0
41.247229,0,0,0,0,0,0,0,1,0
41.247959,0,0,0,0,0,1,0,0,0
41.249991,0,0,0,1,0,0,0,0,0
41.250761,0,0,0,0,0,0,0,0,1
41.252411,0,0,0,0,0,0,1,0,0
41.268795,0,1,0,0,0,0,0,0,0
41.271162,1,0,0,0,1,0,0,0,0
41.277417,0,0,0,0,0,0,0,1,0
41.285628,0,0,1,0,0,0,0,0,0
41.299209,0,0,0,1,0,0,0,0,0
41.299821,0,0,0,0,0,0,1,0,0
41.300547,0,1,0,0,0,0,0,0,0
41.302895,0,0,0,0,0,1,0,0,0
41.310569,1,0,0,0,0,0,0,0,0
41.325097,0,0,0,0,1,0,0,0,1
41.335611,0,0,0,0,0,0,0,1,0
41.348840,0,0,0,1,0,0,0,0,0
41.349377,0,0,0,0,0,0,1,0,0
41.353474,0,0,0,0,0,1,0,0,0
41.362903,0,1,0,0,0,0,0,0,0
41.363171,0,0,1,0,0,0,0,0,0
41.364117,0,0,0,0,0,0,0,0,1
41.365868,1,0,0,0,0,0,0,0,0
41.400114,0,0,0,1,1,0,0,0,0
41.403566,0,0,0,0,0,1,0,0,0
41.403865,0,0,1,0,0,0,0,0,0
41.404282,0,0,0,0,0,0,1,0,0
41.408193,0,0,0,0,0,0,0,0,1
41.411370,0,0,0,0,0,0,0,1,0
41.416986,1,0,0,0,1,0,0,0,0
41.425329,0,0,0,0,0,0,0,1,0
41.434400,0,1,0,0,0,0,0,0,0
41.442067,0,0,1,0,0,0,0,0,0
41.448605,0,1,0,0,0,0,0,0,0
41.449250,0,0,0,1,0,0,0,0,0
41.451780,0,0,0,0,0,1,0,0,0
41.463541,0,0,0,0,0,0,0,0,1
41.465196,0,0,0,0,0,0,1,0,0
41.478738,1,0,0,0,1,0,0,0,0
41.488216,0,0,0,0,0,0,0,1,0
41.501853,0,0,0,1,0,0,0,0,0
41.502322,0,0,1,0,0,0,0,0,0
41.503710,0,0,0,0,0,1,0,0,0
41.506652,0,0,0,0,0,0,1,0,0
41.511942,0,0,0,0,0,0,0,0,1
41.513207,0,1,0,0,0,0,0,0,0
41.518496,1,0,0,0,1,0,0,0,0
41.521158,0,0,0,0,0,0,0,1,0
41.541234,0,1,0,0,0,0,0,0,0
41.543012,0,0,1,0,0,0,0,0,0
41.549976,0,0,0,1,0,0,0,0,0
41.550722,0,0,0,0,0,1,0,0,0
41.568485,0,0,0,0,0,0,0,0,1
41.577555,0,0,0,0,0,0,1,0,0
41.591745,1,0,0,0,1,0,0,0,0
41.597338,0,0,0,0,0,0,0,1,0
41.599072,0,0,0,0,0,1,0,0,0
41.601277,0,0,0,1,0,0,0,0,0
41.601817,0,0,0,0,0,0,1,0,0
41.606201,0,0,1,0,0,0,0,0,0
41.607198,0,0,0,0,0,0,0,0,1
41.616853,1,0,0,0,1,0,0,0,0
41.622384,0,1,0,0,0,0,0,0,0
41.623934,0,0,0,0,0,0,0,1,0
41.644824,0,0,1,0,0,0,0,0,0
41.648943,0,0,0,0,0,1,0,0,0
41.649899,0,0,0,1,0,0,0,0,0
41.650058,0,1,0,0,0,0,0,0,0
41.664019,0,0,0,0,0,0,0,0,1
41.671450,0,0,0,0,0,0,1,0,0
41.682624,1,0,0,0,1,0,0,0,0
41.696732,0,0,1,0,0,0,0,0,0
41.700839,0,0,0,1,0,0,0,0,0
41.701998,0,0,0,0,0,1,0,0,0
41.702543,0,0,0,0,0,0,1,0,0
41.709118,0,0,0,0,0,0,0,0,1
41.710981,0,0,0,0,0,0,0,1,0
41.716548,1,0,0,0,0,0,0,0,0
41.737528,0,1,0,0,0,0,0,0,0
41.748186,0,0,1,0,0,0,0,0,0
41.749143,0,0,0,0,1,0,0,0,0
41.750052,0,0,0,1,0,0,0,0,0
41.750722,0,0,0,0,0,1,0,0,0
41.750765,0,0,0,0,0,0,0,0,1
41.755642,0,0,0,0,0,0,1,0,0
41.757315,0,0,0,0,0,0,0,1,0
41.771716,1,0,0,0,1,0,0,0,0
41.772065,0,0,0,0,0,0,0,1,0
41.781145,0,0,1,0,0,0,0,0,0
41.783806,0,1,0,0,0,0,0,0,0
41.794121,0,1,0,0,0,0,0,0,0
41.799974,0,0,0,1,0,0,0,0,0
41.803491,0,0,0,0,0,1,0,0,0
41.805780,0,0,0,0,0,0,0,0,1
41.813669,0,0,0,0,0,0,1,0,0
41.832211,1,0,0,0,1,0,0,0,0
41.837706,0,0,1,0,0,0,0,0,0
41.845496,0,0,0,0,0,0,0,1,0
41.847450,0,0,0,0,0,1,0,0,0
41.850711,0,0,0,1,0,0,0,0,0
41.850868,0,0,0,0,0,0,1,0,0
41.852498,0,0,0,0,0,0,0,0,1
41.865338,1,0,0,0,1,0,0,0,0
41.865773,0,1,0,0,0,0,0,0,0
41.873497,0,0,0,0,0,0,0,1,0
41.886919,0,0,1,0,0,0,0,0,0
41.895383,0,1,0,0,0,0,0,0,0
41.899017,0,0,0,1,0,0,0,0,0
41.900164,0,0,0,0,0,1,0,0,0
41.905497,0,0,0,0,0,0,1,0,0
41.910393,0,0,0,0,0,0,0,0,1
41.924494,1,0,0,0,1,0,0,0,0
41.943975,0,0,0,0,0,0,0,1,0
41.949204,0,0,0,1,0,0,0,0,0
41.950216,0,0,1,0,0,0,0,0,0
41.950809,0,0,0,0,0,1,0,0,0
41.956989,0,0,0,0,0,0,0,0,1
41.966587,0,1,0,0,0,0,0,0,0
41.966939,0,0,0,0,0,0,1,0,0
41.983451,1,0,0,0,0,0,0,0,0
41.992687,0,0,1,0,0,0,0,0,0
42.000065,0,0,0,1,1,0,0,0,0
42.002397,0,0,0,0,0,0,0,1,0
42.002702,0,0,0,0,0,1,0,0,0
42.012512,0,0,0,0,0,0,1,0,0
42.023418,0,1,0,0,0,0,0,0,0
42.023516,0,0,0,0,0,0,0,0,1
42.030053,1,0,0,0,1,0,0,0,0
42.033256,0,0,0,0,0,0,0,1,0
42.048112,0,0,0,0,0,1,0,0,0
42.048970,0,0,0,1,0,0,0,0,0
42.058380,0,0,1,0,0,0,0,0,0
42.061425,0,1,0,0,0,0,0,0,0
42.068555,0,0,0,0,0,0,0,0,1
42.072303,0,0,0,0,0,0,1,0,0
42.085175,1,0,0,0,1,0,0,0,0
42.091841,0,0,0,0,0,0,0,1,0
42.098236,0,0,0,1,0,0,0,0,0
42.099635,0,0,0,0,0,1,0,0,0
42.107149,0,0,1,0,0,0,0,0,0
42.110257,0,0,0,0,0,0,1,0,0
42.111020,0,0,0,0,0,0,0,0,1
42.115871,0,1,0,0,0,0,0,0,0
42.126505,1,0,0,0,1,0,0,0,0
42.130005,0,0,0,0,0,0,0,1,0
42.143084,0,0,1,0,0,0,0,0,0
42.149536,0,0,0,0,0,1,0,0,0
42.151954,0,0,0,1,0,0,0,0,0
42.157147,0,1,0,0,0,0,0,0,0
42.161558,0,0,0,0,0,0,1,0,0
42.163846,0,0,0,0,0,0,0,0,1
42.177232,1,0,0,0,0,0,0,0,0
42.196429,0,0,0,0,1,1,0,0,0
42.198988,0,0,1,0,0,0,0,0,0
42.199868,0,0,0,1,0,0,0,0,0
42.201255,0,0,0,0,0,0,1,0,0
42.210086,0,0,0,0,0,0,0,0,1
42.213298,1,0,0,0,0,0,0,0,0
42.216303,0,0,0,0,1,0,0,0,0
42.217370,0,0,0,0,0,0,0,1,0
42.225810,0,0,0,0,0,0,0,1,0
42.242015,0,1,0,0,0,0,0,0,0
42.247704,0,0,1,0,0,0,0,0,0
42.248159,0,0,0,0,0,1,0,0,0
42.248942,0,0,0,1,0,0,0,0,0
42.249061,0,1,0,0,0,0,0,0,0
42.250684,0,0,0,0,0,0,1,0,0
42.253366,0,0,0,0,0,0,0,0,1
42.261035,1,0,0,0,1,0,0,0,0
42.261285,0,0,0,0,0,0,0,1,0
42.286690,0,0,1,0,0,0,0,0,0
42.289396,0,1,0,0,0,0,0,0,0
42.298827,0,0,0,1,0,0,0,0,0
42.300019,0,0,0,0,0,1,0,0,0
42.301976,0,0,0,0,0,0,1,0,0
42.305461,0,0,0,0,0,0,0,0,1
42.319130,1,0,0,0,1,0,0,0,0
42.326119,0,0,0,0,0,0,0,1,0
42.342844,0,0,1,0,0,0,0,0,0
42.350083,0,0,0,0,0,1,0,0,0
42.351241,0,0,0,1,0,0,0,0,0
42.353371,0,1,0,0,0,0,0,0,0
42.354342,0,0,0,0,0,0,1,0,0
42.360331,0,0,0,0,0,0,0,0,1
42.368681,1,0,0,0,1,0,0,0,0
42.369101,0,0,0,0,0,0,0,1,0
42.393337,0,1,0,0,0,0,0,0,0
42.394511,0,0,1,0,0,0,0,0,0
42.399458,0,0,0,1,0,0,0,0,0
42.403718,0,0,0,0,0,1,0,0,0
42.405278,0,0,0,0,0,0,1,0,0
42.411301,0,0,0,0,0,0,0,0,1
42.419252,1,0,0,0,0,0,0,0,0
42.426972,0,0,0,0,1,0,0,0,0
42.427534,0,0,0,0,0,0,0,1,0
42.444642,0,0,1,0,0,0,0,0,0
42.447764,0,0,0,0,0,1,0,0,0
42.449005,0,0,0,1,0,0,0,0,0
42.454216,0,1,0,0,0,0,0,0,0
42.460326,0,0,0,0,0,0,1,0,0
42.469262,0,0,0,0,0,0,0,0,1
42.475515,1,0,0,0,1,0,0,0,0
42.487394,0,0,0,0,0,0,0,1,0
42.499363,0,0,0,1,0,0,0,0,0
42.503320,0,0,0,0,0,1,0,0,0
42.506675,0,0,1,0,0,0,0,0,0
42.507453,0,1,0,0,0,0,0,0,0
42.509526,0,0,0,0,0,0,0,0,1
42.510886,0,0,0,0,0,0,1,0,0
42.527314,1,0,0,0,1,0,0,0,0
42.534545,0,0,0,0,0,0,0,1,0
42.547544,0,0,0,0,0,1,0,0,0
42.548328,0,0,0,1,0,0,0,0,0
42.549137,0,0,1,0,0,0,0,0,0
42.551256,0,0,0,0,0,0,0,0,1
42.560283,0,1,0,0,0,0,0,0,0
42.563168,0,0,0,0,0,0,1,0,0
42.577537,1,0,0,0,0,0,0,0,0
42.585142,0,0,1,0,0,0,0,0,0
42.589571,0,0,0,0,1,0,0,0,0
42.591783,0,0,0,0,0,0,0,1,0
42.599342,0,0,0,1,0,0,0,0,0
42.599912,0,0,0,0,0,1,0,0,0
42.603571,0,0,0,0,0,0,0,0,1
42.605840,0,0,0,0,0,0,1,0,0
42.615304,0,1,0,0,0,0,0,0,0
42.621599,1,0,0,0,1,0,0,0,0
42.635830,0,0,0,0,0,0,0,1,0
42.641590,0,0,1,0,0,0,0,0,0
42.649340,0,0,0,1,0,0,0,0,0
42.649826,0,0,0,0,0,1,0,0,0
42.651129,0,0,0,0,0,0,1,0,0
42.661303,0,1,0,0,0,0,0,0,0
42.661351,1,0,0,0,1,0,0,0,0
42.685088,0,0,0,0,0,0,0,1,0
42.700301,0,0,0,1,0,0,0,0,0
42.702087,0,0,0,0,0,1,0,0,0
42.708088,0,0,0,0,0,0,0,0,1
42.709474,0,1,0,0,0,0,0,0,0
42.711263,0,0,0,0,0,0,0,0,1
42.743029,0,0,1,0,0,0,0,0,0
42.743107,0,0,0,0,0,0,1,0,0
42.743429,0,0,1,0,0,0,0,0,0
42.749996,0,0,0,1,0,0,0,0,0
42.751424,0,0,0,0,0,1,0,0,0
42.753529,0,0,0,0,0,0,1,0,0
42.757570,0,0,0,0,0,0,0,0,1
42.760825,1,0,0,0,0,0,0,0,0
42.772040,1,0,0,0,0,0,0,0,0
42.791887,0,0,0,0,1,0,0,0,0
42.792169,0,0,0,0,1,0,0,0,0
42.792450,0,0,0,0,0,0,0,1,0
42.794711,0,0,1,0,0,0,0,0,0
42.799312,0,0,0,0,0,0,0,1,0
42.799552,0,0,0,1,0,0,0,0,0
42.802477,0,0,0,0,0,0,1,0,0
42.803707,0,0,0,0,0,1,0,0,0
42.808068,0,0,0,0,0,0,0,0,1
42.813844,0,1,0,0,0,0,0,0,0
42.819871,0,1,0,0,0,0,0,0,0
42.822032,1,0,0,0,0,0,0,0,0
42.844629,0,0,1,0,0,0,0,0,0
42.849488,0,0,0,0,1,0,0,0,0
42.850645,0,0,0,1,0,0,0,0,0
42.851311,0,0,0,0,0,1,0,0,0
42.851681,0,0,0,0,0,0,0,0,1
42.856668,0,0,0,0,0,0,0,1,0
42.858872,0,0,0,0,0,0,1,0,0
42.874394,1,0,0,0,1,0,0,0,0
42.879569,0,0,0,0,0,0,0,1,0
42.881015,0,1,0,0,0,0,0,0,0
42.889320,0,0,1,0,0,0,0,0,0
42.898142,0,0,0,1,0,0,0,0,0
42.899789,0,0,0,0,0,1,0,0,0
42.900294,0,0,0,0,0,0,1,0,0
42.901524,0,1,0,0,0,0,0,0,0
42.912646,0,0,0,0,0,0,0,0,1
42.914354,1,0,0,0,0,0,0,0,0
42.950559,0,0,1,0,1,0,0,0,0
42.951204,0,0,0,1,0,0,0,0,0
42.951401,0,0,0,0,0,1,0,0,0
42.954844,0,0,0,0,0,0,0,0,1
42.958303,0,0,0,0,0,0,0,1,0
42.966505,0,0,0,0,0,0,1,0,0
42.979763,0,1,0,0,0,0,0,0,0
42.984622,1,0,0,0,0,0,0,0,0
42.987147,0,0,0,0,1,0,0,0,0
42.990906,0,0,0,0,0,0,0,1,0
42.992531,0,0,1,0,0,0,0,0,0
42.999703,0,0,0,1,0,0,0,0,0
43.001325,0,0,0,0,0,1,0,0,0
43.006187,0,0,0,0,0,0,0,0,1
43.011932,0,1,0,0,0,0,0,0,0
43.018509,0,0,0,0,0,0,1,0,0
43.036657,1,0,0,0,0,0,0,0,0
43.038139,0,0,0,0,1,0,0,0,0
43.041473,0,0,1,0,0,0,0,0,0
43.041745,0,0,0,0,0,0,0,1,0
43.049866,0,0,0,1,0,0,0,0,0
43.049978,0,0,0,0,0,0,1,0,0
43.053669,0,0,0,0,0,1,0,0,0
43.066319,0,1,0,0,0,0,0,0,0
43.066452,1,0,0,0,1,0,0,0,0
43.071000,0,0,0,0,0,0,0,0,1
43.082245,0,0,0,0,0,0,0,1,0
43.096232,0,0,0,0,0,1,0,0,0
43.100649,0,0,0,1,0,0,0,0,0
43.104218,0,0,1,0,0,0,0,0,0
43.104226,0,0,0,0,0,0,1,0,0
43.105978,0,1,0,0,0,0,0,0,0
43.121426,0,0,0,0,0,0,0,0,1
43.122827,1,0,0,0,1,0,0,0,0
43.123874,0,0,0,0,0,0,0,1,0
43.148190,0,1,0,0,0,0,0,0,0
43.148952,0,0,0,0,0,1,0,0,0
43.150095,0,0,0,1,0,0,0,0,0
43.157069,0,0,1,0,0,0,0,0,0
43.163025,0,0,0,0,0,0,1,0,0
43.164146,0,0,0,0,0,0,0,0,1
43.175216,1,0,0,0,1,0,0,0,0
43.200630,0,0,0,1,0,0,0,0,0
43.200870,0,0,1,0,0,0,0,0,0
43.201364,0,0,0,0,0,1,0,0,0
43.205087,0,0,0,0,0,0,0,1,0
43.205090,0,0,0,0,0,0,1,0,0
43.215832,1,0,0,0,0,0,0,0,0
43.219222,0,0,0,0,1,0,0,0,0
43.220683,0,0,0,0,0,0,0,0,1
43.224288,0,0,0,0,0,0,0,1,0
43.233282,0,1,0,0,0,0,0,0,0
43.244433,0,1,0,0,0,0,0,0,0
43.246494,0,0,0,0,0,1,0,0,0
43.249509,0,0,0,1,0,0,0,0,0
43.256257,0,0,1,0,0,0,0,0,0
43.259350,0,0,0,0,0,0,0,0,1
43.265505,0,0,0,0,0,0,1,0,0
43.283845,1,0,0,0,0,0,0,0,0
43.292199,0,0,0,0,1,0,0,0,0
43.294177,0,0,1,0,0,0,0,0,0
43.297238,0,0,0,0,0,1,0,0,0
43.298740,0,0,0,0,0,0,0,1,0
43.301099,0,0,0,0,0,0,0,0,1
43.301216,0,0,0,1,0,0,0,0,0
43.320924,0,1,0,0,0,0,0,0,0
43.327237,0,0,0,0,0,0,1,0,0
43.338992,0,0,1,0,0,0,0,0,0
43.339710,1,0,0,0,0,0,0,0,0
43.346868,0,0,0,0,0,1,0,0,0
43.348410,0,0,0,1,1,0,0,0,0
43.348944,0,0,0,0,0,0,1,0,0
43.352067,0,0,0,0,0,0,0,1,0
43.355844,0,0,0,0,0,0,0,0,1
43.361361,1,0,0,0,0,0,0,0,0
43.376909,0,0,0,0,1,0,0,0,0
43.381292,0,1,0,0,0,0,0,0,0
43.394646,0,0,1,0,0,0,0,0,0
43.394763,0,0,0,0,0,0,0,1,0
43.397872,0,0,0,0,0,1,0,0,0
43.399552,0,0,0,1,0,0,0,0,0
43.404047,0,0,0,0,0,0,0,0,1
43.416565,0,0,0,0,0,0,1,0,0
43.416575,0,1,0,0,0,0,0,0,0
43.434292,1,0,0,0,1,0,0,0,0
43.434560,0,0,0,0,0,0,0,1,0
43.436007,0,0,1,0,0,0,0,0,0
43.448268,0,0,0,1,0,0,0,0,0
43.450269,0,0,0,0,0,1,0,0,0
43.457770,0,0,0,0,0,0,1,0,0
43.460091,0,1,0,0,0,0,0,0,0
43.469705,0,0,0,0,0,0,0,0,1
43.474681,1,0,0,0,1,0,0,0,0
43.478161,0,0,0,0,0,0,0,1,0
43.497655,0,0,0,0,0,1,0,0,0
43.498977,0,1,0,0,0,0,0,0,0
43.498977,0,0,0,1,0,0,0,0,0
43.505507,0,0,0,0,0,0,1,0,0
43.507331,0,0,0,0,0,0,0,0,1
43.508723,0,0,1,0,0,0,0,0,0
43.522893,1,0,0,0,1,0,0,0,0
43.545098,0,0,1,0,0,0,0,0,0
43.546254,0,0,0,0,0,1,0,0,0
43.546766,0,0,0,0,0,0,0,1,0
43.550130,0,0,0,1,0,0,0,0,0
43.552785,0,0,0,0,0,0,1,0,0
43.560115,0,0,0,0,0,0,0,0,1
43.568638,0,1,0,0,0,0,0,0,0
43.569992,1,0,0,0,1,0,0,0,0
43.573304,0,0,0,0,0,0,0,1,0
43.593722,0,0,1,0,0,0,0,0,0
43.599962,0,0,0,1,0,0,0,0,0
43.600580,0,0,0,0,0,0,1,0,0
43.601374,0,1,0,0,0,0,0,0,0
43.603846,0,0,0,0,0,1,0,0,0
43.609291,0,0,0,0,0,0,0,0,1
43.613214,1,0,0,0,1,0,0,0,0
43.619416,0,0,0,0,0,0,0,1,0
43.646188,0,1,0,0,0,0,0,0,0
43.647741,0,0,1,0,0,0,0,0,0
43.649572,0,0,0,0,0,1,0,0,0
43.649872,0,0,0,1,0,0,0,0,0
43.650090,0,0,0,0,0,0,1,0,0
43.664911,1,0,0,0,0,0,0,0,0
43.685753,0,0,0,0,0,0,0,0,1
43.699776,0,0,0,1,0,0,0,0,0
43.702288,0,0,0,0,1,0,1,0,0
43.702474,0,0,0,0,0,0,0,1,0
43.703430,0,0,0,0,0,1,0,0,0
43.714169,0,0,0,0,0,0,0,0,1
43.718043,1,0,0,0,0,0,0,0,0
43.719413,0,0,1,0,1,0,0,0,0
43.723082,0,1,0,0,0,0,0,0,0
43.746671,0,0,0,0,0,1,0,0,0
43.749486,0,0,0,0,0,0,0,1,0
43.749726,0,0,0,1,0,0,0,0,0
43.749750,0,0,1,0,0,0,0,0,0
43.750067,0,0,0,0,0,0,1,0,0
43.760987,1,0,0,0,0,0,0,0,0
43.765226,0,0,0,0,1,0,0,0,0
43.771970,0,1,0,0,0,0,0,0,0
43.777925,0,0,0,0,0,0,0,0,1
43.788964,0,0,0,0,0,0,0,1,0
43.798604,0,0,0,1,0,0,0,0,0
43.803388,0,0,0,0,0,1,0,0,0
43.809269,0,0,0,0,0,0,1,0,0
43.814166,0,0,1,0,0,0,0,0,0
43.814389,0,1,0,0,0,0,0,0,0
43.814898,0,0,0,0,0,0,0,0,1
43.822952,1,0,0,0,0,0,0,0,0
43.848854,0,0,0,1,0,0,0,0,0
43.849899,0,0,1,0,0,0,0,0,0
43.850298,0,0,0,0,1,1,0,0,0
43.850730,0,0,0,0,0,0,0,0,1
43.855963,0,0,0,0,0,0,1,0,0
43.868066,0,0,0,0,0,0,0,1,0
43.871932,1,0,0,0,0,0,0,0,0
43.887461,0,0,1,0,1,0,0,0,0
43.890394,0,1,0,0,0,0,0,0,0
43.892440,0,0,0,0,0,0,0,1,0
43.900363,0,0,0,1,0,0,0,0,0
43.901371,0,0,0,0,0,1,0,0,0
43.902376,0,0,0,0,0,0,0,0,1
43.917643,0,1,0,0,0,0,0,0,0
43.927340,0,0,0,0,0,0,1,0,0
43.940239,0,0,1,0,0,0,0,0,0
43.941388,1,0,0,0,1,0,0,0,0
43.948809,0,0,0,1,0,0,0,0,0
43.948968,0,0,0,0,0,0,0,1,0
43.952000,0,0,0,0,0,1,0,0,0
43.958946,0,0,0,0,0,0,0,0,1
43.959721,0,0,0,0,0,0,1,0,0
43.978333,1,0,0,0,1,0,0,0,0
43.978950,0,1,0,0,0,0,0,0,0
43.980608,0,0,0,0,0,0,0,1,0
43.995380,0,0,1,0,0,0,0,0,0
44.001477,0,0,0,1,0,0,0,0,0
44.001909,0,0,0,0,0,1,0,0,0
44.006456,0,1,0,0,0,0,0,0,0
44.008037,0,0,0,0,0,0,1,0,0
44.023908,0,0,0,0,0,0,0,0,1
44.025563,1,0,0,0,1,0,0,0,0
44.027426,0,0,0,0,0,0,0,1,0
44.049108,0,0,0,0,0,1,0,0,0
44.050098,0,0,0,1,0,0,0,0,0
44.051983,0,0,0,0,0,0,0,0,1
44.052401,0,1,0,0,0,0,0,0,0
44.059563,0,0,1,0,0,0,0,0,0
44.067887,0,0,0,0,0,0,1,0,0
44.084513,0,0,1,0,0,0,0,0,0
44.085047,1,0,0,0,1,0,0,0,0
44.088418,0,0,0,0,0,0,0,1,0
44.097285,0,0,0,0,0,1,0,0,0
44.101129,0,0,0,1,0,0,0,0,0
44.108452,0,1,0,0,0,0,0,0,0
44.114147,0,0,0,0,0,0,0,0,1
44.120991,0,0,0,0,0,0,1,0,0
44.137837,1,0,0,0,0,0,0,0,0
44.149197,0,0,0,0,1,1,0,0,0
44.149381,0,0,0,1,0,0,0,0,0
44.149409,0,0,1,0,0,0,0,0,0
44.158122,0,0,0,0,0,0,0,1,0
44.158598,0,0,0,0,0,0,1,0,0
44.160171,0,0,0,0,0,0,0,0,1
44.176889,1,0,0,0,0,0,0,0,0
44.185093,0,1,0,0,0,0,0,0,0
44.194250,0,0,1,0,0,0,0,0,0
44.200017,0,0,0,1,0,0,0,0,0
44.200891,0,0,0,0,1,0,0,0,0
44.201382,0,0,0,0,0,0,1,0,0
44.203559,0,0,0,0,0,1,0,0,0
44.213085,0,0,0,0,0,0,0,1,0
44.214127,1,0,0,0,1,0,0,0,0
44.223138,0,0,0,0,0,0,0,1,0
44.230539,0,0,0,0,0,0,0,0,1
44.240414,0,1,0,0,0,0,0,0,0
44.249566,0,1,0,0,0,0,0,0,0
44.249941,0,0,0,1,0,0,0,0,0
44.251463,0,0,0,0,0,1,0,0,0
44.255505,0,0,0,0,0,0,0,0,1
44.266411,0,0,0,0,0,0,1,0,0
44.269178,0,0,1,0,0,0,0,0,0
44.283802,1,0,0,0,1,0,0,0,0
44.292374,0,0,0,0,0,0,0,1,0
44.294263,0,0,1,0,0,0,0,0,0
44.298952,0,0,0,1,0,0,0,0,0
44.302008,0,0,0,0,0,1,0,0,0
44.306518,0,0,0,0,0,0,0,0,1
44.308016,0,0,0,0,0,0,1,0,0
44.317755,0,1,0,0,0,0,0,0,0
44.319387,1,0,0,0,0,0,0,0,0
44.330749,0,0,0,0,1,0,0,0,0
44.336881,0,0,0,0,0,0,0,1,0
44.340692,0,0,1,0,0,0,0,0,0
44.349815,0,0,0,1,0,0,0,0,0
44.353178,0,0,0,0,0,1,0,0,0
44.361085,0,0,0,0,0,0,0,0,1
44.366699,0,1,0,0,0,0,0,0,0
44.386603,0,0,0,0,0,0,1,0,0
44.395466,0,0,1,0,0,0,0,0,0
44.398810,1,0,0,0,1,0,0,0,0
44.399960,0,0,0,1,0,0,0,0,0
44.399971,0,0,0,0,0,0,0,1,0
44.402350,0,0,0,0,0,1,0,0,0
44.411245,0,0,0,0,0,0,1,0,0
44.417462,0,0,0,0,0,0,0,0,1
44.425968,0,1,0,0,0,0,0,0,0
44.429309,1,0,0,0,0,0,0,0,0
44.440364,0,0,0,0,1,0,0,0,0
44.441489,0,0,0,0,0,0,0,1,0
44.450372,0,0,0,1,0,0,0,0,0
44.451646,0,0,0,0,0,1,0,0,0
44.452125,0,0,0,0,0,0,0,0,1
44.452415,0,0,0,0,0,0,1,0,0
44.455134,0,0,1,0,0,0,0,0,0
44.462516,0,1,0,0,0,0,0,0,0
44.463143,1,0,0,0,1,0,0,0,0
44.472071,0,0,0,0,0,0,0,1,0
44.486200,0,0,1,0,0,0,0,0,0
44.495599,0,1,0,0,0,0,0,0,0
44.499143,0,0,0,1,0,0,0,0,0
44.502906,0,0,0,0,0,1,0,0,0
44.503209,0,0,0,0,0,0,1,0,0
44.505534,0,0,0,0,0,0,0,0,1
44.516248,1,0,0,0,0,0,0,0,0
44.544715,0,0,1,0,1,0,0,0,0
44.545296,0,0,0,0,0,0,0,1,0
44.548923,0,0,0,0,0,1,0,0,0
44.549382,0,0,0,1,0,0,0,0,0
44.552219,0,0,0,0,0,0,1,0,0
44.563133,1,0,0,0,1,0,0,0,0
44.565251,0,0,0,0,0,0,0,1,0
44.572900,0,1,0,0,0,0,0,0,0
44.587548,0,0,0,0,0,0,0,0,1
44.592777,0,1,0,0,0,0,0,0,0
44.600468,0,0,0,1,0,0,0,0,0
44.602607,0,0,0,0,0,1,0,0,0
44.625662,0,0,0,0,0,0,1,0,0
44.627381,0,0,1,0,0,0,0,0,0
44.629927,0,0,0,0,0,0,0,0,1
44.639714,1,0,0,0,0,0,0,0,0
44.646579,0,0,0,0,1,1,0,0,0
44.650582,0,0,0,1,0,0,0,0,0
44.664057,0,0,0,0,0,0,0,1,0
44.669138,0,0,1,0,0,0,0,0,0
44.674264,0,0,0,0,0,0,1,0,0
44.679043,0,0,0,0,0,0,0,0,1
44.685608,0,1,0,0,0,0,0,0,0
44.690750,1,0,0,0,1,0,0,0,0
44.696522,0,0,0,0,0,1,0,0,0
44.698374,0,0,0,1,0,0,0,0,0
44.702063,0,0,0,0,0,0,0,1,0
44.708807,0,0,0,0,0,0,0,0,1
44.716571,0,0,1,0,0,0,0,0,0
44.723248,0,0,0,0,0,0,1,0,0
44.728860,0,1,0,0,0,0,0,0,0
44.738451,1,0,0,0,0,0,0,0,0
44.747231,0,0,1,0,1,0,0,0,0
44.749632,0,0,0,1,0,0,0,0,0
44.752132,0,0,0,0,0,1,0,0,0
44.753023,0,0,0,0,0,0,1,0,0
44.758176,0,0,0,0,0,0,0,0,1
44.767252,0,0,0,0,0,0,0,1,0
44.769193,1,0,0,0,0,0,0,0,0
44.774819,0,0,0,0,1,0,0,0,0
44.775026,0,0,0,0,0,0,0,1,0
44.789364,0,0,1,0,0,0,0,0,0
44.795424,0,1,0,0,0,0,0,0,0
44.795576,0,1,0,0,0,0,0,0,0
44.800228,0,0,0,1,0,0,0,0,0
44.800328,0,0,0,0,0,1,0,0,0
44.803029,0,0,0,0,0,0,0,0,1
44.811229,0,0,0,0,0,0,1,0,0
44.828677,1,0,0,0,0,0,0,0,0
44.843026,0,0,1,0,1,0,0,0,0
44.844115,0,0,0,0,0,0,0,1,0
44.850147,0,0,0,0,0,1,0,0,0
44.850852,0,0,0,1,0,0,0,0,0
44.854870,0,0,0,0,0,0,1,0,0
44.864844,0,1,0,0,0,0,0,0,0
44.870996,0,0,0,0,0,0,0,0,1
44.874009,1,0,0,0,1,0,0,0,0
44.898238,0,0,0,0,0,0,0,1,0
44.899945,0,0,0,0,0,1,0,0,0
44.900027,0,0,0,1,0,0,0,0,0
44.900296,0,0,0,0,0,0,0,0,1
44.901718,0,0,0,0,0,0,1,0,0
44.906170,0,0,1,0,0,0,0,0,0
44.915097,1,0,0,0,1,0,0,0,0
44.915925,0,0,0,0,0,0,0,1,0
44.923672,0,1,0,0,0,0,0,0,0
44.936100,0,1,0,0,0,0,0,0,0
44.936328,0,0,1,0,0,0,0,0,0
44.946372,0,0,0,0,0,1,0,0,0
44.949673,0,0,0,0,0,0,0,0,1
44.949878,0,0,0,1,0,0,0,0,0
44.956038,0,0,0,0,0,0,1,0,0
44.967373,1,0,0,0,1,0,0,0,0
44.978444,0,0,0,0,0,0,0,1,0
44.988399,0,0,1,0,0,0,0,0,0
45.000503,0,1,0,0,0,0,0,0,0
45.001225,0,0,0,1,0,0,0,0,0
45.002126,0,0,0,0,0,1,0,0,0
45.005910,0,0,0,0,0,0,1,0,0
45.008131,0,0,0,0,0,0,0,0,1
45.020922,1,0,0,0,0,0,0,0,0
45.046548,0,0,1,0,0,0,0,0,0
45.050874,0,0,0,1,0,0,0,0,0
45.052498,0,0,0,0,1,1,0,0,0
45.054423,0,0,0,0,0,0,0,1,0
45.056847,0,0,0,0,0,0,0,0,1
45.077447,0,1,0,0,0,0,0,0,0
45.078692,0,0,0,0,0,0,1,0,0
45.094179,0,0,1,0,0,0,0,0,0
45.097939,1,0,0,0,1,0,0,0,0
45.100162,0,0,0,0,0,1,0,0,0
45.100359,0,0,0,1,0,0,0,0,0
45.114108,0,0,0,0,0,0,0,1,0
45.114843,0,0,0,0,0,0,1,0,0
45.129559,1,0,0,0,1,0,0,0,0
45.129730,0,0,0,0,0,0,0,0,1
45.138503,0,0,0,0,0,0,0,1,0
45.143373,0,1,0,0,0,0,0,0,0
45.149207,0,0,0,1,0,0,0,0,0
45.151564,0,0,0,0,0,1,0,0,0
45.151589,0,0,0,0,0,0,1,0,0
45.157962,0,0,0,0,0,0,0,0,1
45.162714,0,1,0,0,0,0,0,0,0
45.166026,1,0,0,0,1,0,0,0,0
45.169258,0,0,1,0,0,0,0,0,0
45.172563,0,0,0,0,0,0,0,1,0
45.192321,0,0,1,0,0,0,0,0,0
45.199779,0,1,0,0,0,0,0,0,0
45.200357,0,0,0,0,0,1,0,0,0
45.200465,0,0,0,1,0,0,0,0,0
45.207700,0,0,0,0,0,0,1,0,0
45.210526,0,0,0,0,0,0,0,0,1
45.221264,1,0,0,0,0,0,0,0,0
45.248374,0,0,0,0,1,1,0,0,0
45.248863,0,0,0,0,0,0,0,0,1
45.248957,0,0,0,1,0,0,0,0,0
45.250105,0,0,1,0,0,0,0,0,0
45.253593,0,0,0,0,0,0,0,1,0
45.257117,0,0,0,0,0,0,1,0,0
45.269090,1,0,0,0,1,0,0,0,0
45.281198,0,1,0,0,0,0,0,0,0
45.284464,0,0,0,0,0,0,0,1,0
45.286963,0,0,1,0,0,0,0,0,0
45.297419,0,0,0,0,0,1,0,0,0
45.298736,0,0,0,0,0,0,0,0,1
45.299984,0,0,0,1,0,0,0,0,0
45.307309,0,0,0,0,0,0,1,0,0
45.312083,0,1,0,0,0,0,0,0,0
45.321093,1,0,0,0,1,0,0,0,0
45.334739,0,0,1,0,0,0,0,0,0
45.350000,0,0,0,1,0,0,0,0,0
45.351186,0,0,0,0,0,0,0,1,0
45.351803,0,0,0,0,0,1,0,0,0
45.353073,0,0,0,0,0,0,0,0,1
45.355804,0,0,0,0,0,0,1,0,0
45.367854,1,0,0,0,1,0,0,0,0
45.377146,0,1,0,0,0,0,0,0,0
45.378129,0,0,0,0,0,0,0,1,0
45.391763,0,0,1,0,0,0,0,0,0
45.398469,0,0,0,1,0,0,0,0,0
45.399351,0,0,0,0,0,1,0,0,0
45.403982,0,1,0,0,0,0,0,0,0
45.405693,0,0,0,0,0,0,1,0,0
45.412072,0,0,0,0,0,0,0,0,1
45.422732,1,0,0,0,1,0,0,0,0
45.429724,0,0,0,0,0,0,0,1,0
45.448153,0,0,1,0,0,0,0,0,0
45.449854,0,0,0,0,0,1,0,0,0
45.449904,0,0,0,1,0,0,0,0,0
45.454452,0,1,0,0,0,0,0,0,0
45.458868,0,0,0,0,0,0,1,0,0
45.461044,0,0,0,0,0,0,0,0,1
45.477449,1,0,0,0,1,0,0,0,0
45.479567,0,0,0,0,0,0,0,1,0
45.498506,0,0,1,0,0,0,0,0,0
45.499094,0,0,0,0,0,1,0,0,0
45.499408,0,0,0,1,0,0,0,0,0
45.505869,0,1,0,0,0,0,0,0,0
45.506918,0,0,0,0,0,0,0,0,1
45.519405,0,0,0,0,0,0,1,0,0
45.529958,1,0,0,0,0,0,0,0,0
45.533833,0,0,0,0,1,0,0,0,0
45.539369,0,0,0,0,0,0,0,1,0
45.545758,0,0,1,0,0,0,0,0,0
45.549957,0,0,0,0,0,1,0,0,0
45.550493,0,0,0,1,0,0,0,0,0
45.551415,0,0,0,0,0,0,1,0,0
45.559225,0,0,0,0,0,0,0,0,1
45.561215,0,1,0,0,0,0,0,0,0
45.567102,1,0,0,0,1,0,0,0,0
45.567949,0,0,0,0,0,0,0,1,0
45.591384,0,1,0,0,0,0,0,0,0
45.598395,0,0,1,0,0,0,0,0,0
45.599906,0,0,0,0,0,1,0,0,0
45.601413,0,0,0,1,0,0,0,0,0
45.604882,0,0,0,0,0,0,0,0,1
45.629015,0,0,0,0,0,0,1,0,0
45.639743,1,0,0,0,0,0,0,0,0
45.640856,0,0,1,0,0,0,0,0,0
45.648546,0,0,0,1,0,0,0,0,0
45.650861,0,0,0,0,0,1,0,0,0
45.654487,0,0,0,0,1,0,0,0,0
45.656656,0,0,0,0,0,0,0,0,1
45.657332,0,0,0,0,0,0,1,0,0
45.670035,1,0,0,0,1,0,0,0,0
45.670586,0,0,0,0,0,0,0,1,0
45.674143,0,0,0,0,0,0,0,1,0
45.692351,0,1,0,0,0,0,0,0,0
45.694985,0,0,1,0,0,0,0,0,0
45.698845,0,0,0,0,0,1,0,0,0
45.700687,0,0,0,1,0,0,0,0,0
45.701652,0,1,0,0,0,0,0,0,0
45.702638,0,0,0,0,0,0,1,0,0
45.718309,0,0,0,0,0,0,0,0,1
45.718394,1,0,0,0,0,0,0,0,0
45.725780,0,0,0,0,1,0,0,0,0
45.732556,0,0,0,0,0,0,0,1,0
45.749099,0,0,0,1,0,0,0,0,0
45.750521,0,0,0,0,0,1,0,0,0
45.754434,0,0,0,0,0,0,1,0,0
45.755515,0,0,0,0,0,0,0,0,1
45.756376,0,0,1,0,0,0,0,0,0
45.759241,0,1,0,0,0,0,0,0,0
45.767982,1,0,0,0,1,0,0,0,0
45.769399,0,0,0,0,0,0,0,1,0
45.793483,0,1,0,0,0,0,0,0,0
45.794293,0,0,1,0,0,0,0,0,0
45.797707,0,0,0,0,0,1,0,0,0
45.800442,0,0,0,1,0,0,0,0,0
45.802427,0,0,0,0,0,0,1,0,0
45.812045,0,0,0,0,0,0,0,0,1
45.820901,1,0,0,0,0,0,0,0,0
45.837551,0,0,0,0,1,0,0,0,0
45.840970,0,0,0,0,0,0,0,1,0
45.844571,0,0,1,0,0,0,0,0,0
45.849988,0,0,0,0,0,1,0,0,0
45.850341,0,0,0,1,0,0,0,0,0
45.856590,0,0,0,0,0,0,0,0,1
45.866907,0,1,0,0,0,0,0,0,0
45.892416,0,0,0,0,0,0,1,0,0
45.894333,0,0,1,0,0,0,0,0,0
45.899527,0,0,0,1,0,0,0,0,0
45.899531,0,0,0,0,0,1,0,0,0
45.906296,0,0,0,0,0,0,1,0,0
45.910780,1,0,0,0,1,0,0,0,0
45.911403,0,0,0,0,0,0,0,0,1
45.912871,0,0,0,0,0,0,0,1,0
45.916912,1,0,0,0,1,0,0,0,0
45.920934,0,0,0,0,0,0,0,1,0
45.938612,0,1,0,0,0,0,0,0,0
45.944552,0,1,0,0,0,0,0,0,0
45.949502,0,0,1,0,0,0,0,0,0
45.949854,0,0,0,1,0,0,0,0,0
45.950599,0,0,0,0,0,1,0,0,0
45.956758,0,0,0,0,0,0,0,0,1
45.966465,0,0,0,0,0,0,1,0,0
45.976938,1,0,0,0,1,0,0,0,0
45.994350,0,0,1,0,0,0,0,0,0
45.999663,0,0,0,0,0,1,0,0,0
46.000168,0,0,0,1,0,0,0,0,0
46.000633,0,0,0,0,0,0,0,0,1
46.008676,0,0,0,0,0,0,0,1,0
46.029488,0,1,0,0,0,0,0,0,0
46.037748,0,0,1,0,0,0,0,0,0
46.037941,0,0,0,0,0,0,1,0,0
46.050396,0,0,0,1,0,0,0,0,0
46.050499,0,0,0,0,0,1,0,0,0
46.057351,1,0,0,0,1,0,0,0,0
46.060310,0,0,0,0,0,0,1,0,0
46.061428,0,0,0,0,0,0,0,1,0
46.071478,0,0,0,0,0,0,0,0,1
46.076797,1,0,0,0,0,0,0,0,0
46.086090,0,1,0,0,1,0,0,0,0
46.089732,0,0,0,0,0,0,0,1,0
46.097737,0,0,0,0,0,1,0,0,0
46.100587,0,0,0,1,0,0,0,0,0
46.102653,0,0,1,0,0,0,0,0,0
46.104110,0,0,0,0,0,0,1,0,0
46.114257,0,0,0,0,0,0,0,0,1
46.116195,0,1,0,0,0,0,0,0,0
46.119503,1,0,0,0,0,0,0,0,0
46.145429,0,0,0,0,1,0,0,0,0
46.148314,0,0,0,1,0,0,0,0,0
46.149050,0,0,0,0,0,1,0,0,0
46.149601,0,0,1,0,0,0,0,0,0
46.150691,0,0,0,0,0,0,0,1,0
46.151159,0,0,0,0,0,0,1,0,0
46.158111,0,0,0,0,0,0,0,0,1
46.163824,1,0,0,0,1,0,0,0,0
46.166918,0,0,0,0,0,0,0,1,0
46.176647,0,1,0,0,0,0,0,0,0
46.194694,0,1,0,0,0,0,0,0,0
46.195515,0,0,1,0,0,0,0,0,0
46.197501,0,0,0,0,0,1,0,0,0
46.201443,0,0,0,1,0,0,0,0,0
46.205859,0,0,0,0,0,0,1,0,0
46.208046,0,0,0,0,0,0,0,0,1
46.220264,1,0,0,0,1,0,0,0,0
46.222376,0,0,0,0,0,0,0,1,0
46.244995,0,1,0,0,0,0,0,0,0
46.245336,0,0,1,0,0,0,0,0,0
46.249244,0,0,0,0,0,1,0,0,0
46.250561,0,0,0,1,0,0,0,0,0
46.251705,0,0,0,0,0,0,1,0,0
46.252631,0,0,0,0,0,0,0,0,1
46.261896,1,0,0,0,1,0,0,0,0
46.267131,0,0,0,0,0,0,0,1,0
46.287930,0,0,1,0,0,0,0,0,0
46.291362,0,1,0,0,0,0,0,0,0
46.298448,0,0,0,1,0,0,0,0,0
46.301307,0,0,0,0,0,1,0,0,0
46.304427,0,0,0,0,0,0,1,0,0
46.306691,0,0,0,0,0,0,0,0,1
46.318040,1,0,0,0,0,0,0,0,0
46.331574,0,0,0,0,1,0,0,0,0
46.337700,0,0,0,0,0,0,0,1,0
46.340359,0,0,1,0,0,0,0,0,0
46.349132,0,0,0,1,0,0,0,0,0
46.351638,0,0,0,0,0,1,0,0,0
46.355426,0,0,0,0,0,0,0,0,1
46.358752,0,1,0,0,0,0,0,0,0
46.366962,0,0,0,0,0,0,1,0,0
46.378551,1,0,0,0,1,0,0,0,0
46.379580,0,0,0,0,0,0,0,1,0
46.393676,0,0,1,0,0,0,0,0,0
46.399563,0,0,0,1,0,0,0,0,0
46.399655,0,0,0,0,0,1,0,0,0
46.402877,0,1,0,0,0,0,0,0,0
46.406788,0,0,0,0,0,0,0,0,1
46.408882,0,0,0,0,0,0,1,0,0
46.425113,1,0,0,0,1,0,0,0,0
46.425509,0,0,0,0,0,0,0,1,0
46.445717,0,1,0,0,0,0,0,0,0
46.446550,0,0,1,0,0,0,0,0,0
46.448926,0,0,0,1,0,0,0,0,0
46.451495,0,0,0,0,0,1,0,0,0
46.452720,0,0,0,0,0,0,1,0,0
46.465029,0,0,0,0,0,0,0,0,1
46.468289,1,0,0,0,0,0,0,0,0
46.483144,0,0,0,0,1,0,0,0,0
46.492738,0,0,0,0,0,0,0,1,0
46.498607,0,0,0,0,0,1,0,0,0
46.499376,0,0,0,1,0,0,0,0,0
46.504612,0,0,1,0,0,0,0,0,0
46.513083,0,1,0,0,0,0,0,0,0
46.518051,0,0,0,0,0,0,1,0,0
46.521329,0,0,0,0,0,0,0,0,1
46.534494,1,0,0,0,1,0,0,0,0
46.536109,0,0,0,0,0,0,0,1,0
46.551061,0,0,0,1,0,0,0,0,0
46.551755,0,0,0,0,0,1,0,0,0
46.551795,0,0,0,0,0,0,1,0,0
46.554399,0,0,0,0,0,0,0,0,1
46.556274,0,0,1,0,0,0,0,0,0
46.557381,0,1,0,0,0,0,0,0,0
46.567724,1,0,0,0,1,0,0,0,0
46.581441,0,0,0,0,0,0,0,1,0
46.587753,0,0,1,0,0,0,0,0,0
46.597392,0,0,0,0,0,1,0,0,0
46.598242,0,0,0,1,0,0,0,0,0
46.601766,0,1,0,0,0,0,0,0,0
46.617096,0,0,0,0,0,0,1,0,0
46.631440,0,0,0,0,0,0,0,0,1
46.632229,1,0,0,0,0,0,0,0,0
46.639699,0,0,0,0,1,0,0,0,0
46.643891,0,0,0,0,0,0,0,1,0
46.648047,0,0,0,0,0,1,0,0,0
46.648469,0,0,0,1,0,0,0,0,0
46.649319,0,0,0,0,0,0,1,0,0
46.649748,0,0,0,0,0,0,0,0,1
46.664640,1,0,0,0,1,0,0,0,0
46.664681,0,1,0,0,0,0,0,0,0
46.666142,0,0,1,0,0,0,0,0,0
46.671661,0,0,0,0,0,0,0,1,0
46.687270,0,0,1,0,0,0,0,0,0
46.695510,0,1,0,0,0,0,0,0,0
46.700506,0,0,0,1,0,0,0,0,0
46.702238,0,0,0,0,0,1,0,0,0
46.746500,0,0,0,0,0,0,0,0,1
46.749631,0,0,0,1,0,0,0,0,0
46.750618,0,0,0,0,0,1,0,0,0
46.750770,0,0,0,0,0,0,1,0,0
46.759293,0,0,0,0,0,0,0,0,1
46.768167,0,0,0,0,0,0,1,0,0
46.769858,1,0,0,0,1,0,0,0,0
46.776597,0,0,0,0,0,0,0,1,0
46.780869,0,0,1,0,0,0,0,0,0
46.786609,1,0,0,0,0,0,0,0,0
46.792612,0,0,1,0,0,0,0,0,0
46.793884,0,0,0,0,1,0,0,0,0
46.800476,0,0,0,1,0,0,0,0,0
46.803366,0,0,0,0,0,1,0,0,0
46.806514,0,1,0,0,0,0,0,0,0
46.821534,0,0,0,0,0,0,1,0,0
46.821920,0,0,0,0,0,0,0,0,1
46.823960,0,0,0,0,0,0,0,1,0
46.836586,1,0,0,0,0,0,0,0,0
46.844179,0,1,0,0,0,0,0,0,0
46.846719,0,0,0,0,0,1,0,0,0
46.851204,0,0,0,0,1,0,0,0,1
46.851943,0,0,0,1,0,0,0,0,0
46.854035,0,0,0,0,0,0,1,0,0
46.857898,0,0,1,0,0,0,0,0,0
46.868470,1,0,0,0,1,0,0,0,0
46.881341,0,0,0,0,0,0,0,1,0
46.888144,0,0,1,0,0,0,0,0,0
46.898768,0,0,0,0,0,1,0,0,0
46.899784,0,0,0,1,0,0,0,0,0
46.899993,0,0,0,0,0,0,1,0,0
46.900035,0,0,0,0,0,0,0,0,1
46.907977,0,1,0,0,0,0,0,0,0
46.910370,1,0,0,0,1,0,0,0,0
46.912781,0,0,0,0,0,0,0,1,0
46.916604,0,0,0,0,0,0,0,1,0
46.936621,0,0,1,0,0,0,0,0,0
46.938936,0,1,0,0,0,0,0,0,0
46.940334,0,1,0,0,0,0,0,0,0
46.949061,0,0,0,0,0,1,0,0,0
46.949517,0,0,0,0,0,0,0,0,1
46.950450,0,0,0,1,0,0,0,0,0
46.950840,0,0,0,0,0,0,1,0,0
46.966499,1,0,0,0,0,0,0,0,0
46.972993,0,0,0,0,1,0,0,0,0
46.976243,0,0,0,0,0,0,0,1,0
46.984980,0,0,1,0,0,0,0,0,0
46.997644,0,1,0,0,0,0,0,0,0
46.997768,0,0,0,0,0,1,0,0,0
46.998987,0,0,0,1,0,0,0,0,0
47.007616,0,0,0,0,0,0,1,0,0
47.008469,0,0,0,0,0,0,0,0,1
47.025725,1,0,0,0,1,0,0,0,0
47.033682,0,0,0,0,0,0,0,1,0
47.045235,0,0,1,0,0,0,0,0,0
47.049113,0,0,0,0,0,1,0,0,0
47.049149,0,0,0,1,0,0,0,0,0
47.050708,0,0,0,0,0,0,0,0,1
47.053777,0,0,0,0,0,0,1,0,0
47.058484,0,1,0,0,0,0,0,0,0
47.070548,1,0,0,0,1,0,0,0,0
47.073274,0,0,0,0,0,0,0,1,0
47.088015,0,0,1,0,0,0,0,0,0
47.097767,0,1,0,0,0,0,0,0,0
47.100710,0,0,0,1,0,0,0,0,0
47.100769,0,0,0,0,0,0,1,0,0
47.102996,0,0,0,0,0,1,0,0,0
47.106700,0,0,0,0,0,0,0,0,1
47.115439,1,0,0,0,1,0,0,0,0
47.135153,0,0,0,0,0,0,0,1,0
47.142807,0,0,1,0,0,0,0,0,0
47.149044,0,0,0,0,0,1,0,0,0
47.149127,0,0,0,1,0,0,0,0,0
47.156473,0,0,0,0,0,0,0,0,1
47.159711,0,1,0,0,0,0,0,0,0
47.179769,0,0,0,0,0,0,1,0,0
47.187962,0,0,1,0,0,0,0,0,0
47.193146,1,0,0,0,1,0,0,0,0
47.196201,0,0,0,0,0,0,0,1,0
47.200495,0,0,0,1,0,0,0,0,0
47.202358,0,0,0,0,0,1,0,0,0
47.203556,0,0,0,0,0,0,1,0,0
47.205416,0,0,0,0,0,0,0,0,1
47.215066,1,0,0,0,1,0,0,0,0
47.216633,0,1,0,0,0,0,0,0,0
47.231052,0,0,0,0,0,0,0,1,0
47.244800,0,0,1,0,0,0,0,0,0
47.250431,0,0,0,1,0,0,0,0,0
47.253809,0,0,0,0,0,1,0,0,0
47.254534,0,0,0,0,0,0,0,0,1
47.256436,0,1,0,0,0,0,0,0,0
47.273818,0,0,0,0,0,0,1,0,0
47.286570,1,0,0,0,1,0,0,0,0
47.291809,0,0,1,0,0,0,0,0,0
47.293734,0,0,0,0,0,0,0,1,0
47.298791,0,0,0,1,0,0,0,0,0
47.298796,0,0,0,0,0,1,0,0,0
47.302329,0,0,0,0,0,0,0,0,1
47.311526,0,0,0,0,0,0,1,0,0
47.314673,0,1,0,0,0,0,0,0,0
47.328139,1,0,0,0,1,0,0,0,0
47.331815,0,0,0,0,0,0,0,1,0
47.334188,0,0,1,0,0,0,0,0,0
47.346584,0,0,0,0,0,1,0,0,0
47.348846,0,0,0,1,0,0,0,0,0
47.358898,0,1,0,0,0,0,0,0,0
47.358968,0,0,0,0,0,0,0,0,1
47.366903,0,0,0,0,0,0,1,0,0
47.378572,1,0,0,0,0,0,0,0,0
47.391947,0,0,1,0,0,0,0,0,0
47.396429,0,0,0,0,1,1,0,0,0
47.399816,0,0,0,1,0,0,0,0,0
47.404770,0,0,0,0,0,0,1,0,0
47.410511,0,0,0,0,0,0,0,0,1
47.413236,0,0,0,0,0,0,0,1,0
47.415931,1,0,0,0,1,0,0,0,0
47.416576,0,0,0,0,0,0,0,1,0
47.440632,0,1,0,0,0,0,0,0,0
47.442635,0,1,0,0,0,0,0,0,0
47.445698,0,0,1,0,0,0,0,0,0
47.448615,0,0,0,1,0,0,0,0,0
47.449251,0,0,0,0,0,1,0,0,0
47.449640,0,0,0,0,0,0,1,0,0
47.465186,1,0,0,0,0,0,0,0,0
47.469421,0,0,0,0,1,0,0,0,1
47.472230,0,0,0,0,0,0,0,1,0
47.495429,0,1,0,0,0,0,0,0,0
47.498476,0,0,0,1,0,0,0,0,0
47.498650,0,0,0,0,0,1,0,0,0
47.499816,0,0,0,0,0,0,0,0,1
47.499852,0,0,0,0,0,0,1,0,0
47.508014,0,0,1,0,0,0,0,0,0
47.517181,1,0,0,0,1,0,0,0,0
47.526235,0,0,0,0,0,0,0,1,0
47.532863,0,0,1,0,0,0,0,0,0
47.547790,0,0,0,0,0,1,0,0,0
47.549876,0,0,0,1,0,0,0,0,0
47.551995,0,0,0,0,0,0,1,0,0
47.556177,0,1,0,0,0,0,0,0,0
47.564725,1,0,0,0,1,0,0,0,0
47.568665,0,0,0,0,0,0,0,0,1
47.599481,0,0,0,1,0,0,0,0,0
47.599723,0,0,0,0,0,0,0,1,0
47.599991,0,0,1,0,0,0,0,0,0
47.600176,0,0,0,0,0,1,0,0,0
47.602217,0,0,0,0,0,0,0,0,1
47.610366,0,0,0,0,0,0,1,0,0
47.622866,1,0,0,0,1,0,0,0,0
47.623577,0,1,0,0,0,0,0,0,0
47.625495,0,0,0,0,0,0,0,1,0
47.635919,0,0,1,0,0,0,0,0,0
47.651185,0,0,0,1,0,0,0,0,0
47.652327,0,0,0,0,0,1,0,0,0
47.653524,0,1,0,0,0,0,0,0,0
47.653576,0,0,0,0,0,0,0,0,1
47.669021,0,0,0,0,0,0,1,0,0
47.684991,1,0,0,0,1,0,0,0,0
47.692646,0,0,1,0,0,0,0,0,0
47.695234,0,0,0,0,0,0,0,1,0
47.700396,0,0,0,1,0,0,0,0,0
47.701604,0,0,0,0,0,1,0,0,0
47.712019,0,0,0,0,0,0,1,0,0
47.722617,0,1,0,0,0,0,0,0,0
47.722766,0,0,0,0,0,0,0,0,1
47.730726,1,0,0,0,0,0,0,0,0
47.739956,0,0,0,0,1,0,0,0,0
47.748276,0,0,0,0,0,1,0,0,0
47.750966,0,0,0,1,0,0,0,0,0
47.753116,0,0,0,0,0,0,1,0,0
47.757971,0,0,1,0,0,0,0,0,0
47.758823,0,0,0,0,0,0,0,0,1
47.764755,1,0,0,0,1,0,0,0,0
47.780113,0,0,0,0,0,0,0,1,0
47.781834,0,0,0,0,0,0,0,1,0
47.793628,0,0,1,0,0,0,0,0,0
47.801350,0,0,0,1,0,0,0,0,0
47.801634,0,0,0,0,0,1,0,0,0
47.802550,0,1,0,0,0,0,0,0,0
47.806657,0,0,0,0,0,0,1,0,0
47.810655,0,1,0,0,0,0,0,0,0
47.811660,0,0,0,0,0,0,0,0,1
47.823505,1,0,0,0,1,0,0,0,0
47.824998,0,0,0,0,0,0,0,1,0
47.846958,0,1,0,0,0,0,0,0,0
47.848713,0,0,1,0,0,0,0,0,0
47.850241,0,0,0,1,0,0,0,0,0
47.853053,0,0,0,0,0,1,0,0,0
47.854222,0,0,0,0,0,0,1,0,0
47.858147,0,0,0,0,0,0,0,0,1
47.864469,1,0,0,0,1,0,0,0,0
47.868634,0,0,0,0,0,0,0,1,0
47.890908,0,0,1,0,0,0,0,0,0
47.893374,0,1,0,0,0,0,0,0,0
47.898363,0,0,0,0,0,1,0,0,0
47.899486,0,0,0,1,0,0,0,0,0
47.902133,0,0,0,0,0,0,1,0,0
47.903113,0,0,0,0,0,0,0,0,1
47.915771,1,0,0,0,1,0,0,0,0
47.924810,0,0,0,0,0,0,0,1,0
47.937998,0,0,1,0,0,0,0,0,0
47.949843,0,0,0,0,0,1,0,0,0
47.950059,0,1,0,0,0,0,0,0,0
47.950683,0,0,0,1,0,0,0,0,0
47.953015,0,0,0,0,0,0,0,0,1
47.963155,0,0,0,0,0,0,1,0,0
47.981399,1,0,0,0,1,0,0,0,0
47.985998,0,0,0,0,0,0,0,1,0
47.988758,0,0,1,0,0,0,0,0,0
48.000003,0,0,0,1,0,0,0,0,0
48.000780,0,0,0,0,0,1,0,0,0
48.003799,0,0,0,0,0,0,1,0,0
48.005630,0,0,0,0,0,0,0,0,1
48.007822,0,1,0,0,0,0,0,0,0
48.016079,1,0,0,0,0,0,0,0,0
48.035518,0,0,0,0,1,0,0,0,0
48.043048,0,0,1,0,0,0,0,0,0
48.049643,0,0,0,0,0,0,0,1,0
48.050072,0,0,0,1,0,0,0,0,0
48.051360,0,0,0,0,0,1,0,0,0
48.052653,0,0,0,0,0,0,1,0,0
48.065363,1,0,0,0,0,0,0,0,0
48.068425,0,0,0,0,1,0,0,0,0
48.070577,0,0,0,0,0,0,0,1,0
48.073242,0,0,0,0,0,0,0,0,1
48.076270,0,1,0,0,0,0,0,0,0
48.090592,0,1,0,0,0,0,0,0,0
48.100990,0,0,0,0,0,1,0,0,0
48.101505,0,0,0,1,0,0,0,0,0
48.105647,0,0,0,0,0,0,1,0,0
48.112872,0,0,1,0,0,0,0,0,0
48.117140,1,0,0,0,0,0,0,0,0
48.121509,0,0,0,0,1,0,0,0,0
48.122748,0,0,0,0,0,0,0,0,1
48.129281,0,0,0,0,0,0,0,1,0
48.146277,0,0,0,0,0,1,0,0,0
48.149013,0,0,0,1,0,0,0,0,0
48.155995,0,1,0,0,0,0,0,0,0
48.156779,0,0,0,0,0,0,1,0,0
48.161683,0,0,1,0,0,0,0,0,0
48.163522,0,0,0,0,0,0,0,0,1
48.169439,1,0,0,0,0,0,0,0,0
48.198247,0,0,1,0,0,0,0,0,0
48.198363,0,0,0,1,1,0,0,0,0
48.198879,0,0,0,0,0,1,0,0,0
48.199183,0,0,0,0,0,0,1,0,0
48.203052,0,0,0,0,0,0,0,1,0
48.211659,0,0,0,0,0,0,0,0,1
48.216429,1,0,0,0,1,0,0,0,0
48.222480,0,0,0,0,0,0,0,1,0
48.226094,0,1,0,0,0,0,0,0,0
48.244894,0,0,1,0,0,0,0,0,0
48.248119,0,0,0,0,0,1,0,0,0
48.248409,0,0,0,1,0,0,0,0,0
48.251601,0,1,0,0,0,0,0,0,0
48.257778,0,0,0,0,0,0,1,0,0
48.260301,0,0,0,0,0,0,0,0,1
48.273281,1,0,0,0,0,0,0,0,0
48.294097,0,0,1,0,0,0,0,0,0
48.299941,0,0,0,0,0,1,0,0,0
48.300172,0,0,0,0,1,0,0,0,0
48.300404,0,0,0,1,0,0,0,0,0
48.305899,0,0,0,0,0,0,1,0,0
48.309175,0,0,0,0,0,0,0,0,1
48.321843,1,0,0,0,0,0,0,0,0
48.324618,0,0,0,0,1,0,0,1,0
48.333764,0,0,0,0,0,0,0,1,0
48.341938,0,0,1,0,0,0,0,0,0
48.349941,0,0,0,1,0,0,0,0,0
48.350190,0,1,0,0,0,0,0,0,0
48.350907,0,0,0,0,0,0,1,0,0
48.352733,0,0,0,0,0,1,0,0,0
48.356973,0,0,0,0,0,0,0,0,1
48.362292,0,1,0,0,0,0,0,0,0
48.364249,1,0,0,0,0,0,0,0,0
48.390531,0,0,1,0,0,0,0,0,0
48.391673,0,0,0,0,1,0,0,0,0
48.398538,0,0,0,0,0,0,0,1,0
48.399443,0,0,0,0,0,1,0,0,0
48.400722,0,0,0,0,0,0,0,0,1
48.401733,0,0,0,1,0,0,0,0,0
48.410378,0,0,0,0,0,0,1,0,0
48.425230,1,0,0,0,1,0,0,0,0
48.427888,0,1,0,0,0,0,0,0,0
48.439788,0,0,1,0,0,0,0,0,0
48.450501,0,0,0,1,0,0,0,0,0
48.451435,0,0,0,0,0,0,0,1,0
48.453743,0,0,0,0,0,1,0,0,0
48.464665,0,0,0,0,0,0,1,0,0
48.471614,0,1,0,0,0,0,0,0,0
48.474185,0,0,0,0,0,0,0,0,1
48.478715,1,0,0,0,1,0,0,0,0
48.484509,0,0,0,0,0,0,0,1,0
48.500877,0,0,0,1,0,0,0,0,0
48.501835,0,0,0,0,0,1,0,0,0
48.510739,0,1,0,0,0,0,0,0,0
48.513514,0,0,1,0,0,0,0,0,0
48.517193,0,0,0,0,0,0,0,0,1
48.523131,0,0,0,0,0,0,1,0,0
48.542419,1,0,0,0,0,0,0,0,0
48.545573,0,0,0,0,1,0,0,0,0
48.546864,0,0,0,0,0,1,0,0,0
48.549660,0,0,0,1,0,0,0,0,0
48.557026,0,0,1,0,0,0,0,0,0
48.561352,0,0,0,0,0,0,0,1,0
48.567541,0,0,0,0,0,0,0,0,1
48.577701,0,0,0,0,0,0,1,0,0
48.586237,0,1,0,0,0,0,0,0,0
48.588011,1,0,0,0,1,0,0,0,0
48.597047,0,0,0,0,0,1,0,0,0
48.600399,0,0,0,1,0,0,0,0,0
48.602976,0,0,1,0,0,0,0,0,0
48.603429,0,0,0,0,0,0,1,0,0
48.607217,0,0,0,0,0,0,0,1,0
48.613513,1,0,0,0,0,0,0,0,0
48.631487,0,1,0,0,1,0,0,0,0
48.633448,0,0,0,0,0,0,0,1,0
48.649964,0,0,0,1,0,0,0,0,0
48.652364,0,0,0,0,0,1,0,0,0
48.658581,0,0,0,0,0,0,0,0,1
48.661244,0,1,0,0,0,0,0,0,0
48.661554,0,0,0,0,0,0,1,0,0
48.669918,0,0,0,0,0,0,0,0,1
48.675047,1,0,0,0,1,0,0,0,0
48.675710,0,0,0,0,0,0,0,1,0
48.690848,0,0,1,0,0,0,0,0,0
48.698006,0,0,0,0,0,1,0,0,0
48.698189,0,1,0,0,0,0,0,0,0
48.698945,0,0,0,1,0,0,0,0,0
48.701164,0,0,0,0,0,0,1,0,0
48.704060,0,0,0,0,0,0,0,0,1
48.706645,0,0,1,0,0,0,0,0,0
48.712826,1,0,0,0,1,0,0,0,0
48.726674,0,0,0,0,0,0,0,1,0
48.743777,0,0,1,0,0,0,0,0,0
48.748543,0,0,0,0,0,1,0,0,0
48.750293,0,0,0,1,0,0,0,0,0
48.753863,0,1,0,0,0,0,0,0,0
48.757951,0,0,0,0,0,0,1,0,0
48.758036,0,0,0,0,0,0,0,0,1
48.774899,1,0,0,0,1,0,0,0,0
48.788503,0,0,0,0,0,0,0,1,0
48.796882,0,0,1,0,0,0,0,0,0
48.797765,0,0,0,0,0,1,0,0,0
48.799879,0,0,0,1,0,0,0,0,0
48.800557,0,0,0,0,0,0,0,0,1
48.807017,0,0,0,0,0,0,1,0,0
48.812463,0,1,0,0,0,0,0,0,0
48.825046,1,0,0,0,1,0,0,0,0
48.826227,0,0,0,0,0,0,0,1,0
48.838871,0,0,1,0,0,0,0,0,0
48.851387,0,0,0,1,0,0,0,0,0
48.852570,0,0,0,0,0,1,0,0,0
48.852796,0,0,0,0,0,0,1,0,0
48.854822,0,1,0,0,0,0,0,0,0
48.870453,1,0,0,0,1,0,0,0,0
48.877120,0,0,0,0,0,0,0,0,1
48.877265,0,0,0,0,0,0,0,1,0
48.897620,0,0,0,0,0,1,0,0,0
48.899990,0,0,0,1,0,0,0,0,0
48.901511,0,0,0,0,0,0,1,0,0
48.902459,0,1,0,0,0,0,0,0,0
48.908031,0,0,1,0,0,0,0,0,0
48.914265,1,0,0,0,1,0,0,0,0
48.921970,0,0,0,0,0,0,0,1,0
48.925076,0,0,0,0,0,0,0,0,1
48.949597,0,0,0,1,0,0,0,0,0
48.949689,0,1,0,0,0,0,0,0,0
48.949947,0,0,0,0,0,1,0,0,0
48.953996,0,0,0,0,0,0,0,0,1
48.958491,0,0,0,0,0,0,1,0,0
48.964833,0,0,1,0,0,0,0,0,0
48.969506,1,0,0,0,0,0,0,0,0
48.992076,0,0,1,0,1,0,0,0,0
48.997655,0,0,0,0,0,0,0,1,0
48.999298,0,0,0,0,0,1,0,0,0
49.000084,0,0,0,1,0,0,0,0,0
49.007471,0,0,0,0,0,0,1,0,0
49.012365,0,0,0,0,0,0,0,0,1
49.024393,0,1,0,0,0,0,0,0,0
49.026162,1,0,0,0,0,0,0,0,0
49.049749,0,0,0,1,1,0,0,0,0
49.050009,0,0,0,0,0,1,0,0,0
49.050217,0,0,0,0,0,0,0,0,1
49.050581,0,0,1,0,0,0,0,0,0
49.056225,0,0,0,0,0,0,0,1,0
49.069703,0,0,0,0,0,0,1,0,0
49.081629,1,0,0,0,0,0,0,0,0
49.084294,0,0,0,0,1,0,0,0,0
49.086020,0,1,0,0,0,0,0,0,0
49.086936,0,0,1,0,0,0,0,0,0
49.098917,0,0,0,1,0,0,0,0,0
49.099914,0,0,0,0,0,1,0,0,0
49.101779,0,0,0,0,0,0,0,0,1
49.103272,0,0,0,0,0,0,1,0,0
49.103928,0,0,0,0,0,0,0,1,0
49.116202,1,0,0,0,1,0,0,0,0
49.120749,0,0,0,0,0,0,0,1,0
49.126661,0,1,0,0,0,0,0,0,0
49.140718,0,0,1,0,0,0,0,0,0
49.147478,0,1,0,0,0,0,0,0,0
49.149122,0,0,0,0,0,1,0,0,0
49.151250,0,0,0,1,0,0,0,0,0
49.153781,0,0,0,0,0,0,1,0,0
49.154681,0,0,0,0,0,0,0,0,1
49.164160,1,0,0,0,0,0,0,0,0
49.188838,0,0,1,0,1,0,0,0,0
49.200094,0,0,0,1,0,0,0,0,0
49.200373,0,0,0,0,0,1,0,0,0
49.205334,0,0,0,0,0,0,0,0,1
49.220321,0,0,0,0,0,0,0,1,0
49.228013,0,0,0,0,0,0,1,0,0
49.238768,0,0,1,0,0,0,0,0,0
49.244818,1,0,0,0,1,0,0,0,0
49.246912,0,0,0,0,0,0,0,1,0
49.247938,0,1,0,0,0,0,0,0,0
49.249450,0,0,0,0,0,1,0,0,0
49.249772,0,0,0,1,0,0,0,0,0
49.256702,0,0,0,0,0,0,1,0,0
49.270784,1,0,0,0,1,0,0,0,0
49.270924,0,0,0,0,0,0,0,1,0
49.274426,0,0,0,0,0,0,0,0,1
49.274794,0,1,0,0,0,0,0,0,0
49.296485,0,1,0,0,0,0,0,0,0
49.298988,0,0,0,1,0,0,0,0,0
49.302386,0,0,0,0,0,1,0,0,0
49.313206,0,0,1,0,0,0,0,0,0
49.323106,0,0,0,0,0,0,1,0,0
49.338652,1,0,0,0,0,0,0,0,0
49.347940,0,0,0,0,1,0,0,0,0
49.349872,0,0,0,0,0,0,0,1,0
49.351384,0,0,0,1,0,0,0,0,0
49.351513,0,0,0,0,0,0,1,0,0
49.351859,0,0,0,0,0,0,0,0,1
49.353374,0,0,0,0,0,1,0,0,0
49.353500,0,0,0,0,0,0,0,0,1
49.363670,1,0,0,0,0,0,0,0,0
49.375764,0,1,0,0,1,0,0,0,0
49.376498,0,0,0,0,0,0,0,1,0
49.384678,0,0,1,0,0,0,0,0,0
49.389826,0,0,1,0,0,0,0,0,0
49.400490,0,0,0,1,0,0,0,0,0
49.400742,0,0,0,0,0,1,0,0,0
49.401243,0,0,0,0,0,0,0,0,1
49.402803,0,0,0,0,0,0,1,0,0
49.404179,0,1,0,0,0,0,0,0,0
49.418200,1,0,0,0,0,0,0,0,0
49.436763,0,0,1,0,1,0,0,0,0
49.437310,0,0,0,0,0,0,0,1,0
49.449299,0,0,0,0,0,1,0,0,0
49.450996,0,0,0,1,0,0,0,0,0
49.452210,0,0,0,0,0,0,0,0,1
49.454689,0,0,0,0,0,0,1,0,0
49.463185,0,1,0,0,0,0,0,0,0
49.470443,1,0,0,0,0,0,0,0,0
49.488110,0,0,1,0,0,0,0,0,0
49.498683,0,0,0,0,1,1,0,0,0
49.501742,0,0,0,1,0,0,0,0,0
49.502295,0,0,0,0,0,0,0,1,0
49.511629,0,0,0,0,0,0,1,0,0
49.516594,0,0,0,0,0,0,0,0,1
49.524389,0,1,0,0,0,0,0,0,0
49.524634,1,0,0,0,0,0,0,0,0
49.543071,0,0,0,0,1,0,0,0,0
49.546487,0,0,0,0,0,1,0,0,0
49.546890,0,0,0,0,0,0,0,1,0
49.551265,0,0,0,1,0,0,0,0,0
49.551272,0,0,1,0,0,0,0,0,0
49.554080,0,0,0,0,0,0,0,0,1
49.569654,0,0,0,0,0,0,1,0,0
49.570418,0,1,0,0,0,0,0,0,0
49.584750,1,0,0,0,0,0,0,0,0
49.586859,0,0,0,0,1,0,0,0,0
49.588970,0,0,0,0,0,0,0,1,0
49.590850,0,0,1,0,0,0,0,0,0
49.598921,0,0,0,0,0,1,0,0,0
49.601224,0,0,0,1,0,0,0,0,0
49.602542,0,0,0,0,0,0,1,0,0
49.605814,0,0,0,0,0,0,0,0,1
49.614210,1,0,0,0,1,0,0,0,0
49.614624,0,1,0,0,0,0,0,0,0
49.627032,0,0,0,0,0,0,0,1,0
49.644099,0,0,1,0,0,0,0,0,0
49.646459,0,0,0,0,0,1,0,0,0
49.648591,0,0,0,0,0,0,0,0,1
49.650374,0,0,0,1,0,0,0,0,0
49.652710,0,1,0,0,0,0,0,0,0
49.673417,0,0,0,0,0,0,1,0,0
49.687664,0,0,1,0,0,0,0,0,0
49.689140,1,0,0,0,0,0,0,0,0
49.695150,0,0,0,0,1,0,0,0,0
49.697988,0,0,0,0,0,0,0,1,0
49.701174,0,0,0,1,0,0,0,0,0
49.702595,0,0,0,0,0,1,0,0,0
49.703225,0,0,0,0,0,0,0,0,1
49.706473,0,0,0,0,0,0,1,0,0
49.721074,0,1,0,0,0,0,0,0,0
49.724234,1,0,0,0,0,0,0,0,0
49.729866,0,0,0,0,1,0,0,0,0
49.737618,0,0,0,0,0,0,0,1,0
49.738000,0,0,1,0,0,0,0,0,0
49.750165,0,0,0,1,0,0,0,0,0
49.752572,0,0,0,0,0,1,0,0,0
49.754526,0,0,0,0,0,0,1,0,0
49.763827,0,1,0,0,0,0,0,0,0
49.771717,1,0,0,0,0,0,0,0,0
49.786826,0,0,0,0,1,0,0,0,0
49.788515,0,0,0,0,0,0,0,0,1
49.798993,0,0,0,1,0,0,0,0,0
49.800422,0,0,0,0,0,1,0,0,0
49.801090,0,0,0,0,0,0,1,0,0
49.802570,0,0,0,0,0,0,0,1,0
49.808106,0,0,0,0,0,0,0,0,1
49.817079,1,0,0,0,1,0,0,0,0
49.823945,0,0,0,0,0,0,0,1,0
49.825015,0,0,1,0,0,0,0,0,0
49.828108,0,1,0,0,0,0,0,0,0
49.842758,0,0,1,0,0,0,0,0,0
49.849261,0,1,0,0,0,0,0,0,0
49.849282,0,0,0,1,0,0,0,0,0
49.850481,0,0,0,0,0,1,0,0,0
49.853307,0,0,0,0,0,0,1,0,0
49.861174,0,0,0,0,0,0,0,0,1
49.867551,1,0,0,0,0,0,0,0,0
49.891584,0,0,1,0,0,0,0,0,0
49.893160,0,0,0,0,1,0,0,0,0
49.896678,0,0,0,0,0,1,0,0,0
49.897854,0,0,0,0,0,0,0,0,1
49.899188,0,0,0,1,0,0,0,0,0
49.899606,0,0,0,0,0,0,0,1,0
49.908741,0,0,0,0,0,0,1,0,0
49.922335,1,0,0,0,0,0,0,0,0
49.927171,0,1,0,0,1,0,0,0,0
49.930376,0,0,0,0,0,0,0,1,0
49.933513,0,0,1,0,0,0,0,0,0
49.946379,0,0,0,0,0,1,0,0,0
49.949555,0,0,0,0,0,0,0,0,1
49.950285,0,0,0,1,0,0,0,0,0
49.957336,0,1,0,0,0,0,0,0,0
49.960405,0,0,0,0,0,0,1,0,0
49.977901,1,0,0,0,0,0,0,0,0
49.983478,0,0,0,0,1,0,0,0,0
49.985555,0,0,1,0,0,0,0,0,0
49.996711,0,0,0,0,0,1,0,0,0
49.999583,0,0,0,1,0,0,0,0,0
50.003714,0,0,0,0,0,0,0,0,1
50.011178,0,0,0,0,0,0,1,0,0
50.018927,0,0,0,0,0,0,0,1,0
50.028729,1,0,0,0,1,0,0,0,0
50.039734,0,0,1,0,0,0,0,0,0
50.040670,0,1,0,0,0,0,0,0,0
50.040853,0,0,0,0,0,0,0,1,0
50.050945,0,0,0,1,0,0,0,0,0
50.053995,0,0,0,0,0,1,0,0,0
50.054128,0,0,0,0,0,0,0,0,1
50.065888,0,0,0,0,0,0,1,0,0
50.067533,0,1,0,0,0,0,0,0,0
50.080106,1,0,0,0,1,0,0,0,0
50.082804,0,0,0,0,0,0,0,1,0
50.091628,0,0,1,0,0,0,0,0,0
50.098289,0,0,0,1,0,0,0,0,0
50.098504,0,0,0,0,0,0,1,0,0
50.102223,0,0,0,0,0,1,0,0,0
50.112037,0,1,0,0,0,0,0,0,0
50.114019,1,0,0,0,1,0,0,0,0
50.116543,0,0,0,0,0,0,0,1,0
50.120906,0,0,0,0,0,0,0,0,1
50.138541,0,1,0,0,0,0,0,0,0
50.149535,0,0,0,1,0,0,0,0,0
50.150584,0,0,0,0,0,1,0,0,0
50.150804,0,0,0,0,0,0,1,0,0
50.158972,0,0,1,0,0,0,0,0,0
50.161588,0,0,0,0,0,0,0,0,1
50.162653,1,0,0,0,1,0,0,0,0
50.167722,0,0,0,0,0,0,0,1,0
50.196178,0,1,0,0,0,0,0,0,0
50.198053,0,0,1,0,0,0,0,0,0
50.198587,0,0,0,1,0,0,0,0,0
50.200594,0,0,0,0,0,0,1,0,0
50.203205,0,0,0,0,0,1,0,0,0
50.205580,0,0,0,0,0,0,0,0,1
50.217394,1,0,0,0,0,0,0,0,0
50.241271,0,0,1,0,0,0,0,0,0
50.247908,0,0,0,0,0,1,0,0,0
50.250338,0,0,0,1,1,0,0,0,0
50.250575,0,0,0,0,0,0,0,1,0
50.255375,0,0,0,0,0,0,1,0,0
50.271925,1,0,0,0,0,0,0,0,0
50.273575,0,0,0,0,1,0,0,0,0
50.275545,0,1,0,0,0,0,0,0,0
50.278804,0,0,0,0,0,0,0,1,0
50.288614,0,0,0,0,0,0,0,0,1
50.297784,0,0,0,0,0,1,0,0,0
50.298893,0,0,0,1,0,0,0,0,0
50.307167,0,1,0,0,0,0,0,0,0
50.312949,0,0,0,0,0,0,0,0,1
50.313216,0,0,0,0,0,0,1,0,0
50.325347,0,0,1,0,0,0,0,0,0
50.331169,1,0,0,0,0,0,0,0,0
50.349207,0,0,1,0,1,0,0,0,0
50.349386,0,0,0,0,0,0,0,1,0
50.349618,0,0,0,1,0,0,0,0,0
50.350151,0,0,0,0,0,0,1,0,0
50.351639,0,0,0,0,0,1,0,0,0
50.360308,0,0,0,0,0,0,0,0,1
50.364875,1,0,0,0,0,0,0,0,0
50.367464,0,0,0,0,1,0,0,0,0
50.370629,0,1,0,0,0,0,0,0,0
50.392469,0,0,0,0,0,0,0,1,0
50.399667,0,0,1,0,0,0,0,0,0
50.400117,0,0,0,1,0,0,0,0,0
50.402688,0,0,0,0,0,1,0,0,0
50.407017,0,0,0,0,0,0,1,0,0
50.412811,0,0,0,0,0,0,0,0,1
50.416140,0,1,0,0,0,0,0,0,0
50.422379,1,0,0,0,1,0,0,0,0
50.422444,0,0,0,0,0,0,0,1,0
50.444888,0,0,1,0,0,0,0,0,0
50.450283,0,0,0,1,0,0,0,0,0
50.451205,0,1,0,0,0,0,0,0,0
50.451795,0,0,0,0,0,1,0,0,0
50.464110,0,0,0,0,0,0,0,0,1
50.466932,0,0,0,0,0,0,1,0,0
50.480942,1,0,0,0,1,0,0,0,0
50.497743,0,0,1,0,0,0,0,0,0
50.497787,0,0,0,0,0,0,0,1,0
50.500501,0,0,0,1,0,0,0,0,0
50.502070,0,0,0,0,0,1,0,0,0
50.507687,0,0,0,0,0,0,0,0,1
50.509129,0,0,0,0,0,0,1,0,0
50.525328,0,1,0,0,0,0,0,0,0
50.525898,1,0,0,0,0,0,0,0,0
50.544642,0,0,1,0,0,0,0,0,0
50.546688,0,0,0,0,1,0,0,0,0
50.550906,0,0,0,1,0,0,0,0,0
50.551981,0,0,0,0,0,1,0,0,0
50.557707,0,0,0,0,0,0,1,0,0
50.567317,0,0,0,0,0,0,0,0,1
50.568163,1,0,0,0,1,0,0,0,0
50.572116,0,0,0,0,0,0,0,1,0
50.579569,0,0,0,0,0,0,0,1,0
50.595921,0,1,0,0,0,0,0,0,0
50.600655,0,0,0,1,0,0,0,0,0
50.602571,0,1,0,0,0,0,0,0,0
50.603497,0,0,0,0,0,1,0,0,0
50.604818,0,0,1,0,0,0,0,0,0
50.606211,0,0,0,0,0,0,1,0,0
50.617284,0,0,0,0,0,0,0,0,1
50.623715,1,0,0,0,1,0,0,0,0
50.629517,0,0,0,0,0,0,0,1,0
50.648650,0,0,0,1,0,0,0,0,0
50.650356,0,0,0,0,0,1,0,0,0
50.653621,0,0,0,0,0,0,0,0,1
50.654257,0,0,1,0,0,0,0,0,0
50.655792,0,0,0,0,0,0,1,0,0
50.659072,0,1,0,0,0,0,0,0,0
50.674421,1,0,0,0,0,0,0,0,0
50.685087,0,0,1,0,1,0,0,0,0
50.698456,0,0,0,0,0,1,0,0,0
50.701066,0,0,0,1,0,0,0,0,0
50.710377,0,0,0,0,0,0,0,0,1
50.713596,0,0,0,0,0,0,1,0,0
50.719460,0,0,0,0,0,0,0,1,0
50.727265,1,0,0,0,1,0,0,0,0
50.731490,0,0,0,0,0,0,0,1,0
50.746045,0,0,1,0,0,0,0,0,0
50.747292,0,0,0,0,0,1,0,0,0
50.747299,0,1,0,0,0,0,0,0,0
50.750109,0,0,0,1,0,0,0,0,0
50.753553,0,1,0,0,0,0,0,0,0
50.754576,0,0,0,0,0,0,1,0,0
50.756226,0,0,0,0,0,0,0,0,1
50.768263,1,0,0,0,0,0,0,0,0
50.776961,0,0,0,0,1,0,0,0,0
50.780491,0,0,0,0,0,0,0,1,0
50.791099,0,0,1,0,0,0,0,0,0
50.800332,0,0,0,1,0,0,0,0,0
50.800559,0,0,0,0,0,1,0,0,0
50.801181,0,0,0,0,0,0,1,0,0
50.804736,0,0,0,0,0,0,0,0,1
50.809788,0,1,0,0,0,0,0,0,0
50.816795,1,0,0,0,0,0,0,0,0
50.842354,0,0,1,0,0,0,0,0,0
50.850574,0,0,0,0,0,1,0,0,0
50.850581,0,0,0,0,1,0,0,0,0
50.850587,0,0,0,1,0,0,0,0,0
50.861396,0,0,0,0,0,0,0,0,1
50.861756,0,0,0,0,0,0,0,1,0
50.883192,0,0,0,0,0,0,1,0,0
50.884449,0,1,0,0,0,0,0,0,0
50.892036,0,0,1,0,0,0,0,0,0
50.895797,1,0,0,0,1,0,0,0,0
50.899149,0,0,0,1,0,0,0,0,0
50.901377,0,0,0,0,0,1,0,0,0
50.903955,0,0,0,0,0,0,0,0,1
50.910703,0,0,0,0,0,0,1,0,0
50.910823,0,0,0,0,0,0,0,1,0
50.926900,1,0,0,0,0,0,0,0,0
50.934318,0,1,0,0,0,0,0,0,0
50.939516,0,0,0,0,1,0,0,0,0
50.940346,0,0,0,0,0,0,0,1,0
50.943596,0,0,1,0,0,0,0,0,0
50.946358,0,0,0,0,0,1,0,0,0
50.951556,0,0,0,1,0,0,0,0,0
50.957667,0,0,0,0,0,0,1,0,0
50.960997,0,0,0,0,0,0,0,0,1
50.964698,0,1,0,0,0,0,0,0,0
50.972151,1,0,0,0,1,0,0,0,0
50.977417,0,0,0,0,0,0,0,1,0
50.998851,0,0,1,0,0,0,0,0,0
50.998890,0,0,0,0,0,1,0,0,0
50.999687,0,0,0,1,0,0,0,0,0
51.000540,0,0,0,0,0,0,1,0,0
51.002134,0,0,0,0,0,0,0,0,1
51.004291,0,1,0,0,0,0,0,0,0
51.017216,1,0,0,0,1,0,0,0,0
51.030301,0,0,0,0,0,0,0,1,0
51.039510,0,0,1,0,0,0,0,0,0
51.048954,0,0,0,0,0,1,0,0,0
51.049276,0,0,0,1,0,0,0,0,0
51.051379,0,0,0,0,0,0,1,0,0
51.053291,0,0,0,0,0,0,0,0,1
51.054567,0,1,0,0,0,0,0,0,0
51.068333,1,0,0,0,1,0,0,0,0
51.078176,0,0,0,0,0,0,0,1,0
51.091969,0,0,1,0,0,0,0,0,0
51.100088,0,0,0,1,0,0,0,0,0
51.100534,0,0,0,0,0,1,0,0,0
51.103004,0,1,0,0,0,0,0,0,0
51.104315,0,0,0,0,0,0,1,0,0
51.108487,0,0,0,0,0,0,0,0,1
51.117168,1,0,0,0,0,0,0,0,0
51.143668,0,0,1,0,0,0,0,0,0
51.150869,0,0,0,1,1,0,0,0,0
51.152349,0,0,0,0,0,1,0,0,0
51.154408,0,0,0,0,0,0,0,0,1
51.155919,0,0,0,0,0,0,0,1,0
51.156697,0,0,0,0,0,0,1,0,0
51.169802,1,0,0,0,1,0,0,0,0
51.174897,0,0,0,0,0,0,0,1,0
51.178814,0,1,0,0,0,0,0,0,0
51.192116,0,0,1,0,0,0,0,0,0
51.197739,0,1,0,0,0,0,0,0,0
51.198026,0,0,0,1,0,0,0,0,0
51.198639,0,0,0,0,0,0,1,0,0
51.203205,0,0,0,0,0,1,0,0,0
51.209264,1,0,0,0,0,0,0,0,0
51.213400,0,0,0,0,1,0,0,0,0
51.214792,0,0,0,0,0,0,0,0,1
51.238160,0,0,0,0,0,0,0,1,0
51.248353,0,0,0,0,0,1,0,0,0
51.249635,0,0,0,1,0,0,0,0,0
51.250078,0,0,0,0,0,0,1,0,0
51.253953,0,0,1,0,0,0,0,0,0
51.258604,0,1,0,0,0,0,0,0,0
51.264011,1,0,0,0,0,0,0,0,0
51.264108,0,0,0,0,0,0,0,0,1
51.297331,0,0,0,0,0,1,0,0,0
51.300500,0,0,0,1,1,0,0,0,0
51.300586,0,0,0,0,0,0,1,0,0
51.303117,0,0,0,0,0,0,0,0,1
51.303244,0,0,1,0,0,0,0,0,0
51.306640,0,0,0,0,0,0,0,1,0
51.317741,1,0,0,0,1,0,0,0,0
51.326340,0,0,0,0,0,0,0,1,0
51.331455,0,1,0,0,0,0,0,0,0
51.337590,0,0,1,0,0,0,0,0,0
51.348716,0,0,0,0,0,1,0,0,0
51.350990,0,0,0,1,0,0,0,0,0
51.351490,0,1,0,0,0,0,0,0,0
51.353746,0,0,0,0,0,0,0,0,1
51.372784,0,0,0,0,0,0,1,0,0
51.385137,1,0,0,0,1,0,0,0,0
51.387014,0,0,1,0,0,0,0,0,0
51.401048,0,0,0,1,0,0,0,0,0
51.401332,0,0,0,0,0,1,0,0,0
51.409087,0,0,0,0,0,0,1,0,0
51.410047,0,0,0,0,0,0,0,1,0
51.416698,0,0,0,0,0,0,0,0,1
51.424114,1,0,0,0,1,0,0,0,0
51.432245,0,0,0,0,0,0,0,1,0
51.435602,0,1,0,0,0,0,0,0,0
51.451619,0,0,0,1,0,0,0,0,0
51.452418,0,1,0,0,0,0,0,0,0
51.452479,0,0,1,0,0,0,0,0,0
51.453156,0,0,0,0,0,1,0,0,0
51.454006,0,0,0,0,0,0,0,0,1
51.469639,0,0,0,0,0,0,1,0,0
51.486729,1,0,0,0,1,0,0,0,0
51.486844,0,0,0,0,0,0,0,1,0
51.487198,0,0,1,0,0,0,0,0,0
51.499719,0,0,0,0,0,1,0,0,0
51.500948,0,0,0,1,0,0,0,0,0
51.504317,0,0,0,0,0,0,0,0,1
51.516439,0,1,0,0,0,0,0,0,0
51.518802,0,0,0,0,0,0,1,0,0
51.536207,1,0,0,0,1,0,0,0,0
51.537465,0,0,0,0,0,0,0,1,0
51.541629,0,0,1,0,0,0,0,0,0
51.548995,0,0,0,0,0,1,0,0,0
51.550385,0,0,0,1,0,0,0,0,0
51.550878,0,0,0,0,0,0,1,0,0
51.551531,0,0,0,0,0,0,0,0,1
51.564942,1,0,0,0,0,0,0,0,0
51.565387,0,0,0,0,1,0,0,0,0
51.565833,0,1,0,0,0,0,0,0,0
51.571514,0,0,0,0,0,0,0,1,0
51.589703,0,0,1,0,0,0,0,0,0
51.594226,0,1,0,0,0,0,0,0,0
51.599560,0,0,0,1,0,0,0,0,0
51.599684,0,0,0,0,0,0,1,0,0
51.602033,0,0,0,0,0,1,0,0,0
51.612790,0,0,0,0,0,0,0,0,1
51.616926,1,0,0,0,0,0,0,0,0
51.649264,0,0,0,1,0,0,0,0,0
51.649711,0,0,1,0,0,0,0,0,0
51.651440,0,0,0,0,0,1,0,0,0
51.654491,0,0,0,0,1,0,1,0,0
51.667524,1,0,0,0,1,0,0,0,0
51.667940,0,0,0,0,0,0,0,1,0
51.674696,0,0,0,0,0,0,0,0,1
51.679960,0,0,0,0,0,0,0,1,0
51.690691,0,1,0,0,0,0,0,0,0
51.698708,0,0,0,0,0,1,0,0,0
51.699964,0,0,0,1,0,0,0,0,0
51.706173,0,0,0,0,0,0,1,0,0
51.707348,0,1,0,0,0,0,0,0,0
51.709055,0,0,1,0,0,0,0,0,0
51.711231,0,0,0,0,0,0,0,0,1
51.717903,1,0,0,0,1,0,0,0,0
51.739850,0,0,0,0,0,0,0,1,0
51.748628,0,0,0,0,0,1,0,0,0
51.749824,0,0,1,0,0,0,0,0,0
51.749949,0,0,0,1,0,0,0,0,0
51.755519,0,0,0,0,0,0,1,0,0
51.762283,0,0,0,0,0,0,0,0,1
51.767596,1,0,0,0,0,0,0,0,0
51.767699,0,0,0,0,1,0,0,0,0
51.767802,0,1,0,0,0,0,0,0,0
51.768824,0,0,0,0,0,0,0,1,0
51.791966,0,1,0,0,0,0,0,0,0
51.796650,0,0,1,0,0,0,0,0,0
51.799743,0,0,0,1,0,0,0,0,0
51.800159,0,0,0,0,0,1,0,0,0
51.801138,0,0,0,0,0,0,1,0,0
51.801256,0,0,0,0,0,0,0,0,1
51.816315,1,0,0,0,0,0,0,0,0
51.839692,0,0,1,0,0,0,0,0,0
51.849669,0,0,0,1,0,0,0,0,0
51.849831,0,0,0,0,1,0,0,0,0
51.849992,0,0,0,0,0,1,0,0,0
51.851834,0,0,0,0,0,0,0,0,1
51.853901,0,0,0,0,0,0,1,0,0
51.857842,0,0,0,0,0,0,0,1,0
51.870308,1,0,0,0,1,0,0,0,0
51.883497,0,0,0,0,0,0,0,1,0
51.885856,0,1,0,0,0,0,0,0,0
51.890385,0,0,1,0,0,0,0,0,0
51.898723,0,0,0,1,0,0,0,0,0
51.899902,0,0,0,0,0,1,0,0,0
51.900458,0,0,0,0,0,0,1,0,0
51.907880,0,0,0,0,0,0,0,0,1
51.912939,1,0,0,0,1,0,0,0,0
51.913109,0,1,0,0,0,0,0,0,0
51.914376,0,0,0,0,0,0,0,1,0
51.941857,0,1,0,0,0,0,0,0,0
51.945685,0,0,1,0,0,0,0,0,0
51.949693,0,0,0,0,0,1,0,0,0
51.950918,0,0,0,1,0,0,0,0,0
51.951248,0,0,0,0,0,0,0,0,1
51.957115,0,0,0,0,0,0,1,0,0
51.973985,1,0,0,0,0,0,0,0,0
51.986736,0,0,1,0,1,0,0,0,0
51.989324,0,0,0,0,0,0,0,1,0
51.997433,0,0,0,0,0,1,0,0,0
52.001460,0,0,0,1,0,0,0,0,0
52.003202,0,0,0,0,0,0,1,0,0
52.005362,0,0,0,0,0,0,0,0,1
52.012821,0,1,0,0,0,0,0,0,0
52.018004,1,0,0,0,0,0,0,0,0
52.039869,0,0,1,0,0,0,0,0,0
52.048652,0,0,0,0,1,1,0,0,0
52.049526,0,0,0,1,0,0,0,0,0
52.055876,0,0,0,0,0,0,0,0,1
52.059243,0,0,0,0,0,0,1,0,0
52.071639,1,0,0,0,0,0,0,0,0
52.075966,0,0,0,0,1,0,0,0,0
52.080956,0,0,0,0,0,0,0,1,0
52.087907,0,0,0,0,0,0,0,1,0
52.091765,0,0,1,0,0,0,0,0,0
52.099034,0,0,0,1,0,0,0,0,0
52.100363,0,0,0,0,0,1,0,0,0
52.101439,0,0,0,0,0,0,0,0,1
52.101988,0,1,0,0,0,0,0,0,0
52.110086,0,0,0,0,0,0,1,0,0
52.116518,0,1,0,0,0,0,0,0,0
52.126438,1,0,0,0,1,0,0,0,0
52.126549,0,0,0,0,0,0,0,1,0
52.131451,0,0,1,0,0,0,0,0,0
52.149106,0,0,0,1,0,0,0,0,0
52.151187,0,1,0,0,0,0,0,0,0
52.152921,0,0,0,0,0,1,0,0,0
52.157315,0,0,0,0,0,0,0,0,1
52.164049,0,0,0,0,0,0,1,0,0
52.181771,1,0,0,0,0,0,0,0,0
52.192969,0,0,1,0,1,0,0,0,0
52.198705,0,0,0,0,0,0,0,1,0
52.201183,0,0,0,1,0,0,0,0,0
52.203562,0,0,0,0,0,1,0,0,0
52.211217,0,0,0,0,0,0,1,0,0
52.221002,0,0,0,0,0,0,0,0,1
52.221433,0,1,0,0,0,0,0,0,0
52.222669,1,0,0,0,0,0,0,0,0
52.232335,0,0,0,0,1,0,0,0,0
52.243159,0,0,0,0,0,0,0,1,0
52.249917,0,0,0,1,0,0,0,0,0
52.251688,0,0,0,0,0,1,0,0,0
52.253073,0,0,0,0,0,0,0,0,1
52.258331,0,0,1,0,0,0,0,0,0
52.258987,0,0,0,0,0,0,1,0,0
52.270963,0,1,0,0,0,0,0,0,0
52.276192,1,0,0,0,0,0,0,0,0
52.290202,0,0,1,0,1,0,0,0,0
52.300085,0,0,0,0,0,1,0,0,0
52.301109,0,0,0,1,0,0,0,0,0
52.306432,0,0,0,0,0,0,0,1,0
52.308180,0,0,0,0,0,0,0,0,1
52.309324,0,0,0,0,0,0,1,0,0
52.325288,1,0,0,0,1,0,0,0,0
52.329758,0,1,0,0,0,0,0,0,0
52.339378,0,0,0,0,0,0,0,1,0
52.343046,0,0,1,0,0,0,0,0,0
52.348936,0,0,0,1,0,0,0,0,0
52.349148,0,0,0,0,0,1,0,0,0
52.360879,0,1,0,0,0,0,0,0,0
52.378465,0,0,0,0,0,0,1,0,0
52.385405,0,0,0,0,0,0,0,0,1
52.392471,1,0,0,0,0,0,0,0,0
52.400956,0,0,0,1,1,0,0,0,0
52.401995,0,0,0,0,0,1,0,0,0
52.407614,0,0,0,0,0,0,0,0,1
52.409385,0,0,0,0,0,0,0,1,0
52.417250,0,0,1,0,0,0,0,0,0
52.417336,0,0,0,0,0,0,1,0,0
52.431359,0,1,0,0,0,0,0,0,0
52.432169,1,0,0,0,0,0,0,0,0
52.440473,0,0,1,0,0,0,0,0,0
52.448233,0,0,0,1,1,0,0,0,0
52.448781,0,0,0,0,0,1,0,0,0
52.474036,0,0,0,0,0,0,1,0,0
52.475257,0,0,0,0,0,0,0,1,0
52.484918,0,0,0,0,0,0,0,0,1
52.488020,1,0,0,0,0,0,0,0,0
52.496111,0,0,0,0,0,1,0,0,0
52.499290,0,1,0,0,1,0,0,0,0
52.499822,0,0,0,1,0,0,0,0,0
52.503731,0,0,0,0,0,0,0,1,0
52.521208,0,0,1,0,0,0,0,0,0
52.528110,0,0,0,0,0,0,1,0,0
52.531473,0,1,0,0,0,0,0,0,0
52.534434,0,0,0,0,0,0,0,0,1
52.547725,1,0,0,0,1,0,0,0,0
52.549402,0,0,0,1,0,0,0,0,0
52.549818,0,0,0,0,0,1,0,0,0
52.551530,0,0,0,0,0,0,0,1,0
52.551665,0,0,0,0,0,0,0,0,1
52.554091,0,0,0,0,0,0,1,0,0
52.566208,1,0,0,0,0,0,0,0,0
52.569343,0,0,0,0,1,0,0,0,0
52.571789,0,0,1,0,0,0,0,0,0
52.572579,0,0,0,0,0,0,0,1,0
52.575732,0,1,0,0,0,0,0,0,0
52.584772,0,0,1,0,0,0,0,0,0
52.600706,0,0,0,1,0,0,0,0,0
52.600985,0,0,0,0,0,1,0,0,0
52.601467,0,0,0,0,0,0,0,0,1
52.602450,0,1,0,0,0,0,0,0,0
52.640120,0,0,1,0,0,0,0,0,0
52.640366,0,0,0,0,0,0,1,0,0
52.650707,0,0,0,1,0,0,0,0,0
52.650740,0,0,0,0,0,1,0,0,0
52.653470,0,0,0,0,0,0,1,0,0
52.655524,1,0,0,0,1,0,0,0,0
52.657606,0,0,0,0,0,0,0,0,1
52.666452,0,0,0,0,0,0,0,1,0
52.666475,1,0,0,0,1,0,0,0,0
52.677246,0,0,0,0,0,0,0,1,0
52.689625,0,1,0,0,0,0,0,0,0
52.694591,0,0,1,0,0,0,0,0,0
52.698259,0,1,0,0,0,0,0,0,0
52.700185,0,0,0,1,0,0,0,0,0
52.701308,0,0,0,0,0,0,1,0,0
52.701522,0,0,0,0,0,1,0,0,0
52.707024,0,0,0,0,0,0,0,0,1
52.713102,1,0,0,0,0,0,0,0,0
52.738042,0,0,1,0,1,0,0,0,0
52.742725,0,0,0,0,0,0,0,1,0
52.749946,0,0,0,0,0,1,0,0,0
52.751061,0,0,0,1,0,0,0,0,0
52.753650,0,0,0,0,0,0,0,0,1
52.767606,0,0,0,0,0,0,1,0,0
52.769909,0,1,0,0,0,0,0,0,0
52.779645,1,0,0,0,1,0,0,0,0
52.791010,0,0,1,0,0,0,0,0,0
52.795612,0,0,0,0,0,0,0,1,0
52.799846,0,0,0,1,0,0,0,0,0
52.802865,0,0,0,0,0,1,0,0,0
52.805103,0,0,0,0,0,0,1,0,0
52.817273,0,0,0,0,0,0,0,0,1
52.820645,0,1,0,0,0,0,0,0,0
52.823792,1,0,0,0,1,0,0,0,0
52.827002,0,0,0,0,0,0,0,1,0
52.847588,0,0,1,0,0,0,0,0,0
52.850049,0,1,0,0,0,0,0,0,0
52.850220,0,0,0,1,0,0,0,0,0
52.851053,0,0,0,0,0,1,0,0,0
52.857790,0,0,0,0,0,0,1,0,0
52.870127,1,0,0,0,0,0,0,0,0
52.888948,0,0,0,0,1,0,0,0,1
52.896287,0,0,0,0,0,0,0,1,0
52.901562,0,0,0,1,0,0,0,0,0
52.902089,0,0,0,0,0,1,0,0,0
52.902959,0,0,0,0,0,0,1,0,0
52.902991,0,0,0,0,0,0,0,0,1
52.914527,1,0,0,0,0,0,0,0,0
52.924908,0,1,0,0,0,0,0,0,0
52.926155,0,0,0,0,1,0,0,0,0
52.927265,0,0,1,0,0,0,0,0,0
52.927733,0,0,0,0,0,0,0,1,0
52.942281,0,0,1,0,0,0,0,0,0
52.949476,0,0,0,0,0,1,0,0,0
52.949947,0,1,0,0,0,0,0,0,0
52.950248,0,0,0,1,0,0,0,0,0
52.951909,0,0,0,0,0,0,1,0,0
52.960465,0,0,0,0,0,0,0,0,1
52.968569,1,0,0,0,1,0,0,0,0
52.972335,0,0,0,0,0,0,0,1,0
52.996579,0,1,0,0,0,0,0,0,0
52.998931,0,0,1,0,0,0,0,0,0
52.999361,0,0,0,1,0,0,0,0,0
53.003021,0,0,0,0,0,0,1,0,0
53.003809,0,0,0,0,0,1,0,0,0
53.012354,0,0,0,0,0,0,0,0,1
53.015861,1,0,0,0,1,0,0,0,0
53.017237,0,0,0,0,0,0,0,1,0
53.037641,0,1,0,0,0,0,0,0,0
53.048208,0,0,0,0,0,1,0,0,0
53.049492,0,0,1,0,0,0,0,0,0
53.051034,0,0,0,0,0,0,0,0,1
53.051322,0,0,0,1,0,0,0,0,0
53.055645,0,0,0,0,0,0,1,0,0
53.070781,1,0,0,0,0,0,0,0,0
53.083420,0,0,1,0,0,0,0,0,0
53.086488,0,0,0,0,1,0,0,0,0
53.097128,0,0,0,0,0,1,0,0,0
53.100114,0,0,0,1,0,0,0,0,0
53.104254,0,0,0,0,0,0,0,1,0
53.113461,0,0,0,0,0,0,1,0,0
53.120270,0,0,0,0,0,0,0,0,1
53.125954,0,1,0,0,0,0,0,0,0
53.126588,1,0,0,0,1,0,0,0,0
53.133355,0,0,0,0,0,0,0,1,0
53.151556,0,0,0,1,0,0,0,0,0
53.152770,0,0,0,0,0,1,0,0,0
53.153750,0,1,0,0,0,0,0,0,0
53.159336,0,0,1,0,0,0,0,0,0
53.162303,0,0,0,0,0,0,1,0,0
53.168005,0,0,0,0,0,0,0,0,1
53.177971,1,0,0,0,0,0,0,0,0
53.190407,0,0,0,0,1,0,0,0,0
53.190671,0,0,0,0,0,0,0,1,0
53.200184,0,0,0,1,0,0,0,0,0
53.201671,0,0,0,0,0,0,1,0,0
53.203485,0,0,0,0,0,1,0,0,0
53.204371,0,0,1,0,0,0,0,0,0
53.208337,0,0,0,0,0,0,0,0,1
53.212719,0,1,0,0,0,0,0,0,0
53.219987,1,0,0,0,0,0,0,0,0
53.246302,0,0,1,0,1,0,0,0,0
53.248499,0,0,0,1,0,0,0,0,0
53.253106,0,0,0,0,0,1,0,0,0
53.253118,0,0,0,0,0,0,1,0,0
53.258948,0,0,0,0,0,0,0,0,1
53.271867,1,0,0,0,1,0,0,0,0
53.280495,0,0,0,0,0,0,0,1,0
53.282771,0,0,0,0,0,0,0,1,0
53.293463,0,0,1,0,0,0,0,0,0
53.298032,0,0,0,0,0,1,0,0,0
53.298735,0,0,0,1,0,0,0,0,0
53.306254,0,0,0,0,0,0,1,0,0
53.308305,0,1,0,0,0,0,0,0,0
53.308475,0,1,0,0,0,0,0,0,0
53.319895,1,0,0,0,0,0,0,0,0
53.344362,0,0,0,0,1,0,0,0,1
53.349057,0,0,0,0,0,1,0,0,0
53.350655,0,0,0,1,0,0,0,0,0
53.352759,0,0,0,0,0,0,0,0,1
53.355397,0,0,0,0,0,0,0,1,0
53.355876,0,0,0,0,0,0,1,0,0
53.372438,1,0,0,0,0,0,0,0,0
53.378239,0,1,0,0,1,0,0,0,0
53.381394,0,0,0,0,0,0,0,1,0
53.382584,0,0,1,0,0,0,0,0,0
53.386629,0,0,1,0,0,0,0,0,0
53.399290,0,0,0,1,0,0,0,0,0
53.401651,0,0,0,0,0,1,0,0,0
53.407591,0,1,0,0,0,0,0,0,0
53.417555,0,0,0,0,0,0,1,0,0
53.422657,0,0,0,0,0,0,0,0,1
53.429319,1,0,0,0,1,0,0,0,0
53.436251,0,0,0,0,0,0,0,1,0
53.448163,0,0,0,0,0,1,0,0,0
53.450498,0,0,0,1,0,0,0,0,0
53.454907,0,0,1,0,0,0,0,0,0
53.457233,0,0,0,0,0,0,0,0,1
53.458952,0,1,0,0,0,0,0,0,0
53.477852,0,0,0,0,0,0,1,0,0
53.489477,0,0,1,0,0,0,0,0,0
53.492611,1,0,0,0,0,0,0,0,0
53.497024,0,0,0,0,0,1,0,0,0
53.498273,0,0,0,0,1,0,0,0,0
53.499485,0,0,0,1,0,0,0,0,0
53.502853,0,0,0,0,0,0,1,0,0
53.506491,0,0,0,0,0,0,0,1,0
53.517635,1,0,0,0,0,0,0,0,0
53.518021,0,0,0,0,1,0,0,0,0
53.518406,0,0,0,0,0,0,0,0,1
53.534403,0,1,0,0,0,0,0,0,0
53.535130,0,0,0,0,0,0,0,1,0
53.547086,0,0,0,0,0,1,0,0,0
53.548778,0,0,0,0,0,0,0,0,1
53.549105,0,0,0,1,0,0,0,0,0
53.551488,0,0,1,0,0,0,0,0,0
53.558699,0,1,0,0,0,0,0,0,0
53.559610,0,0,0,0,0,0,1,0,0
53.570576,1,0,0,0,0,0,0,0,0
53.574535,0,0,0,0,1,0,0,0,0
53.579530,0,0,0,0,0,0,0,1,0
53.580856,0,0,1,0,0,0,0,0,0
53.596211,0,0,0,0,0,1,0,0,0
53.599348,0,0,0,1,0,0,0,0,0
53.605042,0,1,0,0,0,0,0,0,0
53.607336,0,0,0,0,0,0,1,0,0
53.607457,0,0,0,0,0,0,0,0,1
53.617789,1,0,0,0,1,0,0,0,0
53.620793,0,0,0,0,0,0,0,1,0
53.643248,0,1,0,0,0,0,0,0,0
53.646184,0,0,1,0,0,0,0,0,0
53.650273,0,0,0,1,0,0,0,0,0
53.652824,0,0,0,0,0,1,0,0,0
53.657908,0,0,0,0,0,0,1,0,0
53.671203,0,0,0,0,0,0,0,0,1
53.675932,1,0,0,0,0,0,0,0,0
53.699518,0,0,0,0,1,1,0,0,0
53.699849,0,0,0,1,0,0,0,0,0
53.704950,0,0,1,0,0,0,0,0,0
53.706320,0,0,0,0,0,0,0,1,0
53.708377,0,0,0,0,0,0,0,0,1
53.716258,0,0,0,0,0,0,1,0,0
53.726968,1,0,0,0,0,0,0,0,0
53.727140,0,1,0,0,0,0,0,0,0
53.743046,0,0,1,0,0,0,0,0,0
53.744381,0,0,0,0,1,0,0,0,0
53.747969,0,0,0,0,0,1,0,0,0
53.749525,0,0,0,1,0,0,0,0,0
53.750914,0,0,0,0,0,0,0,0,1
53.751497,0,0,0,0,0,0,0,1,0
53.761529,0,0,0,0,0,0,1,0,0
53.776267,1,0,0,0,1,0,0,0,0
53.776458,0,1,0,0,0,0,0,0,0
53.784023,0,0,1,0,0,0,0,0,0
53.796971,0,0,0,0,0,1,0,0,0
53.800902,0,0,0,1,0,0,0,0,0
53.801288,0,0,0,0,0,0,0,1,0
53.808536,0,0,0,0,0,0,1,0,0
53.810881,0,0,0,0,0,0,0,0,1
53.825399,1,0,0,0,0,0,0,0,0
53.826397,0,0,0,0,1,0,0,0,0
53.827213,0,1,0,0,0,0,0,0,0
53.845517,0,0,1,0,0,0,0,0,0
53.849670,0,0,0,1,0,0,0,0,0
53.851007,0,0,0,0,0,1,0,0,0
53.861539,0,0,0,0,0,0,0,0,1
53.861621,0,0,0,0,0,0,0,1,0
53.862883,0,0,0,0,0,0,1,0,0
53.876884,1,0,0,0,0,0,0,0,0
53.880045,0,0,0,0,1,0,0,0,0
53.885238,0,1,0,0,0,0,0,0,0
53.886511,0,0,0,0,0,0,0,1,0
53.900404,0,0,0,1,0,0,0,0,0
53.900442,0,0,1,0,0,0,0,0,0
53.901731,0,0,0,0,0,1,0,0,0
53.902924,0,0,0,0,0,0,0,0,1
53.912824,0,1,0,0,0,0,0,0,0
53.924413,0,0,0,0,0,0,1,0,0
53.933995,0,0,1,0,0,0,0,0,0
53.939417,1,0,0,0,0,0,0,0,0
53.947811,0,0,0,0,0,1,0,0,0
53.949923,0,0,0,1,0,0,0,0,0
53.957921,0,0,0,0,1,0,0,0,0
53.959630,0,0,0,0,0,0,0,0,1
53.959694,0,0,0,0,0,0,1,0,0
53.966847,0,0,0,0,0,0,0,1,0
53.971827,1,0,0,0,0,0,0,0,0
53.987205,0,1,0,0,1,0,0,0,0
53.997849,0,0,0,0,0,0,0,1,0
53.998675,0,0,0,0,0,1,0,0,0
53.998891,0,0,1,0,0,0,0,0,0
53.999832,0,0,0,1,0,0,0,0,0
54.011766,0,0,0,0,0,0,1,0,0
54.011938,0,0,0,0,0,0,0,0,1
54.020839,0,1,0,0,0,0,0,0,0
54.023579,1,0,0,0,1,0,0,0,0
54.035351,0,0,0,0,0,0,0,1,0
54.048081,0,0,1,0,0,0,0,0,0
54.050039,0,0,0,0,0,1,0,0,0
54.051021,0,0,0,1,0,0,0,0,0
54.051209,0,0,0,0,0,0,1,0,0
54.058719,0,0,0,0,0,0,0,0,1
54.062335,0,1,0,0,0,0,0,0,0
54.064932,1,0,0,0,1,0,0,0,0
54.073890,0,0,0,0,0,0,0,1,0
54.093365,0,0,1,0,0,0,0,0,0
54.095648,0,1,0,0,0,0,0,0,0
54.098611,0,0,0,0,0,1,0,0,0
54.099674,0,0,0,1,0,0,0,0,0
54.117178,0,0,0,0,0,0,1,0,0
54.120726,0,0,0,0,0,0,0,0,1
54.131630,1,0,0,0,0,0,0,0,0
54.148652,0,0,0,1,0,0,0,0,0
54.149648,0,0,0,0,1,0,0,0,0
54.150605,0,0,0,0,0,1,0,0,0
54.157143,0,0,0,0,0,0,0,0,1
54.157678,0,0,0,0,0,0,0,1,0
54.159151,0,0,1,0,0,0,0,0,0
54.164115,0,0,0,0,0,0,1,0,0
54.181750,1,0,0,0,1,0,0,0,0
54.181766,0,1,0,0,0,0,0,0,0
54.182021,0,0,0,0,0,0,0,1,0
54.188716,0,0,1,0,0,0,0,0,0
54.198161,0,0,0,1,0,0,0,0,0
54.200643,0,0,0,0,0,1,0,0,0
54.202067,0,0,0,0,0,0,1,0,0
54.207369,0,1,0,0,0,0,0,0,0
54.209892,0,0,0,0,0,0,0,0,1
54.215890,1,0,0,0,1,0,0,0,0
54.218165,0,0,0,0,0,0,0,1,0
54.240444,0,1,0,0,0,0,0,0,0
54.246965,0,0,1,0,0,0,0,0,0
54.250830,0,0,0,0,0,1,0,0,0
54.251360,0,0,0,1,0,0,0,0,0
54.251721,0,0,0,0,0,0,0,0,1
54.289190,0,0,0,0,0,0,1,0,0
54.290048,0,0,1,0,0,0,0,0,0
54.300390,0,0,0,1,0,0,0,0,0
54.300400,0,0,0,0,0,1,0,0,0
54.304290,1,0,0,0,0,0,0,0,0
54.310482,0,0,0,0,1,0,1,0,0
54.322737,1,0,0,0,1,0,0,0,0
54.324912,0,0,0,0,0,0,0,1,0
54.327778,0,0,0,0,0,0,0,0,1
54.329810,0,0,0,0,0,0,0,1,0
54.347192,0,0,0,0,0,1,0,0,0
54.349194,0,1,0,0,0,0,0,0,0
54.349343,0,0,0,1,0,0,0,0,0
54.351674,0,0,0,0,0,0,0,0,1
54.352002,0,0,0,0,0,0,1,0,0
54.357216,0,1,0,0,0,0,0,0,0
54.363774,0,0,1,0,0,0,0,0,0
54.368282,1,0,0,0,0,0,0,0,0
54.388771,0,0,1,0,1,0,0,0,0
54.398677,0,0,0,0,0,1,0,0,0
54.399433,0,0,0,1,0,0,0,0,0
54.405861,0,0,0,0,0,0,1,0,0
54.416362,1,0,0,0,1,0,0,0,0
54.419204,0,0,0,0,0,0,0,1,0
54.422233,0,0,0,0,0,0,0,0,1
54.432527,0,0,0,0,0,0,0,1,0
54.441526,0,1,0,0,0,0,0,0,0
54.449384,0,0,0,1,0,0,0,0,0
54.450030,0,0,0,0,0,1,0,0,0
54.452548,0,0,0,0,0,0,0,0,1
54.459897,0,1,0,0,0,0,0,0,0
54.460072,0,0,0,0,0,0,1,0,0
54.461608,0,0,1,0,0,0,0,0,0
54.474820,1,0,0,0,1,0,0,0,0
54.485292,0,0,1,0,0,0,0,0,0
54.499618,0,0,0,1,0,0,0,0,0
54.500408,0,0,0,0,0,1,0,0,0
54.500863,0,0,0,0,0,0,0,0,1
54.504055,0,0,0,0,0,0,0,1,0
54.515305,0,0,0,0,0,0,1,0,0
54.528594,1,0,0,0,1,0,0,0,0
54.532114,0,1,0,0,0,0,0,0,0
54.533661,0,0,1,0,0,0,0,0,0
54.534162,0,0,0,0,0,0,0,1,0
54.549574,0,0,0,1,0,0,0,0,0
54.549667,0,0,0,0,0,1,0,0,0
54.554519,0,1,0,0,0,0,0,0,0
54.565956,0,0,0,0,0,0,0,0,1
54.577824,0,0,0,0,0,0,1,0,0
54.589511,1,0,0,0,0,0,0,0,0
54.595725,0,0,0,0,1,0,0,0,0
54.601555,0,0,1,0,0,0,0,0,0
54.601628,0,0,0,1,0,0,0,0,0
54.602353,0,0,0,0,0,1,0,0,0
54.606804,0,0,0,0,0,0,0,1,0
54.617341,0,0,0,0,0,0,0,0,1
54.635703,0,1,0,0,0,0,0,0,0
54.649714,0,0,0,0,0,1,0,0,0
54.649858,0,0,1,0,0,0,0,0,0
54.650321,0,0,0,1,0,0,0,0,0
54.651222,0,0,0,0,0,0,1,0,0
54.652371,0,0,0,0,0,0,1,0,0
54.652668,0,0,0,0,0,0,0,0,1
54.661534,1,0,0,0,0,0,0,0,0
54.666928,1,0,0,0,0,0,0,0,0
54.690564,0,0,1,0,1,0,0,0,0
54.698410,0,0,0,0,1,0,0,1,0
54.701050,0,0,0,0,0,1,0,0,0
54.701868,0,0,0,1,0,0,0,0,0
54.704748,0,0,0,0,0,0,0,0,1
54.721684,0,0,0,0,0,0,1,0,0
54.723790,0,0,0,0,0,0,0,1,0
54.727754,0,1,0,0,0,0,0,0,0
54.739231,0,0,1,0,0,0,0,0,0
54.740988,1,0,0,0,1,0,0,0,0
54.746738,0,0,0,0,0,1,0,0,0
54.747371,0,0,0,0,0,0,0,1,0
54.748525,0,1,0,0,0,0,0,0,0
54.749747,0,0,0,1,0,0,0,0,0
54.750105,0,0,0,0,0,0,1,0,0
54.762679,0,0,0,0,0,0,0,0,1
54.766403,1,0,0,0,1,0,0,0,0
54.769887,0,1,0,0,0,0,0,0,0
54.771258,0,0,0,0,0,0,0,1,0
54.797873,0,1,0,0,0,0,0,0,0
54.798634,0,0,1,0,0,0,0,0,0
54.801218,0,0,0,1,0,0,0,0,0
54.802662,0,0,0,0,0,1,0,0,0
54.804680,0,0,0,0,0,0,0,0,1
54.816535,0,0,0,0,0,0,1,0,0
54.828008,1,0,0,0,0,0,0,0,0
54.839015,0,0,1,0,1,0,0,0,0
54.843293,0,0,0,0,0,0,0,1,0
54.847808,0,0,0,0,0,1,0,0,0
54.850514,0,0,0,0,0,0,0,0,1
54.850634,0,0,0,1,0,0,0,0,0
54.853610,0,0,0,0,0,0,1,0,0
54.867364,0,1,0,0,0,0,0,0,0
54.867773,1,0,0,0,0,0,0,0,0
54.881842,0,0,1,0,0,0,0,0,0
54.896919,0,0,0,0,0,1,0,0,0
54.897700,0,0,0,0,1,0,0,0,0
54.897961,0,0,0,0,0,0,0,0,1
54.900088,0,0,0,1,0,0,0,0,0
54.923684,0,0,0,0,0,0,1,0,0
54.924100,0,0,0,0,0,0,0,1,0
54.934718,0,0,1,0,0,0,0,0,0
54.941218,1,0,0,0,1,0,0,0,0
54.942663,0,0,0,0,0,0,0,1,0
54.948463,0,1,0,0,0,0,0,0,0
54.950268,0,0,0,0,0,1,0,0,0
54.950866,0,0,0,1,0,0,0,0,0
54.960646,0,0,0,0,0,0,0,0,1
54.964048,0,1,0,0,0,0,0,0,0
54.969374,0,0,0,0,0,0,1,0,0
54.987043,1,0,0,0,0,0,0,0,0
54.998106,0,0,0,0,1,1,0,0,0
54.998197,0,0,1,0,0,0,0,0,0
55.000707,0,0,0,1,0,0,0,0,0
55.000802,0,0,0,0,0,0,1,0,0
55.003513,0,0,0,0,0,0,0,0,1
55.005362,0,0,0,0,0,0,0,1,0
55.012464,1,0,0,0,1,0,0,0,0
55.026979,0,0,0,0,0,0,0,1,0
55.028770,0,1,0,0,0,0,0,0,0
55.038688,0,0,1,0,0,0,0,0,0
55.048909,0,0,0,0,0,1,0,0,0
55.048974,0,1,0,0,0,0,0,0,0
55.050200,0,0,0,1,0,0,0,0,0
55.052131,0,0,0,0,0,0,1,0,0
55.063312,1,0,0,0,0,0,0,0,0
55.064187,0,0,0,0,0,0,0,0,1
55.098309,0,0,0,1,0,0,0,0,0
55.099427,0,0,1,0,0,0,0,0,0
55.099846,0,0,0,0,1,1,0,0,0
55.106746,0,0,0,0,0,0,1,0,0
55.119897,0,0,0,0,0,0,0,1,0
55.120134,1,0,0,0,1,0,0,0,0
55.123670,0,0,0,0,0,0,0,1,0
55.124068,0,0,0,0,0,0,0,0,1
55.140779,0,1,0,0,0,0,0,0,0
55.147015,0,0,0,0,0,1,0,0,0
55.148619,0,1,0,0,0,0,0,0,0
55.150054,0,0,0,1,0,0,0,0,0
55.156908,0,0,0,0,0,0,0,0,1
55.159427,0,0,0,0,0,0,1,0,0
55.162246,0,0,1,0,0,0,0,0,0
55.173439,1,0,0,0,1,0,0,0,0
55.174683,0,0,0,0,0,0,0,1,0
55.194953,0,0,1,0,0,0,0,0,0
55.196819,0,1,0,0,0,0,0,0,0
55.197119,0,0,0,0,0,1,0,0,0
55.199608,0,0,0,1,0,0,0,0,0
55.201257,0,0,0,0,0,0,0,0,1
55.203507,0,0,0,0,0,0,1,0,0
55.214906,1,0,0,0,0,0,0,0,0
55.232907,0,0,0,0,1,0,0,0,0
55.232937,0,0,0,0,0,0,0,1,0
55.239961,0,0,1,0,0,0,0,0,0
55.249916,0,0,0,1,0,0,0,0,0
55.250875,0,0,0,0,0,1,0,0,0
55.251399,0,0,0,0,0,0,0,0,1
55.255601,0,1,0,0,0,0,0,0,0
55.274067,0,0,0,0,0,0,1,0,0
55.286303,1,0,0,0,1,0,0,0,0
55.289403,0,0,1,0,0,0,0,0,0
55.292933,0,0,0,0,0,0,0,1,0
55.300643,0,0,0,1,0,0,0,0,0
55.302161,0,0,0,0,0,1,0,0,0
55.302407,0,0,0,0,0,0,1,0,0
55.316890,1,0,0,0,1,0,0,0,0
55.317092,0,1,0,0,0,0,0,0,0
55.321330,0,0,0,0,0,0,0,1,0
55.345175,0,1,0,0,0,0,0,0,0
55.348458,0,0,0,0,0,0,0,0,1
55.349528,0,0,0,0,0,1,0,0,0
55.350536,0,0,0,1,0,0,0,0,0
55.358788,0,0,0,0,0,0,0,0,1
55.362550,0,0,0,0,0,0,1,0,0
55.378944,1,0,0,0,0,0,0,0,0
55.380137,0,0,0,0,1,0,0,0,0
55.387846,0,0,0,0,0,0,0,1,0
55.388332,0,0,1,0,0,0,0,0,0
55.396202,0,0,1,0,0,0,0,0,0
55.399884,0,0,0,1,0,0,0,0,0
55.400229,0,0,0,0,0,1,0,0,0
55.409782,0,0,0,0,0,0,0,0,1
55.417122,0,1,0,0,0,0,0,0,0
55.447161,0,0,1,0,0,0,0,0,0
55.448074,0,0,0,0,0,0,1,0,0
55.449342,0,0,0,1,0,0,0,0,0
55.450093,0,0,0,0,0,1,0,0,0
55.450986,0,0,0,0,0,0,0,0,1
55.452390,0,0,0,0,0,0,1,0,0
55.459204,1,0,0,0,1,0,0,0,0
55.464084,1,0,0,0,0,0,0,0,0
55.472543,0,0,0,0,0,0,0,1,0
55.482473,0,0,0,0,1,0,0,0,0
55.486440,0,0,1,0,0,0,0,0,0
55.493424,0,1,0,0,0,0,0,0,0
55.498786,0,0,0,0,0,0,0,1,0
55.499843,0,0,0,1,0,0,0,0,0
55.502819,0,0,0,0,0,1,0,0,0
55.503227,0,0,0,0,0,0,0,0,1
55.514640,0,0,0,0,0,0,1,0,0
55.526205,0,1,0,0,0,0,0,0,0
55.534405,1,0,0,0,1,0,0,0,0
55.540604,0,0,1,0,0,0,0,0,0
55.548198,0,0,0,0,0,0,0,1,0
55.550098,0,0,0,1,0,0,0,0,0
55.553178,0,0,0,0,0,1,0,0,0
55.554047,0,0,0,0,0,0,0,0,1
55.563619,0,0,0,0,0,0,1,0,0
55.575697,0,1,0,0,0,0,0,0,0
55.581444,1,0,0,0,0,0,0,0,0
55.593970,0,0,1,0,1,0,0,0,0
55.596139,0,0,0,0,0,0,0,1,0
55.599290,0,0,0,1,0,0,0,0,0
55.599961,0,0,0,0,0,1,0,0,0
55.604076,0,0,0,0,0,0,1,0,0
55.618320,1,0,0,0,0,0,0,0,0
55.619886,0,0,0,0,1,0,0,0,0
55.621262,0,1,0,0,0,0,0,0,0
55.622323,0,0,0,0,0,0,0,1,0
55.624112,0,0,0,0,0,0,0,0,1
55.646176,0,1,0,0,0,0,0,0,0
55.650287,0,0,0,1,0,0,0,0,0
55.650814,0,0,0,0,0,1,0,0,0
55.651579,0,0,0,0,0,0,1,0,0
55.656530,0,0,1,0,0,0,0,0,0
55.665719,1,0,0,0,1,0,0,0,0
55.668607,0,0,0,0,0,0,0,0,1
55.669825,0,0,0,0,0,0,0,1,0
55.695161,0,1,0,0,0,0,0,0,0
55.697849,0,0,0,0,0,1,0,0,0
55.699069,0,0,0,0,0,0,0,0,1
55.699620,0,0,0,1,0,0,0,0,0
55.705672,0,0,1,0,0,0,0,0,0
55.715390,0,0,0,0,0,0,1,0,0
55.726220,1,0,0,0,1,0,0,0,0
55.738547,0,0,1,0,0,0,0,0,0
55.741163,0,0,0,0,0,0,0,1,0
55.749566,0,0,0,0,0,1,0,0,0
55.751901,0,0,0,1,0,0,0,0,0
55.753341,0,0,0,0,0,0,1,0,0
55.766310,0,1,0,0,0,0,0,0,0
55.767100,1,0,0,0,1,0,0,0,0
55.781627,0,0,0,0,0,0,0,1,0
55.785564,0,0,0,0,0,0,0,0,1
55.799981,0,0,0,1,0,0,0,0,0
55.802514,0,1,0,0,0,0,0,0,0
55.803795,0,0,0,0,0,1,0,0,0
55.804917,0,0,0,0,0,0,0,0,1
55.811973,0,0,0,0,0,0,1,0,0
55.822074,0,0,1,0,0,0,0,0,0
55.827605,1,0,0,0,0,0,0,0,0
55.833408,0,0,0,0,1,0,0,0,0
55.837350,0,0,0,0,0,0,0,1,0
55.839651,0,0,1,0,0,0,0,0,0
55.850083,0,0,0,0,0,1,0,0,0
55.850347,0,0,0,1,0,0,0,0,0
55.850971,0,0,0,0,0,0,0,0,1
55.858410,0,0,0,0,0,0,1,0,0
55.864564,0,1,0,0,0,0,0,0,0
55.871682,1,0,0,0,1,0,0,0,0
55.871709,0,0,0,0,0,0,0,1,0
55.882399,0,0,1,0,0,0,0,0,0
55.899120,0,1,0,0,0,0,0,0,0
55.899797,0,0,0,1,0,0,0,0,0
55.900733,0,0,0,0,0,1,0,0,0
55.909784,0,0,0,0,0,0,1,0,0
55.913462,0,0,0,0,0,0,0,0,1
55.923215,1,0,0,0,1,0,0,0,0
55.940663,0,0,0,0,0,0,0,1,0
55.943628,0,0,1,0,0,0,0,0,0
55.948935,0,0,0,0,0,1,0,0,0
55.949284,0,0,0,0,0,0,0,0,1
55.949382,0,0,0,1,0,0,0,0,0
55.960411,0,0,0,0,0,0,1,0,0
55.963541,0,1,0,0,0,0,0,0,0
55.976231,1,0,0,0,1,0,0,0,0
55.981122,0,0,0,0,0,0,0,1,0
55.986937,0,0,1,0,0,0,0,0,0
55.997509,0,0,0,0,0,1,0,0,0
55.999001,0,0,0,1,0,0,0,0,0
56.005230,0,1,0,0,0,0,0,0,0
56.007012,0,0,0,0,0,0,0,0,1
56.017158,0,0,0,0,0,0,1,0,0
56.034024,1,0,0,0,1,0,0,0,0
56.041488,0,0,1,0,0,0,0,0,0
56.046688,0,0,0,0,0,0,0,1,0
56.048845,0,0,0,0,0,1,0,0,0
56.051253,0,0,0,1,0,0,0,0,0
56.058726,0,0,0,0,0,0,0,0,1
56.059461,0,0,0,0,0,0,1,0,0
56.069123,0,1,0,0,0,0,0,0,0
56.074071,1,0,0,0,1,0,0,0,0
56.086403,0,0,0,0,0,0,0,1,0
56.098224,0,0,1,0,0,0,0,0,0
56.100976,0,0,0,1,0,0,0,0,0
56.101095,0,0,0,0,0,0,1,0,0
56.101472,0,0,0,0,0,1,0,0,0
56.107276,0,0,0,0,0,0,0,0,1
56.111015,0,1,0,0,0,0,0,0,0
56.118345,1,0,0,0,0,0,0,0,0
56.129840,0,0,0,0,1,0,0,0,0
56.135522,0,0,0,0,0,0,0,1,0
56.146279,0,0,1,0,0,0,0,0,0
56.147598,0,0,0,0,0,1,0,0,0
56.148381,0,0,0,0,0,0,0,0,1
56.149446,0,0,0,1,0,0,0,0,0
56.156969,0,0,0,0,0,0,1,0,0
56.156997,0,1,0,0,0,0,0,0,0
56.169496,1,0,0,0,0,0,0,0,0
56.183834,0,0,1,0,0,0,0,0,0
56.200713,0,0,0,1,1,0,0,0,0
56.201964,0,0,0,0,0,1,0,0,0
56.209331,0,0,0,0,0,0,0,1,0
56.213989,0,0,0,0,0,0,0,0,1
56.219177,0,0,0,0,0,0,1,0,0
56.230269,0,1,0,0,0,0,0,0,0
56.233287,1,0,0,0,1,0,0,0,0
56.235416,0,0,0,0,0,0,0,1,0
56.247745,0,0,0,0,0,1,0,0,0
56.247879,0,0,1,0,0,0,0,0,0
56.250346,0,0,0,1,0,0,0,0,0
56.251394,0,0,0,0,0,0,1,0,0
56.259047,0,0,0,0,0,0,0,0,1
56.259508,0,1,0,0,0,0,0,0,0
56.268354,1,0,0,0,1,0,0,0,0
56.270737,0,0,0,0,0,0,0,1,0
56.294569,0,1,0,0,0,0,0,0,0
56.298448,0,0,1,0,0,0,0,0,0
56.298789,0,0,0,0,0,1,0,0,0
56.299285,0,0,0,0,0,0,0,0,1
56.301042,0,0,0,1,0,0,0,0,0
56.307886,0,0,0,0,0,0,1,0,0
56.320596,1,0,0,0,1,0,0,0,0
56.325747,0,0,0,0,0,0,0,1,0
56.331646,0,0,1,0,0,0,0,0,0
56.350148,0,0,0,0,0,1,0,0,0
56.351756,0,0,0,1,0,0,0,0,0
56.352714,0,0,0,0,0,0,1,0,0
56.354798,0,1,0,0,0,0,0,0,0
56.359364,0,0,0,0,0,0,0,0,1
56.366725,1,0,0,0,1,0,0,0,0
56.388392,0,0,0,0,0,0,0,1,0
56.396642,0,0,1,0,0,0,0,0,0
56.401187,0,0,0,1,0,0,0,0,0
56.401417,0,0,0,0,0,0,1,0,0
56.403284,0,0,0,0,0,1,0,0,0
56.413940,0,0,0,0,0,0,0,0,1
56.417063,1,0,0,0,0,0,0,0,0
56.417616,0,1,0,0,0,0,0,0,0
56.447352,0,0,0,0,1,1,0,0,0
56.449744,0,0,1,0,0,0,0,0,0
56.450607,0,0,0,1,0,0,0,0,0
56.457043,0,0,0,0,0,0,0,0,1
56.457079,0,0,0,0,0,0,1,0,0
56.471271,1,0,0,0,0,0,0,0,0
56.490162,0,0,0,0,0,0,0,1,0
56.494646,0,0,1,0,1,0,0,0,0
56.499072,0,0,0,0,0,1,0,0,0
56.501289,0,0,0,1,0,0,0,0,0
56.507174,0,0,0,0,0,0,0,1,0
56.511073,0,0,0,0,0,0,0,0,1
56.513079,0,1,0,0,0,0,0,0,0
56.534853,0,1,0,0,0,0,0,0,0
56.536696,0,0,0,0,0,0,1,0,0
56.547851,0,0,1,0,0,0,0,0,0
56.548695,1,0,0,0,0,0,0,0,0
56.548849,0,0,0,0,0,1,0,0,0
56.551219,0,0,0,1,1,0,0,0,0
56.552836,0,0,0,0,0,0,0,0,1
56.553414,0,0,0,0,0,0,1,0,0
56.553441,0,0,0,0,0,0,0,1,0
56.568088,1,0,0,0,1,0,0,0,0
56.573472,0,1,0,0,0,0,0,0,0
56.575840,0,0,0,0,0,0,0,1,0
56.585038,0,0,1,0,0,0,0,0,0
56.596804,0,1,0,0,0,0,0,0,0
56.597372,0,0,0,0,0,1,0,0,0
56.600600,0,0,0,1,0,0,0,0,0
56.602862,0,0,0,0,0,0,1,0,0
56.606526,0,0,0,0,0,0,0,0,1
56.622274,1,0,0,0,0,0,0,0,0
56.643900,0,0,1,0,0,0,0,0,0
56.646965,0,0,0,0,1,0,0,0,0
56.648611,0,0,0,0,0,0,0,1,0
56.651263,0,0,0,1,0,0,0,0,0
56.651893,0,0,0,0,0,1,0,0,0
56.662007,0,0,0,0,0,0,1,0,0
56.669510,0,0,0,0,0,0,0,0,1
56.670682,0,1,0,0,0,0,0,0,0
56.679000,1,0,0,0,1,0,0,0,0
56.690805,0,0,0,0,0,0,0,1,0
56.700291,0,0,0,0,0,1,0,0,0
56.700751,0,0,0,1,0,0,0,0,0
56.701975,0,0,0,0,0,0,0,0,1
56.706976,0,0,1,0,0,0,0,0,0
56.713223,0,0,0,0,0,0,1,0,0
56.718777,0,1,0,0,0,0,0,0,0
56.731426,1,0,0,0,1,0,0,0,0
56.733702,0,0,0,0,0,0,0,1,0
56.741775,0,0,1,0,0,0,0,0,0
56.749141,0,0,0,1,0,0,0,0,0
56.752057,0,0,0,0,0,1,0,0,0
56.757080,0,0,0,0,0,0,0,0,1
56.758763,0,1,0,0,0,0,0,0,0
56.769629,0,0,0,0,0,0,1,0,0
56.788176,1,0,0,0,0,0,0,0,0
56.794572,0,0,1,0,1,0,0,0,0
56.797006,0,0,0,0,0,0,0,1,0
56.800089,0,0,0,1,0,0,0,0,0
56.802049,0,0,0,0,0,1,0,0,0
56.806538,0,0,0,0,0,0,1,0,0
56.814389,0,0,0,0,0,0,0,0,1
56.821742,0,1,0,0,0,0,0,0,0
56.823985,1,0,0,0,0,0,0,0,0
56.849769,0,0,0,0,0,1,0,0,0
56.849814,0,0,0,0,1,0,0,0,1
56.850210,0,0,0,1,0,0,0,0,0
56.850363,0,0,1,0,0,0,0,0,0
56.858891,0,0,0,0,0,0,0,1,0
56.861267,0,0,0,0,0,0,1,0,0
56.873372,1,0,0,0,1,0,0,0,0
56.882985,0,0,0,0,0,0,0,1,0
56.888495,0,1,0,0,0,0,0,0,0
56.889431,0,0,1,0,0,0,0,0,0
56.899057,0,0,0,1,0,0,0,0,0
56.901276,0,0,0,0,0,1,0,0,0
56.903506,0,1,0,0,0,0,0,0,0
56.905931,0,0,0,0,0,0,0,0,1
56.915050,0,0,0,0,0,0,1,0,0
56.926811,1,0,0,0,1,0,0,0,0
56.938476,0,0,0,0,0,0,0,1,0
56.944360,0,0,1,0,0,0,0,0,0
56.949761,0,0,0,1,0,0,0,0,0
56.951545,0,0,0,0,0,0,1,0,0
56.952096,0,0,0,0,0,1,0,0,0
56.960736,0,1,0,0,0,0,0,0,0
56.961761,1,0,0,0,0,0,0,0,0
56.962151,0,0,0,0,0,0,0,0,1
56.975652,0,0,0,0,1,0,0,0,0
56.984441,0,0,0,0,0,0,0,1,0
56.998527,0,0,0,0,0,1,0,0,0
56.998826,0,0,0,1,0,0,0,0,0
56.999314,0,0,1,0,0,0,0,0,0
57.006456,0,0,0,0,0,0,0,0,1
57.010181,0,0,0,0,0,0,1,0,0
57.010381,0,1,0,0,0,0,0,0,0
57.023622,1,0,0,0,0,0,0,0,0
57.042156,0,0,1,0,1,0,0,0,0
57.049719,0,0,0,0,0,1,0,0,0
57.051081,0,0,0,1,0,0,0,0,0
57.052871,0,0,0,0,0,0,0,0,1
57.053192,0,0,0,0,0,0,1,0,0
57.058148,0,0,0,0,0,0,0,1,0
57.066124,1,0,0,0,1,0,0,0,0
57.069905,0,0,0,0,0,0,0,1,0
57.085849,0,1,0,0,0,0,0,0,0
57.087297,0,0,1,0,0,0,0,0,0
57.097167,0,0,0,0,0,1,0,0,0
57.099245,0,1,0,0,0,0,0,0,0
57.099839,0,0,0,1,0,0,0,0,0
57.099929,0,0,0,0,0,0,0,0,1
57.110783,0,0,0,0,0,0,1,0,0
57.126343,1,0,0,0,1,0,0,0,0
57.130542,0,0,0,0,0,0,0,1,0
57.139268,0,0,1,0,0,0,0,0,0
57.150112,0,0,0,1,0,0,0,0,0
57.151330,0,0,0,0,0,1,0,0,0
57.152144,0,0,0,0,0,0,1,0,0
57.155558,0,1,0,0,0,0,0,0,0
57.163870,1,0,0,0,1,0,0,0,0
57.165156,0,0,0,0,0,0,0,1,0
57.187062,0,1,0,0,0,0,0,0,0
57.191367,0,0,0,0,0,0,0,0,1
57.200086,0,0,0,1,0,0,0,0,0
57.200614,0,0,0,0,0,1,0,0,0
57.204426,0,0,0,0,0,0,1,0,0
57.209541,0,0,0,0,0,0,0,0,1
57.216625,1,0,0,0,1,0,0,0,0
57.223142,0,0,0,0,0,0,0,1,0
57.227306,0,0,1,0,0,0,0,0,0
57.243492,0,1,0,0,0,0,0,0,0
57.248919,0,0,0,1,0,0,0,0,0
57.249330,0,0,1,0,0,0,0,0,0
57.250693,0,0,0,0,0,0,1,0,0
57.251084,0,0,0,0,0,1,0,0,0
57.254845,0,0,0,0,0,0,0,0,1
57.262911,1,0,0,0,0,0,0,0,0
57.293090,0,0,1,0,0,0,0,0,0
57.299329,0,0,0,1,1,0,0,0,0
57.299451,0,0,0,0,0,1,0,0,0
57.301856,0,0,0,0,0,0,1,0,0
57.304901,0,0,0,0,0,0,0,0,1
57.312029,0,0,0,0,0,0,0,1,0
57.321852,1,0,0,0,0,0,0,0,0
57.326404,0,0,0,0,1,0,0,0,0
57.328345,0,0,0,0,0,0,0,1,0
57.333992,0,1,0,0,0,0,0,0,0
57.339462,0,0,1,0,0,0,0,0,0
57.347882,0,0,0,0,0,1,0,0,0
57.348439,0,1,0,0,0,0,0,0,0
57.349724,0,0,0,1,0,0,0,0,0
57.349787,0,0,0,0,0,0,1,0,0
57.359927,1,0,0,0,0,0,0,0,0
57.372268,0,0,0,0,1,0,0,0,1
57.383491,0,0,0,0,0,0,0,1,0
57.397572,0,0,0,0,0,1,0,0,0
57.398557,0,0,0,0,0,0,0,0,1
57.399842,0,0,0,1,0,0,0,0,0
57.402996,0,0,0,0,0,0,1,0,0
57.404247,0,1,0,0,0,0,0,0,0
57.407760,0,0,1,0,0,0,0,0,0
57.422069,1,0,0,0,1,0,0,0,0
57.422930,0,0,0,0,0,0,0,1,0
57.435566,0,0,1,0,0,0,0,0,0
57.444798,0,1,0,0,0,0,0,0,0
57.448866,0,0,0,1,0,0,0,0,0
57.449908,0,0,0,0,0,1,0,0,0
57.453554,0,0,0,0,0,0,1,0,0
57.464471,1,0,0,0,0,0,0,0,0
57.466818,0,0,0,0,1,0,0,0,0
57.469204,0,0,0,0,0,0,0,0,1
57.473382,0,0,0,0,0,0,0,1,0
57.498028,0,0,0,0,0,1,0,0,0
57.500731,0,0,0,1,0,0,0,0,0
57.501916,0,1,0,0,0,0,0,0,0
57.506262,0,0,1,0,0,0,0,0,0
57.507730,0,0,0,0,0,0,1,0,0
57.510306,0,0,0,0,0,0,0,0,1
57.523492,1,0,0,0,0,0,0,0,0
57.549932,0,0,1,0,0,0,0,0,0
57.550247,0,0,0,0,1,1,0,0,0
57.550717,0,0,0,1,0,0,0,0,0
57.552366,0,0,0,0,0,0,0,1,0
57.553066,0,0,0,0,0,0,1,0,0
57.564595,0,0,0,0,0,0,0,0,1
57.570968,1,0,0,0,1,0,0,0,0
57.574873,0,0,0,0,0,0,0,1,0
57.576937,0,1,0,0,0,0,0,0,0
57.598977,0,1,0,0,0,0,0,0,0
57.599806,0,0,0,1,0,0,0,0,0
57.600655,0,0,1,0,0,0,0,0,0
57.601139,0,0,0,0,0,1,0,0,0
57.602465,0,0,0,0,0,0,1,0,0
57.602698,0,0,0,0,0,0,0,0,1
57.620284,1,0,0,0,1,0,0,0,0
57.628077,0,0,0,0,0,0,0,1,0
57.641029,0,0,1,0,0,0,0,0,0
57.648963,0,0,0,0,0,1,0,0,0
57.650128,0,0,0,1,0,0,0,0,0
57.650464,0,0,0,0,0,0,1,0,0
57.652194,0,1,0,0,0,0,0,0,0
57.662783,1,0,0,0,0,0,0,0,0
57.671221,0,0,0,0,1,0,0,0,0
57.675264,0,0,0,0,0,0,0,1,0
57.676902,0,0,0,0,0,0,0,0,1
57.696201,0,0,0,0,0,1,0,0,0
57.697466,0,1,0,0,0,0,0,0,0
57.699344,0,0,0,1,0,0,0,0,0
57.702104,0,0,0,0,0,0,1,0,0
57.706203,0,0,0,0,0,0,0,0,1
57.713540,0,0,1,0,0,0,0,0,0
57.714855,1,0,0,0,0,0,0,0,0
57.738088,0,0,0,0,1,0,0,0,0
57.738198,0,0,0,0,0,0,0,1,0
57.741377,0,0,1,0,0,0,0,0,0
57.746080,0,0,0,0,0,1,0,0,0
57.749308,0,0,0,1,0,0,0,0,0
57.751453,0,0,0,0,0,0,0,0,1
57.766181,0,1,0,0,0,0,0,0,0
57.784513,0,0,1,0,0,0,0,0,0
57.784761,0,0,0,0,0,0,1,0,0
57.797083,1,0,0,0,1,0,0,0,0
57.799184,0,0,0,1,0,0,0,0,0
57.802553,0,0,0,0,0,1,0,0,0
57.802757,0,0,0,0,0,0,0,1,0
57.822633,0,0,0,0,0,0,1,0,0
57.825665,0,1,0,0,0,0,0,0,0
57.826032,0,0,0,0,0,0,0,0,1
57.838304,1,0,0,0,1,0,0,0,0
57.844665,0,0,0,0,0,0,0,1,0
57.849074,0,0,0,1,0,0,0,0,0
57.850447,0,0,0,0,0,1,0,0,0
57.856228,0,0,0,0,0,0,1,0,0
57.858867,0,0,0,0,0,0,0,0,1
57.859071,0,0,1,0,0,0,0,0,0
57.866753,0,1,0,0,0,0,0,0,0
57.873925,1,0,0,0,0,0,0,0,0
57.894042,0,0,1,0,0,0,0,0,0
57.899513,0,0,0,1,1,0,0,0,0
57.902266,0,0,0,0,0,1,0,0,0
57.904112,0,0,0,0,0,0,0,0,1
57.904296,0,0,0,0,0,0,0,1,0
57.905269,0,0,0,0,0,0,1,0,0
57.917411,1,0,0,0,0,0,0,0,0
57.918411,0,0,0,0,1,0,0,0,0
57.930091,0,1,0,0,0,0,0,0,0
57.936388,0,0,0,0,0,0,0,1,0
57.938318,0,0,1,0,0,0,0,0,0
57.947486,0,0,0,0,0,1,0,0,0
57.948918,0,0,0,0,0,0,0,0,1
57.950409,0,0,0,1,0,0,0,0,0
57.958611,0,1,0,0,0,0,0,0,0
57.959430,0,0,0,0,0,0,1,0,0
57.971437,1,0,0,0,1,0,0,0,0
57.987763,0,0,0,0,0,0,0,1,0
57.987837,0,0,1,0,0,0,0,0,0
57.996003,0,0,0,0,0,1,0,0,0
58.001890,0,0,0,1,0,0,0,0,0
58.004384,0,0,0,0,0,0,0,0,1
58.008785,0,1,0,0,0,0,0,0,0
58.012622,0,0,0,0,0,0,1,0,0
58.025392,1,0,0,0,1,0,0,0,0
58.025585,0,0,0,0,0,0,0,1,0
58.040446,0,0,1,0,0,0,0,0,0
58.049413,0,0,0,1,0,0,0,0,0
58.052371,0,1,0,0,0,0,0,0,0
58.053121,0,0,0,0,0,1,0,0,0
58.053407,0,0,0,0,0,0,0,0,1
58.062133,0,0,0,0,0,0,1,0,0
58.075602,1,0,0,0,0,0,0,0,0
58.081395,0,0,0,0,1,0,0,0,0
58.083465,0,0,0,0,0,0,0,1,0
58.085400,0,0,1,0,0,0,0,0,0
58.097163,0,0,0,0,0,1,0,0,0
58.100917,0,0,0,1,0,0,0,0,0
58.103781,0,0,0,0,0,0,1,0,0
58.104641,0,0,0,0,0,0,0,0,1
58.112603,0,1,0,0,0,0,0,0,0
58.117651,1,0,0,0,0,0,0,0,0
58.129411,0,0,0,0,1,0,0,0,0
58.131204,0,0,0,0,0,0,0,1,0
58.137505,0,0,1,0,0,0,0,0,0
58.146180,0,0,0,0,0,1,0,0,0
58.146277,0,0,0,0,0,0,0,0,1
58.149542,0,0,0,1,0,0,0,0,0
58.151678,0,1,0,0,0,0,0,0,0
58.162444,0,0,0,0,0,0,1,0,0
58.179297,1,0,0,0,1,0,0,0,0
58.181143,0,0,0,0,0,0,0,1,0
58.184646,0,0,1,0,0,0,0,0,0
58.198697,0,0,0,0,0,1,0,0,0
58.200660,0,0,0,1,0,0,0,0,0
58.203110,0,1,0,0,0,0,0,0,0
58.204429,0,0,0,0,0,0,1,0,0
58.206403,0,0,0,0,0,0,0,0,1
58.216946,1,0,0,0,0,0,0,0,0
58.245085,0,0,1,0,0,0,0,0,0
58.249080,0,0,0,0,1,1,0,0,0
58.249368,0,0,0,1,0,0,0,0,0
58.249484,0,0,0,0,0,0,1,0,0
58.251904,0,0,0,0,0,0,0,1,0
58.253386,0,0,0,0,0,0,0,0,1
58.263104,1,0,0,0,1,0,0,0,0
58.273601,0,1,0,0,0,0,0,0,0
58.280244,0,0,0,0,0,0,0,1,0
58.289132,0,0,1,0,0,0,0,0,0
58.296806,0,0,0,0,0,1,0,0,0
58.299906,0,0,0,1,0,0,0,0,0
58.303447,0,0,0,0,0,0,1,0,0
58.306630,0,1,0,0,0,0,0,0,0
58.308783,0,0,0,0,0,0,0,0,1
58.319991,1,0,0,0,1,0,0,0,0
58.327875,0,0,0,0,0,0,0,1,0
58.345609,0,0,1,0,0,0,0,0,0
58.348696,0,0,0,1,0,0,0,0,0
58.349323,0,1,0,0,0,0,0,0,0
58.350328,0,0,0,0,0,1,0,0,0
58.350885,0,0,0,0,0,0,0,0,1
58.352149,0,0,0,0,0,0,1,0,0
58.366791,1,0,0,0,0,0,0,0,0
58.376239,0,0,0,0,1,0,0,0,0
58.385168,0,0,1,0,0,0,0,0,0
58.390180,0,0,0,0,0,0,0,1,0
58.397281,0,0,0,0,0,1,0,0,0
58.398567,0,0,0,0,0,0,0,0,1
58.399324,0,0,0,1,0,0,0,0,0
58.400866,0,0,0,0,0,0,1,0,0
58.414175,0,1,0,0,0,0,0,0,0
58.417547,1,0,0,0,1,0,0,0,0
58.418301,0,0,0,0,0,0,0,1,0
58.430642,0,0,1,0,0,0,0,0,0
58.446779,0,1,0,0,0,0,0,0,0
58.450410,0,0,0,1,0,0,0,0,0
58.451158,0,0,0,0,0,0,1,0,0
58.451343,0,0,0,0,0,1,0,0,0
58.451497,0,0,0,0,0,0,0,0,1
58.464713,1,0,0,0,1,0,0,0,0
58.481090,0,0,0,0,0,0,0,1,0
58.484232,0,0,1,0,0,0,0,0,0
58.498640,0,0,0,0,0,1,0,0,0
58.500145,0,0,0,1,0,0,0,0,0
58.504889,0,1,0,0,0,0,0,0,0
58.506824,0,0,0,0,0,0,1,0,0
58.509178,0,0,0,0,0,0,0,0,1
58.517625,1,0,0,0,0,0,0,0,0
58.545991,0,0,1,0,0,0,0,0,0
58.550679,0,0,0,1,1,0,0,0,0
58.552094,0,0,0,0,0,1,0,0,0
58.561310,0,0,0,0,0,0,0,1,0
58.561814,0,0,0,0,0,0,1,0,0
58.562961,0,0,0,0,0,0,0,0,1
58.576961,1,0,0,0,1,0,0,0,0
58.584279,0,1,0,0,0,0,0,0,0
58.594853,0,0,0,0,0,0,0,1,0
58.597285,0,0,1,0,0,0,0,0,0
58.599744,0,0,0,0,0,1,0,0,0
58.600688,0,0,0,1,0,0,0,0,0
58.608052,0,0,0,0,0,0,0,0,1
58.623310,0,1,0,0,0,0,0,0,0
58.640117,0,0,0,0,0,0,1,0,0
58.644902,0,0,1,0,0,0,0,0,0
58.648355,0,0,0,0,0,1,0,0,0
58.650656,0,0,0,1,0,0,0,0,0
58.657470,1,0,0,0,1,0,0,0,0
58.660039,0,0,0,0,0,0,0,0,1
58.666262,0,0,0,0,0,0,1,0,0
58.668479,0,0,0,0,0,0,0,1,0
58.684845,1,0,0,0,1,0,0,0,0
58.686266,0,0,0,0,0,0,0,1,0
58.692897,0,1,0,0,0,0,0,0,0
58.697226,0,0,1,0,0,0,0,0,0
58.698569,0,0,0,0,0,1,0,0,0
58.699366,0,0,0,0,0,0,0,0,1
58.699691,0,0,0,1,0,0,0,0,0
58.710682,0,1,0,0,0,0,0,0,0
58.720562,0,0,0,0,0,0,1,0,0
58.732330,0,0,1,0,0,0,0,0,0
58.739958,1,0,0,0,0,0,0,0,0
58.746624,0,0,0,0,0,1,0,0,0
58.749439,0,0,0,1,1,0,0,0,0
58.759247,0,0,0,0,0,0,1,0,0
58.764155,0,0,0,0,0,0,0,0,1
58.770804,0,0,0,0,0,0,0,1,0
58.776023,1,0,0,0,1,0,0,0,0
58.782687,0,0,0,0,0,0,0,1,0
58.798844,0,1,0,0,0,0,0,0,0
58.799161,0,0,0,0,0,1,0,0,0
58.799512,0,0,1,0,0,0,0,0,0
58.801205,0,0,0,1,0,0,0,0,0
58.809263,0,1,0,0,0,0,0,0,0
58.815652,0,0,0,0,0,0,0,0,1
58.821943,0,0,0,0,0,0,1,0,0
58.834796,1,0,0,0,1,0,0,0,0
58.848095,0,0,0,0,0,1,0,0,0
58.848161,0,0,1,0,0,0,0,0,0
58.849356,0,0,0,1,0,0,0,0,0
58.851513,0,0,0,0,0,0,0,1,0
58.851585,0,0,0,0,0,0,0,0,1
58.862006,0,0,0,0,0,0,1,0,0
58.874050,1,0,0,0,0,0,0,0,0
58.877583,0,1,0,0,0,0,0,0,0
58.890010,0,0,1,0,0,0,0,0,0
58.898956,0,0,0,0,0,1,0,0,0
58.901271,0,0,0,1,1,0,0,0,0
58.902568,0,0,0,0,0,0,0,0,1
58.908823,0,0,0,0,0,0,1,0,0
58.918318,0,0,0,0,0,0,0,1,0
58.923593,1,0,0,0,0,0,0,0,0
58.929088,0,0,0,0,1,0,0,0,0
58.930590,0,0,0,0,0,0,0,1,0
58.938695,0,0,1,0,0,0,0,0,0
58.945484,0,1,0,0,0,0,0,0,0
58.948109,0,0,0,0,0,1,0,0,0
58.949772,0,0,0,1,0,0,0,0,0
58.952648,0,1,0,0,0,0,0,0,0
58.957439,0,0,0,0,0,0,1,0,0
58.969565,1,0,0,0,1,0,0,0,0
58.976687,0,0,0,0,0,0,0,1,0
58.983748,0,0,0,0,0,0,0,0,1
58.997826,0,1,0,0,0,0,0,0,0
58.998640,0,0,0,1,0,0,0,0,0
59.000091,0,0,0,0,0,1,0,0,0
59.001016,0,0,0,0,0,0,1,0,0
59.012355,1,0,0,0,1,0,0,0,0
59.017448,0,0,0,0,0,0,0,0,1
59.019703,0,0,1,0,0,0,0,0,0
59.020443,0,0,0,0,0,0,0,1,0
59.043809,0,1,0,0,0,0,0,0,0
59.047072,0,0,0,0,0,1,0,0,0
59.048273,0,0,0,1,0,0,0,0,0
59.051594,0,0,1,0,0,0,0,0,0
59.053544,0,0,0,0,0,0,0,0,1
59.064399,0,0,0,0,0,0,1,0,0
59.078719,1,0,0,0,0,0,0,0,0
59.090166,0,0,1,0,1,0,0,0,0
59.097513,0,0,0,0,0,1,0,0,0
59.099140,0,0,0,1,0,0,0,0,0
59.099851,0,0,0,0,0,0,0,0,1
59.106609,0,0,0,0,0,0,1,0,0
59.110912,0,0,0,0,0,0,0,1,0
59.125866,1,0,0,0,0,0,0,0,0
59.130572,0,0,1,0,0,0,0,0,0
59.131691,0,1,0,0,0,0,0,0,0
59.149317,0,0,0,1,1,0,0,0,0
59.149950,0,0,0,0,0,0,1,0,0
59.150092,0,0,0,0,0,0,0,1,0
59.153108,0,0,0,0,0,1,0,0,0
59.160656,0,0,0,0,0,0,0,0,1
59.163200,1,0,0,0,0,0,0,0,0
59.170471,0,1,0,0,0,0,0,0,0
59.199665,0,0,1,0,0,0,0,0,0
59.200370,0,0,0,1,0,0,0,0,0
59.201336,0,0,0,0,0,1,0,0,0
59.211243,0,0,0,0,1,0,1,0,0
59.211823,0,0,0,0,0,0,0,0,1
59.216145,0,0,0,0,0,0,0,1,0
59.226142,1,0,0,0,1,0,0,0,0
59.231173,0,0,0,0,0,0,0,1,0
59.244033,0,1,0,0,0,0,0,0,0
59.246537,0,0,1,0,0,0,0,0,0
59.248528,0,0,0,1,0,0,0,0,0
59.249114,0,0,0,0,0,1,0,0,0
59.253518,0,1,0,0,0,0,0,0,0
59.256183,0,0,0,0,0,0,1,0,0
59.269784,1,0,0,0,0,0,0,0,0
59.273132,0,0,0,0,1,0,0,0,0
59.278505,0,0,0,0,0,0,0,1,0
59.296934,0,0,0,0,0,0,0,0,1
59.298994,0,0,0,1,0,0,0,0,0
59.300619,0,0,0,0,0,1,0,0,0
59.302017,0,1,0,0,0,0,0,0,0
59.304770,0,0,0,0,0,0,1,0,0
59.312144,0,0,0,0,0,0,0,0,1
59.319370,1,0,0,0,1,0,0,0,0
59.322231,0,0,0,0,0,0,0,1,0
59.334132,0,0,1,0,0,0,0,0,0
59.344614,0,1,0,0,0,0,0,0,0
59.347210,0,0,1,0,0,0,0,0,0
59.349970,0,0,0,1,0,0,0,0,0
59.350173,0,0,0,0,0,1,0,0,0
59.352595,0,0,0,0,0,0,1,0,0
59.354366,0,0,0,0,0,0,0,0,1
59.372353,1,0,0,0,1,0,0,0,0
59.375897,0,0,0,0,0,0,0,1,0
59.394305,0,0,1,0,0,0,0,0,0
59.398431,0,0,0,0,0,1,0,0,0
59.399894,0,1,0,0,0,0,0,0,0
59.400852,0,0,0,1,0,0,0,0,0
59.401745,0,0,0,0,0,0,0,0,1
59.415212,0,0,0,0,0,0,1,0,0
59.425932,1,0,0,0,1,0,0,0,0
59.434418,0,0,1,0,0,0,0,0,0
59.446964,0,0,0,0,0,1,0,0,0
59.449949,0,0,0,1,0,0,0,0,0
59.451999,0,0,0,0,0,0,0,0,1
59.467930,0,0,0,0,0,0,0,1,0
59.470351,0,0,0,0,0,0,1,0,0
59.480560,1,0,0,0,1,0,0,0,0
59.483123,0,0,1,0,0,0,0,0,0
59.489240,0,1,0,0,0,0,0,0,0
59.500168,0,0,0,1,0,0,0,0,0
59.503150,0,0,0,0,0,1,0,0,0
59.507635,0,0,0,0,0,0,0,1,0
59.508313,0,0,0,0,0,0,0,0,1
59.514198,0,0,0,0,0,0,1,0,0
59.529648,1,0,0,0,1,0,0,0,0
59.535313,0,1,0,0,0,0,0,0,0
59.541173,0,0,1,0,0,0,0,0,0
59.551303,0,0,0,0,0,1,0,0,0
59.551503,0,0,0,1,0,0,0,0,0
59.554915,0,0,0,0,0,0,1,0,0
59.563970,0,0,0,0,0,0,0,0,1
59.565348,0,0,0,0,0,0,0,1,0
59.570401,1,0,0,0,0,0,0,0,0
59.575248,0,0,0,0,1,0,0,0,0
59.582522,0,0,0,0,0,0,0,1,0
59.589446,0,1,0,0,0,0,0,0,0
59.599329,0,0,1,0,0,0,0,0,0
59.600452,0,0,0,1,0,0,0,0,0
59.600807,0,0,0,0,0,1,0,0,0
59.604947,0,0,0,0,0,0,1,0,0
59.605051,0,1,0,0,0,0,0,0,0
59.616703,0,0,0,0,0,0,0,0,1
59.619633,1,0,0,0,0,0,0,0,0
59.648434,0,0,0,0,0,1,0,0,0
59.648749,0,0,0,0,1,0,0,0,0
59.649557,0,0,0,1,0,0,0,0,0
59.651278,0,0,0,0,0,0,0,1,0
59.655882,0,0,1,0,0,0,0,0,0
59.658596,0,0,0,0,0,0,1,0,0
59.664683,0,0,0,0,0,0,0,0,1
59.672051,1,0,0,0,1,0,0,0,0
59.674906,0,1,0,0,0,0,0,0,0
59.682609,0,0,0,0,0,0,0,1,0
59.696583,0,0,1,0,0,0,0,0,0
59.699458,0,0,0,1,0,0,0,0,0
59.702812,0,0,0,0,0,1,0,0,0
59.703259,0,1,0,0,0,0,0,0,0
59.705941,0,0,0,0,0,0,0,0,1
59.706669,0,0,0,0,0,0,1,0,0
59.716781,1,0,0,0,1,0,0,0,0
59.743622,0,0,1,0,0,0,0,0,0
59.747769,0,0,0,0,0,0,0,1,0
59.748399,0,0,0,1,0,0,0,0,0
59.750256,0,0,0,0,0,1,0,0,0
59.750935,0,0,0,0,0,0,0,0,1
59.752948,0,0,0,0,0,0,1,0,0
59.768553,1,0,0,0,1,0,0,0,0
59.768864,0,1,0,0,0,0,0,0,0
59.773014,0,0,0,0,0,0,0,1,0
59.789938,0,0,1,0,0,0,0,0,0
59.793103,0,1,0,0,0,0,0,0,0
59.799457,0,0,0,0,0,1,0,0,0
59.801351,0,0,0,1,0,0,0,0,0
59.809622,0,0,0,0,0,0,0,0,1
59.833920,0,0,0,0,0,0,1,0,0
59.846241,0,0,1,0,0,0,0,0,0
59.848056,1,0,0,0,1,0,0,0,0
59.850174,0,0,0,0,0,1,0,0,0
59.850765,0,0,0,1,0,0,0,0,0
59.853377,0,0,0,0,0,0,0,0,1
59.854498,0,0,0,0,0,0,1,0,0
59.866485,1,0,0,0,0,0,0,0,0
59.884184,0,0,0,0,0,0,0,1,0
59.890741,0,0,1,0,0,0,0,0,0
59.898930,0,0,0,1,1,0,0,0,0
59.899376,0,0,0,0,0,1,0,0,0
59.899632,0,0,0,0,0,0,0,0,1
59.903988,0,0,0,0,0,0,0,1,0
59.910612,0,1,0,0,0,0,0,0,0
59.927867,0,1,0,0,0,0,0,0,0
59.932556,0,0,1,0,0,0,0,0,0
59.948892,0,0,0,0,0,1,0,0,0
59.948980,0,0,0,0,0,0,0,0,1
59.950234,0,0,0,1,0,0,0,0,0
59.952659,0,0,0,0,0,0,1,0,0
59.963217,0,0,0,0,0,0,1,0,0
59.965045,1,0,0,0,1,0,0,0,0
59.972370,0,0,0,0,0,0,0,1,0
59.981367,1,0,0,0,1,0,0,0,0
59.988110,0,0,1,0,0,0,0,0,0
59.993633,0,0,0,0,0,0,0,1,0
59.999385,0,1,0,0,0,0,0,0,0
60.000286,0,0,0,1,0,0,0,0,0
60.001270,0,0,0,0,0,1,0,0,0
60.001489,0,0,0,0,0,0,0,0,1
60.009155,0,0,0,0,0,0,1,0,0
60.019969,0,1,0,0,0,0,0,0,0
60.020428,1,0,0,0,1,0,0,0,0
60.029305,0,0,0,0,0,0,0,1,0
60.036125,0,0,1,0,0,0,0,0,0
60.050973,0,0,0,0,0,1,0,0,0
60.051759,0,0,0,1,0,0,0,0,0
60.051902,0,0,0,0,0,0,0,0,1
60.053423,0,0,0,0,0,0,1,0,0
60.058403,0,1,0,0,0,0,0,0,0
60.069603,1,0,0,0,0,0,0,0,0
60.089358,0,0,1,0,0,0,0,0,0
60.100177,0,0,0,0,1,1,0,0,0
60.101211,0,0,0,1,0,0,0,0,0
60.101312,0,0,0,0,0,0,0,1,0
60.102319,0,0,0,0,0,0,0,0,1
60.118782,0,0,0,0,0,0,1,0,0
60.125629,0,1,0,0,0,0,0,0,0
60.131111,1,0,0,0,0,0,0,0,0
60.139269,0,0,1,0,0,0,0,0,0
60.143420,0,0,0,0,1,0,0,0,0
60.148445,0,0,0,0,0,0,0,1,0
60.149687,0,0,0,0,0,1,0,0,0
60.150629,0,0,0,1,0,0,0,0,0
60.152981,0,0,0,0,0,0,0,0,1
60.156875,0,0,0,0,0,0,1,0,0
60.170990,1,0,0,0,1,0,0,0,0
60.172077,0,1,0,0,0,0,0,0,0
60.190089,0,0,1,0,0,0,0,0,0
60.197359,0,0,0,0,0,0,0,1,0
60.198795,0,0,0,1,0,0,0,0,0
60.203722,0,0,0,0,0,1,0,0,0
60.204888,0,0,0,0,0,0,0,0,1
60.206377,0,0,0,0,0,0,1,0,0
60.217676,0,1,0,0,0,0,0,0,0
60.221879,1,0,0,0,0,0,0,0,0
60.244424,0,0,1,0,0,0,0,0,0
60.246624,0,0,0,0,0,1,0,0,0
60.247985,0,0,0,0,1,0,0,0,1
60.249625,0,0,0,1,0,0,0,0,0
60.259221,0,0,0,0,0,0,1,0,0
60.263493,0,0,0,0,0,0,0,1,0
60.270504,1,0,0,0,0,0,0,0,0
60.286827,0,0,1,0,1,0,0,0,0
60.292999,0,1,0,0,0,0,0,0,0
60.293170,0,0,0,0,0,0,0,1,0
60.298798,0,0,0,1,0,0,0,0,0
60.299487,0,0,0,0,0,1,0,0,0
60.304276,0,0,0,0,0,0,1,0,0
60.315067,1,0,0,0,1,0,0,0,0
60.315640,0,1,0,0,0,0,0,0,0
60.318825,0,0,0,0,0,0,0,0,1
60.321322,0,0,0,0,0,0,0,1,0
60.345995,0,1,0,0,0,0,0,0,0
60.349609,0,0,1,0,0,0,0,0,0
60.350380,0,0,0,1,0,0,0,0,0
60.352651,0,0,0,0,0,1,0,0,0
60.358004,0,0,0,0,0,0,1,0,0
60.368408,0,0,0,0,0,0,0,0,1
60.371503,1,0,0,0,0,0,0,0,0
60.397753,0,0,0,0,1,0,0,0,0
60.399018,0,0,0,1,0,0,0,0,0
60.400577,0,0,0,0,0,0,1,0,0
60.401329,0,0,0,0,0,1,0,0,0
60.401965,0,0,0,0,0,0,0,0,1
60.403065,0,0,0,0,0,0,0,1,0
60.406381,0,0,1,0,0,0,0,0,0
60.411847,1,0,0,0,0,0,0,0,0
60.418092,0,0,0,0,1,0,0,0,0
60.421725,0,0,0,0,0,0,0,1,0
60.427953,0,1,0,0,0,0,0,0,0
60.436596,0,0,1,0,0,0,0,0,0
60.446191,0,1,0,0,0,0,0,0,0
60.447796,0,0,0,0,0,1,0,0,0
60.449375,0,0,0,1,0,0,0,0,0
60.449627,0,0,0,0,0,0,1,0,0
60.450981,0,0,0,0,0,0,0,0,1
60.459834,1,0,0,0,1,0,0,0,0
60.461447,0,0,0,0,0,0,0,1,0
60.482757,0,1,0,0,0,0,0,0,0
60.489857,0,0,1,0,0,0,0,0,0
60.498668,0,0,0,0,0,1,0,0,0
60.501070,0,0,0,1,0,0,0,0,0
60.501889,0,0,0,0,0,0,1,0,0
60.510579,0,0,0,0,0,0,0,0,1
60.517382,1,0,0,0,1,0,0,0,0
60.528383,0,0,0,0,0,0,0,1,0
60.540935,0,0,1,0,0,0,0,0,0
60.549974,0,1,0,0,0,0,0,0,0
60.550201,0,0,0,0,0,1,0,0,0
60.550345,0,0,0,1,0,0,0,0,0
60.562265,0,0,0,0,0,0,1,0,0
60.563546,0,0,0,0,0,0,0,0,1
60.577928,1,0,0,0,0,0,0,0,0
60.597246,0,0,1,0,1,0,0,0,0
60.598724,0,0,0,0,0,1,0,0,0
60.601711,0,0,0,1,0,0,0,0,0
60.601984,0,0,0,0,0,0,0,0,1
60.604155,0,0,0,0,0,0,0,1,0
60.605947,0,0,0,0,0,0,1,0,0
60.617546,1,0,0,0,1,0,0,0,0
60.627827,0,1,0,0,0,0,0,0,0
60.640605,0,0,1,0,0,0,0,0,0
60.644843,0,0,0,0,0,0,0,1,0
60.647857,0,0,0,0,0,1,0,0,0
60.649823,0,0,0,1,0,0,0,0,0
60.663223,0,0,0,0,0,0,1,0,0
60.664449,0,0,0,0,0,0,0,0,1
60.668623,0,1,0,0,0,0,0,0,0
60.676888,1,0,0,0,0,0,0,0,0
60.697974,0,0,1,0,1,0,0,0,0
60.698330,0,0,0,1,0,0,0,0,0
60.699696,0,0,0,0,0,0,1,0,0
60.701836,0,0,0,0,0,1,0,0,0
60.702337,0,0,0,0,0,0,0,0,1
60.710282,0,0,0,0,0,0,0,1,0
60.711560,1,0,0,0,0,0,0,0,0
