t,finish1,finish2,finish3,release1,release2,release3,start1,start2,start3
0.000000,0,0,0,1,0,1,1,0,1
0.016233,1,0,0,0,0,0,0,0,0
0.019831,0,0,0,0,1,0,0,1,0
0.038243,0,0,1,0,0,0,0,0,0
0.039992,0,1,0,0,0,0,0,0,0
0.048901,0,0,0,0,0,1,0,0,1
0.051112,0,0,0,1,0,0,1,0,0
0.062382,1,0,0,0,1,0,0,1,0
0.085008,0,0,1,0,0,0,0,0,0
0.087054,0,1,0,0,0,0,0,0,0
0.098346,0,0,0,1,0,0,1,0,0
0.099293,0,0,0,0,0,1,0,0,1
0.111880,1,0,0,0,1,0,0,1,0
0.137169,0,0,1,0,0,0,0,0,0
0.140397,0,1,0,0,0,0,0,0,0
0.148389,0,0,0,0,0,1,0,0,1
0.149961,0,0,0,1,0,0,1,0,0
0.162732,1,0,0,0,0,0,0,0,0
0.186195,0,0,1,0,0,0,0,0,0
0.195915,0,0,0,0,1,0,0,1,0
0.200490,0,0,0,0,0,1,0,0,1
0.201008,0,0,0,1,0,0,1,0,0
0.216582,1,0,0,0,0,0,0,0,0
0.218119,0,0,0,0,1,0,0,1,0
0.219155,0,1,0,0,0,0,0,0,0
0.235283,0,0,1,0,0,0,0,0,0
0.240068,0,1,0,0,0,0,0,0,0
0.249530,0,0,0,0,0,1,0,0,1
0.250082,0,0,0,1,0,0,1,0,0
0.268220,1,0,0,0,1,0,0,1,0
0.288879,0,0,1,0,0,0,0,0,0
0.290318,0,1,0,0,0,0,0,0,0
0.300803,0,0,0,0,0,1,0,0,1
0.301064,0,0,0,1,0,0,1,0,0
0.315563,1,0,0,0,1,0,0,1,0
0.333750,0,0,1,0,0,0,0,0,0
0.342508,0,1,0,0,0,0,0,0,0
0.350466,0,0,0,1,0,0,1,0,0
0.350918,0,0,0,0,0,1,0,0,1
0.362237,1,0,0,0,0,0,0,0,0
0.378653,0,0,0,0,1,0,0,1,0
0.388001,0,0,1,0,0,0,0,0,0
0.400993,0,1,0,0,0,0,0,0,0
0.401638,0,0,0,1,0,0,1,0,0
0.403033,0,0,0,0,0,1,0,0,1
0.417936,1,0,0,0,1,0,0,1,0
0.438367,0,1,0,0,0,0,0,0,0
0.438963,0,0,1,0,0,0,0,0,0
0.449774,0,0,0,0,0,1,0,0,1
0.450725,0,0,0,1,0,0,1,0,0
0.462662,1,0,0,0,1,0,0,1,0
0.485917,0,1,0,0,0,0,0,0,0
0.487334,0,0,1,0,0,0,0,0,0
0.498067,0,0,0,0,0,1,0,0,1
0.498491,0,0,0,1,0,0,1,0,0
0.509529,1,0,0,0,0,0,0,0,0
0.513380,0,0,0,0,1,0,0,1,0
0.532510,0,0,1,0,0,0,0,0,0
0.533992,0,1,0,0,0,0,0,0,0
0.548867,0,0,0,1,0,0,1,0,0
0.552420,0,0,0,0,0,1,0,0,1
0.561855,1,0,0,0,0,0,0,0,0
0.589423,0,0,1,0,1,0,0,1,0
0.600767,0,0,0,1,0,0,1,0,0
0.603238,0,0,0,0,0,1,0,0,1
0.615325,1,0,0,0,0,0,0,0,0
0.616407,0,1,0,0,1,0,0,1,0
0.637793,0,1,0,0,0,0,0,0,0
0.640092,0,0,1,0,0,0,0,0,0
0.649461,0,0,0,1,0,0,1,0,0
0.651996,0,0,0,0,0,1,0,0,1
0.663493,1,0,0,0,1,0,0,1,0
0.688682,0,0,1,0,0,0,0,0,0
0.689301,0,1,0,0,0,0,0,0,0
0.701402,0,0,0,0,0,1,0,0,1
0.701705,0,0,0,1,0,0,1,0,0
0.715353,1,0,0,0,1,0,0,1,0
0.735924,0,1,0,0,0,0,0,0,0
0.740957,0,0,1,0,0,0,0,0,0
0.751919,0,0,0,1,0,0,1,0,0
0.753387,0,0,0,0,0,1,0,0,1
0.763653,1,0,0,0,1,0,0,1,0
0.783797,0,0,1,0,0,0,0,0,0
0.786040,0,1,0,0,0,0,0,0,0
0.798113,0,0,0,0,0,1,0,0,1
0.800357,0,0,0,1,0,0,1,0,0
0.818017,1,0,0,0,1,0,0,1,0
0.832033,0,0,1,0,0,0,0,0,0
0.845359,0,1,0,0,0,0,0,0,0
0.848420,0,0,0,1,0,0,1,0,0
0.849831,0,0,0,0,0,1,0,0,1
0.861565,1,0,0,0,0,0,0,0,0
0.866405,0,0,0,0,1,0,0,1,0
0.885835,0,0,1,0,0,0,0,0,0
0.894850,0,1,0,0,0,0,0,0,0
0.899127,0,0,0,0,0,1,0,0,1
0.900273,0,0,0,1,0,0,1,0,0
0.910396,1,0,0,0,0,0,0,0,0
0.913512,0,0,0,0,1,0,0,1,0
0.934894,0,0,1,0,0,0,0,0,0
0.942551,0,1,0,0,0,0,0,0,0
0.948777,0,0,0,0,0,1,0,0,1
0.948805,0,0,0,1,0,0,1,0,0
0.962140,1,0,0,0,1,0,0,1,0
0.982170,0,1,0,0,0,0,0,0,0
0.983469,0,0,1,0,0,0,0,0,0
1.001477,0,0,0,0,0,1,0,0,1
1.001499,0,0,0,1,0,0,1,0,0
1.015630,1,0,0,0,1,0,0,1,0
1.037443,0,1,0,0,0,0,0,0,0
1.039094,0,0,1,0,0,0,0,0,0
1.049977,0,0,0,1,0,0,1,0,0
1.052828,0,0,0,0,0,1,0,0,1
1.062081,1,0,0,0,0,0,0,0,0
1.068856,0,0,0,0,1,0,0,1,0
1.092180,0,1,0,0,0,0,0,0,0
1.092435,0,0,1,0,0,0,0,0,0
1.099149,0,0,0,0,0,1,0,0,1
1.100252,0,0,0,1,0,0,1,0,0
1.116013,1,0,0,0,1,0,0,1,0
1.134332,0,0,1,0,0,0,0,0,0
1.142672,0,1,0,0,0,0,0,0,0
1.148467,0,0,0,0,0,1,0,0,1
1.149162,0,0,0,1,0,0,1,0,0
1.161601,1,0,0,0,1,0,0,1,0
1.184764,0,0,1,0,0,0,0,0,0
1.189521,0,1,0,0,0,0,0,0,0
1.199568,0,0,0,1,0,0,1,0,0
1.203996,0,0,0,0,0,1,0,0,1
1.211545,1,0,0,0,0,0,0,0,0
1.232220,0,0,0,0,1,0,0,1,0
1.243515,0,0,1,0,0,0,0,0,0
1.249799,0,0,0,1,0,0,1,0,0
1.250455,0,0,0,0,0,1,0,0,1
1.258672,0,1,0,0,0,0,0,0,0
1.267181,1,0,0,0,0,0,0,0,0
1.272535,0,0,0,0,1,0,0,1,0
1.285437,0,0,1,0,0,0,0,0,0
1.297169,0,0,0,0,0,1,0,0,1
1.298805,0,1,0,0,0,0,0,0,0
1.299702,0,0,0,1,0,0,1,0,0
1.315075,1,0,0,0,0,0,0,0,0
1.329746,0,0,1,0,0,0,0,0,0
1.351715,0,0,0,0,1,1,0,1,1
1.351757,0,0,0,1,0,0,1,0,0
1.366299,1,0,0,0,1,0,0,1,0
1.378478,0,1,0,0,0,0,0,0,0
1.388991,0,0,1,0,0,0,0,0,0
1.390974,0,1,0,0,0,0,0,0,0
1.397881,0,0,0,0,0,1,0,0,1
1.399615,0,0,0,1,0,0,1,0,0
1.413189,1,0,0,0,1,0,0,1,0
1.433939,0,0,1,0,0,0,0,0,0
1.435058,0,1,0,0,0,0,0,0,0
1.448057,0,0,0,0,0,1,0,0,1
1.449804,0,0,0,1,0,0,1,0,0
1.461665,1,0,0,0,1,0,0,1,0
1.480003,0,0,1,0,0,0,0,0,0
1.483814,0,1,0,0,0,0,0,0,0
1.498009,0,0,0,1,0,0,1,0,0
1.502116,0,0,0,0,0,1,0,0,1
1.512278,1,0,0,0,1,0,0,1,0
1.539416,0,1,0,0,0,0,0,0,0
1.540545,0,0,1,0,0,0,0,0,0
1.550187,0,0,0,1,0,0,1,0,0
1.550437,0,0,0,0,0,1,0,0,1
1.565684,1,0,0,0,1,0,0,1,0
1.588457,0,1,0,0,0,0,0,0,0
1.589637,0,0,1,0,0,0,0,0,0
1.597318,0,0,0,0,0,1,0,0,1
1.600107,0,0,0,1,0,0,1,0,0
1.619853,1,0,0,0,0,0,0,0,0
1.625147,0,0,0,0,1,0,0,1,0
1.636065,0,0,1,0,0,0,0,0,0
1.649608,0,0,0,1,0,0,1,0,0
1.650504,0,1,0,0,0,0,0,0,0
1.653340,0,0,0,0,0,1,0,0,1
1.665568,1,0,0,0,1,0,0,1,0
1.687942,0,0,1,0,0,0,0,0,0
1.693708,0,1,0,0,0,0,0,0,0
1.698611,0,0,0,0,0,1,0,0,1
1.699672,0,0,0,1,0,0,1,0,0
1.715588,1,0,0,0,0,0,0,0,0
1.731979,0,0,1,0,1,0,0,1,0
1.750645,0,0,0,0,0,1,0,0,1
1.750857,0,0,0,1,0,0,1,0,0
1.752708,0,1,0,0,0,0,0,0,0
1.765363,1,0,0,0,0,0,0,0,0
1.787189,0,0,1,0,1,0,0,1,0
1.797853,0,0,0,0,0,1,0,0,1
1.799375,0,0,0,1,0,0,1,0,0
1.810234,1,0,0,0,1,0,0,1,0
1.814565,0,1,0,0,0,0,0,0,0
1.831917,0,1,0,0,0,0,0,0,0
1.834156,0,0,1,0,0,0,0,0,0
1.847523,0,0,0,0,0,1,0,0,1
1.851516,0,0,0,1,0,0,1,0,0
1.867355,1,0,0,0,1,0,0,1,0
1.881058,0,0,1,0,0,0,0,0,0
1.894448,0,1,0,0,0,0,0,0,0
1.898466,0,0,0,1,0,0,1,0,0
1.900872,0,0,0,0,0,1,0,0,1
1.916597,1,0,0,0,0,0,0,0,0
1.937093,0,0,1,0,1,0,0,1,0
1.950720,0,0,0,1,0,0,1,0,0
1.952172,0,0,0,0,0,1,0,0,1
1.960335,0,1,0,0,0,0,0,0,0
1.962952,1,0,0,0,1,0,0,1,0
1.983744,0,1,0,0,0,0,0,0,0
1.987927,0,0,1,0,0,0,0,0,0
1.998902,0,0,0,1,0,0,1,0,0
1.999858,0,0,0,0,0,1,0,0,1
2.010235,1,0,0,0,0,0,0,0,0
2.039169,0,0,1,0,0,0,0,0,0
2.050566,0,0,0,1,0,0,1,0,0
2.051931,0,0,0,0,0,1,0,0,1
2.065794,1,0,0,0,0,0,0,0,0
2.085852,0,0,1,0,0,0,0,0,0
2.098344,0,0,0,0,1,0,0,1,0
2.100862,0,0,0,1,0,0,1,0,0
2.101883,0,0,0,0,1,0,0,1,0
2.103063,0,0,0,0,0,1,0,0,1
2.113312,1,0,0,0,0,0,0,0,0
2.119789,0,1,0,0,1,0,0,1,0
2.124244,0,1,0,0,0,0,0,0,0
2.133251,0,0,1,0,0,0,0,0,0
2.142549,0,1,0,0,0,0,0,0,0
2.150562,0,0,0,1,0,0,1,0,0
2.151664,0,0,0,0,0,1,0,0,1
2.165573,1,0,0,0,1,0,0,1,0
2.189122,0,0,1,0,0,0,0,0,0
2.191450,0,1,0,0,0,0,0,0,0
2.201666,0,0,0,1,0,0,1,0,0
2.202421,0,0,0,0,0,1,0,0,1
2.213615,1,0,0,0,1,0,0,1,0
2.234714,0,1,0,0,0,0,0,0,0
2.235748,0,0,1,0,0,0,0,0,0
2.246395,0,0,0,0,0,1,0,0,1
2.249527,0,0,0,1,0,0,1,0,0
2.263282,1,0,0,0,0,0,0,0,0
2.270055,0,0,0,0,1,0,0,1,0
2.285552,0,0,1,0,0,0,0,0,0
2.296154,0,0,0,0,0,1,0,0,1
2.296182,0,1,0,0,0,0,0,0,0
2.300379,0,0,0,1,0,0,1,0,0
2.313033,1,0,0,0,1,0,0,1,0
2.333346,0,1,0,0,0,0,0,0,0
2.333961,0,0,1,0,0,0,0,0,0
2.349539,0,0,0,1,0,0,1,0,0
2.349766,0,0,0,0,0,1,0,0,1
2.362630,1,0,0,0,0,0,0,0,0
2.386394,0,0,1,0,1,0,0,1,0
2.400317,0,0,0,1,0,0,1,0,0
2.403504,0,0,0,0,0,1,0,0,1
2.412613,1,0,0,0,0,0,0,0,0
2.416207,0,1,0,0,1,0,0,1,0
2.440431,0,0,1,0,0,0,0,0,0
2.443538,0,1,0,0,0,0,0,0,0
2.450913,0,0,0,1,0,0,1,0,0
2.451124,0,0,0,0,0,1,0,0,1
2.464986,1,0,0,0,0,0,0,0,0
2.484644,0,0,1,0,1,0,0,1,0
2.497325,0,0,0,0,0,1,0,0,1
2.500474,0,0,0,1,0,0,1,0,0
2.507665,0,1,0,0,0,0,0,0,0
2.513743,1,0,0,0,1,0,0,1,0
2.531741,0,0,1,0,0,0,0,0,0
2.536447,0,1,0,0,0,0,0,0,0
2.548771,0,0,0,1,0,0,1,0,0
2.552448,0,0,0,0,0,1,0,0,1
2.565131,1,0,0,0,0,0,0,0,0
2.575254,0,0,0,0,1,0,0,1,0
2.588828,0,0,1,0,0,0,0,0,0
2.599169,0,0,0,0,0,1,0,0,1
2.600288,0,1,0,0,0,0,0,0,0
2.600793,0,0,0,1,0,0,1,0,0
2.616216,1,0,0,0,1,0,0,1,0
2.634421,0,0,1,0,0,0,0,0,0
2.640704,0,1,0,0,0,0,0,0,0
2.650455,0,0,0,1,0,0,1,0,0
2.652696,0,0,0,0,0,1,0,0,1
2.664444,1,0,0,0,1,0,0,1,0
2.691961,0,0,1,0,0,0,0,0,0
2.693741,0,1,0,0,0,0,0,0,0
2.698910,0,0,0,0,0,1,0,0,1
2.701347,0,0,0,1,0,0,1,0,0
2.719923,1,0,0,0,1,0,0,1,0
2.731736,0,0,1,0,0,0,0,0,0
2.748163,0,0,0,0,0,1,0,0,1
2.748435,0,1,0,0,0,0,0,0,0
2.750538,0,0,0,1,0,0,1,0,0
2.766378,1,0,0,0,1,0,0,1,0
2.786202,0,0,1,0,0,0,0,0,0
2.788655,0,1,0,0,0,0,0,0,0
2.798574,0,0,0,0,0,1,0,0,1
2.799280,0,0,0,1,0,0,1,0,0
2.814688,1,0,0,0,0,0,0,0,0
2.834574,0,0,0,0,1,0,0,1,0
2.837117,0,0,1,0,0,0,0,0,0
2.849225,0,0,0,0,0,1,0,0,1
2.849968,0,0,0,1,0,0,1,0,0
2.860382,0,1,0,0,0,0,0,0,0
2.865235,1,0,0,0,1,0,0,1,0
2.884366,0,0,1,0,0,0,0,0,0
2.894796,0,1,0,0,0,0,0,0,0
2.900696,0,0,0,1,0,0,1,0,0
2.902825,0,0,0,0,0,1,0,0,1
2.913992,1,0,0,0,1,0,0,1,0
2.939168,0,0,1,0,0,0,0,0,0
2.941737,0,1,0,0,0,0,0,0,0
2.948332,0,0,0,1,0,0,1,0,0
2.950351,0,0,0,0,0,1,0,0,1
2.967905,1,0,0,0,1,0,0,1,0
2.983567,0,0,1,0,0,0,0,0,0
2.992852,0,1,0,0,0,0,0,0,0
3.000110,0,0,0,1,0,0,1,0,0
3.002055,0,0,0,0,0,1,0,0,1
3.017592,1,0,0,0,1,0,0,1,0
3.040941,0,1,0,0,0,0,0,0,0
3.041834,0,0,1,0,0,0,0,0,0
3.050662,0,0,0,1,0,0,1,0,0
3.051090,0,0,0,0,0,1,0,0,1
3.069407,1,0,0,0,1,0,0,1,0
3.081285,0,0,1,0,0,0,0,0,0
3.098092,0,1,0,0,0,0,0,0,0
3.100039,0,0,0,1,0,0,1,0,0
3.102419,0,0,0,0,0,1,0,0,1
3.115029,1,0,0,0,0,0,0,0,0
3.137548,0,0,1,0,0,0,0,0,0
3.147601,0,0,0,0,1,1,0,1,1
3.148886,0,0,0,1,0,0,1,0,0
3.164035,1,0,0,0,0,0,0,0,0
3.175771,0,1,0,0,1,0,0,1,0
3.181973,0,0,1,0,0,0,0,0,0
3.199620,0,0,0,0,0,1,0,0,1
3.201057,0,0,0,1,0,0,1,0,0
3.205247,0,1,0,0,0,0,0,0,0
3.212485,1,0,0,0,0,0,0,0,0
3.237081,0,0,1,0,1,0,0,1,0
3.248117,0,0,0,0,0,1,0,0,1
3.250015,0,0,0,1,0,0,1,0,0
3.263751,1,0,0,0,1,0,0,1,0
3.265325,0,1,0,0,0,0,0,0,0
3.284082,0,0,1,0,0,0,0,0,0
3.290358,0,1,0,0,0,0,0,0,0
3.299810,0,0,0,0,0,1,0,0,1
3.301809,0,0,0,1,0,0,1,0,0
3.318941,1,0,0,0,0,0,0,0,0
3.333468,0,0,0,0,1,0,0,1,0
3.339537,0,0,1,0,0,0,0,0,0
3.350191,0,0,0,1,0,0,1,0,0
3.350209,0,0,0,0,0,1,0,0,1
3.361585,1,0,0,0,1,0,0,1,0
3.362382,0,1,0,0,0,0,0,0,0
3.382883,0,0,1,0,0,0,0,0,0
3.388052,0,1,0,0,0,0,0,0,0
3.398946,0,0,0,0,0,1,0,0,1
3.400070,0,0,0,1,0,0,1,0,0
3.414175,1,0,0,0,1,0,0,1,0
3.437230,0,0,1,0,0,0,0,0,0
3.443370,0,1,0,0,0,0,0,0,0
3.450248,0,0,0,0,0,1,0,0,1
3.450646,0,0,0,1,0,0,1,0,0
3.463800,1,0,0,0,0,0,0,0,0
3.481432,0,0,1,0,1,0,0,1,0
3.499086,0,0,0,0,0,1,0,0,1
3.499836,0,0,0,1,0,0,1,0,0
3.505069,0,1,0,0,0,0,0,0,0
3.514930,1,0,0,0,1,0,0,1,0
3.537295,0,1,0,0,0,0,0,0,0
3.537628,0,0,1,0,0,0,0,0,0
3.549461,0,0,0,1,0,0,1,0,0
3.549668,0,0,0,0,0,1,0,0,1
3.567364,1,0,0,0,1,0,0,1,0
3.580204,0,0,1,0,0,0,0,0,0
3.592082,0,1,0,0,0,0,0,0,0
3.598091,0,0,0,0,0,1,0,0,1
3.601321,0,0,0,1,0,0,1,0,0
3.618431,1,0,0,0,1,0,0,1,0
3.637417,0,0,1,0,0,0,0,0,0
3.642696,0,1,0,0,0,0,0,0,0
3.650268,0,0,0,1,0,0,1,0,0
3.652905,0,0,0,0,0,1,0,0,1
3.663540,1,0,0,0,0,0,0,0,0
3.671602,0,0,0,0,1,0,0,1,0
3.692304,0,0,1,0,0,0,0,0,0
3.696603,0,1,0,0,0,0,0,0,0
3.698457,0,0,0,1,0,0,1,0,0
3.701552,0,0,0,0,0,1,0,0,1
3.716939,1,0,0,0,0,0,0,0,0
3.718399,0,0,0,0,1,0,0,1,0
3.735057,0,0,1,0,0,0,0,0,0
3.742560,0,1,0,0,0,0,0,0,0
3.750613,0,0,0,1,0,0,1,0,0
3.751613,0,0,0,0,0,1,0,0,1
3.765506,1,0,0,0,1,0,0,1,0
3.787673,0,0,1,0,0,0,0,0,0
3.793255,0,1,0,0,0,0,0,0,0
3.798732,0,0,0,1,0,0,1,0,0
3.798903,0,0,0,0,0,1,0,0,1
3.811135,1,0,0,0,1,0,0,1,0
3.830554,0,0,1,0,0,0,0,0,0
3.840531,0,1,0,0,0,0,0,0,0
3.846702,0,0,0,0,0,1,0,0,1
3.850358,0,0,0,1,0,0,1,0,0
3.861248,1,0,0,0,1,0,0,1,0
3.883493,0,0,1,0,0,0,0,0,0
3.885240,0,1,0,0,0,0,0,0,0
3.900229,0,0,0,1,0,0,1,0,0
3.900915,0,0,0,0,0,1,0,0,1
3.911240,1,0,0,0,0,0,0,0,0
3.940151,0,0,1,0,1,0,0,1,0
3.950318,0,0,0,1,0,0,1,0,0
3.951413,0,0,0,0,0,1,0,0,1
3.962213,0,1,0,0,0,0,0,0,0
3.968083,1,0,0,0,0,0,0,0,0
3.986520,0,0,1,0,0,0,0,0,0
4.000163,0,0,0,1,1,0,1,1,0
4.001891,0,0,0,0,0,1,0,0,1
4.016613,1,0,0,0,1,0,0,1,0
4.020201,0,1,0,0,0,0,0,0,0
4.038471,0,0,1,0,0,0,0,0,0
4.042249,0,1,0,0,0,0,0,0,0
4.050228,0,0,0,1,0,0,1,0,0
4.053563,0,0,0,0,0,1,0,0,1
4.069482,1,0,0,0,0,0,0,0,0
4.088482,0,0,1,0,0,0,0,0,0
4.099366,0,0,0,1,1,0,1,1,0
4.100366,0,0,0,0,0,1,0,0,1
4.117108,1,0,0,0,0,0,0,0,0
4.129124,0,1,0,0,1,0,0,1,0
4.134283,0,0,1,0,0,0,0,0,0
4.147914,0,0,0,0,0,1,0,0,1
4.150823,0,1,0,0,0,0,0,0,0
4.151387,0,0,0,1,0,0,1,0,0
4.163186,1,0,0,0,0,0,0,0,0
4.185495,0,0,1,0,0,0,0,0,0
4.187734,0,0,0,0,1,0,0,1,0
4.198676,0,0,0,1,0,0,1,0,0
4.199433,0,0,0,0,0,1,0,0,1
4.210562,0,1,0,0,0,0,0,0,0
4.218428,1,0,0,0,0,0,0,0,0
4.229926,0,0,0,0,1,0,0,1,0
4.234628,0,0,1,0,0,0,0,0,0
4.248543,0,0,0,0,0,1,0,0,1
4.249755,0,0,0,1,0,0,1,0,0
4.250611,0,1,0,0,0,0,0,0,0
4.267124,1,0,0,0,1,0,0,1,0
4.283323,0,0,1,0,0,0,0,0,0
4.292042,0,1,0,0,0,0,0,0,0
4.301046,0,0,0,1,0,0,1,0,0
4.301717,0,0,0,0,0,1,0,0,1
4.314972,1,0,0,0,0,0,0,0,0
4.332153,0,0,1,0,0,0,0,0,0
4.348808,0,0,0,1,1,0,1,1,0
4.353963,0,0,0,0,0,1,0,0,1
4.364131,1,0,0,0,0,0,0,0,0
4.375754,0,1,0,0,1,0,0,1,0
4.393895,0,0,1,0,0,0,0,0,0
4.396911,0,1,0,0,0,0,0,0,0
4.398838,0,0,0,1,0,0,1,0,0
4.401803,0,0,0,0,0,1,0,0,1
4.415151,1,0,0,0,1,0,0,1,0
4.441785,0,0,1,0,0,0,0,0,0
4.442714,0,1,0,0,0,0,0,0,0
4.449392,0,0,0,0,0,1,0,0,1
4.451501,0,0,0,1,0,0,1,0,0
4.464691,1,0,0,0,0,0,0,0,0
4.483776,0,0,0,0,1,0,0,1,0
4.488403,0,0,1,0,0,0,0,0,0
4.496175,0,0,0,0,0,1,0,0,1
4.499401,0,0,0,1,0,0,1,0,0
4.510376,0,1,0,0,0,0,0,0,0
4.515389,1,0,0,0,1,0,0,1,0
4.530327,0,0,1,0,0,0,0,0,0
4.538841,0,1,0,0,0,0,0,0,0
4.550142,0,0,0,1,0,0,1,0,0
4.552042,0,0,0,0,0,1,0,0,1
4.561522,1,0,0,0,1,0,0,1,0
4.587604,0,1,0,0,0,0,0,0,0
4.590995,0,0,1,0,0,0,0,0,0
4.599111,0,0,0,0,0,1,0,0,1
4.600961,0,0,0,1,0,0,1,0,0
4.617097,1,0,0,0,1,0,0,1,0
4.636415,0,0,1,0,0,0,0,0,0
4.638799,0,1,0,0,0,0,0,0,0
4.646140,0,0,0,0,0,1,0,0,1
4.650765,0,0,0,1,0,0,1,0,0
4.663948,1,0,0,0,1,0,0,1,0
4.685756,0,0,1,0,0,0,0,0,0
4.690486,0,1,0,0,0,0,0,0,0
4.697836,0,0,0,0,0,1,0,0,1
4.698926,0,0,0,1,0,0,1,0,0
4.710048,1,0,0,0,0,0,0,0,0
4.720269,0,0,0,0,1,0,0,1,0
4.730241,0,0,1,0,0,0,0,0,0
4.743507,0,1,0,0,0,0,0,0,0
4.749767,0,0,0,1,0,0,1,0,0
4.753215,0,0,0,0,0,1,0,0,1
4.763393,1,0,0,0,1,0,0,1,0
4.785333,0,1,0,0,0,0,0,0,0
4.790595,0,0,1,0,0,0,0,0,0
4.799378,0,0,0,0,0,1,0,0,1
4.800235,0,0,0,1,0,0,1,0,0
4.813938,1,0,0,0,0,0,0,0,0
4.836355,0,0,1,0,1,0,0,1,0
4.847572,0,0,0,0,0,1,0,0,1
4.850314,0,0,0,1,0,0,1,0,0
4.860381,0,1,0,0,0,0,0,0,0
4.865816,1,0,0,0,0,0,0,0,0
4.883001,0,0,1,0,1,0,0,1,0
4.898979,0,0,0,1,0,0,1,0,0
4.899143,0,0,0,0,0,1,0,0,1
4.903184,0,1,0,0,0,0,0,0,0
4.911013,1,0,0,0,0,0,0,0,0
4.929843,0,0,1,0,1,0,0,1,0
4.949431,0,0,0,1,0,0,1,0,0
4.950825,0,0,0,0,0,1,0,0,1
4.954013,0,1,0,0,0,0,0,0,0
4.962305,1,0,0,0,0,0,0,0,0
4.986963,0,0,1,0,1,0,0,1,0
4.999278,0,0,0,1,0,0,1,0,0
5.000414,0,0,0,0,0,1,0,0,1
5.008585,0,1,0,0,0,0,0,0,0
5.011086,1,0,0,0,0,0,0,0,0
5.021579,0,0,0,0,1,0,0,1,0
5.037539,0,0,1,0,0,0,0,0,0
5.050049,0,0,0,0,0,1,0,0,1
5.050051,0,1,0,0,0,0,0,0,0
5.050657,0,0,0,1,0,0,1,0,0
5.065785,1,0,0,0,0,0,0,0,0
5.083876,0,0,1,0,1,0,0,1,0
5.099699,0,0,0,0,0,1,0,0,1
5.101570,0,0,0,1,0,0,1,0,0
5.105045,0,1,0,0,0,0,0,0,0
5.119488,1,0,0,0,1,0,0,1,0
5.137428,0,0,1,0,0,0,0,0,0
5.147212,0,1,0,0,0,0,0,0,0
5.149915,0,0,0,1,0,0,1,0,0
5.153363,0,0,0,0,0,1,0,0,1
5.168554,1,0,0,0,0,0,0,0,0
5.177332,0,0,0,0,1,0,0,1,0
5.189232,0,0,1,0,0,0,0,0,0
5.199740,0,0,0,0,0,1,0,0,1
5.201681,0,0,0,1,0,0,1,0,0
5.206858,0,1,0,0,0,0,0,0,0
5.216441,1,0,0,0,0,0,0,0,0
5.225610,0,0,0,0,1,0,0,1,0
5.232579,0,0,1,0,0,0,0,0,0
5.249960,0,0,0,0,0,1,0,0,1
5.250827,0,0,0,1,0,0,1,0,0
5.250868,0,1,0,0,0,0,0,0,0
5.263848,1,0,0,0,0,0,0,0,0
5.281346,0,0,0,0,1,0,0,1,0
5.286724,0,0,1,0,0,0,0,0,0
5.298333,0,0,0,0,0,1,0,0,1
5.300422,0,0,0,1,0,0,1,0,0
5.308495,0,1,0,0,0,0,0,0,0
5.319711,1,0,0,0,0,0,0,0,0
5.332829,0,0,1,0,1,0,0,1,0
5.350501,0,0,0,1,0,0,1,0,0
5.351237,0,0,0,0,0,1,0,0,1
5.352893,0,1,0,0,0,0,0,0,0
5.369396,1,0,0,0,1,0,0,1,0
5.390789,0,0,1,0,0,0,0,0,0
5.394877,0,1,0,0,0,0,0,0,0
5.400353,0,0,0,1,0,0,1,0,0
5.400463,0,0,0,0,0,1,0,0,1
5.415193,1,0,0,0,0,0,0,0,0
5.434251,0,0,1,0,1,0,0,1,0
5.451118,0,0,0,1,0,0,1,0,0
5.452422,0,0,0,0,0,1,0,0,1
5.457290,0,1,0,0,0,0,0,0,0
5.469914,1,0,0,0,0,0,0,0,0
5.491951,0,0,1,0,0,0,0,0,0
5.500674,0,0,0,1,1,0,1,1,0
5.501990,0,0,0,0,0,1,0,0,1
5.513840,1,0,0,0,0,0,0,0,0
5.529484,0,1,0,0,0,0,0,0,0
5.538720,0,0,1,0,0,0,0,0,0
5.539915,0,0,0,0,1,0,0,1,0
5.547731,0,0,0,0,0,1,0,0,1
5.550753,0,0,0,1,0,0,1,0,0
5.562461,0,1,0,0,0,0,0,0,0
5.564434,1,0,0,0,0,0,0,0,0
5.581050,0,0,1,0,1,0,0,1,0
5.599074,0,0,0,1,0,0,1,0,0
5.601785,0,0,0,0,0,1,0,0,1
5.607357,0,1,0,0,0,0,0,0,0
5.612304,1,0,0,0,1,0,0,1,0
5.632361,0,1,0,0,0,0,0,0,0
5.639566,0,0,1,0,0,0,0,0,0
5.648889,0,0,0,0,0,1,0,0,1
5.651203,0,0,0,1,0,0,1,0,0
5.662794,1,0,0,0,1,0,0,1,0
5.681572,0,0,1,0,0,0,0,0,0
5.692070,0,1,0,0,0,0,0,0,0
5.698995,0,0,0,1,0,0,1,0,0
5.699120,0,0,0,0,0,1,0,0,1
5.711771,1,0,0,0,1,0,0,1,0
5.733746,0,0,1,0,0,0,0,0,0
5.735191,0,1,0,0,0,0,0,0,0
5.749907,0,0,0,1,0,0,1,0,0
5.752596,0,0,0,0,0,1,0,0,1
5.764941,1,0,0,0,0,0,0,0,0
5.783369,0,0,1,0,0,0,0,0,0
5.795796,0,0,0,0,1,0,0,1,0
5.800154,0,0,0,1,0,0,1,0,0
5.802787,0,0,0,0,0,1,0,0,1
5.810439,1,0,0,0,0,0,0,0,0
5.812737,0,0,0,0,1,0,0,1,0
5.818352,0,1,0,0,0,0,0,0,0
5.840189,0,0,1,0,0,0,0,0,0
5.841823,0,1,0,0,0,0,0,0,0
5.849864,0,0,0,1,0,0,1,0,0
5.852026,0,0,0,0,0,1,0,0,1
5.867465,1,0,0,0,0,0,0,0,0
5.889245,0,0,1,0,0,0,0,0,0
5.899363,0,0,0,0,0,1,0,0,1
5.899826,0,0,0,0,1,0,0,1,0
5.900290,0,0,0,1,0,0,1,0,0
5.916519,1,0,0,0,1,0,0,1,0
5.924650,0,1,0,0,0,0,0,0,0
5.935365,0,0,1,0,0,0,0,0,0
5.942697,0,1,0,0,0,0,0,0,0
5.946901,0,0,0,0,0,1,0,0,1
5.949609,0,0,0,1,0,0,1,0,0
5.961552,1,0,0,0,0,0,0,0,0
5.983635,0,0,1,0,0,0,0,0,0
5.999337,0,0,0,0,1,1,0,1,1
5.999930,0,0,0,1,0,0,1,0,0
6.012123,1,0,0,0,0,0,0,0,0
6.014942,0,0,0,0,1,0,0,1,0
6.021885,0,1,0,0,0,0,0,0,0
6.038208,0,0,1,0,0,0,0,0,0
6.043303,0,1,0,0,0,0,0,0,0
6.046833,0,0,0,0,0,1,0,0,1
6.048378,0,0,0,1,0,0,1,0,0
6.063805,1,0,0,0,1,0,0,1,0
6.085920,0,0,1,0,0,0,0,0,0
6.087127,0,1,0,0,0,0,0,0,0
6.099858,0,0,0,1,0,0,1,0,0
6.103726,0,0,0,0,0,1,0,0,1
6.115093,1,0,0,0,0,0,0,0,0
6.142603,0,0,1,0,0,0,0,0,0
6.148390,0,0,0,0,1,1,0,1,1
6.150157,0,0,0,1,0,0,1,0,0
6.168441,1,0,0,0,0,0,0,0,0
6.172397,0,0,0,0,1,0,0,1,0
6.175566,0,1,0,0,0,0,0,0,0
6.186515,0,0,1,0,0,0,0,0,0
6.193875,0,1,0,0,0,0,0,0,0
6.198485,0,0,0,0,0,1,0,0,1
6.200495,0,0,0,1,0,0,1,0,0
6.212181,1,0,0,0,1,0,0,1,0
6.232776,0,0,1,0,0,0,0,0,0
6.240165,0,1,0,0,0,0,0,0,0
6.249144,0,0,0,1,0,0,1,0,0
6.251265,0,0,0,0,0,1,0,0,1
6.263489,1,0,0,0,1,0,0,1,0
6.282292,0,0,1,0,0,0,0,0,0
6.289952,0,1,0,0,0,0,0,0,0
6.298533,0,0,0,0,0,1,0,0,1
6.301883,0,0,0,1,0,0,1,0,0
6.317968,1,0,0,0,1,0,0,1,0
6.336121,0,0,1,0,0,0,0,0,0
6.344717,0,1,0,0,0,0,0,0,0
6.351615,0,0,0,1,0,0,1,0,0
6.353581,0,0,0,0,0,1,0,0,1
6.363929,1,0,0,0,1,0,0,1,0
6.391471,0,0,1,0,0,0,0,0,0
6.391860,0,1,0,0,0,0,0,0,0
6.398442,0,0,0,1,0,0,1,0,0
6.401793,0,0,0,0,0,1,0,0,1
6.417080,1,0,0,0,1,0,0,1,0
6.440105,0,0,1,0,0,0,0,0,0
6.443435,0,1,0,0,0,0,0,0,0
6.447846,0,0,0,0,0,1,0,0,1
6.451402,0,0,0,1,0,0,1,0,0
6.464924,1,0,0,0,1,0,0,1,0
6.481287,0,0,1,0,0,0,0,0,0
6.494653,0,1,0,0,0,0,0,0,0
6.498419,0,0,0,0,0,1,0,0,1
6.500816,0,0,0,1,0,0,1,0,0
6.515146,1,0,0,0,0,0,0,0,0
6.528133,0,0,0,0,1,0,0,1,0
6.535515,0,0,1,0,0,0,0,0,0
6.548667,0,1,0,0,0,0,0,0,0
6.551689,0,0,0,1,0,0,1,0,0
6.552478,0,0,0,0,0,1,0,0,1
6.568135,1,0,0,0,0,0,0,0,0
6.592170,0,0,1,0,1,0,0,1,0
6.601630,0,0,0,0,0,1,0,0,1
6.601920,0,0,0,1,0,0,1,0,0
6.612855,1,0,0,0,1,0,0,1,0
6.617327,0,1,0,0,0,0,0,0,0
6.634195,0,1,0,0,0,0,0,0,0
6.638590,0,0,1,0,0,0,0,0,0
6.649990,0,0,0,1,0,0,1,0,0
6.650973,0,0,0,0,0,1,0,0,1
6.663411,1,0,0,0,0,0,0,0,0
6.685298,0,0,1,0,1,0,0,1,0
6.699385,0,0,0,1,0,0,1,0,0
6.700669,0,0,0,0,0,1,0,0,1
6.708572,0,1,0,0,0,0,0,0,0
6.710769,1,0,0,0,0,0,0,0,0
6.728665,0,0,0,0,1,0,0,1,0
6.737825,0,0,1,0,0,0,0,0,0
6.750410,0,0,0,1,0,0,1,0,0
6.751662,0,0,0,0,0,1,0,0,1
6.754159,0,1,0,0,0,0,0,0,0
6.762647,1,0,0,0,1,0,0,1,0
6.789644,0,0,1,0,0,0,0,0,0
6.792553,0,1,0,0,0,0,0,0,0
6.799152,0,0,0,0,0,1,0,0,1
6.800206,0,0,0,1,0,0,1,0,0
6.817132,1,0,0,0,1,0,0,1,0
6.833633,0,0,1,0,0,0,0,0,0
6.842071,0,1,0,0,0,0,0,0,0
6.850333,0,0,0,1,0,0,1,0,0
6.850436,0,0,0,0,0,1,0,0,1
6.865923,1,0,0,0,1,0,0,1,0
6.881965,0,0,1,0,0,0,0,0,0
6.892602,0,1,0,0,0,0,0,0,0
6.900164,0,0,0,1,0,0,1,0,0
6.902142,0,0,0,0,0,1,0,0,1
6.917657,1,0,0,0,0,0,0,0,0
6.935748,0,0,1,0,1,0,0,1,0
6.946207,0,0,0,0,0,1,0,0,1
6.950638,0,0,0,1,0,0,1,0,0
6.957335,0,1,0,0,0,0,0,0,0
6.963150,1,0,0,0,1,0,0,1,0
6.980550,0,0,1,0,0,0,0,0,0
6.988453,0,1,0,0,0,0,0,0,0
7.000165,0,0,0,1,0,0,1,0,0
7.000545,0,0,0,0,0,1,0,0,1
7.017473,1,0,0,0,0,0,0,0,0
7.039975,0,0,1,0,0,0,0,0,0
7.043404,0,0,0,0,1,0,0,1,0
7.046088,0,0,0,0,0,1,0,0,1
7.048750,0,0,0,1,0,0,1,0,0
7.062396,1,0,0,0,1,0,0,1,0
7.065384,0,1,0,0,0,0,0,0,0
7.076506,0,0,1,0,0,0,0,0,0
7.086139,0,1,0,0,0,0,0,0,0
7.099676,0,0,0,1,0,0,1,0,0
7.100091,0,0,0,0,0,1,0,0,1
7.109708,1,0,0,0,1,0,0,1,0
7.133538,0,1,0,0,0,0,0,0,0
7.138594,0,0,1,0,0,0,0,0,0
7.149852,0,0,0,1,0,0,1,0,0
7.153022,0,0,0,0,0,1,0,0,1
7.168147,1,0,0,0,0,0,0,0,0
7.185390,0,0,1,0,1,0,0,1,0
7.196396,0,0,0,0,0,1,0,0,1
7.201318,0,0,0,1,0,0,1,0,0
7.210515,0,1,0,0,0,0,0,0,0
7.213517,1,0,0,0,1,0,0,1,0
7.232638,0,0,1,0,0,0,0,0,0
7.234199,0,1,0,0,0,0,0,0,0
7.249611,0,0,0,0,0,1,0,0,1
7.249843,0,0,0,1,0,0,1,0,0
7.261738,1,0,0,0,1,0,0,1,0
7.284013,0,1,0,0,0,0,0,0,0
7.286107,0,0,1,0,0,0,0,0,0
7.299312,0,0,0,0,0,1,0,0,1
7.300193,0,0,0,1,0,0,1,0,0
7.313814,1,0,0,0,0,0,0,0,0
7.337849,0,0,1,0,1,0,0,1,0
7.350129,0,0,0,1,0,0,1,0,0
7.352529,0,0,0,0,0,1,0,0,1
7.364007,0,1,0,0,0,0,0,0,0
7.367806,1,0,0,0,0,0,0,0,0
7.389047,0,0,1,0,0,0,0,0,0
7.390324,0,0,0,0,1,0,0,1,0
7.398324,0,0,0,0,0,1,0,0,1
7.399605,0,0,0,1,0,0,1,0,0
7.411291,1,0,0,0,1,0,0,1,0
7.413987,0,1,0,0,0,0,0,0,0
7.430724,0,0,1,0,0,0,0,0,0
7.440241,0,1,0,0,0,0,0,0,0
7.449576,0,0,0,0,0,1,0,0,1
7.449846,0,0,0,1,0,0,1,0,0
7.461082,1,0,0,0,0,0,0,0,0
7.489137,0,0,1,0,0,0,0,0,0
7.497734,0,0,0,0,0,1,0,0,1
7.500369,0,0,0,0,1,0,0,1,0
7.501412,0,0,0,1,0,0,1,0,0
7.516758,1,0,0,0,1,0,0,1,0
7.526842,0,1,0,0,0,0,0,0,0
7.532525,0,0,1,0,0,0,0,0,0
7.545176,0,1,0,0,0,0,0,0,0
7.548398,0,0,0,0,0,1,0,0,1
7.549320,0,0,0,1,0,0,1,0,0
7.566761,1,0,0,0,1,0,0,1,0
7.582030,0,0,1,0,0,0,0,0,0
7.590351,0,1,0,0,0,0,0,0,0
7.599053,0,0,0,1,0,0,1,0,0
7.599201,0,0,0,0,0,1,0,0,1
7.612809,1,0,0,0,1,0,0,1,0
7.630173,0,0,1,0,0,0,0,0,0
7.636831,0,1,0,0,0,0,0,0,0
7.649769,0,0,0,1,0,0,1,0,0
7.652456,0,0,0,0,0,1,0,0,1
7.666875,1,0,0,0,0,0,0,0,0
7.689174,0,0,1,0,1,0,0,1,0
7.698918,0,0,0,0,0,1,0,0,1
7.699203,0,0,0,1,0,0,1,0,0
7.713094,1,0,0,0,0,0,0,0,0
7.716276,0,1,0,0,1,0,0,1,0
7.732226,0,0,1,0,0,0,0,0,0
7.742675,0,1,0,0,0,0,0,0,0
7.749304,0,0,0,0,0,1,0,0,1
7.750992,0,0,0,1,0,0,1,0,0
7.764873,1,0,0,0,1,0,0,1,0
7.779489,0,0,1,0,0,0,0,0,0
7.784994,0,1,0,0,0,0,0,0,0
7.796331,0,0,0,0,0,1,0,0,1
7.798889,0,0,0,1,0,0,1,0,0
7.816325,1,0,0,0,0,0,0,0,0
7.821527,0,0,0,0,1,0,0,1,0
7.828831,0,0,1,0,0,0,0,0,0
7.845642,0,1,0,0,0,0,0,0,0
7.847965,0,0,0,0,0,1,0,0,1
7.849922,0,0,0,1,0,0,1,0,0
7.863336,1,0,0,0,1,0,0,1,0
7.878583,0,0,1,0,0,0,0,0,0
7.887929,0,1,0,0,0,0,0,0,0
7.898835,0,0,0,1,0,0,1,0,0
7.900321,0,0,0,0,0,1,0,0,1
7.913307,1,0,0,0,1,0,0,1,0
7.936159,0,0,1,0,0,0,0,0,0
7.942666,0,1,0,0,0,0,0,0,0
7.949050,0,0,0,1,0,0,1,0,0
7.950135,0,0,0,0,0,1,0,0,1
7.967356,1,0,0,0,0,0,0,0,0
7.985298,0,0,1,0,0,0,0,0,0
7.996040,0,0,0,0,1,1,0,1,1
8.000240,0,0,0,1,0,0,1,0,0
8.016085,0,1,0,0,0,0,0,0,0
8.017546,1,0,0,0,0,0,0,0,0
8.026325,0,0,1,0,1,0,0,1,0
8.048130,0,0,0,0,0,1,0,0,1
8.050238,0,0,0,1,0,0,1,0,0
8.052849,0,1,0,0,0,0,0,0,0
8.066282,1,0,0,0,0,0,0,0,0
8.087923,0,0,1,0,1,0,0,1,0
8.097949,0,0,0,0,0,1,0,0,1
8.098065,0,0,0,1,0,0,1,0,0
8.109622,1,0,0,0,0,0,0,0,0
8.117859,0,1,0,0,0,0,0,0,0
8.134071,0,0,1,0,0,0,0,0,0
8.149417,0,0,0,0,0,1,0,0,1
8.150786,0,0,0,1,0,0,1,0,0
8.159717,0,0,0,0,1,0,0,1,0
8.166618,1,0,0,0,1,0,0,1,0
8.184758,0,1,0,0,0,0,0,0,0
8.187685,0,1,0,0,0,0,0,0,0
8.189333,0,0,1,0,0,0,0,0,0
8.198540,0,0,0,1,0,0,1,0,0
8.199444,0,0,0,0,0,1,0,0,1
8.212960,1,0,0,0,1,0,0,1,0
8.234571,0,0,1,0,0,0,0,0,0
8.236699,0,1,0,0,0,0,0,0,0
8.248341,0,0,0,1,0,0,1,0,0
8.250908,0,0,0,0,0,1,0,0,1
8.265904,1,0,0,0,1,0,0,1,0
8.290638,0,0,1,0,0,0,0,0,0
8.293584,0,1,0,0,0,0,0,0,0
8.296463,0,0,0,0,0,1,0,0,1
8.300701,0,0,0,1,0,0,1,0,0
8.313438,1,0,0,0,0,0,0,0,0
8.331589,0,0,0,0,1,0,0,1,0
8.334508,0,0,1,0,0,0,0,0,0
8.350171,0,0,0,1,0,0,1,0,0
8.353553,0,0,0,0,0,1,0,0,1
8.358659,0,1,0,0,0,0,0,0,0
8.366522,1,0,0,0,0,0,0,0,0
8.375697,0,0,0,0,1,0,0,1,0
8.388460,0,0,1,0,0,0,0,0,0
8.397914,0,1,0,0,0,0,0,0,0
8.398616,0,0,0,1,0,0,1,0,0
8.401322,0,0,0,0,0,1,0,0,1
8.410190,1,0,0,0,0,0,0,0,0
8.425823,0,0,0,0,1,0,0,1,0
8.432253,0,0,1,0,0,0,0,0,0
8.447807,0,1,0,0,0,0,0,0,0
8.448664,0,0,0,0,0,1,0,0,1
8.451326,0,0,0,1,0,0,1,0,0
8.465719,1,0,0,0,1,0,0,1,0
8.482528,0,0,1,0,0,0,0,0,0
8.489505,0,1,0,0,0,0,0,0,0
8.499553,0,0,0,0,0,1,0,0,1
8.499630,0,0,0,1,0,0,1,0,0
8.516005,1,0,0,0,0,0,0,0,0
8.536748,0,0,1,0,0,0,0,0,0
8.540129,0,0,0,0,1,0,0,1,0
8.546319,0,0,0,0,0,1,0,0,1
8.550522,0,0,0,1,0,0,1,0,0
8.562357,1,0,0,0,1,0,0,1,0
8.562900,0,1,0,0,0,0,0,0,0
8.577801,0,0,1,0,0,0,0,0,0
8.582947,0,1,0,0,0,0,0,0,0
8.600097,0,0,0,1,0,0,1,0,0
8.600793,0,0,0,0,0,1,0,0,1
8.611094,1,0,0,0,0,0,0,0,0
8.637979,0,0,1,0,0,0,0,0,0
8.648008,0,0,0,0,1,1,0,1,1
8.649128,0,0,0,1,0,0,1,0,0
8.660980,1,0,0,0,0,0,0,0,0
8.674593,0,1,0,0,1,0,0,1,0
8.685135,0,0,1,0,0,0,0,0,0
8.696432,0,0,0,0,0,1,0,0,1
8.698788,0,1,0,0,0,0,0,0,0
8.700091,0,0,0,1,0,0,1,0,0
8.710724,1,0,0,0,1,0,0,1,0
8.730698,0,0,1,0,0,0,0,0,0
8.736642,0,1,0,0,0,0,0,0,0
8.750361,0,0,0,0,0,1,0,0,1
8.750562,0,0,0,1,0,0,1,0,0
8.770293,1,0,0,0,1,0,0,1,0
8.783343,0,0,1,0,0,0,0,0,0
8.794178,0,1,0,0,0,0,0,0,0
8.798982,0,0,0,1,0,0,1,0,0
8.800830,0,0,0,0,0,1,0,0,1
8.813248,1,0,0,0,0,0,0,0,0
8.836403,0,0,1,0,0,0,0,0,0
8.849115,0,0,0,0,1,1,0,1,1
8.849312,0,0,0,1,0,0,1,0,0
8.861055,1,0,0,0,0,0,0,0,0
8.876490,0,1,0,0,1,0,0,1,0
8.885090,0,0,1,0,0,0,0,0,0
8.899343,0,1,0,0,0,0,0,0,0
8.900217,0,0,0,1,0,0,1,0,0
8.901208,0,0,0,0,0,1,0,0,1
8.911933,1,0,0,0,0,0,0,0,0
8.935263,0,0,1,0,1,0,0,1,0
8.947383,0,0,0,0,0,1,0,0,1
8.950588,0,0,0,1,0,0,1,0,0
8.960969,0,1,0,0,0,0,0,0,0
8.964905,1,0,0,0,0,0,0,0,0
8.983367,0,0,1,0,0,0,0,0,0
8.991281,0,0,0,0,1,0,0,1,0
9.000775,0,0,0,1,0,0,1,0,0
9.003309,0,0,0,0,0,1,0,0,1
9.013827,1,0,0,0,1,0,0,1,0
9.014638,0,1,0,0,0,0,0,0,0
9.037655,0,0,1,0,0,0,0,0,0
9.038741,0,1,0,0,0,0,0,0,0
9.049728,0,0,0,1,0,0,1,0,0
9.053497,0,0,0,0,0,1,0,0,1
9.067200,1,0,0,0,1,0,0,1,0
9.084232,0,0,1,0,0,0,0,0,0
9.090664,0,1,0,0,0,0,0,0,0
9.099694,0,0,0,1,0,0,1,0,0
9.100360,0,0,0,0,0,1,0,0,1
9.116218,1,0,0,0,1,0,0,1,0
9.136171,0,0,1,0,0,0,0,0,0
9.140346,0,1,0,0,0,0,0,0,0
9.149854,0,0,0,0,0,1,0,0,1
9.150204,0,0,0,1,0,0,1,0,0
9.160740,1,0,0,0,0,0,0,0,0
9.188622,0,0,1,0,0,0,0,0,0
9.198895,0,0,0,1,1,0,1,1,0
9.200103,0,0,0,0,0,1,0,0,1
9.209434,1,0,0,0,0,0,0,0,0
9.225522,0,1,0,0,0,0,0,0,0
9.235848,0,0,1,0,1,0,0,1,0
9.250150,0,0,0,0,0,1,0,0,1
9.251415,0,0,0,1,0,0,1,0,0
9.262529,0,1,0,0,0,0,0,0,0
9.270246,1,0,0,0,1,0,0,1,0
9.284999,0,0,1,0,0,0,0,0,0
9.294273,0,1,0,0,0,0,0,0,0
9.299561,0,0,0,1,0,0,1,0,0
9.302388,0,0,0,0,0,1,0,0,1
9.312392,1,0,0,0,0,0,0,0,0
9.340752,0,0,1,0,1,0,0,1,0
9.348865,0,0,0,1,0,0,1,0,0
9.350083,0,0,0,0,0,1,0,0,1
9.359965,1,0,0,0,1,0,0,1,0
9.362221,0,1,0,0,0,0,0,0,0
9.381443,0,1,0,0,0,0,0,0,0
9.384240,0,0,1,0,0,0,0,0,0
9.400100,0,0,0,1,0,0,1,0,0
9.400957,0,0,0,0,0,1,0,0,1
9.410493,1,0,0,0,1,0,0,1,0
9.432603,0,0,1,0,0,0,0,0,0
9.438010,0,1,0,0,0,0,0,0,0
9.448414,0,0,0,1,0,0,1,0,0
9.452040,0,0,0,0,0,1,0,0,1
9.464762,1,0,0,0,0,0,0,0,0
9.488378,0,0,1,0,1,0,0,1,0
9.498379,0,0,0,0,0,1,0,0,1
9.500054,0,0,0,1,0,0,1,0,0
9.514880,1,0,0,0,0,0,0,0,0
9.515648,0,1,0,0,1,0,0,1,0
9.533308,0,0,1,0,0,0,0,0,0
9.541040,0,1,0,0,0,0,0,0,0
9.550729,0,0,0,1,0,0,1,0,0
9.551169,0,0,0,0,0,1,0,0,1
9.569382,1,0,0,0,0,0,0,0,0
9.586340,0,0,1,0,0,0,0,0,0
9.597564,0,0,0,0,1,1,0,1,1
9.600460,0,0,0,1,0,0,1,0,0
9.612240,1,0,0,0,0,0,0,0,0
9.620482,0,1,0,0,1,0,0,1,0
9.631168,0,0,1,0,0,0,0,0,0
9.645013,0,1,0,0,0,0,0,0,0
9.649743,0,0,0,1,0,0,1,0,0
9.651296,0,0,0,0,0,1,0,0,1
9.665318,1,0,0,0,1,0,0,1,0
9.684821,0,0,1,0,0,0,0,0,0
9.688678,0,1,0,0,0,0,0,0,0
9.700556,0,0,0,1,0,0,1,0,0
9.703459,0,0,0,0,0,1,0,0,1
9.716315,1,0,0,0,0,0,0,0,0
9.737011,0,0,1,0,1,0,0,1,0
9.747062,0,0,0,0,0,1,0,0,1
9.749961,0,0,0,1,0,0,1,0,0
9.759341,0,1,0,0,0,0,0,0,0
9.762789,1,0,0,0,1,0,0,1,0
9.783532,0,0,1,0,0,0,0,0,0
9.785920,0,1,0,0,0,0,0,0,0
9.800351,0,0,0,1,0,0,1,0,0
9.803618,0,0,0,0,0,1,0,0,1
9.812772,1,0,0,0,1,0,0,1,0
9.839959,0,1,0,0,0,0,0,0,0
9.842776,0,0,1,0,0,0,0,0,0
9.848390,0,0,0,1,0,0,1,0,0
9.851297,0,0,0,0,0,1,0,0,1
9.859988,1,0,0,0,1,0,0,1,0
9.881946,0,0,1,0,0,0,0,0,0
9.882907,0,1,0,0,0,0,0,0,0
9.899335,0,0,0,0,0,1,0,0,1
9.899846,0,0,0,1,0,0,1,0,0
9.919469,1,0,0,0,1,0,0,1,0
9.931369,0,0,1,0,0,0,0,0,0
9.941810,0,1,0,0,0,0,0,0,0
9.950023,0,0,0,1,0,0,1,0,0
9.951240,0,0,0,0,0,1,0,0,1
9.960352,1,0,0,0,0,0,0,0,0
9.987023,0,0,1,0,0,0,0,0,0
9.999772,0,0,0,0,1,1,0,1,1
10.000510,0,0,0,1,0,0,1,0,0
10.016181,1,0,0,0,0,0,0,0,0
10.028551,0,1,0,0,0,0,0,0,0
10.037303,0,0,1,0,0,0,0,0,0
10.049842,0,0,0,0,1,1,0,1,1
10.050196,0,0,0,1,0,0,1,0,0
10.065747,1,0,0,0,1,0,0,1,0
10.079323,0,1,0,0,0,0,0,0,0
10.080573,0,0,1,0,0,0,0,0,0
10.090375,0,1,0,0,0,0,0,0,0
10.100601,0,0,0,1,0,0,1,0,0
10.101189,0,0,0,0,0,1,0,0,1
10.115998,1,0,0,0,0,0,0,0,0
10.134228,0,0,1,0,1,0,0,1,0
10.147942,0,0,0,0,0,1,0,0,1
10.149886,0,0,0,1,0,0,1,0,0
10.158265,0,1,0,0,0,0,0,0,0
10.165198,1,0,0,0,0,0,0,0,0
10.174454,0,0,0,0,1,0,0,1,0
10.184958,0,0,1,0,0,0,0,0,0
10.196876,0,1,0,0,0,0,0,0,0
10.200891,0,0,0,1,0,0,1,0,0
10.201249,0,0,0,0,0,1,0,0,1
10.217806,1,0,0,0,1,0,0,1,0
10.238967,0,0,1,0,0,0,0,0,0
10.244268,0,1,0,0,0,0,0,0,0
10.250556,0,0,0,1,0,0,1,0,0
10.250557,0,0,0,0,0,1,0,0,1
10.261632,1,0,0,0,0,0,0,0,0
10.289547,0,0,1,0,0,0,0,0,0
10.299483,0,0,0,1,1,0,1,1,0
10.302739,0,0,0,0,0,1,0,0,1
10.316687,1,0,0,0,1,0,0,1,0
10.326631,0,1,0,0,0,0,0,0,0
10.337234,0,1,0,0,0,0,0,0,0
10.341600,0,0,1,0,0,0,0,0,0
10.348416,0,0,0,1,0,0,1,0,0
10.349773,0,0,0,0,0,1,0,0,1
10.361919,1,0,0,0,0,0,0,0,0
10.381834,0,0,1,0,1,0,0,1,0
10.400155,0,0,0,0,0,1,0,0,1
10.400299,0,0,0,1,0,0,1,0,0
10.410549,0,1,0,0,0,0,0,0,0
10.417782,1,0,0,0,0,0,0,0,0
10.435764,0,0,1,0,1,0,0,1,0
10.447927,0,0,0,0,0,1,0,0,1
10.449884,0,0,0,1,0,0,1,0,0
10.460505,0,1,0,0,0,0,0,0,0
10.462385,1,0,0,0,0,0,0,0,0
10.478092,0,0,1,0,1,0,0,1,0
10.496829,0,0,0,0,0,1,0,0,1
10.500099,0,1,0,0,0,0,0,0,0
10.500739,0,0,0,1,0,0,1,0,0
10.516555,1,0,0,0,0,0,0,0,0
10.533814,0,0,1,0,0,0,0,0,0
10.544711,0,0,0,0,1,0,0,1,0
10.549010,0,0,0,0,0,1,0,0,1
10.549540,0,0,0,1,0,0,1,0,0
10.568040,1,0,0,0,0,0,0,0,0
10.569932,0,1,0,0,0,0,0,0,0
10.580716,0,0,0,0,1,0,0,1,0
10.584913,0,0,1,0,0,0,0,0,0
10.599424,0,0,0,1,0,0,1,0,0
10.601058,0,0,0,0,0,1,0,0,1
10.605834,0,1,0,0,0,0,0,0,0
10.618012,1,0,0,0,0,0,0,0,0
10.630331,0,0,0,0,1,0,0,1,0
10.633732,0,0,1,0,0,0,0,0,0
10.649769,0,0,0,1,0,0,1,0,0
10.650932,0,0,0,0,0,1,0,0,1
10.657304,0,1,0,0,0,0,0,0,0
10.660912,1,0,0,0,1,0,0,1,0
10.682100,0,1,0,0,0,0,0,0,0
10.685278,0,0,1,0,0,0,0,0,0
10.699920,0,0,0,1,0,0,1,0,0
10.703123,0,0,0,0,0,1,0,0,1
10.713796,1,0,0,0,0,0,0,0,0
10.733295,0,0,1,0,1,0,0,1,0
10.750085,0,0,0,0,0,1,0,0,1
10.750531,0,0,0,1,0,0,1,0,0
10.755569,0,1,0,0,0,0,0,0,0
10.768889,1,0,0,0,1,0,0,1,0
10.789382,0,0,1,0,0,0,0,0,0
10.796932,0,0,0,0,0,1,0,0,1
10.798790,0,1,0,0,0,0,0,0,0
10.800762,0,0,0,1,0,0,1,0,0
10.813424,1,0,0,0,0,0,0,0,0
10.825580,0,0,0,0,1,0,0,1,0
10.830456,0,0,1,0,0,0,0,0,0
10.850675,0,0,0,1,0,0,1,0,0
10.852907,0,0,0,0,0,1,0,0,1
10.855423,0,1,0,0,0,0,0,0,0
10.865069,1,0,0,0,1,0,0,1,0
10.888457,0,1,0,0,0,0,0,0,0
10.892304,0,0,1,0,0,0,0,0,0
10.897168,0,0,0,0,0,1,0,0,1
10.898895,0,0,0,1,0,0,1,0,0
10.910243,1,0,0,0,0,0,0,0,0
10.919854,0,0,0,0,1,0,0,1,0
10.931182,0,0,1,0,0,0,0,0,0
10.945524,0,1,0,0,0,0,0,0,0
10.949311,0,0,0,0,0,1,0,0,1
10.949663,0,0,0,1,0,0,1,0,0
10.966183,1,0,0,0,0,0,0,0,0
10.987403,0,0,1,0,1,0,0,1,0
10.999998,0,0,0,0,0,1,0,0,1
11.000820,0,0,0,1,0,0,1,0,0
11.014937,0,1,0,0,0,0,0,0,0
11.020608,1,0,0,0,0,0,0,0,0
11.038323,0,0,1,0,0,0,0,0,0
11.043174,0,0,0,0,1,0,0,1,0
11.049726,0,0,0,1,0,0,1,0,0
11.052009,0,0,0,0,0,1,0,0,1
11.065076,1,0,0,0,1,0,0,1,0
11.065914,0,1,0,0,0,0,0,0,0
11.085555,0,0,1,0,0,0,0,0,0
11.092647,0,1,0,0,0,0,0,0,0
11.099331,0,0,0,1,0,0,1,0,0
11.099983,0,0,0,0,0,1,0,0,1
11.110468,1,0,0,0,0,0,0,0,0
11.131991,0,0,0,0,1,0,0,1,0
11.134528,0,0,1,0,0,0,0,0,0
11.149158,0,0,0,0,0,1,0,0,1
11.150818,0,0,0,1,0,0,1,0,0
11.153022,0,1,0,0,0,0,0,0,0
11.165482,1,0,0,0,0,0,0,0,0
11.174148,0,0,0,0,1,0,0,1,0
11.185409,0,0,1,0,0,0,0,0,0
11.196166,0,0,0,0,0,1,0,0,1
11.199341,0,1,0,0,0,0,0,0,0
11.199521,0,0,0,1,0,0,1,0,0
11.213866,1,0,0,0,1,0,0,1,0
11.232803,0,0,1,0,0,0,0,0,0
11.242487,0,1,0,0,0,0,0,0,0
11.250537,0,0,0,1,0,0,1,0,0
11.252449,0,0,0,0,0,1,0,0,1
11.266182,1,0,0,0,0,0,0,0,0
11.284561,0,0,1,0,1,0,0,1,0
11.299000,0,0,0,1,0,0,1,0,0
11.301547,0,0,0,0,0,1,0,0,1
11.305450,0,1,0,0,0,0,0,0,0
11.310681,1,0,0,0,0,0,0,0,0
11.333457,0,0,1,0,0,0,0,0,0
11.349837,0,0,0,0,1,1,0,1,1
11.350196,0,0,0,1,0,0,1,0,0
11.367937,1,0,0,0,1,0,0,1,0
11.375004,0,1,0,0,0,0,0,0,0
11.388605,0,0,1,0,0,0,0,0,0
11.393942,0,1,0,0,0,0,0,0,0
11.398834,0,0,0,0,0,1,0,0,1
11.400366,0,0,0,1,0,0,1,0,0
11.414524,1,0,0,0,0,0,0,0,0
11.432026,0,0,0,0,1,0,0,1,0
11.436909,0,0,1,0,0,0,0,0,0
11.450945,0,0,0,1,0,0,1,0,0
11.451548,0,0,0,0,0,1,0,0,1
11.456183,0,1,0,0,0,0,0,0,0
11.464279,1,0,0,0,0,0,0,0,0
11.486442,0,0,1,0,1,0,0,1,0
11.496928,0,0,0,0,0,1,0,0,1
11.500404,0,0,0,1,0,0,1,0,0
11.515257,1,0,0,0,1,0,0,1,0
11.515982,0,1,0,0,0,0,0,0,0
11.528759,0,0,1,0,0,0,0,0,0
11.544347,0,1,0,0,0,0,0,0,0
11.547016,0,0,0,0,0,1,0,0,1
11.550935,0,0,0,1,0,0,1,0,0
11.564938,1,0,0,0,0,0,0,0,0
11.577260,0,0,1,0,0,0,0,0,0
11.599154,0,0,0,0,0,1,0,0,1
11.600520,0,0,0,1,1,0,1,1,0
11.614534,1,0,0,0,0,0,0,0,0
11.625427,0,1,0,0,0,0,0,0,0
11.635779,0,0,1,0,0,0,0,0,0
11.650125,0,0,0,1,0,0,1,0,0
11.653807,0,0,0,0,0,1,0,0,1
11.654925,0,0,0,0,1,0,0,1,0
11.664742,1,0,0,0,0,0,0,0,0
11.671076,0,0,0,0,1,0,0,1,0
11.675274,0,1,0,0,0,0,0,0,0
11.692387,0,0,1,0,0,0,0,0,0
11.698665,0,1,0,0,0,0,0,0,0
11.699753,0,0,0,1,0,0,1,0,0
11.703544,0,0,0,0,0,1,0,0,1
11.719299,1,0,0,0,0,0,0,0,0
11.731833,0,0,0,0,1,0,0,1,0
11.738757,0,0,1,0,0,0,0,0,0
11.747116,0,0,0,0,0,1,0,0,1
11.750006,0,0,0,1,0,0,1,0,0
11.756877,0,1,0,0,0,0,0,0,0
11.761547,1,0,0,0,0,0,0,0,0
11.768605,0,0,0,0,1,0,0,1,0
11.784111,0,0,1,0,0,0,0,0,0
11.789134,0,1,0,0,0,0,0,0,0
11.798310,0,0,0,1,0,0,1,0,0
11.802238,0,0,0,0,0,1,0,0,1
11.813737,1,0,0,0,0,0,0,0,0
11.842195,0,0,1,0,0,0,0,0,0
11.848755,0,0,0,1,1,0,1,1,0
11.850874,0,0,0,0,0,1,0,0,1
11.860169,1,0,0,0,0,0,0,0,0
11.873531,0,1,0,0,0,0,0,0,0
11.885712,0,0,0,0,1,0,0,1,0
11.889564,0,0,1,0,0,0,0,0,0
11.899074,0,0,0,1,0,0,1,0,0
11.902688,0,0,0,0,0,1,0,0,1
11.911819,0,1,0,0,0,0,0,0,0
11.911847,1,0,0,0,1,0,0,1,0
11.937070,0,1,0,0,0,0,0,0,0
11.937176,0,0,1,0,0,0,0,0,0
11.950081,0,0,0,1,0,0,1,0,0
11.950283,0,0,0,0,0,1,0,0,1
11.963929,1,0,0,0,0,0,0,0,0
11.982078,0,0,1,0,0,0,0,0,0
11.991410,0,0,0,0,1,0,0,1,0
11.997852,0,0,0,0,0,1,0,0,1
12.000822,0,0,0,1,0,0,1,0,0
12.018644,0,1,0,0,0,0,0,0,0
12.019103,1,0,0,0,0,0,0,0,0
12.031191,0,0,1,0,0,0,0,0,0
12.047228,0,0,0,0,1,0,0,1,0
12.048489,0,0,0,1,0,0,1,0,0
12.052939,0,0,0,0,0,1,0,0,1
12.061745,1,0,0,0,1,0,0,1,0
12.068049,0,1,0,0,0,0,0,0,0
12.087071,0,1,0,0,0,0,0,0,0
12.092548,0,0,1,0,0,0,0,0,0
12.099156,0,0,0,1,0,0,1,0,0
12.099812,0,0,0,0,0,1,0,0,1
12.110440,1,0,0,0,0,0,0,0,0
12.119792,0,0,0,0,1,0,0,1,0
12.131820,0,0,1,0,0,0,0,0,0
12.141775,0,1,0,0,0,0,0,0,0
12.149304,0,0,0,1,0,0,1,0,0
12.152711,0,0,0,0,0,1,0,0,1
12.167755,1,0,0,0,0,0,0,0,0
12.189461,0,0,1,0,0,0,0,0,0
12.191723,0,0,0,0,1,0,0,1,0
12.200960,0,0,0,1,0,0,1,0,0
12.203341,0,0,0,0,0,1,0,0,1
12.212039,1,0,0,0,0,0,0,0,0
12.219313,0,1,0,0,1,0,0,1,0
12.239907,0,0,1,0,0,0,0,0,0
12.245353,0,1,0,0,0,0,0,0,0
12.249340,0,0,0,1,0,0,1,0,0
12.250637,0,0,0,0,0,1,0,0,1
12.262484,1,0,0,0,1,0,0,1,0
12.284567,0,0,1,0,0,0,0,0,0
12.286789,0,1,0,0,0,0,0,0,0
12.301600,0,0,0,1,0,0,1,0,0
12.302930,0,0,0,0,0,1,0,0,1
12.319411,1,0,0,0,1,0,0,1,0
12.335644,0,0,1,0,0,0,0,0,0
12.342658,0,1,0,0,0,0,0,0,0
12.347774,0,0,0,0,0,1,0,0,1
12.350150,0,0,0,1,0,0,1,0,0
12.363395,1,0,0,0,0,0,0,0,0
12.387145,0,0,1,0,0,0,0,0,0
12.392207,0,0,0,0,1,0,0,1,0
12.398978,0,0,0,0,0,1,0,0,1
12.399869,0,0,0,1,0,0,1,0,0
12.411310,1,0,0,0,0,0,0,0,0
12.412486,0,0,0,0,1,0,0,1,0
12.413733,0,1,0,0,0,0,0,0,0
12.432135,0,0,1,0,0,0,0,0,0
12.439814,0,1,0,0,0,0,0,0,0
12.447256,0,0,0,0,0,1,0,0,1
12.451369,0,0,0,1,0,0,1,0,0
12.465586,1,0,0,0,1,0,0,1,0
12.484633,0,0,1,0,0,0,0,0,0
12.488407,0,1,0,0,0,0,0,0,0
12.498781,0,0,0,1,0,0,1,0,0
12.499202,0,0,0,0,0,1,0,0,1
12.517027,1,0,0,0,0,0,0,0,0
12.524837,0,0,0,0,1,0,0,1,0
12.534894,0,0,1,0,0,0,0,0,0
12.546879,0,0,0,0,0,1,0,0,1
12.546897,0,1,0,0,0,0,0,0,0
12.549376,0,0,0,1,0,0,1,0,0
12.565291,1,0,0,0,1,0,0,1,0
12.585461,0,0,1,0,0,0,0,0,0
12.591496,0,1,0,0,0,0,0,0,0
12.599162,0,0,0,1,0,0,1,0,0
12.600739,0,0,0,0,0,1,0,0,1
12.619029,1,0,0,0,0,0,0,0,0
12.637623,0,0,1,0,1,0,0,1,0
12.649297,0,0,0,1,0,0,1,0,0
12.650658,0,0,0,0,0,1,0,0,1
12.663939,1,0,0,0,1,0,0,1,0
12.664383,0,1,0,0,0,0,0,0,0
12.685714,0,0,1,0,0,0,0,0,0
12.692379,0,1,0,0,0,0,0,0,0
12.700173,0,0,0,1,0,0,1,0,0
12.701450,0,0,0,0,0,1,0,0,1
12.713585,1,0,0,0,0,0,0,0,0
12.729073,0,0,0,0,1,0,0,1,0
12.735653,0,0,1,0,0,0,0,0,0
12.748030,0,0,0,0,0,1,0,0,1
12.750150,0,0,0,1,0,0,1,0,0
12.752077,0,1,0,0,0,0,0,0,0
12.765573,1,0,0,0,1,0,0,1,0
12.787648,0,0,1,0,0,0,0,0,0
12.789483,0,1,0,0,0,0,0,0,0
12.798972,0,0,0,1,0,0,1,0,0
12.801736,0,0,0,0,0,1,0,0,1
12.817154,1,0,0,0,0,0,0,0,0
12.838693,0,0,1,0,1,0,0,1,0
12.849659,0,0,0,0,0,1,0,0,1
12.851723,0,0,0,1,0,0,1,0,0
12.862214,0,1,0,0,0,0,0,0,0
12.867562,1,0,0,0,1,0,0,1,0
12.887221,0,0,1,0,0,0,0,0,0
12.893427,0,1,0,0,0,0,0,0,0
12.898756,0,0,0,0,0,1,0,0,1
12.900073,0,0,0,1,0,0,1,0,0
12.910656,1,0,0,0,0,0,0,0,0
12.915607,0,0,0,0,1,0,0,1,0
12.933380,0,0,1,0,0,0,0,0,0
12.938205,0,1,0,0,0,0,0,0,0
12.951289,0,0,0,1,0,0,1,0,0
12.953190,0,0,0,0,0,1,0,0,1
12.966117,1,0,0,0,1,0,0,1,0
12.989928,0,0,1,0,0,0,0,0,0
12.990783,0,1,0,0,0,0,0,0,0
12.999581,0,0,0,1,0,0,1,0,0
13.001836,0,0,0,0,0,1,0,0,1
13.012894,1,0,0,0,0,0,0,0,0
13.040970,0,0,1,0,1,0,0,1,0
13.049676,0,0,0,1,0,0,1,0,0
13.053835,0,0,0,0,0,1,0,0,1
13.061330,1,0,0,0,0,0,0,0,0
13.068547,0,1,0,0,1,0,0,1,0
13.087904,0,0,1,0,0,0,0,0,0
13.090820,0,1,0,0,0,0,0,0,0
13.099173,0,0,0,1,0,0,1,0,0
13.101457,0,0,0,0,0,1,0,0,1
13.112428,1,0,0,0,1,0,0,1,0
13.137980,0,1,0,0,0,0,0,0,0
13.140762,0,0,1,0,0,0,0,0,0
13.149293,0,0,0,1,0,0,1,0,0
13.152628,0,0,0,0,0,1,0,0,1
13.162077,1,0,0,0,0,0,0,0,0
13.187640,0,0,1,0,1,0,0,1,0
13.199072,0,0,0,1,0,0,1,0,0
13.201115,0,0,0,0,0,1,0,0,1
13.210629,0,1,0,0,0,0,0,0,0
13.212871,1,0,0,0,1,0,0,1,0
13.232856,0,0,1,0,0,0,0,0,0
13.241187,0,1,0,0,0,0,0,0,0
13.249757,0,0,0,1,0,0,1,0,0
13.250820,0,0,0,0,0,1,0,0,1
13.259993,1,0,0,0,1,0,0,1,0
13.283110,0,1,0,0,0,0,0,0,0
13.288320,0,0,1,0,0,0,0,0,0
13.300137,0,0,0,1,0,0,1,0,0
13.300480,0,0,0,0,0,1,0,0,1
13.313957,1,0,0,0,1,0,0,1,0
13.339615,0,0,1,0,0,0,0,0,0
13.343856,0,1,0,0,0,0,0,0,0
13.348647,0,0,0,1,0,0,1,0,0
13.351736,0,0,0,0,0,1,0,0,1
13.360251,1,0,0,0,0,0,0,0,0
13.361740,0,0,0,0,1,0,0,1,0
13.386706,0,1,0,0,0,0,0,0,0
13.387690,0,0,1,0,0,0,0,0,0
13.397386,0,0,0,0,0,1,0,0,1
13.398067,0,0,0,1,0,0,1,0,0
13.412698,1,0,0,0,0,0,0,0,0
13.435327,0,0,1,0,0,0,0,0,0
13.446551,0,0,0,0,0,1,0,0,1
13.450538,0,0,0,1,1,0,1,1,0
13.465724,1,0,0,0,1,0,0,1,0
13.479951,0,1,0,0,0,0,0,0,0
13.483485,0,0,1,0,0,0,0,0,0
13.494420,0,1,0,0,0,0,0,0,0
13.498605,0,0,0,0,0,1,0,0,1
13.500283,0,0,0,1,0,0,1,0,0
13.512027,1,0,0,0,1,0,0,1,0
13.535833,0,1,0,0,0,0,0,0,0
13.536581,0,0,1,0,0,0,0,0,0
13.550496,0,0,0,0,0,1,0,0,1
13.551448,0,0,0,1,0,0,1,0,0
13.565742,1,0,0,0,1,0,0,1,0
13.586928,0,0,1,0,0,0,0,0,0
13.587103,0,1,0,0,0,0,0,0,0
13.599690,0,0,0,1,0,0,1,0,0
13.602994,0,0,0,0,0,1,0,0,1
13.614222,1,0,0,0,0,0,0,0,0
13.638285,0,0,1,0,0,0,0,0,0
13.649168,0,0,0,1,0,0,1,0,0
13.650207,0,0,0,0,1,0,0,1,0
13.652403,0,0,0,0,0,1,0,0,1
13.662790,1,0,0,0,1,0,0,1,0
13.673214,0,1,0,0,0,0,0,0,0
13.683502,0,1,0,0,0,0,0,0,0
13.688730,0,0,1,0,0,0,0,0,0
13.699201,0,0,0,0,0,1,0,0,1
13.701938,0,0,0,1,0,0,1,0,0
13.719382,1,0,0,0,1,0,0,1,0
13.730088,0,0,1,0,0,0,0,0,0
13.740403,0,1,0,0,0,0,0,0,0
13.750169,0,0,0,1,0,0,1,0,0
13.751813,0,0,0,0,0,1,0,0,1
13.765624,1,0,0,0,0,0,0,0,0
13.786305,0,0,1,0,0,0,0,0,0
13.797413,0,0,0,0,0,1,0,0,1
13.799585,0,0,0,0,1,0,0,1,0
13.801208,0,0,0,1,0,0,1,0,0
13.820008,1,0,0,0,1,0,0,1,0
13.824008,0,1,0,0,0,0,0,0,0
13.831160,0,0,1,0,0,0,0,0,0
13.841387,0,1,0,0,0,0,0,0,0
13.850727,0,0,0,1,0,0,1,0,0
13.850745,0,0,0,0,0,1,0,0,1
13.862740,1,0,0,0,1,0,0,1,0
13.881907,0,0,1,0,0,0,0,0,0
13.887079,0,1,0,0,0,0,0,0,0
13.897601,0,0,0,0,0,1,0,0,1
13.899254,0,0,0,1,0,0,1,0,0
13.912681,1,0,0,0,1,0,0,1,0
13.934207,0,0,1,0,0,0,0,0,0
13.939896,0,1,0,0,0,0,0,0,0
13.947568,0,0,0,0,0,1,0,0,1
13.950044,0,0,0,1,0,0,1,0,0
13.966282,1,0,0,0,1,0,0,1,0
13.985160,0,0,1,0,0,0,0,0,0
13.992098,0,1,0,0,0,0,0,0,0
14.000554,0,0,0,1,0,0,1,0,0
14.002908,0,0,0,0,0,1,0,0,1
14.013216,1,0,0,0,0,0,0,0,0
14.041049,0,0,1,0,1,0,0,1,0
14.050948,0,0,0,0,0,1,0,0,1
14.051581,0,0,0,1,0,0,1,0,0
14.066598,1,0,0,0,0,0,0,0,0
14.067387,0,1,0,0,0,0,0,0,0
14.089674,0,0,1,0,0,0,0,0,0
14.098098,0,0,0,0,0,1,0,0,1
14.100056,0,0,0,1,0,0,1,0,0
14.109559,0,0,0,0,1,0,0,1,0
14.117842,1,0,0,0,0,0,0,0,0
14.133652,0,0,1,0,0,0,0,0,0
14.134786,0,0,0,0,1,0,0,1,0
14.136231,0,1,0,0,0,0,0,0,0
14.149506,0,0,0,1,0,0,1,0,0
14.150200,0,0,0,0,0,1,0,0,1
14.161772,0,1,0,0,0,0,0,0,0
14.162779,1,0,0,0,1,0,0,1,0
14.186809,0,0,1,0,0,0,0,0,0
14.191890,0,1,0,0,0,0,0,0,0
14.200053,0,0,0,1,0,0,1,0,0
14.202450,0,0,0,0,0,1,0,0,1
14.212758,1,0,0,0,0,0,0,0,0
14.240537,0,0,1,0,0,0,0,0,0
14.246531,0,0,0,0,0,1,0,0,1
14.249142,0,0,0,1,0,0,1,0,0
14.252625,0,0,0,0,1,0,0,1,0
14.265902,1,0,0,0,1,0,0,1,0
14.278682,0,0,1,0,0,0,0,0,0
14.279648,0,1,0,0,0,0,0,0,0
14.288900,0,1,0,0,0,0,0,0,0
14.297376,0,0,0,0,0,1,0,0,1
14.299605,0,0,0,1,0,0,1,0,0
14.315019,1,0,0,0,0,0,0,0,0
14.331986,0,0,0,0,1,0,0,1,0
14.336956,0,0,1,0,0,0,0,0,0
14.349066,0,0,0,1,0,0,1,0,0
14.351104,0,0,0,0,0,1,0,0,1
14.352252,0,1,0,0,0,0,0,0,0
14.364309,1,0,0,0,1,0,0,1,0
14.386318,0,1,0,0,0,0,0,0,0
14.390920,0,0,1,0,0,0,0,0,0
14.400207,0,0,0,1,0,0,1,0,0
14.401299,0,0,0,0,0,1,0,0,1
14.413588,1,0,0,0,0,0,0,0,0
14.435937,0,0,1,0,0,0,0,0,0
14.449489,0,0,0,1,0,0,1,0,0
14.452815,0,0,0,0,1,1,0,1,1
14.466370,1,0,0,0,1,0,0,1,0
14.482113,0,1,0,0,0,0,0,0,0
14.488832,0,1,0,0,0,0,0,0,0
14.492192,0,0,1,0,0,0,0,0,0
14.498828,0,0,0,1,0,0,1,0,0
14.499933,0,0,0,0,0,1,0,0,1
14.511699,1,0,0,0,1,0,0,1,0
14.535168,0,0,1,0,0,0,0,0,0
14.539954,0,1,0,0,0,0,0,0,0
14.548613,0,0,0,1,0,0,1,0,0
14.553997,0,0,0,0,0,1,0,0,1
14.562150,1,0,0,0,0,0,0,0,0
14.570920,0,0,0,0,1,0,0,1,0
14.591533,0,0,1,0,0,0,0,0,0
14.595150,0,1,0,0,0,0,0,0,0
14.601913,0,0,0,1,0,0,1,0,0
14.603703,0,0,0,0,0,1,0,0,1
14.617788,1,0,0,0,1,0,0,1,0
14.637892,0,0,1,0,0,0,0,0,0
14.642876,0,1,0,0,0,0,0,0,0
14.650099,0,0,0,0,0,1,0,0,1
14.650477,0,0,0,1,0,0,1,0,0
14.663810,1,0,0,0,0,0,0,0,0
14.678523,0,0,0,0,1,0,0,1,0
14.685942,0,0,1,0,0,0,0,0,0
14.698247,0,0,0,0,0,1,0,0,1
14.698926,0,1,0,0,0,0,0,0,0
14.701708,0,0,0,1,0,0,1,0,0
14.720271,1,0,0,0,0,0,0,0,0
14.737909,0,0,1,0,1,0,0,1,0
14.750827,0,0,0,0,0,1,0,0,1
14.751266,0,0,0,1,0,0,1,0,0
14.764729,0,1,0,0,0,0,0,0,0
14.766402,1,0,0,0,1,0,0,1,0
14.789725,0,0,1,0,0,0,0,0,0
14.795295,0,1,0,0,0,0,0,0,0
14.799377,0,0,0,1,0,0,1,0,0
14.803234,0,0,0,0,0,1,0,0,1
14.814815,1,0,0,0,1,0,0,1,0
14.837269,0,0,1,0,0,0,0,0,0
14.840808,0,1,0,0,0,0,0,0,0
14.849285,0,0,0,0,0,1,0,0,1
14.849791,0,0,0,1,0,0,1,0,0
14.861081,1,0,0,0,1,0,0,1,0
14.883340,0,1,0,0,0,0,0,0,0
14.886834,0,0,1,0,0,0,0,0,0
14.900213,0,0,0,1,0,0,1,0,0
14.902842,0,0,0,0,0,1,0,0,1
14.914841,1,0,0,0,1,0,0,1,0
14.935925,0,0,1,0,0,0,0,0,0
14.937709,0,1,0,0,0,0,0,0,0
14.949425,0,0,0,0,0,1,0,0,1
14.949567,0,0,0,1,0,0,1,0,0
14.961657,1,0,0,0,0,0,0,0,0
14.965741,0,0,0,0,1,0,0,1,0
14.988328,0,0,1,0,0,0,0,0,0
14.993325,0,1,0,0,0,0,0,0,0
15.001119,0,0,0,1,0,0,1,0,0
15.002451,0,0,0,0,0,1,0,0,1
15.015698,1,0,0,0,1,0,0,1,0
15.036186,0,0,1,0,0,0,0,0,0
15.037310,0,1,0,0,0,0,0,0,0
15.048069,0,0,0,1,0,0,1,0,0
15.050220,0,0,0,0,0,1,0,0,1
15.060916,1,0,0,0,0,0,0,0,0
15.088265,0,0,1,0,1,0,0,1,0
15.100461,0,0,0,0,0,1,0,0,1
15.100827,0,0,0,1,0,0,1,0,0
15.112402,0,1,0,0,0,0,0,0,0
15.115434,1,0,0,0,1,0,0,1,0
15.135092,0,0,1,0,0,0,0,0,0
15.140662,0,1,0,0,0,0,0,0,0
15.149377,0,0,0,0,0,1,0,0,1
15.149786,0,0,0,1,0,0,1,0,0
15.163973,1,0,0,0,1,0,0,1,0
15.186635,0,0,1,0,0,0,0,0,0
15.190482,0,1,0,0,0,0,0,0,0
15.197362,0,0,0,0,0,1,0,0,1
15.198404,0,0,0,1,0,0,1,0,0
15.214507,1,0,0,0,1,0,0,1,0
15.228053,0,0,1,0,0,0,0,0,0
15.243313,0,1,0,0,0,0,0,0,0
15.248152,0,0,0,0,0,1,0,0,1
15.248959,0,0,0,1,0,0,1,0,0
15.265924,1,0,0,0,0,0,0,0,0
15.281836,0,0,1,0,1,0,0,1,0
15.299260,0,0,0,0,0,1,0,0,1
15.301219,0,0,0,1,0,0,1,0,0
15.308624,0,1,0,0,0,0,0,0,0
15.314134,1,0,0,0,0,0,0,0,0
15.338572,0,0,1,0,0,0,0,0,0
15.349946,0,0,0,1,1,0,1,1,0
15.350481,0,0,0,0,0,1,0,0,1
15.365005,1,0,0,0,1,0,0,1,0
15.369950,0,1,0,0,0,0,0,0,0
15.387399,0,0,1,0,0,0,0,0,0
15.394857,0,1,0,0,0,0,0,0,0
15.399484,0,0,0,1,0,0,1,0,0
15.402102,0,0,0,0,0,1,0,0,1
15.410444,1,0,0,0,1,0,0,1,0
15.433330,0,1,0,0,0,0,0,0,0
15.439160,0,0,1,0,0,0,0,0,0
15.450240,0,0,0,1,0,0,1,0,0
15.453779,0,0,0,0,0,1,0,0,1
15.461382,1,0,0,0,0,0,0,0,0
15.489452,0,0,1,0,0,0,0,0,0
15.499401,0,0,0,1,1,0,1,1,0
15.501623,0,0,0,0,0,1,0,0,1
15.517402,1,0,0,0,1,0,0,1,0
15.524844,0,1,0,0,0,0,0,0,0
15.539787,0,0,1,0,0,0,0,0,0
15.546065,0,1,0,0,0,0,0,0,0
15.550660,0,0,0,1,0,0,1,0,0
15.551165,0,0,0,0,0,1,0,0,1
15.562881,1,0,0,0,1,0,0,1,0
15.590024,0,1,0,0,0,0,0,0,0
15.590328,0,0,1,0,0,0,0,0,0
15.597276,0,0,0,0,0,1,0,0,1
15.599790,0,0,0,1,0,0,1,0,0
15.616979,1,0,0,0,0,0,0,0,0
15.631609,0,0,1,0,1,0,0,1,0
15.649561,0,0,0,0,0,1,0,0,1
15.649927,0,0,0,1,0,0,1,0,0
15.656309,0,1,0,0,0,0,0,0,0
15.664362,1,0,0,0,1,0,0,1,0
15.686027,0,0,1,0,0,0,0,0,0
15.690670,0,1,0,0,0,0,0,0,0
15.698570,0,0,0,0,0,1,0,0,1
15.699405,0,0,0,1,0,0,1,0,0
15.714419,1,0,0,0,1,0,0,1,0
15.733854,0,0,1,0,0,0,0,0,0
15.738194,0,1,0,0,0,0,0,0,0
15.748136,0,0,0,0,0,1,0,0,1
15.750229,0,0,0,1,0,0,1,0,0
15.765983,1,0,0,0,1,0,0,1,0
15.785980,0,0,1,0,0,0,0,0,0
15.786889,0,1,0,0,0,0,0,0,0
15.799506,0,0,0,1,0,0,1,0,0
15.801333,0,0,0,0,0,1,0,0,1
15.816421,1,0,0,0,0,0,0,0,0
15.836311,0,0,1,0,1,0,0,1,0
15.849484,0,0,0,1,0,0,1,0,0
15.850441,0,0,0,0,0,1,0,0,1
15.857430,0,1,0,0,0,0,0,0,0
15.867695,1,0,0,0,1,0,0,1,0
15.882496,0,0,1,0,0,0,0,0,0
15.895953,0,1,0,0,0,0,0,0,0
15.900870,0,0,0,1,0,0,1,0,0
15.901743,0,0,0,0,0,1,0,0,1
15.911289,1,0,0,0,1,0,0,1,0
15.939703,0,1,0,0,0,0,0,0,0
15.941067,0,0,1,0,0,0,0,0,0
15.949963,0,0,0,0,0,1,0,0,1
15.951695,0,0,0,1,0,0,1,0,0
15.969888,1,0,0,0,1,0,0,1,0
15.985449,0,0,1,0,0,0,0,0,0
15.997593,0,1,0,0,0,0,0,0,0
16.000624,0,0,0,1,0,0,1,0,0
16.003364,0,0,0,0,0,1,0,0,1
16.014239,1,0,0,0,0,0,0,0,0
16.015936,0,0,0,0,1,0,0,1,0
16.041872,0,1,0,0,0,0,0,0,0
16.042466,0,0,1,0,0,0,0,0,0
16.048910,0,0,0,1,0,0,1,0,0
16.052137,0,0,0,0,0,1,0,0,1
16.065381,1,0,0,0,1,0,0,1,0
16.088400,0,1,0,0,0,0,0,0,0
16.090837,0,0,1,0,0,0,0,0,0
16.099131,0,0,0,1,0,0,1,0,0
16.099662,0,0,0,0,0,1,0,0,1
16.112636,1,0,0,0,0,0,0,0,0
16.125756,0,0,0,0,1,0,0,1,0
16.134808,0,0,1,0,0,0,0,0,0
16.147455,0,0,0,0,0,1,0,0,1
16.148202,0,0,0,1,0,0,1,0,0
16.151185,0,1,0,0,0,0,0,0,0
16.163690,1,0,0,0,1,0,0,1,0
16.182242,0,0,1,0,0,0,0,0,0
16.188782,0,1,0,0,0,0,0,0,0
16.200549,0,0,0,1,0,0,1,0,0
16.202750,0,0,0,0,0,1,0,0,1
16.215813,1,0,0,0,1,0,0,1,0
16.237416,0,0,1,0,0,0,0,0,0
16.239402,0,1,0,0,0,0,0,0,0
16.249754,0,0,0,1,0,0,1,0,0
16.250384,0,0,0,0,0,1,0,0,1
16.263714,1,0,0,0,1,0,0,1,0
16.284987,0,0,1,0,0,0,0,0,0
16.291106,0,1,0,0,0,0,0,0,0
16.297091,0,0,0,0,0,1,0,0,1
16.300771,0,0,0,1,0,0,1,0,0
16.313895,1,0,0,0,1,0,0,1,0
16.336758,0,0,1,0,0,0,0,0,0
16.341741,0,1,0,0,0,0,0,0,0
16.349922,0,0,0,1,0,0,1,0,0
16.350301,0,0,0,0,0,1,0,0,1
16.368746,1,0,0,0,0,0,0,0,0
16.386818,0,0,1,0,0,0,0,0,0
16.392799,0,0,0,0,1,0,0,1,0
16.398469,0,0,0,0,0,1,0,0,1
16.399569,0,0,0,1,0,0,1,0,0
16.415208,1,0,0,0,0,0,0,0,0
16.417125,0,0,0,0,1,0,0,1,0
16.419573,0,1,0,0,0,0,0,0,0
16.436191,0,0,1,0,0,0,0,0,0
16.442437,0,1,0,0,0,0,0,0,0
16.450333,0,0,0,1,0,0,1,0,0
16.451305,0,0,0,0,0,1,0,0,1
16.460622,1,0,0,0,0,0,0,0,0
16.489745,0,0,1,0,1,0,0,1,0
16.497367,0,0,0,0,0,1,0,0,1
16.498604,0,0,0,1,0,0,1,0,0
16.511225,0,1,0,0,0,0,0,0,0
16.516080,1,0,0,0,1,0,0,1,0
16.537184,0,0,1,0,0,0,0,0,0
16.537835,0,1,0,0,0,0,0,0,0
16.547833,0,0,0,0,0,1,0,0,1
16.549872,0,0,0,1,0,0,1,0,0
16.560403,1,0,0,0,1,0,0,1,0
16.580778,0,0,1,0,0,0,0,0,0
16.585645,0,1,0,0,0,0,0,0,0
16.596364,0,0,0,0,0,1,0,0,1
16.599651,0,0,0,1,0,0,1,0,0
16.615117,1,0,0,0,1,0,0,1,0
16.629948,0,0,1,0,0,0,0,0,0
16.642462,0,1,0,0,0,0,0,0,0
16.649680,0,0,0,0,0,1,0,0,1
16.650412,0,0,0,1,0,0,1,0,0
16.661987,1,0,0,0,1,0,0,1,0
16.686014,0,0,1,0,0,0,0,0,0
16.686557,0,1,0,0,0,0,0,0,0
16.701276,0,0,0,0,0,1,0,0,1
16.701682,0,0,0,1,0,0,1,0,0
16.714704,1,0,0,0,0,0,0,0,0
16.735774,0,0,0,0,1,0,0,1,0
16.739114,0,0,1,0,0,0,0,0,0
16.749526,0,0,0,0,0,1,0,0,1
16.750511,0,0,0,1,0,0,1,0,0
16.760476,0,1,0,0,0,0,0,0,0
16.767186,1,0,0,0,1,0,0,1,0
16.780506,0,0,1,0,0,0,0,0,0
16.794666,0,1,0,0,0,0,0,0,0
16.796093,0,0,0,0,0,1,0,0,1
16.800946,0,0,0,1,0,0,1,0,0
16.817733,1,0,0,0,0,0,0,0,0
16.832089,0,0,1,0,1,0,0,1,0
16.850286,0,0,0,1,0,0,1,0,0
16.850480,0,0,0,0,0,1,0,0,1
16.853309,0,1,0,0,0,0,0,0,0
16.868016,1,0,0,0,0,0,0,0,0
16.873502,0,0,0,0,1,0,0,1,0
16.889308,0,0,1,0,0,0,0,0,0
16.894655,0,1,0,0,0,0,0,0,0
16.899831,0,0,0,1,0,0,1,0,0
16.901119,0,0,0,0,0,1,0,0,1
16.913489,1,0,0,0,1,0,0,1,0
16.935170,0,0,1,0,0,0,0,0,0
16.942698,0,1,0,0,0,0,0,0,0
16.946005,0,0,0,0,0,1,0,0,1
16.950492,0,0,0,1,0,0,1,0,0
16.967473,1,0,0,0,0,0,0,0,0
16.970545,0,0,0,0,1,0,0,1,0
16.983559,0,0,1,0,0,0,0,0,0
16.999273,0,1,0,0,0,0,0,0,0
16.999325,0,0,0,0,0,1,0,0,1
16.999870,0,0,0,1,0,0,1,0,0
17.015748,1,0,0,0,1,0,0,1,0
17.037693,0,0,1,0,0,0,0,0,0
17.042289,0,1,0,0,0,0,0,0,0
17.049602,0,0,0,0,0,1,0,0,1
17.050919,0,0,0,1,0,0,1,0,0
17.066764,1,0,0,0,1,0,0,1,0
17.088232,0,0,1,0,0,0,0,0,0
17.092594,0,1,0,0,0,0,0,0,0
17.099368,0,0,0,1,0,0,1,0,0
17.102177,0,0,0,0,0,1,0,0,1
17.114375,1,0,0,0,1,0,0,1,0
17.139567,0,1,0,0,0,0,0,0,0
17.140516,0,0,1,0,0,0,0,0,0
17.146232,0,0,0,0,0,1,0,0,1
17.150335,0,0,0,1,0,0,1,0,0
17.167990,1,0,0,0,0,0,0,0,0
17.170734,0,0,0,0,1,0,0,1,0
17.176443,0,0,1,0,0,0,0,0,0
17.194101,0,1,0,0,0,0,0,0,0
17.197037,0,0,0,0,0,1,0,0,1
17.200011,0,0,0,1,0,0,1,0,0
17.217035,1,0,0,0,0,0,0,0,0
17.234987,0,0,1,0,0,0,0,0,0
17.248246,0,0,0,0,0,1,0,0,1
17.249379,0,0,0,0,1,0,0,1,0
17.250575,0,0,0,1,0,0,1,0,0
17.269900,0,1,0,0,0,0,0,0,0
17.270363,1,0,0,0,1,0,0,1,0
17.278467,0,0,1,0,0,0,0,0,0
17.290374,0,1,0,0,0,0,0,0,0
17.300096,0,0,0,0,0,1,0,0,1
17.301228,0,0,0,1,0,0,1,0,0
17.316666,1,0,0,0,0,0,0,0,0
17.332644,0,0,1,0,0,0,0,0,0
17.349884,0,0,0,1,0,0,1,0,0
17.352905,0,0,0,0,1,1,0,1,1
17.366627,1,0,0,0,0,0,0,0,0
17.378589,0,1,0,0,1,0,0,1,0
17.383455,0,0,1,0,0,0,0,0,0
17.399473,0,1,0,0,0,0,0,0,0
17.400829,0,0,0,1,0,0,1,0,0
17.402189,0,0,0,0,0,1,0,0,1
17.414050,1,0,0,0,0,0,0,0,0
17.435749,0,0,1,0,1,0,0,1,0
17.446146,0,0,0,0,0,1,0,0,1
17.450455,0,0,0,1,0,0,1,0,0
17.458641,0,1,0,0,0,0,0,0,0
17.463656,1,0,0,0,0,0,0,0,0
17.467075,0,0,0,0,1,0,0,1,0
17.481444,0,0,1,0,0,0,0,0,0
17.493083,0,1,0,0,0,0,0,0,0
17.500860,0,0,0,1,0,0,1,0,0
17.502582,0,0,0,0,0,1,0,0,1
17.511003,1,0,0,0,0,0,0,0,0
17.519827,0,0,0,0,1,0,0,1,0
17.537479,0,0,1,0,0,0,0,0,0
17.542119,0,1,0,0,0,0,0,0,0
17.547218,0,0,0,0,0,1,0,0,1
17.549956,0,0,0,1,0,0,1,0,0
17.563044,1,0,0,0,0,0,0,0,0
17.564320,0,0,0,0,1,0,0,1,0
17.584203,0,0,1,0,0,0,0,0,0
17.591946,0,1,0,0,0,0,0,0,0
17.599611,0,0,0,1,0,0,1,0,0
17.602399,0,0,0,0,0,1,0,0,1
17.611924,1,0,0,0,0,0,0,0,0
17.641310,0,0,1,0,0,0,0,0,0
17.648516,0,0,0,0,1,1,0,1,1
17.651072,0,0,0,1,0,0,1,0,0
17.668938,1,0,0,0,1,0,0,1,0
17.677792,0,1,0,0,0,0,0,0,0
17.685944,0,0,1,0,0,0,0,0,0
17.690273,0,1,0,0,0,0,0,0,0
17.700232,0,0,0,1,0,0,1,0,0
17.700374,0,0,0,0,0,1,0,0,1
17.716506,1,0,0,0,1,0,0,1,0
17.739881,0,0,1,0,0,0,0,0,0
17.740669,0,1,0,0,0,0,0,0,0
17.749121,0,0,0,0,0,1,0,0,1
17.749295,0,0,0,1,0,0,1,0,0
17.761782,1,0,0,0,0,0,0,0,0
17.787524,0,0,1,0,1,0,0,1,0
17.801031,0,0,0,1,0,0,1,0,0
17.801672,0,0,0,0,0,1,0,0,1
17.808006,0,1,0,0,0,0,0,0,0
17.817064,1,0,0,0,0,0,0,0,0
17.833916,0,0,1,0,1,0,0,1,0
17.848149,0,0,0,0,0,1,0,0,1
17.851504,0,0,0,1,0,0,1,0,0
17.857254,0,1,0,0,0,0,0,0,0
17.866704,1,0,0,0,0,0,0,0,0
17.886560,0,0,1,0,1,0,0,1,0
17.899477,0,0,0,0,0,1,0,0,1
17.899987,0,0,0,1,0,0,1,0,0
17.907881,0,1,0,0,0,0,0,0,0
17.910477,1,0,0,0,1,0,0,1,0
17.931738,0,1,0,0,0,0,0,0,0
17.932654,0,0,1,0,0,0,0,0,0
17.950141,0,0,0,1,0,0,1,0,0
17.952390,0,0,0,0,0,1,0,0,1
17.964029,1,0,0,0,0,0,0,0,0
17.990495,0,0,1,0,0,0,0,0,0
17.998211,0,0,0,0,0,1,0,0,1
17.998809,0,0,0,1,0,0,1,0,0
18.009278,1,0,0,0,0,0,0,0,0
18.031922,0,0,0,0,1,0,0,1,0
18.033238,0,0,0,0,1,0,0,1,0
18.035138,0,0,1,0,0,0,0,0,0
18.050527,0,0,0,1,0,0,1,0,0
18.053505,0,0,0,0,0,1,0,0,1
18.058590,0,1,0,0,0,0,0,0,0
18.061224,0,1,0,0,0,0,0,0,0
18.068179,1,0,0,0,1,0,0,1,0
18.089219,0,1,0,0,0,0,0,0,0
18.089885,0,0,1,0,0,0,0,0,0
18.100236,0,0,0,1,0,0,1,0,0
18.101628,0,0,0,0,0,1,0,0,1
18.112710,1,0,0,0,1,0,0,1,0
18.135975,0,1,0,0,0,0,0,0,0
18.137584,0,0,1,0,0,0,0,0,0
18.148246,0,0,0,0,0,1,0,0,1
18.149211,0,0,0,1,0,0,1,0,0
18.165446,1,0,0,0,1,0,0,1,0
18.185475,0,0,1,0,0,0,0,0,0
18.186961,0,1,0,0,0,0,0,0,0
18.201488,0,0,0,1,0,0,1,0,0
18.202624,0,0,0,0,0,1,0,0,1
18.213135,1,0,0,0,0,0,0,0,0
18.227435,0,0,0,0,1,0,0,1,0
18.235553,0,0,1,0,0,0,0,0,0
18.250342,0,1,0,0,0,0,0,0,0
18.251098,0,0,0,1,0,0,1,0,0
18.252865,0,0,0,0,0,1,0,0,1
18.261339,1,0,0,0,1,0,0,1,0
18.282912,0,1,0,0,0,0,0,0,0
18.283342,0,0,1,0,0,0,0,0,0
18.297833,0,0,0,0,0,1,0,0,1
18.300319,0,0,0,1,0,0,1,0,0
18.313565,1,0,0,0,0,0,0,0,0
18.329562,0,0,1,0,0,0,0,0,0
18.349417,0,0,0,0,0,1,0,0,1
18.349696,0,0,0,1,0,0,1,0,0
18.369111,1,0,0,0,0,0,0,0,0
18.379442,0,0,1,0,0,0,0,0,0
18.400256,0,0,0,0,1,1,0,1,1
18.400637,0,0,0,0,1,0,0,1,0
18.401017,0,0,0,1,0,0,1,0,0
18.420945,1,0,0,0,1,0,0,1,0
18.421684,0,1,0,0,0,0,0,0,0
18.427873,0,1,0,0,0,0,0,0,0
18.439113,0,0,1,0,0,0,0,0,0
18.444880,0,1,0,0,0,0,0,0,0
18.449618,0,0,0,1,0,0,1,0,0
18.450522,0,0,0,0,0,1,0,0,1
18.463485,1,0,0,0,1,0,0,1,0
18.486308,0,1,0,0,0,0,0,0,0
18.489762,0,0,1,0,0,0,0,0,0
18.499062,0,0,0,1,0,0,1,0,0
18.501338,0,0,0,0,0,1,0,0,1
18.515342,1,0,0,0,0,0,0,0,0
18.520789,0,0,0,0,1,0,0,1,0
18.538611,0,0,1,0,0,0,0,0,0
18.548980,0,0,0,0,0,1,0,0,1
18.549443,0,1,0,0,0,0,0,0,0
18.551010,0,0,0,1,0,0,1,0,0
18.564573,1,0,0,0,1,0,0,1,0
18.586753,0,0,1,0,0,0,0,0,0
18.588626,0,1,0,0,0,0,0,0,0
18.601158,0,0,0,1,0,0,1,0,0
18.603791,0,0,0,0,0,1,0,0,1
18.619030,1,0,0,0,1,0,0,1,0
18.641007,0,0,1,0,0,0,0,0,0
18.642182,0,1,0,0,0,0,0,0,0
18.650352,0,0,0,1,0,0,1,0,0
18.651121,0,0,0,0,0,1,0,0,1
18.664161,1,0,0,0,1,0,0,1,0
18.681130,0,0,1,0,0,0,0,0,0
18.688404,0,1,0,0,0,0,0,0,0
18.700057,0,0,0,1,0,0,1,0,0
18.700331,0,0,0,0,0,1,0,0,1
18.719866,1,0,0,0,0,0,0,0,0
18.727958,0,0,0,0,1,0,0,1,0
18.731181,0,0,1,0,0,0,0,0,0
18.750711,0,0,0,1,0,0,1,0,0
18.752010,0,0,0,0,0,1,0,0,1
18.753629,0,1,0,0,0,0,0,0,0
18.766631,1,0,0,0,0,0,0,0,0
18.790742,0,0,1,0,0,0,0,0,0
18.799552,0,0,0,1,0,0,1,0,0
18.801104,0,0,0,0,1,1,0,1,1
18.812494,1,0,0,0,0,0,0,0,0
18.825910,0,1,0,0,0,0,0,0,0
18.835085,0,0,1,0,0,0,0,0,0
18.848352,0,0,0,1,0,0,1,0,0
18.850507,0,0,0,0,1,0,0,1,0
18.853784,0,0,0,0,0,1,0,0,1
18.865820,1,0,0,0,1,0,0,1,0
18.871278,0,1,0,0,0,0,0,0,0
18.885902,0,1,0,0,0,0,0,0,0
18.892221,0,0,1,0,0,0,0,0,0
18.896898,0,0,0,0,0,1,0,0,1
18.900674,0,0,0,1,0,0,1,0,0
18.916296,1,0,0,0,1,0,0,1,0
18.935596,0,0,1,0,0,0,0,0,0
18.945260,0,1,0,0,0,0,0,0,0
18.949227,0,0,0,0,0,1,0,0,1
18.951369,0,0,0,1,0,0,1,0,0
18.968361,1,0,0,0,0,0,0,0,0
18.987294,0,0,1,0,0,0,0,0,0
18.998494,0,0,0,1,0,0,1,0,0
19.001495,0,0,0,0,1,0,0,1,0
19.002510,0,0,0,0,0,1,0,0,1
19.017725,1,0,0,0,1,0,0,1,0
19.022617,0,1,0,0,0,0,0,0,0
19.039752,0,0,1,0,0,0,0,0,0
19.043406,0,1,0,0,0,0,0,0,0
19.046825,0,0,0,0,0,1,0,0,1
19.048276,0,0,0,1,0,0,1,0,0
19.066814,1,0,0,0,0,0,0,0,0
19.080270,0,0,0,0,1,0,0,1,0
19.083190,0,0,1,0,0,0,0,0,0
19.100019,0,0,0,0,0,1,0,0,1
19.101537,0,0,0,1,0,0,1,0,0
19.104980,0,1,0,0,0,0,0,0,0
19.113830,1,0,0,0,0,0,0,0,0
19.137116,0,0,1,0,1,0,0,1,0
19.147454,0,0,0,0,0,1,0,0,1
19.149361,0,0,0,1,0,0,1,0,0
19.160727,1,0,0,0,1,0,0,1,0
19.163954,0,1,0,0,0,0,0,0,0
19.182180,0,1,0,0,0,0,0,0,0
19.185829,0,0,1,0,0,0,0,0,0
19.197328,0,0,0,0,0,1,0,0,1
19.199966,0,0,0,1,0,0,1,0,0
19.219102,1,0,0,0,1,0,0,1,0
19.233078,0,0,1,0,0,0,0,0,0
19.239904,0,1,0,0,0,0,0,0,0
19.248642,0,0,0,1,0,0,1,0,0
19.251735,0,0,0,0,0,1,0,0,1
19.265238,1,0,0,0,0,0,0,0,0
19.287508,0,0,1,0,0,0,0,0,0
19.289822,0,0,0,0,1,0,0,1,0
19.300201,0,0,0,1,0,0,1,0,0
19.303107,0,0,0,0,0,1,0,0,1
19.310357,1,0,0,0,0,0,0,0,0
19.314580,0,1,0,0,0,0,0,0,0
19.342315,0,0,1,0,0,0,0,0,0
19.347662,0,0,0,0,0,1,0,0,1
19.349758,0,0,0,1,0,0,1,0,0
19.365225,1,0,0,0,0,0,0,0,0
19.378406,0,0,1,0,0,0,0,0,0
19.400445,0,0,0,0,0,1,0,0,1
19.400954,0,0,0,1,1,0,1,1,0
19.415764,1,0,0,0,0,0,0,0,0
19.429778,0,1,0,0,0,0,0,0,0
19.438351,0,0,1,0,0,0,0,0,0
19.449188,0,0,0,1,0,0,1,0,0
19.449557,0,0,0,0,1,1,0,1,1
19.464039,1,0,0,0,0,0,0,0,0
19.469647,0,1,0,0,0,0,0,0,0
19.488543,0,0,1,0,1,0,0,1,0
19.496593,0,0,0,0,1,1,0,1,1
19.498993,0,0,0,1,0,0,1,0,0
19.510036,0,1,0,0,0,0,0,0,0
19.512411,1,0,0,0,0,0,0,0,0
19.519073,0,1,0,0,0,0,0,0,0
19.529594,0,0,0,0,1,0,0,1,0
19.533560,0,0,1,0,0,0,0,0,0
19.548876,0,0,0,0,0,1,0,0,1
19.551023,0,0,0,1,0,0,1,0,0
19.555638,0,1,0,0,0,0,0,0,0
19.563016,1,0,0,0,1,0,0,1,0
19.583583,0,1,0,0,0,0,0,0,0
19.588343,0,0,1,0,0,0,0,0,0
19.600486,0,0,0,1,0,0,1,0,0
19.602661,0,0,0,0,0,1,0,0,1
19.615521,1,0,0,0,1,0,0,1,0
19.636581,0,1,0,0,0,0,0,0,0
19.639587,0,0,1,0,0,0,0,0,0
19.650552,0,0,0,1,0,0,1,0,0
19.652805,0,0,0,0,0,1,0,0,1
19.670414,1,0,0,0,0,0,0,0,0
19.689665,0,0,1,0,1,0,0,1,0
19.700963,0,0,0,1,0,0,1,0,0
19.702577,0,0,0,0,0,1,0,0,1
19.710685,0,1,0,0,0,0,0,0,0
19.716987,1,0,0,0,1,0,0,1,0
19.739431,0,1,0,0,0,0,0,0,0
19.741599,0,0,1,0,0,0,0,0,0
19.748026,0,0,0,0,0,1,0,0,1
19.750742,0,0,0,1,0,0,1,0,0
19.768469,1,0,0,0,0,0,0,0,0
19.786867,0,0,1,0,1,0,0,1,0
19.799254,0,0,0,0,0,1,0,0,1
19.800700,0,0,0,1,0,0,1,0,0
19.808883,0,1,0,0,0,0,0,0,0
19.818490,1,0,0,0,0,0,0,0,0
19.820281,0,0,0,0,1,0,0,1,0
19.831166,0,0,1,0,0,0,0,0,0
19.842587,0,1,0,0,0,0,0,0,0
19.850148,0,0,0,0,0,1,0,0,1
19.850907,0,0,0,1,0,0,1,0,0
19.867381,1,0,0,0,1,0,0,1,0
19.883230,0,0,1,0,0,0,0,0,0
19.891546,0,1,0,0,0,0,0,0,0
19.897851,0,0,0,0,0,1,0,0,1
19.900442,0,0,0,1,0,0,1,0,0
19.910633,1,0,0,0,0,0,0,0,0
19.926177,0,0,0,0,1,0,0,1,0
19.932377,0,0,1,0,0,0,0,0,0
19.950266,0,0,0,1,0,0,1,0,0
19.950298,0,1,0,0,0,0,0,0,0
19.952844,0,0,0,0,0,1,0,0,1
19.966112,1,0,0,0,0,0,0,0,0
19.989201,0,0,1,0,1,0,0,1,0
19.997492,0,0,0,0,0,1,0,0,1
20.000385,0,0,0,1,0,0,1,0,0
20.013098,0,1,0,0,0,0,0,0,0
20.014447,1,0,0,0,1,0,0,1,0
20.037093,0,0,1,0,0,0,0,0,0
20.043556,0,1,0,0,0,0,0,0,0
20.050260,0,0,0,1,0,0,1,0,0
20.050736,0,0,0,0,0,1,0,0,1
20.068389,1,0,0,0,0,0,0,0,0
20.087257,0,0,1,0,1,0,0,1,0
20.099025,0,0,0,1,0,0,1,0,0
20.103179,0,0,0,0,0,1,0,0,1
20.107435,0,1,0,0,0,0,0,0,0
20.109559,1,0,0,0,1,0,0,1,0
20.134163,0,1,0,0,0,0,0,0,0
20.142860,0,0,1,0,0,0,0,0,0
20.149539,0,0,0,0,0,1,0,0,1
20.150008,0,0,0,1,0,0,1,0,0
20.163976,1,0,0,0,1,0,0,1,0
20.184303,0,1,0,0,0,0,0,0,0
20.187280,0,0,1,0,0,0,0,0,0
20.199973,0,0,0,1,0,0,1,0,0
20.201209,0,0,0,0,0,1,0,0,1
20.216939,1,0,0,0,1,0,0,1,0
20.235893,0,0,1,0,0,0,0,0,0
20.237969,0,1,0,0,0,0,0,0,0
20.247190,0,0,0,0,0,1,0,0,1
20.249912,0,0,0,1,0,0,1,0,0
20.262628,1,0,0,0,1,0,0,1,0
20.285113,0,1,0,0,0,0,0,0,0
20.285357,0,0,1,0,0,0,0,0,0
20.300305,0,0,0,1,0,0,1,0,0
20.303288,0,0,0,0,0,1,0,0,1
20.311474,1,0,0,0,1,0,0,1,0
20.332252,0,1,0,0,0,0,0,0,0
20.341279,0,0,1,0,0,0,0,0,0
20.348380,0,0,0,0,0,1,0,0,1
20.351739,0,0,0,1,0,0,1,0,0
20.363340,1,0,0,0,1,0,0,1,0
20.385028,0,0,1,0,0,0,0,0,0
20.388074,0,1,0,0,0,0,0,0,0
20.400844,0,0,0,0,0,1,0,0,1
20.401431,0,0,0,1,0,0,1,0,0
20.414793,1,0,0,0,0,0,0,0,0
20.436528,0,0,1,0,0,0,0,0,0
20.445979,0,0,0,0,1,0,0,1,0
20.449254,0,0,0,1,0,0,1,0,0
20.450713,0,0,0,0,0,1,0,0,1
20.469182,1,0,0,0,1,0,0,1,0
20.475281,0,1,0,0,0,0,0,0,0
20.486851,0,0,1,0,0,0,0,0,0
20.490746,0,1,0,0,0,0,0,0,0
20.496141,0,0,0,0,0,1,0,0,1
20.501332,0,0,0,1,0,0,1,0,0
20.512547,1,0,0,0,1,0,0,1,0
20.535899,0,0,1,0,0,0,0,0,0
20.536073,0,1,0,0,0,0,0,0,0
20.550075,0,0,0,0,0,1,0,0,1
20.550400,0,0,0,1,0,0,1,0,0
20.562429,1,0,0,0,0,0,0,0,0
20.588200,0,0,1,0,1,0,0,1,0
20.600305,0,0,0,1,0,0,1,0,0
20.600495,0,0,0,0,0,1,0,0,1
20.609158,0,1,0,0,0,0,0,0,0
20.616128,1,0,0,0,1,0,0,1,0
20.636856,0,0,1,0,0,0,0,0,0
20.645439,0,1,0,0,0,0,0,0,0
20.651666,0,0,0,1,0,0,1,0,0
20.653275,0,0,0,0,0,1,0,0,1
20.664986,1,0,0,0,1,0,0,1,0
20.686304,0,0,1,0,0,0,0,0,0
20.693016,0,1,0,0,0,0,0,0,0
20.698676,0,0,0,1,0,0,1,0,0
20.701892,0,0,0,0,0,1,0,0,1
20.711151,1,0,0,0,0,0,0,0,0
20.740203,0,0,1,0,0,0,0,0,0
20.747611,0,0,0,0,1,0,0,1,0
20.749924,0,0,0,1,0,0,1,0,0
20.750574,0,0,0,0,0,1,0,0,1
20.765518,1,0,0,0,0,0,0,0,0
20.768809,0,1,0,0,0,0,0,0,0
20.783960,0,0,1,0,1,0,0,1,0
20.797482,0,0,0,0,0,1,0,0,1
20.799179,0,0,0,1,0,0,1,0,0
20.807394,0,1,0,0,0,0,0,0,0
20.814920,1,0,0,0,1,0,0,1,0
20.828637,0,0,1,0,0,0,0,0,0
20.840111,0,1,0,0,0,0,0,0,0
20.847228,0,0,0,0,0,1,0,0,1
20.850702,0,0,0,1,0,0,1,0,0
20.861462,1,0,0,0,0,0,0,0,0
20.869257,0,0,0,0,1,0,0,1,0
20.884215,0,0,1,0,0,0,0,0,0
20.890509,0,1,0,0,0,0,0,0,0
20.900378,0,0,0,0,0,1,0,0,1
20.901242,0,0,0,1,0,0,1,0,0
20.912228,1,0,0,0,0,0,0,0,0
20.935230,0,0,1,0,1,0,0,1,0
20.946950,0,0,0,0,0,1,0,0,1
20.949903,0,0,0,1,0,0,1,0,0
20.957925,0,1,0,0,0,0,0,0,0
20.965119,1,0,0,0,0,0,0,0,0
20.979461,0,0,1,0,0,0,0,0,0
21.000510,0,0,0,1,1,0,1,1,0
21.003763,0,0,0,0,0,1,0,0,1
21.017894,1,0,0,0,0,0,0,0,0
21.023442,0,0,0,0,1,0,0,1,0
21.029447,0,1,0,0,0,0,0,0,0
21.037673,0,0,1,0,0,0,0,0,0
21.051579,0,1,0,0,0,0,0,0,0
21.051729,0,0,0,1,0,0,1,0,0
21.052220,0,0,0,0,0,1,0,0,1
21.063673,1,0,0,0,0,0,0,0,0
21.085018,0,0,1,0,0,0,0,0,0
21.096100,0,0,0,0,1,0,0,1,0
21.098715,0,0,0,0,0,1,0,0,1
21.098746,0,0,0,1,0,0,1,0,0
21.118013,1,0,0,0,1,0,0,1,0
21.119066,0,1,0,0,0,0,0,0,0
21.135596,0,0,1,0,0,0,0,0,0
21.144095,0,1,0,0,0,0,0,0,0
21.148223,0,0,0,0,0,1,0,0,1
21.150167,0,0,0,1,0,0,1,0,0
21.162563,1,0,0,0,1,0,0,1,0
21.187613,0,0,1,0,0,0,0,0,0
21.188902,0,1,0,0,0,0,0,0,0
21.197817,0,0,0,0,0,1,0,0,1
21.198754,0,0,0,1,0,0,1,0,0
21.216066,1,0,0,0,0,0,0,0,0
21.237102,0,0,1,0,1,0,0,1,0
21.250049,0,0,0,1,0,0,1,0,0
21.250357,0,0,0,0,0,1,0,0,1
21.259433,0,1,0,0,0,0,0,0,0
21.262332,1,0,0,0,0,0,0,0,0
21.284025,0,0,1,0,1,0,0,1,0
21.301524,0,0,0,1,0,0,1,0,0
21.303132,0,0,0,0,0,1,0,0,1
21.306809,0,1,0,0,0,0,0,0,0
21.317309,1,0,0,0,0,0,0,0,0
21.340893,0,0,1,0,1,0,0,1,0
21.349675,0,0,0,1,0,0,1,0,0
21.351386,0,0,0,0,0,1,0,0,1
21.361979,1,0,0,0,0,0,0,0,0
21.362033,0,0,0,0,1,0,0,1,0
21.362087,0,1,0,0,0,0,0,0,0
21.384125,0,0,1,0,0,0,0,0,0
21.389716,0,1,0,0,0,0,0,0,0
21.399157,0,0,0,0,0,1,0,0,1
21.399442,0,0,0,1,0,0,1,0,0
21.416304,1,0,0,0,0,0,0,0,0
21.426878,0,0,0,0,1,0,0,1,0
21.438051,0,0,1,0,0,0,0,0,0
21.447116,0,0,0,0,0,1,0,0,1
21.450132,0,0,0,1,0,0,1,0,0
21.451862,0,1,0,0,0,0,0,0,0
21.463530,1,0,0,0,1,0,0,1,0
21.482518,0,0,1,0,0,0,0,0,0
21.484857,0,1,0,0,0,0,0,0,0
21.498838,0,0,0,0,0,1,0,0,1
21.499304,0,0,0,1,0,0,1,0,0
21.515313,1,0,0,0,0,0,0,0,0
21.528852,0,0,1,0,1,0,0,1,0
21.549679,0,1,0,0,0,0,0,0,0
21.550244,0,0,0,1,0,0,1,0,0
21.553664,0,0,0,0,0,1,0,0,1
21.562582,1,0,0,0,0,0,0,0,0
21.584452,0,0,1,0,0,0,0,0,0
21.600502,0,0,0,1,0,0,1,0,0
21.601805,0,0,0,0,1,1,0,1,1
21.613058,1,0,0,0,1,0,0,1,0
21.628949,0,1,0,0,0,0,0,0,0
21.634204,0,0,1,0,0,0,0,0,0
21.637958,0,1,0,0,0,0,0,0,0
21.646307,0,0,0,0,0,1,0,0,1
21.648688,0,0,0,1,0,0,1,0,0
21.660379,1,0,0,0,1,0,0,1,0
21.685795,0,0,1,0,0,0,0,0,0
21.688910,0,1,0,0,0,0,0,0,0
21.697557,0,0,0,0,0,1,0,0,1
21.699255,0,0,0,1,0,0,1,0,0
21.712678,1,0,0,0,0,0,0,0,0
21.723302,0,0,0,0,1,0,0,1,0
21.731386,0,0,1,0,0,0,0,0,0
21.749078,0,0,0,1,0,0,1,0,0
21.750018,0,0,0,0,0,1,0,0,1
21.750785,0,1,0,0,0,0,0,0,0
21.766514,1,0,0,0,0,0,0,0,0
21.785521,0,0,1,0,1,0,0,1,0
21.797925,0,0,0,0,0,1,0,0,1
21.801225,0,0,0,1,0,0,1,0,0
21.810147,0,1,0,0,0,0,0,0,0
21.812992,1,0,0,0,1,0,0,1,0
21.828079,0,0,1,0,0,0,0,0,0
21.842669,0,1,0,0,0,0,0,0,0
21.848176,0,0,0,0,0,1,0,0,1
21.850692,0,0,0,1,0,0,1,0,0
21.863985,1,0,0,0,1,0,0,1,0
21.882130,0,0,1,0,0,0,0,0,0
21.885452,0,1,0,0,0,0,0,0,0
21.898356,0,0,0,1,0,0,1,0,0
21.899149,0,0,0,0,0,1,0,0,1
21.909471,1,0,0,0,1,0,0,1,0
21.930956,0,1,0,0,0,0,0,0,0
21.932339,0,0,1,0,0,0,0,0,0
21.949280,0,0,0,1,0,0,1,0,0
21.951007,0,0,0,0,0,1,0,0,1
21.966616,1,0,0,0,1,0,0,1,0
21.985393,0,0,1,0,0,0,0,0,0
21.986988,0,1,0,0,0,0,0,0,0
21.997416,0,0,0,0,0,1,0,0,1
22.000113,0,0,0,1,0,0,1,0,0
22.016828,1,0,0,0,1,0,0,1,0
22.028237,0,0,1,0,0,0,0,0,0
22.044923,0,1,0,0,0,0,0,0,0
22.049694,0,0,0,0,0,1,0,0,1
22.050332,0,0,0,1,0,0,1,0,0
22.063240,1,0,0,0,0,0,0,0,0
22.083439,0,0,1,0,1,0,0,1,0
22.100010,0,0,0,1,0,0,1,0,0
22.101756,0,0,0,0,0,1,0,0,1
22.108476,0,1,0,0,0,0,0,0,0
22.116881,1,0,0,0,1,0,0,1,0
22.134970,0,0,1,0,0,0,0,0,0
22.140075,0,1,0,0,0,0,0,0,0
22.149749,0,0,0,1,0,0,1,0,0
22.150453,0,0,0,0,0,1,0,0,1
22.162512,1,0,0,0,1,0,0,1,0
22.186932,0,0,1,0,0,0,0,0,0
22.190234,0,1,0,0,0,0,0,0,0
22.198419,0,0,0,1,0,0,1,0,0
22.200437,0,0,0,0,0,1,0,0,1
22.217370,1,0,0,0,1,0,0,1,0
22.234121,0,0,1,0,0,0,0,0,0
22.241670,0,1,0,0,0,0,0,0,0
22.250422,0,0,0,1,0,0,1,0,0
22.252437,0,0,0,0,0,1,0,0,1
22.267337,1,0,0,0,1,0,0,1,0
22.288324,0,0,1,0,0,0,0,0,0
22.292627,0,1,0,0,0,0,0,0,0
22.300626,0,0,0,1,0,0,1,0,0
22.301242,0,0,0,0,0,1,0,0,1
22.316271,1,0,0,0,1,0,0,1,0
22.340251,0,0,1,0,0,0,0,0,0
22.342610,0,1,0,0,0,0,0,0,0
22.346492,0,0,0,0,0,1,0,0,1
22.350940,0,0,0,1,0,0,1,0,0
22.367961,1,0,0,0,1,0,0,1,0
22.386155,0,0,1,0,0,0,0,0,0
22.394567,0,1,0,0,0,0,0,0,0
22.399126,0,0,0,1,0,0,1,0,0
22.399168,0,0,0,0,0,1,0,0,1
22.416264,1,0,0,0,1,0,0,1,0
22.436483,0,0,1,0,0,0,0,0,0
22.443309,0,1,0,0,0,0,0,0,0
22.448614,0,0,0,0,0,1,0,0,1
22.451316,0,0,0,1,0,0,1,0,0
22.461383,1,0,0,0,0,0,0,0,0
22.464980,0,0,0,0,1,0,0,1,0
22.481928,0,0,1,0,0,0,0,0,0
22.489203,0,1,0,0,0,0,0,0,0
22.500257,0,0,0,1,0,0,1,0,0
22.501262,0,0,0,0,0,1,0,0,1
22.515394,1,0,0,0,0,0,0,0,0
22.540001,0,0,1,0,1,0,0,1,0
22.549235,0,0,0,1,0,0,1,0,0
22.550885,0,0,0,0,0,1,0,0,1
22.562001,0,1,0,0,0,0,0,0,0
22.565668,1,0,0,0,0,0,0,0,0
22.568302,0,0,0,0,1,0,0,1,0
22.582673,0,0,1,0,0,0,0,0,0
22.588559,0,1,0,0,0,0,0,0,0
22.601419,0,0,0,0,0,1,0,0,1
22.601646,0,0,0,1,0,0,1,0,0
22.616067,1,0,0,0,0,0,0,0,0
22.640959,0,0,1,0,1,0,0,1,0
22.650137,0,0,0,0,0,1,0,0,1
22.651255,0,0,0,1,0,0,1,0,0
22.669317,1,0,0,0,0,0,0,0,0
22.670040,0,1,0,0,1,0,0,1,0
22.683364,0,0,1,0,0,0,0,0,0
22.691125,0,1,0,0,0,0,0,0,0
22.699646,0,0,0,1,0,0,1,0,0
22.699796,0,0,0,0,0,1,0,0,1
22.713930,1,0,0,0,1,0,0,1,0
22.737221,0,0,1,0,0,0,0,0,0
22.737999,0,1,0,0,0,0,0,0,0
22.749477,0,0,0,1,0,0,1,0,0
22.750999,0,0,0,0,0,1,0,0,1
22.762372,1,0,0,0,0,0,0,0,0
22.789662,0,0,1,0,0,0,0,0,0
22.798245,0,0,0,0,0,1,0,0,1
22.801615,0,0,0,1,1,0,1,1,0
22.817948,1,0,0,0,1,0,0,1,0
22.830359,0,1,0,0,0,0,0,0,0
22.837834,0,0,1,0,0,0,0,0,0
22.840566,0,1,0,0,0,0,0,0,0
22.850772,0,0,0,1,0,0,1,0,0
22.850933,0,0,0,0,0,1,0,0,1
22.864514,1,0,0,0,0,0,0,0,0
22.880687,0,0,0,0,1,0,0,1,0
22.886467,0,0,1,0,0,0,0,0,0
22.897445,0,0,0,0,0,1,0,0,1
22.899190,0,0,0,1,0,0,1,0,0
22.901933,0,1,0,0,0,0,0,0,0
22.913329,1,0,0,0,0,0,0,0,0
22.932878,0,0,1,0,0,0,0,0,0
22.949357,0,0,0,0,1,1,0,1,1
22.951519,0,0,0,1,0,0,1,0,0
22.965335,1,0,0,0,0,0,0,0,0
22.973238,0,1,0,0,1,0,0,1,0
22.987616,0,0,1,0,0,0,0,0,0
22.995615,0,1,0,0,0,0,0,0,0
22.998092,0,0,0,0,0,1,0,0,1
22.999500,0,0,0,1,0,0,1,0,0
23.016220,1,0,0,0,0,0,0,0,0
23.034220,0,0,1,0,1,0,0,1,0
23.050103,0,0,0,0,0,1,0,0,1
23.050318,0,0,0,1,0,0,1,0,0
23.062368,1,0,0,0,0,0,0,0,0
23.063784,0,1,0,0,1,0,0,1,0
23.083385,0,0,1,0,0,0,0,0,0
23.087326,0,1,0,0,0,0,0,0,0
23.099915,0,0,0,1,0,0,1,0,0
23.102944,0,0,0,0,0,1,0,0,1
23.116253,1,0,0,0,0,0,0,0,0
23.132093,0,0,0,0,1,0,0,1,0
23.140712,0,0,1,0,0,0,0,0,0
23.146084,0,0,0,0,0,1,0,0,1
23.150167,0,0,0,1,0,0,1,0,0
23.157314,0,1,0,0,0,0,0,0,0
23.163096,1,0,0,0,1,0,0,1,0
23.184444,0,0,1,0,0,0,0,0,0
23.185515,0,1,0,0,0,0,0,0,0
23.201560,0,0,0,1,0,0,1,0,0
23.202566,0,0,0,0,0,1,0,0,1
23.212561,1,0,0,0,1,0,0,1,0
23.233691,0,1,0,0,0,0,0,0,0
23.241630,0,0,1,0,0,0,0,0,0
23.250104,0,0,0,1,0,0,1,0,0
23.250842,0,0,0,0,0,1,0,0,1
23.265294,1,0,0,0,1,0,0,1,0
23.286197,0,1,0,0,0,0,0,0,0
23.287361,0,0,1,0,0,0,0,0,0
23.298519,0,0,0,0,0,1,0,0,1
23.300081,0,0,0,1,0,0,1,0,0
23.316528,1,0,0,0,0,0,0,0,0
23.336566,0,0,1,0,1,0,0,1,0
23.347618,0,0,0,0,0,1,0,0,1
23.351382,0,0,0,1,0,0,1,0,0
23.357255,0,1,0,0,0,0,0,0,0
23.364681,1,0,0,0,0,0,0,0,0
23.371598,0,0,0,0,1,0,0,1,0
23.380382,0,0,1,0,0,0,0,0,0
23.400542,0,1,0,0,0,0,0,0,0
23.400711,0,0,0,1,0,0,1,0,0
23.400986,0,0,0,0,0,1,0,0,1
23.412183,1,0,0,0,0,0,0,0,0
23.434366,0,0,1,0,0,0,0,0,0
23.439926,0,0,0,0,1,0,0,1,0
23.448074,0,0,0,1,0,0,1,0,0
23.448924,0,0,0,0,0,1,0,0,1
23.459131,1,0,0,0,0,0,0,0,0
23.460488,0,1,0,0,0,0,0,0,0
23.487190,0,0,1,0,0,0,0,0,0
23.497582,0,0,0,0,1,0,0,1,0
23.499872,0,0,0,1,0,0,1,0,0
23.500234,0,0,0,0,0,1,0,0,1
23.515563,1,0,0,0,0,0,0,0,0
23.519379,0,0,0,0,1,0,0,1,0
23.520833,0,1,0,0,0,0,0,0,0
23.537174,0,0,1,0,0,0,0,0,0
23.539967,0,1,0,0,0,0,0,0,0
23.547573,0,0,0,0,0,1,0,0,1
23.549576,0,0,0,1,0,0,1,0,0
23.563013,1,0,0,0,0,0,0,0,0
23.582227,0,0,1,0,0,0,0,0,0
23.599721,0,0,0,1,0,0,1,0,0
23.602470,0,0,0,0,0,1,0,0,1
23.613236,1,0,0,0,1,0,0,1,0
23.634223,0,1,0,0,1,0,0,1,0
23.640209,0,0,1,0,0,0,0,0,0
23.649349,0,0,0,1,0,0,1,0,0
23.651291,0,0,0,0,0,1,0,0,1
23.655533,0,1,0,0,0,0,0,0,0
23.664010,1,0,0,0,1,0,0,1,0
23.682975,0,0,1,0,0,0,0,0,0
23.688932,0,1,0,0,0,0,0,0,0
23.699859,0,0,0,0,0,1,0,0,1
23.700280,0,0,0,1,0,0,1,0,0
23.712684,1,0,0,0,1,0,0,1,0
23.733162,0,1,0,0,0,0,0,0,0
23.736438,0,0,1,0,0,0,0,0,0
23.748726,0,0,0,1,0,0,1,0,0
23.750017,0,0,0,0,0,1,0,0,1
23.762517,1,0,0,0,1,0,0,1,0
23.786622,0,1,0,0,0,0,0,0,0
23.789520,0,0,1,0,0,0,0,0,0
23.798637,0,0,0,1,0,0,1,0,0
23.800985,0,0,0,0,0,1,0,0,1
23.811828,1,0,0,0,0,0,0,0,0
23.825849,0,0,0,0,1,0,0,1,0
23.833263,0,0,1,0,0,0,0,0,0
23.849583,0,0,0,1,0,0,1,0,0
23.849909,0,1,0,0,0,0,0,0,0
23.853290,0,0,0,0,0,1,0,0,1
23.861705,1,0,0,0,1,0,0,1,0
23.891349,0,1,0,0,0,0,0,0,0
23.892771,0,0,1,0,0,0,0,0,0
23.897946,0,0,0,0,0,1,0,0,1
23.900219,0,0,0,1,0,0,1,0,0
23.919766,1,0,0,0,1,0,0,1,0
23.934009,0,0,1,0,0,0,0,0,0
23.942033,0,1,0,0,0,0,0,0,0
23.947967,0,0,0,0,0,1,0,0,1
23.951596,0,0,0,1,0,0,1,0,0
23.964819,1,0,0,0,0,0,0,0,0
23.982864,0,0,1,0,1,0,0,1,0
23.996644,0,0,0,0,0,1,0,0,1
24.000800,0,0,0,1,0,0,1,0,0
24.004210,0,1,0,0,0,0,0,0,0
24.018307,1,0,0,0,1,0,0,1,0
24.029976,0,0,1,0,0,0,0,0,0
24.044304,0,1,0,0,0,0,0,0,0
24.050282,0,0,0,0,0,1,0,0,1
24.050977,0,0,0,1,0,0,1,0,0
24.063966,1,0,0,0,1,0,0,1,0
24.085932,0,0,1,0,0,0,0,0,0
24.092406,0,1,0,0,0,0,0,0,0
24.101087,0,0,0,0,0,1,0,0,1
24.101430,0,0,0,1,0,0,1,0,0
24.112123,1,0,0,0,1,0,0,1,0
24.135438,0,0,1,0,0,0,0,0,0
24.137434,0,1,0,0,0,0,0,0,0
24.150676,0,0,0,1,0,0,1,0,0
24.153351,0,0,0,0,0,1,0,0,1
24.163285,1,0,0,0,0,0,0,0,0
24.190930,0,0,1,0,1,0,0,1,0
24.198628,0,0,0,1,0,0,1,0,0
24.198724,0,0,0,0,0,1,0,0,1
24.211672,1,0,0,0,1,0,0,1,0
24.215675,0,1,0,0,0,0,0,0,0
24.235574,0,0,1,0,0,0,0,0,0
24.237430,0,1,0,0,0,0,0,0,0
24.251210,0,0,0,1,0,0,1,0,0
24.253403,0,0,0,0,0,1,0,0,1
24.264557,1,0,0,0,0,0,0,0,0
24.289051,0,0,1,0,0,0,0,0,0
24.299443,0,0,0,0,1,1,0,1,1
24.300581,0,0,0,1,0,0,1,0,0
24.314386,1,0,0,0,1,0,0,1,0
24.320552,0,1,0,0,0,0,0,0,0
24.336989,0,1,0,0,0,0,0,0,0
24.337408,0,0,1,0,0,0,0,0,0
24.351033,0,0,0,1,0,0,1,0,0
24.353139,0,0,0,0,0,1,0,0,1
24.365655,1,0,0,0,0,0,0,0,0
24.390863,0,0,1,0,0,0,0,0,0
24.399650,0,0,0,1,1,0,1,1,0
24.400952,0,0,0,0,0,1,0,0,1
24.419294,1,0,0,0,0,0,0,0,0
24.421104,0,1,0,0,1,0,0,1,0
24.440072,0,0,1,0,0,0,0,0,0
24.448909,0,1,0,0,0,0,0,0,0
24.451578,0,0,0,1,0,0,1,0,0
24.451776,0,0,0,0,0,1,0,0,1
24.464651,1,0,0,0,1,0,0,1,0
24.483345,0,0,1,0,0,0,0,0,0
24.492741,0,1,0,0,0,0,0,0,0
24.499038,0,0,0,1,0,0,1,0,0
24.500346,0,0,0,0,0,1,0,0,1
24.511741,1,0,0,0,1,0,0,1,0
24.537234,0,1,0,0,0,0,0,0,0
24.537781,0,0,1,0,0,0,0,0,0
24.549436,0,0,0,1,0,0,1,0,0
24.552134,0,0,0,0,0,1,0,0,1
24.563744,1,0,0,0,1,0,0,1,0
24.590423,0,1,0,0,0,0,0,0,0
24.591554,0,0,1,0,0,0,0,0,0
24.599204,0,0,0,0,0,1,0,0,1
24.600665,0,0,0,1,0,0,1,0,0
24.610942,1,0,0,0,1,0,0,1,0
24.637801,0,1,0,0,0,0,0,0,0
24.637881,0,0,1,0,0,0,0,0,0
24.648251,0,0,0,0,0,1,0,0,1
24.649992,0,0,0,1,0,0,1,0,0
24.666221,1,0,0,0,1,0,0,1,0
24.686984,0,0,1,0,0,0,0,0,0
24.694273,0,1,0,0,0,0,0,0,0
24.700087,0,0,0,1,0,0,1,0,0
24.700678,0,0,0,0,0,1,0,0,1
24.713316,1,0,0,0,1,0,0,1,0
24.731878,0,0,1,0,0,0,0,0,0
24.736226,0,1,0,0,0,0,0,0,0
24.747357,0,0,0,0,0,1,0,0,1
24.750411,0,0,0,1,0,0,1,0,0
24.763319,1,0,0,0,1,0,0,1,0
24.780055,0,0,1,0,0,0,0,0,0
24.790253,0,1,0,0,0,0,0,0,0
24.799902,0,0,0,1,0,0,1,0,0
24.801155,0,0,0,0,0,1,0,0,1
24.818639,1,0,0,0,1,0,0,1,0
24.839396,0,0,1,0,0,0,0,0,0
24.847667,0,1,0,0,0,0,0,0,0
24.850012,0,0,0,0,0,1,0,0,1
24.850425,0,0,0,1,0,0,1,0,0
24.863137,1,0,0,0,1,0,0,1,0
24.886028,0,1,0,0,0,0,0,0,0
24.886386,0,0,1,0,0,0,0,0,0
24.900493,0,0,0,1,0,0,1,0,0
24.902482,0,0,0,0,0,1,0,0,1
24.916880,1,0,0,0,0,0,0,0,0
24.919868,0,0,0,0,1,0,0,1,0
24.936120,0,0,1,0,0,0,0,0,0
24.940594,0,1,0,0,0,0,0,0,0
24.949951,0,0,0,0,0,1,0,0,1
24.951235,0,0,0,1,0,0,1,0,0
24.966904,1,0,0,0,0,0,0,0,0
24.970330,0,0,0,0,1,0,0,1,0
24.988290,0,0,1,0,0,0,0,0,0
24.994970,0,1,0,0,0,0,0,0,0
24.996319,0,0,0,0,0,1,0,0,1
24.998908,0,0,0,1,0,0,1,0,0
25.008935,1,0,0,0,0,0,0,0,0
25.028618,0,0,1,0,1,0,0,1,0
25.051173,0,0,0,1,0,0,1,0,0
25.051929,0,0,0,0,0,1,0,0,1
25.057613,0,1,0,0,0,0,0,0,0
25.065182,1,0,0,0,0,0,0,0,0
25.081566,0,0,0,0,1,0,0,1,0
25.086761,0,0,1,0,0,0,0,0,0
25.099899,0,0,0,0,0,1,0,0,1
25.100417,0,0,0,1,0,0,1,0,0
25.108639,0,1,0,0,0,0,0,0,0
25.112472,1,0,0,0,1,0,0,1,0
25.137452,0,0,1,0,0,0,0,0,0
25.139619,0,1,0,0,0,0,0,0,0
25.147705,0,0,0,0,0,1,0,0,1
25.150817,0,0,0,1,0,0,1,0,0
25.165085,1,0,0,0,1,0,0,1,0
25.182080,0,0,1,0,0,0,0,0,0
25.190450,0,1,0,0,0,0,0,0,0
25.196357,0,0,0,0,0,1,0,0,1
25.201850,0,0,0,1,0,0,1,0,0
25.214431,1,0,0,0,1,0,0,1,0
25.233742,0,0,1,0,0,0,0,0,0
25.240233,0,1,0,0,0,0,0,0,0
25.246587,0,0,0,0,0,1,0,0,1
25.250921,0,0,0,1,0,0,1,0,0
25.261096,1,0,0,0,1,0,0,1,0
25.279567,0,0,1,0,0,0,0,0,0
25.283231,0,1,0,0,0,0,0,0,0
25.300774,0,0,0,1,0,0,1,0,0
25.303593,0,0,0,0,0,1,0,0,1
25.315969,1,0,0,0,0,0,0,0,0
25.342005,0,0,1,0,0,0,0,0,0
25.351439,0,0,0,1,1,0,1,1,0
25.352421,0,0,0,0,0,1,0,0,1
25.365813,1,0,0,0,0,0,0,0,0
25.376833,0,0,0,0,1,0,0,1,0
25.378099,0,1,0,0,0,0,0,0,0
25.390566,0,0,1,0,0,0,0,0,0
25.399567,0,0,0,1,0,0,1,0,0
25.400907,0,0,0,0,0,1,0,0,1
25.406320,0,1,0,0,0,0,0,0,0
25.418512,1,0,0,0,0,0,0,0,0
25.421801,0,0,0,0,1,0,0,1,0
25.435301,0,0,1,0,0,0,0,0,0
25.447293,0,1,0,0,0,0,0,0,0
25.448548,0,0,0,1,0,0,1,0,0
25.449705,0,0,0,0,0,1,0,0,1
25.464896,1,0,0,0,0,0,0,0,0
25.476635,0,0,0,0,1,0,0,1,0
25.482722,0,0,1,0,0,0,0,0,0
25.497242,0,1,0,0,0,0,0,0,0
25.499129,0,0,0,0,0,1,0,0,1
25.499518,0,0,0,1,0,0,1,0,0
25.512297,1,0,0,0,1,0,0,1,0
25.537198,0,1,0,0,0,0,0,0,0
25.538392,0,0,1,0,0,0,0,0,0
25.547976,0,0,0,0,0,1,0,0,1
25.549825,0,0,0,1,0,0,1,0,0
25.569392,1,0,0,0,0,0,0,0,0
25.575353,0,0,0,0,1,0,0,1,0
25.582712,0,0,1,0,0,0,0,0,0
25.597103,0,0,0,0,0,1,0,0,1
25.598011,0,1,0,0,0,0,0,0,0
25.599556,0,0,0,1,0,0,1,0,0
25.612710,1,0,0,0,0,0,0,0,0
25.636268,0,0,1,0,0,0,0,0,0
25.642608,0,0,0,0,1,0,0,1,0
25.649463,0,0,0,1,0,0,1,0,0
25.653754,0,0,0,0,0,1,0,0,1
25.665500,0,1,0,0,0,0,0,0,0
25.666827,1,0,0,0,1,0,0,1,0
25.688181,0,1,0,0,0,0,0,0,0
25.693108,0,0,1,0,0,0,0,0,0
25.700867,0,0,0,1,0,0,1,0,0
25.702782,0,0,0,0,0,1,0,0,1
25.713226,1,0,0,0,0,0,0,0,0
25.736096,0,0,1,0,1,0,0,1,0
25.749213,0,0,0,1,0,0,1,0,0
25.750542,0,0,0,0,0,1,0,0,1
25.762702,1,0,0,0,1,0,0,1,0
25.765019,0,1,0,0,0,0,0,0,0
25.789661,0,0,1,0,0,0,0,0,0
25.792463,0,1,0,0,0,0,0,0,0
25.798654,0,0,0,1,0,0,1,0,0
25.800545,0,0,0,0,0,1,0,0,1
25.812538,1,0,0,0,0,0,0,0,0
25.826239,0,0,0,0,1,0,0,1,0
25.835930,0,0,1,0,0,0,0,0,0
25.849387,0,1,0,0,0,0,0,0,0
25.850970,0,0,0,1,0,0,1,0,0
25.852488,0,0,0,0,0,1,0,0,1
25.861805,1,0,0,0,0,0,0,0,0
25.887412,0,0,1,0,0,0,0,0,0
25.899171,0,0,0,0,1,1,0,1,1
25.899577,0,0,0,1,0,0,1,0,0
25.913651,1,0,0,0,0,0,0,0,0
25.920124,0,1,0,0,0,0,0,0,0
25.931980,0,0,1,0,1,0,0,1,0
25.949126,0,0,0,1,0,0,1,0,0
25.949261,0,0,0,0,0,1,0,0,1
25.954281,0,1,0,0,0,0,0,0,0
25.961220,1,0,0,0,0,0,0,0,0
25.974687,0,0,0,0,1,0,0,1,0
25.986396,0,0,1,0,0,0,0,0,0
25.995411,0,1,0,0,0,0,0,0,0
25.998366,0,0,0,0,0,1,0,0,1
26.001287,0,0,0,1,0,0,1,0,0
26.014859,1,0,0,0,1,0,0,1,0
26.032889,0,0,1,0,0,0,0,0,0
26.041350,0,1,0,0,0,0,0,0,0
26.049108,0,0,0,1,0,0,1,0,0
26.051915,0,0,0,0,0,1,0,0,1
26.060069,1,0,0,0,1,0,0,1,0
26.081827,0,1,0,0,0,0,0,0,0
26.088698,0,0,1,0,0,0,0,0,0
26.097693,0,0,0,0,0,1,0,0,1
26.100214,0,0,0,1,0,0,1,0,0
26.113751,1,0,0,0,1,0,0,1,0
26.133067,0,0,1,0,0,0,0,0,0
26.141803,0,1,0,0,0,0,0,0,0
26.150444,0,0,0,0,0,1,0,0,1
26.150747,0,0,0,1,0,0,1,0,0
26.164151,1,0,0,0,0,0,0,0,0
26.184009,0,0,1,0,1,0,0,1,0
26.199917,0,0,0,0,0,1,0,0,1
26.200895,0,0,0,1,0,0,1,0,0
26.212135,1,0,0,0,0,0,0,0,0
26.213516,0,1,0,0,0,0,0,0,0
26.230758,0,0,0,0,1,0,0,1,0
26.239362,0,0,1,0,0,0,0,0,0
26.249450,0,0,0,1,0,0,1,0,0
26.250611,0,0,0,0,0,1,0,0,1
26.257442,0,1,0,0,0,0,0,0,0
26.269316,1,0,0,0,1,0,0,1,0
26.287831,0,0,1,0,0,0,0,0,0
26.293748,0,1,0,0,0,0,0,0,0
26.300072,0,0,0,1,0,0,1,0,0
26.301665,0,0,0,0,0,1,0,0,1
26.310549,1,0,0,0,1,0,0,1,0
26.332598,0,1,0,0,0,0,0,0,0
26.338942,0,0,1,0,0,0,0,0,0
26.347866,0,0,0,0,0,1,0,0,1
26.350892,0,0,0,1,0,0,1,0,0
26.362011,1,0,0,0,0,0,0,0,0
26.378865,0,0,0,0,1,0,0,1,0
26.385150,0,0,1,0,0,0,0,0,0
26.398552,0,0,0,1,0,0,1,0,0
26.399153,0,0,0,0,0,1,0,0,1
26.404574,0,1,0,0,0,0,0,0,0
26.414879,1,0,0,0,1,0,0,1,0
26.434440,0,0,1,0,0,0,0,0,0
26.439519,0,1,0,0,0,0,0,0,0
26.446122,0,0,0,0,0,1,0,0,1
26.448503,0,0,0,1,0,0,1,0,0
26.460423,1,0,0,0,0,0,0,0,0
26.476509,0,0,1,0,0,0,0,0,0
26.499355,0,0,0,1,1,0,1,1,0
26.503084,0,0,0,0,0,1,0,0,1
26.512995,1,0,0,0,1,0,0,1,0
26.520801,0,1,0,0,0,0,0,0,0
26.533835,0,0,1,0,0,0,0,0,0
26.538986,0,1,0,0,0,0,0,0,0
26.550517,0,0,0,0,0,1,0,0,1
26.550776,0,0,0,1,0,0,1,0,0
26.568877,1,0,0,0,1,0,0,1,0
26.588781,0,0,1,0,0,0,0,0,0
26.588967,0,1,0,0,0,0,0,0,0
26.600272,0,0,0,1,0,0,1,0,0
26.601533,0,0,0,0,0,1,0,0,1
26.612323,1,0,0,0,0,0,0,0,0
26.616556,0,0,0,0,1,0,0,1,0
26.636675,0,1,0,0,0,0,0,0,0
26.636780,0,0,1,0,0,0,0,0,0
26.650206,0,0,0,1,0,0,1,0,0
26.652218,0,0,0,0,0,1,0,0,1
26.668455,1,0,0,0,1,0,0,1,0
26.687912,0,0,1,0,0,0,0,0,0
26.694250,0,1,0,0,0,0,0,0,0
26.699337,0,0,0,1,0,0,1,0,0
26.701704,0,0,0,0,0,1,0,0,1
26.713637,1,0,0,0,1,0,0,1,0
26.738038,0,0,1,0,0,0,0,0,0
26.743577,0,1,0,0,0,0,0,0,0
26.749150,0,0,0,0,0,1,0,0,1
26.749818,0,0,0,1,0,0,1,0,0
26.767427,1,0,0,0,0,0,0,0,0
26.775427,0,0,0,0,1,0,0,1,0
26.787229,0,0,1,0,0,0,0,0,0
26.799161,0,1,0,0,0,0,0,0,0
26.800672,0,0,0,1,0,0,1,0,0
26.801382,0,0,0,0,0,1,0,0,1
26.819586,1,0,0,0,1,0,0,1,0
26.838854,0,0,1,0,0,0,0,0,0
26.845194,0,1,0,0,0,0,0,0,0
26.850860,0,0,0,0,0,1,0,0,1
26.851881,0,0,0,1,0,0,1,0,0
26.864095,1,0,0,0,0,0,0,0,0
26.890662,0,0,1,0,0,0,0,0,0
26.900198,0,0,0,1,0,0,1,0,0
26.900365,0,0,0,0,1,0,0,1,0
26.900533,0,0,0,0,0,1,0,0,1
26.919834,1,0,0,0,1,0,0,1,0
26.928851,0,1,0,0,0,0,0,0,0
26.939093,0,0,1,0,0,0,0,0,0
26.949398,0,1,0,0,0,0,0,0,0
26.950629,0,0,0,1,0,0,1,0,0
26.952533,0,0,0,0,0,1,0,0,1
26.961698,1,0,0,0,1,0,0,1,0
26.984691,0,1,0,0,0,0,0,0,0
26.985254,0,0,1,0,0,0,0,0,0
26.999414,0,0,0,0,0,1,0,0,1
27.000272,0,0,0,1,0,0,1,0,0
27.017454,1,0,0,0,0,0,0,0,0
27.025901,0,0,0,0,1,0,0,1,0
27.037483,0,0,1,0,0,0,0,0,0
27.048911,0,0,0,1,0,0,1,0,0
27.049060,0,0,0,0,0,1,0,0,1
27.054073,0,1,0,0,0,0,0,0,0
27.068733,1,0,0,0,0,0,0,0,0
27.077659,0,0,0,0,1,0,0,1,0
27.086421,0,0,1,0,0,0,0,0,0
27.100187,0,0,0,1,0,0,1,0,0
27.101763,0,0,0,0,0,1,0,0,1
27.102299,0,1,0,0,0,0,0,0,0
27.111910,1,0,0,0,1,0,0,1,0
27.135123,0,1,0,0,0,0,0,0,0
27.136626,0,0,1,0,0,0,0,0,0
27.150265,0,0,0,1,0,0,1,0,0
27.150855,0,0,0,0,0,1,0,0,1
27.166205,1,0,0,0,1,0,0,1,0
27.183413,0,0,1,0,0,0,0,0,0
27.195355,0,1,0,0,0,0,0,0,0
27.197746,0,0,0,0,0,1,0,0,1
27.198429,0,0,0,1,0,0,1,0,0
27.216957,1,0,0,0,1,0,0,1,0
27.227809,0,0,1,0,0,0,0,0,0
27.238415,0,1,0,0,0,0,0,0,0
27.249230,0,0,0,1,0,0,1,0,0
27.251359,0,0,0,0,0,1,0,0,1
27.264274,1,0,0,0,1,0,0,1,0
27.286453,0,0,1,0,0,0,0,0,0
27.293611,0,1,0,0,0,0,0,0,0
27.300356,0,0,0,1,0,0,1,0,0
27.302215,0,0,0,0,0,1,0,0,1
27.315570,1,0,0,0,0,0,0,0,0
27.340380,0,0,1,0,0,0,0,0,0
27.342892,0,0,0,0,1,0,0,1,0
27.347389,0,0,0,0,0,1,0,0,1
27.349347,0,0,0,1,0,0,1,0,0
27.360920,1,0,0,0,0,0,0,0,0
27.368724,0,1,0,0,0,0,0,0,0
27.384693,0,0,1,0,1,0,0,1,0
27.398068,0,0,0,1,0,0,1,0,0
27.403310,0,0,0,0,0,1,0,0,1
27.405240,0,1,0,0,0,0,0,0,0
27.411915,1,0,0,0,0,0,0,0,0
27.440917,0,0,1,0,0,0,0,0,0
27.451151,0,0,0,1,1,0,1,1,0
27.451759,0,0,0,0,0,1,0,0,1
27.466248,1,0,0,0,1,0,0,1,0
27.474442,0,1,0,0,0,0,0,0,0
27.486835,0,0,1,0,0,0,0,0,0
27.492554,0,1,0,0,0,0,0,0,0
27.496182,0,0,0,0,0,1,0,0,1
27.501407,0,0,0,1,0,0,1,0,0
27.514007,1,0,0,0,1,0,0,1,0
27.529412,0,0,1,0,0,0,0,0,0
27.538486,0,1,0,0,0,0,0,0,0
27.549651,0,0,0,1,0,0,1,0,0
27.552285,0,0,0,0,0,1,0,0,1
27.560004,1,0,0,0,1,0,0,1,0
27.580276,0,1,0,0,0,0,0,0,0
27.583932,0,0,1,0,0,0,0,0,0
27.598175,0,0,0,0,0,1,0,0,1
27.600072,0,0,0,1,0,0,1,0,0
27.613558,1,0,0,0,1,0,0,1,0
27.632777,0,0,1,0,0,0,0,0,0
27.636067,0,1,0,0,0,0,0,0,0
27.650539,0,0,0,1,0,0,1,0,0
27.650619,0,0,0,0,0,1,0,0,1
27.667194,1,0,0,0,1,0,0,1,0
27.681345,0,0,1,0,0,0,0,0,0
27.690039,0,1,0,0,0,0,0,0,0
27.701382,0,0,0,1,0,0,1,0,0
27.701596,0,0,0,0,0,1,0,0,1
27.716102,1,0,0,0,1,0,0,1,0
27.735196,0,0,1,0,0,0,0,0,0
27.738801,0,1,0,0,0,0,0,0,0
27.748627,0,0,0,0,0,1,0,0,1
27.750952,0,0,0,1,0,0,1,0,0
27.770112,1,0,0,0,1,0,0,1,0
27.787049,0,0,1,0,0,0,0,0,0
27.796155,0,1,0,0,0,0,0,0,0
27.798344,0,0,0,0,0,1,0,0,1
27.800662,0,0,0,1,0,0,1,0,0
27.810874,1,0,0,0,0,0,0,0,0
27.819169,0,0,0,0,1,0,0,1,0
27.830593,0,0,1,0,0,0,0,0,0
27.844673,0,1,0,0,0,0,0,0,0
27.849979,0,0,0,0,0,1,0,0,1
27.850721,0,0,0,1,0,0,1,0,0
27.861338,1,0,0,0,0,0,0,0,0
27.870485,0,0,0,0,1,0,0,1,0
27.889496,0,0,1,0,0,0,0,0,0
27.893648,0,1,0,0,0,0,0,0,0
27.898350,0,0,0,0,0,1,0,0,1
27.899867,0,0,0,1,0,0,1,0,0
27.917464,1,0,0,0,0,0,0,0,0
27.927009,0,0,0,0,1,0,0,1,0
27.932281,0,0,1,0,0,0,0,0,0
27.949638,0,0,0,0,0,1,0,0,1
27.949647,0,0,0,1,0,0,1,0,0
27.951294,0,1,0,0,0,0,0,0,0
27.963965,1,0,0,0,1,0,0,1,0
27.988468,0,0,1,0,0,0,0,0,0
27.989563,0,1,0,0,0,0,0,0,0
27.999378,0,0,0,1,0,0,1,0,0
28.001226,0,0,0,0,0,1,0,0,1
28.010879,1,0,0,0,0,0,0,0,0
28.032119,0,0,1,0,0,0,0,0,0
28.048475,0,0,0,0,0,1,0,0,1
28.050035,0,0,0,1,0,0,1,0,0
28.062787,0,0,0,0,1,0,0,1,0
28.064920,1,0,0,0,0,0,0,0,0
28.076862,0,0,0,0,1,0,0,1,0
28.086552,0,1,0,0,0,0,0,0,0
28.087318,0,0,1,0,0,0,0,0,0
28.099899,0,0,0,1,0,0,1,0,0
28.101045,0,0,0,0,0,1,0,0,1
28.106613,0,1,0,0,0,0,0,0,0
28.116216,1,0,0,0,0,0,0,0,0
28.136954,0,0,1,0,1,0,0,1,0
28.149529,0,0,0,1,0,0,1,0,0
28.151148,0,0,0,0,0,1,0,0,1
28.159394,0,1,0,0,0,0,0,0,0
28.169180,1,0,0,0,0,0,0,0,0
28.170537,0,0,0,0,1,0,0,1,0
28.186586,0,0,1,0,0,0,0,0,0
28.194828,0,1,0,0,0,0,0,0,0
28.200263,0,0,0,1,0,0,1,0,0
28.201100,0,0,0,0,0,1,0,0,1
28.211102,1,0,0,0,0,0,0,0,0
28.239268,0,0,1,0,0,0,0,0,0
28.246181,0,0,0,0,0,1,0,0,1
28.249725,0,0,0,1,1,0,1,1,0
28.268473,1,0,0,0,1,0,0,1,0
28.271690,0,1,0,0,0,0,0,0,0
28.284720,0,0,1,0,0,0,0,0,0
28.292395,0,1,0,0,0,0,0,0,0
28.299790,0,0,0,0,0,1,0,0,1
28.300784,0,0,0,1,0,0,1,0,0
28.313707,1,0,0,0,0,0,0,0,0
28.339409,0,0,1,0,1,0,0,1,0
28.349195,0,0,0,0,0,1,0,0,1
28.349805,0,0,0,1,0,0,1,0,0
28.363024,0,1,0,0,0,0,0,0,0
28.365730,1,0,0,0,1,0,0,1,0
28.380773,0,0,1,0,0,0,0,0,0
28.392412,0,1,0,0,0,0,0,0,0
28.399161,0,0,0,1,0,0,1,0,0
28.401777,0,0,0,0,0,1,0,0,1
28.414494,1,0,0,0,0,0,0,0,0
28.425862,0,0,0,0,1,0,0,1,0
28.434981,0,0,1,0,0,0,0,0,0
28.449834,0,0,0,0,0,1,0,0,1
28.451026,0,0,0,1,0,0,1,0,0
28.455707,0,1,0,0,0,0,0,0,0
28.464055,1,0,0,0,0,0,0,0,0
28.484651,0,0,1,0,0,0,0,0,0
28.491466,0,0,0,0,1,0,0,1,0
28.496739,0,0,0,0,0,1,0,0,1
28.501829,0,0,0,1,0,0,1,0,0
28.514172,1,0,0,0,1,0,0,1,0
28.516267,0,1,0,0,0,0,0,0,0
28.535469,0,0,1,0,0,0,0,0,0
28.538763,0,1,0,0,0,0,0,0,0
28.547787,0,0,0,0,0,1,0,0,1
28.549500,0,0,0,1,0,0,1,0,0
28.560779,1,0,0,0,1,0,0,1,0
28.585506,0,0,1,0,0,0,0,0,0
28.588903,0,1,0,0,0,0,0,0,0
28.599200,0,0,0,0,0,1,0,0,1
28.599827,0,0,0,1,0,0,1,0,0
28.612880,1,0,0,0,0,0,0,0,0
28.635925,0,0,1,0,1,0,0,1,0
28.647922,0,0,0,0,0,1,0,0,1
28.650801,0,0,0,1,0,0,1,0,0
28.657786,0,1,0,0,0,0,0,0,0
28.667656,1,0,0,0,1,0,0,1,0
28.681867,0,0,1,0,0,0,0,0,0
28.689235,0,1,0,0,0,0,0,0,0
28.696131,0,0,0,0,0,1,0,0,1
28.699639,0,0,0,1,0,0,1,0,0
28.714177,1,0,0,0,0,0,0,0,0
28.715177,0,0,0,0,1,0,0,1,0
28.734721,0,0,1,0,0,0,0,0,0
28.736026,0,1,0,0,0,0,0,0,0
28.748242,0,0,0,1,0,0,1,0,0
28.752873,0,0,0,0,0,1,0,0,1
28.761818,1,0,0,0,0,0,0,0,0
28.784764,0,0,1,0,1,0,0,1,0
28.799330,0,0,0,1,0,0,1,0,0
28.801722,0,0,0,0,0,1,0,0,1
28.809340,0,1,0,0,0,0,0,0,0
28.813330,1,0,0,0,1,0,0,1,0
28.836554,0,1,0,0,0,0,0,0,0
28.837736,0,0,1,0,0,0,0,0,0
28.846986,0,0,0,0,0,1,0,0,1
28.849042,0,0,0,1,0,0,1,0,0
28.865394,1,0,0,0,0,0,0,0,0
28.885449,0,0,1,0,0,0,0,0,0
28.891047,0,0,0,0,1,0,0,1,0
28.899690,0,0,0,1,0,0,1,0,0
28.902869,0,0,0,0,0,1,0,0,1
28.916536,0,1,0,0,0,0,0,0,0
28.918801,1,0,0,0,1,0,0,1,0
28.937404,0,0,1,0,0,0,0,0,0
28.948060,0,1,0,0,0,0,0,0,0
28.948538,0,0,0,0,0,1,0,0,1
28.950608,0,0,0,1,0,0,1,0,0
28.963157,1,0,0,0,0,0,0,0,0
28.984016,0,0,1,0,1,0,0,1,0
28.998610,0,0,0,0,0,1,0,0,1
28.999383,0,0,0,1,0,0,1,0,0
29.005590,0,1,0,0,0,0,0,0,0
29.010875,1,0,0,0,1,0,0,1,0
29.035310,0,1,0,0,0,0,0,0,0
29.038119,0,0,1,0,0,0,0,0,0
29.049043,0,0,0,0,0,1,0,0,1
29.051308,0,0,0,1,0,0,1,0,0
29.065696,1,0,0,0,0,0,0,0,0
29.080635,0,0,1,0,1,0,0,1,0
29.097268,0,0,0,0,0,1,0,0,1
29.100446,0,0,0,1,0,0,1,0,0
29.106218,0,1,0,0,0,0,0,0,0
29.111053,1,0,0,0,0,0,0,0,0
29.136159,0,0,1,0,1,0,0,1,0
29.150911,0,0,0,1,0,0,1,0,0
29.150985,0,0,0,0,0,1,0,0,1
29.162118,1,0,0,0,1,0,0,1,0
29.162576,0,1,0,0,0,0,0,0,0
29.182630,0,1,0,0,0,0,0,0,0
29.185417,0,0,1,0,0,0,0,0,0
29.199400,0,0,0,1,0,0,1,0,0
29.203256,0,0,0,0,0,1,0,0,1
29.210162,1,0,0,0,1,0,0,1,0
29.238038,0,0,1,0,0,0,0,0,0
29.238571,0,1,0,0,0,0,0,0,0
29.246692,0,0,0,0,0,1,0,0,1
29.248410,0,0,0,1,0,0,1,0,0
29.261452,1,0,0,0,0,0,0,0,0
29.276515,0,0,0,0,1,0,0,1,0
29.281931,0,0,1,0,0,0,0,0,0
29.300254,0,0,0,1,0,0,1,0,0
29.300331,0,0,0,0,0,1,0,0,1
29.304001,0,1,0,0,0,0,0,0,0
29.313836,1,0,0,0,1,0,0,1,0
29.332079,0,0,1,0,0,0,0,0,0
29.336891,0,1,0,0,0,0,0,0,0
29.347546,0,0,0,0,0,1,0,0,1
29.349890,0,0,0,1,0,0,1,0,0
29.368718,1,0,0,0,0,0,0,0,0
29.371850,0,0,0,0,1,0,0,1,0
29.377787,0,0,1,0,0,0,0,0,0
29.398438,0,0,0,0,0,1,0,0,1
29.400421,0,0,0,1,0,0,1,0,0
29.400804,0,1,0,0,0,0,0,0,0
29.419361,1,0,0,0,1,0,0,1,0
29.428867,0,0,1,0,0,0,0,0,0
29.440084,0,1,0,0,0,0,0,0,0
29.448815,0,0,0,0,0,1,0,0,1
29.450868,0,0,0,1,0,0,1,0,0
29.464063,1,0,0,0,0,0,0,0,0
29.483540,0,0,1,0,1,0,0,1,0
29.498630,0,0,0,1,0,0,1,0,0
29.501446,0,0,0,0,0,1,0,0,1
29.503999,0,1,0,0,0,0,0,0,0
29.509122,1,0,0,0,0,0,0,0,0
29.540275,0,0,1,0,1,0,0,1,0
29.548424,0,0,0,1,0,0,1,0,0
29.550533,0,0,0,0,0,1,0,0,1
29.563215,0,1,0,0,0,0,0,0,0
29.563710,1,0,0,0,1,0,0,1,0
29.582253,0,0,1,0,0,0,0,0,0
29.588852,0,1,0,0,0,0,0,0,0
29.597755,0,0,0,0,0,1,0,0,1
29.600891,0,0,0,1,0,0,1,0,0
29.617036,1,0,0,0,0,0,0,0,0
29.630664,0,0,0,0,1,0,0,1,0
29.636304,0,0,1,0,0,0,0,0,0
29.651741,0,0,0,1,0,0,1,0,0
29.652624,0,0,0,0,0,1,0,0,1
29.655395,0,1,0,0,0,0,0,0,0
29.662713,1,0,0,0,1,0,0,1,0
29.683183,0,1,0,0,0,0,0,0,0
29.691115,0,0,1,0,0,0,0,0,0
29.699938,0,0,0,1,0,0,1,0,0
29.700799,0,0,0,0,0,1,0,0,1
29.712862,1,0,0,0,0,0,0,0,0
29.740757,0,0,1,0,1,0,0,1,0
29.749658,0,0,0,1,0,0,1,0,0
29.749760,0,0,0,0,0,1,0,0,1
29.763127,1,0,0,0,1,0,0,1,0
29.763746,0,1,0,0,0,0,0,0,0
29.786251,0,0,1,0,0,0,0,0,0
29.786878,0,1,0,0,0,0,0,0,0
29.798585,0,0,0,1,0,0,1,0,0
29.800594,0,0,0,0,0,1,0,0,1
29.810849,1,0,0,0,0,0,0,0,0
29.839214,0,0,1,0,0,0,0,0,0
29.849316,0,0,0,0,1,0,0,1,0
29.850905,0,0,0,1,0,0,1,0,0
29.851533,0,0,0,0,0,1,0,0,1
29.861379,1,0,0,0,0,0,0,0,0
29.872755,0,1,0,0,1,0,0,1,0
29.888386,0,0,1,0,0,0,0,0,0
29.893515,0,1,0,0,0,0,0,0,0
29.897668,0,0,0,0,0,1,0,0,1
29.899835,0,0,0,1,0,0,1,0,0
29.912282,1,0,0,0,1,0,0,1,0
29.935699,0,0,1,0,0,0,0,0,0
29.939024,0,1,0,0,0,0,0,0,0
29.951643,0,0,0,0,0,1,0,0,1
29.951754,0,0,0,1,0,0,1,0,0
29.964798,1,0,0,0,0,0,0,0,0
29.985946,0,0,1,0,1,0,0,1,0
29.996189,0,0,0,0,0,1,0,0,1
29.998998,0,0,0,1,0,0,1,0,0
30.012983,1,0,0,0,1,0,0,1,0
30.013928,0,1,0,0,0,0,0,0,0
30.033367,0,0,1,0,0,0,0,0,0
30.035981,0,1,0,0,0,0,0,0,0
30.049883,0,0,0,0,0,1,0,0,1
30.051179,0,0,0,1,0,0,1,0,0
30.061313,1,0,0,0,1,0,0,1,0
30.086267,0,0,1,0,0,0,0,0,0
30.087030,0,1,0,0,0,0,0,0,0
30.098045,0,0,0,0,0,1,0,0,1
30.099261,0,0,0,1,0,0,1,0,0
30.118669,1,0,0,0,1,0,0,1,0
30.136062,0,0,1,0,0,0,0,0,0
30.142907,0,1,0,0,0,0,0,0,0
30.151133,0,0,0,1,0,0,1,0,0
30.151664,0,0,0,0,0,1,0,0,1
30.164193,1,0,0,0,1,0,0,1,0
30.184619,0,1,0,0,0,0,0,0,0
30.187409,0,0,1,0,0,0,0,0,0
30.199891,0,0,0,1,0,0,1,0,0
30.202632,0,0,0,0,0,1,0,0,1
30.213769,1,0,0,0,0,0,0,0,0
30.238402,0,0,1,0,1,0,0,1,0
30.249221,0,0,0,0,0,1,0,0,1
30.250137,0,0,0,1,0,0,1,0,0
30.261632,1,0,0,0,1,0,0,1,0
30.266949,0,1,0,0,0,0,0,0,0
30.282597,0,0,1,0,0,0,0,0,0
30.290313,0,1,0,0,0,0,0,0,0
30.300541,0,0,0,0,0,1,0,0,1
30.301307,0,0,0,1,0,0,1,0,0
30.313760,1,0,0,0,1,0,0,1,0
30.338632,0,0,1,0,0,0,0,0,0
30.342855,0,1,0,0,0,0,0,0,0
30.349033,0,0,0,1,0,0,1,0,0
30.351836,0,0,0,0,0,1,0,0,1
30.362930,1,0,0,0,1,0,0,1,0
30.386767,0,1,0,0,0,0,0,0,0
30.391168,0,0,1,0,0,0,0,0,0
30.399453,0,0,0,1,0,0,1,0,0
30.403536,0,0,0,0,0,1,0,0,1
30.410733,1,0,0,0,0,0,0,0,0
30.440301,0,0,1,0,0,0,0,0,0
30.450380,0,0,0,0,1,1,0,1,1
30.450595,0,0,0,1,0,0,1,0,0
30.463977,1,0,0,0,1,0,0,1,0
30.472805,0,1,0,0,0,0,0,0,0
30.484287,0,1,0,0,0,0,0,0,0
30.488061,0,0,1,0,0,0,0,0,0
30.498155,0,0,0,1,0,0,1,0,0
30.503069,0,0,0,0,0,1,0,0,1
30.517881,1,0,0,0,1,0,0,1,0
30.539460,0,1,0,0,0,0,0,0,0
30.539731,0,0,1,0,0,0,0,0,0
30.547576,0,0,0,0,0,1,0,0,1
30.550944,0,0,0,1,0,0,1,0,0
30.566375,1,0,0,0,0,0,0,0,0
30.580317,0,0,1,0,0,0,0,0,0
30.598393,0,0,0,0,1,1,0,1,1
30.599681,0,0,0,1,0,0,1,0,0
30.616979,1,0,0,0,0,0,0,0,0
30.623370,0,1,0,0,0,0,0,0,0
30.629624,0,0,1,0,0,0,0,0,0
30.649010,0,0,0,1,0,0,1,0,0
30.651825,0,0,0,0,0,1,0,0,1
30.660080,1,0,0,0,0,0,0,0,0
30.688210,0,0,1,0,1,0,0,1,0
30.694590,0,0,0,0,1,0,0,1,0
30.700366,0,0,0,1,0,0,1,0,0
30.703589,0,0,0,0,0,1,0,0,1
30.714683,1,0,0,0,1,0,0,1,0
30.716504,0,1,0,0,0,0,0,0,0
30.717924,0,1,0,0,0,0,0,0,0
30.737929,0,0,1,0,0,0,0,0,0
30.739022,0,1,0,0,0,0,0,0,0
30.748897,0,0,0,0,0,1,0,0,1
30.750107,0,0,0,1,0,0,1,0,0
30.763867,1,0,0,0,0,0,0,0,0
30.785394,0,0,1,0,1,0,0,1,0
30.799431,0,0,0,1,0,0,1,0,0
30.800465,0,0,0,0,0,1,0,0,1
30.806059,0,1,0,0,0,0,0,0,0
30.812006,1,0,0,0,1,0,0,1,0
30.837638,0,1,0,0,0,0,0,0,0
30.838175,0,0,1,0,0,0,0,0,0
30.848711,0,0,0,0,0,1,0,0,1
30.850345,0,0,0,1,0,0,1,0,0
30.867014,1,0,0,0,0,0,0,0,0
30.869422,0,0,0,0,1,0,0,1,0
30.880543,0,0,1,0,0,0,0,0,0
30.894231,0,1,0,0,0,0,0,0,0
30.900640,0,0,0,0,0,1,0,0,1
30.901060,0,0,0,1,0,0,1,0,0
30.919450,1,0,0,0,1,0,0,1,0
30.936227,0,0,1,0,0,0,0,0,0
30.944734,0,1,0,0,0,0,0,0,0
30.946508,0,0,0,0,0,1,0,0,1
30.948036,0,0,0,1,0,0,1,0,0
30.965377,1,0,0,0,0,0,0,0,0
30.984357,0,0,1,0,0,0,0,0,0
30.997846,0,0,0,0,1,1,0,1,1
31.000184,0,0,0,1,0,0,1,0,0
31.019334,1,0,0,0,0,0,0,0,0
31.019676,0,1,0,0,0,0,0,0,0
31.036234,0,0,1,0,1,0,0,1,0
31.049648,0,0,0,0,0,1,0,0,1
31.051103,0,0,0,1,0,0,1,0,0
31.062163,1,0,0,0,1,0,0,1,0
31.065534,0,1,0,0,0,0,0,0,0
31.084762,0,0,1,0,0,0,0,0,0
31.087804,0,1,0,0,0,0,0,0,0
31.099980,0,0,0,1,0,0,1,0,0
31.101140,0,0,0,0,0,1,0,0,1
31.115358,1,0,0,0,0,0,0,0,0
31.129802,0,0,0,0,1,0,0,1,0
31.135197,0,0,1,0,0,0,0,0,0
31.146926,0,0,0,0,0,1,0,0,1
31.149301,0,0,0,1,0,0,1,0,0
31.157868,0,1,0,0,0,0,0,0,0
31.165330,1,0,0,0,1,0,0,1,0
31.180204,0,0,1,0,0,0,0,0,0
31.193250,0,1,0,0,0,0,0,0,0
31.200581,0,0,0,1,0,0,1,0,0
31.200930,0,0,0,0,0,1,0,0,1
31.218399,1,0,0,0,0,0,0,0,0
31.232696,0,0,0,0,1,0,0,1,0
31.240886,0,0,1,0,0,0,0,0,0
31.248167,0,0,0,1,0,0,1,0,0
31.252529,0,0,0,0,0,1,0,0,1
31.255764,0,1,0,0,0,0,0,0,0
31.261067,1,0,0,0,0,0,0,0,0
31.285432,0,0,1,0,1,0,0,1,0
31.298925,0,0,0,1,0,0,1,0,0
31.300683,0,0,0,0,0,1,0,0,1
31.309851,0,1,0,0,0,0,0,0,0
31.311871,1,0,0,0,1,0,0,1,0
31.333131,0,1,0,0,0,0,0,0,0
31.337786,0,0,1,0,0,0,0,0,0
31.346875,0,0,0,0,0,1,0,0,1
31.348679,0,0,0,1,0,0,1,0,0
31.360838,1,0,0,0,0,0,0,0,0
31.381603,0,0,1,0,1,0,0,1,0
31.399200,0,0,0,0,0,1,0,0,1
31.400339,0,0,0,1,0,0,1,0,0
31.402506,0,1,0,0,0,0,0,0,0
31.416458,1,0,0,0,1,0,0,1,0
31.434113,0,0,1,0,0,0,0,0,0
31.441543,0,1,0,0,0,0,0,0,0
31.449640,0,0,0,1,0,0,1,0,0
31.453478,0,0,0,0,0,1,0,0,1
31.461423,1,0,0,0,0,0,0,0,0
31.485931,0,0,1,0,1,0,0,1,0
31.497941,0,0,0,0,0,1,0,0,1
31.500567,0,0,0,1,0,0,1,0,0
31.512378,0,1,0,0,0,0,0,0,0
31.519505,1,0,0,0,0,0,0,0,0
31.527739,0,0,0,0,1,0,0,1,0
31.533830,0,0,1,0,0,0,0,0,0
31.546922,0,0,0,0,0,1,0,0,1
31.550772,0,0,0,1,0,0,1,0,0
31.552011,0,1,0,0,0,0,0,0,0
31.569197,1,0,0,0,1,0,0,1,0
31.583613,0,0,1,0,0,0,0,0,0
31.591295,0,1,0,0,0,0,0,0,0
31.600082,0,0,0,1,0,0,1,0,0
31.603022,0,0,0,0,0,1,0,0,1
31.610779,1,0,0,0,1,0,0,1,0
31.634451,0,1,0,0,0,0,0,0,0
31.640121,0,0,1,0,0,0,0,0,0
31.648549,0,0,0,1,0,0,1,0,0
31.652961,0,0,0,0,0,1,0,0,1
31.662129,1,0,0,0,1,0,0,1,0
31.686593,0,0,1,0,0,0,0,0,0
31.686600,0,1,0,0,0,0,0,0,0
31.699928,0,0,0,1,0,0,1,0,0
31.701808,0,0,0,0,0,1,0,0,1
31.712168,1,0,0,0,0,0,0,0,0
31.733900,0,0,1,0,1,0,0,1,0
31.748569,0,0,0,1,0,0,1,0,0
31.752661,0,0,0,0,0,1,0,0,1
31.758549,0,1,0,0,0,0,0,0,0
31.766928,1,0,0,0,0,0,0,0,0
31.783111,0,0,0,0,1,0,0,1,0
31.791403,0,0,1,0,0,0,0,0,0
31.800378,0,0,0,1,0,0,1,0,0
31.802057,0,0,0,0,0,1,0,0,1
31.805601,0,1,0,0,0,0,0,0,0
31.812921,1,0,0,0,0,0,0,0,0
31.818218,0,0,0,0,1,0,0,1,0
31.836051,0,0,1,0,0,0,0,0,0
31.840930,0,1,0,0,0,0,0,0,0
31.847473,0,0,0,0,0,1,0,0,1
31.850807,0,0,0,1,0,0,1,0,0
31.861431,1,0,0,0,0,0,0,0,0
31.885380,0,0,1,0,1,0,0,1,0
31.898301,0,0,0,0,0,1,0,0,1
31.899663,0,0,0,1,0,0,1,0,0
31.912471,0,1,0,0,0,0,0,0,0
31.919519,1,0,0,0,1,0,0,1,0
31.938278,0,0,1,0,0,0,0,0,0
31.939528,0,1,0,0,0,0,0,0,0
31.948290,0,0,0,1,0,0,1,0,0
31.950675,0,0,0,0,0,1,0,0,1
31.961298,1,0,0,0,1,0,0,1,0
31.982702,0,1,0,0,0,0,0,0,0
31.983385,0,0,1,0,0,0,0,0,0
32.000365,0,0,0,1,0,0,1,0,0
32.003114,0,0,0,0,0,1,0,0,1
32.018768,1,0,0,0,0,0,0,0,0
32.035586,0,0,1,0,1,0,0,1,0
32.049346,0,0,0,1,0,0,1,0,0
32.052782,0,0,0,0,0,1,0,0,1
32.062074,1,0,0,0,0,0,0,0,0
32.062874,0,1,0,0,0,0,0,0,0
32.083118,0,0,1,0,1,0,0,1,0
32.097739,0,0,0,0,0,1,0,0,1
32.100111,0,0,0,1,0,0,1,0,0
32.105410,0,1,0,0,0,0,0,0,0
32.112647,1,0,0,0,0,0,0,0,0
32.131784,0,0,1,0,1,0,0,1,0
32.150501,0,0,0,1,0,0,1,0,0
32.151165,0,0,0,0,0,1,0,0,1
32.155083,0,1,0,0,0,0,0,0,0
32.166023,1,0,0,0,1,0,0,1,0
32.183237,0,0,1,0,0,0,0,0,0
32.189642,0,1,0,0,0,0,0,0,0
32.199105,0,0,0,0,0,1,0,0,1
32.201969,0,0,0,1,0,0,1,0,0
32.215579,1,0,0,0,0,0,0,0,0
32.222490,0,0,0,0,1,0,0,1,0
32.231349,0,0,1,0,0,0,0,0,0
32.244368,0,1,0,0,0,0,0,0,0
32.248284,0,0,0,0,0,1,0,0,1
32.250590,0,0,0,1,0,0,1,0,0
32.265989,1,0,0,0,1,0,0,1,0
32.280070,0,0,1,0,0,0,0,0,0
32.290554,0,1,0,0,0,0,0,0,0
32.296428,0,0,0,0,0,1,0,0,1
32.299172,0,0,0,1,0,0,1,0,0
32.310202,1,0,0,0,1,0,0,1,0
32.329281,0,0,1,0,0,0,0,0,0
32.333338,0,1,0,0,0,0,0,0,0
32.347307,0,0,0,0,0,1,0,0,1
32.349857,0,0,0,1,0,0,1,0,0
32.365272,1,0,0,0,0,0,0,0,0
32.381727,0,0,1,0,0,0,0,0,0
32.400852,0,0,0,1,0,0,1,0,0
32.403739,0,0,0,0,1,1,0,1,1
32.413540,1,0,0,0,1,0,0,1,0
32.427934,0,1,0,0,0,0,0,0,0
32.438817,0,1,0,0,0,0,0,0,0
32.440925,0,0,1,0,0,0,0,0,0
32.448643,0,0,0,1,0,0,1,0,0
32.449231,0,0,0,0,0,1,0,0,1
32.459954,1,0,0,0,1,0,0,1,0
32.485012,0,0,1,0,0,0,0,0,0
32.486320,0,1,0,0,0,0,0,0,0
32.500604,0,0,0,0,0,1,0,0,1
32.500927,0,0,0,1,0,0,1,0,0
32.513996,1,0,0,0,0,0,0,0,0
32.539949,0,0,1,0,0,0,0,0,0
32.549214,0,0,0,0,0,1,0,0,1
32.550776,0,0,0,1,1,0,1,1,0
32.563086,1,0,0,0,1,0,0,1,0
32.572629,0,1,0,0,0,0,0,0,0
32.587425,0,0,1,0,0,0,0,0,0
32.591382,0,1,0,0,0,0,0,0,0
32.598836,0,0,0,1,0,0,1,0,0
32.601302,0,0,0,0,0,1,0,0,1
32.618405,1,0,0,0,1,0,0,1,0
32.636824,0,0,1,0,0,0,0,0,0
32.643563,0,1,0,0,0,0,0,0,0
32.650801,0,0,0,1,0,0,1,0,0
32.653518,0,0,0,0,0,1,0,0,1
32.670483,1,0,0,0,1,0,0,1,0
32.690981,0,0,1,0,0,0,0,0,0
32.690999,0,1,0,0,0,0,0,0,0
32.698062,0,0,0,0,0,1,0,0,1
32.700207,0,0,0,1,0,0,1,0,0
32.714925,1,0,0,0,0,0,0,0,0
32.735468,0,0,1,0,0,0,0,0,0
32.748711,0,0,0,0,0,1,0,0,1
32.750631,0,0,0,0,1,0,0,1,0
32.751868,0,0,0,1,0,0,1,0,0
32.762097,1,0,0,0,0,0,0,0,0
32.777593,0,1,0,0,0,0,0,0,0
32.780742,0,0,1,0,0,0,0,0,0
32.796706,0,0,0,0,0,1,0,0,1
32.799800,0,0,0,1,0,0,1,0,0
32.808582,0,0,0,0,1,0,0,1,0
32.813724,1,0,0,0,0,0,0,0,0
32.829587,0,0,1,0,1,0,0,1,0
32.837950,0,1,0,0,0,0,0,0,0
32.847855,0,0,0,0,0,1,0,0,1
32.849968,0,1,0,0,0,0,0,0,0
32.851743,0,0,0,1,0,0,1,0,0
32.867170,1,0,0,0,1,0,0,1,0
32.885227,0,0,1,0,0,0,0,0,0
32.888800,0,1,0,0,0,0,0,0,0
32.898622,0,0,0,1,0,0,1,0,0
32.900289,0,0,0,0,0,1,0,0,1
32.911929,1,0,0,0,1,0,0,1,0
32.934428,0,1,0,0,0,0,0,0,0
32.934826,0,0,1,0,0,0,0,0,0
32.948935,0,0,0,0,0,1,0,0,1
32.950351,0,0,0,1,0,0,1,0,0
32.961443,1,0,0,0,0,0,0,0,0
32.966160,0,0,0,0,1,0,0,1,0
32.987541,0,0,1,0,0,0,0,0,0
32.989017,0,1,0,0,0,0,0,0,0
32.998213,0,0,0,1,0,0,1,0,0
33.000772,0,0,0,0,0,1,0,0,1
33.014294,1,0,0,0,0,0,0,0,0
33.035935,0,0,1,0,0,0,0,0,0
33.046616,0,0,0,0,1,0,0,1,0
33.049144,0,0,0,1,0,0,1,0,0
33.050158,0,0,0,0,0,1,0,0,1
33.060067,1,0,0,0,0,0,0,0,0
33.075155,0,1,0,0,1,0,0,1,0
33.083760,0,0,1,0,0,0,0,0,0
33.097323,0,1,0,0,0,0,0,0,0
33.098731,0,0,0,1,0,0,1,0,0
33.102608,0,0,0,0,0,1,0,0,1
33.110460,1,0,0,0,1,0,0,1,0
33.134461,0,1,0,0,0,0,0,0,0
33.139071,0,0,1,0,0,0,0,0,0
33.149816,0,0,0,1,0,0,1,0,0
33.150159,0,0,0,0,0,1,0,0,1
33.161547,1,0,0,0,0,0,0,0,0
33.189603,0,0,1,0,1,0,0,1,0
33.197834,0,0,0,0,0,1,0,0,1
33.201811,0,0,0,1,0,0,1,0,0
33.212025,0,1,0,0,0,0,0,0,0
33.217824,1,0,0,0,1,0,0,1,0
33.235559,0,0,1,0,0,0,0,0,0
33.247232,0,1,0,0,0,0,0,0,0
33.249047,0,0,0,1,0,0,1,0,0
33.253590,0,0,0,0,0,1,0,0,1
33.266009,1,0,0,0,0,0,0,0,0
33.287519,0,0,1,0,1,0,0,1,0
33.299072,0,0,0,1,0,0,1,0,0
33.301265,0,0,0,0,0,1,0,0,1
33.311909,0,1,0,0,0,0,0,0,0
33.318737,1,0,0,0,0,0,0,0,0
33.332523,0,0,0,0,1,0,0,1,0
33.341040,0,0,1,0,0,0,0,0,0
33.349403,0,0,0,0,0,1,0,0,1
33.351612,0,0,0,1,0,0,1,0,0
33.361925,0,1,0,0,0,0,0,0,0
33.368949,1,0,0,0,1,0,0,1,0
33.385941,0,0,1,0,0,0,0,0,0
33.394431,0,1,0,0,0,0,0,0,0
33.398688,0,0,0,1,0,0,1,0,0
33.402525,0,0,0,0,0,1,0,0,1
33.414853,1,0,0,0,0,0,0,0,0
33.429029,0,0,0,0,1,0,0,1,0
33.439637,0,0,1,0,0,0,0,0,0
33.449586,0,0,0,1,0,0,1,0,0
33.450746,0,1,0,0,0,0,0,0,0
33.451237,0,0,0,0,0,1,0,0,1
33.466978,1,0,0,0,0,0,0,0,0
33.486407,0,0,1,0,1,0,0,1,0
33.498653,0,0,0,0,0,1,0,0,1
33.499262,0,0,0,1,0,0,1,0,0
33.507450,0,1,0,0,0,0,0,0,0
33.515225,1,0,0,0,0,0,0,0,0
33.532390,0,0,1,0,0,0,0,0,0
33.544573,0,0,0,0,1,0,0,1,0
33.549961,0,0,0,1,0,0,1,0,0
33.550405,0,0,0,0,0,1,0,0,1
33.565748,0,1,0,0,0,0,0,0,0
33.566137,1,0,0,0,1,0,0,1,0
33.589487,0,0,1,0,0,0,0,0,0
33.589721,0,1,0,0,0,0,0,0,0
33.598515,0,0,0,1,0,0,1,0,0
33.601737,0,0,0,0,0,1,0,0,1
33.610324,1,0,0,0,1,0,0,1,0
33.637115,0,1,0,0,0,0,0,0,0
33.638834,0,0,1,0,0,0,0,0,0
33.650276,0,0,0,1,0,0,1,0,0
33.653258,0,0,0,0,0,1,0,0,1
33.664274,1,0,0,0,1,0,0,1,0
33.692688,0,0,1,0,0,0,0,0,0
33.693654,0,1,0,0,0,0,0,0,0
33.698737,0,0,0,0,0,1,0,0,1
33.700018,0,0,0,1,0,0,1,0,0
33.713697,1,0,0,0,0,0,0,0,0
33.734283,0,0,1,0,1,0,0,1,0
33.747668,0,0,0,0,0,1,0,0,1
33.750945,0,0,0,1,0,0,1,0,0
33.756884,0,1,0,0,0,0,0,0,0
33.769964,1,0,0,0,1,0,0,1,0
33.784724,0,0,1,0,0,0,0,0,0
33.791757,0,1,0,0,0,0,0,0,0
33.798270,0,0,0,0,0,1,0,0,1
33.799250,0,0,0,1,0,0,1,0,0
33.812095,1,0,0,0,0,0,0,0,0
33.833389,0,0,1,0,1,0,0,1,0
33.849841,0,0,0,0,0,1,0,0,1
33.851456,0,0,0,1,0,0,1,0,0
33.857921,0,1,0,0,0,0,0,0,0
33.865659,1,0,0,0,0,0,0,0,0
33.882189,0,0,0,0,1,0,0,1,0
33.886834,0,0,1,0,0,0,0,0,0
33.898658,0,0,0,0,0,1,0,0,1
33.898917,0,0,0,1,0,0,1,0,0
33.907905,0,1,0,0,0,0,0,0,0
33.914585,1,0,0,0,1,0,0,1,0
33.935507,0,0,1,0,0,0,0,0,0
33.940825,0,1,0,0,0,0,0,0,0
33.947745,0,0,0,0,0,1,0,0,1
33.950122,0,0,0,1,0,0,1,0,0
33.968837,1,0,0,0,1,0,0,1,0
33.983590,0,0,1,0,0,0,0,0,0
33.997495,0,1,0,0,0,0,0,0,0
33.998375,0,0,0,0,0,1,0,0,1
34.000015,0,0,0,1,0,0,1,0,0
34.015330,1,0,0,0,1,0,0,1,0
34.031048,0,0,1,0,0,0,0,0,0
34.041358,0,1,0,0,0,0,0,0,0
34.048628,0,0,0,1,0,0,1,0,0
34.051450,0,0,0,0,0,1,0,0,1
34.068305,1,0,0,0,0,0,0,0,0
34.082606,0,0,1,0,0,0,0,0,0
34.097593,0,0,0,0,1,1,0,1,1
34.099140,0,0,0,1,0,0,1,0,0
34.113903,1,0,0,0,1,0,0,1,0
34.118550,0,1,0,0,0,0,0,0,0
34.128492,0,0,1,0,0,0,0,0,0
34.135115,0,1,0,0,0,0,0,0,0
34.146448,0,0,0,0,0,1,0,0,1
34.148409,0,0,0,1,0,0,1,0,0
34.166352,1,0,0,0,0,0,0,0,0
34.172368,0,0,0,0,1,0,0,1,0
34.183196,0,0,1,0,0,0,0,0,0
34.195130,0,1,0,0,0,0,0,0,0
34.196808,0,0,0,0,0,1,0,0,1
34.199804,0,0,0,1,0,0,1,0,0
34.211758,1,0,0,0,1,0,0,1,0
34.231677,0,0,1,0,0,0,0,0,0
34.234874,0,1,0,0,0,0,0,0,0
34.250708,0,0,0,1,0,0,1,0,0
34.253012,0,0,0,0,0,1,0,0,1
34.266227,1,0,0,0,1,0,0,1,0
34.287756,0,1,0,0,0,0,0,0,0
34.288515,0,0,1,0,0,0,0,0,0
34.299815,0,0,0,1,0,0,1,0,0
34.302669,0,0,0,0,0,1,0,0,1
34.312612,1,0,0,0,0,0,0,0,0
34.335133,0,0,1,0,1,0,0,1,0
34.347303,0,0,0,0,0,1,0,0,1
34.350321,0,0,0,1,0,0,1,0,0
34.360978,0,1,0,0,0,0,0,0,0
34.365975,1,0,0,0,1,0,0,1,0
34.377717,0,0,1,0,0,0,0,0,0
34.388337,0,1,0,0,0,0,0,0,0
34.396676,0,0,0,0,0,1,0,0,1
34.399630,0,0,0,1,0,0,1,0,0
34.413860,1,0,0,0,0,0,0,0,0
34.434771,0,0,1,0,1,0,0,1,0
34.447077,0,0,0,0,0,1,0,0,1
34.450875,0,0,0,1,0,0,1,0,0
34.463447,0,1,0,0,0,0,0,0,0
34.467703,1,0,0,0,0,0,0,0,0
34.483514,0,0,1,0,0,0,0,0,0
34.499831,0,0,0,1,0,0,1,0,0
34.500488,0,0,0,0,1,0,0,1,0
34.500846,0,0,0,0,0,1,0,0,1
34.514747,1,0,0,0,0,0,0,0,0
34.522256,0,1,0,0,1,0,0,1,0
34.536405,0,0,1,0,0,0,0,0,0
34.549034,0,0,0,0,0,1,0,0,1
34.550323,0,1,0,0,0,0,0,0,0
34.550467,0,0,0,1,0,0,1,0,0
34.564640,1,0,0,0,0,0,0,0,0
34.587086,0,0,1,0,0,0,0,0,0
34.598693,0,0,0,0,0,1,0,0,1
34.599257,0,0,0,1,0,0,1,0,0
34.609387,1,0,0,0,1,0,0,1,0
34.630418,0,1,0,0,1,0,0,1,0
34.631251,0,0,1,0,0,0,0,0,0
34.650483,0,0,0,0,0,1,0,0,1
34.651063,0,1,0,0,0,0,0,0,0
34.651543,0,0,0,1,0,0,1,0,0
34.661760,1,0,0,0,1,0,0,1,0
34.685137,0,1,0,0,0,0,0,0,0
34.689604,0,0,1,0,0,0,0,0,0
34.698630,0,0,0,1,0,0,1,0,0
34.701161,0,0,0,0,0,1,0,0,1
34.717817,1,0,0,0,1,0,0,1,0
34.736958,0,0,1,0,0,0,0,0,0
34.741724,0,1,0,0,0,0,0,0,0
34.747973,0,0,0,0,0,1,0,0,1
34.749327,0,0,0,1,0,0,1,0,0
34.767012,1,0,0,0,1,0,0,1,0
34.785963,0,0,1,0,0,0,0,0,0
34.787945,0,1,0,0,0,0,0,0,0
34.800329,0,0,0,1,0,0,1,0,0
34.801519,0,0,0,0,0,1,0,0,1
34.816756,1,0,0,0,1,0,0,1,0
34.836926,0,1,0,0,0,0,0,0,0
34.837892,0,0,1,0,0,0,0,0,0
34.847893,0,0,0,0,0,1,0,0,1
34.849645,0,0,0,1,0,0,1,0,0
34.867030,1,0,0,0,1,0,0,1,0
34.881650,0,0,1,0,0,0,0,0,0
34.896055,0,1,0,0,0,0,0,0,0
34.899966,0,0,0,1,0,0,1,0,0
34.902612,0,0,0,0,0,1,0,0,1
34.917927,1,0,0,0,0,0,0,0,0
34.939905,0,0,1,0,1,0,0,1,0
34.949422,0,0,0,1,0,0,1,0,0
34.950770,0,0,0,0,0,1,0,0,1
34.966087,1,0,0,0,1,0,0,1,0
34.966379,0,1,0,0,0,0,0,0,0
34.987027,0,0,1,0,0,0,0,0,0
34.993579,0,1,0,0,0,0,0,0,0
35.001380,0,0,0,1,0,0,1,0,0
35.003212,0,0,0,0,0,1,0,0,1
35.020171,1,0,0,0,0,0,0,0,0
35.023097,0,0,0,0,1,0,0,1,0
35.043140,0,0,1,0,0,0,0,0,0
35.048905,0,1,0,0,0,0,0,0,0
35.049493,0,0,0,1,0,0,1,0,0
35.051040,0,0,0,0,0,1,0,0,1
35.060761,1,0,0,0,1,0,0,1,0
35.085912,0,1,0,0,0,0,0,0,0
35.089886,0,0,1,0,0,0,0,0,0
35.098447,0,0,0,1,0,0,1,0,0
35.100520,0,0,0,0,0,1,0,0,1
35.113045,1,0,0,0,1,0,0,1,0
35.134519,0,0,1,0,0,0,0,0,0
35.141775,0,1,0,0,0,0,0,0,0
35.149214,0,0,0,1,0,0,1,0,0
35.149558,0,0,0,0,0,1,0,0,1
35.167951,1,0,0,0,0,0,0,0,0
35.185175,0,0,1,0,1,0,0,1,0
35.201243,0,0,0,1,0,0,1,0,0
35.201281,0,0,0,0,0,1,0,0,1
35.210726,0,1,0,0,0,0,0,0,0
35.211572,1,0,0,0,0,0,0,0,0
35.215315,0,0,0,0,1,0,0,1,0
35.236389,0,0,1,0,0,0,0,0,0
35.239291,0,1,0,0,0,0,0,0,0
35.250218,0,0,0,1,0,0,1,0,0
35.252852,0,0,0,0,0,1,0,0,1
35.261921,1,0,0,0,1,0,0,1,0
35.285185,0,1,0,0,0,0,0,0,0
35.290214,0,0,1,0,0,0,0,0,0
35.301240,0,0,0,0,0,1,0,0,1
35.301745,0,0,0,1,0,0,1,0,0
35.317722,1,0,0,0,0,0,0,0,0
35.333209,0,0,1,0,0,0,0,0,0
35.350455,0,0,0,1,0,0,1,0,0
35.350677,0,0,0,0,1,1,0,1,1
35.362787,1,0,0,0,1,0,0,1,0
35.375525,0,1,0,0,0,0,0,0,0
35.385853,0,0,1,0,0,0,0,0,0
35.390209,0,1,0,0,0,0,0,0,0
35.398186,0,0,0,1,0,0,1,0,0
35.398598,0,0,0,0,0,1,0,0,1
35.412747,1,0,0,0,0,0,0,0,0
35.429449,0,0,0,0,1,0,0,1,0
35.434695,0,0,1,0,0,0,0,0,0
35.448974,0,0,0,1,0,0,1,0,0
35.450727,0,0,0,0,0,1,0,0,1
35.453772,0,1,0,0,0,0,0,0,0
35.463293,1,0,0,0,0,0,0,0,0
35.468155,0,0,0,0,1,0,0,1,0
35.489746,0,0,1,0,0,0,0,0,0
35.493420,0,1,0,0,0,0,0,0,0
35.498544,0,0,0,0,0,1,0,0,1
35.500561,0,0,0,1,0,0,1,0,0
35.516914,1,0,0,0,1,0,0,1,0
35.535134,0,0,1,0,0,0,0,0,0
35.542451,0,1,0,0,0,0,0,0,0
35.549993,0,0,0,0,0,1,0,0,1
35.551170,0,0,0,1,0,0,1,0,0
35.565825,1,0,0,0,1,0,0,1,0
35.585951,0,1,0,0,0,0,0,0,0
35.586442,0,0,1,0,0,0,0,0,0
35.599759,0,0,0,1,0,0,1,0,0
35.601400,0,0,0,0,0,1,0,0,1
35.611414,1,0,0,0,0,0,0,0,0
35.632709,0,0,1,0,1,0,0,1,0
35.649484,0,0,0,1,0,0,1,0,0
35.652904,0,0,0,0,0,1,0,0,1
35.654518,0,1,0,0,0,0,0,0,0
35.668768,1,0,0,0,1,0,0,1,0
35.690733,0,0,1,0,0,0,0,0,0
35.695070,0,1,0,0,0,0,0,0,0
35.697295,0,0,0,0,0,1,0,0,1
35.699340,0,0,0,1,0,0,1,0,0
35.713215,1,0,0,0,0,0,0,0,0
35.734027,0,0,1,0,0,0,0,0,0
35.742225,0,0,0,0,1,0,0,1,0
35.749432,0,0,0,1,0,0,1,0,0
35.751286,0,0,0,0,0,1,0,0,1
35.763517,1,0,0,0,0,0,0,0,0
35.766429,0,1,0,0,0,0,0,0,0
35.769735,0,0,0,0,1,0,0,1,0
35.784574,0,0,1,0,0,0,0,0,0
35.791174,0,1,0,0,0,0,0,0,0
35.798961,0,0,0,1,0,0,1,0,0
35.799582,0,0,0,0,0,1,0,0,1
35.815206,1,0,0,0,0,0,0,0,0
35.831037,0,0,0,0,1,0,0,1,0
35.836375,0,0,1,0,0,0,0,0,0
35.849453,0,0,0,1,0,0,1,0,0
35.850526,0,0,0,0,0,1,0,0,1
35.860183,0,1,0,0,0,0,0,0,0
35.862350,1,0,0,0,0,0,0,0,0
35.879391,0,0,0,0,1,0,0,1,0
35.887553,0,0,1,0,0,0,0,0,0
35.900942,0,0,0,1,0,0,1,0,0
35.902476,0,0,0,0,0,1,0,0,1
35.904652,0,1,0,0,0,0,0,0,0
35.911791,1,0,0,0,0,0,0,0,0
35.937449,0,0,1,0,0,0,0,0,0
35.947200,0,0,0,0,0,1,0,0,1
35.950068,0,0,0,1,1,0,1,1,0
35.962676,1,0,0,0,1,0,0,1,0
35.973633,0,1,0,0,0,0,0,0,0
35.983297,0,0,1,0,0,0,0,0,0
35.985717,0,1,0,0,0,0,0,0,0
35.999658,0,0,0,1,0,0,1,0,0
36.000718,0,0,0,0,0,1,0,0,1
36.014452,1,0,0,0,1,0,0,1,0
36.033247,0,0,1,0,0,0,0,0,0
36.040186,0,1,0,0,0,0,0,0,0
36.049360,0,0,0,0,0,1,0,0,1
36.049991,0,0,0,1,0,0,1,0,0
36.062850,1,0,0,0,1,0,0,1,0
36.087302,0,0,1,0,0,0,0,0,0
36.088496,0,1,0,0,0,0,0,0,0
36.099064,0,0,0,1,0,0,1,0,0
36.102910,0,0,0,0,0,1,0,0,1
36.116281,1,0,0,0,1,0,0,1,0
36.136449,0,0,1,0,0,0,0,0,0
36.139152,0,1,0,0,0,0,0,0,0
36.148476,0,0,0,0,0,1,0,0,1
36.149408,0,0,0,1,0,0,1,0,0
36.166542,1,0,0,0,1,0,0,1,0
36.184504,0,0,1,0,0,0,0,0,0
36.194050,0,1,0,0,0,0,0,0,0
36.200005,0,0,0,1,0,0,1,0,0
36.202466,0,0,0,0,0,1,0,0,1
36.211394,1,0,0,0,0,0,0,0,0
36.242123,0,0,1,0,1,0,0,1,0
36.248433,0,0,0,0,0,1,0,0,1
36.250842,0,0,0,1,0,0,1,0,0
36.265548,1,0,0,0,1,0,0,1,0
36.266250,0,1,0,0,0,0,0,0,0
36.283621,0,0,1,0,0,0,0,0,0
36.295368,0,1,0,0,0,0,0,0,0
36.300009,0,0,0,0,0,1,0,0,1
36.300945,0,0,0,1,0,0,1,0,0
36.311477,1,0,0,0,1,0,0,1,0
36.331259,0,0,1,0,0,0,0,0,0
36.333788,0,1,0,0,0,0,0,0,0
36.346254,0,0,0,0,0,1,0,0,1
36.351208,0,0,0,1,0,0,1,0,0
36.367600,1,0,0,0,1,0,0,1,0
36.381164,0,0,1,0,0,0,0,0,0
36.390320,0,1,0,0,0,0,0,0,0
36.397452,0,0,0,0,0,1,0,0,1
36.398857,0,0,0,1,0,0,1,0,0
36.416414,1,0,0,0,0,0,0,0,0
36.433620,0,0,1,0,1,0,0,1,0
36.450747,0,0,0,1,0,0,1,0,0
36.452224,0,0,0,0,0,1,0,0,1
36.454518,0,1,0,0,0,0,0,0,0
36.468461,1,0,0,0,0,0,0,0,0
36.491190,0,0,1,0,1,0,0,1,0
36.499377,0,0,0,1,0,0,1,0,0
36.503252,0,0,0,0,0,1,0,0,1
36.512614,1,0,0,0,1,0,0,1,0
36.513248,0,1,0,0,0,0,0,0,0
36.538696,0,1,0,0,0,0,0,0,0
36.540155,0,0,1,0,0,0,0,0,0
36.547210,0,0,0,0,0,1,0,0,1
36.551882,0,0,0,1,0,0,1,0,0
36.563707,1,0,0,0,1,0,0,1,0
36.586039,0,0,1,0,0,0,0,0,0
36.592057,0,1,0,0,0,0,0,0,0
36.600522,0,0,0,1,0,0,1,0,0
36.601410,0,0,0,0,0,1,0,0,1
36.615692,1,0,0,0,1,0,0,1,0
36.639775,0,0,1,0,0,0,0,0,0
36.643811,0,1,0,0,0,0,0,0,0
36.649417,0,0,0,1,0,0,1,0,0
36.650406,0,0,0,0,0,1,0,0,1
36.664282,1,0,0,0,0,0,0,0,0
36.689232,0,0,1,0,0,0,0,0,0
36.696325,0,0,0,0,1,1,0,1,1
36.699778,0,0,0,1,0,0,1,0,0
36.713558,1,0,0,0,0,0,0,0,0
36.723886,0,1,0,0,1,0,0,1,0
36.734884,0,0,1,0,0,0,0,0,0
36.745127,0,1,0,0,0,0,0,0,0
36.747466,0,0,0,0,0,1,0,0,1
36.750003,0,0,0,1,0,0,1,0,0
36.767274,1,0,0,0,1,0,0,1,0
36.782225,0,0,1,0,0,0,0,0,0
36.791158,0,1,0,0,0,0,0,0,0
36.796999,0,0,0,0,0,1,0,0,1
36.801424,0,0,0,1,0,0,1,0,0
36.816850,1,0,0,0,1,0,0,1,0
36.832131,0,0,1,0,0,0,0,0,0
36.840048,0,1,0,0,0,0,0,0,0
36.850299,0,0,0,1,0,0,1,0,0
36.851223,0,0,0,0,0,1,0,0,1
36.867003,1,0,0,0,1,0,0,1,0
36.885056,0,0,1,0,0,0,0,0,0
36.894079,0,1,0,0,0,0,0,0,0
36.899959,0,0,0,1,0,0,1,0,0
36.900619,0,0,0,0,0,1,0,0,1
36.911084,1,0,0,0,0,0,0,0,0
36.936893,0,0,1,0,1,0,0,1,0
36.950198,0,0,0,1,0,0,1,0,0
36.952743,0,0,0,0,0,1,0,0,1
36.957320,0,1,0,0,0,0,0,0,0
36.964557,1,0,0,0,0,0,0,0,0
36.983091,0,0,0,0,1,0,0,1,0
36.986136,0,0,1,0,0,0,0,0,0
37.000311,0,0,0,1,0,0,1,0,0
37.001577,0,0,0,0,0,1,0,0,1
37.011603,0,1,0,0,0,0,0,0,0
37.013458,1,0,0,0,0,0,0,0,0
37.039845,0,0,1,0,0,0,0,0,0
37.042594,0,0,0,0,1,0,0,1,0
37.048931,0,0,0,0,0,1,0,0,1
37.050008,0,0,0,1,0,0,1,0,0
37.065649,1,0,0,0,0,0,0,0,0
37.072530,0,1,0,0,0,0,0,0,0
37.084553,0,0,1,0,1,0,0,1,0
37.099157,0,0,0,0,0,1,0,0,1
37.099748,0,0,0,1,0,0,1,0,0
37.105833,0,1,0,0,0,0,0,0,0
37.112358,1,0,0,0,1,0,0,1,0
37.137047,0,0,1,0,0,0,0,0,0
37.140944,0,1,0,0,0,0,0,0,0
37.146867,0,0,0,0,0,1,0,0,1
37.149564,0,0,0,1,0,0,1,0,0
37.163100,1,0,0,0,1,0,0,1,0
37.180123,0,0,1,0,0,0,0,0,0
37.183992,0,1,0,0,0,0,0,0,0
37.200223,0,0,0,0,0,1,0,0,1
37.201584,0,0,0,1,0,0,1,0,0
37.214269,1,0,0,0,1,0,0,1,0
37.233343,0,0,1,0,0,0,0,0,0
37.240512,0,1,0,0,0,0,0,0,0
37.248788,0,0,0,1,0,0,1,0,0
37.253198,0,0,0,0,0,1,0,0,1
37.259893,1,0,0,0,0,0,0,0,0
37.288790,0,0,1,0,0,0,0,0,0
37.299163,0,0,0,1,1,0,1,1,0
37.300069,0,0,0,0,0,1,0,0,1
37.314680,1,0,0,0,1,0,0,1,0
37.325405,0,1,0,0,0,0,0,0,0
37.334388,0,0,1,0,0,0,0,0,0
37.340835,0,1,0,0,0,0,0,0,0
37.351538,0,0,0,1,0,0,1,0,0
37.353308,0,0,0,0,0,1,0,0,1
37.368202,1,0,0,0,1,0,0,1,0
37.388806,0,1,0,0,0,0,0,0,0
37.389398,0,0,1,0,0,0,0,0,0
37.396565,0,0,0,0,0,1,0,0,1
37.401074,0,0,0,1,0,0,1,0,0
37.412124,1,0,0,0,1,0,0,1,0
37.433555,0,0,1,0,0,0,0,0,0
37.435136,0,1,0,0,0,0,0,0,0
37.448390,0,0,0,1,0,0,1,0,0
37.450182,0,0,0,0,0,1,0,0,1
37.467200,1,0,0,0,1,0,0,1,0
37.485048,0,0,1,0,0,0,0,0,0
37.490139,0,1,0,0,0,0,0,0,0
37.497818,0,0,0,0,0,1,0,0,1
37.498837,0,0,0,1,0,0,1,0,0
37.510669,1,0,0,0,0,0,0,0,0
37.516290,0,0,0,0,1,0,0,1,0
37.529143,0,0,1,0,0,0,0,0,0
37.543922,0,1,0,0,0,0,0,0,0
37.546912,0,0,0,0,0,1,0,0,1
37.549663,0,0,0,1,0,0,1,0,0
37.562245,1,0,0,0,0,0,0,0,0
37.569324,0,0,0,0,1,0,0,1,0
37.586825,0,0,1,0,0,0,0,0,0
37.591829,0,1,0,0,0,0,0,0,0
37.598227,0,0,0,1,0,0,1,0,0
37.600613,0,0,0,0,0,1,0,0,1
37.615117,1,0,0,0,1,0,0,1,0
37.637435,0,1,0,0,0,0,0,0,0
37.638248,0,0,1,0,0,0,0,0,0
37.647055,0,0,0,0,0,1,0,0,1
37.649710,0,0,0,1,0,0,1,0,0
37.664334,1,0,0,0,0,0,0,0,0
37.685007,0,0,1,0,0,0,0,0,0
37.697942,0,0,0,0,1,1,0,1,1
37.700381,0,0,0,1,0,0,1,0,0
37.717006,1,0,0,0,0,0,0,0,0
37.724695,0,1,0,0,0,0,0,0,0
37.733643,0,0,1,0,0,0,0,0,0
37.748497,0,0,0,0,0,1,0,0,1
37.749402,0,0,0,1,1,0,1,1,0
37.768175,1,0,0,0,1,0,0,1,0
37.773017,0,1,0,0,0,0,0,0,0
37.782126,0,0,1,0,0,0,0,0,0
37.790086,0,1,0,0,0,0,0,0,0
37.799511,0,0,0,0,0,1,0,0,1
37.800410,0,0,0,1,0,0,1,0,0
37.812615,1,0,0,0,1,0,0,1,0
37.833777,0,1,0,0,0,0,0,0,0
37.837473,0,0,1,0,0,0,0,0,0
37.849344,0,0,0,0,0,1,0,0,1
37.849956,0,0,0,1,0,0,1,0,0
37.862020,1,0,0,0,1,0,0,1,0
37.882153,0,1,0,0,0,0,0,0,0
37.888213,0,0,1,0,0,0,0,0,0
37.898992,0,0,0,0,0,1,0,0,1
37.900071,0,0,0,1,0,0,1,0,0
37.912179,1,0,0,0,1,0,0,1,0
37.935283,0,0,1,0,0,0,0,0,0
37.937003,0,1,0,0,0,0,0,0,0
37.950617,0,0,0,1,0,0,1,0,0
37.952970,0,0,0,0,0,1,0,0,1
37.967316,1,0,0,0,1,0,0,1,0
37.987075,0,0,1,0,0,0,0,0,0
37.989562,0,1,0,0,0,0,0,0,0
37.999240,0,0,0,0,0,1,0,0,1
37.999987,0,0,0,1,0,0,1,0,0
38.017867,1,0,0,0,1,0,0,1,0
38.030010,0,0,1,0,0,0,0,0,0
38.039600,0,1,0,0,0,0,0,0,0
38.050265,0,0,0,1,0,0,1,0,0
38.051219,0,0,0,0,0,1,0,0,1
38.063838,1,0,0,0,1,0,0,1,0
38.088536,0,0,1,0,0,0,0,0,0
38.088841,0,1,0,0,0,0,0,0,0
38.098883,0,0,0,1,0,0,1,0,0
38.103585,0,0,0,0,0,1,0,0,1
38.113456,1,0,0,0,1,0,0,1,0
38.137828,0,1,0,0,0,0,0,0,0
38.143104,0,0,1,0,0,0,0,0,0
38.147467,0,0,0,0,0,1,0,0,1
38.149849,0,0,0,1,0,0,1,0,0
38.166944,1,0,0,0,0,0,0,0,0
38.185814,0,0,1,0,0,0,0,0,0
38.198628,0,0,0,1,1,0,1,1,0
38.199047,0,0,0,0,0,1,0,0,1
38.214573,1,0,0,0,1,0,0,1,0
38.226892,0,1,0,0,0,0,0,0,0
38.232194,0,0,1,0,0,0,0,0,0
38.239220,0,1,0,0,0,0,0,0,0
38.250160,0,0,0,1,0,0,1,0,0
38.250787,0,0,0,0,0,1,0,0,1
38.264811,1,0,0,0,0,0,0,0,0
38.290037,0,0,1,0,0,0,0,0,0
38.291139,0,0,0,0,1,0,0,1,0
38.298270,0,0,0,0,0,1,0,0,1
38.300237,0,0,0,1,0,0,1,0,0
38.313425,1,0,0,0,1,0,0,1,0
38.318852,0,1,0,0,0,0,0,0,0
38.336019,0,0,1,0,0,0,0,0,0
38.342850,0,1,0,0,0,0,0,0,0
38.348136,0,0,0,0,0,1,0,0,1
38.349578,0,0,0,1,0,0,1,0,0
38.368719,1,0,0,0,0,0,0,0,0
38.384565,0,0,1,0,0,0,0,0,0
38.388694,0,0,0,0,1,0,0,1,0
38.400766,0,0,0,1,0,0,1,0,0
38.401603,0,0,0,0,0,1,0,0,1
38.408890,0,1,0,0,0,0,0,0,0
38.415653,1,0,0,0,1,0,0,1,0
38.437814,0,0,1,0,0,0,0,0,0
38.440616,0,1,0,0,0,0,0,0,0
38.448632,0,0,0,0,0,1,0,0,1
38.449025,0,0,0,1,0,0,1,0,0
38.468014,1,0,0,0,1,0,0,1,0
38.480799,0,0,1,0,0,0,0,0,0
38.490103,0,1,0,0,0,0,0,0,0
38.500096,0,0,0,0,0,1,0,0,1
38.500898,0,0,0,1,0,0,1,0,0
38.511277,1,0,0,0,0,0,0,0,0
38.528907,0,0,0,0,1,0,0,1,0
38.538618,0,0,1,0,0,0,0,0,0
38.547254,0,0,0,0,0,1,0,0,1
38.549442,0,0,0,1,0,0,1,0,0
38.553442,0,1,0,0,0,0,0,0,0
38.565388,1,0,0,0,1,0,0,1,0
38.586869,0,0,1,0,0,0,0,0,0
38.589186,0,1,0,0,0,0,0,0,0
38.600638,0,0,0,1,0,0,1,0,0
38.603813,0,0,0,0,0,1,0,0,1
38.613394,1,0,0,0,1,0,0,1,0
38.639598,0,0,1,0,0,0,0,0,0
38.641741,0,1,0,0,0,0,0,0,0
38.649870,0,0,0,1,0,0,1,0,0
38.650642,0,0,0,0,0,1,0,0,1
38.664027,1,0,0,0,0,0,0,0,0
38.667528,0,0,0,0,1,0,0,1,0
38.688071,0,0,1,0,0,0,0,0,0
38.692115,0,1,0,0,0,0,0,0,0
38.699564,0,0,0,1,0,0,1,0,0
38.701525,0,0,0,0,0,1,0,0,1
38.715700,1,0,0,0,1,0,0,1,0
38.736160,0,1,0,0,0,0,0,0,0
38.737043,0,0,1,0,0,0,0,0,0
38.749175,0,0,0,1,0,0,1,0,0
38.752394,0,0,0,0,0,1,0,0,1
38.765662,1,0,0,0,0,0,0,0,0
38.769253,0,0,0,0,1,0,0,1,0
38.787895,0,0,1,0,0,0,0,0,0
38.797141,0,1,0,0,0,0,0,0,0
38.798729,0,0,0,0,0,1,0,0,1
38.800664,0,0,0,1,0,0,1,0,0
38.818629,1,0,0,0,0,0,0,0,0
38.837946,0,0,1,0,0,0,0,0,0
38.839108,0,0,0,0,1,0,0,1,0
38.848306,0,0,0,0,0,1,0,0,1
38.849757,0,0,0,1,0,0,1,0,0
38.861575,0,1,0,0,0,0,0,0,0
38.862930,1,0,0,0,0,0,0,0,0
38.885046,0,0,1,0,0,0,0,0,0
38.886442,0,0,0,0,1,0,0,1,0
38.899288,0,0,0,0,0,1,0,0,1
38.901294,0,0,0,1,0,0,1,0,0
38.912117,1,0,0,0,1,0,0,1,0
38.912521,0,1,0,0,0,0,0,0,0
38.935215,0,0,1,0,0,0,0,0,0
38.941587,0,1,0,0,0,0,0,0,0
38.950511,0,0,0,1,0,0,1,0,0
38.952241,0,0,0,0,0,1,0,0,1
38.963924,1,0,0,0,0,0,0,0,0
38.988272,0,0,1,0,0,0,0,0,0
38.990904,0,0,0,0,1,0,0,1,0
38.999195,0,0,0,1,0,0,1,0,0
39.003859,0,0,0,0,0,1,0,0,1
39.013276,0,1,0,0,0,0,0,0,0
39.015912,1,0,0,0,0,0,0,0,0
39.039404,0,0,0,0,1,0,0,1,0
39.041291,0,0,1,0,0,0,0,0,0
39.048080,0,0,0,0,0,1,0,0,1
39.048577,0,0,0,1,0,0,1,0,0
39.064371,0,1,0,0,0,0,0,0,0
39.066513,1,0,0,0,0,0,0,0,0
39.081107,0,0,1,0,1,0,0,1,0
39.099488,0,0,0,1,0,0,1,0,0
39.102134,0,0,0,0,0,1,0,0,1
39.108491,0,1,0,0,0,0,0,0,0
39.115455,1,0,0,0,1,0,0,1,0
39.138303,0,0,1,0,0,0,0,0,0
39.139074,0,1,0,0,0,0,0,0,0
39.147912,0,0,0,0,0,1,0,0,1
39.151559,0,0,0,1,0,0,1,0,0
39.171514,1,0,0,0,1,0,0,1,0
39.186880,0,0,1,0,0,0,0,0,0
39.197178,0,0,0,0,0,1,0,0,1
39.197391,0,1,0,0,0,0,0,0,0
39.199676,0,0,0,1,0,0,1,0,0
39.210326,1,0,0,0,0,0,0,0,0
39.231018,0,0,1,0,0,0,0,0,0
39.247578,0,0,0,0,0,1,0,0,1
39.249182,0,0,0,0,1,0,0,1,0
39.250324,0,0,0,1,0,0,1,0,0
39.265185,1,0,0,0,0,0,0,0,0
39.272610,0,1,0,0,1,0,0,1,0
39.284925,0,0,1,0,0,0,0,0,0
39.299603,0,1,0,0,0,0,0,0,0
39.300579,0,0,0,1,0,0,1,0,0
39.302917,0,0,0,0,0,1,0,0,1
39.320319,1,0,0,0,0,0,0,0,0
39.340837,0,0,1,0,1,0,0,1,0
39.347776,0,0,0,0,0,1,0,0,1
39.349587,0,0,0,1,0,0,1,0,0
39.362278,1,0,0,0,0,0,0,0,0
39.367662,0,1,0,0,1,0,0,1,0
39.385982,0,0,1,0,0,0,0,0,0
39.394037,0,1,0,0,0,0,0,0,0
39.398243,0,0,0,0,0,1,0,0,1
39.401219,0,0,0,1,0,0,1,0,0
39.415355,1,0,0,0,0,0,0,0,0
39.437114,0,0,1,0,1,0,0,1,0
39.449164,0,0,0,1,0,0,1,0,0
39.451209,0,0,0,0,0,1,0,0,1
39.459874,1,0,0,0,1,0,0,1,0
39.463241,0,1,0,0,0,0,0,0,0
39.485728,0,1,0,0,0,0,0,0,0
39.489507,0,0,1,0,0,0,0,0,0
39.499685,0,0,0,1,0,0,1,0,0
39.500648,0,0,0,0,0,1,0,0,1
39.510952,1,0,0,0,1,0,0,1,0
39.531720,0,0,1,0,0,0,0,0,0
39.539837,0,1,0,0,0,0,0,0,0
39.550648,0,0,0,0,0,1,0,0,1
39.550732,0,0,0,1,0,0,1,0,0
39.564554,1,0,0,0,1,0,0,1,0
39.585265,0,0,1,0,0,0,0,0,0
39.588161,0,1,0,0,0,0,0,0,0
39.598465,0,0,0,0,0,1,0,0,1
39.600841,0,0,0,1,0,0,1,0,0
39.613069,1,0,0,0,0,0,0,0,0
39.635505,0,0,1,0,0,0,0,0,0
39.639755,0,0,0,0,1,0,0,1,0
39.649795,0,0,0,1,0,0,1,0,0
39.652789,0,0,0,0,0,1,0,0,1
39.663681,0,1,0,0,0,0,0,0,0
39.665000,1,0,0,0,0,0,0,0,0
39.686399,0,0,1,0,0,0,0,0,0
39.696288,0,0,0,0,1,0,0,1,0
39.699001,0,0,0,1,0,0,1,0,0
39.703383,0,0,0,0,0,1,0,0,1
39.712115,1,0,0,0,0,0,0,0,0
39.717980,0,0,0,0,1,0,0,1,0
39.719712,0,1,0,0,0,0,0,0,0
39.741970,0,0,1,0,0,0,0,0,0
39.746873,0,1,0,0,0,0,0,0,0
39.749451,0,0,0,1,0,0,1,0,0
39.750148,0,0,0,0,0,1,0,0,1
39.761117,1,0,0,0,1,0,0,1,0
39.784756,0,0,1,0,0,0,0,0,0
39.788498,0,1,0,0,0,0,0,0,0
39.798689,0,0,0,1,0,0,1,0,0
39.802533,0,0,0,0,0,1,0,0,1
39.809469,1,0,0,0,0,0,0,0,0
39.838012,0,0,1,0,0,0,0,0,0
39.843160,0,0,0,0,1,0,0,1,0
39.847717,0,0,0,0,0,1,0,0,1
39.850300,0,0,0,1,0,0,1,0,0
39.866416,0,1,0,0,0,0,0,0,0
39.867870,1,0,0,0,0,0,0,0,0
39.881939,0,0,1,0,0,0,0,0,0
39.897822,0,0,0,0,0,1,0,0,1
39.900923,0,0,0,1,1,0,1,1,0
39.913520,1,0,0,0,0,0,0,0,0
39.928388,0,1,0,0,1,0,0,1,0
39.934646,0,0,1,0,0,0,0,0,0
39.946802,0,0,0,0,0,1,0,0,1
39.949516,0,0,0,1,0,0,1,0,0
39.951564,0,1,0,0,0,0,0,0,0
39.961194,1,0,0,0,0,0,0,0,0
39.983363,0,0,1,0,1,0,0,1,0
39.999493,0,0,0,0,0,1,0,0,1
40.000738,0,0,0,1,0,0,1,0,0
40.008965,0,1,0,0,0,0,0,0,0
40.018131,1,0,0,0,0,0,0,0,0
40.032611,0,0,0,0,1,0,0,1,0
40.035213,0,0,1,0,0,0,0,0,0
40.050363,0,0,0,1,0,0,1,0,0
40.052239,0,0,0,0,0,1,0,0,1
40.055365,0,1,0,0,0,0,0,0,0
40.061087,1,0,0,0,1,0,0,1,0
40.084796,0,1,0,0,0,0,0,0,0
40.086323,0,0,1,0,0,0,0,0,0
40.097732,0,0,0,0,0,1,0,0,1
40.100432,0,0,0,1,0,0,1,0,0
40.113321,1,0,0,0,1,0,0,1,0
40.131497,0,0,1,0,0,0,0,0,0
40.139891,0,1,0,0,0,0,0,0,0
40.149534,0,0,0,1,0,0,1,0,0
40.150400,0,0,0,0,0,1,0,0,1
40.161247,1,0,0,0,1,0,0,1,0
40.186240,0,0,1,0,0,0,0,0,0
40.191005,0,1,0,0,0,0,0,0,0
40.199623,0,0,0,1,0,0,1,0,0
40.203798,0,0,0,0,0,1,0,0,1
40.211246,1,0,0,0,0,0,0,0,0
40.238853,0,0,1,0,1,0,0,1,0
40.249689,0,0,0,1,0,0,1,0,0
40.249739,0,0,0,0,0,1,0,0,1
40.261841,1,0,0,0,1,0,0,1,0
40.266996,0,1,0,0,0,0,0,0,0
40.285543,0,1,0,0,0,0,0,0,0
40.287698,0,0,1,0,0,0,0,0,0
40.300064,0,0,0,1,0,0,1,0,0
40.300222,0,0,0,0,0,1,0,0,1
40.314654,1,0,0,0,0,0,0,0,0
40.323457,0,0,0,0,1,0,0,1,0
40.336162,0,0,1,0,0,0,0,0,0
40.348337,0,0,0,0,0,1,0,0,1
40.349406,0,0,0,1,0,0,1,0,0
40.351319,0,1,0,0,0,0,0,0,0
40.362403,1,0,0,0,0,0,0,0,0
40.380589,0,0,1,0,0,0,0,0,0
40.399368,0,0,0,1,1,0,1,1,0
40.399552,0,0,0,0,0,1,0,0,1
40.414800,1,0,0,0,1,0,0,1,0
40.422898,0,1,0,0,0,0,0,0,0
40.436928,0,1,0,0,0,0,0,0,0
40.438297,0,0,1,0,0,0,0,0,0
40.449787,0,0,0,1,0,0,1,0,0
40.450703,0,0,0,0,0,1,0,0,1
40.467000,1,0,0,0,1,0,0,1,0
40.486732,0,0,1,0,0,0,0,0,0
40.493329,0,1,0,0,0,0,0,0,0
40.499421,0,0,0,1,0,0,1,0,0
40.502035,0,0,0,0,0,1,0,0,1
40.515349,1,0,0,0,0,0,0,0,0
40.535099,0,0,1,0,0,0,0,0,0
40.548197,0,0,0,1,1,0,1,1,0
40.551453,0,0,0,0,0,1,0,0,1
40.566587,1,0,0,0,1,0,0,1,0
40.576584,0,1,0,0,0,0,0,0,0
40.588472,0,0,1,0,0,0,0,0,0
40.596583,0,1,0,0,0,0,0,0,0
40.600730,0,0,0,1,0,0,1,0,0
40.601242,0,0,0,0,0,1,0,0,1
40.614784,1,0,0,0,0,0,0,0,0
40.622401,0,0,0,0,1,0,0,1,0
40.639175,0,0,1,0,0,0,0,0,0
40.649420,0,1,0,0,0,0,0,0,0
40.650583,0,0,0,1,0,0,1,0,0
40.650998,0,0,0,0,0,1,0,0,1
40.664925,1,0,0,0,0,0,0,0,0
40.683642,0,0,1,0,0,0,0,0,0
40.700749,0,0,0,0,0,1,0,0,1
40.700979,0,0,0,1,0,0,1,0,0
40.713869,1,0,0,0,0,0,0,0,0
40.733842,0,0,1,0,0,0,0,0,0
40.748966,0,0,0,0,0,1,0,0,1
40.750346,0,0,0,1,0,0,1,0,0
40.767672,1,0,0,0,1,0,0,1,0
40.779361,0,0,1,0,1,0,0,1,0
40.789505,0,0,0,0,1,0,0,1,0
40.794796,0,1,0,0,0,0,0,0,0
40.800132,0,1,0,0,0,0,0,0,0
40.800153,0,0,0,1,0,0,1,0,0
40.801607,0,0,0,0,0,1,0,0,1
40.815083,1,0,0,0,0,0,0,0,0
40.818572,0,1,0,0,0,0,0,0,0
40.834656,0,0,0,0,1,0,0,1,0
40.837859,0,0,1,0,0,0,0,0,0
40.849674,0,0,0,0,0,1,0,0,1
40.850652,0,0,0,1,0,0,1,0,0
40.858678,0,1,0,0,0,0,0,0,0
40.864441,1,0,0,0,0,0,0,0,0
40.889532,0,0,1,0,1,0,0,1,0
40.900207,0,0,0,1,0,0,1,0,0
40.903488,0,0,0,0,0,1,0,0,1
40.911530,1,0,0,0,1,0,0,1,0
40.916384,0,1,0,0,0,0,0,0,0
40.934441,0,1,0,0,0,0,0,0,0
40.940475,0,0,1,0,0,0,0,0,0
40.949940,0,0,0,1,0,0,1,0,0
40.950991,0,0,0,0,0,1,0,0,1
40.966588,1,0,0,0,0,0,0,0,0
40.989190,0,0,1,0,0,0,0,0,0
40.999236,0,0,0,1,0,0,1,0,0
41.002994,0,0,0,0,0,1,0,0,1
41.015614,1,0,0,0,0,0,0,0,0
41.042598,0,0,1,0,0,0,0,0,0
41.048550,0,0,0,1,1,0,1,1,0
41.049930,0,0,0,0,0,1,0,0,1
41.065914,1,0,0,0,0,0,0,0,0
41.069762,0,1,0,0,1,0,0,1,0
41.077037,0,0,0,0,1,0,0,1,0
41.083726,0,0,1,0,0,0,0,0,0
41.098178,0,1,0,0,0,0,0,0,0
41.101361,0,0,0,0,0,1,0,0,1
41.101567,0,0,0,1,0,0,1,0,0
41.102205,0,1,0,0,0,0,0,0,0
41.119666,1,0,0,0,0,0,0,0,0
41.136044,0,0,1,0,0,0,0,0,0
41.141484,0,0,0,0,1,0,0,1,0
41.151588,0,0,0,1,0,0,1,0,0
41.153119,0,0,0,0,0,1,0,0,1
41.163924,1,0,0,0,0,0,0,0,0
41.168215,0,1,0,0,0,0,0,0,0
41.190700,0,0,1,0,1,0,0,1,0
41.196282,0,0,0,0,0,1,0,0,1
41.199558,0,0,0,1,0,0,1,0,0
41.213702,1,0,0,0,0,0,0,0,0
41.214683,0,1,0,0,0,0,0,0,0
41.226339,0,0,1,0,0,0,0,0,0
41.248648,0,0,0,1,0,0,1,0,0
41.251790,0,0,0,0,0,1,0,0,1
41.253065,0,0,0,0,1,0,0,1,0
41.265555,1,0,0,0,0,0,0,0,0
41.279226,0,1,0,0,0,0,0,0,0
41.287260,0,0,1,0,1,0,0,1,0
41.298189,0,0,0,0,0,1,0,0,1
41.298874,0,0,0,1,0,0,1,0,0
41.309592,0,1,0,0,0,0,0,0,0
41.311202,1,0,0,0,1,0,0,1,0
41.337990,0,0,1,0,0,0,0,0,0
41.339207,0,1,0,0,0,0,0,0,0
41.348597,0,0,0,1,0,0,1,0,0
41.348986,0,0,0,0,0,1,0,0,1
41.366701,1,0,0,0,0,0,0,0,0
41.385886,0,0,1,0,1,0,0,1,0
41.398877,0,0,0,1,0,0,1,0,0
41.402694,0,0,0,0,0,1,0,0,1
41.410219,0,1,0,0,0,0,0,0,0
41.412961,1,0,0,0,1,0,0,1,0
41.437504,0,1,0,0,0,0,0,0,0
41.440758,0,0,1,0,0,0,0,0,0
41.447411,0,0,0,0,0,1,0,0,1
41.449872,0,0,0,1,0,0,1,0,0
41.467490,1,0,0,0,0,0,0,0,0
41.473134,0,0,0,0,1,0,0,1,0
41.484969,0,0,1,0,0,0,0,0,0
41.495839,0,1,0,0,0,0,0,0,0
41.498789,0,0,0,1,0,0,1,0,0
41.498956,0,0,0,0,0,1,0,0,1
41.513537,1,0,0,0,0,0,0,0,0
41.535250,0,0,1,0,0,0,0,0,0
41.550836,0,0,0,1,1,0,1,1,0
41.553905,0,0,0,0,0,1,0,0,1
41.569942,1,0,0,0,0,0,0,0,0
41.577132,0,1,0,0,1,0,0,1,0
41.592183,0,0,1,0,0,0,0,0,0
41.599245,0,0,0,1,0,0,1,0,0
41.599643,0,1,0,0,0,0,0,0,0
41.599951,0,0,0,0,0,1,0,0,1
41.610249,1,0,0,0,0,0,0,0,0
41.631125,0,0,1,0,0,0,0,0,0
41.649908,0,0,0,1,1,0,1,1,0
41.651128,0,0,0,0,0,1,0,0,1
41.661807,1,0,0,0,1,0,0,1,0
41.674389,0,1,0,0,0,0,0,0,0
41.683076,0,0,1,0,0,0,0,0,0
41.684832,0,1,0,0,0,0,0,0,0
41.699377,0,0,0,1,0,0,1,0,0
41.699938,0,0,0,0,0,1,0,0,1
41.713309,1,0,0,0,0,0,0,0,0
41.736534,0,0,1,0,0,0,0,0,0
41.749717,0,0,0,0,1,1,0,1,1
41.750673,0,0,0,1,0,0,1,0,0
41.763018,1,0,0,0,1,0,0,1,0
41.776509,0,1,0,0,0,0,0,0,0
41.786356,0,0,1,0,0,0,0,0,0
41.788882,0,1,0,0,0,0,0,0,0
41.797371,0,0,0,0,0,1,0,0,1
41.798136,0,0,0,1,0,0,1,0,0
41.817636,1,0,0,0,0,0,0,0,0
41.833893,0,0,1,0,1,0,0,1,0
41.851149,0,0,0,1,0,0,1,0,0
41.851857,0,0,0,0,0,1,0,0,1
41.856943,0,1,0,0,0,0,0,0,0
41.862776,1,0,0,0,1,0,0,1,0
41.885027,0,1,0,0,0,0,0,0,0
41.890844,0,0,1,0,0,0,0,0,0
41.897025,0,0,0,0,0,1,0,0,1
41.900452,0,0,0,1,0,0,1,0,0
41.917240,1,0,0,0,1,0,0,1,0
41.930398,0,0,1,0,0,0,0,0,0
41.947021,0,1,0,0,0,0,0,0,0
41.950149,0,0,0,0,0,1,0,0,1
41.951330,0,0,0,1,0,0,1,0,0
41.965464,1,0,0,0,1,0,0,1,0
41.988132,0,0,1,0,0,0,0,0,0
41.990511,0,1,0,0,0,0,0,0,0
41.998658,0,0,0,0,0,1,0,0,1
42.001024,0,0,0,1,0,0,1,0,0
42.018640,1,0,0,0,1,0,0,1,0
42.030482,0,0,1,0,0,0,0,0,0
42.046795,0,1,0,0,0,0,0,0,0
42.049806,0,0,0,0,0,1,0,0,1
42.050044,0,0,0,1,0,0,1,0,0
42.061701,1,0,0,0,1,0,0,1,0
42.083392,0,1,0,0,0,0,0,0,0
42.086746,0,0,1,0,0,0,0,0,0
42.099441,0,0,0,1,0,0,1,0,0
42.103527,0,0,0,0,0,1,0,0,1
42.118989,1,0,0,0,0,0,0,0,0
42.138415,0,0,1,0,1,0,0,1,0
42.150461,0,0,0,1,0,0,1,0,0
42.150808,0,0,0,0,0,1,0,0,1
42.165158,1,0,0,0,1,0,0,1,0
42.166788,0,1,0,0,0,0,0,0,0
42.187712,0,0,1,0,0,0,0,0,0
42.191634,0,1,0,0,0,0,0,0,0
42.200406,0,0,0,1,0,0,1,0,0
42.200625,0,0,0,0,0,1,0,0,1
42.214409,1,0,0,0,1,0,0,1,0
42.233051,0,0,1,0,0,0,0,0,0
42.239147,0,1,0,0,0,0,0,0,0
42.250422,0,0,0,1,0,0,1,0,0
42.251573,0,0,0,0,0,1,0,0,1
42.266611,1,0,0,0,0,0,0,0,0
42.286748,0,0,1,0,1,0,0,1,0
42.297968,0,0,0,0,0,1,0,0,1
42.299107,0,0,0,1,0,0,1,0,0
42.312145,0,1,0,0,0,0,0,0,0
42.317873,1,0,0,0,1,0,0,1,0
42.331948,0,0,1,0,0,0,0,0,0
42.345383,0,1,0,0,0,0,0,0,0
42.347311,0,0,0,0,0,1,0,0,1
42.351920,0,0,0,1,0,0,1,0,0
42.366276,1,0,0,0,0,0,0,0,0
42.383072,0,0,1,0,0,0,0,0,0
42.385025,0,0,0,0,1,0,0,1,0
42.399382,0,0,0,1,0,0,1,0,0
42.403965,0,0,0,0,0,1,0,0,1
42.413007,0,1,0,0,0,0,0,0,0
42.414701,1,0,0,0,0,0,0,0,0
42.440456,0,0,1,0,0,0,0,0,0
42.443890,0,0,0,0,1,0,0,1,0
42.450113,0,0,0,0,0,1,0,0,1
42.450253,0,0,0,1,0,0,1,0,0
42.464391,0,1,0,0,0,0,0,0,0
42.464909,1,0,0,0,0,0,0,0,0
42.467040,0,0,0,0,1,0,0,1,0
42.486388,0,0,1,0,0,0,0,0,0
42.495138,0,1,0,0,0,0,0,0,0
42.496658,0,0,0,0,0,1,0,0,1
42.499712,0,0,0,1,0,0,1,0,0
42.509973,1,0,0,0,0,0,0,0,0
42.511647,0,0,0,0,1,0,0,1,0
42.534654,0,0,1,0,0,0,0,0,0
42.539365,0,1,0,0,0,0,0,0,0
42.548712,0,0,0,0,0,1,0,0,1
42.549073,0,0,0,1,0,0,1,0,0
42.559808,1,0,0,0,0,0,0,0,0
42.585392,0,0,1,0,1,0,0,1,0
42.596737,0,0,0,0,0,1,0,0,1
42.600642,0,0,0,1,0,0,1,0,0
42.606215,0,1,0,0,0,0,0,0,0
42.614203,1,0,0,0,0,0,0,0,0
42.626239,0,0,0,0,1,0,0,1,0
42.628630,0,0,1,0,0,0,0,0,0
42.647425,0,0,0,0,0,1,0,0,1
42.649177,0,1,0,0,0,0,0,0,0
42.651551,0,0,0,1,0,0,1,0,0
42.669229,1,0,0,0,0,0,0,0,0
42.684948,0,0,1,0,1,0,0,1,0
42.699680,0,0,0,0,0,1,0,0,1
42.701108,0,0,0,1,0,0,1,0,0
42.710050,0,1,0,0,0,0,0,0,0
42.719729,1,0,0,0,1,0,0,1,0
42.738037,0,0,1,0,0,0,0,0,0
42.742960,0,1,0,0,0,0,0,0,0
42.750228,0,0,0,1,0,0,1,0,0
42.750369,0,0,0,0,0,1,0,0,1
42.761986,1,0,0,0,0,0,0,0,0
42.789751,0,0,1,0,0,0,0,0,0
42.800646,0,0,0,1,1,0,1,1,0
42.803928,0,0,0,0,0,1,0,0,1
42.812715,1,0,0,0,0,0,0,0,0
42.821464,0,0,0,0,1,0,0,1,0
42.825445,0,1,0,0,0,0,0,0,0
42.839875,0,0,1,0,0,0,0,0,0
42.846091,0,1,0,0,0,0,0,0,0
42.848835,0,0,0,1,0,0,1,0,0
42.851153,0,0,0,0,0,1,0,0,1
42.867805,1,0,0,0,0,0,0,0,0
42.889091,0,0,1,0,0,0,0,0,0
42.897883,0,0,0,0,0,1,0,0,1
42.901455,0,0,0,1,0,0,1,0,0
42.919782,1,0,0,0,1,0,0,1,0
42.934079,0,0,1,0,1,0,0,1,0
42.948280,0,1,0,0,0,0,0,0,0
42.948743,0,0,0,1,0,0,1,0,0
42.949926,0,0,0,0,0,1,0,0,1
42.954501,0,1,0,0,0,0,0,0,0
42.959188,1,0,0,0,0,0,0,0,0
42.989053,0,0,1,0,1,0,0,1,0
42.997725,0,0,0,0,0,1,0,0,1
42.999720,0,0,0,1,0,0,1,0,0
43.010584,0,1,0,0,0,0,0,0,0
43.013577,1,0,0,0,0,0,0,0,0
43.035069,0,0,1,0,1,0,0,1,0
43.049087,0,0,0,0,0,1,0,0,1
43.051196,0,0,0,1,0,0,1,0,0
43.059859,0,1,0,0,0,0,0,0,0
43.066051,1,0,0,0,1,0,0,1,0
43.083557,0,0,1,0,0,0,0,0,0
43.088752,0,1,0,0,0,0,0,0,0
43.100056,0,0,0,1,0,0,1,0,0
43.102127,0,0,0,0,0,1,0,0,1
43.118379,1,0,0,0,0,0,0,0,0
43.137737,0,0,1,0,1,0,0,1,0
43.149913,0,0,0,1,0,0,1,0,0
43.150642,0,0,0,0,0,1,0,0,1
43.158311,0,1,0,0,0,0,0,0,0
43.169671,1,0,0,0,0,0,0,0,0
43.187419,0,0,1,0,1,0,0,1,0
43.198764,0,0,0,1,0,0,1,0,0
43.202308,0,0,0,0,0,1,0,0,1
43.212744,1,0,0,0,1,0,0,1,0
43.216018,0,1,0,0,0,0,0,0,0
43.238801,0,1,0,0,0,0,0,0,0
43.240249,0,0,1,0,0,0,0,0,0
43.249757,0,0,0,1,0,0,1,0,0
43.252914,0,0,0,0,0,1,0,0,1
43.265827,1,0,0,0,0,0,0,0,0
43.288619,0,0,1,0,1,0,0,1,0
43.297087,0,0,0,0,0,1,0,0,1
43.300160,0,0,0,1,0,0,1,0,0
43.314804,1,0,0,0,0,0,0,0,0
43.316057,0,1,0,0,1,0,0,1,0
43.330613,0,0,1,0,0,0,0,0,0
43.344510,0,1,0,0,0,0,0,0,0
43.349213,0,0,0,1,0,0,1,0,0
43.350089,0,0,0,0,0,1,0,0,1
43.360238,1,0,0,0,0,0,0,0,0
43.387720,0,0,1,0,0,0,0,0,0
43.400301,0,0,0,1,1,0,1,1,0
43.401140,0,0,0,0,0,1,0,0,1
43.414765,1,0,0,0,1,0,0,1,0
43.428274,0,1,0,0,0,0,0,0,0
43.438244,0,0,1,0,0,0,0,0,0
43.438700,0,1,0,0,0,0,0,0,0
43.448262,0,0,0,0,0,1,0,0,1
43.450631,0,0,0,1,0,0,1,0,0
43.468636,1,0,0,0,1,0,0,1,0
43.487129,0,0,1,0,0,0,0,0,0
43.490229,0,1,0,0,0,0,0,0,0
43.497420,0,0,0,0,0,1,0,0,1
43.499953,0,0,0,1,0,0,1,0,0
43.516033,1,0,0,0,1,0,0,1,0
43.529435,0,0,1,0,0,0,0,0,0
43.543110,0,1,0,0,0,0,0,0,0
43.546846,0,0,0,0,0,1,0,0,1
43.550090,0,0,0,1,0,0,1,0,0
43.561142,1,0,0,0,0,0,0,0,0
43.569026,0,0,0,0,1,0,0,1,0
43.579731,0,0,1,0,0,0,0,0,0
43.593312,0,1,0,0,0,0,0,0,0
43.600810,0,0,0,1,0,0,1,0,0
43.601118,0,0,0,0,0,1,0,0,1
43.612498,1,0,0,0,0,0,0,0,0
43.636163,0,0,1,0,1,0,0,1,0
43.648359,0,0,0,0,0,1,0,0,1
43.650075,0,0,0,1,0,0,1,0,0
43.660549,1,0,0,0,1,0,0,1,0
43.661886,0,1,0,0,0,0,0,0,0
43.684411,0,0,1,0,0,0,0,0,0
43.686749,0,1,0,0,0,0,0,0,0
43.701513,0,0,0,1,0,0,1,0,0
43.703093,0,0,0,0,0,1,0,0,1
43.721261,1,0,0,0,1,0,0,1,0
43.739684,0,0,1,0,0,0,0,0,0
43.746107,0,1,0,0,0,0,0,0,0
43.749168,0,0,0,0,0,1,0,0,1
43.749889,0,0,0,1,0,0,1,0,0
43.765464,1,0,0,0,0,0,0,0,0
43.784953,0,0,1,0,0,0,0,0,0
43.800509,0,0,0,1,1,0,1,1,0
43.801555,0,0,0,0,0,1,0,0,1
43.816289,1,0,0,0,0,0,0,0,0
43.827308,0,1,0,0,1,0,0,1,0
43.834805,0,0,1,0,0,0,0,0,0
43.846276,0,0,0,0,0,1,0,0,1
43.848335,0,1,0,0,0,0,0,0,0
43.851166,0,0,0,1,0,0,1,0,0
43.864160,1,0,0,0,0,0,0,0,0
43.885135,0,0,1,0,1,0,0,1,0
43.897769,0,0,0,0,0,1,0,0,1
43.899374,0,0,0,1,0,0,1,0,0
43.911541,0,1,0,0,0,0,0,0,0
43.913821,1,0,0,0,0,0,0,0,0
43.935824,0,0,1,0,1,0,0,1,0
43.949205,0,0,0,1,0,0,1,0,0
43.950414,0,0,0,0,0,1,0,0,1
43.956994,0,1,0,0,0,0,0,0,0
43.964657,1,0,0,0,0,0,0,0,0
43.969681,0,0,0,0,1,0,0,1,0
43.989107,0,0,1,0,0,0,0,0,0
43.992071,0,1,0,0,0,0,0,0,0
43.999233,0,0,0,0,0,1,0,0,1
43.999311,0,0,0,1,0,0,1,0,0
44.011808,1,0,0,0,1,0,0,1,0
44.033904,0,1,0,0,0,0,0,0,0
44.036379,0,0,1,0,0,0,0,0,0
44.048534,0,0,0,0,0,1,0,0,1
44.049362,0,0,0,1,0,0,1,0,0
44.067603,1,0,0,0,0,0,0,0,0
44.082519,0,0,1,0,0,0,0,0,0
44.098538,0,0,0,0,1,1,0,1,1
44.101457,0,0,0,1,0,0,1,0,0
44.116631,1,0,0,0,0,0,0,0,0
44.124428,0,0,0,0,1,0,0,1,0
44.127670,0,1,0,0,0,0,0,0,0
44.136984,0,0,1,0,0,0,0,0,0
44.147327,0,1,0,0,0,0,0,0,0
44.147661,0,0,0,0,0,1,0,0,1
44.150417,0,0,0,1,0,0,1,0,0
44.163792,1,0,0,0,1,0,0,1,0
44.184019,0,0,1,0,0,0,0,0,0
44.186344,0,1,0,0,0,0,0,0,0
44.200365,0,0,0,1,0,0,1,0,0
44.201056,0,0,0,0,0,1,0,0,1
44.215950,1,0,0,0,0,0,0,0,0
44.237756,0,0,0,0,1,0,0,1,0
44.239832,0,0,1,0,0,0,0,0,0
44.249646,0,0,0,0,0,1,0,0,1
44.250056,0,0,0,1,0,0,1,0,0
44.261175,1,0,0,0,1,0,0,1,0
44.267544,0,1,0,0,0,0,0,0,0
44.284838,0,0,1,0,0,0,0,0,0
44.286639,0,1,0,0,0,0,0,0,0
44.299458,0,0,0,1,0,0,1,0,0
44.300095,0,0,0,0,0,1,0,0,1
44.314697,1,0,0,0,1,0,0,1,0
44.339860,0,0,1,0,0,0,0,0,0
44.340445,0,1,0,0,0,0,0,0,0
44.350855,0,0,0,1,0,0,1,0,0
44.353156,0,0,0,0,0,1,0,0,1
44.366875,1,0,0,0,1,0,0,1,0
44.386734,0,0,1,0,0,0,0,0,0
44.388066,0,1,0,0,0,0,0,0,0
44.399976,0,0,0,1,0,0,1,0,0
44.400373,0,0,0,0,0,1,0,0,1
44.412906,1,0,0,0,0,0,0,0,0
44.435171,0,0,1,0,0,0,0,0,0
44.451907,0,0,0,1,1,0,1,1,0
44.453155,0,0,0,0,0,1,0,0,1
44.470666,1,0,0,0,0,0,0,0,0
44.472097,0,0,0,0,1,0,0,1,0
44.473337,0,1,0,0,0,0,0,0,0
44.485021,0,0,1,0,0,0,0,0,0
44.500506,0,1,0,0,0,0,0,0,0
44.500829,0,0,0,1,0,0,1,0,0
44.501354,0,0,0,0,0,1,0,0,1
44.514395,1,0,0,0,1,0,0,1,0
44.535958,0,0,1,0,0,0,0,0,0
44.535998,0,1,0,0,0,0,0,0,0
44.550218,0,0,0,1,0,0,1,0,0
44.553004,0,0,0,0,0,1,0,0,1
44.561293,1,0,0,0,0,0,0,0,0
44.563318,0,0,0,0,1,0,0,1,0
44.588009,0,0,1,0,0,0,0,0,0
44.593282,0,1,0,0,0,0,0,0,0
44.597271,0,0,0,0,0,1,0,0,1
44.599472,0,0,0,1,0,0,1,0,0
44.614666,1,0,0,0,1,0,0,1,0
44.631566,0,0,1,0,0,0,0,0,0
44.641303,0,1,0,0,0,0,0,0,0
44.650357,0,0,0,0,0,1,0,0,1
44.650518,0,0,0,1,0,0,1,0,0
44.665726,1,0,0,0,0,0,0,0,0
44.681836,0,0,1,0,1,0,0,1,0
44.697063,0,0,0,0,0,1,0,0,1
44.700448,0,0,0,1,0,0,1,0,0
44.703534,0,1,0,0,0,0,0,0,0
44.719780,1,0,0,0,0,0,0,0,0
44.735662,0,0,1,0,1,0,0,1,0
44.748592,0,0,0,1,0,0,1,0,0
44.751253,0,0,0,0,0,1,0,0,1
44.759526,0,1,0,0,0,0,0,0,0
44.763039,1,0,0,0,0,0,0,0,0
44.787402,0,0,1,0,0,0,0,0,0
44.796077,0,0,0,0,0,1,0,0,1
44.799667,0,0,0,1,1,0,1,1,0
44.811521,1,0,0,0,1,0,0,1,0
44.825509,0,1,0,0,0,0,0,0,0
44.833284,0,0,1,0,0,0,0,0,0
44.838295,0,1,0,0,0,0,0,0,0
44.848841,0,0,0,0,0,1,0,0,1
44.850514,0,0,0,1,0,0,1,0,0
44.865289,1,0,0,0,1,0,0,1,0
44.886584,0,0,1,0,0,0,0,0,0
44.887081,0,1,0,0,0,0,0,0,0
44.900386,0,0,0,1,0,0,1,0,0
44.903914,0,0,0,0,0,1,0,0,1
44.916411,1,0,0,0,1,0,0,1,0
44.934739,0,0,1,0,0,0,0,0,0
44.939874,0,1,0,0,0,0,0,0,0
44.950388,0,0,0,0,0,1,0,0,1
44.951259,0,0,0,1,0,0,1,0,0
44.964633,1,0,0,0,1,0,0,1,0
44.987471,0,0,1,0,0,0,0,0,0
44.987837,0,1,0,0,0,0,0,0,0
44.999225,0,0,0,1,0,0,1,0,0
45.001087,0,0,0,0,0,1,0,0,1
45.012726,1,0,0,0,0,0,0,0,0
45.023016,0,0,0,0,1,0,0,1,0
45.038648,0,0,1,0,0,0,0,0,0
45.049995,0,0,0,0,0,1,0,0,1
45.050430,0,0,0,1,0,0,1,0,0
45.052945,0,1,0,0,0,0,0,0,0
45.062170,1,0,0,0,1,0,0,1,0
45.086823,0,0,1,0,0,0,0,0,0
45.088931,0,1,0,0,0,0,0,0,0
45.097187,0,0,0,0,0,1,0,0,1
45.099749,0,0,0,1,0,0,1,0,0
45.114449,1,0,0,0,1,0,0,1,0
45.136416,0,0,1,0,0,0,0,0,0
45.138175,0,1,0,0,0,0,0,0,0
45.151368,0,0,0,1,0,0,1,0,0
45.151690,0,0,0,0,0,1,0,0,1
45.170053,1,0,0,0,0,0,0,0,0
45.182206,0,0,0,0,1,0,0,1,0
45.187798,0,0,1,0,0,0,0,0,0
45.199261,0,0,0,1,0,0,1,0,0
45.200728,0,0,0,0,0,1,0,0,1
45.204765,0,1,0,0,0,0,0,0,0
45.213941,1,0,0,0,1,0,0,1,0
45.237694,0,0,1,0,0,0,0,0,0
45.240227,0,1,0,0,0,0,0,0,0
45.249537,0,0,0,1,0,0,1,0,0
45.251634,0,0,0,0,0,1,0,0,1
45.264542,1,0,0,0,1,0,0,1,0
45.286075,0,0,1,0,0,0,0,0,0
45.289553,0,1,0,0,0,0,0,0,0
45.298985,0,0,0,1,0,0,1,0,0
45.302576,0,0,0,0,0,1,0,0,1
45.314394,1,0,0,0,0,0,0,0,0
45.328182,0,0,0,0,1,0,0,1,0
45.341049,0,0,1,0,0,0,0,0,0
45.346727,0,0,0,0,0,1,0,0,1
45.350171,0,0,0,1,0,0,1,0,0
45.352972,0,1,0,0,0,0,0,0,0
45.362956,1,0,0,0,1,0,0,1,0
45.376899,0,0,1,0,0,0,0,0,0
45.390044,0,1,0,0,0,0,0,0,0
45.398537,0,0,0,0,0,1,0,0,1
45.399389,0,0,0,1,0,0,1,0,0
45.413370,1,0,0,0,0,0,0,0,0
45.434916,0,0,1,0,1,0,0,1,0
45.447906,0,0,0,0,0,1,0,0,1
45.450176,0,0,0,1,0,0,1,0,0
45.461090,0,1,0,0,0,0,0,0,0
45.464772,1,0,0,0,0,0,0,0,0
45.482689,0,0,1,0,1,0,0,1,0
45.499591,0,0,0,1,0,0,1,0,0
45.500090,0,0,0,0,0,1,0,0,1
45.507760,0,1,0,0,0,0,0,0,0
45.517160,1,0,0,0,1,0,0,1,0
45.534116,0,0,1,0,0,0,0,0,0
45.539102,0,1,0,0,0,0,0,0,0
45.548620,0,0,0,0,0,1,0,0,1
45.549987,0,0,0,1,0,0,1,0,0
45.562159,1,0,0,0,1,0,0,1,0
45.579726,0,0,1,0,0,0,0,0,0
45.586173,0,1,0,0,0,0,0,0,0
45.600276,0,0,0,1,0,0,1,0,0
45.601786,0,0,0,0,0,1,0,0,1
45.617721,1,0,0,0,0,0,0,0,0
45.638610,0,0,1,0,0,0,0,0,0
45.647757,0,0,0,0,1,0,0,1,0
45.649555,0,0,0,1,0,0,1,0,0
45.651380,0,0,0,0,0,1,0,0,1
45.663420,1,0,0,0,1,0,0,1,0
45.669779,0,1,0,0,0,0,0,0,0
45.683436,0,1,0,0,0,0,0,0,0
45.683622,0,0,1,0,0,0,0,0,0
45.699404,0,0,0,1,0,0,1,0,0
45.700491,0,0,0,0,0,1,0,0,1
45.715348,1,0,0,0,1,0,0,1,0
45.730622,0,0,1,0,0,0,0,0,0
45.740353,0,1,0,0,0,0,0,0,0
45.750113,0,0,0,1,0,0,1,0,0
45.753416,0,0,0,0,0,1,0,0,1
45.766923,1,0,0,0,1,0,0,1,0
45.788283,0,0,1,0,0,0,0,0,0
45.795079,0,1,0,0,0,0,0,0,0
45.797121,0,0,0,0,0,1,0,0,1
45.801597,0,0,0,1,0,0,1,0,0
45.813365,1,0,0,0,0,0,0,0,0
45.833285,0,0,1,0,0,0,0,0,0
45.849393,0,0,0,1,0,0,1,0,0
45.849797,0,0,0,0,0,1,0,0,1
45.862124,1,0,0,0,0,0,0,0,0
45.871766,0,0,0,0,1,0,0,1,0
45.886084,0,0,1,0,0,0,0,0,0
45.889606,0,0,0,0,1,0,0,1,0
45.894520,0,1,0,0,0,0,0,0,0
45.900201,0,0,0,1,0,0,1,0,0
45.901516,0,0,0,0,0,1,0,0,1
45.910278,0,1,0,0,0,0,0,0,0
45.913842,1,0,0,0,0,0,0,0,0
45.940424,0,0,1,0,0,0,0,0,0
45.944833,0,0,0,0,1,0,0,1,0
45.948964,0,0,0,1,0,0,1,0,0
45.951169,0,0,0,0,0,1,0,0,1
45.961755,1,0,0,0,1,0,0,1,0
45.967954,0,1,0,0,0,0,0,0,0
45.984689,0,0,1,0,0,0,0,0,0
45.986933,0,1,0,0,0,0,0,0,0
45.998802,0,0,0,1,0,0,1,0,0
46.003186,0,0,0,0,0,1,0,0,1
46.009947,1,0,0,0,0,0,0,0,0
46.039701,0,0,1,0,0,0,0,0,0
46.048382,0,0,0,0,1,0,0,1,0
46.049863,0,0,0,1,0,0,1,0,0
46.050892,0,0,0,0,0,1,0,0,1
46.066645,1,0,0,0,1,0,0,1,0
46.072691,0,1,0,0,0,0,0,0,0
46.083111,0,0,1,0,0,0,0,0,0
46.095068,0,1,0,0,0,0,0,0,0
46.098405,0,0,0,1,0,0,1,0,0
46.100450,0,0,0,0,0,1,0,0,1
46.109790,1,0,0,0,1,0,0,1,0
46.133564,0,0,1,0,0,0,0,0,0
46.133770,0,1,0,0,0,0,0,0,0
46.147145,0,0,0,0,0,1,0,0,1
46.150387,0,0,0,1,0,0,1,0,0
46.166843,1,0,0,0,0,0,0,0,0
46.176945,0,0,0,0,1,0,0,1,0
46.186007,0,0,1,0,0,0,0,0,0
46.200483,0,0,0,1,0,0,1,0,0
46.201861,0,1,0,0,0,0,0,0,0
46.203685,0,0,0,0,0,1,0,0,1
46.215178,1,0,0,0,1,0,0,1,0
46.237675,0,1,0,0,0,0,0,0,0
46.243159,0,0,1,0,0,0,0,0,0
46.247795,0,0,0,0,0,1,0,0,1
46.250106,0,0,0,1,0,0,1,0,0
46.266027,1,0,0,0,0,0,0,0,0
46.285659,0,0,1,0,1,0,0,1,0
46.296587,0,0,0,0,0,1,0,0,1
46.300302,0,0,0,1,0,0,1,0,0
46.308169,0,1,0,0,0,0,0,0,0
46.316303,1,0,0,0,1,0,0,1,0
46.334001,0,0,1,0,0,0,0,0,0
46.346079,0,1,0,0,0,0,0,0,0
46.348835,0,0,0,1,0,0,1,0,0
46.350530,0,0,0,0,0,1,0,0,1
46.365379,1,0,0,0,1,0,0,1,0
46.383032,0,0,1,0,0,0,0,0,0
46.391166,0,1,0,0,0,0,0,0,0
46.399256,0,0,0,1,0,0,1,0,0
46.401099,0,0,0,0,0,1,0,0,1
46.410839,1,0,0,0,1,0,0,1,0
46.431159,0,1,0,0,0,0,0,0,0
46.438321,0,0,1,0,0,0,0,0,0
46.446226,0,0,0,0,0,1,0,0,1
46.451307,0,0,0,1,0,0,1,0,0
46.469513,1,0,0,0,0,0,0,0,0
46.480747,0,0,1,0,0,0,0,0,0
46.499010,0,0,0,1,0,0,1,0,0
46.499286,0,0,0,0,1,1,0,1,1
46.509404,1,0,0,0,0,0,0,0,0
46.520639,0,1,0,0,0,0,0,0,0
46.537868,0,0,1,0,1,0,0,1,0
46.549190,0,0,0,1,0,0,1,0,0
46.549646,0,0,0,0,0,1,0,0,1
46.564254,1,0,0,0,1,0,0,1,0
46.566988,0,1,0,0,0,0,0,0,0
46.582861,0,0,1,0,0,0,0,0,0
46.589635,0,1,0,0,0,0,0,0,0
46.600776,0,0,0,0,0,1,0,0,1
46.601551,0,0,0,1,0,0,1,0,0
46.620083,1,0,0,0,1,0,0,1,0
46.639379,0,0,1,0,0,0,0,0,0
46.642707,0,1,0,0,0,0,0,0,0
46.650009,0,0,0,1,0,0,1,0,0
46.652745,0,0,0,0,0,1,0,0,1
46.669812,1,0,0,0,0,0,0,0,0
46.677202,0,0,0,0,1,0,0,1,0
46.683800,0,0,1,0,0,0,0,0,0
46.698271,0,0,0,0,0,1,0,0,1
46.700789,0,0,0,1,0,0,1,0,0
46.701115,0,1,0,0,0,0,0,0,0
46.711778,1,0,0,0,1,0,0,1,0
46.732843,0,1,0,0,0,0,0,0,0
46.734761,0,0,1,0,0,0,0,0,0
46.748125,0,0,0,0,0,1,0,0,1
46.751979,0,0,0,1,0,0,1,0,0
46.771689,1,0,0,0,0,0,0,0,0
46.774329,0,0,0,0,1,0,0,1,0
46.786976,0,0,1,0,0,0,0,0,0
46.795434,0,1,0,0,0,0,0,0,0
46.798596,0,0,0,0,0,1,0,0,1
46.800012,0,0,0,1,0,0,1,0,0
46.813372,1,0,0,0,1,0,0,1,0
46.830735,0,0,1,0,0,0,0,0,0
46.836648,0,1,0,0,0,0,0,0,0
46.851072,0,0,0,1,0,0,1,0,0
46.852963,0,0,0,0,0,1,0,0,1
46.863184,1,0,0,0,1,0,0,1,0
46.887558,0,1,0,0,0,0,0,0,0
46.890279,0,0,1,0,0,0,0,0,0
46.899196,0,0,0,1,0,0,1,0,0
46.902860,0,0,0,0,0,1,0,0,1
46.909664,1,0,0,0,0,0,0,0,0
46.923218,0,0,0,0,1,0,0,1,0
46.936238,0,0,1,0,0,0,0,0,0
46.947577,0,1,0,0,0,0,0,0,0
46.948230,0,0,0,0,0,1,0,0,1
46.949859,0,0,0,1,0,0,1,0,0
46.966192,1,0,0,0,1,0,0,1,0
46.981300,0,0,1,0,0,0,0,0,0
46.987960,0,1,0,0,0,0,0,0,0
46.998469,0,0,0,1,0,0,1,0,0
47.000411,0,0,0,0,0,1,0,0,1
47.016858,1,0,0,0,0,0,0,0,0
47.020946,0,0,0,0,1,0,0,1,0
47.031978,0,0,1,0,0,0,0,0,0
47.045684,0,1,0,0,0,0,0,0,0
47.050443,0,0,0,1,0,0,1,0,0
47.051145,0,0,0,0,0,1,0,0,1
47.062991,1,0,0,0,0,0,0,0,0
47.090093,0,0,1,0,0,0,0,0,0
47.091381,0,0,0,0,1,0,0,1,0
47.101523,0,0,0,1,0,0,1,0,0
47.101892,0,0,0,0,0,1,0,0,1
47.112958,1,0,0,0,1,0,0,1,0
47.118648,0,1,0,0,0,0,0,0,0
47.134742,0,1,0,0,0,0,0,0,0
47.140431,0,0,1,0,0,0,0,0,0
47.150802,0,0,0,1,0,0,1,0,0
47.151693,0,0,0,0,0,1,0,0,1
47.165698,1,0,0,0,1,0,0,1,0
47.190100,0,0,1,0,0,0,0,0,0
47.193290,0,1,0,0,0,0,0,0,0
47.200115,0,0,0,0,0,1,0,0,1
47.200679,0,0,0,1,0,0,1,0,0
47.215457,1,0,0,0,0,0,0,0,0
47.238971,0,0,1,0,0,0,0,0,0
47.250673,0,0,0,1,1,0,1,1,0
47.251959,0,0,0,0,0,1,0,0,1
47.265718,1,0,0,0,1,0,0,1,0
47.275290,0,1,0,0,0,0,0,0,0
47.289749,0,1,0,0,0,0,0,0,0
47.290123,0,0,1,0,0,0,0,0,0
47.300134,0,0,0,1,0,0,1,0,0
47.300538,0,0,0,0,0,1,0,0,1
47.320114,1,0,0,0,0,0,0,0,0
47.328742,0,0,0,0,1,0,0,1,0
47.334431,0,0,1,0,0,0,0,0,0
47.347909,0,0,0,0,0,1,0,0,1
47.348912,0,0,0,1,0,0,1,0,0
47.353633,0,1,0,0,0,0,0,0,0
47.361161,1,0,0,0,1,0,0,1,0
47.384273,0,0,1,0,0,0,0,0,0
47.385668,0,1,0,0,0,0,0,0,0
47.399304,0,0,0,1,0,0,1,0,0
47.399959,0,0,0,0,0,1,0,0,1
47.412049,1,0,0,0,0,0,0,0,0
47.435195,0,0,1,0,1,0,0,1,0
47.448476,0,0,0,1,0,0,1,0,0
47.449717,0,0,0,0,0,1,0,0,1
47.458781,0,1,0,0,0,0,0,0,0
47.465862,1,0,0,0,0,0,0,0,0
47.486009,0,0,1,0,0,0,0,0,0
47.490270,0,0,0,0,1,0,0,1,0
47.497540,0,0,0,0,0,1,0,0,1
47.499955,0,0,0,1,0,0,1,0,0
47.512205,0,1,0,0,0,0,0,0,0
47.513082,1,0,0,0,0,0,0,0,0
47.530419,0,0,1,0,0,0,0,0,0
47.549938,0,0,0,0,1,1,0,1,1
47.551317,0,0,0,1,0,0,1,0,0
47.564144,1,0,0,0,0,0,0,0,0
47.570271,0,0,0,0,1,0,0,1,0
47.574815,0,1,0,0,0,0,0,0,0
47.588613,0,0,1,0,0,0,0,0,0
47.591032,0,1,0,0,0,0,0,0,0
47.597045,0,0,0,0,0,1,0,0,1
47.600355,0,0,0,1,0,0,1,0,0
47.615051,1,0,0,0,1,0,0,1,0
47.630080,0,0,1,0,0,0,0,0,0
47.640197,0,1,0,0,0,0,0,0,0
47.650360,0,0,0,1,0,0,1,0,0
47.653064,0,0,0,0,0,1,0,0,1
47.666189,1,0,0,0,1,0,0,1,0
47.687149,0,0,1,0,0,0,0,0,0
47.693521,0,1,0,0,0,0,0,0,0
47.699852,0,0,0,0,0,1,0,0,1
47.700624,0,0,0,1,0,0,1,0,0
47.716393,1,0,0,0,1,0,0,1,0
47.734632,0,0,1,0,0,0,0,0,0
47.743752,0,1,0,0,0,0,0,0,0
47.749584,0,0,0,0,0,1,0,0,1
47.749675,0,0,0,1,0,0,1,0,0
47.766817,1,0,0,0,1,0,0,1,0
47.787135,0,0,1,0,0,0,0,0,0
47.789614,0,1,0,0,0,0,0,0,0
47.798073,0,0,0,0,0,1,0,0,1
47.799112,0,0,0,1,0,0,1,0,0
47.813374,1,0,0,0,1,0,0,1,0
47.834748,0,1,0,0,0,0,0,0,0
47.836931,0,0,1,0,0,0,0,0,0
47.848036,0,0,0,0,0,1,0,0,1
47.849720,0,0,0,1,0,0,1,0,0
47.868581,1,0,0,0,1,0,0,1,0
47.886321,0,0,1,0,0,0,0,0,0
47.896747,0,1,0,0,0,0,0,0,0
47.899580,0,0,0,1,0,0,1,0,0
47.902624,0,0,0,0,0,1,0,0,1
47.910431,1,0,0,0,0,0,0,0,0
47.933192,0,0,1,0,0,0,0,0,0
47.948170,0,0,0,0,1,1,0,1,1
47.951909,0,0,0,1,0,0,1,0,0
47.969099,1,0,0,0,1,0,0,1,0
47.971106,0,1,0,0,0,0,0,0,0
47.985205,0,0,1,0,0,0,0,0,0
47.989630,0,1,0,0,0,0,0,0,0
47.998567,0,0,0,0,0,1,0,0,1
47.999459,0,0,0,1,0,0,1,0,0
48.014795,1,0,0,0,0,0,0,0,0
48.025227,0,0,0,0,1,0,0,1,0
48.029570,0,0,1,0,0,0,0,0,0
48.049352,0,0,0,1,0,0,1,0,0
48.050773,0,1,0,0,0,0,0,0,0
48.051117,0,0,0,0,0,1,0,0,1
48.062989,1,0,0,0,0,0,0,0,0
48.074183,0,0,0,0,1,0,0,1,0
48.089306,0,0,1,0,0,0,0,0,0
48.097874,0,1,0,0,0,0,0,0,0
48.099092,0,0,0,0,0,1,0,0,1
48.100512,0,0,0,1,0,0,1,0,0
48.119628,1,0,0,0,1,0,0,1,0
48.137769,0,0,1,0,0,0,0,0,0
48.147609,0,1,0,0,0,0,0,0,0
48.149925,0,0,0,1,0,0,1,0,0
48.150878,0,0,0,0,0,1,0,0,1
48.166741,1,0,0,0,1,0,0,1,0
48.189173,0,1,0,0,0,0,0,0,0
48.189860,0,0,1,0,0,0,0,0,0
48.199438,0,0,0,0,0,1,0,0,1
48.201091,0,0,0,1,0,0,1,0,0
48.211259,1,0,0,0,0,0,0,0,0
48.234539,0,0,1,0,1,0,0,1,0
48.248763,0,0,0,1,0,0,1,0,0
48.251186,0,0,0,0,0,1,0,0,1
48.257031,0,1,0,0,0,0,0,0,0
48.262819,1,0,0,0,0,0,0,0,0
48.288924,0,0,1,0,0,0,0,0,0
48.292707,0,0,0,0,1,0,0,1,0
48.299741,0,0,0,1,0,0,1,0,0
48.303115,0,0,0,0,0,1,0,0,1
48.313003,0,1,0,0,0,0,0,0,0
48.316089,1,0,0,0,1,0,0,1,0
48.340431,0,1,0,0,0,0,0,0,0
48.340999,0,0,1,0,0,0,0,0,0
48.349537,0,0,0,1,0,0,1,0,0
48.351842,0,0,0,0,0,1,0,0,1
48.362883,1,0,0,0,1,0,0,1,0
48.385482,0,0,1,0,0,0,0,0,0
48.386496,0,1,0,0,0,0,0,0,0
48.399259,0,0,0,0,0,1,0,0,1
48.399766,0,0,0,1,0,0,1,0,0
48.409940,1,0,0,0,0,0,0,0,0
48.432901,0,0,1,0,1,0,0,1,0
48.448252,0,0,0,0,0,1,0,0,1
48.449992,0,0,0,1,0,0,1,0,0
48.455114,0,1,0,0,0,0,0,0,0
48.463483,1,0,0,0,1,0,0,1,0
48.482422,0,0,1,0,0,0,0,0,0
48.487227,0,1,0,0,0,0,0,0,0
48.499485,0,0,0,1,0,0,1,0,0
48.501313,0,0,0,0,0,1,0,0,1
48.511747,1,0,0,0,1,0,0,1,0
48.531770,0,1,0,0,0,0,0,0,0
48.534252,0,0,1,0,0,0,0,0,0
48.548692,0,0,0,0,0,1,0,0,1
48.549892,0,0,0,1,0,0,1,0,0
48.564542,1,0,0,0,1,0,0,1,0
48.579607,0,0,1,0,0,0,0,0,0
48.592934,0,1,0,0,0,0,0,0,0
48.599351,0,0,0,1,0,0,1,0,0
48.600281,0,0,0,0,0,1,0,0,1
48.614710,1,0,0,0,1,0,0,1,0
48.634204,0,0,1,0,0,0,0,0,0
48.642204,0,1,0,0,0,0,0,0,0
48.648828,0,0,0,1,0,0,1,0,0
48.650704,0,0,0,0,0,1,0,0,1
48.660677,1,0,0,0,0,0,0,0,0
48.685308,0,0,1,0,1,0,0,1,0
48.699543,0,0,0,1,0,0,1,0,0
48.703150,0,0,0,0,0,1,0,0,1
48.709138,0,1,0,0,0,0,0,0,0
48.715427,1,0,0,0,0,0,0,0,0
48.724605,0,0,0,0,1,0,0,1,0
48.735094,0,0,1,0,0,0,0,0,0
48.746977,0,1,0,0,0,0,0,0,0
48.747828,0,0,0,0,0,1,0,0,1
48.749123,0,0,0,1,0,0,1,0,0
48.764166,1,0,0,0,0,0,0,0,0
48.782445,0,0,1,0,1,0,0,1,0
48.796798,0,0,0,0,0,1,0,0,1
48.800069,0,0,0,1,0,0,1,0,0
48.806114,0,1,0,0,0,0,0,0,0
48.814640,1,0,0,0,1,0,0,1,0
48.829056,0,0,1,0,0,0,0,0,0
48.837172,0,1,0,0,0,0,0,0,0
48.846577,0,0,0,0,0,1,0,0,1
48.848844,0,0,0,1,0,0,1,0,0
48.863320,1,0,0,0,1,0,0,1,0
48.885591,0,1,0,0,0,0,0,0,0
48.886453,0,0,1,0,0,0,0,0,0
48.900371,0,0,0,0,0,1,0,0,1
48.901236,0,0,0,1,0,0,1,0,0
48.919314,1,0,0,0,1,0,0,1,0
48.935414,0,0,1,0,0,0,0,0,0
48.949071,0,1,0,0,0,0,0,0,0
48.949243,0,0,0,1,0,0,1,0,0
48.950250,0,0,0,0,0,1,0,0,1
48.963335,1,0,0,0,0,0,0,0,0
48.989011,0,0,1,0,1,0,0,1,0
48.998544,0,0,0,1,0,0,1,0,0
49.003270,0,0,0,0,0,1,0,0,1
49.010058,0,1,0,0,0,0,0,0,0
49.015470,1,0,0,0,0,0,0,0,0
49.018196,0,0,0,0,1,0,0,1,0
49.037438,0,0,1,0,0,0,0,0,0
49.038396,0,1,0,0,0,0,0,0,0
49.051667,0,0,0,1,0,0,1,0,0
49.051820,0,0,0,0,0,1,0,0,1
49.069753,1,0,0,0,1,0,0,1,0
49.090123,0,0,1,0,0,0,0,0,0
49.095119,0,1,0,0,0,0,0,0,0
49.099467,0,0,0,0,0,1,0,0,1
49.100627,0,0,0,1,0,0,1,0,0
49.116766,1,0,0,0,1,0,0,1,0
49.137829,0,0,1,0,0,0,0,0,0
49.146224,0,1,0,0,0,0,0,0,0
49.149034,0,0,0,0,0,1,0,0,1
49.149645,0,0,0,1,0,0,1,0,0
49.160536,1,0,0,0,0,0,0,0,0
49.163783,0,0,0,0,1,0,0,1,0
49.187077,0,0,1,0,0,0,0,0,0
49.190064,0,1,0,0,0,0,0,0,0
49.200503,0,0,0,0,0,1,0,0,1
49.201272,0,0,0,1,0,0,1,0,0
49.212284,1,0,0,0,1,0,0,1,0
49.234321,0,0,1,0,0,0,0,0,0
49.235706,0,1,0,0,0,0,0,0,0
49.248185,0,0,0,0,0,1,0,0,1
49.249095,0,0,0,1,0,0,1,0,0
49.266670,1,0,0,0,1,0,0,1,0
49.282195,0,0,1,0,0,0,0,0,0
49.295923,0,1,0,0,0,0,0,0,0
49.299949,0,0,0,1,0,0,1,0,0
49.302900,0,0,0,0,0,1,0,0,1
49.314244,1,0,0,0,1,0,0,1,0
49.334546,0,0,1,0,0,0,0,0,0
49.341374,0,1,0,0,0,0,0,0,0
49.350594,0,0,0,1,0,0,1,0,0
49.351272,0,0,0,0,0,1,0,0,1
49.366462,1,0,0,0,0,0,0,0,0
49.389675,0,0,1,0,1,0,0,1,0
49.397633,0,0,0,0,0,1,0,0,1
49.399549,0,0,0,1,0,0,1,0,0
49.413159,1,0,0,0,1,0,0,1,0
49.413808,0,1,0,0,0,0,0,0,0
49.436167,0,0,1,0,0,0,0,0,0
49.438626,0,1,0,0,0,0,0,0,0
49.446635,0,0,0,0,0,1,0,0,1
49.451032,0,0,0,1,0,0,1,0,0
49.462251,1,0,0,0,0,0,0,0,0
49.483097,0,0,1,0,1,0,0,1,0
49.499258,0,0,0,1,0,0,1,0,0
49.500970,0,0,0,0,0,1,0,0,1
49.512784,0,1,0,0,0,0,0,0,0
49.517165,1,0,0,0,0,0,0,0,0
49.540901,0,0,1,0,0,0,0,0,0
49.549975,0,0,0,1,0,0,1,0,0
49.551769,0,0,0,0,1,1,0,1,1
49.569488,1,0,0,0,0,0,0,0,0
49.576347,0,0,0,0,1,0,0,1,0
49.579090,0,1,0,0,0,0,0,0,0
49.590547,0,0,1,0,0,0,0,0,0
49.598099,0,1,0,0,0,0,0,0,0
49.598254,0,0,0,0,0,1,0,0,1
49.599683,0,0,0,1,0,0,1,0,0
49.614324,1,0,0,0,0,0,0,0,0
49.627273,0,0,0,0,1,0,0,1,0
49.636670,0,0,1,0,0,0,0,0,0
49.649095,0,0,0,0,0,1,0,0,1
49.650750,0,0,0,1,0,0,1,0,0
49.656196,0,1,0,0,0,0,0,0,0
49.670524,1,0,0,0,1,0,0,1,0
49.686233,0,0,1,0,0,0,0,0,0
49.696346,0,1,0,0,0,0,0,0,0
49.697439,0,0,0,0,0,1,0,0,1
49.701305,0,0,0,1,0,0,1,0,0
49.714834,1,0,0,0,0,0,0,0,0
49.730175,0,0,1,0,0,0,0,0,0
49.746336,0,0,0,0,0,1,0,0,1
49.751051,0,0,0,1,0,0,1,0,0
49.758380,0,0,0,0,1,0,0,1,0
49.762396,1,0,0,0,1,0,0,1,0
49.780498,0,0,1,0,0,0,0,0,0
49.786460,0,1,0,0,0,0,0,0,0
49.788072,0,1,0,0,0,0,0,0,0
49.797485,0,0,0,0,0,1,0,0,1
49.798982,0,0,0,1,0,0,1,0,0
49.814253,1,0,0,0,1,0,0,1,0
49.833935,0,0,1,0,0,0,0,0,0
49.841098,0,1,0,0,0,0,0,0,0
49.848670,0,0,0,1,0,0,1,0,0
49.849991,0,0,0,0,0,1,0,0,1
49.859892,1,0,0,0,1,0,0,1,0
49.882457,0,0,1,0,0,0,0,0,0
49.884235,0,1,0,0,0,0,0,0,0
49.899242,0,0,0,0,0,1,0,0,1
49.899446,0,0,0,1,0,0,1,0,0
49.918436,1,0,0,0,0,0,0,0,0
49.936699,0,0,1,0,0,0,0,0,0
49.945472,0,0,0,0,1,0,0,1,0
49.950315,0,0,0,1,0,0,1,0,0
49.951077,0,0,0,0,0,1,0,0,1
49.966313,0,1,0,0,0,0,0,0,0
49.967669,1,0,0,0,1,0,0,1,0
49.984184,0,0,1,0,0,0,0,0,0
49.994494,0,1,0,0,0,0,0,0,0
49.999920,0,0,0,1,0,0,1,0,0
50.003755,0,0,0,0,0,1,0,0,1
50.015419,1,0,0,0,0,0,0,0,0
50.036751,0,0,1,0,0,0,0,0,0
50.049754,0,0,0,1,0,0,1,0,0
50.051391,0,0,0,0,0,1,0,0,1
50.055432,0,0,0,0,1,0,0,1,0
50.061095,1,0,0,0,1,0,0,1,0
50.081708,0,1,0,0,0,0,0,0,0
50.082870,0,1,0,0,0,0,0,0,0
50.084247,0,0,1,0,0,0,0,0,0
50.098364,0,0,0,0,0,1,0,0,1
50.098987,0,0,0,1,0,0,1,0,0
50.109343,1,0,0,0,0,0,0,0,0
50.132481,0,0,1,0,0,0,0,0,0
50.150413,0,0,0,1,0,0,1,0,0
50.152176,0,0,0,0,0,1,0,0,1
50.164046,1,0,0,0,0,0,0,0,0
50.190046,0,0,1,0,0,0,0,0,0
50.200481,0,0,0,0,0,1,0,0,1
50.200897,0,0,0,1,0,0,1,0,0
50.211842,1,0,0,0,0,0,0,0,0
50.232850,0,0,1,0,1,0,0,1,0
50.249890,0,0,0,1,1,0,1,1,0
50.250310,0,0,0,0,1,1,0,1,1
50.259759,0,1,0,0,0,0,0,0,0
50.265568,1,0,0,0,1,0,0,1,0
50.273976,0,1,0,0,0,0,0,0,0
50.275935,0,1,0,0,0,0,0,0,0
50.287389,0,1,0,0,0,0,0,0,0
50.289158,0,0,1,0,0,0,0,0,0
50.299245,0,0,0,1,0,0,1,0,0
50.301136,0,0,0,0,0,1,0,0,1
50.317316,1,0,0,0,1,0,0,1,0
50.337861,0,1,0,0,0,0,0,0,0
50.339201,0,0,1,0,0,0,0,0,0
50.349848,0,0,0,1,0,0,1,0,0
50.350693,0,0,0,0,0,1,0,0,1
50.363043,1,0,0,0,1,0,0,1,0
50.388666,0,0,1,0,0,0,0,0,0
50.391621,0,1,0,0,0,0,0,0,0
50.399504,0,0,0,1,0,0,1,0,0
50.403420,0,0,0,0,0,1,0,0,1
50.417212,1,0,0,0,1,0,0,1,0
50.437508,0,1,0,0,0,0,0,0,0
50.443013,0,0,1,0,0,0,0,0,0
50.447946,0,0,0,0,0,1,0,0,1
50.450032,0,0,0,1,0,0,1,0,0
50.460385,1,0,0,0,0,0,0,0,0
50.476014,0,0,0,0,1,0,0,1,0
50.479793,0,0,1,0,0,0,0,0,0
50.499666,0,0,0,0,0,1,0,0,1
50.500279,0,0,0,1,0,0,1,0,0
50.500784,0,1,0,0,0,0,0,0,0
50.519304,1,0,0,0,0,0,0,0,0
50.535510,0,0,1,0,0,0,0,0,0
50.551227,0,0,0,1,1,0,1,1,0
50.553243,0,0,0,0,0,1,0,0,1
50.562070,1,0,0,0,0,0,0,0,0
50.574711,0,1,0,0,0,0,0,0,0
50.592110,0,0,1,0,0,0,0,0,0
50.598896,0,0,0,1,1,0,1,1,0
50.600633,0,0,0,0,0,1,0,0,1
50.614025,1,0,0,0,1,0,0,1,0
50.619049,0,1,0,0,0,0,0,0,0
50.637167,0,0,1,0,0,0,0,0,0
50.643742,0,1,0,0,0,0,0,0,0
50.650001,0,0,0,0,0,1,0,0,1
50.650547,0,0,0,1,0,0,1,0,0
50.664111,1,0,0,0,1,0,0,1,0
50.686606,0,1,0,0,0,0,0,0,0
50.688713,0,0,1,0,0,0,0,0,0
50.698467,0,0,0,1,0,0,1,0,0
50.701063,0,0,0,0,0,1,0,0,1
50.710385,1,0,0,0,1,0,0,1,0
50.737161,0,0,1,0,0,0,0,0,0
50.737569,0,1,0,0,0,0,0,0,0
50.748156,0,0,0,1,0,0,1,0,0
50.748458,0,0,0,0,0,1,0,0,1
50.763921,1,0,0,0,0,0,0,0,0
50.784032,0,0,1,0,0,0,0,0,0
50.799995,0,0,0,1,0,0,1,0,0
50.801126,0,0,0,0,1,1,0,1,1
50.816245,1,0,0,0,1,0,0,1,0
50.830288,0,1,0,0,0,0,0,0,0
50.835715,0,0,1,0,0,0,0,0,0
50.840712,0,1,0,0,0,0,0,0,0
50.850099,0,0,0,1,0,0,1,0,0
50.853087,0,0,0,0,0,1,0,0,1
50.866975,1,0,0,0,0,0,0,0,0
50.888035,0,0,1,0,1,0,0,1,0
50.899787,0,0,0,1,0,0,1,0,0
50.902219,0,0,0,0,0,1,0,0,1
50.916610,1,0,0,0,1,0,0,1,0
50.917701,0,1,0,0,0,0,0,0,0
50.938805,0,1,0,0,0,0,0,0,0
50.940564,0,0,1,0,0,0,0,0,0
50.948329,0,0,0,0,0,1,0,0,1
50.950832,0,0,0,1,0,0,1,0,0
50.964918,1,0,0,0,1,0,0,1,0
50.983632,0,0,1,0,0,0,0,0,0
50.989429,0,1,0,0,0,0,0,0,0
50.998543,0,0,0,0,0,1,0,0,1
50.999465,0,0,0,1,0,0,1,0,0
51.011001,1,0,0,0,0,0,0,0,0
51.035742,0,0,1,0,1,0,0,1,0
51.048115,0,0,0,0,0,1,0,0,1
51.050426,0,0,0,1,0,0,1,0,0
51.065375,0,1,0,0,0,0,0,0,0
51.069752,1,0,0,0,1,0,0,1,0
51.083572,0,0,1,0,0,0,0,0,0
51.092245,0,1,0,0,0,0,0,0,0
51.099120,0,0,0,0,0,1,0,0,1
51.099805,0,0,0,1,0,0,1,0,0
51.117744,1,0,0,0,1,0,0,1,0
51.135400,0,0,1,0,0,0,0,0,0
51.145710,0,1,0,0,0,0,0,0,0
51.149702,0,0,0,1,0,0,1,0,0
51.151729,0,0,0,0,0,1,0,0,1
51.163563,1,0,0,0,1,0,0,1,0
51.184640,0,0,1,0,0,0,0,0,0
51.192195,0,1,0,0,0,0,0,0,0
51.201364,0,0,0,1,0,0,1,0,0
51.202013,0,0,0,0,0,1,0,0,1
51.214082,1,0,0,0,1,0,0,1,0
51.239953,0,1,0,0,0,0,0,0,0
51.241250,0,0,1,0,0,0,0,0,0
51.250270,0,0,0,1,0,0,1,0,0
51.250866,0,0,0,0,0,1,0,0,1
51.261216,1,0,0,0,0,0,0,0,0
51.281389,0,0,1,0,1,0,0,1,0
51.299842,0,0,0,1,0,0,1,0,0
51.301547,0,0,0,0,0,1,0,0,1
51.302604,0,1,0,0,0,0,0,0,0
51.313210,1,0,0,0,1,0,0,1,0
51.333941,0,1,0,0,0,0,0,0,0
51.334689,0,0,1,0,0,0,0,0,0
51.349820,0,0,0,1,0,0,1,0,0
51.351118,0,0,0,0,0,1,0,0,1
51.364971,1,0,0,0,1,0,0,1,0
51.385687,0,0,1,0,0,0,0,0,0
51.391974,0,1,0,0,0,0,0,0,0
51.400089,0,0,0,1,0,0,1,0,0
51.400264,0,0,0,0,0,1,0,0,1
51.416392,1,0,0,0,1,0,0,1,0
51.437736,0,0,1,0,0,0,0,0,0
51.441622,0,1,0,0,0,0,0,0,0
51.446321,0,0,0,0,0,1,0,0,1
51.449756,0,0,0,1,0,0,1,0,0
51.460585,1,0,0,0,1,0,0,1,0
51.486059,0,0,1,0,0,0,0,0,0
51.488653,0,1,0,0,0,0,0,0,0
51.499249,0,0,0,1,0,0,1,0,0
51.500951,0,0,0,0,0,1,0,0,1
51.512811,1,0,0,0,0,0,0,0,0
51.531061,0,0,0,0,1,0,0,1,0
51.540603,0,0,1,0,0,0,0,0,0
51.547585,0,0,0,0,0,1,0,0,1
51.550816,0,0,0,1,0,0,1,0,0
51.560360,0,1,0,0,0,0,0,0,0
51.561130,1,0,0,0,0,0,0,0,0
51.583373,0,0,1,0,1,0,0,1,0
51.598559,0,0,0,0,0,1,0,0,1
51.600976,0,0,0,1,0,0,1,0,0
51.608535,0,1,0,0,0,0,0,0,0
51.613071,1,0,0,0,0,0,0,0,0
51.637903,0,0,1,0,1,0,0,1,0
51.647792,0,0,0,0,0,1,0,0,1
51.648213,0,0,0,1,0,0,1,0,0
51.666878,1,0,0,0,1,0,0,1,0
51.667497,0,1,0,0,0,0,0,0,0
51.685961,0,0,1,0,0,0,0,0,0
51.688228,0,1,0,0,0,0,0,0,0
51.699726,0,0,0,0,0,1,0,0,1
51.700604,0,0,0,1,0,0,1,0,0
51.716392,1,0,0,0,0,0,0,0,0
51.733105,0,0,1,0,0,0,0,0,0
51.746741,0,0,0,0,0,1,0,0,1
51.748463,0,0,0,1,0,0,1,0,0
51.760848,1,0,0,0,1,0,0,1,0
51.770140,0,0,0,0,1,0,0,1,0
51.779127,0,0,1,0,0,0,0,0,0
51.780961,0,1,0,0,0,0,0,0,0
51.796814,0,1,0,0,0,0,0,0,0
51.799553,0,0,0,0,0,1,0,0,1
51.799644,0,0,0,1,0,0,1,0,0
51.815989,1,0,0,0,0,0,0,0,0
51.830152,0,0,1,0,0,0,0,0,0
51.850719,0,0,0,1,1,0,1,1,0
51.852839,0,0,0,0,0,1,0,0,1
51.865901,1,0,0,0,0,0,0,0,0
51.877522,0,1,0,0,0,0,0,0,0
51.886890,0,0,0,0,1,0,0,1,0
51.892487,0,0,1,0,0,0,0,0,0
51.898579,0,0,0,0,0,1,0,0,1
51.900099,0,0,0,1,0,0,1,0,0
51.916793,0,1,0,0,0,0,0,0,0
51.917393,1,0,0,0,0,0,0,0,0
51.936794,0,0,1,0,1,0,0,1,0
51.950638,0,0,0,1,0,0,1,0,0
51.952465,0,0,0,0,0,1,0,0,1
51.959344,0,1,0,0,0,0,0,0,0
51.966929,1,0,0,0,0,0,0,0,0
51.983788,0,0,1,0,0,0,0,0,0
51.996640,0,0,0,0,1,1,0,1,1
52.000740,0,0,0,1,0,0,1,0,0
52.012974,1,0,0,0,0,0,0,0,0
52.022797,0,1,0,0,1,0,0,1,0
52.035345,0,0,1,0,0,0,0,0,0
52.042960,0,1,0,0,0,0,0,0,0
52.049493,0,0,0,1,0,0,1,0,0
52.049712,0,0,0,0,0,1,0,0,1
52.067313,1,0,0,0,1,0,0,1,0
52.085295,0,0,1,0,0,0,0,0,0
52.088654,0,1,0,0,0,0,0,0,0
52.098302,0,0,0,1,0,0,1,0,0
52.101926,0,0,0,0,0,1,0,0,1
52.112918,1,0,0,0,1,0,0,1,0
52.135413,0,1,0,0,0,0,0,0,0
52.139259,0,0,1,0,0,0,0,0,0
52.149602,0,0,0,1,0,0,1,0,0
52.149864,0,0,0,0,0,1,0,0,1
52.162356,1,0,0,0,1,0,0,1,0
52.184546,0,1,0,0,0,0,0,0,0
52.188624,0,0,1,0,0,0,0,0,0
52.197677,0,0,0,0,0,1,0,0,1
52.201352,0,0,0,1,0,0,1,0,0
52.218103,1,0,0,0,0,0,0,0,0
52.234061,0,0,1,0,0,0,0,0,0
52.248500,0,0,0,0,0,1,0,0,1
52.249322,0,0,0,0,1,0,0,1,0
52.250223,0,0,0,1,0,0,1,0,0
52.268172,1,0,0,0,0,0,0,0,0
52.270890,0,0,0,0,1,0,0,1,0
52.272327,0,1,0,0,0,0,0,0,0
52.286544,0,0,1,0,0,0,0,0,0
52.297923,0,1,0,0,0,0,0,0,0
52.299761,0,0,0,1,0,0,1,0,0
52.300918,0,0,0,0,0,1,0,0,1
52.313247,1,0,0,0,1,0,0,1,0
52.333256,0,1,0,0,0,0,0,0,0
52.338007,0,0,1,0,0,0,0,0,0
52.346763,0,0,0,0,0,1,0,0,1
52.351266,0,0,0,1,0,0,1,0,0
52.363336,1,0,0,0,0,0,0,0,0
52.379623,0,0,1,0,1,0,0,1,0
52.400263,0,0,0,0,0,1,0,0,1
52.400425,0,0,0,1,0,0,1,0,0
52.407727,0,1,0,0,0,0,0,0,0
52.414134,1,0,0,0,0,0,0,0,0
52.435225,0,0,1,0,0,0,0,0,0
52.448856,0,0,0,0,0,1,0,0,1
52.450411,0,0,0,1,0,0,1,0,0
52.463233,1,0,0,0,0,0,0,0,0
52.485890,0,0,1,0,1,0,0,1,0
52.491255,0,0,0,0,1,0,0,1,0
52.498491,0,0,0,1,0,0,1,0,0
52.498876,0,0,0,0,0,1,0,0,1
52.509981,0,1,0,0,0,0,0,0,0
52.512959,1,0,0,0,0,0,0,0,0
52.518702,0,1,0,0,1,0,0,1,0
52.531225,0,0,1,0,0,0,0,0,0
52.548025,0,1,0,0,0,0,0,0,0
52.548106,0,0,0,1,0,0,1,0,0
52.550860,0,0,0,0,0,1,0,0,1
52.561860,1,0,0,0,0,0,0,0,0
52.587336,0,0,1,0,1,0,0,1,0
52.600822,0,0,0,1,0,0,1,0,0
52.602347,0,0,0,0,0,1,0,0,1
52.613100,0,1,0,0,0,0,0,0,0
52.618673,1,0,0,0,1,0,0,1,0
52.637165,0,0,1,0,0,0,0,0,0
52.641833,0,1,0,0,0,0,0,0,0
52.650894,0,0,0,0,0,1,0,0,1
52.651299,0,0,0,1,0,0,1,0,0
52.666157,1,0,0,0,1,0,0,1,0
52.687613,0,0,1,0,0,0,0,0,0
52.691999,0,1,0,0,0,0,0,0,0
52.700088,0,0,0,0,0,1,0,0,1
52.700466,0,0,0,1,0,0,1,0,0
52.713483,1,0,0,0,0,0,0,0,0
52.736966,0,0,1,0,0,0,0,0,0
52.749737,0,0,0,1,1,0,1,1,0
52.750771,0,0,0,0,0,1,0,0,1
52.764499,1,0,0,0,1,0,0,1,0
52.773521,0,1,0,0,0,0,0,0,0
52.787181,0,0,1,0,0,0,0,0,0
52.787637,0,1,0,0,0,0,0,0,0
52.798542,0,0,0,1,0,0,1,0,0
52.800112,0,0,0,0,0,1,0,0,1
52.810525,1,0,0,0,0,0,0,0,0
52.837376,0,0,1,0,0,0,0,0,0
52.850091,0,0,0,1,0,0,1,0,0
52.851766,0,0,0,0,1,1,0,1,1
52.865841,1,0,0,0,0,0,0,0,0
52.880620,0,1,0,0,0,0,0,0,0
52.885795,0,0,1,0,1,0,0,1,0
52.900220,0,0,0,1,0,0,1,0,0
52.903313,0,0,0,0,0,1,0,0,1
52.912345,1,0,0,0,0,0,0,0,0
52.912719,0,0,0,0,1,0,0,1,0
52.913093,0,1,0,0,0,0,0,0,0
52.935846,0,0,1,0,0,0,0,0,0
52.942047,0,1,0,0,0,0,0,0,0
52.948938,0,0,0,1,0,0,1,0,0
52.952250,0,0,0,0,0,1,0,0,1
52.960960,1,0,0,0,1,0,0,1,0
52.983483,0,1,0,0,0,0,0,0,0
52.986636,0,0,1,0,0,0,0,0,0
53.000617,0,0,0,1,0,0,1,0,0
53.003153,0,0,0,0,0,1,0,0,1
53.017752,1,0,0,0,0,0,0,0,0
53.036689,0,0,1,0,0,0,0,0,0
53.038940,0,0,0,0,1,0,0,1,0
53.046269,0,0,0,0,0,1,0,0,1
53.050879,0,0,0,1,0,0,1,0,0
53.060707,0,1,0,0,0,0,0,0,0
53.062153,1,0,0,0,0,0,0,0,0
53.084017,0,0,1,0,1,0,0,1,0
53.098233,0,0,0,0,0,1,0,0,1
53.100741,0,0,0,1,0,0,1,0,0
53.110964,0,1,0,0,0,0,0,0,0
53.114716,1,0,0,0,0,0,0,0,0
53.124374,0,0,0,0,1,0,0,1,0
53.129393,0,0,1,0,0,0,0,0,0
53.147296,0,0,0,0,0,1,0,0,1
53.149322,0,0,0,1,0,0,1,0,0
53.151798,0,1,0,0,0,0,0,0,0
53.160614,1,0,0,0,0,0,0,0,0
53.179334,0,0,0,0,1,0,0,1,0
53.185493,0,0,1,0,0,0,0,0,0
53.199976,0,0,0,0,0,1,0,0,1
53.201302,0,0,0,1,0,0,1,0,0
53.202298,0,1,0,0,0,0,0,0,0
53.217107,1,0,0,0,0,0,0,0,0
53.220701,0,0,0,0,1,0,0,1,0
53.238865,0,0,1,0,0,0,0,0,0
53.243776,0,1,0,0,0,0,0,0,0
53.249999,0,0,0,1,0,0,1,0,0
53.252631,0,0,0,0,0,1,0,0,1
53.267080,1,0,0,0,0,0,0,0,0
53.292589,0,0,1,0,1,0,0,1,0
53.298948,0,0,0,1,0,0,1,0,0
53.299813,0,0,0,0,0,1,0,0,1
53.313856,1,0,0,0,1,0,0,1,0
53.318579,0,1,0,0,0,0,0,0,0
53.334646,0,0,1,0,0,0,0,0,0
53.335708,0,1,0,0,0,0,0,0,0
53.348661,0,0,0,0,0,1,0,0,1
53.349307,0,0,0,1,0,0,1,0,0
53.365091,1,0,0,0,0,0,0,0,0
53.384578,0,0,1,0,1,0,0,1,0
53.400786,0,0,0,1,0,0,1,0,0
53.401699,0,0,0,0,0,1,0,0,1
53.407835,0,1,0,0,0,0,0,0,0
53.414334,1,0,0,0,0,0,0,0,0
53.418657,0,0,0,0,1,0,0,1,0
53.434239,0,0,1,0,0,0,0,0,0
53.439949,0,1,0,0,0,0,0,0,0
53.448722,0,0,0,1,0,0,1,0,0
53.452100,0,0,0,0,0,1,0,0,1
53.466435,1,0,0,0,1,0,0,1,0
53.486349,0,0,1,0,0,0,0,0,0
53.492154,0,1,0,0,0,0,0,0,0
53.500194,0,0,0,1,0,0,1,0,0
53.500896,0,0,0,0,0,1,0,0,1
53.511972,1,0,0,0,1,0,0,1,0
53.534151,0,0,1,0,0,0,0,0,0
53.537984,0,1,0,0,0,0,0,0,0
53.549626,0,0,0,0,0,1,0,0,1
53.550476,0,0,0,1,0,0,1,0,0
53.566200,1,0,0,0,0,0,0,0,0
53.569602,0,0,0,0,1,0,0,1,0
53.582501,0,0,1,0,0,0,0,0,0
53.595295,0,1,0,0,0,0,0,0,0
53.597695,0,0,0,0,0,1,0,0,1
53.600807,0,0,0,1,0,0,1,0,0
53.617693,1,0,0,0,1,0,0,1,0
53.636374,0,0,1,0,0,0,0,0,0
53.642598,0,1,0,0,0,0,0,0,0
53.650022,0,0,0,0,0,1,0,0,1
53.651104,0,0,0,1,0,0,1,0,0
53.663641,1,0,0,0,0,0,0,0,0
53.686590,0,0,1,0,1,0,0,1,0
53.699436,0,0,0,0,0,1,0,0,1
53.700048,0,0,0,1,0,0,1,0,0
53.710017,0,1,0,0,0,0,0,0,0
53.714113,1,0,0,0,1,0,0,1,0
53.734955,0,0,1,0,0,0,0,0,0
53.743025,0,1,0,0,0,0,0,0,0
53.751403,0,0,0,1,0,0,1,0,0
53.751780,0,0,0,0,0,1,0,0,1
53.768693,1,0,0,0,1,0,0,1,0
53.785614,0,0,1,0,0,0,0,0,0
53.793101,0,1,0,0,0,0,0,0,0
53.799337,0,0,0,0,0,1,0,0,1
53.800323,0,0,0,1,0,0,1,0,0
53.813364,1,0,0,0,1,0,0,1,0
53.829421,0,0,1,0,0,0,0,0,0
53.834981,0,1,0,0,0,0,0,0,0
53.847969,0,0,0,0,0,1,0,0,1
53.850525,0,0,0,1,0,0,1,0,0
53.860609,1,0,0,0,0,0,0,0,0
53.876368,0,0,0,0,1,0,0,1,0
53.884579,0,0,1,0,0,0,0,0,0
53.898258,0,0,0,1,0,0,1,0,0
53.900596,0,0,0,0,0,1,0,0,1
53.900978,0,1,0,0,0,0,0,0,0
53.915139,1,0,0,0,0,0,0,0,0
53.919975,0,0,0,0,1,0,0,1,0
53.937103,0,0,1,0,0,0,0,0,0
53.945261,0,1,0,0,0,0,0,0,0
53.950303,0,0,0,1,0,0,1,0,0
53.952158,0,0,0,0,0,1,0,0,1
53.967396,1,0,0,0,1,0,0,1,0
53.987838,0,1,0,0,0,0,0,0,0
53.990597,0,0,1,0,0,0,0,0,0
53.996365,0,0,0,0,0,1,0,0,1
53.999864,0,0,0,1,0,0,1,0,0
54.016445,1,0,0,0,1,0,0,1,0
54.028620,0,0,1,0,0,0,0,0,0
54.036771,0,1,0,0,0,0,0,0,0
54.049728,0,0,0,0,0,1,0,0,1
54.050034,0,0,0,1,0,0,1,0,0
54.064510,1,0,0,0,1,0,0,1,0
54.085621,0,0,1,0,0,0,0,0,0
54.090597,0,1,0,0,0,0,0,0,0
54.098416,0,0,0,0,0,1,0,0,1
54.100270,0,0,0,1,0,0,1,0,0
54.112017,1,0,0,0,0,0,0,0,0
54.130399,0,0,1,0,0,0,0,0,0
54.150364,0,0,0,0,1,1,0,1,1
54.151689,0,0,0,1,0,0,1,0,0
54.167027,1,0,0,0,0,0,0,0,0
54.178202,0,1,0,0,0,0,0,0,0
54.181588,0,0,1,0,1,0,0,1,0
54.200893,0,0,0,1,0,0,1,0,0
54.202430,0,1,0,0,0,0,0,0,0
54.202670,0,0,0,0,0,1,0,0,1
54.211440,1,0,0,0,1,0,0,1,0
54.231536,0,1,0,0,0,0,0,0,0
54.242377,0,0,1,0,0,0,0,0,0
54.249510,0,0,0,1,0,0,1,0,0
54.250332,0,0,0,0,0,1,0,0,1
54.265941,1,0,0,0,0,0,0,0,0
54.286980,0,0,0,0,1,0,0,1,0
54.288676,0,0,1,0,0,0,0,0,0
54.299999,0,0,0,1,0,0,1,0,0
54.302114,0,0,0,0,0,1,0,0,1
54.311704,0,1,0,0,0,0,0,0,0
54.316975,1,0,0,0,1,0,0,1,0
54.337347,0,0,1,0,0,0,0,0,0
54.342460,0,1,0,0,0,0,0,0,0
54.349506,0,0,0,1,0,0,1,0,0
54.351654,0,0,0,0,0,1,0,0,1
54.366113,1,0,0,0,0,0,0,0,0
54.389532,0,0,1,0,1,0,0,1,0
54.399008,0,0,0,0,0,1,0,0,1
54.400054,0,0,0,1,0,0,1,0,0
54.413179,0,1,0,0,0,0,0,0,0
54.418372,1,0,0,0,0,0,0,0,0
54.424328,0,0,0,0,1,0,0,1,0
54.434785,0,0,1,0,0,0,0,0,0
54.447494,0,1,0,0,0,0,0,0,0
54.448772,0,0,0,0,0,1,0,0,1
54.450817,0,0,0,1,0,0,1,0,0
54.466442,1,0,0,0,1,0,0,1,0
54.480538,0,0,1,0,0,0,0,0,0
54.489010,0,1,0,0,0,0,0,0,0
54.499534,0,0,0,1,0,0,1,0,0
54.501341,0,0,0,0,0,1,0,0,1
54.511580,1,0,0,0,1,0,0,1,0
54.533360,0,1,0,0,0,0,0,0,0
54.533373,0,0,1,0,0,0,0,0,0
54.547500,0,0,0,0,0,1,0,0,1
54.548256,0,0,0,1,0,0,1,0,0
54.560741,1,0,0,0,0,0,0,0,0
54.582458,0,0,1,0,1,0,0,1,0
54.598839,0,0,0,0,0,1,0,0,1
54.600014,0,0,0,1,0,0,1,0,0
54.603907,0,1,0,0,0,0,0,0,0
54.613003,1,0,0,0,0,0,0,0,0
54.636156,0,0,1,0,0,0,0,0,0
54.649204,0,0,0,1,1,0,1,1,0
54.651774,0,0,0,0,0,1,0,0,1
54.660975,1,0,0,0,0,0,0,0,0
54.666839,0,0,0,0,1,0,0,1,0
54.671941,0,1,0,0,0,0,0,0,0
54.686624,0,0,1,0,0,0,0,0,0
54.689013,0,1,0,0,0,0,0,0,0
54.696142,0,0,0,0,0,1,0,0,1
54.700700,0,0,0,1,0,0,1,0,0
54.713188,1,0,0,0,1,0,0,1,0
54.731114,0,0,1,0,0,0,0,0,0
54.736715,0,1,0,0,0,0,0,0,0
54.749700,0,0,0,0,0,1,0,0,1
54.750328,0,0,0,1,0,0,1,0,0
54.761152,1,0,0,0,1,0,0,1,0
54.782414,0,1,0,0,0,0,0,0,0
54.785380,0,0,1,0,0,0,0,0,0
54.799092,0,0,0,1,0,0,1,0,0
54.803644,0,0,0,0,0,1,0,0,1
54.812234,1,0,0,0,0,0,0,0,0
54.835497,0,0,1,0,1,0,0,1,0
54.849071,0,0,0,1,0,0,1,0,0
54.849358,0,0,0,0,0,1,0,0,1
54.859420,0,1,0,0,0,0,0,0,0
54.863777,1,0,0,0,0,0,0,0,0
54.870639,0,0,0,0,1,0,0,1,0
54.888741,0,0,1,0,0,0,0,0,0
54.899271,0,1,0,0,0,0,0,0,0
54.899731,0,0,0,0,0,1,0,0,1
54.899788,0,0,0,1,0,0,1,0,0
54.911603,1,0,0,0,0,0,0,0,0
54.937011,0,0,1,0,0,0,0,0,0
54.948239,0,0,0,1,1,0,1,1,0
54.950330,0,0,0,0,0,1,0,0,1
54.962175,1,0,0,0,1,0,0,1,0
54.973903,0,1,0,0,0,0,0,0,0
54.987673,0,1,0,0,0,0,0,0,0
54.989944,0,0,1,0,0,0,0,0,0
54.998303,0,0,0,0,0,1,0,0,1
54.999972,0,0,0,1,0,0,1,0,0
55.010974,1,0,0,0,0,0,0,0,0
55.023743,0,0,0,0,1,0,0,1,0
55.036881,0,0,1,0,0,0,0,0,0
55.045782,0,1,0,0,0,0,0,0,0
55.049522,0,0,0,1,0,0,1,0,0
55.051337,0,0,0,0,0,1,0,0,1
55.062743,1,0,0,0,1,0,0,1,0
55.087073,0,1,0,0,0,0,0,0,0
55.088796,0,0,1,0,0,0,0,0,0
55.096350,0,0,0,0,0,1,0,0,1
55.100031,0,0,0,1,0,0,1,0,0
55.113865,1,0,0,0,0,0,0,0,0
55.130667,0,0,1,0,0,0,0,0,0
55.136294,0,0,0,0,1,0,0,1,0
55.147598,0,0,0,0,0,1,0,0,1
55.150189,0,0,0,1,0,0,1,0,0
55.161295,0,1,0,0,0,0,0,0,0
55.162684,1,0,0,0,0,0,0,0,0
55.186735,0,0,1,0,1,0,0,1,0
55.197785,0,0,0,0,0,1,0,0,1
55.199508,0,0,0,1,0,0,1,0,0
55.207738,0,1,0,0,0,0,0,0,0
55.216096,1,0,0,0,0,0,0,0,0
55.232686,0,0,1,0,1,0,0,1,0
55.249588,0,0,0,0,0,1,0,0,1
55.249739,0,0,0,1,0,0,1,0,0
55.258885,0,1,0,0,0,0,0,0,0
55.265584,1,0,0,0,1,0,0,1,0
55.286029,0,0,1,0,0,0,0,0,0
55.292379,0,1,0,0,0,0,0,0,0
55.297621,0,0,0,0,0,1,0,0,1
55.299738,0,0,0,1,0,0,1,0,0
55.314389,1,0,0,0,1,0,0,1,0
55.335946,0,0,1,0,0,0,0,0,0
55.341230,0,1,0,0,0,0,0,0,0
55.351787,0,0,0,1,0,0,1,0,0
55.353138,0,0,0,0,0,1,0,0,1
55.367809,1,0,0,0,0,0,0,0,0
55.389846,0,0,1,0,0,0,0,0,0
55.399735,0,0,0,1,1,0,1,1,0
55.400044,0,0,0,0,0,1,0,0,1
55.414213,1,0,0,0,0,0,0,0,0
55.424787,0,1,0,0,0,0,0,0,0
55.436888,0,0,1,0,1,0,0,1,0
55.448651,0,0,0,0,0,1,0,0,1
55.449462,0,0,0,1,0,0,1,0,0
55.458733,0,1,0,0,0,0,0,0,0
55.465066,1,0,0,0,1,0,0,1,0
55.486984,0,0,1,0,0,0,0,0,0
55.488412,0,1,0,0,0,0,0,0,0
55.498517,0,0,0,0,0,1,0,0,1
55.500832,0,0,0,1,0,0,1,0,0
55.517541,1,0,0,0,1,0,0,1,0
55.536807,0,0,1,0,0,0,0,0,0
55.546586,0,1,0,0,0,0,0,0,0
55.550584,0,0,0,0,0,1,0,0,1
55.551212,0,0,0,1,0,0,1,0,0
55.563183,1,0,0,0,0,0,0,0,0
55.586970,0,0,1,0,0,0,0,0,0
55.598193,0,0,0,0,0,1,0,0,1
55.601651,0,0,0,1,0,0,1,0,0
55.612220,1,0,0,0,0,0,0,0,0
55.625064,0,0,0,0,1,0,0,1,0
55.632064,0,0,1,0,1,0,0,1,0
55.645421,0,1,0,0,0,0,0,0,0
55.649800,0,0,0,0,0,1,0,0,1
55.650912,0,0,0,1,0,0,1,0,0
55.659367,0,1,0,0,0,0,0,0,0
55.667200,1,0,0,0,1,0,0,1,0
55.685896,0,0,1,0,0,0,0,0,0
55.692485,0,1,0,0,0,0,0,0,0
55.698638,0,0,0,0,0,1,0,0,1
55.699858,0,0,0,1,0,0,1,0,0
55.711037,1,0,0,0,1,0,0,1,0
55.732646,0,0,1,0,0,0,0,0,0
55.738424,0,1,0,0,0,0,0,0,0
55.747795,0,0,0,0,0,1,0,0,1
55.750004,0,0,0,1,0,0,1,0,0
55.765979,1,0,0,0,1,0,0,1,0
55.780761,0,0,1,0,0,0,0,0,0
55.790533,0,1,0,0,0,0,0,0,0
55.798979,0,0,0,0,0,1,0,0,1
55.800394,0,0,0,1,0,0,1,0,0
55.815639,1,0,0,0,0,0,0,0,0
55.817142,0,0,0,0,1,0,0,1,0
55.832063,0,0,1,0,0,0,0,0,0
55.841358,0,1,0,0,0,0,0,0,0
55.848418,0,0,0,0,0,1,0,0,1
55.850207,0,0,0,1,0,0,1,0,0
55.861127,1,0,0,0,1,0,0,1,0
55.886154,0,0,1,0,0,0,0,0,0
55.890506,0,1,0,0,0,0,0,0,0
55.898254,0,0,0,0,0,1,0,0,1
55.901227,0,0,0,1,0,0,1,0,0
55.915330,1,0,0,0,1,0,0,1,0
55.933242,0,0,1,0,0,0,0,0,0
55.943017,0,1,0,0,0,0,0,0,0
55.950139,0,0,0,0,0,1,0,0,1
55.951200,0,0,0,1,0,0,1,0,0
55.962851,1,0,0,0,1,0,0,1,0
55.980548,0,0,1,0,0,0,0,0,0
55.985334,0,1,0,0,0,0,0,0,0
55.998709,0,0,0,0,0,1,0,0,1
56.000720,0,0,0,1,0,0,1,0,0
56.015380,1,0,0,0,0,0,0,0,0
56.035522,0,0,1,0,0,0,0,0,0
56.037847,0,0,0,0,1,0,0,1,0
56.047578,0,0,0,0,0,1,0,0,1
56.049119,0,0,0,1,0,0,1,0,0
56.059923,1,0,0,0,1,0,0,1,0
56.065803,0,1,0,0,0,0,0,0,0
56.081680,0,0,1,0,0,0,0,0,0
56.089909,0,1,0,0,0,0,0,0,0
56.099100,0,0,0,0,0,1,0,0,1
56.100888,0,0,0,1,0,0,1,0,0
56.114193,1,0,0,0,1,0,0,1,0
56.135805,0,0,1,0,0,0,0,0,0
56.136445,0,1,0,0,0,0,0,0,0
56.150245,0,0,0,1,0,0,1,0,0
56.151376,0,0,0,0,0,1,0,0,1
56.169618,1,0,0,0,0,0,0,0,0
56.187024,0,0,1,0,1,0,0,1,0
56.200554,0,0,0,0,0,1,0,0,1
56.200984,0,0,0,1,0,0,1,0,0
56.207806,0,1,0,0,0,0,0,0,0
56.212037,1,0,0,0,0,0,0,0,0
56.234111,0,0,1,0,1,0,0,1,0
56.249152,0,0,0,1,0,0,1,0,0
56.250590,0,0,0,0,0,1,0,0,1
56.256116,0,1,0,0,0,0,0,0,0
56.259793,1,0,0,0,0,0,0,0,0
56.290385,0,0,1,0,0,0,0,0,0
56.296009,0,0,0,0,0,1,0,0,1
56.299501,0,0,0,1,1,0,1,1,0
56.313226,1,0,0,0,0,0,0,0,0
56.322624,0,1,0,0,1,0,0,1,0
56.326978,0,0,1,0,0,0,0,0,0
56.343990,0,1,0,0,0,0,0,0,0
56.349019,0,0,0,1,0,0,1,0,0
56.351366,0,0,0,0,0,1,0,0,1
56.367387,1,0,0,0,1,0,0,1,0
56.385385,0,0,1,0,0,0,0,0,0
56.390797,0,1,0,0,0,0,0,0,0
56.399779,0,0,0,1,0,0,1,0,0
56.401536,0,0,0,0,0,1,0,0,1
56.410788,1,0,0,0,1,0,0,1,0
56.434291,0,1,0,0,0,0,0,0,0
56.437113,0,0,1,0,0,0,0,0,0
56.449362,0,0,0,0,0,1,0,0,1
56.451261,0,0,0,1,0,0,1,0,0
56.465674,1,0,0,0,1,0,0,1,0
56.485351,0,0,1,0,0,0,0,0,0
56.495503,0,1,0,0,0,0,0,0,0
56.496447,0,0,0,0,0,1,0,0,1
56.499342,0,0,0,1,0,0,1,0,0
56.515002,1,0,0,0,0,0,0,0,0
56.530621,0,0,1,0,1,0,0,1,0
56.549554,0,0,0,1,0,0,1,0,0
56.550675,0,0,0,0,0,1,0,0,1
56.558948,0,1,0,0,0,0,0,0,0
56.566129,1,0,0,0,1,0,0,1,0
56.589043,0,0,1,0,0,0,0,0,0
56.592348,0,1,0,0,0,0,0,0,0
56.599157,0,0,0,1,0,0,1,0,0
56.602438,0,0,0,0,0,1,0,0,1
56.615386,1,0,0,0,0,0,0,0,0
56.624907,0,0,0,0,1,0,0,1,0
56.640172,0,0,1,0,0,0,0,0,0
56.649681,0,0,0,1,0,0,1,0,0
56.649777,0,0,0,0,0,1,0,0,1
56.652129,0,1,0,0,0,0,0,0,0
56.665182,1,0,0,0,0,0,0,0,0
56.688369,0,0,1,0,0,0,0,0,0
56.697718,0,0,0,0,1,1,0,1,1
56.699871,0,0,0,1,0,0,1,0,0
56.712844,1,0,0,0,1,0,0,1,0
56.725260,0,1,0,0,0,0,0,0,0
56.735303,0,0,1,0,0,0,0,0,0
56.735981,0,1,0,0,0,0,0,0,0
56.750594,0,0,0,1,0,0,1,0,0
56.752368,0,0,0,0,0,1,0,0,1
56.761021,1,0,0,0,0,0,0,0,0
56.791288,0,0,1,0,0,0,0,0,0
56.798699,0,0,0,0,0,1,0,0,1
56.799236,0,0,0,1,0,0,1,0,0
56.819021,1,0,0,0,1,0,0,1,0
56.831432,0,0,1,0,0,0,0,0,0
56.845945,0,1,0,0,1,0,0,1,0
56.848770,0,0,0,1,0,0,1,0,0
56.850436,0,0,0,0,0,1,0,0,1
56.866237,1,0,0,0,0,0,0,0,0
56.873130,0,1,0,0,1,0,0,1,0
56.887198,0,0,1,0,0,0,0,0,0
56.897273,0,1,0,0,0,0,0,0,0
56.898801,0,0,0,1,0,0,1,0,0
56.903588,0,0,0,0,0,1,0,0,1
56.909670,1,0,0,0,1,0,0,1,0
56.937375,0,1,0,0,0,0,0,0,0
56.939127,0,0,1,0,0,0,0,0,0
56.949507,0,0,0,1,0,0,1,0,0
56.950575,0,0,0,0,0,1,0,0,1
56.962428,1,0,0,0,0,0,0,0,0
56.982004,0,0,0,0,1,0,0,1,0
56.989038,0,0,1,0,0,0,0,0,0
56.999832,0,0,0,0,0,1,0,0,1
57.000948,0,0,0,1,0,0,1,0,0
57.004453,0,1,0,0,0,0,0,0,0
57.012616,1,0,0,0,1,0,0,1,0
57.038027,0,0,1,0,0,0,0,0,0
57.039428,0,1,0,0,0,0,0,0,0
57.049097,0,0,0,0,0,1,0,0,1
57.049598,0,0,0,1,0,0,1,0,0
57.065738,1,0,0,0,0,0,0,0,0
57.076404,0,0,0,0,1,0,0,1,0
57.082793,0,0,1,0,0,0,0,0,0
57.100246,0,0,0,1,0,0,1,0,0
57.100867,0,0,0,0,0,1,0,0,1
57.104639,0,1,0,0,0,0,0,0,0
57.117823,1,0,0,0,1,0,0,1,0
57.139782,0,0,1,0,0,0,0,0,0
57.144779,0,1,0,0,0,0,0,0,0
57.148007,0,0,0,0,0,1,0,0,1
57.150923,0,0,0,1,0,0,1,0,0
57.165251,1,0,0,0,1,0,0,1,0
57.185014,0,0,1,0,0,0,0,0,0
57.187423,0,1,0,0,0,0,0,0,0
57.199838,0,0,0,1,0,0,1,0,0
57.200194,0,0,0,0,0,1,0,0,1
57.214587,1,0,0,0,1,0,0,1,0
57.234792,0,0,1,0,0,0,0,0,0
57.236555,0,1,0,0,0,0,0,0,0
57.246873,0,0,0,0,0,1,0,0,1
57.251264,0,0,0,1,0,0,1,0,0
57.267795,1,0,0,0,0,0,0,0,0
57.279446,0,0,0,0,1,0,0,1,0
57.281598,0,0,1,0,0,0,0,0,0
57.300279,0,0,0,1,0,0,1,0,0
57.300658,0,0,0,0,0,1,0,0,1
57.304894,0,1,0,0,0,0,0,0,0
57.316083,1,0,0,0,1,0,0,1,0
57.335143,0,0,1,0,0,0,0,0,0
57.336454,0,1,0,0,0,0,0,0,0
57.349928,0,0,0,1,0,0,1,0,0
57.350945,0,0,0,0,0,1,0,0,1
57.361503,1,0,0,0,0,0,0,0,0
57.381002,0,0,1,0,1,0,0,1,0
57.399380,0,0,0,1,0,0,1,0,0
57.401688,0,0,0,0,0,1,0,0,1
57.406954,0,1,0,0,0,0,0,0,0
57.415216,1,0,0,0,1,0,0,1,0
57.437723,0,0,1,0,0,0,0,0,0
57.441002,0,1,0,0,0,0,0,0,0
57.450789,0,0,0,1,0,0,1,0,0
57.450974,0,0,0,0,0,1,0,0,1
57.463744,1,0,0,0,0,0,0,0,0
57.486866,0,0,1,0,0,0,0,0,0
57.497673,0,0,0,0,1,0,0,1,0
57.499591,0,0,0,1,0,0,1,0,0
57.500112,0,0,0,0,0,1,0,0,1
57.513199,1,0,0,0,1,0,0,1,0
57.520037,0,1,0,0,0,0,0,0,0
57.533798,0,1,0,0,0,0,0,0,0
57.538708,0,0,1,0,0,0,0,0,0
57.549430,0,0,0,1,0,0,1,0,0
57.550149,0,0,0,0,0,1,0,0,1
57.567332,1,0,0,0,1,0,0,1,0
57.588641,0,0,1,0,0,0,0,0,0
57.595605,0,1,0,0,0,0,0,0,0
57.597264,0,0,0,0,0,1,0,0,1
57.600350,0,0,0,1,0,0,1,0,0
57.611405,1,0,0,0,0,0,0,0,0
57.618481,0,0,0,0,1,0,0,1,0
57.631124,0,0,1,0,0,0,0,0,0
57.643646,0,1,0,0,0,0,0,0,0
57.650116,0,0,0,1,0,0,1,0,0
57.650587,0,0,0,0,0,1,0,0,1
57.665697,1,0,0,0,0,0,0,0,0
57.688851,0,0,1,0,1,0,0,1,0
57.700343,0,0,0,1,0,0,1,0,0
57.701459,0,0,0,0,0,1,0,0,1
57.711190,0,1,0,0,0,0,0,0,0
57.717987,1,0,0,0,1,0,0,1,0
57.736414,0,0,1,0,0,0,0,0,0
57.745263,0,1,0,0,0,0,0,0,0
57.749532,0,0,0,1,0,0,1,0,0
57.753331,0,0,0,0,0,1,0,0,1
57.765626,1,0,0,0,0,0,0,0,0
57.775981,0,0,0,0,1,0,0,1,0
57.789998,0,0,1,0,0,0,0,0,0
57.799809,0,0,0,1,0,0,1,0,0
57.800172,0,1,0,0,0,0,0,0,0
57.801520,0,0,0,0,0,1,0,0,1
57.811046,1,0,0,0,0,0,0,0,0
57.836214,0,0,1,0,0,0,0,0,0
57.849642,0,0,0,1,1,0,1,1,0
57.852895,0,0,0,0,0,1,0,0,1
57.863759,1,0,0,0,0,0,0,0,0
57.870161,0,0,0,0,1,0,0,1,0
57.872726,0,1,0,0,0,0,0,0,0
57.889785,0,0,1,0,0,0,0,0,0
57.891712,0,1,0,0,0,0,0,0,0
57.899285,0,0,0,0,0,1,0,0,1
57.900434,0,0,0,1,0,0,1,0,0
57.916246,1,0,0,0,1,0,0,1,0
57.935994,0,0,1,0,0,0,0,0,0
57.938438,0,1,0,0,0,0,0,0,0
57.949079,0,0,0,1,0,0,1,0,0
57.949399,0,0,0,0,0,1,0,0,1
57.966027,1,0,0,0,0,0,0,0,0
57.988096,0,0,1,0,1,0,0,1,0
58.000364,0,0,0,0,0,1,0,0,1
58.000454,0,0,0,1,0,0,1,0,0
58.015594,0,1,0,0,0,0,0,0,0
58.018618,1,0,0,0,0,0,0,0,0
58.036420,0,0,1,0,0,0,0,0,0
58.048337,0,0,0,0,0,1,0,0,1
58.049516,0,0,0,0,1,0,0,1,0
58.050523,0,0,0,1,0,0,1,0,0
58.068739,1,0,0,0,1,0,0,1,0
58.070695,0,1,0,0,0,0,0,0,0
58.081076,0,0,1,0,0,0,0,0,0
58.089072,0,1,0,0,0,0,0,0,0
58.098431,0,0,0,0,0,1,0,0,1
58.100347,0,0,0,1,0,0,1,0,0
58.115134,1,0,0,0,1,0,0,1,0
58.137936,0,0,1,0,0,0,0,0,0
58.144547,0,1,0,0,0,0,0,0,0
58.150063,0,0,0,1,0,0,1,0,0
58.152569,0,0,0,0,0,1,0,0,1
58.166446,1,0,0,0,1,0,0,1,0
58.187160,0,0,1,0,0,0,0,0,0
58.194352,0,1,0,0,0,0,0,0,0
58.200100,0,0,0,0,0,1,0,0,1
58.200164,0,0,0,1,0,0,1,0,0
58.214656,1,0,0,0,0,0,0,0,0
58.238248,0,0,1,0,0,0,0,0,0
58.243172,0,0,0,0,1,0,0,1,0
58.248966,0,0,0,0,0,1,0,0,1
58.251103,0,0,0,1,0,0,1,0,0
58.264002,0,1,0,0,0,0,0,0,0
58.264940,1,0,0,0,0,0,0,0,0
58.288361,0,0,1,0,0,0,0,0,0
58.299308,0,0,0,0,1,1,0,1,1
58.300486,0,0,0,1,0,0,1,0,0
58.314843,1,0,0,0,1,0,0,1,0
58.327841,0,1,0,0,0,0,0,0,0
58.337725,0,0,1,0,0,0,0,0,0
58.342290,0,1,0,0,0,0,0,0,0
58.349188,0,0,0,1,0,0,1,0,0
58.352652,0,0,0,0,0,1,0,0,1
58.359516,1,0,0,0,0,0,0,0,0
58.387644,0,0,1,0,1,0,0,1,0
58.397964,0,0,0,0,0,1,0,0,1
58.399616,0,0,0,1,0,0,1,0,0
58.409708,1,0,0,0,1,0,0,1,0
58.416228,0,1,0,0,0,0,0,0,0
58.431258,0,1,0,0,0,0,0,0,0
58.437104,0,0,1,0,0,0,0,0,0
58.448770,0,0,0,0,0,1,0,0,1
58.449192,0,0,0,1,0,0,1,0,0
58.465354,1,0,0,0,1,0,0,1,0
58.484656,0,0,1,0,0,0,0,0,0
58.485854,0,1,0,0,0,0,0,0,0
58.500091,0,0,0,1,0,0,1,0,0
58.501673,0,0,0,0,0,1,0,0,1
58.513766,1,0,0,0,1,0,0,1,0
58.535023,0,0,1,0,0,0,0,0,0
58.541371,0,1,0,0,0,0,0,0,0
58.550216,0,0,0,1,0,0,1,0,0
58.551077,0,0,0,0,0,1,0,0,1
58.566757,1,0,0,0,0,0,0,0,0
58.587202,0,0,1,0,0,0,0,0,0
58.600192,0,0,0,0,1,1,0,1,1
58.601261,0,0,0,1,0,0,1,0,0
58.620058,1,0,0,0,0,0,0,0,0
58.626277,0,1,0,0,0,0,0,0,0
58.627535,0,0,0,0,1,0,0,1,0
58.635004,0,0,1,0,0,0,0,0,0
58.647897,0,1,0,0,0,0,0,0,0
58.649945,0,0,0,1,0,0,1,0,0
58.652481,0,0,0,0,0,1,0,0,1
58.666400,1,0,0,0,0,0,0,0,0
58.688992,0,0,1,0,0,0,0,0,0
58.699296,0,0,0,0,0,1,0,0,1
58.700569,0,0,0,1,0,0,1,0,0
58.714495,1,0,0,0,1,0,0,1,0
58.721759,0,0,0,0,1,0,0,1,0
58.737374,0,0,1,0,0,0,0,0,0
58.740356,0,1,0,0,0,0,0,0,0
58.747217,0,1,0,0,0,0,0,0,0
58.751391,0,0,0,1,0,0,1,0,0
58.752377,0,0,0,0,0,1,0,0,1
58.763639,1,0,0,0,0,0,0,0,0
58.790671,0,0,1,0,0,0,0,0,0
58.797993,0,0,0,0,1,0,0,1,0
58.800166,0,0,0,0,0,1,0,0,1
58.800880,0,0,0,1,0,0,1,0,0
58.819192,1,0,0,0,0,0,0,0,0
58.825301,0,1,0,0,0,0,0,0,0
58.835969,0,0,1,0,1,0,0,1,0
58.850471,0,0,0,1,0,0,1,0,0
58.852527,0,0,0,0,0,1,0,0,1
58.861085,0,1,0,0,0,0,0,0,0
58.870280,1,0,0,0,1,0,0,1,0
58.887707,0,0,1,0,0,0,0,0,0
58.893611,0,1,0,0,0,0,0,0,0
58.898972,0,0,0,0,0,1,0,0,1
58.900406,0,0,0,1,0,0,1,0,0
58.911473,1,0,0,0,1,0,0,1,0
58.931574,0,0,1,0,0,0,0,0,0
58.934780,0,1,0,0,0,0,0,0,0
58.947900,0,0,0,0,0,1,0,0,1
58.949837,0,0,0,1,0,0,1,0,0
58.966024,1,0,0,0,1,0,0,1,0
58.978124,0,0,1,0,0,0,0,0,0
58.994691,0,1,0,0,0,0,0,0,0
58.997586,0,0,0,0,0,1,0,0,1
59.001137,0,0,0,1,0,0,1,0,0
59.014894,1,0,0,0,1,0,0,1,0
59.029855,0,0,1,0,0,0,0,0,0
59.036744,0,1,0,0,0,0,0,0,0
59.049876,0,0,0,1,0,0,1,0,0
59.050619,0,0,0,0,0,1,0,0,1
59.061270,1,0,0,0,1,0,0,1,0
59.085173,0,1,0,0,0,0,0,0,0
59.088096,0,0,1,0,0,0,0,0,0
59.100914,0,0,0,1,0,0,1,0,0
59.103133,0,0,0,0,0,1,0,0,1
59.115713,1,0,0,0,0,0,0,0,0
59.125095,0,0,0,0,1,0,0,1,0
59.140082,0,0,1,0,0,0,0,0,0
59.146306,0,0,0,0,0,1,0,0,1
59.148111,0,0,0,1,0,0,1,0,0
59.153615,0,1,0,0,0,0,0,0,0
59.160367,1,0,0,0,1,0,0,1,0
59.182963,0,0,1,0,0,0,0,0,0
59.184270,0,1,0,0,0,0,0,0,0
59.199314,0,0,0,1,0,0,1,0,0
59.200766,0,0,0,0,0,1,0,0,1
59.214411,1,0,0,0,1,0,0,1,0
59.238851,0,0,1,0,0,0,0,0,0
59.241553,0,1,0,0,0,0,0,0,0
59.247838,0,0,0,0,0,1,0,0,1
59.250183,0,0,0,1,0,0,1,0,0
59.264129,1,0,0,0,1,0,0,1,0
59.281796,0,0,1,0,0,0,0,0,0
59.288022,0,1,0,0,0,0,0,0,0
59.300469,0,0,0,0,0,1,0,0,1
59.301630,0,0,0,1,0,0,1,0,0
59.318365,1,0,0,0,0,0,0,0,0
59.336576,0,0,1,0,0,0,0,0,0
59.351489,0,0,0,1,1,0,1,1,0
59.353443,0,0,0,0,0,1,0,0,1
59.365953,1,0,0,0,0,0,0,0,0
59.376002,0,0,0,0,1,0,0,1,0
59.381478,0,1,0,0,0,0,0,0,0
59.389603,0,0,1,0,0,0,0,0,0
59.396598,0,1,0,0,0,0,0,0,0
59.398981,0,0,0,0,0,1,0,0,1
59.399829,0,0,0,1,0,0,1,0,0
59.419257,1,0,0,0,1,0,0,1,0
59.430851,0,0,1,0,0,0,0,0,0
59.440303,0,1,0,0,0,0,0,0,0
59.450586,0,0,0,1,0,0,1,0,0
59.450986,0,0,0,0,0,1,0,0,1
59.469683,1,0,0,0,0,0,0,0,0
59.484001,0,0,1,0,0,0,0,0,0
59.489131,0,0,0,0,1,0,0,1,0
59.499878,0,0,0,1,0,0,1,0,0
59.500491,0,0,0,0,0,1,0,0,1
59.509714,0,1,0,0,0,0,0,0,0
59.512465,1,0,0,0,1,0,0,1,0
59.532079,0,0,1,0,0,0,0,0,0
59.541479,0,1,0,0,0,0,0,0,0
59.549143,0,0,0,0,0,1,0,0,1
59.549718,0,0,0,1,0,0,1,0,0
59.562551,1,0,0,0,1,0,0,1,0
59.584797,0,0,1,0,0,0,0,0,0
59.587210,0,1,0,0,0,0,0,0,0
59.599572,0,0,0,0,0,1,0,0,1
59.601160,0,0,0,1,0,0,1,0,0
59.614066,1,0,0,0,1,0,0,1,0
59.637875,0,0,1,0,0,0,0,0,0
59.638760,0,1,0,0,0,0,0,0,0
59.650601,0,0,0,0,0,1,0,0,1
59.650684,0,0,0,1,0,0,1,0,0
59.661510,1,0,0,0,1,0,0,1,0
59.684331,0,1,0,0,0,0,0,0,0
59.687835,0,0,1,0,0,0,0,0,0
59.699004,0,0,0,0,0,1,0,0,1
59.699536,0,0,0,1,0,0,1,0,0
59.713031,1,0,0,0,1,0,0,1,0
59.737721,0,0,1,0,0,0,0,0,0
59.741819,0,1,0,0,0,0,0,0,0
59.747564,0,0,0,0,0,1,0,0,1
59.749743,0,0,0,1,0,0,1,0,0
59.763132,1,0,0,0,0,0,0,0,0
59.775528,0,0,0,0,1,0,0,1,0
59.782431,0,0,1,0,0,0,0,0,0
59.800370,0,0,0,1,0,0,1,0,0
59.800433,0,0,0,0,0,1,0,0,1
59.800553,0,1,0,0,0,0,0,0,0
59.814572,1,0,0,0,1,0,0,1,0
59.839466,0,0,1,0,0,0,0,0,0
59.840359,0,1,0,0,0,0,0,0,0
59.849209,0,0,0,1,0,0,1,0,0
59.851645,0,0,0,0,0,1,0,0,1
59.866145,1,0,0,0,0,0,0,0,0
59.879051,0,0,0,0,1,0,0,1,0
59.887280,0,0,1,0,0,0,0,0,0
59.900457,0,0,0,1,0,0,1,0,0
59.902492,0,0,0,0,0,1,0,0,1
59.902699,0,1,0,0,0,0,0,0,0
59.911590,1,0,0,0,1,0,0,1,0
59.939518,0,1,0,0,0,0,0,0,0
59.941247,0,0,1,0,0,0,0,0,0
59.949077,0,0,0,1,0,0,1,0,0
59.950497,0,0,0,0,0,1,0,0,1
59.965527,1,0,0,0,1,0,0,1,0
59.982878,0,0,1,0,0,0,0,0,0
59.990223,0,1,0,0,0,0,0,0,0
59.999683,0,0,0,1,0,0,1,0,0
59.999935,0,0,0,0,0,1,0,0,1
60.014042,1,0,0,0,0,0,0,0,0
60.039595,0,0,1,0,0,0,0,0,0
60.048983,0,0,0,1,0,0,1,0,0
60.052023,0,0,0,0,0,1,0,0,1
60.057825,0,0,0,0,1,0,0,1,0
60.059181,1,0,0,0,0,0,0,0,0
60.084929,0,0,1,0,0,0,0,0,0
60.085020,0,1,0,0,0,0,0,0,0
60.097586,0,0,0,0,0,1,0,0,1
60.098840,0,0,0,0,1,0,0,1,0
60.100138,0,0,0,1,0,0,1,0,0
60.110576,1,0,0,0,1,0,0,1,0
60.127084,0,1,0,0,0,0,0,0,0
60.132709,0,0,1,0,0,0,0,0,0
60.139249,0,1,0,0,0,0,0,0,0
60.146179,0,0,0,0,0,1,0,0,1
60.151224,0,0,0,1,0,0,1,0,0
60.168350,1,0,0,0,1,0,0,1,0
60.180045,0,0,1,0,0,0,0,0,0
60.195413,0,1,0,0,0,0,0,0,0
60.198464,0,0,0,1,0,0,1,0,0
60.199007,0,0,0,0,0,1,0,0,1
60.210222,1,0,0,0,1,0,0,1,0
60.231270,0,1,0,0,0,0,0,0,0
60.235064,0,0,1,0,0,0,0,0,0
60.248069,0,0,0,1,0,0,1,0,0
60.248262,0,0,0,0,0,1,0,0,1
60.266079,1,0,0,0,0,0,0,0,0
60.273876,0,0,0,0,1,0,0,1,0
60.283681,0,0,1,0,0,0,0,0,0
60.297214,0,0,0,0,0,1,0,0,1
60.301315,0,0,0,1,0,0,1,0,0
60.301553,0,1,0,0,0,0,0,0,0
60.314183,1,0,0,0,1,0,0,1,0
60.334639,0,1,0,0,0,0,0,0,0
60.336333,0,0,1,0,0,0,0,0,0
60.348333,0,0,0,1,0,0,1,0,0
60.348499,0,0,0,0,0,1,0,0,1
60.363451,1,0,0,0,1,0,0,1,0
60.380139,0,0,1,0,0,0,0,0,0
60.390861,0,1,0,0,0,0,0,0,0
60.400100,0,0,0,1,0,0,1,0,0
60.400280,0,0,0,0,0,1,0,0,1
60.412356,1,0,0,0,0,0,0,0,0
60.438799,0,0,1,0,1,0,0,1,0
60.450878,0,0,0,1,0,0,1,0,0
60.451480,0,0,0,0,0,1,0,0,1
60.462312,0,1,0,0,0,0,0,0,0
60.463445,1,0,0,0,1,0,0,1,0
60.485424,0,0,1,0,0,0,0,0,0
60.489342,0,1,0,0,0,0,0,0,0
60.499891,0,0,0,1,0,0,1,0,0
60.500745,0,0,0,0,0,1,0,0,1
60.518152,1,0,0,0,1,0,0,1,0
60.537590,0,0,1,0,0,0,0,0,0
60.542667,0,1,0,0,0,0,0,0,0
60.549520,0,0,0,1,0,0,1,0,0
60.551136,0,0,0,0,0,1,0,0,1
60.561265,1,0,0,0,0,0,0,0,0
60.586972,0,0,1,0,0,0,0,0,0
60.596936,0,0,0,0,1,0,0,1,0
60.599243,0,0,0,1,0,0,1,0,0
60.600581,0,0,0,0,0,1,0,0,1
60.614559,1,0,0,0,1,0,0,1,0
60.618282,0,1,0,0,0,0,0,0,0
60.638664,0,0,1,0,0,0,0,0,0
60.642563,0,1,0,0,0,0,0,0,0
60.647960,0,0,0,0,0,1,0,0,1
60.649207,0,0,0,1,0,0,1,0,0
60.665378,1,0,0,0,1,0,0,1,0
60.681866,0,0,1,0,0,0,0,0,0
60.693008,0,1,0,0,0,0,0,0,0
60.698305,0,0,0,0,0,1,0,0,1
60.700673,0,0,0,1,0,0,1,0,0
60.711594,1,0,0,0,0,0,0,0,0
60.726052,0,0,0,0,1,0,0,1,0
60.735663,0,0,1,0,0,0,0,0,0
60.747371,0,0,0,0,0,1,0,0,1
60.750235,0,0,0,1,0,0,1,0,0
60.752964,0,1,0,0,0,0,0,0,0
60.761592,1,0,0,0,0,0,0,0,0
60.787033,0,0,1,0,1,0,0,1,0
60.796407,0,0,0,0,0,1,0,0,1
60.799889,0,0,0,1,0,0,1,0,0
60.810172,1,0,0,0,1,0,0,1,0
60.811263,0,1,0,0,0,0,0,0,0
60.829143,0,0,1,0,0,0,0,0,0
60.833886,0,1,0,0,0,0,0,0,0
60.849932,0,0,0,0,0,1,0,0,1
60.850259,0,0,0,1,0,0,1,0,0
60.863545,1,0,0,0,1,0,0,1,0
60.885289,0,1,0,0,0,0,0,0,0
60.885460,0,0,1,0,0,0,0,0,0
60.896108,0,0,0,0,0,1,0,0,1
60.899360,0,0,0,1,0,0,1,0,0
60.918740,1,0,0,0,0,0,0,0,0
60.934127,0,0,1,0,0,0,0,0,0
60.936342,0,0,0,0,1,0,0,1,0
60.949779,0,0,0,1,0,0,1,0,0
60.953010,0,0,0,0,0,1,0,0,1
60.957923,0,1,0,0,0,0,0,0,0
60.965422,1,0,0,0,0,0,0,0,0
60.985951,0,0,0,0,1,0,0,1,0
60.991164,0,0,1,0,0,0,0,0,0
61.000737,0,0,0,0,0,1,0,0,1
61.000820,0,0,0,1,0,0,1,0,0
61.015313,0,1,0,0,0,0,0,0,0
61.017447,1,0,0,0,0,0,0,0,0
61.039060,0,0,1,0,0,0,0,0,0
61.048326,0,0,0,1,0,0,1,0,0
61.050229,0,0,0,0,1,1,0,1,1
61.065795,1,0,0,0,1,0,0,1,0
61.074627,0,1,0,0,0,0,0,0,0
61.085657,0,0,1,0,0,0,0,0,0
61.086389,0,1,0,0,0,0,0,0,0
61.099018,0,0,0,1,0,0,1,0,0
61.099281,0,0,0,0,0,1,0,0,1
61.109410,1,0,0,0,1,0,0,1,0
61.133645,0,1,0,0,0,0,0,0,0
61.135069,0,0,1,0,0,0,0,0,0
61.149325,0,0,0,1,0,0,1,0,0
61.150958,0,0,0,0,0,1,0,0,1
61.164184,1,0,0,0,0,0,0,0,0
61.187249,0,0,1,0,1,0,0,1,0
61.199559,0,0,0,0,0,1,0,0,1
61.200778,0,0,0,1,0,0,1,0,0
61.208753,0,1,0,0,0,0,0,0,0
61.218274,1,0,0,0,0,0,0,0,0
61.234149,0,0,1,0,0,0,0,0,0
61.246801,0,0,0,0,1,0,0,1,0
61.248644,0,0,0,0,0,1,0,0,1
61.250410,0,0,0,1,0,0,1,0,0
61.268276,1,0,0,0,1,0,0,1,0
61.270987,0,1,0,0,0,0,0,0,0
61.283510,0,0,1,0,0,0,0,0,0
61.289708,0,1,0,0,0,0,0,0,0
61.298629,0,0,0,1,0,0,1,0,0
61.301333,0,0,0,0,0,1,0,0,1
61.312698,1,0,0,0,1,0,0,1,0
61.331776,0,0,1,0,0,0,0,0,0
61.340103,0,1,0,0,0,0,0,0,0
61.349283,0,0,0,0,0,1,0,0,1
61.349910,0,0,0,1,0,0,1,0,0
61.361466,1,0,0,0,0,0,0,0,0
61.383457,0,0,1,0,0,0,0,0,0
61.398803,0,0,0,1,1,0,1,1,0
61.403838,0,0,0,0,0,1,0,0,1
61.410989,1,0,0,0,0,0,0,0,0
61.421677,0,1,0,0,1,0,0,1,0
61.438833,0,0,1,0,0,0,0,0,0
61.447811,0,0,0,0,0,1,0,0,1
61.450835,0,1,0,0,0,0,0,0,0
61.451058,0,0,0,1,0,0,1,0,0
61.464493,1,0,0,0,0,0,0,0,0
61.480100,0,0,1,0,1,0,0,1,0
61.500387,0,0,0,1,0,0,1,0,0
61.500748,0,0,0,0,0,1,0,0,1
61.504093,0,1,0,0,0,0,0,0,0
61.512041,1,0,0,0,1,0,0,1,0
61.538476,0,0,1,0,0,0,0,0,0
61.539535,0,1,0,0,0,0,0,0,0
61.548263,0,0,0,0,0,1,0,0,1
61.549332,0,0,0,1,0,0,1,0,0
61.564282,1,0,0,0,0,0,0,0,0
61.583665,0,0,1,0,0,0,0,0,0
61.598557,0,0,0,0,0,1,0,0,1
61.599738,0,0,0,0,1,0,0,1,0
61.600916,0,0,0,1,0,0,1,0,0
61.612420,1,0,0,0,1,0,0,1,0
61.620902,0,1,0,0,0,0,0,0,0
61.634839,0,0,1,0,0,0,0,0,0
61.637168,0,1,0,0,0,0,0,0,0
61.649830,0,0,0,1,0,0,1,0,0
61.653116,0,0,0,0,0,1,0,0,1
61.666439,1,0,0,0,1,0,0,1,0
61.685411,0,0,1,0,0,0,0,0,0
61.687125,0,1,0,0,0,0,0,0,0
61.699108,0,0,0,0,0,1,0,0,1
61.700304,0,0,0,1,0,0,1,0,0
61.715688,1,0,0,0,1,0,0,1,0
61.733309,0,0,1,0,0,0,0,0,0
61.741730,0,1,0,0,0,0,0,0,0
61.746721,0,0,0,0,0,1,0,0,1
61.748949,0,0,0,1,0,0,1,0,0
61.762367,1,0,0,0,0,0,0,0,0
61.782181,0,0,1,0,1,0,0,1,0
61.799615,0,0,0,0,0,1,0,0,1
61.800566,0,0,0,1,0,0,1,0,0
61.803066,0,1,0,0,0,0,0,0,0
61.816667,1,0,0,0,0,0,0,0,0
61.833128,0,0,1,0,0,0,0,0,0
61.848982,0,0,0,1,0,0,1,0,0
61.849858,0,0,0,0,1,0,0,1,0
61.850214,0,0,0,0,0,1,0,0,1
61.867817,1,0,0,0,0,0,0,0,0
61.877204,0,1,0,0,0,0,0,0,0
61.886262,0,0,0,0,1,0,0,1,0
61.887648,0,0,1,0,0,0,0,0,0
61.900240,0,0,0,1,0,0,1,0,0
61.901955,0,0,0,0,0,1,0,0,1
61.908161,0,1,0,0,0,0,0,0,0
61.918167,1,0,0,0,0,0,0,0,0
61.939345,0,0,1,0,0,0,0,0,0
61.945174,0,0,0,0,1,0,0,1,0
61.950566,0,0,0,1,0,0,1,0,0
61.951124,0,0,0,0,0,1,0,0,1
61.963825,1,0,0,0,0,0,0,0,0
61.968279,0,1,0,0,1,0,0,1,0
61.986015,0,0,1,0,0,0,0,0,0
61.995027,0,1,0,0,0,0,0,0,0
61.996545,0,0,0,0,0,1,0,0,1
62.001238,0,0,0,1,0,0,1,0,0
62.015349,1,0,0,0,0,0,0,0,0
62.025451,0,0,0,0,1,0,0,1,0
62.034153,0,0,1,0,0,0,0,0,0
62.049213,0,1,0,0,0,0,0,0,0
62.051441,0,0,0,1,0,0,1,0,0
62.051676,0,0,0,0,0,1,0,0,1
62.063016,1,0,0,0,1,0,0,1,0
62.085337,0,1,0,0,0,0,0,0,0
62.088236,0,0,1,0,0,0,0,0,0
62.097519,0,0,0,0,0,1,0,0,1
62.098854,0,0,0,1,0,0,1,0,0
62.114922,1,0,0,0,0,0,0,0,0
62.131468,0,0,1,0,1,0,0,1,0
62.149542,0,0,0,1,0,0,1,0,0
62.151716,0,0,0,0,0,1,0,0,1
62.152716,0,1,0,0,0,0,0,0,0
62.166871,1,0,0,0,0,0,0,0,0
62.170559,0,0,0,0,1,0,0,1,0
62.189105,0,0,1,0,0,0,0,0,0
62.192493,0,1,0,0,0,0,0,0,0
62.198640,0,0,0,1,0,0,1,0,0
62.200581,0,0,0,0,0,1,0,0,1
62.211963,1,0,0,0,1,0,0,1,0
62.238306,0,0,1,0,0,0,0,0,0
62.241688,0,1,0,0,0,0,0,0,0
62.250661,0,0,0,1,0,0,1,0,0
62.252980,0,0,0,0,0,1,0,0,1
62.265909,1,0,0,0,0,0,0,0,0
62.285340,0,0,1,0,0,0,0,0,0
62.287068,0,0,0,0,1,0,0,1,0
62.299947,0,0,0,1,0,0,1,0,0
62.299952,0,0,0,0,0,1,0,0,1
62.309860,0,1,0,0,0,0,0,0,0
62.315658,1,0,0,0,1,0,0,1,0
62.339745,0,0,1,0,0,0,0,0,0
62.345375,0,1,0,0,0,0,0,0,0
62.346467,0,0,0,0,0,1,0,0,1
62.349294,0,0,0,1,0,0,1,0,0
62.367666,1,0,0,0,0,0,0,0,0
62.375329,0,0,0,0,1,0,0,1,0
62.377349,0,0,1,0,0,0,0,0,0
62.400633,0,0,0,1,0,0,1,0,0
62.401702,0,1,0,0,0,0,0,0,0
62.402512,0,0,0,0,0,1,0,0,1
62.418704,1,0,0,0,0,0,0,0,0
62.439066,0,0,1,0,0,0,0,0,0
62.447616,0,0,0,0,1,0,0,1,0
62.449149,0,0,0,0,0,1,0,0,1
62.450516,0,0,0,1,0,0,1,0,0
62.469083,1,0,0,0,1,0,0,1,0
62.470909,0,1,0,0,0,0,0,0,0
62.483507,0,0,1,0,0,0,0,0,0
62.493234,0,1,0,0,0,0,0,0,0
62.498711,0,0,0,0,0,1,0,0,1
62.500073,0,0,0,1,0,0,1,0,0
62.512577,1,0,0,0,0,0,0,0,0
62.533465,0,0,1,0,1,0,0,1,0
62.548849,0,0,0,0,0,1,0,0,1
62.549502,0,0,0,1,0,0,1,0,0
62.560218,0,1,0,0,0,0,0,0,0
62.561515,1,0,0,0,0,0,0,0,0
62.566970,0,0,0,0,1,0,0,1,0
62.588165,0,0,1,0,0,0,0,0,0
62.594401,0,1,0,0,0,0,0,0,0
62.600421,0,0,0,1,0,0,1,0,0
62.603455,0,0,0,0,0,1,0,0,1
62.612703,1,0,0,0,0,0,0,0,0
62.642754,0,0,1,0,0,0,0,0,0
62.643762,0,0,0,0,1,0,0,1,0
62.646897,0,0,0,0,0,1,0,0,1
62.649831,0,0,0,1,0,0,1,0,0
62.664958,0,1,0,0,0,0,0,0,0
62.667858,1,0,0,0,1,0,0,1,0
62.682733,0,0,1,0,0,0,0,0,0
62.690839,0,1,0,0,0,0,0,0,0
62.701102,0,0,0,1,0,0,1,0,0
62.702984,0,0,0,0,0,1,0,0,1
62.715879,1,0,0,0,1,0,0,1,0
62.742545,0,0,1,0,0,0,0,0,0
62.745656,0,1,0,0,0,0,0,0,0
62.749780,0,0,0,1,0,0,1,0,0
62.751108,0,0,0,0,0,1,0,0,1
62.766827,1,0,0,0,0,0,0,0,0
62.784557,0,0,0,0,1,0,0,1,0
62.791065,0,0,1,0,0,0,0,0,0
62.799852,0,0,0,0,0,1,0,0,1
62.799853,0,0,0,1,0,0,1,0,0
62.806408,0,1,0,0,0,0,0,0,0
62.813536,1,0,0,0,0,0,0,0,0
62.837956,0,0,1,0,0,0,0,0,0
62.848957,0,0,0,0,0,1,0,0,1
62.851140,0,0,0,1,0,0,1,0,0
62.855792,0,0,0,0,1,0,0,1,0
62.869258,1,0,0,0,1,0,0,1,0
62.878297,0,1,0,0,0,0,0,0,0
62.884404,0,0,1,0,0,0,0,0,0
62.889515,0,1,0,0,0,0,0,0,0
62.899237,0,0,0,1,0,0,1,0,0
62.900191,0,0,0,0,0,1,0,0,1
62.915903,1,0,0,0,0,0,0,0,0
62.935808,0,0,1,0,1,0,0,1,0
62.950723,0,0,0,1,0,0,1,0,0
62.951650,0,0,0,0,0,1,0,0,1
62.962772,0,1,0,0,0,0,0,0,0
62.965890,1,0,0,0,0,0,0,0,0
62.987406,0,0,1,0,0,0,0,0,0
62.998756,0,0,0,1,0,0,1,0,0
62.999159,0,0,0,0,0,1,0,0,1
63.004909,0,0,0,0,1,0,0,1,0
63.011303,1,0,0,0,0,0,0,0,0
63.022697,0,0,0,0,1,0,0,1,0
63.028185,0,1,0,0,0,0,0,0,0
63.033291,0,0,1,0,0,0,0,0,0
63.047170,0,1,0,0,0,0,0,0,0
63.048353,0,0,0,0,0,1,0,0,1
63.048814,0,0,0,1,0,0,1,0,0
63.063169,1,0,0,0,1,0,0,1,0
63.087320,0,0,1,0,0,0,0,0,0
63.091326,0,1,0,0,0,0,0,0,0
63.100030,0,0,0,1,0,0,1,0,0
63.102191,0,0,0,0,0,1,0,0,1
63.115228,1,0,0,0,1,0,0,1,0
63.139598,0,0,1,0,0,0,0,0,0
63.140963,0,1,0,0,0,0,0,0,0
63.149871,0,0,0,1,0,0,1,0,0
63.153647,0,0,0,0,0,1,0,0,1
63.162610,1,0,0,0,1,0,0,1,0
63.185818,0,1,0,0,0,0,0,0,0
63.191789,0,0,1,0,0,0,0,0,0
63.196627,0,0,0,0,0,1,0,0,1
63.201093,0,0,0,1,0,0,1,0,0
63.217802,1,0,0,0,1,0,0,1,0
63.231118,0,0,1,0,0,0,0,0,0
63.241441,0,1,0,0,0,0,0,0,0
63.248677,0,0,0,1,0,0,1,0,0
63.249008,0,0,0,0,0,1,0,0,1
63.259506,1,0,0,0,0,0,0,0,0
63.286446,0,0,1,0,0,0,0,0,0
63.293264,0,0,0,0,1,0,0,1,0
63.301638,0,0,0,1,0,0,1,0,0
63.302751,0,0,0,0,0,1,0,0,1
63.313260,1,0,0,0,0,0,0,0,0
63.318742,0,1,0,0,1,0,0,1,0
63.337976,0,0,1,0,0,0,0,0,0
63.340336,0,1,0,0,0,0,0,0,0
63.348544,0,0,0,0,0,1,0,0,1
63.351276,0,0,0,1,0,0,1,0,0
63.367487,1,0,0,0,1,0,0,1,0
63.384662,0,0,1,0,0,0,0,0,0
63.389658,0,1,0,0,0,0,0,0,0
63.398865,0,0,0,1,0,0,1,0,0
63.399905,0,0,0,0,0,1,0,0,1
63.413655,1,0,0,0,1,0,0,1,0
63.431814,0,0,1,0,0,0,0,0,0
63.438980,0,1,0,0,0,0,0,0,0
63.450757,0,0,0,1,0,0,1,0,0
63.452423,0,0,0,0,0,1,0,0,1
63.466272,1,0,0,0,0,0,0,0,0
63.490534,0,0,1,0,1,0,0,1,0
63.499661,0,0,0,1,0,0,1,0,0
63.499874,0,0,0,0,0,1,0,0,1
63.514467,0,1,0,0,0,0,0,0,0
63.519537,1,0,0,0,1,0,0,1,0
63.531323,0,0,1,0,0,0,0,0,0
63.542162,0,1,0,0,0,0,0,0,0
63.550084,0,0,0,1,0,0,1,0,0
63.552602,0,0,0,0,0,1,0,0,1
63.568606,1,0,0,0,0,0,0,0,0
63.591890,0,0,1,0,1,0,0,1,0
63.599859,0,0,0,1,0,0,1,0,0
63.600136,0,0,0,0,0,1,0,0,1
63.611792,1,0,0,0,1,0,0,1,0
63.612641,0,1,0,0,0,0,0,0,0
63.637935,0,1,0,0,0,0,0,0,0
63.638381,0,0,1,0,0,0,0,0,0
63.648861,0,0,0,1,0,0,1,0,0
63.651747,0,0,0,0,0,1,0,0,1
63.667065,1,0,0,0,0,0,0,0,0
63.689993,0,0,1,0,0,0,0,0,0
63.697094,0,0,0,0,1,1,0,1,1
63.699798,0,0,0,1,0,0,1,0,0
63.717239,1,0,0,0,0,0,0,0,0
63.719727,0,0,0,0,1,0,0,1,0
63.723351,0,1,0,0,0,0,0,0,0
63.734925,0,0,1,0,0,0,0,0,0
63.743681,0,1,0,0,0,0,0,0,0
63.751032,0,0,0,1,0,0,1,0,0
63.751241,0,0,0,0,0,1,0,0,1
63.767756,1,0,0,0,0,0,0,0,0
63.769792,0,0,0,0,1,0,0,1,0
63.784945,0,0,1,0,0,0,0,0,0
63.790873,0,1,0,0,0,0,0,0,0
63.799318,0,0,0,0,0,1,0,0,1
63.800849,0,0,0,1,0,0,1,0,0
63.819770,1,0,0,0,0,0,0,0,0
63.830752,0,0,0,0,1,0,0,1,0
63.834050,0,0,1,0,0,0,0,0,0
63.849815,0,0,0,0,0,1,0,0,1
63.849904,0,0,0,1,0,0,1,0,0
63.856105,0,1,0,0,0,0,0,0,0
63.859983,1,0,0,0,0,0,0,0,0
63.881663,0,0,1,0,1,0,0,1,0
63.900817,0,0,0,1,0,0,1,0,0
63.901688,0,0,0,0,0,1,0,0,1
63.909525,0,1,0,0,0,0,0,0,0
63.916360,1,0,0,0,0,0,0,0,0
63.941510,0,0,1,0,0,0,0,0,0
63.948966,0,0,0,1,0,0,1,0,0
63.949193,0,0,0,0,0,1,0,0,1
63.963555,1,0,0,0,0,0,0,0,0
63.970238,0,0,0,0,1,0,0,1,0
63.987593,0,0,1,0,1,0,0,1,0
63.997211,0,1,0,0,0,0,0,0,0
63.999042,0,0,0,1,0,0,1,0,0
64.001873,0,0,0,0,0,1,0,0,1
64.010991,1,0,0,0,1,0,0,1,0
64.011391,0,1,0,0,0,0,0,0,0
64.038626,0,1,0,0,0,0,0,0,0
64.039977,0,0,1,0,0,0,0,0,0
64.048758,0,0,0,1,0,0,1,0,0
64.049856,0,0,0,0,0,1,0,0,1
64.061280,1,0,0,0,1,0,0,1,0
64.081968,0,0,1,0,0,0,0,0,0
64.089428,0,1,0,0,0,0,0,0,0
64.099256,0,0,0,0,0,1,0,0,1
64.099682,0,0,0,1,0,0,1,0,0
64.118808,1,0,0,0,1,0,0,1,0
64.136934,0,0,1,0,0,0,0,0,0
64.142019,0,1,0,0,0,0,0,0,0
64.147445,0,0,0,0,0,1,0,0,1
64.148825,0,0,0,1,0,0,1,0,0
64.163478,1,0,0,0,1,0,0,1,0
64.184432,0,0,1,0,0,0,0,0,0
64.192958,0,1,0,0,0,0,0,0,0
64.198013,0,0,0,0,0,1,0,0,1
64.199768,0,0,0,1,0,0,1,0,0
64.217850,1,0,0,0,0,0,0,0,0
64.232624,0,0,0,0,1,0,0,1,0
64.234212,0,0,1,0,0,0,0,0,0
64.249700,0,0,0,1,0,0,1,0,0
64.251744,0,0,0,0,0,1,0,0,1
64.261543,1,0,0,0,1,0,0,1,0
64.262020,0,1,0,0,0,0,0,0,0
64.283624,0,0,1,0,0,0,0,0,0
64.284636,0,1,0,0,0,0,0,0,0
64.297794,0,0,0,0,0,1,0,0,1
64.299387,0,0,0,1,0,0,1,0,0
64.314982,1,0,0,0,1,0,0,1,0
64.336000,0,0,1,0,0,0,0,0,0
64.340621,0,1,0,0,0,0,0,0,0
64.350215,0,0,0,1,0,0,1,0,0
64.350257,0,0,0,0,0,1,0,0,1
64.365519,1,0,0,0,1,0,0,1,0
64.389699,0,0,1,0,0,0,0,0,0
64.395329,0,1,0,0,0,0,0,0,0
64.398245,0,0,0,0,0,1,0,0,1
64.399009,0,0,0,1,0,0,1,0,0
64.411785,1,0,0,0,1,0,0,1,0
64.434939,0,1,0,0,0,0,0,0,0
64.436968,0,0,1,0,0,0,0,0,0
64.450390,0,0,0,1,0,0,1,0,0
64.452289,0,0,0,0,0,1,0,0,1
64.470316,1,0,0,0,0,0,0,0,0
64.471999,0,0,0,0,1,0,0,1,0
64.486892,0,0,1,0,0,0,0,0,0
64.498363,0,0,0,0,0,1,0,0,1
64.498882,0,1,0,0,0,0,0,0,0
64.500446,0,0,0,1,0,0,1,0,0
64.515977,1,0,0,0,1,0,0,1,0
64.531179,0,0,1,0,0,0,0,0,0
64.537048,0,1,0,0,0,0,0,0,0
64.549631,0,0,0,1,0,0,1,0,0
64.550250,0,0,0,0,0,1,0,0,1
64.563948,1,0,0,0,1,0,0,1,0
64.588988,0,0,1,0,0,0,0,0,0
64.589611,0,1,0,0,0,0,0,0,0
64.599101,0,0,0,0,0,1,0,0,1
64.600915,0,0,0,1,0,0,1,0,0
64.612962,1,0,0,0,1,0,0,1,0
64.634302,0,1,0,0,0,0,0,0,0
64.637081,0,0,1,0,0,0,0,0,0
64.648573,0,0,0,0,0,1,0,0,1
64.651401,0,0,0,1,0,0,1,0,0
64.665460,1,0,0,0,1,0,0,1,0
64.683282,0,0,1,0,0,0,0,0,0
64.691540,0,1,0,0,0,0,0,0,0
64.698753,0,0,0,1,0,0,1,0,0
64.699006,0,0,0,0,0,1,0,0,1
64.714010,1,0,0,0,0,0,0,0,0
64.734017,0,0,1,0,0,0,0,0,0
64.749432,0,0,0,1,1,0,1,1,0
64.749847,0,0,0,0,0,1,0,0,1
64.765174,1,0,0,0,1,0,0,1,0
64.771418,0,1,0,0,0,0,0,0,0
64.788702,0,0,1,0,0,0,0,0,0
64.792016,0,1,0,0,0,0,0,0,0
64.797835,0,0,0,0,0,1,0,0,1
64.799735,0,0,0,1,0,0,1,0,0
64.817098,1,0,0,0,1,0,0,1,0
64.834362,0,0,1,0,0,0,0,0,0
64.839826,0,1,0,0,0,0,0,0,0
64.846325,0,0,0,0,0,1,0,0,1
64.849463,0,0,0,1,0,0,1,0,0
64.859889,1,0,0,0,0,0,0,0,0
64.866018,0,0,0,0,1,0,0,1,0
64.885230,0,0,1,0,0,0,0,0,0
64.888851,0,1,0,0,0,0,0,0,0
64.899878,0,0,0,0,0,1,0,0,1
64.901005,0,0,0,1,0,0,1,0,0
64.917363,1,0,0,0,1,0,0,1,0
64.937396,0,0,1,0,0,0,0,0,0
64.941898,0,1,0,0,0,0,0,0,0
64.947477,0,0,0,0,0,1,0,0,1
64.949887,0,0,0,1,0,0,1,0,0
64.965639,1,0,0,0,1,0,0,1,0
64.977552,0,0,1,0,0,0,0,0,0
64.986848,0,1,0,0,0,0,0,0,0
64.999412,0,0,0,1,0,0,1,0,0
65.001346,0,0,0,0,0,1,0,0,1
65.014847,1,0,0,0,0,0,0,0,0
65.037779,0,0,1,0,0,0,0,0,0
65.041459,0,0,0,0,1,0,0,1,0
65.050046,0,0,0,1,0,0,1,0,0
65.051837,0,0,0,0,0,1,0,0,1
65.061463,1,0,0,0,0,0,0,0,0
65.069878,0,1,0,0,1,0,0,1,0
65.090718,0,0,1,0,0,0,0,0,0
65.091859,0,1,0,0,0,0,0,0,0
65.099651,0,0,0,1,0,0,1,0,0
65.102409,0,0,0,0,0,1,0,0,1
65.117099,1,0,0,0,1,0,0,1,0
65.136168,0,0,1,0,0,0,0,0,0
65.137334,0,1,0,0,0,0,0,0,0
65.146246,0,0,0,0,0,1,0,0,1
65.149734,0,0,0,1,0,0,1,0,0
65.165888,1,0,0,0,1,0,0,1,0
65.180141,0,0,1,0,0,0,0,0,0
65.195227,0,1,0,0,0,0,0,0,0
65.197930,0,0,0,0,0,1,0,0,1
65.200000,0,0,0,1,0,0,1,0,0
65.213187,1,0,0,0,0,0,0,0,0
65.220451,0,0,0,0,1,0,0,1,0
65.235906,0,0,1,0,0,0,0,0,0
65.245680,0,1,0,0,0,0,0,0,0
65.247460,0,0,0,0,0,1,0,0,1
65.250620,0,0,0,1,0,0,1,0,0
65.269824,1,0,0,0,0,0,0,0,0
65.285339,0,0,1,0,0,0,0,0,0
65.298027,0,0,0,0,1,1,0,1,1
65.299036,0,0,0,1,0,0,1,0,0
65.318362,1,0,0,0,0,0,0,0,0
65.319798,0,1,0,0,1,0,0,1,0
65.333502,0,0,1,0,0,0,0,0,0
65.347668,0,1,0,0,0,0,0,0,0
65.348401,0,0,0,0,0,1,0,0,1
65.349455,0,0,0,1,0,0,1,0,0
65.365188,1,0,0,0,1,0,0,1,0
65.386165,0,0,1,0,0,0,0,0,0
65.390802,0,1,0,0,0,0,0,0,0
65.397986,0,0,0,0,0,1,0,0,1
65.400122,0,0,0,1,0,0,1,0,0
65.411225,1,0,0,0,0,0,0,0,0
65.432297,0,0,1,0,1,0,0,1,0
65.450387,0,0,0,1,0,0,1,0,0
65.451294,0,0,0,0,0,1,0,0,1
65.460498,0,1,0,0,0,0,0,0,0
65.461837,1,0,0,0,0,0,0,0,0
65.487857,0,0,1,0,0,0,0,0,0
65.491278,0,0,0,0,1,0,0,1,0
65.499099,0,0,0,0,0,1,0,0,1
65.500254,0,0,0,1,0,0,1,0,0
65.516088,1,0,0,0,0,0,0,0,0
65.518492,0,1,0,0,0,0,0,0,0
65.535611,0,0,1,0,1,0,0,1,0
65.546933,0,0,0,0,0,1,0,0,1
65.550641,0,0,0,1,0,0,1,0,0
65.559182,0,1,0,0,0,0,0,0,0
65.568322,1,0,0,0,0,0,0,0,0
65.578661,0,0,1,0,0,0,0,0,0
65.598810,0,0,0,1,1,0,1,1,0
65.601964,0,0,0,0,0,1,0,0,1
65.618299,1,0,0,0,1,0,0,1,0
65.622426,0,1,0,0,0,0,0,0,0
65.641293,0,0,1,0,0,0,0,0,0
65.644927,0,1,0,0,0,0,0,0,0
65.650028,0,0,0,0,0,1,0,0,1
65.650502,0,0,0,1,0,0,1,0,0
65.664974,1,0,0,0,0,0,0,0,0
65.682964,0,0,1,0,0,0,0,0,0
65.696771,0,0,0,0,0,1,0,0,1
65.700222,0,0,0,1,1,0,1,1,0
65.711371,1,0,0,0,0,0,0,0,0
65.722590,0,1,0,0,1,0,0,1,0
65.735244,0,0,1,0,0,0,0,0,0
65.742829,0,1,0,0,0,0,0,0,0
65.746525,0,0,0,0,0,1,0,0,1
65.749270,0,0,0,1,0,0,1,0,0
65.765799,1,0,0,0,0,0,0,0,0
65.779446,0,0,1,0,0,0,0,0,0
65.801625,0,0,0,1,1,0,1,1,0
65.803581,0,0,0,0,0,1,0,0,1
65.813184,1,0,0,0,1,0,0,1,0
65.825177,0,1,0,0,0,0,0,0,0
65.838193,0,0,1,0,0,0,0,0,0
65.839236,0,1,0,0,0,0,0,0,0
65.849887,0,0,0,1,0,0,1,0,0
65.850943,0,0,0,0,0,1,0,0,1
65.864224,1,0,0,0,1,0,0,1,0
65.887003,0,1,0,0,0,0,0,0,0
65.889386,0,0,1,0,0,0,0,0,0
65.898261,0,0,0,1,0,0,1,0,0
65.902964,0,0,0,0,0,1,0,0,1
65.913467,1,0,0,0,0,0,0,0,0
65.939820,0,0,1,0,1,0,0,1,0
65.948374,0,0,0,0,0,1,0,0,1
65.951017,0,0,0,1,0,0,1,0,0
65.963394,1,0,0,0,1,0,0,1,0
65.968970,0,1,0,0,0,0,0,0,0
65.985089,0,0,1,0,0,0,0,0,0
65.985912,0,1,0,0,0,0,0,0,0
65.997474,0,0,0,0,0,1,0,0,1
65.999225,0,0,0,1,0,0,1,0,0
66.010992,1,0,0,0,1,0,0,1,0
66.031093,0,0,1,0,0,0,0,0,0
66.035724,0,1,0,0,0,0,0,0,0
66.048793,0,0,0,0,0,1,0,0,1
66.050103,0,0,0,1,0,0,1,0,0
66.060288,1,0,0,0,1,0,0,1,0
66.080661,0,1,0,0,0,0,0,0,0
66.084608,0,0,1,0,0,0,0,0,0
66.098632,0,0,0,1,0,0,1,0,0
66.099216,0,0,0,0,0,1,0,0,1
66.116925,1,0,0,0,0,0,0,0,0
66.132596,0,0,1,0,0,0,0,0,0
66.145628,0,0,0,0,1,0,0,1,0
66.150018,0,0,0,0,0,1,0,0,1
66.150367,0,0,0,1,0,0,1,0,0
66.164118,1,0,0,0,0,0,0,0,0
66.166650,0,1,0,0,0,0,0,0,0
66.184282,0,0,1,0,0,0,0,0,0
66.197626,0,0,0,0,1,0,0,1,0
66.199484,0,0,0,0,0,1,0,0,1
66.201680,0,0,0,1,0,0,1,0,0
66.219287,1,0,0,0,0,0,0,0,0
66.219813,0,1,0,0,0,0,0,0,0
66.234563,0,0,1,0,0,0,0,0,0
66.236472,0,0,0,0,1,0,0,1,0
66.247297,0,0,0,0,0,1,0,0,1
66.250138,0,0,0,1,0,0,1,0,0
66.264953,0,1,0,0,0,0,0,0,0
66.266835,1,0,0,0,1,0,0,1,0
66.284279,0,0,1,0,0,0,0,0,0
66.292388,0,1,0,0,0,0,0,0,0
66.299167,0,0,0,1,0,0,1,0,0
66.299282,0,0,0,0,0,1,0,0,1
66.318964,1,0,0,0,1,0,0,1,0
66.337418,0,0,1,0,0,0,0,0,0
66.344167,0,1,0,0,0,0,0,0,0
66.349515,0,0,0,1,0,0,1,0,0
66.351925,0,0,0,0,0,1,0,0,1
66.369485,1,0,0,0,0,0,0,0,0
66.385844,0,0,1,0,0,0,0,0,0
66.397319,0,0,0,0,0,1,0,0,1
66.399990,0,0,0,1,0,0,1,0,0
66.410437,1,0,0,0,0,0,0,0,0
66.433283,0,0,1,0,1,0,0,1,0
66.445748,0,0,0,0,1,0,0,1,0
66.448601,0,0,0,1,0,0,1,0,0
66.452357,0,0,0,0,0,1,0,0,1
66.459243,1,0,0,0,1,0,0,1,0
66.459671,0,1,0,0,0,0,0,0,0
66.469260,0,1,0,0,0,0,0,0,0
66.485743,0,0,1,0,0,0,0,0,0
66.488935,0,1,0,0,0,0,0,0,0
66.500163,0,0,0,1,0,0,1,0,0
66.502673,0,0,0,0,0,1,0,0,1
66.514089,1,0,0,0,1,0,0,1,0
66.539718,0,0,1,0,0,0,0,0,0
66.543261,0,1,0,0,0,0,0,0,0
66.550489,0,0,0,1,0,0,1,0,0
66.552494,0,0,0,0,0,1,0,0,1
66.560596,1,0,0,0,1,0,0,1,0
66.583928,0,1,0,0,0,0,0,0,0
66.588584,0,0,1,0,0,0,0,0,0
66.600107,0,0,0,0,0,1,0,0,1
66.601425,0,0,0,1,0,0,1,0,0
66.612150,1,0,0,0,0,0,0,0,0
66.639008,0,0,1,0,0,0,0,0,0
66.648449,0,0,0,1,1,0,1,1,0
66.653119,0,0,0,0,0,1,0,0,1
66.659214,1,0,0,0,1,0,0,1,0
66.675308,0,1,0,0,0,0,0,0,0
66.684086,0,1,0,0,0,0,0,0,0
66.690507,0,0,1,0,0,0,0,0,0
66.701294,0,0,0,1,0,0,1,0,0
66.701373,0,0,0,0,0,1,0,0,1
66.720679,1,0,0,0,1,0,0,1,0
66.734278,0,0,1,0,0,0,0,0,0
66.748502,0,1,0,0,0,0,0,0,0
66.749477,0,0,0,1,0,0,1,0,0
66.752569,0,0,0,0,0,1,0,0,1
66.761155,1,0,0,0,1,0,0,1,0
66.784148,0,0,1,0,0,0,0,0,0
66.790191,0,1,0,0,0,0,0,0,0
66.799995,0,0,0,1,0,0,1,0,0
66.803413,0,0,0,0,0,1,0,0,1
66.813780,1,0,0,0,1,0,0,1,0
66.840855,0,0,1,0,0,0,0,0,0
66.843196,0,1,0,0,0,0,0,0,0
66.849151,0,0,0,0,0,1,0,0,1
66.849958,0,0,0,1,0,0,1,0,0
66.868749,1,0,0,0,0,0,0,0,0
66.879414,0,0,1,0,1,0,0,1,0
66.897645,0,0,0,0,0,1,0,0,1
66.901680,0,0,0,1,0,0,1,0,0
66.903619,0,1,0,0,0,0,0,0,0
66.915712,1,0,0,0,0,0,0,0,0
66.934821,0,0,1,0,1,0,0,1,0
66.949960,0,0,0,1,0,0,1,0,0
66.953151,0,0,0,0,0,1,0,0,1
66.964275,1,0,0,0,0,0,0,0,0
66.964745,0,1,0,0,0,0,0,0,0
66.991608,0,0,1,0,0,0,0,0,0
66.996673,0,0,0,0,0,1,0,0,1
67.000759,0,0,0,1,1,0,1,1,0
67.011720,1,0,0,0,1,0,0,1,0
67.027747,0,1,0,0,0,0,0,0,0
67.032228,0,0,1,0,0,0,0,0,0
67.040971,0,1,0,0,0,0,0,0,0
67.046514,0,0,0,0,0,1,0,0,1
67.050443,0,0,0,1,0,0,1,0,0
67.066094,1,0,0,0,1,0,0,1,0
67.086266,0,0,1,0,0,0,0,0,0
67.093275,0,1,0,0,0,0,0,0,0
67.096311,0,0,0,0,0,1,0,0,1
67.099729,0,0,0,1,0,0,1,0,0
67.116579,1,0,0,0,0,0,0,0,0
67.127999,0,0,0,0,1,0,0,1,0
67.135808,0,0,1,0,0,0,0,0,0
67.150298,0,0,0,0,0,1,0,0,1
67.151411,0,0,0,1,0,0,1,0,0
67.157809,0,1,0,0,0,0,0,0,0
67.170111,1,0,0,0,0,0,0,0,0
67.187110,0,0,1,0,1,0,0,1,0
67.200658,0,0,0,1,0,0,1,0,0
67.201419,0,0,0,0,0,1,0,0,1
67.211149,0,1,0,0,0,0,0,0,0
67.214559,1,0,0,0,1,0,0,1,0
67.237128,0,0,1,0,0,0,0,0,0
67.237163,0,1,0,0,0,0,0,0,0
67.249653,0,0,0,0,0,1,0,0,1
67.250763,0,0,0,1,0,0,1,0,0
67.269669,1,0,0,0,1,0,0,1,0
67.285713,0,0,1,0,0,0,0,0,0
67.293120,0,1,0,0,0,0,0,0,0
67.298826,0,0,0,0,0,1,0,0,1
67.299021,0,0,0,1,0,0,1,0,0
67.316697,1,0,0,0,0,0,0,0,0
67.335705,0,0,1,0,0,0,0,0,0
67.349988,0,0,0,0,1,1,0,1,1
67.350339,0,0,0,1,0,0,1,0,0
67.366566,1,0,0,0,0,0,0,0,0
67.371184,0,0,0,0,1,0,0,1,0
67.372761,0,1,0,0,0,0,0,0,0
67.386795,0,0,1,0,0,0,0,0,0
67.394470,0,1,0,0,0,0,0,0,0
67.400064,0,0,0,1,0,0,1,0,0
67.400467,0,0,0,0,0,1,0,0,1
67.417187,1,0,0,0,0,0,0,0,0
67.436479,0,0,1,0,1,0,0,1,0
67.447787,0,0,0,0,0,1,0,0,1
67.450091,0,0,0,1,0,0,1,0,0
67.461339,0,1,0,0,0,0,0,0,0
67.461817,1,0,0,0,1,0,0,1,0
67.481008,0,0,1,0,0,0,0,0,0
67.491272,0,1,0,0,0,0,0,0,0
67.499559,0,0,0,1,0,0,1,0,0
67.502423,0,0,0,0,0,1,0,0,1
67.514826,1,0,0,0,0,0,0,0,0
67.537042,0,0,1,0,0,0,0,0,0
67.550565,0,0,0,1,0,0,1,0,0
67.551552,0,0,0,0,0,1,0,0,1
67.558395,0,0,0,0,1,0,0,1,0
67.562695,1,0,0,0,1,0,0,1,0
67.579275,0,1,0,0,0,0,0,0,0
67.584397,0,1,0,0,0,0,0,0,0
67.586820,0,0,1,0,0,0,0,0,0
67.599718,0,0,0,0,0,1,0,0,1
67.600712,0,0,0,1,0,0,1,0,0
67.616758,1,0,0,0,1,0,0,1,0
67.634084,0,0,1,0,0,0,0,0,0
67.641008,0,1,0,0,0,0,0,0,0
67.648192,0,0,0,0,0,1,0,0,1
67.650324,0,0,0,1,0,0,1,0,0
67.662704,1,0,0,0,1,0,0,1,0
67.682119,0,0,1,0,0,0,0,0,0
67.684817,0,1,0,0,0,0,0,0,0
67.698932,0,0,0,0,0,1,0,0,1
67.699495,0,0,0,1,0,0,1,0,0
67.716735,1,0,0,0,1,0,0,1,0
67.737280,0,0,1,0,0,0,0,0,0
67.745478,0,1,0,0,0,0,0,0,0
67.748229,0,0,0,1,0,0,1,0,0
67.750221,0,0,0,0,0,1,0,0,1
67.764075,1,0,0,0,0,0,0,0,0
67.787560,0,0,1,0,1,0,0,1,0
67.800238,0,0,0,1,0,0,1,0,0
67.800877,0,0,0,0,0,1,0,0,1
67.811257,1,0,0,0,1,0,0,1,0
67.812839,0,1,0,0,0,0,0,0,0
67.835845,0,1,0,0,0,0,0,0,0
67.836462,0,0,1,0,0,0,0,0,0
67.849435,0,0,0,0,0,1,0,0,1
67.851834,0,0,0,1,0,0,1,0,0
67.866964,1,0,0,0,0,0,0,0,0
67.885895,0,0,1,0,0,0,0,0,0
67.898360,0,0,0,0,1,0,0,1,0
67.899390,0,0,0,1,0,0,1,0,0
67.900757,0,0,0,0,0,1,0,0,1
67.915583,1,0,0,0,1,0,0,1,0
67.923758,0,1,0,0,0,0,0,0,0
67.939984,0,0,1,0,0,0,0,0,0
67.942070,0,1,0,0,0,0,0,0,0
67.951046,0,0,0,1,0,0,1,0,0
67.951412,0,0,0,0,0,1,0,0,1
67.963285,1,0,0,0,0,0,0,0,0
67.988410,0,0,1,0,1,0,0,1,0
67.999459,0,0,0,1,0,0,1,0,0
68.002516,0,0,0,0,0,1,0,0,1
68.013897,0,1,0,0,0,0,0,0,0
68.016002,1,0,0,0,0,0,0,0,0
68.039972,0,0,1,0,1,0,0,1,0
68.050995,0,0,0,1,0,0,1,0,0
68.052684,0,0,0,0,0,1,0,0,1
68.062487,0,1,0,0,0,0,0,0,0
68.069350,1,0,0,0,1,0,0,1,0
68.088759,0,0,1,0,0,0,0,0,0
68.092163,0,1,0,0,0,0,0,0,0
68.099065,0,0,0,1,0,0,1,0,0
68.103997,0,0,0,0,0,1,0,0,1
68.111794,1,0,0,0,1,0,0,1,0
68.133283,0,1,0,0,0,0,0,0,0
68.140968,0,0,1,0,0,0,0,0,0
68.148468,0,0,0,0,0,1,0,0,1
68.150189,0,0,0,1,0,0,1,0,0
68.167394,1,0,0,0,1,0,0,1,0
68.184332,0,0,1,0,0,0,0,0,0
68.194225,0,1,0,0,0,0,0,0,0
68.199800,0,0,0,1,0,0,1,0,0
68.202660,0,0,0,0,0,1,0,0,1
68.213845,1,0,0,0,0,0,0,0,0
68.241591,0,0,1,0,0,0,0,0,0
68.249992,0,0,0,1,1,0,1,1,0
68.252725,0,0,0,0,0,1,0,0,1
68.260382,1,0,0,0,1,0,0,1,0
68.274001,0,1,0,0,0,0,0,0,0
68.284937,0,1,0,0,0,0,0,0,0
68.287277,0,0,1,0,0,0,0,0,0
68.301282,0,0,0,1,0,0,1,0,0
68.301738,0,0,0,0,0,1,0,0,1
68.313584,1,0,0,0,0,0,0,0,0
68.335458,0,0,1,0,0,0,0,0,0
68.349554,0,0,0,0,1,1,0,1,1
68.350789,0,0,0,1,0,0,1,0,0
68.366931,1,0,0,0,1,0,0,1,0
68.372599,0,1,0,0,0,0,0,0,0
68.383017,0,0,1,0,0,0,0,0,0
68.390469,0,1,0,0,0,0,0,0,0
68.399467,0,0,0,1,0,0,1,0,0
68.400538,0,0,0,0,0,1,0,0,1
68.417718,1,0,0,0,1,0,0,1,0
68.430912,0,0,1,0,0,0,0,0,0
68.439168,0,1,0,0,0,0,0,0,0
68.448349,0,0,0,0,0,1,0,0,1
68.450598,0,0,0,1,0,0,1,0,0
68.469171,1,0,0,0,1,0,0,1,0
68.484126,0,0,1,0,0,0,0,0,0
68.495618,0,1,0,0,0,0,0,0,0
68.499696,0,0,0,1,0,0,1,0,0
68.500856,0,0,0,0,0,1,0,0,1
68.519118,1,0,0,0,0,0,0,0,0
68.537981,0,0,1,0,0,0,0,0,0
68.543269,0,0,0,0,1,0,0,1,0
68.549547,0,0,0,1,0,0,1,0,0
68.553191,0,0,0,0,0,1,0,0,1
68.562675,1,0,0,0,1,0,0,1,0
68.568644,0,1,0,0,0,0,0,0,0
68.584727,0,1,0,0,0,0,0,0,0
68.590873,0,0,1,0,0,0,0,0,0
68.600870,0,0,0,1,0,0,1,0,0
68.601968,0,0,0,0,0,1,0,0,1
68.612815,1,0,0,0,0,0,0,0,0
68.641347,0,0,1,0,1,0,0,1,0
68.650911,0,0,0,1,0,0,1,0,0
68.652209,0,0,0,0,0,1,0,0,1
68.663971,1,0,0,0,1,0,0,1,0
68.669586,0,1,0,0,0,0,0,0,0
68.688108,0,1,0,0,0,0,0,0,0
68.690772,0,0,1,0,0,0,0,0,0
68.697672,0,0,0,0,0,1,0,0,1
68.698583,0,0,0,1,0,0,1,0,0
68.710417,1,0,0,0,0,0,0,0,0
68.733190,0,0,1,0,1,0,0,1,0
68.748403,0,0,0,0,0,1,0,0,1
68.749137,0,0,0,1,0,0,1,0,0
68.756665,0,1,0,0,0,0,0,0,0
68.760731,1,0,0,0,1,0,0,1,0
68.782771,0,1,0,0,0,0,0,0,0
68.784562,0,0,1,0,0,0,0,0,0
68.800273,0,0,0,1,0,0,1,0,0
68.801545,0,0,0,0,0,1,0,0,1
68.814555,1,0,0,0,0,0,0,0,0
68.838786,0,0,1,0,0,0,0,0,0
68.850536,0,0,0,1,0,0,1,0,0
68.853703,0,0,0,0,0,1,0,0,1
68.860606,1,0,0,0,1,0,0,1,0
68.881399,0,1,0,0,0,0,0,0,0
68.891382,0,0,1,0,1,0,0,1,0
68.897387,0,0,0,0,0,1,0,0,1
68.899932,0,0,0,1,0,0,1,0,0
68.912742,1,0,0,0,1,0,0,1,0
68.918342,0,1,0,0,0,0,0,0,0
68.932161,0,0,1,0,0,0,0,0,0
68.936231,0,1,0,0,0,0,0,0,0
68.951877,0,0,0,1,0,0,1,0,0
68.952115,0,0,0,0,0,1,0,0,1
68.967631,1,0,0,0,0,0,0,0,0
68.987425,0,0,1,0,1,0,0,1,0
68.997937,0,0,0,0,0,1,0,0,1
69.000446,0,0,0,1,0,0,1,0,0
69.011030,0,1,0,0,0,0,0,0,0
69.017261,1,0,0,0,0,0,0,0,0
69.034821,0,0,1,0,1,0,0,1,0
69.047383,0,0,0,0,0,1,0,0,1
69.050117,0,0,0,1,0,0,1,0,0
69.058704,0,1,0,0,0,0,0,0,0
69.063132,1,0,0,0,0,0,0,0,0
69.086334,0,0,1,0,0,0,0,0,0
69.087515,0,0,0,0,1,0,0,1,0
69.098248,0,0,0,0,0,1,0,0,1
69.100378,0,0,0,1,0,0,1,0,0
69.113349,0,1,0,0,0,0,0,0,0
69.119117,1,0,0,0,1,0,0,1,0
69.131352,0,0,1,0,0,0,0,0,0
69.147461,0,0,0,0,0,1,0,0,1
69.148201,0,1,0,0,0,0,0,0,0
69.151063,0,0,0,1,0,0,1,0,0
69.162399,1,0,0,0,0,0,0,0,0
69.186249,0,0,1,0,1,0,0,1,0
69.199357,0,0,0,0,0,1,0,0,1
69.201582,0,0,0,1,0,0,1,0,0
69.209891,0,1,0,0,0,0,0,0,0
69.218530,1,0,0,0,1,0,0,1,0
69.234356,0,0,1,0,0,0,0,0,0
69.238988,0,1,0,0,0,0,0,0,0
69.248099,0,0,0,0,0,1,0,0,1
69.249985,0,0,0,1,0,0,1,0,0
69.264865,1,0,0,0,1,0,0,1,0
69.286853,0,0,1,0,0,0,0,0,0
69.289331,0,1,0,0,0,0,0,0,0
69.298646,0,0,0,0,0,1,0,0,1
69.300126,0,0,0,1,0,0,1,0,0
69.317938,1,0,0,0,0,0,0,0,0
69.322066,0,0,0,0,1,0,0,1,0
69.329096,0,0,1,0,0,0,0,0,0
69.347066,0,1,0,0,0,0,0,0,0
69.347596,0,0,0,0,0,1,0,0,1
69.350738,0,0,0,1,0,0,1,0,0
69.368617,1,0,0,0,0,0,0,0,0
69.378963,0,0,1,0,0,0,0,0,0
69.398028,0,0,0,0,0,1,0,0,1
69.399970,0,0,0,1,1,0,1,1,0
69.416693,1,0,0,0,0,0,0,0,0
69.421815,0,1,0,0,1,0,0,1,0
69.431662,0,0,1,0,0,0,0,0,0
69.443926,0,1,0,0,0,0,0,0,0
69.449526,0,0,0,1,0,0,1,0,0
69.451260,0,0,0,0,0,1,0,0,1
69.468168,1,0,0,0,1,0,0,1,0
69.490640,0,0,1,0,0,0,0,0,0
69.490805,0,1,0,0,0,0,0,0,0
69.501024,0,0,0,1,0,0,1,0,0
69.503183,0,0,0,0,0,1,0,0,1
69.516902,1,0,0,0,0,0,0,0,0
69.533998,0,0,0,0,1,0,0,1,0
69.536395,0,0,1,0,0,0,0,0,0
69.546008,0,0,0,0,0,1,0,0,1
69.550061,0,0,0,1,0,0,1,0,0
69.560605,1,0,0,0,0,0,0,0,0
69.561649,0,0,0,0,1,0,0,1,0
69.562712,0,1,0,0,0,0,0,0,0
69.581229,0,0,1,0,0,0,0,0,0
69.588621,0,1,0,0,0,0,0,0,0
69.600707,0,0,0,0,0,1,0,0,1
69.601887,0,0,0,1,0,0,1,0,0
69.620939,1,0,0,0,1,0,0,1,0
69.633664,0,0,1,0,0,0,0,0,0
69.646304,0,1,0,0,0,0,0,0,0
69.647793,0,0,0,0,0,1,0,0,1
69.650613,0,0,0,1,0,0,1,0,0
69.663650,1,0,0,0,1,0,0,1,0
69.679153,0,0,1,0,0,0,0,0,0
69.684100,0,1,0,0,0,0,0,0,0
69.699867,0,0,0,0,0,1,0,0,1
69.699973,0,0,0,1,0,0,1,0,0
69.713272,1,0,0,0,1,0,0,1,0
69.734000,0,1,0,0,0,0,0,0,0
69.738995,0,0,1,0,0,0,0,0,0
69.746500,0,0,0,0,0,1,0,0,1
69.748888,0,0,0,1,0,0,1,0,0
69.766799,1,0,0,0,1,0,0,1,0
69.780776,0,0,1,0,0,0,0,0,0
69.794153,0,1,0,0,0,0,0,0,0
69.799685,0,0,0,1,0,0,1,0,0
69.803539,0,0,0,0,0,1,0,0,1
69.815005,1,0,0,0,1,0,0,1,0
69.839402,0,0,1,0,0,0,0,0,0
69.840279,0,1,0,0,0,0,0,0,0
69.850489,0,0,0,0,0,1,0,0,1
69.851403,0,0,0,1,0,0,1,0,0
69.866603,1,0,0,0,1,0,0,1,0
69.886302,0,0,1,0,0,0,0,0,0
69.890271,0,1,0,0,0,0,0,0,0
69.898434,0,0,0,0,0,1,0,0,1
69.899753,0,0,0,1,0,0,1,0,0
69.914660,1,0,0,0,0,0,0,0,0
69.927090,0,0,0,0,1,0,0,1,0
69.931900,0,0,1,0,0,0,0,0,0
69.946118,0,0,0,0,0,1,0,0,1
69.950604,0,0,0,1,0,0,1,0,0
69.953388,0,1,0,0,0,0,0,0,0
69.970373,1,0,0,0,1,0,0,1,0
69.980124,0,0,1,0,0,0,0,0,0
69.996156,0,0,0,0,0,1,0,0,1
70.000322,0,1,0,0,0,0,0,0,0
70.000672,0,0,0,1,0,0,1,0,0
70.011439,1,0,0,0,1,0,0,1,0
70.032818,0,1,0,0,0,0,0,0,0
70.033444,0,0,1,0,0,0,0,0,0
70.049270,0,0,0,1,0,0,1,0,0
70.050156,0,0,0,0,0,1,0,0,1
70.063592,1,0,0,0,1,0,0,1,0
70.089798,0,0,1,0,0,0,0,0,0
70.092793,0,1,0,0,0,0,0,0,0
70.100070,0,0,0,1,0,0,1,0,0
70.102988,0,0,0,0,0,1,0,0,1
70.113696,1,0,0,0,0,0,0,0,0
70.132705,0,0,0,0,1,0,0,1,0
70.141206,0,0,1,0,0,0,0,0,0
70.147748,0,0,0,0,0,1,0,0,1
70.150322,0,0,0,1,0,0,1,0,0
70.157185,0,1,0,0,0,0,0,0,0
70.163037,1,0,0,0,0,0,0,0,0
70.186843,0,0,1,0,1,0,0,1,0
70.198551,0,0,0,1,0,0,1,0,0
70.198643,0,0,0,0,0,1,0,0,1
70.209498,0,1,0,0,0,0,0,0,0
70.210932,1,0,0,0,0,0,0,0,0
70.237050,0,0,1,0,1,0,0,1,0
70.249242,0,0,0,0,0,1,0,0,1
70.250297,0,0,0,1,0,0,1,0,0
70.261289,0,1,0,0,0,0,0,0,0
70.269014,1,0,0,0,1,0,0,1,0
70.284872,0,0,1,0,0,0,0,0,0
70.295418,0,1,0,0,0,0,0,0,0
70.300833,0,0,0,0,0,1,0,0,1
70.301009,0,0,0,1,0,0,1,0,0
70.315044,1,0,0,0,0,0,0,0,0
70.331580,0,0,1,0,1,0,0,1,0
70.346545,0,0,0,0,0,1,0,0,1
70.351548,0,0,0,1,0,0,1,0,0
70.358428,0,1,0,0,0,0,0,0,0
70.362788,1,0,0,0,1,0,0,1,0
70.382453,0,0,1,0,0,0,0,0,0
70.383273,0,1,0,0,0,0,0,0,0
70.399747,0,0,0,0,0,1,0,0,1
70.400017,0,0,0,1,0,0,1,0,0
70.411432,1,0,0,0,0,0,0,0,0
70.433684,0,0,1,0,1,0,0,1,0
70.448002,0,0,0,0,0,1,0,0,1
70.449633,0,0,0,1,0,0,1,0,0
70.454936,0,1,0,0,0,0,0,0,0
70.465461,1,0,0,0,1,0,0,1,0
70.486262,0,0,1,0,0,0,0,0,0
70.488041,0,1,0,0,0,0,0,0,0
70.498344,0,0,0,0,0,1,0,0,1
70.501177,0,0,0,1,0,0,1,0,0
70.515411,1,0,0,0,1,0,0,1,0
70.534907,0,0,1,0,0,0,0,0,0
70.538564,0,1,0,0,0,0,0,0,0
70.549618,0,0,0,0,0,1,0,0,1
70.550597,0,0,0,1,0,0,1,0,0
70.562979,1,0,0,0,0,0,0,0,0
70.588128,0,0,1,0,1,0,0,1,0
70.599198,0,0,0,1,0,0,1,0,0
70.600370,0,0,0,0,0,1,0,0,1
70.610419,1,0,0,0,0,0,0,0,0
70.612347,0,0,0,0,1,0,0,1,0
70.613855,0,1,0,0,0,0,0,0,0
70.634950,0,0,1,0,0,0,0,0,0
70.636610,0,1,0,0,0,0,0,0,0
70.649853,0,0,0,1,0,0,1,0,0
70.650531,0,0,0,0,0,1,0,0,1
70.668743,1,0,0,0,1,0,0,1,0
70.690272,0,0,1,0,0,0,0,0,0
70.698029,0,1,0,0,0,0,0,0,0
70.699321,0,0,0,1,0,0,1,0,0
70.700350,0,0,0,0,0,1,0,0,1
70.712127,1,0,0,0,1,0,0,1,0
70.736761,0,0,1,0,0,0,0,0,0
70.740096,0,1,0,0,0,0,0,0,0
70.750085,0,0,0,1,0,0,1,0,0
70.750239,0,0,0,0,0,1,0,0,1
70.767194,1,0,0,0,1,0,0,1,0
70.785820,0,0,1,0,0,0,0,0,0
70.787570,0,1,0,0,0,0,0,0,0
70.799917,0,0,0,1,0,0,1,0,0
70.802052,0,0,0,0,0,1,0,0,1
70.810123,1,0,0,0,1,0,0,1,0
70.832629,0,1,0,0,0,0,0,0,0
70.841586,0,0,1,0,0,0,0,0,0
70.848382,0,0,0,1,0,0,1,0,0
70.850703,0,0,0,0,0,1,0,0,1
70.859967,1,0,0,0,0,0,0,0,0
70.863322,0,0,0,0,1,0,0,1,0
70.888229,0,1,0,0,0,0,0,0,0
70.888602,0,0,1,0,0,0,0,0,0
70.900681,0,0,0,0,0,1,0,0,1
70.900949,0,0,0,1,0,0,1,0,0
70.915366,1,0,0,0,1,0,0,1,0
70.939671,0,0,1,0,0,0,0,0,0
70.940349,0,1,0,0,0,0,0,0,0
70.948073,0,0,0,0,0,1,0,0,1
70.949901,0,0,0,1,0,0,1,0,0
70.960501,1,0,0,0,1,0,0,1,0
70.986388,0,0,1,0,0,0,0,0,0
70.989479,0,1,0,0,0,0,0,0,0
70.999493,0,0,0,1,0,0,1,0,0
70.999625,0,0,0,0,0,1,0,0,1
71.016675,1,0,0,0,1,0,0,1,0
71.037802,0,1,0,0,0,0,0,0,0
71.038506,0,0,1,0,0,0,0,0,0
71.049700,0,0,0,1,0,0,1,0,0
71.050718,0,0,0,0,0,1,0,0,1
71.064396,1,0,0,0,1,0,0,1,0
71.084835,0,0,1,0,0,0,0,0,0
71.088955,0,1,0,0,0,0,0,0,0
71.098832,0,0,0,0,0,1,0,0,1
71.100865,0,0,0,1,0,0,1,0,0
71.113153,1,0,0,0,1,0,0,1,0
71.134241,0,0,1,0,0,0,0,0,0
71.142703,0,1,0,0,0,0,0,0,0
71.148324,0,0,0,0,0,1,0,0,1
71.150845,0,0,0,1,0,0,1,0,0
71.166425,1,0,0,0,1,0,0,1,0
71.187767,0,0,1,0,0,0,0,0,0
71.187854,0,1,0,0,0,0,0,0,0
71.197264,0,0,0,0,0,1,0,0,1
71.199263,0,0,0,1,0,0,1,0,0
71.212288,1,0,0,0,0,0,0,0,0
71.233789,0,0,1,0,0,0,0,0,0
71.250288,0,0,0,1,1,0,1,1,0
71.253284,0,0,0,0,0,1,0,0,1
71.262584,1,0,0,0,1,0,0,1,0
71.273636,0,1,0,0,0,0,0,0,0
71.286348,0,0,1,0,0,0,0,0,0
71.290888,0,1,0,0,0,0,0,0,0
71.300495,0,0,0,0,0,1,0,0,1
71.301030,0,0,0,1,0,0,1,0,0
71.311853,1,0,0,0,1,0,0,1,0
71.331853,0,0,1,0,0,0,0,0,0
71.336156,0,1,0,0,0,0,0,0,0
71.348878,0,0,0,0,0,1,0,0,1
71.350273,0,0,0,1,0,0,1,0,0
71.362962,1,0,0,0,1,0,0,1,0
71.383641,0,1,0,0,0,0,0,0,0
71.384874,0,0,1,0,0,0,0,0,0
71.401205,0,0,0,1,0,0,1,0,0
71.403761,0,0,0,0,0,1,0,0,1
71.414373,1,0,0,0,1,0,0,1,0
71.435103,0,1,0,0,0,0,0,0,0
71.442512,0,0,1,0,0,0,0,0,0
71.446219,0,0,0,0,0,1,0,0,1
71.449234,0,0,0,1,0,0,1,0,0
71.461490,1,0,0,0,1,0,0,1,0
71.482987,0,0,1,0,0,0,0,0,0
71.490717,0,1,0,0,0,0,0,0,0
71.497799,0,0,0,0,0,1,0,0,1
71.498308,0,0,0,1,0,0,1,0,0
71.518203,1,0,0,0,0,0,0,0,0
71.536270,0,0,1,0,0,0,0,0,0
71.541881,0,0,0,0,1,0,0,1,0
71.548529,0,0,0,1,0,0,1,0,0
71.550437,0,0,0,0,0,1,0,0,1
71.563072,1,0,0,0,0,0,0,0,0
71.566195,0,0,0,0,1,0,0,1,0
71.568219,0,1,0,0,0,0,0,0,0
71.584968,0,0,1,0,0,0,0,0,0
71.587570,0,1,0,0,0,0,0,0,0
71.600878,0,0,0,1,0,0,1,0,0
71.601506,0,0,0,0,0,1,0,0,1
71.615123,1,0,0,0,0,0,0,0,0
71.637415,0,0,1,0,1,0,0,1,0
71.649528,0,0,0,1,0,0,1,0,0
71.653484,0,0,0,0,0,1,0,0,1
71.658493,0,1,0,0,0,0,0,0,0
71.661977,1,0,0,0,1,0,0,1,0
71.683159,0,1,0,0,0,0,0,0,0
71.688912,0,0,1,0,0,0,0,0,0
71.697962,0,0,0,0,0,1,0,0,1
71.700071,0,0,0,1,0,0,1,0,0
71.717303,1,0,0,0,1,0,0,1,0
71.734934,0,0,1,0,0,0,0,0,0
71.738898,0,1,0,0,0,0,0,0,0
71.748663,0,0,0,1,0,0,1,0,0
71.753760,0,0,0,0,0,1,0,0,1
71.765434,1,0,0,0,1,0,0,1,0
71.788509,0,1,0,0,0,0,0,0,0
71.788515,0,0,1,0,0,0,0,0,0
71.799652,0,0,0,1,0,0,1,0,0
71.800855,0,0,0,0,0,1,0,0,1
71.812241,1,0,0,0,0,0,0,0,0
71.838270,0,0,1,0,1,0,0,1,0
71.849781,0,0,0,0,0,1,0,0,1
71.850013,0,0,0,1,0,0,1,0,0
71.862384,1,0,0,0,1,0,0,1,0
71.867222,0,1,0,0,0,0,0,0,0
71.887055,0,1,0,0,0,0,0,0,0
71.888572,0,0,1,0,0,0,0,0,0
71.898035,0,0,0,0,0,1,0,0,1
71.900177,0,0,0,1,0,0,1,0,0
71.915761,1,0,0,0,1,0,0,1,0
71.935330,0,0,1,0,0,0,0,0,0
71.938177,0,1,0,0,0,0,0,0,0
71.949402,0,0,0,0,0,1,0,0,1
71.951600,0,0,0,1,0,0,1,0,0
71.964911,1,0,0,0,0,0,0,0,0
71.984093,0,0,1,0,1,0,0,1,0
71.997958,0,0,0,0,0,1,0,0,1
71.998543,0,0,0,1,0,0,1,0,0
72.011711,1,0,0,0,1,0,0,1,0
72.012013,0,1,0,0,0,0,0,0,0
72.035572,0,0,1,0,0,0,0,0,0
72.036151,0,1,0,0,0,0,0,0,0
72.046951,0,0,0,0,0,1,0,0,1
72.049105,0,0,0,1,0,0,1,0,0
72.066993,1,0,0,0,0,0,0,0,0
72.080228,0,0,0,0,1,0,0,1,0
72.083761,0,0,1,0,0,0,0,0,0
72.101096,0,0,0,1,0,0,1,0,0
72.101607,0,1,0,0,0,0,0,0,0
72.102015,0,0,0,0,0,1,0,0,1
72.112153,1,0,0,0,0,0,0,0,0
72.114754,0,0,0,0,1,0,0,1,0
72.134785,0,0,1,0,0,0,0,0,0
72.142352,0,1,0,0,0,0,0,0,0
72.149945,0,0,0,0,0,1,0,0,1
72.151260,0,0,0,1,0,0,1,0,0
72.165635,1,0,0,0,1,0,0,1,0
72.182802,0,0,1,0,0,0,0,0,0
72.187263,0,1,0,0,0,0,0,0,0
72.200412,0,0,0,0,0,1,0,0,1
72.201498,0,0,0,1,0,0,1,0,0
72.215174,1,0,0,0,1,0,0,1,0
72.232530,0,0,1,0,0,0,0,0,0
72.238230,0,1,0,0,0,0,0,0,0
72.248772,0,0,0,0,0,1,0,0,1
72.249463,0,0,0,1,0,0,1,0,0
72.265806,1,0,0,0,0,0,0,0,0
72.279278,0,0,0,0,1,0,0,1,0
72.281536,0,0,1,0,0,0,0,0,0
72.299951,0,0,0,1,0,0,1,0,0
72.300801,0,0,0,0,0,1,0,0,1
72.304143,0,1,0,0,0,0,0,0,0
72.311285,1,0,0,0,1,0,0,1,0
72.334486,0,1,0,0,0,0,0,0,0
72.339896,0,0,1,0,0,0,0,0,0
72.349849,0,0,0,1,0,0,1,0,0
72.353591,0,0,0,0,0,1,0,0,1
72.365537,1,0,0,0,0,0,0,0,0
72.379965,0,0,0,0,1,0,0,1,0
72.386544,0,0,1,0,0,0,0,0,0
72.399418,0,0,0,1,0,0,1,0,0
72.400934,0,0,0,0,0,1,0,0,1
72.401317,0,1,0,0,0,0,0,0,0
72.409682,1,0,0,0,0,0,0,0,0
72.439230,0,0,1,0,1,0,0,1,0
72.448291,0,0,0,0,0,1,0,0,1
72.449563,0,0,0,1,0,0,1,0,0
72.459622,1,0,0,0,1,0,0,1,0
72.465595,0,1,0,0,0,0,0,0,0
72.481911,0,1,0,0,0,0,0,0,0
72.487830,0,0,1,0,0,0,0,0,0
72.498922,0,0,0,0,0,1,0,0,1
72.500426,0,0,0,1,0,0,1,0,0
72.519558,1,0,0,0,1,0,0,1,0
72.536858,0,0,1,0,0,0,0,0,0
72.541609,0,1,0,0,0,0,0,0,0
72.549466,0,0,0,1,0,0,1,0,0
72.551247,0,0,0,0,0,1,0,0,1
72.562905,1,0,0,0,0,0,0,0,0
72.582586,0,0,1,0,1,0,0,1,0
72.599142,0,0,0,0,0,1,0,0,1
72.600811,0,0,0,1,0,0,1,0,0
72.610907,0,1,0,0,0,0,0,0,0
72.613755,1,0,0,0,1,0,0,1,0
72.634245,0,0,1,0,0,0,0,0,0
72.635640,0,1,0,0,0,0,0,0,0
72.649311,0,0,0,0,0,1,0,0,1
72.649971,0,0,0,1,0,0,1,0,0
72.666185,1,0,0,0,0,0,0,0,0
72.670250,0,0,0,0,1,0,0,1,0
72.686801,0,0,1,0,0,0,0,0,0
72.698007,0,1,0,0,0,0,0,0,0
72.698956,0,0,0,1,0,0,1,0,0
72.699095,0,0,0,0,0,1,0,0,1
72.712953,1,0,0,0,0,0,0,0,0
72.728377,0,0,0,0,1,0,0,1,0
72.736645,0,0,1,0,0,0,0,0,0
72.750717,0,0,0,1,0,0,1,0,0
72.751804,0,0,0,0,0,1,0,0,1
72.752703,0,1,0,0,0,0,0,0,0
72.767320,1,0,0,0,1,0,0,1,0
72.785602,0,0,1,0,0,0,0,0,0
72.792701,0,1,0,0,0,0,0,0,0
72.800892,0,0,0,1,0,0,1,0,0
72.801552,0,0,0,0,0,1,0,0,1
72.810895,1,0,0,0,0,0,0,0,0
72.829262,0,0,0,0,1,0,0,1,0
72.834485,0,0,1,0,0,0,0,0,0
72.850526,0,0,0,0,0,1,0,0,1
72.850906,0,1,0,0,0,0,0,0,0
72.850962,0,0,0,1,0,0,1,0,0
72.865693,1,0,0,0,0,0,0,0,0
72.885291,0,0,1,0,1,0,0,1,0
72.900112,0,0,0,1,0,0,1,0,0
72.902193,0,0,0,0,0,1,0,0,1
72.913112,0,1,0,0,0,0,0,0,0
72.918403,1,0,0,0,1,0,0,1,0
72.936591,0,0,1,0,0,0,0,0,0
72.940287,0,1,0,0,0,0,0,0,0
72.947752,0,0,0,0,0,1,0,0,1
72.949663,0,0,0,1,0,0,1,0,0
72.964431,1,0,0,0,0,0,0,0,0
72.981954,0,0,1,0,0,0,0,0,0
72.998143,0,0,0,0,1,1,0,1,1
72.998547,0,0,0,1,0,0,1,0,0
73.014167,1,0,0,0,1,0,0,1,0
73.025856,0,1,0,0,0,0,0,0,0
73.034285,0,0,1,0,0,0,0,0,0
73.038715,0,1,0,0,0,0,0,0,0
73.048104,0,0,0,0,0,1,0,0,1
73.050099,0,0,0,1,0,0,1,0,0
73.061578,1,0,0,0,1,0,0,1,0
73.082664,0,0,1,0,0,0,0,0,0
73.088545,0,1,0,0,0,0,0,0,0
73.101438,0,0,0,1,0,0,1,0,0
73.102329,0,0,0,0,0,1,0,0,1
73.116405,1,0,0,0,0,0,0,0,0
73.124245,0,0,0,0,1,0,0,1,0
73.139546,0,0,1,0,0,0,0,0,0
73.150150,0,0,0,1,0,0,1,0,0
73.152031,0,1,0,0,0,0,0,0,0
73.152735,0,0,0,0,0,1,0,0,1
73.161065,1,0,0,0,0,0,0,0,0
73.185309,0,0,1,0,0,0,0,0,0
73.197299,0,0,0,0,1,1,0,1,1
73.200955,0,0,0,1,0,0,1,0,0
73.217780,1,0,0,0,1,0,0,1,0
73.226059,0,1,0,0,0,0,0,0,0
73.232313,0,0,1,0,0,0,0,0,0
73.245530,0,1,0,0,0,0,0,0,0
73.248850,0,0,0,0,0,1,0,0,1
73.250257,0,0,0,1,0,0,1,0,0
73.262527,1,0,0,0,0,0,0,0,0
73.284315,0,0,1,0,1,0,0,1,0
73.300064,0,0,0,0,0,1,0,0,1
73.300140,0,0,0,1,0,0,1,0,0
73.308641,0,1,0,0,0,0,0,0,0
73.313934,1,0,0,0,1,0,0,1,0
73.339245,0,0,1,0,0,0,0,0,0
73.343085,0,1,0,0,0,0,0,0,0
73.350038,0,0,0,0,0,1,0,0,1
73.350245,0,0,0,1,0,0,1,0,0
73.362314,1,0,0,0,1,0,0,1,0
73.387095,0,0,1,0,0,0,0,0,0
73.387116,0,1,0,0,0,0,0,0,0
73.399718,0,0,0,1,0,0,1,0,0
73.401102,0,0,0,0,0,1,0,0,1
73.416806,1,0,0,0,0,0,0,0,0
73.440265,0,0,1,0,0,0,0,0,0
73.446489,0,0,0,0,0,1,0,0,1
73.449547,0,0,0,1,1,0,1,1,0
73.461711,1,0,0,0,0,0,0,0,0
73.465240,0,0,0,0,1,0,0,1,0
73.470914,0,1,0,0,0,0,0,0,0
73.485171,0,0,1,0,0,0,0,0,0
73.488529,0,1,0,0,0,0,0,0,0
73.499547,0,0,0,0,0,1,0,0,1
73.500137,0,0,0,1,0,0,1,0,0
73.515478,1,0,0,0,1,0,0,1,0
73.535343,0,0,1,0,0,0,0,0,0
73.539207,0,1,0,0,0,0,0,0,0
73.550144,0,0,0,1,0,0,1,0,0
73.551855,0,0,0,0,0,1,0,0,1
73.566000,1,0,0,0,0,0,0,0,0
73.590756,0,0,1,0,1,0,0,1,0
73.598499,0,0,0,0,0,1,0,0,1
73.601414,0,0,0,1,0,0,1,0,0
73.612663,0,1,0,0,0,0,0,0,0
73.613007,1,0,0,0,1,0,0,1,0
73.636112,0,1,0,0,0,0,0,0,0
73.636114,0,0,1,0,0,0,0,0,0
73.651082,0,0,0,1,0,0,1,0,0
73.651933,0,0,0,0,0,1,0,0,1
73.662394,1,0,0,0,0,0,0,0,0
73.686808,0,0,1,0,1,0,0,1,0
73.698655,0,0,0,1,0,0,1,0,0
73.701242,0,0,0,0,0,1,0,0,1
73.709887,0,1,0,0,0,0,0,0,0
73.711796,1,0,0,0,1,0,0,1,0
73.735146,0,1,0,0,0,0,0,0,0
73.737514,0,0,1,0,0,0,0,0,0
73.750332,0,0,0,0,0,1,0,0,1
73.750558,0,0,0,1,0,0,1,0,0
73.764763,1,0,0,0,1,0,0,1,0
73.785270,0,0,1,0,0,0,0,0,0
73.790383,0,1,0,0,0,0,0,0,0
73.800591,0,0,0,1,0,0,1,0,0
73.801462,0,0,0,0,0,1,0,0,1
73.818033,1,0,0,0,1,0,0,1,0
73.839815,0,0,1,0,0,0,0,0,0
73.846149,0,1,0,0,0,0,0,0,0
73.848283,0,0,0,1,0,0,1,0,0
73.851568,0,0,0,0,0,1,0,0,1
73.860751,1,0,0,0,1,0,0,1,0
73.889040,0,0,1,0,0,0,0,0,0
73.890153,0,1,0,0,0,0,0,0,0
73.898467,0,0,0,0,0,1,0,0,1
73.899771,0,0,0,1,0,0,1,0,0
73.914801,1,0,0,0,0,0,0,0,0
73.928879,0,0,0,0,1,0,0,1,0
73.938349,0,0,1,0,0,0,0,0,0
73.949692,0,0,0,0,0,1,0,0,1
73.950479,0,0,0,1,0,0,1,0,0
73.956104,0,1,0,0,0,0,0,0,0
73.963837,1,0,0,0,0,0,0,0,0
73.973378,0,0,0,0,1,0,0,1,0
73.989326,0,0,1,0,0,0,0,0,0
73.998733,0,1,0,0,0,0,0,0,0
73.999927,0,0,0,1,0,0,1,0,0
74.002994,0,0,0,0,0,1,0,0,1
74.016733,1,0,0,0,0,0,0,0,0
74.042317,0,0,1,0,1,0,0,1,0
74.050856,0,0,0,0,0,1,0,0,1
74.051370,0,0,0,1,0,0,1,0,0
74.063841,1,0,0,0,1,0,0,1,0
74.065821,0,1,0,0,0,0,0,0,0
74.084220,0,0,1,0,0,0,0,0,0
74.085043,0,1,0,0,0,0,0,0,0
74.100515,0,0,0,1,0,0,1,0,0
74.102958,0,0,0,0,0,1,0,0,1
74.116603,1,0,0,0,0,0,0,0,0
74.134471,0,0,1,0,0,0,0,0,0
74.149583,0,0,0,0,0,1,0,0,1
74.150474,0,0,0,1,1,0,1,1,0
74.164576,1,0,0,0,1,0,0,1,0
74.172792,0,1,0,0,0,0,0,0,0
74.183795,0,0,1,0,0,0,0,0,0
74.188808,0,1,0,0,0,0,0,0,0
74.200680,0,0,0,1,0,0,1,0,0
74.203154,0,0,0,0,0,1,0,0,1
74.213574,1,0,0,0,1,0,0,1,0
74.238089,0,1,0,0,0,0,0,0,0
74.239941,0,0,1,0,0,0,0,0,0
74.249022,0,0,0,0,0,1,0,0,1
74.250442,0,0,0,1,0,0,1,0,0
74.263430,1,0,0,0,1,0,0,1,0
74.282388,0,0,1,0,0,0,0,0,0
74.288892,0,1,0,0,0,0,0,0,0
74.299183,0,0,0,1,0,0,1,0,0
74.302059,0,0,0,0,0,1,0,0,1
74.318289,1,0,0,0,1,0,0,1,0
74.336559,0,0,1,0,0,0,0,0,0
74.343581,0,1,0,0,0,0,0,0,0
74.348537,0,0,0,0,0,1,0,0,1
74.349930,0,0,0,1,0,0,1,0,0
74.367994,1,0,0,0,0,0,0,0,0
74.380976,0,0,1,0,1,0,0,1,0
74.397621,0,0,0,0,0,1,0,0,1
74.399261,0,0,0,1,0,0,1,0,0
74.409503,0,1,0,0,0,0,0,0,0
74.413119,1,0,0,0,1,0,0,1,0
74.433503,0,0,1,0,0,0,0,0,0
74.437498,0,1,0,0,0,0,0,0,0
74.448068,0,0,0,0,0,1,0,0,1
74.451203,0,0,0,1,0,0,1,0,0
74.467033,1,0,0,0,0,0,0,0,0
74.482037,0,0,1,0,1,0,0,1,0
74.497014,0,0,0,0,0,1,0,0,1
74.500991,0,0,0,1,0,0,1,0,0
74.509598,0,1,0,0,0,0,0,0,0
74.518280,1,0,0,0,0,0,0,0,0
74.535346,0,0,1,0,1,0,0,1,0
74.550993,0,0,0,1,0,0,1,0,0
74.552436,0,0,0,0,0,1,0,0,1
74.563417,0,1,0,0,0,0,0,0,0
74.566415,1,0,0,0,0,0,0,0,0
74.573335,0,0,0,0,1,0,0,1,0
74.589778,0,0,1,0,0,0,0,0,0
74.598394,0,1,0,0,0,0,0,0,0
74.600500,0,0,0,0,0,1,0,0,1
74.600729,0,0,0,1,0,0,1,0,0
74.612556,1,0,0,0,0,0,0,0,0
74.636297,0,0,1,0,1,0,0,1,0
74.649737,0,0,0,1,0,0,1,0,0
74.651765,0,0,0,0,0,1,0,0,1
74.662107,1,0,0,0,1,0,0,1,0
74.665633,0,1,0,0,0,0,0,0,0
74.685293,0,0,1,0,0,0,0,0,0
74.689035,0,1,0,0,0,0,0,0,0
74.699310,0,0,0,1,0,0,1,0,0
74.703108,0,0,0,0,0,1,0,0,1
74.715002,1,0,0,0,0,0,0,0,0
74.735950,0,0,1,0,1,0,0,1,0
74.750538,0,0,0,1,0,0,1,0,0
74.751951,0,0,0,0,0,1,0,0,1
74.760753,0,1,0,0,0,0,0,0,0
74.764074,1,0,0,0,1,0,0,1,0
74.783628,0,0,1,0,0,0,0,0,0
74.792938,0,1,0,0,0,0,0,0,0
74.798927,0,0,0,1,0,0,1,0,0
74.799897,0,0,0,0,0,1,0,0,1
74.813931,1,0,0,0,1,0,0,1,0
74.835853,0,1,0,0,0,0,0,0,0
74.837987,0,0,1,0,0,0,0,0,0
74.849615,0,0,0,1,0,0,1,0,0
74.851333,0,0,0,0,0,1,0,0,1
74.861029,1,0,0,0,0,0,0,0,0
74.884119,0,0,1,0,0,0,0,0,0
74.900056,0,0,0,1,1,0,1,1,0
74.900794,0,0,0,0,0,1,0,0,1
74.919324,1,0,0,0,1,0,0,1,0
74.928155,0,1,0,0,0,0,0,0,0
74.939574,0,1,0,0,0,0,0,0,0
74.939761,0,0,1,0,0,0,0,0,0
74.948992,0,0,0,0,0,1,0,0,1
74.949796,0,0,0,1,0,0,1,0,0
74.962467,1,0,0,0,1,0,0,1,0
74.984344,0,1,0,0,0,0,0,0,0
74.985113,0,0,1,0,0,0,0,0,0
74.999262,0,0,0,0,0,1,0,0,1
75.001228,0,0,0,1,0,0,1,0,0
75.013639,1,0,0,0,1,0,0,1,0
75.037032,0,0,1,0,0,0,0,0,0
75.042147,0,1,0,0,0,0,0,0,0
75.046791,0,0,0,0,0,1,0,0,1
75.050377,0,0,0,1,0,0,1,0,0
75.063233,1,0,0,0,1,0,0,1,0
75.086178,0,1,0,0,0,0,0,0,0
75.086451,0,0,1,0,0,0,0,0,0
75.099182,0,0,0,0,0,1,0,0,1
75.101633,0,0,0,1,0,0,1,0,0
75.119689,1,0,0,0,0,0,0,0,0
75.122688,0,0,0,0,1,0,0,1,0
75.137155,0,0,1,0,0,0,0,0,0
75.144083,0,1,0,0,0,0,0,0,0
75.150628,0,0,0,1,0,0,1,0,0
75.151079,0,0,0,0,0,1,0,0,1
75.164898,1,0,0,0,1,0,0,1,0
75.187098,0,0,1,0,0,0,0,0,0
75.188369,0,1,0,0,0,0,0,0,0
75.198457,0,0,0,0,0,1,0,0,1
75.200059,0,0,0,1,0,0,1,0,0
75.216129,1,0,0,0,0,0,0,0,0
75.228706,0,0,1,0,0,0,0,0,0
75.250011,0,0,0,1,1,0,1,1,0
75.253585,0,0,0,0,0,1,0,0,1
75.265074,1,0,0,0,0,0,0,0,0
75.272281,0,1,0,0,1,0,0,1,0
75.292030,0,0,1,0,0,0,0,0,0
75.293322,0,1,0,0,0,0,0,0,0
75.299981,0,0,0,1,0,0,1,0,0
75.301613,0,0,0,0,0,1,0,0,1
75.317707,1,0,0,0,1,0,0,1,0
75.339832,0,0,1,0,0,0,0,0,0
75.345344,0,1,0,0,0,0,0,0,0
75.346766,0,0,0,0,0,1,0,0,1
75.349295,0,0,0,1,0,0,1,0,0
75.361444,1,0,0,0,0,0,0,0,0
75.384262,0,0,1,0,0,0,0,0,0
75.398146,0,0,0,0,1,1,0,1,1
75.401572,0,0,0,1,0,0,1,0,0
75.416354,1,0,0,0,1,0,0,1,0
75.419731,0,1,0,0,0,0,0,0,0
75.433666,0,0,1,0,0,0,0,0,0
75.437029,0,1,0,0,0,0,0,0,0
75.449589,0,0,0,1,0,0,1,0,0
75.450009,0,0,0,0,0,1,0,0,1
75.461699,1,0,0,0,1,0,0,1,0
75.484516,0,1,0,0,0,0,0,0,0
75.486597,0,0,1,0,0,0,0,0,0
75.498750,0,0,0,0,0,1,0,0,1
75.499366,0,0,0,1,0,0,1,0,0
75.512095,1,0,0,0,0,0,0,0,0
75.538714,0,0,1,0,1,0,0,1,0
75.547476,0,0,0,0,0,1,0,0,1
75.548826,0,0,0,1,0,0,1,0,0
75.562354,0,1,0,0,0,0,0,0,0
75.568306,1,0,0,0,0,0,0,0,0
75.583703,0,0,1,0,0,0,0,0,0
75.598876,0,0,0,0,1,1,0,1,1
75.599620,0,0,0,1,0,0,1,0,0
75.618086,1,0,0,0,0,0,0,0,0
75.623273,0,0,0,0,1,0,0,1,0
75.628254,0,1,0,0,0,0,0,0,0
75.636780,0,0,1,0,0,0,0,0,0
75.647607,0,1,0,0,0,0,0,0,0
75.650828,0,0,0,1,0,0,1,0,0
75.651179,0,0,0,0,0,1,0,0,1
75.666603,1,0,0,0,0,0,0,0,0
75.685283,0,0,0,0,1,0,0,1,0
75.686715,0,0,1,0,0,0,0,0,0
75.698560,0,0,0,1,0,0,1,0,0
75.699369,0,0,0,0,0,1,0,0,1
75.714158,0,1,0,0,0,0,0,0,0
75.715289,1,0,0,0,0,0,0,0,0
75.735832,0,0,1,0,1,0,0,1,0
75.748614,0,0,0,1,0,0,1,0,0
75.751371,0,0,0,0,0,1,0,0,1
75.757298,0,1,0,0,0,0,0,0,0
75.764444,1,0,0,0,1,0,0,1,0
75.785578,0,0,1,0,0,0,0,0,0
75.786546,0,1,0,0,0,0,0,0,0
75.797721,0,0,0,0,0,1,0,0,1
75.798918,0,0,0,1,0,0,1,0,0
75.812473,1,0,0,0,0,0,0,0,0
75.833530,0,0,1,0,1,0,0,1,0
75.848245,0,0,0,0,0,1,0,0,1
75.849302,0,0,0,1,0,0,1,0,0
75.855032,0,1,0,0,0,0,0,0,0
75.859916,1,0,0,0,1,0,0,1,0
75.880158,0,0,1,0,0,0,0,0,0
75.882470,0,1,0,0,0,0,0,0,0
75.899885,0,0,0,0,0,1,0,0,1
75.900934,0,0,0,1,0,0,1,0,0
75.915430,1,0,0,0,1,0,0,1,0
75.938467,0,0,1,0,0,0,0,0,0
75.944376,0,1,0,0,0,0,0,0,0
75.949530,0,0,0,0,0,1,0,0,1
75.951557,0,0,0,1,0,0,1,0,0
75.963093,1,0,0,0,0,0,0,0,0
75.989494,0,0,1,0,0,0,0,0,0
76.000308,0,0,0,1,1,0,1,1,0
76.002523,0,0,0,0,0,1,0,0,1
76.015237,1,0,0,0,0,0,0,0,0
76.022613,0,1,0,0,0,0,0,0,0
76.034371,0,0,0,0,1,0,0,1,0
76.038547,0,0,1,0,0,0,0,0,0
76.049241,0,0,0,0,0,1,0,0,1
76.049539,0,0,0,1,0,0,1,0,0
76.054820,0,1,0,0,0,0,0,0,0
76.068002,1,0,0,0,1,0,0,1,0
76.087128,0,0,1,0,0,0,0,0,0
76.095622,0,1,0,0,0,0,0,0,0
76.098750,0,0,0,0,0,1,0,0,1
76.099023,0,0,0,1,0,0,1,0,0
76.109794,1,0,0,0,1,0,0,1,0
76.129900,0,1,0,0,0,0,0,0,0
76.132875,0,0,1,0,0,0,0,0,0
76.150117,0,0,0,1,0,0,1,0,0
76.151961,0,0,0,0,0,1,0,0,1
76.160120,1,0,0,0,1,0,0,1,0
76.185885,0,1,0,0,0,0,0,0,0
76.190711,0,0,1,0,0,0,0,0,0
76.199666,0,0,0,1,0,0,1,0,0
76.200566,0,0,0,0,0,1,0,0,1
76.213192,1,0,0,0,0,0,0,0,0
76.235751,0,0,1,0,0,0,0,0,0
76.239206,0,0,0,0,1,0,0,1,0
76.249712,0,0,0,0,0,1,0,0,1
76.249845,0,0,0,1,0,0,1,0,0
76.259845,0,1,0,0,0,0,0,0,0
76.264323,1,0,0,0,0,0,0,0,0
76.284535,0,0,1,0,0,0,0,0,0
76.299538,0,0,0,0,1,1,0,1,1
76.300528,0,0,0,1,0,0,1,0,0
76.317584,1,0,0,0,0,0,0,0,0
76.320772,0,1,0,0,0,0,0,0,0
76.337121,0,0,1,0,0,0,0,0,0
76.339045,0,0,0,0,1,0,0,1,0
76.350550,0,0,0,0,0,1,0,0,1
76.351382,0,0,0,1,0,0,1,0,0
76.362261,0,1,0,0,0,0,0,0,0
76.363178,1,0,0,0,0,0,0,0,0
76.367525,0,0,0,0,1,0,0,1,0
76.380990,0,0,1,0,0,0,0,0,0
76.389432,0,1,0,0,0,0,0,0,0
76.400825,0,0,0,1,0,0,1,0,0
76.400957,0,0,0,0,0,1,0,0,1
76.416375,1,0,0,0,0,0,0,0,0
76.435794,0,0,1,0,0,0,0,0,0
76.439393,0,0,0,0,1,0,0,1,0
76.449839,0,0,0,1,0,0,1,0,0
76.452123,0,0,0,0,0,1,0,0,1
76.464835,0,1,0,0,0,0,0,0,0
76.464878,1,0,0,0,1,0,0,1,0
76.486805,0,1,0,0,0,0,0,0,0
76.488780,0,0,1,0,0,0,0,0,0
76.498781,0,0,0,1,0,0,1,0,0
76.503607,0,0,0,0,0,1,0,0,1
76.513766,1,0,0,0,0,0,0,0,0
76.534597,0,0,1,0,1,0,0,1,0
76.550022,0,0,0,1,0,0,1,0,0
76.551846,0,0,0,0,0,1,0,0,1
76.559899,0,1,0,0,0,0,0,0,0
76.565233,1,0,0,0,1,0,0,1,0
76.586869,0,1,0,0,0,0,0,0,0
76.591804,0,0,1,0,0,0,0,0,0
76.599744,0,0,0,0,0,1,0,0,1
76.600766,0,0,0,1,0,0,1,0,0
76.616576,1,0,0,0,0,0,0,0,0
76.637570,0,0,1,0,1,0,0,1,0
76.651280,0,0,0,1,0,0,1,0,0
76.651766,0,0,0,0,0,1,0,0,1
76.660615,0,1,0,0,0,0,0,0,0
76.664821,1,0,0,0,1,0,0,1,0
76.685108,0,1,0,0,0,0,0,0,0
76.686601,0,0,1,0,0,0,0,0,0
76.699878,0,0,0,1,0,0,1,0,0
76.702052,0,0,0,0,0,1,0,0,1
76.711824,1,0,0,0,1,0,0,1,0
76.735697,0,0,1,0,0,0,0,0,0
76.738905,0,1,0,0,0,0,0,0,0
76.748520,0,0,0,0,0,1,0,0,1
76.751438,0,0,0,1,0,0,1,0,0
76.765655,1,0,0,0,1,0,0,1,0
76.786626,0,0,1,0,0,0,0,0,0
76.786805,0,1,0,0,0,0,0,0,0
76.799626,0,0,0,1,0,0,1,0,0
76.800393,0,0,0,0,0,1,0,0,1
76.818145,1,0,0,0,1,0,0,1,0
76.833257,0,0,1,0,0,0,0,0,0
76.843503,0,1,0,0,0,0,0,0,0
76.849555,0,0,0,1,0,0,1,0,0
76.852360,0,0,0,0,0,1,0,0,1
76.861117,1,0,0,0,1,0,0,1,0
76.881994,0,1,0,0,0,0,0,0,0
76.889623,0,0,1,0,0,0,0,0,0
76.899766,0,0,0,1,0,0,1,0,0
76.899897,0,0,0,0,0,1,0,0,1
76.910010,1,0,0,0,0,0,0,0,0
76.932801,0,0,1,0,0,0,0,0,0
76.942363,0,0,0,0,1,0,0,1,0
76.949297,0,0,0,0,0,1,0,0,1
76.949873,0,0,0,1,0,0,1,0,0
76.963667,1,0,0,0,0,0,0,0,0
76.969662,0,1,0,0,1,0,0,1,0
76.988666,0,0,1,0,0,0,0,0,0
76.992186,0,1,0,0,0,0,0,0,0
77.000220,0,0,0,1,0,0,1,0,0
77.002767,0,0,0,0,0,1,0,0,1
77.015718,1,0,0,0,0,0,0,0,0
77.041397,0,0,1,0,1,0,0,1,0
77.050774,0,0,0,0,0,1,0,0,1
77.051679,0,0,0,1,0,0,1,0,0
77.066679,0,1,0,0,0,0,0,0,0
77.067916,1,0,0,0,0,0,0,0,0
77.087979,0,0,1,0,0,0,0,0,0
77.099624,0,0,0,0,1,1,0,1,1
77.100668,0,0,0,1,0,0,1,0,0
77.113081,1,0,0,0,0,0,0,0,0
77.120795,0,1,0,0,1,0,0,1,0
77.133661,0,0,1,0,0,0,0,0,0
77.141540,0,1,0,0,0,0,0,0,0
77.149788,0,0,0,1,0,0,1,0,0
77.151735,0,0,0,0,0,1,0,0,1
77.168203,1,0,0,0,1,0,0,1,0
77.184346,0,0,1,0,0,0,0,0,0
77.188649,0,1,0,0,0,0,0,0,0
77.198513,0,0,0,0,0,1,0,0,1
77.200867,0,0,0,1,0,0,1,0,0
77.218081,1,0,0,0,1,0,0,1,0
77.237383,0,0,1,0,0,0,0,0,0
77.239689,0,1,0,0,0,0,0,0,0
77.250407,0,0,0,1,0,0,1,0,0
77.250513,0,0,0,0,0,1,0,0,1
77.263246,1,0,0,0,1,0,0,1,0
77.284145,0,1,0,0,0,0,0,0,0
77.289223,0,0,1,0,0,0,0,0,0
77.299418,0,0,0,1,0,0,1,0,0
77.301873,0,0,0,0,0,1,0,0,1
77.309652,1,0,0,0,0,0,0,0,0
77.335517,0,0,1,0,0,0,0,0,0
77.339733,0,0,0,0,1,0,0,1,0
77.349126,0,0,0,0,0,1,0,0,1
77.349423,0,0,0,1,0,0,1,0,0
77.367687,1,0,0,0,0,0,0,0,0
77.369664,0,1,0,0,0,0,0,0,0
77.389077,0,0,1,0,1,0,0,1,0
77.401134,0,0,0,1,0,0,1,0,0
77.402351,0,0,0,0,0,1,0,0,1
77.413397,0,1,0,0,0,0,0,0,0
77.416947,1,0,0,0,0,0,0,0,0
77.438699,0,0,1,0,0,0,0,0,0
77.442016,0,0,0,0,1,0,0,1,0
77.449331,0,0,0,1,0,0,1,0,0
77.450900,0,0,0,0,0,1,0,0,1
77.465212,0,1,0,0,0,0,0,0,0
77.467267,1,0,0,0,0,0,0,0,0
77.490606,0,0,1,0,1,0,0,1,0
77.500634,0,0,0,1,0,0,1,0,0
77.502664,0,0,0,0,0,1,0,0,1
77.511322,1,0,0,0,0,0,0,0,0
77.513192,0,1,0,0,0,0,0,0,0
77.540364,0,0,1,0,1,0,0,1,0
77.549399,0,0,0,1,0,0,1,0,0
77.549721,0,0,0,0,0,1,0,0,1
77.563533,0,1,0,0,0,0,0,0,0
77.567563,1,0,0,0,1,0,0,1,0
77.588977,0,0,1,0,0,0,0,0,0
77.589220,0,1,0,0,0,0,0,0,0
77.599908,0,0,0,1,0,0,1,0,0
77.601896,0,0,0,0,0,1,0,0,1
77.615402,1,0,0,0,1,0,0,1,0
77.640918,0,0,1,0,0,0,0,0,0
77.642160,0,1,0,0,0,0,0,0,0
77.649702,0,0,0,1,0,0,1,0,0
77.650499,0,0,0,0,0,1,0,0,1
77.659888,1,0,0,0,1,0,0,1,0
77.682570,0,0,1,0,0,0,0,0,0
77.685730,0,1,0,0,0,0,0,0,0
77.697258,0,0,0,0,0,1,0,0,1
77.699811,0,0,0,1,0,0,1,0,0
77.714940,1,0,0,0,1,0,0,1,0
77.727861,0,0,1,0,0,0,0,0,0
77.744733,0,1,0,0,0,0,0,0,0
77.748562,0,0,0,1,0,0,1,0,0
77.752711,0,0,0,0,0,1,0,0,1
77.762786,1,0,0,0,0,0,0,0,0
77.785140,0,0,1,0,0,0,0,0,0
77.799226,0,0,0,1,0,0,1,0,0
77.800028,0,0,0,0,1,0,0,1,0
77.801001,0,0,0,0,0,1,0,0,1
77.818406,1,0,0,0,1,0,0,1,0
77.825427,0,1,0,0,0,0,0,0,0
77.832144,0,0,1,0,0,0,0,0,0
77.838981,0,1,0,0,0,0,0,0,0
77.849814,0,0,0,1,0,0,1,0,0
77.853100,0,0,0,0,0,1,0,0,1
77.862590,1,0,0,0,0,0,0,0,0
77.884269,0,0,1,0,0,0,0,0,0
77.899436,0,0,0,0,1,1,0,1,1
77.899733,0,0,0,1,0,0,1,0,0
77.910724,1,0,0,0,1,0,0,1,0
77.921009,0,1,0,0,0,0,0,0,0
77.932705,0,1,0,0,0,0,0,0,0
77.939057,0,0,1,0,0,0,0,0,0
77.948494,0,0,0,0,0,1,0,0,1
77.949971,0,0,0,1,0,0,1,0,0
77.961695,1,0,0,0,0,0,0,0,0
77.984418,0,0,1,0,1,0,0,1,0
77.996515,0,0,0,0,0,1,0,0,1
77.999931,0,0,0,1,0,0,1,0,0
78.013343,1,0,0,0,0,0,0,0,0
78.014390,0,1,0,0,1,0,0,1,0
78.033867,0,0,1,0,0,0,0,0,0
78.036116,0,1,0,0,0,0,0,0,0
78.048858,0,0,0,1,0,0,1,0,0
78.050279,0,0,0,0,0,1,0,0,1
78.066134,1,0,0,0,1,0,0,1,0
78.086787,0,1,0,0,0,0,0,0,0
78.087677,0,0,1,0,0,0,0,0,0
78.098627,0,0,0,1,0,0,1,0,0
78.099898,0,0,0,0,0,1,0,0,1
78.110813,1,0,0,0,0,0,0,0,0
78.134945,0,0,1,0,0,0,0,0,0
78.147032,0,0,0,0,1,1,0,1,1
78.149858,0,0,0,1,0,0,1,0,0
78.167321,0,1,0,0,0,0,0,0,0
78.167993,1,0,0,0,0,0,0,0,0
78.179612,0,0,0,0,1,0,0,1,0
78.186886,0,0,1,0,0,0,0,0,0
78.199654,0,0,0,1,0,0,1,0,0
78.203087,0,0,0,0,0,1,0,0,1
78.209558,0,1,0,0,0,0,0,0,0
78.214829,1,0,0,0,1,0,0,1,0
78.242188,0,1,0,0,0,0,0,0,0
78.242351,0,0,1,0,0,0,0,0,0
78.249703,0,0,0,1,0,0,1,0,0
78.250925,0,0,0,0,0,1,0,0,1
78.264754,1,0,0,0,1,0,0,1,0
78.287468,0,0,1,0,0,0,0,0,0
78.290325,0,1,0,0,0,0,0,0,0
78.298968,0,0,0,1,0,0,1,0,0
78.301985,0,0,0,0,0,1,0,0,1
78.310174,1,0,0,0,0,0,0,0,0
78.336240,0,0,1,0,1,0,0,1,0
78.349946,0,0,0,0,0,1,0,0,1
78.351267,0,0,0,1,0,0,1,0,0
78.359035,0,1,0,0,0,0,0,0,0
78.368558,1,0,0,0,0,0,0,0,0
78.380041,0,0,1,0,0,0,0,0,0
78.399872,0,0,0,1,0,0,1,0,0
78.400166,0,0,0,0,1,1,0,1,1
78.417391,1,0,0,0,0,0,0,0,0
78.425877,0,0,0,0,1,0,0,1,0
78.429840,0,1,0,0,0,0,0,0,0
78.433269,0,0,1,0,0,0,0,0,0
78.448339,0,1,0,0,0,0,0,0,0
78.449544,0,0,0,1,0,0,1,0,0
78.449864,0,0,0,0,0,1,0,0,1
78.464906,1,0,0,0,1,0,0,1,0
78.485510,0,1,0,0,0,0,0,0,0
78.487485,0,0,1,0,0,0,0,0,0
78.496681,0,0,0,0,0,1,0,0,1
78.501854,0,0,0,1,0,0,1,0,0
78.515633,1,0,0,0,0,0,0,0,0
78.531741,0,0,1,0,0,0,0,0,0
78.550327,0,0,0,1,0,0,1,0,0
78.551323,0,0,0,0,1,0,0,1,0
78.551859,0,0,0,0,0,1,0,0,1
78.566068,1,0,0,0,1,0,0,1,0
78.580163,0,1,0,0,0,0,0,0,0
78.587857,0,1,0,0,0,0,0,0,0
78.590921,0,0,1,0,0,0,0,0,0
78.598594,0,0,0,1,0,0,1,0,0
78.601056,0,0,0,0,0,1,0,0,1
78.611806,1,0,0,0,1,0,0,1,0
78.633817,0,0,1,0,0,0,0,0,0
78.637493,0,1,0,0,0,0,0,0,0
78.650071,0,0,0,1,0,0,1,0,0
78.651174,0,0,0,0,0,1,0,0,1
78.662976,1,0,0,0,0,0,0,0,0
78.689749,0,0,1,0,1,0,0,1,0
78.699789,0,0,0,1,0,0,1,0,0
78.700246,0,0,0,0,0,1,0,0,1
78.710868,0,1,0,0,0,0,0,0,0
78.719416,1,0,0,0,1,0,0,1,0
78.734374,0,0,1,0,0,0,0,0,0
78.744351,0,1,0,0,0,0,0,0,0
78.748551,0,0,0,0,0,1,0,0,1
78.750248,0,0,0,1,0,0,1,0,0
78.762560,1,0,0,0,0,0,0,0,0
78.766152,0,0,0,0,1,0,0,1,0
78.787519,0,0,1,0,0,0,0,0,0
78.788286,0,1,0,0,0,0,0,0,0
78.801693,0,0,0,1,0,0,1,0,0
78.803083,0,0,0,0,0,1,0,0,1
78.813137,1,0,0,0,0,0,0,0,0
78.842953,0,0,1,0,0,0,0,0,0
78.850430,0,0,0,1,1,0,1,1,0
78.851104,0,0,0,0,0,1,0,0,1
78.861847,1,0,0,0,1,0,0,1,0
78.871513,0,1,0,0,0,0,0,0,0
78.884217,0,0,1,0,0,0,0,0,0
78.887572,0,1,0,0,0,0,0,0,0
78.898591,0,0,0,1,0,0,1,0,0
78.899313,0,0,0,0,0,1,0,0,1
78.909266,1,0,0,0,1,0,0,1,0
78.931570,0,1,0,0,0,0,0,0,0
78.938622,0,0,1,0,0,0,0,0,0
78.949763,0,0,0,1,0,0,1,0,0
78.951040,0,0,0,0,0,1,0,0,1
78.961478,1,0,0,0,0,0,0,0,0
78.983107,0,0,1,0,0,0,0,0,0
78.997176,0,0,0,0,0,1,0,0,1
78.998067,0,0,0,0,1,0,0,1,0
78.999017,0,0,0,1,0,0,1,0,0
79.014945,1,0,0,0,0,0,0,0,0
79.016835,0,0,0,0,1,0,0,1,0
79.023387,0,1,0,0,0,0,0,0,0
79.037029,0,0,1,0,0,0,0,0,0
79.041458,0,1,0,0,0,0,0,0,0
79.047458,0,0,0,0,0,1,0,0,1
79.049446,0,0,0,1,0,0,1,0,0
79.063313,1,0,0,0,0,0,0,0,0
79.082362,0,0,1,0,0,0,0,0,0
79.098655,0,0,0,1,1,0,1,1,0
79.098957,0,0,0,0,0,1,0,0,1
79.109871,1,0,0,0,1,0,0,1,0
79.120223,0,1,0,0,0,0,0,0,0
79.137875,0,1,0,0,0,0,0,0,0
79.138678,0,0,1,0,0,0,0,0,0
79.149903,0,0,0,1,0,0,1,0,0
79.151319,0,0,0,0,0,1,0,0,1
79.165976,1,0,0,0,0,0,0,0,0
79.171216,0,0,0,0,1,0,0,1,0
79.184937,0,0,1,0,0,0,0,0,0
79.195059,0,1,0,0,0,0,0,0,0
79.199806,0,0,0,1,0,0,1,0,0
79.199847,0,0,0,0,0,1,0,0,1
79.210345,1,0,0,0,1,0,0,1,0
79.235081,0,1,0,0,0,0,0,0,0
79.235914,0,0,1,0,0,0,0,0,0
79.247440,0,0,0,0,0,1,0,0,1
79.250515,0,0,0,1,0,0,1,0,0
79.264228,1,0,0,0,0,0,0,0,0
79.280265,0,0,1,0,1,0,0,1,0
79.299369,0,0,0,1,0,0,1,0,0
79.300718,0,0,0,0,0,1,0,0,1
79.301253,0,1,0,0,0,0,0,0,0
79.317472,1,0,0,0,1,0,0,1,0
79.338153,0,0,1,0,0,0,0,0,0
79.344417,0,1,0,0,0,0,0,0,0
79.347208,0,0,0,0,0,1,0,0,1
79.350719,0,0,0,1,0,0,1,0,0
79.362612,1,0,0,0,1,0,0,1,0
79.377394,0,0,1,0,0,0,0,0,0
79.384666,0,1,0,0,0,0,0,0,0
79.401444,0,0,0,1,0,0,1,0,0
79.401974,0,0,0,0,0,1,0,0,1
79.411790,1,0,0,0,0,0,0,0,0
79.433322,0,0,0,0,1,0,0,1,0
79.434752,0,0,1,0,0,0,0,0,0
79.447822,0,0,0,0,0,1,0,0,1
79.448472,0,0,0,1,0,0,1,0,0
79.461891,0,1,0,0,0,0,0,0,0
79.466282,1,0,0,0,1,0,0,1,0
79.483503,0,0,1,0,0,0,0,0,0
79.488133,0,1,0,0,0,0,0,0,0
79.499213,0,0,0,0,0,1,0,0,1
79.500191,0,0,0,1,0,0,1,0,0
79.513252,1,0,0,0,0,0,0,0,0
79.530226,0,0,1,0,1,0,0,1,0
79.548566,0,0,0,0,0,1,0,0,1
79.550948,0,0,0,1,0,0,1,0,0
79.552250,0,1,0,0,0,0,0,0,0
79.564975,1,0,0,0,1,0,0,1,0
79.582721,0,0,1,0,0,0,0,0,0
79.585658,0,1,0,0,0,0,0,0,0
79.599935,0,0,0,0,0,1,0,0,1
79.600793,0,0,0,1,0,0,1,0,0
79.618744,1,0,0,0,0,0,0,0,0
79.627015,0,0,0,0,1,0,0,1,0
79.633439,0,0,1,0,0,0,0,0,0
79.649864,0,0,0,1,0,0,1,0,0
79.651171,0,0,0,0,0,1,0,0,1
79.654196,0,1,0,0,0,0,0,0,0
79.661285,1,0,0,0,0,0,0,0,0
79.689729,0,0,1,0,1,0,0,1,0
79.696281,0,0,0,0,0,1,0,0,1
79.699730,0,0,0,1,0,0,1,0,0
79.715940,0,1,0,0,0,0,0,0,0
79.717386,1,0,0,0,1,0,0,1,0
79.728456,0,0,1,0,0,0,0,0,0
79.737418,0,1,0,0,0,0,0,0,0
79.750508,0,0,0,1,0,0,1,0,0
79.753621,0,0,0,0,0,1,0,0,1
79.769541,1,0,0,0,0,0,0,0,0
79.784987,0,0,0,0,1,0,0,1,0
79.789598,0,0,1,0,0,0,0,0,0
79.797451,0,0,0,0,0,1,0,0,1
79.799933,0,0,0,1,0,0,1,0,0
79.810059,1,0,0,0,1,0,0,1,0
79.812278,0,1,0,0,0,0,0,0,0
79.828895,0,0,1,0,0,0,0,0,0
79.835716,0,1,0,0,0,0,0,0,0
79.849874,0,0,0,1,0,0,1,0,0
79.850702,0,0,0,0,0,1,0,0,1
79.865191,1,0,0,0,1,0,0,1,0
79.885299,0,0,1,0,0,0,0,0,0
79.891465,0,1,0,0,0,0,0,0,0
79.899118,0,0,0,0,0,1,0,0,1
79.899399,0,0,0,1,0,0,1,0,0
79.911124,1,0,0,0,1,0,0,1,0
79.931430,0,1,0,0,0,0,0,0,0
79.936842,0,0,1,0,0,0,0,0,0
79.946618,0,0,0,0,0,1,0,0,1
79.949869,0,0,0,1,0,0,1,0,0
79.960955,1,0,0,0,1,0,0,1,0
79.982208,0,0,1,0,0,0,0,0,0
79.988053,0,1,0,0,0,0,0,0,0
79.996883,0,0,0,0,0,1,0,0,1
80.000207,0,0,0,1,0,0,1,0,0
80.010308,1,0,0,0,1,0,0,1,0
80.030968,0,1,0,0,0,0,0,0,0
80.035444,0,0,1,0,0,0,0,0,0
80.050911,0,0,0,1,0,0,1,0,0
80.052307,0,0,0,0,0,1,0,0,1
80.061980,1,0,0,0,1,0,0,1,0
80.088127,0,1,0,0,0,0,0,0,0
80.089230,0,0,1,0,0,0,0,0,0
80.098346,0,0,0,0,0,1,0,0,1
80.101570,0,0,0,1,0,0,1,0,0
80.119598,1,0,0,0,1,0,0,1,0
80.136735,0,0,1,0,0,0,0,0,0
80.148377,0,0,0,0,0,1,0,0,1
80.149503,0,1,0,0,0,0,0,0,0
80.151655,0,0,0,1,0,0,1,0,0
80.169378,1,0,0,0,0,0,0,0,0
80.174442,0,0,0,0,1,0,0,1,0
80.184630,0,0,1,0,0,0,0,0,0
80.198618,0,0,0,0,0,1,0,0,1
80.199203,0,1,0,0,0,0,0,0,0
80.199904,0,0,0,1,0,0,1,0,0
80.215005,1,0,0,0,0,0,0,0,0
80.231998,0,0,1,0,1,0,0,1,0
80.249872,0,0,0,1,0,0,1,0,0
80.251468,0,0,0,0,0,1,0,0,1
80.256098,0,1,0,0,0,0,0,0,0
80.265766,1,0,0,0,1,0,0,1,0
80.290105,0,0,1,0,0,0,0,0,0
80.295116,0,1,0,0,0,0,0,0,0
80.297016,0,0,0,0,0,1,0,0,1
80.299718,0,0,0,1,0,0,1,0,0
80.317868,1,0,0,0,1,0,0,1,0
80.334993,0,0,1,0,0,0,0,0,0
80.345434,0,1,0,0,0,0,0,0,0
80.348194,0,0,0,0,0,1,0,0,1
80.349849,0,0,0,1,0,0,1,0,0
80.364697,1,0,0,0,0,0,0,0,0
80.380260,0,0,0,0,1,0,0,1,0
80.386024,0,0,1,0,0,0,0,0,0
80.396456,0,0,0,0,0,1,0,0,1
80.399511,0,0,0,1,0,0,1,0,0
80.405475,0,1,0,0,0,0,0,0,0
80.409776,1,0,0,0,1,0,0,1,0
80.434208,0,0,1,0,0,0,0,0,0
80.436547,0,1,0,0,0,0,0,0,0
80.448357,0,0,0,1,0,0,1,0,0
80.448548,0,0,0,0,0,1,0,0,1
80.465148,1,0,0,0,1,0,0,1,0
80.484354,0,0,1,0,0,0,0,0,0
80.491023,0,1,0,0,0,0,0,0,0
80.499661,0,0,0,0,0,1,0,0,1
80.499688,0,0,0,1,0,0,1,0,0
80.514160,1,0,0,0,0,0,0,0,0
80.537431,0,0,1,0,1,0,0,1,0
80.549328,0,0,0,1,0,0,1,0,0
80.550653,0,0,0,0,0,1,0,0,1
80.560784,0,1,0,0,0,0,0,0,0
80.564011,1,0,0,0,1,0,0,1,0
80.585774,0,1,0,0,0,0,0,0,0
80.590533,0,0,1,0,0,0,0,0,0
80.599456,0,0,0,1,0,0,1,0,0
80.603591,0,0,0,0,0,1,0,0,1
80.615061,1,0,0,0,0,0,0,0,0
80.640159,0,0,1,0,0,0,0,0,0
80.646375,0,0,0,0,0,1,0,0,1
80.647700,0,0,0,0,1,0,0,1,0
80.649529,0,0,0,1,0,0,1,0,0
80.664473,1,0,0,0,0,0,0,0,0
80.676885,0,1,0,0,0,0,0,0,0
80.677379,0,0,0,0,1,0,0,1,0
80.678109,0,0,1,0,0,0,0,0,0
80.698815,0,0,0,1,0,0,1,0,0
80.700508,0,0,0,0,0,1,0,0,1
80.704701,0,1,0,0,0,0,0,0,0
80.714663,1,0,0,0,0,0,0,0,0
80.738542,0,0,1,0,0,0,0,0,0
80.748899,0,0,0,1,1,0,1,1,0
80.749864,0,0,0,0,0,1,0,0,1
80.763736,1,0,0,0,0,0,0,0,0
80.772419,0,1,0,0,1,0,0,1,0
80.781444,0,0,1,0,0,0,0,0,0
80.793057,0,1,0,0,0,0,0,0,0
80.798569,0,0,0,1,0,0,1,0,0
80.801433,0,0,0,0,0,1,0,0,1
80.810375,1,0,0,0,1,0,0,1,0
80.839200,0,1,0,0,0,0,0,0,0
80.839399,0,0,1,0,0,0,0,0,0
80.850119,0,0,0,1,0,0,1,0,0
80.852405,0,0,0,0,0,1,0,0,1
80.868464,1,0,0,0,1,0,0,1,0
80.889784,0,0,1,0,0,0,0,0,0
80.893828,0,1,0,0,0,0,0,0,0
80.897002,0,0,0,0,0,1,0,0,1
80.900820,0,0,0,1,0,0,1,0,0
80.915567,1,0,0,0,1,0,0,1,0
80.929929,0,0,1,0,0,0,0,0,0
80.945386,0,1,0,0,0,0,0,0,0
80.950097,0,0,0,1,0,0,1,0,0
80.951482,0,0,0,0,0,1,0,0,1
80.961231,1,0,0,0,1,0,0,1,0
80.985959,0,1,0,0,0,0,0,0,0
80.988200,0,0,1,0,0,0,0,0,0
80.999302,0,0,0,1,0,0,1,0,0
81.000122,0,0,0,0,0,1,0,0,1
81.012867,1,0,0,0,0,0,0,0,0
81.033452,0,0,1,0,1,0,0,1,0
81.050114,0,0,0,1,0,0,1,0,0
81.052863,0,0,0,0,0,1,0,0,1
81.059004,0,1,0,0,0,0,0,0,0
81.061173,1,0,0,0,0,0,0,0,0
81.065618,0,0,0,0,1,0,0,1,0
81.088927,0,1,0,0,0,0,0,0,0
81.090544,0,0,1,0,0,0,0,0,0
81.099766,0,0,0,1,0,0,1,0,0
81.102260,0,0,0,0,0,1,0,0,1
81.116718,1,0,0,0,1,0,0,1,0
81.137857,0,0,1,0,0,0,0,0,0
81.138005,0,1,0,0,0,0,0,0,0
81.147856,0,0,0,0,0,1,0,0,1
81.149244,0,0,0,1,0,0,1,0,0
81.161309,1,0,0,0,1,0,0,1,0
81.184292,0,1,0,0,0,0,0,0,0
81.184984,0,0,1,0,0,0,0,0,0
81.197313,0,0,0,0,0,1,0,0,1
81.199785,0,0,0,1,0,0,1,0,0
81.216924,1,0,0,0,1,0,0,1,0
81.232640,0,0,1,0,0,0,0,0,0
81.241183,0,1,0,0,0,0,0,0,0
81.249543,0,0,0,1,0,0,1,0,0
81.250840,0,0,0,0,0,1,0,0,1
81.260819,1,0,0,0,1,0,0,1,0
81.280831,0,1,0,0,0,0,0,0,0
81.288268,0,0,1,0,0,0,0,0,0
81.299283,0,0,0,0,0,1,0,0,1
81.301892,0,0,0,1,0,0,1,0,0
81.320224,1,0,0,0,1,0,0,1,0
81.335415,0,0,1,0,0,0,0,0,0
81.347929,0,1,0,0,0,0,0,0,0
81.348308,0,0,0,1,0,0,1,0,0
81.352296,0,0,0,0,0,1,0,0,1
81.358468,1,0,0,0,0,0,0,0,0
81.386352,0,0,1,0,0,0,0,0,0
81.396650,0,0,0,0,1,0,0,1,0
81.400670,0,0,0,1,0,0,1,0,0
81.400900,0,0,0,0,0,1,0,0,1
81.418888,1,0,0,0,0,0,0,0,0
81.420226,0,0,0,0,1,0,0,1,0
81.421338,0,1,0,0,0,0,0,0,0
81.437674,0,0,1,0,0,0,0,0,0
81.446466,0,1,0,0,0,0,0,0,0
81.450800,0,0,0,1,0,0,1,0,0
81.451483,0,0,0,0,0,1,0,0,1
81.462364,1,0,0,0,0,0,0,0,0
81.483798,0,0,1,0,1,0,0,1,0
81.501311,0,0,0,0,0,1,0,0,1
81.501481,0,0,0,1,0,0,1,0,0
81.507842,0,1,0,0,0,0,0,0,0
81.519439,1,0,0,0,0,0,0,0,0
81.537822,0,0,1,0,1,0,0,1,0
81.549000,0,0,0,0,0,1,0,0,1
81.550122,0,0,0,1,0,0,1,0,0
81.560550,0,1,0,0,0,0,0,0,0
81.565026,1,0,0,0,0,0,0,0,0
81.579531,0,0,0,0,1,0,0,1,0
81.588015,0,0,1,0,0,0,0,0,0
81.597364,0,0,0,0,0,1,0,0,1
81.601175,0,0,0,1,0,0,1,0,0
81.601178,0,1,0,0,0,0,0,0,0
81.616645,1,0,0,0,0,0,0,0,0
81.633993,0,0,1,0,0,0,0,0,0
81.635781,0,0,0,0,1,0,0,1,0
81.649252,0,0,0,1,0,0,1,0,0
81.649590,0,0,0,0,0,1,0,0,1
81.657914,0,1,0,0,0,0,0,0,0
81.660574,1,0,0,0,0,0,0,0,0
81.682407,0,0,0,0,1,0,0,1,0
81.687450,0,0,1,0,0,0,0,0,0
81.700550,0,0,0,1,0,0,1,0,0
81.701101,0,0,0,0,0,1,0,0,1
81.705973,0,1,0,0,0,0,0,0,0
81.714600,1,0,0,0,1,0,0,1,0
81.735907,0,0,1,0,0,0,0,0,0
81.738427,0,1,0,0,0,0,0,0,0
81.750678,0,0,0,0,0,1,0,0,1
81.751158,0,0,0,1,0,0,1,0,0
81.764384,1,0,0,0,0,0,0,0,0
81.776488,0,0,0,0,1,0,0,1,0
81.784775,0,0,1,0,0,0,0,0,0
81.797045,0,1,0,0,0,0,0,0,0
81.799896,0,0,0,1,0,0,1,0,0
81.800596,0,0,0,0,0,1,0,0,1
81.815479,1,0,0,0,1,0,0,1,0
81.836291,0,1,0,0,0,0,0,0,0
81.839256,0,0,1,0,0,0,0,0,0
81.848867,0,0,0,1,0,0,1,0,0
81.850730,0,0,0,0,0,1,0,0,1
81.861791,1,0,0,0,1,0,0,1,0
81.882693,0,1,0,0,0,0,0,0,0
81.884585,0,0,1,0,0,0,0,0,0
81.899494,0,0,0,1,0,0,1,0,0
81.901770,0,0,0,0,0,1,0,0,1
81.919074,1,0,0,0,0,0,0,0,0
81.938829,0,0,1,0,0,0,0,0,0
81.948488,0,0,0,1,0,0,1,0,0
81.951673,0,0,0,0,0,1,0,0,1
81.960855,0,0,0,0,1,0,0,1,0
81.963793,1,0,0,0,0,0,0,0,0
81.965239,0,0,0,0,1,0,0,1,0
81.984855,0,0,1,0,0,0,0,0,0
81.987692,0,1,0,0,0,0,0,0,0
81.992843,0,1,0,0,0,0,0,0,0
81.998980,0,0,0,0,0,1,0,0,1
81.999647,0,0,0,1,0,0,1,0,0
82.016005,1,0,0,0,1,0,0,1,0
82.035347,0,0,1,0,0,0,0,0,0
82.040596,0,1,0,0,0,0,0,0,0
82.050203,0,0,0,0,0,1,0,0,1
82.050467,0,0,0,1,0,0,1,0,0
82.067849,1,0,0,0,1,0,0,1,0
82.088546,0,1,0,0,0,0,0,0,0
82.090091,0,0,1,0,0,0,0,0,0
82.099222,0,0,0,1,0,0,1,0,0
82.100973,0,0,0,0,0,1,0,0,1
82.117568,1,0,0,0,0,0,0,0,0
82.135477,0,0,1,0,0,0,0,0,0
82.148349,0,0,0,0,0,1,0,0,1
82.150123,0,0,0,1,0,0,1,0,0
82.153455,0,0,0,0,1,0,0,1,0
82.162216,1,0,0,0,0,0,0,0,0
82.176929,0,1,0,0,0,0,0,0,0
82.186515,0,0,1,0,0,0,0,0,0
82.194720,0,0,0,0,1,0,0,1,0
82.197161,0,0,0,0,0,1,0,0,1
82.200077,0,0,0,1,0,0,1,0,0
82.212647,1,0,0,0,0,0,0,0,0
82.215035,0,1,0,0,0,0,0,0,0
82.237119,0,0,1,0,1,0,0,1,0
82.249628,0,0,0,1,0,0,1,0,0
82.249670,0,0,0,0,0,1,0,0,1
82.262300,1,0,0,0,0,0,0,0,0
82.262809,0,1,0,0,0,0,0,0,0
82.285002,0,0,0,0,1,0,0,1,0
82.288382,0,0,1,0,0,0,0,0,0
82.296611,0,0,0,0,0,1,0,0,1
82.299202,0,0,0,1,0,0,1,0,0
82.312523,0,1,0,0,0,0,0,0,0
82.314970,1,0,0,0,0,0,0,0,0
82.332821,0,0,1,0,0,0,0,0,0
82.346670,0,0,0,0,1,0,0,1,0
82.350281,0,0,0,1,0,0,1,0,0
82.351247,0,0,0,0,0,1,0,0,1
82.367004,1,0,0,0,1,0,0,1,0
82.374747,0,1,0,0,0,0,0,0,0
82.388728,0,0,1,0,0,0,0,0,0
82.389816,0,1,0,0,0,0,0,0,0
82.400040,0,0,0,1,0,0,1,0,0
82.400599,0,0,0,0,0,1,0,0,1
82.411934,1,0,0,0,1,0,0,1,0
82.437204,0,0,1,0,0,0,0,0,0
82.441290,0,1,0,0,0,0,0,0,0
82.447525,0,0,0,0,0,1,0,0,1
82.450088,0,0,0,1,0,0,1,0,0
82.464055,1,0,0,0,0,0,0,0,0
82.479366,0,0,1,0,0,0,0,0,0
82.499152,0,0,0,1,1,0,1,1,0
82.501769,0,0,0,0,0,1,0,0,1
82.515370,1,0,0,0,0,0,0,0,0
82.522387,0,1,0,0,1,0,0,1,0
82.538978,0,0,1,0,0,0,0,0,0
82.546281,0,1,0,0,0,0,0,0,0
82.549765,0,0,0,1,0,0,1,0,0
82.551903,0,0,0,0,0,1,0,0,1
82.561463,1,0,0,0,0,0,0,0,0
82.575733,0,0,0,0,1,0,0,1,0
82.586088,0,0,1,0,0,0,0,0,0
82.596001,0,1,0,0,0,0,0,0,0
82.599300,0,0,0,0,0,1,0,0,1
82.599895,0,0,0,1,0,0,1,0,0
82.614011,1,0,0,0,1,0,0,1,0
82.635190,0,1,0,0,0,0,0,0,0
82.636403,0,0,1,0,0,0,0,0,0
82.650086,0,0,0,1,0,0,1,0,0
82.650960,0,0,0,0,0,1,0,0,1
82.663298,1,0,0,0,1,0,0,1,0
82.684563,0,0,1,0,0,0,0,0,0
82.691926,0,1,0,0,0,0,0,0,0
82.700134,0,0,0,0,0,1,0,0,1
82.700250,0,0,0,1,0,0,1,0,0
82.712995,1,0,0,0,1,0,0,1,0
82.735974,0,0,1,0,0,0,0,0,0
82.736105,0,1,0,0,0,0,0,0,0
82.748940,0,0,0,1,0,0,1,0,0
82.751247,0,0,0,0,0,1,0,0,1
82.764209,1,0,0,0,0,0,0,0,0
82.787420,0,0,1,0,0,0,0,0,0
82.799162,0,0,0,0,1,1,0,1,1
82.801350,0,0,0,1,0,0,1,0,0
82.813478,1,0,0,0,0,0,0,0,0
82.819382,0,0,0,0,1,0,0,1,0
82.821227,0,1,0,0,0,0,0,0,0
82.832531,0,0,1,0,0,0,0,0,0
82.845473,0,1,0,0,0,0,0,0,0
82.850987,0,0,0,1,0,0,1,0,0
82.851666,0,0,0,0,0,1,0,0,1
82.865592,1,0,0,0,1,0,0,1,0
82.889590,0,0,1,0,0,0,0,0,0
82.891033,0,1,0,0,0,0,0,0,0
82.899158,0,0,0,1,0,0,1,0,0
82.902948,0,0,0,0,0,1,0,0,1
82.911885,1,0,0,0,1,0,0,1,0
82.932964,0,1,0,0,0,0,0,0,0
82.940195,0,0,1,0,0,0,0,0,0
82.950896,0,0,0,1,0,0,1,0,0
82.953297,0,0,0,0,0,1,0,0,1
82.962559,1,0,0,0,1,0,0,1,0
82.988382,0,0,1,0,0,0,0,0,0
82.989411,0,1,0,0,0,0,0,0,0
82.997303,0,0,0,0,0,1,0,0,1
83.000655,0,0,0,1,0,0,1,0,0
83.016337,1,0,0,0,1,0,0,1,0
83.035725,0,0,1,0,0,0,0,0,0
83.043185,0,1,0,0,0,0,0,0,0
83.049212,0,0,0,0,0,1,0,0,1
83.051498,0,0,0,1,0,0,1,0,0
83.065318,1,0,0,0,1,0,0,1,0
83.079888,0,0,1,0,0,0,0,0,0
83.091124,0,1,0,0,0,0,0,0,0
83.100417,0,0,0,1,0,0,1,0,0
83.102456,0,0,0,0,0,1,0,0,1
83.118155,1,0,0,0,0,0,0,0,0
83.141072,0,0,1,0,0,0,0,0,0
83.148538,0,0,0,1,0,0,1,0,0
83.151791,0,0,0,0,1,1,0,1,1
83.163620,1,0,0,0,1,0,0,1,0
83.173256,0,1,0,0,0,0,0,0,0
83.185000,0,0,1,0,0,0,0,0,0
83.185916,0,1,0,0,0,0,0,0,0
83.196219,0,0,0,0,0,1,0,0,1
83.199945,0,0,0,1,0,0,1,0,0
83.216695,1,0,0,0,1,0,0,1,0
83.229347,0,0,1,0,0,0,0,0,0
83.245776,0,1,0,0,0,0,0,0,0
83.247758,0,0,0,0,0,1,0,0,1
83.250545,0,0,0,1,0,0,1,0,0
83.269007,1,0,0,0,1,0,0,1,0
83.280221,0,0,1,0,0,0,0,0,0
83.293574,0,1,0,0,0,0,0,0,0
83.298964,0,0,0,0,0,1,0,0,1
83.300874,0,0,0,1,0,0,1,0,0
83.312668,1,0,0,0,1,0,0,1,0
83.334289,0,0,1,0,0,0,0,0,0
83.342315,0,1,0,0,0,0,0,0,0
83.346810,0,0,0,0,0,1,0,0,1
83.350121,0,0,0,1,0,0,1,0,0
83.360365,1,0,0,0,1,0,0,1,0
83.386216,0,1,0,0,0,0,0,0,0
83.386252,0,0,1,0,0,0,0,0,0
83.400422,0,0,0,1,0,0,1,0,0
83.402295,0,0,0,0,0,1,0,0,1
83.417349,1,0,0,0,1,0,0,1,0
83.439279,0,0,1,0,0,0,0,0,0
83.445149,0,1,0,0,0,0,0,0,0
83.450088,0,0,0,0,0,1,0,0,1
83.450135,0,0,0,1,0,0,1,0,0
83.466025,1,0,0,0,1,0,0,1,0
83.486577,0,1,0,0,0,0,0,0,0
83.488255,0,0,1,0,0,0,0,0,0
83.500112,0,0,0,0,0,1,0,0,1
83.500496,0,0,0,1,0,0,1,0,0
83.518864,1,0,0,0,0,0,0,0,0
83.524575,0,0,0,0,1,0,0,1,0
83.532018,0,0,1,0,0,0,0,0,0
83.550789,0,0,0,1,0,0,1,0,0
83.551772,0,1,0,0,0,0,0,0,0
83.553933,0,0,0,0,0,1,0,0,1
83.565653,1,0,0,0,0,0,0,0,0
83.588247,0,0,1,0,0,0,0,0,0
83.598799,0,0,0,0,0,1,0,0,1
83.599912,0,0,0,1,1,0,1,1,0
83.611710,1,0,0,0,1,0,0,1,0
83.621488,0,1,0,0,0,0,0,0,0
83.635693,0,1,0,0,0,0,0,0,0
83.636557,0,0,1,0,0,0,0,0,0
83.647694,0,0,0,0,0,1,0,0,1
83.650296,0,0,0,1,0,0,1,0,0
83.662703,1,0,0,0,1,0,0,1,0
83.687679,0,0,1,0,0,0,0,0,0
83.688725,0,1,0,0,0,0,0,0,0
83.698550,0,0,0,0,0,1,0,0,1
83.699491,0,0,0,1,0,0,1,0,0
83.716832,1,0,0,0,1,0,0,1,0
83.732443,0,0,1,0,0,0,0,0,0
83.743295,0,1,0,0,0,0,0,0,0
83.747985,0,0,0,0,0,1,0,0,1
83.750886,0,0,0,1,0,0,1,0,0
83.765406,1,0,0,0,1,0,0,1,0
83.785914,0,0,1,0,0,0,0,0,0
83.789377,0,1,0,0,0,0,0,0,0
83.797157,0,0,0,0,0,1,0,0,1
83.800424,0,0,0,1,0,0,1,0,0
83.812065,1,0,0,0,0,0,0,0,0
83.835275,0,0,1,0,0,0,0,0,0
83.850331,0,0,0,1,0,0,1,0,0
83.851775,0,0,0,0,0,1,0,0,1
83.868939,1,0,0,0,0,0,0,0,0
83.887073,0,0,1,0,1,0,0,1,0
83.899468,0,0,0,1,1,0,1,1,0
83.901630,0,0,0,0,0,1,0,0,1
83.910883,0,1,0,0,0,0,0,0,0
83.913218,1,0,0,0,0,0,0,0,0
83.923142,0,1,0,0,1,0,0,1,0
83.937601,0,0,1,0,0,0,0,0,0
83.946175,0,1,0,0,0,0,0,0,0
83.948597,0,0,0,0,0,1,0,0,1
83.950027,0,0,0,1,0,0,1,0,0
83.964909,1,0,0,0,0,0,0,0,0
83.985504,0,0,1,0,0,0,0,0,0
83.999065,0,0,0,0,0,1,0,0,1
84.000040,0,0,0,0,1,0,0,1,0
84.000956,0,0,0,1,0,0,1,0,0
84.018536,1,0,0,0,1,0,0,1,0
84.022219,0,1,0,0,0,0,0,0,0
84.031366,0,0,1,0,0,0,0,0,0
84.046201,0,1,0,0,0,0,0,0,0
84.047030,0,0,0,0,0,1,0,0,1
84.050653,0,0,0,1,0,0,1,0,0
84.066339,1,0,0,0,1,0,0,1,0
84.086318,0,0,1,0,0,0,0,0,0
84.088586,0,1,0,0,0,0,0,0,0
84.099038,0,0,0,0,0,1,0,0,1
84.100739,0,0,0,1,0,0,1,0,0
84.114896,1,0,0,0,0,0,0,0,0
84.127292,0,0,0,0,1,0,0,1,0
84.134222,0,0,1,0,0,0,0,0,0
84.148210,0,0,0,0,0,1,0,0,1
84.148974,0,0,0,1,0,0,1,0,0
84.153459,0,1,0,0,0,0,0,0,0
84.161972,1,0,0,0,0,0,0,0,0
84.185905,0,0,1,0,1,0,0,1,0
84.200677,0,0,0,1,0,0,1,0,0
84.200856,0,0,0,0,0,1,0,0,1
84.214324,1,0,0,0,1,0,0,1,0
84.215575,0,1,0,0,0,0,0,0,0
84.234319,0,0,1,0,0,0,0,0,0
84.237410,0,1,0,0,0,0,0,0,0
84.249704,0,0,0,1,0,0,1,0,0
84.251535,0,0,0,0,0,1,0,0,1
84.261645,1,0,0,0,1,0,0,1,0
84.287710,0,1,0,0,0,0,0,0,0
84.288880,0,0,1,0,0,0,0,0,0
84.299429,0,0,0,1,0,0,1,0,0
84.299646,0,0,0,0,0,1,0,0,1
84.314378,1,0,0,0,1,0,0,1,0
84.334737,0,1,0,0,0,0,0,0,0
84.338155,0,0,1,0,0,0,0,0,0
84.350383,0,0,0,1,0,0,1,0,0
84.350572,0,0,0,0,0,1,0,0,1
84.361315,1,0,0,0,0,0,0,0,0
84.388642,0,0,1,0,0,0,0,0,0
84.398574,0,0,0,0,1,1,0,1,1
84.399565,0,0,0,1,0,0,1,0,0
84.416721,1,0,0,0,0,0,0,0,0
84.420763,0,0,0,0,1,0,0,1,0
84.423249,0,1,0,0,0,0,0,0,0
84.432674,0,0,1,0,0,0,0,0,0
84.445402,0,1,0,0,0,0,0,0,0
84.450514,0,0,0,0,0,1,0,0,1
84.451465,0,0,0,1,0,0,1,0,0
84.462017,1,0,0,0,0,0,0,0,0
84.489067,0,0,1,0,1,0,0,1,0
84.496182,0,0,0,0,0,1,0,0,1
84.499007,0,0,0,1,0,0,1,0,0
84.513710,1,0,0,0,1,0,0,1,0
84.513725,0,1,0,0,0,0,0,0,0
84.527508,0,0,1,0,0,0,0,0,0
84.542178,0,1,0,0,0,0,0,0,0
84.548416,0,0,0,0,0,1,0,0,1
84.550039,0,0,0,1,0,0,1,0,0
84.565929,1,0,0,0,0,0,0,0,0
84.583178,0,0,1,0,1,0,0,1,0
84.600214,0,0,0,1,0,0,1,0,0
84.600775,0,0,0,0,0,1,0,0,1
84.606815,0,1,0,0,0,0,0,0,0
84.616971,1,0,0,0,0,0,0,0,0
84.628680,0,0,0,0,1,0,0,1,0
84.636808,0,0,1,0,0,0,0,0,0
84.646552,0,0,0,0,0,1,0,0,1
84.649370,0,0,0,1,0,0,1,0,0
84.657057,0,1,0,0,0,0,0,0,0
84.660184,1,0,0,0,0,0,0,0,0
84.676402,0,0,0,0,1,0,0,1,0
84.678892,0,0,1,0,0,0,0,0,0
84.699029,0,1,0,0,0,0,0,0,0
84.699255,0,0,0,0,0,1,0,0,1
84.700533,0,0,0,1,0,0,1,0,0
84.717694,1,0,0,0,0,0,0,0,0
84.735452,0,0,1,0,0,0,0,0,0
84.739557,0,0,0,0,1,0,0,1,0
84.748255,0,0,0,0,0,1,0,0,1
84.748301,0,0,0,1,0,0,1,0,0
84.759664,1,0,0,0,1,0,0,1,0
84.769068,0,1,0,0,0,0,0,0,0
84.782088,0,1,0,0,0,0,0,0,0
84.782501,0,0,1,0,0,0,0,0,0
84.799775,0,0,0,1,0,0,1,0,0
84.800158,0,0,0,0,0,1,0,0,1
84.812617,1,0,0,0,0,0,0,0,0
84.821439,0,0,0,0,1,0,0,1,0
84.838378,0,0,1,0,0,0,0,0,0
84.846529,0,1,0,0,0,0,0,0,0
84.850502,0,0,0,1,0,0,1,0,0
84.851027,0,0,0,0,0,1,0,0,1
84.868490,1,0,0,0,1,0,0,1,0
84.886266,0,0,1,0,0,0,0,0,0
84.894876,0,1,0,0,0,0,0,0,0
84.896196,0,0,0,0,0,1,0,0,1
84.900473,0,0,0,1,0,0,1,0,0
84.916337,1,0,0,0,0,0,0,0,0
84.934826,0,0,1,0,1,0,0,1,0
84.950473,0,0,0,1,0,0,1,0,0
84.952903,0,0,0,0,0,1,0,0,1
84.955085,0,1,0,0,0,0,0,0,0
84.962471,1,0,0,0,0,0,0,0,0
84.988783,0,0,1,0,1,0,0,1,0
85.000175,0,0,0,1,0,0,1,0,0
85.001190,0,0,0,0,0,1,0,0,1
85.012692,0,1,0,0,0,0,0,0,0
85.015467,1,0,0,0,0,0,0,0,0
85.035411,0,0,0,0,1,0,0,1,0
85.038763,0,0,1,0,0,0,0,0,0
85.048181,0,0,0,1,0,0,1,0,0
85.050220,0,0,0,0,0,1,0,0,1
85.063303,0,1,0,0,0,0,0,0,0
85.065304,1,0,0,0,1,0,0,1,0
85.081580,0,0,1,0,0,0,0,0,0
85.090272,0,1,0,0,0,0,0,0,0
85.099755,0,0,0,0,0,1,0,0,1
85.100620,0,0,0,1,0,0,1,0,0
85.114318,1,0,0,0,1,0,0,1,0
85.132849,0,0,1,0,0,0,0,0,0
85.135711,0,1,0,0,0,0,0,0,0
85.148156,0,0,0,1,0,0,1,0,0
85.152913,0,0,0,0,0,1,0,0,1
85.165404,1,0,0,0,0,0,0,0,0
85.186138,0,0,1,0,0,0,0,0,0
85.197370,0,0,0,0,1,0,0,1,0
85.200389,0,0,0,1,0,0,1,0,0
85.202396,0,0,0,0,0,1,0,0,1
85.215768,1,0,0,0,1,0,0,1,0
85.221766,0,1,0,0,0,0,0,0,0
85.238195,0,1,0,0,0,0,0,0,0
85.240811,0,0,1,0,0,0,0,0,0
85.246316,0,0,0,0,0,1,0,0,1
85.250376,0,0,0,1,0,0,1,0,0
85.264979,1,0,0,0,0,0,0,0,0
85.268182,0,0,0,0,1,0,0,1,0
85.281580,0,0,1,0,0,0,0,0,0
85.290720,0,1,0,0,0,0,0,0,0
85.298843,0,0,0,1,0,0,1,0,0
85.301064,0,0,0,0,0,1,0,0,1
85.312107,1,0,0,0,0,0,0,0,0
85.338654,0,0,1,0,1,0,0,1,0
85.346019,0,0,0,0,0,1,0,0,1
85.350448,0,0,0,1,0,0,1,0,0
85.361241,0,1,0,0,0,0,0,0,0
85.364249,1,0,0,0,0,0,0,0,0
85.366912,0,0,0,0,1,0,0,1,0
85.379579,0,0,1,0,0,0,0,0,0
85.389979,0,1,0,0,0,0,0,0,0
85.399738,0,0,0,0,0,1,0,0,1
85.400322,0,0,0,1,0,0,1,0,0
85.411713,1,0,0,0,0,0,0,0,0
85.432705,0,0,1,0,1,0,0,1,0
85.449117,0,0,0,1,0,0,1,0,0
85.450729,0,0,0,0,0,1,0,0,1
85.457942,0,1,0,0,0,0,0,0,0
85.463607,1,0,0,0,0,0,0,0,0
85.487561,0,0,1,0,1,0,0,1,0
85.500222,0,0,0,1,0,0,1,0,0
85.502295,0,0,0,0,0,1,0,0,1
85.509013,0,1,0,0,0,0,0,0,0
85.513653,1,0,0,0,0,0,0,0,0
85.541848,0,0,1,0,0,0,0,0,0
85.547726,0,0,0,0,1,1,0,1,1
85.550283,0,0,0,1,0,0,1,0,0
85.561951,1,0,0,0,0,0,0,0,0
85.571689,0,1,0,0,0,0,0,0,0
85.583942,0,0,1,0,1,0,0,1,0
85.599048,0,0,0,1,0,0,1,0,0
85.599952,0,0,0,0,0,1,0,0,1
85.612828,0,1,0,0,0,0,0,0,0
85.613146,1,0,0,0,1,0,0,1,0
85.633601,0,0,1,0,0,0,0,0,0
85.636482,0,1,0,0,0,0,0,0,0
85.650869,0,0,0,0,0,1,0,0,1
85.651108,0,0,0,1,0,0,1,0,0
85.663936,1,0,0,0,1,0,0,1,0
85.689861,0,1,0,0,0,0,0,0,0
85.690345,0,0,1,0,0,0,0,0,0
85.699973,0,0,0,0,0,1,0,0,1
85.700230,0,0,0,1,0,0,1,0,0
85.714480,1,0,0,0,1,0,0,1,0
85.738723,0,1,0,0,0,0,0,0,0
85.739909,0,0,1,0,0,0,0,0,0
85.748563,0,0,0,1,0,0,1,0,0
85.751363,0,0,0,0,0,1,0,0,1
85.758865,1,0,0,0,0,0,0,0,0
85.786771,0,0,1,0,0,0,0,0,0
85.799588,0,0,0,1,0,0,1,0,0
85.799816,0,0,0,0,1,0,0,1,0
85.800043,0,0,0,0,0,1,0,0,1
85.815580,1,0,0,0,0,0,0,0,0
85.823448,0,1,0,0,1,0,0,1,0
85.833538,0,0,1,0,0,0,0,0,0
85.849268,0,0,0,0,0,1,0,0,1
85.849709,0,0,0,1,0,0,1,0,0
85.851340,0,1,0,0,0,0,0,0,0
85.864319,1,0,0,0,1,0,0,1,0
85.888400,0,0,1,0,0,0,0,0,0
85.892920,0,1,0,0,0,0,0,0,0
85.900608,0,0,0,1,0,0,1,0,0
85.901754,0,0,0,0,0,1,0,0,1
85.919487,1,0,0,0,0,0,0,0,0
85.935093,0,0,1,0,0,0,0,0,0
85.949550,0,0,0,1,1,0,1,1,0
85.952149,0,0,0,0,0,1,0,0,1
85.963500,1,0,0,0,1,0,0,1,0
85.974012,0,1,0,0,0,0,0,0,0
85.984413,0,0,1,0,0,0,0,0,0
85.991396,0,1,0,0,0,0,0,0,0
85.999927,0,0,0,0,0,1,0,0,1
86.000405,0,0,0,1,0,0,1,0,0
86.011493,1,0,0,0,1,0,0,1,0
86.038304,0,1,0,0,0,0,0,0,0
86.039919,0,0,1,0,0,0,0,0,0
86.049084,0,0,0,0,0,1,0,0,1
86.049731,0,0,0,1,0,0,1,0,0
86.062417,1,0,0,0,0,0,0,0,0
86.085390,0,0,1,0,1,0,0,1,0
86.100858,0,0,0,1,0,0,1,0,0
86.101178,0,0,0,0,0,1,0,0,1
86.113198,0,1,0,0,0,0,0,0,0
86.118047,1,0,0,0,0,0,0,0,0
86.134034,0,0,1,0,0,0,0,0,0
86.147603,0,0,0,0,1,1,0,1,1
86.150040,0,0,0,1,0,0,1,0,0
86.164948,1,0,0,0,1,0,0,1,0
86.169556,0,1,0,0,0,0,0,0,0
86.182223,0,0,1,0,0,0,0,0,0
86.190841,0,1,0,0,0,0,0,0,0
86.199716,0,0,0,1,0,0,1,0,0
86.200929,0,0,0,0,0,1,0,0,1
86.211359,1,0,0,0,1,0,0,1,0
86.239938,0,0,1,0,0,0,0,0,0
86.240834,0,1,0,0,0,0,0,0,0
86.249029,0,0,0,0,0,1,0,0,1
86.249643,0,0,0,1,0,0,1,0,0
86.264547,1,0,0,0,1,0,0,1,0
86.286662,0,0,1,0,0,0,0,0,0
86.288529,0,1,0,0,0,0,0,0,0
86.300321,0,0,0,0,0,1,0,0,1
86.300704,0,0,0,1,0,0,1,0,0
86.318020,1,0,0,0,0,0,0,0,0
86.328739,0,0,0,0,1,0,0,1,0
86.339919,0,0,1,0,0,0,0,0,0
86.349814,0,0,0,1,0,0,1,0,0
86.351013,0,1,0,0,0,0,0,0,0
86.353889,0,0,0,0,0,1,0,0,1
86.365127,1,0,0,0,0,0,0,0,0
86.393060,0,0,1,0,0,0,0,0,0
86.394102,0,0,0,0,1,0,0,1,0
86.399762,0,0,0,1,0,0,1,0,0
86.399893,0,0,0,0,0,1,0,0,1
86.415114,1,0,0,0,1,0,0,1,0
86.420627,0,1,0,0,0,0,0,0,0
86.436700,0,0,1,0,0,0,0,0,0
86.443092,0,1,0,0,0,0,0,0,0
86.448706,0,0,0,1,0,0,1,0,0
86.449628,0,0,0,0,0,1,0,0,1
86.461847,1,0,0,0,1,0,0,1,0
86.484781,0,1,0,0,0,0,0,0,0
86.485855,0,0,1,0,0,0,0,0,0
86.497665,0,0,0,0,0,1,0,0,1
86.499819,0,0,0,1,0,0,1,0,0
86.514088,1,0,0,0,1,0,0,1,0
86.534263,0,0,1,0,0,0,0,0,0
86.541694,0,1,0,0,0,0,0,0,0
86.549627,0,0,0,1,0,0,1,0,0
86.553565,0,0,0,0,0,1,0,0,1
86.563200,1,0,0,0,1,0,0,1,0
86.589954,0,1,0,0,0,0,0,0,0
86.590048,0,0,1,0,0,0,0,0,0
86.598869,0,0,0,0,0,1,0,0,1
86.600181,0,0,0,1,0,0,1,0,0
86.612833,1,0,0,0,1,0,0,1,0
86.633508,0,0,1,0,0,0,0,0,0
86.640080,0,1,0,0,0,0,0,0,0
86.651477,0,0,0,1,0,0,1,0,0
86.653361,0,0,0,0,0,1,0,0,1
86.671218,1,0,0,0,0,0,0,0,0
86.689985,0,0,1,0,1,0,0,1,0
86.699515,0,0,0,0,0,1,0,0,1
86.700256,0,0,0,1,0,0,1,0,0
86.712311,0,1,0,0,0,0,0,0,0
86.718025,1,0,0,0,0,0,0,0,0
86.724170,0,0,0,0,1,0,0,1,0
86.730406,0,0,1,0,0,0,0,0,0
86.749788,0,1,0,0,0,0,0,0,0
86.751318,0,0,0,1,0,0,1,0,0
86.753391,0,0,0,0,0,1,0,0,1
86.770025,1,0,0,0,0,0,0,0,0
86.783037,0,0,0,0,1,0,0,1,0
86.788949,0,0,1,0,0,0,0,0,0
86.799278,0,0,0,1,0,0,1,0,0
86.802752,0,0,0,0,0,1,0,0,1
86.812651,0,1,0,0,0,0,0,0,0
86.812950,1,0,0,0,1,0,0,1,0
86.837424,0,1,0,0,0,0,0,0,0
86.839331,0,0,1,0,0,0,0,0,0
86.848936,0,0,0,1,0,0,1,0,0
86.849972,0,0,0,0,0,1,0,0,1
86.868794,1,0,0,0,0,0,0,0,0
86.886194,0,0,1,0,1,0,0,1,0
86.900314,0,0,0,1,0,0,1,0,0
86.903520,0,0,0,0,0,1,0,0,1
86.908037,0,1,0,0,0,0,0,0,0
86.911136,1,0,0,0,0,0,0,0,0
86.935043,0,0,1,0,0,0,0,0,0
86.949335,0,0,0,1,1,0,1,1,0
86.951823,0,0,0,0,0,1,0,0,1
86.964259,1,0,0,0,1,0,0,1,0
86.970119,0,1,0,0,0,0,0,0,0
86.987323,0,0,1,0,0,0,0,0,0
86.991476,0,1,0,0,0,0,0,0,0
87.000154,0,0,0,0,0,1,0,0,1
87.000883,0,0,0,1,0,0,1,0,0
87.017760,1,0,0,0,0,0,0,0,0
87.024230,0,0,0,0,1,0,0,1,0
87.038905,0,0,1,0,0,0,0,0,0
87.049338,0,0,0,0,0,1,0,0,1
87.049465,0,0,0,1,0,0,1,0,0
87.051478,0,1,0,0,0,0,0,0,0
87.063367,1,0,0,0,0,0,0,0,0
87.082502,0,0,0,0,1,0,0,1,0
87.088035,0,0,1,0,0,0,0,0,0
87.098382,0,0,0,1,0,0,1,0,0
87.099838,0,0,0,0,0,1,0,0,1
87.109254,0,1,0,0,0,0,0,0,0
87.118364,1,0,0,0,1,0,0,1,0
87.136021,0,0,1,0,0,0,0,0,0
87.141311,0,1,0,0,0,0,0,0,0
87.149505,0,0,0,1,0,0,1,0,0
87.152001,0,0,0,0,0,1,0,0,1
87.168016,1,0,0,0,0,0,0,0,0
87.188002,0,0,0,0,1,0,0,1,0
87.191235,0,0,1,0,0,0,0,0,0
87.198654,0,0,0,0,0,1,0,0,1
87.200319,0,0,0,1,0,0,1,0,0
87.215091,1,0,0,0,1,0,0,1,0
87.215335,0,1,0,0,0,0,0,0,0
87.235577,0,0,1,0,0,0,0,0,0
87.242583,0,1,0,0,0,0,0,0,0
87.248546,0,0,0,1,0,0,1,0,0
87.253512,0,0,0,0,0,1,0,0,1
87.262609,1,0,0,0,1,0,0,1,0
87.283033,0,1,0,0,0,0,0,0,0
87.288197,0,0,1,0,0,0,0,0,0
87.297497,0,0,0,0,0,1,0,0,1
87.299677,0,0,0,1,0,0,1,0,0
87.313008,1,0,0,0,0,0,0,0,0
87.333262,0,0,1,0,0,0,0,0,0
87.341823,0,0,0,0,1,0,0,1,0
87.347299,0,0,0,0,0,1,0,0,1
87.348360,0,0,0,1,0,0,1,0,0
87.363270,1,0,0,0,0,0,0,0,0
87.365476,0,0,0,0,1,0,0,1,0
87.368361,0,1,0,0,0,0,0,0,0
87.383672,0,0,1,0,0,0,0,0,0
87.386430,0,1,0,0,0,0,0,0,0
87.400063,0,0,0,1,0,0,1,0,0
87.403405,0,0,0,0,0,1,0,0,1
87.416373,1,0,0,0,0,0,0,0,0
87.437458,0,0,1,0,1,0,0,1,0
87.450023,0,0,0,1,0,0,1,0,0
87.453009,0,0,0,0,0,1,0,0,1
87.458353,0,1,0,0,0,0,0,0,0
87.465231,1,0,0,0,0,0,0,0,0
87.469619,0,0,0,0,1,0,0,1,0
87.487350,0,0,1,0,0,0,0,0,0
87.495682,0,1,0,0,0,0,0,0,0
87.497895,0,0,0,0,0,1,0,0,1
87.500489,0,0,0,1,0,0,1,0,0
87.515542,1,0,0,0,0,0,0,0,0
87.528591,0,0,1,0,0,0,0,0,0
87.545160,0,0,0,0,1,0,0,1,0
87.549405,0,0,0,1,0,0,1,0,0
87.549711,0,0,0,0,0,1,0,0,1
87.564164,1,0,0,0,0,0,0,0,0
87.565739,0,0,0,0,1,0,0,1,0
87.566892,0,1,0,0,0,0,0,0,0
87.585285,0,0,1,0,0,0,0,0,0
87.593213,0,1,0,0,0,0,0,0,0
87.599304,0,0,0,1,0,0,1,0,0
87.601677,0,0,0,0,0,1,0,0,1
87.609540,1,0,0,0,0,0,0,0,0
87.637636,0,0,1,0,1,0,0,1,0
87.649188,0,0,0,1,0,0,1,0,0
87.652348,0,0,0,0,0,1,0,0,1
87.661726,0,1,0,0,0,0,0,0,0
87.665717,1,0,0,0,1,0,0,1,0
87.686892,0,1,0,0,0,0,0,0,0
87.691375,0,0,1,0,0,0,0,0,0
87.699569,0,0,0,0,0,1,0,0,1
87.701073,0,0,0,1,0,0,1,0,0
87.714210,1,0,0,0,0,0,0,0,0
87.730427,0,0,0,0,1,0,0,1,0
87.734664,0,0,1,0,0,0,0,0,0
87.750713,0,0,0,0,0,1,0,0,1
87.750879,0,0,0,1,0,0,1,0,0
87.753562,0,1,0,0,0,0,0,0,0
87.767805,1,0,0,0,0,0,0,0,0
87.786820,0,0,1,0,1,0,0,1,0
87.800223,0,0,0,1,0,0,1,0,0
87.802061,0,0,0,0,0,1,0,0,1
87.809491,0,1,0,0,0,0,0,0,0
87.813759,1,0,0,0,1,0,0,1,0
87.841777,0,1,0,0,0,0,0,0,0
87.841970,0,0,1,0,0,0,0,0,0
87.848832,0,0,0,0,0,1,0,0,1
87.848973,0,0,0,1,0,0,1,0,0
87.863603,1,0,0,0,0,0,0,0,0
87.886499,0,0,1,0,1,0,0,1,0
87.898301,0,0,0,1,0,0,1,0,0
87.899737,0,0,0,0,0,1,0,0,1
87.908253,0,1,0,0,0,0,0,0,0
87.911476,1,0,0,0,1,0,0,1,0
87.933939,0,1,0,0,0,0,0,0,0
87.934921,0,0,1,0,0,0,0,0,0
87.949463,0,0,0,0,0,1,0,0,1
87.949621,0,0,0,1,0,0,1,0,0
87.964019,1,0,0,0,1,0,0,1,0
87.984471,0,0,1,0,0,0,0,0,0
87.986667,0,1,0,0,0,0,0,0,0
87.998843,0,0,0,1,0,0,1,0,0
87.999635,0,0,0,0,0,1,0,0,1
88.010464,1,0,0,0,1,0,0,1,0
88.039512,0,0,1,0,0,0,0,0,0
88.040420,0,1,0,0,0,0,0,0,0
88.046227,0,0,0,0,0,1,0,0,1
88.049442,0,0,0,1,0,0,1,0,0
88.060822,1,0,0,0,0,0,0,0,0
88.074258,0,0,0,0,1,0,0,1,0
88.077160,0,0,1,0,0,0,0,0,0
88.097218,0,1,0,0,0,0,0,0,0
88.100201,0,0,0,1,0,0,1,0,0
88.103398,0,0,0,0,0,1,0,0,1
88.110774,1,0,0,0,1,0,0,1,0
88.133085,0,1,0,0,0,0,0,0,0
88.142436,0,0,1,0,0,0,0,0,0
88.149208,0,0,0,1,0,0,1,0,0
88.150289,0,0,0,0,0,1,0,0,1
88.160827,1,0,0,0,0,0,0,0,0
88.179207,0,0,0,0,1,0,0,1,0
88.186031,0,0,1,0,0,0,0,0,0
88.199616,0,0,0,1,0,0,1,0,0
88.201779,0,0,0,0,0,1,0,0,1
88.204420,0,1,0,0,0,0,0,0,0
88.211858,1,0,0,0,1,0,0,1,0
88.241209,0,0,1,0,0,0,0,0,0
88.241646,0,1,0,0,0,0,0,0,0
88.249711,0,0,0,1,0,0,1,0,0
88.250761,0,0,0,0,0,1,0,0,1
88.266769,1,0,0,0,1,0,0,1,0
88.289496,0,0,1,0,0,0,0,0,0
88.291081,0,1,0,0,0,0,0,0,0
88.300084,0,0,0,1,0,0,1,0,0
88.300653,0,0,0,0,0,1,0,0,1
88.311932,1,0,0,0,0,0,0,0,0
88.332241,0,0,0,0,1,0,0,1,0
88.336285,0,0,1,0,0,0,0,0,0
88.348147,0,0,0,0,0,1,0,0,1
88.349262,0,0,0,1,0,0,1,0,0
88.358584,0,1,0,0,0,0,0,0,0
88.368872,1,0,0,0,0,0,0,0,0
88.383605,0,0,1,0,0,0,0,0,0
88.394103,0,0,0,0,1,0,0,1,0
88.397275,0,0,0,0,0,1,0,0,1
88.400793,0,0,0,1,0,0,1,0,0
88.410995,1,0,0,0,0,0,0,0,0
88.418410,0,1,0,0,0,0,0,0,0
88.433304,0,0,1,0,0,0,0,0,0
88.448063,0,0,0,0,1,1,0,1,1
88.448686,0,0,0,1,0,0,1,0,0
88.461626,1,0,0,0,0,0,0,0,0
88.471386,0,1,0,0,1,0,0,1,0
88.486110,0,0,1,0,0,0,0,0,0
88.497213,0,0,0,0,0,1,0,0,1
88.497646,0,1,0,0,0,0,0,0,0
88.501807,0,0,0,1,0,0,1,0,0
88.514289,1,0,0,0,1,0,0,1,0
88.534758,0,1,0,0,0,0,0,0,0
88.536593,0,0,1,0,0,0,0,0,0
88.550549,0,0,0,1,0,0,1,0,0
88.551825,0,0,0,0,0,1,0,0,1
88.565994,1,0,0,0,0,0,0,0,0
88.567705,0,0,0,0,1,0,0,1,0
88.588325,0,0,1,0,0,0,0,0,0
88.593163,0,1,0,0,0,0,0,0,0
88.599024,0,0,0,1,0,0,1,0,0
88.600418,0,0,0,0,0,1,0,0,1
88.612817,1,0,0,0,1,0,0,1,0
88.634906,0,0,1,0,0,0,0,0,0
88.639644,0,1,0,0,0,0,0,0,0
88.649686,0,0,0,0,0,1,0,0,1
88.650414,0,0,0,1,0,0,1,0,0
88.665543,1,0,0,0,0,0,0,0,0
88.682682,0,0,1,0,1,0,0,1,0
88.699751,0,0,0,0,0,1,0,0,1
88.701376,0,0,0,1,0,0,1,0,0
88.704392,0,1,0,0,0,0,0,0,0
88.714681,1,0,0,0,1,0,0,1,0
88.730594,0,0,1,0,0,0,0,0,0
88.737131,0,1,0,0,0,0,0,0,0
88.748445,0,0,0,1,0,0,1,0,0
88.752602,0,0,0,0,0,1,0,0,1
88.761126,1,0,0,0,1,0,0,1,0
88.783782,0,1,0,0,0,0,0,0,0
88.790304,0,0,1,0,0,0,0,0,0
88.799582,0,0,0,1,0,0,1,0,0
88.801457,0,0,0,0,0,1,0,0,1
88.813221,1,0,0,0,0,0,0,0,0
88.840419,0,0,1,0,0,0,0,0,0
88.850048,0,0,0,1,0,0,1,0,0
88.850231,0,0,0,0,0,1,0,0,1
88.862090,1,0,0,0,0,0,0,0,0
88.868789,0,0,0,0,1,0,0,1,0
88.874678,0,0,0,0,1,0,0,1,0
88.884166,0,0,1,0,0,0,0,0,0
88.895144,0,1,0,0,0,0,0,0,0
88.896000,0,0,0,0,0,1,0,0,1
88.898160,0,0,0,1,0,0,1,0,0
88.899396,0,1,0,0,0,0,0,0,0
88.912847,1,0,0,0,0,0,0,0,0
88.933242,0,0,1,0,0,0,0,0,0
88.948855,0,0,0,0,0,1,0,0,1
88.949810,0,0,0,0,1,0,0,1,0
88.950785,0,0,0,1,0,0,1,0,0
88.969508,1,0,0,0,1,0,0,1,0
88.972198,0,1,0,0,0,0,0,0,0
88.985730,0,0,1,0,0,0,0,0,0
88.993704,0,1,0,0,0,0,0,0,0
88.998905,0,0,0,0,0,1,0,0,1
88.999759,0,0,0,1,0,0,1,0,0
89.016773,1,0,0,0,0,0,0,0,0
89.032676,0,0,0,0,1,0,0,1,0
89.037834,0,0,1,0,0,0,0,0,0
89.048143,0,0,0,1,0,0,1,0,0
89.048505,0,0,0,0,0,1,0,0,1
89.057862,0,1,0,0,0,0,0,0,0
89.063413,1,0,0,0,1,0,0,1,0
89.084687,0,0,1,0,0,0,0,0,0
89.089076,0,1,0,0,0,0,0,0,0
89.099784,0,0,0,1,0,0,1,0,0
89.103798,0,0,0,0,0,1,0,0,1
89.115118,1,0,0,0,0,0,0,0,0
89.120422,0,0,0,0,1,0,0,1,0
89.141297,0,1,0,0,0,0,0,0,0
89.141477,0,0,1,0,0,0,0,0,0
89.150174,0,0,0,1,0,0,1,0,0
89.150321,0,0,0,0,0,1,0,0,1
89.161010,1,0,0,0,1,0,0,1,0
89.185412,0,0,1,0,0,0,0,0,0
89.188488,0,1,0,0,0,0,0,0,0
89.199097,0,0,0,0,0,1,0,0,1
89.200833,0,0,0,1,0,0,1,0,0
89.218391,1,0,0,0,0,0,0,0,0
89.235722,0,0,1,0,0,0,0,0,0
89.238988,0,0,0,0,1,0,0,1,0
89.246033,0,0,0,0,0,1,0,0,1
89.250474,0,0,0,1,0,0,1,0,0
89.264159,0,1,0,0,0,0,0,0,0
89.268824,1,0,0,0,1,0,0,1,0
89.282500,0,0,1,0,0,0,0,0,0
89.295164,0,1,0,0,0,0,0,0,0
89.299849,0,0,0,1,0,0,1,0,0
89.303599,0,0,0,0,0,1,0,0,1
89.310468,1,0,0,0,1,0,0,1,0
89.335067,0,1,0,0,0,0,0,0,0
89.341443,0,0,1,0,0,0,0,0,0
89.350967,0,0,0,1,0,0,1,0,0
89.353530,0,0,0,0,0,1,0,0,1
89.362235,1,0,0,0,1,0,0,1,0
89.383827,0,1,0,0,0,0,0,0,0
89.384228,0,0,1,0,0,0,0,0,0
89.399727,0,0,0,1,0,0,1,0,0
89.400478,0,0,0,0,0,1,0,0,1
89.412983,1,0,0,0,0,0,0,0,0
89.439618,0,0,1,0,0,0,0,0,0
89.448185,0,0,0,0,1,0,0,1,0
89.450734,0,0,0,1,0,0,1,0,0
89.453686,0,0,0,0,0,1,0,0,1
89.462577,1,0,0,0,1,0,0,1,0
89.473978,0,1,0,0,0,0,0,0,0
89.488001,0,0,1,0,0,0,0,0,0
89.488390,0,1,0,0,0,0,0,0,0
89.499498,0,0,0,0,0,1,0,0,1
89.500045,0,0,0,1,0,0,1,0,0
89.511783,1,0,0,0,1,0,0,1,0
89.535951,0,1,0,0,0,0,0,0,0
89.536116,0,0,1,0,0,0,0,0,0
89.548632,0,0,0,1,0,0,1,0,0
89.549318,0,0,0,0,0,1,0,0,1
89.560161,1,0,0,0,0,0,0,0,0
89.587925,0,0,1,0,0,0,0,0,0
89.598991,0,0,0,0,1,1,0,1,1
89.599944,0,0,0,1,0,0,1,0,0
89.618486,1,0,0,0,0,0,0,0,0
89.621714,0,1,0,0,1,0,0,1,0
89.633951,0,0,1,0,0,0,0,0,0
89.644086,0,1,0,0,0,0,0,0,0
89.649001,0,0,0,1,0,0,1,0,0
89.650741,0,0,0,0,0,1,0,0,1
89.661217,1,0,0,0,1,0,0,1,0
89.682734,0,1,0,0,0,0,0,0,0
89.684107,0,0,1,0,0,0,0,0,0
89.698560,0,0,0,0,0,1,0,0,1
89.700275,0,0,0,1,0,0,1,0,0
89.713291,1,0,0,0,1,0,0,1,0
89.733612,0,1,0,0,0,0,0,0,0
89.734352,0,0,1,0,0,0,0,0,0
89.746453,0,0,0,0,0,1,0,0,1
89.750945,0,0,0,1,0,0,1,0,0
89.763440,1,0,0,0,1,0,0,1,0
89.781928,0,0,1,0,0,0,0,0,0
89.786554,0,1,0,0,0,0,0,0,0
89.796389,0,0,0,0,0,1,0,0,1
89.799945,0,0,0,1,0,0,1,0,0
89.812383,1,0,0,0,1,0,0,1,0
89.834664,0,0,1,0,0,0,0,0,0
89.836547,0,1,0,0,0,0,0,0,0
89.850828,0,0,0,1,0,0,1,0,0
89.852815,0,0,0,0,0,1,0,0,1
89.862051,1,0,0,0,0,0,0,0,0
89.892234,0,0,1,0,1,0,0,1,0
89.898868,0,0,0,1,0,0,1,0,0
89.899259,0,0,0,0,0,1,0,0,1
89.914820,0,1,0,0,0,0,0,0,0
89.915139,1,0,0,0,0,0,0,0,0
89.935563,0,0,0,0,1,0,0,1,0
89.936703,0,0,1,0,0,0,0,0,0
89.947027,0,0,0,0,0,1,0,0,1
89.950288,0,0,0,1,0,0,1,0,0
89.961942,1,0,0,0,0,0,0,0,0
89.962046,0,1,0,0,0,0,0,0,0
89.984342,0,0,1,0,0,0,0,0,0
89.999093,0,0,0,0,0,1,0,0,1
89.999421,0,0,0,0,1,0,0,1,0
89.999749,0,0,0,1,0,0,1,0,0
90.015313,1,0,0,0,1,0,0,1,0
90.027432,0,1,0,0,0,0,0,0,0
90.034774,0,0,1,0,0,0,0,0,0
90.044114,0,1,0,0,0,0,0,0,0
90.051022,0,0,0,1,0,0,1,0,0
90.052338,0,0,0,0,0,1,0,0,1
90.069781,1,0,0,0,0,0,0,0,0
90.090315,0,0,1,0,1,0,0,1,0
90.100491,0,0,0,0,0,1,0,0,1
90.101827,0,0,0,1,0,0,1,0,0
90.112008,1,0,0,0,1,0,0,1,0
90.114774,0,1,0,0,0,0,0,0,0
90.134343,0,0,1,0,0,0,0,0,0
90.136883,0,1,0,0,0,0,0,0,0
90.148651,0,0,0,1,0,0,1,0,0
90.150442,0,0,0,0,0,1,0,0,1
90.160324,1,0,0,0,0,0,0,0,0
90.170500,0,0,0,0,1,0,0,1,0
90.187701,0,0,1,0,0,0,0,0,0
90.195238,0,1,0,0,0,0,0,0,0
90.198924,0,0,0,0,0,1,0,0,1
90.200404,0,0,0,1,0,0,1,0,0
90.217383,1,0,0,0,0,0,0,0,0
90.232022,0,0,1,0,0,0,0,0,0
90.245252,0,0,0,0,1,0,0,1,0
90.246972,0,0,0,0,0,1,0,0,1
90.249587,0,0,0,1,0,0,1,0,0
90.260867,1,0,0,0,0,0,0,0,0
90.265615,0,0,0,0,1,0,0,1,0
90.266861,0,1,0,0,0,0,0,0,0
90.283321,0,0,1,0,0,0,0,0,0
90.289899,0,1,0,0,0,0,0,0,0
90.298236,0,0,0,0,0,1,0,0,1
90.300036,0,0,0,1,0,0,1,0,0
90.319929,1,0,0,0,0,0,0,0,0
90.327235,0,0,0,0,1,0,0,1,0
90.337087,0,0,1,0,0,0,0,0,0
90.348307,0,0,0,0,0,1,0,0,1
90.349364,0,0,0,1,0,0,1,0,0
90.351252,0,1,0,0,0,0,0,0,0
90.363864,1,0,0,0,0,0,0,0,0
90.379713,0,0,1,0,0,0,0,0,0
90.382664,0,0,0,0,1,0,0,1,0
90.397264,0,0,0,0,0,1,0,0,1
90.399305,0,0,0,1,0,0,1,0,0
90.404645,0,1,0,0,0,0,0,0,0
90.415557,1,0,0,0,1,0,0,1,0
90.434468,0,0,1,0,0,0,0,0,0
90.438226,0,1,0,0,0,0,0,0,0
90.450044,0,0,0,1,0,0,1,0,0
90.452092,0,0,0,0,0,1,0,0,1
90.462792,1,0,0,0,0,0,0,0,0
90.491528,0,0,1,0,1,0,0,1,0
90.499959,0,0,0,1,0,0,1,0,0
90.501014,0,0,0,0,0,1,0,0,1
90.513214,1,0,0,0,1,0,0,1,0
90.515390,0,1,0,0,0,0,0,0,0
90.536426,0,1,0,0,0,0,0,0,0
90.537499,0,0,1,0,0,0,0,0,0
90.549941,0,0,0,1,0,0,1,0,0
90.550242,0,0,0,0,0,1,0,0,1
90.563478,1,0,0,0,1,0,0,1,0
90.585208,0,1,0,0,0,0,0,0,0
90.588460,0,0,1,0,0,0,0,0,0
90.600255,0,0,0,0,0,1,0,0,1
90.600816,0,0,0,1,0,0,1,0,0
90.618276,1,0,0,0,0,0,0,0,0
90.635570,0,0,1,0,0,0,0,0,0
90.638632,0,0,0,0,1,0,0,1,0
90.648266,0,0,0,0,0,1,0,0,1
90.650488,0,0,0,1,0,0,1,0,0
90.662356,1,0,0,0,1,0,0,1,0
90.662495,0,1,0,0,0,0,0,0,0
90.684724,0,0,1,0,0,0,0,0,0
90.686064,0,1,0,0,0,0,0,0,0
90.699695,0,0,0,1,0,0,1,0,0
90.700012,0,0,0,0,0,1,0,0,1
90.717178,1,0,0,0,0,0,0,0,0
90.731146,0,0,1,0,1,0,0,1,0
90.749587,0,0,0,0,0,1,0,0,1
90.750133,0,0,0,1,0,0,1,0,0
90.751747,0,1,0,0,0,0,0,0,0
90.764638,1,0,0,0,1,0,0,1,0
90.786379,0,0,1,0,0,0,0,0,0
90.787165,0,1,0,0,0,0,0,0,0
90.798110,0,0,0,0,0,1,0,0,1
90.800969,0,0,0,1,0,0,1,0,0
90.817813,1,0,0,0,1,0,0,1,0
90.836017,0,0,1,0,0,0,0,0,0
90.847427,0,1,0,0,0,0,0,0,0
90.849816,0,0,0,1,0,0,1,0,0
90.851728,0,0,0,0,0,1,0,0,1
90.863154,1,0,0,0,1,0,0,1,0
90.884292,0,0,1,0,0,0,0,0,0
90.887578,0,1,0,0,0,0,0,0,0
90.898669,0,0,0,0,0,1,0,0,1
90.900505,0,0,0,1,0,0,1,0,0
90.915431,1,0,0,0,0,0,0,0,0
90.926995,0,0,0,0,1,0,0,1,0
90.935665,0,0,1,0,0,0,0,0,0
90.949686,0,0,0,1,0,0,1,0,0
90.949779,0,0,0,0,0,1,0,0,1
90.950708,0,1,0,0,0,0,0,0,0
90.963744,1,0,0,0,0,0,0,0,0
90.982392,0,0,0,0,1,0,0,1,0
90.985882,0,0,1,0,0,0,0,0,0
90.998971,0,0,0,1,0,0,1,0,0
91.000413,0,0,0,0,0,1,0,0,1
91.006519,0,1,0,0,0,0,0,0,0
91.011068,1,0,0,0,1,0,0,1,0
91.033207,0,1,0,0,0,0,0,0,0
91.034540,0,0,1,0,0,0,0,0,0
91.049078,0,0,0,1,0,0,1,0,0
91.051063,0,0,0,0,0,1,0,0,1
91.065049,1,0,0,0,1,0,0,1,0
91.085510,0,0,1,0,0,0,0,0,0
91.088333,0,1,0,0,0,0,0,0,0
91.096452,0,0,0,0,0,1,0,0,1
91.099055,0,0,0,1,0,0,1,0,0
91.113277,1,0,0,0,1,0,0,1,0
91.129415,0,0,1,0,0,0,0,0,0
91.140441,0,1,0,0,0,0,0,0,0
91.148937,0,0,0,1,0,0,1,0,0
91.152956,0,0,0,0,0,1,0,0,1
91.164152,1,0,0,0,1,0,0,1,0
91.185631,0,0,1,0,0,0,0,0,0
91.190006,0,1,0,0,0,0,0,0,0
91.196470,0,0,0,0,0,1,0,0,1
91.200264,0,0,0,1,0,0,1,0,0
91.215121,1,0,0,0,1,0,0,1,0
91.235972,0,1,0,0,0,0,0,0,0
91.236402,0,0,1,0,0,0,0,0,0
91.250260,0,0,0,1,0,0,1,0,0
91.251020,0,0,0,0,0,1,0,0,1
91.267529,1,0,0,0,1,0,0,1,0
91.289440,0,0,1,0,0,0,0,0,0
91.296973,0,1,0,0,0,0,0,0,0
91.300789,0,0,0,1,0,0,1,0,0
91.300928,0,0,0,0,0,1,0,0,1
91.317130,1,0,0,0,1,0,0,1,0
91.336014,0,0,1,0,0,0,0,0,0
91.340058,0,1,0,0,0,0,0,0,0
91.349940,0,0,0,1,0,0,1,0,0
91.350619,0,0,0,0,0,1,0,0,1
91.365619,1,0,0,0,1,0,0,1,0
91.384658,0,0,1,0,0,0,0,0,0
91.387571,0,1,0,0,0,0,0,0,0
91.398697,0,0,0,0,0,1,0,0,1
91.400056,0,0,0,1,0,0,1,0,0
91.415389,1,0,0,0,0,0,0,0,0
91.431183,0,0,1,0,1,0,0,1,0
91.449822,0,0,0,1,0,0,1,0,0
91.450873,0,0,0,0,0,1,0,0,1
91.454812,0,1,0,0,0,0,0,0,0
91.466182,1,0,0,0,1,0,0,1,0
91.487874,0,0,1,0,0,0,0,0,0
91.495305,0,1,0,0,0,0,0,0,0
91.498759,0,0,0,1,0,0,1,0,0
91.499942,0,0,0,0,0,1,0,0,1
91.515312,1,0,0,0,1,0,0,1,0
91.535982,0,0,1,0,0,0,0,0,0
91.539774,0,1,0,0,0,0,0,0,0
91.550063,0,0,0,1,0,0,1,0,0
91.553150,0,0,0,0,0,1,0,0,1
91.563061,1,0,0,0,0,0,0,0,0
91.588639,0,0,1,0,0,0,0,0,0
91.596701,0,0,0,0,1,0,0,1,0
91.599777,0,0,0,1,0,0,1,0,0
91.602152,0,0,0,0,0,1,0,0,1
91.609939,1,0,0,0,0,0,0,0,0
91.626358,0,1,0,0,1,0,0,1,0
91.640458,0,0,1,0,0,0,0,0,0
91.647697,0,1,0,0,0,0,0,0,0
91.649508,0,0,0,1,0,0,1,0,0
91.650444,0,0,0,0,0,1,0,0,1
91.662729,1,0,0,0,1,0,0,1,0
91.687547,0,0,1,0,0,0,0,0,0
91.689198,0,1,0,0,0,0,0,0,0
91.697384,0,0,0,0,0,1,0,0,1
91.700703,0,0,0,1,0,0,1,0,0
91.714559,1,0,0,0,0,0,0,0,0
91.733145,0,0,1,0,1,0,0,1,0
91.749243,0,0,0,1,0,0,1,0,0
91.750159,0,0,0,0,0,1,0,0,1
91.760200,1,0,0,0,1,0,0,1,0
91.761337,0,1,0,0,0,0,0,0,0
91.780335,0,1,0,0,0,0,0,0,0
91.787447,0,0,1,0,0,0,0,0,0
91.798357,0,0,0,1,0,0,1,0,0
91.800448,0,0,0,0,0,1,0,0,1
91.815380,1,0,0,0,0,0,0,0,0
91.826128,0,0,0,0,1,0,0,1,0
91.832841,0,0,1,0,0,0,0,0,0
91.850201,0,0,0,1,0,0,1,0,0
91.853843,0,0,0,0,0,1,0,0,1
91.854082,0,1,0,0,0,0,0,0,0
91.861837,1,0,0,0,0,0,0,0,0
91.890728,0,0,1,0,1,0,0,1,0
91.898813,0,0,0,1,0,0,1,0,0
91.900942,0,0,0,0,0,1,0,0,1
91.912404,0,1,0,0,0,0,0,0,0
91.913454,1,0,0,0,0,0,0,0,0
91.917818,0,0,0,0,1,0,0,1,0
91.933495,0,0,1,0,0,0,0,0,0
91.940576,0,1,0,0,0,0,0,0,0
91.949240,0,0,0,0,0,1,0,0,1
91.950355,0,0,0,1,0,0,1,0,0
91.966121,1,0,0,0,0,0,0,0,0
91.988842,0,0,1,0,1,0,0,1,0
91.996723,0,0,0,0,0,1,0,0,1
91.998617,0,0,0,1,0,0,1,0,0
92.011670,1,0,0,0,0,0,0,0,0
92.013288,0,0,0,0,1,0,0,1,0
92.014833,0,1,0,0,0,0,0,0,0
92.031095,0,0,1,0,0,0,0,0,0
92.042173,0,1,0,0,0,0,0,0,0
92.048993,0,0,0,1,0,0,1,0,0
92.051870,0,0,0,0,0,1,0,0,1
92.062488,1,0,0,0,1,0,0,1,0
92.091063,0,0,1,0,0,0,0,0,0
92.092276,0,1,0,0,0,0,0,0,0
92.096620,0,0,0,0,0,1,0,0,1
92.099054,0,0,0,1,0,0,1,0,0
92.110214,1,0,0,0,1,0,0,1,0
92.135637,0,0,1,0,0,0,0,0,0
92.138942,0,1,0,0,0,0,0,0,0
92.150572,0,0,0,1,0,0,1,0,0
92.150949,0,0,0,0,0,1,0,0,1
92.163967,1,0,0,0,1,0,0,1,0
92.185145,0,0,1,0,0,0,0,0,0
92.187930,0,1,0,0,0,0,0,0,0
92.200395,0,0,0,0,0,1,0,0,1
92.200543,0,0,0,1,0,0,1,0,0
92.219313,1,0,0,0,0,0,0,0,0
92.231842,0,0,1,0,0,0,0,0,0
92.249087,0,0,0,0,1,1,0,1,1
92.250942,0,0,0,1,0,0,1,0,0
92.261532,1,0,0,0,0,0,0,0,0
92.272091,0,1,0,0,0,0,0,0,0
92.281070,0,0,1,0,1,0,0,1,0
92.296870,0,0,0,0,0,1,0,0,1
92.300819,0,0,0,1,0,0,1,0,0
92.301443,0,1,0,0,0,0,0,0,0
92.316372,1,0,0,0,1,0,0,1,0
92.331143,0,0,1,0,0,0,0,0,0
92.338511,0,1,0,0,0,0,0,0,0
92.349633,0,0,0,0,0,1,0,0,1
92.350544,0,0,0,1,0,0,1,0,0
92.367076,1,0,0,0,0,0,0,0,0
92.387540,0,0,1,0,0,0,0,0,0
92.398996,0,0,0,0,0,1,0,0,1
92.399475,0,0,0,0,1,0,0,1,0
92.399954,0,0,0,1,0,0,1,0,0
92.418180,1,0,0,0,1,0,0,1,0
92.420846,0,1,0,0,0,0,0,0,0
92.433100,0,0,1,0,0,0,0,0,0
92.443793,0,1,0,0,0,0,0,0,0
92.448711,0,0,0,0,0,1,0,0,1
92.449548,0,0,0,1,0,0,1,0,0
92.465401,1,0,0,0,1,0,0,1,0
92.484721,0,0,1,0,0,0,0,0,0
92.493367,0,1,0,0,0,0,0,0,0
92.497285,0,0,0,0,0,1,0,0,1
92.500258,0,0,0,1,0,0,1,0,0
92.515097,1,0,0,0,1,0,0,1,0
92.530994,0,0,1,0,0,0,0,0,0
92.541292,0,1,0,0,0,0,0,0,0
92.549496,0,0,0,1,0,0,1,0,0
92.553518,0,0,0,0,0,1,0,0,1
92.567669,1,0,0,0,0,0,0,0,0
92.584528,0,0,1,0,0,0,0,0,0
92.594803,0,0,0,0,1,0,0,1,0
92.598516,0,0,0,0,0,1,0,0,1
92.601239,0,0,0,1,0,0,1,0,0
92.616077,1,0,0,0,1,0,0,1,0
92.617250,0,1,0,0,0,0,0,0,0
92.634977,0,0,1,0,0,0,0,0,0
92.643205,0,1,0,0,0,0,0,0,0
92.648150,0,0,0,0,0,1,0,0,1
92.649241,0,0,0,1,0,0,1,0,0
92.662505,1,0,0,0,1,0,0,1,0
92.681825,0,0,1,0,0,0,0,0,0
92.684770,0,1,0,0,0,0,0,0,0
92.698213,0,0,0,1,0,0,1,0,0
92.700233,0,0,0,0,0,1,0,0,1
92.716868,1,0,0,0,1,0,0,1,0
92.732816,0,0,1,0,0,0,0,0,0
92.745698,0,1,0,0,0,0,0,0,0
92.750059,0,0,0,1,0,0,1,0,0
92.752127,0,0,0,0,0,1,0,0,1
92.761032,1,0,0,0,1,0,0,1,0
92.788080,0,0,1,0,0,0,0,0,0
92.790682,0,1,0,0,0,0,0,0,0
92.799623,0,0,0,1,0,0,1,0,0
92.801341,0,0,0,0,0,1,0,0,1
92.809780,1,0,0,0,0,0,0,0,0
92.835197,0,0,1,0,1,0,0,1,0
92.851012,0,0,0,1,0,0,1,0,0
92.851336,0,0,0,0,0,1,0,0,1
92.864336,0,1,0,0,0,0,0,0,0
92.868871,1,0,0,0,0,0,0,0,0
92.888746,0,0,1,0,0,0,0,0,0
92.897140,0,0,0,0,0,1,0,0,1
92.900247,0,0,0,1,1,0,1,1,0
92.917657,1,0,0,0,1,0,0,1,0
92.921371,0,1,0,0,0,0,0,0,0
92.929256,0,0,1,0,0,0,0,0,0
92.944994,0,1,0,0,0,0,0,0,0
92.946603,0,0,0,0,0,1,0,0,1
92.949709,0,0,0,1,0,0,1,0,0
92.968947,1,0,0,0,1,0,0,1,0
92.983168,0,0,1,0,0,0,0,0,0
92.995344,0,1,0,0,0,0,0,0,0
92.997374,0,0,0,0,0,1,0,0,1
93.000337,0,0,0,1,0,0,1,0,0
93.013117,1,0,0,0,1,0,0,1,0
93.035659,0,1,0,0,0,0,0,0,0
93.035966,0,0,1,0,0,0,0,0,0
93.048964,0,0,0,1,0,0,1,0,0
93.052570,0,0,0,0,0,1,0,0,1
93.061414,1,0,0,0,0,0,0,0,0
93.086381,0,0,1,0,1,0,0,1,0
93.099950,0,0,0,1,0,0,1,0,0
93.102239,0,0,0,0,0,1,0,0,1
93.108872,0,1,0,0,0,0,0,0,0
93.117677,1,0,0,0,1,0,0,1,0
93.137637,0,0,1,0,0,0,0,0,0
93.141921,0,1,0,0,0,0,0,0,0
93.148000,0,0,0,0,0,1,0,0,1
93.149808,0,0,0,1,0,0,1,0,0
93.164090,1,0,0,0,1,0,0,1,0
93.184085,0,0,1,0,0,0,0,0,0
93.192867,0,1,0,0,0,0,0,0,0
93.201491,0,0,0,1,0,0,1,0,0
93.202353,0,0,0,0,0,1,0,0,1
93.215971,1,0,0,0,0,0,0,0,0
93.239860,0,0,1,0,1,0,0,1,0
93.246643,0,0,0,0,0,1,0,0,1
93.250714,0,0,0,1,0,0,1,0,0
93.260078,0,1,0,0,0,0,0,0,0
93.265421,1,0,0,0,1,0,0,1,0
93.283152,0,0,1,0,0,0,0,0,0
93.288586,0,1,0,0,0,0,0,0,0
93.299337,0,0,0,1,0,0,1,0,0
93.300310,0,0,0,0,0,1,0,0,1
93.309719,1,0,0,0,0,0,0,0,0
93.334322,0,0,0,0,1,0,0,1,0
93.336073,0,0,1,0,0,0,0,0,0
93.350793,0,0,0,1,0,0,1,0,0
93.353117,0,0,0,0,0,1,0,0,1
93.354611,0,1,0,0,0,0,0,0,0
93.363073,1,0,0,0,0,0,0,0,0
93.387668,0,0,1,0,1,0,0,1,0
93.397303,0,0,0,0,0,1,0,0,1
93.399518,0,0,0,1,0,0,1,0,0
93.409236,0,1,0,0,0,0,0,0,0
93.413312,1,0,0,0,1,0,0,1,0
93.433875,0,0,1,0,0,0,0,0,0
93.437222,0,1,0,0,0,0,0,0,0
93.449976,0,0,0,1,0,0,1,0,0
93.452450,0,0,0,0,0,1,0,0,1
93.468365,1,0,0,0,1,0,0,1,0
93.490398,0,0,1,0,0,0,0,0,0
93.496076,0,0,0,0,0,1,0,0,1
93.497690,0,1,0,0,0,0,0,0,0
93.501133,0,0,0,1,0,0,1,0,0
93.514813,1,0,0,0,0,0,0,0,0
93.528317,0,0,1,0,1,0,0,1,0
93.549626,0,1,0,0,0,0,0,0,0
93.549838,0,0,0,1,0,0,1,0,0
93.551092,0,0,0,0,0,1,0,0,1
93.567880,1,0,0,0,1,0,0,1,0
93.586766,0,0,1,0,0,0,0,0,0
93.594316,0,1,0,0,0,0,0,0,0
93.597257,0,0,0,0,0,1,0,0,1
93.599183,0,0,0,1,0,0,1,0,0
93.616143,1,0,0,0,0,0,0,0,0
93.634358,0,0,1,0,1,0,0,1,0
93.650522,0,0,0,1,0,0,1,0,0
93.650716,0,0,0,0,0,1,0,0,1
93.656843,0,1,0,0,0,0,0,0,0
93.664538,1,0,0,0,1,0,0,1,0
93.681994,0,0,1,0,0,0,0,0,0
93.691801,0,1,0,0,0,0,0,0,0
93.701233,0,0,0,1,0,0,1,0,0
93.701262,0,0,0,0,0,1,0,0,1
93.717896,1,0,0,0,1,0,0,1,0
93.733900,0,0,1,0,0,0,0,0,0
93.739106,0,1,0,0,0,0,0,0,0
93.748764,0,0,0,1,0,0,1,0,0
93.749782,0,0,0,0,0,1,0,0,1
93.764611,1,0,0,0,1,0,0,1,0
93.787070,0,1,0,0,0,0,0,0,0
93.787200,0,0,1,0,0,0,0,0,0
93.801008,0,0,0,0,0,1,0,0,1
93.801672,0,0,0,1,0,0,1,0,0
93.815226,1,0,0,0,0,0,0,0,0
93.825895,0,0,0,0,1,0,0,1,0
93.833779,0,0,1,0,0,0,0,0,0
93.848915,0,0,0,1,0,0,1,0,0
93.851223,0,0,0,0,0,1,0,0,1
93.853694,0,1,0,0,0,0,0,0,0
93.867289,1,0,0,0,1,0,0,1,0
93.886553,0,0,1,0,0,0,0,0,0
93.891117,0,1,0,0,0,0,0,0,0
93.900637,0,0,0,1,0,0,1,0,0
93.903394,0,0,0,0,0,1,0,0,1
93.916135,1,0,0,0,1,0,0,1,0
93.940060,0,0,1,0,0,0,0,0,0
93.942279,0,1,0,0,0,0,0,0,0
93.948677,0,0,0,1,0,0,1,0,0
93.951760,0,0,0,0,0,1,0,0,1
93.964615,1,0,0,0,1,0,0,1,0
93.989176,0,0,1,0,0,0,0,0,0
93.993071,0,1,0,0,0,0,0,0,0
93.997050,0,0,0,0,0,1,0,0,1
93.998661,0,0,0,1,0,0,1,0,0
94.012212,1,0,0,0,0,0,0,0,0
94.030840,0,0,1,0,0,0,0,0,0
94.050677,0,0,0,1,0,0,1,0,0
94.051118,0,0,0,0,1,1,0,1,1
94.068809,1,0,0,0,1,0,0,1,0
94.077870,0,1,0,0,0,0,0,0,0
94.090050,0,0,1,0,0,0,0,0,0
94.097028,0,1,0,0,0,0,0,0,0
94.099839,0,0,0,0,0,1,0,0,1
94.100916,0,0,0,1,0,0,1,0,0
94.115647,1,0,0,0,0,0,0,0,0
94.124689,0,0,0,0,1,0,0,1,0
94.133577,0,0,1,0,0,0,0,0,0
94.146818,0,1,0,0,0,0,0,0,0
94.148929,0,0,0,0,0,1,0,0,1
94.150780,0,0,0,1,0,0,1,0,0
94.166644,1,0,0,0,0,0,0,0,0
94.185216,0,0,1,0,0,0,0,0,0
94.197072,0,0,0,0,0,1,0,0,1
94.199820,0,0,0,1,1,0,1,1,0
94.216855,1,0,0,0,0,0,0,0,0
94.225015,0,1,0,0,1,0,0,1,0
94.234490,0,0,1,0,0,0,0,0,0
94.248454,0,1,0,0,0,0,0,0,0
94.249974,0,0,0,1,0,0,1,0,0
94.250276,0,0,0,0,0,1,0,0,1
94.261318,1,0,0,0,0,0,0,0,0
94.288348,0,0,1,0,0,0,0,0,0
94.299388,0,0,0,1,1,0,1,1,0
94.299919,0,0,0,0,0,1,0,0,1
94.309638,1,0,0,0,1,0,0,1,0
94.324746,0,1,0,0,0,0,0,0,0
94.339041,0,1,0,0,0,0,0,0,0
94.339473,0,0,1,0,0,0,0,0,0
94.350953,0,0,0,1,0,0,1,0,0
94.350998,0,0,0,0,0,1,0,0,1
94.370140,1,0,0,0,0,0,0,0,0
94.389921,0,0,1,0,0,0,0,0,0
94.397066,0,0,0,0,1,1,0,1,1
94.399814,0,0,0,1,0,0,1,0,0
94.417876,0,1,0,0,0,0,0,0,0
94.419170,1,0,0,0,0,0,0,0,0
94.434342,0,0,1,0,0,0,0,0,0
94.445549,0,0,0,0,1,0,0,1,0
94.450944,0,0,0,1,0,0,1,0,0
94.452371,0,0,0,0,0,1,0,0,1
94.462295,1,0,0,0,1,0,0,1,0
94.468790,0,1,0,0,0,0,0,0,0
94.487039,0,0,1,0,0,0,0,0,0
94.488494,0,1,0,0,0,0,0,0,0
94.497438,0,0,0,0,0,1,0,0,1
94.499299,0,0,0,1,0,0,1,0,0
94.518381,1,0,0,0,0,0,0,0,0
94.534742,0,0,1,0,1,0,0,1,0
94.549900,0,0,0,0,0,1,0,0,1
94.551257,0,0,0,1,0,0,1,0,0
94.561836,0,1,0,0,0,0,0,0,0
94.566539,1,0,0,0,0,0,0,0,0
94.585960,0,0,1,0,0,0,0,0,0
94.597686,0,0,0,0,0,1,0,0,1
94.600757,0,0,0,1,0,0,1,0,0
94.608356,0,0,0,0,1,0,0,1,0
94.611667,1,0,0,0,1,0,0,1,0
94.632861,0,1,0,0,0,0,0,0,0
94.633237,0,0,1,0,0,0,0,0,0
94.634689,0,1,0,0,0,0,0,0,0
94.646481,0,0,0,0,0,1,0,0,1
94.650981,0,0,0,1,0,0,1,0,0
94.664888,1,0,0,0,1,0,0,1,0
94.682437,0,0,1,0,0,0,0,0,0
94.692135,0,1,0,0,0,0,0,0,0
94.698911,0,0,0,0,0,1,0,0,1
94.701914,0,0,0,1,0,0,1,0,0
94.715834,1,0,0,0,1,0,0,1,0
94.732905,0,0,1,0,0,0,0,0,0
94.741608,0,1,0,0,0,0,0,0,0
94.749588,0,0,0,0,0,1,0,0,1
94.751599,0,0,0,1,0,0,1,0,0
94.763009,1,0,0,0,0,0,0,0,0
94.786984,0,0,1,0,1,0,0,1,0
94.799421,0,0,0,0,0,1,0,0,1
94.801515,0,0,0,1,0,0,1,0,0
94.811654,1,0,0,0,0,0,0,0,0
94.813511,0,1,0,0,1,0,0,1,0
94.835114,0,1,0,0,0,0,0,0,0
94.836713,0,0,1,0,0,0,0,0,0
94.849823,0,0,0,0,0,1,0,0,1
94.849838,0,0,0,1,0,0,1,0,0
94.868264,1,0,0,0,0,0,0,0,0
94.884194,0,0,0,0,1,0,0,1,0
94.886203,0,0,1,0,0,0,0,0,0
94.899775,0,0,0,0,0,1,0,0,1
94.901926,0,0,0,1,0,0,1,0,0
94.912683,0,1,0,0,0,0,0,0,0
94.919142,1,0,0,0,0,0,0,0,0
94.938818,0,0,1,0,0,0,0,0,0
94.947863,0,0,0,0,0,1,0,0,1
94.950613,0,0,0,1,1,0,1,1,0
94.964596,1,0,0,0,1,0,0,1,0
94.974677,0,1,0,0,0,0,0,0,0
94.985151,0,0,1,0,0,0,0,0,0
94.990869,0,1,0,0,0,0,0,0,0
94.999063,0,0,0,0,0,1,0,0,1
94.999999,0,0,0,1,0,0,1,0,0
95.015359,1,0,0,0,0,0,0,0,0
95.034135,0,0,1,0,0,0,0,0,0
95.038308,0,0,0,0,1,0,0,1,0
95.048825,0,0,0,1,0,0,1,0,0
95.053520,0,0,0,0,0,1,0,0,1
95.063046,0,1,0,0,0,0,0,0,0
95.068086,1,0,0,0,1,0,0,1,0
95.092506,0,0,1,0,0,0,0,0,0
95.097863,0,1,0,0,0,0,0,0,0
95.099519,0,0,0,0,0,1,0,0,1
95.101435,0,0,0,1,0,0,1,0,0
95.113687,1,0,0,0,1,0,0,1,0
95.132553,0,0,1,0,0,0,0,0,0
95.143590,0,1,0,0,0,0,0,0,0
95.151258,0,0,0,1,0,0,1,0,0
95.152625,0,0,0,0,0,1,0,0,1
95.168341,1,0,0,0,0,0,0,0,0
95.191815,0,0,1,0,0,0,0,0,0
95.196225,0,0,0,0,0,1,0,0,1
95.199589,0,0,0,1,0,0,1,0,0
95.202432,0,0,0,0,1,0,0,1,0
95.210804,1,0,0,0,1,0,0,1,0
95.225784,0,1,0,0,0,0,0,0,0
95.231507,0,0,1,0,0,0,0,0,0
95.231666,0,1,0,0,0,0,0,0,0
95.251501,0,0,0,1,0,0,1,0,0
95.251799,0,0,0,0,0,1,0,0,1
95.263014,1,0,0,0,0,0,0,0,0
95.284284,0,0,1,0,1,0,0,1,0
95.299864,0,0,0,1,0,0,1,0,0
95.300603,0,0,0,0,0,1,0,0,1
95.306280,0,1,0,0,0,0,0,0,0
95.312179,1,0,0,0,0,0,0,0,0
95.331071,0,0,0,0,1,0,0,1,0
95.339739,0,0,1,0,0,0,0,0,0
95.350128,0,0,0,0,0,1,0,0,1
95.350671,0,0,0,1,0,0,1,0,0
95.360567,0,1,0,0,0,0,0,0,0
95.363847,1,0,0,0,1,0,0,1,0
95.387600,0,0,1,0,0,0,0,0,0
95.391396,0,1,0,0,0,0,0,0,0
95.398620,0,0,0,0,0,1,0,0,1
95.401086,0,0,0,1,0,0,1,0,0
95.419618,1,0,0,0,0,0,0,0,0
