Camera1_START->Braking_FINISH,Camera1_START->Camera1_FINISH,Camera1_FINISH->Perception_CameraPerception_START,Perception_CameraPerception_START->Perception_CameraPerception_FINISH,Perception_CameraPerception_FINISH->Perception_Fusion_START,Perception_Fusion_START->Perception_Fusion_FINISH,Perception_Fusion_FINISH->SemanticExtraction_ObjectDetection_START,SemanticExtraction_ObjectDetection_START->SemanticExtraction_ObjectDetection_FINISH,SemanticExtraction_ObjectDetection_FINISH->SemanticExtraction_Prediction_START,SemanticExtraction_Prediction_START->SemanticExtraction_Prediction_FINISH,SemanticExtraction_Prediction_FINISH->CollisionDetection_TimeToCollision_START,CollisionDetection_TimeToCollision_START->CollisionDetection_TimeToCollision_FINISH,CollisionDetection_TimeToCollision_FINISH->CollisionDetection_BrakingDecision_START,CollisionDetection_BrakingDecision_START->CollisionDetection_BrakingDecision_FINISH,CollisionDetection_BrakingDecision_FINISH->Braking_START,Braking_START->Braking_FINISH,Perception_CameraPerception_START,Perception_Fusion_START,SemanticExtraction_ObjectDetection_START,SemanticExtraction_Prediction_START,CollisionDetection_TimeToCollision_START,CollisionDetection_BrakingDecision_START,Braking_START
0.418082,0.005617,0.087380,0.009890,0.012668,0.025652,0.000000,0.048915,0.025363,0.009491,0.152884,0.027726,0.000000,0.002369,0.000000,0.010127,0,1,1,1,1,1,1
0.446446,0.005400,0.081432,0.006768,0.022971,0.029657,0.000000,0.057802,0.006897,0.009461,0.171021,0.029047,0.010334,0.006694,0.000000,0.008962,0,1,1,2,1,2,2
0.432835,0.002569,0.094772,0.008034,0.014154,0.020251,0.000000,0.054508,0.028524,0.010334,0.152618,0.028982,0.000000,0.006585,0.000000,0.011504,0,1,1,2,1,2,2
0.437113,0.002926,0.090217,0.012920,0.004654,0.024797,0.000000,0.055271,0.032160,0.009003,0.146650,0.032058,0.010488,0.004213,0.000000,0.011756,0,1,1,2,1,2,2
0.435161,0.003513,0.073511,0.007873,0.040735,0.023754,0.000000,0.043937,0.019679,0.010488,0.166349,0.030248,0.000000,0.006419,0.000000,0.008655,0,1,1,2,1,2,2
0.442298,0.005217,0.098123,0.004086,0.018639,0.026582,0.000000,0.052186,0.022758,0.008481,0.159234,0.035602,0.000000,0.004194,0.000000,0.007196,0,1,1,2,1,2,2
0.385651,0.005534,0.073821,0.015487,0.096012,0.025576,0.000000,0.040249,0.000000,0.011388,0.074438,0.025359,0.000000,0.007277,0.000000,0.010510,0,1,2,2,1,1,1
0.514608,0.005601,0.079092,0.011712,0.095665,0.017150,0.000000,0.042978,0.026368,0.009028,0.180994,0.028802,0.000000,0.006538,0.000000,0.010680,0,1,2,2,2,2,2
0.318745,0.005654,0.067892,0.013021,0.015202,0.027546,0.000000,0.044872,0.000000,0.010654,0.083041,0.035082,0.000000,0.005020,0.000000,0.010761,0,0,1,1,1,1,1
0.321867,0.002305,0.072879,0.011772,0.006405,0.024079,0.000000,0.064327,0.000000,0.011452,0.089254,0.025748,0.000000,0.003205,0.000000,0.010441,0,1,1,1,1,1,1
0.402681,0.005854,0.087022,0.009221,0.096361,0.022772,0.000000,0.060465,0.000000,0.010408,0.076335,0.021478,0.000000,0.004406,0.000000,0.008359,0,1,2,2,1,2,2
0.456244,0.006245,0.109359,0.008264,0.008240,0.032840,0.000000,0.067315,0.000000,0.009134,0.158904,0.035614,0.010045,0.001681,0.000000,0.008603,0,1,1,2,2,2,2
0.424723,0.006211,0.067231,0.007779,0.021620,0.029194,0.000000,0.061280,0.012519,0.010045,0.154977,0.025750,0.011248,0.005898,0.000000,0.010971,0,1,1,2,1,1,1
0.438073,0.004351,0.076135,0.006527,0.021546,0.028979,0.000000,0.049010,0.012777,0.011248,0.179218,0.032513,0.000000,0.003445,0.000000,0.012324,0,1,1,2,1,2,2
0.309406,0.007311,0.061990,0.009939,0.025993,0.022778,0.000000,0.049524,0.000000,0.009817,0.077118,0.027941,0.000000,0.004836,0.000000,0.012159,0,1,1,1,1,1,1
0.454546,0.005862,0.109028,0.009436,0.007936,0.020149,0.000000,0.050454,0.027517,0.011167,0.172929,0.025915,0.000000,0.003980,0.000000,0.010173,1,1,1,2,2,2,2
0.411132,0.004324,0.084148,0.011521,0.020723,0.030246,0.000000,0.055037,0.009972,0.011187,0.134655,0.039389,0.000000,0.002123,0.000000,0.007807,0,1,1,2,1,1,2
0.443248,0.002506,0.095723,0.009489,0.009260,0.033798,0.000000,0.049754,0.003493,0.009101,0.175805,0.038101,0.000000,0.004221,0.000000,0.011997,0,1,1,2,1,2,2
0.329341,0.002996,0.090901,0.012353,0.016747,0.021753,0.000000,0.052464,0.000000,0.010147,0.068384,0.028453,0.011820,0.003303,0.000000,0.010020,0,1,1,1,1,1,1
0.425656,0.004522,0.090825,0.014946,0.011893,0.020184,0.000000,0.034790,0.027912,0.011820,0.163643,0.029694,0.000000,0.005085,0.000000,0.010342,0,1,1,1,1,2,2
0.421503,0.001494,0.079041,0.006673,0.030546,0.028418,0.000000,0.038310,0.033088,0.008669,0.150648,0.026599,0.000000,0.006520,0.000000,0.011497,0,1,1,2,1,2,2
0.442599,0.003158,0.085053,0.006401,0.025071,0.032856,0.000000,0.052331,0.005091,0.011903,0.167718,0.035510,0.000000,0.006442,0.000000,0.011065,0,1,1,2,1,2,2
0.451589,0.007720,0.107414,0.007465,0.096062,0.028300,0.000000,0.048601,0.000000,0.010359,0.099974,0.028536,0.000000,0.004267,0.000000,0.012891,1,2,2,3,1,2,2
0.307560,0.002308,0.066710,0.009060,0.031551,0.020165,0.000000,0.041341,0.000000,0.011463,0.086108,0.023251,0.000000,0.005535,0.000000,0.010068,0,0,1,1,1,1,1
0.416271,0.006450,0.084851,0.007277,0.030417,0.028214,0.000000,0.048248,0.025304,0.011790,0.136684,0.028096,0.000000,0.001947,0.000000,0.006993,1,1,1,1,2,2,2
0.426752,0.003551,0.062896,0.011066,0.015191,0.027950,0.000000,0.045063,0.013705,0.009287,0.184226,0.028528,0.010731,0.006920,0.000000,0.007638,0,0,1,2,1,1,2
0.432318,0.008578,0.063579,0.010822,0.013708,0.030785,0.000000,0.059993,0.014382,0.010731,0.164829,0.033138,0.009804,0.004132,0.000000,0.007837,0,0,1,1,1,1,1
0.414281,0.002118,0.079360,0.013808,0.007755,0.021494,0.000000,0.065415,0.022864,0.009804,0.142966,0.031151,0.000000,0.007243,0.000000,0.010303,0,1,1,2,1,2,2
0.468403,0.004323,0.117027,0.007942,0.012746,0.019571,0.000000,0.061846,0.015597,0.009517,0.165695,0.027995,0.009685,0.003542,0.000000,0.012917,0,1,1,2,2,2,2
0.419509,0.007624,0.076075,0.008284,0.017651,0.021930,0.000000,0.053170,0.027475,0.009685,0.152718,0.022251,0.010726,0.003841,0.000000,0.008079,0,1,1,2,1,2,2
0.408851,0.005798,0.083592,0.012975,0.002065,0.025045,0.000000,0.050907,0.017021,0.010726,0.149733,0.024120,0.010229,0.003809,0.000000,0.012831,0,1,1,2,1,2,2
0.439094,0.003059,0.102490,0.012811,0.093084,0.029336,0.000000,0.054554,0.000000,0.009135,0.085379,0.034499,0.000000,0.004986,0.000000,0.009761,0,2,2,3,1,2,2
0.338037,0.006546,0.080464,0.006631,0.010947,0.022981,0.000000,0.048325,0.000000,0.011224,0.104734,0.031544,0.000000,0.004260,0.000000,0.010381,0,1,1,1,1,1,1
0.345701,0.002441,0.092997,0.008403,0.010864,0.027484,0.000000,0.066435,0.000000,0.008693,0.079567,0.034427,0.000000,0.004513,0.000000,0.009877,0,1,1,1,1,1,1
0.531737,0.003677,0.103408,0.010706,0.100694,0.032002,0.000000,0.046885,0.019999,0.009986,0.163284,0.025473,0.000000,0.005124,0.000000,0.010499,0,2,2,3,2,2,2
0.520707,0.001932,0.104999,0.010701,0.106698,0.018286,0.000000,0.052775,0.029109,0.010188,0.147218,0.026726,0.000000,0.003234,0.000000,0.008841,1,2,2,2,2,2,2
0.432413,0.003343,0.096298,0.012078,0.000455,0.028902,0.000000,0.053460,0.019110,0.008598,0.172400,0.026678,0.000000,0.004170,0.000000,0.006921,0,1,1,2,1,2,2
0.410653,0.004360,0.062842,0.010427,0.010349,0.028443,0.000000,0.065531,0.011000,0.010135,0.162781,0.031794,0.000000,0.004623,0.000000,0.008368,0,0,1,1,1,1,1
0.342375,0.008757,0.095512,0.009244,0.012288,0.032118,0.000000,0.046232,0.000000,0.011521,0.076736,0.035543,0.000000,0.004025,0.000000,0.010399,1,1,1,1,1,1,1
0.337755,0.007822,0.095790,0.010003,0.014207,0.024054,0.000000,0.058420,0.000000,0.011434,0.064519,0.024477,0.010676,0.006478,0.000000,0.009875,1,1,1,2,1,1,1
0.462492,0.004756,0.095646,0.009478,0.018574,0.024657,0.000000,0.057480,0.000529,0.010676,0.188778,0.034851,0.000000,0.008394,0.000000,0.008673,1,1,1,1,1,2,2
0.448697,0.006636,0.103511,0.013647,0.006983,0.019330,0.000000,0.066973,0.041769,0.010272,0.140374,0.022990,0.000000,0.005363,0.000000,0.010849,1,1,1,2,1,2,2
0.345134,0.007003,0.097195,0.010679,0.020859,0.026709,0.000000,0.039217,0.000000,0.008374,0.087656,0.030418,0.000000,0.008881,0.000000,0.008143,1,1,1,2,1,1,1
0.423205,0.004894,0.077074,0.009464,0.013354,0.034929,0.000000,0.057145,0.007503,0.009567,0.154292,0.028613,0.009734,0.006035,0.000000,0.010601,0,1,1,1,1,2,2
0.417880,0.004858,0.077497,0.013237,0.003785,0.033449,0.000000,0.059163,0.005865,0.009734,0.156717,0.031724,0.008548,0.003390,0.000000,0.009913,0,1,1,2,1,1,2
0.421797,0.005452,0.084101,0.007302,0.006703,0.026114,0.000000,0.043523,0.025908,0.008548,0.163469,0.023651,0.009539,0.007045,0.000000,0.010442,0,1,1,2,1,2,2
0.425405,0.006841,0.091124,0.011376,0.002935,0.029291,0.000000,0.032701,0.022965,0.009539,0.171697,0.029452,0.000000,0.006718,0.000000,0.010766,0,1,1,2,1,2,2
0.452415,0.002733,0.121116,0.013653,0.003486,0.033192,0.000000,0.059983,0.013647,0.010530,0.146617,0.028569,0.000000,0.005953,0.000000,0.012936,1,1,1,2,2,2,2
0.404068,0.002946,0.069038,0.010907,0.029755,0.028186,0.000000,0.059403,0.009377,0.009684,0.147643,0.023892,0.000000,0.002272,0.000000,0.010965,0,1,1,2,1,2,2
0.425399,0.007004,0.073576,0.011623,0.017710,0.023364,0.000000,0.042340,0.018948,0.010234,0.168169,0.029768,0.009354,0.002469,0.000000,0.010840,0,1,1,2,1,2,2
0.425933,0.004227,0.094427,0.008881,0.009348,0.023334,0.000000,0.054495,0.009674,0.009354,0.157095,0.028531,0.008697,0.005641,0.000000,0.012229,0,1,1,1,1,1,1
0.432777,0.006490,0.105872,0.005077,0.004153,0.017359,0.000000,0.041043,0.023107,0.008697,0.166683,0.035069,0.000000,0.006366,0.000000,0.012861,0,1,1,2,1,2,2
0.507380,0.004839,0.067326,0.011536,0.099515,0.032555,0.000000,0.040399,0.030095,0.010273,0.174183,0.021853,0.000000,0.006415,0.000000,0.008391,0,1,2,2,2,2,2
0.345356,0.005812,0.090411,0.010437,0.013943,0.029716,0.000000,0.046653,0.000000,0.008636,0.090016,0.034090,0.000000,0.004828,0.000000,0.010814,1,1,1,2,1,1,1
0.451652,0.008285,0.097899,0.009674,0.005941,0.024275,0.000000,0.056456,0.033047,0.010836,0.162285,0.028382,0.000000,0.005549,0.000000,0.009023,0,1,1,1,2,2,2
0.335281,0.007035,0.103755,0.010408,0.098091,0.020773,0.000000,0.040488,0.000000,0.009657,0.000000,0.026601,0.000000,0.007565,0.000000,0.010908,0,2,2,2,1,1,1
0.351573,0.006059,0.089636,0.006278,0.027599,0.019357,0.000000,0.060244,0.000000,0.009973,0.089809,0.029356,0.000000,0.005100,0.000000,0.008162,1,1,1,1,1,1,1
0.336335,0.004618,0.069353,0.007852,0.009606,0.024567,0.000000,0.053060,0.000000,0.010899,0.101705,0.028983,0.009941,0.006537,0.000000,0.009214,0,1,1,1,1,1,1
0.463838,0.006079,0.108272,0.010920,0.011756,0.019144,0.000000,0.062427,0.023461,0.009941,0.150290,0.033064,0.009851,0.006872,0.000000,0.011761,1,1,1,1,2,2,2
0.436346,0.006542,0.061067,0.014697,0.018738,0.028994,0.000000,0.061911,0.014043,0.009851,0.174880,0.029789,0.000000,0.006196,0.000000,0.009638,0,1,1,2,1,2,2
0.359995,0.007091,0.109534,0.005078,0.009249,0.021367,0.000000,0.032154,0.000000,0.009515,0.120456,0.030865,0.000000,0.007556,0.000000,0.007130,1,1,1,1,1,1,1
0.425725,0.005411,0.074995,0.011265,0.021689,0.021094,0.000000,0.052181,0.035403,0.009114,0.151864,0.028663,0.000000,0.005070,0.000000,0.008976,0,1,1,1,1,2,2
0.338621,0.003626,0.092816,0.011386,0.015353,0.024637,0.000000,0.054530,0.000000,0.011785,0.065384,0.034271,0.009636,0.003564,0.000000,0.011633,0,1,1,1,1,1,1
0.410705,0.006386,0.079060,0.006069,0.023697,0.031884,0.000000,0.053353,0.016212,0.009636,0.141896,0.028997,0.000000,0.003807,0.000000,0.009708,0,1,1,1,1,2,2
0.447884,0.006545,0.071600,0.005500,0.027937,0.024585,0.000000,0.033281,0.032641,0.011123,0.179105,0.035072,0.000000,0.006973,0.000000,0.013522,0,1,1,2,1,2,2
0.293434,0.007830,0.038086,0.007589,0.020830,0.027954,0.000000,0.041810,0.000000,0.010464,0.091521,0.034041,0.000000,0.005410,0.000000,0.007899,0,0,1,1,1,1,1
0.438893,0.003207,0.092445,0.011333,0.114124,0.017189,0.000000,0.057022,0.000000,0.010822,0.089904,0.029479,0.000000,0.001772,0.000000,0.011596,0,2,2,2,1,2,2
0.323812,0.007924,0.077837,0.007417,0.023470,0.015206,0.000000,0.043568,0.000000,0.010009,0.099028,0.027681,0.000000,0.002487,0.000000,0.009185,0,1,1,2,1,1,1
0.425038,0.001288,0.084290,0.008539,0.029973,0.025491,0.000000,0.038532,0.028190,0.009941,0.163348,0.023367,0.000000,0.003438,0.000000,0.008641,0,1,1,1,2,2,2
0.445395,0.007093,0.082938,0.013037,0.017911,0.019779,0.000000,0.057781,0.017979,0.009574,0.175634,0.028907,0.000000,0.003836,0.000000,0.010926,0,1,1,2,1,2,2
0.334139,0.004887,0.092917,0.007573,0.016999,0.021670,0.000000,0.044426,0.000000,0.010117,0.095229,0.026015,0.000000,0.005212,0.000000,0.009094,0,1,1,1,1,1,1
0.323550,0.005120,0.065887,0.007868,0.012857,0.025380,0.000000,0.046577,0.000000,0.009663,0.102189,0.027967,0.000000,0.007062,0.000000,0.012980,0,0,1,1,1,1,1
0.428631,0.006806,0.105741,0.009468,0.106498,0.030287,0.000000,0.052834,0.000000,0.009958,0.059604,0.031328,0.000000,0.005542,0.000000,0.010565,1,2,2,2,1,2,2
0.421841,0.006986,0.064529,0.013700,0.001969,0.020835,0.000000,0.051152,0.029034,0.009990,0.167035,0.031092,0.010263,0.004938,0.000000,0.010318,0,0,1,1,1,2,2
0.417048,0.003201,0.066739,0.008571,0.017099,0.029267,0.000000,0.046375,0.027853,0.010263,0.153620,0.032696,0.009595,0.002562,0.000000,0.009207,0,0,1,1,1,1,1
0.419759,0.003077,0.071311,0.005390,0.024854,0.023643,0.000000,0.055132,0.012991,0.009595,0.170126,0.025323,0.000000,0.006664,0.000000,0.011653,0,0,1,1,1,2,2
0.365168,0.006328,0.096264,0.009887,0.025624,0.025730,0.000000,0.043985,0.000000,0.010220,0.091407,0.030272,0.010283,0.005993,0.000000,0.009175,1,1,1,2,1,1,1
0.416667,0.003241,0.075107,0.004535,0.017995,0.025666,0.000000,0.061228,0.020400,0.010283,0.154872,0.030078,0.000000,0.002362,0.000000,0.010900,0,1,1,1,1,2,2
0.422949,0.005859,0.074434,0.009962,0.013333,0.031744,0.000000,0.046460,0.026254,0.008298,0.158140,0.028154,0.010612,0.002065,0.000000,0.007634,0,1,1,2,1,2,2
0.435845,0.003134,0.069038,0.015000,0.023491,0.027659,0.000000,0.057098,0.007386,0.010612,0.172008,0.026276,0.010042,0.002892,0.000000,0.011209,0,1,1,2,1,2,2
0.435065,0.006879,0.069403,0.014489,0.022506,0.026721,0.000000,0.049228,0.024966,0.010042,0.160743,0.034665,0.000000,0.005254,0.000000,0.010169,0,1,1,2,1,2,2
0.438466,0.007739,0.093970,0.009787,0.103136,0.023720,0.000000,0.061701,0.000000,0.008638,0.079025,0.029106,0.000000,0.008657,0.000000,0.012987,0,2,2,3,1,2,2
0.513287,0.005246,0.102997,0.012727,0.097693,0.017115,0.000000,0.062407,0.007023,0.011150,0.151697,0.027391,0.000000,0.006052,0.000000,0.011789,0,2,2,3,2,2,2
0.442620,0.006682,0.084488,0.013925,0.014745,0.027740,0.000000,0.067800,0.000000,0.011701,0.154243,0.037719,0.009755,0.005457,0.000000,0.008365,0,1,1,2,1,2,2
0.421674,0.004643,0.096006,0.007383,0.005592,0.016822,0.000000,0.056677,0.034192,0.009755,0.143551,0.026728,0.009816,0.003363,0.000000,0.007146,1,1,1,2,1,2,2
0.447840,0.003989,0.091593,0.012554,0.004864,0.022731,0.000000,0.051152,0.014759,0.009816,0.192464,0.029832,0.000000,0.004775,0.000000,0.009311,1,1,1,2,1,2,2
0.297010,0.006121,0.049060,0.010022,0.022091,0.027250,0.000000,0.044043,0.000000,0.010967,0.079369,0.022370,0.009608,0.005294,0.000000,0.010815,0,0,1,1,1,1,1
0.437304,0.005016,0.105182,0.010006,0.006317,0.016469,0.000000,0.043783,0.019545,0.009608,0.164053,0.031921,0.010490,0.003213,0.000000,0.011701,0,1,1,2,2,2,2
0.410263,0.002721,0.067558,0.008458,0.017084,0.023397,0.000000,0.055734,0.005803,0.010490,0.169182,0.028637,0.008975,0.003549,0.000000,0.008675,0,0,1,1,1,1,1
0.455207,0.003240,0.105192,0.006565,0.019566,0.025959,0.000000,0.046799,0.017971,0.008975,0.166845,0.028293,0.010910,0.003912,0.000000,0.010980,1,1,1,2,1,2,2
0.397340,0.007807,0.063945,0.010555,0.021875,0.031374,0.000000,0.037530,0.024683,0.010910,0.140590,0.023413,0.008592,0.004743,0.000000,0.011323,0,0,1,1,1,2,2
0.456392,0.006284,0.110972,0.008435,0.009754,0.021362,0.000000,0.036966,0.013369,0.008592,0.185710,0.035418,0.000000,0.007918,0.000000,0.011612,1,1,1,2,2,2,2
0.435641,0.002330,0.063710,0.009948,0.024110,0.022136,0.000000,0.063156,0.027472,0.009929,0.161390,0.027259,0.008477,0.005623,0.000000,0.010101,0,1,1,1,1,1,1
0.434147,0.005112,0.074659,0.009288,0.012806,0.026188,0.000000,0.063228,0.022664,0.008477,0.164302,0.030789,0.000000,0.005657,0.000000,0.010977,0,1,1,2,1,2,2
0.322427,0.006442,0.084764,0.014334,0.000013,0.022272,0.000000,0.056404,0.000000,0.009996,0.082634,0.032216,0.000000,0.002222,0.000000,0.011130,0,1,1,1,1,1,1
0.425144,0.007192,0.081200,0.010896,0.000564,0.028492,0.000000,0.053694,0.030623,0.010823,0.158341,0.029985,0.000000,0.005607,0.000000,0.007727,0,1,1,1,1,2,2
0.530358,0.005875,0.091417,0.011712,0.107168,0.024029,0.000000,0.050362,0.020811,0.009932,0.159501,0.031941,0.000000,0.004987,0.000000,0.012623,0,2,2,2,2,2,2
0.453008,0.003666,0.098781,0.011379,0.105398,0.020589,0.000000,0.047116,0.000000,0.011332,0.087471,0.039926,0.011401,0.006858,0.000000,0.009091,0,2,2,3,1,2,2
0.428102,0.008122,0.076121,0.013451,0.021552,0.030986,0.000000,0.043570,0.033882,0.011401,0.137884,0.024790,0.009199,0.006207,0.000000,0.010937,0,1,1,1,1,2,2
0.430882,0.002796,0.087161,0.007033,0.014891,0.027595,0.000000,0.045712,0.017105,0.009199,0.179049,0.028875,0.000000,0.001410,0.000000,0.010056,0,1,1,2,1,2,2
0.355839,0.006607,0.102301,0.008538,0.000579,0.023315,0.000000,0.055484,0.000000,0.011975,0.088671,0.032710,0.009500,0.005008,0.000000,0.011151,0,1,1,2,1,1,1
0.409004,0.002566,0.060198,0.008236,0.019248,0.027230,0.000000,0.056711,0.023570,0.009500,0.148876,0.026145,0.009650,0.006229,0.000000,0.010845,0,0,1,1,1,1,1
0.412780,0.008265,0.064218,0.011252,0.003549,0.027550,0.000000,0.046809,0.022474,0.009650,0.166045,0.027969,0.008123,0.006469,0.000000,0.010407,0,0,1,1,1,2,2
0.418462,0.006096,0.049110,0.011381,0.034200,0.031206,0.000000,0.052388,0.006831,0.008123,0.169344,0.026983,0.010543,0.003291,0.000000,0.008966,0,0,1,1,1,1,2
0.417836,0.002203,0.075813,0.013208,0.005784,0.025556,0.000000,0.052133,0.022440,0.010543,0.162369,0.026380,0.010242,0.003679,0.000000,0.007486,0,1,1,1,1,2,2
0.407184,0.003674,0.079787,0.012122,0.005566,0.029706,0.000000,0.057649,0.008122,0.010242,0.154191,0.033336,0.000000,0.004742,0.000000,0.008047,0,1,1,1,1,2,2
0.456189,0.004411,0.108484,0.012166,0.004087,0.023961,0.000000,0.049669,0.033114,0.008227,0.155479,0.028882,0.010604,0.004993,0.000000,0.012112,0,1,1,2,2,2,2
0.460157,0.005120,0.110205,0.009442,0.014429,0.024079,0.000000,0.042387,0.025319,0.010604,0.158440,0.034986,0.010020,0.004634,0.000000,0.010492,1,1,1,2,2,2,2
0.428683,0.003640,0.087446,0.011282,0.102834,0.021389,0.000926,0.062018,0.000000,0.010275,0.065248,0.036253,0.010798,0.005379,0.000000,0.011195,0,2,2,2,1,2,2
0.430237,0.003687,0.072697,0.011681,0.010201,0.017793,0.000000,0.058043,0.030811,0.010798,0.167051,0.035639,0.000000,0.003224,0.000000,0.008612,0,1,1,2,1,2,2
0.432021,0.006104,0.083949,0.005369,0.012683,0.029178,0.000000,0.066142,0.018922,0.010531,0.141175,0.032417,0.009454,0.006872,0.000000,0.009225,0,1,1,2,1,2,2
0.428432,0.005548,0.082860,0.007817,0.014591,0.033141,0.000000,0.044728,0.021531,0.009454,0.169739,0.025658,0.000000,0.001850,0.000000,0.011515,0,1,1,2,1,2,2
0.323233,0.005794,0.086887,0.009350,0.006991,0.017861,0.000000,0.045324,0.000000,0.008809,0.093025,0.031403,0.000000,0.006274,0.000000,0.011515,0,1,1,1,1,1,1
0.421990,0.003476,0.090221,0.006440,0.009558,0.029356,0.000000,0.047266,0.026244,0.010106,0.148971,0.024948,0.009807,0.005175,0.000000,0.010422,0,1,1,1,1,2,2
0.409613,0.002442,0.079405,0.010432,0.020286,0.033254,0.000000,0.051460,0.003241,0.009807,0.163478,0.025315,0.000000,0.001003,0.000000,0.009490,0,1,1,2,1,2,2
0.442705,0.001914,0.093864,0.008724,0.007075,0.025905,0.000000,0.069155,0.000000,0.009757,0.162062,0.038221,0.008201,0.007888,0.000000,0.009939,0,1,1,2,1,2,2
0.415083,0.005902,0.092444,0.012011,0.002229,0.030347,0.000000,0.057110,0.018608,0.008201,0.147987,0.026995,0.000000,0.004636,0.000000,0.008613,0,1,1,2,1,2,2
0.417710,0.003378,0.059989,0.013979,0.008957,0.022379,0.000000,0.058118,0.009087,0.009534,0.175427,0.031502,0.009438,0.005511,0.000000,0.010411,0,1,1,1,1,1,2
0.456586,0.008044,0.089330,0.015366,0.013010,0.028515,0.000000,0.057023,0.016033,0.009438,0.176749,0.025428,0.000000,0.007277,0.000000,0.010373,1,1,1,2,1,2,2
0.347727,0.005232,0.100503,0.013960,0.007303,0.027697,0.000000,0.036712,0.000000,0.010241,0.095632,0.028868,0.011072,0.002705,0.000000,0.007802,0,1,1,1,1,1,1
0.412036,0.008626,0.062890,0.009451,0.005185,0.026061,0.000000,0.058354,0.022479,0.011072,0.156015,0.031464,0.010267,0.002752,0.000000,0.007420,0,0,1,1,1,2,2
0.415052,0.005016,0.056258,0.011009,0.021531,0.023427,0.000000,0.065703,0.010754,0.010267,0.153166,0.037888,0.000000,0.006481,0.000000,0.013552,0,1,1,1,1,2,2
0.462920,0.008144,0.103860,0.004731,0.013780,0.022893,0.000000,0.058524,0.024943,0.010777,0.161840,0.039050,0.000000,0.003772,0.000000,0.010606,1,1,1,2,1,2,2
0.359184,0.006714,0.102253,0.010782,0.015229,0.030100,0.000000,0.043246,0.000000,0.010320,0.095050,0.027871,0.000000,0.005663,0.000000,0.011956,1,1,1,1,1,1,1
0.432601,0.002373,0.070256,0.008728,0.020444,0.026854,0.000000,0.067137,0.016857,0.009387,0.149705,0.032745,0.010533,0.005304,0.000000,0.012278,0,1,1,1,1,2,2
0.447779,0.005819,0.100594,0.010502,0.026908,0.030668,0.000000,0.043181,0.022740,0.010533,0.145328,0.025071,0.010273,0.005011,0.000000,0.011151,1,1,1,2,2,2,2
0.420584,0.001327,0.070612,0.008639,0.020321,0.028242,0.000000,0.047955,0.013609,0.010273,0.177023,0.027928,0.000000,0.002581,0.000000,0.012074,0,1,1,2,1,2,2
0.418689,0.005870,0.087902,0.010710,0.010434,0.030850,0.000000,0.045306,0.019566,0.011877,0.148079,0.021608,0.010301,0.003971,0.000000,0.012215,0,1,1,1,1,2,2
0.429630,0.003671,0.080232,0.006488,0.021904,0.029930,0.000000,0.035877,0.015971,0.010301,0.179166,0.029896,0.000000,0.006636,0.000000,0.009558,0,1,1,2,1,2,2
0.412432,0.006291,0.086940,0.014094,0.102214,0.025159,0.000000,0.049210,0.000000,0.009536,0.069768,0.033584,0.000000,0.005670,0.000000,0.009966,0,2,2,2,1,2,2
0.426041,0.004725,0.099159,0.011524,0.104349,0.027179,0.000000,0.039891,0.000000,0.010254,0.086916,0.031194,0.000000,0.004090,0.000000,0.006760,0,2,2,2,1,2,2
0.436872,0.005818,0.088460,0.011531,0.016868,0.021153,0.000000,0.043327,0.033462,0.009206,0.154749,0.026170,0.009064,0.007020,0.000000,0.010044,0,1,1,2,1,1,2
0.419880,0.004456,0.085485,0.013313,0.025112,0.020340,0.000000,0.057010,0.008102,0.009064,0.160382,0.025614,0.000000,0.001651,0.000000,0.009351,0,1,1,2,1,2,2
0.442117,0.005881,0.075260,0.012211,0.024108,0.024232,0.000000,0.052031,0.019301,0.009375,0.162043,0.034142,0.009693,0.004968,0.000000,0.008872,0,1,1,2,1,2,2
0.423098,0.004212,0.091777,0.011795,0.011601,0.024440,0.000000,0.061560,0.012169,0.009693,0.154425,0.028123,0.000000,0.004650,0.000000,0.008653,0,1,1,2,1,2,2
0.434081,0.003607,0.080959,0.012104,0.019913,0.023385,0.000000,0.046334,0.031486,0.010327,0.160654,0.031523,0.000000,0.001383,0.000000,0.012406,0,1,1,2,1,2,2
0.419399,0.008602,0.076945,0.010511,0.028172,0.031935,0.000000,0.048183,0.019735,0.011517,0.140362,0.025356,0.000000,0.006429,0.000000,0.011652,1,1,1,2,1,2,2
0.431239,0.006307,0.057974,0.011735,0.015658,0.028186,0.000000,0.059694,0.000000,0.011482,0.178759,0.033836,0.009116,0.006121,0.000000,0.012371,0,0,1,1,1,1,1
0.454242,0.004858,0.104085,0.010839,0.016855,0.022402,0.000000,0.065281,0.013694,0.009116,0.146574,0.033777,0.009214,0.006644,0.000000,0.010903,0,1,1,2,1,2,2
0.399607,0.006416,0.076849,0.013940,0.003853,0.033639,0.000000,0.036688,0.024928,0.009214,0.148074,0.033827,0.000000,0.001732,0.000000,0.010447,0,0,1,2,1,2,2
0.422547,0.007605,0.067369,0.006657,0.018688,0.021921,0.000000,0.063685,0.005703,0.009876,0.175186,0.030198,0.000000,0.005589,0.000000,0.010070,0,1,1,1,1,2,2
0.572107,0.003661,0.124155,0.010581,0.099418,0.022743,0.000000,0.053445,0.020347,0.009682,0.166909,0.033857,0.011006,0.006654,0.000000,0.009649,1,2,2,3,2,2,2
0.415272,0.006525,0.071264,0.009899,0.015512,0.030551,0.000000,0.049830,0.030266,0.011006,0.142596,0.031907,0.000000,0.004685,0.000000,0.011231,0,1,1,2,1,1,2
0.433979,0.007587,0.081546,0.008458,0.011519,0.026081,0.000000,0.051724,0.019723,0.009310,0.174789,0.027421,0.000000,0.005402,0.000000,0.010419,0,1,1,2,1,2,2
0.344110,0.003659,0.066959,0.012472,0.033505,0.027549,0.000000,0.058360,0.000000,0.010710,0.086146,0.026964,0.000000,0.007102,0.000000,0.010684,0,1,1,1,1,1,1
0.325210,0.005351,0.087147,0.010522,0.007496,0.024781,0.000000,0.060744,0.000000,0.011506,0.070830,0.023998,0.009622,0.003102,0.000000,0.010111,0,1,1,2,1,1,1
0.438498,0.005540,0.080839,0.012881,0.010034,0.023159,0.000000,0.058046,0.011487,0.009622,0.168944,0.030727,0.009540,0.007605,0.000000,0.010074,0,1,1,1,2,2,2
0.432968,0.002428,0.101847,0.011858,0.003582,0.024783,0.000000,0.046060,0.022653,0.009540,0.162196,0.032743,0.000000,0.004403,0.000000,0.010875,0,1,1,2,1,2,2
0.432715,0.006757,0.095103,0.012338,0.008520,0.019756,0.000000,0.057696,0.022837,0.010173,0.155578,0.032261,0.000000,0.004223,0.000000,0.007473,0,1,1,2,1,2,2
0.340774,0.006570,0.091764,0.008829,0.016468,0.030457,0.000000,0.051881,0.000000,0.008610,0.064146,0.038813,0.010935,0.005436,0.000000,0.006865,1,1,1,1,1,1,1
0.461601,0.003316,0.088808,0.012868,0.017902,0.030032,0.000000,0.049826,0.017751,0.010935,0.174885,0.038509,0.000000,0.005360,0.000000,0.011409,1,1,1,1,1,2,2
0.343118,0.005985,0.099176,0.007920,0.017190,0.027832,0.000000,0.062312,0.000000,0.009976,0.052180,0.033532,0.009946,0.006324,0.000000,0.010745,0,1,1,2,1,1,1
0.447797,0.005187,0.111076,0.011675,0.001078,0.026328,0.000000,0.040592,0.019866,0.009946,0.178482,0.024067,0.000000,0.006279,0.000000,0.013221,1,1,1,1,2,2,2
0.343619,0.004061,0.107053,0.012622,0.007148,0.016505,0.000000,0.035815,0.000000,0.011801,0.104973,0.030131,0.000000,0.005774,0.000000,0.007736,0,1,1,1,1,1,1
0.421208,0.007550,0.075600,0.012138,0.001623,0.034710,0.000000,0.041991,0.029534,0.009294,0.158182,0.024193,0.008786,0.008350,0.000000,0.009257,0,0,1,1,1,2,2
0.434760,0.007361,0.093868,0.006134,0.028575,0.023991,0.000000,0.053304,0.015078,0.008786,0.145843,0.026209,0.010901,0.003362,0.000000,0.011348,1,1,1,2,2,2,2
0.549650,0.004646,0.124578,0.009426,0.094218,0.032159,0.000000,0.040114,0.005799,0.010901,0.172503,0.037598,0.000000,0.004151,0.000000,0.013557,1,2,2,3,2,2,2
0.443541,0.006673,0.078710,0.012312,0.014601,0.025927,0.000000,0.048847,0.019314,0.010325,0.166465,0.036319,0.009696,0.002489,0.000000,0.011863,0,1,1,1,1,1,1
0.424421,0.004109,0.068838,0.009445,0.024189,0.030052,0.000000,0.061212,0.023367,0.009696,0.141295,0.030828,0.009821,0.003539,0.000000,0.008030,0,1,1,2,1,2,2
0.418046,0.004923,0.082320,0.010268,0.007690,0.032848,0.000000,0.043022,0.024418,0.009821,0.154669,0.031678,0.000000,0.004050,0.000000,0.012339,0,1,1,2,1,2,2
0.421718,0.005424,0.095519,0.009206,0.009150,0.031545,0.000000,0.057625,0.000000,0.009885,0.154724,0.028601,0.000000,0.008154,0.000000,0.011885,0,1,1,2,1,2,2
0.430394,0.008837,0.086913,0.008085,0.011173,0.031269,0.000000,0.063491,0.001646,0.008339,0.157680,0.028418,0.010510,0.006498,0.000000,0.007535,0,1,1,2,1,2,2
0.407149,0.003500,0.098265,0.005806,0.108549,0.024044,0.000000,0.040277,0.000000,0.010550,0.075087,0.027484,0.000000,0.004250,0.000000,0.009337,0,2,2,3,1,2,2
0.441357,0.006556,0.083216,0.010252,0.014183,0.025311,0.000000,0.038663,0.022958,0.008995,0.169174,0.032882,0.010967,0.006133,0.000000,0.012067,0,1,1,2,1,2,2
0.444271,0.004136,0.100534,0.013043,0.107981,0.022865,0.000000,0.053448,0.000000,0.011684,0.085098,0.030956,0.000000,0.003695,0.000000,0.010831,0,2,2,3,1,1,2
0.343289,0.005177,0.086890,0.014296,0.016495,0.031949,0.000000,0.050638,0.000000,0.011104,0.080384,0.030282,0.000000,0.005207,0.000000,0.010867,1,1,1,2,1,1,1
0.356254,0.005904,0.090571,0.004526,0.104480,0.028907,0.000000,0.041819,0.000000,0.011206,0.025071,0.029282,0.000000,0.006791,0.000000,0.007697,0,1,2,2,1,1,1
0.462865,0.004912,0.096383,0.010510,0.088773,0.022812,0.000000,0.044956,0.000000,0.009354,0.140791,0.032112,0.000000,0.003231,0.000000,0.009031,0,1,2,2,2,2,2
0.365554,0.005025,0.101939,0.007661,0.085988,0.021886,0.000000,0.056843,0.000000,0.010509,0.032369,0.030233,0.000000,0.003903,0.000000,0.009198,0,2,2,2,1,1,1
0.404345,0.004594,0.061786,0.013792,0.083647,0.020825,0.000000,0.039610,0.001674,0.009006,0.136577,0.020163,0.000000,0.004290,0.000000,0.008381,0,1,1,2,1,2,2
0.425558,0.006269,0.054151,0.015114,0.100671,0.024900,0.000000,0.068103,0.000000,0.009591,0.099530,0.029639,0.000000,0.005013,0.000000,0.012577,0,1,1,2,1,2,2
0.378535,0.004400,0.102301,0.005124,0.093523,0.023948,0.000000,0.053187,0.000000,0.010164,0.049169,0.025903,0.000000,0.003438,0.000000,0.007378,0,2,2,3,1,1,1
0.451762,0.005525,0.064496,0.007448,0.093253,0.022444,0.000000,0.050038,0.000000,0.010745,0.149136,0.031294,0.000000,0.007012,0.000000,0.010371,0,1,2,2,1,2,2
0.450341,0.006698,0.066171,0.009156,0.094821,0.028498,0.000000,0.056610,0.000000,0.008148,0.130626,0.031878,0.000000,0.005527,0.000000,0.012208,0,1,1,2,2,2,2
0.372716,0.005162,0.086657,0.009633,0.018124,0.026240,0.000000,0.062269,0.000000,0.010554,0.109873,0.029671,0.000000,0.001851,0.000000,0.012682,1,1,1,1,1,1,1
0.476923,0.003447,0.113360,0.004995,0.098937,0.018828,0.000000,0.053727,0.000000,0.010495,0.126778,0.030946,0.000000,0.003571,0.000000,0.011839,0,2,2,3,2,2,2
0.466238,0.004402,0.080815,0.008163,0.097426,0.019411,0.000000,0.054616,0.000000,0.009973,0.140518,0.027012,0.009023,0.005241,0.000000,0.009638,0,1,2,2,1,2,2
0.452904,0.004334,0.086243,0.009039,0.076357,0.023394,0.000000,0.032179,0.012008,0.009023,0.153899,0.028691,0.000000,0.004573,0.000000,0.013164,0,1,2,2,2,2,2
0.441702,0.008549,0.085912,0.014797,0.075312,0.021779,0.000000,0.042669,0.000000,0.011200,0.142079,0.025733,0.000000,0.004589,0.000000,0.009083,0,1,2,2,2,2,2
0.350906,0.005762,0.093875,0.008087,0.081445,0.027412,0.000000,0.062279,0.000000,0.010007,0.012119,0.037940,0.000000,0.004616,0.000000,0.007364,0,1,2,2,1,1,1
0.477382,0.004158,0.089232,0.011270,0.085132,0.018489,0.000000,0.042583,0.000000,0.009907,0.169315,0.029297,0.000000,0.008310,0.000000,0.009689,1,1,2,2,2,2,2
0.450402,0.003325,0.091252,0.004366,0.097603,0.025847,0.000000,0.045976,0.000568,0.011141,0.121834,0.031198,0.000000,0.003921,0.000000,0.013371,1,1,2,2,2,2,2
0.442348,0.006650,0.089411,0.013877,0.085570,0.019750,0.000000,0.043496,0.000000,0.010399,0.137597,0.020471,0.000000,0.006673,0.000000,0.008454,0,2,2,2,2,2,2
0.370791,0.004860,0.094375,0.011905,0.088191,0.029509,0.000000,0.060499,0.000000,0.009371,0.029313,0.026865,0.000000,0.004318,0.000000,0.011585,0,1,2,2,1,1,1
0.477764,0.003597,0.095559,0.009402,0.089764,0.021603,0.000000,0.049280,0.000000,0.010515,0.146606,0.033499,0.000000,0.006665,0.000000,0.011274,0,2,2,2,2,2,2
0.464777,0.003122,0.106265,0.005246,0.081000,0.028741,0.000000,0.057792,0.000000,0.010205,0.121033,0.031847,0.000000,0.006819,0.000000,0.012707,0,2,2,2,2,2,2
0.452522,0.007255,0.094617,0.011661,0.087782,0.028905,0.000000,0.062168,0.000000,0.010234,0.104622,0.031252,0.000000,0.003619,0.000000,0.010407,0,1,2,2,2,2,2
0.477638,0.006175,0.098641,0.005909,0.092406,0.023217,0.000000,0.047648,0.000000,0.010195,0.149515,0.029009,0.000000,0.005841,0.000000,0.009082,1,2,2,3,2,2,2
0.433473,0.008370,0.070186,0.012022,0.077314,0.020720,0.000000,0.053956,0.000000,0.010755,0.133526,0.033887,0.000000,0.001831,0.000000,0.010906,0,1,1,2,1,2,2
0.441368,0.008000,0.053906,0.011220,0.107119,0.023652,0.000000,0.045902,0.000000,0.008547,0.135492,0.031997,0.000000,0.004084,0.000000,0.011449,0,1,1,2,2,2,2
0.473901,0.004496,0.103255,0.010477,0.095284,0.025560,0.000000,0.053271,0.000000,0.010040,0.121762,0.031672,0.000000,0.004973,0.000000,0.013111,0,2,2,2,2,2,2
0.429413,0.007998,0.067927,0.007735,0.095918,0.022139,0.000000,0.051994,0.000000,0.010630,0.122540,0.027951,0.000000,0.004990,0.000000,0.009591,0,1,2,2,1,2,2
0.474979,0.005226,0.115748,0.007332,0.087693,0.025001,0.000000,0.032239,0.000000,0.010498,0.154126,0.023523,0.000000,0.002691,0.000000,0.010902,0,2,2,2,2,2,2
0.449290,0.004832,0.076727,0.007050,0.089336,0.030406,0.000000,0.051503,0.000000,0.010354,0.124431,0.037897,0.000000,0.005082,0.000000,0.011672,0,1,2,2,1,2,2
0.451839,0.003500,0.091572,0.011220,0.081955,0.032377,0.000000,0.043639,0.000000,0.010825,0.131302,0.031474,0.000000,0.006253,0.000000,0.007722,0,1,2,2,2,2,2
0.463639,0.006110,0.083532,0.012072,0.086452,0.024227,0.000000,0.062118,0.000000,0.011000,0.130457,0.029792,0.000000,0.006041,0.000000,0.011838,0,1,2,2,1,2,2
0.458169,0.005074,0.098889,0.007402,0.087897,0.016931,0.000000,0.057731,0.000000,0.011762,0.125208,0.029596,0.000000,0.006692,0.000000,0.010987,0,1,2,2,2,2,2
0.472559,0.002852,0.090671,0.005817,0.089913,0.034471,0.000000,0.037977,0.000000,0.010077,0.146850,0.035725,0.000000,0.006464,0.000000,0.011742,0,2,2,2,2,2,2
0.459765,0.005483,0.085963,0.007532,0.093011,0.025159,0.000000,0.053302,0.000000,0.010662,0.139215,0.024019,0.000000,0.003815,0.000000,0.011604,0,1,2,2,2,2,2
0.454279,0.005595,0.094431,0.004808,0.087238,0.028588,0.000000,0.037182,0.000000,0.009450,0.144965,0.024511,0.000000,0.004200,0.000000,0.013311,1,1,2,2,2,2,2
0.383848,0.005276,0.107110,0.011295,0.081459,0.026789,0.000000,0.052131,0.000000,0.009990,0.041019,0.029747,0.000000,0.006355,0.000000,0.012677,0,2,2,2,1,1,1
0.369365,0.005845,0.102305,0.010840,0.085771,0.028077,0.011435,0.047611,0.000000,0.011053,0.022573,0.025506,0.000000,0.006783,0.000000,0.011566,0,2,2,2,1,1,1
0.431556,0.007738,0.057141,0.010776,0.095989,0.021308,0.000000,0.044280,0.000000,0.010491,0.140181,0.024382,0.000000,0.008483,0.000000,0.010787,0,1,2,2,2,2,2
0.372098,0.003850,0.114117,0.009426,0.083511,0.025708,0.000000,0.051859,0.000000,0.010885,0.023957,0.032932,0.000000,0.007444,0.000000,0.008409,0,2,2,2,1,1,1
0.370015,0.005669,0.108800,0.010862,0.085486,0.023143,0.000000,0.046577,0.000000,0.009686,0.042635,0.024410,0.000000,0.005439,0.000000,0.007308,0,2,2,2,1,1,1
0.454285,0.008756,0.069313,0.010304,0.078005,0.023768,0.000000,0.039457,0.001046,0.008677,0.164463,0.034886,0.000000,0.007559,0.000000,0.008051,0,1,2,2,1,2,2
0.378914,0.007003,0.098770,0.011243,0.003004,0.028603,0.000000,0.068636,0.000000,0.008657,0.109283,0.027693,0.000000,0.006524,0.000000,0.009498,0,1,1,1,1,1,1
0.466500,0.006721,0.118552,0.012311,0.073686,0.020762,0.000000,0.038322,0.000000,0.011134,0.135693,0.029815,0.000000,0.007691,0.000000,0.011813,1,2,2,2,2,2,2
0.446175,0.004139,0.083037,0.009198,0.084512,0.023455,0.000000,0.061596,0.000000,0.010960,0.119337,0.033989,0.000000,0.006576,0.000000,0.009376,0,1,2,2,2,2,2
0.387589,0.004630,0.089949,0.012943,0.017374,0.030899,0.000000,0.065214,0.000000,0.011298,0.105523,0.035920,0.000000,0.001717,0.000000,0.012122,1,1,1,2,1,1,1
0.362935,0.008317,0.057723,0.004288,0.012280,0.020102,0.000000,0.059035,0.000000,0.009499,0.139917,0.034075,0.000000,0.005236,0.000000,0.012463,0,0,1,1,1,1,1
0.476571,0.006678,0.109118,0.012733,0.085653,0.027399,0.000000,0.049924,0.000000,0.011386,0.122833,0.032097,0.000000,0.006187,0.000000,0.012563,0,2,2,3,2,2,2
0.345853,0.003268,0.091089,0.009440,0.084499,0.028258,0.000000,0.057320,0.000000,0.011923,0.021877,0.024459,0.000000,0.005960,0.000000,0.007760,0,1,2,2,1,1,1
0.444207,0.002994,0.093401,0.010061,0.089145,0.020911,0.000000,0.055834,0.000000,0.009101,0.121738,0.027383,0.000000,0.003956,0.000000,0.009683,0,1,2,2,1,2,2
0.456845,0.003512,0.092093,0.006122,0.094171,0.018295,0.000000,0.051568,0.000000,0.009334,0.143204,0.024592,0.000000,0.006517,0.000000,0.007437,0,1,2,2,2,2,2
0.446678,0.001918,0.083264,0.011538,0.091980,0.020163,0.000000,0.048038,0.000000,0.009820,0.139749,0.020415,0.000000,0.008534,0.000000,0.011259,0,1,2,2,2,2,2
0.374430,0.003322,0.092064,0.010699,0.088313,0.021116,0.000000,0.059368,0.000000,0.009566,0.037927,0.033744,0.000000,0.005859,0.000000,0.012452,0,1,2,2,1,1,1
0.457942,0.005334,0.091872,0.010394,0.099606,0.027682,0.000000,0.054623,0.000000,0.009818,0.112638,0.028664,0.000000,0.006153,0.000000,0.011158,0,2,2,2,2,2,2
0.356607,0.003280,0.085360,0.012496,0.096096,0.026442,0.000000,0.060649,0.000000,0.009909,0.016097,0.032218,0.000000,0.005043,0.000000,0.009017,0,2,2,2,1,1,1
0.466375,0.004790,0.100136,0.008267,0.092051,0.024916,0.000000,0.052180,0.000000,0.011504,0.123595,0.034669,0.000000,0.004208,0.000000,0.010059,0,1,2,2,2,2,2
0.446632,0.003573,0.077755,0.007949,0.086035,0.028138,0.000000,0.050525,0.000000,0.009700,0.132796,0.037707,0.000000,0.002414,0.000000,0.010040,0,1,2,2,1,2,2
0.436479,0.006122,0.072259,0.010588,0.080228,0.019607,0.000000,0.055288,0.000000,0.009999,0.138141,0.032364,0.000000,0.002942,0.000000,0.008941,0,1,2,2,1,2,2
0.439539,0.003415,0.070591,0.009811,0.094528,0.020479,0.000000,0.050675,0.000000,0.008404,0.140191,0.029271,0.000000,0.004954,0.000000,0.007220,0,1,1,2,1,2,2
0.440698,0.004040,0.083411,0.012653,0.079646,0.017619,0.000000,0.052697,0.000000,0.009684,0.137723,0.025077,0.000000,0.005766,0.000000,0.012382,0,1,1,2,1,2,2
0.466307,0.006053,0.100991,0.010017,0.093476,0.031210,0.000000,0.049106,0.000000,0.009205,0.121190,0.034283,0.000000,0.002551,0.000000,0.008225,1,2,2,2,2,2,2
0.449841,0.001925,0.091146,0.015188,0.069181,0.023896,0.000000,0.050758,0.000000,0.009918,0.142329,0.033413,0.000000,0.001066,0.000000,0.011021,0,1,2,2,2,2,2
0.367308,0.005835,0.069268,0.008571,0.009570,0.026845,0.000000,0.041250,0.000000,0.011330,0.144763,0.036520,0.000000,0.006180,0.000000,0.007176,0,0,1,1,1,1,1
0.432058,0.002613,0.083178,0.012096,0.083788,0.021276,0.000000,0.055843,0.001454,0.010003,0.116951,0.033381,0.000000,0.003587,0.000000,0.007888,0,1,2,2,2,2,2
0.361638,0.002190,0.096001,0.008035,0.091326,0.021778,0.000000,0.056237,0.000000,0.010227,0.023070,0.038575,0.000000,0.002847,0.000000,0.011352,0,1,2,2,1,1,1
0.449922,0.002988,0.092096,0.008730,0.082428,0.022015,0.000000,0.043090,0.000000,0.010448,0.147563,0.023098,0.000000,0.005548,0.000000,0.011918,0,1,2,2,1,2,2
0.443382,0.003041,0.088389,0.013452,0.090207,0.022041,0.000000,0.064696,0.000000,0.009866,0.109166,0.022042,0.000000,0.008078,0.000000,0.012404,0,1,2,2,2,2,2
0.449462,0.004245,0.081521,0.012404,0.089344,0.024723,0.000000,0.047624,0.000000,0.010969,0.130360,0.030821,0.000000,0.006741,0.000000,0.010710,0,1,2,2,2,2,2
0.439406,0.008978,0.104217,0.015536,0.066889,0.020224,0.000000,0.039956,0.000000,0.009415,0.139034,0.021005,0.000000,0.003814,0.000000,0.010338,1,1,2,2,2,2,2
0.464225,0.003704,0.088452,0.015279,0.087559,0.026394,0.000000,0.053802,0.000000,0.011127,0.126788,0.034963,0.000000,0.005716,0.000000,0.010441,0,1,2,2,2,2,2
0.468721,0.005291,0.109338,0.008510,0.077838,0.023457,0.000000,0.055840,0.000000,0.009857,0.132045,0.031018,0.000000,0.004525,0.000000,0.011002,0,1,2,2,2,2,2
0.365311,0.006003,0.101585,0.012141,0.085759,0.026051,0.000000,0.051055,0.000000,0.010360,0.016657,0.038510,0.000000,0.007078,0.000000,0.010112,0,2,2,2,1,1,1
0.432562,0.003220,0.060383,0.012251,0.100045,0.019010,0.000000,0.047229,0.000000,0.010852,0.131256,0.029914,0.000000,0.005113,0.000000,0.013289,0,1,1,2,1,2,2
0.369049,0.004425,0.096939,0.009414,0.103004,0.032971,0.000000,0.064252,0.000000,0.011013,0.004015,0.029614,0.000000,0.005123,0.000000,0.008279,0,2,2,2,1,1,1
0.367342,0.005439,0.095384,0.010250,0.002823,0.021402,0.000000,0.034492,0.000000,0.009759,0.138437,0.034352,0.000000,0.003271,0.000000,0.011733,1,1,1,1,1,1,1
0.473825,0.006242,0.097142,0.012165,0.092227,0.020471,0.000000,0.047259,0.000000,0.010147,0.140893,0.032368,0.000000,0.005194,0.000000,0.009717,1,2,2,3,2,2,2
0.474176,0.005165,0.100558,0.009706,0.100677,0.029066,0.000000,0.059122,0.000000,0.008637,0.122116,0.024825,0.000000,0.006950,0.000000,0.007354,1,2,2,2,2,2,2
0.437764,0.004561,0.083654,0.007985,0.085869,0.030343,0.000000,0.053419,0.000000,0.011556,0.115441,0.033053,0.000000,0.003275,0.000000,0.008608,0,1,2,2,1,2,2
0.372653,0.006235,0.114275,0.013072,0.077867,0.023375,0.000000,0.061319,0.000000,0.010425,0.027765,0.024405,0.000000,0.002982,0.000000,0.010933,1,2,2,3,1,1,1
0.464054,0.005480,0.068869,0.008306,0.103627,0.023586,0.000000,0.055044,0.000000,0.010743,0.135662,0.039532,0.000000,0.005282,0.000000,0.007923,0,1,2,2,1,2,2
0.355605,0.006137,0.080347,0.008773,0.092348,0.027496,0.000000,0.038196,0.000000,0.009704,0.047358,0.025506,0.000000,0.008834,0.000000,0.010906,0,1,2,2,1,1,1
0.439655,0.007071,0.089220,0.010282,0.085177,0.018750,0.000000,0.037952,0.000000,0.009067,0.136922,0.032395,0.000000,0.002197,0.000000,0.010622,0,1,2,2,2,2,2
0.459400,0.003865,0.091314,0.005363,0.092433,0.023506,0.000000,0.060540,0.000000,0.009081,0.128537,0.025837,0.000000,0.008694,0.000000,0.010230,0,1,2,2,2,2,2
0.469594,0.004325,0.088724,0.007512,0.100209,0.030394,0.000000,0.057301,0.000000,0.008939,0.119821,0.034976,0.000000,0.006943,0.000000,0.010450,0,1,2,2,1,2,2
0.461456,0.004365,0.088800,0.013151,0.096728,0.031413,0.000000,0.043991,0.000000,0.009002,0.126429,0.032142,0.000000,0.007846,0.000000,0.007589,0,2,2,2,2,2,2
0.351472,0.005217,0.092590,0.012201,0.087349,0.020285,0.000000,0.057411,0.000000,0.011580,0.016785,0.031501,0.000000,0.005973,0.000000,0.010580,0,2,2,2,1,1,1
0.364186,0.003145,0.105865,0.011743,0.082933,0.016720,0.000000,0.067105,0.000000,0.010780,0.019418,0.030369,0.000000,0.005966,0.000000,0.010142,0,2,2,2,1,1,1
0.427519,0.004261,0.066221,0.010999,0.078805,0.023125,0.000000,0.054461,0.000000,0.010916,0.132436,0.034166,0.000000,0.005152,0.000000,0.006977,0,1,1,2,1,2,2
0.429447,0.005851,0.060433,0.012720,0.086694,0.030811,0.000000,0.056100,0.000000,0.009173,0.129173,0.022897,0.000000,0.005542,0.000000,0.010053,0,1,1,2,1,2,2
0.436006,0.002604,0.117691,0.011167,0.037060,0.025718,0.000000,0.048420,0.000000,0.009956,0.143114,0.024236,0.000000,0.005403,0.000000,0.010637,0,1,1,2,1,2,2
0.383736,0.005996,0.096349,0.014754,0.084341,0.030306,0.000000,0.050645,0.000000,0.009798,0.048911,0.026165,0.000000,0.005714,0.000000,0.010757,0,2,2,2,1,1,1
0.478406,0.003938,0.101901,0.011351,0.085438,0.028582,0.000000,0.047936,0.000000,0.008060,0.147348,0.031488,0.000000,0.002099,0.000000,0.010265,1,2,2,2,2,2,2
0.486954,0.004445,0.098411,0.014434,0.094624,0.031042,0.000000,0.046206,0.000000,0.009328,0.134363,0.034196,0.000000,0.006771,0.000000,0.013134,1,2,2,2,2,2,2
0.440734,0.005468,0.078990,0.010827,0.085843,0.022876,0.000000,0.056517,0.000000,0.009374,0.115301,0.039086,0.000000,0.007196,0.000000,0.009256,0,1,2,2,2,2,2
0.509832,0.003824,0.110325,0.007509,0.091459,0.024609,0.000000,0.048197,0.000000,0.010933,0.152269,0.038621,0.009682,0.002563,0.000000,0.009841,1,2,2,3,2,2,2
0.455142,0.005902,0.073836,0.012446,0.098725,0.018634,0.000000,0.041839,0.004603,0.009682,0.135724,0.038540,0.000000,0.006181,0.000000,0.009030,0,1,2,2,1,2,2
0.447286,0.005232,0.076629,0.008782,0.095310,0.026891,0.000000,0.064662,0.000000,0.008602,0.120181,0.025373,0.000000,0.004063,0.000000,0.011561,0,1,2,2,2,2,2
0.458868,0.004654,0.083768,0.009743,0.088800,0.030366,0.000000,0.035307,0.000000,0.009994,0.145773,0.035278,0.000000,0.005444,0.000000,0.009741,0,1,2,2,2,2,2
0.355159,0.003823,0.078594,0.005845,0.104143,0.023275,0.000000,0.054817,0.000000,0.010208,0.035643,0.026664,0.000000,0.003644,0.000000,0.008503,0,1,2,2,1,1,1
0.457184,0.006126,0.089409,0.012139,0.087395,0.024804,0.000000,0.050883,0.000000,0.010610,0.126660,0.035703,0.000000,0.003372,0.000000,0.010083,0,1,2,2,2,2,2
0.364284,0.005139,0.091392,0.010774,0.083316,0.025436,0.000000,0.062650,0.000000,0.010339,0.035643,0.025731,0.000000,0.002746,0.000000,0.011118,0,1,2,2,1,1,1
0.455204,0.004722,0.090737,0.008969,0.089750,0.030098,0.000000,0.058029,0.000000,0.008830,0.118428,0.029261,0.000000,0.008295,0.000000,0.008085,0,1,2,2,2,2,2
0.470568,0.004675,0.090770,0.006648,0.096709,0.027008,0.000000,0.043202,0.000000,0.011106,0.146537,0.028509,0.000000,0.004117,0.000000,0.011287,0,1,2,2,2,2,2
0.367886,0.008111,0.072095,0.012551,0.008628,0.022989,0.000000,0.040945,0.000000,0.011675,0.145756,0.032594,0.000000,0.005520,0.000000,0.007022,0,0,1,1,1,1,1
0.343918,0.004465,0.104443,0.011714,0.086797,0.025569,0.000000,0.052802,0.000000,0.011251,0.010312,0.021628,0.000000,0.007669,0.000000,0.007268,0,2,2,2,1,1,1
0.354706,0.003318,0.092043,0.009040,0.000688,0.027474,0.000000,0.049228,0.000000,0.008751,0.119662,0.029883,0.000000,0.004984,0.000000,0.009635,0,1,1,1,1,1,1
0.462278,0.007411,0.108153,0.013610,0.083838,0.025338,0.000000,0.038736,0.000000,0.009801,0.136107,0.020372,0.000000,0.007277,0.000000,0.011635,0,2,2,2,2,2,2
0.466445,0.007469,0.101410,0.011652,0.079986,0.026531,0.000000,0.050264,0.000000,0.010019,0.133956,0.029121,0.000000,0.006039,0.000000,0.009998,1,2,2,2,2,2,2
0.477839,0.005311,0.112858,0.007730,0.077592,0.021827,0.000000,0.063599,0.000000,0.009442,0.139189,0.029136,0.000000,0.004975,0.000000,0.006180,0,2,2,2,2,2,2
0.439063,0.004560,0.068965,0.007540,0.098248,0.027942,0.000000,0.055526,0.000000,0.011245,0.124508,0.022789,0.000000,0.007497,0.000000,0.010243,0,1,1,2,1,2,2
0.456977,0.003946,0.108349,0.009324,0.095620,0.029559,0.000000,0.051090,0.000000,0.010328,0.111318,0.025230,0.000000,0.004230,0.000000,0.007983,0,2,2,2,2,2,2
0.474560,0.004224,0.106527,0.008505,0.098740,0.033063,0.000000,0.055908,0.000000,0.010374,0.118605,0.025910,0.000000,0.005998,0.000000,0.006706,0,2,2,2,2,2,2
0.349717,0.003098,0.061429,0.008216,0.012071,0.021994,0.000000,0.039978,0.000000,0.009260,0.153852,0.024628,0.000000,0.001970,0.000000,0.013221,0,0,1,1,1,1,1
0.480117,0.001767,0.115863,0.013991,0.091373,0.026348,0.000000,0.059907,0.000000,0.009620,0.113585,0.031215,0.000000,0.008822,0.000000,0.007626,0,2,2,2,2,2,2
0.462036,0.004717,0.089101,0.009600,0.085332,0.022523,0.000000,0.059069,0.000000,0.010569,0.137035,0.032368,0.000000,0.002959,0.000000,0.008763,0,1,2,2,2,2,2
0.451778,0.006911,0.079346,0.006132,0.100088,0.019215,0.000000,0.054533,0.000000,0.011455,0.122803,0.034819,0.000000,0.006178,0.000000,0.010298,0,1,2,2,2,2,2
0.468573,0.005156,0.089084,0.008733,0.095351,0.034323,0.000000,0.059087,0.000000,0.011701,0.118348,0.027730,0.000000,0.006947,0.000000,0.012113,0,1,2,2,2,2,2
0.372170,0.001671,0.093693,0.010025,0.083837,0.026312,0.000000,0.059706,0.000000,0.010425,0.038424,0.030568,0.000000,0.006717,0.000000,0.010792,0,2,2,2,1,1,1
0.454467,0.005779,0.088818,0.012518,0.086615,0.029449,0.000000,0.049721,0.000000,0.010539,0.126910,0.028354,0.000000,0.006408,0.000000,0.009356,0,1,2,2,2,2,2
0.357200,0.001821,0.100379,0.006509,0.085992,0.017774,0.000000,0.040431,0.000000,0.011460,0.052069,0.024668,0.000000,0.004152,0.000000,0.011945,0,2,2,2,1,1,1
0.445816,0.005332,0.046964,0.013286,0.103882,0.028496,0.000000,0.069235,0.000000,0.008965,0.114720,0.035652,0.000000,0.006140,0.000000,0.013144,0,1,1,2,1,2,2
0.377222,0.006889,0.097146,0.011986,0.092926,0.032969,0.000000,0.046619,0.000000,0.010342,0.026356,0.035703,0.000000,0.005748,0.000000,0.010538,0,2,2,3,1,1,1
0.461006,0.006548,0.103631,0.010728,0.085041,0.024267,0.000000,0.045524,0.000000,0.009893,0.136381,0.026371,0.000000,0.004208,0.000000,0.008414,1,2,2,2,2,2,2
0.422307,0.002247,0.082356,0.008092,0.070958,0.031162,0.000000,0.046230,0.000000,0.009625,0.128254,0.024954,0.000000,0.005197,0.000000,0.013232,0,1,1,2,1,2,2
0.361457,0.006885,0.096852,0.012826,0.093923,0.019538,0.000000,0.064705,0.000000,0.010455,0.011902,0.030859,0.000000,0.004449,0.000000,0.009063,0,2,2,2,1,1,1
0.460310,0.004622,0.120773,0.008832,0.071422,0.030344,0.000000,0.035398,0.000000,0.009245,0.128474,0.034486,0.000000,0.005112,0.000000,0.011602,1,2,2,2,2,2,2
0.361329,0.004689,0.074176,0.010756,0.087464,0.022476,0.000000,0.058420,0.000000,0.008811,0.043637,0.033118,0.000000,0.005231,0.000000,0.012551,0,1,2,2,1,1,1
0.449857,0.006489,0.076432,0.007720,0.083996,0.022464,0.000000,0.046779,0.004984,0.009206,0.147868,0.026370,0.000000,0.006770,0.000000,0.010779,0,1,2,2,1,2,2
0.450130,0.004235,0.068908,0.006314,0.112583,0.029968,0.000000,0.050373,0.000000,0.010278,0.116277,0.036138,0.000000,0.005336,0.000000,0.009720,0,1,1,2,2,2,2
0.364321,0.006486,0.079311,0.012492,0.091987,0.025636,0.000000,0.044215,0.000000,0.008591,0.054660,0.028365,0.000000,0.003987,0.000000,0.008591,0,1,2,2,1,1,1
0.455198,0.006210,0.095287,0.008929,0.083978,0.015114,0.000000,0.048688,0.000000,0.009457,0.142060,0.028586,0.000000,0.006402,0.000000,0.010487,0,1,2,2,2,2,2
0.469529,0.005136,0.086475,0.005891,0.100990,0.015206,0.000000,0.057109,0.000000,0.008200,0.137055,0.034818,0.000000,0.007137,0.000000,0.011512,0,1,2,2,2,2,2
0.461774,0.003969,0.081180,0.010779,0.097555,0.023925,0.000000,0.061805,0.000000,0.009369,0.125547,0.034006,0.000000,0.002484,0.000000,0.011155,0,2,2,2,2,2,2
0.462065,0.003007,0.093634,0.013303,0.081721,0.019975,0.000000,0.056856,0.000000,0.011856,0.140147,0.027846,0.000000,0.005941,0.000000,0.007779,0,1,2,2,2,2,2
0.341921,0.001392,0.109806,0.007889,0.077992,0.031313,0.000000,0.051562,0.000000,0.010273,0.011530,0.025875,0.000000,0.007523,0.000000,0.006766,0,1,2,2,1,1,1
0.359417,0.003905,0.108062,0.013438,0.083257,0.027712,0.000000,0.061716,0.000000,0.010718,0.003514,0.028930,0.000000,0.006336,0.000000,0.011829,0,2,2,2,1,1,1
0.375904,0.002444,0.090426,0.008914,0.092495,0.020700,0.000000,0.050214,0.000000,0.010673,0.058084,0.024208,0.000000,0.007065,0.000000,0.010681,0,2,2,2,1,1,1
0.485906,0.003322,0.096163,0.011618,0.089201,0.022251,0.000000,0.043783,0.002055,0.009800,0.159537,0.029106,0.000000,0.008197,0.000000,0.010873,0,2,2,2,2,2,2
0.473258,0.007567,0.097518,0.009000,0.089929,0.021311,0.000000,0.046784,0.005144,0.009466,0.146918,0.028119,0.000000,0.003802,0.000000,0.007700,0,2,2,2,2,2,2
0.446166,0.001696,0.067696,0.012430,0.084937,0.027076,0.007838,0.049480,0.000000,0.009517,0.133357,0.036118,0.000000,0.007373,0.000000,0.008648,0,1,1,2,2,2,2
0.436797,0.008075,0.067911,0.004380,0.100923,0.027787,0.000000,0.051370,0.000000,0.008633,0.128555,0.023743,0.000000,0.004334,0.000000,0.011086,0,1,2,2,2,2,2
0.476797,0.003483,0.106120,0.009802,0.091520,0.029661,0.000000,0.036506,0.000000,0.008809,0.146076,0.026731,0.000000,0.006905,0.000000,0.011184,0,2,2,2,2,2,2
0.379015,0.006553,0.099586,0.009204,0.006563,0.025892,0.000000,0.034392,0.000000,0.010772,0.146637,0.025910,0.000000,0.005550,0.000000,0.007956,1,1,1,1,1,1,1
0.350316,0.003811,0.078763,0.009659,0.093077,0.022441,0.000000,0.038644,0.000000,0.008482,0.050903,0.031822,0.000000,0.004141,0.000000,0.008573,0,1,2,2,1,1,1
0.446132,0.006945,0.074538,0.009511,0.096343,0.023218,0.000000,0.048780,0.000000,0.010151,0.134014,0.025741,0.000000,0.007970,0.000000,0.008921,0,1,2,2,2,2,2
0.437570,0.003508,0.079802,0.004533,0.100828,0.025528,0.000000,0.043125,0.000000,0.008820,0.132282,0.025882,0.000000,0.001030,0.000000,0.012232,0,1,2,2,2,2,2
0.498421,0.007511,0.105195,0.008528,0.105274,0.020957,0.000000,0.045663,0.000000,0.010437,0.146764,0.033344,0.000000,0.007058,0.000000,0.007690,1,2,2,2,2,2,2
0.454519,0.003276,0.090348,0.009429,0.092111,0.026043,0.000000,0.044754,0.000000,0.009538,0.125535,0.037402,0.000000,0.004288,0.000000,0.011795,0,1,2,2,2,2,2
0.445117,0.005408,0.073992,0.010822,0.099210,0.022113,0.000000,0.042450,0.000000,0.008373,0.136088,0.032930,0.000000,0.004335,0.000000,0.009396,0,1,2,2,2,2,2
0.454716,0.007023,0.085057,0.009514,0.099325,0.021638,0.000000,0.058110,0.000000,0.009639,0.120837,0.031378,0.000000,0.002765,0.000000,0.009430,0,1,2,2,2,2,2
0.466860,0.005955,0.101233,0.013143,0.073411,0.033793,0.000000,0.036806,0.000000,0.009608,0.148804,0.027923,0.000000,0.002746,0.000000,0.013438,0,2,2,2,2,2,2
0.427475,0.003883,0.052147,0.011268,0.088701,0.025679,0.000000,0.044540,0.000000,0.010359,0.144610,0.031648,0.000000,0.007730,0.000000,0.006910,0,1,1,2,1,2,2
0.463428,0.006252,0.091552,0.012261,0.088641,0.017221,0.000000,0.035803,0.003368,0.009567,0.155317,0.026930,0.000000,0.006969,0.000000,0.009547,1,1,2,2,2,2,2
0.462005,0.008523,0.087410,0.007311,0.097990,0.028051,0.000000,0.057388,0.000000,0.008940,0.122284,0.026808,0.000000,0.005173,0.000000,0.012127,0,2,2,2,2,2,2
0.464138,0.004535,0.100901,0.007802,0.090483,0.024551,0.007404,0.058766,0.000000,0.009193,0.112311,0.031084,0.000000,0.005082,0.000000,0.012026,1,2,2,2,2,2,2
0.358562,0.003931,0.107969,0.008615,0.081625,0.027023,0.000000,0.040672,0.000000,0.009731,0.035909,0.033825,0.000000,0.001721,0.000000,0.007541,1,2,2,2,1,1,1
0.426787,0.005712,0.064517,0.009606,0.086979,0.023232,0.000000,0.059147,0.000000,0.009690,0.133409,0.023010,0.000000,0.002787,0.000000,0.008698,0,1,2,2,1,2,2
0.426888,0.006976,0.066913,0.009406,0.086453,0.021949,0.000000,0.065257,0.000000,0.010115,0.122222,0.021460,0.000000,0.005669,0.000000,0.010468,0,1,1,2,1,2,2
0.369534,0.001113,0.121173,0.006623,0.090788,0.028489,0.000000,0.051024,0.000000,0.011354,0.021035,0.024922,0.000000,0.005655,0.000000,0.007358,0,2,2,2,1,1,1
0.435658,0.003668,0.077727,0.010859,0.092882,0.024828,0.000000,0.037500,0.000000,0.010048,0.129865,0.031608,0.000000,0.007532,0.000000,0.009141,0,1,1,2,1,2,2
0.479307,0.003084,0.110531,0.005654,0.098198,0.019429,0.000000,0.061587,0.000000,0.010551,0.120527,0.029656,0.000000,0.007939,0.000000,0.012151,0,2,2,3,2,2,2
0.379612,0.007312,0.120378,0.006778,0.089421,0.019822,0.000000,0.041660,0.000000,0.010790,0.042699,0.029681,0.000000,0.003482,0.000000,0.007589,1,2,2,3,1,1,1
0.352766,0.003123,0.075864,0.007513,0.005886,0.025744,0.000000,0.052822,0.000000,0.010026,0.129486,0.031040,0.000000,0.003919,0.000000,0.007343,0,0,1,1,1,1,1
0.444852,0.007322,0.088166,0.005783,0.087697,0.021817,0.000000,0.048299,0.000000,0.008939,0.137397,0.023629,0.000000,0.007771,0.000000,0.008032,0,1,2,2,2,2,2
0.351561,0.004593,0.090237,0.009729,0.086197,0.027097,0.000000,0.039697,0.000000,0.009468,0.030213,0.037348,0.000000,0.007166,0.000000,0.009816,0,1,2,2,1,1,1
0.447238,0.004254,0.084886,0.013050,0.083900,0.021136,0.000000,0.060149,0.000000,0.011304,0.125867,0.026249,0.000000,0.005361,0.000000,0.011082,0,1,2,2,2,2,2
0.357097,0.005714,0.088905,0.008650,0.092921,0.019099,0.000000,0.041096,0.000000,0.010970,0.045130,0.030878,0.000000,0.006807,0.000000,0.006927,0,1,2,2,1,1,1
0.453538,0.002652,0.081161,0.014523,0.097985,0.018499,0.000000,0.061566,0.000000,0.011452,0.122547,0.026552,0.000000,0.005275,0.000000,0.011326,0,2,2,2,2,2,2
0.372656,0.001617,0.100764,0.013512,0.088758,0.027010,0.000000,0.050391,0.000000,0.010559,0.033718,0.034076,0.000000,0.002765,0.000000,0.009486,0,2,2,2,1,1,1
0.473402,0.007719,0.098410,0.007563,0.084634,0.029508,0.000000,0.055706,0.000000,0.009221,0.129112,0.032342,0.000000,0.007473,0.000000,0.011714,1,1,2,2,2,2,2
0.473544,0.002198,0.100123,0.009101,0.087483,0.025138,0.000000,0.034901,0.004529,0.011550,0.149363,0.032441,0.000000,0.005781,0.000000,0.010936,0,2,2,2,2,2,2
0.353540,0.003972,0.118749,0.010911,0.074042,0.025728,0.000000,0.035238,0.000000,0.011067,0.042069,0.021464,0.000000,0.002651,0.000000,0.007649,0,2,2,2,1,1,1
0.399132,0.005978,0.019427,0.004823,0.069588,0.021143,0.000000,0.062355,0.003169,0.011273,0.150742,0.034516,0.000000,0.007776,0.000000,0.008342,0,1,1,1,1,1,1
0.413182,0.002839,0.075969,0.011077,0.048776,0.022911,0.000000,0.038123,0.026507,0.008357,0.136847,0.028975,0.000000,0.002937,0.000000,0.009864,0,1,1,2,1,2,2
0.429480,0.004861,0.081664,0.015003,0.038940,0.026786,0.000000,0.060284,0.000000,0.011662,0.137193,0.034425,0.000000,0.006160,0.000000,0.012502,0,1,1,2,1,2,2
0.415580,0.001875,0.060449,0.007957,0.060624,0.023017,0.000000,0.059875,0.002392,0.011440,0.143376,0.026747,0.000000,0.005277,0.000000,0.012551,0,1,1,2,1,2,2
0.425263,0.003197,0.063423,0.013671,0.058140,0.029721,0.000000,0.060308,0.000000,0.010258,0.143899,0.024798,0.000000,0.005212,0.000000,0.012636,0,1,1,2,1,2,2
0.430555,0.003680,0.088801,0.013967,0.035090,0.019951,0.000000,0.048774,0.003823,0.009498,0.155577,0.038056,0.000000,0.005085,0.000000,0.008253,0,1,1,2,1,2,2
0.428694,0.005767,0.076927,0.007166,0.059787,0.032254,0.000000,0.055843,0.000000,0.011104,0.132638,0.031376,0.000000,0.004986,0.000000,0.010846,0,1,1,2,1,2,2
0.433388,0.004716,0.077263,0.012647,0.056768,0.026270,0.000000,0.060830,0.000000,0.009873,0.144930,0.024785,0.000000,0.003349,0.000000,0.011957,0,1,1,2,1,2,2
0.447237,0.003174,0.067860,0.006907,0.071139,0.024356,0.000000,0.047459,0.002914,0.011545,0.166853,0.031671,0.000000,0.004083,0.000000,0.009276,0,1,1,2,1,2,2
0.431478,0.005258,0.081132,0.008308,0.059094,0.025469,0.000000,0.044438,0.015280,0.010224,0.133456,0.033307,0.000000,0.001632,0.000000,0.013880,0,1,1,2,1,2,2
0.450654,0.004929,0.094046,0.008259,0.054985,0.029473,0.000000,0.060081,0.000000,0.008608,0.141755,0.034641,0.000000,0.002798,0.000000,0.011079,0,1,1,2,2,2,2
0.457238,0.001441,0.081323,0.013679,0.058308,0.027944,0.000000,0.044187,0.013190,0.010870,0.157765,0.024116,0.008048,0.006346,0.000000,0.010021,0,1,1,2,1,2,2
0.470099,0.004374,0.124606,0.007900,0.051706,0.016846,0.000000,0.053357,0.008337,0.008048,0.143855,0.035005,0.000000,0.004232,0.000000,0.011833,0,1,2,2,2,2,2
0.451765,0.007439,0.071400,0.006767,0.072255,0.022479,0.000000,0.067851,0.000000,0.009995,0.141576,0.035992,0.000000,0.006363,0.000000,0.009648,0,1,1,2,2,2,2
0.413974,0.001163,0.051105,0.008840,0.066712,0.025355,0.000000,0.057268,0.002394,0.010126,0.146894,0.032117,0.000000,0.005246,0.000000,0.006754,0,1,1,2,1,1,1
0.443482,0.006222,0.106921,0.011991,0.042575,0.024510,0.000000,0.056513,0.000000,0.010496,0.131262,0.034767,0.000000,0.006230,0.000000,0.011995,0,1,1,2,2,2,2
0.461954,0.004364,0.066693,0.009053,0.085711,0.018767,0.000000,0.044745,0.005232,0.009339,0.175302,0.026235,0.000000,0.004190,0.000000,0.012323,0,1,1,2,2,2,2
0.450730,0.004509,0.090853,0.009288,0.073007,0.030976,0.000000,0.045220,0.000000,0.010603,0.145762,0.026652,0.000000,0.004248,0.000000,0.009612,0,1,1,2,1,2,2
0.409420,0.007308,0.073862,0.007942,0.050602,0.029447,0.000000,0.063442,0.000000,0.009385,0.126231,0.028236,0.000000,0.005528,0.000000,0.007437,0,1,1,2,1,2,2
0.415019,0.005440,0.075264,0.006285,0.055265,0.025761,0.000000,0.041659,0.000000,0.010313,0.150244,0.030397,0.000000,0.005156,0.000000,0.009235,0,1,1,2,1,2,2
0.489984,0.004888,0.101931,0.011468,0.049302,0.026915,0.000000,0.042821,0.004067,0.010116,0.173083,0.039864,0.010699,0.004452,0.000000,0.010378,0,1,2,2,2,2,2
0.465075,0.006049,0.107530,0.012571,0.048659,0.024728,0.000000,0.039278,0.027291,0.010699,0.148329,0.024616,0.000000,0.006226,0.000000,0.009099,1,1,1,2,2,2,2
0.461616,0.007618,0.075491,0.011367,0.078911,0.034016,0.000000,0.048288,0.002044,0.010710,0.146876,0.030534,0.000000,0.007266,0.000000,0.008495,1,1,2,2,2,2,2
0.446958,0.004169,0.073758,0.013584,0.059967,0.025168,0.000000,0.042741,0.001761,0.008846,0.163417,0.034156,0.000000,0.007089,0.000000,0.012302,0,1,1,2,1,2,2
0.430329,0.003296,0.087600,0.008253,0.047628,0.026211,0.000000,0.048537,0.014496,0.010423,0.138142,0.030888,0.000000,0.004297,0.000000,0.010558,0,1,1,2,1,2,2
0.452944,0.004055,0.073377,0.011159,0.065040,0.019929,0.000000,0.046292,0.002610,0.009007,0.171582,0.039188,0.000000,0.004425,0.000000,0.006280,0,1,1,2,1,2,2
0.458831,0.003628,0.108879,0.009685,0.063099,0.027680,0.000000,0.051705,0.015846,0.010195,0.117672,0.032485,0.000000,0.005313,0.000000,0.012644,0,1,2,2,2,2,2
0.448922,0.001772,0.097946,0.011860,0.050514,0.026369,0.000000,0.047925,0.000000,0.010537,0.153341,0.029156,0.000000,0.007194,0.000000,0.012308,0,1,1,2,2,2,2
0.469597,0.004640,0.086209,0.004821,0.062203,0.025568,0.000000,0.052777,0.003858,0.010613,0.164957,0.031128,0.010483,0.002884,0.000000,0.009456,0,1,1,2,1,2,2
0.455143,0.005471,0.092531,0.008361,0.056992,0.018510,0.000000,0.055314,0.010235,0.010483,0.154973,0.027003,0.000000,0.005706,0.000000,0.009564,0,1,1,2,2,2,2
0.451691,0.008920,0.051444,0.011938,0.086133,0.027525,0.000000,0.057264,0.004770,0.009748,0.143800,0.033182,0.000000,0.005126,0.000000,0.011841,1,1,1,2,2,2,2
0.445199,0.003014,0.074355,0.007294,0.079094,0.024739,0.000000,0.050601,0.003023,0.008321,0.149491,0.027569,0.000000,0.005869,0.000000,0.011829,1,1,1,2,2,2,2
0.453620,0.003074,0.093339,0.008557,0.058958,0.026050,0.000000,0.053058,0.000000,0.009446,0.159563,0.027556,0.000000,0.003950,0.000000,0.010069,0,1,1,2,2,2,2
0.410249,0.002874,0.063379,0.007297,0.062444,0.020783,0.000000,0.062704,0.000000,0.010748,0.135386,0.030983,0.000000,0.001925,0.000000,0.011726,0,1,1,2,1,1,2
0.424827,0.005636,0.041928,0.011875,0.078356,0.021743,0.000000,0.062025,0.000000,0.009360,0.130572,0.037098,0.011352,0.004374,0.000000,0.010508,0,1,1,2,1,2,2
0.473351,0.007915,0.088773,0.007343,0.060882,0.020611,0.000000,0.036674,0.010312,0.011352,0.179094,0.035148,0.000000,0.003545,0.000000,0.011702,0,1,1,2,2,2,2
0.447769,0.006401,0.096515,0.008060,0.061764,0.019903,0.000000,0.052665,0.016105,0.009797,0.129124,0.036187,0.000000,0.003075,0.000000,0.008173,0,1,1,2,1,2,2
0.462630,0.001565,0.103779,0.013563,0.056980,0.021639,0.000000,0.048492,0.000000,0.008533,0.163184,0.030378,0.000000,0.003244,0.000000,0.011273,0,1,1,2,2,2,2
0.467231,0.002600,0.105414,0.008946,0.063239,0.027292,0.000000,0.042321,0.004281,0.008977,0.161794,0.023615,0.000000,0.006792,0.000000,0.011960,1,1,2,2,2,2,2
0.482220,0.004417,0.109472,0.011386,0.059792,0.022501,0.000000,0.065250,0.000000,0.009990,0.148937,0.033847,0.000000,0.006682,0.000000,0.009946,0,1,2,2,2,2,2
0.411143,0.003325,0.048875,0.007247,0.092008,0.034182,0.000000,0.043312,0.013418,0.011618,0.117951,0.026389,0.000000,0.003270,0.000000,0.009548,0,1,1,2,1,2,2
0.425019,0.006792,0.082901,0.007761,0.054946,0.026211,0.000000,0.061645,0.000000,0.008890,0.141792,0.021515,0.000000,0.003211,0.000000,0.009355,0,1,1,2,2,2,2
0.434909,0.006262,0.088062,0.013903,0.046244,0.026112,0.000000,0.035944,0.003079,0.009989,0.157696,0.029997,0.000000,0.006038,0.000000,0.011583,0,1,1,2,1,2,2
0.428057,0.001331,0.091583,0.008620,0.047167,0.025028,0.000000,0.053384,0.000000,0.010439,0.153802,0.026738,0.000000,0.003230,0.000000,0.006735,0,1,1,2,1,2,2
0.467553,0.006607,0.101152,0.010473,0.033850,0.032654,0.000000,0.038144,0.000964,0.009109,0.180795,0.034871,0.000000,0.006751,0.000000,0.012183,0,1,1,2,1,2,2
0.455753,0.007298,0.098718,0.010758,0.044663,0.034056,0.000000,0.057879,0.000947,0.008723,0.143845,0.024994,0.008203,0.003637,0.000000,0.012032,0,1,1,2,1,2,2
0.409619,0.003887,0.054235,0.008021,0.062442,0.028513,0.000000,0.036929,0.009602,0.008203,0.159383,0.028009,0.000000,0.001489,0.000000,0.008906,0,1,1,2,1,2,2
0.453590,0.007170,0.069914,0.004279,0.079550,0.030857,0.000000,0.045542,0.000000,0.010626,0.159714,0.031056,0.000000,0.003861,0.000000,0.011021,1,1,1,2,2,2,2
0.448306,0.003579,0.103019,0.013721,0.052086,0.026121,0.000000,0.068239,0.000000,0.009564,0.129294,0.026926,0.000000,0.003718,0.000000,0.012039,1,1,1,2,2,2,2
0.454096,0.004356,0.096370,0.013676,0.046211,0.029700,0.000000,0.066790,0.000000,0.009888,0.141877,0.030573,0.000000,0.003845,0.000000,0.010810,0,1,1,2,2,2,2
0.457599,0.006341,0.112325,0.004773,0.039993,0.019503,0.000000,0.058150,0.003134,0.008974,0.157781,0.034321,0.000000,0.005960,0.000000,0.006344,0,1,1,2,2,2,2
0.453712,0.002766,0.097593,0.005958,0.060955,0.030732,0.000000,0.053542,0.001696,0.010024,0.146255,0.030004,0.000000,0.004380,0.000000,0.009807,0,1,1,2,2,2,2
0.452650,0.006425,0.096699,0.010952,0.056011,0.029101,0.000000,0.044015,0.005538,0.011552,0.146356,0.033735,0.000000,0.003457,0.000000,0.008809,0,1,2,2,2,2,2
0.411996,0.003987,0.082166,0.008932,0.047066,0.030664,0.000000,0.054374,0.000000,0.009344,0.133618,0.025079,0.000000,0.004218,0.000000,0.012548,0,1,1,2,1,2,2
0.413599,0.007063,0.087297,0.008253,0.037625,0.025999,0.000000,0.067723,0.000000,0.009491,0.131150,0.026374,0.000000,0.001957,0.000000,0.010667,0,1,1,2,1,2,2
0.451165,0.005647,0.073389,0.009484,0.057169,0.022778,0.000000,0.042382,0.000000,0.010559,0.176510,0.029545,0.009731,0.004040,0.000000,0.009931,0,1,1,2,1,1,2
0.439426,0.007364,0.079040,0.013488,0.047566,0.020016,0.000000,0.057579,0.004721,0.009731,0.153334,0.031648,0.000000,0.004299,0.000000,0.010640,0,1,1,2,1,2,2
0.439114,0.003919,0.082436,0.006749,0.062172,0.025578,0.000000,0.048175,0.002458,0.009431,0.155359,0.025037,0.000000,0.007876,0.000000,0.009924,0,1,1,2,2,2,2
0.442557,0.008525,0.085769,0.008920,0.047761,0.022179,0.000000,0.047149,0.010345,0.009394,0.150966,0.035759,0.000000,0.005616,0.000000,0.010174,0,1,1,2,1,2,2
0.444858,0.005486,0.088628,0.010373,0.040328,0.018484,0.000000,0.036102,0.033555,0.008363,0.157984,0.024416,0.011035,0.003514,0.000000,0.006590,0,1,1,2,1,2,2
0.457796,0.004561,0.087197,0.011050,0.043301,0.023848,0.000000,0.047486,0.008396,0.011035,0.170855,0.036212,0.000000,0.004102,0.000000,0.009753,0,1,1,2,1,2,2
0.435171,0.005323,0.085445,0.011443,0.051225,0.021792,0.000000,0.060532,0.014648,0.010418,0.129264,0.029467,0.000000,0.004730,0.000000,0.010884,0,1,1,2,2,2,2
0.410697,0.008747,0.056426,0.010866,0.060955,0.024448,0.000000,0.055458,0.000000,0.011319,0.130488,0.034824,0.000000,0.005405,0.000000,0.011761,0,1,1,2,1,2,2
0.451336,0.008595,0.084594,0.012662,0.053170,0.028365,0.000000,0.067082,0.000000,0.009237,0.145006,0.030103,0.000000,0.004494,0.000000,0.008028,0,1,1,2,1,2,2
0.421805,0.007828,0.053368,0.008621,0.057963,0.029894,0.000000,0.034421,0.020620,0.010381,0.151268,0.032012,0.000000,0.003951,0.000000,0.011478,0,1,1,2,1,1,2
0.451364,0.003896,0.084376,0.007429,0.070454,0.033828,0.000000,0.052277,0.000000,0.011014,0.137576,0.035342,0.000000,0.004416,0.000000,0.010756,0,1,1,2,2,2,2
0.505328,0.006751,0.134111,0.010178,0.048857,0.022180,0.000000,0.050952,0.005107,0.010152,0.170267,0.029707,0.000000,0.007232,0.000000,0.009834,1,2,2,2,2,2,2
0.338278,0.004495,0.082633,0.007116,0.071671,0.024328,0.000000,0.046077,0.000000,0.009130,0.055450,0.021304,0.000000,0.005288,0.000000,0.010786,0,1,2,2,1,1,1
0.462069,0.006139,0.109191,0.008806,0.051557,0.025182,0.000000,0.043270,0.000000,0.010891,0.159321,0.028917,0.000000,0.006987,0.000000,0.011808,0,1,1,2,2,2,2
0.428647,0.001680,0.066989,0.013489,0.051896,0.021560,0.000000,0.058204,0.006552,0.010321,0.155898,0.028567,0.000000,0.007047,0.000000,0.006444,0,1,1,2,1,1,1
0.459562,0.004345,0.096499,0.009168,0.067872,0.021611,0.000000,0.065316,0.000000,0.008780,0.134746,0.031944,0.000000,0.006742,0.000000,0.012539,0,1,1,2,2,2,2
0.419280,0.002484,0.069234,0.008459,0.068401,0.029459,0.000000,0.055234,0.000000,0.010442,0.131372,0.033388,0.000000,0.003232,0.000000,0.007575,0,1,1,2,1,2,2
0.433006,0.002232,0.065304,0.006546,0.079229,0.032815,0.000000,0.055461,0.000000,0.010282,0.134883,0.028245,0.000000,0.007331,0.000000,0.010678,0,1,1,2,1,2,2
0.428205,0.005287,0.054754,0.013864,0.071698,0.034580,0.000000,0.043594,0.001781,0.011409,0.151811,0.028608,0.000000,0.001122,0.000000,0.009697,0,1,1,2,1,2,2
0.432484,0.005538,0.059523,0.009590,0.068158,0.023060,0.000000,0.054178,0.000519,0.011582,0.158285,0.028222,0.000000,0.003833,0.000000,0.009996,0,1,1,2,1,2,2
0.431997,0.005409,0.104635,0.010383,0.036487,0.022864,0.000000,0.055825,0.000000,0.008963,0.149200,0.026147,0.000000,0.002813,0.000000,0.009271,0,1,1,2,1,2,2
0.445504,0.004161,0.090695,0.008386,0.047146,0.022102,0.000000,0.045597,0.007163,0.010034,0.170056,0.023603,0.000000,0.005284,0.000000,0.011277,0,1,1,2,1,2,2
0.436120,0.005174,0.100603,0.012417,0.039730,0.019931,0.000000,0.051979,0.005830,0.010397,0.145127,0.029178,0.000000,0.006111,0.000000,0.009643,0,1,1,2,1,2,2
0.461207,0.001558,0.065171,0.006318,0.084259,0.025784,0.000000,0.062639,0.000000,0.010641,0.149865,0.026828,0.010177,0.007107,0.000000,0.010860,1,1,1,2,2,2,2
0.411402,0.003999,0.052788,0.013236,0.052995,0.021069,0.000000,0.032668,0.024203,0.010177,0.152399,0.033017,0.000000,0.004488,0.000000,0.010363,0,1,1,2,1,1,1
0.465040,0.006519,0.097771,0.005516,0.056744,0.022602,0.000000,0.053974,0.000000,0.009147,0.160528,0.028383,0.008988,0.005694,0.000000,0.009174,0,1,1,2,2,2,2
0.417571,0.004284,0.032062,0.013799,0.085456,0.024116,0.000000,0.047183,0.001102,0.008988,0.156732,0.031808,0.000000,0.002148,0.000000,0.009893,0,1,1,2,1,2,2
0.425462,0.002465,0.073792,0.005717,0.052663,0.025771,0.000000,0.054482,0.000000,0.011178,0.148602,0.026426,0.011895,0.003198,0.000000,0.009273,0,1,1,2,1,2,2
0.431249,0.004424,0.073599,0.009094,0.048321,0.025433,0.000000,0.032392,0.009662,0.011895,0.157907,0.026952,0.010304,0.007752,0.000000,0.013514,0,1,1,2,1,2,2
0.462631,0.004572,0.111694,0.007522,0.048367,0.024091,0.000000,0.033024,0.006722,0.010304,0.175174,0.024064,0.000000,0.006797,0.000000,0.010300,1,1,1,2,2,2,2
0.432700,0.004773,0.074113,0.014534,0.051873,0.018699,0.000000,0.063962,0.000000,0.008208,0.150649,0.023586,0.010766,0.001745,0.000000,0.009792,0,1,1,2,1,2,2
0.441403,0.005661,0.108753,0.008314,0.041660,0.015163,0.000000,0.063185,0.000116,0.010766,0.142588,0.027649,0.000000,0.004462,0.000000,0.013086,1,1,1,2,2,2,2
0.441810,0.004565,0.070521,0.009081,0.063855,0.021095,0.000000,0.050229,0.000000,0.009052,0.171091,0.027178,0.000000,0.005979,0.000000,0.009164,0,1,1,2,1,2,2
0.459485,0.005243,0.089778,0.010521,0.045811,0.027654,0.000000,0.066617,0.000000,0.009588,0.143256,0.033394,0.009415,0.006685,0.000000,0.011523,0,1,1,2,1,1,2
0.424879,0.005033,0.072858,0.010069,0.060304,0.015991,0.000000,0.057863,0.009456,0.009415,0.143834,0.023306,0.000000,0.003097,0.000000,0.013653,0,1,1,2,2,2,2
0.432660,0.004610,0.075151,0.007509,0.067795,0.027561,0.000000,0.055421,0.000000,0.009335,0.133651,0.036797,0.000000,0.004291,0.000000,0.010539,0,1,1,2,2,2,2
0.464938,0.001883,0.133025,0.005214,0.040092,0.033239,0.000000,0.063779,0.000000,0.009449,0.134309,0.032417,0.000000,0.004425,0.000000,0.007106,0,1,2,2,2,2,2
0.444302,0.004502,0.074853,0.013075,0.054251,0.025476,0.000000,0.061191,0.000000,0.009739,0.152249,0.031207,0.000000,0.004527,0.000000,0.013232,0,1,1,2,1,2,2
0.475305,0.007509,0.108643,0.010679,0.057659,0.028919,0.000000,0.059718,0.000000,0.010545,0.141720,0.030802,0.000000,0.007089,0.000000,0.012022,0,1,2,2,2,2,2
0.438770,0.004317,0.062178,0.009911,0.081957,0.021256,0.000000,0.063516,0.000000,0.009251,0.138397,0.031623,0.000000,0.008396,0.000000,0.007968,0,1,1,2,2,2,2
0.414583,0.003854,0.052585,0.005419,0.072025,0.028974,0.000000,0.046037,0.000000,0.010715,0.143889,0.037216,0.000000,0.003347,0.000000,0.010522,0,1,1,2,1,1,1
0.460078,0.006297,0.084341,0.008928,0.070111,0.026379,0.000000,0.058211,0.000000,0.009944,0.141097,0.034721,0.000000,0.007459,0.000000,0.012590,0,1,2,2,1,2,2
0.444360,0.003054,0.091560,0.007307,0.068580,0.028829,0.000000,0.039677,0.007562,0.009998,0.139779,0.031084,0.000000,0.007788,0.000000,0.009142,0,1,1,2,2,2,2
0.446952,0.006442,0.088196,0.014483,0.065905,0.022337,0.000000,0.047441,0.000000,0.010836,0.153268,0.023364,0.000000,0.003144,0.000000,0.011536,0,1,2,2,2,2,2
0.441359,0.007456,0.105472,0.011185,0.045606,0.021055,0.000000,0.052920,0.000000,0.008848,0.146415,0.030766,0.000000,0.002952,0.000000,0.008684,0,1,2,2,2,2,2
0.457771,0.003405,0.097857,0.009892,0.056146,0.028105,0.000000,0.049422,0.000000,0.009963,0.162388,0.029033,0.000000,0.001792,0.000000,0.009768,1,1,1,2,2,2,2
0.474346,0.002500,0.098450,0.008827,0.061185,0.033741,0.000000,0.065076,0.000000,0.009230,0.128945,0.037205,0.010501,0.008160,0.000000,0.010526,1,1,1,2,2,2,2
0.425136,0.006341,0.076571,0.008899,0.039929,0.025442,0.000000,0.053988,0.004282,0.010501,0.157278,0.026755,0.000000,0.006117,0.000000,0.009033,0,1,1,2,1,2,2
0.454648,0.007528,0.095705,0.004505,0.068473,0.024570,0.000000,0.050168,0.000000,0.009827,0.149259,0.030507,0.000000,0.005769,0.000000,0.008337,1,1,1,2,2,2,2
0.472956,0.003293,0.104306,0.010246,0.059539,0.028790,0.000000,0.042338,0.001073,0.011585,0.170079,0.026189,0.000000,0.007087,0.000000,0.008431,0,1,2,2,2,2,2
0.453736,0.003968,0.108866,0.010322,0.058540,0.032264,0.000000,0.043270,0.008277,0.009463,0.139975,0.026566,0.000000,0.001662,0.000000,0.010563,1,1,2,2,2,2,2
0.429431,0.008657,0.059718,0.011240,0.065012,0.025138,0.000000,0.061708,0.000000,0.010284,0.144742,0.031837,0.000000,0.002080,0.000000,0.009015,0,1,1,2,2,2,2
0.430396,0.004952,0.050868,0.006593,0.088882,0.031101,0.000000,0.049257,0.000000,0.011619,0.151547,0.021319,0.000000,0.006583,0.000000,0.007675,0,1,1,2,1,2,2
0.433674,0.005618,0.089759,0.014637,0.038505,0.024542,0.000000,0.064469,0.000000,0.009811,0.148856,0.027301,0.000000,0.001809,0.000000,0.008367,0,1,1,2,1,2,2
0.434832,0.005823,0.082805,0.010526,0.059068,0.026901,0.000000,0.051063,0.000000,0.011963,0.144302,0.031668,0.000000,0.001624,0.000000,0.009089,0,1,1,2,2,2,2
0.424553,0.007405,0.081159,0.009979,0.057301,0.033194,0.000000,0.036119,0.000220,0.008695,0.147989,0.028058,0.000000,0.003933,0.000000,0.010501,0,1,1,2,1,2,2
0.464491,0.007169,0.100983,0.013264,0.035289,0.024039,0.000000,0.051939,0.000000,0.010410,0.157434,0.034549,0.010202,0.007787,0.000000,0.011426,0,1,1,2,1,2,2
0.452303,0.008285,0.091401,0.007115,0.051199,0.021958,0.000000,0.050657,0.007010,0.010202,0.155681,0.029913,0.009115,0.003199,0.000000,0.006568,0,1,1,2,1,2,2
0.437128,0.005576,0.074113,0.010430,0.069395,0.017594,0.000000,0.036594,0.022729,0.009115,0.152227,0.022270,0.000000,0.004459,0.000000,0.012626,1,1,1,2,2,2,2
0.428305,0.003646,0.090333,0.009471,0.060399,0.033233,0.000000,0.057912,0.000000,0.010798,0.125263,0.024869,0.000000,0.003457,0.000000,0.008924,1,1,1,2,2,2,2
0.405102,0.005000,0.067876,0.010721,0.054105,0.028310,0.000000,0.046094,0.000000,0.010430,0.145195,0.023853,0.000000,0.001160,0.000000,0.012358,0,1,1,2,1,1,1
0.448568,0.007389,0.080659,0.012471,0.071240,0.016099,0.000000,0.055418,0.000000,0.011452,0.152472,0.022585,0.000000,0.007900,0.000000,0.010883,1,1,1,2,1,2,2
0.439783,0.006628,0.074064,0.008451,0.049515,0.022989,0.000000,0.053284,0.000000,0.010009,0.165472,0.032272,0.000000,0.005466,0.000000,0.011633,0,1,1,2,1,1,1
0.433094,0.007399,0.036744,0.011227,0.080030,0.028337,0.000000,0.034649,0.033876,0.009709,0.140357,0.034978,0.000000,0.004367,0.000000,0.011421,0,1,1,2,1,2,2
0.474778,0.004147,0.100609,0.004492,0.070773,0.023159,0.000000,0.051450,0.001385,0.009336,0.158780,0.035471,0.000000,0.004878,0.000000,0.010298,0,1,1,2,2,2,2
0.453492,0.003067,0.069314,0.011169,0.066983,0.023637,0.000000,0.055713,0.004276,0.009425,0.153839,0.030672,0.010034,0.002773,0.000000,0.012590,0,1,1,2,1,2,2
0.447663,0.003701,0.111430,0.012011,0.054171,0.022858,0.000000,0.052056,0.005725,0.010034,0.136572,0.022786,0.000000,0.003141,0.000000,0.013178,1,1,2,2,2,2,2
0.420285,0.002501,0.076858,0.013209,0.060961,0.023314,0.000000,0.050814,0.000000,0.010316,0.137689,0.029947,0.000000,0.004329,0.000000,0.010347,0,1,1,2,2,2,2
0.456944,0.007839,0.071335,0.009592,0.088254,0.028741,0.000000,0.039524,0.000000,0.009962,0.160587,0.027277,0.000000,0.002130,0.000000,0.011703,1,1,2,2,2,2,2
0.451298,0.007201,0.078944,0.007268,0.055487,0.027987,0.000000,0.044251,0.000000,0.011665,0.164783,0.036924,0.000000,0.004736,0.000000,0.012052,0,1,1,2,1,2,2
0.455114,0.005464,0.083161,0.013369,0.047968,0.021385,0.000000,0.051770,0.016007,0.009296,0.143525,0.036439,0.010380,0.006441,0.000000,0.009909,0,1,1,2,1,2,2
0.482838,0.006384,0.110281,0.013067,0.051617,0.031439,0.000000,0.045489,0.005997,0.010380,0.165416,0.028409,0.000000,0.006819,0.000000,0.007540,0,1,2,2,2,2,2
0.481857,0.006960,0.110368,0.010095,0.059290,0.021935,0.000000,0.038055,0.031531,0.010543,0.149319,0.032190,0.000000,0.001773,0.000000,0.009798,0,1,2,2,2,2,2
0.402051,0.005266,0.025550,0.011188,0.084018,0.033178,0.000000,0.049272,0.000000,0.010755,0.133186,0.030816,0.009416,0.001851,0.000000,0.007555,0,1,1,2,1,2,2
0.468616,0.005543,0.062592,0.010455,0.077159,0.032070,0.000000,0.031620,0.000566,0.009416,0.182175,0.037519,0.000000,0.008541,0.000000,0.010960,1,1,1,2,2,2,2
0.444555,0.007492,0.098628,0.007601,0.055005,0.031819,0.000000,0.041034,0.015903,0.009485,0.139970,0.025828,0.000000,0.002236,0.000000,0.009554,1,1,1,2,1,2,2
0.488170,0.002336,0.136032,0.008208,0.053857,0.029359,0.000000,0.065668,0.000000,0.010119,0.140743,0.030356,0.000000,0.001653,0.000000,0.009839,0,2,2,2,2,2,2
0.433611,0.007511,0.056657,0.006896,0.072731,0.025137,0.000000,0.054884,0.000000,0.009616,0.149160,0.025227,0.009806,0.004357,0.000000,0.011629,0,1,1,2,1,2,2
0.468981,0.005308,0.096908,0.011665,0.055518,0.022492,0.000000,0.050314,0.000964,0.009806,0.155019,0.033569,0.009085,0.006036,0.000000,0.012297,0,1,2,2,2,2,2
0.479305,0.007294,0.086760,0.009009,0.075640,0.018059,0.000000,0.040570,0.006477,0.009085,0.164224,0.034227,0.011912,0.003513,0.000000,0.012535,0,1,1,2,2,2,2
0.476910,0.003256,0.098339,0.010563,0.057317,0.031216,0.000000,0.046897,0.006761,0.011912,0.151985,0.032574,0.009337,0.006266,0.000000,0.010487,1,1,1,2,2,2,2
0.478329,0.007138,0.109644,0.011317,0.044103,0.016982,0.000000,0.041070,0.022496,0.009337,0.162669,0.031350,0.009446,0.002218,0.000000,0.010559,1,1,2,2,2,2,2
0.481318,0.005931,0.111243,0.007120,0.048282,0.018248,0.000000,0.059260,0.006494,0.009446,0.170965,0.023060,0.009346,0.004987,0.000000,0.006936,0,1,1,2,2,2,2
0.423200,0.004513,0.082993,0.009918,0.047923,0.027454,0.000000,0.045684,0.010312,0.009346,0.144373,0.027577,0.000000,0.005039,0.000000,0.008068,0,1,1,2,1,2,2
0.427305,0.008658,0.063699,0.007809,0.062501,0.023917,0.000000,0.049473,0.000000,0.011353,0.157184,0.031843,0.000000,0.002129,0.000000,0.008739,0,1,1,2,2,2,2
0.470270,0.006064,0.109826,0.007919,0.061887,0.023763,0.000000,0.049072,0.000000,0.011088,0.147679,0.027831,0.010020,0.008093,0.000000,0.007028,0,1,2,2,2,2,2
0.455740,0.003413,0.073225,0.006103,0.066545,0.022713,0.000000,0.033724,0.006474,0.010020,0.180175,0.038017,0.000000,0.005554,0.000000,0.009777,0,1,1,2,1,2,2
0.445790,0.005659,0.075360,0.012649,0.058187,0.022791,0.000000,0.043691,0.030410,0.009908,0.136332,0.034129,0.000000,0.004524,0.000000,0.012150,0,1,1,2,1,2,2
0.448683,0.005918,0.082270,0.007783,0.060903,0.023922,0.000000,0.049230,0.007326,0.010066,0.163980,0.022029,0.000000,0.006717,0.000000,0.008539,0,1,1,2,2,2,2
0.437687,0.002498,0.081131,0.010121,0.067289,0.030509,0.000000,0.045149,0.005323,0.009203,0.144198,0.025370,0.000000,0.007046,0.000000,0.009850,0,1,1,2,2,2,2
0.471142,0.003667,0.082629,0.014776,0.065983,0.025434,0.000000,0.043474,0.000000,0.010466,0.159599,0.035267,0.011454,0.006441,0.000000,0.011952,1,1,1,2,2,2,2
0.430919,0.002776,0.104025,0.010855,0.035301,0.027641,0.000000,0.057389,0.004744,0.011454,0.130763,0.031720,0.000000,0.006607,0.000000,0.007644,0,1,1,2,1,2,2
0.461896,0.007128,0.081374,0.009626,0.064183,0.024700,0.000000,0.063348,0.000000,0.009885,0.156566,0.030823,0.000000,0.004898,0.000000,0.009365,0,1,1,2,2,2,2
0.461002,0.005454,0.095307,0.005829,0.051888,0.023901,0.000000,0.044870,0.026140,0.010698,0.136031,0.031956,0.009959,0.007707,0.000000,0.011262,0,1,1,2,1,2,2
0.427496,0.002276,0.066188,0.013696,0.046172,0.022732,0.000000,0.045669,0.003379,0.009959,0.182623,0.020567,0.000000,0.004843,0.000000,0.009392,0,1,1,2,1,2,2
0.446607,0.003029,0.074525,0.015689,0.046480,0.022598,0.000000,0.064711,0.000000,0.009480,0.159362,0.032225,0.000000,0.007522,0.000000,0.010986,0,1,1,2,1,2,2
0.431598,0.003385,0.064200,0.009792,0.060619,0.024017,0.000000,0.044817,0.031928,0.009386,0.135698,0.030953,0.000000,0.007043,0.000000,0.009760,0,1,1,2,1,2,2
0.468830,0.001055,0.098335,0.010507,0.058626,0.033771,0.000000,0.055305,0.000000,0.011095,0.148774,0.030212,0.008516,0.004615,0.000000,0.008019,0,1,1,2,2,2,2
0.453768,0.003044,0.073210,0.008071,0.050062,0.025046,0.000000,0.057169,0.000958,0.008516,0.161360,0.038830,0.010142,0.006155,0.000000,0.011205,0,1,1,2,1,2,2
0.488184,0.003483,0.111514,0.010697,0.051668,0.026627,0.000000,0.043858,0.014854,0.010142,0.153167,0.036425,0.009516,0.004845,0.000000,0.011388,0,1,1,2,2,2,2
0.430937,0.006368,0.069568,0.009880,0.059185,0.024031,0.000000,0.046475,0.015998,0.009516,0.146802,0.030444,0.000000,0.004402,0.000000,0.008268,0,1,1,2,1,2,2
0.447829,0.006917,0.074968,0.007921,0.068300,0.028247,0.000000,0.056273,0.000000,0.011427,0.130393,0.036557,0.011471,0.007553,0.000000,0.007802,0,1,1,2,1,2,2
0.437163,0.007261,0.045041,0.015985,0.086784,0.026375,0.000000,0.036317,0.005899,0.011471,0.160380,0.026049,0.000000,0.005799,0.000000,0.009802,0,1,1,2,1,2,2
0.414261,0.007708,0.048445,0.013691,0.079837,0.028019,0.000000,0.042120,0.007578,0.009658,0.139344,0.026887,0.000000,0.001549,0.000000,0.009425,0,1,1,2,1,2,2
0.430925,0.007114,0.020580,0.013174,0.086442,0.026774,0.000000,0.052737,0.000000,0.011768,0.157462,0.030554,0.010713,0.003229,0.000000,0.010378,0,1,1,1,1,1,1
0.461799,0.006777,0.079007,0.007409,0.071544,0.030941,0.000000,0.037048,0.008791,0.010713,0.157923,0.034677,0.000000,0.006309,0.000000,0.010660,0,1,1,2,1,2,2
0.455968,0.006866,0.095837,0.010612,0.051845,0.021874,0.000000,0.060100,0.005710,0.009378,0.147180,0.031870,0.000000,0.005383,0.000000,0.009313,0,1,1,2,2,2,2
0.426959,0.003123,0.088246,0.010785,0.061230,0.034605,0.000000,0.052096,0.000000,0.009344,0.132133,0.022338,0.000000,0.004601,0.000000,0.008458,0,1,1,2,2,2,2
0.500148,0.004688,0.119346,0.011764,0.059193,0.029494,0.000000,0.048602,0.000000,0.010974,0.171309,0.029704,0.000000,0.005302,0.000000,0.009772,1,1,2,2,2,2,2
0.504163,0.004879,0.126004,0.006366,0.068083,0.026331,0.000000,0.055085,0.005282,0.009670,0.151059,0.027179,0.009297,0.005990,0.000000,0.008938,1,1,2,2,2,2,2
0.478302,0.006070,0.094360,0.008851,0.057195,0.024369,0.000000,0.056927,0.002027,0.009297,0.163590,0.033205,0.010266,0.002896,0.000000,0.009249,0,1,2,2,2,2,2
0.430275,0.003940,0.062006,0.008114,0.066951,0.028394,0.000000,0.047746,0.006738,0.010266,0.144220,0.035885,0.000000,0.005470,0.000000,0.010545,0,1,1,2,1,2,2
0.423544,0.005683,0.065886,0.013725,0.053300,0.020252,0.000000,0.066674,0.000000,0.010742,0.146635,0.023993,0.000000,0.007077,0.000000,0.009577,0,1,1,2,1,2,2
0.432118,0.006752,0.054536,0.005799,0.075240,0.024824,0.000000,0.054665,0.000000,0.010125,0.157597,0.030563,0.000000,0.002958,0.000000,0.009059,0,1,1,2,1,2,2
0.423341,0.007367,0.077107,0.011885,0.040991,0.021179,0.000000,0.043821,0.024338,0.009792,0.145474,0.029290,0.000000,0.004023,0.000000,0.008074,0,1,1,2,1,2,2
0.437008,0.005831,0.032832,0.009245,0.058574,0.019592,0.011330,0.046235,0.022169,0.010413,0.172733,0.030538,0.000000,0.004414,0.000000,0.013102,0,1,1,1,1,1,1
0.451591,0.003883,0.062283,0.008070,0.068983,0.022496,0.000000,0.062237,0.029724,0.009797,0.134091,0.032021,0.000000,0.005139,0.000000,0.012867,0,1,1,2,2,2,2
0.463301,0.001602,0.071491,0.008570,0.069335,0.032642,0.003494,0.048943,0.005733,0.010258,0.165780,0.029989,0.000000,0.005726,0.000000,0.009738,0,1,1,2,2,2,2
0.449474,0.007992,0.064278,0.010455,0.062073,0.024015,0.010619,0.058491,0.015957,0.010278,0.149315,0.022743,0.000000,0.005957,0.000000,0.007301,0,1,1,2,2,2,2
0.467869,0.006889,0.071771,0.015341,0.053978,0.024307,0.000000,0.058941,0.014470,0.010075,0.154498,0.033229,0.009328,0.005270,0.000000,0.009772,0,1,1,2,2,2,2
0.486874,0.003033,0.085708,0.010345,0.057034,0.025719,0.000000,0.044749,0.020448,0.009328,0.182661,0.034905,0.000000,0.001634,0.000000,0.011310,0,1,1,2,2,2,2
0.366491,0.003263,0.076821,0.007462,0.078173,0.032529,0.000000,0.064082,0.000000,0.009451,0.053600,0.022221,0.000000,0.005620,0.000000,0.013269,0,1,1,2,1,1,1
0.471732,0.003568,0.097746,0.012894,0.046667,0.018546,0.000000,0.048966,0.023380,0.010246,0.152961,0.028571,0.011827,0.005550,0.000000,0.010810,0,1,1,2,2,2,2
0.437430,0.003047,0.040464,0.007298,0.073001,0.019992,0.000000,0.055012,0.014954,0.011827,0.155149,0.031794,0.009579,0.006665,0.000000,0.008648,0,1,1,2,1,2,2
0.482133,0.005285,0.072050,0.009247,0.078430,0.023987,0.000000,0.039886,0.017451,0.009579,0.185958,0.027295,0.000000,0.002111,0.000000,0.010854,0,1,1,2,2,2,2
0.493303,0.001907,0.079975,0.012347,0.070075,0.027876,0.000000,0.059847,0.021288,0.008726,0.160787,0.031094,0.000000,0.006860,0.000000,0.012521,0,1,1,2,2,2,2
0.377897,0.001810,0.086284,0.009559,0.068456,0.024052,0.000000,0.040874,0.000000,0.008353,0.092243,0.035812,0.000000,0.001847,0.000000,0.008607,0,1,1,2,1,1,1
0.377472,0.005001,0.075926,0.010682,0.071579,0.022313,0.000000,0.047321,0.000000,0.009077,0.097779,0.022447,0.000000,0.006524,0.000000,0.008823,0,1,1,2,1,1,1
0.332373,0.004890,0.069116,0.009862,0.049450,0.027603,0.000000,0.050469,0.000000,0.009551,0.068167,0.027628,0.000000,0.004768,0.000000,0.010869,0,1,1,2,1,1,1
0.460085,0.002703,0.058586,0.011254,0.062434,0.022154,0.000000,0.049620,0.017866,0.010662,0.172542,0.026210,0.010311,0.006031,0.000000,0.009712,0,1,1,2,2,2,2
0.507034,0.005585,0.099061,0.013320,0.060681,0.028255,0.011088,0.038199,0.011032,0.010311,0.163801,0.038552,0.010402,0.005348,0.000000,0.011399,0,1,1,2,2,2,2
0.469949,0.007863,0.047756,0.006219,0.097521,0.030329,0.000000,0.052101,0.008854,0.010402,0.159754,0.031309,0.000000,0.005515,0.000000,0.012326,0,1,1,2,2,2,2
0.499518,0.005999,0.099497,0.014803,0.052636,0.030516,0.000000,0.060815,0.025955,0.011270,0.145564,0.035362,0.000000,0.005706,0.000000,0.011395,0,1,2,2,2,2,2
0.480011,0.005881,0.071022,0.009012,0.053396,0.026713,0.012830,0.039899,0.038455,0.009341,0.162492,0.026233,0.009570,0.003645,0.000000,0.011522,0,1,1,2,2,2,2
0.475596,0.006885,0.083998,0.013047,0.050805,0.023245,0.000000,0.055699,0.024537,0.009570,0.168934,0.024399,0.000000,0.004143,0.000000,0.010334,0,1,1,2,2,2,2
0.352184,0.005389,0.093780,0.010981,0.045932,0.020616,0.000000,0.066308,0.000000,0.011920,0.056399,0.026698,0.000000,0.005583,0.000000,0.008578,0,1,1,2,1,1,1
0.460107,0.001548,0.075675,0.007008,0.073753,0.027186,0.000000,0.040484,0.018286,0.008894,0.151870,0.031741,0.010489,0.004277,0.000000,0.008896,0,1,1,2,2,2,2
0.436457,0.004892,0.081523,0.011479,0.061903,0.018866,0.005350,0.052187,0.001257,0.010489,0.152114,0.025018,0.000000,0.002556,0.000000,0.008823,0,1,1,2,2,2,2
0.471565,0.003793,0.086669,0.005706,0.057110,0.016010,0.000000,0.047247,0.013392,0.010406,0.186001,0.029525,0.000000,0.005909,0.000000,0.009797,0,1,1,2,2,2,2
0.370450,0.007551,0.075534,0.007423,0.075154,0.023649,0.000000,0.049995,0.000000,0.009425,0.077752,0.033717,0.000000,0.001972,0.000000,0.008278,0,1,1,2,1,1,1
0.376927,0.003764,0.086343,0.009474,0.072406,0.025753,0.000000,0.060673,0.000000,0.010549,0.056153,0.034365,0.000000,0.004130,0.000000,0.013317,0,1,1,2,1,1,1
0.472379,0.005260,0.080935,0.007987,0.075427,0.021999,0.000000,0.046360,0.027868,0.009288,0.146854,0.039510,0.000000,0.003417,0.000000,0.007474,0,1,1,2,2,2,2
0.493912,0.005508,0.094620,0.011433,0.062452,0.023528,0.000000,0.050927,0.017972,0.010689,0.169625,0.034111,0.000000,0.005132,0.000000,0.007915,0,1,1,2,2,2,2
0.396176,0.005495,0.090226,0.013487,0.055913,0.026905,0.000000,0.057750,0.000000,0.010291,0.085727,0.030579,0.000000,0.007769,0.000000,0.012034,0,1,1,2,1,1,1
0.361243,0.006235,0.091769,0.009414,0.063287,0.023678,0.000000,0.065578,0.000000,0.008791,0.049695,0.027769,0.000000,0.001686,0.000000,0.013341,0,1,1,2,1,1,1
0.505636,0.005680,0.082285,0.013392,0.069855,0.025036,0.000000,0.052001,0.001953,0.010568,0.193605,0.035960,0.000000,0.005565,0.000000,0.009736,1,1,1,2,2,2,2
0.469232,0.001026,0.094259,0.009305,0.078181,0.023394,0.000000,0.063885,0.027113,0.011551,0.121373,0.024715,0.000000,0.006032,0.000000,0.008398,0,1,1,2,2,2,2
0.485734,0.005156,0.098200,0.004604,0.073590,0.025096,0.000000,0.041308,0.015271,0.010752,0.167225,0.031777,0.000000,0.005496,0.000000,0.007259,1,1,2,2,2,2,2
0.449087,0.003417,0.062783,0.012481,0.058456,0.028392,0.005482,0.056287,0.018568,0.010946,0.148236,0.028688,0.000000,0.007819,0.000000,0.007532,0,1,1,2,1,2,2
0.460513,0.003497,0.083914,0.012496,0.042874,0.027436,0.007275,0.041382,0.026193,0.011000,0.158584,0.033767,0.000000,0.001403,0.000000,0.010692,0,1,1,2,2,2,2
0.457216,0.004830,0.055939,0.008603,0.072982,0.019756,0.000000,0.069387,0.020809,0.009949,0.149777,0.029955,0.000000,0.003795,0.000000,0.011434,0,1,1,2,2,2,2
0.468820,0.006489,0.084724,0.010856,0.052462,0.016268,0.017424,0.057574,0.002445,0.011508,0.150132,0.035310,0.010911,0.003739,0.000000,0.008978,0,1,1,2,2,2,2
0.485231,0.003816,0.115570,0.011800,0.057427,0.028028,0.000000,0.038945,0.024383,0.010911,0.149302,0.029537,0.000000,0.005655,0.000000,0.009857,1,1,2,2,2,2,2
0.502885,0.008724,0.105543,0.005009,0.072849,0.020439,0.014549,0.049905,0.000000,0.011012,0.173953,0.026733,0.000000,0.004323,0.000000,0.009846,1,1,2,2,2,2,2
0.494019,0.006429,0.079275,0.015986,0.058655,0.028712,0.000000,0.054115,0.018616,0.008672,0.171051,0.036679,0.000000,0.005072,0.000000,0.010757,0,1,1,2,2,2,2
0.368497,0.005698,0.070404,0.010998,0.075651,0.027756,0.000000,0.068725,0.000000,0.008919,0.050070,0.027453,0.009786,0.003991,0.000000,0.009046,0,1,1,2,1,1,1
0.489773,0.002562,0.079869,0.012040,0.074791,0.027299,0.000000,0.038178,0.011502,0.009786,0.178506,0.039115,0.000000,0.006222,0.000000,0.009903,0,1,1,2,2,2,2
0.385568,0.003423,0.086976,0.007654,0.069921,0.030094,0.000000,0.055045,0.000000,0.010140,0.082545,0.026402,0.000000,0.003907,0.000000,0.009461,0,1,1,2,1,1,1
0.483867,0.004185,0.089805,0.012051,0.060313,0.027952,0.000000,0.051185,0.029875,0.010074,0.149193,0.038234,0.000000,0.003733,0.000000,0.007267,0,1,1,2,2,2,2
0.469101,0.004222,0.083357,0.012867,0.059964,0.016905,0.009274,0.062007,0.030592,0.010203,0.130845,0.034964,0.000000,0.003740,0.000000,0.010161,0,1,1,2,2,2,2
0.473980,0.005004,0.095100,0.009321,0.057586,0.029685,0.000000,0.062298,0.003100,0.009938,0.160094,0.027635,0.000000,0.004259,0.000000,0.009960,0,1,1,2,2,2,2
0.475953,0.003784,0.105470,0.010248,0.048192,0.026429,0.000000,0.065626,0.005942,0.010399,0.149764,0.033457,0.000000,0.006123,0.000000,0.010519,0,1,1,2,2,2,2
0.449269,0.006278,0.061636,0.011422,0.064273,0.025850,0.000000,0.065880,0.000000,0.009860,0.160668,0.027976,0.000000,0.005186,0.000000,0.010240,0,1,1,2,2,2,2
0.447587,0.005881,0.079401,0.013157,0.039205,0.029836,0.010742,0.049896,0.012154,0.009381,0.159162,0.023843,0.000000,0.002890,0.000000,0.012039,0,1,1,2,1,2,2
0.475425,0.002922,0.067573,0.015501,0.062790,0.027430,0.015280,0.047929,0.000000,0.010710,0.166222,0.032729,0.010567,0.004554,0.000000,0.011218,0,1,1,2,2,2,2
0.487470,0.003616,0.101765,0.011185,0.060193,0.029564,0.012991,0.046284,0.015860,0.010567,0.158583,0.023092,0.000000,0.003934,0.000000,0.009836,1,1,2,2,2,2,2
0.444338,0.006878,0.065886,0.011271,0.064466,0.025681,0.008972,0.062630,0.002946,0.008341,0.145891,0.027940,0.000000,0.005468,0.000000,0.007968,0,1,1,2,2,2,2
0.459344,0.003083,0.084715,0.008102,0.058243,0.027385,0.000000,0.061776,0.000000,0.010525,0.157604,0.029269,0.000000,0.006859,0.000000,0.011783,0,1,1,2,2,2,2
0.480611,0.001133,0.074898,0.011109,0.065051,0.026734,0.000000,0.065617,0.005956,0.010844,0.162358,0.031573,0.009846,0.005277,0.000000,0.010215,0,1,1,2,2,2,2
0.463320,0.004448,0.073433,0.006293,0.066542,0.021281,0.015993,0.041748,0.027460,0.009846,0.160516,0.021771,0.000000,0.006152,0.000000,0.007837,0,1,1,2,2,2,2
0.362250,0.001784,0.075645,0.005363,0.070008,0.019804,0.000000,0.051025,0.000000,0.010558,0.074991,0.025727,0.010082,0.007713,0.000000,0.009550,0,1,1,2,1,1,1
0.477398,0.006420,0.081356,0.011946,0.059035,0.018178,0.000000,0.042551,0.017773,0.010082,0.172438,0.033829,0.009645,0.004567,0.000000,0.009578,0,1,1,2,2,2,2
0.462418,0.005052,0.082527,0.008018,0.065514,0.026266,0.001170,0.052543,0.011782,0.009645,0.159208,0.025706,0.000000,0.006616,0.000000,0.008371,0,1,1,2,2,2,2
0.478238,0.004130,0.104317,0.011985,0.037288,0.024672,0.000000,0.046079,0.030004,0.010925,0.165206,0.026216,0.000000,0.007876,0.000000,0.009540,0,1,1,2,2,2,2
0.483393,0.008131,0.080450,0.008541,0.075904,0.023671,0.000000,0.051578,0.021608,0.010122,0.155294,0.022125,0.010319,0.004324,0.000000,0.011326,1,1,1,2,2,2,2
0.465521,0.005335,0.088690,0.011014,0.062840,0.027206,0.000000,0.060710,0.003113,0.010319,0.159622,0.024063,0.000000,0.005270,0.000000,0.007339,0,1,1,2,2,2,2
0.463550,0.004883,0.049877,0.007705,0.066480,0.028010,0.000000,0.055329,0.014167,0.010392,0.177244,0.027659,0.011302,0.002701,0.000000,0.007801,0,1,1,2,2,2,2
0.491047,0.008367,0.096913,0.010934,0.047525,0.023134,0.000000,0.061817,0.027588,0.011302,0.149727,0.039656,0.000000,0.006159,0.000000,0.007925,0,1,1,2,2,2,2
0.384297,0.005279,0.101179,0.007184,0.056881,0.021993,0.000000,0.057497,0.000000,0.011106,0.075631,0.035994,0.000000,0.001316,0.000000,0.010237,1,1,2,2,1,1,1
0.466076,0.003008,0.057432,0.013505,0.057002,0.021300,0.000000,0.049372,0.037165,0.009583,0.156486,0.033274,0.010367,0.007076,0.000000,0.010506,0,1,1,1,2,2,2
0.478299,0.006732,0.058266,0.011570,0.070185,0.033596,0.000000,0.058373,0.003685,0.010367,0.177532,0.031508,0.000000,0.003684,0.000000,0.012801,0,1,1,2,2,2,2
0.401048,0.006051,0.109290,0.005026,0.057045,0.031068,0.000000,0.034298,0.000000,0.010497,0.096465,0.027761,0.011084,0.004497,0.000000,0.007966,0,1,1,2,1,1,1
0.468030,0.003217,0.074308,0.008169,0.059991,0.025872,0.000000,0.062224,0.012554,0.011084,0.159844,0.034088,0.000000,0.008001,0.000000,0.008678,0,1,1,2,2,2,2
0.351544,0.007060,0.070450,0.011733,0.064799,0.023138,0.000000,0.047435,0.000000,0.009201,0.078555,0.028376,0.000000,0.002292,0.000000,0.008505,0,1,1,2,1,1,1
0.470785,0.006351,0.077174,0.007344,0.059130,0.015589,0.006080,0.059225,0.013953,0.008910,0.159873,0.028969,0.009775,0.007275,0.000000,0.011137,0,1,1,2,2,2,2
0.440968,0.005152,0.066176,0.014457,0.058766,0.029214,0.000000,0.045117,0.025669,0.009775,0.152035,0.020528,0.000000,0.005984,0.000000,0.008095,0,1,1,2,2,2,2
0.471806,0.003584,0.097543,0.011739,0.037968,0.033303,0.000000,0.061888,0.000000,0.010271,0.164692,0.025998,0.009928,0.005709,0.000000,0.009183,0,1,1,2,2,2,2
0.465852,0.005403,0.093985,0.009673,0.044237,0.023605,0.014506,0.032446,0.024243,0.009928,0.154369,0.030395,0.011127,0.005551,0.000000,0.006384,0,1,1,2,2,2,2
0.470242,0.005544,0.085977,0.010274,0.057366,0.028946,0.000000,0.048034,0.009075,0.011127,0.168394,0.031057,0.000000,0.008098,0.000000,0.006350,0,1,1,2,2,2,2
0.472140,0.003251,0.074284,0.013189,0.072665,0.031877,0.001970,0.043731,0.024231,0.009564,0.151792,0.021975,0.008453,0.005658,0.000000,0.009500,0,1,1,2,2,2,2
0.486684,0.005539,0.090649,0.013622,0.053228,0.029152,0.000000,0.038070,0.021422,0.008453,0.169836,0.030554,0.011245,0.005904,0.000000,0.009010,0,1,2,2,2,2,2
0.430151,0.001803,0.061151,0.008213,0.055768,0.023650,0.000000,0.062216,0.014179,0.011245,0.138159,0.035496,0.000000,0.005748,0.000000,0.012523,0,1,1,2,1,2,2
0.469621,0.005202,0.080955,0.008704,0.063606,0.018012,0.003201,0.056211,0.017405,0.010639,0.156065,0.035463,0.000000,0.004427,0.000000,0.009731,0,1,1,2,2,2,2
0.466211,0.005221,0.099936,0.011588,0.069997,0.022575,0.000000,0.034419,0.019499,0.011879,0.151760,0.023407,0.000000,0.003306,0.000000,0.012624,0,1,1,2,2,2,2
0.460668,0.003055,0.099917,0.011121,0.072479,0.026832,0.000000,0.062688,0.000000,0.011155,0.135682,0.023527,0.000000,0.005714,0.000000,0.008498,0,1,2,2,2,2,2
0.465655,0.005949,0.097937,0.008673,0.051627,0.029724,0.000000,0.048272,0.012726,0.010430,0.158069,0.026292,0.000000,0.005633,0.000000,0.010323,0,1,2,2,2,2,2
0.445910,0.003067,0.072510,0.012300,0.050864,0.023376,0.002740,0.042405,0.017283,0.009158,0.161231,0.028648,0.008275,0.004498,0.000000,0.009555,0,1,1,2,1,2,2
0.477825,0.002723,0.092727,0.013952,0.067046,0.024746,0.000000,0.042035,0.015637,0.008275,0.165999,0.031484,0.000000,0.003812,0.000000,0.009389,1,1,2,2,2,2,2
0.477130,0.003690,0.094835,0.013441,0.070685,0.028796,0.018830,0.058662,0.000000,0.009977,0.137886,0.027975,0.000000,0.004788,0.000000,0.007565,0,1,2,2,2,2,2
0.481007,0.004552,0.088548,0.007898,0.081986,0.031663,0.000000,0.048163,0.007752,0.011283,0.159784,0.026795,0.000000,0.005135,0.000000,0.007448,1,1,2,2,2,2,2
0.467505,0.002617,0.073098,0.008145,0.060239,0.025833,0.000000,0.059523,0.011290,0.011008,0.164458,0.036389,0.000000,0.004499,0.000000,0.010406,0,1,1,2,2,2,2
0.466492,0.008274,0.078427,0.015751,0.050239,0.031875,0.000000,0.057102,0.017742,0.010243,0.146552,0.029180,0.009852,0.002791,0.000000,0.008464,0,1,1,2,2,2,2
0.483067,0.004994,0.079282,0.004610,0.070047,0.029931,0.000000,0.047407,0.010975,0.009852,0.170531,0.031817,0.009842,0.005813,0.000000,0.007966,0,1,1,2,2,2,2
0.464457,0.007335,0.067225,0.006380,0.082127,0.020105,0.000000,0.051768,0.027673,0.009842,0.152957,0.025710,0.000000,0.004671,0.000000,0.008664,0,1,1,2,2,2,2
0.383915,0.002172,0.101534,0.010832,0.042185,0.025152,0.000000,0.037638,0.000000,0.008617,0.109365,0.031124,0.000000,0.006292,0.000000,0.009004,0,1,1,2,1,1,1
0.368871,0.007793,0.078028,0.011325,0.066273,0.021248,0.000000,0.047903,0.000000,0.010464,0.071892,0.038516,0.000000,0.007549,0.000000,0.007880,0,1,1,2,1,1,1
0.474353,0.001877,0.075112,0.010007,0.074465,0.021311,0.000000,0.061702,0.016229,0.010782,0.149746,0.035178,0.000000,0.004080,0.000000,0.013864,0,1,1,2,2,2,2
0.479163,0.004250,0.101299,0.010205,0.049803,0.025489,0.000000,0.043961,0.028536,0.010104,0.159087,0.033048,0.000000,0.002071,0.000000,0.011310,0,1,1,2,2,2,2
0.377072,0.005320,0.094520,0.009871,0.053356,0.026821,0.000000,0.036598,0.000000,0.010111,0.092859,0.023327,0.011675,0.003452,0.000000,0.009162,0,1,1,2,1,1,1
0.490550,0.006931,0.078000,0.008247,0.083009,0.024825,0.000000,0.052946,0.001316,0.011675,0.163841,0.035991,0.011650,0.004605,0.000000,0.007514,1,1,1,2,2,2,2
0.493475,0.001724,0.087576,0.010140,0.077908,0.018906,0.013940,0.052656,0.004344,0.011650,0.163615,0.032320,0.000000,0.005684,0.000000,0.013012,0,1,2,2,2,2,2
0.378634,0.007167,0.087676,0.007071,0.067924,0.028691,0.000000,0.066347,0.000000,0.009964,0.053006,0.025646,0.008343,0.006153,0.000000,0.010646,0,1,1,2,1,1,1
0.491487,0.008580,0.091187,0.009061,0.071097,0.017031,0.000000,0.054215,0.004407,0.008343,0.180255,0.032698,0.000000,0.002920,0.000000,0.011693,0,1,1,2,2,2,2
0.357027,0.005583,0.064298,0.012885,0.059879,0.030943,0.000000,0.059501,0.000000,0.009397,0.068235,0.032336,0.000000,0.006020,0.000000,0.007950,0,1,1,2,1,1,1
0.506134,0.004352,0.103146,0.008898,0.057310,0.032566,0.000000,0.051702,0.024463,0.009514,0.160793,0.037096,0.000000,0.005981,0.000000,0.010313,1,1,1,2,2,2,2
0.385609,0.006689,0.092838,0.009390,0.075474,0.025787,0.000000,0.059124,0.000000,0.011241,0.062334,0.025647,0.000000,0.005675,0.000000,0.011410,1,1,1,2,1,1,1
0.353424,0.006377,0.084218,0.005547,0.049757,0.016982,0.000000,0.046841,0.000000,0.009827,0.079782,0.031543,0.010585,0.004245,0.000000,0.007720,0,1,1,2,1,1,1
0.462915,0.004955,0.073989,0.006237,0.062159,0.023022,0.000000,0.032197,0.028769,0.010585,0.169819,0.034626,0.000000,0.006372,0.000000,0.010185,0,1,1,2,2,2,2
0.458995,0.005730,0.069281,0.006337,0.067635,0.017207,0.000000,0.060826,0.027741,0.009555,0.153839,0.026684,0.000000,0.003509,0.000000,0.010651,0,1,1,2,2,2,2
0.466744,0.004405,0.077924,0.006635,0.060151,0.028285,0.010215,0.058536,0.005067,0.010565,0.163129,0.029201,0.000000,0.005294,0.000000,0.007337,0,1,1,2,2,2,2
0.523734,0.004876,0.121490,0.007209,0.059148,0.027857,0.000000,0.067022,0.006645,0.009880,0.153778,0.039826,0.010052,0.005451,0.000000,0.010500,1,1,2,2,2,2,2
0.449162,0.008076,0.082302,0.006573,0.057677,0.024484,0.000000,0.057374,0.028715,0.010052,0.126870,0.034176,0.000000,0.005759,0.000000,0.007104,0,1,1,2,2,2,2
0.484129,0.005325,0.069101,0.011292,0.079346,0.024951,0.001143,0.050829,0.003602,0.011099,0.184676,0.032188,0.000000,0.004514,0.000000,0.006063,0,1,1,2,2,2,2
0.459446,0.007685,0.090697,0.010642,0.050248,0.027739,0.000000,0.068779,0.021770,0.009500,0.131934,0.022606,0.000000,0.006260,0.000000,0.011586,0,1,1,2,2,2,2
0.501915,0.002573,0.079260,0.005909,0.080274,0.019747,0.016552,0.057059,0.000000,0.010520,0.175415,0.034827,0.000000,0.006798,0.000000,0.012981,0,1,1,2,2,2,2
0.375382,0.004390,0.085812,0.006105,0.074180,0.019011,0.000000,0.031711,0.000000,0.010528,0.089683,0.026114,0.009285,0.007465,0.000000,0.011098,1,1,1,2,1,1,1
0.482835,0.003847,0.073861,0.009903,0.086455,0.018518,0.000000,0.055287,0.000360,0.009285,0.183605,0.027478,0.000000,0.004542,0.000000,0.009694,0,1,1,2,2,2,2
0.495637,0.007109,0.089468,0.011567,0.061576,0.033075,0.010375,0.063547,0.000099,0.008368,0.168116,0.027108,0.000000,0.006407,0.000000,0.008822,1,1,1,2,2,2,2
0.404123,0.001090,0.111060,0.012847,0.042114,0.021971,0.000000,0.050461,0.000000,0.009561,0.087045,0.039886,0.011595,0.004202,0.000000,0.012291,0,1,2,2,1,1,1
0.456755,0.006223,0.068616,0.012489,0.049458,0.031118,0.000000,0.046691,0.029633,0.011595,0.150019,0.030454,0.008763,0.003160,0.000000,0.008536,0,1,1,2,2,2,2
0.502971,0.008068,0.077416,0.007544,0.076898,0.033285,0.000000,0.049334,0.018085,0.008763,0.167893,0.039441,0.000000,0.006458,0.000000,0.009786,1,1,2,2,2,2,2
0.457661,0.008328,0.063305,0.008458,0.068990,0.023343,0.000000,0.063190,0.028339,0.009460,0.140495,0.024123,0.000000,0.008294,0.000000,0.011336,0,1,1,2,2,2,2
0.499609,0.004666,0.118361,0.007542,0.046988,0.027750,0.000000,0.046860,0.027277,0.010424,0.161424,0.030284,0.000000,0.004475,0.000000,0.013558,1,1,2,2,2,2,2
0.388451,0.005849,0.117269,0.006923,0.055168,0.023309,0.000000,0.066479,0.000000,0.011134,0.057745,0.029764,0.000000,0.006635,0.000000,0.008176,1,1,1,2,1,1,1
0.476995,0.007931,0.082061,0.008424,0.055894,0.022253,0.000000,0.039490,0.033757,0.009571,0.162394,0.032963,0.009063,0.004996,0.000000,0.008198,0,1,1,2,2,2,2
0.448993,0.005876,0.094204,0.009968,0.053458,0.030879,0.000000,0.046928,0.013973,0.009063,0.136643,0.033398,0.000000,0.004287,0.000000,0.010316,1,1,1,2,2,2,2
0.483330,0.005329,0.091530,0.009132,0.050621,0.016045,0.000000,0.053340,0.015560,0.008567,0.187634,0.032953,0.000000,0.004312,0.000000,0.008307,0,1,1,2,2,2,2
0.387534,0.006036,0.069583,0.011003,0.066023,0.030238,0.000000,0.045035,0.000000,0.009055,0.106674,0.029442,0.000000,0.005552,0.000000,0.008893,0,1,1,2,1,1,1
0.346797,0.003641,0.086612,0.007552,0.060246,0.025276,0.000000,0.037290,0.000000,0.009445,0.083557,0.023412,0.000000,0.002813,0.000000,0.006953,0,1,1,2,1,1,1
0.467918,0.003882,0.103099,0.009006,0.059322,0.030152,0.000000,0.036168,0.000763,0.009608,0.177183,0.027098,0.000000,0.002310,0.000000,0.009327,0,1,1,2,2,2,2
0.458963,0.004656,0.089433,0.011448,0.058617,0.022964,0.000000,0.056090,0.017582,0.010012,0.142004,0.034274,0.000000,0.003713,0.000000,0.008170,0,1,2,2,2,2,2
0.468044,0.004519,0.081153,0.013553,0.070142,0.021803,0.000000,0.058724,0.003345,0.010541,0.160263,0.032824,0.000000,0.002712,0.000000,0.008465,0,1,1,2,2,2,2
0.482955,0.004156,0.097025,0.011820,0.054103,0.027392,0.005170,0.042475,0.020870,0.010561,0.164428,0.031014,0.000000,0.004104,0.000000,0.009837,0,1,1,2,2,2,2
0.456629,0.003534,0.091924,0.007232,0.083220,0.025504,0.000000,0.040766,0.020475,0.009571,0.137589,0.024095,0.000000,0.004983,0.000000,0.007736,0,1,1,2,2,2,2
0.460106,0.001904,0.060945,0.004398,0.068075,0.031421,0.007564,0.046219,0.000000,0.009567,0.185400,0.029361,0.000000,0.003392,0.000000,0.011860,0,1,1,2,2,2,2
0.392844,0.003647,0.088406,0.010706,0.065950,0.024802,0.000000,0.049910,0.000000,0.011511,0.084701,0.027582,0.009215,0.004361,0.000000,0.012053,0,1,1,2,1,1,1
0.484781,0.002290,0.092625,0.009346,0.072384,0.024733,0.000000,0.045924,0.022376,0.009215,0.163038,0.023752,0.000000,0.006366,0.000000,0.012732,0,1,1,2,2,2,2
0.478534,0.003764,0.083262,0.004707,0.081217,0.031091,0.002601,0.055973,0.009146,0.008739,0.154564,0.027350,0.000000,0.006131,0.000000,0.009989,0,1,2,2,2,2,2
0.436580,0.008042,0.079464,0.010076,0.049429,0.025810,0.000000,0.068216,0.000000,0.010301,0.150544,0.020414,0.000000,0.004720,0.000000,0.009564,0,1,1,2,2,2,2
0.484526,0.005806,0.064252,0.008758,0.075553,0.019703,0.001272,0.049127,0.003617,0.009267,0.181691,0.032726,0.011962,0.008164,0.000000,0.012628,0,1,1,2,2,2,2
0.443641,0.004968,0.077384,0.010007,0.058049,0.032342,0.000000,0.049988,0.021481,0.011962,0.132276,0.033035,0.000000,0.003370,0.000000,0.008779,0,1,1,2,2,2,2
0.456699,0.006059,0.058506,0.009955,0.076958,0.027279,0.000000,0.057349,0.000914,0.010630,0.155469,0.039268,0.000000,0.005666,0.000000,0.008646,0,1,1,2,2,2,2
0.479584,0.004826,0.066105,0.008427,0.076534,0.032522,0.012898,0.050987,0.000000,0.009343,0.168557,0.031082,0.000000,0.007028,0.000000,0.011275,0,1,1,2,2,2,2
0.450080,0.004784,0.073129,0.007643,0.081736,0.026985,0.000000,0.049152,0.025508,0.009744,0.133112,0.021608,0.000000,0.005832,0.000000,0.010847,0,1,2,2,2,2,2
0.473414,0.004379,0.068944,0.011166,0.068674,0.027699,0.000000,0.061389,0.000000,0.009740,0.165220,0.031855,0.009091,0.004618,0.000000,0.010639,0,1,1,2,2,2,2
0.477115,0.008255,0.077154,0.011199,0.055006,0.025086,0.000000,0.044785,0.029169,0.009091,0.160435,0.030987,0.009653,0.006290,0.000000,0.010005,0,1,1,2,2,2,2
0.491864,0.005293,0.075810,0.009515,0.069526,0.022247,0.000000,0.042843,0.030500,0.009653,0.167245,0.033387,0.009687,0.006800,0.000000,0.009358,0,1,1,2,2,2,2
0.467141,0.003080,0.073617,0.007510,0.079355,0.025418,0.012971,0.045359,0.019016,0.009687,0.143308,0.035598,0.000000,0.004342,0.000000,0.007880,0,1,1,2,2,2,2
0.466719,0.005482,0.062921,0.015462,0.064808,0.029057,0.000000,0.059787,0.000000,0.011569,0.159807,0.030099,0.010156,0.004080,0.000000,0.013491,0,1,1,2,2,2,2
0.493629,0.003498,0.086439,0.007686,0.071229,0.024225,0.000000,0.066643,0.013018,0.010156,0.150339,0.033383,0.010395,0.007618,0.000000,0.009000,0,1,2,2,2,2,2
0.491441,0.005578,0.086052,0.006579,0.078485,0.026735,0.009443,0.032724,0.023992,0.010395,0.161002,0.026515,0.009789,0.004404,0.000000,0.009748,0,1,1,2,2,2,2
0.498091,0.006683,0.102559,0.010959,0.059166,0.025684,0.000000,0.049905,0.014561,0.009789,0.159620,0.033931,0.008716,0.007925,0.000000,0.008593,0,1,2,2,2,2,2
0.461593,0.001710,0.064163,0.010273,0.070483,0.031340,0.000000,0.038543,0.024642,0.008716,0.160111,0.029406,0.009659,0.004000,0.000000,0.008547,0,1,1,2,2,2,2
0.443800,0.005179,0.060832,0.009651,0.069876,0.019042,0.000000,0.049161,0.028181,0.009659,0.154957,0.023774,0.000000,0.002942,0.000000,0.010546,0,1,1,2,2,2,2
0.486862,0.003169,0.096803,0.008617,0.066176,0.028042,0.007752,0.052730,0.003779,0.008529,0.161991,0.025380,0.010645,0.005448,0.000000,0.007801,0,1,1,2,2,2,2
0.463258,0.004496,0.080493,0.009365,0.053584,0.026334,0.000000,0.047610,0.009570,0.010645,0.165987,0.034827,0.008735,0.002793,0.000000,0.008819,0,1,1,2,2,2,2
0.468047,0.006634,0.085570,0.007395,0.049710,0.027145,0.000000,0.059532,0.009270,0.008735,0.158129,0.030110,0.011771,0.007090,0.000000,0.006956,0,1,1,2,2,2,2
0.445887,0.002571,0.064658,0.013083,0.073240,0.029579,0.002972,0.040537,0.018743,0.011771,0.146012,0.031870,0.000000,0.003519,0.000000,0.007332,0,1,1,2,2,2,2
0.453757,0.005607,0.078987,0.011566,0.058333,0.017509,0.000000,0.048178,0.018611,0.011889,0.162123,0.027931,0.000000,0.002728,0.000000,0.010295,0,1,1,2,2,2,2
0.477164,0.005987,0.088635,0.009862,0.059088,0.029096,0.000000,0.045913,0.009992,0.009697,0.167216,0.033619,0.000000,0.004729,0.000000,0.013330,0,1,1,2,2,2,2
0.465201,0.004923,0.078413,0.013314,0.060276,0.026848,0.019933,0.061149,0.000000,0.011962,0.137641,0.031020,0.010529,0.001324,0.000000,0.007869,0,1,1,2,2,2,2
0.468643,0.006973,0.068480,0.006157,0.082375,0.023318,0.000000,0.042484,0.016896,0.010529,0.170946,0.028037,0.000000,0.004098,0.000000,0.008350,0,1,2,2,2,2,2
0.395962,0.002218,0.077020,0.012218,0.071627,0.029144,0.000000,0.043564,0.000000,0.010485,0.086764,0.036045,0.009516,0.008753,0.000000,0.008608,0,1,1,2,1,1,1
0.491532,0.007434,0.094900,0.009299,0.052101,0.022555,0.000000,0.062391,0.022380,0.009516,0.164748,0.026764,0.000000,0.008478,0.000000,0.010966,0,1,1,2,2,2,2
0.349123,0.005571,0.062642,0.010285,0.056671,0.029965,0.000000,0.037057,0.000000,0.009140,0.080324,0.034133,0.009629,0.004769,0.000000,0.008937,0,1,1,2,1,1,1
0.454629,0.003210,0.064753,0.012067,0.052628,0.026381,0.000348,0.044167,0.022935,0.009629,0.156718,0.035774,0.011096,0.005794,0.000000,0.009129,0,1,1,2,2,2,2
0.468570,0.002491,0.094568,0.008507,0.068659,0.028352,0.000000,0.038781,0.024431,0.011096,0.148426,0.031678,0.000000,0.005073,0.000000,0.006508,0,1,1,2,2,2,2
0.446832,0.005323,0.051428,0.008516,0.076574,0.027505,0.000000,0.059037,0.001422,0.008751,0.155572,0.027384,0.011408,0.004681,0.000000,0.009231,0,1,1,2,1,2,2
0.484662,0.005505,0.100057,0.011670,0.054596,0.026953,0.000000,0.049630,0.006959,0.011408,0.174090,0.022428,0.010146,0.002402,0.000000,0.008818,0,1,2,2,2,2,2
0.492313,0.001051,0.100639,0.006124,0.062871,0.025653,0.005583,0.051879,0.012753,0.010146,0.166294,0.032993,0.000000,0.004800,0.000000,0.011527,0,1,2,2,2,2,2
0.430249,0.003042,0.070590,0.010781,0.072630,0.028542,0.000000,0.032835,0.031665,0.011507,0.135522,0.021614,0.000000,0.004186,0.000000,0.007335,0,1,1,2,2,2,2
0.469896,0.004351,0.075515,0.008561,0.057328,0.022288,0.000000,0.054206,0.001871,0.009919,0.186344,0.026542,0.011777,0.005174,0.000000,0.006020,0,1,1,2,2,2,2
0.466206,0.001356,0.062412,0.013364,0.075637,0.022679,0.000000,0.054605,0.019900,0.011777,0.162347,0.030023,0.000000,0.001596,0.000000,0.010510,0,1,1,2,2,2,2
0.462254,0.008070,0.083536,0.015593,0.059716,0.020886,0.000000,0.042810,0.027255,0.010315,0.137030,0.028185,0.009726,0.008951,0.000000,0.010181,0,1,1,2,2,2,2
0.450561,0.007570,0.065344,0.010280,0.072148,0.034786,0.000000,0.042661,0.002719,0.009726,0.163768,0.027744,0.000000,0.003695,0.000000,0.010120,0,1,1,2,2,2,2
0.338573,0.005084,0.029234,0.007344,0.082952,0.021980,0.000000,0.063773,0.000000,0.010528,0.070494,0.031253,0.000000,0.006077,0.000000,0.009854,0,1,1,1,1,1,1
0.360155,0.003961,0.068623,0.009455,0.069567,0.021498,0.000000,0.064487,0.000000,0.011508,0.058075,0.028920,0.010816,0.001896,0.000000,0.011349,0,1,1,2,1,1,1
0.454528,0.003708,0.086862,0.012246,0.054750,0.024039,0.000000,0.041645,0.014064,0.010816,0.162148,0.028671,0.000000,0.007016,0.000000,0.008563,0,1,1,2,2,2,2
0.498688,0.003334,0.103424,0.014083,0.068775,0.034301,0.000000,0.048607,0.007421,0.009046,0.146478,0.038113,0.011485,0.003561,0.000000,0.010060,0,1,2,2,2,2,2
0.491002,0.007852,0.086003,0.010367,0.088715,0.020118,0.000000,0.062097,0.000454,0.011485,0.154454,0.026338,0.010529,0.003271,0.000000,0.009319,0,1,2,2,2,2,2
0.496524,0.004920,0.101157,0.009771,0.083461,0.023246,0.000000,0.042246,0.006147,0.010529,0.165443,0.035897,0.000000,0.001297,0.000000,0.012410,1,1,2,2,2,2,2
0.468079,0.005641,0.076684,0.006623,0.077884,0.021729,0.000000,0.043476,0.019809,0.010311,0.160204,0.026205,0.009316,0.001998,0.000000,0.008199,0,1,1,2,2,2,2
0.526017,0.007234,0.102194,0.011442,0.076104,0.027788,0.000000,0.048896,0.011866,0.009316,0.190574,0.025234,0.000000,0.005572,0.000000,0.009797,1,2,2,2,2,2,2
0.324264,0.003142,0.129568,0.010417,0.049022,0.021285,0.000000,0.049721,0.000000,0.009949,0.000897,0.034959,0.000000,0.006196,0.000000,0.009108,0,1,2,2,1,1,1
0.392406,0.005465,0.055286,0.010959,0.100946,0.026404,0.000000,0.055414,0.000000,0.009882,0.067684,0.037085,0.009096,0.005259,0.000000,0.008926,1,1,2,2,1,1,1
0.506563,0.005606,0.127862,0.007569,0.059736,0.028701,0.000000,0.052892,0.021447,0.009096,0.150061,0.030839,0.000000,0.003922,0.000000,0.008832,0,1,2,2,2,2,2
0.502460,0.006385,0.097905,0.007678,0.058336,0.029161,0.000000,0.060488,0.006779,0.009092,0.175252,0.035625,0.000000,0.006645,0.000000,0.009114,1,1,1,2,2,2,2
0.385160,0.004460,0.079426,0.013399,0.066768,0.021424,0.000000,0.050938,0.000000,0.009941,0.096179,0.031075,0.000000,0.002830,0.000000,0.008720,0,1,2,2,1,1,1
0.403035,0.006138,0.062528,0.014149,0.101981,0.018866,0.000000,0.052766,0.000000,0.009634,0.072673,0.035531,0.008490,0.006766,0.000000,0.013513,1,1,1,2,1,1,1
0.516258,0.002824,0.146909,0.010834,0.051502,0.027868,0.000000,0.042851,0.024959,0.008490,0.158566,0.025362,0.000000,0.008474,0.000000,0.007619,1,2,2,2,2,2,2
0.483891,0.003397,0.114440,0.014183,0.047974,0.028070,0.000000,0.059233,0.010237,0.009610,0.140466,0.030508,0.008393,0.005367,0.000000,0.012013,0,1,2,2,2,2,2
0.501546,0.007344,0.099167,0.011707,0.064314,0.023386,0.000000,0.047324,0.006678,0.008393,0.178458,0.026445,0.009247,0.006518,0.000000,0.012565,0,1,2,2,2,2,2
0.449491,0.005736,0.061691,0.011239,0.074230,0.023816,0.000000,0.060185,0.004365,0.009247,0.152273,0.032038,0.000000,0.005795,0.000000,0.008876,0,1,1,2,1,2,2
0.477787,0.006835,0.066001,0.008443,0.073874,0.020602,0.000000,0.057510,0.010890,0.010343,0.178202,0.032406,0.000000,0.004535,0.000000,0.008146,0,1,1,2,2,2,2
0.371471,0.006117,0.068803,0.007614,0.082900,0.031987,0.000000,0.036196,0.000000,0.009944,0.088422,0.023314,0.000000,0.005303,0.000000,0.010871,0,1,1,2,1,1,1
0.383349,0.003145,0.084573,0.012547,0.060466,0.029893,0.000000,0.047948,0.000000,0.010182,0.076603,0.031166,0.011413,0.004720,0.000000,0.010693,0,1,1,2,1,1,1
0.473353,0.006618,0.098621,0.011418,0.037771,0.032131,0.000000,0.068523,0.003668,0.011413,0.149467,0.029028,0.010540,0.002642,0.000000,0.011513,0,1,1,2,2,2,2
0.465055,0.002195,0.097927,0.014023,0.040566,0.029036,0.000000,0.060627,0.006926,0.010540,0.148728,0.036220,0.000000,0.005919,0.000000,0.012348,0,1,1,2,2,2,2
0.492734,0.004601,0.074841,0.015016,0.072913,0.024344,0.000000,0.040874,0.021959,0.009967,0.181699,0.031743,0.000000,0.005535,0.000000,0.009242,1,1,1,2,2,2,2
0.376260,0.002897,0.114278,0.006373,0.049564,0.031350,0.000207,0.047820,0.000000,0.008750,0.072190,0.031463,0.000000,0.003155,0.000000,0.008213,0,1,1,2,1,1,1
0.467508,0.004271,0.053467,0.012838,0.066686,0.022787,0.000000,0.045283,0.030068,0.008140,0.164912,0.037012,0.009080,0.006536,0.000000,0.006428,0,1,1,2,2,2,2
0.500447,0.003959,0.109551,0.009790,0.044397,0.032514,0.000000,0.044067,0.034754,0.009080,0.171855,0.026019,0.000000,0.002539,0.000000,0.011922,0,1,1,2,2,2,2
0.384980,0.005970,0.085932,0.012289,0.069731,0.028098,0.000000,0.049973,0.000000,0.010451,0.074586,0.028556,0.000000,0.006431,0.000000,0.012963,0,1,1,2,1,1,1
0.498519,0.003112,0.099228,0.006374,0.068600,0.026645,0.000000,0.040774,0.028263,0.010431,0.163890,0.027314,0.010393,0.003331,0.000000,0.010164,0,1,2,2,2,2,2
0.498596,0.006962,0.103878,0.010603,0.058140,0.028674,0.000000,0.063924,0.003582,0.010393,0.150319,0.035471,0.008505,0.005692,0.000000,0.012453,0,1,2,2,2,2,2
0.465531,0.007012,0.066123,0.012413,0.058094,0.021534,0.000000,0.052982,0.024636,0.008505,0.175929,0.028951,0.000000,0.002107,0.000000,0.007245,0,1,1,2,2,2,2
0.340056,0.007608,0.133599,0.010536,0.062343,0.024562,0.000000,0.045489,0.000000,0.009415,0.000000,0.033229,0.000000,0.005555,0.000000,0.007720,1,2,2,2,1,1,1
0.377301,0.008132,0.064309,0.007949,0.065922,0.021049,0.000000,0.050398,0.000000,0.009457,0.104848,0.029946,0.000000,0.004862,0.000000,0.010429,0,1,1,2,1,1,1
0.407636,0.005838,0.111688,0.010016,0.063521,0.027762,0.000000,0.046390,0.000000,0.008366,0.071215,0.031337,0.011022,0.007277,0.000000,0.013204,0,1,2,2,1,1,2
0.471713,0.006476,0.079093,0.004622,0.056626,0.023007,0.000000,0.052223,0.019689,0.011022,0.174278,0.032850,0.000000,0.003077,0.000000,0.008750,0,1,1,2,2,2,2
0.406524,0.007504,0.095153,0.012547,0.081583,0.015697,0.000000,0.057215,0.000000,0.010499,0.069985,0.028459,0.009883,0.005591,0.000000,0.012408,1,1,2,2,1,1,1
0.461465,0.004883,0.081419,0.010121,0.057349,0.015327,0.000000,0.056241,0.021434,0.009883,0.151391,0.034567,0.000000,0.007456,0.000000,0.011394,0,1,1,2,2,2,2
0.469191,0.004316,0.075105,0.013496,0.066120,0.023706,0.000000,0.053934,0.015140,0.009366,0.167734,0.027050,0.000000,0.003029,0.000000,0.010195,0,1,1,2,2,2,2
0.396713,0.005223,0.098638,0.010300,0.083870,0.019763,0.007993,0.064878,0.000000,0.009065,0.041239,0.029344,0.009490,0.003687,0.000000,0.013223,1,1,2,2,1,1,1
0.505639,0.005509,0.096589,0.011148,0.083104,0.017685,0.000000,0.033617,0.023019,0.009490,0.181147,0.026880,0.000000,0.006784,0.000000,0.010667,1,1,2,2,2,2,2
0.517244,0.008044,0.119679,0.007151,0.057160,0.023760,0.000000,0.053255,0.026963,0.009813,0.170190,0.027786,0.000000,0.002538,0.000000,0.010905,0,1,2,2,2,2,2
0.359311,0.005168,0.060323,0.009772,0.055388,0.032902,0.000000,0.031703,0.000000,0.009681,0.111439,0.029747,0.000000,0.001844,0.000000,0.011344,0,1,1,2,1,1,1
0.384233,0.006809,0.072245,0.012134,0.079743,0.023807,0.000000,0.064702,0.000000,0.010684,0.060211,0.028147,0.011430,0.005938,0.000000,0.008383,0,1,1,2,1,1,1
0.478192,0.003755,0.093129,0.014204,0.062058,0.022499,0.000000,0.051865,0.013001,0.011430,0.166202,0.026794,0.000000,0.001962,0.000000,0.011293,0,1,1,2,2,2,2
0.342103,0.005383,0.130294,0.014351,0.059346,0.030706,0.000000,0.030296,0.000000,0.010595,0.012776,0.034488,0.000000,0.003068,0.000000,0.010800,0,2,2,2,1,1,1
0.397928,0.002995,0.102574,0.008263,0.062188,0.025956,0.000000,0.057446,0.000000,0.010722,0.083272,0.024969,0.008103,0.003996,0.000000,0.007444,1,1,2,2,1,1,1
0.466073,0.003356,0.072302,0.011090,0.056177,0.029205,0.000000,0.052013,0.023456,0.008103,0.169536,0.026043,0.000000,0.004276,0.000000,0.010516,0,1,1,2,2,2,2
0.390043,0.004234,0.111239,0.006436,0.060760,0.026197,0.013341,0.037539,0.000000,0.009498,0.073591,0.034534,0.000000,0.004480,0.000000,0.008194,0,1,2,2,1,1,1
0.486733,0.003309,0.065644,0.012577,0.066422,0.019271,0.000000,0.067094,0.014904,0.008175,0.175133,0.038663,0.000000,0.004075,0.000000,0.011466,0,1,1,2,2,2,2
0.517964,0.003841,0.125238,0.006311,0.082834,0.023886,0.000000,0.047092,0.024659,0.009624,0.148721,0.032618,0.000000,0.001597,0.000000,0.011543,1,2,2,2,2,2,2
0.464091,0.005949,0.066032,0.008642,0.076184,0.027799,0.000000,0.054998,0.000921,0.010264,0.155318,0.034812,0.008534,0.004448,0.000000,0.010190,0,1,1,2,2,2,2
0.483422,0.006019,0.063267,0.010864,0.076467,0.015262,0.000000,0.050180,0.022654,0.008534,0.181259,0.032305,0.000000,0.007171,0.000000,0.009440,0,1,1,2,2,2,2
0.376237,0.004406,0.070625,0.011289,0.077805,0.029403,0.000000,0.045500,0.000000,0.011306,0.084773,0.021938,0.000000,0.006108,0.000000,0.013084,0,1,1,2,1,1,1
0.384479,0.002120,0.043805,0.011777,0.106777,0.027807,0.000000,0.066644,0.000000,0.009437,0.063525,0.025396,0.010130,0.006849,0.000000,0.010212,0,1,1,2,1,1,1
0.508940,0.003635,0.118643,0.010928,0.061883,0.021224,0.000000,0.052358,0.024776,0.010130,0.153019,0.028744,0.010844,0.004253,0.000000,0.008503,0,1,2,2,2,2,2
0.505682,0.007341,0.120052,0.009229,0.061902,0.019415,0.000000,0.052757,0.016355,0.010844,0.153159,0.029632,0.009848,0.007510,0.000000,0.007638,1,1,2,2,2,2,2
0.475930,0.002709,0.080107,0.011375,0.071168,0.030604,0.000000,0.046811,0.004176,0.009848,0.166154,0.026433,0.009446,0.005655,0.000000,0.011444,0,1,1,2,2,2,2
0.432856,0.004528,0.122101,0.004697,0.069787,0.030977,0.000000,0.033325,0.000000,0.011103,0.108316,0.029302,0.000000,0.007195,0.000000,0.011525,0,2,2,2,1,1,2
0.368180,0.006763,0.096074,0.007792,0.053151,0.028865,0.007402,0.054689,0.000000,0.009281,0.060741,0.028691,0.000000,0.005611,0.000000,0.009120,0,1,1,2,1,1,1
0.482599,0.006113,0.095239,0.011772,0.053761,0.019862,0.000000,0.040437,0.033041,0.010227,0.161710,0.023619,0.011300,0.005810,0.000000,0.009708,1,1,1,2,2,2,2
0.458035,0.005855,0.050944,0.009663,0.075643,0.024549,0.000000,0.045293,0.014043,0.011300,0.179034,0.026385,0.000000,0.004132,0.000000,0.011194,0,1,1,2,1,2,2
0.435646,0.001341,0.132865,0.010709,0.078016,0.022688,0.000000,0.052416,0.000000,0.009435,0.082179,0.028840,0.000000,0.005828,0.000000,0.011329,0,2,2,2,1,2,2
0.394326,0.005639,0.113284,0.008534,0.049702,0.024116,0.000000,0.041010,0.000000,0.010700,0.092317,0.033565,0.000000,0.006307,0.000000,0.009152,1,1,2,2,1,1,1
0.361310,0.003680,0.071992,0.004369,0.070768,0.023440,0.000000,0.063740,0.000000,0.009786,0.054707,0.032938,0.011121,0.005613,0.000000,0.009156,0,1,1,2,1,1,1
0.464538,0.005178,0.064803,0.007007,0.063622,0.025786,0.000000,0.044675,0.025874,0.011121,0.173913,0.024492,0.000000,0.004143,0.000000,0.013924,0,1,1,2,2,2,2
0.531989,0.005249,0.129030,0.008782,0.078709,0.029559,0.000000,0.048760,0.013864,0.009917,0.155395,0.034837,0.000000,0.004366,0.000000,0.013521,1,2,2,2,2,2,2
0.480095,0.003204,0.080425,0.013387,0.056637,0.023561,0.000000,0.059386,0.018094,0.010909,0.167599,0.032283,0.000000,0.002976,0.000000,0.011634,0,1,1,2,2,2,2
0.368909,0.005002,0.092812,0.009379,0.061130,0.026093,0.000000,0.063572,0.000000,0.010089,0.060710,0.022636,0.000000,0.007872,0.000000,0.009614,0,1,2,2,1,1,1
0.380150,0.007878,0.066319,0.011681,0.081717,0.030177,0.000000,0.051797,0.000000,0.010058,0.064730,0.031421,0.010619,0.005347,0.000000,0.008406,0,1,1,2,1,1,1
0.474932,0.007470,0.084114,0.007026,0.055029,0.034273,0.000000,0.054474,0.014316,0.010619,0.156602,0.035193,0.000000,0.004008,0.000000,0.011808,0,1,1,2,2,2,2
0.483389,0.003370,0.098483,0.007933,0.060626,0.023136,0.000000,0.064878,0.006613,0.009931,0.153759,0.035021,0.009654,0.002165,0.000000,0.007820,0,1,1,2,2,2,2
0.491850,0.003574,0.072912,0.008689,0.073830,0.025985,0.000000,0.067509,0.013799,0.009654,0.164088,0.036217,0.000000,0.005324,0.000000,0.010269,0,1,1,2,2,2,2
0.461255,0.006273,0.095631,0.012886,0.057989,0.025795,0.000000,0.054861,0.030248,0.010429,0.128428,0.024180,0.000000,0.006591,0.000000,0.007944,1,1,1,2,2,2,2
0.477715,0.001558,0.101111,0.009551,0.051604,0.024644,0.000000,0.052209,0.015543,0.009926,0.158738,0.037269,0.000000,0.005895,0.000000,0.009667,0,1,2,2,2,2,2
0.470968,0.005427,0.083610,0.006419,0.073240,0.027140,0.000000,0.062442,0.009715,0.009203,0.153431,0.025358,0.000000,0.006613,0.000000,0.008370,0,1,1,2,2,2,2
0.491295,0.003619,0.076682,0.007061,0.073872,0.023020,0.000000,0.060533,0.020152,0.010242,0.174686,0.027395,0.000000,0.006622,0.000000,0.007411,0,1,1,2,2,2,2
0.461299,0.006237,0.064288,0.015572,0.048379,0.024387,0.000000,0.061174,0.033739,0.009568,0.139574,0.031875,0.009872,0.005270,0.000000,0.011364,0,1,1,2,2,2,2
0.446118,0.003720,0.081983,0.011030,0.046176,0.027679,0.000000,0.047192,0.017622,0.009872,0.162113,0.025707,0.000000,0.004575,0.000000,0.008449,0,1,1,2,2,2,2
0.454759,0.001934,0.065770,0.006723,0.067516,0.032123,0.000000,0.047058,0.019851,0.008983,0.162612,0.025388,0.000000,0.006458,0.000000,0.010343,0,1,1,2,2,2,2
0.468120,0.002264,0.063585,0.009923,0.072740,0.034493,0.000000,0.047923,0.015154,0.010826,0.154317,0.032987,0.008503,0.005818,0.000000,0.009587,0,1,1,2,2,2,2
0.522291,0.005049,0.130376,0.009404,0.075140,0.022210,0.000000,0.053842,0.017464,0.008503,0.159694,0.027654,0.000000,0.002657,0.000000,0.010298,1,2,2,2,2,2,2
0.459792,0.004862,0.083156,0.013582,0.056608,0.020791,0.000000,0.065654,0.003078,0.010345,0.159476,0.027763,0.000000,0.006231,0.000000,0.008246,0,1,1,2,2,2,2
0.459495,0.006394,0.078762,0.007937,0.058419,0.020694,0.000000,0.058641,0.021406,0.008765,0.155389,0.028433,0.000000,0.006482,0.000000,0.008173,0,1,1,2,2,2,2
0.476531,0.007062,0.074134,0.012841,0.061528,0.017995,0.000000,0.054902,0.025895,0.009996,0.167658,0.031964,0.000000,0.003645,0.000000,0.008911,0,1,1,2,2,2,2
0.408333,0.006555,0.088378,0.013463,0.084354,0.017918,0.002441,0.067759,0.000000,0.010702,0.057423,0.031742,0.011301,0.007296,0.000000,0.009001,1,1,2,2,1,1,1
0.500688,0.006901,0.114953,0.008391,0.066418,0.018729,0.000000,0.052749,0.014000,0.011301,0.152813,0.028042,0.010341,0.005355,0.000000,0.010695,0,1,2,2,2,2,2
0.475730,0.008667,0.068752,0.012585,0.065901,0.020435,0.000000,0.047854,0.020830,0.010341,0.167576,0.036103,0.000000,0.006587,0.000000,0.010099,0,1,1,2,2,2,2
0.489391,0.007616,0.084676,0.009127,0.058652,0.027262,0.000000,0.053721,0.025316,0.010810,0.170715,0.028006,0.000000,0.002254,0.000000,0.011236,0,1,1,2,2,2,2
0.379264,0.007022,0.078962,0.008188,0.068320,0.023445,0.000000,0.045973,0.000000,0.009219,0.089448,0.034726,0.000000,0.005970,0.000000,0.007991,0,1,1,2,1,1,1
0.371779,0.003969,0.072804,0.015649,0.065499,0.015697,0.000000,0.034655,0.000000,0.011674,0.102864,0.031294,0.000000,0.004175,0.000000,0.013499,1,1,1,2,1,1,1
0.478567,0.002827,0.102111,0.009417,0.058906,0.022105,0.000000,0.058454,0.005779,0.011809,0.162616,0.030052,0.000000,0.003698,0.000000,0.010793,0,1,1,2,2,2,2
0.455128,0.005524,0.050024,0.012578,0.067104,0.024384,0.000000,0.045827,0.033035,0.009041,0.159843,0.033437,0.000000,0.003546,0.000000,0.010785,0,1,1,2,1,2,2
0.505153,0.007681,0.094739,0.007395,0.066660,0.021002,0.000000,0.049391,0.032448,0.011810,0.154379,0.034164,0.009661,0.005981,0.000000,0.009842,0,1,1,2,2,2,2
0.489438,0.003010,0.096840,0.012288,0.060253,0.023441,0.000000,0.052082,0.033614,0.009661,0.149736,0.024371,0.009060,0.004670,0.000000,0.010412,0,1,1,2,2,2,2
0.456015,0.001792,0.083395,0.013286,0.043116,0.021443,0.000000,0.045271,0.023801,0.009060,0.163020,0.025498,0.011882,0.005542,0.000000,0.008909,0,1,1,2,2,2,2
0.504708,0.004498,0.106693,0.011416,0.052953,0.022767,0.000000,0.045420,0.022434,0.011882,0.180824,0.031927,0.000000,0.005226,0.000000,0.008668,1,1,1,2,2,2,2
0.510205,0.004329,0.119004,0.011315,0.051573,0.024585,0.000000,0.058031,0.027665,0.011577,0.149682,0.035995,0.000000,0.004576,0.000000,0.011873,0,1,1,2,2,2,2
0.494235,0.003717,0.086444,0.008345,0.086839,0.028232,0.000000,0.052070,0.036634,0.009774,0.132933,0.032645,0.000000,0.005060,0.000000,0.011542,1,1,2,2,2,2,2
0.500080,0.006232,0.105793,0.006761,0.063470,0.021192,0.000000,0.052181,0.028682,0.011961,0.154978,0.024830,0.010346,0.005635,0.000000,0.008019,1,1,2,2,2,2,2
0.518268,0.006886,0.093916,0.010283,0.070032,0.024278,0.000000,0.056067,0.015620,0.010346,0.191210,0.028068,0.000000,0.002535,0.000000,0.009027,1,1,2,2,2,2,2
0.387744,0.004866,0.074627,0.012920,0.065220,0.028464,0.000000,0.039908,0.000000,0.010300,0.105571,0.028520,0.000000,0.006981,0.000000,0.010367,0,1,1,2,1,1,1
0.381326,0.004714,0.069421,0.009060,0.073488,0.031004,0.000000,0.042101,0.000000,0.011376,0.096121,0.032819,0.000000,0.001824,0.000000,0.009398,0,1,1,2,1,1,1
0.385900,0.003692,0.086699,0.011948,0.060224,0.020712,0.000000,0.053709,0.000000,0.008877,0.081273,0.028814,0.010843,0.007399,0.000000,0.011710,0,1,1,2,1,1,1
0.471550,0.006523,0.047633,0.011725,0.091456,0.031395,0.000000,0.059896,0.008536,0.010843,0.165701,0.024700,0.000000,0.004166,0.000000,0.008976,0,1,1,2,2,2,2
0.472681,0.003309,0.054335,0.012308,0.056989,0.021383,0.000000,0.059518,0.024348,0.009476,0.174849,0.029687,0.010463,0.007487,0.000000,0.008529,0,1,1,2,1,2,2
0.501227,0.003665,0.140250,0.011684,0.042849,0.034097,0.000000,0.051572,0.027542,0.010463,0.132442,0.034681,0.000000,0.003843,0.000000,0.008139,0,1,2,2,2,2,2
0.411657,0.003209,0.117848,0.014872,0.061131,0.025883,0.000000,0.055541,0.000000,0.009900,0.077111,0.027400,0.000000,0.007566,0.000000,0.011196,0,2,2,3,1,2,2
0.499707,0.004466,0.085912,0.009409,0.065636,0.024473,0.000000,0.043845,0.034310,0.009083,0.164573,0.030223,0.011356,0.003182,0.000000,0.013239,0,1,1,2,2,2,2
0.455817,0.006648,0.038894,0.010520,0.083378,0.022259,0.000000,0.063279,0.016961,0.011356,0.146532,0.032689,0.010074,0.006373,0.000000,0.006854,0,1,1,2,2,2,2
0.498893,0.004654,0.081859,0.005377,0.080210,0.019182,0.000000,0.066225,0.008317,0.010074,0.171782,0.027162,0.009827,0.005527,0.000000,0.008697,0,1,1,2,2,2,2
0.488827,0.008738,0.076769,0.005888,0.086899,0.029077,0.000000,0.049643,0.021325,0.009827,0.161823,0.024672,0.000000,0.005851,0.000000,0.008315,0,1,1,2,2,2,2
0.470478,0.006337,0.114530,0.004560,0.053436,0.029329,0.000000,0.055167,0.017890,0.010551,0.136117,0.031125,0.000000,0.003389,0.000000,0.008047,0,1,2,2,2,2,2
0.439242,0.002879,0.141504,0.010766,0.060966,0.019383,0.000000,0.040321,0.000000,0.009344,0.111230,0.027076,0.000000,0.006458,0.000000,0.009315,1,2,2,3,1,2,2
0.458458,0.005362,0.057956,0.007168,0.081064,0.024372,0.000000,0.063139,0.027721,0.010265,0.133644,0.031539,0.000000,0.005215,0.000000,0.011013,0,1,1,2,2,2,2
0.475863,0.003714,0.071162,0.006999,0.066056,0.019443,0.000000,0.067384,0.014585,0.008879,0.167269,0.023719,0.009465,0.004401,0.000000,0.012787,0,1,1,2,2,2,2
0.471183,0.008664,0.081937,0.007520,0.049787,0.020431,0.000000,0.061787,0.019604,0.009465,0.155385,0.031897,0.011346,0.003245,0.000000,0.010115,0,1,1,2,2,2,2
0.443399,0.003870,0.056566,0.012011,0.084948,0.021768,0.000000,0.057776,0.012744,0.011346,0.146414,0.022678,0.000000,0.004942,0.000000,0.008336,0,1,1,2,2,2,2
0.484046,0.005467,0.129954,0.011053,0.047727,0.027491,0.000000,0.060149,0.000000,0.009566,0.147459,0.028381,0.000000,0.006141,0.000000,0.010658,0,1,2,2,2,2,2
0.453464,0.006937,0.064896,0.013136,0.068825,0.030597,0.000000,0.061239,0.000000,0.009724,0.154666,0.026350,0.000000,0.004805,0.000000,0.012289,0,1,1,2,2,2,2
0.519249,0.003214,0.129935,0.009629,0.050517,0.025917,0.000000,0.046685,0.008879,0.010364,0.190877,0.026814,0.000000,0.005893,0.000000,0.010525,0,1,2,2,2,2,2
0.367230,0.001521,0.095752,0.007138,0.056896,0.021889,0.000000,0.059561,0.000000,0.009748,0.079924,0.024850,0.000000,0.002905,0.000000,0.007046,0,1,1,2,1,1,1
0.378903,0.005375,0.079501,0.009317,0.066584,0.023285,0.000000,0.044535,0.000000,0.010056,0.098940,0.029539,0.000000,0.003708,0.000000,0.008063,0,1,1,2,1,1,1
0.401986,0.002156,0.099178,0.011956,0.047273,0.025668,0.000000,0.057823,0.000000,0.009163,0.089099,0.032850,0.010357,0.005123,0.000000,0.011340,0,1,1,2,1,1,1
0.481838,0.003728,0.074919,0.010064,0.087747,0.022593,0.000000,0.056579,0.019625,0.010357,0.159048,0.024782,0.000000,0.003528,0.000000,0.008868,1,1,1,2,2,2,2
0.377357,0.002445,0.106245,0.012930,0.051952,0.029593,0.000000,0.052818,0.000000,0.009775,0.057509,0.028779,0.008501,0.008448,0.000000,0.008362,0,1,1,2,1,1,1
0.441428,0.007013,0.053670,0.011829,0.075539,0.029744,0.000000,0.032963,0.011984,0.008501,0.165444,0.031947,0.000000,0.001857,0.000000,0.010937,0,1,1,2,2,2,2
0.495488,0.007082,0.075355,0.009021,0.089881,0.029982,0.000000,0.068109,0.000000,0.009370,0.157189,0.034081,0.000000,0.005793,0.000000,0.009625,1,1,2,2,2,2,2
0.378351,0.006342,0.089256,0.009923,0.069503,0.027960,0.000000,0.046784,0.000000,0.010151,0.069302,0.025350,0.008837,0.003039,0.000000,0.011904,1,1,2,2,1,1,1
0.506865,0.005847,0.064998,0.012269,0.092837,0.023989,0.000000,0.050897,0.006361,0.008837,0.181968,0.029188,0.009367,0.006767,0.000000,0.013540,0,1,2,2,2,2,2
0.445707,0.004846,0.048998,0.012303,0.077645,0.029444,0.000000,0.051237,0.019984,0.009367,0.150412,0.027384,0.000000,0.001881,0.000000,0.012206,0,1,1,2,1,2,2
0.462631,0.003370,0.098317,0.011026,0.027934,0.022623,0.000000,0.052544,0.019354,0.011500,0.173691,0.025445,0.000000,0.007112,0.000000,0.009715,0,1,1,2,2,2,2
0.381321,0.003805,0.121270,0.013034,0.047885,0.023877,0.012332,0.061162,0.000000,0.011078,0.040036,0.034879,0.000000,0.003300,0.000000,0.008663,0,1,2,2,1,1,1
0.438085,0.004072,0.151793,0.004848,0.062712,0.028708,0.000000,0.055564,0.000000,0.011037,0.060634,0.032944,0.011015,0.005208,0.000000,0.009550,1,2,2,3,1,2,2
0.479504,0.006087,0.063187,0.008542,0.081337,0.023562,0.000000,0.053277,0.011143,0.011015,0.180030,0.027157,0.000000,0.003730,0.000000,0.010437,0,1,1,2,2,2,2
0.376989,0.004545,0.079360,0.014326,0.070024,0.024467,0.000000,0.060151,0.000000,0.009678,0.063210,0.033121,0.000000,0.005727,0.000000,0.012380,0,1,1,2,1,1,1
0.391302,0.004138,0.088460,0.008666,0.061641,0.027401,0.000000,0.047883,0.000000,0.011142,0.082463,0.032531,0.010751,0.007564,0.000000,0.008662,0,1,1,2,1,1,1
0.470124,0.005085,0.087316,0.013918,0.053916,0.021876,0.000000,0.050451,0.030207,0.010751,0.144332,0.024567,0.009772,0.005339,0.000000,0.012594,0,1,1,2,2,2,2
0.490949,0.005891,0.082132,0.008345,0.065129,0.018243,0.000000,0.057864,0.007187,0.009772,0.174945,0.032498,0.011618,0.005456,0.000000,0.011869,0,1,1,2,2,2,2
0.480287,0.003242,0.092366,0.008260,0.061763,0.029572,0.000000,0.066664,0.004505,0.011618,0.155515,0.032368,0.000000,0.004203,0.000000,0.010211,0,1,1,2,2,2,2
0.423521,0.004119,0.099162,0.009405,0.087487,0.024692,0.000000,0.049684,0.000000,0.009823,0.088360,0.033853,0.000000,0.004384,0.000000,0.012552,0,2,2,2,1,2,2
0.504492,0.005891,0.107354,0.011804,0.077870,0.031029,0.000000,0.061114,0.018010,0.010018,0.142458,0.022700,0.000000,0.006260,0.000000,0.009984,1,1,2,2,2,2,2
0.504861,0.004327,0.116377,0.010809,0.070080,0.028731,0.000000,0.058561,0.006903,0.010445,0.150579,0.031778,0.000000,0.006681,0.000000,0.009590,0,2,2,2,2,2,2
0.474821,0.004976,0.069990,0.008305,0.061704,0.018211,0.000000,0.045848,0.023429,0.008880,0.176348,0.031133,0.011065,0.005319,0.000000,0.009613,0,1,1,2,2,2,2
0.444901,0.005356,0.070109,0.012759,0.055579,0.025849,0.000000,0.058120,0.022723,0.011065,0.140511,0.026667,0.000000,0.004594,0.000000,0.011569,0,1,1,2,1,2,2
0.493712,0.006323,0.083019,0.009692,0.076681,0.019263,0.000000,0.058780,0.013080,0.008926,0.176187,0.027439,0.000000,0.003191,0.000000,0.011131,0,1,2,2,2,2,2
0.428954,0.007305,0.119995,0.011076,0.075858,0.021173,0.000000,0.043914,0.000000,0.011014,0.088515,0.026504,0.010662,0.004798,0.000000,0.008140,1,2,2,3,1,1,2
0.494083,0.008405,0.080338,0.010745,0.076408,0.027983,0.000000,0.051031,0.018518,0.010662,0.153503,0.033406,0.008568,0.005089,0.000000,0.009427,0,1,2,2,2,2,2
0.506605,0.006565,0.113873,0.010381,0.056196,0.031255,0.000000,0.031861,0.024303,0.008568,0.170138,0.037350,0.000000,0.007862,0.000000,0.008253,1,1,2,2,2,2,2
0.517148,0.005642,0.069502,0.009270,0.103309,0.024185,0.000000,0.066515,0.020651,0.008284,0.157527,0.035859,0.000000,0.006593,0.000000,0.009811,0,1,2,2,2,2,2
0.385310,0.002141,0.063945,0.011348,0.092237,0.026238,0.000000,0.049455,0.000000,0.009557,0.083575,0.032660,0.000000,0.004915,0.000000,0.009239,0,1,1,2,1,1,1
0.381201,0.004521,0.085147,0.008881,0.063399,0.029872,0.000000,0.066392,0.000000,0.009512,0.065944,0.035464,0.000000,0.002393,0.000000,0.009676,0,1,1,2,1,1,1
0.479344,0.005717,0.074750,0.005392,0.074965,0.026148,0.000000,0.058876,0.028289,0.009181,0.155118,0.023772,0.000000,0.005402,0.000000,0.011734,0,1,1,2,2,2,2
0.476435,0.004441,0.069321,0.010803,0.077865,0.026673,0.000000,0.058557,0.019663,0.010184,0.153449,0.032650,0.000000,0.005366,0.000000,0.007463,0,1,1,2,2,2,2
0.494438,0.006164,0.080475,0.011816,0.096636,0.024060,0.000000,0.048632,0.035846,0.008068,0.136499,0.023818,0.010159,0.003202,0.000000,0.009063,1,1,2,2,2,2,2
0.497862,0.002620,0.106499,0.012705,0.047650,0.030980,0.000000,0.039758,0.000965,0.010159,0.203526,0.029808,0.000000,0.004193,0.000000,0.008999,0,1,1,2,2,2,2
0.321783,0.003943,0.125256,0.009319,0.064741,0.020338,0.000000,0.043294,0.000000,0.010151,0.000000,0.031010,0.000000,0.004756,0.000000,0.008975,0,2,2,2,1,1,1
0.379909,0.005793,0.091033,0.007484,0.065246,0.017476,0.000000,0.044726,0.000000,0.010352,0.096289,0.027551,0.000000,0.003558,0.000000,0.010401,0,1,1,2,1,1,1
0.497301,0.005771,0.095174,0.009645,0.063485,0.027071,0.000000,0.051804,0.017893,0.009334,0.174377,0.027997,0.000000,0.006154,0.000000,0.008596,0,1,1,2,2,2,2
0.394829,0.004304,0.071872,0.012660,0.088605,0.027322,0.000000,0.047249,0.000000,0.010135,0.084461,0.033371,0.000000,0.005062,0.000000,0.009788,0,1,2,2,1,1,1
0.485143,0.006860,0.078264,0.005296,0.085843,0.027331,0.000000,0.056086,0.025196,0.010067,0.142574,0.030337,0.000000,0.005698,0.000000,0.011591,0,1,1,2,2,2,2
0.396344,0.007093,0.113818,0.012541,0.044835,0.028513,0.000000,0.051999,0.000000,0.010785,0.083599,0.025316,0.000000,0.004242,0.000000,0.013603,0,1,2,2,1,1,1
0.390489,0.005854,0.101724,0.009402,0.053258,0.020186,0.010268,0.061875,0.000000,0.008874,0.063346,0.029061,0.010336,0.006437,0.000000,0.009868,0,1,2,2,1,1,1
0.464576,0.003893,0.080353,0.014231,0.057657,0.021782,0.000000,0.038281,0.018136,0.010336,0.179872,0.024706,0.000000,0.004052,0.000000,0.011277,0,1,1,2,2,2,2
0.486214,0.005872,0.069509,0.007305,0.066833,0.033236,0.000000,0.050091,0.020733,0.009813,0.171441,0.030887,0.000000,0.007379,0.000000,0.013115,0,1,1,2,2,2,2
0.411437,0.006164,0.090382,0.011925,0.081570,0.019467,0.000000,0.047567,0.000000,0.011006,0.086390,0.033925,0.009848,0.003594,0.000000,0.009599,0,1,2,2,1,1,1
0.508160,0.005154,0.111701,0.010083,0.062932,0.028806,0.000000,0.045086,0.025890,0.009848,0.167416,0.033483,0.000000,0.001714,0.000000,0.006047,0,1,2,2,2,2,2
0.368096,0.007068,0.085784,0.009569,0.051028,0.028205,0.000000,0.043001,0.000000,0.009592,0.091533,0.030759,0.000000,0.002331,0.000000,0.009226,0,1,1,2,1,1,1
0.384501,0.003127,0.076118,0.013654,0.060577,0.021923,0.000000,0.053656,0.000000,0.008884,0.083639,0.034580,0.009213,0.008927,0.000000,0.010203,0,1,1,2,1,1,1
0.450000,0.007478,0.072379,0.009508,0.073679,0.023129,0.000000,0.049969,0.021186,0.009213,0.142726,0.024521,0.000000,0.006411,0.000000,0.009801,0,1,1,2,2,2,2
0.284964,0.001390,0.041114,0.013648,0.035257,0.022781,0.000000,0.045721,0.000000,0.011338,0.068066,0.026149,0.000000,0.005905,0.000000,0.013595,0,0,1,1,1,1,1
0.390178,0.004863,0.083855,0.010606,0.026018,0.025717,0.000000,0.048202,0.005474,0.009544,0.133448,0.029790,0.000000,0.001839,0.000000,0.010822,0,1,1,2,1,1,1
0.411765,0.006344,0.092493,0.009632,0.019794,0.027932,0.000000,0.060191,0.000000,0.008592,0.142339,0.035182,0.000000,0.001905,0.000000,0.007361,0,1,1,2,1,2,2
0.430013,0.001367,0.083962,0.010625,0.037292,0.027711,0.000000,0.066992,0.000000,0.011678,0.135390,0.029235,0.011613,0.004498,0.000000,0.009650,0,1,1,2,1,1,1
0.448929,0.005394,0.110598,0.009487,0.036531,0.023657,0.000000,0.053314,0.000650,0.011613,0.154960,0.027394,0.000000,0.007414,0.000000,0.007917,1,1,1,2,2,2,2
0.446369,0.006851,0.077227,0.010161,0.040321,0.024276,0.000000,0.057255,0.000000,0.009504,0.158382,0.037195,0.010410,0.004301,0.000000,0.010486,0,1,1,2,1,2,2
0.425448,0.004016,0.089075,0.004332,0.050480,0.019484,0.000000,0.041973,0.014649,0.010410,0.146879,0.028329,0.000000,0.005116,0.000000,0.010705,0,1,1,2,1,2,2
0.450190,0.006937,0.086871,0.013664,0.028204,0.027004,0.000000,0.035305,0.015503,0.009084,0.171285,0.032896,0.008507,0.006358,0.000000,0.008572,1,1,1,2,1,2,2
0.420745,0.002491,0.098888,0.010744,0.031223,0.025578,0.000000,0.041394,0.020494,0.008507,0.134219,0.031714,0.000000,0.008980,0.000000,0.006513,0,1,1,2,1,2,2
0.399330,0.008070,0.050444,0.012376,0.037742,0.031368,0.000000,0.036284,0.006663,0.010047,0.145279,0.037524,0.008829,0.004601,0.000000,0.010103,0,1,1,1,1,2,2
0.418079,0.008328,0.088824,0.007686,0.038099,0.019768,0.000000,0.040621,0.007703,0.008829,0.156593,0.024069,0.000000,0.007590,0.000000,0.009969,1,1,1,2,1,2,2
0.394956,0.004073,0.055050,0.007540,0.044345,0.026337,0.000000,0.063881,0.000000,0.010204,0.132438,0.038868,0.000000,0.004810,0.000000,0.007410,0,1,1,1,1,1,1
0.397542,0.002741,0.060471,0.010543,0.036955,0.030266,0.000000,0.058034,0.000000,0.010720,0.150428,0.020245,0.000000,0.006917,0.000000,0.010222,0,1,1,2,1,1,1
0.423440,0.008162,0.095917,0.008009,0.044997,0.026933,0.000000,0.037043,0.001985,0.010011,0.152307,0.021760,0.000000,0.005439,0.000000,0.010877,1,1,1,2,1,2,2
0.402660,0.001189,0.068356,0.010561,0.041962,0.028669,0.000000,0.049402,0.000000,0.010481,0.144728,0.034234,0.000000,0.004691,0.000000,0.008387,0,1,1,1,1,1,1
0.411464,0.003855,0.066101,0.013412,0.043283,0.027263,0.000000,0.055374,0.000000,0.010103,0.142210,0.036992,0.000000,0.004104,0.000000,0.008767,0,1,1,2,1,1,1
0.405824,0.005655,0.081068,0.008606,0.032374,0.021838,0.000000,0.056195,0.000299,0.010045,0.144636,0.028036,0.000000,0.008608,0.000000,0.008464,0,1,1,2,1,1,1
0.408841,0.004658,0.080239,0.013985,0.022157,0.034636,0.000000,0.043225,0.000000,0.008657,0.156549,0.027497,0.000000,0.004074,0.000000,0.013164,0,1,1,2,1,2,2
0.408404,0.005030,0.083626,0.011937,0.032708,0.017672,0.000000,0.035193,0.013657,0.009372,0.158884,0.028171,0.000000,0.001760,0.000000,0.010394,0,1,1,2,1,1,2
0.450910,0.008174,0.104160,0.009878,0.039388,0.029713,0.000000,0.034596,0.007488,0.009813,0.156538,0.036528,0.000000,0.003699,0.000000,0.010935,1,1,1,2,2,2,2
0.441556,0.004015,0.085033,0.011588,0.036632,0.024203,0.000000,0.054712,0.000000,0.010551,0.152350,0.034593,0.009555,0.005212,0.000000,0.013112,1,1,1,2,1,2,2
0.409839,0.004482,0.071511,0.008076,0.048758,0.025532,0.000000,0.052093,0.004167,0.009555,0.143721,0.023650,0.000000,0.006662,0.000000,0.011632,0,1,1,2,1,2,2
0.401947,0.006169,0.089206,0.011346,0.036367,0.025905,0.000000,0.058419,0.000000,0.009758,0.121697,0.028264,0.000000,0.005653,0.000000,0.009163,0,1,1,2,1,2,2
0.437347,0.002413,0.080572,0.010412,0.049805,0.021380,0.000000,0.059028,0.000000,0.010695,0.144275,0.036028,0.008428,0.005689,0.000000,0.008622,0,1,1,2,1,1,2
0.403347,0.007032,0.065218,0.013114,0.015318,0.026565,0.000000,0.045963,0.011055,0.008428,0.156416,0.029519,0.010875,0.004485,0.000000,0.009359,0,1,1,1,1,1,1
0.438877,0.006831,0.081226,0.013063,0.038307,0.025044,0.000000,0.047712,0.003255,0.010875,0.155756,0.034940,0.009643,0.001392,0.000000,0.010833,1,1,1,2,1,2,2
0.384957,0.003990,0.057333,0.008788,0.044915,0.029480,0.000000,0.031816,0.008056,0.009643,0.150091,0.024373,0.000000,0.006717,0.000000,0.009755,0,1,1,1,1,1,1
0.419557,0.006925,0.104517,0.004724,0.029612,0.022308,0.000000,0.060380,0.000000,0.010059,0.145070,0.022030,0.000000,0.005770,0.000000,0.008162,1,1,1,2,1,2,2
0.445134,0.003108,0.102549,0.011050,0.035949,0.016925,0.000000,0.069818,0.000000,0.009688,0.140128,0.033966,0.008408,0.004729,0.000000,0.008816,0,1,1,2,1,2,2
0.444779,0.004541,0.096654,0.011322,0.033421,0.019476,0.000000,0.045853,0.014149,0.008408,0.170937,0.026063,0.000000,0.006566,0.000000,0.007389,1,1,1,2,1,2,2
0.406328,0.002838,0.070135,0.011817,0.044074,0.023038,0.000000,0.052223,0.002762,0.010334,0.135739,0.032200,0.008937,0.005321,0.000000,0.006910,0,1,1,1,1,2,2
0.399454,0.007290,0.051395,0.008732,0.055726,0.025346,0.000000,0.036266,0.001790,0.008937,0.165074,0.022033,0.000000,0.005709,0.000000,0.011156,0,1,1,2,1,2,2
0.428722,0.002292,0.085272,0.014157,0.023570,0.020439,0.000000,0.049715,0.000000,0.010645,0.174662,0.031664,0.000000,0.007450,0.000000,0.008856,0,1,1,1,1,1,2
0.394297,0.006686,0.081456,0.015702,0.025380,0.031824,0.000000,0.041055,0.018507,0.010167,0.124132,0.026106,0.000000,0.005316,0.000000,0.007966,0,1,1,1,1,1,1
0.410943,0.001840,0.061369,0.009917,0.066561,0.028239,0.000000,0.059632,0.000000,0.009090,0.127524,0.031577,0.000000,0.006900,0.000000,0.008294,0,1,1,2,1,2,2
0.442923,0.005440,0.076783,0.005449,0.043413,0.031268,0.000000,0.052683,0.000000,0.010995,0.151009,0.036202,0.010157,0.008534,0.000000,0.010990,0,1,1,2,1,1,1
0.415818,0.006090,0.078720,0.009815,0.042192,0.026017,0.000000,0.040729,0.013053,0.010157,0.146124,0.026818,0.000000,0.006026,0.000000,0.010077,0,1,1,2,1,2,2
0.411734,0.005996,0.080786,0.007176,0.045067,0.022141,0.000000,0.043652,0.002990,0.010100,0.149744,0.030650,0.000000,0.003926,0.000000,0.009506,0,1,1,2,1,2,2
0.416462,0.005084,0.093287,0.006152,0.037225,0.018916,0.000000,0.054935,0.000000,0.010041,0.147181,0.026824,0.000000,0.006532,0.000000,0.010285,1,1,1,2,1,2,2
0.441279,0.004029,0.110804,0.009706,0.018383,0.021460,0.000000,0.051553,0.000000,0.010946,0.156036,0.033765,0.010091,0.003905,0.000000,0.010601,0,1,1,2,1,2,2
0.410456,0.004882,0.097672,0.009795,0.025678,0.018508,0.000000,0.054176,0.006724,0.010091,0.137609,0.027963,0.000000,0.008868,0.000000,0.008490,0,1,1,2,1,2,2
0.420794,0.004602,0.094597,0.005804,0.039901,0.023296,0.000000,0.058351,0.000000,0.009725,0.134047,0.030756,0.000000,0.008338,0.000000,0.011377,0,1,1,2,1,2,2
0.431572,0.005830,0.081225,0.010463,0.046503,0.015084,0.000000,0.047995,0.004415,0.011014,0.169658,0.024304,0.000000,0.003870,0.000000,0.011211,1,1,1,2,1,1,2
0.426477,0.005715,0.096363,0.008544,0.039855,0.019399,0.000000,0.049714,0.004642,0.011243,0.146189,0.028763,0.000000,0.006629,0.000000,0.009421,0,1,1,2,1,2,2
0.418152,0.007293,0.091879,0.013407,0.035965,0.021196,0.000000,0.064331,0.000000,0.010275,0.132604,0.030436,0.000000,0.003155,0.000000,0.007611,0,1,1,2,1,2,2
0.428156,0.001553,0.116147,0.009740,0.032336,0.019116,0.000000,0.049094,0.000000,0.009914,0.148415,0.023929,0.000000,0.005177,0.000000,0.012735,0,1,1,2,1,2,2
0.408380,0.008772,0.062522,0.006437,0.044711,0.028295,0.000000,0.059473,0.000000,0.008716,0.143730,0.032087,0.000000,0.004105,0.000000,0.009532,0,1,1,1,1,1,1
0.389848,0.006452,0.082329,0.009149,0.025495,0.027756,0.000000,0.050211,0.000765,0.010362,0.127614,0.031054,0.000000,0.007429,0.000000,0.011232,0,1,1,2,1,1,1
0.396683,0.001172,0.082823,0.009887,0.037739,0.016566,0.000000,0.056867,0.000000,0.008893,0.135921,0.032132,0.000000,0.006068,0.000000,0.008615,0,1,1,2,1,1,2
0.417959,0.005934,0.084945,0.012419,0.026268,0.016819,0.000000,0.066393,0.000000,0.010090,0.143424,0.037607,0.000000,0.005033,0.000000,0.009027,0,1,1,2,1,1,1
0.425923,0.004905,0.078433,0.012378,0.041571,0.025310,0.000000,0.040407,0.008178,0.008694,0.160488,0.026811,0.000000,0.005689,0.000000,0.013059,0,1,1,2,1,1,1
0.421238,0.007347,0.078318,0.011857,0.030979,0.029564,0.000000,0.058079,0.000000,0.009797,0.138172,0.033242,0.009817,0.004484,0.000000,0.009582,0,1,1,2,1,2,2
0.399743,0.007114,0.081284,0.010875,0.025753,0.021087,0.000000,0.051063,0.002049,0.009817,0.142877,0.032260,0.000000,0.001921,0.000000,0.013643,0,1,1,2,1,2,2
0.405927,0.007793,0.035163,0.009449,0.056811,0.027884,0.000000,0.059065,0.000000,0.010537,0.136397,0.034619,0.009735,0.007194,0.000000,0.011280,0,0,1,1,1,1,1
0.409595,0.006786,0.087935,0.011952,0.032818,0.023618,0.000000,0.045262,0.003419,0.009735,0.139960,0.030322,0.000000,0.006574,0.000000,0.011214,0,1,1,2,1,1,1
0.431716,0.003358,0.088139,0.012058,0.040567,0.019100,0.000000,0.048925,0.000000,0.010148,0.157637,0.039395,0.000000,0.003940,0.000000,0.008449,0,1,1,2,1,2,2
0.425892,0.005365,0.091992,0.006519,0.041120,0.025613,0.000000,0.051369,0.002237,0.010785,0.146965,0.028347,0.000000,0.004865,0.000000,0.010715,0,1,1,2,1,1,2
0.429831,0.005223,0.090812,0.012731,0.038356,0.028578,0.000000,0.041782,0.000000,0.009979,0.156030,0.030253,0.000000,0.008169,0.000000,0.007918,0,1,1,2,1,2,2
0.416264,0.006437,0.097324,0.006860,0.030209,0.025890,0.000000,0.052191,0.007401,0.009870,0.132748,0.032476,0.000000,0.004308,0.000000,0.010550,0,1,1,2,1,2,2
0.404166,0.002844,0.094758,0.010040,0.035417,0.023769,0.000000,0.057097,0.000000,0.009836,0.133432,0.024070,0.000000,0.003152,0.000000,0.009751,0,1,1,2,1,2,2
0.434828,0.004879,0.098613,0.013560,0.032412,0.028883,0.000000,0.040345,0.000000,0.010011,0.156099,0.035040,0.000000,0.006158,0.000000,0.008828,1,1,1,2,1,2,2
0.390925,0.005262,0.073580,0.007805,0.025940,0.017548,0.000000,0.037380,0.025790,0.009536,0.150280,0.026125,0.000000,0.003150,0.000000,0.008529,0,1,1,1,1,1,1
0.413578,0.004612,0.062860,0.012741,0.039553,0.031346,0.000000,0.044131,0.000000,0.009290,0.158805,0.039561,0.000000,0.001724,0.000000,0.008955,0,1,1,1,1,1,1
0.401739,0.003236,0.070664,0.005376,0.047814,0.022930,0.000000,0.056255,0.000000,0.009122,0.137840,0.039159,0.000000,0.001343,0.000000,0.008000,0,1,1,1,1,1,1
0.438556,0.006060,0.097634,0.010794,0.036628,0.033458,0.000000,0.057798,0.000000,0.010571,0.140787,0.031220,0.000000,0.003411,0.000000,0.010195,0,1,1,2,1,2,2
0.397406,0.004278,0.064925,0.011123,0.052311,0.028401,0.000000,0.041284,0.000000,0.010155,0.139534,0.031266,0.000000,0.003707,0.000000,0.010422,0,1,1,2,1,1,1
0.396014,0.006695,0.058670,0.011606,0.049237,0.021066,0.000000,0.038892,0.003176,0.008348,0.151506,0.034350,0.000000,0.004198,0.000000,0.008270,0,1,1,2,1,1,2
0.441625,0.004637,0.072756,0.007404,0.049410,0.024213,0.000000,0.062995,0.000000,0.010243,0.150425,0.031748,0.009385,0.006036,0.000000,0.012373,0,1,1,1,1,1,1
0.419833,0.002425,0.093701,0.010932,0.021662,0.025289,0.000000,0.049307,0.012132,0.009385,0.152362,0.029072,0.000000,0.001147,0.000000,0.012419,0,1,1,2,1,1,1
0.448510,0.002911,0.082813,0.015678,0.030005,0.026341,0.000000,0.062368,0.000000,0.010989,0.155004,0.036072,0.011138,0.005419,0.000000,0.009772,0,1,1,2,1,2,2
0.414768,0.007287,0.090665,0.009394,0.023430,0.031098,0.000000,0.060636,0.002899,0.011138,0.136321,0.030293,0.000000,0.004495,0.000000,0.007112,0,1,1,2,1,2,2
0.420601,0.003783,0.077415,0.012797,0.045734,0.020709,0.000000,0.045052,0.003380,0.010445,0.155343,0.028477,0.000000,0.007135,0.000000,0.010331,0,1,1,2,1,2,2
0.425613,0.004833,0.083664,0.010569,0.038077,0.023900,0.000000,0.041105,0.011440,0.010211,0.153438,0.026215,0.010430,0.004849,0.000000,0.006882,0,1,1,2,1,2,2
0.437348,0.003081,0.099149,0.013815,0.017965,0.019885,0.000000,0.047606,0.002777,0.010430,0.168014,0.033094,0.010824,0.001877,0.000000,0.008831,1,1,1,2,1,2,2
0.386220,0.006024,0.040385,0.013078,0.045892,0.025838,0.000000,0.039544,0.014787,0.010824,0.149565,0.028194,0.000000,0.001956,0.000000,0.010133,0,1,1,1,1,1,1
0.387017,0.003616,0.064230,0.011418,0.029570,0.025010,0.000000,0.045134,0.000000,0.011019,0.154320,0.029122,0.000000,0.004175,0.000000,0.009403,0,1,1,1,1,1,2
0.425809,0.002666,0.099279,0.008271,0.036277,0.021570,0.000000,0.055601,0.000000,0.010816,0.141645,0.035983,0.000000,0.001593,0.000000,0.012108,0,1,1,2,1,2,2
0.384787,0.004273,0.076642,0.010371,0.024115,0.033494,0.000000,0.054756,0.000000,0.009947,0.135618,0.025471,0.000000,0.003864,0.000000,0.006236,0,1,1,1,1,1,1
0.401329,0.003698,0.071816,0.009466,0.029091,0.025991,0.000000,0.047037,0.000000,0.011398,0.157330,0.031426,0.000000,0.003874,0.000000,0.010202,0,1,1,2,1,1,1
0.422910,0.005561,0.098736,0.009790,0.045037,0.026481,0.000000,0.048879,0.000000,0.011175,0.141163,0.024830,0.000000,0.001964,0.000000,0.009294,1,1,1,2,1,2,2
0.404304,0.005647,0.069126,0.012795,0.031092,0.022036,0.000000,0.042635,0.000000,0.010036,0.159106,0.038888,0.000000,0.004896,0.000000,0.008047,0,1,1,2,1,1,1
0.436228,0.005353,0.104879,0.012023,0.036102,0.028225,0.000000,0.058804,0.000000,0.010377,0.138413,0.028268,0.000000,0.003266,0.000000,0.010518,0,1,1,2,1,2,2
0.448364,0.006345,0.088761,0.009922,0.060612,0.021335,0.000000,0.057390,0.000000,0.009751,0.151131,0.031564,0.000000,0.003603,0.000000,0.007950,1,1,1,2,1,2,2
0.400310,0.005583,0.087947,0.008571,0.020646,0.025093,0.000000,0.053359,0.006242,0.009831,0.142310,0.025566,0.000000,0.004437,0.000000,0.010725,0,1,1,2,1,1,1
0.426410,0.002302,0.085470,0.011185,0.027304,0.026342,0.000000,0.055583,0.000000,0.010580,0.154699,0.035924,0.000000,0.005006,0.000000,0.012015,0,1,1,2,1,2,2
0.363958,0.001978,0.046268,0.014081,0.042276,0.030853,0.000000,0.045217,0.003586,0.009837,0.132932,0.026809,0.000000,0.002846,0.000000,0.007275,0,1,1,1,1,1,1
0.402729,0.004315,0.079333,0.012498,0.036019,0.026684,0.000000,0.045456,0.000000,0.009502,0.142873,0.032730,0.000000,0.004805,0.000000,0.008514,0,1,1,2,1,2,2
0.412026,0.002500,0.089775,0.008009,0.035064,0.023519,0.000000,0.035643,0.002311,0.008744,0.155084,0.038324,0.000000,0.005586,0.000000,0.007467,0,1,1,2,1,1,1
0.442592,0.006530,0.077900,0.011024,0.045601,0.022916,0.000000,0.037508,0.005532,0.008284,0.176481,0.027837,0.010023,0.004156,0.000000,0.008800,0,1,1,1,1,1,1
0.419161,0.004582,0.082017,0.010064,0.042743,0.031709,0.000000,0.044837,0.006492,0.010023,0.137187,0.031860,0.000000,0.006428,0.000000,0.011219,0,1,1,2,1,2,2
0.401884,0.007671,0.080782,0.007470,0.039400,0.027748,0.000000,0.032741,0.012000,0.010968,0.146106,0.025339,0.000000,0.004238,0.000000,0.007421,0,1,1,2,1,2,2
0.430512,0.006925,0.090515,0.008872,0.038159,0.023603,0.000000,0.036354,0.000000,0.008516,0.168333,0.034555,0.000000,0.002129,0.000000,0.012551,0,1,1,2,1,2,2
0.429033,0.002650,0.094381,0.004839,0.043229,0.028304,0.000000,0.045609,0.000000,0.008963,0.153917,0.034650,0.000000,0.003451,0.000000,0.009040,0,1,1,2,1,1,2
0.447713,0.005877,0.112629,0.004438,0.026056,0.016784,0.000000,0.036799,0.018935,0.008803,0.160136,0.033296,0.010687,0.002301,0.000000,0.010972,1,1,1,2,1,2,2
0.401166,0.006207,0.072103,0.005696,0.029191,0.027263,0.000000,0.045551,0.005190,0.010687,0.151894,0.029576,0.000000,0.004470,0.000000,0.013338,0,1,1,1,1,1,1
0.403783,0.003260,0.065242,0.014497,0.033575,0.023636,0.000000,0.041676,0.008622,0.009593,0.160641,0.026230,0.000000,0.004161,0.000000,0.012650,0,1,1,1,1,2,2
0.448262,0.006155,0.105513,0.010684,0.034502,0.028904,0.000000,0.052308,0.000000,0.009778,0.148834,0.030090,0.000000,0.008674,0.000000,0.012820,1,1,1,2,1,2,2
0.419978,0.008694,0.063474,0.009187,0.044643,0.031622,0.000000,0.050434,0.000000,0.009960,0.152717,0.032215,0.000000,0.005912,0.000000,0.011120,0,1,1,2,1,1,1
0.414124,0.006786,0.061234,0.011994,0.044656,0.024235,0.000000,0.054587,0.007969,0.011516,0.138326,0.035414,0.000000,0.008152,0.000000,0.009255,0,1,1,2,1,1,2
0.414774,0.003378,0.076473,0.009345,0.041521,0.029974,0.000000,0.063860,0.000000,0.008809,0.142011,0.024471,0.000000,0.005337,0.000000,0.009595,0,1,1,2,1,2,2
0.419706,0.003409,0.081743,0.010589,0.031490,0.020399,0.000000,0.033754,0.026238,0.008862,0.153819,0.029527,0.000000,0.006094,0.000000,0.013782,0,1,1,2,1,2,2
0.394451,0.004653,0.067077,0.014271,0.050715,0.021085,0.000000,0.040332,0.008898,0.010194,0.143640,0.021392,0.000000,0.005338,0.000000,0.006856,0,1,1,2,1,2,2
0.415798,0.006001,0.080422,0.010181,0.035161,0.026447,0.000000,0.057411,0.000000,0.010648,0.149502,0.024288,0.000000,0.005870,0.000000,0.009867,1,1,1,2,1,2,2
0.414174,0.005681,0.093127,0.015470,0.019934,0.032749,0.000000,0.055441,0.000000,0.010983,0.141357,0.027143,0.000000,0.002998,0.000000,0.009291,0,1,1,2,1,1,1
0.418318,0.005047,0.077581,0.007149,0.044883,0.021850,0.000000,0.054552,0.000000,0.009907,0.147701,0.033634,0.000000,0.005664,0.000000,0.010350,0,1,1,2,1,2,2
0.386133,0.003773,0.060653,0.011980,0.038189,0.023243,0.000000,0.054588,0.000000,0.009217,0.135725,0.030297,0.000000,0.004539,0.000000,0.013929,0,1,1,1,1,1,1
0.421473,0.006298,0.086631,0.011494,0.040982,0.030536,0.000000,0.033794,0.000000,0.009253,0.160916,0.027443,0.000000,0.007412,0.000000,0.006714,0,1,1,2,1,2,2
0.410373,0.006275,0.084456,0.010478,0.039940,0.031167,0.000000,0.045131,0.000000,0.010123,0.138985,0.026130,0.000000,0.005265,0.000000,0.012423,0,1,1,2,1,2,2
0.419574,0.004431,0.085436,0.009991,0.046791,0.026867,0.000000,0.042157,0.000000,0.009884,0.154319,0.026568,0.000000,0.003127,0.000000,0.010003,0,1,1,2,1,2,2
0.439749,0.007603,0.083514,0.007538,0.047511,0.022089,0.000000,0.068446,0.000000,0.011035,0.137623,0.035985,0.000000,0.007372,0.000000,0.011033,0,1,1,2,1,1,2
0.397972,0.005296,0.061164,0.008271,0.043378,0.033321,0.000000,0.053487,0.000000,0.011938,0.136146,0.033378,0.000000,0.004329,0.000000,0.007264,0,1,1,2,1,1,1
0.383292,0.003882,0.060998,0.010669,0.039169,0.017946,0.000000,0.044085,0.016899,0.008541,0.135164,0.029868,0.000000,0.003005,0.000000,0.013066,0,1,1,2,1,1,1
0.431938,0.006095,0.110764,0.005958,0.031593,0.023698,0.000000,0.046035,0.000000,0.009579,0.155090,0.027352,0.000000,0.003402,0.000000,0.012372,0,1,1,2,1,2,2
0.413242,0.002945,0.078012,0.011437,0.032290,0.027877,0.000000,0.048884,0.000000,0.009172,0.164571,0.023676,0.000000,0.002633,0.000000,0.011745,0,1,1,1,1,1,1
0.430832,0.005933,0.079807,0.006562,0.027100,0.021485,0.000000,0.048822,0.014865,0.009997,0.162424,0.039581,0.000000,0.005353,0.000000,0.008903,0,1,1,2,1,1,1
0.418521,0.005397,0.067655,0.005820,0.046889,0.024256,0.000000,0.061216,0.010762,0.009889,0.134100,0.035112,0.000000,0.004879,0.000000,0.012546,0,1,1,2,1,2,2
0.437236,0.005574,0.081268,0.009629,0.033970,0.025968,0.000000,0.053320,0.000000,0.010792,0.161315,0.026051,0.010443,0.005180,0.000000,0.013726,0,1,1,2,1,2,2
0.428901,0.008996,0.069905,0.009225,0.041856,0.017549,0.000000,0.046655,0.015876,0.010443,0.159195,0.027786,0.009646,0.004396,0.000000,0.007373,0,1,1,2,1,2,2
0.411323,0.002071,0.088150,0.010651,0.033071,0.027037,0.000000,0.044953,0.003674,0.009646,0.140130,0.037426,0.000000,0.004723,0.000000,0.009791,0,1,1,2,1,2,2
0.432916,0.006597,0.091892,0.014008,0.017502,0.024489,0.000000,0.047660,0.000984,0.010959,0.169807,0.028111,0.000000,0.007284,0.000000,0.013623,0,1,1,2,1,2,2
0.441778,0.003334,0.092640,0.008818,0.033024,0.022175,0.000000,0.059646,0.001905,0.009003,0.150480,0.035548,0.009247,0.006481,0.000000,0.009477,0,1,1,2,1,2,2
0.426181,0.004478,0.089251,0.011437,0.031234,0.017562,0.000000,0.046333,0.017427,0.009247,0.146015,0.038320,0.000000,0.006140,0.000000,0.008737,0,1,1,2,1,2,2
0.422760,0.003596,0.092973,0.014128,0.042661,0.019251,0.000000,0.045740,0.001367,0.009806,0.153798,0.021174,0.000000,0.006393,0.000000,0.011873,0,1,1,2,1,2,2
0.413034,0.003331,0.090260,0.014022,0.033250,0.024525,0.000000,0.048378,0.000000,0.010260,0.152511,0.026489,0.000000,0.001896,0.000000,0.008112,0,1,1,2,1,2,2
0.435153,0.002382,0.101150,0.006286,0.035896,0.024012,0.000000,0.046839,0.000000,0.009390,0.154838,0.035269,0.000000,0.006253,0.000000,0.012838,0,1,1,2,1,2,2
0.429220,0.004472,0.097287,0.012448,0.036955,0.031801,0.000000,0.055020,0.000000,0.010206,0.135174,0.032935,0.000000,0.004612,0.000000,0.008310,1,1,1,2,1,2,2
0.430014,0.002367,0.090130,0.012161,0.042192,0.028278,0.000000,0.062182,0.000000,0.010563,0.133595,0.032026,0.000000,0.004867,0.000000,0.011653,0,1,1,2,1,2,2
0.384854,0.002991,0.059794,0.008997,0.038282,0.033181,0.000000,0.040375,0.005128,0.008718,0.147848,0.024800,0.000000,0.005210,0.000000,0.009530,0,1,1,2,1,1,1
0.415488,0.005242,0.112295,0.007215,0.026774,0.017073,0.000000,0.037967,0.001648,0.009768,0.157174,0.026536,0.000000,0.003776,0.000000,0.010020,0,1,1,2,1,2,2
0.418521,0.007637,0.065318,0.009210,0.033374,0.030153,0.000000,0.056103,0.000000,0.009460,0.157267,0.035195,0.000000,0.006844,0.000000,0.007960,0,1,1,1,1,1,1
0.455025,0.005368,0.097707,0.009885,0.045893,0.028530,0.000000,0.056011,0.002605,0.009466,0.151377,0.035110,0.000000,0.007069,0.000000,0.006004,1,1,1,2,1,2,2
0.401963,0.004464,0.064217,0.007387,0.043027,0.020266,0.000000,0.037444,0.041128,0.009548,0.132375,0.031607,0.000000,0.003323,0.000000,0.007177,0,1,1,2,1,2,2
0.436144,0.006575,0.095709,0.009860,0.049837,0.028396,0.000000,0.036214,0.001975,0.011456,0.149282,0.027984,0.000000,0.005640,0.000000,0.013216,1,1,1,2,2,2,2
0.401244,0.006311,0.072418,0.007549,0.040807,0.022933,0.000000,0.056564,0.000000,0.010529,0.140464,0.022839,0.000000,0.007769,0.000000,0.013061,0,1,1,1,1,1,1
0.431926,0.001811,0.081982,0.010986,0.036328,0.033668,0.000000,0.043389,0.000000,0.009238,0.164746,0.026220,0.011190,0.003723,0.000000,0.008645,0,1,1,2,1,1,1
0.432210,0.004665,0.072668,0.006874,0.048359,0.018053,0.000000,0.044733,0.015748,0.011190,0.149681,0.035213,0.008602,0.007868,0.000000,0.008556,0,1,1,2,1,1,1
0.391423,0.004710,0.063443,0.010854,0.022605,0.018033,0.000000,0.036679,0.016940,0.008602,0.158291,0.034529,0.000000,0.006433,0.000000,0.010304,0,1,1,1,1,1,1
0.407567,0.003054,0.086301,0.011935,0.032627,0.021497,0.000000,0.063909,0.000000,0.008145,0.135530,0.029047,0.000000,0.006083,0.000000,0.009439,0,1,1,2,1,2,2
0.419836,0.005391,0.093833,0.007154,0.029576,0.018706,0.002879,0.046705,0.000000,0.011051,0.158362,0.031859,0.000000,0.003488,0.000000,0.010832,0,1,1,2,1,2,2
0.406192,0.005262,0.097986,0.013168,0.033158,0.028126,0.000000,0.050456,0.000000,0.009775,0.131388,0.022573,0.000000,0.003014,0.000000,0.011286,1,1,1,2,1,1,2
0.418534,0.005481,0.094265,0.010712,0.033334,0.029321,0.000000,0.039331,0.000000,0.009676,0.146882,0.032048,0.000000,0.005193,0.000000,0.012291,0,1,1,2,1,2,2
0.402973,0.006219,0.097411,0.011054,0.028566,0.022551,0.000000,0.053151,0.000000,0.011454,0.140561,0.023582,0.000000,0.002410,0.000000,0.006014,0,1,1,2,1,1,1
0.442396,0.005662,0.085950,0.005033,0.049775,0.027463,0.000000,0.061655,0.000000,0.011892,0.137007,0.030402,0.011575,0.004538,0.000000,0.011444,0,1,1,2,1,2,2
0.439972,0.008317,0.112198,0.010398,0.012563,0.023965,0.000000,0.037678,0.010714,0.011575,0.169649,0.022524,0.000000,0.007034,0.000000,0.013357,0,1,1,2,1,1,1
0.403187,0.005160,0.054277,0.007384,0.049046,0.024600,0.000000,0.049220,0.008692,0.009887,0.156272,0.022832,0.000000,0.002730,0.000000,0.013087,0,1,1,1,1,1,2
0.399921,0.005499,0.057105,0.011421,0.042483,0.027551,0.000000,0.053367,0.000000,0.010344,0.149249,0.027057,0.000000,0.005389,0.000000,0.010456,0,1,1,1,1,1,1
0.408202,0.006565,0.062083,0.013798,0.043183,0.029309,0.000000,0.049408,0.000000,0.009667,0.146532,0.035307,0.000000,0.003486,0.000000,0.008864,0,1,1,1,1,1,1
0.391408,0.004278,0.071084,0.008348,0.044731,0.034076,0.000000,0.062661,0.000000,0.009243,0.109284,0.033784,0.000000,0.001782,0.000000,0.012137,0,1,1,2,1,1,1
0.396112,0.003590,0.075621,0.012966,0.040128,0.017493,0.000000,0.053040,0.000000,0.009679,0.147018,0.024227,0.000000,0.001932,0.000000,0.010418,0,1,1,2,1,2,2
0.406633,0.004067,0.084352,0.009561,0.032991,0.023310,0.000000,0.060795,0.000000,0.010026,0.139861,0.026891,0.000000,0.005524,0.000000,0.009255,0,1,1,2,1,1,1
0.416593,0.005989,0.075706,0.010101,0.037463,0.022484,0.000000,0.047683,0.000000,0.009158,0.155891,0.031168,0.000000,0.008810,0.000000,0.012140,0,1,1,2,1,1,1
0.422187,0.003521,0.064896,0.013141,0.049764,0.018170,0.000000,0.041205,0.017871,0.008528,0.154373,0.036382,0.000000,0.003653,0.000000,0.010683,0,1,1,2,1,1,2
0.384291,0.005609,0.048285,0.012654,0.037187,0.027847,0.000000,0.055864,0.000000,0.010966,0.149401,0.027096,0.000000,0.001213,0.000000,0.008169,0,0,1,1,1,1,1
0.425372,0.006157,0.072003,0.005604,0.056660,0.020933,0.000000,0.051555,0.000000,0.010730,0.154834,0.030112,0.000000,0.005076,0.000000,0.011708,0,1,1,2,1,2,2
0.415294,0.008421,0.075330,0.010430,0.049379,0.027827,0.000000,0.047497,0.000000,0.009087,0.147520,0.030791,0.000000,0.002703,0.000000,0.006309,0,1,1,2,1,2,2
0.418587,0.006614,0.100853,0.012059,0.019882,0.021412,0.000000,0.050663,0.000522,0.008742,0.155012,0.033795,0.000000,0.002520,0.000000,0.006513,0,1,1,2,1,2,2
0.410699,0.005171,0.081701,0.012450,0.046890,0.025617,0.000000,0.054057,0.000000,0.008227,0.136704,0.024328,0.000000,0.007206,0.000000,0.008348,0,1,1,2,1,2,2
0.429204,0.006589,0.097033,0.013594,0.031527,0.024498,0.000000,0.057690,0.000000,0.008306,0.148707,0.027345,0.000000,0.004427,0.000000,0.009488,0,1,1,2,1,2,2
0.425716,0.005029,0.104373,0.008779,0.028478,0.020635,0.000000,0.059436,0.000000,0.010064,0.147530,0.030958,0.000000,0.002362,0.000000,0.008072,1,1,1,2,1,1,2
0.435009,0.005766,0.096186,0.010798,0.032461,0.025907,0.000000,0.056167,0.000000,0.010185,0.157128,0.029351,0.000000,0.002311,0.000000,0.008749,0,1,1,2,1,2,2
0.431390,0.002006,0.101719,0.008173,0.038413,0.023995,0.000000,0.052399,0.001746,0.010756,0.142268,0.035019,0.000000,0.006556,0.000000,0.008340,0,1,1,2,1,2,2
0.441407,0.007771,0.098376,0.005037,0.034959,0.028512,0.000000,0.055838,0.000000,0.010431,0.157651,0.029538,0.000000,0.006403,0.000000,0.006891,1,1,1,2,1,2,2
0.409396,0.004837,0.067101,0.007078,0.044442,0.026984,0.000000,0.058740,0.000000,0.009187,0.149888,0.026106,0.000000,0.006544,0.000000,0.008489,0,1,1,2,1,1,1
0.431203,0.004170,0.093731,0.008784,0.051651,0.030135,0.000000,0.058566,0.000000,0.010840,0.129543,0.028313,0.000000,0.004491,0.000000,0.010979,1,1,1,2,2,2,2
0.426348,0.003774,0.074018,0.009398,0.038301,0.028250,0.000000,0.053326,0.000000,0.008843,0.158074,0.037717,0.000000,0.002907,0.000000,0.011740,0,1,1,2,1,1,2
0.421399,0.006012,0.072683,0.014395,0.040482,0.022986,0.000000,0.047553,0.010739,0.009526,0.143471,0.033423,0.000000,0.007587,0.000000,0.012542,0,1,1,2,1,1,1
0.415537,0.004680,0.090391,0.006397,0.031044,0.017840,0.000000,0.045662,0.014566,0.008826,0.151548,0.027070,0.000000,0.006000,0.000000,0.011513,0,1,1,2,1,2,2
0.393474,0.002857,0.075656,0.013227,0.045693,0.029724,0.000000,0.059309,0.000000,0.011755,0.114819,0.028367,0.000000,0.003094,0.000000,0.008973,0,1,1,2,1,2,2
0.404695,0.003216,0.085090,0.014392,0.031797,0.022830,0.000000,0.051530,0.000000,0.010357,0.138878,0.030760,0.000000,0.008199,0.000000,0.007646,0,1,1,2,1,2,2
0.417527,0.006099,0.071206,0.007302,0.048017,0.026214,0.000000,0.040254,0.000056,0.008025,0.173767,0.027732,0.000000,0.001521,0.000000,0.007334,0,1,1,2,1,1,1
0.434287,0.005203,0.090903,0.008797,0.031521,0.025025,0.000000,0.051677,0.000000,0.010085,0.152433,0.033180,0.008733,0.006074,0.000000,0.010656,0,1,1,2,1,1,2
0.401778,0.003971,0.019141,0.005341,0.086814,0.023236,0.000000,0.046365,0.000000,0.009194,0.158951,0.030345,0.000000,0.004461,0.000000,0.013959,0,1,1,1,1,1,1
0.435046,0.002796,0.102545,0.008546,0.065940,0.026068,0.000000,0.051632,0.000000,0.009720,0.123391,0.032270,0.000000,0.001957,0.000000,0.010181,0,1,2,2,2,2,2
0.448415,0.002550,0.111495,0.011975,0.061028,0.029048,0.000000,0.034900,0.000000,0.009658,0.145727,0.028163,0.000000,0.005181,0.000000,0.008690,0,1,2,2,2,2,2
0.460034,0.003864,0.095880,0.013595,0.075398,0.027635,0.000000,0.036834,0.000000,0.010003,0.157027,0.022700,0.000000,0.007515,0.000000,0.009583,0,1,2,2,1,2,2
0.475069,0.005548,0.094688,0.005353,0.084615,0.021645,0.000000,0.055911,0.000000,0.008768,0.145018,0.036935,0.000000,0.005291,0.000000,0.011297,0,1,2,2,2,2,2
0.471638,0.007160,0.081907,0.013009,0.097337,0.020154,0.000000,0.055824,0.000000,0.008644,0.145580,0.025409,0.000000,0.007617,0.000000,0.008997,0,1,2,2,2,2,2
0.462353,0.005415,0.089752,0.006902,0.101427,0.030217,0.000000,0.059849,0.000000,0.009800,0.110417,0.032411,0.000000,0.003297,0.000000,0.012866,0,1,2,2,2,2,2
0.456897,0.003582,0.095651,0.012992,0.084110,0.033736,0.000000,0.058664,0.000000,0.010272,0.115367,0.027138,0.000000,0.005256,0.000000,0.010129,0,2,2,2,2,2,2
0.418827,0.002450,0.070116,0.008527,0.091371,0.026428,0.000000,0.053561,0.000000,0.008122,0.108328,0.036417,0.000000,0.002685,0.000000,0.010822,0,1,1,2,1,2,2
0.472658,0.004498,0.112736,0.009308,0.084816,0.033275,0.000000,0.064001,0.000000,0.010922,0.108016,0.030385,0.000000,0.004555,0.000000,0.010146,0,2,2,2,2,2,2
0.440770,0.003499,0.071859,0.005207,0.093581,0.033439,0.000000,0.050126,0.000000,0.009104,0.126802,0.030824,0.000000,0.005186,0.000000,0.011143,0,1,2,2,1,2,2
0.437910,0.003703,0.086798,0.005401,0.077040,0.023627,0.000000,0.060973,0.000000,0.010295,0.122954,0.032699,0.000000,0.005612,0.000000,0.008808,0,1,2,2,1,2,2
0.447363,0.002807,0.088672,0.012696,0.065254,0.030248,0.000000,0.051603,0.000000,0.010433,0.144158,0.028823,0.000000,0.003771,0.000000,0.008898,0,1,1,2,1,2,2
0.421505,0.007616,0.077849,0.012305,0.078714,0.019614,0.000000,0.047322,0.000000,0.009380,0.122897,0.028923,0.000000,0.005569,0.000000,0.011316,0,1,2,2,1,2,2
0.459496,0.004475,0.076234,0.011005,0.083345,0.019345,0.000000,0.066617,0.000000,0.010828,0.140519,0.033937,0.000000,0.004145,0.000000,0.009046,0,1,1,2,2,2,2
0.442405,0.005615,0.078295,0.011781,0.086982,0.024018,0.009043,0.050010,0.000000,0.009693,0.123395,0.026922,0.000000,0.006800,0.000000,0.009851,1,1,1,2,1,2,2
0.446661,0.007237,0.077751,0.011965,0.084930,0.030753,0.000000,0.046381,0.000000,0.009527,0.133275,0.034198,0.000000,0.004009,0.000000,0.006635,0,1,2,2,2,2,2
0.451833,0.007089,0.086040,0.009983,0.085382,0.018970,0.000000,0.034759,0.001016,0.011572,0.153997,0.029917,0.000000,0.003878,0.000000,0.009230,0,1,2,2,2,2,2
0.464593,0.008205,0.077265,0.011861,0.083610,0.016512,0.000000,0.045018,0.001612,0.009945,0.159302,0.033960,0.000000,0.007666,0.000000,0.009637,0,1,2,2,2,2,2
0.455853,0.005437,0.088126,0.015607,0.077061,0.027779,0.000000,0.038582,0.006134,0.010130,0.141664,0.033016,0.000000,0.002256,0.000000,0.010061,1,1,2,2,2,2,2
0.432539,0.006297,0.058756,0.007918,0.087430,0.021623,0.000000,0.039804,0.000000,0.010130,0.155460,0.029012,0.000000,0.002969,0.000000,0.013140,0,1,1,2,1,2,2
0.471063,0.003791,0.103340,0.010414,0.084131,0.029239,0.000000,0.044490,0.000000,0.010272,0.139713,0.030586,0.000000,0.005403,0.000000,0.009684,1,1,2,2,2,2,2
0.451934,0.007886,0.104785,0.012075,0.065611,0.025353,0.000000,0.063762,0.000000,0.010457,0.119225,0.024744,0.000000,0.005833,0.000000,0.012203,1,2,2,2,2,2,2
0.434397,0.004143,0.061790,0.008553,0.086602,0.023849,0.000000,0.066062,0.000000,0.010931,0.123967,0.032635,0.000000,0.005056,0.000000,0.010809,0,1,1,2,1,2,2
0.421377,0.005222,0.076542,0.008093,0.072493,0.021402,0.000000,0.042496,0.000000,0.009774,0.145735,0.026500,0.000000,0.005123,0.000000,0.007997,0,1,1,2,1,2,2
0.477838,0.007732,0.103087,0.009333,0.088647,0.028875,0.000000,0.050510,0.000000,0.010253,0.136878,0.028924,0.000000,0.004113,0.000000,0.009486,1,1,2,2,2,2,2
0.470678,0.005068,0.090414,0.012216,0.093155,0.025260,0.009523,0.040942,0.000000,0.010423,0.144907,0.030090,0.000000,0.002426,0.000000,0.006254,1,2,2,2,2,2,2
0.456248,0.007437,0.088703,0.005636,0.067872,0.027747,0.000000,0.061047,0.000000,0.008128,0.136971,0.033848,0.000000,0.007200,0.000000,0.011659,0,1,2,2,2,2,2
0.445989,0.001647,0.079829,0.010637,0.083491,0.028920,0.000000,0.063154,0.000000,0.008859,0.121312,0.031078,0.000000,0.004915,0.000000,0.012147,0,1,2,2,2,2,2
0.438548,0.003022,0.087969,0.009761,0.079656,0.023579,0.000000,0.052768,0.000000,0.009569,0.129969,0.027640,0.000000,0.003700,0.000000,0.010915,0,1,2,2,2,2,2
0.434980,0.006032,0.079487,0.012252,0.078487,0.023843,0.000000,0.061007,0.000000,0.008596,0.124000,0.028092,0.000000,0.003795,0.000000,0.009389,0,1,2,2,1,2,2
0.445961,0.003352,0.088147,0.007625,0.080995,0.032664,0.000000,0.035933,0.000000,0.009688,0.149423,0.024404,0.000000,0.004786,0.000000,0.008944,0,1,2,2,1,2,2
0.449310,0.004279,0.082437,0.011588,0.091729,0.021229,0.000000,0.062212,0.000000,0.009772,0.121079,0.028846,0.000000,0.005633,0.000000,0.010506,0,1,2,2,1,2,2
0.439374,0.005169,0.082639,0.014026,0.078103,0.024209,0.000000,0.061965,0.000000,0.010946,0.117640,0.027503,0.000000,0.005636,0.000000,0.011538,0,1,2,2,2,2,2
0.453282,0.005712,0.107493,0.010427,0.066696,0.016449,0.000000,0.035503,0.000000,0.008927,0.157686,0.030665,0.000000,0.005701,0.000000,0.008023,0,1,2,2,2,2,2
0.452440,0.005726,0.095341,0.008437,0.083284,0.017515,0.000000,0.044880,0.000000,0.009869,0.140168,0.032344,0.000000,0.003872,0.000000,0.011004,0,1,2,2,2,2,2
0.444397,0.004898,0.106869,0.008149,0.070790,0.026171,0.000000,0.055853,0.000000,0.010788,0.113066,0.034629,0.000000,0.006367,0.000000,0.006817,0,1,2,2,2,2,2
0.459275,0.006477,0.087574,0.008065,0.093850,0.020127,0.000000,0.032457,0.000000,0.009123,0.153196,0.031031,0.000000,0.004735,0.000000,0.012640,0,1,2,2,2,2,2
0.419432,0.003335,0.079108,0.010544,0.062012,0.025665,0.000000,0.063596,0.000000,0.010577,0.116790,0.030682,0.000000,0.004112,0.000000,0.013011,0,1,1,2,1,2,2
0.484213,0.005491,0.108380,0.010993,0.066722,0.021427,0.010572,0.053842,0.000000,0.009200,0.148909,0.034456,0.000000,0.004500,0.000000,0.009721,1,1,2,2,2,2,2
0.416573,0.001833,0.081899,0.008355,0.070877,0.031203,0.000000,0.061818,0.000000,0.010051,0.102240,0.029056,0.000000,0.005946,0.000000,0.013295,0,1,1,2,1,2,2
0.473708,0.003630,0.092571,0.007702,0.089187,0.026040,0.000000,0.058688,0.000000,0.009530,0.132784,0.035662,0.000000,0.005162,0.000000,0.012752,0,1,2,2,2,2,2
0.449761,0.006750,0.076259,0.005066,0.085836,0.021658,0.008267,0.033282,0.000000,0.009978,0.152773,0.030783,0.000000,0.005721,0.000000,0.013388,0,1,1,2,1,2,2
0.443853,0.006566,0.083140,0.007997,0.077431,0.027155,0.000000,0.064089,0.000000,0.010004,0.122104,0.031758,0.000000,0.004932,0.000000,0.008677,0,1,2,2,1,2,2
0.435526,0.006794,0.085428,0.007576,0.083036,0.020548,0.013883,0.051950,0.000000,0.010345,0.107884,0.034999,0.000000,0.006420,0.000000,0.006663,0,1,2,2,2,2,2
0.443478,0.006577,0.081129,0.006158,0.089150,0.022215,0.000000,0.048554,0.000000,0.009691,0.130843,0.035422,0.000000,0.005874,0.000000,0.007865,0,1,2,2,2,2,2
0.466046,0.007058,0.086043,0.007305,0.081580,0.031955,0.010876,0.058132,0.000000,0.010202,0.119808,0.036384,0.000000,0.006803,0.000000,0.009900,0,1,2,2,1,2,2
0.464671,0.006301,0.074167,0.013802,0.087007,0.031220,0.000000,0.040156,0.003736,0.010274,0.137018,0.034687,0.010780,0.007347,0.000000,0.008176,0,1,2,2,1,2,2
0.454794,0.007379,0.088667,0.009180,0.070228,0.029849,0.000000,0.032765,0.003592,0.010780,0.159870,0.028518,0.000000,0.004223,0.000000,0.009743,0,1,2,2,2,2,2
0.453694,0.002936,0.081494,0.010072,0.082175,0.017828,0.000000,0.056661,0.000000,0.010985,0.142105,0.031337,0.000000,0.008545,0.000000,0.009556,0,1,2,2,2,2,2
0.460604,0.003873,0.099774,0.006326,0.075032,0.028251,0.016555,0.044566,0.000000,0.008718,0.125053,0.036945,0.000000,0.004797,0.000000,0.010714,0,1,1,2,2,2,2
0.445089,0.005057,0.092102,0.007070,0.085533,0.030421,0.000000,0.047483,0.000000,0.009455,0.126186,0.028669,0.000000,0.002655,0.000000,0.010458,0,1,2,2,2,2,2
0.406985,0.004042,0.063927,0.010316,0.080562,0.025211,0.000000,0.042498,0.000000,0.009662,0.126426,0.029074,0.000000,0.005247,0.000000,0.010020,0,1,1,2,1,2,2
0.444469,0.006809,0.093443,0.015343,0.074930,0.028123,0.000000,0.053427,0.000000,0.010026,0.111798,0.039401,0.000000,0.003847,0.000000,0.007322,1,1,2,2,2,2,2
0.467368,0.005254,0.103295,0.008013,0.068398,0.026724,0.000000,0.068071,0.000000,0.011467,0.125831,0.037418,0.000000,0.002169,0.000000,0.010728,1,1,2,2,1,2,2
0.432016,0.002523,0.071160,0.009058,0.078176,0.024061,0.000000,0.063980,0.000000,0.010816,0.128001,0.028029,0.000000,0.006496,0.000000,0.009716,0,1,1,2,1,2,2
0.444194,0.007939,0.077111,0.014457,0.069259,0.023613,0.014331,0.057317,0.000000,0.008090,0.121369,0.033693,0.000000,0.006889,0.000000,0.010126,0,1,1,2,1,2,2
0.456482,0.004205,0.106503,0.008766,0.082113,0.025284,0.000000,0.034628,0.006423,0.011357,0.129891,0.032109,0.000000,0.006217,0.000000,0.008986,1,2,2,2,2,2,2
0.435097,0.003704,0.073132,0.006852,0.081421,0.019227,0.000000,0.064023,0.000000,0.009205,0.124534,0.034391,0.000000,0.007856,0.000000,0.010752,0,1,1,2,1,2,2
0.456455,0.003471,0.115176,0.008449,0.076577,0.024717,0.005844,0.035649,0.000000,0.008428,0.126692,0.035759,0.000000,0.004503,0.000000,0.011190,1,2,2,2,2,2,2
0.426225,0.006592,0.084273,0.009619,0.064364,0.030788,0.000000,0.049890,0.000000,0.008728,0.134181,0.022330,0.000000,0.005854,0.000000,0.009606,0,1,2,2,1,2,2
0.436088,0.005990,0.066309,0.011309,0.096333,0.026455,0.000000,0.042435,0.000000,0.009195,0.139269,0.022165,0.000000,0.007753,0.000000,0.008875,0,1,1,2,1,2,2
0.450700,0.006701,0.079792,0.013910,0.077999,0.028242,0.000000,0.050052,0.000000,0.011709,0.140492,0.025950,0.000000,0.007842,0.000000,0.008011,0,1,2,2,1,2,2
0.430311,0.006363,0.079317,0.013764,0.081110,0.024142,0.000000,0.053104,0.000000,0.010917,0.124361,0.021208,0.000000,0.005432,0.000000,0.010593,0,1,2,2,2,2,2
0.450158,0.006479,0.073590,0.011487,0.098543,0.032278,0.000886,0.063971,0.000000,0.011512,0.099799,0.032035,0.000000,0.008229,0.000000,0.011349,0,1,2,2,2,2,2
0.446846,0.003500,0.100409,0.013756,0.065058,0.023077,0.000000,0.052839,0.000000,0.008232,0.129839,0.031850,0.000000,0.004937,0.000000,0.013349,0,1,2,2,1,2,2
0.440268,0.005161,0.088870,0.014194,0.068828,0.018379,0.000000,0.048550,0.000000,0.009916,0.141296,0.029084,0.000000,0.005010,0.000000,0.010980,0,1,2,2,2,2,2
0.443135,0.006664,0.089392,0.010231,0.073017,0.027019,0.000000,0.047999,0.000000,0.008915,0.137938,0.029192,0.000000,0.004334,0.000000,0.008434,0,1,1,2,2,2,2
0.448516,0.005019,0.099856,0.005847,0.088077,0.023860,0.000000,0.035969,0.000000,0.010630,0.140519,0.026455,0.000000,0.005486,0.000000,0.006798,1,1,2,2,2,2,2
0.465344,0.001872,0.089901,0.010978,0.092706,0.022569,0.000000,0.054205,0.000000,0.009977,0.128927,0.037946,0.000000,0.006128,0.000000,0.010135,1,1,2,2,2,2,2
0.432898,0.008314,0.055989,0.007053,0.082992,0.015950,0.000000,0.064435,0.000000,0.008887,0.139180,0.033375,0.000000,0.004924,0.000000,0.011799,0,1,1,2,1,2,2
0.414921,0.006986,0.068948,0.011264,0.073700,0.027811,0.009513,0.067216,0.000000,0.010147,0.100577,0.025613,0.000000,0.006126,0.000000,0.007020,0,1,1,2,1,2,2
0.449476,0.005969,0.100634,0.010234,0.080512,0.024751,0.000000,0.052298,0.000000,0.009833,0.125794,0.025373,0.000000,0.006684,0.000000,0.007394,1,1,2,2,2,2,2
0.476393,0.005837,0.087847,0.015388,0.086748,0.034030,0.000000,0.032102,0.000000,0.009607,0.160324,0.032836,0.000000,0.001559,0.000000,0.010115,1,1,2,2,2,2,2
0.425529,0.006983,0.073161,0.013070,0.070107,0.016791,0.000000,0.060878,0.000000,0.009693,0.139208,0.025619,0.000000,0.003068,0.000000,0.006951,0,1,1,2,1,2,2
0.431872,0.005636,0.080675,0.011237,0.078345,0.025611,0.000000,0.056936,0.000000,0.009602,0.115280,0.031842,0.000000,0.006405,0.000000,0.010303,0,1,1,2,2,2,2
0.423277,0.008630,0.069598,0.010662,0.088476,0.025604,0.000000,0.048402,0.000000,0.009291,0.121937,0.024821,0.000000,0.002226,0.000000,0.013630,0,1,2,2,1,2,2
0.443105,0.005166,0.075502,0.009886,0.087032,0.020558,0.000000,0.043733,0.000000,0.008800,0.141255,0.038280,0.000000,0.002147,0.000000,0.010746,0,1,2,2,1,2,2
0.439155,0.006216,0.079360,0.008577,0.082065,0.021273,0.000000,0.037780,0.000754,0.010255,0.141230,0.032440,0.000000,0.007232,0.000000,0.011973,0,1,2,2,1,2,2
0.442315,0.005598,0.075041,0.009520,0.090035,0.029509,0.014475,0.041990,0.000000,0.010111,0.121925,0.029703,0.000000,0.001817,0.000000,0.012591,0,1,1,2,1,2,2
0.496003,0.005790,0.126113,0.012792,0.064632,0.028170,0.000000,0.039158,0.000000,0.011468,0.151217,0.034043,0.010486,0.002985,0.000000,0.009149,1,2,2,3,2,2,2
0.436204,0.001286,0.086899,0.014559,0.076975,0.022237,0.000000,0.032644,0.007977,0.010486,0.141084,0.029101,0.000000,0.005719,0.000000,0.007237,0,1,2,2,2,2,2
0.462374,0.007033,0.084471,0.007477,0.087978,0.023420,0.000000,0.061482,0.000000,0.010506,0.131748,0.036627,0.000000,0.001257,0.000000,0.010375,0,1,2,2,2,2,2
0.464665,0.007714,0.084721,0.013086,0.080083,0.027114,0.000000,0.047543,0.000000,0.009325,0.152760,0.030548,0.000000,0.004192,0.000000,0.007579,0,1,2,2,1,2,2
0.446136,0.006759,0.095333,0.009248,0.080213,0.019967,0.000000,0.041131,0.007695,0.011655,0.129605,0.031420,0.000000,0.003920,0.000000,0.009190,0,1,2,2,2,2,2
0.448503,0.005740,0.080688,0.013087,0.084048,0.021378,0.000000,0.048431,0.000000,0.011500,0.138272,0.029568,0.000000,0.003324,0.000000,0.012467,0,1,2,2,2,2,2
0.456475,0.005113,0.091738,0.010458,0.085593,0.024804,0.007509,0.040414,0.000000,0.010861,0.143545,0.022704,0.000000,0.005633,0.000000,0.008103,1,1,2,2,2,2,2
0.454277,0.002937,0.096945,0.008275,0.078596,0.032553,0.000000,0.048126,0.000000,0.008707,0.138120,0.026769,0.000000,0.005648,0.000000,0.007601,0,1,2,2,2,2,2
0.454817,0.005853,0.094187,0.012103,0.083562,0.024936,0.013135,0.040374,0.000000,0.010218,0.128998,0.030453,0.000000,0.003720,0.000000,0.007278,1,1,2,2,2,2,2
0.444138,0.004611,0.113081,0.008315,0.064376,0.021806,0.000000,0.049382,0.000000,0.010796,0.132004,0.027160,0.000000,0.003708,0.000000,0.008899,0,1,2,2,2,2,2
0.447675,0.004508,0.076616,0.004442,0.074425,0.027337,0.000000,0.047091,0.000000,0.009495,0.154570,0.036510,0.000000,0.005138,0.000000,0.007543,0,1,1,2,1,2,2
0.446640,0.006152,0.098178,0.010001,0.087714,0.031203,0.000000,0.047506,0.000000,0.011325,0.117822,0.021696,0.000000,0.006145,0.000000,0.008898,1,1,2,2,2,2,2
0.423751,0.003418,0.068873,0.015189,0.084921,0.017883,0.000000,0.047966,0.000000,0.009808,0.131882,0.028703,0.000000,0.005608,0.000000,0.009500,0,1,2,2,2,2,2
0.417719,0.001509,0.066676,0.009136,0.097444,0.030715,0.000000,0.050665,0.000000,0.009990,0.107690,0.028730,0.000000,0.008129,0.000000,0.007035,0,1,1,2,1,2,2
0.447302,0.005791,0.067599,0.012591,0.090069,0.021646,0.010406,0.033861,0.000000,0.011505,0.144660,0.034765,0.000000,0.002186,0.000000,0.012223,0,1,2,2,1,2,2
0.430773,0.003385,0.074097,0.010258,0.085544,0.024406,0.000000,0.037416,0.001630,0.009282,0.134472,0.032790,0.000000,0.006555,0.000000,0.010938,0,1,2,2,1,2,2
0.439317,0.004933,0.082427,0.011592,0.085842,0.025234,0.000000,0.057116,0.000000,0.010727,0.113518,0.033380,0.000000,0.005786,0.000000,0.008762,0,1,2,2,2,2,2
0.428347,0.007673,0.071252,0.008691,0.094922,0.017408,0.000000,0.056960,0.000000,0.009488,0.119260,0.030145,0.000000,0.005731,0.000000,0.006817,0,1,2,2,1,2,2
0.450560,0.005718,0.076502,0.007351,0.097249,0.030607,0.000000,0.034088,0.000000,0.009874,0.149442,0.025914,0.000000,0.005248,0.000000,0.008567,0,1,2,2,1,2,2
0.443651,0.004481,0.084807,0.008583,0.081139,0.016773,0.000000,0.049348,0.000000,0.009547,0.140566,0.034379,0.000000,0.006478,0.000000,0.007550,0,1,2,2,1,2,2
0.462947,0.001728,0.083654,0.006717,0.099948,0.026774,0.000000,0.044036,0.000000,0.010277,0.141136,0.035298,0.000000,0.002588,0.000000,0.010791,1,1,1,2,2,2,2
0.440130,0.002192,0.084751,0.010777,0.087294,0.020933,0.000000,0.053427,0.000000,0.008535,0.130329,0.026382,0.000000,0.007590,0.000000,0.007920,0,1,2,2,1,2,2
0.453913,0.003899,0.090417,0.009150,0.087282,0.027590,0.000000,0.055714,0.000000,0.010492,0.119706,0.033190,0.000000,0.005300,0.000000,0.011173,0,1,2,2,2,2,2
0.455855,0.004645,0.093487,0.006292,0.091182,0.025216,0.000000,0.055159,0.000000,0.009933,0.131985,0.024422,0.000000,0.004895,0.000000,0.008639,0,1,2,2,2,2,2
0.462109,0.003880,0.097472,0.009073,0.079763,0.017236,0.000000,0.041077,0.001875,0.009279,0.150463,0.034354,0.000000,0.008227,0.000000,0.009410,0,1,2,2,2,2,2
0.354148,0.006020,0.084830,0.013010,0.098588,0.029256,0.000000,0.054425,0.000000,0.009942,0.015932,0.032496,0.000000,0.002132,0.000000,0.007517,0,1,2,2,1,1,1
0.468080,0.006612,0.102363,0.004736,0.084219,0.025058,0.000000,0.050290,0.000000,0.008719,0.137376,0.033903,0.000000,0.005245,0.000000,0.009559,0,1,2,2,2,2,2
0.426096,0.007302,0.055739,0.011399,0.100759,0.030720,0.000000,0.042771,0.000000,0.010354,0.126291,0.030046,0.000000,0.004034,0.000000,0.006681,0,1,1,2,1,2,2
0.432536,0.004924,0.081651,0.010557,0.077659,0.020039,0.000000,0.059487,0.000000,0.010349,0.122022,0.026422,0.000000,0.005900,0.000000,0.013526,0,1,2,2,1,2,2
0.428772,0.004837,0.068823,0.012700,0.087262,0.025068,0.000000,0.047340,0.000000,0.009804,0.130150,0.028220,0.000000,0.004463,0.000000,0.010105,0,1,1,2,1,2,2
0.454244,0.006141,0.077902,0.008624,0.077202,0.030339,0.000000,0.044998,0.000000,0.009721,0.153360,0.033486,0.000000,0.006082,0.000000,0.006389,0,1,2,2,1,2,2
0.441104,0.001103,0.083530,0.010000,0.079802,0.025927,0.000000,0.064297,0.000000,0.010040,0.122194,0.032369,0.000000,0.004817,0.000000,0.007025,0,1,2,2,1,2,2
0.450497,0.005308,0.081772,0.013478,0.077369,0.025330,0.000000,0.039986,0.000000,0.009772,0.153305,0.031200,0.000000,0.002408,0.000000,0.010569,0,1,2,2,2,2,2
0.457334,0.001308,0.076917,0.007979,0.101866,0.034335,0.000000,0.051650,0.000000,0.011473,0.124036,0.029898,0.000000,0.007991,0.000000,0.009881,0,1,2,2,2,2,2
0.451102,0.004212,0.083896,0.010694,0.090541,0.026290,0.000000,0.065505,0.000000,0.011361,0.109459,0.033799,0.000000,0.003547,0.000000,0.011798,0,1,2,2,2,2,2
0.451187,0.002537,0.089678,0.009185,0.079482,0.025077,0.000000,0.053082,0.000000,0.010059,0.139174,0.025814,0.000000,0.007384,0.000000,0.009715,0,1,2,2,2,2,2
0.437481,0.004985,0.082989,0.007913,0.087121,0.027601,0.000000,0.046612,0.000000,0.008623,0.119584,0.028545,0.011364,0.002973,0.000000,0.009171,0,1,2,2,2,2,2
0.544633,0.007482,0.087951,0.010706,0.082500,0.031618,0.000000,0.068981,0.026219,0.011364,0.170762,0.032375,0.000000,0.004821,0.000000,0.009854,0,1,2,2,2,2,2
0.419276,0.005333,0.068191,0.012158,0.068403,0.020101,0.000000,0.049759,0.000000,0.010072,0.132865,0.036557,0.000000,0.006495,0.000000,0.009342,0,1,1,2,1,1,2
0.465854,0.006010,0.092065,0.006472,0.084971,0.019265,0.000000,0.038155,0.000000,0.010071,0.166309,0.028611,0.000000,0.003602,0.000000,0.010323,0,1,2,2,2,2,2
0.454493,0.005843,0.095476,0.014343,0.087092,0.023452,0.000000,0.046511,0.000000,0.010369,0.134426,0.022327,0.000000,0.005158,0.000000,0.009496,1,1,2,2,2,2,2
0.445486,0.006307,0.088438,0.011224,0.087839,0.029217,0.008204,0.040638,0.000000,0.011261,0.116484,0.031977,0.000000,0.004134,0.000000,0.009763,1,2,2,2,2,2,2
0.416687,0.006684,0.056970,0.010276,0.091798,0.020390,0.000000,0.042132,0.000000,0.008724,0.135923,0.031728,0.000000,0.002512,0.000000,0.009550,0,1,2,2,1,2,2
0.469255,0.007432,0.104383,0.012143,0.077940,0.029052,0.000000,0.044940,0.000000,0.009102,0.143061,0.028777,0.000000,0.003768,0.000000,0.008657,1,2,2,2,2,2,2
0.425903,0.004472,0.072894,0.010316,0.081057,0.022998,0.000000,0.037401,0.000000,0.008609,0.147972,0.021767,0.000000,0.006931,0.000000,0.011486,0,1,1,2,1,2,2
0.431112,0.008443,0.069495,0.006673,0.079787,0.026814,0.000000,0.061859,0.000000,0.010167,0.117201,0.034771,0.000000,0.005917,0.000000,0.009985,0,1,1,2,1,2,2
0.435858,0.003887,0.067047,0.011275,0.086394,0.020619,0.000000,0.065538,0.000000,0.010511,0.125458,0.029108,0.000000,0.006900,0.000000,0.009121,0,1,1,2,1,2,2
0.429646,0.003585,0.089345,0.009979,0.068022,0.026259,0.000000,0.044041,0.000000,0.011540,0.138679,0.022846,0.000000,0.004600,0.000000,0.010750,0,1,1,2,1,2,2
0.428512,0.003231,0.078941,0.006930,0.085270,0.023490,0.000000,0.035027,0.000000,0.009906,0.143222,0.028203,0.000000,0.006609,0.000000,0.007683,0,1,1,2,1,2,2
0.434343,0.001642,0.090826,0.012332,0.071214,0.028088,0.000000,0.044308,0.000000,0.010954,0.129244,0.028913,0.000000,0.004885,0.000000,0.011937,0,1,2,2,1,2,2
0.450862,0.006013,0.082756,0.005949,0.089335,0.019884,0.000000,0.042180,0.000000,0.009478,0.144082,0.036014,0.000000,0.002003,0.000000,0.013168,0,1,2,2,1,2,2
0.452083,0.006794,0.083289,0.009507,0.079990,0.031702,0.003276,0.050814,0.000000,0.009926,0.134845,0.025652,0.000000,0.006467,0.000000,0.009821,1,1,2,2,1,2,2
0.421193,0.004997,0.055821,0.010444,0.076435,0.025576,0.000000,0.051684,0.000000,0.010080,0.138785,0.029682,0.000000,0.006668,0.000000,0.011021,0,1,1,2,1,2,2
0.460555,0.005711,0.085470,0.012892,0.083028,0.015752,0.011283,0.040109,0.000000,0.009482,0.150507,0.029537,0.000000,0.004974,0.000000,0.011810,0,1,2,2,2,2,2
0.430694,0.006089,0.099299,0.008188,0.076714,0.022518,0.000000,0.053715,0.000000,0.010738,0.112239,0.029900,0.000000,0.002917,0.000000,0.008377,0,1,2,2,2,2,2
0.469085,0.002328,0.095864,0.004129,0.083169,0.023060,0.000000,0.040715,0.000000,0.010177,0.150725,0.032981,0.010441,0.005383,0.000000,0.010113,0,1,2,2,2,2,2
0.451871,0.002799,0.083481,0.007761,0.092586,0.020109,0.000000,0.037153,0.002522,0.010441,0.159498,0.020482,0.000000,0.004774,0.000000,0.010265,0,1,2,2,1,2,2
0.426685,0.002725,0.076506,0.012203,0.061799,0.022338,0.000000,0.048805,0.000000,0.008878,0.153497,0.028893,0.000000,0.003515,0.000000,0.007526,0,1,1,2,1,2,2
0.443993,0.008060,0.068343,0.009980,0.083997,0.031111,0.000000,0.051973,0.000000,0.010247,0.133110,0.028657,0.000000,0.005297,0.000000,0.013218,0,1,1,2,1,2,2
0.453980,0.004875,0.102124,0.008928,0.086178,0.020594,0.000000,0.051362,0.000000,0.010329,0.123764,0.031059,0.000000,0.004372,0.000000,0.010395,0,2,2,2,2,2,2
0.411767,0.005763,0.081218,0.014766,0.059503,0.022260,0.000000,0.048374,0.000000,0.009951,0.132970,0.021880,0.000000,0.004458,0.000000,0.010624,0,1,1,2,2,2,2
0.434794,0.006665,0.081888,0.009041,0.065619,0.015898,0.000000,0.055305,0.000000,0.010106,0.142741,0.030857,0.000000,0.006598,0.000000,0.010076,0,1,1,2,1,2,2
0.412853,0.007661,0.077229,0.011772,0.076028,0.019196,0.000000,0.044772,0.000000,0.011004,0.122483,0.027677,0.000000,0.005551,0.000000,0.009480,0,1,1,2,1,1,2
0.431951,0.003849,0.084842,0.012913,0.067648,0.027553,0.000000,0.042306,0.000000,0.011628,0.134876,0.029338,0.000000,0.003999,0.000000,0.012999,0,1,1,2,1,2,2
0.438127,0.004787,0.087742,0.014315,0.071522,0.026532,0.000000,0.034144,0.000000,0.010014,0.144586,0.029115,0.000000,0.007095,0.000000,0.008275,0,1,1,2,1,2,2
0.436930,0.003495,0.079984,0.011121,0.085113,0.024321,0.000000,0.050541,0.000000,0.010483,0.126178,0.030842,0.000000,0.004535,0.000000,0.010317,0,1,2,2,1,2,2
0.451917,0.004159,0.085167,0.009835,0.079990,0.032723,0.000000,0.046773,0.000000,0.010322,0.138752,0.026872,0.000000,0.006215,0.000000,0.011109,0,1,2,2,1,2,2
0.432935,0.007647,0.088726,0.005919,0.086355,0.026653,0.000000,0.057689,0.000000,0.008946,0.111103,0.026173,0.000000,0.002722,0.000000,0.011002,0,1,2,2,1,2,2
0.430398,0.001764,0.098567,0.015900,0.071251,0.027335,0.000000,0.049123,0.000000,0.009674,0.117064,0.023925,0.000000,0.005040,0.000000,0.010755,0,1,2,2,2,2,2
0.455131,0.005015,0.076386,0.004421,0.098944,0.027776,0.000000,0.045481,0.000000,0.009368,0.142525,0.031350,0.000000,0.005179,0.000000,0.008686,1,1,2,2,1,2,2
0.463295,0.004008,0.087664,0.006563,0.086959,0.016637,0.000000,0.064571,0.000000,0.010840,0.132350,0.028060,0.010179,0.004183,0.000000,0.011281,1,1,2,2,1,2,2
0.454719,0.006032,0.078067,0.006861,0.094692,0.024369,0.000000,0.030064,0.000063,0.010179,0.168772,0.022894,0.000000,0.004661,0.000000,0.008065,0,1,2,2,2,2,2
0.464529,0.004640,0.100861,0.011923,0.076970,0.026888,0.000000,0.053222,0.000000,0.010560,0.127641,0.032229,0.000000,0.007147,0.000000,0.012448,1,1,2,2,2,2,2
0.410200,0.002674,0.084959,0.005988,0.065971,0.021349,0.000000,0.041893,0.000000,0.008962,0.136912,0.027912,0.000000,0.001629,0.000000,0.011951,0,1,1,2,1,2,2
0.454513,0.005995,0.099657,0.014543,0.077090,0.018162,0.000000,0.057678,0.000000,0.009136,0.138597,0.022027,0.000000,0.001287,0.000000,0.010341,0,1,2,2,2,2,2
0.434395,0.003215,0.060772,0.009335,0.087478,0.025698,0.000000,0.032236,0.000000,0.010592,0.152586,0.035673,0.000000,0.005710,0.000000,0.011100,0,1,1,2,1,1,2
0.424375,0.002844,0.064208,0.011349,0.092325,0.016497,0.000000,0.034909,0.004578,0.010539,0.138659,0.034691,0.000000,0.003086,0.000000,0.010690,0,1,1,2,1,2,2
0.422892,0.006438,0.072919,0.010175,0.085449,0.021164,0.000000,0.050670,0.000000,0.009918,0.123721,0.028671,0.000000,0.005229,0.000000,0.008538,0,1,1,2,1,2,2
0.446549,0.005750,0.088353,0.012993,0.067063,0.022913,0.000000,0.041129,0.000000,0.009105,0.156296,0.034668,0.000000,0.001218,0.000000,0.007061,0,1,1,2,1,2,2
0.427641,0.005786,0.074534,0.013841,0.082762,0.017205,0.000000,0.052319,0.000000,0.011238,0.129140,0.029177,0.000000,0.002729,0.000000,0.008910,0,1,1,2,1,2,2
0.363345,0.005777,0.108875,0.011042,0.074602,0.029721,0.000000,0.033324,0.000000,0.010151,0.047794,0.027857,0.000000,0.006720,0.000000,0.007482,1,2,2,2,1,1,1
0.430918,0.005264,0.078268,0.007097,0.092182,0.017834,0.000000,0.045695,0.000000,0.010659,0.133979,0.024345,0.000000,0.006905,0.000000,0.008690,0,1,2,2,1,2,2
0.450766,0.006356,0.083647,0.012450,0.077603,0.020537,0.000000,0.043131,0.000000,0.010298,0.148649,0.028844,0.000000,0.006117,0.000000,0.013134,0,1,2,2,1,2,2
0.416166,0.003719,0.051999,0.011108,0.081518,0.026293,0.000000,0.048627,0.000000,0.009475,0.140583,0.026622,0.000000,0.005855,0.000000,0.010367,0,1,1,2,1,1,1
0.459009,0.004694,0.082060,0.010648,0.079626,0.022340,0.000000,0.046608,0.000000,0.010335,0.153680,0.033061,0.000000,0.004297,0.000000,0.011660,0,1,2,2,2,2,2
0.436718,0.003607,0.090080,0.008147,0.087091,0.032114,0.000000,0.046990,0.000000,0.009719,0.114916,0.025657,0.000000,0.004595,0.000000,0.013802,0,1,2,2,2,2,2
0.448495,0.006928,0.085681,0.009981,0.082786,0.022176,0.017338,0.050157,0.000000,0.011827,0.109829,0.038443,0.000000,0.006737,0.000000,0.006612,0,1,2,2,2,2,2
0.460693,0.006843,0.082079,0.010071,0.082868,0.030126,0.016376,0.049313,0.000000,0.008300,0.130783,0.032632,0.000000,0.004075,0.000000,0.007227,0,1,2,2,1,2,2
0.472579,0.005303,0.099410,0.009320,0.085138,0.025530,0.000000,0.038420,0.000000,0.008706,0.146279,0.027468,0.011181,0.006190,0.000000,0.009634,0,1,2,2,2,2,2
0.400405,0.003511,0.066997,0.013295,0.070384,0.026146,0.000000,0.033689,0.000597,0.011181,0.136716,0.025046,0.000000,0.003102,0.000000,0.009741,0,1,1,2,1,2,2
0.459867,0.002895,0.102966,0.006128,0.094010,0.027811,0.011908,0.055199,0.000000,0.008286,0.111817,0.022855,0.000000,0.003750,0.000000,0.012242,0,1,2,2,2,2,2
0.479991,0.008999,0.094217,0.010750,0.053993,0.023538,0.000000,0.066813,0.031161,0.010130,0.140052,0.029742,0.000000,0.003612,0.000000,0.006984,0,1,1,1,2,2,2
0.400183,0.002051,0.104085,0.013007,0.055158,0.023027,0.000000,0.036121,0.000000,0.009938,0.109027,0.028943,0.000000,0.006873,0.000000,0.011953,0,1,2,2,1,1,1
0.377830,0.004094,0.097512,0.008264,0.059455,0.016877,0.000000,0.064098,0.000000,0.011530,0.071442,0.029344,0.000000,0.005048,0.000000,0.010166,0,1,1,2,1,1,1
0.491163,0.004870,0.083904,0.007376,0.075385,0.030983,0.000000,0.043868,0.023729,0.010975,0.161625,0.033381,0.000000,0.004868,0.000000,0.010199,1,1,1,2,2,2,2
0.517368,0.002827,0.118729,0.013236,0.043821,0.025051,0.000000,0.064011,0.015704,0.011233,0.172854,0.030888,0.000000,0.007112,0.000000,0.011902,0,1,2,2,2,2,2
0.397412,0.004446,0.106306,0.010682,0.061985,0.030396,0.000000,0.036457,0.000000,0.009438,0.098532,0.021826,0.000000,0.007802,0.000000,0.009542,0,1,2,2,1,1,1
0.343183,0.005301,0.039419,0.012215,0.062464,0.028026,0.000000,0.056495,0.000000,0.010105,0.079180,0.035585,0.000000,0.005480,0.000000,0.008913,0,1,1,1,1,1,1
0.418151,0.003302,0.118200,0.005265,0.058921,0.017173,0.000000,0.060396,0.000000,0.008368,0.098908,0.033290,0.000000,0.005963,0.000000,0.008365,1,1,2,2,1,1,1
0.356977,0.005324,0.078420,0.011540,0.050457,0.017036,0.000000,0.036921,0.000000,0.009219,0.101834,0.031357,0.000000,0.003200,0.000000,0.011669,0,1,1,2,1,1,1
0.404592,0.004490,0.079496,0.005478,0.061956,0.025928,0.000000,0.058252,0.000000,0.010340,0.103220,0.039842,0.000000,0.005587,0.000000,0.010003,0,1,1,2,1,1,1
0.380463,0.005602,0.063251,0.004826,0.075195,0.025313,0.000000,0.049047,0.000000,0.010932,0.096199,0.033671,0.000000,0.006058,0.000000,0.010369,0,1,1,2,1,1,1
0.326059,0.005995,0.050517,0.009044,0.062424,0.024227,0.000000,0.047349,0.000000,0.009398,0.071358,0.026290,0.000000,0.007623,0.000000,0.011834,0,1,1,1,1,1,1
0.490107,0.004990,0.074246,0.005629,0.078897,0.029654,0.000000,0.048233,0.005543,0.010901,0.172407,0.032584,0.009812,0.003322,0.000000,0.013889,0,1,1,2,2,2,2
0.488359,0.003922,0.075698,0.007247,0.088842,0.027438,0.000000,0.054233,0.007632,0.009812,0.158078,0.027466,0.009957,0.007754,0.000000,0.010280,0,1,1,2,2,2,2
0.479117,0.001664,0.086893,0.009047,0.070453,0.025022,0.000000,0.056454,0.012369,0.009957,0.166605,0.024284,0.000000,0.007354,0.000000,0.009015,0,1,2,2,2,2,2
0.478381,0.007289,0.121395,0.009894,0.029507,0.025758,0.000000,0.055988,0.021445,0.009269,0.146439,0.032557,0.000000,0.005366,0.000000,0.013474,0,1,1,2,2,2,2
0.462235,0.004003,0.067264,0.012622,0.053508,0.030743,0.014482,0.063369,0.000000,0.010333,0.159919,0.033307,0.000000,0.003701,0.000000,0.008984,0,1,1,2,2,2,2
0.426895,0.005015,0.024663,0.013569,0.061245,0.025673,0.000000,0.054611,0.036904,0.009284,0.151399,0.029703,0.000000,0.004556,0.000000,0.010273,0,1,1,2,1,1,2
0.384865,0.005171,0.098485,0.008656,0.053325,0.027657,0.000000,0.066829,0.000000,0.009794,0.062959,0.031279,0.009503,0.003308,0.000000,0.007899,1,1,2,2,1,1,1
0.463651,0.004315,0.052293,0.006674,0.075285,0.028159,0.007957,0.042398,0.016112,0.009503,0.163584,0.029496,0.010682,0.006500,0.000000,0.010693,0,1,1,2,2,2,2
0.455914,0.006999,0.051509,0.009500,0.070131,0.029419,0.000000,0.057478,0.009734,0.010682,0.152136,0.033298,0.010798,0.003770,0.000000,0.010460,0,1,1,2,2,2,2
0.468256,0.008112,0.106302,0.010407,0.019678,0.024882,0.000000,0.046816,0.018288,0.010798,0.178850,0.029894,0.000000,0.006322,0.000000,0.007907,0,1,1,2,2,2,2
0.392321,0.004612,0.105273,0.006747,0.065878,0.022814,0.000000,0.054137,0.000000,0.010392,0.084753,0.020578,0.000000,0.004523,0.000000,0.012614,1,1,2,2,1,1,1
0.449421,0.004431,0.081701,0.009522,0.052781,0.025367,0.011323,0.053775,0.011657,0.009247,0.152967,0.025788,0.000000,0.002940,0.000000,0.007922,0,1,1,2,2,2,2
0.463368,0.008970,0.073561,0.007588,0.056666,0.018586,0.000000,0.059682,0.016698,0.010133,0.168108,0.033769,0.000000,0.002305,0.000000,0.007302,0,1,1,2,2,2,2
0.475799,0.004225,0.066886,0.006949,0.075914,0.033474,0.014385,0.052046,0.005557,0.009523,0.152474,0.030374,0.009117,0.007658,0.000000,0.007217,0,1,1,2,2,2,2
0.457008,0.006339,0.077377,0.007009,0.071678,0.028258,0.000000,0.037462,0.024804,0.009117,0.159774,0.021409,0.000000,0.007503,0.000000,0.006278,0,1,2,2,2,2,2
0.387203,0.006422,0.079074,0.009381,0.053301,0.018418,0.000000,0.031062,0.000000,0.009767,0.126633,0.036983,0.000000,0.006139,0.000000,0.010023,0,1,1,2,1,1,1
0.350152,0.006467,0.058593,0.014986,0.054403,0.020005,0.000000,0.045931,0.000000,0.009538,0.085567,0.037038,0.000000,0.005716,0.000000,0.011908,0,1,1,1,1,1,1
0.486966,0.003284,0.094674,0.009287,0.059436,0.026499,0.000000,0.055969,0.022971,0.009111,0.153662,0.036157,0.000000,0.004593,0.000000,0.011323,0,1,1,2,2,2,2
0.482361,0.003821,0.086889,0.009512,0.059542,0.027582,0.000000,0.050567,0.037105,0.009228,0.153863,0.030791,0.000000,0.003197,0.000000,0.010264,0,1,1,2,2,2,2
0.388903,0.004275,0.088763,0.007005,0.057924,0.017059,0.000000,0.041352,0.000000,0.010027,0.116903,0.031188,0.000000,0.003840,0.000000,0.010567,0,1,1,2,1,1,1
0.480907,0.003359,0.100357,0.007335,0.063511,0.023978,0.000000,0.061563,0.021037,0.011897,0.139075,0.035914,0.000000,0.005536,0.000000,0.007345,0,1,1,2,2,2,2
0.498599,0.002741,0.096304,0.012744,0.058282,0.031404,0.008180,0.059587,0.004909,0.009462,0.160755,0.036529,0.000000,0.006163,0.000000,0.011539,0,1,1,2,2,2,2
0.374951,0.005943,0.050789,0.008911,0.067735,0.028510,0.000000,0.063249,0.000000,0.009180,0.083082,0.039946,0.000000,0.006451,0.000000,0.011155,0,1,1,2,1,1,1
0.498384,0.004888,0.098071,0.007500,0.067639,0.021432,0.000000,0.053817,0.044777,0.008284,0.149523,0.027819,0.000000,0.003600,0.000000,0.011034,0,1,1,2,2,2,2
0.378365,0.008036,0.148185,0.011932,0.011391,0.034221,0.000000,0.056400,0.000000,0.011406,0.051883,0.031498,0.000000,0.004990,0.000000,0.008423,1,1,2,3,1,1,2
0.440901,0.004003,0.058810,0.010986,0.039638,0.029214,0.000000,0.038881,0.024878,0.010967,0.161543,0.031605,0.011293,0.006518,0.000000,0.012565,0,1,1,1,1,2,2
0.495000,0.007560,0.098345,0.005248,0.072537,0.030221,0.004373,0.043977,0.015170,0.011293,0.157820,0.030048,0.000000,0.008364,0.000000,0.010044,1,1,2,2,2,2,2
0.442191,0.007065,0.043033,0.015222,0.058324,0.022781,0.000000,0.053913,0.019473,0.011064,0.153840,0.032752,0.010115,0.005091,0.000000,0.009518,0,1,1,2,1,2,2
0.498950,0.006093,0.107624,0.008762,0.056745,0.016596,0.000000,0.058730,0.030177,0.010115,0.157401,0.025269,0.010403,0.002603,0.000000,0.008432,1,1,2,2,2,2,2
0.475206,0.003416,0.070831,0.010785,0.074122,0.015979,0.000000,0.051122,0.021153,0.010403,0.169561,0.032981,0.000000,0.004170,0.000000,0.010683,0,1,1,2,2,2,2
0.337843,0.007643,0.044098,0.008575,0.057150,0.025482,0.000000,0.048191,0.000000,0.009335,0.094907,0.029303,0.000000,0.003602,0.000000,0.009557,0,1,1,1,1,1,1
0.449998,0.005133,0.085498,0.015527,0.042112,0.022491,0.000000,0.064223,0.028742,0.010212,0.136645,0.024665,0.000000,0.005379,0.000000,0.009371,0,1,1,2,2,2,2
0.468639,0.006358,0.040452,0.007408,0.075830,0.026725,0.000000,0.060602,0.000000,0.010699,0.190105,0.036003,0.000000,0.003682,0.000000,0.010775,0,1,1,2,1,2,2
0.385416,0.003817,0.079794,0.012319,0.069215,0.023266,0.000000,0.059859,0.000000,0.010612,0.073078,0.030544,0.008532,0.006483,0.000000,0.007897,0,1,1,2,1,1,1
0.480882,0.004888,0.085723,0.011496,0.067741,0.028848,0.000000,0.052261,0.012986,0.008532,0.167257,0.024577,0.000000,0.005559,0.000000,0.011014,0,1,1,2,2,2,2
0.403460,0.002425,0.085904,0.012670,0.061332,0.017297,0.000000,0.055627,0.000000,0.010308,0.112543,0.034285,0.000000,0.004431,0.000000,0.006638,0,1,1,2,1,1,1
0.400157,0.007555,0.089201,0.008797,0.071771,0.025026,0.000000,0.046202,0.000000,0.009639,0.091624,0.033515,0.000000,0.003559,0.000000,0.013268,0,1,1,2,1,1,1
0.478455,0.005336,0.090526,0.006535,0.065845,0.032262,0.000000,0.049129,0.037030,0.010783,0.146279,0.020142,0.000000,0.003133,0.000000,0.011455,0,1,1,2,2,2,2
0.494839,0.003691,0.103468,0.010530,0.062024,0.026831,0.000000,0.041889,0.021118,0.011446,0.164244,0.036298,0.000000,0.003457,0.000000,0.009843,0,1,2,2,2,2,2
0.499914,0.007851,0.086143,0.013990,0.069243,0.029125,0.009056,0.055166,0.014783,0.009784,0.162548,0.025616,0.000000,0.005135,0.000000,0.011474,0,1,2,2,2,2,2
0.376526,0.006087,0.064951,0.008898,0.053746,0.023715,0.000000,0.050711,0.000000,0.009462,0.097227,0.033804,0.010833,0.005607,0.000000,0.011485,0,1,1,2,1,1,1
0.475913,0.006141,0.062040,0.013350,0.066689,0.021131,0.000000,0.046065,0.033451,0.010833,0.169614,0.030761,0.000000,0.007540,0.000000,0.008298,0,1,1,2,2,2,2
0.324056,0.004595,0.043456,0.005486,0.062093,0.025187,0.000000,0.065022,0.000000,0.009346,0.055663,0.031540,0.010274,0.003730,0.000000,0.007664,0,1,1,1,1,1,1
0.453838,0.006378,0.124079,0.011816,0.097131,0.019330,0.000000,0.052269,0.000000,0.009307,0.098827,0.023741,0.000000,0.001866,0.000000,0.009094,0,2,2,3,2,2,2
0.362150,0.004937,0.077736,0.014683,0.052998,0.023723,0.000000,0.056340,0.000000,0.009261,0.067826,0.029125,0.011485,0.003811,0.000000,0.010225,0,1,1,2,1,1,1
0.459026,0.008133,0.127039,0.012065,0.111937,0.033751,0.000000,0.047262,0.000000,0.010256,0.065308,0.031833,0.000000,0.002796,0.000000,0.008646,0,2,2,3,2,2,2
0.375584,0.004943,0.078828,0.011289,0.058178,0.015363,0.000000,0.047437,0.000000,0.009645,0.090144,0.032635,0.011492,0.006349,0.000000,0.009281,0,1,1,2,1,1,1
0.470563,0.006231,0.079500,0.011646,0.062678,0.024728,0.000000,0.036020,0.029645,0.011492,0.168302,0.027781,0.000000,0.003408,0.000000,0.009132,0,1,1,2,2,2,2
0.368813,0.005855,0.079020,0.004681,0.067489,0.025456,0.000000,0.038163,0.000000,0.010676,0.098500,0.024211,0.000000,0.005027,0.000000,0.009735,0,1,1,2,1,1,1
0.397756,0.008530,0.077141,0.012802,0.064223,0.026677,0.000000,0.054969,0.000000,0.010088,0.089199,0.028884,0.011661,0.002751,0.000000,0.010831,0,1,1,2,1,1,1
0.480677,0.005759,0.086688,0.006915,0.066753,0.029097,0.015694,0.056554,0.005377,0.011661,0.139841,0.029898,0.010590,0.007029,0.000000,0.008821,0,1,1,2,2,2,2
0.463730,0.003995,0.054123,0.015486,0.052437,0.025146,0.000000,0.056713,0.015157,0.010590,0.175615,0.039944,0.000000,0.005649,0.000000,0.008875,0,1,1,2,2,2,2
0.364655,0.004825,0.130814,0.008528,0.019543,0.026404,0.000000,0.032660,0.000000,0.009865,0.089413,0.028074,0.000000,0.007152,0.000000,0.007377,0,1,1,2,1,1,1
0.450762,0.006525,0.047433,0.009145,0.063365,0.027453,0.000000,0.038336,0.034399,0.009098,0.174107,0.021901,0.000000,0.006378,0.000000,0.012622,1,1,1,1,2,2,2
0.505459,0.005302,0.077185,0.010285,0.077385,0.016916,0.000000,0.063865,0.022267,0.011454,0.170837,0.034740,0.000000,0.005282,0.000000,0.009941,1,1,1,2,2,2,2
0.376420,0.006137,0.081479,0.010634,0.072489,0.025431,0.000000,0.061772,0.000000,0.009103,0.062579,0.029696,0.000000,0.005758,0.000000,0.011342,1,1,2,2,1,1,1
0.483858,0.003204,0.127871,0.010068,0.039108,0.028598,0.000000,0.058814,0.000000,0.009751,0.162844,0.027936,0.000000,0.006086,0.000000,0.009578,0,1,2,2,2,2,2
0.470725,0.005200,0.103548,0.012558,0.028774,0.022492,0.008632,0.055924,0.005294,0.009968,0.164065,0.033865,0.010548,0.002783,0.000000,0.007074,0,1,1,2,1,2,2
0.478186,0.005231,0.072595,0.004567,0.070910,0.019768,0.000000,0.050075,0.030855,0.010548,0.147800,0.036007,0.009567,0.007744,0.000000,0.012519,0,1,1,2,2,2,2
0.486902,0.003451,0.107559,0.007892,0.068114,0.024666,0.008847,0.056222,0.004755,0.009567,0.151333,0.033771,0.000000,0.003132,0.000000,0.007593,0,1,2,2,2,2,2
0.517017,0.003908,0.087790,0.008474,0.080384,0.027037,0.015464,0.051593,0.006638,0.011150,0.171213,0.024059,0.011372,0.007069,0.000000,0.010866,0,1,2,2,2,2,2
0.486494,0.005201,0.074962,0.009415,0.061715,0.033092,0.000000,0.049639,0.023839,0.011372,0.157391,0.032364,0.011526,0.005578,0.000000,0.010400,0,1,1,2,2,2,2
0.468615,0.002161,0.080035,0.009551,0.055766,0.023694,0.000000,0.057387,0.032302,0.011526,0.157471,0.026056,0.000000,0.002335,0.000000,0.010331,0,1,1,2,2,2,2
0.377625,0.001341,0.085758,0.014369,0.058569,0.022511,0.000000,0.062709,0.000000,0.011523,0.072830,0.034252,0.000000,0.007731,0.000000,0.006032,0,1,1,2,1,1,1
0.358549,0.006863,0.044803,0.011757,0.060357,0.019744,0.000000,0.048947,0.000000,0.009086,0.102518,0.032891,0.008664,0.005672,0.000000,0.007247,0,1,1,2,1,1,1
0.468113,0.008373,0.079084,0.010584,0.060066,0.029912,0.001991,0.060946,0.019362,0.008664,0.133875,0.029761,0.009812,0.007063,0.000000,0.008620,0,1,1,2,2,2,2
0.481484,0.003750,0.075324,0.005560,0.077888,0.019302,0.000000,0.035944,0.027105,0.009812,0.177793,0.033477,0.000000,0.003826,0.000000,0.011703,0,1,1,2,2,2,2
0.385515,0.005309,0.081123,0.008893,0.062981,0.024269,0.000000,0.052543,0.000000,0.010899,0.086772,0.037203,0.000000,0.004743,0.000000,0.010780,0,1,1,2,1,1,1
0.477459,0.007796,0.107842,0.009786,0.040807,0.033652,0.000000,0.048896,0.028045,0.008691,0.148330,0.024423,0.000000,0.005448,0.000000,0.013743,0,1,1,2,2,2,2
0.460645,0.005501,0.095716,0.014263,0.009818,0.026290,0.000000,0.055479,0.024711,0.010436,0.168735,0.032219,0.000000,0.006292,0.000000,0.011185,0,1,1,2,2,2,2
0.375944,0.002761,0.087934,0.008119,0.062737,0.028318,0.000000,0.032491,0.000000,0.009674,0.094824,0.024865,0.011043,0.003051,0.000000,0.010127,0,1,1,2,1,1,1
0.490845,0.005909,0.096765,0.014089,0.049012,0.025729,0.000000,0.046690,0.012963,0.011043,0.189026,0.026657,0.000000,0.005096,0.000000,0.007866,0,1,1,2,2,2,2
0.359343,0.006882,0.075201,0.011147,0.046491,0.024805,0.000000,0.039443,0.000000,0.010111,0.107144,0.026817,0.000000,0.003091,0.000000,0.008211,0,1,1,1,1,1,1
0.386931,0.006944,0.089664,0.014327,0.065258,0.020858,0.000000,0.044232,0.000000,0.008867,0.092869,0.031023,0.000000,0.003119,0.000000,0.009770,0,1,1,2,1,1,1
0.479991,0.008170,0.107523,0.008256,0.053208,0.032376,0.000000,0.046120,0.024897,0.011668,0.146721,0.028614,0.000000,0.005237,0.000000,0.007201,0,1,2,2,2,2,2
0.474028,0.004621,0.071667,0.008301,0.052477,0.023413,0.000000,0.050869,0.029242,0.010597,0.164987,0.030574,0.010315,0.007968,0.000000,0.008997,0,1,1,2,2,2,2
0.503989,0.008216,0.110642,0.013436,0.048229,0.020216,0.000000,0.056557,0.023939,0.010315,0.160832,0.031563,0.000000,0.007166,0.000000,0.012878,0,1,1,2,2,2,2
0.506460,0.005108,0.095565,0.012973,0.073085,0.030639,0.000000,0.040276,0.036536,0.010591,0.152162,0.025718,0.008862,0.006959,0.000000,0.007986,1,1,2,2,2,2,2
0.507095,0.006134,0.114031,0.011523,0.050944,0.034085,0.014942,0.049759,0.003492,0.008862,0.159321,0.035091,0.000000,0.007130,0.000000,0.011781,1,1,2,2,2,2,2
0.423945,0.005386,0.089670,0.010415,0.020837,0.031635,0.006084,0.062949,0.003809,0.009437,0.141256,0.029444,0.000000,0.004007,0.000000,0.009016,0,1,1,2,1,2,2
0.451725,0.005958,0.063360,0.008740,0.080540,0.029399,0.000000,0.046144,0.014285,0.010356,0.154789,0.027636,0.000000,0.004041,0.000000,0.006477,0,1,1,2,2,2,2
0.481369,0.003681,0.084035,0.005736,0.060853,0.020380,0.000000,0.062009,0.012103,0.011230,0.178272,0.032350,0.000000,0.001865,0.000000,0.008855,0,1,1,2,2,2,2
0.386157,0.007252,0.062211,0.012354,0.083538,0.022177,0.000000,0.055898,0.000000,0.009788,0.090144,0.027398,0.000000,0.005060,0.000000,0.010337,0,1,1,2,1,1,1
0.387452,0.005919,0.079158,0.006909,0.069814,0.027653,0.000000,0.046575,0.000000,0.009827,0.092479,0.033169,0.000000,0.005238,0.000000,0.010711,0,1,1,2,1,1,1
0.485206,0.001648,0.112239,0.008192,0.051482,0.024162,0.000000,0.041845,0.035943,0.010198,0.155890,0.028474,0.000000,0.003210,0.000000,0.011923,0,1,1,2,2,2,2
0.475394,0.005726,0.084184,0.006801,0.072442,0.027612,0.000000,0.057240,0.022070,0.008991,0.139072,0.025736,0.010964,0.005251,0.000000,0.009305,0,1,2,2,2,2,2
0.451310,0.004548,0.061718,0.014741,0.057965,0.024106,0.000000,0.033846,0.022669,0.010964,0.182801,0.025469,0.000000,0.004308,0.000000,0.008175,0,1,1,2,2,2,2
0.412387,0.006736,0.124397,0.008641,0.028687,0.029330,0.000000,0.043816,0.000000,0.008928,0.113149,0.033216,0.000000,0.007052,0.000000,0.008435,0,1,1,2,1,1,1
0.391204,0.005867,0.098306,0.007649,0.067371,0.026952,0.000000,0.049807,0.000000,0.009501,0.078312,0.034131,0.000000,0.002368,0.000000,0.010940,1,1,2,2,1,1,1
0.478796,0.004236,0.049965,0.005212,0.084126,0.018433,0.000000,0.053794,0.032268,0.008022,0.164522,0.038304,0.000000,0.007013,0.000000,0.012901,0,1,1,2,2,2,2
0.367956,0.002943,0.066455,0.010401,0.059929,0.025985,0.000000,0.062114,0.000000,0.009692,0.071917,0.031950,0.009325,0.005225,0.000000,0.012020,0,1,1,2,1,1,1
0.510273,0.007585,0.139698,0.007156,0.026383,0.027813,0.000000,0.037190,0.030329,0.009325,0.182042,0.026587,0.000000,0.007563,0.000000,0.008602,1,1,2,2,2,2,2
0.373409,0.006525,0.072582,0.013230,0.057461,0.026058,0.000000,0.068203,0.000000,0.008900,0.067524,0.037182,0.000000,0.005249,0.000000,0.010495,0,1,1,2,1,1,1
0.366670,0.002068,0.077587,0.010723,0.049594,0.026028,0.000000,0.045515,0.000000,0.010104,0.090549,0.038977,0.000000,0.002415,0.000000,0.013110,0,1,1,2,1,1,1
0.466119,0.006083,0.054736,0.011337,0.083165,0.025153,0.003252,0.049723,0.022471,0.010933,0.157009,0.029698,0.000000,0.003433,0.000000,0.009126,0,1,1,2,2,2,2
0.361611,0.001027,0.083637,0.013167,0.059279,0.026617,0.000000,0.044464,0.000000,0.009643,0.079515,0.030308,0.000000,0.005474,0.000000,0.008480,0,1,1,2,1,1,1
0.467346,0.006335,0.076266,0.010258,0.063999,0.029175,0.012379,0.055834,0.001390,0.010888,0.147810,0.037414,0.000000,0.006338,0.000000,0.009260,0,1,1,2,2,2,2
0.482876,0.002360,0.090380,0.011352,0.049504,0.019901,0.000000,0.060203,0.024708,0.011064,0.163949,0.034851,0.000000,0.004402,0.000000,0.010202,0,1,1,2,2,2,2
0.367072,0.004764,0.090026,0.011069,0.052377,0.028459,0.000000,0.051068,0.000000,0.009475,0.080459,0.026987,0.000000,0.001192,0.000000,0.011196,0,1,1,2,1,1,1
0.484886,0.004745,0.076620,0.012739,0.064071,0.025172,0.015282,0.060475,0.000000,0.011256,0.168713,0.034998,0.000000,0.004270,0.000000,0.006545,0,1,1,2,2,2,2
0.399416,0.005855,0.095357,0.006796,0.061365,0.026893,0.000000,0.035418,0.000000,0.011446,0.097546,0.033714,0.010654,0.005493,0.000000,0.008879,0,1,1,2,1,1,1
0.483334,0.005583,0.089651,0.012498,0.063596,0.027898,0.012612,0.049668,0.012778,0.010654,0.143712,0.028199,0.010149,0.006854,0.000000,0.009482,1,1,1,2,2,2,2
0.490062,0.005241,0.099224,0.011830,0.051300,0.025204,0.000000,0.049689,0.014889,0.010149,0.183197,0.027527,0.000000,0.002907,0.000000,0.008905,0,1,2,2,2,2,2
0.482174,0.003980,0.093122,0.010048,0.072870,0.025472,0.000000,0.053988,0.023773,0.009054,0.147315,0.024596,0.000000,0.008716,0.000000,0.009240,0,1,1,2,2,2,2
0.375681,0.003310,0.114149,0.009625,0.016108,0.020291,0.000000,0.050923,0.000000,0.008677,0.090004,0.036197,0.010212,0.002873,0.000000,0.013312,0,1,1,1,1,1,1
0.425548,0.004790,0.034198,0.008213,0.059726,0.027762,0.000000,0.051297,0.030767,0.010212,0.149935,0.026694,0.008790,0.003895,0.000000,0.009269,0,1,1,1,1,2,2
0.506091,0.006033,0.079013,0.007729,0.084159,0.026109,0.000000,0.047266,0.021313,0.008790,0.174294,0.035034,0.000000,0.006546,0.000000,0.009805,0,1,2,2,2,2,2
0.370463,0.004314,0.103991,0.008658,0.061513,0.021853,0.000000,0.056012,0.000000,0.010934,0.060224,0.028738,0.000000,0.007440,0.000000,0.006786,0,1,2,2,1,1,1
0.473926,0.005113,0.074629,0.004802,0.061216,0.023395,0.000000,0.058767,0.006511,0.010839,0.173182,0.032962,0.010621,0.004851,0.000000,0.007038,0,1,1,2,2,2,2
0.435037,0.003391,0.040965,0.009513,0.060020,0.025071,0.000000,0.052723,0.026695,0.010621,0.156535,0.027394,0.009068,0.004882,0.000000,0.008159,0,1,1,2,1,1,2
0.487006,0.004103,0.071693,0.007131,0.062627,0.029599,0.000000,0.054666,0.018106,0.009068,0.172369,0.039985,0.000000,0.005117,0.000000,0.012542,0,1,1,2,2,2,2
0.460222,0.005405,0.074062,0.010801,0.071194,0.023515,0.000000,0.051158,0.041789,0.008996,0.119714,0.027806,0.010259,0.004418,0.000000,0.011105,0,1,1,2,2,2,2
0.475002,0.004260,0.079044,0.012075,0.055279,0.023689,0.000000,0.042238,0.019187,0.010259,0.174748,0.037986,0.000000,0.004832,0.000000,0.011405,0,1,1,2,2,2,2
0.506134,0.004470,0.106703,0.010326,0.073278,0.030835,0.000000,0.040533,0.031791,0.009513,0.156221,0.026007,0.000000,0.004823,0.000000,0.011634,0,1,2,2,2,2,2
0.370685,0.006292,0.087185,0.015039,0.049674,0.026208,0.000000,0.048470,0.000000,0.010986,0.079756,0.031701,0.000000,0.006034,0.000000,0.009340,0,1,1,2,1,1,1
0.482685,0.003821,0.095050,0.005825,0.054901,0.021608,0.000000,0.057555,0.023093,0.010946,0.159349,0.026859,0.009719,0.004627,0.000000,0.009332,0,1,1,2,2,2,2
0.474423,0.007156,0.079853,0.009026,0.065691,0.020996,0.000000,0.059296,0.017772,0.009719,0.159960,0.029783,0.000000,0.003830,0.000000,0.011341,0,1,1,2,2,2,2
0.433157,0.004068,0.094788,0.007393,0.016928,0.024724,0.000000,0.059943,0.022814,0.010410,0.153362,0.027181,0.000000,0.004062,0.000000,0.007484,0,1,1,2,2,2,2
0.484423,0.006313,0.088357,0.011103,0.062869,0.020543,0.000000,0.044817,0.028967,0.009339,0.164678,0.024079,0.009128,0.004180,0.000000,0.010050,1,1,1,2,2,2,2
0.484289,0.006647,0.082054,0.005451,0.069767,0.028513,0.000000,0.048263,0.022903,0.009128,0.169581,0.027919,0.000000,0.003090,0.000000,0.010973,0,1,1,2,2,2,2
0.395884,0.006766,0.076278,0.011129,0.075712,0.032961,0.000000,0.059659,0.000000,0.009607,0.070559,0.036639,0.000000,0.005589,0.000000,0.010985,1,1,2,2,1,1,1
0.393161,0.006816,0.088506,0.011922,0.067146,0.027224,0.000000,0.050500,0.000000,0.010777,0.094310,0.026550,0.000000,0.002509,0.000000,0.006901,0,1,2,2,1,1,1
0.411419,0.003285,0.101094,0.010065,0.063504,0.025610,0.000000,0.047842,0.000000,0.009249,0.105327,0.029805,0.000000,0.003045,0.000000,0.012593,1,1,2,2,1,1,1
0.414527,0.007409,0.107002,0.006160,0.063248,0.027501,0.000000,0.059979,0.000000,0.010552,0.066672,0.036061,0.010566,0.007793,0.000000,0.011584,1,1,2,2,1,1,1
0.440635,0.007875,0.058744,0.004022,0.068069,0.031132,0.000000,0.044843,0.035748,0.010566,0.142841,0.023991,0.000000,0.005553,0.000000,0.007251,0,1,1,2,2,2,2
0.434667,0.006647,0.037058,0.014969,0.059624,0.025013,0.000000,0.060451,0.000581,0.010678,0.167952,0.026861,0.008105,0.005368,0.000000,0.011360,0,1,1,2,1,2,2
0.469263,0.002062,0.096663,0.015696,0.070966,0.032546,0.000000,0.048497,0.010574,0.008105,0.151213,0.022750,0.000000,0.001905,0.000000,0.008286,0,1,2,2,2,2,2
0.520551,0.007473,0.104896,0.007998,0.066074,0.023599,0.000000,0.061954,0.000000,0.008740,0.190720,0.034327,0.000000,0.005791,0.000000,0.008979,1,1,2,2,2,2,2
0.332787,0.001781,0.074205,0.010282,0.031184,0.026615,0.000000,0.041424,0.000000,0.009452,0.098110,0.026237,0.000000,0.005321,0.000000,0.008176,0,1,1,1,1,1,1
0.380468,0.004840,0.081291,0.008825,0.055408,0.027625,0.000000,0.046636,0.000000,0.010549,0.100014,0.030758,0.000000,0.002134,0.000000,0.012388,0,1,1,2,1,1,1
0.389294,0.007246,0.064110,0.006798,0.076829,0.026670,0.000000,0.048214,0.000000,0.009227,0.092764,0.034989,0.009244,0.003051,0.000000,0.010152,0,1,1,2,1,1,1
0.480177,0.006575,0.094455,0.005738,0.089797,0.031807,0.009669,0.036835,0.024728,0.009244,0.134725,0.022700,0.000000,0.005436,0.000000,0.008468,1,1,2,2,2,2,2
0.476391,0.005217,0.069289,0.011750,0.078350,0.023096,0.000000,0.034891,0.018153,0.009932,0.183697,0.026759,0.000000,0.005247,0.000000,0.010010,0,1,2,2,2,2,2
0.482669,0.006947,0.121944,0.007502,0.018581,0.025112,0.013342,0.062560,0.011865,0.009563,0.158849,0.031453,0.000000,0.004026,0.000000,0.010925,0,1,1,2,2,2,2
0.486848,0.002432,0.092823,0.008183,0.058116,0.030823,0.000000,0.051220,0.030746,0.009760,0.162551,0.025150,0.000000,0.007180,0.000000,0.007864,1,1,1,2,2,2,2
0.299300,0.005523,0.013579,0.009070,0.076723,0.030842,0.000000,0.061743,0.000000,0.009470,0.045631,0.029598,0.000000,0.008032,0.000000,0.009089,0,0,1,1,1,1,1
0.494063,0.002882,0.092267,0.006787,0.064188,0.027180,0.011219,0.057239,0.000000,0.008577,0.179915,0.025704,0.000000,0.005251,0.000000,0.012854,0,1,1,2,2,2,2
0.392216,0.002702,0.084192,0.007282,0.069944,0.017882,0.000000,0.034347,0.000000,0.009909,0.116613,0.025842,0.009074,0.005000,0.000000,0.009429,0,1,1,2,1,1,1
0.492675,0.006467,0.093638,0.005907,0.068807,0.029860,0.000000,0.063230,0.000329,0.009074,0.175713,0.021053,0.000000,0.005201,0.000000,0.013396,0,1,2,2,2,2,2
0.364386,0.004956,0.071348,0.014438,0.052900,0.019271,0.000000,0.061356,0.000000,0.009424,0.066359,0.035814,0.011334,0.005149,0.000000,0.012037,0,1,1,2,1,1,1
0.455361,0.004048,0.074829,0.015007,0.041667,0.019868,0.000000,0.054637,0.026978,0.011334,0.158932,0.033512,0.000000,0.006185,0.000000,0.008364,0,1,1,2,2,2,2
0.458169,0.002300,0.073373,0.006941,0.065086,0.023557,0.000000,0.049198,0.027669,0.009522,0.145284,0.030732,0.010640,0.003950,0.000000,0.009917,0,1,1,2,2,2,2
0.481214,0.008771,0.051010,0.007741,0.073830,0.028862,0.000000,0.053034,0.013875,0.010640,0.175035,0.031475,0.010533,0.007179,0.000000,0.009229,0,1,1,2,2,2,2
0.505502,0.004035,0.095187,0.006224,0.086530,0.021953,0.000000,0.067030,0.008272,0.010533,0.150158,0.033595,0.008573,0.003788,0.000000,0.009624,1,1,2,2,2,2,2
0.478431,0.004551,0.077717,0.010590,0.056383,0.022012,0.000000,0.054736,0.027076,0.008573,0.171372,0.031663,0.000000,0.005207,0.000000,0.008551,0,1,1,2,2,2,2
0.389002,0.002382,0.083839,0.010097,0.049746,0.020429,0.000000,0.042691,0.000000,0.009244,0.121189,0.036373,0.000000,0.006626,0.000000,0.006386,0,1,1,2,1,1,1
0.377804,0.005330,0.074200,0.013974,0.066762,0.029461,0.000000,0.050553,0.000000,0.011324,0.078331,0.024599,0.011808,0.003116,0.000000,0.008346,0,1,1,2,1,1,1
0.463347,0.005338,0.072086,0.011049,0.070685,0.031457,0.000000,0.043302,0.021460,0.011808,0.148167,0.032868,0.000000,0.004800,0.000000,0.010327,0,1,1,2,2,2,2
0.462189,0.003858,0.076163,0.006716,0.072528,0.029978,0.000000,0.057920,0.007476,0.011626,0.148148,0.025314,0.009022,0.005796,0.000000,0.007644,0,1,1,2,2,2,2
0.471680,0.006301,0.081437,0.007802,0.067483,0.019941,0.000000,0.055783,0.002885,0.009022,0.171919,0.038632,0.000000,0.003886,0.000000,0.006589,0,1,1,2,2,2,2
0.498926,0.005418,0.107109,0.012900,0.044059,0.021855,0.000000,0.058977,0.016904,0.010405,0.173683,0.034479,0.000000,0.004829,0.000000,0.008308,0,1,1,2,2,2,2
0.387693,0.007099,0.124424,0.008740,0.030955,0.016154,0.000000,0.053479,0.000000,0.011076,0.078421,0.028421,0.011921,0.005856,0.000000,0.011147,1,1,1,2,1,1,1
0.453498,0.007921,0.063758,0.006550,0.055087,0.023675,0.000000,0.052302,0.017389,0.011921,0.160539,0.027442,0.011454,0.005375,0.000000,0.010085,0,1,1,2,2,2,2
0.489307,0.007081,0.096547,0.008393,0.057961,0.029896,0.000000,0.052715,0.009469,0.011454,0.176279,0.026355,0.000000,0.004831,0.000000,0.008326,0,1,1,2,2,2,2
0.506722,0.001664,0.146165,0.008515,0.018170,0.033507,0.006793,0.066233,0.002153,0.008899,0.151913,0.034835,0.011327,0.005635,0.000000,0.010913,0,1,2,2,2,2,2
0.423582,0.005240,0.026419,0.011576,0.067411,0.028033,0.000000,0.050107,0.025273,0.011327,0.153570,0.028479,0.000000,0.005558,0.000000,0.010589,0,1,1,2,1,2,2
0.478012,0.006196,0.100337,0.015706,0.052761,0.027640,0.005038,0.056671,0.016974,0.011565,0.143961,0.030719,0.000000,0.004282,0.000000,0.006162,0,1,2,2,2,2,2
0.331695,0.007080,0.091035,0.013321,0.064721,0.022279,0.000000,0.058663,0.000000,0.010314,0.019049,0.031065,0.000000,0.003652,0.000000,0.010516,0,1,1,1,1,1,1
0.445357,0.006453,0.096994,0.010992,0.064834,0.025259,0.000000,0.050288,0.000000,0.009954,0.137369,0.032622,0.000000,0.002869,0.000000,0.007723,1,1,2,2,2,2,2
0.440807,0.004131,0.098381,0.005451,0.070239,0.023941,0.000000,0.065466,0.000000,0.010008,0.126592,0.022600,0.000000,0.006043,0.000000,0.007955,1,1,2,2,1,2,2
0.429262,0.005862,0.072864,0.005911,0.066999,0.029587,0.000000,0.039791,0.000000,0.010258,0.151005,0.029854,0.000000,0.007035,0.000000,0.010096,0,1,1,2,1,2,2
0.430422,0.005163,0.083604,0.008116,0.056880,0.032018,0.000000,0.044160,0.000000,0.011388,0.138014,0.031897,0.000000,0.008744,0.000000,0.010438,0,1,1,2,1,1,2
0.442711,0.007837,0.080922,0.005992,0.091539,0.019717,0.000000,0.050789,0.000000,0.008529,0.126857,0.032015,0.000000,0.005773,0.000000,0.012741,1,1,2,2,2,2,2
0.432364,0.002168,0.079328,0.009912,0.066948,0.026071,0.000000,0.041945,0.000000,0.009988,0.153572,0.030914,0.000000,0.002904,0.000000,0.008614,0,1,1,2,1,2,2
0.431974,0.005969,0.081034,0.012269,0.055566,0.030500,0.000000,0.046761,0.000000,0.011070,0.148620,0.024502,0.000000,0.007533,0.000000,0.008150,0,1,1,2,1,1,2
0.433163,0.002730,0.085734,0.008630,0.062762,0.026656,0.000000,0.045409,0.000000,0.009186,0.150084,0.025740,0.000000,0.004422,0.000000,0.011810,0,1,1,2,1,2,2
0.415391,0.007256,0.077729,0.007906,0.065463,0.032815,0.000000,0.063831,0.000000,0.008256,0.110046,0.027642,0.000000,0.005136,0.000000,0.009311,0,1,1,2,1,2,2
0.434840,0.005918,0.066516,0.013699,0.072893,0.031752,0.000000,0.066231,0.000000,0.010036,0.128389,0.024939,0.000000,0.003906,0.000000,0.010561,0,1,1,2,1,2,2
0.433041,0.008719,0.076384,0.008868,0.070006,0.026996,0.000000,0.039600,0.000000,0.010231,0.149745,0.030000,0.000000,0.004070,0.000000,0.008422,0,1,1,2,1,2,2
0.450334,0.004378,0.067801,0.008329,0.085621,0.020731,0.000000,0.036032,0.002924,0.010547,0.158894,0.037681,0.000000,0.003952,0.000000,0.013444,0,1,1,2,2,2,2
0.412960,0.002182,0.099386,0.009107,0.055710,0.022903,0.000000,0.050539,0.000257,0.009923,0.124363,0.025142,0.000000,0.005698,0.000000,0.007750,0,1,1,2,1,2,2
0.448027,0.006595,0.085592,0.004690,0.076191,0.024213,0.000000,0.052780,0.000000,0.009718,0.139979,0.031402,0.000000,0.007531,0.000000,0.009336,0,1,1,2,2,2,2
0.420734,0.003871,0.097794,0.014510,0.050475,0.025527,0.000000,0.052006,0.000000,0.010399,0.122271,0.024981,0.000000,0.006078,0.000000,0.012822,0,1,1,2,1,2,2
0.439764,0.003937,0.087427,0.005166,0.086169,0.030830,0.000000,0.037321,0.000000,0.010404,0.131500,0.027959,0.000000,0.007226,0.000000,0.011825,0,1,1,2,2,2,2
0.468851,0.007731,0.075018,0.010968,0.087544,0.026715,0.000000,0.031157,0.000000,0.011846,0.168318,0.033855,0.000000,0.006266,0.000000,0.009433,0,1,2,2,1,2,2
0.455294,0.007885,0.088314,0.012312,0.063125,0.015038,0.000000,0.045042,0.028270,0.009754,0.150060,0.025154,0.000000,0.003420,0.000000,0.006920,0,1,2,2,1,2,2
0.395238,0.005097,0.058596,0.007006,0.084611,0.024965,0.000000,0.065282,0.000000,0.010203,0.103200,0.026327,0.000000,0.002691,0.000000,0.007260,0,1,1,2,1,2,2
0.400339,0.002743,0.069368,0.008255,0.074755,0.025727,0.000000,0.065191,0.000000,0.010523,0.104141,0.029549,0.000000,0.001695,0.000000,0.008392,0,1,1,2,1,2,2
0.428122,0.007570,0.078625,0.009999,0.059765,0.024539,0.000000,0.057165,0.000000,0.009532,0.133906,0.032925,0.000000,0.004473,0.000000,0.009623,0,1,1,2,1,1,1
0.408730,0.006680,0.069758,0.007595,0.060932,0.025930,0.000000,0.045102,0.004090,0.008361,0.131738,0.036213,0.000000,0.003643,0.000000,0.008688,0,1,1,2,1,1,1
0.418544,0.006128,0.074467,0.004036,0.076845,0.027693,0.000000,0.048146,0.000000,0.011270,0.121935,0.032179,0.000000,0.005163,0.000000,0.010682,0,1,1,2,1,2,2
0.413338,0.003170,0.096362,0.011490,0.047052,0.028582,0.000000,0.056716,0.000000,0.010233,0.112467,0.029282,0.000000,0.004431,0.000000,0.013553,0,1,1,2,1,2,2
0.422384,0.004670,0.079672,0.008384,0.073946,0.028889,0.000000,0.035619,0.000000,0.009078,0.137430,0.029258,0.000000,0.005915,0.000000,0.009523,0,1,1,2,1,2,2
0.422010,0.005682,0.080718,0.010347,0.060912,0.019865,0.000000,0.065241,0.000000,0.011468,0.118382,0.035350,0.000000,0.006572,0.000000,0.007473,0,1,1,2,1,1,2
0.435325,0.005071,0.068474,0.007721,0.084699,0.024271,0.000000,0.054970,0.000000,0.011332,0.136622,0.028436,0.000000,0.003931,0.000000,0.009798,0,1,1,2,1,2,2
0.460124,0.001627,0.082036,0.010452,0.075530,0.030450,0.000000,0.044841,0.000000,0.010802,0.147291,0.038405,0.000000,0.006304,0.000000,0.012386,0,1,1,2,1,2,2
0.435526,0.006505,0.074484,0.010506,0.077509,0.021366,0.000000,0.059242,0.000000,0.008997,0.132108,0.032542,0.000000,0.003743,0.000000,0.008524,1,1,2,2,1,2,2
0.428204,0.004919,0.085915,0.009345,0.067072,0.025547,0.000000,0.051827,0.000000,0.009134,0.130065,0.029619,0.000000,0.004499,0.000000,0.010262,0,1,1,2,2,2,2
0.451523,0.004917,0.086867,0.012297,0.068625,0.032489,0.000000,0.064340,0.000000,0.010514,0.127749,0.030346,0.000000,0.004301,0.000000,0.009078,0,1,1,2,1,2,2
0.443997,0.006221,0.082049,0.007664,0.073747,0.019691,0.000000,0.054356,0.000348,0.009126,0.141945,0.034841,0.000000,0.004519,0.000000,0.009490,0,1,2,2,1,2,2
0.442703,0.004828,0.103788,0.009383,0.053933,0.025913,0.000000,0.044421,0.000000,0.010704,0.140383,0.032425,0.000000,0.006532,0.000000,0.010393,1,1,1,2,2,2,2
0.439081,0.005178,0.095660,0.012432,0.070233,0.023334,0.000000,0.043965,0.000000,0.010378,0.128319,0.031820,0.000000,0.008018,0.000000,0.009744,1,1,2,2,2,2,2
0.439794,0.003512,0.077190,0.007115,0.057490,0.019252,0.000000,0.048460,0.000000,0.010192,0.162360,0.032356,0.008705,0.004069,0.000000,0.009093,0,1,1,2,1,1,2
0.476342,0.004666,0.101427,0.009998,0.061219,0.021964,0.000000,0.042924,0.009526,0.008705,0.163663,0.035855,0.000000,0.005497,0.000000,0.010898,1,1,1,2,1,2,2
0.409846,0.004810,0.061796,0.009198,0.079167,0.022234,0.000000,0.055307,0.002773,0.008987,0.123089,0.026637,0.000000,0.006669,0.000000,0.009179,0,1,1,2,1,2,2
0.427416,0.005193,0.096099,0.009174,0.071364,0.027867,0.000000,0.043452,0.000000,0.011090,0.127082,0.021292,0.000000,0.004859,0.000000,0.009944,0,1,2,2,2,2,2
0.458244,0.006113,0.106159,0.004369,0.072641,0.019593,0.000000,0.039395,0.000000,0.008414,0.152588,0.030904,0.000000,0.008681,0.000000,0.009387,0,1,2,2,2,2,2
0.444856,0.006450,0.101510,0.010848,0.067266,0.029864,0.000000,0.040140,0.000000,0.009125,0.142383,0.023644,0.000000,0.003485,0.000000,0.010141,0,1,2,2,1,2,2
0.424092,0.001631,0.065570,0.008831,0.083959,0.034277,0.000000,0.046710,0.000000,0.010187,0.123045,0.029487,0.000000,0.008820,0.000000,0.011575,0,1,1,2,1,2,2
0.423692,0.005111,0.084910,0.009741,0.059986,0.022437,0.000000,0.051344,0.000000,0.008799,0.140953,0.025310,0.000000,0.003261,0.000000,0.011840,0,1,1,2,1,2,2
0.433439,0.002910,0.080019,0.011677,0.072969,0.025437,0.000000,0.045077,0.000000,0.010053,0.138014,0.031154,0.000000,0.006220,0.000000,0.009909,0,1,1,2,1,2,2
0.417513,0.005091,0.080724,0.011474,0.067676,0.019277,0.000000,0.055827,0.000000,0.010877,0.123963,0.026009,0.000000,0.008240,0.000000,0.008355,0,1,1,2,1,2,2
0.434742,0.005574,0.078390,0.005673,0.078204,0.022575,0.000000,0.030251,0.000000,0.010151,0.154050,0.037050,0.000000,0.003104,0.000000,0.009720,0,1,1,2,1,2,2
0.450862,0.005294,0.076692,0.011450,0.066320,0.029942,0.000000,0.059808,0.000000,0.011080,0.134102,0.038399,0.000000,0.006153,0.000000,0.011622,0,1,1,2,1,2,2
0.400649,0.005508,0.046852,0.006827,0.077341,0.024842,0.000000,0.059608,0.000000,0.011536,0.117854,0.035267,0.000000,0.005988,0.000000,0.009026,0,1,1,2,1,1,1
0.454635,0.006051,0.093915,0.004139,0.067180,0.020172,0.000000,0.059041,0.000000,0.009873,0.142926,0.033989,0.000000,0.006397,0.000000,0.010952,0,1,1,2,1,2,2
0.398104,0.004624,0.067659,0.014424,0.057010,0.027956,0.000000,0.056934,0.000000,0.010570,0.111567,0.030134,0.000000,0.004868,0.000000,0.012358,0,1,1,2,1,1,1
0.453088,0.007751,0.074746,0.012440,0.081543,0.023841,0.000000,0.062431,0.000000,0.008735,0.130699,0.032158,0.000000,0.007607,0.000000,0.011137,1,1,2,2,2,2,2
0.402671,0.006790,0.055695,0.013465,0.062001,0.026840,0.000000,0.053029,0.000000,0.009584,0.129005,0.029854,0.000000,0.004217,0.000000,0.012191,0,1,1,2,1,1,1
0.419020,0.003513,0.079790,0.008470,0.054834,0.024073,0.000000,0.031024,0.000000,0.010900,0.163230,0.028547,0.000000,0.003026,0.000000,0.011613,0,1,1,2,1,2,2
0.413674,0.005003,0.069062,0.008527,0.066080,0.028224,0.000000,0.036722,0.000000,0.008699,0.153375,0.022981,0.000000,0.004420,0.000000,0.010581,0,1,1,2,1,1,1
0.457030,0.003506,0.099297,0.009369,0.079593,0.021028,0.000000,0.054158,0.000000,0.010687,0.139195,0.027664,0.000000,0.004930,0.000000,0.007603,0,1,2,2,2,2,2
0.444639,0.007139,0.051373,0.009784,0.082078,0.029818,0.000000,0.063937,0.000000,0.010729,0.130332,0.030869,0.009403,0.006967,0.000000,0.012210,0,1,1,2,1,2,2
0.435924,0.002974,0.101548,0.014867,0.074382,0.021797,0.000000,0.033602,0.002974,0.009403,0.134047,0.025146,0.000000,0.003561,0.000000,0.011623,0,1,2,2,2,2,2
0.413097,0.002261,0.080123,0.006874,0.074367,0.022750,0.000000,0.040483,0.000000,0.009415,0.127256,0.032989,0.000000,0.003459,0.000000,0.013120,0,1,1,2,1,2,2
0.436337,0.007748,0.079153,0.014706,0.053986,0.021344,0.000000,0.057070,0.000000,0.009018,0.143108,0.035115,0.000000,0.004631,0.000000,0.010458,0,1,1,2,1,1,1
0.422049,0.005232,0.084613,0.011964,0.055972,0.028297,0.000000,0.049552,0.000000,0.010099,0.129351,0.032600,0.000000,0.005342,0.000000,0.009027,0,1,1,2,1,1,2
0.414248,0.007981,0.074808,0.009168,0.075301,0.025963,0.000000,0.046308,0.000000,0.010476,0.125940,0.022478,0.000000,0.005949,0.000000,0.009876,0,1,1,2,1,2,2
0.439198,0.002565,0.092815,0.008133,0.068990,0.026794,0.000000,0.061545,0.000000,0.010615,0.117797,0.035013,0.000000,0.004468,0.000000,0.010463,0,1,1,2,1,2,2
0.415056,0.004678,0.088332,0.009944,0.060172,0.022375,0.000000,0.032713,0.009488,0.009386,0.136651,0.026054,0.000000,0.003979,0.000000,0.011284,0,1,1,2,1,2,2
0.438380,0.004457,0.088402,0.010111,0.063150,0.026317,0.000000,0.053789,0.000000,0.009538,0.136994,0.032104,0.000000,0.006881,0.000000,0.006637,0,1,1,2,1,2,2
0.447218,0.003085,0.107670,0.005308,0.061247,0.026934,0.000000,0.046660,0.000000,0.010993,0.137650,0.032992,0.000000,0.004999,0.000000,0.009680,0,1,1,2,1,2,2
0.411426,0.005480,0.064317,0.008594,0.064039,0.031360,0.000000,0.056069,0.000000,0.009038,0.116661,0.038317,0.000000,0.007673,0.000000,0.009878,0,1,1,2,1,1,2
0.398170,0.005600,0.060213,0.011136,0.073841,0.031264,0.000000,0.056311,0.000000,0.010572,0.099612,0.037823,0.000000,0.003280,0.000000,0.008518,0,1,1,2,1,2,2
0.439713,0.008199,0.094051,0.012707,0.066291,0.026667,0.000000,0.060139,0.000000,0.010393,0.125360,0.020952,0.000000,0.006891,0.000000,0.008063,0,1,2,2,1,2,2
0.411964,0.006069,0.053036,0.007357,0.089859,0.026243,0.000000,0.038270,0.000000,0.010578,0.138379,0.029093,0.000000,0.004929,0.000000,0.008151,0,1,1,2,1,1,1
0.421967,0.002193,0.086123,0.008364,0.055776,0.031482,0.000000,0.048323,0.000000,0.010986,0.135629,0.029409,0.000000,0.001791,0.000000,0.011891,0,1,1,2,1,1,2
0.458273,0.003604,0.093511,0.009139,0.079290,0.027356,0.000000,0.048033,0.000000,0.011722,0.133890,0.037742,0.000000,0.005053,0.000000,0.008933,0,1,2,2,2,2,2
0.419221,0.004491,0.073424,0.013371,0.054305,0.022380,0.000000,0.064054,0.000000,0.009053,0.134396,0.030607,0.000000,0.003529,0.000000,0.009611,0,1,1,2,1,2,2
0.411685,0.002727,0.067586,0.008154,0.083092,0.027490,0.000000,0.037461,0.000000,0.009595,0.129411,0.033090,0.000000,0.002805,0.000000,0.010274,0,1,1,2,1,2,2
0.435156,0.005457,0.062326,0.009051,0.086446,0.021495,0.000000,0.049562,0.000000,0.011177,0.140327,0.034251,0.000000,0.004750,0.000000,0.010314,0,1,1,2,1,2,2
0.450055,0.004788,0.080131,0.013490,0.065705,0.018519,0.000000,0.050747,0.000000,0.009286,0.157215,0.038987,0.000000,0.004034,0.000000,0.007153,0,1,1,2,1,2,2
0.434632,0.007398,0.063108,0.009805,0.075745,0.029245,0.000000,0.062288,0.000000,0.010719,0.135531,0.026772,0.000000,0.005400,0.000000,0.008621,0,1,1,2,1,2,2
0.461473,0.003991,0.106609,0.012637,0.065319,0.028215,0.000000,0.048871,0.000000,0.010128,0.145138,0.023714,0.000000,0.005904,0.000000,0.010947,1,1,2,2,2,2,2
0.433172,0.002064,0.092251,0.007482,0.065051,0.023629,0.000000,0.042193,0.000000,0.008996,0.144653,0.029688,0.000000,0.006703,0.000000,0.010462,0,1,1,2,1,2,2
0.424156,0.001633,0.069340,0.011095,0.081875,0.022915,0.014542,0.043171,0.000000,0.008359,0.131062,0.028043,0.000000,0.001935,0.000000,0.010186,0,1,1,2,1,2,2
0.423790,0.004617,0.085512,0.007804,0.067940,0.023401,0.000000,0.041617,0.000000,0.010477,0.138811,0.026849,0.000000,0.006782,0.000000,0.009980,1,1,2,2,1,2,2
0.424945,0.003000,0.097921,0.011049,0.066358,0.019560,0.000000,0.044004,0.000000,0.009633,0.129063,0.028516,0.000000,0.005141,0.000000,0.010700,0,1,1,2,1,2,2
0.441905,0.004422,0.088904,0.009075,0.067896,0.026101,0.000000,0.033186,0.000000,0.010310,0.163223,0.025971,0.000000,0.001715,0.000000,0.011102,0,1,1,2,1,2,2
0.440786,0.005954,0.099091,0.011794,0.058639,0.029525,0.000000,0.039621,0.000000,0.011520,0.142392,0.028796,0.000000,0.002792,0.000000,0.010662,0,1,2,2,1,2,2
0.447388,0.007856,0.090921,0.013330,0.062498,0.024595,0.000000,0.057659,0.000000,0.009080,0.134700,0.033056,0.000000,0.002970,0.000000,0.010723,0,1,2,2,2,2,2
0.437961,0.003764,0.097776,0.009956,0.066152,0.028644,0.000000,0.066680,0.000000,0.009592,0.109129,0.033552,0.000000,0.004291,0.000000,0.008425,0,1,2,2,2,2,2
0.454666,0.004908,0.103959,0.011889,0.058807,0.023785,0.000000,0.049176,0.000000,0.010650,0.149477,0.024799,0.000000,0.005780,0.000000,0.011436,0,1,2,2,2,2,2
0.434320,0.007168,0.067883,0.014292,0.060177,0.018909,0.000000,0.041254,0.003855,0.010071,0.164563,0.032536,0.000000,0.002344,0.000000,0.011268,0,1,1,2,1,1,2
0.409214,0.004929,0.073017,0.006362,0.062448,0.023212,0.000000,0.055938,0.000000,0.008967,0.133988,0.027540,0.000000,0.002861,0.000000,0.009952,0,1,1,2,1,2,2
0.438006,0.002771,0.061977,0.014931,0.073696,0.022078,0.000000,0.042536,0.000000,0.008494,0.165309,0.032485,0.000000,0.003882,0.000000,0.009847,0,1,1,2,1,2,2
0.423510,0.007966,0.079418,0.009924,0.059014,0.018526,0.000000,0.059059,0.000000,0.009877,0.132241,0.031856,0.000000,0.005374,0.000000,0.010255,0,1,1,2,1,1,2
0.438715,0.003846,0.072285,0.005997,0.069650,0.032549,0.000000,0.044913,0.000000,0.011197,0.153477,0.027454,0.000000,0.006224,0.000000,0.011123,0,1,1,2,1,2,2
0.423875,0.004715,0.071772,0.010088,0.077210,0.031312,0.000000,0.041653,0.000000,0.010737,0.137569,0.020299,0.000000,0.007658,0.000000,0.010862,0,1,1,2,1,2,2
0.427869,0.004278,0.071850,0.007442,0.081653,0.025701,0.000000,0.039447,0.000000,0.011052,0.151156,0.021737,0.000000,0.003211,0.000000,0.010342,0,1,1,2,1,2,2
0.417235,0.003378,0.080204,0.014277,0.056202,0.031855,0.000000,0.048702,0.000000,0.010488,0.131093,0.024589,0.000000,0.006873,0.000000,0.009574,0,1,1,2,1,2,2
0.445858,0.005863,0.080317,0.009464,0.067897,0.027832,0.000000,0.053818,0.000000,0.011667,0.140169,0.034251,0.000000,0.005079,0.000000,0.009501,0,1,1,2,1,2,2
0.423558,0.006824,0.078384,0.009669,0.071972,0.030460,0.000000,0.058679,0.000000,0.011652,0.117717,0.028732,0.000000,0.002360,0.000000,0.007109,0,1,1,2,1,2,2
0.426240,0.004706,0.054338,0.012983,0.059315,0.027707,0.000000,0.048587,0.000000,0.010836,0.151630,0.029495,0.010046,0.007908,0.000000,0.008689,0,1,1,2,1,2,2
0.445388,0.003235,0.093086,0.012546,0.056584,0.023328,0.000000,0.043995,0.001313,0.010046,0.155538,0.034046,0.000000,0.003925,0.000000,0.007746,0,1,1,2,1,2,2
0.458845,0.005735,0.096024,0.013540,0.056782,0.023170,0.000000,0.052395,0.000000,0.010105,0.150151,0.035589,0.000000,0.004729,0.000000,0.010625,0,1,1,2,2,2,2
0.450215,0.006941,0.090403,0.008227,0.068580,0.022941,0.000000,0.061947,0.000000,0.010217,0.138869,0.029070,0.000000,0.004582,0.000000,0.008438,1,1,1,2,2,2,2
0.412235,0.007829,0.053983,0.007429,0.076918,0.025193,0.000000,0.040415,0.000000,0.011708,0.148600,0.024183,0.000000,0.007101,0.000000,0.008876,0,1,1,2,1,2,2
0.456044,0.006248,0.087455,0.008683,0.091423,0.029152,0.000000,0.048050,0.000000,0.009986,0.139038,0.023041,0.000000,0.005441,0.000000,0.007527,0,1,2,2,2,2,2
0.409192,0.006858,0.076267,0.007130,0.055414,0.015044,0.000000,0.058004,0.000000,0.010317,0.133203,0.028700,0.000000,0.008355,0.000000,0.009900,0,1,1,2,1,1,2
0.419419,0.002453,0.069223,0.010891,0.077458,0.030643,0.000000,0.059858,0.000000,0.010360,0.107341,0.032318,0.000000,0.006770,0.000000,0.012104,0,1,1,2,1,2,2
0.421490,0.004232,0.063095,0.014394,0.067483,0.019260,0.000000,0.037621,0.004249,0.011770,0.153651,0.026692,0.000000,0.007508,0.000000,0.011535,0,1,1,2,1,1,2
0.424751,0.007421,0.057593,0.012192,0.073397,0.023229,0.000000,0.050399,0.000000,0.009771,0.151179,0.027806,0.000000,0.002223,0.000000,0.009541,0,1,1,2,1,2,2
0.437635,0.008585,0.080926,0.008747,0.063623,0.031225,0.000000,0.050957,0.000000,0.009011,0.129321,0.038756,0.000000,0.005559,0.000000,0.010925,0,1,1,2,1,2,2
0.416528,0.002542,0.069503,0.013271,0.072689,0.034059,0.000000,0.047972,0.000000,0.010350,0.124953,0.023663,0.000000,0.006175,0.000000,0.011351,0,1,1,2,1,2,2
0.448770,0.003617,0.073656,0.008305,0.078930,0.026942,0.000000,0.044408,0.000000,0.011172,0.153921,0.026695,0.000000,0.008846,0.000000,0.012278,0,1,1,2,1,2,2
0.445562,0.004647,0.076474,0.010117,0.074066,0.018410,0.000000,0.056155,0.000000,0.009532,0.151355,0.029166,0.000000,0.005464,0.000000,0.010176,0,1,1,2,1,2,2
0.432599,0.005566,0.079471,0.013643,0.073071,0.022306,0.000000,0.050447,0.000000,0.011207,0.125974,0.036390,0.000000,0.003743,0.000000,0.010781,0,1,1,2,2,2,2
0.427430,0.003433,0.089183,0.013804,0.062997,0.026606,0.000000,0.036093,0.000000,0.009697,0.142226,0.030590,0.000000,0.005004,0.000000,0.007797,0,1,1,2,2,2,2
0.453309,0.006549,0.078332,0.009298,0.080912,0.024934,0.000000,0.056069,0.000000,0.010423,0.138816,0.032012,0.000000,0.007830,0.000000,0.008134,0,1,1,2,1,2,2
0.414636,0.007745,0.057908,0.010109,0.059901,0.025589,0.000000,0.055358,0.000000,0.011731,0.135732,0.035639,0.000000,0.003189,0.000000,0.011735,0,1,1,2,1,1,1
0.452448,0.004976,0.075268,0.006867,0.084265,0.026370,0.000000,0.054382,0.000000,0.009944,0.143728,0.032336,0.000000,0.005322,0.000000,0.008990,0,1,1,2,2,2,2
0.461732,0.007315,0.099211,0.007531,0.057121,0.020234,0.000000,0.049165,0.004257,0.009376,0.156295,0.030190,0.000000,0.008566,0.000000,0.012471,1,1,1,2,2,2,2
0.459678,0.005592,0.097023,0.012892,0.058673,0.033869,0.000000,0.047989,0.000000,0.010605,0.151321,0.025264,0.000000,0.004493,0.000000,0.011957,0,1,1,2,2,2,2
0.423348,0.001931,0.047977,0.009260,0.085796,0.027341,0.000000,0.047992,0.000000,0.010474,0.146440,0.034577,0.000000,0.003646,0.000000,0.007914,0,1,1,2,1,2,2
0.469881,0.007391,0.100268,0.008545,0.057222,0.033089,0.000000,0.041304,0.004746,0.011074,0.147523,0.031053,0.011407,0.004559,0.000000,0.011700,0,1,2,2,2,2,2
0.428952,0.005425,0.070262,0.012870,0.057565,0.018481,0.000000,0.046582,0.000496,0.011407,0.157895,0.030310,0.000000,0.004832,0.000000,0.012827,0,1,1,2,1,2,2
0.466115,0.003466,0.089848,0.009875,0.091440,0.020121,0.000000,0.049592,0.000000,0.009924,0.151191,0.027102,0.000000,0.003200,0.000000,0.010356,0,1,2,2,2,2,2
0.463928,0.008862,0.087289,0.012316,0.074444,0.028562,0.000000,0.050663,0.000000,0.011565,0.145733,0.030229,0.000000,0.004233,0.000000,0.010032,1,1,2,2,2,2,2
0.426672,0.002564,0.059965,0.012267,0.087288,0.026697,0.000000,0.052470,0.000000,0.010800,0.128633,0.027566,0.000000,0.006363,0.000000,0.012059,0,1,1,2,1,2,2
0.418304,0.008779,0.057838,0.009801,0.078021,0.028103,0.000000,0.051247,0.000000,0.010235,0.130835,0.028327,0.000000,0.003452,0.000000,0.011666,0,1,1,2,1,2,2
0.429900,0.002527,0.075445,0.011888,0.073664,0.021512,0.000000,0.052965,0.000000,0.009118,0.138068,0.031592,0.000000,0.006233,0.000000,0.006888,0,1,1,2,1,2,2
0.419870,0.005698,0.065097,0.009821,0.078133,0.022480,0.000000,0.050485,0.000000,0.010071,0.132043,0.029208,0.000000,0.005488,0.000000,0.011346,0,1,1,2,1,2,2
0.432184,0.005206,0.096357,0.011448,0.054197,0.022321,0.000000,0.067104,0.000000,0.009999,0.120735,0.026398,0.000000,0.006547,0.000000,0.011872,0,1,1,2,1,2,2
0.429688,0.006871,0.098053,0.013777,0.048590,0.024969,0.000000,0.050193,0.000000,0.009506,0.139182,0.024134,0.000000,0.004427,0.000000,0.009986,1,1,1,2,1,2,2
0.445869,0.005173,0.084782,0.013519,0.076844,0.028286,0.000000,0.036442,0.000000,0.010030,0.139713,0.032633,0.000000,0.007064,0.000000,0.011383,0,1,1,2,1,2,2
0.443809,0.005015,0.089176,0.012813,0.058179,0.029302,0.000000,0.056505,0.000000,0.008241,0.144420,0.023576,0.000000,0.004797,0.000000,0.011785,0,1,2,2,1,2,2
0.439087,0.003741,0.101018,0.008290,0.057835,0.022820,0.000000,0.066240,0.000000,0.009744,0.124393,0.030698,0.000000,0.005671,0.000000,0.008637,0,1,1,2,1,2,2
0.430587,0.005817,0.092588,0.008784,0.064880,0.029189,0.000000,0.069156,0.000000,0.011204,0.105196,0.026728,0.000000,0.005983,0.000000,0.011062,0,1,1,2,2,2,2
0.435160,0.003704,0.101428,0.012992,0.058983,0.024830,0.000000,0.047981,0.000000,0.009950,0.134182,0.028729,0.000000,0.006238,0.000000,0.006143,0,1,2,2,1,2,2
0.450078,0.008374,0.072956,0.008299,0.093999,0.023808,0.000000,0.037228,0.000000,0.009418,0.145995,0.032304,0.000000,0.004634,0.000000,0.013063,0,1,2,2,1,2,2
0.446461,0.004537,0.098788,0.007953,0.074517,0.021154,0.000000,0.048701,0.000000,0.008381,0.132973,0.032049,0.000000,0.004713,0.000000,0.012695,0,1,2,2,1,2,2
0.426996,0.005431,0.059336,0.004162,0.080547,0.022693,0.000000,0.052857,0.000000,0.010225,0.139720,0.039459,0.000000,0.005968,0.000000,0.006598,0,1,1,2,1,2,2
0.448292,0.007615,0.082746,0.012393,0.070833,0.025665,0.000000,0.054379,0.000454,0.008820,0.131793,0.037285,0.000000,0.004753,0.000000,0.011556,0,1,2,2,2,2,2
0.420734,0.003536,0.072720,0.011779,0.061830,0.020647,0.000000,0.062462,0.000000,0.009056,0.127963,0.034744,0.000000,0.005508,0.000000,0.010489,0,1,1,2,1,2,2
0.423705,0.005816,0.075370,0.013025,0.061851,0.021257,0.000000,0.037488,0.000000,0.009943,0.151504,0.028884,0.000000,0.007136,0.000000,0.011431,0,1,1,2,1,2,2
0.438489,0.004282,0.070248,0.013056,0.066658,0.027231,0.000000,0.052955,0.000000,0.009898,0.152053,0.030914,0.000000,0.004245,0.000000,0.006949,0,1,1,2,1,2,2
0.422890,0.001426,0.079924,0.010825,0.070310,0.015199,0.000000,0.052384,0.003933,0.009262,0.129083,0.032592,0.000000,0.008994,0.000000,0.008958,0,1,1,2,1,2,2
0.418914,0.005112,0.081790,0.010120,0.066656,0.026448,0.000000,0.057211,0.000000,0.009961,0.126524,0.022103,0.000000,0.003542,0.000000,0.009447,0,1,1,2,2,2,2
0.435006,0.003040,0.084662,0.009285,0.068171,0.030147,0.000000,0.049978,0.000000,0.010475,0.124401,0.039380,0.000000,0.005840,0.000000,0.009627,0,1,1,2,1,2,2
0.446839,0.007544,0.067211,0.009564,0.095016,0.027635,0.000000,0.041883,0.000000,0.009880,0.136319,0.032691,0.000000,0.006682,0.000000,0.012414,0,1,1,2,1,2,2
0.425549,0.003566,0.076756,0.011100,0.071178,0.027623,0.008409,0.052635,0.000000,0.009949,0.116971,0.028438,0.000000,0.005999,0.000000,0.012925,0,1,2,2,1,2,2
0.445628,0.004226,0.081937,0.008551,0.075385,0.024000,0.000000,0.047329,0.000000,0.009758,0.150939,0.029073,0.000000,0.005151,0.000000,0.009279,0,1,2,2,1,2,2
0.444713,0.001348,0.078486,0.012363,0.071421,0.023976,0.000000,0.058949,0.000000,0.011755,0.135252,0.033032,0.000000,0.005806,0.000000,0.012325,0,1,1,2,1,2,2
0.434813,0.001776,0.076709,0.012743,0.073359,0.031363,0.000000,0.035061,0.003971,0.010553,0.152297,0.027399,0.000000,0.003344,0.000000,0.006238,0,1,1,2,2,2,2
0.395142,0.005750,0.069058,0.004924,0.059805,0.024071,0.000000,0.036606,0.000000,0.010106,0.148153,0.025036,0.000000,0.004484,0.000000,0.007149,0,1,1,2,1,1,2
0.449128,0.001813,0.097892,0.013851,0.061526,0.020669,0.000000,0.039763,0.000000,0.011085,0.162218,0.027616,0.000000,0.005060,0.000000,0.007635,0,1,1,2,2,2,2
0.400769,0.003538,0.069491,0.008485,0.056554,0.016921,0.000000,0.065716,0.000000,0.009662,0.128232,0.021584,0.000000,0.008070,0.000000,0.012516,0,1,1,2,1,1,1
0.436868,0.008397,0.080959,0.009950,0.080521,0.026651,0.000000,0.046477,0.000000,0.010099,0.131528,0.029235,0.000000,0.005049,0.000000,0.008002,1,1,1,2,2,2,2
0.457395,0.005432,0.105428,0.004211,0.071250,0.019651,0.000000,0.049280,0.000000,0.010614,0.138077,0.035842,0.000000,0.006077,0.000000,0.011533,1,1,2,2,1,2,2
0.416693,0.004307,0.059097,0.006524,0.078602,0.029243,0.000000,0.051166,0.000000,0.009549,0.131637,0.034830,0.000000,0.001065,0.000000,0.010673,0,1,1,2,1,1,1
0.467304,0.007950,0.100907,0.013111,0.060829,0.022791,0.000000,0.059726,0.000000,0.009557,0.145446,0.034787,0.000000,0.001820,0.000000,0.010380,0,1,2,2,2,2,2
0.407387,0.004286,0.079790,0.009978,0.059522,0.031088,0.000000,0.056141,0.000000,0.010156,0.119839,0.025995,0.000000,0.004241,0.000000,0.006351,0,1,1,2,1,2,2
0.423214,0.004399,0.073766,0.012949,0.069393,0.026614,0.000000,0.056328,0.000000,0.009945,0.124915,0.024626,0.000000,0.007443,0.000000,0.012836,0,1,1,2,1,2,2
0.454646,0.007355,0.117230,0.010005,0.053214,0.019938,0.000000,0.046165,0.000000,0.009367,0.148983,0.026122,0.000000,0.007250,0.000000,0.009017,0,1,2,2,2,2,2
0.421793,0.007336,0.076189,0.011772,0.061916,0.021592,0.000000,0.052401,0.000000,0.010038,0.140503,0.025047,0.000000,0.006811,0.000000,0.008188,0,1,1,2,1,2,2
0.415040,0.007803,0.066904,0.008471,0.077797,0.023809,0.000000,0.060098,0.000000,0.010426,0.120758,0.022526,0.000000,0.004946,0.000000,0.011502,0,1,1,2,1,2,2
0.427552,0.004782,0.095415,0.013486,0.051759,0.018141,0.000000,0.055867,0.000000,0.010672,0.133865,0.030963,0.000000,0.004276,0.000000,0.008326,0,1,1,2,1,2,2
0.450696,0.006206,0.066956,0.007176,0.088732,0.023373,0.000000,0.051366,0.000000,0.008651,0.153963,0.026523,0.000000,0.004907,0.000000,0.012843,0,1,1,2,1,2,2
0.430914,0.004569,0.096241,0.008637,0.051669,0.032700,0.000000,0.040142,0.004235,0.010016,0.137416,0.027801,0.000000,0.007034,0.000000,0.010454,0,1,1,2,1,2,2
0.442345,0.006745,0.080600,0.013109,0.067041,0.022191,0.000000,0.054069,0.000000,0.010287,0.136253,0.032507,0.000000,0.007275,0.000000,0.012268,1,1,1,2,2,2,2
0.431359,0.008401,0.082955,0.012542,0.071906,0.025188,0.000000,0.048478,0.000000,0.009685,0.125142,0.033596,0.000000,0.006604,0.000000,0.006862,0,1,1,2,1,2,2
0.441964,0.005213,0.082362,0.005944,0.082984,0.019714,0.000000,0.048708,0.000000,0.011626,0.138219,0.028826,0.000000,0.006827,0.000000,0.011541,1,1,2,2,1,2,2
0.448593,0.004634,0.087324,0.010423,0.071312,0.026263,0.000000,0.043610,0.000000,0.010270,0.152758,0.027309,0.000000,0.005221,0.000000,0.009469,0,1,1,2,1,2,2
0.441885,0.006421,0.096439,0.007521,0.071278,0.025681,0.000000,0.049851,0.000000,0.009773,0.129381,0.030938,0.000000,0.003360,0.000000,0.011242,1,1,2,2,1,2,2
0.407212,0.006383,0.070796,0.009454,0.071692,0.019840,0.000000,0.039093,0.000000,0.010942,0.135254,0.030589,0.000000,0.001900,0.000000,0.011269,0,1,1,2,1,2,2
0.469972,0.005271,0.102117,0.007499,0.070889,0.027176,0.008502,0.053243,0.000000,0.009131,0.136431,0.035253,0.000000,0.004578,0.000000,0.009882,1,1,2,2,1,2,2
0.431314,0.004782,0.070939,0.010135,0.071893,0.027416,0.000000,0.057155,0.000000,0.009338,0.133154,0.033390,0.000000,0.002167,0.000000,0.010945,0,1,1,2,1,1,1
