start1->finish3,start1->finish1,finish1->start2,start2->finish2,finish2->start3,start3->finish3,start3
23.491311,0.000000,18.382908,5.108403,0.000000,0.000000,1
27.340985,0.000000,22.512882,0.000000,4.828103,0.000000,3
26.135207,0.000000,21.985973,0.000000,4.149234,0.000000,2
45.465911,0.000000,21.522445,0.000000,17.258352,6.685114,2
50.900739,0.247408,48.677220,1.976111,0.000000,0.000000,3
71.106867,5.491522,48.095378,0.000000,8.669852,8.850115,4
62.348165,0.000000,45.562410,8.850115,0.000000,7.935640,3
104.696829,7.771121,48.666404,7.497341,17.247059,23.514904,8
96.895644,0.000000,48.821660,15.166302,7.350466,25.557216,8
81.765173,7.436556,45.781681,0.179554,0.000000,28.367382,6
106.123108,1.667842,45.900450,28.367382,6.675459,23.511975,6
111.801475,30.166333,34.660643,11.927876,18.171937,16.874686,5
152.762378,0.000000,54.988281,16.874686,0.000000,80.899411,6
187.565440,9.346471,53.546942,11.716694,17.239214,95.716119,7
194.854136,0.000000,58.755478,23.515096,5.444516,107.139046,8
196.210403,0.000000,64.038967,24.780029,19.142683,88.248724,9
194.347884,9.858885,57.615277,33.212960,0.000000,93.660762,10
188.829156,0.000000,89.436397,0.000000,4.771165,94.621594,10
185.715874,0.000000,84.982780,5.333800,11.773343,83.625951,10
191.827499,0.000000,107.700717,0.000000,9.408755,74.718027,10
199.060970,1.892115,113.209526,5.623088,3.947298,74.388943,10
247.390440,28.959612,89.988560,12.792779,0.000000,115.649489,12
242.975625,30.131558,87.789807,31.492674,5.563584,87.998002,14
224.813444,10.296575,91.743303,37.169135,0.000000,85.604431,14
263.010838,3.495579,96.252646,47.483621,3.288343,112.490649,16
253.904510,39.037680,83.754268,18.123057,0.000000,112.989505,14
261.424170,37.070703,99.073137,5.555081,0.000000,119.725249,16
269.424049,36.643551,94.281114,6.441356,0.000000,132.058028,16
298.457644,47.769440,93.658260,0.000000,0.000000,157.029944,19
305.163311,49.872083,98.129304,0.000000,0.000000,157.161924,19
295.807356,37.548892,98.030226,8.333500,0.000000,151.894738,20
292.106430,30.845162,101.944694,9.791176,2.178201,147.347197,19
303.488167,37.056258,97.789178,17.010223,12.186122,139.446386,20
285.196020,46.629048,103.119853,0.000000,3.455615,131.991504,19
279.749516,47.085830,97.735578,9.203524,0.000000,125.724584,19
305.345954,35.525371,112.874880,12.290825,13.665434,130.989444,21
266.621088,5.701149,123.050640,28.276735,0.000000,109.592564,16
270.025711,9.943958,128.231425,23.247723,22.313944,86.288661,15
257.503873,14.138764,125.881585,23.643813,3.842578,89.997133,11
255.586587,12.246731,127.682481,43.599468,2.936604,69.121303,12
236.972923,13.625831,113.036834,44.744507,0.000000,65.565751,11
237.382097,12.186122,131.188636,38.732029,0.000000,55.275310,11
244.574538,21.475825,117.970561,40.252942,0.000000,64.875210,13
252.255154,14.394070,123.989653,37.271522,2.240961,74.358948,13
246.721070,27.367768,113.013637,32.898185,0.000000,73.441480,13
247.696375,33.832119,108.562318,34.752250,14.104097,56.445591,12
228.072823,30.345259,124.617106,8.875263,8.708263,55.526932,11
235.933298,33.691332,105.510052,28.252826,0.000000,68.479088,13
241.314656,58.973895,79.330626,33.790005,22.655586,46.564544,13
158.947992,2.187513,96.088717,16.569990,0.000000,44.101772,10
158.890794,12.363753,90.750672,13.376790,0.000000,42.399579,10
161.165673,2.240961,98.053993,4.664285,0.000000,56.206434,9
166.957918,0.000000,83.926478,20.342857,0.000000,62.688583,10
171.001768,2.151948,79.251411,17.481503,8.733521,63.383385,11
155.303394,12.973824,60.487609,15.814031,0.000000,66.027930,10
164.232343,30.648065,55.776369,0.000000,0.000000,77.807909,10
167.259205,17.514292,54.803659,13.564390,6.187277,75.189587,11
167.713613,44.856731,46.268585,7.992577,4.316045,64.279675,12
149.816961,39.437487,49.631176,0.000000,0.000000,60.748298,10
145.889996,63.750088,25.848321,0.000000,0.000000,56.291587,10
136.141053,54.260162,27.581799,8.562235,18.469956,27.266901,8
115.369051,38.158826,36.758246,0.808047,8.524992,31.118940,5
98.311089,27.581799,39.615211,0.000000,1.398710,29.715369,5
88.990862,23.636349,27.103627,5.551611,24.163758,8.535517,5
84.286783,13.121897,40.451979,11.780637,0.000000,18.932270,5
117.685307,17.139264,34.364060,13.327469,0.000000,52.854514,6
154.367194,12.223360,53.532679,17.856160,4.369120,66.385875,9
152.964186,7.986314,55.213303,24.974776,0.000000,64.789793,9
204.022721,53.532679,17.856160,36.552762,22.117099,73.964021,11
180.367970,65.104167,19.562029,17.820530,15.035584,62.845660,9
131.922193,56.859762,16.185239,13.982558,0.000000,44.894634,6
131.669836,52.418143,9.518472,25.647165,0.000000,44.086056,6
119.161984,37.645659,9.286695,21.754998,6.800320,43.674312,6
117.202648,38.643674,16.537128,18.783219,13.183544,30.055083,7
81.286974,28.555318,14.237135,10.632999,0.000000,27.861522,5
82.474344,28.603056,12.230804,13.072033,8.021990,20.546461,5
87.842623,26.255325,17.830731,11.606446,9.057344,23.092777,5
87.852329,31.766605,14.200022,11.258441,30.627261,0.000000,4
117.790917,55.875860,13.118335,47.443100,0.000000,1.353622,6
164.986382,64.072634,5.674590,51.854038,3.314622,40.070498,6
164.275165,56.683899,4.053458,55.650865,0.000000,47.886943,6
171.295868,86.340579,0.000000,34.210193,7.550947,43.194149,6
182.698757,85.007834,12.046528,30.642926,0.000000,55.001469,7
194.686979,89.149701,6.692060,33.378438,14.508505,50.958275,8
143.530013,83.093425,4.284036,0.000000,0.000000,56.152552,7
133.203496,78.584312,0.000000,0.000000,14.598823,40.020361,8
137.368013,91.829513,25.754293,0.000000,0.000000,19.784207,9
135.371128,92.593161,25.737052,4.787755,0.000000,12.253160,10
140.809604,113.111286,5.518139,16.266065,0.000000,5.914114,12
151.070263,106.497242,11.120198,30.740230,0.000000,2.712593,13
144.467590,103.331472,13.927503,26.260341,0.948274,0.000000,14
180.166135,101.517052,21.209186,24.994072,0.001000,32.444825,14
188.931351,99.234141,38.865563,32.445825,0.000000,18.385822,15
190.746484,98.464477,52.038019,25.001304,0.000000,15.242684,16
217.058100,103.933697,54.683662,31.931459,16.892543,9.616739,19
200.718302,86.674618,72.164852,31.796375,5.502309,4.580148,19
209.491433,86.359969,73.773349,35.515758,4.405321,9.437036,20
204.759771,93.966784,87.679230,11.749801,0.000000,11.363956,21
208.609135,102.577447,88.645315,2.009932,0.000000,15.376441,22
206.323972,97.677052,88.931915,0.000000,7.734100,11.980905,22
246.718991,113.300970,75.574458,1.116426,19.466458,37.260679,23
262.655076,123.266630,77.434154,15.480178,5.094830,41.379284,23
274.293795,141.252299,69.758688,12.746396,0.000000,50.536412,24
281.596779,137.425951,70.427190,7.718177,25.327607,40.697854,24
249.637040,126.355605,74.254176,8.333500,0.000000,40.693759,20
286.778685,126.405105,82.537176,18.437438,0.000000,59.398966,23
275.219150,111.500319,98.589709,7.432322,0.000000,57.696800,23
293.905708,118.012593,96.476531,6.494594,8.329405,64.592585,26
288.420484,117.299399,94.318646,17.963229,3.541316,55.297894,28
293.336792,102.225696,123.589537,16.893901,0.000000,50.627658,27
290.746760,100.848118,124.310518,23.453707,5.908399,36.226018,26
283.769063,92.654152,118.258607,26.659178,4.997908,41.199218,27
280.154536,91.723173,113.619844,30.091314,0.000000,44.720205,25
291.581876,97.964117,107.198510,30.953979,0.000000,55.465270,25
295.772363,98.609392,99.250118,34.257735,12.951460,50.703658,25
290.712240,99.345870,118.568964,22.076146,0.000000,50.721260,25
288.239953,101.598688,125.384071,8.001200,0.000000,53.255994,25
260.630639,64.763903,135.394746,0.000000,0.000000,60.471990,22
254.765687,57.057967,140.309009,0.000000,7.424500,49.974211,23
277.594623,70.455261,123.782973,7.713025,0.000000,75.643364,26
277.680929,73.404029,122.047880,11.627737,0.000000,70.601283,27
270.177119,62.480676,127.134269,21.998859,0.000000,58.563315,27
285.805413,79.192618,120.003126,15.690002,26.117869,44.801798,27
266.703314,68.962079,148.184375,9.820070,0.000000,39.736790,23
252.622996,44.033871,151.823223,11.709247,0.000000,45.056655,22
256.312874,57.388754,141.989701,8.317988,7.910657,40.705774,23
283.029869,58.827028,137.545842,36.597545,16.581363,33.478091,27
277.795654,78.807752,120.587296,42.427709,0.000000,35.972897,27
278.305059,78.706224,120.962428,45.212253,0.000000,33.424154,28
284.188028,95.803880,109.668702,45.019248,3.203720,30.492478,29
294.383454,113.779365,88.769929,47.419128,0.000000,44.415032,29
275.903896,91.919585,89.970821,45.535807,0.000000,48.477683,27
275.030802,112.885135,55.222406,43.143840,8.877663,54.901758,27
281.093847,146.789047,38.870017,35.972897,0.000000,59.461886,27
281.585259,144.620725,43.081502,39.067025,0.000000,54.816007,27
308.030743,144.894552,42.090708,47.914998,15.737741,57.392744,28
282.640088,119.512856,41.095173,72.968949,0.000000,49.063110,26
281.167350,99.057493,50.801556,69.133866,0.000000,62.174435,25
285.958934,104.077204,44.936487,74.253029,0.000000,62.692214,25
260.836320,103.421290,36.180516,60.771195,0.000000,60.463319,26
236.670799,80.045855,40.372460,70.666573,10.993026,34.592885,23
217.814036,70.864194,60.458878,49.833244,7.659808,28.997912,21
217.228708,59.205543,66.459233,56.216954,4.246365,31.100613,21
180.892813,29.122581,70.666573,45.585911,10.249765,25.267983,14
181.876306,51.213199,49.063110,51.746780,7.363021,22.490196,14
183.700707,46.919588,74.130458,46.134695,0.000000,16.515966,15
182.907600,45.765173,66.938579,51.859262,0.000000,18.344586,15
183.331395,54.157829,53.989432,56.902042,0.000000,18.282092,16
209.944920,53.306373,46.368956,59.756875,1.215568,49.297148,18
204.216845,64.388901,36.657720,64.934369,0.000000,38.235855,18
188.621280,68.761722,23.326533,64.727638,20.392267,11.413120,15
150.842695,26.407955,24.516916,77.757884,0.000000,22.159940,13
149.700719,35.902042,7.906953,83.589636,0.000000,22.302088,14
153.001538,26.503718,4.781363,81.878296,0.000000,39.838161,14
162.429076,31.100613,6.343408,78.169172,6.033916,40.781967,15
168.491770,35.517748,21.384294,74.050530,8.333500,29.205698,16
166.904973,25.540012,18.344586,77.226602,0.000000,45.793773,16
181.591936,32.385126,21.139949,79.748812,0.000000,48.318049,18
188.542259,34.615026,22.205659,77.535107,8.975293,45.211174,18
182.135969,31.948544,20.393267,66.216970,22.806180,40.771008,16
168.729873,40.372909,11.070352,71.882220,9.724979,35.679413,13
144.279808,11.146189,29.440096,63.248767,7.494255,32.950501,14
159.309640,8.668200,25.783341,86.564781,0.000000,38.293318,14
174.566908,11.301437,33.069377,88.248488,0.514317,41.433289,14
171.489543,19.565236,20.130568,96.430202,7.966870,27.396667,15
169.268118,37.754011,28.822513,76.659311,2.405015,23.627268,14
156.335418,48.437865,10.548890,73.512388,0.000000,23.836275,14
178.415952,46.098879,22.000051,74.144964,0.418134,35.753924,15
179.888130,54.186467,32.436184,47.950253,0.000000,45.315226,13
187.111773,62.811970,23.238835,52.641895,0.000000,48.419073,14
213.615312,69.269024,34.986626,57.189042,13.338391,38.832229,16
213.420226,69.027102,38.293318,68.942494,0.000000,37.157312,17
196.585484,44.711256,24.380159,70.892389,0.000000,56.601680,16
202.745233,49.737990,31.901229,63.804120,7.368120,49.933774,15
248.997222,35.504139,20.790929,79.350351,0.000000,113.351803,13
276.291360,38.351780,23.836275,77.266579,14.880450,121.956276,15
250.422173,27.396667,41.285712,65.417428,3.523855,112.798511,15
271.430121,38.261856,50.296179,47.556774,0.000000,135.315312,15
283.867643,40.107916,58.665658,42.209205,0.000000,142.884864,16
288.356866,45.886372,52.541953,52.355128,0.000000,137.573413,16
287.656728,44.748020,49.619759,52.220676,5.201946,135.866327,17
291.889332,53.145634,74.348121,30.390210,0.000000,134.005367,18
279.089297,42.928059,73.517216,30.628125,13.183772,118.832125,16
270.044391,38.064639,68.977742,38.336875,21.660185,103.004950,16
231.619385,0.574509,104.138352,17.817924,0.937077,108.151523,11
245.062033,10.094842,98.098158,24.323032,0.000000,112.546001,12
238.893343,18.428488,93.049309,23.270559,0.000000,104.144987,12
206.212220,0.000000,67.248638,28.493589,0.000000,110.469993,7
207.323084,0.000000,58.538353,52.154738,5.536821,91.093172,8
209.267460,0.000000,73.415311,42.742924,1.030309,92.078916,9
226.179644,0.000000,72.911093,80.595011,0.000000,72.673540,13
233.481747,12.369430,75.314338,75.962000,0.000000,69.835979,13
213.804281,18.755001,52.154738,70.013942,0.000000,72.880600,14
218.004861,14.467248,51.546235,76.857591,5.644880,69.488907,14
228.088668,32.581025,34.175704,79.697473,14.324159,67.310307,15
224.588030,27.771694,50.910224,77.287533,1.115539,67.503040,15
220.486675,26.564996,57.041344,98.617598,0.000000,38.262737,16
216.320814,21.761689,71.634785,83.195350,9.011956,30.717034,16
219.697033,44.582074,44.126230,89.125086,0.000000,41.863643,17
218.257992,64.477121,21.502705,90.539324,0.995186,40.743656,17
217.426174,66.964893,16.353009,89.967520,0.000000,44.140752,17
223.722651,77.851733,5.113346,90.127934,4.964661,45.664977,17
198.631767,43.484795,35.307938,68.648478,0.000000,51.190556,15
202.986940,52.244809,40.771141,61.204886,0.000000,48.766104,16
214.694202,51.689761,35.414925,67.152188,6.606837,53.830491,17
202.679743,44.136692,37.440667,71.801215,0.000000,49.301169,15
192.976274,42.798558,53.385646,45.414688,21.038700,30.338682,16
190.639258,46.471478,40.228436,69.535625,8.161744,26.241975,15
208.599007,44.307052,34.764329,83.933060,2.404995,43.189571,16
178.251588,24.104463,26.123828,85.518279,8.421210,34.083808,14
195.654212,34.834717,20.769521,93.725357,20.552076,25.772541,15
181.259264,30.112869,26.476010,97.558246,19.358187,7.753952,14
160.966560,33.288137,15.477967,91.283870,0.000000,20.916586,9
164.594122,35.728071,15.045546,87.104629,0.000000,26.715876,9
151.370238,24.714546,22.997153,76.958686,0.000000,26.699853,9
181.310612,25.394873,20.230450,101.751799,0.317270,33.616220,12
159.893614,20.230450,34.361867,74.804267,0.000000,30.497030,12
151.230710,16.578264,34.083808,93.313462,7.255176,0.000000,13
157.601590,20.496599,37.544573,94.297898,0.755641,4.506879,14
145.180655,5.821674,46.324617,93.034364,0.000000,0.000000,13
127.574007,2.091308,42.119618,83.363081,0.000000,0.000000,14
141.751633,10.576339,33.136590,91.248260,0.000000,6.790444,15
138.132714,14.601718,30.698379,88.256911,0.000000,4.575706,16
142.987744,16.863400,33.469318,85.418282,7.236744,0.000000,17
131.639553,10.227866,54.399375,67.012312,0.000000,0.000000,16
148.214111,2.136708,54.170042,74.850860,9.845376,7.211125,16
148.444991,17.196128,41.583466,77.080041,2.377444,10.207912,15
145.130711,28.834821,20.601351,88.909756,4.392718,2.392065,15
156.618746,30.497030,24.424620,83.111996,18.585100,0.000000,15
160.925559,33.183894,37.733376,80.815295,0.000000,9.192994,18
166.977992,35.078289,38.157571,82.908300,2.280342,8.553490,19
185.638632,53.013877,31.682359,84.975737,4.308959,11.657700,20
194.105661,67.595684,11.408242,92.052294,0.000000,23.049441,21
183.376513,62.178991,7.211125,93.731271,1.873540,18.381586,20
173.222427,46.988819,14.600630,98.123661,0.000000,13.509317,18
179.042214,43.469190,20.196809,105.995007,3.974205,5.407003,19
212.104017,51.853549,26.717468,88.658747,0.000000,44.874253,20
243.678120,50.487743,25.473236,99.381788,17.904478,50.430875,21
283.306995,66.215056,28.606057,92.482745,0.000000,96.003137,20
290.473305,76.396506,24.545890,86.716006,0.000000,102.814903,21
288.475665,77.764612,17.840199,84.843466,30.849991,77.177397,20
293.749467,84.274996,18.381586,102.779614,11.810515,76.502756,21
303.464785,77.045807,25.460690,118.019583,0.000000,82.938705,22
301.549366,76.294340,15.679314,125.268763,11.316020,72.990929,24
286.129340,52.538834,23.566528,120.721450,4.361797,84.940731,19
288.218987,71.774898,12.068424,115.705492,0.000000,88.670173,19
295.555157,65.713695,22.796029,102.641588,0.000000,104.403845,18
294.633027,60.793881,28.290987,101.047027,9.876857,94.624275,19
269.893284,38.504833,56.610295,77.631406,0.000000,97.146750,15
258.896366,31.061917,54.970549,71.887154,0.000000,100.976746,15
240.939518,18.090067,56.395130,65.105079,6.866673,94.482569,13
229.115918,18.227667,38.168463,72.215630,0.000000,100.504158,14
237.545451,5.577428,42.859298,74.895586,0.000000,114.213139,16
246.085409,5.810115,49.079083,67.586214,28.961488,94.648509,16
248.808185,11.317020,25.631944,104.403845,0.000000,107.455376,16
243.768567,12.649889,35.789595,102.385321,4.312496,88.631266,17
258.026155,4.361797,43.643046,115.549243,20.396951,74.075118,18
253.350168,3.406773,57.142790,117.103974,0.000000,75.696631,17
255.748804,7.702933,75.037651,110.043414,0.000000,62.964806,18
257.856277,0.000000,71.635684,109.787493,5.776503,70.656597,18
273.314793,3.940000,76.247730,140.640255,0.000000,52.486808,20
290.868835,7.111551,76.936399,143.544739,10.020826,53.255320,21
316.942698,7.725354,107.823889,134.285388,8.223096,58.884971,23
287.544416,0.000000,97.007466,133.670478,0.000000,56.866472,20
286.904518,8.512055,86.136454,136.348043,5.825160,50.082806,21
271.538961,0.000000,78.274449,144.778186,0.000000,48.486326,19
268.102584,0.000000,77.457836,151.684571,0.000000,38.960177,19
274.384810,0.000000,88.192459,143.689300,7.879662,34.623389,19
269.567531,10.578963,135.281297,83.344259,0.000000,40.363012,19
339.873851,14.236214,134.818648,145.514122,24.931080,20.373787,25
295.671748,7.614917,125.455344,155.023972,0.000000,7.577515,23
313.528899,12.758340,132.782988,142.515503,17.201118,8.270950,24
310.113450,0.295088,155.356967,137.798917,9.324432,7.338046,24
286.661578,12.744699,154.792062,111.266938,0.000000,7.857879,22
280.654429,10.704704,156.706751,109.517116,0.000000,3.725858,23
287.007140,0.675306,165.182473,102.253691,1.363262,17.532408,22
298.913990,36.656405,137.621522,94.996492,29.639571,0.000000,23
279.612305,89.604486,94.581908,95.425911,0.000000,0.000000,23
275.510715,86.445288,89.446616,99.618811,0.000000,0.000000,23
277.567979,53.042623,100.530755,91.051513,16.699369,16.243719,21
261.538215,40.363012,108.630388,96.972133,15.572682,0.000000,20
270.723148,60.044764,91.309081,112.975080,1.294403,5.099820,19
272.461141,56.380972,84.866368,114.016201,8.625807,8.571793,19
260.954447,50.462398,78.635996,114.543591,8.059895,9.252567,19
243.048177,36.828015,79.140707,117.169989,0.000000,9.909466,19
240.569503,25.944435,81.915288,132.709780,0.000000,0.000000,21
242.240331,31.921775,85.921993,124.396563,0.000000,0.000000,22
252.192661,41.049783,84.412301,121.777242,0.000000,4.953335,24
253.397869,35.930985,95.052720,114.170745,8.243419,0.000000,24
260.948695,41.211813,93.401990,126.334892,0.000000,0.000000,25
286.060102,49.758395,82.101744,131.837299,0.000000,22.362664,27
310.068681,74.458738,59.457871,150.358258,0.000000,25.793814,30
309.513013,69.953843,64.703279,144.972432,0.000000,29.883459,30
303.710207,66.930510,63.793731,146.323041,7.897117,18.765808,30
337.824654,63.536518,59.958614,166.773836,6.747878,40.807808,33
340.710049,82.338086,35.192962,178.212806,3.027013,41.939182,31
354.673662,73.179651,32.441847,209.116072,0.000000,39.936092,35
355.059451,81.527787,35.642202,209.068097,0.000000,28.821365,37
375.167619,81.497254,38.764016,219.543469,0.000000,35.362880,38
382.373884,76.551389,47.285807,210.450698,2.359244,45.726746,38
330.796508,11.542088,61.201881,194.000043,0.000000,64.052496,34
321.985941,8.571793,53.142986,203.781673,7.567811,48.921678,34
285.921840,0.000000,51.909353,183.601616,0.000000,50.410871,31
301.716711,0.000000,54.339937,193.376209,0.000000,54.000565,32
297.807710,0.000000,58.527958,187.086994,0.899114,51.293644,32
297.824664,0.000000,65.440811,177.660217,0.000000,54.723636,32
311.730156,0.000000,73.578072,174.563548,9.909919,53.678617,33
304.482130,27.027733,54.402404,159.482937,0.000000,63.569056,32
322.738344,29.724694,47.555270,174.884311,5.536270,65.037799,32
293.357155,8.138261,41.311001,178.107685,0.000000,65.800208,27
277.457759,0.000000,41.273294,175.075181,20.411719,40.697565,27
272.235806,1.830151,46.812846,174.957224,1.594826,47.040759,25
282.217294,2.211305,74.423879,156.343834,0.000000,49.238276,26
290.980457,10.886423,65.896700,162.274456,1.621633,50.301245,27
297.200578,15.601904,73.290696,153.597513,1.417780,53.292685,28
281.013282,0.000000,85.803199,134.067201,0.000000,61.142882,26
299.462983,6.005038,82.684786,140.908023,0.000000,69.865136,26
300.599402,0.000000,68.295137,169.369702,10.889761,52.044802,28
286.446921,5.644566,52.963536,180.826355,17.841038,29.171426,28
275.025086,19.979483,50.410871,177.952542,0.000000,26.682190,26
278.289433,21.084074,40.080150,197.171725,0.000000,19.953484,28
271.486508,17.590254,40.085780,195.433734,0.000000,18.376740,28
290.355302,1.904035,48.318551,191.650390,9.592353,38.889973,28
279.643387,0.000000,42.469317,199.895689,0.000000,37.278381,26
284.088358,0.000000,37.523953,208.067675,0.000000,38.496730,26
292.466642,0.000000,53.678617,189.380519,0.000000,49.407506,28
298.772131,0.000000,53.255358,190.251555,18.965340,36.299878,28
286.316829,8.613886,65.350294,181.310339,14.001917,17.040393,28
289.282014,12.254319,60.973302,197.647548,0.000000,18.406845,29
285.232040,25.238625,50.450676,190.357234,3.843853,15.341652,30
277.502726,17.311542,53.490469,185.940601,0.000000,20.760114,30
275.032632,13.705888,60.347410,182.651025,0.000000,18.328309,31
269.455027,10.039430,52.108868,188.303685,3.936597,15.066447,31
276.905719,17.193729,60.212744,181.189885,0.000000,18.309361,32
282.571065,24.917318,61.278864,182.265933,0.000000,14.108950,34
272.573526,11.403420,78.983920,169.409523,0.000000,12.776663,33
319.553251,21.557164,78.415510,169.210741,0.000000,50.369836,36
334.364361,24.790415,74.938898,176.120769,24.631062,33.883217,38
320.263477,17.059063,62.934563,203.286667,11.086594,25.896590,35
311.705312,35.074351,35.229800,213.758965,19.141298,8.500898,34
336.589122,32.194755,33.194449,233.527795,0.000000,37.672123,36
352.263186,18.774783,32.616526,257.433419,0.000000,43.438458,38
347.743777,14.884767,35.333595,255.554277,0.000000,41.971138,38
346.783246,19.569695,36.748546,249.850999,21.468069,19.145937,39
341.624074,32.086546,45.121220,248.373230,1.225367,14.817711,38
341.569756,27.824108,49.148079,239.592797,0.000000,25.004772,38
352.124569,42.303667,37.549370,238.761615,0.000000,33.509917,40
365.481271,32.632293,31.042310,247.375915,12.992659,41.438094,40
342.774556,24.214536,30.318274,248.395890,8.556845,31.289011,38
342.404742,51.823582,0.000000,242.304079,0.000000,48.277081,38
356.613502,51.568384,2.623571,247.999855,0.000000,54.421692,39
400.381296,48.016234,3.652341,272.819869,6.302581,69.590271,40
391.222431,50.162556,33.516420,242.803095,5.645309,59.095051,40
377.547130,75.768502,27.099773,223.337128,0.000000,51.341727,38
377.840412,88.837129,9.883411,219.906400,4.590705,54.622767,37
390.149765,86.598406,12.291369,233.321069,0.000000,57.938921,37
390.770063,71.490329,17.986600,236.281346,0.000000,65.011788,37
386.767610,79.512013,1.857681,236.450265,5.566355,63.381296,38
372.297511,66.094054,10.420557,219.854657,0.000000,75.928243,37
359.648736,60.501432,3.569000,224.932851,0.000000,70.645453,37
351.424450,53.699282,5.163596,224.107072,8.215922,60.238578,38
356.131579,53.827435,0.000000,232.105078,14.647933,55.551133,36
354.498038,55.723667,0.000000,234.338718,9.620816,54.814837,36
376.297850,49.193552,23.280643,228.806990,15.377435,59.639230,38
384.261289,63.948651,15.156611,247.186377,2.772644,55.197006,38
370.691147,77.932722,5.277733,242.834635,3.653510,40.992547,38
362.816694,69.248464,12.307292,245.496410,0.000000,35.764528,37
372.466527,67.967275,18.344540,255.957139,7.172696,23.024877,37
366.532457,76.023831,6.250889,262.885263,0.000000,21.372474,34
377.389094,76.056577,11.787946,261.332411,23.852622,4.359538,35
383.243190,65.556035,23.324608,251.430184,0.000000,42.932363,33
363.415568,55.539502,17.837220,253.917858,0.000000,36.120988,31
431.540833,56.153222,18.847376,287.486607,22.993817,46.059811,38
410.275629,58.459597,7.592955,300.404546,0.731150,43.087381,37
393.286909,58.472845,8.215922,280.863749,9.323838,36.410555,36
378.014792,56.543086,19.895810,267.315485,16.218094,18.042317,34
365.053252,57.900643,14.254288,281.087247,0.652564,11.158510,33
370.271301,53.419269,17.554982,280.841781,0.000000,18.455269,34
388.779729,53.978777,20.395468,281.180428,5.933672,27.291384,34
382.720364,81.554653,12.075998,260.289622,0.000000,28.800091,33
399.121403,62.899945,20.293223,265.295456,6.209138,44.423641,33
403.020673,77.865691,23.043619,271.388000,5.301071,25.422292,35
408.808249,70.961675,21.618920,289.231106,4.790100,22.206448,36
419.802257,89.055095,4.122452,290.669863,15.869070,20.085777,36
384.086211,57.532897,25.989881,283.817100,0.000000,16.746333,34
375.228034,67.689676,21.372474,269.923560,16.242324,0.000000,35
369.122149,78.733773,12.403212,273.722295,0.000000,4.262869,35
369.745283,79.416456,7.817328,273.976225,8.535274,0.000000,35
372.761325,70.527613,5.650229,289.401854,7.181629,0.000000,34
381.636911,71.648282,0.000000,286.739174,0.000000,23.249455,35
386.439990,79.772916,10.739137,267.254162,0.000000,28.673775,35
393.194298,75.623354,23.162814,254.857718,0.000000,39.550412,36
379.170228,81.284788,7.323608,261.764121,3.527920,25.269791,37
382.719551,49.356808,0.731150,276.148742,15.626910,40.855941,33
334.949792,21.553247,17.200851,254.514498,9.454385,32.226811,29
319.415634,17.200851,8.263571,262.905592,11.264467,19.781153,28
304.746094,5.716997,18.455269,271.088943,0.000000,9.484885,28
303.009932,8.513017,49.045726,235.991458,0.000000,9.459731,28
319.017600,11.698913,47.897966,237.553471,3.440642,18.426608,28
323.853745,17.379121,44.075031,235.677924,7.221090,19.500579,28
339.350486,41.161283,36.159578,235.602662,0.000000,26.426963,29
336.044944,36.684534,33.065235,232.241990,0.000000,34.053185,29
357.846251,38.773960,30.723363,238.495004,0.000000,49.853924,31
346.181358,35.407149,26.495751,253.606016,15.861596,14.810846,32
319.620762,59.253020,54.995179,199.523021,4.182042,1.667500,31
344.409851,40.356328,60.226691,229.478616,0.000000,14.348216,32
347.277161,41.535646,74.706558,211.806387,0.000000,19.228570,32
360.073203,54.495405,61.423688,215.545407,17.506431,11.102272,33
340.949243,45.523721,70.086947,209.027162,9.857157,6.454256,32
354.944866,41.821981,66.984491,232.502922,0.000000,13.635472,36
387.730460,36.328745,88.589512,235.262139,0.000000,27.550064,39
389.576607,35.174782,93.762618,241.403331,0.000000,19.235876,39
406.155486,35.594499,98.094991,237.575593,15.457476,19.432927,40
383.891892,55.463567,82.448418,228.849990,0.000000,17.129917,39
372.253617,34.449081,82.056045,228.655851,7.588198,19.504442,35
351.615381,41.681196,82.945463,207.207900,0.000000,19.780822,34
382.736955,45.629141,83.840263,213.344729,2.373644,37.549178,35
366.744421,25.528120,83.942838,214.225291,9.527944,33.520228,35
356.473372,27.886339,76.625953,218.283837,0.000000,33.677243,34
353.265208,23.316889,88.308965,213.822626,19.636041,8.180687,34
342.047907,23.098577,86.914134,215.245936,0.000000,16.789260,31
338.071756,24.881227,82.551323,213.816290,1.426479,15.396437,31
321.391418,10.803397,94.911701,187.985192,0.000000,27.691128,30
357.568864,23.473481,74.892837,194.604280,0.000000,64.598266,32
431.956691,29.489745,99.941426,195.358574,9.519568,97.647378,36
440.795069,27.059767,108.244223,193.373520,0.000000,112.117559,36
489.516165,27.894603,102.367246,213.542392,0.000000,145.711924,38
480.891182,23.568632,98.799735,221.952553,0.000000,136.570262,40
489.792644,28.406923,99.073176,222.675395,22.703480,116.933670,40
503.731723,16.311413,102.194690,252.923598,0.000000,132.302022,39
496.881978,11.935275,97.759665,255.391706,3.930320,127.865012,39
500.784216,13.810143,88.117550,264.347232,0.000000,134.509291,38
510.634891,10.008121,110.752195,239.606916,1.701054,148.566605,37
542.839398,12.936774,106.665013,267.076767,2.876529,153.284315,38
568.391495,28.211794,93.530034,269.502682,40.278601,136.868384,39
512.547017,11.668278,105.868990,260.088594,15.917683,119.003472,34
514.910613,16.203062,97.417885,272.550407,0.000000,128.739259,34
554.766785,15.424362,104.921554,276.088796,8.493624,149.838449,37
527.235437,41.700915,133.723826,210.095337,14.730358,126.985001,36
535.459183,43.213165,145.431155,222.054056,0.000000,124.760807,35
530.522502,35.255479,145.354688,215.989428,22.327339,111.595568,35
529.242887,70.868735,145.778680,186.789087,0.000000,125.806385,32
532.124796,70.020839,143.232636,185.913358,19.914849,113.043114,32
523.519192,89.163561,122.305878,199.026153,7.446863,105.576737,31
533.963286,101.748684,116.951043,196.852591,0.000000,118.410968,31
509.534272,78.962980,112.354374,194.744418,0.000000,123.472500,29
508.226801,97.879145,110.803586,182.142201,0.000000,117.401869,29
521.719908,101.649806,109.210110,205.094794,46.149247,59.615951,30
418.332984,80.724554,100.917093,178.516677,4.988624,53.186036,23
442.121466,82.123115,98.373561,175.608131,0.000000,86.016659,23
426.757464,78.821734,83.703866,181.285205,0.000000,82.946659,23
426.732006,90.504650,70.778394,187.096096,0.000000,78.352866,24
432.513045,81.257615,74.132286,189.419756,8.510214,79.193174,24
402.183917,72.977243,67.928270,170.323732,0.000000,90.954672,24
430.557417,87.933745,57.866940,169.148142,3.510923,112.097667,24
426.367956,83.703866,61.252136,163.751397,0.000000,117.660557,25
457.346122,84.194096,59.978102,175.896340,16.307437,120.970147,27
457.496890,95.408708,47.092645,187.019870,6.706133,121.269534,25
421.638575,80.935575,59.267730,161.830150,9.629667,109.975453,24
399.591637,82.520652,49.287956,159.724512,6.691887,101.366630,23
397.177153,98.097167,28.011393,148.237208,0.000000,122.831385,24
403.963436,106.128492,22.817181,154.628579,0.040678,120.348506,24
397.702347,86.876782,18.540195,160.957715,10.755903,120.571752,24
394.909552,70.688508,28.076045,161.378885,0.000000,134.766114,21
416.803440,70.034598,29.507819,161.696482,0.000000,155.564541,21
438.834209,80.852427,25.011935,166.512780,0.000000,166.457067,24
425.833030,61.287140,23.303539,190.688787,0.000000,150.553564,25
439.097151,59.226726,18.637316,199.669116,9.224631,152.339362,27
432.860929,89.446653,0.000000,190.063110,16.007711,137.343455,28
390.993334,28.079886,20.396320,180.526282,0.000000,161.990846,25
408.137687,38.975156,14.470250,179.565772,5.876701,169.249808,25
390.189320,36.457928,20.300956,164.246800,24.672026,144.511610,23
322.905033,4.477243,38.111569,127.003653,3.448275,149.864293,17
313.112161,0.000000,32.406344,130.786493,3.694660,146.224664,16
311.450240,0.000000,30.574154,134.695181,2.017809,144.163096,16
295.017753,0.000000,31.166061,114.031335,20.110461,129.709896,13
299.901884,1.600840,28.712695,130.207642,0.000000,139.380707,13
314.558877,0.000000,33.880031,130.240003,15.516302,134.922541,14
290.518122,0.150238,39.963352,109.804461,0.000000,140.600071,13
306.956960,6.250375,49.979047,103.372119,1.053526,146.301893,14
311.047645,13.203669,46.536345,103.717484,5.995266,141.594881,14
309.429324,8.868220,54.186131,117.654848,0.000000,128.720125,15
309.795065,11.523523,58.154008,108.627515,5.362458,126.127561,15
309.184424,7.077042,49.954946,122.203164,6.429945,123.519327,14
309.697984,6.461028,63.141240,115.861099,11.737664,112.496953,15
321.245123,8.405956,55.198423,134.287370,0.000000,123.353374,17
316.228885,20.677059,35.670574,139.380707,1.175535,119.325010,18
311.210219,25.112613,32.914941,138.732368,0.000000,114.450297,18
307.033069,10.716243,31.657619,147.315664,1.831985,115.511558,18
318.225895,19.647322,40.230879,136.417852,10.937567,110.992275,18
298.542182,8.446778,53.494382,141.594881,11.904707,83.101434,19
324.078875,26.011882,30.473120,153.213563,6.244134,108.136176,20
330.546030,43.129463,24.571919,154.915981,4.718760,103.209907,21
330.202002,50.156046,17.802663,168.494385,0.000000,93.748908,21
308.735129,25.389164,21.187248,168.405538,0.000000,93.753179,22
309.946267,31.447231,18.889410,165.485388,21.694279,72.429959,22
318.164000,35.085105,20.201333,192.435242,7.592129,62.850191,23
306.970922,25.131957,35.655675,177.629886,9.742909,58.810495,21
291.903594,32.007877,45.558362,152.222967,13.564677,48.549711,20
246.074304,0.000000,48.685653,152.236036,2.028383,43.124232,16
273.870500,0.000000,54.421618,154.847242,9.951696,54.649944,17
265.121264,4.371241,43.626640,155.288081,7.464254,54.371048,18
288.311035,10.103195,42.427640,144.857816,0.000000,90.922384,15
307.524709,19.723583,37.084972,171.069220,1.839256,77.807678,17
296.315282,31.132950,56.266989,132.131611,0.000000,76.783732,17
311.482910,28.506573,57.151516,128.521550,0.000000,97.303271,17
327.872633,22.335817,55.470705,141.698043,0.000000,108.368068,18
323.433127,57.840478,21.825564,158.802333,5.582892,79.381860,19
314.039734,65.961142,13.564677,156.241962,2.000800,76.271153,18
312.031031,76.703105,10.032421,150.294881,4.639711,70.360913,18
315.974221,62.850191,14.143696,138.619034,10.482925,89.878375,18
301.904847,54.823668,3.804720,142.833485,0.000000,100.442974,17
321.839748,49.452642,25.835016,110.455645,0.000000,136.096445,17
315.507354,48.156663,24.119283,106.880767,20.339271,116.011370,17
329.284409,70.384835,26.052156,104.028800,7.960071,120.858547,20
329.044961,78.142473,12.779911,122.995048,6.768384,108.359145,19
318.789433,75.203935,7.940403,130.857679,6.190116,98.597300,19
317.845431,74.062786,23.462529,115.926399,12.996015,91.397702,19
300.558450,68.269576,23.997581,127.034688,0.000000,81.256605,19
313.084038,83.813389,29.811417,111.484317,12.644217,75.330698,19
281.547893,51.240722,37.058030,109.718753,2.871248,80.659140,17
283.962968,68.194983,37.784503,84.100300,6.491809,87.391373,17
271.936779,49.979728,65.606338,67.954959,0.000000,88.395754,16
284.787305,46.004751,61.116975,70.964984,0.000000,106.700595,17
288.041066,51.363832,57.895521,70.474773,5.886511,102.420429,18
235.836115,22.403027,65.367836,40.945059,0.000000,107.120193,10
235.645872,15.803034,56.507779,45.276486,0.000000,118.058573,11
265.114355,6.190116,53.031991,55.156661,0.000000,150.735587,13
263.406759,3.815879,55.367588,53.312644,0.000000,150.910648,13
276.003483,4.880608,82.051309,31.401127,0.000000,157.670439,14
275.598566,4.299528,82.257801,35.382654,0.000000,153.658583,15
277.808686,13.595699,85.904397,24.107257,0.000000,154.201333,16
279.265565,20.226511,75.330698,24.425917,36.022752,123.259687,16
267.182202,33.071081,85.135613,47.999613,0.249809,100.726086,15
271.856326,45.276486,80.011003,42.957598,14.296163,89.315076,16
260.280496,41.531127,92.210634,37.787654,6.200607,82.550474,14
245.011700,39.888674,87.585947,40.361489,4.822853,72.352737,13
246.523513,51.321024,78.787729,39.863190,0.000000,76.551570,13
256.066697,57.753413,102.573526,8.277305,0.000000,87.462453,13
252.921078,91.093702,69.738340,6.921638,7.671965,77.495433,13
250.161109,100.816278,53.548822,23.943490,31.028955,40.823564,12
180.169510,71.373792,32.693615,32.798101,0.000000,43.304002,9
183.309388,74.279408,33.709882,29.902217,6.017833,39.400048,10
195.637100,100.726086,30.638156,17.730780,0.000000,46.542078,13
206.917191,89.315076,32.490008,21.333265,0.000000,63.778842,14
205.488979,88.751081,31.411740,26.948978,0.000000,58.377180,15
206.972346,93.082323,30.533905,18.322756,0.000000,65.033362,16
202.471081,86.342534,30.730489,22.409750,0.000000,62.988308,16
226.297397,99.250461,18.520157,59.748606,0.000000,48.778173,23
237.388077,116.438166,7.334613,70.420997,4.136389,39.057912,23
261.612357,117.458801,8.460481,72.430655,0.000000,63.262420,24
273.814751,133.970640,12.460806,53.543641,7.724850,66.114814,25
263.641466,123.077403,28.551975,47.270077,0.000000,64.742011,25
270.446145,122.105278,34.007248,34.919744,0.795623,78.618252,26
265.542757,125.147487,29.413163,27.825261,13.575493,69.581353,27
264.469691,115.630451,22.513956,54.381567,0.000000,71.943717,27
286.338649,119.907856,31.989804,59.250635,2.135618,73.054736,28
290.890490,120.011156,33.604267,63.063448,8.338490,65.873129,29
287.767030,121.611256,37.711592,65.751683,0.920448,61.772051,29
285.461824,120.271375,50.831159,48.501194,2.054086,63.804010,28
281.275183,114.047227,59.339253,47.779209,10.746267,49.363227,27
276.467936,100.748729,79.538700,51.176726,0.000000,45.003781,26
280.777784,115.679603,54.952140,48.826745,47.473477,13.845819,24
250.569604,98.924413,75.190354,60.592602,0.000000,15.862235,18
250.938377,93.376057,93.432969,56.076604,4.546000,3.506747,20
256.238554,105.006205,80.925475,68.992333,1.314541,0.000000,21
256.915457,117.777338,76.163178,62.974941,0.000000,0.000000,21
259.410208,132.259970,65.993022,61.156216,0.000000,0.001000,21
263.444058,143.475623,62.158306,52.127879,0.000000,5.682250,22
270.854426,149.764875,49.997277,71.092274,0.000000,0.000000,24
283.454366,151.889282,70.226087,53.241168,0.000000,8.097829,25
277.035693,139.460844,70.306874,55.190606,4.833850,7.243519,25
262.949177,151.252362,57.810129,47.343589,0.000000,6.543097,24
267.830612,160.952950,47.016648,56.034828,0.000000,3.826186,25
276.115759,164.793228,47.711891,47.420357,0.000000,16.190283,25
284.779023,164.408319,56.864267,46.405517,0.000000,17.100920,27
290.966810,163.659056,61.338997,44.650617,8.284354,13.033786,29
292.258573,169.006986,57.831828,50.430270,0.000000,14.989489,29
287.843952,165.473485,59.569936,54.799702,0.000000,8.000829,31
288.803744,158.258171,64.769416,57.599051,0.000000,8.177106,31
304.517808,163.019973,62.913352,60.888471,17.696012,0.000000,32
322.430730,134.812210,79.157784,66.072451,0.000000,42.388285,32
361.400372,136.514142,77.497128,75.081116,0.000000,72.307986,35
350.770606,111.696815,62.799531,127.154350,0.000000,49.119910,40
344.152369,141.738169,26.027964,133.365024,0.000000,43.021212,39
341.089283,139.528798,23.969364,127.851645,0.000000,49.739476,40
342.283531,144.021880,16.717022,136.762312,10.092392,34.689925,40
327.727562,132.655752,38.921760,116.919601,11.690946,27.539503,37
328.153488,130.350901,39.185505,130.300045,0.000000,28.317037,38
329.831895,129.174354,33.261004,135.488034,0.000000,31.908503,38
368.736757,129.723066,30.302992,139.294243,0.000000,69.416456,40
374.790728,133.399462,29.490585,139.883098,23.192643,48.824940,40
384.947308,130.187454,54.957429,141.401055,0.000000,58.401370,39
410.002553,136.311292,72.263055,132.485074,0.000000,68.943132,39
400.451947,125.981001,77.299160,119.159794,1.473045,76.538947,38
393.959361,130.599159,86.745432,108.320443,37.945069,30.349258,36
355.896558,127.154350,69.677872,140.820194,2.534080,15.710062,30
355.177523,136.705574,67.220165,136.241556,14.598310,0.411918,30
355.097713,144.534910,38.265687,141.236055,5.846770,25.214291,30
352.584973,156.972235,57.163711,121.528263,0.000000,16.920764,29
347.609480,156.150050,48.599079,126.392641,1.086257,15.381453,30
354.130563,156.446987,46.593860,135.651906,1.323076,14.114734,30
370.749864,149.412704,74.893878,112.973092,9.702410,23.767780,29
351.807616,174.255640,50.196814,106.207394,0.000000,21.147768,27
396.087425,169.728285,76.538947,98.318549,1.221435,50.280209,30
401.358628,182.598021,72.837630,87.195986,0.000000,58.726991,32
387.221925,171.847069,72.353528,94.150777,0.000000,48.870551,32
362.223333,152.700264,66.126632,107.483707,9.076179,26.836551,30
315.643072,125.251043,67.221366,97.231724,4.207820,21.731119,26
328.361930,163.619560,40.619564,92.827470,0.000000,31.295336,25
371.688194,154.662969,46.498871,89.616350,0.000000,80.910004,24
373.210902,156.917279,60.243526,73.107929,0.787027,82.155141,25
345.268068,137.124951,59.266613,53.171740,0.000000,95.704764,23
350.016623,148.311216,53.222803,54.877681,14.177269,79.427654,23
331.922644,142.266927,73.894956,49.295478,9.469750,56.995533,24
343.388656,134.703389,74.237007,73.525811,0.000000,60.922449,25
342.130100,126.133727,98.509973,53.363769,7.778000,56.344631,26
347.025189,95.809643,92.303232,113.027609,3.543953,42.340752,30
365.357222,93.738859,98.953056,124.138292,0.000000,48.527015,32
345.892570,78.306666,122.418719,106.463383,15.724424,22.979378,30
353.157280,97.239794,122.788082,98.972319,0.000000,34.157085,30
359.010640,99.318760,119.630792,95.639319,10.560705,33.861064,30
334.972480,81.459058,129.771927,84.588507,0.000000,39.152988,26
338.975998,85.430581,125.343757,88.535971,0.000000,39.665689,26
364.467615,92.084305,152.147181,74.187385,6.535230,39.513514,28
342.464706,74.249214,173.063596,55.075234,18.210983,21.865679,27
328.333804,86.025172,180.201938,31.704280,7.809234,22.593180,25
326.855514,95.704764,175.260506,32.072544,0.000000,23.817700,24
319.438657,95.257134,172.325840,27.657844,9.585534,14.612305,24
310.558630,98.771981,165.583168,30.402414,0.000000,15.801067,24
299.578339,93.438341,152.294353,35.341504,0.000000,18.504141,25
318.309974,64.122631,155.592821,47.004224,12.304892,39.285406,26
302.878126,64.224954,165.428347,43.346529,2.372192,27.506104,26
323.651348,69.207703,167.240353,37.537706,15.684529,33.981057,27
315.175116,57.641397,165.575890,44.821799,3.251078,43.884952,26
313.646822,81.044554,148.322148,43.115211,8.172828,32.992081,27
316.092327,124.107622,110.505108,48.717806,2.375763,30.386028,27
317.489762,136.854085,91.384351,53.916842,6.894720,28.439764,28
316.476336,141.302010,98.594522,55.974880,10.024142,10.580782,28
307.444855,120.120825,94.295912,73.522118,0.743998,18.762002,30
357.465603,112.411892,107.205882,75.709694,0.000000,62.138135,32
365.686892,103.047350,109.959689,98.687190,8.178320,45.814343,33
368.868957,103.317652,111.050777,96.927758,0.000000,57.572770,33
387.445558,82.399503,122.260183,94.356129,0.000000,88.429743,32
386.662121,87.519848,115.865210,93.973976,0.000000,89.303087,33
396.223810,93.940951,120.989541,82.805071,1.710943,96.777304,34
382.826614,79.562776,118.434853,90.029074,9.954343,84.845568,34
378.544899,68.624279,114.503791,113.508808,0.000000,81.908021,34
395.433545,79.543654,111.322688,108.591523,0.000000,95.975680,35
409.956642,72.142852,129.349750,94.462057,11.394979,102.607004,35
3.647694,0.000000,0.000000,0.000000,3.647694,0.000000,0
76.217274,0.000000,0.000000,22.230875,0.000000,53.986399,2
77.674644,0.000000,2.829665,10.754213,6.059997,58.030769,4
73.076189,0.624823,14.781717,0.000000,0.198822,57.470827,2
77.017456,0.000000,15.269497,8.137722,12.211189,41.399048,3
110.216957,2.723500,35.597579,11.371716,0.000000,60.524162,6
109.312976,0.000000,34.063608,4.596285,6.900310,63.752773,5
125.737862,0.000000,40.929313,16.728440,1.066467,67.013642,8
120.800673,0.000000,52.877031,9.121952,0.000000,58.801690,9
133.653397,4.000600,71.895878,5.116229,16.147785,36.492905,11
126.512408,4.511188,65.640391,27.138233,3.066731,26.155865,10
135.520313,11.496595,63.752773,22.788886,0.910000,36.572059,10
132.883291,16.728440,77.323609,0.000000,14.138814,24.692428,9
134.370787,23.394017,68.068406,5.748886,16.912406,20.247072,9
132.696560,38.424092,36.572059,28.808619,5.996356,22.895434,8
120.234739,38.837584,50.241980,19.912101,0.760802,10.482272,9
115.938580,26.543093,62.613387,5.708584,2.986033,18.087483,9
127.442640,28.238559,57.700409,21.314781,0.000000,20.188891,10
123.198053,29.994908,49.614592,41.027942,0.000000,2.560611,11
148.449253,23.724548,65.670939,25.501070,0.000000,33.552696,11
167.868202,38.802543,50.206571,29.277176,0.000000,49.581912,13
167.189234,41.182012,55.723162,17.213696,11.272545,41.797819,13
154.835787,36.225793,46.574586,33.178170,3.557026,35.300212,12
162.693610,28.891790,48.557734,36.622472,5.868100,42.753514,13
143.367158,11.458093,47.470671,43.755408,9.314956,31.368030,11
147.679833,19.448211,42.344993,54.306487,6.723016,24.857126,12
151.531122,19.051396,45.407580,67.079459,0.000000,19.992687,12
145.223256,22.940459,39.295807,72.995028,9.991962,0.000000,13
159.360178,11.387192,65.507734,66.678371,0.700384,15.086497,13
156.468484,17.728921,61.029503,61.037049,14.705187,1.967824,13
167.397171,9.551447,56.559367,66.730947,34.555410,0.000000,11
147.483859,0.000000,50.579056,78.903594,12.946115,5.055094,9
145.895044,7.055035,43.002901,74.866919,18.900430,2.069759,9
161.582190,8.662875,60.365620,71.651411,0.000000,20.902284,9
165.668025,17.877785,82.099819,47.784498,11.980191,5.925732,9
173.825943,18.998914,91.849709,47.996424,14.980896,0.000000,10
154.235014,11.794182,88.168435,50.445692,3.826705,0.000000,10
269.387758,9.331981,108.489105,88.087350,0.000000,63.479322,17
273.162337,13.810236,116.943090,87.745513,0.000000,54.663498,18
293.728155,1.967824,122.836067,95.259788,13.246262,60.418214,20
224.841673,4.703963,68.400190,90.909811,0.000000,60.827709,17
234.773180,8.922093,59.770213,103.776650,5.751224,56.553000,18
218.126166,5.997743,66.549155,71.016843,0.000000,74.562425,17
214.000097,1.863058,65.317664,74.791776,10.124864,61.902735,18
214.629220,13.693381,54.864376,81.099647,25.939439,39.032377,17
231.491492,5.647458,62.138714,106.807057,7.959388,48.938875,19
203.245758,0.000000,59.327729,96.697093,0.000000,47.220936,14
214.278683,15.198615,46.371563,85.880764,0.000000,66.827741,14
212.038309,19.999817,37.975053,96.531477,7.399724,50.132238,13
220.752190,24.666485,31.151743,121.783361,0.000000,43.150601,15
211.852202,13.246262,31.603390,126.134047,0.000000,40.868503,14
204.858518,21.705078,42.667989,100.277192,1.587318,38.620941,15
206.958608,0.000000,53.688957,111.668513,0.000000,41.601138,14
282.019047,0.000000,60.459517,123.112579,4.115032,94.331919,18
292.039065,0.000000,74.562425,122.106217,7.821867,87.548556,19
288.849577,0.000000,68.781959,127.330816,0.000000,92.736802,20
275.249786,7.926717,57.915792,129.464916,5.710574,74.231787,21
308.566703,2.231916,64.982192,146.603519,0.000000,94.749076,23
309.013360,0.000000,75.142277,137.782166,0.000000,96.088917,23
352.676654,15.257638,77.032915,140.443725,0.000000,119.942376,27
344.793852,9.169924,76.475595,147.924134,0.000000,111.224199,28
336.340315,3.810143,70.870584,140.117951,2.677695,118.863942,26
326.193433,5.441632,84.274664,122.951598,0.000000,113.525539,27
344.280971,0.000000,80.465592,143.468381,2.900216,117.446782,28
344.543772,0.000000,84.241328,145.351085,13.035856,101.915503,29
351.919096,8.176006,72.949390,154.850112,0.000000,115.943588,28
360.356889,19.813710,76.889085,132.803196,0.000000,130.850898,29
372.913603,31.706728,78.190147,127.394054,4.205431,131.417243,29
391.268227,27.310159,81.030156,131.115005,7.668745,144.144162,30
383.478327,20.284087,89.337612,134.554485,1.062985,138.239158,30
387.799258,11.978893,107.664476,121.113882,8.781372,138.260635,29
360.300751,7.071721,116.510138,107.604233,5.843112,123.271547,26
378.163609,14.829161,120.924401,111.078204,7.848733,123.483110,29
377.375349,15.356241,134.255591,95.534094,0.000000,132.229423,29
378.391972,4.951564,140.661395,98.016557,21.608137,113.154319,28
363.640843,7.650708,134.554485,113.078316,19.555852,88.801482,26
365.797834,27.813473,119.590914,110.800620,2.638773,104.954054,23
373.984135,28.906243,129.072134,103.857184,1.052108,111.096466,24
358.895240,20.014402,121.608197,119.189209,0.000000,98.083432,23
335.990247,16.689701,100.813288,113.568552,0.000000,104.918706,22
332.021288,14.127495,106.560100,103.000056,0.000000,108.333637,21
318.767090,3.308286,95.534094,106.629349,11.559173,101.736188,19
315.176615,2.800720,109.086905,104.273330,0.922477,98.093183,18
312.233776,15.030407,87.215566,94.612868,3.704334,111.670601,16
313.330341,28.280720,91.646780,81.894435,0.000000,111.508406,17
316.931330,26.520909,97.462970,63.562300,0.000000,129.385151,17
340.068738,24.651350,98.722448,75.366576,0.000000,141.328364,20
394.419803,23.040239,93.272921,95.176727,0.000000,182.929916,21
417.488670,20.294681,91.629256,108.794811,0.000000,196.769922,23
406.673395,2.451736,92.414378,117.190769,9.369433,185.247079,22
414.241645,14.053226,86.683467,121.376871,0.000000,192.128081,23
442.778305,30.378892,81.786879,111.670601,0.000000,218.941933,25
421.827704,0.000000,87.486967,118.305975,1.343331,214.691431,25
419.878427,0.000000,81.895435,126.311833,0.000000,211.671159,24
421.602259,13.632123,59.390000,128.426671,0.000000,220.153465,24
408.088772,15.626470,53.021747,124.652777,33.867214,180.920564,24
387.973368,14.282719,74.197640,124.696231,0.000000,174.796778,22
407.356491,9.852794,77.997789,121.144856,7.769147,190.591905,25
391.698295,0.000000,103.631636,118.827107,5.294589,163.944963,24
394.264915,0.000000,102.944984,131.133989,0.000000,160.185942,25
397.326490,0.000000,111.507406,122.433405,0.000000,163.385679,25
401.083351,47.726852,59.959158,135.104036,28.263728,130.029577,25
379.795070,25.718845,65.420203,152.443861,0.000000,136.212161,22
364.207547,13.885605,77.126089,142.419363,12.065217,118.711273,21
333.225558,18.740331,51.817076,148.061504,8.361987,106.244660,19
321.816048,6.826385,58.734117,147.350264,0.000000,108.905282,17
325.162813,17.054316,48.750481,159.847360,5.357680,94.152976,18
280.131358,12.920997,40.643292,134.152486,0.000000,92.414583,16
291.972578,1.067724,48.950780,130.908047,5.828922,105.217105,16
300.714556,21.769855,29.288917,158.753175,0.000000,90.902609,17
307.450984,27.547191,24.007195,160.185942,0.000000,95.710656,16
315.264663,23.439392,22.883982,162.024897,3.525140,103.391252,17
306.840974,0.000000,26.555100,164.955214,2.262679,113.067981,18
303.664678,6.031609,27.424126,156.900545,0.405758,112.902640,18
324.899561,12.133278,35.892243,143.488948,10.677586,122.707506,18
355.792749,10.810731,29.067733,156.965934,0.000000,158.948351,19
347.478280,7.973591,33.129406,158.036147,0.000000,148.339136,20
373.681562,17.107921,22.233376,157.851144,0.000000,176.489121,21
381.719874,11.614736,37.104837,144.622314,1.779729,186.598258,22
360.567789,0.000000,32.422502,139.800472,0.000000,188.344815,21
349.979689,3.846770,25.239080,137.726628,24.465045,158.702166,21
336.086454,0.000000,36.500696,147.214119,0.000000,152.371639,20
331.549739,0.000000,31.999911,152.270223,0.000000,147.279605,20
331.096861,0.000000,35.016169,157.661947,0.116931,138.301814,21
330.003992,7.368684,29.659565,144.992863,5.480069,142.502811,21
321.872269,7.310731,18.847321,154.472978,0.000000,141.241239,21
327.693828,10.445635,16.879590,156.601664,0.000000,143.766939,22
364.828550,12.778776,12.868550,177.339653,0.000000,161.841571,25
370.769144,8.477904,8.913658,199.222736,4.575010,149.579836,25
363.285209,2.260333,14.373910,195.883650,24.001569,126.765747,24
371.007976,0.000000,46.548452,195.308064,4.422812,124.728648,24
354.951950,7.429369,35.675242,191.772002,2.051109,118.024228,22
371.817038,1.779729,50.453901,172.553257,0.000000,147.030151,22
379.025234,6.963249,49.000779,174.658150,13.132290,135.270766,23
372.239225,19.130781,61.779804,157.890690,0.000000,133.437950,22
359.202514,5.961407,55.958272,167.282112,3.511544,126.489179,23
359.616596,7.606043,58.958819,168.582471,20.926204,103.543059,24
323.526610,0.000000,58.684818,162.207931,0.000000,102.633861,22
358.707610,0.000000,59.879389,162.142444,0.000000,136.685777,23
371.844388,0.790395,56.109740,161.714860,6.647395,146.581998,24
372.382341,0.000000,53.608183,165.853921,30.334402,122.585835,23
327.663158,24.001569,23.828124,156.085533,0.000000,123.747932,18
362.184048,17.517718,25.543074,157.895977,0.000000,161.227279,19
370.856510,8.749412,20.733878,162.983292,0.000000,178.389928,21
356.207273,0.000000,35.418801,136.815236,0.000000,183.973236,19
361.201042,3.900610,40.621109,130.000723,0.000000,186.678600,19
367.090716,23.850526,20.282127,147.607921,0.000000,175.350142,20
374.448261,20.747310,20.969613,159.329060,17.100826,156.301452,22
379.001421,11.906949,28.476111,161.643454,9.612641,167.362266,23
399.107494,17.279589,23.673435,184.543136,14.228835,159.382499,25
472.571313,8.027050,53.885491,176.380614,3.475229,230.802929,29
493.058761,8.630994,64.360204,162.201779,0.000000,257.865784,27
506.824301,6.685223,54.527882,157.887284,0.000000,287.723912,25
504.222809,3.951480,52.158700,160.929343,7.436153,279.747133,26
531.498643,13.080402,49.540049,177.425137,0.000000,291.453055,27
530.652351,13.368074,51.260185,180.303111,1.917475,283.803506,28
525.362981,9.629667,45.840452,185.883461,14.322761,269.686640,29
507.726648,3.565000,47.899986,185.701124,15.367375,255.193163,29
496.994422,0.000000,48.497543,193.276880,0.000000,255.219999,25
499.970204,0.000000,56.471826,201.619872,0.000000,241.878506,27
508.175744,10.131394,61.440368,193.509926,0.000000,243.094056,27
523.447304,20.688098,42.305016,203.589264,23.245648,233.619278,29
513.628107,24.502680,38.960927,197.045352,17.575034,235.544114,28
544.975245,17.106711,49.800044,243.407705,0.000000,234.660785,30
543.087892,38.960927,19.210860,245.661162,0.000000,239.254943,29
549.318030,44.206765,17.314886,250.032395,0.000000,237.763984,29
533.669019,29.934127,23.840896,250.212252,0.000000,229.681744,29
495.926819,0.000000,15.148556,252.168729,0.000000,228.609534,25
500.635546,0.000000,21.145841,241.169672,7.615623,230.704410,25
504.085419,9.259959,15.916115,244.245333,22.975935,211.688077,25
492.944689,11.643189,7.872809,254.854955,0.000000,218.573736,23
499.999577,24.936086,0.000000,255.596598,3.689951,215.776942,24
494.646177,30.296045,0.000000,252.357576,0.000000,211.992556,24
504.874155,36.912050,0.000000,254.970160,0.000000,212.991945,25
503.604426,35.873136,0.000000,255.193163,0.000000,212.538127,25
507.013671,38.581522,0.000000,255.219999,0.000000,213.212150,26
514.853755,46.185446,9.091000,241.553214,0.325292,217.698803,27
505.534632,32.583573,7.444019,240.338511,0.000000,225.168529,27
522.591195,35.461473,9.364308,245.439825,0.000000,232.325589,30
522.386885,30.584186,10.908858,246.442630,5.752059,228.699152,30
510.696589,11.632084,12.902737,253.324275,0.000000,232.837493,28
510.967382,8.232500,3.848133,257.084723,0.000000,241.802026,27
503.328078,3.848133,9.551852,257.225698,24.623291,208.079104,28
477.546456,15.576528,26.057651,234.660785,5.185666,196.065826,27
477.470306,14.248138,30.349217,239.254943,0.000000,193.618008,27
479.563631,11.679653,51.032810,221.053712,7.104569,188.692887,28
476.001617,8.480152,50.168281,229.573579,0.000000,187.779605,29
512.375706,5.897846,57.108749,231.510132,0.000000,217.858979,31
501.367901,9.728840,41.201224,234.035631,0.000000,216.402206,31
495.363822,8.639248,24.997023,238.362581,0.000000,223.364970,30
475.606148,0.116373,15.568379,232.398766,0.000000,227.522630,29
516.547365,9.603564,15.270095,230.000938,5.767967,255.904801,30
507.143128,1.918912,20.439194,235.058380,0.000000,249.726642,31
511.111152,13.351183,36.211344,212.538127,17.595697,231.414801,32
500.907633,25.433382,18.339045,228.241118,0.000000,228.894088,31
497.201141,23.165412,21.001197,228.868495,0.000000,224.166037,30
516.347564,17.563651,20.415445,244.274498,0.000000,234.093970,33
532.762755,1.602976,28.635756,244.896281,11.923324,245.704418,31
522.175918,7.936417,34.437204,241.802026,0.000000,238.000271,30
580.030754,4.150245,38.088595,247.580473,0.000000,290.211441,33
572.121081,0.000000,43.428977,255.559668,0.000000,273.132436,32
567.392184,0.000000,32.618907,252.397185,20.188628,262.187464,32
566.125182,0.000000,63.655292,235.062530,0.000000,267.407360,31
555.174539,5.582860,70.051486,210.892995,9.082660,259.564538,31
558.341957,4.303075,73.648013,223.603413,0.000000,256.787456,32
561.312491,47.917410,32.508600,221.366477,14.312559,245.207445,33
553.828380,25.971614,33.786025,222.928284,12.987115,258.155342,32
510.387309,14.046887,19.053905,223.641691,0.000000,253.644826,26
504.687254,0.001000,25.655985,224.527013,1.764982,252.738274,25
507.938496,1.158778,27.814439,241.724765,5.686706,231.553808,25
501.047335,0.000000,36.657542,233.595752,0.000000,230.794041,25
498.090027,24.150016,9.498530,228.547655,2.481237,233.412589,25
465.406248,11.395773,12.465095,211.266949,2.855653,227.422778,22
462.488779,10.445070,11.923324,236.533604,0.000000,203.586781,22
457.644817,6.470941,10.695369,237.406075,0.000000,203.072432,22
481.241706,10.102173,9.893143,258.317288,24.901566,178.027536,25
444.274263,12.015570,3.917058,226.823917,7.102174,194.415544,18
416.392682,0.000000,12.236418,203.057140,16.726827,184.372297,16
412.415360,4.158660,32.573683,186.787686,8.750278,180.145053,16
416.265168,0.000000,40.370740,178.808987,0.000000,197.085441,16
427.460174,24.483485,13.925626,185.196354,35.735652,168.119057,17
407.107786,16.374931,25.857798,180.871660,7.558383,176.445014,14
426.540150,27.225127,33.979842,178.740037,0.000000,186.595144,15
438.188850,42.603440,15.301234,182.439585,0.000000,197.844591,17
456.344703,45.841488,14.758008,195.279014,0.000000,200.466193,19
472.874972,44.843584,30.210160,184.802890,0.000000,213.018338,20
470.851926,48.736850,52.925436,147.427198,18.029620,203.732822,20
440.841941,39.865622,38.189834,170.604819,0.000000,192.181666,19
451.930698,45.632008,28.218878,183.209482,0.000000,194.870330,19
481.078212,34.134244,37.674501,207.015853,0.000000,202.253614,22
506.556844,32.599160,43.813887,215.768849,0.000000,214.374948,25
501.016076,24.058332,41.442542,223.547040,13.217245,198.750917,26
507.531642,30.144058,35.323304,238.817101,15.364574,187.882605,27
480.269374,0.000000,51.358490,247.197825,0.000000,181.713059,27
477.960409,0.000000,57.902747,237.773276,0.000000,182.284386,27
484.280229,0.000000,60.349522,233.277847,0.000000,190.652860,28
489.535422,3.639029,52.760888,243.498482,0.000000,189.637023,30
498.564045,0.000000,63.830217,235.597078,0.000000,199.136750,31
504.655875,0.000000,71.168908,232.963839,27.777149,172.745979,31
483.714240,35.433256,35.934315,233.556798,1.927538,176.862333,32
490.552342,32.529093,36.438116,236.814985,0.000000,184.770148,32
491.647699,36.273013,18.126212,257.175568,0.000000,180.072906,33
491.964926,31.060384,69.421724,202.543020,0.000000,188.939798,31
482.775201,20.817061,71.718315,203.604884,0.000000,186.634941,30
466.036750,0.000000,77.442483,193.817467,0.000000,194.776800,29
458.870384,0.000000,72.595531,192.903996,0.000000,193.370857,30
444.678187,0.970600,65.983418,193.332137,0.000000,184.392032,29
466.232546,15.230576,53.281062,205.937153,6.031009,185.752746,30
466.018120,12.364127,62.829962,205.612769,3.940000,181.271262,31
482.037152,5.877036,58.751552,215.366347,0.000000,202.042217,34
485.366348,7.281294,52.148489,214.568698,0.000000,211.367867,33
489.353067,7.661178,67.365330,200.854056,3.850666,209.621837,33
504.838701,21.663360,46.994426,205.339983,0.000000,230.840932,34
513.200808,24.634465,40.524325,208.607783,4.607281,234.826954,34
485.101196,0.000000,66.656525,181.348833,0.000000,237.095838,33
484.115739,0.000000,60.235634,181.916883,0.000000,241.963222,34
502.917915,1.292456,63.138337,183.838697,0.000000,254.648425,36
507.085767,0.241940,81.254472,169.181921,0.000000,256.407434,36
515.837795,15.001903,72.919569,172.271043,0.000000,255.645280,36
511.424701,17.013159,67.671921,181.110261,0.000000,245.629360,36
521.345726,18.600461,70.298870,186.387342,0.000000,246.059053,37
527.077047,11.030629,84.643438,178.856906,0.374674,252.171400,36
524.947760,16.856124,72.348372,183.590767,5.550445,246.602052,35
489.014892,20.489320,33.681826,191.949335,0.000000,242.894411,35
475.376483,15.979762,33.161113,184.053716,0.000000,242.181892,34
475.924150,0.000000,47.686520,166.835948,19.402402,241.999280,33
476.192265,0.000000,58.120288,172.416732,1.635282,244.019963,33
487.228993,0.000000,62.588642,182.728437,9.690172,232.221742,33
493.903787,0.000000,77.352837,179.875753,0.000000,236.675197,33
483.394125,9.010434,61.918802,166.988655,2.414551,243.061683,32
517.597335,16.832861,56.499765,190.227620,0.000000,254.037089,36
519.760651,22.218250,55.683138,183.927631,8.792968,249.138664,37
520.220511,21.952071,59.845227,195.915085,0.000000,242.508128,38
521.504906,22.417939,59.228711,193.310161,7.404106,239.143989,38
523.920498,33.255826,37.221329,220.840282,11.912608,220.690453,40
534.052575,26.208549,49.645432,217.231905,8.977973,231.988716,36
542.311139,36.853564,50.264686,225.549219,0.000000,229.643670,38
552.540631,39.237941,50.773868,222.946665,22.226883,217.355274,37
535.857486,13.717655,83.526589,207.186328,7.384458,224.042456,32
567.614673,18.594054,85.187617,216.618010,0.000000,247.214992,34
576.444545,24.263956,79.946244,232.405607,19.008566,220.820172,36
565.693332,7.403361,95.126523,238.238185,0.000000,224.925263,35
580.738940,0.000000,87.315209,248.596092,14.187076,230.640563,35
608.730222,6.042063,104.062680,238.104516,0.446816,260.074147,36
613.600906,0.000000,111.563912,224.748398,0.000000,277.288596,36
617.958242,0.000000,131.254295,205.383582,10.846858,270.473507,37
594.645577,7.209057,105.271497,213.489207,4.387658,264.288158,36
605.980739,16.550354,105.319677,233.829997,4.807641,245.473070,38
635.711494,25.658114,104.345046,231.519938,20.801008,253.387388,38
644.429082,44.051855,81.521002,253.990566,7.035757,257.829902,39
652.311110,49.071455,96.686506,256.418323,0.000000,250.134826,39
681.877636,58.582764,88.250359,265.478470,9.386027,260.180016,40
687.499667,54.826308,88.669677,269.276005,1.334200,273.393477,40
664.238314,17.706286,106.971990,248.972596,0.000000,290.587442,36
683.863125,18.066953,116.407188,245.175680,9.396231,294.817073,37
672.823184,45.190766,92.890692,240.655235,3.329527,290.756964,37
672.465172,51.387594,113.493534,213.716837,0.000000,293.867207,37
673.006697,61.205433,113.220461,200.322426,0.000000,298.258377,38
685.741159,56.454128,115.149148,202.341759,0.000000,311.796124,38
688.278770,68.050802,99.947635,209.676994,5.850218,304.753121,38
696.097671,74.388694,90.657065,213.050489,8.379709,309.621714,38
663.165189,44.291957,91.829811,219.757372,9.880108,297.405941,37
647.737869,31.294304,93.748019,228.955323,0.000000,293.740223,35
649.662007,32.129584,96.825907,226.925573,9.459513,284.321430,35
603.240269,7.152052,100.910489,214.883673,0.000000,280.294055,34
614.271997,26.952968,73.958521,223.226788,0.000000,290.133720,34
597.751597,18.522739,72.847734,221.236083,4.677339,280.467702,33
593.449809,10.786336,83.646775,220.356259,2.552365,276.108074,34
596.612914,3.666255,103.116912,204.403018,12.639974,272.786755,34
596.521638,4.748999,113.292549,202.317114,0.000000,276.162976,34
593.181884,1.894910,119.479939,215.324160,0.000000,256.482875,34
609.878392,11.022270,130.433136,197.848791,0.000000,270.574195,34
651.016428,10.846858,141.715242,190.925284,15.329063,292.199981,35
643.092468,2.015017,157.489892,189.305805,0.000000,294.281754,35
645.204651,4.387658,154.405187,197.000382,6.206711,283.204713,36
587.539782,0.000000,125.544725,173.123396,0.000000,288.871661,33
593.596869,0.000000,148.468065,163.545049,0.000000,281.583755,33
617.213565,7.035757,181.308032,132.065353,3.096929,293.707494,33
609.919540,22.485002,145.704720,124.429872,8.274601,309.025345,31
595.434738,16.534965,145.647158,133.011057,2.868360,297.373198,30
607.707244,23.552633,142.663087,137.049990,0.000000,304.441534,31
641.705939,25.547960,154.828418,126.160482,0.000000,335.169079,32
621.554415,6.315913,161.056738,126.141469,0.000000,328.040295,30
619.014525,5.128328,164.290643,118.351607,1.336820,329.907127,30
623.192411,0.000000,152.386432,176.703545,2.370287,291.732147,30
618.371646,8.742816,151.109661,160.695608,7.260253,290.563308,30
609.781831,8.150781,137.173986,178.583328,1.069034,284.804702,30
633.519539,26.692628,117.338815,178.925685,9.213042,301.349369,29
599.537898,6.934104,126.083368,164.834286,5.962328,295.723812,27
595.688324,16.477403,135.879417,143.813429,0.000000,299.518075,27
596.838171,31.891008,113.733424,152.553687,0.000000,298.660052,27
589.921045,25.577139,108.583543,147.484383,0.000000,308.275980,27
578.028042,16.904374,110.812406,139.463577,0.000000,310.847685,26
577.912918,20.630201,106.083639,155.053714,0.000000,296.145364,26
590.630360,21.265498,103.182738,181.363862,0.000000,284.818262,29
587.178134,12.412823,138.590151,143.278780,10.025733,282.870647,29
591.878902,3.023003,149.537652,159.469377,0.000000,279.848870,31
602.417692,14.827453,145.868155,190.329805,0.000000,251.392279,35
652.735501,21.500939,141.361712,213.142856,0.000000,276.729994,37
638.919158,6.338750,139.884587,229.266659,9.140357,254.288805,36
613.564012,0.000000,137.102656,221.836694,0.000000,254.624662,36
606.622101,0.000000,121.387703,220.797601,7.500250,256.936547,36
598.320880,15.710234,100.054203,226.076901,0.000000,256.479542,35
602.401312,15.864693,113.513937,212.034341,0.000000,260.988341,35
606.013060,16.188498,104.938202,214.922041,32.163401,237.800918,35
584.753556,42.174958,87.364659,220.331609,0.000000,234.882330,34
578.441943,28.834298,95.097797,215.150938,0.000000,239.358910,34
590.328171,39.488303,94.006906,193.391841,0.000000,263.441121,34
582.969335,29.941475,97.065072,198.008082,0.000000,257.954706,35
598.270428,34.017470,96.832825,213.729586,0.000000,253.690547,36
582.942963,34.811066,90.435316,204.344733,0.000000,253.351848,35
585.689608,11.913288,101.528682,204.629858,7.238372,260.379408,34
562.503214,0.000000,110.535459,186.661779,0.000000,265.305976,30
565.088607,0.000000,105.092301,189.592876,0.000000,270.403430,31
555.549795,0.000000,109.200091,175.625793,0.000000,270.723911,31
542.545483,0.000000,95.134573,184.946668,0.000000,262.464242,30
555.848711,4.127200,87.399154,192.554284,25.929333,245.838740,31
527.468239,0.000000,88.559490,179.893387,0.000000,259.015362,29
546.159127,4.454249,84.348277,213.527096,9.966651,233.862854,32
547.986940,22.986005,69.660375,218.313215,0.000000,237.027345,32
539.796850,16.619257,83.471425,203.884929,0.000000,235.821239,32
553.195501,25.211679,82.282077,196.585849,0.000000,249.115896,32
551.757102,51.286917,54.663930,191.775715,10.360601,243.669939,33
521.752541,19.448467,96.239607,152.231489,1.916393,251.916585,30
547.567160,20.216379,103.963618,144.895157,0.000000,278.492006,31
575.544762,42.238756,82.099120,144.566659,4.847454,301.792773,31
591.411650,80.709487,55.330234,152.574312,0.000000,302.797617,33
613.124842,81.425322,50.503392,169.086194,0.000000,312.109934,35
620.724516,87.941504,43.766070,167.106414,0.000000,321.910528,36
603.433412,70.986386,42.468338,163.936582,0.000000,326.042106,37
598.410482,70.479206,35.397964,167.025610,9.190557,316.317145,37
636.457116,65.927354,39.738833,196.837816,23.674989,310.278124,39
638.179063,50.503392,66.236490,186.548401,47.192969,287.697811,38
606.288462,46.344025,76.706996,195.592105,0.000000,287.645336,33
625.842218,44.254626,81.094954,189.459215,10.740508,300.292915,33
650.937024,45.507851,78.163106,214.188512,0.000000,313.077555,35
652.212642,55.717791,82.611569,194.017661,7.091794,312.773827,36
639.614066,50.795380,93.584995,183.282739,0.000000,311.950952,37
647.217282,56.985150,80.805457,185.064925,0.000000,324.361750,36
647.922508,72.409172,64.340637,189.492341,1.611008,320.069350,37
641.261493,41.598747,76.517675,204.005366,0.000000,319.139705,38
633.564448,32.217862,74.380676,221.064952,15.100089,290.800869,38
616.467265,39.363339,80.624663,208.454582,0.152172,287.872509,35
624.620938,45.924219,92.016841,198.793639,3.719637,284.166602,36
626.980041,51.986248,118.579962,163.970223,0.000000,292.443608,35
624.322730,53.982553,122.265553,155.447973,7.920953,284.705698,34
620.611683,63.245537,113.406237,166.201137,3.478324,274.280448,35
614.423720,72.357163,92.350328,168.401032,3.264986,278.050211,33
630.553699,80.480331,105.728879,147.924605,25.897626,270.522258,33
635.907574,89.594405,113.619342,156.781229,8.238982,267.673616,31
610.039831,82.662569,95.853677,165.098228,8.174569,258.250788,29
626.263706,87.984708,110.395559,158.653474,0.000000,269.229965,31
609.398525,79.056928,129.397654,132.124365,0.000000,268.819578,32
653.349058,61.950142,126.996934,172.251845,1.539308,290.610829,34
633.802011,69.294690,109.314081,179.724821,0.000000,275.468419,33
627.195926,42.887860,112.560113,182.903878,0.000000,288.844075,34
617.677148,43.778737,108.051382,176.312906,0.000000,289.534123,33
610.162672,38.653074,100.688138,173.785248,0.000000,297.036212,33
608.394497,36.659484,101.770924,169.708624,14.818227,285.437238,32
580.943361,72.654597,93.866464,121.000613,4.496949,288.924738,28
578.712106,60.251471,122.848239,113.235038,0.000000,282.377358,29
579.842683,44.189431,129.902026,112.924553,0.000000,292.826673,28
573.624268,36.250451,132.249838,118.145287,0.000000,286.978692,29
574.853516,30.224402,150.171063,99.198455,0.000000,295.259596,30
575.831167,33.617315,154.657304,88.293844,11.073494,288.189210,31
566.446199,29.116327,150.608494,90.721222,13.720559,282.279597,30
570.156998,45.934537,139.162305,101.700072,5.646694,277.713390,30
553.262373,42.629557,132.017590,92.209209,13.486562,272.919455,28
543.067969,35.640450,125.497562,100.529577,0.000000,281.400380,27
532.375369,35.893416,111.816626,109.021513,0.000000,275.643814,28
536.796022,34.551651,123.593256,102.741394,0.635857,275.273864,29
526.978561,64.819181,78.118560,121.462475,7.623408,254.954937,29
521.970207,62.903865,82.941032,138.698614,0.530047,236.896649,29
519.327715,62.777729,74.016336,133.484414,0.000000,249.049236,28
527.385677,69.173898,85.416648,122.289832,0.000000,250.505299,28
537.523986,66.029066,87.874227,124.570992,0.000000,259.049701,28
541.248897,60.536043,88.034689,127.790403,8.144619,256.743143,27
569.564625,54.295641,86.630865,165.379966,11.151027,252.107126,30
563.814829,57.838648,78.628423,173.957721,0.000000,253.390037,30
570.266237,56.480910,80.806128,172.002370,18.659392,242.317437,31
566.467590,45.927805,88.359754,185.068036,0.000000,247.111995,32
567.122041,57.729737,71.739886,191.239250,0.000000,246.413168,32
579.946959,70.408461,59.886909,189.005856,15.481604,245.164129,32
578.712585,57.829984,76.520016,188.619746,2.583548,253.159291,31
536.819487,38.088583,81.312823,171.690045,4.168145,241.559891,26
532.094725,35.787413,116.704849,137.925213,0.000000,241.677250,26
531.003432,53.626706,122.902767,115.610417,0.000000,238.863542,26
521.851091,48.644172,117.269105,117.446807,0.000000,238.491007,26
517.993320,52.633435,114.426717,128.041761,0.000000,222.891407,27
535.705433,52.458910,119.543460,125.100570,0.000000,238.602493,27
582.860504,63.060294,120.744357,117.486808,28.408323,253.160722,29
557.861365,67.353356,113.002393,127.477157,0.000000,250.028459,27
557.036245,63.483460,112.168976,140.103979,6.776746,234.503084,27
555.017202,71.670031,104.279439,146.034775,23.626966,209.405991,27
537.877076,73.550276,102.307914,159.721167,0.000000,202.297719,27
545.452560,93.105772,80.912823,156.067098,2.533786,212.833081,29
556.778209,103.458088,76.811054,153.799672,0.000000,222.709395,29
561.460848,103.794045,90.948154,138.923312,0.000000,227.795337,29
564.360586,102.255423,78.863195,153.116788,9.450926,220.674254,29
531.989422,96.063083,83.554025,137.015616,0.000000,215.356698,27
538.783684,102.833597,77.739084,138.591384,0.311850,219.307769,28
566.953493,109.402363,63.634760,158.428780,0.000000,235.487590,31
551.863719,88.638162,76.145356,145.285424,5.605654,236.189123,30
525.103299,73.894060,77.340215,140.715216,10.913590,222.240218,27
526.961855,76.912920,75.550784,146.337127,8.496222,219.664802,28
535.913957,83.255939,70.747231,154.684667,3.256489,223.969631,29
544.337020,82.754213,72.607866,159.576823,8.767247,220.630871,31
517.350567,69.319722,75.431442,155.067838,5.734326,211.797239,29
512.275549,34.980824,76.590056,190.583932,0.662412,209.458325,28
468.557854,0.000000,74.454201,191.614154,17.600777,184.888722,26
446.128059,26.616276,52.838773,181.461775,0.000000,185.211235,26
446.165199,22.584917,57.729584,179.445861,26.450458,159.954379,27
434.253070,41.837069,39.177208,187.952750,0.000000,165.286043,27
466.254174,41.693245,39.060250,199.742127,6.617713,179.140839,29
464.153762,31.068856,53.636702,197.484629,15.831841,166.131734,28
434.446082,47.375489,40.342230,179.111990,9.844054,157.772319,26
396.808806,12.390048,44.680547,180.310937,2.973513,156.453761,20
403.645515,11.710361,20.360310,189.407776,0.000000,182.167068,18
400.148306,3.878327,29.331036,187.421508,0.000000,179.517435,19
406.851487,14.922501,23.196306,185.177756,0.000000,183.554924,20
407.423604,13.690771,29.472284,176.310429,0.000000,187.950120,21
403.443108,1.977547,27.947155,184.901693,0.000000,188.616713,21
423.851466,0.000000,30.468496,181.445329,0.000000,211.937641,22
432.617269,7.852558,26.012007,184.888722,0.000000,213.863982,24
445.984431,18.988253,18.298820,187.925456,35.065734,185.706168,24
429.496928,30.335329,11.620641,207.380309,15.705405,164.455244,24
427.004195,27.657750,27.783338,204.838642,7.291937,159.432528,25
420.209847,34.754713,4.742850,217.634624,0.000000,163.077660,25
416.121077,29.427999,9.450240,210.556785,5.780238,160.905815,25
399.003673,44.348932,9.524654,199.637126,7.949996,137.542965,26
471.935128,56.244740,7.786498,218.250318,9.646295,180.007277,30
467.287862,66.441028,37.283633,190.796580,0.000000,172.766621,29
467.010323,66.117712,38.806474,181.847866,0.870478,179.367793,28
465.789488,61.878257,51.407840,174.887964,0.000000,177.615427,29
471.275961,56.921596,57.849919,191.842447,11.456819,153.205180,30
457.998650,45.825351,73.716129,194.610781,0.000000,143.846389,29
471.255280,45.681426,72.019859,195.040827,0.000000,158.513168,30
485.196157,58.435374,61.612070,194.420889,4.863735,165.864089,31
479.963103,57.871036,57.082692,194.043778,0.000000,170.965597,31
484.893114,40.057349,56.237400,218.463089,8.621559,161.513717,33
485.943637,50.812585,65.854742,210.966557,3.846769,154.462984,34
505.099875,61.847669,61.277552,206.028462,9.294676,166.651516,34
493.291131,64.100188,57.884566,201.605234,5.841124,163.860019,33
485.414465,50.868721,62.739732,204.387852,11.819073,155.599087,30
505.991427,65.854742,49.624037,237.024612,1.558221,151.929815,32
484.437765,39.501911,60.785153,227.365619,0.773869,156.011213,33
467.932054,30.442272,76.793033,211.015245,4.299812,145.381692,33
453.807560,15.385404,77.085745,239.373723,11.588464,110.374224,34
490.675461,10.632915,76.259135,256.219052,0.000000,147.564359,35
504.299976,27.198205,76.582502,259.857699,5.323245,135.338325,38
515.650813,44.286789,80.054392,259.638679,6.530046,125.140907,38
509.478092,42.544480,79.623580,264.754814,0.000000,122.555218,39
500.484353,9.582533,89.617322,263.875954,0.000000,137.408544,38
512.571021,9.646295,93.526283,260.751517,0.661311,147.985615,38
510.913596,9.036291,94.103498,259.355122,5.443494,142.975191,39
516.143837,16.642336,92.014628,251.921896,10.194587,145.370390,37
494.579579,4.420511,99.716389,244.557601,0.000000,145.885078,36
494.524711,7.036308,95.687773,249.965403,44.287409,97.547818,37
469.694420,0.973125,116.111667,256.834652,0.000000,95.774976,35
482.410015,28.675288,84.468313,267.218989,0.000000,102.047425,34
488.825318,34.705826,85.248643,268.392878,0.000000,100.477971,35
491.865855,29.309834,82.873712,274.194040,15.673653,89.814616,35
499.536574,25.356305,101.088070,297.755698,0.000000,75.336501,37
500.334124,33.539721,120.295298,288.196974,0.000000,58.302131,37
487.501086,25.537631,128.282016,277.373916,1.647895,54.659628,37
482.793944,23.004474,119.401997,281.001938,6.855738,52.529797,37
471.668795,17.059290,136.635344,256.337405,0.000000,61.636756,35
471.688220,25.702552,129.022270,257.328756,0.000000,59.634642,35
472.336278,20.952452,144.712097,240.730226,0.000000,65.941503,35
462.286831,16.846884,145.381692,232.834514,1.823040,65.400701,33
463.217572,32.978845,137.899972,231.330144,9.936716,51.071895,33
466.112184,31.023591,158.685479,224.298661,5.815115,46.289338,36
434.293390,30.344047,136.538025,217.431796,21.813093,28.166429,35
413.132608,0.000000,142.017027,227.081768,0.000000,44.033813,33
410.560060,9.955361,135.284551,226.815459,29.123850,9.380839,34
395.403136,49.025217,108.863645,225.478172,0.000000,12.036102,32
403.791884,72.679948,132.473362,182.024012,0.000000,16.614562,33
408.256150,96.983414,105.919674,179.520410,0.000000,25.832652,33
408.169280,88.509286,115.013254,168.978055,0.000000,35.668685,33
412.602105,75.955569,117.251300,164.683410,8.410953,46.300873,32
372.151920,43.122786,110.101317,170.548834,10.799514,37.579469,33
362.622308,69.188904,95.896470,159.371549,12.590224,25.575161,32
355.955995,50.059389,88.170797,190.798948,0.000000,26.926861,31
369.941860,63.985639,74.434523,190.371894,1.790422,39.359382,32
335.146379,29.868666,72.583672,203.444268,29.249773,0.000000,30
285.408652,0.000000,78.004983,205.388885,0.000000,2.014784,26
292.087661,10.535104,70.848627,207.154898,3.549032,0.000000,26
292.046792,11.663056,71.476983,208.906753,0.000000,0.000000,25
300.212626,19.776732,67.404578,209.057878,0.000000,3.973438,26
311.201803,15.311334,69.084800,205.976476,0.000000,20.829193,26
306.295887,9.891941,68.568077,204.127691,0.000000,23.708178,27
306.940103,21.512477,56.903319,217.453514,0.000000,11.070793,27
309.241413,19.430865,62.557142,214.415939,12.837467,0.000000,27
294.175629,4.038332,83.272000,194.409344,4.678446,7.777507,27
298.065925,1.539822,75.993228,195.424156,7.839937,17.268782,25
302.155127,12.919151,65.701841,208.459267,0.000000,15.074868,25
309.277613,21.815179,75.559976,199.150948,5.172897,7.578613,25
296.815589,26.750206,83.080871,184.212836,2.770676,0.001000,25
296.915651,11.703320,92.163244,192.261416,0.787671,0.000000,28
301.737234,10.745339,96.085749,187.457380,0.000000,7.448766,30
306.712775,12.036102,118.830007,162.565046,0.000000,13.281620,30
313.187057,16.614562,119.085697,156.656136,20.830662,0.000000,30
301.074124,28.096513,121.817462,151.160149,0.000000,0.000000,28
323.354607,29.792880,138.833901,135.032978,8.355427,11.339421,28
315.498987,30.555501,122.520920,142.811839,0.000000,19.610727,29
312.641749,28.621063,120.111417,140.597396,8.789803,14.522070,29
288.555998,15.335934,118.473364,137.786480,12.822398,4.137822,29
363.182251,41.149804,104.357399,170.644133,23.500157,23.530758,31
368.596228,31.517834,116.590307,187.068991,0.000000,33.419096,32
372.893726,29.513042,122.609641,180.451369,0.000000,40.319674,33
353.700458,6.733176,139.342562,174.919881,0.000000,32.704839,34
417.124947,7.265627,138.115449,203.249451,0.000000,68.494420,38
428.014685,9.561427,141.234569,196.171286,4.975377,76.072026,38
433.702604,9.965078,184.786307,163.191200,20.575621,55.184398,38
439.890912,29.911769,171.057242,181.866459,0.000000,57.055442,39
439.113639,27.758430,171.028531,180.962105,0.000000,59.364573,40
470.994826,24.802631,185.227144,192.419080,0.000000,68.545971,41
469.693877,31.899986,183.866525,185.253822,11.219636,57.453908,41
461.931008,19.692738,190.940023,189.433247,0.000000,61.865000,39
472.438984,19.340384,201.094934,182.829454,0.000000,69.174212,40
481.478474,26.553058,225.564290,169.475913,9.711011,50.174202,41
477.013892,44.562040,228.349656,152.354627,3.057605,48.689964,42
476.266381,30.020292,224.358641,174.493102,26.021496,21.372850,43
460.201190,22.085794,233.135132,177.044228,0.000000,27.936036,40
474.446507,26.610889,232.973872,179.225722,0.000000,35.636024,41
477.941120,24.735054,237.453104,185.791046,5.599366,24.362550,44
467.324650,50.161892,251.707841,151.825025,0.000000,13.629892,42
476.110989,56.402577,240.621573,152.861733,0.000000,26.225106,42
478.463180,50.679769,246.137908,149.426008,0.000000,32.219495,43
479.090227,43.082817,268.881706,124.028163,0.000000,43.097541,44
485.338313,68.579800,248.197272,121.549371,7.172558,39.839312,44
463.956261,69.533257,240.729562,130.251857,0.000000,23.441585,41
497.950213,76.790369,231.612302,135.115641,0.000000,54.431901,44
506.693427,75.480227,244.421870,116.813672,0.000000,69.977658,44
504.258914,81.509459,265.010599,89.986508,6.949689,60.802659,44
469.306786,87.964714,237.724373,84.193783,13.854157,45.569759,43
444.191265,83.396780,220.659838,80.500385,6.574588,53.059674,40
442.024386,86.866261,214.536641,86.134040,1.314971,53.172473,39
451.155581,100.723070,203.910296,77.697185,0.000000,68.825030,39
423.883108,71.337784,217.118011,65.179222,16.214996,54.033095,39
393.111857,80.406546,196.073789,59.880135,5.705558,51.045829,35
390.417479,78.618742,191.150640,69.360352,8.970691,42.317054,36
380.866519,76.390219,174.289150,87.156915,0.000000,43.030235,35
375.469118,96.259582,143.993093,89.872787,2.217527,43.126129,34
361.277609,88.461290,144.978391,77.526993,0.000000,50.310935,35
393.984235,91.456727,143.055387,78.192197,4.263448,77.016476,35
322.314146,18.698433,157.904257,57.176006,0.000000,88.535450,27
325.045243,5.830547,175.082769,41.771680,7.370055,94.990192,27
325.962361,19.287641,173.458485,33.897674,25.837880,73.480681,25
327.547433,32.119785,177.969780,47.059532,0.000000,70.398336,26
321.101716,31.529427,181.928817,49.224271,0.000000,58.419201,26
317.485271,25.683375,207.072203,33.154657,10.023116,41.551920,28
323.393927,30.390274,224.528383,25.363154,0.000000,43.112116,28
350.070092,42.002106,219.173881,30.989814,2.738821,55.165470,30
350.066194,43.825603,224.663769,24.926988,0.000000,56.649834,30
352.110706,40.874884,213.487253,45.315195,1.972129,50.461245,31
371.253451,39.254650,251.912505,4.464683,0.000000,75.621613,31
380.603878,42.954447,250.481165,0.000000,7.725815,79.442451,32
377.616889,38.192452,254.462058,6.906559,0.000000,78.055820,32
372.821185,21.274889,254.450704,8.798197,9.669454,78.627941,30
359.757121,9.726090,277.064435,10.728634,0.000000,62.237962,29
361.948325,12.991223,275.537249,15.828411,0.000000,57.591442,30
334.846494,0.000000,283.885386,0.000000,28.336855,22.624253,28
325.524373,3.533980,274.552456,25.767015,0.000000,21.670922,28
320.373541,0.000000,289.569095,9.226533,0.000000,21.577913,27
326.282124,12.946534,277.053166,0.000000,7.896762,28.385662,26
324.480277,19.947241,266.292539,0.000000,5.386919,32.853578,26
335.178573,10.762946,265.692226,14.700367,0.000000,44.023034,29
324.238380,14.034231,257.022152,7.105117,0.000000,46.076880,29
336.003236,26.845694,240.098585,12.419923,0.000000,56.639034,29
338.708244,29.143542,242.495392,6.613950,0.000000,60.455360,30
344.554945,43.992205,225.161716,20.646306,24.058166,30.696552,31
313.833948,20.585222,221.187835,36.394671,6.540776,29.125444,26
336.768997,24.819648,207.241233,64.831937,10.231958,29.644221,26
341.548136,37.319069,220.263437,52.203930,14.999319,16.762381,27
325.383528,44.571804,212.719019,48.769085,0.000000,19.323620,25
301.046903,9.285786,215.430276,58.122950,11.158537,7.049354,24
284.895443,0.000000,201.813891,73.921638,0.943581,8.216333,24
285.159346,0.000000,204.190961,75.439029,0.000000,5.529356,25
275.807156,0.000000,193.810806,72.855968,0.000000,9.140382,24
289.420681,2.408362,188.562260,72.814878,5.573360,20.061821,26
280.671202,13.162725,200.045517,53.323635,0.000000,14.139325,28
281.387435,9.226533,215.367125,42.991896,1.739956,12.061925,29
284.549491,16.447400,219.326120,30.752732,1.145622,16.877617,29
286.956364,6.580178,224.515323,28.957533,20.802696,6.100634,27
289.982825,14.700367,217.094456,48.581363,6.445955,3.160684,27
268.457062,0.000000,212.093782,48.571894,7.791386,0.000000,23
293.842866,16.481065,201.060692,76.301109,0.000000,0.000000,23
292.194661,11.004965,209.456466,71.733230,0.000000,0.000000,23
303.353340,0.000000,215.552151,87.801189,0.000000,0.000000,25
306.591429,49.361737,163.969821,84.363469,8.731897,0.164505,26
290.928115,45.098485,152.387381,84.490968,8.951281,0.000000,26
316.010150,46.861590,196.959596,63.476413,1.176174,7.536377,27
316.967299,44.808237,208.917309,50.920724,0.000000,12.321029,27
336.646253,39.876179,208.457111,59.741103,2.655602,25.916258,29
334.238347,62.153666,184.679563,57.004428,0.000000,30.400690,30
312.784783,39.558799,186.745995,65.453071,0.000000,21.026918,28
308.330118,28.451512,204.726571,68.554857,0.000000,6.597178,30
307.194675,20.010290,219.529652,51.186150,0.000000,16.468583,30
312.260500,9.140382,217.277922,55.899279,8.415834,21.527083,29
324.970766,11.164710,220.701355,58.461208,0.000000,34.643493,29
329.663463,10.479529,224.362822,59.092586,15.549181,20.179345,30
328.732548,12.185669,229.919583,71.700804,9.252890,5.673602,31
325.661024,9.616108,252.194629,50.093697,0.000000,13.756590,31
317.638470,0.000000,250.840303,52.712873,0.000000,14.085294,30
329.895669,0.000000,245.298861,53.020422,10.634857,20.941529,30
335.040775,6.938370,252.201288,38.940741,11.012574,25.947802,32
326.945999,7.418152,257.234633,28.641227,3.646844,30.005143,31
328.761019,56.884378,210.279210,24.170090,4.784305,32.643036,31
318.035750,61.466061,201.657342,21.822215,0.000000,33.090132,31
301.441126,53.928189,195.660247,17.487347,0.000000,34.365343,30
312.256280,48.582813,201.501998,8.396275,0.000000,53.775194,30
307.213089,36.294556,200.713283,13.919161,8.110977,48.175112,30
310.632977,18.260775,196.271420,53.775194,0.000000,42.325588,32
325.775815,21.629752,197.916994,56.286089,20.000955,29.942025,35
318.512801,59.455524,174.517291,49.626334,0.770154,34.143498,32
322.167381,56.892447,191.315414,43.977060,20.332658,9.649802,33
283.057610,17.869194,198.754393,51.918782,0.000000,14.515241,28
287.219843,23.550352,191.761731,55.206955,7.139175,9.561630,29
276.948629,27.339853,190.083427,59.525349,0.000000,0.000000,28
294.875471,34.697369,186.796457,60.832429,6.420812,6.128404,28
303.092664,31.185790,188.075541,68.182361,0.600084,15.048888,30
302.670190,12.622016,208.249736,56.708724,0.000000,25.089714,31
347.357212,13.756590,213.807926,74.074517,7.192972,38.525207,32
344.824214,31.576386,199.655461,75.171427,0.000000,38.420940,31
346.543891,35.778107,211.777979,63.615473,8.235471,27.136861,33
334.286883,28.954395,203.889342,79.036610,0.000000,22.406536,32
341.334880,24.219266,211.364898,82.136980,5.456972,18.156764,34
363.160743,22.481211,219.560656,77.352990,0.000000,43.765886,35
36.308361,0.000000,23.052424,3.792288,0.000000,9.463649,3
71.153410,0.000000,24.116712,6.236935,10.887656,29.912107,3
56.972605,6.605792,10.518799,13.343689,0.000000,26.504325,3
50.725680,1.707458,29.912107,0.000000,19.106115,0.000000,3
61.232301,4.840601,28.460093,4.588776,3.393564,19.949267,3
42.978324,9.353978,13.603107,0.000000,0.000000,20.021239,4
33.117794,3.393564,19.949267,0.000000,9.774963,0.000000,2
32.184206,20.021239,4.641651,7.521316,0.000000,0.000000,2
49.113239,23.347821,8.080743,4.516678,0.000000,13.167997,2
70.426712,26.208687,4.516678,19.192311,6.256616,14.252420,4
69.151317,31.933410,20.905965,9.493442,6.818500,0.000000,5
68.747011,34.779139,18.444391,8.953732,6.569749,0.000000,4
61.526934,46.171639,6.569749,8.785546,0.000000,0.000000,4
95.413430,57.005838,21.980558,0.000000,0.000000,16.427034,7
92.458788,70.008191,16.427034,0.000000,0.000000,6.023563,7
90.648514,77.996554,9.188019,0.000000,0.000000,3.463941,7
86.740778,76.479504,0.000000,0.000000,0.000000,10.261274,8
68.384566,60.227954,0.000000,3.243918,0.000000,4.912694,8
52.120796,43.819329,0.000000,0.000000,0.000000,8.301467,7
46.146993,34.071150,0.000000,7.863010,4.212833,0.000000,6
49.974762,32.593012,7.812260,0.000000,9.569490,0.000000,6
47.121420,23.199613,2.902490,13.031000,0.000000,7.988317,3
40.408645,10.961876,20.831021,0.000000,0.000000,8.615748,3
69.893278,15.933490,23.777540,2.622461,19.664840,7.894947,5
77.348546,36.808540,22.287301,18.252705,0.000000,0.000000,7
91.492077,26.400001,27.559787,25.792900,0.000000,11.739389,8
84.634546,21.933356,25.923095,18.167212,18.610883,0.000000,6
101.795552,37.917545,27.174531,36.703476,0.000000,0.000000,7
114.374516,44.090307,33.649999,16.055060,0.000000,20.579150,9
104.178738,36.778095,27.099912,12.761804,18.509294,9.029633,8
101.940837,48.047851,12.481601,39.879926,1.531459,0.000000,8
127.474697,51.684476,10.252703,57.601286,0.000000,7.936232,11
101.518873,34.177987,0.000000,55.215991,1.092782,11.032113,10
96.990365,29.091830,7.542380,44.958368,7.204674,8.193113,10
94.372173,24.573414,6.697684,53.658471,0.000000,9.442604,11
96.990432,36.306467,22.947237,22.000030,0.000000,15.736698,10
92.018693,29.070386,26.145605,33.006901,0.000000,3.795801,10
80.782350,27.476636,17.020527,35.709920,0.575267,0.000000,11
94.156210,36.706697,8.758661,40.593277,7.760788,0.336787,14
102.798661,34.904266,6.327893,61.566502,0.000000,0.000000,14
100.190735,31.195137,21.716148,41.126394,0.000000,6.153056,13
119.434429,32.776623,10.983591,62.979979,7.718675,4.975561,13
122.287680,37.736728,8.131910,71.532947,0.000000,4.886095,13
152.658010,47.420296,1.931642,74.222574,0.000000,29.083498,15
145.738475,48.552228,0.000000,70.850697,9.140758,17.194792,15
158.949208,55.194761,10.609440,76.369877,9.157388,7.617742,16
184.370005,60.977322,22.428852,70.716155,27.344810,2.902866,17
175.613803,59.219137,44.214841,66.446429,4.929801,0.803595,14
185.681170,63.319820,50.784603,53.296253,7.676305,10.604189,13
159.205343,51.310367,61.324969,43.781688,1.963028,0.825291,13
186.953161,59.175085,73.915037,34.086118,0.000000,19.776921,14
159.306384,44.581387,63.291009,33.307845,0.000000,18.126143,13
164.555723,50.784603,53.296253,34.755556,13.374087,12.345224,13
145.215654,98.754218,0.000000,31.524608,0.000000,14.936828,11
156.022440,100.532547,4.151528,27.842403,0.000000,23.495962,11
156.183548,98.850160,6.118889,24.692776,2.527547,23.994176,12
110.678115,47.025466,19.054583,9.205155,0.000000,35.392911,10
109.434655,48.933238,17.437578,10.203452,0.000000,32.860387,11
118.401742,52.670348,31.742291,15.628116,0.914000,17.446987,12
92.165519,14.936828,42.149839,9.366811,8.994176,16.717865,7
88.139512,27.190077,29.336162,9.782630,0.000000,21.830643,5
96.445864,33.241256,22.805573,2.906468,9.093658,28.398909,5
82.852729,30.915958,21.830643,0.000000,7.660151,22.445977,6
86.831542,28.300610,21.428909,10.455814,11.987960,14.658249,7
63.010656,10.028692,29.031368,0.000000,7.256089,16.694507,4
109.762073,6.970000,29.317457,22.617075,13.460087,37.397454,9
102.929475,0.803389,39.178425,26.900331,0.000000,36.047330,10
96.342881,8.070655,35.262596,18.866871,0.000000,34.142759,9
95.984399,2.335171,50.703291,9.032295,0.000000,33.913642,10
95.367705,16.432875,50.312049,0.000000,0.000000,28.622781,10
90.773492,9.621966,50.858541,0.000000,0.000000,30.292985,10
93.241800,5.369634,60.587298,0.000000,5.882419,21.402449,9
99.873333,18.500578,44.448083,14.680809,6.721640,15.522223,8
108.211482,16.961300,42.945937,22.414371,7.409222,18.480652,9
139.435245,22.920781,28.622781,31.409069,0.000000,56.482614,11
139.129673,20.436154,44.924154,25.889874,0.000000,47.879491,11
141.382929,21.133616,42.603619,32.980656,0.000000,44.665038,11
143.434336,21.526302,60.664299,19.725143,0.000000,41.518592,11
150.880418,15.612176,69.701856,11.534275,0.000000,54.032111,11
141.366737,6.897607,74.338524,2.841625,0.000000,57.288981,11
150.410249,0.000000,76.982277,25.615221,0.000000,47.812751,13
148.694640,0.000000,73.953047,46.634386,6.098495,22.008712,15
136.595546,0.639211,65.720932,41.434068,0.000000,28.801335,15
155.714853,5.144737,67.187829,47.812751,0.000000,35.569536,15
147.015393,5.943802,55.040743,53.132854,0.000000,32.897994,14
148.725987,26.034279,33.130763,65.254570,13.453800,10.852575,16
169.259169,10.909406,57.079514,42.780973,0.000000,58.489276,12
179.121748,11.217579,69.928487,21.315725,11.623407,65.036550,12
174.836921,7.161252,75.664955,33.320046,0.000000,58.690668,13
171.034226,21.574665,61.807622,34.950735,49.571147,3.130057,13
147.082266,5.869721,89.961476,27.390278,8.245789,15.615002,10
144.076433,12.590804,91.689596,15.936210,0.000000,23.859823,9
136.966546,8.940099,94.125343,6.291960,9.323042,18.286102,9
143.039174,7.861925,94.327763,27.609144,3.684085,9.556257,11
149.045000,9.080190,106.105526,26.081073,0.000000,7.778211,11
175.997786,31.752556,89.367180,26.499470,0.000000,28.378580,12
182.601098,35.510601,90.110391,26.995080,18.717968,11.267058,12
118.342193,11.849992,94.407988,0.000000,0.000000,12.084213,11
120.431942,11.375846,92.972863,0.000000,5.273549,10.809684,12
147.125720,23.860791,84.812644,22.629173,8.665843,7.157269,14
217.770614,23.859823,80.635909,83.109007,10.183223,19.982652,19
219.886130,18.286102,89.155715,86.005123,0.000000,26.439190,19
219.380016,9.165002,110.531095,63.986894,0.000000,35.697025,19
222.061038,13.240342,106.947043,68.242489,0.000000,33.631164,20
228.115235,17.334468,112.879856,63.079404,4.622215,30.199292,21
219.882471,22.784843,112.062118,61.670585,0.000000,23.364925,20
240.562478,12.526128,115.878338,58.887808,14.647513,38.622691,19
211.221697,2.181234,121.118097,47.974255,0.000000,39.948111,18
213.737370,8.080837,108.756500,48.834150,0.000000,48.065883,17
217.210610,39.060188,82.762633,41.046629,23.474745,30.866415,18
171.412558,8.022797,97.900911,53.530587,0.000000,11.958263,14
194.658774,4.585337,97.135148,58.638905,3.030371,31.269013,15
182.433225,0.000000,92.604491,56.833921,0.000000,32.994813,15
174.330648,19.982652,60.145605,58.343720,6.582621,29.276050,16
171.412700,18.775739,59.258451,63.215139,0.000000,30.163371,15
186.837561,7.269684,71.319508,52.990178,0.000000,55.258191,13
200.432106,12.299071,80.358700,40.403940,0.000000,67.370395,14
191.142041,3.252708,77.913363,47.712700,0.000000,62.263270,14
197.556679,12.969425,83.380588,29.504300,0.000000,71.702366,14
198.276973,12.982200,93.513945,24.465658,4.390136,62.925034,15
198.330712,3.819574,117.403947,6.905062,2.783973,67.418156,16
203.123053,9.789767,112.579972,14.236980,30.382177,36.134157,16
212.326722,14.185747,122.065083,11.964099,0.589947,63.521846,15
210.861729,17.801954,130.806805,10.230065,9.792021,42.230884,17
209.334657,16.798597,127.403781,18.396908,5.556000,41.179371,17
200.268263,0.000000,156.978802,9.869465,6.649549,26.770447,16
173.685650,6.104556,135.913458,0.000000,0.000000,31.667636,13
172.886022,14.953035,122.746142,0.000000,0.000000,35.186845,13
167.134904,2.514926,115.219435,9.754324,0.000000,39.646219,12
170.731759,0.000000,122.189786,4.492451,5.939320,38.110202,12
167.678207,0.000000,124.113005,6.909400,1.248739,35.407063,12
184.814174,5.081792,125.511084,5.304928,8.718077,40.198293,13
196.993197,7.083625,123.731387,25.896874,5.455000,34.826311,15
196.305281,30.893112,92.839275,37.293308,5.138948,30.140638,16
219.170498,27.282289,96.496455,37.678842,0.000000,57.712912,17
209.703682,15.886818,104.209870,31.916250,8.026050,49.664694,17
190.517507,0.000000,115.778389,26.175975,8.515525,40.047618,17
181.141842,16.519014,95.927195,37.080420,0.000000,31.615213,17
166.807518,2.012211,101.629914,39.347083,0.000000,23.818310,17
182.658687,1.785719,101.364030,52.919429,0.000000,26.589509,17
185.975390,0.047944,116.227320,40.047618,0.000000,29.652508,17
199.241072,17.341171,111.912042,21.215629,0.000000,48.772230,16
185.277867,4.056189,110.748991,26.828835,0.000000,43.643852,15
210.883182,12.267480,110.378537,31.691931,0.000000,56.545234,17
222.006447,0.000000,108.699903,39.997933,0.000000,73.308611,18
256.782021,0.000000,120.577706,55.480273,15.129447,65.594595,21
218.197189,1.519835,84.611360,62.671440,0.000000,69.394554,18
223.682334,14.911234,84.547567,57.528377,0.000000,66.695156,18
255.073319,15.227346,84.628860,75.662702,0.000000,79.554411,21
248.614004,10.874297,88.979153,64.068293,0.000000,84.692261,21
250.030415,9.981593,89.665716,67.818155,0.728200,81.836751,22
252.889780,14.986783,89.089932,54.030958,0.000000,94.782107,21
278.282185,2.039423,92.323948,53.105911,3.513193,127.299710,22
263.778970,0.000000,100.634137,35.570178,9.072398,118.502257,20
288.992210,8.495725,84.994127,57.797814,0.000000,137.704544,20
303.264726,17.310703,71.496829,62.264836,0.000000,152.192358,20
305.627268,15.585692,67.332616,65.488650,10.850528,146.369782,20
287.592216,14.275680,66.448362,53.864072,0.000000,153.004102,17
304.176295,0.000000,87.883592,42.709678,0.000000,173.583025,19
302.394622,5.900793,73.011055,46.821944,8.101456,168.559374,19
303.016645,10.342331,67.970276,49.355279,1.566061,173.782698,18
302.996673,17.939107,74.196740,50.233145,0.000000,160.627681,18
307.572607,25.690339,75.116014,47.009812,0.000000,159.756442,18
336.201821,34.300245,74.145072,50.864040,1.071048,175.821416,20
341.876292,49.621594,66.102333,50.494517,21.840328,153.817520,21
360.432477,35.510315,84.571178,79.421419,8.513698,152.415867,21
378.082756,29.753978,81.258017,80.092270,23.778903,163.199588,20
365.952181,46.642973,67.778482,85.437061,7.421126,158.672539,18
387.528036,51.836905,66.765788,108.582971,5.171423,155.170949,19
414.526384,71.014495,43.872788,115.726044,0.157610,183.755447,21
415.486713,57.452674,51.688310,107.972179,6.338394,192.035156,20
423.375293,64.881444,62.328555,102.276517,0.000000,193.888777,21
405.940689,50.494517,62.709888,99.288708,2.105427,191.342149,20
385.490152,28.323804,70.162481,82.790280,2.608036,201.605551,18
394.660077,31.288841,70.367828,85.393727,0.000000,207.609681,18
393.052106,31.917104,64.961932,85.443798,0.000000,210.729272,18
423.734935,22.447328,69.827399,110.238371,0.000000,221.221837,20
433.837865,19.182588,92.850702,104.929167,0.000000,216.875408,22
431.259163,13.264351,93.354925,114.788673,10.134363,199.716851,23
427.130854,8.714258,84.401155,120.644410,19.922712,193.448319,21
448.555235,3.655666,70.526306,142.247119,0.000000,232.126144,23
454.391145,1.729222,77.301763,143.539336,9.496453,222.324371,24
439.996038,0.000000,64.511799,157.271777,0.000000,218.212462,24
425.530781,5.171423,47.198244,147.388948,14.682472,211.089694,23
421.908142,5.510486,110.305782,86.847378,0.000000,219.244496,22
432.679376,15.179101,105.465309,83.082016,4.111872,224.841078,23
434.972259,21.027165,101.345879,89.996270,1.100597,221.502348,23
470.312189,14.867421,104.985939,86.195420,6.773115,257.490294,22
468.887886,8.142035,111.384495,94.445893,0.000000,254.915463,22
478.425986,29.386124,99.888487,95.235638,11.639906,242.275831,22
454.122182,50.869542,79.116266,73.939293,12.994649,237.202432,18
487.382707,94.480991,11.758853,74.246814,0.000000,306.896049,18
486.318204,86.847378,12.660825,82.451888,9.750025,294.608088,19
492.961251,87.193888,16.085844,91.451367,0.000000,298.230152,19
488.054437,84.038219,18.933118,101.566759,0.000000,283.516341,20
479.852610,104.684226,17.382477,95.268442,8.216038,254.301427,22
478.378626,105.087348,28.127379,89.182662,4.890217,251.091020,22
440.579091,75.382415,8.844652,100.936334,0.000000,255.415690,19
437.742640,80.505927,1.778600,115.729248,0.227708,239.501157,18
433.962227,79.896559,34.645267,78.830964,0.000000,240.589437,17
407.152286,52.741684,18.639932,87.735091,0.000000,248.035579,16
414.889352,55.332753,27.037619,81.594787,1.196958,249.727235,16
411.716342,63.771806,33.757689,77.354905,0.060518,236.771424,17
482.002937,69.375723,50.655612,104.665043,8.869054,248.437505,23
482.836187,76.192401,53.192713,107.816318,17.703223,227.931532,23
469.971857,87.735091,12.125802,159.030668,0.000000,211.080296,21
455.125709,71.722644,31.258983,147.910646,18.442870,185.790566,22
424.656475,61.757073,34.181853,135.917023,0.000000,192.800526,18
469.218840,68.590178,24.709840,146.201139,7.703685,222.013998,22
466.322260,76.623703,18.217693,145.279173,0.000000,226.201691,21
472.956266,72.478720,30.227046,160.763093,11.163249,198.324158,23
472.590912,95.047206,33.406341,131.916239,15.620179,196.600947,23
456.913383,100.089170,45.133100,95.548255,0.000000,216.142858,21
449.366774,109.089001,30.418546,94.143495,1.594336,214.121396,22
454.134583,108.170656,32.933093,105.078526,0.000000,207.952308,22
472.682426,113.789311,33.496671,99.895158,9.352702,216.148584,23
437.213180,85.879079,26.978716,105.932708,0.000000,218.422677,21
439.231014,87.238150,21.049334,113.836019,0.000000,217.107511,22
445.540253,87.490053,25.068177,108.261401,6.277651,218.442971,23
471.414256,91.290656,16.210884,113.885261,0.000000,250.027455,24
465.841772,88.747544,20.445414,120.361814,0.000000,236.287000,24
474.724094,89.114043,27.674121,114.163102,2.764739,241.008089,25
503.707685,72.294703,31.919152,140.327797,0.000000,259.166033,31
517.580694,54.940934,25.844206,160.820143,5.318450,270.656961,31
515.380746,67.823212,10.413163,171.061715,0.000000,266.082656,33
520.716736,70.417908,22.856077,156.199058,0.000000,271.243693,34
519.721568,73.312597,17.870882,162.598055,0.000000,265.940034,35
528.290466,76.883894,43.552302,136.235176,0.000000,271.619094,35
550.145034,85.488517,35.188473,137.617189,43.337196,248.513659,35
516.436142,44.531051,46.022914,162.350387,0.000000,263.531790,31
527.051067,53.467923,36.789204,164.436303,0.000000,272.357637,31
546.893784,61.288353,30.765943,179.230523,7.000300,268.608665,34
531.993814,50.281625,73.244513,133.598405,9.742178,265.127093,33
531.067033,43.015303,77.571804,149.591409,0.000000,260.888517,34
537.239425,36.789204,81.772158,150.518686,0.000000,268.159377,35
528.686594,30.765943,85.115721,146.491856,6.760887,259.552187,35
508.459643,4.680423,91.814080,149.193009,0.000000,262.772131,32
523.436088,17.916270,80.146976,165.056363,6.588708,253.727771,33
525.550501,20.138270,82.951500,178.233798,11.602887,232.624046,33
511.002176,57.280378,45.679029,156.890139,0.000000,251.152630,28
504.914445,52.622367,45.275175,153.146739,34.550519,219.319645,28
480.189902,78.087631,28.670604,153.742077,0.000000,219.689590,26
496.351033,76.555843,34.412182,158.981694,0.000000,226.401314,28
495.337477,80.805488,43.615056,135.249050,0.022274,235.645609,26
503.239026,74.801017,52.137641,150.263120,0.000000,226.037248,28
566.153671,67.142308,76.778041,170.909592,2.031874,249.291856,33
548.920045,77.946375,62.986822,157.736281,0.000000,250.250567,34
547.651544,69.683889,58.840778,170.297931,0.000000,248.828946,35
560.005224,63.946716,56.041557,172.752498,0.427153,266.837300,34
546.431880,50.657371,63.401350,168.930936,0.000000,263.442223,33
558.080713,45.266009,64.877583,175.328221,2.699142,269.909758,33
529.917768,22.927980,66.519642,173.168752,19.628624,247.672770,31
499.720054,24.798039,70.236745,149.256600,0.000000,255.428670,26
475.118435,2.897262,76.408272,146.047380,0.000000,249.765521,25
491.927484,0.000000,91.063963,152.827701,0.000000,248.035820,27
497.286236,11.960651,94.641418,150.825800,0.000000,239.858367,29
502.610024,66.266313,47.321330,151.801344,10.316312,226.904725,30
501.058788,67.660757,63.427415,136.779669,0.000000,233.190947,30
491.756844,52.315578,61.708398,129.844255,7.048479,240.840134,30
477.435399,64.923940,57.797806,109.360816,0.667600,244.685237,25
464.897491,63.427415,55.277373,97.405170,12.364822,236.422711,26
442.415648,18.778413,58.838597,100.990747,18.210994,245.596897,21
444.645191,25.047252,53.644599,125.544321,0.000000,240.409019,21
465.978627,21.079563,59.713247,130.398048,0.000000,254.787769,23
467.444169,22.890024,51.038978,141.766309,0.000000,251.748858,25
468.127790,23.217370,50.230269,148.776283,0.000000,245.903868,25
514.513269,32.283543,68.638844,127.006335,0.000000,286.584547,27
509.501807,25.872101,62.087753,126.640919,35.262634,259.638400,26
461.513015,14.239991,57.335319,118.168536,19.499073,252.270096,22
440.146733,21.076351,48.111068,125.815306,0.196420,244.947588,21
434.907226,28.262388,54.063680,109.739330,33.677558,209.164270,21
413.194718,39.479103,52.473105,106.519885,0.000000,214.722625,19
411.270620,41.375519,61.472410,98.820522,2.430334,207.171835,19
405.350095,32.709116,65.075209,99.768533,0.000000,207.797237,20
411.159099,26.538221,62.705868,105.799029,0.000000,216.115981,20
410.362610,19.262788,74.879985,98.581850,9.096729,208.541258,21
406.509975,9.573965,76.155411,102.591570,1.748398,216.440631,19
406.424089,22.410684,60.005321,97.200041,0.000000,226.808043,18
429.510406,19.096344,94.985859,62.713341,0.000000,252.714862,18
426.901092,13.526765,101.282641,60.877038,1.680832,249.533816,18
448.568559,16.172965,112.162449,57.509812,0.000000,262.723333,18
449.951003,20.122037,131.391179,43.942631,28.753750,225.741406,18
463.455661,19.044314,148.265127,44.942362,0.000000,251.203858,18
474.216757,34.859345,124.272645,49.764139,0.000000,265.320628,21
482.014362,55.540834,127.221892,29.878951,0.000000,269.372685,21
483.160632,59.346637,117.689712,34.009243,0.000000,272.115040,22
472.123007,43.644951,122.072396,28.346299,0.000000,278.059361,22
469.561457,25.837285,123.542672,41.199587,7.563085,271.418828,24
458.628642,20.741078,117.959023,41.328229,0.036332,278.563980,24
450.502539,16.741473,142.545779,9.414042,9.593464,272.207781,22
434.221790,5.762382,136.819729,25.690870,0.864981,265.083828,22
432.973084,2.968211,152.822692,8.469309,2.153702,266.559170,22
431.290986,0.000000,145.743475,6.101312,0.000000,279.446199,19
454.122063,0.000000,158.610052,0.000000,27.209593,268.302418,21
489.873352,21.665433,131.628426,11.676274,1.380173,323.523046,21
486.407602,10.748277,145.955045,0.000000,44.385422,285.318858,22
482.508310,27.883152,160.298654,0.000000,8.645825,285.680679,21
475.739059,36.465061,147.857431,0.152500,9.504474,281.759593,19
503.846590,41.543207,130.991235,23.060035,8.104765,300.147348,19
480.807075,26.763379,134.353710,18.401658,6.753948,294.534380,17
512.366647,29.430281,146.517568,26.139787,0.000000,310.279011,20
534.732739,25.280253,144.653256,26.059644,0.000000,338.739586,21
545.186223,15.687789,151.406204,21.249733,7.613875,349.228622,22
542.059846,38.518664,139.355371,25.755762,12.679053,325.750996,21
536.361053,38.885867,134.939648,38.606075,14.810871,309.118592,19
505.547626,27.461880,111.045325,46.113948,0.000000,320.926473,17
521.566381,25.230633,111.722309,47.890346,0.000000,336.723093,19
516.575116,14.320868,118.907119,42.960510,0.000000,340.386619,21
531.042737,15.982907,113.233806,47.681373,0.000000,354.144651,22
530.802905,18.302799,110.831316,43.757641,0.000000,357.911149,22
539.832860,29.165321,107.494014,48.745666,0.000000,354.427859,23
573.875051,38.207736,95.984844,89.911607,0.000000,349.770864,26
587.096295,43.180723,99.988301,84.714893,0.000000,359.212378,26
574.121484,34.414045,98.372854,83.572393,0.000000,357.762192,25
584.051808,19.158317,102.746187,80.886095,0.000000,381.261209,25
599.488226,26.059644,103.554247,89.462821,0.000000,380.411514,26
587.856867,23.411024,90.911837,92.788984,0.000000,380.745022,25
621.268463,37.603015,81.779340,92.899750,12.367280,396.619078,25
622.695807,42.138302,83.560313,99.716861,38.905745,358.374586,25
612.204072,79.887710,80.886095,87.597366,0.000000,363.832901,22
615.745904,88.147295,74.979308,93.516877,5.010802,354.091622,23
616.867162,96.239366,71.078285,93.067829,0.000000,356.481682,24
637.673290,119.148433,41.994580,102.879183,17.926080,355.725014,27
640.766810,114.650111,51.132659,110.842251,0.827363,363.314426,28
638.651152,108.514448,86.206504,82.524166,0.000000,361.406034,28
633.250380,116.337920,71.174765,94.594701,0.000000,351.142994,28
653.408792,108.738991,75.707201,92.171679,0.000000,376.790921,27
640.926816,114.057323,59.688614,94.793266,0.000000,372.387613,26
651.012326,109.311104,64.429253,94.443053,2.709330,380.119586,25
661.236929,106.228464,82.055419,81.412795,3.893345,387.646906,27
659.611640,102.658727,98.594760,72.615098,0.000000,385.743055,28
662.227876,114.557416,77.159334,74.446828,0.000000,396.064298,29
677.113755,112.359628,78.893722,72.082696,26.512767,387.264942,29
615.888587,88.989328,61.448478,74.189612,1.629229,389.631940,21
603.866793,86.423611,60.201204,77.170948,0.000000,380.071030,22
601.233027,78.714189,76.265183,67.038027,12.868294,366.347334,23
588.551235,77.159334,98.374268,49.281242,0.000000,363.736391,24
607.260651,99.937633,83.782825,68.449328,0.000000,355.090865,25
604.868795,105.299266,87.243957,61.963456,0.000000,350.362116,25
613.858985,105.937096,102.138953,55.440974,0.000000,350.341962,27
633.115499,131.928065,83.064118,47.233008,6.641163,364.249145,28
631.067617,136.907012,93.369710,35.629548,5.864509,359.296838,28
630.003250,149.352700,90.436059,33.311305,0.000000,356.903186,27
627.048537,145.511625,101.193549,24.322742,0.000000,356.020621,27
615.685227,143.303210,87.347519,28.275338,38.669470,318.089690,27
593.189327,126.589699,138.992297,0.000000,0.000000,327.607331,25
581.555218,134.954701,117.952629,0.000000,3.023954,325.623934,23
573.818618,149.207413,98.289371,1.719578,4.586796,320.015460,23
569.293743,136.588271,97.627235,13.238040,18.484755,303.355442,23
576.342473,147.400544,83.414257,23.679908,0.000000,321.847764,21
598.007559,150.260131,87.861687,22.761691,8.451022,328.673028,21
618.366750,151.301431,108.452883,6.589262,0.000000,352.023174,23
620.793425,148.067020,105.560612,9.182939,0.000000,357.982854,25
624.445204,150.341644,109.277172,0.000000,11.835817,352.990571,25
608.419302,151.164068,100.430949,3.806040,5.610195,347.408050,24
606.251154,148.001888,95.950422,17.762920,6.109412,338.426512,25
613.547326,147.488838,98.172184,21.308099,9.875703,336.702502,26
585.758640,114.349059,109.860176,22.560738,16.422690,322.565977,24
580.010788,114.273974,100.471726,42.457177,0.000000,322.807911,25
575.828318,112.472862,110.066797,24.777907,0.000000,328.510752,24
584.832959,119.002430,121.708605,7.680336,22.981776,313.459812,25
530.587538,106.237654,83.644184,33.332723,0.000000,307.372977,22
526.463526,94.998394,79.714903,38.462404,17.975002,295.312823,24
499.814829,75.493090,85.054665,43.972683,0.000000,295.294391,21
519.348599,92.889659,67.111730,41.252619,8.731369,309.363222,22
535.467295,96.694606,74.187365,53.614938,0.000000,310.970386,24
530.844985,94.956971,66.761197,57.488930,0.000000,311.637887,24
542.463735,94.768318,64.588176,78.472292,17.913364,286.721585,27
523.627820,78.205245,100.676070,61.104522,2.060496,281.581487,24
517.207590,70.298668,96.177031,58.389810,0.697900,291.644181,24
497.971498,44.873983,98.927585,53.942557,0.000000,300.227373,22
485.619702,25.057137,105.123136,60.371888,6.993457,288.074084,23
479.633639,29.864133,112.742033,46.822031,23.169737,267.035705,21
483.283923,14.913316,110.487292,58.829242,7.578368,291.475705,19
474.503393,13.608491,111.005758,51.615371,0.000000,298.273773,19
507.520629,15.933251,109.267846,66.611494,25.025671,290.682367,21
472.275049,6.196551,88.597476,80.665335,0.000000,296.815687,16
518.532540,3.797529,94.527247,84.209281,21.834298,314.164185,20
478.749065,20.078205,115.236804,36.770615,27.370606,279.292835,16
423.643746,0.000000,92.564879,59.521631,0.000000,271.557236,12
444.526074,0.000000,91.303281,64.170181,4.777734,284.274878,13
454.790131,0.000000,95.469732,69.809903,0.000000,289.510496,14
470.584464,7.893912,109.350721,48.785363,0.000000,304.554468,16
493.697032,13.716766,104.624497,82.135117,1.984118,291.236534,20
493.635687,12.772468,103.448263,82.646155,0.000000,294.768801,21
482.809061,3.431213,106.240513,76.585911,3.462192,293.089232,18
478.960206,1.921337,99.234719,81.603120,16.286941,279.914089,18
482.497865,19.680930,76.643413,98.182200,0.000000,287.991322,21
492.330269,15.503920,76.069533,104.005994,10.706257,286.044565,22
508.315059,21.736528,103.810025,109.910059,5.235219,267.623228,26
475.974971,18.949440,72.523001,121.801137,9.274746,253.426647,24
455.151639,1.011538,61.010412,124.758279,16.524709,251.846701,20
439.080396,0.000000,72.166889,117.575861,8.587427,240.750219,17
454.790194,6.321123,51.649571,122.916689,0.924932,272.977879,18
450.293645,1.984118,57.942142,130.827416,0.000000,259.539969,20
470.765281,17.242717,41.438359,135.884922,5.524096,270.675187,21
475.930910,38.904670,42.083668,119.196497,0.000000,275.746075,21
467.539863,30.176251,63.969165,101.293722,0.000000,272.100725,20
462.080518,7.443077,65.556694,101.383631,16.847909,270.849207,20
471.876108,38.441938,86.147735,71.198763,0.000000,276.087672,19
471.413148,37.768705,97.519550,56.958234,0.000000,279.166659,18
457.886667,4.000600,99.315390,52.780763,39.980073,261.809841,18
443.351999,8.949501,115.385877,54.049520,5.965316,259.001785,17
420.877256,0.000000,109.939508,47.161651,4.063094,259.713003,16
410.312272,13.519458,119.351919,14.237758,0.000000,263.203137,16
403.947240,17.381110,108.861057,13.130099,16.910773,247.664201,15
366.008656,0.000000,104.659127,21.407474,7.528889,232.413166,11
361.727913,19.529861,99.731775,8.919027,0.000000,233.547250,11
374.861357,48.720232,71.930772,2.958784,2.303800,248.947769,13
369.476561,63.641847,50.978776,8.880234,0.000000,245.975704,13
420.944613,59.164163,55.795916,7.304617,12.791900,285.888017,12
429.143011,79.895961,44.492847,17.800570,18.166664,268.786969,11
420.882995,78.813773,64.887650,8.205308,0.000000,268.976264,12
419.244142,78.807961,74.087484,0.000000,0.000000,266.348697,13
417.269102,88.189080,69.391425,0.000000,1.992236,257.696361,14
414.448618,80.499035,73.127925,0.000000,3.446033,257.375625,14
416.883462,87.300680,63.806997,9.375063,23.635798,232.764924,15
418.660092,97.677561,67.613428,22.793765,0.000000,230.575338,15
418.663802,105.576162,65.412277,17.767768,6.086553,223.821042,15
417.037898,119.610195,54.182897,20.627466,0.000000,222.617340,16
428.460171,121.157540,57.068889,17.238667,0.000000,232.995075,18
435.184062,96.575347,56.865182,15.997141,0.000000,265.746392,17
455.211218,125.986488,34.063560,27.263331,0.000000,267.897839,18
454.376369,120.632517,37.850662,29.965625,7.066960,258.860605,18
455.224803,125.566558,27.612804,43.433108,0.000000,258.612333,18
490.035502,118.303768,25.806295,68.939537,0.000000,276.985902,23
494.949407,117.429853,40.073960,61.742287,26.603013,249.100294,23
459.601007,133.688464,39.143672,34.237999,5.314276,247.216596,22
451.211899,140.417936,49.512030,10.646529,0.000000,250.635404,22
474.051795,143.641639,38.776414,21.232416,0.000000,270.401326,25
485.393092,143.619837,24.393445,15.450232,3.321213,298.608365,25
461.309338,123.800117,27.877058,10.626085,0.000000,299.006078,23
463.180630,130.696977,24.755331,8.295252,6.393803,293.039267,23
452.545215,124.666062,25.497956,7.985439,2.195352,292.200406,20
454.737229,108.911575,28.235852,35.051467,8.498995,274.039340,21
435.462924,84.656584,58.313280,14.031357,1.330916,277.130787,17
446.325300,78.939842,65.950834,8.497387,0.000000,292.937237,17
478.181578,90.408935,55.093615,24.775317,25.413447,282.490264,19
531.863743,56.854895,68.108200,73.332273,6.617985,326.950390,21
516.435581,42.888825,104.219030,41.737700,3.574995,324.015031,19
524.338607,47.015679,131.003259,22.605632,0.000000,323.714037,19
528.661892,50.617851,127.507498,21.655824,0.000000,328.880719,20
548.409480,66.812275,110.610931,31.467493,0.000000,339.518781,20
541.292534,58.664848,107.308261,30.617973,1.756058,342.945394,20
538.534461,74.590290,93.878448,21.603183,0.000000,348.462540,20
521.354778,80.908431,63.393524,37.649210,0.000000,339.403613,20
504.041114,71.051166,56.234646,39.287694,0.000000,337.467608,19
536.168017,69.491008,64.026475,48.121220,0.000000,354.529314,20
524.116916,36.140698,61.998107,59.389306,0.000000,366.588805,21
510.369830,38.310076,44.208815,61.799049,0.000000,366.051890,20
520.703557,28.424591,44.433511,64.188221,26.074821,357.582413,21
508.029598,23.538159,70.454870,37.951813,6.692938,369.391818,18
544.188479,56.579056,53.385267,37.669962,0.000000,396.554194,18
525.347778,50.364201,40.849911,32.620806,0.000000,401.512860,17
527.982086,65.469021,33.488143,39.180077,0.000000,389.844845,17
527.853515,65.460679,49.939503,25.135287,0.000000,387.318046,17
542.709524,69.746113,72.863029,4.843940,0.000000,395.256442,19
563.901930,76.049505,65.845685,1.831262,8.915620,411.259858,18
568.989289,72.722308,101.266828,0.000000,0.482235,394.517918,19
541.608173,59.049067,82.693355,7.600240,0.000000,392.265511,17
549.515479,67.087894,80.683528,9.375063,3.411581,388.957413,17
564.327331,75.583914,78.289610,36.455789,0.000000,373.998018,18
568.171908,75.611705,93.995755,19.539886,7.322963,371.701599,18
560.353423,73.918794,109.533902,0.000000,0.000000,376.900727,17
571.569854,80.144935,122.894815,4.067260,0.000000,364.462844,19
572.786110,93.111304,110.624754,0.248444,22.698073,346.103535,20
538.271792,83.675768,104.520933,8.563591,10.255771,331.255729,17
522.381563,95.917821,61.548421,23.295975,7.445426,334.173920,13
513.153690,108.601186,60.752111,4.234554,5.278845,334.286994,14
515.743912,124.127087,53.097482,0.000000,14.095008,324.424335,14
501.686782,117.700334,58.604219,13.867075,9.894747,301.620407,13
493.547250,121.371346,49.146192,15.275136,0.000000,307.754576,15
514.871542,125.317651,54.420035,5.111183,14.626819,315.395854,16
470.173342,92.277102,61.747205,4.794262,0.000000,311.354773,12
487.199448,101.000082,67.756118,8.545782,0.000000,309.897466,15
515.057024,121.304102,63.407366,0.000000,0.000000,330.345556,18
534.389682,125.826589,64.206498,36.835615,1.639106,305.881874,19
545.091959,130.261330,64.460143,30.629202,0.000000,319.741284,22
552.807772,145.179699,71.442509,3.732353,0.000000,332.453211,23
554.124511,145.161890,63.843010,11.043186,0.000000,334.076425,24
554.396064,142.613387,47.101519,19.263404,24.098961,321.318793,23
529.475413,129.104781,34.709523,45.277761,0.000000,320.383348,22
523.923349,137.274352,20.452328,51.966429,5.347833,308.882407,22
563.483258,149.916663,23.821054,50.710848,0.000000,339.034693,24
579.306502,142.521642,26.132434,58.608809,7.931241,344.112376,26
576.627940,131.865027,61.747307,30.974940,0.455500,351.585166,26
568.341385,116.078948,69.974252,23.631048,14.184954,344.472183,26
567.203837,120.242092,97.052386,5.556000,0.000000,344.353359,25
583.620476,120.054447,96.699293,11.788488,0.000000,355.078248,27
609.672639,122.008226,93.587571,14.686749,0.000000,379.390093,27
597.222195,116.056475,88.304637,16.421747,6.724037,369.715299,26
610.211854,117.917039,77.053409,24.088153,0.000000,391.153253,25
603.480029,107.954062,87.236206,17.801252,0.000000,390.488509,23
590.169098,101.855055,84.838534,15.632094,1.022795,386.820620,23
588.471637,114.361734,75.636450,7.411409,23.145149,367.916895,24
597.583412,116.417052,68.579578,51.263200,0.000000,361.323582,28
604.585415,121.664395,78.338199,34.955935,12.042210,357.584676,27
614.776486,145.551567,61.039962,45.662547,5.169754,357.352656,27
613.102873,146.626597,71.849784,32.302373,7.631816,354.692303,28
615.075148,81.214124,96.775417,54.643287,0.000000,382.442320,29
622.602291,84.899186,101.304142,47.427570,16.675523,372.295870,29
617.664620,94.982802,101.578671,46.789063,13.293488,361.020596,29
613.717112,90.142108,103.847282,57.345514,3.808671,358.573537,29
574.434582,66.909078,137.048126,13.209345,0.000000,357.268033,25
601.916089,55.330399,139.858020,40.519116,9.026071,357.182483,27
585.284970,43.169039,145.697140,43.186468,25.639044,327.593279,28
553.081407,28.167440,194.707669,7.109294,0.000000,323.097004,23
559.781549,30.421913,196.647209,0.826108,3.727479,328.158840,24
558.789755,24.293020,207.483064,4.440556,5.313752,317.259363,25
537.348025,27.983072,189.254300,3.584660,0.000000,316.525993,21
534.052174,20.103886,183.528546,9.889818,42.489787,278.040137,21
523.968203,17.765900,199.426541,31.745269,10.005681,265.024812,18
490.200875,24.563820,196.168288,10.661907,31.854113,226.952747,15
487.737223,49.545187,170.815836,20.101369,9.220095,238.054736,15
442.114905,16.330911,175.632644,15.515783,6.851923,227.783644,10
441.379445,17.896510,173.251917,22.814695,3.667300,223.749023,11
413.244926,0.000000,177.937509,19.364229,2.421683,213.521505,11
429.260956,0.000000,205.528997,6.486838,1.509113,215.736008,13
439.936462,8.898412,192.023252,36.240935,7.934989,194.838874,15
445.035145,13.474478,191.328917,43.075611,16.369928,180.786211,16
428.299102,0.000000,221.588549,23.871047,11.354471,171.485035,15
425.102723,0.000000,220.502250,38.196830,0.000000,166.403643,17
422.349882,13.643393,207.396054,33.067169,0.000000,168.243266,18
404.456587,1.909785,207.904918,31.328121,0.000000,163.313763,18
406.383486,0.000000,204.289741,41.761307,12.853376,147.479062,21
412.626162,8.868308,221.313026,33.782513,3.711321,144.950994,21
453.557936,10.563480,218.539331,40.527395,0.000000,183.927730,23
502.976727,7.614784,242.347233,28.846074,0.000000,224.168636,25
512.492524,19.995607,251.197700,15.595451,2.308461,223.395305,26
524.137860,19.531674,257.303738,31.321141,0.471867,215.509440,28
540.157131,14.838502,275.324210,10.527214,0.000000,239.467205,29
520.027323,0.000000,268.348925,22.806923,9.084465,219.787010,29
514.180182,0.000000,270.941533,25.533782,0.000000,217.704867,29
515.563260,0.000000,279.155824,21.863819,0.000000,214.543617,29
519.501797,0.000000,278.990356,14.056823,13.189774,213.264844,30
503.981875,1.509113,273.261735,6.910382,7.697391,214.603254,27
506.657252,9.195483,268.752172,11.827424,7.303641,209.578532,28
471.526009,14.595520,238.307276,3.823305,8.152610,206.647298,26
480.193965,24.493454,237.103335,14.671498,0.000000,203.925678,27
490.359764,26.681683,255.609270,0.000000,0.000000,208.068811,28
478.861589,14.664749,256.722727,0.000000,0.000000,207.474113,29
464.678124,17.337135,243.939397,0.000000,0.000000,203.401592,28
518.660896,22.303835,254.575707,15.846976,6.498950,219.435428,32
508.274679,33.378021,242.701148,19.507162,26.390447,186.297901,31
463.815307,4.831685,270.861863,0.000000,0.000000,188.121759,26
467.046099,7.210345,266.687179,13.011466,15.874722,164.262387,26
468.837328,0.000000,271.389171,22.853492,0.000000,174.594665,27
469.708822,17.711922,250.858577,14.900907,0.000000,186.237416,26
509.568582,22.878078,238.962830,27.677723,20.096201,199.953750,29
459.106951,1.327970,221.009884,36.220135,17.518729,183.030233,25
471.273428,9.423836,213.266148,54.062226,0.000000,194.521218,26
471.457278,8.581111,230.762651,44.305449,0.000000,187.808067,26
483.341998,12.383118,256.222725,22.508181,0.000000,192.227974,28
496.150783,16.800200,258.267900,13.919441,0.678898,206.484344,28
493.634662,14.429219,261.186130,9.302305,5.400460,203.316548,29
497.802377,20.729908,251.457433,29.213738,0.000000,196.401298,30
482.445659,9.922140,243.983721,36.161340,0.000000,192.378458,29
482.093666,0.000000,243.067848,34.975225,0.953286,203.097307,29
468.934774,9.657292,249.171198,20.431308,0.000000,189.674976,28
462.273750,0.000000,252.684614,14.798928,0.000000,194.790208,27
483.327645,11.640789,249.032349,15.234886,0.000000,207.419621,29
485.412650,31.115751,228.236573,15.490548,13.393242,197.176536,29
471.208598,22.345926,237.228171,19.339593,6.000400,186.294508,29
445.131326,0.826315,262.518028,0.000000,1.823040,179.963943,27
462.378811,13.155619,262.380825,0.000000,0.000000,186.842367,32
491.886680,13.011466,262.477433,15.889464,3.152406,197.355911,32
490.202031,17.031111,271.020312,18.129039,2.085898,181.935671,33
489.761005,9.970057,289.521777,8.027179,0.000000,182.241992,34
528.026919,7.618137,312.918382,4.452609,3.603660,199.434131,37
542.600532,13.187435,321.641454,0.000000,9.761605,198.010038,38
544.240638,16.825933,316.912771,0.016648,17.886422,192.598864,38
523.947606,12.522684,299.102911,33.593311,0.000000,178.728700,35
525.087470,17.518729,281.605180,34.637036,28.423343,162.903182,35
473.807948,0.000000,303.177566,20.656687,14.353838,135.619857,30
430.692492,5.812460,289.643426,0.000000,19.709447,115.527159,25
401.355806,15.825854,259.654852,10.885791,12.432078,102.557231,22
378.641293,0.000000,252.823724,10.943751,0.000000,114.873818,18
367.908298,0.000000,234.769937,10.131858,19.458744,103.547759,17
373.127673,0.000000,239.865376,24.565854,0.000000,108.696443,17
380.861354,0.000000,245.321500,18.490347,0.000000,117.049507,18
382.770764,0.000000,237.776670,16.893304,3.889500,124.211290,18
378.225352,4.541363,232.424679,21.922866,3.875292,115.461152,19
354.890603,37.491354,199.459211,4.263649,0.000000,113.676389,17
360.188463,40.064142,196.654897,8.536098,1.192741,113.740585,18
392.753357,81.634527,164.796703,10.987605,16.014618,119.319904,19
364.602669,66.879743,165.211729,14.398200,19.496825,98.616172,18
353.307496,80.176494,171.506027,0.000000,0.000000,101.624975,18
368.469758,85.612564,164.499939,9.327730,0.000000,109.029525,21
367.500271,74.953482,172.897600,3.028129,0.052542,116.568518,21
366.955369,69.226446,172.519484,7.294575,1.724232,116.190632,21
366.225720,73.821514,166.657974,2.030500,1.279698,122.436034,22
362.532709,78.743717,152.385390,9.793035,17.473342,104.137225,23
367.198582,80.890359,154.467986,11.401277,23.669351,96.769609,23
350.163367,77.739737,157.013453,19.480173,0.000000,95.930004,21
359.719667,84.501605,141.361925,20.818606,1.339664,111.697867,23
362.177022,66.792869,142.292328,24.585370,2.000800,126.505655,22
362.901209,68.983917,143.455653,34.222760,15.742206,100.496673,22
341.725696,75.413432,117.017591,48.966467,3.682501,96.645705,20
349.517301,81.277611,109.029525,65.114190,0.000000,94.095975,21
354.278104,93.994263,101.078399,64.773266,13.770443,80.661733,22
335.460665,138.373680,78.337699,44.234634,8.164118,66.350534,21
335.407240,138.299637,84.334348,45.108523,14.333012,53.331720,22
328.450837,128.491149,89.358636,63.733189,17.004532,29.863331,24
330.973382,130.196128,92.383440,52.486102,2.500750,53.406962,23
334.495511,116.190632,98.537472,43.831505,0.000000,75.935902,21
340.721629,118.803322,91.878510,41.949942,0.000000,88.089855,20
339.910243,122.511042,95.927784,33.542517,0.000000,87.928900,21
336.629185,121.610567,91.604113,30.455961,0.000000,92.958544,21
324.936993,116.342688,88.841219,28.693951,8.563431,82.495704,22
324.414087,116.572800,80.737721,47.115383,0.000000,79.988183,22
305.748520,110.540052,68.326633,60.641335,0.000000,66.240500,23
308.523463,108.171242,65.786220,68.680862,0.000000,65.885139,24
310.724448,111.256278,66.350534,67.793071,13.388460,51.936105,25
313.798090,124.235705,57.157476,80.315291,3.787853,48.301765,24
302.813156,123.129993,50.243525,81.115531,0.000000,48.324107,24
232.487164,71.931901,50.570787,62.776410,5.904024,41.304042,20
234.115266,70.828383,58.139585,63.244919,0.000000,41.902379,21
229.607184,73.499577,58.847512,54.561599,0.000000,42.698496,21
248.641597,72.004745,75.527320,37.694983,14.241122,49.173427,23
223.415690,77.647261,60.995992,35.740327,0.000000,49.032110,20
221.040928,79.005222,65.102876,30.700440,0.000000,46.232390,21
226.153147,70.290593,84.930624,10.517355,0.417625,59.996950,22
222.043111,83.490763,70.266049,6.534319,8.166720,53.585260,23
225.293050,108.498930,47.208066,10.234961,0.000000,59.351093,23
235.429358,118.876514,33.561944,27.245688,0.000000,55.745212,23
235.478200,141.266021,9.665683,29.530904,7.035803,47.979789,23
227.866365,129.703770,27.669321,18.112318,11.458934,40.922022,22
172.125911,104.763319,10.955064,13.410356,0.000000,42.997172,18
179.952096,94.201208,10.297228,13.757128,14.436317,47.260215,18
186.862149,85.773337,25.373053,16.406401,6.200335,53.109023,19
176.539664,83.221630,37.226476,3.695546,20.599040,31.796972,16
158.844676,76.189297,42.836470,10.579918,0.000000,29.238991,13
160.934250,86.248749,36.935631,8.871889,0.000000,28.877981,14
161.324046,82.990900,41.484482,3.637000,0.000000,33.211664,15
167.192044,87.927634,37.530674,3.790943,0.635019,37.307774,15
174.955716,74.519846,37.295045,6.073895,5.000500,52.066430,14
173.887328,85.750888,16.934851,18.461313,2.353706,50.386570,14
182.766752,98.145636,19.096332,18.846461,0.000000,46.678323,16
200.315346,99.588962,17.876893,50.386570,10.526328,21.936593,18
206.901697,126.065074,48.051354,2.258180,0.000000,30.527089,18
196.077230,115.939157,46.678323,14.740147,0.000000,18.719603,17
236.283706,114.432201,54.827220,18.719603,16.765006,31.539676,18
233.680048,121.643344,53.945717,27.847415,0.000000,30.243572,19
216.331410,109.131653,46.244258,24.305403,23.999279,12.650817,16
198.384533,106.789206,43.025006,27.590228,0.143504,20.836589,15
210.880268,115.216995,47.927745,33.574985,14.160543,0.000000,14
247.957133,133.802534,85.242806,5.050123,2.270634,21.591036,14
231.247404,111.786866,82.710333,23.163147,3.597414,9.989644,14
205.832456,107.199757,79.501154,3.831656,0.000000,15.299889,13
201.212239,107.188150,71.520199,4.570581,5.419063,12.514246,14
202.842823,114.356789,65.649450,13.945256,0.000000,8.891328,15
176.147145,104.908221,46.833899,19.438116,4.966909,0.000000,13
201.518080,99.611951,60.086524,24.442731,0.000000,17.376874,15
201.480080,103.353165,54.068622,25.843948,8.913757,9.300588,16
201.444216,109.020895,88.130232,4.293089,0.000000,0.000000,16
214.851403,99.827083,86.662257,13.972140,0.000000,14.389923,18
259.884203,88.561022,85.292966,26.796974,0.000000,59.233241,21
270.471579,89.080552,92.407932,23.079397,7.040654,58.863044,22
265.699023,72.814544,102.799537,18.047465,0.000000,72.037477,22
261.767990,65.434163,117.208924,23.222957,0.000000,55.901946,25
261.394112,71.238924,111.627610,26.730550,0.000000,51.797028,25
255.419126,76.740301,114.886776,17.251521,0.000000,46.540528,25
255.106372,79.479132,130.943090,4.924979,0.000000,39.759171,26
245.570545,82.294924,109.190607,11.139054,21.675734,21.270226,26
242.398021,89.239310,133.667245,0.000000,6.759298,12.732168,26
237.522705,87.047339,135.797492,9.923079,0.000000,4.754795,26
257.796431,79.670942,138.226188,6.356980,7.421349,26.120972,25
238.877987,67.316916,144.203450,3.927548,1.362732,22.067341,25
38.944682,0.000000,0.000000,9.735775,9.268366,19.940541,1
37.118860,0.000000,0.000000,15.382636,0.000000,21.736224,1
24.983007,7.600675,11.964207,4.604198,0.000000,0.813927,1
23.960101,17.132026,5.418125,0.000000,0.000000,1.409950,2
13.929461,7.909953,2.223877,0.000000,2.925608,0.870023,2
33.822204,5.418125,4.335558,9.931846,0.000000,14.136675,3
44.425705,0.000000,3.795631,13.666679,26.963395,0.000000,2
11.182492,8.750125,0.000000,2.432367,0.000000,0.000000,1
24.438858,0.000000,16.285409,0.000000,0.000000,8.153449,2
27.973522,1.828228,9.243932,0.000000,0.000000,16.901362,2
56.873021,4.663558,13.187391,0.000000,18.746688,20.275384,3
47.798136,5.033942,8.294345,18.861593,11.866134,3.742122,2
27.771909,0.000000,5.519213,22.252696,0.000000,0.000000,3
40.698120,0.000000,6.361808,34.336312,0.000000,0.000000,5
72.415378,6.346921,3.742122,38.568845,8.347161,15.410329,6
67.735957,6.194176,0.000000,47.708675,4.305192,9.527914,7
45.659913,0.000000,28.581084,15.410329,0.000000,1.668500,4
64.672499,0.000000,29.752726,11.714262,11.800172,11.405339,5
35.511925,7.860414,22.913750,0.000000,1.959261,2.778500,3
86.715191,21.037300,14.892936,17.013917,13.953612,19.817426,5
72.121550,36.644614,0.000000,25.391764,0.000000,10.085172,5
73.168555,40.131353,0.000000,21.549979,0.000000,11.487223,6
85.317290,41.428090,13.426178,8.097146,19.204098,3.161778,7
45.407047,24.529590,16.197832,3.161778,1.517847,0.000000,5
41.507407,26.605127,5.375742,9.085330,0.441208,0.000000,3
57.527152,1.517847,14.647174,29.622514,0.000000,11.739617,4
55.655758,0.000000,12.108952,28.398625,15.148181,0.000000,4
51.759038,0.000000,48.186966,0.000000,0.000000,3.572072,3
52.893790,0.000000,41.118127,6.806456,4.969207,0.000000,5
48.939717,5.844743,43.094974,0.000000,0.000000,0.000000,9
81.778102,0.000000,49.799125,0.000000,18.559834,13.419143,8
71.123626,10.648464,40.043725,1.333046,0.000000,19.098391,6
90.254003,12.300625,44.809136,0.000000,16.300419,16.843823,7
61.365631,0.000000,45.162637,0.000000,14.513851,1.689143,5
51.891460,0.000000,32.124232,0.000000,10.319320,9.447908,3
65.401632,0.000000,25.460939,15.877728,0.000000,24.062965,3
86.417053,23.123216,19.478368,0.000000,2.056960,41.758509,4
77.439920,15.877728,24.062965,0.000000,31.207947,6.291280,3
57.851869,8.745888,47.158704,1.947277,0.000000,0.000000,2
62.316501,2.541729,45.318640,0.000000,0.000000,14.456132,2
90.385693,13.074431,34.600631,7.987623,4.112087,30.610921,4
103.990264,19.607682,40.695372,8.867813,0.000000,34.819397,6
155.985814,14.146083,61.964490,10.241672,1.295952,68.337617,12
113.088248,8.867813,32.016745,2.802652,0.000000,69.401038,8
154.607217,6.536295,33.079263,0.000000,9.763337,105.228322,6
157.693207,0.000000,41.307811,0.000000,21.799507,94.585889,4
161.209311,30.065510,21.799507,17.536021,0.000000,91.808273,4
170.869103,31.159664,21.443240,28.734064,9.070115,80.462020,6
156.923621,21.799507,36.724973,25.833594,0.000000,72.565547,7
177.703993,44.465315,21.012312,23.020827,2.956415,86.249124,9
167.048317,45.022546,15.269178,7.208374,0.000000,99.548219,9
115.418445,0.000000,9.388520,7.808134,14.850902,83.370889,4
107.618410,0.000000,21.404796,11.448833,2.882807,71.881974,3
113.509260,2.638773,14.850902,17.407971,13.622000,64.989614,3
119.383889,0.000000,14.331640,31.750707,18.550646,54.750896,4
94.037010,0.000000,21.952327,21.299440,9.089151,41.696092,3
102.126064,0.000000,32.660268,19.913121,0.000000,49.552675,3
102.568892,7.941856,32.189411,4.751389,0.000000,57.686236,3
93.120098,0.000000,40.977988,0.000000,19.734087,32.408023,4
73.093860,0.000000,24.809771,11.473669,0.000000,36.810420,4
72.147442,0.000000,32.382783,8.514069,0.799240,30.451350,5
115.322415,3.296634,29.873641,25.064816,12.111531,44.975793,7
116.625146,5.925757,31.250590,11.853703,0.000000,67.595096,6
125.790156,0.000000,42.305053,21.206626,3.247802,59.030675,7
133.939848,8.682416,48.419662,10.891780,0.000000,65.945990,7
125.997932,0.000000,55.108908,1.651215,0.000000,69.237809,7
140.771126,0.000000,56.207762,4.886356,8.327764,71.349244,8
137.366360,21.206626,29.189484,0.000000,9.146843,77.823407,7
158.746488,15.032405,35.088525,11.541166,0.000000,97.084392,8
168.250431,15.880300,34.473006,15.890007,0.000000,102.007118,8
154.189131,2.224118,35.737911,22.124554,8.083525,86.019023,8
171.402141,1.651215,47.765148,21.472661,0.000000,100.513117,8
188.088583,4.886356,51.324894,19.895559,0.000000,111.981774,8
185.091011,0.184567,50.896088,20.268589,0.000000,113.741767,9
243.792892,27.394783,28.444339,31.131128,4.442704,152.379938,11
212.947079,0.000000,51.753200,23.652540,16.617514,120.923825,8
217.647584,20.268589,28.999641,27.574268,1.402921,139.402165,9
221.042126,28.704832,18.359247,27.142910,7.273000,139.562137,9
222.871000,14.044657,27.574268,37.605451,10.718754,132.927870,8
213.780653,10.177247,27.142910,57.790550,18.730255,99.939691,7
215.194104,17.966385,21.896907,76.208399,17.949000,81.173413,9
194.493897,0.000000,39.147680,71.250749,0.000000,84.095468,7
184.383682,0.000000,45.070168,56.085455,0.000000,83.228059,7
178.419306,8.991798,48.091879,45.512340,20.807780,55.015509,7
162.395249,0.000000,90.780371,7.541652,0.000000,64.073226,6
157.226199,0.000000,89.044587,5.299121,5.294589,57.587902,7
169.527372,4.407776,76.500266,19.031649,11.590698,57.996983,11
149.758199,24.750780,40.446989,17.013126,0.000000,67.547304,10
154.205643,28.373275,37.688792,18.033401,2.610167,67.500008,10
156.293077,25.819840,46.640912,3.362537,7.495638,72.974150,9
176.152784,20.505697,50.579833,12.302658,0.000000,92.764596,11
167.480433,14.587922,63.158944,0.000000,8.311296,81.422271,12
212.567560,7.511000,63.959240,2.999884,6.943625,131.153811,11
230.469572,15.400049,51.559075,14.148206,9.201080,140.161162,10
227.494842,30.046686,35.661595,18.555895,0.000000,143.230666,10
231.249451,26.965555,41.619231,13.585963,0.000000,149.078702,11
227.684410,32.094294,51.738031,0.000000,0.000000,143.852085,10
242.267364,26.184996,57.417286,0.264131,9.493894,148.907057,11
246.843220,23.880576,57.347856,23.740854,11.736093,130.137841,13
323.443008,10.588803,72.698431,53.845753,12.229255,174.080766,15
322.598528,31.332247,49.718992,65.696931,0.000000,175.850358,16
307.070942,16.254482,50.803265,62.450769,0.000000,177.562426,13
308.141585,19.839662,52.942406,54.986672,8.532747,171.840098,13
295.875856,2.010664,51.835089,63.993853,0.000000,178.036250,12
295.298990,0.000000,55.316199,60.579597,0.000000,179.403194,13
307.010326,8.369322,21.790327,72.942710,9.789920,194.118047,13
295.718382,0.000000,5.139375,78.411178,23.621470,188.546359,10
278.205340,0.000000,13.926781,71.809315,8.769846,183.699398,9
266.067487,0.000000,11.123998,68.202583,0.000000,186.740906,7
281.037309,6.087348,18.608534,54.352654,0.000000,201.988773,8
274.990250,0.221317,45.392877,38.344775,14.547254,176.484027,8
278.530346,18.387217,32.976212,51.670787,0.000000,175.496130,8
283.117524,10.062292,47.418567,61.641165,0.000000,163.995500,10
292.445533,15.886567,58.002913,49.960672,0.000000,168.595381,10
277.727032,17.650918,52.892029,37.669095,0.000000,169.514990,9
290.084726,15.201399,59.622799,49.719682,0.000000,165.540846,10
291.662584,15.490457,52.488942,52.215970,0.000000,171.467215,11
296.302611,8.769846,54.462951,51.574919,0.000000,181.494895,11
291.633953,0.000000,58.690624,54.241986,9.878432,168.822911,11
295.340251,27.248576,17.711596,64.187871,0.000000,186.192208,10
265.176707,0.000000,33.682325,48.394022,12.336964,170.763396,8
261.263328,9.060794,30.752309,48.323429,24.880049,148.246747,9
233.613175,0.000000,46.095037,35.473945,8.481165,143.563028,7
236.125582,24.307315,24.016114,39.913750,0.937077,146.951326,7
246.232630,35.242149,26.260276,36.929395,0.000000,147.800810,8
241.276062,32.620946,26.153649,34.818856,0.040289,147.642322,7
239.461540,24.016114,27.245153,36.255454,14.162978,137.781841,8
217.349333,26.153649,15.970778,44.957739,4.630686,125.636481,7
187.549132,5.124509,50.976424,6.566000,5.766510,119.115689,7
187.824942,15.047129,43.432372,12.823766,8.453655,108.068020,7
199.895163,9.964747,59.931478,19.889013,5.247112,104.862813,7
206.917321,0.000000,61.896100,7.397151,0.000000,137.624070,6
199.323113,0.000000,64.920823,0.000000,0.000000,134.402290,6
225.685534,0.000000,76.784198,0.000000,5.441632,143.459704,7
228.073832,0.000000,79.050544,3.637000,0.000000,145.386288,8
233.842949,45.039231,30.521990,0.000000,1.810520,156.471208,7
234.309855,46.569628,28.559957,8.512807,0.000000,150.667463,8
217.838814,36.051890,23.753989,6.667000,0.000000,151.365935,7
219.765413,34.565840,24.979357,8.292536,4.619827,147.307853,8
217.389087,42.995356,8.472698,12.989637,0.000000,152.931396,9
224.519832,55.804853,12.683737,0.000000,0.630307,155.400935,9
199.286397,29.902690,15.893934,0.000000,12.756407,140.733366,6
209.943011,36.156080,8.980909,17.524297,19.858140,127.423585,7
235.725824,29.957182,11.605522,39.423530,0.000000,154.739590,7
229.073960,33.270168,13.637753,35.463069,0.000000,146.702970,7
243.408085,42.288094,12.139162,29.547602,0.000000,159.433227,8
241.714168,40.495596,18.884058,19.897726,6.047693,156.389095,7
240.600837,51.029052,9.677292,24.284473,3.532348,152.077672,7
223.263054,35.462069,16.269127,17.112278,5.559268,148.860312,7
221.110351,34.785045,18.060778,26.343402,0.000000,141.921126,8
203.250582,25.945419,11.547694,25.521116,16.219753,124.016600,7
186.214570,3.532348,22.811054,35.716114,0.000000,124.155054,6
191.969008,5.564584,58.252139,0.000000,0.000000,128.152285,7
210.352696,11.122852,65.160005,0.000000,3.556200,130.513639,9
202.167893,11.280634,74.882417,0.000000,18.483616,97.521226,8
219.620329,34.688212,57.545712,9.703680,2.981264,114.701461,8
218.499437,36.639519,57.932613,10.382381,0.000000,113.544924,9
230.580025,35.108350,46.083250,40.078157,1.580646,107.729622,11
225.980108,41.875365,32.651568,43.044286,0.000000,108.408889,11
229.512019,44.066054,29.958324,44.842121,27.670474,82.975046,11
219.941452,27.086361,68.171818,3.395156,24.335965,96.952152,10
180.293168,27.235828,53.172437,0.000000,6.244580,93.640323,7
153.472759,14.799431,65.953489,2.051535,0.000000,70.668304,5
155.159131,9.288169,65.814290,0.000000,0.000000,80.056672,6
151.396454,0.000000,63.420034,0.000000,23.427240,64.549180,5
152.884220,4.924172,54.715336,29.203063,8.456143,55.585506,7
167.869593,37.329556,24.428140,26.883139,7.557704,71.671054,7
145.678065,18.400290,33.789740,15.417236,2.490630,75.580169,6
143.363183,32.529596,21.037249,15.003543,1.629127,73.163668,6
148.696541,44.367750,7.329856,13.857833,0.000000,83.141102,6
165.563156,43.188982,2.371549,20.406932,14.899159,84.696534,8
169.864549,47.527076,14.664317,22.354318,0.000000,85.318838,9
173.188405,49.142490,19.122474,29.107243,4.571971,71.244227,9
184.395937,55.585506,26.663558,24.565441,0.000000,77.581432,12
175.735990,58.206324,20.131730,25.990737,7.397355,64.009844,12
169.504231,68.636649,25.990737,22.018253,3.356986,49.501606,11
182.514419,61.722336,28.816121,20.598091,4.394702,66.983169,11
160.274401,43.894043,43.422698,9.336384,9.416016,54.205260,10
149.289577,53.519822,39.350491,11.678338,0.000000,44.740926,9
141.577555,42.673878,33.142320,19.663675,0.000000,46.097682,10
150.458422,46.794005,46.031960,0.000000,4.147869,53.484588,11
164.809739,37.331830,38.223238,4.044628,0.000000,85.210043,8
175.819235,31.799016,45.804629,0.000000,0.000000,98.215590,9
184.514446,30.064705,42.135573,12.069687,2.214004,98.030477,9
184.353858,39.017051,31.759911,1.796798,6.988253,104.791845,9
182.397128,40.403325,35.987122,0.000000,6.165432,99.841249,9
161.074496,31.822113,23.909420,4.412324,0.000000,100.930639,8
157.798186,27.966118,26.990710,2.675629,0.000000,100.165729,7
162.971859,28.290265,25.872546,2.822804,0.000000,105.986244,8
193.407324,36.397093,19.910299,18.693057,0.000000,118.406875,9
195.149124,49.439960,21.515861,4.226466,5.348450,114.618387,9
198.540620,42.979041,40.042542,0.000000,11.311588,104.207449,9
196.779785,22.919523,33.190732,33.460346,0.000000,107.209184,7
184.568007,12.091520,50.822480,16.341753,0.000000,105.312254,7
203.427588,3.070373,58.392693,7.611886,8.643319,125.709317,7
189.399610,0.000000,57.619515,0.000000,18.930545,112.849550,6
181.747735,0.000000,65.939844,6.209966,0.000000,109.597925,5
179.104177,0.000000,64.779029,8.049964,0.722240,105.552944,6
176.426387,29.883192,33.190475,0.929709,0.000000,112.423011,7
164.083965,27.957785,14.982170,3.541469,0.000000,117.602541,5
199.655942,41.457622,3.541469,23.340799,8.958156,122.357896,8
220.899598,40.441585,13.557384,20.409071,0.000000,146.491558,9
217.366078,37.031815,23.165205,1.822879,0.000000,155.346179,9
207.350889,25.871057,20.409071,36.974102,9.807712,114.288947,10
213.218411,32.668696,19.412350,42.514583,9.058179,109.564603,11
179.149407,10.454194,28.187408,26.343695,0.592490,113.571620,7
215.267076,16.385501,30.396313,36.854272,5.132762,126.498228,9
261.176324,40.882010,13.649093,57.372599,0.000000,149.272622,13
266.974329,30.951101,31.495447,47.440460,0.000000,157.087321,13
265.869301,32.839954,23.276630,56.047603,6.807869,146.897245,14
234.363547,7.685564,28.176312,59.280226,0.000000,139.221445,13
239.862997,23.275630,16.717220,55.905479,4.222800,139.741868,13
231.219639,15.462621,16.458927,40.380365,0.000000,158.917726,11
236.023175,10.181108,49.856345,6.158598,7.506676,162.320448,11
238.635744,33.281249,21.387072,19.731652,4.266307,159.969464,10
229.670383,16.254374,34.310855,15.591055,16.280958,147.233141,9
245.500217,15.817869,29.567162,30.198356,12.077195,157.839635,10
276.986354,16.321538,40.134683,34.055819,0.000000,186.474314,11
261.227420,4.811976,42.777507,39.119033,0.000000,174.518904,10
273.800661,1.935798,45.957748,61.587887,10.931842,153.387386,13
242.148612,7.454800,19.253782,64.222455,0.000000,151.217575,8
236.466786,11.417808,12.078195,66.044532,0.000000,146.926251,9
239.677580,6.891945,22.529415,56.926512,5.500450,147.829258,10
241.358668,7.835974,19.865251,68.214438,0.000000,145.443005,11
251.974404,7.347237,16.326463,66.062452,0.000000,162.238252,11
268.337925,8.283204,14.930463,76.080803,0.000000,169.043455,11
286.508384,11.134859,13.428668,76.560858,16.822555,168.561444,12
291.011835,0.000000,16.300064,106.377350,0.000000,168.334421,13
287.982114,6.667000,10.931842,104.289046,0.000000,166.094226,13
289.794529,7.046519,16.379266,93.614103,0.000000,172.754641,13
296.069827,0.000000,48.848897,62.715817,0.000000,184.505113,14
307.347873,12.898948,32.021054,68.112273,0.000000,194.315598,14
306.844015,21.254264,31.825345,59.123006,3.028866,191.612534,14
315.201536,25.265484,47.302519,49.632595,0.562604,192.438334,15
312.838761,39.747267,28.192006,40.273873,8.033669,196.591946,15
297.725886,13.672347,30.323475,47.279340,4.259834,202.190890,12
315.483504,22.252822,24.795265,58.851767,14.440773,195.142877,14
340.330559,22.520742,26.907032,66.564432,7.876086,216.462267,15
312.139553,12.965259,25.399934,57.590249,8.714098,207.470013,13
328.382286,10.043819,48.807948,55.630256,0.000000,213.900263,14
328.749385,25.144872,39.020298,78.521204,0.000000,186.063011,15
331.698012,19.038105,50.438584,73.993803,0.000000,188.227520,15
338.835585,25.298464,47.647900,69.293133,0.305202,196.290886,15
331.266018,22.828849,58.472158,60.970335,0.000000,188.994676,15
356.008635,30.448265,58.515583,65.786479,9.768149,191.490159,16
381.340086,56.361998,41.450323,69.431503,12.310279,201.785983,17
362.613133,50.519254,27.480645,62.091171,10.784034,211.738029,14
363.296481,69.293133,62.613070,17.037843,0.000000,214.352435,14
363.647746,54.518959,69.844205,23.055397,14.891986,201.337199,15
349.875372,52.002050,61.922337,39.903088,17.080367,178.967530,16
340.688214,38.295650,60.737532,56.187585,13.059032,172.408415,17
332.106872,57.920026,42.844115,52.426779,0.000000,178.915952,15
331.851496,63.847643,34.578963,57.111507,0.000000,176.313383,15
322.745463,51.574299,40.481977,47.029761,14.953565,168.705861,15
295.432541,45.679477,45.192108,32.416517,10.552545,161.591894,13
287.959540,33.447228,38.768269,46.681201,0.000000,169.062842,12
289.796946,41.302294,36.305809,47.120499,11.024525,154.043819,13
291.772797,52.437804,33.206996,40.074444,0.000000,166.053553,14
298.512188,49.591417,35.803756,46.455263,11.865042,154.796710,14
310.935510,47.028761,46.380097,61.063822,9.720057,146.742773,14
305.069656,49.705110,66.459818,39.697567,2.229693,146.977468,15
312.745568,33.206996,72.268762,39.379326,10.922777,156.967707,15
311.166952,46.558789,59.759354,37.173088,0.000000,167.675721,14
310.695941,41.284906,64.872479,37.392426,0.000000,167.146130,14
313.257869,36.636288,63.964242,55.515632,0.000000,157.141707,16
294.618095,31.264899,57.699078,49.244403,0.000000,156.409715,14
296.140862,29.086482,68.628007,42.511809,2.713373,153.201191,15
306.608328,33.812412,77.089993,33.571874,0.000000,162.134049,16
304.232225,35.332248,87.285556,23.824125,0.000000,157.790296,16
310.103994,43.165449,72.023806,39.020169,0.000000,155.894570,15
313.624133,48.269105,70.964300,41.224139,2.557739,150.608850,16
323.544567,49.889627,92.454755,22.410138,0.000000,158.790047,17
331.787568,58.286787,85.729784,25.482249,8.191395,154.097353,17
322.661769,50.395048,93.891361,25.607749,0.000000,152.767611,18
326.810358,49.047310,117.248892,0.142830,0.000000,160.371326,19
303.936692,28.422963,115.323414,0.000000,5.130599,155.059716,19
315.029758,42.511666,104.465802,2.454205,0.000000,165.598085,20
308.579588,49.244403,92.986990,7.793013,0.000000,158.555182,20
297.204024,37.564091,93.734256,0.000000,18.008269,147.897408,18
267.260972,18.295769,96.160129,11.544517,0.436792,140.823765,14
281.088168,28.265363,101.846267,8.439872,7.189898,135.346768,16
278.610791,24.008706,110.568028,0.000000,0.197059,143.836998,15
290.642196,31.054728,102.459913,4.104154,0.000000,153.023401,17
290.705681,29.211838,101.108067,13.039912,0.000000,147.345864,17
300.472769,22.410138,115.302263,0.000000,10.793964,151.966404,18
317.805446,28.165488,108.668816,17.049724,9.056699,154.864719,19
327.067941,13.668718,106.527054,33.901581,0.000000,172.970588,19
325.568771,19.367383,105.633718,27.766510,12.607955,160.193205,19
328.764482,37.232822,88.342888,42.439900,0.000000,160.748872,19
380.723093,45.527719,85.855070,84.161738,0.000000,165.178566,24
396.900203,38.049522,111.157195,65.874360,36.024176,145.794950,25
427.911957,55.368770,84.161102,125.714668,6.685414,155.982003,28
409.600600,52.924059,81.511910,126.619823,4.372857,144.171951,27
397.831370,34.945970,82.425751,131.834623,0.862109,147.762917,25
395.641058,39.000175,84.334914,133.602625,0.000000,138.703344,26
387.159200,26.712721,79.408994,146.237585,47.650746,87.149154,25
372.534009,42.679663,75.371938,165.643134,6.678414,82.160860,24
374.469067,38.581664,88.077090,165.850492,16.530811,65.429010,25
354.216470,27.496473,96.767919,148.272699,7.535131,74.144248,24
339.459548,19.854474,92.258011,151.254413,0.000000,76.092650,23
336.656479,13.849256,95.898897,162.667417,0.000000,64.240909,23
335.266297,9.254612,97.881587,156.039751,0.000000,72.090347,23
338.098064,13.439628,110.340150,144.424376,0.000000,69.893910,24
346.677419,12.215682,132.428142,122.377622,0.732635,78.923338,25
386.284509,5.568889,134.349044,140.615258,11.247584,94.503734,27
398.352488,5.469203,133.909115,162.780826,0.000000,96.193344,26
398.701313,4.028375,130.987824,162.654600,7.907186,93.123328,27
414.309515,7.801050,136.774280,172.937290,0.000000,96.796895,29
420.909800,7.972711,147.356010,162.026589,9.485024,94.069466,30
414.607755,0.000000,180.214154,138.243109,0.000000,96.150492,32
423.938831,0.000000,176.462173,148.365050,0.000000,99.111608,33
428.819552,5.135622,187.202093,130.979621,0.000000,105.502216,34
430.459809,17.503337,176.358196,124.169570,0.000000,112.428706,34
438.032236,15.766350,191.947578,111.894588,7.102234,111.321486,34
414.173258,7.494943,202.791487,96.499044,0.000000,107.387784,33
418.618051,4.372857,208.355112,103.384220,0.000000,102.505862,33
433.080529,3.533256,212.729042,111.684012,5.143650,99.990569,35
436.959812,0.862109,217.656827,113.606079,7.765267,97.069530,35
433.442216,6.932822,218.614735,110.731025,0.000000,97.163634,34
451.496660,8.660265,218.883609,104.826688,4.664565,114.461533,35
487.381151,6.911924,228.046004,87.195622,0.000000,165.227601,36
476.988571,0.000000,226.337009,95.012135,46.893856,108.745571,37
443.825352,16.189560,208.515536,121.341197,7.412539,90.366520,37
423.798707,14.598800,189.754713,130.819577,0.000000,88.625617,36
430.595262,17.362448,193.491843,135.854242,0.000000,83.886729,36
416.378249,0.000000,188.975757,139.938148,0.000000,87.464344,34
438.286014,1.794894,201.332675,130.678943,0.000000,104.479502,33
445.718755,0.000000,210.713695,129.809061,0.000000,105.195999,33
468.392750,3.168104,212.436323,144.466615,0.000000,108.321708,35
474.253870,1.035379,219.972515,138.222856,3.469121,111.553999,35
484.474489,8.145347,220.181263,138.188434,8.225984,109.733461,35
467.684339,0.000000,250.948722,129.516673,27.338446,59.880498,35
419.259888,0.277135,228.638925,128.645372,10.185075,51.513381,31
421.411679,14.948888,220.277993,128.928284,6.914909,50.341605,32
408.877887,1.645081,229.316559,127.328899,9.029224,41.558124,29
425.910570,7.761135,230.144981,145.703096,9.472000,32.829358,31
417.929091,0.000000,227.291990,153.112123,0.000000,37.524978,30
416.590143,0.000000,241.012586,140.469084,3.474679,31.633794,31
454.867325,6.636068,263.362454,122.475964,0.000000,62.392839,33
477.011053,0.000000,263.572742,125.221606,0.000000,88.216705,35
484.886298,0.000000,256.738347,125.892184,0.000000,102.255767,35
492.751531,2.769158,266.522136,122.894337,10.952730,89.613170,35
491.454911,25.785294,244.216752,140.673798,0.000000,80.779067,33
463.009905,3.827433,252.320446,123.877257,21.540598,61.444171,34
464.385692,33.795648,222.724909,143.555023,0.000000,64.310112,36
501.783604,37.276715,224.647989,140.843605,9.082660,89.932635,37
492.454670,45.783884,239.683013,102.255767,8.120877,96.611129,37
473.906116,42.694056,227.596319,111.518745,7.167779,84.929217,35
436.165395,20.944295,224.637444,126.995525,0.000000,63.588131,32
431.520645,17.501976,233.610718,121.678968,9.601328,49.127655,31
399.133875,36.938028,216.890294,99.839774,0.000000,45.465779,30
417.674871,37.605814,210.987233,113.405342,0.000000,55.676482,33
430.054332,22.993666,200.010445,126.499633,22.218216,58.332372,34
411.369334,36.804539,204.259245,116.018186,2.717710,51.569654,34
404.414359,37.381388,191.239256,132.945796,16.376833,26.471086,33
416.569384,33.046314,190.188467,169.528461,0.000000,23.806142,36
435.015724,21.852383,194.659175,169.333469,1.005143,48.165554,36
456.190169,14.887952,202.645725,175.461393,0.000000,63.195099,37
460.299146,10.629545,218.916161,163.391103,0.000000,67.362337,38
465.299065,21.683400,201.609852,162.553120,0.000000,79.452693,37
477.831520,23.910795,197.940522,173.324729,0.000000,82.655474,38
467.700551,14.971310,197.474184,171.622449,0.000000,83.632608,37
456.867091,6.242117,199.790244,174.868683,0.000000,75.966047,36
453.714671,1.289853,235.644701,144.015545,0.000000,72.764572,35
482.609267,0.000000,234.347347,156.570697,0.000000,91.691223,36
482.584036,4.359991,229.438113,156.827571,0.000000,91.958361,37
479.738843,7.457488,242.964616,139.394065,0.000000,89.922674,38
470.378399,0.000000,256.608009,126.312154,0.000000,87.458236,38
511.155948,4.445000,253.263614,137.441022,0.000000,116.006312,42
518.182985,5.386367,253.909194,145.044138,0.000000,113.843286,43
507.703598,35.536209,208.403086,141.949503,0.000000,121.814800,44
500.164770,34.080287,205.966094,137.242163,3.714034,119.162192,43
508.183673,43.402219,230.756933,122.469240,0.000000,111.555281,44
509.134534,43.928910,236.450595,116.277487,0.000000,112.477542,44
510.910537,42.867380,234.537099,112.759765,0.000000,120.746293,44
523.835219,46.700931,265.581047,76.328897,0.000000,135.224344,45
536.200798,51.781068,269.025668,71.387442,16.505281,127.501339,47
523.643075,43.708702,248.759530,90.367764,0.000000,140.807079,49
529.647994,49.910198,251.113806,93.604791,0.000000,135.019199,49
510.186917,32.773676,248.389128,100.778020,0.584774,127.661319,50
505.765581,33.398509,255.783408,87.164448,5.888389,123.530827,49
495.835937,37.010604,248.421634,84.879742,15.978969,109.544988,48
492.454031,68.573700,207.389660,104.007142,13.875944,98.607585,49
444.256192,26.471086,227.038622,96.519645,10.345516,83.881323,48
462.286974,16.498242,263.764303,92.425739,0.000000,89.598690,50
481.390135,17.202723,261.837994,98.035461,0.000000,104.313957,50
479.714381,16.568433,260.118389,100.550433,7.821724,94.655402,50
485.141719,23.806142,275.120793,90.466351,14.202863,81.545570,50
475.944775,42.767897,274.567453,79.662638,4.218685,74.728102,48
495.143753,54.554963,266.286075,86.527637,9.083215,78.691863,49
468.930284,52.221006,241.405713,75.083459,0.000000,100.220106,42
458.456682,44.994637,252.047020,58.493602,0.000000,102.921423,41
466.461117,45.395660,265.432586,45.200551,0.000000,110.432320,41
466.527428,66.179038,261.287874,42.027414,0.000000,97.033102,42
443.784512,39.929211,261.776495,45.270607,3.269490,93.538709,37
444.772246,39.813766,264.981531,41.794164,8.305055,89.877730,38
453.704127,51.727598,264.070436,62.284975,0.000000,75.621118,40
457.244048,48.985921,283.769543,48.689471,7.775271,68.023842,40
469.826866,61.216879,260.259054,62.149670,0.000000,86.201263,40
465.454493,61.293802,259.176506,62.381279,0.000000,82.602906,41
463.380095,61.992530,266.216339,55.632932,8.461693,71.076601,41
446.274794,67.320424,248.967345,60.316985,0.000000,69.670040,38
450.190260,66.984496,257.045606,55.416728,0.000000,70.743430,38
454.204192,60.882739,262.246761,49.439841,0.000000,81.634851,38
473.937309,58.120645,284.050777,24.110273,8.923720,98.731894,39
463.198533,90.006014,255.801030,11.977693,10.326293,95.087503,36
499.325985,84.874654,256.302809,27.722502,0.000000,130.426020,38
521.442113,83.696177,260.196221,21.440963,9.057072,147.051680,38
519.001074,85.790034,251.382784,34.939877,0.000000,146.888379,39
519.928969,85.687552,248.680270,55.275579,26.173263,104.112305,39
487.002436,71.589907,241.891578,73.646540,43.387541,56.486870,38
494.631987,85.985378,277.623514,48.957156,5.120970,76.944969,38
471.593579,63.398543,296.990621,37.728541,11.623072,61.852802,36
480.741049,69.538478,293.501338,39.074671,12.066718,66.559844,36
479.764672,81.878726,298.682309,52.605227,0.000000,46.598410,37
473.612074,73.962275,301.070627,61.852802,0.000000,36.726370,38
509.794260,69.417450,313.631920,59.070004,0.372987,67.301899,39
493.158631,76.832489,300.676952,59.133970,2.157949,54.357271,38
481.632391,60.101241,314.571419,60.927891,0.000000,46.031840,37
462.178627,44.692859,343.124588,53.932146,0.000000,20.429034,35
478.906925,38.068076,346.479091,59.614867,0.455500,34.289391,37
485.128945,36.897699,352.138282,60.361321,0.000000,35.731643,37
485.900626,62.149670,329.916834,58.172635,0.000000,35.661487,38
517.672541,62.381279,338.877113,60.569835,0.274945,55.569369,41
543.303186,67.286623,361.214165,28.285341,1.952025,84.565032,41
520.728939,49.592341,362.043711,22.445515,25.908596,60.738776,38
511.320378,44.527965,358.252626,35.013868,14.268255,59.257664,36
511.002635,45.442017,364.480226,31.994113,0.000000,69.086279,34
503.167220,30.498035,372.688356,27.511106,0.000000,72.469723,35
531.388732,29.336916,377.187994,31.530466,0.000000,93.333356,34
555.230673,27.109123,376.573504,34.005167,0.000000,117.542879,34
568.284079,20.122551,408.548463,0.000000,0.157935,139.455130,34
571.397045,19.064213,402.774619,5.852267,4.643393,139.062553,34
571.074328,27.936954,391.470711,14.886814,0.000000,136.779849,35
572.414634,32.105042,387.097016,15.142855,0.000000,138.069721,36
582.001070,36.468062,372.840901,44.438104,0.000000,128.254003,39
568.403653,26.840954,375.398917,37.765954,7.245395,121.152433,40
580.942682,12.088955,396.716377,21.168054,0.000000,150.969296,40
577.817772,13.761333,410.245562,8.954853,0.000000,144.856024,41
613.550723,19.610622,405.227862,30.449548,16.525577,141.737114,44
599.891134,13.109799,400.484878,47.228404,0.000000,139.068053,44
598.911921,22.996480,414.015130,30.607428,0.000000,131.292883,44
607.932954,24.620021,413.541183,27.954523,10.532364,131.284863,45
595.830686,23.497574,410.328499,12.064424,8.385704,141.554485,44
581.344601,24.965007,399.703122,18.083002,10.011059,128.582411,45
547.350152,13.420972,413.982134,0.000000,0.000000,119.947046,44
596.885693,10.554715,430.959682,0.000000,0.000000,155.371296,46
597.035588,11.472256,432.756084,0.000000,0.000000,152.807248,46
648.279177,3.555147,440.769418,6.742883,7.220036,189.991693,49
629.320683,11.418193,404.235792,19.833220,3.807325,190.026153,48
617.341080,0.000000,398.672617,22.427726,1.709690,194.531047,46
633.987355,9.468587,393.904813,16.046296,6.729081,207.838578,45
631.098597,14.720718,380.618840,30.995389,0.000000,204.763650,44
631.742677,31.402873,362.400279,26.639354,0.000000,211.300171,44
647.973857,26.930533,363.969106,28.233129,0.729132,228.111957,46
659.854310,15.085534,365.286682,27.042999,17.951532,234.487563,45
628.334387,0.000000,354.634215,35.917584,10.235196,227.547392,43
638.204313,0.000000,359.586473,45.100044,0.000000,233.517796,44
630.330124,4.262946,348.072788,41.048723,23.238547,213.707120,43
613.087940,0.000000,390.198432,20.241239,0.000000,202.648269,40
643.569006,0.000000,390.226425,34.503250,9.505350,209.333981,41
649.651977,0.000000,396.452095,37.692184,3.400947,212.106751,42
640.914972,9.587430,392.796947,23.550282,0.000000,214.980313,41
638.301020,0.000000,399.810206,8.738745,10.432675,219.319394,41
645.453296,7.245395,404.732279,9.881669,9.423134,214.170819,41
666.504416,8.954853,398.096775,24.491549,0.000000,234.961239,42
686.873958,12.329108,402.144854,34.534308,16.150589,221.715099,45
633.826749,0.000000,389.074113,22.363088,6.487954,215.901594,42
673.027854,0.618223,389.147901,50.340234,0.000000,232.921496,44
705.715569,3.617659,388.434185,64.155843,11.741424,237.766458,46
685.776810,8.165238,376.510222,72.170539,28.959413,199.971398,45
634.844884,6.151805,371.855620,62.506804,0.000000,194.330655,40
652.404168,0.000000,382.752839,63.638240,0.000000,206.013089,40
659.747145,0.000000,392.229059,58.975838,0.000000,208.542248,41
676.037893,0.000000,396.417020,68.681407,0.000000,210.939466,42
668.252111,6.742883,391.110295,68.253826,0.000000,202.145107,42
698.085253,3.439570,392.488147,84.927983,7.970989,209.258564,44
702.037873,9.399725,377.003573,94.730325,15.402445,205.501805,45
705.706474,20.411243,366.338118,108.695422,6.422780,203.838911,45
714.847468,18.966337,378.270286,92.391365,3.835518,221.383962,45
708.077656,22.579443,392.241601,65.270510,27.217445,200.768657,43
680.195487,77.861323,335.793929,76.056058,3.540250,186.943927,42
662.267453,79.194213,332.196548,64.495070,7.977549,178.404073,41
643.848023,74.326299,312.138683,74.745855,0.000000,182.637186,41
648.659946,72.596336,308.953687,89.786696,0.000000,177.323227,42
661.035528,86.597111,285.642619,98.879597,0.000000,189.916201,44
663.646944,94.904684,272.838016,108.320497,4.673899,182.909848,45
651.623989,85.796569,272.929910,114.877736,0.000000,178.019774,45
665.472891,88.883576,271.551723,119.648363,8.091960,177.297269,46
696.180037,125.423150,260.404953,110.716174,0.000000,199.635760,46
693.264513,127.655757,252.235882,112.229610,0.000000,201.143264,47
693.470659,120.502088,253.636910,113.276319,0.000000,206.055342,47
681.078305,111.627262,257.372450,112.799668,9.299587,189.979338,47
702.414370,116.153882,251.239607,118.110890,0.479994,216.429997,47
697.829438,127.007898,254.773720,86.863895,0.000000,229.183925,45
732.166496,129.137836,256.116277,101.216562,7.623446,238.072375,48
734.367602,157.221525,234.233603,98.391157,4.807793,239.713524,50
712.202074,140.836339,240.151457,91.190494,0.000000,240.023784,47
701.687486,136.806637,234.314490,83.807275,0.000000,246.759084,47
721.301213,134.204685,236.372307,112.936516,0.225697,237.562008,49
729.976896,130.676205,237.028734,128.103906,2.072328,232.095723,51
733.487276,134.150209,232.763020,137.673188,18.304315,210.596544,51
706.983534,126.448008,235.464705,135.013046,0.000000,210.057775,51
676.987990,102.424207,233.474382,141.809446,0.000000,199.279955,51
684.858100,108.695422,225.056957,149.994280,3.048315,198.063126,51
698.792859,111.269637,227.986102,159.839246,0.000000,199.697874,51
707.188181,102.700958,234.375671,170.079957,0.000000,200.031595,51
671.558236,78.768879,220.177636,176.417511,7.072670,189.121540,49
669.822016,86.345655,223.127331,149.432329,0.000000,210.916701,46
669.211759,87.304871,225.391823,145.427899,0.000000,211.087166,47
678.451747,92.175434,230.993837,128.203947,11.418180,215.660349,48
673.858859,111.907056,224.003979,116.324653,0.000000,221.623171,48
666.051873,120.904025,209.865730,119.207333,0.000000,216.074785,49
669.074210,124.758130,209.935998,123.096082,0.000000,211.284000,50
664.648605,123.087010,215.379416,122.478223,13.556029,190.147927,51
617.614398,81.201061,218.025245,134.420365,0.000000,183.967727,47
611.080070,83.076163,224.942907,121.557133,4.224181,177.279686,47
587.325465,69.400329,228.834702,111.652964,0.000000,177.437470,43
629.650560,72.049175,220.918090,135.862295,13.915643,186.905357,46
581.909666,28.764164,244.788960,129.960379,7.732185,170.663978,41
575.850596,31.816233,233.208466,145.111266,13.713678,152.000953,41
567.805456,44.350942,220.242363,150.659145,16.977828,135.575178,40
590.371345,44.758612,236.596855,156.009503,0.000000,153.006375,40
603.719220,49.174197,236.047006,152.990125,0.000000,165.507892,42
604.891921,47.474859,243.252876,149.895628,7.760106,156.508452,43
601.205876,56.629036,226.588939,152.063808,1.035365,164.888728,41
610.664464,56.287709,228.900859,139.864018,8.466289,177.145589,40
615.512678,49.883920,231.125911,147.230054,47.064142,140.208651,41
584.516382,52.284328,251.336306,147.309283,2.739805,130.846660,38
570.670621,39.990024,244.472561,147.352343,0.000000,138.855693,38
572.610157,71.105343,218.633619,145.180481,15.100205,122.590509,38
583.179229,69.526463,221.018914,160.444044,0.000000,132.189808,38
582.103886,72.890103,211.087166,155.499686,6.667000,135.959931,39
604.433838,76.015694,218.828333,150.206103,11.924546,147.459162,40
582.238898,53.381941,215.903348,151.172582,0.000000,161.781027,37
607.030062,48.415323,213.968733,170.483228,4.683514,169.479264,39
602.986443,66.922561,196.746683,166.142677,29.530030,143.644492,38
586.398482,72.983579,189.047792,182.858326,0.000000,141.508785,36
587.770353,77.138475,198.872767,171.475374,11.049862,129.233875,36
595.718610,76.793104,197.573714,185.904007,0.000000,135.447785,36
599.615542,74.021431,204.407663,186.676897,0.000000,134.509551,36
629.197517,66.233211,212.056101,183.446492,7.681856,159.779857,38
619.228249,67.132527,200.650022,189.865271,13.442896,148.137533,38
653.496955,71.475484,205.062173,196.359138,22.943343,157.656817,39
625.537626,77.959048,203.801296,191.876657,0.000000,151.900625,36
643.193642,120.631176,156.508452,200.912329,0.000000,165.141685,37
635.740185,118.407350,152.036510,203.744525,10.366147,151.185653,38
633.832727,113.419787,160.413165,213.875334,0.000000,146.124441,39
636.773397,115.625662,155.840102,214.755097,8.225984,142.326552,39
646.790355,112.075013,167.637780,225.321077,16.186474,125.570011,41
638.951948,146.576649,128.520551,231.874773,0.000000,131.979975,42
635.763831,178.340749,100.184294,221.199125,0.000000,136.039663,42
639.535103,172.188614,106.646897,217.797060,0.000000,142.902532,44
649.027419,169.250311,104.015581,260.386825,17.564477,97.810225,47
635.377191,190.232939,73.712812,272.101430,0.000000,99.330010,44
638.451891,190.013309,78.193516,266.881245,0.000000,103.363821,44
668.913149,192.006365,82.129862,275.655785,9.291915,109.829222,46
656.387880,192.230080,94.377209,267.063201,9.172264,93.545126,46
650.432519,184.862242,99.214400,265.273153,12.441751,88.640973,46
652.478488,182.562301,101.464772,273.126618,5.985000,89.339797,47
631.283846,160.086484,107.936331,275.885038,13.219769,74.156224,48
591.365119,149.651007,129.921022,249.488262,26.332382,35.972446,46
576.523103,146.575321,128.369379,266.407543,0.000000,35.170860,45
572.123864,146.369787,129.821905,267.735803,12.076791,16.119578,45
573.868886,143.528289,130.562617,283.218507,3.538060,13.021413,45
539.126108,126.915984,133.259444,258.627835,0.000000,20.322845,42
540.245368,130.994802,129.184574,264.919681,0.000000,15.146311,43
536.535318,110.947488,125.807284,273.677350,0.000000,26.103196,44
544.162868,96.547441,126.586343,274.074989,0.000000,46.954095,44
554.608157,95.430771,142.063901,256.838113,8.159275,52.116097,46
557.622807,87.873576,136.054462,283.256426,5.034054,45.404289,45
556.413031,83.362804,138.990373,285.812439,0.000000,48.247415,45
540.655143,64.806395,139.790293,287.506484,8.443652,40.108319,43
536.806934,78.594741,123.135557,297.600899,0.000000,37.475737,45
532.962946,75.087637,121.832958,304.692470,0.000000,31.349881,45
535.795933,77.496953,147.443939,282.735491,0.000000,28.119550,46
543.225433,97.502598,133.757006,277.959293,7.261600,26.744936,47
539.292641,95.653430,133.599234,285.183741,1.420611,23.435625,48
538.957210,99.915106,124.257445,308.793965,0.000000,5.990694,49
541.887091,103.314858,118.361373,310.269811,6.667000,3.274049,49
547.407058,113.090656,106.712445,314.694156,0.000000,12.909801,49
559.877368,130.469235,96.277083,308.389792,0.000000,24.741258,50
562.379780,126.664349,98.511458,310.475160,16.670890,10.057923,51
514.248204,93.279360,113.716809,290.722649,3.869663,12.659723,47
549.169257,97.606271,114.781491,282.262202,27.063208,27.456085,45
496.927707,50.024767,119.587915,297.974999,2.834050,26.505976,41
494.789862,51.295627,111.444375,298.060950,0.000000,33.988910,40
506.782696,46.484058,112.577180,313.171009,11.761046,22.789403,41
512.857887,48.672939,101.786478,314.821902,15.737691,31.838877,41
506.998486,34.135492,97.631728,329.847790,0.000000,45.383476,39
488.901767,23.015717,98.138963,327.465492,12.599806,27.681789,39
450.144618,0.000000,73.840479,346.547445,1.616380,28.140314,39
439.678633,9.093367,57.782899,345.798323,0.000000,27.004044,39
434.098572,0.000000,60.794302,341.859614,4.357042,27.087614,39
410.461648,3.246145,87.465147,296.008254,0.000000,23.742102,35
409.355962,4.128351,89.812396,291.536295,0.000000,23.878920,35
412.300530,0.292566,105.146768,277.238349,0.000000,29.622847,36
425.061658,0.000000,119.047898,269.329689,10.476480,26.207591,37
404.445554,18.419342,101.244146,257.452769,0.000000,27.329297,35
403.566674,18.085553,104.490650,255.532751,0.200183,25.257537,36
396.581757,9.894182,114.242757,252.900530,7.563963,11.980325,38
401.011237,25.840774,94.843368,268.629171,11.697924,0.000000,39
377.482157,0.000000,91.564473,278.853561,0.000000,7.064123,36
390.153699,1.420611,103.497247,263.336753,9.910227,11.988861,36
419.923013,2.901945,130.336463,247.406721,0.000000,39.277884,37
419.492398,31.363990,98.602139,250.255710,0.000000,39.270559,38
436.571953,38.147864,98.045691,254.176338,7.256630,38.945430,39
406.022427,18.461359,86.858489,263.612307,0.205061,36.885211,37
433.771541,49.647549,57.444097,280.064401,0.000000,46.615494,39
486.152039,65.648865,44.977626,295.762056,0.000000,79.763492,41
455.049375,41.721486,42.281268,297.789361,0.000000,73.257260,41
453.098115,44.005208,48.584408,298.342664,0.000000,62.165835,42
475.009112,44.528479,45.015239,294.194697,0.385577,90.885120,43
515.171837,43.281608,54.642896,303.054460,0.000000,114.192873,45
506.734615,28.713759,52.848204,303.765431,0.000000,121.407221,44
518.022357,29.881821,50.460919,311.889192,11.911113,113.879312,44
549.945312,42.755668,33.347446,317.262610,18.926661,137.652927,46
558.941081,58.489665,22.134966,342.581845,0.000000,135.734605,47
539.474327,34.649585,20.036248,339.782045,0.000000,145.006449,46
547.039748,33.347446,23.742102,340.257059,10.015600,139.677541,46
531.315287,40.187734,36.542675,316.405014,15.927113,122.252751,45
537.379656,48.497931,26.990359,340.901351,0.123687,120.866328,45
534.506659,66.434231,19.544288,323.464655,0.000000,125.063485,45
548.671636,52.560789,37.879399,315.151207,9.160721,133.919520,44
530.024805,15.462876,42.983093,329.161963,16.984635,125.432238,41
518.675520,0.000000,61.850251,337.033391,2.990392,116.801486,41
529.332413,0.000000,61.231542,326.052641,3.532246,138.515984,41
525.830252,0.910000,56.172907,337.878649,4.119235,126.749461,42
520.235767,12.293869,49.475751,334.234352,0.000000,124.231795,42
525.723761,27.582070,30.337290,337.129396,0.000000,130.675005,43
530.259242,35.121349,27.520175,344.777856,0.000000,122.839862,44
536.355941,49.475751,44.975339,326.946439,5.194604,109.763808,45
541.503004,44.900070,53.180963,328.361767,4.112731,110.947473,45
534.605819,31.547051,46.229917,341.565049,2.241739,113.022063,44
536.875290,53.180963,45.256765,319.262542,0.000000,119.175020,44
546.118472,49.039882,46.179291,318.475871,0.000000,132.423428,44
584.156512,61.059048,35.324380,331.778370,8.076811,147.917903,47
564.589816,49.109710,30.363555,343.560858,3.961643,137.594050,45
561.394734,37.818370,24.347465,348.051080,0.000000,151.177819,44
584.695664,55.739555,25.812165,354.833860,20.057694,128.252390,45
586.836561,67.145879,17.460938,375.953921,0.000000,126.275823,45
588.451555,71.391885,18.714313,384.899595,8.080192,105.365570,46
583.181974,68.579298,18.826635,391.820144,31.582805,72.373092,47
534.636296,64.612430,20.195775,381.091458,0.000000,68.736633,44
546.109431,56.749273,21.290976,387.990987,0.000000,80.078195,44
544.924122,53.680095,34.301738,377.287687,0.000000,79.654602,44
542.899178,47.554177,42.739731,375.016961,0.000000,77.588309,44
578.578271,61.258128,29.468672,396.253084,8.548463,83.049924,46
569.724370,57.668728,30.672239,395.335420,0.613184,85.434799,46
572.200228,47.091008,29.480513,393.452345,2.334100,99.842262,46
587.390737,56.010123,19.984817,394.242955,0.000000,117.152842,48
606.730530,57.700977,21.283355,417.156757,1.889029,108.700412,50
5.513269,5.513269,0.000000,0.000000,0.000000,0.000000,1
20.628540,8.571572,6.470941,0.000000,0.000000,5.586027,2
42.194920,6.470941,5.586027,15.034244,10.885120,4.218588,4
31.140639,6.185726,0.000000,24.954913,0.000000,0.000000,2
37.892876,10.885120,4.218588,22.789168,0.000000,0.000000,3
46.461069,13.308692,19.764687,10.493088,2.894602,0.000000,4
32.089719,9.913482,1.577547,20.598690,0.000000,0.000000,4
52.672016,3.024481,0.000000,20.322617,14.726919,14.597999,4
47.553730,9.959408,5.696633,13.702352,0.000000,18.195337,3
44.906693,6.867494,9.030286,22.867403,6.141510,0.000000,3
68.183274,8.831286,29.008913,19.943166,10.399909,0.000000,4
51.672222,7.764930,28.427875,8.852574,0.000000,6.626843,4
74.707402,3.280488,53.215676,0.000000,7.102562,11.108676,5
114.370227,5.849730,46.279527,8.638935,14.481508,39.120527,7
135.958159,39.439045,0.000000,20.585621,0.000000,75.933493,5
156.446905,44.517491,7.638179,19.863174,0.000000,84.428061,6
205.107549,41.331681,13.799511,34.873769,0.000000,115.102588,9
197.330325,24.676066,43.447669,19.843917,40.999649,68.363024,9
178.047971,33.016414,34.470978,39.803737,0.000000,70.756842,8
173.051043,31.203781,37.034314,37.399698,16.457629,50.955621,8
157.202187,27.528974,61.289394,4.365265,6.154231,57.864323,5
140.007891,9.505340,62.303550,24.294513,5.574213,38.330275,5
122.430800,28.181229,49.198365,18.214885,0.771415,26.064906,6
128.763256,28.808022,58.132476,0.994996,0.000000,40.827762,7
137.513068,38.494298,43.280813,6.520247,0.000000,49.217710,8
136.664052,50.380626,30.366348,6.272049,13.272610,36.372419,8
129.340895,62.227340,19.303709,0.000000,12.851450,34.958396,7
106.908621,29.534791,21.766859,9.384494,0.000000,46.222477,6
124.337708,34.786674,20.951283,12.957744,1.399704,54.242303,9
117.099751,29.749989,20.863936,11.210150,4.850729,50.424947,7
114.262656,25.120254,37.002429,0.000000,8.923719,43.216254,7
120.370391,33.909027,34.743035,4.593717,16.305255,30.819357,8
148.161854,60.200688,16.305255,1.860111,8.983708,60.812092,8
149.291903,70.459862,8.983708,1.949446,0.000000,67.898887,8
149.672523,82.223175,6.919227,0.000000,0.000000,60.530121,9
131.834703,66.452810,8.798404,0.000000,0.000000,56.583489,6
127.537766,69.889043,0.000000,0.000000,13.930304,43.718419,6
135.672020,74.493666,8.730001,20.522708,4.851772,27.073873,10
132.127092,71.655911,15.746935,9.923479,4.184588,30.616179,11
150.954177,76.559027,15.899011,18.893721,0.000000,39.602418,13
151.673469,84.223519,10.350379,24.759929,11.336397,21.003245,13
145.506506,66.506968,17.150394,30.046487,10.726058,21.076599,12
106.485320,30.616179,23.122172,9.218470,0.000000,43.528499,7
108.009962,40.161632,21.003245,11.859129,0.000000,34.985956,7
109.577063,37.156043,31.802657,6.405153,25.265217,8.947993,7
91.888930,18.784589,38.417149,17.645406,5.632407,11.409379,6
96.306234,19.881034,33.342567,30.543304,0.000000,12.539329,7
73.345555,0.000000,38.185870,22.372985,10.523716,2.262984,5
45.731884,0.000000,18.238917,25.374531,0.000000,2.118436,6
49.919478,23.948708,2.262984,10.572199,13.135587,0.000000,6
46.786706,27.325317,13.135587,2.896574,3.429228,0.000000,5
54.755014,36.494486,12.780386,2.353706,0.000000,3.126436,6
48.478787,28.867344,12.237518,3.126436,0.000000,4.247489,7
85.580173,28.034409,18.304044,3.463769,24.987888,10.790063,8
88.001942,33.296685,37.028070,17.676187,0.001000,0.000000,9
96.449904,34.548199,42.664075,10.917790,8.319840,0.000000,11
122.688893,53.210285,36.913817,9.777250,7.769454,15.018087,11
135.732791,56.130764,59.859123,0.244422,2.024765,17.473717,12
138.959476,52.065622,58.688545,8.025165,4.230617,15.949527,11
115.617547,17.803914,71.862001,0.000000,17.997448,7.954184,9
127.349175,45.896415,49.219240,7.954184,21.644774,2.634562,9
123.343844,42.909396,58.609038,18.488182,0.000000,3.337228,9
114.703330,30.812706,58.885357,14.297816,10.707451,0.000000,9
100.614527,4.091700,66.456911,22.607638,7.458278,0.000000,8
93.330027,19.571564,52.845743,20.912720,0.000000,0.000000,8
91.788349,17.997448,43.514669,28.760232,0.000000,1.516000,8
125.703042,27.840476,41.729170,23.529496,0.000000,32.603900,10
118.096731,5.361514,48.977683,30.498474,0.000000,33.259060,10
117.131382,6.849949,43.643734,33.554445,8.452924,24.630330,11
146.784176,24.275296,48.350912,28.636928,0.000000,45.521040,13
172.077744,40.306506,49.603569,12.637965,0.000000,69.529704,13
158.996108,30.987774,40.734545,16.499685,12.932699,57.841405,12
148.416112,40.734545,35.755871,17.246557,8.981749,45.697390,11
132.934100,46.015953,30.579159,20.956008,2.972238,32.410742,9
131.046512,53.536873,16.481999,18.400988,0.000000,42.626652,10
156.289408,77.051944,0.000000,0.000000,5.314577,73.922887,8
166.079314,77.279284,6.629598,7.273000,0.000000,74.897432,10
159.326104,69.737585,8.511598,18.370486,0.000000,62.706435,11
150.434012,47.406139,25.643486,18.434474,13.450731,45.499182,10
136.937143,77.531937,18.225722,3.841676,10.169973,27.167835,10
153.420487,72.743880,27.336401,0.865494,5.657449,46.817263,12
154.334939,73.997469,24.641741,15.856941,0.000000,39.838788,13
161.821439,80.428067,20.534592,15.199992,0.000000,45.658788,13
168.546962,83.079140,26.892408,10.445400,2.484412,45.645602,12
160.493635,73.179311,31.087160,16.817011,2.434718,36.975435,12
135.260303,43.749921,32.017003,18.021277,0.000000,41.472102,10
169.527054,30.821230,38.220851,22.115889,3.259507,75.109577,12
146.951327,44.401340,16.365464,13.666551,7.333525,65.184447,11
100.288049,14.080007,7.308869,13.968846,6.114380,58.815947,4
92.027721,16.621096,5.740283,23.627485,0.000000,46.038857,3
86.361696,24.789267,8.127941,11.112088,13.025302,29.307098,4
79.699943,29.001442,21.155151,0.000000,11.460773,18.082577,4
76.369747,35.633472,24.271457,0.000000,0.000000,16.464818,4
77.083971,23.824269,23.882088,0.000000,0.000000,29.377614,4
106.208158,22.229215,30.712055,26.713275,22.188409,4.365204,7
97.697051,37.091366,38.061848,13.211404,0.000000,9.332433,7
97.516056,23.576189,37.601865,18.083312,0.000000,18.254690,7
110.582642,29.377614,34.498144,31.972798,0.000000,14.734086,7
105.219449,46.683928,13.211404,34.244761,11.079356,0.000000,7
102.963194,41.018633,19.587052,42.357509,0.000000,0.000000,6
135.638286,30.132940,27.623588,41.740657,9.659246,26.481855,7
95.475354,0.000000,24.912328,53.772899,0.000000,16.790127,6
87.830625,8.714414,17.736994,49.616928,0.198163,11.564126,6
82.094889,0.000000,17.445181,52.200906,0.000000,12.448802,7
74.529086,0.000000,8.923424,44.194421,0.000000,21.411241,7
73.994297,0.000000,18.140061,30.007305,0.000000,25.846931,6
63.303366,0.000000,0.000000,29.083244,4.207813,30.012309,6
72.615589,0.000000,7.136381,34.884065,8.333500,22.261643,6
71.219405,0.916939,0.000000,44.938724,9.740767,15.622975,6
97.789854,3.724898,5.911418,58.500813,0.000000,29.652725,7
101.552045,1.593761,4.207813,58.014149,0.000000,37.736322,7
104.390630,0.000000,3.766857,61.080141,0.000000,39.543632,9
127.035333,0.000000,5.356067,95.267706,9.639637,16.771923,11
162.983917,4.167250,8.333500,93.813061,2.282411,54.387695,11
156.483567,0.000000,2.638098,98.151783,0.000000,55.693686,12
156.394248,0.000000,0.000000,91.519779,15.738406,49.136063,11
165.909263,0.000000,7.102639,105.763729,0.015769,53.027126,11
169.239246,6.832849,12.164459,94.548149,0.000000,55.693789,11
172.977248,17.029838,10.385627,90.725366,0.000000,54.836417,11
157.944828,0.000000,11.133733,100.457433,0.000000,46.353662,10
158.785429,0.000000,15.453244,100.304589,4.863016,38.164580,10
134.921848,9.795103,2.282411,97.545841,0.000000,25.298493,11
146.575295,0.000000,4.694409,95.034417,1.416788,45.429681,11
142.735459,0.000000,23.216664,75.995911,2.944102,40.578782,11
144.814523,0.000000,24.439443,77.156577,6.306045,36.912458,11
110.570043,0.000000,8.373426,71.421859,7.143143,23.631615,9
102.368322,0.000000,0.000000,76.475172,0.854573,25.038577,8
157.222236,9.666700,3.599773,80.835985,0.000000,63.119778,9
168.953942,0.000000,4.178158,78.256476,48.429721,38.089587,9
145.908348,0.000000,7.622198,98.526082,9.108616,30.651452,7
163.667722,0.000000,9.557322,121.224914,0.000000,32.885486,8
169.277550,0.000000,12.541272,124.499733,4.924359,27.312186,8
170.366421,0.000000,2.223000,139.927978,0.000000,28.215443,9
164.784002,0.000000,1.064723,135.116391,0.000000,28.602888,10
167.476611,0.181861,18.113560,122.398970,0.000000,26.782220,10
158.281298,10.675264,0.000000,124.120394,0.000000,23.485640,10
154.118010,9.803217,6.811599,110.642628,0.000000,26.860566,11
175.170474,0.000000,3.914089,127.077129,0.000000,44.179256,13
165.786747,0.000000,0.000000,119.080909,9.294448,37.411390,12
167.010557,0.000000,0.000000,127.732616,19.906957,19.370984,14
132.983626,3.710306,0.000000,111.386886,2.639625,15.246809,11
125.038531,0.000000,0.000000,104.996348,1.081973,18.960210,11
116.415985,0.000000,11.508680,94.589888,0.000000,10.317417,11
135.298219,0.000000,11.516208,90.435243,2.118435,31.228333,11
153.354995,8.379158,11.969432,90.964940,0.000000,42.041465,11
146.466050,18.481408,0.000000,93.637002,4.737368,29.610272,11
140.715046,0.266852,9.848210,85.891093,15.213597,29.495294,10
149.088077,0.000000,31.585140,100.664031,0.000000,16.838906,10
156.760992,0.000000,32.502142,104.740907,7.513762,12.004181,11
162.832267,1.158519,42.018125,94.894565,0.000000,24.761058,12
171.486850,7.731570,37.242409,109.169034,0.000000,17.343837,13
165.070972,2.639625,35.107501,116.969596,3.193082,7.161168,13
198.240124,4.044639,70.946378,99.234914,0.000000,24.014193,14
207.730694,7.361563,67.353207,99.555650,7.690626,25.769648,14
185.992900,45.670040,27.541358,79.705918,0.000000,33.075584,12
199.923157,45.008895,32.787237,75.063247,3.363653,43.700125,13
215.422204,30.158130,55.124251,77.378063,0.000000,52.761760,14
222.883113,38.863758,53.492910,77.956217,0.000000,52.570228,14
224.929957,43.093345,60.191440,71.476139,33.724428,16.444605,15
187.536839,35.606308,39.456939,90.682884,0.000000,21.790708,13
190.874979,36.262587,42.712129,84.155145,0.000000,27.745118,14
205.479011,47.253234,40.767210,78.377212,5.700227,33.381128,15
180.745250,26.212008,89.075049,32.066996,20.447832,12.943365,14
169.167873,12.371057,112.473592,25.646410,0.000000,18.676814,13
194.056916,18.304863,104.641924,31.843390,0.000000,39.266739,16
222.323864,25.769648,110.630936,25.076663,0.000000,60.846617,18
226.859293,25.601208,107.944585,40.669363,3.489023,49.155114,19
220.104086,32.427836,99.181587,40.262407,24.502741,23.729515,19
196.027080,48.911057,81.603974,40.064624,0.000000,25.447425,18
173.113809,24.832781,118.009427,7.718775,3.972253,18.580573,19
162.740219,22.144832,117.749354,0.000000,0.000000,22.846033,20
196.036406,25.778730,118.962812,0.628691,0.000000,50.666173,21
192.820382,35.745318,111.370705,0.000000,0.000000,45.704359,21
173.651981,14.400049,105.734832,0.000000,0.000000,53.517100,19
159.246321,0.000000,101.516355,0.000000,1.223900,56.506066,18
169.269531,2.450284,106.216185,0.000000,42.850745,17.752317,18
153.026070,26.453067,101.911630,5.303500,0.000000,19.357873,14
160.141916,24.351096,100.745529,6.337317,0.000000,28.707974,15
164.385480,27.126429,100.818490,6.111500,0.000000,30.329061,16
153.170161,19.589796,100.074151,6.127045,0.782011,26.597158,16
149.664469,9.449172,104.389874,6.183956,0.000000,29.641467,17
156.898965,11.259210,111.411415,0.000000,0.064687,34.163653,18
172.859285,10.840036,108.450951,7.667900,0.000000,45.900398,18
185.039924,5.614466,113.528536,3.178153,0.000000,62.718769,18
184.814988,5.201480,136.524639,1.759066,17.250917,24.078886,19
185.091820,8.892351,146.013580,0.394662,0.000000,29.791227,18
178.540860,9.978121,145.376712,0.000000,8.676162,14.509865,18
200.480126,23.554159,137.398326,7.377237,0.000000,32.150404,18
203.165194,30.081906,136.502150,6.645847,0.000000,29.935291,18
215.184713,34.793172,128.318644,6.593784,0.000000,45.479113,19
226.834349,40.608352,127.150498,9.167718,13.763063,36.144718,21
240.787999,44.135554,115.938473,45.965894,0.000000,34.748078,23
224.520059,22.293461,112.963729,54.211934,0.000000,35.050935,24
234.990181,21.446920,114.871296,57.870948,0.000000,40.801017,26
248.294673,25.541829,111.333059,62.308587,0.000000,49.111198,27
283.250267,32.578948,108.864082,88.500987,0.000000,53.306250,30
280.432314,36.439561,115.191379,83.404777,0.000000,45.396597,30
278.191077,30.329061,121.657519,78.202733,5.762796,42.238968,30
273.606689,39.269710,143.752376,52.801552,0.000000,37.783051,29
269.174434,34.958805,143.674408,56.904066,0.000000,33.637155,29
285.746658,35.987406,144.991123,68.842913,0.000000,35.925216,31
275.926417,42.723245,159.722650,37.380371,0.988334,35.111817,29
266.045340,24.737560,165.595210,37.783051,0.000000,37.929519,30
265.105374,16.779288,188.044719,34.405939,0.000000,25.875428,33
260.737369,0.000000,178.095831,34.022318,4.271493,44.347727,31
253.685415,0.000000,185.019757,25.537050,6.811913,36.316695,30
262.695539,0.000000,201.230952,25.875428,0.000000,35.589159,30
259.566229,9.554775,183.917061,41.157826,0.000000,24.936567,29
273.135008,0.000000,180.798272,47.529721,0.000000,44.807015,30
266.648218,0.000000,186.014851,32.738950,17.069355,30.825062,30
298.416540,0.000000,176.758714,52.268409,0.000000,69.389417,29
290.437526,0.000000,170.633512,47.894417,9.311133,62.598464,28
284.849940,19.527008,164.350326,37.982621,6.092656,56.897329,28
265.406218,5.762796,169.310478,28.644246,3.282525,58.406173,24
262.550780,0.000000,179.786070,5.769947,7.936714,69.058049,23
275.981941,5.685363,171.274023,23.598939,18.790918,56.632698,24
275.013545,17.840363,172.632120,12.928884,30.181836,41.430342,19
232.859105,15.887111,170.781946,7.316345,1.482333,37.391370,14
255.847837,0.000000,184.613690,3.810143,0.000000,67.424004,15
276.247972,0.000000,191.702778,4.136101,0.000000,80.409093,17
284.744607,0.000000,186.341974,6.168266,4.166172,88.068195,18
284.861309,9.939031,177.336690,4.759706,5.752637,87.073245,19
307.446568,7.421461,174.081401,30.588933,0.000000,95.354773,20
322.060143,9.311133,181.894631,21.192656,4.533419,105.128304,20
322.008343,7.785457,178.838943,24.034827,14.721726,96.627390,21
302.805166,18.538125,167.477639,18.913651,9.801015,88.074736,19
301.012567,28.199479,164.795289,23.344761,0.000000,84.673038,20
264.019151,0.000000,154.605511,24.375208,1.839897,83.198535,19
259.350148,9.323212,159.411138,4.603178,9.479218,76.533402,19
257.728591,9.077589,174.218855,0.506000,0.000000,73.926147,22
278.596936,9.127514,165.926177,8.617785,0.000000,94.925460,23
289.725210,3.136128,183.627968,2.059618,0.000000,100.901496,24
312.940797,12.264900,179.289179,19.686586,13.988054,87.712078,27
288.932777,51.179448,150.954218,11.255260,0.000000,75.543851,24
300.119870,63.519701,137.443601,27.327552,8.546904,63.282112,24
273.475173,42.948478,140.728281,33.931913,20.945747,34.920754,22
273.967958,78.607117,147.929415,2.906218,1.819000,42.706208,22
251.789586,55.053086,158.879946,0.000000,0.000000,37.856554,22
256.253708,71.699080,145.987438,0.000000,0.000000,38.567190,22
254.279719,53.575415,156.767997,8.659928,0.000000,35.276379,22
263.719964,55.888921,158.511241,13.903717,3.163368,32.252717,23
258.652997,79.266369,129.505319,23.201262,8.224373,18.455674,24
245.296753,65.308362,128.303032,39.828336,11.857023,0.000000,22
230.711622,37.618753,140.068824,31.653245,5.616877,15.753923,17
232.571746,40.635787,142.648923,40.413149,8.873887,0.000000,18
248.851361,32.415381,138.011905,47.916763,15.648657,14.858655,17
262.923968,20.255788,137.790156,54.330665,0.000000,50.547359,19
304.244883,18.690061,135.581395,68.548996,0.000000,81.424431,20
292.217527,4.485678,132.424207,78.842454,4.824169,71.641019,20
286.008923,0.000000,142.187520,71.269279,8.265634,64.286490,21
291.874318,0.000000,144.281802,80.002492,0.000000,67.590024,20
298.852522,17.355359,139.624369,66.500957,3.778856,71.592981,21
260.093451,5.492679,140.509614,42.267182,27.239630,44.584346,16
241.452311,4.075264,136.531269,57.374985,6.911505,36.559288,17
305.348198,16.119590,118.020754,84.894659,0.000000,86.313195,21
301.133373,7.674651,119.841735,80.656644,0.000000,92.960343,22
274.457479,0.000000,108.634563,75.718439,7.637777,82.466700,21
268.692418,0.000000,115.867805,74.671214,0.000000,78.153399,21
279.173139,0.000000,118.316215,74.146607,0.000000,86.710317,21
262.667199,0.000000,112.941592,89.972904,0.000000,59.752703,20
275.580590,0.000000,108.340193,97.979416,14.190562,55.070419,23
268.117633,10.824569,121.379355,75.466977,0.000000,60.446732,22
247.140700,3.778856,114.596561,66.091368,3.207750,59.466165,20
245.304895,26.369681,116.867495,39.782553,5.810073,56.475093,20
241.454875,17.777244,104.936496,42.346218,3.142331,73.252586,20
250.575951,0.000000,112.169978,34.541042,0.000000,103.864931,18
255.268860,0.000000,115.522595,32.834116,16.912267,89.999882,18
239.176662,0.000000,119.091180,23.772432,2.584075,93.728975,16
259.424403,11.490244,109.471035,31.072840,8.876435,98.513849,16
243.794051,16.492132,105.830343,21.941525,0.000000,99.530051,16
242.952045,14.810716,98.814364,22.267966,20.907471,86.151528,16
231.679707,6.544463,110.641125,19.122109,0.000000,95.372010,16
229.441603,0.000000,117.672142,13.804967,0.000000,97.964494,15
237.615203,16.558189,112.050823,8.291776,12.768786,87.945629,15
243.945807,7.536707,125.574678,11.802030,8.178988,90.853404,16
244.478200,9.635508,132.183631,10.513984,9.926586,82.218491,15
259.616888,3.142331,141.706179,11.516157,0.000000,103.252221,16
268.405938,3.242055,141.845067,15.601221,0.000000,107.717595,17
284.826188,0.001000,145.709415,19.672126,0.000000,119.443647,17
298.987537,3.460224,146.519057,19.104101,8.156423,121.747732,17
383.978755,9.084061,145.009050,75.068292,0.834250,153.983102,21
378.883910,7.959388,138.010542,78.698227,0.000000,154.215753,21
392.809863,4.596740,141.570225,75.991697,11.931381,158.719820,21
397.308624,0.000000,146.566697,86.397547,0.000000,164.344380,22
412.684326,0.000000,167.090749,64.854157,5.655196,175.084224,22
410.740648,31.545951,141.852191,65.333389,0.000000,172.009117,23
390.223705,12.768786,141.879490,65.577473,6.910422,163.087534,21
425.759793,19.452211,147.140329,83.886977,0.000000,175.280276,24
417.200796,2.282474,154.362158,83.799919,0.000000,176.756245,23
453.567489,10.254534,152.817157,85.306028,4.467866,200.721904,24
439.283506,3.865348,167.228313,74.448948,7.880509,185.860388,23
432.018033,0.000000,204.306471,28.334389,0.000000,199.377173,20
436.234581,0.000000,209.391268,23.522712,5.571220,197.749381,20
434.102103,0.000000,211.912401,34.890249,21.682693,165.616760,21
440.797896,18.248983,196.228955,34.930049,6.183502,185.206407,22
483.764384,19.768218,216.905961,22.798090,0.000000,224.292115,24
518.386872,46.605174,184.553830,34.267925,15.849259,237.110684,26
556.763192,51.205928,188.184190,37.158409,5.600440,274.614225,27
559.184518,59.706226,180.126301,42.695112,5.761023,270.895856,28
553.176584,52.115935,168.051223,64.467414,12.861825,255.680187,29
556.528653,71.888250,142.745693,74.986979,5.925822,260.981909,29
548.367704,72.233009,143.709790,88.469638,0.000000,243.955267,29
544.454121,88.399139,136.943460,80.987827,4.258415,233.865280,30
525.262917,68.363117,148.009500,67.675766,0.000000,241.214534,30
524.603574,66.614150,154.745906,55.345592,0.000000,247.897926,29
520.022449,65.563487,168.610672,35.619116,0.000000,250.229174,29
522.941731,64.956121,167.223307,32.893071,0.000000,257.869232,29
508.953006,44.458999,160.623910,40.901429,0.000000,262.968668,29
481.068415,21.682693,194.823620,10.414280,1.005143,253.142679,27
468.328783,8.266489,203.673130,10.822790,22.417883,223.148491,28
470.003271,9.696392,225.367764,0.000000,2.449735,232.489380,27
490.191892,64.360430,171.696503,9.576314,0.000000,244.558645,27
496.566179,63.222707,180.115863,12.881746,0.000000,240.345863,28
501.017944,62.878390,180.817580,15.129442,0.000000,242.192532,28
494.267868,57.444421,194.408715,2.923785,6.521104,232.969843,28
481.574681,72.484262,174.701467,5.790862,0.000000,228.598090,26
492.860536,74.709453,181.032008,2.071731,0.000000,235.047344,27
493.269118,73.369251,180.685273,7.836282,0.000000,231.378312,28
491.951858,51.272928,205.115447,24.983244,0.000000,210.580239,28
474.203021,39.607409,208.370832,16.357538,6.560077,203.307165,26
460.761287,24.571192,200.599427,20.156623,7.934479,207.499566,25
455.722350,6.994212,214.303643,13.905651,15.262738,205.256106,24
458.070818,11.694569,208.579246,23.199217,0.000000,214.597786,24
479.933336,12.364665,208.407475,17.079580,0.271975,241.809641,25
492.036027,18.617913,199.584390,32.806059,14.756272,226.271393,27
487.304352,23.442010,209.699644,21.615467,0.000000,232.547231,27
469.884149,19.176998,211.287249,5.868728,5.557262,227.993912,24
479.244789,33.240673,205.723686,1.834150,0.000000,238.446280,25
464.044855,24.648819,197.576077,5.941507,9.649148,226.229304,25
455.493767,18.328206,194.838526,8.361121,0.000000,233.965914,24
474.877847,6.579589,204.535957,3.487984,11.061737,249.212580,24
475.439999,0.884304,204.726936,21.260185,7.632237,240.936337,24
474.636684,38.056481,178.571725,0.000000,0.000000,258.008478,23
477.183241,19.236107,184.973209,0.000000,0.000000,272.973925,23
470.890336,18.437444,182.347534,21.410938,13.965712,234.728708,24
465.489885,6.534510,202.709020,18.464629,1.663238,236.118488,25
447.387345,5.349493,203.813311,11.357040,9.342680,217.524821,24
444.206939,0.000000,212.510969,15.416430,12.623636,203.655904,23
431.845714,11.196414,188.721031,19.794381,4.259834,207.874054,22
418.295217,25.074053,178.406011,6.160401,0.000000,208.654752,21
437.948717,31.343188,175.563330,1.892836,8.520858,220.628505,21
439.105494,22.858114,175.314807,9.810266,0.000000,231.122307,20
441.664521,19.765004,184.383407,6.420696,12.286518,218.808896,21
444.965754,9.054358,186.208646,9.193917,0.000000,240.508833,19
436.025870,8.668964,170.768699,14.247052,11.209608,231.131547,19
403.863777,0.000000,168.444070,0.000000,0.000000,235.419707,15
422.807816,9.029224,167.319773,0.000000,0.000000,246.458819,16
415.959305,12.686701,160.417360,0.000000,12.471927,230.383317,17
409.881335,13.005934,159.883353,6.973782,0.000000,230.018266,18
427.381327,9.884631,160.717574,6.299582,0.000000,250.479540,18
449.327232,14.227502,166.215426,20.193687,7.444700,241.245917,21
438.115813,11.695392,169.295856,21.534027,8.066492,227.524046,20
451.446410,59.607983,134.552775,20.872407,2.587985,233.825260,22
427.977710,54.883446,129.608903,2.886353,3.647779,236.951229,20
446.476062,57.438060,128.383668,16.575570,11.159249,232.919515,21
420.286284,65.864936,103.077944,3.464978,0.528079,247.350347,18
434.694449,68.790839,98.201021,21.745486,0.000000,245.957103,20
447.272470,78.164891,75.299636,34.218566,0.000000,259.589377,21
451.363856,74.491404,79.167556,36.587174,0.000000,261.117722,22
538.278665,85.998818,100.173973,21.953986,0.376549,329.775339,27
546.588750,64.825890,98.162466,23.710460,0.000000,359.889934,27
563.961052,61.371884,104.304243,25.047144,19.579683,353.658098,28
546.382710,39.041108,104.997427,45.418922,0.000000,356.925253,26
532.520434,23.758760,121.053381,31.900733,35.862385,319.945175,25
523.236264,30.006849,143.580367,18.305197,0.878105,330.465746,23
527.394543,45.534158,134.024367,11.394450,0.000000,336.441568,24
517.858594,53.208803,122.406408,14.318375,2.604907,325.320101,23
536.616714,51.320866,117.266096,38.926138,0.000000,329.103614,27
538.711338,50.295369,123.160115,37.664754,20.872365,306.718735,27
503.469888,37.779311,134.827425,17.343972,5.575355,307.943825,21
508.117493,66.528107,108.906530,24.679595,0.000000,308.003261,20
549.936609,73.179975,107.401852,26.583607,0.000000,342.771175,20
556.983253,70.083305,107.135236,41.479070,0.000000,338.285642,21
555.226412,82.221684,97.642226,38.722856,7.734740,328.904906,21
561.064311,93.146665,103.246627,35.303996,0.000000,329.367023,22
560.082790,91.817094,111.283359,32.943653,7.350385,316.688299,22
536.130912,69.695452,113.145798,37.671828,0.000000,315.617834,21
537.800754,78.924011,120.443913,20.573738,0.000000,317.859092,21
551.862601,77.876495,138.201596,0.000000,17.300739,318.483771,21
542.980455,74.831612,143.623009,6.558484,12.569424,305.397926,21
523.564514,68.463553,140.060361,6.099213,7.641081,301.300306,21
512.560479,67.247563,136.333723,14.029582,0.000000,294.949611,20
538.517970,77.761330,136.573004,7.975965,0.000000,316.207671,23
538.251949,135.532220,80.174280,15.586513,0.000000,306.958936,24
552.547946,128.969299,71.105854,26.009319,0.000000,326.463474,22
553.984110,126.322270,68.671925,37.625771,16.602588,304.761556,23
540.990376,164.166229,56.414586,5.960119,9.291851,305.157591,23
535.860877,155.261654,75.646452,0.000000,0.000000,304.952771,23
549.184986,157.115216,80.240587,0.000000,0.446442,311.382741,24
563.911402,164.270923,61.129324,6.139886,0.000000,332.371269,24
574.073987,163.927480,64.645198,7.724013,0.000000,337.777296,24
574.661469,165.704318,70.197964,0.000000,0.000000,338.759187,24
568.179369,135.703822,64.895464,0.000000,0.000000,367.580083,22
569.203242,145.751916,56.407812,4.948058,14.779709,347.315747,22
559.649557,136.339589,72.001357,0.000000,0.000000,351.308611,21
577.136156,132.273522,75.215127,0.513512,0.000000,369.133995,22
562.409629,125.053289,70.588022,0.000000,0.000000,366.768318,22
574.543700,119.344931,95.890293,5.364625,6.754711,347.189140,25
567.222344,108.996711,95.115032,15.469923,14.085102,333.555576,25
601.604395,109.278062,100.600512,38.631402,2.062650,351.031769,27
606.183628,108.017972,85.800203,38.657962,18.332545,355.374946,23
602.811846,102.043250,92.846106,54.420713,0.037806,353.463971,23
598.720525,122.062883,64.803077,49.684665,0.000000,362.169900,23
600.235294,108.620320,73.899465,39.737992,0.000000,377.977517,24
610.518910,125.323212,60.897364,43.452624,5.788375,375.057335,23
630.161548,128.768737,55.684674,46.092093,0.000000,399.616044,24
626.253684,134.210452,51.747315,44.204492,18.191485,377.899940,23
528.486190,56.990507,37.410561,58.069521,4.190525,371.825076,15
533.169523,65.785962,33.347568,61.313936,41.840826,330.881231,16
512.023047,54.304721,57.775921,64.237810,7.430283,328.274312,14
519.677276,50.113299,61.103984,82.196574,10.479757,315.783662,16
505.918394,33.493481,83.854797,69.892937,15.887360,302.789819,16
494.745993,36.018109,85.995622,77.244542,8.052141,287.435579,14
515.241958,42.782244,111.111403,46.656705,0.000000,314.691606,13
542.532785,52.281146,131.837537,17.124660,32.584710,308.704732,15
498.334138,12.219677,131.713091,39.789474,4.938968,309.672928,11
500.115470,20.625663,109.700549,48.057448,0.000000,321.731810,11
506.352641,0.000000,108.034049,44.441664,0.000000,353.876928,12
512.686163,0.000000,112.822322,35.873007,15.668604,348.322230,12
522.348630,8.826303,111.380740,41.091035,33.444201,327.606351,14
519.372507,0.000000,120.937672,52.845959,0.000000,345.588876,13
509.546560,8.308993,102.349995,70.154584,0.000000,328.732988,13
495.785654,0.000000,96.723663,61.567908,8.319009,329.175074,13
483.540001,0.000000,98.117450,52.489286,0.000000,332.933265,11
545.442239,0.000000,108.625219,75.077707,3.603411,358.135902,18
541.148212,14.131590,108.311620,57.566893,7.568401,353.569708,19
531.284363,13.905933,96.629417,61.714726,0.000000,359.034287,19
534.612572,36.454577,75.061676,71.647613,5.593333,345.855373,21
524.719860,47.808036,83.959862,55.326276,7.507175,330.118511,20
525.922264,70.154584,70.304316,47.383883,0.000000,338.079481,19
543.789086,61.567908,91.479826,32.193984,22.220694,336.326674,21
556.189061,77.897381,85.964614,65.010134,0.000000,327.316932,22
550.948465,67.962649,88.998584,66.154914,0.000000,327.832318,24
551.466284,68.802786,83.324785,75.043591,0.000000,324.295122,25
523.141108,45.112787,85.172453,70.107872,8.310671,314.437325,24
547.619167,55.938981,102.076797,73.332396,3.872626,312.398367,25
543.118044,41.270864,123.018973,70.014318,10.198814,298.615075,24
523.477948,29.347408,146.777682,48.992974,8.155023,290.204861,21
511.057493,29.549640,127.545143,57.063713,0.000000,296.898997,20
519.424195,32.067107,137.365717,58.112316,10.573045,281.306010,21
506.225951,39.305951,132.553621,37.893008,9.031676,287.441695,20
512.611153,49.011981,119.598722,54.887632,6.444270,282.668548,19
509.666812,51.042414,117.251942,45.730577,0.000000,295.641879,20
512.608987,50.824830,119.520402,44.372466,9.752711,288.138578,20
486.485447,27.529814,112.366350,56.958217,6.361996,283.269070,18
479.255776,33.366887,86.662318,61.556574,6.775361,290.894636,17
460.254456,21.380365,94.443606,58.029723,13.232553,273.168209,16
500.967404,24.287334,95.907679,66.533120,0.000000,314.239271,17
522.706003,61.278128,63.420509,69.148585,0.000000,328.858781,18
537.594150,69.835725,80.881019,39.488790,5.432662,341.955954,18
528.663416,76.466365,83.718784,36.717692,0.000000,331.760575,18
551.308482,77.505061,77.874731,48.316510,0.000000,347.612180,19
556.272831,73.629823,75.792109,46.925738,0.000000,359.925161,20
560.188476,91.583190,58.475117,42.875000,9.617202,357.637967,19
539.772551,72.032437,71.636333,31.572048,0.000000,364.531733,19
544.744407,77.939213,66.649539,32.596316,5.254712,362.304627,19
518.545953,60.458468,59.978008,38.645168,0.000000,359.464309,18
522.749209,44.666311,67.676257,35.121362,0.000000,375.285279,17
514.813821,38.429413,77.110706,24.590870,0.000000,374.682832,17
539.676013,51.909213,59.058106,51.368510,0.000000,377.340184,21
548.650112,41.422216,44.505624,75.762402,13.418385,373.541485,22
559.470919,43.125712,51.137926,93.369856,0.000000,371.837425,24
560.609828,33.416506,52.801365,105.973883,0.000000,368.418074,23
555.264361,39.318424,39.629933,114.433852,0.000000,361.882152,23
594.623042,35.532268,33.438292,117.598907,0.000000,408.053575,23
597.479295,43.552338,40.317676,109.303940,0.000000,404.305341,24
592.322831,48.142302,50.082664,95.776217,0.223612,398.098036,25
596.241622,49.380633,59.542220,81.132428,0.000000,406.186341,26
587.539351,39.629933,69.390220,88.297173,8.150474,382.071551,26
591.572443,36.759849,72.562728,104.259889,0.000000,377.989977,27
600.047022,61.348195,57.802651,97.859139,11.598849,371.438188,27
569.518463,67.951470,66.601418,69.636383,0.000000,365.329192,23
585.677408,69.390220,80.109857,69.302228,9.242500,357.632603,24
571.470346,87.838810,64.396707,66.501438,0.000000,352.733391,24
589.664732,88.665796,63.408181,80.056872,0.000000,357.533883,26
592.647516,87.911607,65.597500,78.020231,9.889725,351.228453,25
589.283485,89.639467,59.964587,79.967155,13.363700,346.348576,24
558.014093,88.850775,61.513188,49.927017,1.912108,355.811005,21
567.562375,86.450887,53.445556,76.381536,0.000000,351.284396,23
588.702009,84.951877,54.328705,70.854522,0.000000,378.566905,22
585.370655,84.868488,41.293869,74.740119,7.847052,376.621127,21
570.271059,78.388299,33.910207,80.170052,0.000000,377.802501,20
567.702584,65.747098,30.052816,76.669310,0.000000,395.233360,19
573.644543,63.175312,36.252058,71.107799,21.943813,381.165561,19
581.941566,57.448204,41.961467,62.735466,0.001000,419.795429,19
586.125452,45.597142,51.349172,63.626286,0.000000,425.552852,19
610.708015,50.929955,47.830646,106.037591,0.000000,405.909823,20
616.291858,57.263191,56.639803,111.829949,0.000000,390.558915,21
606.390315,35.161607,62.969774,115.374856,8.138968,384.745110,18
570.781705,20.695563,49.691713,113.170748,0.000000,387.223681,16
572.093803,3.359328,49.691713,132.876561,0.335787,385.830414,17
570.552192,0.000000,64.729809,131.559181,0.000000,374.263202,17
566.819597,18.277351,43.528612,130.331631,0.000000,374.682003,18
557.238096,9.376646,38.358764,134.193208,0.000000,375.309478,16
562.393822,15.340701,27.478309,135.874652,0.000000,383.700160,17
560.320636,1.399136,47.735117,117.519133,0.000000,393.667250,16
564.173371,22.603435,34.966864,114.958126,0.000000,391.644946,17
567.666404,20.513768,45.686963,109.058751,0.000000,392.406922,17
564.351396,13.433192,46.852486,116.542100,7.149408,380.374210,19
551.134633,18.418774,35.442120,112.670344,0.000000,384.603395,20
527.597469,0.000000,56.025656,99.317839,11.246645,361.007329,19
527.009344,25.867680,43.271703,89.308005,7.641134,360.920822,20
523.707358,33.787507,32.539835,93.253995,0.000000,364.126021,20
508.884840,11.480628,38.345738,96.583391,0.000000,362.475083,19
538.374372,9.171308,31.177717,103.329843,0.000000,394.695504,18
553.688084,32.204048,8.457607,107.623836,0.000000,405.402593,20
535.972083,19.570020,18.871062,98.837030,0.000000,398.693971,19
590.266986,8.457607,40.428513,83.930839,11.345044,446.104983,18
603.905312,29.970165,25.658143,97.312876,11.347534,439.616594,18
589.302721,46.533396,5.000500,98.871184,8.653980,430.243661,16
561.142586,24.933131,14.750887,93.463804,0.000000,427.994764,14
561.884466,44.394850,12.710749,81.594607,0.000000,423.184260,15
559.457183,40.027234,9.907513,87.794067,0.000000,421.728369,16
556.720451,43.516722,8.967177,91.114279,0.000000,413.122273,17
578.931057,44.153183,18.894696,101.359773,8.857257,405.666148,19
602.740910,42.604413,18.768631,119.442990,7.915998,414.008878,21
587.302111,38.561848,13.298462,120.355431,0.000000,415.086370,19
585.618096,46.387285,48.727594,61.189836,23.322913,405.990468,16
591.187605,60.330477,49.332891,75.574631,25.968802,379.980804,17
534.594141,7.616985,48.522240,98.772051,2.328003,377.354862,13
530.697714,0.000000,51.701479,99.291891,0.000000,379.704344,12
525.993931,4.000600,59.643697,87.733943,0.000000,374.615691,12
528.986713,33.651776,29.532252,97.663362,6.063122,362.076201,12
525.942638,9.137206,36.190194,99.328302,0.000000,381.286936,12
514.286520,0.000000,39.361742,95.441378,0.000000,379.483400,11
517.980464,7.915998,30.458560,94.932141,0.000000,384.673765,11
511.739767,1.191357,35.885272,84.460908,10.828541,379.373689,11
529.343003,3.540331,50.026804,84.808720,0.000000,390.967148,12
555.327961,23.322913,34.620622,88.711938,0.000000,408.672488,13
555.257285,29.980541,32.529959,82.713523,1.553978,408.479284,14
550.303718,26.850303,36.848790,77.399411,0.000000,409.205214,15
551.813288,28.293554,31.636595,90.766388,7.819148,393.297603,16
543.989024,18.649333,21.683112,106.245715,4.183130,393.227734,17
546.989208,16.340317,26.436324,115.992687,0.000000,388.219880,19
551.279959,14.498080,30.076780,116.937430,0.000000,389.767669,19
557.690153,29.486185,18.079865,113.146942,0.415379,396.561782,19
539.081851,18.597500,18.574662,96.592363,0.000000,405.317326,17
555.766644,13.079365,25.567800,98.192256,1.615421,417.311802,18
571.437997,0.000000,11.001149,90.902484,5.939492,463.594872,12
582.496010,0.000000,24.395227,106.040326,9.032355,443.028102,14
556.152111,0.000000,4.183130,103.187590,0.000000,448.781391,13
566.548028,0.000000,9.791687,102.311686,7.289649,447.155006,15
560.610167,10.304527,0.000000,102.570208,3.958174,443.777258,15
546.934887,0.000000,0.000000,97.033228,10.526764,439.374895,13
552.048320,6.500308,49.128413,40.600198,5.263632,450.555769,12
546.537016,8.202200,48.171477,27.146536,0.814872,462.201931,10
555.346494,10.319864,46.861395,34.277356,0.000000,463.887879,11
543.432760,4.000600,35.257736,48.824152,0.000000,455.350272,11
557.290060,10.563049,27.833894,52.412243,4.898127,461.582747,11
545.612676,6.019608,51.706809,51.155555,0.000000,436.730704,11
529.665089,7.368149,41.363545,60.532767,0.000000,420.400628,10
531.923094,7.232420,44.340825,53.930264,21.165656,405.253929,10
508.992904,26.771447,47.513201,35.487244,6.388143,392.832869,7
503.771239,31.140970,37.126699,41.205394,0.000000,394.298176,6
501.146612,33.497004,38.339358,39.013457,0.000000,390.296793,7
502.785193,53.930264,21.165656,42.493713,6.297187,378.898373,7
490.457020,38.558551,30.146565,56.680900,9.370580,355.700424,8
491.282956,38.483496,24.689706,69.081839,7.806671,351.221244,10
483.708715,36.044612,20.959668,72.114670,0.000000,354.589765,10
534.417289,40.283141,24.077157,73.846220,0.721009,395.489762,12
542.623478,48.198776,21.757780,64.394892,0.000000,408.272030,13
519.291099,33.262867,13.878448,90.582832,0.000000,381.566952,13
509.276834,29.339041,23.227110,77.170983,0.000000,379.539700,13
470.758469,0.000000,12.124616,71.911975,0.000000,386.721878,10
478.091315,0.000000,17.792012,69.903787,0.000000,390.395516,11
494.529407,0.000000,22.537817,70.632139,0.000000,401.359451,12
495.630577,8.382805,6.418089,76.514451,0.000000,404.315232,12
485.784822,0.721009,4.400560,83.016401,17.326199,380.320653,12
499.439101,10.687800,23.991401,76.156251,0.000000,388.603649,13
498.993916,25.698269,20.433856,70.839077,5.036992,376.985722,13
462.992212,12.771365,7.428887,58.722870,0.000000,384.069090,11
467.822856,16.540044,6.885024,56.815194,0.000000,387.582594,12
472.727447,14.313911,20.142596,45.152202,0.512131,392.606607,11
464.316965,4.967510,15.158243,45.198133,43.500867,355.492212,8
476.129323,0.000000,31.849803,78.160940,6.785290,359.333290,9
477.833389,7.946395,40.245821,70.341711,0.000000,359.299462,10
477.694739,22.575594,49.855366,60.126943,6.405590,338.731246,11
466.597403,4.977348,70.549518,43.499343,0.000000,347.571194,8
466.125878,12.369104,62.556696,44.336958,19.832409,327.030711,8
480.883127,32.839230,43.115265,64.521275,2.941883,337.465474,8
455.842203,19.626253,43.645111,59.252345,0.000000,333.318494,8
456.256055,33.059161,29.092597,61.906645,18.350867,313.846785,9
439.911253,37.148085,7.675655,69.097628,0.000000,325.989885,9
442.437535,30.202558,14.335001,65.065864,0.000000,332.834112,10
425.295757,18.033815,15.743479,61.144820,8.659227,321.714416,9
452.020175,31.201509,51.311469,27.056644,8.365717,334.084836,12
473.423328,37.770007,47.321826,27.331684,0.000000,360.999811,13
479.581601,35.418644,51.453279,53.906206,5.319617,333.483855,14
466.624975,21.386121,90.370667,31.276980,0.000000,323.591207,14
478.049598,32.618986,81.385460,30.476568,7.788009,325.780575,14
470.012558,36.863543,69.569181,39.796896,0.000000,323.782938,13
473.673069,30.289649,77.375636,31.915819,0.000000,334.091965,14
470.677272,20.534375,92.171783,28.662553,0.000000,329.308561,15
480.371023,27.056644,91.293878,27.409938,7.472720,327.137843,15
523.381001,42.884257,85.481063,33.203615,0.000000,361.812066,18
554.542686,54.700898,83.267891,38.730975,0.000000,377.842922,21
562.662242,59.225823,76.714706,42.230429,0.000000,384.491284,23
568.187055,66.664094,67.273525,43.625290,5.346087,385.278059,23
554.658305,73.199320,56.628091,37.861936,0.000000,386.968958,22
544.382517,78.343739,42.072448,38.233622,0.000000,385.732708,21
578.193090,69.455078,50.470475,72.264683,1.288000,384.714854,23
569.224247,61.608513,47.206201,70.312518,0.000000,390.097015,24
567.341184,59.120536,44.888995,69.160179,0.000000,394.171474,24
566.889117,52.400508,41.387676,68.003002,0.000000,405.097931,24
565.714350,49.680818,39.236240,79.611430,0.616323,396.569539,25
573.395343,52.393961,43.811901,77.877230,0.000000,399.312251,25
597.946635,33.203615,60.475100,80.066464,0.000000,424.201456,26
626.856685,30.395383,64.814317,68.793148,0.000000,462.853837,27
631.488460,38.729975,63.929091,68.561995,0.000000,460.267399,28
613.856687,14.493612,71.975403,68.378154,0.000000,459.009518,24
614.010282,13.512119,85.167034,49.771388,0.000000,465.559741,24
618.964089,18.393391,91.513129,51.106675,0.740883,457.210011,25
635.830510,7.289804,100.576433,61.428141,15.316103,451.220029,24
592.083680,0.000000,95.100091,45.125304,0.000000,451.858285,20
629.411973,5.095427,90.700677,89.835301,6.794529,436.986039,25
623.781925,22.896139,85.992681,81.508944,0.000000,433.384161,24
655.390499,31.828976,75.110242,90.269136,6.816462,451.365683,24
698.971509,37.858144,81.666218,101.015976,0.000000,478.431171,28
704.085761,33.023850,83.205525,115.901819,4.672664,467.281903,29
693.852355,22.047928,87.553632,118.332393,8.408999,457.509403,28
678.682828,30.688193,73.031987,125.677815,0.000000,449.284833,25
678.522662,28.402006,88.069181,113.713629,0.000000,448.337846,25
684.964230,28.522109,84.747930,111.863014,6.081897,453.749280,25
687.157656,10.116924,87.867310,120.641383,7.580151,460.951888,22
682.038064,19.851887,71.967427,129.691785,1.259616,459.267349,23
688.339991,15.733434,75.852747,127.006730,0.000000,469.747080,22
667.087034,0.000000,91.894950,103.090146,0.000000,472.101938,22
664.459559,0.000000,91.726102,98.741117,9.049745,464.942595,22
658.243121,20.043816,77.715473,95.005437,0.000000,465.478395,22
670.147425,26.455263,97.823837,66.502919,0.000000,479.365406,22
688.701036,24.472928,96.422918,83.216667,9.216573,475.371950,25
688.246564,25.241680,105.545868,81.697128,4.445000,471.316888,26
664.316725,0.000000,102.836527,78.744398,0.000000,482.735800,24
667.967531,0.000000,101.558555,82.657427,0.000000,483.751549,25
671.529633,0.000000,105.254383,71.869052,0.000000,494.406198,25
679.002258,13.778228,91.995651,86.531468,0.000000,486.696911,26
691.047382,14.787140,95.947944,88.609649,0.000000,491.702649,26
680.411649,9.174567,105.756618,83.921643,0.000000,481.558821,24
662.847820,0.000000,100.671741,80.383858,3.967545,477.824676,23
700.087134,0.000000,95.050386,87.641557,0.000000,517.395191,24
708.086614,8.249347,77.892781,88.919919,0.000000,533.024567,24
710.086026,3.568482,75.175916,98.017802,4.646761,528.677065,24
729.581208,0.000000,82.146562,115.245971,7.616133,524.572542,25
728.683417,0.000000,82.566611,127.716177,0.000000,518.400629,26
760.228841,0.000000,88.949392,123.268812,5.993056,542.017581,26
783.260974,10.149062,80.439411,135.700242,0.032493,556.939766,28
775.216095,0.000000,90.952370,129.053404,0.000000,555.210321,27
775.620130,0.000000,103.682297,121.879071,0.000000,550.058762,27
769.574740,0.000000,116.791147,108.761111,8.952360,535.070122,27
771.186205,0.000000,122.117002,108.409578,7.134957,533.524668,27
20.983321,0.000000,0.000000,6.534274,14.449047,0.000000,1
23.102426,0.000000,12.781406,9.329335,0.000000,0.991685,1
42.383318,8.082384,10.321020,3.321563,8.206763,12.451588,3
29.849591,4.313248,0.000000,11.173568,0.000000,14.362775,3
34.319071,11.173568,0.656672,0.000000,0.000000,22.488831,2
38.781889,7.930072,11.901775,2.656984,6.446271,9.846787,4
27.513438,8.782728,14.443758,0.000000,0.000000,4.286952,2
15.096255,0.000000,4.363002,1.348114,1.089538,8.295601,2
22.664737,1.089538,2.553650,5.741951,13.279598,0.000000,1
25.103032,0.136122,13.577533,9.131798,2.257579,0.000000,1
14.958653,2.170871,12.787782,0.000000,0.000000,0.000000,2
98.434807,2.257579,39.830179,6.504414,0.000000,49.842635,5
91.654416,0.000000,46.183680,0.000000,0.000000,45.470736,5
99.826744,0.000000,62.743697,0.000000,2.909332,34.173715,6
92.588714,14.461788,43.684142,14.416826,2.483021,17.542937,6
105.409950,4.236940,47.166728,16.648344,0.000000,37.357938,7
133.015634,0.000000,49.842635,24.853283,2.821231,55.498485,9
245.822069,0.000000,31.977288,71.253350,0.000000,142.591431,14
236.974469,0.000000,37.083047,65.899131,11.236256,122.756035,14
202.552584,0.000000,55.715189,32.193748,6.528125,108.115522,11
210.557799,4.647205,63.330113,35.390755,6.619656,100.570070,11
208.244141,0.000000,69.523594,26.177111,23.456145,89.087291,10
180.850607,0.583902,81.243102,7.911168,0.000000,91.112435,6
181.860321,20.836296,68.317974,3.903369,0.000000,88.802682,6
184.762806,3.246987,68.974356,7.663342,0.000000,104.878121,6
198.765512,7.526563,74.482209,8.327305,12.518885,95.910550,7
212.628647,16.138479,54.796356,7.552873,2.661162,131.479777,8
241.382547,21.326455,48.626699,15.136568,3.341499,152.951326,10
234.335150,45.695143,27.589532,12.481790,3.320826,145.247859,11
225.332573,37.500276,13.228575,23.445799,1.593616,149.564307,8
234.095474,31.834133,34.013212,7.568044,0.000000,160.680085,8
245.557017,27.589532,27.332544,19.317171,4.988137,166.329633,9
229.787563,26.738062,44.375359,8.143043,26.622760,123.908339,7
211.420822,39.156062,52.438433,10.601788,8.527420,100.697119,5
187.822475,36.993957,36.613075,17.859617,0.000000,96.355826,3
267.317915,46.864635,39.023340,44.359161,0.000000,137.070779,9
297.368567,61.252755,26.635986,64.914728,0.000000,144.565098,12
295.943648,53.134438,42.515156,62.139916,17.272316,120.881822,12
282.538135,45.445716,47.945548,55.626948,0.000000,133.519923,13
287.639666,45.406038,55.990947,53.109670,6.704555,126.428456,14
279.056308,51.751284,48.047225,61.005812,0.000000,118.251987,14
280.643967,46.261874,59.381531,55.539442,0.000000,119.461120,15
286.798719,56.223691,54.366508,61.719102,14.258146,100.231272,17
277.094118,55.465323,69.632898,31.130292,1.911548,118.954057,15
270.867573,87.983755,25.524847,28.131141,17.258143,111.969687,13
273.056766,97.892603,20.176422,44.065541,13.768117,97.154083,14
282.732115,129.422987,35.336606,0.000000,16.915562,101.056960,13
312.563775,133.548549,25.132283,17.527688,0.000000,136.355255,15
317.211713,147.158969,8.869009,24.926507,0.000000,136.257228,16
285.479928,117.702838,10.384603,30.871423,9.082217,117.438847,14
276.076343,112.985192,15.937019,30.797491,7.118932,109.237709,13
276.121950,109.705679,12.919369,46.315145,18.969273,88.212484,13
259.683364,103.811270,19.891186,61.103320,0.000000,74.877588,13
264.307835,109.871840,16.806022,70.777493,10.477070,56.375410,14
267.400975,114.385093,14.842737,80.011875,0.000000,58.161270,15
276.780727,121.848927,11.581222,85.340814,0.000000,58.009764,17
257.970648,107.314804,46.296969,46.641369,0.000000,57.717506,17
282.120968,103.224023,56.350639,50.831118,0.000000,71.715188,19
299.870357,106.322758,59.856732,51.374910,28.134075,54.181882,21
253.787243,99.956402,47.002540,64.118739,22.110100,20.599462,19
230.230513,92.588136,30.519902,88.606077,11.918457,6.597941,18
241.219152,89.347388,37.244535,98.982747,0.000000,15.644482,20
251.979067,89.958310,30.602936,102.063479,8.869479,20.484863,21
228.440371,73.040714,31.317161,94.155258,11.152671,18.774567,20
212.058311,50.499166,28.135075,125.381386,8.042684,0.000000,19
215.522954,48.959122,29.955194,132.263650,4.344988,0.000000,19
231.371266,46.489370,80.548492,86.472389,0.972770,16.888245,18
228.209337,62.265821,85.184095,71.197670,8.301832,1.259919,17
241.037380,70.121113,66.389994,92.122847,12.403426,0.000000,16
207.735211,48.431736,66.679597,92.623878,0.000000,0.000000,15
194.611436,33.988611,59.560724,101.062101,0.000000,0.000000,15
195.561639,30.403421,64.103714,93.854705,0.000000,7.199799,16
225.488132,36.952672,78.665839,89.761448,20.108173,0.000000,18
217.645495,29.077126,73.507507,108.018766,0.000000,7.042096,18
219.503505,33.515917,73.123719,107.784842,0.000000,5.079027,19
207.400489,8.869479,96.888475,87.889442,0.000000,13.753093,17
202.980908,0.000000,105.236361,75.121002,14.662176,7.961369,17
195.383781,32.684019,84.767178,62.602773,0.000000,15.329811,17
203.961952,38.660149,80.304049,68.261373,0.000000,16.736381,17
183.859867,28.074959,90.799997,55.011520,9.878061,0.095330,17
209.786335,19.120934,96.912698,75.942002,0.000000,17.810701,18
210.227192,42.349384,75.121002,84.067159,0.000000,8.689647,18
210.605048,36.005549,80.846112,83.763306,9.990081,0.000000,19
237.914596,34.930406,71.696479,96.681093,0.000000,34.606618,19
280.445075,29.013711,77.691979,134.294304,0.000000,39.445081,24
277.972361,24.827319,87.905975,111.763067,0.000000,53.476000,24
308.825017,31.051300,83.414750,123.183385,0.000000,71.175582,26
308.554910,37.174982,83.314622,123.791838,0.000000,64.273468,26
309.855800,35.372711,80.075652,132.465433,5.231246,56.710758,26
291.305047,26.051664,93.753387,113.276785,0.000000,58.223211,27
293.832380,47.822676,80.248233,113.228266,0.000000,52.533205,27
262.571819,15.329811,80.869504,108.987209,11.469400,45.915895,24
213.658875,17.287671,64.161043,91.985089,2.205026,38.020046,19
221.728747,11.127379,61.724020,81.724178,0.000000,67.153170,20
224.500140,24.054898,53.813347,89.261440,4.370311,53.000144,21
216.445149,48.548345,40.563363,76.830476,4.362966,46.139999,20
210.647570,60.025541,31.472204,70.991709,36.466231,11.691885,20
188.007107,81.531733,0.000000,98.432919,8.042455,0.000000,16
234.115845,57.983899,0.000000,131.111733,0.000000,45.020213,17
238.941910,61.942004,0.000000,122.807200,0.000000,54.192706,17
243.887045,61.081069,0.000000,118.437889,23.402219,40.965868,18
223.412068,52.263793,18.149530,123.176170,16.422768,13.399807,16
228.732824,67.998071,40.058317,103.523635,0.000000,17.152801,17
248.102606,66.727908,52.091412,92.554027,0.000000,36.729259,18
271.053060,70.366970,63.958563,90.115274,4.286286,42.325967,20
280.164448,92.910341,53.167445,89.152128,4.799755,40.134779,20
282.378449,93.014093,55.924809,96.737979,13.064249,23.637319,20
276.079590,100.927587,59.649551,91.707314,0.000000,23.795138,20
282.529879,118.436889,58.175720,81.095670,14.001000,10.820600,21
264.502012,81.785732,57.015619,95.563610,0.000000,30.137051,19
281.505974,81.123294,51.508326,99.745453,2.279116,46.849785,20
302.092206,91.739606,41.135557,106.141889,3.973817,59.101337,22
307.675077,104.067216,47.215400,97.746442,4.556731,54.089288,23
281.893026,87.846162,54.591676,84.329927,0.000000,55.125261,21
268.246742,70.143793,68.687920,71.634454,0.000000,57.780575,18
241.455056,45.095061,70.407391,64.118462,0.000000,61.834142,18
231.733649,32.958579,76.004838,60.741407,0.000000,62.028825,19
258.862441,35.617555,69.756134,82.193937,10.081401,61.213414,21
249.291459,37.514123,50.161945,91.786095,0.000000,69.829296,19
244.113796,35.140396,59.273667,80.181521,10.292554,59.225658,19
240.356913,36.701568,61.094131,89.349931,9.714314,43.496969,20
228.026836,34.615738,60.638790,92.849962,14.574716,25.347630,20
239.212633,40.020784,56.547029,88.610449,0.000000,54.034371,20
225.208668,24.100431,52.687185,83.007324,0.000000,65.413728,18
246.407222,16.359653,63.821868,78.739346,9.832302,77.654053,18
238.017629,10.126036,65.417815,81.247777,14.250247,66.975754,17
220.772921,31.636548,61.213414,62.309957,12.593324,53.019678,13
187.014033,16.993915,53.449297,65.413728,0.000000,51.157093,10
183.868889,12.380464,78.845143,41.005779,5.699027,45.938476,11
163.119646,0.000000,79.321340,33.660250,9.988612,40.149444,10
184.328577,15.515328,51.410358,54.070086,0.000000,63.332805,12
165.003191,0.000000,51.117339,49.461455,2.042318,62.382079,9
163.219285,17.762005,60.667207,14.142233,2.666516,67.981324,10
155.631911,5.707236,56.262185,27.461275,13.065457,53.135758,10
152.173717,15.554909,40.149444,34.784784,13.562540,48.122040,9
123.622190,0.000000,37.862247,45.914943,12.466341,27.378659,7
119.928739,0.000000,34.283834,37.151700,0.000000,48.493205,5
124.270004,0.000000,36.998505,39.748244,8.006327,39.516928,6
94.444018,8.682303,14.270821,35.408354,12.822080,23.260460,4
89.772983,12.466341,0.000000,49.280899,0.000000,28.025743,4
87.182979,0.787694,7.977731,47.523255,21.017962,9.876337,5
88.526949,18.573618,51.837609,0.000000,18.115722,0.000000,4
93.880864,14.379215,56.096833,18.317691,0.000000,5.087125,4
110.079287,21.902240,56.017802,25.594485,6.564760,0.000000,6
86.207941,7.172519,67.431987,11.603435,0.000000,0.000000,5
71.484835,0.000000,65.898996,5.585839,0.000000,0.000000,6
76.972401,18.115722,35.478879,8.099761,0.000000,15.278039,7
74.788672,9.316562,27.881358,27.563060,0.000000,10.027692,9
67.237639,5.087125,28.524895,21.986504,9.873586,1.765529,9
45.570255,0.000000,28.400132,12.675190,4.494933,0.000000,7
59.116912,0.000000,27.717166,31.399746,0.000000,0.000000,9
102.689814,5.833556,25.311881,69.498127,0.000000,2.046250,12
124.153474,6.346519,24.863513,66.866884,9.089948,16.986610,12
119.844730,0.000000,12.224018,85.917639,3.943881,17.759192,11
100.920761,7.156619,34.016750,44.114081,0.000000,15.633311,10
100.723488,9.216231,30.701575,36.531369,0.000000,24.274313,9
92.359236,14.157225,17.765008,37.129711,0.000000,23.307292,10
112.813373,16.429339,34.536069,31.236721,0.000000,30.611244,12
99.956106,8.057066,28.643530,35.060381,0.000000,28.195129,11
105.840692,2.046250,27.297216,51.851083,0.000000,24.646143,13
104.516847,16.426602,12.240040,61.186148,14.664057,0.000000,13
96.750679,3.244945,16.788902,59.883325,5.933910,10.899597,11
111.498019,5.344123,14.289588,75.746542,5.915688,10.202078,13
118.662525,5.990208,19.138105,77.876428,0.000000,15.657784,14
128.527937,17.319105,5.136208,79.358979,4.473621,22.240024,12
126.931230,11.161606,9.987474,78.410530,0.000000,27.371620,11
145.031301,0.000000,17.490638,97.427007,10.986563,19.127093,12
154.414260,0.000000,31.170742,96.215088,3.274164,23.754266,12
139.587417,3.662605,20.057895,98.974960,0.548058,16.343899,14
144.746179,3.418946,26.332514,88.431785,0.846397,25.716537,15
144.765440,8.630451,27.017363,88.558450,8.207543,12.351633,16
123.717606,0.000000,26.384137,86.120262,0.000000,11.213207,14
158.238754,0.000000,46.612723,72.706981,0.000000,38.919050,16
162.970568,0.000000,56.332515,60.093154,0.000000,46.544899,15
179.492540,0.000000,52.194207,91.368848,14.933892,20.995593,18
184.456629,0.000000,50.739544,104.149938,13.291922,16.275225,17
135.974556,3.341231,16.343899,92.659721,2.857857,20.771848,12
132.072806,0.000000,26.458203,91.123760,6.034570,8.456273,11
123.240716,12.351633,25.910616,79.703987,5.274480,0.000000,12
122.434792,21.910016,18.115720,73.650467,0.000000,8.758589,10
165.701447,31.611007,14.933892,80.168899,0.000000,38.987649,12
156.463160,26.536061,4.633125,81.754101,0.000000,43.539873,11
163.214173,26.311529,16.362468,75.825564,15.114060,29.600552,12
154.874937,8.357652,20.716741,82.504645,0.000000,43.295899,13
153.483959,0.000000,23.629705,72.710178,7.132070,50.012006,13
136.192862,0.000000,11.578693,70.516146,22.493885,31.604138,12
120.134156,0.000000,22.430458,60.472005,21.330539,15.901154,8
117.981121,10.433931,22.335391,67.121165,0.000000,18.090634,8
110.770459,22.335391,0.618915,67.226720,0.000000,20.589433,7
122.208157,38.936412,7.056333,51.710953,0.000000,24.504459,8
136.274319,27.790384,7.107728,60.660202,15.465229,25.250776,9
166.520374,31.878546,29.728326,61.784948,22.979586,20.148968,10
135.663802,21.330539,30.931876,57.269484,3.451537,22.680366,9
163.627725,0.000000,33.960146,58.516397,0.000000,71.151182,8
162.133511,15.030722,21.679599,61.721788,0.000000,63.701402,9
163.220776,20.439167,44.358921,71.840531,0.000000,26.582157,10
150.154753,5.991492,54.349147,59.831702,0.000000,29.982412,9
160.734019,18.632287,55.868420,38.443394,1.335635,46.454283,11
154.844448,0.000000,72.376594,20.484049,21.127113,40.856692,13
130.712345,7.934633,48.796288,34.810838,0.000000,39.170586,10
137.102745,9.017259,42.775548,32.576664,0.000000,52.733274,11
126.837386,0.000000,55.977809,19.364662,9.509639,41.985276,12
111.604903,2.607945,62.011182,3.712750,25.027835,18.245191,11
118.054541,1.335635,73.981424,14.325033,6.747845,21.664604,9
122.606961,4.126019,89.829126,5.032845,3.065021,20.553950,8
127.144177,34.458304,60.403667,5.498210,0.000000,26.783996,8
133.392004,27.375287,65.611750,9.236187,0.000000,31.168780,9
143.900092,19.364662,71.229812,17.547809,0.000000,35.757809,11
141.731101,21.492030,58.622356,22.284206,1.762650,37.569859,9
147.730113,28.740585,50.528397,16.651852,9.523763,42.285516,10
124.428618,13.244691,53.935558,19.104957,7.231045,30.912367,10
159.800275,9.236187,53.305618,23.774960,0.000000,73.483510,8
147.335686,0.000000,48.347748,33.700000,7.038795,58.249143,7
153.972829,1.269231,51.809279,17.786677,14.561474,68.546168,5
135.798868,43.259954,16.473296,0.000000,11.960675,64.104943,5
93.413613,7.073186,30.546692,8.571571,9.146619,38.075545,4
99.078424,7.549807,40.715075,19.716079,5.020578,26.076885,6
134.451023,0.000000,45.505275,23.339907,0.001000,65.604841,6
144.109612,17.718190,35.470093,1.694139,8.672731,80.554459,8
110.689624,8.576263,17.500622,17.714798,0.000000,66.897941,8
107.290990,3.310904,34.293567,0.000000,0.099755,69.586764,7
110.191650,2.605452,39.617352,0.000000,0.000000,67.968846,7
129.683476,12.737997,35.006815,13.098404,0.000000,68.840260,8
124.584248,22.691377,22.697882,20.769707,14.395493,44.029789,10
76.391354,17.873227,9.599434,7.500250,0.000000,41.418443,3
75.984650,27.099287,0.012736,0.000000,0.000000,48.872627,3
71.762400,21.908479,0.557604,0.000000,0.000000,49.296317,3
102.238787,17.670024,6.142898,5.056833,0.000000,73.369032,5
111.182500,15.300293,20.068361,4.730257,0.000000,71.083589,7
112.458153,6.713238,34.705205,0.000000,8.448214,62.591496,9
112.483924,42.172125,2.194294,0.000000,0.000000,68.117505,6
105.535574,28.263687,8.113310,0.000000,18.377920,50.780657,6
87.467993,26.188311,8.751133,8.781216,12.277713,31.469620,3
99.291310,27.472524,21.058929,7.502864,0.000000,43.256993,5
101.193792,42.377371,4.636396,14.364729,0.000000,39.815296,5
128.292483,39.436849,7.502864,35.028587,0.000000,46.324183,7
130.187632,37.312926,14.277482,33.076287,18.653403,26.867534,9
143.188311,39.056436,14.680391,53.481214,7.247158,28.723112,10
159.421657,32.472824,30.769621,41.648494,2.549418,51.981300,12
177.850035,26.259729,42.686330,54.797374,0.000000,54.106602,12
178.374297,33.076287,33.999001,62.877327,7.029867,41.391815,12
184.379622,50.730118,13.772328,77.358047,18.558055,23.961074,13
168.557399,7.247158,48.334670,72.259274,1.398240,39.318057,11
153.118460,6.902556,91.346924,9.302865,5.500962,40.065153,9
132.331273,9.620891,64.037623,12.628561,9.964628,36.079570,7
112.643442,0.000000,58.089618,26.261143,0.000000,28.292681,7
110.789860,0.000000,50.544446,33.816095,0.000000,26.429319,6
105.591137,0.000000,60.703156,22.972926,0.000000,21.915055,6
108.360680,0.000000,59.555617,17.079387,19.731478,11.994198,7
92.651877,0.000000,60.038333,22.547512,9.178164,0.887868,7
87.275831,0.000000,80.364236,0.000000,0.000000,6.911595,8
90.789082,0.000000,83.274231,0.000000,4.000600,3.514251,9
94.151356,0.000000,69.130357,7.971876,4.184050,12.865073,10
93.658469,0.000000,68.195893,21.506748,3.955828,0.000000,11
93.335668,0.000000,63.117385,14.000233,10.547514,5.670536,9
86.463320,0.000000,71.672072,10.217650,4.573598,0.000000,9
92.548648,1.734794,75.994211,14.819643,0.000000,0.000000,13
103.155618,2.816034,79.042854,17.645302,3.651428,0.000000,14
109.401339,0.887868,77.931788,15.090581,15.491102,0.000000,14
130.306080,0.000000,103.735119,3.515025,0.000000,23.055936,12
143.432676,0.000000,102.792519,25.036573,0.113983,15.489601,16
137.622868,4.547114,115.413621,0.000000,14.935370,2.726763,18
132.344600,13.192164,112.883976,0.000000,0.000000,6.268460,18
164.249466,11.324213,111.507407,0.000000,4.939382,36.478464,19
177.045001,8.395511,113.510814,12.969297,7.784937,34.384442,20
178.701368,15.837194,113.578892,8.238567,7.187341,33.859374,20
181.794886,19.342364,122.004200,18.476986,8.266485,13.704851,20
171.687914,40.442769,119.672588,5.060323,0.000000,6.512234,20
132.223974,1.266696,116.199427,1.528625,0.000000,13.229226,16
169.811031,14.408821,103.584755,21.113238,4.496953,26.207264,19
192.577296,16.095332,114.148005,20.911770,0.000000,41.422189,19
191.429065,25.642648,104.701253,30.704217,0.000000,30.380947,20
220.265433,26.809559,102.385387,49.687470,2.384981,38.998036,22
199.075533,1.329078,113.079029,43.097046,0.000000,41.570380,20
217.181227,0.000000,110.771963,47.453361,9.627488,49.328415,21
222.614160,0.000000,100.386433,60.597246,11.836753,49.793728,20
234.594785,15.724230,100.595314,65.535295,0.000000,52.739946,22
231.270172,33.859374,76.768056,68.086988,0.000000,52.555754,22
229.572817,32.365063,73.499163,72.658914,2.179623,48.870054,22
233.576540,14.047703,75.297661,81.521539,9.655206,53.054431,22
242.125875,21.113238,61.085164,84.977153,0.000000,74.950320,19
251.989139,29.157387,70.968453,73.765372,0.000000,78.097927,20
256.603537,34.089690,68.965404,82.560326,38.102242,32.885875,20
214.229873,25.865187,89.492913,66.941388,3.008432,28.921953,17
191.730435,0.000000,114.743828,45.183645,0.000000,31.802962,13
169.993941,3.152075,94.996008,41.682255,0.000000,30.163603,12
148.303241,4.500550,70.477010,57.569746,0.000000,15.755935,13
145.685613,0.000000,68.894766,53.438888,20.991073,2.360886,12
115.784054,11.691626,37.356415,40.893217,25.842796,0.000000,10
116.050881,19.581849,14.011631,77.029593,0.000000,5.427808,11
109.029368,0.032345,8.790538,85.018966,4.467767,10.719752,9
119.667363,6.169096,11.298970,82.467995,0.000000,19.731302,9
118.595604,7.221243,6.438613,92.432302,0.000000,12.503446,11
134.865259,10.374985,13.677740,82.945749,0.000000,27.866785,12
152.313320,23.271380,10.172486,78.445908,5.000500,35.423046,13
149.403451,36.674059,8.757761,77.755284,14.687119,11.529228,14
132.876715,40.840248,38.441643,47.926492,2.606044,3.062288,12
155.052549,37.929127,34.844136,60.417970,0.000000,21.861316,14
167.345688,35.863597,56.030345,58.656774,2.392513,14.402459,16
175.750439,16.576151,60.868800,61.382847,0.365167,36.557474,17
169.164325,33.739368,54.842162,42.900561,3.774447,33.907787,16
171.355055,43.244928,44.157178,50.446760,0.000000,33.506189,17
168.210653,35.461929,51.294038,46.904744,0.000000,34.549942,15
165.177552,39.003308,45.106279,41.578480,11.620729,27.868756,15
145.020368,40.868835,36.307447,58.509195,9.334891,0.000000,13
129.800371,44.960894,2.195604,82.643873,0.000000,0.000000,13
144.811976,42.530416,5.370645,86.107934,9.430436,1.372545,14
133.783859,31.062872,44.833011,52.570184,0.000000,5.317792,13
148.549177,29.538605,61.250972,53.520998,0.000000,4.238602,14
149.619579,24.813692,82.333487,32.902638,1.455400,8.114362,15
140.286594,42.079744,90.898100,0.000000,7.308750,0.000000,13
140.423979,33.506189,88.337615,7.431848,11.148327,0.000000,12
165.327820,57.190715,70.850274,20.820960,7.500250,8.965621,12
161.981632,57.856136,74.379227,16.465871,8.994112,4.286286,12
188.497929,44.994834,102.752951,35.164679,5.585465,0.000000,17
204.687180,44.929227,102.760588,42.316573,3.698109,10.982683,19
186.646310,49.781150,92.838509,28.295769,7.692538,8.038344,17
178.340910,44.880301,87.719537,37.925699,0.391907,7.423466,16
136.051234,26.159326,76.315370,33.576538,0.000000,0.000000,13
133.459568,25.340442,70.639894,31.780750,0.000000,5.698482,13
165.643824,46.794941,56.041706,33.223367,7.145500,22.438310,14
149.747078,42.344125,58.582162,30.627628,17.624038,0.569125,14
114.322710,17.911021,80.198879,9.293053,3.700688,3.219069,12
119.840986,19.021027,63.736118,6.559941,0.000000,30.523900,9
102.551830,0.391907,66.685083,9.974713,13.571611,11.928516,8
108.853048,7.423466,82.807941,7.309686,2.886959,8.424996,9
100.889528,18.620517,62.182963,0.000000,10.861602,9.224446,7
64.312735,0.569125,50.037130,7.853213,0.000000,5.853267,6
98.379969,17.546982,40.343361,5.853267,0.000000,34.636359,6
98.804657,26.887196,46.075587,0.000000,0.000000,25.841874,7
116.383955,33.742969,44.453028,0.000000,0.000000,38.187958,8
114.423620,32.193252,43.079441,0.000000,10.216379,28.934548,7
92.400877,20.086048,60.823067,0.000000,4.151696,7.340066,7
90.098717,52.511316,25.856370,3.862682,0.000000,7.868349,8
70.337996,47.429644,13.457034,0.000000,0.000000,9.451318,7
43.547435,15.386069,15.561574,0.000000,0.000000,12.599792,5
27.498071,0.000000,13.419951,0.000000,0.000000,14.078120,3
30.303831,1.758093,20.293017,0.000000,0.000000,8.252721,4
27.617393,2.623397,19.516752,0.000000,5.477244,0.000000,4
27.529626,19.516752,5.477244,2.535630,0.000000,0.000000,3
21.028279,10.915876,10.112403,0.000000,0.000000,0.000000,2
36.194983,8.012874,8.367168,0.000000,0.000000,19.814941,3
42.441752,11.848448,8.113497,0.000000,0.000000,22.479807,4
42.291018,10.902798,9.081961,0.000000,5.694548,16.611711,5
67.372995,17.449129,10.732980,11.573279,0.000000,27.617607,6
63.993940,15.566904,16.611711,3.154324,0.000000,28.661001,6
66.503806,22.306259,3.154324,10.616730,13.846553,16.579940,5
61.600164,21.966460,0.000000,33.898262,0.000000,5.735442,6
64.348753,31.815325,0.000000,24.850168,3.349360,4.333900,7
67.948566,41.043223,0.000000,26.905343,0.000000,0.000000,7
76.729041,45.536615,0.000000,26.739317,0.000000,4.453109,7
85.566097,40.508357,2.386082,26.670140,0.000000,16.001518,7
83.956502,43.967604,0.000000,22.588757,0.000000,17.400141,8
82.502448,47.067199,0.000000,11.754864,0.000000,23.680385,8
95.853821,47.830916,16.001518,0.000000,14.980622,17.040765,8
110.496747,42.739963,17.400141,40.219246,0.000000,10.137397,9
134.505113,47.193944,14.980622,62.631164,0.000000,9.699383,13
141.802928,50.058240,17.149080,58.399975,0.000000,16.195633,14
149.283715,57.652280,17.040765,74.154930,0.435740,0.000000,14
168.312773,80.743745,0.000000,73.155857,0.000000,14.413171,15
169.723681,80.208144,0.000000,83.770729,0.000000,5.744808,15
171.389566,76.780062,16.325280,69.864202,0.000000,8.420022,16
180.061426,85.325708,15.678474,62.605750,0.077135,16.374359,16
172.442487,105.444951,0.000000,56.587946,0.000000,10.409590,14
168.498887,106.612057,7.965247,45.029495,0.000000,8.892088,14
176.040683,109.576804,14.413171,34.752249,10.263462,7.034997,15
149.885707,101.733858,0.077135,37.808743,0.000000,10.265971,14
153.499650,98.012694,7.667965,40.406749,0.000000,7.412242,15
164.418978,102.354604,8.706394,39.112597,0.000000,14.245383,15
155.805077,88.462053,10.409590,44.226747,0.000000,12.706687,14
149.882163,81.995013,8.892088,44.465892,0.000000,14.529170,14
169.912592,76.431555,21.270353,50.114696,1.940308,20.155680,13
155.676891,62.322570,22.808267,53.475441,0.000000,17.070613,14
155.352570,84.695097,2.238014,60.780156,2.898437,4.740866,15
145.018953,58.809885,14.424303,52.394270,1.489467,17.901028,13
185.889748,64.814166,8.758713,63.026052,10.632598,38.658219,15
179.865693,67.887150,7.633824,85.705357,8.211923,10.427439,15
159.716299,52.055004,17.257243,81.979417,0.249422,8.175213,13
149.435500,46.355853,6.038417,84.365635,0.000000,12.675595,12
173.209436,44.258982,4.740866,95.440344,7.105715,21.663529,14
173.601695,39.687583,24.704899,89.287022,0.000000,19.922191,14
179.400660,17.070613,28.533626,103.891019,22.658758,7.246644,14
146.933970,10.632598,45.917907,81.816774,6.061740,2.504951,10
132.996168,8.402869,36.571841,69.283235,0.000000,18.738223,10
163.537806,3.771115,49.751417,61.660520,9.410247,38.944507,11
193.550913,0.000000,52.637921,82.061155,8.834805,50.017032,14
191.073354,0.000000,57.723690,90.093083,0.000000,43.256581,15
191.644843,0.000000,54.894071,97.728738,6.077845,32.944189,15
190.592621,7.813675,64.393560,86.108843,0.000000,32.276543,16
182.601102,0.000000,69.283235,84.553576,6.227998,22.536293,14
187.421154,0.000000,53.860300,121.556215,0.000000,12.004639,16
186.559312,0.000000,54.333208,116.636454,1.697365,13.892285,16
179.879505,0.000000,59.358214,114.606219,0.000000,5.915072,18
191.625633,1.751880,76.460491,102.507166,0.000000,10.906096,19
185.919857,0.000000,74.817422,103.925695,0.000000,7.176740,21
194.887898,8.460770,70.484040,89.268475,0.000000,26.674613,21
196.652307,11.832927,62.156964,94.192983,0.000000,28.469433,22
231.306260,45.890728,38.662848,127.313566,0.000000,19.439118,25
239.396768,53.850539,35.403279,122.478181,0.000000,27.664769,25
227.665113,38.944507,38.225030,126.066409,0.000000,24.429167,25
220.053431,38.459234,32.243294,130.065486,0.000000,19.285417,25
218.039581,40.730754,24.582063,130.366949,0.000000,22.359815,25
213.834577,50.017032,20.200145,121.345529,8.949902,13.321969,25
183.571889,28.764291,28.236213,105.447212,0.000000,21.124173,21
180.652304,20.200145,26.043706,111.514464,1.949034,20.944955,21
231.275842,13.382038,30.586727,119.727571,17.599631,49.979875,23
244.593289,15.589650,70.313062,96.089241,8.264062,54.337274,23
259.786549,14.489816,71.108144,122.445216,0.000000,51.743373,26
250.754448,6.152588,70.259933,119.782336,0.000000,54.559591,24
247.070574,0.000000,64.471463,122.712309,5.897067,53.989735,22
254.420840,19.946398,41.288747,133.738306,0.000000,59.447389,21
254.514959,11.889995,37.158904,145.928872,0.000000,59.537188,22
262.700561,14.659155,28.646923,150.966401,6.743975,61.684107,24
255.005995,4.453244,42.355354,151.207980,0.000000,56.989417,24
267.885243,10.107027,36.766628,150.105562,3.427623,67.478403,25
268.581314,5.741706,40.409590,152.776105,9.561438,60.092475,24
277.736864,13.571761,48.271662,151.047224,5.000500,59.845717,24
259.779362,0.597956,96.662717,113.183908,0.000000,49.334781,23
277.785606,12.724013,87.210982,123.430023,0.000000,54.420588,23
273.343823,22.893989,76.273290,126.919031,7.060628,40.196885,23
280.260882,30.109987,75.729085,126.995250,8.677030,38.749530,24
242.105664,48.729432,51.499801,106.454727,8.564761,26.856943,21
273.054155,44.155341,51.287313,126.563298,12.253343,38.794860,22
251.493086,47.366354,35.038850,132.276767,14.109446,22.701669,21
205.164485,22.977211,42.555724,111.084816,0.000000,28.546734,15
227.901562,24.825638,64.522233,104.565649,12.081435,21.906607,16
213.692271,55.296016,11.123701,118.101364,0.000000,29.171190,13
210.219058,56.350005,19.369685,109.167208,0.000000,25.332160,14
211.642106,51.677111,35.644323,100.724425,0.000000,23.596247,14
231.326273,49.103266,36.133812,111.138742,0.000000,34.950453,16
243.948572,45.724378,38.749530,104.806075,7.732360,46.936229,16
249.603502,44.770620,35.421704,119.308288,0.000000,50.102890,18
251.555688,51.155797,54.115181,90.163638,0.000000,56.121072,18
246.540215,47.297539,51.741347,89.015755,13.248737,45.236837,19
251.092083,45.034513,56.574966,99.483757,0.000000,49.998847,20
249.413833,60.149497,32.456868,104.139076,0.000000,52.668392,20
278.325488,67.784109,24.888156,131.819843,7.649808,46.183572,24
308.165756,74.728446,21.588392,159.595213,0.000000,52.253705,28
307.488616,79.743327,43.456315,142.661968,0.000000,41.627006,28
310.290103,72.978550,57.520218,126.975694,0.000000,52.815641,29
316.150641,79.537836,64.740983,109.954452,0.000000,61.917370,29
323.522291,84.883696,55.873406,104.801673,0.000000,77.963516,30
339.258672,90.563008,57.749187,101.985626,12.723699,76.237152,31
334.005629,87.777938,90.550015,73.478302,25.261157,56.938217,32
309.066597,66.293733,101.820676,80.504085,1.625837,58.822266,29
310.371937,77.885258,100.048228,71.823594,0.000000,60.614857,30
322.657842,81.688008,102.630291,64.869182,0.000000,73.470361,31
312.530859,71.407557,102.806904,73.635337,0.000000,64.681061,32
312.367366,78.592954,96.102481,78.414471,0.000000,59.257460,32
324.594390,89.862016,82.351605,82.603476,0.000000,69.777293,33
330.850979,86.373205,79.734064,86.642820,19.193965,58.906925,35
331.635815,101.261235,99.081236,63.923427,3.269904,64.100013,34
355.813202,98.518251,109.012899,73.470361,0.000000,74.811691,36
349.269510,98.618622,110.448629,65.580408,0.000000,74.621851,36
358.588668,102.389765,117.055145,59.240862,13.382335,66.520561,37
341.441942,113.304000,137.220976,24.494937,6.743182,59.678847,34
345.743976,115.837597,136.412148,33.600577,3.904720,55.988934,34
338.650176,132.193124,109.456859,38.643506,2.691988,55.664699,33
324.889764,126.748583,126.902926,13.441993,0.000000,57.796262,31
321.008492,130.507815,131.325213,10.139184,0.000000,49.036280,31
295.215381,97.148469,140.343993,0.000000,0.000000,57.722919,27
333.727082,106.915856,152.734093,0.000000,0.001000,74.076133,30
327.963230,88.026084,149.484867,6.758171,27.636581,56.057527,31
360.154649,122.081272,120.015468,41.009687,0.000000,77.048222,31
369.976933,120.480296,118.953500,62.412980,0.000000,68.130157,32
353.245814,107.398684,115.799931,68.770630,5.053126,56.223443,32
339.073333,124.003971,114.004421,45.009580,6.007110,50.048251,33
363.147159,117.729191,119.104822,52.999323,37.207917,36.105906,34
341.481897,103.365755,125.296957,61.276569,0.000000,51.542616,29
362.687801,101.537471,122.860036,57.737609,0.000000,80.552685,30
372.095927,88.897580,116.494244,72.487199,0.000000,94.216904,30
365.142664,75.521198,129.975738,58.487523,0.000000,101.158205,29
361.568529,72.552104,127.883603,64.637261,5.238571,91.256990,29
369.057715,76.650687,121.962240,76.263297,13.584136,80.597355,30
349.393122,70.953644,142.398913,51.826616,7.588894,76.625055,29
385.718996,98.499481,122.111179,59.877847,4.243000,100.987489,31
371.147743,68.356135,131.956915,54.556721,12.372528,103.905444,27
324.571374,44.193914,137.986341,46.103212,0.000000,96.287907,23
329.965329,39.681381,184.762497,0.000000,7.287094,98.234357,24
342.921337,38.192374,175.939771,16.156155,8.692760,103.940277,24
311.052568,16.489197,171.874217,17.956490,21.202576,83.530088,22
296.182566,10.302932,194.366351,18.119303,3.810143,69.583837,20
328.350066,21.026895,204.142405,14.111796,0.000000,89.068970,23
327.284157,13.074032,207.195169,4.911236,36.322406,65.781314,24
281.974169,2.482730,209.904972,0.000000,5.498605,64.087862,18
365.306362,1.461528,212.986788,17.234734,0.000000,133.623312,20
383.743648,13.584136,198.645152,27.068183,0.000000,144.446177,21
396.087594,0.000000,197.003367,32.112206,3.134489,163.837532,23
381.715448,0.000000,204.952444,18.405220,6.691240,151.666544,22
386.184453,0.000000,205.970733,25.954632,11.830840,142.428248,22
366.961486,9.950882,211.748306,1.255855,8.801381,135.205062,21
372.952773,12.689969,211.779361,7.509146,0.000000,140.974297,22
357.127636,0.000000,214.280112,0.000000,0.000000,142.847524,19
356.178197,0.000000,215.565756,0.000000,0.000000,140.612441,20
372.900749,5.657000,220.711071,0.000000,19.740181,126.792497,21
380.605075,0.000000,234.837645,4.974233,0.000000,140.793197,24
379.425999,0.000000,232.752761,9.358554,8.320557,128.994127,24
391.113512,0.000000,237.625356,20.982355,6.765029,125.740772,24
397.991486,0.000000,243.379193,22.700227,0.000000,131.912066,24
396.170793,14.363564,246.097940,12.508045,2.834050,120.367194,24
407.043324,19.844995,221.461219,26.135344,6.066646,133.535120,26
409.646377,22.733339,243.229707,9.381065,0.000000,134.302266,26
404.281193,22.426826,249.485486,6.335120,0.000000,126.033761,27
410.527271,26.957318,248.400850,0.000000,0.000000,135.169103,26
403.606809,23.281772,252.706200,0.000000,10.340347,117.278490,27
391.735208,7.532225,255.872018,7.165611,0.000000,121.165354,26
401.554662,0.000000,252.136969,39.846995,0.000000,109.570698,27
372.308042,8.801381,215.194921,39.853512,0.000000,108.458228,26
359.777939,28.301834,187.332881,32.022030,21.675391,90.445803,25
335.854325,50.388807,177.544468,13.510750,0.000000,94.410300,23
329.757637,50.273974,177.930220,5.349303,0.000000,96.204140,24
314.069477,30.340909,175.422166,12.867992,0.000000,95.438410,22
310.781550,27.747384,188.393366,0.000000,5.865057,88.775743,22
309.408666,57.501091,157.253755,0.000000,9.349996,85.303824,23
345.307862,53.265775,166.443748,10.126114,1.284057,114.188168,24
341.579886,76.059287,147.459706,12.869409,6.538808,98.652676,26
352.625907,84.061853,133.405327,22.456298,2.054246,110.648183,26
356.255469,79.989859,152.498529,9.887651,0.000000,113.879430,27
354.285649,79.067383,154.030875,7.143143,0.000000,114.044248,27
364.562229,105.005704,134.041347,5.071922,0.000000,120.443256,29
370.199033,104.285398,141.778073,6.070627,21.252801,96.812134,30
335.304908,125.819107,120.750280,11.089180,3.160767,74.485574,28
320.369267,111.307952,125.241109,0.357230,3.779763,79.683213,27
325.726746,110.024139,125.329383,25.213831,1.254244,63.905149,27
336.829823,112.810049,117.967931,30.974507,6.157818,68.919518,27
317.417995,94.999808,121.025291,37.139654,5.347339,58.905903,28
313.347324,100.452892,119.737126,35.234821,9.964973,47.957512,26
305.982048,84.522649,118.307309,37.631361,0.000000,65.520729,27
314.361753,89.060997,113.879430,44.096725,0.000000,67.324601,28
294.332603,71.537826,119.231451,36.041370,0.000000,67.521956,26
293.879674,68.061434,111.513415,36.805836,0.000000,77.498989,26
346.862363,84.894702,106.990961,52.083813,0.000000,102.892887,28
357.048064,104.406990,91.336018,55.011378,0.000000,106.293678,28
372.847950,100.865048,98.070153,49.576470,11.925284,112.410995,30
373.904296,120.324652,96.025417,45.928241,4.637164,106.988822,30
374.089446,120.991370,91.903062,44.133742,0.000000,117.061272,30
395.351831,116.902927,101.570871,34.833767,0.000000,142.044266,32
382.913181,100.578469,110.210460,35.821804,9.724816,126.577632,30
339.774829,68.014429,111.070260,43.569459,13.217053,103.903628,26
335.357951,66.284244,156.315059,21.908312,8.738729,82.111607,25
317.470681,47.660269,174.508652,15.322404,5.415889,74.563467,25
320.489277,69.092838,151.357505,25.807158,1.840075,72.391701,25
326.419347,71.650903,150.794745,23.415817,19.341890,61.215992,26
340.027853,58.905903,165.252785,26.166582,5.671293,84.031290,26
333.526387,70.073428,150.250929,27.095893,0.000000,86.106137,26
360.815541,66.752122,170.853212,13.196324,25.001613,85.012270,28
380.569640,82.864400,176.065543,25.436326,9.380692,86.822679,28
399.995014,81.550763,180.033865,66.678717,1.204381,70.527288,30
392.527685,84.106177,178.863732,57.727783,0.000000,71.829993,29
389.577139,86.038259,180.244224,63.903318,5.106372,54.284966,29
392.292835,89.675834,177.696283,67.307735,0.000000,57.612983,30
390.389071,96.964509,169.439975,63.905279,0.000000,60.079308,29
387.824050,99.148024,201.046718,40.549501,0.000000,47.079807,29
379.440010,103.672266,194.022096,35.130045,0.000000,46.615603,30
406.065523,95.738735,213.659535,13.419110,11.370675,71.877468,30
414.771544,115.221197,206.638251,28.232270,7.411606,57.268220,33
414.864680,108.691748,209.752503,30.026469,0.000000,66.393960,30
370.322957,61.557562,216.111272,25.471882,0.000000,67.182241,30
368.160588,68.238944,210.706347,19.718767,0.000000,69.496530,29
366.060411,63.237701,208.703939,26.508551,14.767051,52.843169,30
352.125283,53.129582,207.315758,40.452717,0.000000,51.227226,31
350.444699,47.441576,228.704547,20.072227,2.081122,52.145227,32
358.777086,80.557882,201.072089,15.030717,9.512244,52.604154,32
365.975268,95.934188,195.188652,17.642555,0.000000,57.209873,33
394.426644,95.203163,190.282294,21.961793,0.000000,86.979394,34
385.929970,93.637616,183.681182,22.602846,15.204514,70.803812,35
419.379387,101.722279,181.173730,52.604154,37.215541,46.663683,38
353.420165,89.469588,146.786473,82.473657,0.000000,34.690447,32
350.296595,86.822679,154.215469,84.606959,0.000000,24.651488,33
351.773835,92.045883,160.316639,72.644420,0.000000,26.766893,33
360.782974,90.769086,164.683502,69.058401,4.400560,31.871425,34
353.847066,66.167459,156.421409,68.525205,5.172897,57.560096,31
342.051422,57.612983,162.380528,64.472589,0.000000,57.585322,31
392.599008,47.018144,164.011765,95.408662,0.000000,86.160437,34
400.125104,47.079807,168.794318,91.221942,0.000000,93.029037,35
428.066788,52.593602,180.367457,84.352215,9.140605,101.612909,36
422.550621,53.893993,179.617241,85.037990,0.000000,104.001397,36
393.085049,40.372282,177.136604,93.411636,0.000000,82.164527,33
409.665287,37.840966,196.237902,79.332422,8.083703,88.170294,32
402.076637,36.920400,195.991476,86.160437,0.000000,83.004324,32
400.164485,47.324750,212.656035,54.454477,13.053083,72.676140,33
380.445829,51.227226,233.072868,24.282453,2.879500,68.983782,32
370.764438,62.080228,220.071685,23.497346,18.375764,46.739415,31
366.533776,68.565600,205.462658,45.039000,6.672629,40.793889,31
361.863751,87.900254,187.552409,39.653248,5.414128,41.343712,30
409.444017,104.521612,184.101439,53.104529,0.000000,67.716437,32
408.704928,104.034828,202.343056,32.210034,0.000000,70.117010,33
410.683748,114.782805,210.797982,12.719959,28.560626,43.822376,34
438.268417,112.967686,215.374347,50.482189,0.000000,59.444195,35
445.997391,121.638163,196.981048,62.533300,1.505274,63.339606,36
429.058278,94.937819,219.831116,37.033227,3.524442,73.731674,36
419.398841,132.309100,200.405824,13.832067,6.364000,66.487850,37
411.465193,122.952070,192.153160,41.857040,1.667500,52.835423,37
381.775593,129.645124,180.033557,24.855256,10.581860,36.659796,34
381.697025,128.322987,175.195938,35.981558,0.000000,42.196542,33
364.868946,123.191199,187.010673,19.555649,0.000000,35.111425,33
368.051853,147.731682,167.652281,21.839037,7.672442,23.156411,34
366.685431,143.661180,183.088344,9.703600,0.000000,30.232307,33
373.263022,146.490356,187.203423,1.477720,2.167450,35.924073,33
392.068084,140.813391,181.930117,2.472889,9.898487,56.953200,32
405.310324,146.504438,169.221113,11.438795,0.000000,78.145978,32
411.252414,148.343010,177.300633,1.625205,3.483502,80.500064,33
405.995048,149.079427,168.944314,11.622225,2.054128,74.294954,34
343.723655,100.341137,149.571413,21.927492,3.569704,68.313909,28
366.584444,99.031108,151.485444,26.715079,9.169715,80.183098,29
379.927411,91.212790,173.836025,30.373792,0.000000,84.504804,30
384.949517,94.969326,175.706892,30.153177,7.538708,76.581414,31
349.933688,75.411064,181.088007,23.411193,0.000000,70.023424,29
344.623266,75.253259,200.914778,0.000000,0.000000,68.455229,30
345.966947,69.646775,206.335099,0.000000,14.754585,55.230488,29
375.237053,70.345260,224.397544,2.998704,19.407926,58.087619,30
353.329448,54.168741,224.220367,10.472261,0.000000,64.468079,30
363.044358,74.070281,211.526381,12.782168,0.000000,64.665528,31
376.212986,74.637990,222.641049,0.365395,0.185678,78.382874,31
342.416699,49.512492,208.859742,9.603510,0.532234,73.908721,28
347.073084,51.012813,212.980566,8.837125,0.000000,74.242580,28
354.503415,63.385309,194.776304,27.949773,13.049321,55.342708,30
338.420742,47.241656,220.630598,0.000000,6.311049,64.237439,28
336.082742,23.587733,225.940747,18.158487,5.661591,62.734184,29
339.370233,28.822687,219.932328,28.568760,0.000000,62.046458,29
347.401313,19.672909,232.575542,23.273010,14.623942,57.255910,31
374.792078,39.493777,221.378687,40.317852,8.667961,64.933801,31
374.580222,51.892888,208.639696,52.963325,0.000000,61.084313,31
392.943896,66.851687,200.520557,53.073789,0.000000,72.497863,32
387.712006,57.088871,198.097041,55.322496,8.167424,69.036174,31
395.318121,71.393010,203.210169,41.240040,0.000000,79.474902,32
394.930889,61.388314,208.976186,47.373711,0.000000,77.192678,32
391.509446,86.494955,184.277781,51.365911,0.000000,69.370799,32
400.048206,80.323944,194.299670,45.440494,1.363093,78.621005,33
383.952532,93.434617,168.152344,39.896296,0.000000,82.469275,32
383.003632,94.806939,164.105363,42.464564,0.000000,81.626766,32
370.959878,91.184200,152.864639,43.560260,16.394347,66.956432,31
367.790428,80.494249,161.777564,39.413820,2.748634,83.356161,31
394.775866,118.685739,122.558364,60.912530,0.000000,92.619233,33
402.357012,123.913935,115.179747,67.823192,9.537680,85.902458,34
411.796517,108.907826,122.890347,81.626766,2.821311,95.550267,36
417.234549,125.395317,120.723014,71.825559,0.000000,99.290659,35
412.688378,125.012899,119.724675,66.050872,0.340942,101.558990,35
433.606901,133.001067,113.934068,70.713666,0.000000,115.958100,35
425.043906,131.966730,125.412885,57.081924,5.694013,104.888354,35
427.763697,141.358607,113.375644,64.759101,3.185266,105.085079,36
425.950789,157.235573,106.664961,56.929377,0.000000,105.120878,36
466.269305,167.154219,93.092701,66.528421,6.265434,133.228530,38
458.178029,173.314198,97.369747,52.154446,13.243679,122.095959,38
452.639650,150.371177,93.747486,69.620165,0.000000,138.900822,36
448.130066,149.239263,93.545605,60.857444,3.894935,140.592819,36
456.652052,155.291909,89.258808,61.443342,0.000000,150.657993,38
449.229384,130.497521,92.619233,57.080730,5.728582,163.303318,38
448.872548,143.121360,96.711443,41.912150,0.000000,167.127595,38
435.611943,136.190657,91.662971,51.468139,0.000000,156.290176,37
439.583869,132.925521,94.075152,51.236993,0.000000,161.346203,38
435.553650,126.570097,86.466642,55.678477,0.000000,166.838434,36
417.935981,105.805634,96.975837,49.247045,0.000000,165.907465,35
433.791389,123.688467,81.722697,53.471546,0.000000,174.908679,36
434.322980,119.288182,81.221469,56.504051,6.621343,170.687935,35
417.604885,123.131752,73.472309,56.418886,0.000000,164.581938,34
420.595913,121.238975,70.318792,63.885029,0.000000,165.153117,36
447.562472,132.565228,96.967644,30.635449,0.000000,187.394151,36
460.807437,135.000142,98.405439,31.750651,0.000000,195.651205,37
459.321652,149.310307,88.770925,24.863521,0.000000,196.376899,36
461.255076,150.244538,87.050686,26.368076,0.000000,197.591776,37
457.476574,145.901888,108.496264,6.391383,19.430022,177.257017,38
492.131668,144.869196,112.961150,37.696843,0.000000,196.604479,38
490.528029,143.531012,110.319054,52.661926,18.066845,165.949192,40
470.807637,164.593352,104.439411,43.441903,0.000000,158.332971,40
490.621322,181.197388,89.661091,43.021784,8.513387,168.227672,41
502.022437,183.870638,92.139211,56.447929,0.000000,169.564659,42
502.965165,186.311668,125.818679,32.882870,8.626264,149.325684,43
491.643150,168.773383,137.912848,36.521778,23.467537,124.967604,42
497.057011,161.618912,142.464292,58.806735,0.000000,134.167072,40
503.032676,171.865828,136.772619,59.131713,0.000000,135.262516,41
505.683607,175.328682,135.939469,54.397190,15.035499,124.982767,42
505.815699,180.247470,129.566226,62.992629,0.000000,133.009374,43
522.663170,189.691470,117.279964,68.996262,0.000000,146.695474,46
520.459985,173.775617,113.486301,72.607091,0.000000,160.590976,42
534.430288,174.269124,122.870759,92.954632,5.459397,138.876376,45
545.648753,173.906296,120.376680,108.991874,2.017844,140.356059,46
16.842682,0.000000,0.000000,10.416848,0.000000,6.425834,0
33.039379,0.000000,0.000000,27.160833,0.000000,5.878546,4
45.597368,0.000000,0.000000,45.597368,0.000000,0.000000,6
59.924479,2.890884,11.563633,29.037329,4.257126,12.175507,6
39.300306,0.000000,4.796605,19.804135,0.000000,14.699566,2
44.066856,0.000000,11.244593,15.645548,7.613560,9.563155,3
53.437419,5.495266,10.937367,17.176715,19.828071,0.000000,4
59.793476,8.559542,14.699566,36.534368,0.000000,0.000000,5
48.386084,0.000000,17.176715,31.209369,0.000000,0.000000,4
78.581161,10.619392,18.760337,23.723755,9.232400,16.245277,5
71.679313,11.296315,14.227631,42.437823,0.000000,3.717544,5
89.506825,26.971213,2.292906,36.719319,17.977770,5.545617,5
59.649672,5.578848,29.195221,23.523387,0.000000,1.352216,4
52.192774,0.000000,44.838424,0.000000,0.000000,7.354350,4
56.029661,0.000000,50.071651,0.701471,0.000000,5.256539,6
65.555163,3.717544,44.768415,0.658374,0.000000,16.410830,8
65.740668,9.197160,52.640459,0.000000,3.903049,0.000000,8
54.619166,19.793620,30.311723,0.000000,0.000000,4.513823,9
49.572083,18.152326,31.419757,0.000000,0.000000,0.000000,8
65.561957,24.066229,18.438070,0.127215,13.848718,9.081725,7
52.292328,21.224067,13.904536,14.981125,0.000000,2.182600,5
54.071383,14.535021,13.975933,20.144746,5.415683,0.000000,6
56.346388,13.904536,26.044146,12.850150,3.547556,0.000000,5
49.422764,14.981125,34.441639,0.000000,0.000000,0.000000,4
50.536492,0.000000,32.979224,8.207076,0.000000,9.350192,4
54.333828,0.000000,28.808813,0.000000,0.000000,25.525015,5
66.676874,10.528468,18.277453,0.205061,8.973487,28.692405,6
72.085888,15.908173,22.675667,0.000000,4.767965,28.734083,7
57.102264,8.973487,11.157047,4.160093,0.000000,32.811637,3
90.544225,0.000000,19.777513,0.000000,8.956570,61.810142,4
81.051737,7.808783,10.848661,0.000000,8.587711,53.806582,2
86.432147,8.956570,27.966515,0.000000,3.272562,46.236500,3
77.960948,27.966515,18.568938,6.154231,10.371333,14.899931,5
54.253381,9.742795,25.351707,14.414560,0.000000,4.744319,3
53.338726,15.296376,31.283947,0.000000,0.141548,6.616855,4
55.453668,26.577074,20.291419,0.000000,8.585175,0.000000,4
60.532885,24.740283,21.887242,3.580319,10.325041,0.000000,4
56.440836,14.758383,24.991437,13.411299,3.279717,0.000000,5
55.939991,7.102226,40.106440,7.851620,0.000000,0.879705,7
74.044658,10.943082,39.372885,5.781747,0.000000,17.946944,7
95.637276,0.000000,41.574313,17.946944,9.758089,26.357930,8
92.740447,0.000000,49.472326,20.928701,0.000000,22.339420,9
97.031067,0.000000,58.954305,17.118723,0.000000,20.958039,10
93.209137,0.000000,70.849149,11.676687,0.000000,10.683301,10
126.103155,0.560555,74.617680,17.711752,27.212768,6.000400,11
121.149139,42.010605,44.924520,6.000400,28.213614,0.000000,9
125.153818,41.849835,72.110083,3.138762,0.000000,8.055138,9
111.354587,30.603412,70.430697,0.000000,0.000000,10.320478,8
116.572914,30.193716,72.620682,0.000000,9.990955,3.767561,8
131.750004,20.352123,68.887699,0.000000,6.389250,36.120932,7
133.607708,28.864712,72.911509,0.000000,0.000000,31.831487,9
150.443942,28.213614,72.932598,20.639449,0.000000,28.658281,10
158.553531,32.688436,67.465689,20.734105,0.000000,37.665301,11
145.167052,18.046093,65.376584,22.440471,7.500250,31.803654,11
153.077552,25.198375,62.130772,24.827475,0.000000,40.920930,11
152.748386,29.014025,53.816291,48.249500,0.000000,21.668570,12
127.711434,21.984804,54.668121,26.075486,24.983023,0.000000,9
81.572143,9.608216,38.641284,33.322643,0.000000,0.000000,6
72.119097,9.397612,29.906292,32.815193,0.000000,0.000000,6
68.165487,18.659473,16.863696,32.642318,0.000000,0.000000,7
68.107153,11.403785,20.386721,31.301223,0.000000,5.015424,7
72.444021,10.584199,33.322643,18.683225,0.000000,9.853954,8
75.654379,0.000000,32.815193,30.616186,0.000000,12.223000,9
109.556586,4.011963,23.232594,28.506184,22.010570,31.795275,10
112.673623,5.979349,31.297740,40.737539,4.912169,29.746826,11
106.510093,0.000000,36.214179,45.805967,13.568055,10.921892,12
98.146144,2.759661,26.283184,60.934845,0.000000,8.168454,10
107.224906,8.068629,42.448125,47.092729,0.000000,9.615423,10
114.570736,10.861053,46.610150,47.530703,3.862180,5.706650,10
111.925712,0.000000,55.891381,32.746455,0.000000,23.287876,8
115.607437,0.000000,57.139845,32.329023,2.152684,23.985885,8
109.286366,0.000000,60.214299,23.064175,0.000000,26.007892,8
101.523502,0.000000,69.238423,6.990189,0.000000,25.294890,9
96.280937,0.000000,66.849207,8.111990,5.120488,16.199252,9
74.511552,3.792892,41.629798,12.062412,0.000000,17.026450,9
96.497294,4.375562,43.170138,43.765927,0.000000,5.185667,11
96.640177,0.000000,47.274015,35.232294,0.000000,14.133868,11
107.984359,0.000000,45.935459,54.842738,0.000000,7.206162,12
131.036160,5.217893,52.406732,49.870977,0.000000,23.540558,12
151.439779,6.032606,57.037597,70.022416,13.944686,4.402474,15
177.934405,26.007892,65.183733,78.898156,0.000000,7.844624,16
172.976133,12.062412,72.145314,79.536618,0.000000,9.231789,15
188.090481,4.136840,70.191074,96.251494,0.000000,17.511073,16
191.615912,18.137497,67.968902,84.079369,7.164279,14.265865,16
182.267130,34.664615,43.868588,83.272680,11.672532,8.788715,15
163.281507,15.206362,36.606512,92.039016,3.750625,15.678992,14
156.112214,8.938278,31.486034,105.468233,1.200880,9.018789,14
147.391224,0.000000,62.462794,71.433405,0.858057,12.636968,14
149.446872,0.000000,60.106181,75.513125,6.650250,7.177316,14
132.972833,0.000000,76.884745,45.712945,2.205504,8.169639,14
137.184057,7.030102,76.383151,45.293143,8.477661,0.000000,14
182.734776,0.000000,66.246348,116.488428,0.000000,0.000000,21
199.191033,9.665687,59.002663,126.975127,0.000000,3.547556,22
190.931315,13.500812,46.359908,129.664626,1.405969,0.000000,22
187.221813,14.265865,40.674094,132.281854,0.000000,0.000000,22
193.921217,20.461247,32.064688,132.395182,9.000100,0.000000,22
212.555854,28.791229,31.047484,133.028464,4.167250,15.521427,24
216.876129,31.885379,37.564417,130.131251,0.000000,17.295082,25
229.331642,40.099148,28.322649,128.705492,24.957252,7.247101,25
213.191989,37.564417,46.378535,118.663101,1.184555,9.401381,22
211.009256,30.528153,55.498848,106.398092,13.124122,5.460041,23
204.910916,19.690444,67.829016,99.752945,0.000000,17.638511,24
206.781385,24.446814,63.479321,118.855250,0.000000,0.000000,24
212.374552,29.520666,48.631539,125.014580,0.000000,9.207767,23
215.611889,39.246661,54.566125,113.585548,0.000000,8.213555,23
219.665944,36.497275,57.376606,109.565665,8.044398,8.182000,24
198.957446,20.210242,65.593163,106.103386,0.000000,7.050655,21
207.132682,17.329677,80.834219,102.204722,0.000000,6.764064,22
211.941837,22.194987,75.963014,107.130757,0.772070,5.881009,23
209.794822,20.955167,70.324199,110.818705,3.371241,4.325510,23
188.548018,9.000100,64.678068,114.868850,0.001000,0.000000,20
177.680793,0.000000,64.260722,113.420071,0.000000,0.000000,19
198.092762,4.167250,56.821813,127.597477,0.000000,9.506222,21
206.221082,0.000000,57.141154,130.487113,0.000000,18.592815,21
253.349911,11.929539,49.828098,137.738342,1.359560,52.494372,23
247.378016,1.622459,51.496182,127.821464,0.000000,66.437911,24
244.409198,0.000000,87.467838,95.679869,11.396268,49.865223,24
230.516040,26.300282,69.984405,92.893642,12.395971,28.941740,21
252.163312,40.022388,70.976477,97.847659,0.000000,43.316788,24
251.805342,47.598558,65.250044,90.072544,5.793363,43.090833,25
226.596956,38.583522,59.132432,82.795672,21.918061,24.167269,22
230.890980,33.772763,57.120751,106.815035,0.000000,33.182431,22
225.506876,13.578760,64.631251,108.526915,0.000000,38.769950,22
225.814166,11.952441,68.401588,103.283882,0.000000,42.176255,22
243.032019,24.696204,68.197438,90.081338,0.000000,60.057039,23
243.300449,51.434681,45.282361,96.074665,0.000000,50.508742,24
253.028214,45.270952,59.015407,86.387923,0.000000,62.353932,24
250.741954,41.229783,64.706804,82.893674,0.000000,61.911693,23
240.151323,36.932233,58.933674,84.774997,5.476930,54.033489,22
266.979630,39.868299,58.202834,87.257303,21.543363,60.107831,22
254.390199,44.367167,44.652760,133.898141,6.524412,24.947719,21
272.981474,43.922801,82.594359,111.342615,0.627124,34.494575,22
265.645014,61.261491,57.081238,110.963262,0.000000,36.339023,21
285.753321,63.096694,71.206184,97.702313,0.000000,53.748130,23
285.492434,55.562166,71.473508,93.896764,24.451385,40.108611,23
278.760496,45.629535,77.171368,106.180932,0.000000,49.778661,24
281.461724,50.615303,78.798155,109.907007,8.521548,33.619711,24
292.457312,71.206184,68.916212,107.201602,0.000000,45.133314,25
293.765771,81.033048,69.166360,99.864024,13.486547,30.215792,26
272.034149,77.171368,60.107831,106.007400,25.074129,3.673421,25
255.631340,82.679590,44.898554,114.031244,0.000000,14.021952,21
253.590525,79.353024,41.457884,108.270906,6.579289,17.929422,20
243.343658,97.226054,15.977235,107.575411,3.109664,19.455294,20
261.350036,93.589736,33.764121,88.534534,0.000000,45.461645,21
328.960056,105.911502,30.741560,111.149656,6.131040,75.026298,24
340.146977,101.311825,19.691023,129.720218,5.531941,83.891970,26
328.366136,90.273211,17.436261,129.129562,9.533380,81.993722,28
343.128866,105.053370,10.155638,133.991627,6.753571,87.174660,28
378.603407,119.323477,0.000000,146.223318,0.000000,113.056612,27
407.735959,120.895249,0.000000,142.615136,1.375271,142.850303,29
447.100039,122.230242,1.913159,163.279379,0.000000,159.677259,31
439.006975,107.067935,1.202971,163.077308,0.000000,167.658761,31
422.633078,91.797979,6.579289,160.982442,11.075615,152.197753,29
400.524624,79.070194,6.599231,158.236367,19.396598,137.222234,28
379.586913,81.956917,20.171402,138.989729,0.000000,138.468865,25
398.364098,72.085850,20.735977,144.768076,0.000000,160.774195,27
413.872732,72.025382,21.638852,164.076388,11.756043,144.376067,29
389.169012,52.451543,58.865331,130.408076,0.000000,147.444062,24
386.398391,43.230333,50.090612,142.850303,0.000000,150.227143,24
407.750262,48.863103,49.542534,150.209189,0.000000,159.135436,25
415.911428,52.034710,57.560603,143.985357,0.000000,162.330758,25
425.720701,51.178401,54.195790,149.350932,6.081473,164.914105,25
423.993299,57.265674,49.529320,150.866865,0.720683,165.610757,26
422.545118,75.921519,32.451188,152.098723,0.099030,161.974658,26
435.485270,87.770506,19.667770,156.618832,0.000000,171.428162,28
452.388426,106.948498,9.421600,150.494485,33.340016,152.183827,29
451.753868,81.504877,53.032724,127.328125,13.813888,176.074254,26
425.437434,72.304692,64.391461,109.525013,8.735420,170.480848,23
422.075404,93.097992,48.499507,105.095331,0.000000,175.382574,23
440.166443,122.463723,28.484259,102.787296,0.000000,186.431165,23
454.746373,126.229228,25.358320,108.524635,9.186128,185.448062,24
450.016730,129.683162,18.406859,124.695684,0.000000,177.231025,24
445.709602,122.453535,20.854197,120.191000,0.000000,182.210870,25
452.194774,101.954038,26.898125,135.492709,4.513631,183.336271,27
446.876446,97.392487,34.053305,128.020383,0.000000,187.410271,26
442.220091,104.304876,24.676270,137.408061,18.377442,157.453442,27
430.465048,105.388206,15.438573,156.858689,0.000000,152.779580,28
415.942024,95.950020,23.549288,142.408082,0.000000,154.034634,27
409.273241,90.462138,27.798295,134.350678,9.865019,146.797111,27
402.808199,75.283429,43.148017,132.926237,5.321569,146.128947,26
395.006884,68.715368,87.813957,91.402311,0.000000,147.075248,26
395.712492,70.635019,79.168211,98.739863,0.000000,147.169399,26
409.742857,71.016560,96.129841,85.529223,0.000000,157.067233,25
425.720289,82.555069,111.680247,59.682955,6.086670,165.715348,26
440.776867,109.773717,104.203644,58.350623,4.648422,163.800461,29
455.991741,112.322165,91.342055,65.207184,0.000000,187.120337,29
480.606533,127.305039,85.529223,55.101268,7.955237,204.715766,29
490.281689,132.785137,87.849557,63.767113,0.000000,205.879882,30
496.634664,131.868593,79.543168,72.491854,0.000000,212.731049,32
493.149157,124.573981,92.052624,59.217978,0.000000,217.304574,32
504.726773,112.358263,99.129215,73.495716,8.579687,211.163892,33
492.075065,105.875672,97.936471,75.403928,21.391411,191.467583,33
463.708776,96.787388,96.068216,93.223494,0.000000,177.629678,31
467.267392,119.569158,82.474941,107.317372,16.169970,141.735951,32
469.464710,122.953244,114.472586,80.157701,0.000000,151.881179,31
484.069910,121.969736,119.642212,84.075313,0.000000,158.382649,32
524.160111,122.108730,120.246122,117.166954,3.823512,160.814793,36
480.297039,98.883053,107.170302,107.876087,0.000000,166.367597,31
475.430247,88.204086,112.561472,105.508207,10.332172,158.824310,30
458.676095,69.521488,127.830442,94.279549,0.000000,167.044616,28
445.393034,56.883578,131.630850,87.973592,17.140768,151.764246,28
451.752880,49.939699,137.180638,98.525742,7.024357,159.082444,27
430.703670,57.758043,144.333711,59.362603,1.344691,167.904622,23
426.060539,65.530827,136.605522,47.558932,2.079224,174.286034,21
418.216025,55.684812,123.757254,51.921592,0.000000,186.852367,20
428.925056,71.456937,112.287070,55.408898,0.000000,189.772151,20
431.543965,101.241324,91.283825,55.313645,14.168282,169.536889,21
432.218946,112.116800,80.763247,68.135224,0.000000,171.203675,22
442.627822,112.032223,91.664091,70.084327,0.000000,168.847181,23
436.921997,105.197832,91.392124,82.372120,0.000000,157.959921,24
439.332802,98.279536,87.964142,89.435839,12.178667,151.474618,23
446.434615,89.069544,111.758708,82.835285,0.000000,162.771078,23
450.880920,99.652861,108.977991,81.150992,23.878297,137.220779,24
401.861368,71.269106,136.068722,57.294715,10.502408,126.726417,22
400.222814,67.974040,174.511216,25.025420,27.010892,105.701246,21
400.975864,69.124906,174.385118,53.655163,0.000000,103.810677,22
398.028054,75.513121,176.182124,54.696522,6.908929,84.727358,23
452.803923,72.202473,178.254941,55.866235,0.000000,146.480274,27
458.957231,70.705316,168.068643,70.065519,9.824271,140.293482,28
433.581635,44.267199,174.258949,68.593748,0.000000,146.461739,26
437.609907,60.610550,155.053754,67.184901,0.000000,154.760702,27
442.336212,70.084327,153.616359,64.341258,0.000000,154.294268,27
446.871355,77.517051,151.681365,65.432623,14.289728,137.950588,28
395.623207,75.851022,119.511381,60.575331,1.286182,138.399291,23
363.971446,64.477536,103.828030,52.421638,9.049240,134.195002,22
385.602541,58.926578,110.332714,105.982633,0.000000,110.360616,26
365.159827,32.298420,106.667081,119.637460,0.339025,106.217841,25
335.044746,20.896229,105.595373,109.743891,4.844008,93.965245,24
369.099420,29.407805,96.156655,128.715645,0.000000,114.819315,27
351.609850,12.471288,102.170162,124.837285,15.226788,96.904327,28
338.618095,16.993009,111.794255,113.612294,2.106053,94.112484,25
335.362361,22.699929,102.140396,136.051826,0.000000,74.470210,26
358.058862,24.345317,108.352413,149.684133,16.968635,58.708364,30
359.746011,36.267875,122.569099,142.521878,0.000000,58.387159,27
337.980694,10.002244,131.454315,134.599926,6.279442,55.644767,25
357.033306,2.753666,132.517835,139.435826,13.832519,68.493460,25
367.063333,10.811598,135.380012,140.595965,8.460230,71.815528,23
389.240013,13.620671,135.383606,201.887784,7.066409,31.281543,29
401.953325,41.565065,110.428487,201.909097,4.243000,43.807676,29
410.868284,47.970372,117.597004,189.415374,0.000000,55.885534,28
376.148217,22.180003,115.356354,189.359181,5.729716,43.522963,26
381.606622,5.606847,128.276094,188.372121,0.000000,59.351560,28
367.784090,8.724164,111.896119,180.148112,0.000000,67.015695,27
363.958150,20.368713,105.219506,174.174990,27.212235,36.982706,27
348.233218,8.371102,116.673311,192.339799,25.823878,5.025128,26
331.440508,0.000000,133.959412,190.805921,6.675175,0.000000,25
332.112749,0.000000,130.087262,202.025487,0.000000,0.000000,26
384.905906,0.000000,136.959919,222.635871,8.286776,17.023340,29
383.930809,0.000000,177.585485,197.349970,6.667000,2.328354,30
391.255631,11.757100,160.930457,193.484311,0.213996,24.869767,31
444.961630,18.526587,156.274640,205.933531,18.354592,45.872280,33
460.931388,14.402442,155.033004,226.177918,0.000000,65.318024,33
457.931424,9.719076,160.850089,213.919292,0.000000,73.442967,33
463.701011,7.249559,166.456012,203.102759,15.564049,71.328632,34
458.380023,1.141237,192.375518,189.381676,5.303500,70.178092,34
474.708537,8.653086,215.806914,166.926659,0.000000,83.321878,34
459.698965,5.981065,206.872619,174.778455,0.000000,72.066826,34
462.923528,16.284703,195.897909,178.295395,0.000000,72.445521,35
491.808139,11.450010,199.266151,202.016924,5.729476,73.345578,38
501.191522,41.282408,160.743079,195.952496,0.000000,103.213539,38
514.153487,58.778743,140.147910,196.414047,14.501746,104.311041,39
486.508704,37.565088,151.337640,194.826744,1.494968,101.284264,39
456.524103,0.981294,181.858066,171.221870,0.000000,102.462873,35
457.640048,12.259626,169.812436,179.843812,4.094340,91.629834,36
479.231428,20.367334,165.354373,174.669941,0.000000,118.839780,36
480.204425,30.834803,169.423072,156.252496,14.096591,109.597463,36
459.690842,36.982706,165.103332,141.783467,0.000000,115.821337,35
452.512041,25.823878,169.468462,154.646448,9.084837,93.488416,35
433.089593,7.473436,189.809429,144.126614,0.000000,91.680114,36
465.768058,6.675175,198.785027,142.718459,0.000000,117.589397,37
467.019907,14.482342,186.823778,152.210815,2.546200,110.956772,39
465.817776,19.030931,205.527340,117.518096,9.108070,114.633339,38
467.557964,14.445890,198.023327,145.024027,0.000000,110.064720,38
470.550486,25.310116,189.053162,140.690488,0.000000,115.496720,39
489.662599,26.018694,198.188880,150.038533,0.000000,115.416492,42
489.223968,20.975312,194.873388,160.110149,0.000000,113.265119,42
489.265208,18.375775,190.550639,170.253437,13.516073,96.569284,43
496.696751,24.869767,196.973997,169.216380,7.927024,97.709583,43
477.331808,16.425392,204.651533,170.056679,4.063094,82.135110,41
472.859349,9.918839,209.544692,173.227836,0.000000,80.167982,42
481.937163,19.454604,201.376656,167.111655,0.000000,93.994248,41
486.472674,26.513630,195.079178,176.414882,0.000000,88.464984,41
486.077505,52.332008,166.776089,175.788404,9.596731,81.584273,43
461.681094,53.213084,155.252589,183.357044,0.000000,69.858377,41
451.488962,44.275174,169.095673,174.789658,0.000000,63.328457,42
451.255173,42.046439,168.073567,183.822087,6.410615,50.902465,42
457.274353,47.941516,164.836404,192.655103,9.335510,42.505820,43
445.831343,31.049958,182.964594,186.568716,0.000000,45.248075,42
436.363797,28.144224,175.947247,192.737442,0.747592,38.787292,40
402.902198,18.131072,154.877759,188.888748,0.000000,41.004619,37
381.285531,6.220273,140.752214,196.694764,26.532316,11.085964,36
338.026793,0.000000,136.686869,192.592436,4.923585,3.823903,35
330.556210,10.384237,132.397420,181.802428,0.000000,5.972125,34
353.651686,7.518670,139.181264,191.064362,0.000000,15.887390,35
347.920552,14.559649,138.848988,185.002266,0.000000,9.509649,36
348.465861,0.495574,160.733181,172.132148,0.000000,15.104958,36
344.050668,0.000000,161.221842,170.139823,1.468743,11.220260,36
341.644027,4.881464,155.068350,162.111493,2.501750,17.080970,36
338.334674,3.719636,154.991325,166.159083,8.150591,5.314039,36
345.146341,8.957160,165.537791,154.736833,0.000000,15.914557,35
336.334645,0.000000,169.382265,146.529861,0.000000,20.422519,34
333.719880,0.000000,167.721162,152.201382,13.797336,0.000000,35
325.054491,12.465184,161.535400,151.053907,0.000000,0.000000,35
326.862579,22.404495,149.538989,150.449016,0.000000,4.470079,36
346.203821,19.977065,150.681247,155.371017,0.000000,20.174492,38
379.497428,20.586787,152.827027,147.311444,0.000000,58.772170,38
385.529187,20.590074,165.163966,134.266274,0.000000,65.508873,39
408.062668,14.808023,170.715464,179.551298,1.366717,41.621166,43
397.904083,25.345117,155.866626,183.727370,0.000000,32.964970,43
401.250313,24.329998,157.471430,189.056281,0.000000,30.392604,45
404.355053,21.592473,151.639575,195.513518,0.000000,35.609487,46
397.478708,19.059986,144.384569,190.419764,0.000000,43.614389,45
391.781974,13.228131,156.243758,184.196768,10.545638,27.567679,45
359.859159,0.000000,158.581434,176.654032,0.000000,24.623693,42
356.207564,0.000000,156.212725,175.916301,10.211985,13.866553,42
346.405190,6.410615,178.861752,145.833055,6.314074,8.985694,41
343.951657,20.130477,164.744280,142.194338,0.000000,16.882562,41
352.509523,24.835660,169.950490,132.036494,6.415920,19.270959,41
337.552786,16.208440,190.551451,107.938377,0.000000,22.854518,40
348.209304,16.474371,193.184598,111.231497,20.029207,7.289631,41
314.470121,4.923585,195.514518,106.434520,0.000000,7.597498,40
337.672746,0.001000,196.391889,113.153647,3.567523,24.558687,41
351.778932,2.149222,190.805341,124.751335,0.000000,34.073034,40
353.964891,0.000000,185.864268,120.208723,6.441034,41.450866,41
336.750281,7.604406,170.127107,144.149618,9.743108,5.126042,38
342.683832,1.700830,171.423143,151.023100,14.390658,4.146101,37
346.403643,2.658757,151.445459,164.815138,6.229885,21.254404,35
361.515898,6.651605,159.259233,166.509721,11.324327,17.771012,36
364.754447,5.185666,154.383861,182.841487,17.009633,5.333800,37
358.991472,27.931022,134.896797,190.271769,0.000000,5.891884,35
356.248958,26.019402,131.454717,194.296173,4.478666,0.000000,33
357.721408,20.799588,125.997018,202.299664,8.625138,0.000000,32
358.087178,21.689541,120.899855,207.553124,7.696566,0.248092,32
325.932232,0.000000,117.828329,185.755445,0.000000,22.348458,28
338.868355,7.336608,116.721170,205.401179,9.409398,0.000000,30
371.249311,5.637193,144.398110,197.326618,5.032209,18.855181,30
378.860729,14.674751,144.149618,211.025412,0.000000,9.010948,31
381.875047,10.545638,152.770223,203.605919,0.000000,14.953267,33
373.856472,13.027396,144.527589,205.508490,0.000000,10.792997,34
367.972219,14.540283,139.928626,196.775338,7.057766,9.670206,33
362.219644,4.065300,144.936166,204.566591,8.651587,0.000000,34
362.595397,0.000000,150.281526,208.139481,4.174390,0.000000,33
363.876905,6.415920,162.997560,192.393667,2.069758,0.000000,33
356.804549,37.339835,161.523192,151.973864,5.890135,0.077523,31
336.372626,20.289767,157.521020,158.561839,0.000000,0.000000,30
341.308224,63.456316,116.984406,154.440383,6.427119,0.000000,30
351.088729,73.489189,107.883913,154.696202,15.019425,0.000000,31
338.107946,77.625304,94.696497,153.935485,0.000000,11.850660,31
330.398968,75.848501,102.560366,144.800557,0.000000,7.189544,32
327.251406,85.440867,93.215447,144.923762,0.000000,3.671330,32
328.484302,90.991471,87.933021,147.985634,0.000000,1.574176,33
307.900385,70.002979,91.539342,146.358064,0.000000,0.000000,32
314.568013,77.590797,80.802900,151.904875,0.000000,4.269441,34
306.272167,75.605378,78.923764,150.108794,1.634231,0.000000,34
301.653018,62.707568,71.706493,159.921615,0.000000,7.317342,34
300.586638,75.286021,45.706368,167.471807,7.326003,4.796439,36
287.800680,83.454355,34.508652,164.640982,0.000000,5.196691,35
271.642748,70.025073,36.093871,160.167467,0.000000,5.356337,34
271.415035,70.692540,49.188852,143.282040,0.000000,8.251603,33
260.104454,56.788339,81.482613,119.026849,0.000000,2.806653,33
255.848245,50.436624,95.797281,105.408252,0.000000,4.206088,33
279.251467,52.393701,104.129373,110.022502,0.000000,12.705891,34
309.247451,33.092553,105.012758,111.130224,1.952024,58.059892,33
297.453078,12.388930,107.278589,108.786180,0.000000,68.999379,29
297.821709,0.000000,102.169576,116.646477,0.000000,79.005656,29
286.383124,5.508590,81.565012,115.679853,0.000000,83.629669,29
292.029647,3.403958,81.069430,128.443702,11.972015,67.140542,30
296.145762,9.387937,78.415377,136.265220,7.771422,64.305806,30
284.975226,13.495634,87.054348,113.389746,0.000000,71.035498,29
289.065877,17.419710,87.428448,114.816966,0.000000,69.400753,29
290.969768,15.019425,87.582174,120.821469,3.224833,64.321867,29
315.701806,16.884676,81.602028,154.922094,0.000000,62.293008,32
310.776915,13.942213,80.652702,158.607872,0.000000,57.574128,33
304.065172,10.400920,81.133523,162.440412,0.000000,50.090317,32
306.494207,11.187842,84.892447,153.525788,3.416442,53.471688,32
326.039800,19.354930,78.205328,160.776542,13.633899,54.069101,33
328.550531,27.060207,75.967719,178.154095,0.000000,47.368510,31
338.956317,27.012631,75.869473,173.001394,0.000000,63.072819,31
330.609111,18.861645,82.553003,163.909183,0.000000,65.285280,30
359.217552,19.817613,80.272865,165.907368,0.000000,93.219706,30
351.875209,13.607940,79.895127,167.245201,0.000000,91.126941,29
332.317921,15.427587,63.211191,168.307309,0.001000,85.370834,26
347.527119,30.204013,46.325429,189.306304,0.000000,81.691373,27
347.325662,22.600318,49.544469,195.581236,0.000000,79.599639,29
347.269493,15.008601,46.516116,191.574163,2.604907,91.565706,26
324.079078,10.950064,44.151175,178.049707,0.000000,90.928132,25
313.130014,9.373383,49.893294,170.987834,0.000000,82.875503,25
329.157036,7.771422,47.484587,197.359741,1.063393,75.477893,26
334.017152,1.162174,71.035498,188.113312,12.135351,61.570817,28
325.503034,17.480939,55.336256,190.383432,9.310341,52.992066,27
293.614328,48.843955,32.015996,167.908512,0.000000,44.845865,25
316.004706,51.501351,45.519751,155.096511,16.119040,47.768053,27
285.375390,61.962514,25.305294,150.784719,0.000000,47.322863,23
292.278982,59.134569,31.434486,136.233741,8.836274,56.639912,23
294.231366,78.154372,27.576275,133.928871,5.547701,49.024147,23
290.938093,68.320861,21.807022,130.835076,9.762593,60.212541,23
278.498075,53.604105,15.034458,137.688810,0.000000,72.170702,20
288.106370,48.137181,29.052327,128.723785,20.412620,61.780457,20
267.426475,46.672729,24.001294,143.929622,17.781389,35.041441,20
274.614493,49.164311,39.745669,135.121123,11.735374,38.848016,19
227.513272,54.838970,6.779169,128.463348,6.738739,30.693046,15
225.300952,60.284718,18.049754,109.996801,3.936091,33.033588,14
228.668148,54.542368,17.967577,132.004712,0.000000,24.153491,15
243.368741,35.714562,13.971269,153.226262,3.007398,37.449250,18
267.751467,37.730690,32.954135,128.487105,0.000000,68.579537,17
261.215963,26.966071,37.156384,128.644662,16.265894,52.182952,17
261.619097,22.256023,69.668243,100.784290,7.244997,61.665544,16
246.073586,29.728011,79.140296,83.542952,0.000000,53.662327,14
262.409231,33.306338,95.755876,80.838158,0.000000,52.508859,17
260.509610,31.682002,88.590125,91.568454,0.000000,48.669029,18
283.694984,32.818750,82.889910,113.553287,0.000000,54.433037,22
265.938972,3.237606,84.859884,117.444158,5.666508,54.730816,22
258.987710,0.000000,97.118826,108.028189,0.000000,53.840695,23
287.048634,0.000000,102.950252,115.906487,7.914319,60.277576,25
313.142173,2.516877,105.512410,139.329169,0.000000,65.783717,27
291.489822,0.999697,77.282223,143.426077,6.441301,63.340524,27
293.140674,9.899458,69.991071,141.675780,6.790824,64.783541,26
285.507713,16.265894,64.452547,127.893189,8.816119,68.079964,23
280.935585,27.703514,45.666808,132.926573,0.000000,74.638690,24
288.073594,37.312221,48.864621,116.882270,0.000000,85.014482,24
315.220818,56.205193,49.940178,114.632158,0.000000,94.443289,25
317.703818,61.665544,47.970300,115.698682,0.000000,92.369292,27
308.851119,53.662327,52.133994,123.656326,0.000000,79.398472,27
311.750023,56.647877,53.503098,131.387330,0.000000,70.211718,27
322.486253,48.864621,45.334586,134.335554,28.699833,65.251659,26
310.085487,49.940178,47.476159,149.419070,0.000000,63.250080,25
306.853913,58.697838,37.810328,153.589684,0.000000,56.756063,25
329.460690,61.670948,39.695043,149.358161,0.000000,78.736538,26
338.348401,39.668078,45.555928,151.175239,0.000000,101.949156,25
364.503160,54.617468,38.498570,157.032280,0.000000,114.354842,26
376.575621,41.911431,77.886339,133.643149,12.232041,110.902661,25
366.980418,39.281517,91.175874,110.982416,25.419996,100.120615,23
330.804071,41.082589,105.898438,72.592351,5.181205,106.049488,18
278.441362,6.600589,118.813548,46.635647,16.291070,90.100508,13
294.651023,0.000000,117.874883,72.737993,0.000000,104.038147,15
291.130597,9.469327,110.818966,63.343230,8.533480,98.965594,16
289.688014,0.000000,115.280504,82.604432,0.000000,91.803078,19
286.625756,0.000000,101.471193,97.336918,4.230085,83.587560,21
280.042088,3.293780,113.636688,73.997524,4.415452,84.698644,19
303.441208,4.330579,150.752639,51.780239,7.815918,88.761833,22
298.143909,17.693458,141.328380,45.619988,0.000000,93.502083,21
325.242129,4.765481,143.437169,63.917145,0.000000,113.122334,26
324.063956,11.691350,136.570394,60.608570,24.090074,91.103568,27
264.388960,14.577984,157.812642,4.076838,0.000000,87.921496,24
270.549353,14.580575,156.067442,11.782638,15.938987,72.179711,25
256.303400,8.015968,157.356798,1.544324,0.000000,89.386310,22
252.481051,15.558670,144.275835,0.000000,0.000000,92.646546,22
263.328614,2.635008,152.058463,31.386207,7.935639,69.313297,23
261.125461,28.250138,146.443887,6.827528,8.167722,71.436186,22
242.594496,0.000000,136.491232,19.564500,6.842421,79.696343,17
256.309430,0.000000,144.593487,15.082614,4.667200,91.966129,16
262.615938,6.175497,147.168579,26.856290,21.727037,60.688535,16
262.386407,30.091610,137.303630,12.012910,14.925632,68.052625,15
235.734858,23.340952,135.651850,14.279981,0.000000,62.462075,13
250.850409,34.480284,130.658682,9.609567,0.000000,76.101876,14
247.533907,44.322599,113.011197,5.509780,0.000000,84.690331,15
280.440003,48.327411,111.863429,10.201856,0.000000,110.047307,15
290.068716,49.739482,110.585338,15.288724,0.000000,114.455172,15
291.672812,42.909154,111.027753,20.359032,0.000000,117.376873,15
292.496410,43.400070,107.070035,23.598276,0.000000,118.428029,16
285.024669,38.154159,105.952589,25.760232,1.188322,113.969367,17
305.457871,36.268499,119.271533,21.499594,2.719932,125.698313,18
302.850293,42.285494,106.949814,24.158860,0.000000,129.456125,18
323.123990,46.730607,95.844102,24.954358,8.782971,146.811952,18
328.254362,38.424302,95.504404,51.770720,0.000000,142.554936,19
329.667127,29.166008,94.991167,55.304265,15.095960,135.109727,18
340.939537,23.183447,145.681156,22.583828,9.395170,140.095936,20
344.016350,34.214170,138.791242,36.106716,18.429580,116.474642,21
343.461958,35.762261,156.670578,41.021107,0.000000,110.008012,22
341.365180,31.985489,152.176922,54.810905,2.519131,99.872733,23
321.431680,25.604016,145.780519,52.611926,0.000000,97.435219,22
323.123718,25.456118,158.261853,43.868355,0.000000,95.537392,22
382.584552,41.290107,151.132949,44.223485,0.000000,145.938011,23
397.255353,42.237278,156.678324,58.520886,0.000000,139.818865,24
410.921487,47.344408,152.345246,66.985028,8.191670,136.055135,26
420.205286,33.663369,160.122825,59.350946,0.000000,167.068146,23
407.840591,18.555612,156.467770,59.754451,10.933183,162.129575,21
401.443781,19.521949,162.880026,47.831045,8.141881,163.068880,20
404.121170,8.794115,155.864905,54.030556,0.000000,185.431594,19
384.775998,0.106997,156.126013,36.186446,14.941640,177.414902,17
393.245679,22.201056,165.849710,16.319314,5.056199,183.819400,18
378.536341,16.906880,163.884470,33.590031,4.233910,159.921050,19
375.179808,19.068380,146.193764,49.559227,0.000000,160.358437,21
371.092191,13.201655,142.524406,58.878684,0.000000,156.487446,22
391.537839,18.835645,132.414318,76.624112,0.001000,163.662764,23
419.280768,37.489788,126.703159,73.063064,19.320078,162.704679,24
407.886590,57.481882,113.254508,67.064139,0.000000,170.086061,23
471.591249,54.367626,116.447666,65.900877,0.000000,234.875080,24
473.142612,59.418698,107.278023,70.075021,6.011877,230.358993,23
454.816875,43.278680,147.670522,29.799329,10.931318,223.137026,23
415.227351,16.788822,146.162097,33.302414,13.374203,205.599815,19
386.405500,5.056199,158.088998,14.222576,3.600640,205.437087,16
380.225017,6.869520,158.201679,11.507826,0.000000,203.645992,16
387.847822,0.000000,165.339883,0.000000,0.000000,222.507939,17
395.572597,11.755375,147.693174,4.706411,2.085945,229.331692,17
404.139043,12.032068,148.894035,2.480344,8.984058,231.748538,17
408.455503,40.412538,129.392142,7.600240,0.000000,231.050583,19
405.177568,47.406147,120.678316,18.379928,0.000000,218.713177,20
405.383003,40.867682,115.268966,21.110232,8.865362,219.270761,20
439.913389,48.162472,117.223974,27.241300,13.093531,234.192112,22
410.489589,35.557751,129.700564,47.146531,0.000000,198.084743,22
413.510045,38.177011,140.736851,40.518849,0.000000,194.077334,23
405.931489,33.453108,148.660947,27.935721,8.739064,187.142649,22
427.248842,38.891769,150.339799,38.068717,0.000000,199.948557,22
459.090355,42.865788,158.699288,35.251775,0.000000,222.273504,25
461.703920,45.958261,167.070305,21.286991,0.000000,227.388363,26
462.683773,46.247180,178.552159,11.486024,0.000000,226.398410,26
464.926203,43.160229,179.976797,23.767240,0.000000,218.021937,28
492.392780,41.183112,176.487836,34.844019,0.000000,239.877813,30
504.783563,38.847730,191.786759,20.631065,18.935940,234.582069,31
489.485729,40.900965,216.380723,0.000000,0.000000,232.204041,28
497.786635,46.890813,212.670655,0.000000,11.043022,227.182145,29
492.528092,64.390393,187.462709,8.196986,1.471441,231.006563,29
483.382664,66.198532,173.027868,16.318402,15.181394,212.656468,27
480.283716,121.688782,112.044850,26.584996,0.000000,219.965088,27
483.477797,123.531911,126.084053,21.036152,0.000000,212.825681,26
467.030492,100.611419,128.310038,19.948449,4.780704,213.379882,25
462.280062,96.491707,113.141112,24.963364,4.923347,222.760532,25
426.803644,67.486188,117.898086,11.344750,0.000000,230.074620,23
431.641297,87.783256,109.026697,4.963604,6.911303,222.956437,25
431.146550,85.459591,114.488966,6.846110,7.967504,216.384379,25
427.453928,87.297271,129.308426,0.000000,0.000000,210.848231,23
431.245028,61.859953,133.135728,8.625442,6.985488,220.638417,20
431.946547,48.718233,141.272814,8.978670,0.000000,232.976830,19
407.964535,29.634774,143.863568,9.336685,0.000000,225.129508,20
417.767936,38.492179,136.931670,7.491648,0.000000,234.852439,20
447.374932,39.172262,126.326407,38.290049,15.649554,227.936660,23
464.888134,36.604951,144.656243,55.004234,7.890836,220.731870,27
455.527068,31.036779,137.949369,55.828569,7.639313,223.073038,25
444.439738,32.319900,150.303632,39.148807,25.113796,197.553603,25
462.931733,41.614113,146.059575,67.907119,0.000000,207.350926,26
476.403023,49.200020,161.690056,45.365440,8.477681,211.669826,28
478.291685,36.355825,186.404707,29.979672,0.386000,225.165481,27
431.474900,0.000000,196.154655,22.456511,0.000000,212.863734,23
435.419171,21.724718,167.244152,29.112357,0.000000,217.337944,25
440.741149,25.181106,168.456382,29.580728,3.044174,214.478759,26
429.884006,25.323936,172.595917,14.018794,0.000000,217.945359,26
442.460229,37.433694,169.345349,12.141807,0.000000,223.539379,27
438.092790,52.230109,152.139364,13.068457,2.000800,218.654060,27
420.865741,43.834270,152.357568,5.779200,0.000000,218.894703,24
447.976453,44.195848,143.188404,6.173845,0.000000,254.418356,24
420.479185,22.802685,135.334083,9.718548,0.000000,252.623869,23
424.617010,26.984308,127.770512,13.903467,0.000000,255.958723,22
428.834592,38.892793,113.346880,18.383438,15.736969,242.474512,23
404.205658,16.873621,116.008768,30.770195,5.436141,235.116933,22
419.027806,14.031367,141.423572,12.414842,0.000000,251.158025,24
402.192354,17.682387,122.756566,15.426598,6.038174,240.288629,21
401.025429,22.456511,129.743908,2.274555,0.000000,246.550455,22
404.834669,9.536622,139.821871,0.000000,0.000000,255.476176,21
415.061227,7.232996,147.727240,3.298084,8.640658,248.162249,23
427.684547,18.439354,158.021560,11.172231,0.646427,239.404975,24
430.690442,24.431830,154.120609,5.368884,0.000000,246.769119,23
446.235933,25.210264,155.666885,11.663430,0.000000,253.695354,25
447.011548,15.069257,155.699849,10.579724,0.000000,265.662718,23
488.516836,9.601808,165.001923,17.852772,0.000000,296.060333,25
490.064010,33.887542,144.760461,10.620492,0.000000,300.795515,25
493.956029,45.781981,128.426398,44.686324,20.101922,254.959404,27
475.941072,40.015243,124.347095,73.324506,0.000000,238.254228,23
483.230429,58.602464,125.310375,57.650695,0.000000,241.666895,24
497.724256,52.498630,134.268688,56.094849,0.000000,254.862089,26
488.913225,28.375298,150.576374,53.418086,0.000000,256.543467,26
469.759949,11.011706,148.603572,47.338430,40.048779,222.757462,25
451.816737,11.818658,187.533080,27.336763,0.000000,225.128236,22
461.079734,12.306255,183.687556,27.545688,0.000000,237.540235,23
476.131246,0.000000,184.608091,28.169126,3.349871,260.004158,20
518.606031,0.000000,191.219424,67.879704,6.563590,252.943313,24
533.925290,0.000000,204.300748,64.002583,0.000000,265.621959,25
532.898281,2.245674,200.723614,64.087138,0.000000,265.841855,25
545.228348,6.859786,206.942323,51.581015,5.311087,274.534137,26
547.614597,7.215285,249.666827,16.491437,11.756638,262.484410,25
551.992066,19.788815,232.789787,36.619363,0.790394,262.003707,27
554.593064,20.074954,238.321354,26.234325,14.686957,255.275474,26
599.109659,28.877906,246.183420,25.187926,6.688643,292.171764,28
606.156197,32.047125,254.970154,15.348764,0.000000,303.790154,29
609.740684,30.110141,263.490181,7.121052,1.466599,307.552711,30
617.729828,49.259009,251.326977,11.479264,7.641186,298.023392,32
593.788200,18.599916,259.570871,22.913738,0.000000,292.703675,29
639.319815,21.663842,256.028255,23.566096,41.144140,296.917482,30
614.671270,3.141788,260.196204,52.004611,13.048050,286.280617,30
586.866535,0.000000,239.571683,60.320782,0.000000,286.974070,29
590.655166,0.000000,243.240838,53.854235,0.000000,293.560093,28
591.815648,0.000000,252.915561,48.461457,0.000000,290.438630,29
600.978181,0.000000,280.760574,29.366491,2.454459,288.396657,29
598.616816,27.388315,256.149695,41.129871,25.159433,248.789502,29
576.021583,23.830294,256.384228,46.130025,0.000000,249.677036,28
574.668251,26.065146,264.553105,30.888464,3.971895,249.189641,28
585.303590,20.073928,265.269483,45.777484,2.341806,251.840889,29
582.929400,37.730736,244.387072,48.155061,0.000000,252.656531,29
594.878710,28.248075,248.237875,51.523735,0.000000,266.869025,29
598.022006,30.677209,262.675988,42.153766,0.000000,262.515043,28
614.047522,30.735904,258.822206,47.914373,0.000000,276.575039,30
612.499212,31.979999,264.216757,44.067957,0.000000,272.234499,30
608.086620,34.564040,257.617280,50.930507,5.447263,259.527530,31
598.374014,37.810364,247.473559,44.398984,4.816017,263.875090,29
608.012836,40.464220,249.324533,47.178091,0.000000,271.045992,30
623.588864,47.125800,248.827560,45.720084,4.697816,277.217604,31
647.417527,45.131984,251.549244,54.115334,0.000000,296.620965,34
655.172012,52.911079,231.297709,67.255005,0.000000,303.708219,34
680.593034,57.397633,235.582357,74.897094,0.000000,312.715950,35
691.693361,49.813344,257.205696,54.463867,0.000000,330.210454,35
681.387850,37.767259,261.336805,53.364809,0.000000,328.918977,34
761.856155,36.509798,277.315468,55.109623,0.000000,392.921266,39
740.227507,22.975340,276.377177,52.365021,0.000000,388.509969,38
756.404663,29.984678,271.664309,55.515240,28.916729,370.323707,38
725.243788,11.928858,272.104309,65.550681,22.199429,353.460511,38
700.038922,18.785161,274.042870,52.985685,0.000000,354.225206,36
707.217497,58.676333,239.543467,55.453083,19.695648,333.848966,37
700.523318,59.703218,249.189641,57.930926,5.442933,328.256600,37
705.887088,55.511660,250.596918,66.026859,0.000000,333.751651,39
722.749953,59.063795,245.940909,65.614336,0.000000,352.130913,41
715.034801,52.732519,248.516410,64.064411,8.556751,341.164710,42
735.785540,89.474556,219.768529,69.643237,6.598581,350.300637,45
733.921346,79.950222,221.098403,59.859339,0.000000,373.013382,42
746.427301,75.114881,217.458005,69.458299,7.004432,377.391684,44
735.875016,67.366682,231.569690,62.795086,0.000000,374.143558,43
720.824930,79.586359,217.088621,53.986660,5.121424,365.041866,41
673.433736,53.364809,206.957277,42.859393,22.889128,347.363129,34
632.529038,18.534525,211.112122,53.204391,9.127060,340.550940,31
604.379880,4.849000,216.238082,47.140257,4.525263,331.627278,25
599.096414,8.430537,202.409170,55.191467,0.000000,333.065240,24
586.127189,4.510353,216.889209,40.684801,0.000000,324.042826,26
597.258471,9.639676,209.854046,46.755703,0.662698,330.346348,27
604.272162,16.137652,200.238941,44.648692,7.580887,335.665990,28
568.214326,5.539167,180.477229,48.355916,0.000000,333.842014,27
561.549414,25.677782,150.302645,46.972932,0.000000,338.596055,26
543.408100,7.939653,152.418828,39.811415,1.875813,341.362391,26
546.929168,5.442933,157.795784,32.744902,5.074677,345.870872,26
534.910888,3.004340,167.509265,17.561070,10.993641,335.842572,25
537.443079,3.989242,168.897829,29.301491,3.476262,331.778255,24
526.383128,0.000000,169.169131,26.236186,0.000000,330.977811,24
558.057599,30.960524,137.014210,32.958444,13.624753,343.499668,25
518.945481,0.000000,140.741925,44.856692,2.775634,330.571230,20
522.898620,0.000000,139.393476,51.945809,0.000000,331.559335,20
517.809231,4.418740,132.403021,56.785281,3.834813,320.367376,20
520.202636,22.319343,122.896393,46.468429,0.000000,328.518471,20
495.074112,0.000000,132.758183,46.816227,0.000000,315.499702,20
509.963888,0.000000,130.132130,55.738161,1.900251,322.193346,20
521.737581,0.000000,133.732311,68.115058,0.000000,319.890212,22
531.879458,8.148333,129.374449,72.991615,0.000000,321.365061,23
523.966844,8.301006,124.908256,76.657052,9.188943,304.911587,23
540.220533,15.524318,132.513875,60.381678,12.050115,319.750547,23
525.926790,4.129095,149.362358,53.796862,9.279142,309.359333,22
542.933848,16.481647,160.588609,41.922527,0.253606,323.687459,21
541.791602,14.626387,158.632150,52.256702,0.000000,316.276363,21
541.902043,12.542730,168.171386,37.516137,24.817112,298.854678,22
513.072040,20.593155,191.404954,0.000000,0.000000,301.073931,19
557.273630,19.159971,198.940428,6.076695,3.665857,329.430679,21
542.952340,16.916415,199.819210,0.000000,3.871581,322.345134,21
546.055765,18.413297,199.855978,1.606470,0.000000,326.180020,22
558.610202,10.774283,210.355618,6.952672,0.000000,330.527629,23
559.675241,0.000000,197.683228,13.004548,8.692421,340.295044,23
551.170420,9.155490,190.272398,13.525285,0.000000,338.217247,23
535.653283,29.881484,154.006163,15.251831,6.040664,330.473141,22
519.235689,6.963732,157.030630,12.717007,8.600797,333.923523,22
515.190191,14.608999,155.138638,9.165121,0.000000,336.277433,21
521.146307,12.182681,155.128456,9.964455,0.000000,343.870715,21
523.644718,7.759772,161.396788,15.102266,0.000000,339.385892,23
508.423231,0.000000,167.219912,7.371977,3.756493,330.074849,23
545.644299,0.000000,197.454271,14.380350,49.085324,284.724354,28
492.464437,0.000000,203.918037,0.235719,0.000000,288.310681,24
501.000961,0.640602,198.601426,0.000000,0.000000,301.758933,24
493.946555,0.000000,207.167512,0.000000,3.173588,283.605455,23
508.656259,0.000000,198.597081,13.887768,14.463004,281.708406,25
494.809246,16.293585,188.957299,9.225410,9.255432,271.077520,24
504.655169,12.717007,190.732013,29.468015,0.000000,271.738134,25
524.239244,0.122384,196.804039,62.717325,0.000000,264.595496,27
548.709439,9.042737,189.620307,69.593903,0.001000,280.451492,28
532.865506,6.355676,186.276532,62.062844,0.000000,278.170454,26
520.561125,3.756493,185.368495,56.782384,0.000000,274.653753,25
539.778508,13.365298,171.391747,71.225709,8.333500,275.462254,26
546.394558,13.482388,174.011035,73.095523,0.000000,285.805612,26
542.631068,8.209443,173.053447,88.002510,3.879204,269.486464,27
527.983134,0.000000,200.715355,57.119909,1.004035,269.143835,25
526.963545,17.953532,207.434816,27.518791,0.000000,274.056406,24
35.618758,0.000000,11.288423,2.889600,3.648805,17.791930,2
76.334140,3.648805,24.198521,26.093223,19.523525,2.870066,5
73.992997,21.615059,8.482901,34.204398,0.000000,9.690639,6
71.234836,18.991895,17.034295,28.376249,0.000000,6.832397,6
71.642208,16.962976,21.437832,22.775795,0.000000,10.465605,7
69.249074,19.523525,28.376249,16.491643,0.000000,4.857657,6
67.785623,18.388854,32.338580,14.516903,2.541286,0.000000,7
73.615992,21.416226,33.263006,13.688471,0.000000,5.248289,8
64.578302,18.685610,31.039939,14.079103,0.000000,0.773650,9
66.334324,25.506183,30.180114,6.021939,0.000000,4.626088,9
67.322821,22.775795,34.802103,0.000000,0.000000,9.744923,9
77.449280,15.323262,29.223764,16.218609,0.000000,16.683645,8
85.730803,17.058189,36.505209,11.826022,11.253501,9.087882,8
66.758648,5.248289,36.793414,20.341383,0.000000,4.375562,7
70.403409,24.193742,32.167405,4.375562,9.666700,0.000000,6
74.964515,42.647177,23.130144,3.328912,0.000000,5.858282,6
78.965370,24.806735,30.590126,0.000000,2.716493,20.852016,6
109.969902,41.224905,12.143794,20.611909,0.000000,35.989294,8
104.337161,43.570839,11.290100,30.974034,0.000000,18.502188,9
103.034459,35.273938,39.307534,7.481252,9.812417,11.159318,10
107.212175,39.742586,33.232256,10.423112,0.000000,23.814221,10
92.719602,12.278409,34.363457,26.050753,14.509293,5.517690,8
103.754684,25.751004,18.502188,43.243380,0.000000,16.258112,9
103.278594,20.976397,16.452038,49.419367,4.354869,12.075923,9
95.826896,17.904364,38.323514,28.355091,0.000000,11.243927,9
165.079311,10.513230,60.009198,40.801397,9.152660,44.602826,14
169.519292,0.507706,66.080781,65.935881,0.000000,36.994924,13
190.936586,9.950799,64.329215,72.253877,0.000000,44.402695,15
185.305009,0.000000,54.108311,72.414681,19.272197,39.509820,15
169.267231,0.000000,57.059509,76.355992,13.495533,22.356197,15
237.449982,0.000000,56.935994,105.924628,10.381123,64.208237,18
245.219434,0.000000,82.189116,87.763969,11.604183,63.662166,18
232.328267,0.000000,102.378867,71.048695,0.000000,58.900705,17
232.328267,0.000000,115.873400,62.477528,0.000000,53.977339,17
242.754125,5.177787,108.456641,71.241521,7.770494,50.107682,19
245.035853,0.000000,109.164615,79.120055,13.220294,43.530889,18
247.467248,2.869566,131.603211,60.981478,2.680688,49.332305,18
243.994442,0.000000,125.249228,64.503114,4.278350,49.963750,18
251.204456,0.000000,130.183995,57.878176,0.000000,63.142285,19
256.861345,4.843283,123.437260,57.265423,0.000000,71.315379,20
262.999309,3.205498,137.360582,49.245603,0.000000,73.187626,20
270.414162,4.318986,138.756310,54.674417,6.564129,66.100320,21
262.160996,7.851715,122.097685,66.884713,0.000000,65.326883,21
258.315686,5.643818,116.454867,79.964937,0.000000,56.252064,22
254.635519,0.000000,129.142247,69.216113,0.000000,56.277159,22
279.380263,12.036275,111.166495,67.680891,18.175203,70.321399,21
248.826320,0.000000,94.239407,78.658977,5.149000,70.778936,20
241.305179,7.770494,77.517951,78.454344,0.000000,77.562390,18
264.519565,3.365004,87.515226,84.720724,0.000000,88.918611,21
269.500339,6.258236,103.626727,66.963291,5.814812,86.837273,21
277.439601,13.220294,98.543312,88.496602,6.038132,71.141261,23
278.668053,6.750853,104.701129,89.536681,2.843853,74.835537,24
264.614743,0.000000,103.706852,83.434973,4.843283,72.629635,22
279.017325,7.533035,98.706872,98.204215,0.000000,74.573203,24
290.755605,16.266741,93.257597,103.759897,1.127648,76.343722,25
286.017070,26.816657,84.766646,104.016617,14.197498,56.219652,24
292.144926,26.003892,76.691415,115.583615,0.000000,73.866004,21
301.557855,14.076515,81.878306,141.284395,0.000000,64.318639,24
329.523274,6.073828,83.890661,148.667616,0.000000,90.891169,25
333.054654,2.063051,99.574490,144.123612,4.577929,82.715572,26
328.843475,0.000000,131.439091,111.014261,0.000000,86.390123,26
342.246009,0.000000,147.500792,96.954344,8.023453,89.767420,27
351.398581,0.000000,166.424468,95.761430,0.000000,89.212683,27
355.359698,0.000000,173.892186,92.384301,14.094323,74.988888,28
364.493133,3.066895,159.956131,107.909626,2.529482,91.030999,26
359.963306,0.000000,159.900987,135.091425,0.000000,64.970894,26
359.579862,4.612304,156.199410,132.541204,0.000000,66.226944,26
341.767657,25.833063,122.321157,134.804658,0.000000,58.808779,25
339.720831,20.564499,141.305993,126.657615,5.965593,45.227131,26
343.196681,57.562082,124.595108,115.343545,6.000400,39.695546,26
347.475210,74.835537,106.733007,114.822616,0.000000,51.084050,26
361.825311,77.472918,129.312799,98.247360,0.000000,56.792234,27
371.639159,86.619611,127.801908,94.979083,0.949359,61.289198,28
360.116303,82.236158,115.965781,100.701680,15.356417,45.856267,27
354.212674,78.762928,118.641456,110.727919,0.000000,46.080371,27
356.776346,79.016729,110.851619,122.870575,33.126973,10.910450,28
313.571991,59.868020,123.393846,94.607086,0.000000,35.703039,23
319.026770,74.736452,118.876985,83.654759,0.000000,41.758574,24
313.284024,74.802814,112.370615,94.698570,0.000000,31.412025,24
313.393499,72.771635,110.790492,100.946461,0.000000,28.884911,25
318.593655,87.293501,100.701680,105.547459,3.681675,21.369340,25
332.720114,93.070814,109.918177,96.394014,10.324968,23.012141,26
336.767134,93.420046,121.309682,92.825872,0.589177,28.622357,26
339.846824,94.069966,121.478107,110.334942,0.000000,13.963809,28
337.597175,89.767420,118.934553,111.558349,17.336853,0.000000,29
318.410633,89.365238,106.908630,122.136765,0.000000,0.000000,28
319.724763,94.633228,101.379743,118.254839,5.456953,0.000000,29
335.469103,95.717878,100.829657,135.995759,2.925809,0.000000,30
345.608394,92.407575,109.650291,136.346949,6.786036,0.417543,31
338.572232,81.960697,118.424617,125.655829,12.531089,0.000000,32
324.326400,79.240803,106.140467,124.771035,2.932384,11.241711,30
334.549077,92.181075,84.113345,147.850644,0.000000,10.404013,30
370.306407,102.095853,92.852611,144.199110,10.489164,20.669669,32
358.979436,125.623246,69.428731,146.974008,0.000000,16.953451,31
373.469642,127.128447,67.328550,152.126639,6.027016,20.858990,31
377.282799,139.793957,72.488828,150.999658,0.000000,14.000356,31
369.577963,140.434824,72.122495,143.013010,5.983307,8.024327,31
341.784698,124.295934,78.063892,133.203353,0.000000,6.221519,29
375.370034,112.735702,75.664132,139.423872,11.166601,36.379727,32
379.188382,117.697339,71.430883,149.075791,0.000000,40.984369,34
394.754515,106.788889,84.289715,159.576574,0.000000,44.099337,34
401.675989,99.353221,85.047478,161.806453,0.000000,55.468837,35
397.956515,97.612924,89.085216,155.241762,0.000000,56.016613,35
382.130284,93.858168,85.575573,153.471869,2.705748,46.518926,35
364.446050,98.088630,80.161694,137.156526,15.944968,33.094232,34
332.693654,81.413783,70.341836,153.558187,0.000000,27.379848,31
337.559112,88.905989,66.409172,153.005743,17.327716,11.910492,32
324.722241,85.604978,65.624347,164.117149,0.000000,9.375767,32
334.064222,95.098669,56.262221,171.654500,0.000000,11.048832,32
363.978562,99.298973,55.982768,179.797189,0.000000,28.899632,35
354.217310,85.765829,65.233829,178.744409,0.000000,24.473243,34
355.661841,92.776493,47.310708,189.704397,0.000000,25.870243,36
379.482087,107.691764,32.869313,191.788828,2.157647,44.974535,37
380.309687,106.480847,33.508542,189.217296,0.000000,51.103002,37
399.326270,99.827376,39.795938,192.363035,4.274657,63.065264,38
402.659352,120.268823,26.249854,195.945333,2.150195,58.045147,38
400.360068,122.161911,39.463144,177.396691,21.969816,39.368506,39
368.514226,93.157308,48.106447,189.487394,1.965461,35.797616,36
363.482926,94.527992,44.186811,192.075489,3.750625,28.942009,37
371.722647,101.327413,51.774081,186.415005,9.400981,22.805167,38
370.637151,101.242307,47.201001,189.775236,0.000000,32.418607,38
374.929169,96.049541,55.468837,180.674150,0.000000,42.736641,39
387.365507,91.329187,45.943271,224.551486,1.305217,24.236346,43
400.490494,103.228759,36.755615,215.843275,1.468359,43.194486,42
387.902894,100.754281,63.045609,183.535548,0.000000,40.567456,40
381.174151,91.759560,60.343475,191.401499,16.709539,20.960078,39
373.662622,89.108889,93.226197,176.655690,0.000000,14.671846,36
368.122732,105.873012,76.031814,172.903684,13.314222,0.000000,37
359.552800,107.140582,72.104159,175.993305,0.000000,4.314754,36
333.710772,63.821251,84.159265,167.477311,0.000000,18.252945,34
324.912625,51.853155,87.411780,171.309133,0.000000,14.338557,34
291.320208,22.668742,119.723012,134.917346,0.000000,14.011108,30
288.380421,29.102254,108.837299,139.958221,0.000000,10.482647,30
293.487250,34.640985,129.724797,114.511069,14.610399,0.000000,30
286.383133,53.705200,138.832516,83.918458,0.000000,9.926959,27
302.563214,54.294522,134.367577,98.588089,15.313026,0.000000,29
261.488972,45.524382,142.366124,73.598466,0.000000,0.000000,28
266.782287,55.132099,139.958221,64.472438,0.000000,7.219529,28
287.297051,61.360616,124.287074,69.691408,9.674133,22.283820,29
287.376107,66.590191,114.511069,83.732814,0.000000,22.542033,29
308.813000,68.134784,114.512232,85.188720,0.000000,40.977264,31
291.511558,50.312254,115.220593,93.333093,13.420377,19.225241,29
288.748564,80.055286,92.562269,76.776595,0.000000,39.354414,29
281.732460,69.476431,97.720375,72.176193,10.082293,32.277168,28
230.371771,55.030738,88.820808,63.306217,0.000000,23.214008,25
254.943032,50.773247,91.460279,86.968725,6.979098,18.761683,28
245.439719,52.069424,91.360448,81.528210,0.000000,20.481637,29
241.087999,51.861843,91.589041,77.287549,15.654538,4.695028,30
220.341803,58.327348,116.469656,36.728639,0.000000,8.816160,25
216.017207,59.155683,107.317125,37.877718,0.000000,11.666681,26
219.714614,54.537980,109.280625,55.896009,0.000000,0.000000,27
248.637233,55.372946,105.725301,78.798064,3.931243,4.809679,29
265.077720,40.718492,101.675288,86.678697,19.962340,16.042903,27
251.740615,46.013497,106.400875,83.563654,15.762589,0.000000,26
236.152083,20.161296,115.484450,86.751588,9.163013,4.591736,23
228.652470,52.110270,91.632983,66.246134,0.000000,18.663083,20
218.794052,44.979221,95.168577,69.453204,0.000000,9.193050,21
253.993516,43.914256,112.914320,63.657987,22.000637,11.506316,22
231.540126,33.096639,123.000611,59.202308,16.240568,0.000000,19
269.687667,77.937775,74.489317,82.637372,6.795605,27.827598,20
274.977160,103.914220,64.850637,76.049966,0.000000,30.162337,19
267.385074,101.069691,63.657987,78.898333,0.000000,23.759063,19
278.351863,87.750239,65.052572,84.556723,15.634832,25.357497,18
224.931075,29.570602,106.518580,60.493740,12.976893,15.371260,15
213.005530,44.028796,146.572828,10.344071,12.059835,0.000000,16
211.952955,73.732235,106.633321,28.199314,0.000000,3.388085,14
241.583652,75.442876,109.129125,30.586381,7.291544,19.133726,16
216.201027,43.411417,119.836201,10.364372,0.000000,42.589037,13
198.190615,21.389935,127.193801,8.769354,0.000000,40.837525,13
192.212644,30.433166,118.408569,8.840439,0.000000,34.530470,14
176.515165,23.759063,105.027976,16.215827,8.611738,22.900561,13
172.988587,31.192112,103.905213,24.148769,7.363530,6.378963,12
136.215850,11.780222,120.216036,0.000000,0.000000,4.219592,11
143.263376,11.811799,115.499008,0.000000,0.000000,15.952569,12
122.438989,11.443540,98.444577,0.000000,0.000000,12.550872,12
128.172496,9.059500,93.225899,7.951550,0.758500,17.177047,13
139.319921,15.114897,90.151264,0.000000,7.061698,26.992062,13
143.225657,19.133726,102.322171,0.000000,0.000000,21.769760,14
169.623418,20.780902,106.595231,21.844281,7.358755,13.044249,16
174.717789,42.589037,90.272248,33.591024,0.000000,8.265480,16
144.621758,22.900561,80.352582,41.368615,0.000000,0.000000,14
167.236370,20.760335,131.533628,0.000000,2.242156,12.700251,15
177.799854,17.962085,135.113300,7.143143,0.000000,17.581326,17
175.619153,33.888116,117.475738,1.166916,0.000000,23.088383,15
182.303028,57.291302,91.462134,2.718714,0.000000,30.830878,15
174.205028,69.128027,81.843411,0.000000,3.596146,19.637444,15
173.273328,71.847846,76.848507,4.340500,0.000000,20.236475,15
186.608270,69.239347,76.735808,15.296944,4.939531,20.396640,17
151.154684,51.412834,58.538162,13.251083,0.000000,27.952605,14
144.584695,30.672847,61.359905,14.581630,0.000000,37.970313,14
159.350714,27.964475,60.742328,20.396640,3.423677,46.823594,14
135.704526,16.250554,75.692032,0.000000,0.000000,43.761940,12
141.519802,1.166916,83.338020,0.000000,7.599250,49.415616,11
154.023505,0.000000,90.878904,0.000000,16.147466,46.997135,10
142.926387,6.351394,80.513779,0.558753,0.000000,55.502461,9
140.242943,0.000000,88.096800,9.755269,0.000000,42.390874,9
143.637330,3.247653,91.343722,0.000000,0.000000,49.045955,10
151.519389,6.394446,87.385929,1.151633,0.000000,56.587381,11
161.732799,0.825094,87.712468,4.640536,0.000000,68.554701,11
158.280579,0.000000,84.112477,9.708252,0.000000,64.459850,12
147.585955,7.599250,70.028634,5.663084,7.719282,56.575705,11
127.997982,0.000000,56.061214,7.661957,23.245727,41.029084,11
105.890994,15.371336,48.070768,7.621860,8.602359,26.224671,6
121.923832,17.662366,43.693346,24.006790,0.000000,36.561330,6
147.457296,15.381239,43.415527,69.528639,0.000000,19.131891,10
141.996852,12.613918,49.445644,65.320046,8.319552,6.297692,11
141.707015,19.098257,51.088201,59.196476,5.137099,7.186982,10
154.769299,21.795657,51.987397,71.313593,9.672652,0.000000,11
139.603218,16.224219,55.577511,62.903019,4.898469,0.000000,11
125.038975,35.763178,43.360277,45.915520,0.000000,0.000000,11
125.847519,26.484921,92.339988,0.803268,0.000000,6.219342,11
129.353938,29.409219,84.836377,0.989273,14.119069,0.000000,11
127.331216,8.452907,86.110532,21.289989,11.477788,0.000000,9
135.239829,13.288943,112.832287,9.118599,0.000000,0.000000,10
135.466941,11.434791,116.813787,5.205959,2.012404,0.000000,11
138.343980,14.582919,116.845168,6.915893,0.000000,0.000000,11
121.934100,0.000000,121.934100,0.000000,0.000000,0.000000,11
123.486892,0.000000,114.181448,3.615357,5.690087,0.000000,13
125.616037,9.993633,111.999607,0.000000,3.622797,0.000000,12
123.502250,7.022610,109.403062,1.600840,0.000000,5.475738,12
129.440048,15.108342,107.590640,0.000000,0.000000,6.741066,13
153.983094,23.404855,105.045920,16.642319,0.000000,8.890000,14
154.986464,6.661965,123.916274,0.000000,5.643069,18.765156,15
144.421966,2.436101,121.781004,9.306455,0.000000,10.898406,15
140.686262,0.000000,117.189212,14.315261,3.150490,6.031299,16
111.255450,7.504582,86.842034,7.742084,0.000000,9.166750,13
126.755554,0.000000,83.017462,28.697271,4.057412,10.983409,12
125.137206,0.000000,83.358674,37.706793,0.000000,4.071739,13
151.784461,0.000000,123.253181,12.838642,0.000000,15.692638,15
186.032912,0.000000,130.868186,15.692638,2.540061,36.932027,15
192.740892,7.246834,127.097186,28.481827,10.990261,18.924784,16
170.292305,0.000000,119.326788,35.445712,15.519805,0.000000,14
165.669123,1.439705,111.445598,40.399606,3.793724,8.590490,13
187.468224,0.000000,120.725074,41.793559,16.741956,8.207635,15
183.088363,26.524777,109.531404,24.076586,0.000000,22.955596,13
206.045428,36.863077,104.671928,39.318539,0.000000,25.191884,17
222.582472,39.004499,107.501407,41.279455,6.058365,28.738746,19
237.588983,47.013510,103.675177,50.196994,11.543908,25.159394,20
226.168639,49.160328,105.403857,46.704244,1.347020,23.553190,19
256.493866,63.658230,91.321466,68.312659,0.000000,33.201511,21
287.550971,71.616977,86.366040,72.247272,0.762345,56.558337,22
311.540054,56.736957,120.220421,61.006187,0.000000,73.576489,23
323.619363,68.350242,108.658069,65.964933,8.889000,71.757119,24
340.231773,69.525776,114.693410,70.356654,0.000000,85.655933,25
360.687280,60.044484,117.524630,84.688621,14.004660,84.424885,27
363.809694,59.054576,116.548132,82.614936,6.083194,99.508856,27
410.939478,55.402716,144.193463,71.757119,24.465189,115.120991,28
346.779618,6.058365,170.389060,61.787866,4.071675,104.472652,21
353.271895,11.066809,179.952778,59.695195,0.000000,102.557113,22
376.124342,21.512031,169.246667,60.442021,0.000000,124.923623,23
380.135822,28.574039,164.907567,68.723570,3.228525,114.702121,24
406.123284,29.681219,168.008190,70.583150,0.000000,137.850725,26
406.613994,34.862568,161.113883,88.969498,7.790625,113.877420,28
426.849967,37.699269,164.821336,92.445388,8.518667,123.365307,28
414.595831,37.923901,155.094694,102.240567,5.053316,114.283353,29
395.656042,28.110536,168.980179,93.926886,5.007571,99.630870,28
401.784288,28.100215,172.697516,91.079431,9.200080,100.707046,28
401.736536,46.754307,180.833700,76.289063,0.000000,97.859466,29
411.695097,56.558337,174.625431,74.180410,0.000000,106.330919,30
441.132055,58.994225,172.479918,84.838075,8.825183,115.994654,32
456.193784,95.563782,156.661414,81.053000,0.000000,122.915588,31
457.528292,95.351754,159.376478,72.139754,0.000000,130.660306,33
470.476712,111.523828,148.132706,73.773476,9.322102,127.724600,35
472.040644,101.000609,152.091706,73.557205,0.000000,145.391124,35
473.807917,98.536357,150.269484,71.392251,0.000000,153.609825,35
469.382855,103.627476,144.077007,74.348089,2.310830,145.019453,35
455.805776,96.038379,145.621366,75.884873,0.000000,138.261158,35
484.682791,106.472083,145.950121,65.008540,14.772815,152.479232,38
470.292434,82.403775,160.899545,68.325596,0.000000,158.663518,36
465.584824,91.918468,154.781185,68.512877,0.000000,150.372294,37
436.520743,68.322893,145.572661,69.788303,0.870478,151.966408,36
440.035482,69.808369,156.431256,65.466434,0.000000,148.329423,37
446.663595,79.144159,142.700524,66.792543,3.667354,154.359015,37
433.283543,77.925989,143.359867,50.543535,0.000000,161.454152,35
426.434699,71.651710,138.336194,64.450080,0.000000,151.996715,35
425.167694,75.692312,135.795540,69.803079,0.000000,143.876763,36
413.732859,50.939826,142.459727,78.460073,0.000000,141.873233,35
394.905104,36.587631,145.517580,73.430749,0.000000,139.369144,34
398.451797,41.519894,144.193721,80.126896,0.000000,132.611286,35
397.730511,55.512092,132.728446,79.230817,0.000000,130.259156,36
408.635434,54.378432,126.856391,83.175968,0.000000,144.224643,36
414.945097,53.171861,122.915588,103.422262,9.345273,126.090113,36
384.461699,28.717146,127.724600,97.457998,0.000000,130.561955,32
379.141388,26.087068,155.013873,69.015364,0.000000,129.025083,31
365.418598,19.922298,154.300113,59.910423,0.000000,131.285764,30
363.769103,24.217762,183.031640,23.022689,14.069221,119.427791,28
351.855302,29.342212,193.859568,0.000000,0.000000,128.653522,26
376.999600,40.533761,183.346745,0.000000,0.000000,153.119094,26
374.146894,39.878835,187.228064,3.680736,4.608382,138.750877,26
348.224171,31.645788,173.548166,15.139352,0.000000,127.890865,25
343.508527,25.310875,172.562157,18.374359,9.137587,118.123549,26
332.094555,14.548428,193.479314,0.000000,14.269844,109.796969,23
365.514417,17.804320,201.685864,0.000000,0.000000,146.024233,22
384.974936,16.146957,199.195320,21.269748,0.000000,148.362911,26
377.342184,6.735021,223.002319,0.000000,0.000000,147.604844,25
352.934982,4.151528,196.049843,26.082704,2.839000,123.811907,22
337.453491,10.087887,193.967960,5.948303,0.000000,127.449341,22
359.556363,5.305561,197.050616,10.830052,28.662011,117.708123,24
336.009301,7.402221,209.288242,16.505190,14.233637,88.580011,21
318.277418,4.017133,219.147535,8.992687,4.775329,81.344734,19
325.351067,14.143427,208.392488,5.645807,4.431451,92.737894,19
331.119488,9.137587,199.417053,29.868654,4.769206,87.926988,20
339.171216,3.873589,178.240058,44.747797,0.000000,112.309772,21
348.287455,2.914856,179.756653,47.112538,2.708153,115.795255,21
333.610675,0.000000,202.017105,29.583983,0.000000,102.009587,19
332.509903,6.341829,191.663994,24.509267,0.583062,109.411751,19
340.839386,18.946317,188.535041,16.104407,18.704085,98.549536,20
413.013482,63.129782,174.150165,30.875791,18.280002,126.577742,25
412.500772,64.203666,183.890345,28.312032,0.000000,136.094729,25
436.629400,64.983899,188.891879,27.810885,0.000000,154.942737,27
405.759643,20.787734,212.472580,1.678047,0.000000,170.821282,25
401.048178,22.306979,196.073832,14.812409,19.032528,148.822430,27
401.368917,24.348388,186.537853,24.840224,14.276947,151.365505,27
399.895487,29.868654,177.610146,21.600984,19.236571,151.579132,27
380.010856,13.158352,192.975693,12.181635,30.722687,130.972489,25
390.832548,3.006835,188.859194,21.013357,0.000000,177.953162,21
397.449407,14.878001,180.987250,22.644394,0.000000,178.939762,21
399.398327,18.704085,180.397677,20.511157,0.000000,179.785408,21
420.257853,21.359231,180.590017,22.461801,10.818910,185.027894,22
422.090849,22.840806,184.690463,19.653558,8.277159,186.628863,22
440.646078,25.054768,205.763244,36.008728,8.633880,165.185458,24
420.463916,0.000000,212.958540,30.982975,0.000000,176.522401,22
429.197215,0.000000,228.451765,19.091955,2.973676,178.679819,23
428.386103,0.000000,228.595367,14.753229,0.000000,185.037507,22
433.945901,8.422338,242.248311,0.000000,0.000000,183.275252,22
432.558658,8.973751,250.107046,0.000000,0.000000,173.477861,23
435.957665,9.851500,256.897985,0.000000,9.623694,159.584486,26
446.400303,40.322740,225.476480,0.686290,9.442930,170.471863,26
439.200215,33.461646,228.189847,7.834724,0.000000,169.713998,27
418.643585,16.438215,237.230262,9.326751,0.000000,155.648357,27
428.436619,34.929085,225.543656,9.575264,10.629671,147.758943,27
420.534812,47.769435,220.843447,12.895481,7.608935,131.417514,27
427.987075,52.934269,205.267260,17.202789,8.678703,143.904054,30
428.906650,51.633647,205.687242,25.545557,0.000000,146.040204,29
436.568333,61.240513,194.138737,27.459450,0.000000,153.729633,30
441.207712,62.887839,193.379282,31.909484,0.000000,153.031107,30
436.183586,62.774484,190.168033,31.415778,0.000000,151.825291,30
451.071662,61.316314,189.485996,31.926975,7.237845,161.104532,32
466.984965,59.018350,191.156681,36.137631,10.911451,169.760852,32
456.748541,57.691491,204.344922,18.837251,1.056450,174.818427,32
440.469730,36.375464,197.906803,20.373750,0.000000,185.813713,30
456.484406,23.753329,209.280453,16.971313,9.130521,197.348790,32
465.535076,14.615923,208.675438,33.797317,3.990709,204.455689,31
436.768489,8.681451,195.558608,25.607062,0.000000,206.921368,27
415.826026,0.000000,187.677942,33.436461,0.000000,194.711623,25
408.393047,2.264662,178.400700,44.703362,0.000000,183.024323,25
423.287082,14.917619,164.416520,53.786063,0.000000,190.166880,26
423.921608,22.394191,163.751318,55.900449,1.783000,180.092650,26
394.004318,0.000000,180.146784,38.518887,0.000000,175.338647,26
409.379873,3.721558,187.636410,29.431916,24.847974,163.742015,26
387.809577,2.793118,210.141507,3.049476,0.000000,171.825476,22
387.171836,35.959463,169.760852,8.408374,10.297045,162.746102,22
370.452822,19.893701,185.115472,6.809741,0.000000,158.633908,20
394.182538,31.327951,174.859512,25.364216,21.897164,140.733695,22
370.848709,26.791909,195.903492,9.786346,0.000000,138.366962,19
354.830651,35.935199,168.520490,0.000000,0.000000,150.374962,16
365.850859,50.069149,149.554541,0.000000,0.000000,166.227169,16
362.719964,55.900449,143.346267,0.000000,0.000000,163.473248,17
388.772978,36.906648,149.237919,2.696513,0.000000,199.931898,17
404.429369,72.130754,110.893569,30.833211,0.000000,190.571835,20
408.059495,72.155370,112.820108,28.561806,0.000000,194.522211,20
408.330357,82.419075,101.087353,27.517385,0.000000,197.306544,20
419.366828,87.769628,97.294017,34.976947,14.039352,185.286884,21
417.614706,87.924609,90.368672,44.549046,0.000000,194.772379,21
418.748554,76.078598,103.428873,40.101540,0.000000,199.139543,23
447.084651,66.827837,99.288678,48.539447,0.000000,232.428689,25
438.933809,63.152071,107.743536,38.465107,0.000000,229.573095,25
446.870399,64.368166,99.048936,41.684759,0.000000,241.768538,25
474.249906,79.626292,81.464983,57.534238,16.195310,239.429083,28
434.917379,56.640701,93.717463,40.620072,7.706415,236.232728,25
436.249478,43.890338,103.595883,40.648224,0.777621,247.337412,26
432.628130,56.653098,103.597321,24.070949,9.962550,238.344212,24
443.122703,60.194453,109.185617,15.897183,0.000000,257.845450,23
424.440642,48.086430,99.801724,33.455462,1.436263,241.660763,22
423.342206,36.838911,102.156409,23.331730,0.000000,261.015156,21
406.894716,30.831012,92.544430,28.593800,7.437978,247.487496,20
407.885758,33.396720,98.930597,31.751332,8.712576,235.094533,21
417.592188,29.564020,96.228342,48.500799,0.000000,243.299027,21
417.684218,32.058714,93.820538,49.781587,8.552913,233.470466,21
459.418926,42.921143,98.573193,47.859668,32.068073,237.996849,23
429.411391,34.144020,103.094121,44.992233,7.327854,239.853163,17
427.879248,29.924495,101.335657,58.983096,0.000000,237.636000,18
423.715957,31.413735,108.608355,45.384477,8.021031,230.288359,18
413.181456,33.744499,102.082105,49.043875,0.000000,228.310977,18
428.447096,36.633442,103.181183,65.523873,11.921803,211.186795,19
402.969585,34.944003,99.393055,56.122645,0.000000,212.509882,17
410.113909,40.463908,94.317108,59.135641,11.584607,204.612645,18
449.427955,43.584466,138.784110,26.121059,4.733673,236.204647,19
449.889398,61.860788,123.763764,30.329864,7.636715,226.298267,19
456.788092,66.106757,128.392014,26.360568,0.000000,235.928753,19
428.612856,34.590271,139.521396,13.865938,6.999800,233.635451,18
432.083543,36.436972,136.079835,41.023196,2.595335,215.948205,19
420.560073,41.262793,120.183759,41.774698,1.920911,215.417912,18
413.946740,53.887092,106.500042,42.733004,3.376458,207.450144,17
414.293225,45.384477,108.316010,59.092082,4.675088,196.825568,19
422.972002,58.298228,93.421177,68.403818,6.295396,196.553383,20
424.481659,59.842777,85.982937,83.482276,3.905275,191.268394,22
418.048243,64.530665,95.464106,71.970857,7.887535,178.195080,22
422.059734,54.376284,87.733825,82.755635,3.445233,193.748757,22
416.670396,54.226990,114.649047,54.955310,0.000000,192.839049,21
426.887262,54.886075,117.850761,55.157042,0.000000,198.993384,22
428.731082,53.183480,144.128892,33.689961,5.397762,192.330987,23
486.739305,38.426367,156.145991,55.783487,0.000000,236.383460,24
512.033100,34.496870,159.778780,75.562418,5.605627,236.589405,28
515.789729,34.621259,165.566752,74.929201,0.000000,240.672517,28
512.164517,23.769169,216.273912,28.038285,0.000000,244.083151,29
509.086509,40.639196,194.154055,45.860644,0.000000,228.432614,28
494.724135,9.058871,198.075144,48.118955,0.000000,239.471165,28
500.664896,19.598559,182.103243,53.780655,0.000000,245.182439,29
497.692872,8.875350,185.962013,59.839651,7.209846,235.806012,29
484.585036,4.675088,184.112157,66.920457,8.446483,220.430851,28
474.992883,6.295396,174.311369,79.627974,14.734066,200.024078,28
472.297925,12.935721,185.101329,67.773894,32.804094,173.682887,28
424.214764,5.518125,171.262562,64.938088,5.407507,177.088482,24
424.495215,0.000000,188.142866,70.451662,2.533903,163.366784,25
390.441725,0.000000,179.708559,46.803856,0.000000,163.929310,23
390.290041,0.000000,174.940520,49.867683,0.000000,165.481838,23
400.539083,0.000000,178.214003,55.966297,3.843411,162.515372,24
435.421529,0.000000,171.169433,75.427988,4.089035,184.735073,25
466.126324,1.705747,173.152290,78.212561,1.133128,211.922598,28
471.165475,22.744805,156.062863,75.098871,0.000000,217.258936,28
475.799405,22.675876,154.358668,71.630794,0.000000,227.134067,28
510.558941,28.194800,153.919881,112.271437,10.938800,205.234023,33
483.522094,0.000000,167.924239,102.443399,0.000000,213.154456,28
479.813477,47.135170,116.144946,101.685132,0.000000,214.848229,28
486.264909,42.886658,123.730945,99.165311,8.390965,212.091030,29
456.148736,13.071015,124.533720,106.737765,0.000000,211.806236,28
463.607003,24.556274,112.399923,104.102896,0.000000,222.547910,28
468.847358,18.394304,109.046760,118.754963,16.081137,206.570194,29
457.956810,42.206159,93.212808,112.730730,0.000000,209.807113,30
476.769066,38.983533,94.030309,137.607848,0.000000,206.147376,32
464.298061,38.672784,89.729918,131.777026,0.000000,204.118333,31
462.348355,49.210731,77.827782,138.482525,0.000000,196.827317,32
454.824194,36.444455,84.106724,138.282203,4.053226,191.937586,32
450.390608,10.498272,72.178475,145.428694,0.000000,222.285167,28
525.795297,10.302947,77.912547,179.552695,0.000000,258.027108,34
524.319070,9.135871,89.420631,179.844552,0.000000,245.918016,35
532.331389,12.937508,92.298516,188.657880,9.497321,228.940164,36
527.118114,13.870452,92.432309,193.105106,20.228752,207.481495,36
482.516648,15.687157,63.771044,193.422010,12.407787,197.228650,30
482.059509,45.578159,64.978966,176.450970,0.000000,195.051414,31
489.393292,45.315849,74.352663,170.460853,3.575601,195.688326,32
466.757924,45.415469,64.818205,167.067936,1.385477,188.070837,29
518.437184,36.352013,87.812533,139.757419,0.000000,254.515219,27
508.683247,26.379992,95.576481,127.382417,0.000000,259.344357,28
503.162522,52.471948,77.690298,118.552822,0.041979,254.405475,28
498.029341,44.974183,80.943958,114.926729,40.856044,216.328427,27
454.915127,28.603144,107.894739,107.022820,0.000000,211.394424,22
463.488269,36.410727,103.039469,105.973964,10.382958,207.681151,23
447.430550,47.173314,95.478391,96.529795,0.000000,208.249050,22
451.076188,52.340814,92.754087,91.335142,0.000000,214.646145,21
451.325768,56.212354,92.616074,90.043602,3.874106,208.579632,21
452.304822,50.775812,89.185215,91.534459,0.000000,220.809336,20
456.872998,59.907714,85.518042,87.298170,0.000000,224.149072,20
451.320724,52.563998,94.967948,78.599225,5.349022,219.840531,20
452.747878,56.446385,89.619279,77.589360,0.000000,229.092854,20
454.606423,68.413936,77.584496,76.688542,1.474029,230.445420,20
432.041368,53.285554,98.544731,48.391245,0.141831,231.678007,20
463.547195,48.471099,109.922754,53.435146,4.416697,247.301499,23
438.361946,41.502032,91.534459,59.097548,2.917375,243.310532,21
437.874893,32.671380,107.699065,39.865583,7.834809,249.804056,20
435.311839,53.998960,81.913196,43.102442,0.000000,256.297241,19
477.320766,60.611109,71.041215,59.688436,0.000000,285.980006,21
483.787970,66.481812,69.300060,64.346549,0.000000,283.659549,21
491.024392,69.019671,78.544977,51.505345,7.902752,284.051647,23
461.869936,27.185859,86.705934,39.161960,0.000000,308.816183,24
460.221733,30.946607,87.785247,39.253570,6.636515,295.599794,24
457.667606,35.754631,94.968628,26.364017,0.000000,300.580330,23
466.764935,35.769576,104.520677,18.769693,0.091216,307.613773,24
462.444153,31.731243,110.806788,7.274597,7.547415,305.084110,23
467.248227,35.483301,98.303995,24.907742,5.774922,302.778267,23
470.245220,38.436154,109.619823,20.084250,6.539924,295.565069,24
468.883155,39.624404,106.399086,27.694360,2.839426,292.325879,24
475.572823,50.583771,101.406231,32.917625,2.665051,288.000145,24
475.688502,83.567769,82.605481,19.845617,0.000000,289.669635,23
536.068395,75.991626,88.216885,28.023801,11.071656,332.764427,27
536.064647,78.812307,75.212079,35.275114,0.000000,346.765147,26
542.558785,93.052215,70.773033,38.852656,0.000000,339.880881,26
537.554335,78.804804,70.151058,37.519535,9.052118,342.026820,24
530.415492,73.099032,86.490440,18.410794,28.133254,324.281972,22
521.391342,75.643957,90.331459,34.278149,0.000000,321.137777,20
529.678329,72.036599,96.914672,29.819881,12.799937,318.107240,21
521.475928,75.782233,115.068082,8.510291,0.000000,322.115322,21
552.585466,85.595045,113.195407,11.165842,12.912778,329.716394,22
552.268592,68.291089,129.745307,11.057960,3.272278,339.901958,21
538.489311,52.490642,134.600310,14.820755,11.843964,324.733640,20
554.005128,53.548672,155.753543,35.115378,18.947846,290.639689,23
531.028038,38.663074,185.893896,18.939950,0.000000,287.531118,21
512.825164,27.833433,182.379002,21.105024,0.000000,281.507705,20
567.533651,39.242520,158.634513,41.273772,0.000000,328.382846,23
578.726663,48.677307,150.260998,44.069237,8.589483,327.129638,24
607.932678,64.811484,138.672542,66.130585,0.000000,338.318067,28
645.779878,59.156160,134.733805,82.645099,1.205523,368.039291,32
649.209126,85.481647,108.147448,92.292264,24.469898,338.817869,32
619.853014,77.937022,102.791030,92.452551,0.000000,346.672411,31
654.090940,73.914230,103.744283,99.946197,0.000000,376.486230,33
663.632198,66.653298,126.822823,114.162682,0.000000,355.993395,35
670.324650,72.866796,138.666230,101.739858,2.113272,354.938494,36
659.283080,84.929043,129.668446,110.183710,16.551127,317.950754,36
692.651693,81.075993,131.009656,121.073937,2.703432,356.788675,37
702.290833,72.735668,123.425791,133.015207,0.000000,373.114167,38
723.561059,86.414614,108.828967,144.950238,5.887232,377.480008,42
716.102690,87.754564,124.949387,121.745283,0.000000,381.653456,41
713.865273,88.558177,123.490566,127.582756,0.000000,374.233774,42
697.309248,91.797898,104.605987,125.916242,22.364534,352.624587,41
699.752278,108.563422,112.772686,130.969291,16.879749,330.567130,40
689.121251,106.298205,131.084575,120.439933,0.000000,331.298538,37
651.269501,76.378676,128.333816,133.605575,0.000000,312.951434,33
659.413941,73.070629,134.749677,128.147184,0.000000,323.446451,33
656.601881,64.844108,138.248214,122.107133,0.000000,331.402426,32
671.131409,75.243244,129.259045,118.923835,7.711569,339.993716,32
689.223161,83.222529,127.582756,123.114197,5.579788,349.723891,33
683.975435,76.591748,133.637989,129.652077,0.000000,344.093621,33
670.244576,70.417456,125.551982,132.098953,14.035464,328.140721,35
643.989714,61.504100,161.480721,100.952619,13.864018,306.188256,29
626.781122,47.702180,167.454035,120.699648,15.339859,275.585400,28
639.002223,27.530341,184.314411,148.708043,15.640153,262.809275,30
623.909988,32.258142,181.514892,142.182420,0.000000,267.954534,30
620.605205,22.895709,197.971019,128.976221,9.649158,261.113098,29
641.267227,10.664628,232.427086,124.736928,6.320660,267.117925,28
633.389580,38.751311,231.499784,102.291913,8.774826,252.071746,26
636.114598,43.493509,242.768349,99.633817,6.765029,243.453894,27
617.532785,22.364534,240.484842,125.185985,15.613113,213.884311,25
599.769103,19.169232,225.701234,138.040079,5.764313,211.094245,26
594.051845,35.263504,234.785415,92.058137,0.000000,231.944789,27
608.191904,39.870989,232.200901,112.999670,8.761220,214.359124,28
593.448337,36.920342,212.681719,120.464973,7.674651,215.706652,27
576.147597,43.494087,204.010203,115.058979,0.000000,213.584328,25
572.483454,40.483875,198.290885,116.801098,6.491850,210.415746,25
557.386640,42.686521,183.479548,121.420411,0.000000,209.800160,23
548.609614,29.486457,205.200652,107.050223,0.000000,206.872282,24
554.668719,24.385735,209.397333,114.803837,0.000000,206.081814,26
562.442679,18.890301,203.465295,123.184733,0.000000,216.902350,29
593.640213,18.758074,204.092769,137.207302,22.781405,210.800663,32
590.230341,17.586340,212.866617,147.077862,2.450250,210.249272,34
555.458229,8.624621,210.582948,124.752255,14.517537,196.980868,30
532.004278,0.000000,202.933508,128.347475,0.000000,200.723295,29
534.955546,2.618350,216.705662,119.818038,28.460478,167.353018,31
530.522156,15.278650,205.199803,133.905681,13.934491,162.203531,30
581.409814,27.345422,199.922013,175.468493,19.313747,159.360139,36
586.227762,33.013856,217.941753,173.554054,26.574949,135.143150,37
583.350719,24.473325,223.073261,203.083810,0.000000,132.720323,38
619.193396,24.939481,211.599475,218.576400,14.885210,149.192830,39
651.548604,37.359156,199.531894,231.633961,0.000000,183.023593,40
638.827645,22.056969,211.849616,223.769860,0.000000,181.151200,40
641.040653,36.067837,197.387410,242.354360,0.000000,165.231046,42
635.205532,34.518699,192.663940,260.543207,0.000000,147.479686,44
645.465105,38.657798,227.904614,226.179872,0.000000,152.722821,45
640.553352,31.600858,230.325709,221.433514,9.815743,147.377528,44
636.611184,22.559365,240.130796,232.451532,13.421939,128.047552,43
633.535587,35.973117,255.968315,210.189433,0.000000,131.404722,44
629.049527,37.051387,245.849693,216.947224,0.000000,129.201223,45
627.483193,49.868549,242.799516,206.816126,7.102854,120.896148,46
620.960602,48.709375,255.658330,189.574373,0.000000,127.018524,46
627.200725,47.218953,263.394872,177.750461,6.923385,131.913054,44
647.421922,45.196767,263.869069,192.474934,19.116385,126.764767,45
624.996242,27.144225,271.435897,195.624019,31.563495,99.228606,42
615.347705,26.580824,274.824192,225.504254,0.000000,88.438435,39
605.715974,28.505816,267.809550,216.380704,0.000000,93.019904,40
604.138839,54.769762,231.930141,214.959124,0.000000,102.479812,40
598.308405,71.424893,211.477126,212.496585,0.000000,102.909801,40
587.220396,76.436860,195.161970,211.652348,0.000000,103.969218,41
612.061357,92.310233,182.655723,221.052910,11.359528,104.682963,44
592.230372,86.449735,168.982295,230.552089,16.801937,89.444316,43
591.391271,82.557149,197.685711,221.896556,15.243413,74.008442,45
560.535173,59.590180,196.712883,241.355020,0.000000,62.877090,45
586.641493,82.598999,174.580224,249.834574,0.000000,79.627696,46
575.106531,66.923797,189.574373,232.548110,2.511209,83.549042,44
563.056675,69.500193,198.599163,211.946558,8.757964,74.252797,44
577.756472,67.835952,213.670634,213.929923,0.000000,82.319963,45
574.574938,59.710534,215.628953,211.756220,25.093663,62.385568,45
551.714783,71.373620,201.150110,218.312276,0.000000,60.878777,45
547.587919,73.542478,211.745036,208.916447,0.000000,53.383958,46
547.656274,108.138667,174.453482,207.019296,5.043476,53.001353,47
546.221936,108.589594,190.158025,191.589837,0.000000,55.884480,46
546.296933,100.726399,190.059022,192.050916,0.000000,63.460596,46
545.949072,106.027031,193.156207,198.790213,12.375842,35.599779,46
545.058258,97.289321,205.733307,197.192513,8.563679,36.279438,48
549.290775,115.821964,187.318837,207.080253,9.597563,29.472158,49
540.614190,73.648941,190.531974,230.154209,0.000000,46.279066,49
556.005195,80.723054,176.934500,230.337013,31.669139,36.341489,50
561.430912,103.391499,144.169562,246.306051,0.000000,67.563800,47
546.887415,87.427706,145.386000,245.064715,0.000000,69.008994,47
552.784303,98.561896,134.979481,250.652362,0.000000,68.590564,47
563.145984,107.262991,121.417687,249.843648,7.184317,77.437341,48
557.090968,114.194575,113.584719,247.502847,8.438733,73.370094,47
572.126512,120.569275,103.585155,282.772421,5.869991,59.329670,50
532.943044,94.262709,120.838319,260.356991,0.000000,57.485025,49
538.721856,96.160517,112.837808,277.416861,0.000000,52.306670,51
543.415428,99.752105,137.218000,253.790130,5.951275,46.703918,52
519.546025,88.863653,155.705239,231.445157,3.526659,40.005317,52
535.169646,86.505486,152.068348,243.513532,0.765255,52.317025,55
523.377840,81.811554,165.662763,216.488550,0.000000,59.414973,51
530.648005,76.169598,184.467079,203.942638,0.000000,66.068690,50
534.064006,84.756552,195.848763,187.628073,17.218343,48.612275,51
502.379591,39.739887,222.266265,191.687477,7.804899,40.881063,49
493.173669,67.267850,198.907768,186.309952,0.000000,40.688099,48
493.915409,68.651968,196.897575,194.644947,0.000000,33.720919,49
485.515913,51.946584,198.705778,212.228697,2.000800,20.634054,49
475.394653,35.922736,191.498313,229.715655,0.000000,18.257949,47
492.640003,29.376312,198.028774,235.984722,22.404960,6.845235,48
489.233763,35.897180,181.444878,255.216395,8.709807,7.965503,48
491.663402,38.343230,205.791971,242.501136,0.000000,5.027065,49
486.882004,9.052340,207.786738,268.157746,0.000000,1.885180,49
522.593877,25.682536,193.214333,276.387117,0.000000,27.309891,52
555.363453,22.703981,202.878812,293.002220,0.340909,36.437531,54
547.975906,27.628430,200.725611,287.735963,18.722567,13.163335,53
521.904947,6.891991,200.761008,291.837122,6.880843,15.533983,51
527.290239,13.764813,191.857820,298.245548,11.144775,12.277283,52
537.923170,18.891993,174.236329,320.199520,0.000000,24.595328,54
524.435493,0.719882,175.709971,318.536387,4.211791,25.257462,50
522.974229,0.000000,191.359789,298.975187,0.000000,32.639253,51
528.101786,31.321375,156.031424,297.373441,8.652403,34.723143,52
539.541052,23.816273,184.762306,298.523871,1.523690,30.914912,54
541.318305,48.026849,148.338643,308.561102,0.000000,36.391711,52
545.223615,43.699293,151.050883,336.370582,14.102857,0.000000,53
552.576590,67.237902,122.223123,353.023099,8.720366,1.372100,55
572.317079,80.634471,110.326549,373.062475,0.000000,8.293584,56
579.220524,71.180646,112.811687,382.678004,0.000000,12.550187,57
589.922399,67.407423,119.429279,386.402837,0.000000,16.682860,57
573.828965,46.790237,138.036451,382.183461,0.000000,6.818816,57
582.348209,47.537505,130.928105,388.478807,0.000000,15.403792,58
591.058158,44.160336,132.103266,407.967259,5.428799,1.398498,59
565.483654,52.317025,179.089370,332.799791,1.277468,0.000000,56
572.651216,50.784353,185.817855,331.329865,4.719143,0.000000,56
559.281014,61.299525,172.852386,325.129103,0.000000,0.000000,55
585.623732,53.470945,198.360860,316.939291,13.913925,2.938711,57
586.119745,46.823801,196.659472,342.636472,0.000000,0.000000,58
596.144627,46.685162,193.767706,344.609235,0.000000,11.082524,58
610.245963,48.010872,200.212183,338.087035,17.115042,6.820831,59
599.450896,33.720919,191.102981,365.410757,0.000000,9.216239,59
614.175004,34.783604,194.249396,366.369682,0.000000,18.772322,59
609.421418,44.424526,180.499936,377.258918,0.000000,7.238038,60
623.707164,42.947196,184.188257,383.968337,5.861696,6.741678,61
627.691903,48.287596,174.862294,396.066927,8.475086,0.000000,61
642.222178,87.324675,130.157394,400.908640,0.000000,23.831469,62
640.044469,79.470926,129.705655,407.654963,15.651705,7.561220,62
628.063125,102.091264,116.229104,403.688441,0.000000,6.054316,63
650.358559,97.821315,123.673449,405.108861,0.000000,23.754934,65
662.016597,82.607182,161.444219,377.090262,3.721999,37.152935,68
627.611225,96.143257,135.043398,362.105938,11.522240,22.796392,64
3.829537,0.000000,0.000000,0.000000,3.829537,0.000000,0
77.492569,0.000000,5.556000,46.210322,0.000000,25.726247,4
107.225179,0.000000,30.635947,20.624493,0.000000,55.964739,5
112.897533,0.000000,41.624040,21.782920,12.846372,36.644201,5
96.190678,0.000000,28.045856,25.802610,4.975461,37.366751,4
103.453505,0.000000,43.093321,28.396974,0.000000,31.963210,4
126.380537,24.336856,26.701560,16.986650,0.000000,58.355471,5
135.502111,27.777588,34.922146,21.734575,0.000000,51.067802,6
116.693820,0.000000,31.079476,47.394301,0.000000,38.220043,8
119.421085,0.000000,20.235077,55.658677,3.315886,40.211445,8
112.389992,0.348791,21.385784,51.067802,13.054689,26.532926,8
130.965128,25.486146,9.855452,68.561920,0.000000,27.061610,9
156.745394,18.017972,18.113593,62.798012,0.795086,57.020731,11
138.056440,0.000000,43.526261,48.756223,0.000000,45.773956,9
131.459517,0.000000,35.240642,54.372646,7.572081,34.274148,10
110.954417,6.375788,5.888262,62.214412,0.000000,36.475955,10
116.569086,10.548935,14.486724,56.477813,9.006207,26.049407,11
148.159181,20.374986,4.998069,67.866419,0.000000,54.919707,12
175.477036,18.204884,11.245424,69.240059,4.829034,71.957635,14
177.994918,9.715579,18.722495,67.812863,0.000000,81.743981,13
180.279945,9.329344,21.688915,70.296895,9.062593,69.902198,14
183.209147,8.756980,24.007124,71.477685,8.578822,70.388536,12
178.756828,3.341046,29.416203,78.270036,0.000000,67.729543,13
184.938261,13.324423,25.097987,72.700827,1.584842,72.230182,13
176.997777,9.137348,25.136800,74.728296,0.000000,67.995333,14
162.969839,13.016707,14.211412,70.267036,7.017344,58.457340,12
203.736488,19.683607,2.501236,96.076302,0.000000,85.475343,15
206.359636,14.211412,5.326745,95.251058,8.362232,83.208189,15
201.606858,2.500750,27.671946,78.967358,4.304661,88.162143,13
211.008795,9.539070,16.929971,86.026450,0.000000,98.513304,13
204.116613,15.542476,5.021840,80.519666,0.000000,103.032631,13
221.534944,11.985494,14.203279,70.466632,0.000000,124.879539,14
219.435665,12.844935,13.397528,70.522751,10.678789,111.991662,14
203.273523,26.306977,12.366022,56.907772,0.000000,107.692752,12
223.555130,31.655655,9.767340,57.504460,0.000000,124.627675,14
225.002092,24.895323,13.827140,63.854285,0.000000,122.425344,14
229.998368,29.526910,5.637007,71.191883,0.000000,123.642568,13
228.624875,26.801685,4.991948,80.441345,11.707381,104.682516,14
233.139884,22.116624,13.224508,89.808123,15.628109,92.362520,14
232.278816,21.513992,26.403904,89.401372,4.864375,90.095173,15
234.316090,40.470115,15.936389,81.392335,6.415453,90.101798,13
276.694505,54.671033,4.963762,109.380888,8.974462,98.704360,16
269.215735,60.048457,42.387075,66.235873,13.307240,87.237090,15
274.345168,62.689093,35.404833,84.006430,0.000000,92.244812,16
287.796212,46.568661,36.995190,104.444603,0.000000,99.787758,15
255.217913,41.859565,3.062977,107.899845,8.592141,93.803385,15
263.559693,40.339958,0.000000,115.483496,0.000000,107.736239,15
250.831453,47.784857,2.570086,93.237841,0.000000,107.238669,16
244.381936,39.985899,15.880930,82.077065,33.235840,73.202202,15
225.447616,19.106240,29.471534,91.515334,8.272424,77.082084,14
222.173141,25.602084,22.436698,92.131768,0.000000,82.002591,15
206.278384,12.966072,20.187622,91.315336,0.000000,81.809354,14
232.291177,13.879555,19.974735,93.803385,26.159213,78.474289,16
245.029937,5.406963,41.353433,73.203202,12.881606,112.184733,12
255.204735,18.467265,81.151381,20.806340,4.002893,130.776856,10
224.417220,14.163619,74.380626,8.536732,2.128992,125.207251,10
268.727250,18.471359,70.827437,4.024502,0.000000,175.403952,10
260.335713,16.996112,60.628542,0.000000,0.000000,182.711059,10
269.432228,21.286931,48.207239,2.502081,6.859573,190.576404,9
282.074599,9.841352,54.796594,9.457418,0.000000,207.979235,10
266.954012,0.000000,47.451879,18.139804,18.738051,182.624278,10
259.085981,2.128992,68.556779,4.843173,0.000000,183.557037,9
259.171665,8.276948,75.392341,0.000000,12.742489,162.759887,11
262.974969,4.567072,82.325514,12.007962,0.000000,164.074421,11
267.906268,5.821660,93.600386,0.000000,0.000000,168.484222,11
274.838847,6.414845,104.876769,10.620257,0.000000,152.926976,12
278.752530,9.489224,102.985745,21.713408,7.097064,137.467089,14
267.868347,0.000000,99.052465,52.949511,7.849677,108.016694,13
261.857723,10.485002,77.959880,72.021627,20.579459,80.811755,13
205.818136,11.100696,55.721021,65.137448,6.126969,67.732002,9
193.280742,0.000000,60.799188,59.650480,5.775932,67.055142,9
205.606848,4.531521,68.941350,51.966705,0.000000,80.167272,10
202.248459,8.657049,65.749681,54.557075,9.236671,64.047983,10
177.750732,9.160189,67.500157,26.594439,0.000000,74.495947,8
179.414373,0.000000,64.588286,33.269806,0.000000,81.556281,10
179.200595,0.000000,51.592608,32.687244,1.355781,93.564962,11
182.718659,9.690752,58.048338,22.458237,0.000000,92.521332,13
204.181474,0.000000,52.793669,36.792870,0.000000,114.594935,16
206.859453,6.434687,44.133949,32.849177,0.936159,122.505481,16
215.807516,13.012440,52.878883,18.545909,2.500750,128.869534,17
208.277761,17.666518,47.548045,12.021833,0.000000,131.041365,15
206.391309,3.945344,49.812930,9.116577,0.000000,143.516458,15
217.076964,3.248935,52.375599,6.500179,9.737300,145.214951,15
209.112266,0.000000,49.112142,17.389885,4.258150,138.352089,14
213.849568,0.000000,49.693550,23.189426,20.681986,120.284606,14
202.637174,2.500750,61.415014,5.160575,8.294960,125.265875,9
215.723982,18.452829,44.166907,9.536260,0.000000,143.567986,5
248.405573,19.511633,42.907063,10.823339,9.532692,165.630846,7
230.951594,17.470815,47.378988,0.000000,0.000000,166.101791,6
232.111823,8.983444,51.128613,3.200680,0.000000,168.799086,8
229.690145,11.015755,44.564413,7.361375,4.512977,162.235625,8
228.946784,24.988549,56.820597,0.000000,1.747550,145.390088,9
263.581097,26.826973,42.932044,14.889905,16.214228,162.717947,12
261.552092,25.431044,49.620769,24.277026,8.228332,153.994921,12
261.898375,32.029159,65.783205,0.001000,6.932577,157.152434,12
298.415765,1.747550,62.744828,12.657902,8.852442,212.413043,9
326.960885,0.000000,82.047153,12.659896,0.000000,232.253836,10
328.004906,0.000000,86.161768,9.558013,0.000000,232.285125,10
335.076303,0.000000,87.326104,30.299496,0.000000,217.450703,11
342.895108,8.863128,85.123727,23.151253,4.417214,221.339786,13
324.683146,18.556423,54.360732,28.165104,8.116130,215.484757,11
333.334834,26.095608,30.876044,61.757121,4.632890,209.973171,11
321.458614,30.299496,37.833951,42.145933,0.000000,211.179234,9
334.068813,30.622094,40.929916,40.386753,0.000000,222.130050,9
334.376028,23.405203,47.013162,39.713657,0.000000,224.244006,9
333.639033,9.728105,57.593857,45.945436,0.000000,220.371635,8
367.652748,30.970343,42.145933,51.250114,0.000000,243.286358,10
365.039604,34.342484,34.049557,58.816741,0.000000,237.830822,11
353.244264,23.472624,40.597698,71.026177,0.000000,218.147765,12
368.750443,25.714045,92.731902,20.575134,11.957235,217.772127,14
342.161172,0.000000,86.948610,22.028013,13.378828,219.805721,12
321.633975,0.000000,88.000885,24.133064,0.347386,209.152640,11
320.894460,15.767020,61.529621,21.727896,0.000000,221.869923,10
316.793871,18.937593,53.640879,21.610655,0.000000,222.604744,9
329.089488,25.933432,44.520253,24.704914,8.863088,225.067801,10
306.778993,13.884155,45.806003,22.780803,0.000000,224.308032,10
308.588620,17.978853,53.841331,6.744061,31.801886,198.222489,9
281.825651,9.503361,48.525782,32.192759,2.637722,188.966027,6
272.692165,14.854167,41.325123,29.618770,4.988873,181.905232,7
299.801241,20.764170,40.140413,41.415406,0.000000,197.481252,8
276.799037,22.161138,22.738389,36.973515,0.000000,194.925995,6
261.751782,3.926227,30.904254,29.105485,9.603488,188.212328,6
265.610876,11.567334,27.114976,37.993067,0.000000,188.935499,7
268.366349,7.059117,23.919001,42.501059,9.878061,185.009111,8
251.295518,0.000000,22.092240,48.865936,0.000000,180.337342,7
258.143864,0.000000,17.278576,45.412028,0.000000,195.453260,7
258.942255,2.629136,16.444776,42.058915,0.000000,197.809428,8
265.648650,2.617226,55.886465,16.957281,7.919098,182.268580,8
289.302806,4.224062,57.216972,24.622291,1.811164,201.428317,9
249.249956,0.000000,32.485281,9.185504,0.000000,207.579171,6
263.587120,0.000000,36.427235,6.957700,0.000000,220.202185,6
280.438122,0.000000,31.988024,13.387851,8.611250,226.450997,7
282.672053,0.000000,29.095687,26.395987,0.000000,227.180379,7
288.014303,17.079043,19.462582,24.409678,9.620727,217.442273,8
285.024568,13.219579,15.199015,52.927517,0.000000,203.678457,9
288.276791,9.185504,26.395987,47.151896,0.000000,205.543404,9
289.262608,19.461582,24.409678,39.578388,19.328663,186.484297,9
306.152015,13.387851,33.581864,60.019822,0.061969,199.100509,11
257.565294,0.000000,2.610802,64.495176,16.332983,174.126333,5
242.741071,8.866639,6.777182,64.643664,0.000000,162.453586,5
249.227048,18.753065,0.000000,70.609855,0.000000,159.864128,6
237.201583,2.442457,7.175852,62.614006,0.000000,164.969268,6
256.888205,0.000000,14.899204,71.507318,7.970289,162.511394,6
240.009851,10.579867,8.081953,48.756355,12.564542,160.027134,6
237.457067,10.175766,8.606543,65.647108,0.000000,153.027650,7
260.235577,12.701156,8.957191,87.632593,5.581837,145.362800,10
278.925860,16.735191,0.000000,98.182941,0.000000,164.007728,10
259.742004,0.000000,0.000000,90.759671,0.000000,168.982333,9
269.049843,0.000000,2.449086,86.252307,9.577964,170.770486,10
260.975638,0.137972,8.906776,77.175205,0.000000,174.755685,10
273.761193,0.000000,6.119791,86.476174,16.942057,164.223171,10
222.103751,0.986817,16.967338,70.891194,0.000000,133.258402,6
228.949968,1.477363,31.695127,62.467174,0.000000,133.310304,7
231.028805,5.912011,27.814976,64.979007,0.000000,132.322811,7
234.715945,12.394216,25.964941,61.116776,14.667310,120.572702,7
225.293980,28.734728,6.861920,68.080290,4.891815,116.725227,6
246.213392,31.163102,14.657993,71.688376,7.273000,121.430921,9
245.833520,52.654182,12.324825,63.824371,6.451968,110.578174,11
251.280668,58.711553,56.988032,30.840214,4.269914,100.470955,12
247.652063,54.434826,61.826871,25.944585,0.000000,105.445781,13
249.350070,48.764621,63.096700,30.182755,0.615252,106.690742,14
258.624739,45.238304,75.490993,28.631754,3.198649,106.065039,16
246.189432,40.333242,85.446380,25.527171,6.333171,88.549468,16
241.450167,42.891419,87.858923,22.377029,0.000000,88.322796,15
238.617976,18.266079,90.318822,24.661879,8.196249,97.174947,15
235.662381,24.448989,76.829111,29.976967,0.184998,104.222316,14
226.022860,38.513043,52.362426,19.487673,13.837909,101.821809,12
230.960949,23.511087,62.022307,19.616159,0.000000,125.811396,12
226.763825,28.414765,57.689039,19.341977,8.830342,112.487702,12
223.247799,21.970971,59.258811,15.333777,0.000000,126.684240,10
242.885944,14.556584,57.727076,23.292637,8.940035,138.369612,11
241.208954,13.155351,52.518209,48.582465,0.000000,126.952929,12
244.895056,16.199491,53.525277,56.448722,7.026935,111.694631,13
242.743548,20.110647,47.876925,56.530389,0.000000,118.225587,13
267.430921,14.082023,58.423587,74.453709,7.718482,112.753120,15
261.637950,0.184998,68.050459,85.710549,0.000000,107.691944,15
279.714892,5.057313,75.808088,92.863835,11.988770,93.996886,18
282.557930,6.872949,71.727143,81.706459,7.904032,114.347347,16
287.840397,0.000000,96.094224,64.297990,6.156044,121.292139,15
284.197905,3.053793,94.753499,67.840226,14.047983,104.502404,15
275.969009,1.755541,97.501952,88.928210,7.240713,80.542593,16
298.094266,28.654830,64.520203,92.129640,0.000000,112.789593,16
300.842377,30.017627,61.433181,95.797455,1.413196,112.180918,18
288.557397,29.257116,64.688722,80.202272,8.469145,105.940142,18
259.381486,19.530410,45.369081,92.250743,8.980563,93.250689,16
255.351049,12.876122,55.440284,93.026570,7.400260,86.607813,16
250.196177,10.172121,69.654377,86.953767,0.000000,83.415912,16
232.579100,6.757081,70.749323,79.287856,10.151214,65.633626,14
225.193376,6.156044,107.022536,33.506832,0.000000,78.507964,12
197.131367,1.655764,77.632092,55.629033,0.000000,62.214478,13
196.511751,0.000000,73.637493,53.379258,0.000000,69.495000,12
216.879492,0.000000,74.218019,50.590790,15.042836,77.027847,13
204.759215,1.535374,95.332174,32.843726,7.826922,67.221019,11
217.858679,21.869556,78.745117,39.865385,0.000000,77.378621,12
190.902387,0.000000,75.011607,38.569382,0.000000,77.321398,11
194.392819,0.000000,84.354318,25.710146,0.000000,84.328355,12
182.425999,0.000000,94.810836,8.754325,0.000000,78.860838,12
217.900415,0.000000,94.355592,27.262502,9.689953,86.592368,14
220.256926,14.485246,109.202814,0.000000,0.000000,96.568866,14
228.451170,0.000000,109.117719,7.676289,0.000000,111.657162,14
254.122983,7.712936,107.891667,16.143808,0.000000,122.374572,16
254.137547,8.144695,107.372964,9.192751,0.000000,129.427137,17
271.385116,10.113471,111.565215,9.618830,0.000000,140.087600,19
273.919071,15.583946,110.976907,16.313945,0.000000,131.044273,19
268.822599,8.659656,120.758398,9.298381,5.276286,124.829878,18
266.199801,21.960353,106.713746,14.154591,5.043599,118.327512,20
266.914316,14.797754,121.713786,0.699120,9.015538,120.688118,20
235.233164,0.000000,103.103809,25.790629,4.384170,101.954556,16
211.854398,22.311127,85.146032,10.253035,9.540639,84.603565,15
188.156746,4.088768,90.749651,18.576375,8.284843,66.457109,12
186.303335,0.000000,110.623850,7.727500,0.000000,67.951985,9
185.151721,0.000000,111.574298,11.294536,8.984757,53.298130,10
170.552752,11.865087,98.861881,2.458381,0.000000,57.367403,9
172.432537,15.837026,92.304724,1.259998,0.000000,63.030789,10
216.543967,29.860482,72.789031,1.506226,0.000000,112.388228,10
220.930097,40.044264,64.042222,7.419538,0.570049,108.854024,11
211.284028,34.453267,51.832177,7.671466,2.575210,114.751908,10
211.355571,38.737510,53.794010,8.889809,0.000000,109.934242,11
199.642990,37.965872,43.661783,0.916797,2.059113,115.039425,11
206.076831,38.617985,36.123967,2.678152,17.106066,111.550661,11
191.640568,23.789390,49.460074,3.917599,0.000000,114.473505,10
188.764264,21.954274,46.611592,6.923384,0.000000,113.275014,11
183.017558,20.885658,45.863510,0.451660,0.000000,115.816730,11
196.428774,21.002487,60.120317,15.424916,0.000000,99.881054,14
203.147251,27.126072,56.790952,19.168249,0.000000,100.061978,13
207.913795,22.909775,62.882134,43.278818,0.000000,78.843068,15
192.348345,6.451442,67.113382,37.756761,12.172344,68.854416,14
172.908145,0.000000,70.343003,33.412218,7.119402,62.033522,13
161.451990,0.000000,58.703734,45.191025,0.000000,57.557231,11
162.558546,16.773872,37.756761,55.214893,39.875377,12.937643,11
141.384922,29.593418,25.525185,70.330384,8.358373,7.577562,9
175.346577,36.086513,24.587866,83.472211,17.926107,13.273880,12
202.394754,54.249360,18.139541,97.498190,0.000000,32.507663,13
205.384830,48.521143,25.811867,92.465367,9.490275,29.096178,14
198.244239,57.916214,20.334153,86.514086,0.448541,33.031245,14
234.853783,61.357484,22.883845,83.767070,0.000000,66.845384,14
240.379123,64.466278,27.800507,86.008468,0.000000,62.103870,15
269.637421,58.254998,35.081823,88.114732,0.000000,88.185868,15
265.634303,48.216588,43.596834,78.963347,0.000000,94.857534,14
270.329486,28.972012,55.252298,89.914497,0.000000,96.190679,17
273.346187,30.572188,61.859178,88.753276,0.000000,92.161545,18
296.025277,42.937088,49.528279,93.477528,18.116561,91.965821,20
287.917093,55.252298,31.261788,112.389449,16.800533,72.213025,21
260.096192,36.453690,47.763360,108.786021,0.000000,67.093121,18
262.955503,44.295298,38.372383,105.896560,0.000000,74.391262,18
267.100637,39.656598,39.410425,105.971515,0.000000,82.062099,20
249.298156,21.786245,67.455943,83.797824,0.000000,76.258144,19
246.353089,18.459191,63.995437,86.303288,0.000000,77.595173,19
245.754486,25.855468,49.319204,91.376362,18.706020,60.497432,18
260.678221,25.172923,45.214580,103.345353,0.000000,86.945365,18
252.754330,35.592731,50.095326,84.577626,0.000000,82.488647,18
240.978069,29.286283,50.622481,88.379039,0.000000,72.690266,18
231.165172,20.587592,48.170723,82.062099,3.682145,76.662613,17
189.501946,13.928487,39.547146,61.495978,0.000000,74.530335,15
191.040231,13.766958,37.755594,59.809552,18.759647,60.948480,16
186.329367,17.544973,38.476094,68.556889,7.778000,53.973411,13
216.884748,26.406311,27.545975,90.601661,3.374523,68.956278,15
181.410818,2.121324,28.676522,84.634937,3.570817,62.407218,14
168.781787,1.558048,19.727870,86.122098,7.167603,54.206168,11
169.281815,8.271952,5.920892,99.820206,0.000000,55.268765,11
194.298578,6.965628,13.581574,91.189221,1.941837,80.620318,11
210.554105,0.503527,22.230431,98.999301,11.856219,76.964627,13
219.040630,0.516413,26.032768,114.593836,2.000800,75.896813,13
226.088407,3.165732,26.299896,116.552268,0.000000,80.070511,14
232.803355,8.478413,38.133299,96.698485,0.000000,89.493158,15
229.692817,14.388623,33.497787,95.558416,0.000000,86.247991,15
226.733139,20.285426,26.296359,95.451020,0.000000,84.700334,15
240.047282,30.064927,24.083149,102.436894,0.262412,83.199900,17
234.035553,26.296359,37.396889,81.862805,9.757893,78.721607,17
225.848444,12.139771,49.042993,79.536558,9.730394,75.398728,17
229.318733,4.979043,45.993691,95.881157,17.444870,65.019972,16
221.564314,0.000000,62.407218,98.709558,0.000000,60.447538,16
219.736591,6.095281,53.748135,102.429261,0.000000,57.463914,16
224.992234,13.422931,40.783237,111.738094,0.399442,58.648530,18
223.273328,11.636632,37.759647,114.423939,23.414472,36.038638,17
189.179493,5.849325,25.244204,130.064367,9.369552,18.652045,15
152.706138,16.663709,9.720025,116.468150,0.000000,9.854254,10
168.569090,14.199279,25.838530,102.877613,3.763862,21.889806,12
158.873017,9.284288,38.912992,85.083256,9.952158,15.640323,11
146.157945,0.000000,48.963355,84.204455,1.631826,11.358309,11
156.128588,5.367875,44.042037,79.303163,8.500150,18.915363,14
144.368746,9.766866,34.713359,99.170293,0.718228,0.000000,13
158.944962,0.000000,37.866905,107.507681,3.762594,9.807782,13
157.086870,0.000000,34.590018,117.832857,0.000000,4.663995,14
159.999260,15.610060,16.272936,115.859872,0.000000,12.256392,15
186.601819,2.216623,21.717065,121.876694,0.000000,40.791437,18
200.618378,6.390756,16.941120,135.349533,11.961195,29.975774,20
225.308188,12.347513,9.228317,148.815783,13.316260,41.600315,22
220.141505,19.161636,9.841282,141.829741,6.453843,42.855003,21
231.516723,18.161614,2.927661,161.866784,0.000000,48.560664,22
228.028540,9.841282,5.799041,170.268320,0.000000,42.119897,23
249.000715,12.990135,18.415413,174.109479,7.840082,35.645606,26
259.318491,38.773822,16.976985,162.436451,0.000000,41.131233,27
287.199780,54.454972,5.812836,172.477748,3.904576,50.549648,29
295.321857,59.971837,0.000000,175.996038,3.455200,55.898782,30
290.825208,68.439705,0.000000,167.570875,0.438332,54.376296,29
299.626735,61.713105,4.724842,180.806859,8.816294,43.565635,32
287.465077,60.455962,11.961195,158.428640,0.329834,56.289446,31
286.054911,62.557003,6.205507,163.982298,0.000000,53.310103,32
280.365163,66.658169,0.000000,172.454445,1.507260,39.745289,32
278.780774,67.519606,8.692229,166.700094,18.104485,17.764360,33
274.252598,68.485570,19.275635,165.796511,0.000000,20.694882,32
294.973536,71.274162,25.722385,156.317100,0.000000,41.659889,33
314.080096,81.091213,19.975768,158.790419,1.211910,53.010786,34
322.277012,99.084181,20.584696,140.984691,1.342638,60.280806,33
313.958331,85.575391,14.304057,146.034937,0.000000,68.043946,32
337.946025,82.328389,14.366707,151.628192,0.000000,89.622737,32
331.594012,76.649186,15.854133,146.084077,0.000000,93.006616,33
349.692384,92.211650,7.280884,151.440331,0.000000,98.759519,33
353.973590,99.085305,21.227432,135.840842,0.000000,97.820011,34
367.287044,97.533667,26.357057,137.594968,0.000000,105.801352,35
355.543198,91.759272,17.747793,147.002003,42.099550,56.934580,33
276.885958,85.548509,8.449988,131.326366,3.875293,47.685802,24
269.761214,82.487227,2.301293,147.415114,10.735049,26.822531,23
284.091293,74.048298,38.711994,116.112315,11.257849,43.960837,23
323.302878,74.361583,68.173258,84.361347,1.426477,94.980213,23
326.009435,82.800972,55.484160,85.736505,41.954689,60.033109,23
286.769501,78.215529,69.991033,94.203054,0.000000,44.359885,18
283.605973,74.293413,67.427039,108.424303,0.000000,33.461218,18
287.619359,88.021387,66.344483,100.964909,0.000000,32.288580,19
276.327014,93.006616,47.000686,105.353625,0.000000,30.966087,17
279.088419,99.832113,38.480123,110.899941,5.357607,24.518635,17
256.348127,87.607714,27.140573,111.740408,0.000000,29.859432,15
267.800574,69.991033,28.249008,114.257835,7.077537,48.225161,15
264.652618,67.427039,34.493671,126.506433,0.000000,36.225475,16
268.377731,78.384059,25.766096,119.221192,0.000000,45.006384,17
306.201926,70.932161,31.668298,133.824572,0.000000,69.776895,21
311.342238,64.623293,34.730843,139.729006,0.913687,71.345409,23
304.765114,78.057283,47.466173,103.769389,12.992014,62.480255,23
321.106483,82.416645,51.878777,105.960540,0.000000,80.850521,24
330.776593,75.256898,55.459367,103.763975,0.000000,96.296353,24
333.396909,87.804731,77.125626,76.677261,0.000000,91.789291,25
331.325656,89.707522,82.583319,71.664487,0.000000,87.370328,26
348.698919,117.295800,61.084354,81.376186,0.000000,88.942579,28
336.693338,94.980213,68.713211,77.212518,4.164220,91.623176,24
376.910158,96.630191,65.150670,98.960832,0.000000,116.168465,26
373.966444,92.654398,60.706750,107.692413,11.854174,101.058709,27
383.775091,91.951600,69.012496,115.086425,0.000000,107.724570,28
383.308715,91.450504,78.552932,109.947839,2.963110,100.394330,29
391.694303,96.997513,94.052906,95.245664,0.000000,105.398220,30
373.052076,72.231946,87.878343,99.199150,0.000000,113.742637,30
374.738782,66.017753,90.355803,108.012345,10.187351,100.165530,30
347.366877,54.666255,79.277511,117.409811,0.000000,96.013300,28
364.046256,54.839641,77.212518,130.070166,0.000000,101.923931,30
389.624244,58.332915,86.295124,128.834173,6.389686,109.772346,30
391.387747,53.380127,109.780693,126.925042,9.298484,92.003401,30
386.141918,62.450198,100.135045,131.433942,0.000000,92.122733,29
384.754436,68.037787,93.960138,138.203219,0.000000,84.553292,29
385.311475,65.257132,95.245664,135.670610,4.558501,84.579568,29
386.429835,53.368727,114.677765,123.346267,6.107772,88.929304,27
394.176910,72.352063,128.834173,89.123896,0.000000,103.866778,27
436.402962,71.045487,148.313402,93.822129,0.000000,123.221944,31
463.821774,74.796911,148.424484,97.399930,12.883189,130.317260,32
460.686141,91.789291,123.713124,112.302741,0.000000,132.880985,32
456.031050,99.199150,97.677065,144.424260,0.000000,114.730575,32
472.505003,98.511729,89.378975,155.530433,0.000000,129.083866,34
470.419175,95.787396,97.499210,163.503897,6.543556,107.085116,35
465.517984,91.197052,97.785913,169.209734,0.000000,107.325285,35
467.913564,97.047109,105.189852,155.146599,0.000000,110.530004,35
451.787316,78.144369,107.349651,150.488957,0.000000,115.804339,34
429.343477,60.737714,106.440609,150.260080,0.000000,111.905074,33
433.985512,63.326232,92.610552,152.404631,11.999793,113.644304,32
375.201667,15.950217,84.305541,163.703938,2.507016,108.734955,28
350.487734,27.892773,73.409112,150.944311,0.000000,98.241538,27
349.681518,58.259719,49.928586,144.151358,0.000000,97.341855,28
347.248653,53.435452,56.676523,136.758139,11.095274,89.283265,30
318.989165,24.274210,58.507400,135.756797,26.639333,73.811425,27
314.447247,40.947352,59.432770,143.399427,0.293710,70.373988,26
278.932878,13.094670,46.628926,145.365211,0.000000,73.844071,21
284.649343,6.964394,45.418458,144.855129,6.724465,80.686897,21
300.601647,6.300370,48.495313,142.947096,21.250023,81.608845,21
309.967746,13.471487,32.921815,149.202374,9.137049,105.235021,23
320.076811,23.378922,41.779608,150.247316,17.562762,87.108203,24
315.360795,10.946203,56.776613,150.256544,0.000000,97.381435,24
312.701322,23.006319,41.140823,152.715550,9.912769,85.925861,24
298.502302,9.878621,50.984505,157.146452,5.976012,74.516712,21
306.626340,13.834098,51.956215,137.704724,0.000000,103.131303,21
315.281789,8.653115,74.883030,133.546593,0.000000,98.199051,22
336.971344,5.318994,84.047610,125.405142,3.003983,119.195615,21
332.715197,12.318330,68.363382,129.040635,0.000000,122.992850,20
335.201161,15.392011,63.076257,134.417994,0.000000,122.314899,21
324.877363,6.501306,57.863549,138.016785,0.000000,122.495723,22
334.268645,1.380172,61.037376,147.238303,6.235195,118.377599,24
326.318482,0.000000,64.676588,141.616629,7.890119,112.135146,24
401.875163,0.000000,68.411088,210.881631,0.000000,122.582444,28
423.957857,6.724465,97.556688,216.781075,0.000000,102.895629,31
423.461398,13.660447,93.898533,222.611271,19.651603,73.639544,31
420.605650,18.143876,81.571267,237.574765,14.456739,68.859003,32
444.990339,38.623442,68.636573,251.670506,0.000000,86.059818,33
457.229030,46.112537,76.610976,259.935519,6.972733,67.597265,34
445.090003,57.883641,56.240474,255.931956,0.000000,75.033932,31
445.668912,59.172019,62.673034,249.205082,17.418358,57.200419,32
427.902168,53.663751,53.003547,268.415361,0.000000,52.819509,32
397.605068,28.931842,53.801879,264.209706,8.409311,42.252330,31
385.846547,25.192665,64.480761,246.988385,10.286986,38.897750,29
345.809090,21.115341,91.019805,202.881414,0.000000,30.792530,25
341.781760,24.814755,79.533275,209.066596,0.000000,28.367134,25
360.846522,31.179813,76.648030,207.579072,0.000000,45.439607,26
336.352434,5.490066,79.274094,199.678839,5.612058,46.297377,25
340.874651,0.000000,90.009758,188.529347,16.193205,46.142341,26
333.697980,20.960801,80.084427,179.081991,0.000000,53.570761,25
331.578471,20.419931,82.667120,167.223836,0.000000,61.267584,25
341.351129,28.842519,81.643938,153.558153,0.000000,77.306519,25
363.012722,36.228818,73.639544,158.297127,9.158492,85.688741,26
335.806434,1.714790,101.137763,130.205762,0.000000,102.748119,26
364.553056,9.176112,94.999653,143.601881,0.000000,116.775410,28
384.370412,34.315883,77.684721,128.266533,0.000000,144.103275,29
364.979386,34.178672,56.028869,125.880827,13.910710,134.980308,25
364.307170,27.894830,56.815300,134.824168,0.000000,144.772872,26
356.672584,52.626479,30.710375,135.904869,0.000000,137.430861,26
342.607112,60.261648,8.350001,142.954855,0.000000,131.040608,26
356.646156,65.118222,16.878939,134.231292,0.000000,140.417703,27
347.368759,62.484980,6.576626,141.958642,45.958346,90.390165,27
304.985032,46.740954,23.205160,143.193449,0.000000,91.845469,22
297.330334,62.070658,8.404870,136.264841,0.000000,90.589965,23
316.623316,61.067927,6.652855,175.086515,8.401581,65.414438,25
302.239571,52.425773,21.081563,166.994252,0.000000,61.737983,23
304.245899,56.640705,14.360545,166.044811,0.706812,66.493026,24
316.250183,63.055989,15.148237,163.783261,0.000000,74.262696,25
305.719152,51.253286,30.931425,155.623065,6.730485,61.180891,25
308.514683,51.820292,52.840389,141.893969,3.227592,58.732441,25
297.719160,51.208436,71.199748,119.518492,1.941983,53.850501,24
302.075559,67.402296,70.184708,107.806891,0.000000,56.681664,24
319.533772,72.712168,67.536848,111.350877,0.000000,67.933879,26
322.792664,76.913005,60.943968,111.956825,0.000000,72.978866,25
372.836951,77.934073,51.726883,130.139082,0.000000,113.036913,29
376.944208,68.523058,60.862497,122.762836,0.000000,124.795817,26
368.369572,61.219409,64.488508,125.266225,2.217360,115.178070,27
373.880581,71.199748,72.182141,113.091679,12.980823,104.426190,28
375.303179,65.473882,68.943590,129.387027,13.311244,98.187436,27
352.541470,80.536220,40.785236,142.350875,5.692739,83.176400,25
351.316142,89.745297,35.345997,161.457673,0.000000,64.767175,26
362.739521,94.694246,34.709770,155.277663,10.221199,67.836643,27
373.161012,69.915367,33.958751,189.829341,16.125838,63.331715,29
354.326045,64.172956,49.007634,173.915810,0.000000,67.229645,27
352.053428,42.076482,50.455312,199.740543,0.000000,59.781091,29
360.628452,40.669351,51.906891,197.675531,8.192489,62.184190,30
366.990111,56.662226,33.987354,207.275092,0.000000,69.065439,29
399.716701,27.779232,44.643096,215.843600,24.089738,87.361035,30
385.383179,27.496104,40.437775,234.568446,0.000000,82.880854,28
396.000401,15.959216,40.270058,244.028590,0.000000,95.742537,28
446.476836,15.271579,95.998053,228.182215,6.744511,100.280478,33
461.616887,10.552593,92.597421,248.314277,0.000000,110.152596,35
480.490284,7.421765,90.778512,262.201495,0.000000,120.088512,35
494.929303,14.654023,101.868751,245.968700,5.031078,127.406751,36
498.569001,20.726307,94.451763,254.372712,8.753878,120.264341,37
500.492031,1.777533,103.944414,250.823295,4.158093,139.788696,37
491.118838,9.903235,101.602698,245.684491,0.000000,133.928414,39
485.108233,0.000000,107.092638,243.774612,0.000000,134.240983,40
491.623586,18.829098,86.975495,263.932188,0.000000,121.886805,41
503.461279,13.026089,102.718006,254.059073,0.000000,133.658111,42
526.925582,17.545366,119.055920,246.023347,3.221354,141.079595,44
518.238574,26.972921,87.996487,245.271059,0.000000,157.998107,43
534.171102,22.670572,99.855753,239.147356,0.000000,172.497421,44
544.569879,19.527534,98.027033,237.429686,0.000000,189.585626,46
557.241995,21.327450,90.161342,251.974466,0.000000,193.778737,47
563.782647,20.614834,101.958225,254.538059,3.559966,183.111563,48
564.580256,16.678078,123.087239,222.502136,0.000000,202.312803,47
599.453698,36.172147,113.625815,228.217633,0.000000,221.438103,49
611.145195,34.722165,126.943028,224.153800,9.511903,215.814299,50
612.033906,18.572958,131.274361,226.357882,0.000000,235.828705,48
608.014024,11.837774,141.716108,219.567857,0.000000,234.892285,48
601.353373,18.648472,131.245130,215.569879,7.727500,228.162392,48
606.858787,18.094775,142.276832,218.178416,0.839491,227.469273,49
629.142900,26.007435,139.719867,252.210398,8.873352,202.331848,51
627.566034,60.117183,110.817549,247.111084,0.000000,209.520218,53
622.402797,52.710560,117.268037,245.895109,0.000000,206.529091,53
630.164498,51.893190,118.150302,249.683509,0.001000,210.436497,54
632.090736,54.584248,115.980957,256.212414,4.589913,200.723204,54
648.510615,57.760244,117.278445,260.953452,0.000000,212.518474,54
660.359212,56.467452,121.751208,254.814651,0.000000,227.325901,54
652.222276,37.299372,122.176817,252.285075,0.000000,240.461012,53
650.346602,36.036694,121.651016,252.291037,8.270315,232.097540,53
657.324636,38.030543,120.088512,267.784738,14.935204,216.485639,53
667.888101,28.705625,126.552064,281.065423,0.000000,231.564989,53
690.527312,30.265335,142.679731,281.605066,27.053967,208.923213,56
692.283289,43.254035,141.802948,289.256929,0.000000,217.969377,54
680.087155,36.540552,137.437954,286.757933,0.000000,219.350716,53
679.549579,33.388933,133.928414,292.158007,25.866845,194.207380,53
668.559808,56.413969,127.341805,290.114584,0.000000,194.689450,52
680.950230,52.155016,125.202901,311.088149,0.000000,192.504164,53
681.213579,64.056489,124.249506,302.657993,42.198003,148.051588,53
627.541215,32.534713,137.243293,277.748727,0.000000,180.014482,43
634.056623,35.782210,137.097860,276.247029,2.728000,182.201524,45
647.913012,31.925952,140.661010,282.461279,4.722177,188.142594,45
638.559433,22.523482,141.836344,293.039883,8.366830,172.792894,45
648.736125,6.373176,154.927797,292.675457,0.000000,194.759695,43
651.486348,15.945093,155.310162,286.795661,0.000000,193.435432,43
653.509624,16.929634,157.807953,281.968109,5.882765,190.921163,42
632.530115,17.967113,152.213901,268.605435,1.388951,192.354715,41
626.328015,25.108427,153.736314,241.455293,0.000000,206.027981,40
663.873668,33.194315,149.576625,240.420771,17.254797,223.427160,40
645.393030,55.610537,128.740438,236.224558,7.177702,217.639795,39
634.993636,51.130538,124.848030,223.717313,26.136648,209.161107,39
638.574281,38.644423,126.654105,233.724058,31.064934,208.486761,36
622.923733,31.044096,122.086225,257.442437,6.907498,205.443477,35
616.846428,41.649722,119.887053,232.251746,0.000000,223.057907,32
615.592935,42.101435,117.604479,229.685800,0.000000,226.201221,32
609.548957,36.811366,118.296279,229.186947,0.000000,225.254365,34
608.892157,40.130379,110.468577,226.870678,0.000000,231.422523,34
609.517073,48.752355,101.335396,228.502661,0.000000,230.926661,34
572.387888,6.919812,102.553526,230.039868,6.281854,226.592828,31
569.498396,1.015659,128.297624,206.149531,5.000500,229.035082,29
575.698546,0.000000,119.717941,213.846446,22.125589,220.008570,31
532.729771,0.000000,106.721524,210.405381,1.339093,214.263773,28
507.506563,0.000000,131.121009,166.535783,0.000000,209.849771,29
503.305237,0.000000,130.788312,171.159387,0.000000,201.357538,30
517.755535,5.261519,134.940373,178.815780,1.759066,196.978797,34
522.021687,48.572945,87.393033,185.701151,0.000000,200.354558,33
546.594940,54.889548,78.571655,207.468295,0.000000,205.665442,35
558.297506,48.174580,77.045203,221.699781,9.305538,202.072404,35
551.775094,29.272076,85.402005,225.274228,0.000000,211.826785,35
557.402049,23.941369,89.828890,229.685420,9.032355,204.914015,36
566.004614,27.869831,93.601338,238.591597,0.000000,205.941848,37
568.321458,31.993344,89.685489,235.738613,21.618676,189.285336,37
568.850827,50.083634,69.313694,267.402528,8.701138,173.349833,37
587.425905,52.855194,65.601000,283.292722,9.212249,176.464740,37
598.074943,29.736664,90.652425,256.134647,7.836754,213.714453,39
610.910401,40.075917,94.134770,239.074128,11.223461,226.402125,40
614.099809,41.193375,91.170664,250.806999,0.000000,230.928771,43
615.048982,31.766593,97.497993,248.617540,5.461800,231.705056,45
614.279068,48.610092,76.314263,247.356155,0.000000,241.998558,45
626.532224,52.152532,84.505379,242.167653,0.000000,247.706660,45
673.988277,54.236792,92.164055,242.947124,0.000000,284.640306,48
671.808754,57.054547,93.441989,237.700986,4.899568,278.711664,49
672.377964,55.226187,112.208353,223.928888,2.565194,278.449342,47
664.153940,54.190829,114.351991,228.903519,0.000000,266.707601,47
670.104620,53.700311,109.597677,234.822245,0.000000,271.984387,48
675.472140,42.716085,112.343104,235.863664,0.000000,284.549287,49
684.527225,45.373021,106.426569,238.275395,7.331348,287.120892,49
674.111260,35.328859,131.887243,247.339301,5.310669,254.245188,49
677.350245,33.888806,124.355528,261.134605,6.045260,251.926046,49
681.529797,32.628230,123.444302,265.447001,24.299104,235.711160,50
640.186167,48.906848,96.037913,257.998006,0.000000,237.243400,45
649.417759,51.542477,109.524482,240.465903,6.642982,241.241915,45
592.351879,3.857427,111.765066,236.078593,2.081422,238.569371,40
587.310365,0.000000,100.936704,246.453870,9.996003,229.923788,38
586.997686,0.000000,90.302993,245.204642,0.000000,251.490051,37
612.055509,0.000000,97.386354,252.672158,0.000000,261.996997,38
631.976000,8.892419,89.776485,264.728723,32.059924,236.518449,40
585.932337,4.258860,78.976532,255.459960,18.564382,228.672603,37
583.505158,0.000000,97.898401,245.716379,0.000000,239.890378,34
596.583650,3.035179,99.577081,244.576346,0.000000,249.395044,35
599.447615,0.588334,103.887593,241.062977,5.758000,248.150711,36
629.217416,13.904993,94.983100,244.621327,0.000000,275.707996,38
627.051652,4.629266,109.866302,235.668240,2.487957,274.399887,37
645.226539,3.298381,117.543509,253.673197,0.000000,270.711452,38
657.465300,0.000000,117.392378,253.277898,0.000000,286.795024,39
656.963219,0.000000,121.445292,273.105366,0.000000,262.412561,39
665.655390,0.000000,139.531855,260.010264,5.702794,260.410477,39
631.531580,7.394562,121.648748,251.236784,0.000000,251.251486,35
637.686514,17.936575,109.187637,254.372823,4.065810,252.123669,36
622.597730,9.899346,102.319553,255.114270,4.036960,251.227601,32
615.372100,19.308651,84.791770,269.397471,0.000000,241.874208,31
626.080123,31.881927,68.321675,272.348918,0.000000,253.527603,31
649.121007,43.219721,51.931411,285.858432,0.000000,268.111443,32
650.993461,66.455880,25.190482,295.586235,0.000000,263.760864,34
672.093356,61.431896,45.459000,290.258758,0.000000,274.943702,36
676.376426,57.787138,48.507525,288.142052,9.104567,272.835144,36
674.549542,38.020540,53.531863,298.173381,8.288459,276.535299,36
677.215169,39.680985,52.231591,300.946353,0.000000,284.356240,38
698.488664,80.754222,0.000000,303.244499,0.271244,314.218699,39
697.087709,84.707492,0.000000,302.775075,0.000000,309.605142,40
715.472761,84.365396,6.681846,305.666481,10.342733,308.416305,41
736.611542,94.064885,36.323823,288.046037,22.505303,295.671494,41
714.641920,98.521529,90.356876,230.241876,0.000000,295.521639,41
743.363857,97.689578,92.260052,231.925793,8.499212,312.989222,41
741.948691,110.815748,61.606994,241.905090,0.000000,327.620859,40
754.943482,130.597660,42.015540,247.221941,3.463020,331.645321,41
747.786869,118.100669,62.014293,228.015092,18.370852,321.285963,41
727.944175,110.756144,82.615687,205.048821,21.866429,307.657094,41
714.124554,94.088345,109.558651,205.066557,0.000000,305.411001,40
716.660866,85.918270,129.084639,194.806778,0.000000,306.851179,39
724.573159,89.403996,133.848640,187.614747,0.000000,313.705776,39
743.237952,101.967196,112.242762,200.124086,0.000000,328.903908,40
719.619709,81.921996,109.221193,201.588786,0.000000,326.887734,37
708.459583,73.714883,114.369270,195.667070,0.000000,324.708360,37
707.551306,80.316000,109.303804,206.320441,0.000000,311.611061,37
707.669056,94.485500,82.321625,212.755974,0.000000,318.105957,38
704.991894,92.450141,77.951343,214.928402,15.205021,304.456987,38
691.249175,120.243675,52.455360,205.417210,0.000000,313.132930,37
698.659654,113.258153,64.799975,199.910283,9.007028,311.684215,37
692.057174,120.215495,65.264587,188.676724,2.423118,315.477250,37
727.965972,114.606120,73.312174,186.300682,8.461692,345.285304,38
725.908803,113.039521,66.126862,202.618693,9.700306,334.423421,38
675.449257,77.132875,65.233125,194.599439,9.565357,328.918461,35
674.666605,65.815366,93.800759,179.437516,20.039148,315.573816,34
712.746268,88.653598,86.645648,207.543969,0.000000,329.903053,34
720.919537,90.729733,80.686933,218.394979,7.853067,323.254825,35
724.538508,99.664279,91.757495,220.254309,9.244162,303.618263,35
733.014500,101.622867,78.319110,242.448528,8.755885,301.868110,34
673.402682,50.297493,80.023714,239.871921,18.644378,284.565176,31
673.870954,68.646826,87.601699,217.959670,18.274456,281.388303,30
635.474634,56.452681,86.402976,214.346378,10.236698,268.035901,30
634.454634,60.648056,64.320964,212.102893,0.000000,297.382721,25
637.431309,62.067912,79.844328,201.256396,0.000000,294.262673,26
652.222963,60.955679,118.408432,171.098850,0.000000,301.760002,28
655.142946,69.945049,105.373281,182.278440,0.000000,297.546176,28
635.795823,53.407153,111.231040,170.809721,0.000000,300.347909,28
640.831079,61.374243,112.906038,166.798600,0.000000,299.752198,28
640.300568,73.327992,103.878356,162.372324,8.500857,292.221039,28
631.716013,85.662126,88.095440,167.526260,16.163222,274.268965,28
619.555269,118.226848,75.178865,164.628576,0.000000,261.520980,28
672.441126,144.098174,48.634879,166.939435,9.583375,303.185263,29
700.221687,128.117436,52.952229,180.568944,0.000000,338.583078,29
684.277607,133.491681,37.143469,173.226416,7.368684,333.047357,28
695.668114,155.126764,20.687358,213.224733,8.506524,298.122735,31
690.051746,169.805019,0.000000,221.399475,0.000000,298.847252,32
687.051514,159.209913,0.000000,225.015155,0.000000,302.826446,32
691.845844,152.968343,18.829573,210.809248,0.000000,309.238680,32
698.431738,154.653138,25.730860,204.868565,0.000000,313.179175,32
699.920852,151.076523,20.022327,210.647916,0.000000,318.174086,34
722.851455,157.297700,17.529852,231.153466,0.000000,316.870437,36
669.985317,98.040524,24.655583,228.539798,25.138251,293.611161,35
644.685323,85.082639,36.469861,225.583850,0.000000,297.548973,34
641.319155,81.651321,37.920010,225.351736,0.000000,296.396088,35
652.376877,79.243124,41.969798,225.682514,15.401042,290.080399,37
664.775985,71.986479,43.946355,251.940199,0.000000,296.902952,39
716.165433,109.626716,51.165264,215.742326,29.569838,310.061289,41
703.904306,121.085246,79.050575,179.960690,0.000000,323.807795,37
706.903090,132.952360,62.242148,175.599656,5.581011,330.527915,37
691.774744,127.334903,60.661637,176.794683,4.561745,322.421776,36
718.040256,148.829452,54.888012,165.644180,0.000000,348.678612,37
725.068387,158.957171,64.728059,156.249607,3.401334,341.732216,37
708.614137,152.568191,57.855592,159.797491,0.000000,338.392863,36
705.509645,151.458027,65.750161,152.164692,17.533729,318.603036,36
684.005105,129.020759,73.723487,164.096425,0.000000,317.164434,36
661.795288,115.536403,101.485013,130.783727,0.000000,313.990145,34
655.605881,109.010117,114.093584,109.943656,1.773154,320.785370,33
686.823203,74.873126,103.200470,164.778199,2.191271,341.780137,37
653.819870,88.669089,82.752895,140.289033,8.933976,333.174877,32
656.703894,92.649723,82.830997,144.231003,33.773891,303.218280,33
656.668826,106.698019,74.373922,179.732997,0.000000,295.863888,32
655.317645,99.003905,102.637890,157.111312,0.000000,296.564538,31
695.865295,95.838095,112.757054,173.365738,0.000000,313.904408,36
691.636248,105.065355,93.177432,180.341457,0.000000,313.052004,36
724.238630,109.518845,86.115529,184.639390,0.000000,343.964866,38
723.426543,107.390443,87.097266,184.269233,0.000000,344.669601,39
747.855671,107.230605,93.374675,179.119109,0.000000,368.131282,40
749.417336,101.235330,102.787194,187.022962,20.076923,338.294927,41
726.017488,121.802474,85.838412,178.127830,0.000000,340.248772,40
732.492690,127.095250,77.301353,173.107118,8.890209,346.098760,39
711.398159,102.367499,93.868319,161.851569,7.704685,345.606087,37
703.628028,90.736140,138.236711,136.227533,6.010816,332.416828,38
729.015409,94.424198,144.178823,133.648688,3.185567,353.578133,39
747.094118,106.891842,150.096853,121.565028,0.000000,368.540395,40
736.351089,103.756339,138.866972,115.271050,0.000000,378.456728,39
730.587329,94.772388,145.184654,117.368179,0.000000,373.262108,40
725.596424,99.258044,136.537286,145.708511,0.000000,344.092583,41
774.287583,97.631784,149.630832,156.167300,7.813723,363.043944,42
18.150135,0.000000,4.182400,0.000000,0.000000,13.967735,0
38.509148,0.000000,13.562735,0.000000,17.290676,7.655737,1
56.388808,0.000000,6.648747,37.313743,0.000000,12.426318,4
56.133865,0.000000,7.655737,37.510150,0.453216,10.514762,5
56.152411,0.000000,29.658006,12.426318,0.000000,14.068087,5
70.402085,3.515367,35.379386,29.891373,0.000000,1.615959,8
85.456063,9.653294,33.400375,30.105795,3.407599,8.889000,9
82.066080,7.852144,30.479599,30.565056,8.018717,5.150564,9
114.672212,10.514762,29.008527,40.349650,0.000000,34.799273,10
89.791728,11.995711,3.163949,35.789826,5.176635,33.665607,7
86.730534,34.815106,5.754628,12.876308,0.000000,33.284492,7
82.630329,31.578099,6.279565,12.569215,7.445671,24.757779,6
78.228308,12.365713,12.876308,20.820035,12.439070,19.727182,6
79.563486,10.931263,40.958778,0.025387,0.000000,27.648058,6
62.701546,12.315213,24.757779,17.518612,6.340946,1.768996,4
56.672418,13.650721,27.020353,9.715259,6.286085,0.000000,4
79.933425,3.788500,31.914639,21.436681,12.582456,10.211149,5
57.743369,6.286085,26.277380,15.966870,1.986036,7.226998,4
81.403750,0.824447,51.256619,9.426701,10.856152,9.039831,5
102.463688,11.221849,44.010997,19.895983,8.020502,19.314357,5
137.143269,3.639080,37.066201,55.967918,7.029606,33.440464,7
128.080820,13.862742,15.459942,56.226222,0.000000,42.531914,7
122.958318,15.459942,12.310013,57.355486,5.088211,32.744666,7
107.232481,0.000000,28.730098,33.440464,17.780090,27.281829,6
86.459491,13.113331,7.469559,45.733501,0.000000,20.143100,5
82.304160,22.127917,0.000000,37.832877,0.000000,22.343366,6
107.888315,34.728183,7.682050,28.924546,0.000000,36.553536,7
145.285866,29.092637,8.066231,52.496056,0.000000,55.630942,10
141.692012,32.744666,9.952027,46.070600,0.000000,52.924719,11
130.129688,12.295102,15.914229,45.567088,0.920025,55.433244,11
118.071133,18.788504,0.240497,49.577737,0.001000,49.463395,9
152.782443,33.154688,12.915912,28.563843,0.000000,78.148000,10
141.204206,42.692813,0.920025,27.505792,0.000000,70.085576,9
149.693466,49.577737,0.001000,34.148819,0.000000,65.965910,9
128.775912,32.764423,21.724949,2.635927,0.000000,71.650613,9
115.887002,28.425817,13.990993,6.689806,0.000000,66.780386,8
168.153643,42.991142,0.000000,12.442102,0.236547,112.483852,9
162.931371,7.831376,0.000000,41.755519,6.626844,106.717632,9
189.081330,13.936459,0.236547,50.651334,4.361935,119.895055,11
192.181799,16.410619,0.298128,54.941866,0.000000,120.531186,11
192.101823,14.216731,11.826798,40.736857,7.305793,118.015644,11
233.004926,10.929015,12.121067,52.056284,4.667200,153.231360,11
239.018867,25.564001,12.625606,42.287028,16.486589,142.055643,11
230.921731,23.361248,13.091692,57.470583,10.067585,126.930623,10
229.166154,27.837799,8.320630,69.930862,10.252277,112.824586,10
228.023938,25.717298,11.589710,81.013816,0.000000,109.703114,10
247.053308,18.398023,15.572633,88.674678,0.000000,124.407974,13
295.959358,32.948242,18.942786,90.806018,0.000000,153.262312,15
316.443804,33.838570,32.459679,86.514464,29.403044,134.228047,17
250.462050,9.885175,16.666390,85.151584,0.000000,138.758901,12
258.488730,25.065358,6.531834,88.602208,1.972634,136.316696,13
256.953253,32.594092,11.363827,88.617801,28.805120,95.572413,14
246.458062,13.217641,43.788841,79.364490,0.000000,110.087090,10
248.434195,15.133954,42.726101,84.241749,0.000000,106.332391,11
234.010305,7.743657,46.937536,74.606951,0.000000,104.722161,9
252.332310,29.403044,24.065483,77.127790,8.773456,112.962537,8
240.734824,13.719692,24.550530,90.273919,0.000000,112.190683,9
260.088299,9.982458,14.569072,100.736157,3.233000,131.567612,10
259.831478,1.972634,24.009995,102.793814,6.272775,124.782260,10
289.109760,21.820060,14.152722,94.272788,0.000000,158.864190,10
277.657738,18.531496,7.905213,93.994779,6.078823,151.147427,10
275.151293,4.520605,14.805620,93.513278,38.301999,124.009791,11
236.508478,4.135202,10.414223,79.257785,0.000000,142.701268,7
246.125916,6.328036,13.471214,79.316192,0.000000,147.010474,7
249.056073,8.845821,20.936193,72.027963,0.000000,147.246096,8
254.455477,9.385027,16.376378,71.879853,5.738332,151.075887,7
294.651606,1.185092,21.592324,72.738984,0.000000,199.135206,8
295.967264,28.234451,0.000000,75.652457,0.000000,192.080356,9
306.786638,29.462128,5.976733,69.514159,10.107552,191.726066,9
301.986003,23.260609,15.041390,69.392771,0.000000,194.291233,9
304.527742,23.434844,7.505484,77.017098,8.393735,188.176581,11
295.107125,30.910703,0.000000,81.769475,15.106312,167.320635,12
285.137574,27.342916,4.284373,85.935644,0.000000,167.574641,13
280.991682,28.271336,25.491369,67.317086,0.000000,159.911891,14
285.971602,35.156529,26.025748,60.521449,0.000000,164.267876,14
280.565482,48.329093,0.381915,61.981547,0.000000,169.872927,13
278.369193,43.180719,6.706340,65.076551,0.000000,163.405583,13
271.475973,23.558403,17.140301,57.290435,4.184366,169.302468,11
258.452636,8.393735,23.567749,47.475326,10.590122,168.425704,9
232.584982,8.716277,29.436763,35.506866,49.859166,109.065910,8
197.916303,35.506866,8.026323,42.548057,10.312830,101.522227,3
183.644573,39.365116,19.013713,13.324487,6.389250,105.552007,2
176.647872,36.398503,3.215964,24.585454,4.831435,107.616516,4
200.832414,27.764058,10.312830,28.982849,0.000000,133.772677,5
207.079361,30.041757,2.296443,46.517658,0.000000,128.223503,8
222.664923,33.968305,12.919116,41.013745,8.964983,125.798774,10
197.981078,28.982849,19.831252,30.202125,0.000000,118.964852,10
183.074311,15.671667,19.703060,31.989825,6.376881,109.332878,8
173.411410,29.591029,21.519372,6.727243,7.172697,108.401069,6
182.722426,50.056874,6.376881,23.722893,0.000000,102.565778,7
170.352869,42.051068,10.657058,22.635481,5.063617,89.945645,8
168.332714,46.878559,44.293506,0.000000,9.150221,68.010428,9
142.381530,37.016345,35.409688,9.523857,0.000000,60.431640,8
169.158328,53.192982,31.848936,1.130517,8.244796,74.741097,9
170.152821,55.752753,32.645263,0.000000,6.795844,74.958961,10
170.708261,53.258413,30.476200,4.150585,16.513019,66.310044,10
117.516778,17.324639,20.663604,1.363185,0.000000,78.165350,4
111.882325,13.411803,28.925624,0.000000,2.177959,67.366939,4
113.115311,13.207209,24.512333,1.945069,0.000000,73.450700,5
160.934864,21.784659,12.451898,19.048646,0.000000,107.649661,7
163.728555,11.969831,4.123028,21.160727,5.966433,120.508536,6
155.823833,0.358959,24.924796,26.148310,0.000000,104.391768,6
202.661815,0.000000,29.072229,25.516760,7.883608,140.189218,8
210.606394,8.889648,36.571171,21.238520,0.000000,143.907055,8
223.793322,19.514981,20.181877,20.510854,5.630809,157.954801,8
223.751376,26.148310,18.112833,20.998172,13.893205,144.598856,7
219.306194,16.344178,12.923172,29.212066,0.000000,160.826778,7
253.264094,17.784552,13.972653,46.354596,13.652869,161.499424,10
252.184969,16.015914,20.998172,53.209232,0.000000,161.961651,10
244.618689,7.292363,34.842875,44.972930,0.000000,157.510521,10
286.322661,0.000000,38.165240,68.468081,10.873792,168.815548,13
284.256864,0.000000,38.760460,61.643039,0.000000,183.853365,12
305.105717,0.000000,56.911386,57.378967,0.000000,190.815364,14
322.601885,13.804898,60.975027,37.069231,0.000000,210.752729,14
325.092813,0.000000,60.000423,57.942746,0.000000,207.149644,14
324.995925,0.000000,61.643039,53.388753,9.384045,200.580088,15
344.963152,0.000000,91.828035,30.725490,0.000000,222.409627,14
349.710947,0.000000,93.211298,34.650674,4.890917,216.958058,14
340.802811,4.332508,104.369673,8.802817,2.668846,220.628967,12
354.950020,6.311844,114.177266,1.017794,0.000000,233.443116,13
355.513489,14.320881,100.705785,3.723686,0.000000,236.763137,14
334.719163,0.000000,89.663857,13.466412,0.000000,231.588894,12
333.555265,0.000000,88.193098,16.267206,7.899717,221.195244,12
310.698811,0.000000,70.145234,21.718965,0.000000,218.834612,10
315.688431,5.204940,67.307924,19.985265,0.000000,223.190302,11
316.940613,0.000000,77.909144,8.517667,1.720573,228.793229,12
310.688015,0.000000,70.652838,8.136433,0.000000,231.898744,11
330.408464,5.931441,79.704652,0.000000,0.000000,244.772371,12
331.941778,0.000000,83.794364,0.000000,0.000000,248.147414,12
331.412266,0.000000,83.996980,0.000000,9.052726,238.362560,12
338.886563,0.000000,92.200306,2.651898,0.000000,244.034359,13
353.240648,0.000000,102.622266,8.017742,10.745523,231.855117,13
346.304744,13.405063,101.048694,0.000000,0.000000,231.850987,13
332.248592,0.000000,104.286492,0.000000,0.000000,227.962100,11
334.924947,13.453861,92.679987,0.000000,16.634952,212.156147,11
349.310023,18.452859,131.321965,0.000000,0.000000,199.535199,13
342.394313,33.849476,112.469898,8.175702,0.000000,187.899237,13
339.578040,22.201835,117.301614,7.993199,17.361831,174.719561,13
325.527996,30.257013,108.502293,11.612190,0.000000,175.156500,12
351.416982,31.947468,110.709176,8.599030,0.000000,200.161308,12
353.150025,18.431600,112.428406,8.964683,2.250775,211.074561,12
370.716870,74.880004,54.199162,10.228951,7.511512,223.897241,13
354.518201,72.906062,56.797053,7.078780,7.450255,210.286051,12
348.568228,70.903646,61.882375,0.000000,0.000000,215.782207,11
384.511746,70.964409,61.432578,6.552069,0.000000,245.562690,14
368.847356,60.296647,61.109334,1.792204,0.805044,244.844127,14
362.293441,57.805102,59.138912,9.077015,0.000000,236.272412,14
335.152310,39.056590,62.179708,0.000000,0.000000,233.916012,13
316.136435,15.952335,67.336600,0.000000,6.787108,226.060392,13
332.237202,24.859092,68.803771,2.424552,0.000000,236.149787,14
330.226610,29.921773,67.359385,0.000000,1.020901,231.924551,14
328.565461,22.040547,60.930031,18.010789,10.047928,217.536166,14
331.572427,16.014255,70.376820,19.867944,0.000000,225.313408,15
328.326716,17.735524,81.073240,14.257775,0.795523,214.464654,18
328.097216,18.417746,86.084793,6.181726,0.000000,217.412951,18
332.270128,21.324003,83.951852,9.524720,10.535537,206.934016,18
336.254615,35.563636,92.820488,6.181140,5.385962,196.303389,18
324.939631,61.490887,53.492024,10.488492,9.855894,189.612334,16
328.998206,51.158929,54.099139,16.637578,6.731510,200.371050,16
337.447338,44.658380,62.295446,38.381250,4.020944,188.091318,16
320.114478,24.578018,82.878325,17.026929,0.000000,195.631206,14
317.460771,42.532037,64.166403,18.085842,4.800520,187.875969,14
320.481990,46.712377,64.437231,23.668004,17.541743,168.122635,14
330.876961,57.160188,73.420715,16.081179,2.738515,181.476364,14
335.802496,80.934946,49.733668,25.963213,0.000000,179.170669,14
346.800315,85.981424,53.211445,18.600911,6.746900,182.259635,14
346.836807,76.363732,52.968107,32.987200,10.283556,174.234212,15
339.996102,73.584854,53.427358,43.318604,0.000000,169.665286,15
363.046382,94.487176,29.092128,57.447124,3.334000,178.685954,17
365.872646,95.158486,33.055255,58.627440,4.359678,174.671787,18
355.440982,82.198320,86.376303,18.607348,0.000000,168.259011,19
343.219195,66.381526,86.793624,23.237822,0.000000,166.806223,18
349.725473,69.614985,105.546796,9.777800,0.000000,164.785892,19
346.526590,74.265002,100.201667,15.937448,0.000000,156.122473,19
343.798643,64.482689,122.014415,0.000000,11.201404,146.100135,18
328.930547,76.377129,101.948229,7.345398,9.326667,133.933124,18
330.378807,66.936413,114.622612,11.969776,0.000000,136.850006,19
332.944990,73.407058,118.051026,0.338519,0.000000,141.148387,19
332.054577,70.690958,118.865690,2.164598,0.000000,140.333331,19
319.142031,61.702999,112.256162,5.963553,0.000000,139.219317,19
329.113056,62.987118,113.860037,2.336921,0.000000,149.928980,20
320.476720,70.071269,93.590914,9.397842,1.174187,146.242508,21
322.576887,67.942907,101.722379,0.000000,0.000000,152.911601,21
345.573551,67.916766,113.738841,0.000000,0.000000,163.917944,24
402.236461,70.872611,115.288957,5.063430,0.000000,211.011463,27
400.853673,70.257515,121.115770,9.168787,7.834894,192.476707,26
419.275549,75.240976,116.093396,20.399401,4.627786,202.913990,28
443.883944,71.417921,117.319421,17.622777,23.056634,214.467191,28
412.896423,39.843245,121.963348,25.544364,4.849539,220.695927,25
426.738594,33.651624,136.477123,21.535215,9.267271,225.807361,27
419.921887,21.922796,137.105596,28.991375,0.000000,231.902120,26
417.211043,15.136336,138.361742,33.370049,3.290144,227.052772,25
419.943074,40.763119,117.249219,30.822442,0.000000,231.108294,25
429.459512,37.093353,140.265503,10.104854,0.000000,241.995802,25
433.982491,38.484707,147.024996,0.000000,0.000000,248.472788,25
428.370085,35.762231,153.514303,0.000000,0.000000,239.093551,25
435.294680,49.466144,144.139797,0.000000,24.974062,216.714677,26
433.056337,70.468585,120.280979,18.883663,7.083625,216.339485,24
428.498156,74.103685,120.291915,17.385709,0.000000,216.716847,23
452.040825,83.113644,117.950628,19.460651,0.000000,231.515902,24
460.261405,80.851978,132.774379,11.718625,0.000000,234.916423,24
484.238889,71.994684,134.193275,15.759612,6.730729,255.560589,25
506.082330,70.181036,150.354731,18.336891,0.000000,267.209672,27
513.551143,66.372569,146.139841,26.105986,0.000000,274.932747,27
510.538231,64.126497,150.175598,23.222730,6.250375,266.763031,28
518.498329,73.038496,144.771158,23.272159,2.202185,275.214331,29
527.943719,76.266672,152.937963,8.301841,0.000000,290.437243,30
516.170352,63.911352,157.778749,14.513071,0.000000,279.967180,30
516.365126,72.145113,153.400353,2.223000,0.000000,288.596660,29
503.622060,41.272220,162.884257,27.745643,4.298816,267.421124,30
497.501240,35.394615,177.254487,35.983400,0.652881,248.215857,30
493.980220,59.144226,152.225250,19.316545,17.897337,245.396862,27
460.643793,70.502988,141.316175,1.088974,6.500350,241.235306,26
450.115150,59.072628,135.891969,0.000000,0.000000,255.150553,23
475.455106,69.987053,123.889968,28.696414,0.000000,252.881671,24
467.822213,57.650120,129.610865,37.483748,0.000000,243.077480,24
490.128500,62.021244,139.943283,21.000041,0.000000,267.163932,25
482.349125,43.229234,147.843155,29.196655,0.000000,262.080081,23
477.888681,47.546938,146.121175,23.657677,22.004448,238.558443,23
487.678643,40.605338,158.448793,28.455975,0.000000,260.168537,22
475.458295,24.297968,162.400771,29.985974,6.584675,252.188907,20
480.922273,28.237700,163.784123,33.140909,0.000000,255.759541,20
478.838565,30.435860,155.849877,36.587381,0.443132,255.522315,20
482.687573,39.781292,146.967453,60.784756,0.000000,235.154072,22
518.787871,31.436274,146.099561,91.947300,10.658181,238.646555,26
501.230058,15.960790,146.435539,88.648120,0.000000,250.185609,24
491.875800,11.454537,144.346440,92.414880,6.982193,236.677750,25
482.802977,17.387879,148.183804,80.672580,0.000000,236.558714,25
484.985661,20.312194,150.226133,74.858535,3.427768,236.161031,26
508.733619,28.256549,142.366429,106.075389,0.000000,232.035252,27
517.718294,24.832680,167.219826,81.613637,3.698743,240.353408,27
531.770199,19.674176,172.528705,88.358347,9.147243,242.061728,29
522.345052,4.727800,169.166823,87.990083,5.267963,255.192383,28
515.401024,0.589946,184.410451,81.038367,0.000000,249.362260,27
520.841189,0.000000,184.821648,79.325713,0.000000,256.693828,27
504.939767,14.299869,158.928813,70.668226,9.507804,251.535055,27
479.136067,20.461804,144.409955,71.294333,0.000000,242.969975,26
478.351311,35.517713,122.352770,73.359424,9.549433,237.571971,26
480.099750,43.768414,176.005433,22.606490,25.016329,212.703084,27
455.404131,45.559056,159.702571,35.161506,0.000000,214.980998,26
472.439806,48.988034,161.313369,37.309509,5.038889,219.790005,28
480.792507,37.289390,174.500850,34.709374,0.000000,234.292893,27
477.440277,34.230046,171.109302,37.849016,5.485684,228.766229,26
481.408093,32.088064,168.249436,48.967236,4.864149,227.239208,26
475.308736,58.617712,135.571073,56.842022,0.422272,223.855657,24
475.895130,56.507766,144.909322,44.624569,0.000000,229.853473,25
478.877282,53.224316,148.751809,46.145630,8.101027,222.654500,26
473.062178,47.471179,158.293589,49.531283,26.829769,190.936358,25
463.443954,45.065724,160.602043,74.147121,9.104430,174.524636,25
462.444054,53.862002,144.854079,83.328692,0.000000,180.399281,25
453.970870,39.640665,185.661160,47.116232,0.000000,181.552813,23
424.753519,14.597721,186.489732,47.890512,0.384295,175.391259,22
420.608488,9.278529,191.291000,43.241692,8.707394,168.089873,21
437.634522,12.748354,190.004965,52.965010,12.901039,169.015154,22
494.334181,11.312667,190.255583,62.368268,1.519253,228.878410,25
505.279615,9.549433,195.207967,71.996241,0.000000,228.525974,25
509.491001,9.066405,209.700235,68.268091,17.060734,205.395536,27
497.006277,5.455000,207.221507,77.989449,12.335034,194.005287,26
490.063186,0.193289,208.882043,83.208639,3.176358,194.602857,27
483.950539,38.708185,169.059005,82.637260,0.000000,193.546089,25
487.642349,37.987045,181.802960,70.663766,28.786290,168.402288,26
442.996975,11.444005,201.198274,54.122189,9.648793,166.583714,22
441.859910,48.496329,174.464115,43.242643,20.361236,155.295587,21
426.786034,55.463505,172.101078,42.263856,9.590205,147.367390,21
423.600536,57.243328,164.579764,57.837130,31.933800,112.006514,22
360.723201,52.429277,151.849246,43.320452,0.000000,113.124226,18
370.053679,53.681677,152.813932,37.722899,5.804731,120.030440,18
362.417202,55.082229,152.765649,42.869668,0.000000,111.699656,18
406.690766,67.838687,153.091218,34.417992,6.496077,144.846792,18
414.956784,71.177885,140.968411,50.304233,0.000000,152.506255,19
428.389527,70.663766,139.811973,48.645906,0.000000,169.267882,21
432.197406,72.478198,153.271667,33.403976,0.000000,173.043565,22
471.379409,80.128669,147.169637,51.277039,0.000000,192.804064,24
470.280392,83.620133,155.525185,44.351047,0.000000,186.784027,24
460.533360,67.214180,167.747507,36.635719,1.896914,187.039040,25
456.751019,63.128426,185.420879,23.708083,7.471808,177.021823,26
452.508684,56.710383,192.478568,26.113153,0.000000,177.206580,26
457.906382,73.895261,173.093109,32.864876,27.466994,150.586142,27
412.828161,89.961792,172.666644,0.000000,4.830706,145.369019,24
401.508478,69.448013,177.812356,19.548479,2.913622,131.786008,25
436.620029,76.567076,178.955522,32.049157,5.171701,143.876573,28
418.008524,69.318935,157.115922,36.843742,0.000000,154.729925,28
414.041138,66.639096,169.268882,26.279542,7.143143,144.710475,29
416.047773,57.140046,180.409008,36.651217,0.000000,141.847502,29
427.864922,55.512137,194.485924,31.441246,0.000000,146.425615,29
407.448112,39.326370,202.012010,23.559663,3.856547,138.693522,28
392.783906,60.253557,178.749561,12.581364,0.000000,141.199424,26
409.159173,62.017186,180.288137,12.424146,8.574056,145.855648,26
458.533484,46.697027,184.493631,36.175176,0.000000,191.167650,25
484.175162,51.129234,177.206580,44.757788,0.000000,211.081560,27
495.181100,58.527425,166.789053,43.533952,0.000000,226.330670,26
521.036443,63.204561,157.893577,65.976219,0.000000,233.962086,28
522.335815,74.980574,145.249878,72.491216,4.558185,225.055962,30
525.497697,90.490069,128.013606,71.026585,5.672935,230.294502,30
521.308017,93.848219,109.803322,88.658759,3.438156,225.559561,29
541.887175,96.815356,104.793929,87.911194,0.000000,252.366696,31
553.157291,106.049894,94.434200,83.553317,18.303828,250.816052,33
520.188546,53.977769,97.405542,90.521480,0.000000,278.283755,29
522.069795,45.214406,102.468612,91.334634,0.000000,283.052143,30
551.012360,44.489112,99.673903,137.055428,4.717480,265.076437,33
547.992193,36.879467,104.973151,155.599905,0.000000,250.539670,33
536.281445,35.962192,102.490912,149.352042,20.243673,228.232626,33
509.672031,17.029860,120.639622,141.129803,0.000000,230.872746,29
506.860391,16.968608,108.026857,148.315355,15.888245,217.661326,28
484.461347,0.000000,112.237365,155.002220,0.000000,217.221762,26
475.225452,8.199233,90.521480,155.230188,3.125688,218.148863,25
464.859317,2.087969,95.259730,139.810673,17.673168,210.027777,24
453.422215,5.833750,116.841456,119.643887,0.000000,211.103122,22
451.789967,8.549869,129.011734,99.985983,0.000000,214.242381,21
433.327310,0.000000,124.683785,93.079251,0.000000,215.564274,20
444.581126,11.848480,120.963547,88.751755,0.000000,223.017344,20
438.835069,3.306624,124.369581,91.957805,19.279088,199.921971,20
443.576151,37.539809,137.568179,61.322961,0.000000,207.145202,19
430.474562,14.379493,138.013081,60.540206,0.000000,217.541782,17
451.948370,17.477018,140.428622,59.316268,12.157927,222.568535,18
433.557371,28.277137,121.197065,55.854854,12.261419,215.966896,17
420.003479,6.279323,134.196830,55.622237,0.000000,223.905089,18
416.366948,9.733360,142.359248,40.699988,12.448675,211.125677,18
396.011823,31.017118,146.306706,15.212248,1.094640,202.381111,17
396.495276,26.627916,162.625871,6.237451,0.000000,201.004038,17
419.186765,24.691877,153.553305,12.530902,0.000000,228.410681,19
420.464989,18.018023,155.289690,16.481736,0.000000,230.675540,19
418.309882,15.139687,157.843094,7.401422,10.002039,227.923640,20
424.598730,10.622513,168.457733,29.668964,14.281932,201.567588,22
395.833579,0.000000,163.896513,24.279765,0.000000,207.657301,19
403.978263,0.000000,159.258167,34.561381,6.102423,204.056292,21
401.869990,7.338000,145.023609,43.066605,11.716988,194.724788,21
382.789126,22.355283,122.182732,45.972731,5.357607,186.920773,20
373.409752,23.253139,122.446570,46.641236,5.095729,175.973078,20
368.073940,13.947967,122.749188,55.913518,0.000000,175.463267,18
370.953298,0.000000,125.845887,57.164279,2.326349,185.616783,19
348.778674,0.000000,123.571323,41.026381,23.879956,160.301014,18
398.904119,0.000000,150.505009,42.470663,0.000000,205.928447,21
399.435781,7.308820,129.040802,49.919713,0.000000,213.166446,19
407.807909,20.020894,128.165434,61.057373,4.058890,194.505318,20
422.944089,17.497892,122.846477,66.926268,0.000000,215.673452,21
432.637516,12.199998,129.425870,82.764417,4.000600,204.246631,23
421.393540,5.539307,152.354764,57.715529,0.000000,205.783940,23
424.072216,12.512103,160.245836,52.336939,0.000000,198.977338,24
424.663455,1.769829,163.342991,49.325189,13.505114,196.720332,25
420.263252,0.000000,171.739083,58.835287,15.242676,174.446206,24
434.627982,3.482276,175.968310,78.764687,5.778431,170.634278,28
437.586740,20.373453,164.840215,79.259244,9.911513,163.202315,28
433.666299,19.330700,165.624128,89.901588,0.000000,158.809883,29
417.347681,19.390396,149.277497,76.093732,1.865950,170.720106,28
399.006323,0.000000,147.023334,68.213224,6.565764,177.204001,26
397.929944,0.000000,151.771430,77.668880,16.167412,152.322222,27
405.359128,24.742884,115.704137,86.393069,6.439150,172.079888,26
416.849790,33.241787,112.704075,93.460876,0.000000,177.443052,26
426.315745,27.525278,112.748339,96.160926,0.000000,189.881202,25
441.445021,22.916247,122.767715,85.535643,0.000000,210.225416,25
457.317767,10.172618,139.486161,93.755930,2.035497,211.867561,27
459.333978,28.995460,123.689213,85.865571,0.000000,220.783734,26
464.200734,31.574814,129.595079,82.534476,4.809957,215.686408,26
491.840659,28.031021,130.866921,78.157106,7.536831,247.248780,26
498.105672,42.680841,117.950375,81.099015,0.000000,256.375441,26
501.853359,37.380573,117.311310,85.098635,8.920953,253.141888,26
518.333670,28.666127,129.482656,103.513528,37.302790,219.368569,29
507.122768,16.340661,151.713544,119.190384,7.821629,212.056550,28
495.136035,15.404017,166.432471,108.197304,6.930185,198.172058,27
487.395319,29.668461,146.744248,115.613714,6.693557,188.675339,28
469.034965,12.364902,155.300057,107.350752,0.000000,194.019254,27
478.266835,27.599131,144.986925,108.132357,24.439825,173.108597,27
452.495900,7.830865,160.290250,117.896328,0.000000,166.478457,26
453.969196,20.843097,157.675941,117.535442,7.996524,149.918192,26
458.785588,36.225804,141.660619,122.367742,0.000000,158.531423,27
448.769202,30.446554,148.014923,114.140913,0.000000,156.166812,26
457.130695,32.279864,153.956411,107.780805,9.629666,153.483949,26
439.501027,26.049277,153.931772,108.111167,7.913777,143.495034,25
440.060301,42.564295,144.840460,111.151519,13.052682,128.451345,25
401.369784,2.479919,156.298952,99.775580,4.183026,138.632307,20
443.141261,0.000000,162.628865,117.278296,7.534015,155.700085,23
441.121488,0.000000,167.732564,119.118004,0.069175,154.201745,23
462.036674,0.000000,166.816464,113.075525,0.000000,182.144685,23
460.035878,3.227344,198.244408,75.722032,6.701407,176.140687,24
442.233414,8.841215,206.906770,54.356456,0.000000,172.128973,25
445.810888,0.000000,202.042555,56.545400,3.898296,183.324637,24
455.993855,44.697985,155.968214,61.651719,0.000000,193.675937,25
454.675424,32.640054,154.117454,60.364344,0.000000,207.553572,24
456.055004,48.930348,137.860121,62.934320,6.204083,200.126132,25
486.803002,65.798870,131.749552,78.154181,1.718308,209.382091,26
464.861325,53.328206,136.930462,74.858641,20.212461,179.531555,27
437.965991,41.068994,145.670680,71.256179,0.001000,179.969138,27
462.628902,41.635614,149.362461,87.842392,21.359273,162.429162,29
447.603511,48.785901,142.575234,80.074264,0.000000,176.168112,27
444.986171,48.673031,158.219748,63.508640,23.754440,150.830312,27
417.390683,30.209713,182.144685,51.488854,0.000000,153.547431,26
444.450927,68.096992,143.521135,78.774800,0.587767,153.470233,29
455.365988,68.505071,141.668317,89.052343,0.000000,156.140257,29
459.037427,62.698079,150.030209,79.896023,0.000000,166.413116,29
457.513770,70.824413,159.117854,75.591508,0.000000,151.979995,30
457.357805,73.018938,164.929875,65.897159,0.000000,153.511833,31
470.182797,75.618194,180.954347,64.480124,5.791846,143.338286,31
473.512577,81.796703,182.006634,64.906156,0.000000,144.803084,30
483.521348,99.078873,203.502010,28.185452,0.000000,152.755013,31
500.641193,106.762050,192.040639,33.939675,0.000000,167.898829,33
500.287939,111.975957,174.178292,56.498360,7.416740,150.218590,33
442.076126,53.770359,172.573591,62.290504,0.000000,153.441672,27
474.143257,60.131670,167.226672,55.950856,8.222103,182.611956,27
475.651037,62.790081,156.785075,70.920273,6.667000,178.488608,26
481.124272,65.435908,157.317820,88.590923,27.634511,142.145110,27
464.188278,54.508540,172.634132,94.791263,0.000000,142.254343,27
464.071343,58.494288,167.168012,92.631772,11.174972,134.602299,27
468.460689,67.850429,167.013666,98.267105,8.655039,126.674450,27
476.362371,63.815496,161.898537,96.716714,0.000000,153.931624,28
487.128022,58.523628,187.785511,71.188127,0.000000,169.630756,28
485.611617,58.362930,180.946909,76.099400,0.000000,170.202378,28
517.999733,43.946382,194.180687,98.752977,0.000000,181.119687,33
594.508218,47.141483,187.529372,114.531292,0.000000,245.306071,36
604.417523,52.772390,183.208300,115.595473,9.795939,243.045421,36
592.224493,52.791812,176.562220,116.398934,17.072102,229.399425,34
567.069602,57.856667,221.092101,57.837419,30.668019,199.615396,31
550.020651,40.418095,230.223152,79.746555,0.000000,199.632849,30
563.850224,38.115441,223.180307,81.955669,0.000000,220.598807,31
564.048837,47.172534,231.642462,70.551546,0.000000,214.682295,32
559.034860,30.262062,238.409043,64.862154,0.000000,225.501601,29
549.782499,25.151575,236.011146,63.364774,7.483695,217.771309,28
546.828545,38.688674,227.783307,75.306623,8.413877,196.636064,29
551.543978,48.786898,228.410290,73.126959,9.000100,192.219731,30
560.335613,45.592504,232.525886,79.657513,11.624073,190.935637,32
546.677432,58.378719,231.566644,58.649393,0.000000,198.082676,30
558.418641,58.553826,225.483072,74.538057,20.871763,178.971923,32
553.445225,66.759989,204.507010,92.361470,0.000000,189.816756,33
549.806015,87.541780,191.687491,77.772783,14.733773,178.070188,34
541.044274,80.909605,183.339310,94.398423,4.525687,177.871249,33
554.303347,94.079027,171.028141,101.061835,0.000000,188.134344,33
609.060966,103.320868,159.596337,134.337325,0.000000,211.806436,37
638.292933,100.438312,169.690008,130.974308,9.271292,227.919013,38
632.652471,96.610610,170.316247,140.034558,0.000000,225.691056,38
619.918357,80.773713,171.808080,139.164706,0.000000,228.171858,34
623.177968,82.569474,177.104500,127.527978,15.524739,220.451277,34
603.280378,113.513480,181.896782,89.168874,6.593632,212.107610,32
585.474311,84.931979,192.369091,98.659283,15.791406,193.722552,31
592.070397,99.423164,163.580155,109.246006,0.000000,219.821072,34
564.140458,69.395631,169.988431,109.724303,0.000000,215.032093,32
582.202337,73.305132,197.520137,78.432040,0.000000,232.945028,31
565.793855,54.806582,213.344801,66.400099,9.404809,221.837564,31
538.229044,50.701995,217.533047,36.374049,9.542030,224.077923,29
550.022743,56.643977,212.977888,52.648644,19.831957,207.920277,32
518.009865,90.425912,171.759110,59.135864,18.175785,178.513194,30
522.125992,93.073957,164.863627,84.318274,0.000000,179.870134,31
520.487534,96.272560,167.176566,78.379692,0.000000,178.658716,32
514.718947,88.642687,168.633757,79.313593,8.263814,169.865096,33
496.974756,86.949444,158.341698,81.167899,3.462764,167.052951,32
491.336087,86.927747,184.655930,54.165871,0.000000,165.586539,32
523.477172,107.357084,178.136128,50.639196,0.000000,187.344764,35
530.536646,113.665857,177.717237,41.310948,3.298683,194.543921,35
545.729113,118.526960,205.760878,28.221548,13.474033,179.745694,38
489.157056,89.565254,177.145049,37.629424,0.000000,184.817329,32
489.231610,88.636975,180.967133,38.853939,0.000000,180.773563,32
497.228017,95.540779,176.899135,38.132958,8.728388,177.926757,32
464.851263,66.400099,171.638039,44.951080,1.581680,180.280365,30
469.592547,69.607384,173.430254,46.270772,11.321130,168.963007,30
459.816106,59.341831,186.923658,43.701686,2.742686,167.106245,32
430.194436,37.635890,193.606483,28.086131,14.253075,156.612857,26
381.176053,18.175785,189.006933,13.905606,1.832319,158.255410,22
390.406188,17.965129,171.053442,26.114254,4.727800,170.545563,24
386.267273,11.830031,176.683596,44.219858,0.000000,153.533788,24
386.477080,31.748422,160.752074,43.668594,16.748892,133.559098,24
354.957168,1.197052,195.292374,22.928611,3.220290,132.318841,21
352.944974,15.873760,201.401437,12.632113,16.436144,106.601520,21
348.182507,5.720409,193.219727,42.832028,0.000000,106.410343,22
349.301748,12.564897,193.576338,37.827544,0.000000,105.332969,22
362.349188,13.474033,194.751469,46.466052,3.864843,103.792791,23
353.337646,8.759009,208.998904,37.170351,49.619316,48.790066,24
316.543515,10.153631,198.264346,44.383823,0.000000,63.741715,20
311.248823,13.777272,188.237699,57.165170,0.000000,52.068682,22
311.753819,17.100917,184.528812,51.641354,4.348392,54.134344,22
310.095776,17.580845,195.970503,40.790914,9.787255,45.966259,22
319.312034,17.769971,195.921327,48.790066,8.697609,48.133061,24
306.766268,72.317972,152.462661,59.083479,8.031176,14.870980,24
269.062975,46.242424,174.479284,38.432816,9.908451,0.000000,21
265.982900,51.996868,169.853658,44.132374,0.000000,0.000000,21
261.744197,60.881403,158.293282,42.569512,0.000000,0.000000,22
260.125433,52.232037,165.493822,40.677227,0.000000,1.722347,23
281.050274,50.459657,162.109825,54.988167,13.492625,0.000000,24
298.799943,62.268861,155.867444,71.784602,0.000000,8.879036,26
323.430200,67.711373,153.195104,82.748946,0.000000,19.774777,27
334.334593,84.455174,147.698309,70.607078,5.055550,26.518482,28
331.009729,94.535098,148.465094,75.924519,6.411509,5.673509,29
317.314628,84.268943,168.732993,61.023732,0.000000,3.288960,27
312.906741,83.422152,173.767219,41.485458,0.000000,14.231912,25
319.212208,78.478622,170.367784,47.704166,7.064247,15.597389,25
296.964803,44.970372,191.017195,39.031835,4.684076,17.261325,25
309.734213,42.072160,205.205437,34.673984,8.804901,18.977731,25
323.555790,55.121498,216.291582,25.670933,18.493041,7.978736,25
322.371268,50.807646,225.422267,42.759250,0.000000,3.382105,24
311.526942,45.966259,247.679427,11.259970,6.621286,0.000000,24
312.044981,38.432816,265.640919,0.000000,0.000000,7.971246,23
337.047631,48.991313,259.781967,4.115238,9.034188,15.124925,25
347.816928,50.041748,262.039968,15.124925,8.643109,11.967178,26
345.995229,68.480792,264.814289,0.000000,0.000000,12.700148,27
331.841370,77.008807,239.924413,0.000000,5.563583,9.344567,27
327.058887,78.827199,239.183973,0.000000,0.000000,9.047715,27
314.201939,64.260351,242.227181,0.000000,7.714407,0.000000,24
330.150243,69.587816,236.171318,15.435030,8.956079,0.000000,26
320.985317,57.931063,234.509477,27.227537,1.317240,0.000000,26
305.639418,64.301713,233.750990,7.586715,0.000000,0.000000,25
348.125892,78.084313,216.533735,6.011134,0.000000,47.496710,26
373.950229,79.568336,209.473535,9.442576,18.229304,57.236478,26
360.830171,75.728177,203.467274,25.369941,0.000000,56.264779,26
355.287449,73.084775,218.466453,15.571094,0.000000,48.165127,27
380.577764,69.939705,230.771108,8.122536,20.984210,50.760205,29
366.759143,73.647973,239.291362,6.242481,0.000000,47.577327,27
362.322011,80.215965,229.677242,6.499743,0.000000,45.929061,28
352.730991,84.223242,210.752813,6.511116,0.000000,51.243820,29
373.419945,117.165410,181.395266,7.689944,0.000000,67.169325,31
363.807862,106.766425,185.083545,0.000000,9.506580,62.451312,30
380.405238,106.999926,185.947016,29.429040,6.628909,51.400347,33
355.689500,93.962029,173.916780,32.230118,5.852118,49.728455,33
352.693055,95.880422,166.808727,42.831498,18.636034,28.536374,32
324.249079,70.025486,175.747513,51.400347,0.000000,27.075733,30
323.257210,62.117269,180.846823,72.102719,0.000000,8.190399,30
329.025301,58.984369,182.969501,70.526653,9.230224,7.314554,30
332.145177,45.720890,235.029477,34.494621,0.000000,16.900189,29
364.449862,48.664521,230.504779,57.274314,2.930939,25.075309,32
408.312266,43.185324,251.909502,57.864705,44.887786,10.464949,34
391.496260,58.952225,270.897888,46.732344,9.913303,5.000500,33
406.294770,81.634720,269.264935,29.142090,6.607845,19.645180,32
408.929998,123.043109,258.031705,5.242411,0.000000,22.612773,31
383.929152,95.090439,261.888639,4.346430,0.000000,22.603644,30
438.966363,106.643391,250.219866,18.266343,4.337301,59.499462,34
449.926384,109.008142,259.561729,33.876155,0.000000,47.480358,36
445.844358,101.402848,261.517714,42.806075,0.000000,40.117721,37
435.859624,84.727064,264.993042,46.176059,10.319037,29.644422,37
433.865738,84.871627,289.236222,22.596961,3.926046,33.234882,36
438.975402,86.499137,294.291688,31.071629,0.000000,27.112948,35
438.095944,88.778427,313.518947,10.766966,25.031604,0.000000,35
411.623692,97.691582,291.797581,12.622302,2.189720,7.322507,33
367.385081,56.871914,289.590619,9.512227,1.072322,10.337999,32
390.260913,51.016767,294.016087,33.599526,11.628533,0.000000,34
416.950881,38.467633,295.048532,49.213119,17.352323,16.869274,36
358.560387,19.897378,296.099047,26.688882,0.000000,15.875080,31
370.611340,28.518311,297.730929,27.669930,0.000000,16.692170,31
349.204570,0.000000,328.184601,5.903099,0.000000,15.116870,32
350.373885,0.000000,328.367361,7.462716,0.000000,14.543808,33
341.730659,0.000000,334.741590,0.000000,6.989069,0.000000,34
348.934226,3.763338,330.305237,1.181388,13.684263,0.000000,35
348.513903,19.902110,328.611793,0.000000,0.000000,0.000000,35
355.619214,17.702504,334.075923,0.419077,0.000000,3.421710,36
346.107336,26.253025,314.452386,0.000000,0.000000,5.401925,36
372.329354,28.203526,313.612099,0.983703,6.995155,22.534871,38
375.372592,18.266343,326.754496,13.900530,9.028743,7.422480,39
368.947372,31.322077,321.446871,0.000000,0.000000,16.178424,36
365.585841,24.821645,314.744442,0.000000,7.213393,18.806361,35
383.043452,20.021137,326.141297,0.000000,10.308605,26.572413,37
447.164823,30.849127,353.114718,6.361750,21.491968,35.347260,41
459.838202,15.645624,362.090980,35.347260,0.000000,46.754338,42
470.785943,0.000000,377.571401,18.872897,0.000000,74.341645,42
475.642683,21.261917,354.184573,24.549391,11.811067,63.835735,43
480.316791,9.880816,355.528541,29.302924,5.146116,80.458394,44
480.337945,1.890407,354.519328,37.410855,0.000000,86.517355,43
473.110007,17.037052,345.518710,25.094105,0.000000,85.460140,43
481.628349,44.220353,313.288824,19.858188,16.699201,87.561783,43
443.875688,10.029442,317.582917,33.644396,0.000000,82.618933,42
479.208669,34.221597,286.904782,64.741368,0.000000,93.340922,42
468.595881,47.421618,266.251597,65.913876,5.472151,83.536639,43
464.687047,53.220677,256.653426,70.515338,0.000000,84.297606,44
454.720257,37.433376,257.933695,78.055066,0.000000,81.298120,43
531.729210,43.766217,254.483522,98.769080,0.000000,134.710391,47
530.833891,51.594931,248.107736,94.181254,0.000000,136.949970,47
540.813266,53.944663,246.282919,96.103920,0.000000,144.481764,47
521.459098,32.257801,255.226368,90.354936,0.000000,143.619993,46
535.097944,39.480156,260.689757,85.548362,12.075174,137.304495,46
538.856196,46.613854,310.734577,40.109300,0.000000,141.398465,47
534.320379,43.244389,330.608623,21.835421,0.000000,138.631946,48
537.559788,64.354662,312.624607,17.845053,1.875812,140.859654,49
555.490678,63.424760,321.625016,14.144175,17.064436,139.232291,50
575.362871,72.898858,319.388138,20.051948,0.000000,163.023927,47
568.937399,75.082499,329.864880,6.335445,0.000000,157.654575,47
557.343126,106.821915,289.317603,5.659663,0.000000,155.543945,46
572.157557,113.472767,286.346177,3.059264,0.000000,169.279349,47
576.894984,121.953172,278.151357,4.145996,0.000000,172.644459,48
566.635933,125.250677,264.305650,15.525696,0.000000,161.553910,47
551.464007,132.970795,264.701220,0.000000,30.337884,123.454108,46
520.574386,100.551202,281.120147,16.459490,5.134833,117.308714,43
506.492408,88.525869,293.310356,3.611258,0.000000,121.044925,43
500.384763,86.148470,284.243653,2.630659,4.500550,122.861431,43
484.587792,73.534964,292.101604,8.853324,0.000000,110.097900,44
499.276813,70.113426,316.181514,7.127947,0.000000,105.853926,45
510.059071,68.386753,327.243643,12.707469,9.639211,92.081995,47
499.125990,63.854882,342.978063,4.981490,8.674422,78.637133,47
493.301613,59.736690,350.658658,10.586814,12.774175,59.545276,46
516.832063,87.561783,315.563424,5.673849,0.000000,108.033007,44
522.702192,94.583155,309.687472,0.000000,14.372972,104.058593,44
529.600041,90.493619,310.154044,20.356068,5.621459,102.974851,45
504.820396,78.240822,303.886763,14.267377,0.000000,108.425434,42
527.431297,90.549498,286.997417,24.213608,0.000000,125.670774,44
541.240747,94.465052,283.270367,31.629757,6.523526,125.352045,45
501.242574,73.015914,260.320239,37.431363,8.151677,122.323381,40
497.837696,66.628258,264.102010,42.777847,7.714514,116.615067,40
513.467123,74.527396,253.447877,60.565764,0.273824,124.652262,40
528.998219,94.396813,239.470974,63.749672,0.000000,131.380760,41
528.244870,69.484038,241.726987,71.847315,0.000000,145.186530,43
512.494010,61.562870,233.469652,83.423065,16.441073,117.597350,42
506.092091,58.310717,246.476493,81.702930,0.000000,119.601951,40
505.418711,61.229317,241.614698,90.779464,0.000000,111.795232,41
495.638010,55.174939,232.033226,97.425238,6.667000,104.337607,40
493.851247,42.997706,234.689331,96.988419,0.000000,119.175791,40
497.897355,44.361164,234.108215,102.467610,0.000000,116.960366,43
504.287274,39.491546,235.734895,101.418152,11.167497,116.475184,45
501.173008,31.808956,240.044978,100.436756,0.000000,128.882318,44
500.947751,29.104253,240.042914,100.629601,0.000000,131.170983,45
517.741961,58.790530,216.124115,95.416950,0.000000,147.410366,45
515.881456,65.318307,214.465567,102.112774,14.879415,119.105393,45
543.944726,85.432910,190.406677,132.937798,15.448879,119.718462,46
549.185520,86.457189,211.160084,117.854448,2.738314,130.975485,44
535.638324,74.681439,218.871146,116.486686,18.414293,107.184760,44
498.769805,34.515256,286.111958,61.862401,0.000000,116.280190,41
495.448889,33.426874,293.257392,53.283682,0.000000,115.480941,41
520.959478,42.023871,294.338130,50.575069,0.000000,134.022408,43
527.788201,35.334918,286.479436,65.714344,0.000000,140.259503,44
519.813176,27.256938,287.448195,59.896792,2.778500,142.432751,44
523.142714,28.372789,284.363121,59.842286,7.470609,143.093909,44
521.345604,31.116710,295.041319,58.394182,0.410795,136.382598,44
517.985729,31.629757,305.298303,39.093623,5.219058,136.744988,46
517.452675,33.119944,306.858536,35.396893,7.600240,134.477062,45
515.865172,52.116373,302.245969,23.201528,33.757639,104.543663,44
500.142226,10.037720,303.776478,60.708988,7.632498,117.986542,40
485.066987,2.106053,352.242401,10.611967,0.000000,120.106566,36
488.804596,6.596613,346.291085,16.013577,7.455810,112.447511,37
475.592547,0.000000,346.413295,20.506542,7.140136,101.532574,38
473.102583,0.000000,337.982821,20.854151,6.665483,107.600128,36
491.535451,0.000000,357.720514,0.000000,0.000000,133.814937,35
494.181586,0.473680,361.081333,0.000000,35.759634,96.866939,34
497.864163,22.638455,349.106355,23.184571,0.000000,102.934782,34
498.914666,19.936569,352.916411,16.967415,17.642445,91.451826,34
471.213012,15.793350,341.918922,15.742191,0.000000,97.758549,31
481.716182,12.745146,351.727096,1.496503,5.843662,109.903775,32
481.704671,6.122837,348.643336,3.229024,0.000000,123.709474,31
500.673073,16.643866,336.592994,31.738658,21.377492,94.320063,32
487.794342,42.443884,301.388039,46.915913,0.000000,97.046506,33
478.258932,28.118528,326.403967,21.770393,0.046450,101.919594,33
487.034135,33.303767,315.481361,12.911846,0.000000,125.337161,33
512.801744,21.175622,322.295178,20.830220,7.355820,141.144904,33
520.149925,4.830577,345.650641,3.801412,5.198220,160.669075,30
546.798406,22.268184,327.297701,12.832083,0.000000,184.400438,31
533.379150,7.228357,329.035528,25.362882,6.479225,165.273158,31
532.643473,9.937364,324.812430,45.255901,8.306434,144.331344,31
524.992176,38.465062,303.731480,36.756733,2.939439,143.099462,29
521.616516,47.416755,299.090238,34.009159,0.000000,141.100364,29
538.463148,43.896477,307.244627,26.616080,0.000000,160.705964,31
549.917975,49.035778,321.078024,8.772445,0.000000,171.031728,32
528.693325,37.284619,319.883799,6.319629,0.000000,165.205278,32
568.990384,39.737499,322.439270,0.000000,0.000000,206.813615,33
571.464130,38.105710,318.233660,0.000000,0.000000,215.124760,33
570.821462,37.613348,315.649624,1.777138,0.000000,215.781352,34
569.578324,34.356868,318.351863,0.000000,0.000000,216.869593,34
575.265594,38.609715,314.900673,5.312041,0.000000,216.443165,35
590.815740,39.486604,333.399993,0.000000,0.000000,217.929143,38
6.000400,0.000000,0.000000,6.000400,0.000000,0.000000,0
13.462901,0.000000,4.432112,0.000000,0.000000,9.030789,1
31.911648,3.063338,0.000000,0.060306,21.710348,7.077656,1
52.269475,1.954828,23.340583,8.209639,15.664949,3.099476,3
40.454603,7.077656,27.271351,6.105596,0.000000,0.000000,4
52.340985,10.624191,18.764425,9.964562,0.000000,12.987807,5
43.979807,0.000000,7.087807,18.964038,0.000000,17.927962,5
44.383152,6.105596,4.692308,17.542843,16.042405,0.000000,5
42.498313,12.988807,3.271113,23.954564,0.000000,2.283829,5
45.552612,21.868055,0.000000,20.629258,3.055299,0.000000,5
57.895285,15.565262,13.728430,11.449488,0.000000,17.152105,4
47.893442,9.297715,18.583695,15.357026,0.000000,4.655006,5
55.284778,9.362198,37.328958,0.000000,8.593622,0.000000,6
69.761664,14.504787,38.496162,0.522225,0.000000,16.238490,6
86.034460,23.061579,27.406296,8.105916,0.000000,27.460669,7
72.963201,10.195020,36.645936,0.000000,8.030469,18.091776,5
60.940884,0.000000,27.465129,8.101456,25.374299,0.000000,3
63.638957,0.000000,13.635976,41.934606,8.068375,0.000000,2
67.406815,0.000000,18.091776,49.315039,0.000000,0.000000,3
66.624647,0.000000,23.982845,42.641802,0.000000,0.000000,4
73.356163,0.000000,44.313697,19.459091,0.000000,9.583375,5
79.610987,17.951761,24.873394,33.011876,0.000000,3.773956,6
84.623957,33.600794,2.683658,47.020394,0.000000,1.319111,8
75.877157,28.253279,25.337572,14.237331,8.048975,0.000000,9
91.839364,33.195229,16.692176,29.036624,0.000000,12.915335,9
80.260028,25.337572,41.954844,5.280846,7.634489,0.052277,9
70.798683,14.237331,56.561352,0.000000,0.000000,0.000000,9
75.666781,20.489358,39.456745,8.964346,0.000000,6.756332,9
75.838692,48.512377,11.785918,0.000000,0.000000,15.540397,9
96.444494,48.421091,21.296829,26.726574,0.000000,0.000000,10
119.406708,40.629757,28.915044,24.783101,4.986297,20.092509,10
141.162169,41.349311,32.046383,27.799708,6.128521,33.838246,10
167.185128,21.296829,45.305594,49.635937,0.000000,50.946768,10
164.796769,47.697745,25.078806,43.620680,0.000000,48.399538,9
161.445272,43.144045,47.128816,23.427425,8.974977,38.770009,10
124.264072,7.162049,44.775610,41.974950,0.000000,30.351463,8
140.588676,6.128521,43.507416,43.913504,0.000000,47.039235,8
131.988932,0.000000,80.618981,8.392153,9.197584,33.780214,9
123.315785,24.477207,53.062395,0.000000,15.343837,30.432346,8
82.715393,9.285786,33.425775,18.034194,2.019147,19.950491,5
100.945134,18.531583,20.134174,18.386897,18.635792,25.256688,5
90.547176,32.255921,21.969638,7.548064,13.280741,15.492812,5
89.749549,74.857929,1.429428,8.461692,0.000000,5.000500,6
92.013714,54.127998,26.272084,1.890382,1.032643,8.690607,7
119.934040,62.521391,24.423524,16.875652,0.000000,16.113473,10
113.397052,75.636761,8.086129,9.083687,15.819309,4.771166,11
107.459427,73.557562,0.000000,19.010685,14.891180,0.000000,11
85.077381,67.184315,8.803833,9.089233,0.000000,0.000000,9
80.867875,70.987648,9.089233,0.715215,0.000000,0.075779,9
78.649784,74.163790,3.176358,0.000000,1.309636,0.000000,10
68.320781,52.844216,11.904493,3.572072,0.000000,0.000000,8
82.937212,50.576780,17.839187,5.782735,4.011294,4.727216,10
97.523348,68.121803,9.794029,4.727216,6.545800,8.334500,10
143.674770,76.336042,16.273516,13.607081,0.000000,37.458131,13
150.160269,76.581632,25.153381,6.385904,0.000000,42.039352,14
140.361467,83.871954,9.719904,8.622587,7.125594,31.021428,14
126.829672,74.907798,24.857466,15.489758,11.574650,0.000000,13
110.406221,96.984591,0.000000,13.421630,0.000000,0.000000,12
130.172631,109.214864,6.383639,7.155880,7.418248,0.000000,13
121.284829,81.874317,15.898281,0.000000,8.869726,14.642505,10
110.920014,89.166017,9.200575,0.000000,9.311156,3.242266,9
116.914004,67.123222,21.008861,0.000000,14.136708,14.645213,8
104.084970,57.387195,24.259647,4.197471,0.000000,18.240657,8
110.046403,61.067675,36.232508,0.000000,0.000000,12.746220,9
110.499832,61.911152,33.859751,0.000000,0.000000,14.728929,9
114.027247,71.463492,32.817413,0.000000,9.746342,0.000000,9
114.532406,66.949136,40.896255,0.249877,0.000000,6.437138,10
131.582401,71.109896,43.385799,0.000000,10.484804,6.601902,10
118.290845,73.452272,35.629946,6.601902,0.000000,2.606725,10
118.665400,93.596914,17.086706,2.606725,5.375055,0.000000,11
119.431820,91.631543,12.458227,12.462725,0.000000,2.879325,11
110.612278,94.778614,5.375055,9.966995,0.000000,0.491614,12
76.546207,41.501843,9.966995,0.253951,6.352509,18.470909,7
91.181997,35.035481,15.960530,0.000000,0.000000,40.185986,6
89.938610,31.157137,18.470909,0.000000,0.000000,40.310564,7
78.301253,25.927525,15.435199,0.000000,0.000000,36.938529,6
112.118285,49.102998,0.000000,9.922843,0.000000,53.092444,8
114.092640,51.469538,0.000000,11.228549,2.198232,49.196321,7
123.588065,61.727798,6.636681,0.000000,0.000000,55.223586,9
121.199887,53.281614,7.144341,0.000000,0.000000,60.773932,9
101.831876,28.747266,14.115741,0.000000,25.497574,33.471295,7
69.041994,25.497574,14.114702,0.000000,0.000000,29.429718,2
67.539684,31.549857,1.495569,0.000000,0.000000,34.494258,4
65.705884,20.955565,0.051756,0.000000,0.000000,44.698563,5
80.164133,22.576163,0.000000,0.000000,0.000000,57.587970,6
80.198789,25.792685,0.000000,2.149908,3.628956,48.627240,6
74.872722,19.356593,9.051100,1.022025,1.176211,44.266793,6
70.320355,12.873863,6.971121,17.401570,0.000000,33.073801,2
70.431559,13.004278,18.463412,11.596192,0.000000,27.367677,3
67.678418,8.643976,34.561120,0.000000,0.000000,24.473322,3
93.858440,30.415247,28.012539,0.000000,4.908774,30.521880,5
101.356950,52.518507,12.535177,24.720329,10.519543,1.063394,9
117.910172,28.567807,20.572213,33.855313,0.000000,34.914839,12
128.953702,21.804319,30.521880,36.926682,17.540297,22.160524,13
146.944930,21.213389,41.260666,45.301261,0.000000,39.169614,13
148.990020,7.626403,42.447617,50.597918,6.477445,41.840637,14
172.680623,16.887929,42.934230,54.226335,6.653732,51.978397,15
153.275370,0.000000,56.825439,40.802250,0.000000,55.647681,13
240.147005,3.004501,65.320705,63.824116,4.000600,103.997083,16
230.760945,0.000000,69.729108,61.528790,0.000000,99.503047,17
234.600162,0.000000,77.744228,56.593418,2.038711,98.223805,16
236.303171,31.422823,37.653614,55.647681,26.826748,84.752305,13
200.781180,0.000000,67.711643,44.505990,0.000000,88.563547,10
203.719390,0.000000,62.373328,49.369581,0.000000,91.976481,10
209.361153,3.125687,63.405777,80.759331,1.133483,60.936875,13
199.531914,0.000000,60.802839,81.869323,10.946126,45.913626,11
201.565235,15.420619,36.750800,102.501590,0.804940,46.087286,11
215.555728,13.772261,55.149491,91.976481,2.688903,51.968592,13
195.740071,10.580018,53.799151,77.880182,0.000000,53.480720,12
188.944458,3.346221,66.833092,62.070358,16.156570,40.538217,13
166.993301,0.000000,53.333279,57.209560,21.623590,34.826872,11
169.210495,17.799426,39.702885,69.032236,0.000000,42.675948,12
155.362722,7.618683,39.749343,61.799706,12.298208,33.896782,12
154.057012,13.255538,41.200432,63.175692,12.236209,24.189141,12
150.836746,19.682865,48.196921,63.323063,14.273073,5.360824,14
144.211332,1.970552,47.854942,74.129131,9.826104,10.430603,11
150.076546,18.272743,49.364606,70.091604,0.000000,12.347593,10
138.249491,9.548124,61.102470,55.433616,0.000000,12.165281,11
136.091774,14.474869,49.375362,60.521621,11.719922,0.000000,11
140.710753,0.715841,57.480002,70.494737,4.302895,7.717278,12
142.811937,29.235518,57.086972,41.080631,0.000000,15.408816,11
129.289596,19.489568,54.873442,50.570671,2.405823,1.950092,11
111.109105,8.537251,63.704292,30.859071,0.000000,8.008491,11
123.239716,23.503112,56.266559,39.747991,0.712586,3.009468,13
125.987150,16.012801,50.906735,43.469045,0.000000,15.598569,13
124.452934,21.105704,42.878133,51.351336,4.615923,4.501838,16
127.733080,20.256707,46.058844,48.656635,0.000000,12.760894,16
153.142997,7.835766,47.183408,44.862420,0.000000,53.261403,17
148.191378,40.628901,9.958583,49.053123,2.733646,45.817125,17
140.342437,33.945609,18.894893,48.155440,0.000000,39.346495,19
151.042493,28.673041,24.680645,47.363788,0.000000,50.325019,19
173.793050,40.459577,12.607637,54.976253,0.000000,65.749583,20
185.417052,25.654406,20.214492,58.809432,2.993439,77.745283,21
188.982676,29.285060,19.135584,59.402137,0.000000,81.159895,21
195.362858,30.215945,26.492777,49.688106,7.877367,81.088663,21
190.470579,25.762521,35.489555,42.017477,8.333500,78.867526,18
194.628408,27.776554,36.043894,46.477267,10.064239,74.266454,18
202.024358,30.833988,30.881304,50.787144,18.341222,71.180700,17
174.768582,0.000000,20.655995,73.158147,0.000000,80.954440,9
188.358490,4.826772,12.616169,83.260999,0.000000,87.654550,10
190.616718,7.912667,16.342558,86.979784,9.834376,69.547333,10
183.258566,17.490501,24.831452,66.614052,2.076605,72.245956,8
163.960909,6.563589,11.914020,65.979133,11.489789,68.014378,8
151.758797,17.209498,10.212144,51.463233,7.693245,65.180677,8
124.403291,0.000000,5.891121,44.246328,3.284254,70.981588,5
112.611115,4.244478,2.076605,39.228996,0.000000,67.061036,6
108.448058,2.076605,16.119428,32.196616,0.000000,58.055409,6
128.460619,16.532441,7.693245,44.602778,0.000000,59.632155,7
133.918555,20.598987,11.585818,37.897855,9.421507,54.414388,7
137.076585,20.672866,7.825206,36.682605,0.000000,71.895908,8
142.830573,26.759187,17.395900,26.151590,0.000000,72.523896,8
143.739207,40.870833,4.880895,29.244602,15.729304,53.013573,9
133.834866,29.561017,7.972265,29.918092,0.000000,66.383492,7
135.744866,30.407108,11.849188,33.401651,6.716750,53.370169,7
151.196689,35.171296,14.831364,32.315274,0.000000,68.878755,9
162.896271,25.229860,19.744046,29.146827,0.000000,88.775538,9
167.604568,21.878959,25.509165,32.920566,11.686165,75.609713,10
188.842737,26.680552,18.649201,56.806811,0.000000,86.706173,13
208.522740,39.494773,6.637836,61.632819,0.000000,100.757312,13
215.333032,42.565200,0.000000,73.460193,0.000000,99.307639,13
216.957080,43.187473,0.000000,81.740588,0.000000,92.029019,13
212.502516,38.018674,23.866746,56.396372,0.000000,94.220724,14
211.061158,42.619006,18.011319,57.292040,11.992519,81.146274,15
222.545468,34.151584,25.034436,75.242329,16.658952,71.458167,15
223.400348,16.771786,35.398656,77.610592,8.835214,84.784100,15
222.907078,20.381619,74.634327,36.579508,9.317104,81.994520,14
206.050859,22.532525,70.213492,35.663651,17.015288,60.625903,12
187.722598,38.187616,53.841403,34.548254,0.000000,61.145325,11
190.550102,65.987562,28.233162,38.834896,2.786700,54.707782,11
170.493346,52.879723,37.311182,33.182994,11.609307,35.510140,11
109.124202,11.552608,54.287264,11.299066,6.678593,25.306671,6
119.759841,16.871596,62.441391,0.000000,8.650928,31.795926,7
123.917740,6.195452,68.422267,0.000000,11.705881,37.594140,7
116.754435,14.389119,57.942665,1.219189,0.000000,43.203462,8
119.050625,21.527495,48.338636,8.327163,0.000000,40.857331,8
138.042839,23.490633,45.056492,3.354808,3.663485,62.477421,9
145.873731,32.981787,35.059899,7.661723,0.000000,70.170322,10
148.107813,23.125138,40.558954,13.312146,0.000000,71.111575,10
157.246225,35.436920,25.262361,19.833396,6.828511,69.885037,11
159.570175,35.061957,30.324974,29.897584,18.846022,45.439638,12
153.838552,24.228002,59.428582,28.156691,0.000000,42.025277,10
145.460554,21.252233,59.925023,28.182991,0.000000,36.100307,10
151.693622,20.402777,65.719237,22.367969,9.854295,33.349344,11
152.023627,17.012828,78.354300,19.388743,0.000000,37.267756,12
154.388081,17.760744,79.893622,26.405669,0.000000,30.328046,13
160.927228,28.657602,71.111575,28.967977,32.190074,0.000000,13
81.155011,22.911595,56.024195,0.000000,0.000000,2.219221,6
73.386079,23.071669,44.958382,0.000000,0.000000,5.356028,5
63.721506,14.970216,39.808173,5.288368,0.000000,3.654749,5
58.053084,5.896308,48.072851,4.083925,0.000000,0.000000,5
61.608073,0.000000,48.358446,4.935402,2.490711,5.823514,5
68.381827,11.225518,35.473077,16.901565,4.781667,0.000000,9
68.452163,10.196076,40.974665,17.281422,0.000000,0.000000,10
63.090428,10.570973,41.803669,10.715786,0.000000,0.000000,11
104.091156,14.630336,39.713336,25.414665,0.000000,24.332819,15
99.704681,6.939660,45.579795,19.556727,0.000000,27.628499,16
107.424138,5.288368,48.495871,20.031392,0.000000,33.608507,14
111.905128,12.674076,46.695516,9.333785,0.000000,43.201751,15
120.805943,15.984166,36.049133,10.678708,7.894729,50.199207,15
130.730591,13.369007,34.346069,18.309459,4.284781,60.421275,16
132.061526,10.715786,41.707312,38.202856,0.000000,41.435572,15
131.780409,14.138563,35.608921,44.439825,0.000000,37.593100,16
148.241233,12.902158,33.625806,54.926488,4.268408,42.518373,17
145.226092,8.599092,31.526644,53.327711,0.000000,51.772645,15
193.676551,0.402381,38.311680,68.054064,5.043412,81.865014,16
192.565951,0.176114,51.498218,54.367695,0.000000,86.523924,14
209.269481,11.153361,68.886159,27.663735,0.000000,101.566226,14
199.568203,13.978861,68.054064,30.260256,9.577507,77.697515,14
190.152992,35.051669,41.707668,33.833220,0.000000,79.560435,12
211.657718,41.856813,36.662103,38.142873,1.839381,93.156548,14
213.275943,32.720200,61.350152,21.947245,23.413906,73.844440,15
172.367898,27.663735,72.391457,0.000000,8.047071,64.265635,10
161.831053,39.707399,59.570313,4.851014,0.000000,57.702327,10
170.874436,45.804800,56.111608,10.575458,4.563650,53.818920,12
182.117108,47.268039,60.313920,11.480180,0.000000,63.054969,11
196.181555,52.235610,68.230149,0.000000,0.000000,75.715796,11
237.985097,47.758888,68.986040,12.038170,0.177778,109.024221,14
240.174444,64.421327,51.613831,7.846078,0.000000,116.293208,15
235.841231,65.234983,50.336534,9.498119,11.029483,99.742112,15
246.080906,60.313920,70.515503,4.019646,5.623441,105.608396,14
241.681263,55.656293,70.850307,16.127889,3.792828,95.253946,16
251.374904,71.719226,55.843826,17.682361,12.104169,94.025322,19
237.301022,64.310923,64.024598,21.431785,9.320181,78.213535,18
225.088273,67.651532,79.078728,4.879602,0.000000,73.478411,18
270.161694,39.942147,95.765606,3.976506,0.000000,130.477435,16
293.140315,43.036386,95.656359,0.000000,0.000000,154.447570,16
313.797724,63.628900,77.817285,1.422078,2.520748,168.408713,16
309.977176,37.829896,81.364413,8.093940,0.000000,182.688927,15
321.664438,64.562216,75.377525,5.149946,42.303404,134.271347,18
344.154479,53.055427,93.094725,19.615032,0.000000,178.389295,17
356.012385,46.037765,89.933118,19.830890,9.488993,190.721619,17
309.639657,34.856271,76.022046,8.562546,8.860513,181.338281,11
318.719296,33.857850,93.060988,5.610196,0.000000,186.190262,13
337.540603,62.307118,75.000148,23.147043,10.475152,166.611142,15
321.384772,53.610448,67.963289,17.323934,9.189270,173.297831,12
300.429554,38.916968,72.485155,22.474680,0.000000,166.552751,13
298.465282,40.755086,74.378831,12.780902,0.000000,170.550463,14
307.438015,50.757584,63.817283,18.467532,0.000000,174.395616,15
295.948170,36.752748,76.674619,1.228948,5.406584,175.885271,12
297.391683,37.200373,86.928297,8.793949,9.822240,154.646824,13
306.792760,44.262111,100.371927,18.333999,0.000000,143.824723,14
327.003182,47.865627,106.280819,24.289762,12.504415,136.062559,16
297.703095,46.484361,95.165975,10.130915,6.304717,139.617127,12
327.881572,40.942212,99.276852,17.233343,1.257488,169.171677,16
353.402004,38.081062,108.286695,22.529871,7.617259,176.887117,19
341.256657,57.877138,90.349422,16.279941,2.046250,174.703906,18
347.252262,80.688015,67.397204,17.847704,0.000000,181.319339,18
348.479273,98.047904,56.795651,26.448300,0.000000,167.187418,18
360.693262,109.874663,49.422728,30.706327,4.929078,165.760466,20
355.774306,112.954133,46.703495,35.291878,8.955504,151.869296,20
325.086166,90.068024,39.944026,42.844686,0.000000,152.229430,19
343.260265,88.295364,50.600281,37.174549,0.000000,167.190071,21
313.881606,50.961572,61.601275,27.054280,2.527286,171.737193,19
321.202719,66.656071,52.709075,26.415957,0.000000,175.421616,19
312.282000,64.879973,50.969873,27.319346,0.000000,169.112808,18
312.011552,66.956861,46.625796,28.832824,8.014740,161.581331,18
265.789672,50.969873,40.628674,5.287705,0.391586,168.511834,11
262.174532,41.146598,42.135269,9.619360,6.038132,163.235173,10
226.498616,11.375285,44.160454,23.446791,0.000000,147.516086,9
223.815373,15.944061,34.254525,19.677474,0.000000,153.939313,7
222.505779,18.711363,46.368596,8.261173,12.724233,136.440414,8
216.965050,24.304230,38.394065,0.063953,21.854884,132.347918,6
197.225792,12.201871,32.543895,0.614436,0.000000,151.865590,5
223.314033,18.780544,34.431166,7.500250,10.266125,152.335948,7
197.807370,22.423905,21.591636,4.108697,0.000000,149.683132,6
196.749590,9.238307,23.371524,13.702244,4.907424,145.530091,7
186.608258,3.182500,26.145441,4.347135,9.155398,143.777784,4
192.015462,11.192322,18.609668,10.691969,0.000000,151.521503,5
178.162227,0.000000,5.598010,25.956650,0.000000,146.607567,5
192.783911,3.656549,20.166287,19.705717,0.000000,149.255358,7
199.868418,9.845984,16.801252,13.672878,9.541135,150.007169,8
213.241739,10.001383,29.180035,20.370859,0.000000,153.689462,9
211.272632,11.638375,28.376890,11.599306,0.000000,159.658061,10
212.377137,16.570241,44.589751,0.000000,16.902301,134.314844,10
204.418055,5.475870,59.880696,6.723816,17.179688,115.157985,8
173.571347,0.000000,57.108144,1.579789,5.389361,109.494053,3
156.405903,4.546000,43.708391,2.260902,0.000000,105.890610,4
181.672187,2.146751,43.182530,35.862092,0.000000,100.480814,10
175.691608,24.148838,41.655063,16.366589,0.000000,93.521118,10
184.842313,29.072197,33.985248,29.541152,0.000000,92.243716,12
213.758212,37.649023,26.235421,25.499493,0.000000,124.374275,13
215.212809,57.329792,22.936766,3.897999,7.238371,123.809881,14
218.972631,63.410013,16.263566,17.710424,0.000000,121.588628,14
215.438462,59.509779,17.566592,22.617798,8.095428,107.648865,15
197.532482,51.734914,32.048498,1.855119,0.000000,111.893951,13
197.605082,50.445253,25.329974,1.305218,8.313832,112.210805,12
158.983587,37.771562,23.272356,0.000000,6.719253,91.220416,7
178.571352,27.762733,33.734885,2.303402,5.833750,108.936582,7
202.522648,40.612655,31.199798,7.002096,0.000000,123.708099,7
211.418170,33.151946,48.983946,1.933580,8.256305,119.092393,9
210.477259,35.894927,59.652419,0.000000,31.297884,83.632029,8
218.793857,33.734885,68.540016,40.571667,0.000000,75.947289,10
253.935237,50.034563,65.092739,56.247985,9.026315,73.533635,12
253.719401,50.917526,65.905461,65.290006,4.679867,66.926541,13
273.336252,59.652419,53.985711,75.947289,0.000000,83.750833,14
359.765794,63.704564,55.032234,107.277187,0.000000,133.751809,17
364.233882,63.183048,62.489960,105.571361,4.657744,128.331769,18
356.775494,86.212989,48.783491,98.528661,17.355824,105.894529,18
344.109527,77.853481,69.356039,95.493545,7.738321,93.668141,18
343.800832,80.146896,85.953258,83.019153,0.000000,94.681525,19
336.835786,77.813048,92.507261,71.059306,8.367510,87.088661,19
329.396903,70.638293,91.272817,76.883093,9.418278,81.184422,19
295.257175,38.367753,87.367500,95.745548,0.000000,73.776374,18
303.451738,41.279345,75.453177,102.178058,0.000000,84.541158,18
322.365471,41.657648,71.927041,111.439937,6.809916,90.530929,20
385.264058,32.716054,88.646287,125.310862,0.000000,138.590855,25
366.422586,15.846270,87.385596,120.648795,0.000000,142.541925,24
378.266451,24.142575,79.038783,130.464823,0.000000,144.620270,23
347.673024,17.721844,73.400789,126.876487,13.297417,116.376487,21
349.429745,23.453599,80.449723,121.039121,0.000000,124.487302,21
353.064454,23.859241,84.822234,113.561957,0.000000,130.821022,22
363.534296,32.298974,76.460071,114.084117,0.000000,140.691134,22
362.006707,54.604934,49.543065,113.460253,6.698066,137.700389,24
339.455133,34.923623,58.744518,105.493239,15.781854,124.511899,23
339.352632,37.540606,49.548055,122.341028,0.000000,129.922943,23
347.191952,42.606337,46.348166,125.885797,15.618932,116.732720,23
302.720183,13.069307,50.499425,123.872914,0.000000,115.278537,20
312.112872,0.000000,79.318269,110.706969,0.000000,122.087634,22
313.898800,0.000000,89.483522,108.137856,0.000000,116.277422,22
304.977512,5.359941,83.777785,102.203074,0.000000,113.636712,22
301.819747,1.546587,84.848758,102.881204,18.219111,94.324087,22
292.874033,0.000000,88.072532,115.089122,10.701118,79.011261,21
296.587301,8.856156,77.980743,121.014752,5.761404,82.974246,21
273.203916,20.352060,52.619703,119.801449,3.573293,76.857411,20
264.805037,11.679440,70.739969,94.428049,1.375682,86.581897,21
276.321902,39.240514,49.145318,90.428340,0.000000,97.507730,21
290.141702,36.847817,62.228159,84.844535,4.715555,101.505636,21
333.026918,66.300001,50.360346,94.839220,9.185832,112.341519,24
311.145579,45.315780,58.263149,90.283446,3.696283,113.586921,23
300.927331,49.035742,59.617958,74.207670,2.649741,115.416220,22
298.278990,20.920389,66.958186,94.292969,0.000000,116.107446,22
279.811092,3.295690,66.212261,101.368235,0.000000,108.934906,21
281.652731,23.345952,46.116984,105.846602,9.333400,97.009793,21
281.767074,11.846418,55.219676,116.819881,8.709806,89.171293,22
284.035212,4.852367,61.894180,119.934219,0.000000,97.354446,22
291.856462,10.954687,52.475920,147.076234,0.000000,81.349621,24
278.104053,11.488466,40.809038,151.852836,0.000000,73.953713,24
282.604546,16.134933,31.919275,153.019526,0.000000,81.530812,23
286.997611,28.529352,14.047678,153.259935,0.000000,91.160646,22
281.053826,18.952693,10.453203,161.519713,0.775259,89.352958,23
272.066547,9.029011,17.309217,151.731833,0.453053,93.543433,23
275.298506,8.413544,37.331719,137.666123,14.613025,77.274095,23
278.580948,6.037032,37.186062,154.868633,0.910000,79.579221,23
290.670661,11.787318,50.979022,136.322865,7.746257,83.835199,22
298.415573,14.968468,65.198559,135.972257,3.630233,78.646056,23
305.002819,10.221407,77.693527,122.732301,0.967982,93.387602,23
323.868577,19.707259,89.041961,118.864400,24.394171,71.860786,26
312.746098,25.937853,89.990363,137.913958,0.000000,58.903924,26
313.671276,34.398545,89.419973,137.410993,0.000000,52.441765,26
323.300874,49.276462,67.606243,141.192961,0.000000,65.225208,27
324.664734,63.779536,49.015875,147.877716,18.266166,45.725441,27
309.429951,74.231197,34.957097,153.409168,10.875783,35.956706,26
298.612083,79.626619,21.004547,149.669539,0.000000,48.311378,25
292.458872,75.344851,23.174589,147.718535,27.191608,19.029289,25
282.483496,80.912075,1.213117,171.342633,9.166750,19.848921,24
276.597355,81.530812,0.000000,170.184149,0.000000,24.882394,23
302.750484,84.301493,0.000000,175.798228,0.000000,42.650763,24
307.410250,82.397636,7.730581,164.961818,0.000000,52.320215,24
306.647003,86.053968,24.710109,147.583905,6.771751,41.527270,25
294.173626,85.093696,32.548976,130.991078,10.780995,34.758881,24
285.027762,73.969844,28.038743,143.154398,0.000000,39.864777,23
283.758728,68.788494,18.045022,141.902584,13.637958,41.384670,23
289.993373,75.842306,13.136801,159.678218,0.000000,41.336048,24
301.405291,74.966956,29.018294,145.345574,0.000000,52.074467,24
311.052653,93.387602,14.210782,154.977188,0.000000,48.477081,26
313.470355,99.040100,10.875783,148.953990,0.000000,54.600482,26
313.402881,97.169103,8.488133,148.370134,0.000000,59.375511,26
301.975199,72.513936,14.208736,150.496302,0.000000,64.756225,25
320.968336,64.131674,14.798367,163.163175,0.000000,78.875120,26
343.039894,63.654765,16.059806,162.309944,8.713307,92.302072,27
343.149641,67.615349,18.577342,170.029747,0.000000,86.927203,27
364.789442,72.265934,10.034869,169.166925,7.128567,106.193147,27
358.211114,71.078140,0.062723,183.406965,9.452109,94.211177,28
344.208124,75.896647,0.000000,181.480051,0.000000,86.831426,28
359.734584,70.368878,9.187624,205.433050,18.171429,56.573603,31
359.626675,71.068369,9.278830,222.697905,6.497245,50.084326,31
343.871709,69.548990,0.000000,228.662682,0.000000,45.660037,31
341.328236,72.576402,30.010874,194.580567,0.000000,44.160393,32
380.920169,67.401192,30.645915,197.324508,3.921138,81.627416,34
383.017687,66.397652,25.597012,206.294061,19.690993,65.037969,34
366.593865,121.712752,18.732595,154.997875,4.379093,66.771550,31
380.777920,126.047888,27.166127,145.333952,0.000000,82.229953,31
401.999470,127.157273,44.756394,134.851343,0.000000,95.234460,33
417.386760,130.782058,42.103294,135.836649,0.000000,108.664759,33
425.563166,130.380264,47.414980,134.014905,6.631210,107.121807,34
414.184314,137.469272,46.208442,125.758296,0.383371,104.364933,34
396.079568,149.492460,71.778657,77.634034,11.107117,86.067300,32
421.362496,168.419511,61.095604,83.247575,4.009314,104.590492,32
397.301762,140.753855,74.068865,79.094128,0.000000,103.384914,29
389.965155,134.347700,74.649453,83.510079,1.067560,96.390363,29
378.762087,126.267413,85.548554,74.994023,8.107141,83.844956,29
377.415021,115.885788,94.629962,84.046401,13.529890,69.322980,30
381.548076,118.753058,86.442344,104.368515,0.000000,71.984159,31
382.043940,110.241481,89.192335,113.736184,9.666787,59.207153,32
336.113673,71.445358,92.275181,107.024293,8.475070,56.893771,30
319.411784,78.917344,76.786007,109.747020,6.469885,47.491528,26
289.175308,61.342521,104.825254,68.689644,7.097068,47.220821,25
297.140260,64.188261,103.143012,76.119067,5.675279,48.014641,25
299.369361,59.893520,104.322381,79.298008,11.353339,44.502113,25
297.532774,73.943709,82.832038,98.690095,32.471766,9.595166,25
278.869765,107.854797,49.422777,104.276385,0.000000,17.315806,23
271.343184,90.197209,61.766572,89.863917,0.000000,29.515486,23
274.073739,93.358239,56.685938,118.992301,5.037261,0.000000,24
278.693172,96.099797,54.399132,128.194243,0.000000,0.000000,24
290.707495,86.107932,56.033548,140.198838,8.227941,0.139236,25
283.352467,101.192883,43.605163,131.324787,0.000000,7.229634,24
282.281363,100.026207,66.022770,111.396704,0.000000,4.835682,24
323.085980,89.321755,57.494174,133.418599,12.504242,30.347210,25
356.411877,79.968062,67.006299,159.954060,5.026952,44.456504,28
357.673576,79.865854,65.891850,161.549954,0.000000,50.365918,28
393.926971,89.281153,69.224649,178.981789,5.616877,50.822503,31
404.269686,95.087794,71.886875,176.202525,0.000000,61.092492,34
413.987905,101.511971,64.674412,197.223525,12.768288,37.809709,35
395.623641,108.011345,70.653565,174.882568,0.000000,42.076163,34
431.635150,109.288499,76.205085,183.645655,0.000000,62.495911,36
449.904838,117.666288,59.707281,185.769736,0.290671,86.470862,36
452.203179,119.378403,52.240495,188.108562,0.000000,92.475719,37
467.050282,118.992301,68.744187,179.057335,5.827991,94.428468,38
457.540674,107.178073,70.700515,187.566567,0.508375,91.587144,38
468.989833,110.609216,68.418906,185.924295,16.752798,87.284618,38
449.877487,117.102608,47.878404,173.419391,16.999124,94.477960,36
441.932932,148.927260,36.929842,167.714934,14.084757,74.276139,36
436.194869,145.055069,39.543597,178.370184,0.000000,73.226019,36
429.083960,145.131997,34.712514,175.617072,0.000000,73.622377,37
440.327945,153.482946,30.901579,174.644639,15.651909,65.646872,38
409.004182,134.873929,34.045991,173.986615,0.000000,66.097647,35
403.517866,133.460085,40.000182,163.825583,7.438272,58.793744,36
401.912967,148.487427,37.282309,149.361512,1.170695,65.611024,34
381.929992,151.808295,10.013803,156.736692,0.000000,63.371202,33
396.227283,153.257405,13.295688,153.717544,0.000000,75.956646,34
408.941715,152.876444,12.693976,149.890353,0.000000,93.480942,34
407.457799,153.553581,16.011196,145.815545,0.000000,92.077477,35
416.734489,149.251349,14.516101,163.948560,7.951025,81.067454,36
428.772254,154.734210,11.653228,182.201822,9.378234,70.804760,38
430.517379,153.150740,42.294727,168.303819,10.076198,56.691895,38
381.949882,112.288412,54.569647,162.456469,25.883179,26.752175,33
342.431628,70.550705,66.227652,160.386933,0.000000,45.266338,28
341.247634,85.911259,50.502376,166.640622,7.276654,30.916723,28
344.800095,71.539406,77.064859,140.448754,0.000000,55.747076,25
346.607917,73.386404,78.166070,149.245982,0.000000,45.809461,25
369.877860,80.885257,71.272739,156.713419,0.000000,61.006445,28
358.580062,79.784368,78.223451,142.416052,0.000000,58.156191,29
348.451569,64.169034,92.835162,130.658685,17.312132,43.476556,30
345.159461,91.149616,73.004140,150.184365,0.000000,30.821340,30
341.246551,111.897748,59.772399,135.344844,0.000000,34.231560,31
384.903165,122.315644,66.429055,127.748808,19.436513,48.973145,33
418.791745,130.752146,59.210896,150.592536,0.000000,78.236167,32
419.339665,127.286944,62.505837,145.129198,0.001000,84.416686,32
406.965940,113.765822,75.390025,131.952774,0.944302,84.913017,33
421.245100,114.210983,74.013995,135.419587,0.000000,97.600535,33
426.630876,118.674666,77.990409,141.467635,0.000000,88.498166,33
463.159570,115.745140,87.348585,150.808709,18.538749,90.718387,36
455.162244,151.346671,82.739751,125.510922,0.000000,95.564900,34
463.293641,149.806855,77.615466,133.625246,0.000000,102.246074,33
472.778363,156.947178,75.778539,138.680875,0.000000,101.371771,34
460.953336,133.174684,89.971948,132.000821,0.000000,105.805883,35
467.727660,134.110798,95.237005,142.206765,0.000000,96.173092,35
475.723214,140.499590,80.133489,160.326443,6.198560,88.565132,36
466.203983,141.566811,74.368147,158.570129,0.000000,91.698896,36
468.272304,149.405157,65.866602,165.122385,6.740414,81.137746,36
451.777054,143.113426,84.649801,162.412268,0.000000,61.601559,36
466.945033,145.504776,103.802795,138.885967,0.000000,78.751495,37
473.374411,143.074632,101.851220,144.564272,0.000000,83.884287,39
481.814736,137.117434,102.093676,141.983062,7.593990,93.026574,40
480.513415,136.357596,100.661991,148.544591,4.440834,90.508403,40
486.512396,139.691095,99.004064,142.549704,17.896837,87.370696,40
422.472893,108.239170,121.295800,122.394752,4.296151,66.247020,33
421.949300,109.630851,121.358136,120.605359,0.000000,70.354954,33
410.407321,99.552614,176.707060,70.280248,20.763318,43.104081,33
402.726374,94.462748,180.063900,78.238959,0.000000,49.960767,32
414.380356,87.270023,190.572265,74.808570,0.000000,61.729498,34
435.453053,89.835266,221.029000,46.271792,0.000000,78.316995,35
442.785653,99.393686,233.934408,27.029574,0.000000,82.427985,36
472.251796,100.842615,235.255111,35.494319,0.000000,100.659751,37
493.271577,104.752374,240.683868,52.389982,0.000000,95.445353,40
491.645672,106.692427,242.033772,51.663465,0.000000,91.256008,40
493.401674,118.633204,241.084096,43.047584,0.000000,90.636790,40
496.251522,127.662882,249.198597,37.930020,0.000000,81.460023,41
488.074979,121.295800,247.212297,41.857035,0.000000,77.709847,40
482.007216,109.257136,253.204351,37.989569,0.000000,81.556160,40
503.202484,109.222184,256.793301,52.003896,7.836454,77.346649,42
485.787992,130.863477,228.152370,46.134711,0.000000,80.637434,41
475.376366,115.746838,231.051008,46.788064,10.847894,70.942562,40
454.963981,100.613926,223.452573,54.900503,5.519316,70.477663,38
438.845570,74.331803,236.484715,68.900979,0.000000,59.128073,36
445.745049,61.580814,232.365814,72.285412,12.897691,66.615318,36
428.112122,68.835403,218.518455,80.637434,1.429428,58.691402,36
432.166004,54.140157,240.088276,74.930540,0.000000,63.007031,35
464.618869,40.049156,235.061026,110.801694,7.692538,71.014455,38
461.683947,47.656536,249.219593,89.172951,0.000000,75.634867,39
448.297541,36.369246,239.309958,93.385500,10.368252,68.864585,40
414.298479,27.029574,265.569199,51.505298,0.000000,70.194408,38
431.659759,36.289971,264.202749,52.166201,0.000000,79.000838,38
462.039287,31.523679,262.705103,69.484690,0.000000,98.325815,38
470.564255,35.739260,255.005399,78.706993,0.000000,101.112603,38
477.146037,47.701465,257.462797,69.148989,0.000000,102.832786,38
475.364316,45.251268,262.402118,70.354122,0.000000,97.356808,37
503.896075,51.613301,242.529003,98.094631,19.864757,91.794383,39
490.316550,60.991403,226.649738,117.234905,6.611909,78.828595,38
482.397564,56.267881,230.435898,123.748008,18.992785,52.952992,38
490.638960,50.495887,234.264545,142.741707,0.000000,63.136821,37
482.029508,51.194184,233.977385,137.845791,1.458857,57.553291,38
479.528701,49.046450,235.980612,154.977900,0.000000,39.523739,38
553.023175,54.139386,242.786290,167.294163,0.000000,88.803336,44
585.588166,47.837343,239.378516,179.760944,21.007422,97.603941,47
528.420082,7.471517,256.756042,172.698703,10.397662,81.096158,42
513.172087,8.162940,307.905358,109.682952,8.185958,79.234879,41
513.796606,44.855370,267.451311,120.744860,12.398150,68.346915,42
501.545350,58.596769,256.569994,113.567104,8.730932,64.080551,41
552.947939,72.688999,249.373518,135.140507,6.163124,89.581791,44
528.774276,60.809074,240.935318,134.575053,0.000000,92.454831,41
543.402173,57.265487,251.188112,146.854848,8.777438,79.316288,45
517.159594,43.610351,258.007120,143.750466,0.715214,71.076443,43
488.849657,31.519161,259.903421,131.103240,4.708700,61.615135,40
528.994226,39.033090,270.538769,142.386872,0.000000,77.035495,43
523.432181,44.944529,257.011591,161.602133,0.000000,59.873928,44
559.229646,55.984925,264.828431,153.775248,1.112000,83.529042,47
565.092260,59.885200,265.967285,155.274574,8.878663,75.086538,47
582.298845,89.538781,275.317934,155.452146,21.606899,40.383085,49
551.561659,83.248119,274.762975,151.024646,6.742261,35.783658,47
531.170715,101.728232,261.987862,140.790407,10.097614,16.566600,46
513.885020,95.134318,261.513036,141.285606,9.861509,6.090551,44
505.357524,106.056290,243.970363,147.489401,0.000000,7.841470,45
493.138298,93.271871,250.831884,139.301980,0.000000,9.732563,46
489.471573,89.837063,249.708545,134.858483,2.248250,12.819232,46
462.984082,50.729979,249.437767,137.548443,8.957551,16.310342,44
447.071704,25.171621,258.911220,132.028229,0.000000,30.960634,43
435.018316,45.802691,232.985944,126.721718,0.000000,29.507963,37
454.105049,45.330063,259.099511,111.992195,0.000000,37.683280,38
444.098823,49.932082,247.450611,120.754931,2.245673,23.715526,38
445.210483,33.889212,258.680635,110.668501,41.972135,0.000000,38
411.498003,12.443272,255.837508,141.489123,0.000000,1.728100,38
420.518040,10.948034,264.075399,140.246217,0.000000,5.248390,40
423.130177,11.942659,260.309861,144.399844,2.986253,3.491560,40
409.232042,23.141514,239.221282,143.036187,0.000000,3.833059,40
430.643313,41.536811,231.451628,144.978512,0.000000,12.676362,43
429.707053,60.152802,214.098019,142.684153,0.000000,12.772079,43
441.605143,95.859840,174.492858,152.197261,0.000000,19.055184,44
457.194161,90.402187,175.161534,153.159454,0.000000,38.470986,44
493.892274,83.630896,180.600366,158.603995,8.780609,62.276408,46
496.441464,83.087922,192.945203,148.837502,1.201998,70.368839,46
486.116734,115.818603,174.894488,126.142810,0.000000,69.260833,46
488.122894,122.851051,172.828983,125.793152,3.478913,63.170795,46
548.598952,123.368527,176.209854,152.721100,3.487137,92.812334,49
545.369714,117.639167,169.825461,170.183304,0.963792,86.757990,48
555.838721,132.694391,155.579321,175.109724,0.000000,92.455285,48
552.041986,123.430613,153.388466,206.357100,1.137018,67.728789,49
557.453750,123.686740,147.997717,219.475473,0.000000,66.293820,50
553.386575,128.767932,140.246217,220.678982,0.000000,63.693444,49
550.758667,120.246190,147.386097,218.520484,8.188101,56.417795,48
548.284174,103.734929,150.726069,224.085368,0.000000,69.737808,48
545.050365,102.163394,149.117496,229.996581,20.462848,43.310046,49
536.859192,142.673100,114.592971,226.181851,6.769314,46.641956,49
527.049125,134.715294,135.426389,217.272324,3.233000,36.402118,50
567.209685,135.792347,113.681119,246.746346,12.079569,58.910304,51
550.423897,126.802211,110.724500,261.192673,8.945418,42.759095,50
515.865386,120.511957,103.927433,251.495079,11.308601,28.622316,45
484.983187,105.190446,104.959514,262.013698,3.341988,9.477541,43
457.231236,81.552761,113.006272,246.247478,0.593533,15.831192,44
478.570799,79.965746,121.666384,239.262749,0.000000,37.675920,44
469.455133,68.824827,125.738851,233.387983,12.094750,29.408722,42
533.048137,78.642626,113.308524,284.847216,9.091000,47.158771,47
521.817894,74.537021,125.643500,275.596295,3.272440,42.768638,45
541.502896,73.977758,137.218107,284.717906,0.000000,45.589125,46
611.533103,94.969319,124.329705,327.635769,8.326438,56.271872,51
585.295315,83.705501,115.394020,327.605851,0.000000,58.589943,48
587.474403,86.625064,118.836493,315.996066,0.641961,65.374819,48
587.227907,89.583043,123.887797,310.560571,43.142373,20.054123,48
520.788465,60.111072,106.973782,314.032587,0.000000,39.671024,38
500.899419,29.692289,110.720373,309.124540,0.000000,51.362217,38
505.819321,50.560827,99.323973,302.457314,2.768581,50.708626,39
501.363170,68.865807,94.166799,280.207828,0.000000,58.122736,40
470.328411,31.075463,105.916368,275.569211,35.609584,22.157785,38
434.760527,11.377697,117.318064,289.519577,0.000000,16.545189,35
450.802802,18.926266,114.739166,293.405663,0.000000,23.731707,36
448.732758,19.076945,112.023539,300.309042,17.323232,0.000000,37
429.052084,1.397756,108.998864,302.808819,6.941300,8.905345,35
433.661752,26.845920,115.567960,273.160879,9.087311,8.999682,37
410.967678,19.909777,110.640889,275.200199,1.064967,4.151846,36
405.272081,40.358958,101.876770,257.423349,0.000000,5.613004,37
393.461667,27.039713,111.931977,248.886596,0.000000,5.603381,37
421.871969,38.008991,120.682996,231.427692,0.659996,31.092294,38
416.638226,39.880461,122.008790,224.705363,11.204743,18.838869,38
429.048173,57.363641,104.246699,240.410288,6.538808,20.488737,39
421.686391,88.476241,36.950117,249.292150,10.488386,36.479497,36
420.696247,98.113347,47.625629,245.653168,8.889000,20.415103,35
391.188759,84.270759,51.587546,239.251412,0.000000,16.079042,33
389.336993,82.386235,58.589943,235.389948,5.697710,7.273157,34
390.524129,76.303382,63.820255,238.489538,0.000000,11.910954,35
395.280138,74.093537,63.196496,238.916020,0.000000,19.074085,35
403.110945,71.739477,64.291760,235.260432,0.000000,31.819276,37
407.411590,72.729005,67.348279,231.516655,0.000000,35.817651,37
404.505992,59.184513,64.218690,226.474426,0.000000,54.628363,35
416.411793,45.782708,73.331869,238.407243,0.000000,58.889973,36
421.002453,60.669894,74.537170,225.180258,0.000000,60.615131,37
423.636344,59.977859,73.520002,229.495913,0.000000,60.642570,39
459.121089,63.562821,71.628173,261.403820,4.561055,57.965220,41
511.525695,64.102917,89.227588,266.406776,0.000000,91.788414,42
529.162063,79.165184,89.072807,268.233482,0.000000,92.690590,44
523.060735,101.521120,59.951054,278.736175,0.000000,82.852386,46
518.539381,95.053628,71.852715,262.531574,18.020686,71.080778,47
533.182031,60.167014,78.207662,288.868309,0.000000,105.939046,44
499.112456,30.200085,77.465250,289.331479,0.000000,102.115642,44
499.990501,37.195847,80.068454,279.174143,21.390729,82.161328,45
469.626431,44.451232,58.673874,276.987316,8.037133,81.476876,44
493.642623,49.301869,63.267912,289.362382,0.000000,91.710460,44
482.760977,25.027909,78.490453,279.843845,0.000000,99.398770,43
480.689437,20.742004,83.271807,299.397836,0.495821,76.781969,43
463.313950,6.584052,81.184154,295.905307,4.188344,75.452093,40
457.875113,48.315234,47.452948,284.086495,0.387701,77.632735,41
458.156786,53.254981,47.442393,277.214022,0.000000,80.245390,41
470.714235,52.413883,50.239457,287.412816,6.886387,73.761692,43
479.178925,45.088609,70.124742,281.527536,8.115820,74.322218,44
485.418070,34.266668,75.451674,289.479649,0.000000,86.220079,44
485.906093,29.874067,96.432782,268.818303,10.294659,80.486282,45
469.216646,12.091451,123.157147,258.992655,0.000000,74.975393,42
478.187375,19.074085,121.660434,253.768663,0.000000,83.684193,42
511.309350,22.075280,117.549981,266.252253,0.000000,105.431836,43
507.457777,18.083427,125.150200,260.644919,14.061727,89.517504,43
517.711478,41.445142,111.473869,283.499120,0.000000,81.293347,43
520.256706,37.001689,110.763889,288.384663,0.000000,84.106465,45
515.622909,38.790609,132.332030,266.825960,0.000000,77.674310,45
507.552632,34.232542,134.170911,264.031352,0.000000,75.117827,45
468.503336,15.257575,113.724585,263.414638,2.393399,73.713139,41
457.342417,18.937875,116.211533,251.972237,0.001000,70.219772,41
425.595797,6.573986,108.333512,243.479235,0.000000,67.209064,37
416.002772,2.963666,124.359453,227.769619,20.199843,40.710191,37
400.229329,4.772028,131.859069,217.735687,7.706841,38.155704,37
411.602868,9.549714,122.613355,230.043190,5.512841,43.883768,38
420.443962,36.620749,78.260492,237.801029,11.105109,56.656583,38
404.598607,17.495382,81.613427,246.007325,2.066992,57.415481,35
400.864811,10.761981,79.289805,247.661370,9.172923,53.978732,36
396.375008,9.657866,87.461932,258.372852,0.672362,40.209996,37
406.596162,17.752447,110.361015,230.245234,0.000000,48.237466,38
428.847882,7.115574,119.196204,245.148525,2.957694,54.429885,41
417.646326,22.139100,103.564010,239.309488,0.000000,52.633728,41
431.747152,30.278490,103.288210,234.523892,0.000000,63.656560,43
451.409594,35.717122,90.728422,262.015605,0.461480,62.486965,47
451.351470,29.544943,105.983857,261.589913,4.265280,49.967477,47
443.631000,23.169857,120.984094,254.131634,0.000000,45.345415,48
432.244629,20.698585,117.928351,249.046310,0.000000,44.571383,49
440.533735,47.877518,95.967663,255.246857,0.000000,41.441697,50
440.437244,55.801517,95.456228,253.725813,16.822969,18.630717,51
413.140388,63.714000,76.407606,261.645969,10.836460,0.536353,47
411.307163,82.329598,36.088679,284.487888,0.275945,8.125053,46
409.809376,78.615694,38.551763,277.088524,7.815033,7.738362,46
439.693589,76.654230,40.706415,287.632570,5.681666,29.018708,47
442.329761,74.475776,49.198205,283.193446,0.000000,35.462334,48
469.055810,67.417074,55.834453,316.849899,15.708237,13.246147,51
452.861507,68.235937,38.564879,333.628081,0.000000,12.432610,48
469.054528,78.413376,42.636897,323.239495,14.047353,10.717407,48
470.877079,69.317661,43.503534,338.888879,3.602535,15.564470,50
461.517426,73.284578,37.998494,334.760548,15.473806,0.000000,49
483.330764,61.079045,37.919045,364.367443,3.832953,16.132278,49
475.702405,64.459972,61.432184,325.180330,3.555936,21.073983,48
504.260059,61.144416,70.706560,323.441434,2.928635,46.039014,49
492.070614,43.984616,80.866276,308.048611,0.000000,59.171111,48
489.575786,39.288025,83.580499,309.373003,0.000000,57.334259,50
493.713749,41.144815,90.199143,305.008971,15.321418,42.039402,50
468.867856,37.395080,71.178040,317.173917,0.000000,43.120819,48
467.399245,41.076261,70.331853,315.794935,0.000000,40.196196,48
493.665857,56.256703,57.387579,333.417709,0.000000,46.603866,49
476.288461,37.550715,58.695165,334.659372,6.810000,38.573209,49
483.098126,40.882358,52.633728,348.078253,0.000000,41.503787,50
497.726010,44.660945,50.741663,358.920459,0.000000,43.402943,52
495.139342,68.376462,36.965317,350.774348,7.577882,31.445333,52
496.824170,66.505455,35.013277,364.316148,0.000000,30.989290,52
501.137034,42.827495,41.296437,367.363619,7.000300,42.649183,51
500.592890,47.152340,38.603992,378.074771,5.895933,30.865854,52
522.899737,44.720850,40.804734,406.339667,9.263180,21.771306,53
499.170812,21.879594,57.509082,392.067594,20.689333,7.025209,48
507.131856,31.429734,53.300430,404.356531,0.000000,18.045161,47
506.667182,34.721393,59.807465,400.157762,0.000000,11.980562,48
501.688752,53.563623,33.579954,404.050067,0.000000,10.495108,49
491.711135,47.493439,35.359872,398.338566,0.000000,10.519258,48
502.199682,53.164489,34.505128,392.581039,3.577360,18.371666,48
508.431680,52.871761,43.212152,389.878406,0.919827,21.549534,48
534.486620,49.247638,52.279462,382.713445,20.030659,30.215416,49
510.904077,45.302153,79.304074,355.858240,27.478906,2.960704,49
4.000600,0.000000,0.000000,0.000000,4.000600,0.000000,0
32.566556,4.518749,0.000000,0.000000,9.000100,19.047707,1
39.384215,0.000000,0.000000,39.384215,0.000000,0.000000,3
52.923412,0.000000,4.982451,26.457417,17.976108,3.507436,3
78.908323,0.000000,13.347084,50.357261,15.203978,0.000000,6
78.440521,0.000000,19.527542,58.912979,0.000000,0.000000,7
81.690498,0.000000,31.889176,42.481660,2.874662,4.445000,7
82.178274,0.000000,23.260683,44.516747,9.261819,5.139025,7
74.337561,13.675927,28.805733,21.720506,0.000000,10.135395,8
79.317998,15.993218,24.078529,39.246251,0.000000,0.000000,8
81.884061,16.138844,29.248370,33.670644,0.000000,2.826203,8
65.861148,6.667000,36.887145,22.307003,0.000000,0.000000,8
55.573298,0.000000,43.665702,11.907596,0.000000,0.000000,8
62.885766,0.000000,49.965440,12.920326,0.000000,0.000000,8
50.384812,14.305775,22.191072,12.707307,1.180658,0.000000,8
38.467323,10.957415,0.950181,16.685613,8.822431,1.051683,6
45.850052,12.591376,1.180658,15.671919,0.000000,16.406099,5
59.528948,4.080527,13.621943,10.126442,11.633572,20.066464,5
64.366494,18.456075,10.181328,1.004484,0.000000,34.724607,4
64.159123,10.181328,10.631436,2.557639,3.592761,37.195959,4
94.328812,9.688826,3.471854,22.568411,8.521274,50.078447,6
100.673918,0.942610,7.587427,42.201831,9.728894,40.213156,6
102.828773,7.587427,14.821324,45.040643,0.000000,35.379379,7
105.977958,17.510228,0.000000,47.496990,11.102731,29.868009,6
98.691826,16.907819,9.727430,56.384949,3.097465,12.574163,6
78.003168,8.976758,9.728894,49.687388,9.610128,0.000000,5
77.857735,20.299731,20.671009,12.362000,0.000000,24.524995,4
78.815421,25.851543,12.574163,20.449829,0.000000,19.939886,5
59.502139,0.000000,16.721845,15.428981,0.000000,27.351313,5
81.151045,3.412732,17.037097,19.939886,8.795302,31.966028,6
90.359607,0.000000,58.408075,0.000000,0.000000,31.951532,7
104.514365,0.000000,61.413827,0.000000,0.000000,43.100538,7
100.067409,3.318204,60.464361,2.119432,5.473290,28.692122,6
96.617655,25.459879,41.431918,6.652509,0.000000,23.073349,7
123.815833,25.286926,49.362173,0.000000,0.000000,49.166734,8
139.330763,22.753259,48.817407,1.258736,0.688216,65.813145,10
140.143364,27.892685,41.792604,0.000000,0.000000,70.458075,9
156.665136,28.333872,37.656586,11.247835,12.455152,66.971691,12
151.192045,32.218460,35.299546,16.324017,6.412480,60.937542,13
169.354280,28.692122,41.502913,36.582354,0.000000,62.576891,15
166.472399,17.123294,62.908925,10.770360,0.000000,75.669820,12
205.848960,20.212299,88.754974,4.452163,11.951073,80.478451,14
181.584237,0.000000,80.066842,19.968421,15.082739,66.466235,10
192.897352,6.412480,84.573067,10.501477,0.000000,91.410328,9
186.883184,18.355643,74.025862,7.360239,15.658704,71.482736,10
191.772509,12.272122,73.078368,32.480201,3.120091,70.821727,10
182.947012,6.678819,94.098453,16.721559,8.873014,56.575167,9
185.277492,5.147922,93.427828,31.292995,0.001000,55.407747,9
189.759355,10.783515,87.124785,32.412891,8.571571,50.866593,10
179.900247,15.817965,89.566322,16.576693,7.162586,50.776681,8
182.251795,0.000000,81.549974,27.636132,18.762316,54.303373,8
172.104226,6.964092,67.186571,31.669468,0.000000,66.284095,8
165.820079,7.677000,73.478971,25.969472,2.260249,56.434387,9
166.696782,0.000000,77.692443,28.116512,8.210179,52.677648,9
192.689371,4.366184,79.215467,42.564712,7.855749,58.687259,11
199.815978,0.000000,114.917079,15.863634,0.000000,69.035265,12
200.416906,0.001000,115.000062,20.402725,8.018525,56.994594,13
191.062713,11.458751,119.669556,0.000000,9.069305,50.865101,12
212.935078,15.084347,126.807788,0.000000,0.000000,71.042943,13
193.894147,12.759924,114.643780,0.000000,0.000000,66.490443,13
204.751787,19.538952,104.115127,0.000000,0.000000,81.097708,14
215.212336,19.851775,112.053603,11.548279,9.688799,62.069880,15
173.704103,9.729662,99.714085,7.222500,6.316158,50.721698,12
154.178044,0.000000,103.691871,4.127571,3.417818,42.940784,10
157.532823,0.679945,110.893433,2.293190,0.000000,43.666255,11
159.668633,0.000000,100.155623,8.647612,6.944213,43.921185,11
164.722556,14.422845,100.006506,9.247610,13.197244,27.848351,14
183.792028,0.001000,94.623735,37.383411,0.000000,51.783882,15
199.577598,9.126301,86.848593,39.608275,1.437320,62.557109,16
203.550021,18.003319,94.655514,26.137773,0.000000,64.753415,15
191.471922,18.276027,83.367740,19.533623,12.713112,57.581420,16
197.516723,35.912886,52.031087,26.043982,7.414516,76.114252,14
202.481612,58.928924,21.986901,52.985817,0.000000,68.579970,14
188.776998,43.400885,32.413060,47.913852,0.000000,65.049201,13
201.573553,50.866050,33.901339,44.634653,10.662118,61.509393,13
221.149647,85.275840,23.653718,52.674279,0.000000,59.545810,16
227.863523,75.443026,31.294917,52.296921,0.000000,68.828659,18
243.632864,75.048069,37.504416,56.580863,0.000000,74.499516,19
237.305890,74.558705,39.518627,50.940557,0.000000,72.288001,18
220.357276,57.365323,47.673048,45.669132,0.000000,69.649773,15
219.490556,72.837650,26.408996,44.228700,1.531190,74.484020,15
235.401550,74.441449,44.137688,26.583078,33.817476,56.421859,16
207.789310,83.667496,63.499051,0.000000,0.000000,60.622763,14
197.171541,74.800181,64.748536,0.000000,6.865985,50.756839,14
168.138177,48.209625,67.109280,0.000000,0.000000,52.819272,12
158.432185,45.262235,67.944949,6.405495,0.000000,38.819506,12
156.754456,60.366967,64.883551,5.500450,14.123652,11.879836,12
145.278054,129.836528,3.394235,0.000000,0.000000,12.047291,10
156.187152,130.679109,7.807257,10.132975,7.567811,0.000000,13
157.147974,134.115529,23.032445,0.000000,0.000000,0.000000,13
164.072539,140.732955,22.742152,0.000000,0.597432,0.000000,14
166.284706,110.082154,21.963721,9.935761,17.007514,7.295556,15
159.097000,86.554760,29.240265,40.742448,0.000000,2.559527,15
167.611582,86.790621,44.411469,26.563108,9.846384,0.000000,15
209.919623,101.401155,17.093296,44.429300,0.000000,46.995872,16
211.634267,119.904286,2.559527,44.660817,0.000000,44.509637,17
186.667967,102.745019,0.000000,44.599400,21.644579,17.678969,15
193.910562,108.124108,9.601040,46.995872,17.404964,11.784578,15
213.765145,126.988024,12.281458,44.417660,0.000000,30.078003,15
263.571994,127.529181,22.443212,34.075296,0.000000,79.524305,16
257.809748,132.821538,24.663303,26.273140,17.800438,56.251329,15
233.087458,123.345243,16.627087,29.144852,9.920748,54.049528,14
215.425494,113.399366,25.764987,21.514216,0.000000,54.746925,14
221.979426,114.430217,34.510291,5.123659,16.522929,51.392330,13
234.051514,125.864136,14.523129,21.895488,0.000000,71.768761,13
251.746057,121.042505,13.560393,36.223196,0.000000,80.919963,14
265.284688,126.972087,17.894888,46.668089,7.830796,65.918828,17
245.863265,131.796797,9.283891,38.271319,0.000000,66.511258,18
252.808946,99.218107,21.001443,44.749386,11.695705,76.144305,17
229.745199,102.383384,48.102068,9.473737,9.423388,60.362622,16
242.514597,108.187378,48.648952,23.770787,5.219776,56.687704,17
261.304192,121.143759,30.592830,40.375580,0.000000,69.192023,19
263.786473,115.830667,30.456337,35.865840,0.000000,81.633629,19
265.095627,110.943976,38.464300,34.611014,15.371742,65.704595,18
246.161655,114.066468,63.394890,0.000000,10.898918,57.801379,16
246.190810,110.691058,80.776217,0.000000,5.635357,49.088178,16
240.323238,108.836467,96.818928,0.000000,9.996044,24.671799,17
220.788744,174.458443,9.996044,8.351813,0.000000,27.982444,15
233.329567,177.088129,8.795573,16.319986,6.868445,24.257434,17
232.033213,175.055881,0.520566,27.461878,0.000000,28.994888,16
228.996468,157.271945,5.279579,29.753970,0.000000,36.690974,16
236.464757,159.431230,9.313046,25.850188,0.000000,41.870293,17
240.656780,159.270539,12.869253,19.463421,0.989912,48.063655,17
240.640231,157.922391,19.726973,23.880128,5.449557,33.661182,18
237.379318,162.008801,8.541555,25.856340,6.712331,34.260291,18
221.938677,157.768875,16.217337,0.000000,0.000000,47.952465,15
224.394794,171.090300,0.000000,0.000000,9.573214,43.731280,16
211.794239,160.312294,3.444264,0.000000,14.793506,33.244175,15
238.370832,158.534093,11.950077,13.578071,0.000000,54.308591,17
234.709067,157.781281,12.323067,16.938562,0.000000,47.666157,18
229.487285,156.040183,13.578071,13.269622,0.629509,45.969900,18
211.371223,144.451897,5.323430,9.435438,0.000000,52.160458,18
239.098429,143.975182,7.946192,9.239911,6.503929,71.433215,17
207.065650,114.806115,16.767465,0.000000,0.000000,75.492070,13
244.007410,109.915251,29.088529,0.000000,0.000000,105.003630,15
224.536693,86.965676,30.660318,0.000000,0.000000,106.910699,15
219.397678,84.127758,23.211827,0.000000,22.573399,89.484694,14
181.818815,62.631127,22.715577,0.000000,6.293593,90.178518,11
175.811896,55.195601,23.448730,8.275591,8.853325,80.038649,10
174.373884,74.701735,17.128916,5.082480,0.000000,77.460753,11
178.594859,78.323730,11.684007,6.176053,0.000000,82.411069,11
169.060390,71.433215,12.310976,0.000000,5.716525,79.599674,10
170.108598,59.807797,24.782030,0.000000,17.680103,67.838668,6
163.288939,44.462894,35.233637,8.089220,0.000000,75.503188,8
150.762020,38.717835,22.018698,11.801251,16.354190,61.870046,8
122.708239,22.018698,21.166394,7.282325,0.000000,72.240822,5
122.191162,17.458652,22.774840,4.134560,0.000000,77.823110,6
129.691962,14.724449,17.769587,17.588526,2.197433,77.411967,8
131.461513,8.050626,18.858774,23.226608,18.468722,62.856783,7
131.592887,16.647468,17.295248,33.509846,6.336573,57.803752,6
141.442783,21.415935,37.648986,4.209908,0.000000,78.167954,7
153.230278,35.344632,26.525414,0.000000,35.327880,56.032352,8
103.935054,15.099155,34.522597,0.000000,0.000000,54.313302,3
131.399249,4.966799,51.176844,9.570705,0.000000,65.684901,4
130.188943,23.197677,37.549872,13.447364,1.262135,54.731895,5
123.616759,27.979167,24.280204,3.772981,27.084801,40.499606,6
106.775466,29.191921,32.119917,15.117120,0.000000,30.346508,5
92.495177,14.709499,50.975402,0.000000,10.840656,15.969620,5
105.586513,8.139721,59.444686,4.604313,0.000000,33.397793,4
119.377789,9.158963,58.980798,0.000000,10.023016,41.215012,7
126.243775,18.256806,58.384092,0.000000,11.581311,38.021566,7
149.055915,12.835797,83.609611,0.000000,0.000000,52.610507,7
160.710491,7.084163,88.120428,26.509158,0.000000,38.996742,9
152.196567,0.000000,102.395217,17.199408,0.000000,32.601942,9
163.304434,0.000000,113.166335,6.132462,8.886475,35.119162,8
175.191072,0.000000,107.245895,18.357911,25.647726,23.939540,9
175.036634,7.610859,94.501581,29.846167,0.000000,43.078027,9
188.680642,38.021566,70.912483,23.990439,0.000000,55.756154,10
189.491732,39.806053,88.319294,0.000000,8.080192,53.286193,10
223.935992,32.675997,124.587311,0.836131,0.000000,65.836553,13
217.089369,18.505328,113.323476,10.445400,8.694398,66.120767,15
234.486860,11.231904,105.055238,42.763757,5.611126,69.824835,14
238.776014,15.018937,138.932520,5.962968,0.000000,78.861589,15
234.531397,0.000000,135.098083,33.922016,0.000000,65.511298,15
264.614789,11.215258,109.776326,48.942111,0.000000,94.681094,16
265.272560,6.132581,114.916661,44.057555,0.000000,100.165763,17
284.783453,12.775181,111.147307,67.872818,0.000000,92.988147,20
289.144478,19.741099,111.392824,73.525434,13.157674,71.327447,20
236.196014,10.445400,94.641322,66.597482,0.000000,64.511810,15
247.292784,16.176132,86.852089,74.617155,0.000000,69.647408,15
250.351427,17.155136,77.339163,69.301252,0.000000,86.555876,16
254.660695,17.904492,97.218135,47.724645,8.470782,83.342641,16
231.646108,6.472263,103.362613,24.643443,4.921143,92.246646,14
221.323815,6.424464,113.567456,21.445033,8.559466,71.327396,14
225.912908,19.414750,105.086906,30.616475,0.000000,70.794777,14
245.022370,14.306858,130.204127,14.060436,0.000000,86.450949,15
239.481354,11.476684,129.064795,18.582705,0.000000,80.357170,16
249.179594,25.465258,129.204706,9.734539,0.000000,84.775091,16
263.242732,21.600185,139.070814,19.484884,0.000000,83.086849,17
293.411081,21.782174,159.474716,4.164106,0.000000,107.990085,19
308.877529,33.377557,172.777862,8.649223,0.000000,94.072887,22
315.246228,50.530703,162.421273,1.923885,22.188646,78.181721,23
263.431557,0.000000,177.371457,0.000000,0.000000,86.060100,18
274.756987,6.816645,175.831464,8.872907,0.000000,83.235971,21
297.995333,7.084239,173.619532,16.880421,12.707986,87.703155,21
286.740414,0.000000,178.378451,15.627434,0.061969,92.672560,21
306.827283,9.082469,179.945449,16.793643,9.996234,91.009488,23
313.433673,0.750111,179.470801,38.206680,0.000000,95.006081,24
325.585654,21.773624,174.215357,24.189250,0.000000,105.407423,24
323.211553,22.726940,165.167248,32.756716,0.000000,102.560649,25
341.166546,22.773844,164.726707,24.798369,3.140470,125.727156,25
333.714766,12.793506,186.513013,9.370356,4.290176,120.747715,24
313.004123,22.348884,166.517413,1.654779,0.000000,122.483047,21
313.243334,35.695627,157.563270,0.000000,6.573770,113.410667,21
301.856660,40.535889,145.516453,0.000000,0.000000,115.804318,21
325.891654,29.995296,148.582013,0.000000,0.000000,147.314345,22
335.860549,58.549339,118.731933,0.000000,7.172595,151.406682,22
331.321847,69.807060,110.930902,0.000000,0.000000,150.583885,23
306.120896,47.577957,113.760059,4.039306,0.411215,140.332359,22
307.769155,46.607772,124.260614,0.808094,18.470022,117.622653,22
318.040670,77.006900,99.810677,19.265729,2.201337,119.756027,24
317.642648,66.841588,119.092936,8.629822,0.000000,123.078302,25
318.237872,80.940185,138.632413,0.000000,7.097726,91.567548,25
321.257147,84.504422,133.213755,17.703794,0.000000,85.835176,26
321.775883,77.566237,146.686497,8.580009,6.007066,82.936074,26
314.133841,63.819486,150.583885,3.156675,16.816075,79.757720,24
290.921715,85.862783,107.860724,18.118438,0.000000,79.079770,21
296.713264,79.974495,112.449525,20.901015,7.872553,75.515676,21
319.079951,88.297329,111.883474,49.318986,0.000000,69.580162,20
319.968173,81.194114,116.416743,49.836838,2.866660,69.653818,20
300.693504,74.728905,129.896732,27.340515,5.333800,63.393552,19
268.770916,66.725298,117.804037,11.090567,0.000000,73.151014,17
273.600950,64.733948,114.070357,16.020737,0.000000,78.775908,17
275.286004,60.447184,113.175691,13.910154,9.334359,78.418616,16
285.096574,63.629893,122.109040,13.954187,8.904568,76.498886,17
265.797374,48.932952,127.146674,9.155246,13.438932,67.123570,16
291.701475,48.413227,138.080817,0.000000,0.000000,105.207431,17
332.961124,67.967199,122.357316,1.782072,0.000000,140.854537,20
345.593011,70.003186,115.503061,23.360755,0.000000,136.726009,21
341.531457,68.078231,118.787038,22.996746,9.612715,122.056727,21
361.123394,75.098493,111.195349,63.401298,0.000000,111.428254,24
360.080441,93.707135,97.663305,59.209025,0.000000,109.500976,24
366.190459,83.313549,103.621810,61.322910,4.118235,113.813955,25
378.075990,82.466258,101.663129,66.541658,0.000000,127.404945,26
383.077013,76.413370,119.225013,54.110733,0.000000,133.327897,25
379.506370,60.927405,123.499746,64.610678,7.585147,122.883394,27
354.123393,50.585028,114.850696,71.486680,0.000000,117.200989,26
347.156630,74.870305,91.641573,74.368958,0.000000,106.275794,26
373.702436,89.430032,67.442298,88.206034,4.826605,123.797467,28
377.493485,89.747205,71.074785,97.862396,14.914988,103.894111,28
385.484039,132.579840,30.109578,145.163382,1.961101,75.670138,29
363.685227,117.796712,23.853247,148.113332,1.118006,72.803930,27
365.711281,101.761585,24.886069,158.521190,23.897989,56.644448,27
299.246537,56.692944,67.504177,117.988743,16.048628,41.012045,20
287.819275,49.913808,86.303364,105.092161,0.000000,46.509942,20
293.689893,48.759899,86.027843,105.095082,8.219357,45.587712,20
289.050679,60.609329,83.183327,103.240349,3.000700,39.016974,20
262.461602,43.118831,88.610028,93.832687,0.000000,36.900056,19
258.913513,43.630347,91.017013,84.032403,2.241213,37.992537,19
319.522028,44.785258,79.972664,91.694486,17.947048,85.122572,18
295.998895,34.302068,89.979181,86.179057,0.000000,85.538589,17
298.487996,34.811624,91.639875,81.245795,1.169948,89.620754,19
283.279776,34.613989,79.238296,78.760367,0.000000,90.667124,19
276.282966,19.719538,85.375544,80.344131,20.306439,70.537314,19
265.391921,28.899979,84.032403,90.726997,5.503595,56.228947,21
261.548684,44.418101,59.301886,102.602493,9.072940,46.153264,20
245.404836,43.020358,51.866800,109.219737,0.000000,41.297941,19
250.157189,22.872170,54.267116,116.767432,0.000000,56.250471,22
257.099299,21.405486,61.905418,117.380815,8.828493,47.579087,22
262.178868,31.430686,54.214059,127.106873,0.000000,49.427250,24
269.001031,30.988885,45.434050,137.266065,0.000000,55.312031,25
273.071353,37.262244,38.306337,141.854313,0.000000,55.648459,24
311.198924,45.009092,32.049793,148.619077,6.258608,79.262354,26
308.938312,44.561710,25.758319,157.275435,0.000000,81.342848,26
322.801080,44.899738,17.910715,158.623408,12.560950,88.806269,27
362.021813,44.594346,39.020907,153.683022,50.669541,74.053997,27
349.244002,72.512948,29.714400,156.913835,0.000000,90.102819,24
351.382390,77.311301,27.270054,165.433374,0.000000,81.367661,25
323.123427,30.222482,39.120431,175.567540,32.435580,45.777394,25
300.528778,29.714400,29.045909,210.318495,0.000000,31.449974,25
335.138241,32.385047,27.701111,223.631610,13.074557,38.345916,28
364.567534,0.000000,34.297932,245.299013,12.283954,72.686635,24
342.835769,0.548209,20.839717,243.802032,4.468638,73.177173,21
366.947397,14.330526,32.955641,220.293309,0.000000,99.367921,21
378.910446,8.139721,48.343200,213.445356,0.000000,108.982169,21
377.121480,5.836335,47.554751,208.960481,0.000000,114.769913,22
389.306396,0.000000,45.572365,205.311026,0.000000,138.423005,21
388.749363,0.000000,42.112308,215.936547,24.135788,106.564720,22
355.497782,0.000000,29.043299,210.283669,11.338276,104.832538,22
328.798550,0.000000,51.083596,176.740007,10.404373,90.570574,16
320.755677,14.753206,25.703264,176.121927,8.035911,96.141369,17
319.804098,30.115053,15.106148,177.724878,0.000000,96.858019,18
331.065971,16.893102,20.074130,176.470723,25.538326,92.089690,18
318.624578,0.000000,40.767309,169.902772,0.000000,107.954497,16
365.362247,3.168532,52.032456,202.007696,6.261244,101.892319,22
358.017182,8.630572,42.923822,207.646274,0.000000,98.816514,22
377.970222,12.283954,48.550847,199.308408,0.000000,117.827013,23
367.498946,0.000000,64.789520,187.946910,0.000000,114.762516,23
365.506503,12.386434,64.224979,178.205744,8.314144,102.375202,24
363.116944,2.188282,71.230786,175.146716,0.000000,114.551160,23
361.914412,7.561593,69.773479,177.638888,0.000000,106.940452,23
367.526459,6.035750,69.483185,193.034781,9.091000,89.881743,25
335.554443,0.000000,88.822721,157.113559,0.000000,89.618163,25
336.834163,0.000000,102.266087,143.783746,0.000000,90.784330,26
343.491086,0.000000,95.406159,141.937648,0.000000,106.147279,26
399.789117,0.000000,96.674860,156.625308,0.000000,146.488949,29
395.248494,5.870649,90.328778,159.323619,3.161061,136.564387,30
393.888281,20.422926,83.754354,159.551356,13.994305,116.165340,30
389.937443,19.561614,89.110152,158.949535,0.000000,122.316142,30
374.381330,3.722850,89.918202,157.181584,11.036467,112.522227,30
378.713038,17.256232,90.218609,148.512913,9.183756,113.541528,31
396.679179,15.705348,92.249149,153.847278,0.000000,134.877404,30
398.902715,5.642054,95.203553,146.890390,23.479585,127.687133,29
381.561876,42.519726,77.313188,135.069650,14.290362,112.368950,27
374.406902,11.751803,88.152428,147.000799,14.134747,113.367125,25
344.064688,4.563785,104.395402,124.809257,12.840384,97.455860,21
332.853951,14.127390,82.190732,141.412866,2.983460,92.139503,21
354.882482,24.953848,68.658536,156.097508,6.791987,98.380603,22
353.677353,30.131611,68.841132,160.064886,10.615372,84.024352,22
371.857983,37.321554,69.007232,159.668163,7.443178,98.417856,23
357.627582,49.443814,49.158101,165.396340,0.000000,93.629327,20
363.057292,46.335260,64.029536,174.565911,0.000000,78.126585,21
381.124033,47.681735,70.514736,190.755362,0.000000,72.172200,24
382.747123,67.366662,62.734475,174.994511,8.743143,68.908332,24
399.851887,72.943194,54.024381,182.676273,0.000000,90.208039,24
409.652310,69.860414,51.750067,202.236707,0.000000,85.805122,27
412.417372,67.508401,58.286606,194.405890,0.000000,92.216475,28
411.307184,69.445706,91.375653,160.416697,0.000000,90.069128,28
427.610735,83.968482,86.726175,155.196523,0.000000,101.719555,29
442.886754,96.492110,90.071813,145.442425,0.000000,110.880406,29
445.323210,98.807214,107.386376,137.198962,0.000000,101.930658,30
457.861715,87.837205,124.027981,176.326121,18.672228,50.998180,34
451.742816,95.546603,120.521607,183.293936,0.000000,52.380670,34
467.185939,89.142268,125.487204,203.548247,0.000000,49.008220,36
458.756049,96.236134,113.350212,191.014551,4.977775,53.177377,36
435.565995,90.262176,112.354163,184.866865,16.406772,31.676019,35
394.981868,77.311171,110.298851,173.718043,5.416188,28.237615,33
397.020636,65.787930,110.824212,176.734303,9.831339,33.842852,32
399.055466,49.971906,126.543999,173.648197,0.000000,48.891364,35
472.178857,51.240599,139.539270,160.215685,0.000000,121.183303,36
487.621321,40.712171,128.028508,190.524220,0.000000,128.356422,39
479.432747,49.848767,112.118077,201.945048,0.000000,115.520855,39
482.559032,56.235782,112.433848,200.460339,0.000000,113.429063,39
506.744715,36.549755,109.467626,223.385529,0.000000,137.341805,41
505.242289,56.078302,118.457367,196.128390,0.000000,134.578230,42
503.683799,56.815920,119.055192,210.671058,18.590297,98.551332,43
477.411895,59.656621,104.096789,214.998544,2.557562,96.102379,41
491.580714,73.840638,94.658826,209.259676,9.793531,104.028043,40
488.260073,59.842779,101.826110,221.052563,29.728692,75.809929,39
482.990260,54.698367,111.838182,237.740905,10.925491,67.787315,38
471.134382,62.471289,96.599599,237.245304,0.000000,74.818190,39
494.970851,61.667697,100.058748,237.520912,5.529859,90.193635,40
510.654242,78.918812,81.050283,246.299637,0.000000,104.385510,40
564.759991,78.458018,93.094329,248.414066,8.450881,136.342697,43
564.246066,97.811085,64.972481,258.650398,1.798103,141.013999,43
566.897253,112.883811,66.363960,244.261645,0.000000,143.387837,43
549.794885,104.356750,72.397984,234.555422,2.838554,135.646175,44
538.805054,100.058748,79.813225,225.433561,13.430440,120.069080,44
507.343981,125.575361,84.445408,181.860687,0.000000,115.462525,41
507.380402,124.908154,78.669470,185.252093,7.753111,110.797574,41
519.074243,115.185303,88.765914,223.028085,0.000000,92.094941,45
529.508834,107.220059,82.779606,247.294088,0.000000,92.215081,47
539.941649,124.798437,90.588146,228.189672,0.000000,96.365394,48
537.141781,132.831845,89.907484,213.444382,15.015157,85.942913,49
529.551198,161.271668,60.993907,218.692629,6.243470,82.349524,46
528.563874,177.962767,43.760361,231.175974,16.311442,59.353330,46
485.697001,192.254815,12.095705,216.744980,6.391665,58.209836,39
490.365991,184.849405,1.798103,218.251326,0.000000,85.467157,36
499.335805,179.544745,11.783694,212.970040,0.000000,95.037326,36
499.448470,185.574794,0.000000,211.794970,0.000000,102.078706,37
497.052444,180.656398,11.053526,206.226410,6.373602,92.742508,38
483.173426,179.707646,47.997080,166.426388,0.000000,89.042312,39
480.509909,183.726785,62.745175,143.074088,0.000000,90.963861,39
479.554842,167.379321,74.923055,137.238118,0.000000,100.014348,39
483.200327,180.278124,67.015964,136.474539,0.000000,99.431700,39
491.824644,172.008301,76.100761,131.476649,13.989338,98.249595,41
466.410227,159.755029,69.783883,142.630393,9.126647,85.114275,41
508.686926,152.322816,82.304488,145.937898,6.218653,121.903071,41
505.176994,154.623932,71.022183,148.735841,0.000000,130.795038,41
539.393526,142.372362,78.665320,149.827095,9.540583,158.988166,42
532.288115,141.696002,117.844891,118.061348,7.098116,147.587758,42
526.544625,139.233073,115.817606,130.209339,0.000000,141.284607,42
530.102643,143.387837,110.567005,132.301017,28.264714,115.582070,42
520.621307,149.715489,151.757040,136.826588,0.000000,82.322190,41
524.845219,153.185969,140.705909,173.608221,7.003062,50.342058,45
520.642216,157.060375,120.908293,192.151098,0.000000,50.522450,45
532.827668,156.742850,120.735281,188.446088,13.224401,53.679048,47
541.513013,152.249556,118.221464,194.301156,0.000000,76.740837,45
540.943309,158.014913,126.472823,179.084874,0.000000,77.370699,46
544.134130,158.238802,125.159464,178.674268,0.000000,82.061596,47
543.835077,160.646681,133.083786,168.613896,0.000000,81.490714,48
543.239154,153.498868,143.260827,166.264137,0.000000,80.215322,48
531.684275,145.387334,147.826936,156.513414,16.710572,65.246019,48
525.320846,158.899341,134.267216,171.317310,27.068906,33.768073,47
503.374396,175.762765,159.318841,147.216459,0.000000,21.076331,46
487.944355,169.560247,151.756945,147.509576,3.925339,15.192248,44
493.551075,179.941886,154.715773,140.395772,0.000000,18.497644,45
464.359464,160.506284,141.284607,138.620321,3.072793,20.875459,43
452.234665,157.334746,135.639589,131.675696,0.000000,27.584634,39
458.033425,155.195620,145.757773,119.456180,0.000000,37.623852,39
424.160588,125.068586,150.366476,117.943726,0.000000,30.781800,37
442.318760,124.506259,145.128800,117.732290,37.032066,17.919345,37
431.076379,162.157579,128.028309,121.136778,0.085978,19.667735,36
443.392709,174.204738,122.648278,110.358996,0.000000,36.180697,34
447.121165,176.008340,134.663111,96.494012,0.000000,39.955702,34
439.987795,161.471910,139.025149,94.833897,0.000000,44.656839,34
455.915828,167.940174,128.779880,109.188454,0.000000,50.007320,35
472.611068,161.221733,133.218959,138.107941,0.000000,40.062435,37
484.973578,157.357869,129.903269,152.662756,0.000000,45.049684,38
490.473124,168.448207,115.759656,150.800531,8.861061,46.603669,39
508.324338,168.786517,138.383052,135.046985,0.000000,66.107784,40
510.265345,168.175567,134.662238,135.907854,0.000000,71.519686,41
519.806241,172.848069,152.472156,115.105166,16.130973,63.249877,43
545.428288,173.094194,150.485209,141.579696,1.994618,78.274571,44
551.686282,180.531675,155.257655,137.681811,0.000000,78.215141,45
552.590636,177.425710,158.672725,131.977224,0.000000,84.514977,46
537.204335,168.282817,157.918100,144.286908,18.525096,48.191414,47
518.901646,151.434915,193.464657,132.913118,12.134075,28.954881,45
477.028071,117.139932,212.194414,120.518052,11.600840,15.574833,39
476.777962,117.943726,204.270643,125.525073,3.867950,25.170570,37
458.605203,111.936475,193.075213,123.722961,0.000000,29.870554,36
455.125000,109.021693,191.589509,133.165931,15.633153,5.714714,37
457.775364,104.214323,207.210475,146.088286,0.000000,0.262280,38
447.727132,91.839026,231.799040,117.422066,6.667000,0.000000,38
458.933147,100.419351,221.848885,122.955369,4.877309,8.832233,38
459.228782,127.508432,211.003418,116.495958,4.220974,0.000000,39
469.270931,180.537051,172.634874,111.575845,0.000000,4.523161,38
486.294414,190.726006,161.548477,114.731806,0.000000,19.288125,38
481.878189,198.273504,147.693725,121.215251,0.000000,14.695709,39
513.121979,197.811150,158.775868,131.554678,0.000000,24.980283,43
518.201416,201.704073,162.806941,127.623472,0.000000,26.066930,43
528.390662,199.627250,171.183691,113.837364,6.309893,37.432464,44
511.559053,186.652691,190.277775,86.308348,0.000000,48.320239,45
503.371320,189.558947,174.380235,89.125676,0.000000,50.306462,45
501.796907,184.388317,202.473971,65.788501,19.785110,29.361008,46
486.435719,167.226565,223.716373,57.475483,0.000000,38.017298,42
506.374037,158.270287,220.800555,67.202635,8.099605,52.000955,44
463.543938,160.703462,188.522584,62.514861,8.738587,43.064444,41
459.344204,183.082047,163.544940,62.896967,0.000000,49.820250,38
473.414305,170.588074,164.489488,65.315719,0.000000,73.021024,39
480.718794,183.955163,153.897982,50.551785,0.000000,92.313864,38
500.568438,188.627545,156.911842,59.683853,0.000000,95.345198,41
510.340928,158.707711,154.529892,59.565151,2.254661,135.283513,39
498.608661,146.563269,151.311729,60.100560,0.000000,140.633103,39
493.740307,132.949446,154.534025,63.718608,0.000000,142.538228,42
503.061687,140.885885,156.213426,60.256662,0.893768,144.811946,44
497.832146,155.820762,144.280101,59.978384,18.097510,119.655389,45
511.534819,150.176400,146.517497,64.436874,0.000000,150.404048,46
506.601583,149.157042,136.321092,78.903045,0.000000,142.220404,47
500.315845,136.148920,148.135943,83.039738,0.000000,132.991244,47
498.293539,136.407059,151.185278,77.720886,0.000000,132.980316,48
521.019057,144.875255,141.611693,99.893672,0.000000,134.638437,50
519.432609,140.938269,143.766319,99.085311,0.000000,135.642710,51
519.157962,147.911787,159.895792,80.902625,0.000000,130.447758,52
530.500650,146.778621,159.271904,81.408356,9.159387,133.882382,53
530.733128,144.047821,156.598775,102.612082,0.000000,127.474450,53
531.123580,163.403441,155.204452,83.573157,26.462302,102.480228,54
459.701700,113.955546,198.274553,42.196322,8.803315,96.471964,47
453.978055,118.505519,186.857629,52.081393,0.000000,96.533514,45
456.665994,130.877644,176.205762,50.839251,0.000000,98.743337,45
453.917751,125.497557,181.071389,49.072267,0.890964,97.385574,45
449.898450,137.469281,173.730316,47.382480,0.000000,91.316373,43
450.949357,141.611693,171.547974,53.133593,8.415576,76.240521,43
444.929163,147.427743,160.161866,48.939960,7.528685,80.870909,43
442.902381,140.471840,164.003783,60.446342,29.753010,48.227406,45
432.517550,173.164420,146.446977,61.571117,4.886505,46.448531,43
417.186881,165.073770,134.638437,71.543343,3.262212,42.669119,43
426.067899,170.901150,127.841385,71.777946,15.554222,39.993196,42
429.138944,160.915927,136.496322,92.586004,0.000000,39.140691,42
416.834356,149.802890,135.495511,97.828472,1.357186,32.350297,40
453.469339,146.898379,141.005574,107.661589,0.000000,57.903797,40
449.682825,149.957841,146.186015,104.564385,0.000000,48.974584,40
446.592711,148.454303,147.471601,98.230874,5.419279,47.016654,39
440.614347,154.737571,142.462300,100.751918,0.000000,42.662558,38
448.371097,157.104429,148.971023,96.120196,2.899973,43.275476,38
465.657667,158.073713,143.931178,99.635920,0.000000,64.016856,41
436.370093,144.052579,152.666559,90.902564,0.000000,48.748391,38
436.716182,139.403081,160.411147,81.563875,14.718878,40.619201,39
398.509674,109.308444,183.865760,63.227110,11.620683,30.487677,36
403.114642,114.414343,171.998478,67.894819,0.000000,48.807002,33
401.554943,123.948172,177.075784,54.295395,6.386500,39.849092,34
416.053846,111.897976,188.107738,51.020212,3.629670,61.398250,35
417.371594,124.669113,190.236995,42.786151,33.891502,25.787833,35
379.179868,122.354620,187.230809,47.295403,0.000000,22.299036,35
397.820948,114.393599,193.440267,55.556250,0.000000,34.430832,35
405.379562,127.006780,199.342235,40.183328,0.443434,38.403785,35
402.098961,135.082209,193.071514,39.661411,0.000000,34.283827,35
402.628319,137.571294,190.928548,36.082836,5.021156,33.024485,35
393.722705,128.425121,195.376951,29.136244,5.294588,35.489801,34
392.503549,143.084193,177.312279,38.847219,0.000000,33.259858,35
419.563512,141.047099,187.038003,49.000294,26.053910,16.424206,36
413.133421,171.006351,178.066990,53.432769,10.627311,0.000000,34
406.285691,186.935400,162.320911,49.773008,0.000000,7.256372,36
405.808501,181.512861,168.211920,47.147444,0.000000,8.936276,37
406.774783,169.962894,171.768127,51.466710,8.095429,5.481623,36
393.651880,159.973547,181.325429,48.619556,2.780805,0.952543,36
391.157664,160.548540,182.474250,40.184051,0.000000,7.950823,37
399.412980,163.072946,178.315501,48.008970,0.000000,10.015563,39
400.359133,166.619114,175.989805,47.029894,3.738267,6.982053,39
419.762175,159.316708,214.213660,2.966122,0.000000,43.265685,38
406.881627,160.306677,205.498354,7.886575,0.000000,33.190021,36
409.885270,173.189194,196.834396,0.472651,19.263232,20.125797,38
409.418985,167.037088,220.262139,0.000000,0.000000,22.119758,38
424.760273,160.705052,224.275914,6.046372,21.339388,12.393547,39
435.711582,195.766109,200.571011,17.368032,0.000000,22.006430,38
452.098492,201.824326,211.409285,4.748726,18.114233,16.001922,38
432.996704,196.090728,199.281054,10.763257,0.000000,26.861665,36
439.996552,204.238899,193.620105,3.221292,0.000000,38.916256,37
448.584814,200.857977,190.472919,37.570801,2.087122,17.595995,39
437.455223,198.188182,186.872572,32.478624,0.000000,19.915845,37
442.138391,206.806623,196.534867,16.045360,7.718020,15.033521,37
462.786501,222.658301,200.766241,18.179408,0.000000,21.182551,39
447.670419,223.019699,194.564150,14.402345,15.144169,0.540056,39
455.502529,215.777104,192.439863,21.182551,0.307986,25.795025,40
455.802335,196.834396,204.321785,18.171515,0.000000,36.474639,41
489.878617,220.262139,177.003027,54.414084,0.000000,38.199367,44
484.584114,214.424345,177.321950,58.595275,10.242149,24.000395,43
495.150458,217.857366,220.913530,23.155452,0.000000,33.224110,44
497.344819,217.256832,228.063582,18.532029,10.710015,22.782361,45
471.454739,209.203958,230.380462,4.537584,19.838024,7.494711,42
460.128069,215.767103,240.734666,0.000000,0.000000,3.626300,43
456.988410,216.435297,238.207062,0.000000,2.241791,0.104260,44
435.726868,198.108514,223.586749,0.000000,0.000000,14.031605,44
441.238127,214.410766,211.763411,6.147571,8.916379,0.000000,44
455.453057,216.807778,222.747098,6.444103,0.000000,9.454078,45
464.232104,202.702252,236.558157,0.000000,0.000000,24.971695,44
477.851642,212.991861,231.068414,0.000000,27.377965,6.413402,46
458.879798,197.238150,261.641648,0.000000,0.000000,0.000000,41
474.459541,214.238268,250.258958,0.000000,0.000000,9.962315,42
484.953446,212.354119,259.139300,0.000000,0.000000,13.460027,42
487.403573,213.390344,257.901892,7.014912,2.838554,6.257871,43
486.380178,194.616205,267.215302,0.269665,5.988206,18.290800,42
482.872615,200.632558,250.151628,6.316158,17.001878,8.770393,42
480.592023,192.602457,253.994306,25.772271,8.222989,0.000000,41
473.489590,203.900302,256.853555,12.735733,0.000000,0.000000,42
507.214784,209.297353,267.282837,0.000000,4.961134,25.673460,43
512.386905,218.773614,262.386670,9.092918,0.000000,22.133703,44
518.420619,215.084773,274.761979,0.000000,7.555800,21.018067,44
526.196725,216.297558,272.995115,1.395283,3.930738,31.578031,44
520.843217,220.872983,263.668647,5.944249,6.920718,23.436620,45
499.156211,226.750117,252.805621,0.000000,0.000000,19.600473,44
496.524506,204.494253,267.307097,16.550559,8.172597,0.000000,43
487.768779,216.913535,252.416050,13.680605,0.000000,4.758589,42
481.202286,209.508084,254.144544,15.910597,1.639061,0.000000,43
521.257789,198.829731,253.971628,30.828194,23.141575,14.486661,45
526.122224,210.788363,244.599165,41.400343,0.000000,29.334353,46
526.798040,225.497822,258.209688,22.174040,0.000000,20.916490,46
540.372055,234.229078,262.018737,15.185443,0.000000,28.938797,47
562.958140,246.448575,269.827399,2.853279,2.892655,40.936232,48
570.706871,252.174000,259.220651,23.384542,8.280519,27.647159,50
532.100778,216.725910,246.700723,40.936232,1.796937,25.940976,46
533.432934,253.044499,214.021986,39.330363,3.207201,23.828885,47
531.155887,268.669147,194.287848,39.901739,0.000000,28.297153,48
547.530868,263.061801,204.317873,27.621937,14.414440,38.114817,48
559.284269,274.801808,186.426238,40.551733,10.751485,46.753005,51
555.717558,263.946325,206.540635,36.819557,0.000000,48.411041,49
547.674100,254.239115,205.318974,38.114817,0.000000,50.001194,50
523.293298,236.517869,198.640489,38.034288,0.000000,50.100652,48
489.973439,202.430103,194.790123,34.853294,24.355270,33.544649,47
457.375699,226.037688,150.813313,41.772530,0.000000,38.752168,44
460.402587,220.662634,152.518183,48.411041,7.406509,31.404220,44
462.029535,225.784233,145.276390,48.959415,8.940504,33.068993,44
398.171468,153.549017,157.368443,33.771693,5.612684,47.869631,38
391.853617,138.237629,163.197847,35.561836,0.000000,54.856305,37
403.689673,175.502834,119.190069,36.481031,0.000000,72.515739,38
412.910710,173.761792,119.673193,42.443255,0.000000,77.032470,40
405.013483,173.957662,119.573336,30.714780,0.000000,80.767705,40
419.616199,180.023959,113.611715,26.302976,0.695375,98.982174,40
415.009121,174.142466,117.190533,30.950297,13.046188,79.679637,40
410.402896,188.710589,124.661789,8.523635,2.897128,85.609755,38
441.877669,182.904626,121.596664,38.373752,8.030966,90.971661,41
424.841042,189.925964,98.232314,47.021864,0.000000,89.660900,42
430.889735,192.532200,90.860598,56.693853,0.000000,90.803084,43
431.837073,190.504673,84.142266,59.026118,9.582260,88.581756,42
421.985107,189.155367,96.082835,58.117377,0.000000,78.629528,42
418.837101,179.978164,122.193776,37.151600,15.504585,64.008976,41
381.413693,165.754315,119.767641,29.430096,1.206762,65.254879,37
390.455188,186.668685,100.054982,39.790205,7.651750,56.289566,38
426.181169,188.353678,126.305120,30.885014,0.000000,80.637357,39
450.365945,179.449322,124.757169,34.447815,16.303039,95.408600,41
463.334087,185.158872,139.762414,38.763046,0.000000,99.649755,42
475.738411,179.300571,136.746905,44.110383,3.513852,112.066700,43
467.453989,182.661959,124.108715,63.943741,0.000000,96.739574,42
480.529486,191.844281,130.297308,71.338060,0.000000,87.049837,42
489.826112,193.169578,131.303247,72.872717,0.000000,92.480570,43
495.559809,201.276301,162.146221,40.721340,0.000000,91.415947,42
519.291779,205.062112,172.719466,32.089459,9.109180,100.311562,44
507.881020,212.596880,182.388371,0.000000,1.715115,111.180654,44
557.593759,217.853895,175.657384,12.116529,0.000000,151.965951,45
554.073367,241.332400,154.610349,13.402968,5.122017,139.605633,46
571.345947,247.562605,150.224936,36.483957,0.000000,137.074449,47
568.623438,229.978516,156.929475,31.942319,17.992299,131.780829,47
555.744098,237.974801,138.932861,39.484435,17.635623,121.716378,43
554.537738,232.277228,161.007578,35.155212,0.000000,126.097720,42
552.438838,236.909683,156.714879,34.816623,0.000000,123.997653,44
551.814855,235.074320,173.567972,16.099340,0.000000,127.073223,44
558.732329,241.704755,183.428670,0.000000,26.544058,107.054846,45
531.105467,257.545246,157.065074,0.000000,12.618638,103.876509,40
529.708935,239.149637,164.082480,13.530246,0.000000,112.946572,38
507.359260,236.518173,148.949339,14.947767,0.000000,106.943981,36
495.538056,250.423401,137.074449,8.086692,19.645943,80.307571,37
497.326921,247.977369,141.911981,28.603619,0.000000,78.833952,38
514.683818,237.823634,159.687422,20.817451,0.000000,96.355311,39
518.413401,242.862239,148.511177,19.462275,0.000000,107.577710,39
517.821047,241.311908,150.652799,35.809838,0.000000,90.046502,39
519.790804,239.002016,155.450352,39.360190,0.054470,85.923776,40
519.454471,260.702898,129.848345,58.350886,0.000000,70.552342,42
508.463004,248.473353,142.332314,39.726355,0.000000,77.930982,38
517.697878,246.332300,182.534487,17.142829,0.000000,71.688262,40
512.032193,244.730632,176.923234,25.617872,1.158379,63.602076,41
509.270638,232.341796,190.149313,15.606128,16.291919,54.881482,41
514.154762,242.860543,185.656820,34.647542,13.196531,37.793326,40
509.338531,257.885203,184.139106,46.033509,0.000000,21.280713,42
515.362540,275.963806,170.436205,41.526359,0.000000,27.436170,43
529.005334,274.112475,167.350013,50.989857,0.000000,36.552989,43
519.512391,267.628289,167.056622,42.802474,1.592433,40.432573,43
472.964454,247.629500,170.639279,12.688117,9.537861,32.469697,40
470.050543,240.374655,179.127351,21.525238,10.594376,18.428923,40
471.361481,237.742651,187.331018,23.580817,8.888880,13.818115,40
457.814442,258.429351,163.801688,14.949355,0.000000,20.634048,38
470.470720,265.027629,158.095188,22.706995,0.000000,24.640908,39
481.891441,264.255952,161.829982,33.711775,12.574968,9.518764,41
462.003461,257.137822,146.685396,58.180243,0.000000,0.000000,39
463.734546,256.330047,143.161912,59.518655,0.000000,4.723932,40
455.416209,250.446445,149.202589,53.845766,0.000000,1.921409,42
467.033500,250.100067,161.696575,38.967983,0.000000,16.268875,42
482.410005,268.829111,142.206166,40.438316,0.000000,30.936412,43
491.679381,270.360524,166.017016,16.268875,5.943802,33.089164,44
508.933107,283.400901,181.616149,15.053380,5.870858,22.991819,47
530.613633,278.343842,190.663856,1.375863,8.630274,51.599798,44
537.645158,280.460196,194.512725,3.428077,0.000000,59.244160,46
537.289584,259.594846,212.768737,3.808207,0.000000,61.117794,48
531.364664,266.909013,196.644139,4.485036,4.262869,59.063607,49
503.106093,232.083652,185.820756,33.834215,6.825448,44.542022,48
489.062888,218.824669,213.970014,12.413399,3.898916,39.955890,45
460.859720,223.650758,187.830879,20.033647,8.074819,21.269617,45
478.885365,228.129942,184.926928,32.957376,11.584646,21.286473,46
439.719879,206.128143,201.549041,0.000000,0.000000,32.042695,40
439.320540,209.976607,202.001721,0.000000,0.000000,27.342212,40
442.937702,228.022820,188.154660,5.476513,0.000000,21.283709,42
442.920294,229.062698,181.063484,17.344037,0.000000,15.450075,43
456.628815,224.720129,193.244246,20.514321,18.150119,0.000000,45
469.448368,235.880995,205.604460,12.869511,0.624747,14.468655,45
463.160805,248.837685,203.857008,0.000000,0.000000,10.466112,47
469.203825,253.405371,196.237180,0.000000,14.286076,5.275198,48
480.393494,261.462185,179.137114,17.146684,0.000000,22.647511,47
484.348766,267.689643,177.805036,19.188161,0.000000,19.665926,48
457.361359,239.226259,181.279613,18.853787,0.000000,18.001700,46
446.624996,223.785992,180.149292,26.472525,2.339750,13.877437,46
433.434632,207.938133,207.896843,5.042512,0.000000,12.557144,45
430.824349,199.873928,211.309652,3.092564,0.000000,16.548205,45
454.111450,186.948344,218.123161,0.000000,3.722219,45.317726,45
438.948220,172.699547,219.240195,0.000000,24.351537,22.656941,44
455.919475,180.279424,228.823195,6.994836,6.887728,32.934292,42
458.033546,176.130006,234.972716,0.000000,9.230846,37.699978,43
493.939501,168.202387,242.869362,13.299773,9.089407,60.478572,46
9.864111,0.000000,0.000000,9.864111,0.000000,0.000000,3
28.855022,0.000000,0.000000,14.454967,0.000000,14.400055,4
33.065248,0.000000,1.334200,12.186474,8.384710,11.159864,3
42.147474,0.000000,6.928018,14.883115,11.328459,9.007882,2
39.763150,0.000000,0.000000,20.818225,16.859140,2.085785,1
48.259612,0.000000,7.913252,20.846506,19.499854,0.000000,2
21.478990,0.000000,14.701625,0.000000,6.777365,0.000000,1
47.209641,12.542714,6.305712,10.343668,0.000000,18.017547,3
50.102513,23.426745,4.673308,7.143143,6.904567,7.954750,3
41.020036,22.160119,6.201096,8.658221,4.000600,0.000000,3
32.387599,18.017547,0.703471,13.110081,0.000000,0.556500,3
33.710780,26.003060,0.000000,1.711231,3.950605,2.045884,3
59.936051,20.014648,0.556500,28.092287,0.000000,11.272616,6
53.148751,17.617186,17.385326,17.815227,0.000000,0.331012,7
43.346085,7.707720,22.095798,11.272616,0.000000,2.269951,7
39.272108,9.215201,18.796125,7.781869,3.478913,0.000000,6
33.562333,18.028972,0.117267,15.416094,0.000000,0.000000,6
17.545376,0.000000,0.000000,17.459278,0.086098,0.000000,2
44.382754,9.629667,8.323664,0.000000,0.000000,26.429423,3
35.254037,4.350698,16.375116,0.000000,3.722850,10.805373,3
32.839629,3.972966,16.125000,8.606841,2.198532,1.936290,3
25.860835,19.466562,6.394273,0.000000,0.000000,0.000000,2
36.447873,12.741663,5.130661,8.658821,4.192198,5.724530,5
30.284788,7.567901,12.851019,3.150616,2.573914,4.141338,5
44.683616,12.851019,19.876978,0.000000,0.000000,11.955619,4
80.860755,14.726253,22.145322,0.000000,29.336985,14.652195,5
80.760397,9.916728,44.931413,11.011595,6.552857,8.347804,5
98.845301,16.726362,48.343417,1.064723,0.000000,32.710799,5
96.327688,29.741383,34.805281,8.597702,8.587927,14.595395,5
111.570938,25.270518,59.888819,0.247114,0.000000,26.164487,6
113.928507,18.823346,59.968383,6.210137,0.000000,28.926641,7
120.667522,15.180166,53.759305,16.721265,4.821745,30.185041,9
129.424791,11.011595,65.756116,9.443222,8.894228,34.319630,10
132.805433,39.120905,38.491571,21.141185,0.805043,33.246729,11
138.662374,41.339208,59.067798,10.388610,0.000000,27.866758,11
137.581036,48.767121,54.745414,18.023660,5.294588,10.750253,11
108.236193,37.411881,41.677252,18.381209,0.000000,10.765851,10
107.020378,39.020551,44.313549,13.989066,4.277859,5.419353,10
87.423727,21.946228,49.207355,10.750253,0.000000,5.519891,8
92.950697,23.931020,44.457111,3.495469,1.347020,19.720077,9
67.111592,13.290232,36.611863,0.000000,0.739182,16.470315,7
72.529542,15.960626,21.390419,16.470315,8.065588,10.642594,7
62.123219,2.127927,22.773793,22.172130,0.000000,15.049369,7
62.085251,6.201743,24.562566,29.230983,0.000000,2.089959,7
66.798000,5.419353,23.615012,33.281457,4.482178,0.000000,10
110.289215,4.842489,33.901691,40.280229,31.264806,0.000000,11
100.740633,6.671066,39.207375,54.862192,0.000000,0.000000,10
130.538349,13.922400,34.238317,73.327331,5.791067,3.259234,12
113.879106,0.000000,25.215869,80.786577,7.876660,0.000000,12
123.203832,9.960762,23.244984,72.954551,0.000000,17.043535,11
125.035439,3.021458,36.925719,59.052149,26.035113,0.001000,11
169.636869,0.000000,22.174192,115.098616,13.296378,19.067683,13
149.503384,0.039907,66.431029,67.105769,0.000000,15.926679,14
161.020557,1.817770,68.666972,72.823665,0.000000,17.712150,15
175.282336,9.299645,60.873602,87.131301,0.000000,17.977788,16
182.533362,14.733451,67.638197,76.831139,14.574274,8.756301,16
181.211161,29.113913,63.133985,82.491094,6.472169,0.000000,17
156.680247,2.923785,64.461335,87.615723,1.679404,0.000000,18
161.623401,26.036113,72.822665,52.542534,0.000000,10.222089,17
162.111732,48.327749,47.603439,48.678312,0.000000,17.502232,18
170.226949,64.094038,32.028912,51.256707,9.570991,13.276301,19
145.168581,51.892168,39.247709,41.073613,12.955091,0.000000,17
100.782728,44.298130,3.645493,46.600411,6.238694,0.000000,11
97.893622,54.623464,13.276301,20.146513,0.000000,9.847344,10
94.016023,62.785005,3.626875,16.907468,5.367190,5.329485,11
104.592904,57.422104,21.365449,0.000000,0.000000,25.805351,11
124.327204,57.305028,20.545019,10.581508,0.000000,35.895649,10
120.757537,63.063238,19.819102,4.722699,9.670172,23.482326,9
117.724499,48.637348,31.134836,0.000000,29.858966,8.093349,8
76.121841,37.422934,22.321340,14.710067,0.000000,1.667500,5
105.531263,41.886842,19.106960,13.853256,6.432338,24.251867,7
91.193462,35.202473,26.902312,9.569936,8.536731,10.982010,5
91.819467,29.858966,44.537461,0.000000,0.000000,17.423040,5
79.952388,9.760849,39.613422,0.000000,3.229844,27.348273,7
75.105675,10.524745,32.318521,9.356386,0.000000,22.906023,6
56.597202,8.536731,25.300191,0.000000,16.259936,6.500344,5
54.107892,2.416865,35.492253,0.000000,0.000000,16.198774,4
58.162851,3.229844,33.848617,0.000000,0.000000,21.084390,4
51.259259,0.000000,27.650127,9.722719,6.471824,7.414589,3
38.102525,16.198774,13.886413,4.714487,0.000000,3.302851,4
23.482483,13.886413,4.714487,4.881583,0.000000,0.000000,3
21.625887,3.302851,9.364188,2.455300,0.000000,6.503548,2
23.305067,6.503548,9.540276,0.000000,0.000000,7.261243,2
18.447291,0.000000,3.237656,4.023587,0.000000,11.186048,2
20.776717,6.773316,4.521096,0.000000,0.000000,9.482305,2
17.818453,9.372559,0.000000,0.000000,1.813489,6.632405,2
10.946644,0.331156,4.299686,0.000000,0.000000,6.315802,1
10.979146,1.482333,6.632405,0.000000,2.500750,0.363658,2
14.592482,3.815052,2.864408,0.000000,0.000000,7.913022,2
46.377158,2.500750,28.703832,11.703201,0.000000,3.469375,8
84.472556,0.363658,31.831391,21.441208,0.000000,30.836299,9
88.034776,7.913022,32.130353,15.532399,7.110997,25.348005,9
82.240520,4.134118,48.635453,9.666171,10.301535,9.503243,8
85.896656,9.838438,44.293716,7.648596,0.000000,24.115906,6
98.312371,1.842921,44.522026,21.443759,14.052132,16.451533,6
107.409914,23.893584,43.799091,15.207451,9.195020,15.314768,7
98.019157,12.131907,58.140886,8.121027,17.931102,1.694235,8
95.769629,41.886748,31.568906,12.431596,0.000000,9.882379,7
92.426784,42.604921,26.052129,14.956557,8.813177,0.000000,8
107.176264,47.343296,25.466636,34.366332,0.000000,0.000000,9
124.244284,46.629318,19.625337,50.095561,0.000000,7.894068,13
121.250464,39.717239,19.026918,44.072610,0.000000,18.433697,13
120.111886,35.639267,18.243614,48.107250,0.000000,18.121755,13
116.454740,34.413364,39.238964,23.751165,6.111500,12.939747,13
114.437957,37.628743,29.526487,42.632510,0.000000,4.650217,14
104.181682,35.286002,26.004984,37.832203,0.000000,5.058493,13
138.271322,50.097601,16.253263,33.645130,0.000000,38.275328,14
148.177298,33.450891,14.130739,55.066073,0.000000,45.529595,15
148.458891,27.813526,41.045822,34.237396,4.868937,40.493210,15
145.995518,32.935850,42.954379,30.371656,12.244644,27.488989,16
144.374102,47.452629,43.218494,20.710339,0.000000,32.992640,15
146.732541,66.535642,42.616300,5.560268,0.000000,32.020331,15
143.341461,69.196812,45.529595,0.000000,0.000000,28.615054,15
151.810510,79.814526,41.403210,0.000000,0.000000,30.592774,15
138.601179,67.214535,39.733633,0.000000,10.091610,21.561401,13
139.163326,70.549880,59.142000,0.000000,5.323048,4.148398,14
144.114932,76.894204,51.490288,0.000000,15.730440,0.000000,14
174.295745,84.336043,62.150353,8.367422,0.000000,19.441927,15
172.738470,85.849508,58.962429,11.297038,0.000000,16.629495,16
168.033341,79.572007,54.366721,19.441927,7.020870,7.631816,16
160.581873,100.896438,42.223844,7.631816,8.489040,1.340735,15
201.824051,89.639342,52.291810,29.742453,0.000000,30.150446,18
208.969190,95.948146,45.420837,29.839065,3.158579,34.602563,18
225.214895,102.279798,50.717251,25.449079,0.000000,46.768767,18
207.051370,79.868092,48.143405,24.073855,0.000000,54.966018,16
215.165441,75.448828,57.337374,21.573206,0.000000,60.806033,16
212.618614,71.887346,59.536835,17.488330,0.329325,63.376778,16
214.896262,78.756114,57.564574,14.279232,16.632659,47.663683,17
242.132360,104.654220,37.761142,13.865392,5.880963,79.970643,17
251.475449,91.659187,54.966018,0.000000,0.000000,104.850244,17
241.299468,84.046035,48.137743,0.000000,0.000000,109.115690,16
244.676682,77.354490,56.981433,0.000000,0.000000,110.340759,17
260.656359,62.014031,61.255646,0.000000,0.000000,137.386682,16
270.652138,67.600207,67.143599,0.000000,14.232118,121.676214,16
262.541556,66.336883,62.186116,7.280796,10.279887,116.457874,16
271.114565,80.147145,44.728643,37.039520,0.000000,109.199257,17
287.202796,84.235129,27.927387,44.880127,17.699120,112.461033,17
269.844636,85.140104,35.231720,33.479062,13.872251,102.121499,14
264.215006,93.211119,27.209644,45.480060,9.791688,88.522495,15
266.089799,93.497523,25.209527,53.105298,11.493228,82.784223,16
284.451678,72.595148,27.347527,68.228319,2.374303,113.906381,14
288.237530,75.848210,23.830655,75.720195,16.276292,96.562178,15
281.706607,71.309806,64.598526,48.653499,0.000000,97.144776,16
282.343407,76.513227,62.350714,50.110319,25.655770,67.713377,17
239.056530,82.574950,66.792705,41.598562,0.000000,48.090313,15
269.819524,83.203298,68.381667,54.147956,0.000000,64.086603,17
265.678994,75.783910,75.766089,55.294498,0.000000,58.834497,19
285.883256,103.986079,49.437414,45.068589,2.638773,84.752401,21
262.176199,104.814031,39.505427,35.963706,2.654298,79.238737,20
258.299634,96.278251,38.718300,41.459495,0.000000,81.843588,20
262.397719,96.560325,39.812910,49.649163,39.355718,37.019603,21
250.917274,94.983373,41.459495,67.588658,1.300395,45.585353,18
252.615240,93.367584,34.073773,81.555410,0.000000,43.618473,20
262.813814,95.283279,26.625032,90.497154,10.393523,40.014826,23
248.052991,86.359193,31.689918,88.936730,0.000000,41.067150,21
261.053902,94.265389,32.415962,82.058444,12.223398,40.090709,22
251.378631,84.853027,50.544054,75.308922,0.000000,40.672628,23
242.953180,71.613246,54.031729,79.198838,0.000000,38.109367,22
248.514989,102.624690,23.173399,82.455061,6.656072,33.605767,24
261.208725,115.344621,21.069718,89.357248,0.000000,35.437138,26
253.781185,109.048153,22.663614,92.669029,0.000000,29.400389,26
262.729479,103.213212,22.810272,99.906628,0.000000,36.799367,25
264.038428,105.447986,17.895551,106.898835,4.954633,28.841423,24
266.191363,107.271968,12.524187,109.689278,0.000000,36.705930,24
269.208619,96.732710,27.764447,101.448113,0.000000,43.263349,23
266.153503,99.450961,25.722922,110.406208,21.102811,9.470601,23
249.277858,96.136921,48.771794,95.939668,0.000000,8.429475,23
250.672674,95.161053,45.738775,102.157929,0.000000,7.614917,25
252.674328,106.021508,38.109367,106.368278,0.000000,2.175175,27
289.885034,128.613251,44.804094,93.332834,0.000000,23.134855,32
313.316511,122.862789,34.239615,105.776055,0.000000,50.438052,33
316.595469,108.692164,46.023583,99.115412,25.536822,37.227488,30
301.482611,116.529749,33.796056,116.314498,0.000000,34.842308,30
294.097370,111.853468,37.435013,117.607925,0.000000,27.200964,29
320.770965,116.832420,34.716856,115.806869,0.000000,53.414820,31
309.826457,114.971969,16.537050,117.064507,5.714714,55.538217,30
297.433700,114.323842,16.387685,111.409061,0.000000,55.313112,28
302.176894,110.844503,18.245501,109.554205,0.000000,63.532685,28
299.042975,112.617906,12.879220,106.787730,36.836771,29.921348,29
277.369118,101.115575,13.316773,137.934869,4.792420,20.209481,26
270.066192,72.857746,20.065038,153.067334,0.000000,24.076074,26
261.217222,61.598101,14.382456,155.364978,15.253910,14.617777,24
236.372326,109.664465,13.114756,102.272084,8.139721,3.181300,26
265.924742,113.308620,14.086208,97.712597,0.000000,40.817317,25
278.586576,119.370231,9.520766,91.793903,0.000000,57.901676,26
290.018503,109.799633,20.902941,87.179887,0.840077,71.295965,26
331.412309,130.307728,7.627141,91.033820,12.115274,90.328346,26
298.939636,116.360145,28.053727,75.079364,17.317216,62.129184,25
288.437860,103.985607,56.673602,62.393412,25.475401,39.909838,26
287.646568,121.560549,85.100633,52.116219,0.000000,28.869167,25
277.303173,108.575580,88.770839,46.980549,2.367019,30.609186,24
271.074172,109.876398,77.947194,54.162733,0.000000,29.087847,23
287.926068,107.162163,106.297875,24.141442,0.000000,50.324588,24
284.503985,97.638986,106.527062,19.934510,0.000000,60.403427,25
288.312519,104.705046,96.399535,19.529238,13.775803,53.902897,26
275.924430,96.139160,119.950631,8.408874,1.116480,50.309285,26
277.906187,91.062667,125.543092,4.787618,7.951359,48.561451,26
266.103280,86.487633,121.878251,9.379372,26.637259,21.720765,26
240.527484,105.139475,103.082808,9.037062,0.904864,22.363275,20
202.374535,65.385239,112.299686,0.000000,23.502062,1.187548,17
169.014058,69.433196,81.904551,8.808066,0.000000,8.868245,15
181.058668,71.722799,81.333245,1.765530,18.517568,7.719526,15
178.163149,80.908441,74.696976,14.133879,0.000000,8.423853,14
180.381152,80.218059,97.153829,0.000000,0.000000,3.009264,14
222.954574,71.894377,99.146846,8.336987,6.660565,36.915799,16
230.655658,64.849758,102.468714,8.919404,16.021318,38.396464,16
225.291557,75.114447,107.619393,7.415717,11.219925,23.922075,16
217.302571,71.829590,126.597735,0.000000,0.000000,18.875246,15
248.642676,69.929364,143.960157,3.985115,30.768040,0.000000,18
226.385216,54.689119,158.441186,8.844486,0.000000,4.410425,18
237.165763,48.774688,161.147922,1.652740,13.328574,12.261839,17
237.847272,67.540226,142.225253,0.933549,0.000000,27.148244,18
263.586859,65.837174,136.498237,11.328290,3.202334,46.720824,20
271.466649,66.908465,148.425545,6.217126,4.058847,45.856666,20
264.776069,65.020911,162.312906,0.000000,0.000000,37.442252,20
263.923648,78.363637,150.818996,0.000000,7.180057,27.560958,20
254.263585,80.814347,143.445128,5.726718,0.000000,24.277392,21
231.875114,74.505079,131.741283,0.000000,0.000000,25.628752,19
216.139412,75.864144,114.866820,0.000000,0.000000,25.408448,18
222.352983,72.910230,123.319175,0.000000,3.525753,22.597825,19
215.571091,47.507091,132.454672,1.520689,9.354231,24.734408,21
240.320003,51.303007,126.845445,28.727350,0.000000,33.444201,24
249.788188,50.515472,132.651472,27.149165,13.331253,26.140826,26
259.586726,38.496471,139.610752,47.074955,27.489163,6.915385,27
243.990851,36.209108,184.156899,11.370865,0.000000,12.253979,26
246.867346,37.046932,189.901658,1.940392,0.000000,17.978364,27
240.367196,28.963760,183.282009,7.670575,0.000000,20.450852,28
268.611121,28.792747,188.343397,4.907722,7.664777,38.902478,28
253.367025,25.830486,175.429887,7.006879,0.000000,45.099773,26
284.960048,26.793417,175.256709,17.469334,21.838288,43.602300,29
271.527119,14.733940,211.290496,1.512103,6.899972,37.090608,28
280.792663,9.294876,211.061606,12.945612,8.818300,38.672269,30
281.635949,9.067338,218.998298,8.755644,7.290593,37.524076,28
291.908936,3.356261,213.886195,25.194125,0.000000,49.472355,30
285.740498,10.874920,206.818483,27.855646,21.092016,19.099433,29
299.052353,39.358131,191.066571,46.338534,0.000000,22.289117,29
295.521345,29.413753,193.545691,45.741579,0.000000,26.820322,28
295.430045,24.337793,198.815832,63.261312,0.000000,9.015108,27
288.040537,0.000000,210.276559,67.288071,0.000000,10.475907,28
292.324896,30.699630,181.596576,67.835920,0.000000,12.192770,29
290.340154,27.489163,175.567052,73.196350,6.465992,7.621597,29
317.890250,30.743784,176.859731,93.214187,6.039473,11.033075,31
332.708813,27.560296,176.454366,96.502330,12.615765,19.576056,32
320.412720,12.253979,191.125887,97.819122,0.000000,19.213732,32
330.844330,17.978364,190.702189,101.873829,7.917946,12.372002,33
343.311302,40.651168,166.730906,105.221667,7.927002,22.780559,31
332.775181,43.587670,162.799197,106.397209,0.000000,19.991105,31
335.452223,41.963589,178.228993,94.947863,0.000000,20.311778,31
398.457465,40.700149,178.950618,107.638044,9.340469,61.828185,32
405.097970,40.576051,188.671246,107.821179,0.000000,68.029494,32
384.140145,21.763912,186.513633,108.922953,13.296621,53.643026,32
362.182165,34.841379,170.798378,109.229507,0.000000,47.312901,30
364.835022,29.916625,172.163556,111.815331,3.725324,47.214186,30
344.213504,14.898044,173.053087,104.978277,16.304275,34.979821,28
348.195007,0.321824,174.044170,123.634319,6.672614,43.522080,29
311.665621,13.395955,158.024036,89.096415,9.638590,41.510625,25
291.543981,0.000000,162.338823,78.433937,0.000000,50.771221,23
288.671119,0.000000,165.484713,77.877878,23.012540,22.295988,23
283.943865,19.814367,144.646529,106.368084,5.681725,7.433160,23
284.379782,19.012339,153.639728,98.686084,3.304504,9.737127,23
295.370269,20.177785,147.337214,96.614499,0.000000,31.240771,24
306.628316,17.502205,156.379743,91.485495,1.039694,40.221179,24
280.024845,0.000000,148.419735,84.844456,39.350323,7.410331,22
291.915577,0.000000,181.787614,99.296422,0.000000,10.831541,23
296.785267,13.011158,168.665846,109.702115,4.324175,1.081973,24
264.934593,0.000000,140.542051,124.392542,0.000000,0.000000,20
267.848053,0.000000,137.502594,122.602376,0.000000,7.743083,20
278.824821,0.000000,148.539852,112.216277,0.000000,18.068692,21
296.599056,29.620190,119.841138,115.123687,16.639566,15.374475,22
260.282001,9.638590,154.066337,71.517355,22.229628,2.830091,18
259.860859,32.027790,139.010788,85.948005,0.000000,2.874276,18
260.189166,32.215518,157.492319,61.137772,5.800420,3.543137,18
305.786811,27.989827,163.049700,61.507805,5.033383,48.206096,21
275.279587,0.000000,214.858763,17.167052,0.000000,43.253772,18
283.100608,1.039694,214.028506,24.973694,0.000000,43.058714,19
301.563432,8.681451,216.141975,17.059305,8.191011,51.489690,20
308.357861,3.922176,232.221077,13.804763,9.947512,48.462333,21
306.544583,1.987024,253.986328,15.159439,0.000000,35.411792,22
314.185355,39.132288,223.322501,15.070261,8.951829,27.708476,23
322.404770,28.256843,243.503983,8.803341,0.000000,41.840603,26
328.750558,34.985321,233.284701,14.511610,0.000000,45.968926,27
338.910450,43.188745,216.996507,36.324630,12.130915,30.269653,29
318.433575,32.174950,214.071221,56.119206,0.000000,16.068198,28
316.842824,41.554255,202.991246,58.736958,0.000000,13.560365,28
319.406601,41.498373,213.432645,53.985018,3.602613,6.887952,29
321.070452,52.787673,208.997062,56.539893,0.000000,2.745824,29
316.456509,41.153417,220.436870,37.904727,0.000000,16.961495,29
303.791228,38.993935,212.355530,36.941256,0.000000,15.500507,28
316.977584,32.170810,219.226820,33.846644,0.000000,31.733310,29
323.199743,25.059719,236.157590,25.148664,16.670462,20.163308,30
302.971555,40.317394,209.925979,31.312184,0.421126,20.994872,30
300.888863,40.689383,206.232366,31.610655,0.000000,22.356459,30
295.446550,37.769494,208.239035,49.079914,0.000000,0.358107,31
305.961829,48.458368,203.552263,45.699657,0.000000,8.251541,32
312.907650,49.132929,196.649359,60.255201,2.433189,4.436972,32
340.847023,43.253772,217.518148,44.973258,7.785598,27.316247,34
326.715400,86.713210,183.179955,32.725085,0.000000,24.097150,32
309.797916,75.062302,176.447606,43.272718,0.000000,15.015290,31
328.110891,62.141581,179.899704,46.536292,1.995844,37.537470,33
315.396249,61.248241,164.124483,50.181388,0.000000,39.842137,33
320.177397,73.000203,137.775801,53.253959,16.359900,39.787534,33
321.855567,81.931099,122.403591,83.482982,5.517690,28.520205,32
325.630576,76.928197,135.936390,87.347772,0.000000,25.418217,32
294.828937,40.155636,133.900466,83.458619,5.603888,31.710328,30
290.818219,34.300345,168.713389,52.094088,0.000000,35.710397,30
319.195433,38.473132,165.435119,55.176621,2.318649,57.791912,30
301.044514,37.786336,168.625226,41.713569,6.548170,46.371213,28
298.552897,46.552501,164.630903,45.577547,36.433260,5.358686,28
275.667647,45.653963,179.496333,36.551482,6.272751,7.693118,26
270.388172,43.852651,178.219155,32.023223,6.630772,9.662371,26
300.446753,36.779132,183.123424,30.496787,0.000000,50.047410,25
303.813590,51.930944,177.185176,34.156750,7.672073,32.868647,27
311.476390,28.458370,172.922745,63.087760,0.000000,47.007515,26
319.014843,44.929857,161.293565,57.444199,0.000000,55.347222,26
304.581718,34.512014,185.433823,31.984681,2.961436,49.689764,26
303.207676,38.731333,201.640392,13.018341,0.000000,49.817610,26
349.838060,37.021890,198.083215,15.737957,0.361620,98.633378,25
332.274930,16.777218,211.000925,9.758142,0.000000,94.738645,25
327.955282,21.848362,200.338263,26.677231,0.000000,79.091426,25
341.924446,26.172189,204.217095,24.065494,0.000000,87.469668,26
362.162888,25.830563,215.029460,27.503610,16.036477,77.762778,28
314.473657,25.067580,179.166791,36.625963,22.909423,50.703900,25
291.316577,19.756287,210.705589,0.000000,0.000000,60.854701,23
297.112590,8.938843,211.293167,6.411402,11.507067,58.962111,25
297.160518,9.926648,208.823833,14.955998,0.000000,63.454039,26
294.373517,0.118222,229.111570,0.000000,0.000000,65.143725,27
318.037615,5.240464,232.514859,0.000000,3.802166,76.480126,27
304.813413,0.000000,236.577465,0.000000,4.221761,64.014187,27
304.326846,0.000000,240.005629,5.000500,0.000000,59.320717,27
279.289217,0.000000,216.270118,0.000000,0.000000,63.019099,25
297.970732,0.000000,223.523350,0.000000,0.000000,74.447382,26
302.364165,0.000000,216.839328,0.000000,3.028221,82.496616,25
309.959387,2.872000,217.707645,8.564904,15.217416,65.597422,25
320.338429,2.506318,232.407341,7.317973,3.553276,74.553521,25
316.029892,5.972409,238.541479,0.000000,0.000000,71.516004,25
329.872396,0.000000,245.668336,0.000000,0.000000,84.204060,25
410.314350,0.000000,232.551702,12.013479,0.000000,165.749169,26
420.454601,0.000000,230.475046,23.280521,4.824048,161.874986,27
432.672160,5.782158,209.006710,28.822332,0.000000,189.060960,24
447.142587,3.419398,220.587508,22.840488,8.667628,191.627565,25
398.450901,20.668159,170.172684,19.761504,8.987029,178.861525,25
409.419826,28.105694,167.153884,28.844161,0.000000,185.316087,24
399.641078,15.649217,167.774509,30.181289,0.000000,186.036063,24
399.655066,20.844039,161.715767,43.213483,8.250175,165.631602,24
381.416107,34.669141,139.959106,62.305069,2.190282,142.292509,23
393.541063,31.094795,146.995339,77.653131,8.627589,129.170209,25
406.269052,32.497090,138.394068,93.179647,0.000000,142.198247,28
414.158072,0.000000,136.776962,102.214061,21.006517,154.160532,25
392.320355,9.053726,163.304572,75.227134,0.000000,144.734923,25
402.482210,13.111005,161.857191,74.590254,19.207647,133.716113,26
404.596528,38.666720,121.949821,86.127810,8.139721,149.712456,22
403.188083,56.495168,95.255673,87.284921,2.605080,161.547241,23
404.789994,69.925449,112.804228,65.165832,8.997034,147.897451,24
363.572034,52.628291,111.402996,59.654542,0.000000,139.886205,21
368.381936,54.891242,102.328097,60.749023,0.000000,150.413574,21
410.272388,48.453007,108.682787,76.772814,11.232777,165.131003,25
379.936729,34.675627,101.717921,79.693945,0.000000,163.849236,24
379.198187,31.806161,95.843191,80.126802,0.000000,171.422033,24
372.210640,37.361254,84.509422,85.277048,4.916826,160.146090,25
366.654946,29.523254,99.389571,76.001085,0.000000,161.741036,25
372.298585,33.776441,99.689128,79.356893,4.883845,154.592278,26
365.875440,45.641555,84.388483,95.640533,33.805261,106.399608,25
333.031624,10.745544,110.715700,94.267202,0.000000,117.303178,23
328.263830,33.072702,104.401594,79.059727,2.214371,109.515436,23
294.558739,2.985776,108.725561,66.936634,0.000000,115.910768,22
293.290075,0.477143,121.414811,55.974763,0.000000,115.423358,22
315.504683,14.964196,108.313131,68.366956,0.000000,123.860400,23
336.972486,18.441534,105.866150,66.868073,0.652276,145.144453,24
341.252589,9.157650,121.767157,55.433503,0.000000,154.894279,25
343.123806,10.179167,129.445794,55.678826,0.375639,147.444380,25
343.108663,11.348917,121.059013,55.048189,6.044352,149.608192,26
351.899201,22.573414,113.598147,58.290042,7.742161,149.695437,27
359.863418,17.024856,114.046221,82.201271,1.682446,144.908624,27
349.056657,23.366541,97.262772,82.672622,0.000000,145.754722,25
353.962439,32.772123,93.042388,76.999354,7.191553,143.957021,26
329.654312,26.881524,75.932918,82.567572,0.000000,144.272298,23
343.640489,26.462807,75.231946,78.529162,0.000000,163.416574,24
339.227981,46.637619,55.433503,80.849068,0.000000,156.307791,25
325.606181,40.874994,55.534785,73.125826,17.903351,138.167225,23
340.062785,22.208701,78.121454,78.529386,9.002508,152.200736,28
354.698172,29.874274,78.529162,83.542998,0.000000,162.751738,27
365.321717,32.929966,91.494899,74.413104,14.620335,151.863413,27
360.973604,34.975068,104.356623,65.506144,1.233405,154.902364,26
364.696022,47.885718,89.547138,63.324736,0.000000,163.938430,24
376.408095,49.742656,88.655529,67.401365,8.068509,162.540036,26
367.981214,50.544597,83.685753,93.934582,0.000000,139.816282,26
379.807884,56.210637,82.383831,83.669689,3.827332,153.716395,26
377.779785,54.940038,83.542998,92.544315,0.000000,146.752434,26
371.102943,54.705209,105.386298,68.837683,6.500350,135.673403,27
360.533168,42.102170,106.546915,77.348088,0.000000,134.535995,27
375.400113,39.867888,110.052461,76.972550,10.123447,138.383767,27
299.030096,0.000000,116.029088,53.958208,16.194866,112.847934,18
308.933160,7.763525,107.156254,74.086985,8.319840,111.606556,20
293.503393,0.000000,108.181111,78.359123,0.000000,106.963159,19
269.723825,0.000000,89.092258,83.067598,4.230488,93.333481,16
262.982601,0.000000,85.734103,82.392407,0.000000,94.856091,17
275.695567,0.000000,78.581493,100.195542,11.468482,85.450050,18
241.530802,16.777438,43.935739,101.285922,0.000000,79.531703,14
287.652796,13.835216,41.198729,113.583985,2.106052,116.928814,16
310.565650,18.314739,35.643469,127.381887,7.273112,121.952443,19
277.791070,12.981304,49.892044,95.604337,0.000000,119.313385,15
282.591818,11.825894,53.249288,94.856091,0.000000,122.660545,18
287.336392,24.338889,58.101017,81.335052,5.198221,118.363213,18
294.153256,26.617651,64.199615,87.450850,4.816826,111.068314,19
269.585398,9.356004,64.221945,97.422620,6.606468,91.978361,19
264.660937,0.000000,68.393311,110.568523,1.255628,84.443475,19
301.994214,0.000000,79.957758,107.735526,0.000000,114.300930,21
312.865133,9.741957,75.955784,102.286151,0.000000,124.881241,22
320.283718,21.046595,66.230627,108.035411,8.103822,116.867263,22
300.650511,12.045734,52.296080,115.432638,7.227907,113.648152,21
294.373574,12.827037,67.394905,96.402183,0.000000,117.749449,20
288.237581,4.140747,86.499956,89.928568,0.000000,107.668310,20
304.761771,10.192774,98.460006,71.860232,0.000000,124.248759,21
308.826830,1.660913,101.443851,71.245940,0.000000,134.476126,20
308.447675,0.167650,100.462414,84.520341,7.965503,115.331767,22
318.382685,7.635740,111.677645,84.095567,0.000000,114.973733,23
318.485068,15.104425,131.468620,62.318788,15.101407,94.491828,23
326.490012,38.582656,113.255992,85.440711,0.000000,89.210653,23
367.831467,60.402553,111.569769,74.844840,6.154231,114.860074,26
399.244965,64.735994,138.954600,48.994069,1.810110,144.750192,28
397.662413,59.272236,143.046355,51.027625,4.451410,139.864787,29
396.837303,57.997402,135.852155,51.794641,0.737533,150.455572,30
373.558464,40.632255,145.782354,40.486927,0.000000,146.656928,29
402.935840,55.144308,136.168904,50.409250,35.036461,126.176917,32
370.353623,62.972011,116.570963,66.930322,0.000000,123.880327,28
359.348371,68.327886,96.184940,68.503082,0.000000,126.332463,27
356.862214,60.268995,113.563068,58.135397,3.152524,121.742230,27
329.315690,59.901703,126.214642,38.574809,6.529448,98.095088,24
330.234714,54.664200,129.646446,48.160218,0.000000,97.763850,25
277.581916,7.915416,130.933935,40.259770,0.000000,98.472795,21
277.902717,24.188252,115.667004,51.171942,6.734606,80.140913,21
266.612653,4.795779,117.045001,56.958714,2.190130,85.623029,19
297.465909,6.863058,137.887134,51.969995,8.180840,92.564882,20
310.536418,3.883172,135.306419,64.583071,0.000000,106.763756,20
317.957456,10.293410,147.321839,49.605915,5.449557,105.286735,20
317.759338,10.876091,152.645702,53.431487,0.000000,100.806058,21
347.821924,13.922983,169.109092,37.796939,0.000000,126.992910,23
376.930251,9.454307,168.015262,45.820546,2.817961,150.822175,23
394.978617,12.800019,160.854843,78.799367,0.000000,142.524388,25
392.070750,47.403996,116.114389,89.503555,0.000000,139.048810,24
407.920739,46.742521,120.205550,86.830189,8.961314,145.181165,24
405.732255,43.208793,131.109536,89.699966,11.106092,130.607868,25
445.686666,35.813467,123.364287,101.393111,0.000000,185.115801,28
444.643840,48.160218,116.710331,90.245404,9.434018,180.093869,27
429.975249,38.433720,150.441135,57.516002,0.000000,183.584392,26
429.860878,36.488768,146.309878,65.453480,0.000000,181.608752,27
420.316580,36.543466,143.228366,68.338544,0.000000,172.206204,28
421.713804,29.517831,154.237545,63.287568,0.000000,174.670860,28
419.810498,32.403379,165.749649,46.109112,6.023343,169.525015,27
396.963719,21.529421,162.303287,56.356926,0.000000,156.774085,26
406.388687,24.679442,170.882482,50.963662,19.126524,140.736577,26
421.757567,30.979323,176.138872,92.676533,0.000000,121.962839,28
437.186711,32.333276,179.996302,93.651972,2.734903,128.470258,29
438.985337,33.251169,184.418105,104.996661,1.667500,114.651902,31
437.444374,39.273876,198.100085,91.226788,11.592652,97.250973,32
448.187677,45.311224,195.661444,94.655919,7.225148,105.333942,32
468.861357,63.607458,224.270583,55.038015,0.000000,125.945301,32
483.315791,62.244514,222.918873,59.393186,0.000000,138.759218,33
477.669958,75.739590,210.122467,56.813707,24.032920,110.961274,32
475.576095,88.494923,192.847839,73.211086,0.000000,121.022247,31
459.399277,67.886669,173.213725,90.446640,0.000000,127.852243,28
449.174899,68.338544,169.844652,84.221410,39.715719,87.054574,28
407.321886,79.627281,136.250834,91.785127,0.000000,99.658644,23
417.481206,85.028521,132.912900,103.636990,0.000000,95.902795,24
421.485831,90.357741,126.272120,93.912691,13.860035,97.083244,23
417.747456,96.386875,120.768710,103.624218,17.035760,79.931893,23
382.995843,87.177683,102.972390,90.126734,0.000000,102.719036,21
383.822428,123.176863,85.081619,85.966727,1.691197,87.906022,22
369.336616,130.304974,80.606613,78.981825,23.059817,56.383387,22
350.192174,133.224005,79.700161,77.348083,0.000000,59.919925,21
350.490030,134.055514,86.248350,65.495230,0.000000,64.690936,21
346.008667,141.764641,80.394856,72.275711,4.529118,47.044341,22
364.402027,163.263163,56.123567,84.958130,0.000000,60.057167,23
377.126621,162.347669,56.456336,87.906022,0.000000,70.416594,23
366.639001,141.691805,76.528974,68.669308,29.733085,50.015829,21
357.144735,151.103181,60.646511,87.777877,12.572569,45.044597,22
355.799055,163.498284,50.787133,101.927567,5.607916,33.978155,22
346.040221,174.395188,46.828934,110.651881,12.131936,2.032282,22
374.598451,179.304124,42.416262,127.806609,0.000000,25.071456,23
380.737688,173.286489,51.864521,123.078929,7.532380,24.975369,24
416.541692,166.800608,53.990201,145.440998,0.000000,50.309885,26
460.500284,165.112620,53.778235,155.197745,0.000000,86.411684,28
450.084403,151.743580,56.490696,153.440353,29.655174,58.754600,29
423.745307,159.339775,64.982982,139.220432,0.000000,60.202118,26
417.486673,169.158875,82.698074,109.016799,9.027875,47.585050,26
455.933721,174.706260,71.080863,118.774015,0.000000,91.372583,28
468.913820,202.722881,70.046743,96.998121,15.101746,84.044329,28
458.410822,199.867279,77.676766,95.823279,0.500950,84.542548,29
473.432486,203.761661,78.526718,97.982053,0.000000,93.162054,31
467.493230,209.953341,79.492800,86.075392,13.607094,78.364603,32
477.636470,197.091810,98.401972,98.989730,20.274524,62.878434,33
430.790503,164.398551,110.690782,92.121085,9.947918,53.632167,32
428.423450,155.586678,102.682097,104.733423,11.157932,54.263320,32
456.663683,161.711411,92.794072,117.525605,0.000000,84.632595,33
447.572284,141.989438,93.597755,124.559167,19.070684,68.355240,35
410.598359,150.273234,67.392992,103.262633,0.000000,89.669500,32
402.767317,127.657466,72.782024,97.657466,5.801024,98.869337,31
405.001287,119.293698,78.160160,97.735876,0.173397,109.638156,31
395.879061,110.029779,73.765166,94.897636,31.274563,85.911917,29
374.552158,105.748464,70.531741,108.168023,0.472892,89.631038,29
376.380430,121.413773,56.988452,120.436927,4.719142,72.822136,29
380.054551,117.272058,60.059723,115.221904,15.285676,72.215190,29
353.777519,92.896108,63.115555,129.581795,15.397821,52.786240,27
356.888805,112.337624,46.531497,139.027887,14.664594,44.327203,25
316.908603,88.308178,95.007183,82.945725,0.000000,50.647517,23
322.326702,97.372651,104.955176,103.220256,0.000000,16.778619,24
325.396660,97.735876,102.503591,100.341720,9.984991,14.830482,23
327.768024,121.241140,89.685908,90.206989,19.093186,7.540801,23
353.350125,136.602045,87.500866,78.683521,21.982065,28.581628,21
337.452946,180.535538,44.387274,82.410340,0.000000,30.119794,19
343.133757,191.687628,43.474821,78.569633,0.000000,29.401675,20
337.550544,185.730181,45.733684,77.044174,0.000000,29.042505,20
331.640113,191.304199,32.130599,82.982782,0.000000,25.222533,20
360.425663,202.089593,16.778619,96.663227,10.022835,34.871389,23
356.561578,210.606904,32.949837,83.682315,0.000000,29.322522,22
350.097407,201.308576,35.746604,84.308893,5.727609,23.005725,22
334.514493,186.568138,34.938026,94.604077,0.000000,18.404252,23
348.766399,179.146630,36.990430,93.313312,0.000000,39.316027,24
347.004362,177.863192,38.051419,91.022772,1.667500,38.399479,25
336.255371,164.622137,40.056147,72.952182,5.880240,52.744665,25
321.619573,147.605709,52.278365,74.072746,8.543002,39.119751,25
336.502656,147.602543,62.102268,77.285590,7.037334,42.474921,27
383.034385,154.366459,55.144582,91.989109,5.535021,75.999214,29
373.047678,164.078154,56.432577,80.503663,15.083138,56.950146,29
328.018487,171.546958,34.276005,65.169278,0.000000,57.026246,26
330.455374,166.877444,34.688633,59.854841,31.148711,37.885745,27
287.744594,164.322436,46.333403,50.763106,0.000000,26.325649,26
285.248425,172.343909,49.397643,34.465150,0.000000,29.041723,26
286.115828,176.354836,76.812633,6.263140,5.716447,20.968772,27
286.316882,167.522487,87.978801,7.397521,0.000000,23.418073,28
325.911735,185.702274,76.499446,12.843476,0.000000,50.866539,31
336.984171,184.460488,77.088755,23.925824,0.000000,51.509104,32
354.772068,179.010578,81.027629,36.653431,8.005883,50.074547,33
352.083799,197.826893,84.843668,17.591261,0.000000,51.821977,31
353.918012,191.442268,85.587873,16.172704,7.281962,53.433205,29
358.372920,186.397375,91.292298,20.825566,0.000000,59.857681,30
361.229971,185.502931,107.718451,2.019578,12.847992,53.141019,31
362.910496,195.894900,95.391967,23.725217,0.000000,47.898412,31
360.767450,183.156748,98.031702,16.033382,0.000000,63.545618,30
357.402404,182.954321,91.770427,19.114835,0.000000,63.562821,27
346.756051,174.726859,92.289415,19.934856,13.962763,45.842158,27
352.290910,195.099062,90.208498,2.726261,0.000000,64.257089,27
345.310779,190.717365,82.817651,2.199399,0.000000,69.576364,27
369.832105,204.762505,64.191484,14.703339,17.217816,68.956961,28
347.703135,192.751934,71.414364,19.886240,0.000000,63.650597,27
332.645824,175.785299,78.522936,17.008432,12.682745,48.646412,26
301.464523,140.750303,75.267222,25.762687,0.287291,59.397020,24
289.329437,133.886108,83.074254,8.496263,4.043806,59.829006,24
288.900683,143.490148,72.519705,12.654312,0.000000,60.236518,24
281.357661,135.727451,78.304274,9.553583,0.000000,57.772353,23
283.301782,128.386433,82.974618,10.549273,0.000000,61.391458,24
268.954114,120.077134,84.060951,13.769465,5.064871,45.981693,23
243.217449,115.482687,74.182869,0.000000,12.072097,41.479796,21
233.514451,111.507195,70.273419,4.229433,13.491871,34.012533,19
225.618487,115.427879,60.348822,0.629508,11.704213,37.508065,19
215.775608,106.905408,64.816029,0.000000,0.000000,44.054171,17
217.905470,93.684526,72.655594,5.073379,5.180662,41.311309,17
209.681223,103.719506,63.805934,1.933931,13.895322,26.326530,17
192.289261,107.639376,71.654989,0.000000,8.107273,4.887623,17
208.763750,108.130990,75.323842,0.844474,8.003261,16.461183,17
178.479508,107.188715,58.847700,0.000000,3.034404,9.408689,16
173.952095,104.943343,52.493074,0.000000,0.000000,16.515678,14
182.486592,119.419473,40.344808,0.000000,0.000000,22.722311,15
188.556039,120.751049,28.939448,0.000000,0.000000,38.865542,14
192.518715,124.220944,29.570362,0.000000,22.027932,16.699477,14
182.348037,101.892881,42.750559,16.627394,4.284783,16.792420,16
174.381537,99.352331,57.335600,7.938802,0.000000,9.754804,17
181.263417,100.003252,63.993973,7.997569,0.000000,9.268623,18
202.174592,101.960896,63.336772,7.987535,0.000000,28.889389,20
182.007157,90.353058,62.106961,5.674414,0.000000,23.872724,19
204.378221,94.047711,59.014343,3.308859,10.885410,37.121898,19
212.304701,104.393067,66.702300,0.000000,0.000000,41.209334,20
205.691213,89.656516,66.267347,0.000000,0.000000,49.767350,20
210.900399,88.021850,66.808259,18.567520,0.000000,37.502770,20
215.777626,89.471362,76.522161,8.068862,0.000000,41.715241,21
214.646001,84.415268,90.906266,0.000000,15.179863,24.144604,22
197.031378,74.224266,101.491951,7.120707,10.787998,3.406456,20
188.278150,82.228318,93.781867,0.000000,0.000000,12.267965,20
201.516979,78.843513,93.125118,0.000000,0.000000,29.548348,21
196.501353,76.236972,86.561667,0.000000,0.000000,33.702714,21
204.243998,84.045090,87.614340,0.000000,6.399170,26.185398,21
228.190655,89.660562,87.336017,7.893006,0.000000,43.301070,23
262.361322,98.482921,82.121881,3.376238,0.000000,78.380282,24
261.813927,98.845068,79.373954,8.835347,3.228748,71.530810,25
247.820847,76.309998,85.458266,4.468146,0.000000,81.584437,19
289.320311,77.196840,89.708221,0.000000,11.319102,111.096148,20
296.417046,86.906001,83.105554,13.400223,5.381256,107.624012,21
331.700217,82.546077,82.311323,30.695663,0.000000,136.147154,22
301.775351,52.573533,85.990461,26.693648,5.877699,130.640010,21
288.395609,30.491377,100.413454,16.884165,0.000000,140.606613,21
278.202393,28.163537,90.960911,21.900904,0.000000,137.177041,21
264.765166,20.368253,91.297917,31.005492,0.000000,122.093504,20
286.392540,21.656342,91.028767,52.419727,0.000000,121.287704,23
304.939961,24.362368,91.885968,48.337431,0.000000,140.354194,23
289.088291,7.893006,95.580432,51.903433,0.000000,133.711420,23
287.163375,11.926947,89.281331,49.812702,9.668907,126.473488,21
283.111265,8.981889,81.780031,58.590012,0.000000,133.759333,19
276.854791,18.781479,67.681688,53.715147,0.528352,136.148125,19
276.144375,37.952603,65.383758,44.029336,4.164153,124.614525,19
298.040265,39.430153,73.782784,31.140813,0.000000,153.686515,19
306.817329,38.242618,77.395227,29.087251,6.036082,156.056151,20
314.161423,40.082471,88.828708,22.735046,0.000000,162.515198,21
314.238065,43.708097,89.823225,18.810447,13.764446,148.131850,21
285.064743,33.092830,84.704899,17.833805,0.000000,149.433209,16
302.775437,23.751330,79.117482,22.834121,0.000000,177.072504,17
303.618774,61.689629,54.136028,4.280610,7.606875,175.905632,16
304.557188,69.167390,63.307572,5.025522,3.354078,163.702626,15
284.372070,46.100808,53.901451,12.698406,0.000000,171.671405,12
336.784490,63.635923,57.356384,8.573542,1.248476,205.970165,15
335.049188,57.705496,59.589425,8.404081,0.000000,209.350186,15
331.635861,47.431862,59.159056,13.905372,0.000000,211.139571,16
317.456785,38.445147,66.738176,4.118235,1.323182,206.832045,14
324.215374,24.654428,70.362040,23.749200,2.495509,202.954197,14
317.455241,26.293766,78.138747,12.240196,8.321228,192.461304,17
318.816759,21.356264,75.744856,26.545966,0.000000,195.169673,15
348.743675,20.998015,82.852671,33.959891,33.777197,177.155901,16
348.409618,15.153848,76.368781,39.288595,1.611326,215.987068,13
345.044237,12.689807,95.729100,21.963579,8.087749,206.574002,13
345.420043,22.426018,87.789941,23.466645,0.000000,211.737439,12
352.665270,16.222481,85.793758,37.528107,0.000000,213.120924,14
353.268062,24.466589,73.382055,34.906058,7.256371,213.256989,14
366.037154,16.325095,91.963018,44.061642,0.000000,213.687399,14
350.704044,0.000000,102.213820,29.208623,0.000000,219.281601,12
340.591593,33.244963,74.796091,15.128594,0.000000,217.421945,13
342.237617,53.762600,56.676117,10.360957,0.000000,221.437943,14
339.463942,38.930660,58.714586,9.284247,0.000000,232.534449,15
332.527242,33.422056,56.502629,7.893294,0.000000,234.709263,14
341.338365,24.898146,71.803337,0.000000,0.000000,244.636882,15
338.129665,17.592951,76.600169,0.000000,0.000000,243.936545,15
347.959053,29.678095,62.917002,4.192569,4.138517,247.032870,17
312.082083,19.625248,49.089368,8.018632,12.516280,222.832555,13
275.113257,16.363801,47.201441,0.000000,5.056789,206.491226,7
285.728261,14.440695,50.447376,2.227852,0.000000,218.612338,7
318.881940,14.290017,67.606123,24.394639,0.000000,212.591161,11
313.451692,8.331086,74.208548,17.235437,0.000000,213.676621,10
323.084579,7.049903,80.812342,12.226444,0.000000,222.995890,10
341.781340,3.276534,69.882021,26.468363,11.912538,230.241884,12
322.680985,0.000000,68.361590,26.368872,0.000000,227.950523,12
332.344075,5.056789,82.680847,12.918309,8.803455,222.884675,13
321.554633,5.603277,68.355913,14.666034,0.000000,232.929409,11
309.609009,0.000000,73.580549,8.639671,2.498149,224.890640,11
328.138691,0.000000,79.859974,1.715114,10.149319,236.414284,11
359.649636,35.164006,52.978661,12.243330,7.949249,251.314390,12
367.304507,38.609377,55.347182,17.218430,6.939817,249.189701,12
372.267298,38.785502,49.911617,23.948205,10.430161,249.191813,11
363.112614,32.204874,63.377326,20.517925,0.000000,247.012489,10
367.447413,25.697770,60.984278,20.824522,3.384500,256.556343,11
372.205239,27.518968,70.633207,10.347830,0.000000,263.705234,12
357.566334,12.018066,69.790734,17.734464,11.786141,246.236929,11
349.751194,17.859700,94.261956,0.000000,1.319136,236.310402,10
353.224774,13.604882,99.685742,7.331587,0.698957,231.903606,11
333.529112,5.929611,101.376781,0.000000,6.756476,219.466244,10
324.902779,0.000000,98.941105,0.000000,0.000000,225.961674,8
338.972236,0.000000,98.652951,2.405047,0.000000,237.914238,9
347.263625,5.033609,92.638889,6.042063,2.716944,240.832120,9
363.492865,0.000000,92.082541,15.635269,9.934217,245.840838,11
367.616484,15.727542,77.917304,26.646317,0.000000,247.325321,12
354.386062,0.000000,88.378174,17.407399,0.000000,248.600489,12
354.223997,0.000000,94.153485,14.730550,0.000000,245.339962,13
360.652545,0.000000,99.373354,19.174876,15.584481,226.519834,14
333.748843,9.079223,86.510412,0.000000,7.832961,230.326247,12
324.844151,2.716944,86.896319,0.000000,0.000000,235.230888,10
324.097875,6.017616,88.226130,0.000000,5.682972,224.171157,11
328.842342,11.062255,85.562163,18.623568,31.573552,182.020804,11
270.340000,9.362809,72.149607,13.609552,0.000000,175.218032,5
303.427486,11.610369,79.537487,30.896142,19.953573,161.429915,9
272.714289,10.613077,98.353803,3.689951,6.676935,153.380523,7
273.374519,14.503379,100.710198,9.894747,11.676889,136.589306,7
268.172122,2.590593,108.014352,18.594490,0.000000,138.972687,8
269.821543,1.246741,144.492058,0.000000,0.000000,124.082744,10
296.736019,3.552046,141.340972,0.000000,4.129686,147.713315,11
295.861518,13.609552,119.503167,0.000000,0.000000,162.748799,12
314.480552,25.444925,105.168404,9.765249,1.822871,172.279103,14
346.118458,25.831454,106.650320,9.135678,24.134372,180.366634,15
301.256154,0.770154,115.204277,0.000000,0.000000,185.281723,12
299.116405,0.000000,119.561093,0.000000,0.000000,179.555312,12
310.645545,0.000000,113.231277,1.928642,22.495311,172.990315,14
280.904649,4.129686,78.831750,13.158954,1.878606,182.905653,10
273.702740,7.143857,79.480275,5.212606,4.027373,177.838629,10
276.203775,0.001000,82.885504,2.771423,0.000000,190.545848,9
278.298924,1.157071,84.686981,0.000000,13.283885,179.170987,10
283.657307,0.000000,79.279337,4.681876,0.000000,199.696094,10
294.673333,0.000000,95.052943,17.041061,41.017179,141.562150,13
257.944338,6.485314,105.620768,20.603558,5.505789,119.728909,10
267.649794,5.212606,109.681231,25.097322,1.615745,126.042890,10
11.468956,0.000000,0.000000,11.468956,0.000000,0.000000,1
45.020637,0.000000,0.000000,4.945251,6.367185,33.708201,2
75.713234,2.239425,0.000000,7.176928,32.898458,33.398423,2
75.566634,0.000000,6.979025,7.898993,0.000000,60.688616,2
75.655197,1.177353,0.000000,12.815824,0.000000,61.662020,3
95.750156,6.721640,25.499430,4.174757,23.094695,36.259634,4
59.968684,0.001000,10.247971,8.349566,9.613121,31.757026,3
65.161176,2.861294,17.429630,8.048976,0.000000,36.821276,2
76.112101,12.820840,13.190823,9.936071,8.431529,31.732838,3
72.094680,27.597168,0.001000,13.432029,0.339950,30.724533,4
52.393005,0.339950,8.936819,0.000000,12.693953,30.422283,1
75.535999,0.000000,7.463177,0.000000,0.000000,68.072822,2
103.118382,0.000000,0.000000,0.000000,12.703384,90.414998,0
136.327804,23.034766,7.472780,5.868338,2.413723,97.538197,4
128.462778,24.560581,0.000000,2.667400,6.934269,94.300528,4
135.498932,25.356510,1.812900,10.602181,0.000000,97.727341,5
157.420019,14.949247,0.000000,19.340506,0.000000,123.130266,5
154.788392,0.000000,0.000000,13.716897,4.068390,137.003105,3
173.491526,8.794090,5.512284,11.823354,0.000000,147.361798,3
163.769027,7.624822,6.699282,0.000000,0.000000,149.444923,2
179.928214,2.500750,7.500250,14.932134,0.000000,154.995080,3
178.627083,7.500250,14.932134,7.948923,13.030749,135.215027,3
143.835668,7.227766,14.433166,2.504497,13.065323,106.604916,2
160.246097,0.000000,10.610468,50.604583,3.594881,95.436165,4
160.652402,7.352852,14.924454,41.052033,0.000000,97.323063,5
180.913817,11.931627,16.245037,48.962142,2.274222,101.500789,7
203.464350,9.645012,21.963277,67.323685,7.258339,97.274037,10
219.493169,3.512099,18.669948,69.486749,12.129898,115.694475,11
229.810710,6.685481,19.472533,70.885479,0.000000,132.767217,10
235.188882,3.594881,32.566416,62.143433,39.678557,97.205595,11
203.632066,2.274222,54.518196,49.985914,9.910959,86.942775,8
188.963625,14.349539,30.813022,54.761547,0.000000,89.039517,6
200.841145,7.489201,38.107918,49.095241,0.000000,106.148785,6
195.960829,4.863606,54.650081,37.760350,0.000000,98.686792,7
194.780982,12.129898,43.261333,42.054180,5.749370,91.586201,7
185.856071,8.351553,38.631040,66.025387,0.000000,72.848091,8
203.337073,8.252074,31.426483,75.678568,9.230846,78.749102,9
167.943108,0.000000,38.614325,47.170299,0.000000,82.158484,10
174.238955,0.000000,43.503393,43.180420,0.000000,87.555142,11
173.138654,4.570791,42.629079,38.421980,0.000000,87.516804,11
185.552040,9.909959,46.120197,38.492319,7.643228,83.386337,12
179.764830,27.694087,41.406021,24.321414,0.000000,86.343308,12
177.317773,22.373216,36.801823,32.401257,0.000000,85.741477,11
173.210219,20.420152,50.517552,14.420442,0.000000,87.852073,11
173.990237,16.495538,56.162354,7.110496,11.136320,83.085529,11
158.521238,22.540707,40.732143,12.356711,0.000000,82.891677,11
168.521347,23.740691,30.460066,16.497907,0.000000,97.822683,11
167.163054,19.939409,32.483063,17.130919,9.194711,88.414952,12
170.687559,33.621647,19.467207,27.159436,0.000000,90.439269,12
166.882321,24.398284,19.798228,40.053628,4.565761,78.066420,11
144.013418,6.061782,24.583480,50.363742,6.676796,56.327618,9
138.066684,25.105239,3.964391,60.489047,0.000000,48.508007,9
128.135474,13.159102,6.617048,54.062254,14.782953,39.514117,7
123.665569,20.613253,16.591387,47.245921,0.000000,39.215008,6
105.155378,7.338976,24.843279,36.629215,7.170825,29.173083,6
145.959045,0.000000,38.257615,56.303279,0.000000,51.398151,10
158.027517,0.000000,48.529495,48.553136,0.000000,60.944886,12
174.371166,6.667000,36.106501,52.098920,11.559070,67.939675,13
172.689548,0.000000,31.054514,67.105042,9.105780,65.424212,13
155.979421,4.974162,19.572331,71.897817,0.000000,59.535111,13
156.996012,8.066473,18.380824,68.187313,0.000000,62.361402,13
164.614274,9.254950,24.070910,67.760715,1.486408,62.041291,14
159.439732,1.529381,23.456515,92.222248,0.000000,42.231588,14
162.010903,21.332328,4.939385,90.456286,0.000000,45.282904,15
154.928544,2.836323,3.986898,102.741053,0.000000,45.364270,16
192.969354,3.018048,12.209228,101.909603,0.000000,75.832475,16
214.979447,4.113067,16.928934,107.201937,19.861385,66.874124,17
226.780407,0.000000,11.906500,117.073848,11.436962,86.363097,16
233.885744,2.268814,8.834021,132.302138,5.676589,84.804182,19
218.059647,8.207620,12.893294,124.274821,0.000000,72.683912,18
223.339409,5.046802,18.952843,113.509572,0.000000,85.830192,19
220.293407,7.258594,12.121494,126.303533,0.000000,74.609786,18
221.533197,12.121494,0.115275,135.512779,0.000000,73.783649,18
215.493903,0.542520,15.466423,127.059642,6.808355,65.616963,18
222.163783,10.371318,12.061131,130.294671,0.000000,69.436663,16
218.103552,4.080408,49.750538,91.959133,0.000000,72.313473,17
237.792240,3.388416,54.212116,92.433950,0.000000,87.757758,17
242.607281,16.938617,44.952791,90.480771,5.327101,84.908001,18
257.640502,13.231418,48.787479,95.763411,0.000000,99.858194,19
263.647647,27.643515,36.069432,101.757289,0.000000,98.177411,21
262.073430,34.530983,26.911977,107.094496,0.000000,93.535974,20
242.669156,23.525859,21.293147,109.788374,3.789441,84.272335,19
280.517074,0.000000,58.781470,127.345831,0.000000,94.389773,21
263.106383,0.000000,38.269696,132.736858,10.877207,81.222622,19
249.228990,0.000000,25.197840,136.789553,0.000000,87.241597,18
265.880786,0.000000,19.794496,137.960392,0.000000,108.125898,19
257.694251,0.000000,40.975019,115.000467,0.000000,101.718765,19
256.272237,0.000000,41.572523,106.183531,9.034764,99.481419,18
258.363386,36.513787,7.912022,119.999224,10.041456,83.896897,19
235.707244,23.726094,16.804186,114.119927,0.000000,81.057037,17
231.918803,30.682606,27.597588,95.851087,6.685724,71.101798,18
244.456557,9.104072,34.389720,143.461540,8.221632,49.279593,20
259.739290,8.643142,29.784282,147.646468,20.547544,53.117854,21
243.044427,5.538003,29.634232,144.889822,4.693573,58.288797,19
248.904588,44.184083,37.038539,101.022126,0.000000,66.659840,20
257.119765,60.698132,26.543465,95.759265,8.946121,65.172782,20
239.207203,67.240332,23.460151,82.727569,0.000000,65.779151,18
267.203863,71.170688,18.356065,104.635631,0.000000,73.041479,20
231.828765,41.005519,17.779033,100.328883,0.000000,72.715330,18
232.434785,42.644371,15.844018,101.393260,0.000000,72.553136,17
219.906714,32.241087,11.864902,116.056703,9.715476,50.028546,17
210.476520,20.862201,28.307689,99.336830,3.736259,58.233541,15
198.046751,21.632759,34.598280,88.635735,7.764128,45.415849,15
203.056956,28.061579,28.092247,97.523742,26.623707,22.755681,16
189.540854,28.378885,22.431265,115.306174,0.000000,23.424530,15
197.045326,37.038368,12.758561,117.854617,0.000000,29.393780,15
206.779056,30.292149,12.699849,148.434210,8.151310,7.201538,17
203.016979,41.794814,21.867775,132.409800,0.000000,6.944590,17
206.907763,47.495847,28.879469,115.275087,0.000000,15.257360,17
216.400665,67.261485,17.935844,99.716502,0.000000,31.486834,17
232.915908,87.095287,8.155524,93.130481,2.683024,41.851592,17
229.551639,87.821353,14.621414,82.847524,36.349390,7.911958,16
210.070370,98.179599,18.877353,73.158373,14.548453,5.306592,13
211.404536,74.809629,17.962283,100.757425,0.000000,17.875199,15
227.153314,82.190082,9.680166,124.051634,11.231432,0.000000,16
189.525024,36.708829,17.600983,125.972611,0.000000,9.242601,15
209.897688,33.382362,49.484411,90.844571,8.021251,28.165093,16
205.614199,32.539692,43.228116,106.916256,22.930135,0.000000,17
176.348487,16.646918,60.847867,98.853702,0.000000,0.000000,13
185.142312,23.854015,51.969880,104.698502,0.000000,4.619915,15
205.786468,19.151940,53.064182,101.803148,22.417633,9.349565,16
186.806678,21.231569,42.411506,106.403043,0.000000,16.760560,17
192.399826,25.048211,50.756392,103.090117,6.818500,6.686606,17
186.827965,12.740734,55.650918,110.688563,0.000000,7.747750,17
238.965419,32.702174,35.222747,153.382176,0.000000,17.658322,20
270.431088,36.128958,43.531153,156.273906,9.670136,24.826935,22
290.618441,34.637093,43.625758,190.955059,5.717907,15.682624,25
293.282617,29.732931,43.314354,198.697380,19.409505,2.128447,25
289.070963,10.657704,63.253203,196.077401,15.744309,3.338346,25
280.034976,1.221350,79.201547,197.990362,1.621717,0.000000,24
291.974865,25.485203,63.400799,193.695456,9.393407,0.000000,24
329.589175,28.165093,59.775763,208.366850,0.000000,33.281469,27
341.613198,15.484097,89.331205,190.690275,7.245646,38.861975,28
337.471022,11.703968,101.905570,192.253184,12.071136,19.537164,29
339.225940,11.836329,141.315444,170.495956,2.486701,13.091510,29
330.047535,30.160764,111.204707,152.573867,0.000000,36.108197,26
335.512399,55.346904,90.650818,147.792888,0.000000,41.721789,27
330.644925,15.055737,98.746052,153.606433,0.000000,63.236703,26
325.586729,12.783864,102.744655,148.415998,19.912816,41.729396,26
291.735572,15.362596,93.611943,129.690750,12.177178,40.893105,25
281.742291,18.607282,96.084201,123.450518,0.000000,43.600290,24
283.974567,31.425929,83.251677,122.955893,9.753111,36.587957,24
266.461905,23.225530,91.571308,114.670877,16.116018,20.878172,23
235.131963,5.389549,84.516943,118.738371,11.697615,14.789485,22
204.534548,8.219007,62.207573,120.352092,0.000000,13.755876,18
206.151084,2.204816,61.685832,125.924194,3.723066,12.613176,19
205.550881,16.618646,52.444991,125.047088,9.835543,1.604613,19
207.647406,29.679606,39.792695,138.175105,0.000000,0.000000,20
219.142863,25.042975,54.448333,137.598522,2.053033,0.000000,21
214.452370,18.138611,56.046329,140.267430,0.000000,0.000000,22
204.569787,0.000000,67.286165,129.023861,8.259761,0.000000,21
237.893180,0.000000,59.559870,148.175367,14.459936,15.698007,21
231.076240,8.593690,81.906086,114.788212,0.000000,25.788252,20
234.456191,7.296667,84.202405,110.176257,0.000000,32.780862,21
240.616968,5.905554,89.756408,105.468287,9.948670,29.538049,22
254.485961,17.838081,112.463774,81.545129,23.811126,18.827851,21
188.450445,7.255177,121.917656,45.115379,0.901531,13.260702,17
196.722694,3.723066,123.921513,49.776944,0.000000,19.301171,18
169.533992,0.000000,118.905539,31.909566,0.000000,18.718887,17
164.111443,22.099371,94.528759,37.820250,0.000000,9.663063,17
164.491993,37.415454,92.450530,29.689659,0.094324,4.842026,17
169.946796,29.676851,100.268797,23.560913,0.000000,16.440235,18
211.731340,33.910993,92.472921,38.028929,0.811153,46.507344,21
212.764581,55.042040,77.306969,37.884077,5.113803,37.417692,21
180.447473,31.373600,69.172439,42.264747,0.000000,37.636687,19
185.819209,39.486719,47.483313,49.361841,18.241835,31.245501,16
164.467908,34.613279,89.452730,12.304231,7.026925,21.070743,16
166.753735,35.006703,88.496259,16.593063,18.569745,8.087965,17
162.831555,41.113148,78.577916,31.296215,3.223569,8.620707,14
162.605049,42.997880,96.811575,11.844276,2.083222,8.868096,15
154.210922,55.629844,68.451102,16.887208,13.242768,0.000000,13
134.714813,64.641441,46.852820,18.292508,4.928044,0.000000,9
142.383075,61.996221,58.704111,5.113074,0.000000,16.569669,10
133.833532,62.542716,61.782912,0.000000,8.902049,0.605855,11
119.683825,54.645096,58.840685,0.605855,0.000000,5.592189,10
125.138420,51.397662,57.363318,5.592189,0.000000,10.785251,11
124.161457,45.912355,66.482735,0.000000,0.000000,11.766367,12
189.784090,47.026669,70.069648,23.365235,9.023922,40.298616,17
194.892512,58.704111,76.252181,5.294589,21.631527,33.010104,17
207.872096,50.891723,81.342180,30.095543,29.086784,16.455866,18
184.936387,63.755515,110.720201,0.000000,0.581587,9.879084,17
176.080540,52.409922,104.755481,7.765200,9.530339,1.619598,16
199.483856,72.824815,92.307392,1.921183,0.000000,32.430466,16
203.053277,75.297510,94.777371,0.000000,2.693038,30.285358,15
200.910319,77.169094,89.415849,0.000000,0.000000,34.325376,13
216.688658,103.475343,61.762144,14.904918,0.000000,36.546253,16
255.270144,104.755481,54.559043,28.120853,0.000000,67.834767,18
270.056418,105.342227,76.994609,0.407464,12.343198,74.968920,19
266.455542,99.461814,81.307173,17.732263,6.614242,61.340050,19
225.647131,81.539250,69.600053,10.426337,1.331428,62.750063,18
228.782719,84.978198,70.639186,20.802325,0.000000,52.363010,19
253.427653,92.648099,106.350613,10.717635,33.229762,10.481544,21
229.418401,91.311887,110.605880,1.059718,0.171051,26.269865,17
263.591123,88.706594,113.035126,25.886350,8.515473,27.447580,20
267.787628,79.288515,125.128624,14.742265,0.000000,48.628224,16
272.841411,78.024762,117.121730,17.810585,10.418104,49.466230,17
281.893265,71.529906,122.796140,45.063086,0.000000,42.504133,15
272.413238,65.819898,126.173590,43.809053,0.000000,36.610697,15
284.046940,79.482963,133.522640,23.289555,27.682885,20.068897,15
280.759325,70.913491,136.730450,46.416259,0.000000,26.699125,17
277.648687,71.754640,131.565721,47.751782,3.590385,22.986159,17
231.960129,45.141540,123.395094,37.686092,10.455108,15.282295,16
232.554162,54.323090,125.240347,33.569244,0.000000,19.421481,17
249.609605,55.821223,132.827406,35.091801,0.000000,25.869175,19
245.052915,35.426656,160.435421,11.009305,0.000000,38.181533,19
255.816116,39.033199,162.585077,4.971109,15.374252,33.852479,20
263.321030,35.505098,153.634141,18.852507,12.138561,43.190723,19
279.658554,55.057139,131.265848,49.418653,16.671223,27.245691,21
279.125881,54.406364,135.890869,64.731958,17.843017,6.253673,21
263.952514,54.829013,148.696607,52.734355,0.000000,7.692539,20
261.902107,57.049317,143.677288,58.701631,0.000000,2.473871,22
246.901476,46.037701,141.772523,54.049779,0.076181,4.965292,22
263.029576,42.605562,148.614591,62.500135,0.000000,9.309288,24
272.709743,56.999344,116.749605,79.007312,0.000000,19.953482,27
273.252650,47.052582,129.830965,67.723463,0.000000,28.645640,27
271.049463,37.686092,138.174190,66.008124,0.000000,29.181057,28
265.885607,54.949803,122.784588,50.276072,0.000000,37.875144,27
273.560372,50.499555,119.864393,44.234451,1.112000,57.849973,26
288.068125,60.960976,114.835088,41.865211,8.538793,61.868057,26
299.151777,67.737776,121.601471,57.524733,8.470741,43.817056,29
303.881014,77.546010,110.116229,72.177074,0.000000,44.041701,30
302.285121,69.596984,117.260103,72.286714,0.000000,43.141320,31
294.550355,68.658628,107.554468,82.141841,4.859669,31.335749,30
298.028268,74.341965,135.775307,52.287797,7.162983,28.460216,30
298.985530,82.624912,134.809524,46.563110,18.438557,16.549427,30
276.613640,84.382626,147.031375,35.623199,0.000000,9.576440,30
270.580872,80.580718,153.327210,31.123734,0.000000,5.549210,30
278.843781,81.354923,130.588159,31.025335,11.073184,24.802180,30
292.067671,81.473932,134.886686,19.226133,5.703675,50.777245,31
299.461545,77.119655,142.689281,22.243654,8.423035,48.985920,33
292.698174,80.404464,135.390590,25.018691,0.000000,51.884429,31
294.291564,81.188412,143.529409,15.902958,15.728821,37.941964,31
297.050077,101.798808,131.499593,25.758554,8.477518,29.515604,31
283.339810,85.161518,143.959119,33.798522,0.000000,20.420651,28
277.485829,72.263786,143.062178,30.269317,0.000000,31.890548,24
319.663422,79.915664,142.308029,47.169393,6.512954,43.757382,27
308.926171,85.003531,148.688159,24.925243,0.000000,50.309238,26
316.203963,62.695837,164.419013,13.386928,5.504960,70.197225,25
287.003232,15.164628,161.165077,12.418634,12.768150,85.486743,20
293.256609,23.245160,154.433742,27.126273,0.064285,88.387149,21
282.941179,0.000000,152.934087,30.650497,0.000000,99.356595,19
290.997176,0.000000,155.881893,28.101466,24.505039,82.508778,18
282.969118,15.902958,155.489815,29.000588,0.000000,82.575757,17
274.820779,8.622307,155.760648,43.843656,9.737154,56.857014,18
270.761753,14.586437,168.761582,33.215461,0.000000,54.198273,17
266.627910,25.594665,161.917042,31.268285,0.000000,47.847918,18
280.102409,18.104529,159.240691,32.139288,0.000000,70.617901,19
286.016100,40.204987,130.306291,32.881371,0.000000,82.623451,19
280.272595,15.613339,124.922509,42.783487,0.000000,96.953260,18
275.318412,7.271454,130.760094,49.986233,0.274696,87.025935,18
310.841583,9.522668,122.621863,55.206367,0.000000,123.490685,19
298.141455,0.000000,125.357552,55.996837,0.000000,116.787066,17
322.987087,0.000000,133.075661,52.410233,0.000000,137.501193,18
336.538783,3.083564,137.024320,51.552781,9.715055,135.163063,19
334.823078,0.000000,155.111907,44.510644,6.190857,129.009670,19
325.754195,6.451989,143.657801,61.617308,0.000000,114.027097,20
334.782055,4.321616,155.977494,57.045193,0.000000,117.437752,21
343.720185,7.310356,166.874806,40.848438,14.922393,113.764192,21
275.369828,0.000000,136.914379,28.626388,13.278206,96.550855,17
271.137408,0.000000,132.986732,55.506814,0.000000,82.643862,18
273.590608,0.625937,126.646451,59.188422,0.000000,87.129798,18
281.361778,13.460534,139.172825,37.870076,4.003065,86.855278,19
272.720475,18.431466,146.805052,26.394486,24.254625,56.834846,18
267.500168,14.994507,174.139796,12.727127,0.000000,65.638738,15
277.277829,18.230049,174.851909,6.532209,0.000000,77.663662,17
281.678077,20.876591,179.250078,3.077616,4.375562,74.098230,17
263.754231,46.716712,140.449946,0.000000,13.216338,63.371235,16
260.482368,41.232351,139.792934,7.629266,6.261717,65.566100,16
249.948846,35.213346,138.121118,6.680494,0.000000,69.933888,15
260.072369,33.302508,136.697974,1.050619,0.000000,89.021268,16
269.787845,44.266029,121.877155,1.192800,0.000000,102.451861,17
291.236633,40.665828,133.338938,12.927061,33.643623,70.661183,19
287.458703,40.818724,152.247733,10.325570,0.000000,84.066676,20
291.048305,43.511290,154.188216,13.198917,3.997672,76.152210,20
317.035245,43.011272,159.025864,22.979903,19.238050,72.780156,22
302.226925,40.255948,145.397932,43.139024,14.333558,59.100463,22
270.026727,53.571792,129.856761,26.951862,51.590562,8.055750,18
227.616660,46.345935,112.296401,38.093626,0.000000,30.880698,10
262.045175,46.991392,114.998109,53.263359,0.000000,46.792315,12
258.124837,35.914435,128.626467,53.621274,8.366640,31.596021,14
243.814297,17.196589,151.036511,59.829940,0.000000,15.751257,15
246.785939,13.071754,151.486857,63.920275,7.360968,10.946085,16
331.536913,18.792571,145.281565,72.984626,0.000000,94.478151,21
381.834618,27.404900,132.927235,102.011211,4.020935,115.470337,22
346.399142,0.000000,145.251972,81.462579,0.000000,119.684591,21
339.322983,1.887604,143.996364,76.633931,14.440199,102.364885,21
322.820014,3.940000,130.473886,114.791358,0.000000,73.614770,23
346.988773,2.706209,128.811687,131.500697,0.000000,83.970180,25
364.595821,18.767024,119.946738,123.652988,13.426104,88.802967,26
362.680440,8.055750,122.346667,136.345277,2.803750,93.128996,27
361.054915,13.192977,118.706988,143.119254,0.000000,86.035696,27
355.191750,8.557287,127.516304,135.024042,8.144566,75.949551,26
370.200911,18.673251,112.309474,129.485305,30.975956,78.756925,25
349.974040,0.670789,128.827816,135.781872,0.000000,84.693563,23
349.987195,6.000400,132.589910,134.889070,0.000000,76.507815,23
350.058884,8.036058,141.987485,122.779979,7.329812,69.925550,23
346.704598,10.254946,146.800956,123.195768,0.000000,66.452928,24
348.972669,6.404055,149.065727,129.665660,3.971192,59.866035,23
348.626902,24.666429,131.274127,135.822276,0.000000,56.864070,23
351.125650,18.818915,140.975611,136.853301,3.425945,51.051878,23
386.240436,25.993605,140.607790,148.764823,5.254844,65.619374,25
400.461525,13.660147,154.435884,141.543549,0.000000,90.821945,28
408.550177,5.583748,161.784945,139.289616,0.000000,101.891868,30
417.516956,3.630273,161.468310,143.058100,0.000000,109.360273,31
423.639794,6.880107,171.700780,131.621631,5.439735,107.997541,31
422.533919,21.841851,166.804695,124.823921,0.000000,109.063452,31
451.829776,9.425796,165.081108,125.970003,3.040897,148.311972,32
456.736565,9.214170,158.672938,133.805551,8.591691,146.452215,32
457.311031,1.169920,163.266153,142.467857,9.576864,140.830237,33
461.191445,51.783826,154.169273,115.375035,4.178301,135.685010,33
549.094533,52.976792,152.124373,136.934532,7.273000,199.785836,38
535.600270,54.160240,135.646193,146.892453,15.239117,183.662267,37
547.999776,57.827011,129.414605,192.253828,0.676038,167.828294,41
557.080590,76.277353,110.567593,195.133507,24.625416,150.476721,42
512.169764,58.915276,115.117223,191.080115,5.307329,141.749821,40
534.080548,99.070182,95.902574,181.586499,1.151327,156.369966,42
538.941700,85.383550,93.752011,199.660011,5.481933,154.664195,44
546.001161,66.235092,106.499126,195.334610,0.000000,177.932333,42
557.040749,61.672316,102.950889,200.080084,0.000000,192.337460,42
557.803123,55.007928,109.293847,195.070555,0.000000,198.430793,42
575.134246,47.390542,108.547591,216.849798,0.000000,202.346315,46
567.066393,30.106512,113.922720,237.487127,0.000000,185.550034,47
568.787320,28.463094,124.885097,226.040438,3.988670,185.410021,47
548.447839,11.445000,146.529751,209.581378,0.000000,180.891710,46
548.464844,10.991847,152.006531,212.369363,21.937961,151.159142,46
571.172189,21.200932,152.099966,220.570765,0.000000,177.300526,47
572.482407,22.667155,148.623441,221.315093,26.048003,153.828715,45
568.119841,36.504042,146.452215,225.039420,5.000500,155.123664,43
567.549299,48.935603,151.966307,204.978041,0.000000,161.669348,43
569.851118,44.691802,167.792802,181.528901,0.000000,175.837613,41
583.341966,49.167555,161.000241,186.543134,0.000000,186.631036,43
580.508916,44.243805,166.268452,199.764910,7.529506,162.702243,43
583.342779,55.576346,164.293204,203.123476,17.451988,142.897765,44
567.723903,52.581831,153.837163,214.605745,0.000000,146.699164,43
582.919001,61.748348,146.389651,216.815565,8.219993,149.745444,44
568.950891,36.547814,151.438384,219.289721,3.129522,158.545450,43
556.755261,32.888458,168.032342,193.601304,5.389682,156.843475,42
543.023147,19.736821,168.504332,188.373623,0.000000,166.408371,41
555.036848,6.645405,166.108686,194.003854,2.286983,185.991920,41
581.762184,24.121221,159.817843,187.383612,0.000000,210.439508,43
582.763245,34.300978,150.476721,187.893110,0.195785,209.896651,43
568.153592,17.228259,157.801553,172.982929,0.000000,220.140851,43
576.677281,18.734734,152.030432,189.773002,9.919363,206.219750,45
584.527266,29.005140,142.883332,197.634002,0.000000,215.004792,45
575.625969,12.019356,153.719875,185.138499,0.000000,224.748239,44
584.841881,12.453094,155.145628,185.472484,13.202852,218.567823,44
576.322285,3.127220,151.362973,189.631736,8.565284,223.635072,42
588.263854,22.689243,142.439701,194.158592,7.065511,221.910807,42
553.730817,15.844918,118.755273,200.076089,0.000000,219.054537,36
542.964761,1.541025,124.743754,195.378689,11.693225,209.608068,36
521.480537,0.390571,130.286423,183.861062,0.000000,206.942481,34
509.709819,0.000000,133.635250,166.822378,0.000000,209.252191,35
511.743183,7.689590,130.770713,164.799828,0.000000,208.483052,35
512.876800,9.369265,119.018007,175.363348,0.000000,209.126180,35
503.362856,9.893414,108.455733,171.330769,0.000000,213.682940,36
508.480690,17.264179,100.399983,173.631264,9.718338,207.466926,36
528.622417,16.845116,106.589545,173.147135,0.000000,232.040621,36
527.496877,12.433280,109.790490,175.249257,9.512163,220.511687,36
525.045061,8.177960,109.776269,184.328635,12.518907,210.243290,35
538.666191,6.516185,107.690198,200.338626,6.980694,217.140488,37
533.842973,10.917774,97.057602,206.769484,0.000000,219.098113,38
524.607140,8.110706,98.866259,197.522990,29.498387,190.608798,38
504.553102,2.358237,89.627522,226.224492,0.000000,186.342851,37
499.502712,0.000000,92.620013,237.445594,10.930457,158.506648,36
493.212813,0.000000,94.186169,241.004473,8.155525,149.866646,34
496.504475,0.000000,115.472224,224.650386,12.464931,143.916934,34
502.100128,8.163739,106.491598,230.894829,10.865456,145.684506,32
510.587961,29.882847,89.428113,247.566342,2.174695,141.535964,33
482.058758,13.202852,80.614122,246.329292,0.000000,141.912492,30
469.227632,0.000000,78.927660,250.219205,0.000000,140.080767,31
466.243494,0.721931,75.722464,249.277232,7.286434,133.235433,31
442.637172,9.447915,70.106083,237.666579,11.495405,113.921190,30
449.394659,11.693225,83.169477,234.379109,9.222473,110.930375,30
435.780316,8.434307,73.358648,235.025596,14.661433,104.300332,28
425.136704,3.539108,80.116257,238.664387,5.318940,97.498012,28
429.761243,3.134745,76.271091,248.493866,0.000000,101.861541,27
430.041144,0.000000,101.269010,226.503842,0.000000,102.268292,27
430.985931,8.720486,139.178343,185.216835,0.000000,97.870267,27
435.052961,18.963312,144.579401,172.759307,29.430890,69.320051,27
416.081240,10.257927,155.832584,172.613835,6.238018,71.138876,26
413.145403,28.215014,140.440408,180.218451,0.000000,64.271530,26
409.837570,30.512033,153.836457,169.638871,11.286457,44.563752,26
403.164698,43.219808,133.974731,178.032809,0.000000,47.937350,25
397.534388,43.240999,121.457954,183.195816,4.886998,44.752621,26
379.685011,60.756929,90.372694,188.381408,0.000000,40.173980,26
373.859640,48.319893,89.358460,186.197778,28.923450,21.060059,25
383.583601,75.986267,68.561439,196.196551,0.000000,42.839344,27
388.986100,76.822750,70.304317,195.687182,0.000000,46.171851,27
389.173704,68.520889,68.201291,199.586527,0.000000,52.864997,27
392.091993,69.704405,65.389253,200.142540,1.812542,55.043253,27
397.798228,74.548783,63.213317,197.452870,0.000000,62.583258,28
392.998051,74.925667,64.818789,187.371239,7.443534,58.438822,28
394.527675,97.077345,61.973207,177.062688,23.535659,34.878776,28
374.336890,105.437995,60.624814,161.876440,0.000000,46.397641,25
362.705737,105.615294,40.843745,182.306808,4.159877,29.780013,25
352.413925,85.027206,46.902957,176.920748,0.000000,43.563014,25
358.795670,93.420823,54.847381,165.598555,1.400860,43.528051,25
375.971762,86.758232,62.964813,160.564882,0.000000,65.683835,27
402.970804,94.587001,54.848941,172.850608,6.817678,73.866576,29
393.105369,90.575084,50.002592,189.831313,27.901078,34.795302,29
354.750147,60.035941,63.597939,186.001923,11.019596,34.094748,28
329.954162,51.835952,67.768067,173.127418,9.798848,27.423877,26
322.798727,44.563752,73.917174,179.807396,9.558868,14.951537,27
337.153427,47.937350,73.862715,191.995699,0.000000,23.357663,28
342.230405,49.373880,72.307220,187.984643,6.190857,26.373805,28
334.345353,49.926098,82.258587,178.361383,0.000000,23.799285,29
353.688590,63.753810,75.300975,192.984800,0.000000,21.649005,32
404.096915,58.228101,73.982005,200.345635,12.887310,58.653864,34
389.615627,62.264672,62.173540,203.773454,0.000000,61.403961,34
401.167153,65.246565,64.569004,212.269214,0.000000,59.082370,35
406.084219,61.565432,56.492096,243.187018,7.019427,37.820246,35
381.120589,55.307239,47.723891,257.414314,0.000000,20.675145,32
414.623573,58.438822,59.575399,248.035919,0.000000,48.573433,33
412.063866,56.946531,90.133905,212.529449,3.616457,48.837524,33
412.850780,43.108953,102.297574,221.193159,15.967859,30.283235,36
378.678674,29.626744,91.741830,234.816177,0.000000,22.493923,35
400.077283,59.574399,76.883625,225.987628,0.000000,37.631631,36
404.817254,58.377282,75.203982,236.930717,3.672131,30.633142,36
404.982894,59.460902,72.541058,256.797300,0.000000,16.183634,36
390.077163,45.106710,75.134379,256.145167,0.000000,13.690907,36
391.959060,66.900253,61.878188,254.332399,0.000000,8.848220,36
372.989846,45.681320,66.218346,257.079433,0.425200,3.585547,36
361.070673,41.839796,92.077210,226.298715,0.854952,0.000000,38
395.006455,54.641353,91.864613,233.450052,0.000000,15.050437,41
425.236046,60.117160,107.644003,218.239894,7.244370,31.990619,43
436.889742,65.214298,111.469578,211.448861,0.000000,48.757005,44
433.367416,63.224565,109.678554,209.716335,0.000000,50.747962,44
436.289188,82.093373,89.137270,213.895374,0.000000,51.163171,44
459.055161,111.091254,60.836471,216.759809,2.894828,67.472799,44
433.659778,104.557077,47.574310,206.578030,16.566339,58.384022,41
384.313511,105.729327,31.053389,189.138510,0.000000,58.392285,36
368.705628,95.410578,24.525416,192.962538,13.523577,42.283519,36
368.975582,97.922062,35.075427,207.752239,0.722758,27.503096,38
351.749469,81.372477,51.400613,192.458051,0.000000,26.518328,38
377.214847,61.841074,52.028527,210.493346,6.711377,46.140523,37
386.833573,60.027068,46.894790,212.750731,0.000000,67.160984,39
405.436038,52.452998,51.201240,233.534705,6.925922,61.321173,41
458.645806,73.076422,36.165150,246.919962,0.000000,102.484272,41
472.536392,73.500622,44.650565,251.587093,1.899545,100.898567,42
436.582784,51.201240,46.946829,243.762432,0.000000,94.672283,40
432.484931,47.639904,48.469004,257.282746,0.000000,79.093277,40
451.629372,53.923985,38.461340,254.461252,7.370055,97.412740,42
442.349192,73.636926,27.219955,241.082294,0.000000,100.410017,39
438.778818,52.012553,48.738706,232.313166,14.177423,91.536970,38
442.893391,55.185750,51.163171,250.633064,0.000000,85.911406,39
467.916859,58.798792,54.818612,242.444824,0.000000,111.854631,40
463.134972,49.424952,59.543903,246.079738,5.239139,102.847240,40
453.689494,40.809412,68.067858,241.190639,0.000000,103.621585,39
442.542046,33.049518,89.562962,220.047526,0.921624,98.960416,38
447.746685,35.615767,86.472299,222.234130,0.000000,103.424489,37
435.615214,26.591775,85.714002,227.563017,15.268126,80.478294,37
421.268107,38.252273,90.597985,211.791903,0.000000,80.625946,38
410.459819,21.351995,86.335088,220.119515,0.000000,82.653221,36
447.626940,19.068577,86.806010,250.967569,0.000000,90.784784,39
445.883402,14.958852,104.260194,229.907512,0.000000,96.756844,40
450.328393,16.524804,97.581765,234.514548,8.046968,93.660308,40
440.265904,20.936473,83.662309,236.609132,12.811774,86.246216,40
458.137334,26.518328,85.600680,238.903600,0.000000,107.114726,41
456.938354,30.413190,86.672874,232.004905,3.430736,104.416649,41
442.140770,17.487985,85.713132,236.846661,17.978453,84.114539,37
411.048524,6.628888,75.919797,237.546550,0.000000,90.953289,36
419.921458,0.432523,86.041914,228.409880,0.000000,105.037141,36
428.981050,6.850964,74.643549,234.095991,4.347070,109.043476,35
422.839975,18.975846,92.407555,209.793655,5.739557,95.923362,36
405.932903,6.177853,87.985677,228.808172,8.566810,74.394391,36
424.577979,5.968477,104.782795,222.010528,0.000000,91.816179,36
450.465848,0.463916,107.108856,257.435441,11.819000,73.638635,36
422.083679,0.000000,99.015262,248.471275,0.000000,74.597142,35
459.427384,0.000000,97.410397,288.218645,9.849008,63.949334,40
444.821549,0.000000,104.100003,282.033312,0.000000,58.688234,39
438.171426,9.708721,96.337931,281.279560,4.925881,45.919333,38
430.856244,6.181554,86.795513,285.356870,0.000000,52.522307,37
435.163014,19.374018,72.461054,286.499511,13.053898,43.774533,37
451.913754,18.072298,70.995880,294.310369,0.000000,68.535207,38
451.357020,12.322988,59.065346,296.259681,10.073452,73.635553,37
437.743065,0.000000,77.707705,287.389032,0.000000,72.646328,36
431.953655,0.000000,73.567920,290.545067,0.000000,67.840668,36
424.437348,10.644518,57.039999,288.337735,0.000000,68.415096,35
406.381383,0.135215,52.131928,280.031862,16.261949,57.820429,34
412.673632,0.391454,68.040465,294.413657,8.190657,41.637399,34
409.615562,0.000000,95.849839,271.049427,0.000000,42.716296,33
417.506925,0.511784,86.575481,264.287150,0.000000,66.132510,33
442.325586,18.570846,75.405776,264.176281,9.525081,74.647602,34
412.999456,0.000000,83.378057,245.924753,0.000000,83.696646,30
402.440282,3.197531,69.981632,242.472398,0.000000,86.788721,29
408.309993,9.454600,69.845282,241.666361,8.598271,78.745479,29
394.385030,0.000000,57.454988,249.857601,0.000000,87.072441,29
404.543792,16.113252,44.288748,241.825565,49.138429,53.177798,29
298.685549,20.130583,24.175273,225.162999,0.000000,29.216694,22
297.907807,19.236098,18.042326,240.298804,1.499108,18.831471,23
313.996181,27.033130,3.681501,248.704115,0.000000,34.577435,24
313.467069,21.723827,6.417025,247.233832,0.000000,38.092385,25
379.290210,18.252416,8.264325,248.228931,0.000000,104.544538,26
390.046751,22.647740,10.488324,242.732046,0.000000,114.178641,26
406.155471,8.264325,17.405821,237.551090,0.000000,142.934235,24
407.456407,15.024107,35.148249,218.427844,8.461692,130.394515,24
405.822229,8.131626,35.207280,228.163856,15.320408,118.999059,23
399.847993,17.739656,36.121673,234.920765,0.000000,111.065899,23
402.389742,18.388567,25.076190,243.479981,10.061534,105.383470,23
422.050367,20.698041,17.374589,276.390813,7.992239,99.594685,24
416.713314,10.464224,43.501344,250.416454,0.000000,112.331292,22
430.090909,0.000000,61.509492,241.846033,0.000000,126.735384,23
432.753957,0.000000,65.273529,242.530486,0.000000,124.949942,24
436.032422,14.938903,59.149463,238.741271,0.000000,123.202785,24
414.225107,0.000000,58.491972,244.792538,8.963143,101.977454,23
406.601226,0.000000,84.322565,221.885960,0.000000,100.392701,22
412.004362,2.537074,92.786983,207.161263,8.881691,100.637351,23
398.123663,16.120579,75.704216,208.341423,0.000000,97.957445,24
414.670539,14.201180,90.951527,215.244906,24.013334,70.259592,27
434.085866,10.439606,149.273162,195.498795,3.726118,75.148185,30
415.720073,5.545000,153.158798,185.843072,3.397162,67.776041,30
409.058711,0.000000,154.004740,189.314683,1.705375,64.033913,31
402.567871,0.000000,159.094102,178.761486,6.717026,57.995257,30
413.617006,0.000000,153.593289,194.353391,0.000000,65.670326,32
441.440673,0.000000,158.502923,192.300058,4.612869,86.024823,34
466.943969,14.206166,149.662215,194.513269,1.592578,106.969741,34
464.287155,24.277430,144.209470,192.188862,4.710277,98.901116,34
464.483504,44.260337,134.319467,183.561356,23.178994,79.163350,34
439.954976,92.852122,90.982029,178.149977,0.000000,77.970848,31
438.380968,77.753174,101.066265,171.175533,0.000000,88.385996,31
435.717544,75.878706,99.594685,168.012821,0.000000,92.231332,32
473.180307,75.181073,96.393480,188.983560,0.797061,111.825133,35
449.200291,60.446058,113.723574,164.461834,0.000000,110.568825,34
444.403351,60.910428,124.932644,155.245241,0.000000,103.315038,35
449.330974,61.963144,122.671211,163.012812,0.000000,101.683807,36
451.486126,62.581618,126.733065,162.350476,2.289928,97.531039,37
457.826641,76.323747,111.224417,166.428403,0.000000,103.850074,38
475.039733,71.476229,102.120739,186.241870,3.614084,111.586811,42
472.728328,54.543205,118.947390,175.857012,5.152512,118.228209,40
453.250871,69.194863,85.415576,185.401677,0.000000,113.238755,38
444.717148,75.551205,80.466881,181.030591,0.000000,107.668471,39
475.863487,74.892042,82.389039,181.415252,0.323548,136.843606,39
461.458035,72.349121,74.280074,190.416545,12.872864,111.539431,38
440.635553,74.359281,76.902607,178.471454,0.000000,110.902211,38
454.916339,88.962832,68.700314,182.678453,0.000000,114.574740,40
455.746758,95.704914,62.763517,177.694108,10.029676,109.554543,40
431.315686,74.227928,65.376932,182.350926,0.000000,109.359900,37
422.507231,64.712283,70.315219,204.627024,0.000000,82.852705,38
409.416416,70.965094,62.556102,199.081156,0.000000,76.814064,38
409.653966,99.134206,38.561344,200.323520,8.479117,63.155779,38
402.637475,97.958854,28.681005,211.477639,1.008857,63.511120,35
440.732385,96.228520,28.619001,219.435362,0.000000,96.449502,38
430.263988,87.667406,28.682009,216.398746,4.628987,92.886840,37
434.079811,95.502850,38.958663,202.060656,9.762856,87.794786,37
421.365870,88.407998,48.965261,193.907366,2.575993,87.509252,38
415.167466,109.027484,35.834744,184.164691,7.376390,78.764157,37
402.505797,95.327243,53.548948,181.959951,4.509220,67.160435,36
402.686534,99.680056,58.552729,180.403298,0.000000,64.050451,36
414.317288,102.554555,50.299141,184.816938,0.000000,76.646654,36
414.463161,137.585250,20.250793,201.982777,1.418769,53.225572,37
416.944080,140.108414,26.998397,189.118334,0.000000,60.718935,37
411.943062,136.924264,29.490999,187.480895,16.987367,41.059537,37
407.099978,142.388566,52.994814,166.318101,27.708522,17.689975,36
388.709264,130.848471,54.623079,185.444026,2.497164,15.296524,35
390.788359,154.624790,49.699031,169.693588,0.000000,16.770950,35
385.362213,142.937928,30.566313,172.022175,8.865362,30.970435,34
368.984929,126.262670,52.748583,165.284551,0.000000,24.689125,33
356.522653,130.626379,63.511120,138.312100,16.693726,7.379328,32
299.682392,80.310026,90.627841,121.576734,0.000000,7.167791,28
316.687463,73.656507,87.689208,127.004590,7.808890,20.528268,29
278.404290,66.938367,100.178904,82.104034,17.767127,11.415858,25
278.917970,68.811160,82.372159,102.057541,0.000000,25.677110,23
264.378502,68.465953,76.873786,91.939752,0.000000,27.099011,23
265.352644,79.548695,73.397547,90.544551,0.000000,21.861851,23
267.232154,86.140547,67.634081,91.241128,0.000000,22.216398,24
236.832462,54.341283,66.642445,90.567257,0.000000,25.281477,22
231.637097,46.359903,75.550077,81.382888,0.000000,28.344229,22
225.641397,53.701407,67.875327,73.262146,5.333800,25.468717,23
231.126617,53.225572,67.467194,82.504766,17.086666,10.842419,24
227.032909,66.278614,51.547499,81.883999,0.000000,27.322797,23
254.318202,72.045596,48.480058,86.026847,0.000000,47.765701,23
267.461980,71.177161,55.255838,97.863159,8.707116,34.458706,25
256.874419,58.274443,63.725674,88.692407,0.000000,46.181895,26
250.947278,56.576737,72.367496,77.435553,8.679378,35.888114,25
261.820911,55.120713,80.689000,103.306652,4.468639,18.235907,26
259.344640,61.413062,77.577743,101.474568,18.879267,0.000000,24
231.217908,67.046583,87.175740,76.995585,0.000000,0.000000,23
230.420443,81.223801,61.593396,83.966246,3.637000,0.000000,23
221.153149,70.418861,75.016900,70.459561,0.000000,5.257827,23
220.558790,75.184428,88.872859,53.788910,0.000000,2.712593,23
224.024709,70.540362,89.720386,55.763761,0.000000,8.000200,25
244.832074,75.763399,86.391963,71.788148,5.072435,5.816129,27
272.070550,60.499570,105.106157,79.431762,0.000000,27.033061,28
280.601081,58.125314,99.032983,80.568699,12.977284,29.896801,25
269.324398,70.889328,75.717388,94.331069,0.000000,28.386613,25
264.453644,70.488619,70.947313,92.502294,15.860338,14.655080,25
253.275567,75.847539,50.314011,110.969297,0.000000,16.144720,24
243.085485,74.272964,46.410996,105.325812,17.075713,0.000000,24
241.297569,67.220634,48.602704,120.074107,3.767966,1.632158,24
234.295391,65.018357,40.362901,123.483213,0.000000,5.430920,25
225.218795,57.121559,40.670080,120.606754,0.000000,6.820402,25
226.083721,46.410996,39.483799,122.661290,0.000000,17.527636,25
225.263325,39.954093,31.751867,133.155374,0.000000,20.401991,25
229.983006,50.994514,34.054715,115.192259,4.015197,25.726321,24
192.631934,21.066748,40.924262,100.299750,0.000000,30.341174,20
191.958331,7.996115,47.648022,98.743005,6.113463,31.457726,20
200.734859,5.826812,57.529165,93.493830,6.888066,36.996986,19
197.157085,23.311460,38.362787,99.374221,0.000000,36.108617,18
175.787428,15.860338,32.039455,90.824834,3.022118,34.040683,17
167.587910,0.000000,30.578947,91.080167,15.719768,30.209028,16
167.374249,4.594826,23.424552,94.511616,1.314000,43.529255,15
164.741615,3.767966,22.781026,88.144071,0.831106,49.217446,15
167.960439,5.430920,33.780388,69.916635,0.000000,58.832496,14
167.232510,8.309348,33.073449,67.948596,9.437926,48.463191,14
172.840628,10.205679,32.980614,94.679632,8.421035,26.553668,15
172.877679,10.127162,52.821586,81.507532,23.993284,4.428115,14
167.201003,30.341174,37.062801,91.083299,1.191357,7.522372,13
179.207773,47.861929,14.153262,98.965922,9.407354,8.819306,13
169.725466,44.890114,33.253786,84.769902,5.000500,1.811164,13
185.947396,34.871789,49.217446,91.894504,0.000000,9.963657,13
186.279618,34.688020,57.901117,71.962351,8.337193,13.390937,14
152.068892,0.000000,57.881840,63.787828,0.000000,30.399224,10
135.998554,8.374999,40.099542,52.460804,0.000000,35.063209,11
150.430172,7.867560,55.459142,34.789644,0.000000,52.313826,11
155.661749,0.000000,57.067713,39.634220,0.000000,58.959816,12
176.177119,12.911679,58.252286,55.088508,13.096094,36.828552,15
162.546797,26.940389,33.883025,64.300632,21.267108,16.155643,14
123.149275,47.371054,5.015104,52.642278,18.120839,0.000000,11
77.162915,19.001252,14.464083,43.697580,0.000000,0.000000,4
58.132507,0.000000,13.301730,44.019048,0.000000,0.811729,4
70.559559,0.000000,23.755974,28.296846,10.685698,7.821041,4
79.621219,5.676108,17.850714,43.603885,0.000000,12.490512,6
77.864294,3.015023,13.140620,38.629753,15.411067,7.667831,7
100.062357,6.466734,21.303955,48.094807,0.000000,24.196861,8
115.593382,11.127948,28.682746,35.112991,4.167250,36.502447,9
117.483251,10.176007,26.920510,45.371158,16.346437,18.669139,11
107.923934,11.614232,24.778652,55.056221,0.000000,16.474829,11
97.859721,0.000000,29.620046,53.687514,10.393719,4.158442,9
164.686198,0.000000,30.893744,70.626754,3.286386,59.879314,13
158.605334,10.708398,23.287704,66.811787,7.312193,50.485252,13
146.630502,22.953919,8.338621,64.262434,0.874820,50.200708,11
141.818712,21.997759,7.845376,73.694092,0.000000,38.281485,11
179.611877,26.232560,0.000000,78.528368,0.000000,74.850949,13
171.926894,16.502329,0.000000,78.170955,0.000000,77.253610,13
163.071859,2.238924,0.000000,78.408274,11.557663,70.866998,12
161.239172,0.000000,18.609977,76.003748,0.000000,66.625447,13
166.920398,0.000000,20.987694,74.513054,7.271265,64.148385,13
153.011531,8.289145,6.428928,75.037313,0.000000,63.256145,11
146.464784,7.312193,6.040496,75.138131,0.000000,57.973964,11
141.450281,6.040496,0.874820,76.949228,8.644854,48.940883,12
145.602855,13.714915,10.006717,74.850949,8.217059,38.813215,13
171.808097,18.188435,0.000000,66.625447,6.589895,80.404320,9
173.406317,17.720774,25.389363,38.926430,0.000000,91.369750,10
181.397880,22.266911,40.173623,20.098031,0.000000,98.859315,10
176.611120,9.027746,38.284326,23.917334,0.000000,105.381714,9
185.827988,6.182502,36.380342,28.776700,0.000000,114.488444,10
188.067951,21.623353,21.251473,33.739287,0.488479,110.965359,10
188.228045,7.180553,20.866166,44.572925,0.000000,115.608401,10
189.497756,15.864353,20.098031,44.744249,19.665992,89.125131,10
173.106576,13.177401,48.807343,20.478062,0.000000,90.643770,9
188.933412,26.775191,55.329574,0.000000,9.492291,97.336356,9
186.575190,34.932826,40.264717,0.000000,9.787255,101.590392,5
190.212807,38.697179,47.550353,0.000000,0.000000,103.965275,6
223.939357,55.329574,31.932960,5.170385,0.000000,131.506438,7
221.448151,56.161444,29.219037,0.000000,0.000000,136.067670,8
228.124426,49.707583,36.484274,11.903626,0.000000,130.028943,10
229.204782,50.051972,48.144610,0.000000,0.000000,131.008200,11
201.140912,43.137068,23.053158,0.000000,14.532638,120.418048,10
24.764756,0.000000,2.620930,0.000000,8.822340,13.321486,1
59.731707,8.822340,10.171722,15.356874,0.000000,25.380771,4
46.277970,0.000000,16.963625,7.441555,13.617647,8.255143,4
29.175628,0.000000,13.617647,7.143143,4.755668,3.659170,1
47.941643,0.000000,13.125495,16.791606,16.799174,1.225368,4
51.270729,17.079652,10.769263,0.000000,1.694738,21.727076,2
44.197902,14.602872,0.000000,0.757897,0.000000,28.837133,3
52.054937,17.990581,0.000000,0.000000,3.934472,30.129884,4
51.988956,14.641814,0.000000,0.000000,0.000000,37.347142,3
58.867711,4.188494,7.196582,2.810243,0.000000,44.672392,2
78.353013,12.519094,0.000000,6.342648,6.896743,52.594528,2
71.946817,3.693963,10.682023,9.847241,0.000000,47.723590,2
97.683780,4.196289,26.587313,0.000000,0.000000,66.900178,4
90.802772,0.565046,13.541471,20.435653,0.000000,56.260602,5
98.996930,8.695783,32.226752,6.236009,0.000000,51.838386,5
108.003921,6.667000,33.456447,0.000000,21.931043,45.949431,4
97.450818,9.334858,28.437417,3.704334,10.937431,45.036778,2
80.670310,4.452613,14.641765,8.759204,0.000000,52.816728,3
82.961336,15.769096,12.227617,5.338675,0.000000,49.625948,4
85.930475,14.641765,17.068582,11.608868,2.468590,40.142670,5
89.688516,18.824435,20.790446,16.359328,6.756523,26.957784,5
88.145795,12.227617,25.499864,24.346161,0.000000,26.072153,6
83.389431,22.386836,20.647261,14.901229,0.000000,25.454105,5
106.368277,19.577759,39.981044,0.000000,7.462375,39.347099,5
110.061846,34.724719,26.957784,8.897000,0.000000,39.482343,7
171.189001,50.073635,8.897000,30.450099,6.847162,74.921105,10
170.392608,38.262915,8.848942,51.132099,4.003370,68.145282,12
168.600922,26.072153,14.256672,76.227330,2.570188,49.474579,13
164.015617,30.616047,16.193427,67.277039,22.533381,27.395723,12
95.957718,4.003370,35.202209,27.118037,25.300787,4.333315,4
60.393412,5.824594,14.776082,25.448127,0.000000,14.344609,3
47.485975,0.000000,7.520782,25.456960,3.486657,11.021576,4
55.241010,4.146419,15.728522,26.604114,5.568015,3.193940,5
34.510897,5.134551,9.210058,14.783195,2.304140,3.078953,4
45.086554,6.513862,5.568015,18.516582,2.534080,11.954015,4
45.813633,5.568015,3.193940,21.748953,0.000000,15.302725,5
53.204221,0.889800,12.955591,15.975465,0.000000,23.383365,7
60.350260,0.000000,5.131908,16.597128,12.958603,25.662621,6
115.052778,15.302725,34.084595,0.000000,4.536629,61.128829,7
134.873616,19.916861,41.143069,0.000000,0.000000,73.813686,7
135.095793,16.301006,45.164866,0.000000,8.831429,64.798492,7
121.263603,33.168183,35.413848,5.217869,0.000000,47.463703,6
119.926463,33.637507,32.656831,20.497112,0.000000,33.135013,8
164.981563,37.447928,26.503832,41.300229,11.045659,48.683915,12
130.936871,12.895202,25.234480,39.093748,0.000000,53.713441,8
136.117621,13.991619,40.340273,25.238181,0.000000,56.547548,9
124.494768,0.000000,37.734523,26.305072,0.000000,60.455173,8
131.200177,26.966591,6.168422,26.311263,17.016685,54.737216,10
113.144611,24.278225,7.241504,20.158964,0.000000,61.465918,6
117.059609,26.311263,14.946927,7.571292,0.000000,68.230127,7
127.540982,32.631845,5.501534,15.580062,0.000000,73.827541,8
127.154949,27.400468,17.939317,4.977877,12.164358,64.672929,8
131.170900,28.502231,37.636193,0.000000,3.651429,61.381047,8
182.441373,28.209845,53.415037,18.341908,0.000000,82.474583,9
186.555056,23.151354,61.868509,25.989453,11.377568,64.168172,11
185.952818,26.059473,85.188547,24.819280,0.000000,49.885518,12
199.588476,44.416232,72.758615,25.363843,0.000000,57.049786,13
207.234936,48.466327,71.639332,30.618231,21.749353,34.761693,12
220.359347,35.507830,83.263118,34.151358,11.584618,55.852423,13
187.332269,37.994259,72.759378,26.292527,2.728000,47.558105,11
171.585470,29.041438,90.460699,4.645580,0.000000,47.437753,10
154.409916,17.436990,89.046857,4.384123,0.000000,43.541946,10
171.619542,24.819280,93.249929,9.475361,9.347537,34.727435,13
171.776725,26.505625,109.908582,2.530867,0.000000,32.831651,14
176.016130,28.324547,102.029321,10.392936,2.285544,32.983782,16
132.426864,5.741166,82.762698,16.254649,12.830611,14.837740,14
127.470922,3.478913,88.242512,22.897569,5.780928,7.071000,12
99.560456,5.351222,93.458309,0.000000,0.000000,0.750925,10
108.797851,4.158479,90.050755,13.535091,1.053526,0.000000,10
105.803836,0.000000,90.825790,10.310846,0.000000,4.667200,9
94.722245,12.190164,71.095443,11.436638,0.000000,0.000000,9
105.278303,4.766296,81.246952,5.301179,0.000000,13.963876,9
122.619049,20.641487,61.890594,18.468242,0.000000,21.618726,10
125.251722,25.709171,68.802436,22.370579,3.856036,4.513500,11
123.104169,12.634738,89.977907,3.120989,1.677948,15.692587,11
120.149057,16.706486,84.514013,6.885129,0.000000,12.043429,12
158.426201,14.837740,113.092249,6.667000,0.000000,23.829212,15
145.320057,7.446063,112.313186,14.657368,0.000000,10.903440,15
148.392748,7.821925,118.655063,16.736410,1.731596,3.447754,16
186.492625,6.579290,126.872673,20.887453,12.915665,19.237544,16
174.514429,12.467842,144.611516,7.059118,0.000000,10.375953,16
162.047587,6.000400,148.223955,0.000000,0.000000,7.823232,15
163.458773,16.370179,139.677008,0.000000,0.000000,7.411586,15
202.054936,0.000000,143.232558,11.987094,32.190491,14.644793,19
231.915483,1.677948,164.839077,31.023411,4.868722,29.506325,20
231.231094,27.098972,147.234594,29.465571,0.000000,27.431957,20
230.611290,24.958514,149.671668,33.499894,14.293560,8.187654,20
236.845777,36.379911,136.314864,51.913726,2.766818,9.470458,21
217.695330,10.903440,134.080708,66.887433,2.638773,3.184976,20
203.818925,0.000000,145.369423,46.188468,0.000000,12.261034,19
205.144897,0.000000,137.624211,48.280226,0.000000,19.240460,19
211.603902,12.178426,125.922770,52.026078,2.387289,19.089339,21
218.554016,25.146143,111.379342,57.263595,0.000000,24.764936,21
257.618304,24.847657,109.262767,85.105184,0.000000,38.402696,24
248.006465,22.424880,111.543163,81.803941,19.644070,12.590411,24
266.059994,32.190491,101.053470,88.672646,35.326264,8.817123,22
233.335126,1.300564,164.437179,59.027686,8.569697,0.000000,23
248.888723,0.001000,168.418649,63.866875,0.000000,16.602199,22
225.793202,4.558008,141.020642,79.907906,0.000000,0.306646,21
234.600175,6.414872,139.574222,80.034071,0.000000,8.577010,22
235.689313,13.392650,131.696534,80.914486,7.695595,1.990048,23
230.777187,7.663024,156.526240,62.878780,0.000000,3.709143,24
242.542385,5.420836,162.734016,57.850954,0.000000,16.536579,25
247.046212,14.766469,152.766032,60.872311,1.947614,16.693786,25
246.796486,25.037046,153.839072,64.396183,0.000000,3.524185,26
241.713428,17.229464,172.054058,46.520406,5.909500,0.000000,26
233.127913,22.425436,171.877770,36.835775,0.000000,1.988932,26
241.789478,22.518459,188.129018,29.198549,1.943452,0.000000,27
255.220627,40.764232,168.541866,34.451513,11.463016,0.000000,26
210.612818,6.869233,174.222333,29.521252,0.000000,0.000000,21
226.538535,11.276738,176.684114,26.388979,3.597314,8.591390,22
203.280350,8.782793,172.649487,20.454804,1.393266,0.000000,22
197.308582,1.132054,170.377050,21.423916,4.375562,0.000000,19
219.495118,7.605561,167.208520,25.196397,16.212939,3.271701,20
200.457690,8.736969,156.474702,27.694152,7.551867,0.000000,21
208.335231,8.569697,193.220843,1.288542,0.000000,5.256149,21
228.713722,15.623488,187.868946,1.213000,0.000000,24.008288,23
226.606509,7.515400,181.566546,15.805861,8.202427,13.516275,22
216.227990,5.094617,197.585889,8.367510,5.148765,0.031209,23
249.874732,0.000000,205.071984,22.586269,0.000000,22.216479,23
255.164168,8.999792,191.566523,27.439705,2.199575,24.958573,24
251.212482,16.693786,195.910372,9.235418,0.000000,29.372906,23
294.565718,10.919655,199.040218,31.954293,10.124629,42.526923,25
266.152182,16.172619,192.399555,15.879080,4.486148,37.214780,22
253.477082,13.295499,193.035667,7.616946,0.000000,39.528970,22
267.508555,20.454804,193.424668,0.000000,0.000000,53.629083,23
266.172383,18.019001,199.957017,0.000000,0.000000,48.196365,23
251.635465,9.173743,199.011987,0.000000,9.091000,34.358735,23
250.177241,8.209512,204.269037,0.785013,0.000000,36.913679,23
266.968990,9.012659,216.632942,8.400457,0.000000,32.922932,24
252.587150,0.000000,191.140100,10.643705,0.000000,50.803345,24
244.284267,4.043149,182.790918,3.992537,0.000000,53.457663,24
241.428440,10.760665,176.022790,2.626587,0.000000,52.018398,24
238.750929,0.000000,183.310851,9.404900,0.000000,46.035178,23
274.510291,0.000000,184.513324,46.035178,0.000000,43.961789,28
261.115124,0.000000,183.525063,41.926241,3.864703,31.799117,28
251.667377,37.191558,144.079655,35.556948,8.980407,25.858809,27
217.602801,30.834451,125.659214,41.161903,8.830494,11.116739,22
220.875794,28.799490,135.027032,43.653577,13.395695,0.000000,23
239.731466,9.091000,119.989331,89.726806,20.924329,0.000000,21
249.820648,0.000000,127.292147,116.999104,0.000000,5.529397,22
243.482214,0.000000,123.732349,108.290718,0.000000,11.459147,23
236.560137,0.861448,113.069232,113.698007,3.273766,5.657684,22
269.767988,10.566933,132.502890,93.812161,8.772140,24.113864,20
306.333548,5.465180,110.667020,142.759396,7.332606,40.109346,23
312.704530,5.552393,114.723806,151.806809,7.129743,33.491779,23
308.073361,3.365443,112.869744,157.203537,0.000000,34.634637,24
339.768395,0.000000,112.602881,164.186115,0.000000,62.979399,24
380.663564,0.000000,119.465496,184.955890,6.154231,70.087947,27
407.309428,0.000000,143.821232,165.016508,0.000000,98.471688,28
402.038914,0.000000,141.427251,163.608871,9.447170,87.555622,29
410.699314,0.000000,152.569928,157.869219,1.250875,99.009292,29
405.869420,7.989757,167.144728,131.547579,0.577865,98.609491,30
389.382437,0.000000,167.248689,137.278612,0.000000,84.855136,30
384.144468,0.000000,167.344352,133.328690,0.000000,83.471426,30
387.275938,0.000000,170.194483,136.834940,4.040596,76.205919,31
368.638304,0.000000,173.015165,123.984257,8.186097,63.452785,30
351.661805,6.610713,174.250836,102.111144,13.685600,55.003512,30
359.235741,0.000000,181.987491,106.183322,0.000000,71.064928,29
364.380364,2.656984,181.979896,104.260767,0.000000,75.482717,30
377.876684,0.000000,180.230071,107.908361,10.437774,79.300478,29
373.200973,8.764753,160.583186,122.376108,8.714002,72.762924,29
360.210778,0.000000,172.664358,105.526796,8.934889,73.084735,29
408.464533,31.446743,163.160236,98.111017,9.881810,105.864727,30
395.544784,24.664846,151.971090,103.789321,0.000000,115.119527,28
401.853056,42.444150,137.205595,104.336676,8.990821,108.875814,28
401.339968,43.799803,135.509806,108.026164,0.000000,114.004195,28
385.432658,17.480762,149.225153,86.720235,0.000000,132.006508,25
404.970485,26.696856,142.568830,124.356145,2.581387,108.767267,29
429.755324,26.353626,163.198093,108.437558,0.000000,131.766047,29
437.653068,5.073411,162.183294,123.770820,0.000000,146.625543,28
499.267731,14.247135,164.245474,178.838487,12.174780,129.761855,34
498.831896,21.285573,167.997991,165.950120,0.000000,143.598212,34
512.341758,28.146074,178.572626,152.086367,9.941866,143.594825,34
513.670622,24.132146,207.720810,141.628656,0.000000,140.189010,35
523.251820,18.423802,211.747788,132.853134,11.272659,148.954437,35
510.987744,16.256851,213.235338,129.309563,12.945437,139.240555,35
521.782633,8.658185,213.756848,162.670216,0.000000,136.697384,38
530.578257,15.298888,212.056423,163.038305,13.104426,127.080215,38
514.409397,0.000000,210.077775,170.843821,0.000000,133.487801,36
512.013661,0.000000,206.585089,189.830322,0.000000,115.598250,38
526.673105,8.714002,195.097164,198.267870,3.343523,121.250546,39
542.882822,0.000000,193.656668,216.170233,9.500050,123.555871,40
526.893876,2.807737,191.325266,210.927905,32.733001,89.099967,39
517.916280,25.706460,206.527574,190.509537,0.000000,95.172709,39
556.647182,23.258825,219.219849,201.081178,5.803991,107.283339,42
558.339484,21.677575,227.978448,211.974422,6.365030,90.344009,43
560.412295,51.593221,186.342843,225.620501,0.000000,96.855730,43
563.081816,48.931299,190.446652,227.807099,0.000000,95.896766,43
566.890472,52.475399,189.498006,222.472524,24.296690,78.147853,43
549.411943,46.721765,208.594486,212.794574,0.000000,81.301118,43
560.078365,40.423277,214.812680,222.858740,20.703367,61.280301,45
596.838764,50.302471,197.883538,256.098556,0.209708,92.344491,45
576.687362,28.260808,199.483997,248.052252,8.951928,91.938377,44
570.815722,75.180945,176.656380,207.443595,6.963267,104.571535,42
556.165017,63.011586,187.325219,202.051706,17.288918,86.487588,42
517.559321,36.083323,187.428356,205.262099,0.000000,88.785543,38
521.218351,37.807138,182.820681,207.613131,2.794588,90.182813,38
521.369522,38.093686,206.939949,193.236527,0.000000,83.099360,39
514.047126,39.034163,196.224027,189.963557,1.411647,87.413732,39
534.232121,41.653771,189.196011,193.071168,0.000000,110.311171,40
535.798123,44.541141,220.499888,156.767646,20.875286,93.114162,41
546.733587,58.472957,224.263253,152.279600,0.000000,111.717777,40
522.876805,37.327655,225.733196,147.918439,0.000000,111.897515,39
507.838905,16.141391,244.379492,133.837226,21.830673,91.650123,36
502.850078,32.171143,234.589047,133.062910,13.031496,89.995482,35
505.131359,29.005832,227.545415,142.289253,9.729757,96.561102,34
503.564592,6.822479,243.478562,146.871791,5.906730,100.485030,36
493.909063,23.085138,224.675487,140.934443,0.000000,105.213995,36
492.439801,22.268679,224.140569,152.944138,12.345561,80.740854,36
483.295131,52.306110,206.420003,142.812133,0.000000,81.756885,35
516.736726,53.315983,203.762093,179.536298,2.217275,77.905077,37
514.141401,61.255128,193.945965,175.179724,14.845705,68.914879,37
500.126156,45.190761,231.816771,137.927552,1.689034,83.502038,34
493.372354,44.051023,243.826961,107.841435,0.000000,97.652935,35
499.124934,78.575098,212.549731,124.494973,13.578044,69.927088,37
507.703001,83.670302,210.021570,144.192634,8.400160,61.418335,37
485.069930,69.563648,215.241944,140.361293,0.000000,59.903045,35
475.026101,86.051988,201.640715,127.608618,6.726846,52.997934,36
481.737864,84.680317,209.716858,129.640528,0.000000,57.700161,36
474.793358,73.397916,218.917731,123.409304,0.000000,59.068407,36
467.782236,76.472611,224.635733,112.735920,13.038344,40.899628,36
458.290619,51.722426,249.936705,87.116760,3.846770,65.667958,35
451.802128,49.993506,261.481121,77.499486,18.274334,44.553681,35
433.869632,39.814714,287.367824,59.970115,3.118194,43.598785,33
446.381923,67.017772,267.310637,65.326341,14.728459,31.998714,33
425.639292,47.599018,280.562879,62.828015,0.000000,34.649380,32
420.302153,49.431477,283.070115,56.069003,0.000000,31.731558,32
425.247379,64.102849,257.008296,62.406881,9.665772,32.063581,32
413.465631,53.894390,257.318239,84.666029,0.000000,17.586973,34
445.396880,55.897048,268.284389,98.807018,4.158367,18.250058,38
423.118652,42.220577,267.008347,94.516498,0.000000,19.373230,38
441.269802,43.402881,262.831831,90.381147,0.000000,44.653943,39
443.676825,28.851155,267.114035,82.158840,0.000000,65.552795,38
479.794361,27.100581,277.647291,85.657223,7.471517,81.917749,39
452.812164,20.847944,277.267039,77.114728,7.437043,70.145410,38
477.266110,26.427272,280.318945,111.884463,25.235365,33.400065,42
495.232040,25.628777,275.907019,134.634025,0.000000,59.062219,43
513.193846,11.222714,280.339966,132.290477,0.373891,88.966798,44
491.946221,0.000000,297.647643,105.234703,0.000000,89.063875,44
500.025088,8.356034,283.502066,105.471715,0.000000,102.695273,45
495.623012,12.471206,289.695586,89.791011,8.917076,94.748133,45
494.362286,36.870418,274.512555,96.244303,0.000000,86.735010,46
457.966102,9.926207,286.123042,86.452173,0.000000,75.464680,44
457.313342,8.400160,283.556251,90.347747,23.177731,51.831453,44
428.521286,0.000000,289.507678,86.804861,18.615389,33.593358,41
444.965077,6.094649,274.994617,103.369320,8.619127,51.887364,41
418.120194,0.000000,278.507647,81.306202,0.513333,57.793012,38
428.164406,11.175359,298.532710,42.558006,0.000000,75.898331,39
422.945353,5.697521,300.371252,43.572812,0.000000,73.303768,38
449.469905,8.455541,300.845616,43.278842,38.392652,58.497254,40
443.320736,4.496801,306.809852,58.306345,12.902059,60.805679,40
444.236132,24.076847,272.526621,76.287540,0.000000,71.345124,37
461.038459,29.391631,276.873493,67.946507,13.136575,73.690253,38
437.568109,24.082869,277.709644,70.335505,9.548738,55.891353,37
473.805760,30.485554,274.273452,96.199955,2.323602,70.523197,38
488.479265,32.182723,288.554408,78.714377,0.698917,88.328840,37
492.802055,34.860728,284.715291,73.690253,0.000000,99.535783,36
489.489704,28.418402,287.974693,75.910834,0.000000,97.185775,35
480.070533,18.598556,280.288178,80.109536,11.024290,90.049973,35
493.453829,12.820206,303.114884,69.939011,0.000000,107.579728,36
493.325363,16.367572,296.349160,80.780238,8.556695,91.271698,37
465.365459,16.082449,285.283719,73.268690,9.993109,80.737492,37
494.298785,30.411959,289.185800,69.188222,0.000000,105.512804,38
518.980496,33.322060,291.337619,80.772666,9.495849,104.052302,38
520.882509,49.421176,283.502389,89.860692,0.000000,98.098252,39
528.102304,56.596929,295.972470,72.745986,8.653333,94.133586,39
525.971210,54.317207,295.212632,88.490982,0.000000,87.950389,38
517.541691,45.987117,288.528187,91.271698,6.178392,85.576297,38
552.173742,52.187301,291.470626,91.634059,0.000000,116.881756,40
564.895566,79.041278,264.777923,96.331374,0.000000,124.744991,41
561.976036,84.738127,254.309118,104.081883,0.000000,118.846908,42
553.699065,75.745788,251.912284,117.375468,0.000000,108.665525,42
544.603933,76.750473,246.640394,113.294512,9.322319,98.596235,43
522.707916,57.632285,244.486040,122.580014,28.039851,69.969726,43
518.054734,57.793012,250.223541,132.069096,25.268058,52.701027,42
460.954142,24.450834,304.619919,92.539067,3.673199,35.671123,38
443.566134,18.782525,312.289306,78.219571,0.000000,34.274732,37
474.667946,32.222073,294.484504,86.578867,11.161281,50.221221,39
465.977215,42.715483,281.753113,84.894749,4.466628,52.147242,39
418.440876,3.172186,302.810837,66.358256,2.131934,43.967663,36
410.962430,0.000000,293.120592,67.314846,0.000000,50.526992,33
421.615380,0.000000,298.049314,73.835761,0.000000,49.730305,34
418.175113,1.542199,294.990173,72.596302,0.000000,49.046439,35
416.844864,11.924878,286.011206,79.235126,0.000000,39.673654,35
443.714833,8.637777,296.124665,89.444196,2.917375,46.590820,37
455.236980,20.096839,272.387764,92.895443,2.583523,67.273411,36
459.985669,24.641632,275.585940,85.773251,0.000000,73.984846,36
447.130791,16.648369,268.797087,92.864183,1.414740,67.406412,37
440.479020,9.993109,277.173639,94.578897,0.000000,58.733375,37
448.321037,7.133882,306.922622,74.577818,15.636102,44.050613,39
416.304932,9.495849,303.938123,68.033268,0.000000,34.837692,35
420.649269,2.532128,296.093416,72.221709,2.635725,47.166291,35
451.433568,8.653333,292.440583,76.780319,0.000000,73.559333,35
457.528464,8.427765,286.596341,79.331779,1.578731,81.593848,37
442.118839,4.662471,276.603725,71.249484,28.261800,61.341359,36
431.618234,45.507861,249.394016,81.293534,9.012445,46.410378,33
419.472953,22.086658,258.860030,92.289796,11.271797,34.964672,32
414.468826,9.496699,268.163931,104.428788,0.000000,32.379408,32
453.963782,23.270972,265.750853,94.813644,3.933191,66.195122,33
444.733993,18.417509,257.355643,101.224171,9.154674,58.581996,35
462.164737,39.317183,236.717898,107.268138,50.730902,28.130616,36
415.423058,28.591918,264.753022,94.739074,7.622615,19.716429,34
419.726187,33.135529,261.284455,105.429633,12.627530,7.249040,34
428.684759,30.756041,253.637838,126.308251,13.828199,4.154430,34
428.498652,44.004384,247.937801,125.056863,11.499604,0.000000,34
410.556729,24.293518,259.954428,117.071514,9.237269,0.000000,32
402.021639,19.878223,255.454577,126.688839,0.000000,0.000000,31
402.655374,22.610248,253.784401,122.239509,4.021216,0.000000,32
407.294767,5.000500,262.477173,118.001212,3.916365,17.899517,30
417.851719,2.583523,274.063888,120.357496,5.289360,15.557452,30
422.791721,3.555007,277.597780,125.324080,0.000000,16.314854,31
438.598143,9.222866,278.589450,127.243930,0.000000,23.541897,31
437.989626,24.386946,265.838364,129.011404,16.018372,2.734540,31
426.649059,18.940243,277.066029,117.596408,7.122059,5.924320,30
439.124449,21.689762,283.308573,126.875647,0.000000,7.250467,31
433.702170,13.689078,285.968990,119.708137,5.180708,9.155257,31
452.304567,17.559409,280.433947,136.163916,1.943251,16.204044,32
447.989643,1.188530,281.094630,140.589568,0.000000,25.116915,30
496.132083,8.833769,277.061381,156.932347,0.000000,53.304586,31
493.666313,17.991278,271.450387,147.088926,0.000000,57.135722,32
510.119675,12.545092,276.507975,146.064486,12.538585,62.463537,34
493.714754,27.455798,291.053964,119.057406,2.090041,54.057545,34
523.124640,46.236469,256.556094,154.284655,9.062938,56.984484,38
497.856353,32.184158,255.817115,150.289658,0.000000,59.565422,36
491.058669,17.052150,263.787790,143.017733,1.003610,66.197386,36
510.548222,15.613466,272.781675,134.937135,6.917602,80.298344,37
514.842902,19.171838,283.299746,169.797269,0.000000,42.574049,39
511.468731,19.025306,301.966535,158.882556,0.000000,31.594334,39
545.863951,22.838328,296.977417,173.483730,0.000000,52.564476,40
539.697396,9.999327,320.934554,156.285257,0.450393,52.027865,42
535.443822,0.000000,323.131719,147.170370,3.222487,61.919246,43
537.399359,3.865348,327.512408,150.089115,0.000000,55.932488,44
582.644764,23.345173,326.738525,149.890883,0.000000,82.670183,48
576.790335,33.886667,309.171030,163.564718,0.000000,70.167920,49
565.491568,26.965469,321.194281,146.931488,12.141163,58.259167,50
580.604071,22.518206,335.201100,150.469828,9.171680,63.243257,52
583.002174,17.982629,349.632282,141.092671,11.975027,62.319565,52
576.634546,15.654034,367.014394,124.527213,0.000000,69.438905,53
582.356481,20.056907,370.598017,118.413620,0.000000,73.287937,53
575.458644,8.920586,383.951823,105.043241,0.000000,77.542994,54
569.455277,15.167322,371.606572,105.904959,0.000000,76.776424,54
563.563228,35.731469,342.543982,102.590090,0.000000,82.697687,54
580.393967,63.619267,321.002714,97.503501,0.000000,98.268485,54
534.190444,23.610207,320.606222,98.104890,0.000000,91.869125,51
516.001029,40.793705,284.145920,100.782856,0.000000,90.278548,50
519.514283,31.405905,289.649574,105.140561,0.000000,93.318243,51
530.954107,29.464554,288.384819,110.015707,9.053593,94.035434,53
506.061525,12.149970,293.682473,105.004081,21.938703,73.286298,51
505.818210,7.321697,311.758448,76.775424,0.000000,109.962641,48
514.839670,4.051956,310.576963,82.697687,0.000000,117.513064,48
524.265430,8.112010,321.189457,71.379377,11.086314,112.498272,48
537.514964,62.463537,276.953485,54.654791,0.000000,143.443151,47
528.855020,45.030899,299.445324,39.082509,8.515998,136.780290,47
521.724355,29.113763,318.443673,34.219865,0.000000,139.947054,47
535.548551,31.389580,311.430568,54.459887,33.158025,105.110491,48
493.284259,34.793679,280.782260,60.243697,4.489000,112.975623,42
478.430854,30.983489,274.011206,51.602245,11.318938,110.514976,42
500.554001,16.175877,272.612261,54.804443,0.000000,156.961420,40
507.833260,27.639879,265.680988,50.171779,5.897015,158.443599,40
545.900075,13.413251,273.250142,47.299505,0.000000,211.937177,38
546.796954,4.030902,279.998252,45.608162,0.000000,217.159638,39
540.586340,0.000000,281.930019,43.302190,0.000000,215.354131,38
541.940309,0.000000,282.186964,39.180180,0.000000,220.573165,39
546.056882,0.000000,282.747078,35.335147,26.799350,201.175307,41
556.713836,42.736710,249.668445,59.693083,0.000000,204.615598,42
567.508203,27.978399,253.702233,74.534409,0.000000,211.293162,43
554.369886,10.036780,255.552443,78.259862,4.500550,206.020251,43
569.986509,12.566020,258.283750,78.647580,23.621611,196.867548,43
569.061847,59.743356,234.930728,76.901914,0.524508,196.961341,40
567.474299,73.904953,239.135087,60.439654,0.000000,193.994605,41
574.337003,73.454957,239.346978,62.387695,0.000000,199.147373,41
557.210977,61.840324,245.416843,66.493316,0.000000,183.460494,39
583.894086,72.038974,250.081022,75.378048,8.268427,178.127615,41
554.195508,46.238212,256.242573,80.639891,17.479815,153.595017,41
528.657598,21.492495,280.432240,68.250310,0.000000,158.482553,39
526.022284,19.036898,316.013874,31.402873,10.488263,149.080376,38
524.022225,18.561883,319.382090,28.350282,0.000000,157.727970,38
539.180395,19.431016,321.232104,37.250928,0.000000,161.266347,39
537.799170,19.198516,306.005779,45.754015,24.409202,142.431658,37
500.354682,0.000000,348.319810,1.457808,15.957854,134.619210,38
516.207611,13.399376,352.581249,6.912103,12.292715,131.022168,39
513.640947,4.396165,358.099468,22.955797,0.000000,128.189517,38
531.286797,0.000000,371.172143,13.335923,0.000000,146.778731,39
541.512820,10.407831,353.566718,18.345197,0.000000,159.193074,39
588.317707,5.171716,352.861204,68.861616,0.000000,161.423171,40
592.292263,0.000000,358.135088,82.855589,0.000000,151.301586,39
614.177625,0.000000,363.401099,90.718975,5.217928,154.839623,41
615.869040,8.950384,353.710624,95.473604,0.000000,157.734428,41
621.713273,15.455716,360.884102,83.025134,0.000000,162.348321,41
646.013472,15.023719,368.268332,89.472631,2.565961,170.682829,43
634.545159,4.364555,381.735477,88.917673,0.000000,159.527454,44
628.079882,0.000000,390.632872,82.440512,27.247629,127.758869,44
598.633669,13.397719,360.479782,103.889766,7.413088,113.453314,41
602.024373,8.608938,352.130690,126.350001,5.246377,109.688367,40
575.418854,0.000000,335.387737,131.734699,11.296179,97.000239,40
582.209717,0.000000,342.938668,135.372980,8.876274,95.021795,40
611.872317,2.402075,370.441123,112.923139,0.000000,126.105980,39
622.507191,8.719137,374.765539,103.833679,0.000000,135.188836,39
653.193799,0.000000,376.679545,114.932002,0.000000,161.582252,41
639.145371,14.447370,356.916987,106.418152,13.728922,147.633940,40
603.517448,10.393177,374.092806,72.869596,0.000000,146.161869,39
604.302381,9.244496,370.529905,70.121002,10.127622,144.279356,40
628.645886,22.986503,358.964229,101.833783,0.000000,144.861371,42
629.294470,37.249928,351.459905,101.316181,0.000000,139.268456,43
643.830720,51.669831,348.342856,102.589889,9.899676,131.328468,45
640.135038,58.622492,353.377856,93.520718,7.943468,126.670504,45
644.507291,95.782018,329.667873,86.057771,7.553228,125.446401,45
704.966709,89.060725,329.411664,136.319858,0.000000,150.174462,50
714.308339,79.221133,326.295792,135.592115,0.000000,173.199299,50
729.188123,77.675974,324.277825,148.814181,2.368294,176.051849,52
730.657271,69.034192,328.458876,150.478990,1.515325,181.169888,52
709.790323,45.492668,331.157414,154.362115,0.000000,178.778126,51
707.044338,46.318692,334.202954,154.650114,5.741491,166.131087,51
714.958452,35.548564,343.195044,156.543928,0.000000,179.670916,52
717.629326,31.507659,354.019699,140.286919,16.110831,175.704218,52
692.632736,38.241916,327.073857,141.893649,0.000000,185.423314,47
670.335018,32.195264,314.818906,144.864065,0.000000,178.456783,47
681.915060,29.688472,305.248362,156.383322,0.910000,189.684904,48
664.919622,14.318590,305.910957,158.288956,0.000000,186.401119,48
685.444216,37.810527,286.764410,176.691442,28.743181,155.434656,48
686.558250,39.991348,283.820410,202.035769,7.743224,152.967499,49
665.795763,31.405398,273.311889,206.018715,0.000000,155.059761,45
650.430185,19.578553,265.951425,208.378940,0.000000,156.521267,45
652.991542,21.339687,266.655391,210.668818,21.325168,133.002478,46
655.795330,18.802681,260.595931,221.326966,0.000000,155.069752,47
675.136909,10.249675,255.107673,230.610691,0.000000,179.168870,49
664.969441,17.856806,224.527980,234.804608,0.000000,187.780047,49
672.457433,15.963379,229.212134,233.786754,0.000000,193.495166,49
676.155499,13.543474,225.485155,234.328947,8.313894,194.484029,50
671.761808,9.531081,219.235996,240.744760,0.000000,202.249971,50
714.553273,0.000000,209.413687,243.828515,0.000000,261.311071,48
710.727546,0.000000,207.637410,240.024203,0.000000,263.065933,49
714.090518,0.000000,214.727992,242.495780,0.000000,256.866746,49
713.305949,0.000000,215.995733,249.905954,11.534976,235.869286,49
719.943562,0.000000,225.399479,260.682652,0.000000,233.861431,50
733.720441,9.175341,214.405768,266.156498,0.000000,243.982834,51
781.685733,0.000000,225.838406,257.106774,0.000000,298.740553,53
790.406743,0.000000,229.090662,253.901623,0.000000,307.414458,53
799.037500,0.000000,231.839175,249.448073,0.000000,317.750252,53
812.654671,6.694432,226.930498,260.155252,0.000000,318.874489,55
821.936290,11.582937,215.954561,289.307405,26.808587,278.282800,57
828.856395,19.163461,209.252874,306.053627,6.141690,288.244743,56
823.814776,28.493585,218.016606,295.148848,0.000000,282.155737,56
812.756867,16.617115,212.663730,305.054121,15.406196,263.015705,55
815.752460,13.117440,217.655690,325.359010,18.197147,241.423173,55
814.728206,14.573454,212.368853,362.053778,0.000000,225.732121,57
838.255339,16.926293,210.338243,359.681272,0.000000,251.309531,58
823.245742,4.319528,211.386525,360.252244,5.411549,241.875896,57
831.599216,9.885349,220.784789,351.091115,0.000000,249.837963,57
850.898277,9.000100,220.440460,367.403417,0.000000,254.054300,59
865.644356,2.324729,214.665678,366.928415,0.000000,281.725534,59
875.842850,6.761528,214.299741,364.993513,8.142830,281.645238,60
876.860567,23.549248,199.144341,378.035628,0.000000,276.131350,60
899.452539,23.187890,203.131040,378.104434,0.000000,295.029175,60
904.147839,21.206063,202.676095,387.673040,22.011176,270.581465,61
870.549797,24.029767,182.485224,390.470521,4.168435,269.395850,58
887.934585,29.355568,207.398721,368.149976,0.000000,283.030320,59
885.878012,23.260940,216.797508,385.923062,0.000000,259.896502,60
902.342255,33.900173,233.905100,358.528602,1.115871,274.892509,60
905.092286,26.259753,233.101164,368.448690,5.580037,271.702642,61
903.365060,21.780278,230.467838,379.389199,8.100415,263.627330,60
903.422438,0.000000,223.505234,397.598836,0.000000,282.318368,60
936.132157,0.000000,228.225640,411.815874,12.022543,284.068100,64
914.278097,7.165232,215.194844,400.660527,0.000000,291.257494,65
906.320994,0.000000,222.288975,398.803730,0.000000,285.228289,66
904.541755,0.000000,218.553122,403.509040,2.023412,280.456181,67
921.885452,7.878687,214.870706,398.428885,27.434943,273.272231,66
915.242228,32.092592,212.378746,401.759752,17.487440,251.523698,65
902.325981,77.847866,194.322169,372.996843,0.000000,257.159103,65
909.770975,89.243718,184.162967,379.729046,0.000000,256.635244,65
885.211335,60.884664,189.018581,384.434261,7.598196,243.275633,61
892.506123,56.001921,181.699540,401.411800,0.000000,253.392862,60
895.690754,57.032503,187.897775,417.860754,0.000000,232.899722,60
901.653777,40.258511,211.568077,396.568756,11.280565,241.977868,59
895.636509,31.739571,222.847413,392.202923,0.000000,248.846602,59
928.369228,31.752502,222.047706,433.276051,1.820606,239.472363,65
957.363704,38.719564,220.015478,427.362532,17.260814,254.005316,63
941.993667,42.722463,242.733232,400.312890,0.000000,256.225082,60
955.902187,50.264849,240.537386,401.836950,25.629177,237.633825,60
953.211151,77.712122,227.685189,403.744811,8.437129,235.631900,63
961.714869,81.249767,225.282090,410.994489,12.287145,231.901378,64
900.090527,60.810920,199.591839,407.791498,0.000000,231.896270,61
896.325868,66.205242,191.218113,405.610457,11.517098,221.774958,61
875.784132,46.828488,199.856729,411.180335,8.101152,209.817428,62
856.861903,51.076029,186.916384,412.768063,0.000000,206.101427,61
855.732750,48.573587,190.839750,407.943352,0.000000,208.376061,61
842.115289,34.620370,191.847382,413.698052,0.000000,201.949485,60
859.778493,42.254525,184.588745,422.983919,0.000000,209.951304,60
868.372495,48.114382,186.171466,430.467585,0.000000,203.619062,62
882.967938,50.033660,192.057330,432.949679,0.000000,207.927269,62
871.849430,52.583622,201.470678,411.186184,11.380613,195.228333,62
870.039408,52.675204,195.653854,425.287593,0.000000,196.422757,61
904.234238,39.320994,201.773361,430.210658,0.000000,232.929225,63
905.569668,41.918556,198.025664,434.145356,16.610640,214.869452,63
852.523983,33.065576,182.191454,420.276636,19.483543,197.506774,59
823.614466,29.750479,197.963530,389.297110,2.072222,204.531125,57
789.530581,8.203686,188.508341,387.553393,0.000000,205.265161,53
793.664695,21.374084,195.429365,372.037115,0.000000,204.824131,53
808.281020,34.439585,187.505439,364.334278,8.491771,213.509947,53
832.429599,41.777548,185.753255,388.609184,13.860642,202.428970,55
824.712359,15.555285,214.611247,379.310813,0.000000,215.235014,53
814.716273,20.496779,227.770533,350.994518,0.000000,215.454443,53
816.141834,32.360851,221.015240,347.759324,1.381230,213.625189,54
820.783870,40.134165,230.275351,339.716950,0.000000,210.657404,54
787.399787,23.262859,226.068712,325.343026,9.647911,203.077279,54
777.846221,19.878883,226.477279,331.425702,0.000000,200.064357,55
771.018575,22.773021,229.765474,332.509482,8.630274,177.340324,55
767.498734,31.585727,225.162992,332.596001,0.000000,178.154014,55
777.860157,42.803839,225.348503,322.861903,15.974976,170.870936,56
766.179333,30.243044,245.852254,321.108294,3.203882,165.771859,56
781.226425,27.736706,254.675963,312.937658,15.133753,170.742345,56
731.470019,3.572072,229.855008,320.369012,15.829923,161.844004,53
731.892777,15.440430,238.111289,307.706263,23.851206,146.783589,52
696.819665,0.000000,242.777912,311.137432,6.141865,136.762456,49
692.980730,6.571184,263.892629,290.243078,0.000000,132.273839,50
692.646336,22.532318,244.072056,287.922685,0.000000,138.119277,51
682.011811,20.216393,244.411280,277.013625,19.643011,120.727502,52
689.711963,30.953698,250.539971,284.498018,0.000000,123.720276,52
719.051558,34.154871,247.589255,301.342373,0.000000,135.965059,54
728.253457,31.590618,260.050289,304.227268,5.854203,126.531079,56
724.434211,38.530627,249.478566,307.476249,0.000000,128.948769,57
726.732046,35.195362,247.152698,329.000193,8.593891,106.789902,58
743.771705,46.885951,230.111690,334.820495,0.000000,131.953569,58
802.902685,56.329671,209.270741,353.745643,0.000000,183.556630,62
789.966824,50.665821,196.008528,370.119021,8.548532,164.624922,63
789.992306,54.980534,185.197719,386.413534,0.000000,163.400519,63
783.082246,49.880082,183.578249,393.050521,0.000000,156.573394,64
777.888784,42.149823,187.943687,388.723412,0.000000,159.071862,63
778.538946,50.551428,182.007224,397.015261,0.000000,148.965033,63
777.583591,34.161936,179.780697,406.991162,12.050617,144.599179,62
778.096512,30.857985,181.710704,418.709862,0.000000,146.817961,63
776.606189,19.752848,203.945329,399.905770,0.000000,153.002242,63
780.199853,14.178532,202.294180,395.236065,12.354566,156.136510,62
767.429332,38.431774,186.554138,388.155387,11.409534,142.878499,60
767.201672,38.226178,209.910093,363.482716,2.500750,153.081935,61
771.837424,61.986139,181.016831,381.012910,4.819796,143.001748,62
782.517893,61.238539,186.478965,378.505465,4.375563,151.919361,64
777.786633,64.141238,186.982087,375.986239,1.191092,149.485977,65
776.452562,61.769442,194.219172,374.953602,4.678750,140.831596,65
774.940872,72.433768,168.274233,377.706061,4.114703,152.412107,63
779.076416,75.195459,162.070633,372.873090,0.000000,168.937234,63
790.220384,67.341126,166.841940,378.435523,8.120123,169.481672,64
800.556298,68.650144,168.286733,399.864398,9.577507,154.177516,66
804.870523,74.404554,167.246626,405.963690,0.000000,157.255653,66
811.790034,78.982964,168.823149,399.356740,0.000000,164.627181,66
814.417177,84.547092,165.356424,397.958959,29.207020,137.347682,66
760.273812,68.816731,129.344922,407.995585,0.000000,154.116574,61
759.595327,62.724303,136.295647,401.616910,1.463118,157.495349,62
781.103338,70.771888,124.311344,403.729638,0.000000,182.290468,63
806.052615,75.944317,119.284856,427.557424,3.279584,179.986434,66
808.502773,74.613826,128.478106,431.280438,0.000000,174.130403,67
811.151526,58.123139,136.369313,438.886009,3.180464,174.592601,68
791.097604,63.096538,99.403355,461.038551,8.990167,158.568993,67
784.388170,61.819529,105.996971,452.883154,6.733132,156.955384,69
804.137972,70.396194,104.789240,462.697312,1.334200,164.921026,72
808.970190,64.922586,112.287049,454.796764,15.960154,161.003637,72
804.475219,65.578280,131.071788,440.044698,8.359539,159.420914,72
794.261118,55.750726,142.574915,436.865743,6.640961,152.428773,71
782.724887,55.644787,125.141882,464.967884,10.367019,126.603315,69
780.923385,72.853567,112.997878,464.549260,0.000000,130.522680,69
784.537744,74.245843,122.519604,460.053122,0.000000,127.719175,70
788.964300,66.309976,120.223327,465.498626,0.000000,136.932371,70
791.560331,68.710488,114.845077,476.359800,7.604878,124.040088,71
811.659971,69.864339,127.854021,496.350952,0.000000,117.590659,74
811.888276,88.343920,110.461056,504.882685,11.801456,96.399159,74
792.091172,98.922286,95.615888,506.084262,0.000000,91.468736,72
834.017055,107.065379,93.095360,498.153105,9.614434,126.088777,73
829.757529,99.570707,96.554292,507.337445,0.000000,126.295085,73
823.363411,96.332000,94.934561,505.521501,13.042708,113.532641,72
801.297017,95.962863,75.836253,512.343597,1.769418,115.384886,70
784.651100,90.668237,83.140636,509.419811,5.590503,95.831913,71
806.547378,89.776772,82.553026,528.223345,0.000000,105.994235,73
809.936370,93.091170,85.258662,530.096598,19.379764,82.110176,74
797.377793,84.539728,99.051837,532.810626,0.000000,80.975602,72
789.938825,79.337893,98.044129,531.063116,0.000000,81.493687,73
812.786577,86.072457,105.161041,538.953324,0.000000,82.599755,74
808.190962,84.469450,102.914384,535.220619,1.334200,84.252309,74
811.499619,78.412709,113.700894,532.447827,19.800553,67.137636,75
794.377535,65.147137,106.217648,550.052026,6.837923,66.122801,73
796.559786,60.681117,118.651913,554.408900,7.367932,55.449924,74
801.118950,69.610153,112.273322,558.590662,16.688902,43.955911,75
773.038800,94.494201,54.991776,568.028608,7.291937,48.232278,71
750.839375,72.519174,48.365559,593.816435,7.059914,29.078293,68
740.715070,72.039639,29.227447,600.751689,2.136968,36.559327,66
740.728102,65.695119,42.577541,582.180891,0.000000,50.274551,65
740.024364,66.364802,35.078692,578.760417,12.504934,47.315519,65
719.310136,47.414617,28.407801,594.991265,8.642763,39.853690,64
723.011090,65.941591,39.429179,572.221707,0.000000,45.418613,65
737.552536,64.947075,44.100712,578.141293,0.000000,50.363456,66
749.435050,66.015162,48.294316,574.471585,0.000000,60.653987,66
761.056454,66.313581,47.623780,574.413593,4.512744,68.192756,66
749.700676,57.104113,45.341563,585.981301,24.637672,36.636027,67
699.931921,34.188919,62.481095,561.969826,0.000000,41.292081,61
703.615760,26.674832,72.774862,553.728575,0.000000,50.437491,63
703.001094,24.532445,76.720872,552.309726,0.000000,49.438051,62
740.634626,32.570538,65.926610,593.799047,5.392430,42.946001,67
741.670006,33.204873,74.880624,599.228581,25.350031,9.005897,68
739.506080,26.661980,100.206677,598.375184,0.477900,13.784339,68
735.198060,30.905558,94.474289,590.730449,6.956826,12.130938,66
754.206175,46.555264,80.715665,600.378520,11.037456,15.519270,66
701.388656,24.081606,120.156336,542.449335,6.389250,8.312129,64
702.958718,43.803750,105.972070,542.559542,0.000000,10.623356,64
701.960950,28.034765,99.684410,543.646875,0.000000,30.594900,62
725.935660,29.300302,91.758463,545.895946,6.418268,52.562681,62
765.330472,22.452453,87.013806,586.373825,0.000000,69.490388,63
758.044023,30.142783,86.960699,578.127037,0.000000,62.813504,64
742.474470,16.994193,80.133780,579.548031,2.490378,63.308088,62
741.316420,21.195456,85.056941,560.400656,0.000000,74.663367,61
757.999422,15.745145,76.631198,566.584677,0.000000,99.038402,62
776.540811,21.205417,76.027992,568.304332,15.393079,95.609991,64
764.405103,4.607374,85.576430,579.208926,3.544913,91.467460,63
750.576316,10.776974,86.933669,566.862160,6.688331,79.315182,63
756.003924,14.104188,96.790351,566.876305,12.037851,66.195229,63
749.511890,0.000000,82.239589,607.243481,0.000000,60.028820,61
761.589964,19.208301,57.311757,607.371219,0.000000,77.698687,62
778.548647,6.584764,64.733396,603.191251,0.000000,104.039236,65
783.851920,35.448494,39.160972,599.238158,8.935960,101.068336,65
756.840697,10.440812,76.754953,576.978967,5.652608,87.013357,64
764.896000,16.018461,70.633015,607.380273,0.000000,70.864251,65
771.753077,18.282127,95.060422,585.120084,0.000000,73.290444,64
763.238911,13.343616,94.185396,582.777162,0.000000,72.932737,65
755.810528,23.184260,78.061050,581.019862,14.298402,59.246954,66
742.826039,15.125334,84.002374,584.610296,0.000000,59.088035,65
736.720411,22.861632,66.095614,584.046229,0.000000,63.716936,65
753.285199,15.623935,77.187774,579.784341,2.578705,78.110444,67
765.683425,12.908464,78.779504,577.183114,1.340467,95.471876,69
768.513853,29.316807,78.405275,570.522442,14.361372,75.907957,70
736.685905,13.087420,55.307709,582.734239,0.000000,85.556537,68
738.336540,20.908439,49.862466,582.527977,6.003510,79.034148,69
725.724563,8.642763,69.111209,552.557028,0.000000,95.413563,67
13.101324,0.000000,1.830605,0.000000,0.000000,11.270719,0
24.095627,0.000000,6.182200,0.000000,0.000000,17.913427,1
28.381753,0.000000,5.088519,0.000000,8.687631,14.605603,1
51.781796,0.000000,17.578519,5.714715,0.000000,28.488562,2
53.010667,4.137277,16.657386,0.000000,12.491177,19.724827,3
62.333365,4.753611,50.364286,0.000000,7.215468,0.000000,4
58.052635,13.894769,44.157866,0.000000,0.000000,0.000000,4
78.894804,0.000000,42.285815,17.398489,9.373528,9.836972,4
61.564748,6.187596,49.330731,0.000000,6.046421,0.000000,4
72.760267,4.873701,50.503451,17.383115,0.000000,0.000000,5
75.023602,0.000000,66.303434,8.485728,0.234440,0.000000,6
47.171974,23.429536,18.694624,0.000000,0.000000,5.047814,5
79.442657,14.807328,17.477529,17.423603,0.000000,29.734197,8
72.151113,14.985077,11.597583,18.898331,0.000000,26.670122,8
61.215640,0.000000,15.928270,13.682326,0.000000,31.605044,6
98.358165,0.000000,36.734359,13.586170,0.000000,48.037636,8
120.824805,0.000000,41.416302,8.885076,0.000000,70.523427,8
129.304433,7.049127,32.877775,22.021581,0.000000,67.355950,9
129.629047,9.947992,23.353121,23.057111,7.494048,65.776775,8
116.999424,3.135960,29.688102,15.213574,8.031567,60.930221,6
95.041508,0.000000,29.018959,7.079037,0.000000,58.943512,3
114.898030,0.000000,31.978033,13.074083,0.000000,69.845914,4
112.958992,0.000000,25.355795,10.112576,0.000000,77.490621,5
111.178354,0.000000,27.342463,7.891517,2.823298,73.121076,6
104.637269,0.000000,22.306185,8.599125,7.344016,66.387943,6
91.626566,13.713697,7.431681,0.000000,3.426583,67.054605,3
78.879956,7.344016,11.776356,0.000000,6.662477,53.097107,2
94.717370,0.000000,27.685558,13.080106,0.000000,53.951706,3
95.173351,8.262108,22.385786,14.026316,8.244450,42.254691,4
71.999605,6.388919,23.015793,0.000000,7.200280,35.394613,2
63.514634,0.000000,23.524886,7.157725,5.000500,27.831523,3
69.703893,3.298543,28.973919,15.849181,0.000000,21.582250,4
69.045173,8.989477,28.194498,9.432602,9.562928,12.865668,5
48.934547,0.625937,27.205586,7.778000,0.000000,13.325024,4
112.796831,7.639125,21.582250,2.639823,0.000000,80.935633,5
154.179046,5.680364,12.865668,27.754580,16.013457,91.864977,8
150.660409,0.000000,44.965910,19.556746,0.000000,86.137753,5
166.968562,6.530198,69.653055,9.877463,5.716377,75.191469,6
188.856184,7.952792,77.294103,12.912639,32.363548,58.333102,6
144.652576,8.175621,60.000176,22.616868,0.000000,53.859911,4
132.238830,0.000000,60.870027,22.473166,7.442116,41.453521,4
136.165068,12.912639,40.936443,29.306509,0.000000,53.009477,6
131.549896,2.956386,42.634969,30.140770,5.268330,50.549441,6
142.447854,9.876981,40.026879,22.754776,0.000000,69.789218,7
142.397506,13.841517,33.426948,29.208314,0.000000,65.920727,8
162.867173,8.572895,40.064012,18.778042,2.976893,92.475331,9
141.028949,0.000000,44.614552,4.281085,0.000000,92.133312,7
137.794566,0.000000,40.295317,5.573198,0.000000,91.926051,7
147.842246,10.757503,32.443612,23.052859,0.000000,81.588272,7
138.602833,9.329873,41.219568,7.500327,14.797570,65.755495,7
128.227169,8.092372,45.976924,20.237301,0.000000,53.920572,6
134.685076,20.497039,36.867117,20.819548,0.000000,56.501372,7
122.543305,8.297467,29.546162,21.708256,0.000000,62.991420,5
139.295306,0.000000,28.875067,23.085072,6.773656,80.561511,7
153.409758,26.321770,8.713101,21.780569,9.504455,87.089863,7
139.218490,20.819548,1.865220,29.838804,8.858790,77.836128,7
131.204052,13.844708,35.168545,0.000000,3.939154,78.251645,7
126.530495,12.426407,41.431796,4.107287,5.025930,63.539075,7
118.202816,9.504455,62.486078,0.000000,24.603785,21.608498,6
110.621903,1.596439,69.361634,5.631505,0.000000,34.032325,6
128.204655,0.000000,71.053985,7.197660,0.000000,49.953010,7
184.815528,0.000000,94.821371,9.296774,18.612301,62.085082,10
177.999164,0.000000,100.628007,13.844345,21.099914,42.426898,10
154.212113,13.588932,83.882089,3.175286,2.570673,50.995133,9
158.201145,26.299042,80.205251,0.000000,0.000000,51.696852,10
173.903164,21.608498,82.126592,22.573897,0.000000,47.594177,13
192.294072,23.489001,85.015114,23.896862,23.398177,36.494918,14
183.358344,9.274000,78.333599,52.330839,19.446172,23.973734,12
184.212806,0.000000,82.347050,58.548946,4.785468,38.531342,13
164.204832,8.784038,78.669885,54.724241,13.400796,8.625872,13
149.019220,18.302091,59.219598,67.887169,0.000000,3.610362,12
146.395109,22.573897,53.293281,63.275979,2.170595,5.081357,12
152.194975,0.000000,53.553939,69.304831,0.000000,29.336205,11
151.405786,7.568144,48.900447,65.738324,0.000000,29.198871,11
145.171041,9.497899,50.271509,58.777511,0.000000,26.624122,11
178.660664,27.674752,35.659662,73.252643,0.000000,42.073607,13
176.224066,23.222197,37.616178,68.352313,0.000000,47.033378,14
202.308080,11.225955,49.119010,61.427899,7.959388,72.575828,16
210.452163,11.304335,56.820702,61.910058,0.000000,80.417068,16
220.049593,14.276315,54.309458,57.864005,0.000000,93.599815,17
207.370757,10.868961,43.829807,60.750855,0.000000,91.921134,16
219.860180,9.004885,46.172604,67.646568,0.000000,97.036123,18
221.384644,5.673042,42.537603,67.175046,5.306592,100.692361,17
200.120016,0.000000,35.478682,54.370079,0.000000,110.271255,17
223.246249,0.000000,36.588157,107.105139,7.381214,72.171739,20
236.347139,7.818504,38.491658,114.813329,0.000000,75.223648,21
229.138179,2.673339,41.741886,114.908467,0.000000,69.814487,20
243.240664,21.376477,34.532987,118.499344,0.000000,68.831856,20
228.476368,5.149055,34.660093,116.720886,0.000000,71.946334,18
227.626187,18.866624,20.950817,123.325108,0.000000,64.483638,18
237.804966,15.902869,29.954647,118.154072,0.000000,73.793378,18
230.560793,25.367306,14.560931,123.409617,0.000000,67.222939,19
234.513271,34.004670,6.312250,118.326315,9.148233,66.721803,19
226.064278,26.149342,17.786093,116.662753,8.315958,57.150132,17
225.446925,29.196702,18.011820,117.461149,0.000000,60.777254,17
226.047305,31.435044,16.543461,122.277232,0.000000,55.791568,18
223.682595,34.677700,13.764807,121.081710,14.847233,39.311145,19
196.632506,39.149581,55.271198,66.507724,0.000000,35.704003,17
216.845608,48.256206,43.734768,75.870036,5.718585,43.266013,18
222.697534,43.213242,65.472949,55.790568,0.000000,58.220775,19
223.875840,37.047193,68.831856,54.158378,3.968858,59.869555,20
197.116020,18.428056,84.633458,37.303476,0.000000,56.751030,17
205.252966,13.964008,90.103223,38.627440,4.638573,57.919722,17
189.431115,0.000000,92.211469,49.030782,11.050563,37.138301,15
215.382568,0.000000,84.923806,58.221775,8.558520,63.678467,16
210.645412,0.000000,76.544290,61.581093,0.000000,72.520029,16
226.777381,5.389478,82.313859,69.600844,4.301088,65.172112,17
238.290534,12.200752,81.935590,67.174028,0.000000,76.980164,17
240.349626,7.421818,86.573163,64.576481,0.000000,81.778164,17
233.466510,6.612181,82.053910,68.567376,3.217088,73.015955,17
225.090218,0.000000,94.137955,72.690070,19.690242,38.571951,18
253.801508,0.000000,94.858343,103.517919,0.000000,55.425246,19
227.160487,0.000000,68.491833,108.645407,41.689629,8.333618,17
227.280847,0.000000,106.292177,115.437551,1.051850,4.499269,18
229.339784,8.910061,107.879825,104.413146,2.108957,6.027795,19
239.009955,3.280672,112.819389,106.523091,0.000000,16.386803,19
237.682997,11.681122,110.229267,106.822396,0.000000,8.950212,20
211.961546,11.051563,99.953742,98.609953,2.346288,0.000000,19
209.232391,0.000000,127.648735,81.583656,0.000000,0.000000,18
214.426429,11.801338,111.189792,82.043346,9.391953,0.000000,19
230.193483,16.759667,86.661795,121.263550,5.508471,0.000000,18
260.480040,16.550692,87.488261,143.835914,4.514530,8.090643,21
274.542484,21.224703,85.280588,160.847563,7.189630,0.000000,22
327.463238,37.368860,60.940093,173.463387,2.275514,53.415384,23
327.276433,51.791252,47.972715,183.412224,22.046151,22.054091,25
321.423563,55.128706,42.303385,203.912809,8.904731,11.173932,26
314.018567,53.581860,61.424418,180.010971,0.000000,19.001318,26
337.572020,41.689629,67.409674,190.499970,18.670224,19.302523,26
341.390976,43.473446,79.181882,198.423681,20.311967,0.000000,27
331.767132,25.061637,92.481478,195.959705,16.950312,1.314000,28
329.604426,30.159146,121.756157,177.689123,0.000000,0.000000,28
352.086331,28.670698,131.630734,188.710001,0.000000,3.074898,30
335.743130,8.951212,145.459844,177.954789,0.000000,3.377285,29
334.552523,4.301002,154.503195,175.748326,0.000000,0.000000,29
354.160969,12.087415,152.578378,180.113563,9.381613,0.000000,31
341.576190,0.000000,143.595775,197.583197,0.000000,0.397218,30
348.698407,40.553262,108.891299,189.924665,0.000000,9.329181,31
342.943090,33.103506,113.624760,192.578188,2.085898,1.550738,33
342.975189,35.004550,101.144033,190.353487,0.000000,16.473119,31
340.260339,12.980941,98.195864,217.390452,0.000000,11.693082,31
334.115414,8.090643,94.805451,213.703779,5.589748,11.925793,31
307.740291,0.000000,106.991533,198.248008,2.500750,0.000000,30
314.582588,4.849913,101.218323,192.969608,0.000000,15.544744,29
330.738907,14.229841,79.028156,195.869230,16.905248,24.706432,29
313.284341,0.000000,93.372124,203.485645,0.000000,16.426572,30
333.023022,6.473702,85.220824,209.234151,9.364066,22.730279,31
330.691320,12.200480,91.140681,207.424750,0.000000,19.925409,30
334.741215,23.804562,97.337401,194.196140,0.000000,19.403112,30
329.670566,0.000000,93.976542,194.901236,19.533682,21.259106,30
283.470547,0.000000,84.777651,180.887326,7.857357,9.948213,27
280.584093,3.074898,82.795337,165.431926,0.000000,29.281932,27
295.389629,17.987438,71.014814,177.527935,0.000000,28.859442,28
294.270007,35.825272,56.520401,175.289760,0.690586,25.943988,29
296.027737,24.039943,68.049976,169.714400,0.000000,34.223418,28
325.648563,14.659330,70.549726,175.303013,7.508509,57.627985,29
306.824378,28.060490,57.567657,163.090189,8.295226,49.810816,25
317.773578,35.558792,64.890348,158.128794,0.880309,58.315335,26
312.986099,26.640698,75.871877,148.231519,0.000000,62.242005,25
305.554120,30.659305,67.899491,152.328866,27.982202,26.684256,25
270.045827,19.279939,76.613543,154.093823,3.523963,16.534559,23
258.766478,21.025700,85.908810,140.251886,0.000000,11.580082,23
287.795340,22.589457,85.659944,146.251682,0.000000,33.294257,25
293.269149,31.627073,94.999050,126.042843,7.504191,33.095992,26
282.127262,22.136877,96.155062,146.913944,10.459879,6.461500,28
283.107498,16.310936,94.554570,152.784672,0.173100,19.284220,27
265.370961,0.000000,85.595617,158.175476,13.753047,7.846821,26
262.271110,0.000000,73.297888,159.165116,0.000000,29.808106,27
268.434315,7.857357,60.487864,160.018691,4.158781,35.911622,27
262.322746,4.899645,68.569714,155.502102,0.000000,33.351285,28
278.473337,1.698505,72.515260,155.927447,1.602048,46.730077,29
287.865264,18.761854,71.160311,147.739776,0.000000,50.203323,28
283.696411,11.772225,86.487427,137.850479,4.610630,42.975650,28
296.862607,10.520078,84.050030,141.778724,0.000000,60.513775,30
291.306169,6.036964,78.809628,158.075194,0.000000,48.384383,30
304.489018,8.402832,96.615845,148.218277,0.000000,51.252064,31
308.721549,13.746940,91.433475,147.744070,23.531100,32.265964,31
315.136232,13.939277,83.143691,163.315573,5.084475,49.653216,30
318.879670,26.401019,95.482715,141.346118,0.000000,55.649818,31
323.762188,28.980362,91.434304,151.531246,0.000000,51.816276,32
339.881990,37.149276,101.669301,143.389963,15.224143,42.449307,33
333.944725,61.803895,74.594929,160.343140,15.873341,21.329420,32
322.191890,91.434304,58.432033,149.291052,7.610680,15.423821,33
329.190151,92.405209,73.906922,142.142505,5.093031,15.642484,35
320.782329,87.715245,62.866427,170.164324,0.036333,0.000000,35
320.328789,69.912426,73.149141,159.265074,8.343023,9.659125,32
352.460293,78.309244,68.511751,171.529091,11.023626,23.086581,33
334.415441,67.254076,81.445662,162.623722,0.703632,22.388349,32
361.464144,63.042663,70.080191,191.644228,18.631775,18.065287,33
367.618051,62.946277,82.495888,188.509351,15.640381,18.026154,30
370.198475,87.871081,68.195239,194.278301,19.853854,0.000000,29
356.843637,93.626483,54.838229,205.777979,0.000000,2.600946,26
398.521682,82.496888,47.981516,203.690894,0.000000,64.352384,26
407.554495,87.193999,48.933914,207.664577,7.312769,56.449236,26
393.433013,78.993126,56.740848,201.473374,0.484823,55.740842,27
370.930920,68.816387,68.223397,188.252454,26.932430,18.706252,25
340.850051,59.330889,64.852541,193.910020,1.710546,21.046055,24
326.749392,60.165194,56.878803,183.067595,9.409618,17.228182,24
335.359351,48.962030,86.726580,156.015970,12.011311,31.643460,24
287.243444,29.918207,96.811790,119.289259,0.000000,41.224188,21
276.601876,7.944254,106.667056,121.196609,0.000000,40.793957,21
294.197644,25.234903,84.446495,125.811169,0.000000,58.705077,22
330.023092,18.032756,91.122962,129.439923,0.000000,91.427451,24
325.109136,11.462159,99.554486,119.994215,12.826255,81.272021,24
307.293137,11.611006,99.157015,115.530598,0.000000,80.994518,23
271.534015,20.599565,59.129234,119.973709,13.117882,58.713625,23
270.848882,9.407576,54.182190,129.776049,9.091000,68.392067,18
284.811725,9.633189,46.259547,160.936082,6.896862,61.086045,20
295.336287,32.074261,24.738137,167.067079,0.000000,71.456810,20
326.362453,34.290719,18.706252,206.103933,0.000000,67.261549,24
339.589292,31.011193,20.489555,214.954938,41.337668,31.795938,25
318.966224,24.568318,28.023243,231.427942,0.000000,34.946721,26
352.128412,28.904846,39.040118,222.098506,0.216547,61.868395,27
353.400634,48.512798,25.745844,217.356588,7.165688,54.619716,27
358.545078,55.301597,26.866503,208.533428,0.000000,67.843550,26
353.046112,46.766909,41.266655,202.427402,9.592367,52.992779,27
362.569752,52.970969,41.504580,206.034491,0.000000,62.059712,27
363.617757,41.762411,36.555332,204.552030,0.000000,80.747984,24
328.918001,25.055890,27.276535,198.216156,0.000000,78.369420,22
321.098228,21.792257,27.486733,194.015658,0.000000,77.803580,22
352.129360,40.324372,2.109633,192.755997,3.539268,113.400090,23
338.812720,20.505366,1.357029,202.885810,0.000000,114.064515,23
332.050377,12.351235,8.814046,200.287948,8.857257,101.739891,23
328.125722,5.383846,27.416781,191.887549,9.506379,93.931167,24
343.381757,16.310858,30.218814,190.611136,13.614560,92.626389,24
324.668141,8.997235,35.866800,193.154843,0.000000,86.649263,23
330.343220,18.787457,21.778669,193.536528,0.062454,96.178112,24
328.706918,19.841197,20.804514,187.252246,0.000000,100.808961,24
318.326428,14.147602,28.273641,177.809911,35.942601,62.152673,23
304.899405,41.326779,14.950798,186.859984,0.000000,61.761844,22
304.477792,33.879349,18.669129,197.129287,0.000000,54.800027,23
282.235568,23.003029,10.787947,203.063237,0.000000,45.381355,24
286.571807,14.833069,16.962869,194.889170,0.000000,59.886699,25
283.736637,11.004494,16.106543,197.830588,0.000000,58.795012,23
277.834258,9.797181,8.520667,195.777186,0.000000,63.739224,23
278.002505,0.000000,28.644756,176.987550,1.486000,70.884199,22
268.610517,9.631337,4.684075,175.898854,0.000000,78.396251,22
291.276761,7.859361,4.389240,182.893254,3.628397,92.506509,23
311.822115,6.216184,0.000000,195.789576,8.159093,101.657262,23
333.017414,8.857257,0.000000,221.988343,0.000000,102.171814,26
346.199020,0.000000,0.000000,220.333080,2.066407,123.799533,26
339.874087,11.263048,2.351512,200.318618,29.939417,96.001492,26
302.046232,0.000000,26.286603,178.630146,8.778532,88.350951,23
304.716762,0.000000,33.360357,177.914749,1.368384,92.073272,24
301.413460,6.566786,35.043431,160.356990,6.252049,93.194204,26
298.989519,13.483139,32.241233,156.863584,0.000000,96.401563,26
296.239077,7.708735,29.596591,167.661092,7.500250,83.772409,26
307.394085,27.488953,9.016172,172.499513,8.455710,89.933737,27
297.226488,16.295428,18.154305,171.352432,0.000000,91.424323,27
295.144537,6.907534,20.296702,177.683879,0.000000,90.256422,26
329.165916,15.686616,18.662942,191.291694,15.870815,87.653849,28
342.450097,42.950493,18.996721,175.280461,3.141531,102.080891,27
321.363260,18.700886,17.962138,176.306394,5.821624,102.572218,23
329.258030,31.569134,3.673407,205.779187,0.000000,88.236302,24
326.445615,28.503931,9.519392,200.559624,12.827360,75.035308,25
302.756910,13.646068,0.000000,229.985808,0.000000,59.125034,22
312.455841,18.149621,19.931601,212.720721,0.000000,61.653898,22
314.037774,19.116278,21.513591,212.879670,0.000000,60.528235,23
318.793291,27.419741,13.851671,217.685193,6.928878,52.907808,24
309.193165,8.104353,13.308135,234.470907,0.000000,53.309770,26
312.026173,11.939751,8.873673,233.897743,1.859788,55.455218,26
331.084384,8.873673,10.969178,237.215048,0.000000,74.026485,27
338.614038,14.692824,20.009416,226.364244,10.722811,66.824743,28
383.992976,18.177996,58.138063,195.389985,0.000000,112.286932,27
433.606239,18.490711,61.028724,218.432665,17.071076,118.583063,30
444.688616,16.227773,66.547118,263.354404,0.000000,98.559321,31
440.474311,4.246705,73.664147,258.811569,0.000000,103.751890,32
462.365048,0.000000,68.349968,261.366759,0.000000,132.648321,32
513.462276,30.870884,37.806182,269.870735,0.000000,174.914475,33
517.810480,31.301951,41.607428,261.202835,3.238771,180.459495,33
487.709366,11.402224,44.305765,246.404195,0.000000,185.597182,31
485.243419,10.533143,36.035448,245.502924,8.954791,184.217113,29
525.572834,0.604076,43.461995,262.574380,5.838925,213.093458,32
521.277471,0.000000,43.562136,268.597252,0.000000,209.118083,34
517.186569,0.000000,35.303818,272.459113,3.243919,206.179719,34
512.165287,0.000000,47.321207,250.412159,0.000000,214.431921,35
540.584723,0.000000,50.135614,253.169924,0.000000,237.279185,37
557.046568,0.000000,54.057020,262.781438,15.275330,224.932780,39
551.540652,0.000000,56.105508,276.966548,9.244680,209.223916,39
558.968805,0.000000,60.528235,296.105009,0.000000,202.335561,40
558.194125,25.086223,34.750463,290.259245,8.630597,199.467597,40
563.438966,23.225359,39.085190,301.845293,0.000000,199.283124,43
547.527040,19.663452,26.714193,317.271543,2.183036,181.694816,41
560.213478,23.075876,25.586617,336.474165,0.000000,175.076820,43
550.811688,0.000000,23.942582,348.440020,0.000000,178.429086,42
566.834928,7.422038,33.433591,343.890559,0.000000,182.088740,44
557.388893,0.517802,50.043706,325.274777,0.000000,181.552608,43
557.532056,6.341319,40.347406,327.038220,0.000000,183.805111,42
562.489116,8.158736,39.306306,326.855047,0.000000,188.169027,42
557.080596,23.290632,18.380969,333.977755,0.000000,181.431240,43
547.521138,14.411771,15.194189,336.777834,9.375062,171.762282,44
548.252741,7.117636,26.317925,340.916687,6.945760,166.954733,45
548.037857,5.906952,18.342474,346.188643,0.000000,177.599788,46
538.154181,5.655403,9.283185,339.700699,0.000000,183.514894,46
536.088453,12.794945,16.959803,325.502267,8.719136,172.112302,46
546.788846,26.201670,1.361555,341.226678,12.109048,165.889895,46
545.454683,35.278198,29.757712,317.976759,10.673489,151.768525,46
484.427157,1.890660,17.123671,313.026807,0.000000,152.386019,38
482.875634,0.000000,19.384420,304.429383,8.054135,151.007696,37
469.879681,9.960057,30.505008,279.819937,9.074058,140.520621,34
492.434893,12.184363,39.026714,282.165796,9.180715,149.877305,37
504.315474,4.566131,43.483880,293.156360,5.548914,157.560189,38
492.819025,23.621351,27.765625,293.037638,9.146336,139.248075,39
455.002239,0.000000,30.008883,280.964838,13.332732,130.695786,36
450.171985,1.124741,32.946395,287.790128,0.000000,128.310721,35
461.836806,19.833727,34.025648,273.474783,0.000000,134.502648,35
467.269456,18.384680,37.808138,269.860899,0.000000,141.215739,35
466.857124,13.112668,37.218356,273.331617,8.172775,135.021708,36
435.195696,41.750000,18.311427,239.637523,7.032260,128.464486,32
427.516652,40.929346,15.501457,242.394936,0.000000,128.690913,32
427.491428,40.429582,22.474619,240.712852,14.578844,109.295531,32
424.384430,57.224758,44.037411,211.545528,0.000000,111.576733,32
378.089696,11.578957,42.773629,219.401886,0.000000,104.335224,28
383.750304,6.836133,47.204320,213.990594,2.517305,113.201952,29
398.217816,11.480507,38.788611,229.518396,9.384025,109.046277,29
390.591384,8.366830,39.244425,231.343277,0.000000,111.636852,29
387.670171,12.109048,28.682795,244.861153,0.000000,102.017175,29
391.006706,19.965947,19.658014,246.847620,0.000000,104.535125,30
371.154266,7.192062,14.419138,247.518701,4.243962,97.780403,29
374.012952,10.370062,28.536171,241.801969,0.000000,93.304750,31
365.513037,0.000000,33.005337,243.917272,0.000000,88.590428,31
370.971229,0.000000,42.466622,243.710466,0.000000,84.794141,31
385.280689,0.000000,43.593202,242.911240,0.000000,98.776247,33
395.114118,2.269430,37.199401,257.745597,14.266766,83.632924,35
389.218109,12.227304,30.228623,262.451959,0.000000,84.310223,36
386.398032,0.000000,56.573550,240.600076,5.445617,83.778789,34
361.561554,2.750216,51.229723,217.377078,0.000000,90.204537,32
372.057088,4.575011,62.816922,205.201150,0.000000,99.464005,32
394.081551,1.146136,67.725837,201.406683,0.000000,123.802895,33
386.729724,0.000000,60.021659,192.434421,13.724552,120.549092,33
362.972225,9.085769,44.980116,181.450014,0.000000,127.456326,33
378.438274,2.290245,40.881456,183.872452,0.000000,151.394121,33
388.181465,0.000000,43.092060,178.804992,4.815824,161.468589,33
398.600995,3.554861,40.376445,183.111258,0.000000,171.558431,35
402.322526,12.116921,36.554948,175.314710,3.178049,175.157898,36
414.865481,13.685892,49.673902,171.225638,0.000000,180.280049,37
412.586037,9.110961,52.995657,166.603205,0.000000,183.876214,36
470.331576,19.213886,47.807149,180.040489,18.947418,204.322634,38
477.205361,21.547639,61.525908,201.321802,0.000000,192.810012,40
462.182078,2.413810,66.555181,196.303719,0.000000,196.909368,39
485.073453,8.295424,60.776429,207.047472,0.000000,208.954128,40
471.855380,10.647159,50.363247,208.869191,6.790194,195.185589,40
468.437707,8.084699,46.568126,206.312081,15.021782,192.451019,37
444.710180,16.277778,26.287221,214.092778,0.000000,188.052403,33
453.334273,15.633018,31.422039,217.309397,0.000000,188.969819,34
487.509746,13.164803,34.252353,221.735917,25.469682,192.886991,35
491.112900,9.845475,29.003055,260.539311,0.000000,191.725059,37
505.706397,11.616596,45.640793,255.130507,0.000000,193.318501,38
510.670898,4.782104,48.530975,258.470267,8.235471,190.652081,39
512.794226,14.604509,51.074998,251.777481,0.000000,195.337238,39
513.886828,9.349706,54.268537,255.658398,0.000000,194.610187,39
513.617624,9.481913,51.854526,259.829012,2.712944,189.739229,39
524.079193,6.410387,63.295327,257.064639,0.000000,197.308840,40
530.673810,7.065678,62.903491,265.857198,25.482008,169.365435,40
533.668539,33.026272,36.780017,292.652092,0.000000,171.210158,39
557.445694,36.869654,42.202172,285.863459,19.913954,172.596455,41
535.361921,22.595263,100.667398,248.752818,0.000000,163.346442,39
529.385854,18.278706,92.509191,248.358841,0.000000,170.239116,37
552.629778,3.676925,98.156708,262.511715,0.000000,188.284430,37
558.854634,6.112448,102.012503,258.813121,47.736911,144.179651,37
556.438674,21.735733,143.913820,257.773204,6.170318,126.845599,37
538.052230,6.225868,151.213627,257.062478,11.482448,112.067809,37
534.945330,7.652056,150.916096,262.419652,14.168405,99.789121,38
521.104779,5.092400,152.355023,270.496965,9.006394,84.153997,38
524.946810,13.260425,150.940093,280.521946,19.022805,61.201541,38
531.202939,31.944338,146.355631,306.837562,1.244132,44.821276,40
522.609291,32.934693,150.631573,289.402065,1.964244,47.676716,39
508.892727,21.499760,154.287836,286.508264,0.000000,46.596867,40
507.192316,19.499143,147.971706,300.667572,8.138987,30.914908,40
526.124554,46.708743,128.376961,294.714671,0.000000,56.324179,40
521.725230,45.447970,123.105290,295.575696,0.000000,57.596274,40
522.204432,52.308763,117.499714,290.993488,0.000000,61.402467,41
551.030387,62.103848,114.654303,285.465340,14.904276,73.902620,43
504.023883,16.793404,119.732624,299.274037,0.000000,68.223818,37
507.335802,12.656297,131.003931,287.690752,4.555931,71.428891,37
499.019039,7.500250,130.278197,293.637074,3.440534,64.162984,37
495.556149,22.226617,116.231374,297.051152,0.980494,59.066512,38
503.040140,20.683968,111.364443,300.415315,3.446033,67.130381,39
503.870335,17.131098,113.549439,298.518080,26.699217,47.972501,40
492.171481,45.191584,109.414230,296.671346,0.000000,40.894321,37
487.399063,46.827299,109.345323,291.713070,7.500250,32.013121,38
477.883337,36.766173,108.740535,304.891829,0.000000,27.484800,38
475.878908,32.790308,113.909934,299.164905,0.000000,30.013761,39
468.060066,53.024778,95.341300,298.613819,0.000000,21.080169,38
495.947915,49.663997,88.851278,343.148000,0.000000,14.284640,40
501.213127,63.313239,64.641701,356.121578,17.136609,0.000000,42
508.498817,64.699131,66.419702,367.795942,9.584042,0.000000,43
517.117556,64.569246,81.067556,364.794824,3.388435,3.297495,46
472.279867,49.350260,66.907069,348.259190,0.000000,7.763348,42
500.998086,44.549226,73.395818,360.976579,16.994575,5.081888,44
479.481890,29.521104,60.388704,382.137999,1.211816,6.222267,43
498.880400,32.894967,53.459180,388.553287,17.198450,6.774516,44
472.540277,34.883404,45.340942,392.133131,0.182800,0.000000,43
457.405366,30.863370,36.400512,390.141484,0.000000,0.000000,44
488.306225,30.232857,42.900332,398.570278,0.000000,16.602758,45
491.129915,25.891582,44.821276,400.845914,0.000000,19.571143,45
491.419151,35.615514,38.001179,417.802458,0.000000,0.000000,46
471.187959,15.368812,40.996136,414.823011,0.000000,0.000000,46
490.574987,15.293884,49.026182,413.702094,0.000000,12.552827,47
496.752444,18.803080,56.182956,411.081392,10.572916,0.112100,48
483.347521,26.916742,55.554451,400.876328,0.000000,0.000000,47
508.364470,29.422058,55.033669,402.042878,0.000000,21.865865,48
519.358762,28.957825,72.485551,385.812799,0.000000,32.102587,47
516.633547,21.552019,80.090758,395.355745,0.000000,19.635025,49
521.846044,46.111066,58.721315,399.529609,4.693921,12.790133,50
534.608595,55.554451,44.584976,400.970785,1.322007,32.176376,51
526.267595,38.743005,58.869359,393.985253,34.669978,0.000000,47
493.891996,37.993182,37.991640,411.798537,6.108637,0.000000,45
493.857227,52.628695,27.177090,414.051442,0.000000,0.000000,46
483.907793,41.414187,42.451728,400.041878,0.000000,0.000000,45
488.230469,36.550591,43.277768,399.192409,0.000000,9.209701,45
462.542725,18.800196,38.917697,398.623154,6.201678,0.000000,44
470.607820,13.394338,47.187731,403.993608,0.000000,6.032143,45
487.654897,9.697205,51.303939,406.429529,7.044092,13.180132,45
481.879641,14.875232,33.170559,403.371670,0.000000,30.462180,46
495.101708,18.751524,31.220761,397.671909,0.000000,47.457514,46
490.602035,12.609568,32.105949,402.173041,4.420558,39.292919,46
491.402438,18.423759,38.840336,395.789172,0.000000,38.349171,46
495.109690,12.935754,39.923561,392.576903,0.000000,49.673472,46
520.065087,12.797002,53.642101,397.389164,9.150412,47.086408,50
502.037504,15.061165,48.376208,392.253963,8.477661,37.868507,49
481.997743,11.865744,35.492197,403.055316,8.706494,22.877992,48
485.378566,12.245595,40.704834,384.287982,0.000000,48.140155,48
492.117721,12.095760,40.020752,383.563944,0.000000,56.437265,49
518.364077,9.895165,41.805145,384.357468,0.296588,82.009711,48
513.525124,7.763348,36.100353,388.897240,1.878861,78.885322,47
536.830870,0.000000,38.036334,411.162041,0.000000,87.632495,48
543.910360,8.244450,30.592309,409.939669,8.219356,86.914576,49
534.835909,30.195233,0.000000,412.472788,0.000000,92.167888,50
530.405846,30.345010,0.182800,411.009344,0.000000,88.868692,50
556.774339,25.089491,16.567781,400.845559,0.000000,114.271508,52
547.218593,8.128710,6.130418,402.115781,0.000000,130.843684,49
519.332390,0.881310,3.134478,395.011210,5.848630,114.456762,47
522.783980,9.990785,28.308882,373.000911,9.260002,102.223400,47
522.458500,0.486127,36.016768,379.481437,0.000000,106.474168,47
523.940298,20.038277,18.676778,378.502954,0.000000,106.722289,47
535.129510,17.547274,18.736417,377.098645,2.117067,119.630107,48
545.643991,37.776227,0.000000,375.771403,1.721476,130.374885,48
542.521935,28.795783,0.000000,376.882427,9.037753,127.805972,47
538.626812,19.635025,0.000000,388.398793,0.000000,130.592994,47
523.701395,12.985820,17.169536,369.706422,15.118011,108.721606,47
534.665989,45.944816,1.552569,378.373580,0.000000,108.795024,47
528.062775,27.750778,31.943992,361.730633,14.665805,91.971567,48
587.329608,29.099213,45.750973,364.309339,0.000000,148.170083,50
612.949096,25.950808,50.197787,387.802399,0.000000,148.998102,53
607.832228,13.838375,51.375583,392.984327,0.000000,149.633943,54
614.786656,32.451925,26.423836,406.510004,0.984945,148.415946,55
617.449919,27.189723,28.728982,420.906779,4.050982,136.573453,55
617.106490,35.085272,13.180132,437.685106,6.889943,124.266037,56
603.391001,17.828721,31.239126,429.364655,0.000000,124.958499,56
649.330931,8.777760,32.513715,449.900014,0.000000,158.139442,58
686.619502,18.667824,38.345923,455.465675,8.368118,165.771962,60
699.458639,18.326035,35.733771,471.311288,0.000000,174.087545,59
699.242521,16.281715,52.174222,455.164432,4.286285,171.335867,58
712.336396,14.361907,52.714572,460.774904,14.615634,169.869379,59
690.598637,33.062843,29.372407,453.130205,5.671165,169.362017,55
676.983276,26.693081,19.653087,453.650370,8.866272,168.120466,53
678.870490,26.241507,21.785916,456.622259,1.347020,172.873788,54
685.461173,15.247543,24.726412,450.696770,0.000000,194.790448,54
713.351248,14.198087,33.942068,453.733516,0.000000,211.477577,56
709.547018,7.333861,51.235321,435.618378,0.000000,215.359458,55
706.855127,51.235321,5.747999,438.876503,25.401841,185.593463,55
701.297397,24.343806,23.883000,441.547369,0.000000,211.523222,52
708.762585,27.223512,18.121518,441.740802,0.000000,221.676753,52
716.383563,28.355263,34.316656,419.779608,0.000000,233.932036,51
718.207378,26.068506,38.001311,416.483880,8.200180,229.453501,51
713.831795,22.330990,39.002024,422.183109,16.452512,213.863160,50
686.772238,0.000000,40.649063,422.907156,0.000000,223.216019,49
685.563659,9.504282,29.530864,422.218620,0.000000,224.309893,49
687.136065,25.043785,26.656953,402.908134,11.584864,220.942329,49
682.174484,20.576695,91.327331,345.827783,0.000000,224.442675,47
682.149175,23.897608,95.647320,334.118956,12.275877,216.209414,48
661.949676,19.417708,75.265264,317.611173,0.000000,249.655531,46
657.895275,48.305286,40.763363,323.925066,5.241439,239.660121,47
664.032766,61.663675,27.832650,334.808262,9.673945,230.054234,48
673.774810,61.112605,31.414163,352.356977,5.783617,223.107448,50
643.936622,46.786064,25.886215,341.435044,0.000000,229.829299,47
653.344834,47.088365,26.356011,352.965326,0.567575,226.367557,48
652.767234,57.710542,23.955610,351.400941,0.000000,219.700141,49
649.924940,44.220942,26.167640,346.800261,4.550545,228.185552,47
645.425280,43.711586,22.239333,358.500160,0.000000,220.974201,48
641.460249,38.720859,29.692256,351.808790,0.000000,221.238344,48
638.485519,52.053855,18.741713,353.876812,15.217688,198.595451,49
608.790400,29.692256,31.648625,359.228446,0.000000,188.221073,46
590.339188,12.712241,38.406901,358.084419,0.000000,181.135627,46
581.500948,14.272115,30.637648,351.962265,3.863543,180.765377,46
570.016440,5.153865,40.934432,344.581117,0.000000,179.347026,45
578.794437,16.289604,33.195646,352.079731,7.321696,169.907760,46
562.505833,20.064841,18.409889,357.845098,16.879850,149.306155,46
552.066846,15.450649,19.703942,384.941004,1.323619,130.647632,46
566.594289,13.130805,21.951385,386.571863,0.000000,144.940236,46
575.721223,14.144157,32.772089,381.071195,0.000000,147.733782,47
594.400280,21.951385,43.009059,356.644945,6.129712,166.665179,47
616.192980,42.176023,27.077426,376.460509,0.000000,170.479022,46
630.474979,49.521035,23.980823,363.776205,0.000000,193.196916,45
633.841462,45.851880,25.486394,384.436240,0.000000,178.066948,46
621.535996,29.111591,28.151574,379.594871,0.000000,184.677960,47
617.226889,24.381737,32.153520,374.108343,9.166750,177.416539,48
612.925581,14.408734,29.749772,378.514040,3.359752,186.893283,46
612.328263,22.431624,16.379827,381.844968,1.667500,190.004344,46
610.530709,15.777005,26.419130,375.341399,5.482550,187.510625,47
594.039356,6.657931,30.535935,366.787530,12.433184,177.624776,47
608.646843,10.130211,29.790310,373.382975,0.000000,195.343347,47
619.537859,11.584864,27.193448,380.329807,0.000000,200.429740,47
638.844756,7.544105,24.687153,390.094824,0.000000,216.518674,49
676.347230,13.280187,22.063729,387.743543,0.000000,253.259771,51
676.136500,7.928721,33.824934,379.036381,0.000000,255.346464,52
752.677382,11.778756,43.770740,399.851554,0.000000,297.276332,56
748.499704,10.364875,42.249565,414.467393,0.000000,281.417871,56
758.732506,11.211581,41.484597,413.140365,0.000000,292.895963,56
791.036071,34.418099,15.729678,416.304364,0.000000,324.583930,57
804.634029,28.463451,34.887969,406.497343,15.730554,319.054712,58
765.858915,0.000000,31.532857,425.049219,10.989154,298.287685,55
777.937251,21.122260,13.551645,434.949215,0.000000,308.314131,55
782.981120,26.031335,9.665591,442.457795,0.000000,304.826399,55
781.932968,21.193981,7.341739,445.327047,0.000000,308.070201,56
779.816969,14.216136,26.819816,440.510142,6.102339,292.168536,55
785.023546,23.537333,28.083250,436.522444,9.854383,287.026136,55
787.329652,30.814830,23.401806,440.405971,0.000000,292.707045,55
794.285083,44.278844,8.641752,447.687980,5.974667,287.701840,56
762.909341,17.715858,11.202226,443.212801,30.345383,260.433073,54
750.363628,27.154344,20.602605,445.469913,0.000000,257.136766,53
757.927768,27.013556,32.087628,436.851902,0.000000,261.974682,54
777.242385,39.687448,28.519216,451.024408,0.000000,258.011313,56
776.998826,43.132079,29.708201,439.579624,7.729620,256.849302,57
756.981095,28.243787,33.327942,455.622303,9.187787,230.599276,57
739.377306,26.393579,31.112083,447.815502,0.000000,234.056142,57
737.655602,2.815090,48.969067,426.338515,0.000000,259.532930,55
748.329193,8.126708,35.890836,434.629738,0.000000,269.681911,57
739.284973,1.724430,31.595671,434.437413,0.000000,271.527459,58
742.214034,9.012573,25.272905,442.387629,24.406281,241.134646,58
719.409222,9.277051,14.394556,460.216254,5.237162,230.284199,57
726.337317,18.036456,6.895306,467.433312,0.000000,233.972243,57
727.524093,14.310797,6.293733,470.786935,22.055053,214.077575,57
709.041791,15.360721,0.000000,495.624746,14.456802,183.599522,53
704.350889,3.041477,14.948835,501.587615,8.120180,176.652782,54
715.811440,6.308993,39.233944,489.225314,0.000000,181.043189,54
717.941049,0.000000,38.283408,485.026963,3.000700,191.629978,54
720.282723,0.000000,34.001120,476.974762,16.096986,193.209855,52
710.062591,0.000000,47.139597,457.900769,26.940743,178.081482,48
673.822967,0.000000,19.243499,472.667272,20.917238,160.994958,42
663.234417,4.595136,13.871875,483.469312,0.000000,161.298094,41
670.762810,1.926231,14.350524,493.554726,8.240467,152.690862,42
675.838670,13.871875,19.475849,487.998543,0.000000,154.492403,43
673.840325,0.000000,50.607575,458.713164,0.000000,164.519586,42
704.122475,7.460987,38.046734,466.857539,0.000000,191.757215,44
710.873933,0.000000,63.048195,453.008099,15.518776,179.298863,45
684.206116,33.181949,40.830491,435.060267,11.039586,164.093823,43
687.547662,32.998040,37.295375,449.968436,0.000000,167.285811,44
686.918721,19.807288,40.935973,447.174736,0.000000,179.000724,44
694.585529,20.543495,41.538059,441.749150,9.022320,181.732505,45
713.753455,13.039664,44.941087,455.959064,0.000000,199.813640,44
716.645129,11.916588,44.193056,465.554406,0.000000,194.981079,44
711.972919,12.987671,52.095539,454.089412,11.702888,181.097409,45
719.049827,22.085436,67.081168,452.041515,2.909206,174.932502,45
734.472870,23.421461,74.057546,453.638219,0.000000,183.355644,46
752.823955,21.973635,79.661938,448.714053,0.000000,202.474329,47
756.706082,39.343724,60.628499,458.774628,0.000000,197.959231,49
778.903264,59.126418,46.521301,459.246183,8.311280,205.698082,51
801.524540,73.044500,43.564468,475.724983,22.904900,186.285689,55
787.629322,60.122663,58.571077,485.432736,0.000000,183.502846,53
795.292879,60.015292,55.842690,484.657666,9.603160,185.174071,53
746.307039,0.000000,58.265028,494.069369,0.000000,193.972642,46
748.324087,0.000000,61.564347,488.928052,0.000000,197.831688,46
780.670339,3.562735,56.666106,502.111772,0.000000,218.329726,47
778.353994,0.000000,44.954479,504.065503,28.441872,200.892140,48
774.518447,5.237162,44.431427,522.912059,0.000000,201.937799,48
774.882364,5.206290,39.543486,536.473262,1.476262,192.183064,49
769.718278,13.914812,35.314513,535.348445,24.918567,160.221941,49
730.073869,0.000000,53.496137,520.414480,0.000000,156.163252,48
762.285489,0.000000,56.690466,520.501841,0.000000,185.093182,50
765.473576,3.859837,50.787822,523.100810,0.000000,187.725107,51
788.486650,5.637542,49.819583,527.300998,0.989790,204.738737,52
791.655472,9.198658,42.230292,530.232278,6.608782,203.385462,52
801.227093,15.361266,41.836878,537.329026,0.000000,206.699923,54
800.605644,32.405907,28.144768,535.052975,0.000000,205.001994,55
804.613523,35.951622,29.892619,534.609316,0.000000,204.159966,55
817.417486,33.728306,30.410024,533.336260,4.620662,215.322234,55
790.331307,1.609367,41.341311,534.851748,0.000000,212.528881,53
781.684489,16.282640,23.210842,537.658199,3.946966,200.585842,53
816.132908,15.121264,33.497056,536.427458,0.000000,231.087130,55
822.124638,0.039164,48.788805,531.607128,0.000000,241.689541,57
842.520812,5.471395,60.343390,515.128412,0.000000,261.577615,58
856.784625,0.000000,56.145186,524.870430,0.000000,275.769009,58
859.780849,0.000000,64.695381,524.261116,0.000000,270.824352,60
847.554010,0.000000,45.533779,522.141107,0.000000,279.879124,60
847.003838,0.000000,45.083731,519.738279,5.428065,276.753763,60
834.468760,0.668440,61.399129,492.594253,20.359987,259.446951,59
812.315654,2.246285,57.598640,496.749391,34.007825,221.713513,56
792.381378,2.113465,92.692308,477.498833,0.000000,220.076772,56
793.316228,8.926121,90.044337,482.490195,8.806364,203.049211,57
795.148139,8.571314,81.688775,488.375949,4.007819,212.504282,57
847.043782,27.786251,76.397626,492.130389,0.000000,250.729516,60
845.274386,13.164800,98.512099,478.802426,6.935985,247.859076,60
839.029630,4.114642,115.742119,466.787456,0.000000,252.385413,59
829.972491,0.000000,109.077929,465.632019,0.000000,255.262543,59
857.232962,0.000000,114.820976,460.890333,13.286592,268.235061,60
859.318026,0.000000,121.598810,467.405966,0.000000,270.313250,60
882.463706,0.177882,119.818046,479.695315,0.000000,282.772463,60
902.028661,6.821510,116.878087,481.662139,0.000000,296.666925,60
902.342438,19.403487,98.320409,488.899690,0.000000,295.718852,59
910.218530,8.325890,94.843519,501.862808,0.000000,305.186313,61
923.124320,0.000000,106.472777,493.442932,12.316309,310.892302,61
909.989611,5.488617,112.536847,489.077004,10.395547,292.491596,59
884.869085,6.058397,102.715393,480.262104,0.000000,295.833191,58
873.361905,0.000000,98.847862,482.534141,11.356479,280.623423,58
851.206938,0.000000,112.033393,459.777738,11.750547,267.645260,56
826.878552,0.000000,102.963716,461.758445,0.000000,262.156391,57
834.086040,15.887996,87.264923,471.158304,0.000000,259.774817,58
830.250068,8.143262,93.088201,466.415618,8.155207,254.447780,59
833.138572,0.000000,98.257951,471.063428,32.003601,231.813592,58
841.519036,27.884492,62.294475,502.463534,8.494774,240.381761,59
841.377783,24.715097,66.594081,512.948359,12.828421,224.291825,60
835.013571,16.092653,68.430074,517.176130,0.000000,233.314714,58
830.660661,5.085619,82.515169,525.232258,8.934815,208.892800,57
827.137881,27.990987,86.840353,512.149616,27.709436,172.447489,56
817.648763,41.359822,103.531480,482.982894,0.000000,189.774567,52
813.859795,39.465424,113.152240,474.501526,9.326800,177.413805,53
841.181061,23.670920,117.869595,501.916817,0.144457,197.579272,53
813.624143,8.881691,116.887390,505.484438,11.449220,170.921404,49
828.745106,0.000000,121.481731,514.906407,0.000000,192.356968,48
830.469130,0.000000,124.097983,512.604129,0.000000,193.767018,49
842.172463,3.398719,139.668341,506.493909,10.124310,182.487184,49
833.256797,6.084898,158.252593,494.831339,0.850915,173.237052,49
832.553181,0.000000,150.505628,503.363840,11.475572,167.208141,51
824.000798,9.855087,144.073959,503.635257,5.113696,161.322799,52
806.161930,11.269512,119.465973,513.330583,0.000000,162.095862,52
806.708871,14.749799,116.985787,511.551584,27.795057,135.626644,53
790.025243,19.696582,100.932026,521.012133,0.000000,148.384502,50
795.361055,18.911876,100.323445,532.427241,38.109152,105.589341,50
780.054504,21.908606,103.766305,538.725989,0.000000,115.653604,49
766.267001,10.750232,99.630228,533.273432,0.000000,122.613109,48
769.316045,18.848069,111.451417,515.097776,0.000000,123.918783,49
764.535932,11.303482,118.490585,511.808500,3.551460,119.381905,49
751.256429,22.465530,107.632916,503.072655,6.877783,111.207545,49
742.130044,46.842903,83.906269,506.185392,3.564657,101.630823,48
791.489683,44.358844,87.711711,516.253189,0.000000,143.165939,51
800.424980,57.215579,139.114922,468.370172,0.000000,135.724307,52
807.272086,54.230348,138.467367,470.665374,0.000000,143.908997,52
824.167852,42.837143,139.698635,476.029701,0.000000,165.602373,52
820.377536,34.798489,147.722524,476.950244,0.320968,160.585311,53
808.115201,29.235869,145.471645,469.355894,8.121103,155.930690,53
801.721249,19.048348,148.120605,475.413815,4.995254,154.143227,52
782.673901,29.111309,143.941425,457.125715,0.000000,152.495452,52
817.771195,46.230119,135.742503,444.812454,8.836323,182.149796,53
830.395560,68.776925,118.733014,458.460500,14.008510,170.416611,55
840.455587,69.514821,147.059367,445.401794,0.000000,178.479605,55
825.231996,52.456407,145.737343,453.563142,0.000000,173.475104,54
827.118552,52.266544,153.001921,443.534515,0.000000,178.315572,56
842.849475,55.016648,171.571918,456.598483,0.000000,159.662426,58
830.152340,40.679545,208.678870,420.123783,0.000000,160.670142,59
826.214559,36.537920,206.897469,419.273868,5.113449,158.391853,59
826.220820,27.953261,210.027740,423.379947,0.000000,164.859872,59
823.546956,22.156417,214.963829,422.001239,0.000000,164.425471,60
827.007448,0.000000,214.757000,429.439259,10.204573,172.606616,60
820.963008,0.000000,222.941311,422.111878,0.000000,175.909819,61
823.317780,12.962135,207.890916,420.126948,14.363882,167.973899,62
805.997609,9.030450,211.752400,413.474423,0.000000,171.740336,62
854.306148,23.640851,193.794626,464.465835,0.000000,172.404836,68
856.323525,27.278579,186.741605,473.938572,8.780819,159.583950,69
819.778808,5.327832,193.992183,455.761700,0.000000,164.697093,66
809.185730,0.000000,197.723729,439.782465,6.213712,165.465824,65
795.798678,36.512264,157.254754,431.929270,0.000000,170.102390,65
813.926565,40.847815,155.446298,437.517975,0.000000,180.114477,65
799.532989,27.563632,154.923552,436.688824,0.056244,180.300737,66
791.724112,44.492613,147.603976,409.046981,0.000000,190.580542,65
837.209785,52.480860,138.116733,428.528168,8.196383,209.887641,67
847.114829,41.420246,140.279781,440.368867,6.319386,218.726549,70
837.597332,32.682695,145.466740,440.006254,0.000000,219.441643,70
831.958751,11.311330,162.354620,435.099167,0.000000,223.193634,69
845.030651,17.991177,170.956690,420.778867,25.244510,210.059407,71
830.990697,55.557806,129.929302,431.788048,11.058067,202.657474,71
813.928324,24.036509,168.200239,409.170931,0.000000,212.520645,71
820.934519,9.172600,168.243975,417.793334,10.890413,214.834197,74
39.990093,0.000000,14.091129,0.000000,0.000000,25.898964,1
30.076707,0.228898,12.783865,0.000000,16.645158,0.418786,1
70.525746,0.000000,8.571571,28.917598,0.000000,33.036577,4
93.316981,0.000000,20.844011,8.169976,1.391145,62.911849,6
101.634943,5.300899,18.103752,25.812986,11.559704,40.857602,7
97.486025,0.000000,19.096771,40.667551,22.244298,15.477405,6
89.592625,0.000000,20.622436,52.417306,0.000000,16.552883,4
112.080068,9.706907,53.204942,25.289631,0.000000,23.878588,6
123.490555,9.524384,52.343849,19.320948,0.000000,42.301374,6
116.866525,17.192095,30.981046,25.914491,22.657187,20.121706,6
88.088720,0.000000,37.509096,26.147143,9.487231,14.945250,6
90.954686,0.000000,32.101013,36.665828,0.000000,22.187845,6
82.077712,0.000000,35.508751,24.432481,8.761676,13.374804,5
85.192347,6.667000,40.534381,24.432357,0.000000,13.558609,5
88.265546,6.113065,53.228235,13.374804,0.000000,15.549442,5
91.489590,8.140207,42.309551,13.558609,18.287593,9.193630,6
44.694269,17.246235,9.193630,18.254404,0.000000,0.000000,2
38.218428,31.630457,4.364971,2.223000,0.000000,0.000000,3
43.720985,27.448034,5.586993,1.521316,0.000000,9.164642,4
17.453320,2.223000,4.885309,9.164642,0.000000,1.180369,3
24.508553,0.000000,11.866327,0.000000,12.642226,0.000000,2
33.597839,12.642226,2.180110,14.480815,0.000000,4.294688,2
46.833180,5.087796,14.480815,4.294688,22.969881,0.000000,3
47.323916,0.000000,21.603758,11.173557,2.294888,12.251713,3
49.652191,13.468445,6.020806,0.000000,6.230907,23.932033,3
51.215723,20.059347,0.000000,31.156376,0.000000,0.000000,5
64.389553,20.216890,0.000000,33.203682,10.968981,0.000000,5
31.026366,0.000000,12.657125,18.369241,0.000000,0.000000,3
34.083301,0.000000,10.094888,17.753317,0.000000,6.235096,3
76.272528,0.000000,7.122212,30.037704,17.016893,22.095719,4
78.905018,3.846769,13.545224,45.950044,10.825613,4.737368,5
59.445753,0.000000,22.887143,32.474594,4.084016,0.000000,3
58.904615,9.821918,27.653418,14.675636,4.786235,1.967408,3
97.030252,32.390786,14.724503,1.967408,8.676603,39.270952,4
80.916934,19.730805,21.200690,1.788531,5.766440,32.430468,4
78.034004,19.461871,18.198982,8.735421,0.000000,31.637730,5
118.275383,6.753643,34.115271,13.832284,0.714487,62.859698,5
103.564644,0.000000,32.490833,13.648758,0.000000,57.425053,4
125.329935,0.000000,40.373151,14.984274,0.000000,69.972510,7
113.561639,0.000000,30.240336,15.907003,0.000000,67.414300,7
107.366107,0.000000,25.174923,15.261735,0.000000,66.929449,8
100.360922,0.000000,15.907003,27.252640,0.000000,57.201279,6
91.062695,0.000000,8.869840,28.814935,15.106947,38.270973,5
89.670196,0.000000,8.117835,28.620439,0.000000,52.931922,2
92.604753,0.000000,4.856114,36.155170,3.673287,47.920182,4
114.738897,4.006490,6.608007,41.441668,5.145114,57.537618,6
101.514941,15.313531,17.629197,5.328245,0.000000,63.243968,6
92.223555,9.788688,13.549463,23.318327,6.315024,39.252053,5
81.568382,0.000000,13.620527,29.621703,9.070148,29.256004,4
87.362681,7.299417,23.501458,28.378714,0.000000,28.183092,4
101.479365,0.000000,29.633351,33.610617,0.640936,37.594461,5
83.344201,3.075628,25.797621,9.452903,0.000000,45.018049,5
90.734898,19.908140,6.530417,20.612835,0.000000,43.683506,7
101.550323,11.458106,9.452903,26.444771,0.000000,54.194543,7
93.652183,0.640936,15.995229,21.599232,0.000000,55.416786,7
106.011713,5.000500,22.242794,14.544112,0.000000,64.224307,8
92.492697,6.186394,14.643903,13.025387,5.547891,53.089122,6
78.703270,0.000000,4.090945,19.981739,2.629196,52.001390,3
76.913912,0.000000,5.724565,18.540460,0.338210,52.310677,3
75.658812,6.318045,0.000000,16.418806,13.595827,39.326134,3
76.552721,7.837129,8.581677,17.904697,0.000000,42.229218,4
77.872935,4.666605,23.857178,1.297762,0.000000,48.051390,4
77.047616,4.723496,23.060640,7.362239,0.000000,41.901241,5
79.719868,19.548308,23.074489,9.378593,10.056631,17.661847,7
85.900882,12.943582,33.719502,7.211954,0.000000,32.025844,6
110.555659,12.968871,29.540842,12.887662,13.307665,41.850619,8
129.847353,16.560432,24.371024,41.770836,0.000000,47.145061,9
128.726768,13.907891,30.583533,37.998464,0.000000,46.236880,9
107.094139,7.653044,17.661847,40.686395,41.092853,0.000000,8
77.221266,22.951446,43.797499,10.472321,0.000000,0.000000,6
66.145448,22.246735,35.370647,8.528066,0.000000,0.000000,4
64.260534,26.132652,36.665234,1.462648,0.000000,0.000000,4
57.135608,10.699713,37.392872,0.000000,0.000000,9.043023,5
91.424607,7.078889,43.962360,14.676425,25.706933,0.000000,7
96.033088,13.966212,44.847792,34.623841,0.000000,2.595243,9
97.506905,5.346779,67.416651,10.766094,0.000000,13.977381,8
103.185427,12.455702,67.015931,3.402262,7.715362,12.596170,8
109.995149,11.043623,59.374570,13.170362,9.250691,17.155903,8
125.570318,8.666783,90.284743,0.000000,16.781378,9.837414,8
122.236655,3.336450,113.995849,4.904356,0.000000,0.000000,9
138.467329,0.000000,115.798249,12.862787,1.806093,8.000200,10
112.913553,7.993657,87.542347,9.806293,5.529293,2.041963,10
119.982382,13.170362,86.128115,2.041963,0.000000,18.641942,8
122.078122,12.596170,81.028908,8.026903,1.646550,18.779591,9
124.062422,7.031353,68.157647,0.000000,15.027528,33.845894,7
118.315037,9.707247,73.038275,0.000000,0.000000,35.569515,9
118.071118,14.668880,69.862464,0.373891,0.000000,33.165883,11
127.339028,18.633396,62.236155,7.634039,12.121282,26.714156,11
133.314283,8.026903,89.112459,14.791713,0.000000,21.383208,12
132.876538,5.398613,87.708860,27.458349,0.000000,12.310716,12
138.633801,18.779591,81.749158,28.845841,0.000000,9.259211,14
155.095932,40.865492,57.640067,29.762761,6.571771,20.255841,15
115.228907,8.007930,66.293787,22.831588,17.097135,0.998467,12
113.248794,4.660437,51.217261,37.377841,0.000000,19.993255,11
132.641319,9.772749,44.554474,46.263610,0.000000,32.050486,12
153.126484,0.000000,47.172878,54.920353,7.721408,43.311845,13
199.899315,0.000000,86.216937,41.026209,0.000000,72.656169,16
200.336468,0.000000,99.017940,31.202745,0.000000,70.115783,17
198.632587,8.571571,92.848571,26.335062,0.000000,70.877383,17
192.149573,4.721558,92.634262,28.312315,17.844464,48.636974,18
178.205595,0.000000,123.839717,15.965216,0.000000,38.400662,15
190.986712,0.000000,148.493217,0.000000,0.000000,42.493495,16
189.300082,0.000000,154.265158,3.884107,0.527939,30.622878,18
198.246763,8.033905,141.580069,16.369685,0.000000,32.263104,20
197.173514,7.904436,135.841659,27.026423,0.000000,26.400996,21
194.686203,4.864562,145.180756,14.253193,3.497583,26.890109,20
194.037906,6.667000,151.336520,7.563883,18.837113,9.633390,20
192.682389,6.808468,137.496788,34.603957,1.012629,12.760547,20
176.856978,8.135021,118.714896,34.358852,7.884827,7.763382,19
182.592318,32.819564,111.434102,31.169948,7.168704,0.000000,19
226.279231,68.657518,79.540510,42.602950,17.368775,18.109478,20
217.191858,52.652855,63.310219,53.950858,9.331462,37.946464,19
201.293842,58.844544,65.200619,39.233360,9.314789,28.700530,15
189.970797,54.745499,71.734042,32.439461,0.000000,31.051795,15
192.256896,66.567107,57.557274,36.756823,0.000000,31.375692,15
198.503799,67.995563,50.694943,37.842526,17.734387,24.236380,17
195.572446,56.152905,63.542337,46.981572,9.583877,19.311755,17
233.515087,65.200619,54.866301,56.283294,0.000000,57.164873,17
234.615674,69.906730,59.014687,43.384585,21.240563,41.069109,17
185.727020,68.774985,68.197219,0.000000,9.141191,39.613625,12
174.249807,69.603956,62.388072,15.779286,0.000000,26.478493,13
172.779366,69.865484,68.471414,11.868092,0.000000,22.574376,14
170.007021,79.813293,73.158890,0.000000,11.257778,5.777060,14
154.379877,62.601446,74.752132,2.000800,0.000000,15.025499,14
155.525001,63.256779,78.553567,0.000000,0.000000,13.714655,14
146.309826,45.072408,77.656687,1.605927,13.891502,8.083302,14
169.852327,44.825409,73.205359,32.550608,19.270951,0.000000,15
201.744933,49.171949,68.834228,78.156576,5.582180,0.000000,16
193.522178,34.607965,85.364609,65.189819,0.508277,7.851508,15
190.872038,43.209184,77.097818,61.626877,0.655697,8.282462,16
196.631021,39.635130,105.351706,42.160566,9.483619,0.000000,17
205.402297,28.355847,105.022625,60.964358,0.000000,11.059467,18
191.510586,10.659750,110.896259,54.574149,0.000000,15.380428,16
196.142986,11.257778,164.013297,0.000000,0.000000,20.871911,16
228.045036,12.064208,168.786628,8.600140,0.000000,38.594060,18
223.817882,0.789943,176.595825,2.512323,1.214268,42.705523,16
241.292211,1.260133,177.848015,18.277454,0.000000,43.906609,17
313.103984,5.221141,201.560712,27.340725,0.000000,78.981406,21
308.565248,0.000000,203.940646,26.102326,0.000000,78.522276,22
327.006654,0.000000,222.458999,14.861218,0.000000,89.686437,23
338.680593,0.000000,226.989859,11.671177,0.000000,100.019557,25
354.272808,0.000000,237.200085,5.618720,1.639061,109.814942,26
368.947472,0.000000,236.374564,8.889000,31.821444,91.862464,26
323.190835,61.189155,155.120242,21.741528,0.000000,85.139910,25
308.231886,64.627470,148.050482,13.698378,1.617000,80.238556,25
303.000730,61.205417,169.161852,9.282681,2.239308,61.111472,27
300.111480,68.581842,169.808266,0.000000,0.000000,61.721372,27
309.181559,63.898354,167.803222,0.000000,0.000000,77.479983,27
317.251273,64.456925,172.660529,0.000000,7.689569,72.444250,29
280.269223,49.805749,161.728251,0.000000,9.780242,58.954981,25
254.373987,55.311912,127.296629,12.534060,0.000000,59.231386,22
248.928966,44.921402,133.016558,9.653306,0.000000,61.337700,21
242.522734,53.654410,127.375378,0.000000,0.000000,61.492946,22
263.994477,45.456069,120.203058,0.000000,0.000000,98.335350,21
254.441810,30.369908,124.792167,0.000000,3.200680,96.079055,18
247.688898,31.821444,118.725114,0.000000,5.000500,92.141840,17
249.588970,27.229303,112.887284,9.227498,0.000000,100.244885,20
244.954844,50.637053,91.691808,4.070440,0.000000,98.555543,21
237.374581,36.418028,91.594090,5.491667,12.973825,90.896971,21
243.545424,40.858027,83.324613,17.416562,12.386500,89.559722,21
228.469104,39.620113,77.420473,18.296366,0.000000,93.132152,21
235.784774,48.721882,65.780437,29.045744,26.073760,66.162951,20
229.228211,40.369324,98.335350,24.107402,14.856194,51.559941,19
232.659522,26.862650,128.127268,4.692876,11.148914,61.827814,19
240.456617,28.758101,129.657195,22.932882,0.000000,59.108439,19
236.720388,38.379431,130.303571,14.296674,0.000000,53.740712,18
250.627583,37.463622,151.395265,14.897311,20.389689,26.481696,19
224.410626,44.931788,146.959694,9.428342,5.901644,17.189158,17
218.227576,51.953973,154.772724,0.000000,0.000000,11.500879,15
222.246374,57.210849,153.782926,0.000000,0.000000,11.252599,17
233.697767,79.487463,129.794437,3.454009,0.000000,20.961858,17
227.971607,78.947333,133.447636,7.587306,7.989332,0.000000,17
221.379002,64.540595,147.343442,2.883923,0.000000,6.611042,17
227.787577,72.250803,147.661070,1.947875,5.927829,0.000000,18
218.601291,69.022282,134.655425,14.923584,0.000000,0.000000,19
197.736337,55.405625,135.282335,1.492377,5.556000,0.000000,19
189.155033,53.240773,129.570131,6.344129,0.000000,0.000000,20
194.206210,55.742654,138.463556,0.000000,0.000000,0.000000,20
192.671404,56.930113,131.763195,3.978096,0.000000,0.000000,21
206.587689,77.977228,107.860959,20.732191,0.017311,0.000000,22
217.610664,82.388308,104.102471,25.409644,5.710241,0.000000,23
235.547876,77.730752,102.327103,36.609439,0.000000,18.880582,24
250.781640,74.687991,114.279550,22.212583,0.000000,39.601516,25
221.416704,36.326650,118.499098,39.315458,0.000000,27.275498,24
230.423772,31.545311,131.428518,32.041135,9.356073,26.052735,25
242.428563,41.258038,160.555274,0.000000,0.000000,40.615251,24
239.017563,38.446155,152.706641,0.000000,7.725665,40.139102,22
250.971847,17.370669,165.858829,9.951695,0.000000,57.790654,23
240.273176,20.851413,165.626273,0.000000,12.145847,41.649643,21
219.646386,0.000000,183.933993,0.000000,0.000000,35.712393,19
234.465765,0.000000,190.245391,10.478340,10.861526,22.880508,20
230.947947,7.917998,188.942917,7.273000,0.000000,26.814032,18
237.433395,39.704229,156.511688,7.408176,8.199332,25.609970,17
241.911033,40.269233,153.030810,19.405856,20.262720,8.942414,18
233.213382,35.135925,152.577122,27.912597,0.000000,17.587738,16
239.801009,46.438642,142.396523,22.830471,5.337322,22.798051,15
240.483484,48.835224,141.817912,28.576402,5.544749,15.709197,15
245.251259,52.015993,136.138497,47.784098,9.312671,0.000000,16
269.614631,75.547910,122.529547,38.212592,0.000000,33.324582,16
294.286019,81.197779,139.885914,34.809715,20.698716,17.693895,18
299.338409,89.514410,166.954952,8.682302,0.000000,34.186745,17
303.563424,75.759518,177.375847,7.990151,25.672548,16.765360,17
288.693871,56.196651,203.466949,7.289744,1.439705,20.300822,16
283.459323,48.796550,209.323374,11.967322,5.631651,7.740426,17
293.974423,43.246449,217.762930,17.298610,8.767248,6.899186,19
301.024681,45.030502,234.771735,21.222444,0.000000,0.000000,20
303.009004,53.425832,237.473623,12.109549,0.000000,0.000000,20
301.544162,39.902185,242.220761,10.637310,0.000000,8.783906,20
310.808762,46.792872,246.888768,7.917856,0.000000,9.209266,23
306.945766,43.178204,241.763331,13.737080,0.000000,8.267151,24
346.762435,41.908791,234.309529,41.045157,0.000000,29.498958,28
381.773788,64.742744,222.832568,35.853579,0.000000,58.344897,30
366.491310,35.129480,212.928885,30.845529,18.028193,69.559223,27
341.068950,0.000000,244.324701,26.309153,0.000000,70.435096,26
340.714979,0.000000,252.914292,20.442159,0.000000,67.358528,27
337.714867,0.000000,267.325751,2.265707,36.437874,31.685535,28
344.139017,17.001744,258.512399,17.473763,12.053537,39.097574,28
326.972534,52.749367,209.099382,22.848076,0.000000,42.275709,27
349.324241,46.427399,207.778229,27.537485,0.000000,67.581128,29
377.259459,42.697833,219.669318,45.988530,2.933668,65.970110,33
355.348731,29.722562,217.854656,39.299735,15.160953,53.310825,31
373.107045,33.127492,210.378059,61.965563,0.960206,66.675725,33
377.861098,53.463520,189.802437,65.294655,4.005202,65.295284,33
371.390568,37.063525,219.585385,44.947672,8.363153,61.430833,33
345.453726,7.967631,219.937305,54.750370,9.841285,52.957135,30
353.092916,29.304077,199.871101,70.922778,6.087348,46.907612,30
362.170291,49.256821,188.539402,77.014524,0.000000,47.359544,30
360.642381,45.351216,192.994339,82.648388,8.684520,30.963918,31
375.035947,45.685143,187.456348,95.135338,17.519490,29.239628,31
372.957809,53.258477,201.859132,71.644321,24.555575,21.640304,29
336.459937,47.574266,228.103570,33.689524,0.000000,27.092577,25
332.422647,54.814851,218.688602,36.939479,0.000000,21.979715,25
337.885221,70.182114,203.462389,42.899754,0.000000,21.340964,25
330.589707,69.158811,206.103286,35.214091,0.000000,20.113519,26
319.160954,46.148885,211.194313,43.934011,0.000000,17.883745,29
321.831755,50.406655,205.938375,49.387471,0.554404,15.544850,30
321.172526,72.983026,170.261151,53.387909,0.000000,24.540440,30
342.679706,59.461188,177.644555,58.718439,12.978840,33.876684,30
342.237331,37.455248,192.041190,65.653541,0.000000,47.087352,28
338.914940,37.076546,187.730441,73.601842,10.357011,30.149100,28
340.132116,15.694712,197.547707,77.351462,0.000000,49.538235,28
336.841181,10.046732,202.931360,78.656487,0.000000,45.206602,27
383.974452,19.529377,184.916593,97.057734,15.537862,66.932886,29
361.281665,29.113583,167.302239,98.768622,0.000000,66.097221,27
392.410748,17.492425,170.946205,108.408016,29.588891,65.975211,30
392.114472,18.647981,189.538580,108.524285,8.897063,66.506563,30
401.806957,47.360544,165.041047,101.118510,0.000000,88.286856,30
442.325515,42.944563,162.388568,135.408566,0.000000,101.583818,33
484.156785,55.519493,162.475127,133.439449,8.296874,124.425842,36
487.048670,60.095765,166.852502,130.202794,0.000000,129.897609,35
486.418823,54.131147,172.228114,126.756531,0.000000,133.303031,36
483.018810,54.977746,169.240110,121.429437,0.000000,137.371517,37
491.205126,58.579596,180.633169,115.233648,0.000000,136.758713,37
488.749985,55.145305,185.335526,111.798970,9.287455,127.182729,38
480.949746,59.217110,191.069292,106.279265,17.468484,106.915595,39
474.095921,50.277870,195.340190,120.531497,3.386180,104.560184,40
476.848434,49.941875,201.635275,133.840475,0.000000,91.430809,41
483.673872,39.279658,250.823541,84.499977,6.418798,102.651898,39
491.576007,46.316968,256.621883,76.518237,0.000000,112.118919,39
502.318048,65.653541,242.969915,71.400977,0.000000,122.293615,39
508.634579,73.601842,238.055879,72.521828,0.000000,124.455030,39
506.004892,80.184964,250.648231,57.446693,30.182932,87.542072,39
477.530187,87.334032,251.484050,62.389067,6.511648,69.811390,36
470.125028,78.164064,252.320245,68.373432,10.659669,60.607618,36
438.570731,58.639633,249.455291,73.399274,0.488467,56.588066,35
447.789506,59.009473,248.599952,83.478032,0.000000,56.702049,35
455.388330,59.549773,259.454306,77.024573,1.335945,58.023733,36
461.455537,58.354751,260.059562,84.310346,6.667000,52.063878,36
447.967006,47.088220,266.988270,78.210554,0.000000,55.679962,34
467.908373,71.524043,246.120580,73.736981,9.845210,66.681559,35
441.484094,80.011449,223.745189,63.424474,23.917279,50.385703,31
416.812879,94.943972,223.769387,55.679962,0.000000,42.419558,31
389.556515,72.740236,218.699526,67.584662,11.728215,18.803876,30
390.193689,78.757931,197.418856,85.295858,0.000000,28.721044,29
392.299022,92.045310,184.536320,84.204515,3.747492,27.765385,30
362.548037,69.900359,199.768595,63.471731,15.635016,13.772336,25
343.370497,76.948524,168.960017,78.603678,1.801972,17.056306,23
360.753940,79.620874,168.216645,87.121783,14.235007,11.559631,25
352.427133,86.072908,146.344820,113.596907,0.000000,6.412498,25
421.617464,88.033778,133.731277,113.653355,0.000000,86.199054,26
428.414745,79.033101,138.492422,115.425107,17.790741,77.673374,26
421.345896,82.318385,136.109429,125.039534,0.000000,77.878548,25
434.792183,95.352235,117.950479,131.571125,0.000000,89.918344,27
469.894222,90.977346,131.463433,118.798174,0.000000,128.655269,29
468.385689,78.760158,133.246419,140.546702,27.241714,88.590696,31
460.322181,63.424474,147.703647,153.338277,7.897700,87.958083,30
451.591475,73.075769,134.698986,147.471931,17.682717,78.662072,30
441.060832,76.526769,120.989095,156.120922,2.851778,84.572268,28
447.301930,75.724460,133.215848,157.136120,1.902771,79.322731,31
438.100825,71.576456,150.311051,140.253093,0.000000,75.960225,31
441.444113,65.350261,168.948768,122.560010,0.000000,84.585074,33
438.782838,62.236071,168.152082,115.925898,16.506323,75.962464,33
438.088513,78.603678,152.985269,128.918048,17.412899,60.168619,34
403.619522,52.191671,174.547271,119.180822,3.088926,54.610832,33
413.595019,53.987944,175.086956,122.103756,5.265674,57.150689,33
409.957562,60.253492,180.380541,114.557413,0.000000,54.766116,33
432.268790,75.088089,163.986655,123.159876,0.000000,70.034170,36
410.785160,45.426744,166.308440,129.793686,9.035061,60.221229,36
410.434913,80.301665,134.122929,129.645242,0.000000,66.365077,36
416.693132,71.317633,137.965043,140.421394,5.006136,61.982926,38
424.515731,60.621318,161.545030,128.365263,9.654170,64.329950,37
443.684536,79.471454,157.932768,128.680365,0.000000,77.599949,39
448.039101,83.437589,163.196305,123.411730,6.438886,71.554591,40
469.300947,84.556584,170.106076,120.953437,0.000000,93.684850,40
460.935942,77.878548,173.175770,116.301918,0.000000,93.579706,40
461.220545,69.490732,180.290712,116.681007,9.705912,85.052182,40
457.106225,72.225783,186.737045,116.468166,0.000000,81.675231,38
487.132844,74.048880,181.513959,113.889466,0.000000,117.680539,38
491.806250,61.587979,183.058272,119.566831,3.790095,123.803073,37
493.150122,80.109386,161.757239,128.111364,11.841964,111.330169,38
498.684208,87.103893,171.661564,116.439571,0.000000,123.479180,40
504.329993,83.649057,178.440302,122.655004,7.758571,111.827059,42
508.409265,68.180466,172.429406,153.090671,9.709331,104.999391,44
505.936707,70.230157,193.124698,142.552233,0.000000,100.029619,45
498.801713,72.244975,191.767433,142.913951,6.157605,85.717749,46
495.769208,118.084880,167.342457,123.446623,21.593080,65.302168,46
447.388224,94.172083,217.172005,80.078023,3.969675,51.996438,42
443.086846,97.429443,205.612004,94.132751,10.862091,35.050557,41
430.239593,87.168544,217.186967,89.352792,7.621721,28.909569,40
404.259854,78.778140,248.774465,47.357858,1.024788,28.324603,39
401.338618,69.712178,249.538672,44.355607,6.943583,30.788578,38
395.333990,75.546143,243.164565,36.390913,4.602133,35.630236,36
388.228741,60.221229,251.639665,37.239788,9.253187,29.874872,36
372.416653,27.949005,250.929998,49.564381,0.000000,43.973269,34
364.579815,27.169542,243.139516,66.406162,0.000000,27.864595,35
379.913445,28.160736,241.260095,84.831704,1.817332,23.843578,37
447.579882,25.537092,233.693349,110.776641,0.000000,77.572800,37
474.457074,36.892220,223.735476,121.065884,3.350101,89.413393,38
472.717774,29.771705,226.225170,128.215651,0.000000,88.505248,39
468.396641,11.536581,230.973817,118.121580,0.000000,107.764663,38
467.788701,11.216376,230.606052,122.065995,0.000000,103.900278,38
478.347608,11.167297,222.276660,130.944049,0.001000,113.958602,40
514.449083,21.065368,237.991087,121.365397,4.347156,129.680075,41
505.204287,13.383427,260.372465,103.730723,0.000000,127.717672,41
506.572595,12.644166,285.103022,83.325656,0.000000,125.499751,42
559.655095,0.000000,287.953348,126.476601,0.000000,145.225146,45
545.061977,9.534678,263.099279,120.245180,0.000000,152.182840,44
567.544462,7.241291,268.338505,109.269162,0.000000,182.695504,44
563.423300,0.000000,257.399424,113.624487,0.000000,192.399389,43
573.822278,14.443040,250.726620,118.497152,0.000000,190.155466,44
571.777231,9.510857,229.638292,142.153281,9.700030,180.774771,45
581.691964,0.000000,217.557069,178.208913,0.666169,185.259813,49
571.700282,28.553712,188.855784,168.923518,18.310353,167.056915,48
533.560213,25.854463,167.834190,178.153426,24.019072,137.699062,46
554.619503,27.207764,171.532160,211.290614,0.000000,144.588965,47
548.334047,26.121655,168.490391,206.357327,0.000000,147.364674,47
542.626528,21.457447,173.597009,194.849613,8.434572,144.287887,47
505.155417,3.721558,158.874892,199.683253,0.000000,142.875714,42
503.064694,0.000000,171.468607,182.695504,19.428094,129.472489,42
497.007379,16.528257,184.638556,163.587829,0.000000,132.252737,42
484.368341,18.393572,168.543405,170.886222,0.000000,126.545142,40
513.239539,24.411889,161.524608,192.783263,8.848021,125.671758,44
526.033368,54.835049,123.342104,232.537475,0.000000,115.318740,48
531.444399,61.986485,110.019909,237.552163,8.436365,113.449477,48
570.231794,73.541273,87.508729,246.696558,0.000000,162.485234,46
583.737429,75.644761,92.833030,235.194760,0.000000,180.064878,46
595.288786,79.539601,91.100349,238.091484,0.000000,186.557352,47
607.948423,78.608494,96.708457,231.417732,0.000000,201.213740,47
603.272740,79.156063,93.678760,229.493464,0.000000,200.944453,47
587.243432,78.252265,73.592128,227.483558,1.092645,206.822836,45
591.875613,134.579521,19.762806,227.771531,13.899326,195.862429,46
560.147489,140.148582,14.091398,209.083638,17.042718,179.781153,42
554.629884,135.231461,23.289662,218.632880,2.142068,175.333813,42
545.223414,127.504274,33.785134,199.927324,0.000000,184.006682,40
539.348118,121.430988,35.022101,195.730970,0.000000,187.164059,40
564.396306,111.629866,46.700373,199.411344,21.957409,184.697314,39
564.908937,148.186946,65.810525,154.141750,0.000000,196.769716,39
578.999561,140.259522,72.419025,160.557849,0.000000,205.763165,41
573.415285,138.724614,91.066977,142.656373,0.000000,200.967321,42
596.360131,152.256975,71.034569,157.400226,11.241769,204.426592,44
580.775734,156.092175,73.260021,141.444931,5.831321,204.147286,44
555.915068,144.364405,93.092055,128.354881,8.395223,181.708504,41
528.147829,117.242809,99.369629,117.302682,1.896945,192.335764,38
519.843875,102.223460,101.852061,124.140875,0.000000,191.627479,36
520.616760,109.483809,104.892988,118.699408,0.000000,187.540555,36
510.298654,80.812131,101.959822,115.943142,0.000000,211.583559,32
511.342422,71.903038,106.762362,111.996814,0.000000,220.680208,32
523.480953,63.631457,122.074124,105.135677,0.000000,232.639695,33
527.462027,73.356901,115.770613,116.290960,14.892536,207.151017,34
521.726447,63.489533,139.091558,113.011099,0.000000,206.134257,33
520.591434,56.358386,147.276252,111.183948,0.000000,205.772848,34
514.919973,52.835463,145.911001,112.407448,0.000000,203.766061,33
518.964789,59.322256,148.044832,112.562895,0.000000,199.034806,34
530.698885,52.645250,151.694178,110.446162,0.000000,215.913295,33
564.549004,51.169882,150.953858,142.886718,8.560144,210.978402,34
561.504970,48.603579,165.832149,143.492646,2.857857,200.718739,32
576.584182,50.887727,153.114171,169.852754,2.602262,200.127268,35
589.176037,67.247280,142.998107,170.601096,2.169151,206.160403,37
575.778876,85.972402,139.505244,148.134642,4.314899,197.851689,37
586.164991,88.752848,131.183496,160.143683,0.000000,206.084964,38
573.152580,65.274100,136.746655,157.610991,0.000000,213.520834,35
588.918452,63.589453,147.428601,151.344791,21.822261,204.733346,37
557.817021,78.630675,123.254327,151.228856,0.000000,204.703163,34
556.491689,81.223098,116.802340,155.405433,0.000000,203.060818,34
560.392577,81.811645,118.206857,145.527809,0.000000,214.846266,33
574.168002,70.280300,120.455620,169.866792,0.000000,213.565290,35
583.980488,67.908280,120.146015,164.426994,0.000000,231.499199,36
592.984942,67.191571,120.982533,161.046031,18.591616,225.173191,36
592.393879,64.203294,135.287286,181.626760,6.112634,205.163905,37
622.331295,81.947634,115.797337,188.945373,8.038937,227.602014,40
623.714120,101.360727,105.751539,187.953028,0.000000,228.648826,40
612.647892,87.105064,103.787948,192.345155,5.506534,223.903191,38
606.989799,84.331924,121.714703,169.496072,0.000000,231.447100,35
608.201311,62.742207,125.410324,183.832842,4.337916,231.878022,37
569.878524,45.990301,127.011460,164.997568,0.000000,231.879195,33
572.501796,51.667453,118.503454,171.470995,16.680019,214.179875,33
591.713951,71.827570,87.937332,214.057082,10.159799,207.732168,38
573.385072,61.877248,99.429400,206.697843,14.064077,191.316504,39
545.153491,112.475420,64.071248,180.928369,0.000000,187.678454,37
543.364409,115.006639,109.103917,125.295993,0.000000,193.957860,37
549.937668,115.918539,110.550639,136.731951,9.032398,177.704141,38
510.073340,96.900278,104.454630,137.032058,15.878773,155.807601,32
487.631766,115.467245,78.983309,141.682852,20.861276,130.637084,32
467.771921,133.464874,76.745439,121.371707,0.000000,136.189901,29
457.060968,121.978585,79.625294,121.714708,9.467925,124.274456,29
465.411453,130.901945,70.149726,157.737796,0.000000,106.621986,31
487.937129,131.661635,71.915862,166.344292,0.000000,118.015340,32
506.661034,129.486294,75.934808,167.477575,1.458481,132.303876,33
500.031633,125.848129,77.939209,144.851383,17.882868,133.510044,32
494.738311,123.173477,90.750856,148.482337,12.765184,119.566457,33
495.699876,124.442058,94.215487,160.840528,0.000000,116.201803,34
472.685406,110.077076,87.405180,156.815426,3.925608,114.462116,32
475.633801,108.386891,78.172214,172.372645,10.835948,105.866103,32
443.604191,87.215104,90.550736,156.743668,19.000084,90.094599,30
447.259529,84.507410,117.617483,140.424425,4.954633,99.755578,30
424.988079,70.704320,115.730410,143.173844,9.521961,85.857544,29
434.110666,72.453240,123.457018,144.194400,20.236759,73.769249,28
414.098421,62.052453,117.254821,144.716363,8.706257,81.368527,27
426.272032,77.782037,101.544382,158.337389,5.956580,82.651644,28
431.664399,89.754265,96.982274,155.461469,7.891066,81.575325,29
424.839003,84.347534,76.492994,182.778718,7.192334,74.027423,30
437.272917,74.881183,87.219980,180.846094,9.098711,85.226949,30
440.476972,73.316266,92.369318,178.971008,5.106872,90.713508,31
455.581138,76.926839,90.282498,181.280658,5.799628,101.291515,31
454.464846,64.727625,103.196999,190.756503,4.688558,91.095161,33
460.660033,52.186573,101.834047,215.747390,0.000000,90.892023,34
455.421383,56.116653,93.665945,236.391457,19.002340,50.244988,34
417.564820,20.988739,121.035338,226.628059,4.291759,44.620925,29
429.918966,13.082916,121.188658,240.520939,0.000000,55.126453,31
429.865734,8.371180,123.210346,254.021031,3.662867,40.600310,32
453.707868,16.613135,117.465135,258.003578,9.804625,51.821395,34
442.447614,16.484052,122.658631,247.313029,0.000000,55.991902,33
444.844213,45.122476,105.069061,232.624545,0.000000,62.028131,34
454.934561,45.392418,113.201852,223.991077,0.000000,72.349214,34
463.564527,58.730030,103.218559,220.365949,4.125857,77.124132,34
475.692886,57.987515,115.418493,221.541983,4.204823,76.540072,36
476.550353,88.800811,98.005069,202.525871,1.271231,85.947371,37
468.489690,78.045897,100.499974,193.435307,9.393688,87.114824,37
516.172222,86.853953,96.536568,218.785640,0.000000,113.996061,39
510.421809,65.625644,96.214567,216.488415,0.000000,132.093183,37
510.076185,73.967020,90.061520,207.306902,0.000000,138.740743,37
527.126255,75.281443,89.749366,218.525560,5.604835,137.965051,39
517.313828,55.797033,81.219757,227.937787,0.321668,152.037583,39
521.083367,66.177694,72.077615,227.501880,4.927061,150.399117,39
486.772982,40.374005,69.854217,226.287539,0.000000,150.257221,37
485.639765,39.167936,89.302565,208.860867,0.000000,148.308397,37
470.592060,14.762083,90.713508,212.057366,0.641020,152.418083,37
435.515951,2.059618,92.781414,186.777673,0.000000,153.897246,34
431.981069,0.000000,81.514281,193.754251,0.000000,156.712537,33
438.560358,0.983045,99.019302,177.973243,28.721548,131.863220,34
439.200152,15.372732,92.766255,191.969143,2.945150,136.146872,34
430.494420,19.002340,102.945069,173.654139,9.622305,125.270567,35
455.312719,30.563897,87.766281,208.378133,0.000000,128.604408,38
457.746579,33.585180,91.998382,204.296571,19.018857,108.847589,40
450.419091,42.539325,71.022819,212.413871,0.000000,124.443076,39
465.630885,36.069637,83.202124,212.629344,0.804702,132.925078,41
469.953667,45.314817,130.155064,162.202733,2.515507,129.765546,41
491.857232,34.277103,147.359007,160.584768,11.021581,138.614773,43
485.128025,28.980980,147.924517,166.055265,13.349796,128.817467,42
492.011060,65.246933,121.098342,160.300913,0.000000,145.364872,40
513.474514,63.575476,137.660956,140.343879,0.000000,171.894203,40
515.327509,52.996751,145.116990,147.750344,13.184786,156.278638,40
516.995318,51.183261,152.341080,173.542937,0.000000,139.928040,42
560.332085,70.413082,139.876688,191.451907,9.730088,148.860320,45
561.468794,71.147676,162.684547,187.853048,0.000000,139.783523,45
558.234260,73.447403,160.413316,186.847481,1.414853,136.111207,46
559.273225,76.606160,152.418083,189.728283,0.000000,140.520699,46
568.547723,92.733510,143.918363,199.516017,13.289562,119.090271,48
568.541930,87.032818,144.657346,197.835096,8.301328,130.715342,46
567.861834,94.830566,134.603668,206.916148,0.000000,131.511452,44
586.262313,93.508239,137.548140,203.986445,0.000000,151.219489,44
584.576509,86.569585,160.832334,186.660325,0.000000,150.514265,44
592.711140,107.016945,141.125174,179.674141,0.000000,164.894880,43
602.209538,115.290854,134.473085,175.180849,0.000000,177.264750,44
605.763928,130.115257,122.576607,175.336056,9.354903,168.381105,44
609.778831,137.953063,130.860433,156.747817,7.423541,176.793977,43
592.970910,143.918363,116.361791,159.929413,0.582597,172.178746,42
590.079261,140.704966,136.778434,145.227154,18.877474,148.491233,42
574.684620,140.027600,132.172023,154.990391,0.000000,147.494606,43
590.782334,133.061469,140.021488,157.490306,0.000000,160.209071,45
616.292549,137.548140,147.499573,165.167886,8.332581,157.744369,50
616.422882,152.441818,147.748831,164.047340,0.759218,151.425675,50
585.932520,129.711405,152.647877,156.517496,0.000000,147.055742,49
579.123251,122.055527,146.868643,164.924210,8.844047,136.430824,48
611.440860,130.354607,168.621386,150.514265,0.000000,161.950602,48
601.829290,91.825408,180.513120,158.011102,29.879100,141.600560,46
602.161500,97.689567,190.488911,165.849413,0.000000,148.133609,46
611.508561,98.458209,190.887347,164.325423,11.576870,146.260712,47
590.303355,116.149942,166.538020,160.209071,0.000000,147.406322,45
587.867721,120.264477,158.518189,153.990619,0.000000,155.094436,46
598.846814,113.820235,159.549362,155.784860,0.000000,169.692357,46
613.497933,120.758761,152.966402,168.176861,0.000000,171.595909,46
600.612036,98.575722,147.377075,165.883411,0.000000,188.775828,45
598.604786,85.911360,154.355220,154.281969,0.000000,204.056237,44
600.008236,98.492776,139.562363,157.600526,4.361361,199.991210,44
575.727663,87.450202,132.848844,157.216893,0.000000,198.211724,42
581.146872,82.836003,142.375442,181.110590,0.000000,174.824837,43
559.477942,66.233374,141.804797,179.090895,0.000000,172.348876,42
579.979223,68.799191,162.839291,175.579502,5.355915,167.405324,43
558.623708,64.697828,168.987390,161.621375,7.934509,155.382606,43
552.234631,83.029782,154.005453,165.319537,11.511406,138.368453,43
554.474731,80.727650,151.358982,175.496370,0.000000,146.891729,44
558.230918,84.631121,152.936071,171.137696,3.931811,145.594219,44
555.287382,86.177851,170.221757,163.583752,6.854248,128.449774,44
555.884722,101.434975,147.838724,179.832164,0.000000,126.778859,43
559.219276,93.031871,146.425175,189.918682,6.542511,123.301037,42
546.688725,90.738475,137.917144,189.830059,8.381665,119.821382,42
541.581834,93.019939,153.483400,165.841382,10.589928,118.647185,41
508.788751,95.181310,155.624460,135.385588,0.000000,122.597393,35
523.191479,97.472872,156.342453,139.614067,0.000000,129.762087,36
513.612095,82.706632,171.668416,123.549211,0.000000,135.687836,34
515.940797,89.634569,160.542042,133.659473,3.474337,128.630376,35
486.500441,71.044904,173.932624,116.308167,5.000500,120.214246,32
475.021416,65.313673,181.361558,119.398194,0.000000,108.947991,33
478.251468,80.748751,170.209750,112.477943,0.000000,114.815024,34
470.549538,66.666428,179.832164,110.111946,0.000000,113.939000,35
469.345987,59.204852,189.918682,104.726937,0.000000,115.495516,35
488.149769,69.487639,198.584308,93.648046,0.000000,126.429776,36
484.096172,78.171012,186.056993,116.206532,0.000000,103.661635,36
522.952717,89.869548,188.563428,129.762087,0.000000,114.757654,40
515.631376,76.348896,200.006319,117.886113,9.175993,112.214055,39
493.601252,65.192832,193.743160,142.430975,0.000000,92.234285,36
528.304435,67.560929,214.982921,131.184236,0.000000,114.576349,37
515.898688,68.436714,208.615047,133.163349,17.024517,88.659061,37
530.535306,72.192806,205.181635,167.792169,11.160004,74.208692,40
508.243470,80.352013,195.875573,164.661367,1.582611,65.771906,40
501.734531,87.088369,219.135314,126.813449,3.628361,65.069038,39
488.406814,87.316456,195.964329,137.805710,14.702232,52.618087,39
471.939207,96.403531,184.395897,131.432163,0.000000,59.707616,39
483.841530,79.255612,206.902216,112.029122,0.000000,85.654580,37
462.453403,89.959226,181.587237,105.995474,0.000000,84.911466,37
493.052967,84.861992,181.145511,103.291056,7.751378,116.003030,37
509.765044,87.386897,177.837897,96.634638,2.500750,145.404862,38
508.177315,69.953457,178.282605,109.907311,0.000000,150.033942,39
525.196873,76.981133,179.100650,118.409274,0.000000,150.705816,40
559.600981,78.501038,179.725042,110.541041,0.000000,190.833860,41
575.758339,73.351295,178.952173,118.037505,0.000000,205.417366,41
563.602898,74.614794,160.838707,123.180974,8.848123,196.120300,39
558.541581,104.000537,125.640059,127.336879,9.350801,192.213305,39
531.496601,86.582118,131.200786,119.221918,5.535870,188.955909,35
551.076002,80.533929,131.253471,118.565136,9.417157,211.306309,34
545.456687,81.316311,140.685370,109.646495,0.000000,213.808511,35
542.338310,80.907369,132.257606,112.113266,9.238286,207.821783,35
532.061914,79.356997,121.792405,127.422374,0.000000,203.490138,34
530.227504,64.335483,117.734839,134.263795,4.445000,209.448387,33
518.516768,80.598738,92.776154,136.499779,0.000000,208.642097,34
519.141043,47.163965,107.249270,133.313674,48.467797,182.946337,33
477.221215,33.268934,109.466376,141.075100,0.000000,193.410805,29
478.636390,39.247661,108.656702,140.274450,28.269552,162.188025,30
442.156037,16.328792,165.402643,100.393836,16.933642,143.097124,26
413.759835,0.259277,171.744804,89.779111,0.000000,151.976643,20
428.562140,7.816167,173.416918,84.036528,0.000000,163.292527,21
425.897386,27.718332,153.018520,87.691248,0.000000,157.469286,20
428.190943,25.705470,160.119994,87.109369,3.248081,152.008029,21
432.893220,27.553372,160.942209,80.878765,15.364781,148.154093,22
427.116648,47.768378,164.445165,61.357522,0.000000,153.545583,22
431.921066,48.622075,171.638564,49.097244,0.000000,162.563183,22
422.408735,61.006483,156.468902,61.572431,0.000000,143.360919,23
414.772748,59.239045,149.381846,62.091547,0.000000,144.060310,23
409.469919,56.004180,156.057530,55.362317,0.000000,142.045892,23
425.953022,52.871661,158.782723,61.748805,14.051940,138.497893,24
408.453326,54.527305,138.350354,80.730988,0.000000,134.844679,21
409.594098,68.749332,126.358602,79.979561,0.000000,134.506603,21
413.144712,68.503944,123.845959,87.729253,0.000000,133.065556,22
393.068777,55.894623,129.089898,75.450474,10.390666,122.243116,23
374.704831,86.275564,99.130940,63.013245,0.000000,126.285082,23
378.136461,87.109369,94.186799,66.587971,14.330386,115.921936,23
376.243316,85.118692,119.421680,47.307522,0.000000,124.395422,25
386.052686,84.605288,117.453466,41.668848,0.000000,142.325084,26
382.398974,72.720631,128.530831,36.575212,0.000000,144.572300,26
383.707384,67.153989,127.849081,40.834918,0.000000,147.869396,27
396.400256,67.928811,131.607319,32.763580,0.233535,163.867011,28
405.048025,72.107470,129.267308,39.904278,0.000000,163.768969,29
397.761422,95.255089,103.883045,33.096036,3.813952,161.713300,29
386.904064,92.058175,114.093682,18.080064,0.000000,162.672143,28
370.513120,71.748106,117.495857,13.062323,9.022899,159.183935,27
370.461837,72.006006,114.635613,22.080288,0.000000,161.739930,27
409.293179,85.607341,105.017293,40.896996,0.000000,177.771549,27
411.032955,97.158344,118.417323,16.770944,8.028591,170.657753,28
382.172975,85.449474,100.178443,16.227585,0.000000,180.317473,26
375.392084,81.543241,101.678803,14.243133,9.275640,168.651267,26
372.882639,79.366595,100.587312,27.209144,0.000000,165.719588,27
351.280939,62.926462,119.788843,22.536241,9.190753,136.838640,27
379.016180,72.731977,111.315771,48.126880,6.465611,140.375941,29
379.807908,77.960668,102.898410,60.204481,0.000000,138.744349,30
375.823582,67.595863,102.730483,61.038486,0.000000,144.458750,30
377.270105,62.727711,100.687236,64.840016,2.959037,146.056105,30
357.520329,46.692617,105.415096,61.195935,0.000000,144.216681,29
357.138219,51.191585,108.331865,53.716048,11.684369,132.214352,29
355.638026,55.733682,105.215365,62.265731,0.000000,132.423248,29
369.091869,60.153102,104.868305,59.482736,0.001000,144.586726,30
365.506942,59.733375,113.316348,49.530288,0.000000,142.926931,29
372.703631,63.822018,105.875292,60.377108,0.000000,142.629213,29
375.900574,62.001090,132.147352,52.521102,14.628858,114.602172,30
391.430859,76.017658,123.310887,55.406415,0.000000,136.695899,29
407.334701,82.318911,114.801271,57.340527,0.159212,152.714780,30
407.390532,88.690518,101.910286,56.905797,9.195482,150.688449,30
400.135772,78.039082,117.191337,49.638025,0.000000,155.267328,29
383.885646,69.770965,132.550377,34.740282,4.451900,142.372122,29
390.155828,65.825637,129.779675,45.893811,0.099270,148.557435,28
354.055543,27.221578,149.724371,17.743030,0.000000,159.366564,25
381.822714,30.373241,153.747812,18.493779,3.932645,175.275237,26
421.906742,20.192733,158.048435,23.398763,6.021903,214.244908,28
407.784179,7.691707,184.510064,6.656807,0.000000,208.925601,26
415.423734,6.608597,187.517311,5.919190,0.000000,215.378636,26
414.152640,13.396235,181.752132,10.484323,15.015922,193.504028,26
431.071139,11.266614,195.314199,13.673950,33.984949,176.831427,27
406.399402,15.736003,165.044743,27.818382,0.000000,197.800274,21
413.357840,8.603292,161.345186,48.056727,7.667793,187.684842,24
420.362433,2.700136,161.990083,57.273957,18.539202,179.859055,24
398.772799,0.000000,188.014289,24.160446,2.956250,183.641814,19
405.589248,8.850414,204.953482,5.366812,0.000000,186.418540,20
442.935714,10.400062,232.914948,0.000000,0.000000,199.620704,22
457.354729,1.492176,241.178525,0.000000,0.000000,214.684028,23
481.547594,0.000000,246.594129,7.674225,0.000000,227.279240,23
474.312561,6.021903,231.580270,0.000000,18.248439,218.461949,21
394.577474,30.309123,133.581056,0.000000,0.000000,230.687295,15
389.889399,17.939351,140.162255,0.000000,0.000000,231.787793,16
392.429294,15.869381,134.225098,0.000000,8.974462,233.360353,16
405.077974,24.160446,137.972098,4.038332,9.677513,229.229585,17
404.576278,19.490249,147.208211,10.337160,0.000000,227.540658,18
404.409070,22.458811,140.378054,8.978596,0.000000,232.593609,19
451.228688,27.536516,138.586349,8.432894,0.000000,276.672929,20
449.219574,30.051942,135.626084,20.920038,1.720340,260.901170,20
460.086984,40.141081,126.292684,26.582844,7.577882,259.492493,22
450.971087,29.275958,120.079313,31.100800,13.457025,257.057991,20
431.127866,24.525337,113.881038,31.955041,11.902275,248.864175,17
426.708115,63.642639,81.954608,25.327083,24.719807,231.063978,18
452.889679,78.986598,81.274531,54.738371,0.000000,237.890179,19
483.645530,70.528312,80.357606,71.006911,0.000000,261.752701,23
499.122510,74.467346,76.658280,78.429113,0.000000,269.567771,25
507.230703,80.035311,71.745197,78.906787,10.539554,266.003854,25
481.833832,82.231017,50.528352,74.950934,6.012745,268.110784,22
493.813853,78.018042,87.542049,46.422922,7.124751,274.706089,22
477.531616,78.135282,72.002453,54.804009,0.000000,272.589872,22
483.159927,85.419563,73.777674,47.185661,2.661223,274.115806,22
484.010987,84.057645,79.823242,42.238840,0.000000,277.891260,22
513.197752,81.352071,80.964679,54.622905,5.385077,290.873020,25
508.998179,83.477058,78.629257,59.696482,0.000000,287.195382,25
509.935758,86.839879,75.270497,55.609107,0.000000,292.216275,26
515.879705,89.729902,83.758335,52.347296,6.151045,283.893127,27
547.437879,99.436778,71.573447,65.396503,2.215968,308.815183,28
557.762602,102.199766,88.169925,76.485666,0.000000,290.907245,30
547.236600,97.434087,82.271050,76.078648,0.000000,291.452815,30
530.948262,98.957305,80.196453,64.157420,0.000000,287.637084,31
536.291956,91.400063,83.807583,90.361533,1.077281,269.645496,34
537.443665,89.752489,82.430996,93.429124,3.056250,268.774806,34
71.821697,0.000000,2.637100,17.440846,38.553025,13.190726,5
86.028787,0.000000,8.755923,31.326230,0.000000,45.946634,3
176.191289,0.000000,13.190726,101.480992,11.828338,49.691233,9
151.562227,9.247030,30.278813,81.624234,9.761928,20.650222,7
147.379689,8.874217,30.432471,86.623254,13.293655,8.156092,8
110.448764,0.000000,19.037058,83.971451,7.440255,0.000000,5
132.545499,6.164279,35.736135,58.811568,30.360271,1.473246,7
99.072110,2.857857,17.792365,54.668966,3.881209,19.871713,6
111.050215,3.263594,24.857437,63.553427,0.000000,19.375757,7
113.628818,13.293655,25.927049,64.745401,0.000000,9.662713,9
120.884742,14.528771,29.299571,66.952992,0.991000,9.112408,10
132.096883,7.440255,45.755465,53.160251,0.000000,25.740912,10
148.836038,37.828176,17.997300,49.490044,0.000000,43.520518,11
142.115369,18.675386,36.911053,35.367056,8.053528,43.108346,9
133.086862,17.997300,37.702388,30.460184,0.000000,46.926990,10
159.763587,22.001084,42.844052,25.740912,0.000000,69.177539,11
148.218416,16.117198,43.002780,27.108059,16.094747,45.895632,11
116.542719,2.994713,32.690926,32.957306,3.050023,44.849751,7
103.032899,5.748725,58.795913,0.000000,0.000000,38.488261,6
104.159487,8.053528,51.797265,0.000000,5.634239,38.674455,6
93.647402,0.000000,52.561229,9.633797,13.979609,17.472767,6
72.777914,22.079000,29.247645,6.913187,1.272549,13.265533,5
66.556092,17.373181,38.674455,2.411718,3.978502,4.118236,5
59.035595,29.247645,25.569505,0.000000,0.000000,4.218445,4
78.532885,29.249125,23.763249,0.000000,0.000000,25.520511,5
81.767041,23.456794,19.404245,3.372488,0.000000,35.533514,7
152.905322,35.620238,10.461550,6.133052,0.000000,100.690482,8
204.014771,38.489972,19.319935,0.000000,3.363496,142.841368,10
195.659607,48.340446,4.306810,9.502537,0.000000,133.509814,10
225.725541,48.011211,12.866033,56.994602,4.782657,103.071038,13
223.703211,50.213509,25.491565,42.314133,3.484322,102.199682,13
221.504491,71.486629,15.917534,33.651119,9.759060,90.690149,12
233.898032,75.586606,5.000500,39.628429,2.977016,110.705481,11
224.204106,78.010054,0.000000,33.209951,0.000000,112.984101,10
225.953797,67.087378,0.000000,42.654965,0.000000,116.211454,10
233.647780,59.327713,19.680693,22.118826,0.000000,132.520548,11
218.743682,43.462427,25.584234,7.468551,0.000000,142.228470,12
228.196992,28.006326,45.922555,10.272219,16.272145,127.723747,13
228.616148,27.602952,55.465093,15.361439,0.000000,130.186664,13
225.139358,32.881802,36.691156,12.199474,8.317323,135.049603,14
234.728310,33.118793,31.755123,17.226736,17.559697,135.067961,12
227.613252,48.957714,15.547807,29.541901,4.115421,129.450409,11
236.471549,46.699922,13.197803,40.837257,20.232691,115.503876,11
231.346507,44.831323,30.660656,60.742115,3.472269,91.640144,11
229.169569,42.092171,27.591096,70.441153,0.000000,89.045149,11
230.571783,46.719317,22.652213,76.657447,5.976592,78.566214,11
213.077847,51.862378,0.000000,83.535045,0.000000,77.680424,12
210.085886,53.330073,6.401875,78.721794,12.253254,59.378890,11
185.644065,48.109951,24.733066,63.996120,6.857457,41.947471,9
181.129924,51.534178,4.816236,89.426843,18.095461,17.257206,10
129.794996,1.343967,29.841880,81.302813,0.312388,16.993948,8
151.808705,0.000000,30.789432,89.637084,9.487922,21.894267,9
148.531974,5.076250,17.797413,93.954760,3.387559,28.315992,9
159.525079,8.972065,12.253254,101.048020,12.827711,24.424029,10
156.050738,0.000000,15.109536,110.548775,18.666781,11.725646,10
143.063972,13.214394,28.733077,87.380414,2.255110,11.480977,11
141.813120,11.307575,27.716611,78.891951,9.960859,13.936124,10
128.480409,13.634817,35.053708,63.157003,14.923838,1.711043,10
70.463438,0.000000,12.712617,53.790217,0.000000,3.960604,5
71.462570,2.053427,11.725646,49.828611,0.000000,7.854886,6
136.074599,3.803436,14.172585,51.433122,7.518573,59.146883,7
100.258024,0.000000,3.088410,44.480205,6.000400,46.689009,4
115.559232,0.000000,28.380616,21.581874,7.642762,57.953980,6
127.085047,3.960604,52.834931,9.870143,4.760029,55.659340,7
113.205984,4.496463,44.439280,10.211140,0.000000,54.059101,6
124.105266,8.017440,46.632980,43.019547,0.000000,26.435299,8
212.505262,6.000400,46.689009,85.003893,0.000000,74.811960,13
212.802753,3.067571,59.722479,91.584944,0.000000,58.427759,14
213.678969,7.642762,63.252322,84.711974,0.000000,58.071911,13
213.887032,18.106979,65.874369,71.990223,0.000000,57.915461,14
199.831841,1.604128,79.665986,81.149032,0.000000,37.412695,14
224.012205,0.000000,83.112366,83.267178,0.000000,57.632661,16
235.955408,14.254034,67.146696,83.563108,0.000000,70.991570,16
235.022242,16.101041,64.186414,85.826289,0.000000,68.908498,17
219.524863,20.572368,61.753036,65.756823,15.285628,56.157008,17
182.895648,4.943154,64.259994,66.353088,9.545500,37.793912,15
179.978446,0.000000,68.263983,81.520831,0.000000,30.193632,15
201.474063,0.000000,69.651513,76.114833,6.477925,49.229792,15
221.262469,3.385277,58.427759,96.600442,0.000000,62.848991,18
218.923839,4.299635,58.071911,94.924808,6.978696,54.648789,19
220.171598,0.000000,61.967249,96.084232,1.417043,60.703074,18
226.489958,7.829435,48.054756,94.595403,10.791397,65.218967,18
217.782098,6.297891,33.269954,112.887697,0.000000,65.326556,16
245.994910,3.943787,39.200379,112.018981,0.000000,90.831763,18
251.299375,0.000000,56.880351,90.774470,0.000000,103.644554,18
271.596799,12.744830,48.417652,92.451082,0.000000,117.983235,20
275.201095,17.423554,47.299801,90.527269,0.000000,119.950471,21
261.800996,8.176412,45.614968,102.773848,0.000000,105.235768,20
297.378611,27.228597,34.643400,91.932866,6.677389,136.896359,21
301.266184,24.121705,59.392559,78.064636,0.000000,139.687284,22
304.328280,26.237462,48.546779,82.367673,20.138051,127.038315,23
301.849232,24.869298,55.906873,78.157405,0.000000,142.915656,22
317.451909,21.221470,57.749349,91.996963,7.980658,138.503469,23
319.586469,40.310360,37.010531,93.164390,9.488168,139.613020,22
331.501365,22.232631,60.135042,88.872207,0.000000,160.261485,22
329.284863,18.871506,63.384846,87.413884,0.000000,159.614627,22
326.890489,13.291782,62.205114,85.439715,0.000000,165.953878,22
358.925196,8.388072,64.064470,101.598288,12.552714,172.321652,22
353.933491,0.000000,71.944161,103.016829,0.000000,178.972501,19
349.110250,7.783985,69.688838,93.250425,5.707550,172.679452,20
380.215990,12.083047,75.823416,103.174556,0.000000,189.134971,22
453.622485,15.805533,69.966879,142.473316,10.367628,215.009129,25
473.697689,22.619775,72.499502,149.476106,0.000000,229.102306,27
473.827305,19.725929,77.272439,152.411561,9.279352,215.138024,28
467.680361,20.857912,71.212851,152.677406,40.444027,182.488165,27
414.339265,9.488168,52.897984,169.935877,0.000000,182.017236,23
419.307373,5.226755,47.777482,192.515048,0.000000,173.788088,25
418.451774,9.308919,68.171429,171.684262,0.000000,169.287164,26
433.883704,10.890927,71.316190,172.492906,0.000000,179.183681,26
455.089466,6.737848,76.480472,179.809438,0.000000,192.061708,28
461.915316,6.937221,76.011468,174.612524,0.000000,204.354103,28
468.210621,9.235441,69.684900,176.483178,3.066233,209.740869,27
483.197792,0.000000,65.084205,185.980827,7.414259,224.718501,26
487.269328,19.516104,41.050271,202.418102,0.000000,224.284851,27
475.023121,5.721358,67.483739,176.172182,0.001000,225.644842,26
480.088470,14.661365,62.427981,174.392417,0.000000,228.606707,27
482.815655,8.244705,68.798460,179.173941,4.390805,222.207744,26
486.562341,15.593706,68.543868,187.833337,8.471964,206.119466,27
478.982078,56.113627,89.153074,119.854934,0.000000,213.860443,26
460.371349,31.860317,86.548175,123.631244,29.372190,188.959423,25
439.276614,26.382189,64.092761,145.590602,6.917288,196.293774,24
456.944359,13.350786,65.348319,153.636007,0.000000,224.609247,25
471.132122,9.224272,66.872137,170.372975,0.000000,224.662738,28
468.432617,21.963709,63.995314,159.740208,0.000000,222.733386,29
463.051838,8.356285,75.655691,155.880977,0.000000,223.158885,28
451.961886,9.558868,68.134149,168.019242,3.898460,202.351167,27
444.584512,0.000000,65.781443,172.305594,13.244789,193.252686,26
449.424609,5.884250,80.798473,166.509093,0.000000,196.232793,26
458.434893,4.779527,85.181340,163.214098,0.000000,205.259928,25
454.218462,17.312620,72.200007,159.304527,31.826653,173.574655,25
429.472634,8.226318,76.512480,169.689422,27.064873,147.979541,23
416.862282,50.024959,54.306003,171.525860,0.000000,141.005460,20
413.806731,56.334423,57.391017,164.757541,1.667500,133.656250,20
421.956484,49.409610,66.244430,159.751927,4.894690,141.655827,21
418.648146,51.644156,84.694711,135.185436,7.235898,139.887945,21
405.055557,33.357769,81.098024,145.724431,10.753840,134.121493,20
402.921283,25.359143,94.660758,146.935249,3.620816,132.345317,21
381.848426,14.030946,113.489038,119.745203,11.156981,123.426258,20
380.444062,31.930646,80.367759,125.657583,0.000000,142.488074,18
377.034369,25.663839,85.280670,117.620856,5.785862,142.683142,17
374.673804,17.532141,81.806486,111.446200,0.000000,163.888977,17
387.713988,37.870512,66.394200,102.898489,0.000000,180.550787,18
369.190877,19.583012,65.306719,105.336745,0.434440,178.529961,16
375.626165,15.857628,68.773790,109.633229,0.000000,181.361518,17
396.471795,20.870845,77.906487,100.998374,0.000000,196.696089,19
403.387311,21.917051,77.738029,106.657099,19.155078,177.920054,20
390.448286,35.197397,59.660017,119.563677,0.376238,175.650957,20
376.015916,27.170904,52.638913,123.171666,0.000000,173.034433,21
415.078265,10.736968,71.686491,118.668681,0.000000,213.986125,22
408.048600,4.540553,76.976184,116.984203,2.603480,206.944180,22
410.683941,17.046351,64.742867,141.663597,0.000000,187.231126,23
416.324141,55.251759,33.432652,127.912650,0.000000,199.727080,23
437.340261,47.919554,38.102282,138.640185,0.000000,212.678240,24
439.634771,39.031178,41.576067,144.784634,7.164866,207.078026,25
443.391237,27.090116,62.733837,149.551725,6.194809,197.820750,25
405.999411,15.033452,80.721943,112.600193,3.519167,194.124656,19
429.503322,20.635263,66.564948,150.344072,0.000000,191.959039,20
439.403167,30.609386,70.731925,136.206750,0.000000,201.855106,20
448.751642,38.889571,69.473218,133.059418,0.000000,207.329435,20
451.728325,43.874587,64.844549,145.503671,2.972503,194.533015,21
426.366446,40.403827,58.631995,138.502783,7.769599,181.058242,21
422.619975,45.156057,76.975726,116.193724,6.368523,177.925945,22
425.565005,48.012201,77.193965,122.533115,6.181028,171.644696,21
437.292767,67.713743,59.544952,135.752386,0.000000,174.281686,22
489.536492,65.775138,81.965454,125.112572,2.258839,214.424489,25
491.168990,73.950579,81.907166,138.259203,16.124540,180.927502,25
491.536908,78.465640,96.595090,120.803641,0.000000,195.672537,24
482.235914,52.167185,74.588467,131.948080,14.817754,208.714428,22
490.790404,50.495563,80.957596,148.458346,4.084491,206.794408,24
484.975681,44.222147,89.252174,145.567131,0.000000,205.934229,24
501.635078,16.108767,90.003708,154.384301,0.000000,241.138302,25
501.698188,22.252136,83.936605,153.467118,11.916407,230.125922,25
528.442200,61.433023,38.119237,172.141363,42.283126,214.465451,24
500.897695,56.610357,86.910616,155.996616,8.451535,192.928571,23
498.329915,65.101613,81.664221,166.863170,0.000000,184.700911,23
473.879237,36.913920,83.668428,172.004672,0.000000,181.292217,22
470.843162,41.100456,85.130548,162.841107,8.451768,173.319283,22
474.458249,40.407221,91.626065,167.964311,0.000000,174.460652,24
472.088307,40.617264,87.693326,171.185794,30.415340,142.176583,22
418.818794,2.148025,113.982663,151.932867,0.000000,150.755239,20
387.576973,0.000000,91.307409,144.579725,14.333321,137.356518,18
388.740219,9.399860,93.586109,143.854537,1.143743,140.755970,18
389.001485,21.433832,105.477050,111.723555,0.000000,150.367048,17
392.166715,29.904463,98.739904,110.683463,11.077787,141.761098,17
399.781644,24.987835,83.695799,142.767229,0.000000,148.330781,18
422.395736,48.154257,63.317988,144.602235,4.728154,161.593102,21
398.060203,50.960944,49.329745,139.480143,9.714314,148.575057,20
396.510681,56.490584,41.053429,150.075013,0.000000,148.891655,21
408.572831,63.151850,49.576811,135.534875,0.000000,160.309295,22
404.158080,45.234549,72.266598,112.434313,0.000000,174.222620,23
410.251054,32.570793,68.401130,119.470960,9.487655,180.320516,25
404.397622,23.127643,64.961498,139.247620,0.000000,177.060861,28
414.239938,26.163500,72.456488,141.821797,0.000000,173.798153,29
434.451684,33.648463,57.912473,142.778187,0.000000,200.112561,29
425.601208,30.036231,47.016770,140.820291,34.186439,173.541477,28
386.230927,26.801837,60.091375,133.980782,0.000000,165.356933,27
386.946971,22.911874,60.114949,132.363073,2.909414,168.647661,27
414.280068,20.181644,65.879912,137.281638,3.334000,187.602874,26
465.606138,9.301093,72.141456,148.575057,0.000000,235.588532,29
478.130508,11.373306,74.428223,147.091526,13.217769,232.019684,29
475.237369,24.841724,62.638540,160.343343,7.883423,219.530339,29
467.968259,9.089573,45.419836,188.178120,0.000000,225.280730,27
467.122611,4.728154,48.029356,180.320516,1.778600,232.265985,25
445.772437,12.141102,43.772867,158.368267,6.250375,225.239826,25
434.015180,9.777579,37.957245,173.450055,16.916298,195.914003,22
441.256059,10.372653,33.755408,185.312281,0.000000,211.815717,21
435.667527,0.242734,35.534891,200.112561,0.000000,199.777341,22
491.724027,7.436154,39.140368,198.181159,1.929882,245.036464,24
496.777119,4.386526,44.002472,194.822406,0.000000,253.565715,24
495.799231,0.000000,43.947600,194.761690,48.024927,209.065014,24
459.913399,15.479048,63.052543,176.392505,0.000000,204.989303,22
493.814525,0.000000,85.654455,173.395245,0.000000,234.764825,23
499.739480,0.000000,82.529477,166.532085,0.000000,250.677918,23
496.694424,12.438763,65.707179,173.263594,0.000000,245.284888,23
479.320045,0.000000,64.377525,171.518888,9.341040,234.082592,21
480.605604,6.309296,63.199830,173.489866,0.000000,237.606612,22
489.387317,7.883423,66.676705,174.544687,0.000000,240.282502,23
491.315952,3.440827,71.502121,168.148318,17.877752,230.346934,24
472.868541,7.027159,55.874140,168.548481,0.000000,241.418761,22
470.396382,7.532715,49.921215,167.784896,0.384845,244.772711,22
461.605770,5.556000,43.414647,171.968620,6.703626,233.962877,23
453.871709,0.000000,64.768499,147.278964,0.000000,241.824246,24
453.664306,8.788000,51.207676,148.569665,2.091798,243.007167,23
442.458625,0.350092,90.383450,101.015627,8.128627,242.580829,21
433.159788,0.000000,92.251339,96.963834,0.000000,243.944615,19
457.654109,8.660134,83.733492,121.297620,6.381314,237.581549,22
422.712081,0.000000,94.930989,95.985716,3.086277,228.709099,23
402.559014,8.867427,77.052354,82.296819,45.978960,188.363454,22
370.175842,10.979308,76.560673,90.193111,0.000000,192.442750,18
365.915391,12.415119,72.048990,95.672307,0.000000,185.778975,18
385.323488,6.689895,95.985716,74.652856,11.528625,196.466396,18
376.743833,18.887717,73.804008,91.258072,7.979476,184.814560,17
369.256955,16.013642,74.803721,97.058123,2.644413,178.737056,17
378.610949,23.393224,70.374734,109.037204,0.000000,175.805787,17
385.881367,23.579428,72.750981,107.491768,0.000000,182.059190,18
377.127816,16.895463,79.199622,108.005509,1.653979,171.373243,18
365.870946,15.708533,101.189997,76.855573,8.085214,164.031629,15
356.931963,12.781674,117.605954,53.543275,4.555000,168.446060,14
346.765784,9.313221,108.964777,48.996079,0.834250,178.657457,13
336.572581,9.461796,100.976268,54.135529,16.331178,155.667810,14
307.856716,3.750625,76.819415,46.929647,38.264741,142.092288,13
271.438340,0.000000,93.362560,34.946219,0.000000,143.129561,10
271.502423,8.372804,90.099005,39.131097,7.181384,126.718133,11
263.114701,19.650546,76.037677,43.609304,10.923732,112.893442,11
234.185754,27.958350,92.311048,12.989236,16.652783,84.274337,8
234.775381,51.123215,66.528309,21.278363,8.396413,87.449081,9
223.736093,50.852501,70.092002,4.749046,0.000000,98.042544,10
220.044016,49.709694,72.928964,6.815134,8.404006,82.186218,11
215.181949,38.657468,85.541109,4.598754,30.696296,55.688322,11
208.565005,35.891668,84.044177,33.803748,6.143243,48.682169,11
224.548824,39.813218,84.274337,30.984105,0.000000,69.477164,12
230.694888,47.636886,83.639324,35.729236,0.000000,63.689442,14
207.287267,35.128468,81.995389,27.235139,0.000000,62.928271,13
208.091275,22.087571,85.250814,32.081902,16.600267,52.070721,14
210.150609,48.191641,79.249851,32.803567,11.395080,38.510470,14
199.076338,45.915403,72.265094,35.194832,0.143166,45.557843,12
219.910630,38.030274,95.170475,26.404601,19.949042,40.356238,14
220.723945,53.352262,63.689442,47.444644,0.000000,56.237597,16
241.396877,55.664827,66.429126,54.727915,0.000000,64.575009,20
244.258344,62.366908,64.429456,58.185580,18.329249,40.947151,20
260.451509,83.269662,45.524379,74.306878,0.000000,57.350590,21
266.333987,89.644750,34.958563,75.282197,3.704333,62.744144,22
261.633041,83.418244,38.144417,69.584324,0.000000,70.486056,21
281.329115,80.970252,37.171993,85.511275,0.000000,77.675595,24
278.542967,74.499220,45.735728,98.421214,0.000000,59.886805,22
294.163119,86.354673,40.356238,112.575717,0.000000,54.876491,24
293.917622,82.709117,39.905919,130.747236,6.204759,34.350591,26
266.615168,53.924424,56.237597,134.974471,3.734803,17.743873,26
268.097187,62.611617,52.271351,127.985690,0.000000,25.228529,26
267.875335,68.740668,44.655857,123.087188,0.000000,31.391622,26
299.652583,70.824684,49.106219,131.290395,9.078375,39.352910,28
292.322528,69.099172,105.105890,78.062084,6.544968,33.510414,29
274.020610,54.417351,103.890668,80.135024,0.000000,35.577567,24
267.723368,60.626277,103.118450,69.781307,19.831928,14.365406,24
275.313150,58.997644,108.454564,84.514082,9.726630,13.620230,24
285.472173,87.596399,70.486968,91.301370,1.923885,34.163551,25
271.438102,89.350750,59.913181,84.644035,0.000000,37.530136,23
276.595454,95.218532,68.387431,73.076895,0.000000,39.912596,24
285.697495,97.963922,71.857325,67.164524,0.000000,48.711724,23
282.384505,112.403296,56.392869,67.978333,0.000000,45.610007,22
296.837604,122.818093,51.832680,57.516896,0.000000,64.669935,22
321.843456,123.077908,54.622717,58.583464,16.274812,69.284555,23
271.816548,102.380767,79.706585,20.582762,0.000000,69.146434,20
271.996454,94.099845,85.233892,14.604595,9.646261,68.411861,21
252.260736,103.525558,83.393793,0.000000,28.278443,37.062942,20
244.140703,76.949922,91.570984,32.082976,0.000000,43.536821,18
247.689060,70.912008,95.145704,36.877665,3.514163,41.239520,19
255.419858,42.046671,88.927954,50.305929,11.027469,63.111835,20
294.071749,36.087436,97.859818,51.982876,2.714483,105.427136,21
296.087864,42.294173,93.243359,69.977091,0.000000,90.573241,22
289.783558,52.474006,89.410159,60.390500,14.860804,72.648089,21
275.172801,59.171330,94.359146,57.727300,15.927507,47.987518,19
233.490356,14.286399,134.162010,20.637436,0.000000,64.404511,15
239.019232,32.707836,118.421091,28.699941,1.273600,57.916764,16
239.871829,57.757993,101.243192,20.549949,0.000000,60.320695,17
212.386303,48.377239,82.502165,33.414920,3.940000,44.151979,15
215.027938,44.287142,89.266324,32.059494,0.000000,49.414978,15
240.813552,42.230855,94.204756,55.953935,0.000000,48.424006,19
264.581414,59.456784,75.132028,66.104285,2.395127,61.493190,21
265.363624,59.278500,71.230410,65.241019,34.089799,35.523896,20
217.982186,52.917950,79.798752,49.446374,0.000000,35.819110,16
256.790084,61.456645,75.014784,73.807824,0.151739,46.359092,21
247.628034,52.568291,82.707281,66.915163,2.374771,43.062528,22
258.042989,43.014792,88.294124,74.098095,0.000000,52.635978,23
277.117082,45.873233,90.441078,93.417823,0.000000,47.384948,25
282.353985,47.826872,87.991291,113.539732,0.000000,32.996090,27
266.228099,32.059494,90.341741,111.798464,13.232093,18.796307,26
274.256478,44.926454,87.802169,106.528760,5.923329,29.075766,26
293.087319,68.499412,65.631707,116.726793,0.000000,42.229407,28
316.584037,65.241019,73.959563,123.177185,5.712708,48.493562,29
317.282663,71.900339,79.152353,108.096154,5.986575,52.147242,30
320.861628,86.951250,82.329941,91.506103,0.000000,60.074334,29
307.668414,80.511009,80.129934,92.649770,0.000000,54.377701,29
310.506995,93.380039,79.256783,83.837934,0.000000,54.032239,30
307.417055,96.465596,83.697447,79.409473,9.361765,38.482774,30
312.065986,96.758700,88.340969,89.194225,12.038153,25.733939,30
302.664681,80.691664,101.123914,91.229302,16.070230,13.549571,28
273.893055,81.873794,104.182477,76.618896,0.000000,11.217888,29
286.197560,101.742056,85.091084,69.944066,2.008054,27.412300,29
274.415537,102.069003,91.273170,53.343961,24.448633,3.280770,29
262.067405,100.881494,103.387906,57.288581,0.509424,0.000000,27
294.439270,100.581096,99.292394,75.075735,3.304763,16.185282,27
296.410982,104.517968,108.523832,70.207107,0.000000,13.162075,28
318.484366,108.521777,103.527133,74.467053,0.000000,31.968403,28
324.519733,102.288533,105.158279,70.879289,28.583646,17.609986,27
324.742370,135.984324,96.977697,66.626024,19.117892,6.036433,27
325.231215,139.327932,99.594710,69.274317,8.106358,8.927898,26
325.435409,140.515888,94.555612,82.669936,0.000000,7.693973,28
330.029710,137.193707,112.232447,80.603556,0.000000,0.000000,28
332.183691,137.192451,112.827554,76.323270,0.000000,5.840416,28
348.092277,154.602469,107.670379,73.536711,6.286921,5.995797,29
350.756982,171.472803,123.256270,54.676598,0.000000,1.351311,29
344.061063,175.666235,118.993047,40.721093,0.000000,8.680688,30
370.710261,174.118509,128.163147,55.242548,0.000000,13.186057,32
376.013814,178.609630,149.520011,37.727784,0.000000,10.156389,34
421.706672,185.986364,149.690226,49.216948,18.189201,18.623933,38
421.110858,206.042144,147.786100,43.396052,0.000000,23.886562,37
397.034193,200.604686,125.403961,40.113929,8.880463,22.031154,35
386.889194,196.941169,111.509414,46.412794,0.837036,31.188781,33
388.018329,201.636768,113.925545,43.650570,8.599174,20.206272,34
387.524603,210.876328,110.592585,44.373101,9.026262,12.656327,34
355.097750,196.166709,139.777067,0.000000,0.000000,19.153974,31
376.279528,202.905386,131.403937,1.498177,0.589176,39.882852,34
357.748433,197.441924,109.061846,7.157176,33.314852,10.772635,32
279.442161,146.062928,126.593845,0.000000,6.785388,0.000000,30
265.893917,136.001246,121.534823,4.860694,3.497154,0.000000,29
285.726943,135.263672,123.222495,14.990061,3.729440,8.521275,29
318.500375,138.761855,129.332093,13.811192,4.272873,32.322362,31
315.208010,141.504202,121.112131,13.240557,9.661051,29.690069,31
312.774474,147.884099,141.118159,0.708894,8.518666,14.544656,31
296.095895,129.745068,162.350227,0.000000,0.000000,4.000600,29
311.964175,125.392813,168.656790,0.000000,16.104229,1.810343,31
311.797924,120.749726,172.278954,8.281284,0.000000,10.487960,30
295.441739,98.905457,177.251718,12.298303,6.986261,0.000000,27
294.980565,109.553902,168.888113,9.038300,7.500250,0.000000,26
292.741872,116.898424,160.610254,15.233194,0.000000,0.000000,27
321.798665,114.334501,165.616543,26.552752,3.235296,12.059573,31
297.298054,90.862873,166.148027,28.155357,4.311523,7.820274,28
295.219052,87.886913,170.470428,23.814653,0.000000,13.047058,29
317.611083,82.016532,180.234486,15.294869,4.120438,35.944758,30
320.979968,80.448297,178.609088,27.801075,6.550012,27.571496,31
318.648774,107.347153,154.743543,22.652838,0.000000,33.905240,32
344.790813,134.967061,130.282620,35.944758,9.797814,33.798560,33
358.416100,155.564439,111.336012,39.171905,0.000000,52.343744,31
413.317654,159.485130,112.240753,67.116231,26.293404,48.182136,33
417.410989,185.746182,135.061480,51.935851,0.000000,44.667476,35
408.966534,161.542620,135.175305,68.003946,11.171578,33.073085,37
399.431902,160.524813,129.530289,79.026971,6.108824,24.241005,37
384.868789,144.063710,140.875778,69.030533,0.000000,30.898768,37
384.623539,139.448674,150.892290,67.142952,0.000000,27.139623,37
369.288262,117.555319,193.912376,23.988902,3.363404,30.468261,36
358.802216,116.982860,206.657835,15.405299,0.000000,19.756222,37
344.563873,103.098860,208.997130,20.882866,11.585017,0.000000,37
326.603276,91.165645,226.507099,8.930532,0.000000,0.000000,34
333.897445,81.039009,237.718265,1.240407,0.000000,13.899764,35
368.127246,78.964971,248.572150,0.000000,0.000000,40.590125,37
372.480088,91.465106,248.577073,0.000000,0.000000,32.437909,39
368.081562,76.084111,246.889302,15.156410,0.000000,29.951739,37
369.119236,83.733337,241.962163,9.807500,0.000000,33.616236,37
412.730468,85.583456,241.620135,28.231685,6.358027,50.937165,40
411.011172,89.979976,243.159775,36.756114,0.811196,40.304111,41
429.212898,88.407597,245.757821,44.950473,0.000000,50.097007,42
433.673968,90.068401,241.748424,47.645715,0.000000,54.211428,41
443.002396,93.363573,246.776834,49.040301,12.604941,41.216747,41
480.127330,97.394581,248.201616,75.796427,7.500250,51.234456,44
478.856252,110.832567,237.174311,84.354908,21.715205,24.779261,44
477.652343,130.420193,253.511118,61.618889,31.493873,0.608270,45
447.432285,115.934161,262.737499,56.941461,0.000000,11.819164,41
436.528997,104.380805,275.629035,45.355399,0.000000,11.163758,40
447.148466,101.095965,284.236619,57.556049,4.259833,0.000000,43
454.723873,112.633606,293.946678,39.132634,0.000000,9.010955,44
451.112862,106.302367,303.945635,36.324425,0.000000,4.540435,45
464.113638,100.095308,317.401402,34.175500,0.000000,12.441428,48
473.503720,92.347359,322.735675,26.108165,10.351084,21.961437,48
440.283165,65.996711,330.694036,12.442428,0.000000,31.149990,45
433.495695,79.229777,304.935231,18.213261,0.000000,31.117426,45
439.775739,79.906023,312.644357,12.319253,0.000000,34.906106,44
418.629153,58.871137,319.266127,6.730576,7.368684,26.392629,42
421.540230,69.514095,324.685501,3.969675,0.000000,23.370959,43
386.886503,55.593612,307.414138,6.778100,0.000000,17.100653,42
382.750889,57.494286,305.702164,9.374463,0.000000,10.179976,42
374.874687,54.179577,302.318878,12.923452,0.503896,4.948884,43
338.316089,24.863270,301.447663,0.000000,0.000000,12.005156,37
366.140738,24.994293,305.087381,16.704029,9.740489,9.614546,40
338.812451,12.149054,303.195033,21.409337,0.000000,2.059027,36
334.382968,10.613168,313.924292,2.937133,0.000000,6.908375,36
370.748044,40.304111,287.593807,20.740640,13.058584,9.050902,40
363.381611,42.622365,313.885216,0.000000,6.874030,0.000000,39
374.787027,48.386015,287.238006,22.883361,0.000000,16.279645,41
377.552545,49.923388,287.704762,20.606313,0.000000,19.318082,42
392.890679,58.494776,276.397347,38.223246,19.775310,0.000000,44
395.551767,74.430795,257.515124,62.903164,0.000000,0.702684,44
392.814571,67.070604,256.341414,69.402553,0.000000,0.000000,44
365.999021,51.658203,247.340094,67.000724,0.000000,0.000000,44
346.986837,37.220624,246.043527,61.221936,0.000000,2.500750,45
370.138495,35.573938,267.222045,48.098405,0.000000,19.244107,45
388.889127,40.864860,276.085992,34.827275,16.780074,20.330926,46
364.329923,33.458549,276.307664,36.632716,0.000000,17.930994,45
374.687512,24.928014,281.381481,40.121169,0.000000,28.256848,44
387.817540,21.456139,285.946681,47.117272,6.897423,26.400025,45
383.860703,37.532399,282.758365,39.819818,0.000000,23.750121,43
383.000977,38.978603,282.523047,36.800346,0.000000,24.698981,43
397.281238,34.906106,280.411329,45.872931,0.000000,36.090872,43
371.731257,1.128707,284.710887,49.937024,6.324356,29.630283,39
388.711043,2.798266,312.226809,30.263286,12.974804,30.447878,40
391.061191,0.503896,318.870131,45.446997,0.000000,26.240167,41
398.402334,5.066423,323.413605,38.410864,0.000000,31.511442,42
407.511069,14.335448,327.650751,30.826143,1.186377,33.512350,43
405.480683,46.499958,322.417830,5.344667,23.262444,7.955784,42
402.365033,30.376739,338.284569,4.662188,0.000000,29.041537,40
398.690814,32.494152,336.101119,0.000000,7.191911,22.903632,41
415.588569,28.125370,329.524074,0.000000,1.396544,56.542581,38
415.862471,24.138168,335.268739,0.000000,0.000000,56.455564,39
409.653339,22.109486,334.812022,0.000000,2.918174,49.813657,38
415.791171,21.407084,341.527673,0.000000,0.000000,52.856414,39
405.659610,5.180088,347.498112,0.000000,5.012999,47.968411,39
414.614048,4.413499,351.801245,0.000000,0.000000,58.399304,38
451.927267,9.488373,348.523525,0.000000,0.000000,93.915369,39
519.301400,13.631683,350.348848,27.798716,27.671377,99.850776,43
474.916854,29.600369,341.388564,0.000000,0.000000,103.927921,39
501.209082,14.752138,334.860998,4.169047,7.353907,140.072992,39
495.503101,17.608551,328.524588,15.608050,6.326910,127.435002,40
469.964903,28.558199,310.087075,7.188688,0.000000,124.130941,37
475.005168,30.401996,311.837206,0.000000,17.113309,115.652657,37
451.390267,18.459726,311.425164,0.000000,0.000000,121.505377,35
452.313507,49.937024,291.950583,15.160678,10.901660,84.363562,35
451.456342,72.470863,280.512747,16.566609,0.000000,81.906123,36
460.123849,78.994240,272.604846,24.946333,0.000000,83.578430,38
455.449166,77.692332,279.228017,19.378940,6.274882,72.874995,38
449.566851,66.434096,283.711298,34.693719,9.750335,54.977403,38
436.060117,50.722036,311.298015,9.606465,0.000000,64.433601,37
429.824947,56.298596,308.027566,2.703680,9.237388,53.557717,36
412.020474,42.365572,296.383085,0.000000,3.189816,70.082001,33
407.939374,31.261572,290.857231,7.200716,0.000000,78.619855,35
394.183537,23.490040,288.242686,0.000000,0.000000,82.450811,33
416.435661,35.821483,277.696254,0.000000,0.000000,102.917924,34
414.749892,31.420989,271.276442,0.000000,6.196700,105.855761,33
421.392135,32.001118,273.974839,11.398027,0.000000,104.018151,35
413.673073,21.162994,261.432587,10.720588,0.000000,120.356904,33
431.042407,17.812539,266.242386,27.537053,10.201326,109.249103,35
411.724525,9.391387,253.338167,44.735063,0.000000,104.259908,33
406.443838,0.000000,261.858749,37.547681,7.038466,99.998942,32
391.072618,16.074590,266.911338,11.194739,0.000000,96.891951,33
378.156607,0.575528,270.213023,15.567701,7.361827,84.438528,33
374.189394,6.360788,286.493109,0.000000,0.000000,81.335497,31
388.475051,0.000000,288.331045,0.000000,8.481482,91.662524,33
395.620006,6.326910,282.175474,7.206711,0.000000,99.910911,34
410.288226,8.160128,277.811103,20.353942,0.000000,103.963053,37
410.907322,21.533680,262.607387,21.000649,0.000000,105.765606,38
433.539083,44.356173,241.577081,35.582920,26.511967,85.510942,39
396.106229,51.106227,215.475097,35.422548,0.000000,94.102357,37
395.392218,51.805247,216.397948,31.353707,0.000000,95.835316,38
402.432778,50.513285,216.527270,32.413743,23.492072,79.486408,40
391.970643,40.559248,199.192088,50.666971,0.000000,101.552336,38
408.164306,34.006350,202.323559,57.717402,10.279858,103.837137,38
424.638180,42.688011,195.678011,71.186990,7.476442,107.608726,39
484.360152,48.739841,212.973383,87.065725,3.896714,131.684489,41
489.770084,65.497785,211.282863,70.972278,15.598537,126.418621,41
502.507575,63.070491,230.527604,63.236159,7.400030,138.273291,41
495.844229,68.896790,255.296636,34.537057,0.000000,137.113746,38
502.506163,67.789303,256.428784,35.833562,5.750797,136.703717,38
531.296438,78.234565,241.923833,41.823848,0.000000,169.314192,38
551.353918,86.842487,241.858359,45.418781,9.349178,167.885113,39
556.229906,94.457734,259.946685,33.427532,9.642452,158.755503,40
555.009169,87.762247,280.486419,20.946097,0.000000,165.814406,39
558.649815,89.051769,303.246060,0.000000,0.000000,166.351986,39
548.459568,67.742626,300.975629,0.000000,9.506222,170.235091,38
542.992596,61.032700,306.798308,15.016397,0.000000,160.145191,40
549.371619,77.694836,301.991316,1.600264,8.626898,159.458305,41
555.231603,74.119167,304.301906,7.914319,25.451940,143.444271,40
552.208645,83.625550,304.893824,42.043742,7.294388,114.351141,39
545.860335,82.158107,304.931878,49.651241,9.276600,99.842509,37
545.378907,107.421500,306.190121,31.209056,0.000000,100.558230,37
567.094267,124.578944,290.312318,41.300959,0.000000,110.902046,38
580.255984,131.944812,284.012661,55.004454,0.000000,109.294057,39
592.755386,129.524905,296.655369,43.153966,0.000000,123.421146,40
609.732654,127.189023,294.862393,52.191469,0.000000,135.489769,40
610.848173,126.196001,296.856374,50.506656,0.949181,136.339961,41
626.305846,132.283573,287.849603,65.641040,2.449734,138.081896,42
621.784212,129.089610,301.808726,53.944015,5.484664,131.457197,44
631.222170,151.381803,279.400997,67.066850,18.067521,115.304999,43
630.414392,155.027221,294.171828,47.434141,7.744261,126.036941,42
643.761705,170.693468,283.986450,51.168036,14.848846,123.064905,42
636.449934,169.001222,280.419810,58.866540,0.000000,128.162362,41
600.332002,140.727687,275.658467,55.612285,0.000000,128.333563,40
579.804424,122.035197,284.445235,44.304265,38.852094,90.167633,39
517.129113,120.420844,270.242882,28.713653,6.251646,91.500088,35
502.726245,127.570711,266.058232,0.000000,5.315594,103.781708,33
502.295993,118.657447,270.644638,2.857858,0.000000,110.136050,34
490.379385,114.312356,267.640952,7.161440,0.000000,101.264637,32
484.161111,108.092954,265.759867,4.367923,8.000200,97.940167,32
473.052886,101.520696,269.683851,7.778000,0.000000,94.070339,31
474.627213,100.570134,274.066670,6.991182,1.993554,91.005673,32
468.530073,98.488029,274.863923,9.330065,0.000000,85.848056,32
465.652900,103.255171,271.548086,0.000000,0.000000,90.849643,33
461.296447,90.639089,281.664466,1.798055,3.787470,83.407367,36
449.293030,97.036772,266.162075,2.369184,1.182890,82.542109,36
456.715258,112.734479,268.301728,11.290915,0.000000,64.388136,38
456.074849,111.267588,273.100146,2.917069,18.777117,50.012929,39
425.114125,94.357845,277.070760,15.323812,10.171977,28.189731,40
394.495279,64.124410,294.480796,0.000000,0.000000,35.890073,35
359.179397,31.898315,297.707810,0.000000,0.000000,29.573272,32
405.991388,31.249620,299.450724,26.029319,0.000000,49.261725,38
405.844331,28.739048,298.674762,26.160609,0.000000,52.269912,37
405.744744,27.411219,297.860397,24.115306,0.000000,56.357822,38
404.637847,30.754060,297.036870,15.223924,13.663727,47.959266,38
401.234095,31.925018,294.207520,24.128972,16.665580,34.307005,38
401.933450,29.052004,299.896470,42.156513,5.584383,25.244080,41
381.867482,19.162129,296.276079,38.031603,0.000000,28.397671,40
385.940056,9.041443,299.639019,35.631210,7.250275,34.378109,41
369.961750,0.000000,296.623145,33.474521,15.804919,24.059165,39
355.710704,21.107345,264.673662,25.621713,7.980498,36.327486,38
371.347670,28.982334,263.923737,34.378109,16.591754,27.471736,39
367.930189,32.392454,262.349046,50.594694,0.000000,22.593995,39
391.945451,47.762092,252.314509,53.474734,4.864459,33.529657,40
403.804687,47.794818,258.998940,49.369130,0.000000,47.641799,41
406.873841,44.837435,253.464411,62.677871,0.000000,45.894124,43
452.013346,38.857490,255.430743,89.370331,0.235581,68.119201,47
450.668705,39.132725,253.096762,92.900644,0.037449,65.501125,47
421.487860,26.414871,264.517603,74.134186,0.000000,56.421200,43
427.278788,33.479478,262.250368,68.866487,0.000000,62.682455,43
439.933086,37.852507,258.552503,70.757019,0.000000,72.771057,43
440.815025,35.547624,263.039550,69.202687,0.000000,73.025164,44
464.352019,23.812086,272.315686,80.760141,0.000000,87.464106,46
500.726493,20.376703,268.776911,103.752125,0.000000,107.820754,50
508.074380,32.508160,258.877130,109.095703,8.902549,98.690838,50
551.327470,25.495789,283.437030,95.476135,5.937907,140.980609,53
550.019877,53.269970,247.914800,104.203266,16.134368,128.497473,52
545.374829,56.943410,246.893828,114.152619,9.681096,117.703876,53
536.018250,57.522638,265.751565,106.768471,9.028437,96.947139,54
512.962639,60.401087,249.316712,112.982314,5.932117,84.330409,51
533.569515,66.089382,246.460492,142.111756,0.000000,78.907885,53
537.408550,62.281214,253.933658,140.115631,0.000000,81.078047,53
531.259198,59.979043,271.191802,114.918876,36.443221,48.726256,52
535.903316,63.420465,271.001284,129.331723,0.000000,72.149844,49
532.246117,54.966213,268.326558,128.200370,0.000000,80.752976,50
553.095416,51.926640,273.387541,148.689211,0.000000,79.092024,52
562.982897,52.678443,301.439221,136.622584,8.918332,63.324317,54
531.708592,32.743609,308.627459,129.992030,6.948504,53.396990,49
523.957930,19.771058,323.839370,127.382766,9.058151,43.906585,49
529.339375,68.275119,315.064766,82.043609,9.276802,54.679079,48
541.568021,68.735927,311.304392,97.665710,0.000000,63.861992,50
540.034908,68.472596,313.307504,111.286343,10.328614,36.639851,51
517.863113,44.245833,321.567430,114.871301,0.000000,37.178549,47
510.728509,19.028734,324.645424,112.890078,0.732634,53.431639,44
519.543098,28.517609,366.356322,66.042257,0.000000,58.626910,44
525.442873,42.028871,358.324194,64.681886,0.000000,60.407922,45
522.377696,40.765540,353.044539,66.630508,0.000000,61.937109,45
528.192091,60.964347,346.461759,74.683283,0.000000,46.082702,46
528.203521,44.373951,356.369487,69.829163,0.000000,57.630920,45
549.515285,48.701444,364.476199,61.965493,0.000000,74.372149,45
546.643283,71.445375,335.467356,65.588452,14.431431,59.710669,45
528.673378,57.040091,341.630661,58.167370,0.001000,71.834256,41
533.005272,71.636190,344.653224,52.257279,8.006152,56.452427,42
486.223089,31.399752,380.624034,14.765693,13.773577,45.660033,37
470.153855,15.359401,372.738958,37.526912,0.000000,44.528584,37
487.207878,30.875348,363.570531,40.933205,0.000000,51.828794,38
495.645442,35.650394,358.491181,44.843808,10.755852,45.904207,39
480.957246,44.454307,335.740472,44.634579,5.598740,50.529148,37
459.430897,38.166761,334.045337,33.562110,0.000000,53.656689,37
453.988448,36.709942,320.467109,37.533499,9.469079,49.808819,36
434.705321,25.379117,314.528563,54.387581,0.000000,40.410060,36
451.821202,30.571433,310.896555,55.832478,0.000000,54.520736,37
499.192970,50.937030,297.881848,54.102660,4.602873,91.668559,38
475.304952,42.213289,268.511873,68.013657,13.173446,83.392687,37
476.522423,38.874097,287.315041,61.639993,0.000000,88.693292,38
476.830742,31.658026,289.565574,62.440012,0.000000,93.167130,39
467.474941,17.984031,291.440385,59.994162,0.000000,98.056363,39
459.397461,15.038095,286.017895,60.325931,39.074042,58.941498,39
410.876379,0.000000,336.393723,13.602223,11.944512,48.935921,36
406.624611,0.000000,329.275621,28.266483,8.486487,40.596020,35
401.417971,0.000000,329.672936,27.372045,0.000000,44.372990,34
392.334545,0.000000,319.286171,24.383787,4.686522,43.978065,33
416.704080,3.485278,340.143087,3.540792,0.000000,69.534923,34
435.194275,0.000000,337.016879,14.866700,9.047714,74.262982,34
425.239585,4.051228,343.575129,4.122452,11.673909,61.816867,34
430.069381,20.285837,341.010809,0.000000,0.000000,68.772735,33
433.981861,14.153507,346.763886,8.823996,9.684773,54.555699,35
438.691434,22.632496,340.813405,26.344002,3.299371,45.602160,37
465.547217,27.328837,328.259045,37.991650,0.617377,71.350308,37
476.910033,34.131286,317.367792,30.743254,16.981257,77.686444,38
450.904284,8.609198,304.841469,52.588957,0.000000,84.864660,34
462.064576,9.445509,319.937984,45.684565,0.000000,86.996518,35
460.956628,5.599740,322.373361,54.096367,0.000000,78.887160,36
456.939613,8.736759,329.886470,48.648876,20.193649,49.473859,37
410.662329,4.142179,305.661819,59.117812,0.000000,41.740519,33
417.073417,20.456347,286.905640,51.419513,0.000000,58.291917,32
420.068786,23.728728,280.399163,50.849579,8.680232,56.411084,32
420.240947,20.805204,316.134357,23.708932,0.000000,59.592454,33
418.845435,25.374909,300.144785,28.887580,5.328137,59.110024,31
382.202752,16.112135,297.361809,8.066958,0.000000,60.661850,29
366.986235,6.167459,294.669820,4.320546,0.109685,61.718725,29
344.341699,13.757231,265.096463,8.819562,0.000000,56.668443,28
337.219712,7.595455,271.591314,9.465119,0.000000,48.567824,29
343.852957,7.011233,284.530598,6.628095,10.220687,35.462344,30
338.759015,3.540792,299.317680,0.000000,12.172712,23.727831,29
319.036594,6.616308,279.595170,5.990661,1.720126,25.114329,27
311.465044,19.451909,269.006330,7.702581,12.674005,2.630219,27
282.341740,0.000000,273.600659,0.000000,0.000000,8.741081,24
299.594053,28.226520,254.034863,0.845986,0.000000,16.486684,24
288.082477,5.227991,247.216481,25.911202,0.000000,9.726803,23
308.929340,7.686877,247.750121,36.722193,0.000000,16.770149,25
321.181755,4.066389,251.949899,47.070096,0.000000,18.095371,28
331.481244,17.567738,254.265871,46.014146,0.000000,13.633489,29
334.420374,47.916487,232.489438,44.173908,6.169022,3.671519,30
314.028607,21.671429,229.662135,45.971700,16.723343,0.000000,28
336.323723,23.403110,223.065834,54.292172,14.106158,21.456449,28
314.262771,18.292996,253.802989,19.993535,0.000000,22.173251,26
332.662490,24.417173,251.716427,20.725132,0.000000,35.803758,27
326.890943,15.922721,257.873803,22.173251,22.381623,8.539545,27
305.344149,9.465119,280.202268,0.000000,15.676762,0.000000,23
299.049648,9.102765,289.436225,0.510658,0.000000,0.000000,22
313.671625,10.220687,299.818274,0.000000,0.000000,3.632664,25
313.693947,16.823199,290.329993,2.615335,0.000000,3.925420,26
338.116150,4.290647,287.774648,14.211799,0.000000,31.839056,27
355.146396,14.228352,274.426329,19.664100,0.000000,46.827615,28
365.010314,17.037769,282.200393,15.071854,9.794741,40.905557,29
361.701758,20.688102,281.113114,25.506722,0.000000,34.393820,30
360.874300,19.839595,277.715620,22.658024,6.459171,34.201890,29
403.575310,26.343213,268.899933,53.524344,13.290328,41.517492,34
406.412216,17.807584,288.126784,50.839887,5.571509,44.066452,35
344.261004,1.842921,245.864448,50.520218,0.000000,46.033417,29
353.766075,25.560838,231.432067,42.542052,13.295374,40.935744,30
358.246108,26.605078,272.793712,25.074278,9.148714,24.624326,30
30.827835,0.000000,18.151046,0.000000,6.701963,5.974826,1
34.092473,7.010609,16.837423,0.000000,0.000000,10.244441,2
35.160830,16.837423,0.929479,1.982453,0.000000,15.411475,3
29.495931,2.911932,0.000000,10.145728,1.189067,15.249204,4
43.044787,0.469038,5.989253,3.902344,0.000000,32.684152,1
54.493695,4.076680,19.423931,0.000000,0.000000,30.993084,3
66.062626,5.814917,25.071972,0.000000,7.612180,27.563557,4
66.697741,0.000000,27.326545,11.917946,15.645611,11.807639,5
64.147856,3.444051,38.428624,6.495604,4.211105,11.568472,4
94.015393,4.115870,45.019463,1.963913,33.372722,9.543425,5
56.642313,9.604559,17.302514,16.009074,13.726166,0.000000,1
59.171653,0.000000,19.976073,28.143521,11.052059,0.000000,2
59.080001,0.000000,39.334107,9.494991,7.050223,3.200680,3
39.748116,4.873930,24.470831,0.000000,9.038855,1.364500,3
58.699667,4.724937,30.149249,0.000000,8.469541,15.355940,3
70.752835,7.050223,22.073576,15.032843,0.000000,26.596193,5
52.145208,1.364500,12.094430,19.623866,8.868037,10.194375,5
49.503877,1.486171,8.217173,31.925692,0.682131,7.192710,5
80.566611,0.000000,25.050653,29.443341,0.000000,26.072617,7
125.685866,26.273096,0.000000,46.003714,5.465766,47.943290,7
130.054062,17.387085,12.056256,49.555311,0.000000,51.055410,9
118.381691,6.276032,21.115591,48.339717,0.000000,42.650351,8
131.028750,0.696399,17.989901,77.650995,3.501744,31.189711,10
131.953976,0.000000,21.922135,78.422079,18.377406,13.232356,9
133.256462,6.586687,25.809681,82.170766,0.000000,18.689328,10
140.157573,2.654534,40.010010,67.081433,0.000000,30.411596,10
148.422061,4.121895,57.369877,50.056747,12.466722,24.406820,10
131.185870,8.444600,54.225215,32.134969,9.338302,27.042784,9
128.866793,6.822747,54.583513,33.638079,7.692539,26.129915,9
121.155632,0.000000,50.056747,46.419042,4.783719,19.896124,8
153.802939,1.468081,41.394421,58.632163,8.183409,44.124865,10
165.723477,11.614405,41.473271,55.981601,0.000000,56.654200,10
175.331579,16.990379,35.403609,55.612291,0.000000,67.325300,11
176.373707,10.627139,46.419042,75.328746,0.000000,43.998780,12
209.493100,19.278751,36.381086,85.593017,11.647271,56.592975,12
224.654891,22.667567,37.048937,102.743111,0.000000,62.195276,12
221.281993,33.952320,34.684138,91.072466,6.784709,54.788360,13
228.138767,37.048937,60.403702,56.759922,0.000000,73.926206,12
226.603256,41.917882,89.829351,19.780331,16.118323,58.957369,13
221.832637,36.454859,92.418167,39.289456,0.000000,53.670155,14
200.723276,16.278837,86.598004,53.098309,8.963237,35.784889,13
219.736679,10.004295,91.072466,78.633165,0.000000,40.026753,15
223.099002,11.464893,95.373787,73.926206,1.690972,40.643144,16
226.451795,24.943673,74.661714,83.018166,4.872745,38.955497,16
220.878613,28.766522,73.419731,85.894214,0.000000,32.798146,16
233.728552,36.477508,68.240246,110.483226,6.312426,12.215146,19
206.078322,24.132458,67.013608,97.387689,17.544567,0.000000,18
215.295428,14.286783,73.926206,101.838915,18.661196,6.582328,18
229.822588,16.659809,66.899843,132.547586,2.586107,11.129243,20
239.118846,24.327457,67.787634,136.901879,0.000000,10.101876,20
231.966234,30.318028,63.742497,127.268565,0.000000,10.637144,21
238.568917,27.937357,50.589700,148.089790,11.952070,0.000000,21
265.245104,11.166305,40.643144,193.599243,4.417931,15.418481,24
266.233575,4.612892,46.562310,198.293259,6.301310,10.463804,23
301.625794,5.020554,58.104943,210.948511,0.274529,27.277257,25
311.845940,17.368113,35.137762,217.102124,0.000000,42.237941,25
313.751396,25.327479,27.354850,243.531340,17.537727,0.000000,27
289.436451,10.621182,23.952085,244.128381,10.734803,0.000000,26
302.571010,18.431718,23.087983,249.725405,0.000000,11.325904,27
312.323720,21.885380,21.387488,251.630867,5.544616,11.875369,28
295.731353,10.893983,14.349541,254.468981,0.000000,16.018848,27
296.169499,28.443932,7.145172,240.760977,0.000000,19.819418,28
311.339287,18.954629,34.989959,219.321462,0.000000,38.073237,29
325.496828,25.215811,31.890024,250.377416,0.000000,18.013577,31
349.237595,20.596390,54.983307,241.963710,0.000000,31.694188,32
351.376661,13.715350,63.849697,252.565988,12.655596,8.590030,33
330.358244,7.241655,63.180299,248.139243,0.000000,11.797047,31
335.453394,4.251189,59.629427,257.960006,8.711864,4.900908,33
338.746793,0.000000,51.101402,270.469038,8.901455,8.274898,33
336.641756,5.082459,30.300216,284.008298,0.000000,17.250783,30
346.439275,4.417931,30.082865,286.269259,0.000000,25.669220,31
369.284033,25.882285,19.034193,281.222578,0.000000,43.144977,32
369.433344,29.218439,9.651470,279.154286,10.583379,40.825770,32
366.688649,41.214884,0.000000,284.284239,0.000000,41.189526,32
360.487164,40.005111,14.538313,270.646009,0.000000,35.297731,32
359.449997,42.187104,19.690894,268.334677,0.000000,29.237322,32
363.548601,22.688604,21.192228,267.666096,0.000000,52.001673,30
365.587574,19.690894,16.648717,280.923282,0.000000,48.324681,32
359.127202,21.192228,8.192503,286.838095,2.450755,40.453621,32
358.492384,17.537727,10.790704,281.884974,0.000000,48.278979,32
348.820211,10.140406,8.494806,282.215177,0.000000,47.969822,33
346.195773,10.734803,13.955338,275.604737,4.480839,41.420056,32
378.961715,7.261188,21.635183,274.165563,12.185279,63.714502,34
353.190370,0.000000,31.804263,256.214320,0.000000,65.171787,28
353.088043,0.000000,40.990361,238.225270,18.919515,54.952897,29
345.877584,0.000000,53.924843,223.355519,0.000000,68.597222,29
338.897513,0.000000,50.761057,222.379859,0.000000,65.756597,29
347.938409,0.000000,51.682715,221.070791,0.000000,75.184903,29
349.189843,0.000000,57.739137,219.936496,0.000000,71.514210,29
387.525857,0.000000,72.828295,219.707793,15.945877,79.043892,31
398.492762,5.067160,62.099486,235.602524,9.257973,86.465619,33
357.581712,0.000000,41.832031,227.104448,3.933799,84.711434,30
367.495588,9.786932,52.411459,216.691193,8.562091,80.043913,29
409.950453,4.296599,54.627191,219.647692,0.000000,131.378971,29
404.403302,0.000000,41.878728,217.122659,0.000000,145.401915,27
399.922868,0.000000,40.175936,244.014457,0.000000,115.732475,28
457.656163,0.000000,49.123895,256.173302,0.000000,152.358966,32
468.447421,3.158579,51.488094,271.363311,16.851113,125.586324,33
470.430491,7.115673,66.057227,270.952653,8.211766,118.093172,34
476.151300,2.450755,76.486972,272.088936,7.363242,117.761395,34
482.794838,22.713679,63.168514,279.717359,17.345942,99.849344,35
493.447681,17.739942,91.993473,251.724574,14.166842,117.822850,32
487.594507,19.572248,84.740073,266.767267,17.106099,99.408820,33
486.829106,42.886263,85.124627,254.938765,2.828303,101.051148,33
458.000601,14.116821,147.533701,190.533911,8.175858,97.640310,30
447.279282,22.035998,171.555275,156.064787,3.273653,94.349569,29
432.795272,10.781808,202.112031,126.304938,5.581280,88.015215,28
426.773564,10.623480,214.823667,110.540853,5.265451,85.520113,29
424.567674,3.275008,223.762029,116.516151,0.000000,81.014486,27
420.489345,13.920780,217.215591,122.084571,0.000000,67.268403,28
420.041408,8.534388,214.570184,131.989692,0.000000,64.947144,29
448.632386,3.933799,228.674808,135.620550,4.199476,76.203753,31
464.450100,47.533235,209.747003,119.964630,0.000000,87.205232,32
469.411475,40.857317,232.361364,94.819605,7.081952,94.291237,32
503.142777,40.738922,233.435159,98.356595,21.887846,108.724255,34
470.268733,14.714695,271.977624,64.273841,0.000000,119.302573,30
471.209369,21.846679,268.904968,58.606674,0.000000,121.851048,31
459.222529,8.854995,264.249449,63.664029,5.234262,117.219794,29
453.792148,18.023306,244.606878,66.983683,0.000000,124.178281,28
451.147198,16.901003,246.203647,64.455018,0.000000,123.587530,28
460.191128,31.787397,224.661533,69.041838,0.000000,134.700360,28
462.187152,38.454344,232.532596,59.509771,0.000000,131.690441,29
453.278367,30.921564,224.638388,66.219166,0.000000,131.499249,30
450.778125,35.288146,244.515018,39.871294,0.000000,131.103667,30
421.432735,7.824687,256.883976,20.437862,8.741385,127.544825,29
412.810425,19.044767,256.655286,14.422915,0.000000,122.687457,30
415.261783,26.892347,253.897340,13.413173,0.000000,121.058923,31
437.607591,30.192582,249.052061,29.698171,0.000000,128.664777,32
438.923875,28.605430,244.212727,33.780550,0.000000,132.325168,33
437.069361,42.721160,228.090003,26.030612,0.000000,140.227586,32
425.660538,55.850898,207.037921,20.096415,0.000000,142.675304,33
430.755747,48.557136,212.491120,12.726689,51.121285,105.859517,32
344.806370,18.166675,188.042548,40.969491,5.942756,91.684900,24
342.821535,15.337864,198.694533,34.188977,6.103109,88.497052,24
363.816413,26.207418,197.718415,39.794353,0.000000,100.096227,25
369.148135,31.405943,201.477567,34.563491,0.000000,101.701134,25
341.826291,0.000000,205.641543,39.055108,0.000000,97.129640,25
353.510408,0.000000,205.401203,70.801982,0.000000,77.307223,26
391.256525,0.653545,224.414208,70.948181,0.000000,95.240591,29
394.606770,0.000000,228.216354,73.258636,0.000000,93.131780,29
392.427730,0.000000,254.460084,42.569126,8.750125,86.648395,29
397.807627,6.062341,242.346631,80.907851,0.000000,68.490804,29
422.786665,8.133520,244.381462,89.459519,9.069242,71.742922,32
410.492328,0.000000,250.724913,78.171728,0.000000,81.595687,29
411.063727,0.000000,251.220439,75.284008,0.000000,84.559280,29
438.629482,15.104458,226.716561,100.709783,0.000000,96.098680,29
481.327299,0.000000,253.943583,76.458487,0.000000,150.925229,27
505.856017,3.699694,258.757957,87.572956,0.000000,155.825410,29
515.395850,7.751548,275.020539,81.595687,0.000000,151.028076,31
502.280371,0.000000,289.819276,67.521641,23.269822,121.669632,32
478.899594,0.000000,298.557754,59.958812,25.099540,95.283488,33
478.561079,0.000000,291.400940,95.524842,15.597647,76.037650,33
507.408585,0.000000,305.146540,94.829927,0.000000,107.432118,34
500.044912,4.692919,293.729449,97.715183,0.000000,103.907361,34
506.537182,0.000000,291.436506,100.668573,10.349742,104.082361,34
518.734747,20.479898,273.369449,101.446054,1.870378,121.568968,33
522.224404,31.030739,259.639868,102.474874,0.000000,129.078923,32
503.009440,24.065320,267.366915,85.320464,1.162500,125.094241,33
488.765881,25.269629,268.065756,71.698213,10.813619,112.918664,32
499.478109,25.111822,271.114849,92.927585,0.000000,110.323853,34
493.153256,17.206836,280.757303,91.711131,21.610655,81.867331,34
477.241269,33.327194,268.170563,83.927177,0.000000,91.816335,32
480.636925,57.269993,243.990267,95.065877,17.640415,66.670373,33
459.802177,32.490797,243.294704,109.931315,0.000000,74.085361,31
452.226397,28.874392,247.344955,103.096903,0.000000,72.910147,30
442.360937,24.532837,251.682662,95.382936,0.000000,70.762502,30
460.109111,28.710760,266.325030,73.042196,0.000000,92.031125,30
458.587638,33.541225,258.797397,78.162435,18.934941,69.151640,30
442.695049,48.731926,237.169673,84.992224,6.824111,64.977115,30
444.528407,56.095302,242.984557,74.203944,0.000000,71.244604,30
506.458648,57.482507,264.265651,45.117163,6.733660,132.859667,30
525.766272,72.173838,249.552949,42.271377,14.803947,146.964161,29
496.141600,48.728457,243.095869,28.350240,9.541330,166.425704,27
490.401589,49.725176,236.237690,37.883494,0.000000,166.555229,28
479.824476,40.787376,233.064499,39.770763,0.000000,166.201838,28
497.056713,35.850185,242.070106,41.049385,22.329912,155.757125,30
491.772695,31.243745,241.261694,59.864183,0.000000,159.403073,30
522.736297,29.755549,240.720627,60.415931,0.000000,191.844190,29
517.519760,14.314567,241.347288,72.801423,0.000000,189.056482,30
516.945719,18.708145,236.861147,69.762626,0.000000,191.613801,30
541.947024,19.147608,267.515156,62.212155,1.780822,191.291283,32
506.224773,0.000000,259.759242,53.350357,9.587670,183.527504,29
507.344561,4.868239,283.976586,23.024829,10.721095,184.753812,28
523.931028,0.000000,305.489044,16.487284,17.399102,184.555598,29
535.855121,10.345813,324.145385,5.129397,9.045322,187.189204,31
533.376341,12.223893,313.491421,23.171008,7.767480,176.722539,32
524.721491,21.647806,301.819463,31.012634,0.000000,170.241588,31
504.927933,9.156711,297.079676,27.522176,0.000000,171.169370,31
497.080296,0.000000,291.514221,29.637304,22.353395,153.575376,29
462.473653,0.000000,293.473097,4.635730,0.000000,164.364826,26
471.616887,0.000000,294.001095,12.689774,0.000000,164.926018,27
468.180005,0.000000,286.670976,18.364911,12.137900,151.006218,28
444.092462,34.403941,252.317615,5.653930,7.236049,144.480927,26
449.928353,42.610010,252.112056,7.869485,0.000000,147.336802,27
451.108972,38.766444,255.098868,2.985588,0.000000,154.258072,28
448.776771,39.018126,257.040331,0.000000,0.000000,152.718314,28
482.285378,25.106864,280.352926,0.000000,0.910000,175.915588,32
489.519520,30.191413,277.834659,0.000000,18.936872,162.556576,32
494.641901,30.996182,288.242672,11.068063,0.000000,164.334984,33
492.433517,55.095134,260.096577,13.971977,2.053484,161.216345,33
478.609977,56.830414,246.140102,14.877071,15.425180,145.337210,31
452.935284,42.614941,241.333513,33.726741,11.982890,123.277199,29
437.143627,58.409549,231.283770,13.948299,0.000000,133.502009,29
460.926088,49.907519,231.986690,32.969445,0.000000,146.062434,31
446.307912,40.057956,235.132425,20.201024,0.000000,150.916507,30
447.290975,31.939100,254.406983,5.021865,5.267214,150.655813,31
444.949146,38.439665,247.366955,8.000200,9.533725,141.608601,32
464.922988,59.110648,238.518352,9.373945,31.601645,126.318398,31
417.280310,57.115089,215.762531,7.770485,8.890580,127.741625,27
431.764689,55.820697,215.999633,15.364064,6.510766,138.069529,28
450.093558,41.349118,235.927342,5.442933,35.539821,131.834344,26
417.982846,24.675358,268.036947,0.000000,0.000000,125.270541,22
421.104946,25.135857,271.846152,0.000000,9.691661,114.431276,22
429.102545,17.902719,279.684565,3.305205,19.028270,109.181786,23
427.550584,23.888325,297.756171,0.000000,0.000000,105.906088,25
425.574399,21.160582,301.656326,0.000000,19.102505,83.654986,24
428.746572,40.659036,302.728547,7.493004,3.762760,74.103225,25
421.644787,34.587586,300.867821,12.112439,0.000000,74.076941,26
423.539064,39.567878,295.364004,17.588085,38.465896,32.553201,26
407.449145,32.611210,305.856363,38.106112,9.000100,21.875360,24
386.474881,10.289079,325.971659,28.434655,0.000000,21.779488,22
387.329205,0.000000,324.194059,39.376262,0.000000,23.758884,23
392.530205,0.000000,355.242504,11.638394,0.000000,25.649307,24
401.901826,0.000000,344.531640,10.637419,0.609047,46.123720,26
380.661840,8.950724,317.688293,15.590283,0.000000,38.432540,25
380.807646,1.526545,319.839536,12.512418,0.000000,46.929147,26
403.373591,19.281870,313.070084,13.848899,6.097951,51.074787,27
396.509198,11.317369,319.763948,18.911170,4.706412,41.810299,28
397.820850,29.401646,303.603396,17.956690,7.299540,39.559578,30
415.194481,42.927819,297.291758,28.744581,0.000000,46.230323,31
404.870519,64.693464,266.623858,29.415554,7.994781,36.142862,31
384.143845,47.736952,285.749842,20.795093,0.000000,29.861958,30
370.686028,35.838784,287.885030,13.741021,2.661832,30.559361,31
374.589182,45.408612,279.305369,20.892952,0.000000,28.982249,32
366.423751,46.219804,281.216646,11.582677,0.000000,27.404624,33
410.349944,43.605598,281.183592,49.356844,2.023919,34.179991,37
369.404688,35.052725,264.773983,40.571389,0.000000,29.006591,35
363.369217,28.717929,260.924667,39.763768,0.000000,33.962853,35
362.526064,30.173838,256.506744,47.672333,0.678899,27.494250,37
357.690335,50.527902,254.817470,25.038283,10.744587,16.562093,38
341.325820,47.295416,269.994581,3.086193,0.000000,20.949630,37
355.831798,43.481502,264.834526,0.000000,0.000000,47.515770,37
386.980925,38.465896,271.946308,2.089041,29.196679,45.283001,39
367.532618,45.144881,258.087147,12.894722,0.000000,51.405868,42
362.391761,23.641042,265.179326,31.764861,0.521781,41.284751,40
370.759543,18.069527,265.504022,34.611279,0.000000,52.574715,41
369.193903,10.760358,270.759190,34.020889,0.000000,53.653466,40
370.301478,12.512418,279.995574,16.640331,0.000000,61.153155,38
357.694408,23.617582,254.021165,16.206219,17.687880,46.161562,36
319.835439,3.958937,245.477025,17.125373,0.000000,53.274104,33
342.509465,0.000000,254.607617,8.561100,5.987244,73.353504,34
388.718133,13.163577,241.163765,38.623524,9.840105,85.927162,36
406.808144,4.426728,272.929013,21.115190,9.761929,98.575284,35
402.522262,35.977209,251.223800,28.093379,9.531506,77.696368,35
403.845094,36.546402,254.975862,34.198045,0.000000,78.124785,36
413.265127,39.763768,284.943092,8.039411,8.534349,71.984507,36
394.898221,35.525011,283.803389,3.550566,7.723000,64.296255,35
386.092430,16.542524,289.103638,9.373587,0.000000,71.072681,33
389.030944,19.108214,288.614753,18.445733,7.621597,55.240647,35
387.145343,21.249331,291.657627,11.778443,0.000000,62.459942,34
384.037558,28.438883,278.569326,21.369143,11.161154,44.499052,34
381.620217,24.259814,281.523723,28.494014,13.672988,33.669678,34
378.287304,7.999254,282.325901,24.241288,7.788240,55.932621,33
372.658246,21.768506,256.255897,28.979014,5.127760,60.527069,31
393.432609,14.760761,259.619985,42.943198,4.784986,71.323679,34
433.667895,15.170839,274.156452,60.527069,0.000000,83.813535,38
457.102545,7.532279,276.700990,64.489681,3.667300,104.712295,37
453.802714,13.841130,273.652438,57.355873,28.138542,80.814731,37
469.297819,21.938996,309.069315,41.323462,0.000000,96.966046,40
459.798509,16.011001,321.219750,35.281471,0.000000,87.286287,38
468.528630,30.209810,312.985291,41.662323,0.000000,83.671206,38
471.669638,38.725760,299.374097,43.053377,27.947230,62.569174,39
489.632901,48.346583,300.294058,55.382337,3.008218,82.601705,41
497.312181,77.592872,279.107605,51.932586,0.566981,88.112137,42
507.298792,82.376596,276.096717,51.188837,10.402851,87.233791,43
497.494966,55.267371,277.434305,52.906901,0.000000,111.886389,40
490.628335,28.936322,281.534717,50.216821,0.000000,129.940475,40
505.177963,37.582237,273.362010,52.446170,5.833750,135.953796,41
520.034844,47.988559,264.555860,74.214000,0.000000,133.276425,43
527.010203,47.075807,257.490763,82.751308,0.000000,139.692325,44
541.300028,57.272787,247.110217,79.917170,0.449194,156.550660,44
538.188884,60.349617,269.630265,55.677741,31.669494,120.861767,44
511.227949,80.479820,260.154267,44.531925,21.118496,104.943441,41
492.700064,93.161431,234.749587,57.451302,7.815830,99.521914,40
504.388706,92.932987,252.019920,68.820108,0.000000,90.615691,43
505.392389,94.752767,244.966431,67.143755,0.000000,98.529436,44
511.800237,81.899880,248.166331,72.813112,0.000000,108.920914,43
519.844449,88.148420,256.517620,95.635719,13.594008,65.948682,44
504.235261,85.549403,260.080027,91.357668,0.000000,67.248163,43
497.319623,85.911741,258.583810,88.629862,0.000000,64.194210,43
479.206740,74.604009,255.751119,90.681238,0.000000,58.170374,41
468.597212,63.988314,261.913784,87.692283,0.559950,54.442881,40
479.475820,68.610842,269.987377,91.164456,11.451740,38.261405,40
505.339852,104.988918,279.787975,48.925084,1.502582,70.135293,43
528.033505,124.441529,276.428286,38.261405,0.000000,88.902285,46
540.453296,119.284710,276.877481,42.083448,0.136122,102.071535,46
523.553575,98.540625,286.921287,30.016400,0.030670,108.044593,44
523.135510,108.712828,272.442734,26.354235,40.550954,75.074759,44
502.936939,122.477089,257.448037,39.124894,7.799860,76.087059,44
500.193339,120.912126,248.910749,43.808975,16.158737,70.402752,44
521.123124,109.876823,263.123127,66.055066,0.000000,82.068108,44
518.593802,112.514169,264.561281,58.422354,0.000000,83.095998,44
564.256028,124.701756,254.256730,71.677872,12.209047,101.410623,46
569.646127,123.547885,250.395094,89.244889,0.000000,106.458259,47
592.085691,129.940475,242.518278,106.538447,0.000000,113.088491,48
611.828312,120.958756,236.728048,122.223125,6.014311,125.904072,47
578.022743,127.114678,209.642046,120.119933,0.000000,121.146086,44
593.160890,125.603043,218.219999,110.288806,1.875812,137.173230,45
585.220778,139.762375,198.098787,107.818881,0.000000,139.540735,46
602.897703,140.581727,202.285873,100.497598,11.912109,147.620396,47
628.528662,125.529784,203.490970,137.835739,0.000000,161.672169,52
626.824627,126.451218,207.846765,136.394620,0.000000,156.132024,52
660.432066,144.717184,202.137689,130.669479,7.037334,175.870380,53
643.951461,143.479412,215.471761,104.350439,0.000000,180.649849,52
682.646015,136.617367,210.905837,112.185099,0.000000,222.937712,51
681.165222,128.542167,219.641662,111.581152,1.367670,220.032571,51
640.763993,102.554322,223.264063,96.141269,6.134840,212.669499,50
649.508198,96.027252,249.611430,76.300646,17.721951,209.846919,49
640.079751,89.347556,296.327761,45.182216,34.750757,174.471461,48
582.486142,70.257911,289.938409,42.674434,45.481888,134.133500,40
557.388904,67.447436,305.739903,53.595284,7.778000,122.828281,37
563.487183,93.146987,296.237207,50.313019,0.000000,123.789970,38
557.013150,83.929971,298.375975,48.095622,6.225097,120.386485,40
576.975484,87.816097,288.597466,56.762328,11.502712,132.296881,41
578.002379,90.395199,287.699532,93.858827,0.000000,106.048821,42
591.566702,87.725280,286.163770,93.614292,4.863735,119.199625,42
604.361542,97.708059,286.871117,81.786083,14.326968,123.669315,43
611.666872,107.292735,272.527754,105.314489,5.150298,121.381596,43
600.357780,72.800019,287.991665,95.015948,5.066500,139.483648,42
605.989788,69.722820,296.292088,110.596273,0.000000,129.378607,43
602.289059,67.524565,296.506700,105.352064,3.184072,129.721658,43
615.120690,61.190361,310.718840,95.016663,3.355713,144.839113,43
612.263920,53.544702,317.319216,95.946890,7.853446,137.599666,44
625.637450,57.881293,315.374773,124.138772,28.258677,99.983935,47
594.174184,58.427079,333.250863,102.761439,0.000000,99.734803,44
585.286691,45.490812,336.595755,100.133135,0.000000,103.066989,43
586.940262,55.067529,344.111346,86.089023,5.034979,96.637385,44
593.937242,59.275728,350.628508,74.289803,4.255120,105.488083,43
579.940445,54.787337,362.684446,61.133236,0.000000,101.335426,41
599.010466,67.633521,347.610769,60.883380,0.000000,122.882796,42
589.644555,54.603123,341.523862,61.968640,0.000000,131.548930,39
599.834447,48.208457,342.596389,56.935722,0.000000,152.093879,39
604.987825,55.976870,333.423610,61.508698,18.359809,135.718838,41
553.507337,23.065639,325.024841,62.487909,0.000000,142.928948,40
559.126648,24.809432,329.905684,51.248350,0.000000,153.163182,41
568.654362,32.548754,318.021555,68.592494,0.000000,149.491559,44
562.797304,36.350010,301.997246,75.232865,0.000000,149.217183,45
566.256424,41.735906,299.751476,80.436576,30.289921,114.042545,46
509.735457,59.232134,255.726970,85.627033,4.513823,104.635497,41
532.793737,52.603873,251.131719,94.906263,0.000000,134.151882,42
553.887412,35.741107,250.832604,112.427227,3.698627,151.187847,44
523.548951,22.179378,235.437598,114.351121,1.997605,149.583249,42
543.345016,25.090951,247.644782,102.430704,9.120378,159.058201,43
544.654170,52.290135,236.737305,94.146090,9.051190,152.429450,42
556.515049,58.097703,230.679189,103.076106,6.971654,157.690397,43
555.937536,65.057379,234.955807,93.710505,6.625338,155.588507,43
549.452377,70.840778,223.226699,101.401637,2.428907,151.554356,42
541.794709,61.442825,232.551030,90.197127,0.000000,157.603727,42
536.417000,56.361607,239.123845,91.814163,0.000000,149.117385,42
556.276539,63.976230,260.476849,81.165281,0.566981,150.091198,44
551.084078,65.833351,262.057607,80.268911,0.000000,142.924209,44
553.562362,62.958158,268.143924,77.078007,14.822897,130.559376,44
529.805186,34.650682,272.516422,92.239565,0.964445,129.434072,42
545.397803,36.732132,269.008095,107.645882,7.462940,124.548754,43
531.616663,40.870922,265.794006,113.010773,21.186020,90.754942,42
520.942925,62.623336,268.145268,110.949587,2.485600,76.739134,44
552.415829,63.897809,255.339406,112.770011,0.570564,119.838039,46
550.074207,77.829674,243.881042,108.703376,1.032241,118.627874,47
546.530127,85.665841,231.434717,129.434072,0.000000,99.995497,47
549.516643,92.773365,249.594716,110.845512,5.038090,91.264960,48
556.245717,91.050963,243.730554,113.702149,0.000000,107.762051,48
557.083920,89.753728,276.897119,86.386985,0.000000,104.046088,48
554.749424,94.096440,273.235891,89.061963,0.000000,98.355130,48
530.864997,90.140856,253.438192,95.436753,0.000000,91.849196,47
531.237512,89.279825,247.352221,99.375320,0.000000,95.230146,45
531.646589,99.962792,239.328059,101.478844,0.000000,90.876894,45
529.915221,82.437264,260.796627,79.465871,0.000000,107.215459,44
538.255935,111.409431,232.807508,86.710477,0.000000,107.328519,45
544.847177,100.578538,240.985207,82.128326,5.504413,115.650693,44
539.256009,104.724844,237.348746,79.207854,0.000000,117.974565,46
555.719545,111.352978,235.627938,79.916742,10.607135,118.214752,48
577.988921,112.523760,241.817090,89.630408,0.000000,134.017663,50
581.457075,106.426910,239.683024,94.350231,0.000000,140.996910,51
555.772963,82.115863,241.975492,93.375604,0.000000,138.306004,50
553.786263,75.250935,251.987131,84.393413,0.000000,142.154784,49
551.262817,63.899121,255.132991,82.259302,1.579156,148.392247,49
539.501289,81.732262,253.489916,52.896657,12.596535,138.785919,48
549.662162,89.742648,249.046674,68.212326,0.000000,142.660514,50
538.280378,77.956968,252.832309,58.935433,10.114502,138.441166,50
553.331552,71.421827,254.729988,94.179540,0.000000,133.000197,53
558.645893,87.604051,241.683933,92.451969,0.000000,136.905940,53
570.572504,81.943158,245.464759,101.973033,3.724765,137.466789,54
576.314043,80.668920,253.806053,108.272787,5.827598,127.738685,55
526.960983,69.208678,215.952875,109.933574,0.000000,131.865856,49
520.156663,73.945191,216.203697,105.771585,16.330881,107.905309,50
495.229858,62.826945,209.112233,111.198603,4.371718,107.720359,48
493.916197,64.296914,230.851863,74.417546,0.000000,124.349874,49
510.233083,61.712480,234.655570,72.038211,26.631894,115.194928,50
472.085216,68.633143,219.159221,82.143827,20.023850,82.125175,46
463.306099,86.710477,210.185408,93.653915,5.490025,67.266274,44
458.846236,96.303050,196.088639,89.716022,2.276635,74.461890,45
454.438075,112.076907,196.049120,70.830886,0.000000,75.481162,45
480.860043,112.781863,202.947918,96.542525,11.651612,56.936125,48
456.443421,99.702019,203.282118,103.962754,12.542877,36.953653,46
450.851356,105.999295,194.922690,118.533879,0.000000,31.395492,46
449.061927,111.930453,191.552402,110.807954,12.651284,22.119834,46
424.197151,133.053731,163.590285,95.657543,18.549322,13.346270,41
417.113091,148.974034,165.714726,88.052682,0.000000,14.371649,39
432.459088,141.577337,166.518129,96.165836,0.000000,28.197786,41
424.640411,138.575585,180.746992,92.484072,3.287188,9.546574,40
404.164255,121.145501,192.311068,81.126016,0.000000,9.581670,37
411.704173,131.280162,174.544286,81.548972,8.182000,16.148753,37
405.344907,117.477505,182.011443,93.949192,11.470167,0.436600,37
420.397642,121.025963,182.528210,88.277714,0.000000,28.565755,37
419.206173,109.571973,179.949695,116.700031,3.637000,9.347474,38
422.097731,119.971462,179.454778,117.783199,0.000000,4.888292,38
432.329227,113.814289,177.329131,126.687404,0.000000,14.498403,38
442.638944,110.458894,189.660648,120.571086,21.948316,0.000000,39
482.586950,119.516201,175.010801,137.645008,0.000000,50.414940,40
487.916835,121.941454,170.339967,145.899052,3.675846,46.060516,39
483.991920,124.359356,197.506390,119.747536,7.452686,34.925952,40
493.339884,114.891488,196.182786,130.088757,0.000000,52.176853,41
481.998896,106.008619,205.506979,119.644958,11.743116,39.095224,41
505.343406,115.960779,208.507529,125.088668,7.536970,48.249460,43
497.857213,115.916735,238.873949,97.964957,0.000000,45.101572,43
507.294312,107.602728,240.024607,129.214267,10.050110,20.402600,46
534.344949,106.163632,260.866290,113.428942,26.414569,27.471516,47
526.884278,115.971407,296.163772,93.688396,9.806619,11.254084,47
510.719328,103.512136,317.265251,83.214894,6.727047,0.000000,43
495.537723,95.657543,317.633004,82.247176,0.000000,0.000000,43
483.587559,77.063388,320.116701,85.491695,0.000000,0.915775,42
490.141178,79.847799,319.584938,80.870428,0.000000,9.838013,44
486.426971,73.723098,319.067101,87.445168,0.000000,6.191604,43
500.940015,76.001416,304.167011,106.695293,0.000000,14.076295,44
504.072650,75.744496,309.221095,98.545813,7.498175,13.063071,44
505.282312,75.541584,324.117203,91.183149,0.000000,14.440376,45
503.763782,81.126016,324.263153,85.540731,0.000000,12.833882,45
515.868750,90.451723,324.369760,83.415198,0.000000,17.632069,45
570.173759,105.396593,309.501500,118.914961,14.347750,22.012955,48
582.085473,110.456352,308.833142,128.153640,34.642339,0.000000,49
558.227364,136.022139,287.195822,123.533867,5.148595,6.326941,47
579.078659,147.153778,276.449507,133.401421,0.000000,22.073953,48
627.783879,142.708113,283.596463,157.800775,15.553797,28.124731,52
614.875476,195.635414,220.331544,173.757773,25.150745,0.000000,51
594.408229,200.241870,194.866291,199.300068,0.000000,0.000000,50
603.481191,197.349717,200.448390,198.311279,0.000000,7.371805,52
688.522672,188.349979,208.984502,224.552909,18.614869,48.020413,55
671.309133,191.373911,201.072186,234.811923,0.000000,44.051113,56
685.094908,235.562584,154.182621,260.364890,16.800887,18.183926,57
680.205863,251.646353,151.885653,253.274391,0.000000,23.399466,57
686.839996,255.288158,143.867161,262.311932,0.000000,25.372745,57
723.842621,270.304392,126.268458,280.711237,0.000000,46.558534,60
719.836820,270.099562,113.122437,287.944117,9.560484,39.110220,61
714.191361,268.154191,126.165193,285.442509,7.075520,27.353948,62
705.789107,260.461782,180.762248,231.687414,0.000000,32.877663,60
703.018296,259.854726,183.970953,226.652959,25.656755,6.882903,60
671.811562,256.052015,217.656047,191.843584,0.000000,6.259916,57
668.166427,257.111800,215.345737,195.708890,0.000000,0.000000,58
681.375457,259.322278,218.181848,198.117482,5.753849,0.000000,59
678.762938,261.712088,219.273593,190.593877,7.183380,0.000000,59
691.789947,253.301180,230.357954,175.949216,23.570486,8.611111,59
698.711748,248.282816,231.443963,170.644250,8.707026,39.633693,57
694.438330,251.008169,229.513832,172.991885,0.000000,40.924444,58
700.867672,249.743885,223.691693,188.512406,6.569309,32.350379,60
707.747059,255.491063,222.810858,184.841594,0.000000,44.603544,61
706.181805,252.198709,224.750962,183.922331,0.000000,45.309803,61
708.712007,251.644655,243.584179,167.696364,0.000000,45.786809,62
713.564329,263.357137,237.577287,187.096680,0.000000,25.533225,64
728.961151,265.623936,241.624531,180.127940,0.000000,41.584744,64
740.902520,287.647258,222.524434,184.728588,0.254139,45.748101,65
746.361180,277.438231,227.105958,190.015049,0.160346,51.641596,66
775.096023,294.872623,201.934048,198.297532,21.059720,58.932100,66
749.787458,270.440509,223.802631,185.294654,12.891247,57.358417,61
763.977911,270.823199,217.618492,194.737443,9.250531,71.548246,59
767.377901,292.032155,216.837839,186.670853,0.000000,71.837054,60
776.747570,301.090375,212.775160,176.164657,0.000000,86.717378,60
784.380788,305.507032,206.430661,180.131639,0.000000,92.311456,61
779.725176,317.071942,194.392088,173.724240,7.175080,87.361826,62
774.804887,327.160368,214.450628,132.075692,11.717282,89.400917,62
762.243464,331.945628,218.878376,128.856409,0.000000,82.563051,63
765.139625,342.088271,210.760769,128.943392,0.000000,83.347193,64
760.195954,336.230918,196.435311,136.024348,6.939510,84.565867,64
762.838111,340.949470,201.804219,137.119542,1.660712,81.304168,63
758.887318,362.123589,181.689397,140.201108,0.000000,74.873224,63
770.968514,365.136644,180.839822,138.918638,0.000000,86.073410,63
773.285398,393.342286,159.675409,134.314486,0.000000,85.953217,63
822.556774,406.841133,149.065798,141.370104,9.148024,116.131715,65
793.365964,401.371989,144.196629,132.169394,4.424800,111.203152,63
785.950276,390.563488,146.576138,130.221565,11.173770,107.415315,64
783.014009,423.733239,128.943392,101.590326,9.221654,119.525398,64
783.671904,426.033358,146.442650,85.136402,0.000000,126.059494,63
784.096422,426.323949,147.731252,81.063965,26.674359,102.302897,63
765.174042,420.132382,144.530382,95.107924,23.189774,82.213580,60
748.656689,435.870819,136.594194,88.764317,0.000000,87.427359,60
735.503648,426.111113,130.221565,95.243261,0.000000,83.927709,60
749.103433,420.124813,138.785900,120.227225,0.000000,69.965495,62
760.318383,436.469808,122.122282,135.812238,3.784405,62.129650,67
760.949193,458.129001,153.648790,82.213580,12.581192,54.376630,67
742.633769,430.249820,191.701166,70.683406,8.751310,41.248067,65
712.476957,405.602098,194.690548,62.129650,10.648902,39.405759,65
704.788894,415.608960,185.306642,54.992168,3.763145,45.117979,65
692.697673,387.338056,190.711905,56.979082,21.663034,36.005596,62
682.158823,411.109914,175.701866,53.381320,0.000000,41.965723,62
700.610796,418.428282,178.865854,47.789860,0.000000,55.526800,63
727.507017,411.250841,189.189949,32.500394,4.435585,90.130248,64
688.728326,432.737365,150.782741,20.555034,7.066461,77.586725,59
717.918615,441.804705,145.189543,30.933389,0.000000,99.990978,61
733.862259,453.881635,131.583170,42.143678,0.000000,106.253776,63
728.927549,449.248183,135.302716,34.971766,0.000000,109.404884,62
728.445597,451.968073,160.171802,16.941928,5.328750,94.035044,62
720.659662,439.086902,158.539566,24.329305,25.352115,73.351774,62
721.622402,431.166162,164.360290,51.993165,27.765420,46.337365,62
741.310635,437.783121,209.108413,22.512953,0.000000,71.906148,60
731.827963,430.065486,211.807326,22.979299,0.000000,66.975852,59
737.652745,440.100929,204.719880,20.566268,0.000000,72.265668,59
742.574314,446.881454,207.837916,13.628310,9.729756,64.496878,60
727.893557,444.116070,194.076054,22.456123,3.429228,63.816082,61
746.353241,459.789342,203.329885,11.339001,0.000000,71.895013,63
753.542983,448.437402,208.129079,21.649974,6.633401,68.693127,64
753.862617,461.761766,202.685424,19.439131,0.000000,69.976296,65
752.502145,479.510477,201.848624,0.000000,0.000000,71.143044,66
755.412463,476.622155,201.754910,1.822450,0.000000,75.212948,66
760.185569,472.957672,206.007155,0.000000,16.416263,64.804479,66
747.687949,467.669634,223.731633,0.000000,0.640595,55.646087,64
738.783069,475.048158,200.720418,9.819330,5.721101,47.474062,65
721.488592,475.034243,175.704000,19.332056,3.397892,48.020401,65
713.812209,478.786423,164.977669,35.251450,13.882415,20.914252,65
747.434348,479.506057,168.587364,70.371856,0.000000,28.969071,70
757.336561,466.469712,179.444612,74.837886,0.000000,36.584351,71
758.482732,465.070445,194.908367,61.244370,0.000000,37.259550,72
762.691595,499.709852,164.242536,59.768082,7.143143,31.827982,73
749.517670,506.445500,165.246215,50.639343,5.179054,22.007558,73
752.244969,513.502096,166.848011,55.628816,12.516441,3.749605,73
755.385102,508.961727,160.419671,71.689801,0.000000,14.313903,75
744.074134,500.625585,162.478516,80.970033,0.000000,0.000000,74
766.341579,500.028373,162.437591,86.110075,11.669881,6.095659,76
751.523167,498.936568,166.845162,75.586305,10.155132,0.000000,77
691.554782,433.562288,163.996334,70.947535,4.558140,18.490485,70
676.872959,424.206213,190.890665,51.655348,0.000000,10.120733,69
674.489381,427.403567,184.589148,46.556265,0.000000,15.940401,69
670.146721,435.012942,182.433907,35.101662,0.000000,17.598210,70
679.865879,453.006490,169.106110,31.660508,0.000000,26.092771,71
696.103071,455.856496,173.048308,25.781828,1.539307,39.877132,73
672.767044,459.433414,145.362973,25.892053,0.000000,42.078604,70
671.457063,464.582941,152.593971,9.964846,2.408167,41.907138,69
681.836659,479.945043,137.295923,17.059971,7.273000,40.262722,69
674.620954,482.273506,125.258053,25.475214,8.719668,32.894513,70
641.459228,453.795187,123.057926,18.052524,1.667500,44.886091,67
642.240386,456.050450,143.015151,9.040344,0.000000,34.134441,67
642.914115,455.296870,147.769209,13.062645,0.000000,26.785391,68
640.106009,445.757594,156.101034,12.181055,26.066326,0.000000,69
606.701622,449.124425,141.561209,9.855933,5.155695,1.004360,65
613.037950,453.862392,131.859287,17.117988,2.823503,7.374780,66
613.630132,448.323966,121.613222,31.944791,2.069758,9.678395,67
596.232162,458.236691,93.051868,41.096834,0.000000,3.846769,68
600.760917,455.228002,96.339803,49.193112,0.000000,0.000000,70
604.489782,450.295053,102.815711,51.379018,0.000000,0.000000,71
638.356829,448.624519,106.809223,82.923087,0.000000,0.000000,73
705.333564,443.112250,111.044325,130.588611,9.886513,10.701865,80
694.137712,457.481978,87.273558,143.439085,1.139862,4.803229,79
675.342851,453.169478,104.982939,112.627229,0.000000,4.563205,77
704.357765,458.579364,101.506683,113.373407,6.749398,24.148913,79
685.522638,447.276518,96.387846,116.783954,0.000000,25.074320,76
697.184581,446.361245,98.057940,141.702107,0.000000,11.063289,78
704.423534,433.796772,103.545663,152.505835,8.660570,5.914694,77
678.026043,423.123321,104.018783,138.013043,0.000000,12.870896,75
681.586487,440.834618,91.950304,138.507808,8.444600,1.849157,75
677.967300,472.271958,53.568126,152.127216,0.000000,0.000000,76
681.553164,479.125205,67.013361,135.414598,0.000000,0.000000,76
690.275190,480.410791,61.002220,144.999290,0.000000,3.862889,76
676.650880,469.419658,62.400864,139.122612,0.000000,5.707746,75
686.453118,475.446442,67.856001,129.950545,13.200130,0.000000,76
680.294460,505.104445,102.777551,65.912114,0.000000,6.500350,76
724.326730,499.229345,105.520546,93.517420,0.000000,26.059419,80
703.895827,473.272097,103.818237,94.883794,0.000000,31.921699,77
718.315666,475.145928,104.485687,98.297453,0.000000,40.386598,77
753.730914,477.186929,102.853684,122.413000,5.977294,45.300007,79
743.136027,496.944407,95.610493,100.944826,3.278077,46.358224,77
746.231562,528.992272,65.866178,99.782962,0.000000,51.590150,76
771.951706,524.754318,60.279435,100.350839,0.000000,86.567114,76
774.041443,522.477592,61.199814,101.910573,20.288498,68.164966,77
760.132479,536.900785,46.741541,115.578662,9.398054,51.513437,75
755.427383,543.240405,45.625657,109.635597,0.000000,56.925724,75
753.281142,539.597290,47.324458,108.839643,24.092361,33.427390,75
737.963725,541.281028,57.481362,105.898052,0.000000,33.303283,74
739.083977,545.914101,51.413279,108.319720,0.000000,33.436877,74
740.931388,554.875275,59.765169,101.518154,0.000000,24.772790,75
743.820247,558.425636,54.885848,90.460551,0.000000,40.048212,75
750.262513,560.557863,58.127440,86.305727,27.677535,17.593948,74
711.025657,538.861791,111.682676,40.769552,11.759052,7.952586,67
701.871155,588.589890,54.392832,48.867735,0.000000,10.020698,67
706.241834,606.644441,34.634948,56.062533,6.879312,2.020600,67
669.891934,582.942142,31.078379,55.408275,0.463138,0.000000,66
688.498498,589.375382,65.425817,15.620296,0.000000,18.077003,66
690.851125,587.878248,62.941845,15.409831,12.902391,11.718810,66
671.858105,583.140561,53.368578,22.230634,9.905778,3.212554,64
637.235847,568.271118,55.436807,13.527922,0.000000,0.000000,61
637.661420,553.187175,49.250943,34.068571,0.000000,1.154731,60
623.886128,531.314045,58.944031,24.035979,0.000000,9.592073,60
605.804550,514.928970,68.020753,12.756680,0.000000,10.098147,58
591.193267,501.961808,66.204983,10.746804,0.000000,12.279672,57
588.140175,499.980477,70.526300,12.279672,0.000000,5.353726,57
592.850369,495.388097,77.323064,11.083320,0.000000,9.055888,57
602.251752,508.241796,70.518966,9.055888,0.000000,14.435102,57
612.231917,502.029869,83.714607,14.540950,11.946491,0.000000,57
617.310194,520.548859,72.606435,19.950366,0.000000,4.204534,57
637.478416,515.576599,74.549804,34.130974,0.000000,13.221039,60
652.178437,522.209656,80.904310,25.772386,13.728008,9.564077,60
672.300333,518.425726,97.701236,39.055231,6.395958,10.722182,64
637.679897,503.799173,78.393751,27.847406,19.840405,7.799162,61
610.190820,503.273424,57.573129,38.075764,0.000000,11.268503,61
606.288513,482.858905,56.956346,63.384753,0.000000,3.088509,60
612.398087,482.050471,59.147770,64.180458,7.019388,0.000000,61
624.685884,486.787519,52.465018,71.002082,0.000000,14.431265,61
633.968120,486.176417,67.208779,59.875985,0.000000,20.706939,62
636.833752,493.750762,72.261531,50.472989,0.000000,20.348470,63
643.817146,492.497255,67.417002,60.853733,0.000000,23.049156,64
645.320384,501.416667,70.642345,56.576639,8.111133,8.573600,64
644.145204,486.124833,67.934790,67.460269,22.625312,0.000000,63
652.872831,476.628186,73.422846,85.292691,0.000000,17.529108,61
643.208939,461.100146,83.212462,81.205847,4.522199,13.168285,60
650.305962,454.881551,85.433347,103.555632,6.435432,0.000000,62
642.661031,457.069678,80.582924,105.008429,0.000000,0.000000,61
629.758602,451.419511,88.745695,89.593396,0.000000,0.000000,60
610.561338,461.412281,65.312366,83.836691,0.000000,0.000000,59
606.356629,452.246325,56.337727,97.772577,0.000000,0.000000,62
613.810405,428.940474,59.320031,107.248171,0.000000,18.301729,62
639.855576,426.710165,66.672429,132.634368,0.000000,13.838614,63
630.778356,415.070929,70.614693,124.780896,5.755820,14.556018,64
630.638427,408.857183,69.142005,138.763082,0.000000,13.876157,64
614.683793,390.321193,73.913939,144.713467,5.735194,0.000000,62
621.284502,398.801712,80.307820,142.174970,0.000000,0.000000,62
619.447840,398.408609,76.706029,137.924901,0.000000,6.408301,63
16.310640,0.000000,3.077615,0.000000,6.451968,6.781057,0
17.438336,0.000000,6.781057,10.657279,0.000000,0.000000,3
24.799041,0.000000,2.594147,17.310195,4.894699,0.000000,3
37.191140,2.665053,22.588860,0.000000,0.000000,11.937227,3
34.138105,0.000000,29.766503,0.000000,4.371602,0.000000,3
80.406311,15.572066,9.762687,9.917136,21.723954,23.430468,3
54.908607,0.000000,0.000000,21.418990,9.684242,23.805375,1
57.651081,23.430468,9.900342,15.823225,3.827091,4.669955,4
25.002606,0.000000,0.000000,17.002406,0.000000,8.000200,2
23.354319,0.000000,9.511733,12.670155,1.172431,0.000000,2
56.075287,0.000000,26.041933,12.563962,0.000000,17.469392,5
73.668008,8.000200,12.545387,20.945306,6.087348,26.089767,6
42.347243,0.000000,21.276799,0.000000,0.000000,21.070444,3
46.199049,7.050655,25.376848,13.771546,0.000000,0.000000,5
49.455777,9.961018,12.006290,17.846856,0.000000,9.641613,4
94.656014,0.000000,34.723069,52.761610,0.000000,7.171335,10
109.772554,0.896864,36.457644,50.963770,12.001974,9.452302,10
108.107655,0.000000,37.670747,59.031420,0.000000,11.405488,10
121.633073,0.000000,60.604240,38.944899,22.083934,0.000000,11
100.501543,0.000000,68.473379,23.726107,0.000000,8.302057,8
127.088119,0.000000,70.436908,24.170807,9.048744,23.431660,8
164.537208,22.249857,82.407360,17.522816,5.727071,36.630104,9
150.228222,20.939664,82.513803,11.054651,0.000000,35.720104,9
143.790205,2.826805,82.934864,19.473807,0.000000,38.554729,10
184.043465,2.177997,86.483938,27.126332,0.000000,68.255198,13
183.469361,9.452302,84.254016,29.407724,5.826395,54.528924,14
164.964351,4.884618,75.925775,27.775261,5.874758,50.503939,14
166.382418,1.642173,86.387502,27.183457,11.549371,39.619915,15
147.760778,0.000000,76.506444,35.251028,16.030655,19.972651,14
130.625270,13.906929,79.290805,13.246289,0.000000,24.181247,12
126.845802,10.779468,83.997533,0.156425,24.024822,7.887554,11
105.130447,21.357062,68.891423,7.887554,6.994408,0.000000,9
119.746929,21.686489,73.290202,12.920905,8.153051,3.696282,9
96.498556,10.835105,84.495901,0.000000,1.167550,0.000000,8
92.048372,8.584475,76.010528,7.276537,0.000000,0.176832,9
87.752949,13.298632,69.884351,0.176832,3.771506,0.621628,10
82.033556,4.807777,77.225779,0.000000,0.000000,0.000000,10
88.853297,6.459110,79.484387,2.909800,0.000000,0.000000,11
164.322542,6.674019,87.547494,19.746803,0.000000,50.354226,14
198.703489,14.199389,106.767428,28.764260,0.000000,48.972412,18
197.769797,25.609691,120.464364,4.356625,0.000000,47.339117,19
202.605554,32.140450,124.840473,0.667600,0.000000,44.957031,20
189.459919,11.404905,122.569891,23.669028,0.000000,31.816095,21
187.318220,13.218305,128.910528,10.550866,4.779822,29.858699,22
193.861467,18.670771,140.226834,0.000000,23.492839,11.471023,23
166.057916,9.987091,141.500853,0.000000,4.197952,10.372020,20
171.299320,8.434441,141.720754,17.210459,3.833666,0.100000,20
178.452600,12.678568,126.021019,19.789829,7.834152,12.129032,16
178.632116,11.737423,141.493508,0.000000,2.948622,22.452563,14
170.264064,4.397954,140.044176,4.878561,17.574002,3.369371,15
167.595070,10.178447,140.372490,5.194833,3.667300,8.182000,14
150.318250,2.092841,122.263923,11.849300,0.000000,14.112186,11
159.212385,0.000000,135.650385,9.030261,4.788123,9.743616,11
136.116520,0.000000,135.069802,0.001000,1.045718,0.000000,11
132.076168,46.836638,73.008507,0.000000,0.000000,12.231023,10
147.493915,52.402503,63.595752,0.000000,8.509465,22.986195,10
153.249164,57.887087,62.786967,5.076428,17.036761,10.461921,12
161.945931,59.378837,84.181412,1.250875,0.000000,17.134807,13
134.902110,30.596018,81.829204,8.338040,14.138848,0.000000,13
116.960282,26.019623,78.286469,6.070713,6.583477,0.000000,12
150.457967,28.643925,69.883580,34.002523,0.000000,17.927939,14
142.498736,19.399625,66.298154,37.886191,0.000000,18.914766,14
132.308648,17.098909,59.368148,38.557799,0.000000,17.283792,14
159.536345,22.174337,71.622737,28.015968,10.494606,27.228697,16
168.934937,38.165380,75.812758,21.057502,0.000000,33.899297,17
170.024493,35.217218,75.823016,28.024194,0.000000,30.960065,17
175.739813,24.237070,86.631018,42.014658,4.432871,18.424196,19
179.897595,19.667777,86.408339,38.810021,0.000000,35.011458,18
180.106695,5.518655,115.943740,6.841853,8.593704,43.208743,16
188.540187,6.070713,105.008799,16.768990,0.000000,60.691685,17
197.043340,12.531251,104.789322,11.582343,1.440856,66.699568,17
198.746930,26.277989,110.177554,0.000000,2.282254,60.009133,17
200.063828,30.908069,112.670804,0.000000,24.719321,31.765634,18
153.124303,31.570348,88.426474,13.015327,8.933824,11.178330,12
166.804502,53.767725,62.502971,28.738246,15.742266,6.053294,13
114.846525,15.624259,92.983023,3.991924,0.000000,2.247319,6
116.100830,20.439495,87.082766,2.247319,6.331250,0.000000,6
118.304672,11.564365,81.349439,5.236021,0.000000,20.154847,6
116.011214,7.331348,84.073321,0.000000,4.248264,20.358281,7
123.496908,21.949151,68.705340,16.448894,0.000000,16.393523,8
128.520280,28.738246,67.978740,22.390687,0.000000,9.412607,10
125.890248,26.920596,84.039768,4.432375,0.040522,10.456987,12
113.279825,24.662759,78.644625,0.000000,0.000000,9.972441,11
135.120370,17.584711,70.386437,18.281401,0.000000,28.867821,14
146.207020,29.492207,65.456109,23.168090,0.000000,28.090614,15
164.159625,33.612687,58.005079,25.180420,0.000000,47.361439,16
140.919625,22.390687,35.988356,34.550071,0.000000,47.990511,14
130.628576,16.028330,39.621276,21.699229,0.000000,53.279741,13
132.378812,12.446272,56.693445,3.052016,5.945983,54.241096,13
129.642725,13.976598,60.483191,0.000000,0.000000,55.182936,13
137.006977,18.728188,56.777719,0.000000,10.576740,50.924330,14
119.123748,37.442582,34.725313,0.000000,0.000000,46.955853,10
115.529246,37.865820,31.141941,9.911606,3.422880,33.186999,11
125.084560,28.596599,49.663921,11.837149,4.219623,30.767268,12
81.823288,0.000000,40.082287,7.241239,10.186601,24.313161,6
83.229006,17.114959,34.986891,5.044874,0.000000,26.082282,5
88.579086,15.980592,35.888322,21.502532,9.223143,5.984497,6
74.429129,23.296152,34.018522,17.114455,0.000000,0.000000,6
100.872660,17.427840,35.483548,39.322541,5.961943,2.676788,7
113.752443,7.471116,35.770549,52.433783,15.466087,2.610908,8
95.964834,20.145523,20.921346,54.232825,0.665140,0.000000,7
93.709874,17.114455,50.560451,16.950539,0.000000,9.084429,7
113.806794,16.152355,54.358423,21.476203,18.298039,3.521774,9
110.691876,51.747515,16.586861,29.320063,0.000000,13.037437,8
115.923497,43.224370,34.505388,26.911280,8.081779,3.200680,9
115.069660,34.761211,34.882718,35.093881,0.000000,10.331850,10
108.790237,46.220198,28.190250,24.635689,0.000000,9.744100,10
106.292820,37.781436,26.911280,23.118165,0.000000,18.481939,11
118.950617,42.630876,52.938508,0.000000,0.000000,23.381233,11
111.426252,36.817054,50.450226,0.000000,2.438679,21.720293,10
91.703299,52.938508,11.494676,0.000000,11.886557,15.383558,9
103.987960,65.804370,0.000000,9.597110,11.753190,16.833290,9
87.378371,54.030173,17.385598,0.000000,1.728100,14.234500,7
89.990380,43.070593,27.119827,0.000000,4.256834,15.543126,7
125.904142,47.958870,36.377962,0.000000,0.000000,41.567310,9
131.745355,48.731756,33.747178,0.000000,0.000000,49.266421,10
122.975610,48.203893,25.666187,6.829585,0.000000,42.275945,9
129.932547,33.453239,44.398057,6.786036,0.000000,45.295215,11
146.848847,32.867219,45.078053,12.610767,0.000000,56.292808,12
151.020650,33.340545,54.434772,9.339991,0.000000,53.905342,13
155.740465,28.835522,63.518068,5.298799,13.982564,44.105512,13
140.875248,24.752866,56.530073,32.984214,0.000000,26.608095,15
163.670489,55.931620,30.930905,30.560885,9.481533,36.765546,14
152.793385,47.574744,41.654018,25.065391,0.000000,38.499232,13
156.527922,60.354777,30.560885,19.941095,9.556421,36.114744,13
152.838271,75.975136,44.032533,3.456378,0.000000,29.374224,12
189.549344,75.856100,65.612260,0.000000,0.000000,48.080984,16
197.554937,76.499640,61.246949,0.000000,17.687739,42.120609,16
160.883701,60.187927,51.568432,0.000000,0.000000,49.127342,11
192.023786,56.663436,54.898090,27.141865,7.674964,45.645431,14
181.153610,47.130565,55.505380,20.110079,5.833750,52.573836,13
178.819291,0.000000,57.249606,27.250442,0.000000,94.319243,8
183.148568,0.000000,76.381043,9.084477,0.000000,97.683048,8
191.417272,2.308462,82.624711,12.332019,0.000000,94.152080,9
201.920806,7.379077,87.577653,22.641469,3.296268,81.026339,12
192.204566,36.507556,48.730135,36.312755,1.035380,69.618740,12
196.215556,50.544477,38.269756,40.162574,6.398604,60.840145,13
219.321857,58.095826,29.817228,59.521597,0.000000,71.887206,15
198.558941,44.057965,27.670684,56.651923,0.000000,70.178369,15
196.743389,60.662612,16.700004,47.872137,0.000000,71.508636,15
209.752904,61.608792,14.033219,76.952453,0.000000,57.158440,16
210.435635,63.041216,16.956627,80.792652,2.732495,46.912645,16
194.263493,59.534897,21.653165,66.515091,0.000000,46.560340,15
182.928960,59.413292,18.515157,57.425853,0.000000,47.574658,15
155.073369,36.352741,7.301343,61.203275,6.022698,44.193312,13
125.649981,4.661233,12.966817,57.211552,9.465251,41.345128,11
123.016061,0.000000,41.723804,40.914866,7.428828,32.948563,9
114.361886,0.000000,31.584922,49.076511,0.568629,33.131824,9
116.650514,6.923385,19.700579,47.264487,0.000000,42.762063,9
111.749203,8.814746,12.009787,57.296383,0.000000,33.628287,10
95.176828,0.000000,1.329015,59.211137,7.449648,27.187028,10
138.259539,0.624868,6.875312,81.822223,13.577402,35.359734,12
119.759331,0.000000,0.000000,87.904436,7.724587,24.130308,9
117.890068,0.000000,11.445812,80.953173,0.000000,25.491083,9
125.842002,0.568629,13.627507,77.001444,8.052664,26.591758,10
141.211805,1.639186,43.144951,54.355379,0.000000,42.072289,10
130.478907,0.000000,36.756491,69.835255,0.000000,23.887161,10
153.029942,0.000000,52.215297,77.636521,14.238687,8.939437,12
109.740112,7.658771,26.278873,71.375088,0.000000,4.427380,10
143.452826,16.972914,18.168366,87.231528,7.123575,13.956443,12
145.483982,15.307738,25.769833,89.695181,9.393689,5.317541,13
140.916720,16.547157,31.593859,82.035228,9.635073,1.105403,13
163.160782,43.292056,11.453692,82.297274,6.022703,20.095057,13
161.212009,38.376978,29.372826,71.953526,0.000000,21.508679,13
162.360461,42.072289,35.838783,68.264632,0.000000,16.184757,13
174.965635,33.551315,44.736287,82.227262,7.546867,6.903904,16
162.833801,36.730666,51.116406,71.443369,3.543360,0.000000,17
167.632797,36.321464,56.324099,68.069279,6.917955,0.000000,18
184.733240,55.637669,37.138035,91.957536,0.000000,0.000000,19
191.896240,56.787868,62.132620,67.547635,2.030872,3.397245,20
179.391988,44.875146,73.911966,60.004685,0.000000,0.600191,20
194.194552,60.751479,74.987234,53.000839,0.000000,5.455000,22
205.237956,57.429502,86.807051,54.248139,3.684842,3.068422,23
206.877229,39.975730,91.170079,42.404131,0.000000,33.327289,22
205.122514,37.864158,84.955522,41.890175,0.000000,40.412659,23
225.059163,36.858236,100.764910,49.128966,1.446003,36.861048,24
225.148255,33.223563,100.219510,60.082611,18.261406,13.361165,25
200.717372,12.971067,99.650805,79.302820,4.815333,3.977347,22
206.860864,7.007986,97.490381,84.510318,0.000000,17.852179,22
211.782747,14.327782,99.958522,81.645624,2.320768,13.530051,23
211.080478,28.308474,89.204585,89.122419,4.445000,0.000000,23
205.653938,32.879832,74.663860,98.110246,0.000000,0.000000,22
218.529448,53.395104,69.504891,78.741722,8.788404,8.099327,22
196.765534,55.333712,53.651308,84.491420,0.000000,3.289094,21
206.946255,74.663860,32.893164,84.143514,15.245717,0.000000,20
215.903376,79.498934,34.978355,94.367745,7.058342,0.000000,22
217.229440,97.231955,14.539498,105.457987,0.000000,0.000000,22
223.218622,101.975515,3.977347,117.265760,0.000000,0.000000,22
238.101486,91.780342,8.705165,134.084259,0.000000,3.531720,23
250.185006,93.732243,9.348093,131.471268,1.978825,13.654577,24
258.058632,102.790556,13.530051,141.738025,0.000000,0.000000,25
255.449614,71.998560,15.116928,141.289416,14.067703,12.977007,23
241.193721,58.897368,28.883146,141.457994,7.949700,4.005513,24
241.423567,21.191407,27.383564,158.451534,14.499541,19.897521,20
224.789969,0.000000,52.629278,158.542544,0.000000,13.618147,20
240.231417,0.830263,59.266447,164.533335,0.000000,15.601372,22
249.652209,0.000000,48.896401,184.822900,6.819490,9.113418,24
273.837077,0.000000,47.771578,198.845452,0.000000,27.220047,25
315.040269,0.000000,50.156017,199.728705,38.944107,26.211440,27
332.789466,31.811285,12.806880,237.406467,0.000000,50.764834,26
318.654843,3.259934,33.639494,225.458267,14.161322,42.135826,24
315.358992,23.751025,27.597249,223.200824,0.000000,40.809894,23
319.127786,29.119855,18.823575,228.402855,2.709062,40.072439,24
310.163743,27.044710,33.049027,209.187740,8.864979,32.017287,24
309.807795,27.597249,33.217348,223.199749,0.000000,25.793449,25
301.067437,34.604923,22.957325,222.935714,1.200880,19.368595,25
283.833831,39.874124,28.849453,196.431767,0.000000,18.678487,25
286.207258,34.397062,32.522555,196.589128,6.306991,16.391522,25
292.162968,51.806778,17.107938,197.547798,0.000000,25.700454,26
276.941743,58.269052,0.000000,192.347431,0.000000,26.325260,26
271.194967,58.431766,0.000000,187.165141,23.608736,1.989324,26
262.399180,59.901813,20.304051,172.109698,0.000000,10.083618,24
283.166664,62.165153,15.047371,165.132990,0.000000,40.821150,23
275.003111,65.681065,10.753348,163.553260,0.000000,35.015438,23
278.971137,68.130262,12.569729,161.656953,0.000000,36.614193,24
275.405859,64.892802,26.521687,150.636467,0.000000,33.354903,24
288.757618,58.383559,33.909039,159.919756,0.000000,36.545264,26
280.489728,54.533343,36.211330,149.147405,0.000000,40.597650,24
268.483113,52.549095,38.939818,125.719841,16.634612,34.639747,24
252.936656,75.576529,34.472412,128.477173,0.000000,14.410542,25
261.955965,76.119141,32.657001,141.743089,0.000000,11.436734,27
278.887019,80.197086,31.898206,133.588770,0.000000,33.202957,27
244.384589,52.269680,20.569475,129.955354,5.000500,36.589580,24
269.142314,48.251186,39.398559,140.864622,0.000000,40.627947,27
277.486927,42.781501,37.839284,153.489188,0.000000,43.376954,27
278.754371,46.379430,41.192418,166.227256,8.044071,16.911196,28
288.711999,49.712203,38.032163,186.782524,0.000000,14.185109,29
274.697892,36.650721,44.809146,182.813280,0.000000,10.424745,29
279.225941,27.416734,56.934076,180.442435,0.216142,14.216554,31
277.429940,41.744065,47.336338,174.816520,0.000000,13.533017,31
298.417555,55.808498,35.438931,184.981631,0.000000,22.188495,32
302.577209,75.612563,31.124852,173.212092,0.000000,22.627702,32
312.578210,79.570434,25.572743,181.353539,3.611750,22.469744,33
314.712504,76.268618,42.263447,166.989942,0.000000,29.190497,33
316.854400,80.968821,42.095781,161.585898,0.000000,32.203900,33
329.783594,81.421228,45.323309,163.458234,0.000000,39.580823,33
324.677854,72.909081,54.617294,156.780157,2.733646,37.637676,35
334.066234,89.673520,62.905668,131.101248,2.173523,48.212275,34
341.637495,86.713290,61.626368,132.528357,0.000000,60.769480,34
357.054527,86.655724,65.630473,128.159325,0.000000,76.609005,35
361.282179,84.027109,73.830904,129.208153,4.770397,69.445616,35
357.603097,91.312371,65.795933,128.854796,24.716163,46.923834,34
330.442068,80.041015,48.897578,131.782073,0.000000,69.721402,31
324.569062,76.730075,62.767092,121.216933,15.840525,48.014437,31
308.972105,73.952367,64.552062,120.494401,21.357830,28.615445,28
292.348369,68.689125,59.106489,128.180432,2.381714,33.990609,25
284.385407,67.632165,51.818199,135.972899,0.000000,28.962144,26
268.695945,64.725980,49.258333,142.436097,0.000000,12.275535,27
260.011280,57.482592,56.509945,134.308006,2.555811,9.154926,25
254.858897,73.249318,59.853089,111.339318,0.000000,10.417172,24
271.173010,73.539185,66.707184,111.746949,0.000000,19.179692,26
270.981846,79.260747,82.235443,103.325322,6.135356,0.024978,27
254.427391,60.448453,88.782407,105.196531,0.000000,0.000000,26
256.396244,62.970005,96.205648,93.839203,0.000000,3.381388,26
256.317509,62.194298,94.629767,91.616703,7.876741,0.000000,26
216.341466,30.244749,100.317397,85.779320,0.000000,0.000000,20
221.327106,42.031812,93.941087,85.354207,0.000000,0.000000,21
232.615753,37.060469,105.375628,85.207585,2.424156,2.547915,20
245.532684,36.192545,110.410923,93.910925,0.000000,5.018291,22
256.281268,33.183535,109.577931,104.717251,8.802551,0.000000,24
293.102919,34.725704,116.687006,118.636706,7.266710,15.786793,24
310.177267,75.048747,81.967492,135.981217,0.000000,17.179811,26
308.517736,70.929530,88.235315,133.756175,0.000000,15.596716,27
270.927732,45.632723,78.571136,137.907929,0.000000,8.815944,26
262.508342,35.841035,78.672443,143.488482,4.506382,0.000000,26
257.254076,37.847260,84.616518,134.790298,0.000000,0.000000,27
271.477349,27.580994,80.623710,150.090765,5.238910,7.942970,28
244.136105,0.000000,84.040365,147.580455,6.096008,6.419277,26
245.971743,7.130698,93.975945,134.802931,10.062169,0.000000,26
240.082472,0.000000,118.332831,99.673025,0.000000,22.076616,22
231.715171,0.000000,136.381605,79.931471,0.000000,15.402095,22
225.168250,22.440453,107.534359,87.484355,0.000000,7.709083,22
222.580574,29.024736,96.209962,89.604587,0.000000,7.741289,22
251.701745,29.652646,100.747271,81.883826,0.000000,39.418002,23
273.862596,29.361045,102.685737,79.135380,0.000000,62.680434,24
276.653102,31.429053,109.105766,71.510389,0.000000,64.607894,24
274.075867,29.479437,110.158048,68.490800,4.486974,61.460608,25
276.775499,41.011405,103.722893,73.038150,0.000000,59.003051,26
276.577004,51.235824,101.610315,74.681037,0.000000,49.049828,26
288.467603,47.714264,99.673025,92.498339,0.000000,48.581975,26
297.459501,45.922923,105.174856,93.498651,0.000000,52.863071,29
307.567166,33.404881,118.827091,83.538811,7.422139,64.374244,30
288.547057,36.201835,111.217144,85.825721,9.989247,45.313110,30
294.996047,62.761874,84.193516,93.797949,0.000000,54.242708,31
318.603219,67.579443,83.205547,89.192447,4.978346,73.647436,31
337.469878,62.531426,88.429100,90.929383,0.000000,95.579969,32
347.258601,59.449995,81.391892,112.457488,0.000000,93.959226,34
354.896223,65.408480,98.371842,110.651318,10.284106,70.180477,35
376.537772,65.005782,112.379437,120.827296,2.078087,76.247170,37
354.360583,54.483895,109.558510,108.789805,0.000000,81.528373,34
354.219020,50.805515,106.549031,121.655295,0.000000,75.209179,34
361.673315,47.176259,121.150346,119.727088,12.270198,61.349424,36
359.568171,29.784958,130.347385,137.002694,0.000000,62.433134,36
367.961042,32.340094,144.259905,119.610224,31.359954,40.390865,37
340.373499,33.511552,123.389480,149.854735,17.120996,16.496736,32
339.190029,28.872373,126.515488,167.958184,0.000000,15.843984,31
337.668249,27.847376,146.723003,143.586109,0.000000,19.511761,31
338.779561,21.183427,155.466602,136.880302,2.626558,22.622672,31
329.696628,29.903925,134.051172,139.129486,0.000000,26.612045,31
350.774963,30.397485,144.223382,148.665353,1.729222,25.759521,33
352.465014,25.074045,144.597484,159.975012,11.563161,11.255312,35
321.772177,22.266600,185.767521,100.903414,12.834642,0.000000,30
327.716593,19.603322,208.794587,78.150851,5.867993,15.299840,30
333.984696,19.019483,211.792320,80.551164,3.662250,18.959479,30
328.736053,13.978013,210.872804,81.932916,0.000000,21.952320,27
329.529651,13.248033,211.750837,82.250934,0.000000,22.279847,30
360.703326,7.187212,218.968362,78.961404,0.000000,55.586348,31
361.849614,5.453915,236.641652,69.236389,3.629981,46.887677,31
382.513669,6.643935,263.677081,33.061087,0.000000,79.131566,32
384.182192,1.182700,263.733873,48.124468,6.507812,64.633339,34
427.273217,0.000000,257.721289,77.194463,8.571571,83.785894,38
419.933805,0.000000,263.464328,73.127642,0.000000,83.341835,38
446.422444,8.243801,253.733741,81.308462,0.000000,103.136440,39
435.078145,9.580839,262.096162,63.280320,0.000000,100.120824,39
468.947450,20.769516,250.219484,75.445689,20.387406,102.125355,41
467.364421,47.981667,273.449746,33.967499,5.573837,106.391672,40
428.490046,27.563871,261.262772,41.325494,0.000000,98.337909,40
427.757889,28.646680,247.194753,43.727517,0.000000,108.188939,41
429.286492,37.254577,239.993321,49.610156,9.158963,93.269475,41
432.587526,16.496736,243.312842,50.597503,7.921000,114.259445,41
454.674168,11.560344,244.371115,61.420649,0.000000,137.322060,40
455.049496,14.713170,244.165568,69.671462,32.937673,93.561623,41
430.138222,23.938894,234.203852,71.907885,0.000000,100.087591,37
422.066991,41.675787,228.872749,60.967164,0.000000,90.551291,37
415.011959,42.283449,224.669281,64.811555,2.261413,80.986261,38
415.620391,39.391123,237.442735,56.510301,1.852667,80.423565,38
428.056063,33.490400,252.663565,47.625590,8.427621,85.848887,39
471.424830,30.244051,258.702687,76.277599,0.000000,106.200493,42
473.194779,23.089257,253.831281,88.920004,0.292941,107.061296,41
503.235865,23.191812,247.173784,102.362914,0.000000,130.507355,44
504.753655,19.620388,244.902869,108.018441,12.269403,119.942554,43
549.111843,24.170953,300.723204,48.766281,12.339234,163.112171,41
552.738762,21.598826,310.880488,39.028052,14.691006,166.540390,39
535.885876,41.681494,281.136393,48.224846,0.000000,164.843143,38
565.890555,36.245333,280.300046,62.851115,0.000000,186.494061,38
570.436632,35.917553,279.891271,61.533589,8.779271,184.314948,39
578.413856,13.425891,300.402101,70.255781,0.000000,194.330083,37
581.546364,14.740272,306.824761,70.016063,0.000000,189.965268,37
608.670967,13.557474,311.071089,83.433551,1.112000,199.496853,40
611.832583,15.282225,324.669211,72.548948,0.000000,199.332199,41
610.672658,20.410025,323.456423,73.712376,25.791596,167.302238,41
568.357202,9.158963,324.403036,72.588223,0.000000,162.206980,37
560.978625,2.246350,326.772610,72.245281,2.728000,156.986384,38
538.032165,0.000000,322.319822,66.204557,5.497853,144.009933,35
544.521369,10.107583,319.789759,50.899305,1.337764,162.386958,37
529.924076,0.000000,314.797954,47.947215,8.632463,158.546444,37
557.367559,15.306030,334.722525,19.795397,0.000000,187.543607,37
534.421101,1.852667,323.771443,26.928205,0.000000,181.868786,36
544.656514,5.933049,333.375929,12.384948,8.216739,184.745849,37
546.523290,0.000000,320.884588,15.473305,0.000000,210.165397,36
550.954291,18.170597,306.696315,9.518776,9.732896,206.835707,36
530.533417,14.257721,307.760325,5.230891,0.000000,203.284480,35
574.733991,13.131648,311.115403,3.860910,0.000000,246.626030,36
585.956162,29.207055,297.905706,4.485527,0.000000,254.357874,36
595.429277,29.952460,299.404233,4.689942,0.000000,261.382642,37
597.914954,38.266320,303.451214,0.000000,0.000000,256.197420,37
576.141739,22.017881,291.350838,0.000000,0.000000,262.773020,34
593.535335,31.074314,282.200819,0.000000,0.000000,280.260202,35
606.392195,30.812840,284.042404,24.634251,0.176421,266.726279,38
580.954817,15.531587,293.145068,16.001480,0.000000,256.276682,37
573.167308,14.394429,284.836988,20.908098,0.000000,253.027793,37
590.859434,29.767074,273.022907,19.162833,20.660192,248.246428,37
574.671809,43.921631,272.075786,22.375930,12.337082,223.961380,36
595.872731,49.749392,273.210396,54.366005,0.000000,218.546938,37
622.105028,52.110431,270.872133,58.358022,0.000000,240.764442,39
640.709914,68.598775,276.618054,51.262505,0.000000,244.230580,41
681.078395,87.389316,271.035504,37.459576,0.000000,285.193999,42
682.791866,80.999709,276.399709,47.697850,18.479657,259.214941,44
635.174885,53.589468,279.228465,39.067867,0.000000,263.289085,38
626.319145,29.090317,275.981851,49.871452,0.000000,271.375525,39
626.713306,20.153854,285.492131,67.244153,0.189216,253.633952,40
614.990234,21.516666,296.779666,41.194108,0.000000,255.499794,39
614.517877,25.433772,295.571190,38.044740,3.600640,251.867535,40
628.659506,46.004876,288.525838,56.643977,0.000000,237.484815,42
643.445852,32.007982,303.957576,44.284076,0.611372,262.584846,40
648.425679,30.120463,307.096107,53.491915,0.000000,257.717194,42
636.747386,27.468411,308.752457,43.936819,0.000000,256.589699,40
653.462488,21.708731,311.429752,59.242041,17.429396,243.652568,42
675.337827,18.824697,321.872480,69.604918,0.000000,265.035732,42
664.599542,16.365477,310.167444,71.680286,16.140827,250.245508,42
635.722377,0.000000,325.945529,67.372981,3.884107,238.519760,37
631.922960,23.843937,306.400806,69.263774,0.000000,232.414443,36
618.048025,12.779420,306.786933,67.382054,2.273500,228.826118,34
604.071356,11.828252,293.670597,70.924395,0.000000,227.648112,34
616.251870,16.983990,296.448034,65.860805,1.850815,235.108226,35
631.196817,34.251692,295.238357,42.687392,7.130332,251.889044,36
630.236093,34.072951,313.950436,29.424940,17.029907,235.757859,36
615.671087,48.694841,292.953806,38.109806,4.168220,231.744414,38
651.693658,48.109086,289.133457,57.546436,3.239543,253.665136,40
657.776239,38.865100,279.439621,69.592086,13.964275,255.915157,42
640.031317,56.484967,250.102333,93.155025,0.000000,240.288992,41
634.288757,50.146168,246.787975,91.884630,12.253907,233.216077,41
631.756848,62.438459,232.199132,93.486732,0.000000,243.632525,39
628.231552,57.560744,229.617382,101.158611,0.000000,239.894815,38
619.005081,39.279968,219.934973,101.864266,0.000000,257.925874,38
666.571237,31.951121,223.913977,120.105404,5.296315,285.304420,39
664.955598,24.488405,234.939583,115.164743,0.000000,290.362867,38
671.069699,30.956130,236.235289,107.648786,0.000000,296.229494,40
667.567338,29.179907,238.607536,114.563254,1.724966,283.491675,41
673.689285,28.991691,261.044980,106.139946,8.059018,269.453650,42
679.254511,28.074307,263.995749,112.569156,5.792087,268.823212,42
657.866249,2.511669,270.038639,118.946079,10.109770,256.260092,41
672.624665,0.000000,296.471584,108.649095,13.597477,253.906509,43
665.860499,19.420775,270.800680,106.003437,15.438619,254.196988,40
669.719768,26.076621,280.401471,101.761264,0.000000,261.480412,40
654.751326,19.700776,278.871731,101.255072,9.963239,244.960508,41
654.927931,35.036776,265.400578,112.259908,0.000000,242.230669,41
677.541302,50.896657,251.244493,132.328611,4.696663,238.374878,43
655.966763,25.989260,248.557779,124.542533,0.000000,256.877191,42
653.846057,18.964867,249.037712,127.718605,8.140230,249.984643,42
639.055810,16.516090,251.411164,124.989256,29.478108,216.661192,41
645.584817,21.651854,284.132535,113.199921,13.509411,213.091096,40
647.572648,12.019205,295.708189,131.106866,0.000000,208.738388,42
662.988688,19.881077,289.826961,136.334819,1.348871,215.596960,44
671.286858,7.346779,302.821350,123.523570,6.311163,231.283996,42
688.491129,3.239543,330.279716,107.569583,0.000000,247.402287,41
688.250644,3.684842,339.719773,89.402552,8.034414,247.409063,41
709.303238,17.710290,325.829285,95.637147,0.000000,270.126516,44
715.825047,17.254407,304.980944,105.950892,0.000000,287.638804,44
714.452169,21.667500,320.486617,88.542261,11.014932,272.740859,45
719.252008,14.047906,326.422735,99.487961,15.487020,263.806386,46
716.191285,51.534125,302.554672,96.918717,0.000000,265.183771,45
741.825480,61.402278,298.298916,93.394656,6.124955,282.604675,45
734.580008,70.544538,286.914715,101.663441,0.000000,275.457314,45
748.853638,76.151410,277.103924,95.241355,25.267005,275.089944,43
678.209295,22.224061,320.016785,69.118770,2.820594,264.029085,38
679.576811,34.279290,323.526588,44.625126,8.860873,268.284934,36
646.592422,0.000000,317.307106,67.323935,0.000000,261.961381,34
642.343898,16.943211,305.341152,54.307323,0.000000,265.752212,35
629.049129,13.094595,294.876722,57.151007,62.120305,201.806500,34
577.454933,24.717389,339.691829,12.391819,8.992037,191.661859,30
562.241834,27.089510,344.801301,0.000000,0.000000,190.351023,30
574.383130,34.288790,341.675560,17.625346,1.056450,179.736984,32
546.391667,22.273841,332.293192,0.000000,25.563205,166.261429,30
523.493801,33.167773,315.926394,8.810692,0.000000,165.588942,27
522.224578,34.779792,315.565672,8.441714,0.000000,163.437400,25
535.531271,42.191540,316.185365,1.177353,6.118532,169.858481,26
534.882870,23.693509,316.067526,19.660141,0.000000,175.461694,27
534.587282,24.616075,314.190247,14.438199,9.020717,172.322044,28
526.956958,27.455735,330.951529,7.034111,9.379373,152.136210,27
529.719288,26.166966,325.333141,32.754844,5.714715,139.749622,28
481.926051,3.874757,312.437389,31.692466,0.000000,133.921439,25
491.564455,9.203758,313.517265,34.891140,15.408489,118.543803,26
478.863042,17.560891,318.080436,32.860234,0.000000,110.361481,27
521.014206,38.062760,309.861118,55.759343,8.680132,108.650853,34
481.674701,7.267207,315.642085,46.066468,7.706540,104.992401,32
479.840581,9.091000,317.969960,48.348214,14.851807,89.579600,31
454.044942,15.831992,311.869589,33.617227,13.477695,79.248439,32
465.837986,17.179378,324.587746,50.565592,14.318820,59.186450,35
453.025378,6.353084,323.015742,49.966629,17.242398,56.447525,36
486.562217,1.056450,314.656364,68.751811,0.000000,102.097592,35
502.279945,2.554702,340.107069,51.899787,9.548238,98.170149,37
507.486744,11.374884,333.732685,71.024723,0.000000,91.354452,38
527.695989,6.670403,352.579389,52.775523,0.000000,115.670674,39
560.404012,35.124066,330.626002,58.557449,1.310525,134.785970,41
533.405787,20.422873,341.419200,40.009033,15.168473,116.386208,40
536.474764,41.332571,303.925158,46.257103,23.780650,121.179282,37
509.666746,31.942015,316.576034,41.922906,11.629178,107.596613,35
509.704065,34.572023,316.628898,33.420170,0.000000,125.082974,34
510.389710,30.367248,321.033021,33.180298,0.000000,125.809143,35
509.297597,33.903327,354.831330,0.000000,6.970324,113.592616,35
511.013701,36.981338,370.188124,0.000000,16.662956,87.181283,36
499.450868,37.867042,359.180631,10.570924,29.046385,62.785886,37
481.794631,44.794248,350.503919,27.053727,0.000000,59.442737,36
472.177578,39.712000,359.085940,21.087080,16.723079,35.569479,34
474.504977,46.737503,349.379313,42.418794,15.221912,20.747455,35
470.376932,36.086741,371.559217,29.294607,0.000000,33.436367,34
474.788243,29.557652,377.092262,25.815664,5.286185,37.036480,34
453.773501,19.053885,362.483188,30.284322,3.395156,38.556950,34
437.914261,33.005907,343.820851,15.509446,0.390066,45.187991,33
449.549790,40.915150,337.303907,28.080624,4.883507,38.366602,33
434.415982,31.895714,332.435083,32.168962,13.409095,24.507128,33
390.381594,22.120875,327.720366,23.766799,9.824096,6.949458,29
406.616535,2.004561,359.306700,36.793967,0.000000,8.511307,32
420.058085,13.753547,367.206461,23.850315,0.000000,15.247762,34
421.442119,16.010723,366.233154,20.407827,9.940125,8.850290,32
413.668304,10.321613,362.500424,32.609359,0.000000,8.236908,31
426.377511,26.132146,352.946371,32.897865,0.381397,14.019732,32
445.349730,26.212058,344.799673,48.745697,11.542103,14.050199,34
458.413302,35.968361,333.478159,69.384268,19.582514,0.000000,37
459.711523,56.960948,348.126525,45.463661,0.000000,9.160389,37
456.812783,63.090132,341.665115,47.949804,0.000000,4.107732,38
452.881592,68.206688,334.301833,44.681583,0.000000,5.691488,39
452.442365,69.808617,333.949843,41.971633,0.000000,6.712272,40
451.843400,74.463302,326.135600,45.885384,0.000000,5.359114,41
451.588943,76.791536,343.797976,23.011198,1.224156,6.764077,42
421.266012,44.594747,346.395132,21.200211,0.000000,9.075922,39
419.083674,41.711342,343.647723,31.072969,1.678169,0.973471,40
387.796986,8.598491,342.217935,26.759931,0.000000,10.220629,40
379.870987,11.797171,320.820438,31.621446,15.631932,0.000000,41
386.522875,0.000000,324.898142,49.186231,0.000000,12.438502,42
395.578994,5.992050,319.439318,50.404861,0.000000,19.742765,43
400.849415,18.983677,306.598349,54.064436,21.202953,0.000000,42
394.067415,3.720799,335.546052,29.170363,13.072196,12.558005,41
384.888999,19.693550,321.840481,34.391326,0.001000,8.962642,39
392.933754,22.767629,315.540226,33.197487,0.000000,21.428412,41
425.365895,20.772598,313.798804,60.268394,22.668348,7.857751,45
412.901321,21.998306,306.024561,61.174555,7.160405,16.543494,45
417.781738,22.370900,301.859685,70.162541,0.000000,23.388612,47
413.357589,23.255626,298.961447,73.910694,0.000000,17.229822,47
405.240542,6.588883,310.033914,60.324011,0.000000,28.293734,45
411.926686,13.818944,320.223357,49.470779,22.341784,6.071822,46
402.512661,59.090237,283.433952,45.643428,14.345044,0.000000,44
404.683677,50.593853,287.154713,60.200090,0.000000,6.735021,44
439.249570,61.939459,277.286104,59.583081,16.274307,24.166619,45
414.330779,38.789415,297.663918,47.702584,0.000000,30.174862,42
433.265453,40.573851,297.105314,83.875765,2.105328,9.605195,46
418.329533,43.648629,279.837375,82.300484,0.000000,12.543045,46
425.236020,34.907384,291.996400,81.460348,0.000000,16.871888,48
431.944698,40.159820,292.463056,76.177789,0.024335,23.119698,48
419.125246,38.690716,291.316817,64.934493,0.000000,24.183220,46
414.627213,45.105748,280.497852,62.572715,0.000000,26.450898,45
434.030905,47.253378,279.098121,78.957114,0.604655,28.117637,46
427.345867,59.743150,265.930099,75.606617,0.282662,25.783339,46
427.713083,77.081212,254.643287,75.814539,0.000000,20.174045,46
445.330271,88.143456,248.629633,93.709711,2.990033,11.857438,50
448.062310,99.501234,236.989552,98.414831,0.639234,12.517459,49
454.547975,97.262073,236.542756,112.616772,0.000000,8.126374,51
445.799729,84.457201,235.791839,115.642176,0.000000,9.908513,51
421.222984,63.045549,232.880879,109.015831,0.000000,16.280725,49
422.519252,66.868205,245.951202,95.649081,0.000000,14.050764,50
427.245477,57.174382,250.895087,93.166416,0.000000,26.009592,52
427.891319,62.621033,242.111067,99.569040,7.739357,15.850822,54
429.245405,57.641828,245.265397,109.879455,5.198493,11.260232,54
404.958716,37.332245,255.675434,98.624171,0.000000,13.326866,51
426.122995,32.545445,255.554348,99.938611,3.410887,34.673704,51
411.433505,15.698463,263.220654,93.842022,15.208576,23.463790,50
411.136412,78.646458,220.988180,85.711579,0.000000,25.790195,51
440.209048,82.578698,226.616986,87.761483,6.080126,37.171755,52
438.943696,80.818251,226.491077,98.675945,0.000000,32.958423,52
423.804571,71.009778,228.391925,99.143614,0.000000,25.259254,50
421.697576,57.277559,212.304016,122.184587,0.000000,29.931414,52
432.395002,53.774406,213.518669,122.170790,0.000000,42.931137,53
434.614003,38.212699,227.114805,134.494235,0.000000,34.792264,55
442.213847,28.107562,225.286464,140.177548,0.000000,48.642273,54
450.146861,42.918488,222.705669,133.571607,0.000000,50.951097,55
446.080856,33.474096,225.308010,130.164591,0.000000,57.134159,54
423.161115,16.705432,232.886116,113.472373,0.000000,60.097194,52
430.860451,12.354008,236.417792,113.241038,0.000000,68.847613,53
422.330275,14.605695,234.609778,103.906177,0.000000,69.208625,53
453.753162,14.029754,259.559793,86.247659,3.595218,90.320738,52
476.370622,23.440560,250.696313,117.251447,0.000000,84.982302,52
477.263284,28.679535,243.818160,113.749638,0.000000,91.015951,51
485.819298,23.096067,252.481871,134.413834,0.000000,75.827526,52
488.345088,27.083775,246.874245,132.282161,9.119509,72.985398,52
500.442327,24.762806,278.251584,104.094332,0.000000,93.333605,51
526.964031,35.039974,268.606124,114.334470,0.000000,108.983463,53
547.534644,36.033058,270.649097,110.749339,0.000000,130.103150,53
538.142171,15.976074,272.267787,121.057766,0.000000,128.840544,52
548.238423,14.847471,273.930721,118.045506,0.000000,141.414725,51
560.673152,15.466945,274.006702,125.066906,2.396594,143.736005,53
541.855152,15.089044,265.504187,106.701391,0.000000,154.560530,51
562.198171,3.196399,276.965333,102.363924,0.000000,179.672515,49
577.407123,6.712114,273.849365,99.096614,0.000000,197.749030,49
587.280003,9.568611,275.369398,94.833685,2.378121,205.130188,48
583.461004,6.393403,256.608719,86.959334,9.308925,224.190623,44
602.324345,5.404980,281.554228,89.407385,0.000000,225.957752,46
607.656098,4.745087,298.843512,79.499959,0.000000,224.567540,46
628.455289,11.026596,292.427844,94.852426,0.000000,230.148423,47
627.207110,26.091925,271.892536,99.786798,0.000000,229.435851,47
629.990907,26.885879,286.168761,84.334452,0.385576,232.216239,48
648.034398,23.463790,280.856429,86.273331,7.302901,250.137947,49
668.053710,16.329357,277.761749,95.680475,0.000000,278.282129,48
647.621315,0.000000,271.036332,101.669864,0.000000,274.915119,47
648.187661,0.000000,268.222986,106.046199,0.000000,273.918476,47
659.030479,0.000000,282.810721,92.576307,0.000000,283.643451,48
654.364638,0.000000,289.262240,84.268116,2.628942,278.205340,48
652.958420,0.329992,309.372250,61.154326,0.000000,282.101852,47
670.141378,4.900908,312.517514,80.971604,48.112581,223.638771,50
641.740133,14.519397,284.765508,118.378347,0.457575,223.619306,45
645.946085,6.540237,290.004244,115.443711,0.000000,233.957893,45
653.187268,6.861951,294.270068,119.904437,20.148182,212.002630,45
650.573687,13.036233,289.191320,136.923156,0.000000,211.422978,45
654.041148,3.595218,298.082249,159.365807,0.000000,192.997874,45
655.808177,22.926322,293.391087,148.464247,5.228614,185.797907,46
657.663701,17.763554,300.587055,172.216085,0.000000,167.097007,47
654.052710,34.026857,284.370539,164.041664,0.000000,171.613650,48
646.988416,28.551551,290.811071,164.777035,3.415293,159.433466,49
653.390952,31.807334,312.155256,150.779324,15.674971,142.974067,50
636.393677,15.275017,317.127365,163.900153,1.573007,138.518135,48
620.018056,9.119509,340.607064,132.719320,0.000000,137.572163,47
607.384768,11.154508,323.901869,134.443359,0.000000,137.885032,47
604.229532,8.414793,313.477007,127.970323,4.647660,149.719749,45
584.455855,0.000000,310.229234,127.879370,0.807371,145.539880,43
579.124610,0.941303,313.926337,119.646242,0.000000,144.610728,42
584.674043,9.552284,344.271204,89.455945,11.133148,130.261462,42
574.770536,0.000000,343.691510,100.433582,0.000000,130.645444,40
577.088856,0.000000,354.752002,97.498228,0.000000,124.838626,40
588.021885,15.838610,343.432055,117.884627,0.000000,110.866593,42
559.519503,7.916875,332.623214,110.486478,0.000000,108.492936,41
618.616962,9.193629,328.128070,108.240313,0.000000,173.054950,42
609.534018,7.647295,322.053782,107.442716,0.000000,172.390225,43
593.884190,10.009574,306.764754,106.499409,3.760022,166.850431,41
600.048299,0.000000,305.947248,105.990828,0.000000,188.110223,40
615.157634,10.136875,295.374603,95.617163,0.000000,214.028993,39
616.532765,1.049442,321.703650,71.980438,7.678332,214.120903,38
634.565714,0.000000,356.897019,47.287052,3.883396,226.498247,39
634.873766,2.137538,356.517066,62.411933,20.812804,192.994425,40
604.268171,18.405351,308.762529,77.462813,0.000000,199.637478,37
623.948531,15.751796,306.401474,82.730515,0.000000,219.064746,40
615.670029,31.503017,282.442249,87.308200,0.000000,214.416563,41
622.089112,43.274541,267.854345,86.667992,3.101248,221.190986,42
605.061961,59.253761,271.565069,56.831650,0.000000,217.411481,43
614.778664,50.677775,264.910006,67.216515,28.789478,203.184890,42
587.684670,65.652198,255.617153,67.070904,0.000000,199.344415,41
652.253148,64.389538,248.771639,73.349738,0.000000,265.742233,45
644.748945,54.502325,239.654885,72.353779,4.025365,274.212591,44
656.835354,77.770138,229.079433,71.585960,10.702248,267.697575,46
641.876756,74.353307,235.012144,69.811601,0.000000,262.699704,46
625.224854,64.297203,248.880851,57.567144,0.000000,254.479656,45
627.516899,65.968707,243.822983,51.126296,0.000000,266.598913,45
648.123242,59.714754,244.491493,60.421328,29.476214,254.019453,47
607.168780,51.547405,217.175059,80.038910,0.000000,258.407406,42
653.011546,42.650198,218.563551,78.634434,0.000000,313.163363,43
677.297696,35.227065,207.492162,89.421896,0.000000,345.156573,42
657.278317,23.857716,204.903292,92.185558,0.000000,336.331751,41
683.602167,20.893904,211.946248,119.068370,0.000000,331.693645,45
713.610850,17.160352,228.794722,154.526071,0.000000,313.129705,49
711.448668,14.106561,235.531702,156.210729,0.000000,305.599676,49
731.838845,21.572349,235.167364,157.921729,11.147686,306.029717,49
740.116161,31.075419,230.381643,170.944440,0.000000,307.714659,49
743.684598,31.072754,234.792196,168.382447,0.000000,309.437201,49
743.343601,33.263292,236.308556,170.713235,0.000000,303.058518,50
744.046674,41.518029,254.148106,165.314560,5.445209,277.620770,50
751.287086,78.244548,232.647023,151.059609,23.524043,265.811863,49
721.469554,75.291574,227.393812,145.096845,0.081421,273.605902,47
723.856663,67.563455,228.096434,148.540907,6.599837,273.056030,47
754.661849,78.250613,222.066774,166.709535,8.636738,278.998189,48
744.436471,73.348738,248.144494,145.996766,18.084805,258.861668,46
751.396494,70.248490,252.642493,165.268228,0.000000,263.237283,47
779.314258,58.458169,253.879623,180.484335,0.000000,286.492131,46
804.793289,64.326224,246.483788,190.340673,0.000000,303.642604,47
798.797930,61.780516,264.505379,175.599374,11.733726,285.178935,48
748.912503,21.053918,282.866326,149.146403,0.000000,295.845856,41
751.274625,22.368467,272.971320,162.085200,1.802699,292.046939,40
684.203025,12.607732,230.890404,148.329030,0.000000,292.375859,35
680.628136,13.201771,246.666728,129.907706,5.158379,285.693552,35
680.961029,12.540160,261.282569,116.821831,0.000000,290.316469,35
682.490482,13.799872,257.583326,111.869775,0.000000,299.237509,36
684.694453,8.394906,250.219530,118.521047,1.636721,305.922249,37
711.212319,13.724385,248.035133,120.423510,0.000000,329.029291,38
730.208919,14.871312,249.060533,123.091982,0.000000,343.185092,38
730.317202,12.831058,252.757462,116.571763,0.000000,348.156919,38
751.419641,12.291348,259.258954,104.203668,17.355725,358.309946,37
765.761618,23.954096,260.415204,113.705910,0.000000,367.686408,37
766.366531,29.957946,260.259928,103.599784,18.968553,353.580320,37
768.660140,28.371356,241.532533,126.157920,17.038779,355.559552,36
759.118416,27.540464,237.573860,138.706005,0.000000,355.298087,36
741.504021,36.650682,209.394057,138.032133,0.000000,357.427149,36
741.849760,37.647991,201.727568,138.243529,0.000000,364.230672,36
746.975480,41.380659,202.703381,135.239144,8.473435,359.178861,36
751.258122,51.871291,211.433372,128.436428,0.142830,359.374201,37
749.590682,49.669977,204.801440,128.128565,0.000000,366.990700,37
746.802565,53.537692,215.914987,109.979451,7.692538,359.677897,37
753.300818,37.839669,223.174273,122.475794,4.225000,365.586082,39
753.621161,43.164430,263.162976,79.339114,0.000000,367.954641,40
762.443877,52.877218,267.913982,60.200711,9.260637,372.191329,40
739.759508,44.335049,257.796379,73.142292,0.000000,364.485788,40
741.532643,49.489706,274.706311,52.899809,0.000000,364.436817,41
688.276558,23.770461,256.917897,44.998750,0.000000,362.589450,37
